Date,Open,High,Low,Close,Volume,Dividends,Stock Splits
2014-10-16 00:00:00+08:00,33.45042037963867,33.49121408321939,32.634555920867776,33.45042037963867,11325,0.0,0.0
2014-10-17 00:00:00+08:00,31.002832412719727,32.63455824203876,31.002832412719727,31.002832412719727,13385,0.0,0.0
2014-10-20 00:00:00+08:00,31.410764694213867,31.410764694213867,31.166005646937784,31.410764694213867,7206,0.0,0.0
2014-10-21 00:00:00+08:00,31.410764694213867,31.410764694213867,31.410764694213867,31.410764694213867,0,0.0,0.0
2014-10-22 00:00:00+08:00,31.655513763427734,31.655513763427734,31.639197566846175,31.655513763427734,6177,0.0,0.0
2014-10-23 00:00:00+08:00,31.166004180908203,31.410763216670972,31.002832558493495,31.166004180908203,8236,0.0,0.0
2014-10-24 00:00:00+08:00,31.166004180908203,31.166004180908203,31.166004180908203,31.166004180908203,0,0.0,0.0
2014-10-27 00:00:00+08:00,32.24294662475586,32.24294662475586,32.20215611896457,32.24294662475586,3294,0.0,0.0
2014-10-28 00:00:00+08:00,31.410764694213867,31.410764694213867,31.002834016847583,31.410764694213867,3088,0.0,0.0
2014-10-29 00:00:00+08:00,31.166004180908203,31.166004180908203,31.166004180908203,31.166004180908203,2059,0.0,0.0
2014-10-30 00:00:00+08:00,31.002832412719727,31.002832412719727,31.002832412719727,31.002832412719727,4118,0.0,0.0
2014-10-31 00:00:00+08:00,31.24759292602539,31.24759292602539,31.24759292602539,31.24759292602539,3088,0.0,0.0
2014-11-03 00:00:00+08:00,31.24759292602539,31.24759292602539,31.24759292602539,31.24759292602539,2059,0.0,0.0
2014-11-04 00:00:00+08:00,31.24759292602539,31.24759292602539,31.24759292602539,31.24759292602539,51,0.0,0.0
2014-11-05 00:00:00+08:00,31.24759292602539,31.24759292602539,31.24759292602539,31.24759292602539,0,0.0,0.0
2014-11-06 00:00:00+08:00,31.24759292602539,31.24759292602539,31.24759292602539,31.24759292602539,6177,0.0,0.0
2014-11-07 00:00:00+08:00,31.24759292602539,31.24759292602539,31.24759292602539,31.24759292602539,0,0.0,0.0
2014-11-10 00:00:00+08:00,31.24759292602539,31.24759292602539,31.24759292602539,31.24759292602539,0,0.0,0.0
2014-11-11 00:00:00+08:00,31.24759292602539,31.24759292602539,31.24759292602539,31.24759292602539,0,0.0,0.0
2014-11-12 00:00:00+08:00,31.002832412719727,31.002832412719727,31.002832412719727,31.002832412719727,1029,0.0,0.0
2014-11-13 00:00:00+08:00,31.002832412719727,31.002832412719727,31.002832412719727,31.002832412719727,1029,0.0,0.0
2014-11-14 00:00:00+08:00,31.002832412719727,31.002832412719727,31.002832412719727,31.002832412719727,0,0.0,0.0
2014-11-17 00:00:00+08:00,31.002832412719727,31.002832412719727,31.002832412719727,31.002832412719727,0,0.0,0.0
2014-11-18 00:00:00+08:00,31.002832412719727,31.002832412719727,31.002832412719727,31.002832412719727,3088,0.0,0.0
2014-11-19 00:00:00+08:00,31.002832412719727,31.002832412719727,31.002832412719727,31.002832412719727,0,0.0,0.0
2014-11-20 00:00:00+08:00,31.002832412719727,31.002832412719727,31.002832412719727,31.002832412719727,0,0.0,0.0
2014-11-21 00:00:00+08:00,31.002832412719727,31.002832412719727,31.002832412719727,31.002832412719727,0,0.0,0.0
2014-11-24 00:00:00+08:00,31.002832412719727,31.002832412719727,31.002832412719727,31.002832412719727,0,0.0,0.0
2014-11-25 00:00:00+08:00,31.002832412719727,31.002832412719727,31.002832412719727,31.002832412719727,0,0.0,0.0
2014-11-26 00:00:00+08:00,31.002832412719727,31.002832412719727,31.002832412719727,31.002832412719727,0,0.0,0.0
2014-11-27 00:00:00+08:00,31.002832412719727,31.002832412719727,31.002832412719727,31.002832412719727,0,0.0,0.0
2014-11-28 00:00:00+08:00,31.002832412719727,31.002832412719727,31.002832412719727,31.002832412719727,0,0.0,0.0
2014-12-01 00:00:00+08:00,31.002832412719727,31.002832412719727,31.002832412719727,31.002832412719727,0,0.0,0.0
2014-12-02 00:00:00+08:00,31.002832412719727,31.002832412719727,31.002832412719727,31.002832412719727,0,0.0,0.0
2014-12-03 00:00:00+08:00,31.002832412719727,31.002832412719727,31.002832412719727,31.002832412719727,0,0.0,0.0
2014-12-04 00:00:00+08:00,31.002832412719727,31.002832412719727,31.002832412719727,31.002832412719727,0,0.0,0.0
2014-12-05 00:00:00+08:00,31.002832412719727,31.002832412719727,31.002832412719727,31.002832412719727,0,0.0,0.0
2014-12-08 00:00:00+08:00,31.002832412719727,31.002832412719727,31.002832412719727,31.002832412719727,0,0.0,0.0
2014-12-09 00:00:00+08:00,31.002832412719727,31.002832412719727,31.002832412719727,31.002832412719727,0,0.0,0.0
2014-12-10 00:00:00+08:00,31.002832412719727,31.002832412719727,31.002832412719727,31.002832412719727,0,0.0,0.0
2014-12-11 00:00:00+08:00,31.002832412719727,31.002832412719727,31.002832412719727,31.002832412719727,0,0.0,0.0
2014-12-12 00:00:00+08:00,31.410764694213867,31.410764694213867,31.410764694213867,31.410764694213867,2059,0.0,0.0
2014-12-15 00:00:00+08:00,31.410764694213867,31.410764694213867,31.410764694213867,31.410764694213867,0,0.0,0.0
2014-12-16 00:00:00+08:00,31.410764694213867,31.410764694213867,31.410764694213867,31.410764694213867,0,0.0,0.0
2014-12-17 00:00:00+08:00,31.410764694213867,31.410764694213867,31.410764694213867,31.410764694213867,0,0.0,0.0
2014-12-18 00:00:00+08:00,31.410764694213867,31.410764694213867,31.410764694213867,31.410764694213867,0,0.0,0.0
2014-12-19 00:00:00+08:00,31.410764694213867,31.410764694213867,31.410764694213867,31.410764694213867,0,0.0,0.0
2014-12-22 00:00:00+08:00,31.410764694213867,31.410764694213867,31.410764694213867,31.410764694213867,0,0.0,0.0
2014-12-23 00:00:00+08:00,31.410764694213867,31.410764694213867,31.410764694213867,31.410764694213867,0,0.0,0.0
2014-12-24 00:00:00+08:00,29.84430503845215,29.84430503845215,29.84430503845215,29.84430503845215,1029,0.0,0.0
2014-12-25 00:00:00+08:00,29.84430503845215,29.84430503845215,29.84430503845215,29.84430503845215,0,0.0,0.0
2014-12-26 00:00:00+08:00,29.84430503845215,29.84430503845215,29.84430503845215,29.84430503845215,0,0.0,0.0
2014-12-29 00:00:00+08:00,31.410764694213867,31.410764694213867,31.410764694213867,31.410764694213867,1029,0.0,0.0
2014-12-30 00:00:00+08:00,31.410764694213867,31.410764694213867,31.410764694213867,31.410764694213867,0,0.0,0.0
2014-12-31 00:00:00+08:00,29.84430503845215,29.84430503845215,29.84430503845215,29.84430503845215,1029,0.0,0.0
2015-01-05 00:00:00+08:00,29.84430503845215,29.84430503845215,29.84430503845215,29.84430503845215,0,0.0,0.0
2015-01-06 00:00:00+08:00,31.410764694213867,31.410764694213867,31.410764694213867,31.410764694213867,1029,0.0,0.0
2015-01-07 00:00:00+08:00,31.410764694213867,31.410764694213867,31.410764694213867,31.410764694213867,0,0.0,0.0
2015-01-08 00:00:00+08:00,31.410764694213867,31.410764694213867,31.410764694213867,31.410764694213867,0,0.0,0.0
2015-01-09 00:00:00+08:00,31.410764694213867,31.410764694213867,31.410764694213867,31.410764694213867,0,0.0,0.0
2015-01-12 00:00:00+08:00,31.410764694213867,31.410764694213867,31.410764694213867,31.410764694213867,3088,0.0,0.0
2015-01-13 00:00:00+08:00,31.410764694213867,31.410764694213867,31.410764694213867,31.410764694213867,0,0.0,0.0
2015-01-14 00:00:00+08:00,31.410764694213867,31.410764694213867,31.410764694213867,31.410764694213867,3088,0.0,0.0
2015-01-15 00:00:00+08:00,31.410764694213867,31.410764694213867,31.410764694213867,31.410764694213867,0,0.0,0.0
2015-01-16 00:00:00+08:00,31.410764694213867,31.410764694213867,31.410764694213867,31.410764694213867,0,0.0,0.0
2015-01-19 00:00:00+08:00,31.410764694213867,31.410764694213867,31.410764694213867,31.410764694213867,1029,0.0,0.0
2015-01-20 00:00:00+08:00,31.410764694213867,31.410764694213867,31.410764694213867,31.410764694213867,0,0.0,0.0
2015-01-21 00:00:00+08:00,31.410764694213867,31.410764694213867,31.410764694213867,31.410764694213867,0,0.0,0.0
2015-01-22 00:00:00+08:00,31.410764694213867,31.410764694213867,31.410764694213867,31.410764694213867,0,0.0,0.0
2015-01-23 00:00:00+08:00,31.410764694213867,31.410764694213867,31.410764694213867,31.410764694213867,0,0.0,0.0
2015-01-26 00:00:00+08:00,31.410764694213867,31.410764694213867,31.410764694213867,31.410764694213867,0,0.0,0.0
2015-01-27 00:00:00+08:00,31.410764694213867,31.410764694213867,31.410764694213867,31.410764694213867,0,0.0,0.0
2015-01-28 00:00:00+08:00,31.410764694213867,31.410764694213867,31.410764694213867,31.410764694213867,0,0.0,0.0
2015-01-29 00:00:00+08:00,31.410764694213867,31.410764694213867,31.410764694213867,31.410764694213867,0,0.0,0.0
2015-01-30 00:00:00+08:00,31.410764694213867,31.410764694213867,31.410764694213867,31.410764694213867,0,0.0,0.0
2015-02-02 00:00:00+08:00,31.410764694213867,31.410764694213867,31.410764694213867,31.410764694213867,0,0.0,0.0
2015-02-03 00:00:00+08:00,31.410764694213867,31.410764694213867,31.410764694213867,31.410764694213867,0,0.0,0.0
2015-02-04 00:00:00+08:00,31.410764694213867,31.410764694213867,31.410764694213867,31.410764694213867,0,0.0,0.0
2015-02-05 00:00:00+08:00,31.410764694213867,31.410764694213867,31.410764694213867,31.410764694213867,0,0.0,0.0
2015-02-06 00:00:00+08:00,31.410764694213867,31.410764694213867,31.410764694213867,31.410764694213867,0,0.0,0.0
2015-02-09 00:00:00+08:00,31.410764694213867,31.410764694213867,31.410764694213867,31.410764694213867,0,0.0,0.0
2015-02-10 00:00:00+08:00,31.410764694213867,31.410764694213867,31.410764694213867,31.410764694213867,0,0.0,0.0
2015-02-11 00:00:00+08:00,31.410764694213867,31.410764694213867,31.410764694213867,31.410764694213867,0,0.0,0.0
2015-02-12 00:00:00+08:00,31.410764694213867,31.410764694213867,31.410764694213867,31.410764694213867,0,0.0,0.0
2015-02-13 00:00:00+08:00,31.410764694213867,31.410764694213867,31.410764694213867,31.410764694213867,0,0.0,0.0
2015-02-24 00:00:00+08:00,31.410764694213867,31.410764694213867,31.410764694213867,31.410764694213867,0,0.0,0.0
2015-02-25 00:00:00+08:00,31.410764694213867,31.410764694213867,31.410764694213867,31.410764694213867,0,0.0,0.0
2015-02-26 00:00:00+08:00,31.410764694213867,31.410764694213867,31.410764694213867,31.410764694213867,0,0.0,0.0
2015-03-02 00:00:00+08:00,31.410764694213867,31.410764694213867,31.410764694213867,31.410764694213867,0,0.0,0.0
2015-03-03 00:00:00+08:00,31.410764694213867,31.410764694213867,31.410764694213867,31.410764694213867,0,0.0,0.0
2015-03-04 00:00:00+08:00,31.410764694213867,31.410764694213867,31.410764694213867,31.410764694213867,0,0.0,0.0
2015-03-05 00:00:00+08:00,31.410764694213867,31.410764694213867,31.410764694213867,31.410764694213867,0,0.0,0.0
2015-03-06 00:00:00+08:00,31.410764694213867,31.410764694213867,31.410764694213867,31.410764694213867,1029,0.0,0.0
2015-03-09 00:00:00+08:00,31.410764694213867,31.410764694213867,31.410764694213867,31.410764694213867,0,0.0,0.0
2015-03-10 00:00:00+08:00,31.410764694213867,31.410764694213867,31.410764694213867,31.410764694213867,0,0.0,0.0
2015-03-11 00:00:00+08:00,31.410764694213867,31.410764694213867,31.410764694213867,31.410764694213867,0,0.0,0.0
2015-03-12 00:00:00+08:00,31.410764694213867,31.410764694213867,31.410764694213867,31.410764694213867,0,0.0,0.0
2015-03-13 00:00:00+08:00,31.410764694213867,31.410764694213867,31.410764694213867,31.410764694213867,0,0.0,0.0
2015-03-16 00:00:00+08:00,31.410764694213867,31.410764694213867,31.410764694213867,31.410764694213867,0,0.0,0.0
2015-03-17 00:00:00+08:00,31.410764694213867,31.410764694213867,31.410764694213867,31.410764694213867,1029,0.0,0.0
2015-03-18 00:00:00+08:00,31.410764694213867,31.410764694213867,31.410764694213867,31.410764694213867,0,0.0,0.0
2015-03-19 00:00:00+08:00,31.410764694213867,31.410764694213867,31.410764694213867,31.410764694213867,0,0.0,0.0
2015-03-20 00:00:00+08:00,31.410764694213867,31.410764694213867,31.410764694213867,31.410764694213867,0,0.0,0.0
2015-03-23 00:00:00+08:00,31.410764694213867,31.410764694213867,31.410764694213867,31.410764694213867,0,0.0,0.0
2015-03-24 00:00:00+08:00,31.410764694213867,31.410764694213867,31.410764694213867,31.410764694213867,0,0.0,0.0
2015-03-25 00:00:00+08:00,31.410764694213867,31.410764694213867,31.410764694213867,31.410764694213867,0,0.0,0.0
2015-03-26 00:00:00+08:00,31.410764694213867,31.410764694213867,31.410764694213867,31.410764694213867,0,0.0,0.0
2015-03-27 00:00:00+08:00,31.410764694213867,31.410764694213867,31.410764694213867,31.410764694213867,0,0.0,0.0
2015-03-30 00:00:00+08:00,31.410764694213867,31.410764694213867,31.410764694213867,31.410764694213867,1029,0.0,0.0
2015-03-31 00:00:00+08:00,31.410764694213867,31.410764694213867,31.410764694213867,31.410764694213867,1029,0.0,0.0
2015-04-01 00:00:00+08:00,31.410764694213867,31.410764694213867,31.410764694213867,31.410764694213867,1029,0.0,0.0
2015-04-02 00:00:00+08:00,31.410764694213867,31.410764694213867,31.410764694213867,31.410764694213867,0,0.0,0.0
2015-04-07 00:00:00+08:00,31.410764694213867,31.410764694213867,31.410764694213867,31.410764694213867,2059,0.0,0.0
2015-04-08 00:00:00+08:00,31.410764694213867,31.410764694213867,31.410764694213867,31.410764694213867,6177,0.0,0.0
2015-04-09 00:00:00+08:00,31.002832412719727,31.573937894908013,31.002832412719727,31.002832412719727,9266,0.0,0.0
2015-04-10 00:00:00+08:00,31.818695068359375,31.818695068359375,31.818695068359375,31.818695068359375,205,0.0,0.0
2015-04-13 00:00:00+08:00,31.818695068359375,31.818695068359375,31.818695068359375,31.818695068359375,0,0.0,0.0
2015-04-14 00:00:00+08:00,31.818695068359375,31.818695068359375,31.818695068359375,31.818695068359375,0,0.0,0.0
2015-04-15 00:00:00+08:00,31.24759292602539,31.24759292602539,31.002833879831016,31.24759292602539,8236,0.0,0.0
2015-04-16 00:00:00+08:00,31.24759292602539,31.24759292602539,31.24759292602539,31.24759292602539,0,0.0,0.0
2015-04-17 00:00:00+08:00,31.24759292602539,31.24759292602539,31.24759292602539,31.24759292602539,0,0.0,0.0
2015-04-20 00:00:00+08:00,31.24759292602539,31.24759292602539,31.24759292602539,31.24759292602539,0,0.0,0.0
2015-04-21 00:00:00+08:00,31.166004180908203,31.166004180908203,31.166004180908203,31.166004180908203,1029,0.0,0.0
2015-04-22 00:00:00+08:00,31.166004180908203,31.166004180908203,31.166004180908203,31.166004180908203,0,0.0,0.0
2015-04-23 00:00:00+08:00,31.002832412719727,31.24759144733165,31.002832412719727,31.002832412719727,7206,0.0,0.0
2015-04-24 00:00:00+08:00,31.002832412719727,31.002832412719727,31.002832412719727,31.002832412719727,0,0.0,0.0
2015-04-27 00:00:00+08:00,31.002832412719727,31.002832412719727,31.002832412719727,31.002832412719727,3088,0.0,0.0
2015-04-28 00:00:00+08:00,31.002832412719727,31.002832412719727,31.002832412719727,31.002832412719727,0,0.0,0.0
2015-04-29 00:00:00+08:00,30.594894409179688,30.594894409179688,30.594894409179688,30.594894409179688,1029,0.0,0.0
2015-04-30 00:00:00+08:00,31.410764694213867,31.410764694213867,31.410764694213867,31.410764694213867,1,0.0,0.0
2015-05-04 00:00:00+08:00,31.2067928314209,31.2067928314209,31.08441493550803,31.2067928314209,193557,0.0,0.0
2015-05-05 00:00:00+08:00,31.2067928314209,31.2067928314209,31.2067928314209,31.2067928314209,0,0.0,0.0
2015-05-06 00:00:00+08:00,31.2067928314209,31.2067928314209,31.2067928314209,31.2067928314209,0,0.0,0.0
2015-05-07 00:00:00+08:00,31.14968490600586,31.14968490600586,31.14968490600586,31.14968490600586,1029,0.0,0.0
2015-05-08 00:00:00+08:00,30.83966064453125,31.16600388627553,30.83966064453125,30.83966064453125,6177,0.0,0.0
2015-05-11 00:00:00+08:00,30.594894409179688,30.594894409179688,30.594894409179688,30.594894409179688,2059,0.0,0.0
2015-05-12 00:00:00+08:00,30.594894409179688,30.594894409179688,30.594894409179688,30.594894409179688,3088,0.0,0.0
2015-05-13 00:00:00+08:00,30.594894409179688,30.594894409179688,30.594894409179688,30.594894409179688,0,0.0,0.0
2015-05-14 00:00:00+08:00,30.594894409179688,30.594894409179688,30.594894409179688,30.594894409179688,0,0.0,0.0
2015-05-15 00:00:00+08:00,31.002832412719727,31.002832412719727,30.59489855217892,31.002832412719727,12560,0.0,0.0
2015-05-18 00:00:00+08:00,31.002832412719727,31.002832412719727,31.002832412719727,31.002832412719727,0,0.0,0.0
2015-05-19 00:00:00+08:00,31.002832412719727,31.002832412719727,31.002832412719727,31.002832412719727,0,0.0,0.0
2015-05-20 00:00:00+08:00,31.002832412719727,31.002832412719727,31.002832412719727,31.002832412719727,0,0.0,0.0
2015-05-21 00:00:00+08:00,31.002832412719727,31.002832412719727,31.002832412719727,31.002832412719727,0,0.0,0.0
2015-05-22 00:00:00+08:00,31.002832412719727,31.002832412719727,31.002832412719727,31.002832412719727,0,0.0,0.0
2015-05-25 00:00:00+08:00,30.594894409179688,31.002828214480246,30.594894409179688,30.594894409179688,10295,0.0,0.0
2015-05-26 00:00:00+08:00,30.594894409179688,30.594894409179688,30.594894409179688,30.594894409179688,0,0.0,0.0
2015-05-27 00:00:00+08:00,30.594894409179688,30.594894409179688,30.594894409179688,30.594894409179688,0,0.0,0.0
2015-05-28 00:00:00+08:00,30.594894409179688,30.594894409179688,30.594894409179688,30.594894409179688,0,0.0,0.0
2015-05-29 00:00:00+08:00,29.84430503845215,31.002832195595463,29.84430503845215,29.84430503845215,1905,0.0,0.0
2015-06-01 00:00:00+08:00,29.84430503845215,29.84430503845215,29.84430503845215,29.84430503845215,0,0.0,0.0
2015-06-02 00:00:00+08:00,29.84430503845215,29.84430503845215,29.84430503845215,29.84430503845215,0,0.0,0.0
2015-06-03 00:00:00+08:00,29.84430503845215,29.84430503845215,29.84430503845215,29.84430503845215,0,0.0,0.0
2015-06-04 00:00:00+08:00,29.84430503845215,29.84430503845215,29.84430503845215,29.84430503845215,0,0.0,0.0
2015-06-05 00:00:00+08:00,30.83966064453125,31.41076291972443,30.186967752479923,30.83966064453125,23679,0.0,0.0
2015-06-08 00:00:00+08:00,30.431724548339844,30.431724548339844,30.431724548339844,30.431724548339844,1029,0.0,0.0
2015-06-09 00:00:00+08:00,29.452686309814453,29.452686309814453,29.452686309814453,29.452686309814453,1029,0.0,0.0
2015-06-10 00:00:00+08:00,29.452686309814453,29.452686309814453,29.452686309814453,29.452686309814453,0,0.0,0.0
2015-06-11 00:00:00+08:00,29.452686309814453,29.452686309814453,29.452686309814453,29.452686309814453,0,0.0,0.0
2015-06-12 00:00:00+08:00,29.452686309814453,29.452686309814453,29.452686309814453,29.452686309814453,0,0.0,0.0
2015-06-15 00:00:00+08:00,29.779033660888672,29.779033660888672,29.779033660888672,29.779033660888672,1029,0.0,0.0
2015-06-16 00:00:00+08:00,29.779033660888672,29.779033660888672,29.779033660888672,29.779033660888672,0,0.0,0.0
2015-06-17 00:00:00+08:00,29.779033660888672,29.779033660888672,29.779033660888672,29.779033660888672,0,0.0,0.0
2015-06-18 00:00:00+08:00,29.779033660888672,29.779033660888672,29.779033660888672,29.779033660888672,0,0.0,0.0
2015-06-22 00:00:00+08:00,29.779033660888672,29.779033660888672,29.779033660888672,29.779033660888672,0,0.0,0.0
2015-06-23 00:00:00+08:00,29.779033660888672,29.779033660888672,29.779033660888672,29.779033660888672,0,0.0,0.0
2015-06-24 00:00:00+08:00,29.779033660888672,29.779033660888672,29.45268725253182,29.779033660888672,5147,0.0,0.0
2015-06-25 00:00:00+08:00,29.779033660888672,29.779033660888672,29.779033660888672,29.779033660888672,0,0.0,0.0
2015-06-26 00:00:00+08:00,29.534275054931644,29.534275054931644,29.534275054931644,29.53427505493164,1029,0.0,0.0
2015-06-29 00:00:00+08:00,29.534275054931644,29.534275054931644,29.534275054931644,29.53427505493164,0,0.0,0.0
2015-06-30 00:00:00+08:00,29.534275054931644,29.534275054931644,29.534275054931644,29.53427505493164,0,0.0,0.0
2015-07-01 00:00:00+08:00,29.3710994720459,29.3710994720459,29.3710994720459,29.3710994720459,51,0.0,0.0
2015-07-02 00:00:00+08:00,29.3710994720459,29.3710994720459,29.3710994720459,29.3710994720459,0,0.0,0.0
2015-07-03 00:00:00+08:00,29.3710994720459,29.3710994720459,29.3710994720459,29.3710994720459,0,0.0,0.0
2015-07-06 00:00:00+08:00,29.3710994720459,29.3710994720459,29.3710994720459,29.3710994720459,6177,0.0,0.0
2015-07-07 00:00:00+08:00,29.3710994720459,29.3710994720459,29.3710994720459,29.3710994720459,0,0.0,0.0
2015-07-08 00:00:00+08:00,29.953529357910156,29.953529357910156,29.953529357910156,29.953529357910156,0,0.6799,0.0
2015-07-09 00:00:00+08:00,29.953529357910156,29.953529357910156,29.953529357910156,29.953529357910156,0,0.0,0.0
2015-07-10 00:00:00+08:00,29.953529357910156,29.953529357910156,29.953529357910156,29.953529357910156,0,0.0,0.0
2015-07-13 00:00:00+08:00,29.953529357910156,29.953529357910156,29.953529357910156,29.953529357910156,0,0.0,0.0
2015-07-14 00:00:00+08:00,28.455856323242188,28.455856323242188,28.455856323242188,28.455856323242188,3088,0.0,0.0
2015-07-15 00:00:00+08:00,28.039831161499023,28.039831161499023,28.039831161499023,28.039831161499023,1029,0.0,0.0
2015-07-16 00:00:00+08:00,28.039831161499023,28.039831161499023,28.039831161499023,28.039831161499023,1029,0.0,0.0
2015-07-17 00:00:00+08:00,27.906709671020508,27.906709671020508,27.906709671020508,27.906709671020508,1029,0.0,0.0
2015-07-20 00:00:00+08:00,27.906709671020508,27.906709671020508,27.906709671020508,27.906709671020508,3088,0.0,0.0
2015-07-21 00:00:00+08:00,27.906709671020508,27.906709671020508,27.906709671020508,27.906709671020508,0,0.0,0.0
2015-07-22 00:00:00+08:00,27.906709671020508,27.906709671020508,27.906709671020508,27.906709671020508,0,0.0,0.0
2015-07-23 00:00:00+08:00,27.274356842041016,27.274356842041016,27.274356842041016,27.274356842041016,1029,0.0,0.0
2015-07-24 00:00:00+08:00,27.274356842041016,27.274356842041016,27.274356842041016,27.274356842041016,0,0.0,0.0
2015-07-27 00:00:00+08:00,26.08453369140625,26.08453369140625,26.08453369140625,26.08453369140625,6177,0.0,0.0
2015-07-28 00:00:00+08:00,24.88639259338379,24.88639259338379,24.88639259338379,24.88639259338379,6177,0.0,0.0
2015-07-29 00:00:00+08:00,23.297191619873047,23.721533036692815,22.63155748022461,23.297191619873047,10398,0.0,0.0
2015-07-30 00:00:00+08:00,23.646648406982422,23.646648406982422,23.297190782167018,23.646648406982422,6177,0.0,0.0
2015-07-31 00:00:00+08:00,23.646648406982422,23.646648406982422,23.646648406982422,23.646648406982422,0,0.0,0.0
2015-08-03 00:00:00+08:00,23.646648406982422,23.646648406982422,23.646648406982422,23.646648406982422,0,0.0,0.0
2015-08-04 00:00:00+08:00,23.646648406982422,23.646648406982422,23.646648406982422,23.646648406982422,0,0.0,0.0
2015-08-05 00:00:00+08:00,23.646648406982422,23.646648406982422,23.646648406982422,23.646648406982422,0,0.0,0.0
2015-08-06 00:00:00+08:00,23.646648406982422,23.646648406982422,23.646648406982422,23.646648406982422,0,0.0,0.0
2015-08-07 00:00:00+08:00,23.646648406982422,23.646648406982422,23.646648406982422,23.646648406982422,0,0.0,0.0
2015-08-10 00:00:00+08:00,23.19734764099121,23.19734764099121,23.19734764099121,23.19734764099121,3088,0.0,0.0
2015-08-11 00:00:00+08:00,23.297191619873047,23.297191619873047,23.197346580621335,23.297191619873047,9266,0.0,0.0
2015-08-12 00:00:00+08:00,23.297191619873047,23.297191619873047,23.297191619873047,23.297191619873047,0,0.0,0.0
2015-08-13 00:00:00+08:00,23.1640625,23.197345267140097,23.1640625,23.1640625,6177,0.0,0.0
2015-08-14 00:00:00+08:00,23.1640625,23.1640625,23.1640625,23.1640625,0,0.0,0.0
2015-08-17 00:00:00+08:00,23.1640625,23.1640625,23.1640625,23.1640625,0,0.0,0.0
2015-08-18 00:00:00+08:00,22.46514892578125,22.46514892578125,22.132332667150422,22.46514892578125,38093,0.0,0.0
2015-08-19 00:00:00+08:00,22.46514892578125,22.46514892578125,22.46514892578125,22.46514892578125,0,0.0,0.0
2015-08-20 00:00:00+08:00,22.46514892578125,22.46514892578125,22.46514892578125,22.46514892578125,0,0.0,0.0
2015-08-21 00:00:00+08:00,22.46514892578125,22.46514892578125,22.46514892578125,22.46514892578125,0,0.0,0.0
2015-08-24 00:00:00+08:00,22.46514892578125,22.46514892578125,22.46514892578125,22.46514892578125,0,0.0,0.0
2015-08-25 00:00:00+08:00,22.46514892578125,22.46514892578125,22.46514892578125,22.46514892578125,0,0.0,0.0
2015-08-26 00:00:00+08:00,22.46514892578125,22.46514892578125,22.46514892578125,22.46514892578125,0,0.0,0.0
2015-08-27 00:00:00+08:00,22.46514892578125,22.46514892578125,22.46514892578125,22.46514892578125,0,0.0,0.0
2015-08-28 00:00:00+08:00,22.46514892578125,22.46514892578125,22.46514892578125,22.46514892578125,0,0.0,0.0
2015-08-31 00:00:00+08:00,22.46514892578125,22.46514892578125,22.46514892578125,22.46514892578125,0,0.0,0.0
2015-09-01 00:00:00+08:00,22.46514892578125,22.46514892578125,22.46514892578125,22.46514892578125,0,0.0,0.0
2015-09-02 00:00:00+08:00,23.446958541870117,23.546803578409776,23.446958541870117,23.446958541870117,8236,0.0,0.0
2015-09-03 00:00:00+08:00,23.446958541870117,23.446958541870117,23.446958541870117,23.446958541870117,0,0.0,0.0
2015-09-04 00:00:00+08:00,23.446958541870117,23.446958541870117,23.446958541870117,23.446958541870117,0,0.0,0.0
2015-09-07 00:00:00+08:00,23.446958541870117,23.446958541870117,23.446958541870117,23.446958541870117,0,0.0,0.0
2015-09-08 00:00:00+08:00,23.446958541870117,23.446958541870117,23.446958541870117,23.446958541870117,0,0.0,0.0
2015-09-09 00:00:00+08:00,23.446958541870117,23.446958541870117,23.446958541870117,23.446958541870117,0,0.0,0.0
2015-09-10 00:00:00+08:00,23.446958541870117,23.446958541870117,23.446958541870117,23.446958541870117,0,0.0,0.0
2015-09-11 00:00:00+08:00,23.446958541870117,23.446958541870117,23.446958541870117,23.446958541870117,0,0.0,0.0
2015-09-14 00:00:00+08:00,23.54680061340332,23.54680061340332,23.54680061340332,23.54680061340332,5200,0.0,0.0
2015-09-15 00:00:00+08:00,23.54680061340332,23.54680061340332,23.54680061340332,23.54680061340332,0,0.0,0.0
2015-09-16 00:00:00+08:00,23.54680061340332,23.54680061340332,23.54680061340332,23.54680061340332,0,0.0,0.0
2015-09-17 00:00:00+08:00,23.54680061340332,23.54680061340332,23.54680061340332,23.54680061340332,0,0.0,0.0
2015-09-18 00:00:00+08:00,23.54680061340332,23.54680061340332,23.54680061340332,23.54680061340332,1441,0.0,0.0
2015-09-21 00:00:00+08:00,23.54680061340332,23.54680061340332,23.54680061340332,23.54680061340332,0,0.0,0.0
2015-09-22 00:00:00+08:00,23.54680061340332,23.54680061340332,23.54680061340332,23.54680061340332,2059,0.0,0.0
2015-09-23 00:00:00+08:00,23.54680061340332,23.54680061340332,23.54680061340332,23.54680061340332,0,0.0,0.0
2015-09-24 00:00:00+08:00,23.54680061340332,23.54680061340332,23.54680061340332,23.54680061340332,0,0.0,0.0
2015-09-25 00:00:00+08:00,23.54680061340332,23.54680061340332,23.54680061340332,23.54680061340332,0,0.0,0.0
2015-09-29 00:00:00+08:00,23.54680061340332,23.54680061340332,23.54680061340332,23.54680061340332,0,0.0,0.0
2015-09-30 00:00:00+08:00,23.54680061340332,23.54680061340332,23.54680061340332,23.54680061340332,0,0.0,0.0
2015-10-01 00:00:00+08:00,23.54680061340332,23.54680061340332,23.54680061340332,23.54680061340332,3089,0.0,0.0
2015-10-02 00:00:00+08:00,23.297191619873047,23.297191619873047,22.5317124409729,23.297191619873047,12354,0.0,0.0
2015-10-05 00:00:00+08:00,23.297191619873047,23.297191619873047,23.297191619873047,23.297191619873047,0,0.0,0.0
2015-10-06 00:00:00+08:00,23.297191619873047,23.297191619873047,23.297191619873047,23.297191619873047,0,0.0,0.0
2015-10-07 00:00:00+08:00,23.297191619873047,23.297191619873047,23.297191619873047,23.297191619873047,0,0.0,0.0
2015-10-08 00:00:00+08:00,23.646648406982422,23.646648406982422,22.46514772904679,23.646648406982422,7206,0.0,0.0
2015-10-12 00:00:00+08:00,23.646648406982422,23.646648406982422,23.646648406982422,23.646648406982422,2059,0.0,0.0
2015-10-13 00:00:00+08:00,23.646648406982422,23.646648406982422,23.646648406982422,23.646648406982422,3088,0.0,0.0
2015-10-14 00:00:00+08:00,23.97946548461914,24.079308883050444,23.97946548461914,23.97946548461914,4118,0.0,0.0
2015-10-15 00:00:00+08:00,24.961275100708008,24.961275100708008,23.979466134055503,24.961275100708008,15855,0.0,0.0
2015-10-16 00:00:00+08:00,25.002880096435547,25.002880096435547,24.961277449947094,25.002880096435547,5147,0.0,0.0
2015-10-19 00:00:00+08:00,25.127683639526367,25.127683639526367,24.453729663626326,25.127683639526367,15443,0.0,0.0
2015-10-20 00:00:00+08:00,25.393939971923828,25.393939971923828,25.12768597991023,25.393939971923828,6177,0.0,0.0
2015-10-21 00:00:00+08:00,25.79332160949707,25.79332160949707,24.961278449864505,25.79332160949707,8236,0.0,0.0
2015-10-22 00:00:00+08:00,25.918128967285156,25.918128967285156,25.918128967285156,25.918128967285156,3088,0.0,0.0
2015-10-23 00:00:00+08:00,25.959726333618164,25.959726333618164,25.959726333618164,25.959726333618164,2059,0.0,0.0
2015-10-26 00:00:00+08:00,25.959726333618164,25.959726333618164,25.959726333618164,25.959726333618164,1029,0.0,0.0
2015-10-27 00:00:00+08:00,25.959726333618164,25.959726333618164,25.959726333618164,25.959726333618164,0,0.0,0.0
2015-10-28 00:00:00+08:00,26.042932510375977,26.042932510375977,25.959728853473116,26.042932510375977,8236,0.0,0.0
2015-10-29 00:00:00+08:00,24.961275100708008,25.79331814870195,24.90303270823462,24.961275100708008,11325,0.0,0.0
2015-10-30 00:00:00+08:00,24.12923240661621,24.961275466813685,23.00597574586957,24.12923240661621,18943,0.0,0.0
2015-11-02 00:00:00+08:00,24.212438583374023,24.212438583374023,24.029388253765315,24.212438583374023,14413,0.0,0.0
2015-11-03 00:00:00+08:00,24.295642852783203,24.295642852783203,24.295642852783203,24.295642852783203,205,0.0,0.0
2015-11-04 00:00:00+08:00,24.961275100708008,24.961275100708008,24.29564098909506,24.961275100708008,7103,0.0,0.0
2015-11-05 00:00:00+08:00,24.961275100708008,24.961275100708008,24.961275100708008,24.961275100708008,5147,0.0,0.0
2015-11-06 00:00:00+08:00,24.961275100708008,24.961275100708008,24.961275100708008,24.961275100708008,4118,0.0,0.0
2015-11-09 00:00:00+08:00,25.37729835510254,25.37729835510254,24.961276802738375,25.37729835510254,12354,0.0,0.0
2015-11-10 00:00:00+08:00,26.209341049194336,26.209341049194336,25.79331950334822,26.209341049194336,1029,0.0,0.0
2015-11-11 00:00:00+08:00,26.708568572998047,26.708568572998047,25.45218395082789,26.708568572998047,56728,0.0,0.0
2015-11-12 00:00:00+08:00,25.79332160949707,26.209343189313355,25.37730002968079,25.79332160949707,12354,0.0,0.0
2015-11-13 00:00:00+08:00,25.37729835510254,25.37729835510254,25.37729835510254,25.37729835510254,5147,0.0,0.0
2015-11-16 00:00:00+08:00,25.743398666381836,25.743398666381836,25.743398666381836,25.743398666381836,1030,0.0,0.0
2015-11-17 00:00:00+08:00,25.743398666381836,25.743398666381836,25.743398666381836,25.743398666381836,0,0.0,0.0
2015-11-18 00:00:00+08:00,25.743398666381836,25.743398666381836,25.743398666381836,25.743398666381836,0,0.0,0.0
2015-11-19 00:00:00+08:00,25.63523292541504,25.79332201051517,25.63523292541504,25.63523292541504,10295,0.0,0.0
2015-11-20 00:00:00+08:00,26.625364303588867,26.625364303588867,25.635232078626366,26.625364303588867,20797,0.0,0.0
2015-11-23 00:00:00+08:00,26.625364303588867,26.625364303588867,25.626912202705334,26.625364303588867,10398,0.0,0.0
2015-11-24 00:00:00+08:00,25.79332160949707,26.958181052635915,25.29409636728203,25.79332160949707,53228,0.0,0.0
2015-11-25 00:00:00+08:00,24.961275100708008,25.79331814870195,24.961275100708008,24.961275100708008,10295,0.0,0.0
2015-11-26 00:00:00+08:00,26.625364303588867,27.149550798749335,26.084536422675125,26.625364303588867,115115,0.0,0.0
2015-11-27 00:00:00+08:00,26.625364303588867,27.041384242219852,25.69347611180723,26.625364303588867,45300,0.0,0.0
2015-11-30 00:00:00+08:00,27.62381362915039,27.873426235579522,26.084535344867025,27.62381362915039,107074,0.0,0.0
2015-12-01 00:00:00+08:00,51.170616149902344,57.82695396472483,27.873423994557527,51.170616149902344,1034746,0.0,0.0
2015-12-02 00:00:00+08:00,47.4680290222168,58.8753329395233,45.762340209834726,47.4680290222168,1106173,0.0,0.0
2015-12-03 00:00:00+08:00,39.93803787231445,47.46802424747313,39.52201800607029,39.93803787231445,459342,0.0,0.0
2015-12-04 00:00:00+08:00,38.689979553222656,39.93804256646926,36.759641003460494,38.689979553222656,257585,0.0,0.0
2015-12-07 00:00:00+08:00,43.26622009277344,47.17682017685164,38.68998414409918,43.26622009277344,658999,0.0,0.0
2015-12-08 00:00:00+08:00,42.90842819213867,43.682228786424936,40.77007998280849,42.90842819213867,181981,0.0,0.0
2015-12-09 00:00:00+08:00,43.68223571777344,43.76544100953778,40.77840632767903,43.68223571777344,288752,0.0,0.0
2015-12-10 00:00:00+08:00,48.25846862792969,49.50653159845816,41.18610743783883,48.25846862792969,405587,0.0,0.0
2015-12-11 00:00:00+08:00,47.010398864746094,49.09050474893488,45.3463161180882,47.010398864746094,302592,0.0,0.0
2015-12-14 00:00:00+08:00,47.010398864746094,47.426422002276986,44.68068040516752,47.010398864746094,73614,0.0,0.0
2015-12-15 00:00:00+08:00,41.60212707519531,46.594382193505865,41.43571976945307,41.60212707519531,232480,0.0,0.0
2015-12-16 00:00:00+08:00,41.435726165771484,43.26621988279287,40.936497635836,41.435726165771484,170346,0.0,0.0
2015-12-17 00:00:00+08:00,41.60212707519531,43.25789006097029,40.77840388595366,41.60212707519531,196337,0.0,0.0
2015-12-18 00:00:00+08:00,41.60212707519531,42.76698801885736,41.18610717692865,41.60212707519531,243821,0.0,0.0
2015-12-21 00:00:00+08:00,39.10599899291992,43.25789128969415,39.10599899291992,39.10599899291992,261405,0.0,0.0
2015-12-22 00:00:00+08:00,38.68998706628687,38.68998706628687,31.617624260770715,34.61297607421875,2205546,0.0,0.0
2015-12-23 00:00:00+08:00,33.28170193119657,34.1137450513454,31.617618958721266,32.116844177246094,1230636,0.0,0.0
2015-12-24 00:00:00+08:00,32.116842438428115,32.116842438428115,30.078339028513362,31.035186767578125,753671,0.0,0.0
2015-12-25 00:00:00+08:00,30.785576119988605,31.700824540865455,30.2031456037781,31.45121192932129,320399,0.0,0.0
2015-12-28 00:00:00+08:00,30.99358232445612,30.99358232445612,29.953529357910156,29.953529357910156,292086,0.0,0.0
2015-12-29 00:00:00+08:00,29.953530868507226,29.953530868507226,28.16464006797062,28.539060592651367,390616,0.0,0.0
2015-12-30 00:00:00+08:00,28.996684141424158,29.371101411255765,28.622263603770307,28.91347885131836,151176,0.0,0.0
2015-12-31 00:00:00+08:00,29.287897908121696,29.3710999261984,28.955080032348633,28.955080032348633,91251,0.0,0.0
2016-01-04 00:00:00+08:00,28.913477079258172,28.913477079258172,27.37419891357422,27.37419891357422,177368,0.0,0.0
2016-01-05 00:00:00+08:00,26.95818071294917,27.62381490548564,26.79177175633724,27.332599639892578,134007,0.0,0.0
2016-01-06 00:00:00+08:00,27.54060387989704,28.372646855923662,27.54060387989704,27.79021644592285,147227,0.0,0.0
2016-01-07 00:00:00+08:00,27.79021644592285,28.580656782974874,26.66695989880671,27.79021644592285,173996,0.0,0.0
2016-01-08 00:00:00+08:00,27.62381179707846,29.287897908121696,27.29099555521644,28.955080032348633,189848,0.0,0.0
2016-01-11 00:00:00+08:00,28.622262741459377,28.747070672857955,27.457405054183408,28.372650146484375,110266,0.0,0.0
2016-01-12 00:00:00+08:00,28.705469554106312,29.870327303268184,27.87342643737793,27.87342643737793,177086,0.0,0.0
2016-01-13 00:00:00+08:00,27.873426635594118,28.289446563005583,27.45740670818265,28.12303924560547,110422,0.0,0.0
2016-01-14 00:00:00+08:00,28.039834649161236,28.039834649161236,26.750170554690538,27.08298683166504,89777,0.0,0.0
2016-01-15 00:00:00+08:00,27.332597970320816,27.457405905589468,26.791770119801157,27.124588012695312,100898,0.0,0.0
2016-01-18 00:00:00+08:00,26.62536320343386,27.62381362915039,26.292545305587584,27.62381362915039,77320,0.0,0.0
2016-01-19 00:00:00+08:00,27.623813422430505,28.705469131469723,27.623813422430505,28.705469131469727,84424,0.0,0.0
2016-01-20 00:00:00+08:00,28.705467134564515,28.705467134564515,27.12458632637742,27.37419891357422,95749,0.0,0.0
2016-01-21 00:00:00+08:00,27.37420360576087,27.873428865726208,26.95818201115265,27.457408905029297,54566,0.0,0.0
2016-01-22 00:00:00+08:00,27.707016785777306,27.707016785777306,27.20778997747268,27.37419891357422,38196,0.0,0.0
2016-01-25 00:00:00+08:00,27.707017453686685,27.707017453686685,27.290995920359666,27.665414810180664,27798,0.0,0.0
2016-01-26 00:00:00+08:00,27.207792312842482,27.457406555375844,27.12458865460547,27.415803909301758,31144,0.0,0.0
2016-01-27 00:00:00+08:00,27.457405005371022,27.457405005371022,27.0413818359375,27.0413818359375,56625,0.0,0.0
2016-01-28 00:00:00+08:00,27.0413818359375,27.37419971791989,27.0413818359375,27.0413818359375,50448,0.0,0.0
2016-01-29 00:00:00+08:00,27.457407389889273,27.457407389889273,27.04138418432652,27.08298683166504,39638,0.0,0.0
2016-02-01 00:00:00+08:00,27.457403122165346,29.579111664071647,27.457403122165346,29.454303741455078,288380,0.0,0.0
2016-02-02 00:00:00+08:00,29.038287026825394,29.038287026825394,28.247846567744602,28.705469131469727,117781,0.0,0.0
2016-02-03 00:00:00+08:00,28.62226580942671,28.62226580942671,27.540610025986975,28.247848510742188,73098,0.0,0.0
2016-02-15 00:00:00+08:00,27.457406524355854,28.08143641129519,27.207792282104492,27.207792282104492,65892,0.0,0.0
2016-02-16 00:00:00+08:00,27.707019163998044,28.123039089094267,27.290997604990658,27.415803909301758,42212,0.0,0.0
2016-02-17 00:00:00+08:00,27.457406524355854,27.790221156927903,27.207792282104492,27.207792282104492,54566,0.0,0.0
2016-02-18 00:00:00+08:00,27.4574065129249,28.705469554106312,27.249394916787228,27.87342643737793,140020,0.0,0.0
2016-02-19 00:00:00+08:00,27.54060387989704,27.79021644592285,27.33259395284583,27.79021644592285,48389,0.0,0.0
2016-02-22 00:00:00+08:00,27.79021880296154,27.79021880296154,27.37419891357422,27.37419891357422,52507,0.0,0.0
2016-02-23 00:00:00+08:00,27.4574054954752,27.707018094461947,27.249393907045512,27.290996551513672,50619,0.0,0.0
2016-02-24 00:00:00+08:00,27.457406524355854,27.457406524355854,27.082985977934392,27.207792282104492,40152,0.0,0.0
2016-02-25 00:00:00+08:00,27.207791262577356,27.374200206538884,27.207791262577356,27.290996551513672,26768,0.0,0.0
2016-02-26 00:00:00+08:00,27.207794641135322,27.457408905029297,27.041385676509773,27.457408905029297,59714,0.0,0.0
2016-03-01 00:00:00+08:00,27.457406524355854,27.457406524355854,27.041383331907305,27.207792282104492,52507,0.0,0.0
2016-03-02 00:00:00+08:00,27.45740591214364,28.663866280917343,27.45740591214364,28.455856323242188,166789,0.0,0.0
2016-03-03 00:00:00+08:00,27.873427126237512,28.12303974064268,27.540609217756487,27.707019805908203,80305,0.0,0.0
2016-03-04 00:00:00+08:00,27.873424084147832,28.62226184563561,27.748616156655512,27.83182144165039,106044,0.0,0.0
2016-03-07 00:00:00+08:00,28.289446361830958,28.289446361830958,27.748618499348627,27.87342643737793,39123,0.0,0.0
2016-03-08 00:00:00+08:00,27.956630628282213,28.039832649202385,27.290996487898774,27.540607452392578,105017,0.0,0.0
2016-03-09 00:00:00+08:00,27.4574054954752,27.665415449993787,27.207791262577356,27.290996551513672,62803,0.0,0.0
2016-03-10 00:00:00+08:00,27.62381490548564,27.707020200747216,27.290998626173018,27.332599639892578,47409,0.0,0.0
2016-03-11 00:00:00+08:00,27.457405873471075,27.74861785311278,27.374200583389303,27.582210540771484,33975,0.0,0.0
2016-03-14 00:00:00+08:00,27.62381623574354,27.790223566457783,27.457408905029297,27.457408905029297,28829,0.0,0.0
2016-03-15 00:00:00+08:00,27.45740543147241,28.206243226687114,27.374200142730043,27.540607452392578,112222,0.0,0.0
2016-03-16 00:00:00+08:00,27.540609408694582,28.206245230271467,27.540609408694582,27.956632614135742,62803,0.0,0.0
2016-03-17 00:00:00+08:00,27.956632115975367,28.123039434493155,27.499006271362305,27.499006271362305,64862,0.0,0.0
2016-03-18 00:00:00+08:00,27.831822695168665,27.998233272653398,27.45740543147241,27.540607452392578,57655,0.0,0.0
2016-03-21 00:00:00+08:00,27.79022172789106,29.20469538276143,27.54060911442245,28.622264862060547,105015,0.0,0.0
2016-03-22 00:00:00+08:00,28.622263804348766,30.494359970092773,28.539061781482154,30.494359970092773,458207,0.0,0.0
2016-03-23 00:00:00+08:00,30.86878260460305,32.61607095285511,30.07834209289956,31.61762046813965,469544,0.0,0.0
2016-03-24 00:00:00+08:00,31.284801343076936,31.99203979897071,30.785576119988605,31.45121192932129,235100,0.0,0.0
2016-03-25 00:00:00+08:00,31.45120927708545,31.45120927708545,29.953530466295227,30.286348342895508,167916,0.0,0.0
2016-03-28 00:00:00+08:00,30.28634897511039,30.28634897511039,28.705468113036435,28.788673400878906,100948,0.0,0.0
2016-03-29 00:00:00+08:00,28.705467899274957,29.038285780344275,28.37265001820564,28.539060592651367,75158,0.0,0.0
2016-03-30 00:00:00+08:00,28.53905750218817,30.119938181297922,28.53905750218817,29.28789520263672,71039,0.0,0.0
2016-03-31 00:00:00+08:00,29.287900039879798,29.91192992607528,28.955082139882148,29.204694747924805,52507,0.0,0.0
2016-04-01 00:00:00+08:00,29.37109847358122,30.11993947399043,29.204691177835798,29.91192626953125,60795,0.0,0.0
2016-04-06 00:00:00+08:00,29.95352856086783,29.95352856086783,29.37109813082288,29.828723907470703,37064,0.0,0.0
2016-04-07 00:00:00+08:00,29.828723332524387,29.911925343911467,29.28789555331019,29.371097564697266,28925,0.0,0.0
2016-04-08 00:00:00+08:00,29.371097213027593,29.620709779843775,29.28789520263672,29.28789520263672,17502,0.0,0.0
2016-04-11 00:00:00+08:00,29.41270032888761,29.95352811039264,29.41270032888761,29.787120819091797,18578,0.0,0.0
2016-04-12 00:00:00+08:00,29.787124350938175,29.870326372542905,29.121488571166992,29.121488571166992,77273,0.0,0.0
2016-04-13 00:00:00+08:00,29.53750991821289,29.953529803896725,29.121486764707036,29.53750991821289,96831,0.0,0.0
2016-04-14 00:00:00+08:00,29.5375077694529,29.787120336269084,29.28789520263672,29.28789520263672,42283,0.0,0.0
2016-04-15 00:00:00+08:00,29.371095855596348,29.371095855596348,28.996678656587243,29.1630859375,43293,0.0,0.0
2016-04-18 00:00:00+08:00,29.121488016604463,29.121488016604463,28.788673400878906,28.788673400878906,54602,0.0,0.0
2016-04-19 00:00:00+08:00,28.871875762939453,29.287898939258195,28.788673741933465,28.871875762939453,44281,0.0,0.0
2016-04-20 00:00:00+08:00,28.705470155824212,28.705470155824212,28.580662215178712,28.622264862060547,24709,0.0,0.0
2016-04-21 00:00:00+08:00,28.622261161728968,29.620711486522147,28.622261161728968,29.495906829833984,77217,0.0,0.0
2016-04-22 00:00:00+08:00,30.369554485218295,30.369554485218295,29.038286209106445,29.038286209106445,59714,0.0,0.0
2016-04-25 00:00:00+08:00,29.038285996584154,29.038285996584154,28.705468113036435,28.788673400878906,12407,0.0,0.0
2016-04-26 00:00:00+08:00,28.788673400878906,29.2878985922894,28.705468113036435,28.788673400878906,30886,0.0,0.0
2016-04-27 00:00:00+08:00,28.78867295577802,28.78867295577802,28.7470703125,28.7470703125,15443,0.0,0.0
2016-04-28 00:00:00+08:00,28.622262612052094,28.74707054288639,28.455855305428503,28.539060592651367,32953,0.0,0.0
2016-04-29 00:00:00+08:00,28.53906072168248,28.53906072168248,28.331047502684847,28.372650146484375,29857,0.0,0.0
2016-05-03 00:00:00+08:00,28.289445091237237,28.289445091237237,28.164640426635742,28.164640426635742,36034,0.0,0.0
2016-05-04 00:00:00+08:00,28.16464148771723,28.16464148771723,27.58221098344182,27.62381362915039,52507,0.0,0.0
2016-05-05 00:00:00+08:00,27.62381318581237,27.87342578823544,27.5406078957306,27.582210540771484,29880,0.0,0.0
2016-05-06 00:00:00+08:00,27.62381362915039,27.62381362915039,27.62381362915039,27.62381362915039,5147,0.0,0.0
2016-05-09 00:00:00+08:00,27.62381362915039,27.62381362915039,27.540608337733246,27.62381362915039,6177,0.0,0.0
2016-05-10 00:00:00+08:00,27.374201897427174,27.790221832161656,27.290998237262517,27.707019805908203,60744,0.0,0.0
2016-05-11 00:00:00+08:00,27.707019318194,28.12303924560547,27.623814025582767,28.12303924560547,31916,0.0,0.0
2016-05-12 00:00:00+08:00,27.831825295976326,28.247848510742188,27.79022264771749,28.247848510742188,19561,0.0,0.0
2016-05-13 00:00:00+08:00,27.873428865726208,27.873428865726208,27.457408905029297,27.457408905029297,39123,0.0,0.0
2016-05-16 00:00:00+08:00,27.457408905029297,27.790223566457783,27.457408905029297,27.457408905029297,26768,0.0,0.0
2016-05-17 00:00:00+08:00,27.540607452392578,27.623812741134945,27.540607452392578,27.540607452392578,18532,0.0,0.0
2016-05-18 00:00:00+08:00,27.499005250689713,28.039833100576736,27.457405873471075,27.582210540771484,30887,0.0,0.0
2016-05-19 00:00:00+08:00,27.582210540771484,27.665415830853256,27.582210540771484,27.582210540771484,5172,0.0,0.0
2016-05-20 00:00:00+08:00,27.58221098344182,27.62381362915039,27.540608337733246,27.62381362915039,7206,0.0,0.0
2016-05-23 00:00:00+08:00,27.665416274858963,28.039833550591514,27.58221098344182,27.62381362915039,36035,0.0,0.0
2016-05-24 00:00:00+08:00,27.62381362915039,27.62381362915039,27.62381362915039,27.62381362915039,10295,0.0,0.0
2016-05-25 00:00:00+08:00,27.873424759888643,27.998232690406706,27.623812166674643,27.665414810180664,44271,0.0,0.0
2016-05-26 00:00:00+08:00,27.956629365435276,28.5390598246781,27.66541413581386,28.289443969726562,49419,0.0,0.0
2016-05-27 00:00:00+08:00,28.70546802905843,28.70546802905843,28.28944485888532,28.372650146484375,14438,0.0,0.0
2016-05-30 00:00:00+08:00,28.20624283910842,28.372650146484375,27.873424956534365,28.372650146484375,21620,0.0,0.0
2016-05-31 00:00:00+08:00,27.87342408045143,28.37264925471041,27.87342408045143,28.289443969726562,13384,0.0,0.0
2016-06-01 00:00:00+08:00,28.123038430268586,28.455856323242188,27.95663111769291,28.455856323242188,13384,0.0,0.0
2016-06-02 00:00:00+08:00,28.28944574284426,28.455856323242188,28.28944574284426,28.455856323242188,16473,0.0,0.0
2016-06-03 00:00:00+08:00,28.705468926016824,28.705468926016824,28.455856323242188,28.455856323242188,20591,0.0,0.0
2016-06-06 00:00:00+08:00,28.289443969726566,28.289443969726566,28.289443969726566,28.289443969726562,3088,0.0,0.0
2016-06-07 00:00:00+08:00,28.289443969726566,28.289443969726566,28.289443969726566,28.289443969726562,0,0.0,0.0
2016-06-08 00:00:00+08:00,28.289443969726566,28.289443969726566,28.289443969726566,28.289443969726562,20591,0.0,0.0
2016-06-13 00:00:00+08:00,28.123036445826784,28.123036445826784,27.956629144993283,28.039831161499023,21620,0.0,0.0
2016-06-14 00:00:00+08:00,28.1646408702182,28.20624351501465,28.1646408702182,28.20624351501465,19562,0.0,0.0
2016-06-15 00:00:00+08:00,28.164639310072843,28.289443969726566,28.164639310072843,28.289443969726562,8236,0.0,0.0
2016-06-16 00:00:00+08:00,28.289446563005583,28.289446563005583,27.95663192820535,28.12303924560547,26768,0.0,0.0
2016-06-17 00:00:00+08:00,27.956629365435276,28.289443969726566,27.956629365435276,28.289443969726562,10295,0.0,0.0
2016-06-20 00:00:00+08:00,28.12303666758092,28.289443969726566,28.12303666758092,28.289443969726562,3088,0.0,0.0
2016-06-21 00:00:00+08:00,28.20624271158205,28.539060592651367,27.457404930042692,28.539060592651367,37064,0.0,0.0
2016-06-22 00:00:00+08:00,28.12303666758092,28.5390598246781,28.12303666758092,28.289443969726562,5147,0.0,0.0
2016-06-23 00:00:00+08:00,28.289443969726566,28.289443969726566,28.24784459505669,28.289443969726562,5147,0.0,0.0
2016-06-24 00:00:00+08:00,28.289443969726566,28.289443969726566,28.03983138259707,28.289443969726562,30887,0.0,0.0
2016-06-27 00:00:00+08:00,28.28944473098278,28.539060592651367,28.28944473098278,28.539060592651367,15443,0.0,0.0
2016-06-28 00:00:00+08:00,28.539057843895563,29.953527983515915,28.455852564686666,29.371097564697266,44271,0.0,0.0
2016-06-29 00:00:00+08:00,29.95353166196986,29.95353166196986,29.121488571166992,29.121488571166992,31916,0.0,0.0
2016-06-30 00:00:00+08:00,29.121486764707036,29.53750991821289,29.03828474826348,29.53750991821289,9281,0.0,0.0
2016-07-01 00:00:00+08:00,29.703916318866295,29.745518959738483,29.454303741455078,29.454303741455078,9266,0.0,0.0
2016-07-04 00:00:00+08:00,29.87032361453313,29.87032361453313,29.20469116404386,29.454303741455078,10295,0.0,0.0
2016-07-05 00:00:00+08:00,29.787123763927816,29.787123763927816,29.20469328506146,29.246295928955078,28827,0.0,0.0
2016-07-06 00:00:00+08:00,29.121486216789492,29.121486216789492,28.705466338933025,29.079883575439453,11325,0.0,0.0
2016-07-07 00:00:00+08:00,29.454304195393853,29.953529357910156,29.454304195393853,29.953529357910156,63832,0.0,0.0
2016-07-11 00:00:00+08:00,30.369551575112528,30.66076678896517,29.371098012836956,29.412700653076172,57706,0.0,0.0
2016-07-12 00:00:00+08:00,29.412700653076172,29.53750857379382,29.412700653076172,29.412700653076172,13384,0.0,0.0
2016-07-13 00:00:00+08:00,29.41269899441795,29.787119467634483,29.41269899441795,29.662311553955078,9266,0.0,0.0
2016-07-14 00:00:00+08:00,29.620713424799856,29.662316069025565,28.78867361157436,29.038286209106445,16473,0.0,0.0
2016-07-15 00:00:00+08:00,29.121488229735682,29.204693518187106,28.871875632203597,29.038286209106445,25739,0.0,0.0
2016-07-18 00:00:00+08:00,29.121488571166992,29.121488571166992,28.455856059218032,29.121488571166992,22650,0.0,0.0
2016-07-19 00:00:00+08:00,29.121488571166992,29.2878991500209,28.78867394910362,29.121488571166992,33975,0.0,0.0
2016-07-20 00:00:00+08:00,29.2878991500209,29.2878991500209,28.78867394910362,29.121488571166992,17502,0.0,0.0
2016-07-21 00:00:00+08:00,28.955081260135305,29.537511750479535,28.871875970708352,29.121488571166992,13384,0.0,0.0
2016-07-22 00:00:00+08:00,28.871875970708352,29.121488571166992,28.78867394910362,29.121488571166992,9266,0.0,0.0
2016-07-25 00:00:00+08:00,28.70546865967667,29.121488571166992,28.70546865967667,29.121488571166992,22650,0.0,0.0
2016-07-26 00:00:00+08:00,29.121488229735682,29.329501450864242,28.871875632203597,29.038286209106445,29857,0.0,0.0
2016-07-27 00:00:00+08:00,29.121487783670812,29.121487783670812,28.99668312072754,28.99668312072754,11325,0.0,0.0
2016-07-28 00:00:00+08:00,28.788672728373143,28.955080032348633,28.539060138498865,28.955080032348633,26768,0.0,0.0
2016-07-29 00:00:00+08:00,28.955078919211296,29.079883575439453,28.49745640000479,29.079883575439453,15443,0.0,0.0
2016-08-01 00:00:00+08:00,28.95508060588088,28.95508060588088,28.830272674560547,28.830272674560547,10295,0.0,0.0
2016-08-02 00:00:00+08:00,28.705468453105276,28.871875762939453,28.5390611432711,28.871875762939453,10295,0.0,0.0
2016-08-03 00:00:00+08:00,28.497457949039937,28.539060592651367,28.497457949039937,28.539060592651367,6198,0.0,0.0
2016-08-04 00:00:00+08:00,28.455857148228052,28.539062440839285,27.873426635594118,28.12303924560547,20593,0.0,0.0
2016-08-05 00:00:00+08:00,27.998234375407232,27.998234375407232,27.62381382914165,27.87342643737793,33975,0.0,0.0
2016-08-08 00:00:00+08:00,27.87342643737793,27.87342643737793,27.790221145358394,27.87342643737793,10295,0.0,0.0
2016-08-09 00:00:00+08:00,27.87342643737793,27.87342643737793,27.87342643737793,27.87342643737793,6177,0.0,0.0
2016-08-10 00:00:00+08:00,28.99668480835236,28.99668480835236,27.4574065129249,27.87342643737793,16473,0.0,0.0
2016-08-11 00:00:00+08:00,27.873427126237512,27.873427126237512,27.707019805908203,27.707019805908203,9266,0.0,0.0
2016-08-12 00:00:00+08:00,27.707018920567535,27.748618298453806,27.62381362915039,27.62381362915039,32959,0.0,0.0
2016-08-15 00:00:00+08:00,27.62381382914165,27.87342643737793,27.540608537122115,27.87342643737793,15443,0.0,0.0
2016-08-16 00:00:00+08:00,27.5406068796626,27.873424759888643,27.5406068796626,27.665414810180664,12354,0.0,0.0
2016-08-17 00:00:00+08:00,27.873426235579522,28.206244133425802,27.58221098344182,27.62381362915039,54566,0.0,0.0
2016-08-18 00:00:00+08:00,27.623814511832343,27.873427126237512,27.623814511832343,27.707019805908203,10295,0.0,0.0
2016-08-19 00:00:00+08:00,28.123038802877247,28.123038802877247,27.873426196795435,28.081436157226562,17502,0.0,0.0
2016-08-22 00:00:00+08:00,27.95663152699667,27.95663152699667,27.62381362915039,27.62381362915039,13388,0.0,0.0
2016-08-23 00:00:00+08:00,27.623812379445116,28.28944487720206,27.623812379445116,27.915027618408203,18532,0.0,0.0
2016-08-24 00:00:00+08:00,27.623812379445116,27.915027618408203,27.623812379445116,27.915027618408203,5147,0.0,0.0
2016-08-25 00:00:00+08:00,27.873427319483024,27.956632614135742,27.873427319483024,27.956632614135742,12356,0.0,0.0
2016-08-26 00:00:00+08:00,28.20624372046755,28.455856323242188,28.123038430268586,28.455856323242188,30897,0.0,0.0
2016-08-29 00:00:00+08:00,28.242929924946292,28.242929924946292,27.77505093221938,28.157859802246094,28827,0.728173,0.0
2016-08-30 00:00:00+08:00,28.20039555564021,28.20039555564021,27.860120068082114,27.945188522338867,14413,0.0,0.0
2016-08-31 00:00:00+08:00,28.072793020607982,28.157859802246094,27.94518783655769,28.157859802246094,11325,0.0,0.0
2016-09-01 00:00:00+08:00,28.328000047646487,28.328000047646487,28.072793020607982,28.157859802246094,7206,0.0,0.0
2016-09-02 00:00:00+08:00,28.157859298142977,28.157859298142977,27.987722396850586,27.987722396850586,10295,0.0,0.0
2016-09-05 00:00:00+08:00,27.987716765452763,28.242923736572266,27.987716765452763,28.242923736572266,3088,0.0,0.0
2016-09-06 00:00:00+08:00,28.157859802246094,28.157859802246094,28.072793020607982,28.157859802246094,10295,0.0,0.0
2016-09-07 00:00:00+08:00,28.157860493246293,28.157860493246293,27.945188522338867,27.945188522338867,6177,0.0,0.0
2016-09-08 00:00:00+08:00,28.58320340782769,29.85923837932134,28.58320340782769,28.923477172851562,64028,0.0,0.0
2016-09-09 00:00:00+08:00,28.923480522282713,29.3488277894116,28.923480522282713,29.0085506439209,11325,0.0,0.0
2016-09-12 00:00:00+08:00,28.923480484143305,28.923480484143305,28.498136558637327,28.75334358215332,10295,0.0,0.0
2016-09-13 00:00:00+08:00,28.583203272081974,28.583203272081974,28.413063049316406,28.413063049316406,15443,0.0,0.0
2016-09-14 00:00:00+08:00,28.157859080645796,28.157859080645796,28.115324020385742,28.115324020385742,19561,0.0,0.0
2016-09-19 00:00:00+08:00,28.15786126037474,28.498138427734375,28.15786126037474,28.498138427734375,4118,0.0,0.0
2016-09-20 00:00:00+08:00,29.008552508242705,29.093622635348176,28.498138427734375,28.498138427734375,11397,0.0,0.0
2016-09-21 00:00:00+08:00,28.455601890634696,28.498136951984794,28.072793020607982,28.157859802246094,22753,0.0,0.0
2016-09-22 00:00:00+08:00,28.157859802246094,28.157859802246094,28.157859802246094,28.157859802246094,6177,0.0,0.0
2016-09-23 00:00:00+08:00,28.15786126037474,28.498138427734375,28.15786126037474,28.498138427734375,7206,0.0,0.0
2016-09-26 00:00:00+08:00,28.49813409492295,28.49813409492295,28.3279972076416,28.3279972076416,4118,0.0,0.0
2016-09-27 00:00:00+08:00,28.3279972076416,28.3279972076416,28.3279972076416,28.3279972076416,0,0.0,0.0
2016-09-28 00:00:00+08:00,28.3279972076416,28.3279972076416,28.3279972076416,28.3279972076416,0,0.0,0.0
2016-09-29 00:00:00+08:00,29.0085506439209,29.0085506439209,29.0085506439209,29.0085506439209,2059,0.0,0.0
2016-09-30 00:00:00+08:00,28.498138427734375,28.498138427734375,28.370533237076167,28.498138427734375,13384,0.0,0.0
2016-10-03 00:00:00+08:00,29.008550605669313,29.008550605669313,28.75334358215332,28.75334358215332,2059,0.0,0.0
2016-10-04 00:00:00+08:00,28.753340153785906,28.753340153785906,28.413063049316406,28.413063049316406,4118,0.0,0.0
2016-10-05 00:00:00+08:00,28.3279972076416,28.3279972076416,28.3279972076416,28.3279972076416,3088,0.0,0.0
2016-10-06 00:00:00+08:00,28.327993840632548,28.327993840632548,28.242923736572266,28.242923736572266,3088,0.0,0.0
2016-10-07 00:00:00+08:00,28.24292703278983,28.24292703278983,28.072790145874023,28.072790145874023,58685,0.0,0.0
2016-10-11 00:00:00+08:00,28.07278984546223,28.07278984546223,27.732512734210243,27.817581176757812,9267,0.0,0.0
2016-10-12 00:00:00+08:00,27.817579883519908,27.817579883519908,27.392234349494647,27.477304458618164,12355,0.0,0.0
2016-10-13 00:00:00+08:00,27.2646358344535,27.5623779296875,27.222102442656556,27.5623779296875,17502,0.0,0.0
2016-10-14 00:00:00+08:00,27.477308739319987,27.477308739319987,27.39223861694336,27.39223861694336,3089,0.0,0.0
2016-10-17 00:00:00+08:00,27.392235495374006,27.392235495374006,27.307167053222656,27.307167053222656,13384,0.0,0.0
2016-10-18 00:00:00+08:00,27.392236192833934,27.392236192833934,27.137029189350972,27.22209930419922,17502,0.0,0.0
2016-10-19 00:00:00+08:00,27.222099201526916,28.838411331176758,27.222099201526916,28.838411331176758,35005,0.0,0.0
2016-10-20 00:00:00+08:00,28.66827346062731,28.75334358215332,28.242929535121338,28.75334358215332,31916,0.0,0.0
2016-10-21 00:00:00+08:00,28.15785363251198,28.242923736572266,28.07278686951305,28.242923736572266,12354,0.0,0.0
2016-10-24 00:00:00+08:00,28.07279137987126,28.498135286388507,28.07279137987126,28.285463333129883,3089,0.0,0.0
2016-10-25 00:00:00+08:00,28.157856918801055,28.45559897670002,28.072790145874023,28.072790145874023,26769,0.0,0.0
2016-10-26 00:00:00+08:00,27.987721187448745,28.072791304949913,27.902652740478516,27.902652740478516,12354,0.0,0.0
2016-10-27 00:00:00+08:00,27.81758262297735,27.902652740478516,27.81758262297735,27.902652740478516,5147,0.0,0.0
2016-10-28 00:00:00+08:00,27.817583825027185,27.987722396850586,27.732515374380988,27.987722396850586,42213,0.0,0.0
2016-10-31 00:00:00+08:00,28.072793020607982,28.157859802246094,28.072793020607982,28.157859802246094,15443,0.0,0.0
2016-11-01 00:00:00+08:00,28.328001514585686,28.58320855483985,28.328001514585686,28.498138427734375,18532,0.0,0.0
2016-11-02 00:00:00+08:00,28.072790145874023,28.072790145874023,27.98772003188525,28.072790145874023,10295,0.0,0.0
2016-11-03 00:00:00+08:00,28.07278686951305,28.242923736572266,28.07278686951305,28.242923736572266,10295,0.0,0.0
2016-11-04 00:00:00+08:00,28.3279972076416,28.3279972076416,28.3279972076416,28.3279972076416,2060,0.0,0.0
2016-11-07 00:00:00+08:00,27.98772003188525,28.072790145874023,27.902651588427346,28.072790145874023,23682,0.0,0.0
2016-11-08 00:00:00+08:00,28.07278984546223,28.07278984546223,27.817581176757812,27.817581176757812,12354,0.0,0.0
2016-11-09 00:00:00+08:00,27.477306307682177,27.477306307682177,27.22209930419922,27.22209930419922,15443,0.0,0.0
2016-11-10 00:00:00+08:00,27.222102484828756,27.945188522338867,27.222102484828756,27.945188522338867,12354,0.0,0.0
2016-11-11 00:00:00+08:00,27.647443771362305,27.647443771362305,27.56237532527559,27.647443771362305,59714,0.0,0.0
2016-11-14 00:00:00+08:00,27.56237475199954,27.56237475199954,27.22209930419922,27.22209930419922,30887,0.0,0.0
2016-11-15 00:00:00+08:00,27.051963776466128,27.179567292506807,26.796756744384766,26.796756744384766,39124,0.0,0.0
2016-11-16 00:00:00+08:00,26.796751938283894,27.477304458618164,26.796751938283894,27.477304458618164,27798,0.0,0.0
2016-11-17 00:00:00+08:00,27.519837842649146,27.519837842649146,27.477304458618164,27.477304458618164,15443,0.0,0.0
2016-11-18 00:00:00+08:00,28.072790518405085,28.072790518405085,27.604909896850586,27.604909896850586,13384,0.0,0.0
2016-11-21 00:00:00+08:00,27.22209930419922,27.647443196316896,27.051960745033615,27.22209930419922,14465,0.0,0.0
2016-11-22 00:00:00+08:00,27.051960715937057,27.22209927491966,27.051960715937057,27.09449577331543,7206,0.0,0.0
2016-11-23 00:00:00+08:00,26.96689365208496,26.96689365208496,26.796756744384766,26.796756744384766,12355,0.0,0.0
2016-11-24 00:00:00+08:00,27.222102354697395,27.222102354697395,26.796756744384766,26.796756744384766,11325,0.0,0.0
2016-11-25 00:00:00+08:00,26.966890335083008,26.966890335083008,26.79675344831012,26.966890335083008,5147,0.0,0.0
2016-11-28 00:00:00+08:00,26.966890335083008,26.966890335083008,26.966890335083008,26.966890335083008,2059,0.0,0.0
2016-11-29 00:00:00+08:00,26.966890335083008,26.966890335083008,26.966890335083008,26.966890335083008,0,0.0,0.0
2016-11-30 00:00:00+08:00,26.966891780327213,27.05196189880371,26.966891780327213,27.05196189880371,4118,0.0,0.0
2016-12-01 00:00:00+08:00,26.626615524291992,26.626615524291992,26.626615524291992,26.626615524291992,2059,0.0,0.0
2016-12-02 00:00:00+08:00,26.796754029747536,26.796754029747536,26.371408462524414,26.371408462524414,4118,0.0,0.0
2016-12-05 00:00:00+08:00,26.796754029747536,27.137029481207488,26.286338346761248,26.371408462524414,14413,0.0,0.0
2016-12-06 00:00:00+08:00,26.371408462524414,26.371408462524414,26.371408462524414,26.371408462524414,0,0.0,0.0
2016-12-07 00:00:00+08:00,26.413944662954837,26.413944662954837,25.86099556869977,26.073667526245117,17502,0.0,0.0
2016-12-08 00:00:00+08:00,26.073666750749865,26.073666750749865,25.775924682617188,25.775924682617188,10295,0.0,0.0
2016-12-09 00:00:00+08:00,25.60578478295108,25.77592333736603,25.18044090270996,25.18044090270996,46330,0.0,0.0
2016-12-12 00:00:00+08:00,25.52071564109123,25.52071564109123,25.2655086517334,25.2655086517334,13384,0.0,0.0
2016-12-13 00:00:00+08:00,25.265508723419046,25.520715713500977,25.265508723419046,25.520715713500977,9283,0.0,0.0
2016-12-14 00:00:00+08:00,25.35057830810547,25.35057830810547,25.35057830810547,25.35057830810547,1029,0.0,0.0
2016-12-15 00:00:00+08:00,25.350577163269424,26.626613784209873,25.350577163269424,25.520715713500977,11325,0.0,0.0
2016-12-16 00:00:00+08:00,25.520717513477827,25.520717513477827,25.010303497314453,25.010303497314453,29960,0.0,0.0
2016-12-19 00:00:00+08:00,24.840164935083024,25.520717513477827,24.840164935083024,25.010303497314453,11325,0.0,0.0
2016-12-20 00:00:00+08:00,25.01030197558518,25.01030197558518,24.670024871826172,24.670024871826172,15486,0.0,0.0
2016-12-21 00:00:00+08:00,24.670025746976197,25.35057830810547,24.457353802480558,25.35057830810547,16473,0.0,0.0
2016-12-22 00:00:00+08:00,25.52071745813155,25.52071745813155,24.670026319350193,24.755096435546875,21620,0.0,0.0
2016-12-23 00:00:00+08:00,24.584957873684424,25.180442004937554,24.584957873684424,24.755096435546875,14413,0.0,0.0
2016-12-26 00:00:00+08:00,25.09537130649835,25.35057830810547,24.840164304891232,25.35057830810547,8236,0.0,0.0
2016-12-27 00:00:00+08:00,25.01030155320395,25.01030155320395,24.840163004197795,24.88269805908203,7206,0.0,0.0
2016-12-28 00:00:00+08:00,24.882699302352083,25.09537124633789,24.882699302352083,25.09537124633789,3089,0.0,0.0
2016-12-29 00:00:00+08:00,25.095370724380007,25.095370724380007,24.925233840942383,24.925233840942383,3089,0.0,0.0
2016-12-30 00:00:00+08:00,25.010304265524738,25.350579729908496,24.925235817061537,25.308046340942383,7205,0.0,0.0
2017-01-03 00:00:00+08:00,24.92523266134227,24.9677677154541,24.92523266134227,24.9677677154541,4120,0.0,0.0
2017-01-04 00:00:00+08:00,25.520718410104426,25.946063995361328,25.520718410104426,25.946063995361328,2060,0.0,0.0
2017-01-05 00:00:00+08:00,25.946063995361328,25.946063995361328,25.946063995361328,25.946063995361328,0,0.0,0.0
2017-01-06 00:00:00+08:00,25.69085426373253,25.69085426373253,25.520715713500977,25.520715713500977,2060,0.0,0.0
2017-01-09 00:00:00+08:00,25.26550980384506,25.26550980384506,24.797629188333065,25.09537124633789,7208,0.0,0.0
2017-01-10 00:00:00+08:00,25.35057830810547,25.35057830810547,25.35057830810547,25.35057830810547,1029,0.0,0.0
2017-01-11 00:00:00+08:00,25.010303497314453,25.010303497314453,25.010303497314453,25.010303497314453,1029,0.0,0.0
2017-01-12 00:00:00+08:00,24.88270082417167,25.69085693359375,24.755097315869815,25.69085693359375,24709,0.0,0.0
2017-01-13 00:00:00+08:00,25.690855612770566,28.115322145858695,25.690855612770566,27.22209930419922,137242,0.0,0.0
2017-01-16 00:00:00+08:00,27.222099029171517,28.3279971467786,27.222099029171517,28.072790145874023,64869,0.0,0.0
2017-01-17 00:00:00+08:00,28.07279101338865,28.07279101338865,27.222099870397805,27.647443771362305,35005,0.0,0.0
2017-01-18 00:00:00+08:00,28.07278984546223,28.242926730557368,27.732512734210243,27.817581176757812,36035,0.0,0.0
2017-01-19 00:00:00+08:00,26.966892636441187,27.987722396850586,26.966892636441187,27.987722396850586,5312,0.0,0.0
2017-01-20 00:00:00+08:00,28.072792518027793,28.072792518027793,27.732515374380988,27.987722396850586,20593,0.0,0.0
2017-01-23 00:00:00+08:00,27.98771854494245,28.24292553228829,27.86011505126953,27.86011505126953,19564,0.0,0.0
2017-01-24 00:00:00+08:00,27.689977973986284,28.072790145874023,27.6474429169919,28.072790145874023,10296,0.0,0.0
2017-02-02 00:00:00+08:00,28.072790145874023,28.072790145874023,27.6474429169919,28.072790145874023,41183,0.0,0.0
2017-02-03 00:00:00+08:00,27.732512313814357,28.030254364013672,27.732512313814357,28.030254364013672,4118,0.0,0.0
2017-02-06 00:00:00+08:00,28.072792518027793,28.072792518027793,27.647445253203784,27.987722396850586,22652,0.0,0.0
2017-02-07 00:00:00+08:00,27.477305319509465,28.710805235139503,27.477305319509465,28.030254364013672,20591,0.0,0.0
2017-02-08 00:00:00+08:00,28.540665271085704,30.79499626159668,28.498130219783793,30.79499626159668,270142,0.0,0.0
2017-02-09 00:00:00+08:00,31.64569003833218,33.85748640492985,31.135276006203785,32.07103729248047,505620,0.0,0.0
2017-02-10 00:00:00+08:00,32.071040574790075,32.071040574790075,30.795005363873305,31.305416107177734,119499,0.0,0.0
2017-02-13 00:00:00+08:00,30.880064818881614,31.43301383583906,30.794998052392266,31.177806854248047,55899,0.0,0.0
2017-02-14 00:00:00+08:00,31.475553512573246,32.071037670767595,31.347951673567014,31.475553512573242,122517,0.0,0.0
2017-02-15 00:00:00+08:00,31.347949981689453,31.347949981689453,30.92260274548045,31.347949981689453,33976,0.0,0.0
2017-02-16 00:00:00+08:00,31.34795111924237,31.34795111924237,30.8800688083278,31.050209045410156,26090,0.0,0.0
2017-02-17 00:00:00+08:00,31.13528060913086,31.13528060913086,30.156987459767773,31.13528060913086,40152,0.0,0.0
2017-02-20 00:00:00+08:00,31.13528060913086,31.13528060913086,30.156987459767773,31.13528060913086,24709,0.0,0.0
2017-02-21 00:00:00+08:00,30.454718568035023,31.007667541503906,30.36964846717482,31.007667541503906,28827,0.0,0.0
2017-02-22 00:00:00+08:00,31.050209045410156,33.09186516190314,31.00767398613957,31.050209045410156,883467,0.0,0.0
2017-02-23 00:00:00+08:00,30.9651383541022,31.050208471069826,29.30629111960464,29.391361236572266,246065,0.0,0.0
2017-02-24 00:00:00+08:00,29.391362888311082,29.56149979074585,28.9234805597569,29.263757705688477,83394,0.0,0.0
2017-03-01 00:00:00+08:00,29.689100106665936,29.689100106665936,29.09361603416425,29.178686141967773,33975,0.0,0.0
2017-03-02 00:00:00+08:00,29.178692762453647,29.178692762453647,28.498138427734375,28.498138427734375,48543,0.0,0.0
2017-03-03 00:00:00+08:00,28.49813622166423,28.49813622166423,27.90265373067847,28.115324020385742,42212,0.0,0.0
2017-03-06 00:00:00+08:00,28.11531858048184,28.242923736572266,28.11531858048184,28.242923736572266,8236,0.0,0.0
2017-03-07 00:00:00+08:00,28.115326196822004,28.92348238113723,28.115326196822004,28.498138427734375,32946,0.0,0.0
2017-03-08 00:00:00+08:00,28.753340426964698,28.838410539155714,28.540668487548828,28.540668487548828,8239,0.0,0.0
2017-03-09 00:00:00+08:00,28.540669212233652,28.9234780446899,28.540669212233652,28.58320426940918,9267,0.0,0.0
2017-03-10 00:00:00+08:00,28.242929924946292,28.668273856323104,28.072793020607982,28.157859802246094,28875,0.0,0.0
2017-03-13 00:00:00+08:00,28.32799732613594,28.838411331176758,28.24292721160855,28.838411331176758,5147,0.0,0.0
2017-03-14 00:00:00+08:00,28.58320426940918,28.58320426940918,28.58320426940918,28.58320426940918,3092,0.0,0.0
2017-03-15 00:00:00+08:00,28.668271768460034,28.668271768460034,28.540669934764853,28.62574005126953,13384,0.0,0.0
2017-03-16 00:00:00+08:00,28.54067165703496,29.093620765559084,28.498136596215865,29.0085506439209,24778,0.0,0.0
2017-03-17 00:00:00+08:00,28.966015583101804,29.0085506439209,28.966015583101804,29.0085506439209,2162,0.0,0.0
2017-03-20 00:00:00+08:00,28.625743618392583,28.625743618392583,28.07279447433152,28.498138427734375,21622,0.0,0.0
2017-03-21 00:00:00+08:00,28.327999540497387,28.327999540497387,27.987722396850586,27.987722396850586,47361,0.0,0.0
2017-03-22 00:00:00+08:00,27.86011653143296,28.66827092061021,27.86011653143296,28.072790145874023,8236,0.0,0.0
2017-03-23 00:00:00+08:00,28.242929924946292,28.242929924946292,28.157859802246094,28.157859802246094,13487,0.0,0.0
2017-03-24 00:00:00+08:00,27.94518783655769,28.625742136035086,27.94518783655769,28.157859802246094,61773,0.0,0.0
2017-03-27 00:00:00+08:00,28.242927436845743,28.242927436845743,27.604909925456532,27.732513427734375,53539,0.0,0.0
2017-03-28 00:00:00+08:00,27.392237288089078,27.392237288089078,25.77592508771621,26.669151306152344,136931,0.0,0.0
2017-03-29 00:00:00+08:00,26.66915287755423,26.66915287755423,25.90353012084961,25.90353012084961,133998,0.0,0.0
2017-03-30 00:00:00+08:00,26.45647923992976,26.45647923992976,25.860996729749555,25.90353012084961,33976,0.0,0.0
2017-03-31 00:00:00+08:00,26.456475379692286,26.499010435117142,26.031129837036133,26.031129837036133,15444,0.0,0.0
2017-04-05 00:00:00+08:00,26.116201400756836,26.116201400756836,26.116201400756836,26.116201400756836,11556,0.0,0.0
2017-04-06 00:00:00+08:00,26.37141083692359,26.37141083692359,26.286340713500977,26.286340713500977,11325,0.0,0.0
2017-04-07 00:00:00+08:00,26.71168391398437,26.71168391398437,26.371408462524414,26.371408462524414,16652,0.0,0.0
2017-04-10 00:00:00+08:00,26.1587348436474,26.71168391398437,26.1587348436474,26.371408462524414,8236,0.0,0.0
2017-04-11 00:00:00+08:00,26.37141083692359,26.37141083692359,26.286340713500977,26.286340713500977,8236,0.0,0.0
2017-04-12 00:00:00+08:00,26.031129837036133,26.031129837036133,26.031129837036133,26.031129837036133,1029,0.0,0.0
2017-04-13 00:00:00+08:00,26.3288719193171,26.371406974799093,26.158733367919922,26.158733367919922,17502,0.0,0.0
2017-04-14 00:00:00+08:00,26.1587333327799,26.1587333327799,26.031129837036133,26.031129837036133,17502,0.0,0.0
2017-04-17 00:00:00+08:00,25.946062895301296,26.371408462524414,25.775924334305866,26.371408462524414,25739,0.0,0.0
2017-04-18 00:00:00+08:00,26.031132510521193,26.328874588012695,25.946064061465467,26.328874588012695,16473,0.0,0.0
2017-04-19 00:00:00+08:00,26.031129837036133,26.031129837036133,26.031129837036133,26.031129837036133,6486,0.0,0.0
2017-04-20 00:00:00+08:00,26.32887340464283,26.371408462524414,26.32887340464283,26.371408462524414,14413,0.0,0.0
2017-04-21 00:00:00+08:00,26.541547023519843,26.626615468752107,26.201269901528985,26.371408462524414,24709,0.0,0.0
2017-04-24 00:00:00+08:00,26.201268388204756,26.201268388204756,26.031129837036133,26.031129837036133,5158,0.0,0.0
2017-04-25 00:00:00+08:00,26.031129837036133,26.031129837036133,26.031129837036133,26.031129837036133,3088,0.0,0.0
2017-04-26 00:00:00+08:00,26.031132444200317,26.0736675038853,25.946063995361328,25.946063995361328,11325,0.0,0.0
2017-04-27 00:00:00+08:00,25.946061396717226,26.328871883948523,25.775922845548603,26.031129837036133,41182,0.0,0.0
2017-04-28 00:00:00+08:00,25.946063245911706,25.946063245911706,25.733391294691753,25.775924682617188,26768,0.0,0.0
2017-05-02 00:00:00+08:00,25.775922008165743,25.775922008165743,25.605783462524414,25.605783462524414,16473,0.0,0.0
2017-05-03 00:00:00+08:00,25.690854299634797,25.690854299634797,25.648319244384766,25.648319244384766,2059,0.0,0.0
2017-05-04 00:00:00+08:00,25.690853570610454,25.690853570610454,25.520715024969128,25.605783462524414,29857,0.0,0.0
2017-05-05 00:00:00+08:00,25.648319244384766,25.648319244384766,25.648319244384766,25.648319244384766,3442,0.0,0.0
2017-05-08 00:00:00+08:00,25.7333900504293,25.7333900504293,25.520716438961625,25.563251495361328,24710,0.0,0.0
2017-05-09 00:00:00+08:00,25.605783462524414,25.605783462524414,25.520715024969128,25.605783462524414,17502,0.0,0.0
2017-05-10 00:00:00+08:00,25.605785718856023,26.456476851493147,25.605785718856023,26.116201400756836,44271,0.0,0.0
2017-05-11 00:00:00+08:00,26.28633829085954,26.371408406441795,26.116201400756836,26.116201400756836,24709,0.0,0.0
2017-05-12 00:00:00+08:00,26.116202563570283,26.116202563570283,25.946063995361328,25.946063995361328,12354,0.0,0.0
2017-05-15 00:00:00+08:00,25.946063995361328,26.37140958061823,25.733392037998364,25.946063995361328,32946,0.0,0.0
2017-05-16 00:00:00+08:00,25.946063995361328,25.946063995361328,25.946063995361328,25.946063995361328,5147,0.0,0.0
2017-05-17 00:00:00+08:00,25.946062840123233,26.116201400756836,25.52071727380467,26.116201400756836,10295,0.0,0.0
2017-05-18 00:00:00+08:00,25.605783462524414,25.605783462524414,25.605783462524414,25.605783462524414,1132,0.0,0.0
2017-05-19 00:00:00+08:00,25.605783462524414,25.648318516567436,25.605783462524414,25.605783462524414,7206,0.0,0.0
2017-05-22 00:00:00+08:00,25.605783462524414,25.605783462524414,25.605783462524414,25.605783462524414,1029,0.0,0.0
2017-05-23 00:00:00+08:00,25.605784189134738,26.201268280511943,25.605784189134738,25.648319244384766,9266,0.0,0.0
2017-05-24 00:00:00+08:00,25.222976289466295,26.116202518110263,25.222976289466295,25.69085693359375,14413,0.0,0.0
2017-05-25 00:00:00+08:00,26.073664325159683,26.073664325159683,25.733388900756836,25.733388900756836,10295,0.0,0.0
2017-05-26 00:00:00+08:00,25.903526198623872,25.903526198623872,25.520715713500977,25.520715713500977,12354,0.0,0.0
2017-05-31 00:00:00+08:00,25.605786924180613,26.328874588012695,25.52071847512489,26.328874588012695,24710,0.0,0.0
2017-06-01 00:00:00+08:00,26.20127025558802,26.20127025558802,25.69085623623539,25.775924682617188,8236,0.0,0.0
2017-06-02 00:00:00+08:00,25.775924223591492,25.860994338989258,25.775924223591492,25.860994338989258,3088,0.0,0.0
2017-06-05 00:00:00+08:00,25.69085693359375,25.69085693359375,25.69085693359375,25.69085693359375,1029,0.0,0.0
2017-06-06 00:00:00+08:00,25.69085384625744,25.77592228472546,25.69085384625744,25.733388900756836,22650,0.0,0.0
2017-06-07 00:00:00+08:00,25.733392037998364,25.946063995361328,25.733392037998364,25.946063995361328,27901,0.0,0.0
2017-06-08 00:00:00+08:00,25.733388900756836,25.733388900756836,25.69085384625744,25.733388900756836,14413,0.0,0.0
2017-06-09 00:00:00+08:00,25.775924682617188,25.903528187455343,25.775924682617188,25.775924682617188,9266,0.0,0.0
2017-06-12 00:00:00+08:00,25.733392037998364,26.116202563570283,25.733392037998364,25.946063995361328,16473,0.0,0.0
2017-06-13 00:00:00+08:00,26.03113363521187,26.073668696842976,25.90353012084961,25.90353012084961,17502,0.0,0.0
2017-06-14 00:00:00+08:00,25.69085426373253,25.69085426373253,25.520715713500977,25.520715713500977,19561,0.0,0.0
2017-06-15 00:00:00+08:00,25.520719577762826,25.90353012084961,25.520719577762826,25.90353012084961,3088,0.0,0.0
2017-06-16 00:00:00+08:00,25.775925382284665,25.90352889058652,25.69085693359375,25.69085693359375,15443,0.0,0.0
2017-06-19 00:00:00+08:00,25.69085623623539,25.775924682617188,25.69085623623539,25.775924682617188,8245,0.0,0.0
2017-06-20 00:00:00+08:00,25.775924682617188,25.81845974107355,25.775924682617188,25.775924682617188,19664,0.0,0.0
2017-06-21 00:00:00+08:00,25.520717218459982,25.988597841555013,25.520717218459982,25.860994338989258,7206,0.0,0.0
2017-06-22 00:00:00+08:00,25.86099281396408,26.116199804046012,25.520715713500977,25.520715713500977,56625,0.0,0.0
2017-06-23 00:00:00+08:00,25.563250768691564,25.648319208541942,25.520715713500977,25.520715713500977,28827,0.0,0.0
2017-06-26 00:00:00+08:00,25.520715713500977,25.775922703582907,25.520715713500977,25.520715713500977,9266,0.0,0.0
2017-06-27 00:00:00+08:00,25.69085426373253,25.94606125381446,25.520715713500977,25.520715713500977,17502,0.0,0.0
2017-06-28 00:00:00+08:00,25.520715713500977,25.520715713500977,25.520715713500977,25.520715713500977,10326,0.0,0.0
2017-06-29 00:00:00+08:00,25.520715713500977,25.520715713500977,25.520715713500977,25.520715713500977,5147,0.0,0.0
2017-06-30 00:00:00+08:00,25.520715024969128,25.605783462524414,25.3505764793278,25.605783462524414,8236,0.0,0.0
2017-07-03 00:00:00+08:00,25.520715713500977,25.520715713500977,25.520715713500977,25.520715713500977,2059,0.0,0.0
2017-07-04 00:00:00+08:00,25.64832187398281,25.775925382284665,25.64832187398281,25.69085693359375,4118,0.0,0.0
2017-07-05 00:00:00+08:00,25.393114857379096,25.69085693359375,25.393114857379096,25.69085693359375,3088,0.0,0.0
2017-07-06 00:00:00+08:00,25.478179931640625,25.478179931640625,25.478179931640625,25.478179931640625,2059,0.0,0.0
2017-07-07 00:00:00+08:00,25.478179931640625,25.478179931640625,25.478179931640625,25.478179931640625,2059,0.0,0.0
2017-07-10 00:00:00+08:00,25.605783423042176,25.605783423042176,25.478179931640625,25.478179931640625,12354,0.0,0.0
2017-07-11 00:00:00+08:00,25.520715713500977,25.520715713500977,25.265508723419046,25.520715713500977,36035,0.0,0.0
2017-07-12 00:00:00+08:00,25.520718365680953,25.775925382284665,25.520718365680953,25.69085693359375,17502,0.0,0.0
2017-07-13 00:00:00+08:00,25.39311408996582,25.39311408996582,25.39311408996582,25.39311408996582,4118,0.0,0.0
2017-07-14 00:00:00+08:00,25.39311221846001,25.520715713500977,25.39311221846001,25.520715713500977,10296,0.0,0.0
2017-07-17 00:00:00+08:00,25.520718410104426,25.946063995361328,25.520718410104426,25.946063995361328,4118,0.0,0.0
2017-07-18 00:00:00+08:00,25.435648422328423,25.435648422328423,24.755095861199152,25.35057830810547,24709,0.0,0.0
2017-07-19 00:00:00+08:00,25.30804297756159,25.30804297756159,25.13790443271525,25.222972869873047,18532,0.0,0.0
2017-07-20 00:00:00+08:00,25.2655112814453,25.308046340942383,25.2655112814453,25.308046340942383,9266,0.0,0.0
2017-07-21 00:00:00+08:00,25.775921341317428,25.775921341317428,25.308042441071702,25.05283546447754,11384,0.0,0.0
2017-07-24 00:00:00+08:00,25.366017347728263,25.710546493530273,25.366017347728263,25.710546493530273,13384,0.35316,0.0
2017-07-25 00:00:00+08:00,25.409082412719727,25.409082412719727,25.409082412719727,25.409082412719727,2059,0.0,0.0
2017-07-26 00:00:00+08:00,25.409082412719727,25.495215967659032,25.409082412719727,25.409082412719727,6177,0.0,0.0
2017-07-27 00:00:00+08:00,25.366017326663844,25.409082412719727,25.322950549194193,25.409082412719727,4118,0.0,0.0
2017-07-28 00:00:00+08:00,24.978419712264515,25.88281189064459,24.978419712264515,25.409082412719727,6177,0.0,0.0
2017-07-31 00:00:00+08:00,25.452150344848633,25.452150344848633,25.452150344848633,25.452150344848633,1029,0.0,0.0
2017-08-01 00:00:00+08:00,25.452150344848633,26.184277137977446,24.547759816853855,25.452150344848633,24709,0.0,0.0
2017-08-02 00:00:00+08:00,24.978420845432613,25.83974628541782,24.978420845432613,25.452150344848633,11325,0.0,0.0
2017-08-03 00:00:00+08:00,25.236818706625787,25.710546493530273,25.236818706625787,25.710546493530273,3109,0.0,0.0
2017-08-04 00:00:00+08:00,25.409079809332496,25.753610610961914,25.193749326874308,25.753610610961914,23679,0.0,0.0
2017-08-07 00:00:00+08:00,25.409082412719727,25.409082412719727,25.409082412719727,25.409082412719727,5147,0.0,0.0
2017-08-08 00:00:00+08:00,25.409081405691904,25.409081405691904,24.76308822631836,24.76308822631836,6177,0.0,0.0
2017-08-09 00:00:00+08:00,24.935354232788086,24.935354232788086,24.935354232788086,24.935354232788086,11325,0.0,0.0
2017-08-10 00:00:00+08:00,24.289361022608322,24.720025437399208,24.289361022608322,24.547760009765625,7206,0.0,0.0
2017-08-11 00:00:00+08:00,24.547756486041113,25.366015035575817,24.547756486041113,25.23681640625,18532,0.0,0.0
2017-08-14 00:00:00+08:00,25.27988506428189,25.409082011824882,24.935354232788086,24.935354232788086,15494,0.0,0.0
2017-08-15 00:00:00+08:00,24.935353266512138,25.06455190046227,24.935353266512138,24.978418350219727,9369,0.0,0.0
2017-08-16 00:00:00+08:00,25.064553628958947,25.064553628958947,24.80615634323914,24.892288208007812,7206,0.0,0.0
2017-08-17 00:00:00+08:00,24.978418350219727,24.978418350219727,24.978418350219727,24.978418350219727,1029,0.0,0.0
2017-08-18 00:00:00+08:00,24.978418350219727,24.978418350219727,24.978418350219727,24.978418350219727,0,0.0,0.0
2017-08-21 00:00:00+08:00,25.1506847339114,25.1506847339114,24.892287455997923,24.935354232788086,7351,0.0,0.0
2017-08-22 00:00:00+08:00,24.935354443021094,25.32295036315918,24.935354443021094,25.32295036315918,5147,0.0,0.0
2017-08-23 00:00:00+08:00,24.935354232788086,24.935354232788086,24.935354232788086,24.935354232788086,28819,0.0,0.0
2017-08-24 00:00:00+08:00,24.978418350219727,24.978418350219727,24.978418350219727,24.978418350219727,5147,0.0,0.0
2017-08-25 00:00:00+08:00,25.064552495814723,25.150684356689453,25.064552495814723,25.150684356689453,12354,0.0,0.0
2017-08-28 00:00:00+08:00,25.409082412719727,25.409082412719727,25.409082412719727,25.409082412719727,1734,0.0,0.0
2017-08-29 00:00:00+08:00,25.409082412719727,25.409082412719727,25.409082412719727,25.409082412719727,5147,0.0,0.0
2017-08-30 00:00:00+08:00,25.19375172311315,25.409082226051943,25.19375172311315,25.32295036315918,4118,0.0,0.0
2017-08-31 00:00:00+08:00,25.32295036315918,25.32295036315918,25.32295036315918,25.32295036315918,0,0.0,0.0
2017-09-01 00:00:00+08:00,25.32295036315918,25.32295036315918,25.32295036315918,25.32295036315918,0,0.0,0.0
2017-09-04 00:00:00+08:00,25.32295036315918,25.49521578035847,25.32295036315918,25.32295036315918,3089,0.0,0.0
2017-09-05 00:00:00+08:00,25.409082412719727,25.409082412719727,25.409082412719727,25.409082412719727,2059,0.0,0.0
2017-09-06 00:00:00+08:00,26.528804900726698,26.528804900726698,25.32295036315918,25.32295036315918,6553,0.0,0.0
2017-09-07 00:00:00+08:00,25.409081102260473,25.66747837092415,25.409081102260473,25.58134651184082,9266,0.0,0.0
2017-09-08 00:00:00+08:00,25.409082412719727,25.409082412719727,25.409082412719727,25.409082412719727,6177,0.0,0.0
2017-09-11 00:00:00+08:00,25.409081102260473,25.753611921421168,25.409081102260473,25.58134651184082,14568,0.0,0.0
2017-09-12 00:00:00+08:00,26.098139917986327,26.098139917986327,25.83974266052246,25.83974266052246,26840,0.0,0.0
2017-09-13 00:00:00+08:00,25.925874320363025,26.01200786647718,25.753610610961914,25.753610610961914,10295,0.0,0.0
2017-09-14 00:00:00+08:00,25.667478561401367,25.667478561401367,25.667478561401367,25.667478561401367,10295,0.0,0.0
2017-09-15 00:00:00+08:00,25.667478561401367,25.667478561401367,25.667478561401367,25.667478561401367,3088,0.0,0.0
2017-09-18 00:00:00+08:00,25.538278437090128,25.753610610961914,25.538278437090128,25.753610610961914,6177,0.0,0.0
2017-09-19 00:00:00+08:00,25.753610610961914,25.753610610961914,25.753610610961914,25.753610610961914,4119,0.0,0.0
2017-09-20 00:00:00+08:00,25.75361080517238,25.83974266052246,25.40908000094482,25.83974266052246,6177,0.0,0.0
2017-09-21 00:00:00+08:00,25.83974266052246,25.83974266052246,25.83974266052246,25.83974266052246,1029,0.0,0.0
2017-09-22 00:00:00+08:00,25.495214462280273,25.495214462280273,25.495214462280273,25.495214462280273,4118,0.0,0.0
2017-09-25 00:00:00+08:00,25.322947511920862,25.495212909723925,25.279882431030273,25.279882431030273,7206,0.0,0.0
2017-09-26 00:00:00+08:00,25.40907956181479,25.40907956181479,25.322947707953272,25.36601448059082,9266,0.0,0.0
2017-09-27 00:00:00+08:00,25.366017326663844,25.409082412719727,25.366017326663844,25.409082412719727,9266,0.0,0.0
2017-09-28 00:00:00+08:00,25.40907956181479,25.40907956181479,25.36601448059082,25.36601448059082,3088,0.0,0.0
2017-09-29 00:00:00+08:00,25.36601714031244,25.36601714031244,25.236818500266413,25.32295036315918,8256,0.0,0.0
2017-10-02 00:00:00+08:00,25.452149190189377,25.452149190189377,25.409082412719727,25.409082412719727,2059,0.0,0.0
2017-10-03 00:00:00+08:00,25.452150344848633,25.452150344848633,25.409083565425217,25.452150344848633,7206,0.0,0.0
2017-10-05 00:00:00+08:00,25.538278579711914,25.538278579711914,25.409079951232755,25.538278579711914,8236,0.0,0.0
2017-10-06 00:00:00+08:00,25.409082249419146,25.624414443969727,25.32295038644717,25.624414443969727,11325,0.0,0.0
2017-10-11 00:00:00+08:00,25.452149026612016,25.624414443969727,25.150684969089458,25.624414443969727,6177,0.0,0.0
2017-10-12 00:00:00+08:00,25.753613084134575,26.098142227436238,25.624414443969727,25.624414443969727,23679,0.0,0.0
2017-10-13 00:00:00+08:00,25.409079809332496,25.753610610961914,25.322947954631942,25.753610610961914,11325,0.0,0.0
2017-10-16 00:00:00+08:00,25.83974358745327,26.012008995746605,25.495214462280273,25.495214462280273,5147,0.0,0.0
2017-10-17 00:00:00+08:00,25.667478561401367,25.839743972260088,25.495214841956344,25.667478561401367,16473,0.0,0.0
2017-10-18 00:00:00+08:00,25.839743780504495,25.839743780504495,25.53827973659231,25.58134651184082,23973,0.0,0.0
2017-10-19 00:00:00+08:00,25.667477064847763,25.753610610961914,25.667477064847763,25.753610610961914,16473,0.0,0.0
2017-10-20 00:00:00+08:00,25.75361075478625,25.75361075478625,25.538278579711914,25.538278579711914,14413,0.0,0.0
2017-10-23 00:00:00+08:00,25.624414443969727,25.753613084134575,25.624414443969727,25.624414443969727,8236,0.0,0.0
2017-10-24 00:00:00+08:00,25.83974266052246,26.098139917986327,25.83974266052246,25.83974266052246,24709,0.0,0.0
2017-10-25 00:00:00+08:00,26.01201057434082,26.055077351881174,25.882811933133546,26.01201057434082,18532,0.0,0.0
2017-10-26 00:00:00+08:00,25.839743853330212,26.184274673461914,25.753611994004128,26.184274673461914,3088,0.0,0.0
2017-10-27 00:00:00+08:00,26.227338401518946,26.35653702953561,26.05507469177246,26.05507469177246,42212,0.0,0.0
2017-10-30 00:00:00+08:00,26.5288047407962,28.63905143737793,26.5288047407962,28.63905143737793,155463,0.0,0.0
2017-10-31 00:00:00+08:00,29.371177442084118,30.146369302654644,27.648528299233906,27.69159507751465,265627,0.0,0.0
2017-11-01 00:00:00+08:00,27.86385241807262,30.447826385498047,27.86385241807262,30.447826385498047,465362,0.0,0.0
2017-11-02 00:00:00+08:00,30.57703153458599,30.57703153458599,28.423719835849216,29.28504180908203,248124,0.0,0.0
2017-11-03 00:00:00+08:00,29.285042174376432,29.371175725905072,28.682117462158203,28.682117462158203,46330,0.0,0.0
2017-11-06 00:00:00+08:00,29.11277894027191,29.11277894027191,27.648527145385742,27.648527145385742,74128,0.0,0.0
2017-11-07 00:00:00+08:00,27.648525477677442,28.16531999865179,27.648525477677442,28.036121368408203,18789,0.0,0.0
2017-11-08 00:00:00+08:00,28.036124213476562,28.036124213476562,27.3901309967041,27.3901309967041,36034,0.0,0.0
2017-11-09 00:00:00+08:00,27.433198925632308,27.433198925632308,27.13173484802246,27.13173484802246,27798,0.0,0.0
2017-11-10 00:00:00+08:00,27.1747989654541,27.648528454969213,27.1747989654541,27.1747989654541,27798,0.0,0.0
2017-11-13 00:00:00+08:00,27.04560012148629,27.04560012148629,26.787202835083008,26.787202835083008,24709,0.0,0.0
2017-11-14 00:00:00+08:00,26.70107136801809,26.873336791992188,26.012011363535528,26.873336791992188,20591,0.0,0.0
2017-11-15 00:00:00+08:00,28.079190220514086,28.079190220514086,27.174798050458733,27.433197021484375,19561,0.0,0.0
2017-11-16 00:00:00+08:00,26.614936480218695,26.744136810302734,26.614936480218695,26.744136810302734,7210,0.0,0.0
2017-11-17 00:00:00+08:00,26.744135805974455,27.08866493235249,26.09814094546841,26.485736846923828,16473,0.0,0.0
2017-11-20 00:00:00+08:00,26.098142623901367,26.141209401748476,25.968943981773826,26.098142623901367,6331,0.0,0.0
2017-11-21 00:00:00+08:00,26.098142623901367,26.098142623901367,26.098142623901367,26.098142623901367,2059,0.0,0.0
2017-11-22 00:00:00+08:00,26.18427676416774,26.356540496574446,26.18427676416774,26.270408630371094,5147,0.0,0.0
2017-11-23 00:00:00+08:00,26.270408630371094,26.270408630371094,26.270408630371094,26.270408630371094,2059,0.0,0.0
2017-11-24 00:00:00+08:00,26.270408642213273,26.57187271118164,26.184276775971092,26.57187271118164,3088,0.0,0.0
2017-11-27 00:00:00+08:00,26.571870961127168,26.571870961127168,26.356538772583008,26.356538772583008,5147,0.0,0.0
2017-11-28 00:00:00+08:00,26.356538772583008,26.356538772583008,26.356538772583008,26.356538772583008,3088,0.0,0.0
2017-11-29 00:00:00+08:00,27.13173240816953,27.562395095825195,27.13173240816953,27.562395095825195,2059,0.0,0.0
2017-11-30 00:00:00+08:00,26.744135805974455,26.744135805974455,26.485736846923828,26.485736846923828,10295,0.0,0.0
2017-12-01 00:00:00+08:00,26.48573747142397,26.9594669342041,26.48573747142397,26.9594669342041,2059,0.0,0.0
2017-12-04 00:00:00+08:00,26.74413756342992,27.174798576849362,26.70107078552246,26.70107078552246,14453,0.0,0.0
2017-12-05 00:00:00+08:00,26.70106797967775,26.70106797967775,25.83974266052246,25.83974266052246,5147,0.0,0.0
2017-12-06 00:00:00+08:00,25.882812695335268,26.270408630371094,25.839745916526677,26.270408630371094,11325,0.0,0.0
2017-12-07 00:00:00+08:00,25.925875676547584,26.70106917505741,25.882810592651367,25.882810592651367,6177,0.0,0.0
2017-12-08 00:00:00+08:00,25.66747837092415,25.753611921421168,25.58134651184082,25.58134651184082,12354,0.0,0.0
2017-12-11 00:00:00+08:00,25.66747725840868,25.83974266052246,25.66747725840868,25.83974266052246,7206,0.0,0.0
2017-12-12 00:00:00+08:00,25.796674728393555,25.796674728393555,25.796674728393555,25.796674728393555,11325,0.0,0.0
2017-12-13 00:00:00+08:00,25.839742517468952,26.05507469177246,25.839742517468952,26.05507469177246,2059,0.0,0.0
2017-12-14 00:00:00+08:00,26.31347540917968,26.31347540917968,26.270408630371094,26.270408630371094,6178,0.0,0.0
2017-12-15 00:00:00+08:00,25.925874710083008,25.925874710083008,25.925874710083008,25.925874710083008,1030,0.0,0.0
2017-12-18 00:00:00+08:00,25.882810592651367,25.882810592651367,25.882810592651367,25.882810592651367,1030,0.0,0.0
2017-12-19 00:00:00+08:00,25.88280943390431,25.88280943390431,25.83974266052246,25.83974266052246,5149,0.0,0.0
2017-12-20 00:00:00+08:00,25.882810592651367,25.882810592651367,25.882810592651367,25.882810592651367,4118,0.0,0.0
2017-12-21 00:00:00+08:00,25.88280943390431,25.88280943390431,25.83974266052246,25.83974266052246,6178,0.0,0.0
2017-12-22 00:00:00+08:00,25.83974266052246,25.83974266052246,25.83974266052246,25.83974266052246,0,0.0,0.0
2017-12-25 00:00:00+08:00,26.01201057434082,26.01201057434082,25.667479736845564,26.01201057434082,19563,0.0,0.0
2017-12-26 00:00:00+08:00,25.667477450683492,25.925874710083008,25.495213738692897,25.925874710083008,8236,0.0,0.0
2017-12-27 00:00:00+08:00,25.925877203926717,26.098142623901367,25.882812117493394,26.098142623901367,4231,0.0,0.0
2017-12-28 00:00:00+08:00,25.88281158178543,26.528804779052734,25.88281158178543,26.528804779052734,13384,0.0,0.0
2017-12-29 00:00:00+08:00,26.141206741333008,26.141206741333008,26.012008112354135,26.141206741333008,14414,0.0,0.0
2018-01-02 00:00:00+08:00,26.485738587398952,26.70107078552246,26.35653994509036,26.70107078552246,13384,0.0,0.0
2018-01-03 00:00:00+08:00,26.701071001675544,27.3901309967041,26.701071001675544,27.3901309967041,20592,0.0,0.0
2018-01-04 00:00:00+08:00,27.131734082246417,27.131734082246417,26.873336791992188,26.873336791992188,9266,0.0,0.0
2018-01-05 00:00:00+08:00,27.303998766866464,27.303998766866464,27.174800117234337,27.217866897583008,18532,0.0,0.0
2018-01-08 00:00:00+08:00,27.39013137250065,27.39013137250065,26.873336791992188,26.873336791992188,5147,0.0,0.0
2018-01-09 00:00:00+08:00,26.74413756342992,26.74413756342992,26.70107078552246,26.70107078552246,2059,0.0,0.0
2018-01-10 00:00:00+08:00,26.356538772583008,26.356538772583008,26.356538772583008,26.356538772583008,2059,0.0,0.0
2018-01-11 00:00:00+08:00,27.13173484802246,27.13173484802246,27.045601287897437,27.13173484802246,18532,0.0,0.0
2018-01-12 00:00:00+08:00,27.217866716733614,27.217866716733614,27.13173484802246,27.13173484802246,11336,0.0,0.0
2018-01-15 00:00:00+08:00,26.787203990350104,27.13173484802246,26.787203990350104,27.13173484802246,9266,0.0,0.0
2018-01-16 00:00:00+08:00,27.131733709995117,27.56239641831469,27.131733709995117,27.3901309967041,15443,0.0,0.0
2018-01-17 00:00:00+08:00,27.13173484802246,27.13173484802246,27.13173484802246,27.13173484802246,1029,0.0,0.0
2018-01-18 00:00:00+08:00,27.1747999366711,27.1747999366711,26.959469419186284,27.13173484802246,12354,0.0,0.0
2018-01-19 00:00:00+08:00,27.562395226245055,27.562395226245055,26.959467122391445,27.04559898376465,4119,0.0,0.0
2018-01-22 00:00:00+08:00,27.04559898376465,27.04559898376465,27.04559898376465,27.04559898376465,2,0.0,0.0
2018-01-23 00:00:00+08:00,27.1747989654541,27.1747989654541,27.1747989654541,27.1747989654541,1029,0.0,0.0
2018-01-24 00:00:00+08:00,27.217865542893083,27.217865542893083,26.787202835083008,26.787202835083008,3088,0.0,0.0
2018-01-25 00:00:00+08:00,26.830272674560547,26.830272674560547,26.830272674560547,26.830272674560547,1029,0.0,0.0
2018-01-26 00:00:00+08:00,26.52880418513559,26.87333501024076,26.356538772583008,26.356538772583008,8236,0.0,0.0
2018-01-29 00:00:00+08:00,26.270411259669935,26.830272674560547,26.270411259669935,26.830272674560547,11325,0.0,0.0
2018-01-30 00:00:00+08:00,26.356538772583008,26.356538772583008,26.356538772583008,26.356538772583008,4118,0.0,0.0
2018-01-31 00:00:00+08:00,26.313476165684314,26.356541254317186,26.22734260559082,26.22734260559082,11325,0.0,0.0
2018-02-01 00:00:00+08:00,26.098142623901367,26.098142623901367,26.098142623901367,26.098142623901367,1029,0.0,0.0
2018-02-02 00:00:00+08:00,26.098142623901367,26.098142623901367,26.098142623901367,26.098142623901367,0,0.0,0.0
2018-02-05 00:00:00+08:00,25.882812117493394,26.098142623901367,25.753613475365853,26.098142623901367,9266,0.0,0.0
2018-02-06 00:00:00+08:00,24.978418755488867,25.150684167355237,24.935353671082556,25.064552307128906,25739,0.0,0.0
2018-02-07 00:00:00+08:00,26.27040626247977,26.27040626247977,25.40908091242677,25.495214462280273,7206,0.0,0.0
2018-02-08 00:00:00+08:00,24.978419712264515,25.409082412719727,24.978419712264515,25.409082412719727,10297,0.0,0.0
2018-02-09 00:00:00+08:00,25.409082412719727,25.409082412719727,25.409082412719727,25.409082412719727,0,0.0,0.0
2018-02-12 00:00:00+08:00,24.978416716314737,25.279882431030273,24.117093110126568,25.279882431030273,8236,0.0,0.0
2018-02-21 00:00:00+08:00,25.75361075478625,25.75361075478625,25.409079951232755,25.538278579711914,5147,0.0,0.0
2018-02-22 00:00:00+08:00,25.538278579711914,25.538278579711914,25.538278579711914,25.538278579711914,2059,0.0,0.0
2018-02-23 00:00:00+08:00,25.538278579711914,25.538278579711914,25.538278579711914,25.538278579711914,0,0.0,0.0
2018-02-26 00:00:00+08:00,25.58134651184082,25.58134651184082,24.978418424016454,25.58134651184082,18532,0.0,0.0
2018-02-27 00:00:00+08:00,25.710546514385918,26.01201057434082,25.667479736845564,26.01201057434082,77217,0.0,0.0
2018-03-01 00:00:00+08:00,25.83974354729878,25.83974354729878,24.978418198584265,25.193750381469727,12354,0.0,0.0
2018-03-02 00:00:00+08:00,25.193751886775242,25.193751886775242,24.806155964119277,25.10761833190918,60744,0.0,0.0
2018-03-05 00:00:00+08:00,24.763088259216186,25.107617391535218,24.763088259216186,25.064552307128906,22650,0.0,0.0
2018-03-06 00:00:00+08:00,25.064551748303916,25.27988393118938,25.064551748303916,25.193750381469727,13384,0.0,0.0
2018-03-07 00:00:00+08:00,24.978418198584265,25.193750381469727,24.978418198584265,25.193750381469727,4118,0.0,0.0
2018-03-08 00:00:00+08:00,25.193749081454204,25.36601448059082,25.193749081454204,25.36601448059082,9266,0.0,0.0
2018-03-09 00:00:00+08:00,25.366015035575817,25.366015035575817,25.064551003344373,25.23681640625,8236,0.0,0.0
2018-03-12 00:00:00+08:00,25.409079809332496,25.753610610961914,25.409079809332496,25.753610610961914,36035,0.0,0.0
2018-03-13 00:00:00+08:00,25.753613291926268,26.01201057434082,25.40908245443101,26.01201057434082,23679,0.0,0.0
2018-03-14 00:00:00+08:00,25.839745916526677,26.270408630371094,25.839745916526677,26.270408630371094,3088,0.0,0.0
2018-03-15 00:00:00+08:00,25.83974266052246,25.83974266052246,25.83974266052246,25.83974266052246,3105,0.0,0.0
2018-03-16 00:00:00+08:00,25.75361080517238,25.83974266052246,25.75361080517238,25.83974266052246,2059,0.0,0.0
2018-03-19 00:00:00+08:00,25.925874710083008,25.925874710083008,25.925874710083008,25.925874710083008,1033,0.0,0.0
2018-03-20 00:00:00+08:00,25.83974266052246,25.83974266052246,25.83974266052246,25.83974266052246,3089,0.0,0.0
2018-03-21 00:00:00+08:00,25.83974266052246,25.83974266052246,25.75361080517238,25.83974266052246,8236,0.0,0.0
2018-03-22 00:00:00+08:00,25.667478561401367,25.667478561401367,25.667478561401367,25.667478561401367,1029,0.0,0.0
2018-03-23 00:00:00+08:00,25.45214806638824,25.667478561401367,25.45214806638824,25.667478561401367,7206,0.0,0.0
2018-03-26 00:00:00+08:00,25.667479736845564,26.01201057434082,25.667479736845564,26.01201057434082,35021,0.0,0.0
2018-03-27 00:00:00+08:00,26.27040715716463,27.347063035691452,25.839744467471156,27.04559898376465,31916,0.0,0.0
2018-03-28 00:00:00+08:00,26.873333433155707,26.873333433155707,26.141206741333008,26.141206741333008,9266,0.0,0.0
2018-03-29 00:00:00+08:00,26.356539908156453,26.356539908156453,26.098142623901367,26.098142623901367,2059,0.0,0.0
2018-03-30 00:00:00+08:00,26.09813977350228,26.1412065466457,25.968941145485616,26.05507469177246,18532,0.0,0.0
2018-04-02 00:00:00+08:00,26.055077351881174,26.09814243800775,26.01201057434082,26.01201057434082,9266,0.0,0.0
2018-04-03 00:00:00+08:00,23.42803487806304,26.184274673461914,23.42803487806304,26.184274673461914,23679,0.0,0.0
2018-04-09 00:00:00+08:00,25.796678378052842,26.52880513916993,25.796678378052842,26.01201057434082,13387,0.0,0.0
2018-04-10 00:00:00+08:00,26.48573914158639,26.528805920394976,26.270408630371094,26.270408630371094,5147,0.0,0.0
2018-04-11 00:00:00+08:00,26.27040750014581,26.528804779052734,26.27040750014581,26.528804779052734,22650,0.0,0.0
2018-04-12 00:00:00+08:00,26.270409567445206,26.614938735961914,26.270409567445206,26.614938735961914,8236,0.0,0.0
2018-04-13 00:00:00+08:00,26.35653994509036,26.70107078552246,26.35653994509036,26.70107078552246,11325,0.0,0.0
2018-04-16 00:00:00+08:00,26.70107078552246,27.088666712448234,26.70107078552246,26.70107078552246,9267,0.0,0.0
2018-04-17 00:00:00+08:00,26.399605548574584,26.399605548574584,26.270406912013573,26.356538772583008,7206,0.0,0.0
2018-04-18 00:00:00+08:00,26.356538772583008,26.356538772583008,26.356538772583008,26.356538772583008,2059,0.0,0.0
2018-04-19 00:00:00+08:00,26.356538772583008,26.356538772583008,26.356538772583008,26.356538772583008,11325,0.0,0.0
2018-04-20 00:00:00+08:00,26.356538772583008,26.399605548574584,26.356538772583008,26.356538772583008,6177,0.0,0.0
2018-04-23 00:00:00+08:00,26.356538772583008,26.356538772583008,26.356538772583008,26.356538772583008,2059,0.0,0.0
2018-04-24 00:00:00+08:00,26.356538772583008,26.356538772583008,26.356538772583008,26.356538772583008,3088,0.0,0.0
2018-04-25 00:00:00+08:00,26.227340136022,26.356538772583008,26.227340136022,26.356538772583008,4118,0.0,0.0
2018-04-26 00:00:00+08:00,26.528806866686207,27.1317350258578,26.528806866686207,26.614938735961914,17545,0.0,0.0
2018-04-27 00:00:00+08:00,26.356538772583008,26.356538772583008,26.356538772583008,26.356538772583008,2059,0.0,0.0
2018-04-30 00:00:00+08:00,26.91639959916453,27.13173178374344,26.8733345153797,27.088665008544922,26768,0.0,0.0
2018-05-02 00:00:00+08:00,27.131734082246417,27.99305781928925,26.873336791992188,26.873336791992188,17505,0.0,0.0
2018-05-03 00:00:00+08:00,27.131733677896587,27.131733677896587,26.787202835083008,26.787202835083008,16473,0.0,0.0
2018-05-04 00:00:00+08:00,26.528806866686207,26.614938735961914,26.184277698169502,26.614938735961914,12354,0.0,0.0
2018-05-07 00:00:00+08:00,26.614937229707543,26.70107078552246,26.614937229707543,26.70107078552246,6177,0.0,0.0
2018-05-08 00:00:00+08:00,26.787203234298225,26.873336791992188,26.787203234298225,26.873336791992188,8241,0.0,0.0
2018-05-09 00:00:00+08:00,26.87333755047513,27.13173484802246,26.87333755047513,27.13173484802246,13384,0.0,0.0
2018-05-10 00:00:00+08:00,27.045601287897437,27.13173484802246,27.045601287897437,27.13173484802246,4118,0.0,0.0
2018-05-11 00:00:00+08:00,27.131733490355693,27.131733490355693,26.70107078552246,26.70107078552246,24709,0.0,0.0
2018-05-14 00:00:00+08:00,26.70107212163895,27.13173484802246,26.70107212163895,27.13173484802246,10295,0.0,0.0
2018-05-15 00:00:00+08:00,27.13173484802246,27.1747999366711,27.13173484802246,27.13173484802246,13384,0.0,0.0
2018-05-16 00:00:00+08:00,27.04559941065279,27.433197021484375,27.04559941065279,27.433197021484375,6177,0.0,0.0
2018-05-17 00:00:00+08:00,27.131733892144272,27.47626304626465,26.78720304661008,27.47626304626465,9266,0.0,0.0
2018-05-18 00:00:00+08:00,27.519329824809876,27.519329824809876,27.47626304626465,27.47626304626465,3088,0.0,0.0
2018-05-21 00:00:00+08:00,27.777725593946165,27.777725593946165,27.562395095825195,27.562395095825195,4118,0.0,0.0
2018-05-22 00:00:00+08:00,27.562396603355104,27.562396603355104,27.47626304626465,27.47626304626465,20591,0.0,0.0
2018-05-23 00:00:00+08:00,27.3901309967041,27.56239641831469,27.3901309967041,27.3901309967041,9266,0.0,0.0
2018-05-24 00:00:00+08:00,27.51932856239251,28.337587168732277,27.47626178582292,28.251455307006836,24709,0.0,0.0
2018-05-25 00:00:00+08:00,28.251454149683283,28.251454149683283,28.20838737487793,28.20838737487793,3088,0.0,0.0
2018-05-28 00:00:00+08:00,28.854381721912397,28.854381721912397,27.73465906241298,28.251455307006836,21723,0.0,0.0
2018-05-29 00:00:00+08:00,28.208389449425983,28.251456227398624,27.993057250976562,27.993057250976562,10501,0.0,0.0
2018-05-30 00:00:00+08:00,27.993058978611902,27.993058978611902,27.90692710876465,27.90692710876465,6270,0.0,0.0
2018-05-31 00:00:00+08:00,27.906922738164617,28.07918814229394,27.906922738164617,28.036121368408203,4118,0.0,0.0
2018-06-01 00:00:00+08:00,27.993055937702586,28.165321350097656,27.993055937702586,28.165321350097656,5147,0.0,0.0
2018-06-04 00:00:00+08:00,28.165321350097656,28.165321350097656,28.165321350097656,28.165321350097656,1091,0.0,0.0
2018-06-05 00:00:00+08:00,28.16532175386766,28.251455307006836,28.16532175386766,28.251455307006836,6177,0.0,0.0
2018-06-06 00:00:00+08:00,28.07919099173266,28.07919099173266,27.217865575093512,27.3901309967041,13538,0.0,0.0
2018-06-07 00:00:00+08:00,27.3901309967041,27.3901309967041,27.3901309967041,27.3901309967041,0,0.0,0.0
2018-06-08 00:00:00+08:00,26.873336791992188,26.873336791992188,26.873336791992188,26.873336791992188,2059,0.0,0.0
2018-06-11 00:00:00+08:00,26.52880485142902,27.47626210714385,26.52880485142902,27.433197021484375,15443,0.0,0.0
2018-06-12 00:00:00+08:00,27.43319639698423,27.43319639698423,26.87333507343213,26.9594669342041,13384,0.0,0.0
2018-06-13 00:00:00+08:00,27.390130244411143,27.433197021484375,27.390130244411143,27.433197021484375,3088,0.0,0.0
2018-06-14 00:00:00+08:00,27.433197021484375,27.433197021484375,27.433197021484375,27.433197021484375,0,0.0,0.0
2018-06-15 00:00:00+08:00,27.433197021484375,27.433197021484375,27.433197021484375,27.433197021484375,0,0.0,0.0
2018-06-19 00:00:00+08:00,26.52880536530641,26.787202649923593,26.05507757397951,26.70107078552246,27798,0.0,0.0
2018-06-20 00:00:00+08:00,26.701070006571136,26.701070006571136,26.442672729492188,26.442672729492188,3088,0.0,0.0
2018-06-21 00:00:00+08:00,26.442672729492188,26.442672729492188,26.442672729492188,26.442672729492188,1029,0.0,0.0
2018-06-22 00:00:00+08:00,27.90692455833541,27.90692455833541,26.744136810302734,26.744136810302734,19561,0.0,0.0
2018-06-25 00:00:00+08:00,26.744136810302734,26.744136810302734,26.744136810302734,26.744136810302734,0,0.0,0.0
2018-06-26 00:00:00+08:00,27.131735028299552,27.217866897583008,27.08866824795088,27.217866897583008,35005,0.0,0.0
2018-06-27 00:00:00+08:00,27.390132327563805,27.562397757544606,27.217866897583008,27.217866897583008,6178,0.0,0.0
2018-06-28 00:00:00+08:00,27.217866897583008,27.217866897583008,27.217866897583008,27.217866897583008,9266,0.0,0.0
2018-06-29 00:00:00+08:00,26.959468288384528,27.3901309967041,26.959468288384528,27.3901309967041,3088,0.0,0.0
2018-07-02 00:00:00+08:00,27.39012868167844,27.39012868167844,27.30399513244629,27.30399513244629,3088,0.0,0.0
2018-07-03 00:00:00+08:00,26.916402994915003,27.6054630279541,26.78720434443354,27.6054630279541,21620,0.0,0.0
2018-07-04 00:00:00+08:00,27.217866897583008,27.217866897583008,27.217866897583008,27.217866897583008,1030,0.0,0.0
2018-07-05 00:00:00+08:00,27.217866897583008,27.217866897583008,27.217866897583008,27.217866897583008,0,0.0,0.0
2018-07-06 00:00:00+08:00,27.217866716733614,27.217866716733614,27.045601287897437,27.13173484802246,11325,0.0,0.0
2018-07-09 00:00:00+08:00,26.701070970086516,26.873336391493304,26.701070970086516,26.787202835083008,4118,0.0,0.0
2018-07-10 00:00:00+08:00,26.787202835083008,26.787202835083008,26.787202835083008,26.787202835083008,0,0.0,0.0
2018-07-11 00:00:00+08:00,26.9594669342041,26.9594669342041,26.9594669342041,26.9594669342041,1029,0.0,0.0
2018-07-12 00:00:00+08:00,27.43319757145788,27.56239621385396,27.002534866333008,27.002534866333008,5147,0.0,0.0
2018-07-13 00:00:00+08:00,27.002536199248794,27.13173484802246,27.002536199248794,27.13173484802246,8236,0.0,0.0
2018-07-16 00:00:00+08:00,27.13173484802246,27.13173484802246,27.13173484802246,27.13173484802246,6177,0.0,0.0
2018-07-17 00:00:00+08:00,26.9594669342041,26.9594669342041,26.9594669342041,26.9594669342041,3088,0.0,0.0
2018-07-18 00:00:00+08:00,26.9594669342041,26.9594669342041,26.9594669342041,26.9594669342041,1,0.0,0.0
2018-07-19 00:00:00+08:00,26.74413756342992,26.74413756342992,26.05507757397951,26.70107078552246,8237,0.0,0.0
2018-07-20 00:00:00+08:00,26.701069660474474,26.9594669342041,26.701069660474474,26.9594669342041,2059,0.0,0.0
2018-07-23 00:00:00+08:00,26.95946731094865,26.95946731094865,26.701070033608055,26.744136810302734,10295,0.0,0.0
2018-07-24 00:00:00+08:00,26.744137748291664,26.787202835083008,26.356540127272936,26.787202835083008,7206,0.0,0.0
2018-07-25 00:00:00+08:00,26.787202835083008,26.787202835083008,26.787202835083008,26.787202835083008,0,0.0,0.0
2018-07-26 00:00:00+08:00,26.787202835083008,26.787202835083008,26.787202835083008,26.787202835083008,0,0.0,0.0
2018-07-27 00:00:00+08:00,26.873336223936924,27.002534866333008,26.787202668063674,27.002534866333008,9266,0.0,0.0
2018-07-30 00:00:00+08:00,26.787202649923593,26.787202649923593,26.70107078552246,26.70107078552246,12354,0.0,0.0
2018-07-31 00:00:00+08:00,26.787202835083008,26.787202835083008,26.787202835083008,26.787202835083008,7206,0.0,0.0
2018-08-01 00:00:00+08:00,26.787202835083008,26.787202835083008,26.787202835083008,26.787202835083008,0,0.0,0.0
2018-08-02 00:00:00+08:00,26.873339457679517,26.873339457679517,26.830272674560547,26.830272674560547,11325,0.0,0.0
2018-08-03 00:00:00+08:00,26.87333544897303,26.87333544897303,26.744136810302734,26.744136810302734,6177,0.0,0.0
2018-08-06 00:00:00+08:00,26.95947133250346,26.95947133250346,26.830272674560547,26.830272674560547,6177,0.0,0.0
2018-08-07 00:00:00+08:00,26.399606704711914,26.399606704711914,26.399606704711914,26.399606704711914,1029,0.0,0.0
2018-08-08 00:00:00+08:00,29.026647580270716,29.026647580270716,27.734661102294922,27.734661102294922,22650,0.0,0.0
2018-08-09 00:00:00+08:00,27.820791353598217,27.906923211416707,27.30399513244629,27.30399513244629,11325,0.0,0.0
2018-08-10 00:00:00+08:00,27.30399579568587,28.07918930053711,27.30399579568587,28.07918930053711,12354,0.0,0.0
2018-08-13 00:00:00+08:00,27.863860328917028,27.863860328917028,27.6054630279541,27.6054630279541,20591,0.0,0.0
2018-08-14 00:00:00+08:00,27.648528665209376,27.863859176635742,27.648528665209376,27.863859176635742,5147,0.0,0.0
2018-08-15 00:00:00+08:00,27.86385828066025,28.46678470811499,27.734659639676106,28.423721313476562,19562,0.0,0.0
2018-08-16 00:00:00+08:00,27.99305355161717,28.59598159790039,27.605457675326626,28.59598159790039,21620,0.0,0.0
2018-08-17 00:00:00+08:00,28.552919779857284,28.552919779857284,27.949993320373416,28.337589263916016,23679,0.0,0.0
2018-08-20 00:00:00+08:00,28.122255516680887,28.20838737487793,28.079188741875534,28.20838737487793,10295,0.0,0.0
2018-08-21 00:00:00+08:00,28.20839097516446,28.85438422262569,28.20839097516446,28.50985336303711,23679,0.0,0.0
2018-08-22 00:00:00+08:00,28.4237201903997,28.682117462158203,28.25145477875613,28.682117462158203,10295,0.0,0.0
2018-08-23 00:00:00+08:00,28.725181990083275,28.85438232248119,28.079190476576336,28.423721313476562,7206,0.0,0.0
2018-08-24 00:00:00+08:00,28.42372321966609,28.42372321966609,28.42372321966609,28.12225914001465,3298,0.0,0.0
2018-08-27 00:00:00+08:00,28.569614274448778,29.005126953125,28.569614274448778,29.005126953125,13384,0.35316,0.0
2018-08-28 00:00:00+08:00,29.092227935791016,29.26643506485524,29.00512779218281,29.092227935791016,10295,0.0,0.0
2018-08-29 00:00:00+08:00,29.222883738541487,29.440639232345404,28.961576461791992,28.961576461791992,26768,0.0,0.0
2018-08-30 00:00:00+08:00,29.005125403549155,29.353532791137695,29.005125403549155,29.353532791137695,5148,0.0,0.0
2018-08-31 00:00:00+08:00,29.353532791137695,29.353532791137695,29.353532791137695,29.353532791137695,0,0.0,0.0
2018-09-03 00:00:00+08:00,29.44064194129635,29.44064194129635,29.17933464050293,29.17933464050293,7207,0.0,0.0
2018-09-04 00:00:00+08:00,29.52774551520225,29.52774551520225,29.17933464050293,29.17933464050293,2059,0.0,0.0
2018-09-05 00:00:00+08:00,29.614840359321967,29.614840359321967,28.91802215576172,28.91802215576172,10295,0.0,0.0
2018-09-06 00:00:00+08:00,28.74382209777832,28.74382209777832,28.656718528463518,28.74382209777832,22650,0.0,0.0
2018-09-07 00:00:00+08:00,28.700267465607677,29.135778427124023,28.613163904934908,29.135778427124023,11325,0.0,0.0
2018-09-10 00:00:00+08:00,29.266432968003674,29.266432968003674,28.874470376616017,28.91802215576172,21620,0.0,0.0
2018-09-11 00:00:00+08:00,29.266434218238352,29.266434218238352,29.005126953125,29.005126953125,8236,0.0,0.0
2018-09-12 00:00:00+08:00,29.17933464050293,29.17933464050293,29.005130913615407,29.17933464050293,17502,0.0,0.0
2018-09-13 00:00:00+08:00,29.17933464050293,29.17933464050293,28.918027339709507,29.17933464050293,27798,0.0,0.0
2018-09-14 00:00:00+08:00,29.484191473362888,30.442317029355326,29.484191473362888,30.050357818603516,54566,0.0,0.0
2018-09-17 00:00:00+08:00,29.87615154286994,30.224558940120247,29.789047983095504,30.13745880126953,24744,0.0,0.0
2018-09-18 00:00:00+08:00,30.137461385847924,30.398768666657137,30.050357818603516,30.050357818603516,20591,0.0,0.0
2018-09-19 00:00:00+08:00,30.050357818603516,30.137461385847924,29.963254251359107,30.050357818603516,6177,0.0,0.0
2018-09-20 00:00:00+08:00,29.963254251359107,30.050357818603516,29.963254251359107,30.050357818603516,11325,0.0,0.0
2018-09-21 00:00:00+08:00,29.789050537794303,30.050357818603516,29.789050537794303,30.050357818603516,5147,0.0,0.0
2018-09-25 00:00:00+08:00,30.050357818603516,30.050357818603516,30.050357818603516,30.050357818603516,4118,0.0,0.0
2018-09-26 00:00:00+08:00,30.268113999910714,30.268113999910714,29.963254928588867,29.963254928588867,11325,0.0,0.0
2018-09-27 00:00:00+08:00,30.050358432772843,30.093910217285156,30.050358432772843,30.093910217285156,5147,0.0,0.0
2018-09-28 00:00:00+08:00,30.05035546554187,30.268110945677762,29.963251905118014,30.181007385253906,33975,0.0,0.0
2018-10-01 00:00:00+08:00,30.485865125791697,30.485865125791697,30.224557876586914,30.224557876586914,14413,0.0,0.0
2018-10-02 00:00:00+08:00,30.181007385253906,30.181007385253906,30.181007385253906,30.181007385253906,1029,0.0,0.0
2018-10-03 00:00:00+08:00,30.224559165465834,30.224559165465834,29.222881904286478,30.181007385253906,9266,0.0,0.0
2018-10-04 00:00:00+08:00,29.61484146118164,29.963252286386687,29.61484146118164,29.61484146118164,9266,0.0,0.0
2018-10-05 00:00:00+08:00,29.179333517290743,29.832603454589844,29.179333517290743,29.832603454589844,7206,0.0,0.0
2018-10-08 00:00:00+08:00,29.87615203857422,29.87615203857422,29.701944916134906,29.87615203857422,16473,0.0,0.0
2018-10-09 00:00:00+08:00,29.61484320826714,29.61484320826714,29.44063949584961,29.44063949584961,12354,0.0,0.0
2018-10-11 00:00:00+08:00,28.743821165661252,29.5712947845459,28.221204898106215,29.5712947845459,30886,0.0,0.0
2018-10-12 00:00:00+08:00,29.179331709454434,29.701946258544922,29.179331709454434,29.701946258544922,6177,0.0,0.0
2018-10-15 00:00:00+08:00,29.309987505999377,29.5712947845459,28.743821165661252,29.5712947845459,19561,0.0,0.0
2018-10-16 00:00:00+08:00,29.44063949584961,29.44063949584961,29.44063949584961,29.44063949584961,3109,0.0,0.0
2018-10-17 00:00:00+08:00,29.44063949584961,29.44063949584961,29.266435783432083,29.44063949584961,4118,0.0,0.0
2018-10-18 00:00:00+08:00,29.44064194129635,29.61484566818387,29.17933464050293,29.17933464050293,6177,0.0,0.0
2018-10-19 00:00:00+08:00,29.17933464050293,29.17933464050293,29.17933464050293,29.17933464050293,0,0.0,0.0
2018-10-22 00:00:00+08:00,29.61484146118164,29.61484146118164,29.61484146118164,29.61484146118164,6188,0.0,0.0
2018-10-23 00:00:00+08:00,29.179331709454434,29.701946258544922,29.179331709454434,29.701946258544922,5147,0.0,0.0
2018-10-24 00:00:00+08:00,29.745497366968436,29.78904914855957,29.571293661527754,29.78904914855957,11325,0.0,0.0
2018-10-25 00:00:00+08:00,29.614842693388532,29.745498041123117,29.309987057189023,29.701946258544922,20591,0.0,0.0
2018-10-26 00:00:00+08:00,29.61484566818387,29.61484566818387,29.17933464050293,29.17933464050293,11325,0.0,0.0
2018-10-29 00:00:00+08:00,29.22288642745588,29.22288642745588,29.09223106659703,29.17933464050293,7206,0.0,0.0
2018-10-30 00:00:00+08:00,29.17933464050293,29.17933464050293,29.17933464050293,29.17933464050293,1029,0.0,0.0
2018-10-31 00:00:00+08:00,29.179332056975166,29.266435623168945,29.179332056975166,29.266435623168945,2059,0.0,0.0
2018-11-01 00:00:00+08:00,29.17933066865882,30.355215072631836,28.787368060359878,30.355215072631836,6177,0.0,0.0
2018-11-02 00:00:00+08:00,29.789049658964444,29.789049658964444,29.527742385864258,29.527742385864258,3088,0.0,0.0
2018-11-05 00:00:00+08:00,29.614841637058703,30.747174260006968,29.614841637058703,30.355215072631836,56625,0.0,0.0
2018-11-06 00:00:00+08:00,30.311660144422802,30.35521192092568,30.268108367919922,30.268108367919922,70054,0.0,0.0
2018-11-07 00:00:00+08:00,30.050355241495094,30.13745880126953,29.745496203208287,30.13745880126953,6177,0.0,0.0
2018-11-08 00:00:00+08:00,30.224557876586914,30.224557876586914,30.181006098232185,30.224557876586914,9266,0.0,0.0
2018-11-09 00:00:00+08:00,29.789050537794303,30.050357818603516,29.701946970549894,30.050357818603516,7206,0.0,0.0
2018-11-12 00:00:00+08:00,30.355215241170093,30.660074289112174,30.13745975576113,30.5294189453125,14413,0.0,0.0
2018-11-13 00:00:00+08:00,30.485863975872935,30.572967529296875,30.485863975872935,30.572967529296875,17502,0.0,0.0
2018-11-14 00:00:00+08:00,30.747170549927358,30.747170549927358,30.485863316233065,30.660070419311523,13384,0.0,0.0
2018-11-15 00:00:00+08:00,30.224556082538776,30.660070419311523,30.18100430676916,30.660070419311523,8236,0.0,0.0
2018-11-16 00:00:00+08:00,30.660070419311523,30.703622195081138,30.137455951922945,30.660070419311523,15443,0.0,0.0
2018-11-19 00:00:00+08:00,30.747173083776797,30.747173083776797,29.963251318091576,30.703624725341797,19561,0.0,0.0
2018-11-20 00:00:00+08:00,30.660070419311523,30.660070419311523,30.660070419311523,30.660070419311523,1029,0.0,0.0
2018-11-21 00:00:00+08:00,29.919702529907227,29.919702529907227,29.919702529907227,29.919702529907227,3088,0.0,0.0
2018-11-22 00:00:00+08:00,30.137461385847924,30.268113315790522,29.83260232141651,30.050357818603516,15502,0.0,0.0
2018-11-23 00:00:00+08:00,28.134103285694618,30.050357818603516,28.134103285694618,30.050357818603516,9266,0.0,0.0
2018-11-26 00:00:00+08:00,30.48586382951086,30.48586382951086,29.658390338726548,30.268108367919922,3088,0.0,0.0
2018-11-27 00:00:00+08:00,29.963252854000253,30.137459980364792,29.745497366968436,29.78904914855957,12354,0.0,0.0
2018-11-28 00:00:00+08:00,29.44063968974068,30.137461385847924,29.44063968974068,30.050357818603516,18532,0.0,0.0
2018-11-29 00:00:00+08:00,30.398768666657137,30.398768666657137,30.00680603498131,30.050357818603516,25739,0.0,0.0
2018-11-30 00:00:00+08:00,30.050357818603516,30.050357818603516,30.050357818603516,30.050357818603516,6177,0.0,0.0
2018-12-03 00:00:00+08:00,30.13745880126953,30.3552142797819,29.91969990183344,30.13745880126953,37065,0.0,0.0
2018-12-04 00:00:00+08:00,30.22456221530415,30.22456221530415,29.745499426480148,29.963254928588867,39123,0.0,0.0
2018-12-05 00:00:00+08:00,30.050357818603516,30.050357818603516,30.050357818603516,30.050357818603516,2059,0.0,0.0
2018-12-06 00:00:00+08:00,29.614841354915246,30.050355740089753,29.614841354915246,29.87615203857422,11325,0.0,0.0
2018-12-07 00:00:00+08:00,29.745496203208287,30.13745880126953,29.745496203208287,30.13745880126953,16473,0.0,0.0
2018-12-10 00:00:00+08:00,30.224558940120247,30.224558940120247,30.13745880126953,30.13745880126953,11325,0.0,0.0
2018-12-11 00:00:00+08:00,29.745498754172097,30.050357818603516,29.614843403305485,30.050357818603516,27798,0.0,0.0
2018-12-12 00:00:00+08:00,30.05035896004816,30.311666250782974,29.61484452820738,29.832603454589844,23679,0.0,0.0
2018-12-13 00:00:00+08:00,29.83260025796439,29.87615203857422,29.701944916134906,29.87615203857422,9310,0.0,0.0
2018-12-14 00:00:00+08:00,29.87615203857422,29.87615203857422,29.87615203857422,29.87615203857422,0,0.0,0.0
2018-12-17 00:00:00+08:00,31.22624192499039,31.26979028717576,30.485868453979492,30.485868453979492,22650,0.0,0.0
2018-12-18 00:00:00+08:00,30.660070419311523,30.660070419311523,30.660070419311523,30.660070419311523,5147,0.0,0.0
2018-12-19 00:00:00+08:00,30.48586491120877,32.05370839540178,30.48586491120877,31.095582962036133,49419,0.0,0.0
2018-12-20 00:00:00+08:00,31.095585374326287,31.139137155753065,30.485867276199063,30.834278106689453,13384,0.0,0.0
2018-12-21 00:00:00+08:00,31.356893328144462,31.356893328144462,30.050356961369424,30.747175216674805,7206,0.0,0.0
2018-12-24 00:00:00+08:00,30.964929428775427,30.964929428775427,30.44231154046345,30.660070419311523,4122,0.0,0.0
2018-12-25 00:00:00+08:00,30.572966867772294,30.660070419311523,30.485863316233065,30.660070419311523,13384,0.0,0.0
2018-12-26 00:00:00+08:00,30.05035305060019,30.572967529296875,29.96324949717625,30.572967529296875,9266,0.0,0.0
2018-12-27 00:00:00+08:00,30.747170549927358,30.747170549927358,30.224556082538776,30.660070419311523,23679,0.0,0.0
2018-12-28 00:00:00+08:00,30.660073615637053,30.74717375533311,29.96325197252607,30.61652183532715,19561,0.0,0.0
2019-01-02 00:00:00+08:00,31.792404568959853,31.792404568959853,31.095582962036133,31.095582962036133,35005,0.0,0.0
2019-01-03 00:00:00+08:00,30.52941509200268,30.660070419311523,30.09390417615333,30.660070419311523,43241,0.0,0.0
2019-01-04 00:00:00+08:00,30.311659634078005,30.660070419311523,30.311659634078005,30.660070419311523,15443,0.0,0.0
2019-01-07 00:00:00+08:00,30.790722325696972,30.834274101466587,30.485863316233065,30.660070419311523,14458,0.0,0.0
2019-01-08 00:00:00+08:00,30.834274101466587,30.834274101466587,30.660070419311523,30.660070419311523,7206,0.0,0.0
2019-01-09 00:00:00+08:00,30.44231154046345,30.660070419311523,30.44231154046345,30.660070419311523,2059,0.0,0.0
2019-01-10 00:00:00+08:00,31.875456279257047,32.40819331941768,31.342719239096414,31.964242935180664,77770,0.0,0.0
2019-01-11 00:00:00+08:00,33.695642298766,33.74003562859517,32.230614521468524,32.31940460205078,51510,0.0,0.0
2019-01-14 00:00:00+08:00,32.58577355434132,32.67456364073143,32.141826543314934,32.363800048828125,29305,0.0,0.0
2019-01-15 00:00:00+08:00,32.186219837761065,32.186219837761065,31.964242935180664,31.964242935180664,22220,0.0,0.0
2019-01-16 00:00:00+08:00,31.697875047005514,32.05303192138672,31.697875047005514,32.05303192138672,25251,0.0,0.0
2019-01-17 00:00:00+08:00,32.05303301202807,32.05303301202807,31.964242935180664,31.964242935180664,25252,0.0,0.0
2019-01-18 00:00:00+08:00,32.14182662963867,32.40819688952439,32.14182662963867,32.14182662963867,14140,0.0,0.0
2019-01-21 00:00:00+08:00,31.964242935180664,32.186219837761065,31.964242935180664,31.964242935180664,14246,0.0,0.0
2019-01-22 00:00:00+08:00,31.56468936194694,31.742269515991214,31.56468936194694,31.74226951599121,19084,0.0,0.0
2019-01-23 00:00:00+08:00,31.609086990356445,31.69787706984892,31.431506831371486,31.609086990356445,22241,0.0,0.0
2019-01-24 00:00:00+08:00,31.52029203037614,31.697872161865234,31.076345122576765,31.697872161865234,13143,0.0,0.0
2019-01-25 00:00:00+08:00,31.43150504706129,31.43150504706129,30.76558462005664,31.165138244628906,29300,0.0,0.0
2019-01-28 00:00:00+08:00,30.98756048146349,31.076350562751482,30.8987704001755,31.031953811645508,15168,0.0,0.0
2019-01-29 00:00:00+08:00,30.14405672528658,31.07634735107422,30.09966339969252,31.07634735107422,11110,0.0,0.0
2019-01-30 00:00:00+08:00,31.031952920699457,31.031952920699457,30.321639132636967,30.454822540283203,7147,0.0,0.0
2019-02-11 00:00:00+08:00,30.366032461544428,30.72118935557567,30.366032461544428,30.454822540283203,24240,0.0,0.0
2019-02-12 00:00:00+08:00,30.366030295479664,30.632400512695312,30.18845015066923,30.632400512695312,18180,0.0,0.0
2019-02-13 00:00:00+08:00,31.253929828008324,31.253929828008324,30.366032461544428,30.454822540283203,14437,0.0,0.0
2019-02-14 00:00:00+08:00,30.09966511073251,30.3660319212859,29.87768820737295,30.188451766967773,59590,0.0,0.0
2019-02-15 00:00:00+08:00,29.611324647666947,30.36603525498838,29.611324647666947,30.32164192199707,21210,0.0,0.0
2019-02-18 00:00:00+08:00,30.366035372948076,30.588008880615234,29.92208835761376,30.588008880615234,55624,0.0,0.0
2019-02-19 00:00:00+08:00,30.632403442144682,30.809980183013586,30.632403442144682,30.765586853027344,18182,0.0,0.0
2019-02-20 00:00:00+08:00,31.875457106966675,31.875457106966675,30.366032603213185,30.721189498901367,34340,0.0,0.0
2019-02-21 00:00:00+08:00,30.72118624824553,30.987556457519535,30.72118624824553,30.98755645751953,13130,0.0,0.0
2019-02-22 00:00:00+08:00,30.94316619510552,30.987559523915735,30.63240263066244,30.676795959472656,9090,0.0,0.0
2019-02-25 00:00:00+08:00,30.676794601597187,30.98755815228465,30.676794601597187,30.943164825439453,25250,0.0,0.0
2019-02-26 00:00:00+08:00,30.49921417236328,30.632400993523508,30.49921417236328,30.49921417236328,5050,0.0,0.0
2019-02-27 00:00:00+08:00,30.366030295479664,30.632400512695312,30.366030295479664,30.632400512695312,3116,0.0,0.0
2019-03-04 00:00:00+08:00,30.80997957805438,30.80997957805438,30.632402840672228,30.721189498901367,18230,0.0,0.0
2019-03-05 00:00:00+08:00,30.765586228096627,31.520296769000133,30.765586228096627,31.34272003173828,10186,0.0,0.0
2019-03-06 00:00:00+08:00,29.74450602318694,29.9220861847952,28.9453987168737,29.655715942382812,398823,0.0,0.0
2019-03-07 00:00:00+08:00,29.65571436802922,29.65571436802922,29.256160736083984,29.256160736083984,111526,0.0,0.0
2019-03-08 00:00:00+08:00,29.0341879875606,29.0341879875606,28.634636056014322,28.856611251831055,83830,0.0,0.0
2019-03-11 00:00:00+08:00,28.856612568992002,29.966480046426003,28.59024232185344,29.922086715698242,56857,0.0,0.0
2019-03-12 00:00:00+08:00,29.922086792565825,29.922086792565825,29.211769552628912,29.70011329650879,46843,0.0,0.0
2019-03-13 00:00:00+08:00,29.833294942220533,29.96647834777832,29.52253138196982,29.96647834777832,89342,0.0,0.0
2019-03-14 00:00:00+08:00,29.7445068359375,30.055270416781415,29.7445068359375,29.7445068359375,48299,0.0,0.0
2019-03-15 00:00:00+08:00,29.74450691495135,29.74450691495135,29.38935000201087,29.522533416748047,60665,0.0,0.0
2019-03-18 00:00:00+08:00,29.52253129805585,29.52253129805585,28.945397507406184,29.478137969970703,69690,0.0,0.0
2019-03-19 00:00:00+08:00,29.700113583680306,29.700113583680306,29.38935000201087,29.522533416748047,21358,0.0,0.0
2019-03-20 00:00:00+08:00,29.70010979705568,29.70010979705568,28.945395894278082,29.300556182861328,108070,0.0,0.0
2019-03-21 00:00:00+08:00,29.300560077778762,29.300560077778762,29.07858657836914,29.07858657836914,8080,0.0,0.0
2019-03-22 00:00:00+08:00,29.122979909881444,29.122979909881444,29.07858657836914,29.07858657836914,17170,0.0,0.0
2019-03-25 00:00:00+08:00,29.078584004826798,29.256160736083984,29.034187256319687,29.256160736083984,17318,0.0,0.0
2019-03-26 00:00:00+08:00,29.300556182861328,29.300556182861328,29.256159436326623,29.300556182861328,8080,0.0,0.0
2019-03-27 00:00:00+08:00,29.30056028696296,29.30056028696296,29.078586785968614,29.12298011779785,10100,0.0,0.0
2019-03-28 00:00:00+08:00,29.12298092431109,29.30056109839399,29.12298092431109,29.21177101135254,4041,0.0,0.0
2019-03-29 00:00:00+08:00,29.211769031099312,29.566929355188947,29.211769031099312,29.43374252319336,45500,0.0,0.0
2019-04-01 00:00:00+08:00,29.566929355188947,29.566929355188947,29.07858562002767,29.43374252319336,17170,0.0,0.0
2019-04-02 00:00:00+08:00,29.300557001788594,29.389347076416016,29.300557001788594,29.389347076416016,6060,0.0,0.0
2019-04-03 00:00:00+08:00,29.389347892876618,29.478137969970703,29.389347892876618,29.478137969970703,7071,0.0,0.0
2019-04-08 00:00:00+08:00,29.611321375149934,29.611321375149934,29.478137969970703,29.478137969970703,8080,0.0,0.0
2019-04-09 00:00:00+08:00,29.52253211329048,29.56692886352539,29.478138783979457,29.56692886352539,8080,0.0,0.0
2019-04-10 00:00:00+08:00,29.566927168838937,29.61132049560547,29.566927168838937,29.61132049560547,3476,0.0,0.0
2019-04-11 00:00:00+08:00,29.566929282502617,29.65571594238281,29.522532531638582,29.655715942382812,18195,0.0,0.0
2019-04-12 00:00:00+08:00,29.611322192836415,29.611322192836415,29.56692886352539,29.56692886352539,10201,0.0,0.0
2019-04-15 00:00:00+08:00,29.74450560169337,29.74450560169337,29.56692886352539,29.56692886352539,11211,0.0,0.0
2019-04-16 00:00:00+08:00,29.56692886352539,29.655715522147435,29.433742033744547,29.56692886352539,14140,0.0,0.0
2019-04-17 00:00:00+08:00,29.56692886352539,29.655715522147435,29.56692886352539,29.56692886352539,7070,0.0,0.0
2019-04-18 00:00:00+08:00,29.56692804706479,29.56692804706479,29.478137969970703,29.478137969970703,4040,0.0,0.0
2019-04-19 00:00:00+08:00,29.478137969970703,29.52253129805585,29.433741220961764,29.478137969970703,9090,0.0,0.0
2019-04-22 00:00:00+08:00,29.389346469148236,29.566926614733774,29.34494972229004,29.34494972229004,13130,0.0,0.0
2019-04-23 00:00:00+08:00,29.389348704433523,29.56692886352539,29.344951954198613,29.56692886352539,7071,0.0,0.0
2019-04-24 00:00:00+08:00,29.56692804706479,29.65571470323508,29.478137969970703,29.478137969970703,8140,0.0,0.0
2019-04-25 00:00:00+08:00,29.43374252319336,29.43374252319336,29.43374252319336,29.43374252319336,4040,0.0,0.0
2019-04-26 00:00:00+08:00,29.433743255093585,29.7445068359375,29.433743255093585,29.7445068359375,3030,0.0,0.0
2019-04-29 00:00:00+08:00,29.433743048685947,29.70011329650879,29.433743048685947,29.70011329650879,4040,0.0,0.0
2019-04-30 00:00:00+08:00,29.43374252319336,29.43374252319336,29.43374252319336,29.43374252319336,1011,0.0,0.0
2019-05-02 00:00:00+08:00,29.38935000201087,29.522533416748047,29.344953249815788,29.522533416748047,12170,0.0,0.0
2019-05-03 00:00:00+08:00,29.522533416748047,29.522533416748047,29.478140085477,29.522533416748047,5050,0.0,0.0
2019-05-06 00:00:00+08:00,29.47813709438218,29.833293971285514,29.433740346691955,29.61132049560547,14190,0.0,0.0
2019-05-07 00:00:00+08:00,29.611322612442713,29.65571594238281,29.522532531638582,29.655715942382812,5100,0.0,0.0
2019-05-08 00:00:00+08:00,29.478138783979457,29.56692886352539,29.344951954198613,29.56692886352539,18230,0.0,0.0
2019-05-09 00:00:00+08:00,29.389347892876618,29.478137969970703,29.12297766159436,29.478137969970703,21210,0.0,0.0
2019-05-10 00:00:00+08:00,29.744503954002013,29.744503954002013,29.389347076416016,29.389347076416016,10150,0.0,0.0
2019-05-13 00:00:00+08:00,29.389347076416016,29.389347076416016,29.389347076416016,29.389347076416016,40,0.0,0.0
2019-05-14 00:00:00+08:00,29.389347076416016,29.389347076416016,29.389347076416016,29.389347076416016,3080,0.0,0.0
2019-05-15 00:00:00+08:00,29.389347076416016,29.389347076416016,29.389347076416016,29.389347076416016,0,0.0,0.0
2019-05-16 00:00:00+08:00,29.344950328640454,29.389347076416016,29.344950328640454,29.389347076416016,3448,0.0,0.0
2019-05-17 00:00:00+08:00,29.300557001788594,29.389347076416016,28.856610049575174,29.389347076416016,9090,0.0,0.0
2019-05-20 00:00:00+08:00,29.38934762199739,29.38934762199739,29.03418731689453,29.03418731689453,3030,0.0,0.0
2019-05-21 00:00:00+08:00,29.034189825932785,29.122979909881444,29.034189825932785,29.07858657836914,6061,0.0,0.0
2019-05-22 00:00:00+08:00,28.945399741984122,29.07858657836914,28.945399741984122,29.07858657836914,3030,0.0,0.0
2019-05-23 00:00:00+08:00,29.078584737185867,29.078584737185867,28.856611251831055,28.856611251831055,8102,0.0,0.0
2019-05-24 00:00:00+08:00,28.856611251831055,28.901004580532483,28.856611251831055,28.856611251831055,10100,0.0,0.0
2019-05-27 00:00:00+08:00,28.901003974168894,28.901003974168894,28.812213897705078,28.812213897705078,6060,0.0,0.0
2019-05-28 00:00:00+08:00,28.723424423879095,28.856611251831055,28.679031095177667,28.856611251831055,13130,0.0,0.0
2019-05-29 00:00:00+08:00,28.767821173504363,28.856611251831055,28.767821173504363,28.856611251831055,3030,0.0,0.0
2019-05-30 00:00:00+08:00,28.856611251831055,28.856611251831055,28.856611251831055,28.856611251831055,0,0.0,0.0
2019-05-31 00:00:00+08:00,28.72342429275241,28.72342429275241,28.63463592529297,28.63463592529297,5050,0.0,0.0
2019-06-03 00:00:00+08:00,28.590240478515625,28.590240478515625,28.235081882358173,28.590240478515625,4040,0.0,0.0
2019-06-04 00:00:00+08:00,28.767819751581236,28.767819751581236,28.72342300415039,28.72342300415039,7070,0.0,0.0
2019-06-05 00:00:00+08:00,28.767822265625,28.856612347322454,28.767822265625,28.767822265625,6060,0.0,0.0
2019-06-06 00:00:00+08:00,28.767822265625,28.767822265625,28.767822265625,28.767822265625,0,0.0,0.0
2019-06-10 00:00:00+08:00,28.767822265625,28.767822265625,28.767822265625,28.767822265625,9090,0.0,0.0
2019-06-11 00:00:00+08:00,27.79113463867523,28.45705678592152,27.79113463867523,28.101898193359375,16160,0.0,0.0
2019-06-12 00:00:00+08:00,28.01310811760337,28.101898193359375,27.879923003969363,28.101898193359375,27567,0.0,0.0
2019-06-13 00:00:00+08:00,27.968713760375977,27.968713760375977,27.879923682459165,27.968713760375977,13175,0.0,0.0
2019-06-14 00:00:00+08:00,27.879924156929796,27.879924156929796,27.791135787963867,27.791135787963867,19190,0.0,0.0
2019-06-17 00:00:00+08:00,27.879923682459165,27.968713760375977,27.879923682459165,27.968713760375977,9090,0.0,0.0
2019-06-18 00:00:00+08:00,27.968713760375977,27.968713760375977,27.968713760375977,27.968713760375977,3178,0.0,0.0
2019-06-19 00:00:00+08:00,28.41266278433162,28.41266278433162,28.235082626342773,28.235082626342773,6262,0.0,0.0
2019-06-20 00:00:00+08:00,28.41266278433162,28.41266278433162,28.235082626342773,28.235082626342773,6060,0.0,0.0
2019-06-21 00:00:00+08:00,28.235081018414967,28.72342300415039,28.235081018414967,28.72342300415039,7070,0.0,0.0
2019-06-24 00:00:00+08:00,28.501453399658203,28.501453399658203,28.501453399658203,28.501453399658203,2020,0.0,0.0
2019-06-25 00:00:00+08:00,28.501453399658203,28.501453399658203,28.501453399658203,28.501453399658203,1010,0.0,0.0
2019-06-26 00:00:00+08:00,28.235082626342773,28.235082626342773,28.146294257810286,28.235082626342773,9090,0.0,0.0
2019-06-27 00:00:00+08:00,28.457057545165995,28.457057545165995,28.412662506103516,28.412662506103516,2020,0.0,0.0
2019-06-28 00:00:00+08:00,28.59024095189151,28.59024095189151,28.412662506103516,28.412662506103516,3030,0.0,0.0
2019-07-01 00:00:00+08:00,28.85661328497427,29.12298011779785,28.235084403358428,29.12298011779785,23446,0.0,0.0
2019-07-02 00:00:00+08:00,28.856611251831055,28.856611251831055,28.856611251831055,28.856611251831055,2020,0.0,0.0
2019-07-03 00:00:00+08:00,28.856611251831055,28.856611251831055,28.856611251831055,28.856611251831055,0,0.0,0.0
2019-07-04 00:00:00+08:00,28.945398330688477,28.945398330688477,28.67903151275385,28.945398330688477,7070,0.0,0.0
2019-07-05 00:00:00+08:00,29.655713050520973,29.655713050520973,29.300556182861328,29.300556182861328,6060,0.0,0.0
2019-07-08 00:00:00+08:00,29.300556182861328,29.300556182861328,29.300556182861328,29.300556182861328,0,0.0,0.0
2019-07-09 00:00:00+08:00,29.300556182861328,29.300556182861328,29.300556182861328,29.300556182861328,0,0.0,0.0
2019-07-10 00:00:00+08:00,29.256164344411175,29.30056109839399,28.901007417169552,29.21177101135254,21210,0.0,0.0
2019-07-11 00:00:00+08:00,28.945395894278082,29.300556182861328,28.945395894278082,29.300556182861328,12120,0.0,0.0
2019-07-12 00:00:00+08:00,29.300557001788594,29.47813715104344,28.856610049575174,29.389347076416016,31310,0.0,0.0
2019-07-15 00:00:00+08:00,29.816282272338867,29.816282272338867,29.723971272375657,29.816282272338867,10113,1.25,0.0
2019-07-16 00:00:00+08:00,30.093212038676786,30.093212038676786,29.631662368774414,29.631662368774414,2020,0.0,0.0
2019-07-17 00:00:00+08:00,29.63166479160221,29.90859603881836,29.63166479160221,29.90859603881836,24240,0.0,0.0
2019-07-18 00:00:00+08:00,29.631664572719338,29.677818298339844,29.539353564899333,29.677818298339844,10161,0.0,0.0
2019-07-19 00:00:00+08:00,30.139368122746077,30.139368122746077,29.400883700964908,29.723970413208008,38381,0.0,0.0
2019-07-22 00:00:00+08:00,29.631661194202334,29.723970413208008,29.539350196907364,29.723970413208008,3030,0.0,0.0
2019-07-23 00:00:00+08:00,29.539350196907364,29.723970413208008,29.077796988721808,29.723970413208008,5315,0.0,0.0
2019-07-24 00:00:00+08:00,29.354728202317425,29.816281410502977,29.308572703669938,29.723970413208008,35552,0.0,0.0
2019-07-25 00:00:00+08:00,29.539353564899333,29.677818298339844,29.49319806098933,29.677818298339844,8080,0.0,0.0
2019-07-26 00:00:00+08:00,30.46245552358141,30.46245552358141,29.72397108510708,30.000904083251953,5050,0.0,0.0
2019-07-29 00:00:00+08:00,30.000904083251953,30.000904083251953,30.000904083251953,30.000904083251953,0,0.0,0.0
2019-07-30 00:00:00+08:00,29.585506868297365,29.90859359334733,29.585506868297365,29.631662368774414,6060,0.0,0.0
2019-07-31 00:00:00+08:00,29.447040881139973,29.53935188370622,29.262420654296875,29.262420654296875,9090,0.0,0.0
2019-08-01 00:00:00+08:00,29.077798649164382,29.493196382423097,29.077798649164382,29.262420654296875,4088,0.0,0.0
2019-08-02 00:00:00+08:00,29.262420654296875,29.262420654296875,29.262420654296875,29.262420654296875,1010,0.0,0.0
2019-08-05 00:00:00+08:00,29.26241929311604,29.539350509643555,29.170108294843764,29.539350509643555,5067,0.0,0.0
2019-08-06 00:00:00+08:00,29.262420654296875,29.447040881139973,29.262420654296875,29.262420654296875,3030,0.0,0.0
2019-08-07 00:00:00+08:00,29.539351559414154,29.723971784230432,29.447040557861328,29.447040557861328,4040,0.0,0.0
2019-08-08 00:00:00+08:00,29.44703986525154,30.000904083251953,29.44703986525154,30.000904083251953,3030,0.0,0.0
2019-08-12 00:00:00+08:00,30.000904083251953,30.000904083251953,30.000904083251953,30.000904083251953,0,0.0,0.0
2019-08-13 00:00:00+08:00,29.539350509643555,29.908592724443345,29.44703951137128,29.539350509643555,7070,0.0,0.0
2019-08-14 00:00:00+08:00,29.539352194348808,29.954748153686523,29.539352194348808,29.954748153686523,16446,0.0,0.0
2019-08-15 00:00:00+08:00,29.53935378310032,29.90859603881836,29.53935378310032,29.90859603881836,7101,0.0,0.0
2019-08-16 00:00:00+08:00,29.585506364323976,30.000904083251953,29.585506364323976,30.000904083251953,6061,0.0,0.0
2019-08-19 00:00:00+08:00,29.908594430207433,29.954748153686523,29.72397242313341,29.954748153686523,16457,0.0,0.0
2019-08-20 00:00:00+08:00,30.000904083251953,30.09321152605491,29.90859308387033,30.000904083251953,37371,0.0,0.0
2019-08-21 00:00:00+08:00,30.00090468303716,30.093212127685547,29.908593681810032,30.093212127685547,40995,0.0,0.0
2019-08-22 00:00:00+08:00,30.000904083251953,30.13936880403506,29.816282084488705,30.000904083251953,22220,0.0,0.0
2019-08-23 00:00:00+08:00,29.816282272338867,30.00090427226528,29.6316620507018,29.816282272338867,12120,0.0,0.0
2019-08-26 00:00:00+08:00,29.539352194348808,29.954748153686523,29.539352194348808,29.954748153686523,2020,0.0,0.0
2019-08-27 00:00:00+08:00,29.954748153686523,29.954748153686523,29.954748153686523,29.954748153686523,0,0.0,0.0
2019-08-28 00:00:00+08:00,29.58550873811864,29.862438201904297,29.53935323472454,29.862438201904297,4040,0.0,0.0
2019-08-29 00:00:00+08:00,29.90859603881836,29.90859603881836,29.63166479160221,29.90859603881836,3428,0.0,0.0
2019-08-30 00:00:00+08:00,29.72397242313341,30.000905433744443,29.72397242313341,29.954748153686523,5050,0.0,0.0
2019-09-02 00:00:00+08:00,30.0009052384847,30.23168096753582,29.908594235548495,30.13936996459961,14140,0.0,0.0
2019-09-03 00:00:00+08:00,30.13936880403506,30.13936880403506,29.816282084488705,30.000904083251953,9090,0.0,0.0
2019-09-04 00:00:00+08:00,29.723973269527328,30.047060012817383,29.723973269527328,30.047060012817383,18180,0.0,0.0
2019-09-05 00:00:00+08:00,30.047060012817383,30.047060012817383,30.047060012817383,30.047060012817383,0,0.0,0.0
2019-09-06 00:00:00+08:00,30.047060012817383,30.047060012817383,30.047060012817383,30.047060012817383,0,0.0,0.0
2019-09-10 00:00:00+08:00,30.554767804234608,30.739389810739723,30.185523791224377,30.370145797729492,19338,0.0,0.0
2019-09-11 00:00:00+08:00,30.32399124589151,30.924007415771484,30.32399124589151,30.924007415771484,2020,0.0,0.0
2019-09-12 00:00:00+08:00,30.46245574951172,30.46245574951172,30.46245574951172,30.46245574951172,2050,0.0,0.0
2019-09-16 00:00:00+08:00,30.370145797729492,30.370145797729492,30.370145797729492,30.370145797729492,1010,0.0,0.0
2019-09-17 00:00:00+08:00,30.18552256294318,30.647077560424805,30.18552256294318,30.647077560424805,15447,0.0,0.0
2019-09-18 00:00:00+08:00,30.18552274931292,30.554766749577983,30.18552274931292,30.46245574951172,10211,0.0,0.0
2019-09-19 00:00:00+08:00,30.13936781422119,30.73938751220703,30.13936781422119,30.73938751220703,10544,0.0,0.0
2019-09-20 00:00:00+08:00,30.185522079467773,30.185522079467773,30.185522079467773,30.185522079467773,7070,0.0,0.0
2019-09-23 00:00:00+08:00,30.000904083251953,30.000904083251953,30.000904083251953,30.000904083251953,5050,0.0,0.0
2019-09-24 00:00:00+08:00,30.09321152605491,30.27783352481816,30.000904083251953,30.000904083251953,18520,0.0,0.0
2019-09-25 00:00:00+08:00,30.000905433744443,30.000905433744443,29.908594430207433,29.954748153686523,3030,0.0,0.0
2019-09-26 00:00:00+08:00,30.000907047320243,30.277836516246886,29.81628503031647,29.90859603881836,15150,0.0,0.0
2019-09-27 00:00:00+08:00,29.816282084488705,30.000904083251953,29.816282084488705,30.000904083251953,5120,0.0,0.0
2019-10-01 00:00:00+08:00,30.000904305759082,30.46245574951172,30.000904305759082,30.46245574951172,4040,0.0,0.0
2019-10-02 00:00:00+08:00,30.047060012817383,30.416300480900762,30.000906288024062,30.047060012817383,23230,0.0,0.0
2019-10-03 00:00:00+08:00,29.770126584797893,30.000904083251953,29.770126584797893,30.000904083251953,5050,0.0,0.0
2019-10-04 00:00:00+08:00,30.000904083251953,30.000904083251953,29.816282084488705,30.000904083251953,16160,0.0,0.0
2019-10-07 00:00:00+08:00,30.000904083251953,30.231679803416682,29.862435805890183,30.000904083251953,26336,0.0,0.0
2019-10-08 00:00:00+08:00,30.000903640010794,30.185522079467773,29.862435364694786,30.185522079467773,13130,0.0,0.0
2019-10-09 00:00:00+08:00,30.000904083251953,30.000904083251953,30.000904083251953,30.000904083251953,3208,0.0,0.0
2019-10-14 00:00:00+08:00,29.90859308387033,30.000904083251953,29.585506364323976,30.000904083251953,41410,0.0,0.0
2019-10-15 00:00:00+08:00,29.90859603881836,29.90859603881836,29.90859603881836,29.90859603881836,2020,0.0,0.0
2019-10-16 00:00:00+08:00,29.723970413208008,29.723970413208008,29.723970413208008,29.723970413208008,6391,0.0,0.0
2019-10-17 00:00:00+08:00,29.90859603881836,29.90859603881836,29.90859603881836,29.90859603881836,2033,0.0,0.0
2019-10-18 00:00:00+08:00,29.816283426670424,29.954748153686523,29.677816921364908,29.954748153686523,5050,0.0,0.0
2019-10-21 00:00:00+08:00,29.53935378310032,29.90859603881836,29.53935378310032,29.90859603881836,4498,0.0,0.0
2019-10-22 00:00:00+08:00,29.631664241512745,29.862438201904297,29.631664241512745,29.862438201904297,2020,0.0,0.0
2019-10-23 00:00:00+08:00,29.90859603881836,29.90859603881836,29.90859603881836,29.90859603881836,2274,0.0,0.0
2019-10-24 00:00:00+08:00,30.00090638315137,30.370146852405544,29.63166413560773,30.277835845947266,47470,0.0,0.0
2019-10-25 00:00:00+08:00,30.00090468303716,30.093212127685547,30.00090468303716,30.093212127685547,6060,0.0,0.0
2019-10-28 00:00:00+08:00,29.908592641992996,30.185522079467773,29.8162816439752,30.185522079467773,7070,0.0,0.0
2019-10-29 00:00:00+08:00,29.72397242313341,30.000905433744443,28.84702322440006,29.954748153686523,28577,0.0,0.0
2019-10-30 00:00:00+08:00,29.585506008779692,29.585506008779692,29.539350509643555,29.539350509643555,3030,0.0,0.0
2019-10-31 00:00:00+08:00,29.539350509643555,29.539350509643555,29.539350509643555,29.539350509643555,3030,0.0,0.0
2019-11-01 00:00:00+08:00,29.86243631458092,29.86243631458092,29.631662368774414,29.631662368774414,4040,0.0,0.0
2019-11-04 00:00:00+08:00,29.53935378310032,29.90859603881836,29.53935378310032,29.90859603881836,9090,0.0,0.0
2019-11-05 00:00:00+08:00,29.90859603881836,29.90859603881836,29.90859603881836,29.90859603881836,1010,0.0,0.0
2019-11-06 00:00:00+08:00,29.90859603881836,29.90859603881836,29.90859603881836,29.90859603881836,1010,0.0,0.0
2019-11-07 00:00:00+08:00,29.816282272338867,29.816282272338867,29.53935105073859,29.816282272338867,14140,0.0,0.0
2019-11-08 00:00:00+08:00,29.816282272338867,29.816282272338867,29.53935105073859,29.816282272338867,14140,0.0,0.0
2019-11-11 00:00:00+08:00,29.908593681810032,30.093212127685547,29.908593681810032,30.093212127685547,25250,0.0,0.0
2019-11-12 00:00:00+08:00,29.908593681810032,30.093212127685547,29.908593681810032,30.093212127685547,25250,0.0,0.0
2019-11-13 00:00:00+08:00,29.81628230562655,30.46245574951172,29.81628230562655,30.46245574951172,15150,0.0,0.0
2019-11-14 00:00:00+08:00,29.81628230562655,30.46245574951172,29.81628230562655,30.46245574951172,15150,0.0,0.0
2019-11-15 00:00:00+08:00,29.954747958727197,30.18552368777831,29.954747958727197,30.13936996459961,4040,0.0,0.0
2019-11-18 00:00:00+08:00,30.04705840536135,30.093212127685547,30.00090468303716,30.093212127685547,16160,0.0,0.0
2019-11-19 00:00:00+08:00,29.72397108510708,30.000904083251953,29.72397108510708,30.000904083251953,6060,0.0,0.0
2019-11-20 00:00:00+08:00,29.72397072789879,29.908592724443345,29.539350509643555,29.539350509643555,8080,0.0,0.0
2019-11-21 00:00:00+08:00,29.72397072789879,29.908592724443345,29.539350509643555,29.539350509643555,8080,0.0,0.0
2019-11-22 00:00:00+08:00,30.000904083251953,30.000904083251953,30.000904083251953,30.000904083251953,1010,0.0,0.0
2019-11-25 00:00:00+08:00,29.723970645957397,30.185522079467773,29.723970645957397,30.185522079467773,12120,0.0,0.0
2019-11-26 00:00:00+08:00,29.816282084488705,30.000904083251953,29.816282084488705,30.000904083251953,2020,0.0,0.0
2019-11-27 00:00:00+08:00,29.816282084488705,30.000904083251953,29.816282084488705,30.000904083251953,2020,0.0,0.0
2019-11-28 00:00:00+08:00,30.00090468303716,30.093212127685547,29.862436402907097,30.093212127685547,14140,0.0,0.0
2019-11-29 00:00:00+08:00,30.00090468303716,30.093212127685547,29.862436402907097,30.093212127685547,14140,0.0,0.0
2019-12-02 00:00:00+08:00,30.093213737610707,30.093213737610707,29.908595281858485,30.047060012817383,11110,0.0,0.0
2019-12-03 00:00:00+08:00,30.00090638315137,30.277835845947266,30.00090638315137,30.277835845947266,9090,0.0,0.0
2019-12-04 00:00:00+08:00,30.00090638315137,30.277835845947266,30.00090638315137,30.277835845947266,9090,0.0,0.0
2019-12-05 00:00:00+08:00,30.277832816044622,33.000991229452154,30.277832816044622,31.84711265563965,116150,0.0,0.0
2019-12-06 00:00:00+08:00,32.03173262607404,35.031824174684346,32.03173262607404,33.970252990722656,428738,0.0,0.0
2019-12-09 00:00:00+08:00,34.15487831743821,34.15487831743821,32.07789302652183,32.585601806640625,119180,0.0,0.0
2019-12-10 00:00:00+08:00,32.86252588273353,35.5395305245668,32.86252588273353,33.277923583984375,183820,0.0,0.0
2019-12-11 00:00:00+08:00,33.27792729514849,34.15487651488523,33.27792729514849,33.69332504272461,66660,0.0,0.0
2019-12-12 00:00:00+08:00,33.97025502436864,33.97025502436864,32.770219044399525,32.90868377685547,58580,0.0,0.0
2019-12-13 00:00:00+08:00,32.90868262310932,32.90868262310932,32.58559944423209,32.77021789550781,34340,0.0,0.0
2019-12-16 00:00:00+08:00,32.77021819363051,32.81637191772461,32.30866672637402,32.81637191772461,10100,0.0,0.0
2019-12-17 00:00:00+08:00,32.58560029222894,32.86252975463867,32.49328928589938,32.86252975463867,21210,0.0,0.0
2019-12-18 00:00:00+08:00,32.677909260681226,32.81637399832122,32.539444523041226,32.585601806640625,17170,0.0,0.0
2019-12-19 00:00:00+08:00,32.03172756545012,32.03172756545012,31.477865199708152,31.89326286315918,16160,0.0,0.0
2019-12-20 00:00:00+08:00,32.170199975777045,32.170199975777045,31.616337538560963,31.939420700073242,20742,0.0,0.0
2019-12-23 00:00:00+08:00,31.939419976704816,31.939419976704816,31.616336822509766,31.616336822509766,14140,0.0,0.0
2019-12-24 00:00:00+08:00,31.61633345857729,31.89326286315918,31.200935795126263,31.89326286315918,21311,0.0,0.0
2019-12-25 00:00:00+08:00,32.03172756545012,32.03172756545012,31.708640889052457,31.89326286315918,9090,0.0,0.0
2019-12-26 00:00:00+08:00,31.662490844726562,31.662490844726562,31.662490844726562,31.662490844726562,1010,0.0,0.0
2019-12-27 00:00:00+08:00,31.662490844726562,31.662490844726562,31.662490844726562,31.662490844726562,1159,0.0,0.0
2019-12-30 00:00:00+08:00,31.385557851459197,31.662490844726562,31.06247113760324,31.662490844726562,4040,0.0,0.0
2019-12-31 00:00:00+08:00,31.385557851459197,31.662490844726562,31.06247113760324,31.662490844726562,4040,0.0,0.0
2020-01-02 00:00:00+08:00,31.247092459323998,31.662490161978393,31.247092459323998,31.385557174682617,8080,0.0,0.0
2020-01-03 00:00:00+08:00,31.33940284894972,31.38555656765042,31.062469867010144,31.293249130249023,8080,0.0,0.0
2020-01-06 00:00:00+08:00,31.20094243789279,31.20094243789279,30.970163142836746,31.15478515625,6060,0.0,0.0
2020-01-07 00:00:00+08:00,31.154780860990005,31.33940284894972,31.154780860990005,31.293249130249023,4040,0.0,0.0
2020-01-08 00:00:00+08:00,31.29325248995982,31.47787094116211,31.20094148606925,31.47787094116211,6060,0.0,0.0
2020-01-09 00:00:00+08:00,31.38555509892695,31.57017707824707,31.339401382386068,31.57017707824707,3030,0.0,0.0
2020-01-10 00:00:00+08:00,31.38555509892695,31.57017707824707,31.339401382386068,31.57017707824707,3030,0.0,0.0
2020-01-13 00:00:00+08:00,31.570182046301497,31.708646774291992,31.570182046301497,31.708646774291992,2020,0.0,0.0
2020-01-14 00:00:00+08:00,31.38555766953606,31.84711265563965,31.38555766953606,31.84711265563965,26260,0.0,0.0
2020-01-15 00:00:00+08:00,32.30867004394531,32.40098105819121,31.84711852929504,32.30867004394531,50500,0.0,0.0
2020-01-16 00:00:00+08:00,31.939420700073246,31.939420700073246,31.939420700073246,31.939420700073242,1010,0.0,0.0
2020-01-17 00:00:00+08:00,31.939420700073246,31.939420700073246,31.939420700073246,31.939420700073242,1010,0.0,0.0
2020-01-20 00:00:00+08:00,31.57018250254706,32.031733973571534,31.524028778076172,31.524028778076172,17170,0.0,0.0
2020-01-30 00:00:00+08:00,31.10862922668457,31.10862922668457,30.924007226354483,31.10862922668457,20200,0.0,0.0
2020-01-31 00:00:00+08:00,31.10862922668457,31.10862922668457,30.924007226354483,31.10862922668457,20200,0.0,0.0
2020-02-03 00:00:00+08:00,30.508606782868725,31.016315460205078,30.508606782868725,31.016315460205078,5050,0.0,0.0
2020-02-04 00:00:00+08:00,30.970158873030286,31.293249130249023,30.970158873030286,31.293249130249023,6060,0.0,0.0
2020-02-05 00:00:00+08:00,31.385558781771103,31.385558781771103,31.339405059814453,31.339405059814453,10100,0.0,0.0
2020-02-06 00:00:00+08:00,31.385558781771103,31.385558781771103,31.339405059814453,31.339405059814453,10100,0.0,0.0
2020-02-07 00:00:00+08:00,30.554767804234608,30.554767804234608,30.370145797729492,30.370145797729492,5054,0.0,0.0
2020-02-10 00:00:00+08:00,30.231678810571207,30.924005948328514,30.231678810571207,30.73938751220703,23230,0.0,0.0
2020-02-11 00:00:00+08:00,31.01632097646516,31.200942993164062,31.01632097646516,31.200942993164062,6060,0.0,0.0
2020-02-12 00:00:00+08:00,31.200942993164062,31.200942993164062,31.200942993164062,31.200942993164062,1010,0.0,0.0
2020-02-13 00:00:00+08:00,31.200942993164062,31.200942993164062,31.200942993164062,31.200942993164062,1010,0.0,0.0
2020-02-14 00:00:00+08:00,31.200942993164062,31.200942993164062,31.200942993164062,31.200942993164062,0,0.0,0.0
2020-02-17 00:00:00+08:00,30.370144235849644,31.062471389770508,30.370144235849644,31.062471389770508,3030,0.0,0.0
2020-02-18 00:00:00+08:00,31.154782388275684,31.154782388275684,30.600919953823265,31.062471389770508,5050,0.0,0.0
2020-02-19 00:00:00+08:00,31.10862922668457,31.10862922668457,31.10862922668457,31.10862922668457,2020,0.0,0.0
2020-02-20 00:00:00+08:00,31.10862922668457,31.10862922668457,31.10862922668457,31.10862922668457,2020,0.0,0.0
2020-02-21 00:00:00+08:00,31.10862922668457,31.10862922668457,31.10862922668457,31.10862922668457,0,0.0,0.0
2020-02-24 00:00:00+08:00,30.370143334421844,31.385557174682617,30.370143334421844,31.385557174682617,3030,0.0,0.0
2020-02-25 00:00:00+08:00,31.339403455089254,31.385557174682617,31.339403455089254,31.385557174682617,14140,0.0,0.0
2020-02-26 00:00:00+08:00,31.385557174682617,31.385557174682617,31.385557174682617,31.385557174682617,0,0.0,0.0
2020-02-27 00:00:00+08:00,31.016315460205078,31.016315460205078,31.016315460205078,31.016315460205078,1010,0.0,0.0
2020-03-02 00:00:00+08:00,31.01631819333062,31.01631819333062,30.46245574951172,30.46245574951172,2020,0.0,0.0
2020-03-03 00:00:00+08:00,30.277832530456937,30.73938751220703,30.277832530456937,30.73938751220703,3030,0.0,0.0
2020-03-04 00:00:00+08:00,31.200939962055738,31.200939962055738,29.862435805890183,30.000904083251953,15150,0.0,0.0
2020-03-05 00:00:00+08:00,30.185522638229216,30.370144637682333,30.185522638229216,30.231679916381836,10100,0.0,0.0
2020-03-06 00:00:00+08:00,29.90859308387033,30.09321152605491,29.539350864633164,30.000904083251953,48480,0.0,0.0
2020-03-09 00:00:00+08:00,30.000904083251953,30.000904083251953,30.000904083251953,30.000904083251953,0,0.0,0.0
2020-03-10 00:00:00+08:00,29.539352194348808,29.954748153686523,29.539352194348808,29.954748153686523,12120,0.0,0.0
2020-03-11 00:00:00+08:00,30.00090427226528,30.00090427226528,29.816282272338867,29.816282272338867,5050,0.0,0.0
2020-03-12 00:00:00+08:00,29.72397284720571,29.72397284720571,28.893179138387918,29.3547306060791,26260,0.0,0.0
2020-03-13 00:00:00+08:00,29.3547306060791,29.3547306060791,29.3547306060791,29.3547306060791,0,0.0,0.0
2020-03-16 00:00:00+08:00,27.231590270996094,28.154694995804615,26.770038797736564,27.231590270996094,43430,0.0,0.0
2020-03-17 00:00:00+08:00,27.231588134434386,27.231588134434386,25.846932045004994,26.770036697387695,55550,0.0,0.0
2020-03-18 00:00:00+08:00,26.770036697387695,26.770036697387695,26.770036697387695,26.770036697387695,1010,0.0,0.0
2020-03-19 00:00:00+08:00,24.969983522820584,26.30848414670301,24.92382802229199,25.56999969482422,19190,0.0,0.0
2020-03-20 00:00:00+08:00,26.770036697387695,26.770036697387695,25.846932045004994,26.770036697387695,4040,0.0,0.0
2020-03-23 00:00:00+08:00,25.01613989969358,26.308486938476562,25.01613989969358,26.308486938476562,3030,0.0,0.0
2020-03-24 00:00:00+08:00,27.046966552734375,27.046966552734375,27.046966552734375,27.046966552734375,1010,0.0,0.0
2020-03-25 00:00:00+08:00,28.247005462646484,28.247005462646484,28.247005462646484,28.247005462646484,2020,0.0,0.0
2020-03-26 00:00:00+08:00,26.4469505411879,27.69314193725586,26.4469505411879,27.69314193725586,19190,0.0,0.0
2020-03-27 00:00:00+08:00,27.69314193725586,27.69314193725586,27.69314193725586,27.69314193725586,0,0.0,0.0
2020-03-30 00:00:00+08:00,27.69314193725586,27.69314193725586,27.69314193725586,27.69314193725586,0,0.0,0.0
2020-03-31 00:00:00+08:00,28.154691135111282,28.154691135111282,26.031550737014847,27.87775993347168,3030,0.0,0.0
2020-04-01 00:00:00+08:00,26.86234607064222,27.64698600769043,26.86234607064222,27.64698600769043,3030,0.0,0.0
2020-04-06 00:00:00+08:00,26.770037108881024,27.508519775165112,26.770037108881024,27.046966552734375,8080,0.0,0.0
2020-04-07 00:00:00+08:00,27.508520126342773,27.508520126342773,27.508520126342773,27.508520126342773,1010,0.0,0.0
2020-04-08 00:00:00+08:00,27.323899712811766,27.877762160333226,27.323899712811766,27.69314193725586,4040,0.0,0.0
2020-04-09 00:00:00+08:00,27.69314193725586,27.69314193725586,27.69314193725586,27.69314193725586,0,0.0,0.0
2020-04-10 00:00:00+08:00,27.739298598148203,29.816283752394796,27.739298598148203,29.77012825012207,19190,0.0,0.0
2020-04-13 00:00:00+08:00,29.493195364942352,30.000904083251953,29.493195364942352,30.000904083251953,3030,0.0,0.0
2020-04-14 00:00:00+08:00,30.924007415771484,30.924007415771484,30.924007415771484,30.924007415771484,1010,0.0,0.0
2020-04-15 00:00:00+08:00,30.000905636096217,30.462457100315536,29.53935239358747,30.41629981994629,6060,0.0,0.0
2020-04-16 00:00:00+08:00,30.41629981994629,30.41629981994629,30.41629981994629,30.41629981994629,0,0.0,0.0
2020-04-17 00:00:00+08:00,30.000904120529206,30.647077560424805,30.000904120529206,30.647077560424805,4040,0.0,0.0
2020-04-20 00:00:00+08:00,30.000904305759082,30.46245574951172,29.07779786167512,30.46245574951172,7070,0.0,0.0
2020-04-21 00:00:00+08:00,30.46245574951172,30.46245574951172,30.46245574951172,30.46245574951172,1010,0.0,0.0
2020-04-22 00:00:00+08:00,29.5393521033247,30.41629952106636,29.5393521033247,30.370145797729492,4040,0.0,0.0
2020-04-23 00:00:00+08:00,30.370145797729492,30.370145797729492,30.370145797729492,30.370145797729492,0,0.0,0.0
2020-04-24 00:00:00+08:00,30.370145797729492,30.370145797729492,30.370145797729492,30.370145797729492,0,0.0,0.0
2020-04-27 00:00:00+08:00,31.01631917092251,31.01631917092251,30.462456709646624,30.78554344177246,4040,0.0,0.0
2020-04-28 00:00:00+08:00,30.462457100315536,30.462457100315536,30.3701460961559,30.41629981994629,14140,0.0,0.0
2020-04-29 00:00:00+08:00,30.41629981994629,30.41629981994629,30.41629981994629,30.41629981994629,0,0.0,0.0
2020-04-30 00:00:00+08:00,30.462456903802586,30.600921630859375,30.4162996237311,30.600921630859375,11110,0.0,0.0
2020-05-04 00:00:00+08:00,30.277835845947266,30.277835845947266,30.277835845947266,30.277835845947266,2020,0.0,0.0
2020-05-05 00:00:00+08:00,30.4624543301871,31.570179166213133,30.4624543301871,31.385557174682617,26260,0.0,0.0
2020-05-06 00:00:00+08:00,31.385558702818223,31.93942114779832,31.385558702818223,31.754802703857422,34340,0.0,0.0
2020-05-07 00:00:00+08:00,31.75480165841893,31.84711265563965,31.38555766953606,31.84711265563965,14140,0.0,0.0
2020-05-08 00:00:00+08:00,31.84711277315547,32.21635320682225,31.800955496085496,32.07788848876953,38380,0.0,0.0
2020-05-11 00:00:00+08:00,31.477868170447877,31.570179166213133,30.92400575243486,31.385557174682617,46460,0.0,0.0
2020-05-12 00:00:00+08:00,31.939420281415323,31.939420281415323,31.662490844726562,31.662490844726562,12120,0.0,0.0
2020-05-13 00:00:00+08:00,31.38555791932739,31.662490913193597,31.247093200683594,31.247093200683594,4040,0.0,0.0
2020-05-14 00:00:00+08:00,31.016319577760648,31.708646774291992,31.016319577760648,31.708646774291992,24240,0.0,0.0
2020-05-15 00:00:00+08:00,31.70864820421753,31.70864820421753,31.200942993164062,31.200942993164062,5050,0.0,0.0
2020-05-18 00:00:00+08:00,31.200942993164062,31.200942993164062,31.200942993164062,31.200942993164062,1010,0.0,0.0
2020-05-19 00:00:00+08:00,31.431716060306467,31.431716060306467,31.01631833638175,31.339405059814453,7070,0.0,0.0
2020-05-20 00:00:00+08:00,31.339403455089254,31.385557174682617,31.339403455089254,31.385557174682617,3030,0.0,0.0
2020-05-21 00:00:00+08:00,31.385560491505707,31.524028778076172,30.92400902048123,31.524028778076172,22220,0.0,0.0
2020-05-22 00:00:00+08:00,31.431717217506247,31.47787094116211,31.431717217506247,31.47787094116211,10100,0.0,0.0
2020-05-25 00:00:00+08:00,31.06247320194398,31.47787094116211,31.01631947828812,31.47787094116211,24240,0.0,0.0
2020-05-26 00:00:00+08:00,31.570180703337822,31.754802703857422,31.570180703337822,31.754802703857422,33330,0.0,0.0
2020-05-27 00:00:00+08:00,31.431715981237474,31.754802703857422,31.385558702818223,31.754802703857422,8080,0.0,0.0
2020-05-28 00:00:00+08:00,31.293250410282017,31.754801842482355,31.293250410282017,31.662490844726562,31310,0.0,0.0
2020-05-29 00:00:00+08:00,31.570179846970774,31.662490844726562,31.570179846970774,31.662490844726562,3030,0.0,0.0
2020-06-01 00:00:00+08:00,31.47787149702638,31.57018250254706,31.293253042563936,31.524028778076172,10100,0.0,0.0
2020-06-02 00:00:00+08:00,31.47786608858701,31.57017707824707,31.29324766584519,31.57017707824707,23230,0.0,0.0
2020-06-03 00:00:00+08:00,31.52402594365643,31.84711265563965,31.29325022889393,31.84711265563965,22220,0.0,0.0
2020-06-04 00:00:00+08:00,31.939420700073246,31.939420700073246,31.939420700073246,31.939420700073242,1010,0.0,0.0
2020-06-05 00:00:00+08:00,31.93942114779832,31.93942114779832,31.293251259137126,31.754802703857422,14140,0.0,0.0
2020-06-08 00:00:00+08:00,31.75480165841893,31.84711265563965,31.29325022889393,31.84711265563965,14140,0.0,0.0
2020-06-09 00:00:00+08:00,31.800955378739996,31.84711265563965,31.75480165841893,31.84711265563965,10100,0.0,0.0
2020-06-10 00:00:00+08:00,31.339403517113634,32.03173065185547,31.339403517113634,32.03173065185547,14140,0.0,0.0
2020-06-11 00:00:00+08:00,32.03173109350249,32.262506808264995,31.570179663977495,31.84711265563965,29290,0.0,0.0
2020-06-12 00:00:00+08:00,31.29324766584519,31.57017707824707,31.29324766584519,31.57017707824707,4040,0.0,0.0
2020-06-15 00:00:00+08:00,31.57017707824707,31.57017707824707,31.57017707824707,31.57017707824707,0,0.0,0.0
2020-06-16 00:00:00+08:00,31.47786608858701,31.57017707824707,31.431712372046128,31.57017707824707,17170,0.0,0.0
2020-06-17 00:00:00+08:00,31.616338924972773,31.616338924972773,31.385559639149044,31.431716918945312,10100,0.0,0.0
2020-06-18 00:00:00+08:00,31.43171482875953,31.616336822509766,31.385557552032683,31.616336822509766,19190,0.0,0.0
2020-06-19 00:00:00+08:00,31.477868666756777,31.84711265563965,31.477868666756777,31.84711265563965,16160,0.0,0.0
2020-06-22 00:00:00+08:00,31.847114678850495,33.139461608884694,31.847114678850495,32.724063873291016,41410,0.0,0.0
2020-06-23 00:00:00+08:00,32.77022355581385,32.95484559555766,31.75480945038185,32.53944778442383,22220,0.0,0.0
2020-06-24 00:00:00+08:00,32.44713266511569,32.493289947509766,31.570183421997346,32.493289947509766,32320,0.0,0.0
2020-06-29 00:00:00+08:00,32.77021941555818,32.77021941555818,32.30866793109148,32.493289947509766,10100,0.0,0.0
2020-06-30 00:00:00+08:00,32.77022027130092,32.77022027130092,32.35482250180183,32.585601806640625,10100,0.0,0.0
2020-07-01 00:00:00+08:00,32.539445801270446,32.539445801270446,31.985583272374274,32.30867004394531,17170,0.0,0.0
2020-07-02 00:00:00+08:00,32.3086642043836,32.40097520194494,31.84711277315547,32.07788848876953,25250,0.0,0.0
2020-07-03 00:00:00+08:00,32.077893151617964,32.170204162597656,31.708649107699205,32.170204162597656,7070,0.0,0.0
2020-07-06 00:00:00+08:00,32.21635320682225,32.3086642043836,31.70864449852415,32.07788848876953,12120,0.0,0.0
2020-07-07 00:00:00+08:00,32.07788879006146,32.17019978848983,32.07788879006146,32.12404251098633,7070,0.0,0.0
2020-07-08 00:00:00+08:00,32.30866919663947,32.30866919663947,32.031736161164424,32.21635818481445,15150,0.0,0.0
2020-07-09 00:00:00+08:00,31.985580340636538,32.400978088378906,31.939423059454654,32.400978088378906,19190,0.0,0.0
2020-07-10 00:00:00+08:00,32.53944367332483,32.77021941555818,31.66249443020649,32.493289947509766,30300,0.0,0.0
2020-07-13 00:00:00+08:00,32.67790573620254,32.67790573620254,32.30866529012731,32.631752014160156,38380,0.0,0.0
2020-07-14 00:00:00+08:00,32.4932884403048,32.77021789550781,32.12404442459565,32.77021789550781,28280,0.0,0.0
2020-07-15 00:00:00+08:00,32.77021809588775,33.69332458422628,32.53944236294783,33.23176956176758,52520,0.0,0.0
2020-07-16 00:00:00+08:00,33.416391473541964,34.61642741528591,33.1394620174512,33.64716720581055,70700,0.0,0.0
2020-07-17 00:00:00+08:00,33.97025126636412,34.15487326026731,33.231766847329965,33.78562927246094,34340,0.0,0.0
2020-07-20 00:00:00+08:00,33.78563013229093,33.92409840953157,33.508700690967,33.8779411315918,12120,0.0,0.0
2020-07-21 00:00:00+08:00,34.2471818420654,34.2471818420654,33.27792177729497,33.924095153808594,9090,0.0,0.0
2020-07-22 00:00:00+08:00,33.78563077102229,33.78563077102229,33.41639032341684,33.50870132446289,25250,0.0,0.0
2020-07-23 00:00:00+08:00,33.23176946509555,33.64716720581055,33.23176946509555,33.64716720581055,4040,0.0,0.0
2020-07-24 00:00:00+08:00,34.01641178455283,34.01641178455283,33.4625493066443,33.69332504272461,18180,0.0,0.0
2020-07-27 00:00:00+08:00,34.33949589550971,34.33949589550971,32.77021603118125,33.41638946533203,22220,0.0,0.0
2020-07-28 00:00:00+08:00,34.06256377416043,34.06256377416043,33.23176832132475,33.50870132446289,12120,0.0,0.0
2020-07-29 00:00:00+08:00,33.318226259594724,33.694705564135745,33.12999023359376,33.506465911865234,10100,0.690718,0.0
2020-07-30 00:00:00+08:00,34.73002188026597,34.73002188026597,33.6947108819218,34.353546142578125,10100,0.0,0.0
2020-07-31 00:00:00+08:00,34.58883678765209,37.78889258897821,34.58883678765209,36.706520080566406,294920,0.0,0.0
2020-08-03 00:00:00+08:00,36.70652310200001,36.70652310200001,35.388852744388146,36.23592758178711,45450,0.0,0.0
2020-08-04 00:00:00+08:00,36.51828184543667,38.30654764501035,35.81238859600585,37.459476470947266,104030,0.0,0.0
2020-08-05 00:00:00+08:00,37.45948028686532,37.64771633012704,36.612405400243006,37.50653839111328,24240,0.0,0.0
2020-08-06 00:00:00+08:00,38.400668092742826,39.247742906808256,37.17711759813141,37.83595275878906,77770,0.0,0.0
2020-08-07 00:00:00+08:00,38.49478751263306,38.49478751263306,37.17711720524292,37.64771270751953,33330,0.0,0.0
2020-08-10 00:00:00+08:00,37.647713105381285,38.02419241219684,36.70652209088154,37.83595275878906,58580,0.0,0.0
2020-08-11 00:00:00+08:00,40.000702325738644,40.000702325738644,37.31829965944523,38.07125473022461,37370,0.0,0.0
2020-08-12 00:00:00+08:00,38.58890733244229,38.58890733244229,36.33004239457476,37.60065460205078,50500,0.0,0.0
2020-08-13 00:00:00+08:00,36.80064392089844,37.177119621938594,36.70652408907096,36.80064392089844,28280,0.0,0.0
2020-08-14 00:00:00+08:00,36.80064411421131,36.8947639465332,36.23592874654976,36.8947639465332,9090,0.0,0.0
2020-08-17 00:00:00+08:00,37.08299899709665,37.08299899709665,35.53003087082764,36.377105712890625,30300,0.0,0.0
2020-08-18 00:00:00+08:00,36.70652289831164,36.70652289831164,35.34179444675937,36.094749450683594,17170,0.0,0.0
2020-08-19 00:00:00+08:00,35.10649591916071,35.859447280326386,34.8241364390214,35.76532745361328,42420,0.0,0.0
2020-08-20 00:00:00+08:00,35.01237850017772,35.67121370620662,34.44765950106453,34.91825866699219,32320,0.0,0.0
2020-08-21 00:00:00+08:00,34.9182590513118,35.2947347619277,34.9182590513118,35.15355682373047,8080,0.0,0.0
2020-08-24 00:00:00+08:00,35.200612697977355,36.047687526043795,35.200612697977355,36.00062942504883,16160,0.0,0.0
2020-08-25 00:00:00+08:00,36.094749059649494,36.23592698814656,35.10649630763079,35.95356750488281,24240,0.0,0.0
2020-08-26 00:00:00+08:00,35.76532340820907,35.953563040343546,35.05943022710851,35.57708740234375,20200,0.0,0.0
2020-08-27 00:00:00+08:00,35.859447280326386,35.859447280326386,35.34179367280868,35.76532745361328,15150,0.0,0.0
2020-08-28 00:00:00+08:00,35.76532745361328,36.04768693375259,35.153554019382476,35.76532745361328,23230,0.0,0.0
2020-08-31 00:00:00+08:00,36.04768392260403,36.14180374145508,36.04768392260403,36.14180374145508,9090,0.0,0.0
2020-09-01 00:00:00+08:00,36.094749450683594,36.094749450683594,35.57709220556013,36.094749450683594,3030,0.0,0.0
2020-09-02 00:00:00+08:00,36.33004338906168,36.33004338906168,35.577092015430985,36.04768753051758,9090,0.0,0.0
2020-09-03 00:00:00+08:00,36.33004378481395,36.33004378481395,35.57709240298117,36.23592758178711,14140,0.0,0.0
2020-09-04 00:00:00+08:00,35.624149920876576,35.95356750488281,35.57709182013409,35.95356750488281,3030,0.0,0.0
2020-09-07 00:00:00+08:00,35.29473194631734,35.95356710703948,34.8241364390214,35.76532745361328,23230,0.0,0.0
2020-09-08 00:00:00+08:00,36.14180311621925,36.14180311621925,34.400595563270045,35.85944366455078,55550,0.0,0.0
2020-09-09 00:00:00+08:00,35.85944366455078,35.85944366455078,35.85944366455078,35.85944366455078,0,0.0,0.0
2020-09-10 00:00:00+08:00,35.20061190349121,35.29473172962646,32.56527127678222,33.506465911865234,173720,0.0,0.0
2020-09-11 00:00:00+08:00,33.553525005043824,34.07118225097656,32.89468982886385,34.07118225097656,12120,0.0,0.0
2020-09-14 00:00:00+08:00,34.353541935537905,34.353541935537905,33.506467096637984,34.16530227661133,8080,0.0,0.0
2020-09-15 00:00:00+08:00,34.353546142578125,34.353546142578125,34.353546142578125,34.353546142578125,1010,0.0,0.0
2020-09-16 00:00:00+08:00,33.977066778620156,34.353546142578125,33.93000867126047,34.353546142578125,6060,0.0,0.0
2020-09-17 00:00:00+08:00,33.9770594518633,34.54177474975586,33.88293963116965,34.54177474975586,26260,0.0,0.0
2020-09-18 00:00:00+08:00,34.54177474975586,34.54177474975586,34.54177474975586,34.54177474975586,0,0.0,0.0
2020-09-21 00:00:00+08:00,34.54178219828699,34.54178219828699,33.977066778620156,34.353546142578125,5050,0.0,0.0
2020-09-22 00:00:00+08:00,33.97706202753555,34.07118185536407,33.88294219970703,33.88294219970703,62620,0.0,0.0
2020-09-23 00:00:00+08:00,33.60058633316474,33.78882598876953,33.60058633316474,33.78882598876953,86860,0.0,0.0
2020-09-24 00:00:00+08:00,33.5064695372467,33.5064695372467,32.98881225062733,33.412349700927734,12120,0.0,0.0
2020-09-25 00:00:00+08:00,33.88294525625265,33.88294525625265,33.03587398192179,33.412349700927734,17170,0.0,0.0
2020-09-28 00:00:00+08:00,33.78882847668526,36.23592967465229,33.78882847668526,35.247676849365234,62620,0.0,0.0
2020-09-29 00:00:00+08:00,35.67120960158885,35.67120960158885,34.44765553723878,34.824134826660156,13130,0.0,0.0
2020-09-30 00:00:00+08:00,34.82413825332117,34.82413825332117,34.16530305827443,34.63589859008789,21210,0.0,0.0
2020-10-05 00:00:00+08:00,33.88293963116965,34.54177474975586,33.88293963116965,34.54177474975586,14140,0.0,0.0
2020-10-06 00:00:00+08:00,34.824134203501366,34.824134203501366,33.882939623059485,34.49471664428711,46460,0.0,0.0
2020-10-07 00:00:00+08:00,34.07118661960965,34.447662357297496,34.07118661960965,34.353546142578125,22220,0.0,0.0
2020-10-08 00:00:00+08:00,34.30648001014517,34.353541737740684,34.07118225097656,34.07118225097656,7070,0.0,0.0
2020-10-12 00:00:00+08:00,34.07118225097656,34.165302079897934,33.647644833965195,34.07118225097656,6060,0.0,0.0
2020-10-13 00:00:00+08:00,34.777076721191406,34.777076721191406,34.777076721191406,34.777076721191406,2020,0.0,0.0
2020-10-14 00:00:00+08:00,34.0711834145076,34.682960510253906,33.882943750236464,34.682960510253906,37370,0.0,0.0
2020-10-15 00:00:00+08:00,34.118243978572075,34.118243978572075,33.930004320729324,34.07118225097656,15150,0.0,0.0
2020-10-16 00:00:00+08:00,34.07118225097656,34.25942190881931,33.88294259313381,34.07118225097656,14140,0.0,0.0
2020-10-19 00:00:00+08:00,34.25942190881931,34.353541737740684,33.177049315627976,34.07118225097656,11110,0.0,0.0
2020-10-20 00:00:00+08:00,33.74176485716137,34.16530227661133,33.74176485716137,34.16530227661133,2020,0.0,0.0
2020-10-21 00:00:00+08:00,33.882941791312675,33.882941791312675,32.941750776911,33.6005859375,40400,0.0,0.0
2020-10-22 00:00:00+08:00,33.412346284111834,33.6005859375,33.31822645741776,33.6005859375,10100,0.0,0.0
2020-10-23 00:00:00+08:00,33.22411494547325,34.118247985839844,33.22411494547325,34.118247985839844,3030,0.0,0.0
2020-10-26 00:00:00+08:00,33.69470636648205,33.9770622253418,33.69470636648205,33.9770622253418,3030,0.0,0.0
2020-10-27 00:00:00+08:00,34.02412414550781,34.02412414550781,34.02412414550781,34.02412414550781,1010,0.0,0.0
2020-10-28 00:00:00+08:00,33.55352764227122,33.74176731490916,33.412349700927734,33.412349700927734,6060,0.0,0.0
2020-10-29 00:00:00+08:00,33.41234608572998,33.506465911865234,33.41234608572998,33.506465911865234,2020,0.0,0.0
2020-10-30 00:00:00+08:00,33.03587398148195,33.365291595458984,33.03587398148195,33.365291595458984,2020,0.0,0.0
2020-11-02 00:00:00+08:00,32.56527461528947,33.31822967529297,32.51821651053234,33.31822967529297,18180,0.0,0.0
2020-11-03 00:00:00+08:00,33.318227628493545,34.259422302246094,33.318227628493545,34.259422302246094,13130,0.0,0.0
2020-11-04 00:00:00+08:00,34.44765793619795,34.44765793619795,33.97706241791803,34.02412414550781,5050,0.0,0.0
2020-11-05 00:00:00+08:00,34.02412414550781,34.02412414550781,34.02412414550781,34.02412414550781,0,0.0,0.0
2020-11-06 00:00:00+08:00,33.600586538105595,33.9770622253418,33.600586538105595,33.9770622253418,3030,0.0,0.0
2020-11-09 00:00:00+08:00,34.73001900062112,35.10649833336325,34.353543294148814,34.91825866699219,44440,0.0,0.0
2020-11-10 00:00:00+08:00,34.91825866699219,34.91825866699219,34.91825866699219,34.91825866699219,0,0.0,0.0
2020-11-11 00:00:00+08:00,33.459402580243555,33.50646430418789,31.341722912021876,31.62407875061035,237350,0.0,0.0
2020-11-12 00:00:00+08:00,32.00055441081811,32.00055441081811,31.529958928991068,31.62407875061035,18180,0.0,0.0
2020-11-13 00:00:00+08:00,31.38878189062559,31.38878189062559,31.059364318847656,31.059364318847656,32320,0.0,0.0
2020-11-16 00:00:00+08:00,30.7770069293048,31.153486251831055,30.7770069293048,31.153486251831055,9090,0.0,0.0
2020-11-17 00:00:00+08:00,31.05936661502797,31.24760627746582,31.05936661502797,31.24760627746582,6060,0.0,0.0
2020-11-18 00:00:00+08:00,31.05936661502797,31.29466437994041,30.77700712137119,31.24760627746582,7070,0.0,0.0
2020-11-19 00:00:00+08:00,31.153486251831055,31.153486251831055,31.153486251831055,31.153486251831055,1010,0.0,0.0
2020-11-20 00:00:00+08:00,30.777004846065367,31.059364318847656,30.777004846065367,31.059364318847656,8080,0.0,0.0
2020-11-23 00:00:00+08:00,31.059364318847656,31.059364318847656,30.824066571330487,31.059364318847656,7070,0.0,0.0
2020-11-24 00:00:00+08:00,30.77700443746905,30.871124260480276,30.44758687006447,30.824066162109375,17170,0.0,0.0
2020-11-25 00:00:00+08:00,30.63582692280896,31.059364318847656,30.588768823813314,31.059364318847656,14140,0.0,0.0
2020-11-26 00:00:00+08:00,30.871124260480276,30.871124260480276,30.824066162109375,30.824066162109375,3030,0.0,0.0
2020-11-27 00:00:00+08:00,30.494648999552552,31.059364318847656,30.494648999552552,31.059364318847656,7070,0.0,0.0
2020-11-30 00:00:00+08:00,30.91818639559125,31.059364318847656,30.91818639559125,31.059364318847656,3030,0.0,0.0
2020-12-01 00:00:00+08:00,31.529962002620028,32.28291702270508,31.43584217182568,32.28291702270508,42420,0.0,0.0
2020-12-02 00:00:00+08:00,32.28291256509003,32.28291256509003,31.906436920166016,31.906436920166016,4040,0.0,0.0
2020-12-03 00:00:00+08:00,31.906436920166016,31.906436920166016,31.906436920166016,31.906436920166016,0,0.0,0.0
2020-12-04 00:00:00+08:00,32.094676173190976,32.094676173190976,31.671138763427734,31.671138763427734,20200,0.0,0.0
2020-12-07 00:00:00+08:00,32.00055694580078,32.04761867347319,31.67113935717256,32.00055694580078,16160,0.0,0.0
2020-12-08 00:00:00+08:00,32.00055694580078,32.00055694580078,32.00055694580078,32.00055694580078,0,0.0,0.0
2020-12-09 00:00:00+08:00,32.235859882794195,33.50646857077561,32.235859882794195,32.847633361816406,34340,0.0,0.0
2020-12-10 00:00:00+08:00,32.847628916474825,32.847628916474825,32.471153259277344,32.471153259277344,10100,0.0,0.0
2020-12-11 00:00:00+08:00,31.62408144944732,32.09467697143555,31.153485927459098,32.09467697143555,44440,0.0,0.0
2020-12-14 00:00:00+08:00,31.718201279098903,32.09467697143555,31.718201279098903,32.09467697143555,3030,0.0,0.0
2020-12-15 00:00:00+08:00,31.85937974098422,32.00055767467774,31.24760627746582,31.24760627746582,7070,0.0,0.0
2020-12-16 00:00:00+08:00,31.859378814697266,31.859378814697266,31.765258986214803,31.859378814697266,4040,0.0,0.0
2020-12-17 00:00:00+08:00,31.435842316641594,31.435842316641594,31.29466438293457,31.29466438293457,2020,0.0,0.0
2020-12-18 00:00:00+08:00,31.29466267512906,31.388782501220703,31.059364923034725,31.388782501220703,11110,0.0,0.0
2020-12-21 00:00:00+08:00,31.388785554365114,31.388785554365114,30.824070169155704,31.012306213378906,9090,0.0,0.0
2020-12-22 00:00:00+08:00,31.624081376445613,31.624081376445613,30.918188095092773,30.918188095092773,14140,0.0,0.0
2020-12-23 00:00:00+08:00,30.871126174926758,30.871126174926758,30.871126174926758,30.871126174926758,1010,0.0,0.0
2020-12-24 00:00:00+08:00,30.871126174926758,30.871126174926758,30.871126174926758,30.871126174926758,0,0.0,0.0
2020-12-25 00:00:00+08:00,30.682886123657227,30.682886123657227,30.63582802297168,30.682886123657227,3030,0.0,0.0
2020-12-28 00:00:00+08:00,30.353469948257644,30.682885714335953,30.306410035065092,30.400529861450195,16160,0.0,0.0
2020-12-29 00:00:00+08:00,30.400532154957553,30.63582992553711,30.400532154957553,30.63582992553711,3030,0.0,0.0
2020-12-30 00:00:00+08:00,30.63582992553711,30.63582992553711,30.63582992553711,30.63582992553711,0,0.0,0.0
2020-12-31 00:00:00+08:00,30.353469440788654,30.353469440788654,30.02405186708298,30.11817169189453,18180,0.0,0.0
2021-01-04 00:00:00+08:00,30.02405186708298,30.165231604300303,29.882872129865657,30.11817169189453,11110,0.0,0.0
2021-01-05 00:00:00+08:00,29.882873925491587,30.07111358642578,29.882873925491587,30.07111358642578,6060,0.0,0.0
2021-01-06 00:00:00+08:00,30.024051355620568,30.024051355620568,29.835813522338867,29.835813522338867,10100,0.0,0.0
2021-01-07 00:00:00+08:00,29.835813522338867,29.835813522338867,29.835813522338867,29.835813522338867,2020,0.0,0.0
2021-01-08 00:00:00+08:00,29.929931640625,29.929931640625,29.929931640625,29.929931640625,1010,0.0,0.0
2021-01-11 00:00:00+08:00,30.11817169189453,30.11817169189453,30.11817169189453,30.11817169189453,13130,0.0,0.0
2021-01-12 00:00:00+08:00,30.21229362487793,30.21229362487793,30.21229362487793,30.21229362487793,2020,0.0,0.0
2021-01-13 00:00:00+08:00,30.21229362487793,30.21229362487793,30.21229362487793,30.21229362487793,0,0.0,0.0
2021-01-14 00:00:00+08:00,30.494652557058387,33.1299934387207,30.494652557058387,33.1299934387207,38380,0.0,0.0
2021-01-15 00:00:00+08:00,33.412345420288844,33.412345420288844,31.059364318847656,31.059364318847656,26260,0.0,0.0
2021-01-18 00:00:00+08:00,30.729949951171875,30.729949951171875,30.729949951171875,30.729949951171875,1010,0.0,0.0
2021-01-19 00:00:00+08:00,30.447587274287432,31.059364318847656,30.447587274287432,31.059364318847656,4040,0.0,0.0
2021-01-20 00:00:00+08:00,30.729949951171875,30.729949951171875,30.729949951171875,30.729949951171875,1010,0.0,0.0
2021-01-21 00:00:00+08:00,30.6358291906088,31.29466438293457,30.6358291906088,31.29466438293457,6060,0.0,0.0
2021-01-22 00:00:00+08:00,31.29466438293457,31.29466438293457,31.29466438293457,31.29466438293457,1010,0.0,0.0
2021-01-25 00:00:00+08:00,31.05936603000765,31.05936603000765,30.965246200561523,30.965246200561523,3030,0.0,0.0
2021-01-26 00:00:00+08:00,30.965246200561523,30.965246200561523,30.965246200561523,30.965246200561523,0,0.0,0.0
2021-01-27 00:00:00+08:00,30.965246200561523,30.965246200561523,30.965246200561523,30.965246200561523,0,0.0,0.0
2021-01-28 00:00:00+08:00,30.635828013390555,30.635828013390555,30.588769912719727,30.588769912719727,2020,0.0,0.0
2021-01-29 00:00:00+08:00,30.77700717671183,30.77700717671183,30.25935173034668,30.25935173034668,4040,0.0,0.0
2021-02-01 00:00:00+08:00,30.588770119069245,30.777006149291992,30.118172790973112,30.777006149291992,6060,0.0,0.0
2021-02-02 00:00:00+08:00,31.059364318847656,31.059364318847656,31.059364318847656,31.059364318847656,1010,0.0,0.0
2021-02-03 00:00:00+08:00,31.059364318847656,31.059364318847656,31.059364318847656,31.059364318847656,0,0.0,0.0
2021-02-04 00:00:00+08:00,31.059364318847656,31.059364318847656,31.059364318847656,31.059364318847656,0,0.0,0.0
2021-02-05 00:00:00+08:00,31.059364318847656,31.059364318847656,31.059364318847656,31.059364318847656,0,0.0,0.0
2021-02-17 00:00:00+08:00,31.529959540615447,31.9534969329834,31.529959540615447,31.9534969329834,3030,0.0,0.0
2021-02-18 00:00:00+08:00,32.32997532243936,32.6593929190968,32.000557725781924,32.424095153808594,14140,0.0,0.0
2021-02-19 00:00:00+08:00,32.00055694580078,32.14173850254835,32.00055694580078,32.00055694580078,6060,0.0,0.0
2021-02-22 00:00:00+08:00,32.00055374028661,32.329971295916884,32.00055374028661,32.23585510253906,3030,0.0,0.0
2021-02-23 00:00:00+08:00,32.3770378200655,32.94175319542055,32.3770378200655,32.847633361816406,18180,0.0,0.0
2021-02-24 00:00:00+08:00,33.224112177827045,35.012378109593506,33.224112177827045,34.682960510253906,109080,0.0,0.0
2021-02-25 00:00:00+08:00,38.118312459987536,38.118312459987536,32.98880907189617,33.694705963134766,442380,0.0,0.0
2021-02-26 00:00:00+08:00,33.035875619449556,34.400604248046875,33.035875619449556,34.400604248046875,45450,0.0,0.0
2021-03-02 00:00:00+08:00,34.58883929665397,34.58883929665397,33.271168951922796,33.9770622253418,29290,0.0,0.0
2021-03-03 00:00:00+08:00,33.17704853569439,33.694705769457926,33.12999043547479,33.64764404296875,11110,0.0,0.0
2021-03-04 00:00:00+08:00,33.64764728740263,33.69470901842968,33.177051734751664,33.31822967529297,28280,0.0,0.0
2021-03-05 00:00:00+08:00,33.12999043029916,33.6005859375,33.12999043029916,33.6005859375,18180,0.0,0.0
2021-03-08 00:00:00+08:00,34.071184169588705,36.518285354266695,34.071184169588705,35.15355682373047,128270,0.0,0.0
2021-03-09 00:00:00+08:00,35.76532745361328,36.706522094474735,34.8241364390214,35.76532745361328,203010,0.0,0.0
2021-03-10 00:00:00+08:00,35.76532684600491,35.76532684600491,35.294731346703806,35.435909271240234,20200,0.0,0.0
2021-03-11 00:00:00+08:00,35.57708740234375,36.04768285641079,35.106491948276705,35.57708740234375,67670,0.0,0.0
2021-03-12 00:00:00+08:00,35.577091017036224,35.76532704202664,35.48297119140625,35.48297119140625,21210,0.0,0.0
2021-03-15 00:00:00+08:00,36.14180676046569,36.14180676046569,35.153554019382476,35.76532745361328,50500,0.0,0.0
2021-03-16 00:00:00+08:00,35.76532704202664,35.76532704202664,35.200611714516334,35.48297119140625,32320,0.0,0.0
2021-03-17 00:00:00+08:00,35.2947315401463,35.48297119140625,35.01237568952591,35.48297119140625,12120,0.0,0.0
2021-03-18 00:00:00+08:00,35.67121084847773,35.7653270478535,35.24767344620861,35.530029296875,26260,0.0,0.0
2021-03-19 00:00:00+08:00,35.7182693428837,36.28298467672661,35.53002968951288,35.67121124267578,57570,0.0,0.0
2021-03-22 00:00:00+08:00,35.20061131557345,35.3888509647,34.918255468153106,35.29473114013672,26260,0.0,0.0
2021-03-23 00:00:00+08:00,35.95356997673281,35.95356997673281,34.871197322545136,35.20061492919922,25250,0.0,0.0
2021-03-24 00:00:00+08:00,35.20061414759486,35.20061414759486,34.682960510253906,34.682960510253906,14140,0.0,0.0
2021-03-25 00:00:00+08:00,34.91825866699219,35.388854206650024,34.68296089716327,34.91825866699219,10100,0.0,0.0
2021-03-26 00:00:00+08:00,35.38885074926591,35.76532641895768,35.05943317843457,35.10649490356445,31310,0.0,0.0
2021-03-29 00:00:00+08:00,35.10649531073269,35.341793060302734,35.10649531073269,35.341793060302734,10100,0.0,0.0
2021-03-30 00:00:00+08:00,35.577086980979246,35.71826489027345,35.012371717533284,35.38884735107422,26260,0.0,0.0
2021-03-31 00:00:00+08:00,35.57709080987278,35.57709080987278,35.05943358505698,35.341793060302734,13130,0.0,0.0
2021-04-01 00:00:00+08:00,35.2947315401463,35.48297119140625,35.2947315401463,35.48297119140625,11110,0.0,0.0
2021-04-07 00:00:00+08:00,35.294734953596574,35.67121429252681,35.106498910401335,35.247676849365234,20200,0.0,0.0
2021-04-08 00:00:00+08:00,35.24767344046608,35.53002929108647,35.153553614836106,35.48297119140625,23230,0.0,0.0
2021-04-09 00:00:00+08:00,35.53002526036843,35.76532298461515,34.91825190258077,35.38884735107422,15150,0.0,0.0
2021-04-12 00:00:00+08:00,35.388854206650024,35.388854206650024,34.91825866699219,34.91825866699219,6060,0.0,0.0
2021-04-13 00:00:00+08:00,34.588843559449614,34.588843559449614,33.506470839131076,34.118247985839844,30300,0.0,0.0
2021-04-14 00:00:00+08:00,34.16530213572042,34.16530213572042,32.00055694580078,32.00055694580078,103020,0.0,0.0
2021-04-15 00:00:00+08:00,32.471156286214146,32.471156286214146,31.718201275359934,32.0476188659668,48480,0.0,0.0
2021-04-16 00:00:00+08:00,32.18879337958085,32.23585510253906,32.047615463244824,32.23585510253906,18180,0.0,0.0
2021-04-19 00:00:00+08:00,32.09467355993373,32.28291319922797,32.09467355993373,32.23585510253906,14140,0.0,0.0
2021-04-20 00:00:00+08:00,32.23585640331851,32.47115414879638,31.24760369654978,31.9534969329834,58580,0.0,0.0
2021-04-21 00:00:00+08:00,31.95349863879803,32.00055673989799,31.388783294250324,31.812320709228516,21210,0.0,0.0
2021-04-22 00:00:00+08:00,31.482901442027654,32.000555031571196,31.482901442027654,31.9534969329834,3030,0.0,0.0
2021-04-23 00:00:00+08:00,31.95349997476027,31.95349997476027,31.294664774197386,31.5770206451416,8080,0.0,0.0
2021-04-26 00:00:00+08:00,31.482903122719883,32.00055673989799,31.435841395350284,31.812320709228516,30300,0.0,0.0
2021-04-27 00:00:00+08:00,31.812320713590854,31.859378814697266,31.812320713590854,31.859378814697266,3030,0.0,0.0
2021-04-28 00:00:00+08:00,31.624080258906023,31.718200085014306,31.059364928525866,31.435840606689453,40400,0.0,0.0
2021-04-29 00:00:00+08:00,30.8240678765499,31.765258906472535,30.777006149291992,30.777006149291992,37370,0.0,0.0
2021-05-03 00:00:00+08:00,30.729946618098932,30.729946618098932,29.976991653442383,29.976991653442383,31310,0.0,0.0
2021-05-04 00:00:00+08:00,29.9769942411544,30.447589774837038,29.835816306303563,30.353471755981445,13130,0.0,0.0
2021-05-05 00:00:00+08:00,30.353468001027593,31.435838682481144,30.353468001027593,31.34172248840332,8080,0.0,0.0
2021-05-06 00:00:00+08:00,31.34172248840332,31.34172248840332,31.34172248840332,31.34172248840332,1010,0.0,0.0
2021-05-07 00:00:00+08:00,31.34172248840332,31.34172248840332,31.34172248840332,31.34172248840332,3030,0.0,0.0
2021-05-10 00:00:00+08:00,31.341723791629946,31.341723791629946,31.059364318847656,31.059364318847656,7070,0.0,0.0
2021-05-11 00:00:00+08:00,31.059364318847656,31.059364318847656,31.059364318847656,31.059364318847656,0,0.0,0.0
2021-05-12 00:00:00+08:00,30.118171178828778,31.012302246767895,28.753440994848614,29.835813522338867,29290,0.0,0.0
2021-05-13 00:00:00+08:00,27.012235815132044,29.224040985107422,27.012235815132044,29.224040985107422,28280,0.0,0.0
2021-05-14 00:00:00+08:00,29.647574768473508,29.647574768473508,27.341653535529524,29.271099090576172,38380,0.0,0.0
2021-05-17 00:00:00+08:00,27.812250106903615,28.894620895385742,27.812250106903615,28.894620895385742,5050,0.0,0.0
2021-05-18 00:00:00+08:00,28.894620477028855,29.69463539123535,28.894620477028855,29.69463539123535,5050,0.0,0.0
2021-05-19 00:00:00+08:00,29.741695992925802,30.07111358642578,29.69463607769225,30.07111358642578,8080,0.0,0.0
2021-05-20 00:00:00+08:00,30.165232108622213,30.44758796150797,30.024052369044554,30.400529861450195,7070,0.0,0.0
2021-05-21 00:00:00+08:00,30.588769922286133,30.965245606579323,30.259350525543685,30.682886123657227,18180,0.0,0.0
2021-05-24 00:00:00+08:00,31.059367557297005,31.059367557297005,30.259352593935287,30.729949951171875,3030,0.0,0.0
2021-05-25 00:00:00+08:00,30.72994784100182,31.153485252117704,29.647575262876693,30.588769912719727,12120,0.0,0.0
2021-05-26 00:00:00+08:00,30.588769912719727,30.588769912719727,30.588769912719727,30.588769912719727,0,0.0,0.0
2021-05-27 00:00:00+08:00,30.212292415409472,30.682886114061382,29.97699284638131,30.588769912719727,8080,0.0,0.0
2021-05-28 00:00:00+08:00,30.918187902485577,30.918187902485577,30.871126174926758,30.871126174926758,29290,0.0,0.0
2021-05-31 00:00:00+08:00,31.059365019876374,31.059365019876374,29.741694703024017,30.400529861450195,28280,0.0,0.0
2021-06-01 00:00:00+08:00,29.365218771563747,30.25935173034668,29.365218771563747,30.25935173034668,2020,0.0,0.0
2021-06-02 00:00:00+08:00,30.25935173034668,30.25935173034668,30.25935173034668,30.25935173034668,0,0.0,0.0
2021-06-03 00:00:00+08:00,30.682886123657227,30.682886123657227,30.44758836769028,30.682886123657227,13130,0.0,0.0
2021-06-04 00:00:00+08:00,30.682886123657227,30.682886123657227,30.682886123657227,30.682886123657227,0,0.0,0.0
2021-06-07 00:00:00+08:00,29.36521895948604,30.353471755981445,29.36521895948604,30.353471755981445,6060,0.0,0.0
2021-06-08 00:00:00+08:00,30.588769912719727,30.588769912719727,30.588769912719727,30.588769912719727,1010,0.0,0.0
2021-06-09 00:00:00+08:00,29.694635093806074,30.165232417414177,29.553455352783203,29.553455352783203,3030,0.0,0.0
2021-06-10 00:00:00+08:00,29.694635489750954,29.741695404052734,29.224039973002782,29.741695404052734,6060,0.0,0.0
2021-06-11 00:00:00+08:00,29.694633787526552,30.071111267224673,29.22403829775494,29.835813522338867,9090,0.0,0.0
2021-06-15 00:00:00+08:00,29.412277719496238,29.69463539123535,29.365217805350586,29.69463539123535,3030,0.0,0.0
2021-06-16 00:00:00+08:00,29.69463539123535,29.69463539123535,29.69463539123535,29.69463539123535,0,0.0,0.0
2021-06-17 00:00:00+08:00,28.753442356030593,29.600515365600586,28.753442356030593,29.600515365600586,4040,0.0,0.0
2021-06-18 00:00:00+08:00,29.647575673497872,29.788755416870117,29.45933782880304,29.788755416870117,3030,0.0,0.0
2021-06-21 00:00:00+08:00,29.224039480091662,29.741694902410515,28.75344215814606,29.45933723449707,25250,0.0,0.0
2021-06-22 00:00:00+08:00,29.882874368745018,29.882874368745018,29.176981069175834,29.224040985107422,25250,0.0,0.0
2021-06-23 00:00:00+08:00,29.647573983114217,31.247603730899865,29.647573983114217,29.929931640625,66660,0.0,0.0
2021-06-24 00:00:00+08:00,30.30640962926443,30.30640962926443,29.741694304784854,30.165231704711914,6060,0.0,0.0
2021-06-25 00:00:00+08:00,29.6475738828667,29.882871627807617,29.6475738828667,29.882871627807617,2020,0.0,0.0
2021-06-28 00:00:00+08:00,29.64757418266648,30.024051666259766,29.64757418266648,30.024051666259766,12120,0.0,0.0
2021-06-29 00:00:00+08:00,30.494651794433594,30.494651794433594,30.494651794433594,30.494651794433594,1010,0.0,0.0
2021-06-30 00:00:00+08:00,30.63582761427818,30.63582761427818,29.92993254265945,30.400529861450195,3030,0.0,0.0
2021-07-01 00:00:00+08:00,30.40052883531869,30.40052883531869,29.835813522338867,29.835813522338867,2020,0.0,0.0
2021-07-02 00:00:00+08:00,29.365217805350586,29.78875521952666,29.365217805350586,29.69463539123535,5050,0.0,0.0
2021-07-05 00:00:00+08:00,30.400530065164794,30.96524540099004,29.78875481583165,30.54170799255371,24240,0.0,0.0
2021-07-06 00:00:00+08:00,30.824066751711648,30.824066751711648,29.365216719671636,30.11817169189453,20200,0.0,0.0
2021-07-07 00:00:00+08:00,30.11817199741757,30.30640983581543,29.365217017556592,30.30640983581543,27270,0.0,0.0
2021-07-08 00:00:00+08:00,30.494651308817087,30.494651308817087,29.74169628398153,30.25935173034668,8080,0.0,0.0
2021-07-09 00:00:00+08:00,29.60051446856576,30.212291516706077,29.60051446856576,30.11817169189453,5050,0.0,0.0
2021-07-12 00:00:00+08:00,30.212294301120895,30.63582992553711,30.212294301120895,30.63582992553711,6060,0.0,0.0
2021-07-13 00:00:00+08:00,30.824066162109375,30.824066162109375,29.78875354839003,30.824066162109375,8080,0.0,0.0
2021-07-14 00:00:00+08:00,30.824066162109375,30.824066162109375,30.824066162109375,30.824066162109375,0,0.0,0.0
2021-07-15 00:00:00+08:00,31.012306213378906,31.012306213378906,31.012306213378906,31.012306213378906,1010,0.0,0.0
2021-07-16 00:00:00+08:00,31.153486251831055,31.153486251831055,31.153486251831055,31.153486251831055,16160,0.0,0.0
2021-07-19 00:00:00+08:00,30.682887290152266,31.24760627746582,30.682887290152266,31.24760627746582,12120,0.0,0.0
2021-07-20 00:00:00+08:00,31.24760627746582,31.24760627746582,31.24760627746582,31.24760627746582,0,0.0,0.0
2021-07-21 00:00:00+08:00,29.882873597584997,30.918188095092773,29.882873597584997,30.918188095092773,2020,0.0,0.0
2021-07-22 00:00:00+08:00,31.059364318847656,31.059364318847656,31.059364318847656,31.059364318847656,1010,0.0,0.0
2021-07-23 00:00:00+08:00,30.16523308967396,30.965246200561523,30.118173174950897,30.965246200561523,6060,0.0,0.0
2021-07-26 00:00:00+08:00,30.588770505207513,30.918188095092773,30.588770505207513,30.918188095092773,3030,0.0,0.0
2021-07-27 00:00:00+08:00,31.15348401236008,31.15348401236008,31.15348401236008,29.976991653442383,1010,0.0,0.0
2021-07-28 00:00:00+08:00,29.976991653442383,29.976991653442383,29.976991653442383,29.976991653442383,0,0.0,0.0
2021-07-29 00:00:00+08:00,30.118171515644235,31.059364318847656,30.118171515644235,31.059364318847656,4040,0.0,0.0
2021-07-30 00:00:00+08:00,30.165232897971332,30.871126174926758,30.165232897971332,30.871126174926758,2020,0.0,0.0
2021-08-02 00:00:00+08:00,30.871126174926758,30.871126174926758,30.871126174926758,30.871126174926758,0,0.0,0.0
2021-08-03 00:00:00+08:00,30.16523211398301,30.777005546190576,29.69463479510863,30.447587966918945,5050,0.0,0.0
2021-08-04 00:00:00+08:00,30.824066162109375,30.824066162109375,30.824066162109375,30.824066162109375,2020,0.0,0.0
2021-08-05 00:00:00+08:00,30.35347054845377,30.87112597753818,30.16523270509621,30.777006149291992,4040,0.0,0.0
2021-08-06 00:00:00+08:00,30.777006149291992,30.777006149291992,30.777006149291992,30.777006149291992,0,0.0,0.0
2021-08-09 00:00:00+08:00,30.68288520135958,30.68288520135958,30.11817169189453,30.11817169189453,3030,0.0,0.0
2021-08-10 00:00:00+08:00,30.11817169189453,30.11817169189453,30.11817169189453,30.11817169189453,0,0.0,0.0
2021-08-11 00:00:00+08:00,29.176979751089977,30.588769912719727,29.176979751089977,30.588769912719727,11110,0.0,0.0
2021-08-12 00:00:00+08:00,30.588769912719727,30.588769912719727,30.588769912719727,30.588769912719727,0,0.0,0.0
2021-08-13 00:00:00+08:00,30.588769912719727,30.588769912719727,30.588769912719727,30.588769912719727,0,0.0,0.0
2021-08-16 00:00:00+08:00,30.588769912719727,30.588769912719727,30.588769912719727,30.588769912719727,0,0.0,0.0
2021-08-17 00:00:00+08:00,29.694633787526552,29.835813522338867,29.17697838615084,29.835813522338867,4040,0.0,0.0
2021-08-18 00:00:00+08:00,29.647576449738207,30.21229362487793,29.647576449738207,30.21229362487793,3030,0.0,0.0
2021-08-19 00:00:00+08:00,29.64757537841797,29.64757537841797,29.64757537841797,29.64757537841797,1010,0.0,0.0
2021-08-20 00:00:00+08:00,29.976991653442383,29.976991653442383,29.976991653442383,29.976991653442383,1010,0.0,0.0
2021-08-23 00:00:00+08:00,29.976991653442383,29.976991653442383,29.976991653442383,29.976991653442383,0,0.0,0.0
2021-08-24 00:00:00+08:00,30.11817169189453,30.11817169189453,30.11817169189453,30.11817169189453,1010,0.0,0.0
2021-08-25 00:00:00+08:00,29.271099984108204,29.788755416870117,29.22404006965079,29.788755416870117,7070,0.0,0.0
2021-08-26 00:00:00+08:00,29.64757537841797,29.64757537841797,29.64757537841797,29.64757537841797,1010,0.0,0.0
2021-08-27 00:00:00+08:00,29.64757537841797,29.64757537841797,29.64757537841797,29.64757537841797,0,0.0,0.0
2021-08-30 00:00:00+08:00,29.176979864797268,29.64757537841797,29.176979864797268,29.64757537841797,6060,0.0,0.0
2021-08-31 00:00:00+08:00,29.835815133672316,29.835815133672316,29.69463539123535,29.69463539123535,4040,0.0,0.0
2021-09-01 00:00:00+08:00,29.69463539123535,29.69463539123535,29.69463539123535,29.69463539123535,0,0.0,0.0
2021-09-02 00:00:00+08:00,29.69463539123535,29.69463539123535,29.69463539123535,29.69463539123535,0,0.0,0.0
2021-09-03 00:00:00+08:00,30.02405186708298,30.11817169189453,30.02405186708298,30.11817169189453,4040,0.0,0.0
2021-09-06 00:00:00+08:00,30.02405396211973,30.21229362487793,29.176980919112456,30.21229362487793,22220,0.0,0.0
2021-09-07 00:00:00+08:00,29.176979767382992,29.647575279432495,29.176979767382992,29.600515365600586,6060,0.0,0.0
2021-09-08 00:00:00+08:00,30.212291516706077,30.212291516706077,30.11817169189453,30.11817169189453,4040,0.0,0.0
2021-09-09 00:00:00+08:00,30.11817169189453,30.11817169189453,30.11817169189453,30.11817169189453,0,0.0,0.0
2021-09-10 00:00:00+08:00,29.176978688025926,30.024051666259766,29.176978688025926,30.024051666259766,4040,0.0,0.0
2021-09-13 00:00:00+08:00,29.459337731376866,29.741695404052734,29.459337731376866,29.741695404052734,5050,0.0,0.0
2021-09-14 00:00:00+08:00,30.11817169189453,30.11817169189453,30.11817169189453,30.11817169189453,1010,0.0,0.0
2021-09-15 00:00:00+08:00,29.365216523255203,30.024051666259766,29.365216523255203,30.024051666259766,3030,0.0,0.0
2021-09-16 00:00:00+08:00,30.024051666259766,30.024051666259766,30.024051666259766,30.024051666259766,0,0.0,0.0
2021-09-17 00:00:00+08:00,29.835813522338867,29.835813522338867,29.835813522338867,29.835813522338867,1010,0.0,0.0
2021-09-22 00:00:00+08:00,28.847562567126296,29.788755416870117,28.80050265266888,29.788755416870117,3030,0.0,0.0
2021-09-23 00:00:00+08:00,30.07111358642578,30.07111358642578,30.07111358642578,30.07111358642578,1010,0.0,0.0
2021-09-24 00:00:00+08:00,30.682886123657227,30.682886123657227,30.682886123657227,30.682886123657227,1010,0.0,0.0
2021-09-27 00:00:00+08:00,29.60051417111411,30.400529047703532,29.60051417111411,29.976991653442383,5050,0.0,0.0
2021-09-28 00:00:00+08:00,30.11817169189453,30.11817169189453,30.11817169189453,30.11817169189453,1010,0.0,0.0
2021-09-29 00:00:00+08:00,30.45663070678711,30.45663070678711,30.45663070678711,30.45663070678711,1010,0.45,0.0
2021-09-30 00:00:00+08:00,30.45663070678711,30.45663070678711,30.45663070678711,30.45663070678711,0,0.0,0.0
2021-10-01 00:00:00+08:00,30.456631965526316,30.456631965526316,29.406402769678373,29.836042404174805,6060,0.0,0.0
2021-10-04 00:00:00+08:00,29.310928344726562,29.310928344726562,29.310928344726562,29.310928344726562,1010,0.0,0.0
2021-10-05 00:00:00+08:00,28.642602614813526,29.64509391784668,28.642602614813526,29.64509391784668,3030,0.0,0.0
2021-10-06 00:00:00+08:00,29.64509391784668,29.64509391784668,29.64509391784668,29.64509391784668,0,0.0,0.0
2021-10-07 00:00:00+08:00,30.647582465008366,30.981744363379708,29.54961537300993,30.45663070678711,20200,0.0,0.0
2021-10-08 00:00:00+08:00,30.45663070678711,30.45663070678711,30.45663070678711,30.45663070678711,0,0.0,0.0
2021-10-12 00:00:00+08:00,29.31092680339335,30.17020606994629,29.31092680339335,30.17020606994629,3030,0.0,0.0
2021-10-13 00:00:00+08:00,29.119978019376088,29.88378143310547,29.119978019376088,29.88378143310547,2020,0.0,0.0
2021-10-14 00:00:00+08:00,29.59735471356496,30.265682220458984,29.59735471356496,30.265682220458984,2020,0.0,0.0
2021-10-15 00:00:00+08:00,30.265682220458984,30.265682220458984,30.265682220458984,30.265682220458984,0,0.0,0.0
2021-10-18 00:00:00+08:00,30.265682220458984,30.265682220458984,30.265682220458984,30.265682220458984,0,0.0,0.0
2021-10-19 00:00:00+08:00,30.74305677795939,30.74305677795939,29.50187769552723,30.552106857299805,3030,0.0,0.0
2021-10-20 00:00:00+08:00,30.552106857299805,30.552106857299805,30.552106857299805,30.552106857299805,0,0.0,0.0
2021-10-21 00:00:00+08:00,29.836042219731066,29.836042219731066,29.406402587890625,29.406402587890625,6060,0.0,0.0
2021-10-22 00:00:00+08:00,29.74056625366211,29.74056625366211,29.74056625366211,29.74056625366211,1010,0.0,0.0
2021-10-25 00:00:00+08:00,29.74056625366211,29.74056625366211,29.74056625366211,29.74056625366211,0,0.0,0.0
2021-10-26 00:00:00+08:00,29.74056625366211,29.74056625366211,29.74056625366211,29.74056625366211,0,0.0,0.0
2021-10-27 00:00:00+08:00,29.74056625366211,29.74056625366211,29.74056625366211,29.74056625366211,0,0.0,0.0
2021-10-28 00:00:00+08:00,29.74056625366211,29.74056625366211,29.74056625366211,29.74056625366211,0,0.0,0.0
2021-10-29 00:00:00+08:00,29.74056625366211,29.74056625366211,29.74056625366211,29.74056625366211,0,0.0,0.0
2021-11-01 00:00:00+08:00,29.072239365097914,29.597354888916016,29.072239365097914,29.597354888916016,3030,0.0,0.0
2021-11-02 00:00:00+08:00,29.597354888916016,29.597354888916016,29.597354888916016,29.597354888916016,0,0.0,0.0
2021-11-03 00:00:00+08:00,29.69283023528958,29.69283023528958,29.406402587890625,29.406402587890625,2020,0.0,0.0
2021-11-04 00:00:00+08:00,29.69283103942871,29.69283103942871,29.69283103942871,29.69283103942871,1010,0.0,0.0
2021-11-05 00:00:00+08:00,29.69283103942871,29.69283103942871,29.69283103942871,29.69283103942871,0,0.0,0.0
2021-11-08 00:00:00+08:00,29.119978926984192,29.501880645751953,29.119978926984192,29.501880645751953,2020,0.0,0.0
2021-11-09 00:00:00+08:00,29.119977951049805,29.119977951049805,29.119977951049805,29.119977951049805,3030,0.0,0.0
2021-11-10 00:00:00+08:00,29.119977951049805,29.119977951049805,29.119977951049805,29.119977951049805,1010,0.0,0.0
2021-11-11 00:00:00+08:00,28.92902827931031,29.263192045147544,28.92902827931031,29.2154541015625,6060,0.0,0.0
2021-11-12 00:00:00+08:00,29.2154541015625,29.2154541015625,29.2154541015625,29.2154541015625,1010,0.0,0.0
2021-11-15 00:00:00+08:00,28.92902631405486,29.78830372243755,28.738074552686733,29.54961585998535,14140,0.0,0.0
2021-11-16 00:00:00+08:00,29.54961585998535,29.54961585998535,29.54961585998535,29.54961585998535,0,0.0,0.0
2021-11-17 00:00:00+08:00,29.54961585998535,29.54961585998535,29.54961585998535,29.54961585998535,0,0.0,0.0
2021-11-18 00:00:00+08:00,29.54961585998535,29.54961585998535,29.54961585998535,29.54961585998535,0,0.0,0.0
2021-11-19 00:00:00+08:00,29.54961585998535,29.54961585998535,29.54961585998535,29.54961585998535,0,0.0,0.0
2021-11-22 00:00:00+08:00,29.54961585998535,29.54961585998535,29.54961585998535,29.54961585998535,0,0.0,0.0
2021-11-23 00:00:00+08:00,28.881290528115322,29.310928344726562,28.690340591761228,29.310928344726562,5050,0.0,0.0
2021-11-24 00:00:00+08:00,29.310928344726562,29.310928344726562,29.310928344726562,29.310928344726562,0,0.0,0.0
2021-11-25 00:00:00+08:00,29.310928344726562,29.310928344726562,29.310928344726562,29.310928344726562,0,0.0,0.0
2021-11-26 00:00:00+08:00,28.73807669640618,29.310928344726562,28.73807669640618,29.310928344726562,3030,0.0,0.0
2021-11-29 00:00:00+08:00,28.833550667793833,28.833550667793833,28.5471248626709,28.5471248626709,2020,0.0,0.0
2021-11-30 00:00:00+08:00,29.072238805274782,29.072238805274782,28.547125130826444,28.642601013183594,5050,0.0,0.0
2021-12-01 00:00:00+08:00,28.35617489379421,28.976764484033815,28.35617489379421,28.881290435791016,5050,0.0,0.0
2021-12-02 00:00:00+08:00,28.881290435791016,28.881290435791016,28.881290435791016,28.881290435791016,0,0.0,0.0
2021-12-03 00:00:00+08:00,28.881290435791016,28.881290435791016,28.881290435791016,28.881290435791016,0,0.0,0.0
2021-12-06 00:00:00+08:00,28.642601937302953,29.02450180053711,28.642601937302953,29.02450180053711,4040,0.0,0.0
2021-12-07 00:00:00+08:00,29.02450180053711,29.02450180053711,29.02450180053711,29.02450180053711,0,0.0,0.0
2021-12-08 00:00:00+08:00,28.833551868920033,29.02450180053711,28.642601937302953,29.02450180053711,6060,0.0,0.0
2021-12-09 00:00:00+08:00,28.64260121258384,28.78581319785857,28.64260121258384,28.738075256347656,4040,0.0,0.0
2021-12-10 00:00:00+08:00,29.119979407628247,29.119979407628247,28.833553573639318,28.92902946472168,13130,0.0,0.0
2021-12-13 00:00:00+08:00,28.929028017694534,29.215453837356474,28.929028017694534,29.119977951049805,9090,0.0,0.0
2021-12-14 00:00:00+08:00,29.02450180053711,29.02450180053711,29.02450180053711,29.02450180053711,2020,0.0,0.0
2021-12-15 00:00:00+08:00,29.024501423000086,29.597354888916016,29.024501423000086,29.597354888916016,11110,0.0,0.0
2021-12-16 00:00:00+08:00,29.59735515437672,29.69283103942871,29.59735515437672,29.69283103942871,2020,0.0,0.0
2021-12-17 00:00:00+08:00,29.692829804196357,29.9792537689209,29.692829804196357,29.9792537689209,3030,0.0,0.0
2021-12-20 00:00:00+08:00,29.9792537689209,29.9792537689209,29.9792537689209,29.9792537689209,0,0.0,0.0
2021-12-21 00:00:00+08:00,29.9792537689209,29.9792537689209,29.9792537689209,29.9792537689209,0,0.0,0.0
2021-12-22 00:00:00+08:00,29.9792537689209,29.9792537689209,29.9792537689209,29.9792537689209,0,0.0,0.0
2021-12-23 00:00:00+08:00,30.17020606994629,30.17020606994629,30.17020606994629,30.17020606994629,4040,0.0,0.0
2021-12-24 00:00:00+08:00,30.361156264830974,30.361156264830974,30.265682220458984,30.265682220458984,2020,0.0,0.0
2021-12-27 00:00:00+08:00,29.645092655379965,30.265682220458984,29.645092655379965,30.265682220458984,3030,0.0,0.0
2021-12-28 00:00:00+08:00,29.788305450137834,30.217945098876953,29.501879630731114,30.217945098876953,6060,0.0,0.0
2021-12-29 00:00:00+08:00,29.50187750383197,30.122467041015625,29.50187750383197,30.122467041015625,2020,0.0,0.0
2021-12-30 00:00:00+08:00,29.45414116912235,30.026992797851562,29.40640322685191,30.026992797851562,4040,0.0,0.0
2022-01-03 00:00:00+08:00,30.026992797851562,30.026992797851562,30.026992797851562,30.026992797851562,0,0.0,0.0
2022-01-04 00:00:00+08:00,30.026993882786922,30.074731826782227,30.026993882786922,30.074731826782227,5050,0.0,0.0
2022-01-05 00:00:00+08:00,30.07473063137826,30.17020651557392,29.597354888916016,29.597354888916016,7070,0.0,0.0
2022-01-06 00:00:00+08:00,29.50187804203604,29.9792537689209,29.50187804203604,29.9792537689209,2020,0.0,0.0
2022-01-07 00:00:00+08:00,29.9792537689209,29.9792537689209,29.9792537689209,29.9792537689209,0,0.0,0.0
2022-01-10 00:00:00+08:00,29.740568058073176,29.979255938791614,29.740568058073176,30.074731826782227,3030,0.0,0.0
2022-01-11 00:00:00+08:00,30.265682038671237,30.265682038671237,29.836042404174805,29.836042404174805,5050,0.0,0.0
2022-01-12 00:00:00+08:00,29.69283123616624,29.83604322543507,29.59735535048165,29.788305282592773,5050,0.0,0.0
2022-01-13 00:00:00+08:00,29.788305282592773,29.788305282592773,29.788305282592773,29.788305282592773,0,0.0,0.0
2022-01-14 00:00:00+08:00,29.406402587890625,29.406402587890625,29.406402587890625,29.406402587890625,1010,0.0,0.0
2022-01-17 00:00:00+08:00,29.883780810298276,30.074730740122003,29.263191239298624,30.026992797851562,16160,0.0,0.0
2022-01-18 00:00:00+08:00,30.265682871757665,30.3611569181842,29.31092769342788,29.788305282592773,21210,0.0,0.0
2022-01-19 00:00:00+08:00,29.263191133489233,29.883780702244966,29.072239365097914,29.597354888916016,8080,0.0,0.0
2022-01-20 00:00:00+08:00,29.597354888916016,29.597354888916016,29.597354888916016,29.597354888916016,0,0.0,0.0
2022-01-21 00:00:00+08:00,29.597354888916016,29.597354888916016,29.597354888916016,29.597354888916016,0,0.0,0.0
2022-01-24 00:00:00+08:00,29.597354888916016,29.597354888916016,29.597354888916016,29.597354888916016,0,0.0,0.0
2022-01-25 00:00:00+08:00,30.45663070678711,30.45663070678711,30.45663070678711,30.45663070678711,1010,0.0,0.0
2022-01-26 00:00:00+08:00,30.45663070678711,30.45663070678711,30.45663070678711,30.45663070678711,0,0.0,0.0
2022-02-07 00:00:00+08:00,30.265682220458984,30.265682220458984,30.265682220458984,30.265682220458984,2020,0.0,0.0
2022-02-08 00:00:00+08:00,30.265682220458984,30.265682220458984,30.265682220458984,30.265682220458984,0,0.0,0.0
2022-02-09 00:00:00+08:00,29.54961598257612,29.9792537689209,29.54961598257612,29.9792537689209,2020,0.0,0.0
2022-02-10 00:00:00+08:00,29.9792537689209,29.9792537689209,29.9792537689209,29.9792537689209,0,0.0,0.0
2022-02-11 00:00:00+08:00,29.9792537689209,29.9792537689209,29.9792537689209,29.9792537689209,0,0.0,0.0
2022-02-14 00:00:00+08:00,29.64509391784668,29.64509391784668,29.64509391784668,29.64509391784668,1010,0.0,0.0
2022-02-15 00:00:00+08:00,29.597354888916016,29.597354888916016,29.597354888916016,29.597354888916016,1010,0.0,0.0
2022-02-16 00:00:00+08:00,29.597354888916016,29.597354888916016,29.597354888916016,29.597354888916016,1010,0.0,0.0
2022-02-17 00:00:00+08:00,29.310928866739008,29.501880645751953,29.310928866739008,29.501880645751953,2020,0.0,0.0
2022-02-18 00:00:00+08:00,29.215454816490666,29.501880645751953,29.215454816490666,29.501880645751953,4040,0.0,0.0
2022-02-21 00:00:00+08:00,29.215453741099097,29.45414161682129,28.738076150396658,29.45414161682129,9090,0.0,0.0
2022-02-22 00:00:00+08:00,29.454140529123784,29.454140529123784,28.976762956050187,29.406402587890625,4040,0.0,0.0
2022-02-23 00:00:00+08:00,29.11997739641227,29.26319122314453,28.929027466693952,29.26319122314453,10100,0.0,0.0
2022-02-24 00:00:00+08:00,28.92902737806245,29.597354888916016,28.833551493866793,29.597354888916016,4040,0.0,0.0
2022-02-25 00:00:00+08:00,29.597354888916016,29.597354888916016,29.597354888916016,29.597354888916016,0,0.0,0.0
2022-03-01 00:00:00+08:00,29.597354888916016,29.597354888916016,29.597354888916016,29.597354888916016,0,0.0,0.0
2022-03-02 00:00:00+08:00,29.597354888916016,29.597354888916016,29.597354888916016,29.597354888916016,0,0.0,0.0
2022-03-03 00:00:00+08:00,28.97676313518194,29.836042404174805,28.97676313518194,29.836042404174805,2020,0.0,0.0
2022-03-04 00:00:00+08:00,29.119977761316758,29.788305282592773,28.976763932789872,29.788305282592773,10100,0.0,0.0
2022-03-07 00:00:00+08:00,29.788305282592773,29.788305282592773,29.788305282592773,29.788305282592773,0,0.0,0.0
2022-03-08 00:00:00+08:00,30.122467041015625,30.122467041015625,30.122467041015625,30.122467041015625,1010,0.0,0.0
2022-03-09 00:00:00+08:00,30.026992145405707,30.026992145405707,29.072238838516505,29.406402587890625,3030,0.0,0.0
2022-03-10 00:00:00+08:00,29.883780970274646,29.883780970274646,28.976763740796834,29.69283103942871,4040,0.0,0.0
2022-03-11 00:00:00+08:00,29.119975914583357,29.501877593844185,28.690338134765625,28.690338134765625,9090,0.0,0.0
2022-03-14 00:00:00+08:00,29.16771735316943,29.16771735316943,28.785815628098135,28.92902946472168,5050,0.0,0.0
2022-03-15 00:00:00+08:00,28.7380762450812,29.119977951049805,28.212962548910657,29.119977951049805,5050,0.0,0.0
2022-03-16 00:00:00+08:00,29.501880120338754,29.501880120338754,28.451650872245988,29.310928344726562,5050,0.0,0.0
2022-03-17 00:00:00+08:00,28.69033915409475,29.310926875962572,28.69033915409475,28.738075256347656,3030,0.0,0.0
2022-03-18 00:00:00+08:00,28.92902946472168,28.92902946472168,28.92902946472168,28.92902946472168,1010,0.0,0.0
2022-03-21 00:00:00+08:00,28.642602457058118,29.2154541015625,28.451650682717933,29.2154541015625,17170,0.0,0.0
2022-03-22 00:00:00+08:00,29.406402587890625,29.406402587890625,29.406402587890625,29.406402587890625,1010,0.0,0.0
2022-03-23 00:00:00+08:00,28.881288608523985,29.11997647291677,27.783321489504424,28.5471248626709,85850,0.0,0.0
2022-03-24 00:00:00+08:00,28.5471248626709,28.5471248626709,28.16522317608766,28.5471248626709,7070,0.0,0.0
2022-03-25 00:00:00+08:00,28.547123705994228,28.83354949951172,28.451647828402432,28.83354949951172,4040,0.0,0.0
2022-03-28 00:00:00+08:00,28.64260121258384,28.738075256347656,28.308437461265473,28.738075256347656,9090,0.0,0.0
2022-03-29 00:00:00+08:00,28.356174566359016,28.54712633915583,27.878798812883115,28.022010803222656,14140,0.0,0.0
2022-03-30 00:00:00+08:00,28.06974810142649,28.499387741088867,28.06974810142649,28.499387741088867,3030,0.0,0.0
2022-03-31 00:00:00+08:00,28.499387741088867,28.499387741088867,28.499387741088867,28.499387741088867,0,0.0,0.0
2022-04-01 00:00:00+08:00,27.97427069600265,28.451648251807867,27.97427069600265,26.828567504882812,2020,0.0,0.0
2022-04-06 00:00:00+08:00,28.49938800650785,28.594863891601562,28.49938800650785,28.594863891601562,3030,0.0,0.0
2022-04-07 00:00:00+08:00,28.022010159324225,28.499387741088867,27.97427221722196,28.499387741088867,4040,0.0,0.0
2022-04-08 00:00:00+08:00,27.97427175817971,28.30843734741211,27.735585730101135,28.30843734741211,10100,0.0,0.0
2022-04-11 00:00:00+08:00,28.260698790301284,28.451648712158203,27.783321226772056,28.451648712158203,4040,0.0,0.0
2022-04-12 00:00:00+08:00,28.73807669640618,29.310928344726562,28.64260264785818,29.310928344726562,21210,0.0,0.0
2022-04-13 00:00:00+08:00,29.406402587890625,29.406402587890625,29.406402587890625,29.406402587890625,1010,0.0,0.0
2022-04-14 00:00:00+08:00,29.549618590505187,29.549618590505187,29.119978926984192,29.501880645751953,13130,0.0,0.0
2022-04-15 00:00:00+08:00,29.59735535048165,29.788305282592773,29.119977761316758,29.788305282592773,13130,0.0,0.0
2022-04-18 00:00:00+08:00,29.167715510900813,29.69283103942871,29.167715510900813,29.69283103942871,2020,0.0,0.0
2022-04-19 00:00:00+08:00,29.883780160964225,29.883780160964225,29.406402587890625,29.406402587890625,4040,0.0,0.0
2022-04-20 00:00:00+08:00,29.40640357911247,29.788305282592773,29.40640357911247,29.788305282592773,12120,0.0,0.0
2022-04-21 00:00:00+08:00,29.979255480378086,29.979255480378086,29.78830554657478,29.88378143310547,3030,0.0,0.0
2022-04-22 00:00:00+08:00,29.883780702244966,29.883780702244966,29.597354888916016,29.597354888916016,6060,0.0,0.0
2022-04-25 00:00:00+08:00,29.69283103942871,29.69283103942871,29.69283103942871,29.69283103942871,1010,0.0,0.0
2022-04-26 00:00:00+08:00,28.69033898716722,29.597354352823263,28.69033898716722,29.406402587890625,5050,0.0,0.0
2022-04-27 00:00:00+08:00,29.406402587890625,29.406402587890625,29.406402587890625,29.406402587890625,0,0.0,0.0
2022-04-28 00:00:00+08:00,29.406402587890625,29.406402587890625,29.406402587890625,29.406402587890625,0,0.0,0.0
2022-04-29 00:00:00+08:00,28.785813834033487,29.358665466308594,28.785813834033487,29.358665466308594,3030,0.0,0.0
2022-05-03 00:00:00+08:00,28.83355177659942,29.358665466308594,28.83355177659942,29.358665466308594,3030,0.0,0.0
2022-05-04 00:00:00+08:00,29.358665466308594,29.358665466308594,29.358665466308594,29.358665466308594,0,0.0,0.0
2022-05-05 00:00:00+08:00,29.358665466308594,29.358665466308594,29.358665466308594,29.358665466308594,1010,0.0,0.0
2022-05-06 00:00:00+08:00,29.358665466308594,29.358665466308594,29.358665466308594,29.358665466308594,0,0.0,0.0
2022-05-09 00:00:00+08:00,29.358665466308594,29.358665466308594,29.358665466308594,29.358665466308594,0,0.0,0.0
2022-05-10 00:00:00+08:00,28.6426021980326,29.119977951049805,28.6426021980326,29.119977951049805,3030,0.0,0.0
2022-05-11 00:00:00+08:00,29.119977951049805,29.119977951049805,29.119977951049805,29.119977951049805,0,0.0,0.0
2022-05-12 00:00:00+08:00,29.119977951049805,29.119977951049805,29.119977951049805,29.119977951049805,0,0.0,0.0
2022-05-13 00:00:00+08:00,29.119977951049805,29.119977951049805,29.119977951049805,29.119977951049805,1010,0.0,0.0
2022-05-16 00:00:00+08:00,29.119977951049805,29.119977951049805,29.119977951049805,29.119977951049805,0,0.0,0.0
2022-05-17 00:00:00+08:00,28.83354949951172,29.11997529302921,28.022008218497245,28.83354949951172,6060,0.0,0.0
2022-05-18 00:00:00+08:00,28.212962804050786,29.2154541015625,28.212962804050786,29.2154541015625,4040,0.0,0.0
2022-05-19 00:00:00+08:00,29.2154541015625,29.2154541015625,29.2154541015625,29.2154541015625,0,0.0,0.0
2022-05-20 00:00:00+08:00,29.2154541015625,29.2154541015625,29.2154541015625,29.2154541015625,0,0.0,0.0
2022-05-23 00:00:00+08:00,28.451648712158203,28.451648712158203,28.451648712158203,28.451648712158203,1010,0.0,0.0
2022-05-24 00:00:00+08:00,28.92902946472168,28.92902946472168,28.92902946472168,28.92902946472168,1010,0.0,0.0
2022-05-25 00:00:00+08:00,28.30843781193783,28.92902738075124,28.30843781193783,28.499387741088867,8080,0.0,0.0
2022-05-26 00:00:00+08:00,28.499387741088867,28.499387741088867,28.499387741088867,28.499387741088867,1010,0.0,0.0
2022-05-27 00:00:00+08:00,28.642602294593583,28.83355222859259,28.642602294593583,28.78581428527832,3030,0.0,0.0
2022-05-30 00:00:00+08:00,28.78581428527832,28.78581428527832,28.78581428527832,28.78581428527832,0,0.0,0.0
2022-05-31 00:00:00+08:00,28.92902946472168,28.92902946472168,28.92902946472168,28.92902946472168,1010,0.0,0.0
2022-06-01 00:00:00+08:00,28.92902946472168,28.92902946472168,28.92902946472168,28.92902946472168,0,0.0,0.0
2022-06-02 00:00:00+08:00,28.451648237150405,28.738074034782805,27.78332076292216,28.260698318481445,8080,0.0,0.0
2022-06-06 00:00:00+08:00,28.356173648921484,28.403911590576172,28.356173648921484,28.403911590576172,2020,0.0,0.0
2022-06-07 00:00:00+08:00,28.117486593075757,28.35617446899414,28.117486593075757,28.35617446899414,3030,0.0,0.0
2022-06-08 00:00:00+08:00,28.022010159324225,28.499387741088867,27.258208603462037,28.499387741088867,8080,0.0,0.0
2022-06-09 00:00:00+08:00,29.310927811925733,29.310927811925733,28.35617446899414,28.35617446899414,4040,0.0,0.0
2022-06-10 00:00:00+08:00,27.97427175817971,28.594863156067593,27.97427175817971,28.30843734741211,11110,0.0,0.0
2022-06-13 00:00:00+08:00,27.496896730797978,28.594863891601562,27.496896730797978,28.594863891601562,2020,0.0,0.0
2022-06-14 00:00:00+08:00,28.594863891601562,28.594863891601562,28.594863891601562,28.594863891601562,0,0.0,0.0
2022-06-15 00:00:00+08:00,28.165224075317383,28.165224075317383,28.165224075317383,28.165224075317383,1010,0.0,0.0
2022-06-16 00:00:00+08:00,28.499387741088867,28.499387741088867,28.499387741088867,28.499387741088867,1010,0.0,0.0
2022-06-17 00:00:00+08:00,28.499387741088867,28.499387741088867,28.499387741088867,28.499387741088867,0,0.0,0.0
2022-06-20 00:00:00+08:00,27.687848068905616,28.069747924804688,27.687848068905616,28.069747924804688,3030,0.0,0.0
2022-06-21 00:00:00+08:00,28.403911590576172,28.403911590576172,28.403911590576172,28.403911590576172,1010,0.0,0.0
2022-06-22 00:00:00+08:00,28.403911590576172,28.403911590576172,28.403911590576172,28.403911590576172,0,0.0,0.0
2022-06-23 00:00:00+08:00,27.30594609748891,28.30843734741211,27.258208156169996,28.30843734741211,10100,0.0,0.0
2022-06-24 00:00:00+08:00,28.16522499926822,28.642602598213184,27.25820958445669,27.783323287963867,43430,0.0,0.0
2022-06-27 00:00:00+08:00,28.069746157293142,28.83354949951172,27.87879624136745,28.83354949951172,7070,0.0,0.0
2022-06-28 00:00:00+08:00,29.597354888916016,29.597354888916016,29.549616946818187,29.597354888916016,12120,0.0,0.0
2022-06-29 00:00:00+08:00,29.597354888916016,29.597354888916016,29.597354888916016,29.597354888916016,0,0.0,0.0
2022-06-30 00:00:00+08:00,28.594864254879262,29.119977951049805,28.594864254879262,29.119977951049805,2020,0.0,0.0
2022-07-01 00:00:00+08:00,29.119977951049805,29.119977951049805,29.119977951049805,29.119977951049805,0,0.0,0.0
2022-07-04 00:00:00+08:00,28.929028017694534,29.119977951049805,28.69034014118593,29.119977951049805,11110,0.0,0.0
2022-07-05 00:00:00+08:00,29.883780702244966,29.883780702244966,29.597354888916016,29.597354888916016,2020,0.0,0.0
2022-07-06 00:00:00+08:00,29.597354525028035,29.597354525028035,27.735585841650558,28.738075256347656,10100,0.0,0.0
2022-07-07 00:00:00+08:00,28.69033895436217,28.69033895436217,27.87879763284238,28.642601013183594,3030,0.0,0.0
2022-07-08 00:00:00+08:00,29.597354405990792,29.597354405990792,29.597354405990792,28.30843734741211,1010,0.0,0.0
2022-07-11 00:00:00+08:00,28.260698790301284,28.54712459271564,27.735585125751292,28.451648712158203,16160,0.0,0.0
2022-07-12 00:00:00+08:00,28.35617446899414,28.35617446899414,27.687848784274284,28.35617446899414,9090,0.0,0.0
2022-07-13 00:00:00+08:00,27.73558426423765,29.549614902934398,27.73558426423765,28.83354949951172,19190,0.0,0.0
2022-07-14 00:00:00+08:00,28.83354949951172,28.83354949951172,28.83354949951172,28.83354949951172,0,0.0,0.0
2022-07-15 00:00:00+08:00,28.022009617120116,28.642601013183594,28.022009617120116,28.642601013183594,2020,0.0,0.0
2022-07-18 00:00:00+08:00,28.83354949951172,28.83354949951172,28.83354949951172,28.83354949951172,1010,0.0,0.0
2022-07-19 00:00:00+08:00,28.83354949951172,28.83354949951172,28.83354949951172,28.83354949951172,0,0.0,0.0
2022-07-20 00:00:00+08:00,28.83354949951172,28.83354949951172,28.83354949951172,28.83354949951172,0,0.0,0.0
2022-07-21 00:00:00+08:00,28.738076341964053,28.78581428527832,28.738076341964053,28.78581428527832,2020,0.0,0.0
2022-07-22 00:00:00+08:00,28.02200981220001,28.738075256347656,28.02200981220001,28.738075256347656,3030,0.0,0.0
2022-07-25 00:00:00+08:00,28.642599583586026,28.83354949951172,28.642599583586026,28.83354949951172,4040,0.0,0.0
2022-07-26 00:00:00+08:00,28.976764678955078,28.976764678955078,28.976764678955078,28.976764678955078,1010,0.0,0.0
2022-07-27 00:00:00+08:00,28.16522514751271,28.976764678955078,28.16522514751271,28.976764678955078,2020,0.0,0.0
2022-07-28 00:00:00+08:00,28.976764678955078,28.976764678955078,28.976764678955078,28.976764678955078,0,0.0,0.0
2022-07-29 00:00:00+08:00,28.976764678955078,28.976764678955078,28.976764678955078,28.976764678955078,0,0.0,0.0
2022-08-01 00:00:00+08:00,28.45165006396099,28.594863891601562,28.403912121414134,28.594863891601562,3030,0.0,0.0
2022-08-02 00:00:00+08:00,28.594863891601562,28.594863891601562,28.594863891601562,28.594863891601562,0,0.0,0.0
2022-08-03 00:00:00+08:00,28.594863891601562,28.594863891601562,28.594863891601562,28.594863891601562,0,0.0,0.0
2022-08-04 00:00:00+08:00,28.069750123496732,28.92902946472168,28.069750123496732,28.92902946472168,4040,0.0,0.0
2022-08-05 00:00:00+08:00,28.92902946472168,28.92902946472168,28.92902946472168,28.92902946472168,0,0.0,0.0
2022-08-08 00:00:00+08:00,28.92902946472168,28.92902946472168,28.92902946472168,28.92902946472168,0,0.0,0.0
2022-08-09 00:00:00+08:00,28.92902946472168,28.92902946472168,28.92902946472168,28.92902946472168,0,0.0,0.0
2022-08-10 00:00:00+08:00,29.310927884405075,29.310927884405075,29.119977951049805,29.119977951049805,14140,0.0,0.0
2022-08-11 00:00:00+08:00,29.597356379735963,29.597356379735963,28.403913284950526,29.072240829467773,10100,0.0,0.0
2022-08-12 00:00:00+08:00,28.64260019495078,28.690338134765625,28.64260019495078,28.690338134765625,3030,0.0,0.0
2022-08-15 00:00:00+08:00,29.3109258345848,29.3109258345848,28.690338134765625,28.690338134765625,4040,0.0,0.0
2022-08-16 00:00:00+08:00,28.690338134765625,28.690338134765625,28.690338134765625,28.690338134765625,0,0.0,0.0
2022-08-17 00:00:00+08:00,28.69033895436217,28.69033895436217,28.212961381834415,28.642601013183594,14140,0.0,0.0
2022-08-18 00:00:00+08:00,28.642601013183594,28.642601013183594,28.26069932301299,28.642601013183594,23230,0.0,0.0
2022-08-19 00:00:00+08:00,28.642601013183594,28.642601013183594,28.642601013183594,28.642601013183594,1010,0.0,0.0
2022-08-22 00:00:00+08:00,28.642601013183594,28.642601013183594,28.642601013183594,28.642601013183594,0,0.0,0.0
2022-08-23 00:00:00+08:00,28.499386375506244,28.690338134765625,28.499386375506244,28.690338134765625,8080,0.0,0.0
2022-08-24 00:00:00+08:00,28.49938718964787,28.642601013183594,28.49938718964787,28.642601013183594,4040,0.0,0.0
2022-08-25 00:00:00+08:00,28.642601013183594,28.642601013183594,28.49938718964787,28.642601013183594,8080,0.0,0.0
2022-08-26 00:00:00+08:00,28.642601013183594,28.833550938639902,28.16522344065584,28.642601013183594,51510,0.0,0.0
2022-08-29 00:00:00+08:00,28.26070013303161,28.594863891601562,28.26070013303161,28.594863891601562,3030,0.0,0.0
2022-08-30 00:00:00+08:00,28.642601013183594,29.119976746453357,28.642601013183594,28.642601013183594,6060,0.0,0.0
2022-08-31 00:00:00+08:00,28.690340500047327,28.881290435791016,28.642602556296882,28.881290435791016,11110,0.0,0.0
2022-09-01 00:00:00+08:00,28.69033915409475,28.738075256347656,28.35617356351838,28.738075256347656,6060,0.0,0.0
2022-09-02 00:00:00+08:00,28.738075256347656,28.738075256347656,28.738075256347656,28.738075256347656,0,0.0,0.0
2022-09-05 00:00:00+08:00,28.881290435791016,28.881290435791016,28.881290435791016,28.881290435791016,1010,0.0,0.0
2022-09-06 00:00:00+08:00,28.356175340448136,29.072240829467773,28.356175340448136,29.072240829467773,3030,0.0,0.0
2022-09-07 00:00:00+08:00,29.072240829467773,29.072240829467773,29.072240829467773,29.072240829467773,0,0.0,0.0
2022-09-08 00:00:00+08:00,31.390295981686837,31.390295981686837,29.74834013730906,30.086389541625977,25250,0.346535,0.0
2022-09-12 00:00:00+08:00,30.231266021728516,30.231266021728516,30.231266021728516,30.231266021728516,1010,0.0,0.0
2022-09-13 00:00:00+08:00,29.65175147863482,30.327850228373535,29.65175147863482,30.231266021728516,9090,0.0,0.0
2022-09-14 00:00:00+08:00,30.714194838557443,30.714194838557443,29.893218789679246,30.4244384765625,14140,0.0,0.0
2022-09-15 00:00:00+08:00,30.714194838557443,31.00395306119724,30.4244384765625,30.4244384765625,8080,0.0,0.0
2022-09-16 00:00:00+08:00,30.714194838557443,30.714194838557443,29.98980486389251,30.4244384765625,4040,0.0,0.0
2022-09-19 00:00:00+08:00,29.506874238344935,30.231266021728516,29.506874238344935,30.231266021728516,3030,0.0,0.0
2022-09-20 00:00:00+08:00,30.424438322870863,30.424438322870863,29.7000464912204,30.327852249145508,7070,0.0,0.0
2022-09-21 00:00:00+08:00,31.100537430878312,31.100537430878312,29.941511977080676,30.521024703979492,8080,0.0,0.0
2022-09-22 00:00:00+08:00,30.714194838557443,30.714194838557443,29.98980486389251,30.4244384765625,7070,0.0,0.0
2022-09-23 00:00:00+08:00,30.4244384765625,30.4244384765625,30.4244384765625,30.4244384765625,0,0.0,0.0
2022-09-26 00:00:00+08:00,30.376144409179688,30.376144409179688,30.376144409179688,30.376144409179688,1010,0.0,0.0
2022-09-27 00:00:00+08:00,30.859073793990106,30.859073793990106,29.893218638671108,30.327852249145508,8080,0.0,0.0
2022-09-28 00:00:00+08:00,29.893218272777094,30.18297462976168,29.26541252253635,30.038097381591797,13130,0.0,0.0
2022-09-29 00:00:00+08:00,30.424438945942892,30.424438945942892,29.5551698465472,30.086389541625977,4040,0.0,0.0
2022-09-30 00:00:00+08:00,30.086389541625977,30.086389541625977,30.086389541625977,30.086389541625977,0,0.0,0.0
2022-10-03 00:00:00+08:00,30.086389541625977,30.086389541625977,30.086389541625977,30.086389541625977,0,0.0,0.0
2022-10-04 00:00:00+08:00,32.06639445656949,32.06639445656949,29.941511977080676,30.521024703979492,10100,0.0,0.0
2022-10-05 00:00:00+08:00,30.521024703979492,30.521024703979492,30.521024703979492,30.521024703979492,0,0.0,0.0
2022-10-06 00:00:00+08:00,30.521024703979492,30.521024703979492,30.521024703979492,30.521024703979492,0,0.0,0.0
2022-10-07 00:00:00+08:00,30.521024703979492,30.521024703979492,30.521024703979492,30.521024703979492,0,0.0,0.0
2022-10-11 00:00:00+08:00,29.70004709945738,30.327852870239525,29.70004709945738,30.086389541625977,4040,0.0,0.0
2022-10-12 00:00:00+08:00,30.086389541625977,30.086389541625977,30.086389541625977,30.086389541625977,1010,0.0,0.0
2022-10-13 00:00:00+08:00,30.086389541625977,30.086389541625977,30.086389541625977,30.086389541625977,0,0.0,0.0
2022-10-14 00:00:00+08:00,30.61760902404785,30.61760902404785,30.61760902404785,30.61760902404785,1010,0.0,0.0
2022-10-17 00:00:00+08:00,29.79663189098746,29.844924926757812,29.555168572780484,29.844924926757812,6060,0.0,0.0
2022-10-18 00:00:00+08:00,30.376144409179688,30.376144409179688,30.376144409179688,30.376144409179688,1010,0.0,0.0
2022-10-19 00:00:00+08:00,30.134681593490114,30.134681593490114,29.50687584324937,30.038097381591797,6060,0.0,0.0
2022-10-20 00:00:00+08:00,29.265411516331188,30.13468055739769,29.265411516331188,29.989803314208984,6060,0.0,0.0
2022-10-21 00:00:00+08:00,29.60346237606968,29.60346237606968,29.072240829467773,29.072240829467773,2020,0.0,0.0
2022-10-24 00:00:00+08:00,29.55516815185547,29.55516815185547,29.55516815185547,29.55516815185547,1010,0.0,0.0
2022-10-25 00:00:00+08:00,29.55516815185547,29.55516815185547,29.55516815185547,29.55516815185547,0,0.0,0.0
2022-10-26 00:00:00+08:00,29.55516815185547,29.55516815185547,29.55516815185547,29.55516815185547,0,0.0,0.0
2022-10-27 00:00:00+08:00,29.45858383178711,29.45858383178711,29.45858383178711,29.45858383178711,1010,0.0,0.0
2022-10-28 00:00:00+08:00,28.492728654689905,29.45858383178711,28.492728654689905,29.45858383178711,5050,0.0,0.0
2022-10-31 00:00:00+08:00,29.55516815185547,29.55516815185547,29.55516815185547,29.55516815185547,7070,0.0,0.0
2022-11-01 00:00:00+08:00,29.941511302632897,29.941511302632897,28.975656159342957,29.410289764404297,9090,0.0,0.0
2022-11-02 00:00:00+08:00,29.45858383178711,29.45858383178711,29.45858383178711,29.45858383178711,1010,0.0,0.0
2022-11-03 00:00:00+08:00,29.45858383178711,29.45858383178711,29.45858383178711,29.45858383178711,0,0.0,0.0
2022-11-04 00:00:00+08:00,28.975654873706947,29.55516756183924,28.396140324929913,29.168825149536133,15150,0.0,0.0
2022-11-07 00:00:00+08:00,29.55516815185547,29.55516815185547,29.55516815185547,29.55516815185547,1010,0.0,0.0
2022-11-08 00:00:00+08:00,29.07224138881925,29.45858383178711,29.07224138881925,29.45858383178711,4040,0.0,0.0
2022-11-09 00:00:00+08:00,29.45858383178711,29.45858383178711,29.45858383178711,29.45858383178711,0,0.0,0.0
2022-11-10 00:00:00+08:00,28.879068213473825,29.36199482346958,28.73418911408828,28.782482147216797,11110,0.0,0.0
2022-11-11 00:00:00+08:00,29.555169907690292,29.555169907690292,29.07224138881925,29.45858383178711,7070,0.0,0.0
2022-11-14 00:00:00+08:00,29.410289764404297,29.410289764404297,29.410289764404297,29.410289764404297,1010,0.0,0.0
2022-11-15 00:00:00+08:00,29.07224138881925,29.45858383178711,29.07224138881925,29.45858383178711,2020,0.0,0.0
2022-11-16 00:00:00+08:00,29.45858383178711,29.45858383178711,29.45858383178711,29.45858383178711,0,0.0,0.0
2022-11-17 00:00:00+08:00,29.45858383178711,29.45858383178711,29.45858383178711,29.45858383178711,4040,0.0,0.0
2022-11-18 00:00:00+08:00,29.651752471923828,29.651752471923828,29.651752471923828,29.651752471923828,2020,0.0,0.0
2022-11-21 00:00:00+08:00,29.94151235065815,29.94151235065815,29.120534426770842,29.45858383178711,6060,0.0,0.0
2022-11-22 00:00:00+08:00,29.45858383178711,29.45858383178711,29.45858383178711,29.45858383178711,0,0.0,0.0
2022-11-23 00:00:00+08:00,29.45858383178711,29.45858383178711,29.45858383178711,29.45858383178711,0,0.0,0.0
2022-11-24 00:00:00+08:00,29.60346221923828,29.60346221923828,29.60346221923828,29.60346221923828,1010,0.0,0.0
2022-11-25 00:00:00+08:00,29.941510571871216,29.941510571871216,28.975655452154232,29.55516815185547,3030,0.0,0.0
2022-11-28 00:00:00+08:00,29.55516815185547,29.55516815185547,29.55516815185547,29.55516815185547,0,0.0,0.0
2022-11-29 00:00:00+08:00,29.74833869934082,29.74833869934082,29.74833869934082,29.74833869934082,1010,0.0,0.0
2022-11-30 00:00:00+08:00,29.748339576247506,29.748339576247506,29.70004653930664,29.70004653930664,2020,0.0,0.0
2022-12-01 00:00:00+08:00,29.603460741303213,29.94151012114758,29.603460741303213,29.893217086791992,7070,0.0,0.0
2022-12-02 00:00:00+08:00,29.893218272777094,30.038097381591797,29.893218272777094,30.038097381591797,5050,0.0,0.0
2022-12-05 00:00:00+08:00,30.038097226218344,30.038097226218344,29.941511154174805,29.941511154174805,4040,0.0,0.0
2022-12-06 00:00:00+08:00,29.94151084141005,30.13468112283449,29.74833869934082,29.74833869934082,4040,0.0,0.0
2022-12-07 00:00:00+08:00,29.55516815185547,29.55516815185547,29.55516815185547,29.55516815185547,1010,0.0,0.0
2022-12-08 00:00:00+08:00,29.555168726645455,29.941511154174805,29.555168726645455,29.941511154174805,6060,0.0,0.0
2022-12-09 00:00:00+08:00,29.023948748515576,29.893217805892743,29.023948748515576,29.74833869934082,5050,0.0,0.0
2022-12-12 00:00:00+08:00,29.74833869934082,29.74833869934082,29.74833869934082,29.74833869934082,0,0.0,0.0
2022-12-13 00:00:00+08:00,28.97565531918244,29.361995876780465,28.83077621459961,28.83077621459961,15150,0.0,0.0
2022-12-14 00:00:00+08:00,28.975655743442598,29.120532989501953,28.975655743442598,29.120532989501953,3030,0.0,0.0
2022-12-15 00:00:00+08:00,29.120532989501953,29.120532989501953,29.120532989501953,29.120532989501953,0,0.0,0.0
2022-12-16 00:00:00+08:00,29.120532989501953,29.120532989501953,29.120532989501953,29.120532989501953,0,0.0,0.0
2022-12-19 00:00:00+08:00,28.975656509399414,28.975656509399414,28.58931407528705,28.975656509399414,3030,0.0,0.0
2022-12-20 00:00:00+08:00,28.782482147216797,28.782482147216797,28.782482147216797,28.782482147216797,1010,0.0,0.0
2022-12-21 00:00:00+08:00,28.782482147216797,28.782482147216797,28.782482147216797,28.782482147216797,0,0.0,0.0
2022-12-22 00:00:00+08:00,29.265411376953125,29.265411376953125,28.97565503131094,29.265411376953125,4040,0.0,0.0
2022-12-23 00:00:00+08:00,29.265411376953125,29.265411376953125,29.265411376953125,29.265411376953125,0,0.0,0.0
2022-12-26 00:00:00+08:00,29.265411376953125,29.265411376953125,29.265411376953125,29.265411376953125,0,0.0,0.0
2022-12-27 00:00:00+08:00,29.265411376953125,29.265411376953125,29.265411376953125,29.265411376953125,0,0.0,0.0
2022-12-28 00:00:00+08:00,29.651752471923828,29.651752471923828,29.651752471923828,29.651752471923828,1010,0.0,0.0
2022-12-29 00:00:00+08:00,29.651752471923828,29.651752471923828,29.651752471923828,29.651752471923828,0,0.0,0.0
2022-12-30 00:00:00+08:00,29.651752471923828,29.651752471923828,29.651752471923828,29.651752471923828,0,0.0,0.0
2023-01-03 00:00:00+08:00,29.651752471923828,29.651752471923828,29.651752471923828,29.651752471923828,0,0.0,0.0
2023-01-04 00:00:00+08:00,29.651752471923828,29.651752471923828,29.651752471923828,29.651752471923828,0,0.0,0.0
2023-01-05 00:00:00+08:00,29.651752471923828,29.651752471923828,29.651752471923828,29.651752471923828,0,0.0,0.0
2023-01-06 00:00:00+08:00,29.651752471923828,29.651752471923828,29.651752471923828,29.651752471923828,0,0.0,0.0
2023-01-09 00:00:00+08:00,29.651752471923828,29.651752471923828,29.651752471923828,29.651752471923828,0,0.0,0.0
2023-01-10 00:00:00+08:00,29.651752471923828,29.651752471923828,29.651752471923828,29.651752471923828,0,0.0,0.0
2023-01-11 00:00:00+08:00,29.0722386445801,29.506874084472656,29.0722386445801,29.506874084472656,3030,0.0,0.0
2023-01-12 00:00:00+08:00,29.16882584058727,29.651752471923828,29.16882584058727,29.651752471923828,2020,0.0,0.0
2023-01-13 00:00:00+08:00,28.685897827148438,28.685897827148438,28.685897827148438,28.685897827148438,1010,0.0,0.0
2023-01-16 00:00:00+08:00,28.685896825024006,29.265411376953125,28.685896825024006,29.265411376953125,7070,0.0,0.0
2023-01-17 00:00:00+08:00,28.685896825024006,29.458581653833004,28.685896825024006,29.265411376953125,4040,0.0,0.0
2023-01-30 00:00:00+08:00,29.217119216918945,29.217119216918945,29.217119216918945,29.217119216918945,1010,0.0,0.0
2023-01-31 00:00:00+08:00,29.217119216918945,29.217119216918945,29.217119216918945,29.217119216918945,0,0.0,0.0
2023-02-01 00:00:00+08:00,29.217119216918945,29.217119216918945,29.217119216918945,29.217119216918945,0,0.0,0.0
2023-02-02 00:00:00+08:00,29.21711932562004,29.555168717017494,29.072240217601927,29.313703536987305,5050,0.0,0.0
2023-02-03 00:00:00+08:00,29.36199672814308,29.410289764404297,29.36199672814308,29.410289764404297,6060,0.0,0.0
2023-02-06 00:00:00+08:00,29.023948065692096,29.265411376953125,28.97565503131094,29.265411376953125,3030,0.0,0.0
2023-02-07 00:00:00+08:00,29.555169755179683,29.555169755179683,28.97565702404074,29.361997604370117,12120,0.0,0.0
2023-02-08 00:00:00+08:00,29.361997604370117,29.361997604370117,29.361997604370117,29.361997604370117,0,0.0,0.0
2023-02-09 00:00:00+08:00,29.023947907825427,29.168825149536133,28.975654873706947,29.168825149536133,3030,0.0,0.0
2023-02-10 00:00:00+08:00,28.97565661606776,29.072240829467773,28.78248446797803,29.072240829467773,9090,0.0,0.0
2023-02-13 00:00:00+08:00,29.072240829467773,29.072240829467773,29.072240829467773,29.072240829467773,0,0.0,0.0
2023-02-14 00:00:00+08:00,29.072240829467773,29.072240829467773,29.072240829467773,29.072240829467773,0,0.0,0.0
2023-02-15 00:00:00+08:00,29.072240829467773,29.072240829467773,29.072240829467773,29.072240829467773,0,0.0,0.0
2023-02-16 00:00:00+08:00,29.168825149536133,29.168825149536133,29.023947907825427,29.168825149536133,7070,0.0,0.0
2023-02-17 00:00:00+08:00,29.023947907825427,29.168825149536133,29.023947907825427,29.168825149536133,5050,0.0,0.0
2023-02-20 00:00:00+08:00,29.458582723301472,31.77663543323862,28.97565608324717,30.66590118408203,79790,0.0,0.0
2023-02-21 00:00:00+08:00,30.424437475293548,30.424437475293548,29.31370324032984,29.74833869934082,40400,0.0,0.0
2023-02-22 00:00:00+08:00,29.651752361375824,29.651752361375824,29.07223966167459,29.55516815185547,8080,0.0,0.0
2023-02-23 00:00:00+08:00,29.941510571871216,30.086387816474137,29.361996011525207,29.55516815185547,38380,0.0,0.0
2023-02-24 00:00:00+08:00,29.74833783766843,29.74833783766843,29.07223908129917,29.168825149536133,17170,0.0,0.0
2023-03-01 00:00:00+08:00,29.55516815185547,29.55516815185547,29.458582081690338,29.55516815185547,10100,0.0,0.0
2023-03-02 00:00:00+08:00,29.941511154174805,30.134681437617076,29.796632046109497,29.941511154174805,10100,0.0,0.0
2023-03-03 00:00:00+08:00,30.424438322870863,30.424438322870863,29.651753454357728,30.327852249145508,10100,0.0,0.0
2023-03-06 00:00:00+08:00,30.327852402349233,30.714194838557443,30.327852402349233,30.4244384765625,6060,0.0,0.0
2023-03-07 00:00:00+08:00,30.61760958652301,30.61760958652301,29.941510811251284,30.376144409179688,7070,0.0,0.0
2023-03-08 00:00:00+08:00,29.844925343635474,30.134681701660156,29.74833927074564,30.134681701660156,28280,0.0,0.0
2023-03-09 00:00:00+08:00,30.42443629566327,30.617608430242743,29.89321664685916,30.231266021728516,11110,0.0,0.0
2023-03-10 00:00:00+08:00,30.231268085011315,30.231268085011315,29.603462326069753,29.70004653930664,42420,0.0,0.0
2023-03-13 00:00:00+08:00,29.94151012114758,30.23126646663636,29.555167706947625,29.893217086791992,15150,0.0,0.0
2023-03-14 00:00:00+08:00,29.55516815185547,29.79663146662352,29.458582081690338,29.55516815185547,10100,0.0,0.0
2023-03-15 00:00:00+08:00,29.844924612974275,29.844924612974275,29.651752471923828,29.651752471923828,4040,0.0,0.0
2023-03-16 00:00:00+08:00,29.94151172401097,30.134682011129584,29.603462326069753,29.70004653930664,8080,0.0,0.0
2023-03-17 00:00:00+08:00,29.989804915482466,29.989804915482466,29.410290329850817,29.796632766723633,5050,0.0,0.0
2023-03-20 00:00:00+08:00,30.038096726956784,30.279558181762695,29.74833851564222,30.279558181762695,21210,0.0,0.0
2023-03-21 00:00:00+08:00,30.279557194728667,30.42443629566327,29.796630579569424,30.231266021728516,8080,0.0,0.0
2023-03-22 00:00:00+08:00,30.521023865146425,30.521023865146425,29.844925082131265,29.941511154174805,7070,0.0,0.0
2023-03-23 00:00:00+08:00,30.182973999167775,30.182973999167775,29.555168262043384,29.651752471923828,12120,0.0,0.0
2023-03-24 00:00:00+08:00,29.94151141652531,30.134681701660156,29.94151141652531,30.134681701660156,8080,0.0,0.0
2023-03-27 00:00:00+08:00,29.700046234300718,30.231267774549995,29.700046234300718,30.134681701660156,7070,0.0,0.0
2023-03-28 00:00:00+08:00,29.796632046109497,30.038097226218344,29.506875690623687,29.941511154174805,15150,0.0,0.0
2023-03-29 00:00:00+08:00,29.94151012114758,29.989803155503168,29.844924052436404,29.893217086791992,7070,0.0,0.0
2023-03-30 00:00:00+08:00,29.893218118153037,29.941511154174805,29.893218118153037,29.941511154174805,2020,0.0,0.0
2023-03-31 00:00:00+08:00,29.651752938044186,29.941511154174805,29.651752938044186,29.941511154174805,5050,0.0,0.0
2023-04-06 00:00:00+08:00,29.700044949369644,29.893217086791992,29.603460741303213,29.893217086791992,19190,0.0,0.0
2023-04-07 00:00:00+08:00,29.893217086791992,29.893217086791992,29.893217086791992,29.893217086791992,2020,0.0,0.0
2023-04-10 00:00:00+08:00,30.42443629566327,30.42443629566327,30.231266021728516,30.231266021728516,5050,0.0,0.0
2023-04-11 00:00:00+08:00,30.231268655181033,30.424438945942892,30.086389541625977,30.086389541625977,19190,0.0,0.0
2023-04-12 00:00:00+08:00,30.182974999202322,30.327852249145508,30.182974999202322,30.327852249145508,3030,0.0,0.0
2023-04-13 00:00:00+08:00,29.98980445297023,30.231267774549995,29.89321838008039,30.134681701660156,30300,0.0,0.0
2023-04-14 00:00:00+08:00,30.134681701660156,30.134681701660156,30.134681701660156,30.134681701660156,1010,0.0,0.0
2023-04-17 00:00:00+08:00,29.844925082131265,29.941511154174805,29.844925082131265,29.941511154174805,13130,0.0,0.0
2023-04-18 00:00:00+08:00,29.941511154174805,29.941511154174805,29.941511154174805,29.941511154174805,0,0.0,0.0
2023-04-19 00:00:00+08:00,29.941510571871216,29.941510571871216,29.55516815185547,29.55516815185547,3030,0.0,0.0
2023-04-20 00:00:00+08:00,29.50687522678077,29.651752471923828,29.50687522678077,29.651752471923828,16160,0.0,0.0
2023-04-21 00:00:00+08:00,29.651752471923828,29.651752471923828,29.651752471923828,29.651752471923828,0,0.0,0.0
2023-04-24 00:00:00+08:00,30.376144914203135,30.376144914203135,29.94151130904866,30.038097381591797,4040,0.0,0.0
2023-04-25 00:00:00+08:00,30.327851404258933,30.327851404258933,29.55516841791638,29.74833869934082,29290,0.0,0.0
2023-04-26 00:00:00+08:00,30.038097381591797,30.038097381591797,30.038097381591797,30.038097381591797,2020,0.0,0.0
2023-04-27 00:00:00+08:00,30.327852249145508,30.327852249145508,30.327852249145508,30.327852249145508,2020,0.0,0.0
2023-04-28 00:00:00+08:00,29.89321751208319,30.27955807113487,29.89321751208319,30.182973861694336,5050,0.0,0.0
2023-05-02 00:00:00+08:00,29.844924770375435,30.038096912444665,29.74833869934082,29.74833869934082,4040,0.0,0.0
2023-05-03 00:00:00+08:00,29.94151012114758,29.94151012114758,29.555167706947625,29.893217086791992,5050,0.0,0.0
2023-05-04 00:00:00+08:00,29.603460741303213,29.893217086791992,29.603460741303213,29.893217086791992,4040,0.0,0.0
2023-05-05 00:00:00+08:00,29.844925082131265,30.134681437617076,29.651752938044186,29.941511154174805,18180,0.0,0.0
2023-05-08 00:00:00+08:00,30.13468112283449,30.13468112283449,29.74833869934082,29.74833869934082,2020,0.0,0.0
2023-05-09 00:00:00+08:00,29.94151012114758,29.94151012114758,29.651751915014056,29.893217086791992,28280,0.0,0.0
2023-05-10 00:00:00+08:00,29.893217086791992,29.893217086791992,29.893217086791992,29.893217086791992,0,0.0,0.0
2023-05-11 00:00:00+08:00,29.893217086791992,29.893217086791992,29.893217086791992,29.893217086791992,0,0.0,0.0
2023-05-12 00:00:00+08:00,29.120532696757156,29.70004539645839,29.120532696757156,29.55516815185547,19190,0.0,0.0
2023-05-15 00:00:00+08:00,29.07224138881925,29.45858383178711,29.07224138881925,29.45858383178711,4040,0.0,0.0
2023-05-16 00:00:00+08:00,29.458582377833498,29.458582377833498,28.734190565602358,29.120532989501953,70700,0.0,0.0
2023-05-17 00:00:00+08:00,29.120532989501953,29.120532989501953,29.120532989501953,29.120532989501953,0,0.0,0.0
2023-05-18 00:00:00+08:00,29.1688262164085,29.1688262164085,28.589313507080078,28.589313507080078,20200,0.0,0.0
2023-05-19 00:00:00+08:00,28.58931407528705,29.168826796133175,28.58931407528705,28.975656509399414,12120,0.0,0.0
2023-05-22 00:00:00+08:00,29.168825149536133,29.168825149536133,28.879068805469984,29.168825149536133,7070,0.0,0.0
2023-05-23 00:00:00+08:00,28.975654279730854,29.02394731285937,28.782482147216797,28.782482147216797,13130,0.0,0.0
2023-05-24 00:00:00+08:00,28.782484208807265,28.879070281982422,28.685898135632105,28.879070281982422,13130,0.0,0.0
2023-05-25 00:00:00+08:00,28.879070435710112,28.975656509399414,28.879070435710112,28.975656509399414,2020,0.0,0.0
2023-05-26 00:00:00+08:00,28.6376071121317,29.023949546244065,28.6376071121317,28.975656509399414,3030,0.0,0.0
2023-05-29 00:00:00+08:00,28.782483179738662,28.879069249460553,28.589312900939653,28.83077621459961,10100,0.0,0.0
2023-05-30 00:00:00+08:00,28.782484208807265,28.879070281982422,28.782484208807265,28.879070281982422,7070,0.0,0.0
2023-05-31 00:00:00+08:00,28.58931305679191,28.9273624420166,28.58931305679191,28.9273624420166,4040,0.0,0.0
2023-06-01 00:00:00+08:00,28.83077621459961,28.83077621459961,28.83077621459961,28.83077621459961,1010,0.0,0.0
2023-06-02 00:00:00+08:00,28.879069249460553,28.879069249460553,28.83077621459961,28.83077621459961,4040,0.0,0.0
2023-06-05 00:00:00+08:00,29.265411827241294,29.265411827241294,29.168825756992874,28.9273624420166,2020,0.0,0.0
2023-06-06 00:00:00+08:00,29.168825308190815,29.265411376953125,29.072239239428505,29.265411376953125,7070,0.0,0.0
2023-06-07 00:00:00+08:00,29.265410617857246,29.265410617857246,28.782482147216797,28.782482147216797,29290,0.0,0.0
2023-06-08 00:00:00+08:00,28.83077637176818,28.9273624420166,28.685897266395553,28.9273624420166,10100,0.0,0.0
2023-06-09 00:00:00+08:00,29.168826796133175,29.168826796133175,28.78248436202081,28.975656509399414,11110,0.0,0.0
2023-06-12 00:00:00+08:00,29.023948669433594,29.023948669433594,28.975655634047868,29.023948669433594,4040,0.0,0.0
2023-06-13 00:00:00+08:00,29.023948779010645,29.16882602507,28.734190565602358,29.120532989501953,4040,0.0,0.0
2023-06-14 00:00:00+08:00,29.21711994053507,29.313704153935088,29.21711994053507,29.072240829467773,5050,0.0,0.0
2023-06-15 00:00:00+08:00,29.072240829467773,29.072240829467773,29.072240829467773,29.072240829467773,0,0.0,0.0
2023-06-16 00:00:00+08:00,29.265411376953125,29.265411376953125,29.265411376953125,29.265411376953125,1010,0.0,0.0
2023-06-19 00:00:00+08:00,29.07223908129917,29.168825149536133,28.975654873706947,29.168825149536133,8080,0.0,0.0
2023-06-20 00:00:00+08:00,29.168825149536133,29.168825149536133,29.168825149536133,29.168825149536133,0,0.0,0.0
2023-06-21 00:00:00+08:00,28.975656509399414,28.975656509399414,28.975656509399414,28.975656509399414,3030,0.0,0.0
2023-06-26 00:00:00+08:00,28.97565661606776,29.168826903512638,28.97565661606776,29.072240829467773,4040,0.0,0.0
2023-06-27 00:00:00+08:00,29.072240829467773,29.072240829467773,29.072240829467773,29.072240829467773,0,0.0,0.0
2023-06-28 00:00:00+08:00,29.072240829467773,29.072240829467773,29.072240829467773,29.072240829467773,0,0.0,0.0
2023-06-29 00:00:00+08:00,29.023949546244065,29.023949546244065,28.975656509399414,28.975656509399414,2020,0.0,0.0
2023-06-30 00:00:00+08:00,29.168826903512638,29.168826903512638,29.072240829467773,29.072240829467773,2020,0.0,0.0
2023-07-03 00:00:00+08:00,29.072240829467773,29.072240829467773,29.072240829467773,29.072240829467773,7070,0.0,0.0
2023-07-04 00:00:00+08:00,28.975656509399414,28.975656509399414,28.975656509399414,28.975656509399414,1010,0.0,0.0
2023-07-05 00:00:00+08:00,28.975656509399414,28.975656509399414,28.975656509399414,28.975656509399414,0,0.0,0.0
2023-07-06 00:00:00+08:00,29.072240829467773,29.072240829467773,29.072240829467773,29.072240829467773,1010,0.0,0.0
2023-07-07 00:00:00+08:00,29.072240829467773,29.072240829467773,29.072240829467773,29.072240829467773,0,0.0,0.0
2023-07-10 00:00:00+08:00,29.072240829467773,29.072240829467773,29.072240829467773,29.072240829467773,0,0.0,0.0
2023-07-11 00:00:00+08:00,29.07224056768791,29.07224056768791,28.10638541787082,28.879070281982422,16160,0.0,0.0
2023-07-12 00:00:00+08:00,28.879070281982422,28.879070281982422,28.879070281982422,28.879070281982422,0,0.0,0.0
2023-07-13 00:00:00+08:00,28.251262504092526,28.879068213473825,28.251262504092526,28.782482147216797,5050,0.0,0.0
2023-07-14 00:00:00+08:00,28.975656510572957,28.975656510572957,28.347848892211914,28.347848892211914,6060,0.0,0.0
2023-07-17 00:00:00+08:00,28.975655455416355,28.975655455416355,28.975655455416355,28.2995548248291,1010,0.0,0.0
2023-07-18 00:00:00+08:00,28.347849452763686,28.879071007935917,28.10638612440079,28.73419189453125,23230,0.0,0.0
2023-07-19 00:00:00+08:00,28.202971187755626,28.685897827148438,28.15467815168738,28.685897827148438,7070,0.0,0.0
2023-07-20 00:00:00+08:00,28.975656510572957,28.975656510572957,28.975656510572957,28.347848892211914,1010,0.0,0.0
2023-07-21 00:00:00+08:00,28.782482147216797,28.782482147216797,28.782482147216797,28.782482147216797,1010,0.0,0.0
2023-07-24 00:00:00+08:00,28.299555291771064,28.637606542964914,28.299555291771064,28.589313507080078,9090,0.0,0.0
2023-07-25 00:00:00+08:00,28.299554110672382,28.492726246149573,28.251262937447812,28.444433212280273,11110,0.0,0.0
2023-07-26 00:00:00+08:00,28.589313507080078,28.589313507080078,28.589313507080078,28.589313507080078,1010,0.0,0.0
2023-07-27 00:00:00+08:00,28.396141929058523,28.396141929058523,28.347848892211914,28.347848892211914,5050,0.0,0.0
2023-07-28 00:00:00+08:00,28.975656509399414,28.975656509399414,28.975656509399414,28.975656509399414,1010,0.0,0.0
2023-07-31 00:00:00+08:00,28.396141208421035,28.782483632744444,28.34784817280001,28.492727279663086,6060,0.0,0.0
2023-08-01 00:00:00+08:00,28.83077621459961,28.83077621459961,28.83077621459961,28.83077621459961,1010,0.0,0.0
2023-08-02 00:00:00+08:00,28.29955585536531,28.78248436318653,28.29955585536531,28.347848892211914,3030,0.0,0.0
2023-08-04 00:00:00+08:00,28.78248349250498,29.023948669433594,28.78248349250498,29.023948669433594,7070,0.0,0.0
2023-08-07 00:00:00+08:00,29.28932091005978,29.28932091005978,29.28932091005978,28.748746871948242,1010,0.514851,0.0
2023-08-08 00:00:00+08:00,29.33846373704783,29.731609344482422,29.289320299442352,29.731609344482422,110090,0.0,0.0
2023-08-09 00:00:00+08:00,29.73160923684324,29.73160923684324,29.289320193404418,29.584178924560547,8080,0.0,0.0
2023-08-10 00:00:00+08:00,29.682466506958008,29.682466506958008,29.09274903058863,29.682466506958008,3030,0.0,0.0
2023-08-11 00:00:00+08:00,29.682465595374147,29.682465595374147,29.092748137115695,29.28931999206543,7070,0.0,0.0
2023-08-14 00:00:00+08:00,28.896173798230066,29.338462829589844,28.847030362144622,29.338462829589844,3030,0.0,0.0
2023-08-15 00:00:00+08:00,29.73160874539159,29.780752182006836,29.73160874539159,29.780752182006836,20200,0.0,0.0
2023-08-16 00:00:00+08:00,29.780752182006836,29.780752182006836,29.780752182006836,29.780752182006836,0,0.0,0.0
2023-08-17 00:00:00+08:00,29.780752182006836,29.780752182006836,29.780752182006836,29.780752182006836,0,0.0,0.0
2023-08-18 00:00:00+08:00,29.584178513692514,29.584178513692514,28.650458895764157,28.994461059570312,6060,0.0,0.0
2023-08-21 00:00:00+08:00,29.485893025052686,29.485893025052686,29.092747431282266,29.19103240966797,6060,0.0,0.0
2023-08-22 00:00:00+08:00,28.994461262936202,29.28931999206543,28.847030951666966,29.28931999206543,5050,0.0,0.0
2023-08-23 00:00:00+08:00,28.99446176608269,29.141892079910313,28.55217461141838,29.092748641967773,13130,0.0,0.0
2023-08-24 00:00:00+08:00,29.141891479492188,29.141891479492188,29.141891479492188,29.141891479492188,1010,0.0,0.0
2023-08-25 00:00:00+08:00,29.092747652748507,29.48589324951172,29.092747652748507,29.48589324951172,10100,0.0,0.0
2023-08-28 00:00:00+08:00,29.731608537460268,29.731608537460268,29.48589324951172,29.48589324951172,24240,0.0,0.0
2023-08-29 00:00:00+08:00,29.682465891753463,29.682465891753463,28.797887802124023,28.797887802124023,11110,0.0,0.0
2023-08-30 00:00:00+08:00,29.338462829589844,29.338462829589844,29.338462829589844,29.338462829589844,1010,0.0,0.0
2023-08-31 00:00:00+08:00,28.847030251795,29.19103240966797,28.847030251795,29.19103240966797,7070,0.0,0.0
2023-09-01 00:00:00+08:00,28.896175384521484,28.896175384521484,28.896175384521484,28.896175384521484,1010,0.0,0.0
2023-09-04 00:00:00+08:00,28.89617518932465,28.99446206622718,28.503031468533145,28.601316452026367,28280,0.0,0.0
2023-09-05 00:00:00+08:00,28.994461059570312,28.994461059570312,28.994461059570312,28.994461059570312,1010,0.0,0.0
2023-09-06 00:00:00+08:00,29.043604496315368,29.043604496315368,28.945317622825257,28.994461059570312,21210,0.0,0.0
2023-09-07 00:00:00+08:00,28.99446206622718,28.99446206622718,28.601316452026367,28.601316452026367,4040,0.0,0.0
2023-09-08 00:00:00+08:00,28.89617397923911,28.89617397923911,28.89617397923911,28.699602127075195,1010,0.0,0.0
2023-09-11 00:00:00+08:00,28.797887802124023,28.797887802124023,28.797887802124023,28.797887802124023,1010,0.0,0.0
2023-09-12 00:00:00+08:00,28.797887802124023,28.797887802124023,28.797887802124023,28.797887802124023,0,0.0,0.0
2023-09-13 00:00:00+08:00,28.60131535026669,28.945317512764827,28.50303037055953,28.847030639648438,8080,0.0,0.0
2023-09-14 00:00:00+08:00,29.04360580444336,29.04360580444336,29.04360580444336,29.04360580444336,1010,0.0,0.0
2023-09-15 00:00:00+08:00,29.04360580444336,29.04360580444336,29.04360580444336,29.04360580444336,0,0.0,0.0
2023-09-18 00:00:00+08:00,29.04360580444336,29.04360580444336,29.04360580444336,29.04360580444336,0,0.0,0.0
2023-09-19 00:00:00+08:00,28.55217342322869,29.19103240966797,28.55217342322869,29.19103240966797,6060,0.0,0.0
2023-09-20 00:00:00+08:00,29.19103240966797,29.19103240966797,29.19103240966797,29.19103240966797,1010,0.0,0.0
2023-09-21 00:00:00+08:00,29.28931999206543,29.28931999206543,29.28931999206543,29.28931999206543,2020,0.0,0.0
2023-09-22 00:00:00+08:00,29.141891479492188,29.141891479492188,29.141891479492188,29.141891479492188,1010,0.0,0.0
2023-09-25 00:00:00+08:00,29.28932059263844,29.28932059263844,29.240177154541016,29.240177154541016,2020,0.0,0.0
2023-09-26 00:00:00+08:00,29.28931999206543,29.28931999206543,29.28931999206543,29.28931999206543,2020,0.0,0.0
2023-09-27 00:00:00+08:00,29.28931999206543,29.28931999206543,29.28931999206543,29.28931999206543,0,0.0,0.0
2023-09-28 00:00:00+08:00,29.191032521333515,29.338462829589844,29.191032521333515,29.338462829589844,5050,0.0,0.0
2023-10-02 00:00:00+08:00,29.48589394311468,29.584178924560547,29.38760706825955,29.584178924560547,48480,0.0,0.0
2023-10-03 00:00:00+08:00,29.682465101188715,29.682465101188715,29.38760637696861,29.48589324951172,14140,0.0,0.0
2023-10-04 00:00:00+08:00,29.584178228645605,29.584178228645605,28.945317343933848,29.48589324951172,30300,0.0,0.0
2023-10-05 00:00:00+08:00,29.584179539424404,29.584179539424404,29.48589455593583,29.535037994384766,11110,0.0,0.0
2023-10-06 00:00:00+08:00,28.994461462248292,29.584178924560547,28.994461462248292,29.584178924560547,6060,0.0,0.0
2023-10-11 00:00:00+08:00,29.043604106486395,29.436749701760732,29.043604106486395,29.338462829589844,13130,0.0,0.0
2023-10-12 00:00:00+08:00,29.436750411987305,29.436750411987305,29.436750411987305,29.436750411987305,1010,0.0,0.0
2023-10-13 00:00:00+08:00,28.945318823304717,29.387607878944504,28.896175384521484,28.896175384521484,3030,0.0,0.0
2023-10-16 00:00:00+08:00,29.48589434502814,29.48589434502814,28.847031543170907,29.240177154541016,10100,0.0,0.0
2023-10-17 00:00:00+08:00,29.240177154541016,29.240177154541016,29.240177154541016,29.240177154541016,1010,0.0,0.0
2023-10-18 00:00:00+08:00,29.240177154541016,29.240177154541016,29.240177154541016,29.240177154541016,0,0.0,0.0
2023-10-19 00:00:00+08:00,29.240177154541016,29.240177154541016,29.240177154541016,29.240177154541016,4040,0.0,0.0
2023-10-20 00:00:00+08:00,28.748746560385346,29.240177154541016,28.257314072820385,29.240177154541016,15150,0.0,0.0
2023-10-23 00:00:00+08:00,29.240176459942997,29.240176459942997,28.65045900360117,29.141891479492188,6060,0.0,0.0
2023-10-24 00:00:00+08:00,28.699602440531194,29.19103302301297,28.65045900360117,29.141891479492188,7070,0.0,0.0
2023-10-25 00:00:00+08:00,29.191033821366634,29.38760757446289,29.191033821366634,29.38760757446289,2020,0.0,0.0
2023-10-26 00:00:00+08:00,29.09274853533314,29.289320392973522,28.9453182220459,28.9453182220459,7070,0.0,0.0
2023-10-27 00:00:00+08:00,28.994460670400954,29.338462829589844,28.601315075126617,29.338462829589844,18180,0.0,0.0
2023-10-30 00:00:00+08:00,29.092748137115695,29.28931999206543,29.092748137115695,29.28931999206543,3030,0.0,0.0
2023-10-31 00:00:00+08:00,28.847030749335143,29.1910329131413,28.79788731259009,28.994461059570312,18180,0.0,0.0
2023-11-01 00:00:00+08:00,29.38760757446289,29.38760757446289,29.38760757446289,29.38760757446289,1010,0.0,0.0
2023-11-02 00:00:00+08:00,28.994461262936202,29.28931999206543,28.994461262936202,29.28931999206543,6060,0.0,0.0
2023-11-03 00:00:00+08:00,29.28931999206543,29.28931999206543,29.28931999206543,29.28931999206543,0,0.0,0.0
2023-11-06 00:00:00+08:00,29.289321001378035,29.289321001378035,28.896175384521484,28.896175384521484,5050,0.0,0.0
2023-11-07 00:00:00+08:00,29.338464440161268,29.338464440161268,28.748746961581098,28.896175384521484,13130,0.0,0.0
2023-11-08 00:00:00+08:00,29.28931999206543,29.28931999206543,28.994461262936202,29.28931999206543,16160,0.0,0.0
2023-11-09 00:00:00+08:00,29.28931999206543,29.28931999206543,29.28931999206543,29.28931999206543,0,0.0,0.0
2023-11-10 00:00:00+08:00,29.28931999206543,29.28931999206543,29.28931999206543,29.28931999206543,0,0.0,0.0
2023-11-13 00:00:00+08:00,28.79788731259009,29.043604496315368,28.79788731259009,28.994461059570312,3030,0.0,0.0
2023-11-14 00:00:00+08:00,28.994461059570312,28.994461059570312,28.994461059570312,28.994461059570312,0,0.0,0.0
2023-11-15 00:00:00+08:00,29.338462829589844,29.338462829589844,29.338462829589844,29.338462829589844,1010,0.0,0.0
2023-11-16 00:00:00+08:00,28.89617407620663,29.191032802146573,28.89617407620663,28.847030639648438,7070,0.0,0.0
2023-11-17 00:00:00+08:00,28.847031750873388,28.847031750873388,28.601316452026367,28.601316452026367,13130,0.0,0.0
2023-11-20 00:00:00+08:00,28.601316452026367,28.601316452026367,28.601316452026367,28.601316452026367,0,0.0,0.0
2023-11-21 00:00:00+08:00,28.84703185579896,28.84703185579896,28.748746871948242,28.748746871948242,3030,0.0,0.0
2023-11-22 00:00:00+08:00,28.748746871948242,28.748746871948242,28.748746871948242,28.748746871948242,4040,0.0,0.0
2023-11-23 00:00:00+08:00,28.748746871948242,28.748746871948242,28.748746871948242,28.748746871948242,0,0.0,0.0
2023-11-24 00:00:00+08:00,28.552175099857482,28.896175384521484,28.552175099857482,28.896175384521484,19190,0.0,0.0
2023-11-27 00:00:00+08:00,28.503030274911286,28.699602127075195,28.503030274911286,28.699602127075195,2020,0.0,0.0
2023-11-28 00:00:00+08:00,28.699602332509212,29.092747933060426,28.699602332509212,28.994461059570312,10100,0.0,0.0
2023-11-29 00:00:00+08:00,28.797887802124023,28.847031239704467,28.552174401040347,28.797887802124023,10100,0.0,0.0
2023-11-30 00:00:00+08:00,28.896175384521484,28.896175384521484,28.896175384521484,28.896175384521484,2020,0.0,0.0
2023-12-01 00:00:00+08:00,29.141891479492188,29.141891479492188,29.141891479492188,29.141891479492188,1010,0.0,0.0
2023-12-04 00:00:00+08:00,29.1910334093583,29.1910334093583,28.30645721313813,28.797887802124023,50500,0.0,0.0
2023-12-05 00:00:00+08:00,28.74874535341032,28.84703033206953,28.30645632251166,28.404743194580078,27270,0.0,0.0
2023-12-06 00:00:00+08:00,28.60131525428863,28.699602127075195,28.40474340212472,28.699602127075195,30300,0.0,0.0
2023-12-07 00:00:00+08:00,28.699603522797865,28.896175384521484,28.355601344724548,28.896175384521484,26260,0.0,0.0
2023-12-08 00:00:00+08:00,28.896174266664783,28.994461140428996,28.10988495677882,28.20816993713379,30300,0.0,0.0
2023-12-11 00:00:00+08:00,28.011598784266265,28.30645751953125,27.815025031816752,28.30645751953125,8080,0.0,0.0
2023-12-12 00:00:00+08:00,28.748747089642812,28.748747089642812,28.109886169433594,28.109886169433594,33330,0.0,0.0
2023-12-13 00:00:00+08:00,28.45388723119865,28.45388723119865,28.355600357055664,28.355600357055664,8080,0.0,0.0
2023-12-14 00:00:00+08:00,28.50303077697754,28.50303077697754,28.50303077697754,28.50303077697754,6060,0.0,0.0
2023-12-15 00:00:00+08:00,28.50303077697754,28.50303077697754,28.50303077697754,28.50303077697754,0,0.0,0.0
2023-12-18 00:00:00+08:00,28.208169338818465,28.257312774658203,28.208169338818465,28.257312774658203,2020,0.0,0.0
2023-12-19 00:00:00+08:00,28.30645621049794,28.30645621049794,28.257312774658203,28.257312774658203,7070,0.0,0.0
2023-12-20 00:00:00+08:00,28.257312774658203,28.257312774658203,28.257312774658203,28.257312774658203,3030,0.0,0.0
2023-12-21 00:00:00+08:00,28.257312774658203,28.257312774658203,28.257312774658203,28.257312774658203,0,0.0,0.0
2023-12-22 00:00:00+08:00,28.257312774658203,28.257312774658203,28.257312774658203,28.257312774658203,0,0.0,0.0
2023-12-25 00:00:00+08:00,28.601315758086123,28.601315758086123,28.50303077697754,28.50303077697754,7070,0.0,0.0
2023-12-26 00:00:00+08:00,28.2573145930307,28.2573145930307,28.109886169433594,28.109886169433594,5050,0.0,0.0
2023-12-27 00:00:00+08:00,28.50303077697754,28.50303077697754,28.50303077697754,28.50303077697754,1010,0.0,0.0
2023-12-28 00:00:00+08:00,28.109886169433594,28.109886169433594,28.109886169433594,28.109886169433594,1010,0.0,0.0
2023-12-29 00:00:00+08:00,28.06074202480249,28.06074202480249,28.011598587036133,28.011598587036133,5050,0.0,0.0
2024-01-02 00:00:00+08:00,28.011598587036133,28.06074202480249,28.011598587036133,28.011598587036133,3030,0.0,0.0
2024-01-03 00:00:00+08:00,28.011598587036133,28.011598587036133,28.011598587036133,28.011598587036133,0,0.0,0.0
2024-01-04 00:00:00+08:00,28.011598587036133,28.011598587036133,28.011598587036133,28.011598587036133,0,0.0,0.0
2024-01-05 00:00:00+08:00,28.10988436054819,28.257312774658203,28.10988436054819,28.257312774658203,9090,0.0,0.0
2024-01-08 00:00:00+08:00,28.503030178275285,28.699602029772745,28.503030178275285,28.552173614501953,9090,0.0,0.0
2024-01-09 00:00:00+08:00,28.552173614501953,28.552173614501953,28.552173614501953,28.552173614501953,0,0.0,0.0
2024-01-10 00:00:00+08:00,28.552173614501953,28.552173614501953,28.552173614501953,28.552173614501953,0,0.0,0.0
2024-01-11 00:00:00+08:00,28.355599758545868,28.404743194580078,28.355599758545868,28.404743194580078,4040,0.0,0.0
2024-01-12 00:00:00+08:00,28.50303137774786,28.50303137774786,28.453887939453125,28.453887939453125,2020,0.0,0.0
2024-01-15 00:00:00+08:00,28.404743194580078,28.404743194580078,28.404743194580078,28.404743194580078,1010,0.0,0.0
2024-01-16 00:00:00+08:00,28.453887939453125,28.453887939453125,28.453887939453125,28.453887939453125,1010,0.0,0.0
2024-01-17 00:00:00+08:00,28.355600357055664,28.355600357055664,28.355600357055664,28.355600357055664,1010,0.0,0.0
2024-01-18 00:00:00+08:00,28.35559964633768,28.35559964633768,28.257312774658203,28.257312774658203,6060,0.0,0.0
2024-01-19 00:00:00+08:00,27.96245574951172,27.96245574951172,27.96245574951172,27.96245574951172,5050,0.0,0.0
2024-01-22 00:00:00+08:00,28.404744501158387,28.50303137774786,28.35560106286365,28.453887939453125,11110,0.0,0.0
2024-01-23 00:00:00+08:00,28.257312886477454,28.503030066648492,28.06074103574983,28.404743194580078,14140,0.0,0.0
2024-01-24 00:00:00+08:00,28.50303077697754,28.50303077697754,28.50303077697754,28.50303077697754,3030,0.0,0.0
2024-01-25 00:00:00+08:00,28.503030668270142,28.503030668270142,28.355600357055664,28.355600357055664,3030,0.0,0.0
2024-01-26 00:00:00+08:00,28.159029006958008,28.159029006958008,28.159029006958008,28.159029006958008,3030,0.0,0.0
2024-01-29 00:00:00+08:00,28.404743794127157,28.404743794127157,28.355600357055664,28.355600357055664,7070,0.0,0.0
2024-01-30 00:00:00+08:00,28.355600357055664,28.355600357055664,28.355600357055664,28.355600357055664,2020,0.0,0.0
2024-01-31 00:00:00+08:00,28.404743194580078,28.453886630614285,28.257312886477454,28.404743194580078,11110,0.0,0.0
2024-02-01 00:00:00+08:00,28.404744861138347,31.20590383875442,28.404744861138347,29.977325439453125,323200,0.0,0.0
2024-02-02 00:00:00+08:00,30.56704429421795,30.56704429421795,29.387607460444308,30.17389678955078,104030,0.0,0.0
2024-02-05 00:00:00+08:00,29.48589355044061,30.27218285858257,29.48589355044061,29.928180694580078,72720,0.0,0.0
2024-02-15 00:00:00+08:00,29.928181806543698,30.124755560939697,29.58417962976001,29.682466506958008,47470,0.0,0.0
2024-02-16 00:00:00+08:00,30.665329658510974,32.63105773925781,30.665329658510974,32.63105773925781,348450,0.0,0.0
2024-02-19 00:00:00+08:00,33.90877799350661,35.87450408935547,33.51563050224577,35.87450408935547,617110,0.0,0.0
2024-02-20 00:00:00+08:00,35.87450401037969,38.33166067807685,34.00706100463867,34.00706100463867,1243310,0.0,0.0
2024-02-21 00:00:00+08:00,33.76134618665368,37.39794158935547,33.66306309950477,37.39794158935547,1048380,0.0,0.0
2024-02-22 00:00:00+08:00,38.82309184220685,41.13282012939453,38.33166125858866,41.13282012939453,1177660,0.0,0.0
2024-02-23 00:00:00+08:00,42.11568615228324,42.45968832690994,38.6265228611347,38.87223815917969,1923040,0.0,0.0
2024-02-26 00:00:00+08:00,39.26538016552802,42.75454330444336,38.47908897399902,42.75454330444336,1942230,0.0,0.0
2024-02-27 00:00:00+08:00,42.21397342600087,44.72027176172935,39.1179538252342,40.39567565917969,2577520,0.0,0.0
2024-02-29 00:00:00+08:00,39.95338542995622,43.98312456840929,39.95338542995622,42.36140060424805,1465510,0.0,0.0
2024-03-01 00:00:00+08:00,42.459688266992536,46.587714356687606,41.96825388477747,43.540836334228516,4681350,0.0,0.0
2024-03-04 00:00:00+08:00,46.6859985136451,47.07914602840528,43.639124208347106,44.08141326904297,1866480,0.0,0.0
2024-03-05 00:00:00+08:00,44.67112888988805,44.720270433772676,40.493961334228516,40.493961334228516,1056460,0.0,0.0
2024-03-06 00:00:00+08:00,40.54310228472402,42.164826224640244,40.54310228472402,41.47682189941406,527220,0.0,0.0
2024-03-07 00:00:00+08:00,41.77168396049132,42.16482767983803,37.59451632180591,37.938514709472656,861530,0.0,0.0
2024-03-08 00:00:00+08:00,38.67566254088727,39.06880624143622,36.90651020818937,37.152225494384766,310070,0.0,0.0
2024-03-11 00:00:00+08:00,36.415075848980166,38.77394941272911,36.169360562784775,37.152225494384766,176750,0.0,0.0
2024-03-12 00:00:00+08:00,37.25051282350695,40.14995853775146,37.152225950458565,39.60938262939453,428240,0.0,0.0
2024-03-13 00:00:00+08:00,39.609382785871325,40.83796302360204,37.692802007720836,38.036800384521484,331280,0.0,0.0
2024-03-14 00:00:00+08:00,37.840231224196465,38.085946519571955,35.97278816306935,36.415077209472656,225230,0.0,0.0
2024-03-15 00:00:00+08:00,36.120218721113574,36.660794618357265,34.989925384521484,34.989925384521484,268660,0.0,0.0
2024-03-18 00:00:00+08:00,35.776218015202716,37.59451573582936,35.3339289710699,36.12022018432617,332290,0.0,0.0
2024-03-19 00:00:00+08:00,36.26764721389747,38.77394917674632,36.26764721389747,36.857364654541016,244420,0.0,0.0
2024-03-20 00:00:00+08:00,36.857364654541016,36.857364654541016,36.857364654541016,36.857364654541016,0,0.0,0.0
2024-03-21 00:00:00+08:00,37.34879586762472,38.872236717929376,36.85736528975533,37.741943359375,431270,0.0,0.0
2024-03-22 00:00:00+08:00,38.0368028217714,39.31452468468266,37.74194596938658,37.840232849121094,380770,0.0,0.0
2024-03-25 00:00:00+08:00,37.840232849121094,37.840232849121094,37.840232849121094,37.840232849121094,0,0.0,0.0
2024-03-26 00:00:00+08:00,37.692804466068644,38.77395257074826,36.4150788148763,36.90651321411133,246440,0.0,0.0
2024-03-27 00:00:00+08:00,36.759079776439826,37.64365787877773,36.759079776439826,37.00479507446289,42420,0.0,0.0
2024-03-28 00:00:00+08:00,37.64365810891956,37.84023186326724,36.365936279296875,36.365936279296875,112110,0.0,0.0
2024-03-29 00:00:00+08:00,36.41507581606258,36.56250801710127,36.1693605300893,36.218505859375,37370,0.0,0.0
2024-04-01 00:00:00+08:00,35.776218015202716,36.365935478440285,35.1373552210512,36.12022018432617,129280,0.0,0.0
2024-04-02 00:00:00+08:00,36.07107625861609,36.857367502503536,35.77621940891997,36.316795349121094,79790,0.0,0.0
2024-04-03 00:00:00+08:00,36.31679331792281,36.66079548120736,35.97278736781979,36.16936111450195,45450,0.0,0.0
2024-04-08 00:00:00+08:00,36.267648005923746,37.59451511646212,36.169361132533666,37.10308074951172,129280,0.0,0.0
2024-04-09 00:00:00+08:00,37.25051395975561,39.26538166484235,36.8573664555699,38.57737731933594,218160,0.0,0.0
2024-04-10 00:00:00+08:00,38.626521846363985,38.626521846363985,37.64365689318664,38.331661224365234,149480,0.0,0.0
2024-04-11 00:00:00+08:00,37.39794358387278,37.938515739295745,37.20136982545423,37.545372009277344,267650,0.0,0.0
2024-04-12 00:00:00+08:00,37.545370595498945,37.84023122202373,37.34879684448242,37.34879684448242,93930,0.0,0.0
2024-04-15 00:00:00+08:00,37.34879789905764,37.84023229047502,36.021934509277344,36.021934509277344,187860,0.0,0.0
2024-04-16 00:00:00+08:00,35.87450488466378,35.87450488466378,34.007061833412,34.25278091430664,208060,0.0,0.0
2024-04-17 00:00:00+08:00,34.25277975216867,35.77621679584406,34.25277975216867,35.284786224365234,73730,0.0,0.0
2024-04-18 00:00:00+08:00,36.61165249278329,38.77395248413086,36.61165249278329,38.77395248413086,450460,0.0,0.0
2024-04-19 00:00:00+08:00,41.13282112583109,42.60711669921875,39.9533861818484,42.60711669921875,3786490,0.0,0.0
2024-04-22 00:00:00+08:00,44.62198691153102,46.09627865553711,40.493960939949595,40.83796310424805,4844970,0.0,0.0
2024-04-23 00:00:00+08:00,40.54310306279505,42.6562614090115,39.16709438593542,39.855098724365234,1310980,0.0,0.0
2024-04-24 00:00:00+08:00,39.70766927953735,40.543102015531154,38.7739496710469,39.31452178955078,558530,0.0,0.0
2024-04-25 00:00:00+08:00,39.95338369396295,39.95338369396295,38.036799189222286,38.13508605957031,320170,0.0,0.0
2024-04-26 00:00:00+08:00,38.42995034070946,38.52823722044398,36.61165253266774,37.840232849121094,281790,0.0,0.0
2024-04-29 00:00:00+08:00,37.84022946063326,39.56024023491826,37.84022946063326,38.42994689941406,235330,0.0,0.0
2024-04-30 00:00:00+08:00,38.47909063704064,38.47909063704064,37.79108628806997,37.938514709472656,126250,0.0,0.0
2024-05-02 00:00:00+08:00,38.18423239418484,38.18423239418484,37.447082740562294,37.741943359375,151500,0.0,0.0
2024-05-03 00:00:00+08:00,38.03680223093557,38.03680223093557,36.906512598592535,36.95565414428711,185840,0.0,0.0
2024-05-06 00:00:00+08:00,36.5133632777865,36.75907856772997,36.16936111450195,36.16936111450195,175740,0.0,0.0
2024-05-07 00:00:00+08:00,36.26764981157671,36.56251044642714,35.87450608526146,36.021934509277344,73730,0.0,0.0
2024-05-08 00:00:00+08:00,36.021932115869014,37.05393858904784,35.72707528742844,36.218505859375,110090,0.0,0.0
2024-05-09 00:00:00+08:00,36.21850664980341,36.7099372324749,35.53050231933594,35.53050231933594,96960,0.0,0.0
2024-05-10 00:00:00+08:00,35.72707706429071,35.72707706429071,34.94078205116091,35.13735580444336,96960,0.0,0.0
2024-05-13 00:00:00+08:00,36.021933093322424,36.071074637123175,34.89163971772015,35.82535934448242,70700,0.0,0.0
2024-05-14 00:00:00+08:00,35.432214834615515,35.776216993918936,35.3830695051045,35.57964324951172,55550,0.0,0.0
2024-05-15 00:00:00+08:00,35.8745032774526,36.365933843588266,35.53050112379396,35.628787994384766,61610,0.0,0.0
2024-05-16 00:00:00+08:00,35.77621721654026,35.97278717535223,35.62878880072667,35.87450408935547,48480,0.0,0.0
2024-05-17 00:00:00+08:00,36.51336225606529,36.51336225606529,35.53050112379396,35.628787994384766,51510,0.0,0.0
2024-05-20 00:00:00+08:00,35.48135877826857,35.48135877826857,35.13735659568713,35.38307189941406,74740,0.0,0.0
2024-05-21 00:00:00+08:00,35.383070115079704,36.26764819334316,35.039067949845965,35.53050231933594,61610,0.0,0.0
2024-05-22 00:00:00+08:00,35.432214024497405,35.67792930597921,35.333927154541016,35.333927154541016,61610,0.0,0.0
2024-05-23 00:00:00+08:00,35.03906936002029,35.03906936002029,33.85963439941406,33.85963439941406,154530,0.0,0.0
2024-05-24 00:00:00+08:00,33.81049326655419,33.95792169172467,32.63105829155294,33.51563262939453,101000,0.0,0.0
2024-05-27 00:00:00+08:00,33.61391629560064,33.85963157633866,32.68019671406881,33.466487884521484,97970,0.0,0.0
2024-05-28 00:00:00+08:00,33.85963258914963,34.30192162243518,33.7122041736606,34.00706100463867,57570,0.0,0.0
2024-05-29 00:00:00+08:00,34.00706100463867,34.30192162243518,33.51563042846293,34.00706100463867,72720,0.0,0.0
2024-05-30 00:00:00+08:00,34.10534706213316,34.20363393238298,33.6630618262365,33.76134490966797,73730,0.0,0.0
2024-05-31 00:00:00+08:00,33.7613457165508,34.20363474983635,33.7613457165508,34.00706100463867,44440,0.0,0.0
2024-06-03 00:00:00+08:00,34.69507036667513,34.69507036667513,33.90877914428711,33.90877914428711,52520,0.0,0.0
2024-06-04 00:00:00+08:00,34.645925451273634,34.645925451273634,33.22077519701765,33.56477737426758,76760,0.0,0.0
2024-06-05 00:00:00+08:00,34.744209774689345,34.744209774689345,32.8276252746582,32.8276252746582,59590,0.0,0.0
2024-06-06 00:00:00+08:00,33.22077298528955,33.26991452727417,33.02419924371436,33.12248611450195,55550,0.0,0.0
2024-06-07 00:00:00+08:00,33.07334120468855,34.84249732764113,33.07334120468855,33.71220397949219,44440,0.0,0.0
2024-06-11 00:00:00+08:00,33.712203753772435,33.810490625147104,33.2207731837175,33.41734313964844,42420,0.0,0.0
2024-06-12 00:00:00+08:00,33.7122041736606,34.00706100463867,33.36820201297389,34.00706100463867,37370,0.0,0.0
2024-06-13 00:00:00+08:00,34.05620815512132,34.30192345634606,33.85963439941406,33.85963439941406,24240,0.0,0.0
2024-06-14 00:00:00+08:00,33.95792189529256,34.00706344170441,33.81049346923828,33.81049346923828,22220,0.0,0.0
2024-06-17 00:00:00+08:00,33.56477716457535,34.351064604675535,33.22077498947454,33.26991653442383,57570,0.0,0.0
2024-06-18 00:00:00+08:00,34.05620591017457,34.05620591017457,33.17162785462097,33.41734313964844,60600,0.0,0.0
2024-06-19 00:00:00+08:00,33.41734557450146,33.41734557450146,32.92591496863993,33.22077560424805,86860,0.0,0.0
2024-06-20 00:00:00+08:00,32.97505391491137,33.319059856077146,32.87677083094214,33.12248611450195,41410,0.0,0.0
2024-06-21 00:00:00+08:00,33.12248669929958,33.26991511467473,32.925912954253754,33.073341369628906,142410,0.0,0.0
2024-06-24 00:00:00+08:00,33.12248650286326,33.22077337480327,32.5819106006024,32.77848434448242,84840,0.0,0.0
2024-06-25 00:00:00+08:00,32.92591458460819,32.97505612989372,32.532770861868144,32.63105773925781,72720,0.0,0.0
2024-06-26 00:00:00+08:00,32.63105511900903,32.82762507118533,32.53276824951172,32.53276824951172,30300,0.0,0.0
2024-06-27 00:00:00+08:00,32.97505510887069,33.810491647405534,32.87677202134283,33.024200439453125,59590,0.0,0.0
2024-06-28 00:00:00+08:00,33.663063827225166,33.663063827225166,32.97505569458008,32.97505569458008,25250,0.0,0.0
2024-07-01 00:00:00+08:00,33.41734255628288,33.90877690457726,33.02419886446571,33.466487884521484,49490,0.0,0.0
2024-07-02 00:00:00+08:00,33.466487936547885,34.59678125915459,33.41734260823288,34.40020751953125,60600,0.0,0.0
2024-07-03 00:00:00+08:00,34.79335486855368,34.79335486855368,34.105350494384766,34.105350494384766,37370,0.0,0.0
2024-07-04 00:00:00+08:00,33.95792028932419,34.5967830833769,33.51563124525979,34.25278091430664,57570,0.0,0.0
2024-07-05 00:00:00+08:00,34.35106378513343,34.400209115728806,33.908778530686014,33.95792007446289,33330,0.0,0.0
2024-07-08 00:00:00+08:00,34.44934964613924,34.79335180291369,34.20363436084584,34.3510627746582,67670,0.0,0.0
2024-07-09 00:00:00+08:00,34.35106241934046,34.79335144302103,34.25277933569443,34.695068359375,90900,0.0,0.0
2024-07-10 00:00:00+08:00,34.40020912430731,34.989926583869426,34.40020912430731,34.891639709472656,53530,0.0,0.0
2024-07-11 00:00:00+08:00,34.89164157166748,34.89164157166748,33.81049346923828,33.81049346923828,113120,0.0,0.0
2024-07-12 00:00:00+08:00,34.105350321346826,34.105350321346826,33.368204404256744,33.81049346923828,72720,0.0,0.0
2024-07-15 00:00:00+08:00,33.564775758171564,34.05620633434731,33.564775758171564,34.00706100463867,55550,0.0,0.0
2024-07-16 00:00:00+08:00,34.007060420647036,34.15449262042271,33.81049046564343,34.05620574951172,23230,0.0,0.0
2024-07-17 00:00:00+08:00,34.498498014949135,34.498498014949135,34.00706361424368,34.105350494384766,7070,0.0,0.0
2024-07-18 00:00:00+08:00,34.056207747825646,34.40020992278992,33.85963399446932,34.203636169433594,49490,0.0,0.0
2024-07-19 00:00:00+08:00,34.84249932661894,37.59451675415039,34.0070627598193,37.59451675415039,654480,0.0,0.0
2024-07-22 00:00:00+08:00,39.216240682745244,41.32939529418945,39.216240682745244,41.32939529418945,2752250,0.0,0.0
2024-07-23 00:00:00+08:00,41.32939315014847,41.32939315014847,37.39794097676175,37.44708251953125,1763460,0.0,0.0
2024-07-26 00:00:00+08:00,36.12021909042998,36.75907807841519,33.71220397949219,33.71220397949219,651450,0.0,0.0
2024-07-29 00:00:00+08:00,34.0070599315164,34.056205259674215,32.53276824951172,32.53276824951172,208060,0.0,0.0
2024-07-30 00:00:00+08:00,32.58191139830374,33.7613463168231,32.58191139830374,33.024200439453125,102010,0.0,0.0
2024-07-31 00:00:00+08:00,33.122487902127595,33.663063827225166,32.92591414994329,32.97505569458008,59590,0.0,0.0
2024-08-01 00:00:00+08:00,33.2207731837175,33.6630622114943,32.72934261366256,33.41734313964844,60600,0.0,0.0
2024-08-02 00:00:00+08:00,33.122485679677254,33.122485679677254,32.53276824951172,32.53276824951172,36360,0.0,0.0
2024-08-05 00:00:00+08:00,31.500763300648504,31.54990673773825,29.28931999206543,29.28931999206543,171700,0.0,0.0
2024-08-06 00:00:00+08:00,29.338464440161268,30.026468796307906,28.257314467158082,28.896175384521484,68680,0.0,0.0
2024-08-07 00:00:00+08:00,29.4858931938096,31.205902099609375,29.4858931938096,31.205902099609375,33330,0.0,0.0
2024-08-08 00:00:00+08:00,31.1076178194176,31.1076178194176,30.026467879428104,30.37047004699707,13130,0.0,0.0
2024-08-09 00:00:00+08:00,30.960186783650435,31.451619251576407,30.27218246459961,30.27218246459961,11110,0.0,0.0
2024-08-12 00:00:00+08:00,30.272182780607153,30.96018710683997,30.223039343960632,30.7144718170166,10100,0.0,0.0
2024-08-13 00:00:00+08:00,30.468757935219234,30.468757935219234,29.73161013827473,29.977325439453125,33330,0.0,0.0
2024-08-14 00:00:00+08:00,30.616186138425167,31.549907684326172,30.567044593270282,31.549907684326172,68680,0.0,0.0
2024-08-15 00:00:00+08:00,31.54990639663874,32.43448257446289,31.304189213846563,32.43448257446289,33330,0.0,0.0
2024-08-16 00:00:00+08:00,32.975054522578546,34.30192162243518,32.434482403512604,34.00706100463867,125240,0.0,0.0
2024-08-19 00:00:00+08:00,36.46422356814366,37.3979432316087,35.97278917672628,36.021934509277344,1064540,0.0,0.0
2024-08-20 00:00:00+08:00,35.628787948559165,35.628787948559165,34.695068359375,34.695068359375,194930,0.0,0.0
2024-08-21 00:00:00+08:00,34.69506812896626,34.89163808177127,34.35106219121625,34.40020751953125,56560,0.0,0.0
2024-08-22 00:00:00+08:00,34.4002087177175,34.4002087177175,33.90877813836057,34.30192184448242,50500,0.0,0.0
2024-08-23 00:00:00+08:00,37.692803048591685,37.692803048591685,33.90877914428711,33.90877914428711,494900,0.0,0.0
2024-08-26 00:00:00+08:00,32.92591416959744,33.90877914428711,32.82762729344661,33.90877914428711,111100,0.0,0.0
2024-08-27 00:00:00+08:00,34.49849599010107,34.744211282622466,33.41734415882471,33.95792007446289,22220,0.0,0.0
2024-08-28 00:00:00+08:00,33.70000076293945,34.900001525878906,33.70000076293945,34.54999923706055,21000,0.25,1.01
2024-08-29 00:00:00+08:00,34.54999923706055,35.29999923706055,34.54999923706055,34.54999923706055,25000,0.0,0.0
2024-08-30 00:00:00+08:00,34.54999923706055,34.599998474121094,34.45000076293945,34.45000076293945,12000,0.0,0.0
2024-09-02 00:00:00+08:00,35.0,36.20000076293945,35.0,35.400001525878906,56000,0.0,0.0
2024-09-03 00:00:00+08:00,35.400001525878906,35.599998474121094,35.099998474121094,35.099998474121094,40000,0.0,0.0
2024-09-04 00:00:00+08:00,34.150001525878906,35.099998474121094,34.0,35.099998474121094,35000,0.0,0.0
2024-09-05 00:00:00+08:00,35.150001525878906,35.400001525878906,34.400001525878906,35.150001525878906,26000,0.0,0.0
2024-09-06 00:00:00+08:00,35.150001525878906,35.5,35.150001525878906,35.25,26000,0.0,0.0
2024-09-09 00:00:00+08:00,34.400001525878906,35.20000076293945,34.400001525878906,35.099998474121094,13000,0.0,0.0
2024-09-10 00:00:00+08:00,35.20000076293945,35.20000076293945,34.70000076293945,34.75,15000,0.0,0.0
2024-09-11 00:00:00+08:00,34.75,34.900001525878906,34.400001525878906,34.75,29000,0.0,0.0
2024-09-12 00:00:00+08:00,36.79999923706055,36.900001525878906,34.900001525878906,34.900001525878906,38000,0.0,0.0
2024-09-13 00:00:00+08:00,35.20000076293945,35.29999923706055,35.150001525878906,35.29999923706055,22000,0.0,0.0
