Date,Open,High,Low,Close,Volume,Dividends,Stock Splits
2002-02-05 00:00:00+09:00,1909.988037109375,1909.988037109375,1909.988037109375,1909.988037109375,0,0.0,0.0
2002-02-06 00:00:00+09:00,1684.989501953125,1684.989501953125,1684.989501953125,1684.989501953125,5304518,0.0,0.0
2002-02-07 00:00:00+09:00,1499.9906005859375,1499.9906005859375,1499.9906005859375,1499.9906005859375,2357768,0.0,0.0
2002-02-08 00:00:00+09:00,1449.990966796875,1449.990966796875,1449.990966796875,1449.990966796875,0,0.0,0.0
2002-02-11 00:00:00+09:00,1449.990966796875,1449.990966796875,1449.990966796875,1449.990966796875,0,0.0,0.0
2002-02-12 00:00:00+09:00,1449.990966796875,1449.990966796875,1449.990966796875,1449.990966796875,0,0.0,0.0
2002-02-13 00:00:00+09:00,1449.990966796875,1449.990966796875,1449.990966796875,1449.990966796875,0,0.0,0.0
2002-02-14 00:00:00+09:00,1449.990966796875,1449.990966796875,1449.990966796875,1449.990966796875,1512066,0.0,0.0
2002-02-15 00:00:00+09:00,1359.991455078125,1359.991455078125,1359.991455078125,1359.991455078125,1700514,0.0,0.0
2002-02-18 00:00:00+09:00,1264.9920654296875,1264.9920654296875,1264.9920654296875,1264.9920654296875,1519924,0.0,0.0
2002-02-19 00:00:00+09:00,1324.99169921875,1324.99169921875,1324.99169921875,1324.99169921875,1161586,0.0,0.0
2002-02-20 00:00:00+09:00,1399.9912109375,1399.9912109375,1399.9912109375,1399.9912109375,2099238,0.0,0.0
2002-02-21 00:00:00+09:00,1499.9906005859375,1499.9906005859375,1499.9906005859375,1499.9906005859375,1906252,0.0,0.0
2002-02-22 00:00:00+09:00,1449.990966796875,1449.990966796875,1449.990966796875,1449.990966796875,3273130,0.0,0.0
2002-02-25 00:00:00+09:00,1359.991455078125,1359.991455078125,1359.991455078125,1359.991455078125,1962458,0.0,0.0
2002-02-26 00:00:00+09:00,1279.991943359375,1279.991943359375,1279.991943359375,1279.991943359375,1486478,0.0,0.0
2002-02-27 00:00:00+09:00,1299.9918212890625,1299.9918212890625,1299.9918212890625,1299.9918212890625,954306,0.0,0.0
2002-02-28 00:00:00+09:00,1349.9915771484375,1349.9915771484375,1349.9915771484375,1349.9915771484375,945006,0.0,0.0
2002-03-01 00:00:00+09:00,1349.9915771484375,1349.9915771484375,1349.9915771484375,1349.9915771484375,0,0.0,0.0
2002-03-04 00:00:00+09:00,1314.9918212890625,1314.9918212890625,1314.9918212890625,1314.9918212890625,2728736,0.0,0.0
2002-03-05 00:00:00+09:00,1319.99169921875,1319.99169921875,1319.99169921875,1319.99169921875,1569420,0.0,0.0
2002-03-06 00:00:00+09:00,1409.9912109375,1409.9912109375,1409.9912109375,1409.9912109375,1982074,0.0,0.0
2002-03-07 00:00:00+09:00,1449.990966796875,1449.990966796875,1449.990966796875,1449.990966796875,2856750,0.0,0.0
2002-03-08 00:00:00+09:00,1449.990966796875,1449.990966796875,1449.990966796875,1449.990966796875,1013366,0.0,0.0
2002-03-11 00:00:00+09:00,1519.990478515625,1519.990478515625,1519.990478515625,1519.990478515625,3334098,0.0,0.0
2002-03-12 00:00:00+09:00,1429.9910888671875,1429.9910888671875,1429.9910888671875,1429.9910888671875,3578412,0.0,0.0
2002-03-13 00:00:00+09:00,1439.990966796875,1439.990966796875,1439.990966796875,1439.990966796875,1458892,0.0,0.0
2002-03-14 00:00:00+09:00,1609.989990234375,1609.989990234375,1609.989990234375,1609.989990234375,3926224,0.0,0.0
2002-03-15 00:00:00+09:00,1599.989990234375,1599.989990234375,1599.989990234375,1599.989990234375,2771370,0.0,0.0
2002-03-18 00:00:00+09:00,1724.9892578125,1724.9892578125,1724.9892578125,1724.9892578125,4751252,0.0,0.0
2002-03-19 00:00:00+09:00,1749.989013671875,1749.989013671875,1749.989013671875,1749.989013671875,3753878,0.0,0.0
2002-03-20 00:00:00+09:00,1749.989013671875,1749.989013671875,1749.989013671875,1749.989013671875,3830838,0.0,0.0
2002-03-21 00:00:00+09:00,1599.989990234375,1599.989990234375,1599.989990234375,1599.989990234375,1198156,0.0,0.0
2002-03-22 00:00:00+09:00,1584.9901123046875,1584.9901123046875,1584.9901123046875,1584.9901123046875,1019648,0.0,0.0
2002-03-25 00:00:00+09:00,1609.989990234375,1609.989990234375,1609.989990234375,1609.989990234375,993780,0.0,0.0
2002-03-26 00:00:00+09:00,1634.98974609375,1634.98974609375,1634.98974609375,1634.98974609375,1753998,0.0,0.0
2002-03-27 00:00:00+09:00,1549.9903564453125,1549.9903564453125,1549.9903564453125,1549.9903564453125,1087484,0.0,0.0
2002-03-28 00:00:00+09:00,1584.9901123046875,1584.9901123046875,1584.9901123046875,1584.9901123046875,1189128,0.0,0.0
2002-03-29 00:00:00+09:00,1649.98974609375,1649.98974609375,1649.98974609375,1649.98974609375,2298894,0.0,0.0
2002-04-01 00:00:00+09:00,1454.9908447265625,1454.9908447265625,1454.9908447265625,1454.9908447265625,1385822,0.0,0.0
2002-04-02 00:00:00+09:00,1374.991455078125,1374.991455078125,1374.991455078125,1374.991455078125,1322088,0.0,0.0
2002-04-03 00:00:00+09:00,1424.9910888671875,1424.9910888671875,1424.9910888671875,1424.9910888671875,609596,0.0,0.0
2002-04-04 00:00:00+09:00,1399.9912109375,1399.9912109375,1399.9912109375,1399.9912109375,546016,0.0,0.0
2002-04-05 00:00:00+09:00,1399.9912109375,1399.9912109375,1399.9912109375,1399.9912109375,0,0.0,0.0
2002-04-08 00:00:00+09:00,1454.9908447265625,1454.9908447265625,1454.9908447265625,1454.9908447265625,725026,0.0,0.0
2002-04-09 00:00:00+09:00,1424.9910888671875,1424.9910888671875,1424.9910888671875,1424.9910888671875,873046,0.0,0.0
2002-04-10 00:00:00+09:00,1324.99169921875,1324.99169921875,1324.99169921875,1324.99169921875,836058,0.0,0.0
2002-04-11 00:00:00+09:00,1354.9915771484375,1354.9915771484375,1354.9915771484375,1354.9915771484375,511172,0.0,0.0
2002-04-12 00:00:00+09:00,1314.9918212890625,1314.9918212890625,1314.9918212890625,1314.9918212890625,431726,0.0,0.0
2002-04-15 00:00:00+09:00,1334.99169921875,1334.99169921875,1334.99169921875,1334.99169921875,466164,0.0,0.0
2002-04-16 00:00:00+09:00,1329.99169921875,1329.99169921875,1329.99169921875,1329.99169921875,693770,0.0,0.0
2002-04-17 00:00:00+09:00,1299.9918212890625,1299.9918212890625,1299.9918212890625,1299.9918212890625,771716,0.0,0.0
2002-04-18 00:00:00+09:00,1299.9918212890625,1299.9918212890625,1299.9918212890625,1299.9918212890625,431076,0.0,0.0
2002-04-19 00:00:00+09:00,1259.9920654296875,1259.9920654296875,1259.9920654296875,1259.9920654296875,498028,0.0,0.0
2002-04-22 00:00:00+09:00,1114.9930419921875,1114.9930419921875,1114.9930419921875,1114.9930419921875,881214,0.0,0.0
2002-04-23 00:00:00+09:00,1009.9937133789062,1009.9937133789062,1009.9937133789062,1009.9937133789062,742688,0.0,0.0
2002-04-24 00:00:00+09:00,974.993896484375,974.993896484375,974.993896484375,974.993896484375,826096,0.0,0.0
2002-04-25 00:00:00+09:00,859.99462890625,859.99462890625,859.99462890625,859.99462890625,773216,0.0,0.0
2002-04-26 00:00:00+09:00,879.9945068359375,879.9945068359375,879.9945068359375,879.9945068359375,449204,0.0,0.0
2002-04-29 00:00:00+09:00,859.99462890625,859.99462890625,859.99462890625,859.99462890625,419856,0.0,0.0
2002-04-30 00:00:00+09:00,959.9940185546875,959.9940185546875,959.9940185546875,959.9940185546875,1283762,0.0,0.0
2002-05-01 00:00:00+09:00,959.9940185546875,959.9940185546875,959.9940185546875,959.9940185546875,0,0.0,0.0
2002-05-02 00:00:00+09:00,969.9939575195312,969.9939575195312,969.9939575195312,969.9939575195312,848274,0.0,0.0
2002-05-03 00:00:00+09:00,934.994140625,934.994140625,934.994140625,934.994140625,405444,0.0,0.0
2002-05-06 00:00:00+09:00,964.9939575195312,964.9939575195312,964.9939575195312,964.9939575195312,523260,0.0,0.0
2002-05-07 00:00:00+09:00,994.9937744140625,994.9937744140625,994.9937744140625,994.9937744140625,1307410,0.0,0.0
2002-05-08 00:00:00+09:00,999.9937744140625,999.9937744140625,999.9937744140625,999.9937744140625,499634,0.0,0.0
2002-05-09 00:00:00+09:00,949.9940795898438,949.9940795898438,949.9940795898438,949.9940795898438,557872,0.0,0.0
2002-05-10 00:00:00+09:00,929.9942016601562,929.9942016601562,929.9942016601562,929.9942016601562,304146,0.0,0.0
2002-05-13 00:00:00+09:00,924.9942016601562,924.9942016601562,924.9942016601562,924.9942016601562,214780,0.0,0.0
2002-05-14 00:00:00+09:00,944.9940795898438,944.9940795898438,944.9940795898438,944.9940795898438,198500,0.0,0.0
2002-05-15 00:00:00+09:00,984.9938354492188,984.9938354492188,984.9938354492188,984.9938354492188,404238,0.0,0.0
2002-05-16 00:00:00+09:00,1009.9937133789062,1009.9937133789062,1009.9937133789062,1009.9937133789062,1044120,0.0,0.0
2002-05-17 00:00:00+09:00,1004.9937133789062,1004.9937133789062,1004.9937133789062,1004.9937133789062,469570,0.0,0.0
2002-05-20 00:00:00+09:00,994.9937744140625,994.9937744140625,994.9937744140625,994.9937744140625,407582,0.0,0.0
2002-05-21 00:00:00+09:00,934.994140625,934.994140625,934.994140625,934.994140625,432842,0.0,0.0
2002-05-22 00:00:00+09:00,949.9940795898438,949.9940795898438,949.9940795898438,949.9940795898438,216738,0.0,0.0
2002-05-23 00:00:00+09:00,959.9940185546875,959.9940185546875,959.9940185546875,959.9940185546875,490926,0.0,0.0
2002-05-24 00:00:00+09:00,924.9942016601562,924.9942016601562,924.9942016601562,924.9942016601562,346912,0.0,0.0
2002-05-27 00:00:00+09:00,904.9943237304688,904.9943237304688,904.9943237304688,904.9943237304688,170642,0.0,0.0
2002-05-28 00:00:00+09:00,869.9945678710938,869.9945678710938,869.9945678710938,869.9945678710938,182146,0.0,0.0
2002-05-29 00:00:00+09:00,799.9949951171875,799.9949951171875,799.9949951171875,799.9949951171875,346884,0.0,0.0
2002-05-30 00:00:00+09:00,774.9951782226562,774.9951782226562,774.9951782226562,774.9951782226562,227522,0.0,0.0
2002-05-31 00:00:00+09:00,769.9951782226562,769.9951782226562,769.9951782226562,769.9951782226562,196208,0.0,0.0
2002-06-03 00:00:00+09:00,779.9951171875,779.9951171875,779.9951171875,779.9951171875,220228,0.0,0.0
2002-06-04 00:00:00+09:00,819.994873046875,819.994873046875,819.994873046875,819.994873046875,365648,0.0,0.0
2002-06-05 00:00:00+09:00,819.994873046875,819.994873046875,819.994873046875,819.994873046875,418788,0.0,0.0
2002-06-06 00:00:00+09:00,819.994873046875,819.994873046875,819.994873046875,819.994873046875,0,0.0,0.0
2002-06-07 00:00:00+09:00,789.9950561523438,789.9950561523438,789.9950561523438,789.9950561523438,379814,0.0,0.0
2002-06-10 00:00:00+09:00,779.9951171875,779.9951171875,779.9951171875,779.9951171875,202568,0.0,0.0
2002-06-11 00:00:00+09:00,769.9951782226562,769.9951782226562,769.9951782226562,769.9951782226562,148064,0.0,0.0
2002-06-12 00:00:00+09:00,799.9949951171875,799.9949951171875,799.9949951171875,799.9949951171875,229570,0.0,0.0
2002-06-13 00:00:00+09:00,799.9949951171875,799.9949951171875,799.9949951171875,799.9949951171875,0,0.0,0.0
2002-06-14 00:00:00+09:00,804.9949951171875,804.9949951171875,804.9949951171875,804.9949951171875,201140,0.0,0.0
2002-06-17 00:00:00+09:00,819.994873046875,819.994873046875,819.994873046875,819.994873046875,242396,0.0,0.0
2002-06-18 00:00:00+09:00,809.9949340820312,809.9949340820312,809.9949340820312,809.9949340820312,165476,0.0,0.0
2002-06-19 00:00:00+09:00,734.9954223632812,734.9954223632812,734.9954223632812,734.9954223632812,236318,0.0,0.0
2002-06-20 00:00:00+09:00,749.9953002929688,749.9953002929688,749.9953002929688,749.9953002929688,125136,0.0,0.0
2002-06-21 00:00:00+09:00,779.9951171875,779.9951171875,779.9951171875,779.9951171875,123936,0.0,0.0
2002-06-24 00:00:00+09:00,739.995361328125,739.995361328125,739.995361328125,739.995361328125,112060,0.0,0.0
2002-06-25 00:00:00+09:00,664.995849609375,664.995849609375,664.995849609375,664.995849609375,128662,0.0,0.0
2002-06-26 00:00:00+09:00,589.996337890625,589.996337890625,589.996337890625,589.996337890625,358074,0.0,0.0
2002-06-27 00:00:00+09:00,619.99609375,619.99609375,619.99609375,619.99609375,99412,0.0,0.0
2002-06-28 00:00:00+09:00,689.9956665039062,689.9956665039062,689.9956665039062,689.9956665039062,147946,0.0,0.0
2002-07-01 00:00:00+09:00,689.9956665039062,689.9956665039062,689.9956665039062,689.9956665039062,0,0.0,0.0
2002-07-02 00:00:00+09:00,744.995361328125,744.995361328125,744.995361328125,744.995361328125,195832,0.0,0.0
2002-07-03 00:00:00+09:00,759.9952392578125,759.9952392578125,759.9952392578125,759.9952392578125,22536,0.0,0.0
2002-07-04 00:00:00+09:00,754.9953002929688,754.9953002929688,754.9953002929688,754.9953002929688,99640,0.0,0.0
2002-07-05 00:00:00+09:00,764.9952392578125,764.9952392578125,764.9952392578125,764.9952392578125,134674,0.0,0.0
2002-07-08 00:00:00+09:00,774.9951782226562,774.9951782226562,774.9951782226562,774.9951782226562,182424,0.0,0.0
2002-07-09 00:00:00+09:00,814.994873046875,814.994873046875,814.994873046875,814.994873046875,83328,0.0,0.0
2002-07-10 00:00:00+09:00,874.9945068359375,874.9945068359375,874.9945068359375,874.9945068359375,497590,0.0,0.0
2002-07-11 00:00:00+09:00,844.9946899414062,844.9946899414062,844.9946899414062,844.9946899414062,159722,0.0,0.0
2002-07-12 00:00:00+09:00,844.9946899414062,844.9946899414062,844.9946899414062,844.9946899414062,94386,0.0,0.0
2002-07-15 00:00:00+09:00,849.9946899414062,849.9946899414062,849.9946899414062,849.9946899414062,168998,0.0,0.0
2002-07-16 00:00:00+09:00,849.9946899414062,849.9946899414062,849.9946899414062,849.9946899414062,108430,0.0,0.0
2002-07-17 00:00:00+09:00,849.9946899414062,849.9946899414062,849.9946899414062,849.9946899414062,0,0.0,0.0
2002-07-18 00:00:00+09:00,834.9947509765625,834.9947509765625,834.9947509765625,834.9947509765625,174418,0.0,0.0
2002-07-19 00:00:00+09:00,794.9950561523438,794.9950561523438,794.9950561523438,794.9950561523438,146182,0.0,0.0
2002-07-22 00:00:00+09:00,744.995361328125,744.995361328125,744.995361328125,744.995361328125,135306,0.0,0.0
2002-07-23 00:00:00+09:00,799.9949951171875,799.9949951171875,799.9949951171875,799.9949951171875,108570,0.0,0.0
2002-07-24 00:00:00+09:00,784.9951171875,784.9951171875,784.9951171875,784.9951171875,77564,0.0,0.0
2002-07-25 00:00:00+09:00,799.9949951171875,799.9949951171875,799.9949951171875,799.9949951171875,115140,0.0,0.0
2002-07-26 00:00:00+09:00,789.9950561523438,789.9950561523438,789.9950561523438,789.9950561523438,56986,0.0,0.0
2002-07-29 00:00:00+09:00,789.9950561523438,789.9950561523438,789.9950561523438,789.9950561523438,48004,0.0,0.0
2002-07-30 00:00:00+09:00,879.9945068359375,879.9945068359375,879.9945068359375,879.9945068359375,381402,0.0,0.0
2002-07-31 00:00:00+09:00,874.9945068359375,874.9945068359375,874.9945068359375,874.9945068359375,661332,0.0,0.0
2002-08-01 00:00:00+09:00,859.99462890625,859.99462890625,859.99462890625,859.99462890625,924412,0.0,0.0
2002-08-02 00:00:00+09:00,874.9945068359375,874.9945068359375,874.9945068359375,874.9945068359375,1397990,0.0,0.0
2002-08-05 00:00:00+09:00,899.994384765625,899.994384765625,899.994384765625,899.994384765625,1789508,0.0,0.0
2002-08-06 00:00:00+09:00,919.9942626953125,919.9942626953125,919.9942626953125,919.9942626953125,778972,0.0,0.0
2002-08-07 00:00:00+09:00,994.9937744140625,994.9937744140625,994.9937744140625,994.9937744140625,1919330,0.0,0.0
2002-08-08 00:00:00+09:00,989.9938354492188,989.9938354492188,989.9938354492188,989.9938354492188,954260,0.0,0.0
2002-08-09 00:00:00+09:00,874.9945068359375,874.9945068359375,874.9945068359375,874.9945068359375,1090370,0.0,0.0
2002-08-12 00:00:00+09:00,929.9942016601562,929.9942016601562,929.9942016601562,929.9942016601562,1210864,0.0,0.0
2002-08-13 00:00:00+09:00,909.9943237304688,909.9943237304688,909.9943237304688,909.9943237304688,1053784,0.0,0.0
2002-08-14 00:00:00+09:00,894.994384765625,894.994384765625,894.994384765625,894.994384765625,471318,0.0,0.0
2002-08-15 00:00:00+09:00,894.994384765625,894.994384765625,894.994384765625,894.994384765625,0,0.0,0.0
2002-08-16 00:00:00+09:00,949.9940795898438,949.9940795898438,949.9940795898438,949.9940795898438,814786,0.0,0.0
2002-08-19 00:00:00+09:00,1059.993408203125,1059.993408203125,1059.993408203125,1059.993408203125,1832422,0.0,0.0
2002-08-20 00:00:00+09:00,1049.993408203125,1049.993408203125,1049.993408203125,1049.993408203125,2154686,0.0,0.0
2002-08-21 00:00:00+09:00,1024.99365234375,1024.99365234375,1024.99365234375,1024.99365234375,1034646,0.0,0.0
2002-08-22 00:00:00+09:00,964.9939575195312,964.9939575195312,964.9939575195312,964.9939575195312,3405142,0.0,0.0
2002-08-23 00:00:00+09:00,919.9942626953125,919.9942626953125,919.9942626953125,919.9942626953125,995114,0.0,0.0
2002-08-26 00:00:00+09:00,889.9944458007812,889.9944458007812,889.9944458007812,889.9944458007812,700328,0.0,0.0
2002-08-27 00:00:00+09:00,874.9945068359375,874.9945068359375,874.9945068359375,874.9945068359375,567042,0.0,0.0
2002-08-28 00:00:00+09:00,879.9945068359375,879.9945068359375,879.9945068359375,879.9945068359375,618028,0.0,0.0
2002-08-29 00:00:00+09:00,859.99462890625,859.99462890625,859.99462890625,859.99462890625,367978,0.0,0.0
2002-08-30 00:00:00+09:00,864.9945678710938,864.9945678710938,864.9945678710938,864.9945678710938,396684,0.0,0.0
2002-09-02 00:00:00+09:00,849.9946899414062,849.9946899414062,849.9946899414062,849.9946899414062,323484,0.0,0.0
2002-09-03 00:00:00+09:00,809.9949340820312,809.9949340820312,809.9949340820312,809.9949340820312,465300,0.0,0.0
2002-09-04 00:00:00+09:00,764.9952392578125,764.9952392578125,764.9952392578125,764.9952392578125,572022,0.0,0.0
2002-09-05 00:00:00+09:00,784.9951171875,784.9951171875,784.9951171875,784.9951171875,282702,0.0,0.0
2002-09-06 00:00:00+09:00,749.9953002929688,749.9953002929688,749.9953002929688,749.9953002929688,195794,0.0,0.0
2002-09-09 00:00:00+09:00,674.9957885742188,674.9957885742188,674.9957885742188,674.9957885742188,247408,0.0,0.0
2002-09-10 00:00:00+09:00,744.995361328125,744.995361328125,744.995361328125,744.995361328125,190880,0.0,0.0
2002-09-11 00:00:00+09:00,794.9950561523438,794.9950561523438,794.9950561523438,794.9950561523438,345904,0.0,0.0
2002-09-12 00:00:00+09:00,774.9951782226562,774.9951782226562,774.9951782226562,774.9951782226562,191756,0.0,0.0
2002-09-13 00:00:00+09:00,749.9953002929688,749.9953002929688,749.9953002929688,749.9953002929688,181786,0.0,0.0
2002-09-16 00:00:00+09:00,724.9954833984375,724.9954833984375,724.9954833984375,724.9954833984375,197344,0.0,0.0
2002-09-17 00:00:00+09:00,754.9953002929688,754.9953002929688,754.9953002929688,754.9953002929688,199524,0.0,0.0
2002-09-18 00:00:00+09:00,724.9954833984375,724.9954833984375,724.9954833984375,724.9954833984375,149300,0.0,0.0
2002-09-19 00:00:00+09:00,709.9955444335938,709.9955444335938,709.9955444335938,709.9955444335938,167012,0.0,0.0
2002-09-20 00:00:00+09:00,709.9955444335938,709.9955444335938,709.9955444335938,709.9955444335938,0,0.0,0.0
2002-09-23 00:00:00+09:00,684.9957275390625,684.9957275390625,684.9957275390625,684.9957275390625,104048,0.0,0.0
2002-09-24 00:00:00+09:00,664.995849609375,664.995849609375,664.995849609375,664.995849609375,98214,0.0,0.0
2002-09-25 00:00:00+09:00,684.9957275390625,684.9957275390625,684.9957275390625,684.9957275390625,107464,0.0,0.0
2002-09-26 00:00:00+09:00,674.9957885742188,674.9957885742188,674.9957885742188,674.9957885742188,101606,0.0,0.0
2002-09-27 00:00:00+09:00,669.9957885742188,669.9957885742188,669.9957885742188,669.9957885742188,88194,0.0,0.0
2002-09-30 00:00:00+09:00,594.9962768554688,594.9962768554688,594.9962768554688,594.9962768554688,277152,0.0,0.0
2002-10-01 00:00:00+09:00,619.99609375,619.99609375,619.99609375,619.99609375,244792,0.0,0.0
2002-10-02 00:00:00+09:00,624.99609375,624.99609375,624.99609375,624.99609375,116588,0.0,0.0
2002-10-03 00:00:00+09:00,624.99609375,624.99609375,624.99609375,624.99609375,0,0.0,0.0
2002-10-04 00:00:00+09:00,629.9960327148438,629.9960327148438,629.9960327148438,629.9960327148438,176940,0.0,0.0
2002-10-07 00:00:00+09:00,614.9961547851562,614.9961547851562,614.9961547851562,614.9961547851562,143360,0.0,0.0
2002-10-08 00:00:00+09:00,634.9960327148438,634.9960327148438,634.9960327148438,634.9960327148438,110118,0.0,0.0
2002-10-09 00:00:00+09:00,694.9956665039062,694.9956665039062,694.9956665039062,694.9956665039062,895890,0.0,0.0
2002-10-10 00:00:00+09:00,639.9959716796875,639.9959716796875,639.9959716796875,639.9959716796875,328604,0.0,0.0
2002-10-11 00:00:00+09:00,634.9960327148438,634.9960327148438,634.9960327148438,634.9960327148438,355238,0.0,0.0
2002-10-14 00:00:00+09:00,669.9957885742188,669.9957885742188,669.9957885742188,669.9957885742188,248926,0.0,0.0
2002-10-15 00:00:00+09:00,739.995361328125,739.995361328125,739.995361328125,739.995361328125,306686,0.0,0.0
2002-10-16 00:00:00+09:00,699.99560546875,699.99560546875,699.99560546875,699.99560546875,282020,0.0,0.0
2002-10-17 00:00:00+09:00,689.9956665039062,689.9956665039062,689.9956665039062,689.9956665039062,133854,0.0,0.0
2002-10-18 00:00:00+09:00,699.99560546875,699.99560546875,699.99560546875,699.99560546875,606666,0.0,0.0
2002-10-21 00:00:00+09:00,684.9957275390625,684.9957275390625,684.9957275390625,684.9957275390625,182390,0.0,0.0
2002-10-22 00:00:00+09:00,684.9957275390625,684.9957275390625,684.9957275390625,684.9957275390625,151364,0.0,0.0
2002-10-23 00:00:00+09:00,689.9956665039062,689.9956665039062,689.9956665039062,689.9956665039062,155112,0.0,0.0
2002-10-24 00:00:00+09:00,689.9956665039062,689.9956665039062,689.9956665039062,689.9956665039062,100368,0.0,0.0
2002-10-25 00:00:00+09:00,694.9956665039062,694.9956665039062,694.9956665039062,694.9956665039062,84566,0.0,0.0
2002-10-28 00:00:00+09:00,719.9954833984375,719.9954833984375,719.9954833984375,719.9954833984375,113184,0.0,0.0
2002-10-29 00:00:00+09:00,694.9956665039062,694.9956665039062,694.9956665039062,694.9956665039062,63974,0.0,0.0
2002-10-30 00:00:00+09:00,679.9957275390625,679.9957275390625,679.9957275390625,679.9957275390625,79696,0.0,0.0
2002-10-31 00:00:00+09:00,674.9957885742188,674.9957885742188,674.9957885742188,674.9957885742188,73088,0.0,0.0
2002-11-01 00:00:00+09:00,669.9957885742188,669.9957885742188,669.9957885742188,669.9957885742188,42926,0.0,0.0
2002-11-04 00:00:00+09:00,679.9957275390625,679.9957275390625,679.9957275390625,679.9957275390625,108402,0.0,0.0
2002-11-05 00:00:00+09:00,684.9957275390625,684.9957275390625,684.9957275390625,684.9957275390625,57856,0.0,0.0
2002-11-06 00:00:00+09:00,669.9957885742188,669.9957885742188,669.9957885742188,669.9957885742188,26546,0.0,0.0
2002-11-07 00:00:00+09:00,684.9957275390625,684.9957275390625,684.9957275390625,684.9957275390625,79838,0.0,0.0
2002-11-08 00:00:00+09:00,674.9957885742188,674.9957885742188,674.9957885742188,674.9957885742188,86776,0.0,0.0
2002-11-11 00:00:00+09:00,674.9957885742188,674.9957885742188,674.9957885742188,674.9957885742188,101484,0.0,0.0
2002-11-12 00:00:00+09:00,654.9959106445312,654.9959106445312,654.9959106445312,654.9959106445312,114916,0.0,0.0
2002-11-13 00:00:00+09:00,669.9957885742188,669.9957885742188,669.9957885742188,669.9957885742188,411446,0.0,0.0
2002-11-14 00:00:00+09:00,659.995849609375,659.995849609375,659.995849609375,659.995849609375,100558,0.0,0.0
2002-11-15 00:00:00+09:00,659.995849609375,659.995849609375,659.995849609375,659.995849609375,55456,0.0,0.0
2002-11-18 00:00:00+09:00,649.9959106445312,649.9959106445312,649.9959106445312,649.9959106445312,105850,0.0,0.0
2002-11-19 00:00:00+09:00,664.995849609375,664.995849609375,664.995849609375,664.995849609375,34028,0.0,0.0
2002-11-20 00:00:00+09:00,674.9957885742188,674.9957885742188,674.9957885742188,674.9957885742188,103684,0.0,0.0
2002-11-21 00:00:00+09:00,754.9953002929688,754.9953002929688,754.9953002929688,754.9953002929688,657950,0.0,0.0
2002-11-22 00:00:00+09:00,759.9952392578125,759.9952392578125,759.9952392578125,759.9952392578125,706590,0.0,0.0
2002-11-25 00:00:00+09:00,769.9951782226562,769.9951782226562,769.9951782226562,769.9951782226562,323394,0.0,0.0
2002-11-26 00:00:00+09:00,744.995361328125,744.995361328125,744.995361328125,744.995361328125,120400,0.0,0.0
2002-11-27 00:00:00+09:00,719.9954833984375,719.9954833984375,719.9954833984375,719.9954833984375,195326,0.0,0.0
2002-11-28 00:00:00+09:00,719.9954833984375,719.9954833984375,719.9954833984375,719.9954833984375,272960,0.0,0.0
2002-11-29 00:00:00+09:00,774.9951782226562,774.9951782226562,774.9951782226562,774.9951782226562,889106,0.0,0.0
2002-12-02 00:00:00+09:00,834.9947509765625,834.9947509765625,834.9947509765625,834.9947509765625,537432,0.0,0.0
2002-12-03 00:00:00+09:00,819.994873046875,819.994873046875,819.994873046875,819.994873046875,318558,0.0,0.0
2002-12-04 00:00:00+09:00,839.9947509765625,839.9947509765625,839.9947509765625,839.9947509765625,672192,0.0,0.0
2002-12-05 00:00:00+09:00,834.9947509765625,834.9947509765625,834.9947509765625,834.9947509765625,266328,0.0,0.0
2002-12-06 00:00:00+09:00,789.9950561523438,789.9950561523438,789.9950561523438,789.9950561523438,330516,0.0,0.0
2002-12-09 00:00:00+09:00,794.9950561523438,794.9950561523438,794.9950561523438,794.9950561523438,280742,0.0,0.0
2002-12-10 00:00:00+09:00,839.9947509765625,839.9947509765625,839.9947509765625,839.9947509765625,499506,0.0,0.0
2002-12-11 00:00:00+09:00,839.9947509765625,839.9947509765625,839.9947509765625,839.9947509765625,943772,0.0,0.0
2002-12-12 00:00:00+09:00,814.994873046875,814.994873046875,814.994873046875,814.994873046875,384024,0.0,0.0
2002-12-13 00:00:00+09:00,819.994873046875,819.994873046875,819.994873046875,819.994873046875,249040,0.0,0.0
2002-12-16 00:00:00+09:00,824.994873046875,824.994873046875,824.994873046875,824.994873046875,306754,0.0,0.0
2002-12-17 00:00:00+09:00,859.99462890625,859.99462890625,859.99462890625,859.99462890625,356664,0.0,0.0
2002-12-18 00:00:00+09:00,839.9947509765625,839.9947509765625,839.9947509765625,839.9947509765625,579414,0.0,0.0
2002-12-19 00:00:00+09:00,839.9947509765625,839.9947509765625,839.9947509765625,839.9947509765625,0,0.0,0.0
2002-12-20 00:00:00+09:00,829.9948120117188,829.9948120117188,829.9948120117188,829.9948120117188,191000,0.0,0.0
2002-12-23 00:00:00+09:00,764.9952392578125,764.9952392578125,764.9952392578125,764.9952392578125,311148,0.0,0.0
2002-12-24 00:00:00+09:00,749.9953002929688,749.9953002929688,749.9953002929688,749.9953002929688,312288,0.0,0.0
2002-12-25 00:00:00+09:00,749.9953002929688,749.9953002929688,749.9953002929688,749.9953002929688,0,0.0,0.0
2002-12-26 00:00:00+09:00,749.9953002929688,749.9953002929688,749.9953002929688,749.9953002929688,191160,0.0,0.0
2002-12-27 00:00:00+09:00,699.99560546875,699.99560546875,699.99560546875,699.99560546875,162308,0.0,0.0
2002-12-30 00:00:00+09:00,649.9959106445312,649.9959106445312,649.9959106445312,649.9959106445312,261100,0.0,0.0
2002-12-31 00:00:00+09:00,649.9959106445312,649.9959106445312,649.9959106445312,649.9959106445312,0,0.0,0.0
2003-01-01 00:00:00+09:00,649.9959106445312,649.9959106445312,649.9959106445312,649.9959106445312,0,0.0,0.0
2003-01-02 00:00:00+09:00,699.99560546875,699.99560546875,699.99560546875,699.99560546875,233596,0.0,0.0
2003-01-03 00:00:00+09:00,704.99560546875,704.99560546875,704.99560546875,704.99560546875,242810,0.0,0.0
2003-01-06 00:00:00+09:00,739.995361328125,739.995361328125,739.995361328125,739.995361328125,238802,0.0,0.0
2003-01-07 00:00:00+09:00,714.9955444335938,714.9955444335938,714.9955444335938,714.9955444335938,125998,0.0,0.0
2003-01-08 00:00:00+09:00,714.9955444335938,714.9955444335938,714.9955444335938,714.9955444335938,212902,0.0,0.0
2003-01-09 00:00:00+09:00,709.9955444335938,709.9955444335938,709.9955444335938,709.9955444335938,112600,0.0,0.0
2003-01-10 00:00:00+09:00,699.99560546875,699.99560546875,699.99560546875,699.99560546875,294434,0.0,0.0
2003-01-13 00:00:00+09:00,764.9952392578125,764.9952392578125,764.9952392578125,764.9952392578125,226220,0.0,0.0
2003-01-14 00:00:00+09:00,774.9951782226562,774.9951782226562,774.9951782226562,774.9951782226562,91132,0.0,0.0
2003-01-15 00:00:00+09:00,779.9951171875,779.9951171875,779.9951171875,779.9951171875,227886,0.0,0.0
2003-01-16 00:00:00+09:00,809.9949340820312,809.9949340820312,809.9949340820312,809.9949340820312,314914,0.0,0.0
2003-01-17 00:00:00+09:00,774.9951782226562,774.9951782226562,774.9951782226562,774.9951782226562,465840,0.0,0.0
2003-01-20 00:00:00+09:00,749.9953002929688,749.9953002929688,749.9953002929688,749.9953002929688,145628,0.0,0.0
2003-01-21 00:00:00+09:00,719.9954833984375,719.9954833984375,719.9954833984375,719.9954833984375,52548,0.0,0.0
2003-01-22 00:00:00+09:00,704.99560546875,704.99560546875,704.99560546875,704.99560546875,127246,0.0,0.0
2003-01-23 00:00:00+09:00,674.9957885742188,674.9957885742188,674.9957885742188,674.9957885742188,235830,0.0,0.0
2003-01-24 00:00:00+09:00,714.9955444335938,714.9955444335938,714.9955444335938,714.9955444335938,134778,0.0,0.0
2003-01-27 00:00:00+09:00,679.9957275390625,679.9957275390625,679.9957275390625,679.9957275390625,75604,0.0,0.0
2003-01-28 00:00:00+09:00,689.9956665039062,689.9956665039062,689.9956665039062,689.9956665039062,62072,0.0,0.0
2003-01-29 00:00:00+09:00,684.9957275390625,684.9957275390625,684.9957275390625,684.9957275390625,77052,0.0,0.0
2003-01-30 00:00:00+09:00,684.9957275390625,684.9957275390625,684.9957275390625,684.9957275390625,142448,0.0,0.0
2003-01-31 00:00:00+09:00,684.9957275390625,684.9957275390625,684.9957275390625,684.9957275390625,0,0.0,0.0
2003-02-03 00:00:00+09:00,689.9956665039062,689.9956665039062,689.9956665039062,689.9956665039062,53070,0.0,0.0
2003-02-04 00:00:00+09:00,699.99560546875,699.99560546875,699.99560546875,699.99560546875,50808,0.0,0.0
2003-02-05 00:00:00+09:00,709.9955444335938,709.9955444335938,709.9955444335938,709.9955444335938,67290,0.0,0.0
2003-02-06 00:00:00+09:00,709.9955444335938,709.9955444335938,709.9955444335938,709.9955444335938,19086,0.0,0.0
2003-02-07 00:00:00+09:00,714.9955444335938,714.9955444335938,714.9955444335938,714.9955444335938,712436,0.0,0.0
2003-02-10 00:00:00+09:00,689.9956665039062,689.9956665039062,689.9956665039062,689.9956665039062,44650,0.0,0.0
2003-02-11 00:00:00+09:00,684.9957275390625,684.9957275390625,684.9957275390625,684.9957275390625,110544,0.0,0.0
2003-02-12 00:00:00+09:00,699.99560546875,699.99560546875,699.99560546875,699.99560546875,352422,0.0,0.0
2003-02-13 00:00:00+09:00,674.9957885742188,674.9957885742188,674.9957885742188,674.9957885742188,107966,0.0,0.0
2003-02-14 00:00:00+09:00,654.9959106445312,654.9959106445312,654.9959106445312,654.9959106445312,103098,0.0,0.0
2003-02-17 00:00:00+09:00,679.9957275390625,679.9957275390625,679.9957275390625,679.9957275390625,107724,0.0,0.0
2003-02-18 00:00:00+09:00,669.9957885742188,669.9957885742188,669.9957885742188,669.9957885742188,98624,0.0,0.0
2003-02-19 00:00:00+09:00,679.9957275390625,679.9957275390625,679.9957275390625,679.9957275390625,281034,0.0,0.0
2003-02-20 00:00:00+09:00,664.995849609375,664.995849609375,664.995849609375,664.995849609375,84478,0.0,0.0
2003-02-21 00:00:00+09:00,669.9957885742188,669.9957885742188,669.9957885742188,669.9957885742188,43744,0.0,0.0
2003-02-24 00:00:00+09:00,669.9957885742188,669.9957885742188,669.9957885742188,669.9957885742188,43006,0.0,0.0
2003-02-25 00:00:00+09:00,639.9959716796875,639.9959716796875,639.9959716796875,639.9959716796875,114548,0.0,0.0
2003-02-26 00:00:00+09:00,639.9959716796875,639.9959716796875,639.9959716796875,639.9959716796875,149448,0.0,0.0
2003-02-27 00:00:00+09:00,649.9959106445312,649.9959106445312,649.9959106445312,649.9959106445312,136250,0.0,0.0
2003-02-28 00:00:00+09:00,649.9959106445312,649.9959106445312,649.9959106445312,649.9959106445312,34158,0.0,0.0
2003-03-03 00:00:00+09:00,654.9959106445312,654.9959106445312,654.9959106445312,654.9959106445312,19166,0.0,0.0
2003-03-04 00:00:00+09:00,619.99609375,619.99609375,619.99609375,619.99609375,36198,0.0,0.0
2003-03-05 00:00:00+09:00,589.996337890625,589.996337890625,589.996337890625,589.996337890625,51656,0.0,0.0
2003-03-06 00:00:00+09:00,599.9962158203125,599.9962158203125,599.9962158203125,599.9962158203125,105988,0.0,0.0
2003-03-07 00:00:00+09:00,609.9962158203125,609.9962158203125,609.9962158203125,609.9962158203125,94960,0.0,0.0
2003-03-10 00:00:00+09:00,604.9962158203125,604.9962158203125,604.9962158203125,604.9962158203125,57828,0.0,0.0
2003-03-11 00:00:00+09:00,599.9962158203125,599.9962158203125,599.9962158203125,599.9962158203125,223524,0.0,0.0
2003-03-12 00:00:00+09:00,614.9961547851562,614.9961547851562,614.9961547851562,614.9961547851562,42400,0.0,0.0
2003-03-13 00:00:00+09:00,599.9962158203125,599.9962158203125,599.9962158203125,599.9962158203125,36428,0.0,0.0
2003-03-14 00:00:00+09:00,614.9961547851562,614.9961547851562,614.9961547851562,614.9961547851562,20930,0.0,0.0
2003-03-17 00:00:00+09:00,569.9964599609375,569.9964599609375,569.9964599609375,569.9964599609375,42066,0.0,0.0
2003-03-18 00:00:00+09:00,594.9962768554688,594.9962768554688,594.9962768554688,594.9962768554688,27094,0.0,0.0
2003-03-19 00:00:00+09:00,574.9963989257812,574.9963989257812,574.9963989257812,574.9963989257812,8258,0.0,0.0
2003-03-20 00:00:00+09:00,599.9962158203125,599.9962158203125,599.9962158203125,599.9962158203125,42084,0.0,0.0
2003-03-21 00:00:00+09:00,604.9962158203125,604.9962158203125,604.9962158203125,604.9962158203125,43736,0.0,0.0
2003-03-24 00:00:00+09:00,609.9962158203125,609.9962158203125,609.9962158203125,609.9962158203125,44926,0.0,0.0
2003-03-25 00:00:00+09:00,604.9962158203125,604.9962158203125,604.9962158203125,604.9962158203125,34568,0.0,0.0
2003-03-26 00:00:00+09:00,609.9962158203125,609.9962158203125,609.9962158203125,609.9962158203125,51972,0.0,0.0
2003-03-27 00:00:00+09:00,609.9962158203125,609.9962158203125,609.9962158203125,609.9962158203125,10962,0.0,0.0
2003-03-28 00:00:00+09:00,604.9962158203125,604.9962158203125,604.9962158203125,604.9962158203125,28776,0.0,0.0
2003-03-31 00:00:00+09:00,599.9962158203125,599.9962158203125,599.9962158203125,599.9962158203125,11804,0.0,0.0
2003-04-01 00:00:00+09:00,599.9962158203125,599.9962158203125,599.9962158203125,599.9962158203125,14022,0.0,0.0
2003-04-02 00:00:00+09:00,614.9961547851562,614.9961547851562,614.9961547851562,614.9961547851562,48746,0.0,0.0
2003-04-03 00:00:00+09:00,604.9962158203125,604.9962158203125,604.9962158203125,604.9962158203125,92168,0.0,0.0
2003-04-04 00:00:00+09:00,609.9962158203125,609.9962158203125,609.9962158203125,609.9962158203125,46694,0.0,0.0
2003-04-07 00:00:00+09:00,629.9960327148438,629.9960327148438,629.9960327148438,629.9960327148438,74814,0.0,0.0
2003-04-08 00:00:00+09:00,629.9960327148438,629.9960327148438,629.9960327148438,629.9960327148438,51728,0.0,0.0
2003-04-09 00:00:00+09:00,619.99609375,619.99609375,619.99609375,619.99609375,56562,0.0,0.0
2003-04-10 00:00:00+09:00,624.99609375,624.99609375,624.99609375,624.99609375,50578,0.0,0.0
2003-04-11 00:00:00+09:00,649.9959106445312,649.9959106445312,649.9959106445312,649.9959106445312,212380,0.0,0.0
2003-04-14 00:00:00+09:00,669.9957885742188,669.9957885742188,669.9957885742188,669.9957885742188,66432,0.0,0.0
2003-04-15 00:00:00+09:00,649.9959106445312,649.9959106445312,649.9959106445312,649.9959106445312,86610,0.0,0.0
2003-04-16 00:00:00+09:00,674.9957885742188,674.9957885742188,674.9957885742188,674.9957885742188,125440,0.0,0.0
2003-04-17 00:00:00+09:00,674.9957885742188,674.9957885742188,674.9957885742188,674.9957885742188,92512,0.0,0.0
2003-04-18 00:00:00+09:00,724.9954833984375,724.9954833984375,724.9954833984375,724.9954833984375,177362,0.0,0.0
2003-04-21 00:00:00+09:00,744.995361328125,744.995361328125,744.995361328125,744.995361328125,133692,0.0,0.0
2003-04-22 00:00:00+09:00,819.994873046875,819.994873046875,819.994873046875,819.994873046875,210252,0.0,0.0
2003-04-23 00:00:00+09:00,819.994873046875,819.994873046875,819.994873046875,819.994873046875,227692,0.0,0.0
2003-04-24 00:00:00+09:00,799.9949951171875,799.9949951171875,799.9949951171875,799.9949951171875,537304,0.0,0.0
2003-04-25 00:00:00+09:00,804.9949951171875,804.9949951171875,804.9949951171875,804.9949951171875,409346,0.0,0.0
2003-04-28 00:00:00+09:00,744.995361328125,744.995361328125,744.995361328125,744.995361328125,196830,0.0,0.0
2003-04-29 00:00:00+09:00,794.9950561523438,794.9950561523438,794.9950561523438,794.9950561523438,332526,0.0,0.0
2003-04-30 00:00:00+09:00,799.9949951171875,799.9949951171875,799.9949951171875,799.9949951171875,37852,0.0,0.0
2003-05-01 00:00:00+09:00,799.9949951171875,799.9949951171875,799.9949951171875,799.9949951171875,0,0.0,0.0
2003-05-02 00:00:00+09:00,774.9951782226562,774.9951782226562,774.9951782226562,774.9951782226562,110190,0.0,0.0
2003-05-05 00:00:00+09:00,774.9951782226562,774.9951782226562,774.9951782226562,774.9951782226562,0,0.0,0.0
2003-05-06 00:00:00+09:00,754.9953002929688,754.9953002929688,754.9953002929688,754.9953002929688,247310,0.0,0.0
2003-05-07 00:00:00+09:00,699.99560546875,699.99560546875,699.99560546875,699.99560546875,438030,0.0,0.0
2003-05-08 00:00:00+09:00,699.99560546875,699.99560546875,699.99560546875,699.99560546875,0,0.0,0.0
2003-05-09 00:00:00+09:00,724.9954833984375,724.9954833984375,724.9954833984375,724.9954833984375,415900,0.0,0.0
2003-05-12 00:00:00+09:00,759.9952392578125,759.9952392578125,759.9952392578125,759.9952392578125,370744,0.0,0.0
2003-05-13 00:00:00+09:00,714.9955444335938,714.9955444335938,714.9955444335938,714.9955444335938,516462,0.0,0.0
2003-05-14 00:00:00+09:00,714.9955444335938,714.9955444335938,714.9955444335938,714.9955444335938,369276,0.0,0.0
2003-05-15 00:00:00+09:00,749.9953002929688,749.9953002929688,749.9953002929688,749.9953002929688,184704,0.0,0.0
2003-05-16 00:00:00+09:00,759.9952392578125,759.9952392578125,759.9952392578125,759.9952392578125,625112,0.0,0.0
2003-05-19 00:00:00+09:00,739.995361328125,739.995361328125,739.995361328125,739.995361328125,134320,0.0,0.0
2003-05-20 00:00:00+09:00,729.9954223632812,729.9954223632812,729.9954223632812,729.9954223632812,93070,0.0,0.0
2003-05-21 00:00:00+09:00,739.995361328125,739.995361328125,739.995361328125,739.995361328125,99390,0.0,0.0
2003-05-22 00:00:00+09:00,724.9954833984375,724.9954833984375,724.9954833984375,724.9954833984375,166666,0.0,0.0
2003-05-23 00:00:00+09:00,724.9954833984375,724.9954833984375,724.9954833984375,724.9954833984375,349476,0.0,0.0
2003-05-26 00:00:00+09:00,739.995361328125,739.995361328125,739.995361328125,739.995361328125,266698,0.0,0.0
2003-05-27 00:00:00+09:00,739.995361328125,739.995361328125,739.995361328125,739.995361328125,184094,0.0,0.0
2003-05-28 00:00:00+09:00,734.9954223632812,734.9954223632812,734.9954223632812,734.9954223632812,115812,0.0,0.0
2003-05-29 00:00:00+09:00,724.9954833984375,724.9954833984375,724.9954833984375,724.9954833984375,85596,0.0,0.0
2003-05-30 00:00:00+09:00,724.9954833984375,724.9954833984375,724.9954833984375,724.9954833984375,110880,0.0,0.0
2003-06-02 00:00:00+09:00,729.9954223632812,729.9954223632812,729.9954223632812,729.9954223632812,131018,0.0,0.0
2003-06-03 00:00:00+09:00,714.9955444335938,714.9955444335938,714.9955444335938,714.9955444335938,151538,0.0,0.0
2003-06-04 00:00:00+09:00,714.9955444335938,714.9955444335938,714.9955444335938,714.9955444335938,125176,0.0,0.0
2003-06-05 00:00:00+09:00,699.99560546875,699.99560546875,699.99560546875,699.99560546875,362350,0.0,0.0
2003-06-06 00:00:00+09:00,699.99560546875,699.99560546875,699.99560546875,699.99560546875,0,0.0,0.0
2003-06-09 00:00:00+09:00,689.9956665039062,689.9956665039062,689.9956665039062,689.9956665039062,156430,0.0,0.0
2003-06-10 00:00:00+09:00,694.9956665039062,694.9956665039062,694.9956665039062,694.9956665039062,99870,0.0,0.0
2003-06-11 00:00:00+09:00,694.9956665039062,694.9956665039062,694.9956665039062,694.9956665039062,159124,0.0,0.0
2003-06-12 00:00:00+09:00,749.9953002929688,749.9953002929688,749.9953002929688,749.9953002929688,945210,0.0,0.0
2003-06-13 00:00:00+09:00,729.9954223632812,729.9954223632812,729.9954223632812,729.9954223632812,264566,0.0,0.0
2003-06-16 00:00:00+09:00,714.9955444335938,714.9955444335938,714.9955444335938,714.9955444335938,271984,0.0,0.0
2003-06-17 00:00:00+09:00,714.9955444335938,714.9955444335938,714.9955444335938,714.9955444335938,255288,0.0,0.0
2003-06-18 00:00:00+09:00,704.99560546875,704.99560546875,704.99560546875,704.99560546875,207256,0.0,0.0
2003-06-19 00:00:00+09:00,759.9952392578125,759.9952392578125,759.9952392578125,759.9952392578125,1015772,0.0,0.0
2003-06-20 00:00:00+09:00,769.9951782226562,769.9951782226562,769.9951782226562,769.9951782226562,1967770,0.0,0.0
2003-06-23 00:00:00+09:00,754.9953002929688,754.9953002929688,754.9953002929688,754.9953002929688,273668,0.0,0.0
2003-06-24 00:00:00+09:00,769.9951782226562,769.9951782226562,769.9951782226562,769.9951782226562,744426,0.0,0.0
2003-06-25 00:00:00+09:00,754.9953002929688,754.9953002929688,754.9953002929688,754.9953002929688,355388,0.0,0.0
2003-06-26 00:00:00+09:00,744.995361328125,744.995361328125,744.995361328125,744.995361328125,241764,0.0,0.0
2003-06-27 00:00:00+09:00,739.995361328125,739.995361328125,739.995361328125,739.995361328125,413370,0.0,0.0
2003-06-30 00:00:00+09:00,729.9954223632812,729.9954223632812,729.9954223632812,729.9954223632812,142146,0.0,0.0
2003-07-01 00:00:00+09:00,739.995361328125,739.995361328125,739.995361328125,739.995361328125,190046,0.0,0.0
2003-07-02 00:00:00+09:00,724.9954833984375,724.9954833984375,724.9954833984375,724.9954833984375,249678,0.0,0.0
2003-07-03 00:00:00+09:00,754.9953002929688,754.9953002929688,754.9953002929688,754.9953002929688,518216,0.0,0.0
2003-07-04 00:00:00+09:00,764.9952392578125,764.9952392578125,764.9952392578125,764.9952392578125,1114770,0.0,0.0
2003-07-07 00:00:00+09:00,779.9951171875,779.9951171875,779.9951171875,779.9951171875,474432,0.0,0.0
2003-07-08 00:00:00+09:00,779.9951171875,779.9951171875,779.9951171875,779.9951171875,793934,0.0,0.0
2003-07-09 00:00:00+09:00,794.9950561523438,794.9950561523438,794.9950561523438,794.9950561523438,576154,0.0,0.0
2003-07-10 00:00:00+09:00,759.9952392578125,759.9952392578125,759.9952392578125,759.9952392578125,782004,0.0,0.0
2003-07-11 00:00:00+09:00,764.9952392578125,764.9952392578125,764.9952392578125,764.9952392578125,420204,0.0,0.0
2003-07-14 00:00:00+09:00,764.9952392578125,764.9952392578125,764.9952392578125,764.9952392578125,367468,0.0,0.0
2003-07-15 00:00:00+09:00,744.995361328125,744.995361328125,744.995361328125,744.995361328125,324614,0.0,0.0
2003-07-16 00:00:00+09:00,704.99560546875,704.99560546875,704.99560546875,704.99560546875,594576,0.0,0.0
2003-07-17 00:00:00+09:00,704.99560546875,704.99560546875,704.99560546875,704.99560546875,0,0.0,0.0
2003-07-18 00:00:00+09:00,694.9956665039062,694.9956665039062,694.9956665039062,694.9956665039062,210528,0.0,0.0
2003-07-21 00:00:00+09:00,679.9957275390625,679.9957275390625,679.9957275390625,679.9957275390625,194596,0.0,0.0
2003-07-22 00:00:00+09:00,699.99560546875,699.99560546875,699.99560546875,699.99560546875,169666,0.0,0.0
2003-07-23 00:00:00+09:00,689.9956665039062,689.9956665039062,689.9956665039062,689.9956665039062,169294,0.0,0.0
2003-07-24 00:00:00+09:00,692.4956665039062,692.4956665039062,692.4956665039062,692.4956665039062,74796,0.0,0.0
2003-07-25 00:00:00+09:00,684.9957275390625,684.9957275390625,684.9957275390625,684.9957275390625,52614,0.0,0.0
2003-07-28 00:00:00+09:00,689.9956665039062,689.9956665039062,689.9956665039062,689.9956665039062,65778,0.0,0.0
2003-07-29 00:00:00+09:00,704.99560546875,704.99560546875,704.99560546875,704.99560546875,190800,0.0,0.0
2003-07-30 00:00:00+09:00,699.99560546875,699.99560546875,699.99560546875,699.99560546875,91040,0.0,0.0
2003-07-31 00:00:00+09:00,697.4956665039062,697.4956665039062,697.4956665039062,697.4956665039062,57192,0.0,0.0
2003-08-01 00:00:00+09:00,697.4956665039062,697.4956665039062,697.4956665039062,697.4956665039062,53548,0.0,0.0
2003-08-04 00:00:00+09:00,697.4956665039062,697.4956665039062,697.4956665039062,697.4956665039062,95566,0.0,0.0
2003-08-05 00:00:00+09:00,689.9956665039062,689.9956665039062,689.9956665039062,689.9956665039062,27702,0.0,0.0
2003-08-06 00:00:00+09:00,707.49560546875,707.49560546875,707.49560546875,707.49560546875,520054,0.0,0.0
2003-08-07 00:00:00+09:00,699.99560546875,699.99560546875,699.99560546875,699.99560546875,147212,0.0,0.0
2003-08-08 00:00:00+09:00,709.9955444335938,709.9955444335938,709.9955444335938,709.9955444335938,103760,0.0,0.0
2003-08-11 00:00:00+09:00,699.99560546875,699.99560546875,699.99560546875,699.99560546875,97516,0.0,0.0
2003-08-12 00:00:00+09:00,699.99560546875,699.99560546875,699.99560546875,699.99560546875,55292,0.0,0.0
2003-08-13 00:00:00+09:00,699.99560546875,699.99560546875,699.99560546875,699.99560546875,86488,0.0,0.0
2003-08-14 00:00:00+09:00,719.9954833984375,719.9954833984375,719.9954833984375,719.9954833984375,251916,0.0,0.0
2003-08-15 00:00:00+09:00,719.9954833984375,719.9954833984375,719.9954833984375,719.9954833984375,0,0.0,0.0
2003-08-18 00:00:00+09:00,719.9954833984375,719.9954833984375,719.9954833984375,719.9954833984375,160598,0.0,0.0
2003-08-19 00:00:00+09:00,737.495361328125,737.495361328125,737.495361328125,737.495361328125,118588,0.0,0.0
2003-08-20 00:00:00+09:00,712.4955444335938,712.4955444335938,712.4955444335938,712.4955444335938,143060,0.0,0.0
2003-08-21 00:00:00+09:00,707.49560546875,707.49560546875,707.49560546875,707.49560546875,210664,0.0,0.0
2003-08-22 00:00:00+09:00,699.99560546875,699.99560546875,699.99560546875,699.99560546875,188558,0.0,0.0
2003-08-25 00:00:00+09:00,684.9957275390625,684.9957275390625,684.9957275390625,684.9957275390625,300040,0.0,0.0
2003-08-26 00:00:00+09:00,689.9956665039062,689.9956665039062,689.9956665039062,689.9956665039062,113270,0.0,0.0
2003-08-27 00:00:00+09:00,684.9957275390625,684.9957275390625,684.9957275390625,684.9957275390625,133954,0.0,0.0
2003-08-28 00:00:00+09:00,689.9956665039062,689.9956665039062,689.9956665039062,689.9956665039062,145212,0.0,0.0
2003-08-29 00:00:00+09:00,702.49560546875,702.49560546875,702.49560546875,702.49560546875,194406,0.0,0.0
2003-09-01 00:00:00+09:00,699.99560546875,699.99560546875,699.99560546875,699.99560546875,120038,0.0,0.0
2003-09-02 00:00:00+09:00,699.99560546875,699.99560546875,699.99560546875,699.99560546875,57090,0.0,0.0
2003-09-03 00:00:00+09:00,699.99560546875,699.99560546875,699.99560546875,699.99560546875,122986,0.0,0.0
2003-09-04 00:00:00+09:00,692.4956665039062,692.4956665039062,692.4956665039062,692.4956665039062,25342,0.0,0.0
2003-09-05 00:00:00+09:00,692.4956665039062,692.4956665039062,692.4956665039062,692.4956665039062,32592,0.0,0.0
2003-09-08 00:00:00+09:00,682.4957275390625,682.4957275390625,682.4957275390625,682.4957275390625,97872,0.0,0.0
2003-09-09 00:00:00+09:00,684.9957275390625,684.9957275390625,684.9957275390625,684.9957275390625,109814,0.0,0.0
2003-09-10 00:00:00+09:00,684.9957275390625,684.9957275390625,684.9957275390625,684.9957275390625,0,0.0,0.0
2003-09-11 00:00:00+09:00,684.9957275390625,684.9957275390625,684.9957275390625,684.9957275390625,0,0.0,0.0
2003-09-12 00:00:00+09:00,684.9957275390625,684.9957275390625,684.9957275390625,684.9957275390625,0,0.0,0.0
2003-09-15 00:00:00+09:00,689.9956665039062,689.9956665039062,689.9956665039062,689.9956665039062,113292,0.0,0.0
2003-09-16 00:00:00+09:00,689.9956665039062,689.9956665039062,689.9956665039062,689.9956665039062,36688,0.0,0.0
2003-09-17 00:00:00+09:00,694.9956665039062,694.9956665039062,694.9956665039062,694.9956665039062,59772,0.0,0.0
2003-09-18 00:00:00+09:00,697.4956665039062,697.4956665039062,697.4956665039062,697.4956665039062,76258,0.0,0.0
2003-09-19 00:00:00+09:00,689.9956665039062,689.9956665039062,689.9956665039062,689.9956665039062,148832,0.0,0.0
2003-09-22 00:00:00+09:00,672.4957885742188,672.4957885742188,672.4957885742188,672.4957885742188,217894,0.0,0.0
2003-09-23 00:00:00+09:00,699.99560546875,699.99560546875,699.99560546875,699.99560546875,97004,0.0,0.0
2003-09-24 00:00:00+09:00,699.99560546875,699.99560546875,699.99560546875,699.99560546875,350864,0.0,0.0
2003-09-25 00:00:00+09:00,697.4956665039062,697.4956665039062,697.4956665039062,697.4956665039062,113114,0.0,0.0
2003-09-26 00:00:00+09:00,682.4957275390625,682.4957275390625,682.4957275390625,682.4957275390625,96500,0.0,0.0
2003-09-29 00:00:00+09:00,697.4956665039062,697.4956665039062,697.4956665039062,697.4956665039062,145660,0.0,0.0
2003-09-30 00:00:00+09:00,692.4956665039062,692.4956665039062,692.4956665039062,692.4956665039062,43028,0.0,0.0
2003-10-01 00:00:00+09:00,699.99560546875,699.99560546875,699.99560546875,699.99560546875,54594,0.0,0.0
2003-10-02 00:00:00+09:00,677.4957885742188,677.4957885742188,677.4957885742188,677.4957885742188,98098,0.0,0.0
2003-10-03 00:00:00+09:00,677.4957885742188,677.4957885742188,677.4957885742188,677.4957885742188,0,0.0,0.0
2003-10-06 00:00:00+09:00,689.9956665039062,689.9956665039062,689.9956665039062,689.9956665039062,4878,0.0,0.0
2003-10-07 00:00:00+09:00,674.9957885742188,674.9957885742188,674.9957885742188,674.9957885742188,36398,0.0,0.0
2003-10-08 00:00:00+09:00,672.4957885742188,672.4957885742188,672.4957885742188,672.4957885742188,46170,0.0,0.0
2003-10-09 00:00:00+09:00,684.9957275390625,684.9957275390625,684.9957275390625,684.9957275390625,55806,0.0,0.0
2003-10-10 00:00:00+09:00,684.9957275390625,684.9957275390625,684.9957275390625,684.9957275390625,45000,0.0,0.0
2003-10-13 00:00:00+09:00,687.4957275390625,687.4957275390625,687.4957275390625,687.4957275390625,75294,0.0,0.0
2003-10-14 00:00:00+09:00,684.9957275390625,684.9957275390625,684.9957275390625,684.9957275390625,5672,0.0,0.0
2003-10-15 00:00:00+09:00,679.9957275390625,679.9957275390625,679.9957275390625,679.9957275390625,908162,0.0,0.0
2003-10-16 00:00:00+09:00,684.9957275390625,684.9957275390625,684.9957275390625,684.9957275390625,22976,0.0,0.0
2003-10-17 00:00:00+09:00,687.4957275390625,687.4957275390625,687.4957275390625,687.4957275390625,64020,0.0,0.0
2003-10-20 00:00:00+09:00,679.9957275390625,679.9957275390625,679.9957275390625,679.9957275390625,15354,0.0,0.0
2003-10-21 00:00:00+09:00,677.4957885742188,677.4957885742188,677.4957885742188,677.4957885742188,28290,0.0,0.0
2003-10-22 00:00:00+09:00,679.9957275390625,679.9957275390625,679.9957275390625,679.9957275390625,24884,0.0,0.0
2003-10-23 00:00:00+09:00,662.495849609375,662.495849609375,662.495849609375,662.495849609375,54636,0.0,0.0
2003-10-24 00:00:00+09:00,699.99560546875,699.99560546875,699.99560546875,699.99560546875,20786,0.0,0.0
2003-10-27 00:00:00+09:00,677.4957885742188,677.4957885742188,677.4957885742188,677.4957885742188,14150,0.0,0.0
2003-10-28 00:00:00+09:00,697.4956665039062,697.4956665039062,697.4956665039062,697.4956665039062,38996,0.0,0.0
2003-10-29 00:00:00+09:00,684.9957275390625,684.9957275390625,684.9957275390625,684.9957275390625,11940,0.0,0.0
2003-10-30 00:00:00+09:00,687.4957275390625,687.4957275390625,687.4957275390625,687.4957275390625,11242,0.0,0.0
2003-10-31 00:00:00+09:00,687.4957275390625,687.4957275390625,687.4957275390625,687.4957275390625,23470,0.0,0.0
2003-11-03 00:00:00+09:00,692.4956665039062,692.4956665039062,692.4956665039062,692.4956665039062,3790,0.0,0.0
2003-11-04 00:00:00+09:00,707.49560546875,707.49560546875,707.49560546875,707.49560546875,102436,0.0,0.0
2003-11-05 00:00:00+09:00,697.4956665039062,697.4956665039062,697.4956665039062,697.4956665039062,36206,0.0,0.0
2003-11-06 00:00:00+09:00,679.9957275390625,679.9957275390625,679.9957275390625,679.9957275390625,35538,0.0,0.0
2003-11-07 00:00:00+09:00,677.4957885742188,677.4957885742188,677.4957885742188,677.4957885742188,32008,0.0,0.0
2003-11-10 00:00:00+09:00,684.9957275390625,684.9957275390625,684.9957275390625,684.9957275390625,79138,0.0,0.0
2003-11-11 00:00:00+09:00,674.9957885742188,674.9957885742188,674.9957885742188,674.9957885742188,41454,0.0,0.0
2003-11-12 00:00:00+09:00,679.9957275390625,679.9957275390625,679.9957275390625,679.9957275390625,25736,0.0,0.0
2003-11-13 00:00:00+09:00,682.4957275390625,682.4957275390625,682.4957275390625,682.4957275390625,51508,0.0,0.0
2003-11-14 00:00:00+09:00,684.9957275390625,684.9957275390625,684.9957275390625,684.9957275390625,162854,0.0,0.0
2003-11-17 00:00:00+09:00,677.4957885742188,677.4957885742188,677.4957885742188,677.4957885742188,43840,0.0,0.0
2003-11-18 00:00:00+09:00,672.4957885742188,672.4957885742188,672.4957885742188,672.4957885742188,65282,0.0,0.0
2003-11-19 00:00:00+09:00,664.995849609375,664.995849609375,664.995849609375,664.995849609375,79600,0.0,0.0
2003-11-20 00:00:00+09:00,664.995849609375,664.995849609375,664.995849609375,664.995849609375,78692,0.0,0.0
2003-11-21 00:00:00+09:00,654.9959106445312,654.9959106445312,654.9959106445312,654.9959106445312,40500,0.0,0.0
2003-11-24 00:00:00+09:00,647.4959716796875,647.4959716796875,647.4959716796875,647.4959716796875,49450,0.0,0.0
2003-11-25 00:00:00+09:00,649.9959106445312,649.9959106445312,649.9959106445312,649.9959106445312,17852,0.0,0.0
2003-11-26 00:00:00+09:00,647.4959716796875,647.4959716796875,647.4959716796875,647.4959716796875,288324,0.0,0.0
2003-11-27 00:00:00+09:00,647.4959716796875,647.4959716796875,647.4959716796875,647.4959716796875,36722,0.0,0.0
2003-11-28 00:00:00+09:00,647.4959716796875,647.4959716796875,647.4959716796875,647.4959716796875,63866,0.0,0.0
2003-12-01 00:00:00+09:00,652.4959106445312,652.4959106445312,652.4959106445312,652.4959106445312,41534,0.0,0.0
2003-12-02 00:00:00+09:00,649.9959106445312,649.9959106445312,649.9959106445312,649.9959106445312,44522,0.0,0.0
2003-12-03 00:00:00+09:00,662.495849609375,662.495849609375,662.495849609375,662.495849609375,43826,0.0,0.0
2003-12-04 00:00:00+09:00,662.495849609375,662.495849609375,662.495849609375,662.495849609375,20620,0.0,0.0
2003-12-05 00:00:00+09:00,659.995849609375,659.995849609375,659.995849609375,659.995849609375,37888,0.0,0.0
2003-12-08 00:00:00+09:00,664.995849609375,664.995849609375,664.995849609375,664.995849609375,30200,0.0,0.0
2003-12-09 00:00:00+09:00,674.9957885742188,674.9957885742188,674.9957885742188,674.9957885742188,66922,0.0,0.0
2003-12-10 00:00:00+09:00,687.4957275390625,687.4957275390625,687.4957275390625,687.4957275390625,64212,0.0,0.0
2003-12-11 00:00:00+09:00,677.4957885742188,677.4957885742188,677.4957885742188,677.4957885742188,90608,0.0,0.0
2003-12-12 00:00:00+09:00,682.4957275390625,682.4957275390625,682.4957275390625,682.4957275390625,33190,0.0,0.0
2003-12-15 00:00:00+09:00,682.4957275390625,682.4957275390625,682.4957275390625,682.4957275390625,45646,0.0,0.0
2003-12-16 00:00:00+09:00,679.9957275390625,679.9957275390625,679.9957275390625,679.9957275390625,609598,0.0,0.0
2003-12-17 00:00:00+09:00,669.9957885742188,669.9957885742188,669.9957885742188,669.9957885742188,97130,0.0,0.0
2003-12-18 00:00:00+09:00,669.9957885742188,669.9957885742188,669.9957885742188,669.9957885742188,88274,0.0,0.0
2003-12-19 00:00:00+09:00,674.9957885742188,674.9957885742188,674.9957885742188,674.9957885742188,66370,0.0,0.0
2003-12-22 00:00:00+09:00,674.9957885742188,674.9957885742188,674.9957885742188,674.9957885742188,117892,0.0,0.0
2003-12-23 00:00:00+09:00,677.4957885742188,677.4957885742188,677.4957885742188,677.4957885742188,105260,0.0,0.0
2003-12-24 00:00:00+09:00,684.9957275390625,684.9957275390625,684.9957275390625,684.9957275390625,50018,0.0,0.0
2003-12-25 00:00:00+09:00,684.9957275390625,684.9957275390625,684.9957275390625,684.9957275390625,0,0.0,0.0
2003-12-26 00:00:00+09:00,684.9957275390625,684.9957275390625,684.9957275390625,684.9957275390625,127418,0.0,0.0
2003-12-29 00:00:00+09:00,634.9960327148438,634.9960327148438,634.9960327148438,634.9960327148438,65000,0.0,0.0
2003-12-30 00:00:00+09:00,624.99609375,624.99609375,624.99609375,624.99609375,58768,0.0,0.0
2003-12-31 00:00:00+09:00,624.99609375,624.99609375,624.99609375,624.99609375,0,0.0,0.0
2004-01-01 00:00:00+09:00,624.99609375,624.99609375,624.99609375,624.99609375,0,0.0,0.0
2004-01-02 00:00:00+09:00,619.99609375,619.99609375,619.99609375,619.99609375,124048,0.0,0.0
2004-01-05 00:00:00+09:00,619.99609375,619.99609375,619.99609375,619.99609375,27392,0.0,0.0
2004-01-06 00:00:00+09:00,619.99609375,619.99609375,619.99609375,619.99609375,33996,0.0,0.0
2004-01-07 00:00:00+09:00,609.9962158203125,609.9962158203125,609.9962158203125,609.9962158203125,97426,0.0,0.0
2004-01-08 00:00:00+09:00,609.9962158203125,609.9962158203125,609.9962158203125,609.9962158203125,43680,0.0,0.0
2004-01-09 00:00:00+09:00,609.9962158203125,609.9962158203125,609.9962158203125,609.9962158203125,51080,0.0,0.0
2004-01-12 00:00:00+09:00,627.49609375,627.49609375,627.49609375,627.49609375,15530,0.0,0.0
2004-01-13 00:00:00+09:00,627.49609375,627.49609375,627.49609375,627.49609375,11522,0.0,0.0
2004-01-14 00:00:00+09:00,622.49609375,622.49609375,622.49609375,622.49609375,16270,0.0,0.0
2004-01-15 00:00:00+09:00,619.99609375,619.99609375,619.99609375,619.99609375,39906,0.0,0.0
2004-01-16 00:00:00+09:00,612.4961547851562,612.4961547851562,612.4961547851562,612.4961547851562,5112,0.0,0.0
2004-01-19 00:00:00+09:00,609.9962158203125,609.9962158203125,609.9962158203125,609.9962158203125,19016,0.0,0.0
2004-01-20 00:00:00+09:00,617.4961547851562,617.4961547851562,617.4961547851562,617.4961547851562,20778,0.0,0.0
2004-01-21 00:00:00+09:00,617.4961547851562,617.4961547851562,617.4961547851562,617.4961547851562,0,0.0,0.0
2004-01-22 00:00:00+09:00,617.4961547851562,617.4961547851562,617.4961547851562,617.4961547851562,0,0.0,0.0
2004-01-23 00:00:00+09:00,617.4961547851562,617.4961547851562,617.4961547851562,617.4961547851562,0,0.0,0.0
2004-01-26 00:00:00+09:00,649.9959106445312,649.9959106445312,649.9959106445312,649.9959106445312,78050,0.0,0.0
2004-01-27 00:00:00+09:00,647.4959716796875,647.4959716796875,647.4959716796875,647.4959716796875,7620,0.0,0.0
2004-01-28 00:00:00+09:00,634.9960327148438,634.9960327148438,634.9960327148438,634.9960327148438,16044,0.0,0.0
2004-01-29 00:00:00+09:00,637.4960327148438,637.4960327148438,637.4960327148438,637.4960327148438,21662,0.0,0.0
2004-01-30 00:00:00+09:00,634.9960327148438,634.9960327148438,634.9960327148438,634.9960327148438,3196,0.0,0.0
2004-02-02 00:00:00+09:00,624.99609375,624.99609375,624.99609375,624.99609375,6290,0.0,0.0
2004-02-03 00:00:00+09:00,619.99609375,619.99609375,619.99609375,619.99609375,24212,0.0,0.0
2004-02-04 00:00:00+09:00,652.4959106445312,652.4959106445312,652.4959106445312,652.4959106445312,143268,0.0,0.0
2004-02-05 00:00:00+09:00,622.49609375,622.49609375,622.49609375,622.49609375,24842,0.0,0.0
2004-02-06 00:00:00+09:00,639.9959716796875,639.9959716796875,639.9959716796875,639.9959716796875,35882,0.0,0.0
2004-02-09 00:00:00+09:00,639.9959716796875,639.9959716796875,639.9959716796875,639.9959716796875,89642,0.0,0.0
2004-02-10 00:00:00+09:00,637.4960327148438,637.4960327148438,637.4960327148438,637.4960327148438,17386,0.0,0.0
2004-02-11 00:00:00+09:00,639.9959716796875,639.9959716796875,639.9959716796875,639.9959716796875,22904,0.0,0.0
2004-02-12 00:00:00+09:00,642.4959716796875,642.4959716796875,642.4959716796875,642.4959716796875,10932,0.0,0.0
2004-02-13 00:00:00+09:00,637.4960327148438,637.4960327148438,637.4960327148438,637.4960327148438,3462,0.0,0.0
2004-02-16 00:00:00+09:00,622.49609375,622.49609375,622.49609375,622.49609375,23334,0.0,0.0
2004-02-17 00:00:00+09:00,629.9960327148438,629.9960327148438,629.9960327148438,629.9960327148438,25536,0.0,0.0
2004-02-18 00:00:00+09:00,614.9961547851562,614.9961547851562,614.9961547851562,614.9961547851562,21132,0.0,0.0
2004-02-19 00:00:00+09:00,629.9960327148438,629.9960327148438,629.9960327148438,629.9960327148438,15552,0.0,0.0
2004-02-20 00:00:00+09:00,639.9959716796875,639.9959716796875,639.9959716796875,639.9959716796875,26336,0.0,0.0
2004-02-23 00:00:00+09:00,632.4960327148438,632.4960327148438,632.4960327148438,632.4960327148438,3970,0.0,0.0
2004-02-24 00:00:00+09:00,629.9960327148438,629.9960327148438,629.9960327148438,629.9960327148438,2804,0.0,0.0
2004-02-25 00:00:00+09:00,614.9961547851562,614.9961547851562,614.9961547851562,614.9961547851562,12078,0.0,0.0
2004-02-26 00:00:00+09:00,614.9961547851562,614.9961547851562,614.9961547851562,614.9961547851562,11530,0.0,0.0
2004-02-27 00:00:00+09:00,617.4961547851562,617.4961547851562,617.4961547851562,617.4961547851562,19802,0.0,0.0
2004-03-01 00:00:00+09:00,617.4961547851562,617.4961547851562,617.4961547851562,617.4961547851562,0,0.0,0.0
2004-03-02 00:00:00+09:00,609.9962158203125,609.9962158203125,609.9962158203125,609.9962158203125,20204,0.0,0.0
2004-03-03 00:00:00+09:00,622.49609375,622.49609375,622.49609375,622.49609375,8358,0.0,0.0
2004-03-04 00:00:00+09:00,619.99609375,619.99609375,619.99609375,619.99609375,3922,0.0,0.0
2004-03-05 00:00:00+09:00,609.9962158203125,609.9962158203125,609.9962158203125,609.9962158203125,17378,0.0,0.0
2004-03-08 00:00:00+09:00,604.9962158203125,604.9962158203125,604.9962158203125,604.9962158203125,17786,0.0,0.0
2004-03-09 00:00:00+09:00,622.49609375,622.49609375,622.49609375,622.49609375,6274,0.0,0.0
2004-03-10 00:00:00+09:00,619.99609375,619.99609375,619.99609375,619.99609375,8192,0.0,0.0
2004-03-11 00:00:00+09:00,609.9962158203125,609.9962158203125,609.9962158203125,609.9962158203125,3906,0.0,0.0
2004-03-12 00:00:00+09:00,589.996337890625,589.996337890625,589.996337890625,589.996337890625,40412,0.0,0.0
2004-03-15 00:00:00+09:00,612.4961547851562,612.4961547851562,612.4961547851562,612.4961547851562,4274,0.0,0.0
2004-03-16 00:00:00+09:00,609.9962158203125,609.9962158203125,609.9962158203125,609.9962158203125,7994,0.0,0.0
2004-03-17 00:00:00+09:00,619.99609375,619.99609375,619.99609375,619.99609375,11020,0.0,0.0
2004-03-18 00:00:00+09:00,607.4962158203125,607.4962158203125,607.4962158203125,607.4962158203125,7352,0.0,0.0
2004-03-19 00:00:00+09:00,629.9960327148438,629.9960327148438,629.9960327148438,629.9960327148438,299502,0.0,0.0
2004-03-22 00:00:00+09:00,619.99609375,619.99609375,619.99609375,619.99609375,22232,0.0,0.0
2004-03-23 00:00:00+09:00,612.4961547851562,612.4961547851562,612.4961547851562,612.4961547851562,13134,0.0,0.0
2004-03-24 00:00:00+09:00,609.9962158203125,609.9962158203125,609.9962158203125,609.9962158203125,290,0.0,0.0
2004-03-25 00:00:00+09:00,602.4962158203125,602.4962158203125,602.4962158203125,602.4962158203125,8784,0.0,0.0
2004-03-26 00:00:00+09:00,617.4961547851562,617.4961547851562,617.4961547851562,617.4961547851562,6004,0.0,0.0
2004-03-29 00:00:00+09:00,619.99609375,619.99609375,619.99609375,619.99609375,2002,0.0,0.0
2004-03-30 00:00:00+09:00,619.99609375,619.99609375,619.99609375,619.99609375,1858,0.0,0.0
2004-03-31 00:00:00+09:00,607.4962158203125,607.4962158203125,607.4962158203125,607.4962158203125,36740,0.0,0.0
2004-04-01 00:00:00+09:00,614.9961547851562,614.9961547851562,614.9961547851562,614.9961547851562,45364,0.0,0.0
2004-04-02 00:00:00+09:00,604.9962158203125,604.9962158203125,604.9962158203125,604.9962158203125,10980,0.0,0.0
2004-04-05 00:00:00+09:00,604.9962158203125,604.9962158203125,604.9962158203125,604.9962158203125,0,0.0,0.0
2004-04-06 00:00:00+09:00,607.4962158203125,607.4962158203125,607.4962158203125,607.4962158203125,19376,0.0,0.0
2004-04-07 00:00:00+09:00,607.4962158203125,607.4962158203125,607.4962158203125,607.4962158203125,26594,0.0,0.0
2004-04-08 00:00:00+09:00,614.9961547851562,614.9961547851562,614.9961547851562,614.9961547851562,9304,0.0,0.0
2004-04-09 00:00:00+09:00,612.4961547851562,612.4961547851562,612.4961547851562,612.4961547851562,17444,0.0,0.0
2004-04-12 00:00:00+09:00,634.9960327148438,634.9960327148438,634.9960327148438,634.9960327148438,16200,0.0,0.0
2004-04-13 00:00:00+09:00,632.4960327148438,632.4960327148438,632.4960327148438,632.4960327148438,10546,0.0,0.0
2004-04-14 00:00:00+09:00,639.9959716796875,639.9959716796875,639.9959716796875,639.9959716796875,22830,0.0,0.0
2004-04-15 00:00:00+09:00,639.9959716796875,639.9959716796875,639.9959716796875,639.9959716796875,0,0.0,0.0
2004-04-16 00:00:00+09:00,634.9960327148438,634.9960327148438,634.9960327148438,634.9960327148438,49882,0.0,0.0
2004-04-19 00:00:00+09:00,639.9959716796875,639.9959716796875,639.9959716796875,639.9959716796875,2496,0.0,0.0
2004-04-20 00:00:00+09:00,629.9960327148438,629.9960327148438,629.9960327148438,629.9960327148438,19010,0.0,0.0
2004-04-21 00:00:00+09:00,639.9959716796875,639.9959716796875,639.9959716796875,639.9959716796875,2860,0.0,0.0
2004-04-22 00:00:00+09:00,627.49609375,627.49609375,627.49609375,627.49609375,13606,0.0,0.0
2004-04-23 00:00:00+09:00,629.9960327148438,629.9960327148438,629.9960327148438,629.9960327148438,51100,0.0,0.0
2004-04-26 00:00:00+09:00,639.9959716796875,639.9959716796875,639.9959716796875,639.9959716796875,28166,0.0,0.0
2004-04-27 00:00:00+09:00,662.495849609375,662.495849609375,662.495849609375,662.495849609375,137118,0.0,0.0
2004-04-28 00:00:00+09:00,664.995849609375,664.995849609375,664.995849609375,664.995849609375,82918,0.0,0.0
2004-04-29 00:00:00+09:00,629.9960327148438,629.9960327148438,629.9960327148438,629.9960327148438,114264,0.0,0.0
2004-04-30 00:00:00+09:00,609.9962158203125,609.9962158203125,609.9962158203125,609.9962158203125,87890,0.0,0.0
2004-05-03 00:00:00+09:00,609.9962158203125,609.9962158203125,609.9962158203125,609.9962158203125,25370,0.0,0.0
2004-05-04 00:00:00+09:00,629.9960327148438,629.9960327148438,629.9960327148438,629.9960327148438,47562,0.0,0.0
2004-05-05 00:00:00+09:00,629.9960327148438,629.9960327148438,629.9960327148438,629.9960327148438,0,0.0,0.0
2004-05-06 00:00:00+09:00,624.99609375,624.99609375,624.99609375,624.99609375,143676,0.0,0.0
2004-05-07 00:00:00+09:00,629.9960327148438,629.9960327148438,629.9960327148438,629.9960327148438,47304,0.0,0.0
2004-05-10 00:00:00+09:00,604.9962158203125,604.9962158203125,604.9962158203125,604.9962158203125,60158,0.0,0.0
2004-05-11 00:00:00+09:00,607.4962158203125,607.4962158203125,607.4962158203125,607.4962158203125,25478,0.0,0.0
2004-05-12 00:00:00+09:00,622.49609375,622.49609375,622.49609375,622.49609375,16400,0.0,0.0
2004-05-13 00:00:00+09:00,604.9962158203125,604.9962158203125,604.9962158203125,604.9962158203125,27610,0.0,0.0
2004-05-14 00:00:00+09:00,614.9961547851562,614.9961547851562,614.9961547851562,614.9961547851562,46448,0.0,0.0
2004-05-17 00:00:00+09:00,612.4961547851562,612.4961547851562,612.4961547851562,612.4961547851562,177402,0.0,0.0
2004-05-18 00:00:00+09:00,604.9962158203125,604.9962158203125,604.9962158203125,604.9962158203125,56608,0.0,0.0
2004-05-19 00:00:00+09:00,614.9961547851562,614.9961547851562,614.9961547851562,614.9961547851562,58902,0.0,0.0
2004-05-20 00:00:00+09:00,624.99609375,624.99609375,624.99609375,624.99609375,150122,0.0,0.0
2004-05-21 00:00:00+09:00,637.4960327148438,637.4960327148438,637.4960327148438,637.4960327148438,53840,0.0,0.0
2004-05-24 00:00:00+09:00,622.49609375,622.49609375,622.49609375,622.49609375,39106,0.0,0.0
2004-05-25 00:00:00+09:00,619.99609375,619.99609375,619.99609375,619.99609375,37896,0.0,0.0
2004-05-26 00:00:00+09:00,619.99609375,619.99609375,619.99609375,619.99609375,0,0.0,0.0
2004-05-27 00:00:00+09:00,629.9960327148438,629.9960327148438,629.9960327148438,629.9960327148438,135866,0.0,0.0
2004-05-28 00:00:00+09:00,619.99609375,619.99609375,619.99609375,619.99609375,46392,0.0,0.0
2004-05-31 00:00:00+09:00,617.4961547851562,617.4961547851562,617.4961547851562,617.4961547851562,20510,0.0,0.0
2004-06-01 00:00:00+09:00,629.9960327148438,629.9960327148438,629.9960327148438,629.9960327148438,50766,0.0,0.0
2004-06-02 00:00:00+09:00,624.99609375,624.99609375,624.99609375,624.99609375,23404,0.0,0.0
2004-06-03 00:00:00+09:00,612.4961547851562,612.4961547851562,612.4961547851562,612.4961547851562,77862,0.0,0.0
2004-06-04 00:00:00+09:00,612.4961547851562,612.4961547851562,612.4961547851562,612.4961547851562,1554,0.0,0.0
2004-06-07 00:00:00+09:00,624.99609375,624.99609375,624.99609375,624.99609375,44206,0.0,0.0
2004-06-08 00:00:00+09:00,624.99609375,624.99609375,624.99609375,624.99609375,71460,0.0,0.0
2004-06-09 00:00:00+09:00,629.9960327148438,629.9960327148438,629.9960327148438,629.9960327148438,60750,0.0,0.0
2004-06-10 00:00:00+09:00,644.9959716796875,644.9959716796875,644.9959716796875,644.9959716796875,56680,0.0,0.0
2004-06-11 00:00:00+09:00,719.9954833984375,719.9954833984375,719.9954833984375,719.9954833984375,718290,0.0,0.0
2004-06-14 00:00:00+09:00,804.9949951171875,804.9949951171875,804.9949951171875,804.9949951171875,2066300,0.0,0.0
2004-06-15 00:00:00+09:00,817.494873046875,817.494873046875,817.494873046875,817.494873046875,1865282,0.0,0.0
2004-06-16 00:00:00+09:00,837.4947509765625,837.4947509765625,837.4947509765625,837.4947509765625,2061428,0.0,0.0
2004-06-17 00:00:00+09:00,737.495361328125,737.495361328125,737.495361328125,737.495361328125,1728996,0.0,0.0
2004-06-18 00:00:00+09:00,712.4955444335938,712.4955444335938,712.4955444335938,712.4955444335938,737538,0.0,0.0
2004-06-21 00:00:00+09:00,704.99560546875,704.99560546875,704.99560546875,704.99560546875,1022482,0.0,0.0
2004-06-22 00:00:00+09:00,732.4954223632812,732.4954223632812,732.4954223632812,732.4954223632812,1030474,0.0,0.0
2004-06-23 00:00:00+09:00,734.9954223632812,734.9954223632812,734.9954223632812,734.9954223632812,649376,0.0,0.0
2004-06-24 00:00:00+09:00,712.4955444335938,712.4955444335938,712.4955444335938,712.4955444335938,403522,0.0,0.0
2004-06-25 00:00:00+09:00,702.49560546875,702.49560546875,702.49560546875,702.49560546875,373780,0.0,0.0
2004-06-28 00:00:00+09:00,709.9955444335938,709.9955444335938,709.9955444335938,709.9955444335938,313940,0.0,0.0
2004-06-29 00:00:00+09:00,682.4957275390625,682.4957275390625,682.4957275390625,682.4957275390625,334920,0.0,0.0
2004-06-30 00:00:00+09:00,709.9955444335938,709.9955444335938,709.9955444335938,709.9955444335938,278690,0.0,0.0
2004-07-01 00:00:00+09:00,759.9952392578125,759.9952392578125,759.9952392578125,759.9952392578125,569708,0.0,0.0
2004-07-02 00:00:00+09:00,777.4951171875,777.4951171875,777.4951171875,777.4951171875,223910,0.0,0.0
2004-07-05 00:00:00+09:00,782.4951171875,782.4951171875,782.4951171875,782.4951171875,211702,0.0,0.0
2004-07-06 00:00:00+09:00,764.9952392578125,764.9952392578125,764.9952392578125,764.9952392578125,163940,0.0,0.0
2004-07-07 00:00:00+09:00,749.9953002929688,749.9953002929688,749.9953002929688,749.9953002929688,287178,0.0,0.0
2004-07-08 00:00:00+09:00,729.9954223632812,729.9954223632812,729.9954223632812,729.9954223632812,85784,0.0,0.0
2004-07-09 00:00:00+09:00,734.9954223632812,734.9954223632812,734.9954223632812,734.9954223632812,75824,0.0,0.0
2004-07-12 00:00:00+09:00,732.4954223632812,732.4954223632812,732.4954223632812,732.4954223632812,114210,0.0,0.0
2004-07-13 00:00:00+09:00,719.9954833984375,719.9954833984375,719.9954833984375,719.9954833984375,183172,0.0,0.0
2004-07-14 00:00:00+09:00,732.4954223632812,732.4954223632812,732.4954223632812,732.4954223632812,104752,0.0,0.0
2004-07-15 00:00:00+09:00,699.99560546875,699.99560546875,699.99560546875,699.99560546875,146114,0.0,0.0
2004-07-16 00:00:00+09:00,722.4954833984375,722.4954833984375,722.4954833984375,722.4954833984375,96916,0.0,0.0
2004-07-19 00:00:00+09:00,719.9954833984375,719.9954833984375,719.9954833984375,719.9954833984375,58980,0.0,0.0
2004-07-20 00:00:00+09:00,702.49560546875,702.49560546875,702.49560546875,702.49560546875,67148,0.0,0.0
2004-07-21 00:00:00+09:00,719.9954833984375,719.9954833984375,719.9954833984375,719.9954833984375,38520,0.0,0.0
2004-07-22 00:00:00+09:00,754.9953002929688,754.9953002929688,754.9953002929688,754.9953002929688,485690,0.0,0.0
2004-07-23 00:00:00+09:00,802.4949951171875,802.4949951171875,802.4949951171875,802.4949951171875,752668,0.0,0.0
2004-07-26 00:00:00+09:00,814.994873046875,814.994873046875,814.994873046875,814.994873046875,460586,0.0,0.0
2004-07-27 00:00:00+09:00,804.9949951171875,804.9949951171875,804.9949951171875,804.9949951171875,221730,0.0,0.0
2004-07-28 00:00:00+09:00,797.4949951171875,797.4949951171875,797.4949951171875,797.4949951171875,446090,0.0,0.0
2004-07-29 00:00:00+09:00,769.9951782226562,769.9951782226562,769.9951782226562,769.9951782226562,255486,0.0,0.0
2004-07-30 00:00:00+09:00,804.9949951171875,804.9949951171875,804.9949951171875,804.9949951171875,129954,0.0,0.0
2004-08-02 00:00:00+09:00,814.994873046875,814.994873046875,814.994873046875,814.994873046875,280966,0.0,0.0
2004-08-03 00:00:00+09:00,774.9951782226562,774.9951782226562,774.9951782226562,774.9951782226562,413180,0.0,0.0
2004-08-04 00:00:00+09:00,784.9951171875,784.9951171875,784.9951171875,784.9951171875,78726,0.0,0.0
2004-08-05 00:00:00+09:00,814.994873046875,814.994873046875,814.994873046875,814.994873046875,97882,0.0,0.0
2004-08-06 00:00:00+09:00,814.994873046875,814.994873046875,814.994873046875,814.994873046875,106652,0.0,0.0
2004-08-09 00:00:00+09:00,814.994873046875,814.994873046875,814.994873046875,814.994873046875,125042,0.0,0.0
2004-08-10 00:00:00+09:00,812.4949340820312,812.4949340820312,812.4949340820312,812.4949340820312,255252,0.0,0.0
2004-08-11 00:00:00+09:00,909.9943237304688,909.9943237304688,909.9943237304688,909.9943237304688,1454360,0.0,0.0
2004-08-12 00:00:00+09:00,874.9945068359375,874.9945068359375,874.9945068359375,874.9945068359375,1172840,0.0,0.0
2004-08-13 00:00:00+09:00,909.9943237304688,909.9943237304688,909.9943237304688,909.9943237304688,908350,0.0,0.0
2004-08-16 00:00:00+09:00,919.9942626953125,919.9942626953125,919.9942626953125,919.9942626953125,634778,0.0,0.0
2004-08-17 00:00:00+09:00,919.9942626953125,919.9942626953125,919.9942626953125,919.9942626953125,332532,0.0,0.0
2004-08-18 00:00:00+09:00,904.9943237304688,904.9943237304688,904.9943237304688,904.9943237304688,341356,0.0,0.0
2004-08-19 00:00:00+09:00,949.9940795898438,949.9940795898438,949.9940795898438,949.9940795898438,557330,0.0,0.0
2004-08-20 00:00:00+09:00,937.494140625,937.494140625,937.494140625,937.494140625,604588,0.0,0.0
2004-08-23 00:00:00+09:00,999.9937744140625,999.9937744140625,999.9937744140625,999.9937744140625,1969044,0.0,0.0
2004-08-24 00:00:00+09:00,1044.993408203125,1044.993408203125,1044.993408203125,1044.993408203125,996076,0.0,0.0
2004-08-25 00:00:00+09:00,1029.9935302734375,1029.9935302734375,1029.9935302734375,1029.9935302734375,387556,0.0,0.0
2004-08-26 00:00:00+09:00,1017.49365234375,1017.49365234375,1017.49365234375,1017.49365234375,473150,0.0,0.0
2004-08-27 00:00:00+09:00,1024.99365234375,1024.99365234375,1024.99365234375,1024.99365234375,726844,0.0,0.0
2004-08-30 00:00:00+09:00,984.9938354492188,984.9938354492188,984.9938354492188,984.9938354492188,486468,0.0,0.0
2004-08-31 00:00:00+09:00,992.4937744140625,992.4937744140625,992.4937744140625,992.4937744140625,215796,0.0,0.0
2004-09-01 00:00:00+09:00,1037.4935302734375,1037.4935302734375,1037.4935302734375,1037.4935302734375,392358,0.0,0.0
2004-09-02 00:00:00+09:00,1032.4935302734375,1032.4935302734375,1032.4935302734375,1032.4935302734375,257570,0.0,0.0
2004-09-03 00:00:00+09:00,1012.49365234375,1012.49365234375,1012.49365234375,1012.49365234375,241678,0.0,0.0
2004-09-06 00:00:00+09:00,1014.99365234375,1014.99365234375,1014.99365234375,1014.99365234375,150866,0.0,0.0
2004-09-07 00:00:00+09:00,997.4937744140625,997.4937744140625,997.4937744140625,997.4937744140625,235738,0.0,0.0
2004-09-08 00:00:00+09:00,994.9937744140625,994.9937744140625,994.9937744140625,994.9937744140625,339566,0.0,0.0
2004-09-09 00:00:00+09:00,1032.4935302734375,1032.4935302734375,1032.4935302734375,1032.4935302734375,251098,0.0,0.0
2004-09-10 00:00:00+09:00,1039.9935302734375,1039.9935302734375,1039.9935302734375,1039.9935302734375,248072,0.0,0.0
2004-09-13 00:00:00+09:00,1037.4935302734375,1037.4935302734375,1037.4935302734375,1037.4935302734375,170218,0.0,0.0
2004-09-14 00:00:00+09:00,1007.4937133789062,1007.4937133789062,1007.4937133789062,1007.4937133789062,207612,0.0,0.0
2004-09-15 00:00:00+09:00,1122.4930419921875,1122.4930419921875,1122.4930419921875,1122.4930419921875,532612,0.0,0.0
2004-09-16 00:00:00+09:00,1094.9931640625,1094.9931640625,1094.9931640625,1094.9931640625,248072,0.0,0.0
2004-09-17 00:00:00+09:00,1084.9931640625,1084.9931640625,1084.9931640625,1084.9931640625,188802,0.0,0.0
2004-09-20 00:00:00+09:00,1092.4931640625,1092.4931640625,1092.4931640625,1092.4931640625,230490,0.0,0.0
2004-09-21 00:00:00+09:00,1074.9932861328125,1074.9932861328125,1074.9932861328125,1074.9932861328125,121802,0.0,0.0
2004-09-22 00:00:00+09:00,1059.993408203125,1059.993408203125,1059.993408203125,1059.993408203125,166472,0.0,0.0
2004-09-23 00:00:00+09:00,1029.9935302734375,1029.9935302734375,1029.9935302734375,1029.9935302734375,147600,0.0,0.0
2004-09-24 00:00:00+09:00,1044.993408203125,1044.993408203125,1044.993408203125,1044.993408203125,133920,0.0,0.0
2004-09-27 00:00:00+09:00,1044.993408203125,1044.993408203125,1044.993408203125,1044.993408203125,0,0.0,0.0
2004-09-28 00:00:00+09:00,1044.993408203125,1044.993408203125,1044.993408203125,1044.993408203125,0,0.0,0.0
2004-09-29 00:00:00+09:00,1044.993408203125,1044.993408203125,1044.993408203125,1044.993408203125,0,0.0,0.0
2004-09-30 00:00:00+09:00,1054.993408203125,1054.993408203125,1054.993408203125,1054.993408203125,177442,0.0,0.0
2004-10-01 00:00:00+09:00,1049.993408203125,1049.993408203125,1049.993408203125,1049.993408203125,277032,0.0,0.0
2004-10-04 00:00:00+09:00,1059.993408203125,1059.993408203125,1059.993408203125,1059.993408203125,299654,0.0,0.0
2004-10-05 00:00:00+09:00,1072.4932861328125,1072.4932861328125,1072.4932861328125,1072.4932861328125,170298,0.0,0.0
2004-10-06 00:00:00+09:00,1042.4935302734375,1042.4935302734375,1042.4935302734375,1042.4935302734375,273604,0.0,0.0
2004-10-07 00:00:00+09:00,1049.993408203125,1049.993408203125,1049.993408203125,1049.993408203125,77842,0.0,0.0
2004-10-08 00:00:00+09:00,944.9940795898438,944.9940795898438,944.9940795898438,944.9940795898438,703560,0.0,0.0
2004-10-11 00:00:00+09:00,947.4940795898438,947.4940795898438,947.4940795898438,947.4940795898438,135112,0.0,0.0
2004-10-12 00:00:00+09:00,992.4937744140625,992.4937744140625,992.4937744140625,992.4937744140625,539590,0.0,0.0
2004-10-13 00:00:00+09:00,1037.4935302734375,1037.4935302734375,1037.4935302734375,1037.4935302734375,838750,0.0,0.0
2004-10-14 00:00:00+09:00,1027.4935302734375,1027.4935302734375,1027.4935302734375,1027.4935302734375,194268,0.0,0.0
2004-10-15 00:00:00+09:00,964.9939575195312,964.9939575195312,964.9939575195312,964.9939575195312,323102,0.0,0.0
2004-10-18 00:00:00+09:00,969.9939575195312,969.9939575195312,969.9939575195312,969.9939575195312,311540,0.0,0.0
2004-10-19 00:00:00+09:00,1022.4935913085938,1022.4935913085938,1022.4935913085938,1022.4935913085938,1150764,0.0,0.0
2004-10-20 00:00:00+09:00,1009.9937133789062,1009.9937133789062,1009.9937133789062,1009.9937133789062,266694,0.0,0.0
2004-10-21 00:00:00+09:00,1007.4937133789062,1007.4937133789062,1007.4937133789062,1007.4937133789062,605050,0.0,0.0
2004-10-22 00:00:00+09:00,917.5,937.5,902.5,905.0,100182,0.0,0.0
2004-10-25 00:00:00+09:00,860.0,895.0,845.0,857.5,88986,0.0,0.0
2004-10-26 00:00:00+09:00,855.0,882.5,852.5,860.0,36430,0.0,0.0
2004-10-27 00:00:00+09:00,887.5,932.5,857.5,867.5,51050,0.0,0.0
2004-10-28 00:00:00+09:00,902.5,902.5,860.0,872.5,43480,0.0,0.0
2004-10-29 00:00:00+09:00,872.5,872.5,855.0,857.5,52054,0.0,0.0
2004-11-01 00:00:00+09:00,870.0,882.5,860.0,865.0,32762,0.0,0.0
2004-11-02 00:00:00+09:00,855.0,872.5,855.0,865.0,32848,0.0,0.0
2004-11-03 00:00:00+09:00,860.0,880.0,860.0,875.0,12606,0.0,0.0
2004-11-04 00:00:00+09:00,865.0,880.0,860.0,872.5,26010,0.0,0.0
2004-11-05 00:00:00+09:00,870.0,877.5,870.0,872.5,36400,0.0,0.0
2004-11-08 00:00:00+09:00,872.5,877.5,855.0,865.0,44114,0.0,0.0
2004-11-09 00:00:00+09:00,870.0,875.0,827.5,865.0,51824,0.0,0.0
2004-11-10 00:00:00+09:00,852.5,865.0,850.0,855.0,32970,0.0,0.0
2004-11-11 00:00:00+09:00,847.5,862.5,847.5,850.0,31044,0.0,0.0
2004-11-12 00:00:00+09:00,850.0,867.5,847.5,865.0,124828,0.0,0.0
2004-11-15 00:00:00+09:00,872.5,872.5,855.0,865.0,45378,0.0,0.0
2004-11-16 00:00:00+09:00,865.0,882.5,862.5,870.0,131714,0.0,0.0
2004-11-17 00:00:00+09:00,890.0,895.0,877.5,895.0,142592,0.0,0.0
2004-11-18 00:00:00+09:00,895.0,895.0,880.0,880.0,106382,0.0,0.0
2004-11-19 00:00:00+09:00,872.5,885.0,865.0,875.0,46192,0.0,0.0
2004-11-22 00:00:00+09:00,865.0,870.0,847.5,855.0,67648,0.0,0.0
2004-11-23 00:00:00+09:00,860.0,880.0,855.0,875.0,75884,0.0,0.0
2004-11-24 00:00:00+09:00,890.0,930.0,877.5,925.0,318058,0.0,0.0
2004-11-25 00:00:00+09:00,925.0,925.0,907.5,912.5,90708,0.0,0.0
2004-11-26 00:00:00+09:00,927.5,935.0,907.5,912.5,77632,0.0,0.0
2004-11-29 00:00:00+09:00,932.5,980.0,930.0,955.0,341046,0.0,0.0
2004-11-30 00:00:00+09:00,975.0,1067.5,960.0,1067.5,1212304,0.0,0.0
2004-12-01 00:00:00+09:00,1122.5,1195.0,1100.0,1195.0,2146634,0.0,0.0
2004-12-02 00:00:00+09:00,1225.0,1257.5,1127.5,1220.0,1240952,0.0,0.0
2004-12-03 00:00:00+09:00,1235.0,1235.0,1150.0,1220.0,396706,0.0,0.0
2004-12-06 00:00:00+09:00,1205.0,1280.0,1172.5,1182.5,592708,0.0,0.0
2004-12-07 00:00:00+09:00,1165.0,1207.5,1122.5,1167.5,504682,0.0,0.0
2004-12-08 00:00:00+09:00,1152.5,1205.0,1115.0,1160.0,171548,0.0,0.0
2004-12-09 00:00:00+09:00,1145.0,1155.0,1087.5,1105.0,274968,0.0,0.0
2004-12-10 00:00:00+09:00,1115.0,1125.0,1062.5,1087.5,101894,0.0,0.0
2004-12-13 00:00:00+09:00,1077.5,1100.0,1040.0,1040.0,189258,0.0,0.0
2004-12-14 00:00:00+09:00,1005.0,1072.5,1005.0,1050.0,358532,0.0,0.0
2004-12-15 00:00:00+09:00,1037.5,1080.0,1037.5,1050.0,260302,0.0,0.0
2004-12-16 00:00:00+09:00,1045.0,1050.0,990.0,1010.0,541896,0.0,0.0
2004-12-17 00:00:00+09:00,1010.0,1010.0,942.5,992.5,658316,0.0,0.0
2004-12-20 00:00:00+09:00,992.5,995.0,957.5,982.5,350254,0.0,0.0
2004-12-21 00:00:00+09:00,980.0,1015.0,980.0,990.0,280566,0.0,0.0
2004-12-22 00:00:00+09:00,1000.0,1020.0,995.0,1020.0,267830,0.0,0.0
2004-12-23 00:00:00+09:00,1035.0,1102.5,1025.0,1080.0,614994,0.0,0.0
2004-12-24 00:00:00+09:00,1090.0,1142.5,1070.0,1085.0,382534,0.0,0.0
2004-12-27 00:00:00+09:00,1095.0,1095.0,1055.0,1070.0,147764,0.0,0.0
2004-12-28 00:00:00+09:00,1070.0,1080.0,1025.0,1050.0,197812,0.0,0.0
2004-12-29 00:00:00+09:00,1025.0,1025.0,982.5,982.5,129270,0.0,0.0
2004-12-30 00:00:00+09:00,982.5,1015.0,982.5,997.5,175904,0.0,0.0
2005-01-03 00:00:00+09:00,1002.5,1010.0,980.0,980.0,121076,0.0,0.0
2005-01-04 00:00:00+09:00,980.0,1000.0,970.0,985.0,130666,0.0,0.0
2005-01-05 00:00:00+09:00,972.5,995.0,970.0,992.5,118812,0.0,0.0
2005-01-06 00:00:00+09:00,1000.0,1035.0,987.5,1010.0,291840,0.0,0.0
2005-01-07 00:00:00+09:00,1032.5,1032.5,995.0,1015.0,208924,0.0,0.0
2005-01-10 00:00:00+09:00,1027.5,1030.0,995.0,1010.0,229704,0.0,0.0
2005-01-11 00:00:00+09:00,1002.5,1025.0,992.5,992.5,118872,0.0,0.0
2005-01-12 00:00:00+09:00,1002.5,1005.0,982.5,995.0,165768,0.0,0.0
2005-01-13 00:00:00+09:00,1000.0,1010.0,997.5,1007.5,81310,0.0,0.0
2005-01-14 00:00:00+09:00,1017.5,1075.0,1017.5,1050.0,247274,0.0,0.0
2005-01-17 00:00:00+09:00,1055.0,1075.0,1027.5,1075.0,273782,0.0,0.0
2005-01-18 00:00:00+09:00,1077.5,1097.5,1065.0,1067.5,137048,0.0,0.0
2005-01-19 00:00:00+09:00,1067.5,1090.0,1042.5,1070.0,364780,0.0,0.0
2005-01-20 00:00:00+09:00,1092.5,1100.0,1040.0,1045.0,222344,0.0,0.0
2005-01-21 00:00:00+09:00,1035.0,1155.0,1035.0,1150.0,761360,0.0,0.0
2005-01-24 00:00:00+09:00,1150.0,1172.5,1105.0,1150.0,458724,0.0,0.0
2005-01-25 00:00:00+09:00,1150.0,1150.0,1090.0,1095.0,292204,0.0,0.0
2005-01-26 00:00:00+09:00,1100.0,1110.0,1000.0,1045.0,708840,0.0,0.0
2005-01-27 00:00:00+09:00,1027.5,1045.0,1000.0,1015.0,359702,0.0,0.0
2005-01-28 00:00:00+09:00,1010.0,1050.0,1002.5,1015.0,223068,0.0,0.0
2005-01-31 00:00:00+09:00,1015.0,1050.0,1015.0,1050.0,233500,0.0,0.0
2005-02-01 00:00:00+09:00,1052.5,1082.5,1027.5,1055.0,440002,0.0,0.0
2005-02-02 00:00:00+09:00,1075.0,1120.0,1065.0,1112.5,491336,0.0,0.0
2005-02-03 00:00:00+09:00,1140.0,1155.0,1112.5,1117.5,843498,0.0,0.0
2005-02-04 00:00:00+09:00,1110.0,1160.0,1110.0,1137.5,586990,0.0,0.0
2005-02-07 00:00:00+09:00,1150.0,1157.5,1130.0,1152.5,0,0.0,0.0
2005-02-11 00:00:00+09:00,1152.5,1290.0,1152.5,1275.0,1901292,0.0,0.0
2005-02-14 00:00:00+09:00,1340.0,1427.5,1285.0,1427.5,1678928,0.0,0.0
2005-02-15 00:00:00+09:00,1450.0,1510.0,1380.0,1400.0,1299696,0.0,0.0
2005-02-16 00:00:00+09:00,1400.0,1480.0,1345.0,1480.0,1386290,0.0,0.0
2005-02-17 00:00:00+09:00,1480.0,1550.0,1410.0,1450.0,1034730,0.0,0.0
2005-02-18 00:00:00+09:00,1450.0,1492.5,1287.5,1300.0,2141638,0.0,0.0
2005-02-21 00:00:00+09:00,1325.0,1362.5,1267.5,1340.0,1107738,0.0,0.0
2005-02-22 00:00:00+09:00,1390.0,1442.5,1315.0,1345.0,1493114,0.0,0.0
2005-02-23 00:00:00+09:00,1330.0,1405.0,1315.0,1380.0,1150626,0.0,0.0
2005-02-24 00:00:00+09:00,1387.5,1500.0,1387.5,1430.0,1496670,0.0,0.0
2005-02-25 00:00:00+09:00,1495.0,1520.0,1427.5,1465.0,1363390,0.0,0.0
2005-02-28 00:00:00+09:00,1540.0,1587.5,1470.0,1560.0,1303746,0.0,0.0
2005-03-02 00:00:00+09:00,1660.0,1685.0,1465.0,1500.0,1804812,0.0,0.0
2005-03-03 00:00:00+09:00,1520.0,1560.0,1455.0,1480.0,877592,0.0,0.0
2005-03-04 00:00:00+09:00,1500.0,1505.0,1405.0,1460.0,787338,0.0,0.0
2005-03-07 00:00:00+09:00,1500.0,1547.5,1480.0,1540.0,2198590,0.0,0.0
2005-03-08 00:00:00+09:00,1595.0,1600.0,1447.5,1475.0,1117872,0.0,0.0
2005-03-09 00:00:00+09:00,1470.0,1490.0,1432.5,1475.0,602758,0.0,0.0
2005-03-10 00:00:00+09:00,1450.0,1650.0,1450.0,1610.0,2358610,0.0,0.0
2005-03-11 00:00:00+09:00,1650.0,1735.0,1547.5,1557.5,2002994,0.0,0.0
2005-03-14 00:00:00+09:00,1565.0,1637.5,1565.0,1600.0,1115124,0.0,0.0
2005-03-15 00:00:00+09:00,1650.0,1692.5,1492.5,1500.0,2078804,0.0,0.0
2005-03-16 00:00:00+09:00,1480.0,1517.5,1417.5,1452.5,949918,0.0,0.0
2005-03-17 00:00:00+09:00,1450.0,1450.0,1320.0,1350.0,1050144,0.0,0.0
2005-03-18 00:00:00+09:00,1345.0,1375.0,1250.0,1307.5,785652,0.0,0.0
2005-03-21 00:00:00+09:00,1285.0,1350.0,1272.5,1310.0,629310,0.0,0.0
2005-03-22 00:00:00+09:00,1305.0,1350.0,1300.0,1300.0,648768,0.0,0.0
2005-03-23 00:00:00+09:00,1287.5,1322.5,1250.0,1252.5,310728,0.0,0.0
2005-03-24 00:00:00+09:00,1262.5,1315.0,1262.5,1302.5,460288,0.0,0.0
2005-03-25 00:00:00+09:00,1307.5,1387.5,1290.0,1325.0,316320,0.0,0.0
2005-03-28 00:00:00+09:00,1310.0,1390.0,1310.0,1362.5,463922,0.0,0.0
2005-03-29 00:00:00+09:00,1382.5,1385.0,1312.5,1315.0,453948,0.0,0.0
2005-03-30 00:00:00+09:00,1295.0,1362.5,1295.0,1315.0,464410,0.0,0.0
2005-03-31 00:00:00+09:00,1347.5,1357.5,1325.0,1347.5,226666,0.0,0.0
2005-04-01 00:00:00+09:00,1347.5,1382.5,1342.5,1362.5,394192,0.0,0.0
2005-04-04 00:00:00+09:00,1352.5,1400.0,1352.5,1392.5,418806,0.0,0.0
2005-04-06 00:00:00+09:00,1392.5,1407.5,1370.0,1375.0,345502,0.0,0.0
2005-04-07 00:00:00+09:00,1372.5,1490.0,1360.0,1360.0,240480,0.0,0.0
2005-04-08 00:00:00+09:00,1365.0,1390.0,1357.5,1362.5,318958,0.0,0.0
2005-04-11 00:00:00+09:00,1350.0,1390.0,1340.0,1357.5,434224,0.0,0.0
2005-04-12 00:00:00+09:00,1355.0,1360.0,1337.5,1342.5,327686,0.0,0.0
2005-04-13 00:00:00+09:00,1360.0,1390.0,1332.5,1340.0,347876,0.0,0.0
2005-04-14 00:00:00+09:00,1330.0,1355.0,1292.5,1302.5,305830,0.0,0.0
2005-04-15 00:00:00+09:00,1282.5,1287.5,1220.0,1250.0,319288,0.0,0.0
2005-04-18 00:00:00+09:00,1202.5,1235.0,1135.0,1155.0,486782,0.0,0.0
2005-04-19 00:00:00+09:00,1155.0,1195.0,1147.5,1170.0,400956,0.0,0.0
2005-04-20 00:00:00+09:00,1175.0,1207.5,1170.0,1170.0,469670,0.0,0.0
2005-04-21 00:00:00+09:00,1145.0,1147.5,1095.0,1130.0,320506,0.0,0.0
2005-04-22 00:00:00+09:00,1155.0,1215.0,1155.0,1195.0,709038,0.0,0.0
2005-04-25 00:00:00+09:00,1197.5,1300.0,1195.0,1300.0,1404004,0.0,0.0
2005-04-26 00:00:00+09:00,1325.0,1415.0,1325.0,1377.5,1869780,0.0,0.0
2005-04-27 00:00:00+09:00,1372.5,1372.5,1312.5,1332.5,479052,0.0,0.0
2005-04-28 00:00:00+09:00,1350.0,1432.5,1340.0,1400.0,2273372,0.0,0.0
2005-04-29 00:00:00+09:00,1377.5,1482.5,1377.5,1465.0,2742064,0.0,0.0
2005-05-02 00:00:00+09:00,1500.0,1510.0,1437.5,1462.5,1059364,0.0,0.0
2005-05-03 00:00:00+09:00,1465.0,1492.5,1380.0,1402.5,1031484,0.0,0.0
2005-05-04 00:00:00+09:00,1400.0,1445.0,1375.0,1445.0,682358,0.0,0.0
2005-05-06 00:00:00+09:00,1435.0,1470.0,1375.0,1402.5,556944,0.0,0.0
2005-05-09 00:00:00+09:00,1380.0,1402.5,1267.5,1277.5,980418,0.0,0.0
2005-05-10 00:00:00+09:00,1270.0,1292.5,1230.0,1230.0,478008,0.0,0.0
2005-05-11 00:00:00+09:00,1222.5,1260.0,1200.0,1252.5,366660,0.0,0.0
2005-05-12 00:00:00+09:00,1245.0,1277.5,1237.5,1250.0,269260,0.0,0.0
2005-05-13 00:00:00+09:00,1230.0,1287.5,1230.0,1285.0,302532,0.0,0.0
2005-05-16 00:00:00+09:00,1297.5,1322.5,1242.5,1255.0,458052,0.0,0.0
2005-05-17 00:00:00+09:00,1255.0,1257.5,1200.0,1212.5,663508,0.0,0.0
2005-05-18 00:00:00+09:00,1217.5,1240.0,1215.0,1227.5,273326,0.0,0.0
2005-05-19 00:00:00+09:00,1237.5,1270.0,1237.5,1255.0,293258,0.0,0.0
2005-05-20 00:00:00+09:00,1235.0,1267.5,1235.0,1260.0,330348,0.0,0.0
2005-05-23 00:00:00+09:00,1260.0,1270.0,1215.0,1215.0,231048,0.0,0.0
2005-05-24 00:00:00+09:00,1230.0,1235.0,1187.5,1205.0,425492,0.0,0.0
2005-05-25 00:00:00+09:00,1202.5,1217.5,1190.0,1210.0,321882,0.0,0.0
2005-05-26 00:00:00+09:00,1205.0,1212.5,1187.5,1192.5,173742,0.0,0.0
2005-05-27 00:00:00+09:00,1195.0,1215.0,1185.0,1190.0,514346,0.0,0.0
2005-05-30 00:00:00+09:00,1200.0,1220.0,1175.0,1207.5,309394,0.0,0.0
2005-05-31 00:00:00+09:00,1200.0,1220.0,1190.0,1205.0,294732,0.0,0.0
2005-06-01 00:00:00+09:00,1200.0,1212.5,1195.0,1207.5,317766,0.0,0.0
2005-06-02 00:00:00+09:00,1215.0,1220.0,1197.5,1197.5,373826,0.0,0.0
2005-06-03 00:00:00+09:00,1200.0,1200.0,1172.5,1175.0,301472,0.0,0.0
2005-06-07 00:00:00+09:00,1175.0,1180.0,1120.0,1130.0,658466,0.0,0.0
2005-06-08 00:00:00+09:00,1140.0,1140.0,1125.0,1137.5,242638,0.0,0.0
2005-06-09 00:00:00+09:00,1122.5,1162.5,1122.5,1157.5,486348,0.0,0.0
2005-06-10 00:00:00+09:00,1167.5,1200.0,1157.5,1182.5,463200,0.0,0.0
2005-06-13 00:00:00+09:00,1177.5,1187.5,1160.0,1172.5,210846,0.0,0.0
2005-06-14 00:00:00+09:00,1160.0,1172.5,1155.0,1160.0,163406,0.0,0.0
2005-06-15 00:00:00+09:00,1150.0,1175.0,1150.0,1165.0,181344,0.0,0.0
2005-06-16 00:00:00+09:00,1162.5,1182.5,1162.5,1175.0,143252,0.0,0.0
2005-06-17 00:00:00+09:00,1170.0,1195.0,1170.0,1182.5,123272,0.0,0.0
2005-06-20 00:00:00+09:00,1185.0,1195.0,1147.5,1170.0,228894,0.0,0.0
2005-06-21 00:00:00+09:00,1147.5,1172.5,1147.5,1147.5,128302,0.0,0.0
2005-06-22 00:00:00+09:00,1142.5,1150.0,1130.0,1140.0,242352,0.0,0.0
2005-06-23 00:00:00+09:00,1137.5,1160.0,1135.0,1147.5,128364,0.0,0.0
2005-06-24 00:00:00+09:00,1130.0,1145.0,1130.0,1135.0,193790,0.0,0.0
2005-06-27 00:00:00+09:00,1125.0,1135.0,1095.0,1115.0,291712,0.0,0.0
2005-06-28 00:00:00+09:00,1097.5,1125.0,1097.5,1122.5,286834,0.0,0.0
2005-06-29 00:00:00+09:00,1117.5,1135.0,1115.0,1125.0,110836,0.0,0.0
2005-06-30 00:00:00+09:00,1107.5,1132.5,1107.5,1120.0,363110,0.0,0.0
2005-07-01 00:00:00+09:00,1115.0,1130.0,1115.0,1125.0,150796,0.0,0.0
2005-07-04 00:00:00+09:00,1137.5,1137.5,1117.5,1135.0,229472,0.0,0.0
2005-07-05 00:00:00+09:00,1142.5,1165.0,1135.0,1165.0,333968,0.0,0.0
2005-07-06 00:00:00+09:00,1175.0,1245.0,1167.5,1240.0,1078234,0.0,0.0
2005-07-07 00:00:00+09:00,1265.0,1265.0,1205.0,1242.5,350058,0.0,0.0
2005-07-08 00:00:00+09:00,1245.0,1260.0,1232.5,1252.5,608138,0.0,0.0
2005-07-11 00:00:00+09:00,1270.0,1272.5,1245.0,1255.0,525548,0.0,0.0
2005-07-12 00:00:00+09:00,1262.5,1280.0,1232.5,1252.5,533974,0.0,0.0
2005-07-13 00:00:00+09:00,1252.5,1297.5,1240.0,1297.5,1339784,0.0,0.0
2005-07-14 00:00:00+09:00,1325.0,1325.0,1277.5,1295.0,643696,0.0,0.0
2005-07-15 00:00:00+09:00,1295.0,1317.5,1265.0,1277.5,627322,0.0,0.0
2005-07-18 00:00:00+09:00,1267.5,1290.0,1237.5,1257.5,512810,0.0,0.0
2005-07-19 00:00:00+09:00,1237.5,1260.0,1237.5,1245.0,382658,0.0,0.0
2005-07-20 00:00:00+09:00,1255.0,1262.5,1210.0,1250.0,277132,0.0,0.0
2005-07-21 00:00:00+09:00,1257.5,1260.0,1212.5,1247.5,412984,0.0,0.0
2005-07-22 00:00:00+09:00,1225.0,1237.5,1185.0,1197.5,193888,0.0,0.0
2005-07-25 00:00:00+09:00,1212.5,1235.0,1202.5,1227.5,279040,0.0,0.0
2005-07-26 00:00:00+09:00,1222.5,1255.0,1207.5,1255.0,416160,0.0,0.0
2005-07-27 00:00:00+09:00,1252.5,1275.0,1237.5,1270.0,374616,0.0,0.0
2005-07-28 00:00:00+09:00,1260.0,1265.0,1237.5,1237.5,316824,0.0,0.0
2005-07-29 00:00:00+09:00,1237.5,1240.0,1207.5,1212.5,339938,0.0,0.0
2005-08-01 00:00:00+09:00,1212.5,1227.5,1202.5,1202.5,306808,0.0,0.0
2005-08-02 00:00:00+09:00,1220.0,1240.0,1200.0,1230.0,829926,0.0,0.0
2005-08-03 00:00:00+09:00,1235.0,1285.0,1235.0,1260.0,1280768,0.0,0.0
2005-08-04 00:00:00+09:00,1275.0,1275.0,1205.0,1217.5,579464,0.0,0.0
2005-08-05 00:00:00+09:00,1210.0,1220.0,1165.0,1205.0,417468,0.0,0.0
2005-08-08 00:00:00+09:00,1155.0,1185.0,1110.0,1182.5,290186,0.0,0.0
2005-08-09 00:00:00+09:00,1182.5,1195.0,1162.5,1185.0,423750,0.0,0.0
2005-08-10 00:00:00+09:00,1185.0,1195.0,1165.0,1175.0,304440,0.0,0.0
2005-08-11 00:00:00+09:00,1170.0,1180.0,1162.5,1172.5,243728,0.0,0.0
2005-08-12 00:00:00+09:00,1182.5,1207.5,1177.5,1197.5,312412,0.0,0.0
2005-08-16 00:00:00+09:00,1185.0,1200.0,1160.0,1165.0,340376,0.0,0.0
2005-08-17 00:00:00+09:00,1160.0,1160.0,1130.0,1137.5,327914,0.0,0.0
2005-08-18 00:00:00+09:00,1142.5,1175.0,1125.0,1135.0,249550,0.0,0.0
2005-08-19 00:00:00+09:00,1120.0,1135.0,1112.5,1125.0,120430,0.0,0.0
2005-08-22 00:00:00+09:00,1115.0,1140.0,1115.0,1135.0,175196,0.0,0.0
2005-08-23 00:00:00+09:00,1145.0,1145.0,1130.0,1140.0,182018,0.0,0.0
2005-08-24 00:00:00+09:00,1135.0,1137.5,1112.5,1115.0,169952,0.0,0.0
2005-08-25 00:00:00+09:00,1107.5,1122.5,1105.0,1120.0,133966,0.0,0.0
2005-08-26 00:00:00+09:00,1110.0,1120.0,1107.5,1112.5,155882,0.0,0.0
2005-08-29 00:00:00+09:00,1110.0,1117.5,1042.5,1042.5,303130,0.0,0.0
2005-08-30 00:00:00+09:00,1045.0,1065.0,1030.0,1042.5,255462,0.0,0.0
2005-08-31 00:00:00+09:00,1015.0,1042.5,1015.0,1037.5,236506,0.0,0.0
2005-09-01 00:00:00+09:00,1060.0,1070.0,1047.5,1070.0,177238,0.0,0.0
2005-09-02 00:00:00+09:00,1075.0,1100.0,1070.0,1100.0,133060,0.0,0.0
2005-09-05 00:00:00+09:00,1100.0,1117.5,1095.0,1117.5,331200,0.0,0.0
2005-09-06 00:00:00+09:00,1122.5,1135.0,1100.0,1125.0,175918,0.0,0.0
2005-09-07 00:00:00+09:00,1140.0,1147.5,1125.0,1137.5,221778,0.0,0.0
2005-09-08 00:00:00+09:00,1137.5,1142.5,1130.0,1140.0,149284,0.0,0.0
2005-09-09 00:00:00+09:00,1132.5,1142.5,1125.0,1135.0,281738,0.0,0.0
2005-09-12 00:00:00+09:00,1140.0,1140.0,1125.0,1127.5,202896,0.0,0.0
2005-09-13 00:00:00+09:00,1127.5,1135.0,1110.0,1125.0,216330,0.0,0.0
2005-09-14 00:00:00+09:00,1120.0,1120.0,1100.0,1115.0,154600,0.0,0.0
2005-09-15 00:00:00+09:00,1107.5,1120.0,1095.0,1095.0,123688,0.0,0.0
2005-09-16 00:00:00+09:00,1095.0,1112.5,1095.0,1102.5,134772,0.0,0.0
2005-09-20 00:00:00+09:00,1105.0,1115.0,1090.0,1100.0,292332,0.0,0.0
2005-09-21 00:00:00+09:00,1105.0,1135.0,1105.0,1132.5,212856,0.0,0.0
2005-09-22 00:00:00+09:00,1137.5,1137.5,1110.0,1127.5,230736,0.0,0.0
2005-09-23 00:00:00+09:00,1125.0,1127.5,1110.0,1117.5,127270,0.0,0.0
2005-09-26 00:00:00+09:00,1112.5,1147.5,1112.5,1147.5,356926,0.0,0.0
2005-09-27 00:00:00+09:00,1152.5,1157.5,1137.5,1157.5,338768,0.0,0.0
2005-09-28 00:00:00+09:00,1157.5,1160.0,1145.0,1145.0,286876,0.0,0.0
2005-09-29 00:00:00+09:00,1150.0,1150.0,1127.5,1130.0,401878,0.0,0.0
2005-09-30 00:00:00+09:00,1140.0,1140.0,1127.5,1135.0,242172,0.0,0.0
2005-10-04 00:00:00+09:00,1137.5,1165.0,1137.5,1162.5,477498,0.0,0.0
2005-10-05 00:00:00+09:00,1162.5,1165.0,1140.0,1150.0,305206,0.0,0.0
2005-10-06 00:00:00+09:00,1147.5,1147.5,1127.5,1142.5,307954,0.0,0.0
2005-10-07 00:00:00+09:00,1127.5,1162.5,1125.0,1147.5,761634,0.0,0.0
2005-10-10 00:00:00+09:00,1145.0,1235.0,1142.5,1225.0,1021894,0.0,0.0
2005-10-11 00:00:00+09:00,1230.0,1270.0,1217.5,1255.0,493604,0.0,0.0
2005-10-12 00:00:00+09:00,1257.5,1260.0,1232.5,1250.0,446100,0.0,0.0
2005-10-13 00:00:00+09:00,1242.5,1275.0,1242.5,1267.5,362104,0.0,0.0
2005-10-14 00:00:00+09:00,1275.0,1317.5,1245.0,1315.0,665368,0.0,0.0
2005-10-17 00:00:00+09:00,1310.0,1327.5,1297.5,1310.0,608946,0.0,0.0
2005-10-18 00:00:00+09:00,1295.0,1505.0,1295.0,1505.0,1460212,0.0,0.0
2005-10-19 00:00:00+09:00,1527.5,1630.0,1505.0,1587.5,3101346,0.0,0.0
2005-10-20 00:00:00+09:00,1600.0,1685.0,1575.0,1630.0,954968,0.0,0.0
2005-10-21 00:00:00+09:00,1620.0,1640.0,1590.0,1630.0,954756,0.0,0.0
2005-10-24 00:00:00+09:00,1630.0,1692.5,1612.5,1650.0,794020,0.0,0.0
2005-10-25 00:00:00+09:00,1652.5,1720.0,1645.0,1677.5,1107456,0.0,0.0
2005-10-26 00:00:00+09:00,1705.0,1745.0,1685.0,1707.5,2168268,0.0,0.0
2005-10-27 00:00:00+09:00,1722.5,1722.5,1500.0,1500.0,1627282,0.0,0.0
2005-10-28 00:00:00+09:00,1525.0,1542.5,1360.0,1382.5,932126,0.0,0.0
2005-10-31 00:00:00+09:00,1380.0,1400.0,1347.5,1370.0,694466,0.0,0.0
2005-11-01 00:00:00+09:00,1385.0,1502.5,1385.0,1455.0,987228,0.0,0.0
2005-11-02 00:00:00+09:00,1440.0,1560.0,1440.0,1542.5,564394,0.0,0.0
2005-11-03 00:00:00+09:00,1530.0,1600.0,1505.0,1535.0,484834,0.0,0.0
2005-11-04 00:00:00+09:00,1547.5,1555.0,1495.0,1530.0,239112,0.0,0.0
2005-11-07 00:00:00+09:00,1547.5,1547.5,1447.5,1500.0,317670,0.0,0.0
2005-11-08 00:00:00+09:00,1490.0,1502.5,1425.0,1465.0,457512,0.0,0.0
2005-11-09 00:00:00+09:00,1435.0,1477.5,1375.0,1395.0,420090,0.0,0.0
2005-11-10 00:00:00+09:00,1400.0,1425.0,1385.0,1400.0,239282,0.0,0.0
2005-11-11 00:00:00+09:00,1395.0,1435.0,1395.0,1397.5,396724,0.0,0.0
2005-11-14 00:00:00+09:00,1400.0,1422.5,1350.0,1350.0,404892,0.0,0.0
2005-11-15 00:00:00+09:00,1345.0,1352.5,1272.5,1315.0,526026,0.0,0.0
2005-11-16 00:00:00+09:00,1325.0,1330.0,1295.0,1295.0,187816,0.0,0.0
2005-11-17 00:00:00+09:00,1295.0,1365.0,1287.5,1337.5,716700,0.0,0.0
2005-11-18 00:00:00+09:00,1355.0,1355.0,1297.5,1315.0,327734,0.0,0.0
2005-11-21 00:00:00+09:00,1315.0,1335.0,1282.5,1300.0,214320,0.0,0.0
2005-11-22 00:00:00+09:00,1300.0,1310.0,1250.0,1250.0,334588,0.0,0.0
2005-11-23 00:00:00+09:00,1232.5,1285.0,1232.5,1265.0,364632,0.0,0.0
2005-11-24 00:00:00+09:00,1262.5,1292.5,1232.5,1265.0,329174,0.0,0.0
2005-11-25 00:00:00+09:00,1257.5,1337.5,1250.0,1337.5,408210,0.0,0.0
2005-11-28 00:00:00+09:00,1352.5,1415.0,1330.0,1390.0,692674,0.0,0.0
2005-11-29 00:00:00+09:00,1390.0,1395.0,1342.5,1365.0,303522,0.0,0.0
2005-11-30 00:00:00+09:00,1347.5,1420.0,1342.5,1347.5,305582,0.0,0.0
2005-12-01 00:00:00+09:00,1365.0,1367.5,1325.0,1335.0,306518,0.0,0.0
2005-12-02 00:00:00+09:00,1350.0,1352.5,1282.5,1297.5,930050,0.0,0.0
2005-12-05 00:00:00+09:00,1300.0,1325.0,1275.0,1307.5,833800,0.0,0.0
2005-12-06 00:00:00+09:00,1320.0,1325.0,1270.0,1292.5,489014,0.0,0.0
2005-12-07 00:00:00+09:00,1285.0,1300.0,1257.5,1257.5,478426,0.0,0.0
2005-12-08 00:00:00+09:00,1242.5,1260.0,1215.0,1222.5,528576,0.0,0.0
2005-12-09 00:00:00+09:00,1215.0,1257.5,1210.0,1210.0,363022,0.0,0.0
2005-12-12 00:00:00+09:00,1207.5,1245.0,1207.5,1235.0,292842,0.0,0.0
2005-12-13 00:00:00+09:00,1235.0,1257.5,1227.5,1245.0,185506,0.0,0.0
2005-12-14 00:00:00+09:00,1247.5,1275.0,1240.0,1275.0,300182,0.0,0.0
2005-12-15 00:00:00+09:00,1275.0,1275.0,1237.5,1245.0,262610,0.0,0.0
2005-12-16 00:00:00+09:00,1235.0,1240.0,1177.5,1187.5,226288,0.0,0.0
2005-12-19 00:00:00+09:00,1185.0,1205.0,1182.5,1187.5,190502,0.0,0.0
2005-12-20 00:00:00+09:00,1187.5,1205.0,1185.0,1185.0,161164,0.0,0.0
2005-12-21 00:00:00+09:00,1202.5,1202.5,1160.0,1162.5,255438,0.0,0.0
2005-12-22 00:00:00+09:00,1185.0,1185.0,1145.0,1152.5,198248,0.0,0.0
2005-12-23 00:00:00+09:00,1175.0,1235.0,1142.5,1217.5,290618,0.0,0.0
2005-12-26 00:00:00+09:00,1217.5,1255.0,1212.5,1220.0,134844,0.0,0.0
2005-12-27 00:00:00+09:00,1222.5,1235.0,1180.0,1200.0,175366,0.0,0.0
2005-12-28 00:00:00+09:00,1167.5,1180.0,1150.0,1175.0,218942,0.0,0.0
2005-12-29 00:00:00+09:00,1187.5,1187.5,1152.5,1170.0,94904,0.0,0.0
2006-01-02 00:00:00+09:00,1150.0,1170.0,1145.0,1152.5,180704,0.0,0.0
2006-01-03 00:00:00+09:00,1155.0,1167.5,1147.5,1162.5,128714,0.0,0.0
2006-01-04 00:00:00+09:00,1180.0,1180.0,1150.0,1162.5,173042,0.0,0.0
2006-01-05 00:00:00+09:00,1157.5,1210.0,1157.5,1165.0,259668,0.0,0.0
2006-01-06 00:00:00+09:00,1187.5,1190.0,1147.5,1147.5,138986,0.0,0.0
2006-01-09 00:00:00+09:00,1157.5,1172.5,1130.0,1130.0,174352,0.0,0.0
2006-01-10 00:00:00+09:00,1130.0,1145.0,1107.5,1110.0,184134,0.0,0.0
2006-01-11 00:00:00+09:00,1105.0,1125.0,1090.0,1110.0,116716,0.0,0.0
2006-01-12 00:00:00+09:00,1100.0,1140.0,1100.0,1117.5,55786,0.0,0.0
2006-01-13 00:00:00+09:00,1102.5,1145.0,1097.5,1145.0,116694,0.0,0.0
2006-01-16 00:00:00+09:00,1180.0,1180.0,1145.0,1160.0,84694,0.0,0.0
2006-01-17 00:00:00+09:00,1152.5,1185.0,1150.0,1160.0,122136,0.0,0.0
2006-01-18 00:00:00+09:00,1172.5,1175.0,1085.0,1092.5,78898,0.0,0.0
2006-01-19 00:00:00+09:00,1090.0,1122.5,1075.0,1100.0,124574,0.0,0.0
2006-01-20 00:00:00+09:00,1100.0,1122.5,1065.0,1080.0,104824,0.0,0.0
2006-01-23 00:00:00+09:00,1052.5,1075.0,920.0,920.0,197258,0.0,0.0
2006-01-24 00:00:00+09:00,935.0,967.5,850.0,955.0,133778,0.0,0.0
2006-01-25 00:00:00+09:00,955.0,1007.5,950.0,1000.0,214482,0.0,0.0
2006-01-26 00:00:00+09:00,1002.5,1032.5,965.0,1000.0,45486,0.0,0.0
2006-01-27 00:00:00+09:00,1000.0,1040.0,1000.0,1040.0,72650,0.0,0.0
2006-01-31 00:00:00+09:00,1040.0,1110.0,1037.5,1085.0,98064,0.0,0.0
2006-02-01 00:00:00+09:00,1087.5,1120.0,930.0,995.0,56568,0.0,0.0
2006-02-02 00:00:00+09:00,1005.0,1015.0,955.0,980.0,257612,0.0,0.0
2006-02-03 00:00:00+09:00,955.0,990.0,932.5,970.0,47406,0.0,0.0
2006-02-06 00:00:00+09:00,965.0,965.0,930.0,955.0,26892,0.0,0.0
2006-02-07 00:00:00+09:00,965.0,980.0,942.5,947.5,123730,0.0,0.0
2006-02-08 00:00:00+09:00,945.0,962.5,910.0,937.5,126632,0.0,0.0
2006-02-09 00:00:00+09:00,930.0,942.5,912.5,912.5,166842,0.0,0.0
2006-02-10 00:00:00+09:00,915.0,922.5,902.5,905.0,137510,0.0,0.0
2006-02-13 00:00:00+09:00,945.0,945.0,900.0,900.0,80366,0.0,0.0
2006-02-14 00:00:00+09:00,910.0,925.0,900.0,915.0,108380,0.0,0.0
2006-02-15 00:00:00+09:00,932.5,950.0,912.5,912.5,205004,0.0,0.0
2006-02-16 00:00:00+09:00,915.0,935.0,900.0,912.5,71738,0.0,0.0
2006-02-17 00:00:00+09:00,922.5,925.0,900.0,920.0,131536,0.0,0.0
2006-02-20 00:00:00+09:00,910.0,940.0,885.0,920.0,124188,0.0,0.0
2006-02-21 00:00:00+09:00,920.0,950.0,920.0,937.5,48490,0.0,0.0
2006-02-22 00:00:00+09:00,937.5,950.0,922.5,937.5,39468,0.0,0.0
2006-02-23 00:00:00+09:00,932.5,952.5,932.5,940.0,88996,0.0,0.0
2006-02-24 00:00:00+09:00,932.5,955.0,932.5,937.5,66548,0.0,0.0
2006-02-27 00:00:00+09:00,937.5,965.0,930.0,957.5,116486,0.0,0.0
2006-02-28 00:00:00+09:00,957.5,965.0,945.0,950.0,56154,0.0,0.0
2006-03-02 00:00:00+09:00,957.5,972.5,935.0,950.0,121908,0.0,0.0
2006-03-03 00:00:00+09:00,950.0,965.0,937.5,937.5,134656,0.0,0.0
2006-03-06 00:00:00+09:00,932.5,972.5,932.5,950.0,134556,0.0,0.0
2006-03-07 00:00:00+09:00,945.0,955.0,932.5,940.0,49950,0.0,0.0
2006-03-08 00:00:00+09:00,930.0,960.0,930.0,940.0,42730,0.0,0.0
2006-03-09 00:00:00+09:00,940.0,957.5,925.0,937.5,90420,0.0,0.0
2006-03-10 00:00:00+09:00,937.5,942.5,927.5,930.0,42750,0.0,0.0
2006-03-13 00:00:00+09:00,935.0,960.0,930.0,955.0,166146,0.0,0.0
2006-03-14 00:00:00+09:00,967.5,967.5,947.5,950.0,50914,0.0,0.0
2006-03-15 00:00:00+09:00,950.0,980.0,950.0,980.0,175032,0.0,0.0
2006-03-16 00:00:00+09:00,1005.0,1005.0,977.5,977.5,105190,0.0,0.0
2006-03-17 00:00:00+09:00,980.0,1000.0,975.0,1000.0,120012,0.0,0.0
2006-03-20 00:00:00+09:00,1002.5,1032.5,982.5,1020.0,62286,0.0,0.0
2006-03-21 00:00:00+09:00,1020.0,1030.0,985.0,1010.0,47728,0.0,0.0
2006-03-22 00:00:00+09:00,1005.0,1005.0,940.0,975.0,73256,0.0,0.0
2006-03-23 00:00:00+09:00,975.0,990.0,952.5,965.0,64888,0.0,0.0
2006-03-24 00:00:00+09:00,965.0,967.5,937.5,965.0,48424,0.0,0.0
2006-03-27 00:00:00+09:00,952.5,970.0,942.5,952.5,71494,0.0,0.0
2006-03-28 00:00:00+09:00,950.0,965.0,950.0,957.5,53312,0.0,0.0
2006-03-29 00:00:00+09:00,957.5,970.0,950.0,952.5,69026,0.0,0.0
2006-03-30 00:00:00+09:00,955.0,975.0,955.0,965.0,58910,0.0,0.0
2006-03-31 00:00:00+09:00,977.5,985.0,952.5,965.0,161228,0.0,0.0
2006-04-03 00:00:00+09:00,960.0,990.0,957.5,965.0,213628,0.0,0.0
2006-04-04 00:00:00+09:00,990.0,992.5,970.0,982.5,109684,0.0,0.0
2006-04-05 00:00:00+09:00,982.5,1000.0,977.5,1000.0,93898,0.0,0.0
2006-04-06 00:00:00+09:00,1010.0,1025.0,1000.0,1025.0,79662,0.0,0.0
2006-04-07 00:00:00+09:00,1025.0,1025.0,995.0,1020.0,34446,0.0,0.0
2006-04-10 00:00:00+09:00,1002.5,1015.0,982.5,982.5,61680,0.0,0.0
2006-04-11 00:00:00+09:00,987.5,995.0,980.0,980.0,51746,0.0,0.0
2006-04-12 00:00:00+09:00,975.0,992.5,975.0,987.5,52290,0.0,0.0
2006-04-13 00:00:00+09:00,987.5,1020.0,987.5,1017.5,73914,0.0,0.0
2006-04-14 00:00:00+09:00,1017.5,1037.5,1000.0,1017.5,82628,0.0,0.0
2006-04-17 00:00:00+09:00,1017.5,1027.5,992.5,992.5,77462,0.0,0.0
2006-04-18 00:00:00+09:00,990.0,1015.0,990.0,990.0,45644,0.0,0.0
2006-04-19 00:00:00+09:00,1000.0,1012.5,985.0,990.0,112208,0.0,0.0
2006-04-20 00:00:00+09:00,992.5,997.5,977.5,985.0,53078,0.0,0.0
2006-04-21 00:00:00+09:00,975.0,985.0,975.0,977.5,47746,0.0,0.0
2006-04-24 00:00:00+09:00,975.0,987.5,962.5,975.0,61778,0.0,0.0
2006-04-25 00:00:00+09:00,970.0,1005.0,970.0,995.0,72972,0.0,0.0
2006-04-26 00:00:00+09:00,1012.5,1012.5,957.5,975.0,73032,0.0,0.0
2006-04-27 00:00:00+09:00,975.0,995.0,970.0,992.5,86664,0.0,0.0
2006-04-28 00:00:00+09:00,992.5,1005.0,977.5,990.0,53336,0.0,0.0
2006-05-02 00:00:00+09:00,995.0,995.0,960.0,972.5,62324,0.0,0.0
2006-05-03 00:00:00+09:00,970.0,982.5,965.0,970.0,44734,0.0,0.0
2006-05-04 00:00:00+09:00,970.0,977.5,935.0,950.0,104986,0.0,0.0
2006-05-08 00:00:00+09:00,955.0,972.5,935.0,950.0,42676,0.0,0.0
2006-05-09 00:00:00+09:00,945.0,965.0,925.0,937.5,86658,0.0,0.0
2006-05-10 00:00:00+09:00,937.5,942.5,925.0,930.0,57452,0.0,0.0
2006-05-11 00:00:00+09:00,932.5,932.5,915.0,930.0,149826,0.0,0.0
2006-05-12 00:00:00+09:00,925.0,930.0,917.5,925.0,36314,0.0,0.0
2006-05-15 00:00:00+09:00,925.0,950.0,915.0,925.0,67102,0.0,0.0
2006-05-16 00:00:00+09:00,925.0,937.5,912.5,925.0,92838,0.0,0.0
2006-05-17 00:00:00+09:00,915.0,935.0,907.5,910.0,42514,0.0,0.0
2006-05-18 00:00:00+09:00,910.0,910.0,875.0,900.0,80878,0.0,0.0
2006-05-19 00:00:00+09:00,915.0,915.0,897.5,907.5,56308,0.0,0.0
2006-05-22 00:00:00+09:00,900.0,915.0,880.0,895.0,45234,0.0,0.0
2006-05-23 00:00:00+09:00,895.0,915.0,877.5,895.0,45422,0.0,0.0
2006-05-24 00:00:00+09:00,880.0,912.5,875.0,900.0,26956,0.0,0.0
2006-05-25 00:00:00+09:00,912.5,912.5,885.0,895.0,10944,0.0,0.0
2006-05-26 00:00:00+09:00,900.0,907.5,845.0,862.5,103192,0.0,0.0
2006-05-29 00:00:00+09:00,887.5,887.5,850.0,850.0,24788,0.0,0.0
2006-05-30 00:00:00+09:00,850.0,857.5,820.0,837.5,55644,0.0,0.0
2006-06-01 00:00:00+09:00,847.5,860.0,820.0,847.5,76298,0.0,0.0
2006-06-02 00:00:00+09:00,830.0,862.5,830.0,842.5,34782,0.0,0.0
2006-06-05 00:00:00+09:00,825.0,855.0,817.5,830.0,47366,0.0,0.0
2006-06-07 00:00:00+09:00,807.5,817.5,730.0,740.0,209094,0.0,0.0
2006-06-08 00:00:00+09:00,710.0,765.0,707.5,760.0,88814,0.0,0.0
2006-06-09 00:00:00+09:00,742.5,780.0,742.5,780.0,32998,0.0,0.0
2006-06-12 00:00:00+09:00,780.0,792.5,762.5,770.0,21040,0.0,0.0
2006-06-13 00:00:00+09:00,762.5,830.0,755.0,790.0,45756,0.0,0.0
2006-06-14 00:00:00+09:00,790.0,807.5,770.0,807.5,42030,0.0,0.0
2006-06-15 00:00:00+09:00,815.0,830.0,780.0,830.0,21076,0.0,0.0
2006-06-16 00:00:00+09:00,840.0,860.0,820.0,860.0,57498,0.0,0.0
2006-06-19 00:00:00+09:00,840.0,872.5,830.0,872.5,27644,0.0,0.0
2006-06-20 00:00:00+09:00,812.5,870.0,812.5,857.5,1510,0.0,0.0
2006-06-21 00:00:00+09:00,865.0,865.0,820.0,842.5,36542,0.0,0.0
2006-06-22 00:00:00+09:00,860.0,860.0,817.5,840.0,24432,0.0,0.0
2006-06-23 00:00:00+09:00,830.0,830.0,807.5,817.5,114152,0.0,0.0
2006-06-26 00:00:00+09:00,842.5,842.5,800.0,825.0,16036,0.0,0.0
2006-06-27 00:00:00+09:00,805.0,825.0,797.5,825.0,30420,0.0,0.0
2006-06-28 00:00:00+09:00,800.0,840.0,785.0,825.0,35988,0.0,0.0
2006-06-29 00:00:00+09:00,840.0,842.5,840.0,842.5,2998,0.0,0.0
2006-06-30 00:00:00+09:00,850.0,885.0,845.0,880.0,6840,0.0,0.0
2006-07-03 00:00:00+09:00,880.0,895.0,857.5,885.0,7358,0.0,0.0
2006-07-04 00:00:00+09:00,890.0,890.0,867.5,887.5,4368,0.0,0.0
2006-07-05 00:00:00+09:00,882.5,897.5,850.0,860.0,10334,0.0,0.0
2006-07-06 00:00:00+09:00,890.0,890.0,845.0,862.5,1624,0.0,0.0
2006-07-07 00:00:00+09:00,845.0,887.5,845.0,870.0,19586,0.0,0.0
2006-07-10 00:00:00+09:00,845.0,865.0,827.5,857.5,32674,0.0,0.0
2006-07-11 00:00:00+09:00,857.5,885.0,850.0,850.0,13648,0.0,0.0
2006-07-12 00:00:00+09:00,870.0,870.0,850.0,850.0,25604,0.0,0.0
2006-07-13 00:00:00+09:00,860.0,870.0,827.5,852.5,10080,0.0,0.0
2006-07-14 00:00:00+09:00,832.5,867.5,822.5,830.0,39782,0.0,0.0
2006-07-18 00:00:00+09:00,825.0,847.5,760.0,835.0,8964,0.0,0.0
2006-07-19 00:00:00+09:00,847.5,857.5,815.0,857.5,36230,0.0,0.0
2006-07-20 00:00:00+09:00,875.0,875.0,825.0,857.5,41764,0.0,0.0
2006-07-21 00:00:00+09:00,850.0,872.5,787.5,792.5,89150,0.0,0.0
2006-07-24 00:00:00+09:00,815.0,815.0,792.5,792.5,5242,0.0,0.0
2006-07-25 00:00:00+09:00,810.0,827.5,790.0,820.0,9120,0.0,0.0
2006-07-26 00:00:00+09:00,840.0,840.0,800.0,822.5,10820,0.0,0.0
2006-07-27 00:00:00+09:00,812.5,847.5,800.0,840.0,16750,0.0,0.0
2006-07-28 00:00:00+09:00,807.5,840.0,800.0,840.0,18370,0.0,0.0
2006-07-31 00:00:00+09:00,850.0,850.0,800.0,835.0,14640,0.0,0.0
2006-08-01 00:00:00+09:00,810.0,812.5,792.5,805.0,47760,0.0,0.0
2006-08-02 00:00:00+09:00,800.0,807.5,795.0,805.0,4898,0.0,0.0
2006-08-03 00:00:00+09:00,805.0,822.5,782.5,797.5,23664,0.0,0.0
2006-08-04 00:00:00+09:00,790.0,797.5,780.0,780.0,51738,0.0,0.0
2006-08-07 00:00:00+09:00,770.0,800.0,750.0,750.0,172880,0.0,0.0
2006-08-08 00:00:00+09:00,752.5,765.0,750.0,760.0,59614,0.0,0.0
2006-08-09 00:00:00+09:00,752.5,790.0,752.5,790.0,37706,0.0,0.0
2006-08-10 00:00:00+09:00,777.5,800.0,775.0,800.0,30448,0.0,0.0
2006-08-11 00:00:00+09:00,820.0,825.0,800.0,815.0,12144,0.0,0.0
2006-08-14 00:00:00+09:00,815.0,835.0,805.0,835.0,3014,0.0,0.0
2006-08-16 00:00:00+09:00,810.0,825.0,802.5,820.0,12008,0.0,0.0
2006-08-17 00:00:00+09:00,820.0,820.0,800.0,817.5,5878,0.0,0.0
2006-08-18 00:00:00+09:00,787.5,820.0,787.5,810.0,6724,0.0,0.0
2006-08-21 00:00:00+09:00,815.0,820.0,790.0,810.0,5548,0.0,0.0
2006-08-22 00:00:00+09:00,810.0,810.0,780.0,802.5,6730,0.0,0.0
2006-08-23 00:00:00+09:00,810.0,815.0,802.5,802.5,18928,0.0,0.0
2006-08-24 00:00:00+09:00,802.5,825.0,785.0,785.0,24710,0.0,0.0
2006-08-25 00:00:00+09:00,785.0,800.0,782.5,797.5,37774,0.0,0.0
2006-08-28 00:00:00+09:00,797.5,797.5,775.0,775.0,20332,0.0,0.0
2006-08-29 00:00:00+09:00,800.0,800.0,782.5,795.0,13306,0.0,0.0
2006-08-30 00:00:00+09:00,800.0,812.5,782.5,807.5,25412,0.0,0.0
2006-08-31 00:00:00+09:00,815.0,815.0,795.0,810.0,52730,0.0,0.0
2006-09-01 00:00:00+09:00,817.5,820.0,802.5,812.5,4224,0.0,0.0
2006-09-04 00:00:00+09:00,815.0,820.0,800.0,800.0,49204,0.0,0.0
2006-09-05 00:00:00+09:00,807.5,812.5,797.5,812.5,15472,0.0,0.0
2006-09-06 00:00:00+09:00,805.0,925.0,805.0,882.5,147658,0.0,0.0
2006-09-07 00:00:00+09:00,860.0,897.5,842.5,875.0,25120,0.0,0.0
2006-09-08 00:00:00+09:00,895.0,895.0,870.0,882.5,7176,0.0,0.0
2006-09-11 00:00:00+09:00,897.5,897.5,857.5,885.0,19658,0.0,0.0
2006-09-12 00:00:00+09:00,885.0,897.5,870.0,890.0,442,0.0,0.0
2006-09-13 00:00:00+09:00,890.0,892.5,842.5,885.0,34256,0.0,0.0
2006-09-14 00:00:00+09:00,882.5,882.5,847.5,862.5,33684,0.0,0.0
2006-09-15 00:00:00+09:00,865.0,865.0,847.5,852.5,20962,0.0,0.0
2006-09-18 00:00:00+09:00,847.5,867.5,845.0,865.0,67784,0.0,0.0
2006-09-19 00:00:00+09:00,865.0,865.0,850.0,860.0,46476,0.0,0.0
2006-09-20 00:00:00+09:00,860.0,860.0,845.0,857.5,20782,0.0,0.0
2006-09-21 00:00:00+09:00,867.5,872.5,852.5,865.0,80358,0.0,0.0
2006-09-22 00:00:00+09:00,870.0,870.0,850.0,865.0,24448,0.0,0.0
2006-09-25 00:00:00+09:00,852.5,950.0,852.5,885.0,91458,0.0,0.0
2006-09-26 00:00:00+09:00,872.5,900.0,860.0,895.0,39888,0.0,0.0
2006-09-27 00:00:00+09:00,892.5,895.0,867.5,895.0,18428,0.0,0.0
2006-09-28 00:00:00+09:00,895.0,895.0,867.5,882.5,31494,0.0,0.0
2006-09-29 00:00:00+09:00,882.5,910.0,860.0,875.0,34474,0.0,0.0
2006-10-02 00:00:00+09:00,855.0,872.5,842.5,865.0,29046,0.0,0.0
2006-10-04 00:00:00+09:00,865.0,870.0,830.0,865.0,19076,0.0,0.0
2006-10-09 00:00:00+09:00,857.5,857.5,775.0,775.0,47152,0.0,0.0
2006-10-10 00:00:00+09:00,775.0,790.0,762.5,790.0,128968,0.0,0.0
2006-10-11 00:00:00+09:00,785.0,812.5,777.5,812.5,51350,0.0,0.0
2006-10-12 00:00:00+09:00,795.0,825.0,785.0,822.5,78454,0.0,0.0
2006-10-13 00:00:00+09:00,825.0,840.0,800.0,822.5,36794,0.0,0.0
2006-10-16 00:00:00+09:00,820.0,822.5,802.5,805.0,36142,0.0,0.0
2006-10-17 00:00:00+09:00,820.0,820.0,787.5,800.0,25624,0.0,0.0
2006-10-18 00:00:00+09:00,802.5,830.0,787.5,830.0,24150,0.0,0.0
2006-10-19 00:00:00+09:00,825.0,842.5,805.0,815.0,14678,0.0,0.0
2006-10-20 00:00:00+09:00,850.0,850.0,800.0,825.0,56682,0.0,0.0
2006-10-23 00:00:00+09:00,815.0,892.5,815.0,890.0,295664,0.0,0.0
2006-10-24 00:00:00+09:00,930.0,930.0,860.0,872.5,51484,0.0,0.0
2006-10-25 00:00:00+09:00,880.0,890.0,845.0,865.0,78058,0.0,0.0
2006-10-26 00:00:00+09:00,880.0,880.0,835.0,835.0,72466,0.0,0.0
2006-10-27 00:00:00+09:00,875.0,875.0,847.5,857.5,52204,0.0,0.0
2006-10-30 00:00:00+09:00,857.5,867.5,835.0,857.5,20542,0.0,0.0
2006-10-31 00:00:00+09:00,865.0,865.0,850.0,860.0,18540,0.0,0.0
2006-11-01 00:00:00+09:00,872.5,875.0,850.0,852.5,26582,0.0,0.0
2006-11-02 00:00:00+09:00,845.0,860.0,845.0,850.0,11932,0.0,0.0
2006-11-03 00:00:00+09:00,845.0,850.0,822.5,837.5,128830,0.0,0.0
2006-11-06 00:00:00+09:00,867.5,867.5,832.5,850.0,17184,0.0,0.0
2006-11-07 00:00:00+09:00,860.0,860.0,840.0,855.0,57694,0.0,0.0
2006-11-08 00:00:00+09:00,855.0,872.5,847.5,872.5,60808,0.0,0.0
2006-11-09 00:00:00+09:00,857.5,875.0,855.0,875.0,29548,0.0,0.0
2006-11-10 00:00:00+09:00,860.0,880.0,855.0,880.0,16364,0.0,0.0
2006-11-13 00:00:00+09:00,880.0,897.5,875.0,895.0,28408,0.0,0.0
2006-11-14 00:00:00+09:00,897.5,900.0,870.0,895.0,40988,0.0,0.0
2006-11-15 00:00:00+09:00,900.0,905.0,882.5,895.0,69822,0.0,0.0
2006-11-16 00:00:00+09:00,900.0,912.5,895.0,910.0,161788,0.0,0.0
2006-11-17 00:00:00+09:00,900.0,917.5,900.0,917.5,32760,0.0,0.0
2006-11-20 00:00:00+09:00,905.0,925.0,905.0,925.0,44858,0.0,0.0
2006-11-21 00:00:00+09:00,922.5,925.0,915.0,925.0,5150,0.0,0.0
2006-11-22 00:00:00+09:00,920.0,925.0,920.0,925.0,14264,0.0,0.0
2006-11-23 00:00:00+09:00,935.0,965.0,925.0,952.5,55282,0.0,0.0
2006-11-24 00:00:00+09:00,962.5,965.0,940.0,940.0,15562,0.0,0.0
2006-11-27 00:00:00+09:00,940.0,955.0,925.0,955.0,76452,0.0,0.0
2006-11-28 00:00:00+09:00,945.0,970.0,942.5,950.0,10646,0.0,0.0
2006-11-29 00:00:00+09:00,960.0,960.0,925.0,945.0,57484,0.0,0.0
2006-11-30 00:00:00+09:00,945.0,950.0,925.0,925.0,48396,0.0,0.0
2006-12-04 00:00:00+09:00,945.0,950.0,927.5,947.5,18314,0.0,0.0
2006-12-05 00:00:00+09:00,950.0,970.0,937.5,947.5,51256,0.0,0.0
2006-12-06 00:00:00+09:00,942.5,947.5,935.0,942.5,48218,0.0,0.0
2006-12-07 00:00:00+09:00,935.0,955.0,930.0,930.0,58018,0.0,0.0
2006-12-08 00:00:00+09:00,947.5,947.5,920.0,932.5,12876,0.0,0.0
2006-12-11 00:00:00+09:00,925.0,942.5,925.0,940.0,7822,0.0,0.0
2006-12-12 00:00:00+09:00,922.5,937.5,922.5,925.0,9362,0.0,0.0
2006-12-13 00:00:00+09:00,920.0,945.0,892.5,907.5,56414,0.0,0.0
2006-12-14 00:00:00+09:00,932.5,935.0,902.5,925.0,97072,0.0,0.0
2006-12-15 00:00:00+09:00,915.0,932.5,910.0,915.0,31966,0.0,0.0
2006-12-18 00:00:00+09:00,915.0,925.0,915.0,917.5,39520,0.0,0.0
2006-12-19 00:00:00+09:00,912.5,937.5,912.5,932.5,15306,0.0,0.0
2006-12-20 00:00:00+09:00,920.0,942.5,920.0,937.5,1408,0.0,0.0
2006-12-21 00:00:00+09:00,940.0,945.0,912.5,920.0,11928,0.0,0.0
2006-12-22 00:00:00+09:00,907.5,940.0,907.5,927.5,13218,0.0,0.0
2006-12-26 00:00:00+09:00,942.5,942.5,915.0,927.5,20332,0.0,0.0
2006-12-27 00:00:00+09:00,875.0,920.0,875.0,890.0,23694,0.0,0.0
2006-12-28 00:00:00+09:00,912.5,912.5,890.0,900.0,5260,0.0,0.0
2007-01-02 00:00:00+09:00,910.0,910.0,890.0,895.0,1256,0.0,0.0
2007-01-03 00:00:00+09:00,877.5,892.5,850.0,882.5,40466,0.0,0.0
2007-01-04 00:00:00+09:00,882.5,882.5,850.0,862.5,16186,0.0,0.0
2007-01-05 00:00:00+09:00,865.0,865.0,835.0,860.0,20064,0.0,0.0
2007-01-08 00:00:00+09:00,850.0,860.0,830.0,850.0,29890,0.0,0.0
2007-01-09 00:00:00+09:00,860.0,860.0,830.0,830.0,96540,0.0,0.0
2007-01-10 00:00:00+09:00,827.5,847.5,825.0,832.5,16438,0.0,0.0
2007-01-11 00:00:00+09:00,822.5,855.0,822.5,825.0,25844,0.0,0.0
2007-01-12 00:00:00+09:00,822.5,847.5,822.5,842.5,19470,0.0,0.0
2007-01-15 00:00:00+09:00,842.5,865.0,842.5,847.5,16768,0.0,0.0
2007-01-16 00:00:00+09:00,847.5,882.5,845.0,852.5,3138,0.0,0.0
2007-01-17 00:00:00+09:00,877.5,877.5,835.0,860.0,9660,0.0,0.0
2007-01-18 00:00:00+09:00,850.0,860.0,845.0,845.0,11170,0.0,0.0
2007-01-19 00:00:00+09:00,852.5,852.5,822.5,840.0,23038,0.0,0.0
2007-01-22 00:00:00+09:00,822.5,842.5,812.5,842.5,6874,0.0,0.0
2007-01-23 00:00:00+09:00,840.0,845.0,802.5,802.5,4248,0.0,0.0
2007-01-24 00:00:00+09:00,812.5,832.5,812.5,830.0,2386,0.0,0.0
2007-01-25 00:00:00+09:00,832.5,860.0,832.5,847.5,8088,0.0,0.0
2007-01-26 00:00:00+09:00,845.0,845.0,835.0,837.5,10662,0.0,0.0
2007-01-29 00:00:00+09:00,875.0,875.0,835.0,845.0,796,0.0,0.0
2007-01-30 00:00:00+09:00,857.5,857.5,815.0,820.0,5300,0.0,0.0
2007-01-31 00:00:00+09:00,820.0,827.5,810.0,822.5,40166,0.0,0.0
2007-02-01 00:00:00+09:00,815.0,827.5,725.0,805.0,30358,0.0,0.0
2007-02-02 00:00:00+09:00,805.0,850.0,805.0,820.0,41434,0.0,0.0
2007-02-05 00:00:00+09:00,820.0,835.0,812.5,827.5,36602,0.0,0.0
2007-02-06 00:00:00+09:00,827.5,830.0,815.0,830.0,8402,0.0,0.0
2007-02-07 00:00:00+09:00,835.0,840.0,820.0,830.0,12090,0.0,0.0
2007-02-08 00:00:00+09:00,832.5,850.0,825.0,845.0,323062,0.0,0.0
2007-02-09 00:00:00+09:00,845.0,855.0,840.0,842.5,59252,0.0,0.0
2007-02-12 00:00:00+09:00,850.0,875.0,850.0,865.0,116870,0.0,0.0
2007-02-13 00:00:00+09:00,915.0,890.0,865.0,877.5,5036406,0.0,0.0
2007-02-14 00:00:00+09:00,915.0,1007.5,910.0,1007.5,5036406,0.0,0.0
2007-02-15 00:00:00+09:00,1040.0,1080.0,975.0,1045.0,2858162,0.0,0.0
2007-02-16 00:00:00+09:00,1025.0,1042.5,955.0,955.0,1034826,0.0,0.0
2007-02-20 00:00:00+09:00,965.0,985.0,917.5,970.0,1019348,0.0,0.0
2007-02-21 00:00:00+09:00,952.5,1027.5,935.0,1027.5,1169626,0.0,0.0
2007-02-22 00:00:00+09:00,1035.0,1037.5,975.0,985.0,668526,0.0,0.0
2007-02-23 00:00:00+09:00,982.5,982.5,942.5,967.5,566676,0.0,0.0
2007-02-26 00:00:00+09:00,987.5,1000.0,955.0,967.5,407758,0.0,0.0
2007-02-27 00:00:00+09:00,970.0,1020.0,940.0,947.5,474118,0.0,0.0
2007-02-28 00:00:00+09:00,905.0,925.0,875.0,917.5,464998,0.0,0.0
2007-03-05 00:00:00+09:00,920.0,977.5,920.0,970.0,341930,0.0,0.0
2007-03-06 00:00:00+09:00,997.5,1017.5,970.0,1012.5,540082,0.0,0.0
2007-03-07 00:00:00+09:00,1017.5,1032.5,992.5,1010.0,404136,0.0,0.0
2007-03-08 00:00:00+09:00,1012.5,1040.0,987.5,1007.5,243974,0.0,0.0
2007-03-09 00:00:00+09:00,1017.5,1050.0,1010.0,1045.0,490398,0.0,0.0
2007-03-12 00:00:00+09:00,1050.0,1100.0,1045.0,1075.0,760586,0.0,0.0
2007-03-13 00:00:00+09:00,1092.5,1092.5,1035.0,1045.0,367152,0.0,0.0
2007-03-14 00:00:00+09:00,1017.5,1037.5,985.0,1017.5,473524,0.0,0.0
2007-03-15 00:00:00+09:00,1030.0,1062.5,1020.0,1035.0,141914,0.0,0.0
2007-03-16 00:00:00+09:00,1030.0,1045.0,1015.0,1015.0,183920,0.0,0.0
2007-03-19 00:00:00+09:00,1000.0,1035.0,992.5,1015.0,361842,0.0,0.0
2007-03-20 00:00:00+09:00,1020.0,1022.5,1010.0,1015.0,478914,0.0,0.0
2007-03-21 00:00:00+09:00,1010.0,1057.5,1010.0,1020.0,481244,0.0,0.0
2007-03-22 00:00:00+09:00,1032.5,1050.0,1002.5,1022.5,363820,0.0,0.0
2007-03-23 00:00:00+09:00,1012.5,1032.5,1005.0,1017.5,370574,0.0,0.0
2007-03-26 00:00:00+09:00,1020.0,1025.0,1005.0,1017.5,120508,0.0,0.0
2007-03-27 00:00:00+09:00,1012.5,1047.5,1012.5,1040.0,279110,0.0,0.0
2007-03-28 00:00:00+09:00,1070.0,1072.5,1020.0,1027.5,277802,0.0,0.0
2007-03-29 00:00:00+09:00,1085.0,1085.0,1022.5,1085.0,299662,0.0,0.0
2007-03-30 00:00:00+09:00,1085.0,1100.0,1067.5,1085.0,299662,0.0,0.0
2007-04-02 00:00:00+09:00,1110.0,1125.0,1077.5,1092.5,339378,0.0,0.0
2007-04-03 00:00:00+09:00,1077.5,1100.0,1070.0,1092.5,447540,0.0,0.0
2007-04-04 00:00:00+09:00,1122.5,1122.5,1100.0,1110.0,304276,0.0,0.0
2007-04-05 00:00:00+09:00,1105.0,1130.0,1105.0,1120.0,194728,0.0,0.0
2007-04-06 00:00:00+09:00,1130.0,1130.0,1110.0,1125.0,289162,0.0,0.0
2007-04-09 00:00:00+09:00,1122.5,1170.0,1122.5,1140.0,343740,0.0,0.0
2007-04-10 00:00:00+09:00,1125.0,1165.0,1125.0,1162.5,256376,0.0,0.0
2007-04-11 00:00:00+09:00,1167.5,1175.0,1152.5,1175.0,233490,0.0,0.0
2007-04-12 00:00:00+09:00,1170.0,1172.5,1155.0,1160.0,205176,0.0,0.0
2007-04-13 00:00:00+09:00,1150.0,1187.5,1150.0,1180.0,296754,0.0,0.0
2007-04-16 00:00:00+09:00,1175.0,1197.5,1175.0,1197.5,308840,0.0,0.0
2007-04-17 00:00:00+09:00,1200.0,1212.5,1177.5,1195.0,320570,0.0,0.0
2007-04-18 00:00:00+09:00,1215.0,1215.0,1182.5,1200.0,311880,0.0,0.0
2007-04-19 00:00:00+09:00,1197.5,1197.5,1137.5,1162.5,570228,0.0,0.0
2007-04-20 00:00:00+09:00,1145.0,1180.0,1145.0,1172.5,240482,0.0,0.0
2007-04-23 00:00:00+09:00,1167.5,1242.5,1167.5,1200.0,283924,0.0,0.0
2007-04-24 00:00:00+09:00,1192.5,1225.0,1192.5,1215.0,336322,0.0,0.0
2007-04-25 00:00:00+09:00,1210.0,1230.0,1202.5,1230.0,203098,0.0,0.0
2007-04-26 00:00:00+09:00,1235.0,1282.5,1230.0,1260.0,271606,0.0,0.0
2007-04-27 00:00:00+09:00,1275.0,1275.0,1237.5,1247.5,269502,0.0,0.0
2007-04-30 00:00:00+09:00,1235.0,1260.0,1222.5,1230.0,185556,0.0,0.0
2007-05-02 00:00:00+09:00,1232.5,1282.5,1222.5,1245.0,410566,0.0,0.0
2007-05-03 00:00:00+09:00,1260.0,1270.0,1237.5,1255.0,166318,0.0,0.0
2007-05-04 00:00:00+09:00,1240.0,1272.5,1240.0,1272.5,141442,0.0,0.0
2007-05-07 00:00:00+09:00,1272.5,1320.0,1272.5,1312.5,212690,0.0,0.0
2007-05-08 00:00:00+09:00,1325.0,1325.0,1300.0,1310.0,94730,0.0,0.0
2007-05-09 00:00:00+09:00,1307.5,1387.5,1307.5,1367.5,306244,0.0,0.0
2007-05-10 00:00:00+09:00,1370.0,1452.5,1367.5,1440.0,719472,0.0,0.0
2007-05-11 00:00:00+09:00,1425.0,1460.0,1395.0,1427.5,244892,0.0,0.0
2007-05-14 00:00:00+09:00,1430.0,1462.5,1430.0,1457.5,265952,0.0,0.0
2007-05-15 00:00:00+09:00,1457.5,1457.5,1307.5,1370.0,447278,0.0,0.0
2007-05-16 00:00:00+09:00,1327.5,1350.0,1295.0,1327.5,239610,0.0,0.0
2007-05-17 00:00:00+09:00,1327.5,1350.0,1320.0,1330.0,239610,0.0,0.0
2007-05-18 00:00:00+09:00,1340.0,1340.0,1292.5,1325.0,318390,0.0,0.0
2007-05-21 00:00:00+09:00,1305.0,1325.0,1302.5,1312.5,211362,0.0,0.0
2007-05-22 00:00:00+09:00,1312.5,1350.0,1290.0,1290.0,164408,0.0,0.0
2007-05-23 00:00:00+09:00,1292.5,1310.0,1235.0,1307.5,325096,0.0,0.0
2007-05-25 00:00:00+09:00,1295.0,1320.0,1277.5,1310.0,105456,0.0,0.0
2007-05-28 00:00:00+09:00,1310.0,1320.0,1305.0,1315.0,271670,0.0,0.0
2007-05-29 00:00:00+09:00,1317.5,1347.5,1310.0,1340.0,253972,0.0,0.0
2007-05-30 00:00:00+09:00,1345.0,1350.0,1300.0,1327.5,254306,0.0,0.0
2007-05-31 00:00:00+09:00,1330.0,1392.5,1330.0,1362.5,730630,0.0,0.0
2007-06-01 00:00:00+09:00,1365.0,1375.0,1310.0,1315.0,362916,0.0,0.0
2007-06-04 00:00:00+09:00,1315.0,1335.0,1290.0,1320.0,237490,0.0,0.0
2007-06-05 00:00:00+09:00,1317.5,1340.0,1302.5,1335.0,181764,0.0,0.0
2007-06-07 00:00:00+09:00,1310.0,1350.0,1310.0,1345.0,198330,0.0,0.0
2007-06-08 00:00:00+09:00,1340.0,1365.0,1310.0,1335.0,198704,0.0,0.0
2007-06-11 00:00:00+09:00,1340.0,1355.0,1315.0,1317.5,191934,0.0,0.0
2007-06-12 00:00:00+09:00,1330.0,1340.0,1312.5,1337.5,325824,0.0,0.0
2007-06-13 00:00:00+09:00,1335.0,1337.5,1310.0,1325.0,201792,0.0,0.0
2007-06-14 00:00:00+09:00,1340.0,1342.5,1325.0,1325.0,98358,0.0,0.0
2007-06-15 00:00:00+09:00,1340.0,1415.0,1325.0,1355.0,585064,0.0,0.0
2007-06-18 00:00:00+09:00,1417.5,1415.0,1365.0,1415.0,218772,0.0,0.0
2007-06-19 00:00:00+09:00,1417.5,1417.5,1392.5,1415.0,218772,0.0,0.0
2007-06-20 00:00:00+09:00,1420.0,1430.0,1380.0,1390.0,117400,0.0,0.0
2007-06-21 00:00:00+09:00,1380.0,1412.5,1380.0,1382.5,89996,0.0,0.0
2007-06-22 00:00:00+09:00,1375.0,1390.0,1345.0,1350.0,62690,0.0,0.0
2007-06-25 00:00:00+09:00,1347.5,1350.0,1312.5,1322.5,423978,0.0,0.0
2007-06-26 00:00:00+09:00,1307.5,1325.0,1275.0,1287.5,95312,0.0,0.0
2007-06-27 00:00:00+09:00,1307.5,1307.5,1275.0,1287.5,95312,0.0,0.0
2007-06-28 00:00:00+09:00,1275.0,1297.5,1275.0,1295.0,50054,0.0,0.0
2007-06-29 00:00:00+09:00,1295.0,1310.0,1282.5,1302.5,90248,0.0,0.0
2007-07-02 00:00:00+09:00,1307.5,1310.0,1292.5,1310.0,39880,0.0,0.0
2007-07-03 00:00:00+09:00,1320.0,1340.0,1310.0,1320.0,28216,0.0,0.0
2007-07-04 00:00:00+09:00,1337.5,1355.0,1315.0,1350.0,92276,0.0,0.0
2007-07-05 00:00:00+09:00,1350.0,1380.0,1327.5,1347.5,159304,0.0,0.0
2007-07-06 00:00:00+09:00,1347.5,1352.5,1325.0,1335.0,154140,0.0,0.0
2007-07-09 00:00:00+09:00,1332.5,1380.0,1332.5,1367.5,98084,0.0,0.0
2007-07-10 00:00:00+09:00,1365.0,1382.5,1347.5,1380.0,91166,0.0,0.0
2007-07-11 00:00:00+09:00,1370.0,1387.5,1357.5,1367.5,1016702,0.0,0.0
2007-07-12 00:00:00+09:00,1370.0,1572.5,1370.0,1572.5,1016702,0.0,0.0
2007-07-13 00:00:00+09:00,1720.0,1792.5,1587.5,1600.0,3147106,0.0,0.0
2007-07-16 00:00:00+09:00,1720.0,1840.0,1680.0,1840.0,3147106,0.0,0.0
2007-07-18 00:00:00+09:00,1950.0,2037.5,1777.5,1812.5,4672054,0.0,0.0
2007-07-19 00:00:00+09:00,1745.0,1812.5,1667.5,1690.0,2818590,0.0,0.0
2007-07-20 00:00:00+09:00,1745.0,1942.5,1687.5,1942.5,2818590,0.0,0.0
2007-07-23 00:00:00+09:00,1925.0,2142.5,1875.0,1875.0,4390544,0.0,0.0
2007-07-24 00:00:00+09:00,1910.0,1932.5,1730.0,1825.0,1296906,0.0,0.0
2007-07-25 00:00:00+09:00,1770.0,1890.0,1755.0,1795.0,714156,0.0,0.0
2007-07-26 00:00:00+09:00,1820.0,1850.0,1700.0,1700.0,659902,0.0,0.0
2007-07-27 00:00:00+09:00,1625.0,1677.5,1587.5,1640.0,485738,0.0,0.0
2007-07-30 00:00:00+09:00,1615.0,1705.0,1610.0,1680.0,379828,0.0,0.0
2007-07-31 00:00:00+09:00,1720.0,1747.5,1680.0,1682.5,452004,0.0,0.0
2007-08-01 00:00:00+09:00,1655.0,1690.0,1550.0,1565.0,312324,0.0,0.0
2007-08-02 00:00:00+09:00,1582.5,1630.0,1500.0,1550.0,325826,0.0,0.0
2007-08-03 00:00:00+09:00,1575.0,1760.0,1575.0,1655.0,911552,0.0,0.0
2007-08-06 00:00:00+09:00,1645.0,1692.5,1575.0,1605.0,197858,0.0,0.0
2007-08-07 00:00:00+09:00,1642.5,1652.5,1582.5,1597.5,243438,0.0,0.0
2007-08-08 00:00:00+09:00,1617.5,1642.5,1587.5,1615.0,231938,0.0,0.0
2007-08-09 00:00:00+09:00,1672.5,1750.0,1630.0,1640.0,233216,0.0,0.0
2007-08-10 00:00:00+09:00,1600.0,1615.0,1525.0,1560.0,335240,0.0,0.0
2007-08-13 00:00:00+09:00,1567.5,1582.5,1520.0,1560.0,207918,0.0,0.0
2007-08-14 00:00:00+09:00,1560.0,1562.5,1465.0,1487.5,316032,0.0,0.0
2007-08-16 00:00:00+09:00,1400.0,1400.0,1265.0,1277.5,533416,0.0,0.0
2007-08-17 00:00:00+09:00,1290.0,1315.0,1225.0,1255.0,384004,0.0,0.0
2007-08-20 00:00:00+09:00,1345.0,1385.0,1315.0,1365.0,239078,0.0,0.0
2007-08-21 00:00:00+09:00,1380.0,1417.5,1325.0,1357.5,288328,0.0,0.0
2007-08-22 00:00:00+09:00,1355.0,1420.0,1355.0,1415.0,152844,0.0,0.0
2007-08-23 00:00:00+09:00,1445.0,1465.0,1402.5,1415.0,216876,0.0,0.0
2007-08-24 00:00:00+09:00,1417.5,1417.5,1377.5,1407.5,103786,0.0,0.0
2007-08-27 00:00:00+09:00,1452.5,1470.0,1425.0,1432.5,1352354,0.0,0.0
2007-08-28 00:00:00+09:00,1452.5,1645.0,1440.0,1645.0,1352354,0.0,0.0
2007-08-29 00:00:00+09:00,1575.0,1812.5,1565.0,1630.0,3830990,0.0,0.0
2007-08-30 00:00:00+09:00,1685.0,1800.0,1580.0,1580.0,1467286,0.0,0.0
2007-08-31 00:00:00+09:00,1590.0,1642.5,1550.0,1577.5,329740,0.0,0.0
2007-09-03 00:00:00+09:00,1650.0,1680.0,1600.0,1617.5,352978,0.0,0.0
2007-09-04 00:00:00+09:00,1627.5,1685.0,1595.0,1600.0,360372,0.0,0.0
2007-09-05 00:00:00+09:00,1607.5,1642.5,1540.0,1540.0,283190,0.0,0.0
2007-09-06 00:00:00+09:00,1537.5,1700.0,1530.0,1625.0,619686,0.0,0.0
2007-09-07 00:00:00+09:00,1650.0,1697.5,1615.0,1635.0,663196,0.0,0.0
2007-09-10 00:00:00+09:00,1725.0,1787.5,1570.0,1677.5,2166380,0.0,0.0
2007-09-11 00:00:00+09:00,1725.0,1927.5,1725.0,1927.5,2166380,0.0,0.0
2007-09-12 00:00:00+09:00,1997.5,2117.5,1807.5,1897.5,3502932,0.0,0.0
2007-09-13 00:00:00+09:00,1897.5,1982.5,1825.0,1965.0,1602014,0.0,0.0
2007-09-14 00:00:00+09:00,2047.5,2257.5,2025.0,2185.0,3606956,0.0,0.0
2007-09-17 00:00:00+09:00,2250.0,2447.5,2150.0,2300.0,3591262,0.0,0.0
2007-09-18 00:00:00+09:00,2325.0,2435.0,2060.0,2070.0,2090072,0.0,0.0
2007-09-19 00:00:00+09:00,2175.0,2197.5,1945.0,1962.5,1238168,0.0,0.0
2007-09-20 00:00:00+09:00,1962.5,2097.5,1882.5,2095.0,1285066,0.0,0.0
2007-09-21 00:00:00+09:00,2095.0,2137.5,1977.5,1990.0,623944,0.0,0.0
2007-09-27 00:00:00+09:00,1995.0,1995.0,1877.5,1920.0,585034,0.0,0.0
2007-09-28 00:00:00+09:00,1927.5,2075.0,1925.0,2027.5,824170,0.0,0.0
2007-10-01 00:00:00+09:00,2040.0,2125.0,2002.5,2042.5,573802,0.0,0.0
2007-10-02 00:00:00+09:00,2075.0,2210.0,2045.0,2125.0,856772,0.0,0.0
2007-10-04 00:00:00+09:00,2160.0,2325.0,2125.0,2150.0,1186756,0.0,0.0
2007-10-05 00:00:00+09:00,2245.0,2245.0,1980.0,2020.0,710246,0.0,0.0
2007-10-08 00:00:00+09:00,2072.5,2090.0,1990.0,1990.0,738164,0.0,0.0
2007-10-09 00:00:00+09:00,1990.0,1990.0,1837.5,1890.0,677376,0.0,0.0
2007-10-10 00:00:00+09:00,1925.0,1930.0,1835.0,1837.5,409570,0.0,0.0
2007-10-11 00:00:00+09:00,1812.5,1837.5,1760.0,1807.5,242120,0.0,0.0
2007-10-12 00:00:00+09:00,1810.0,1970.0,1802.5,1867.5,415094,0.0,0.0
2007-10-15 00:00:00+09:00,1860.0,1870.0,1740.0,1760.0,281180,0.0,0.0
2007-10-16 00:00:00+09:00,1777.5,1777.5,1600.0,1615.0,575436,0.0,0.0
2007-10-17 00:00:00+09:00,1700.0,1700.0,1542.5,1615.0,260174,0.0,0.0
2007-10-18 00:00:00+09:00,1582.5,1685.0,1582.5,1615.0,161518,0.0,0.0
2007-10-19 00:00:00+09:00,1552.5,1615.0,1552.5,1575.0,155222,0.0,0.0
2007-10-22 00:00:00+09:00,1545.0,1500.0,1420.0,1482.5,441162,0.0,0.0
2007-10-23 00:00:00+09:00,1545.0,1702.5,1497.5,1702.5,441162,0.0,0.0
2007-10-24 00:00:00+09:00,1677.5,1780.0,1607.5,1622.5,523576,0.0,0.0
2007-10-25 00:00:00+09:00,1650.0,1685.0,1550.0,1575.0,172060,0.0,0.0
2007-10-26 00:00:00+09:00,1555.0,1647.5,1555.0,1640.0,108746,0.0,0.0
2007-10-29 00:00:00+09:00,1652.5,1700.0,1640.0,1682.5,123638,0.0,0.0
2007-10-30 00:00:00+09:00,1700.0,1720.0,1632.5,1720.0,95928,0.0,0.0
2007-10-31 00:00:00+09:00,1667.5,1835.0,1667.5,1810.0,398892,0.0,0.0
2007-11-01 00:00:00+09:00,1845.0,1845.0,1720.0,1742.5,195436,0.0,0.0
2007-11-02 00:00:00+09:00,1630.0,1762.5,1630.0,1687.5,218382,0.0,0.0
2007-11-05 00:00:00+09:00,1690.0,1700.0,1627.5,1637.5,85208,0.0,0.0
2007-11-06 00:00:00+09:00,1675.0,1682.5,1645.0,1650.0,109434,0.0,0.0
2007-11-07 00:00:00+09:00,1720.0,1720.0,1600.0,1637.5,137770,0.0,0.0
2007-11-08 00:00:00+09:00,1587.5,1625.0,1547.5,1572.5,53230,0.0,0.0
2007-11-09 00:00:00+09:00,1597.5,1660.0,1575.0,1642.5,104194,0.0,0.0
2007-11-12 00:00:00+09:00,1582.5,1732.5,1515.0,1625.0,103688,0.0,0.0
2007-11-13 00:00:00+09:00,1642.5,1655.0,1575.0,1610.0,55782,0.0,0.0
2007-11-14 00:00:00+09:00,1642.5,1740.0,1615.0,1690.0,508386,0.0,0.0
2007-11-15 00:00:00+09:00,1650.0,1685.0,1590.0,1595.0,143272,0.0,0.0
2007-11-16 00:00:00+09:00,1615.0,1615.0,1505.0,1595.0,163344,0.0,0.0
2007-11-19 00:00:00+09:00,1567.5,1597.5,1525.0,1550.0,242346,0.0,0.0
2007-11-20 00:00:00+09:00,1522.5,1522.5,1455.0,1505.0,232944,0.0,0.0
2007-11-21 00:00:00+09:00,1507.5,1510.0,1425.0,1432.5,195388,0.0,0.0
2007-11-22 00:00:00+09:00,1407.5,1452.5,1407.5,1417.5,104688,0.0,0.0
2007-11-23 00:00:00+09:00,1400.0,1427.5,1350.0,1352.5,141564,0.0,0.0
2007-11-26 00:00:00+09:00,1360.0,1410.0,1355.0,1400.0,237246,0.0,0.0
2007-11-27 00:00:00+09:00,1392.5,1407.5,1355.0,1400.0,91700,0.0,0.0
2007-11-28 00:00:00+09:00,1412.5,1442.5,1385.0,1397.5,77974,0.0,0.0
2007-11-29 00:00:00+09:00,1420.0,1427.5,1380.0,1380.0,111366,0.0,0.0
2007-11-30 00:00:00+09:00,1385.0,1420.0,1385.0,1400.0,67356,0.0,0.0
2007-12-03 00:00:00+09:00,1400.0,1475.0,1390.0,1427.5,120024,0.0,0.0
2007-12-04 00:00:00+09:00,1440.0,1475.0,1412.5,1450.0,156488,0.0,0.0
2007-12-05 00:00:00+09:00,1450.0,1500.0,1430.0,1500.0,75660,0.0,0.0
2007-12-06 00:00:00+09:00,1600.0,1642.5,1530.0,1580.0,415604,0.0,0.0
2007-12-07 00:00:00+09:00,1615.0,1640.0,1525.0,1560.0,229936,0.0,0.0
2007-12-10 00:00:00+09:00,1560.0,1560.0,1470.0,1550.0,84786,0.0,0.0
2007-12-11 00:00:00+09:00,1517.5,1537.5,1460.0,1460.0,104306,0.0,0.0
2007-12-12 00:00:00+09:00,1440.0,1575.0,1410.0,1457.5,108992,0.0,0.0
2007-12-13 00:00:00+09:00,1460.0,1497.5,1432.5,1495.0,84266,0.0,0.0
2007-12-14 00:00:00+09:00,1495.0,1500.0,1460.0,1460.0,55388,0.0,0.0
2007-12-17 00:00:00+09:00,1460.0,1485.0,1430.0,1475.0,52980,0.0,0.0
2007-12-18 00:00:00+09:00,1427.5,1460.0,1427.5,1460.0,46640,0.0,0.0
2007-12-20 00:00:00+09:00,1450.0,1465.0,1400.0,1400.0,135000,0.0,0.0
2007-12-21 00:00:00+09:00,1402.5,1435.0,1377.5,1377.5,66302,0.0,0.0
2007-12-24 00:00:00+09:00,1425.0,1425.0,1375.0,1390.0,39626,0.0,0.0
2007-12-26 00:00:00+09:00,1425.0,1450.0,1392.5,1447.5,89532,0.0,0.0
2007-12-27 00:00:00+09:00,1445.0,1445.0,1390.0,1395.0,58942,0.0,0.0
2007-12-28 00:00:00+09:00,1380.0,1420.0,1380.0,1405.0,35464,0.0,0.0
2008-01-02 00:00:00+09:00,1405.0,1490.0,1395.0,1397.5,26782,0.0,0.0
2008-01-03 00:00:00+09:00,1395.0,1400.0,1355.0,1382.5,48344,0.0,0.0
2008-01-04 00:00:00+09:00,1400.0,1450.0,1367.5,1375.0,60090,0.0,0.0
2008-01-07 00:00:00+09:00,1425.0,1425.0,1342.5,1392.5,37746,0.0,0.0
2008-01-08 00:00:00+09:00,1400.0,1400.0,1330.0,1345.0,53030,0.0,0.0
2008-01-09 00:00:00+09:00,1360.0,1360.0,1295.0,1322.5,59472,0.0,0.0
2008-01-10 00:00:00+09:00,1325.0,1400.0,1322.5,1332.5,117848,0.0,0.0
2008-01-11 00:00:00+09:00,1350.0,1355.0,1300.0,1300.0,72240,0.0,0.0
2008-01-14 00:00:00+09:00,1290.0,1367.5,1285.0,1310.0,35688,0.0,0.0
2008-01-15 00:00:00+09:00,1310.0,1347.5,1255.0,1287.5,43092,0.0,0.0
2008-01-16 00:00:00+09:00,1215.0,1272.5,1215.0,1245.0,89646,0.0,0.0
2008-01-17 00:00:00+09:00,1235.0,1272.5,1205.0,1242.5,75472,0.0,0.0
2008-01-18 00:00:00+09:00,1232.5,1295.0,1192.5,1250.0,90406,0.0,0.0
2008-01-21 00:00:00+09:00,1345.0,1350.0,1185.0,1215.0,26256,0.0,0.0
2008-01-22 00:00:00+09:00,1177.5,1200.0,1125.0,1157.5,183636,0.0,0.0
2008-01-23 00:00:00+09:00,1160.0,1295.0,1160.0,1190.0,49136,0.0,0.0
2008-01-24 00:00:00+09:00,1200.0,1245.0,1190.0,1205.0,191728,0.0,0.0
2008-01-25 00:00:00+09:00,1215.0,1255.0,1207.5,1225.0,57330,0.0,0.0
2008-01-28 00:00:00+09:00,1225.0,1245.0,1167.5,1200.0,50046,0.0,0.0
2008-01-29 00:00:00+09:00,1202.5,1247.5,1175.0,1200.0,69938,0.0,0.0
2008-01-30 00:00:00+09:00,1187.5,1217.5,1162.5,1162.5,83120,0.0,0.0
2008-01-31 00:00:00+09:00,1140.0,1197.5,1130.0,1157.5,85730,0.0,0.0
2008-02-01 00:00:00+09:00,1142.5,1195.0,1125.0,1147.5,104976,0.0,0.0
2008-02-04 00:00:00+09:00,1150.0,1205.0,1150.0,1195.0,62260,0.0,0.0
2008-02-05 00:00:00+09:00,1222.5,1222.5,1175.0,1212.5,175410,0.0,0.0
2008-02-11 00:00:00+09:00,1195.0,1195.0,1170.0,1192.5,12970,0.0,0.0
2008-02-12 00:00:00+09:00,1200.0,1345.0,1200.0,1260.0,198714,0.0,0.0
2008-02-13 00:00:00+09:00,1337.5,1395.0,1325.0,1350.0,394750,0.0,0.0
2008-02-14 00:00:00+09:00,1365.0,1377.5,1272.5,1290.0,218158,0.0,0.0
2008-02-15 00:00:00+09:00,1275.0,1425.0,1275.0,1390.0,311914,0.0,0.0
2008-02-18 00:00:00+09:00,1387.5,1397.5,1352.5,1375.0,98500,0.0,0.0
2008-02-19 00:00:00+09:00,1400.0,1437.5,1390.0,1430.0,217906,0.0,0.0
2008-02-20 00:00:00+09:00,1430.0,1485.0,1365.0,1432.5,209352,0.0,0.0
2008-02-21 00:00:00+09:00,1457.5,1520.0,1445.0,1505.0,222020,0.0,0.0
2008-02-22 00:00:00+09:00,1505.0,1515.0,1450.0,1515.0,115852,0.0,0.0
2008-02-25 00:00:00+09:00,1515.0,1555.0,1472.5,1475.0,101940,0.0,0.0
2008-02-26 00:00:00+09:00,1520.0,1525.0,1470.0,1525.0,113526,0.0,0.0
2008-02-27 00:00:00+09:00,1545.0,1545.0,1455.0,1500.0,123454,0.0,0.0
2008-02-28 00:00:00+09:00,1520.0,1542.5,1480.0,1525.0,71090,0.0,0.0
2008-02-29 00:00:00+09:00,1540.0,1540.0,1455.0,1540.0,143030,0.0,0.0
2008-03-03 00:00:00+09:00,1482.5,1532.5,1482.5,1525.0,23178,0.0,0.0
2008-03-04 00:00:00+09:00,1525.0,1570.0,1512.5,1565.0,107952,0.0,0.0
2008-03-05 00:00:00+09:00,1550.0,1585.0,1525.0,1585.0,87734,0.0,0.0
2008-03-06 00:00:00+09:00,1600.0,1622.5,1542.5,1610.0,93416,0.0,0.0
2008-03-07 00:00:00+09:00,1597.5,1597.5,1542.5,1570.0,110860,0.0,0.0
2008-03-10 00:00:00+09:00,1545.0,1557.5,1487.5,1517.5,82012,0.0,0.0
2008-03-11 00:00:00+09:00,1512.5,1517.5,1455.0,1517.5,29640,0.0,0.0
2008-03-12 00:00:00+09:00,1535.0,1540.0,1480.0,1510.0,35632,0.0,0.0
2008-03-13 00:00:00+09:00,1495.0,1517.5,1425.0,1425.0,68364,0.0,0.0
2008-03-14 00:00:00+09:00,1437.5,1470.0,1385.0,1430.0,209542,0.0,0.0
2008-03-17 00:00:00+09:00,1490.0,1490.0,1300.0,1400.0,131332,0.0,0.0
2008-03-18 00:00:00+09:00,1400.0,1450.0,1370.0,1400.0,39344,0.0,0.0
2008-03-19 00:00:00+09:00,1450.0,1450.0,1382.5,1417.5,45200,0.0,0.0
2008-03-20 00:00:00+09:00,1367.5,1410.0,1360.0,1410.0,74134,0.0,0.0
2008-03-21 00:00:00+09:00,1405.0,1410.0,1385.0,1405.0,36690,0.0,0.0
2008-03-24 00:00:00+09:00,1405.0,1410.0,1400.0,1400.0,36690,0.0,0.0
2008-03-25 00:00:00+09:00,1430.0,1515.0,1407.5,1475.0,42442,0.0,0.0
2008-03-26 00:00:00+09:00,1467.5,1495.0,1427.5,1432.5,54406,0.0,0.0
2008-03-27 00:00:00+09:00,1427.5,1510.0,1417.5,1495.0,114708,0.0,0.0
2008-03-28 00:00:00+09:00,1495.0,1537.5,1440.0,1487.5,40412,0.0,0.0
2008-03-31 00:00:00+09:00,1525.0,1525.0,1460.0,1490.0,22102,0.0,0.0
2008-04-01 00:00:00+09:00,1472.5,1505.0,1437.5,1505.0,63018,0.0,0.0
2008-04-02 00:00:00+09:00,1505.0,1510.0,1480.0,1497.5,13928,0.0,0.0
2008-04-03 00:00:00+09:00,1475.0,1520.0,1475.0,1507.5,59176,0.0,0.0
2008-04-04 00:00:00+09:00,1535.0,1535.0,1480.0,1502.5,70866,0.0,0.0
2008-04-07 00:00:00+09:00,1502.5,1515.0,1487.5,1510.0,31158,0.0,0.0
2008-04-08 00:00:00+09:00,1495.0,1525.0,1445.0,1477.5,615042,0.0,0.0
2008-04-10 00:00:00+09:00,1477.5,1497.5,1425.0,1450.0,437396,0.0,0.0
2008-04-11 00:00:00+09:00,1470.0,1470.0,1440.0,1455.0,54916,0.0,0.0
2008-04-14 00:00:00+09:00,1445.0,1462.5,1432.5,1460.0,68726,0.0,0.0
2008-04-15 00:00:00+09:00,1440.0,1465.0,1440.0,1465.0,105460,0.0,0.0
2008-04-16 00:00:00+09:00,1480.0,1485.0,1472.5,1477.5,62654,0.0,0.0
2008-04-17 00:00:00+09:00,1487.5,1510.0,1487.5,1497.5,236316,0.0,0.0
2008-04-18 00:00:00+09:00,1515.0,1592.5,1500.0,1590.0,438046,0.0,0.0
2008-04-21 00:00:00+09:00,1615.0,1785.0,1615.0,1725.0,800944,0.0,0.0
2008-04-22 00:00:00+09:00,1765.0,1765.0,1690.0,1722.5,455740,0.0,0.0
2008-04-23 00:00:00+09:00,1727.5,1785.0,1715.0,1772.5,332492,0.0,0.0
2008-04-24 00:00:00+09:00,1787.5,1800.0,1742.5,1750.0,265102,0.0,0.0
2008-04-25 00:00:00+09:00,1745.0,1790.0,1745.0,1770.0,138486,0.0,0.0
2008-04-28 00:00:00+09:00,1787.5,1787.5,1700.0,1770.0,218580,0.0,0.0
2008-04-29 00:00:00+09:00,1755.0,1845.0,1755.0,1845.0,259742,0.0,0.0
2008-04-30 00:00:00+09:00,1850.0,1865.0,1797.5,1857.5,89716,0.0,0.0
2008-05-02 00:00:00+09:00,1907.5,1907.5,1830.0,1872.5,86872,0.0,0.0
2008-05-06 00:00:00+09:00,1855.0,1920.0,1850.0,1900.0,136196,0.0,0.0
2008-05-07 00:00:00+09:00,1900.0,1925.0,1885.0,1900.0,58152,0.0,0.0
2008-05-08 00:00:00+09:00,1885.0,1945.0,1860.0,1907.5,207642,0.0,0.0
2008-05-09 00:00:00+09:00,1925.0,1960.0,1922.5,1932.5,104732,0.0,0.0
2008-05-13 00:00:00+09:00,1995.0,1985.0,1932.5,1972.5,757750,0.0,0.0
2008-05-14 00:00:00+09:00,1972.5,2000.0,1955.0,1975.0,151262,0.0,0.0
2008-05-15 00:00:00+09:00,1995.0,2270.0,1995.0,2270.0,757750,0.0,0.0
2008-05-16 00:00:00+09:00,2350.0,2450.0,2305.0,2375.0,1439418,0.0,0.0
2008-05-19 00:00:00+09:00,2440.0,2545.0,2410.0,2455.0,1847446,0.0,0.0
2008-05-20 00:00:00+09:00,2520.0,2785.0,2480.0,2570.0,3208010,0.0,0.0
2008-05-21 00:00:00+09:00,2600.0,2665.0,2455.0,2640.0,1271476,0.0,0.0
2008-05-22 00:00:00+09:00,2635.0,2640.0,2492.5,2535.0,651806,0.0,0.0
2008-05-23 00:00:00+09:00,2565.0,2850.0,2535.0,2715.0,925680,0.0,0.0
2008-05-26 00:00:00+09:00,2715.0,2855.0,2640.0,2715.0,866214,0.0,0.0
2008-05-27 00:00:00+09:00,2750.0,3000.0,2725.0,2875.0,1920640,0.0,0.0
2008-05-28 00:00:00+09:00,2905.0,2955.0,2730.0,2825.0,854740,0.0,0.0
2008-05-29 00:00:00+09:00,2875.0,2925.0,2700.0,2720.0,753172,0.0,0.0
2008-05-30 00:00:00+09:00,2730.0,2800.0,2630.0,2705.0,908116,0.0,0.0
2008-06-02 00:00:00+09:00,2725.0,2955.0,2665.0,2955.0,1049062,0.0,0.0
2008-06-03 00:00:00+09:00,2975.0,3040.0,2870.0,3000.0,464938,0.0,0.0
2008-06-04 00:00:00+09:00,2985.0,3075.0,2900.0,2990.0,630886,0.0,0.0
2008-06-05 00:00:00+09:00,3045.0,3230.0,2875.0,2990.0,816668,0.0,0.0
2008-06-09 00:00:00+09:00,2950.0,3125.0,2880.0,3050.0,673932,0.0,0.0
2008-06-10 00:00:00+09:00,3050.0,3095.0,2860.0,2860.0,702516,0.0,0.0
2008-06-11 00:00:00+09:00,2860.0,2900.0,2745.0,2900.0,829084,0.0,0.0
2008-06-12 00:00:00+09:00,2850.0,3010.0,2810.0,2875.0,607252,0.0,0.0
2008-06-13 00:00:00+09:00,2915.0,2925.0,2665.0,2720.0,397438,0.0,0.0
2008-06-16 00:00:00+09:00,2750.0,2800.0,2680.0,2795.0,308948,0.0,0.0
2008-06-17 00:00:00+09:00,2750.0,2800.0,2625.0,2695.0,632306,0.0,0.0
2008-06-18 00:00:00+09:00,2675.0,2735.0,2655.0,2675.0,333406,0.0,0.0
2008-06-19 00:00:00+09:00,2665.0,2930.0,2645.0,2750.0,1025960,0.0,0.0
2008-06-20 00:00:00+09:00,2820.0,2840.0,2615.0,2700.0,292876,0.0,0.0
2008-06-23 00:00:00+09:00,2610.0,2670.0,2570.0,2640.0,433612,0.0,0.0
2008-06-24 00:00:00+09:00,2605.0,2645.0,2535.0,2540.0,394554,0.0,0.0
2008-06-25 00:00:00+09:00,2540.0,2635.0,2540.0,2575.0,287898,0.0,0.0
2008-06-26 00:00:00+09:00,2610.0,2820.0,2605.0,2770.0,417440,0.0,0.0
2008-06-27 00:00:00+09:00,2675.0,2870.0,2625.0,2850.0,412392,0.0,0.0
2008-06-30 00:00:00+09:00,2870.0,2870.0,2770.0,2770.0,239250,0.0,0.0
2008-07-01 00:00:00+09:00,2750.0,2765.0,2635.0,2715.0,184542,0.0,0.0
2008-07-02 00:00:00+09:00,2735.0,2735.0,2312.5,2550.0,286000,0.0,0.0
2008-07-03 00:00:00+09:00,2500.0,2500.0,2350.0,2387.5,261120,0.0,0.0
2008-07-04 00:00:00+09:00,2360.0,2500.0,2360.0,2385.0,149274,0.0,0.0
2008-07-07 00:00:00+09:00,2395.0,2450.0,2350.0,2425.0,90270,0.0,0.0
2008-07-08 00:00:00+09:00,2455.0,2595.0,2265.0,2390.0,298364,0.0,0.0
2008-07-09 00:00:00+09:00,2437.5,2540.0,2425.0,2445.0,201380,0.0,0.0
2008-07-10 00:00:00+09:00,2445.0,2615.0,2377.5,2600.0,237052,0.0,0.0
2008-07-11 00:00:00+09:00,2600.0,2775.0,2505.0,2705.0,239626,0.0,0.0
2008-07-14 00:00:00+09:00,2655.0,2775.0,2645.0,2715.0,238824,0.0,0.0
2008-07-15 00:00:00+09:00,2710.0,2710.0,2505.0,2625.0,197970,0.0,0.0
2008-07-16 00:00:00+09:00,2650.0,2670.0,2520.0,2605.0,77836,0.0,0.0
2008-07-17 00:00:00+09:00,2650.0,2700.0,2625.0,2665.0,109348,0.0,0.0
2008-07-18 00:00:00+09:00,2685.0,2730.0,2540.0,2555.0,94322,0.0,0.0
2008-07-21 00:00:00+09:00,2555.0,2645.0,2555.0,2590.0,116812,0.0,0.0
2008-07-22 00:00:00+09:00,2755.0,2640.0,2570.0,2585.0,814944,0.0,0.0
2008-07-23 00:00:00+09:00,2755.0,2970.0,2750.0,2970.0,814944,0.0,0.0
2008-07-24 00:00:00+09:00,3050.0,3050.0,2850.0,2855.0,842484,0.0,0.0
2008-07-25 00:00:00+09:00,2805.0,2920.0,2775.0,2915.0,358352,0.0,0.0
2008-07-28 00:00:00+09:00,2950.0,3000.0,2750.0,2750.0,765186,0.0,0.0
2008-07-29 00:00:00+09:00,2685.0,2745.0,2660.0,2715.0,245196,0.0,0.0
2008-07-30 00:00:00+09:00,2775.0,2790.0,2670.0,2715.0,198744,0.0,0.0
2008-07-31 00:00:00+09:00,2745.0,2760.0,2680.0,2715.0,283204,0.0,0.0
2008-08-01 00:00:00+09:00,2700.0,2720.0,2625.0,2715.0,268188,0.0,0.0
2008-08-04 00:00:00+09:00,2720.0,2720.0,2570.0,2600.0,235986,0.0,0.0
2008-08-05 00:00:00+09:00,2550.0,2620.0,2332.5,2365.0,608058,0.0,0.0
2008-08-06 00:00:00+09:00,2375.0,2450.0,2375.0,2432.5,276532,0.0,0.0
2008-08-07 00:00:00+09:00,2432.5,2442.5,2337.5,2360.0,201296,0.0,0.0
2008-08-08 00:00:00+09:00,2350.0,2432.5,2330.0,2397.5,147194,0.0,0.0
2008-08-11 00:00:00+09:00,2405.0,2475.0,2320.0,2360.0,286542,0.0,0.0
2008-08-12 00:00:00+09:00,2350.0,2390.0,2327.5,2360.0,204186,0.0,0.0
2008-08-13 00:00:00+09:00,2365.0,2415.0,2345.0,2370.0,166740,0.0,0.0
2008-08-14 00:00:00+09:00,2367.5,2447.5,2360.0,2365.0,326132,0.0,0.0
2008-08-18 00:00:00+09:00,2377.5,2377.5,2290.0,2342.5,570916,0.0,0.0
2008-08-19 00:00:00+09:00,2280.0,2310.0,2247.5,2250.0,256702,0.0,0.0
2008-08-20 00:00:00+09:00,2210.0,2325.0,2210.0,2265.0,144180,0.0,0.0
2008-08-21 00:00:00+09:00,2270.0,2340.0,2152.5,2210.0,221870,0.0,0.0
2008-08-22 00:00:00+09:00,2180.0,2195.0,1880.0,2140.0,231854,0.0,0.0
2008-08-25 00:00:00+09:00,2127.5,2175.0,2000.0,2045.0,228744,0.0,0.0
2008-08-26 00:00:00+09:00,1975.0,2077.5,1975.0,2077.5,337000,0.0,0.0
2008-08-27 00:00:00+09:00,2082.5,2135.0,2045.0,2090.0,290216,0.0,0.0
2008-08-28 00:00:00+09:00,2085.0,2125.0,2012.5,2030.0,143772,0.0,0.0
2008-08-29 00:00:00+09:00,2037.5,2070.0,2000.0,2030.0,110238,0.0,0.0
2008-09-01 00:00:00+09:00,1982.5,1992.5,1732.5,1740.0,351538,0.0,0.0
2008-09-02 00:00:00+09:00,1717.5,1820.0,1540.0,1560.0,416872,0.0,0.0
2008-09-03 00:00:00+09:00,1515.0,1635.0,1515.0,1610.0,374122,0.0,0.0
2008-09-04 00:00:00+09:00,1617.5,1800.0,1585.0,1780.0,306924,0.0,0.0
2008-09-05 00:00:00+09:00,1700.0,1785.0,1677.5,1770.0,122514,0.0,0.0
2008-09-08 00:00:00+09:00,1780.0,1917.5,1780.0,1870.0,162808,0.0,0.0
2008-09-09 00:00:00+09:00,1880.0,1905.0,1810.0,1880.0,201208,0.0,0.0
2008-09-10 00:00:00+09:00,1845.0,1890.0,1815.0,1885.0,86058,0.0,0.0
2008-09-11 00:00:00+09:00,1855.0,1912.5,1850.0,1865.0,144246,0.0,0.0
2008-09-12 00:00:00+09:00,1882.5,1992.5,1880.0,1940.0,147742,0.0,0.0
2008-09-16 00:00:00+09:00,1705.0,1770.0,1670.0,1720.0,397658,0.0,0.0
2008-09-17 00:00:00+09:00,1785.0,1845.0,1772.5,1800.0,143184,0.0,0.0
2008-09-18 00:00:00+09:00,1675.0,1772.5,1675.0,1772.5,153854,0.0,0.0
2008-09-19 00:00:00+09:00,1895.0,1925.0,1812.5,1850.0,147176,0.0,0.0
2008-09-22 00:00:00+09:00,1850.0,1920.0,1850.0,1862.5,253684,0.0,0.0
2008-09-23 00:00:00+09:00,1825.0,1892.5,1817.5,1875.0,128624,0.0,0.0
2008-09-24 00:00:00+09:00,1862.5,2000.0,1862.5,1905.0,265268,0.0,0.0
2008-09-25 00:00:00+09:00,1905.0,1945.0,1900.0,1935.0,116030,0.0,0.0
2008-09-26 00:00:00+09:00,1937.5,1937.5,1857.5,1890.0,129816,0.0,0.0
2008-09-29 00:00:00+09:00,1902.5,1915.0,1825.0,1855.0,159798,0.0,0.0
2008-09-30 00:00:00+09:00,1687.5,1820.0,1660.0,1820.0,265888,0.0,0.0
2008-10-01 00:00:00+09:00,1830.0,1840.0,1790.0,1802.5,48388,0.0,0.0
2008-10-02 00:00:00+09:00,1800.0,1820.0,1702.5,1782.5,142894,0.0,0.0
2008-10-06 00:00:00+09:00,1757.5,1757.5,1565.0,1565.0,126892,0.0,0.0
2008-10-07 00:00:00+09:00,1500.0,1550.0,1472.5,1545.0,151676,0.0,0.0
2008-10-08 00:00:00+09:00,1440.0,1512.5,1352.5,1440.0,245720,0.0,0.0
2008-10-09 00:00:00+09:00,1440.0,1450.0,1375.0,1412.5,245720,0.0,0.0
2008-10-10 00:00:00+09:00,1325.0,1350.0,1205.0,1320.0,108844,0.0,0.0
2008-10-13 00:00:00+09:00,1350.0,1372.5,1317.5,1370.0,226282,0.0,0.0
2008-10-14 00:00:00+09:00,1432.5,1560.0,1432.5,1535.0,185056,0.0,0.0
2008-10-15 00:00:00+09:00,1475.0,1520.0,1457.5,1480.0,189946,0.0,0.0
2008-10-16 00:00:00+09:00,1375.0,1382.5,1297.5,1335.0,89632,0.0,0.0
2008-10-17 00:00:00+09:00,1375.0,1535.0,1247.5,1465.0,1056190,0.0,0.0
2008-10-20 00:00:00+09:00,1500.0,1500.0,1425.0,1482.5,378846,0.0,0.0
2008-10-21 00:00:00+09:00,1510.0,1575.0,1420.0,1450.0,300372,0.0,0.0
2008-10-22 00:00:00+09:00,1450.0,1467.5,1325.0,1350.0,208620,0.0,0.0
2008-10-23 00:00:00+09:00,1180.0,1285.0,1177.5,1210.0,246134,0.0,0.0
2008-10-24 00:00:00+09:00,1180.0,1200.0,1030.0,1030.0,246134,0.0,0.0
2008-10-27 00:00:00+09:00,962.5,1055.0,877.5,880.0,763310,0.0,0.0
2008-10-28 00:00:00+09:00,880.0,1000.0,840.0,992.5,310178,0.0,0.0
2008-10-29 00:00:00+09:00,1095.0,1140.0,942.5,1025.0,384076,0.0,0.0
2008-10-30 00:00:00+09:00,1095.0,1177.5,1057.5,1177.5,384076,0.0,0.0
2008-10-31 00:00:00+09:00,1185.0,1245.0,1135.0,1210.0,325258,0.0,0.0
2008-11-03 00:00:00+09:00,1222.5,1282.5,1200.0,1250.0,238594,0.0,0.0
2008-11-04 00:00:00+09:00,1250.0,1285.0,1200.0,1270.0,157496,0.0,0.0
2008-11-05 00:00:00+09:00,1305.0,1392.5,1290.0,1310.0,348532,0.0,0.0
2008-11-06 00:00:00+09:00,1255.0,1255.0,1125.0,1150.0,212764,0.0,0.0
2008-11-07 00:00:00+09:00,1055.0,1230.0,1055.0,1215.0,131758,0.0,0.0
2008-11-10 00:00:00+09:00,1227.5,1365.0,1222.5,1305.0,425078,0.0,0.0
2008-11-11 00:00:00+09:00,1295.0,1335.0,1260.0,1270.0,172188,0.0,0.0
2008-11-12 00:00:00+09:00,1255.0,1285.0,1225.0,1275.0,146588,0.0,0.0
2008-11-13 00:00:00+09:00,1250.0,1225.0,1135.0,1207.5,931936,0.0,0.0
2008-11-14 00:00:00+09:00,1250.0,1387.5,1235.0,1387.5,931936,0.0,0.0
2008-11-17 00:00:00+09:00,1532.5,1590.0,1400.0,1450.0,3197928,0.0,0.0
2008-11-18 00:00:00+09:00,1470.0,1552.5,1407.5,1545.0,2176736,0.0,0.0
2008-11-19 00:00:00+09:00,1265.0,1650.0,1355.0,1370.0,1167982,0.0,0.0
2008-11-20 00:00:00+09:00,1265.0,1270.0,1165.0,1165.0,1167982,0.0,0.0
2008-11-21 00:00:00+09:00,1090.0,1250.0,1065.0,1250.0,661508,0.0,0.0
2008-11-24 00:00:00+09:00,1252.5,1285.0,1150.0,1150.0,646714,0.0,0.0
2008-11-25 00:00:00+09:00,1205.0,1240.0,1135.0,1140.0,520814,0.0,0.0
2008-11-26 00:00:00+09:00,1217.5,1210.0,1152.5,1185.0,1139770,0.0,0.0
2008-11-27 00:00:00+09:00,1217.5,1362.5,1215.0,1362.5,1139770,0.0,0.0
2008-11-28 00:00:00+09:00,1425.0,1447.5,1265.0,1285.0,1397908,0.0,0.0
2008-12-01 00:00:00+09:00,1300.0,1372.5,1270.0,1300.0,702080,0.0,0.0
2008-12-02 00:00:00+09:00,1200.0,1252.5,1195.0,1230.0,420666,0.0,0.0
2008-12-03 00:00:00+09:00,1250.0,1287.5,1225.0,1225.0,357996,0.0,0.0
2008-12-04 00:00:00+09:00,1260.0,1285.0,1202.5,1217.5,414356,0.0,0.0
2008-12-05 00:00:00+09:00,1205.0,1290.0,1205.0,1255.0,333832,0.0,0.0
2008-12-08 00:00:00+09:00,1292.5,1345.0,1290.0,1322.5,439374,0.0,0.0
2008-12-09 00:00:00+09:00,1330.0,1352.5,1285.0,1285.0,456280,0.0,0.0
2008-12-10 00:00:00+09:00,1287.5,1360.0,1287.5,1345.0,411998,0.0,0.0
2008-12-11 00:00:00+09:00,1350.0,1475.0,1347.5,1437.5,734262,0.0,0.0
2008-12-12 00:00:00+09:00,1417.5,1570.0,1402.5,1425.0,691550,0.0,0.0
2008-12-15 00:00:00+09:00,1477.5,1542.5,1472.5,1500.0,496630,0.0,0.0
2008-12-16 00:00:00+09:00,1495.0,1565.0,1480.0,1510.0,475868,0.0,0.0
2008-12-17 00:00:00+09:00,1575.0,1590.0,1470.0,1510.0,904776,0.0,0.0
2008-12-18 00:00:00+09:00,1510.0,1660.0,1510.0,1560.0,1146894,0.0,0.0
2008-12-19 00:00:00+09:00,1545.0,1572.5,1490.0,1505.0,374860,0.0,0.0
2008-12-22 00:00:00+09:00,1510.0,1550.0,1450.0,1500.0,413442,0.0,0.0
2008-12-23 00:00:00+09:00,1500.0,1565.0,1435.0,1540.0,736194,0.0,0.0
2008-12-24 00:00:00+09:00,1520.0,1570.0,1435.0,1540.0,709236,0.0,0.0
2008-12-26 00:00:00+09:00,1572.5,1620.0,1532.5,1562.5,823076,0.0,0.0
2008-12-29 00:00:00+09:00,1545.0,1560.0,1455.0,1462.5,541972,0.0,0.0
2008-12-30 00:00:00+09:00,1465.0,1497.5,1447.5,1450.0,263604,0.0,0.0
2009-01-02 00:00:00+09:00,1475.0,1517.5,1420.0,1475.0,450968,0.0,0.0
2009-01-05 00:00:00+09:00,1495.0,1525.0,1467.5,1492.5,553824,0.0,0.0
2009-01-06 00:00:00+09:00,1505.0,1620.0,1495.0,1600.0,1047780,0.0,0.0
2009-01-07 00:00:00+09:00,1627.5,1640.0,1582.5,1615.0,922802,0.0,0.0
2009-01-08 00:00:00+09:00,1555.0,1840.0,1555.0,1770.0,2421828,0.0,0.0
2009-01-09 00:00:00+09:00,1805.0,1895.0,1700.0,1712.5,1468858,0.0,0.0
2009-01-12 00:00:00+09:00,1717.5,1895.0,1630.0,1725.0,1409832,0.0,0.0
2009-01-13 00:00:00+09:00,1795.0,1865.0,1710.0,1857.5,1770942,0.0,0.0
2009-01-14 00:00:00+09:00,1875.0,1940.0,1795.0,1810.0,1234172,0.0,0.0
2009-01-15 00:00:00+09:00,1735.0,1770.0,1540.0,1542.5,976954,0.0,0.0
2009-01-16 00:00:00+09:00,1620.0,1662.5,1580.0,1642.5,591868,0.0,0.0
2009-01-19 00:00:00+09:00,1722.5,1815.0,1662.5,1677.5,924726,0.0,0.0
2009-01-20 00:00:00+09:00,1670.0,1697.5,1600.0,1610.0,455786,0.0,0.0
2009-01-21 00:00:00+09:00,1530.0,1647.5,1440.0,1597.5,555374,0.0,0.0
2009-01-22 00:00:00+09:00,1650.0,1687.5,1605.0,1665.0,701590,0.0,0.0
2009-01-23 00:00:00+09:00,1667.5,1745.0,1652.5,1675.0,487260,0.0,0.0
2009-01-28 00:00:00+09:00,1725.0,1740.0,1690.0,1700.0,397240,0.0,0.0
2009-01-29 00:00:00+09:00,1710.0,1787.5,1665.0,1685.0,939868,0.0,0.0
2009-01-30 00:00:00+09:00,1677.5,1720.0,1642.5,1687.5,385158,0.0,0.0
2009-02-02 00:00:00+09:00,1687.5,1730.0,1675.0,1702.5,405814,0.0,0.0
2009-02-03 00:00:00+09:00,1717.5,1742.5,1695.0,1722.5,376588,0.0,0.0
2009-02-04 00:00:00+09:00,1775.0,1815.0,1742.5,1777.5,704730,0.0,0.0
2009-02-05 00:00:00+09:00,1775.0,1847.5,1735.0,1740.0,704730,0.0,0.0
2009-02-06 00:00:00+09:00,1780.0,1825.0,1742.5,1770.0,500210,0.0,0.0
2009-02-09 00:00:00+09:00,1795.0,1817.5,1740.0,1750.0,476830,0.0,0.0
2009-02-10 00:00:00+09:00,1757.5,1775.0,1720.0,1742.5,278548,0.0,0.0
2009-02-11 00:00:00+09:00,1695.0,1767.5,1672.5,1767.5,300584,0.0,0.0
2009-02-12 00:00:00+09:00,1770.0,1885.0,1755.0,1885.0,1599340,0.0,0.0
2009-02-13 00:00:00+09:00,1920.0,2000.0,1755.0,1755.0,4891364,0.0,0.0
2009-02-16 00:00:00+09:00,1795.0,1795.0,1687.5,1687.5,1257268,0.0,0.0
2009-02-17 00:00:00+09:00,1687.5,1687.5,1535.0,1535.0,981134,0.0,0.0
2009-02-18 00:00:00+09:00,1495.0,1592.5,1440.0,1582.5,718718,0.0,0.0
2009-02-19 00:00:00+09:00,1597.5,1612.5,1505.0,1512.5,380784,0.0,0.0
2009-02-20 00:00:00+09:00,1475.0,1495.0,1325.0,1357.5,391336,0.0,0.0
2009-02-23 00:00:00+09:00,1337.5,1437.5,1337.5,1437.5,289360,0.0,0.0
2009-02-24 00:00:00+09:00,1332.5,1392.5,1330.0,1337.5,321100,0.0,0.0
2009-02-25 00:00:00+09:00,1385.0,1415.0,1312.5,1312.5,276794,0.0,0.0
2009-02-26 00:00:00+09:00,1325.0,1355.0,1210.0,1245.0,351140,0.0,0.0
2009-02-27 00:00:00+09:00,1245.0,1282.5,1202.5,1257.5,207024,0.0,0.0
2009-03-02 00:00:00+09:00,1257.5,1257.5,1112.5,1170.0,280832,0.0,0.0
2009-03-03 00:00:00+09:00,1075.0,1160.0,1075.0,1155.0,246386,0.0,0.0
2009-03-04 00:00:00+09:00,1140.0,1245.0,1140.0,1240.0,277044,0.0,0.0
2009-03-05 00:00:00+09:00,1282.5,1315.0,1245.0,1245.0,296472,0.0,0.0
2009-03-06 00:00:00+09:00,1207.5,1232.5,1157.5,1225.0,131730,0.0,0.0
2009-03-09 00:00:00+09:00,1242.5,1270.0,1225.0,1240.0,259206,0.0,0.0
2009-03-10 00:00:00+09:00,1237.5,1297.5,1210.0,1282.5,229966,0.0,0.0
2009-03-11 00:00:00+09:00,1320.0,1340.0,1297.5,1302.5,201086,0.0,0.0
2009-03-12 00:00:00+09:00,1300.0,1327.5,1262.5,1280.0,220540,0.0,0.0
2009-03-13 00:00:00+09:00,1290.0,1360.0,1290.0,1310.0,251870,0.0,0.0
2009-03-16 00:00:00+09:00,1325.0,1382.5,1317.5,1345.0,288030,0.0,0.0
2009-03-17 00:00:00+09:00,1367.5,1415.0,1330.0,1397.5,494118,0.0,0.0
2009-03-18 00:00:00+09:00,1422.5,1437.5,1375.0,1390.0,230158,0.0,0.0
2009-03-19 00:00:00+09:00,1415.0,1417.5,1347.5,1365.0,285808,0.0,0.0
2009-03-20 00:00:00+09:00,1357.5,1385.0,1355.0,1362.5,303916,0.0,0.0
2009-03-23 00:00:00+09:00,1355.0,1415.0,1355.0,1410.0,398078,0.0,0.0
2009-03-24 00:00:00+09:00,1475.0,1475.0,1415.0,1430.0,233696,0.0,0.0
2009-03-25 00:00:00+09:00,1422.5,1435.0,1400.0,1435.0,262402,0.0,0.0
2009-03-26 00:00:00+09:00,1452.5,1462.5,1425.0,1450.0,253400,0.0,0.0
2009-03-27 00:00:00+09:00,1477.5,1477.5,1400.0,1410.0,279836,0.0,0.0
2009-03-30 00:00:00+09:00,1402.5,1422.5,1337.5,1347.5,241392,0.0,0.0
2009-03-31 00:00:00+09:00,1340.0,1400.0,1340.0,1370.0,216958,0.0,0.0
2009-04-01 00:00:00+09:00,1385.0,1450.0,1385.0,1437.5,288768,0.0,0.0
2009-04-02 00:00:00+09:00,1465.0,1610.0,1460.0,1555.0,584670,0.0,0.0
2009-04-03 00:00:00+09:00,1740.0,1762.5,1665.0,1680.0,1671826,0.0,0.0
2009-04-06 00:00:00+09:00,1670.0,1680.0,1637.5,1660.0,766232,0.0,0.0
2009-04-07 00:00:00+09:00,1660.0,1725.0,1625.0,1725.0,599960,0.0,0.0
2009-04-08 00:00:00+09:00,1710.0,1757.5,1670.0,1725.0,398976,0.0,0.0
2009-04-09 00:00:00+09:00,1775.0,1780.0,1717.5,1745.0,585890,0.0,0.0
2009-04-10 00:00:00+09:00,1772.5,1772.5,1670.0,1687.5,722160,0.0,0.0
2009-04-13 00:00:00+09:00,1690.0,1732.5,1657.5,1732.5,762338,0.0,0.0
2009-04-14 00:00:00+09:00,1732.5,1745.0,1685.0,1702.5,449510,0.0,0.0
2009-04-15 00:00:00+09:00,1660.0,1710.0,1570.0,1610.0,530506,0.0,0.0
2009-04-16 00:00:00+09:00,1660.0,1770.0,1620.0,1620.0,1269772,0.0,0.0
2009-04-17 00:00:00+09:00,1670.0,1710.0,1622.5,1655.0,690636,0.0,0.0
2009-04-20 00:00:00+09:00,1700.0,1900.0,1675.0,1900.0,1646450,0.0,0.0
2009-04-21 00:00:00+09:00,1850.0,1872.5,1785.0,1847.5,819954,0.0,0.0
2009-04-22 00:00:00+09:00,1875.0,1875.0,1797.5,1860.0,701758,0.0,0.0
2009-04-23 00:00:00+09:00,1887.5,1970.0,1832.5,1832.5,1181082,0.0,0.0
2009-04-24 00:00:00+09:00,1847.5,1850.0,1715.0,1715.0,1035476,0.0,0.0
2009-04-27 00:00:00+09:00,1730.0,1767.5,1650.0,1665.0,491810,0.0,0.0
2009-04-28 00:00:00+09:00,1667.5,1700.0,1560.0,1575.0,639090,0.0,0.0
2009-04-29 00:00:00+09:00,1580.0,1617.5,1540.0,1617.5,364304,0.0,0.0
2009-04-30 00:00:00+09:00,1620.0,1675.0,1615.0,1635.0,372004,0.0,0.0
2009-05-04 00:00:00+09:00,1660.0,1797.5,1635.0,1722.5,771058,0.0,0.0
2009-05-06 00:00:00+09:00,1700.0,1720.0,1660.0,1705.0,607308,0.0,0.0
2009-05-07 00:00:00+09:00,1715.0,1785.0,1690.0,1690.0,639428,0.0,0.0
2009-05-08 00:00:00+09:00,1677.5,1710.0,1642.5,1660.0,315554,0.0,0.0
2009-05-11 00:00:00+09:00,1670.0,1682.5,1650.0,1652.5,236258,0.0,0.0
2009-05-12 00:00:00+09:00,1632.5,1667.5,1592.5,1605.0,425896,0.0,0.0
2009-05-13 00:00:00+09:00,1610.0,1687.5,1610.0,1657.5,489260,0.0,0.0
2009-05-14 00:00:00+09:00,1652.5,1652.5,1580.0,1580.0,425236,0.0,0.0
2009-05-15 00:00:00+09:00,1600.0,1657.5,1600.0,1635.0,462708,0.0,0.0
2009-05-18 00:00:00+09:00,1645.0,1680.0,1602.5,1670.0,202928,0.0,0.0
2009-05-19 00:00:00+09:00,1702.5,1720.0,1670.0,1690.0,317462,0.0,0.0
2009-05-20 00:00:00+09:00,1690.0,1710.0,1660.0,1675.0,378944,0.0,0.0
2009-05-21 00:00:00+09:00,1695.0,1700.0,1610.0,1610.0,294388,0.0,0.0
2009-05-22 00:00:00+09:00,1610.0,1635.0,1567.5,1577.5,197316,0.0,0.0
2009-05-25 00:00:00+09:00,1580.0,1600.0,1350.0,1527.5,403556,0.0,0.0
2009-05-26 00:00:00+09:00,1527.5,1545.0,1450.0,1465.0,255670,0.0,0.0
2009-05-27 00:00:00+09:00,1500.0,1515.0,1422.5,1435.0,206048,0.0,0.0
2009-05-28 00:00:00+09:00,1392.5,1462.5,1390.0,1442.5,129732,0.0,0.0
2009-05-29 00:00:00+09:00,1470.0,1470.0,1432.5,1452.5,52384,0.0,0.0
2009-06-01 00:00:00+09:00,1490.0,1490.0,1445.0,1490.0,79914,0.0,0.0
2009-06-02 00:00:00+09:00,1575.0,1575.0,1487.5,1500.0,144302,0.0,0.0
2009-06-03 00:00:00+09:00,1512.5,1537.5,1482.5,1492.5,113918,0.0,0.0
2009-06-04 00:00:00+09:00,1495.0,1550.0,1455.0,1482.5,165686,0.0,0.0
2009-06-05 00:00:00+09:00,1477.5,1497.5,1447.5,1465.0,67268,0.0,0.0
2009-06-08 00:00:00+09:00,1470.0,1495.0,1452.5,1452.5,145524,0.0,0.0
2009-06-09 00:00:00+09:00,1460.0,1512.5,1460.0,1467.5,138942,0.0,0.0
2009-06-10 00:00:00+09:00,1492.5,1492.5,1445.0,1467.5,135152,0.0,0.0
2009-06-11 00:00:00+09:00,1437.5,1490.0,1437.5,1467.5,46282,0.0,0.0
2009-06-12 00:00:00+09:00,1505.0,1575.0,1482.5,1565.0,389528,0.0,0.0
2009-06-15 00:00:00+09:00,1570.0,1742.5,1545.0,1650.0,816164,0.0,0.0
2009-06-16 00:00:00+09:00,1645.0,1650.0,1602.5,1620.0,157188,0.0,0.0
2009-06-17 00:00:00+09:00,1640.0,1640.0,1557.5,1570.0,157858,0.0,0.0
2009-06-18 00:00:00+09:00,1570.0,1650.0,1567.5,1610.0,158008,0.0,0.0
2009-06-19 00:00:00+09:00,1645.0,1645.0,1557.5,1577.5,129536,0.0,0.0
2009-06-22 00:00:00+09:00,1622.5,1647.5,1582.5,1632.5,386286,0.0,0.0
2009-06-23 00:00:00+09:00,1605.0,1640.0,1580.0,1580.0,153566,0.0,0.0
2009-06-24 00:00:00+09:00,1582.5,1600.0,1490.0,1500.0,189986,0.0,0.0
2009-06-25 00:00:00+09:00,1485.0,1575.0,1485.0,1540.0,116316,0.0,0.0
2009-06-26 00:00:00+09:00,1540.0,1557.5,1532.5,1545.0,82716,0.0,0.0
2009-06-29 00:00:00+09:00,1542.5,1687.5,1537.5,1537.5,257760,0.0,0.0
2009-06-30 00:00:00+09:00,1580.0,1580.0,1460.0,1477.5,158178,0.0,0.0
2009-07-01 00:00:00+09:00,1477.5,1497.5,1455.0,1475.0,115404,0.0,0.0
2009-07-02 00:00:00+09:00,1490.0,1495.0,1450.0,1487.5,141832,0.0,0.0
2009-07-03 00:00:00+09:00,1450.0,1490.0,1450.0,1485.0,74852,0.0,0.0
2009-07-06 00:00:00+09:00,1490.0,1500.0,1470.0,1480.0,98254,0.0,0.0
2009-07-07 00:00:00+09:00,1477.5,1485.0,1450.0,1455.0,190042,0.0,0.0
2009-07-08 00:00:00+09:00,1455.0,1460.0,1415.0,1432.5,191700,0.0,0.0
2009-07-09 00:00:00+09:00,1442.5,1442.5,1422.5,1425.0,105664,0.0,0.0
2009-07-10 00:00:00+09:00,1435.0,1440.0,1390.0,1405.0,213548,0.0,0.0
2009-07-13 00:00:00+09:00,1415.0,1415.0,1335.0,1340.0,195396,0.0,0.0
2009-07-14 00:00:00+09:00,1345.0,1362.5,1317.5,1340.0,224200,0.0,0.0
2009-07-15 00:00:00+09:00,1340.0,1385.0,1332.5,1370.0,190434,0.0,0.0
2009-07-16 00:00:00+09:00,1375.0,1402.5,1360.0,1370.0,195218,0.0,0.0
2009-07-17 00:00:00+09:00,1385.0,1430.0,1375.0,1415.0,172796,0.0,0.0
2009-07-20 00:00:00+09:00,1440.0,1485.0,1360.0,1437.5,208190,0.0,0.0
2009-07-21 00:00:00+09:00,1437.5,1455.0,1425.0,1442.5,109784,0.0,0.0
2009-07-22 00:00:00+09:00,1450.0,1500.0,1445.0,1500.0,216192,0.0,0.0
2009-07-23 00:00:00+09:00,1497.5,1507.5,1475.0,1505.0,96330,0.0,0.0
2009-07-24 00:00:00+09:00,1505.0,1525.0,1495.0,1495.0,109006,0.0,0.0
2009-07-27 00:00:00+09:00,1500.0,1500.0,1470.0,1487.5,114698,0.0,0.0
2009-07-28 00:00:00+09:00,1477.5,1497.5,1455.0,1460.0,107908,0.0,0.0
2009-07-29 00:00:00+09:00,1455.0,1475.0,1425.0,1440.0,112104,0.0,0.0
2009-07-30 00:00:00+09:00,1447.5,1450.0,1425.0,1450.0,104074,0.0,0.0
2009-07-31 00:00:00+09:00,1447.5,1490.0,1432.5,1467.5,138510,0.0,0.0
2009-08-03 00:00:00+09:00,1467.5,1475.0,1450.0,1470.0,80504,0.0,0.0
2009-08-04 00:00:00+09:00,1472.5,1490.0,1472.5,1480.0,134978,0.0,0.0
2009-08-05 00:00:00+09:00,1477.5,1497.5,1477.5,1490.0,133686,0.0,0.0
2009-08-06 00:00:00+09:00,1492.5,1515.0,1477.5,1502.5,142684,0.0,0.0
2009-08-07 00:00:00+09:00,1507.5,1522.5,1502.5,1502.5,218788,0.0,0.0
2009-08-10 00:00:00+09:00,1507.5,1525.0,1505.0,1510.0,151220,0.0,0.0
2009-08-11 00:00:00+09:00,1507.5,1525.0,1495.0,1502.5,95856,0.0,0.0
2009-08-12 00:00:00+09:00,1520.0,1522.5,1502.5,1517.5,218960,0.0,0.0
2009-08-13 00:00:00+09:00,1530.0,1590.0,1512.5,1565.0,181462,0.0,0.0
2009-08-14 00:00:00+09:00,1565.0,1580.0,1550.0,1550.0,139858,0.0,0.0
2009-08-17 00:00:00+09:00,1530.0,1530.0,1472.5,1482.5,193484,0.0,0.0
2009-08-18 00:00:00+09:00,1455.0,1472.5,1412.5,1427.5,175994,0.0,0.0
2009-08-19 00:00:00+09:00,1435.0,1437.5,1407.5,1407.5,168498,0.0,0.0
2009-08-20 00:00:00+09:00,1407.5,1435.0,1407.5,1432.5,46642,0.0,0.0
2009-08-21 00:00:00+09:00,1445.0,1450.0,1400.0,1410.0,59634,0.0,0.0
2009-08-24 00:00:00+09:00,1425.0,1435.0,1400.0,1425.0,81846,0.0,0.0
2009-08-25 00:00:00+09:00,1437.5,1437.5,1402.5,1405.0,65902,0.0,0.0
2009-08-26 00:00:00+09:00,1410.0,1422.5,1400.0,1422.5,35224,0.0,0.0
2009-08-27 00:00:00+09:00,1437.5,1437.5,1402.5,1420.0,46044,0.0,0.0
2009-08-28 00:00:00+09:00,1422.5,1432.5,1410.0,1417.5,48466,0.0,0.0
2009-08-31 00:00:00+09:00,1417.5,1432.5,1410.0,1420.0,74724,0.0,0.0
2009-09-01 00:00:00+09:00,1392.5,1417.5,1387.5,1390.0,116762,0.0,0.0
2009-09-02 00:00:00+09:00,1387.5,1400.0,1350.0,1357.5,271226,0.0,0.0
2009-09-03 00:00:00+09:00,1377.5,1380.0,1355.0,1362.5,94572,0.0,0.0
2009-09-04 00:00:00+09:00,1380.0,1380.0,1357.5,1362.5,44660,0.0,0.0
2009-09-07 00:00:00+09:00,1365.0,1390.0,1365.0,1375.0,26932,0.0,0.0
2009-09-08 00:00:00+09:00,1420.0,1420.0,1357.5,1372.5,62502,0.0,0.0
2009-09-09 00:00:00+09:00,1375.0,1377.5,1350.0,1367.5,189454,0.0,0.0
2009-09-10 00:00:00+09:00,1375.0,1405.0,1367.5,1385.0,115848,0.0,0.0
2009-09-11 00:00:00+09:00,1390.0,1422.5,1390.0,1402.5,52814,0.0,0.0
2009-09-14 00:00:00+09:00,1430.0,1430.0,1402.5,1415.0,62374,0.0,0.0
2009-09-15 00:00:00+09:00,1400.0,1442.5,1400.0,1440.0,62098,0.0,0.0
2009-09-16 00:00:00+09:00,1425.0,1447.5,1400.0,1400.0,89958,0.0,0.0
2009-09-17 00:00:00+09:00,1410.0,1560.0,1400.0,1460.0,567918,0.0,0.0
2009-09-18 00:00:00+09:00,1475.0,1517.5,1457.5,1500.0,260962,0.0,0.0
2009-09-21 00:00:00+09:00,1477.5,1520.0,1477.5,1490.0,123492,0.0,0.0
2009-09-22 00:00:00+09:00,1515.0,1712.5,1500.0,1712.5,2453262,0.0,0.0
2009-09-23 00:00:00+09:00,1757.5,1922.5,1577.5,1650.0,7802838,0.0,0.0
2009-09-24 00:00:00+09:00,1665.0,1717.5,1510.0,1575.0,2472172,0.0,0.0
2009-09-25 00:00:00+09:00,1572.5,1695.0,1530.0,1550.0,1893682,0.0,0.0
2009-09-28 00:00:00+09:00,1550.0,1572.5,1487.5,1500.0,764972,0.0,0.0
2009-09-29 00:00:00+09:00,1535.0,1622.5,1472.5,1540.0,1184032,0.0,0.0
2009-09-30 00:00:00+09:00,1545.0,1600.0,1500.0,1510.0,540528,0.0,0.0
2009-10-01 00:00:00+09:00,1515.0,1535.0,1405.0,1465.0,380524,0.0,0.0
2009-10-05 00:00:00+09:00,1450.0,1470.0,1390.0,1437.5,303054,0.0,0.0
2009-10-06 00:00:00+09:00,1430.0,1450.0,1405.0,1420.0,194106,0.0,0.0
2009-10-07 00:00:00+09:00,1440.0,1525.0,1437.5,1465.0,291264,0.0,0.0
2009-10-08 00:00:00+09:00,1485.0,1492.5,1447.5,1460.0,157600,0.0,0.0
2009-10-09 00:00:00+09:00,1460.0,1497.5,1440.0,1497.5,164240,0.0,0.0
2009-10-12 00:00:00+09:00,1505.0,1512.5,1452.5,1452.5,155910,0.0,0.0
2009-10-13 00:00:00+09:00,1455.0,1520.0,1445.0,1460.0,424410,0.0,0.0
2009-10-14 00:00:00+09:00,1465.0,1485.0,1457.5,1472.5,179456,0.0,0.0
2009-10-15 00:00:00+09:00,1487.5,1600.0,1480.0,1555.0,936170,0.0,0.0
2009-10-16 00:00:00+09:00,1542.5,1710.0,1535.0,1650.0,1737370,0.0,0.0
2009-10-19 00:00:00+09:00,1650.0,1657.5,1577.5,1577.5,494536,0.0,0.0
2009-10-20 00:00:00+09:00,1582.5,1625.0,1560.0,1610.0,554444,0.0,0.0
2009-10-21 00:00:00+09:00,1607.5,1800.0,1600.0,1615.0,2719264,0.0,0.0
2009-10-22 00:00:00+09:00,1612.5,1615.0,1527.5,1527.5,547016,0.0,0.0
2009-10-23 00:00:00+09:00,1532.5,1565.0,1530.0,1530.0,243286,0.0,0.0
2009-10-26 00:00:00+09:00,1535.0,1620.0,1520.0,1585.0,266906,0.0,0.0
2009-10-27 00:00:00+09:00,1552.5,1580.0,1532.5,1552.5,128670,0.0,0.0
2009-10-28 00:00:00+09:00,1552.5,1580.0,1480.0,1482.5,333542,0.0,0.0
2009-10-29 00:00:00+09:00,1450.0,1450.0,1290.0,1412.5,291682,0.0,0.0
2009-10-30 00:00:00+09:00,1422.5,1452.5,1420.0,1420.0,191416,0.0,0.0
2009-11-02 00:00:00+09:00,1367.5,1390.0,1360.0,1367.5,154176,0.0,0.0
2009-11-03 00:00:00+09:00,1375.0,1410.0,1365.0,1395.0,157726,0.0,0.0
2009-11-04 00:00:00+09:00,1390.0,1475.0,1390.0,1425.0,284260,0.0,0.0
2009-11-05 00:00:00+09:00,1405.0,1445.0,1400.0,1400.0,85834,0.0,0.0
2009-11-06 00:00:00+09:00,1425.0,1435.0,1405.0,1410.0,101766,0.0,0.0
2009-11-09 00:00:00+09:00,1427.5,1470.0,1427.5,1450.0,127256,0.0,0.0
2009-11-10 00:00:00+09:00,1472.5,1480.0,1430.0,1435.0,109832,0.0,0.0
2009-11-11 00:00:00+09:00,1462.5,1462.5,1415.0,1427.5,60518,0.0,0.0
2009-11-12 00:00:00+09:00,1427.5,1440.0,1410.0,1422.5,119800,0.0,0.0
2009-11-13 00:00:00+09:00,1432.5,1432.5,1400.0,1420.0,70484,0.0,0.0
2009-11-16 00:00:00+09:00,1437.5,1437.5,1380.0,1400.0,110136,0.0,0.0
2009-11-17 00:00:00+09:00,1400.0,1430.0,1397.5,1415.0,145980,0.0,0.0
2009-11-18 00:00:00+09:00,1442.5,1465.0,1425.0,1465.0,269708,0.0,0.0
2009-11-19 00:00:00+09:00,1475.0,1510.0,1450.0,1460.0,302284,0.0,0.0
2009-11-20 00:00:00+09:00,1450.0,1477.5,1430.0,1455.0,156728,0.0,0.0
2009-11-23 00:00:00+09:00,1455.0,1480.0,1362.5,1442.5,237542,0.0,0.0
2009-11-24 00:00:00+09:00,1455.0,1460.0,1440.0,1450.0,156316,0.0,0.0
2009-11-25 00:00:00+09:00,1465.0,1467.5,1435.0,1435.0,120476,0.0,0.0
2009-11-26 00:00:00+09:00,1430.0,1450.0,1430.0,1442.5,82690,0.0,0.0
2009-11-27 00:00:00+09:00,1420.0,1437.5,1360.0,1370.0,203450,0.0,0.0
2009-11-30 00:00:00+09:00,1375.0,1417.5,1375.0,1397.5,112340,0.0,0.0
2009-12-01 00:00:00+09:00,1397.5,1425.0,1375.0,1412.5,85756,0.0,0.0
2009-12-02 00:00:00+09:00,1412.5,1457.5,1412.5,1450.0,165020,0.0,0.0
2009-12-03 00:00:00+09:00,1470.0,1475.0,1435.0,1435.0,115930,0.0,0.0
2009-12-04 00:00:00+09:00,1435.0,1450.0,1430.0,1437.5,53084,0.0,0.0
2009-12-07 00:00:00+09:00,1437.5,1455.0,1427.5,1435.0,53196,0.0,0.0
2009-12-08 00:00:00+09:00,1430.0,1460.0,1430.0,1450.0,105392,0.0,0.0
2009-12-09 00:00:00+09:00,1427.5,1447.5,1427.5,1440.0,83016,0.0,0.0
2009-12-10 00:00:00+09:00,1427.5,1447.5,1420.0,1437.5,135442,0.0,0.0
2009-12-11 00:00:00+09:00,1442.5,1510.0,1435.0,1510.0,470502,0.0,0.0
2009-12-14 00:00:00+09:00,1540.0,1552.5,1502.5,1545.0,272588,0.0,0.0
2009-12-15 00:00:00+09:00,1535.0,1565.0,1535.0,1560.0,212852,0.0,0.0
2009-12-16 00:00:00+09:00,1560.0,1595.0,1525.0,1580.0,216708,0.0,0.0
2009-12-17 00:00:00+09:00,1580.0,1615.0,1567.5,1590.0,189164,0.0,0.0
2009-12-18 00:00:00+09:00,1590.0,1605.0,1550.0,1600.0,112320,0.0,0.0
2009-12-21 00:00:00+09:00,1610.0,1610.0,1560.0,1580.0,111922,0.0,0.0
2009-12-22 00:00:00+09:00,1580.0,1587.5,1520.0,1522.5,139632,0.0,0.0
2009-12-23 00:00:00+09:00,1530.0,1530.0,1502.5,1520.0,155670,0.0,0.0
2009-12-24 00:00:00+09:00,1532.5,1562.5,1500.0,1545.0,135054,0.0,0.0
2009-12-28 00:00:00+09:00,1575.0,1577.5,1530.0,1550.0,338750,0.0,0.0
2009-12-29 00:00:00+09:00,1540.0,1550.0,1522.5,1535.0,86088,0.0,0.0
2009-12-30 00:00:00+09:00,1545.0,1545.0,1505.0,1515.0,86248,0.0,0.0
2010-01-04 00:00:00+09:00,1507.5,1535.0,1497.5,1500.0,184234,0.0,0.0
2010-01-05 00:00:00+09:00,1505.0,1540.0,1502.5,1530.0,183748,0.0,0.0
2010-01-06 00:00:00+09:00,1532.5,1535.0,1515.0,1535.0,198038,0.0,0.0
2010-01-07 00:00:00+09:00,1540.0,1580.0,1525.0,1527.5,284976,0.0,0.0
2010-01-08 00:00:00+09:00,1540.0,1552.5,1525.0,1532.5,160656,0.0,0.0
2010-01-11 00:00:00+09:00,1542.5,1635.0,1527.5,1635.0,470410,0.0,0.0
2010-01-12 00:00:00+09:00,1670.0,1670.0,1587.5,1612.5,341840,0.0,0.0
2010-01-13 00:00:00+09:00,1590.0,1620.0,1567.5,1577.5,300014,0.0,0.0
2010-01-14 00:00:00+09:00,1575.0,1625.0,1570.0,1605.0,242718,0.0,0.0
2010-01-15 00:00:00+09:00,1605.0,1620.0,1572.5,1582.5,263086,0.0,0.0
2010-01-18 00:00:00+09:00,1565.0,1590.0,1535.0,1570.0,200694,0.0,0.0
2010-01-19 00:00:00+09:00,1557.5,1567.5,1527.5,1547.5,180186,0.0,0.0
2010-01-20 00:00:00+09:00,1547.5,1602.5,1547.5,1562.5,140682,0.0,0.0
2010-01-21 00:00:00+09:00,1555.0,1565.0,1530.0,1542.5,121444,0.0,0.0
2010-01-22 00:00:00+09:00,1515.0,1537.5,1480.0,1507.5,287872,0.0,0.0
2010-01-25 00:00:00+09:00,1480.0,1485.0,1450.0,1470.0,195530,0.0,0.0
2010-01-26 00:00:00+09:00,1472.5,1490.0,1427.5,1440.0,126074,0.0,0.0
2010-01-27 00:00:00+09:00,1455.0,1455.0,1430.0,1445.0,43660,0.0,0.0
2010-01-28 00:00:00+09:00,1447.5,1487.5,1432.5,1445.0,57664,0.0,0.0
2010-01-29 00:00:00+09:00,1425.0,1442.5,1377.5,1390.0,120398,0.0,0.0
2010-02-01 00:00:00+09:00,1390.0,1465.0,1377.5,1452.5,90356,0.0,0.0
2010-02-02 00:00:00+09:00,1475.0,1505.0,1470.0,1495.0,172050,0.0,0.0
2010-02-03 00:00:00+09:00,1480.0,1512.5,1465.0,1477.5,71788,0.0,0.0
2010-02-04 00:00:00+09:00,1497.5,1497.5,1450.0,1470.0,31354,0.0,0.0
2010-02-05 00:00:00+09:00,1405.0,1450.0,1395.0,1450.0,88484,0.0,0.0
2010-02-08 00:00:00+09:00,1450.0,1470.0,1417.5,1435.0,32354,0.0,0.0
2010-02-09 00:00:00+09:00,1415.0,1475.0,1410.0,1450.0,42264,0.0,0.0
2010-02-10 00:00:00+09:00,1450.0,1450.0,1415.0,1425.0,45278,0.0,0.0
2010-02-11 00:00:00+09:00,1415.0,1445.0,1415.0,1432.5,41542,0.0,0.0
2010-02-12 00:00:00+09:00,1445.0,1447.5,1427.5,1440.0,14716,0.0,0.0
2010-02-16 00:00:00+09:00,1417.5,1450.0,1415.0,1447.5,29180,0.0,0.0
2010-02-17 00:00:00+09:00,1430.0,1450.0,1420.0,1427.5,119904,0.0,0.0
2010-02-18 00:00:00+09:00,1437.5,1437.5,1397.5,1410.0,114198,0.0,0.0
2010-02-19 00:00:00+09:00,1410.0,1410.0,1375.0,1375.0,112840,0.0,0.0
2010-02-22 00:00:00+09:00,1382.5,1410.0,1382.5,1407.5,90074,0.0,0.0
2010-02-23 00:00:00+09:00,1392.5,1422.5,1392.5,1415.0,58986,0.0,0.0
2010-02-24 00:00:00+09:00,1402.5,1427.5,1395.0,1410.0,54512,0.0,0.0
2010-02-25 00:00:00+09:00,1430.0,1430.0,1385.0,1397.5,53754,0.0,0.0
2010-02-26 00:00:00+09:00,1407.5,1407.5,1382.5,1382.5,50130,0.0,0.0
2010-03-02 00:00:00+09:00,1387.5,1397.5,1382.5,1387.5,43528,0.0,0.0
2010-03-03 00:00:00+09:00,1397.5,1412.5,1387.5,1397.5,22528,0.0,0.0
2010-03-04 00:00:00+09:00,1407.5,1407.5,1382.5,1395.0,42812,0.0,0.0
2010-03-05 00:00:00+09:00,1400.0,1417.5,1395.0,1400.0,33142,0.0,0.0
2010-03-08 00:00:00+09:00,1405.0,1422.5,1400.0,1415.0,99144,0.0,0.0
2010-03-09 00:00:00+09:00,1417.5,1450.0,1412.5,1447.5,78666,0.0,0.0
2010-03-10 00:00:00+09:00,1457.5,1457.5,1427.5,1442.5,67972,0.0,0.0
2010-03-11 00:00:00+09:00,1442.5,1442.5,1420.0,1425.0,36838,0.0,0.0
2010-03-12 00:00:00+09:00,1425.0,1457.5,1415.0,1452.5,70318,0.0,0.0
2010-03-15 00:00:00+09:00,1462.5,1462.5,1432.5,1435.0,49868,0.0,0.0
2010-03-16 00:00:00+09:00,1435.0,1447.5,1420.0,1432.5,53690,0.0,0.0
2010-03-17 00:00:00+09:00,1437.5,1450.0,1430.0,1450.0,79376,0.0,0.0
2010-03-18 00:00:00+09:00,1450.0,1467.5,1445.0,1460.0,58032,0.0,0.0
2010-03-19 00:00:00+09:00,1460.0,1470.0,1440.0,1455.0,78386,0.0,0.0
2010-03-22 00:00:00+09:00,1455.0,1455.0,1435.0,1442.5,67558,0.0,0.0
2010-03-23 00:00:00+09:00,1437.5,1490.0,1437.5,1475.0,118220,0.0,0.0
2010-03-24 00:00:00+09:00,1482.5,1487.5,1452.5,1452.5,39296,0.0,0.0
2010-03-25 00:00:00+09:00,1455.0,1467.5,1430.0,1465.0,26696,0.0,0.0
2010-03-26 00:00:00+09:00,1470.0,1480.0,1452.5,1472.5,80132,0.0,0.0
2010-03-29 00:00:00+09:00,1450.0,1472.5,1442.5,1450.0,160322,0.0,0.0
2010-03-30 00:00:00+09:00,1465.0,1520.0,1450.0,1470.0,137272,0.0,0.0
2010-03-31 00:00:00+09:00,1472.5,1485.0,1437.5,1450.0,161088,0.0,0.0
2010-04-01 00:00:00+09:00,1445.0,1510.0,1445.0,1492.5,102364,0.0,0.0
2010-04-02 00:00:00+09:00,1492.5,1512.5,1490.0,1500.0,77478,0.0,0.0
2010-04-05 00:00:00+09:00,1517.5,1517.5,1477.5,1495.0,109608,0.0,0.0
2010-04-06 00:00:00+09:00,1502.5,1512.5,1492.5,1512.5,73902,0.0,0.0
2010-04-07 00:00:00+09:00,1517.5,1585.0,1517.5,1580.0,383534,0.0,0.0
2010-04-08 00:00:00+09:00,1565.0,1587.5,1542.5,1580.0,157550,0.0,0.0
2010-04-09 00:00:00+09:00,1580.0,1585.0,1545.0,1585.0,127356,0.0,0.0
2010-04-12 00:00:00+09:00,1607.5,1607.5,1565.0,1570.0,64882,0.0,0.0
2010-04-13 00:00:00+09:00,1570.0,1582.5,1525.0,1535.0,95232,0.0,0.0
2010-04-14 00:00:00+09:00,1525.0,1542.5,1520.0,1532.5,109142,0.0,0.0
2010-04-15 00:00:00+09:00,1542.5,1557.5,1525.0,1545.0,130948,0.0,0.0
2010-04-16 00:00:00+09:00,1545.0,1585.0,1530.0,1570.0,73514,0.0,0.0
2010-04-19 00:00:00+09:00,1550.0,1610.0,1547.5,1585.0,176806,0.0,0.0
2010-04-20 00:00:00+09:00,1595.0,1725.0,1595.0,1670.0,564280,0.0,0.0
2010-04-21 00:00:00+09:00,1670.0,1680.0,1625.0,1675.0,203286,0.0,0.0
2010-04-22 00:00:00+09:00,1660.0,1705.0,1645.0,1670.0,87456,0.0,0.0
2010-04-23 00:00:00+09:00,1677.5,1682.5,1625.0,1637.5,136516,0.0,0.0
2010-04-26 00:00:00+09:00,1645.0,1797.5,1637.5,1730.0,683444,0.0,0.0
2010-04-27 00:00:00+09:00,1825.0,1905.0,1775.0,1790.0,1698598,0.0,0.0
2010-04-28 00:00:00+09:00,1725.0,1780.0,1650.0,1772.5,236256,0.0,0.0
2010-04-29 00:00:00+09:00,1757.5,1822.5,1707.5,1720.0,380538,0.0,0.0
2010-04-30 00:00:00+09:00,1722.5,1775.0,1637.5,1665.0,322004,0.0,0.0
2010-05-03 00:00:00+09:00,1660.0,1660.0,1605.0,1627.5,155336,0.0,0.0
2010-05-04 00:00:00+09:00,1630.0,1657.5,1607.5,1617.5,98806,0.0,0.0
2010-05-06 00:00:00+09:00,1560.0,1575.0,1535.0,1552.5,171450,0.0,0.0
2010-05-07 00:00:00+09:00,1497.5,1520.0,1455.0,1507.5,192020,0.0,0.0
2010-05-10 00:00:00+09:00,1485.0,1567.5,1485.0,1552.5,67972,0.0,0.0
2010-05-11 00:00:00+09:00,1560.0,1597.5,1552.5,1575.0,65136,0.0,0.0
2010-05-12 00:00:00+09:00,1585.0,1585.0,1525.0,1550.0,60474,0.0,0.0
2010-05-13 00:00:00+09:00,1570.0,1570.0,1540.0,1555.0,73602,0.0,0.0
2010-05-14 00:00:00+09:00,1545.0,1565.0,1525.0,1545.0,64156,0.0,0.0
2010-05-17 00:00:00+09:00,1515.0,1545.0,1462.5,1465.0,165656,0.0,0.0
2010-05-18 00:00:00+09:00,1485.0,1485.0,1422.5,1445.0,190602,0.0,0.0
2010-05-19 00:00:00+09:00,1445.0,1445.0,1415.0,1435.0,43350,0.0,0.0
2010-05-20 00:00:00+09:00,1457.5,1457.5,1412.5,1440.0,40412,0.0,0.0
2010-05-24 00:00:00+09:00,1440.0,1472.5,1380.0,1472.5,78030,0.0,0.0
2010-05-25 00:00:00+09:00,1450.0,1450.0,1357.5,1397.5,45494,0.0,0.0
2010-05-26 00:00:00+09:00,1395.0,1435.0,1360.0,1412.5,60100,0.0,0.0
2010-05-27 00:00:00+09:00,1400.0,1465.0,1392.5,1460.0,53340,0.0,0.0
2010-05-28 00:00:00+09:00,1475.0,1475.0,1435.0,1440.0,57498,0.0,0.0
2010-05-31 00:00:00+09:00,1447.5,1475.0,1395.0,1475.0,103776,0.0,0.0
2010-06-01 00:00:00+09:00,1447.5,1482.5,1445.0,1445.0,32176,0.0,0.0
2010-06-03 00:00:00+09:00,1470.0,1472.5,1445.0,1457.5,89100,0.0,0.0
2010-06-04 00:00:00+09:00,1450.0,1497.5,1445.0,1465.0,56016,0.0,0.0
2010-06-07 00:00:00+09:00,1422.5,1425.0,1395.0,1415.0,110978,0.0,0.0
2010-06-08 00:00:00+09:00,1395.0,1445.0,1395.0,1422.5,48014,0.0,0.0
2010-06-09 00:00:00+09:00,1412.5,1442.5,1412.5,1412.5,27686,0.0,0.0
2010-06-10 00:00:00+09:00,1437.5,1445.0,1412.5,1425.0,18174,0.0,0.0
2010-06-11 00:00:00+09:00,1437.5,1460.0,1430.0,1450.0,40678,0.0,0.0
2010-06-14 00:00:00+09:00,1445.0,1482.5,1445.0,1465.0,32156,0.0,0.0
2010-06-15 00:00:00+09:00,1455.0,1477.5,1455.0,1470.0,7812,0.0,0.0
2010-06-16 00:00:00+09:00,1477.5,1477.5,1450.0,1472.5,93676,0.0,0.0
2010-06-17 00:00:00+09:00,1457.5,1497.5,1452.5,1485.0,44322,0.0,0.0
2010-06-18 00:00:00+09:00,1465.0,1500.0,1457.5,1477.5,68480,0.0,0.0
2010-06-21 00:00:00+09:00,1477.5,1530.0,1477.5,1522.5,71604,0.0,0.0
2010-06-22 00:00:00+09:00,1522.5,1530.0,1495.0,1530.0,64272,0.0,0.0
2010-06-23 00:00:00+09:00,1505.0,1557.5,1505.0,1527.5,55372,0.0,0.0
2010-06-24 00:00:00+09:00,1527.5,1535.0,1507.5,1527.5,44880,0.0,0.0
2010-06-25 00:00:00+09:00,1542.5,1542.5,1502.5,1502.5,17024,0.0,0.0
2010-06-28 00:00:00+09:00,1512.5,1515.0,1492.5,1505.0,22262,0.0,0.0
2010-06-29 00:00:00+09:00,1495.0,1507.5,1477.5,1505.0,81248,0.0,0.0
2010-06-30 00:00:00+09:00,1437.5,1550.0,1437.5,1547.5,89490,0.0,0.0
2010-07-01 00:00:00+09:00,1500.0,1537.5,1500.0,1525.0,9872,0.0,0.0
2010-07-02 00:00:00+09:00,1535.0,1535.0,1500.0,1500.0,28256,0.0,0.0
2010-07-05 00:00:00+09:00,1520.0,1520.0,1487.5,1500.0,12484,0.0,0.0
2010-07-06 00:00:00+09:00,1500.0,1515.0,1490.0,1500.0,20670,0.0,0.0
2010-07-07 00:00:00+09:00,1527.5,1527.5,1490.0,1500.0,6100,0.0,0.0
2010-07-08 00:00:00+09:00,1505.0,1520.0,1482.5,1505.0,20602,0.0,0.0
2010-07-09 00:00:00+09:00,1512.5,1512.5,1480.0,1490.0,36384,0.0,0.0
2010-07-12 00:00:00+09:00,1517.5,1517.5,1465.0,1482.5,64564,0.0,0.0
2010-07-13 00:00:00+09:00,1482.5,1495.0,1455.0,1465.0,50666,0.0,0.0
2010-07-14 00:00:00+09:00,1477.5,1477.5,1445.0,1450.0,98764,0.0,0.0
2010-07-15 00:00:00+09:00,1450.0,1452.5,1425.0,1435.0,129014,0.0,0.0
2010-07-16 00:00:00+09:00,1432.5,1440.0,1417.5,1420.0,44052,0.0,0.0
2010-07-19 00:00:00+09:00,1417.5,1422.5,1395.0,1420.0,76112,0.0,0.0
2010-07-20 00:00:00+09:00,1440.0,1440.0,1422.5,1430.0,18442,0.0,0.0
2010-07-21 00:00:00+09:00,1455.0,1455.0,1420.0,1435.0,26320,0.0,0.0
2010-07-22 00:00:00+09:00,1415.0,1440.0,1402.5,1407.5,49466,0.0,0.0
2010-07-23 00:00:00+09:00,1425.0,1435.0,1410.0,1425.0,23332,0.0,0.0
2010-07-26 00:00:00+09:00,1427.5,1487.5,1427.5,1475.0,62124,0.0,0.0
2010-07-27 00:00:00+09:00,1452.5,1482.5,1440.0,1475.0,131006,0.0,0.0
2010-07-28 00:00:00+09:00,1485.0,1485.0,1460.0,1462.5,27558,0.0,0.0
2010-07-29 00:00:00+09:00,1500.0,1500.0,1450.0,1465.0,45058,0.0,0.0
2010-07-30 00:00:00+09:00,1465.0,1475.0,1450.0,1472.5,36452,0.0,0.0
2010-08-02 00:00:00+09:00,1490.0,1567.5,1485.0,1522.5,209300,0.0,0.0
2010-08-03 00:00:00+09:00,1515.0,1542.5,1510.0,1517.5,65530,0.0,0.0
2010-08-04 00:00:00+09:00,1505.0,1522.5,1502.5,1520.0,22668,0.0,0.0
2010-08-05 00:00:00+09:00,1495.0,1535.0,1495.0,1500.0,82900,0.0,0.0
2010-08-06 00:00:00+09:00,1510.0,1510.0,1475.0,1497.5,24846,0.0,0.0
2010-08-09 00:00:00+09:00,1485.0,1507.5,1485.0,1500.0,33216,0.0,0.0
2010-08-10 00:00:00+09:00,1497.5,1542.5,1495.0,1502.5,18928,0.0,0.0
2010-08-11 00:00:00+09:00,1537.5,1537.5,1487.5,1500.0,21704,0.0,0.0
2010-08-12 00:00:00+09:00,1492.5,1492.5,1442.5,1465.0,31706,0.0,0.0
2010-08-13 00:00:00+09:00,1475.0,1475.0,1430.0,1435.0,105168,0.0,0.0
2010-08-16 00:00:00+09:00,1435.0,1460.0,1430.0,1437.5,40548,0.0,0.0
2010-08-17 00:00:00+09:00,1460.0,1460.0,1430.0,1440.0,48804,0.0,0.0
2010-08-18 00:00:00+09:00,1440.0,1445.0,1430.0,1432.5,42378,0.0,0.0
2010-08-19 00:00:00+09:00,1437.5,1475.0,1437.5,1455.0,42016,0.0,0.0
2010-08-20 00:00:00+09:00,1467.5,1467.5,1442.5,1465.0,33576,0.0,0.0
2010-08-23 00:00:00+09:00,1452.5,1477.5,1442.5,1442.5,12990,0.0,0.0
2010-08-24 00:00:00+09:00,1442.5,1460.0,1422.5,1457.5,36570,0.0,0.0
2010-08-25 00:00:00+09:00,1460.0,1470.0,1427.5,1450.0,79654,0.0,0.0
2010-08-26 00:00:00+09:00,1460.0,1465.0,1425.0,1430.0,40106,0.0,0.0
2010-08-27 00:00:00+09:00,1435.0,1435.0,1410.0,1425.0,16728,0.0,0.0
2010-08-30 00:00:00+09:00,1430.0,1445.0,1430.0,1440.0,15908,0.0,0.0
2010-08-31 00:00:00+09:00,1437.5,1450.0,1415.0,1442.5,35118,0.0,0.0
2010-09-01 00:00:00+09:00,1450.0,1455.0,1440.0,1455.0,30686,0.0,0.0
2010-09-02 00:00:00+09:00,1462.5,1480.0,1455.0,1470.0,48422,0.0,0.0
2010-09-03 00:00:00+09:00,1470.0,1475.0,1452.5,1470.0,53460,0.0,0.0
2010-09-06 00:00:00+09:00,1477.5,1487.5,1460.0,1472.5,18798,0.0,0.0
2010-09-07 00:00:00+09:00,1472.5,1497.5,1462.5,1465.0,24258,0.0,0.0
2010-09-08 00:00:00+09:00,1477.5,1477.5,1452.5,1467.5,5130,0.0,0.0
2010-09-09 00:00:00+09:00,1487.5,1487.5,1450.0,1450.0,26236,0.0,0.0
2010-09-10 00:00:00+09:00,1460.0,1460.0,1440.0,1447.5,36134,0.0,0.0
2010-09-13 00:00:00+09:00,1445.0,1457.5,1435.0,1442.5,69532,0.0,0.0
2010-09-14 00:00:00+09:00,1455.0,1470.0,1430.0,1440.0,79988,0.0,0.0
2010-09-15 00:00:00+09:00,1445.0,1455.0,1430.0,1442.5,29104,0.0,0.0
2010-09-16 00:00:00+09:00,1455.0,1455.0,1432.5,1435.0,7708,0.0,0.0
2010-09-17 00:00:00+09:00,1442.5,1445.0,1430.0,1435.0,21186,0.0,0.0
2010-09-20 00:00:00+09:00,1467.5,1467.5,1430.0,1432.5,16836,0.0,0.0
2010-09-24 00:00:00+09:00,1455.0,1455.0,1412.5,1435.0,29096,0.0,0.0
2010-09-27 00:00:00+09:00,1437.5,1465.0,1427.5,1440.0,22438,0.0,0.0
2010-09-28 00:00:00+09:00,1455.0,1455.0,1435.0,1435.0,53862,0.0,0.0
2010-09-29 00:00:00+09:00,1445.0,1445.0,1430.0,1445.0,54504,0.0,0.0
2010-09-30 00:00:00+09:00,1455.0,1462.5,1432.5,1460.0,90052,0.0,0.0
2010-10-01 00:00:00+09:00,1467.5,1467.5,1445.0,1445.0,58686,0.0,0.0
2010-10-04 00:00:00+09:00,1440.0,1495.0,1440.0,1492.5,115208,0.0,0.0
2010-10-05 00:00:00+09:00,1490.0,1502.5,1482.5,1487.5,39716,0.0,0.0
2010-10-06 00:00:00+09:00,1500.0,1525.0,1487.5,1490.0,153494,0.0,0.0
2010-10-07 00:00:00+09:00,1490.0,1517.5,1490.0,1500.0,67984,0.0,0.0
2010-10-08 00:00:00+09:00,1500.0,1512.5,1485.0,1510.0,71592,0.0,0.0
2010-10-11 00:00:00+09:00,1530.0,1530.0,1490.0,1495.0,66814,0.0,0.0
2010-10-12 00:00:00+09:00,1490.0,1507.5,1487.5,1490.0,39692,0.0,0.0
2010-10-13 00:00:00+09:00,1490.0,1510.0,1490.0,1507.5,57248,0.0,0.0
2010-10-14 00:00:00+09:00,1500.0,1512.5,1495.0,1505.0,55026,0.0,0.0
2010-10-15 00:00:00+09:00,1525.0,1525.0,1487.5,1512.5,123382,0.0,0.0
2010-10-18 00:00:00+09:00,1515.0,1515.0,1492.5,1505.0,67356,0.0,0.0
2010-10-19 00:00:00+09:00,1520.0,1520.0,1495.0,1515.0,90750,0.0,0.0
2010-10-20 00:00:00+09:00,1500.0,1535.0,1485.0,1510.0,111068,0.0,0.0
2010-10-21 00:00:00+09:00,1530.0,1537.5,1500.0,1515.0,224466,0.0,0.0
2010-10-22 00:00:00+09:00,1522.5,1530.0,1502.5,1517.5,91992,0.0,0.0
2010-10-25 00:00:00+09:00,1525.0,1527.5,1495.0,1497.5,444746,0.0,0.0
2010-10-26 00:00:00+09:00,1510.0,1512.5,1497.5,1500.0,114260,0.0,0.0
2010-10-27 00:00:00+09:00,1502.5,1502.5,1490.0,1490.0,132504,0.0,0.0
2010-10-28 00:00:00+09:00,1490.0,1500.0,1472.5,1490.0,93228,0.0,0.0
2010-10-29 00:00:00+09:00,1497.5,1497.5,1467.5,1472.5,89660,0.0,0.0
2010-11-01 00:00:00+09:00,1485.0,1485.0,1457.5,1477.5,49476,0.0,0.0
2010-11-02 00:00:00+09:00,1487.5,1490.0,1472.5,1477.5,62424,0.0,0.0
2010-11-03 00:00:00+09:00,1475.0,1492.5,1470.0,1480.0,76124,0.0,0.0
2010-11-04 00:00:00+09:00,1490.0,1490.0,1467.5,1467.5,53550,0.0,0.0
2010-11-05 00:00:00+09:00,1470.0,1485.0,1457.5,1470.0,74412,0.0,0.0
2010-11-08 00:00:00+09:00,1482.5,1482.5,1455.0,1465.0,24258,0.0,0.0
2010-11-09 00:00:00+09:00,1467.5,1467.5,1452.5,1455.0,50444,0.0,0.0
2010-11-10 00:00:00+09:00,1455.0,1462.5,1437.5,1450.0,83906,0.0,0.0
2010-11-11 00:00:00+09:00,1455.0,1457.5,1440.0,1445.0,50596,0.0,0.0
2010-11-12 00:00:00+09:00,1460.0,1460.0,1420.0,1440.0,91852,0.0,0.0
2010-11-15 00:00:00+09:00,1437.5,1437.5,1400.0,1400.0,111136,0.0,0.0
2010-11-16 00:00:00+09:00,1410.0,1410.0,1375.0,1382.5,72462,0.0,0.0
2010-11-17 00:00:00+09:00,1377.5,1400.0,1377.5,1380.0,39358,0.0,0.0
2010-11-18 00:00:00+09:00,1405.0,1420.0,1390.0,1405.0,25896,0.0,0.0
2010-11-19 00:00:00+09:00,1415.0,1427.5,1410.0,1412.5,23418,0.0,0.0
2010-11-22 00:00:00+09:00,1407.5,1425.0,1407.5,1415.0,25982,0.0,0.0
2010-11-23 00:00:00+09:00,1402.5,1420.0,1402.5,1402.5,33862,0.0,0.0
2010-11-24 00:00:00+09:00,1385.0,1412.5,1350.0,1385.0,35594,0.0,0.0
2010-11-25 00:00:00+09:00,1377.5,1445.0,1377.5,1437.5,39038,0.0,0.0
2010-11-26 00:00:00+09:00,1440.0,1440.0,1392.5,1422.5,70010,0.0,0.0
2010-11-29 00:00:00+09:00,1380.0,1435.0,1380.0,1405.0,13544,0.0,0.0
2010-11-30 00:00:00+09:00,1405.0,1407.5,1390.0,1390.0,18634,0.0,0.0
2010-12-01 00:00:00+09:00,1390.0,1400.0,1370.0,1392.5,22630,0.0,0.0
2010-12-02 00:00:00+09:00,1390.0,1412.5,1390.0,1410.0,6902,0.0,0.0
2010-12-03 00:00:00+09:00,1420.0,1420.0,1392.5,1412.5,13440,0.0,0.0
2010-12-06 00:00:00+09:00,1417.5,1417.5,1400.0,1400.0,14652,0.0,0.0
2010-12-07 00:00:00+09:00,1400.0,1415.0,1400.0,1402.5,11598,0.0,0.0
2010-12-08 00:00:00+09:00,1402.5,1410.0,1395.0,1400.0,14908,0.0,0.0
2010-12-09 00:00:00+09:00,1385.0,1415.0,1385.0,1410.0,8486,0.0,0.0
2010-12-10 00:00:00+09:00,1415.0,1415.0,1402.5,1405.0,14996,0.0,0.0
2010-12-13 00:00:00+09:00,1415.0,1417.5,1402.5,1405.0,16764,0.0,0.0
2010-12-14 00:00:00+09:00,1425.0,1430.0,1412.5,1425.0,23548,0.0,0.0
2010-12-15 00:00:00+09:00,1430.0,1440.0,1415.0,1435.0,25300,0.0,0.0
2010-12-16 00:00:00+09:00,1440.0,1442.5,1425.0,1437.5,14272,0.0,0.0
2010-12-17 00:00:00+09:00,1420.0,1440.0,1420.0,1420.0,30838,0.0,0.0
2010-12-20 00:00:00+09:00,1410.0,1430.0,1372.5,1392.5,51158,0.0,0.0
2010-12-21 00:00:00+09:00,1417.5,1422.5,1400.0,1422.5,24382,0.0,0.0
2010-12-22 00:00:00+09:00,1417.5,1437.5,1400.0,1425.0,37670,0.0,0.0
2010-12-23 00:00:00+09:00,1440.0,1440.0,1407.5,1410.0,45156,0.0,0.0
2010-12-24 00:00:00+09:00,1425.0,1437.5,1410.0,1420.0,18596,0.0,0.0
2010-12-27 00:00:00+09:00,1407.5,1430.0,1407.5,1430.0,30138,0.0,0.0
2010-12-28 00:00:00+09:00,1435.0,1435.0,1412.5,1425.0,59416,0.0,0.0
2010-12-29 00:00:00+09:00,1412.5,1415.0,1387.5,1400.0,34988,0.0,0.0
2010-12-30 00:00:00+09:00,1400.0,1405.0,1390.0,1402.5,44724,0.0,0.0
2011-01-03 00:00:00+09:00,1402.5,1412.5,1402.5,1410.0,16884,0.0,0.0
2011-01-04 00:00:00+09:00,1407.5,1420.0,1397.5,1402.5,48174,0.0,0.0
2011-01-05 00:00:00+09:00,1415.0,1415.0,1395.0,1397.5,41766,0.0,0.0
2011-01-06 00:00:00+09:00,1400.0,1412.5,1390.0,1402.5,30588,0.0,0.0
2011-01-07 00:00:00+09:00,1410.0,1410.0,1392.5,1400.0,35104,0.0,0.0
2011-01-10 00:00:00+09:00,1420.0,1422.5,1392.5,1415.0,79628,0.0,0.0
2011-01-11 00:00:00+09:00,1407.5,1417.5,1397.5,1410.0,19178,0.0,0.0
2011-01-12 00:00:00+09:00,1417.5,1422.5,1390.0,1410.0,63418,0.0,0.0
2011-01-13 00:00:00+09:00,1415.0,1420.0,1395.0,1395.0,40744,0.0,0.0
2011-01-14 00:00:00+09:00,1392.5,1402.5,1385.0,1400.0,34028,0.0,0.0
2011-01-17 00:00:00+09:00,1410.0,1410.0,1382.5,1405.0,29396,0.0,0.0
2011-01-18 00:00:00+09:00,1405.0,1405.0,1380.0,1395.0,52152,0.0,0.0
2011-01-19 00:00:00+09:00,1395.0,1395.0,1370.0,1382.5,21096,0.0,0.0
2011-01-20 00:00:00+09:00,1385.0,1400.0,1375.0,1375.0,61252,0.0,0.0
2011-01-21 00:00:00+09:00,1375.0,1395.0,1367.5,1375.0,26514,0.0,0.0
2011-01-24 00:00:00+09:00,1395.0,1415.0,1370.0,1387.5,45964,0.0,0.0
2011-01-25 00:00:00+09:00,1385.0,1395.0,1370.0,1377.5,46952,0.0,0.0
2011-01-26 00:00:00+09:00,1377.5,1385.0,1357.5,1372.5,18968,0.0,0.0
2011-01-27 00:00:00+09:00,1372.5,1375.0,1350.0,1355.0,53602,0.0,0.0
2011-01-28 00:00:00+09:00,1352.5,1367.5,1347.5,1355.0,34852,0.0,0.0
2011-01-31 00:00:00+09:00,1340.0,1362.5,1330.0,1330.0,36544,0.0,0.0
2011-02-01 00:00:00+09:00,1347.5,1347.5,1320.0,1332.5,43620,0.0,0.0
2011-02-07 00:00:00+09:00,1345.0,1345.0,1322.5,1325.0,42980,0.0,0.0
2011-02-08 00:00:00+09:00,1330.0,1337.5,1325.0,1337.5,11320,0.0,0.0
2011-02-09 00:00:00+09:00,1342.5,1347.5,1325.0,1345.0,15128,0.0,0.0
2011-02-10 00:00:00+09:00,1355.0,1355.0,1327.5,1340.0,2822,0.0,0.0
2011-02-11 00:00:00+09:00,1347.5,1347.5,1325.0,1340.0,16870,0.0,0.0
2011-02-14 00:00:00+09:00,1340.0,1340.0,1325.0,1340.0,30600,0.0,0.0
2011-02-15 00:00:00+09:00,1340.0,1340.0,1305.0,1327.5,13398,0.0,0.0
2011-02-16 00:00:00+09:00,1287.5,1332.5,1287.5,1332.5,24358,0.0,0.0
2011-02-17 00:00:00+09:00,1332.5,1332.5,1307.5,1325.0,4632,0.0,0.0
2011-02-18 00:00:00+09:00,1332.5,1332.5,1310.0,1330.0,5500,0.0,0.0
2011-02-21 00:00:00+09:00,1327.5,1327.5,1312.5,1325.0,10050,0.0,0.0
2011-02-22 00:00:00+09:00,1325.0,1325.0,1287.5,1322.5,5876,0.0,0.0
2011-02-23 00:00:00+09:00,1310.0,1310.0,1215.0,1272.5,36970,0.0,0.0
2011-02-24 00:00:00+09:00,1252.5,1310.0,1252.5,1310.0,21204,0.0,0.0
2011-02-25 00:00:00+09:00,1300.0,1325.0,1287.5,1322.5,11968,0.0,0.0
2011-02-28 00:00:00+09:00,1320.0,1342.5,1290.0,1327.5,86110,0.0,0.0
2011-03-02 00:00:00+09:00,1327.5,1327.5,1295.0,1317.5,8244,0.0,0.0
2011-03-03 00:00:00+09:00,1302.5,1317.5,1292.5,1310.0,38096,0.0,0.0
2011-03-04 00:00:00+09:00,1317.5,1320.0,1300.0,1300.0,5192,0.0,0.0
2011-03-07 00:00:00+09:00,1300.0,1300.0,1270.0,1272.5,12080,0.0,0.0
2011-03-08 00:00:00+09:00,1292.5,1292.5,1257.5,1277.5,24542,0.0,0.0
2011-03-09 00:00:00+09:00,1285.0,1292.5,1265.0,1285.0,19072,0.0,0.0
2011-03-10 00:00:00+09:00,1287.5,1300.0,1280.0,1290.0,30818,0.0,0.0
2011-03-11 00:00:00+09:00,1295.0,1295.0,1270.0,1287.5,16022,0.0,0.0
2011-03-14 00:00:00+09:00,1300.0,1327.5,1277.5,1297.5,57028,0.0,0.0
2011-03-15 00:00:00+09:00,1310.0,1310.0,1260.0,1290.0,73654,0.0,0.0
2011-03-16 00:00:00+09:00,1310.0,1310.0,1255.0,1280.0,78286,0.0,0.0
2011-03-17 00:00:00+09:00,1277.5,1277.5,1237.5,1260.0,38170,0.0,0.0
2011-03-18 00:00:00+09:00,1260.0,1277.5,1250.0,1262.5,50692,0.0,0.0
2011-03-21 00:00:00+09:00,1272.5,1300.0,1267.5,1275.0,55152,0.0,0.0
2011-03-22 00:00:00+09:00,1297.5,1297.5,1267.5,1282.5,21918,0.0,0.0
2011-03-23 00:00:00+09:00,1280.0,1280.0,1257.5,1265.0,32026,0.0,0.0
2011-03-24 00:00:00+09:00,1257.5,1270.0,1255.0,1265.0,30566,0.0,0.0
2011-03-25 00:00:00+09:00,1275.0,1277.5,1262.5,1272.5,17882,0.0,0.0
2011-03-28 00:00:00+09:00,1280.0,1295.0,1270.0,1282.5,18414,0.0,0.0
2011-03-29 00:00:00+09:00,1287.5,1295.0,1280.0,1295.0,28722,0.0,0.0
2011-03-30 00:00:00+09:00,1292.5,1300.0,1287.5,1300.0,22758,0.0,0.0
2011-03-31 00:00:00+09:00,1310.0,1312.5,1292.5,1305.0,20530,0.0,0.0
2011-04-01 00:00:00+09:00,1307.5,1315.0,1305.0,1312.5,12736,0.0,0.0
2011-04-04 00:00:00+09:00,1320.0,1320.0,1300.0,1312.5,10914,0.0,0.0
2011-04-05 00:00:00+09:00,1300.0,1320.0,1300.0,1320.0,18066,0.0,0.0
2011-04-06 00:00:00+09:00,1302.5,1337.5,1302.5,1335.0,22888,0.0,0.0
2011-04-07 00:00:00+09:00,1340.0,1340.0,1320.0,1340.0,8200,0.0,0.0
2011-04-08 00:00:00+09:00,1330.0,1445.0,1330.0,1367.5,45980,0.0,0.0
2011-04-11 00:00:00+09:00,1372.5,1375.0,1335.0,1365.0,4878,0.0,0.0
2011-04-12 00:00:00+09:00,1365.0,1365.0,1330.0,1342.5,18504,0.0,0.0
2011-04-13 00:00:00+09:00,1365.0,1375.0,1347.5,1372.5,12074,0.0,0.0
2011-04-14 00:00:00+09:00,1362.5,1382.5,1360.0,1372.5,31524,0.0,0.0
2011-04-15 00:00:00+09:00,1390.0,1395.0,1357.5,1357.5,35178,0.0,0.0
2011-04-18 00:00:00+09:00,1382.5,1397.5,1360.0,1397.5,49774,0.0,0.0
2011-04-19 00:00:00+09:00,1397.5,1432.5,1380.0,1407.5,135812,0.0,0.0
2011-04-20 00:00:00+09:00,1427.5,1427.5,1380.0,1400.0,26680,0.0,0.0
2011-04-21 00:00:00+09:00,1405.0,1412.5,1370.0,1397.5,74414,0.0,0.0
2011-04-22 00:00:00+09:00,1385.0,1385.0,1370.0,1370.0,38666,0.0,0.0
2011-04-25 00:00:00+09:00,1387.5,1387.5,1355.0,1382.5,39016,0.0,0.0
2011-04-26 00:00:00+09:00,1390.0,1390.0,1340.0,1357.5,39768,0.0,0.0
2011-04-27 00:00:00+09:00,1365.0,1370.0,1350.0,1362.5,32150,0.0,0.0
2011-04-28 00:00:00+09:00,1372.5,1372.5,1330.0,1342.5,16710,0.0,0.0
2011-04-29 00:00:00+09:00,1355.0,1355.0,1297.5,1337.5,33548,0.0,0.0
2011-05-02 00:00:00+09:00,1335.0,1335.0,1295.0,1305.0,41848,0.0,0.0
2011-05-03 00:00:00+09:00,1315.0,1327.5,1307.5,1317.5,4188,0.0,0.0
2011-05-04 00:00:00+09:00,1327.5,1337.5,1317.5,1337.5,7318,0.0,0.0
2011-05-06 00:00:00+09:00,1335.0,1335.0,1305.0,1327.5,2530,0.0,0.0
2011-05-09 00:00:00+09:00,1335.0,1335.0,1310.0,1312.5,7672,0.0,0.0
2011-05-11 00:00:00+09:00,1312.5,1337.5,1295.0,1295.0,15820,0.0,0.0
2011-05-12 00:00:00+09:00,1287.5,1302.5,1280.0,1295.0,21864,0.0,0.0
2011-05-13 00:00:00+09:00,1285.0,1300.0,1285.0,1295.0,8016,0.0,0.0
2011-05-16 00:00:00+09:00,1307.5,1355.0,1302.5,1345.0,131940,0.0,0.0
2011-05-17 00:00:00+09:00,1345.0,1377.5,1305.0,1307.5,40760,0.0,0.0
2011-05-18 00:00:00+09:00,1312.5,1322.5,1295.0,1297.5,26950,0.0,0.0
2011-05-19 00:00:00+09:00,1307.5,1307.5,1280.0,1280.0,19470,0.0,0.0
2011-05-20 00:00:00+09:00,1322.5,1322.5,1275.0,1285.0,17964,0.0,0.0
2011-05-23 00:00:00+09:00,1295.0,1295.0,1262.5,1262.5,21696,0.0,0.0
2011-05-24 00:00:00+09:00,1280.0,1280.0,1230.0,1255.0,21694,0.0,0.0
2011-05-25 00:00:00+09:00,1265.0,1280.0,1250.0,1262.5,29864,0.0,0.0
2011-05-26 00:00:00+09:00,1280.0,1280.0,1255.0,1277.5,14458,0.0,0.0
2011-05-27 00:00:00+09:00,1295.0,1295.0,1265.0,1275.0,16064,0.0,0.0
2011-05-30 00:00:00+09:00,1300.0,1312.5,1262.5,1262.5,50862,0.0,0.0
2011-05-31 00:00:00+09:00,1250.0,1280.0,1175.0,1262.5,44510,0.0,0.0
2011-06-01 00:00:00+09:00,1280.0,1280.0,1230.0,1250.0,36706,0.0,0.0
2011-06-02 00:00:00+09:00,1250.0,1250.0,1215.0,1240.0,22044,0.0,0.0
2011-06-03 00:00:00+09:00,1247.5,1250.0,1225.0,1250.0,16978,0.0,0.0
2011-06-07 00:00:00+09:00,1247.5,1247.5,1220.0,1222.5,8640,0.0,0.0
2011-06-08 00:00:00+09:00,1222.5,1247.5,1212.5,1245.0,3700,0.0,0.0
2011-06-09 00:00:00+09:00,1245.0,1250.0,1215.0,1250.0,6090,0.0,0.0
2011-06-10 00:00:00+09:00,1225.0,1247.5,1222.5,1225.0,16322,0.0,0.0
2011-06-13 00:00:00+09:00,1202.5,1225.0,1190.0,1225.0,4330,0.0,0.0
2011-06-14 00:00:00+09:00,1230.0,1250.0,1207.5,1230.0,10604,0.0,0.0
2011-06-15 00:00:00+09:00,1207.5,1242.5,1207.5,1210.0,19378,0.0,0.0
2011-06-16 00:00:00+09:00,1225.0,1227.5,1180.0,1227.5,2444,0.0,0.0
2011-06-17 00:00:00+09:00,1242.5,1242.5,1177.5,1217.5,12112,0.0,0.0
2011-06-20 00:00:00+09:00,1217.5,1217.5,1172.5,1182.5,50262,0.0,0.0
2011-06-21 00:00:00+09:00,1192.5,1192.5,1160.0,1180.0,19214,0.0,0.0
2011-06-22 00:00:00+09:00,1197.5,1207.5,1170.0,1185.0,18698,0.0,0.0
2011-06-23 00:00:00+09:00,1185.0,1200.0,1165.0,1180.0,2744,0.0,0.0
2011-06-24 00:00:00+09:00,1202.5,1202.5,1165.0,1185.0,86104,0.0,0.0
2011-06-27 00:00:00+09:00,1197.5,1200.0,1167.5,1200.0,5024,0.0,0.0
2011-06-28 00:00:00+09:00,1205.0,1205.0,1182.5,1192.5,26286,0.0,0.0
2011-06-29 00:00:00+09:00,1207.5,1207.5,1185.0,1200.0,26880,0.0,0.0
2011-06-30 00:00:00+09:00,1197.5,1212.5,1197.5,1200.0,2268,0.0,0.0
2011-07-01 00:00:00+09:00,1207.5,1217.5,1200.0,1210.0,5398,0.0,0.0
2011-07-04 00:00:00+09:00,1202.5,1242.5,1202.5,1225.0,6540,0.0,0.0
2011-07-05 00:00:00+09:00,1227.5,1240.0,1212.5,1232.5,26128,0.0,0.0
2011-07-06 00:00:00+09:00,1245.0,1250.0,1222.5,1245.0,4318,0.0,0.0
2011-07-07 00:00:00+09:00,1250.0,1255.0,1230.0,1237.5,15544,0.0,0.0
2011-07-08 00:00:00+09:00,1237.5,1255.0,1230.0,1245.0,12224,0.0,0.0
2011-07-11 00:00:00+09:00,1245.0,1265.0,1227.5,1227.5,25282,0.0,0.0
2011-07-12 00:00:00+09:00,1227.5,1227.5,1210.0,1220.0,23276,0.0,0.0
2011-07-13 00:00:00+09:00,1220.0,1245.0,1220.0,1232.5,12260,0.0,0.0
2011-07-14 00:00:00+09:00,1245.0,1250.0,1225.0,1232.5,7616,0.0,0.0
2011-07-15 00:00:00+09:00,1247.5,1285.0,1237.5,1257.5,13558,0.0,0.0
2011-07-18 00:00:00+09:00,1282.5,1282.5,1245.0,1265.0,15280,0.0,0.0
2011-07-19 00:00:00+09:00,1282.5,1282.5,1245.0,1260.0,19646,0.0,0.0
2011-07-20 00:00:00+09:00,1275.0,1275.0,1245.0,1267.5,28108,0.0,0.0
2011-07-21 00:00:00+09:00,1272.5,1275.0,1247.5,1265.0,18884,0.0,0.0
2011-07-22 00:00:00+09:00,1277.5,1300.0,1250.0,1265.0,3184,0.0,0.0
2011-07-25 00:00:00+09:00,1292.5,1292.5,1245.0,1252.5,27920,0.0,0.0
2011-07-26 00:00:00+09:00,1262.5,1282.5,1250.0,1277.5,43640,0.0,0.0
2011-07-27 00:00:00+09:00,1285.0,1300.0,1245.0,1280.0,34262,0.0,0.0
2011-07-28 00:00:00+09:00,1285.0,1300.0,1260.0,1285.0,28596,0.0,0.0
2011-07-29 00:00:00+09:00,1290.0,1305.0,1267.5,1282.5,14886,0.0,0.0
2011-08-01 00:00:00+09:00,1287.5,1297.5,1260.0,1295.0,18104,0.0,0.0
2011-08-02 00:00:00+09:00,1305.0,1310.0,1272.5,1285.0,28218,0.0,0.0
2011-08-03 00:00:00+09:00,1270.0,1305.0,1247.5,1272.5,14608,0.0,0.0
2011-08-04 00:00:00+09:00,1295.0,1315.0,1260.0,1265.0,32844,0.0,0.0
2011-08-05 00:00:00+09:00,1185.0,1237.5,1185.0,1230.0,18058,0.0,0.0
2011-08-08 00:00:00+09:00,1215.0,1230.0,1125.0,1177.5,48672,0.0,0.0
2011-08-09 00:00:00+09:00,1147.5,1215.0,1025.0,1122.5,14402,0.0,0.0
2011-08-10 00:00:00+09:00,1147.5,1165.0,1105.0,1130.0,74244,0.0,0.0
2011-08-11 00:00:00+09:00,1122.5,1200.0,1120.0,1140.0,13410,0.0,0.0
2011-08-12 00:00:00+09:00,1195.0,1195.0,1127.5,1147.5,27364,0.0,0.0
2011-08-16 00:00:00+09:00,1147.5,1200.0,1147.5,1162.5,33264,0.0,0.0
2011-08-17 00:00:00+09:00,1167.5,1167.5,1145.0,1162.5,15774,0.0,0.0
2011-08-18 00:00:00+09:00,1175.0,1177.5,1130.0,1137.5,19234,0.0,0.0
2011-08-19 00:00:00+09:00,1110.0,1137.5,1052.5,1055.0,85446,0.0,0.0
2011-08-22 00:00:00+09:00,1075.0,1112.5,1020.0,1062.5,71466,0.0,0.0
2011-08-23 00:00:00+09:00,1065.0,1110.0,1062.5,1090.0,38726,0.0,0.0
2011-08-24 00:00:00+09:00,1097.5,1117.5,1070.0,1087.5,40692,0.0,0.0
2011-08-25 00:00:00+09:00,1097.5,1107.5,1075.0,1095.0,11746,0.0,0.0
2011-08-26 00:00:00+09:00,1095.0,1100.0,1085.0,1095.0,12966,0.0,0.0
2011-08-29 00:00:00+09:00,1095.0,1130.0,1080.0,1100.0,16680,0.0,0.0
2011-08-30 00:00:00+09:00,1115.0,1150.0,1100.0,1137.5,29218,0.0,0.0
2011-08-31 00:00:00+09:00,1147.5,1175.0,1107.5,1147.5,10470,0.0,0.0
2011-09-01 00:00:00+09:00,1150.0,1175.0,1115.0,1150.0,25574,0.0,0.0
2011-09-02 00:00:00+09:00,1150.0,1150.0,1120.0,1140.0,9360,0.0,0.0
2011-09-05 00:00:00+09:00,1140.0,1150.0,1110.0,1112.5,8490,0.0,0.0
2011-09-06 00:00:00+09:00,1125.0,1127.5,1095.0,1100.0,15192,0.0,0.0
2011-09-07 00:00:00+09:00,1125.0,1175.0,1107.5,1142.5,5240,0.0,0.0
2011-09-08 00:00:00+09:00,1157.5,1197.5,1142.5,1177.5,8040,0.0,0.0
2011-09-09 00:00:00+09:00,1190.0,1295.0,1150.0,1190.0,200010,0.0,0.0
2011-09-14 00:00:00+09:00,1195.0,1242.5,1177.5,1205.0,108860,0.0,0.0
2011-09-15 00:00:00+09:00,1285.0,1385.0,1275.0,1385.0,312058,0.0,0.0
2011-09-16 00:00:00+09:00,1592.5,1592.5,1335.0,1335.0,7879068,0.0,0.0
2011-09-19 00:00:00+09:00,1325.0,1487.5,1305.0,1420.0,3482642,0.0,0.0
2011-09-20 00:00:00+09:00,1422.5,1450.0,1310.0,1360.0,1681036,0.0,0.0
2011-09-21 00:00:00+09:00,1350.0,1387.5,1255.0,1275.0,968118,0.0,0.0
2011-09-22 00:00:00+09:00,1227.5,1265.0,1162.5,1182.5,694938,0.0,0.0
2011-09-23 00:00:00+09:00,1120.0,1152.5,1062.5,1087.5,484070,0.0,0.0
2011-09-26 00:00:00+09:00,1132.5,1150.0,970.0,1007.5,289998,0.0,0.0
2011-09-27 00:00:00+09:00,1017.5,1067.5,992.5,1017.5,373288,0.0,0.0
2011-09-28 00:00:00+09:00,1032.5,1137.5,1032.5,1065.0,509786,0.0,0.0
2011-09-29 00:00:00+09:00,1055.0,1065.0,992.5,1042.5,386320,0.0,0.0
2011-09-30 00:00:00+09:00,1075.0,1075.0,1002.5,1022.5,197420,0.0,0.0
2011-10-04 00:00:00+09:00,1002.5,1025.0,990.0,992.5,178756,0.0,0.0
2011-10-05 00:00:00+09:00,997.5,1007.5,945.0,962.5,141698,0.0,0.0
2011-10-06 00:00:00+09:00,967.5,1022.5,967.5,1005.0,88060,0.0,0.0
2011-10-07 00:00:00+09:00,992.5,1027.5,990.0,1012.5,186378,0.0,0.0
2011-10-10 00:00:00+09:00,1037.5,1110.0,1035.0,1080.0,248568,0.0,0.0
2011-10-11 00:00:00+09:00,1085.0,1095.0,1060.0,1090.0,194794,0.0,0.0
2011-10-12 00:00:00+09:00,1077.5,1077.5,1060.0,1065.0,63194,0.0,0.0
2011-10-13 00:00:00+09:00,1075.0,1085.0,1060.0,1077.5,75762,0.0,0.0
2011-10-14 00:00:00+09:00,1080.0,1080.0,1032.5,1060.0,161902,0.0,0.0
2011-10-17 00:00:00+09:00,1072.5,1082.5,1055.0,1082.5,40830,0.0,0.0
2011-10-18 00:00:00+09:00,1070.0,1070.0,1030.0,1040.0,110776,0.0,0.0
2011-10-19 00:00:00+09:00,1050.0,1057.5,1042.5,1050.0,54046,0.0,0.0
2011-10-20 00:00:00+09:00,1137.5,1175.0,1050.0,1055.0,318468,0.0,0.0
2011-10-21 00:00:00+09:00,1047.5,1065.0,1035.0,1052.5,106838,0.0,0.0
2011-10-24 00:00:00+09:00,1065.0,1105.0,1050.0,1097.5,84328,0.0,0.0
2011-10-25 00:00:00+09:00,1097.5,1127.5,1097.5,1117.5,145172,0.0,0.0
2011-10-26 00:00:00+09:00,1115.0,1115.0,1087.5,1100.0,72578,0.0,0.0
2011-10-27 00:00:00+09:00,1087.5,1117.5,1077.5,1107.5,68418,0.0,0.0
2011-10-28 00:00:00+09:00,1125.0,1135.0,1090.0,1105.0,95262,0.0,0.0
2011-10-31 00:00:00+09:00,1110.0,1112.5,1082.5,1085.0,47606,0.0,0.0
2011-11-01 00:00:00+09:00,1080.0,1105.0,1077.5,1092.5,57190,0.0,0.0
2011-11-02 00:00:00+09:00,1077.5,1085.0,1062.5,1085.0,34616,0.0,0.0
2011-11-03 00:00:00+09:00,1085.0,1105.0,1057.5,1065.0,22722,0.0,0.0
2011-11-04 00:00:00+09:00,1065.0,1097.5,1062.5,1077.5,118018,0.0,0.0
2011-11-07 00:00:00+09:00,1082.5,1100.0,1075.0,1085.0,36862,0.0,0.0
2011-11-08 00:00:00+09:00,1090.0,1090.0,1070.0,1085.0,35554,0.0,0.0
2011-11-09 00:00:00+09:00,1085.0,1095.0,1075.0,1085.0,10414,0.0,0.0
2011-11-10 00:00:00+09:00,1082.5,1082.5,1045.0,1065.0,34366,0.0,0.0
2011-11-11 00:00:00+09:00,1070.0,1075.0,1055.0,1072.5,10586,0.0,0.0
2011-11-14 00:00:00+09:00,1082.5,1100.0,1067.5,1080.0,34348,0.0,0.0
2011-11-15 00:00:00+09:00,1080.0,1080.0,1037.5,1072.5,51578,0.0,0.0
2011-11-16 00:00:00+09:00,1077.5,1077.5,1032.5,1045.0,44080,0.0,0.0
2011-11-17 00:00:00+09:00,1032.5,1082.5,1032.5,1082.5,17956,0.0,0.0
2011-11-18 00:00:00+09:00,1050.0,1072.5,1040.0,1072.5,28166,0.0,0.0
2011-11-21 00:00:00+09:00,1075.0,1085.0,1045.0,1047.5,32844,0.0,0.0
2011-11-22 00:00:00+09:00,1052.5,1060.0,1030.0,1055.0,11036,0.0,0.0
2011-11-23 00:00:00+09:00,1065.0,1067.5,1030.0,1045.0,32122,0.0,0.0
2011-11-24 00:00:00+09:00,1047.5,1065.0,1027.5,1042.5,13350,0.0,0.0
2011-11-25 00:00:00+09:00,1027.5,1067.5,1027.5,1055.0,20436,0.0,0.0
2011-11-28 00:00:00+09:00,1075.0,1075.0,1040.0,1070.0,11656,0.0,0.0
2011-11-29 00:00:00+09:00,1057.5,1070.0,1050.0,1067.5,13148,0.0,0.0
2011-11-30 00:00:00+09:00,1075.0,1075.0,1047.5,1067.5,2694,0.0,0.0
2011-12-01 00:00:00+09:00,1087.5,1110.0,1067.5,1085.0,36954,0.0,0.0
2011-12-02 00:00:00+09:00,1090.0,1090.0,1057.5,1080.0,6476,0.0,0.0
2011-12-05 00:00:00+09:00,1092.5,1092.5,1055.0,1062.5,64696,0.0,0.0
2011-12-06 00:00:00+09:00,1070.0,1070.0,1050.0,1060.0,25704,0.0,0.0
2011-12-07 00:00:00+09:00,1067.5,1080.0,1060.0,1067.5,105448,0.0,0.0
2011-12-08 00:00:00+09:00,1072.5,1095.0,1060.0,1080.0,47876,0.0,0.0
2011-12-09 00:00:00+09:00,1082.5,1082.5,1052.5,1070.0,23208,0.0,0.0
2011-12-12 00:00:00+09:00,1087.5,1092.5,1070.0,1080.0,27648,0.0,0.0
2011-12-13 00:00:00+09:00,1080.0,1082.5,1062.5,1075.0,21078,0.0,0.0
2011-12-14 00:00:00+09:00,1072.5,1090.0,1065.0,1080.0,37836,0.0,0.0
2011-12-15 00:00:00+09:00,1067.5,1092.5,1050.0,1075.0,42702,0.0,0.0
2011-12-16 00:00:00+09:00,1077.5,1077.5,1062.5,1075.0,23230,0.0,0.0
2011-12-19 00:00:00+09:00,1062.5,1085.0,1005.0,1050.0,48366,0.0,0.0
2011-12-20 00:00:00+09:00,1050.0,1072.5,1042.5,1072.5,11336,0.0,0.0
2011-12-21 00:00:00+09:00,1080.0,1087.5,1067.5,1080.0,26572,0.0,0.0
2011-12-22 00:00:00+09:00,1082.5,1090.0,1075.0,1080.0,34074,0.0,0.0
2011-12-23 00:00:00+09:00,1080.0,1125.0,1080.0,1100.0,78600,0.0,0.0
2011-12-26 00:00:00+09:00,1100.0,1110.0,1095.0,1105.0,48460,0.0,0.0
2011-12-27 00:00:00+09:00,1100.0,1125.0,1090.0,1107.5,75956,0.0,0.0
2011-12-28 00:00:00+09:00,1085.0,1092.5,1065.0,1072.5,14608,0.0,0.0
2011-12-29 00:00:00+09:00,1067.5,1070.0,1047.5,1055.0,13272,0.0,0.0
2012-01-02 00:00:00+09:00,1042.5,1065.0,1042.5,1057.5,1538,0.0,0.0
2012-01-03 00:00:00+09:00,1047.5,1072.5,1047.5,1065.0,29364,0.0,0.0
2012-01-04 00:00:00+09:00,1062.5,1072.5,1050.0,1067.5,16930,0.0,0.0
2012-01-05 00:00:00+09:00,1070.0,1080.0,1050.0,1055.0,26712,0.0,0.0
2012-01-06 00:00:00+09:00,1067.5,1102.5,1050.0,1060.0,60880,0.0,0.0
2012-01-09 00:00:00+09:00,1060.0,1075.0,1040.0,1040.0,16642,0.0,0.0
2012-01-10 00:00:00+09:00,1040.0,1060.0,1040.0,1060.0,25098,0.0,0.0
2012-01-11 00:00:00+09:00,1067.5,1080.0,1052.5,1062.5,15202,0.0,0.0
2012-01-12 00:00:00+09:00,1062.5,1102.5,1052.5,1062.5,105410,0.0,0.0
2012-01-13 00:00:00+09:00,1072.5,1092.5,1062.5,1087.5,56064,0.0,0.0
2012-01-16 00:00:00+09:00,1090.0,1090.0,1052.5,1070.0,27590,0.0,0.0
2012-01-17 00:00:00+09:00,1070.0,1090.0,1060.0,1072.5,23170,0.0,0.0
2012-01-18 00:00:00+09:00,1077.5,1092.5,1072.5,1087.5,25590,0.0,0.0
2012-01-19 00:00:00+09:00,1090.0,1090.0,1072.5,1075.0,34290,0.0,0.0
2012-01-20 00:00:00+09:00,1090.0,1090.0,1070.0,1080.0,24526,0.0,0.0
2012-01-25 00:00:00+09:00,1067.5,1082.5,1052.5,1065.0,42002,0.0,0.0
2012-01-26 00:00:00+09:00,1075.0,1075.0,1060.0,1070.0,21188,0.0,0.0
2012-01-27 00:00:00+09:00,1080.0,1082.5,1070.0,1080.0,20234,0.0,0.0
2012-01-30 00:00:00+09:00,1085.0,1090.0,1075.0,1082.5,31464,0.0,0.0
2012-01-31 00:00:00+09:00,1087.5,1092.5,1082.5,1090.0,22384,0.0,0.0
2012-02-01 00:00:00+09:00,1090.0,1135.0,1085.0,1115.0,214394,0.0,0.0
2012-02-02 00:00:00+09:00,1130.0,1270.0,1130.0,1165.0,703078,0.0,0.0
2012-02-03 00:00:00+09:00,1157.5,1177.5,1127.5,1137.5,181106,0.0,0.0
2012-02-06 00:00:00+09:00,1140.0,1292.5,1112.5,1235.0,1082674,0.0,0.0
2012-02-07 00:00:00+09:00,1265.0,1300.0,1205.0,1252.5,792846,0.0,0.0
2012-02-08 00:00:00+09:00,1237.5,1252.5,1205.0,1205.0,282612,0.0,0.0
2012-02-09 00:00:00+09:00,1192.5,1205.0,1160.0,1172.5,272876,0.0,0.0
2012-02-10 00:00:00+09:00,1165.0,1275.0,1165.0,1187.5,208640,0.0,0.0
2012-02-13 00:00:00+09:00,1182.5,1195.0,1157.5,1160.0,209082,0.0,0.0
2012-02-14 00:00:00+09:00,1175.0,1210.0,1152.5,1185.0,139176,0.0,0.0
2012-02-15 00:00:00+09:00,1197.5,1230.0,1177.5,1205.0,254702,0.0,0.0
2012-02-16 00:00:00+09:00,1222.5,1230.0,1187.5,1200.0,190586,0.0,0.0
2012-02-17 00:00:00+09:00,1217.5,1225.0,1195.0,1205.0,96176,0.0,0.0
2012-02-20 00:00:00+09:00,1230.0,1275.0,1195.0,1250.0,414290,0.0,0.0
2012-02-21 00:00:00+09:00,1250.0,1267.5,1215.0,1230.0,221400,0.0,0.0
2012-02-22 00:00:00+09:00,1230.0,1230.0,1187.5,1202.5,315596,0.0,0.0
2012-02-23 00:00:00+09:00,1200.0,1220.0,1185.0,1190.0,141820,0.0,0.0
2012-02-24 00:00:00+09:00,1210.0,1237.5,1190.0,1210.0,116244,0.0,0.0
2012-02-27 00:00:00+09:00,1210.0,1237.5,1200.0,1217.5,110198,0.0,0.0
2012-02-28 00:00:00+09:00,1222.5,1232.5,1205.0,1222.5,126168,0.0,0.0
2012-02-29 00:00:00+09:00,1230.0,1257.5,1222.5,1227.5,137200,0.0,0.0
2012-03-02 00:00:00+09:00,1295.0,1307.5,1240.0,1240.0,327566,0.0,0.0
2012-03-05 00:00:00+09:00,1257.5,1335.0,1255.0,1272.5,663904,0.0,0.0
2012-03-06 00:00:00+09:00,1275.0,1275.0,1205.0,1222.5,355162,0.0,0.0
2012-03-07 00:00:00+09:00,1200.0,1237.5,1185.0,1220.0,119128,0.0,0.0
2012-03-08 00:00:00+09:00,1222.5,1315.0,1215.0,1260.0,298576,0.0,0.0
2012-03-09 00:00:00+09:00,1280.0,1305.0,1235.0,1267.5,217424,0.0,0.0
2012-03-12 00:00:00+09:00,1270.0,1280.0,1235.0,1250.0,233076,0.0,0.0
2012-03-13 00:00:00+09:00,1255.0,1262.5,1230.0,1232.5,137916,0.0,0.0
2012-03-14 00:00:00+09:00,1260.0,1282.5,1242.5,1245.0,193224,0.0,0.0
2012-03-15 00:00:00+09:00,1237.5,1267.5,1225.0,1267.5,178190,0.0,0.0
2012-03-16 00:00:00+09:00,1257.5,1307.5,1257.5,1267.5,443250,0.0,0.0
2012-03-19 00:00:00+09:00,1280.0,1280.0,1227.5,1230.0,134918,0.0,0.0
2012-03-20 00:00:00+09:00,1225.0,1247.5,1205.0,1225.0,136914,0.0,0.0
2012-03-21 00:00:00+09:00,1225.0,1232.5,1202.5,1202.5,47566,0.0,0.0
2012-03-22 00:00:00+09:00,1202.5,1217.5,1162.5,1175.0,131758,0.0,0.0
2012-03-23 00:00:00+09:00,1170.0,1190.0,1152.5,1187.5,119826,0.0,0.0
2012-03-26 00:00:00+09:00,1195.0,1220.0,1165.0,1175.0,84682,0.0,0.0
2012-03-27 00:00:00+09:00,1182.5,1182.5,1152.5,1152.5,84390,0.0,0.0
2012-03-28 00:00:00+09:00,1160.0,1160.0,1135.0,1140.0,62194,0.0,0.0
2012-03-29 00:00:00+09:00,1147.5,1150.0,1112.5,1137.5,32976,0.0,0.0
2012-03-30 00:00:00+09:00,1122.5,1162.5,1122.5,1145.0,30218,0.0,0.0
2012-04-02 00:00:00+09:00,1145.0,1157.5,1130.0,1157.5,43268,0.0,0.0
2012-04-03 00:00:00+09:00,1165.0,1165.0,1127.5,1150.0,48880,0.0,0.0
2012-04-04 00:00:00+09:00,1135.0,1155.0,1092.5,1110.0,104922,0.0,0.0
2012-04-05 00:00:00+09:00,1110.0,1115.0,1085.0,1095.0,55096,0.0,0.0
2012-04-06 00:00:00+09:00,1095.0,1130.0,1082.5,1095.0,24222,0.0,0.0
2012-04-09 00:00:00+09:00,1080.0,1092.5,1070.0,1075.0,90660,0.0,0.0
2012-04-10 00:00:00+09:00,1062.5,1100.0,1057.5,1065.0,28628,0.0,0.0
2012-04-12 00:00:00+09:00,1055.0,1075.0,1055.0,1067.5,58548,0.0,0.0
2012-04-13 00:00:00+09:00,1087.5,1090.0,1062.5,1085.0,39924,0.0,0.0
2012-04-16 00:00:00+09:00,1085.0,1100.0,1077.5,1085.0,16940,0.0,0.0
2012-04-17 00:00:00+09:00,1095.0,1100.0,1087.5,1100.0,15898,0.0,0.0
2012-04-18 00:00:00+09:00,1105.0,1110.0,1080.0,1107.5,8328,0.0,0.0
2012-04-19 00:00:00+09:00,1110.0,1110.0,1090.0,1105.0,5448,0.0,0.0
2012-04-20 00:00:00+09:00,1100.0,1112.5,1087.5,1105.0,27034,0.0,0.0
2012-04-23 00:00:00+09:00,1087.5,1110.0,1075.0,1075.0,19942,0.0,0.0
2012-04-24 00:00:00+09:00,1057.5,1077.5,1050.0,1070.0,37580,0.0,0.0
2012-04-25 00:00:00+09:00,1070.0,1095.0,1062.5,1065.0,12598,0.0,0.0
2012-04-26 00:00:00+09:00,1072.5,1075.0,1035.0,1042.5,54360,0.0,0.0
2012-04-27 00:00:00+09:00,1042.5,1057.5,1020.0,1040.0,54076,0.0,0.0
2012-04-30 00:00:00+09:00,1037.5,1055.0,1022.5,1035.0,34460,0.0,0.0
2012-05-02 00:00:00+09:00,1032.5,1050.0,1030.0,1050.0,15928,0.0,0.0
2012-05-03 00:00:00+09:00,1042.5,1055.0,1040.0,1050.0,17604,0.0,0.0
2012-05-04 00:00:00+09:00,1050.0,1055.0,1037.5,1052.5,45496,0.0,0.0
2012-05-07 00:00:00+09:00,1047.5,1060.0,1037.5,1057.5,16882,0.0,0.0
2012-05-08 00:00:00+09:00,1065.0,1070.0,1037.5,1062.5,14640,0.0,0.0
2012-05-09 00:00:00+09:00,1045.0,1060.0,1035.0,1047.5,20040,0.0,0.0
2012-05-10 00:00:00+09:00,1050.0,1055.0,1037.5,1052.5,23638,0.0,0.0
2012-05-11 00:00:00+09:00,1047.5,1060.0,1030.0,1045.0,44466,0.0,0.0
2012-05-14 00:00:00+09:00,1037.5,1050.0,1022.5,1022.5,32596,0.0,0.0
2012-05-15 00:00:00+09:00,1015.0,1022.5,997.5,1017.5,31656,0.0,0.0
2012-05-16 00:00:00+09:00,1020.0,1027.5,985.0,995.0,27352,0.0,0.0
2012-05-17 00:00:00+09:00,1012.5,1022.5,975.0,1022.5,16452,0.0,0.0
2012-05-18 00:00:00+09:00,1002.5,1010.0,972.5,992.5,38670,0.0,0.0
2012-05-21 00:00:00+09:00,992.5,1000.0,977.5,995.0,16072,0.0,0.0
2012-05-22 00:00:00+09:00,1000.0,1020.0,962.5,997.5,22422,0.0,0.0
2012-05-23 00:00:00+09:00,987.5,995.0,977.5,990.0,20408,0.0,0.0
2012-05-24 00:00:00+09:00,997.5,1035.0,980.0,1035.0,10654,0.0,0.0
2012-05-25 00:00:00+09:00,1015.0,1047.5,1002.5,1045.0,23796,0.0,0.0
2012-05-29 00:00:00+09:00,1040.0,1045.0,1007.5,1015.0,9850,0.0,0.0
2012-05-30 00:00:00+09:00,1025.0,1030.0,1012.5,1017.5,17852,0.0,0.0
2012-05-31 00:00:00+09:00,1010.0,1025.0,1000.0,1020.0,9432,0.0,0.0
2012-06-01 00:00:00+09:00,1020.0,1035.0,1005.0,1032.5,21250,0.0,0.0
2012-06-04 00:00:00+09:00,1015.0,1035.0,985.0,1010.0,27036,0.0,0.0
2012-06-05 00:00:00+09:00,1030.0,1030.0,980.0,997.5,30674,0.0,0.0
2012-06-07 00:00:00+09:00,1002.5,1012.5,995.0,1000.0,37432,0.0,0.0
2012-06-08 00:00:00+09:00,1000.0,1022.5,982.5,1000.0,10514,0.0,0.0
2012-06-11 00:00:00+09:00,1002.5,1020.0,992.5,992.5,13180,0.0,0.0
2012-06-12 00:00:00+09:00,992.5,1032.5,990.0,1002.5,16922,0.0,0.0
2012-06-13 00:00:00+09:00,1017.5,1030.0,1002.5,1025.0,13694,0.0,0.0
2012-06-14 00:00:00+09:00,1025.0,1025.0,995.0,1007.5,13778,0.0,0.0
2012-06-15 00:00:00+09:00,1012.5,1012.5,997.5,1010.0,4824,0.0,0.0
2012-06-18 00:00:00+09:00,1015.0,1020.0,995.0,1007.5,33794,0.0,0.0
2012-06-19 00:00:00+09:00,1007.5,1015.0,997.5,1012.5,27394,0.0,0.0
2012-06-20 00:00:00+09:00,1007.5,1027.5,1002.5,1015.0,29406,0.0,0.0
2012-06-21 00:00:00+09:00,1015.0,1032.5,1007.5,1025.0,15590,0.0,0.0
2012-06-22 00:00:00+09:00,1027.5,1027.5,1000.0,1022.5,8996,0.0,0.0
2012-06-25 00:00:00+09:00,1025.0,1035.0,1000.0,1007.5,15762,0.0,0.0
2012-06-26 00:00:00+09:00,1017.5,1017.5,1000.0,1007.5,7936,0.0,0.0
2012-06-27 00:00:00+09:00,1017.5,1017.5,1000.0,1007.5,28260,0.0,0.0
2012-06-28 00:00:00+09:00,1017.5,1017.5,1005.0,1005.0,9296,0.0,0.0
2012-06-29 00:00:00+09:00,1010.0,1022.5,1007.5,1022.5,34010,0.0,0.0
2012-07-02 00:00:00+09:00,1025.0,1047.5,1022.5,1040.0,16842,0.0,0.0
2012-07-03 00:00:00+09:00,1040.0,1040.0,1012.5,1025.0,32914,0.0,0.0
2012-07-04 00:00:00+09:00,1035.0,1035.0,1020.0,1020.0,3402,0.0,0.0
2012-07-05 00:00:00+09:00,1020.0,1042.5,1020.0,1040.0,6952,0.0,0.0
2012-07-06 00:00:00+09:00,1045.0,1045.0,1015.0,1032.5,49510,0.0,0.0
2012-07-09 00:00:00+09:00,1020.0,1035.0,1010.0,1017.5,50654,0.0,0.0
2012-07-10 00:00:00+09:00,1030.0,1170.0,1012.5,1170.0,1043344,0.0,0.0
2012-07-11 00:00:00+09:00,1150.0,1232.5,1105.0,1105.0,980438,0.0,0.0
2012-07-12 00:00:00+09:00,1125.0,1130.0,1055.0,1060.0,428974,0.0,0.0
2012-07-13 00:00:00+09:00,1062.5,1075.0,1030.0,1052.5,334840,0.0,0.0
2012-07-16 00:00:00+09:00,1065.0,1075.0,1042.5,1045.0,184246,0.0,0.0
2012-07-17 00:00:00+09:00,1047.5,1105.0,1045.0,1062.5,336002,0.0,0.0
2012-07-18 00:00:00+09:00,1070.0,1095.0,1042.5,1062.5,222814,0.0,0.0
2012-07-19 00:00:00+09:00,1075.0,1105.0,1062.5,1090.0,166532,0.0,0.0
2012-07-20 00:00:00+09:00,1092.5,1107.5,1062.5,1107.5,164680,0.0,0.0
2012-07-23 00:00:00+09:00,1127.5,1160.0,1050.0,1050.0,354202,0.0,0.0
2012-07-24 00:00:00+09:00,1065.0,1070.0,1037.5,1040.0,131726,0.0,0.0
2012-07-25 00:00:00+09:00,1025.0,1072.5,1020.0,1032.5,91458,0.0,0.0
2012-07-26 00:00:00+09:00,1047.5,1057.5,1035.0,1057.5,21790,0.0,0.0
2012-07-27 00:00:00+09:00,1052.5,1070.0,1050.0,1050.0,46902,0.0,0.0
2012-07-30 00:00:00+09:00,1070.0,1070.0,1027.5,1050.0,68800,0.0,0.0
2012-07-31 00:00:00+09:00,1050.0,1060.0,1020.0,1040.0,30540,0.0,0.0
2012-08-01 00:00:00+09:00,1047.5,1047.5,1020.0,1022.5,96438,0.0,0.0
2012-08-02 00:00:00+09:00,1020.0,1032.5,1012.5,1027.5,29310,0.0,0.0
2012-08-03 00:00:00+09:00,1022.5,1030.0,1017.5,1027.5,24358,0.0,0.0
2012-08-06 00:00:00+09:00,1035.0,1045.0,1025.0,1040.0,18842,0.0,0.0
2012-08-07 00:00:00+09:00,1027.5,1060.0,1027.5,1055.0,53988,0.0,0.0
2012-08-08 00:00:00+09:00,1060.0,1060.0,1042.5,1055.0,23590,0.0,0.0
2012-08-09 00:00:00+09:00,1060.0,1060.0,1032.5,1045.0,26802,0.0,0.0
2012-08-10 00:00:00+09:00,1045.0,1050.0,1032.5,1050.0,18526,0.0,0.0
2012-08-13 00:00:00+09:00,1050.0,1070.0,1037.5,1052.5,26456,0.0,0.0
2012-08-14 00:00:00+09:00,1065.0,1077.5,1032.5,1032.5,53724,0.0,0.0
2012-08-16 00:00:00+09:00,1027.5,1047.5,1015.0,1037.5,24780,0.0,0.0
2012-08-17 00:00:00+09:00,1032.5,1050.0,1025.0,1027.5,38442,0.0,0.0
2012-08-20 00:00:00+09:00,1025.0,1150.0,1025.0,1075.0,888398,0.0,0.0
2012-08-21 00:00:00+09:00,1062.5,1100.0,1062.5,1077.5,106378,0.0,0.0
2012-08-22 00:00:00+09:00,1082.5,1192.5,1082.5,1087.5,815198,0.0,0.0
2012-08-23 00:00:00+09:00,1105.0,1125.0,1075.0,1110.0,186088,0.0,0.0
2012-08-24 00:00:00+09:00,1097.5,1120.0,1072.5,1095.0,108122,0.0,0.0
2012-08-27 00:00:00+09:00,1095.0,1100.0,1067.5,1082.5,49436,0.0,0.0
2012-08-28 00:00:00+09:00,1112.5,1112.5,1072.5,1080.0,62222,0.0,0.0
2012-08-29 00:00:00+09:00,1090.0,1090.0,1065.0,1072.5,73130,0.0,0.0
2012-08-30 00:00:00+09:00,1072.5,1085.0,1062.5,1075.0,20170,0.0,0.0
2012-08-31 00:00:00+09:00,1072.5,1127.5,1065.0,1085.0,102368,0.0,0.0
2012-09-03 00:00:00+09:00,1107.5,1170.0,1097.5,1117.5,130084,0.0,0.0
2012-09-04 00:00:00+09:00,1117.5,1137.5,1105.0,1117.5,33766,0.0,0.0
2012-09-05 00:00:00+09:00,1117.5,1130.0,1095.0,1122.5,48552,0.0,0.0
2012-09-06 00:00:00+09:00,1130.0,1162.5,1102.5,1125.0,120830,0.0,0.0
2012-09-07 00:00:00+09:00,1125.0,1140.0,1095.0,1110.0,39556,0.0,0.0
2012-09-10 00:00:00+09:00,1110.0,1115.0,1080.0,1085.0,88098,0.0,0.0
2012-09-11 00:00:00+09:00,1082.5,1095.0,1072.5,1085.0,70908,0.0,0.0
2012-09-12 00:00:00+09:00,1085.0,1087.5,1067.5,1075.0,69514,0.0,0.0
2012-09-13 00:00:00+09:00,1075.0,1087.5,1055.0,1072.5,86226,0.0,0.0
2012-09-14 00:00:00+09:00,1072.5,1097.5,1067.5,1080.0,41718,0.0,0.0
2012-09-17 00:00:00+09:00,1095.0,1095.0,1072.5,1077.5,30016,0.0,0.0
2012-09-18 00:00:00+09:00,1085.0,1095.0,1075.0,1085.0,42208,0.0,0.0
2012-09-19 00:00:00+09:00,1085.0,1087.5,1070.0,1087.5,35736,0.0,0.0
2012-09-20 00:00:00+09:00,1087.5,1107.5,1085.0,1107.5,51904,0.0,0.0
2012-09-21 00:00:00+09:00,1115.0,1120.0,1075.0,1085.0,48386,0.0,0.0
2012-09-24 00:00:00+09:00,1085.0,1105.0,1075.0,1095.0,26918,0.0,0.0
2012-09-25 00:00:00+09:00,1100.0,1100.0,1075.0,1087.5,31668,0.0,0.0
2012-09-26 00:00:00+09:00,1085.0,1095.0,1075.0,1077.5,23564,0.0,0.0
2012-09-27 00:00:00+09:00,1077.5,1085.0,1052.5,1062.5,42978,0.0,0.0
2012-09-28 00:00:00+09:00,1050.0,1070.0,1050.0,1065.0,29818,0.0,0.0
2012-10-02 00:00:00+09:00,1052.5,1075.0,1050.0,1057.5,25478,0.0,0.0
2012-10-04 00:00:00+09:00,1057.5,1075.0,1052.5,1067.5,23802,0.0,0.0
2012-10-05 00:00:00+09:00,1065.0,1075.0,1060.0,1067.5,26042,0.0,0.0
2012-10-08 00:00:00+09:00,1067.5,1080.0,1052.5,1052.5,26890,0.0,0.0
2012-10-09 00:00:00+09:00,1050.0,1057.5,1040.0,1045.0,51322,0.0,0.0
2012-10-10 00:00:00+09:00,1045.0,1047.5,1017.5,1020.0,72838,0.0,0.0
2012-10-11 00:00:00+09:00,1022.5,1040.0,1017.5,1035.0,29256,0.0,0.0
2012-10-12 00:00:00+09:00,1025.0,1075.0,1017.5,1050.0,76332,0.0,0.0
2012-10-15 00:00:00+09:00,1067.5,1067.5,1015.0,1020.0,103374,0.0,0.0
2012-10-16 00:00:00+09:00,1020.0,1030.0,1017.5,1025.0,7642,0.0,0.0
2012-10-17 00:00:00+09:00,1030.0,1035.0,1015.0,1025.0,36072,0.0,0.0
2012-10-18 00:00:00+09:00,1022.5,1037.5,1005.0,1005.0,39738,0.0,0.0
2012-10-19 00:00:00+09:00,1007.5,1015.0,995.0,1012.5,37846,0.0,0.0
2012-10-22 00:00:00+09:00,1010.0,1012.5,995.0,1012.5,18554,0.0,0.0
2012-10-23 00:00:00+09:00,1012.5,1012.5,1000.0,1012.5,9048,0.0,0.0
2012-10-24 00:00:00+09:00,1010.0,1012.5,995.0,1010.0,16856,0.0,0.0
2012-10-25 00:00:00+09:00,1000.0,1010.0,980.0,987.5,22064,0.0,0.0
2012-10-26 00:00:00+09:00,975.0,1002.5,975.0,1002.5,21626,0.0,0.0
2012-10-29 00:00:00+09:00,982.5,1005.0,980.0,997.5,16010,0.0,0.0
2012-10-30 00:00:00+09:00,975.0,997.5,967.5,975.0,20046,0.0,0.0
2012-10-31 00:00:00+09:00,972.5,990.0,972.5,987.5,19164,0.0,0.0
2012-11-01 00:00:00+09:00,987.5,995.0,977.5,992.5,4352,0.0,0.0
2012-11-02 00:00:00+09:00,982.5,1000.0,982.5,1000.0,11718,0.0,0.0
2012-11-05 00:00:00+09:00,980.0,1000.0,975.0,1000.0,36706,0.0,0.0
2012-11-06 00:00:00+09:00,997.5,997.5,972.5,972.5,43798,0.0,0.0
2012-11-07 00:00:00+09:00,972.5,977.5,965.0,970.0,11308,0.0,0.0
2012-11-08 00:00:00+09:00,965.0,970.0,947.5,962.5,42378,0.0,0.0
2012-11-09 00:00:00+09:00,965.0,975.0,962.5,975.0,5458,0.0,0.0
2012-11-12 00:00:00+09:00,955.0,975.0,955.0,975.0,6280,0.0,0.0
2012-11-13 00:00:00+09:00,990.0,990.0,965.0,987.5,5508,0.0,0.0
2012-11-14 00:00:00+09:00,970.0,972.5,947.5,960.0,28830,0.0,0.0
2012-11-15 00:00:00+09:00,950.0,975.0,932.5,972.5,13104,0.0,0.0
2012-11-16 00:00:00+09:00,955.0,957.5,930.0,942.5,37594,0.0,0.0
2012-11-19 00:00:00+09:00,940.0,940.0,907.5,925.0,20014,0.0,0.0
2012-11-20 00:00:00+09:00,925.0,927.5,907.5,925.0,47076,0.0,0.0
2012-11-21 00:00:00+09:00,910.0,922.5,905.0,905.0,9728,0.0,0.0
2012-11-22 00:00:00+09:00,917.5,920.0,902.5,915.0,14108,0.0,0.0
2012-11-23 00:00:00+09:00,915.0,925.0,900.0,912.5,6470,0.0,0.0
2012-11-26 00:00:00+09:00,912.5,915.0,900.0,915.0,54370,0.0,0.0
2012-11-27 00:00:00+09:00,915.0,925.0,900.0,915.0,43200,0.0,0.0
2012-11-28 00:00:00+09:00,915.0,915.0,877.5,880.0,35146,0.0,0.0
2012-11-29 00:00:00+09:00,872.5,895.0,855.0,870.0,60104,0.0,0.0
2012-11-30 00:00:00+09:00,875.0,885.0,855.0,867.5,16124,0.0,0.0
2012-12-03 00:00:00+09:00,872.5,890.0,867.5,880.0,21872,0.0,0.0
2012-12-04 00:00:00+09:00,880.0,890.0,870.0,885.0,18618,0.0,0.0
2012-12-05 00:00:00+09:00,885.0,885.0,875.0,875.0,2950,0.0,0.0
2012-12-06 00:00:00+09:00,862.5,875.0,862.5,875.0,9380,0.0,0.0
2012-12-07 00:00:00+09:00,885.0,885.0,877.5,882.5,7054,0.0,0.0
2012-12-10 00:00:00+09:00,885.0,885.0,860.0,860.0,62458,0.0,0.0
2012-12-11 00:00:00+09:00,855.0,870.0,855.0,867.5,8420,0.0,0.0
2012-12-12 00:00:00+09:00,875.0,885.0,875.0,885.0,27142,0.0,0.0
2012-12-13 00:00:00+09:00,885.0,900.0,885.0,887.5,16174,0.0,0.0
2012-12-14 00:00:00+09:00,897.5,922.5,885.0,920.0,18492,0.0,0.0
2012-12-17 00:00:00+09:00,917.5,917.5,900.0,910.0,13100,0.0,0.0
2012-12-18 00:00:00+09:00,902.5,915.0,897.5,902.5,6464,0.0,0.0
2012-12-20 00:00:00+09:00,910.0,920.0,895.0,915.0,19228,0.0,0.0
2012-12-21 00:00:00+09:00,915.0,1047.5,912.5,930.0,575344,0.0,0.0
2012-12-24 00:00:00+09:00,945.0,950.0,920.0,937.5,43818,0.0,0.0
2012-12-26 00:00:00+09:00,937.5,942.5,927.5,940.0,24548,0.0,0.0
2012-12-27 00:00:00+09:00,902.5,925.0,902.5,920.0,16054,0.0,0.0
2012-12-28 00:00:00+09:00,925.0,942.5,915.0,930.0,21498,0.0,0.0
2013-01-02 00:00:00+09:00,940.0,952.5,935.0,947.5,12958,0.0,0.0
2013-01-03 00:00:00+09:00,950.0,952.5,937.5,942.5,1594,0.0,0.0
2013-01-04 00:00:00+09:00,950.0,965.0,932.5,932.5,12210,0.0,0.0
2013-01-07 00:00:00+09:00,925.0,960.0,925.0,940.0,6382,0.0,0.0
2013-01-08 00:00:00+09:00,955.0,955.0,925.0,947.5,1026,0.0,0.0
2013-01-09 00:00:00+09:00,957.5,957.5,935.0,935.0,2976,0.0,0.0
2013-01-10 00:00:00+09:00,932.5,945.0,925.0,935.0,8788,0.0,0.0
2013-01-11 00:00:00+09:00,940.0,947.5,932.5,935.0,16974,0.0,0.0
2013-01-14 00:00:00+09:00,942.5,947.5,935.0,937.5,10870,0.0,0.0
2013-01-15 00:00:00+09:00,945.0,945.0,917.5,942.5,16106,0.0,0.0
2013-01-16 00:00:00+09:00,945.0,945.0,930.0,935.0,4678,0.0,0.0
2013-01-17 00:00:00+09:00,935.0,937.5,917.5,935.0,5978,0.0,0.0
2013-01-18 00:00:00+09:00,955.0,957.5,940.0,952.5,17382,0.0,0.0
2013-01-21 00:00:00+09:00,955.0,955.0,950.0,952.5,1044,0.0,0.0
2013-01-22 00:00:00+09:00,955.0,955.0,937.5,940.0,7506,0.0,0.0
2013-01-23 00:00:00+09:00,940.0,950.0,937.5,937.5,24368,0.0,0.0
2013-01-24 00:00:00+09:00,955.0,955.0,945.0,950.0,1254,0.0,0.0
2013-01-25 00:00:00+09:00,952.5,955.0,937.5,947.5,4900,0.0,0.0
2013-01-28 00:00:00+09:00,937.5,952.5,925.0,937.5,17402,0.0,0.0
2013-01-29 00:00:00+09:00,950.0,950.0,922.5,942.5,29820,0.0,0.0
2013-01-30 00:00:00+09:00,950.0,950.0,925.0,945.0,15860,0.0,0.0
2013-01-31 00:00:00+09:00,947.5,962.5,927.5,955.0,8566,0.0,0.0
2013-02-01 00:00:00+09:00,957.5,957.5,937.5,942.5,10222,0.0,0.0
2013-02-04 00:00:00+09:00,957.5,957.5,935.0,947.5,15936,0.0,0.0
2013-02-05 00:00:00+09:00,942.5,952.5,932.5,940.0,1766,0.0,0.0
2013-02-06 00:00:00+09:00,950.0,950.0,940.0,945.0,1342,0.0,0.0
2013-02-07 00:00:00+09:00,950.0,950.0,930.0,945.0,2758,0.0,0.0
2013-02-08 00:00:00+09:00,950.0,952.5,937.5,945.0,10154,0.0,0.0
2013-02-12 00:00:00+09:00,952.5,952.5,942.5,950.0,14274,0.0,0.0
2013-02-13 00:00:00+09:00,937.5,950.0,937.5,950.0,6566,0.0,0.0
2013-02-14 00:00:00+09:00,945.0,950.0,925.0,940.0,17076,0.0,0.0
2013-02-15 00:00:00+09:00,945.0,945.0,930.0,937.5,12446,0.0,0.0
2013-02-18 00:00:00+09:00,940.0,947.5,935.0,945.0,5782,0.0,0.0
2013-02-19 00:00:00+09:00,947.5,947.5,917.5,935.0,18298,0.0,0.0
2013-02-20 00:00:00+09:00,935.0,947.5,935.0,945.0,10240,0.0,0.0
2013-02-21 00:00:00+09:00,937.5,957.5,937.5,945.0,23302,0.0,0.0
2013-02-22 00:00:00+09:00,947.5,960.0,945.0,952.5,15844,0.0,0.0
2013-02-25 00:00:00+09:00,962.5,962.5,947.5,960.0,9098,0.0,0.0
2013-02-26 00:00:00+09:00,962.5,965.0,950.0,962.5,2676,0.0,0.0
2013-02-27 00:00:00+09:00,965.0,965.0,957.5,962.5,2958,0.0,0.0
2013-02-28 00:00:00+09:00,965.0,987.5,955.0,980.0,11024,0.0,0.0
2013-03-04 00:00:00+09:00,972.5,982.5,957.5,975.0,1696,0.0,0.0
2013-03-05 00:00:00+09:00,962.5,980.0,960.0,975.0,5114,0.0,0.0
2013-03-06 00:00:00+09:00,977.5,977.5,952.5,965.0,4866,0.0,0.0
2013-03-07 00:00:00+09:00,972.5,975.0,950.0,970.0,18170,0.0,0.0
2013-03-08 00:00:00+09:00,970.0,972.5,955.0,960.0,8962,0.0,0.0
2013-03-11 00:00:00+09:00,960.0,960.0,945.0,960.0,1448,0.0,0.0
2013-03-12 00:00:00+09:00,960.0,965.0,950.0,960.0,7404,0.0,0.0
2013-03-13 00:00:00+09:00,970.0,970.0,942.5,950.0,31940,0.0,0.0
2013-03-14 00:00:00+09:00,950.0,965.0,942.5,960.0,4516,0.0,0.0
2013-03-15 00:00:00+09:00,945.0,960.0,945.0,960.0,18544,0.0,0.0
2013-03-18 00:00:00+09:00,960.0,960.0,932.5,935.0,42176,0.0,0.0
2013-03-19 00:00:00+09:00,940.0,947.5,937.5,942.5,13402,0.0,0.0
2013-03-20 00:00:00+09:00,962.5,962.5,945.0,955.0,21402,0.0,0.0
2013-03-21 00:00:00+09:00,962.5,967.5,945.0,947.5,48558,0.0,0.0
2013-03-22 00:00:00+09:00,947.5,960.0,945.0,960.0,30544,0.0,0.0
2013-03-25 00:00:00+09:00,955.0,962.5,955.0,960.0,1798,0.0,0.0
2013-03-26 00:00:00+09:00,960.0,962.5,955.0,960.0,35246,0.0,0.0
2013-03-27 00:00:00+09:00,962.5,965.0,955.0,957.5,40924,0.0,0.0
2013-03-28 00:00:00+09:00,962.5,980.0,960.0,970.0,63418,0.0,0.0
2013-03-29 00:00:00+09:00,972.5,985.0,967.5,977.5,40916,0.0,0.0
2013-04-01 00:00:00+09:00,977.5,992.5,975.0,990.0,38058,0.0,0.0
2013-04-02 00:00:00+09:00,990.0,990.0,970.0,980.0,23846,0.0,0.0
2013-04-03 00:00:00+09:00,970.0,987.5,967.5,985.0,8430,0.0,0.0
2013-04-04 00:00:00+09:00,980.0,985.0,952.5,975.0,34528,0.0,0.0
2013-04-05 00:00:00+09:00,975.0,975.0,942.5,950.0,47280,0.0,0.0
2013-04-08 00:00:00+09:00,955.0,965.0,945.0,950.0,20214,0.0,0.0
2013-04-09 00:00:00+09:00,955.0,960.0,932.5,952.5,25210,0.0,0.0
2013-04-10 00:00:00+09:00,955.0,960.0,940.0,960.0,8352,0.0,0.0
2013-04-11 00:00:00+09:00,960.0,960.0,940.0,940.0,27148,0.0,0.0
2013-04-12 00:00:00+09:00,945.0,947.5,935.0,935.0,32286,0.0,0.0
2013-04-15 00:00:00+09:00,935.0,942.5,930.0,937.5,25166,0.0,0.0
2013-04-16 00:00:00+09:00,937.5,945.0,937.5,945.0,7736,0.0,0.0
2013-04-17 00:00:00+09:00,947.5,962.5,947.5,957.5,4118,0.0,0.0
2013-04-18 00:00:00+09:00,957.5,960.0,955.0,955.0,1028,0.0,0.0
2013-04-19 00:00:00+09:00,960.0,960.0,942.5,950.0,19822,0.0,0.0
2013-04-22 00:00:00+09:00,957.5,960.0,930.0,947.5,9888,0.0,0.0
2013-04-23 00:00:00+09:00,960.0,960.0,932.5,947.5,34086,0.0,0.0
2013-04-24 00:00:00+09:00,950.0,960.0,925.0,950.0,73788,0.0,0.0
2013-04-25 00:00:00+09:00,950.0,952.5,935.0,952.5,9794,0.0,0.0
2013-04-26 00:00:00+09:00,952.5,952.5,942.5,950.0,1182,0.0,0.0
2013-04-29 00:00:00+09:00,950.0,950.0,937.5,950.0,3096,0.0,0.0
2013-04-30 00:00:00+09:00,940.0,952.5,935.0,947.5,31042,0.0,0.0
2013-05-02 00:00:00+09:00,947.5,950.0,937.5,950.0,44558,0.0,0.0
2013-05-03 00:00:00+09:00,950.0,962.5,940.0,955.0,30624,0.0,0.0
2013-05-06 00:00:00+09:00,955.0,960.0,947.5,957.5,26248,0.0,0.0
2013-05-07 00:00:00+09:00,960.0,962.5,955.0,957.5,12970,0.0,0.0
2013-05-08 00:00:00+09:00,955.0,975.0,952.5,965.0,54886,0.0,0.0
2013-05-09 00:00:00+09:00,962.5,987.5,962.5,982.5,58310,0.0,0.0
2013-05-10 00:00:00+09:00,982.5,1012.5,972.5,990.0,100540,0.0,0.0
2013-05-13 00:00:00+09:00,985.0,1057.5,980.0,1020.0,139324,0.0,0.0
2013-05-14 00:00:00+09:00,1030.0,1030.0,1005.0,1025.0,19718,0.0,0.0
2013-05-15 00:00:00+09:00,1040.0,1040.0,1000.0,1020.0,13348,0.0,0.0
2013-05-16 00:00:00+09:00,1005.0,1030.0,997.5,1017.5,8916,0.0,0.0
2013-05-20 00:00:00+09:00,1017.5,1017.5,1000.0,1010.0,64512,0.0,0.0
2013-05-21 00:00:00+09:00,1015.0,1015.0,1002.5,1015.0,43630,0.0,0.0
2013-05-22 00:00:00+09:00,1015.0,1100.0,1015.0,1062.5,303512,0.0,0.0
2013-05-23 00:00:00+09:00,1075.0,1075.0,1035.0,1060.0,91606,0.0,0.0
2013-05-24 00:00:00+09:00,1072.5,1072.5,1030.0,1052.5,42356,0.0,0.0
2013-05-27 00:00:00+09:00,1042.5,1077.5,1042.5,1065.0,46942,0.0,0.0
2013-05-28 00:00:00+09:00,1055.0,1065.0,1045.0,1060.0,29506,0.0,0.0
2013-05-29 00:00:00+09:00,1055.0,1070.0,1050.0,1055.0,12668,0.0,0.0
2013-05-30 00:00:00+09:00,1047.5,1087.5,1047.5,1065.0,170728,0.0,0.0
2013-05-31 00:00:00+09:00,1072.5,1082.5,1055.0,1072.5,79112,0.0,0.0
2013-06-03 00:00:00+09:00,1055.0,1077.5,1055.0,1065.0,44438,0.0,0.0
2013-06-04 00:00:00+09:00,1065.0,1077.5,1060.0,1065.0,56422,0.0,0.0
2013-06-05 00:00:00+09:00,1060.0,1065.0,1045.0,1057.5,56128,0.0,0.0
2013-06-07 00:00:00+09:00,1050.0,1057.5,1037.5,1042.5,47210,0.0,0.0
2013-06-10 00:00:00+09:00,1025.0,1047.5,1020.0,1040.0,33930,0.0,0.0
2013-06-11 00:00:00+09:00,1030.0,1045.0,1022.5,1045.0,13844,0.0,0.0
2013-06-12 00:00:00+09:00,1032.5,1045.0,1025.0,1045.0,11198,0.0,0.0
2013-06-13 00:00:00+09:00,1045.0,1047.5,1027.5,1040.0,12684,0.0,0.0
2013-06-14 00:00:00+09:00,1037.5,1037.5,1025.0,1032.5,15786,0.0,0.0
2013-06-17 00:00:00+09:00,1037.5,1037.5,1000.0,1020.0,55104,0.0,0.0
2013-06-18 00:00:00+09:00,1022.5,1040.0,1005.0,1020.0,20422,0.0,0.0
2013-06-19 00:00:00+09:00,1027.5,1027.5,1005.0,1017.5,24228,0.0,0.0
2013-06-20 00:00:00+09:00,1015.0,1015.0,985.0,992.5,29470,0.0,0.0
2013-06-21 00:00:00+09:00,1010.0,1010.0,970.0,985.0,60360,0.0,0.0
2013-06-24 00:00:00+09:00,987.5,995.0,962.5,995.0,44394,0.0,0.0
2013-06-25 00:00:00+09:00,980.0,992.5,917.5,935.0,72292,0.0,0.0
2013-06-26 00:00:00+09:00,940.0,990.0,932.5,987.5,25084,0.0,0.0
2013-06-27 00:00:00+09:00,985.0,1005.0,975.0,997.5,29296,0.0,0.0
2013-06-28 00:00:00+09:00,995.0,1000.0,977.5,1000.0,45262,0.0,0.0
2013-07-01 00:00:00+09:00,980.0,995.0,975.0,985.0,37338,0.0,0.0
2013-07-02 00:00:00+09:00,980.0,1000.0,975.0,987.5,8700,0.0,0.0
2013-07-03 00:00:00+09:00,995.0,995.0,965.0,982.5,17440,0.0,0.0
2013-07-04 00:00:00+09:00,965.0,985.0,957.5,985.0,15786,0.0,0.0
2013-07-05 00:00:00+09:00,970.0,997.5,967.5,997.5,7110,0.0,0.0
2013-07-08 00:00:00+09:00,997.5,997.5,960.0,970.0,17770,0.0,0.0
2013-07-09 00:00:00+09:00,962.5,980.0,957.5,972.5,14548,0.0,0.0
2013-07-10 00:00:00+09:00,962.5,977.5,947.5,947.5,23968,0.0,0.0
2013-07-11 00:00:00+09:00,942.5,977.5,942.5,970.0,16678,0.0,0.0
2013-07-12 00:00:00+09:00,970.0,975.0,960.0,970.0,45954,0.0,0.0
2013-07-15 00:00:00+09:00,972.5,972.5,957.5,972.5,2620,0.0,0.0
2013-07-16 00:00:00+09:00,975.0,985.0,955.0,975.0,47648,0.0,0.0
2013-07-17 00:00:00+09:00,985.0,990.0,962.5,977.5,8076,0.0,0.0
2013-07-18 00:00:00+09:00,980.0,985.0,965.0,982.5,764,0.0,0.0
2013-07-19 00:00:00+09:00,987.5,987.5,965.0,975.0,9194,0.0,0.0
2013-07-22 00:00:00+09:00,972.5,980.0,960.0,977.5,8964,0.0,0.0
2013-07-23 00:00:00+09:00,975.0,992.5,970.0,990.0,18468,0.0,0.0
2013-07-24 00:00:00+09:00,990.0,1000.0,982.5,992.5,3806,0.0,0.0
2013-07-25 00:00:00+09:00,997.5,1005.0,985.0,1005.0,30096,0.0,0.0
2013-07-26 00:00:00+09:00,1005.0,1020.0,982.5,1005.0,104130,0.0,0.0
2013-07-29 00:00:00+09:00,990.0,1005.0,987.5,1002.5,17096,0.0,0.0
2013-07-30 00:00:00+09:00,1005.0,1005.0,985.0,1000.0,22460,0.0,0.0
2013-07-31 00:00:00+09:00,1005.0,1005.0,987.5,1000.0,8010,0.0,0.0
2013-08-01 00:00:00+09:00,1000.0,1000.0,995.0,995.0,684,0.0,0.0
2013-08-02 00:00:00+09:00,995.0,1005.0,990.0,1005.0,36278,0.0,0.0
2013-08-05 00:00:00+09:00,1005.0,1010.0,1000.0,1005.0,6146,0.0,0.0
2013-08-06 00:00:00+09:00,1005.0,1005.0,995.0,995.0,15704,0.0,0.0
2013-08-07 00:00:00+09:00,992.5,1012.5,990.0,1007.5,14206,0.0,0.0
2013-08-08 00:00:00+09:00,990.0,1007.5,990.0,1005.0,36418,0.0,0.0
2013-08-09 00:00:00+09:00,1000.0,1010.0,1000.0,1000.0,13332,0.0,0.0
2013-08-12 00:00:00+09:00,995.0,1005.0,995.0,1005.0,30160,0.0,0.0
2013-08-13 00:00:00+09:00,992.5,997.5,990.0,997.5,34062,0.0,0.0
2013-08-14 00:00:00+09:00,987.5,1007.5,987.5,1007.5,13138,0.0,0.0
2013-08-16 00:00:00+09:00,1005.0,1015.0,985.0,1007.5,31248,0.0,0.0
2013-08-19 00:00:00+09:00,1000.0,1037.5,1000.0,1030.0,96762,0.0,0.0
2013-08-20 00:00:00+09:00,1035.0,1035.0,987.5,1005.0,52312,0.0,0.0
2013-08-21 00:00:00+09:00,1000.0,1025.0,975.0,990.0,87556,0.0,0.0
2013-08-22 00:00:00+09:00,990.0,992.5,970.0,985.0,53796,0.0,0.0
2013-08-23 00:00:00+09:00,977.5,1005.0,977.5,1002.5,46010,0.0,0.0
2013-08-26 00:00:00+09:00,995.0,1005.0,992.5,992.5,17452,0.0,0.0
2013-08-27 00:00:00+09:00,987.5,1012.5,987.5,1002.5,43270,0.0,0.0
2013-08-28 00:00:00+09:00,992.5,1005.0,977.5,1000.0,63524,0.0,0.0
2013-08-29 00:00:00+09:00,1005.0,1022.5,995.0,1020.0,98480,0.0,0.0
2013-08-30 00:00:00+09:00,1030.0,1035.0,1015.0,1022.5,67166,0.0,0.0
2013-09-02 00:00:00+09:00,1012.5,1035.0,1005.0,1030.0,78970,0.0,0.0
2013-09-03 00:00:00+09:00,1035.0,1035.0,1022.5,1027.5,36442,0.0,0.0
2013-09-04 00:00:00+09:00,1027.5,1030.0,1017.5,1022.5,20724,0.0,0.0
2013-09-05 00:00:00+09:00,1035.0,1040.0,1020.0,1035.0,47530,0.0,0.0
2013-09-06 00:00:00+09:00,1040.0,1040.0,1015.0,1027.5,7662,0.0,0.0
2013-09-09 00:00:00+09:00,1030.0,1030.0,1012.5,1027.5,36670,0.0,0.0
2013-09-10 00:00:00+09:00,1020.0,1027.5,1015.0,1025.0,23900,0.0,0.0
2013-09-11 00:00:00+09:00,1027.5,1027.5,1017.5,1025.0,35650,0.0,0.0
2013-09-12 00:00:00+09:00,1025.0,1035.0,1020.0,1027.5,15770,0.0,0.0
2013-09-13 00:00:00+09:00,1022.5,1022.5,1012.5,1015.0,65718,0.0,0.0
2013-09-16 00:00:00+09:00,1012.5,1027.5,1012.5,1025.0,30102,0.0,0.0
2013-09-17 00:00:00+09:00,1030.0,1030.0,1017.5,1022.5,14612,0.0,0.0
2013-09-23 00:00:00+09:00,1017.5,1032.5,1007.5,1032.5,35620,0.0,0.0
2013-09-24 00:00:00+09:00,1032.5,1032.5,1017.5,1025.0,9072,0.0,0.0
2013-09-25 00:00:00+09:00,1032.5,1032.5,1015.0,1030.0,9212,0.0,0.0
2013-09-26 00:00:00+09:00,1020.0,1030.0,1012.5,1030.0,37290,0.0,0.0
2013-09-27 00:00:00+09:00,1027.5,1037.5,1025.0,1035.0,39492,0.0,0.0
2013-09-30 00:00:00+09:00,1037.5,1055.0,1030.0,1050.0,74344,0.0,0.0
2013-10-01 00:00:00+09:00,1050.0,1077.5,1047.5,1075.0,126498,0.0,0.0
2013-10-02 00:00:00+09:00,1065.0,1075.0,1055.0,1065.0,33180,0.0,0.0
2013-10-04 00:00:00+09:00,1067.5,1080.0,1040.0,1057.5,72078,0.0,0.0
2013-10-07 00:00:00+09:00,1065.0,1125.0,1060.0,1107.5,329688,0.0,0.0
2013-10-08 00:00:00+09:00,1110.0,1112.5,1065.0,1085.0,61436,0.0,0.0
2013-10-10 00:00:00+09:00,1050.0,1080.0,1047.5,1070.0,115690,0.0,0.0
2013-10-11 00:00:00+09:00,1070.0,1075.0,1060.0,1060.0,30734,0.0,0.0
2013-10-14 00:00:00+09:00,1082.5,1082.5,1060.0,1077.5,28100,0.0,0.0
2013-10-15 00:00:00+09:00,1082.5,1082.5,1060.0,1077.5,64816,0.0,0.0
2013-10-16 00:00:00+09:00,1075.0,1075.0,1052.5,1070.0,20778,0.0,0.0
2013-10-17 00:00:00+09:00,1075.0,1075.0,1062.5,1072.5,19760,0.0,0.0
2013-10-18 00:00:00+09:00,1067.5,1090.0,1062.5,1090.0,39632,0.0,0.0
2013-10-21 00:00:00+09:00,1070.0,1085.0,1070.0,1070.0,11946,0.0,0.0
2013-10-22 00:00:00+09:00,1075.0,1097.5,1070.0,1082.5,22586,0.0,0.0
2013-10-23 00:00:00+09:00,1082.5,1087.5,1070.0,1070.0,8666,0.0,0.0
2013-10-24 00:00:00+09:00,1067.5,1075.0,1067.5,1072.5,8384,0.0,0.0
2013-10-25 00:00:00+09:00,1075.0,1075.0,1050.0,1072.5,37850,0.0,0.0
2013-10-28 00:00:00+09:00,1085.0,1092.5,1060.0,1082.5,11762,0.0,0.0
2013-10-29 00:00:00+09:00,1085.0,1085.0,1062.5,1062.5,21204,0.0,0.0
2013-10-30 00:00:00+09:00,1065.0,1070.0,1060.0,1060.0,33886,0.0,0.0
2013-10-31 00:00:00+09:00,1067.5,1067.5,1045.0,1055.0,17746,0.0,0.0
2013-11-01 00:00:00+09:00,1055.0,1067.5,1055.0,1057.5,286,0.0,0.0
2013-11-04 00:00:00+09:00,1047.5,1067.5,1047.5,1067.5,18538,0.0,0.0
2013-11-05 00:00:00+09:00,1065.0,1067.5,1032.5,1047.5,10610,0.0,0.0
2013-11-06 00:00:00+09:00,1057.5,1060.0,1040.0,1060.0,3068,0.0,0.0
2013-11-07 00:00:00+09:00,1045.0,1050.0,1025.0,1030.0,83722,0.0,0.0
2013-11-08 00:00:00+09:00,1025.0,1047.5,1020.0,1045.0,35494,0.0,0.0
2013-11-11 00:00:00+09:00,1050.0,1062.5,1035.0,1047.5,9770,0.0,0.0
2013-11-12 00:00:00+09:00,1045.0,1052.5,1040.0,1047.5,21312,0.0,0.0
2013-11-13 00:00:00+09:00,1040.0,1040.0,1027.5,1037.5,4644,0.0,0.0
2013-11-14 00:00:00+09:00,1065.0,1065.0,1032.5,1045.0,5888,0.0,0.0
2013-11-15 00:00:00+09:00,1040.0,1057.5,1032.5,1055.0,21326,0.0,0.0
2013-11-18 00:00:00+09:00,1062.5,1062.5,1035.0,1045.0,9354,0.0,0.0
2013-11-19 00:00:00+09:00,1042.5,1055.0,1027.5,1055.0,26486,0.0,0.0
2013-11-20 00:00:00+09:00,1060.0,1060.0,1037.5,1040.0,8612,0.0,0.0
2013-11-21 00:00:00+09:00,1055.0,1055.0,1037.5,1050.0,3414,0.0,0.0
2013-11-22 00:00:00+09:00,1047.5,1055.0,1045.0,1045.0,18790,0.0,0.0
2013-11-25 00:00:00+09:00,1037.5,1057.5,1037.5,1057.5,17430,0.0,0.0
2013-11-26 00:00:00+09:00,1042.5,1055.0,1042.5,1050.0,24398,0.0,0.0
2013-11-27 00:00:00+09:00,1050.0,1052.5,1050.0,1050.0,120,0.0,0.0
2013-11-28 00:00:00+09:00,1052.5,1067.5,1040.0,1067.5,5524,0.0,0.0
2013-11-29 00:00:00+09:00,1055.0,1090.0,1052.5,1080.0,48106,0.0,0.0
2013-12-02 00:00:00+09:00,1077.5,1077.5,1045.0,1055.0,60250,0.0,0.0
2013-12-03 00:00:00+09:00,1060.0,1062.5,1040.0,1050.0,43826,0.0,0.0
2013-12-04 00:00:00+09:00,1060.0,1062.5,1040.0,1057.5,20572,0.0,0.0
2013-12-05 00:00:00+09:00,1055.0,1067.5,1047.5,1067.5,18362,0.0,0.0
2013-12-06 00:00:00+09:00,1067.5,1072.5,1055.0,1070.0,32294,0.0,0.0
2013-12-09 00:00:00+09:00,1075.0,1080.0,1070.0,1075.0,28046,0.0,0.0
2013-12-10 00:00:00+09:00,1077.5,1090.0,1072.5,1075.0,45928,0.0,0.0
2013-12-11 00:00:00+09:00,1070.0,1095.0,1067.5,1087.5,65224,0.0,0.0
2013-12-12 00:00:00+09:00,1087.5,1087.5,1062.5,1065.0,22098,0.0,0.0
2013-12-13 00:00:00+09:00,1067.5,1082.5,1062.5,1070.0,18980,0.0,0.0
2013-12-16 00:00:00+09:00,1080.0,1085.0,1055.0,1067.5,31470,0.0,0.0
2013-12-17 00:00:00+09:00,1065.0,1065.0,1045.0,1065.0,15398,0.0,0.0
2013-12-18 00:00:00+09:00,1062.5,1100.0,1050.0,1072.5,32292,0.0,0.0
2013-12-19 00:00:00+09:00,1077.5,1085.0,1055.0,1065.0,52498,0.0,0.0
2013-12-20 00:00:00+09:00,1045.0,1075.0,1045.0,1070.0,7556,0.0,0.0
2013-12-23 00:00:00+09:00,1052.5,1075.0,1050.0,1060.0,54522,0.0,0.0
2013-12-24 00:00:00+09:00,1072.5,1090.0,1067.5,1077.5,58666,0.0,0.0
2013-12-26 00:00:00+09:00,1077.5,1085.0,1077.5,1080.0,9956,0.0,0.0
2013-12-27 00:00:00+09:00,1040.0,1045.0,1015.0,1025.0,127574,0.0,0.0
2013-12-30 00:00:00+09:00,1042.5,1042.5,1025.0,1027.5,6574,0.0,0.0
2014-01-02 00:00:00+09:00,1015.0,1037.5,1012.5,1022.5,10654,0.0,0.0
2014-01-03 00:00:00+09:00,1030.0,1030.0,1005.0,1022.5,11590,0.0,0.0
2014-01-06 00:00:00+09:00,1022.5,1025.0,1010.0,1025.0,37196,0.0,0.0
2014-01-07 00:00:00+09:00,1022.5,1022.5,1010.0,1017.5,26234,0.0,0.0
2014-01-08 00:00:00+09:00,1010.0,1022.5,1007.5,1007.5,31516,0.0,0.0
2014-01-09 00:00:00+09:00,1002.5,1030.0,1002.5,1030.0,107780,0.0,0.0
2014-01-10 00:00:00+09:00,1025.0,1032.5,1017.5,1022.5,9164,0.0,0.0
2014-01-13 00:00:00+09:00,1030.0,1032.5,1012.5,1030.0,41998,0.0,0.0
2014-01-14 00:00:00+09:00,1017.5,1032.5,1017.5,1030.0,6152,0.0,0.0
2014-01-15 00:00:00+09:00,1032.5,1032.5,1015.0,1030.0,1450,0.0,0.0
2014-01-16 00:00:00+09:00,1030.0,1047.5,1027.5,1030.0,49170,0.0,0.0
2014-01-17 00:00:00+09:00,1035.0,1037.5,1022.5,1025.0,23068,0.0,0.0
2014-01-20 00:00:00+09:00,1020.0,1022.5,1000.0,1000.0,83376,0.0,0.0
2014-01-21 00:00:00+09:00,1007.5,1015.0,1000.0,1010.0,8132,0.0,0.0
2014-01-22 00:00:00+09:00,1017.5,1022.5,1005.0,1017.5,18734,0.0,0.0
2014-01-23 00:00:00+09:00,1007.5,1017.5,1002.5,1002.5,28826,0.0,0.0
2014-01-24 00:00:00+09:00,1012.5,1015.0,1002.5,1012.5,11326,0.0,0.0
2014-01-27 00:00:00+09:00,1000.0,1012.5,995.0,997.5,9470,0.0,0.0
2014-01-28 00:00:00+09:00,1012.5,1012.5,990.0,1010.0,11382,0.0,0.0
2014-01-29 00:00:00+09:00,997.5,1015.0,997.5,1007.5,17102,0.0,0.0
2014-02-03 00:00:00+09:00,1007.5,1012.5,995.0,1012.5,33358,0.0,0.0
2014-02-04 00:00:00+09:00,992.5,1010.0,992.5,1010.0,6622,0.0,0.0
2014-02-05 00:00:00+09:00,1007.5,1012.5,995.0,1010.0,3036,0.0,0.0
2014-02-06 00:00:00+09:00,1012.5,1012.5,992.5,1005.0,7506,0.0,0.0
2014-02-07 00:00:00+09:00,1005.0,1010.0,1000.0,1005.0,12868,0.0,0.0
2014-02-10 00:00:00+09:00,1010.0,1010.0,1000.0,1010.0,65148,0.0,0.0
2014-02-11 00:00:00+09:00,1015.0,1015.0,1010.0,1012.5,534,0.0,0.0
2014-02-12 00:00:00+09:00,1015.0,1020.0,1005.0,1015.0,7094,0.0,0.0
2014-02-13 00:00:00+09:00,1020.0,1027.5,1015.0,1015.0,11158,0.0,0.0
2014-02-14 00:00:00+09:00,1020.0,1042.5,1015.0,1030.0,40228,0.0,0.0
2014-02-17 00:00:00+09:00,1040.0,1040.0,1027.5,1027.5,7254,0.0,0.0
2014-02-18 00:00:00+09:00,1027.5,1047.5,1022.5,1035.0,34022,0.0,0.0
2014-02-19 00:00:00+09:00,1035.0,1057.5,1025.0,1025.0,33874,0.0,0.0
2014-02-20 00:00:00+09:00,1127.5,1177.5,1050.0,1070.0,2259796,0.0,0.0
2014-02-21 00:00:00+09:00,1075.0,1082.5,1025.0,1042.5,573102,0.0,0.0
2014-02-24 00:00:00+09:00,1042.5,1047.5,1027.5,1027.5,151936,0.0,0.0
2014-02-25 00:00:00+09:00,1032.5,1035.0,997.5,1022.5,202606,0.0,0.0
2014-02-26 00:00:00+09:00,1020.0,1057.5,1020.0,1030.0,208438,0.0,0.0
2014-02-27 00:00:00+09:00,1035.0,1045.0,1027.5,1032.5,61704,0.0,0.0
2014-02-28 00:00:00+09:00,1032.5,1055.0,1027.5,1052.5,70422,0.0,0.0
2014-03-03 00:00:00+09:00,1050.0,1070.0,1045.0,1052.5,58824,0.0,0.0
2014-03-04 00:00:00+09:00,1052.5,1060.0,1040.0,1057.5,23114,0.0,0.0
2014-03-05 00:00:00+09:00,1057.5,1082.5,1050.0,1072.5,101108,0.0,0.0
2014-03-06 00:00:00+09:00,1070.0,1080.0,1060.0,1072.5,27652,0.0,0.0
2014-03-07 00:00:00+09:00,1075.0,1092.5,1062.5,1080.0,113186,0.0,0.0
2014-03-10 00:00:00+09:00,1067.5,1082.5,1057.5,1072.5,58106,0.0,0.0
2014-03-11 00:00:00+09:00,1077.5,1082.5,1070.0,1077.5,54664,0.0,0.0
2014-03-12 00:00:00+09:00,1080.0,1080.0,1065.0,1067.5,22008,0.0,0.0
2014-03-13 00:00:00+09:00,1075.0,1082.5,1057.5,1075.0,50654,0.0,0.0
2014-03-14 00:00:00+09:00,1077.5,1077.5,1060.0,1075.0,20416,0.0,0.0
2014-03-17 00:00:00+09:00,1075.0,1075.0,1057.5,1062.5,28192,0.0,0.0
2014-03-18 00:00:00+09:00,1075.0,1082.5,1052.5,1067.5,30254,0.0,0.0
2014-03-19 00:00:00+09:00,1067.5,1075.0,1067.5,1075.0,10424,0.0,0.0
2014-03-20 00:00:00+09:00,1090.0,1090.0,1062.5,1077.5,8114,0.0,0.0
2014-03-21 00:00:00+09:00,1077.5,1087.5,1072.5,1087.5,42332,0.0,0.0
2014-03-24 00:00:00+09:00,1085.0,1087.5,1072.5,1072.5,30394,0.0,0.0
2014-03-25 00:00:00+09:00,1070.0,1087.5,1067.5,1075.0,17208,0.0,0.0
2014-03-26 00:00:00+09:00,1077.5,1087.5,1065.0,1072.5,13998,0.0,0.0
2014-03-27 00:00:00+09:00,1072.5,1077.5,1062.5,1075.0,11416,0.0,0.0
2014-03-28 00:00:00+09:00,1075.0,1082.5,1067.5,1080.0,12870,0.0,0.0
2014-03-31 00:00:00+09:00,1075.0,1092.5,1070.0,1082.5,16106,0.0,0.0
2014-04-01 00:00:00+09:00,1082.5,1087.5,1075.0,1082.5,16670,0.0,0.0
2014-04-02 00:00:00+09:00,1087.5,1090.0,1075.0,1085.0,20030,0.0,0.0
2014-04-03 00:00:00+09:00,1085.0,1102.5,1082.5,1100.0,60694,0.0,0.0
2014-04-04 00:00:00+09:00,1100.0,1110.0,1085.0,1110.0,37262,0.0,0.0
2014-04-07 00:00:00+09:00,1107.5,1137.5,1107.5,1135.0,45454,0.0,0.0
2014-04-08 00:00:00+09:00,1125.0,1172.5,1125.0,1135.0,17750,0.0,0.0
2014-04-09 00:00:00+09:00,1125.0,1135.0,1120.0,1130.0,19990,0.0,0.0
2014-04-10 00:00:00+09:00,1135.0,1135.0,1122.5,1130.0,18722,0.0,0.0
2014-04-11 00:00:00+09:00,1115.0,1135.0,1115.0,1135.0,13508,0.0,0.0
2014-04-14 00:00:00+09:00,1140.0,1175.0,1135.0,1152.5,38192,0.0,0.0
2014-04-15 00:00:00+09:00,1162.5,1190.0,1145.0,1180.0,92820,0.0,0.0
2014-04-16 00:00:00+09:00,1180.0,1185.0,1165.0,1185.0,43564,0.0,0.0
2014-04-17 00:00:00+09:00,1190.0,1195.0,1167.5,1185.0,92424,0.0,0.0
2014-04-18 00:00:00+09:00,1180.0,1187.5,1172.5,1185.0,15310,0.0,0.0
2014-04-21 00:00:00+09:00,1170.0,1190.0,1170.0,1182.5,19092,0.0,0.0
2014-04-22 00:00:00+09:00,1187.5,1190.0,1142.5,1142.5,27678,0.0,0.0
2014-04-23 00:00:00+09:00,1145.0,1167.5,1140.0,1140.0,16728,0.0,0.0
2014-04-24 00:00:00+09:00,1135.0,1140.0,1132.5,1137.5,19074,0.0,0.0
2014-04-25 00:00:00+09:00,1137.5,1137.5,1117.5,1125.0,27002,0.0,0.0
2014-04-28 00:00:00+09:00,1125.0,1140.0,1125.0,1137.5,34878,0.0,0.0
2014-04-29 00:00:00+09:00,1137.5,1140.0,1120.0,1132.5,13182,0.0,0.0
2014-04-30 00:00:00+09:00,1132.5,1140.0,1117.5,1125.0,26372,0.0,0.0
2014-05-02 00:00:00+09:00,1125.0,1145.0,1125.0,1135.0,1340,0.0,0.0
2014-05-07 00:00:00+09:00,1122.5,1137.5,1117.5,1120.0,10684,0.0,0.0
2014-05-08 00:00:00+09:00,1132.5,1132.5,1105.0,1120.0,6570,0.0,0.0
2014-05-09 00:00:00+09:00,1120.0,1145.0,1102.5,1132.5,19604,0.0,0.0
2014-05-12 00:00:00+09:00,1135.0,1150.0,1125.0,1135.0,1612,0.0,0.0
2014-05-13 00:00:00+09:00,1135.0,1135.0,1122.5,1127.5,7752,0.0,0.0
2014-05-14 00:00:00+09:00,1130.0,1132.5,1110.0,1120.0,15914,0.0,0.0
2014-05-15 00:00:00+09:00,1120.0,1125.0,1110.0,1125.0,17086,0.0,0.0
2014-05-16 00:00:00+09:00,1112.5,1145.0,1112.5,1135.0,25540,0.0,0.0
2014-05-19 00:00:00+09:00,1135.0,1162.5,1110.0,1130.0,22054,0.0,0.0
2014-05-20 00:00:00+09:00,1125.0,1150.0,1110.0,1135.0,23562,0.0,0.0
2014-05-21 00:00:00+09:00,1135.0,1165.0,1122.5,1137.5,99358,0.0,0.0
2014-05-22 00:00:00+09:00,1137.5,1160.0,1130.0,1155.0,28256,0.0,0.0
2014-05-23 00:00:00+09:00,1155.0,1155.0,1130.0,1145.0,32262,0.0,0.0
2014-05-26 00:00:00+09:00,1137.5,1155.0,1137.5,1147.5,6372,0.0,0.0
2014-05-27 00:00:00+09:00,1135.0,1147.5,1130.0,1145.0,9514,0.0,0.0
2014-05-28 00:00:00+09:00,1137.5,1147.5,1132.5,1147.5,5388,0.0,0.0
2014-05-29 00:00:00+09:00,1145.0,1150.0,1130.0,1150.0,2028,0.0,0.0
2014-05-30 00:00:00+09:00,1145.0,1165.0,1145.0,1155.0,27840,0.0,0.0
2014-06-02 00:00:00+09:00,1150.0,1150.0,1125.0,1145.0,23052,0.0,0.0
2014-06-03 00:00:00+09:00,1125.0,1145.0,1120.0,1137.5,7100,0.0,0.0
2014-06-05 00:00:00+09:00,1135.0,1140.0,1110.0,1127.5,26352,0.0,0.0
2014-06-09 00:00:00+09:00,1130.0,1150.0,1115.0,1127.5,4536,0.0,0.0
2014-06-10 00:00:00+09:00,1127.5,1132.5,1120.0,1127.5,9788,0.0,0.0
2014-06-11 00:00:00+09:00,1107.5,1125.0,1107.5,1122.5,4644,0.0,0.0
2014-06-12 00:00:00+09:00,1107.5,1145.0,1107.5,1137.5,11084,0.0,0.0
2014-06-13 00:00:00+09:00,1120.0,1145.0,1120.0,1137.5,16284,0.0,0.0
2014-06-16 00:00:00+09:00,1120.0,1145.0,1115.0,1132.5,42790,0.0,0.0
2014-06-17 00:00:00+09:00,1115.0,1140.0,1115.0,1127.5,9904,0.0,0.0
2014-06-18 00:00:00+09:00,1127.5,1140.0,1112.5,1130.0,20228,0.0,0.0
2014-06-19 00:00:00+09:00,1130.0,1130.0,1100.0,1125.0,17394,0.0,0.0
2014-06-20 00:00:00+09:00,1125.0,1150.0,1110.0,1127.5,4140,0.0,0.0
2014-06-23 00:00:00+09:00,1127.5,1127.5,1102.5,1105.0,4380,0.0,0.0
2014-06-24 00:00:00+09:00,1105.0,1117.5,1062.5,1100.0,14440,0.0,0.0
2014-06-25 00:00:00+09:00,1080.0,1100.0,1080.0,1097.5,1890,0.0,0.0
2014-06-26 00:00:00+09:00,1105.0,1150.0,1095.0,1127.5,17262,0.0,0.0
2014-06-27 00:00:00+09:00,1105.0,1145.0,1105.0,1127.5,57000,0.0,0.0
2014-06-30 00:00:00+09:00,1127.5,1145.0,1117.5,1140.0,18642,0.0,0.0
2014-07-01 00:00:00+09:00,1130.0,1155.0,1130.0,1150.0,42692,0.0,0.0
2014-07-02 00:00:00+09:00,1160.0,1170.0,1152.5,1165.0,71822,0.0,0.0
2014-07-03 00:00:00+09:00,1165.0,1195.0,1157.5,1190.0,86454,0.0,0.0
2014-07-04 00:00:00+09:00,1190.0,1207.5,1185.0,1190.0,33606,0.0,0.0
2014-07-07 00:00:00+09:00,1190.0,1192.5,1177.5,1190.0,12212,0.0,0.0
2014-07-08 00:00:00+09:00,1190.0,1195.0,1155.0,1162.5,33866,0.0,0.0
2014-07-09 00:00:00+09:00,1165.0,1172.5,1160.0,1170.0,9314,0.0,0.0
2014-07-10 00:00:00+09:00,1170.0,1182.5,1155.0,1167.5,27552,0.0,0.0
2014-07-11 00:00:00+09:00,1170.0,1180.0,1140.0,1170.0,15302,0.0,0.0
2014-07-14 00:00:00+09:00,1170.0,1170.0,1152.5,1165.0,16992,0.0,0.0
2014-07-15 00:00:00+09:00,1152.5,1172.5,1150.0,1165.0,13976,0.0,0.0
2014-07-16 00:00:00+09:00,1165.0,1175.0,1160.0,1170.0,10236,0.0,0.0
2014-07-17 00:00:00+09:00,1170.0,1182.5,1170.0,1182.5,30672,0.0,0.0
2014-07-18 00:00:00+09:00,1182.5,1190.0,1172.5,1190.0,4388,0.0,0.0
2014-07-21 00:00:00+09:00,1190.0,1192.5,1170.0,1190.0,39996,0.0,0.0
2014-07-22 00:00:00+09:00,1182.5,1192.5,1175.0,1187.5,56440,0.0,0.0
2014-07-23 00:00:00+09:00,1185.0,1187.5,1152.5,1155.0,122250,0.0,0.0
2014-07-24 00:00:00+09:00,1157.5,1182.5,1157.5,1172.5,28614,0.0,0.0
2014-07-25 00:00:00+09:00,1175.0,1197.5,1175.0,1197.5,82496,0.0,0.0
2014-07-28 00:00:00+09:00,1205.0,1250.0,1205.0,1250.0,191478,0.0,0.0
2014-07-29 00:00:00+09:00,1255.0,1265.0,1232.5,1252.5,80662,0.0,0.0
2014-07-30 00:00:00+09:00,1252.5,1260.0,1232.5,1260.0,46224,0.0,0.0
2014-07-31 00:00:00+09:00,1260.0,1275.0,1235.0,1252.5,50538,0.0,0.0
2014-08-01 00:00:00+09:00,1247.5,1247.5,1210.0,1242.5,44854,0.0,0.0
2014-08-04 00:00:00+09:00,1245.0,1245.0,1207.5,1232.5,16944,0.0,0.0
2014-08-05 00:00:00+09:00,1227.5,1232.5,1200.0,1200.0,27042,0.0,0.0
2014-08-06 00:00:00+09:00,1215.0,1215.0,1177.5,1200.0,61990,0.0,0.0
2014-08-07 00:00:00+09:00,1190.0,1202.5,1180.0,1192.5,11266,0.0,0.0
2014-08-08 00:00:00+09:00,1182.5,1222.5,1165.0,1190.0,79330,0.0,0.0
2014-08-11 00:00:00+09:00,1185.0,1197.5,1165.0,1187.5,21348,0.0,0.0
2014-08-12 00:00:00+09:00,1170.0,1187.5,1160.0,1185.0,33940,0.0,0.0
2014-08-13 00:00:00+09:00,1180.0,1220.0,1180.0,1207.5,21302,0.0,0.0
2014-08-14 00:00:00+09:00,1197.5,1215.0,1195.0,1202.5,51906,0.0,0.0
2014-08-18 00:00:00+09:00,1202.5,1215.0,1200.0,1212.5,40150,0.0,0.0
2014-08-19 00:00:00+09:00,1212.5,1217.5,1200.0,1210.0,30700,0.0,0.0
2014-08-20 00:00:00+09:00,1215.0,1215.0,1195.0,1207.5,32340,0.0,0.0
2014-08-21 00:00:00+09:00,1205.0,1205.0,1150.0,1175.0,44580,0.0,0.0
2014-08-22 00:00:00+09:00,1175.0,1205.0,1175.0,1195.0,34980,0.0,0.0
2014-08-25 00:00:00+09:00,1195.0,1195.0,1175.0,1175.0,6076,0.0,0.0
2014-08-26 00:00:00+09:00,1172.5,1192.5,1170.0,1190.0,9914,0.0,0.0
2014-08-27 00:00:00+09:00,1190.0,1200.0,1180.0,1200.0,26038,0.0,0.0
2014-08-28 00:00:00+09:00,1197.5,1200.0,1182.5,1195.0,11582,0.0,0.0
2014-08-29 00:00:00+09:00,1187.5,1197.5,1180.0,1192.5,1082,0.0,0.0
2014-09-01 00:00:00+09:00,1175.0,1187.5,1145.0,1145.0,53358,0.0,0.0
2014-09-02 00:00:00+09:00,1145.0,1157.5,1132.5,1155.0,34526,0.0,0.0
2014-09-03 00:00:00+09:00,1155.0,1165.0,1137.5,1155.0,11592,0.0,0.0
2014-09-04 00:00:00+09:00,1140.0,1152.5,1125.0,1125.0,53226,0.0,0.0
2014-09-05 00:00:00+09:00,1122.5,1150.0,1122.5,1130.0,52480,0.0,0.0
2014-09-11 00:00:00+09:00,1130.0,1150.0,1130.0,1135.0,4764,0.0,0.0
2014-09-12 00:00:00+09:00,1130.0,1147.5,1130.0,1140.0,27240,0.0,0.0
2014-09-15 00:00:00+09:00,1132.5,1152.5,1132.5,1150.0,13006,0.0,0.0
2014-09-16 00:00:00+09:00,1140.0,1155.0,1140.0,1155.0,61486,0.0,0.0
2014-09-17 00:00:00+09:00,1142.5,1172.5,1142.5,1162.5,23488,0.0,0.0
2014-09-18 00:00:00+09:00,1150.0,1167.5,1140.0,1150.0,16228,0.0,0.0
2014-09-19 00:00:00+09:00,1135.0,1160.0,1135.0,1157.5,38558,0.0,0.0
2014-09-22 00:00:00+09:00,1152.5,1190.0,1150.0,1157.5,33418,0.0,0.0
2014-09-23 00:00:00+09:00,1160.0,1167.5,1145.0,1155.0,27028,0.0,0.0
2014-09-24 00:00:00+09:00,1147.5,1160.0,1147.5,1152.5,24288,0.0,0.0
2014-09-25 00:00:00+09:00,1147.5,1185.0,1145.0,1155.0,40832,0.0,0.0
2014-09-26 00:00:00+09:00,1150.0,1165.0,1142.5,1162.5,18186,0.0,0.0
2014-09-29 00:00:00+09:00,1160.0,1172.5,1145.0,1160.0,12910,0.0,0.0
2014-09-30 00:00:00+09:00,1160.0,1165.0,1142.5,1160.0,13942,0.0,0.0
2014-10-01 00:00:00+09:00,1160.0,1170.0,1145.0,1157.5,5832,0.0,0.0
2014-10-02 00:00:00+09:00,1157.5,1162.5,1125.0,1147.5,15426,0.0,0.0
2014-10-06 00:00:00+09:00,1147.5,1170.0,1137.5,1160.0,13502,0.0,0.0
2014-10-07 00:00:00+09:00,1160.0,1160.0,1135.0,1155.0,8050,0.0,0.0
2014-10-08 00:00:00+09:00,1160.0,1160.0,1150.0,1155.0,9186,0.0,0.0
2014-10-10 00:00:00+09:00,1155.0,1157.5,1137.5,1137.5,27654,0.0,0.0
2014-10-13 00:00:00+09:00,1137.5,1150.0,1117.5,1127.5,58972,0.0,0.0
2014-10-14 00:00:00+09:00,1145.0,1145.0,1112.5,1130.0,14808,0.0,0.0
2014-10-15 00:00:00+09:00,1137.5,1150.0,1137.5,1147.5,19358,0.0,0.0
2014-10-16 00:00:00+09:00,1147.5,1157.5,1142.5,1155.0,7760,0.0,0.0
2014-10-17 00:00:00+09:00,1155.0,1155.0,1120.0,1142.5,6800,0.0,0.0
2014-10-20 00:00:00+09:00,1147.5,1157.5,1130.0,1142.5,12210,0.0,0.0
2014-10-21 00:00:00+09:00,1150.0,1150.0,1140.0,1150.0,372,0.0,0.0
2014-10-22 00:00:00+09:00,1152.5,1152.5,1105.0,1130.0,51406,0.0,0.0
2014-10-23 00:00:00+09:00,1130.0,1132.5,1105.0,1107.5,20588,0.0,0.0
2014-10-24 00:00:00+09:00,1120.0,1125.0,1107.5,1110.0,7950,0.0,0.0
2014-10-27 00:00:00+09:00,1105.0,1115.0,1102.5,1112.5,16076,0.0,0.0
2014-10-28 00:00:00+09:00,1117.5,1125.0,1105.0,1117.5,9478,0.0,0.0
2014-10-29 00:00:00+09:00,1117.5,1150.0,1115.0,1132.5,18028,0.0,0.0
2014-10-30 00:00:00+09:00,1130.0,1137.5,1122.5,1130.0,10178,0.0,0.0
2014-10-31 00:00:00+09:00,1130.0,1135.0,1122.5,1132.5,10368,0.0,0.0
2014-11-03 00:00:00+09:00,1132.5,1132.5,1105.0,1115.0,8414,0.0,0.0
2014-11-04 00:00:00+09:00,1120.0,1120.0,1050.0,1085.0,85032,0.0,0.0
2014-11-05 00:00:00+09:00,1082.5,1120.0,1050.0,1072.5,64074,0.0,0.0
2014-11-06 00:00:00+09:00,1072.5,1087.5,1045.0,1055.0,76068,0.0,0.0
2014-11-07 00:00:00+09:00,1055.0,1080.0,1037.5,1050.0,86300,0.0,0.0
2014-11-10 00:00:00+09:00,1050.0,1075.0,1032.5,1042.5,119714,0.0,0.0
2014-11-11 00:00:00+09:00,1042.5,1050.0,1012.5,1050.0,70034,0.0,0.0
2014-11-12 00:00:00+09:00,1050.0,1070.0,1050.0,1060.0,16814,0.0,0.0
2014-11-13 00:00:00+09:00,1062.5,1072.5,1042.5,1052.5,39236,0.0,0.0
2014-11-14 00:00:00+09:00,1055.0,1057.5,1042.5,1045.0,33520,0.0,0.0
2014-11-17 00:00:00+09:00,1045.0,1052.5,1040.0,1052.5,29752,0.0,0.0
2014-11-18 00:00:00+09:00,1050.0,1052.5,1035.0,1047.5,47002,0.0,0.0
2014-11-19 00:00:00+09:00,1047.5,1055.0,1042.5,1042.5,11256,0.0,0.0
2014-11-20 00:00:00+09:00,1040.0,1047.5,1015.0,1045.0,113270,0.0,0.0
2014-11-21 00:00:00+09:00,1045.0,1050.0,1037.5,1047.5,21588,0.0,0.0
2014-11-24 00:00:00+09:00,1045.0,1055.0,1035.0,1055.0,47762,0.0,0.0
2014-11-25 00:00:00+09:00,1055.0,1057.5,1050.0,1057.5,46278,0.0,0.0
2014-11-26 00:00:00+09:00,1057.5,1057.5,1042.5,1050.0,32308,0.0,0.0
2014-11-27 00:00:00+09:00,1047.5,1050.0,1040.0,1047.5,25044,0.0,0.0
2014-11-28 00:00:00+09:00,1042.5,1050.0,1040.0,1050.0,12818,0.0,0.0
2014-12-01 00:00:00+09:00,1047.5,1050.0,1040.0,1040.0,37544,0.0,0.0
2014-12-02 00:00:00+09:00,1040.0,1047.5,1027.5,1045.0,36858,0.0,0.0
2014-12-03 00:00:00+09:00,1042.5,1045.0,1030.0,1045.0,20570,0.0,0.0
2014-12-04 00:00:00+09:00,1047.5,1065.0,1047.5,1065.0,55500,0.0,0.0
2014-12-05 00:00:00+09:00,1065.0,1072.5,1055.0,1072.5,46620,0.0,0.0
2014-12-08 00:00:00+09:00,1060.0,1085.0,1060.0,1085.0,35300,0.0,0.0
2014-12-09 00:00:00+09:00,1082.5,1095.0,1060.0,1090.0,36518,0.0,0.0
2014-12-10 00:00:00+09:00,1075.0,1095.0,1072.5,1095.0,14748,0.0,0.0
2014-12-11 00:00:00+09:00,1065.0,1095.0,1055.0,1095.0,41336,0.0,0.0
2014-12-12 00:00:00+09:00,1095.0,1110.0,1077.5,1105.0,59680,0.0,0.0
2014-12-15 00:00:00+09:00,1090.0,1100.0,1082.5,1097.5,17198,0.0,0.0
2014-12-16 00:00:00+09:00,1097.5,1097.5,1075.0,1097.5,7216,0.0,0.0
2014-12-17 00:00:00+09:00,1085.0,1100.0,1077.5,1100.0,24820,0.0,0.0
2014-12-18 00:00:00+09:00,1105.0,1105.0,1060.0,1097.5,24630,0.0,0.0
2014-12-19 00:00:00+09:00,1100.0,1100.0,1050.0,1087.5,37770,0.0,0.0
2014-12-22 00:00:00+09:00,1087.5,1095.0,1080.0,1092.5,3170,0.0,0.0
2014-12-23 00:00:00+09:00,1095.0,1095.0,1080.0,1092.5,2406,0.0,0.0
2014-12-24 00:00:00+09:00,1080.0,1090.0,1055.0,1055.0,35228,0.0,0.0
2014-12-26 00:00:00+09:00,1070.0,1080.0,1060.0,1075.0,33208,0.0,0.0
2014-12-29 00:00:00+09:00,1050.0,1070.0,1017.5,1027.5,54812,0.0,0.0
2014-12-30 00:00:00+09:00,1032.5,1045.0,1012.5,1035.0,9466,0.0,0.0
2015-01-02 00:00:00+09:00,1035.0,1035.0,1012.5,1022.5,28242,0.0,0.0
2015-01-05 00:00:00+09:00,1045.0,1045.0,995.0,1010.0,49176,0.0,0.0
2015-01-06 00:00:00+09:00,1005.0,1007.5,1000.0,1007.5,14684,0.0,0.0
2015-01-07 00:00:00+09:00,1005.0,1010.0,1000.0,1010.0,18258,0.0,0.0
2015-01-08 00:00:00+09:00,1012.5,1012.5,1007.5,1012.5,1634,0.0,0.0
2015-01-09 00:00:00+09:00,1015.0,1025.0,1012.5,1022.5,6566,0.0,0.0
2015-01-12 00:00:00+09:00,1012.5,1030.0,1010.0,1025.0,11626,0.0,0.0
2015-01-13 00:00:00+09:00,1025.0,1025.0,1000.0,1005.0,31050,0.0,0.0
2015-01-14 00:00:00+09:00,1005.0,1012.5,1000.0,1010.0,4528,0.0,0.0
2015-01-15 00:00:00+09:00,1010.0,1017.5,1000.0,1017.5,13596,0.0,0.0
2015-01-16 00:00:00+09:00,1000.0,1020.0,1000.0,1017.5,3958,0.0,0.0
2015-01-19 00:00:00+09:00,1020.0,1020.0,985.0,997.5,11900,0.0,0.0
2015-01-20 00:00:00+09:00,997.5,1010.0,997.5,1005.0,14810,0.0,0.0
2015-01-21 00:00:00+09:00,1000.0,1007.5,1000.0,1007.5,3730,0.0,0.0
2015-01-22 00:00:00+09:00,1007.5,1155.0,1007.5,1050.0,138370,0.0,0.0
2015-01-23 00:00:00+09:00,1050.0,1065.0,1020.0,1052.5,26568,0.0,0.0
2015-01-26 00:00:00+09:00,1027.5,1060.0,1020.0,1057.5,10968,0.0,0.0
2015-01-27 00:00:00+09:00,1057.5,1057.5,1035.0,1050.0,8376,0.0,0.0
2015-01-28 00:00:00+09:00,1040.0,1047.5,1030.0,1047.5,10476,0.0,0.0
2015-01-29 00:00:00+09:00,1037.5,1055.0,1032.5,1045.0,18004,0.0,0.0
2015-01-30 00:00:00+09:00,1045.0,1045.0,1025.0,1045.0,14626,0.0,0.0
2015-02-02 00:00:00+09:00,1030.0,1040.0,1010.0,1035.0,29896,0.0,0.0
2015-02-03 00:00:00+09:00,1032.5,1035.0,1017.5,1035.0,30106,0.0,0.0
2015-02-04 00:00:00+09:00,1035.0,1057.5,1020.0,1045.0,33900,0.0,0.0
2015-02-05 00:00:00+09:00,1047.5,1047.5,1035.0,1045.0,18440,0.0,0.0
2015-02-06 00:00:00+09:00,1050.0,1050.0,1042.5,1050.0,11780,0.0,0.0
2015-02-09 00:00:00+09:00,1052.5,1065.0,1030.0,1050.0,35484,0.0,0.0
2015-02-10 00:00:00+09:00,1037.5,1045.0,1030.0,1045.0,9038,0.0,0.0
2015-02-11 00:00:00+09:00,1037.5,1050.0,1032.5,1050.0,16644,0.0,0.0
2015-02-12 00:00:00+09:00,1050.0,1050.0,1037.5,1042.5,2816,0.0,0.0
2015-02-13 00:00:00+09:00,1025.0,1042.5,1025.0,1042.5,17380,0.0,0.0
2015-02-16 00:00:00+09:00,1040.0,1075.0,1040.0,1075.0,75498,0.0,0.0
2015-02-17 00:00:00+09:00,1097.5,1097.5,1047.5,1067.5,109854,0.0,0.0
2015-02-23 00:00:00+09:00,1065.0,1065.0,1042.5,1055.0,70212,0.0,0.0
2015-02-24 00:00:00+09:00,1065.0,1065.0,1045.0,1057.5,12508,0.0,0.0
2015-02-25 00:00:00+09:00,1050.0,1065.0,1050.0,1060.0,27136,0.0,0.0
2015-02-26 00:00:00+09:00,1055.0,1070.0,1050.0,1065.0,29432,0.0,0.0
2015-02-27 00:00:00+09:00,1065.0,1070.0,1055.0,1065.0,52830,0.0,0.0
2015-03-02 00:00:00+09:00,1065.0,1095.0,1062.5,1085.0,76696,0.0,0.0
2015-03-03 00:00:00+09:00,1085.0,1097.5,1082.5,1090.0,32986,0.0,0.0
2015-03-04 00:00:00+09:00,1085.0,1115.0,1075.0,1112.5,49430,0.0,0.0
2015-03-05 00:00:00+09:00,1102.5,1142.5,1075.0,1127.5,167068,0.0,0.0
2015-03-06 00:00:00+09:00,1145.0,1220.0,1132.5,1172.5,446008,0.0,0.0
2015-03-09 00:00:00+09:00,1170.0,1210.0,1152.5,1200.0,323884,0.0,0.0
2015-03-10 00:00:00+09:00,1182.5,1247.5,1175.0,1217.5,274898,0.0,0.0
2015-03-11 00:00:00+09:00,1200.0,1210.0,1175.0,1197.5,70812,0.0,0.0
2015-03-12 00:00:00+09:00,1195.0,1235.0,1177.5,1207.5,171000,0.0,0.0
2015-03-13 00:00:00+09:00,1200.0,1205.0,1185.0,1202.5,311620,0.0,0.0
2015-03-16 00:00:00+09:00,1210.0,1377.5,1200.0,1272.5,1134482,0.0,0.0
2015-03-17 00:00:00+09:00,1265.0,1272.5,1232.5,1272.5,233046,0.0,0.0
2015-03-18 00:00:00+09:00,1275.0,1285.0,1242.5,1252.5,125324,0.0,0.0
2015-03-19 00:00:00+09:00,1250.0,1250.0,1215.0,1240.0,108374,0.0,0.0
2015-03-20 00:00:00+09:00,1240.0,1370.0,1240.0,1265.0,671870,0.0,0.0
2015-03-23 00:00:00+09:00,1265.0,1280.0,1250.0,1267.5,65462,0.0,0.0
2015-03-24 00:00:00+09:00,1265.0,1300.0,1257.5,1290.0,36250,0.0,0.0
2015-03-25 00:00:00+09:00,1277.5,1290.0,1260.0,1272.5,32086,0.0,0.0
2015-03-26 00:00:00+09:00,1262.5,1272.5,1240.0,1255.0,35168,0.0,0.0
2015-03-27 00:00:00+09:00,1255.0,1290.0,1235.0,1255.0,35200,0.0,0.0
2015-03-30 00:00:00+09:00,1255.0,1270.0,1215.0,1235.0,155134,0.0,0.0
2015-03-31 00:00:00+09:00,1225.0,1325.0,1225.0,1285.0,293960,0.0,0.0
2015-04-01 00:00:00+09:00,1285.0,1285.0,1255.0,1270.0,34308,0.0,0.0
2015-04-02 00:00:00+09:00,1255.0,1457.5,1250.0,1345.0,730968,0.0,0.0
2015-04-03 00:00:00+09:00,1345.0,1382.5,1300.0,1330.0,141596,0.0,0.0
2015-04-06 00:00:00+09:00,1330.0,1362.5,1305.0,1355.0,114360,0.0,0.0
2015-04-07 00:00:00+09:00,1355.0,1365.0,1337.5,1347.5,26878,0.0,0.0
2015-04-08 00:00:00+09:00,1347.5,1367.5,1307.5,1320.0,77676,0.0,0.0
2015-04-09 00:00:00+09:00,1320.0,1335.0,1307.5,1312.5,51402,0.0,0.0
2015-04-10 00:00:00+09:00,1302.5,1330.0,1300.0,1310.0,33424,0.0,0.0
2015-04-13 00:00:00+09:00,1300.0,1325.0,1295.0,1312.5,39368,0.0,0.0
2015-04-14 00:00:00+09:00,1312.5,1325.0,1295.0,1312.5,24600,0.0,0.0
2015-04-15 00:00:00+09:00,1302.5,1310.0,1280.0,1302.5,23734,0.0,0.0
2015-04-16 00:00:00+09:00,1302.5,1330.0,1290.0,1295.0,86390,0.0,0.0
2015-04-17 00:00:00+09:00,1300.0,1312.5,1290.0,1307.5,25246,0.0,0.0
2015-04-20 00:00:00+09:00,1307.5,1347.5,1292.5,1307.5,43808,0.0,0.0
2015-04-21 00:00:00+09:00,1335.0,1335.0,1292.5,1310.0,48472,0.0,0.0
2015-04-22 00:00:00+09:00,1300.0,1335.0,1290.0,1312.5,50992,0.0,0.0
2015-04-23 00:00:00+09:00,1320.0,1320.0,1287.5,1300.0,19872,0.0,0.0
2015-04-24 00:00:00+09:00,1275.0,1305.0,1275.0,1302.5,13746,0.0,0.0
2015-04-27 00:00:00+09:00,1275.0,1347.5,1275.0,1312.5,16852,0.0,0.0
2015-04-28 00:00:00+09:00,1302.5,1315.0,1300.0,1310.0,14704,0.0,0.0
2015-04-29 00:00:00+09:00,1295.0,1335.0,1280.0,1332.5,75600,0.0,0.0
2015-04-30 00:00:00+09:00,1312.5,1347.5,1312.5,1337.5,6192,0.0,0.0
2015-05-04 00:00:00+09:00,1305.0,1332.5,1285.0,1310.0,98978,0.0,0.0
2015-05-06 00:00:00+09:00,1300.0,1317.5,1285.0,1300.0,55988,0.0,0.0
2015-05-07 00:00:00+09:00,1292.5,1327.5,1275.0,1325.0,81346,0.0,0.0
2015-05-08 00:00:00+09:00,1315.0,1370.0,1315.0,1362.5,107506,0.0,0.0
2015-05-11 00:00:00+09:00,1365.0,1387.5,1335.0,1347.5,58074,0.0,0.0
2015-05-12 00:00:00+09:00,1347.5,1360.0,1332.5,1357.5,20928,0.0,0.0
2015-05-13 00:00:00+09:00,1365.0,1367.5,1340.0,1357.5,34716,0.0,0.0
2015-05-14 00:00:00+09:00,1365.0,1560.0,1357.5,1560.0,496460,0.0,0.0
2015-05-15 00:00:00+09:00,1675.0,1730.0,1500.0,1595.0,671512,0.0,0.0
2015-05-18 00:00:00+09:00,1595.0,1600.0,1485.0,1550.0,186100,0.0,0.0
2015-05-19 00:00:00+09:00,1587.5,1587.5,1507.5,1510.0,164440,0.0,0.0
2015-05-20 00:00:00+09:00,1512.5,1545.0,1502.5,1522.5,89710,0.0,0.0
2015-05-21 00:00:00+09:00,1750.0,1750.0,1685.0,1750.0,2341022,0.0,0.0
2015-05-22 00:00:00+09:00,1705.0,1725.0,1612.5,1620.0,830292,0.0,0.0
2015-05-26 00:00:00+09:00,1640.0,1662.5,1575.0,1627.5,223294,0.0,0.0
2015-05-27 00:00:00+09:00,1602.5,1620.0,1527.5,1557.5,191120,0.0,0.0
2015-05-28 00:00:00+09:00,1580.0,1592.5,1560.0,1562.5,121826,0.0,0.0
2015-05-29 00:00:00+09:00,1585.0,1585.0,1522.5,1527.5,118106,0.0,0.0
2015-06-01 00:00:00+09:00,1527.5,1655.0,1527.5,1642.5,192754,0.0,0.0
2015-06-02 00:00:00+09:00,1642.5,1642.5,1530.0,1530.0,140442,0.0,0.0
2015-06-03 00:00:00+09:00,1525.0,1545.0,1502.5,1532.5,50898,0.0,0.0
2015-06-04 00:00:00+09:00,1532.5,1557.5,1510.0,1542.5,47098,0.0,0.0
2015-06-05 00:00:00+09:00,1520.0,1557.5,1520.0,1557.5,53126,0.0,0.0
2015-06-08 00:00:00+09:00,1567.5,1572.5,1495.0,1515.0,78806,0.0,0.0
2015-06-09 00:00:00+09:00,1547.5,1740.0,1527.5,1720.0,1085214,0.0,0.0
2015-06-10 00:00:00+09:00,1800.0,1977.5,1750.0,1977.5,1395558,0.0,0.0
2015-06-11 00:00:00+09:00,2050.0,2137.5,1850.0,1980.0,726422,0.0,0.0
2015-06-12 00:00:00+09:00,1980.0,2030.0,1875.0,1907.5,228994,0.0,0.0
2015-06-15 00:00:00+09:00,1850.0,1915.0,1710.0,1767.5,213782,0.0,0.0
2015-06-16 00:00:00+09:00,1792.5,1850.0,1725.0,1850.0,124748,0.0,0.0
2015-06-17 00:00:00+09:00,1850.0,1895.0,1780.0,1872.5,130100,0.0,0.0
2015-06-18 00:00:00+09:00,1872.5,2282.5,1865.0,2125.0,1012464,0.0,0.0
2015-06-19 00:00:00+09:00,2287.5,2287.5,2090.0,2100.0,590642,0.0,0.0
2015-06-22 00:00:00+09:00,2050.0,2075.0,1977.5,2012.5,198016,0.0,0.0
2015-06-23 00:00:00+09:00,2000.0,2040.0,1965.0,2015.0,215756,0.0,0.0
2015-06-24 00:00:00+09:00,1990.0,2015.0,1952.5,1990.0,125444,0.0,0.0
2015-06-25 00:00:00+09:00,1990.0,2000.0,1895.0,1917.5,267700,0.0,0.0
2015-06-26 00:00:00+09:00,1915.0,1935.0,1840.0,1840.0,254670,0.0,0.0
2015-06-29 00:00:00+09:00,1725.0,1847.5,1725.0,1807.5,106348,0.0,0.0
2015-06-30 00:00:00+09:00,1800.0,1942.5,1765.0,1800.0,93800,0.0,0.0
2015-07-01 00:00:00+09:00,1800.0,1847.5,1790.0,1835.0,85584,0.0,0.0
2015-07-02 00:00:00+09:00,1880.0,1880.0,1742.5,1760.0,165890,0.0,0.0
2015-07-03 00:00:00+09:00,1745.0,1750.0,1655.0,1690.0,221670,0.0,0.0
2015-07-06 00:00:00+09:00,1690.0,1690.0,1600.0,1627.5,167136,0.0,0.0
2015-07-07 00:00:00+09:00,1605.0,1630.0,1575.0,1605.0,132786,0.0,0.0
2015-07-08 00:00:00+09:00,1645.0,1660.0,1590.0,1650.0,95298,0.0,0.0
2015-07-09 00:00:00+09:00,1645.0,1645.0,1505.0,1600.0,61226,0.0,0.0
2015-07-10 00:00:00+09:00,1605.0,1665.0,1605.0,1640.0,36002,0.0,0.0
2015-07-13 00:00:00+09:00,1672.5,1672.5,1580.0,1630.0,111710,0.0,0.0
2015-07-14 00:00:00+09:00,1650.0,1655.0,1615.0,1637.5,58388,0.0,0.0
2015-07-15 00:00:00+09:00,1660.0,1700.0,1600.0,1637.5,118472,0.0,0.0
2015-07-16 00:00:00+09:00,1637.5,1692.5,1622.5,1687.5,94460,0.0,0.0
2015-07-17 00:00:00+09:00,1687.5,1750.0,1660.0,1727.5,109620,0.0,0.0
2015-07-20 00:00:00+09:00,1757.5,1757.5,1687.5,1710.0,82098,0.0,0.0
2015-07-21 00:00:00+09:00,1710.0,1745.0,1662.5,1692.5,57110,0.0,0.0
2015-07-22 00:00:00+09:00,1700.0,1700.0,1632.5,1632.5,89906,0.0,0.0
2015-07-23 00:00:00+09:00,1622.5,1645.0,1580.0,1607.5,112106,0.0,0.0
2015-07-24 00:00:00+09:00,1590.0,1605.0,1575.0,1580.0,58110,0.0,0.0
2015-07-27 00:00:00+09:00,1580.0,1592.5,1525.0,1527.5,110488,0.0,0.0
2015-07-28 00:00:00+09:00,1527.5,1535.0,1467.5,1490.0,141714,0.0,0.0
2015-07-29 00:00:00+09:00,1490.0,1515.0,1470.0,1492.5,90524,0.0,0.0
2015-07-30 00:00:00+09:00,1462.5,1505.0,1440.0,1450.0,229306,0.0,0.0
2015-07-31 00:00:00+09:00,1470.0,1482.5,1435.0,1482.5,33742,0.0,0.0
2015-08-03 00:00:00+09:00,1482.5,1555.0,1470.0,1537.5,95036,0.0,0.0
2015-08-04 00:00:00+09:00,1545.0,1562.5,1505.0,1547.5,33876,0.0,0.0
2015-08-05 00:00:00+09:00,1565.0,1580.0,1542.5,1555.0,36494,0.0,0.0
2015-08-06 00:00:00+09:00,1535.0,1577.5,1510.0,1545.0,75432,0.0,0.0
2015-08-07 00:00:00+09:00,1545.0,1567.5,1510.0,1515.0,43890,0.0,0.0
2015-08-10 00:00:00+09:00,1510.0,1525.0,1495.0,1495.0,46310,0.0,0.0
2015-08-11 00:00:00+09:00,1495.0,1517.5,1490.0,1512.5,23840,0.0,0.0
2015-08-12 00:00:00+09:00,1512.5,1512.5,1407.5,1450.0,184122,0.0,0.0
2015-08-13 00:00:00+09:00,1442.5,1462.5,1442.5,1450.0,11242,0.0,0.0
2015-08-17 00:00:00+09:00,1465.0,1480.0,1440.0,1475.0,18170,0.0,0.0
2015-08-18 00:00:00+09:00,1480.0,1480.0,1437.5,1442.5,13552,0.0,0.0
2015-08-19 00:00:00+09:00,1462.5,1462.5,1322.5,1345.0,83554,0.0,0.0
2015-08-20 00:00:00+09:00,1322.5,1355.0,1305.0,1340.0,31808,0.0,0.0
2015-08-21 00:00:00+09:00,1280.0,1345.0,1165.0,1260.0,123488,0.0,0.0
2015-08-24 00:00:00+09:00,1225.0,1257.5,1200.0,1200.0,37034,0.0,0.0
2015-08-25 00:00:00+09:00,1202.5,1310.0,1202.5,1310.0,71726,0.0,0.0
2015-08-26 00:00:00+09:00,1310.0,1450.0,1272.5,1380.0,79458,0.0,0.0
2015-08-27 00:00:00+09:00,1382.5,1432.5,1380.0,1415.0,29920,0.0,0.0
2015-08-28 00:00:00+09:00,1405.0,1435.0,1405.0,1422.5,26612,0.0,0.0
2015-08-31 00:00:00+09:00,1432.5,1432.5,1410.0,1417.5,37604,0.0,0.0
2015-09-01 00:00:00+09:00,1482.5,1482.5,1410.0,1420.0,22952,0.0,0.0
2015-09-02 00:00:00+09:00,1430.0,1430.0,1382.5,1410.0,18610,0.0,0.0
2015-09-03 00:00:00+09:00,1415.0,1430.0,1357.5,1407.5,13946,0.0,0.0
2015-09-04 00:00:00+09:00,1410.0,1415.0,1327.5,1345.0,37502,0.0,0.0
2015-09-07 00:00:00+09:00,1330.0,1360.0,1305.0,1335.0,23990,0.0,0.0
2015-09-08 00:00:00+09:00,1327.5,1377.5,1267.5,1290.0,80230,0.0,0.0
2015-09-09 00:00:00+09:00,1295.0,1355.0,1295.0,1340.0,20006,0.0,0.0
2015-09-10 00:00:00+09:00,1330.0,1372.5,1330.0,1372.5,22072,0.0,0.0
2015-09-11 00:00:00+09:00,1350.0,1375.0,1340.0,1367.5,10974,0.0,0.0
2015-09-14 00:00:00+09:00,1380.0,1380.0,1345.0,1362.5,18558,0.0,0.0
2015-09-15 00:00:00+09:00,1360.0,1402.5,1355.0,1390.0,24752,0.0,0.0
2015-09-16 00:00:00+09:00,1405.0,1410.0,1397.5,1400.0,19560,0.0,0.0
2015-09-17 00:00:00+09:00,1400.0,1402.5,1367.5,1387.5,11388,0.0,0.0
2015-09-18 00:00:00+09:00,1412.5,1415.0,1390.0,1400.0,25254,0.0,0.0
2015-09-21 00:00:00+09:00,1400.0,1422.5,1380.0,1402.5,30986,0.0,0.0
2015-09-22 00:00:00+09:00,1402.5,1420.0,1390.0,1402.5,14310,0.0,0.0
2015-09-23 00:00:00+09:00,1402.5,1402.5,1375.0,1385.0,31686,0.0,0.0
2015-09-24 00:00:00+09:00,1397.5,1400.0,1365.0,1395.0,19990,0.0,0.0
2015-09-25 00:00:00+09:00,1385.0,1410.0,1377.5,1395.0,5446,0.0,0.0
2015-09-30 00:00:00+09:00,1385.0,1397.5,1365.0,1395.0,4000,0.0,0.0
2015-10-01 00:00:00+09:00,1400.0,1400.0,1380.0,1395.0,15570,0.0,0.0
2015-10-02 00:00:00+09:00,1432.5,1432.5,1377.5,1390.0,16830,0.0,0.0
2015-10-05 00:00:00+09:00,1390.0,1400.0,1380.0,1390.0,34958,0.0,0.0
2015-10-06 00:00:00+09:00,1372.5,1402.5,1372.5,1390.0,29976,0.0,0.0
2015-10-07 00:00:00+09:00,1382.5,1405.0,1382.5,1405.0,23452,0.0,0.0
2015-10-08 00:00:00+09:00,1415.0,1697.5,1385.0,1522.5,379236,0.0,0.0
2015-10-12 00:00:00+09:00,1510.0,1600.0,1482.5,1562.5,137852,0.0,0.0
2015-10-13 00:00:00+09:00,1562.5,1562.5,1502.5,1530.0,35754,0.0,0.0
2015-10-14 00:00:00+09:00,1555.0,1560.0,1510.0,1530.0,31300,0.0,0.0
2015-10-15 00:00:00+09:00,1545.0,1562.5,1500.0,1522.5,17088,0.0,0.0
2015-10-16 00:00:00+09:00,1502.5,1525.0,1495.0,1517.5,72002,0.0,0.0
2015-10-19 00:00:00+09:00,1517.5,1545.0,1512.5,1515.0,18830,0.0,0.0
2015-10-20 00:00:00+09:00,1537.5,1537.5,1515.0,1520.0,49352,0.0,0.0
2015-10-21 00:00:00+09:00,1545.0,1597.5,1520.0,1580.0,84460,0.0,0.0
2015-10-22 00:00:00+09:00,1637.5,1637.5,1552.5,1552.5,65858,0.0,0.0
2015-10-23 00:00:00+09:00,1570.0,1590.0,1542.5,1575.0,39074,0.0,0.0
2015-10-26 00:00:00+09:00,1575.0,1582.5,1542.5,1557.5,46096,0.0,0.0
2015-10-27 00:00:00+09:00,1557.5,1587.5,1557.5,1567.5,80324,0.0,0.0
2015-10-28 00:00:00+09:00,1567.5,1592.5,1542.5,1570.0,25732,0.0,0.0
2015-10-29 00:00:00+09:00,1590.0,1607.5,1570.0,1607.5,71680,0.0,0.0
2015-10-30 00:00:00+09:00,1597.5,1610.0,1570.0,1585.0,36704,0.0,0.0
2015-11-02 00:00:00+09:00,1585.0,1600.0,1575.0,1597.5,36784,0.0,0.0
2015-11-03 00:00:00+09:00,1605.0,1625.0,1575.0,1587.5,26418,0.0,0.0
2015-11-04 00:00:00+09:00,1617.5,1617.5,1577.5,1597.5,9670,0.0,0.0
2015-11-05 00:00:00+09:00,1620.0,1620.0,1570.0,1575.0,27444,0.0,0.0
2015-11-06 00:00:00+09:00,1575.0,1575.0,1530.0,1550.0,53722,0.0,0.0
2015-11-09 00:00:00+09:00,1550.0,1550.0,1477.5,1500.0,30692,0.0,0.0
2015-11-10 00:00:00+09:00,1500.0,1500.0,1432.5,1482.5,33938,0.0,0.0
2015-11-11 00:00:00+09:00,1450.0,1472.5,1440.0,1462.5,11588,0.0,0.0
2015-11-12 00:00:00+09:00,1470.0,1485.0,1455.0,1462.5,5536,0.0,0.0
2015-11-13 00:00:00+09:00,1477.5,1477.5,1435.0,1440.0,28744,0.0,0.0
2015-11-16 00:00:00+09:00,1420.0,1430.0,1392.5,1395.0,17138,0.0,0.0
2015-11-17 00:00:00+09:00,1425.0,1430.0,1405.0,1417.5,11210,0.0,0.0
2015-11-18 00:00:00+09:00,1405.0,1432.5,1405.0,1417.5,10848,0.0,0.0
2015-11-19 00:00:00+09:00,1427.5,1430.0,1402.5,1417.5,13298,0.0,0.0
2015-11-20 00:00:00+09:00,1417.5,1432.5,1415.0,1432.5,8862,0.0,0.0
2015-11-23 00:00:00+09:00,1432.5,1457.5,1432.5,1452.5,14476,0.0,0.0
2015-11-24 00:00:00+09:00,1462.5,1470.0,1440.0,1455.0,17084,0.0,0.0
2015-11-25 00:00:00+09:00,1460.0,1490.0,1447.5,1490.0,22132,0.0,0.0
2015-11-26 00:00:00+09:00,1495.0,1507.5,1485.0,1507.5,14958,0.0,0.0
2015-11-27 00:00:00+09:00,1507.5,1540.0,1500.0,1522.5,24208,0.0,0.0
2015-11-30 00:00:00+09:00,1550.0,1550.0,1495.0,1497.5,32588,0.0,0.0
2015-12-01 00:00:00+09:00,1535.0,1535.0,1492.5,1517.5,24222,0.0,0.0
2015-12-02 00:00:00+09:00,1500.0,1530.0,1495.0,1502.5,16960,0.0,0.0
2015-12-03 00:00:00+09:00,1500.0,1510.0,1480.0,1497.5,65078,0.0,0.0
2015-12-04 00:00:00+09:00,1502.5,1502.5,1487.5,1495.0,6214,0.0,0.0
2015-12-07 00:00:00+09:00,1522.5,1522.5,1472.5,1472.5,31896,0.0,0.0
2015-12-08 00:00:00+09:00,1472.5,1477.5,1462.5,1465.0,27048,0.0,0.0
2015-12-09 00:00:00+09:00,1482.5,1482.5,1437.5,1440.0,29382,0.0,0.0
2015-12-10 00:00:00+09:00,1450.0,1450.0,1427.5,1435.0,9042,0.0,0.0
2015-12-11 00:00:00+09:00,1452.5,1457.5,1425.0,1442.5,6642,0.0,0.0
2015-12-14 00:00:00+09:00,1452.5,1452.5,1375.0,1397.5,35106,0.0,0.0
2015-12-15 00:00:00+09:00,1402.5,1430.0,1397.5,1400.0,52398,0.0,0.0
2015-12-16 00:00:00+09:00,1430.0,1442.5,1402.5,1430.0,13716,0.0,0.0
2015-12-17 00:00:00+09:00,1432.5,1437.5,1395.0,1395.0,131890,0.0,0.0
2015-12-18 00:00:00+09:00,1390.0,1407.5,1360.0,1380.0,80420,0.0,0.0
2015-12-21 00:00:00+09:00,1375.0,1392.5,1340.0,1342.5,89482,0.0,0.0
2015-12-22 00:00:00+09:00,1350.0,1387.5,1342.5,1365.0,70804,0.0,0.0
2015-12-23 00:00:00+09:00,1352.5,1387.5,1350.0,1355.0,41128,0.0,0.0
2015-12-24 00:00:00+09:00,1367.5,1382.5,1355.0,1380.0,35936,0.0,0.0
2015-12-28 00:00:00+09:00,1382.5,1405.0,1375.0,1380.0,83406,0.0,0.0
2015-12-29 00:00:00+09:00,1365.0,1382.5,1337.5,1382.5,49672,0.0,0.0
2015-12-30 00:00:00+09:00,1387.5,1395.0,1365.0,1395.0,24070,0.0,0.0
2016-01-04 00:00:00+09:00,1397.5,1397.5,1350.0,1355.0,16000,0.0,0.0
2016-01-05 00:00:00+09:00,1347.5,1372.5,1315.0,1370.0,26922,0.0,0.0
2016-01-06 00:00:00+09:00,1372.5,1397.5,1355.0,1387.5,37670,0.0,0.0
2016-01-07 00:00:00+09:00,1395.0,1395.0,1357.5,1367.5,7364,0.0,0.0
2016-01-08 00:00:00+09:00,1347.5,1360.0,1330.0,1360.0,29228,0.0,0.0
2016-01-11 00:00:00+09:00,1332.5,1350.0,1332.5,1345.0,8544,0.0,0.0
2016-01-12 00:00:00+09:00,1345.0,1360.0,1315.0,1325.0,39844,0.0,0.0
2016-01-13 00:00:00+09:00,1310.0,1337.5,1310.0,1337.5,12698,0.0,0.0
2016-01-14 00:00:00+09:00,1322.5,1332.5,1310.0,1327.5,24324,0.0,0.0
2016-01-15 00:00:00+09:00,1327.5,1347.5,1327.5,1345.0,13714,0.0,0.0
2016-01-18 00:00:00+09:00,1360.0,1362.5,1300.0,1312.5,38826,0.0,0.0
2016-01-19 00:00:00+09:00,1327.5,1355.0,1307.5,1327.5,13230,0.0,0.0
2016-01-20 00:00:00+09:00,1327.5,1340.0,1297.5,1307.5,17026,0.0,0.0
2016-01-21 00:00:00+09:00,1322.5,1322.5,1300.0,1315.0,8882,0.0,0.0
2016-01-22 00:00:00+09:00,1315.0,1325.0,1315.0,1325.0,16008,0.0,0.0
2016-01-25 00:00:00+09:00,1330.0,1340.0,1307.5,1340.0,13380,0.0,0.0
2016-01-26 00:00:00+09:00,1335.0,1347.5,1335.0,1347.5,22884,0.0,0.0
2016-01-27 00:00:00+09:00,1330.0,1360.0,1330.0,1345.0,15444,0.0,0.0
2016-01-28 00:00:00+09:00,1352.5,1352.5,1325.0,1325.0,27132,0.0,0.0
2016-01-29 00:00:00+09:00,1337.5,1352.5,1337.5,1352.5,10244,0.0,0.0
2016-02-01 00:00:00+09:00,1355.0,1367.5,1307.5,1357.5,19686,0.0,0.0
2016-02-02 00:00:00+09:00,1365.0,1365.0,1325.0,1325.0,37062,0.0,0.0
2016-02-03 00:00:00+09:00,1337.5,1337.5,1310.0,1315.0,18008,0.0,0.0
2016-02-04 00:00:00+09:00,1320.0,1345.0,1307.5,1340.0,29878,0.0,0.0
2016-02-05 00:00:00+09:00,1345.0,1350.0,1320.0,1335.0,21026,0.0,0.0
2016-02-11 00:00:00+09:00,1335.0,1335.0,1300.0,1322.5,11562,0.0,0.0
2016-02-12 00:00:00+09:00,1260.0,1300.0,1247.5,1260.0,82514,0.0,0.0
2016-02-15 00:00:00+09:00,1277.5,1277.5,1255.0,1277.5,11020,0.0,0.0
2016-02-16 00:00:00+09:00,1280.0,1300.0,1267.5,1300.0,10570,0.0,0.0
2016-02-17 00:00:00+09:00,1280.0,1330.0,1280.0,1295.0,30182,0.0,0.0
2016-02-18 00:00:00+09:00,1320.0,1330.0,1300.0,1327.5,6936,0.0,0.0
2016-02-19 00:00:00+09:00,1327.5,1340.0,1317.5,1330.0,15242,0.0,0.0
2016-02-22 00:00:00+09:00,1305.0,1322.5,1305.0,1317.5,8446,0.0,0.0
2016-02-23 00:00:00+09:00,1350.0,1350.0,1320.0,1327.5,5924,0.0,0.0
2016-02-24 00:00:00+09:00,1340.0,1342.5,1312.5,1325.0,17552,0.0,0.0
2016-02-25 00:00:00+09:00,1347.5,1347.5,1305.0,1330.0,7544,0.0,0.0
2016-02-26 00:00:00+09:00,1350.0,1350.0,1325.0,1335.0,20064,0.0,0.0
2016-02-29 00:00:00+09:00,1350.0,1350.0,1312.5,1340.0,14786,0.0,0.0
2016-03-02 00:00:00+09:00,1355.0,1370.0,1335.0,1365.0,37414,0.0,0.0
2016-03-03 00:00:00+09:00,1367.5,1372.5,1350.0,1367.5,15972,0.0,0.0
2016-03-04 00:00:00+09:00,1385.0,1385.0,1350.0,1370.0,35202,0.0,0.0
2016-03-07 00:00:00+09:00,1390.0,1390.0,1352.5,1352.5,55286,0.0,0.0
2016-03-08 00:00:00+09:00,1352.5,1362.5,1352.5,1362.5,12616,0.0,0.0
2016-03-09 00:00:00+09:00,1365.0,1375.0,1332.5,1367.5,17726,0.0,0.0
2016-03-10 00:00:00+09:00,1370.0,1370.0,1360.0,1367.5,7260,0.0,0.0
2016-03-11 00:00:00+09:00,1370.0,1370.0,1352.5,1367.5,13636,0.0,0.0
2016-03-14 00:00:00+09:00,1375.0,1375.0,1345.0,1360.0,36652,0.0,0.0
2016-03-15 00:00:00+09:00,1347.5,1387.5,1345.0,1345.0,16014,0.0,0.0
2016-03-16 00:00:00+09:00,1345.0,1375.0,1330.0,1362.5,24090,0.0,0.0
2016-03-17 00:00:00+09:00,1330.0,1447.5,1330.0,1415.0,132208,0.0,0.0
2016-03-18 00:00:00+09:00,1437.5,1785.0,1427.5,1465.0,3468458,0.0,0.0
2016-03-21 00:00:00+09:00,1470.0,1475.0,1385.0,1430.0,707230,0.0,0.0
2016-03-22 00:00:00+09:00,1435.0,1455.0,1405.0,1417.5,221022,0.0,0.0
2016-03-23 00:00:00+09:00,1405.0,1430.0,1405.0,1405.0,87796,0.0,0.0
2016-03-24 00:00:00+09:00,1415.0,1415.0,1395.0,1410.0,93084,0.0,0.0
2016-03-25 00:00:00+09:00,1400.0,1427.5,1395.0,1420.0,123306,0.0,0.0
2016-03-28 00:00:00+09:00,1420.0,1472.5,1420.0,1442.5,140964,0.0,0.0
2016-03-29 00:00:00+09:00,1455.0,1540.0,1440.0,1500.0,213984,0.0,0.0
2016-03-30 00:00:00+09:00,1497.5,1522.5,1480.0,1480.0,76596,0.0,0.0
2016-03-31 00:00:00+09:00,1480.0,1500.0,1475.0,1495.0,60440,0.0,0.0
2016-04-01 00:00:00+09:00,1497.5,1515.0,1485.0,1497.5,86704,0.0,0.0
2016-04-04 00:00:00+09:00,1500.0,1525.0,1485.0,1500.0,130286,0.0,0.0
2016-04-05 00:00:00+09:00,1500.0,1500.0,1477.5,1485.0,46724,0.0,0.0
2016-04-06 00:00:00+09:00,1470.0,1510.0,1470.0,1510.0,72838,0.0,0.0
2016-04-07 00:00:00+09:00,1510.0,1572.5,1502.5,1535.0,78460,0.0,0.0
2016-04-08 00:00:00+09:00,1535.0,1535.0,1485.0,1520.0,31448,0.0,0.0
2016-04-11 00:00:00+09:00,1520.0,1542.5,1495.0,1505.0,49584,0.0,0.0
2016-04-12 00:00:00+09:00,1510.0,1510.0,1490.0,1507.5,29188,0.0,0.0
2016-04-14 00:00:00+09:00,1492.5,1572.5,1450.0,1522.5,50828,0.0,0.0
2016-04-15 00:00:00+09:00,1500.0,1530.0,1500.0,1530.0,21858,0.0,0.0
2016-04-18 00:00:00+09:00,1525.0,1540.0,1497.5,1510.0,42038,0.0,0.0
2016-04-19 00:00:00+09:00,1510.0,1530.0,1500.0,1500.0,41130,0.0,0.0
2016-04-20 00:00:00+09:00,1500.0,1525.0,1500.0,1510.0,39414,0.0,0.0
2016-04-21 00:00:00+09:00,1515.0,1535.0,1497.5,1527.5,52874,0.0,0.0
2016-04-22 00:00:00+09:00,1547.5,1557.5,1517.5,1530.0,25936,0.0,0.0
2016-04-25 00:00:00+09:00,1545.0,1545.0,1495.0,1517.5,83102,0.0,0.0
2016-04-26 00:00:00+09:00,1505.0,1530.0,1480.0,1505.0,63070,0.0,0.0
2016-04-27 00:00:00+09:00,1505.0,1545.0,1500.0,1530.0,35524,0.0,0.0
2016-04-28 00:00:00+09:00,1540.0,1550.0,1527.5,1550.0,77506,0.0,0.0
2016-04-29 00:00:00+09:00,1565.0,1567.5,1537.5,1550.0,48348,0.0,0.0
2016-05-02 00:00:00+09:00,1567.5,1567.5,1515.0,1532.5,58334,0.0,0.0
2016-05-03 00:00:00+09:00,1557.5,1560.0,1515.0,1540.0,24694,0.0,0.0
2016-05-04 00:00:00+09:00,1540.0,1547.5,1520.0,1532.5,22976,0.0,0.0
2016-05-09 00:00:00+09:00,1517.5,1530.0,1495.0,1510.0,51984,0.0,0.0
2016-05-10 00:00:00+09:00,1500.0,1540.0,1490.0,1510.0,24178,0.0,0.0
2016-05-11 00:00:00+09:00,1497.5,1537.5,1497.5,1520.0,10578,0.0,0.0
2016-05-12 00:00:00+09:00,1520.0,1520.0,1500.0,1520.0,21726,0.0,0.0
2016-05-13 00:00:00+09:00,1510.0,1550.0,1510.0,1545.0,41960,0.0,0.0
2016-05-16 00:00:00+09:00,1545.0,1565.0,1535.0,1552.5,63822,0.0,0.0
2016-05-17 00:00:00+09:00,1555.0,1555.0,1505.0,1512.5,45014,0.0,0.0
2016-05-18 00:00:00+09:00,1510.0,1537.5,1492.5,1507.5,38920,0.0,0.0
2016-05-19 00:00:00+09:00,1510.0,1520.0,1477.5,1485.0,31450,0.0,0.0
2016-05-20 00:00:00+09:00,1470.0,1505.0,1455.0,1467.5,18724,0.0,0.0
2016-05-23 00:00:00+09:00,1470.0,1490.0,1450.0,1477.5,5918,0.0,0.0
2016-05-24 00:00:00+09:00,1480.0,1490.0,1440.0,1440.0,18724,0.0,0.0
2016-05-25 00:00:00+09:00,1472.5,1502.5,1445.0,1495.0,68548,0.0,0.0
2016-05-26 00:00:00+09:00,1475.0,1502.5,1475.0,1492.5,19768,0.0,0.0
2016-05-27 00:00:00+09:00,1492.5,1497.5,1467.5,1492.5,23138,0.0,0.0
2016-05-30 00:00:00+09:00,1492.5,1492.5,1457.5,1472.5,34008,0.0,0.0
2016-05-31 00:00:00+09:00,1487.5,1487.5,1430.0,1475.0,37710,0.0,0.0
2016-06-01 00:00:00+09:00,1457.5,1465.0,1440.0,1450.0,27088,0.0,0.0
2016-06-02 00:00:00+09:00,1460.0,1460.0,1422.5,1432.5,25462,0.0,0.0
2016-06-03 00:00:00+09:00,1432.5,1460.0,1410.0,1452.5,7666,0.0,0.0
2016-06-07 00:00:00+09:00,1472.5,1475.0,1427.5,1460.0,11806,0.0,0.0
2016-06-08 00:00:00+09:00,1460.0,1460.0,1437.5,1445.0,10412,0.0,0.0
2016-06-09 00:00:00+09:00,1445.0,1452.5,1412.5,1412.5,68384,0.0,0.0
2016-06-10 00:00:00+09:00,1360.0,1420.0,1335.0,1390.0,55898,0.0,0.0
2016-06-13 00:00:00+09:00,1365.0,1412.5,1365.0,1390.0,16490,0.0,0.0
2016-06-14 00:00:00+09:00,1365.0,1392.5,1365.0,1385.0,19734,0.0,0.0
2016-06-15 00:00:00+09:00,1372.5,1440.0,1372.5,1400.0,59590,0.0,0.0
2016-06-16 00:00:00+09:00,1367.5,1420.0,1367.5,1405.0,18902,0.0,0.0
2016-06-17 00:00:00+09:00,1415.0,1415.0,1397.5,1400.0,8654,0.0,0.0
2016-06-20 00:00:00+09:00,1400.0,1425.0,1382.5,1425.0,25986,0.0,0.0
2016-06-21 00:00:00+09:00,1440.0,1450.0,1400.0,1405.0,17006,0.0,0.0
2016-06-22 00:00:00+09:00,1415.0,1425.0,1400.0,1422.5,41886,0.0,0.0
2016-06-23 00:00:00+09:00,1430.0,1430.0,1377.5,1410.0,18204,0.0,0.0
2016-06-24 00:00:00+09:00,1425.0,1430.0,1305.0,1355.0,78540,0.0,0.0
2016-06-27 00:00:00+09:00,1312.5,1365.0,1312.5,1365.0,11930,0.0,0.0
2016-06-28 00:00:00+09:00,1335.0,1375.0,1335.0,1375.0,9166,0.0,0.0
2016-06-29 00:00:00+09:00,1380.0,1405.0,1357.5,1390.0,7374,0.0,0.0
2016-06-30 00:00:00+09:00,1407.5,1415.0,1390.0,1407.5,18032,0.0,0.0
2016-07-01 00:00:00+09:00,1425.0,1425.0,1390.0,1412.5,20966,0.0,0.0
2016-07-04 00:00:00+09:00,1402.5,1440.0,1397.5,1425.0,36256,0.0,0.0
2016-07-05 00:00:00+09:00,1442.5,1457.5,1417.5,1450.0,55876,0.0,0.0
2016-07-06 00:00:00+09:00,1450.0,1465.0,1422.5,1442.5,28036,0.0,0.0
2016-07-07 00:00:00+09:00,1445.0,1445.0,1415.0,1440.0,13936,0.0,0.0
2016-07-08 00:00:00+09:00,1440.0,1442.5,1422.5,1437.5,13824,0.0,0.0
2016-07-11 00:00:00+09:00,1437.5,1450.0,1432.5,1445.0,16052,0.0,0.0
2016-07-12 00:00:00+09:00,1447.5,1447.5,1425.0,1437.5,7242,0.0,0.0
2016-07-13 00:00:00+09:00,1440.0,1472.5,1440.0,1470.0,32036,0.0,0.0
2016-07-14 00:00:00+09:00,1475.0,1492.5,1467.5,1475.0,21550,0.0,0.0
2016-07-15 00:00:00+09:00,1487.5,1487.5,1460.0,1477.5,16172,0.0,0.0
2016-07-18 00:00:00+09:00,1462.5,1490.0,1460.0,1485.0,24670,0.0,0.0
2016-07-19 00:00:00+09:00,1495.0,1495.0,1480.0,1487.5,30026,0.0,0.0
2016-07-20 00:00:00+09:00,1490.0,1490.0,1470.0,1485.0,15388,0.0,0.0
2016-07-21 00:00:00+09:00,1487.5,1487.5,1470.0,1472.5,16150,0.0,0.0
2016-07-22 00:00:00+09:00,1482.5,1492.5,1445.0,1485.0,19286,0.0,0.0
2016-07-25 00:00:00+09:00,1490.0,1490.0,1430.0,1450.0,119598,0.0,0.0
2016-07-26 00:00:00+09:00,1470.0,1470.0,1440.0,1465.0,23740,0.0,0.0
2016-07-27 00:00:00+09:00,1465.0,1500.0,1452.5,1485.0,28352,0.0,0.0
2016-07-28 00:00:00+09:00,1495.0,1495.0,1480.0,1485.0,12674,0.0,0.0
2016-07-29 00:00:00+09:00,1492.5,1500.0,1475.0,1495.0,52650,0.0,0.0
2016-08-01 00:00:00+09:00,1547.5,1547.5,1480.0,1490.0,50494,0.0,0.0
2016-08-02 00:00:00+09:00,1490.0,1492.5,1470.0,1490.0,86468,0.0,0.0
2016-08-03 00:00:00+09:00,1490.0,1490.0,1475.0,1482.5,9166,0.0,0.0
2016-08-04 00:00:00+09:00,1480.0,1500.0,1480.0,1500.0,38292,0.0,0.0
2016-08-05 00:00:00+09:00,1500.0,1512.5,1485.0,1497.5,33660,0.0,0.0
2016-08-08 00:00:00+09:00,1497.5,1500.0,1477.5,1492.5,37678,0.0,0.0
2016-08-09 00:00:00+09:00,1465.0,1940.0,1465.0,1747.5,2916358,0.0,0.0
2016-08-10 00:00:00+09:00,1755.0,2135.0,1630.0,1692.5,6725276,0.0,0.0
2016-08-11 00:00:00+09:00,1677.5,1687.5,1597.5,1660.0,1034396,0.0,0.0
2016-08-12 00:00:00+09:00,1652.5,1740.0,1625.0,1730.0,815550,0.0,0.0
2016-08-16 00:00:00+09:00,1732.5,1915.0,1685.0,1717.5,1951422,0.0,0.0
2016-08-17 00:00:00+09:00,1765.0,1765.0,1680.0,1730.0,335752,0.0,0.0
2016-08-18 00:00:00+09:00,1732.5,1757.5,1675.0,1702.5,216194,0.0,0.0
2016-08-19 00:00:00+09:00,1710.0,1710.0,1645.0,1677.5,262290,0.0,0.0
2016-08-22 00:00:00+09:00,1685.0,1695.0,1575.0,1615.0,310852,0.0,0.0
2016-08-23 00:00:00+09:00,1615.0,1625.0,1590.0,1620.0,141628,0.0,0.0
2016-08-24 00:00:00+09:00,1635.0,1665.0,1612.5,1665.0,174144,0.0,0.0
2016-08-25 00:00:00+09:00,1652.5,1680.0,1597.5,1655.0,131164,0.0,0.0
2016-08-26 00:00:00+09:00,1635.0,1657.5,1612.5,1612.5,133836,0.0,0.0
2016-08-29 00:00:00+09:00,1612.5,1627.5,1555.0,1562.5,121556,0.0,0.0
2016-08-30 00:00:00+09:00,1582.5,1582.5,1500.0,1525.0,201774,0.0,0.0
2016-08-31 00:00:00+09:00,1525.0,1545.0,1492.5,1515.0,189382,0.0,0.0
2016-09-01 00:00:00+09:00,1502.5,1535.0,1495.0,1520.0,89834,0.0,0.0
2016-09-02 00:00:00+09:00,1520.0,1547.5,1520.0,1547.5,81028,0.0,0.0
2016-09-05 00:00:00+09:00,1547.5,1590.0,1547.5,1587.5,71080,0.0,0.0
2016-09-06 00:00:00+09:00,1587.5,1597.5,1562.5,1580.0,103402,0.0,0.0
2016-09-07 00:00:00+09:00,1582.5,1590.0,1555.0,1580.0,103938,0.0,0.0
2016-09-08 00:00:00+09:00,1582.5,1585.0,1542.5,1567.5,94360,0.0,0.0
2016-09-09 00:00:00+09:00,1550.0,1585.0,1520.0,1565.0,151032,0.0,0.0
2016-09-12 00:00:00+09:00,1562.5,1720.0,1560.0,1700.0,1255304,0.0,0.0
2016-09-13 00:00:00+09:00,1730.0,1730.0,1635.0,1667.5,459338,0.0,0.0
2016-09-19 00:00:00+09:00,1675.0,1687.5,1635.0,1672.5,306200,0.0,0.0
2016-09-20 00:00:00+09:00,1655.0,1815.0,1637.5,1815.0,1094644,0.0,0.0
2016-09-21 00:00:00+09:00,1907.5,1985.0,1740.0,1742.5,1572786,0.0,0.0
2016-09-22 00:00:00+09:00,1745.0,1800.0,1700.0,1712.5,374926,0.0,0.0
2016-09-23 00:00:00+09:00,1750.0,1817.5,1730.0,1775.0,352296,0.0,0.0
2016-09-26 00:00:00+09:00,1795.0,1972.5,1775.0,1887.5,880604,0.0,0.0
2016-09-27 00:00:00+09:00,1900.0,1990.0,1780.0,1875.0,620784,0.0,0.0
2016-09-28 00:00:00+09:00,1840.0,1937.5,1812.5,1855.0,613908,0.0,0.0
2016-09-29 00:00:00+09:00,1857.5,2040.0,1857.5,1910.0,853972,0.0,0.0
2016-09-30 00:00:00+09:00,1940.0,2065.0,1890.0,1977.5,1384406,0.0,0.0
2016-10-04 00:00:00+09:00,2040.0,2210.0,2032.5,2110.0,1197964,0.0,0.0
2016-10-05 00:00:00+09:00,2085.0,2097.5,2017.5,2065.0,429058,0.0,0.0
2016-10-06 00:00:00+09:00,2105.0,2205.0,2060.0,2177.5,739878,0.0,0.0
2016-10-07 00:00:00+09:00,2180.0,2180.0,2047.5,2050.0,416110,0.0,0.0
2016-10-10 00:00:00+09:00,1975.0,2032.5,1855.0,1937.5,604418,0.0,0.0
2016-10-11 00:00:00+09:00,1965.0,1992.5,1835.0,1905.0,470034,0.0,0.0
2016-10-12 00:00:00+09:00,1875.0,2035.0,1875.0,1940.0,373660,0.0,0.0
2016-10-13 00:00:00+09:00,1947.5,1947.5,1777.5,1777.5,311036,0.0,0.0
2016-10-14 00:00:00+09:00,1775.0,1957.5,1700.0,1945.0,678502,0.0,0.0
2016-10-17 00:00:00+09:00,1975.0,2095.0,1967.5,2050.0,704000,0.0,0.0
2016-10-18 00:00:00+09:00,2062.5,2120.0,2000.0,2085.0,282810,0.0,0.0
2016-10-19 00:00:00+09:00,2085.0,2107.5,1925.0,1940.0,515288,0.0,0.0
2016-10-20 00:00:00+09:00,1952.5,1967.5,1825.0,1885.0,422538,0.0,0.0
2016-10-21 00:00:00+09:00,1825.0,1925.0,1825.0,1892.5,158288,0.0,0.0
2016-10-24 00:00:00+09:00,1892.5,2092.5,1827.5,1972.5,941180,0.0,0.0
2016-10-25 00:00:00+09:00,1935.0,1937.5,1870.0,1870.0,371546,0.0,0.0
2016-10-26 00:00:00+09:00,1825.0,1845.0,1785.0,1837.5,447578,0.0,0.0
2016-10-27 00:00:00+09:00,1837.5,1880.0,1800.0,1807.5,277724,0.0,0.0
2016-10-28 00:00:00+09:00,1792.5,1925.0,1780.0,1890.0,277722,0.0,0.0
2016-10-31 00:00:00+09:00,1890.0,1890.0,1750.0,1767.5,145338,0.0,0.0
2016-11-01 00:00:00+09:00,1755.0,1787.5,1710.0,1777.5,209674,0.0,0.0
2016-11-02 00:00:00+09:00,1770.0,1797.5,1637.5,1647.5,329190,0.0,0.0
2016-11-03 00:00:00+09:00,1620.0,1720.0,1620.0,1692.5,89268,0.0,0.0
2016-11-04 00:00:00+09:00,1700.0,1765.0,1660.0,1765.0,51028,0.0,0.0
2016-11-07 00:00:00+09:00,1765.0,1790.0,1725.0,1725.0,70908,0.0,0.0
2016-11-08 00:00:00+09:00,1690.0,1827.5,1690.0,1777.5,177680,0.0,0.0
2016-11-09 00:00:00+09:00,1750.0,1807.5,1550.0,1647.5,467388,0.0,0.0
2016-11-10 00:00:00+09:00,1690.0,1825.0,1690.0,1735.0,87198,0.0,0.0
2016-11-11 00:00:00+09:00,1732.5,1780.0,1715.0,1770.0,55574,0.0,0.0
2016-11-14 00:00:00+09:00,1750.0,1775.0,1715.0,1770.0,68774,0.0,0.0
2016-11-15 00:00:00+09:00,1757.5,1810.0,1755.0,1787.5,84452,0.0,0.0
2016-11-16 00:00:00+09:00,1790.0,1850.0,1777.5,1822.5,69848,0.0,0.0
2016-11-17 00:00:00+09:00,1822.5,1857.5,1787.5,1832.5,140772,0.0,0.0
2016-11-18 00:00:00+09:00,1867.5,1867.5,1800.0,1815.0,42298,0.0,0.0
2016-11-21 00:00:00+09:00,1857.5,1857.5,1777.5,1782.5,32990,0.0,0.0
2016-11-22 00:00:00+09:00,1842.5,1842.5,1750.0,1807.5,58256,0.0,0.0
2016-11-23 00:00:00+09:00,1807.5,1842.5,1710.0,1715.0,106712,0.0,0.0
2016-11-24 00:00:00+09:00,1760.0,1760.0,1672.5,1692.5,37978,0.0,0.0
2016-11-25 00:00:00+09:00,1735.0,1767.5,1677.5,1717.5,37592,0.0,0.0
2016-11-28 00:00:00+09:00,1750.0,1770.0,1710.0,1710.0,72104,0.0,0.0
2016-11-29 00:00:00+09:00,1717.5,1762.5,1670.0,1750.0,97054,0.0,0.0
2016-11-30 00:00:00+09:00,1757.5,1772.5,1707.5,1707.5,47012,0.0,0.0
2016-12-01 00:00:00+09:00,1747.5,1747.5,1675.0,1677.5,43556,0.0,0.0
2016-12-02 00:00:00+09:00,1677.5,1737.5,1650.0,1700.0,93352,0.0,0.0
2016-12-05 00:00:00+09:00,1675.0,1692.5,1635.0,1650.0,59818,0.0,0.0
2016-12-06 00:00:00+09:00,1627.5,1745.0,1627.5,1715.0,46156,0.0,0.0
2016-12-07 00:00:00+09:00,1715.0,1775.0,1715.0,1737.5,61332,0.0,0.0
2016-12-08 00:00:00+09:00,1777.5,1777.5,1737.5,1760.0,87988,0.0,0.0
2016-12-09 00:00:00+09:00,1762.5,1792.5,1755.0,1770.0,47804,0.0,0.0
2016-12-12 00:00:00+09:00,1757.5,1810.0,1757.5,1810.0,46158,0.0,0.0
2016-12-13 00:00:00+09:00,1800.0,1842.5,1797.5,1830.0,48062,0.0,0.0
2016-12-14 00:00:00+09:00,1825.0,1847.5,1800.0,1840.0,21350,0.0,0.0
2016-12-15 00:00:00+09:00,1820.0,1847.5,1785.0,1825.0,32328,0.0,0.0
2016-12-16 00:00:00+09:00,1850.0,1850.0,1757.5,1810.0,28398,0.0,0.0
2016-12-19 00:00:00+09:00,1810.0,1810.0,1785.0,1790.0,28858,0.0,0.0
2016-12-20 00:00:00+09:00,1790.0,1802.5,1772.5,1785.0,31004,0.0,0.0
2016-12-21 00:00:00+09:00,1770.0,1820.0,1770.0,1795.0,12484,0.0,0.0
2016-12-22 00:00:00+09:00,1815.0,1815.0,1772.5,1795.0,43116,0.0,0.0
2016-12-23 00:00:00+09:00,1795.0,1805.0,1775.0,1795.0,25476,0.0,0.0
2016-12-26 00:00:00+09:00,1767.5,1817.5,1755.0,1795.0,63448,0.0,0.0
2016-12-27 00:00:00+09:00,1772.5,1810.0,1772.5,1795.0,35752,0.0,0.0
2016-12-28 00:00:00+09:00,1817.5,1825.0,1795.0,1805.0,35730,0.0,0.0
2016-12-29 00:00:00+09:00,1805.0,1852.5,1785.0,1842.5,68614,0.0,0.0
2017-01-02 00:00:00+09:00,1862.5,2000.0,1862.5,1950.0,177350,0.0,0.0
2017-01-03 00:00:00+09:00,1950.0,1960.0,1880.0,1925.0,104066,0.0,0.0
2017-01-04 00:00:00+09:00,1925.0,1960.0,1907.5,1922.5,27870,0.0,0.0
2017-01-05 00:00:00+09:00,1902.5,1940.0,1902.5,1915.0,46870,0.0,0.0
2017-01-06 00:00:00+09:00,1915.0,1932.5,1850.0,1862.5,43092,0.0,0.0
2017-01-09 00:00:00+09:00,1865.0,1897.5,1862.5,1885.0,38544,0.0,0.0
2017-01-10 00:00:00+09:00,1885.0,1885.0,1840.0,1882.5,34040,0.0,0.0
2017-01-11 00:00:00+09:00,1905.0,1905.0,1845.0,1845.0,30740,0.0,0.0
2017-01-12 00:00:00+09:00,1885.0,1885.0,1807.5,1810.0,49822,0.0,0.0
2017-01-13 00:00:00+09:00,1815.0,1857.5,1795.0,1837.5,42460,0.0,0.0
2017-01-16 00:00:00+09:00,1837.5,1860.0,1820.0,1825.0,67296,0.0,0.0
2017-01-17 00:00:00+09:00,1800.0,1842.5,1800.0,1812.5,63588,0.0,0.0
2017-01-18 00:00:00+09:00,1790.0,1825.0,1790.0,1820.0,28560,0.0,0.0
2017-01-19 00:00:00+09:00,1800.0,1835.0,1797.5,1820.0,12880,0.0,0.0
2017-01-20 00:00:00+09:00,1800.0,1825.0,1777.5,1807.5,15794,0.0,0.0
2017-01-23 00:00:00+09:00,1825.0,1825.0,1752.5,1815.0,38566,0.0,0.0
2017-01-24 00:00:00+09:00,1800.0,1827.5,1740.0,1745.0,97080,0.0,0.0
2017-01-25 00:00:00+09:00,1740.0,1747.5,1695.0,1717.5,41054,0.0,0.0
2017-01-26 00:00:00+09:00,1750.0,1770.0,1712.5,1770.0,18912,0.0,0.0
2017-01-31 00:00:00+09:00,1782.5,1895.0,1765.0,1885.0,198604,0.0,0.0
2017-02-01 00:00:00+09:00,1905.0,1905.0,1825.0,1850.0,55682,0.0,0.0
2017-02-02 00:00:00+09:00,1895.0,1992.5,1810.0,1932.5,444810,0.0,0.0
2017-02-03 00:00:00+09:00,2000.0,2125.0,1875.0,1942.5,455562,0.0,0.0
2017-02-06 00:00:00+09:00,2010.0,2100.0,1940.0,2035.0,597694,0.0,0.0
2017-02-07 00:00:00+09:00,2015.0,2030.0,1910.0,1975.0,181828,0.0,0.0
2017-02-08 00:00:00+09:00,1952.5,1965.0,1877.5,1905.0,102852,0.0,0.0
2017-02-09 00:00:00+09:00,1905.0,1940.0,1865.0,1922.5,120770,0.0,0.0
2017-02-10 00:00:00+09:00,1945.0,2115.0,1857.5,2040.0,1140732,0.0,0.0
2017-02-13 00:00:00+09:00,2025.0,2440.0,2022.5,2250.0,5837106,0.0,0.0
2017-02-14 00:00:00+09:00,2335.0,2565.0,2192.5,2242.5,4776550,0.0,0.0
2017-02-15 00:00:00+09:00,2242.5,2397.5,2197.5,2355.0,1750392,0.0,0.0
2017-02-16 00:00:00+09:00,2402.5,2407.5,2292.5,2305.0,1576432,0.0,0.0
2017-02-17 00:00:00+09:00,2247.5,2247.5,2075.0,2152.5,1886770,0.0,0.0
2017-02-20 00:00:00+09:00,2172.5,2180.0,2027.5,2042.5,950158,0.0,0.0
2017-02-21 00:00:00+09:00,2052.5,2072.5,1995.0,2045.0,642002,0.0,0.0
2017-02-22 00:00:00+09:00,2067.5,2075.0,1985.0,1985.0,518416,0.0,0.0
2017-02-23 00:00:00+09:00,1972.5,1977.5,1892.5,1937.5,805746,0.0,0.0
2017-02-24 00:00:00+09:00,1922.5,1927.5,1885.0,1917.5,397598,0.0,0.0
2017-02-27 00:00:00+09:00,1917.5,1935.0,1862.5,1897.5,173456,0.0,0.0
2017-02-28 00:00:00+09:00,1922.5,1922.5,1875.0,1900.0,173936,0.0,0.0
2017-03-02 00:00:00+09:00,1905.0,1920.0,1835.0,1837.5,316666,0.0,0.0
2017-03-03 00:00:00+09:00,1830.0,1840.0,1767.5,1815.0,305476,0.0,0.0
2017-03-06 00:00:00+09:00,1825.0,1897.5,1795.0,1865.0,311718,0.0,0.0
2017-03-07 00:00:00+09:00,1865.0,1900.0,1850.0,1887.5,186416,0.0,0.0
2017-03-08 00:00:00+09:00,1890.0,1892.5,1805.0,1860.0,225050,0.0,0.0
2017-03-09 00:00:00+09:00,1860.0,1882.5,1830.0,1850.0,168572,0.0,0.0
2017-03-10 00:00:00+09:00,1830.0,1922.5,1750.0,1890.0,553590,0.0,0.0
2017-03-13 00:00:00+09:00,1922.5,1927.5,1872.5,1897.5,260520,0.0,0.0
2017-03-14 00:00:00+09:00,1890.0,1915.0,1845.0,1852.5,168130,0.0,0.0
2017-03-15 00:00:00+09:00,1852.5,1927.5,1835.0,1860.0,275278,0.0,0.0
2017-03-16 00:00:00+09:00,1887.5,1907.5,1860.0,1885.0,152564,0.0,0.0
2017-03-17 00:00:00+09:00,1885.0,1920.0,1877.5,1882.5,113256,0.0,0.0
2017-03-20 00:00:00+09:00,1882.5,1895.0,1830.0,1835.0,69348,0.0,0.0
2017-03-21 00:00:00+09:00,1835.0,1860.0,1800.0,1820.0,112718,0.0,0.0
2017-03-22 00:00:00+09:00,1797.5,1820.0,1760.0,1760.0,132590,0.0,0.0
2017-03-23 00:00:00+09:00,1770.0,1790.0,1682.5,1695.0,224118,0.0,0.0
2017-03-24 00:00:00+09:00,1687.5,1730.0,1680.0,1722.5,121924,0.0,0.0
2017-03-27 00:00:00+09:00,1722.5,1730.0,1700.0,1720.0,124224,0.0,0.0
2017-03-28 00:00:00+09:00,1705.0,1727.5,1692.5,1727.5,122186,0.0,0.0
2017-03-29 00:00:00+09:00,1737.5,1740.0,1700.0,1712.5,115510,0.0,0.0
2017-03-30 00:00:00+09:00,1712.5,1712.5,1692.5,1697.5,108660,0.0,0.0
2017-03-31 00:00:00+09:00,1697.5,1740.0,1690.0,1725.0,126260,0.0,0.0
2017-04-03 00:00:00+09:00,1727.5,1747.5,1712.5,1722.5,65284,0.0,0.0
2017-04-04 00:00:00+09:00,1765.0,1765.0,1692.5,1720.0,212954,0.0,0.0
2017-04-05 00:00:00+09:00,1750.0,1750.0,1700.0,1722.5,93824,0.0,0.0
2017-04-06 00:00:00+09:00,1740.0,1740.0,1700.0,1720.0,46320,0.0,0.0
2017-04-07 00:00:00+09:00,1722.5,1735.0,1702.5,1725.0,107984,0.0,0.0
2017-04-10 00:00:00+09:00,1727.5,1747.5,1675.0,1715.0,227406,0.0,0.0
2017-04-11 00:00:00+09:00,1720.0,1720.0,1677.5,1690.0,105048,0.0,0.0
2017-04-12 00:00:00+09:00,1687.5,1712.5,1687.5,1690.0,60684,0.0,0.0
2017-04-13 00:00:00+09:00,1665.0,1707.5,1665.0,1692.5,64722,0.0,0.0
2017-04-14 00:00:00+09:00,1692.5,1712.5,1677.5,1692.5,74052,0.0,0.0
2017-04-17 00:00:00+09:00,1677.5,1702.5,1675.0,1700.0,50158,0.0,0.0
2017-04-18 00:00:00+09:00,1700.0,1720.0,1685.0,1707.5,30708,0.0,0.0
2017-04-19 00:00:00+09:00,1717.5,1717.5,1687.5,1697.5,68768,0.0,0.0
2017-04-20 00:00:00+09:00,1707.5,1707.5,1685.0,1692.5,60884,0.0,0.0
2017-04-21 00:00:00+09:00,1707.5,1725.0,1700.0,1712.5,86928,0.0,0.0
2017-04-24 00:00:00+09:00,1725.0,1725.0,1707.5,1715.0,42072,0.0,0.0
2017-04-25 00:00:00+09:00,1705.0,1762.5,1702.5,1752.5,91360,0.0,0.0
2017-04-26 00:00:00+09:00,1737.5,1762.5,1735.0,1757.5,35628,0.0,0.0
2017-04-27 00:00:00+09:00,1757.5,1757.5,1730.0,1742.5,58896,0.0,0.0
2017-04-28 00:00:00+09:00,1742.5,1757.5,1727.5,1727.5,49206,0.0,0.0
2017-05-02 00:00:00+09:00,1745.0,1745.0,1717.5,1722.5,45008,0.0,0.0
2017-05-04 00:00:00+09:00,1720.0,1737.5,1720.0,1732.5,24528,0.0,0.0
2017-05-08 00:00:00+09:00,1730.0,1745.0,1725.0,1742.5,42662,0.0,0.0
2017-05-10 00:00:00+09:00,1742.5,1747.5,1730.0,1745.0,33726,0.0,0.0
2017-05-11 00:00:00+09:00,1745.0,1760.0,1737.5,1757.5,46586,0.0,0.0
2017-05-12 00:00:00+09:00,1757.5,1760.0,1740.0,1755.0,51692,0.0,0.0
2017-05-15 00:00:00+09:00,1767.5,1767.5,1715.0,1727.5,94306,0.0,0.0
2017-05-16 00:00:00+09:00,1712.5,1787.5,1712.5,1740.0,224642,0.0,0.0
2017-05-17 00:00:00+09:00,1755.0,1810.0,1735.0,1810.0,138750,0.0,0.0
2017-05-18 00:00:00+09:00,1782.5,1842.5,1770.0,1825.0,137092,0.0,0.0
2017-05-19 00:00:00+09:00,1837.5,1877.5,1825.0,1857.5,163502,0.0,0.0
2017-05-22 00:00:00+09:00,1875.0,1890.0,1840.0,1850.0,74622,0.0,0.0
2017-05-23 00:00:00+09:00,1850.0,1860.0,1827.5,1860.0,57118,0.0,0.0
2017-05-24 00:00:00+09:00,1855.0,1867.5,1810.0,1817.5,56814,0.0,0.0
2017-05-25 00:00:00+09:00,1832.5,1845.0,1812.5,1820.0,32758,0.0,0.0
2017-05-26 00:00:00+09:00,1820.0,1825.0,1782.5,1815.0,36220,0.0,0.0
2017-05-29 00:00:00+09:00,1815.0,1942.5,1815.0,1872.5,495828,0.0,0.0
2017-05-30 00:00:00+09:00,1877.5,1905.0,1857.5,1865.0,137370,0.0,0.0
2017-05-31 00:00:00+09:00,1865.0,1892.5,1855.0,1875.0,47404,0.0,0.0
2017-06-01 00:00:00+09:00,1875.0,1940.0,1875.0,1917.5,208852,0.0,0.0
2017-06-02 00:00:00+09:00,1917.5,1917.5,1880.0,1885.0,81770,0.0,0.0
2017-06-05 00:00:00+09:00,1885.0,1900.0,1850.0,1890.0,55638,0.0,0.0
2017-06-07 00:00:00+09:00,1890.0,1895.0,1857.5,1880.0,61148,0.0,0.0
2017-06-08 00:00:00+09:00,1865.0,1865.0,1825.0,1825.0,86468,0.0,0.0
2017-06-09 00:00:00+09:00,1845.0,1850.0,1807.5,1840.0,45066,0.0,0.0
2017-06-12 00:00:00+09:00,1847.5,1865.0,1820.0,1847.5,40580,0.0,0.0
2017-06-13 00:00:00+09:00,1835.0,1865.0,1810.0,1817.5,59892,0.0,0.0
2017-06-14 00:00:00+09:00,1840.0,1847.5,1777.5,1817.5,99492,0.0,0.0
2017-06-15 00:00:00+09:00,1822.5,1850.0,1802.5,1835.0,92764,0.0,0.0
2017-06-16 00:00:00+09:00,1855.0,1855.0,1830.0,1845.0,38296,0.0,0.0
2017-06-19 00:00:00+09:00,1850.0,1860.0,1807.5,1810.0,44472,0.0,0.0
2017-06-20 00:00:00+09:00,1815.0,1825.0,1780.0,1800.0,22648,0.0,0.0
2017-06-21 00:00:00+09:00,1787.5,1810.0,1775.0,1782.5,68494,0.0,0.0
2017-06-22 00:00:00+09:00,1782.5,1820.0,1772.5,1820.0,48854,0.0,0.0
2017-06-23 00:00:00+09:00,1835.0,1860.0,1797.5,1857.5,86154,0.0,0.0
2017-06-26 00:00:00+09:00,1857.5,1865.0,1830.0,1847.5,21716,0.0,0.0
2017-06-27 00:00:00+09:00,1870.0,1870.0,1845.0,1857.5,56558,0.0,0.0
2017-06-28 00:00:00+09:00,1857.5,1865.0,1810.0,1830.0,55636,0.0,0.0
2017-06-29 00:00:00+09:00,1847.5,1857.5,1817.5,1837.5,37364,0.0,0.0
2017-06-30 00:00:00+09:00,1825.0,1840.0,1800.0,1805.0,42414,0.0,0.0
2017-07-03 00:00:00+09:00,1807.5,1825.0,1785.0,1792.5,35560,0.0,0.0
2017-07-04 00:00:00+09:00,1795.0,1822.5,1780.0,1800.0,32042,0.0,0.0
2017-07-05 00:00:00+09:00,1800.0,1815.0,1782.5,1805.0,15744,0.0,0.0
2017-07-06 00:00:00+09:00,1805.0,1817.5,1782.5,1787.5,76526,0.0,0.0
2017-07-07 00:00:00+09:00,1777.5,1832.5,1777.5,1815.0,39146,0.0,0.0
2017-07-10 00:00:00+09:00,1825.0,1875.0,1795.0,1845.0,64402,0.0,0.0
2017-07-11 00:00:00+09:00,1845.0,1872.5,1840.0,1850.0,39588,0.0,0.0
2017-07-12 00:00:00+09:00,1867.5,1867.5,1790.0,1800.0,46708,0.0,0.0
2017-07-13 00:00:00+09:00,1795.0,1817.5,1730.0,1737.5,281120,0.0,0.0
2017-07-14 00:00:00+09:00,1737.5,1752.5,1700.0,1710.0,60848,0.0,0.0
2017-07-17 00:00:00+09:00,1702.5,1717.5,1695.0,1715.0,14290,0.0,0.0
2017-07-18 00:00:00+09:00,1715.0,1720.0,1697.5,1700.0,24660,0.0,0.0
2017-07-19 00:00:00+09:00,1715.0,1715.0,1690.0,1700.0,54302,0.0,0.0
2017-07-20 00:00:00+09:00,1695.0,1722.5,1695.0,1710.0,36734,0.0,0.0
2017-07-21 00:00:00+09:00,1710.0,1740.0,1705.0,1712.5,33222,0.0,0.0
2017-07-24 00:00:00+09:00,1732.5,1747.5,1677.5,1722.5,65052,0.0,0.0
2017-07-25 00:00:00+09:00,1710.0,1727.5,1690.0,1707.5,23048,0.0,0.0
2017-07-26 00:00:00+09:00,1707.5,1725.0,1677.5,1705.0,50146,0.0,0.0
2017-07-27 00:00:00+09:00,1702.5,1735.0,1675.0,1705.0,34110,0.0,0.0
2017-07-28 00:00:00+09:00,1685.0,1700.0,1675.0,1685.0,109040,0.0,0.0
2017-07-31 00:00:00+09:00,1667.5,1700.0,1660.0,1680.0,38992,0.0,0.0
2017-08-01 00:00:00+09:00,1665.0,1697.5,1665.0,1692.5,36800,0.0,0.0
2017-08-02 00:00:00+09:00,1697.5,1700.0,1660.0,1672.5,59906,0.0,0.0
2017-08-03 00:00:00+09:00,1667.5,1685.0,1657.5,1675.0,45344,0.0,0.0
2017-08-04 00:00:00+09:00,1662.5,1690.0,1660.0,1687.5,42704,0.0,0.0
2017-08-07 00:00:00+09:00,1667.5,1705.0,1667.5,1695.0,35600,0.0,0.0
2017-08-08 00:00:00+09:00,1695.0,1740.0,1695.0,1725.0,34732,0.0,0.0
2017-08-09 00:00:00+09:00,1725.0,1740.0,1672.5,1687.5,66854,0.0,0.0
2017-08-10 00:00:00+09:00,1677.5,1685.0,1650.0,1667.5,101986,0.0,0.0
2017-08-11 00:00:00+09:00,1667.5,1675.0,1615.0,1630.0,65192,0.0,0.0
2017-08-14 00:00:00+09:00,1647.5,1647.5,1610.0,1617.5,34466,0.0,0.0
2017-08-16 00:00:00+09:00,1617.5,1657.5,1600.0,1635.0,57822,0.0,0.0
2017-08-17 00:00:00+09:00,1635.0,1685.0,1635.0,1672.5,40608,0.0,0.0
2017-08-18 00:00:00+09:00,1662.5,1695.0,1652.5,1687.5,36052,0.0,0.0
2017-08-21 00:00:00+09:00,1687.5,1705.0,1687.5,1697.5,42698,0.0,0.0
2017-08-22 00:00:00+09:00,1697.5,1705.0,1660.0,1660.0,32898,0.0,0.0
2017-08-23 00:00:00+09:00,1682.5,1682.5,1632.5,1650.0,90914,0.0,0.0
2017-08-24 00:00:00+09:00,1635.0,1665.0,1635.0,1647.5,13000,0.0,0.0
2017-08-25 00:00:00+09:00,1647.5,1660.0,1637.5,1645.0,13576,0.0,0.0
2017-08-28 00:00:00+09:00,1645.0,1677.5,1642.5,1665.0,18162,0.0,0.0
2017-08-29 00:00:00+09:00,1650.0,1682.5,1615.0,1652.5,25296,0.0,0.0
2017-08-30 00:00:00+09:00,1652.5,1682.5,1637.5,1652.5,21456,0.0,0.0
2017-08-31 00:00:00+09:00,1652.5,1662.5,1645.0,1662.5,27982,0.0,0.0
2017-09-01 00:00:00+09:00,1662.5,1662.5,1645.0,1662.5,35038,0.0,0.0
2017-09-04 00:00:00+09:00,1662.5,1662.5,1595.0,1597.5,242666,0.0,0.0
2017-09-05 00:00:00+09:00,1597.5,1605.0,1490.0,1540.0,328156,0.0,0.0
2017-09-06 00:00:00+09:00,1515.0,1600.0,1512.5,1600.0,107468,0.0,0.0
2017-09-07 00:00:00+09:00,1565.0,1592.5,1560.0,1560.0,44266,0.0,0.0
2017-09-08 00:00:00+09:00,1562.5,1577.5,1527.5,1540.0,31202,0.0,0.0
2017-09-11 00:00:00+09:00,1522.5,1552.5,1507.5,1547.5,32574,0.0,0.0
2017-09-12 00:00:00+09:00,1547.5,1547.5,1525.0,1530.0,18564,0.0,0.0
2017-09-13 00:00:00+09:00,1530.0,1530.0,1485.0,1520.0,81868,0.0,0.0
2017-09-14 00:00:00+09:00,1515.0,1617.5,1492.5,1577.5,160560,0.0,0.0
2017-09-15 00:00:00+09:00,1560.0,1720.0,1560.0,1637.5,470620,0.0,0.0
2017-09-18 00:00:00+09:00,1620.0,1692.5,1600.0,1650.0,128256,0.0,0.0
2017-09-19 00:00:00+09:00,1655.0,1700.0,1612.5,1627.5,52166,0.0,0.0
2017-09-20 00:00:00+09:00,1605.0,1635.0,1577.5,1600.0,56938,0.0,0.0
2017-09-21 00:00:00+09:00,1600.0,1605.0,1540.0,1540.0,34038,0.0,0.0
2017-09-25 00:00:00+09:00,1500.0,1522.5,1470.0,1482.5,36806,0.0,0.0
2017-09-26 00:00:00+09:00,1470.0,1540.0,1450.0,1520.0,56240,0.0,0.0
2017-09-27 00:00:00+09:00,1520.0,1670.0,1480.0,1535.0,121488,0.0,0.0
2017-09-28 00:00:00+09:00,1550.0,1597.5,1505.0,1582.5,94416,0.0,0.0
2017-09-29 00:00:00+09:00,1600.0,1600.0,1545.0,1572.5,37348,0.0,0.0
2017-10-10 00:00:00+09:00,1560.0,1600.0,1560.0,1587.5,48758,0.0,0.0
2017-10-11 00:00:00+09:00,1562.5,1582.5,1562.5,1572.5,31972,0.0,0.0
2017-10-12 00:00:00+09:00,1560.0,1577.5,1560.0,1570.0,23296,0.0,0.0
2017-10-13 00:00:00+09:00,1560.0,1577.5,1560.0,1572.5,35426,0.0,0.0
2017-10-16 00:00:00+09:00,1565.0,1605.0,1550.0,1582.5,28062,0.0,0.0
2017-10-17 00:00:00+09:00,1602.5,1627.5,1572.5,1590.0,66574,0.0,0.0
2017-10-18 00:00:00+09:00,1605.0,1605.0,1585.0,1590.0,29812,0.0,0.0
2017-10-19 00:00:00+09:00,1590.0,1617.5,1582.5,1587.5,30782,0.0,0.0
2017-10-20 00:00:00+09:00,1602.5,1605.0,1592.5,1597.5,12796,0.0,0.0
2017-10-23 00:00:00+09:00,1597.5,1597.5,1552.5,1565.0,36464,0.0,0.0
2017-10-24 00:00:00+09:00,1592.5,1592.5,1545.0,1550.0,5528,0.0,0.0
2017-10-25 00:00:00+09:00,1572.5,1585.0,1540.0,1550.0,33244,0.0,0.0
2017-10-26 00:00:00+09:00,1537.5,1575.0,1527.5,1532.5,49960,0.0,0.0
2017-10-27 00:00:00+09:00,1520.0,1555.0,1520.0,1535.0,19426,0.0,0.0
2017-10-30 00:00:00+09:00,1530.0,1557.5,1530.0,1540.0,27436,0.0,0.0
2017-10-31 00:00:00+09:00,1535.0,1555.0,1480.0,1552.5,59670,0.0,0.0
2017-11-01 00:00:00+09:00,1562.5,1567.5,1500.0,1540.0,89356,0.0,0.0
2017-11-02 00:00:00+09:00,1525.0,1542.5,1525.0,1537.5,32712,0.0,0.0
2017-11-03 00:00:00+09:00,1532.5,1547.5,1512.5,1532.5,30662,0.0,0.0
2017-11-06 00:00:00+09:00,1567.5,1567.5,1532.5,1532.5,24182,0.0,0.0
2017-11-07 00:00:00+09:00,1540.0,1545.0,1525.0,1537.5,11868,0.0,0.0
2017-11-08 00:00:00+09:00,1540.0,1562.5,1527.5,1527.5,26742,0.0,0.0
2017-11-09 00:00:00+09:00,1545.0,1547.5,1530.0,1535.0,28702,0.0,0.0
2017-11-10 00:00:00+09:00,1525.0,1537.5,1522.5,1535.0,28950,0.0,0.0
2017-11-13 00:00:00+09:00,1547.5,1565.0,1535.0,1545.0,32706,0.0,0.0
2017-11-14 00:00:00+09:00,1535.0,1560.0,1535.0,1557.5,24648,0.0,0.0
2017-11-15 00:00:00+09:00,1572.5,1615.0,1565.0,1585.0,98684,0.0,0.0
2017-11-16 00:00:00+09:00,1615.0,1637.5,1587.5,1637.5,79010,0.0,0.0
2017-11-17 00:00:00+09:00,1640.0,1657.5,1625.0,1642.5,25084,0.0,0.0
2017-11-20 00:00:00+09:00,1635.0,1660.0,1605.0,1615.0,44670,0.0,0.0
2017-11-21 00:00:00+09:00,1645.0,1647.5,1585.0,1595.0,15728,0.0,0.0
2017-11-22 00:00:00+09:00,1595.0,1615.0,1552.5,1600.0,47396,0.0,0.0
2017-11-23 00:00:00+09:00,1617.5,1617.5,1577.5,1585.0,13236,0.0,0.0
2017-11-24 00:00:00+09:00,1597.5,1680.0,1565.0,1635.0,85480,0.0,0.0
2017-11-27 00:00:00+09:00,1650.0,1652.5,1627.5,1637.5,14666,0.0,0.0
2017-11-28 00:00:00+09:00,1657.5,1657.5,1550.0,1567.5,107384,0.0,0.0
2017-11-29 00:00:00+09:00,1597.5,1597.5,1560.0,1575.0,36308,0.0,0.0
2017-11-30 00:00:00+09:00,1575.0,1602.5,1540.0,1542.5,59782,0.0,0.0
2017-12-01 00:00:00+09:00,1542.5,1570.0,1520.0,1540.0,104636,0.0,0.0
2017-12-04 00:00:00+09:00,1542.5,1567.5,1522.5,1555.0,70782,0.0,0.0
2017-12-05 00:00:00+09:00,1555.0,1612.5,1532.5,1585.0,92210,0.0,0.0
2017-12-06 00:00:00+09:00,1610.0,1650.0,1570.0,1600.0,53762,0.0,0.0
2017-12-07 00:00:00+09:00,1630.0,1745.0,1605.0,1700.0,263680,0.0,0.0
2017-12-08 00:00:00+09:00,1700.0,1745.0,1655.0,1655.0,71530,0.0,0.0
2017-12-11 00:00:00+09:00,1655.0,1700.0,1600.0,1665.0,66164,0.0,0.0
2017-12-12 00:00:00+09:00,1660.0,1665.0,1620.0,1645.0,18398,0.0,0.0
2017-12-13 00:00:00+09:00,1655.0,1692.5,1647.5,1677.5,14422,0.0,0.0
2017-12-14 00:00:00+09:00,1677.5,1727.5,1667.5,1710.0,98536,0.0,0.0
2017-12-15 00:00:00+09:00,1730.0,1730.0,1677.5,1682.5,13142,0.0,0.0
2017-12-18 00:00:00+09:00,1682.5,1705.0,1572.5,1590.0,232396,0.0,0.0
2017-12-19 00:00:00+09:00,1592.5,1625.0,1542.5,1570.0,284082,0.0,0.0
2017-12-21 00:00:00+09:00,1557.5,1607.5,1535.0,1542.5,32406,0.0,0.0
2017-12-22 00:00:00+09:00,1537.5,1590.0,1537.5,1570.0,40020,0.0,0.0
2017-12-26 00:00:00+09:00,1590.0,1610.0,1540.0,1587.5,117014,0.0,0.0
2017-12-27 00:00:00+09:00,1602.5,1602.5,1550.0,1552.5,23416,0.0,0.0
2017-12-28 00:00:00+09:00,1552.5,1590.0,1542.5,1552.5,29278,0.0,0.0
2018-01-02 00:00:00+09:00,1542.5,1582.5,1537.5,1540.0,33628,0.0,0.0
2018-01-03 00:00:00+09:00,1550.0,1550.0,1525.0,1540.0,50682,0.0,0.0
2018-01-04 00:00:00+09:00,1525.0,1555.0,1520.0,1530.0,42722,0.0,0.0
2018-01-05 00:00:00+09:00,1540.0,1580.0,1520.0,1565.0,86982,0.0,0.0
2018-01-08 00:00:00+09:00,1580.0,1585.0,1527.5,1530.0,61992,0.0,0.0
2018-01-09 00:00:00+09:00,1530.0,1545.0,1520.0,1532.5,49450,0.0,0.0
2018-01-10 00:00:00+09:00,1522.5,1545.0,1495.0,1522.5,122394,0.0,0.0
2018-01-11 00:00:00+09:00,1520.0,1530.0,1505.0,1517.5,25910,0.0,0.0
2018-01-12 00:00:00+09:00,1517.5,1517.5,1497.5,1505.0,70786,0.0,0.0
2018-01-15 00:00:00+09:00,1545.0,1545.0,1507.5,1515.0,16254,0.0,0.0
2018-01-16 00:00:00+09:00,1525.0,1525.0,1475.0,1500.0,41670,0.0,0.0
2018-01-17 00:00:00+09:00,1500.0,1527.5,1477.5,1510.0,73376,0.0,0.0
2018-01-18 00:00:00+09:00,1510.0,1522.5,1495.0,1500.0,11214,0.0,0.0
2018-01-19 00:00:00+09:00,1515.0,1550.0,1500.0,1540.0,34450,0.0,0.0
2018-01-22 00:00:00+09:00,1512.5,1532.5,1502.5,1512.5,60322,0.0,0.0
2018-01-23 00:00:00+09:00,1512.5,1520.0,1500.0,1520.0,51570,0.0,0.0
2018-01-24 00:00:00+09:00,1547.5,1547.5,1500.0,1507.5,29092,0.0,0.0
2018-01-25 00:00:00+09:00,1507.5,1537.5,1507.5,1522.5,13444,0.0,0.0
2018-01-26 00:00:00+09:00,1527.5,1650.0,1525.0,1647.5,174974,0.0,0.0
2018-01-29 00:00:00+09:00,1645.0,1710.0,1620.0,1680.0,232704,0.0,0.0
2018-01-30 00:00:00+09:00,1685.0,1690.0,1627.5,1650.0,60540,0.0,0.0
2018-01-31 00:00:00+09:00,1640.0,1772.5,1640.0,1752.5,357880,0.0,0.0
2018-02-01 00:00:00+09:00,1752.5,1850.0,1752.5,1782.5,171282,0.0,0.0
2018-02-02 00:00:00+09:00,1787.5,1805.0,1760.0,1790.0,112052,0.0,0.0
2018-02-05 00:00:00+09:00,1782.5,1782.5,1702.5,1750.0,179148,0.0,0.0
2018-02-06 00:00:00+09:00,1700.0,1762.5,1685.0,1745.0,84676,0.0,0.0
2018-02-07 00:00:00+09:00,1760.0,1777.5,1700.0,1752.5,83356,0.0,0.0
2018-02-08 00:00:00+09:00,1772.5,1785.0,1730.0,1755.0,105652,0.0,0.0
2018-02-09 00:00:00+09:00,1737.5,1737.5,1705.0,1725.0,14150,0.0,0.0
2018-02-12 00:00:00+09:00,1720.0,1790.0,1720.0,1747.5,46188,0.0,0.0
2018-02-13 00:00:00+09:00,1747.5,1807.5,1675.0,1760.0,94592,0.0,0.0
2018-02-14 00:00:00+09:00,1770.0,1770.0,1725.0,1752.5,48320,0.0,0.0
2018-02-19 00:00:00+09:00,1735.0,1745.0,1700.0,1710.0,40730,0.0,0.0
2018-02-20 00:00:00+09:00,1710.0,1777.5,1705.0,1715.0,84614,0.0,0.0
2018-02-21 00:00:00+09:00,1715.0,1755.0,1715.0,1715.0,31108,0.0,0.0
2018-02-22 00:00:00+09:00,1715.0,1735.0,1677.5,1680.0,21758,0.0,0.0
2018-02-23 00:00:00+09:00,1672.5,1720.0,1672.5,1690.0,11166,0.0,0.0
2018-02-26 00:00:00+09:00,1717.5,1717.5,1635.0,1662.5,57274,0.0,0.0
2018-02-27 00:00:00+09:00,1662.5,1697.5,1652.5,1672.5,27140,0.0,0.0
2018-02-28 00:00:00+09:00,1680.0,1680.0,1622.5,1622.5,28026,0.0,0.0
2018-03-02 00:00:00+09:00,1620.0,1620.0,1570.0,1612.5,47574,0.0,0.0
2018-03-05 00:00:00+09:00,1597.5,1610.0,1577.5,1592.5,24384,0.0,0.0
2018-03-06 00:00:00+09:00,1567.5,1590.0,1537.5,1562.5,89108,0.0,0.0
2018-03-07 00:00:00+09:00,1560.0,1670.0,1560.0,1632.5,125048,0.0,0.0
2018-03-08 00:00:00+09:00,1662.5,1662.5,1595.0,1615.0,46114,0.0,0.0
2018-03-09 00:00:00+09:00,1622.5,1700.0,1585.0,1592.5,139124,0.0,0.0
2018-03-12 00:00:00+09:00,1612.5,1740.0,1612.5,1710.0,314060,0.0,0.0
2018-03-13 00:00:00+09:00,1727.5,1800.0,1650.0,1670.0,249578,0.0,0.0
2018-03-14 00:00:00+09:00,1670.0,1682.5,1625.0,1657.5,46176,0.0,0.0
2018-03-15 00:00:00+09:00,1625.0,1685.0,1615.0,1635.0,45434,0.0,0.0
2018-03-16 00:00:00+09:00,1635.0,1667.5,1622.5,1665.0,45736,0.0,0.0
2018-03-19 00:00:00+09:00,1687.5,1720.0,1675.0,1700.0,125150,0.0,0.0
2018-03-20 00:00:00+09:00,1697.5,1730.0,1675.0,1725.0,116724,0.0,0.0
2018-03-21 00:00:00+09:00,1745.0,1760.0,1675.0,1687.5,119026,0.0,0.0
2018-03-22 00:00:00+09:00,1682.5,1707.5,1667.5,1697.5,65778,0.0,0.0
2018-03-23 00:00:00+09:00,1682.5,1687.5,1607.5,1650.0,84300,0.0,0.0
2018-03-26 00:00:00+09:00,1650.0,1665.0,1632.5,1660.0,24042,0.0,0.0
2018-03-27 00:00:00+09:00,1660.0,1667.5,1647.5,1660.0,33058,0.0,0.0
2018-03-28 00:00:00+09:00,1645.0,1677.5,1617.5,1662.5,28988,0.0,0.0
2018-03-29 00:00:00+09:00,1657.5,1700.0,1647.5,1652.5,45088,0.0,0.0
2018-03-30 00:00:00+09:00,1640.0,1687.5,1635.0,1682.5,50774,0.0,0.0
2018-04-02 00:00:00+09:00,1682.5,1682.5,1650.0,1650.0,26804,0.0,0.0
2018-04-03 00:00:00+09:00,1640.0,1640.0,1607.5,1630.0,42840,0.0,0.0
2018-04-04 00:00:00+09:00,1630.0,1665.0,1607.5,1625.0,31308,0.0,0.0
2018-04-05 00:00:00+09:00,1625.0,1670.0,1620.0,1630.0,46500,0.0,0.0
2018-04-06 00:00:00+09:00,1617.5,1657.5,1607.5,1622.5,24984,0.0,0.0
2018-04-09 00:00:00+09:00,1587.5,1620.0,1580.0,1615.0,68106,0.0,0.0
2018-04-10 00:00:00+09:00,1595.0,1615.0,1567.5,1612.5,38752,0.0,0.0
2018-04-11 00:00:00+09:00,1650.0,1650.0,1567.5,1612.5,72312,0.0,0.0
2018-04-12 00:00:00+09:00,1592.5,1600.0,1567.5,1597.5,242236,0.0,0.0
2018-04-13 00:00:00+09:00,1597.5,1630.0,1595.0,1612.5,157858,0.0,0.0
2018-04-16 00:00:00+09:00,1610.0,1660.0,1585.0,1640.0,76186,0.0,0.0
2018-04-17 00:00:00+09:00,1627.5,1660.0,1605.0,1632.5,25342,0.0,0.0
2018-04-18 00:00:00+09:00,1617.5,1665.0,1617.5,1655.0,39754,0.0,0.0
2018-04-19 00:00:00+09:00,1672.5,1735.0,1660.0,1735.0,213364,0.0,0.0
2018-04-20 00:00:00+09:00,1735.0,1812.5,1727.5,1762.5,232802,0.0,0.0
2018-04-23 00:00:00+09:00,1775.0,1805.0,1725.0,1797.5,139892,0.0,0.0
2018-04-24 00:00:00+09:00,1810.0,1810.0,1697.5,1740.0,177176,0.0,0.0
2018-04-25 00:00:00+09:00,1745.0,1750.0,1657.5,1702.5,130464,0.0,0.0
2018-04-26 00:00:00+09:00,1722.5,1737.5,1697.5,1720.0,117918,0.0,0.0
2018-04-27 00:00:00+09:00,1717.5,1735.0,1702.5,1720.0,60538,0.0,0.0
2018-04-30 00:00:00+09:00,1755.0,2100.0,1750.0,2037.5,2545658,0.0,0.0
2018-05-02 00:00:00+09:00,2117.5,2227.5,2015.0,2150.0,1262552,0.0,0.0
2018-05-03 00:00:00+09:00,2115.0,2147.5,2020.0,2127.5,342664,0.0,0.0
2018-05-04 00:00:00+09:00,2115.0,2125.0,1977.5,2070.0,529188,0.0,0.0
2018-05-08 00:00:00+09:00,2020.0,2182.5,1907.5,1937.5,839542,0.0,0.0
2018-05-09 00:00:00+09:00,2035.0,2035.0,1862.5,1990.0,245772,0.0,0.0
2018-05-10 00:00:00+09:00,2025.0,2085.0,2025.0,2060.0,204916,0.0,0.0
2018-05-11 00:00:00+09:00,2060.0,2075.0,1965.0,2017.5,78742,0.0,0.0
2018-05-14 00:00:00+09:00,2060.0,2090.0,2017.5,2075.0,177680,0.0,0.0
2018-05-15 00:00:00+09:00,2075.0,2140.0,2037.5,2095.0,196196,0.0,0.0
2018-05-16 00:00:00+09:00,1977.5,2027.5,1837.5,1837.5,242888,0.0,0.0
2018-05-17 00:00:00+09:00,1845.0,1937.5,1837.5,1870.0,149144,0.0,0.0
2018-05-18 00:00:00+09:00,1870.0,1937.5,1862.5,1937.5,90978,0.0,0.0
2018-05-21 00:00:00+09:00,1965.0,1965.0,1870.0,1882.5,60370,0.0,0.0
2018-05-23 00:00:00+09:00,1875.0,1942.5,1850.0,1880.0,40304,0.0,0.0
2018-05-24 00:00:00+09:00,1880.0,1920.0,1822.5,1845.0,92746,0.0,0.0
2018-05-25 00:00:00+09:00,1665.0,1750.0,1642.5,1700.0,559760,0.0,0.0
2018-05-28 00:00:00+09:00,1782.5,1845.0,1750.0,1815.0,644298,0.0,0.0
2018-05-29 00:00:00+09:00,1855.0,1855.0,1722.5,1730.0,256888,0.0,0.0
2018-05-30 00:00:00+09:00,1737.5,1800.0,1717.5,1755.0,165376,0.0,0.0
2018-05-31 00:00:00+09:00,1755.0,1835.0,1725.0,1835.0,109890,0.0,0.0
2018-06-01 00:00:00+09:00,1895.0,1962.5,1820.0,1820.0,787388,0.0,0.0
2018-06-04 00:00:00+09:00,1840.0,1855.0,1770.0,1847.5,156528,0.0,0.0
2018-06-05 00:00:00+09:00,1825.0,1847.5,1777.5,1802.5,106140,0.0,0.0
2018-06-07 00:00:00+09:00,1860.0,2342.5,1827.5,2335.0,12354270,0.0,0.0
2018-06-08 00:00:00+09:00,2225.0,2260.0,2097.5,2135.0,2903028,0.0,0.0
2018-06-11 00:00:00+09:00,2165.0,2170.0,2055.0,2060.0,1063636,0.0,0.0
2018-06-12 00:00:00+09:00,2077.5,2102.5,1985.0,2012.5,1238202,0.0,0.0
2018-06-14 00:00:00+09:00,1980.0,2112.5,1950.0,2010.0,1062300,0.0,0.0
2018-06-15 00:00:00+09:00,2012.5,2095.0,2005.0,2095.0,826430,0.0,0.0
2018-06-18 00:00:00+09:00,2145.0,2680.0,2110.0,2345.0,12864526,0.0,0.0
2018-06-19 00:00:00+09:00,2315.0,2377.5,2082.5,2082.5,2310390,0.0,0.0
2018-06-20 00:00:00+09:00,2120.0,2705.0,2110.0,2705.0,13872224,0.0,0.0
2018-06-21 00:00:00+09:00,2775.0,2850.0,2505.0,2530.0,6813692,0.0,0.0
2018-06-22 00:00:00+09:00,2600.0,2640.0,2265.0,2345.0,3643696,0.0,0.0
2018-06-25 00:00:00+09:00,2290.0,2322.5,2180.0,2180.0,1280232,0.0,0.0
2018-06-26 00:00:00+09:00,2135.0,2345.0,2045.0,2065.0,2239486,0.0,0.0
2018-06-27 00:00:00+09:00,2125.0,2227.5,1920.0,1930.0,2161096,0.0,0.0
2018-06-28 00:00:00+09:00,1912.5,1942.5,1810.0,1830.0,873152,0.0,0.0
2018-06-29 00:00:00+09:00,1840.0,1875.0,1775.0,1875.0,783896,0.0,0.0
2018-07-02 00:00:00+09:00,1875.0,1877.5,1707.5,1707.5,486434,0.0,0.0
2018-07-03 00:00:00+09:00,1707.5,1755.0,1662.5,1715.0,474954,0.0,0.0
2018-07-04 00:00:00+09:00,1692.5,1760.0,1692.5,1752.5,204524,0.0,0.0
2018-07-05 00:00:00+09:00,1785.0,1785.0,1680.0,1702.5,247844,0.0,0.0
2018-07-06 00:00:00+09:00,1702.5,1740.0,1677.5,1722.5,241308,0.0,0.0
2018-07-09 00:00:00+09:00,1700.0,1700.0,1577.5,1627.5,476506,0.0,0.0
2018-07-10 00:00:00+09:00,1630.0,1685.0,1627.5,1667.5,146172,0.0,0.0
2018-07-11 00:00:00+09:00,1647.5,1717.5,1647.5,1690.0,216794,0.0,0.0
2018-07-12 00:00:00+09:00,1690.0,1750.0,1667.5,1707.5,217562,0.0,0.0
2018-07-13 00:00:00+09:00,1695.0,1755.0,1695.0,1737.5,253256,0.0,0.0
2018-07-16 00:00:00+09:00,1737.5,1742.5,1700.0,1727.5,99006,0.0,0.0
2018-07-17 00:00:00+09:00,1727.5,1745.0,1702.5,1720.0,66826,0.0,0.0
2018-07-18 00:00:00+09:00,1720.0,1747.5,1650.0,1652.5,269086,0.0,0.0
2018-07-19 00:00:00+09:00,1650.0,1695.0,1640.0,1667.5,119698,0.0,0.0
2018-07-20 00:00:00+09:00,1665.0,1685.0,1625.0,1642.5,147914,0.0,0.0
2018-07-23 00:00:00+09:00,1640.0,1645.0,1552.5,1560.0,190542,0.0,0.0
2018-07-24 00:00:00+09:00,1525.0,1680.0,1525.0,1607.5,252050,0.0,0.0
2018-07-25 00:00:00+09:00,1607.5,1650.0,1602.5,1645.0,108340,0.0,0.0
2018-07-26 00:00:00+09:00,1650.0,1705.0,1600.0,1667.5,173884,0.0,0.0
2018-07-27 00:00:00+09:00,1680.0,1695.0,1655.0,1672.5,60396,0.0,0.0
2018-07-30 00:00:00+09:00,1652.5,1685.0,1642.5,1680.0,62778,0.0,0.0
2018-07-31 00:00:00+09:00,1680.0,1700.0,1655.0,1675.0,77712,0.0,0.0
2018-08-01 00:00:00+09:00,1680.0,1732.5,1680.0,1715.0,108334,0.0,0.0
2018-08-02 00:00:00+09:00,1727.5,1727.5,1680.0,1687.5,77022,0.0,0.0
2018-08-03 00:00:00+09:00,1687.5,1770.0,1687.5,1760.0,150436,0.0,0.0
2018-08-06 00:00:00+09:00,1745.0,1772.5,1735.0,1757.5,102970,0.0,0.0
2018-08-07 00:00:00+09:00,1760.0,1767.5,1717.5,1720.0,55378,0.0,0.0
2018-08-08 00:00:00+09:00,1720.0,1737.5,1715.0,1725.0,63310,0.0,0.0
2018-08-09 00:00:00+09:00,1740.0,1742.5,1712.5,1740.0,31758,0.0,0.0
2018-08-10 00:00:00+09:00,1760.0,1830.0,1740.0,1807.5,415842,0.0,0.0
2018-08-13 00:00:00+09:00,1807.5,1860.0,1707.5,1710.0,452562,0.0,0.0
2018-08-14 00:00:00+09:00,1702.5,1747.5,1685.0,1702.5,189744,0.0,0.0
2018-08-16 00:00:00+09:00,1742.5,1835.0,1680.0,1795.0,371762,0.0,0.0
2018-08-17 00:00:00+09:00,1795.0,1812.5,1775.0,1782.5,126052,0.0,0.0
2018-08-20 00:00:00+09:00,1790.0,1807.5,1770.0,1800.0,74784,0.0,0.0
2018-08-21 00:00:00+09:00,1817.5,1835.0,1795.0,1825.0,140096,0.0,0.0
2018-08-22 00:00:00+09:00,1817.5,1860.0,1800.0,1840.0,179170,0.0,0.0
2018-08-23 00:00:00+09:00,1835.0,1975.0,1820.0,1820.0,748240,0.0,0.0
2018-08-24 00:00:00+09:00,1830.0,1875.0,1815.0,1867.5,102920,0.0,0.0
2018-08-27 00:00:00+09:00,1800.0,1800.0,1740.0,1775.0,236202,0.0,0.0
2018-08-28 00:00:00+09:00,1840.0,1840.0,1725.0,1725.0,175626,0.0,0.0
2018-08-29 00:00:00+09:00,1717.5,1755.0,1695.0,1715.0,119356,0.0,0.0
2018-08-30 00:00:00+09:00,1715.0,1855.0,1715.0,1777.5,337554,0.0,0.0
2018-08-31 00:00:00+09:00,1777.5,1820.0,1760.0,1807.5,114538,0.0,0.0
2018-09-03 00:00:00+09:00,1812.5,1915.0,1812.5,1890.0,800594,0.0,0.0
2018-09-04 00:00:00+09:00,1890.0,1890.0,1840.0,1860.0,204928,0.0,0.0
2018-09-05 00:00:00+09:00,1852.5,1902.5,1837.5,1842.5,202996,0.0,0.0
2018-09-06 00:00:00+09:00,1862.5,1890.0,1815.0,1862.5,138276,0.0,0.0
2018-09-07 00:00:00+09:00,1862.5,1960.0,1850.0,1890.0,240158,0.0,0.0
2018-09-10 00:00:00+09:00,1897.5,1942.5,1880.0,1892.5,315100,0.0,0.0
2018-09-11 00:00:00+09:00,1900.0,1947.5,1870.0,1895.0,147260,0.0,0.0
2018-09-12 00:00:00+09:00,1905.0,2027.5,1842.5,1877.5,912856,0.0,0.0
2018-09-13 00:00:00+09:00,1877.5,1882.5,1835.0,1855.0,128144,0.0,0.0
2018-09-14 00:00:00+09:00,1860.0,1885.0,1840.0,1840.0,109358,0.0,0.0
2018-09-17 00:00:00+09:00,1842.5,1887.5,1830.0,1835.0,69514,0.0,0.0
2018-09-18 00:00:00+09:00,1805.0,1885.0,1800.0,1825.0,191072,0.0,0.0
2018-09-19 00:00:00+09:00,1825.0,1837.5,1750.0,1750.0,174992,0.0,0.0
2018-09-20 00:00:00+09:00,1762.5,1810.0,1715.0,1735.0,104818,0.0,0.0
2018-09-21 00:00:00+09:00,1735.0,1800.0,1735.0,1787.5,63876,0.0,0.0
2018-09-27 00:00:00+09:00,1812.5,1812.5,1727.5,1730.0,74268,0.0,0.0
2018-09-28 00:00:00+09:00,1730.0,1780.0,1705.0,1730.0,85146,0.0,0.0
2018-10-01 00:00:00+09:00,1730.0,1780.0,1730.0,1750.0,45450,0.0,0.0
2018-10-02 00:00:00+09:00,1750.0,1765.0,1730.0,1750.0,92226,0.0,0.0
2018-10-04 00:00:00+09:00,1750.0,1775.0,1695.0,1705.0,98580,0.0,0.0
2018-10-05 00:00:00+09:00,1705.0,1725.0,1680.0,1715.0,103720,0.0,0.0
2018-10-08 00:00:00+09:00,1720.0,1725.0,1690.0,1720.0,33652,0.0,0.0
2018-10-10 00:00:00+09:00,1720.0,1720.0,1612.5,1630.0,286248,0.0,0.0
2018-10-11 00:00:00+09:00,1505.0,1625.0,1502.5,1560.0,172980,0.0,0.0
2018-10-12 00:00:00+09:00,1535.0,1620.0,1535.0,1587.5,80236,0.0,0.0
2018-10-15 00:00:00+09:00,1630.0,1697.5,1580.0,1592.5,61762,0.0,0.0
2018-10-16 00:00:00+09:00,1582.5,1625.0,1582.5,1620.0,26840,0.0,0.0
2018-10-17 00:00:00+09:00,1620.0,1715.0,1610.0,1620.0,81710,0.0,0.0
2018-10-18 00:00:00+09:00,1657.5,1700.0,1600.0,1635.0,48452,0.0,0.0
2018-10-19 00:00:00+09:00,1607.5,1635.0,1580.0,1632.5,43830,0.0,0.0
2018-10-22 00:00:00+09:00,1635.0,1635.0,1592.5,1630.0,49624,0.0,0.0
2018-10-23 00:00:00+09:00,1645.0,1645.0,1582.5,1600.0,35468,0.0,0.0
2018-10-24 00:00:00+09:00,1600.0,1642.5,1555.0,1565.0,64682,0.0,0.0
2018-10-25 00:00:00+09:00,1530.0,1567.5,1515.0,1545.0,91008,0.0,0.0
2018-10-26 00:00:00+09:00,1562.5,1562.5,1492.5,1527.5,94898,0.0,0.0
2018-10-29 00:00:00+09:00,1492.5,1535.0,1390.0,1390.0,65700,0.0,0.0
2018-10-30 00:00:00+09:00,1300.0,1465.0,1300.0,1432.5,101320,0.0,0.0
2018-10-31 00:00:00+09:00,1435.0,1472.5,1405.0,1440.0,68560,0.0,0.0
2018-11-01 00:00:00+09:00,1440.0,1497.5,1437.5,1480.0,16078,0.0,0.0
2018-11-02 00:00:00+09:00,1470.0,1522.5,1470.0,1510.0,69506,0.0,0.0
2018-11-05 00:00:00+09:00,1510.0,1547.5,1457.5,1470.0,53368,0.0,0.0
2018-11-06 00:00:00+09:00,1470.0,1495.0,1465.0,1475.0,23578,0.0,0.0
2018-11-07 00:00:00+09:00,1477.5,1510.0,1462.5,1470.0,45134,0.0,0.0
2018-11-08 00:00:00+09:00,1472.5,1490.0,1462.5,1465.0,63090,0.0,0.0
2018-11-09 00:00:00+09:00,1485.0,1485.0,1457.5,1477.5,31652,0.0,0.0
2018-11-12 00:00:00+09:00,1512.5,1512.5,1455.0,1470.0,19790,0.0,0.0
2018-11-13 00:00:00+09:00,1452.5,1467.5,1427.5,1445.0,57670,0.0,0.0
2018-11-14 00:00:00+09:00,1445.0,1522.5,1445.0,1460.0,17078,0.0,0.0
2018-11-15 00:00:00+09:00,1447.5,1505.0,1440.0,1490.0,33212,0.0,0.0
2018-11-16 00:00:00+09:00,1490.0,1550.0,1475.0,1487.5,65818,0.0,0.0
2018-11-19 00:00:00+09:00,1487.5,1505.0,1487.5,1497.5,31162,0.0,0.0
2018-11-20 00:00:00+09:00,1492.5,1492.5,1460.0,1465.0,38760,0.0,0.0
2018-11-21 00:00:00+09:00,1450.0,1465.0,1440.0,1455.0,42334,0.0,0.0
2018-11-22 00:00:00+09:00,1455.0,1480.0,1450.0,1457.5,31592,0.0,0.0
2018-11-23 00:00:00+09:00,1457.5,1475.0,1445.0,1447.5,29256,0.0,0.0
2018-11-26 00:00:00+09:00,1455.0,1457.5,1437.5,1457.5,38208,0.0,0.0
2018-11-27 00:00:00+09:00,1457.5,1467.5,1442.5,1455.0,23990,0.0,0.0
2018-11-28 00:00:00+09:00,1455.0,1517.5,1450.0,1475.0,23540,0.0,0.0
2018-11-29 00:00:00+09:00,1500.0,1500.0,1467.5,1477.5,14214,0.0,0.0
2018-11-30 00:00:00+09:00,1477.5,1487.5,1465.0,1477.5,6612,0.0,0.0
2018-12-03 00:00:00+09:00,1490.0,1510.0,1460.0,1475.0,39918,0.0,0.0
2018-12-04 00:00:00+09:00,1465.0,1495.0,1465.0,1480.0,33544,0.0,0.0
2018-12-05 00:00:00+09:00,1472.5,1615.0,1465.0,1542.5,91860,0.0,0.0
2018-12-06 00:00:00+09:00,1545.0,1645.0,1507.5,1515.0,297342,0.0,0.0
2018-12-07 00:00:00+09:00,1515.0,1770.0,1515.0,1597.5,1030452,0.0,0.0
2018-12-10 00:00:00+09:00,1575.0,1650.0,1547.5,1557.5,180288,0.0,0.0
2018-12-11 00:00:00+09:00,1557.5,1557.5,1470.0,1507.5,170562,0.0,0.0
2018-12-12 00:00:00+09:00,1507.5,1510.0,1490.0,1510.0,57674,0.0,0.0
2018-12-13 00:00:00+09:00,1510.0,1542.5,1510.0,1540.0,87246,0.0,0.0
2018-12-14 00:00:00+09:00,1545.0,1587.5,1520.0,1575.0,83362,0.0,0.0
2018-12-17 00:00:00+09:00,1575.0,1575.0,1515.0,1557.5,38082,0.0,0.0
2018-12-18 00:00:00+09:00,1525.0,1567.5,1525.0,1537.5,33074,0.0,0.0
2018-12-19 00:00:00+09:00,1552.5,1610.0,1540.0,1550.0,94182,0.0,0.0
2018-12-20 00:00:00+09:00,1550.0,1642.5,1550.0,1595.0,117388,0.0,0.0
2018-12-21 00:00:00+09:00,1612.5,1612.5,1585.0,1592.5,47566,0.0,0.0
2018-12-24 00:00:00+09:00,1592.5,1605.0,1555.0,1595.0,31250,0.0,0.0
2018-12-26 00:00:00+09:00,1552.5,1582.5,1550.0,1555.0,43118,0.0,0.0
2018-12-27 00:00:00+09:00,1512.5,1560.0,1507.5,1537.5,81702,0.0,0.0
2018-12-28 00:00:00+09:00,1540.0,1582.5,1490.0,1490.0,76072,0.0,0.0
2019-01-02 00:00:00+09:00,1505.0,1515.0,1500.0,1505.0,39770,0.0,0.0
2019-01-03 00:00:00+09:00,1540.0,1540.0,1502.5,1520.0,13828,0.0,0.0
2019-01-04 00:00:00+09:00,1502.5,1560.0,1500.0,1560.0,50694,0.0,0.0
2019-01-07 00:00:00+09:00,1550.0,1600.0,1517.5,1575.0,172822,0.0,0.0
2019-01-08 00:00:00+09:00,1592.5,1607.5,1550.0,1600.0,86832,0.0,0.0
2019-01-09 00:00:00+09:00,1600.0,1630.0,1582.5,1617.5,56180,0.0,0.0
2019-01-10 00:00:00+09:00,1632.5,1632.5,1585.0,1602.5,37990,0.0,0.0
2019-01-11 00:00:00+09:00,1602.5,1617.5,1575.0,1610.0,34518,0.0,0.0
2019-01-14 00:00:00+09:00,1600.0,1625.0,1600.0,1615.0,24066,0.0,0.0
2019-01-15 00:00:00+09:00,1615.0,1632.5,1597.5,1610.0,39364,0.0,0.0
2019-01-16 00:00:00+09:00,1610.0,1630.0,1592.5,1605.0,37590,0.0,0.0
2019-01-17 00:00:00+09:00,1630.0,1630.0,1600.0,1612.5,26466,0.0,0.0
2019-01-18 00:00:00+09:00,1630.0,1740.0,1612.5,1670.0,315220,0.0,0.0
2019-01-21 00:00:00+09:00,1672.5,1750.0,1667.5,1695.0,214794,0.0,0.0
2019-01-22 00:00:00+09:00,1680.0,1727.5,1680.0,1692.5,110002,0.0,0.0
2019-01-23 00:00:00+09:00,1682.5,1717.5,1675.0,1700.0,35936,0.0,0.0
2019-01-24 00:00:00+09:00,1690.0,1712.5,1652.5,1665.0,78678,0.0,0.0
2019-01-25 00:00:00+09:00,1655.0,1700.0,1652.5,1670.0,40946,0.0,0.0
2019-01-28 00:00:00+09:00,1665.0,1700.0,1642.5,1677.5,64324,0.0,0.0
2019-01-29 00:00:00+09:00,1677.5,1685.0,1647.5,1660.0,61892,0.0,0.0
2019-01-30 00:00:00+09:00,1650.0,1715.0,1645.0,1695.0,98850,0.0,0.0
2019-01-31 00:00:00+09:00,1695.0,1695.0,1657.5,1677.5,37688,0.0,0.0
2019-02-01 00:00:00+09:00,1677.5,1722.5,1667.5,1720.0,128596,0.0,0.0
2019-02-07 00:00:00+09:00,1725.0,1780.0,1722.5,1752.5,175116,0.0,0.0
2019-02-08 00:00:00+09:00,1757.5,1760.0,1725.0,1732.5,52866,0.0,0.0
2019-02-11 00:00:00+09:00,1732.5,1732.5,1685.0,1687.5,40800,0.0,0.0
2019-02-12 00:00:00+09:00,1675.0,1740.0,1675.0,1707.5,61320,0.0,0.0
2019-02-13 00:00:00+09:00,1702.5,1722.5,1702.5,1715.0,29454,0.0,0.0
2019-02-14 00:00:00+09:00,1707.5,1732.5,1685.0,1725.0,59960,0.0,0.0
2019-02-15 00:00:00+09:00,1707.5,1725.0,1697.5,1710.0,15962,0.0,0.0
2019-02-18 00:00:00+09:00,1702.5,1727.5,1685.0,1710.0,24970,0.0,0.0
2019-02-19 00:00:00+09:00,1710.0,1710.0,1665.0,1695.0,54094,0.0,0.0
2019-02-20 00:00:00+09:00,1695.0,1705.0,1677.5,1700.0,25864,0.0,0.0
2019-02-21 00:00:00+09:00,1687.5,1702.5,1672.5,1700.0,39130,0.0,0.0
2019-02-22 00:00:00+09:00,1862.5,1900.0,1685.0,1685.0,363690,0.0,0.0
2019-02-25 00:00:00+09:00,1682.5,1700.0,1670.0,1700.0,51572,0.0,0.0
2019-02-26 00:00:00+09:00,1700.0,1725.0,1685.0,1712.5,65306,0.0,0.0
2019-02-27 00:00:00+09:00,1732.5,1732.5,1690.0,1715.0,27312,0.0,0.0
2019-02-28 00:00:00+09:00,1702.5,1715.0,1637.5,1637.5,84930,0.0,0.0
2019-03-04 00:00:00+09:00,1620.0,1672.5,1617.5,1655.0,44216,0.0,0.0
2019-03-05 00:00:00+09:00,1645.0,1662.5,1590.0,1602.5,99108,0.0,0.0
2019-03-06 00:00:00+09:00,1602.5,1610.0,1562.5,1600.0,94126,0.0,0.0
2019-03-07 00:00:00+09:00,1600.0,1600.0,1550.0,1585.0,35166,0.0,0.0
2019-03-08 00:00:00+09:00,1547.5,1585.0,1547.5,1567.5,38312,0.0,0.0
2019-03-11 00:00:00+09:00,1552.5,1590.0,1537.5,1577.5,57638,0.0,0.0
2019-03-12 00:00:00+09:00,1690.0,1695.0,1540.0,1572.5,175382,0.0,0.0
2019-03-13 00:00:00+09:00,1572.5,1605.0,1550.0,1595.0,41172,0.0,0.0
2019-03-14 00:00:00+09:00,1595.0,1610.0,1587.5,1602.5,34134,0.0,0.0
2019-03-15 00:00:00+09:00,1600.0,1602.5,1560.0,1580.0,59412,0.0,0.0
2019-03-18 00:00:00+09:00,1580.0,1597.5,1572.5,1587.5,22242,0.0,0.0
2019-03-19 00:00:00+09:00,1587.5,1587.5,1557.5,1557.5,37990,0.0,0.0
2019-03-20 00:00:00+09:00,1557.5,1570.0,1550.0,1560.0,34588,0.0,0.0
2019-03-21 00:00:00+09:00,1575.0,1575.0,1552.5,1570.0,14618,0.0,0.0
2019-03-22 00:00:00+09:00,1537.5,1577.5,1537.5,1570.0,31102,0.0,0.0
2019-03-25 00:00:00+09:00,1567.5,1567.5,1515.0,1530.0,35194,0.0,0.0
2019-03-26 00:00:00+09:00,1520.0,1557.5,1520.0,1540.0,22868,0.0,0.0
2019-03-27 00:00:00+09:00,1530.0,1550.0,1505.0,1517.5,62364,0.0,0.0
2019-03-28 00:00:00+09:00,1537.5,1547.5,1512.5,1540.0,14524,0.0,0.0
2019-03-29 00:00:00+09:00,1550.0,1550.0,1517.5,1542.5,18584,0.0,0.0
2019-04-01 00:00:00+09:00,1542.5,1562.5,1522.5,1562.5,21220,0.0,0.0
2019-04-02 00:00:00+09:00,1562.5,1562.5,1547.5,1562.5,14668,0.0,0.0
2019-04-03 00:00:00+09:00,1562.5,1592.5,1562.5,1582.5,23966,0.0,0.0
2019-04-04 00:00:00+09:00,1582.5,1595.0,1565.0,1565.0,20596,0.0,0.0
2019-04-05 00:00:00+09:00,1565.0,1625.0,1562.5,1612.5,59558,0.0,0.0
2019-04-08 00:00:00+09:00,1612.5,1627.5,1600.0,1617.5,22660,0.0,0.0
2019-04-09 00:00:00+09:00,1617.5,1625.0,1612.5,1620.0,13564,0.0,0.0
2019-04-10 00:00:00+09:00,1620.0,1635.0,1602.5,1630.0,23972,0.0,0.0
2019-04-11 00:00:00+09:00,1627.5,1627.5,1605.0,1622.5,10688,0.0,0.0
2019-04-12 00:00:00+09:00,1620.0,1620.0,1600.0,1617.5,52122,0.0,0.0
2019-04-15 00:00:00+09:00,1615.0,1627.5,1607.5,1620.0,35274,0.0,0.0
2019-04-16 00:00:00+09:00,1620.0,1627.5,1600.0,1610.0,26890,0.0,0.0
2019-04-17 00:00:00+09:00,1625.0,1625.0,1600.0,1605.0,25534,0.0,0.0
2019-04-18 00:00:00+09:00,1600.0,1617.5,1577.5,1600.0,57570,0.0,0.0
2019-04-19 00:00:00+09:00,1585.0,1605.0,1585.0,1600.0,22914,0.0,0.0
2019-04-22 00:00:00+09:00,1615.0,1627.5,1600.0,1625.0,51932,0.0,0.0
2019-04-23 00:00:00+09:00,1632.5,1632.5,1610.0,1627.5,46892,0.0,0.0
2019-04-24 00:00:00+09:00,1632.5,1632.5,1597.5,1620.0,28480,0.0,0.0
2019-04-25 00:00:00+09:00,1617.5,1617.5,1592.5,1592.5,27046,0.0,0.0
2019-04-26 00:00:00+09:00,1592.5,1600.0,1575.0,1585.0,22504,0.0,0.0
2019-04-29 00:00:00+09:00,1597.5,1597.5,1577.5,1590.0,5868,0.0,0.0
2019-04-30 00:00:00+09:00,1590.0,1592.5,1577.5,1587.5,13170,0.0,0.0
2019-05-02 00:00:00+09:00,1587.5,1595.0,1577.5,1592.5,21194,0.0,0.0
2019-05-03 00:00:00+09:00,1592.5,1600.0,1582.5,1597.5,17726,0.0,0.0
2019-05-07 00:00:00+09:00,1597.5,1597.5,1570.0,1570.0,21726,0.0,0.0
2019-05-08 00:00:00+09:00,1570.0,1580.0,1552.5,1570.0,33214,0.0,0.0
2019-05-09 00:00:00+09:00,1582.5,1582.5,1550.0,1560.0,58912,0.0,0.0
2019-05-10 00:00:00+09:00,1580.0,1580.0,1512.5,1560.0,54000,0.0,0.0
2019-05-13 00:00:00+09:00,1555.0,1562.5,1540.0,1562.5,60438,0.0,0.0
2019-05-14 00:00:00+09:00,1512.5,1580.0,1512.5,1565.0,23926,0.0,0.0
2019-05-15 00:00:00+09:00,1562.5,1575.0,1547.5,1570.0,33654,0.0,0.0
2019-05-16 00:00:00+09:00,1570.0,1570.0,1532.5,1555.0,17036,0.0,0.0
2019-05-17 00:00:00+09:00,1555.0,1575.0,1555.0,1562.5,34968,0.0,0.0
2019-05-20 00:00:00+09:00,1562.5,1580.0,1537.5,1560.0,24960,0.0,0.0
2019-05-21 00:00:00+09:00,1525.0,1572.5,1525.0,1567.5,32162,0.0,0.0
2019-05-22 00:00:00+09:00,1575.0,1580.0,1545.0,1550.0,9030,0.0,0.0
2019-05-23 00:00:00+09:00,1550.0,1560.0,1527.5,1530.0,23888,0.0,0.0
2019-05-24 00:00:00+09:00,1500.0,1567.5,1500.0,1537.5,35328,0.0,0.0
2019-05-27 00:00:00+09:00,1525.0,1575.0,1525.0,1542.5,9234,0.0,0.0
2019-05-28 00:00:00+09:00,1550.0,1555.0,1535.0,1542.5,4872,0.0,0.0
2019-05-29 00:00:00+09:00,1560.0,1560.0,1510.0,1545.0,55702,0.0,0.0
2019-05-30 00:00:00+09:00,1565.0,1570.0,1517.5,1545.0,23468,0.0,0.0
2019-05-31 00:00:00+09:00,1545.0,1552.5,1517.5,1550.0,36680,0.0,0.0
2019-06-03 00:00:00+09:00,1550.0,1550.0,1520.0,1520.0,30244,0.0,0.0
2019-06-04 00:00:00+09:00,1520.0,1537.5,1512.5,1522.5,19522,0.0,0.0
2019-06-05 00:00:00+09:00,1512.5,1537.5,1510.0,1515.0,29416,0.0,0.0
2019-06-07 00:00:00+09:00,1505.0,1532.5,1502.5,1505.0,49904,0.0,0.0
2019-06-10 00:00:00+09:00,1507.5,1535.0,1505.0,1520.0,25816,0.0,0.0
2019-06-11 00:00:00+09:00,1522.5,1562.5,1507.5,1550.0,33536,0.0,0.0
2019-06-12 00:00:00+09:00,1540.0,1572.5,1540.0,1545.0,20002,0.0,0.0
2019-06-13 00:00:00+09:00,1545.0,1560.0,1530.0,1545.0,7924,0.0,0.0
2019-06-14 00:00:00+09:00,1545.0,1627.5,1525.0,1582.5,205612,0.0,0.0
2019-06-17 00:00:00+09:00,1582.5,1582.5,1537.5,1552.5,89044,0.0,0.0
2019-06-18 00:00:00+09:00,1552.5,1597.5,1537.5,1567.5,62410,0.0,0.0
2019-06-19 00:00:00+09:00,1597.5,1597.5,1550.0,1552.5,60372,0.0,0.0
2019-06-20 00:00:00+09:00,1552.5,1572.5,1542.5,1560.0,42912,0.0,0.0
2019-06-21 00:00:00+09:00,1572.5,1572.5,1542.5,1555.0,24358,0.0,0.0
2019-06-24 00:00:00+09:00,1555.0,1565.0,1545.0,1565.0,57066,0.0,0.0
2019-06-25 00:00:00+09:00,1565.0,1570.0,1535.0,1540.0,45258,0.0,0.0
2019-06-26 00:00:00+09:00,1540.0,1552.5,1537.5,1550.0,23238,0.0,0.0
2019-06-27 00:00:00+09:00,1555.0,1560.0,1532.5,1547.5,21886,0.0,0.0
2019-06-28 00:00:00+09:00,1547.5,1547.5,1512.5,1540.0,41862,0.0,0.0
2019-07-01 00:00:00+09:00,1540.0,1555.0,1527.5,1552.5,18000,0.0,0.0
2019-07-02 00:00:00+09:00,1552.5,1557.5,1550.0,1552.5,7064,0.0,0.0
2019-07-03 00:00:00+09:00,1552.5,1557.5,1530.0,1540.0,38676,0.0,0.0
2019-07-04 00:00:00+09:00,1532.5,1542.5,1515.0,1517.5,21058,0.0,0.0
2019-07-05 00:00:00+09:00,1525.0,1550.0,1522.5,1545.0,14212,0.0,0.0
2019-07-08 00:00:00+09:00,1542.5,1542.5,1505.0,1527.5,56634,0.0,0.0
2019-07-09 00:00:00+09:00,1502.5,1535.0,1502.5,1512.5,21448,0.0,0.0
2019-07-10 00:00:00+09:00,1512.5,1527.5,1505.0,1515.0,17840,0.0,0.0
2019-07-11 00:00:00+09:00,1510.0,1522.5,1510.0,1522.5,6770,0.0,0.0
2019-07-12 00:00:00+09:00,1525.0,1525.0,1512.5,1522.5,8238,0.0,0.0
2019-07-15 00:00:00+09:00,1522.5,1525.0,1507.5,1507.5,22530,0.0,0.0
2019-07-16 00:00:00+09:00,1507.5,1520.0,1505.0,1517.5,10752,0.0,0.0
2019-07-17 00:00:00+09:00,1517.5,1517.5,1495.0,1497.5,22672,0.0,0.0
2019-07-18 00:00:00+09:00,1500.0,1512.5,1490.0,1510.0,17362,0.0,0.0
2019-07-19 00:00:00+09:00,1510.0,1515.0,1500.0,1500.0,4600,0.0,0.0
2019-07-22 00:00:00+09:00,1500.0,1507.5,1490.0,1492.5,23194,0.0,0.0
2019-07-23 00:00:00+09:00,1500.0,1500.0,1490.0,1495.0,12480,0.0,0.0
2019-07-24 00:00:00+09:00,1497.5,1515.0,1495.0,1512.5,31968,0.0,0.0
2019-07-25 00:00:00+09:00,1492.5,1510.0,1482.5,1482.5,20396,0.0,0.0
2019-07-26 00:00:00+09:00,1475.0,1500.0,1472.5,1477.5,21248,0.0,0.0
2019-07-29 00:00:00+09:00,1462.5,1500.0,1437.5,1445.0,29988,0.0,0.0
2019-07-30 00:00:00+09:00,1377.5,1460.0,1377.5,1435.0,15206,0.0,0.0
2019-07-31 00:00:00+09:00,1450.0,1450.0,1420.0,1430.0,12564,0.0,0.0
2019-08-01 00:00:00+09:00,1422.5,1435.0,1410.0,1425.0,23516,0.0,0.0
2019-08-02 00:00:00+09:00,1425.0,1432.5,1410.0,1427.5,16270,0.0,0.0
2019-08-05 00:00:00+09:00,1427.5,1445.0,1310.0,1310.0,53804,0.0,0.0
2019-08-06 00:00:00+09:00,1307.5,1355.0,1267.5,1342.5,39986,0.0,0.0
2019-08-07 00:00:00+09:00,1320.0,1395.0,1320.0,1365.0,21714,0.0,0.0
2019-08-08 00:00:00+09:00,1350.0,1400.0,1350.0,1390.0,13546,0.0,0.0
2019-08-09 00:00:00+09:00,1390.0,1417.5,1390.0,1410.0,5812,0.0,0.0
2019-08-12 00:00:00+09:00,1410.0,1410.0,1365.0,1370.0,19102,0.0,0.0
2019-08-13 00:00:00+09:00,1367.5,1372.5,1357.5,1372.5,13044,0.0,0.0
2019-08-14 00:00:00+09:00,1372.5,1415.0,1372.5,1395.0,10954,0.0,0.0
2019-08-16 00:00:00+09:00,1380.0,1392.5,1372.5,1380.0,9354,0.0,0.0
2019-08-19 00:00:00+09:00,1380.0,1400.0,1370.0,1387.5,8814,0.0,0.0
2019-08-20 00:00:00+09:00,1395.0,1425.0,1390.0,1422.5,14482,0.0,0.0
2019-08-21 00:00:00+09:00,1422.5,1422.5,1407.5,1422.5,6428,0.0,0.0
2019-08-22 00:00:00+09:00,1422.5,1427.5,1407.5,1420.0,6106,0.0,0.0
2019-08-23 00:00:00+09:00,1420.0,1420.0,1387.5,1402.5,11900,0.0,0.0
2019-08-26 00:00:00+09:00,1362.5,1400.0,1362.5,1400.0,18898,0.0,0.0
2019-08-27 00:00:00+09:00,1400.0,1400.0,1370.0,1400.0,19654,0.0,0.0
2019-08-28 00:00:00+09:00,1405.0,1405.0,1402.5,1402.5,556,0.0,0.0
2019-08-29 00:00:00+09:00,1402.5,1402.5,1387.5,1400.0,17916,0.0,0.0
2019-08-30 00:00:00+09:00,1410.0,1410.0,1400.0,1405.0,3210,0.0,0.0
2019-09-02 00:00:00+09:00,1395.0,1427.5,1382.5,1427.5,15638,0.0,0.0
2019-09-03 00:00:00+09:00,1427.5,1430.0,1412.5,1425.0,14018,0.0,0.0
2019-09-04 00:00:00+09:00,1427.5,1435.0,1425.0,1430.0,27508,0.0,0.0
2019-09-05 00:00:00+09:00,1430.0,1442.5,1420.0,1430.0,20568,0.0,0.0
2019-09-06 00:00:00+09:00,1447.5,1490.0,1432.5,1487.5,60870,0.0,0.0
2019-09-09 00:00:00+09:00,1487.5,1500.0,1487.5,1497.5,46224,0.0,0.0
2019-09-10 00:00:00+09:00,1497.5,1497.5,1482.5,1497.5,24660,0.0,0.0
2019-09-11 00:00:00+09:00,1500.0,1510.0,1477.5,1500.0,7040,0.0,0.0
2019-09-16 00:00:00+09:00,1485.0,1515.0,1470.0,1510.0,27524,0.0,0.0
2019-09-17 00:00:00+09:00,1510.0,1560.0,1507.5,1560.0,27068,0.0,0.0
2019-09-18 00:00:00+09:00,1557.5,1575.0,1527.5,1567.5,14620,0.0,0.0
2019-09-19 00:00:00+09:00,1562.5,1567.5,1545.0,1562.5,13342,0.0,0.0
2019-09-20 00:00:00+09:00,1562.5,1562.5,1540.0,1560.0,3372,0.0,0.0
2019-09-23 00:00:00+09:00,1560.0,1575.0,1517.5,1560.0,22802,0.0,0.0
2019-09-24 00:00:00+09:00,1525.0,1555.0,1520.0,1522.5,37828,0.0,0.0
2019-09-25 00:00:00+09:00,1522.5,1522.5,1452.5,1490.0,30310,0.0,0.0
2019-09-26 00:00:00+09:00,1470.0,1485.0,1462.5,1465.0,16642,0.0,0.0
2019-09-27 00:00:00+09:00,1462.5,1465.0,1450.0,1452.5,17706,0.0,0.0
2019-09-30 00:00:00+09:00,1445.0,1460.0,1425.0,1460.0,46552,0.0,0.0
2019-10-01 00:00:00+09:00,1455.0,1470.0,1452.5,1467.5,21550,0.0,0.0
2019-10-02 00:00:00+09:00,1467.5,1472.5,1452.5,1465.0,20136,0.0,0.0
2019-10-04 00:00:00+09:00,1465.0,1465.0,1420.0,1460.0,27392,0.0,0.0
2019-10-07 00:00:00+09:00,1445.0,1465.0,1440.0,1457.5,21174,0.0,0.0
2019-10-08 00:00:00+09:00,1450.0,1470.0,1435.0,1455.0,3858,0.0,0.0
2019-10-10 00:00:00+09:00,1455.0,1465.0,1447.5,1457.5,2724,0.0,0.0
2019-10-11 00:00:00+09:00,1457.5,1462.5,1450.0,1455.0,6902,0.0,0.0
2019-10-14 00:00:00+09:00,1435.0,1482.5,1435.0,1452.5,8752,0.0,0.0
2019-10-15 00:00:00+09:00,1470.0,1470.0,1455.0,1460.0,1176,0.0,0.0
2019-10-16 00:00:00+09:00,1440.0,1470.0,1440.0,1460.0,14260,0.0,0.0
2019-10-17 00:00:00+09:00,1460.0,1475.0,1435.0,1455.0,25852,0.0,0.0
2019-10-18 00:00:00+09:00,1455.0,1480.0,1455.0,1477.5,9936,0.0,0.0
2019-10-21 00:00:00+09:00,1477.5,1477.5,1435.0,1457.5,30636,0.0,0.0
2019-10-22 00:00:00+09:00,1457.5,1475.0,1440.0,1440.0,15754,0.0,0.0
2019-10-23 00:00:00+09:00,1440.0,1467.5,1437.5,1457.5,9528,0.0,0.0
2019-10-24 00:00:00+09:00,1470.0,1470.0,1442.5,1460.0,5890,0.0,0.0
2019-10-25 00:00:00+09:00,1440.0,1460.0,1440.0,1457.5,1364,0.0,0.0
2019-10-28 00:00:00+09:00,1435.0,1465.0,1435.0,1450.0,14586,0.0,0.0
2019-10-29 00:00:00+09:00,1450.0,1457.5,1447.5,1455.0,5194,0.0,0.0
2019-10-30 00:00:00+09:00,1450.0,1470.0,1450.0,1465.0,9248,0.0,0.0
2019-10-31 00:00:00+09:00,1450.0,1475.0,1450.0,1462.5,434,0.0,0.0
2019-11-01 00:00:00+09:00,1470.0,1470.0,1430.0,1440.0,17322,0.0,0.0
2019-11-04 00:00:00+09:00,1440.0,1465.0,1440.0,1455.0,9186,0.0,0.0
2019-11-05 00:00:00+09:00,1455.0,1470.0,1452.5,1455.0,14838,0.0,0.0
2019-11-06 00:00:00+09:00,1455.0,1470.0,1455.0,1467.5,10900,0.0,0.0
2019-11-07 00:00:00+09:00,1467.5,1472.5,1450.0,1467.5,11544,0.0,0.0
2019-11-08 00:00:00+09:00,1470.0,1552.5,1462.5,1525.0,57744,0.0,0.0
2019-11-11 00:00:00+09:00,1525.0,1542.5,1497.5,1500.0,15942,0.0,0.0
2019-11-12 00:00:00+09:00,1500.0,1500.0,1492.5,1500.0,6878,0.0,0.0
2019-11-13 00:00:00+09:00,1492.5,1500.0,1462.5,1467.5,37270,0.0,0.0
2019-11-14 00:00:00+09:00,1467.5,1487.5,1467.5,1475.0,29674,0.0,0.0
2019-11-15 00:00:00+09:00,1475.0,1495.0,1475.0,1490.0,9774,0.0,0.0
2019-11-18 00:00:00+09:00,1490.0,1495.0,1480.0,1482.5,23648,0.0,0.0
2019-11-19 00:00:00+09:00,1492.5,1500.0,1480.0,1490.0,54208,0.0,0.0
2019-11-20 00:00:00+09:00,1490.0,1495.0,1467.5,1475.0,14738,0.0,0.0
2019-11-21 00:00:00+09:00,1475.0,1475.0,1435.0,1452.5,24360,0.0,0.0
2019-11-22 00:00:00+09:00,1470.0,1542.5,1455.0,1455.0,29556,0.0,0.0
2019-11-25 00:00:00+09:00,1457.5,1470.0,1455.0,1467.5,8460,0.0,0.0
2019-11-26 00:00:00+09:00,1470.0,1520.0,1462.5,1490.0,25112,0.0,0.0
2019-11-27 00:00:00+09:00,1500.0,1500.0,1472.5,1482.5,13258,0.0,0.0
2019-11-28 00:00:00+09:00,1482.5,1520.0,1477.5,1487.5,3244,0.0,0.0
2019-11-29 00:00:00+09:00,1485.0,1500.0,1470.0,1490.0,11500,0.0,0.0
2019-12-02 00:00:00+09:00,1490.0,1490.0,1467.5,1485.0,8932,0.0,0.0
2019-12-03 00:00:00+09:00,1452.5,1480.0,1452.5,1480.0,25130,0.0,0.0
2019-12-04 00:00:00+09:00,1442.5,1472.5,1442.5,1470.0,19104,0.0,0.0
2019-12-05 00:00:00+09:00,1462.5,1467.5,1442.5,1460.0,18480,0.0,0.0
2019-12-06 00:00:00+09:00,1492.5,1492.5,1450.0,1455.0,20568,0.0,0.0
2019-12-09 00:00:00+09:00,1455.0,1477.5,1455.0,1472.5,15004,0.0,0.0
2019-12-10 00:00:00+09:00,1457.5,1485.0,1455.0,1472.5,2944,0.0,0.0
2019-12-11 00:00:00+09:00,1472.5,1472.5,1460.0,1470.0,6942,0.0,0.0
2019-12-12 00:00:00+09:00,1485.0,1485.0,1470.0,1480.0,1776,0.0,0.0
2019-12-13 00:00:00+09:00,1480.0,1480.0,1470.0,1475.0,7086,0.0,0.0
2019-12-16 00:00:00+09:00,1490.0,1490.0,1455.0,1480.0,4218,0.0,0.0
2019-12-17 00:00:00+09:00,1480.0,1480.0,1467.5,1477.5,7266,0.0,0.0
2019-12-18 00:00:00+09:00,1477.5,1490.0,1475.0,1485.0,14868,0.0,0.0
2019-12-19 00:00:00+09:00,1490.0,1490.0,1470.0,1482.5,10808,0.0,0.0
2019-12-20 00:00:00+09:00,1487.5,1510.0,1480.0,1507.5,26402,0.0,0.0
2019-12-23 00:00:00+09:00,1495.0,1515.0,1495.0,1505.0,25650,0.0,0.0
2019-12-24 00:00:00+09:00,1505.0,1520.0,1487.5,1500.0,42168,0.0,0.0
2019-12-26 00:00:00+09:00,1490.0,1520.0,1490.0,1510.0,48206,0.0,0.0
2019-12-27 00:00:00+09:00,1510.0,1522.5,1402.5,1480.0,40978,0.0,0.0
2019-12-30 00:00:00+09:00,1480.0,1480.0,1450.0,1475.0,13880,0.0,0.0
2020-01-02 00:00:00+09:00,1475.0,1495.0,1470.0,1495.0,14008,0.0,0.0
2020-01-03 00:00:00+09:00,1482.5,1495.0,1470.0,1472.5,7192,0.0,0.0
2020-01-06 00:00:00+09:00,1472.5,1472.5,1450.0,1460.0,16358,0.0,0.0
2020-01-07 00:00:00+09:00,1460.0,1470.0,1455.0,1465.0,9600,0.0,0.0
2020-01-08 00:00:00+09:00,1465.0,1480.0,1415.0,1430.0,39210,0.0,0.0
2020-01-09 00:00:00+09:00,1430.0,1460.0,1430.0,1450.0,9802,0.0,0.0
2020-01-10 00:00:00+09:00,1450.0,1525.0,1450.0,1472.5,9070,0.0,0.0
2020-01-13 00:00:00+09:00,1475.0,1497.5,1450.0,1497.5,8724,0.0,0.0
2020-01-14 00:00:00+09:00,1482.5,1497.5,1475.0,1490.0,3902,0.0,0.0
2020-01-15 00:00:00+09:00,1490.0,1490.0,1470.0,1470.0,10334,0.0,0.0
2020-01-16 00:00:00+09:00,1470.0,1512.5,1470.0,1480.0,7628,0.0,0.0
2020-01-17 00:00:00+09:00,1487.5,1500.0,1460.0,1485.0,14420,0.0,0.0
2020-01-20 00:00:00+09:00,1470.0,1485.0,1470.0,1477.5,11688,0.0,0.0
2020-01-21 00:00:00+09:00,1482.5,1495.0,1477.5,1490.0,16214,0.0,0.0
2020-01-22 00:00:00+09:00,1492.5,1520.0,1482.5,1495.0,12206,0.0,0.0
2020-01-23 00:00:00+09:00,1497.5,1497.5,1477.5,1495.0,3878,0.0,0.0
2020-01-28 00:00:00+09:00,1450.0,1485.0,1427.5,1457.5,19778,0.0,0.0
2020-01-29 00:00:00+09:00,1440.0,1485.0,1440.0,1457.5,6402,0.0,0.0
2020-01-30 00:00:00+09:00,1457.5,1457.5,1440.0,1455.0,23210,0.0,0.0
2020-01-31 00:00:00+09:00,1450.0,1480.0,1440.0,1467.5,6134,0.0,0.0
2020-02-03 00:00:00+09:00,1427.5,1465.0,1420.0,1462.5,14822,0.0,0.0
2020-02-04 00:00:00+09:00,1447.5,1472.5,1447.5,1472.5,4164,0.0,0.0
2020-02-05 00:00:00+09:00,1472.5,1542.5,1457.5,1457.5,44776,0.0,0.0
2020-02-06 00:00:00+09:00,1485.0,1490.0,1447.5,1455.0,25562,0.0,0.0
2020-02-07 00:00:00+09:00,1465.0,1467.5,1450.0,1465.0,5136,0.0,0.0
2020-02-10 00:00:00+09:00,1465.0,1475.0,1450.0,1475.0,13676,0.0,0.0
2020-02-11 00:00:00+09:00,1475.0,1490.0,1470.0,1482.5,4228,0.0,0.0
2020-02-12 00:00:00+09:00,1482.5,1482.5,1467.5,1477.5,16850,0.0,0.0
2020-02-13 00:00:00+09:00,1477.5,1487.5,1475.0,1482.5,8786,0.0,0.0
2020-02-14 00:00:00+09:00,1495.0,1495.0,1462.5,1482.5,3790,0.0,0.0
2020-02-17 00:00:00+09:00,1482.5,1482.5,1415.0,1422.5,28316,0.0,0.0
2020-02-18 00:00:00+09:00,1425.0,1460.0,1422.5,1460.0,32316,0.0,0.0
2020-02-19 00:00:00+09:00,1460.0,1465.0,1445.0,1460.0,11660,0.0,0.0
2020-02-20 00:00:00+09:00,1460.0,1467.5,1440.0,1455.0,11078,0.0,0.0
2020-02-21 00:00:00+09:00,1455.0,1455.0,1435.0,1440.0,10816,0.0,0.0
2020-02-24 00:00:00+09:00,1440.0,1440.0,1340.0,1397.5,61682,0.0,0.0
2020-02-25 00:00:00+09:00,1355.0,1440.0,1355.0,1412.5,29192,0.0,0.0
2020-02-26 00:00:00+09:00,1412.5,1437.5,1402.5,1415.0,7962,0.0,0.0
2020-02-27 00:00:00+09:00,1415.0,1445.0,1387.5,1425.0,4698,0.0,0.0
2020-02-28 00:00:00+09:00,1420.0,1425.0,1370.0,1370.0,17374,0.0,0.0
2020-03-02 00:00:00+09:00,1370.0,1400.0,1337.5,1345.0,24862,0.0,0.0
2020-03-03 00:00:00+09:00,1375.0,1385.0,1360.0,1365.0,2098,0.0,0.0
2020-03-04 00:00:00+09:00,1365.0,1375.0,1350.0,1370.0,9410,0.0,0.0
2020-03-05 00:00:00+09:00,1370.0,1392.5,1367.5,1367.5,8238,0.0,0.0
2020-03-06 00:00:00+09:00,1375.0,1395.0,1360.0,1360.0,5232,0.0,0.0
2020-03-09 00:00:00+09:00,1360.0,1360.0,1325.0,1335.0,38622,0.0,0.0
2020-03-10 00:00:00+09:00,1292.5,1365.0,1292.5,1317.5,31158,0.0,0.0
2020-03-11 00:00:00+09:00,1345.0,1345.0,1305.0,1305.0,44776,0.0,0.0
2020-03-12 00:00:00+09:00,1305.0,1330.0,1205.0,1297.5,99580,0.0,0.0
2020-03-13 00:00:00+09:00,1250.0,1250.0,1050.0,1100.0,81700,0.0,0.0
2020-03-16 00:00:00+09:00,1125.0,1210.0,1125.0,1137.5,36582,0.0,0.0
2020-03-17 00:00:00+09:00,1137.5,1137.5,1055.0,1095.0,17306,0.0,0.0
2020-03-18 00:00:00+09:00,1095.0,1195.0,1052.5,1052.5,29150,0.0,0.0
2020-03-19 00:00:00+09:00,1052.5,1075.0,885.0,935.0,45312,0.0,0.0
2020-03-20 00:00:00+09:00,885.0,1000.0,885.0,965.0,52740,0.0,0.0
2020-03-23 00:00:00+09:00,960.0,960.0,845.0,860.0,38236,0.0,0.0
2020-03-24 00:00:00+09:00,862.5,990.0,862.5,935.0,8830,0.0,0.0
2020-03-25 00:00:00+09:00,937.5,995.0,927.5,985.0,21284,0.0,0.0
2020-03-26 00:00:00+09:00,1005.0,1062.5,980.0,1060.0,42524,0.0,0.0
2020-03-27 00:00:00+09:00,1060.0,1197.5,1037.5,1070.0,59166,0.0,0.0
2020-03-30 00:00:00+09:00,1067.5,1142.5,1012.5,1112.5,8932,0.0,0.0
2020-03-31 00:00:00+09:00,1112.5,1175.0,1112.5,1132.5,46760,0.0,0.0
2020-04-01 00:00:00+09:00,1165.0,1165.0,1100.0,1142.5,12626,0.0,0.0
2020-04-02 00:00:00+09:00,1137.5,1175.0,1105.0,1160.0,39414,0.0,0.0
2020-04-03 00:00:00+09:00,1160.0,1180.0,1157.5,1180.0,22070,0.0,0.0
2020-04-06 00:00:00+09:00,1162.5,1185.0,1137.5,1155.0,44400,0.0,0.0
2020-04-07 00:00:00+09:00,1155.0,1215.0,1155.0,1215.0,26890,0.0,0.0
2020-04-08 00:00:00+09:00,1215.0,1230.0,1110.0,1222.5,45988,0.0,0.0
2020-04-09 00:00:00+09:00,1222.5,1265.0,1222.5,1240.0,15468,0.0,0.0
2020-04-10 00:00:00+09:00,1262.5,1262.5,1237.5,1247.5,24850,0.0,0.0
2020-04-13 00:00:00+09:00,1247.5,1265.0,1225.0,1250.0,19708,0.0,0.0
2020-04-14 00:00:00+09:00,1247.5,1265.0,1237.5,1262.5,3408,0.0,0.0
2020-04-16 00:00:00+09:00,1270.0,1270.0,1237.5,1265.0,3748,0.0,0.0
2020-04-17 00:00:00+09:00,1265.0,1270.0,1240.0,1270.0,7982,0.0,0.0
2020-04-20 00:00:00+09:00,1290.0,1342.5,1275.0,1342.5,39966,0.0,0.0
2020-04-21 00:00:00+09:00,1360.0,1440.0,1302.5,1402.5,131968,0.0,0.0
2020-04-22 00:00:00+09:00,1400.0,1445.0,1327.5,1445.0,61968,0.0,0.0
2020-04-23 00:00:00+09:00,1450.0,1480.0,1362.5,1362.5,55874,0.0,0.0
2020-04-24 00:00:00+09:00,1362.5,1362.5,1345.0,1352.5,4434,0.0,0.0
2020-04-27 00:00:00+09:00,1352.5,1357.5,1325.0,1357.5,7088,0.0,0.0
2020-04-28 00:00:00+09:00,1357.5,1390.0,1317.5,1340.0,9794,0.0,0.0
2020-04-29 00:00:00+09:00,1340.0,1387.5,1307.5,1387.5,3424,0.0,0.0
2020-05-04 00:00:00+09:00,1387.5,1387.5,1365.0,1377.5,4474,0.0,0.0
2020-05-06 00:00:00+09:00,1377.5,1377.5,1345.0,1370.0,5232,0.0,0.0
2020-05-07 00:00:00+09:00,1370.0,1372.5,1350.0,1367.5,7074,0.0,0.0
2020-05-08 00:00:00+09:00,1370.0,1390.0,1350.0,1385.0,7234,0.0,0.0
2020-05-11 00:00:00+09:00,1380.0,1405.0,1370.0,1390.0,6940,0.0,0.0
2020-05-12 00:00:00+09:00,1390.0,1400.0,1335.0,1382.5,12508,0.0,0.0
2020-05-13 00:00:00+09:00,1367.5,1382.5,1355.0,1382.5,8408,0.0,0.0
2020-05-14 00:00:00+09:00,1340.0,1362.5,1335.0,1360.0,14512,0.0,0.0
2020-05-15 00:00:00+09:00,1340.0,1357.5,1305.0,1305.0,23360,0.0,0.0
2020-05-18 00:00:00+09:00,1305.0,1330.0,1292.5,1307.5,9078,0.0,0.0
2020-05-19 00:00:00+09:00,1312.5,1335.0,1310.0,1320.0,9308,0.0,0.0
2020-05-20 00:00:00+09:00,1320.0,1340.0,1320.0,1325.0,2738,0.0,0.0
2020-05-21 00:00:00+09:00,1315.0,1342.5,1315.0,1325.0,1904,0.0,0.0
2020-05-22 00:00:00+09:00,1350.0,1350.0,1320.0,1335.0,10124,0.0,0.0
2020-05-25 00:00:00+09:00,1335.0,1335.0,1320.0,1332.5,9778,0.0,0.0
2020-05-26 00:00:00+09:00,1320.0,1447.5,1320.0,1365.0,221550,0.0,0.0
2020-05-27 00:00:00+09:00,1385.0,1385.0,1335.0,1342.5,37172,0.0,0.0
2020-05-28 00:00:00+09:00,1342.5,1385.0,1332.5,1352.5,14644,0.0,0.0
2020-05-29 00:00:00+09:00,1342.5,1365.0,1325.0,1360.0,9312,0.0,0.0
2020-06-01 00:00:00+09:00,1360.0,1365.0,1340.0,1357.5,15398,0.0,0.0
2020-06-02 00:00:00+09:00,1357.5,1370.0,1347.5,1365.0,15942,0.0,0.0
2020-06-03 00:00:00+09:00,1380.0,1425.0,1355.0,1425.0,61962,0.0,0.0
2020-06-04 00:00:00+09:00,1427.5,1445.0,1357.5,1360.0,72798,0.0,0.0
2020-06-05 00:00:00+09:00,1360.0,1380.0,1360.0,1370.0,9390,0.0,0.0
2020-06-08 00:00:00+09:00,1370.0,1400.0,1355.0,1355.0,17034,0.0,0.0
2020-06-09 00:00:00+09:00,1355.0,1400.0,1355.0,1370.0,15726,0.0,0.0
2020-06-10 00:00:00+09:00,1370.0,1392.5,1342.5,1350.0,6296,0.0,0.0
2020-06-11 00:00:00+09:00,1350.0,1380.0,1335.0,1375.0,9860,0.0,0.0
2020-06-12 00:00:00+09:00,1330.0,1365.0,1252.5,1305.0,57682,0.0,0.0
2020-06-15 00:00:00+09:00,1292.5,1310.0,1280.0,1292.5,10492,0.0,0.0
2020-06-16 00:00:00+09:00,1295.0,1317.5,1292.5,1302.5,8454,0.0,0.0
2020-06-17 00:00:00+09:00,1302.5,1315.0,1280.0,1300.0,6678,0.0,0.0
2020-06-18 00:00:00+09:00,1300.0,1322.5,1292.5,1315.0,3476,0.0,0.0
2020-06-19 00:00:00+09:00,1310.0,1315.0,1280.0,1310.0,7124,0.0,0.0
2020-06-22 00:00:00+09:00,1297.5,1305.0,1272.5,1280.0,8480,0.0,0.0
2020-06-23 00:00:00+09:00,1280.0,1297.5,1262.5,1285.0,14640,0.0,0.0
2020-06-24 00:00:00+09:00,1285.0,1305.0,1285.0,1290.0,3218,0.0,0.0
2020-06-25 00:00:00+09:00,1295.0,1295.0,1275.0,1290.0,9820,0.0,0.0
2020-06-26 00:00:00+09:00,1290.0,1307.5,1277.5,1300.0,2622,0.0,0.0
2020-06-29 00:00:00+09:00,1285.0,1297.5,1262.5,1265.0,16676,0.0,0.0
2020-06-30 00:00:00+09:00,1280.0,1280.0,1227.5,1272.5,13752,0.0,0.0
2020-07-01 00:00:00+09:00,1272.5,1275.0,1252.5,1270.0,4328,0.0,0.0
2020-07-02 00:00:00+09:00,1280.0,1300.0,1255.0,1287.5,27960,0.0,0.0
2020-07-03 00:00:00+09:00,1305.0,1305.0,1285.0,1285.0,1084,0.0,0.0
2020-07-06 00:00:00+09:00,1285.0,1300.0,1272.5,1300.0,3310,0.0,0.0
2020-07-07 00:00:00+09:00,1320.0,1340.0,1287.5,1287.5,8950,0.0,0.0
2020-07-08 00:00:00+09:00,1300.0,1310.0,1275.0,1282.5,6286,0.0,0.0
2020-07-09 00:00:00+09:00,1297.5,1315.0,1285.0,1310.0,9498,0.0,0.0
2020-07-10 00:00:00+09:00,1322.5,1322.5,1300.0,1320.0,2324,0.0,0.0
2020-07-13 00:00:00+09:00,1320.0,1330.0,1290.0,1330.0,3362,0.0,0.0
2020-07-14 00:00:00+09:00,1340.0,1355.0,1320.0,1355.0,12072,0.0,0.0
2020-07-15 00:00:00+09:00,1340.0,1370.0,1335.0,1370.0,7690,0.0,0.0
2020-07-16 00:00:00+09:00,1355.0,1375.0,1347.5,1370.0,10646,0.0,0.0
2020-07-17 00:00:00+09:00,1357.5,1370.0,1327.5,1352.5,11236,0.0,0.0
2020-07-20 00:00:00+09:00,1357.5,1370.0,1327.5,1347.5,21602,0.0,0.0
2020-07-21 00:00:00+09:00,1347.5,1377.5,1335.0,1365.0,5432,0.0,0.0
2020-07-22 00:00:00+09:00,1365.0,1480.0,1365.0,1400.0,137694,0.0,0.0
2020-07-23 00:00:00+09:00,1445.0,1445.0,1332.5,1382.5,48842,0.0,0.0
2020-07-24 00:00:00+09:00,1367.5,1367.5,1325.0,1347.5,27730,0.0,0.0
2020-07-27 00:00:00+09:00,1347.5,1390.0,1347.5,1362.5,23334,0.0,0.0
2020-07-28 00:00:00+09:00,1370.0,1370.0,1347.5,1350.0,32926,0.0,0.0
2020-07-29 00:00:00+09:00,1375.0,1375.0,1350.0,1365.0,2264,0.0,0.0
2020-07-30 00:00:00+09:00,1380.0,1380.0,1350.0,1372.5,19048,0.0,0.0
2020-07-31 00:00:00+09:00,1372.5,1380.0,1352.5,1355.0,5474,0.0,0.0
2020-08-03 00:00:00+09:00,1355.0,1385.0,1350.0,1350.0,23628,0.0,0.0
2020-08-04 00:00:00+09:00,1350.0,1515.0,1337.5,1380.0,169170,0.0,0.0
2020-08-05 00:00:00+09:00,1390.0,1390.0,1352.5,1360.0,36092,0.0,0.0
2020-08-06 00:00:00+09:00,1352.5,1390.0,1352.5,1367.5,18102,0.0,0.0
2020-08-07 00:00:00+09:00,1355.0,1380.0,1355.0,1357.5,16834,0.0,0.0
2020-08-10 00:00:00+09:00,1357.5,1360.0,1330.0,1360.0,31360,0.0,0.0
2020-08-11 00:00:00+09:00,1362.5,1375.0,1355.0,1370.0,18582,0.0,0.0
2020-08-12 00:00:00+09:00,1370.0,1382.5,1350.0,1370.0,26050,0.0,0.0
2020-08-13 00:00:00+09:00,1357.5,1385.0,1357.5,1375.0,28690,0.0,0.0
2020-08-14 00:00:00+09:00,1365.0,1387.5,1360.0,1382.5,33864,0.0,0.0
2020-08-18 00:00:00+09:00,1382.5,1382.5,1325.0,1347.5,32404,0.0,0.0
2020-08-19 00:00:00+09:00,1347.5,1360.0,1325.0,1360.0,19396,0.0,0.0
2020-08-20 00:00:00+09:00,1360.0,1360.0,1315.0,1335.0,14700,0.0,0.0
2020-08-21 00:00:00+09:00,1335.0,1335.0,1307.5,1327.5,8526,0.0,0.0
2020-08-24 00:00:00+09:00,1327.5,1335.0,1307.5,1332.5,15286,0.0,0.0
2020-08-25 00:00:00+09:00,1332.5,1342.5,1327.5,1342.5,24538,0.0,0.0
2020-08-26 00:00:00+09:00,1340.0,1355.0,1330.0,1347.5,14334,0.0,0.0
2020-08-27 00:00:00+09:00,1335.0,1362.5,1317.5,1345.0,38736,0.0,0.0
2020-08-28 00:00:00+09:00,1345.0,1365.0,1337.5,1365.0,19020,0.0,0.0
2020-08-31 00:00:00+09:00,1372.5,1385.0,1347.5,1367.5,9036,0.0,0.0
2020-09-01 00:00:00+09:00,1367.5,1372.5,1352.5,1362.5,8318,0.0,0.0
2020-09-02 00:00:00+09:00,1380.0,1380.0,1350.0,1365.0,22802,0.0,0.0
2020-09-03 00:00:00+09:00,1365.0,1385.0,1350.0,1365.0,29498,0.0,0.0
2020-09-04 00:00:00+09:00,1325.0,1365.0,1317.5,1347.5,30228,0.0,0.0
2020-09-07 00:00:00+09:00,1347.5,1372.5,1327.5,1365.0,19116,0.0,0.0
2020-09-08 00:00:00+09:00,1365.0,1375.0,1342.5,1360.0,19478,0.0,0.0
2020-09-09 00:00:00+09:00,1355.0,1365.0,1345.0,1360.0,10106,0.0,0.0
2020-09-10 00:00:00+09:00,1357.5,1365.0,1347.5,1362.5,11738,0.0,0.0
2020-09-11 00:00:00+09:00,1362.5,1365.0,1350.0,1360.0,11496,0.0,0.0
2020-09-14 00:00:00+09:00,1385.0,1385.0,1335.0,1340.0,98614,0.0,0.0
2020-09-15 00:00:00+09:00,1347.5,1355.0,1335.0,1350.0,53124,0.0,0.0
2020-09-16 00:00:00+09:00,1355.0,1370.0,1345.0,1365.0,43148,0.0,0.0
2020-09-17 00:00:00+09:00,1365.0,1370.0,1347.5,1367.5,41256,0.0,0.0
2020-09-18 00:00:00+09:00,1367.5,1560.0,1367.5,1397.5,1105000,0.0,0.0
2020-09-21 00:00:00+09:00,1427.5,1427.5,1365.0,1387.5,235084,0.0,0.0
2020-09-22 00:00:00+09:00,1387.5,1387.5,1302.5,1330.0,143292,0.0,0.0
2020-09-23 00:00:00+09:00,1330.0,1365.0,1290.0,1330.0,135690,0.0,0.0
2020-09-24 00:00:00+09:00,1330.0,1330.0,1300.0,1302.5,43730,0.0,0.0
2020-09-25 00:00:00+09:00,1302.5,1315.0,1285.0,1305.0,40988,0.0,0.0
2020-09-28 00:00:00+09:00,1305.0,1317.5,1290.0,1317.5,46376,0.0,0.0
2020-09-29 00:00:00+09:00,1317.5,1355.0,1317.5,1340.0,30760,0.0,0.0
2020-10-05 00:00:00+09:00,1340.0,1385.0,1340.0,1375.0,34234,0.0,0.0
2020-10-06 00:00:00+09:00,1375.0,1385.0,1365.0,1380.0,98020,0.0,0.0
2020-10-07 00:00:00+09:00,1390.0,1405.0,1372.5,1395.0,57650,0.0,0.0
2020-10-08 00:00:00+09:00,1395.0,1397.5,1382.5,1395.0,26322,0.0,0.0
2020-10-12 00:00:00+09:00,1395.0,1397.5,1382.5,1390.0,21996,0.0,0.0
2020-10-13 00:00:00+09:00,1390.0,1417.5,1365.0,1385.0,50854,0.0,0.0
2020-10-14 00:00:00+09:00,1385.0,1400.0,1375.0,1400.0,25502,0.0,0.0
2020-10-15 00:00:00+09:00,1400.0,1400.0,1345.0,1352.5,68484,0.0,0.0
2020-10-16 00:00:00+09:00,1352.5,1352.5,1305.0,1340.0,94394,0.0,0.0
2020-10-19 00:00:00+09:00,1337.5,1345.0,1317.5,1342.5,43584,0.0,0.0
2020-10-20 00:00:00+09:00,1342.5,1342.5,1315.0,1340.0,48068,0.0,0.0
2020-10-21 00:00:00+09:00,1327.5,1347.5,1325.0,1337.5,30326,0.0,0.0
2020-10-22 00:00:00+09:00,1342.5,1347.5,1332.5,1340.0,28116,0.0,0.0
2020-10-23 00:00:00+09:00,1340.0,1352.5,1332.5,1345.0,28660,0.0,0.0
2020-10-26 00:00:00+09:00,1330.0,1342.5,1325.0,1325.0,21624,0.0,0.0
2020-10-27 00:00:00+09:00,1320.0,1417.5,1300.0,1330.0,59062,0.0,0.0
2020-10-28 00:00:00+09:00,1330.0,1350.0,1322.5,1337.5,12712,0.0,0.0
2020-10-29 00:00:00+09:00,1342.5,1352.5,1337.5,1350.0,25076,0.0,0.0
2020-10-30 00:00:00+09:00,1352.5,1357.5,1347.5,1347.5,17614,0.0,0.0
2020-11-02 00:00:00+09:00,1347.5,1347.5,1322.5,1340.0,32620,0.0,0.0
2020-11-03 00:00:00+09:00,1340.0,1355.0,1327.5,1340.0,33400,0.0,0.0
2020-11-04 00:00:00+09:00,1377.5,1377.5,1342.5,1370.0,29646,0.0,0.0
2020-11-05 00:00:00+09:00,1370.0,1375.0,1360.0,1372.5,31144,0.0,0.0
2020-11-06 00:00:00+09:00,1372.5,1380.0,1367.5,1380.0,30164,0.0,0.0
2020-11-09 00:00:00+09:00,1400.0,1400.0,1375.0,1382.5,8870,0.0,0.0
2020-11-10 00:00:00+09:00,1382.5,1400.0,1372.5,1377.5,18452,0.0,0.0
2020-11-11 00:00:00+09:00,1377.5,1392.5,1360.0,1377.5,47852,0.0,0.0
2020-11-12 00:00:00+09:00,1377.5,1400.0,1365.0,1400.0,35008,0.0,0.0
2020-11-13 00:00:00+09:00,1400.0,1425.0,1390.0,1425.0,45542,0.0,0.0
2020-11-16 00:00:00+09:00,1425.0,1435.0,1410.0,1410.0,34686,0.0,0.0
2020-11-17 00:00:00+09:00,1415.0,1420.0,1410.0,1417.5,27774,0.0,0.0
2020-11-18 00:00:00+09:00,1417.5,1417.5,1400.0,1402.5,56806,0.0,0.0
2020-11-19 00:00:00+09:00,1430.0,1430.0,1402.5,1415.0,11274,0.0,0.0
2020-11-20 00:00:00+09:00,1415.0,1435.0,1405.0,1415.0,16080,0.0,0.0
2020-11-23 00:00:00+09:00,1437.5,1437.5,1402.5,1432.5,32876,0.0,0.0
2020-11-24 00:00:00+09:00,1432.5,1440.0,1422.5,1430.0,62106,0.0,0.0
2020-11-25 00:00:00+09:00,1432.5,1442.5,1420.0,1432.5,37926,0.0,0.0
2020-11-26 00:00:00+09:00,1422.5,1432.5,1407.5,1417.5,55640,0.0,0.0
2020-11-27 00:00:00+09:00,1417.5,1447.5,1417.5,1425.0,10958,0.0,0.0
2020-11-30 00:00:00+09:00,1440.0,1440.0,1415.0,1415.0,32354,0.0,0.0
2020-12-01 00:00:00+09:00,1415.0,1480.0,1405.0,1480.0,118746,0.0,0.0
2020-12-02 00:00:00+09:00,1480.0,1480.0,1450.0,1465.0,75566,0.0,0.0
2020-12-03 00:00:00+09:00,1465.0,1472.5,1437.5,1450.0,76206,0.0,0.0
2020-12-04 00:00:00+09:00,1450.0,1477.5,1447.5,1475.0,44240,0.0,0.0
2020-12-07 00:00:00+09:00,1475.0,1497.5,1465.0,1467.5,68190,0.0,0.0
2020-12-08 00:00:00+09:00,1467.5,1482.5,1452.5,1465.0,35390,0.0,0.0
2020-12-09 00:00:00+09:00,1465.0,1487.5,1447.5,1477.5,32942,0.0,0.0
2020-12-10 00:00:00+09:00,1477.5,1477.5,1455.0,1455.0,43180,0.0,0.0
2020-12-11 00:00:00+09:00,1455.0,1465.0,1445.0,1452.5,46364,0.0,0.0
2020-12-14 00:00:00+09:00,1452.5,1517.5,1452.5,1487.5,66322,0.0,0.0
2020-12-15 00:00:00+09:00,1487.5,1512.5,1477.5,1500.0,54836,0.0,0.0
2020-12-16 00:00:00+09:00,1500.0,1530.0,1492.5,1517.5,55740,0.0,0.0
2020-12-17 00:00:00+09:00,1517.5,1537.5,1507.5,1525.0,85426,0.0,0.0
2020-12-18 00:00:00+09:00,1525.0,1535.0,1517.5,1530.0,37058,0.0,0.0
2020-12-21 00:00:00+09:00,1537.5,1542.5,1505.0,1542.5,40812,0.0,0.0
2020-12-22 00:00:00+09:00,1542.5,1545.0,1510.0,1540.0,44938,0.0,0.0
2020-12-23 00:00:00+09:00,1525.0,1527.5,1482.5,1505.0,35946,0.0,0.0
2020-12-24 00:00:00+09:00,1502.5,1545.0,1490.0,1522.5,57336,0.0,0.0
2020-12-28 00:00:00+09:00,1540.0,1545.0,1525.0,1540.0,67418,0.0,0.0
2020-12-29 00:00:00+09:00,1537.5,1537.5,1515.0,1520.0,49838,0.0,0.0
2020-12-30 00:00:00+09:00,1522.5,1545.0,1497.5,1535.0,59542,0.0,0.0
2021-01-04 00:00:00+09:00,1535.0,1555.0,1527.5,1550.0,101114,0.0,0.0
2021-01-05 00:00:00+09:00,1550.0,1575.0,1542.5,1560.0,78214,0.0,0.0
2021-01-06 00:00:00+09:00,1570.0,1570.0,1535.0,1537.5,48298,0.0,0.0
2021-01-07 00:00:00+09:00,1537.5,1580.0,1537.5,1552.5,89800,0.0,0.0
2021-01-08 00:00:00+09:00,1552.5,1587.5,1550.0,1585.0,108946,0.0,0.0
2021-01-11 00:00:00+09:00,1585.0,1585.0,1520.0,1542.5,63652,0.0,0.0
2021-01-12 00:00:00+09:00,1542.5,1542.5,1512.5,1512.5,43916,0.0,0.0
2021-01-13 00:00:00+09:00,1512.5,1532.5,1505.0,1532.5,34330,0.0,0.0
2021-01-14 00:00:00+09:00,1532.5,1585.0,1532.5,1577.5,95062,0.0,0.0
2021-01-15 00:00:00+09:00,1577.5,1590.0,1570.0,1570.0,115824,0.0,0.0
2021-01-18 00:00:00+09:00,1567.5,1575.0,1537.5,1555.0,141834,0.0,0.0
2021-01-19 00:00:00+09:00,1540.0,1570.0,1540.0,1565.0,69056,0.0,0.0
2021-01-20 00:00:00+09:00,1580.0,1592.5,1547.5,1577.5,159728,0.0,0.0
2021-01-21 00:00:00+09:00,1590.0,1950.0,1582.5,1677.5,2098938,0.0,0.0
2021-01-22 00:00:00+09:00,1717.5,1720.0,1662.5,1712.5,387310,0.0,0.0
2021-01-25 00:00:00+09:00,1730.0,1890.0,1717.5,1830.0,1077040,0.0,0.0
2021-01-26 00:00:00+09:00,1830.0,1845.0,1760.0,1845.0,236684,0.0,0.0
2021-01-27 00:00:00+09:00,1845.0,1850.0,1762.5,1790.0,146184,0.0,0.0
2021-01-28 00:00:00+09:00,1760.0,1785.0,1690.0,1745.0,166620,0.0,0.0
2021-01-29 00:00:00+09:00,1730.0,1832.5,1680.0,1697.5,213840,0.0,0.0
2021-02-01 00:00:00+09:00,1697.5,1715.0,1620.0,1707.5,165406,0.0,0.0
2021-02-02 00:00:00+09:00,1725.0,1772.5,1690.0,1740.0,85956,0.0,0.0
2021-02-03 00:00:00+09:00,1740.0,1925.0,1740.0,1785.0,598304,0.0,0.0
2021-02-04 00:00:00+09:00,1815.0,1815.0,1760.0,1762.5,160558,0.0,0.0
2021-02-05 00:00:00+09:00,1762.5,1800.0,1745.0,1780.0,51566,0.0,0.0
2021-02-08 00:00:00+09:00,1860.0,1992.5,1785.0,1817.5,590478,0.0,0.0
2021-02-09 00:00:00+09:00,1817.5,2362.5,1817.5,2362.5,12475688,0.0,0.0
2021-02-10 00:00:00+09:00,2660.0,2975.0,2505.0,2625.0,18108216,0.0,0.0
2021-02-15 00:00:00+09:00,2625.0,2625.0,2467.5,2467.5,2960284,0.0,0.0
2021-02-16 00:00:00+09:00,2482.5,2515.0,2352.5,2465.0,1942890,0.0,0.0
2021-02-17 00:00:00+09:00,2435.0,2470.0,2380.0,2470.0,1249022,0.0,0.0
2021-02-18 00:00:00+09:00,2430.0,2440.0,2395.0,2402.5,654518,0.0,0.0
2021-02-19 00:00:00+09:00,2365.0,2515.0,2365.0,2450.0,1251764,0.0,0.0
2021-02-22 00:00:00+09:00,2400.0,2500.0,2400.0,2440.0,874380,0.0,0.0
2021-02-23 00:00:00+09:00,2407.5,2500.0,2390.0,2500.0,1230548,0.0,0.0
2021-02-24 00:00:00+09:00,2865.0,2900.0,2435.0,2450.0,1840551,0.0,0.0
2021-02-25 00:00:00+09:00,2560.0,2560.0,2305.0,2375.0,375036,0.0,0.0
2021-02-26 00:00:00+09:00,2375.0,2525.0,2250.0,2315.0,325738,0.0,0.0
2021-03-02 00:00:00+09:00,2295.0,2360.0,2255.0,2335.0,176386,0.0,0.0
2021-03-03 00:00:00+09:00,2335.0,2390.0,2320.0,2340.0,136737,0.0,0.0
2021-03-04 00:00:00+09:00,2420.0,2550.0,2355.0,2480.0,520442,0.0,0.0
2021-03-05 00:00:00+09:00,2480.0,2510.0,2350.0,2445.0,183158,0.0,0.0
2021-03-08 00:00:00+09:00,2405.0,2460.0,2355.0,2370.0,138894,0.0,0.0
2021-03-09 00:00:00+09:00,2370.0,2370.0,2220.0,2340.0,140507,0.0,0.0
2021-03-10 00:00:00+09:00,2330.0,2340.0,2250.0,2295.0,136562,0.0,0.0
2021-03-11 00:00:00+09:00,2280.0,2445.0,2265.0,2410.0,105306,0.0,0.0
2021-03-12 00:00:00+09:00,2450.0,2480.0,2410.0,2465.0,153001,0.0,0.0
2021-03-15 00:00:00+09:00,2465.0,2690.0,2465.0,2605.0,350711,0.0,0.0
2021-03-16 00:00:00+09:00,2625.0,2630.0,2510.0,2510.0,166453,0.0,0.0
2021-03-17 00:00:00+09:00,2535.0,2540.0,2445.0,2470.0,76774,0.0,0.0
2021-03-18 00:00:00+09:00,2405.0,2440.0,2300.0,2440.0,197485,0.0,0.0
2021-03-19 00:00:00+09:00,2430.0,2430.0,2365.0,2370.0,129845,0.0,0.0
2021-03-22 00:00:00+09:00,2250.0,2250.0,2140.0,2225.0,998584,0.0,0.0
2021-03-23 00:00:00+09:00,2225.0,2230.0,2165.0,2195.0,371934,0.0,0.0
2021-03-24 00:00:00+09:00,2195.0,2260.0,2165.0,2185.0,202766,0.0,0.0
2021-03-25 00:00:00+09:00,2185.0,2240.0,2180.0,2240.0,220924,0.0,0.0
2021-03-26 00:00:00+09:00,2240.0,2260.0,2170.0,2185.0,248592,0.0,0.0
2021-03-29 00:00:00+09:00,2185.0,2335.0,2180.0,2285.0,440357,0.0,0.0
2021-03-30 00:00:00+09:00,2290.0,2570.0,2290.0,2440.0,1822979,0.0,0.0
2021-03-31 00:00:00+09:00,2440.0,2500.0,2385.0,2500.0,429171,0.0,0.0
2021-04-01 00:00:00+09:00,2520.0,2520.0,2435.0,2485.0,320206,0.0,0.0
2021-04-02 00:00:00+09:00,2485.0,2515.0,2430.0,2490.0,283516,0.0,0.0
2021-04-05 00:00:00+09:00,2540.0,2800.0,2500.0,2620.0,2008588,0.0,0.0
2021-04-06 00:00:00+09:00,2635.0,2670.0,2615.0,2640.0,433832,0.0,0.0
2021-04-07 00:00:00+09:00,2640.0,2685.0,2615.0,2670.0,348675,0.0,0.0
2021-04-08 00:00:00+09:00,2700.0,2700.0,2500.0,2550.0,502365,0.0,0.0
2021-04-09 00:00:00+09:00,2550.0,2600.0,2505.0,2590.0,201017,0.0,0.0
2021-04-12 00:00:00+09:00,2590.0,3100.0,2580.0,2985.0,2950475,0.0,0.0
2021-04-13 00:00:00+09:00,2955.0,2970.0,2740.0,2835.0,974177,0.0,0.0
2021-04-14 00:00:00+09:00,2840.0,2895.0,2725.0,2820.0,683916,0.0,0.0
2021-04-15 00:00:00+09:00,2820.0,2920.0,2760.0,2820.0,525530,0.0,0.0
2021-04-16 00:00:00+09:00,2820.0,2865.0,2755.0,2780.0,254698,0.0,0.0
2021-04-19 00:00:00+09:00,2780.0,2825.0,2745.0,2780.0,187665,0.0,0.0
2021-04-20 00:00:00+09:00,2780.0,2780.0,2725.0,2745.0,190499,0.0,0.0
2021-04-21 00:00:00+09:00,2745.0,2765.0,2700.0,2740.0,172434,0.0,0.0
2021-04-22 00:00:00+09:00,2735.0,2735.0,2680.0,2705.0,190843,0.0,0.0
2021-04-23 00:00:00+09:00,2685.0,2840.0,2685.0,2810.0,525328,0.0,0.0
2021-04-26 00:00:00+09:00,2810.0,2945.0,2810.0,2900.0,990248,0.0,0.0
2021-04-27 00:00:00+09:00,2900.0,3355.0,2835.0,3105.0,4475673,0.0,0.0
2021-04-28 00:00:00+09:00,3095.0,3100.0,2820.0,2825.0,1015043,0.0,0.0
2021-04-29 00:00:00+09:00,2820.0,3190.0,2800.0,3190.0,2502573,0.0,0.0
2021-04-30 00:00:00+09:00,3420.0,3755.0,3275.0,3340.0,3718213,0.0,0.0
2021-05-03 00:00:00+09:00,3340.0,3340.0,3075.0,3225.0,781876,0.0,0.0
2021-05-04 00:00:00+09:00,3185.0,3440.0,3180.0,3180.0,1312801,0.0,0.0
2021-05-06 00:00:00+09:00,3180.0,3370.0,3145.0,3340.0,593473,0.0,0.0
2021-05-07 00:00:00+09:00,3410.0,3425.0,3260.0,3305.0,582634,0.0,0.0
2021-05-10 00:00:00+09:00,3610.0,4295.0,3450.0,4295.0,10216020,0.0,0.0
2021-05-11 00:00:00+09:00,4950.0,5580.0,4900.0,5580.0,21221890,0.0,0.0
2021-05-12 00:00:00+09:00,5870.0,5870.0,5230.0,5590.0,8567117,0.0,0.0
2021-05-13 00:00:00+09:00,5220.0,5300.0,4890.0,5010.0,2506613,0.0,0.0
2021-05-14 00:00:00+09:00,4995.0,5000.0,4550.0,4700.0,1982996,0.0,0.0
2021-05-17 00:00:00+09:00,4805.0,4970.0,4650.0,4895.0,2172328,0.0,0.0
2021-05-18 00:00:00+09:00,4880.0,4885.0,4610.0,4735.0,1059048,0.0,0.0
2021-05-20 00:00:00+09:00,4640.0,4670.0,4380.0,4555.0,803777,0.0,0.0
2021-05-21 00:00:00+09:00,4620.0,4620.0,4400.0,4450.0,436392,0.0,0.0
2021-05-24 00:00:00+09:00,4430.0,4630.0,4305.0,4630.0,808571,0.0,0.0
2021-05-25 00:00:00+09:00,4560.0,4765.0,4550.0,4695.0,728384,0.0,0.0
2021-05-26 00:00:00+09:00,4630.0,4685.0,4575.0,4655.0,460992,0.0,0.0
2021-05-27 00:00:00+09:00,4625.0,4775.0,4610.0,4730.0,620157,0.0,0.0
2021-05-28 00:00:00+09:00,4730.0,4840.0,4635.0,4840.0,1215123,0.0,0.0
2021-05-31 00:00:00+09:00,4905.0,5120.0,4840.0,4955.0,2270391,0.0,0.0
2021-06-01 00:00:00+09:00,5030.0,5030.0,4840.0,4840.0,816235,0.0,0.0
2021-06-02 00:00:00+09:00,4785.0,4830.0,4670.0,4710.0,599209,0.0,0.0
2021-06-03 00:00:00+09:00,4735.0,4905.0,4690.0,4810.0,591967,0.0,0.0
2021-06-04 00:00:00+09:00,4810.0,4810.0,4625.0,4630.0,589625,0.0,0.0
2021-06-07 00:00:00+09:00,4600.0,4600.0,4355.0,4395.0,826816,0.0,0.0
2021-06-08 00:00:00+09:00,4395.0,4420.0,4300.0,4315.0,461796,0.0,0.0
2021-06-09 00:00:00+09:00,4315.0,4420.0,4315.0,4355.0,223664,0.0,0.0
2021-06-10 00:00:00+09:00,4355.0,4365.0,4280.0,4335.0,208075,0.0,0.0
2021-06-11 00:00:00+09:00,4335.0,4440.0,4310.0,4400.0,222619,0.0,0.0
2021-06-14 00:00:00+09:00,4405.0,4490.0,4355.0,4490.0,297615,0.0,0.0
2021-06-15 00:00:00+09:00,4495.0,4510.0,4380.0,4415.0,236922,0.0,0.0
2021-06-16 00:00:00+09:00,4415.0,4500.0,4390.0,4400.0,247458,0.0,0.0
2021-06-17 00:00:00+09:00,4380.0,4425.0,4330.0,4345.0,222726,0.0,0.0
2021-06-18 00:00:00+09:00,4345.0,4350.0,4185.0,4185.0,432052,0.0,0.0
2021-06-21 00:00:00+09:00,4140.0,4185.0,4110.0,4145.0,211116,0.0,0.0
2021-06-22 00:00:00+09:00,4145.0,4350.0,4145.0,4225.0,378742,0.0,0.0
2021-06-23 00:00:00+09:00,4245.0,4305.0,4150.0,4155.0,224879,0.0,0.0
2021-06-24 00:00:00+09:00,4160.0,4240.0,4135.0,4235.0,190053,0.0,0.0
2021-06-25 00:00:00+09:00,4335.0,4620.0,4325.0,4495.0,1323817,0.0,0.0
2021-06-28 00:00:00+09:00,4535.0,4875.0,4530.0,4665.0,1864408,0.0,0.0
2021-06-29 00:00:00+09:00,4620.0,4625.0,4405.0,4535.0,818627,0.0,0.0
2021-06-30 00:00:00+09:00,4535.0,4535.0,4415.0,4450.0,308203,0.0,0.0
2021-07-01 00:00:00+09:00,4470.0,4490.0,4395.0,4400.0,208248,0.0,0.0
2021-07-02 00:00:00+09:00,4405.0,4450.0,4360.0,4385.0,204513,0.0,0.0
2021-07-05 00:00:00+09:00,4400.0,4400.0,4295.0,4310.0,207183,0.0,0.0
2021-07-06 00:00:00+09:00,4330.0,4345.0,4270.0,4320.0,191128,0.0,0.0
2021-07-07 00:00:00+09:00,4320.0,4335.0,4210.0,4270.0,284274,0.0,0.0
2021-07-08 00:00:00+09:00,4270.0,4435.0,4260.0,4300.0,343983,0.0,0.0
2021-07-09 00:00:00+09:00,4210.0,4245.0,4045.0,4155.0,323076,0.0,0.0
2021-07-12 00:00:00+09:00,4145.0,4400.0,4100.0,4345.0,429127,0.0,0.0
2021-07-13 00:00:00+09:00,4355.0,4370.0,4280.0,4290.0,182459,0.0,0.0
2021-07-14 00:00:00+09:00,4290.0,4290.0,4015.0,4140.0,284430,0.0,0.0
2021-07-15 00:00:00+09:00,4140.0,4220.0,4100.0,4220.0,145595,0.0,0.0
2021-07-16 00:00:00+09:00,4215.0,4215.0,4120.0,4125.0,142792,0.0,0.0
2021-07-19 00:00:00+09:00,4085.0,4125.0,4010.0,4035.0,175764,0.0,0.0
2021-07-20 00:00:00+09:00,4015.0,4015.0,3900.0,3945.0,196904,0.0,0.0
2021-07-21 00:00:00+09:00,3945.0,4030.0,3860.0,3870.0,164175,0.0,0.0
2021-07-22 00:00:00+09:00,3870.0,3940.0,3865.0,3925.0,127283,0.0,0.0
2021-07-23 00:00:00+09:00,3940.0,4080.0,3930.0,4080.0,160735,0.0,0.0
2021-07-26 00:00:00+09:00,4100.0,4125.0,4035.0,4045.0,126159,0.0,0.0
2021-07-27 00:00:00+09:00,4045.0,4195.0,4025.0,4170.0,207228,0.0,0.0
2021-07-28 00:00:00+09:00,4130.0,4225.0,4025.0,4115.0,143395,0.0,0.0
2021-07-29 00:00:00+09:00,4095.0,4095.0,4005.0,4050.0,93694,0.0,0.0
2021-07-30 00:00:00+09:00,4110.0,4260.0,4045.0,4260.0,480293,0.0,0.0
2021-08-02 00:00:00+09:00,4940.0,5150.0,4520.0,4660.0,8093612,0.0,0.0
2021-08-03 00:00:00+09:00,4835.0,5050.0,4345.0,4390.0,3565266,0.0,0.0
2021-08-04 00:00:00+09:00,4390.0,4500.0,4285.0,4300.0,748360,0.0,0.0
2021-08-05 00:00:00+09:00,4330.0,4330.0,4245.0,4245.0,415860,0.0,0.0
2021-08-06 00:00:00+09:00,4230.0,4255.0,4150.0,4150.0,420672,0.0,0.0
2021-08-09 00:00:00+09:00,4175.0,4180.0,4015.0,4015.0,361615,0.0,0.0
2021-08-10 00:00:00+09:00,4005.0,4070.0,3990.0,4000.0,218686,0.0,0.0
2021-08-11 00:00:00+09:00,3990.0,4055.0,3980.0,4005.0,178026,0.0,0.0
2021-08-12 00:00:00+09:00,4005.0,4030.0,3925.0,3930.0,201670,0.0,0.0
2021-08-13 00:00:00+09:00,3930.0,3940.0,3745.0,3900.0,282020,0.0,0.0
2021-08-17 00:00:00+09:00,3845.0,3845.0,3715.0,3750.0,187026,0.0,0.0
2021-08-18 00:00:00+09:00,3750.0,4120.0,3745.0,4000.0,420974,0.0,0.0
2021-08-19 00:00:00+09:00,4135.0,4180.0,3995.0,4020.0,516170,0.0,0.0
2021-08-20 00:00:00+09:00,4000.0,4045.0,3810.0,3825.0,188123,0.0,0.0
2021-08-23 00:00:00+09:00,3825.0,3925.0,3670.0,3860.0,162328,0.0,0.0
2021-08-24 00:00:00+09:00,4030.0,4030.0,3905.0,3970.0,112138,0.0,0.0
2021-08-25 00:00:00+09:00,3985.0,4025.0,3900.0,3940.0,99736,0.0,0.0
2021-08-26 00:00:00+09:00,3940.0,3970.0,3880.0,3885.0,63243,0.0,0.0
2021-08-27 00:00:00+09:00,3855.0,3925.0,3815.0,3870.0,70012,0.0,0.0
2021-08-30 00:00:00+09:00,3870.0,4015.0,3870.0,3975.0,159025,0.0,0.0
2021-08-31 00:00:00+09:00,3980.0,4015.0,3910.0,4015.0,179804,0.0,0.0
2021-09-01 00:00:00+09:00,4020.0,4090.0,4015.0,4070.0,139011,0.0,0.0
2021-09-02 00:00:00+09:00,4070.0,4185.0,4070.0,4130.0,131202,0.0,0.0
2021-09-03 00:00:00+09:00,4130.0,4170.0,4085.0,4150.0,68087,0.0,0.0
2021-09-06 00:00:00+09:00,4180.0,4215.0,4055.0,4100.0,142579,0.0,0.0
2021-09-07 00:00:00+09:00,4100.0,4230.0,4100.0,4170.0,154730,0.0,0.0
2021-09-08 00:00:00+09:00,4170.0,4265.0,4130.0,4220.0,144579,0.0,0.0
2021-09-09 00:00:00+09:00,4175.0,4265.0,4160.0,4220.0,212690,0.0,0.0
2021-09-10 00:00:00+09:00,4220.0,4245.0,4060.0,4120.0,180189,0.0,0.0
2021-09-13 00:00:00+09:00,4120.0,4290.0,4110.0,4160.0,250497,0.0,0.0
2021-09-14 00:00:00+09:00,4145.0,4145.0,4055.0,4085.0,131158,0.0,0.0
2021-09-15 00:00:00+09:00,4095.0,4150.0,4075.0,4150.0,98109,0.0,0.0
2021-09-16 00:00:00+09:00,4150.0,4220.0,4080.0,4100.0,92966,0.0,0.0
2021-09-17 00:00:00+09:00,4100.0,4120.0,4030.0,4100.0,63744,0.0,0.0
2021-09-23 00:00:00+09:00,4075.0,4080.0,3920.0,4045.0,105983,0.0,0.0
2021-09-24 00:00:00+09:00,3970.0,4095.0,3950.0,4055.0,132366,0.0,0.0
2021-09-27 00:00:00+09:00,4055.0,4055.0,3930.0,3940.0,120660,0.0,0.0
2021-09-28 00:00:00+09:00,3940.0,3940.0,3760.0,3770.0,171505,0.0,0.0
2021-09-29 00:00:00+09:00,3680.0,3730.0,3610.0,3690.0,120308,0.0,0.0
2021-09-30 00:00:00+09:00,3680.0,3765.0,3640.0,3750.0,73868,0.0,0.0
2021-10-01 00:00:00+09:00,3750.0,3750.0,3585.0,3625.0,96101,0.0,0.0
2021-10-05 00:00:00+09:00,3520.0,3595.0,3400.0,3465.0,127827,0.0,0.0
2021-10-06 00:00:00+09:00,3465.0,3510.0,3200.0,3280.0,159273,0.0,0.0
2021-10-07 00:00:00+09:00,3280.0,3475.0,3275.0,3475.0,94225,0.0,0.0
2021-10-08 00:00:00+09:00,3635.0,3635.0,3350.0,3460.0,141906,0.0,0.0
2021-10-12 00:00:00+09:00,3460.0,3540.0,3405.0,3405.0,78975,0.0,0.0
2021-10-13 00:00:00+09:00,3375.0,3535.0,3230.0,3530.0,138400,0.0,0.0
2021-10-14 00:00:00+09:00,3615.0,3640.0,3530.0,3630.0,162983,0.0,0.0
2021-10-15 00:00:00+09:00,3640.0,3685.0,3625.0,3665.0,77356,0.0,0.0
2021-10-18 00:00:00+09:00,3665.0,3690.0,3630.0,3630.0,74496,0.0,0.0
2021-10-19 00:00:00+09:00,3630.0,3670.0,3590.0,3660.0,54111,0.0,0.0
2021-10-20 00:00:00+09:00,3675.0,3720.0,3605.0,3620.0,66649,0.0,0.0
2021-10-21 00:00:00+09:00,3595.0,3620.0,3535.0,3535.0,61561,0.0,0.0
2021-10-22 00:00:00+09:00,3535.0,3540.0,3450.0,3450.0,55107,0.0,0.0
2021-10-25 00:00:00+09:00,3450.0,3545.0,3430.0,3540.0,48075,0.0,0.0
2021-10-26 00:00:00+09:00,3540.0,3610.0,3400.0,3525.0,90221,0.0,0.0
2021-10-27 00:00:00+09:00,4010.0,4195.0,3630.0,3670.0,1844343,0.0,0.0
2021-10-28 00:00:00+09:00,3700.0,3735.0,3600.0,3610.0,151888,0.0,0.0
2021-10-29 00:00:00+09:00,3610.0,3700.0,3525.0,3525.0,131377,0.0,0.0
2021-11-01 00:00:00+09:00,3525.0,3525.0,3420.0,3520.0,137537,0.0,0.0
2021-11-02 00:00:00+09:00,3520.0,3610.0,3520.0,3570.0,61554,0.0,0.0
2021-11-03 00:00:00+09:00,3580.0,3585.0,3465.0,3500.0,67151,0.0,0.0
2021-11-04 00:00:00+09:00,3500.0,3525.0,3440.0,3490.0,73778,0.0,0.0
2021-11-05 00:00:00+09:00,3490.0,3515.0,3380.0,3385.0,78293,0.0,0.0
2021-11-08 00:00:00+09:00,3350.0,3385.0,3295.0,3385.0,83474,0.0,0.0
2021-11-09 00:00:00+09:00,3445.0,3560.0,3350.0,3370.0,83508,0.0,0.0
2021-11-10 00:00:00+09:00,3370.0,3380.0,3230.0,3255.0,66870,0.0,0.0
2021-11-11 00:00:00+09:00,3190.0,3255.0,3170.0,3210.0,94713,0.0,0.0
2021-11-12 00:00:00+09:00,3195.0,3300.0,3175.0,3280.0,78550,0.0,0.0
2021-11-15 00:00:00+09:00,3340.0,3565.0,3285.0,3505.0,259305,0.0,0.0
2021-11-16 00:00:00+09:00,3525.0,3640.0,3405.0,3405.0,208434,0.0,0.0
2021-11-17 00:00:00+09:00,3410.0,3565.0,3405.0,3535.0,204406,0.0,0.0
2021-11-18 00:00:00+09:00,3535.0,3595.0,3455.0,3550.0,135581,0.0,0.0
2021-11-19 00:00:00+09:00,3560.0,3700.0,3540.0,3670.0,111770,0.0,0.0
2021-11-22 00:00:00+09:00,3670.0,3700.0,3520.0,3570.0,80561,0.0,0.0
2021-11-23 00:00:00+09:00,3515.0,3640.0,3510.0,3575.0,48802,0.0,0.0
2021-11-24 00:00:00+09:00,3525.0,3525.0,3420.0,3420.0,67285,0.0,0.0
2021-11-25 00:00:00+09:00,3415.0,3525.0,3410.0,3480.0,70560,0.0,0.0
2021-11-26 00:00:00+09:00,3475.0,3475.0,3320.0,3320.0,54002,0.0,0.0
2021-11-29 00:00:00+09:00,3205.0,3250.0,3115.0,3170.0,86610,0.0,0.0
2021-11-30 00:00:00+09:00,3170.0,3235.0,2990.0,3030.0,184844,0.0,0.0
2021-12-01 00:00:00+09:00,3030.0,3115.0,2940.0,3070.0,94483,0.0,0.0
2021-12-02 00:00:00+09:00,3070.0,3190.0,3070.0,3180.0,50316,0.0,0.0
2021-12-03 00:00:00+09:00,3210.0,3260.0,3185.0,3250.0,33564,0.0,0.0
2021-12-06 00:00:00+09:00,3250.0,3310.0,3250.0,3290.0,49124,0.0,0.0
2021-12-07 00:00:00+09:00,3300.0,3400.0,3280.0,3325.0,65996,0.0,0.0
2021-12-08 00:00:00+09:00,3355.0,3380.0,3325.0,3355.0,42844,0.0,0.0
2021-12-09 00:00:00+09:00,3355.0,3405.0,3325.0,3395.0,32078,0.0,0.0
2021-12-10 00:00:00+09:00,3360.0,3420.0,3335.0,3340.0,40431,0.0,0.0
2021-12-13 00:00:00+09:00,3330.0,3385.0,3285.0,3330.0,62118,0.0,0.0
2021-12-14 00:00:00+09:00,3310.0,3960.0,3305.0,3520.0,1240746,0.0,0.0
2021-12-15 00:00:00+09:00,3520.0,3520.0,3400.0,3445.0,114406,0.0,0.0
2021-12-16 00:00:00+09:00,3445.0,3515.0,3425.0,3475.0,88983,0.0,0.0
2021-12-17 00:00:00+09:00,3475.0,3560.0,3460.0,3530.0,140215,0.0,0.0
2021-12-20 00:00:00+09:00,3520.0,3520.0,3395.0,3440.0,87866,0.0,0.0
2021-12-21 00:00:00+09:00,3400.0,3440.0,3280.0,3280.0,165918,0.0,0.0
2021-12-22 00:00:00+09:00,3310.0,3365.0,3300.0,3330.0,59484,0.0,0.0
2021-12-23 00:00:00+09:00,3340.0,3475.0,3340.0,3435.0,104249,0.0,0.0
2021-12-24 00:00:00+09:00,3440.0,3475.0,3435.0,3455.0,52362,0.0,0.0
2021-12-27 00:00:00+09:00,3470.0,3550.0,3460.0,3510.0,84546,0.0,0.0
2021-12-28 00:00:00+09:00,3515.0,3540.0,3475.0,3485.0,66554,0.0,0.0
2021-12-29 00:00:00+09:00,3470.0,3475.0,3355.0,3455.0,54333,0.0,0.0
2021-12-30 00:00:00+09:00,3450.0,3505.0,3375.0,3490.0,59671,0.0,0.0
2022-01-04 00:00:00+09:00,3545.0,3590.0,3505.0,3555.0,75002,0.0,0.0
2022-01-05 00:00:00+09:00,3555.0,3740.0,3545.0,3700.0,269620,0.0,0.0
2022-01-06 00:00:00+09:00,3645.0,3795.0,3585.0,3750.0,239401,0.0,0.0
2022-01-07 00:00:00+09:00,3755.0,3830.0,3690.0,3785.0,124426,0.0,0.0
2022-01-10 00:00:00+09:00,3810.0,3810.0,3585.0,3650.0,143430,0.0,0.0
2022-01-11 00:00:00+09:00,3650.0,3680.0,3540.0,3585.0,79000,0.0,0.0
2022-01-12 00:00:00+09:00,3585.0,3760.0,3585.0,3760.0,114307,0.0,0.0
2022-01-13 00:00:00+09:00,3795.0,3830.0,3730.0,3770.0,102148,0.0,0.0
2022-01-14 00:00:00+09:00,3770.0,3770.0,3695.0,3745.0,67346,0.0,0.0
2022-01-17 00:00:00+09:00,3710.0,3710.0,3475.0,3610.0,75206,0.0,0.0
2022-01-18 00:00:00+09:00,3595.0,3595.0,3375.0,3395.0,94973,0.0,0.0
2022-01-19 00:00:00+09:00,3345.0,3495.0,3285.0,3470.0,86263,0.0,0.0
2022-01-20 00:00:00+09:00,3470.0,3590.0,3415.0,3590.0,42940,0.0,0.0
2022-01-21 00:00:00+09:00,3590.0,3620.0,3480.0,3490.0,57730,0.0,0.0
2022-01-24 00:00:00+09:00,3415.0,3425.0,3260.0,3280.0,95017,0.0,0.0
2022-01-25 00:00:00+09:00,3280.0,3770.0,3200.0,3300.0,1195701,0.0,0.0
2022-01-26 00:00:00+09:00,3290.0,3780.0,3290.0,3700.0,968639,0.0,0.0
2022-01-27 00:00:00+09:00,3695.0,3700.0,3460.0,3500.0,261878,0.0,0.0
2022-01-28 00:00:00+09:00,3500.0,3700.0,3400.0,3650.0,233076,0.0,0.0
2022-02-03 00:00:00+09:00,3685.0,3820.0,3650.0,3815.0,229905,0.0,0.0
2022-02-04 00:00:00+09:00,3780.0,3875.0,3705.0,3835.0,224591,0.0,0.0
2022-02-07 00:00:00+09:00,3835.0,3840.0,3740.0,3760.0,102713,0.0,0.0
2022-02-08 00:00:00+09:00,3760.0,3820.0,3635.0,3675.0,111939,0.0,0.0
2022-02-09 00:00:00+09:00,3675.0,3840.0,3675.0,3825.0,124855,0.0,0.0
2022-02-10 00:00:00+09:00,3865.0,3890.0,3730.0,3755.0,95941,0.0,0.0
2022-02-11 00:00:00+09:00,3755.0,3820.0,3695.0,3745.0,105554,0.0,0.0
2022-02-14 00:00:00+09:00,3660.0,3680.0,3530.0,3615.0,126218,0.0,0.0
2022-02-15 00:00:00+09:00,3580.0,3600.0,3375.0,3390.0,145032,0.0,0.0
2022-02-16 00:00:00+09:00,3445.0,3590.0,3445.0,3590.0,142439,0.0,0.0
2022-02-17 00:00:00+09:00,3630.0,3720.0,3535.0,3605.0,120195,0.0,0.0
2022-02-18 00:00:00+09:00,3545.0,4000.0,3520.0,4000.0,1115327,0.0,0.0
2022-02-21 00:00:00+09:00,3925.0,3955.0,3825.0,3930.0,311044,0.0,0.0
2022-02-22 00:00:00+09:00,3810.0,3890.0,3750.0,3755.0,324908,0.0,0.0
2022-02-23 00:00:00+09:00,3805.0,4090.0,3800.0,4085.0,1070188,0.0,0.0
2022-02-24 00:00:00+09:00,4000.0,4145.0,3930.0,4145.0,578299,0.0,0.0
2022-02-25 00:00:00+09:00,4085.0,4100.0,3710.0,3720.0,1029202,0.0,0.0
2022-02-28 00:00:00+09:00,3725.0,3760.0,3600.0,3620.0,282823,0.0,0.0
2022-03-02 00:00:00+09:00,3645.0,3740.0,3555.0,3705.0,258883,0.0,0.0
2022-03-03 00:00:00+09:00,3775.0,3795.0,3665.0,3680.0,247387,0.0,0.0
2022-03-04 00:00:00+09:00,3680.0,3790.0,3675.0,3765.0,226678,0.0,0.0
2022-03-07 00:00:00+09:00,3700.0,3800.0,3560.0,3630.0,198495,0.0,0.0
2022-03-08 00:00:00+09:00,3545.0,3600.0,3325.0,3400.0,260055,0.0,0.0
2022-03-10 00:00:00+09:00,3430.0,3550.0,3370.0,3415.0,123054,0.0,0.0
2022-03-11 00:00:00+09:00,3465.0,3480.0,3415.0,3440.0,77509,0.0,0.0
2022-03-14 00:00:00+09:00,3440.0,3545.0,3395.0,3400.0,115134,0.0,0.0
2022-03-15 00:00:00+09:00,3375.0,3400.0,3220.0,3290.0,147077,0.0,0.0
2022-03-16 00:00:00+09:00,3325.0,3390.0,3270.0,3335.0,97644,0.0,0.0
2022-03-17 00:00:00+09:00,3385.0,3410.0,3350.0,3365.0,101034,0.0,0.0
2022-03-18 00:00:00+09:00,3500.0,3570.0,3400.0,3430.0,243231,0.0,0.0
2022-03-21 00:00:00+09:00,3480.0,3485.0,3425.0,3450.0,141153,0.0,0.0
2022-03-22 00:00:00+09:00,3450.0,3475.0,3430.0,3470.0,143553,0.0,0.0
2022-03-23 00:00:00+09:00,3600.0,4060.0,3580.0,3835.0,2679553,0.0,0.0
2022-03-24 00:00:00+09:00,3820.0,3855.0,3680.0,3705.0,456626,0.0,0.0
2022-03-25 00:00:00+09:00,3735.0,3750.0,3615.0,3645.0,196890,0.0,0.0
2022-03-28 00:00:00+09:00,3660.0,3700.0,3620.0,3645.0,119661,0.0,0.0
2022-03-29 00:00:00+09:00,3645.0,3695.0,3590.0,3600.0,165664,0.0,0.0
2022-03-30 00:00:00+09:00,3620.0,3620.0,3480.0,3495.0,222942,0.0,0.0
2022-03-31 00:00:00+09:00,3495.0,3570.0,3480.0,3550.0,153635,0.0,0.0
2022-04-01 00:00:00+09:00,3550.0,3585.0,3500.0,3505.0,162917,0.0,0.0
2022-04-04 00:00:00+09:00,3485.0,3515.0,3445.0,3505.0,192065,0.0,0.0
2022-04-05 00:00:00+09:00,3510.0,3555.0,3490.0,3515.0,126438,0.0,0.0
2022-04-06 00:00:00+09:00,3535.0,3645.0,3520.0,3555.0,241183,0.0,0.0
2022-04-07 00:00:00+09:00,3520.0,3520.0,3375.0,3395.0,220512,0.0,0.0
2022-04-08 00:00:00+09:00,3375.0,3450.0,3375.0,3435.0,116492,0.0,0.0
2022-04-11 00:00:00+09:00,3435.0,3455.0,3380.0,3400.0,103542,0.0,0.0
2022-04-12 00:00:00+09:00,3380.0,3400.0,3330.0,3400.0,99881,0.0,0.0
2022-04-13 00:00:00+09:00,3480.0,3525.0,3400.0,3420.0,139169,0.0,0.0
2022-04-14 00:00:00+09:00,3445.0,3545.0,3430.0,3525.0,269434,0.0,0.0
2022-04-15 00:00:00+09:00,3520.0,3625.0,3480.0,3615.0,231505,0.0,0.0
2022-04-18 00:00:00+09:00,3615.0,3620.0,3540.0,3590.0,106066,0.0,0.0
2022-04-19 00:00:00+09:00,3575.0,3645.0,3525.0,3615.0,172869,0.0,0.0
2022-04-20 00:00:00+09:00,3615.0,4050.0,3590.0,3855.0,2141032,0.0,0.0
2022-04-21 00:00:00+09:00,3865.0,3875.0,3715.0,3740.0,523849,0.0,0.0
2022-04-22 00:00:00+09:00,3680.0,3730.0,3620.0,3680.0,204376,0.0,0.0
2022-04-25 00:00:00+09:00,3560.0,3760.0,3535.0,3665.0,317168,0.0,0.0
2022-04-26 00:00:00+09:00,3655.0,3720.0,3620.0,3700.0,226696,0.0,0.0
2022-04-27 00:00:00+09:00,3585.0,3735.0,3565.0,3670.0,163216,0.0,0.0
2022-04-28 00:00:00+09:00,3765.0,3950.0,3705.0,3845.0,1152617,0.0,0.0
2022-04-29 00:00:00+09:00,3855.0,3990.0,3750.0,3915.0,853342,0.0,0.0
2022-05-03 00:00:00+09:00,3820.0,4160.0,3770.0,3880.0,1533204,0.0,0.0
2022-05-04 00:00:00+09:00,3860.0,3865.0,3690.0,3745.0,445272,0.0,0.0
2022-05-06 00:00:00+09:00,3620.0,3720.0,3615.0,3615.0,177567,0.0,0.0
2022-05-10 00:00:00+09:00,3305.0,3425.0,3240.0,3415.0,192464,0.0,0.0
2022-05-11 00:00:00+09:00,3390.0,3455.0,3370.0,3380.0,123834,0.0,0.0
2022-05-12 00:00:00+09:00,3345.0,3445.0,3250.0,3250.0,192181,0.0,0.0
2022-05-13 00:00:00+09:00,3250.0,3375.0,3250.0,3325.0,79506,0.0,0.0
2022-05-16 00:00:00+09:00,3385.0,3420.0,3320.0,3390.0,93619,0.0,0.0
2022-05-17 00:00:00+09:00,3270.0,3335.0,3265.0,3285.0,261996,0.0,0.0
2022-05-18 00:00:00+09:00,3315.0,3320.0,3230.0,3245.0,176651,0.0,0.0
2022-05-19 00:00:00+09:00,3210.0,3210.0,3145.0,3195.0,124117,0.0,0.0
2022-05-20 00:00:00+09:00,3305.0,3350.0,3205.0,3215.0,170647,0.0,0.0
2022-05-23 00:00:00+09:00,3225.0,3225.0,3135.0,3135.0,131017,0.0,0.0
2022-05-24 00:00:00+09:00,3165.0,3175.0,3090.0,3095.0,76812,0.0,0.0
2022-05-25 00:00:00+09:00,3095.0,3120.0,3035.0,3040.0,130041,0.0,0.0
2022-05-26 00:00:00+09:00,3045.0,3095.0,3030.0,3030.0,65839,0.0,0.0
2022-05-27 00:00:00+09:00,3075.0,3085.0,3030.0,3070.0,43752,0.0,0.0
2022-05-30 00:00:00+09:00,3070.0,3125.0,3070.0,3115.0,37224,0.0,0.0
2022-05-31 00:00:00+09:00,3090.0,3160.0,3080.0,3155.0,70739,0.0,0.0
2022-06-02 00:00:00+09:00,3150.0,3150.0,3095.0,3125.0,72428,0.0,0.0
2022-06-03 00:00:00+09:00,3125.0,3210.0,3120.0,3190.0,72308,0.0,0.0
2022-06-07 00:00:00+09:00,3190.0,3190.0,3155.0,3155.0,61222,0.0,0.0
2022-06-08 00:00:00+09:00,3155.0,3190.0,3150.0,3155.0,30512,0.0,0.0
2022-06-09 00:00:00+09:00,3155.0,3155.0,3045.0,3070.0,49616,0.0,0.0
2022-06-10 00:00:00+09:00,3070.0,3095.0,3035.0,3055.0,38533,0.0,0.0
2022-06-13 00:00:00+09:00,3025.0,3025.0,2815.0,2815.0,110551,0.0,0.0
2022-06-14 00:00:00+09:00,2665.0,2795.0,2665.0,2775.0,106531,0.0,0.0
2022-06-15 00:00:00+09:00,2745.0,2765.0,2660.0,2690.0,65186,0.0,0.0
2022-06-16 00:00:00+09:00,2700.0,2820.0,2700.0,2755.0,42824,0.0,0.0
2022-06-17 00:00:00+09:00,2705.0,2710.0,2600.0,2700.0,37301,0.0,0.0
2022-06-20 00:00:00+09:00,2700.0,2700.0,2450.0,2550.0,87142,0.0,0.0
2022-06-21 00:00:00+09:00,2550.0,2575.0,2470.0,2555.0,44022,0.0,0.0
2022-06-22 00:00:00+09:00,2545.0,2580.0,2320.0,2340.0,177604,0.0,0.0
2022-06-23 00:00:00+09:00,2360.0,2385.0,2200.0,2385.0,127503,0.0,0.0
2022-06-24 00:00:00+09:00,2325.0,2415.0,2275.0,2410.0,81328,0.0,0.0
2022-06-27 00:00:00+09:00,2485.0,2490.0,2405.0,2465.0,51836,0.0,0.0
2022-06-28 00:00:00+09:00,2465.0,2510.0,2380.0,2425.0,59576,0.0,0.0
2022-06-29 00:00:00+09:00,2425.0,2435.0,2350.0,2420.0,48177,0.0,0.0
2022-06-30 00:00:00+09:00,2420.0,2430.0,2345.0,2360.0,28923,0.0,0.0
2022-07-01 00:00:00+09:00,2290.0,2380.0,2270.0,2290.0,101415,0.0,0.0
2022-07-04 00:00:00+09:00,2350.0,2350.0,2175.0,2175.0,82927,0.0,0.0
2022-07-05 00:00:00+09:00,2190.0,2335.0,2190.0,2330.0,58327,0.0,0.0
2022-07-06 00:00:00+09:00,2490.0,2490.0,2295.0,2295.0,53994,0.0,0.0
2022-07-07 00:00:00+09:00,2295.0,2360.0,2240.0,2355.0,38405,0.0,0.0
2022-07-08 00:00:00+09:00,2360.0,2440.0,2360.0,2435.0,52772,0.0,0.0
2022-07-11 00:00:00+09:00,2435.0,2455.0,2395.0,2410.0,29753,0.0,0.0
2022-07-12 00:00:00+09:00,2390.0,2405.0,2315.0,2330.0,50733,0.0,0.0
2022-07-13 00:00:00+09:00,2310.0,2995.0,2285.0,2545.0,2265889,0.0,0.0
2022-07-14 00:00:00+09:00,2545.0,2570.0,2445.0,2490.0,288184,0.0,0.0
2022-07-15 00:00:00+09:00,2485.0,2485.0,2390.0,2485.0,175574,0.0,0.0
2022-07-18 00:00:00+09:00,2470.0,2495.0,2420.0,2495.0,107642,0.0,0.0
2022-07-19 00:00:00+09:00,2470.0,2495.0,2435.0,2485.0,74532,0.0,0.0
2022-07-20 00:00:00+09:00,2500.0,3000.0,2495.0,2780.0,7763530,0.0,0.0
2022-07-21 00:00:00+09:00,2830.0,2855.0,2740.0,2780.0,487236,0.0,0.0
2022-07-22 00:00:00+09:00,2795.0,2795.0,2700.0,2700.0,212885,0.0,0.0
2022-07-25 00:00:00+09:00,2670.0,2750.0,2640.0,2670.0,194750,0.0,0.0
2022-07-26 00:00:00+09:00,2690.0,2710.0,2635.0,2675.0,127891,0.0,0.0
2022-07-27 00:00:00+09:00,2670.0,2755.0,2655.0,2720.0,163528,0.0,0.0
2022-07-28 00:00:00+09:00,2730.0,2760.0,2700.0,2740.0,137867,0.0,0.0
2022-07-29 00:00:00+09:00,2750.0,2820.0,2700.0,2730.0,178758,0.0,0.0
2022-08-01 00:00:00+09:00,2735.0,2780.0,2700.0,2735.0,61271,0.0,0.0
2022-08-02 00:00:00+09:00,2710.0,2730.0,2645.0,2670.0,125537,0.0,0.0
2022-08-03 00:00:00+09:00,2670.0,2740.0,2640.0,2740.0,82001,0.0,0.0
2022-08-04 00:00:00+09:00,2740.0,2785.0,2715.0,2750.0,70067,0.0,0.0
2022-08-05 00:00:00+09:00,2750.0,2770.0,2720.0,2745.0,59571,0.0,0.0
2022-08-08 00:00:00+09:00,2745.0,2770.0,2700.0,2715.0,56560,0.0,0.0
2022-08-09 00:00:00+09:00,2715.0,2920.0,2715.0,2790.0,346530,0.0,0.0
2022-08-10 00:00:00+09:00,2790.0,2790.0,2715.0,2720.0,86819,0.0,0.0
2022-08-11 00:00:00+09:00,2725.0,2810.0,2725.0,2790.0,134048,0.0,0.0
2022-08-12 00:00:00+09:00,2800.0,2815.0,2765.0,2785.0,73811,0.0,0.0
2022-08-16 00:00:00+09:00,2840.0,2895.0,2770.0,2770.0,188476,0.0,0.0
2022-08-17 00:00:00+09:00,2745.0,2765.0,2655.0,2670.0,99827,0.0,0.0
2022-08-18 00:00:00+09:00,2630.0,2665.0,2560.0,2590.0,104110,0.0,0.0
2022-08-19 00:00:00+09:00,2590.0,2640.0,2570.0,2595.0,59589,0.0,0.0
2022-08-22 00:00:00+09:00,2595.0,2595.0,2455.0,2515.0,83184,0.0,0.0
2022-08-23 00:00:00+09:00,2460.0,2965.0,2440.0,2485.0,5369632,0.0,0.0
2022-08-24 00:00:00+09:00,2490.0,2570.0,2485.0,2515.0,208918,0.0,0.0
2022-08-25 00:00:00+09:00,2540.0,2615.0,2535.0,2585.0,177515,0.0,0.0
2022-08-26 00:00:00+09:00,2610.0,2630.0,2530.0,2560.0,114692,0.0,0.0
2022-08-29 00:00:00+09:00,2500.0,2500.0,2430.0,2450.0,86387,0.0,0.0
2022-08-30 00:00:00+09:00,2435.0,2525.0,2435.0,2515.0,77143,0.0,0.0
2022-08-31 00:00:00+09:00,2530.0,2600.0,2490.0,2575.0,63384,0.0,0.0
2022-09-01 00:00:00+09:00,2575.0,2575.0,2450.0,2475.0,81657,0.0,0.0
2022-09-02 00:00:00+09:00,2465.0,2495.0,2430.0,2440.0,63915,0.0,0.0
2022-09-05 00:00:00+09:00,2430.0,2450.0,2395.0,2415.0,68480,0.0,0.0
2022-09-06 00:00:00+09:00,2395.0,2510.0,2395.0,2475.0,45508,0.0,0.0
2022-09-07 00:00:00+09:00,2490.0,2500.0,2385.0,2415.0,49384,0.0,0.0
2022-09-08 00:00:00+09:00,2420.0,2460.0,2375.0,2385.0,75230,0.0,0.0
2022-09-13 00:00:00+09:00,2435.0,2650.0,2405.0,2505.0,266580,0.0,0.0
2022-09-14 00:00:00+09:00,2465.0,2640.0,2410.0,2570.0,196619,0.0,0.0
2022-09-15 00:00:00+09:00,2605.0,2605.0,2505.0,2520.0,72427,0.0,0.0
2022-09-16 00:00:00+09:00,2490.0,2655.0,2410.0,2555.0,270937,0.0,0.0
2022-09-19 00:00:00+09:00,2540.0,2545.0,2440.0,2450.0,84880,0.0,0.0
2022-09-20 00:00:00+09:00,2450.0,2550.0,2450.0,2500.0,61053,0.0,0.0
2022-09-21 00:00:00+09:00,2475.0,2520.0,2440.0,2440.0,38929,0.0,0.0
2022-09-22 00:00:00+09:00,2435.0,2435.0,2290.0,2360.0,84045,0.0,0.0
2022-09-23 00:00:00+09:00,2360.0,2590.0,2360.0,2390.0,297042,0.0,0.0
2022-09-26 00:00:00+09:00,2390.0,2400.0,2230.0,2240.0,110542,0.0,0.0
2022-09-27 00:00:00+09:00,2125.0,2260.0,2125.0,2230.0,103957,0.0,0.0
2022-09-28 00:00:00+09:00,2230.0,2265.0,2055.0,2235.0,80724,0.0,0.0
2022-09-29 00:00:00+09:00,2305.0,2305.0,2100.0,2140.0,46295,0.0,0.0
2022-09-30 00:00:00+09:00,2070.0,2140.0,2035.0,2095.0,57812,0.0,0.0
2022-10-04 00:00:00+09:00,2110.0,2220.0,2110.0,2215.0,34984,0.0,0.0
2022-10-05 00:00:00+09:00,2250.0,2260.0,2150.0,2160.0,31760,0.0,0.0
2022-10-06 00:00:00+09:00,2180.0,2220.0,2160.0,2210.0,24680,0.0,0.0
2022-10-07 00:00:00+09:00,2245.0,2280.0,2195.0,2200.0,39021,0.0,0.0
2022-10-11 00:00:00+09:00,2190.0,2190.0,2085.0,2115.0,27584,0.0,0.0
2022-10-12 00:00:00+09:00,2070.0,2110.0,2055.0,2085.0,29767,0.0,0.0
2022-10-13 00:00:00+09:00,2065.0,2065.0,1970.0,1990.0,60953,0.0,0.0
2022-10-14 00:00:00+09:00,1995.0,2080.0,1995.0,2075.0,25044,0.0,0.0
2022-10-17 00:00:00+09:00,2080.0,2110.0,2000.0,2090.0,30265,0.0,0.0
2022-10-18 00:00:00+09:00,2145.0,2145.0,2100.0,2130.0,21980,0.0,0.0
2022-10-19 00:00:00+09:00,2135.0,2165.0,2110.0,2110.0,27635,0.0,0.0
2022-10-20 00:00:00+09:00,2110.0,2150.0,2085.0,2140.0,11076,0.0,0.0
2022-10-21 00:00:00+09:00,2115.0,2125.0,2080.0,2090.0,23187,0.0,0.0
2022-10-24 00:00:00+09:00,2095.0,2145.0,2095.0,2130.0,32622,0.0,0.0
2022-10-25 00:00:00+09:00,2180.0,2180.0,2110.0,2115.0,21079,0.0,0.0
2022-10-26 00:00:00+09:00,2120.0,2175.0,2110.0,2145.0,12991,0.0,0.0
2022-10-27 00:00:00+09:00,2145.0,2180.0,2145.0,2180.0,14131,0.0,0.0
2022-10-28 00:00:00+09:00,2180.0,2200.0,2145.0,2145.0,24422,0.0,0.0
2022-10-31 00:00:00+09:00,2215.0,2215.0,2155.0,2175.0,23064,0.0,0.0
2022-11-01 00:00:00+09:00,2200.0,2225.0,2175.0,2210.0,34121,0.0,0.0
2022-11-02 00:00:00+09:00,2215.0,2245.0,2185.0,2245.0,27152,0.0,0.0
2022-11-03 00:00:00+09:00,2210.0,2220.0,2135.0,2210.0,18821,0.0,0.0
2022-11-04 00:00:00+09:00,2190.0,2200.0,2170.0,2200.0,21820,0.0,0.0
2022-11-07 00:00:00+09:00,2200.0,2235.0,2195.0,2215.0,23771,0.0,0.0
2022-11-08 00:00:00+09:00,2215.0,2260.0,2215.0,2250.0,15136,0.0,0.0
2022-11-09 00:00:00+09:00,2230.0,2265.0,2225.0,2225.0,18568,0.0,0.0
2022-11-10 00:00:00+09:00,2225.0,2250.0,2190.0,2230.0,13142,0.0,0.0
2022-11-11 00:00:00+09:00,2285.0,2305.0,2245.0,2300.0,43663,0.0,0.0
2022-11-14 00:00:00+09:00,2300.0,2325.0,2275.0,2305.0,24001,0.0,0.0
2022-11-15 00:00:00+09:00,2300.0,2300.0,2240.0,2250.0,43794,0.0,0.0
2022-11-16 00:00:00+09:00,2265.0,2265.0,2200.0,2200.0,51283,0.0,0.0
2022-11-17 00:00:00+09:00,2200.0,2205.0,2160.0,2185.0,47282,0.0,0.0
2022-11-18 00:00:00+09:00,2160.0,2250.0,2160.0,2205.0,35339,0.0,0.0
2022-11-21 00:00:00+09:00,2205.0,2225.0,2175.0,2175.0,16489,0.0,0.0
2022-11-22 00:00:00+09:00,2170.0,2220.0,2165.0,2200.0,28198,0.0,0.0
2022-11-23 00:00:00+09:00,2200.0,2255.0,2130.0,2135.0,180819,0.0,0.0
2022-11-24 00:00:00+09:00,2145.0,2230.0,2135.0,2215.0,74157,0.0,0.0
2022-11-25 00:00:00+09:00,2215.0,2235.0,2150.0,2180.0,67500,0.0,0.0
2022-11-28 00:00:00+09:00,2180.0,2185.0,2130.0,2130.0,48949,0.0,0.0
2022-11-29 00:00:00+09:00,2105.0,2145.0,2100.0,2145.0,55678,0.0,0.0
2022-11-30 00:00:00+09:00,2145.0,2170.0,2110.0,2155.0,110887,0.0,0.0
2022-12-01 00:00:00+09:00,2155.0,2195.0,2145.0,2170.0,97691,0.0,0.0
2022-12-02 00:00:00+09:00,2165.0,2190.0,2150.0,2155.0,36934,0.0,0.0
2022-12-05 00:00:00+09:00,2160.0,2170.0,2120.0,2155.0,62498,0.0,0.0
2022-12-06 00:00:00+09:00,2150.0,2150.0,2105.0,2120.0,28059,0.0,0.0
2022-12-07 00:00:00+09:00,2120.0,2120.0,2095.0,2095.0,41242,0.0,0.0
2022-12-08 00:00:00+09:00,2080.0,2095.0,2045.0,2050.0,50505,0.0,0.0
2022-12-09 00:00:00+09:00,2045.0,2105.0,2045.0,2075.0,25285,0.0,0.0
2022-12-12 00:00:00+09:00,2075.0,2130.0,2075.0,2090.0,40160,0.0,0.0
2022-12-13 00:00:00+09:00,2090.0,2100.0,2075.0,2100.0,20248,0.0,0.0
2022-12-14 00:00:00+09:00,2095.0,2130.0,2090.0,2120.0,20885,0.0,0.0
2022-12-15 00:00:00+09:00,2120.0,2145.0,2060.0,2065.0,41287,0.0,0.0
2022-12-16 00:00:00+09:00,2065.0,2075.0,2030.0,2060.0,33288,0.0,0.0
2022-12-19 00:00:00+09:00,2055.0,2060.0,2035.0,2050.0,33872,0.0,0.0
2022-12-20 00:00:00+09:00,2050.0,2065.0,2020.0,2040.0,57730,0.0,0.0
2022-12-21 00:00:00+09:00,2030.0,2040.0,2010.0,2035.0,18912,0.0,0.0
2022-12-22 00:00:00+09:00,2035.0,2070.0,2030.0,2040.0,66220,0.0,0.0
2022-12-23 00:00:00+09:00,2045.0,2065.0,2000.0,2005.0,37460,0.0,0.0
2022-12-26 00:00:00+09:00,2005.0,2010.0,1985.0,2000.0,35522,0.0,0.0
2022-12-27 00:00:00+09:00,1995.0,2030.0,1970.0,2005.0,32643,0.0,0.0
2022-12-28 00:00:00+09:00,2020.0,2020.0,1975.0,1980.0,23041,0.0,0.0
2022-12-29 00:00:00+09:00,1970.0,1975.0,1880.0,1960.0,77667,0.0,0.0
2023-01-02 00:00:00+09:00,1940.0,1950.0,1860.0,1860.0,51617,0.0,0.0
2023-01-03 00:00:00+09:00,1840.0,1910.0,1810.0,1860.0,60977,0.0,0.0
2023-01-04 00:00:00+09:00,1880.0,1890.0,1820.0,1860.0,29410,0.0,0.0
2023-01-05 00:00:00+09:00,1880.0,1930.0,1875.0,1920.0,38389,0.0,0.0
2023-01-06 00:00:00+09:00,1940.0,1960.0,1925.0,1930.0,28822,0.0,0.0
2023-01-09 00:00:00+09:00,1940.0,2055.0,1940.0,1970.0,71744,0.0,0.0
2023-01-10 00:00:00+09:00,1975.0,2045.0,1970.0,2000.0,47843,0.0,0.0
2023-01-11 00:00:00+09:00,2015.0,2085.0,2015.0,2050.0,40923,0.0,0.0
2023-01-12 00:00:00+09:00,2055.0,2120.0,2055.0,2105.0,56888,0.0,0.0
2023-01-13 00:00:00+09:00,2110.0,2140.0,2095.0,2105.0,43662,0.0,0.0
2023-01-16 00:00:00+09:00,2105.0,2130.0,2085.0,2105.0,29726,0.0,0.0
2023-01-17 00:00:00+09:00,2105.0,2150.0,2105.0,2115.0,49012,0.0,0.0
2023-01-18 00:00:00+09:00,2115.0,2150.0,2110.0,2135.0,23133,0.0,0.0
2023-01-19 00:00:00+09:00,2115.0,2155.0,2100.0,2120.0,37564,0.0,0.0
2023-01-20 00:00:00+09:00,2150.0,2205.0,2110.0,2195.0,51616,0.0,0.0
2023-01-25 00:00:00+09:00,2195.0,2195.0,2135.0,2135.0,61248,0.0,0.0
2023-01-26 00:00:00+09:00,2155.0,2175.0,2120.0,2175.0,21444,0.0,0.0
2023-01-27 00:00:00+09:00,2160.0,2250.0,2160.0,2205.0,81526,0.0,0.0
2023-01-30 00:00:00+09:00,2205.0,2240.0,2140.0,2140.0,21551,0.0,0.0
2023-01-31 00:00:00+09:00,2140.0,2200.0,2115.0,2130.0,42615,0.0,0.0
2023-02-01 00:00:00+09:00,2140.0,2240.0,2135.0,2165.0,78177,0.0,0.0
2023-02-02 00:00:00+09:00,2205.0,2220.0,2165.0,2185.0,23934,0.0,0.0
2023-02-03 00:00:00+09:00,2200.0,2215.0,2165.0,2165.0,22734,0.0,0.0
2023-02-06 00:00:00+09:00,2165.0,2185.0,2145.0,2160.0,24141,0.0,0.0
2023-02-07 00:00:00+09:00,2140.0,2625.0,2135.0,2320.0,2481479,0.0,0.0
2023-02-08 00:00:00+09:00,2375.0,2380.0,2320.0,2320.0,366041,0.0,0.0
2023-02-09 00:00:00+09:00,2320.0,2365.0,2285.0,2320.0,147372,0.0,0.0
2023-02-10 00:00:00+09:00,2320.0,2330.0,2250.0,2280.0,143405,0.0,0.0
2023-02-13 00:00:00+09:00,2280.0,2310.0,2260.0,2295.0,77090,0.0,0.0
2023-02-14 00:00:00+09:00,2330.0,2330.0,2275.0,2285.0,33696,0.0,0.0
2023-02-15 00:00:00+09:00,2300.0,2320.0,2210.0,2255.0,85053,0.0,0.0
2023-02-16 00:00:00+09:00,2250.0,2290.0,2230.0,2285.0,44096,0.0,0.0
2023-02-17 00:00:00+09:00,2285.0,2315.0,2260.0,2305.0,52511,0.0,0.0
2023-02-20 00:00:00+09:00,2330.0,2330.0,2305.0,2315.0,55617,0.0,0.0
2023-02-21 00:00:00+09:00,2380.0,2415.0,2310.0,2330.0,173710,0.0,0.0
2023-02-22 00:00:00+09:00,2290.0,2305.0,2255.0,2270.0,56391,0.0,0.0
2023-02-23 00:00:00+09:00,2270.0,2280.0,2235.0,2275.0,42570,0.0,0.0
2023-02-24 00:00:00+09:00,2300.0,2300.0,2215.0,2225.0,29964,0.0,0.0
2023-02-27 00:00:00+09:00,2225.0,2235.0,2210.0,2220.0,16344,0.0,0.0
2023-02-28 00:00:00+09:00,2220.0,2265.0,2210.0,2230.0,30368,0.0,0.0
2023-03-02 00:00:00+09:00,2230.0,2290.0,2230.0,2275.0,29683,0.0,0.0
2023-03-03 00:00:00+09:00,2275.0,2310.0,2215.0,2225.0,50444,0.0,0.0
2023-03-06 00:00:00+09:00,2245.0,2245.0,2085.0,2230.0,71353,0.0,0.0
2023-03-07 00:00:00+09:00,2205.0,2235.0,2180.0,2220.0,31743,0.0,0.0
2023-03-08 00:00:00+09:00,2185.0,2230.0,2170.0,2175.0,27363,0.0,0.0
2023-03-09 00:00:00+09:00,2195.0,2245.0,2160.0,2170.0,32498,0.0,0.0
2023-03-10 00:00:00+09:00,2170.0,2220.0,2100.0,2105.0,46986,0.0,0.0
2023-03-13 00:00:00+09:00,2095.0,2100.0,2025.0,2080.0,31933,0.0,0.0
2023-03-14 00:00:00+09:00,2065.0,2065.0,1976.0,1976.0,58169,0.0,0.0
2023-03-15 00:00:00+09:00,1977.0,2045.0,1977.0,2020.0,47555,0.0,0.0
2023-03-16 00:00:00+09:00,2020.0,2020.0,1970.0,1995.0,19704,0.0,0.0
2023-03-17 00:00:00+09:00,1996.0,2050.0,1989.0,2030.0,23542,0.0,0.0
2023-03-20 00:00:00+09:00,2190.0,2540.0,2175.0,2255.0,3416255,0.0,0.0
2023-03-21 00:00:00+09:00,2230.0,2235.0,2115.0,2130.0,401630,0.0,0.0
2023-03-22 00:00:00+09:00,2135.0,2135.0,2065.0,2085.0,199258,0.0,0.0
2023-03-23 00:00:00+09:00,2065.0,2095.0,2040.0,2040.0,105055,0.0,0.0
2023-03-24 00:00:00+09:00,2040.0,2075.0,2020.0,2065.0,75071,0.0,0.0
2023-03-27 00:00:00+09:00,2065.0,2065.0,2015.0,2025.0,46661,0.0,0.0
2023-03-28 00:00:00+09:00,2025.0,2085.0,2025.0,2065.0,62274,0.0,0.0
2023-03-29 00:00:00+09:00,2065.0,2075.0,2035.0,2060.0,51778,0.0,0.0
2023-03-30 00:00:00+09:00,2065.0,2100.0,2055.0,2100.0,57169,0.0,0.0
2023-03-31 00:00:00+09:00,2130.0,2140.0,2100.0,2135.0,79631,0.0,0.0
2023-04-03 00:00:00+09:00,2140.0,2150.0,2110.0,2150.0,93993,0.0,0.0
2023-04-04 00:00:00+09:00,2150.0,2210.0,2135.0,2200.0,103398,0.0,0.0
2023-04-05 00:00:00+09:00,2190.0,2240.0,2170.0,2220.0,88863,0.0,0.0
2023-04-06 00:00:00+09:00,2230.0,2230.0,2145.0,2195.0,48720,0.0,0.0
2023-04-07 00:00:00+09:00,2195.0,2245.0,2150.0,2190.0,33155,0.0,0.0
2023-04-10 00:00:00+09:00,2200.0,2200.0,2100.0,2115.0,74167,0.0,0.0
2023-04-11 00:00:00+09:00,2095.0,2175.0,2095.0,2155.0,50828,0.0,0.0
2023-04-12 00:00:00+09:00,2160.0,2220.0,2155.0,2195.0,63150,0.0,0.0
2023-04-13 00:00:00+09:00,2195.0,2225.0,2145.0,2225.0,65541,0.0,0.0
2023-04-14 00:00:00+09:00,2225.0,2250.0,2205.0,2230.0,61202,0.0,0.0
2023-04-17 00:00:00+09:00,2255.0,2305.0,2240.0,2295.0,165794,0.0,0.0
2023-04-18 00:00:00+09:00,2295.0,2300.0,2225.0,2285.0,81104,0.0,0.0
2023-04-19 00:00:00+09:00,2285.0,2345.0,2210.0,2310.0,173165,0.0,0.0
2023-04-20 00:00:00+09:00,2310.0,2315.0,2250.0,2260.0,88545,0.0,0.0
2023-04-21 00:00:00+09:00,2225.0,2240.0,2180.0,2220.0,96067,0.0,0.0
2023-04-24 00:00:00+09:00,2200.0,2260.0,2190.0,2260.0,79423,0.0,0.0
2023-04-25 00:00:00+09:00,2240.0,2310.0,2190.0,2255.0,114258,0.0,0.0
2023-04-26 00:00:00+09:00,2255.0,2275.0,2205.0,2210.0,48554,0.0,0.0
2023-04-27 00:00:00+09:00,2210.0,2215.0,2165.0,2165.0,36444,0.0,0.0
2023-04-28 00:00:00+09:00,2200.0,2230.0,2130.0,2130.0,54270,0.0,0.0
2023-05-02 00:00:00+09:00,2130.0,2220.0,2100.0,2185.0,38213,0.0,0.0
2023-05-03 00:00:00+09:00,2185.0,2200.0,2150.0,2170.0,53512,0.0,0.0
2023-05-04 00:00:00+09:00,2160.0,2200.0,2130.0,2195.0,46664,0.0,0.0
2023-05-08 00:00:00+09:00,2210.0,2220.0,2180.0,2205.0,51714,0.0,0.0
2023-05-09 00:00:00+09:00,2230.0,2240.0,2180.0,2230.0,38965,0.0,0.0
2023-05-10 00:00:00+09:00,2235.0,2235.0,2200.0,2205.0,26506,0.0,0.0
2023-05-11 00:00:00+09:00,2200.0,2245.0,2200.0,2240.0,35528,0.0,0.0
2023-05-12 00:00:00+09:00,2235.0,2250.0,2205.0,2215.0,22707,0.0,0.0
2023-05-15 00:00:00+09:00,2185.0,2205.0,2155.0,2175.0,33313,0.0,0.0
2023-05-16 00:00:00+09:00,2175.0,2350.0,2155.0,2345.0,371479,0.0,0.0
2023-05-17 00:00:00+09:00,2320.0,2335.0,2270.0,2320.0,143043,0.0,0.0
2023-05-18 00:00:00+09:00,2320.0,2385.0,2300.0,2300.0,111661,0.0,0.0
2023-05-19 00:00:00+09:00,2305.0,2360.0,2290.0,2290.0,103334,0.0,0.0
2023-05-22 00:00:00+09:00,2290.0,2320.0,2275.0,2300.0,71908,0.0,0.0
2023-05-23 00:00:00+09:00,2330.0,2360.0,2285.0,2300.0,54303,0.0,0.0
2023-05-24 00:00:00+09:00,2275.0,2305.0,2265.0,2300.0,33078,0.0,0.0
2023-05-25 00:00:00+09:00,2300.0,2300.0,2250.0,2265.0,40059,0.0,0.0
2023-05-26 00:00:00+09:00,2265.0,2280.0,2240.0,2240.0,39321,0.0,0.0
2023-05-30 00:00:00+09:00,2245.0,2285.0,2220.0,2270.0,50516,0.0,0.0
2023-05-31 00:00:00+09:00,2270.0,2325.0,2240.0,2270.0,84389,0.0,0.0
2023-06-01 00:00:00+09:00,2270.0,2315.0,2240.0,2315.0,38851,0.0,0.0
2023-06-02 00:00:00+09:00,2315.0,2340.0,2285.0,2300.0,51234,0.0,0.0
2023-06-05 00:00:00+09:00,2300.0,2335.0,2265.0,2310.0,44312,0.0,0.0
2023-06-07 00:00:00+09:00,2310.0,2345.0,2275.0,2345.0,83512,0.0,0.0
2023-06-08 00:00:00+09:00,2315.0,2325.0,2280.0,2320.0,65345,0.0,0.0
2023-06-09 00:00:00+09:00,2310.0,2345.0,2295.0,2315.0,40398,0.0,0.0
2023-06-12 00:00:00+09:00,2315.0,2335.0,2290.0,2305.0,22390,0.0,0.0
2023-06-13 00:00:00+09:00,2305.0,2345.0,2290.0,2345.0,80792,0.0,0.0
2023-06-14 00:00:00+09:00,2345.0,2380.0,2245.0,2265.0,118627,0.0,0.0
2023-06-15 00:00:00+09:00,2265.0,2750.0,2265.0,2535.0,4418258,0.0,0.0
2023-06-16 00:00:00+09:00,2535.0,2630.0,2495.0,2550.0,547935,0.0,0.0
2023-06-19 00:00:00+09:00,2600.0,2605.0,2460.0,2500.0,356334,0.0,0.0
2023-06-20 00:00:00+09:00,2500.0,2555.0,2455.0,2490.0,235650,0.0,0.0
2023-06-21 00:00:00+09:00,2495.0,2505.0,2425.0,2470.0,138479,0.0,0.0
2023-06-22 00:00:00+09:00,2450.0,2510.0,2430.0,2430.0,103704,0.0,0.0
2023-06-23 00:00:00+09:00,2430.0,2875.0,2430.0,2505.0,3956707,0.0,0.0
2023-06-26 00:00:00+09:00,2490.0,2560.0,2480.0,2525.0,341796,0.0,0.0
2023-06-27 00:00:00+09:00,2535.0,2705.0,2450.0,2535.0,775717,0.0,0.0
2023-06-28 00:00:00+09:00,2560.0,2900.0,2545.0,2680.0,2818424,0.0,0.0
2023-06-29 00:00:00+09:00,2655.0,2675.0,2555.0,2645.0,518425,0.0,0.0
2023-06-30 00:00:00+09:00,2670.0,2715.0,2635.0,2690.0,638587,0.0,0.0
2023-07-03 00:00:00+09:00,2705.0,2860.0,2660.0,2670.0,1107031,0.0,0.0
2023-07-04 00:00:00+09:00,2660.0,2700.0,2575.0,2640.0,311958,0.0,0.0
2023-07-05 00:00:00+09:00,2640.0,3035.0,2585.0,2720.0,4424765,0.0,0.0
2023-07-06 00:00:00+09:00,2740.0,2865.0,2710.0,2815.0,991326,0.0,0.0
2023-07-07 00:00:00+09:00,2790.0,2790.0,2705.0,2715.0,300821,0.0,0.0
2023-07-10 00:00:00+09:00,2695.0,2800.0,2675.0,2745.0,481757,0.0,0.0
2023-07-12 00:00:00+09:00,2800.0,2890.0,2765.0,2800.0,501962,0.0,0.0
2023-07-13 00:00:00+09:00,2810.0,2975.0,2780.0,2870.0,488845,0.0,0.0
2023-07-14 00:00:00+09:00,2850.0,2950.0,2755.0,2850.0,532276,0.0,0.0
2023-07-17 00:00:00+09:00,2850.0,2895.0,2805.0,2805.0,177342,0.0,0.0
2023-07-18 00:00:00+09:00,2800.0,2800.0,2635.0,2645.0,321056,0.0,0.0
2023-07-19 00:00:00+09:00,2665.0,2690.0,2570.0,2620.0,166742,0.0,0.0
2023-07-20 00:00:00+09:00,2620.0,2755.0,2540.0,2750.0,349804,0.0,0.0
2023-07-21 00:00:00+09:00,2710.0,2800.0,2670.0,2720.0,256468,0.0,0.0
2023-07-24 00:00:00+09:00,2710.0,2840.0,2635.0,2830.0,374210,0.0,0.0
2023-07-25 00:00:00+09:00,2830.0,2855.0,2755.0,2800.0,303247,0.0,0.0
2023-07-26 00:00:00+09:00,2800.0,2850.0,2645.0,2740.0,448498,0.0,0.0
2023-07-27 00:00:00+09:00,2695.0,2865.0,2695.0,2835.0,447205,0.0,0.0
2023-07-28 00:00:00+09:00,2785.0,2925.0,2770.0,2865.0,368634,0.0,0.0
2023-07-31 00:00:00+09:00,2865.0,2945.0,2800.0,2800.0,196385,0.0,0.0
2023-08-01 00:00:00+09:00,2825.0,2840.0,2765.0,2820.0,147960,0.0,0.0
2023-08-02 00:00:00+09:00,2795.0,3050.0,2780.0,2785.0,1129085,0.0,0.0
2023-08-03 00:00:00+09:00,2770.0,2775.0,2580.0,2715.0,281107,0.0,0.0
2023-08-04 00:00:00+09:00,2680.0,2780.0,2565.0,2580.0,248335,0.0,0.0
2023-08-07 00:00:00+09:00,2575.0,2580.0,2435.0,2460.0,266150,0.0,0.0
2023-08-08 00:00:00+09:00,2455.0,2495.0,2420.0,2455.0,127042,0.0,0.0
2023-08-09 00:00:00+09:00,2455.0,2500.0,2395.0,2485.0,71910,0.0,0.0
2023-08-10 00:00:00+09:00,2510.0,2520.0,2435.0,2455.0,48726,0.0,0.0
2023-08-11 00:00:00+09:00,2455.0,2510.0,2430.0,2460.0,87094,0.0,0.0
2023-08-14 00:00:00+09:00,2430.0,2440.0,2370.0,2370.0,64667,0.0,0.0
2023-08-16 00:00:00+09:00,2360.0,2370.0,2270.0,2330.0,113905,0.0,0.0
2023-08-17 00:00:00+09:00,2325.0,2325.0,2205.0,2290.0,122121,0.0,0.0
2023-08-18 00:00:00+09:00,2280.0,2290.0,2205.0,2260.0,56721,0.0,0.0
2023-08-21 00:00:00+09:00,2260.0,2300.0,2255.0,2290.0,79070,0.0,0.0
2023-08-22 00:00:00+09:00,2300.0,2340.0,2220.0,2240.0,56451,0.0,0.0
2023-08-23 00:00:00+09:00,2255.0,2255.0,2220.0,2230.0,52781,0.0,0.0
2023-08-24 00:00:00+09:00,2220.0,2275.0,2215.0,2250.0,46684,0.0,0.0
2023-08-25 00:00:00+09:00,2250.0,2305.0,2225.0,2300.0,34616,0.0,0.0
2023-08-28 00:00:00+09:00,2275.0,2335.0,2275.0,2300.0,76847,0.0,0.0
2023-08-29 00:00:00+09:00,2330.0,2345.0,2280.0,2305.0,44530,0.0,0.0
2023-08-30 00:00:00+09:00,2315.0,2350.0,2290.0,2315.0,21036,0.0,0.0
2023-08-31 00:00:00+09:00,2315.0,2335.0,2265.0,2275.0,58290,0.0,0.0
2023-09-01 00:00:00+09:00,2260.0,2300.0,2225.0,2230.0,142874,0.0,0.0
2023-09-04 00:00:00+09:00,2230.0,2265.0,2230.0,2245.0,45456,0.0,0.0
2023-09-05 00:00:00+09:00,2250.0,2270.0,2230.0,2235.0,32266,0.0,0.0
2023-09-06 00:00:00+09:00,2235.0,2250.0,2215.0,2220.0,45807,0.0,0.0
2023-09-07 00:00:00+09:00,2240.0,2240.0,2135.0,2160.0,137749,0.0,0.0
2023-09-08 00:00:00+09:00,2140.0,2200.0,2115.0,2150.0,107325,0.0,0.0
2023-09-11 00:00:00+09:00,2150.0,2195.0,2150.0,2180.0,74269,0.0,0.0
2023-09-12 00:00:00+09:00,2180.0,2185.0,2125.0,2145.0,56258,0.0,0.0
2023-09-13 00:00:00+09:00,2145.0,2150.0,2115.0,2145.0,30206,0.0,0.0
2023-09-14 00:00:00+09:00,2135.0,2145.0,2100.0,2125.0,66348,0.0,0.0
2023-09-15 00:00:00+09:00,2130.0,2175.0,2130.0,2170.0,35523,0.0,0.0
2023-09-18 00:00:00+09:00,2175.0,2185.0,2100.0,2115.0,60633,0.0,0.0
2023-09-19 00:00:00+09:00,2120.0,2160.0,2110.0,2145.0,46116,0.0,0.0
2023-09-20 00:00:00+09:00,2140.0,2160.0,2125.0,2145.0,24757,0.0,0.0
2023-09-21 00:00:00+09:00,2135.0,2145.0,2055.0,2060.0,66095,0.0,0.0
2023-09-22 00:00:00+09:00,2050.0,2080.0,2025.0,2035.0,29532,0.0,0.0
2023-09-25 00:00:00+09:00,2010.0,2035.0,2005.0,2030.0,34397,0.0,0.0
2023-09-26 00:00:00+09:00,2025.0,2045.0,2000.0,2000.0,36305,0.0,0.0
2023-09-27 00:00:00+09:00,1992.0,2080.0,1992.0,2075.0,21111,0.0,0.0
2023-10-04 00:00:00+09:00,2040.0,2110.0,1980.0,2050.0,90022,0.0,0.0
2023-10-05 00:00:00+09:00,2025.0,2050.0,2000.0,2000.0,33170,0.0,0.0
2023-10-06 00:00:00+09:00,1990.0,2050.0,1990.0,2000.0,32498,0.0,0.0
2023-10-10 00:00:00+09:00,2000.0,2020.0,1965.0,1973.0,65932,0.0,0.0
2023-10-11 00:00:00+09:00,1983.0,2050.0,1970.0,2050.0,32391,0.0,0.0
2023-10-12 00:00:00+09:00,2050.0,2070.0,2035.0,2055.0,11442,0.0,0.0
2023-10-13 00:00:00+09:00,2050.0,2055.0,2035.0,2055.0,10918,0.0,0.0
2023-10-16 00:00:00+09:00,2045.0,2045.0,1998.0,2005.0,24854,0.0,0.0
2023-10-17 00:00:00+09:00,1999.0,2035.0,1999.0,2015.0,15272,0.0,0.0
2023-10-18 00:00:00+09:00,2015.0,2040.0,1998.0,2000.0,12830,0.0,0.0
2023-10-19 00:00:00+09:00,1993.0,1999.0,1975.0,1993.0,51015,0.0,0.0
2023-10-20 00:00:00+09:00,1974.0,1975.0,1925.0,1958.0,39353,0.0,0.0
2023-10-23 00:00:00+09:00,1950.0,1950.0,1930.0,1945.0,17591,0.0,0.0
2023-10-24 00:00:00+09:00,1928.0,2065.0,1902.0,2025.0,37906,0.0,0.0
2023-10-25 00:00:00+09:00,2015.0,2040.0,1995.0,2005.0,28421,0.0,0.0
2023-10-26 00:00:00+09:00,1990.0,1992.0,1944.0,1961.0,39567,0.0,0.0
2023-10-27 00:00:00+09:00,1949.0,1990.0,1910.0,1910.0,54568,0.0,0.0
2023-10-30 00:00:00+09:00,1910.0,1940.0,1910.0,1939.0,32354,0.0,0.0
2023-10-31 00:00:00+09:00,1949.0,1960.0,1927.0,1950.0,26625,0.0,0.0
2023-11-01 00:00:00+09:00,1950.0,1999.0,1950.0,1999.0,20572,0.0,0.0
2023-11-02 00:00:00+09:00,1984.0,2095.0,1984.0,2055.0,25145,0.0,0.0
2023-11-03 00:00:00+09:00,2055.0,2105.0,2055.0,2085.0,20163,0.0,0.0
2023-11-06 00:00:00+09:00,2100.0,2100.0,2080.0,2080.0,21945,0.0,0.0
2023-11-07 00:00:00+09:00,2080.0,2095.0,2045.0,2050.0,17204,0.0,0.0
2023-11-08 00:00:00+09:00,2065.0,2100.0,2020.0,2030.0,15577,0.0,0.0
2023-11-09 00:00:00+09:00,2050.0,2055.0,1993.0,2025.0,20532,0.0,0.0
2023-11-10 00:00:00+09:00,1993.0,2015.0,1989.0,2015.0,18912,0.0,0.0
2023-11-13 00:00:00+09:00,2015.0,2095.0,1990.0,1993.0,16874,0.0,0.0
2023-11-14 00:00:00+09:00,1993.0,2030.0,1993.0,2020.0,13451,0.0,0.0
2023-11-15 00:00:00+09:00,2020.0,2065.0,2020.0,2060.0,15799,0.0,0.0
2023-11-16 00:00:00+09:00,2075.0,2090.0,2035.0,2090.0,30583,0.0,0.0
2023-11-17 00:00:00+09:00,2090.0,2125.0,2030.0,2090.0,22455,0.0,0.0
2023-11-20 00:00:00+09:00,2085.0,2085.0,2030.0,2040.0,43263,0.0,0.0
2023-11-21 00:00:00+09:00,2060.0,2085.0,2040.0,2070.0,10681,0.0,0.0
2023-11-22 00:00:00+09:00,2060.0,2070.0,2045.0,2070.0,15586,0.0,0.0
2023-11-23 00:00:00+09:00,2070.0,2255.0,2050.0,2060.0,235287,0.0,0.0
2023-11-24 00:00:00+09:00,2065.0,2210.0,2060.0,2120.0,50944,0.0,0.0
2023-11-27 00:00:00+09:00,2165.0,2165.0,2095.0,2130.0,29328,0.0,0.0
2023-11-28 00:00:00+09:00,2105.0,2195.0,2105.0,2140.0,24001,0.0,0.0
2023-11-29 00:00:00+09:00,2150.0,2150.0,2100.0,2105.0,18257,0.0,0.0
2023-11-30 00:00:00+09:00,2085.0,2120.0,2080.0,2110.0,20308,0.0,0.0
2023-12-01 00:00:00+09:00,2110.0,2110.0,2070.0,2070.0,17139,0.0,0.0
2023-12-04 00:00:00+09:00,2040.0,2070.0,2035.0,2040.0,25382,0.0,0.0
2023-12-05 00:00:00+09:00,2030.0,2055.0,2020.0,2035.0,18389,0.0,0.0
2023-12-06 00:00:00+09:00,2035.0,2055.0,2035.0,2055.0,9309,0.0,0.0
2023-12-07 00:00:00+09:00,2045.0,2065.0,2020.0,2020.0,11561,0.0,0.0
2023-12-08 00:00:00+09:00,2020.0,2055.0,2015.0,2055.0,18750,0.0,0.0
2023-12-11 00:00:00+09:00,2055.0,2075.0,2040.0,2060.0,12131,0.0,0.0
2023-12-12 00:00:00+09:00,2060.0,2090.0,2050.0,2090.0,14728,0.0,0.0
2023-12-13 00:00:00+09:00,2090.0,2100.0,2055.0,2060.0,12929,0.0,0.0
2023-12-14 00:00:00+09:00,2060.0,2085.0,2045.0,2065.0,12550,0.0,0.0
2023-12-15 00:00:00+09:00,2055.0,2150.0,2030.0,2120.0,88157,0.0,0.0
2023-12-18 00:00:00+09:00,2120.0,2130.0,2095.0,2130.0,42141,0.0,0.0
2023-12-19 00:00:00+09:00,2130.0,2145.0,2090.0,2095.0,14871,0.0,0.0
2023-12-20 00:00:00+09:00,2095.0,2145.0,2090.0,2125.0,12071,0.0,0.0
2023-12-21 00:00:00+09:00,2120.0,2140.0,2100.0,2135.0,16933,0.0,0.0
2023-12-22 00:00:00+09:00,2135.0,2135.0,2090.0,2120.0,25294,0.0,0.0
2023-12-26 00:00:00+09:00,2115.0,2120.0,2065.0,2085.0,49391,0.0,0.0
2023-12-27 00:00:00+09:00,2085.0,2090.0,2040.0,2045.0,18716,0.0,0.0
2023-12-28 00:00:00+09:00,2040.0,2085.0,2035.0,2080.0,18883,0.0,0.0
2024-01-02 00:00:00+09:00,2055.0,2090.0,2050.0,2060.0,21744,0.0,0.0
2024-01-03 00:00:00+09:00,2065.0,2095.0,2050.0,2050.0,16478,0.0,0.0
2024-01-04 00:00:00+09:00,2035.0,2065.0,2035.0,2050.0,11860,0.0,0.0
2024-01-05 00:00:00+09:00,2050.0,2115.0,2040.0,2090.0,24065,0.0,0.0
2024-01-08 00:00:00+09:00,2105.0,2120.0,2080.0,2085.0,26476,0.0,0.0
2024-01-09 00:00:00+09:00,2085.0,2100.0,2080.0,2090.0,11039,0.0,0.0
2024-01-10 00:00:00+09:00,2110.0,2135.0,2080.0,2095.0,14090,0.0,0.0
2024-01-11 00:00:00+09:00,2095.0,2110.0,2075.0,2110.0,18163,0.0,0.0
2024-01-12 00:00:00+09:00,2085.0,2130.0,2080.0,2115.0,19225,0.0,0.0
2024-01-15 00:00:00+09:00,2105.0,2110.0,2070.0,2070.0,23462,0.0,0.0
2024-01-16 00:00:00+09:00,2070.0,2070.0,2040.0,2045.0,23155,0.0,0.0
2024-01-17 00:00:00+09:00,2045.0,2045.0,1985.0,1995.0,63930,0.0,0.0
2024-01-18 00:00:00+09:00,1995.0,2000.0,1982.0,1999.0,17549,0.0,0.0
2024-01-19 00:00:00+09:00,1995.0,2005.0,1994.0,1999.0,10897,0.0,0.0
2024-01-22 00:00:00+09:00,2010.0,2015.0,1996.0,2005.0,10712,0.0,0.0
2024-01-23 00:00:00+09:00,1993.0,2025.0,1993.0,2010.0,8983,0.0,0.0
2024-01-24 00:00:00+09:00,2015.0,2030.0,1991.0,2005.0,17352,0.0,0.0
2024-01-25 00:00:00+09:00,1990.0,1993.0,1979.0,1979.0,24955,0.0,0.0
2024-01-26 00:00:00+09:00,1979.0,1991.0,1971.0,1980.0,9087,0.0,0.0
2024-01-29 00:00:00+09:00,1988.0,1989.0,1971.0,1973.0,13737,0.0,0.0
2024-01-30 00:00:00+09:00,1966.0,2045.0,1966.0,1975.0,38897,0.0,0.0
2024-01-31 00:00:00+09:00,1975.0,2015.0,1956.0,1956.0,22478,0.0,0.0
2024-02-01 00:00:00+09:00,1937.0,1990.0,1937.0,1987.0,28357,0.0,0.0
2024-02-02 00:00:00+09:00,1988.0,2010.0,1986.0,1986.0,15906,0.0,0.0
2024-02-05 00:00:00+09:00,1986.0,2000.0,1972.0,1972.0,12165,0.0,0.0
2024-02-06 00:00:00+09:00,1972.0,2010.0,1967.0,1997.0,25189,0.0,0.0
2024-02-07 00:00:00+09:00,1997.0,1997.0,1970.0,1977.0,18140,0.0,0.0
2024-02-08 00:00:00+09:00,1975.0,1981.0,1962.0,1976.0,35791,0.0,0.0
2024-02-13 00:00:00+09:00,1966.0,1981.0,1966.0,1968.0,37276,0.0,0.0
2024-02-14 00:00:00+09:00,1980.0,1980.0,1951.0,1973.0,28318,0.0,0.0
2024-02-15 00:00:00+09:00,1970.0,1977.0,1959.0,1975.0,15775,0.0,0.0
2024-02-16 00:00:00+09:00,1959.0,1975.0,1950.0,1960.0,44176,0.0,0.0
2024-02-19 00:00:00+09:00,1958.0,1969.0,1950.0,1963.0,34365,0.0,0.0
2024-02-20 00:00:00+09:00,1977.0,1977.0,1956.0,1968.0,16053,0.0,0.0
2024-02-21 00:00:00+09:00,1968.0,1968.0,1950.0,1957.0,14001,0.0,0.0
2024-02-22 00:00:00+09:00,1964.0,1964.0,1951.0,1954.0,9908,0.0,0.0
2024-02-23 00:00:00+09:00,1962.0,1962.0,1946.0,1948.0,42760,0.0,0.0
2024-02-26 00:00:00+09:00,1948.0,1952.0,1932.0,1936.0,12081,0.0,0.0
2024-02-27 00:00:00+09:00,1936.0,1945.0,1925.0,1925.0,32737,0.0,0.0
2024-02-28 00:00:00+09:00,1931.0,1931.0,1923.0,1926.0,5987,0.0,0.0
2024-02-29 00:00:00+09:00,1926.0,1955.0,1922.0,1924.0,18570,0.0,0.0
2024-03-04 00:00:00+09:00,1924.0,1924.0,1910.0,1912.0,24328,0.0,0.0
2024-03-05 00:00:00+09:00,1916.0,1917.0,1805.0,1908.0,68498,0.0,0.0
2024-03-06 00:00:00+09:00,1908.0,1908.0,1891.0,1900.0,46936,0.0,0.0
2024-03-07 00:00:00+09:00,1896.0,1896.0,1878.0,1880.0,21722,0.0,0.0
2024-03-08 00:00:00+09:00,1880.0,1885.0,1870.0,1871.0,20260,0.0,0.0
2024-03-11 00:00:00+09:00,1871.0,1885.0,1855.0,1870.0,21761,0.0,0.0
2024-03-12 00:00:00+09:00,1865.0,1868.0,1857.0,1860.0,18914,0.0,0.0
2024-03-13 00:00:00+09:00,1870.0,1880.0,1860.0,1880.0,6844,0.0,0.0
2024-03-14 00:00:00+09:00,1880.0,1890.0,1862.0,1872.0,9146,0.0,0.0
2024-03-15 00:00:00+09:00,1870.0,1878.0,1859.0,1871.0,32958,0.0,0.0
2024-03-18 00:00:00+09:00,1871.0,1885.0,1870.0,1883.0,17297,0.0,0.0
2024-03-19 00:00:00+09:00,1883.0,1899.0,1866.0,1894.0,8353,0.0,0.0
2024-03-20 00:00:00+09:00,1905.0,1905.0,1891.0,1904.0,9959,0.0,0.0
2024-03-21 00:00:00+09:00,1904.0,1906.0,1891.0,1906.0,17755,0.0,0.0
2024-03-22 00:00:00+09:00,1910.0,1925.0,1904.0,1912.0,19361,0.0,0.0
2024-03-25 00:00:00+09:00,1925.0,1925.0,1905.0,1910.0,7706,0.0,0.0
2024-03-26 00:00:00+09:00,1913.0,1913.0,1901.0,1909.0,6468,0.0,0.0
2024-03-27 00:00:00+09:00,1891.0,1920.0,1891.0,1910.0,10409,0.0,0.0
2024-03-28 00:00:00+09:00,1907.0,1910.0,1825.0,1891.0,40595,0.0,0.0
2024-03-29 00:00:00+09:00,1878.0,1896.0,1878.0,1887.0,14963,0.0,0.0
2024-04-01 00:00:00+09:00,1887.0,1900.0,1881.0,1886.0,12461,0.0,0.0
2024-04-02 00:00:00+09:00,1904.0,1904.0,1886.0,1887.0,20955,0.0,0.0
2024-04-03 00:00:00+09:00,1887.0,1905.0,1882.0,1887.0,26651,0.0,0.0
2024-04-04 00:00:00+09:00,1887.0,1891.0,1835.0,1864.0,37189,0.0,0.0
2024-04-05 00:00:00+09:00,1863.0,1870.0,1841.0,1864.0,41415,0.0,0.0
2024-04-08 00:00:00+09:00,1864.0,1894.0,1851.0,1859.0,18325,0.0,0.0
2024-04-09 00:00:00+09:00,1850.0,1870.0,1846.0,1859.0,20735,0.0,0.0
2024-04-11 00:00:00+09:00,1840.0,1859.0,1840.0,1851.0,24004,0.0,0.0
2024-04-12 00:00:00+09:00,1846.0,1855.0,1841.0,1844.0,15910,0.0,0.0
2024-04-15 00:00:00+09:00,1830.0,1886.0,1830.0,1879.0,21648,0.0,0.0
2024-04-16 00:00:00+09:00,1864.0,1879.0,1815.0,1870.0,15591,0.0,0.0
2024-04-17 00:00:00+09:00,1862.0,1876.0,1854.0,1870.0,132181,0.0,0.0
2024-04-18 00:00:00+09:00,1911.0,1967.0,1880.0,1901.0,143946,0.0,0.0
2024-04-19 00:00:00+09:00,1892.0,2255.0,1863.0,1911.0,1220159,0.0,0.0
2024-04-22 00:00:00+09:00,1932.0,1932.0,1872.0,1891.0,129589,0.0,0.0
2024-04-23 00:00:00+09:00,1938.0,1990.0,1891.0,1900.0,80043,0.0,0.0
2024-04-24 00:00:00+09:00,1920.0,1920.0,1898.0,1907.0,35145,0.0,0.0
2024-04-25 00:00:00+09:00,1907.0,1907.0,1890.0,1892.0,26384,0.0,0.0
2024-04-26 00:00:00+09:00,1892.0,1906.0,1885.0,1899.0,28090,0.0,0.0
2024-04-29 00:00:00+09:00,1893.0,1909.0,1891.0,1907.0,26964,0.0,0.0
2024-04-30 00:00:00+09:00,1907.0,1907.0,1887.0,1887.0,30873,0.0,0.0
2024-05-02 00:00:00+09:00,1894.0,1912.0,1887.0,1895.0,31900,0.0,0.0
2024-05-03 00:00:00+09:00,1900.0,1905.0,1894.0,1902.0,23850,0.0,0.0
2024-05-07 00:00:00+09:00,1903.0,1906.0,1899.0,1902.0,13866,0.0,0.0
2024-05-08 00:00:00+09:00,1901.0,1905.0,1893.0,1901.0,20660,0.0,0.0
2024-05-09 00:00:00+09:00,1901.0,1907.0,1896.0,1901.0,37389,0.0,0.0
2024-05-10 00:00:00+09:00,1900.0,1910.0,1889.0,1900.0,32992,0.0,0.0
2024-05-13 00:00:00+09:00,1900.0,1909.0,1900.0,1907.0,18845,0.0,0.0
2024-05-14 00:00:00+09:00,1909.0,1934.0,1909.0,1923.0,27505,0.0,0.0
2024-05-16 00:00:00+09:00,1923.0,1935.0,1915.0,1922.0,19582,0.0,0.0
2024-05-17 00:00:00+09:00,1917.0,1922.0,1907.0,1918.0,82986,0.0,0.0
2024-05-20 00:00:00+09:00,1914.0,1916.0,1900.0,1910.0,32074,0.0,0.0
2024-05-21 00:00:00+09:00,1910.0,1913.0,1905.0,1912.0,31264,0.0,0.0
2024-05-22 00:00:00+09:00,1912.0,1912.0,1898.0,1902.0,17265,0.0,0.0
2024-05-23 00:00:00+09:00,1898.0,1905.0,1893.0,1905.0,13327,0.0,0.0
2024-05-24 00:00:00+09:00,1902.0,1920.0,1902.0,1904.0,17641,0.0,0.0
2024-05-27 00:00:00+09:00,1904.0,1915.0,1891.0,1899.0,36598,0.0,0.0
2024-05-28 00:00:00+09:00,1899.0,1910.0,1898.0,1907.0,10992,0.0,0.0
2024-05-29 00:00:00+09:00,1895.0,1920.0,1860.0,1892.0,19420,0.0,0.0
2024-05-30 00:00:00+09:00,1878.0,1898.0,1874.0,1892.0,17347,0.0,0.0
2024-05-31 00:00:00+09:00,1883.0,1905.0,1870.0,1879.0,12335,0.0,0.0
2024-06-03 00:00:00+09:00,1879.0,1950.0,1866.0,1946.0,79299,0.0,0.0
2024-06-04 00:00:00+09:00,2000.0,2525.0,1948.0,2525.0,5556552,0.0,0.0
2024-06-05 00:00:00+09:00,2670.0,2880.0,2385.0,2620.0,9232727,0.0,0.0
2024-06-07 00:00:00+09:00,2520.0,2610.0,2325.0,2335.0,1313573,0.0,0.0
2024-06-10 00:00:00+09:00,2335.0,2350.0,2220.0,2270.0,354453,0.0,0.0
2024-06-11 00:00:00+09:00,2305.0,2355.0,2215.0,2345.0,290506,0.0,0.0
2024-06-12 00:00:00+09:00,2270.0,2370.0,2245.0,2260.0,250877,0.0,0.0
2024-06-13 00:00:00+09:00,2285.0,2490.0,2140.0,2350.0,1049465,0.0,0.0
2024-06-14 00:00:00+09:00,2350.0,2500.0,2280.0,2395.0,504134,0.0,0.0
2024-06-17 00:00:00+09:00,2375.0,2400.0,2250.0,2265.0,366711,0.0,0.0
2024-06-18 00:00:00+09:00,2275.0,2465.0,2275.0,2430.0,349054,0.0,0.0
2024-06-19 00:00:00+09:00,2450.0,2550.0,2340.0,2470.0,577561,0.0,0.0
2024-06-20 00:00:00+09:00,2590.0,2840.0,2495.0,2795.0,2191507,0.0,0.0
2024-06-21 00:00:00+09:00,2690.0,2725.0,2515.0,2580.0,671671,0.0,0.0
2024-06-24 00:00:00+09:00,2535.0,2535.0,2390.0,2495.0,341252,0.0,0.0
2024-06-25 00:00:00+09:00,2500.0,2540.0,2425.0,2515.0,267618,0.0,0.0
2024-06-26 00:00:00+09:00,2515.0,2540.0,2375.0,2420.0,235789,0.0,0.0
2024-06-27 00:00:00+09:00,2420.0,2435.0,2335.0,2335.0,95111,0.0,0.0
2024-06-28 00:00:00+09:00,2335.0,2345.0,2210.0,2220.0,188150,0.0,0.0
2024-07-01 00:00:00+09:00,2200.0,2220.0,2160.0,2175.0,80438,0.0,0.0
2024-07-02 00:00:00+09:00,2175.0,2185.0,2105.0,2105.0,87001,0.0,0.0
2024-07-03 00:00:00+09:00,2105.0,2215.0,2075.0,2145.0,236065,0.0,0.0
2024-07-04 00:00:00+09:00,2145.0,2145.0,2095.0,2115.0,47646,0.0,0.0
2024-07-05 00:00:00+09:00,2115.0,2210.0,2080.0,2170.0,91141,0.0,0.0
2024-07-08 00:00:00+09:00,2170.0,2195.0,2090.0,2190.0,94574,0.0,0.0
2024-07-09 00:00:00+09:00,2200.0,2270.0,2155.0,2240.0,99132,0.0,0.0
2024-07-10 00:00:00+09:00,2240.0,2240.0,2150.0,2160.0,77393,0.0,0.0
2024-07-11 00:00:00+09:00,2160.0,2185.0,2055.0,2055.0,145341,0.0,0.0
2024-07-12 00:00:00+09:00,2030.0,2065.0,1994.0,2010.0,87198,0.0,0.0
2024-07-15 00:00:00+09:00,2020.0,2065.0,1911.0,2010.0,50600,0.0,0.0
2024-07-16 00:00:00+09:00,2010.0,2110.0,2000.0,2070.0,78162,0.0,0.0
2024-07-17 00:00:00+09:00,2050.0,2065.0,2025.0,2040.0,46345,0.0,0.0
2024-07-18 00:00:00+09:00,2040.0,2075.0,1979.0,2015.0,153071,0.0,0.0
2024-07-19 00:00:00+09:00,2015.0,2040.0,1991.0,2020.0,32001,0.0,0.0
2024-07-22 00:00:00+09:00,2025.0,2025.0,1980.0,1992.0,52818,0.0,0.0
2024-07-23 00:00:00+09:00,2040.0,2040.0,1989.0,2010.0,30778,0.0,0.0
2024-07-24 00:00:00+09:00,2000.0,2030.0,1967.0,1979.0,32270,0.0,0.0
2024-07-25 00:00:00+09:00,1979.0,1999.0,1946.0,1955.0,51179,0.0,0.0
2024-07-26 00:00:00+09:00,1935.0,2045.0,1935.0,2025.0,37752,0.0,0.0
2024-07-29 00:00:00+09:00,2020.0,2120.0,2020.0,2085.0,75230,0.0,0.0
2024-07-30 00:00:00+09:00,2065.0,2080.0,1990.0,1992.0,40723,0.0,0.0
2024-07-31 00:00:00+09:00,1972.0,2065.0,1966.0,2040.0,42211,0.0,0.0
2024-08-01 00:00:00+09:00,2100.0,2100.0,1966.0,2005.0,32025,0.0,0.0
2024-08-02 00:00:00+09:00,1987.0,1989.0,1909.0,1920.0,77966,0.0,0.0
2024-08-05 00:00:00+09:00,1919.0,1919.0,1652.0,1687.0,172203,0.0,0.0
2024-08-06 00:00:00+09:00,1688.0,1793.0,1688.0,1730.0,76269,0.0,0.0
2024-08-07 00:00:00+09:00,1740.0,1785.0,1734.0,1752.0,51738,0.0,0.0
2024-08-08 00:00:00+09:00,1768.0,1800.0,1740.0,1749.0,53952,0.0,0.0
2024-08-09 00:00:00+09:00,1766.0,1814.0,1766.0,1768.0,31856,0.0,0.0
2024-08-12 00:00:00+09:00,1784.0,1808.0,1776.0,1778.0,27546,0.0,0.0
2024-08-13 00:00:00+09:00,1777.0,1781.0,1734.0,1748.0,38411,0.0,0.0
2024-08-14 00:00:00+09:00,1764.0,1796.0,1748.0,1768.0,27484,0.0,0.0
2024-08-16 00:00:00+09:00,1768.0,1795.0,1747.0,1752.0,50334,0.0,0.0
