Date,Open,High,Low,Close,Volume,Dividends,Stock Splits
1999-10-27 00:00:00-04:00,22.464000701904297,22.464000701904297,20.97599983215332,20.97599983215332,573,0.0,0.0
1999-10-28 00:00:00-04:00,20.97599983215332,20.97599983215332,20.97599983215332,20.97599983215332,0,0.0,0.0
1999-10-29 00:00:00-04:00,26.97599983215332,28.464000701904297,24.0,28.464000701904297,1981,0.0,0.0
1999-11-01 00:00:00-05:00,28.464000701904297,28.464000701904297,28.464000701904297,28.464000701904297,42,0.0,0.0
1999-11-02 00:00:00-05:00,25.440000534057617,25.440000534057617,24.0,24.0,292,0.0,0.0
1999-11-03 00:00:00-05:00,24.0,24.0,22.464000701904297,24.0,3771,0.0,0.0
1999-11-04 00:00:00-05:00,24.0,24.0,24.0,24.0,0,0.0,0.0
1999-11-05 00:00:00-05:00,24.0,24.0,22.464000701904297,24.0,1519,0.0,0.0
1999-11-08 00:00:00-05:00,24.0,24.0,24.0,24.0,0,0.0,0.0
1999-11-09 00:00:00-05:00,24.0,24.0,24.0,24.0,21,0.0,0.0
1999-11-10 00:00:00-05:00,24.0,24.0,24.0,24.0,0,0.0,0.0
1999-11-11 00:00:00-05:00,24.0,24.0,24.0,24.0,0,0.0,0.0
1999-11-12 00:00:00-05:00,30.0,42.0,24.0,30.0,4377,0.0,0.0
1999-11-15 00:00:00-05:00,31.488000869750977,31.488000869750977,26.97599983215332,31.488000869750977,1719,0.0,0.0
1999-11-16 00:00:00-05:00,30.0,30.239999771118164,24.479999542236328,30.0,1000,0.0,0.0
1999-11-17 00:00:00-05:00,36.0,36.0,30.239999771118164,36.0,219,0.0,0.0
1999-11-18 00:00:00-05:00,30.0,36.0,30.0,30.0,260,0.0,0.0
1999-11-19 00:00:00-05:00,32.97600173950195,32.97600173950195,32.97600173950195,32.97600173950195,79,0.0,0.0
1999-11-22 00:00:00-05:00,32.97600173950195,32.97600173950195,32.97600173950195,32.97600173950195,0,0.0,0.0
1999-11-23 00:00:00-05:00,25.488000869750977,30.0,25.488000869750977,30.0,250,0.0,0.0
1999-11-24 00:00:00-05:00,30.0,30.0,30.0,30.0,0,0.0,0.0
1999-11-26 00:00:00-05:00,30.0,30.0,30.0,30.0,0,0.0,0.0
1999-11-29 00:00:00-05:00,30.0,30.0,26.97599983215332,30.0,417,0.0,0.0
1999-11-30 00:00:00-05:00,30.0,30.0,26.97599983215332,30.0,494,0.0,0.0
1999-12-01 00:00:00-05:00,25.488000869750977,25.488000869750977,25.488000869750977,25.488000869750977,21,0.0,0.0
1999-12-02 00:00:00-05:00,25.488000869750977,25.488000869750977,25.488000869750977,25.488000869750977,0,0.0,0.0
1999-12-03 00:00:00-05:00,25.488000869750977,25.488000869750977,25.488000869750977,25.488000869750977,63,0.0,0.0
1999-12-06 00:00:00-05:00,25.488000869750977,25.488000869750977,25.488000869750977,25.488000869750977,0,0.0,0.0
1999-12-07 00:00:00-05:00,25.488000869750977,25.488000869750977,25.488000869750977,25.488000869750977,0,0.0,0.0
1999-12-08 00:00:00-05:00,25.488000869750977,25.488000869750977,24.0,24.0,281,0.0,0.0
1999-12-09 00:00:00-05:00,24.0,24.0,24.0,24.0,42,0.0,0.0
1999-12-10 00:00:00-05:00,24.0,26.97599983215332,24.0,24.0,1613,0.0,0.0
1999-12-13 00:00:00-05:00,25.488000869750977,30.0,22.464000701904297,22.464000701904297,354,0.0,0.0
1999-12-14 00:00:00-05:00,25.488000869750977,25.488000869750977,25.488000869750977,25.488000869750977,21,0.0,0.0
1999-12-15 00:00:00-05:00,25.488000869750977,25.488000869750977,25.488000869750977,25.488000869750977,2,0.0,0.0
1999-12-16 00:00:00-05:00,25.488000869750977,25.488000869750977,25.488000869750977,25.488000869750977,0,0.0,0.0
1999-12-17 00:00:00-05:00,25.488000869750977,25.488000869750977,25.488000869750977,25.488000869750977,0,0.0,0.0
1999-12-20 00:00:00-05:00,22.464000701904297,22.464000701904297,22.464000701904297,22.464000701904297,125,0.0,0.0
1999-12-21 00:00:00-05:00,22.464000701904297,22.464000701904297,20.97599983215332,20.97599983215332,313,0.0,0.0
1999-12-22 00:00:00-05:00,19.488000869750977,20.97599983215332,19.488000869750977,20.97599983215332,229,0.0,0.0
1999-12-23 00:00:00-05:00,20.97599983215332,20.97599983215332,20.97599983215332,20.97599983215332,0,0.0,0.0
1999-12-27 00:00:00-05:00,24.0,24.0,24.0,24.0,104,0.0,0.0
1999-12-28 00:00:00-05:00,19.488000869750977,20.97599983215332,19.488000869750977,20.97599983215332,1096,0.0,0.0
1999-12-29 00:00:00-05:00,19.488000869750977,19.488000869750977,19.488000869750977,19.488000869750977,52,0.0,0.0
1999-12-30 00:00:00-05:00,19.488000869750977,19.488000869750977,19.488000869750977,19.488000869750977,240,0.0,0.0
1999-12-31 00:00:00-05:00,21.600000381469727,21.600000381469727,21.600000381469727,21.600000381469727,208,0.0,0.0
2000-01-03 00:00:00-05:00,21.600000381469727,21.600000381469727,21.600000381469727,21.600000381469727,0,0.0,0.0
2000-01-04 00:00:00-05:00,21.600000381469727,21.600000381469727,21.600000381469727,21.600000381469727,0,0.0,0.0
2000-01-05 00:00:00-05:00,21.600000381469727,21.600000381469727,21.600000381469727,21.600000381469727,0,0.0,0.0
2000-01-06 00:00:00-05:00,21.600000381469727,21.600000381469727,21.600000381469727,21.600000381469727,0,0.0,0.0
2000-01-07 00:00:00-05:00,21.600000381469727,21.600000381469727,21.600000381469727,21.600000381469727,0,0.0,0.0
2000-01-10 00:00:00-05:00,21.600000381469727,21.600000381469727,21.600000381469727,21.600000381469727,0,0.0,0.0
2000-01-11 00:00:00-05:00,21.600000381469727,21.600000381469727,21.600000381469727,21.600000381469727,0,0.0,0.0
2000-01-12 00:00:00-05:00,21.600000381469727,21.600000381469727,21.600000381469727,21.600000381469727,0,0.0,0.0
2000-01-13 00:00:00-05:00,21.600000381469727,21.600000381469727,21.600000381469727,21.600000381469727,0,0.0,0.0
2000-01-14 00:00:00-05:00,21.600000381469727,21.600000381469727,21.600000381469727,21.600000381469727,0,0.0,0.0
2000-01-18 00:00:00-05:00,21.600000381469727,21.600000381469727,21.600000381469727,21.600000381469727,0,0.0,0.0
2000-01-19 00:00:00-05:00,24.0,24.0,22.464000701904297,24.0,313,0.0,0.0
2000-01-20 00:00:00-05:00,24.0,24.0,24.0,24.0,0,0.0,0.0
2000-01-21 00:00:00-05:00,25.488000869750977,30.0,22.464000701904297,25.488000869750977,227,0.0,0.0
2000-01-24 00:00:00-05:00,30.0,36.0,25.488000869750977,30.0,1550,0.0,0.0
2000-01-25 00:00:00-05:00,30.0,36.0,25.488000869750977,25.488000869750977,729,0.0,0.0
2000-01-26 00:00:00-05:00,25.488000869750977,25.488000869750977,20.97599983215332,20.97599983215332,785,0.0,0.0
2000-01-27 00:00:00-05:00,24.0,24.0,24.0,24.0,1135,0.0,0.0
2000-01-28 00:00:00-05:00,22.464000701904297,22.464000701904297,22.464000701904297,22.464000701904297,52,0.0,0.0
2000-01-31 00:00:00-05:00,22.464000701904297,22.464000701904297,22.464000701904297,22.464000701904297,625,0.0,0.0
2000-02-01 00:00:00-05:00,26.97599983215332,30.0,26.97599983215332,30.0,167,0.0,0.0
2000-02-02 00:00:00-05:00,24.0,24.0,24.0,24.0,15,0.0,0.0
2000-02-03 00:00:00-05:00,24.0,24.0,24.0,24.0,33,0.0,0.0
2000-02-04 00:00:00-05:00,24.0,24.0,24.0,24.0,208,0.0,0.0
2000-02-07 00:00:00-05:00,24.0,24.0,24.0,24.0,0,0.0,0.0
2000-02-08 00:00:00-05:00,24.0,25.920000076293945,24.0,24.0,958,0.0,0.0
2000-02-09 00:00:00-05:00,24.0,24.0,24.0,24.0,0,0.0,0.0
2000-02-10 00:00:00-05:00,24.0,24.0,24.0,24.0,1140,0.0,0.0
2000-02-11 00:00:00-05:00,20.97599983215332,24.0,20.97599983215332,20.97599983215332,313,0.0,0.0
2000-02-14 00:00:00-05:00,20.97599983215332,20.97599983215332,20.97599983215332,20.97599983215332,0,0.0,0.0
2000-02-15 00:00:00-05:00,22.464000701904297,24.0,22.464000701904297,22.464000701904297,667,0.0,0.0
2000-02-16 00:00:00-05:00,22.464000701904297,22.464000701904297,22.464000701904297,22.464000701904297,0,0.0,0.0
2000-02-17 00:00:00-05:00,25.488000869750977,25.488000869750977,25.488000869750977,25.488000869750977,327,0.0,0.0
2000-02-18 00:00:00-05:00,25.488000869750977,25.488000869750977,25.488000869750977,25.488000869750977,38,0.0,0.0
2000-02-22 00:00:00-05:00,24.0,24.0,24.0,24.0,260,0.0,0.0
2000-02-23 00:00:00-05:00,24.0,24.0,20.97599983215332,20.97599983215332,198,0.0,0.0
2000-02-24 00:00:00-05:00,20.97599983215332,20.97599983215332,20.97599983215332,20.97599983215332,119,0.0,0.0
2000-02-25 00:00:00-05:00,25.488000869750977,25.488000869750977,25.488000869750977,25.488000869750977,2,0.0,0.0
2000-02-28 00:00:00-05:00,25.488000869750977,25.488000869750977,25.488000869750977,25.488000869750977,0,0.0,0.0
2000-02-29 00:00:00-05:00,25.488000869750977,25.488000869750977,25.488000869750977,25.488000869750977,0,0.0,0.0
2000-03-01 00:00:00-05:00,25.488000869750977,25.488000869750977,25.488000869750977,25.488000869750977,0,0.0,0.0
2000-03-02 00:00:00-05:00,25.488000869750977,25.488000869750977,25.488000869750977,25.488000869750977,0,0.0,0.0
2000-03-03 00:00:00-05:00,24.0,24.0,20.97599983215332,20.97599983215332,135,0.0,0.0
2000-03-06 00:00:00-05:00,20.97599983215332,20.97599983215332,20.97599983215332,20.97599983215332,0,0.0,0.0
2000-03-07 00:00:00-05:00,18.0,18.0,18.0,18.0,208,0.0,0.0
2000-03-08 00:00:00-05:00,28.464000701904297,28.464000701904297,28.464000701904297,28.464000701904297,104,0.0,0.0
2000-03-09 00:00:00-05:00,28.464000701904297,28.464000701904297,28.464000701904297,28.464000701904297,0,0.0,0.0
2000-03-10 00:00:00-05:00,19.488000869750977,28.464000701904297,18.0,19.488000869750977,206,0.0,0.0
2000-03-13 00:00:00-05:00,19.488000869750977,19.488000869750977,19.488000869750977,19.488000869750977,0,0.0,0.0
2000-03-14 00:00:00-05:00,19.488000869750977,19.488000869750977,19.488000869750977,19.488000869750977,0,0.0,0.0
2000-03-15 00:00:00-05:00,28.464000701904297,28.464000701904297,20.97599983215332,20.97599983215332,63,0.0,0.0
2000-03-16 00:00:00-05:00,20.97599983215332,20.97599983215332,20.97599983215332,20.97599983215332,0,0.0,0.0
2000-03-17 00:00:00-05:00,20.97599983215332,20.97599983215332,20.97599983215332,20.97599983215332,0,0.0,0.0
2000-03-20 00:00:00-05:00,20.97599983215332,20.97599983215332,20.97599983215332,20.97599983215332,0,0.0,0.0
2000-03-21 00:00:00-05:00,20.97599983215332,20.97599983215332,20.97599983215332,20.97599983215332,0,0.0,0.0
2000-03-22 00:00:00-05:00,28.464000701904297,28.464000701904297,19.488000869750977,19.488000869750977,106,0.0,0.0
2000-03-23 00:00:00-05:00,19.488000869750977,19.488000869750977,19.488000869750977,19.488000869750977,0,0.0,0.0
2000-03-24 00:00:00-05:00,19.488000869750977,19.488000869750977,19.488000869750977,19.488000869750977,0,0.0,0.0
2000-03-27 00:00:00-05:00,26.97599983215332,26.97599983215332,26.97599983215332,26.97599983215332,156,0.0,0.0
2000-03-28 00:00:00-05:00,26.97599983215332,26.97599983215332,26.97599983215332,26.97599983215332,0,0.0,0.0
2000-03-29 00:00:00-05:00,26.97599983215332,26.97599983215332,26.97599983215332,26.97599983215332,0,0.0,0.0
2000-03-30 00:00:00-05:00,24.0,30.0,20.97599983215332,24.0,458,0.0,0.0
2000-03-31 00:00:00-05:00,24.0,24.0,24.0,24.0,0,0.0,0.0
2000-04-03 00:00:00-04:00,24.0,24.0,24.0,24.0,0,0.0,0.0
2000-04-04 00:00:00-04:00,24.0,24.0,24.0,24.0,0,0.0,0.0
2000-04-05 00:00:00-04:00,24.0,24.0,24.0,24.0,0,0.0,0.0
2000-04-06 00:00:00-04:00,24.0,24.0,24.0,24.0,0,0.0,0.0
2000-04-07 00:00:00-04:00,24.0,24.0,24.0,24.0,0,0.0,0.0
2000-04-10 00:00:00-04:00,24.0,24.0,24.0,24.0,83,0.0,0.0
2000-04-11 00:00:00-04:00,24.0,24.0,24.0,24.0,0,0.0,0.0
2000-04-12 00:00:00-04:00,19.488000869750977,19.488000869750977,19.488000869750977,19.488000869750977,6,0.0,0.0
2000-04-13 00:00:00-04:00,19.488000869750977,19.488000869750977,19.488000869750977,19.488000869750977,0,0.0,0.0
2000-04-14 00:00:00-04:00,22.464000701904297,22.464000701904297,22.464000701904297,22.464000701904297,10,0.0,0.0
2000-04-17 00:00:00-04:00,20.97599983215332,24.0,20.97599983215332,20.97599983215332,329,0.0,0.0
2000-04-18 00:00:00-04:00,20.97599983215332,20.97599983215332,20.97599983215332,20.97599983215332,0,0.0,0.0
2000-04-19 00:00:00-04:00,20.97599983215332,20.97599983215332,20.97599983215332,20.97599983215332,0,0.0,0.0
2000-04-20 00:00:00-04:00,20.97599983215332,20.97599983215332,20.97599983215332,20.97599983215332,0,0.0,0.0
2000-04-24 00:00:00-04:00,16.464000701904297,20.97599983215332,16.464000701904297,16.464000701904297,1090,0.0,0.0
2000-04-25 00:00:00-04:00,16.464000701904297,16.464000701904297,16.464000701904297,16.464000701904297,0,0.0,0.0
2000-04-26 00:00:00-04:00,16.464000701904297,16.464000701904297,16.464000701904297,16.464000701904297,0,0.0,0.0
2000-04-27 00:00:00-04:00,16.464000701904297,16.464000701904297,16.464000701904297,16.464000701904297,0,0.0,0.0
2000-04-28 00:00:00-04:00,13.48799991607666,13.48799991607666,13.48799991607666,13.48799991607666,10,0.0,0.0
2000-05-01 00:00:00-04:00,13.48799991607666,13.48799991607666,13.48799991607666,13.48799991607666,0,0.0,0.0
2000-05-02 00:00:00-04:00,13.48799991607666,13.48799991607666,13.48799991607666,13.48799991607666,0,0.0,0.0
2000-05-03 00:00:00-04:00,13.48799991607666,13.48799991607666,13.48799991607666,13.48799991607666,0,0.0,0.0
2000-05-04 00:00:00-04:00,13.48799991607666,13.48799991607666,13.48799991607666,13.48799991607666,63,0.0,0.0
2000-05-05 00:00:00-04:00,13.48799991607666,13.48799991607666,13.48799991607666,13.48799991607666,23,0.0,0.0
2000-05-08 00:00:00-04:00,19.488000869750977,19.488000869750977,19.488000869750977,19.488000869750977,104,0.0,0.0
2000-05-09 00:00:00-04:00,14.97599983215332,14.97599983215332,14.97599983215332,14.97599983215332,167,0.0,0.0
2000-05-10 00:00:00-04:00,14.97599983215332,14.97599983215332,14.97599983215332,14.97599983215332,0,0.0,0.0
2000-05-11 00:00:00-04:00,14.97599983215332,14.97599983215332,14.97599983215332,14.97599983215332,0,0.0,0.0
2000-05-12 00:00:00-04:00,14.97599983215332,14.97599983215332,14.97599983215332,14.97599983215332,0,0.0,0.0
2000-05-15 00:00:00-04:00,14.97599983215332,14.97599983215332,14.97599983215332,14.97599983215332,104,0.0,0.0
2000-05-16 00:00:00-04:00,14.97599983215332,14.97599983215332,14.97599983215332,14.97599983215332,0,0.0,0.0
2000-05-17 00:00:00-04:00,14.97599983215332,14.97599983215332,14.97599983215332,14.97599983215332,0,0.0,0.0
2000-05-18 00:00:00-04:00,14.97599983215332,14.97599983215332,14.97599983215332,14.97599983215332,0,0.0,0.0
2000-05-19 00:00:00-04:00,18.0,18.0,18.0,18.0,279,0.0,0.0
2000-05-22 00:00:00-04:00,18.0,18.0,18.0,18.0,54,0.0,0.0
2000-05-23 00:00:00-04:00,18.0,18.0,18.0,18.0,0,0.0,0.0
2000-05-24 00:00:00-04:00,18.0,18.0,18.0,18.0,0,0.0,0.0
2000-05-25 00:00:00-04:00,14.97599983215332,14.97599983215332,14.97599983215332,14.97599983215332,83,0.0,0.0
2000-05-26 00:00:00-04:00,14.97599983215332,14.97599983215332,14.97599983215332,14.97599983215332,0,0.0,0.0
2000-05-30 00:00:00-04:00,14.97599983215332,14.97599983215332,14.97599983215332,14.97599983215332,0,0.0,0.0
2000-05-31 00:00:00-04:00,14.97599983215332,14.97599983215332,14.97599983215332,14.97599983215332,0,0.0,0.0
2000-06-01 00:00:00-04:00,14.97599983215332,14.97599983215332,14.97599983215332,14.97599983215332,0,0.0,0.0
2000-06-02 00:00:00-04:00,14.97599983215332,14.97599983215332,14.97599983215332,14.97599983215332,0,0.0,0.0
2000-06-05 00:00:00-04:00,18.0,18.0,14.97599983215332,18.0,406,0.0,0.0
2000-06-06 00:00:00-04:00,18.0,18.0,18.0,18.0,0,0.0,0.0
2000-06-07 00:00:00-04:00,18.0,18.0,18.0,18.0,0,0.0,0.0
2000-06-08 00:00:00-04:00,18.0,18.0,18.0,18.0,0,0.0,0.0
2000-06-09 00:00:00-04:00,18.0,18.0,18.0,18.0,0,0.0,0.0
2000-06-12 00:00:00-04:00,18.0,18.0,14.97599983215332,18.0,750,0.0,0.0
2000-06-13 00:00:00-04:00,14.399999618530273,14.399999618530273,12.0,14.399999618530273,2115,0.0,0.0
2000-06-14 00:00:00-04:00,14.399999618530273,14.97599983215332,14.399999618530273,14.399999618530273,344,0.0,0.0
2000-06-15 00:00:00-04:00,14.399999618530273,14.399999618530273,14.399999618530273,14.399999618530273,0,0.0,0.0
2000-06-16 00:00:00-04:00,14.399999618530273,14.399999618530273,14.399999618530273,14.399999618530273,0,0.0,0.0
2000-06-19 00:00:00-04:00,14.399999618530273,14.399999618530273,14.399999618530273,14.399999618530273,0,0.0,0.0
2000-06-20 00:00:00-04:00,13.48799991607666,13.48799991607666,13.48799991607666,13.48799991607666,21,0.0,0.0
2000-06-21 00:00:00-04:00,16.464000701904297,16.464000701904297,16.464000701904297,16.464000701904297,125,0.0,0.0
2000-06-22 00:00:00-04:00,16.464000701904297,16.464000701904297,16.464000701904297,16.464000701904297,0,0.0,0.0
2000-06-23 00:00:00-04:00,16.464000701904297,16.464000701904297,16.464000701904297,16.464000701904297,0,0.0,0.0
2000-06-26 00:00:00-04:00,16.464000701904297,16.464000701904297,16.464000701904297,16.464000701904297,0,0.0,0.0
2000-06-27 00:00:00-04:00,16.464000701904297,16.464000701904297,16.464000701904297,16.464000701904297,0,0.0,0.0
2000-06-28 00:00:00-04:00,14.97599983215332,14.97599983215332,10.46399974822998,10.46399974822998,1190,0.0,0.0
2000-06-29 00:00:00-04:00,13.48799991607666,14.880000114440918,13.48799991607666,14.880000114440918,521,0.0,0.0
2000-06-30 00:00:00-04:00,14.97599983215332,18.0,14.97599983215332,18.0,417,0.0,0.0
2000-07-03 00:00:00-04:00,18.0,18.0,18.0,18.0,0,0.0,0.0
2000-07-05 00:00:00-04:00,16.31999969482422,16.799999237060547,16.31999969482422,16.799999237060547,104,0.0,0.0
2000-07-06 00:00:00-04:00,16.799999237060547,16.799999237060547,16.799999237060547,16.799999237060547,0,0.0,0.0
2000-07-07 00:00:00-04:00,16.31999969482422,16.799999237060547,16.31999969482422,16.799999237060547,127,0.0,0.0
2000-07-10 00:00:00-04:00,16.464000701904297,16.464000701904297,16.464000701904297,16.464000701904297,63,0.0,0.0
2000-07-11 00:00:00-04:00,16.464000701904297,16.464000701904297,16.464000701904297,16.464000701904297,0,0.0,0.0
2000-07-12 00:00:00-04:00,18.0,18.0,18.0,18.0,396,0.0,0.0
2000-07-13 00:00:00-04:00,18.0,18.0,18.0,18.0,42,0.0,0.0
2000-07-14 00:00:00-04:00,24.0,24.0,24.0,24.0,135,0.0,0.0
2000-07-17 00:00:00-04:00,24.479999542236328,24.479999542236328,24.479999542236328,24.479999542236328,63,0.0,0.0
2000-07-18 00:00:00-04:00,23.520000457763672,25.488000869750977,23.520000457763672,24.0,1406,0.0,0.0
2000-07-19 00:00:00-04:00,24.959999084472656,24.959999084472656,24.0,24.959999084472656,2594,0.0,0.0
2000-07-20 00:00:00-04:00,24.719999313354492,26.97599983215332,24.719999313354492,25.488000869750977,385,0.0,0.0
2000-07-21 00:00:00-04:00,26.97599983215332,26.97599983215332,24.479999542236328,25.488000869750977,1031,0.0,0.0
2000-07-24 00:00:00-04:00,25.488000869750977,26.8799991607666,24.479999542236328,24.479999542236328,565,0.0,0.0
2000-07-25 00:00:00-04:00,24.479999542236328,24.479999542236328,24.479999542236328,24.479999542236328,0,0.0,0.0
2000-07-26 00:00:00-04:00,23.520000457763672,23.520000457763672,23.520000457763672,23.520000457763672,21,0.0,0.0
2000-07-27 00:00:00-04:00,25.440000534057617,25.488000869750977,24.0,25.488000869750977,427,0.0,0.0
2000-07-28 00:00:00-04:00,25.488000869750977,25.488000869750977,25.488000869750977,25.488000869750977,0,0.0,0.0
2000-07-31 00:00:00-04:00,25.488000869750977,25.488000869750977,25.488000869750977,25.488000869750977,2,0.0,0.0
2000-08-01 00:00:00-04:00,23.520000457763672,23.520000457763672,23.520000457763672,23.520000457763672,83,0.0,0.0
2000-08-02 00:00:00-04:00,25.440000534057617,25.440000534057617,23.520000457763672,24.0,646,0.0,0.0
2000-08-03 00:00:00-04:00,25.440000534057617,26.97599983215332,24.576000213623047,26.97599983215332,208,0.0,0.0
2000-08-04 00:00:00-04:00,26.399999618530273,26.97599983215332,26.399999618530273,26.97599983215332,521,0.0,0.0
2000-08-07 00:00:00-04:00,26.97599983215332,26.97599983215332,26.97599983215332,26.97599983215332,0,0.0,0.0
2000-08-08 00:00:00-04:00,25.488000869750977,26.97599983215332,24.0,26.8799991607666,1385,0.0,0.0
2000-08-09 00:00:00-04:00,28.464000701904297,28.464000701904297,26.8799991607666,28.464000701904297,271,0.0,0.0
2000-08-10 00:00:00-04:00,28.464000701904297,28.464000701904297,26.8799991607666,28.464000701904297,510,0.0,0.0
2000-08-11 00:00:00-04:00,28.464000701904297,32.97600173950195,26.97599983215332,31.488000869750977,1173,0.0,0.0
2000-08-14 00:00:00-04:00,38.97600173950195,40.4640007019043,37.487998962402344,38.97600173950195,406,0.0,0.0
2000-08-15 00:00:00-04:00,38.97600173950195,38.97600173950195,38.97600173950195,38.97600173950195,0,0.0,0.0
2000-08-16 00:00:00-04:00,31.488000869750977,31.488000869750977,31.488000869750977,31.488000869750977,21,0.0,0.0
2000-08-17 00:00:00-04:00,31.488000869750977,31.488000869750977,31.488000869750977,31.488000869750977,0,0.0,0.0
2000-08-18 00:00:00-04:00,31.488000869750977,31.488000869750977,31.488000869750977,31.488000869750977,0,0.0,0.0
2000-08-21 00:00:00-04:00,31.488000869750977,31.488000869750977,31.488000869750977,31.488000869750977,156,0.0,0.0
2000-08-22 00:00:00-04:00,31.488000869750977,31.488000869750977,31.488000869750977,31.488000869750977,0,0.0,0.0
2000-08-23 00:00:00-04:00,26.97599983215332,26.97599983215332,26.97599983215332,26.97599983215332,63,0.0,0.0
2000-08-24 00:00:00-04:00,30.0,30.0,26.97599983215332,26.97599983215332,29,0.0,0.0
2000-08-25 00:00:00-04:00,30.0,30.0,30.0,30.0,146,0.0,0.0
2000-08-28 00:00:00-04:00,30.0,30.0,30.0,30.0,0,0.0,0.0
2000-08-29 00:00:00-04:00,28.464000701904297,28.464000701904297,26.97599983215332,26.97599983215332,240,0.0,0.0
2000-08-30 00:00:00-04:00,26.97599983215332,26.97599983215332,26.97599983215332,26.97599983215332,0,0.0,0.0
2000-08-31 00:00:00-04:00,26.97599983215332,26.97599983215332,26.97599983215332,26.97599983215332,63,0.0,0.0
2000-09-01 00:00:00-04:00,26.97599983215332,26.97599983215332,26.97599983215332,26.97599983215332,0,0.0,0.0
2000-09-05 00:00:00-04:00,29.280000686645508,29.280000686645508,29.280000686645508,29.280000686645508,121,0.0,0.0
2000-09-06 00:00:00-04:00,30.0,30.0,26.97599983215332,26.97599983215332,169,0.0,0.0
2000-09-07 00:00:00-04:00,26.97599983215332,26.97599983215332,26.97599983215332,26.97599983215332,0,0.0,0.0
2000-09-08 00:00:00-04:00,26.97599983215332,26.97599983215332,26.97599983215332,26.97599983215332,27,0.0,0.0
2000-09-11 00:00:00-04:00,32.97600173950195,32.97600173950195,32.97600173950195,32.97600173950195,188,0.0,0.0
2000-09-12 00:00:00-04:00,38.97600173950195,42.0,38.400001525878906,42.0,625,0.0,0.0
2000-09-13 00:00:00-04:00,40.4640007019043,42.0,26.97599983215332,36.0,1131,0.0,0.0
2000-09-14 00:00:00-04:00,30.0,42.0,30.0,36.0,229,0.0,0.0
2000-09-15 00:00:00-04:00,38.97600173950195,38.97600173950195,36.0,38.97600173950195,135,0.0,0.0
2000-09-18 00:00:00-04:00,38.97600173950195,42.0,36.0,40.4640007019043,260,0.0,0.0
2000-09-19 00:00:00-04:00,42.0,42.0,38.97600173950195,38.97600173950195,396,0.0,0.0
2000-09-20 00:00:00-04:00,32.97600173950195,36.0,32.97600173950195,36.0,208,0.0,0.0
2000-09-21 00:00:00-04:00,40.4640007019043,40.4640007019043,33.599998474121094,33.599998474121094,1396,0.0,0.0
2000-09-22 00:00:00-04:00,30.0,33.551998138427734,28.464000701904297,31.488000869750977,1494,0.0,0.0
2000-09-25 00:00:00-04:00,28.464000701904297,30.0,24.0,30.0,1302,0.0,0.0
2000-09-26 00:00:00-04:00,30.0,31.488000869750977,30.0,31.488000869750977,173,0.0,0.0
2000-09-27 00:00:00-04:00,31.200000762939453,31.200000762939453,31.200000762939453,31.200000762939453,63,0.0,0.0
2000-09-28 00:00:00-04:00,31.488000869750977,36.0,31.488000869750977,36.0,698,0.0,0.0
2000-09-29 00:00:00-04:00,40.4640007019043,40.4640007019043,40.4640007019043,40.4640007019043,92,0.0,0.0
2000-10-02 00:00:00-04:00,40.4640007019043,40.4640007019043,40.4640007019043,40.4640007019043,0,0.0,0.0
2000-10-03 00:00:00-04:00,32.97600173950195,36.0,32.97600173950195,36.0,813,0.0,0.0
2000-10-04 00:00:00-04:00,36.0,37.487998962402344,36.0,37.487998962402344,173,0.0,0.0
2000-10-05 00:00:00-04:00,38.97600173950195,38.97600173950195,38.97600173950195,38.97600173950195,340,0.0,0.0
2000-10-06 00:00:00-04:00,38.97600173950195,38.97600173950195,38.97600173950195,38.97600173950195,0,0.0,0.0
2000-10-09 00:00:00-04:00,32.97600173950195,36.0,32.97600173950195,32.97600173950195,365,0.0,0.0
2000-10-10 00:00:00-04:00,32.97600173950195,32.97600173950195,32.97600173950195,32.97600173950195,0,0.0,0.0
2000-10-11 00:00:00-04:00,32.97600173950195,32.97600173950195,32.97600173950195,32.97600173950195,0,0.0,0.0
2000-10-12 00:00:00-04:00,26.97599983215332,33.599998474121094,26.97599983215332,33.599998474121094,125,0.0,0.0
2000-10-13 00:00:00-04:00,33.599998474121094,33.599998474121094,33.599998474121094,33.599998474121094,0,0.0,0.0
2000-10-16 00:00:00-04:00,33.599998474121094,33.599998474121094,33.599998474121094,33.599998474121094,0,0.0,0.0
2000-10-17 00:00:00-04:00,33.599998474121094,33.599998474121094,33.599998474121094,33.599998474121094,0,0.0,0.0
2000-10-18 00:00:00-04:00,33.599998474121094,33.599998474121094,33.599998474121094,33.599998474121094,0,0.0,0.0
2000-10-19 00:00:00-04:00,36.0,36.0,36.0,36.0,52,0.0,0.0
2000-10-20 00:00:00-04:00,36.0,36.0,36.0,36.0,0,0.0,0.0
2000-10-23 00:00:00-04:00,36.0,36.0,36.0,36.0,0,0.0,0.0
2000-10-24 00:00:00-04:00,30.0,30.0,30.0,30.0,19,0.0,0.0
2000-10-25 00:00:00-04:00,30.0,30.0,30.0,30.0,0,0.0,0.0
2000-10-26 00:00:00-04:00,38.97600173950195,38.97600173950195,36.0,36.0,469,0.0,0.0
2000-10-27 00:00:00-04:00,36.0,36.0,36.0,36.0,0,0.0,0.0
2000-10-30 00:00:00-05:00,36.0,36.0,36.0,36.0,208,0.0,0.0
2000-10-31 00:00:00-05:00,36.0,36.0,36.0,36.0,0,0.0,0.0
2000-11-01 00:00:00-05:00,37.487998962402344,37.487998962402344,36.0,37.487998962402344,656,0.0,0.0
2000-11-02 00:00:00-05:00,34.4640007019043,34.4640007019043,34.4640007019043,34.4640007019043,83,0.0,0.0
2000-11-03 00:00:00-05:00,34.4640007019043,34.4640007019043,34.4640007019043,34.4640007019043,0,0.0,0.0
2000-11-06 00:00:00-05:00,38.97600173950195,38.97600173950195,37.487998962402344,37.487998962402344,19,0.0,0.0
2000-11-07 00:00:00-05:00,38.97600173950195,38.97600173950195,38.97600173950195,38.97600173950195,79,0.0,0.0
2000-11-08 00:00:00-05:00,38.400001525878906,38.400001525878906,38.400001525878906,38.400001525878906,23,0.0,0.0
2000-11-09 00:00:00-05:00,38.400001525878906,38.400001525878906,38.400001525878906,38.400001525878906,0,0.0,0.0
2000-11-10 00:00:00-05:00,38.400001525878906,38.400001525878906,38.400001525878906,38.400001525878906,0,0.0,0.0
2000-11-13 00:00:00-05:00,38.400001525878906,38.400001525878906,38.400001525878906,38.400001525878906,0,0.0,0.0
2000-11-14 00:00:00-05:00,38.97600173950195,42.0,34.4640007019043,36.0,1667,0.0,0.0
2000-11-15 00:00:00-05:00,36.0,36.0,36.0,36.0,0,0.0,0.0
2000-11-16 00:00:00-05:00,36.0,36.0,36.0,36.0,0,0.0,0.0
2000-11-17 00:00:00-05:00,40.4640007019043,43.20000076293945,40.4640007019043,43.20000076293945,417,0.0,0.0
2000-11-20 00:00:00-05:00,42.720001220703125,42.720001220703125,34.4640007019043,34.4640007019043,269,0.0,0.0
2000-11-21 00:00:00-05:00,34.4640007019043,34.4640007019043,34.4640007019043,34.4640007019043,63,0.0,0.0
2000-11-22 00:00:00-05:00,34.4640007019043,34.4640007019043,34.4640007019043,34.4640007019043,0,0.0,0.0
2000-11-24 00:00:00-05:00,38.400001525878906,38.400001525878906,34.4640007019043,34.4640007019043,760,0.0,0.0
2000-11-27 00:00:00-05:00,35.040000915527344,35.040000915527344,34.4640007019043,35.040000915527344,219,0.0,0.0
2000-11-28 00:00:00-05:00,35.040000915527344,35.040000915527344,34.4640007019043,34.4640007019043,688,0.0,0.0
2000-11-29 00:00:00-05:00,35.040000915527344,35.040000915527344,35.040000915527344,35.040000915527344,208,0.0,0.0
2000-11-30 00:00:00-05:00,36.0,36.0,34.4640007019043,36.0,573,0.0,0.0
2000-12-01 00:00:00-05:00,36.0,36.0,36.0,36.0,365,0.0,0.0
2000-12-04 00:00:00-05:00,36.0,36.0,36.0,36.0,79,0.0,0.0
2000-12-05 00:00:00-05:00,38.97600173950195,40.4640007019043,38.97600173950195,40.4640007019043,206,0.0,0.0
2000-12-06 00:00:00-05:00,40.4640007019043,40.4640007019043,38.400001525878906,38.400001525878906,167,0.0,0.0
2000-12-07 00:00:00-05:00,40.4640007019043,42.0,38.400001525878906,42.0,1383,0.0,0.0
2000-12-08 00:00:00-05:00,37.487998962402344,38.97600173950195,36.0,38.97600173950195,829,0.0,0.0
2000-12-11 00:00:00-05:00,37.487998962402344,44.97600173950195,37.487998962402344,43.20000076293945,1179,0.0,0.0
2000-12-12 00:00:00-05:00,43.20000076293945,43.20000076293945,43.20000076293945,43.20000076293945,0,0.0,0.0
2000-12-13 00:00:00-05:00,43.20000076293945,43.20000076293945,43.20000076293945,43.20000076293945,15,0.0,0.0
2000-12-14 00:00:00-05:00,42.0,42.0,42.0,42.0,38,0.0,0.0
2000-12-15 00:00:00-05:00,40.4640007019043,40.4640007019043,40.4640007019043,40.4640007019043,21,0.0,0.0
2000-12-18 00:00:00-05:00,42.0,42.0,36.0,36.0,1038,0.0,0.0
2000-12-19 00:00:00-05:00,37.487998962402344,39.36000061035156,36.0,36.0,531,0.0,0.0
2000-12-20 00:00:00-05:00,34.4640007019043,38.97600173950195,34.4640007019043,38.97600173950195,152,0.0,0.0
2000-12-21 00:00:00-05:00,34.4640007019043,34.4640007019043,34.4640007019043,34.4640007019043,42,0.0,0.0
2000-12-22 00:00:00-05:00,38.97600173950195,38.97600173950195,38.97600173950195,38.97600173950195,260,0.0,0.0
2000-12-26 00:00:00-05:00,44.97600173950195,44.97600173950195,36.0,38.97600173950195,554,0.0,0.0
2000-12-27 00:00:00-05:00,38.97600173950195,38.97600173950195,38.97600173950195,38.97600173950195,0,0.0,0.0
2000-12-28 00:00:00-05:00,37.487998962402344,38.97600173950195,37.487998962402344,38.97600173950195,315,0.0,0.0
2000-12-29 00:00:00-05:00,38.97600173950195,38.97600173950195,38.97600173950195,38.97600173950195,52,0.0,0.0
2001-01-02 00:00:00-05:00,37.487998962402344,38.97600173950195,32.97600173950195,38.97600173950195,1052,0.0,0.0
2001-01-03 00:00:00-05:00,40.4640007019043,40.4640007019043,32.97600173950195,33.599998474121094,185,0.0,0.0
2001-01-04 00:00:00-05:00,33.599998474121094,33.599998474121094,33.599998474121094,33.599998474121094,0,0.0,0.0
2001-01-05 00:00:00-05:00,32.97600173950195,32.97600173950195,32.97600173950195,32.97600173950195,85,0.0,0.0
2001-01-08 00:00:00-05:00,32.97600173950195,32.97600173950195,32.97600173950195,32.97600173950195,0,0.0,0.0
2001-01-09 00:00:00-05:00,34.08000183105469,34.08000183105469,32.97600173950195,33.599998474121094,677,0.0,0.0
2001-01-10 00:00:00-05:00,32.97600173950195,33.599998474121094,32.97600173950195,33.599998474121094,44,0.0,0.0
2001-01-11 00:00:00-05:00,36.0,36.0,36.0,36.0,208,0.0,0.0
2001-01-12 00:00:00-05:00,36.0,36.0,36.0,36.0,0,0.0,0.0
2001-01-16 00:00:00-05:00,43.487998962402344,60.0,43.20000076293945,49.487998962402344,6229,0.0,0.0
2001-01-17 00:00:00-05:00,52.4640007019043,98.97599792480469,52.4640007019043,96.0,11938,0.0,0.0
2001-01-18 00:00:00-05:00,95.04000091552734,102.0,60.0,76.80000305175781,8540,0.0,0.0
2001-01-19 00:00:00-05:00,76.31999969482422,84.0,68.97599792480469,68.97599792480469,1556,0.0,0.0
2001-01-22 00:00:00-05:00,74.97599792480469,74.97599792480469,61.487998962402344,61.487998962402344,1000,0.0,0.0
2001-01-23 00:00:00-05:00,66.0,73.48799896240234,66.0,70.46399688720703,950,0.0,0.0
2001-01-24 00:00:00-05:00,74.97599792480469,74.97599792480469,66.0,68.97599792480469,290,0.0,0.0
2001-01-25 00:00:00-05:00,74.97599792480469,74.97599792480469,62.97600173950195,62.97600173950195,719,0.0,0.0
2001-01-26 00:00:00-05:00,66.0,72.0,66.0,72.0,1367,0.0,0.0
2001-01-29 00:00:00-05:00,73.48799896240234,73.48799896240234,73.48799896240234,73.48799896240234,33,0.0,0.0
2001-01-30 00:00:00-05:00,66.0,72.0,66.0,71.5199966430664,271,0.0,0.0
2001-01-31 00:00:00-05:00,70.46399688720703,70.46399688720703,70.46399688720703,70.46399688720703,21,0.0,0.0
2001-02-01 00:00:00-05:00,64.46399688720703,66.0,61.487998962402344,63.36000061035156,1144,0.0,0.0
2001-02-02 00:00:00-05:00,60.0,66.0,58.4640007019043,58.560001373291016,1829,0.0,0.0
2001-02-05 00:00:00-05:00,64.46399688720703,66.0,62.97600173950195,66.0,575,0.0,0.0
2001-02-06 00:00:00-05:00,66.0,66.0,64.46399688720703,66.0,833,0.0,0.0
2001-02-07 00:00:00-05:00,67.48799896240234,67.48799896240234,62.97600173950195,66.0,710,0.0,0.0
2001-02-08 00:00:00-05:00,66.0,66.0,65.27999877929688,65.27999877929688,365,0.0,0.0
2001-02-09 00:00:00-05:00,66.0,66.0,62.97600173950195,62.97600173950195,613,0.0,0.0
2001-02-12 00:00:00-05:00,64.46399688720703,66.0,64.46399688720703,65.5199966430664,500,0.0,0.0
2001-02-13 00:00:00-05:00,62.97600173950195,66.0,62.97600173950195,64.80000305175781,392,0.0,0.0
2001-02-14 00:00:00-05:00,62.97600173950195,64.46399688720703,60.0,61.487998962402344,190,0.0,0.0
2001-02-15 00:00:00-05:00,61.487998962402344,64.31999969482422,60.0,61.487998962402344,594,0.0,0.0
2001-02-16 00:00:00-05:00,62.97600173950195,64.46399688720703,60.0,61.487998962402344,956,0.0,0.0
2001-02-20 00:00:00-05:00,62.97600173950195,62.97600173950195,43.487998962402344,43.487998962402344,1292,0.0,0.0
2001-02-21 00:00:00-05:00,42.0,42.0,20.97599983215332,28.464000701904297,1829,0.0,0.0
2001-02-22 00:00:00-05:00,32.97600173950195,36.0,30.0,36.0,285,0.0,0.0
2001-02-23 00:00:00-05:00,36.0,37.487998962402344,36.0,37.487998962402344,260,0.0,0.0
2001-02-26 00:00:00-05:00,38.97600173950195,38.97600173950195,32.97600173950195,32.97600173950195,323,0.0,0.0
2001-02-27 00:00:00-05:00,35.040000915527344,35.040000915527344,34.4640007019043,34.4640007019043,121,0.0,0.0
2001-02-28 00:00:00-05:00,32.97600173950195,32.97600173950195,32.97600173950195,32.97600173950195,135,0.0,0.0
2001-03-01 00:00:00-05:00,33.599998474121094,33.599998474121094,32.97600173950195,33.119998931884766,319,0.0,0.0
2001-03-02 00:00:00-05:00,31.488000869750977,32.97600173950195,28.464000701904297,30.0,421,0.0,0.0
2001-03-05 00:00:00-05:00,30.0,30.0,30.0,30.0,0,0.0,0.0
2001-03-06 00:00:00-05:00,30.0,30.0,30.0,30.0,31,0.0,0.0
2001-03-07 00:00:00-05:00,28.464000701904297,28.464000701904297,28.464000701904297,28.464000701904297,31,0.0,0.0
2001-03-08 00:00:00-05:00,28.464000701904297,28.464000701904297,28.464000701904297,28.464000701904297,0,0.0,0.0
2001-03-09 00:00:00-05:00,25.488000869750977,25.488000869750977,25.488000869750977,25.488000869750977,83,0.0,0.0
2001-03-12 00:00:00-05:00,25.488000869750977,25.488000869750977,25.488000869750977,25.488000869750977,100,0.0,0.0
2001-03-13 00:00:00-05:00,25.488000869750977,26.399999618530273,22.464000701904297,22.464000701904297,594,0.0,0.0
2001-03-14 00:00:00-05:00,20.97599983215332,20.97599983215332,18.0,20.97599983215332,292,0.0,0.0
2001-03-15 00:00:00-05:00,22.464000701904297,22.464000701904297,18.0,18.0,552,0.0,0.0
2001-03-16 00:00:00-05:00,20.97599983215332,20.97599983215332,19.488000869750977,20.15999984741211,223,0.0,0.0
2001-03-19 00:00:00-05:00,20.15999984741211,20.97599983215332,18.719999313354492,18.719999313354492,340,0.0,0.0
2001-03-20 00:00:00-05:00,18.0,19.200000762939453,16.464000701904297,16.464000701904297,1010,0.0,0.0
2001-03-21 00:00:00-05:00,16.464000701904297,17.663999557495117,16.464000701904297,17.663999557495117,423,0.0,0.0
2001-03-22 00:00:00-05:00,18.0,18.0,18.0,18.0,21,0.0,0.0
2001-03-23 00:00:00-05:00,19.488000869750977,19.488000869750977,19.488000869750977,19.488000869750977,21,0.0,0.0
2001-03-26 00:00:00-05:00,16.464000701904297,19.488000869750977,16.464000701904297,19.488000869750977,246,0.0,0.0
2001-03-27 00:00:00-05:00,19.488000869750977,19.488000869750977,19.488000869750977,19.488000869750977,0,0.0,0.0
2001-03-28 00:00:00-05:00,22.464000701904297,22.464000701904297,20.97599983215332,20.97599983215332,135,0.0,0.0
2001-03-29 00:00:00-05:00,20.97599983215332,20.97599983215332,20.97599983215332,20.97599983215332,42,0.0,0.0
2001-03-30 00:00:00-05:00,20.97599983215332,20.97599983215332,20.97599983215332,20.97599983215332,0,0.0,0.0
2001-04-02 00:00:00-04:00,19.488000869750977,20.97599983215332,19.488000869750977,20.97599983215332,271,0.0,0.0
2001-04-03 00:00:00-04:00,20.97599983215332,22.464000701904297,18.0,18.0,885,0.0,0.0
2001-04-04 00:00:00-04:00,18.0,18.0,18.0,18.0,0,0.0,0.0
2001-04-05 00:00:00-04:00,18.0,18.0,18.0,18.0,21,0.0,0.0
2001-04-06 00:00:00-04:00,18.0,18.0,18.0,18.0,63,0.0,0.0
2001-04-09 00:00:00-04:00,18.0,18.0,18.0,18.0,0,0.0,0.0
2001-04-10 00:00:00-04:00,18.0,18.0,18.0,18.0,0,0.0,0.0
2001-04-11 00:00:00-04:00,18.0,18.0,18.0,18.0,0,0.0,0.0
2001-04-12 00:00:00-04:00,19.200000762939453,19.200000762939453,19.200000762939453,19.200000762939453,229,0.0,0.0
2001-04-16 00:00:00-04:00,23.520000457763672,23.520000457763672,23.520000457763672,23.520000457763672,42,0.0,0.0
2001-04-17 00:00:00-04:00,23.520000457763672,23.520000457763672,23.520000457763672,23.520000457763672,0,0.0,0.0
2001-04-18 00:00:00-04:00,23.520000457763672,23.520000457763672,23.520000457763672,23.520000457763672,0,0.0,0.0
2001-04-19 00:00:00-04:00,23.520000457763672,23.520000457763672,23.520000457763672,23.520000457763672,0,0.0,0.0
2001-04-20 00:00:00-04:00,23.520000457763672,23.520000457763672,23.520000457763672,23.520000457763672,0,0.0,0.0
2001-04-23 00:00:00-04:00,23.520000457763672,23.520000457763672,23.520000457763672,23.520000457763672,0,0.0,0.0
2001-04-24 00:00:00-04:00,23.520000457763672,23.520000457763672,23.520000457763672,23.520000457763672,0,0.0,0.0
2001-04-25 00:00:00-04:00,20.639999389648438,20.639999389648438,20.15999984741211,20.15999984741211,79,0.0,0.0
2001-04-26 00:00:00-04:00,17.760000228881836,17.760000228881836,17.760000228881836,17.760000228881836,104,0.0,0.0
2001-04-27 00:00:00-04:00,18.719999313354492,20.639999389648438,18.719999313354492,20.15999984741211,500,0.0,0.0
2001-04-30 00:00:00-04:00,20.15999984741211,20.15999984741211,20.15999984741211,20.15999984741211,0,0.0,0.0
2001-05-01 00:00:00-04:00,21.600000381469727,21.600000381469727,21.600000381469727,21.600000381469727,104,0.0,0.0
2001-05-02 00:00:00-04:00,20.15999984741211,26.399999618530273,19.200000762939453,24.0,2694,0.0,0.0
2001-05-03 00:00:00-04:00,24.0,27.360000610351562,24.0,27.360000610351562,527,0.0,0.0
2001-05-04 00:00:00-04:00,28.799999237060547,37.91999816894531,26.8799991607666,31.200000762939453,1702,0.0,0.0
2001-05-07 00:00:00-04:00,31.200000762939453,31.200000762939453,31.200000762939453,31.200000762939453,0,0.0,0.0
2001-05-08 00:00:00-04:00,31.200000762939453,31.200000762939453,31.200000762939453,31.200000762939453,0,0.0,0.0
2001-05-09 00:00:00-04:00,28.799999237060547,36.0,28.799999237060547,36.0,73,0.0,0.0
2001-05-10 00:00:00-04:00,36.0,36.0,36.0,36.0,0,0.0,0.0
2001-05-11 00:00:00-04:00,34.560001373291016,34.560001373291016,32.63999938964844,34.560001373291016,279,0.0,0.0
2001-05-14 00:00:00-04:00,34.560001373291016,34.560001373291016,31.200000762939453,31.200000762939453,15,0.0,0.0
2001-05-15 00:00:00-04:00,31.68000030517578,33.119998931884766,31.68000030517578,32.63999938964844,260,0.0,0.0
2001-05-16 00:00:00-04:00,30.719999313354492,31.200000762939453,28.799999237060547,31.200000762939453,290,0.0,0.0
2001-05-17 00:00:00-04:00,31.200000762939453,31.200000762939453,31.200000762939453,31.200000762939453,0,0.0,0.0
2001-05-18 00:00:00-04:00,31.200000762939453,31.200000762939453,31.200000762939453,31.200000762939453,0,0.0,0.0
2001-05-21 00:00:00-04:00,31.200000762939453,31.200000762939453,31.200000762939453,31.200000762939453,88,0.0,0.0
2001-05-22 00:00:00-04:00,31.200000762939453,36.0,31.200000762939453,31.200000762939453,263,0.0,0.0
2001-05-23 00:00:00-04:00,36.0,36.0,36.0,36.0,146,0.0,0.0
2001-05-24 00:00:00-04:00,32.15999984741211,32.15999984741211,32.15999984741211,32.15999984741211,156,0.0,0.0
2001-05-25 00:00:00-04:00,32.15999984741211,32.15999984741211,32.15999984741211,32.15999984741211,0,0.0,0.0
2001-05-29 00:00:00-04:00,29.760000228881836,29.760000228881836,26.399999618530273,26.399999618530273,215,0.0,0.0
2001-05-30 00:00:00-04:00,24.959999084472656,24.959999084472656,24.959999084472656,24.959999084472656,31,0.0,0.0
2001-05-31 00:00:00-04:00,24.959999084472656,24.959999084472656,21.600000381469727,21.600000381469727,531,0.0,0.0
2001-06-01 00:00:00-04:00,24.0,27.360000610351562,24.0,27.360000610351562,448,0.0,0.0
2001-06-04 00:00:00-04:00,27.360000610351562,27.360000610351562,27.360000610351562,27.360000610351562,0,0.0,0.0
2001-06-05 00:00:00-04:00,22.559999465942383,24.0,20.15999984741211,20.15999984741211,521,0.0,0.0
2001-06-06 00:00:00-04:00,20.15999984741211,20.15999984741211,20.15999984741211,20.15999984741211,0,0.0,0.0
2001-06-07 00:00:00-04:00,22.079999923706055,22.559999465942383,18.719999313354492,22.559999465942383,933,0.0,0.0
2001-06-08 00:00:00-04:00,22.559999465942383,22.559999465942383,22.559999465942383,22.559999465942383,0,0.0,0.0
2001-06-11 00:00:00-04:00,22.559999465942383,22.559999465942383,22.559999465942383,22.559999465942383,0,0.0,0.0
2001-06-12 00:00:00-04:00,22.559999465942383,22.559999465942383,22.559999465942383,22.559999465942383,0,0.0,0.0
2001-06-13 00:00:00-04:00,22.559999465942383,22.559999465942383,22.559999465942383,22.559999465942383,0,0.0,0.0
2001-06-14 00:00:00-04:00,22.559999465942383,22.559999465942383,22.559999465942383,22.559999465942383,0,0.0,0.0
2001-06-15 00:00:00-04:00,22.559999465942383,22.559999465942383,22.559999465942383,22.559999465942383,0,0.0,0.0
2001-06-18 00:00:00-04:00,23.520000457763672,23.520000457763672,23.520000457763672,23.520000457763672,146,0.0,0.0
2001-06-19 00:00:00-04:00,20.15999984741211,20.15999984741211,20.15999984741211,20.15999984741211,125,0.0,0.0
2001-06-20 00:00:00-04:00,20.15999984741211,21.1200008392334,20.15999984741211,20.15999984741211,267,0.0,0.0
2001-06-21 00:00:00-04:00,20.15999984741211,20.15999984741211,20.15999984741211,20.15999984741211,0,0.0,0.0
2001-06-22 00:00:00-04:00,20.15999984741211,21.1200008392334,20.15999984741211,21.1200008392334,206,0.0,0.0
2001-06-25 00:00:00-04:00,21.1200008392334,21.1200008392334,21.1200008392334,21.1200008392334,0,0.0,0.0
2001-06-26 00:00:00-04:00,21.600000381469727,21.600000381469727,21.600000381469727,21.600000381469727,10,0.0,0.0
2001-06-27 00:00:00-04:00,18.239999771118164,18.239999771118164,18.239999771118164,18.239999771118164,90,0.0,0.0
2001-06-28 00:00:00-04:00,18.239999771118164,18.239999771118164,18.239999771118164,18.239999771118164,0,0.0,0.0
2001-06-29 00:00:00-04:00,18.239999771118164,18.239999771118164,18.239999771118164,18.239999771118164,0,0.0,0.0
2001-07-02 00:00:00-04:00,18.239999771118164,18.239999771118164,18.239999771118164,18.239999771118164,0,0.0,0.0
2001-07-03 00:00:00-04:00,18.239999771118164,18.239999771118164,18.239999771118164,18.239999771118164,0,0.0,0.0
2001-07-05 00:00:00-04:00,18.239999771118164,18.239999771118164,18.239999771118164,18.239999771118164,0,0.0,0.0
2001-07-06 00:00:00-04:00,18.239999771118164,18.239999771118164,18.239999771118164,18.239999771118164,0,0.0,0.0
2001-07-09 00:00:00-04:00,18.239999771118164,18.239999771118164,18.239999771118164,18.239999771118164,0,0.0,0.0
2001-07-10 00:00:00-04:00,18.239999771118164,18.239999771118164,18.239999771118164,18.239999771118164,0,0.0,0.0
2001-07-11 00:00:00-04:00,18.239999771118164,18.239999771118164,18.239999771118164,18.239999771118164,0,0.0,0.0
2001-07-12 00:00:00-04:00,18.239999771118164,18.239999771118164,18.239999771118164,18.239999771118164,0,0.0,0.0
2001-07-13 00:00:00-04:00,18.239999771118164,18.239999771118164,18.239999771118164,18.239999771118164,0,0.0,0.0
2001-07-16 00:00:00-04:00,21.1200008392334,21.1200008392334,21.1200008392334,21.1200008392334,119,0.0,0.0
2001-07-17 00:00:00-04:00,21.1200008392334,21.1200008392334,21.1200008392334,21.1200008392334,63,0.0,0.0
2001-07-18 00:00:00-04:00,21.1200008392334,21.600000381469727,21.1200008392334,21.600000381469727,458,0.0,0.0
2001-07-19 00:00:00-04:00,24.479999542236328,24.479999542236328,24.479999542236328,24.479999542236328,208,0.0,0.0
2001-07-20 00:00:00-04:00,24.479999542236328,24.479999542236328,24.479999542236328,24.479999542236328,0,0.0,0.0
2001-07-23 00:00:00-04:00,24.479999542236328,24.479999542236328,24.479999542236328,24.479999542236328,0,0.0,0.0
2001-07-24 00:00:00-04:00,24.479999542236328,24.479999542236328,24.479999542236328,24.479999542236328,0,0.0,0.0
2001-07-25 00:00:00-04:00,24.959999084472656,24.959999084472656,24.959999084472656,24.959999084472656,52,0.0,0.0
2001-07-26 00:00:00-04:00,24.959999084472656,24.959999084472656,24.959999084472656,24.959999084472656,0,0.0,0.0
2001-07-27 00:00:00-04:00,24.959999084472656,24.959999084472656,24.959999084472656,24.959999084472656,0,0.0,0.0
2001-07-30 00:00:00-04:00,24.959999084472656,24.959999084472656,24.959999084472656,24.959999084472656,0,0.0,0.0
2001-07-31 00:00:00-04:00,24.959999084472656,24.959999084472656,24.959999084472656,24.959999084472656,0,0.0,0.0
2001-08-01 00:00:00-04:00,24.959999084472656,24.959999084472656,24.959999084472656,24.959999084472656,0,0.0,0.0
2001-08-02 00:00:00-04:00,24.959999084472656,24.959999084472656,24.959999084472656,24.959999084472656,0,0.0,0.0
2001-08-03 00:00:00-04:00,24.959999084472656,24.959999084472656,24.959999084472656,24.959999084472656,0,0.0,0.0
2001-08-06 00:00:00-04:00,24.959999084472656,24.959999084472656,24.959999084472656,24.959999084472656,0,0.0,0.0
2001-08-07 00:00:00-04:00,25.440000534057617,25.440000534057617,25.440000534057617,25.440000534057617,63,0.0,0.0
2001-08-08 00:00:00-04:00,25.440000534057617,25.440000534057617,25.440000534057617,25.440000534057617,0,0.0,0.0
2001-08-09 00:00:00-04:00,28.799999237060547,28.799999237060547,28.799999237060547,28.799999237060547,104,0.0,0.0
2001-08-10 00:00:00-04:00,28.799999237060547,28.799999237060547,28.799999237060547,28.799999237060547,21,0.0,0.0
2001-08-13 00:00:00-04:00,26.8799991607666,26.8799991607666,26.8799991607666,26.8799991607666,27,0.0,0.0
2001-08-14 00:00:00-04:00,26.8799991607666,26.8799991607666,26.8799991607666,26.8799991607666,0,0.0,0.0
2001-08-15 00:00:00-04:00,26.8799991607666,26.8799991607666,26.8799991607666,26.8799991607666,0,0.0,0.0
2001-08-16 00:00:00-04:00,28.799999237060547,28.799999237060547,28.799999237060547,28.799999237060547,23,0.0,0.0
2001-08-17 00:00:00-04:00,28.799999237060547,28.799999237060547,28.799999237060547,28.799999237060547,0,0.0,0.0
2001-08-20 00:00:00-04:00,25.440000534057617,25.440000534057617,19.68000030517578,19.68000030517578,229,0.0,0.0
2001-08-21 00:00:00-04:00,19.68000030517578,19.68000030517578,19.68000030517578,19.68000030517578,0,0.0,0.0
2001-08-22 00:00:00-04:00,19.68000030517578,19.68000030517578,19.68000030517578,19.68000030517578,0,0.0,0.0
2001-08-23 00:00:00-04:00,19.68000030517578,19.68000030517578,19.68000030517578,19.68000030517578,0,0.0,0.0
2001-08-24 00:00:00-04:00,18.239999771118164,18.239999771118164,18.239999771118164,18.239999771118164,63,0.0,0.0
2001-08-27 00:00:00-04:00,18.239999771118164,18.239999771118164,18.239999771118164,18.239999771118164,0,0.0,0.0
2001-08-28 00:00:00-04:00,18.239999771118164,18.239999771118164,18.239999771118164,18.239999771118164,0,0.0,0.0
2001-08-29 00:00:00-04:00,18.239999771118164,18.239999771118164,17.280000686645508,17.280000686645508,417,0.0,0.0
2001-08-30 00:00:00-04:00,17.760000228881836,17.760000228881836,16.799999237060547,16.799999237060547,423,0.0,0.0
2001-08-31 00:00:00-04:00,16.799999237060547,16.799999237060547,16.799999237060547,16.799999237060547,0,0.0,0.0
2001-09-04 00:00:00-04:00,16.799999237060547,16.799999237060547,16.799999237060547,16.799999237060547,0,0.0,0.0
2001-09-05 00:00:00-04:00,16.799999237060547,16.799999237060547,16.799999237060547,16.799999237060547,0,0.0,0.0
2001-09-06 00:00:00-04:00,16.31999969482422,16.31999969482422,16.31999969482422,16.31999969482422,104,0.0,0.0
2001-09-07 00:00:00-04:00,16.31999969482422,16.31999969482422,16.31999969482422,16.31999969482422,21,0.0,0.0
2001-09-10 00:00:00-04:00,16.31999969482422,16.31999969482422,16.31999969482422,16.31999969482422,0,0.0,0.0
2001-09-17 00:00:00-04:00,14.399999618530273,14.399999618530273,14.399999618530273,14.399999618530273,104,0.0,0.0
2001-09-18 00:00:00-04:00,16.31999969482422,16.31999969482422,14.399999618530273,14.399999618530273,842,0.0,0.0
2001-09-19 00:00:00-04:00,13.920000076293945,13.920000076293945,11.520000457763672,11.520000457763672,938,0.0,0.0
2001-09-20 00:00:00-04:00,13.4399995803833,13.4399995803833,13.4399995803833,13.4399995803833,104,0.0,0.0
2001-09-21 00:00:00-04:00,13.4399995803833,13.4399995803833,13.4399995803833,13.4399995803833,125,0.0,0.0
2001-09-24 00:00:00-04:00,13.4399995803833,13.4399995803833,13.4399995803833,13.4399995803833,0,0.0,0.0
2001-09-25 00:00:00-04:00,12.960000038146973,13.4399995803833,12.960000038146973,13.4399995803833,42,0.0,0.0
2001-09-26 00:00:00-04:00,13.4399995803833,13.4399995803833,13.4399995803833,13.4399995803833,0,0.0,0.0
2001-09-27 00:00:00-04:00,13.4399995803833,13.4399995803833,13.4399995803833,13.4399995803833,0,0.0,0.0
2001-09-28 00:00:00-04:00,12.0,12.0,12.0,12.0,21,0.0,0.0
2001-10-01 00:00:00-04:00,12.0,12.0,12.0,12.0,0,0.0,0.0
2001-10-02 00:00:00-04:00,12.0,12.0,12.0,12.0,0,0.0,0.0
2001-10-03 00:00:00-04:00,12.0,12.0,12.0,12.0,73,0.0,0.0
2001-10-04 00:00:00-04:00,14.399999618530273,14.399999618530273,14.399999618530273,14.399999618530273,38,0.0,0.0
2001-10-05 00:00:00-04:00,14.399999618530273,14.399999618530273,14.399999618530273,14.399999618530273,0,0.0,0.0
2001-10-08 00:00:00-04:00,14.399999618530273,14.399999618530273,14.399999618530273,14.399999618530273,0,0.0,0.0
2001-10-09 00:00:00-04:00,14.399999618530273,14.399999618530273,14.399999618530273,14.399999618530273,344,0.0,0.0
2001-10-10 00:00:00-04:00,12.479999542236328,12.479999542236328,12.479999542236328,12.479999542236328,67,0.0,0.0
2001-10-11 00:00:00-04:00,12.479999542236328,12.479999542236328,12.479999542236328,12.479999542236328,0,0.0,0.0
2001-10-12 00:00:00-04:00,12.479999542236328,12.479999542236328,12.479999542236328,12.479999542236328,0,0.0,0.0
2001-10-15 00:00:00-04:00,12.479999542236328,12.479999542236328,12.479999542236328,12.479999542236328,0,0.0,0.0
2001-10-16 00:00:00-04:00,12.479999542236328,12.479999542236328,12.479999542236328,12.479999542236328,0,0.0,0.0
2001-10-17 00:00:00-04:00,12.479999542236328,12.479999542236328,12.479999542236328,12.479999542236328,0,0.0,0.0
2001-10-18 00:00:00-04:00,12.479999542236328,12.479999542236328,12.479999542236328,12.479999542236328,0,0.0,0.0
2001-10-19 00:00:00-04:00,13.920000076293945,13.920000076293945,13.920000076293945,13.920000076293945,417,0.0,0.0
2001-10-22 00:00:00-04:00,13.4399995803833,13.4399995803833,12.479999542236328,12.479999542236328,208,0.0,0.0
2001-10-23 00:00:00-04:00,12.0,12.0,12.0,12.0,2,0.0,0.0
2001-10-24 00:00:00-04:00,12.0,12.0,12.0,12.0,0,0.0,0.0
2001-10-25 00:00:00-04:00,13.4399995803833,13.4399995803833,13.4399995803833,13.4399995803833,104,0.0,0.0
2001-10-26 00:00:00-04:00,13.4399995803833,13.4399995803833,13.4399995803833,13.4399995803833,0,0.0,0.0
2001-10-29 00:00:00-05:00,13.4399995803833,13.4399995803833,13.4399995803833,13.4399995803833,0,0.0,0.0
2001-10-30 00:00:00-05:00,13.4399995803833,13.4399995803833,13.4399995803833,13.4399995803833,0,0.0,0.0
2001-10-31 00:00:00-05:00,12.0,12.0,12.0,12.0,104,0.0,0.0
2001-11-01 00:00:00-05:00,12.0,14.399999618530273,12.0,14.399999618530273,67,0.0,0.0
2001-11-02 00:00:00-05:00,14.399999618530273,14.399999618530273,14.399999618530273,14.399999618530273,0,0.0,0.0
2001-11-05 00:00:00-05:00,14.399999618530273,14.399999618530273,14.399999618530273,14.399999618530273,0,0.0,0.0
2001-11-06 00:00:00-05:00,12.0,12.0,12.0,12.0,10,0.0,0.0
2001-11-07 00:00:00-05:00,12.0,12.0,12.0,12.0,63,0.0,0.0
2001-11-08 00:00:00-05:00,12.0,12.0,12.0,12.0,0,0.0,0.0
2001-11-09 00:00:00-05:00,12.0,12.0,12.0,12.0,21,0.0,0.0
2001-11-12 00:00:00-05:00,12.0,12.0,12.0,12.0,438,0.0,0.0
2001-11-13 00:00:00-05:00,12.479999542236328,12.479999542236328,12.479999542236328,12.479999542236328,156,0.0,0.0
2001-11-14 00:00:00-05:00,12.479999542236328,12.479999542236328,12.479999542236328,12.479999542236328,0,0.0,0.0
2001-11-15 00:00:00-05:00,12.0,12.479999542236328,12.0,12.0,840,0.0,0.0
2001-11-16 00:00:00-05:00,12.0,12.0,12.0,12.0,0,0.0,0.0
2001-11-19 00:00:00-05:00,12.0,12.0,11.039999961853027,11.039999961853027,63,0.0,0.0
2001-11-20 00:00:00-05:00,11.039999961853027,11.039999961853027,11.039999961853027,11.039999961853027,0,0.0,0.0
2001-11-21 00:00:00-05:00,11.039999961853027,11.039999961853027,11.039999961853027,11.039999961853027,0,0.0,0.0
2001-11-23 00:00:00-05:00,11.039999961853027,11.039999961853027,11.039999961853027,11.039999961853027,0,0.0,0.0
2001-11-26 00:00:00-05:00,10.5600004196167,10.5600004196167,9.600000381469727,9.600000381469727,125,0.0,0.0
2001-11-27 00:00:00-05:00,11.520000457763672,11.520000457763672,9.600000381469727,9.600000381469727,167,0.0,0.0
2001-11-28 00:00:00-05:00,9.600000381469727,9.600000381469727,9.600000381469727,9.600000381469727,104,0.0,0.0
2001-11-29 00:00:00-05:00,9.600000381469727,9.600000381469727,6.239999771118164,6.239999771118164,1479,0.0,0.0
2001-11-30 00:00:00-05:00,6.239999771118164,6.239999771118164,6.239999771118164,6.239999771118164,0,0.0,0.0
2001-12-03 00:00:00-05:00,9.119999885559082,9.119999885559082,9.119999885559082,9.119999885559082,104,0.0,0.0
2001-12-04 00:00:00-05:00,9.119999885559082,9.119999885559082,9.119999885559082,9.119999885559082,0,0.0,0.0
2001-12-05 00:00:00-05:00,9.119999885559082,9.119999885559082,9.119999885559082,9.119999885559082,0,0.0,0.0
2001-12-06 00:00:00-05:00,7.199999809265137,10.079999923706055,7.199999809265137,9.600000381469727,1563,0.0,0.0
2001-12-07 00:00:00-05:00,10.079999923706055,10.079999923706055,9.600000381469727,9.600000381469727,1146,0.0,0.0
2001-12-10 00:00:00-05:00,9.600000381469727,9.600000381469727,9.600000381469727,9.600000381469727,0,0.0,0.0
2001-12-11 00:00:00-05:00,8.640000343322754,8.640000343322754,8.640000343322754,8.640000343322754,208,0.0,0.0
2001-12-12 00:00:00-05:00,9.600000381469727,9.600000381469727,8.640000343322754,9.600000381469727,438,0.0,0.0
2001-12-13 00:00:00-05:00,7.679999828338623,7.679999828338623,7.199999809265137,7.199999809265137,229,0.0,0.0
2001-12-14 00:00:00-05:00,6.71999979019165,6.71999979019165,6.71999979019165,6.71999979019165,125,0.0,0.0
2001-12-17 00:00:00-05:00,6.71999979019165,6.71999979019165,6.71999979019165,6.71999979019165,0,0.0,0.0
2001-12-18 00:00:00-05:00,8.15999984741211,8.15999984741211,8.15999984741211,8.15999984741211,121,0.0,0.0
2001-12-19 00:00:00-05:00,8.15999984741211,8.15999984741211,8.15999984741211,8.15999984741211,0,0.0,0.0
2001-12-20 00:00:00-05:00,8.15999984741211,8.15999984741211,8.15999984741211,8.15999984741211,0,0.0,0.0
2001-12-21 00:00:00-05:00,6.71999979019165,6.71999979019165,6.71999979019165,6.71999979019165,94,0.0,0.0
2001-12-24 00:00:00-05:00,6.71999979019165,6.71999979019165,6.71999979019165,6.71999979019165,104,0.0,0.0
2001-12-26 00:00:00-05:00,6.71999979019165,6.71999979019165,6.239999771118164,6.239999771118164,365,0.0,0.0
2001-12-27 00:00:00-05:00,7.199999809265137,7.199999809265137,5.760000228881836,5.760000228881836,283,0.0,0.0
2001-12-28 00:00:00-05:00,6.71999979019165,8.640000343322754,5.760000228881836,5.760000228881836,2796,0.0,0.0
2001-12-31 00:00:00-05:00,6.239999771118164,12.960000038146973,6.239999771118164,12.0,2408,0.0,0.0
2002-01-02 00:00:00-05:00,12.0,12.0,12.0,12.0,0,0.0,0.0
2002-01-03 00:00:00-05:00,12.0,12.0,12.0,12.0,100,0.0,0.0
2002-01-04 00:00:00-05:00,8.640000343322754,8.640000343322754,8.640000343322754,8.640000343322754,31,0.0,0.0
2002-01-07 00:00:00-05:00,8.640000343322754,8.640000343322754,8.640000343322754,8.640000343322754,0,0.0,0.0
2002-01-08 00:00:00-05:00,8.640000343322754,8.640000343322754,8.640000343322754,8.640000343322754,0,0.0,0.0
2002-01-09 00:00:00-05:00,8.640000343322754,8.640000343322754,8.640000343322754,8.640000343322754,0,0.0,0.0
2002-01-10 00:00:00-05:00,8.640000343322754,8.640000343322754,8.640000343322754,8.640000343322754,0,0.0,0.0
2002-01-11 00:00:00-05:00,8.640000343322754,8.640000343322754,8.640000343322754,8.640000343322754,0,0.0,0.0
2002-01-14 00:00:00-05:00,8.640000343322754,8.640000343322754,8.640000343322754,8.640000343322754,0,0.0,0.0
2002-01-15 00:00:00-05:00,8.640000343322754,8.640000343322754,8.640000343322754,8.640000343322754,0,0.0,0.0
2002-01-16 00:00:00-05:00,8.640000343322754,8.640000343322754,8.640000343322754,8.640000343322754,104,0.0,0.0
2002-01-17 00:00:00-05:00,8.640000343322754,8.640000343322754,8.640000343322754,8.640000343322754,0,0.0,0.0
2002-01-18 00:00:00-05:00,8.640000343322754,8.640000343322754,8.640000343322754,8.640000343322754,10,0.0,0.0
2002-01-22 00:00:00-05:00,11.039999961853027,11.039999961853027,11.039999961853027,11.039999961853027,73,0.0,0.0
2002-01-23 00:00:00-05:00,9.119999885559082,9.119999885559082,9.119999885559082,9.119999885559082,77,0.0,0.0
2002-01-24 00:00:00-05:00,9.119999885559082,9.119999885559082,9.119999885559082,9.119999885559082,0,0.0,0.0
2002-01-25 00:00:00-05:00,9.119999885559082,9.119999885559082,9.119999885559082,9.119999885559082,0,0.0,0.0
2002-01-28 00:00:00-05:00,9.119999885559082,9.119999885559082,9.119999885559082,9.119999885559082,0,0.0,0.0
2002-01-29 00:00:00-05:00,8.640000343322754,8.640000343322754,8.640000343322754,8.640000343322754,215,0.0,0.0
2002-01-30 00:00:00-05:00,8.640000343322754,8.640000343322754,8.640000343322754,8.640000343322754,42,0.0,0.0
2002-01-31 00:00:00-05:00,10.5600004196167,10.5600004196167,10.5600004196167,10.5600004196167,42,0.0,0.0
2002-02-01 00:00:00-05:00,10.5600004196167,10.5600004196167,10.5600004196167,10.5600004196167,0,0.0,0.0
2002-02-04 00:00:00-05:00,10.5600004196167,10.5600004196167,10.5600004196167,10.5600004196167,0,0.0,0.0
2002-02-05 00:00:00-05:00,10.5600004196167,10.5600004196167,10.5600004196167,10.5600004196167,0,0.0,0.0
2002-02-06 00:00:00-05:00,10.5600004196167,10.5600004196167,10.5600004196167,10.5600004196167,0,0.0,0.0
2002-02-07 00:00:00-05:00,10.5600004196167,10.5600004196167,10.5600004196167,10.5600004196167,260,0.0,0.0
2002-02-08 00:00:00-05:00,10.5600004196167,10.5600004196167,10.5600004196167,10.5600004196167,0,0.0,0.0
2002-02-11 00:00:00-05:00,11.520000457763672,11.520000457763672,11.520000457763672,11.520000457763672,208,0.0,0.0
2002-02-12 00:00:00-05:00,9.600000381469727,10.079999923706055,9.600000381469727,9.600000381469727,406,0.0,0.0
2002-02-13 00:00:00-05:00,9.600000381469727,9.600000381469727,9.600000381469727,9.600000381469727,0,0.0,0.0
2002-02-14 00:00:00-05:00,9.600000381469727,9.600000381469727,9.600000381469727,9.600000381469727,0,0.0,0.0
2002-02-15 00:00:00-05:00,9.119999885559082,9.119999885559082,9.119999885559082,9.119999885559082,2,0.0,0.0
2002-02-19 00:00:00-05:00,9.600000381469727,9.600000381469727,9.119999885559082,9.600000381469727,521,0.0,0.0
2002-02-20 00:00:00-05:00,9.600000381469727,10.5600004196167,9.119999885559082,10.5600004196167,577,0.0,0.0
2002-02-21 00:00:00-05:00,10.5600004196167,10.5600004196167,10.5600004196167,10.5600004196167,0,0.0,0.0
2002-02-22 00:00:00-05:00,10.5600004196167,10.5600004196167,10.5600004196167,10.5600004196167,0,0.0,0.0
2002-02-25 00:00:00-05:00,10.5600004196167,10.5600004196167,9.119999885559082,9.119999885559082,167,0.0,0.0
2002-02-26 00:00:00-05:00,11.520000457763672,11.520000457763672,11.520000457763672,11.520000457763672,208,0.0,0.0
2002-02-27 00:00:00-05:00,11.520000457763672,11.520000457763672,11.520000457763672,11.520000457763672,0,0.0,0.0
2002-02-28 00:00:00-05:00,11.520000457763672,11.520000457763672,11.520000457763672,11.520000457763672,0,0.0,0.0
2002-03-01 00:00:00-05:00,9.600000381469727,11.039999961853027,9.600000381469727,11.039999961853027,313,0.0,0.0
2002-03-04 00:00:00-05:00,11.039999961853027,11.039999961853027,11.039999961853027,11.039999961853027,208,0.0,0.0
2002-03-05 00:00:00-05:00,11.039999961853027,11.039999961853027,11.039999961853027,11.039999961853027,0,0.0,0.0
2002-03-06 00:00:00-05:00,11.039999961853027,11.039999961853027,11.039999961853027,11.039999961853027,0,0.0,0.0
2002-03-07 00:00:00-05:00,11.039999961853027,11.039999961853027,11.039999961853027,11.039999961853027,0,0.0,0.0
2002-03-08 00:00:00-05:00,11.039999961853027,11.039999961853027,11.039999961853027,11.039999961853027,0,0.0,0.0
2002-03-11 00:00:00-05:00,11.520000457763672,11.520000457763672,11.520000457763672,11.520000457763672,104,0.0,0.0
2002-03-12 00:00:00-05:00,10.5600004196167,10.5600004196167,10.079999923706055,10.079999923706055,113,0.0,0.0
2002-03-13 00:00:00-05:00,10.079999923706055,10.079999923706055,10.079999923706055,10.079999923706055,0,0.0,0.0
2002-03-14 00:00:00-05:00,10.079999923706055,10.079999923706055,10.079999923706055,10.079999923706055,0,0.0,0.0
2002-03-15 00:00:00-05:00,10.079999923706055,10.079999923706055,10.079999923706055,10.079999923706055,0,0.0,0.0
2002-03-18 00:00:00-05:00,10.079999923706055,10.079999923706055,10.079999923706055,10.079999923706055,56,0.0,0.0
2002-03-19 00:00:00-05:00,10.079999923706055,10.079999923706055,10.079999923706055,10.079999923706055,0,0.0,0.0
2002-03-20 00:00:00-05:00,10.079999923706055,10.079999923706055,10.079999923706055,10.079999923706055,0,0.0,0.0
2002-03-21 00:00:00-05:00,10.079999923706055,10.079999923706055,10.079999923706055,10.079999923706055,104,0.0,0.0
2002-03-22 00:00:00-05:00,9.600000381469727,9.600000381469727,9.600000381469727,9.600000381469727,21,0.0,0.0
2002-03-25 00:00:00-05:00,9.600000381469727,9.600000381469727,9.600000381469727,9.600000381469727,0,0.0,0.0
2002-03-26 00:00:00-05:00,9.600000381469727,9.600000381469727,9.600000381469727,9.600000381469727,188,0.0,0.0
2002-03-27 00:00:00-05:00,9.600000381469727,9.600000381469727,9.600000381469727,9.600000381469727,0,0.0,0.0
2002-03-28 00:00:00-05:00,9.600000381469727,9.600000381469727,9.600000381469727,9.600000381469727,0,0.0,0.0
2002-04-01 00:00:00-05:00,9.600000381469727,9.600000381469727,9.600000381469727,9.600000381469727,0,0.0,0.0
2002-04-02 00:00:00-05:00,9.600000381469727,9.600000381469727,9.600000381469727,9.600000381469727,0,0.0,0.0
2002-04-03 00:00:00-05:00,9.600000381469727,9.600000381469727,9.600000381469727,9.600000381469727,0,0.0,0.0
2002-04-04 00:00:00-05:00,9.600000381469727,9.600000381469727,9.600000381469727,9.600000381469727,0,0.0,0.0
2002-04-05 00:00:00-05:00,10.079999923706055,10.5600004196167,10.079999923706055,10.5600004196167,1375,0.0,0.0
2002-04-08 00:00:00-04:00,10.079999923706055,10.5600004196167,7.679999828338623,9.119999885559082,1729,0.0,0.0
2002-04-09 00:00:00-04:00,9.119999885559082,9.119999885559082,9.119999885559082,9.119999885559082,0,0.0,0.0
2002-04-10 00:00:00-04:00,7.679999828338623,7.679999828338623,7.679999828338623,7.679999828338623,313,0.0,0.0
2002-04-11 00:00:00-04:00,8.15999984741211,8.15999984741211,7.679999828338623,7.679999828338623,331,0.0,0.0
2002-04-12 00:00:00-04:00,8.15999984741211,8.15999984741211,8.15999984741211,8.15999984741211,21,0.0,0.0
2002-04-15 00:00:00-04:00,8.15999984741211,8.15999984741211,8.15999984741211,8.15999984741211,0,0.0,0.0
2002-04-16 00:00:00-04:00,7.679999828338623,7.679999828338623,7.679999828338623,7.679999828338623,104,0.0,0.0
2002-04-17 00:00:00-04:00,8.640000343322754,9.600000381469727,8.640000343322754,9.600000381469727,1188,0.0,0.0
2002-04-18 00:00:00-04:00,9.600000381469727,9.600000381469727,9.600000381469727,9.600000381469727,0,0.0,0.0
2002-04-19 00:00:00-04:00,8.640000343322754,10.079999923706055,8.640000343322754,8.640000343322754,260,0.0,0.0
2002-04-22 00:00:00-04:00,8.640000343322754,8.640000343322754,8.640000343322754,8.640000343322754,0,0.0,0.0
2002-04-23 00:00:00-04:00,8.640000343322754,8.640000343322754,8.640000343322754,8.640000343322754,0,0.0,0.0
2002-04-24 00:00:00-04:00,8.640000343322754,8.640000343322754,8.640000343322754,8.640000343322754,0,0.0,0.0
2002-04-25 00:00:00-04:00,8.640000343322754,8.640000343322754,8.640000343322754,8.640000343322754,0,0.0,0.0
2002-04-26 00:00:00-04:00,10.5600004196167,10.5600004196167,10.5600004196167,10.5600004196167,2,0.0,0.0
2002-04-29 00:00:00-04:00,10.5600004196167,10.5600004196167,10.5600004196167,10.5600004196167,0,0.0,0.0
2002-04-30 00:00:00-04:00,10.5600004196167,10.5600004196167,10.5600004196167,10.5600004196167,0,0.0,0.0
2002-05-01 00:00:00-04:00,10.5600004196167,10.5600004196167,10.5600004196167,10.5600004196167,0,0.0,0.0
2002-05-02 00:00:00-04:00,10.5600004196167,10.5600004196167,10.5600004196167,10.5600004196167,0,0.0,0.0
2002-05-03 00:00:00-04:00,11.039999961853027,11.039999961853027,11.039999961853027,11.039999961853027,208,0.0,0.0
2002-05-06 00:00:00-04:00,11.039999961853027,11.039999961853027,11.039999961853027,11.039999961853027,92,0.0,0.0
2002-05-07 00:00:00-04:00,9.600000381469727,9.600000381469727,9.600000381469727,9.600000381469727,271,0.0,0.0
2002-05-08 00:00:00-04:00,10.079999923706055,10.079999923706055,10.079999923706055,10.079999923706055,104,0.0,0.0
2002-05-09 00:00:00-04:00,10.079999923706055,10.5600004196167,10.079999923706055,10.5600004196167,729,0.0,0.0
2002-05-10 00:00:00-04:00,10.5600004196167,10.5600004196167,10.5600004196167,10.5600004196167,0,0.0,0.0
2002-05-13 00:00:00-04:00,10.5600004196167,10.5600004196167,10.5600004196167,10.5600004196167,0,0.0,0.0
2002-05-14 00:00:00-04:00,10.5600004196167,10.5600004196167,10.5600004196167,10.5600004196167,0,0.0,0.0
2002-05-15 00:00:00-04:00,10.5600004196167,10.5600004196167,10.5600004196167,10.5600004196167,0,0.0,0.0
2002-05-16 00:00:00-04:00,10.5600004196167,10.5600004196167,9.600000381469727,9.600000381469727,417,0.0,0.0
2002-05-17 00:00:00-04:00,9.600000381469727,9.600000381469727,9.600000381469727,9.600000381469727,0,0.0,0.0
2002-05-20 00:00:00-04:00,9.600000381469727,9.600000381469727,9.600000381469727,9.600000381469727,0,0.0,0.0
2002-05-21 00:00:00-04:00,8.15999984741211,8.15999984741211,8.15999984741211,8.15999984741211,50,0.0,0.0
2002-05-22 00:00:00-04:00,8.15999984741211,8.15999984741211,8.15999984741211,8.15999984741211,0,0.0,0.0
2002-05-23 00:00:00-04:00,8.15999984741211,8.15999984741211,8.15999984741211,8.15999984741211,0,0.0,0.0
2002-05-24 00:00:00-04:00,8.15999984741211,8.15999984741211,8.15999984741211,8.15999984741211,0,0.0,0.0
2002-05-28 00:00:00-04:00,8.15999984741211,8.15999984741211,8.15999984741211,8.15999984741211,0,0.0,0.0
2002-05-29 00:00:00-04:00,8.15999984741211,8.15999984741211,8.15999984741211,8.15999984741211,0,0.0,0.0
2002-05-30 00:00:00-04:00,8.15999984741211,8.15999984741211,8.15999984741211,8.15999984741211,0,0.0,0.0
2002-05-31 00:00:00-04:00,8.15999984741211,8.15999984741211,8.15999984741211,8.15999984741211,0,0.0,0.0
2002-06-03 00:00:00-04:00,8.15999984741211,8.15999984741211,8.15999984741211,8.15999984741211,0,0.0,0.0
2002-06-04 00:00:00-04:00,8.15999984741211,8.15999984741211,8.15999984741211,8.15999984741211,0,0.0,0.0
2002-06-05 00:00:00-04:00,8.15999984741211,8.15999984741211,8.15999984741211,8.15999984741211,44,0.0,0.0
2002-06-06 00:00:00-04:00,8.15999984741211,8.15999984741211,8.15999984741211,8.15999984741211,0,0.0,0.0
2002-06-07 00:00:00-04:00,8.15999984741211,8.15999984741211,8.15999984741211,8.15999984741211,0,0.0,0.0
2002-06-10 00:00:00-04:00,8.15999984741211,8.15999984741211,8.15999984741211,8.15999984741211,0,0.0,0.0
2002-06-11 00:00:00-04:00,8.15999984741211,8.15999984741211,8.15999984741211,8.15999984741211,0,0.0,0.0
2002-06-12 00:00:00-04:00,8.15999984741211,8.15999984741211,8.15999984741211,8.15999984741211,0,0.0,0.0
2002-06-13 00:00:00-04:00,8.15999984741211,8.15999984741211,8.15999984741211,8.15999984741211,0,0.0,0.0
2002-06-14 00:00:00-04:00,8.15999984741211,8.15999984741211,8.15999984741211,8.15999984741211,0,0.0,0.0
2002-06-17 00:00:00-04:00,8.15999984741211,8.15999984741211,8.15999984741211,8.15999984741211,0,0.0,0.0
2002-06-18 00:00:00-04:00,8.15999984741211,8.15999984741211,8.15999984741211,8.15999984741211,0,0.0,0.0
2002-06-19 00:00:00-04:00,8.15999984741211,8.15999984741211,8.15999984741211,8.15999984741211,0,0.0,0.0
2002-06-20 00:00:00-04:00,8.15999984741211,8.15999984741211,8.15999984741211,8.15999984741211,0,0.0,0.0
2002-06-21 00:00:00-04:00,8.640000343322754,8.640000343322754,8.15999984741211,8.15999984741211,313,0.0,0.0
2002-06-24 00:00:00-04:00,8.15999984741211,8.15999984741211,8.15999984741211,8.15999984741211,0,0.0,0.0
2002-06-25 00:00:00-04:00,8.15999984741211,8.15999984741211,8.15999984741211,8.15999984741211,0,0.0,0.0
2002-06-26 00:00:00-04:00,7.679999828338623,7.679999828338623,7.679999828338623,7.679999828338623,42,0.0,0.0
2002-06-27 00:00:00-04:00,8.15999984741211,8.640000343322754,8.15999984741211,8.640000343322754,1042,0.0,0.0
2002-06-28 00:00:00-04:00,8.640000343322754,9.119999885559082,8.640000343322754,8.640000343322754,1000,0.0,0.0
2002-07-01 00:00:00-04:00,8.640000343322754,8.640000343322754,8.640000343322754,8.640000343322754,0,0.0,0.0
2002-07-02 00:00:00-04:00,8.640000343322754,8.640000343322754,8.640000343322754,8.640000343322754,0,0.0,0.0
2002-07-03 00:00:00-04:00,7.679999828338623,7.679999828338623,7.679999828338623,7.679999828338623,42,0.0,0.0
2002-07-05 00:00:00-04:00,7.679999828338623,7.679999828338623,7.679999828338623,7.679999828338623,0,0.0,0.0
2002-07-08 00:00:00-04:00,7.679999828338623,7.679999828338623,7.679999828338623,7.679999828338623,0,0.0,0.0
2002-07-09 00:00:00-04:00,7.679999828338623,7.679999828338623,7.679999828338623,7.679999828338623,0,0.0,0.0
2002-07-10 00:00:00-04:00,7.679999828338623,7.679999828338623,7.679999828338623,7.679999828338623,63,0.0,0.0
2002-07-11 00:00:00-04:00,7.679999828338623,7.679999828338623,7.679999828338623,7.679999828338623,417,0.0,0.0
2002-07-12 00:00:00-04:00,7.679999828338623,7.679999828338623,7.679999828338623,7.679999828338623,0,0.0,0.0
2002-07-15 00:00:00-04:00,7.679999828338623,7.679999828338623,7.199999809265137,7.199999809265137,258,0.0,0.0
2002-07-16 00:00:00-04:00,7.199999809265137,7.199999809265137,7.199999809265137,7.199999809265137,167,0.0,0.0
2002-07-17 00:00:00-04:00,7.199999809265137,7.199999809265137,7.199999809265137,7.199999809265137,313,0.0,0.0
2002-07-18 00:00:00-04:00,7.199999809265137,7.199999809265137,7.199999809265137,7.199999809265137,0,0.0,0.0
2002-07-19 00:00:00-04:00,7.199999809265137,7.199999809265137,7.199999809265137,7.199999809265137,0,0.0,0.0
2002-07-22 00:00:00-04:00,7.199999809265137,7.199999809265137,7.199999809265137,7.199999809265137,0,0.0,0.0
2002-07-23 00:00:00-04:00,7.199999809265137,7.199999809265137,7.199999809265137,7.199999809265137,0,0.0,0.0
2002-07-24 00:00:00-04:00,7.199999809265137,7.199999809265137,7.199999809265137,7.199999809265137,0,0.0,0.0
2002-07-25 00:00:00-04:00,6.239999771118164,6.239999771118164,5.760000228881836,5.760000228881836,521,0.0,0.0
2002-07-26 00:00:00-04:00,6.71999979019165,6.71999979019165,6.71999979019165,6.71999979019165,140,0.0,0.0
2002-07-29 00:00:00-04:00,6.71999979019165,6.71999979019165,6.71999979019165,6.71999979019165,0,0.0,0.0
2002-07-30 00:00:00-04:00,6.71999979019165,6.71999979019165,6.71999979019165,6.71999979019165,0,0.0,0.0
2002-07-31 00:00:00-04:00,6.71999979019165,6.71999979019165,6.71999979019165,6.71999979019165,0,0.0,0.0
2002-08-01 00:00:00-04:00,6.71999979019165,6.71999979019165,6.71999979019165,6.71999979019165,0,0.0,0.0
2002-08-02 00:00:00-04:00,5.28000020980835,5.28000020980835,5.28000020980835,5.28000020980835,208,0.0,0.0
2002-08-05 00:00:00-04:00,5.28000020980835,5.28000020980835,5.28000020980835,5.28000020980835,0,0.0,0.0
2002-08-06 00:00:00-04:00,4.800000190734863,4.800000190734863,4.800000190734863,4.800000190734863,248,0.0,0.0
2002-08-07 00:00:00-04:00,4.800000190734863,4.800000190734863,4.800000190734863,4.800000190734863,0,0.0,0.0
2002-08-08 00:00:00-04:00,4.800000190734863,4.800000190734863,4.800000190734863,4.800000190734863,0,0.0,0.0
2002-08-09 00:00:00-04:00,4.800000190734863,4.800000190734863,4.800000190734863,4.800000190734863,0,0.0,0.0
2002-08-12 00:00:00-04:00,4.800000190734863,4.800000190734863,4.320000171661377,4.320000171661377,521,0.0,0.0
2002-08-13 00:00:00-04:00,4.800000190734863,4.800000190734863,4.800000190734863,4.800000190734863,208,0.0,0.0
2002-08-14 00:00:00-04:00,4.800000190734863,4.800000190734863,4.800000190734863,4.800000190734863,0,0.0,0.0
2002-08-15 00:00:00-04:00,3.8399999141693115,3.8399999141693115,3.8399999141693115,3.8399999141693115,15,0.0,0.0
2002-08-16 00:00:00-04:00,3.8399999141693115,3.8399999141693115,3.8399999141693115,3.8399999141693115,0,0.0,0.0
2002-08-19 00:00:00-04:00,3.8399999141693115,3.8399999141693115,3.8399999141693115,3.8399999141693115,0,0.0,0.0
2002-08-20 00:00:00-04:00,3.8399999141693115,3.8399999141693115,3.8399999141693115,3.8399999141693115,0,0.0,0.0
2002-08-21 00:00:00-04:00,3.8399999141693115,3.8399999141693115,3.8399999141693115,3.8399999141693115,0,0.0,0.0
2002-08-22 00:00:00-04:00,3.8399999141693115,3.8399999141693115,3.359999895095825,3.359999895095825,208,0.0,0.0
2002-08-23 00:00:00-04:00,3.359999895095825,3.359999895095825,3.359999895095825,3.359999895095825,0,0.0,0.0
2002-08-26 00:00:00-04:00,3.359999895095825,3.359999895095825,3.359999895095825,3.359999895095825,0,0.0,0.0
2002-08-27 00:00:00-04:00,3.359999895095825,3.359999895095825,3.359999895095825,3.359999895095825,0,0.0,0.0
2002-08-28 00:00:00-04:00,3.359999895095825,3.359999895095825,3.359999895095825,3.359999895095825,0,0.0,0.0
2002-08-29 00:00:00-04:00,3.359999895095825,3.359999895095825,3.359999895095825,3.359999895095825,0,0.0,0.0
2002-08-30 00:00:00-04:00,3.359999895095825,3.359999895095825,3.359999895095825,3.359999895095825,0,0.0,0.0
2002-09-03 00:00:00-04:00,3.359999895095825,3.359999895095825,3.359999895095825,3.359999895095825,0,0.0,0.0
2002-09-04 00:00:00-04:00,3.359999895095825,3.359999895095825,3.359999895095825,3.359999895095825,0,0.0,0.0
2002-09-05 00:00:00-04:00,3.359999895095825,3.359999895095825,3.359999895095825,3.359999895095825,0,0.0,0.0
2002-09-06 00:00:00-04:00,3.359999895095825,3.359999895095825,3.359999895095825,3.359999895095825,0,0.0,0.0
2002-09-09 00:00:00-04:00,4.800000190734863,4.800000190734863,4.800000190734863,4.800000190734863,104,0.0,0.0
2002-09-10 00:00:00-04:00,4.800000190734863,4.800000190734863,4.800000190734863,4.800000190734863,0,0.0,0.0
2002-09-11 00:00:00-04:00,4.800000190734863,4.800000190734863,4.800000190734863,4.800000190734863,0,0.0,0.0
2002-09-12 00:00:00-04:00,4.800000190734863,4.800000190734863,4.800000190734863,4.800000190734863,0,0.0,0.0
2002-09-13 00:00:00-04:00,3.359999895095825,3.359999895095825,3.359999895095825,3.359999895095825,73,0.0,0.0
2002-09-16 00:00:00-04:00,3.359999895095825,3.359999895095825,3.359999895095825,3.359999895095825,0,0.0,0.0
2002-09-17 00:00:00-04:00,3.359999895095825,3.359999895095825,3.359999895095825,3.359999895095825,0,0.0,0.0
2002-09-18 00:00:00-04:00,3.359999895095825,3.359999895095825,3.359999895095825,3.359999895095825,0,0.0,0.0
2002-09-19 00:00:00-04:00,3.359999895095825,3.359999895095825,3.359999895095825,3.359999895095825,104,0.0,0.0
2002-09-20 00:00:00-04:00,3.359999895095825,3.359999895095825,3.359999895095825,3.359999895095825,0,0.0,0.0
2002-09-23 00:00:00-04:00,3.359999895095825,3.359999895095825,3.359999895095825,3.359999895095825,0,0.0,0.0
2002-09-24 00:00:00-04:00,3.359999895095825,3.359999895095825,3.359999895095825,3.359999895095825,0,0.0,0.0
2002-09-25 00:00:00-04:00,3.359999895095825,3.359999895095825,3.359999895095825,3.359999895095825,0,0.0,0.0
2002-09-26 00:00:00-04:00,3.359999895095825,3.359999895095825,3.359999895095825,3.359999895095825,0,0.0,0.0
2002-09-27 00:00:00-04:00,3.359999895095825,3.359999895095825,3.359999895095825,3.359999895095825,0,0.0,0.0
2002-09-30 00:00:00-04:00,3.359999895095825,3.359999895095825,3.359999895095825,3.359999895095825,0,0.0,0.0
2002-10-01 00:00:00-04:00,3.359999895095825,3.359999895095825,3.359999895095825,3.359999895095825,0,0.0,0.0
2002-10-02 00:00:00-04:00,3.359999895095825,3.359999895095825,3.359999895095825,3.359999895095825,0,0.0,0.0
2002-10-03 00:00:00-04:00,2.880000114440918,2.880000114440918,2.880000114440918,2.880000114440918,106,0.0,0.0
2002-10-04 00:00:00-04:00,2.880000114440918,2.880000114440918,2.880000114440918,2.880000114440918,0,0.0,0.0
2002-10-07 00:00:00-04:00,2.880000114440918,2.880000114440918,2.880000114440918,2.880000114440918,0,0.0,0.0
2002-10-08 00:00:00-04:00,4.320000171661377,4.320000171661377,4.320000171661377,4.320000171661377,208,0.0,0.0
2002-10-09 00:00:00-04:00,4.320000171661377,4.320000171661377,4.320000171661377,4.320000171661377,0,0.0,0.0
2002-10-10 00:00:00-04:00,4.320000171661377,4.320000171661377,4.320000171661377,4.320000171661377,0,0.0,0.0
2002-10-11 00:00:00-04:00,3.359999895095825,3.359999895095825,3.359999895095825,3.359999895095825,65,0.0,0.0
2002-10-14 00:00:00-04:00,3.359999895095825,3.359999895095825,3.359999895095825,3.359999895095825,10,0.0,0.0
2002-10-15 00:00:00-04:00,3.359999895095825,3.359999895095825,3.359999895095825,3.359999895095825,38,0.0,0.0
2002-10-16 00:00:00-04:00,3.359999895095825,3.359999895095825,3.359999895095825,3.359999895095825,146,0.0,0.0
2002-10-17 00:00:00-04:00,3.359999895095825,3.359999895095825,3.359999895095825,3.359999895095825,0,0.0,0.0
2002-10-18 00:00:00-04:00,3.359999895095825,3.359999895095825,3.359999895095825,3.359999895095825,0,0.0,0.0
2002-10-21 00:00:00-04:00,2.1600000858306885,2.1600000858306885,2.1600000858306885,2.1600000858306885,208,0.0,0.0
2002-10-22 00:00:00-04:00,2.4000000953674316,3.8399999141693115,2.4000000953674316,3.8399999141693115,521,0.0,0.0
2002-10-23 00:00:00-04:00,3.8399999141693115,3.8399999141693115,3.8399999141693115,3.8399999141693115,0,0.0,0.0
2002-10-24 00:00:00-04:00,3.8399999141693115,3.8399999141693115,3.8399999141693115,3.8399999141693115,0,0.0,0.0
2002-10-25 00:00:00-04:00,3.8399999141693115,3.8399999141693115,3.8399999141693115,3.8399999141693115,0,0.0,0.0
2002-10-28 00:00:00-05:00,3.8399999141693115,3.8399999141693115,3.8399999141693115,3.8399999141693115,0,0.0,0.0
2002-10-29 00:00:00-05:00,3.8399999141693115,3.8399999141693115,3.8399999141693115,3.8399999141693115,0,0.0,0.0
2002-10-30 00:00:00-05:00,2.4000000953674316,2.4000000953674316,2.4000000953674316,2.4000000953674316,60,0.0,0.0
2002-10-31 00:00:00-05:00,2.4000000953674316,2.4000000953674316,2.4000000953674316,2.4000000953674316,0,0.0,0.0
2002-11-01 00:00:00-05:00,2.4000000953674316,2.4000000953674316,2.4000000953674316,2.4000000953674316,0,0.0,0.0
2002-11-04 00:00:00-05:00,2.4000000953674316,2.4000000953674316,1.6799999475479126,1.6799999475479126,229,0.0,0.0
2002-11-05 00:00:00-05:00,1.9199999570846558,2.4000000953674316,1.9199999570846558,1.9199999570846558,521,0.0,0.0
2002-11-06 00:00:00-05:00,1.9199999570846558,1.9199999570846558,1.9199999570846558,1.9199999570846558,0,0.0,0.0
2002-11-07 00:00:00-05:00,1.9199999570846558,1.9199999570846558,1.9199999570846558,1.9199999570846558,0,0.0,0.0
2002-11-08 00:00:00-05:00,1.9199999570846558,1.9199999570846558,1.9199999570846558,1.9199999570846558,0,0.0,0.0
2002-11-11 00:00:00-05:00,1.9199999570846558,1.9199999570846558,1.9199999570846558,1.9199999570846558,135,0.0,0.0
2002-11-12 00:00:00-05:00,1.9199999570846558,2.880000114440918,1.9199999570846558,2.880000114440918,527,0.0,0.0
2002-11-13 00:00:00-05:00,1.9199999570846558,1.9199999570846558,1.9199999570846558,1.9199999570846558,10,0.0,0.0
2002-11-14 00:00:00-05:00,1.9199999570846558,1.9199999570846558,1.9199999570846558,1.9199999570846558,0,0.0,0.0
2002-11-15 00:00:00-05:00,1.9199999570846558,1.9199999570846558,1.9199999570846558,1.9199999570846558,0,0.0,0.0
2002-11-18 00:00:00-05:00,1.9199999570846558,1.9199999570846558,1.9199999570846558,1.9199999570846558,0,0.0,0.0
2002-11-19 00:00:00-05:00,9.600000381469727,9.600000381469727,2.880000114440918,2.880000114440918,13,0.0,0.0
2002-11-20 00:00:00-05:00,1.9199999570846558,1.9199999570846558,1.9199999570846558,1.9199999570846558,13,0.0,0.0
2002-11-21 00:00:00-05:00,1.9199999570846558,1.9199999570846558,1.9199999570846558,1.9199999570846558,0,0.0,0.0
2002-11-22 00:00:00-05:00,1.9199999570846558,1.9199999570846558,1.6799999475479126,1.6799999475479126,756,0.0,0.0
2002-11-25 00:00:00-05:00,1.6799999475479126,1.6799999475479126,1.6799999475479126,1.6799999475479126,0,0.0,0.0
2002-11-26 00:00:00-05:00,1.6799999475479126,1.6799999475479126,1.6799999475479126,1.6799999475479126,17,0.0,0.0
2002-11-27 00:00:00-05:00,1.6799999475479126,1.6799999475479126,1.6799999475479126,1.6799999475479126,0,0.0,0.0
2002-11-29 00:00:00-05:00,2.4000000953674316,2.4000000953674316,2.4000000953674316,2.4000000953674316,21,0.0,0.0
2002-12-02 00:00:00-05:00,1.6799999475479126,1.6799999475479126,1.6799999475479126,1.6799999475479126,40,0.0,0.0
2002-12-03 00:00:00-05:00,1.6799999475479126,1.6799999475479126,1.6799999475479126,1.6799999475479126,0,0.0,0.0
2002-12-04 00:00:00-05:00,1.6799999475479126,1.6799999475479126,1.6799999475479126,1.6799999475479126,0,0.0,0.0
2002-12-05 00:00:00-05:00,1.6799999475479126,1.6799999475479126,1.2000000476837158,1.2000000476837158,1323,0.0,0.0
2002-12-06 00:00:00-05:00,1.2000000476837158,1.2000000476837158,1.2000000476837158,1.2000000476837158,63,0.0,0.0
2002-12-09 00:00:00-05:00,1.2000000476837158,1.2000000476837158,1.2000000476837158,1.2000000476837158,0,0.0,0.0
2002-12-10 00:00:00-05:00,1.2000000476837158,1.2000000476837158,1.2000000476837158,1.2000000476837158,167,0.0,0.0
2002-12-11 00:00:00-05:00,0.9599999785423279,0.9599999785423279,0.9599999785423279,0.9599999785423279,183,0.0,0.0
2002-12-12 00:00:00-05:00,0.9599999785423279,0.9599999785423279,0.9599999785423279,0.9599999785423279,104,0.0,0.0
2002-12-13 00:00:00-05:00,0.9599999785423279,1.2000000476837158,0.9599999785423279,1.2000000476837158,208,0.0,0.0
2002-12-16 00:00:00-05:00,0.9599999785423279,0.9599999785423279,0.9599999785423279,0.9599999785423279,438,0.0,0.0
2002-12-17 00:00:00-05:00,0.9599999785423279,0.9599999785423279,0.7680000066757202,0.7680000066757202,1158,0.0,0.0
2002-12-18 00:00:00-05:00,0.7680000066757202,0.7680000066757202,0.7680000066757202,0.7680000066757202,21,0.0,0.0
2002-12-19 00:00:00-05:00,1.2000000476837158,1.2000000476837158,1.2000000476837158,1.2000000476837158,313,0.0,0.0
2002-12-20 00:00:00-05:00,0.9599999785423279,0.9599999785423279,0.9599999785423279,0.9599999785423279,833,0.0,0.0
2002-12-23 00:00:00-05:00,0.9599999785423279,0.9599999785423279,0.7680000066757202,0.7680000066757202,625,0.0,0.0
2002-12-24 00:00:00-05:00,0.7680000066757202,0.7680000066757202,0.7680000066757202,0.7680000066757202,0,0.0,0.0
2002-12-26 00:00:00-05:00,0.8159999847412109,0.8159999847412109,0.7680000066757202,0.7680000066757202,417,0.0,0.0
2002-12-27 00:00:00-05:00,0.7680000066757202,0.7680000066757202,0.7680000066757202,0.7680000066757202,1035,0.0,0.0
2002-12-30 00:00:00-05:00,0.7680000066757202,0.7680000066757202,0.7680000066757202,0.7680000066757202,0,0.0,0.0
2002-12-31 00:00:00-05:00,0.7200000286102295,1.1039999723434448,0.7200000286102295,1.1039999723434448,604,0.0,0.0
2003-01-02 00:00:00-05:00,1.1039999723434448,1.1039999723434448,1.1039999723434448,1.1039999723434448,0,0.0,0.0
2003-01-03 00:00:00-05:00,1.1039999723434448,1.1039999723434448,1.1039999723434448,1.1039999723434448,0,0.0,0.0
2003-01-06 00:00:00-05:00,1.1039999723434448,1.1039999723434448,1.1039999723434448,1.1039999723434448,0,0.0,0.0
2003-01-07 00:00:00-05:00,1.1039999723434448,1.1039999723434448,1.1039999723434448,1.1039999723434448,0,0.0,0.0
2003-01-08 00:00:00-05:00,1.1039999723434448,1.1039999723434448,1.1039999723434448,1.1039999723434448,21,0.0,0.0
2003-01-09 00:00:00-05:00,1.1039999723434448,1.1039999723434448,1.1039999723434448,1.1039999723434448,0,0.0,0.0
2003-01-10 00:00:00-05:00,1.1039999723434448,1.1039999723434448,1.1039999723434448,1.1039999723434448,0,0.0,0.0
2003-01-13 00:00:00-05:00,1.1039999723434448,1.1039999723434448,1.1039999723434448,1.1039999723434448,0,0.0,0.0
2003-01-14 00:00:00-05:00,1.1039999723434448,1.1039999723434448,1.1039999723434448,1.1039999723434448,0,0.0,0.0
2003-01-15 00:00:00-05:00,1.1039999723434448,1.1039999723434448,1.1039999723434448,1.1039999723434448,0,0.0,0.0
2003-01-16 00:00:00-05:00,1.1039999723434448,1.1039999723434448,1.1039999723434448,1.1039999723434448,0,0.0,0.0
2003-01-17 00:00:00-05:00,1.1039999723434448,1.1039999723434448,1.1039999723434448,1.1039999723434448,0,0.0,0.0
2003-01-21 00:00:00-05:00,1.1039999723434448,1.1039999723434448,1.1039999723434448,1.1039999723434448,0,0.0,0.0
2003-01-22 00:00:00-05:00,0.7200000286102295,0.7200000286102295,0.7200000286102295,0.7200000286102295,17,0.0,0.0
2003-01-23 00:00:00-05:00,0.8640000224113464,0.8640000224113464,0.8640000224113464,0.8640000224113464,188,0.0,0.0
2003-01-24 00:00:00-05:00,0.8640000224113464,0.8640000224113464,0.8640000224113464,0.8640000224113464,0,0.0,0.0
2003-01-27 00:00:00-05:00,0.8640000224113464,0.8640000224113464,0.7200000286102295,0.7200000286102295,135,0.0,0.0
2003-01-28 00:00:00-05:00,0.7200000286102295,0.7200000286102295,0.7200000286102295,0.7200000286102295,0,0.0,0.0
2003-01-29 00:00:00-05:00,0.7200000286102295,0.7200000286102295,0.7200000286102295,0.7200000286102295,0,0.0,0.0
2003-01-30 00:00:00-05:00,0.7200000286102295,0.7200000286102295,0.7200000286102295,0.7200000286102295,27,0.0,0.0
2003-01-31 00:00:00-05:00,0.7200000286102295,0.7200000286102295,0.7200000286102295,0.7200000286102295,0,0.0,0.0
2003-02-03 00:00:00-05:00,0.6240000128746033,0.6240000128746033,0.6240000128746033,0.6240000128746033,125,0.0,0.0
2003-02-04 00:00:00-05:00,0.6240000128746033,0.6240000128746033,0.6240000128746033,0.6240000128746033,0,0.0,0.0
2003-02-05 00:00:00-05:00,0.6240000128746033,0.6240000128746033,0.6240000128746033,0.6240000128746033,0,0.0,0.0
2003-02-06 00:00:00-05:00,0.6240000128746033,0.6240000128746033,0.6240000128746033,0.6240000128746033,0,0.0,0.0
2003-02-07 00:00:00-05:00,0.6240000128746033,0.6240000128746033,0.6240000128746033,0.6240000128746033,156,0.0,0.0
2003-02-10 00:00:00-05:00,0.6240000128746033,0.6240000128746033,0.6240000128746033,0.6240000128746033,0,0.0,0.0
2003-02-11 00:00:00-05:00,0.6240000128746033,0.6240000128746033,0.6240000128746033,0.6240000128746033,0,0.0,0.0
2003-02-12 00:00:00-05:00,0.6240000128746033,0.6240000128746033,0.335999995470047,0.335999995470047,4294,0.0,0.0
2003-02-13 00:00:00-05:00,0.335999995470047,0.335999995470047,0.335999995470047,0.335999995470047,0,0.0,0.0
2003-02-14 00:00:00-05:00,0.335999995470047,0.335999995470047,0.335999995470047,0.335999995470047,0,0.0,0.0
2003-02-18 00:00:00-05:00,0.335999995470047,0.335999995470047,0.335999995470047,0.335999995470047,0,0.0,0.0
2003-02-19 00:00:00-05:00,0.335999995470047,0.335999995470047,0.335999995470047,0.335999995470047,0,0.0,0.0
2003-02-20 00:00:00-05:00,0.335999995470047,0.335999995470047,0.335999995470047,0.335999995470047,0,0.0,0.0
2003-02-21 00:00:00-05:00,0.335999995470047,0.335999995470047,0.335999995470047,0.335999995470047,0,0.0,0.0
2003-02-24 00:00:00-05:00,0.335999995470047,0.335999995470047,0.335999995470047,0.335999995470047,0,0.0,0.0
2003-02-25 00:00:00-05:00,0.335999995470047,0.335999995470047,0.335999995470047,0.335999995470047,0,0.0,0.0
2003-02-26 00:00:00-05:00,0.47999998927116394,0.527999997138977,0.47999998927116394,0.527999997138977,833,0.0,0.0
2003-02-27 00:00:00-05:00,0.5759999752044678,0.9599999785423279,0.5759999752044678,0.9599999785423279,979,0.0,0.0
2003-02-28 00:00:00-05:00,0.9599999785423279,0.9599999785423279,0.9599999785423279,0.9599999785423279,1094,0.0,0.0
2003-03-03 00:00:00-05:00,0.7200000286102295,0.7680000066757202,0.7200000286102295,0.7680000066757202,802,0.0,0.0
2003-03-04 00:00:00-05:00,0.7680000066757202,0.7680000066757202,0.7680000066757202,0.7680000066757202,0,0.0,0.0
2003-03-05 00:00:00-05:00,0.7680000066757202,0.7680000066757202,0.7680000066757202,0.7680000066757202,0,0.0,0.0
2003-03-06 00:00:00-05:00,0.7680000066757202,0.7680000066757202,0.7680000066757202,0.7680000066757202,0,0.0,0.0
2003-03-07 00:00:00-05:00,1.2000000476837158,1.2000000476837158,0.9599999785423279,1.2000000476837158,656,0.0,0.0
2003-03-10 00:00:00-05:00,1.2000000476837158,1.2000000476837158,1.2000000476837158,1.2000000476837158,0,0.0,0.0
2003-03-11 00:00:00-05:00,1.2000000476837158,1.6799999475479126,1.2000000476837158,1.6799999475479126,573,0.0,0.0
2003-03-12 00:00:00-05:00,1.440000057220459,1.440000057220459,1.2000000476837158,1.2000000476837158,260,0.0,0.0
2003-03-13 00:00:00-05:00,1.2000000476837158,1.2000000476837158,1.2000000476837158,1.2000000476837158,0,0.0,0.0
2003-03-14 00:00:00-05:00,1.2000000476837158,1.2000000476837158,1.2000000476837158,1.2000000476837158,0,0.0,0.0
2003-03-17 00:00:00-05:00,1.2000000476837158,1.2000000476837158,1.2000000476837158,1.2000000476837158,0,0.0,0.0
2003-03-18 00:00:00-05:00,1.2000000476837158,1.2000000476837158,1.2000000476837158,1.2000000476837158,417,0.0,0.0
2003-03-19 00:00:00-05:00,1.2000000476837158,1.2000000476837158,1.2000000476837158,1.2000000476837158,0,0.0,0.0
2003-03-20 00:00:00-05:00,1.2000000476837158,1.2000000476837158,1.2000000476837158,1.2000000476837158,0,0.0,0.0
2003-03-21 00:00:00-05:00,1.2000000476837158,1.2000000476837158,1.2000000476837158,1.2000000476837158,0,0.0,0.0
2003-03-24 00:00:00-05:00,1.2000000476837158,1.2000000476837158,1.2000000476837158,1.2000000476837158,0,0.0,0.0
2003-03-25 00:00:00-05:00,1.2000000476837158,1.2000000476837158,1.2000000476837158,1.2000000476837158,0,0.0,0.0
2003-03-26 00:00:00-05:00,1.6799999475479126,1.6799999475479126,1.6799999475479126,1.6799999475479126,938,0.0,0.0
2003-03-27 00:00:00-05:00,1.9199999570846558,3.359999895095825,1.9199999570846558,3.359999895095825,1204,0.0,0.0
2003-03-28 00:00:00-05:00,3.359999895095825,3.359999895095825,3.359999895095825,3.359999895095825,8,0.0,0.0
2003-03-31 00:00:00-05:00,2.4000000953674316,5.760000228881836,2.4000000953674316,4.800000190734863,2977,0.0,0.0
2003-04-01 00:00:00-05:00,6.239999771118164,6.239999771118164,4.800000190734863,4.800000190734863,1648,0.0,0.0
2003-04-02 00:00:00-05:00,4.800000190734863,4.800000190734863,3.8399999141693115,3.8399999141693115,458,0.0,0.0
2003-04-03 00:00:00-05:00,3.8399999141693115,3.8399999141693115,3.8399999141693115,3.8399999141693115,104,0.0,0.0
2003-04-04 00:00:00-05:00,3.8399999141693115,3.8399999141693115,3.8399999141693115,3.8399999141693115,0,0.0,0.0
2003-04-07 00:00:00-04:00,3.8399999141693115,3.8399999141693115,3.5999999046325684,3.5999999046325684,583,0.0,0.0
2003-04-08 00:00:00-04:00,3.5999999046325684,3.8399999141693115,3.5999999046325684,3.5999999046325684,1146,0.0,0.0
2003-04-09 00:00:00-04:00,3.5999999046325684,3.5999999046325684,3.5999999046325684,3.5999999046325684,0,0.0,0.0
2003-04-10 00:00:00-04:00,3.5999999046325684,3.5999999046325684,3.5999999046325684,3.5999999046325684,63,0.0,0.0
2003-04-11 00:00:00-04:00,3.5999999046325684,3.5999999046325684,3.5999999046325684,3.5999999046325684,0,0.0,0.0
2003-04-14 00:00:00-04:00,3.5999999046325684,3.5999999046325684,3.5999999046325684,3.5999999046325684,0,0.0,0.0
2003-04-15 00:00:00-04:00,3.5999999046325684,3.5999999046325684,3.5999999046325684,3.5999999046325684,71,0.0,0.0
2003-04-16 00:00:00-04:00,3.5999999046325684,3.5999999046325684,3.5999999046325684,3.5999999046325684,0,0.0,0.0
2003-04-17 00:00:00-04:00,3.5999999046325684,3.5999999046325684,3.5999999046325684,3.5999999046325684,0,0.0,0.0
2003-04-21 00:00:00-04:00,3.5999999046325684,3.5999999046325684,3.5999999046325684,3.5999999046325684,0,0.0,0.0
2003-04-22 00:00:00-04:00,3.5999999046325684,3.5999999046325684,3.5999999046325684,3.5999999046325684,0,0.0,0.0
2003-04-23 00:00:00-04:00,3.359999895095825,3.359999895095825,3.359999895095825,3.359999895095825,21,0.0,0.0
2003-04-24 00:00:00-04:00,3.359999895095825,3.359999895095825,3.359999895095825,3.359999895095825,0,0.0,0.0
2003-04-25 00:00:00-04:00,3.359999895095825,3.359999895095825,3.359999895095825,3.359999895095825,0,0.0,0.0
2003-04-28 00:00:00-04:00,3.359999895095825,3.8399999141693115,2.880000114440918,2.880000114440918,771,0.0,0.0
2003-04-29 00:00:00-04:00,2.880000114440918,2.880000114440918,2.880000114440918,2.880000114440918,0,0.0,0.0
2003-04-30 00:00:00-04:00,2.880000114440918,2.880000114440918,2.880000114440918,2.880000114440918,0,0.0,0.0
2003-05-01 00:00:00-04:00,2.880000114440918,2.880000114440918,2.880000114440918,2.880000114440918,0,0.0,0.0
2003-05-02 00:00:00-04:00,2.880000114440918,2.880000114440918,2.880000114440918,2.880000114440918,0,0.0,0.0
2003-05-05 00:00:00-04:00,2.880000114440918,2.880000114440918,2.880000114440918,2.880000114440918,0,0.0,0.0
2003-05-06 00:00:00-04:00,2.880000114440918,2.880000114440918,2.880000114440918,2.880000114440918,0,0.0,0.0
2003-05-07 00:00:00-04:00,2.880000114440918,2.880000114440918,2.880000114440918,2.880000114440918,0,0.0,0.0
2003-05-08 00:00:00-04:00,3.8399999141693115,3.8399999141693115,3.8399999141693115,3.8399999141693115,104,0.0,0.0
2003-05-09 00:00:00-04:00,3.8399999141693115,3.8399999141693115,3.8399999141693115,3.8399999141693115,0,0.0,0.0
2003-05-12 00:00:00-04:00,3.8399999141693115,3.8399999141693115,3.8399999141693115,3.8399999141693115,104,0.0,0.0
2003-05-13 00:00:00-04:00,3.8399999141693115,3.8399999141693115,3.8399999141693115,3.8399999141693115,0,0.0,0.0
2003-05-14 00:00:00-04:00,4.320000171661377,4.320000171661377,4.320000171661377,4.320000171661377,104,0.0,0.0
2003-05-15 00:00:00-04:00,4.800000190734863,4.800000190734863,4.800000190734863,4.800000190734863,231,0.0,0.0
2003-05-16 00:00:00-04:00,4.800000190734863,4.800000190734863,4.800000190734863,4.800000190734863,104,0.0,0.0
2003-05-19 00:00:00-04:00,4.800000190734863,4.800000190734863,4.800000190734863,4.800000190734863,208,0.0,0.0
2003-05-20 00:00:00-04:00,4.800000190734863,4.800000190734863,4.800000190734863,4.800000190734863,313,0.0,0.0
2003-05-21 00:00:00-04:00,4.800000190734863,4.800000190734863,4.800000190734863,4.800000190734863,208,0.0,0.0
2003-05-22 00:00:00-04:00,6.239999771118164,8.15999984741211,4.800000190734863,7.199999809265137,1250,0.0,0.0
2003-05-23 00:00:00-04:00,8.15999984741211,9.600000381469727,8.15999984741211,9.600000381469727,521,0.0,0.0
2003-05-27 00:00:00-04:00,12.0,12.0,10.079999923706055,11.520000457763672,1594,0.0,0.0
2003-05-28 00:00:00-04:00,11.039999961853027,14.399999618530273,11.039999961853027,14.399999618530273,1433,0.0,0.0
2003-05-29 00:00:00-04:00,11.520000457763672,12.0,8.640000343322754,8.640000343322754,1292,0.0,0.0
2003-05-30 00:00:00-04:00,11.039999961853027,14.399999618530273,10.5600004196167,10.5600004196167,417,0.0,0.0
2003-06-02 00:00:00-04:00,10.5600004196167,10.5600004196167,10.5600004196167,10.5600004196167,0,0.0,0.0
2003-06-03 00:00:00-04:00,10.5600004196167,10.5600004196167,10.5600004196167,10.5600004196167,0,0.0,0.0
2003-06-04 00:00:00-04:00,10.5600004196167,10.5600004196167,10.5600004196167,10.5600004196167,0,0.0,0.0
2003-06-05 00:00:00-04:00,10.5600004196167,10.5600004196167,10.5600004196167,10.5600004196167,0,0.0,0.0
2003-06-06 00:00:00-04:00,10.5600004196167,10.5600004196167,10.5600004196167,10.5600004196167,0,0.0,0.0
2003-06-09 00:00:00-04:00,10.079999923706055,10.5600004196167,8.880000114440918,9.600000381469727,833,0.0,0.0
2003-06-10 00:00:00-04:00,9.119999885559082,9.119999885559082,9.119999885559082,9.119999885559082,125,0.0,0.0
2003-06-11 00:00:00-04:00,8.880000114440918,9.600000381469727,7.679999828338623,7.679999828338623,3021,0.0,0.0
2003-06-12 00:00:00-04:00,8.15999984741211,8.15999984741211,7.679999828338623,7.679999828338623,163,0.0,0.0
2003-06-13 00:00:00-04:00,7.679999828338623,7.679999828338623,7.679999828338623,7.679999828338623,0,0.0,0.0
2003-06-16 00:00:00-04:00,7.679999828338623,7.679999828338623,7.679999828338623,7.679999828338623,0,0.0,0.0
2003-06-17 00:00:00-04:00,6.239999771118164,7.199999809265137,6.239999771118164,6.71999979019165,1052,0.0,0.0
2003-06-18 00:00:00-04:00,7.679999828338623,7.679999828338623,6.239999771118164,6.239999771118164,1931,0.0,0.0
2003-06-19 00:00:00-04:00,6.239999771118164,6.239999771118164,5.519999980926514,5.519999980926514,1000,0.0,0.0
2003-06-20 00:00:00-04:00,5.519999980926514,5.519999980926514,5.519999980926514,5.519999980926514,0,0.0,0.0
2003-06-23 00:00:00-04:00,6.239999771118164,6.239999771118164,4.800000190734863,4.800000190734863,1983,0.0,0.0
2003-06-24 00:00:00-04:00,4.800000190734863,4.800000190734863,4.800000190734863,4.800000190734863,0,0.0,0.0
2003-06-25 00:00:00-04:00,4.800000190734863,4.800000190734863,4.800000190734863,4.800000190734863,0,0.0,0.0
2003-06-26 00:00:00-04:00,5.28000020980835,5.28000020980835,5.28000020980835,5.28000020980835,625,0.0,0.0
2003-06-27 00:00:00-04:00,4.320000171661377,4.800000190734863,4.320000171661377,4.800000190734863,104,0.0,0.0
2003-06-30 00:00:00-04:00,4.800000190734863,4.800000190734863,4.800000190734863,4.800000190734863,0,0.0,0.0
2003-07-01 00:00:00-04:00,4.800000190734863,4.800000190734863,4.800000190734863,4.800000190734863,0,0.0,0.0
2003-07-02 00:00:00-04:00,4.800000190734863,4.800000190734863,4.800000190734863,4.800000190734863,0,0.0,0.0
2003-07-03 00:00:00-04:00,4.800000190734863,4.800000190734863,4.800000190734863,4.800000190734863,0,0.0,0.0
2003-07-07 00:00:00-04:00,4.559999942779541,4.800000190734863,4.320000171661377,4.559999942779541,938,0.0,0.0
2003-07-08 00:00:00-04:00,4.559999942779541,4.559999942779541,4.559999942779541,4.559999942779541,1563,0.0,0.0
2003-07-09 00:00:00-04:00,4.559999942779541,4.559999942779541,4.559999942779541,4.559999942779541,0,0.0,0.0
2003-07-10 00:00:00-04:00,4.800000190734863,7.199999809265137,4.800000190734863,5.760000228881836,1475,0.0,0.0
2003-07-11 00:00:00-04:00,5.760000228881836,5.760000228881836,5.760000228881836,5.760000228881836,0,0.0,0.0
2003-07-14 00:00:00-04:00,5.760000228881836,5.760000228881836,5.760000228881836,5.760000228881836,0,0.0,0.0
2003-07-15 00:00:00-04:00,4.800000190734863,5.28000020980835,4.800000190734863,5.28000020980835,667,0.0,0.0
2003-07-16 00:00:00-04:00,4.800000190734863,4.800000190734863,4.800000190734863,4.800000190734863,438,0.0,0.0
2003-07-17 00:00:00-04:00,4.800000190734863,5.28000020980835,4.800000190734863,4.800000190734863,1821,0.0,0.0
2003-07-18 00:00:00-04:00,4.800000190734863,5.28000020980835,4.800000190734863,4.800000190734863,1354,0.0,0.0
2003-07-21 00:00:00-04:00,6.239999771118164,6.239999771118164,3.8399999141693115,3.8399999141693115,1325,0.0,0.0
2003-07-22 00:00:00-04:00,3.8399999141693115,3.8399999141693115,3.8399999141693115,3.8399999141693115,0,0.0,0.0
2003-07-23 00:00:00-04:00,4.800000190734863,4.800000190734863,4.800000190734863,4.800000190734863,104,0.0,0.0
2003-07-24 00:00:00-04:00,4.800000190734863,4.800000190734863,4.800000190734863,4.800000190734863,260,0.0,0.0
2003-07-25 00:00:00-04:00,4.800000190734863,4.800000190734863,4.800000190734863,4.800000190734863,375,0.0,0.0
2003-07-28 00:00:00-04:00,4.320000171661377,4.320000171661377,3.8399999141693115,4.320000171661377,1758,0.0,0.0
2003-07-29 00:00:00-04:00,4.320000171661377,4.320000171661377,4.320000171661377,4.320000171661377,0,0.0,0.0
2003-07-30 00:00:00-04:00,4.800000190734863,4.800000190734863,4.800000190734863,4.800000190734863,208,0.0,0.0
2003-07-31 00:00:00-04:00,4.800000190734863,4.800000190734863,4.800000190734863,4.800000190734863,0,0.0,0.0
2003-08-01 00:00:00-04:00,6.71999979019165,9.600000381469727,6.239999771118164,9.600000381469727,6608,0.0,0.0
2003-08-04 00:00:00-04:00,9.119999885559082,9.119999885559082,7.199999809265137,7.199999809265137,2169,0.0,0.0
2003-08-05 00:00:00-04:00,6.71999979019165,8.640000343322754,6.71999979019165,8.640000343322754,1188,0.0,0.0
2003-08-06 00:00:00-04:00,8.640000343322754,8.640000343322754,8.640000343322754,8.640000343322754,0,0.0,0.0
2003-08-07 00:00:00-04:00,6.71999979019165,7.199999809265137,6.71999979019165,7.199999809265137,1146,0.0,0.0
2003-08-08 00:00:00-04:00,7.199999809265137,7.199999809265137,7.199999809265137,7.199999809265137,0,0.0,0.0
2003-08-11 00:00:00-04:00,6.71999979019165,8.15999984741211,6.480000019073486,8.15999984741211,698,0.0,0.0
2003-08-12 00:00:00-04:00,8.15999984741211,9.119999885559082,8.15999984741211,8.15999984741211,569,0.0,0.0
2003-08-13 00:00:00-04:00,9.600000381469727,9.600000381469727,9.359999656677246,9.600000381469727,258,0.0,0.0
2003-08-14 00:00:00-04:00,9.600000381469727,9.600000381469727,9.600000381469727,9.600000381469727,0,0.0,0.0
2003-08-15 00:00:00-04:00,9.600000381469727,9.600000381469727,9.600000381469727,9.600000381469727,0,0.0,0.0
2003-08-18 00:00:00-04:00,8.640000343322754,8.640000343322754,7.199999809265137,7.199999809265137,992,0.0,0.0
2003-08-19 00:00:00-04:00,8.640000343322754,8.640000343322754,7.199999809265137,7.199999809265137,667,0.0,0.0
2003-08-20 00:00:00-04:00,7.199999809265137,8.640000343322754,7.199999809265137,8.640000343322754,4990,0.0,0.0
2003-08-21 00:00:00-04:00,8.640000343322754,8.640000343322754,8.640000343322754,8.640000343322754,0,0.0,0.0
2003-08-22 00:00:00-04:00,7.679999828338623,8.15999984741211,7.199999809265137,8.15999984741211,1250,0.0,0.0
2003-08-25 00:00:00-04:00,7.199999809265137,8.15999984741211,7.199999809265137,7.679999828338623,3063,0.0,0.0
2003-08-26 00:00:00-04:00,7.679999828338623,8.15999984741211,7.199999809265137,7.199999809265137,1000,0.0,0.0
2003-08-27 00:00:00-04:00,7.199999809265137,7.199999809265137,6.960000038146973,6.960000038146973,313,0.0,0.0
2003-08-28 00:00:00-04:00,7.199999809265137,7.199999809265137,7.199999809265137,7.199999809265137,417,0.0,0.0
2003-08-29 00:00:00-04:00,7.199999809265137,7.199999809265137,7.199999809265137,7.199999809265137,229,0.0,0.0
2003-09-02 00:00:00-04:00,7.199999809265137,7.199999809265137,7.199999809265137,7.199999809265137,833,0.0,0.0
2003-09-03 00:00:00-04:00,7.199999809265137,7.679999828338623,6.71999979019165,7.440000057220459,3531,0.0,0.0
2003-09-04 00:00:00-04:00,7.199999809265137,7.199999809265137,7.199999809265137,7.199999809265137,104,0.0,0.0
2003-09-05 00:00:00-04:00,7.199999809265137,7.199999809265137,6.71999979019165,7.199999809265137,458,0.0,0.0
2003-09-08 00:00:00-04:00,6.239999771118164,7.679999828338623,6.239999771118164,7.199999809265137,1813,0.0,0.0
2003-09-09 00:00:00-04:00,7.199999809265137,7.199999809265137,7.199999809265137,7.199999809265137,208,0.0,0.0
2003-09-10 00:00:00-04:00,7.199999809265137,7.440000057220459,7.199999809265137,7.199999809265137,1458,0.0,0.0
2003-09-11 00:00:00-04:00,7.199999809265137,7.199999809265137,7.199999809265137,7.199999809265137,0,0.0,0.0
2003-09-12 00:00:00-04:00,6.239999771118164,6.239999771118164,6.239999771118164,6.239999771118164,208,0.0,0.0
2003-09-15 00:00:00-04:00,5.28000020980835,5.28000020980835,4.800000190734863,4.800000190734863,423,0.0,0.0
2003-09-16 00:00:00-04:00,5.760000228881836,6.71999979019165,5.760000228881836,6.71999979019165,1229,0.0,0.0
2003-09-17 00:00:00-04:00,7.440000057220459,9.600000381469727,7.440000057220459,8.640000343322754,1521,0.0,0.0
2003-09-18 00:00:00-04:00,7.679999828338623,8.15999984741211,7.199999809265137,8.15999984741211,1219,0.0,0.0
2003-09-19 00:00:00-04:00,8.640000343322754,8.640000343322754,8.15999984741211,8.640000343322754,740,0.0,0.0
2003-09-22 00:00:00-04:00,7.679999828338623,8.640000343322754,7.679999828338623,7.679999828338623,1808,0.0,0.0
2003-09-23 00:00:00-04:00,8.399999618530273,8.640000343322754,6.71999979019165,6.71999979019165,3125,0.0,0.0
2003-09-24 00:00:00-04:00,6.71999979019165,7.199999809265137,6.71999979019165,7.199999809265137,958,0.0,0.0
2003-09-25 00:00:00-04:00,7.679999828338623,7.679999828338623,6.480000019073486,6.480000019073486,738,0.0,0.0
2003-09-26 00:00:00-04:00,6.480000019073486,6.480000019073486,6.480000019073486,6.480000019073486,0,0.0,0.0
2003-09-29 00:00:00-04:00,7.440000057220459,8.640000343322754,7.199999809265137,8.640000343322754,1392,0.0,0.0
2003-09-30 00:00:00-04:00,7.199999809265137,8.15999984741211,6.960000038146973,7.199999809265137,938,0.0,0.0
2003-10-01 00:00:00-04:00,8.15999984741211,8.15999984741211,8.15999984741211,8.15999984741211,125,0.0,0.0
2003-10-02 00:00:00-04:00,7.679999828338623,7.920000076293945,7.679999828338623,7.679999828338623,625,0.0,0.0
2003-10-03 00:00:00-04:00,7.679999828338623,7.679999828338623,6.71999979019165,6.71999979019165,696,0.0,0.0
2003-10-06 00:00:00-04:00,6.71999979019165,6.71999979019165,6.71999979019165,6.71999979019165,0,0.0,0.0
2003-10-07 00:00:00-04:00,8.640000343322754,8.640000343322754,8.15999984741211,8.15999984741211,1115,0.0,0.0
2003-10-08 00:00:00-04:00,8.15999984741211,8.640000343322754,7.199999809265137,7.199999809265137,908,0.0,0.0
2003-10-09 00:00:00-04:00,7.679999828338623,7.679999828338623,7.199999809265137,7.679999828338623,1302,0.0,0.0
2003-10-10 00:00:00-04:00,7.679999828338623,7.679999828338623,7.679999828338623,7.679999828338623,0,0.0,0.0
2003-10-13 00:00:00-04:00,7.679999828338623,7.679999828338623,7.199999809265137,7.199999809265137,938,0.0,0.0
2003-10-14 00:00:00-04:00,7.199999809265137,7.679999828338623,7.199999809265137,7.679999828338623,42,0.0,0.0
2003-10-15 00:00:00-04:00,7.679999828338623,7.679999828338623,7.679999828338623,7.679999828338623,0,0.0,0.0
2003-10-16 00:00:00-04:00,7.679999828338623,7.679999828338623,7.679999828338623,7.679999828338623,0,0.0,0.0
2003-10-17 00:00:00-04:00,7.199999809265137,7.679999828338623,7.199999809265137,7.199999809265137,2015,0.0,0.0
2003-10-20 00:00:00-04:00,7.199999809265137,7.679999828338623,7.199999809265137,7.679999828338623,417,0.0,0.0
2003-10-21 00:00:00-04:00,7.679999828338623,8.640000343322754,7.679999828338623,8.640000343322754,538,0.0,0.0
2003-10-22 00:00:00-04:00,8.640000343322754,8.640000343322754,8.15999984741211,8.15999984741211,667,0.0,0.0
2003-10-23 00:00:00-04:00,8.15999984741211,8.15999984741211,8.15999984741211,8.15999984741211,104,0.0,0.0
2003-10-24 00:00:00-04:00,8.640000343322754,8.640000343322754,7.199999809265137,7.679999828338623,771,0.0,0.0
2003-10-27 00:00:00-05:00,8.15999984741211,8.15999984741211,7.199999809265137,7.199999809265137,438,0.0,0.0
2003-10-28 00:00:00-05:00,7.199999809265137,8.640000343322754,7.199999809265137,8.15999984741211,1667,0.0,0.0
2003-10-29 00:00:00-05:00,7.199999809265137,7.679999828338623,7.199999809265137,7.679999828338623,302,0.0,0.0
2003-10-30 00:00:00-05:00,7.679999828338623,7.679999828338623,7.679999828338623,7.679999828338623,0,0.0,0.0
2003-10-31 00:00:00-05:00,7.199999809265137,7.679999828338623,7.199999809265137,7.199999809265137,625,0.0,0.0
2003-11-03 00:00:00-05:00,7.199999809265137,7.679999828338623,7.199999809265137,7.679999828338623,646,0.0,0.0
2003-11-04 00:00:00-05:00,7.679999828338623,7.679999828338623,7.199999809265137,7.440000057220459,642,0.0,0.0
2003-11-05 00:00:00-05:00,7.440000057220459,7.679999828338623,7.440000057220459,7.679999828338623,625,0.0,0.0
2003-11-06 00:00:00-05:00,7.199999809265137,7.679999828338623,7.199999809265137,7.679999828338623,602,0.0,0.0
2003-11-07 00:00:00-05:00,8.640000343322754,8.640000343322754,8.640000343322754,8.640000343322754,208,0.0,0.0
2003-11-10 00:00:00-05:00,8.640000343322754,8.640000343322754,7.679999828338623,7.679999828338623,42,0.0,0.0
2003-11-11 00:00:00-05:00,7.679999828338623,7.679999828338623,7.679999828338623,7.679999828338623,0,0.0,0.0
2003-11-12 00:00:00-05:00,7.679999828338623,7.679999828338623,7.679999828338623,7.679999828338623,0,0.0,0.0
2003-11-13 00:00:00-05:00,8.640000343322754,8.640000343322754,8.15999984741211,8.15999984741211,1208,0.0,0.0
2003-11-14 00:00:00-05:00,7.920000076293945,9.600000381469727,7.920000076293945,8.640000343322754,1271,0.0,0.0
2003-11-17 00:00:00-05:00,8.640000343322754,8.640000343322754,8.640000343322754,8.640000343322754,131,0.0,0.0
2003-11-18 00:00:00-05:00,8.640000343322754,8.640000343322754,8.640000343322754,8.640000343322754,625,0.0,0.0
2003-11-19 00:00:00-05:00,8.399999618530273,8.399999618530273,8.399999618530273,8.399999618530273,54,0.0,0.0
2003-11-20 00:00:00-05:00,8.399999618530273,8.640000343322754,8.399999618530273,8.640000343322754,206,0.0,0.0
2003-11-21 00:00:00-05:00,9.119999885559082,9.119999885559082,9.119999885559082,9.119999885559082,73,0.0,0.0
2003-11-24 00:00:00-05:00,8.640000343322754,8.640000343322754,8.15999984741211,8.399999618530273,1585,0.0,0.0
2003-11-25 00:00:00-05:00,8.399999618530273,8.399999618530273,8.399999618530273,8.399999618530273,0,0.0,0.0
2003-11-26 00:00:00-05:00,8.399999618530273,8.399999618530273,8.399999618530273,8.399999618530273,0,0.0,0.0
2003-11-28 00:00:00-05:00,9.119999885559082,9.119999885559082,8.880000114440918,8.880000114440918,208,0.0,0.0
2003-12-01 00:00:00-05:00,8.15999984741211,8.640000343322754,8.15999984741211,8.640000343322754,1058,0.0,0.0
2003-12-02 00:00:00-05:00,8.15999984741211,8.399999618530273,8.15999984741211,8.15999984741211,621,0.0,0.0
2003-12-03 00:00:00-05:00,8.15999984741211,8.640000343322754,8.15999984741211,8.640000343322754,42,0.0,0.0
2003-12-04 00:00:00-05:00,8.640000343322754,8.640000343322754,8.640000343322754,8.640000343322754,0,0.0,0.0
2003-12-05 00:00:00-05:00,8.15999984741211,8.880000114440918,8.15999984741211,8.15999984741211,896,0.0,0.0
2003-12-08 00:00:00-05:00,8.15999984741211,8.15999984741211,8.15999984741211,8.15999984741211,0,0.0,0.0
2003-12-09 00:00:00-05:00,7.199999809265137,8.640000343322754,7.199999809265137,8.640000343322754,208,0.0,0.0
2003-12-10 00:00:00-05:00,8.640000343322754,8.640000343322754,8.640000343322754,8.640000343322754,0,0.0,0.0
2003-12-11 00:00:00-05:00,7.679999828338623,8.15999984741211,7.199999809265137,8.15999984741211,625,0.0,0.0
2003-12-12 00:00:00-05:00,8.15999984741211,8.15999984741211,8.15999984741211,8.15999984741211,208,0.0,0.0
2003-12-15 00:00:00-05:00,8.640000343322754,9.119999885559082,8.640000343322754,9.119999885559082,2104,0.0,0.0
2003-12-16 00:00:00-05:00,9.600000381469727,12.0,9.600000381469727,12.0,433,0.0,0.0
2003-12-17 00:00:00-05:00,12.0,12.0,12.0,12.0,0,0.0,0.0
2003-12-18 00:00:00-05:00,8.640000343322754,8.640000343322754,8.640000343322754,8.640000343322754,208,0.0,0.0
2003-12-19 00:00:00-05:00,8.15999984741211,8.15999984741211,8.15999984741211,8.15999984741211,52,0.0,0.0
2003-12-22 00:00:00-05:00,8.15999984741211,10.5600004196167,8.15999984741211,8.640000343322754,625,0.0,0.0
2003-12-23 00:00:00-05:00,8.640000343322754,8.640000343322754,8.640000343322754,8.640000343322754,219,0.0,0.0
2003-12-24 00:00:00-05:00,8.640000343322754,8.640000343322754,8.640000343322754,8.640000343322754,0,0.0,0.0
2003-12-26 00:00:00-05:00,9.600000381469727,9.600000381469727,9.600000381469727,9.600000381469727,208,0.0,0.0
2003-12-29 00:00:00-05:00,9.600000381469727,9.600000381469727,9.600000381469727,9.600000381469727,0,0.0,0.0
2003-12-30 00:00:00-05:00,7.679999828338623,7.679999828338623,7.679999828338623,7.679999828338623,104,0.0,0.0
2003-12-31 00:00:00-05:00,7.679999828338623,8.15999984741211,7.679999828338623,8.15999984741211,729,0.0,0.0
2004-01-02 00:00:00-05:00,10.079999923706055,10.079999923706055,10.079999923706055,10.079999923706055,63,0.0,0.0
2004-01-05 00:00:00-05:00,10.079999923706055,10.079999923706055,10.079999923706055,10.079999923706055,0,0.0,0.0
2004-01-06 00:00:00-05:00,7.679999828338623,7.679999828338623,7.679999828338623,7.679999828338623,208,0.0,0.0
2004-01-07 00:00:00-05:00,7.679999828338623,8.15999984741211,7.679999828338623,8.15999984741211,354,0.0,0.0
2004-01-08 00:00:00-05:00,9.600000381469727,9.600000381469727,9.600000381469727,9.600000381469727,208,0.0,0.0
2004-01-09 00:00:00-05:00,9.600000381469727,9.600000381469727,9.600000381469727,9.600000381469727,2,0.0,0.0
2004-01-12 00:00:00-05:00,9.600000381469727,9.600000381469727,9.600000381469727,9.600000381469727,21,0.0,0.0
2004-01-13 00:00:00-05:00,7.679999828338623,8.640000343322754,7.679999828338623,8.15999984741211,938,0.0,0.0
2004-01-14 00:00:00-05:00,8.15999984741211,8.15999984741211,8.15999984741211,8.15999984741211,17,0.0,0.0
2004-01-15 00:00:00-05:00,8.640000343322754,9.119999885559082,8.640000343322754,9.119999885559082,938,0.0,0.0
2004-01-16 00:00:00-05:00,9.119999885559082,9.119999885559082,9.119999885559082,9.119999885559082,0,0.0,0.0
2004-01-20 00:00:00-05:00,8.640000343322754,8.640000343322754,8.640000343322754,8.640000343322754,104,0.0,0.0
2004-01-21 00:00:00-05:00,8.640000343322754,10.5600004196167,8.640000343322754,9.119999885559082,594,0.0,0.0
2004-01-22 00:00:00-05:00,10.079999923706055,10.079999923706055,9.119999885559082,9.600000381469727,521,0.0,0.0
2004-01-23 00:00:00-05:00,9.600000381469727,11.520000457763672,9.600000381469727,11.520000457763672,552,0.0,0.0
2004-01-26 00:00:00-05:00,11.520000457763672,11.520000457763672,11.520000457763672,11.520000457763672,0,0.0,0.0
2004-01-27 00:00:00-05:00,9.119999885559082,10.5600004196167,9.119999885559082,10.5600004196167,417,0.0,0.0
2004-01-28 00:00:00-05:00,10.5600004196167,10.5600004196167,10.5600004196167,10.5600004196167,0,0.0,0.0
2004-01-29 00:00:00-05:00,9.119999885559082,10.079999923706055,9.119999885559082,9.600000381469727,896,0.0,0.0
2004-01-30 00:00:00-05:00,10.5600004196167,12.479999542236328,10.5600004196167,11.520000457763672,490,0.0,0.0
2004-02-02 00:00:00-05:00,12.0,12.0,12.0,12.0,42,0.0,0.0
2004-02-03 00:00:00-05:00,9.600000381469727,12.0,8.640000343322754,9.119999885559082,1146,0.0,0.0
2004-02-04 00:00:00-05:00,9.119999885559082,9.119999885559082,9.119999885559082,9.119999885559082,0,0.0,0.0
2004-02-05 00:00:00-05:00,9.119999885559082,9.119999885559082,9.119999885559082,9.119999885559082,0,0.0,0.0
2004-02-06 00:00:00-05:00,9.119999885559082,9.119999885559082,9.119999885559082,9.119999885559082,0,0.0,0.0
2004-02-09 00:00:00-05:00,9.119999885559082,9.119999885559082,9.119999885559082,9.119999885559082,0,0.0,0.0
2004-02-10 00:00:00-05:00,9.119999885559082,9.119999885559082,9.119999885559082,9.119999885559082,0,0.0,0.0
2004-02-11 00:00:00-05:00,9.119999885559082,9.119999885559082,9.119999885559082,9.119999885559082,0,0.0,0.0
2004-02-12 00:00:00-05:00,10.079999923706055,10.079999923706055,10.079999923706055,10.079999923706055,208,0.0,0.0
2004-02-13 00:00:00-05:00,10.079999923706055,10.079999923706055,10.079999923706055,10.079999923706055,0,0.0,0.0
2004-02-17 00:00:00-05:00,11.520000457763672,11.520000457763672,9.600000381469727,9.600000381469727,219,0.0,0.0
2004-02-18 00:00:00-05:00,12.960000038146973,12.960000038146973,12.960000038146973,12.960000038146973,52,0.0,0.0
2004-02-19 00:00:00-05:00,13.4399995803833,13.4399995803833,11.520000457763672,11.520000457763672,1094,0.0,0.0
2004-02-20 00:00:00-05:00,9.600000381469727,9.600000381469727,9.600000381469727,9.600000381469727,104,0.0,0.0
2004-02-23 00:00:00-05:00,9.600000381469727,9.600000381469727,9.600000381469727,9.600000381469727,0,0.0,0.0
2004-02-24 00:00:00-05:00,9.600000381469727,12.0,9.600000381469727,12.0,833,0.0,0.0
2004-02-25 00:00:00-05:00,12.479999542236328,12.960000038146973,12.0,12.0,1508,0.0,0.0
2004-02-26 00:00:00-05:00,10.5600004196167,10.5600004196167,10.5600004196167,10.5600004196167,10,0.0,0.0
2004-02-27 00:00:00-05:00,10.5600004196167,10.800000190734863,10.5600004196167,10.5600004196167,388,0.0,0.0
2004-03-01 00:00:00-05:00,10.5600004196167,10.5600004196167,10.5600004196167,10.5600004196167,313,0.0,0.0
2004-03-02 00:00:00-05:00,12.0,12.0,12.0,12.0,260,0.0,0.0
2004-03-03 00:00:00-05:00,12.479999542236328,12.479999542236328,12.0,12.0,456,0.0,0.0
2004-03-04 00:00:00-05:00,11.520000457763672,11.520000457763672,9.600000381469727,9.600000381469727,502,0.0,0.0
2004-03-05 00:00:00-05:00,11.039999961853027,11.039999961853027,11.039999961853027,11.039999961853027,208,0.0,0.0
2004-03-08 00:00:00-05:00,11.039999961853027,11.039999961853027,11.039999961853027,11.039999961853027,0,0.0,0.0
2004-03-09 00:00:00-05:00,10.079999923706055,11.039999961853027,9.600000381469727,10.5600004196167,1388,0.0,0.0
2004-03-10 00:00:00-05:00,10.5600004196167,10.5600004196167,10.079999923706055,10.079999923706055,42,0.0,0.0
2004-03-11 00:00:00-05:00,11.520000457763672,12.479999542236328,11.520000457763672,12.479999542236328,265,0.0,0.0
2004-03-12 00:00:00-05:00,10.5600004196167,10.5600004196167,9.600000381469727,10.079999923706055,1556,0.0,0.0
2004-03-15 00:00:00-05:00,9.119999885559082,9.119999885559082,9.119999885559082,9.119999885559082,208,0.0,0.0
2004-03-16 00:00:00-05:00,9.600000381469727,9.600000381469727,9.600000381469727,9.600000381469727,104,0.0,0.0
2004-03-17 00:00:00-05:00,9.600000381469727,9.600000381469727,9.600000381469727,9.600000381469727,0,0.0,0.0
2004-03-18 00:00:00-05:00,9.119999885559082,10.079999923706055,9.119999885559082,10.079999923706055,229,0.0,0.0
2004-03-19 00:00:00-05:00,10.079999923706055,10.079999923706055,10.079999923706055,10.079999923706055,208,0.0,0.0
2004-03-22 00:00:00-05:00,9.600000381469727,9.600000381469727,9.600000381469727,9.600000381469727,115,0.0,0.0
2004-03-23 00:00:00-05:00,10.5600004196167,12.479999542236328,10.5600004196167,12.479999542236328,704,0.0,0.0
2004-03-24 00:00:00-05:00,12.960000038146973,14.399999618530273,11.039999961853027,12.479999542236328,2335,0.0,0.0
2004-03-25 00:00:00-05:00,11.039999961853027,12.0,11.039999961853027,12.0,313,0.0,0.0
2004-03-26 00:00:00-05:00,12.0,12.0,12.0,12.0,0,0.0,0.0
2004-03-29 00:00:00-05:00,12.479999542236328,12.479999542236328,12.479999542236328,12.479999542236328,135,0.0,0.0
2004-03-30 00:00:00-05:00,10.5600004196167,12.479999542236328,10.5600004196167,12.479999542236328,521,0.0,0.0
2004-03-31 00:00:00-05:00,12.479999542236328,12.479999542236328,12.479999542236328,12.479999542236328,0,0.0,0.0
2004-04-01 00:00:00-05:00,14.399999618530273,14.399999618530273,12.479999542236328,12.479999542236328,398,0.0,0.0
2004-04-02 00:00:00-05:00,11.039999961853027,14.399999618530273,11.039999961853027,14.399999618530273,438,0.0,0.0
2004-04-05 00:00:00-04:00,14.399999618530273,14.399999618530273,8.15999984741211,10.079999923706055,3894,0.0,0.0
2004-04-06 00:00:00-04:00,10.079999923706055,10.079999923706055,10.079999923706055,10.079999923706055,0,0.0,0.0
2004-04-07 00:00:00-04:00,12.0,12.0,12.0,12.0,110,0.0,0.0
2004-04-08 00:00:00-04:00,13.4399995803833,13.4399995803833,12.0,12.0,308,0.0,0.0
2004-04-12 00:00:00-04:00,12.0,12.0,12.0,12.0,52,0.0,0.0
2004-04-13 00:00:00-04:00,12.0,12.0,12.0,12.0,208,0.0,0.0
2004-04-14 00:00:00-04:00,10.079999923706055,12.960000038146973,10.079999923706055,12.479999542236328,1008,0.0,0.0
2004-04-15 00:00:00-04:00,12.960000038146973,12.960000038146973,12.960000038146973,12.960000038146973,390,0.0,0.0
2004-04-16 00:00:00-04:00,13.4399995803833,13.4399995803833,13.4399995803833,13.4399995803833,104,0.0,0.0
2004-04-19 00:00:00-04:00,12.479999542236328,14.399999618530273,12.479999542236328,14.399999618530273,1250,0.0,0.0
2004-04-20 00:00:00-04:00,12.479999542236328,12.960000038146973,12.479999542236328,12.960000038146973,417,0.0,0.0
2004-04-21 00:00:00-04:00,12.960000038146973,14.880000114440918,12.960000038146973,14.399999618530273,2023,0.0,0.0
2004-04-22 00:00:00-04:00,13.4399995803833,13.4399995803833,10.079999923706055,11.039999961853027,1044,0.0,0.0
2004-04-23 00:00:00-04:00,11.039999961853027,11.039999961853027,11.039999961853027,11.039999961853027,0,0.0,0.0
2004-04-26 00:00:00-04:00,14.880000114440918,14.880000114440918,13.4399995803833,14.640000343322754,4200,0.0,0.0
2004-04-27 00:00:00-04:00,14.399999618530273,14.496000289916992,14.399999618530273,14.399999618530273,1325,0.0,0.0
2004-04-28 00:00:00-04:00,14.399999618530273,14.399999618530273,14.399999618530273,14.399999618530273,0,0.0,0.0
2004-04-29 00:00:00-04:00,14.399999618530273,14.399999618530273,14.399999618530273,14.399999618530273,0,0.0,0.0
2004-04-30 00:00:00-04:00,14.399999618530273,14.399999618530273,14.399999618530273,14.399999618530273,0,0.0,0.0
2004-05-03 00:00:00-04:00,14.399999618530273,14.399999618530273,14.399999618530273,14.399999618530273,0,0.0,0.0
2004-05-04 00:00:00-04:00,12.479999542236328,14.399999618530273,12.479999542236328,13.4399995803833,1146,0.0,0.0
2004-05-05 00:00:00-04:00,13.4399995803833,15.359999656677246,13.4399995803833,15.359999656677246,1583,0.0,0.0
2004-05-06 00:00:00-04:00,16.31999969482422,16.31999969482422,14.399999618530273,14.399999618530273,910,0.0,0.0
2004-05-07 00:00:00-04:00,15.359999656677246,19.200000762939453,12.960000038146973,17.760000228881836,6460,0.0,0.0
2004-05-10 00:00:00-04:00,15.359999656677246,15.84000015258789,12.960000038146973,15.359999656677246,1146,0.0,0.0
2004-05-11 00:00:00-04:00,15.359999656677246,15.359999656677246,15.359999656677246,15.359999656677246,0,0.0,0.0
2004-05-12 00:00:00-04:00,15.84000015258789,15.84000015258789,15.84000015258789,15.84000015258789,333,0.0,0.0
2004-05-13 00:00:00-04:00,13.920000076293945,13.920000076293945,13.4399995803833,13.4399995803833,167,0.0,0.0
2004-05-14 00:00:00-04:00,13.4399995803833,13.4399995803833,13.4399995803833,13.4399995803833,0,0.0,0.0
2004-05-17 00:00:00-04:00,13.4399995803833,13.4399995803833,13.4399995803833,13.4399995803833,0,0.0,0.0
2004-05-18 00:00:00-04:00,12.0,13.920000076293945,12.0,13.4399995803833,685,0.0,0.0
2004-05-19 00:00:00-04:00,14.399999618530273,14.399999618530273,14.399999618530273,14.399999618530273,377,0.0,0.0
2004-05-20 00:00:00-04:00,14.399999618530273,14.399999618530273,14.399999618530273,14.399999618530273,0,0.0,0.0
2004-05-21 00:00:00-04:00,13.4399995803833,13.4399995803833,13.4399995803833,13.4399995803833,8,0.0,0.0
2004-05-24 00:00:00-04:00,13.4399995803833,13.4399995803833,13.4399995803833,13.4399995803833,104,0.0,0.0
2004-05-25 00:00:00-04:00,12.0,14.399999618530273,11.616000175476074,12.0,938,0.0,0.0
2004-05-26 00:00:00-04:00,12.0,12.0,12.0,12.0,0,0.0,0.0
2004-05-27 00:00:00-04:00,12.0,12.0,12.0,12.0,0,0.0,0.0
2004-05-28 00:00:00-04:00,12.0,12.0,12.0,12.0,0,0.0,0.0
2004-06-01 00:00:00-04:00,12.0,12.0,12.0,12.0,0,0.0,0.0
2004-06-02 00:00:00-04:00,12.0,12.479999542236328,12.0,12.479999542236328,208,0.0,0.0
2004-06-03 00:00:00-04:00,9.600000381469727,9.600000381469727,9.600000381469727,9.600000381469727,106,0.0,0.0
2004-06-04 00:00:00-04:00,9.600000381469727,9.600000381469727,9.600000381469727,9.600000381469727,0,0.0,0.0
2004-06-07 00:00:00-04:00,9.600000381469727,9.600000381469727,9.600000381469727,9.600000381469727,0,0.0,0.0
2004-06-08 00:00:00-04:00,9.600000381469727,9.600000381469727,9.600000381469727,9.600000381469727,0,0.0,0.0
2004-06-09 00:00:00-04:00,9.600000381469727,9.600000381469727,9.119999885559082,9.119999885559082,500,0.0,0.0
2004-06-10 00:00:00-04:00,9.119999885559082,9.119999885559082,9.119999885559082,9.119999885559082,0,0.0,0.0
2004-06-14 00:00:00-04:00,9.119999885559082,12.960000038146973,9.119999885559082,12.960000038146973,125,0.0,0.0
2004-06-15 00:00:00-04:00,12.960000038146973,12.960000038146973,12.960000038146973,12.960000038146973,0,0.0,0.0
2004-06-16 00:00:00-04:00,12.960000038146973,12.960000038146973,12.960000038146973,12.960000038146973,0,0.0,0.0
2004-06-17 00:00:00-04:00,10.079999923706055,10.079999923706055,9.600000381469727,9.600000381469727,610,0.0,0.0
2004-06-18 00:00:00-04:00,9.600000381469727,12.0,9.600000381469727,12.0,719,0.0,0.0
2004-06-21 00:00:00-04:00,10.079999923706055,10.079999923706055,10.079999923706055,10.079999923706055,21,0.0,0.0
2004-06-22 00:00:00-04:00,9.600000381469727,11.039999961853027,9.600000381469727,10.5600004196167,625,0.0,0.0
2004-06-23 00:00:00-04:00,10.5600004196167,10.5600004196167,10.5600004196167,10.5600004196167,0,0.0,0.0
2004-06-24 00:00:00-04:00,10.5600004196167,11.520000457763672,10.5600004196167,11.520000457763672,833,0.0,0.0
2004-06-25 00:00:00-04:00,11.039999961853027,12.0,9.600000381469727,12.0,917,0.0,0.0
2004-06-28 00:00:00-04:00,12.0,12.0,12.0,12.0,0,0.0,0.0
2004-06-29 00:00:00-04:00,9.600000381469727,9.600000381469727,9.600000381469727,9.600000381469727,2,0.0,0.0
2004-06-30 00:00:00-04:00,12.0,12.0,12.0,12.0,125,0.0,0.0
2004-07-01 00:00:00-04:00,12.0,12.0,12.0,12.0,0,0.0,0.0
2004-07-02 00:00:00-04:00,12.0,12.0,12.0,12.0,0,0.0,0.0
2004-07-06 00:00:00-04:00,13.920000076293945,13.920000076293945,12.479999542236328,12.479999542236328,208,0.0,0.0
2004-07-07 00:00:00-04:00,12.479999542236328,12.479999542236328,12.479999542236328,12.479999542236328,0,0.0,0.0
2004-07-08 00:00:00-04:00,12.0,12.960000038146973,12.0,12.960000038146973,508,0.0,0.0
2004-07-09 00:00:00-04:00,13.920000076293945,13.920000076293945,12.0,12.0,506,0.0,0.0
2004-07-12 00:00:00-04:00,13.920000076293945,13.920000076293945,11.520000457763672,11.520000457763672,1408,0.0,0.0
2004-07-13 00:00:00-04:00,12.0,12.0,12.0,12.0,208,0.0,0.0
2004-07-14 00:00:00-04:00,12.479999542236328,14.880000114440918,12.479999542236328,14.399999618530273,1108,0.0,0.0
2004-07-15 00:00:00-04:00,13.920000076293945,16.799999237060547,13.920000076293945,16.799999237060547,817,0.0,0.0
2004-07-16 00:00:00-04:00,19.200000762939453,19.200000762939453,16.31999969482422,16.799999237060547,1288,0.0,0.0
2004-07-19 00:00:00-04:00,16.799999237060547,18.239999771118164,16.799999237060547,17.760000228881836,1781,0.0,0.0
2004-07-20 00:00:00-04:00,18.239999771118164,19.200000762939453,18.239999771118164,19.200000762939453,225,0.0,0.0
2004-07-21 00:00:00-04:00,19.200000762939453,20.15999984741211,16.799999237060547,16.799999237060547,781,0.0,0.0
2004-07-22 00:00:00-04:00,19.200000762939453,19.200000762939453,15.84000015258789,16.799999237060547,3383,0.0,0.0
2004-07-23 00:00:00-04:00,16.799999237060547,18.239999771118164,16.799999237060547,16.799999237060547,667,0.0,0.0
2004-07-26 00:00:00-04:00,18.239999771118164,18.239999771118164,18.239999771118164,18.239999771118164,83,0.0,0.0
2004-07-27 00:00:00-04:00,18.719999313354492,18.719999313354492,16.799999237060547,16.799999237060547,927,0.0,0.0
2004-07-28 00:00:00-04:00,16.799999237060547,18.719999313354492,16.31999969482422,18.719999313354492,979,0.0,0.0
2004-07-29 00:00:00-04:00,18.239999771118164,18.239999771118164,17.760000228881836,18.239999771118164,313,0.0,0.0
2004-07-30 00:00:00-04:00,17.760000228881836,20.15999984741211,15.359999656677246,16.799999237060547,2919,0.0,0.0
2004-08-02 00:00:00-04:00,14.399999618530273,16.31999969482422,12.960000038146973,16.31999969482422,542,0.0,0.0
2004-08-03 00:00:00-04:00,16.31999969482422,16.31999969482422,14.399999618530273,14.399999618530273,875,0.0,0.0
2004-08-04 00:00:00-04:00,14.399999618530273,15.359999656677246,14.399999618530273,14.399999618530273,588,0.0,0.0
2004-08-05 00:00:00-04:00,14.399999618530273,14.399999618530273,14.399999618530273,14.399999618530273,0,0.0,0.0
2004-08-06 00:00:00-04:00,14.399999618530273,14.399999618530273,14.399999618530273,14.399999618530273,0,0.0,0.0
2004-08-09 00:00:00-04:00,12.479999542236328,13.4399995803833,12.479999542236328,12.479999542236328,240,0.0,0.0
2004-08-10 00:00:00-04:00,12.0,12.0,12.0,12.0,104,0.0,0.0
2004-08-11 00:00:00-04:00,12.0,12.0,12.0,12.0,0,0.0,0.0
2004-08-12 00:00:00-04:00,10.079999923706055,13.4399995803833,10.079999923706055,12.0,802,0.0,0.0
2004-08-13 00:00:00-04:00,12.0,12.0,12.0,12.0,0,0.0,0.0
2004-08-16 00:00:00-04:00,12.0,12.0,12.0,12.0,0,0.0,0.0
2004-08-17 00:00:00-04:00,12.0,12.0,12.0,12.0,0,0.0,0.0
2004-08-18 00:00:00-04:00,12.0,12.0,12.0,12.0,0,0.0,0.0
2004-08-19 00:00:00-04:00,10.5600004196167,11.520000457763672,10.5600004196167,11.520000457763672,208,0.0,0.0
2004-08-20 00:00:00-04:00,11.520000457763672,11.520000457763672,11.520000457763672,11.520000457763672,0,0.0,0.0
2004-08-23 00:00:00-04:00,10.5600004196167,13.920000076293945,10.5600004196167,10.5600004196167,369,0.0,0.0
2004-08-24 00:00:00-04:00,10.079999923706055,11.039999961853027,10.079999923706055,11.039999961853027,281,0.0,0.0
2004-08-25 00:00:00-04:00,10.079999923706055,12.0,10.079999923706055,12.0,771,0.0,0.0
2004-08-26 00:00:00-04:00,11.520000457763672,12.0,11.520000457763672,12.0,688,0.0,0.0
2004-08-27 00:00:00-04:00,12.0,12.0,12.0,12.0,0,0.0,0.0
2004-08-30 00:00:00-04:00,12.0,12.0,12.0,12.0,0,0.0,0.0
2004-08-31 00:00:00-04:00,12.0,12.0,12.0,12.0,0,0.0,0.0
2004-09-01 00:00:00-04:00,12.479999542236328,12.479999542236328,12.479999542236328,12.479999542236328,88,0.0,0.0
2004-09-02 00:00:00-04:00,12.479999542236328,12.479999542236328,12.479999542236328,12.479999542236328,208,0.0,0.0
2004-09-03 00:00:00-04:00,13.4399995803833,13.4399995803833,11.520000457763672,12.479999542236328,938,0.0,0.0
2004-09-07 00:00:00-04:00,11.039999961853027,11.039999961853027,11.039999961853027,11.039999961853027,208,0.0,0.0
2004-09-08 00:00:00-04:00,11.039999961853027,11.039999961853027,11.039999961853027,11.039999961853027,0,0.0,0.0
2004-09-09 00:00:00-04:00,9.119999885559082,10.5600004196167,7.199999809265137,7.199999809265137,5158,0.0,0.0
2004-09-10 00:00:00-04:00,7.679999828338623,8.640000343322754,7.679999828338623,8.640000343322754,1021,0.0,0.0
2004-09-13 00:00:00-04:00,8.15999984741211,9.600000381469727,7.679999828338623,9.119999885559082,938,0.0,0.0
2004-09-14 00:00:00-04:00,9.119999885559082,9.119999885559082,9.119999885559082,9.119999885559082,104,0.0,0.0
2004-09-15 00:00:00-04:00,9.119999885559082,9.119999885559082,9.119999885559082,9.119999885559082,0,0.0,0.0
2004-09-16 00:00:00-04:00,9.119999885559082,9.119999885559082,9.119999885559082,9.119999885559082,0,0.0,0.0
2004-09-17 00:00:00-04:00,7.199999809265137,8.640000343322754,6.239999771118164,6.239999771118164,1813,0.0,0.0
2004-09-20 00:00:00-04:00,4.559999942779541,5.760000228881836,3.8399999141693115,4.800000190734863,11363,0.0,0.0
2004-09-21 00:00:00-04:00,4.800000190734863,4.800000190734863,4.800000190734863,4.800000190734863,0,0.0,0.0
2004-09-22 00:00:00-04:00,5.039999961853027,5.28000020980835,4.800000190734863,5.28000020980835,4238,0.0,0.0
2004-09-23 00:00:00-04:00,5.28000020980835,5.28000020980835,5.28000020980835,5.28000020980835,167,0.0,0.0
2004-09-24 00:00:00-04:00,5.28000020980835,5.28000020980835,5.28000020980835,5.28000020980835,0,0.0,0.0
2004-09-27 00:00:00-04:00,4.320000171661377,4.800000190734863,4.320000171661377,4.800000190734863,1271,0.0,0.0
2004-09-28 00:00:00-04:00,4.800000190734863,4.800000190734863,4.320000171661377,4.320000171661377,771,0.0,0.0
2004-09-29 00:00:00-04:00,4.559999942779541,4.800000190734863,3.8399999141693115,3.8399999141693115,1563,0.0,0.0
2004-09-30 00:00:00-04:00,3.8399999141693115,4.320000171661377,3.8399999141693115,4.320000171661377,146,0.0,0.0
2004-10-01 00:00:00-04:00,4.320000171661377,4.320000171661377,4.320000171661377,4.320000171661377,0,0.0,0.0
2004-10-04 00:00:00-04:00,3.8399999141693115,3.8399999141693115,3.8399999141693115,3.8399999141693115,208,0.0,0.0
2004-10-05 00:00:00-04:00,3.8399999141693115,3.8399999141693115,3.8399999141693115,3.8399999141693115,208,0.0,0.0
2004-10-06 00:00:00-04:00,3.8399999141693115,3.8399999141693115,3.8399999141693115,3.8399999141693115,208,0.0,0.0
2004-10-07 00:00:00-04:00,3.8399999141693115,3.8399999141693115,3.8399999141693115,3.8399999141693115,0,0.0,0.0
2004-10-08 00:00:00-04:00,4.079999923706055,4.320000171661377,4.079999923706055,4.320000171661377,417,0.0,0.0
2004-10-11 00:00:00-04:00,4.320000171661377,4.320000171661377,4.320000171661377,4.320000171661377,0,0.0,0.0
2004-10-12 00:00:00-04:00,4.320000171661377,4.320000171661377,4.320000171661377,4.320000171661377,0,0.0,0.0
2004-10-13 00:00:00-04:00,4.320000171661377,4.320000171661377,4.320000171661377,4.320000171661377,146,0.0,0.0
2004-10-14 00:00:00-04:00,3.8399999141693115,4.320000171661377,3.5999999046325684,4.320000171661377,625,0.0,0.0
2004-10-15 00:00:00-04:00,4.320000171661377,4.320000171661377,4.320000171661377,4.320000171661377,0,0.0,0.0
2004-10-18 00:00:00-04:00,3.5999999046325684,3.5999999046325684,3.5999999046325684,3.5999999046325684,104,0.0,0.0
2004-10-19 00:00:00-04:00,3.8399999141693115,3.8399999141693115,3.5999999046325684,3.5999999046325684,417,0.0,0.0
2004-10-20 00:00:00-04:00,3.5999999046325684,3.5999999046325684,3.5999999046325684,3.5999999046325684,0,0.0,0.0
2004-10-21 00:00:00-04:00,3.5999999046325684,3.5999999046325684,3.5999999046325684,3.5999999046325684,0,0.0,0.0
2004-10-22 00:00:00-04:00,3.5999999046325684,3.5999999046325684,3.5999999046325684,3.5999999046325684,0,0.0,0.0
2004-10-25 00:00:00-04:00,3.5999999046325684,3.5999999046325684,3.5999999046325684,3.5999999046325684,0,0.0,0.0
2004-10-26 00:00:00-04:00,4.320000171661377,4.800000190734863,4.079999923706055,4.800000190734863,1063,0.0,0.0
2004-10-27 00:00:00-04:00,5.28000020980835,6.239999771118164,5.039999961853027,5.28000020980835,5417,0.0,0.0
2004-10-28 00:00:00-04:00,4.800000190734863,4.800000190734863,4.320000171661377,4.320000171661377,750,0.0,0.0
2004-10-29 00:00:00-04:00,5.28000020980835,5.28000020980835,4.800000190734863,4.800000190734863,667,0.0,0.0
2004-11-01 00:00:00-05:00,4.320000171661377,4.800000190734863,4.320000171661377,4.800000190734863,1438,0.0,0.0
2004-11-02 00:00:00-05:00,4.800000190734863,5.28000020980835,4.559999942779541,4.800000190734863,4698,0.0,0.0
2004-11-03 00:00:00-05:00,4.800000190734863,4.800000190734863,4.559999942779541,4.559999942779541,583,0.0,0.0
2004-11-04 00:00:00-05:00,4.559999942779541,5.28000020980835,4.559999942779541,5.28000020980835,1354,0.0,0.0
2004-11-05 00:00:00-05:00,4.800000190734863,4.800000190734863,4.800000190734863,4.800000190734863,354,0.0,0.0
2004-11-08 00:00:00-05:00,4.800000190734863,5.28000020980835,4.800000190734863,4.800000190734863,1563,0.0,0.0
2004-11-09 00:00:00-05:00,4.800000190734863,4.800000190734863,4.320000171661377,4.320000171661377,2383,0.0,0.0
2004-11-10 00:00:00-05:00,4.559999942779541,4.800000190734863,4.559999942779541,4.800000190734863,333,0.0,0.0
2004-11-11 00:00:00-05:00,4.800000190734863,5.039999961853027,4.800000190734863,4.800000190734863,1250,0.0,0.0
2004-11-12 00:00:00-05:00,4.559999942779541,4.800000190734863,4.559999942779541,4.559999942779541,2071,0.0,0.0
2004-11-15 00:00:00-05:00,4.559999942779541,4.559999942779541,4.320000171661377,4.320000171661377,729,0.0,0.0
2004-11-16 00:00:00-05:00,4.079999923706055,4.079999923706055,4.079999923706055,4.079999923706055,104,0.0,0.0
2004-11-17 00:00:00-05:00,4.079999923706055,4.079999923706055,4.079999923706055,4.079999923706055,208,0.0,0.0
2004-11-18 00:00:00-05:00,4.320000171661377,4.320000171661377,4.320000171661377,4.320000171661377,104,0.0,0.0
2004-11-19 00:00:00-05:00,4.079999923706055,4.320000171661377,4.079999923706055,4.320000171661377,646,0.0,0.0
2004-11-22 00:00:00-05:00,4.320000171661377,4.320000171661377,4.079999923706055,4.079999923706055,469,0.0,0.0
2004-11-23 00:00:00-05:00,3.8399999141693115,3.8399999141693115,3.8399999141693115,3.8399999141693115,104,0.0,0.0
2004-11-24 00:00:00-05:00,3.8399999141693115,3.8399999141693115,2.880000114440918,3.119999885559082,854,0.0,0.0
2004-11-26 00:00:00-05:00,3.8399999141693115,4.320000171661377,3.8399999141693115,4.320000171661377,1250,0.0,0.0
2004-11-29 00:00:00-05:00,4.559999942779541,4.800000190734863,4.320000171661377,4.320000171661377,1271,0.0,0.0
2004-11-30 00:00:00-05:00,4.320000171661377,5.760000228881836,4.320000171661377,5.760000228881836,1063,0.0,0.0
2004-12-01 00:00:00-05:00,4.320000171661377,4.320000171661377,3.8399999141693115,3.8399999141693115,750,0.0,0.0
2004-12-02 00:00:00-05:00,3.359999895095825,4.800000190734863,3.359999895095825,4.800000190734863,104,0.0,0.0
2004-12-03 00:00:00-05:00,4.800000190734863,4.800000190734863,4.800000190734863,4.800000190734863,0,0.0,0.0
2004-12-06 00:00:00-05:00,3.359999895095825,3.359999895095825,3.359999895095825,3.359999895095825,25,0.0,0.0
2004-12-07 00:00:00-05:00,4.800000190734863,4.800000190734863,4.800000190734863,4.800000190734863,104,0.0,0.0
2004-12-08 00:00:00-05:00,4.800000190734863,4.800000190734863,4.800000190734863,4.800000190734863,0,0.0,0.0
2004-12-09 00:00:00-05:00,4.800000190734863,4.800000190734863,4.800000190734863,4.800000190734863,0,0.0,0.0
2004-12-10 00:00:00-05:00,4.800000190734863,4.800000190734863,4.800000190734863,4.800000190734863,0,0.0,0.0
2004-12-13 00:00:00-05:00,3.359999895095825,3.359999895095825,3.359999895095825,3.359999895095825,417,0.0,0.0
2004-12-14 00:00:00-05:00,3.359999895095825,3.359999895095825,3.359999895095825,3.359999895095825,0,0.0,0.0
2004-12-15 00:00:00-05:00,3.359999895095825,3.359999895095825,3.359999895095825,3.359999895095825,208,0.0,0.0
2004-12-16 00:00:00-05:00,3.8399999141693115,3.8399999141693115,3.5999999046325684,3.5999999046325684,313,0.0,0.0
2004-12-17 00:00:00-05:00,4.320000171661377,4.320000171661377,3.5999999046325684,4.320000171661377,1781,0.0,0.0
2004-12-20 00:00:00-05:00,3.8399999141693115,3.8399999141693115,3.8399999141693115,3.8399999141693115,167,0.0,0.0
2004-12-21 00:00:00-05:00,3.8399999141693115,3.8399999141693115,3.8399999141693115,3.8399999141693115,0,0.0,0.0
2004-12-22 00:00:00-05:00,3.8399999141693115,3.8399999141693115,3.8399999141693115,3.8399999141693115,0,0.0,0.0
2004-12-23 00:00:00-05:00,3.8399999141693115,3.8399999141693115,3.8399999141693115,3.8399999141693115,0,0.0,0.0
2004-12-27 00:00:00-05:00,3.8399999141693115,3.8399999141693115,3.5999999046325684,3.5999999046325684,833,0.0,0.0
2004-12-28 00:00:00-05:00,3.5999999046325684,3.5999999046325684,3.5999999046325684,3.5999999046325684,333,0.0,0.0
2004-12-29 00:00:00-05:00,3.5999999046325684,3.8399999141693115,3.5999999046325684,3.8399999141693115,640,0.0,0.0
2004-12-30 00:00:00-05:00,3.5999999046325684,3.8399999141693115,3.5999999046325684,3.8399999141693115,423,0.0,0.0
2004-12-31 00:00:00-05:00,3.5999999046325684,3.5999999046325684,3.359999895095825,3.359999895095825,229,0.0,0.0
2005-01-03 00:00:00-05:00,3.8399999141693115,3.8399999141693115,3.8399999141693115,3.8399999141693115,4,0.0,0.0
2005-01-04 00:00:00-05:00,3.8399999141693115,3.8399999141693115,3.8399999141693115,3.8399999141693115,60,0.0,0.0
2005-01-05 00:00:00-05:00,3.8399999141693115,3.8399999141693115,3.8399999141693115,3.8399999141693115,0,0.0,0.0
2005-01-06 00:00:00-05:00,3.8399999141693115,3.8399999141693115,3.8399999141693115,3.8399999141693115,0,0.0,0.0
2005-01-07 00:00:00-05:00,3.8399999141693115,3.8399999141693115,3.8399999141693115,3.8399999141693115,0,0.0,0.0
2005-01-10 00:00:00-05:00,3.8399999141693115,3.8399999141693115,3.8399999141693115,3.8399999141693115,0,0.0,0.0
2005-01-11 00:00:00-05:00,3.5999999046325684,3.5999999046325684,3.5999999046325684,3.5999999046325684,404,0.0,0.0
2005-01-12 00:00:00-05:00,3.359999895095825,3.359999895095825,3.359999895095825,3.359999895095825,417,0.0,0.0
2005-01-13 00:00:00-05:00,3.359999895095825,3.359999895095825,3.359999895095825,3.359999895095825,0,0.0,0.0
2005-01-14 00:00:00-05:00,3.8399999141693115,3.8399999141693115,3.8399999141693115,3.8399999141693115,500,0.0,0.0
2005-01-18 00:00:00-05:00,3.359999895095825,3.5999999046325684,3.359999895095825,3.5999999046325684,638,0.0,0.0
2005-01-19 00:00:00-05:00,3.503999948501587,3.5999999046325684,3.359999895095825,3.5999999046325684,938,0.0,0.0
2005-01-20 00:00:00-05:00,3.5999999046325684,3.5999999046325684,3.5999999046325684,3.5999999046325684,625,0.0,0.0
2005-01-21 00:00:00-05:00,3.359999895095825,3.8399999141693115,3.359999895095825,3.359999895095825,1340,0.0,0.0
2005-01-24 00:00:00-05:00,3.359999895095825,3.359999895095825,3.359999895095825,3.359999895095825,0,0.0,0.0
2005-01-25 00:00:00-05:00,3.359999895095825,3.359999895095825,3.359999895095825,3.359999895095825,656,0.0,0.0
2005-01-26 00:00:00-05:00,3.5999999046325684,4.800000190734863,3.5999999046325684,4.800000190734863,985,0.0,0.0
2005-01-27 00:00:00-05:00,4.800000190734863,4.800000190734863,4.320000171661377,4.320000171661377,729,0.0,0.0
2005-01-28 00:00:00-05:00,4.320000171661377,4.320000171661377,3.8399999141693115,3.8399999141693115,1083,0.0,0.0
2005-01-31 00:00:00-05:00,3.8399999141693115,3.8399999141693115,3.8399999141693115,3.8399999141693115,0,0.0,0.0
2005-02-01 00:00:00-05:00,4.079999923706055,4.079999923706055,4.079999923706055,4.079999923706055,63,0.0,0.0
2005-02-02 00:00:00-05:00,3.8399999141693115,3.8399999141693115,3.8399999141693115,3.8399999141693115,104,0.0,0.0
2005-02-03 00:00:00-05:00,4.079999923706055,4.079999923706055,4.079999923706055,4.079999923706055,292,0.0,0.0
2005-02-04 00:00:00-05:00,4.079999923706055,4.079999923706055,4.079999923706055,4.079999923706055,1354,0.0,0.0
2005-02-07 00:00:00-05:00,4.079999923706055,4.079999923706055,4.079999923706055,4.079999923706055,0,0.0,0.0
2005-02-08 00:00:00-05:00,4.079999923706055,4.079999923706055,4.079999923706055,4.079999923706055,0,0.0,0.0
2005-02-09 00:00:00-05:00,4.079999923706055,4.079999923706055,4.079999923706055,4.079999923706055,21,0.0,0.0
2005-02-10 00:00:00-05:00,4.079999923706055,4.079999923706055,4.079999923706055,4.079999923706055,0,0.0,0.0
2005-02-11 00:00:00-05:00,4.079999923706055,4.079999923706055,4.079999923706055,4.079999923706055,42,0.0,0.0
2005-02-14 00:00:00-05:00,3.8399999141693115,3.8399999141693115,3.8399999141693115,3.8399999141693115,104,0.0,0.0
2005-02-15 00:00:00-05:00,3.8399999141693115,3.8399999141693115,3.8399999141693115,3.8399999141693115,0,0.0,0.0
2005-02-16 00:00:00-05:00,3.8399999141693115,3.8399999141693115,3.8399999141693115,3.8399999141693115,0,0.0,0.0
2005-02-17 00:00:00-05:00,3.8399999141693115,3.8399999141693115,3.8399999141693115,3.8399999141693115,0,0.0,0.0
2005-02-18 00:00:00-05:00,4.079999923706055,4.800000190734863,4.079999923706055,4.320000171661377,1667,0.0,0.0
2005-02-22 00:00:00-05:00,4.320000171661377,4.320000171661377,4.320000171661377,4.320000171661377,0,0.0,0.0
2005-02-23 00:00:00-05:00,4.320000171661377,4.320000171661377,4.320000171661377,4.320000171661377,0,0.0,0.0
2005-02-24 00:00:00-05:00,4.559999942779541,4.559999942779541,4.320000171661377,4.559999942779541,1454,0.0,0.0
2005-02-25 00:00:00-05:00,4.559999942779541,4.559999942779541,4.559999942779541,4.559999942779541,0,0.0,0.0
2005-02-28 00:00:00-05:00,5.28000020980835,5.519999980926514,4.800000190734863,5.519999980926514,1283,0.0,0.0
2005-03-01 00:00:00-05:00,5.28000020980835,5.28000020980835,5.28000020980835,5.28000020980835,250,0.0,0.0
2005-03-02 00:00:00-05:00,5.28000020980835,5.28000020980835,5.28000020980835,5.28000020980835,842,0.0,0.0
2005-03-03 00:00:00-05:00,5.519999980926514,5.760000228881836,5.519999980926514,5.760000228881836,1010,0.0,0.0
2005-03-04 00:00:00-05:00,5.760000228881836,5.760000228881836,5.760000228881836,5.760000228881836,1031,0.0,0.0
2005-03-07 00:00:00-05:00,5.519999980926514,5.519999980926514,5.28000020980835,5.28000020980835,200,0.0,0.0
2005-03-08 00:00:00-05:00,5.28000020980835,5.28000020980835,5.28000020980835,5.28000020980835,0,0.0,0.0
2005-03-09 00:00:00-05:00,5.28000020980835,5.28000020980835,5.28000020980835,5.28000020980835,0,0.0,0.0
2005-03-10 00:00:00-05:00,5.28000020980835,5.28000020980835,5.28000020980835,5.28000020980835,208,0.0,0.0
2005-03-11 00:00:00-05:00,5.28000020980835,5.28000020980835,5.28000020980835,5.28000020980835,0,0.0,0.0
2005-03-14 00:00:00-05:00,4.800000190734863,4.800000190734863,4.800000190734863,4.800000190734863,13,0.0,0.0
2005-03-15 00:00:00-05:00,4.800000190734863,4.800000190734863,4.800000190734863,4.800000190734863,0,0.0,0.0
2005-03-16 00:00:00-05:00,4.800000190734863,4.800000190734863,4.800000190734863,4.800000190734863,0,0.0,0.0
2005-03-17 00:00:00-05:00,4.800000190734863,4.800000190734863,4.800000190734863,4.800000190734863,0,0.0,0.0
2005-03-18 00:00:00-05:00,4.800000190734863,4.800000190734863,4.800000190734863,4.800000190734863,0,0.0,0.0
2005-03-21 00:00:00-05:00,4.800000190734863,4.800000190734863,3.8399999141693115,3.8399999141693115,729,0.0,0.0
2005-03-22 00:00:00-05:00,3.8399999141693115,3.8399999141693115,3.8399999141693115,3.8399999141693115,0,0.0,0.0
2005-03-23 00:00:00-05:00,3.8399999141693115,3.8399999141693115,3.8399999141693115,3.8399999141693115,417,0.0,0.0
2005-03-24 00:00:00-05:00,3.8399999141693115,3.8399999141693115,3.8399999141693115,3.8399999141693115,0,0.0,0.0
2005-03-28 00:00:00-05:00,3.359999895095825,3.359999895095825,3.359999895095825,3.359999895095825,510,0.0,0.0
2005-03-29 00:00:00-05:00,3.359999895095825,3.359999895095825,3.359999895095825,3.359999895095825,0,0.0,0.0
2005-03-30 00:00:00-05:00,3.359999895095825,3.359999895095825,3.359999895095825,3.359999895095825,0,0.0,0.0
2005-03-31 00:00:00-05:00,3.359999895095825,3.359999895095825,3.359999895095825,3.359999895095825,0,0.0,0.0
2005-04-01 00:00:00-05:00,3.8399999141693115,3.8399999141693115,3.8399999141693115,3.8399999141693115,300,0.0,0.0
2005-04-04 00:00:00-04:00,4.320000171661377,4.320000171661377,4.320000171661377,4.320000171661377,240,0.0,0.0
2005-04-05 00:00:00-04:00,4.320000171661377,4.320000171661377,4.320000171661377,4.320000171661377,0,0.0,0.0
2005-04-06 00:00:00-04:00,4.320000171661377,4.320000171661377,4.320000171661377,4.320000171661377,0,0.0,0.0
2005-04-07 00:00:00-04:00,4.320000171661377,4.320000171661377,4.320000171661377,4.320000171661377,0,0.0,0.0
2005-04-08 00:00:00-04:00,4.320000171661377,4.320000171661377,4.320000171661377,4.320000171661377,0,0.0,0.0
2005-04-11 00:00:00-04:00,3.359999895095825,3.359999895095825,3.359999895095825,3.359999895095825,146,0.0,0.0
2005-04-12 00:00:00-04:00,3.359999895095825,3.359999895095825,3.359999895095825,3.359999895095825,0,0.0,0.0
2005-04-13 00:00:00-04:00,3.359999895095825,3.359999895095825,3.359999895095825,3.359999895095825,0,0.0,0.0
2005-04-14 00:00:00-04:00,3.359999895095825,3.359999895095825,3.359999895095825,3.359999895095825,0,0.0,0.0
2005-04-15 00:00:00-04:00,3.359999895095825,3.359999895095825,3.359999895095825,3.359999895095825,0,0.0,0.0
2005-04-18 00:00:00-04:00,3.359999895095825,3.359999895095825,3.359999895095825,3.359999895095825,0,0.0,0.0
2005-04-19 00:00:00-04:00,3.359999895095825,3.359999895095825,3.359999895095825,3.359999895095825,0,0.0,0.0
2005-04-20 00:00:00-04:00,3.359999895095825,3.359999895095825,3.359999895095825,3.359999895095825,0,0.0,0.0
2005-04-21 00:00:00-04:00,3.359999895095825,3.359999895095825,3.359999895095825,3.359999895095825,0,0.0,0.0
2005-04-22 00:00:00-04:00,4.320000171661377,4.320000171661377,4.320000171661377,4.320000171661377,521,0.0,0.0
2005-04-25 00:00:00-04:00,4.320000171661377,4.320000171661377,4.320000171661377,4.320000171661377,0,0.0,0.0
2005-04-26 00:00:00-04:00,4.320000171661377,4.320000171661377,4.320000171661377,4.320000171661377,0,0.0,0.0
2005-04-27 00:00:00-04:00,4.320000171661377,4.320000171661377,4.320000171661377,4.320000171661377,313,0.0,0.0
2005-04-28 00:00:00-04:00,4.320000171661377,4.320000171661377,4.320000171661377,4.320000171661377,0,0.0,0.0
2005-04-29 00:00:00-04:00,4.320000171661377,4.320000171661377,4.320000171661377,4.320000171661377,0,0.0,0.0
2005-05-02 00:00:00-04:00,4.320000171661377,4.320000171661377,4.320000171661377,4.320000171661377,0,0.0,0.0
2005-05-03 00:00:00-04:00,4.320000171661377,4.320000171661377,4.320000171661377,4.320000171661377,0,0.0,0.0
2005-05-04 00:00:00-04:00,3.8399999141693115,3.8399999141693115,3.8399999141693115,3.8399999141693115,104,0.0,0.0
2005-05-05 00:00:00-04:00,4.079999923706055,4.079999923706055,3.119999885559082,3.8399999141693115,938,0.0,0.0
2005-05-06 00:00:00-04:00,3.8399999141693115,3.8399999141693115,3.4079999923706055,3.4079999923706055,348,0.0,0.0
2005-05-09 00:00:00-04:00,2.927999973297119,3.8399999141693115,2.687999963760376,3.8399999141693115,2933,0.0,0.0
2005-05-10 00:00:00-04:00,3.359999895095825,3.359999895095825,3.359999895095825,3.359999895095825,98,0.0,0.0
2005-05-11 00:00:00-04:00,3.359999895095825,4.320000171661377,3.359999895095825,4.320000171661377,181,0.0,0.0
2005-05-12 00:00:00-04:00,3.359999895095825,3.359999895095825,3.359999895095825,3.359999895095825,302,0.0,0.0
2005-05-13 00:00:00-04:00,3.359999895095825,3.359999895095825,3.359999895095825,3.359999895095825,1250,0.0,0.0
2005-05-16 00:00:00-04:00,3.359999895095825,3.359999895095825,3.359999895095825,3.359999895095825,0,0.0,0.0
2005-05-17 00:00:00-04:00,3.359999895095825,3.359999895095825,3.359999895095825,3.359999895095825,0,0.0,0.0
2005-05-18 00:00:00-04:00,3.359999895095825,3.359999895095825,3.359999895095825,3.359999895095825,42,0.0,0.0
2005-05-19 00:00:00-04:00,3.359999895095825,4.464000225067139,3.359999895095825,4.320000171661377,3338,0.0,0.0
2005-05-20 00:00:00-04:00,4.800000190734863,4.800000190734863,4.800000190734863,4.800000190734863,104,0.0,0.0
2005-05-23 00:00:00-04:00,4.800000190734863,4.800000190734863,4.800000190734863,4.800000190734863,133,0.0,0.0
2005-05-24 00:00:00-04:00,4.800000190734863,4.800000190734863,4.800000190734863,4.800000190734863,0,0.0,0.0
2005-05-25 00:00:00-04:00,4.800000190734863,4.800000190734863,4.800000190734863,4.800000190734863,208,0.0,0.0
2005-05-26 00:00:00-04:00,5.28000020980835,5.760000228881836,5.28000020980835,5.28000020980835,1308,0.0,0.0
2005-05-27 00:00:00-04:00,5.28000020980835,5.519999980926514,5.28000020980835,5.519999980926514,833,0.0,0.0
2005-05-31 00:00:00-04:00,5.567999839782715,5.567999839782715,5.28000020980835,5.28000020980835,2292,0.0,0.0
2005-06-01 00:00:00-04:00,5.28000020980835,5.28000020980835,5.28000020980835,5.28000020980835,0,0.0,0.0
2005-06-02 00:00:00-04:00,5.28000020980835,6.960000038146973,5.039999961853027,6.960000038146973,3260,0.0,0.0
2005-06-03 00:00:00-04:00,7.199999809265137,7.199999809265137,6.71999979019165,6.960000038146973,1250,0.0,0.0
2005-06-06 00:00:00-04:00,7.440000057220459,7.679999828338623,7.199999809265137,7.199999809265137,2188,0.0,0.0
2005-06-07 00:00:00-04:00,6.239999771118164,6.239999771118164,6.239999771118164,6.239999771118164,104,0.0,0.0
2005-06-08 00:00:00-04:00,6.239999771118164,6.239999771118164,6.239999771118164,6.239999771118164,0,0.0,0.0
2005-06-09 00:00:00-04:00,6.239999771118164,6.239999771118164,6.239999771118164,6.239999771118164,0,0.0,0.0
2005-06-10 00:00:00-04:00,6.239999771118164,7.199999809265137,6.239999771118164,7.199999809265137,500,0.0,0.0
2005-06-13 00:00:00-04:00,6.239999771118164,6.239999771118164,5.28000020980835,5.760000228881836,396,0.0,0.0
2005-06-14 00:00:00-04:00,5.760000228881836,5.760000228881836,5.760000228881836,5.760000228881836,96,0.0,0.0
2005-06-15 00:00:00-04:00,5.760000228881836,5.760000228881836,5.760000228881836,5.760000228881836,0,0.0,0.0
2005-06-16 00:00:00-04:00,5.28000020980835,5.519999980926514,5.28000020980835,5.519999980926514,308,0.0,0.0
2005-06-17 00:00:00-04:00,5.519999980926514,5.519999980926514,5.519999980926514,5.519999980926514,292,0.0,0.0
2005-06-20 00:00:00-04:00,5.519999980926514,5.519999980926514,5.519999980926514,5.519999980926514,0,0.0,0.0
2005-06-21 00:00:00-04:00,5.519999980926514,5.519999980926514,5.519999980926514,5.519999980926514,0,0.0,0.0
2005-06-22 00:00:00-04:00,5.760000228881836,5.760000228881836,5.519999980926514,5.760000228881836,848,0.0,0.0
2005-06-23 00:00:00-04:00,5.760000228881836,5.760000228881836,5.760000228881836,5.760000228881836,0,0.0,0.0
2005-06-24 00:00:00-04:00,5.760000228881836,5.760000228881836,5.760000228881836,5.760000228881836,0,0.0,0.0
2005-06-27 00:00:00-04:00,4.800000190734863,5.28000020980835,4.320000171661377,5.28000020980835,4125,0.0,0.0
2005-06-28 00:00:00-04:00,5.28000020980835,5.28000020980835,5.28000020980835,5.28000020980835,1771,0.0,0.0
2005-06-29 00:00:00-04:00,5.28000020980835,5.28000020980835,5.28000020980835,5.28000020980835,417,0.0,0.0
2005-06-30 00:00:00-04:00,5.28000020980835,5.28000020980835,5.28000020980835,5.28000020980835,0,0.0,0.0
2005-07-01 00:00:00-04:00,5.28000020980835,5.28000020980835,5.28000020980835,5.28000020980835,417,0.0,0.0
2005-07-05 00:00:00-04:00,5.28000020980835,5.28000020980835,5.28000020980835,5.28000020980835,104,0.0,0.0
2005-07-06 00:00:00-04:00,5.760000228881836,5.760000228881836,5.760000228881836,5.760000228881836,354,0.0,0.0
2005-07-07 00:00:00-04:00,5.760000228881836,5.760000228881836,5.760000228881836,5.760000228881836,0,0.0,0.0
2005-07-08 00:00:00-04:00,5.760000228881836,5.760000228881836,5.760000228881836,5.760000228881836,0,0.0,0.0
2005-07-11 00:00:00-04:00,6.0,6.0,5.519999980926514,5.760000228881836,1146,0.0,0.0
2005-07-12 00:00:00-04:00,5.519999980926514,5.519999980926514,5.28000020980835,5.519999980926514,833,0.0,0.0
2005-07-13 00:00:00-04:00,5.28000020980835,5.28000020980835,5.28000020980835,5.28000020980835,625,0.0,0.0
2005-07-14 00:00:00-04:00,5.28000020980835,5.28000020980835,5.28000020980835,5.28000020980835,0,0.0,0.0
2005-07-15 00:00:00-04:00,5.519999980926514,6.0,5.519999980926514,6.0,1833,0.0,0.0
2005-07-18 00:00:00-04:00,6.239999771118164,6.71999979019165,6.239999771118164,6.71999979019165,304,0.0,0.0
2005-07-19 00:00:00-04:00,6.71999979019165,9.600000381469727,6.71999979019165,9.119999885559082,3592,0.0,0.0
2005-07-20 00:00:00-04:00,9.600000381469727,9.600000381469727,6.239999771118164,6.71999979019165,2777,0.0,0.0
2005-07-21 00:00:00-04:00,8.15999984741211,8.97599983215332,8.15999984741211,8.640000343322754,321,0.0,0.0
2005-07-22 00:00:00-04:00,7.679999828338623,7.679999828338623,7.679999828338623,7.679999828338623,404,0.0,0.0
2005-07-25 00:00:00-04:00,7.679999828338623,7.679999828338623,7.679999828338623,7.679999828338623,104,0.0,0.0
2005-07-26 00:00:00-04:00,7.679999828338623,7.679999828338623,7.679999828338623,7.679999828338623,0,0.0,0.0
2005-07-27 00:00:00-04:00,7.199999809265137,7.199999809265137,7.199999809265137,7.199999809265137,42,0.0,0.0
2005-07-28 00:00:00-04:00,7.199999809265137,7.199999809265137,7.199999809265137,7.199999809265137,0,0.0,0.0
2005-07-29 00:00:00-04:00,7.199999809265137,7.199999809265137,7.199999809265137,7.199999809265137,833,0.0,0.0
2005-08-01 00:00:00-04:00,7.199999809265137,7.199999809265137,7.199999809265137,7.199999809265137,0,0.0,0.0
2005-08-02 00:00:00-04:00,6.239999771118164,6.239999771118164,6.0,6.0,229,0.0,0.0
2005-08-03 00:00:00-04:00,6.0,6.0,6.0,6.0,521,0.0,0.0
2005-08-04 00:00:00-04:00,6.0,6.0,6.0,6.0,0,0.0,0.0
2005-08-05 00:00:00-04:00,6.0,6.0,6.0,6.0,0,0.0,0.0
2005-08-08 00:00:00-04:00,6.0,6.0,6.0,6.0,0,0.0,0.0
2005-08-09 00:00:00-04:00,6.0,6.0,6.0,6.0,0,0.0,0.0
2005-08-10 00:00:00-04:00,6.0,6.0,6.0,6.0,208,0.0,0.0
2005-08-11 00:00:00-04:00,6.71999979019165,6.71999979019165,6.71999979019165,6.71999979019165,625,0.0,0.0
2005-08-12 00:00:00-04:00,7.199999809265137,8.640000343322754,7.199999809265137,7.199999809265137,1540,0.0,0.0
2005-08-15 00:00:00-04:00,7.679999828338623,7.679999828338623,7.199999809265137,7.199999809265137,567,0.0,0.0
2005-08-16 00:00:00-04:00,7.199999809265137,7.199999809265137,7.199999809265137,7.199999809265137,0,0.0,0.0
2005-08-17 00:00:00-04:00,7.199999809265137,7.199999809265137,6.71999979019165,6.71999979019165,417,0.0,0.0
2005-08-18 00:00:00-04:00,7.199999809265137,7.199999809265137,7.199999809265137,7.199999809265137,96,0.0,0.0
2005-08-19 00:00:00-04:00,7.199999809265137,7.199999809265137,7.199999809265137,7.199999809265137,0,0.0,0.0
2005-08-22 00:00:00-04:00,7.199999809265137,7.199999809265137,7.199999809265137,7.199999809265137,0,0.0,0.0
2005-08-23 00:00:00-04:00,6.239999771118164,6.239999771118164,6.239999771118164,6.239999771118164,208,0.0,0.0
2005-08-24 00:00:00-04:00,6.239999771118164,6.239999771118164,6.239999771118164,6.239999771118164,208,0.0,0.0
2005-08-25 00:00:00-04:00,6.239999771118164,6.239999771118164,6.239999771118164,6.239999771118164,208,0.0,0.0
2005-08-26 00:00:00-04:00,6.239999771118164,6.239999771118164,6.239999771118164,6.239999771118164,352,0.0,0.0
2005-08-29 00:00:00-04:00,5.760000228881836,5.760000228881836,5.760000228881836,5.760000228881836,417,0.0,0.0
2005-08-30 00:00:00-04:00,5.28000020980835,5.28000020980835,4.800000190734863,4.800000190734863,1127,0.0,0.0
2005-08-31 00:00:00-04:00,4.800000190734863,5.760000228881836,4.320000171661377,5.760000228881836,3375,0.0,0.0
2005-09-01 00:00:00-04:00,4.800000190734863,5.039999961853027,4.320000171661377,4.800000190734863,1219,0.0,0.0
2005-09-02 00:00:00-04:00,5.039999961853027,6.239999771118164,4.559999942779541,6.239999771118164,2896,0.0,0.0
2005-09-06 00:00:00-04:00,7.199999809265137,7.199999809265137,7.199999809265137,7.199999809265137,60,0.0,0.0
2005-09-07 00:00:00-04:00,7.199999809265137,9.119999885559082,7.199999809265137,7.679999828338623,4742,0.0,0.0
2005-09-08 00:00:00-04:00,7.679999828338623,7.679999828338623,7.679999828338623,7.679999828338623,625,0.0,0.0
2005-09-09 00:00:00-04:00,7.199999809265137,7.679999828338623,6.71999979019165,7.679999828338623,3381,0.0,0.0
2005-09-12 00:00:00-04:00,7.440000057220459,7.440000057220459,7.440000057220459,7.440000057220459,177,0.0,0.0
2005-09-13 00:00:00-04:00,7.440000057220459,7.440000057220459,7.440000057220459,7.440000057220459,0,0.0,0.0
2005-09-14 00:00:00-04:00,7.679999828338623,7.679999828338623,6.71999979019165,6.71999979019165,1608,0.0,0.0
2005-09-15 00:00:00-04:00,6.71999979019165,7.199999809265137,6.71999979019165,6.71999979019165,648,0.0,0.0
2005-09-16 00:00:00-04:00,6.71999979019165,6.71999979019165,6.71999979019165,6.71999979019165,0,0.0,0.0
2005-09-19 00:00:00-04:00,6.71999979019165,6.71999979019165,6.239999771118164,6.239999771118164,1867,0.0,0.0
2005-09-20 00:00:00-04:00,6.239999771118164,6.239999771118164,6.239999771118164,6.239999771118164,0,0.0,0.0
2005-09-21 00:00:00-04:00,6.239999771118164,6.239999771118164,6.239999771118164,6.239999771118164,0,0.0,0.0
2005-09-22 00:00:00-04:00,6.239999771118164,6.239999771118164,6.239999771118164,6.239999771118164,0,0.0,0.0
2005-09-23 00:00:00-04:00,7.199999809265137,7.199999809265137,7.199999809265137,7.199999809265137,1981,0.0,0.0
2005-09-26 00:00:00-04:00,7.679999828338623,7.679999828338623,6.71999979019165,6.71999979019165,496,0.0,0.0
2005-09-27 00:00:00-04:00,6.71999979019165,6.71999979019165,6.71999979019165,6.71999979019165,4,0.0,0.0
2005-09-28 00:00:00-04:00,6.71999979019165,6.71999979019165,6.71999979019165,6.71999979019165,0,0.0,0.0
2005-09-29 00:00:00-04:00,6.71999979019165,6.71999979019165,6.71999979019165,6.71999979019165,79,0.0,0.0
2005-09-30 00:00:00-04:00,6.71999979019165,6.71999979019165,6.71999979019165,6.71999979019165,0,0.0,0.0
2005-10-03 00:00:00-04:00,6.71999979019165,6.71999979019165,6.71999979019165,6.71999979019165,0,0.0,0.0
2005-10-04 00:00:00-04:00,6.71999979019165,6.71999979019165,6.71999979019165,6.71999979019165,0,0.0,0.0
2005-10-05 00:00:00-04:00,6.71999979019165,6.71999979019165,6.71999979019165,6.71999979019165,56,0.0,0.0
2005-10-06 00:00:00-04:00,8.15999984741211,8.15999984741211,8.15999984741211,8.15999984741211,313,0.0,0.0
2005-10-07 00:00:00-04:00,8.15999984741211,8.15999984741211,8.15999984741211,8.15999984741211,0,0.0,0.0
2005-10-10 00:00:00-04:00,5.760000228881836,6.239999771118164,5.760000228881836,6.239999771118164,125,0.0,0.0
2005-10-11 00:00:00-04:00,6.239999771118164,6.239999771118164,6.239999771118164,6.239999771118164,0,0.0,0.0
2005-10-12 00:00:00-04:00,6.239999771118164,6.239999771118164,6.239999771118164,6.239999771118164,0,0.0,0.0
2005-10-13 00:00:00-04:00,6.239999771118164,6.239999771118164,6.239999771118164,6.239999771118164,0,0.0,0.0
2005-10-14 00:00:00-04:00,6.239999771118164,6.239999771118164,6.239999771118164,6.239999771118164,0,0.0,0.0
2005-10-17 00:00:00-04:00,6.239999771118164,6.239999771118164,6.239999771118164,6.239999771118164,0,0.0,0.0
2005-10-18 00:00:00-04:00,7.679999828338623,7.679999828338623,7.679999828338623,7.679999828338623,375,0.0,0.0
2005-10-19 00:00:00-04:00,7.679999828338623,7.679999828338623,7.679999828338623,7.679999828338623,531,0.0,0.0
2005-10-20 00:00:00-04:00,7.679999828338623,7.679999828338623,7.679999828338623,7.679999828338623,250,0.0,0.0
2005-10-21 00:00:00-04:00,7.679999828338623,7.679999828338623,7.679999828338623,7.679999828338623,1656,0.0,0.0
2005-10-24 00:00:00-04:00,7.679999828338623,7.679999828338623,7.679999828338623,7.679999828338623,0,0.0,0.0
2005-10-25 00:00:00-04:00,7.679999828338623,7.679999828338623,7.679999828338623,7.679999828338623,0,0.0,0.0
2005-10-26 00:00:00-04:00,7.679999828338623,7.679999828338623,7.679999828338623,7.679999828338623,0,0.0,0.0
2005-10-27 00:00:00-04:00,7.679999828338623,7.679999828338623,7.679999828338623,7.679999828338623,0,0.0,0.0
2005-10-28 00:00:00-04:00,7.679999828338623,7.679999828338623,7.679999828338623,7.679999828338623,0,0.0,0.0
2005-10-31 00:00:00-05:00,6.71999979019165,7.199999809265137,6.71999979019165,7.199999809265137,35,0.0,0.0
2005-11-01 00:00:00-05:00,7.199999809265137,7.199999809265137,7.199999809265137,7.199999809265137,0,0.0,0.0
2005-11-02 00:00:00-05:00,7.199999809265137,7.199999809265137,7.199999809265137,7.199999809265137,573,0.0,0.0
2005-11-03 00:00:00-05:00,7.199999809265137,7.199999809265137,7.199999809265137,7.199999809265137,4,0.0,0.0
2005-11-04 00:00:00-05:00,7.679999828338623,8.064000129699707,7.679999828338623,8.064000129699707,385,0.0,0.0
2005-11-07 00:00:00-05:00,8.064000129699707,8.064000129699707,8.064000129699707,8.064000129699707,0,0.0,0.0
2005-11-08 00:00:00-05:00,8.064000129699707,8.064000129699707,7.679999828338623,7.679999828338623,83,0.0,0.0
2005-11-09 00:00:00-05:00,7.679999828338623,7.679999828338623,7.199999809265137,7.199999809265137,1246,0.0,0.0
2005-11-10 00:00:00-05:00,5.760000228881836,5.760000228881836,5.760000228881836,5.760000228881836,208,0.0,0.0
2005-11-11 00:00:00-05:00,5.760000228881836,5.760000228881836,5.760000228881836,5.760000228881836,1010,0.0,0.0
2005-11-14 00:00:00-05:00,6.239999771118164,6.239999771118164,6.239999771118164,6.239999771118164,417,0.0,0.0
2005-11-15 00:00:00-05:00,6.239999771118164,6.239999771118164,6.239999771118164,6.239999771118164,158,0.0,0.0
2005-11-16 00:00:00-05:00,6.239999771118164,6.239999771118164,6.239999771118164,6.239999771118164,0,0.0,0.0
2005-11-17 00:00:00-05:00,6.239999771118164,6.239999771118164,6.239999771118164,6.239999771118164,0,0.0,0.0
2005-11-18 00:00:00-05:00,6.239999771118164,6.239999771118164,6.239999771118164,6.239999771118164,0,0.0,0.0
2005-11-21 00:00:00-05:00,6.239999771118164,6.239999771118164,6.239999771118164,6.239999771118164,208,0.0,0.0
2005-11-22 00:00:00-05:00,6.239999771118164,6.239999771118164,6.239999771118164,6.239999771118164,127,0.0,0.0
2005-11-23 00:00:00-05:00,5.760000228881836,5.760000228881836,5.760000228881836,5.760000228881836,63,0.0,0.0
2005-11-25 00:00:00-05:00,5.760000228881836,5.760000228881836,5.760000228881836,5.760000228881836,0,0.0,0.0
2005-11-28 00:00:00-05:00,5.760000228881836,5.760000228881836,5.760000228881836,5.760000228881836,0,0.0,0.0
2005-11-29 00:00:00-05:00,6.239999771118164,6.239999771118164,6.239999771118164,6.239999771118164,146,0.0,0.0
2005-11-30 00:00:00-05:00,6.239999771118164,6.239999771118164,6.239999771118164,6.239999771118164,0,0.0,0.0
2005-12-01 00:00:00-05:00,6.239999771118164,6.239999771118164,6.239999771118164,6.239999771118164,0,0.0,0.0
2005-12-02 00:00:00-05:00,6.239999771118164,6.239999771118164,6.239999771118164,6.239999771118164,833,0.0,0.0
2005-12-05 00:00:00-05:00,6.239999771118164,6.239999771118164,6.239999771118164,6.239999771118164,0,0.0,0.0
2005-12-06 00:00:00-05:00,6.239999771118164,6.239999771118164,6.239999771118164,6.239999771118164,0,0.0,0.0
2005-12-07 00:00:00-05:00,6.0,6.0,6.0,6.0,42,0.0,0.0
2005-12-08 00:00:00-05:00,6.0,6.0,6.0,6.0,0,0.0,0.0
2005-12-09 00:00:00-05:00,5.760000228881836,5.760000228881836,4.800000190734863,4.800000190734863,2542,0.0,0.0
2005-12-12 00:00:00-05:00,4.800000190734863,4.800000190734863,4.800000190734863,4.800000190734863,0,0.0,0.0
2005-12-13 00:00:00-05:00,4.800000190734863,4.800000190734863,4.800000190734863,4.800000190734863,208,0.0,0.0
2005-12-14 00:00:00-05:00,4.800000190734863,4.800000190734863,4.800000190734863,4.800000190734863,104,0.0,0.0
2005-12-15 00:00:00-05:00,5.519999980926514,6.239999771118164,5.519999980926514,6.239999771118164,792,0.0,0.0
2005-12-16 00:00:00-05:00,6.71999979019165,9.119999885559082,6.71999979019165,8.640000343322754,1617,0.0,0.0
2005-12-19 00:00:00-05:00,8.15999984741211,8.15999984741211,7.343999862670898,7.343999862670898,356,0.0,0.0
2005-12-20 00:00:00-05:00,7.343999862670898,8.640000343322754,6.239999771118164,6.288000106811523,1752,0.0,0.0
2005-12-21 00:00:00-05:00,6.239999771118164,6.239999771118164,5.760000228881836,6.239999771118164,729,0.0,0.0
2005-12-22 00:00:00-05:00,6.239999771118164,6.239999771118164,6.239999771118164,6.239999771118164,333,0.0,0.0
2005-12-23 00:00:00-05:00,6.239999771118164,6.239999771118164,5.760000228881836,6.239999771118164,938,0.0,0.0
2005-12-27 00:00:00-05:00,5.760000228881836,6.239999771118164,5.760000228881836,6.239999771118164,854,0.0,0.0
2005-12-28 00:00:00-05:00,5.760000228881836,6.239999771118164,5.616000175476074,5.760000228881836,1281,0.0,0.0
2005-12-29 00:00:00-05:00,5.28000020980835,7.199999809265137,5.28000020980835,7.199999809265137,104,0.0,0.0
2005-12-30 00:00:00-05:00,5.28000020980835,5.28000020980835,5.28000020980835,5.28000020980835,229,0.0,0.0
2006-01-03 00:00:00-05:00,5.28000020980835,5.28000020980835,5.28000020980835,5.28000020980835,0,0.0,0.0
2006-01-04 00:00:00-05:00,5.28000020980835,5.28000020980835,5.28000020980835,5.28000020980835,0,0.0,0.0
2006-01-05 00:00:00-05:00,5.28000020980835,5.28000020980835,5.28000020980835,5.28000020980835,0,0.0,0.0
2006-01-06 00:00:00-05:00,5.519999980926514,5.760000228881836,5.28000020980835,5.760000228881836,523,0.0,0.0
2006-01-09 00:00:00-05:00,5.760000228881836,6.239999771118164,5.28000020980835,5.28000020980835,1452,0.0,0.0
2006-01-10 00:00:00-05:00,5.760000228881836,6.239999771118164,5.28000020980835,5.760000228881836,3646,0.0,0.0
2006-01-11 00:00:00-05:00,5.760000228881836,5.760000228881836,5.760000228881836,5.760000228881836,108,0.0,0.0
2006-01-12 00:00:00-05:00,5.760000228881836,5.760000228881836,5.760000228881836,5.760000228881836,0,0.0,0.0
2006-01-13 00:00:00-05:00,5.760000228881836,5.760000228881836,5.760000228881836,5.760000228881836,1488,0.0,0.0
2006-01-17 00:00:00-05:00,5.760000228881836,6.0,5.760000228881836,6.0,279,0.0,0.0
2006-01-18 00:00:00-05:00,6.0,6.0,6.0,6.0,0,0.0,0.0
2006-01-19 00:00:00-05:00,7.199999809265137,8.640000343322754,7.199999809265137,7.679999828338623,2458,0.0,0.0
2006-01-20 00:00:00-05:00,7.679999828338623,8.15999984741211,7.679999828338623,7.823999881744385,2792,0.0,0.0
2006-01-23 00:00:00-05:00,8.640000343322754,9.119999885559082,8.640000343322754,8.640000343322754,2315,0.0,0.0
2006-01-24 00:00:00-05:00,9.119999885559082,9.119999885559082,8.15999984741211,9.119999885559082,1210,0.0,0.0
2006-01-25 00:00:00-05:00,8.15999984741211,10.079999923706055,8.15999984741211,10.079999923706055,2563,0.0,0.0
2006-01-26 00:00:00-05:00,11.039999961853027,11.039999961853027,8.640000343322754,9.600000381469727,1304,0.0,0.0
2006-01-27 00:00:00-05:00,9.119999885559082,10.5600004196167,9.119999885559082,10.079999923706055,2083,0.0,0.0
2006-01-30 00:00:00-05:00,9.600000381469727,11.039999961853027,9.600000381469727,10.319999694824219,1633,0.0,0.0
2006-01-31 00:00:00-05:00,10.319999694824219,11.039999961853027,9.600000381469727,10.319999694824219,1456,0.0,0.0
2006-02-01 00:00:00-05:00,10.319999694824219,10.5600004196167,10.319999694824219,10.5600004196167,640,0.0,0.0
2006-02-02 00:00:00-05:00,10.5600004196167,10.5600004196167,10.5600004196167,10.5600004196167,313,0.0,0.0
2006-02-03 00:00:00-05:00,11.520000457763672,11.520000457763672,11.520000457763672,11.520000457763672,208,0.0,0.0
2006-02-06 00:00:00-05:00,10.5600004196167,11.520000457763672,10.5600004196167,11.520000457763672,354,0.0,0.0
2006-02-07 00:00:00-05:00,11.039999961853027,11.039999961853027,10.5600004196167,10.5600004196167,813,0.0,0.0
2006-02-08 00:00:00-05:00,10.5600004196167,10.607999801635742,9.600000381469727,9.600000381469727,6827,0.0,0.0
2006-02-09 00:00:00-05:00,9.600000381469727,10.079999923706055,9.119999885559082,10.079999923706055,1083,0.0,0.0
2006-02-10 00:00:00-05:00,11.520000457763672,11.520000457763672,9.600000381469727,9.600000381469727,1338,0.0,0.0
2006-02-13 00:00:00-05:00,9.600000381469727,9.600000381469727,9.600000381469727,9.600000381469727,79,0.0,0.0
2006-02-14 00:00:00-05:00,9.600000381469727,9.600000381469727,9.600000381469727,9.600000381469727,0,0.0,0.0
2006-02-15 00:00:00-05:00,10.5600004196167,10.5600004196167,10.5600004196167,10.5600004196167,63,0.0,0.0
2006-02-16 00:00:00-05:00,9.600000381469727,9.600000381469727,9.600000381469727,9.600000381469727,42,0.0,0.0
2006-02-17 00:00:00-05:00,9.600000381469727,10.5600004196167,9.600000381469727,10.5600004196167,125,0.0,0.0
2006-02-21 00:00:00-05:00,10.5600004196167,12.0,10.5600004196167,12.0,4219,0.0,0.0
2006-02-22 00:00:00-05:00,12.479999542236328,12.479999542236328,11.039999961853027,11.039999961853027,350,0.0,0.0
2006-02-23 00:00:00-05:00,12.0,12.0,12.0,12.0,48,0.0,0.0
2006-02-24 00:00:00-05:00,12.0,12.0,12.0,12.0,8,0.0,0.0
2006-02-27 00:00:00-05:00,11.039999961853027,11.039999961853027,11.039999961853027,11.039999961853027,156,0.0,0.0
2006-02-28 00:00:00-05:00,12.0,12.0,11.039999961853027,11.039999961853027,208,0.0,0.0
2006-03-01 00:00:00-05:00,12.0,12.0,12.0,12.0,521,0.0,0.0
2006-03-02 00:00:00-05:00,11.520000457763672,11.520000457763672,9.600000381469727,10.5600004196167,413,0.0,0.0
2006-03-03 00:00:00-05:00,10.5600004196167,10.5600004196167,10.5600004196167,10.5600004196167,104,0.0,0.0
2006-03-06 00:00:00-05:00,10.5600004196167,10.5600004196167,10.5600004196167,10.5600004196167,0,0.0,0.0
2006-03-07 00:00:00-05:00,10.079999923706055,11.039999961853027,10.079999923706055,11.039999961853027,160,0.0,0.0
2006-03-08 00:00:00-05:00,10.079999923706055,10.079999923706055,9.600000381469727,9.600000381469727,1667,0.0,0.0
2006-03-09 00:00:00-05:00,9.600000381469727,9.600000381469727,9.600000381469727,9.600000381469727,0,0.0,0.0
2006-03-10 00:00:00-05:00,9.119999885559082,9.119999885559082,9.119999885559082,9.119999885559082,625,0.0,0.0
2006-03-13 00:00:00-05:00,9.119999885559082,9.119999885559082,9.119999885559082,9.119999885559082,0,0.0,0.0
2006-03-14 00:00:00-05:00,9.119999885559082,9.119999885559082,9.119999885559082,9.119999885559082,0,0.0,0.0
2006-03-15 00:00:00-05:00,9.119999885559082,9.119999885559082,9.119999885559082,9.119999885559082,21,0.0,0.0
2006-03-16 00:00:00-05:00,9.119999885559082,9.119999885559082,9.119999885559082,9.119999885559082,6,0.0,0.0
2006-03-17 00:00:00-05:00,9.119999885559082,9.119999885559082,9.119999885559082,9.119999885559082,0,0.0,0.0
2006-03-20 00:00:00-05:00,9.119999885559082,9.119999885559082,9.119999885559082,9.119999885559082,2,0.0,0.0
2006-03-21 00:00:00-05:00,9.119999885559082,9.119999885559082,9.119999885559082,9.119999885559082,0,0.0,0.0
2006-03-22 00:00:00-05:00,8.15999984741211,8.15999984741211,8.15999984741211,8.15999984741211,104,0.0,0.0
2006-03-23 00:00:00-05:00,8.15999984741211,8.15999984741211,8.15999984741211,8.15999984741211,0,0.0,0.0
2006-03-24 00:00:00-05:00,8.15999984741211,8.15999984741211,8.15999984741211,8.15999984741211,0,0.0,0.0
2006-03-27 00:00:00-05:00,7.920000076293945,7.920000076293945,7.920000076293945,7.920000076293945,104,0.0,0.0
2006-03-28 00:00:00-05:00,7.920000076293945,7.920000076293945,7.920000076293945,7.920000076293945,0,0.0,0.0
2006-03-29 00:00:00-05:00,7.920000076293945,7.920000076293945,7.920000076293945,7.920000076293945,0,0.0,0.0
2006-03-30 00:00:00-05:00,7.920000076293945,7.920000076293945,7.920000076293945,7.920000076293945,0,0.0,0.0
2006-03-31 00:00:00-05:00,9.119999885559082,9.119999885559082,9.119999885559082,9.119999885559082,10,0.0,0.0
2006-04-03 00:00:00-04:00,8.640000343322754,9.600000381469727,8.640000343322754,9.600000381469727,573,0.0,0.0
2006-04-04 00:00:00-04:00,9.600000381469727,11.520000457763672,9.600000381469727,11.520000457763672,1573,0.0,0.0
2006-04-05 00:00:00-04:00,10.5600004196167,10.5600004196167,10.5600004196167,10.5600004196167,42,0.0,0.0
2006-04-06 00:00:00-04:00,10.5600004196167,10.5600004196167,10.5600004196167,10.5600004196167,67,0.0,0.0
2006-04-07 00:00:00-04:00,10.5600004196167,10.5600004196167,10.5600004196167,10.5600004196167,56,0.0,0.0
2006-04-10 00:00:00-04:00,11.520000457763672,11.520000457763672,9.84000015258789,9.84000015258789,1344,0.0,0.0
2006-04-11 00:00:00-04:00,10.5600004196167,10.5600004196167,9.84000015258789,9.84000015258789,565,0.0,0.0
2006-04-12 00:00:00-04:00,9.84000015258789,9.84000015258789,9.84000015258789,9.84000015258789,0,0.0,0.0
2006-04-13 00:00:00-04:00,9.84000015258789,9.84000015258789,9.84000015258789,9.84000015258789,0,0.0,0.0
2006-04-17 00:00:00-04:00,9.84000015258789,9.84000015258789,9.84000015258789,9.84000015258789,0,0.0,0.0
2006-04-18 00:00:00-04:00,10.5600004196167,10.5600004196167,10.5600004196167,10.5600004196167,188,0.0,0.0
2006-04-19 00:00:00-04:00,10.5600004196167,10.5600004196167,10.5600004196167,10.5600004196167,0,0.0,0.0
2006-04-20 00:00:00-04:00,10.5600004196167,10.5600004196167,10.5600004196167,10.5600004196167,0,0.0,0.0
2006-04-21 00:00:00-04:00,10.5600004196167,10.5600004196167,10.5600004196167,10.5600004196167,0,0.0,0.0
2006-04-24 00:00:00-04:00,10.5600004196167,10.5600004196167,10.5600004196167,10.5600004196167,0,0.0,0.0
2006-04-25 00:00:00-04:00,10.5600004196167,10.5600004196167,10.5600004196167,10.5600004196167,0,0.0,0.0
2006-04-26 00:00:00-04:00,8.15999984741211,8.15999984741211,6.71999979019165,7.199999809265137,1508,0.0,0.0
2006-04-27 00:00:00-04:00,7.679999828338623,7.679999828338623,6.239999771118164,7.199999809265137,2833,0.0,0.0
2006-04-28 00:00:00-04:00,7.199999809265137,7.199999809265137,5.760000228881836,6.480000019073486,4860,0.0,0.0
2006-05-01 00:00:00-04:00,7.199999809265137,11.520000457763672,7.199999809265137,11.520000457763672,1198,0.0,0.0
2006-05-02 00:00:00-04:00,11.520000457763672,11.520000457763672,11.520000457763672,11.520000457763672,0,0.0,0.0
2006-05-03 00:00:00-04:00,9.600000381469727,9.84000015258789,8.640000343322754,9.600000381469727,2208,0.0,0.0
2006-05-04 00:00:00-04:00,9.600000381469727,9.84000015258789,9.600000381469727,9.84000015258789,1094,0.0,0.0
2006-05-05 00:00:00-04:00,9.84000015258789,9.84000015258789,9.84000015258789,9.84000015258789,0,0.0,0.0
2006-05-08 00:00:00-04:00,8.640000343322754,8.880000114440918,8.640000343322754,8.640000343322754,808,0.0,0.0
2006-05-09 00:00:00-04:00,8.640000343322754,8.640000343322754,8.640000343322754,8.640000343322754,21,0.0,0.0
2006-05-10 00:00:00-04:00,8.640000343322754,10.079999923706055,8.640000343322754,10.079999923706055,594,0.0,0.0
2006-05-11 00:00:00-04:00,9.119999885559082,10.079999923706055,9.119999885559082,10.079999923706055,208,0.0,0.0
2006-05-12 00:00:00-04:00,9.359999656677246,9.359999656677246,9.359999656677246,9.359999656677246,544,0.0,0.0
2006-05-15 00:00:00-04:00,9.119999885559082,10.079999923706055,9.119999885559082,10.079999923706055,346,0.0,0.0
2006-05-16 00:00:00-04:00,9.119999885559082,9.119999885559082,9.119999885559082,9.119999885559082,250,0.0,0.0
2006-05-17 00:00:00-04:00,9.119999885559082,9.119999885559082,9.119999885559082,9.119999885559082,0,0.0,0.0
2006-05-18 00:00:00-04:00,8.640000343322754,8.640000343322754,8.640000343322754,8.640000343322754,104,0.0,0.0
2006-05-19 00:00:00-04:00,8.640000343322754,8.880000114440918,8.640000343322754,8.640000343322754,563,0.0,0.0
2006-05-22 00:00:00-04:00,8.640000343322754,8.640000343322754,8.640000343322754,8.640000343322754,0,0.0,0.0
2006-05-23 00:00:00-04:00,8.640000343322754,8.640000343322754,8.640000343322754,8.640000343322754,0,0.0,0.0
2006-05-24 00:00:00-04:00,8.640000343322754,8.640000343322754,8.640000343322754,8.640000343322754,0,0.0,0.0
2006-05-25 00:00:00-04:00,7.679999828338623,8.640000343322754,7.679999828338623,8.640000343322754,823,0.0,0.0
2006-05-26 00:00:00-04:00,8.640000343322754,8.640000343322754,8.640000343322754,8.640000343322754,0,0.0,0.0
2006-05-30 00:00:00-04:00,8.640000343322754,8.640000343322754,8.640000343322754,8.640000343322754,0,0.0,0.0
2006-05-31 00:00:00-04:00,8.640000343322754,8.880000114440918,8.640000343322754,8.880000114440918,417,0.0,0.0
2006-06-01 00:00:00-04:00,9.119999885559082,9.119999885559082,9.119999885559082,9.119999885559082,73,0.0,0.0
2006-06-02 00:00:00-04:00,9.600000381469727,11.520000457763672,9.600000381469727,9.600000381469727,421,0.0,0.0
2006-06-05 00:00:00-04:00,9.600000381469727,9.600000381469727,9.600000381469727,9.600000381469727,94,0.0,0.0
2006-06-06 00:00:00-04:00,9.600000381469727,9.600000381469727,8.15999984741211,8.15999984741211,406,0.0,0.0
2006-06-07 00:00:00-04:00,8.15999984741211,8.15999984741211,8.15999984741211,8.15999984741211,104,0.0,0.0
2006-06-08 00:00:00-04:00,8.15999984741211,8.15999984741211,8.15999984741211,8.15999984741211,0,0.0,0.0
2006-06-09 00:00:00-04:00,9.600000381469727,9.600000381469727,8.15999984741211,8.15999984741211,417,0.0,0.0
2006-06-12 00:00:00-04:00,8.15999984741211,8.15999984741211,8.15999984741211,8.15999984741211,0,0.0,0.0
2006-06-13 00:00:00-04:00,7.920000076293945,7.920000076293945,6.71999979019165,6.71999979019165,894,0.0,0.0
2006-06-14 00:00:00-04:00,7.199999809265137,7.679999828338623,7.199999809265137,7.679999828338623,2500,0.0,0.0
2006-06-15 00:00:00-04:00,7.679999828338623,7.679999828338623,7.679999828338623,7.679999828338623,938,0.0,0.0
2006-06-16 00:00:00-04:00,7.679999828338623,7.679999828338623,7.679999828338623,7.679999828338623,0,0.0,0.0
2006-06-19 00:00:00-04:00,7.679999828338623,7.679999828338623,7.679999828338623,7.679999828338623,0,0.0,0.0
2006-06-20 00:00:00-04:00,7.920000076293945,7.920000076293945,7.920000076293945,7.920000076293945,208,0.0,0.0
2006-06-21 00:00:00-04:00,8.15999984741211,8.15999984741211,7.920000076293945,8.15999984741211,527,0.0,0.0
2006-06-22 00:00:00-04:00,8.15999984741211,8.15999984741211,8.15999984741211,8.15999984741211,104,0.0,0.0
2006-06-23 00:00:00-04:00,7.679999828338623,8.15999984741211,7.679999828338623,8.15999984741211,1348,0.0,0.0
2006-06-26 00:00:00-04:00,8.15999984741211,8.15999984741211,7.679999828338623,8.15999984741211,879,0.0,0.0
2006-06-27 00:00:00-04:00,8.15999984741211,8.15999984741211,8.064000129699707,8.15999984741211,760,0.0,0.0
2006-06-28 00:00:00-04:00,8.15999984741211,8.15999984741211,8.15999984741211,8.15999984741211,469,0.0,0.0
2006-06-29 00:00:00-04:00,8.15999984741211,8.15999984741211,8.15999984741211,8.15999984741211,0,0.0,0.0
2006-06-30 00:00:00-04:00,8.15999984741211,8.15999984741211,8.15999984741211,8.15999984741211,0,0.0,0.0
2006-07-03 00:00:00-04:00,8.15999984741211,8.15999984741211,8.15999984741211,8.15999984741211,104,0.0,0.0
2006-07-05 00:00:00-04:00,8.15999984741211,8.15999984741211,8.15999984741211,8.15999984741211,0,0.0,0.0
2006-07-06 00:00:00-04:00,8.15999984741211,8.15999984741211,8.15999984741211,8.15999984741211,0,0.0,0.0
2006-07-07 00:00:00-04:00,9.600000381469727,12.960000038146973,9.600000381469727,12.0,2342,0.0,0.0
2006-07-10 00:00:00-04:00,12.239999771118164,12.479999542236328,11.039999961853027,11.039999961853027,427,0.0,0.0
2006-07-11 00:00:00-04:00,11.039999961853027,11.039999961853027,11.039999961853027,11.039999961853027,100,0.0,0.0
2006-07-12 00:00:00-04:00,11.039999961853027,11.039999961853027,11.039999961853027,11.039999961853027,0,0.0,0.0
2006-07-13 00:00:00-04:00,10.079999923706055,10.079999923706055,9.600000381469727,9.600000381469727,604,0.0,0.0
2006-07-14 00:00:00-04:00,9.600000381469727,9.600000381469727,9.600000381469727,9.600000381469727,146,0.0,0.0
2006-07-17 00:00:00-04:00,9.600000381469727,9.600000381469727,9.600000381469727,9.600000381469727,0,0.0,0.0
2006-07-18 00:00:00-04:00,8.399999618530273,8.399999618530273,8.399999618530273,8.399999618530273,4,0.0,0.0
2006-07-19 00:00:00-04:00,8.399999618530273,8.399999618530273,8.399999618530273,8.399999618530273,0,0.0,0.0
2006-07-20 00:00:00-04:00,8.399999618530273,8.399999618530273,8.399999618530273,8.399999618530273,0,0.0,0.0
2006-07-21 00:00:00-04:00,8.399999618530273,8.399999618530273,8.399999618530273,8.399999618530273,0,0.0,0.0
2006-07-24 00:00:00-04:00,12.0,12.0,9.600000381469727,9.600000381469727,213,0.0,0.0
2006-07-25 00:00:00-04:00,9.600000381469727,9.600000381469727,9.600000381469727,9.600000381469727,292,0.0,0.0
2006-07-26 00:00:00-04:00,11.520000457763672,12.479999542236328,11.520000457763672,12.479999542236328,1996,0.0,0.0
2006-07-27 00:00:00-04:00,12.0,12.0,11.039999961853027,11.039999961853027,417,0.0,0.0
2006-07-28 00:00:00-04:00,11.520000457763672,11.520000457763672,11.520000457763672,11.520000457763672,167,0.0,0.0
2006-07-31 00:00:00-04:00,12.0,12.0,12.0,12.0,75,0.0,0.0
2006-08-01 00:00:00-04:00,12.0,12.0,12.0,12.0,0,0.0,0.0
2006-08-02 00:00:00-04:00,12.0,12.0,10.5600004196167,10.5600004196167,756,0.0,0.0
2006-08-03 00:00:00-04:00,10.5600004196167,10.5600004196167,10.5600004196167,10.5600004196167,313,0.0,0.0
2006-08-04 00:00:00-04:00,10.5600004196167,10.5600004196167,10.5600004196167,10.5600004196167,0,0.0,0.0
2006-08-07 00:00:00-04:00,10.5600004196167,10.5600004196167,10.5600004196167,10.5600004196167,0,0.0,0.0
2006-08-08 00:00:00-04:00,10.5600004196167,10.5600004196167,10.5600004196167,10.5600004196167,0,0.0,0.0
2006-08-09 00:00:00-04:00,12.0,12.0,11.039999961853027,11.039999961853027,302,0.0,0.0
2006-08-10 00:00:00-04:00,11.039999961853027,12.0,11.039999961853027,11.520000457763672,1235,0.0,0.0
2006-08-11 00:00:00-04:00,12.0,12.0,11.039999961853027,11.760000228881836,2423,0.0,0.0
2006-08-14 00:00:00-04:00,11.520000457763672,11.520000457763672,10.5600004196167,10.5600004196167,317,0.0,0.0
2006-08-15 00:00:00-04:00,12.0,12.0,12.0,12.0,208,0.0,0.0
2006-08-16 00:00:00-04:00,12.0,12.0,10.079999923706055,10.079999923706055,2458,0.0,0.0
2006-08-17 00:00:00-04:00,10.079999923706055,10.079999923706055,9.359999656677246,9.600000381469727,3542,0.0,0.0
2006-08-18 00:00:00-04:00,9.600000381469727,9.600000381469727,9.600000381469727,9.600000381469727,333,0.0,0.0
2006-08-21 00:00:00-04:00,9.600000381469727,9.600000381469727,9.600000381469727,9.600000381469727,313,0.0,0.0
2006-08-22 00:00:00-04:00,9.119999885559082,12.0,9.119999885559082,12.0,1946,0.0,0.0
2006-08-23 00:00:00-04:00,12.0,12.0,10.800000190734863,10.800000190734863,63,0.0,0.0
2006-08-24 00:00:00-04:00,12.0,12.0,12.0,12.0,1029,0.0,0.0
2006-08-25 00:00:00-04:00,12.0,14.399999618530273,12.0,12.0,2146,0.0,0.0
2006-08-28 00:00:00-04:00,12.479999542236328,12.479999542236328,12.479999542236328,12.479999542236328,48,0.0,0.0
2006-08-29 00:00:00-04:00,13.199999809265137,13.920000076293945,12.960000038146973,13.920000076293945,3069,0.0,0.0
2006-08-30 00:00:00-04:00,14.399999618530273,14.399999618530273,13.920000076293945,13.920000076293945,85,0.0,0.0
2006-08-31 00:00:00-04:00,13.920000076293945,13.920000076293945,12.0,12.0,6229,0.0,0.0
2006-09-01 00:00:00-04:00,12.0,12.0,12.0,12.0,0,0.0,0.0
2006-09-05 00:00:00-04:00,12.0,12.0,12.0,12.0,0,0.0,0.0
2006-09-06 00:00:00-04:00,12.0,12.0,12.0,12.0,1563,0.0,0.0
2006-09-07 00:00:00-04:00,11.039999961853027,11.039999961853027,11.039999961853027,11.039999961853027,271,0.0,0.0
2006-09-08 00:00:00-04:00,12.0,12.0,12.0,12.0,833,0.0,0.0
2006-09-11 00:00:00-04:00,12.0,12.0,12.0,12.0,2802,0.0,0.0
2006-09-12 00:00:00-04:00,11.039999961853027,11.039999961853027,8.15999984741211,9.600000381469727,3242,0.0,0.0
2006-09-13 00:00:00-04:00,9.600000381469727,9.600000381469727,9.359999656677246,9.600000381469727,1146,0.0,0.0
2006-09-14 00:00:00-04:00,9.119999885559082,9.600000381469727,9.119999885559082,9.600000381469727,1000,0.0,0.0
2006-09-15 00:00:00-04:00,11.520000457763672,12.479999542236328,11.279999732971191,12.0,7406,0.0,0.0
2006-09-18 00:00:00-04:00,11.520000457763672,12.0,11.520000457763672,11.520000457763672,1342,0.0,0.0
2006-09-19 00:00:00-04:00,11.520000457763672,12.0,11.520000457763672,11.663999557495117,2813,0.0,0.0
2006-09-20 00:00:00-04:00,11.663999557495117,11.663999557495117,11.663999557495117,11.663999557495117,0,0.0,0.0
2006-09-21 00:00:00-04:00,11.520000457763672,11.520000457763672,11.520000457763672,11.520000457763672,42,0.0,0.0
2006-09-22 00:00:00-04:00,9.600000381469727,9.84000015258789,9.359999656677246,9.600000381469727,3479,0.0,0.0
2006-09-25 00:00:00-04:00,9.600000381469727,9.600000381469727,9.600000381469727,9.600000381469727,1458,0.0,0.0
2006-09-26 00:00:00-04:00,9.600000381469727,9.600000381469727,9.600000381469727,9.600000381469727,0,0.0,0.0
2006-09-27 00:00:00-04:00,9.600000381469727,9.600000381469727,9.600000381469727,9.600000381469727,0,0.0,0.0
2006-09-28 00:00:00-04:00,11.039999961853027,11.039999961853027,11.039999961853027,11.039999961853027,50,0.0,0.0
2006-09-29 00:00:00-04:00,11.520000457763672,11.520000457763672,11.520000457763672,11.520000457763672,104,0.0,0.0
2006-10-02 00:00:00-04:00,11.520000457763672,11.520000457763672,11.520000457763672,11.520000457763672,0,0.0,0.0
2006-10-03 00:00:00-04:00,11.520000457763672,11.520000457763672,11.039999961853027,11.039999961853027,667,0.0,0.0
2006-10-04 00:00:00-04:00,11.520000457763672,12.0,10.5600004196167,10.5600004196167,2604,0.0,0.0
2006-10-05 00:00:00-04:00,11.039999961853027,11.039999961853027,11.039999961853027,11.039999961853027,1119,0.0,0.0
2006-10-06 00:00:00-04:00,13.4399995803833,14.399999618530273,12.479999542236328,13.4399995803833,2677,0.0,0.0
2006-10-09 00:00:00-04:00,12.0,12.0,10.5600004196167,10.5600004196167,635,0.0,0.0
2006-10-10 00:00:00-04:00,10.079999923706055,12.0,9.600000381469727,9.600000381469727,2896,0.0,0.0
2006-10-11 00:00:00-04:00,9.600000381469727,9.600000381469727,9.600000381469727,9.600000381469727,0,0.0,0.0
2006-10-12 00:00:00-04:00,9.600000381469727,11.039999961853027,9.600000381469727,10.5600004196167,1354,0.0,0.0
2006-10-13 00:00:00-04:00,10.5600004196167,10.5600004196167,10.5600004196167,10.5600004196167,104,0.0,0.0
2006-10-16 00:00:00-04:00,10.5600004196167,10.5600004196167,9.600000381469727,10.079999923706055,1079,0.0,0.0
2006-10-17 00:00:00-04:00,9.119999885559082,9.600000381469727,8.640000343322754,9.119999885559082,1975,0.0,0.0
2006-10-18 00:00:00-04:00,9.119999885559082,9.119999885559082,9.119999885559082,9.119999885559082,229,0.0,0.0
2006-10-19 00:00:00-04:00,8.640000343322754,10.079999923706055,8.640000343322754,10.079999923706055,1663,0.0,0.0
2006-10-20 00:00:00-04:00,9.119999885559082,9.600000381469727,9.119999885559082,9.600000381469727,1042,0.0,0.0
2006-10-23 00:00:00-04:00,9.119999885559082,9.119999885559082,5.760000228881836,5.760000228881836,5248,0.0,0.0
2006-10-24 00:00:00-04:00,6.71999979019165,6.71999979019165,5.519999980926514,5.760000228881836,2502,0.0,0.0
2006-10-25 00:00:00-04:00,5.760000228881836,6.0,5.760000228881836,6.0,1042,0.0,0.0
2006-10-26 00:00:00-04:00,5.760000228881836,6.0,5.28000020980835,6.0,1044,0.0,0.0
2006-10-27 00:00:00-04:00,5.039999961853027,5.039999961853027,4.320000171661377,4.320000171661377,1581,0.0,0.0
2006-10-30 00:00:00-05:00,4.800000190734863,4.800000190734863,4.800000190734863,4.800000190734863,48,0.0,0.0
2006-10-31 00:00:00-05:00,4.559999942779541,4.800000190734863,4.559999942779541,4.559999942779541,417,0.0,0.0
2006-11-01 00:00:00-05:00,4.559999942779541,4.559999942779541,3.8399999141693115,3.8399999141693115,1625,0.0,0.0
2006-11-02 00:00:00-05:00,3.8399999141693115,3.8399999141693115,3.8399999141693115,3.8399999141693115,0,0.0,0.0
2006-11-03 00:00:00-05:00,3.8399999141693115,4.320000171661377,3.8399999141693115,4.320000171661377,1069,0.0,0.0
2006-11-06 00:00:00-05:00,4.079999923706055,4.079999923706055,4.079999923706055,4.079999923706055,27,0.0,0.0
2006-11-07 00:00:00-05:00,4.320000171661377,4.320000171661377,4.079999923706055,4.320000171661377,546,0.0,0.0
2006-11-08 00:00:00-05:00,4.559999942779541,4.559999942779541,4.559999942779541,4.559999942779541,292,0.0,0.0
2006-11-09 00:00:00-05:00,4.559999942779541,4.559999942779541,4.464000225067139,4.464000225067139,435,0.0,0.0
2006-11-10 00:00:00-05:00,4.800000190734863,4.800000190734863,4.320000171661377,4.320000171661377,896,0.0,0.0
2006-11-13 00:00:00-05:00,4.800000190734863,4.800000190734863,4.800000190734863,4.800000190734863,313,0.0,0.0
2006-11-14 00:00:00-05:00,3.8399999141693115,5.039999961853027,3.8399999141693115,5.039999961853027,731,0.0,0.0
2006-11-15 00:00:00-05:00,5.039999961853027,5.039999961853027,5.039999961853027,5.039999961853027,0,0.0,0.0
2006-11-16 00:00:00-05:00,5.039999961853027,5.039999961853027,5.039999961853027,5.039999961853027,0,0.0,0.0
2006-11-17 00:00:00-05:00,5.039999961853027,5.039999961853027,5.039999961853027,5.039999961853027,0,0.0,0.0
2006-11-20 00:00:00-05:00,5.039999961853027,5.039999961853027,5.039999961853027,5.039999961853027,0,0.0,0.0
2006-11-21 00:00:00-05:00,5.039999961853027,5.519999980926514,5.039999961853027,5.519999980926514,719,0.0,0.0
2006-11-22 00:00:00-05:00,5.519999980926514,5.519999980926514,5.519999980926514,5.519999980926514,0,0.0,0.0
2006-11-24 00:00:00-05:00,5.519999980926514,5.519999980926514,5.519999980926514,5.519999980926514,0,0.0,0.0
2006-11-27 00:00:00-05:00,4.320000171661377,4.320000171661377,4.320000171661377,4.320000171661377,208,0.0,0.0
2006-11-28 00:00:00-05:00,5.519999980926514,5.519999980926514,5.28000020980835,5.519999980926514,521,0.0,0.0
2006-11-29 00:00:00-05:00,5.519999980926514,5.519999980926514,5.28000020980835,5.28000020980835,567,0.0,0.0
2006-11-30 00:00:00-05:00,5.760000228881836,5.760000228881836,5.760000228881836,5.760000228881836,863,0.0,0.0
2006-12-01 00:00:00-05:00,5.28000020980835,5.28000020980835,5.28000020980835,5.28000020980835,208,0.0,0.0
2006-12-04 00:00:00-05:00,5.28000020980835,5.28000020980835,4.800000190734863,5.28000020980835,625,0.0,0.0
2006-12-05 00:00:00-05:00,6.0960001945495605,6.239999771118164,6.0960001945495605,6.239999771118164,292,0.0,0.0
2006-12-06 00:00:00-05:00,6.239999771118164,6.239999771118164,6.239999771118164,6.239999771118164,0,0.0,0.0
2006-12-07 00:00:00-05:00,6.239999771118164,6.239999771118164,6.239999771118164,6.239999771118164,208,0.0,0.0
2006-12-08 00:00:00-05:00,6.239999771118164,7.199999809265137,5.760000228881836,7.199999809265137,1104,0.0,0.0
2006-12-11 00:00:00-05:00,6.71999979019165,8.15999984741211,5.760000228881836,7.679999828338623,531,0.0,0.0
2006-12-12 00:00:00-05:00,6.71999979019165,6.960000038146973,6.239999771118164,6.239999771118164,623,0.0,0.0
2006-12-13 00:00:00-05:00,6.239999771118164,6.239999771118164,6.239999771118164,6.239999771118164,750,0.0,0.0
2006-12-14 00:00:00-05:00,5.760000228881836,5.760000228881836,5.760000228881836,5.760000228881836,346,0.0,0.0
2006-12-15 00:00:00-05:00,5.760000228881836,5.760000228881836,5.760000228881836,5.760000228881836,4,0.0,0.0
2006-12-18 00:00:00-05:00,5.760000228881836,5.760000228881836,5.760000228881836,5.760000228881836,521,0.0,0.0
2006-12-19 00:00:00-05:00,5.28000020980835,5.760000228881836,5.28000020980835,5.760000228881836,592,0.0,0.0
2006-12-20 00:00:00-05:00,5.760000228881836,5.760000228881836,5.519999980926514,5.519999980926514,208,0.0,0.0
2006-12-21 00:00:00-05:00,5.519999980926514,5.519999980926514,5.519999980926514,5.519999980926514,0,0.0,0.0
2006-12-22 00:00:00-05:00,6.239999771118164,6.71999979019165,6.144000053405762,6.71999979019165,1531,0.0,0.0
2006-12-26 00:00:00-05:00,7.056000232696533,7.679999828338623,6.71999979019165,6.71999979019165,550,0.0,0.0
2006-12-27 00:00:00-05:00,7.199999809265137,7.679999828338623,7.199999809265137,7.679999828338623,442,0.0,0.0
2006-12-28 00:00:00-05:00,8.640000343322754,11.039999961853027,8.640000343322754,11.039999961853027,1806,0.0,0.0
2006-12-29 00:00:00-05:00,9.600000381469727,9.600000381469727,7.199999809265137,7.679999828338623,625,0.0,0.0
2007-01-03 00:00:00-05:00,9.119999885559082,9.119999885559082,9.119999885559082,9.119999885559082,375,0.0,0.0
2007-01-04 00:00:00-05:00,9.600000381469727,9.600000381469727,9.600000381469727,9.600000381469727,63,0.0,0.0
2007-01-05 00:00:00-05:00,9.600000381469727,9.600000381469727,9.600000381469727,9.600000381469727,104,0.0,0.0
2007-01-08 00:00:00-05:00,9.600000381469727,9.600000381469727,9.600000381469727,9.600000381469727,104,0.0,0.0
2007-01-09 00:00:00-05:00,9.600000381469727,11.520000457763672,9.600000381469727,10.079999923706055,2996,0.0,0.0
2007-01-10 00:00:00-05:00,10.5600004196167,11.039999961853027,10.5600004196167,11.039999961853027,523,0.0,0.0
2007-01-11 00:00:00-05:00,11.520000457763672,15.359999656677246,11.520000457763672,12.0,3246,0.0,0.0
2007-01-12 00:00:00-05:00,12.479999542236328,13.4399995803833,12.479999542236328,13.4399995803833,833,0.0,0.0
2007-01-16 00:00:00-05:00,12.239999771118164,12.479999542236328,11.039999961853027,11.039999961853027,1208,0.0,0.0
2007-01-17 00:00:00-05:00,10.5600004196167,10.5600004196167,10.5600004196167,10.5600004196167,667,0.0,0.0
2007-01-18 00:00:00-05:00,10.5600004196167,10.5600004196167,10.5600004196167,10.5600004196167,0,0.0,0.0
2007-01-19 00:00:00-05:00,10.5600004196167,10.5600004196167,10.5600004196167,10.5600004196167,0,0.0,0.0
2007-01-22 00:00:00-05:00,9.84000015258789,9.84000015258789,9.600000381469727,9.600000381469727,502,0.0,0.0
2007-01-23 00:00:00-05:00,9.600000381469727,9.600000381469727,9.600000381469727,9.600000381469727,0,0.0,0.0
2007-01-24 00:00:00-05:00,8.640000343322754,8.640000343322754,8.15999984741211,8.15999984741211,358,0.0,0.0
2007-01-25 00:00:00-05:00,8.15999984741211,8.15999984741211,8.15999984741211,8.15999984741211,0,0.0,0.0
2007-01-26 00:00:00-05:00,8.15999984741211,8.15999984741211,8.15999984741211,8.15999984741211,0,0.0,0.0
2007-01-29 00:00:00-05:00,8.640000343322754,8.640000343322754,8.640000343322754,8.640000343322754,419,0.0,0.0
2007-01-30 00:00:00-05:00,9.600000381469727,9.600000381469727,9.600000381469727,9.600000381469727,42,0.0,0.0
2007-01-31 00:00:00-05:00,10.5600004196167,10.5600004196167,9.600000381469727,9.600000381469727,88,0.0,0.0
2007-02-01 00:00:00-05:00,8.15999984741211,8.15999984741211,8.15999984741211,8.15999984741211,104,0.0,0.0
2007-02-02 00:00:00-05:00,9.600000381469727,9.600000381469727,9.600000381469727,9.600000381469727,252,0.0,0.0
2007-02-05 00:00:00-05:00,9.600000381469727,9.600000381469727,9.600000381469727,9.600000381469727,0,0.0,0.0
2007-02-06 00:00:00-05:00,9.600000381469727,9.600000381469727,9.600000381469727,9.600000381469727,313,0.0,0.0
2007-02-07 00:00:00-05:00,9.600000381469727,9.600000381469727,9.600000381469727,9.600000381469727,208,0.0,0.0
2007-02-08 00:00:00-05:00,9.600000381469727,9.600000381469727,9.600000381469727,9.600000381469727,208,0.0,0.0
2007-02-09 00:00:00-05:00,9.600000381469727,9.600000381469727,9.600000381469727,9.600000381469727,42,0.0,0.0
2007-02-12 00:00:00-05:00,9.600000381469727,12.0,9.600000381469727,12.0,1354,0.0,0.0
2007-02-13 00:00:00-05:00,12.0,12.0,12.0,12.0,0,0.0,0.0
2007-02-14 00:00:00-05:00,12.0,12.0,12.0,12.0,0,0.0,0.0
2007-02-15 00:00:00-05:00,12.0,12.0,10.079999923706055,10.079999923706055,123,0.0,0.0
2007-02-16 00:00:00-05:00,11.520000457763672,11.520000457763672,11.520000457763672,11.520000457763672,31,0.0,0.0
2007-02-20 00:00:00-05:00,11.520000457763672,11.520000457763672,9.600000381469727,9.600000381469727,115,0.0,0.0
2007-02-21 00:00:00-05:00,9.600000381469727,9.600000381469727,9.600000381469727,9.600000381469727,0,0.0,0.0
2007-02-22 00:00:00-05:00,10.079999923706055,10.079999923706055,8.15999984741211,8.15999984741211,2829,0.0,0.0
2007-02-23 00:00:00-05:00,8.15999984741211,8.15999984741211,8.15999984741211,8.15999984741211,0,0.0,0.0
2007-02-26 00:00:00-05:00,8.15999984741211,8.15999984741211,8.15999984741211,8.15999984741211,0,0.0,0.0
2007-02-27 00:00:00-05:00,8.15999984741211,8.15999984741211,8.15999984741211,8.15999984741211,0,0.0,0.0
2007-02-28 00:00:00-05:00,8.15999984741211,8.15999984741211,8.15999984741211,8.15999984741211,0,0.0,0.0
2007-03-01 00:00:00-05:00,8.15999984741211,8.15999984741211,8.15999984741211,8.15999984741211,0,0.0,0.0
2007-03-02 00:00:00-05:00,10.079999923706055,10.079999923706055,10.031999588012695,10.031999588012695,717,0.0,0.0
2007-03-05 00:00:00-05:00,10.031999588012695,10.031999588012695,10.031999588012695,10.031999588012695,0,0.0,0.0
2007-03-06 00:00:00-05:00,8.15999984741211,10.031999588012695,8.15999984741211,8.15999984741211,115,0.0,0.0
2007-03-07 00:00:00-05:00,8.15999984741211,8.15999984741211,8.15999984741211,8.15999984741211,0,0.0,0.0
2007-03-08 00:00:00-05:00,8.15999984741211,8.15999984741211,8.15999984741211,8.15999984741211,0,0.0,0.0
2007-03-09 00:00:00-05:00,8.15999984741211,8.15999984741211,8.15999984741211,8.15999984741211,0,0.0,0.0
2007-03-12 00:00:00-04:00,8.15999984741211,8.15999984741211,8.15999984741211,8.15999984741211,0,0.0,0.0
2007-03-13 00:00:00-04:00,8.15999984741211,8.15999984741211,8.15999984741211,8.15999984741211,0,0.0,0.0
2007-03-14 00:00:00-04:00,8.15999984741211,8.15999984741211,8.15999984741211,8.15999984741211,0,0.0,0.0
2007-03-15 00:00:00-04:00,10.079999923706055,12.0,9.600000381469727,9.600000381469727,729,0.0,0.0
2007-03-16 00:00:00-04:00,9.600000381469727,9.600000381469727,9.600000381469727,9.600000381469727,0,0.0,0.0
2007-03-19 00:00:00-04:00,9.119999885559082,9.119999885559082,9.119999885559082,9.119999885559082,10,0.0,0.0
2007-03-20 00:00:00-04:00,9.119999885559082,9.119999885559082,9.119999885559082,9.119999885559082,0,0.0,0.0
2007-03-21 00:00:00-04:00,9.600000381469727,9.600000381469727,9.600000381469727,9.600000381469727,104,0.0,0.0
2007-03-22 00:00:00-04:00,9.600000381469727,9.600000381469727,9.600000381469727,9.600000381469727,0,0.0,0.0
2007-03-23 00:00:00-04:00,9.600000381469727,11.520000457763672,9.600000381469727,11.520000457763672,750,0.0,0.0
2007-03-26 00:00:00-04:00,10.5600004196167,10.5600004196167,10.5600004196167,10.5600004196167,104,0.0,0.0
2007-03-27 00:00:00-04:00,9.600000381469727,9.600000381469727,9.600000381469727,9.600000381469727,21,0.0,0.0
2007-03-28 00:00:00-04:00,11.039999961853027,11.039999961853027,9.600000381469727,9.600000381469727,1354,0.0,0.0
2007-03-29 00:00:00-04:00,9.600000381469727,9.600000381469727,9.600000381469727,9.600000381469727,208,0.0,0.0
2007-03-30 00:00:00-04:00,9.600000381469727,9.600000381469727,9.600000381469727,9.600000381469727,0,0.0,0.0
2007-04-02 00:00:00-04:00,10.079999923706055,12.0,10.079999923706055,11.039999961853027,354,0.0,0.0
2007-04-03 00:00:00-04:00,11.520000457763672,11.520000457763672,11.039999961853027,11.039999961853027,2750,0.0,0.0
2007-04-04 00:00:00-04:00,10.5600004196167,10.5600004196167,10.5600004196167,10.5600004196167,1042,0.0,0.0
2007-04-05 00:00:00-04:00,10.5600004196167,11.520000457763672,10.5600004196167,11.520000457763672,1250,0.0,0.0
2007-04-09 00:00:00-04:00,11.520000457763672,11.520000457763672,9.600000381469727,9.600000381469727,2579,0.0,0.0
2007-04-10 00:00:00-04:00,10.5600004196167,10.5600004196167,9.84000015258789,10.5600004196167,1938,0.0,0.0
2007-04-11 00:00:00-04:00,10.5600004196167,11.520000457763672,10.5600004196167,11.039999961853027,2123,0.0,0.0
2007-04-12 00:00:00-04:00,10.5600004196167,11.520000457763672,10.5600004196167,11.520000457763672,2990,0.0,0.0
2007-04-13 00:00:00-04:00,12.479999542236328,12.479999542236328,11.039999961853027,12.0,7429,0.0,0.0
2007-04-16 00:00:00-04:00,12.0,12.0,12.0,12.0,10,0.0,0.0
2007-04-17 00:00:00-04:00,12.0,12.0,12.0,12.0,21,0.0,0.0
2007-04-18 00:00:00-04:00,12.0,12.0,11.039999961853027,12.0,406,0.0,0.0
2007-04-19 00:00:00-04:00,12.0,12.0,12.0,12.0,1519,0.0,0.0
2007-04-20 00:00:00-04:00,12.0,12.0,12.0,12.0,369,0.0,0.0
2007-04-23 00:00:00-04:00,12.0,12.0,11.520000457763672,11.520000457763672,967,0.0,0.0
2007-04-24 00:00:00-04:00,11.039999961853027,11.039999961853027,9.600000381469727,10.079999923706055,1396,0.0,0.0
2007-04-25 00:00:00-04:00,10.5600004196167,10.5600004196167,10.5600004196167,10.5600004196167,21,0.0,0.0
2007-04-26 00:00:00-04:00,10.5600004196167,10.5600004196167,10.079999923706055,10.079999923706055,240,0.0,0.0
2007-04-27 00:00:00-04:00,10.079999923706055,11.039999961853027,10.079999923706055,11.039999961853027,438,0.0,0.0
2007-04-30 00:00:00-04:00,9.600000381469727,10.079999923706055,5.760000228881836,5.760000228881836,7896,0.0,0.0
2007-05-01 00:00:00-04:00,7.199999809265137,7.199999809265137,5.855999946594238,5.855999946594238,1502,0.0,0.0
2007-05-02 00:00:00-04:00,5.855999946594238,5.855999946594238,5.28000020980835,5.28000020980835,4594,0.0,0.0
2007-05-03 00:00:00-04:00,5.28000020980835,5.760000228881836,4.943999767303467,5.760000228881836,1273,0.0,0.0
2007-05-04 00:00:00-04:00,5.039999961853027,5.760000228881836,4.800000190734863,5.039999961853027,1008,0.0,0.0
2007-05-07 00:00:00-04:00,5.760000228881836,5.760000228881836,5.039999961853027,5.039999961853027,313,0.0,0.0
2007-05-08 00:00:00-04:00,5.760000228881836,6.71999979019165,5.760000228881836,6.71999979019165,1356,0.0,0.0
2007-05-09 00:00:00-04:00,6.71999979019165,6.71999979019165,6.71999979019165,6.71999979019165,92,0.0,0.0
2007-05-10 00:00:00-04:00,6.71999979019165,6.71999979019165,6.239999771118164,6.239999771118164,621,0.0,0.0
2007-05-11 00:00:00-04:00,6.239999771118164,6.239999771118164,6.239999771118164,6.239999771118164,0,0.0,0.0
2007-05-14 00:00:00-04:00,6.239999771118164,6.239999771118164,6.239999771118164,6.239999771118164,0,0.0,0.0
2007-05-15 00:00:00-04:00,6.239999771118164,6.239999771118164,6.239999771118164,6.239999771118164,0,0.0,0.0
2007-05-16 00:00:00-04:00,5.760000228881836,5.760000228881836,5.28000020980835,5.760000228881836,735,0.0,0.0
2007-05-17 00:00:00-04:00,4.943999767303467,5.28000020980835,4.559999942779541,4.800000190734863,631,0.0,0.0
2007-05-18 00:00:00-04:00,4.800000190734863,4.800000190734863,4.800000190734863,4.800000190734863,0,0.0,0.0
2007-05-21 00:00:00-04:00,5.28000020980835,5.28000020980835,4.800000190734863,4.800000190734863,733,0.0,0.0
2007-05-22 00:00:00-04:00,4.559999942779541,4.800000190734863,4.559999942779541,4.800000190734863,458,0.0,0.0
2007-05-23 00:00:00-04:00,4.800000190734863,5.28000020980835,4.800000190734863,5.28000020980835,25,0.0,0.0
2007-05-24 00:00:00-04:00,5.28000020980835,5.28000020980835,5.28000020980835,5.28000020980835,0,0.0,0.0
2007-05-25 00:00:00-04:00,5.28000020980835,5.28000020980835,5.28000020980835,5.28000020980835,0,0.0,0.0
2007-05-29 00:00:00-04:00,4.559999942779541,4.559999942779541,4.559999942779541,4.559999942779541,83,0.0,0.0
2007-05-30 00:00:00-04:00,4.559999942779541,4.800000190734863,4.559999942779541,4.800000190734863,208,0.0,0.0
2007-05-31 00:00:00-04:00,4.800000190734863,5.28000020980835,4.320000171661377,4.800000190734863,1104,0.0,0.0
2007-06-01 00:00:00-04:00,4.800000190734863,4.800000190734863,4.800000190734863,4.800000190734863,215,0.0,0.0
2007-06-04 00:00:00-04:00,4.800000190734863,4.800000190734863,4.800000190734863,4.800000190734863,0,0.0,0.0
2007-06-05 00:00:00-04:00,5.039999961853027,5.039999961853027,4.559999942779541,4.800000190734863,1146,0.0,0.0
2007-06-06 00:00:00-04:00,4.559999942779541,4.800000190734863,4.079999923706055,4.800000190734863,1642,0.0,0.0
2007-06-07 00:00:00-04:00,4.800000190734863,4.800000190734863,4.800000190734863,4.800000190734863,104,0.0,0.0
2007-06-08 00:00:00-04:00,4.800000190734863,4.800000190734863,4.800000190734863,4.800000190734863,0,0.0,0.0
2007-06-11 00:00:00-04:00,4.800000190734863,5.039999961853027,4.800000190734863,5.039999961853027,1563,0.0,0.0
2007-06-12 00:00:00-04:00,5.039999961853027,5.039999961853027,4.800000190734863,4.800000190734863,942,0.0,0.0
2007-06-13 00:00:00-04:00,4.800000190734863,4.800000190734863,4.800000190734863,4.800000190734863,104,0.0,0.0
2007-06-14 00:00:00-04:00,4.559999942779541,4.559999942779541,4.559999942779541,4.559999942779541,15,0.0,0.0
2007-06-15 00:00:00-04:00,4.559999942779541,4.559999942779541,4.559999942779541,4.559999942779541,0,0.0,0.0
2007-06-18 00:00:00-04:00,4.559999942779541,5.28000020980835,4.559999942779541,5.28000020980835,1406,0.0,0.0
2007-06-19 00:00:00-04:00,5.28000020980835,5.28000020980835,5.28000020980835,5.28000020980835,417,0.0,0.0
2007-06-20 00:00:00-04:00,5.039999961853027,5.039999961853027,4.800000190734863,4.800000190734863,958,0.0,0.0
2007-06-21 00:00:00-04:00,4.800000190734863,4.800000190734863,4.800000190734863,4.800000190734863,0,0.0,0.0
2007-06-22 00:00:00-04:00,4.800000190734863,4.800000190734863,4.800000190734863,4.800000190734863,83,0.0,0.0
2007-06-25 00:00:00-04:00,4.800000190734863,4.800000190734863,4.800000190734863,4.800000190734863,1667,0.0,0.0
2007-06-26 00:00:00-04:00,4.559999942779541,4.800000190734863,4.559999942779541,4.800000190734863,10,0.0,0.0
2007-06-27 00:00:00-04:00,4.800000190734863,4.800000190734863,4.800000190734863,4.800000190734863,0,0.0,0.0
2007-06-28 00:00:00-04:00,4.800000190734863,4.800000190734863,4.800000190734863,4.800000190734863,333,0.0,0.0
2007-06-29 00:00:00-04:00,4.800000190734863,5.039999961853027,4.800000190734863,4.800000190734863,2917,0.0,0.0
2007-07-02 00:00:00-04:00,4.800000190734863,4.800000190734863,4.800000190734863,4.800000190734863,0,0.0,0.0
2007-07-03 00:00:00-04:00,4.800000190734863,5.28000020980835,4.800000190734863,5.28000020980835,7996,0.0,0.0
2007-07-05 00:00:00-04:00,5.760000228881836,5.760000228881836,5.28000020980835,5.28000020980835,3206,0.0,0.0
2007-07-06 00:00:00-04:00,5.28000020980835,5.28000020980835,5.28000020980835,5.28000020980835,479,0.0,0.0
2007-07-09 00:00:00-04:00,5.28000020980835,5.28000020980835,5.28000020980835,5.28000020980835,0,0.0,0.0
2007-07-10 00:00:00-04:00,5.519999980926514,5.519999980926514,4.800000190734863,4.800000190734863,542,0.0,0.0
2007-07-11 00:00:00-04:00,4.800000190734863,4.800000190734863,4.800000190734863,4.800000190734863,208,0.0,0.0
2007-07-12 00:00:00-04:00,4.800000190734863,4.800000190734863,4.800000190734863,4.800000190734863,63,0.0,0.0
2007-07-13 00:00:00-04:00,4.800000190734863,4.800000190734863,4.800000190734863,4.800000190734863,154,0.0,0.0
2007-07-16 00:00:00-04:00,4.800000190734863,4.800000190734863,4.800000190734863,4.800000190734863,1375,0.0,0.0
2007-07-17 00:00:00-04:00,4.320000171661377,4.320000171661377,4.320000171661377,4.320000171661377,125,0.0,0.0
2007-07-18 00:00:00-04:00,4.800000190734863,4.800000190734863,4.800000190734863,4.800000190734863,208,0.0,0.0
2007-07-19 00:00:00-04:00,4.800000190734863,4.800000190734863,4.800000190734863,4.800000190734863,21,0.0,0.0
2007-07-20 00:00:00-04:00,4.320000171661377,4.800000190734863,4.320000171661377,4.800000190734863,146,0.0,0.0
2007-07-23 00:00:00-04:00,4.800000190734863,4.800000190734863,4.800000190734863,4.800000190734863,171,0.0,0.0
2007-07-24 00:00:00-04:00,4.320000171661377,4.320000171661377,4.079999923706055,4.320000171661377,1083,0.0,0.0
2007-07-25 00:00:00-04:00,4.800000190734863,4.800000190734863,4.800000190734863,4.800000190734863,13,0.0,0.0
2007-07-26 00:00:00-04:00,4.320000171661377,4.559999942779541,4.320000171661377,4.559999942779541,188,0.0,0.0
2007-07-27 00:00:00-04:00,4.559999942779541,4.559999942779541,4.559999942779541,4.559999942779541,0,0.0,0.0
2007-07-30 00:00:00-04:00,4.320000171661377,4.320000171661377,4.320000171661377,4.320000171661377,167,0.0,0.0
2007-07-31 00:00:00-04:00,4.320000171661377,4.320000171661377,4.320000171661377,4.320000171661377,21,0.0,0.0
2007-08-01 00:00:00-04:00,4.320000171661377,4.320000171661377,4.320000171661377,4.320000171661377,0,0.0,0.0
2007-08-02 00:00:00-04:00,4.320000171661377,4.320000171661377,4.320000171661377,4.320000171661377,0,0.0,0.0
2007-08-03 00:00:00-04:00,4.320000171661377,4.320000171661377,4.320000171661377,4.320000171661377,0,0.0,0.0
2007-08-06 00:00:00-04:00,4.320000171661377,4.320000171661377,4.320000171661377,4.320000171661377,333,0.0,0.0
2007-08-07 00:00:00-04:00,4.559999942779541,4.559999942779541,4.559999942779541,4.559999942779541,208,0.0,0.0
2007-08-08 00:00:00-04:00,4.559999942779541,4.559999942779541,4.559999942779541,4.559999942779541,0,0.0,0.0
2007-08-09 00:00:00-04:00,4.559999942779541,4.559999942779541,4.559999942779541,4.559999942779541,104,0.0,0.0
2007-08-10 00:00:00-04:00,4.800000190734863,4.800000190734863,4.800000190734863,4.800000190734863,313,0.0,0.0
2007-08-13 00:00:00-04:00,4.800000190734863,4.800000190734863,4.800000190734863,4.800000190734863,0,0.0,0.0
2007-08-14 00:00:00-04:00,4.800000190734863,4.800000190734863,4.800000190734863,4.800000190734863,0,0.0,0.0
2007-08-15 00:00:00-04:00,4.800000190734863,4.800000190734863,4.800000190734863,4.800000190734863,0,0.0,0.0
2007-08-16 00:00:00-04:00,4.800000190734863,4.800000190734863,4.800000190734863,4.800000190734863,0,0.0,0.0
2007-08-17 00:00:00-04:00,4.800000190734863,4.800000190734863,4.800000190734863,4.800000190734863,0,0.0,0.0
2007-08-20 00:00:00-04:00,4.800000190734863,4.800000190734863,4.800000190734863,4.800000190734863,0,0.0,0.0
2007-08-21 00:00:00-04:00,4.800000190734863,4.800000190734863,4.800000190734863,4.800000190734863,0,0.0,0.0
2007-08-22 00:00:00-04:00,4.800000190734863,4.800000190734863,4.800000190734863,4.800000190734863,0,0.0,0.0
2007-08-23 00:00:00-04:00,4.800000190734863,4.800000190734863,4.800000190734863,4.800000190734863,0,0.0,0.0
2007-08-24 00:00:00-04:00,4.800000190734863,4.800000190734863,4.800000190734863,4.800000190734863,0,0.0,0.0
2007-08-27 00:00:00-04:00,4.800000190734863,4.800000190734863,4.800000190734863,4.800000190734863,0,0.0,0.0
2007-08-28 00:00:00-04:00,4.800000190734863,4.800000190734863,4.800000190734863,4.800000190734863,208,0.0,0.0
2007-08-29 00:00:00-04:00,4.800000190734863,4.800000190734863,4.800000190734863,4.800000190734863,0,0.0,0.0
2007-08-30 00:00:00-04:00,4.800000190734863,4.800000190734863,4.079999923706055,4.079999923706055,771,0.0,0.0
2007-08-31 00:00:00-04:00,4.079999923706055,4.079999923706055,4.079999923706055,4.079999923706055,0,0.0,0.0
2007-09-04 00:00:00-04:00,4.079999923706055,4.079999923706055,4.079999923706055,4.079999923706055,0,0.0,0.0
2007-09-05 00:00:00-04:00,4.079999923706055,4.079999923706055,4.079999923706055,4.079999923706055,0,0.0,0.0
2007-09-06 00:00:00-04:00,4.079999923706055,4.079999923706055,4.079999923706055,4.079999923706055,0,0.0,0.0
2007-09-07 00:00:00-04:00,4.320000171661377,4.320000171661377,4.320000171661377,4.320000171661377,42,0.0,0.0
2007-09-10 00:00:00-04:00,4.320000171661377,4.320000171661377,4.320000171661377,4.320000171661377,0,0.0,0.0
2007-09-11 00:00:00-04:00,4.559999942779541,4.800000190734863,4.559999942779541,4.800000190734863,208,0.0,0.0
2007-09-12 00:00:00-04:00,4.800000190734863,4.800000190734863,4.800000190734863,4.800000190734863,0,0.0,0.0
2007-09-13 00:00:00-04:00,4.320000171661377,4.320000171661377,4.320000171661377,4.320000171661377,158,0.0,0.0
2007-09-14 00:00:00-04:00,4.320000171661377,4.320000171661377,4.320000171661377,4.320000171661377,0,0.0,0.0
2007-09-17 00:00:00-04:00,4.320000171661377,4.320000171661377,4.079999923706055,4.320000171661377,750,0.0,0.0
2007-09-18 00:00:00-04:00,4.320000171661377,4.320000171661377,4.320000171661377,4.320000171661377,0,0.0,0.0
2007-09-19 00:00:00-04:00,4.320000171661377,4.320000171661377,4.320000171661377,4.320000171661377,0,0.0,0.0
2007-09-20 00:00:00-04:00,4.800000190734863,4.800000190734863,4.800000190734863,4.800000190734863,252,0.0,0.0
2007-09-21 00:00:00-04:00,4.800000190734863,4.800000190734863,4.800000190734863,4.800000190734863,0,0.0,0.0
2007-09-24 00:00:00-04:00,4.320000171661377,4.320000171661377,4.320000171661377,4.320000171661377,104,0.0,0.0
2007-09-25 00:00:00-04:00,4.800000190734863,4.800000190734863,4.800000190734863,4.800000190734863,10,0.0,0.0
2007-09-26 00:00:00-04:00,4.800000190734863,4.800000190734863,4.800000190734863,4.800000190734863,0,0.0,0.0
2007-09-27 00:00:00-04:00,4.800000190734863,4.800000190734863,4.800000190734863,4.800000190734863,0,0.0,0.0
2007-09-28 00:00:00-04:00,4.320000171661377,4.320000171661377,4.320000171661377,4.320000171661377,500,0.0,0.0
2007-10-01 00:00:00-04:00,4.320000171661377,4.320000171661377,4.320000171661377,4.320000171661377,146,0.0,0.0
2007-10-02 00:00:00-04:00,4.320000171661377,4.320000171661377,4.320000171661377,4.320000171661377,0,0.0,0.0
2007-10-03 00:00:00-04:00,4.320000171661377,4.320000171661377,4.320000171661377,4.320000171661377,0,0.0,0.0
2007-10-04 00:00:00-04:00,4.320000171661377,4.320000171661377,4.320000171661377,4.320000171661377,563,0.0,0.0
2007-10-05 00:00:00-04:00,4.320000171661377,4.320000171661377,4.320000171661377,4.320000171661377,0,0.0,0.0
2007-10-08 00:00:00-04:00,4.320000171661377,4.320000171661377,4.320000171661377,4.320000171661377,0,0.0,0.0
2007-10-09 00:00:00-04:00,4.320000171661377,4.320000171661377,4.320000171661377,4.320000171661377,0,0.0,0.0
2007-10-10 00:00:00-04:00,4.320000171661377,4.320000171661377,4.320000171661377,4.320000171661377,0,0.0,0.0
2007-10-11 00:00:00-04:00,5.039999961853027,5.039999961853027,5.039999961853027,5.039999961853027,48,0.0,0.0
2007-10-12 00:00:00-04:00,5.039999961853027,5.039999961853027,5.039999961853027,5.039999961853027,0,0.0,0.0
2007-10-15 00:00:00-04:00,5.039999961853027,5.039999961853027,5.039999961853027,5.039999961853027,0,0.0,0.0
2007-10-16 00:00:00-04:00,4.320000171661377,4.320000171661377,4.320000171661377,4.320000171661377,104,0.0,0.0
2007-10-17 00:00:00-04:00,4.320000171661377,4.320000171661377,4.320000171661377,4.320000171661377,52,0.0,0.0
2007-10-18 00:00:00-04:00,4.320000171661377,4.320000171661377,4.320000171661377,4.320000171661377,0,0.0,0.0
2007-10-19 00:00:00-04:00,4.320000171661377,4.320000171661377,4.320000171661377,4.320000171661377,0,0.0,0.0
2007-10-22 00:00:00-04:00,4.320000171661377,4.320000171661377,4.320000171661377,4.320000171661377,0,0.0,0.0
2007-10-23 00:00:00-04:00,4.320000171661377,4.320000171661377,4.320000171661377,4.320000171661377,0,0.0,0.0
2007-10-24 00:00:00-04:00,4.320000171661377,4.320000171661377,4.320000171661377,4.320000171661377,0,0.0,0.0
2007-10-25 00:00:00-04:00,4.320000171661377,4.320000171661377,4.320000171661377,4.320000171661377,0,0.0,0.0
2007-10-26 00:00:00-04:00,4.320000171661377,4.800000190734863,4.320000171661377,4.320000171661377,1806,0.0,0.0
2007-10-29 00:00:00-04:00,4.320000171661377,4.320000171661377,4.320000171661377,4.320000171661377,0,0.0,0.0
2007-10-30 00:00:00-04:00,4.320000171661377,4.320000171661377,4.320000171661377,4.320000171661377,0,0.0,0.0
2007-10-31 00:00:00-04:00,4.320000171661377,4.320000171661377,4.320000171661377,4.320000171661377,0,0.0,0.0
2007-11-01 00:00:00-04:00,4.079999923706055,4.079999923706055,4.079999923706055,4.079999923706055,152,0.0,0.0
2007-11-02 00:00:00-04:00,4.079999923706055,4.800000190734863,4.079999923706055,4.800000190734863,1071,0.0,0.0
2007-11-05 00:00:00-05:00,4.320000171661377,4.320000171661377,4.320000171661377,4.320000171661377,208,0.0,0.0
2007-11-06 00:00:00-05:00,4.079999923706055,4.079999923706055,3.8399999141693115,3.8399999141693115,2365,0.0,0.0
2007-11-07 00:00:00-05:00,3.8399999141693115,3.8399999141693115,3.8399999141693115,3.8399999141693115,0,0.0,0.0
2007-11-08 00:00:00-05:00,3.8399999141693115,3.8399999141693115,3.8399999141693115,3.8399999141693115,0,0.0,0.0
2007-11-09 00:00:00-05:00,3.8399999141693115,3.8399999141693115,3.8399999141693115,3.8399999141693115,125,0.0,0.0
2007-11-12 00:00:00-05:00,3.8399999141693115,3.8399999141693115,3.8399999141693115,3.8399999141693115,0,0.0,0.0
2007-11-13 00:00:00-05:00,4.320000171661377,4.320000171661377,4.320000171661377,4.320000171661377,69,0.0,0.0
2007-11-14 00:00:00-05:00,3.5999999046325684,3.5999999046325684,3.5999999046325684,3.5999999046325684,2,0.0,0.0
2007-11-15 00:00:00-05:00,3.5999999046325684,3.5999999046325684,3.5999999046325684,3.5999999046325684,0,0.0,0.0
2007-11-16 00:00:00-05:00,3.5999999046325684,3.5999999046325684,3.5999999046325684,3.5999999046325684,0,0.0,0.0
2007-11-19 00:00:00-05:00,3.5999999046325684,3.5999999046325684,2.880000114440918,3.359999895095825,1688,0.0,0.0
2007-11-20 00:00:00-05:00,3.359999895095825,3.359999895095825,3.359999895095825,3.359999895095825,6,0.0,0.0
2007-11-21 00:00:00-05:00,3.8399999141693115,3.8399999141693115,3.8399999141693115,3.8399999141693115,323,0.0,0.0
2007-11-23 00:00:00-05:00,3.8399999141693115,3.8399999141693115,3.8399999141693115,3.8399999141693115,0,0.0,0.0
2007-11-26 00:00:00-05:00,3.8399999141693115,3.8399999141693115,3.8399999141693115,3.8399999141693115,0,0.0,0.0
2007-11-27 00:00:00-05:00,3.8399999141693115,3.8399999141693115,3.8399999141693115,3.8399999141693115,0,0.0,0.0
2007-11-28 00:00:00-05:00,3.359999895095825,3.359999895095825,2.4000000953674316,2.880000114440918,2750,0.0,0.0
2007-11-29 00:00:00-05:00,2.880000114440918,2.880000114440918,2.880000114440918,2.880000114440918,0,0.0,0.0
2007-11-30 00:00:00-05:00,2.880000114440918,2.880000114440918,2.880000114440918,2.880000114440918,0,0.0,0.0
2007-12-03 00:00:00-05:00,2.880000114440918,2.880000114440918,2.880000114440918,2.880000114440918,0,0.0,0.0
2007-12-04 00:00:00-05:00,3.119999885559082,3.119999885559082,2.880000114440918,2.880000114440918,448,0.0,0.0
2007-12-05 00:00:00-05:00,2.880000114440918,2.880000114440918,2.880000114440918,2.880000114440918,0,0.0,0.0
2007-12-06 00:00:00-05:00,2.880000114440918,2.880000114440918,2.880000114440918,2.880000114440918,0,0.0,0.0
2007-12-07 00:00:00-05:00,3.5999999046325684,3.5999999046325684,3.5999999046325684,3.5999999046325684,48,0.0,0.0
2007-12-10 00:00:00-05:00,3.5999999046325684,3.5999999046325684,3.5999999046325684,3.5999999046325684,73,0.0,0.0
2007-12-11 00:00:00-05:00,3.5999999046325684,3.5999999046325684,1.9199999570846558,3.119999885559082,592,0.0,0.0
2007-12-12 00:00:00-05:00,2.4000000953674316,2.640000104904175,1.9199999570846558,2.640000104904175,938,0.0,0.0
2007-12-13 00:00:00-05:00,2.640000104904175,2.880000114440918,2.640000104904175,2.880000114440918,417,0.0,0.0
2007-12-14 00:00:00-05:00,2.880000114440918,2.880000114440918,2.640000104904175,2.640000104904175,688,0.0,0.0
2007-12-17 00:00:00-05:00,2.880000114440918,2.880000114440918,2.880000114440918,2.880000114440918,104,0.0,0.0
2007-12-18 00:00:00-05:00,2.880000114440918,2.880000114440918,2.880000114440918,2.880000114440918,0,0.0,0.0
2007-12-19 00:00:00-05:00,2.640000104904175,2.640000104904175,2.640000104904175,2.640000104904175,108,0.0,0.0
2007-12-20 00:00:00-05:00,2.640000104904175,2.640000104904175,1.9199999570846558,2.1600000858306885,4892,0.0,0.0
2007-12-21 00:00:00-05:00,2.1600000858306885,2.1600000858306885,2.1600000858306885,2.1600000858306885,0,0.0,0.0
2007-12-24 00:00:00-05:00,2.4000000953674316,2.4000000953674316,2.4000000953674316,2.4000000953674316,1381,0.0,0.0
2007-12-26 00:00:00-05:00,2.4000000953674316,2.640000104904175,2.4000000953674316,2.640000104904175,765,0.0,0.0
2007-12-27 00:00:00-05:00,2.640000104904175,2.640000104904175,2.640000104904175,2.640000104904175,21,0.0,0.0
2007-12-28 00:00:00-05:00,3.359999895095825,3.8399999141693115,3.359999895095825,3.8399999141693115,235,0.0,0.0
2007-12-31 00:00:00-05:00,2.880000114440918,4.800000190734863,2.880000114440918,4.800000190734863,556,0.0,0.0
2008-01-02 00:00:00-05:00,4.800000190734863,4.800000190734863,4.800000190734863,4.800000190734863,104,0.0,0.0
2008-01-03 00:00:00-05:00,4.800000190734863,5.28000020980835,4.800000190734863,5.039999961853027,1265,0.0,0.0
2008-01-04 00:00:00-05:00,5.28000020980835,5.28000020980835,5.28000020980835,5.28000020980835,629,0.0,0.0
2008-01-07 00:00:00-05:00,5.28000020980835,5.28000020980835,5.28000020980835,5.28000020980835,0,0.0,0.0
2008-01-08 00:00:00-05:00,5.760000228881836,5.760000228881836,5.616000175476074,5.760000228881836,1488,0.0,0.0
2008-01-09 00:00:00-05:00,6.239999771118164,6.71999979019165,6.239999771118164,6.71999979019165,542,0.0,0.0
2008-01-10 00:00:00-05:00,6.71999979019165,6.71999979019165,6.71999979019165,6.71999979019165,29,0.0,0.0
2008-01-11 00:00:00-05:00,6.71999979019165,6.71999979019165,6.71999979019165,6.71999979019165,0,0.0,0.0
2008-01-14 00:00:00-05:00,6.71999979019165,6.960000038146973,6.71999979019165,6.960000038146973,1375,0.0,0.0
2008-01-15 00:00:00-05:00,6.239999771118164,6.239999771118164,6.239999771118164,6.239999771118164,354,0.0,0.0
2008-01-16 00:00:00-05:00,6.239999771118164,6.383999824523926,5.760000228881836,6.383999824523926,635,0.0,0.0
2008-01-17 00:00:00-05:00,6.383999824523926,6.383999824523926,6.383999824523926,6.383999824523926,0,0.0,0.0
2008-01-18 00:00:00-05:00,6.383999824523926,6.383999824523926,6.383999824523926,6.383999824523926,0,0.0,0.0
2008-01-22 00:00:00-05:00,6.383999824523926,6.383999824523926,6.383999824523926,6.383999824523926,0,0.0,0.0
2008-01-23 00:00:00-05:00,6.383999824523926,6.383999824523926,6.383999824523926,6.383999824523926,0,0.0,0.0
2008-01-24 00:00:00-05:00,6.383999824523926,6.383999824523926,6.383999824523926,6.383999824523926,0,0.0,0.0
2008-01-25 00:00:00-05:00,6.383999824523926,6.383999824523926,6.383999824523926,6.383999824523926,0,0.0,0.0
2008-01-28 00:00:00-05:00,6.239999771118164,6.239999771118164,6.239999771118164,6.239999771118164,188,0.0,0.0
2008-01-29 00:00:00-05:00,6.239999771118164,6.239999771118164,6.239999771118164,6.239999771118164,0,0.0,0.0
2008-01-30 00:00:00-05:00,6.239999771118164,6.239999771118164,6.239999771118164,6.239999771118164,0,0.0,0.0
2008-01-31 00:00:00-05:00,6.239999771118164,6.239999771118164,4.320000171661377,4.320000171661377,1375,0.0,0.0
2008-02-01 00:00:00-05:00,5.28000020980835,5.28000020980835,5.28000020980835,5.28000020980835,208,0.0,0.0
2008-02-04 00:00:00-05:00,5.28000020980835,5.28000020980835,5.28000020980835,5.28000020980835,0,0.0,0.0
2008-02-05 00:00:00-05:00,5.28000020980835,5.28000020980835,5.28000020980835,5.28000020980835,625,0.0,0.0
2008-02-06 00:00:00-05:00,5.28000020980835,5.28000020980835,5.28000020980835,5.28000020980835,654,0.0,0.0
2008-02-07 00:00:00-05:00,5.760000228881836,5.760000228881836,5.760000228881836,5.760000228881836,254,0.0,0.0
2008-02-08 00:00:00-05:00,5.760000228881836,5.760000228881836,5.760000228881836,5.760000228881836,104,0.0,0.0
2008-02-11 00:00:00-05:00,5.760000228881836,5.760000228881836,5.28000020980835,5.28000020980835,435,0.0,0.0
2008-02-12 00:00:00-05:00,6.239999771118164,6.239999771118164,6.239999771118164,6.239999771118164,1667,0.0,0.0
2008-02-13 00:00:00-05:00,6.239999771118164,6.239999771118164,6.239999771118164,6.239999771118164,0,0.0,0.0
2008-02-14 00:00:00-05:00,6.239999771118164,6.239999771118164,6.239999771118164,6.239999771118164,417,0.0,0.0
2008-02-15 00:00:00-05:00,4.800000190734863,4.800000190734863,4.800000190734863,4.800000190734863,119,0.0,0.0
2008-02-19 00:00:00-05:00,4.800000190734863,4.800000190734863,4.800000190734863,4.800000190734863,171,0.0,0.0
2008-02-20 00:00:00-05:00,5.760000228881836,5.760000228881836,5.28000020980835,5.28000020980835,729,0.0,0.0
2008-02-21 00:00:00-05:00,5.760000228881836,5.760000228881836,5.760000228881836,5.760000228881836,4,0.0,0.0
2008-02-22 00:00:00-05:00,5.760000228881836,5.760000228881836,5.760000228881836,5.760000228881836,0,0.0,0.0
2008-02-25 00:00:00-05:00,6.239999771118164,6.239999771118164,5.28000020980835,5.28000020980835,494,0.0,0.0
2008-02-26 00:00:00-05:00,5.28000020980835,5.28000020980835,1.9199999570846558,3.8399999141693115,1042,0.0,0.0
2008-02-27 00:00:00-05:00,4.800000190734863,4.800000190734863,4.559999942779541,4.559999942779541,410,0.0,0.0
2008-02-28 00:00:00-05:00,4.800000190734863,4.800000190734863,4.800000190734863,4.800000190734863,208,0.0,0.0
2008-02-29 00:00:00-05:00,4.559999942779541,4.559999942779541,3.8399999141693115,3.8399999141693115,827,0.0,0.0
2008-03-03 00:00:00-05:00,3.8399999141693115,3.8399999141693115,3.8399999141693115,3.8399999141693115,0,0.0,0.0
2008-03-04 00:00:00-05:00,3.8399999141693115,3.8399999141693115,3.8399999141693115,3.8399999141693115,0,0.0,0.0
2008-03-05 00:00:00-05:00,6.0,6.0,6.0,6.0,181,0.0,0.0
2008-03-06 00:00:00-05:00,6.0,6.239999771118164,6.0,6.239999771118164,33,0.0,0.0
2008-03-07 00:00:00-05:00,4.800000190734863,4.800000190734863,4.800000190734863,4.800000190734863,42,0.0,0.0
2008-03-10 00:00:00-04:00,6.239999771118164,6.239999771118164,4.800000190734863,4.800000190734863,323,0.0,0.0
2008-03-11 00:00:00-04:00,4.800000190734863,6.239999771118164,4.800000190734863,6.239999771118164,313,0.0,0.0
2008-03-12 00:00:00-04:00,6.239999771118164,6.239999771118164,6.239999771118164,6.239999771118164,0,0.0,0.0
2008-03-13 00:00:00-04:00,6.239999771118164,6.239999771118164,6.239999771118164,6.239999771118164,0,0.0,0.0
2008-03-14 00:00:00-04:00,6.239999771118164,6.239999771118164,6.239999771118164,6.239999771118164,96,0.0,0.0
2008-03-17 00:00:00-04:00,4.800000190734863,5.28000020980835,4.800000190734863,4.800000190734863,479,0.0,0.0
2008-03-18 00:00:00-04:00,4.800000190734863,4.800000190734863,4.800000190734863,4.800000190734863,0,0.0,0.0
2008-03-19 00:00:00-04:00,4.559999942779541,4.800000190734863,4.559999942779541,4.800000190734863,477,0.0,0.0
2008-03-20 00:00:00-04:00,4.800000190734863,4.800000190734863,4.800000190734863,4.800000190734863,0,0.0,0.0
2008-03-24 00:00:00-04:00,4.800000190734863,4.800000190734863,4.800000190734863,4.800000190734863,0,0.0,0.0
2008-03-25 00:00:00-04:00,4.800000190734863,4.800000190734863,4.800000190734863,4.800000190734863,0,0.0,0.0
2008-03-26 00:00:00-04:00,4.800000190734863,4.800000190734863,4.800000190734863,4.800000190734863,788,0.0,0.0
2008-03-27 00:00:00-04:00,4.800000190734863,4.800000190734863,4.800000190734863,4.800000190734863,0,0.0,0.0
2008-03-28 00:00:00-04:00,5.039999961853027,5.039999961853027,4.320000171661377,4.51200008392334,808,0.0,0.0
2008-03-31 00:00:00-04:00,4.51200008392334,4.51200008392334,4.51200008392334,4.51200008392334,0,0.0,0.0
2008-04-01 00:00:00-04:00,4.320000171661377,4.320000171661377,4.320000171661377,4.320000171661377,858,0.0,0.0
2008-04-02 00:00:00-04:00,4.320000171661377,4.320000171661377,4.320000171661377,4.320000171661377,208,0.0,0.0
2008-04-03 00:00:00-04:00,4.320000171661377,4.320000171661377,4.320000171661377,4.320000171661377,0,0.0,0.0
2008-04-04 00:00:00-04:00,4.320000171661377,4.320000171661377,3.8399999141693115,3.8399999141693115,333,0.0,0.0
2008-04-07 00:00:00-04:00,3.8399999141693115,4.320000171661377,3.8399999141693115,3.8399999141693115,2192,0.0,0.0
2008-04-08 00:00:00-04:00,3.8399999141693115,3.8399999141693115,3.8399999141693115,3.8399999141693115,0,0.0,0.0
2008-04-09 00:00:00-04:00,3.8399999141693115,3.8399999141693115,3.8399999141693115,3.8399999141693115,0,0.0,0.0
2008-04-10 00:00:00-04:00,3.8399999141693115,3.8399999141693115,3.8399999141693115,3.8399999141693115,104,0.0,0.0
2008-04-11 00:00:00-04:00,3.8399999141693115,3.8399999141693115,3.8399999141693115,3.8399999141693115,0,0.0,0.0
2008-04-14 00:00:00-04:00,4.079999923706055,4.079999923706055,4.079999923706055,4.079999923706055,58,0.0,0.0
2008-04-15 00:00:00-04:00,4.079999923706055,4.079999923706055,4.079999923706055,4.079999923706055,0,0.0,0.0
2008-04-16 00:00:00-04:00,4.079999923706055,4.079999923706055,4.079999923706055,4.079999923706055,0,0.0,0.0
2008-04-17 00:00:00-04:00,4.079999923706055,4.079999923706055,4.079999923706055,4.079999923706055,0,0.0,0.0
2008-04-18 00:00:00-04:00,4.079999923706055,4.079999923706055,4.079999923706055,4.079999923706055,0,0.0,0.0
2008-04-21 00:00:00-04:00,4.320000171661377,4.320000171661377,4.320000171661377,4.320000171661377,104,0.0,0.0
2008-04-22 00:00:00-04:00,4.320000171661377,4.320000171661377,4.320000171661377,4.320000171661377,0,0.0,0.0
2008-04-23 00:00:00-04:00,4.320000171661377,4.320000171661377,4.320000171661377,4.320000171661377,0,0.0,0.0
2008-04-24 00:00:00-04:00,4.320000171661377,4.320000171661377,4.320000171661377,4.320000171661377,200,0.0,0.0
2008-04-25 00:00:00-04:00,4.320000171661377,4.320000171661377,4.320000171661377,4.320000171661377,0,0.0,0.0
2008-04-28 00:00:00-04:00,4.320000171661377,4.320000171661377,4.320000171661377,4.320000171661377,0,0.0,0.0
2008-04-29 00:00:00-04:00,4.320000171661377,4.320000171661377,4.320000171661377,4.320000171661377,0,0.0,0.0
2008-04-30 00:00:00-04:00,4.320000171661377,4.320000171661377,4.320000171661377,4.320000171661377,0,0.0,0.0
2008-05-01 00:00:00-04:00,4.320000171661377,4.320000171661377,4.320000171661377,4.320000171661377,0,0.0,0.0
2008-05-02 00:00:00-04:00,4.800000190734863,4.800000190734863,4.800000190734863,4.800000190734863,208,0.0,0.0
2008-05-05 00:00:00-04:00,4.800000190734863,4.800000190734863,4.800000190734863,4.800000190734863,0,0.0,0.0
2008-05-06 00:00:00-04:00,4.800000190734863,4.800000190734863,4.800000190734863,4.800000190734863,0,0.0,0.0
2008-05-07 00:00:00-04:00,4.800000190734863,4.800000190734863,4.800000190734863,4.800000190734863,0,0.0,0.0
2008-05-08 00:00:00-04:00,4.800000190734863,4.800000190734863,4.800000190734863,4.800000190734863,0,0.0,0.0
2008-05-09 00:00:00-04:00,4.800000190734863,4.800000190734863,4.800000190734863,4.800000190734863,0,0.0,0.0
2008-05-12 00:00:00-04:00,4.800000190734863,4.800000190734863,4.800000190734863,4.800000190734863,0,0.0,0.0
2008-05-13 00:00:00-04:00,4.800000190734863,4.800000190734863,4.800000190734863,4.800000190734863,0,0.0,0.0
2008-05-14 00:00:00-04:00,4.800000190734863,4.800000190734863,4.800000190734863,4.800000190734863,0,0.0,0.0
2008-05-15 00:00:00-04:00,4.320000171661377,4.800000190734863,3.8399999141693115,3.8399999141693115,1575,0.0,0.0
2008-05-16 00:00:00-04:00,3.8399999141693115,3.8399999141693115,3.8399999141693115,3.8399999141693115,0,0.0,0.0
2008-05-19 00:00:00-04:00,3.5999999046325684,3.5999999046325684,3.5999999046325684,3.5999999046325684,104,0.0,0.0
2008-05-20 00:00:00-04:00,3.8399999141693115,3.8399999141693115,3.8399999141693115,3.8399999141693115,17,0.0,0.0
2008-05-21 00:00:00-04:00,3.8399999141693115,3.8399999141693115,3.8399999141693115,3.8399999141693115,2,0.0,0.0
2008-05-22 00:00:00-04:00,3.119999885559082,3.359999895095825,2.640000104904175,2.640000104904175,785,0.0,0.0
2008-05-23 00:00:00-04:00,2.640000104904175,2.640000104904175,2.640000104904175,2.640000104904175,0,0.0,0.0
2008-05-27 00:00:00-04:00,2.640000104904175,2.640000104904175,2.640000104904175,2.640000104904175,0,0.0,0.0
2008-05-28 00:00:00-04:00,2.640000104904175,2.640000104904175,2.640000104904175,2.640000104904175,0,0.0,0.0
2008-05-29 00:00:00-04:00,2.640000104904175,2.640000104904175,2.640000104904175,2.640000104904175,0,0.0,0.0
2008-05-30 00:00:00-04:00,3.5999999046325684,3.5999999046325684,3.5999999046325684,3.5999999046325684,42,0.0,0.0
2008-06-02 00:00:00-04:00,3.8399999141693115,3.8399999141693115,3.5999999046325684,3.5999999046325684,42,0.0,0.0
2008-06-03 00:00:00-04:00,3.8399999141693115,3.8399999141693115,3.8399999141693115,3.8399999141693115,313,0.0,0.0
2008-06-04 00:00:00-04:00,3.8399999141693115,3.8399999141693115,3.8399999141693115,3.8399999141693115,0,0.0,0.0
2008-06-05 00:00:00-04:00,3.8399999141693115,3.8399999141693115,3.8399999141693115,3.8399999141693115,0,0.0,0.0
2008-06-06 00:00:00-04:00,3.8399999141693115,3.8399999141693115,3.8399999141693115,3.8399999141693115,21,0.0,0.0
2008-06-09 00:00:00-04:00,3.8399999141693115,3.8399999141693115,3.8399999141693115,3.8399999141693115,0,0.0,0.0
2008-06-10 00:00:00-04:00,3.8399999141693115,3.8399999141693115,3.8399999141693115,3.8399999141693115,0,0.0,0.0
2008-06-11 00:00:00-04:00,3.8399999141693115,3.8399999141693115,3.8399999141693115,3.8399999141693115,38,0.0,0.0
2008-06-12 00:00:00-04:00,3.8399999141693115,3.8399999141693115,3.8399999141693115,3.8399999141693115,0,0.0,0.0
2008-06-13 00:00:00-04:00,3.8399999141693115,3.8399999141693115,3.8399999141693115,3.8399999141693115,0,0.0,0.0
2008-06-16 00:00:00-04:00,3.8399999141693115,3.8399999141693115,3.8399999141693115,3.8399999141693115,0,0.0,0.0
2008-06-17 00:00:00-04:00,3.8399999141693115,3.8399999141693115,3.8399999141693115,3.8399999141693115,0,0.0,0.0
2008-06-18 00:00:00-04:00,3.8399999141693115,3.8399999141693115,3.8399999141693115,3.8399999141693115,0,0.0,0.0
2008-06-19 00:00:00-04:00,3.8399999141693115,3.8399999141693115,3.8399999141693115,3.8399999141693115,0,0.0,0.0
2008-06-20 00:00:00-04:00,3.8399999141693115,3.8399999141693115,3.8399999141693115,3.8399999141693115,0,0.0,0.0
2008-06-23 00:00:00-04:00,3.8399999141693115,3.8399999141693115,2.880000114440918,2.880000114440918,2535,0.0,0.0
2008-06-24 00:00:00-04:00,2.640000104904175,2.880000114440918,1.9199999570846558,1.9199999570846558,8585,0.0,0.0
2008-06-25 00:00:00-04:00,2.880000114440918,2.880000114440918,2.4000000953674316,2.4000000953674316,729,0.0,0.0
2008-06-26 00:00:00-04:00,1.968000054359436,2.880000114440918,1.6799999475479126,2.880000114440918,4150,0.0,0.0
2008-06-27 00:00:00-04:00,2.4000000953674316,2.4000000953674316,2.4000000953674316,2.4000000953674316,5042,0.0,0.0
2008-06-30 00:00:00-04:00,2.4000000953674316,2.4000000953674316,2.4000000953674316,2.4000000953674316,115,0.0,0.0
2008-07-01 00:00:00-04:00,2.4000000953674316,2.4000000953674316,2.4000000953674316,2.4000000953674316,0,0.0,0.0
2008-07-02 00:00:00-04:00,2.4000000953674316,2.4000000953674316,2.4000000953674316,2.4000000953674316,1271,0.0,0.0
2008-07-03 00:00:00-04:00,2.4000000953674316,2.4000000953674316,2.4000000953674316,2.4000000953674316,0,0.0,0.0
2008-07-07 00:00:00-04:00,2.4000000953674316,2.4000000953674316,2.4000000953674316,2.4000000953674316,0,0.0,0.0
2008-07-08 00:00:00-04:00,2.4000000953674316,2.4000000953674316,2.4000000953674316,2.4000000953674316,21,0.0,0.0
2008-07-09 00:00:00-04:00,2.4000000953674316,2.4000000953674316,2.4000000953674316,2.4000000953674316,0,0.0,0.0
2008-07-10 00:00:00-04:00,2.4000000953674316,2.4000000953674316,2.4000000953674316,2.4000000953674316,0,0.0,0.0
2008-07-11 00:00:00-04:00,2.1600000858306885,2.1600000858306885,1.9199999570846558,1.9199999570846558,625,0.0,0.0
2008-07-14 00:00:00-04:00,1.6799999475479126,1.9199999570846558,1.6799999475479126,1.8240000009536743,8588,0.0,0.0
2008-07-15 00:00:00-04:00,1.9199999570846558,1.9199999570846558,1.9199999570846558,1.9199999570846558,3229,0.0,0.0
2008-07-16 00:00:00-04:00,1.9199999570846558,1.9199999570846558,1.9199999570846558,1.9199999570846558,0,0.0,0.0
2008-07-17 00:00:00-04:00,1.9199999570846558,3.359999895095825,1.9199999570846558,2.880000114440918,15410,0.0,0.0
2008-07-18 00:00:00-04:00,2.880000114440918,3.359999895095825,2.880000114440918,2.880000114440918,1200,0.0,0.0
2008-07-21 00:00:00-04:00,3.359999895095825,3.359999895095825,2.4000000953674316,2.4000000953674316,896,0.0,0.0
2008-07-22 00:00:00-04:00,2.880000114440918,2.880000114440918,2.4000000953674316,2.4000000953674316,521,0.0,0.0
2008-07-23 00:00:00-04:00,2.4000000953674316,2.4000000953674316,2.4000000953674316,2.4000000953674316,146,0.0,0.0
2008-07-24 00:00:00-04:00,2.4000000953674316,2.4000000953674316,2.4000000953674316,2.4000000953674316,313,0.0,0.0
2008-07-25 00:00:00-04:00,2.880000114440918,2.880000114440918,2.880000114440918,2.880000114440918,63,0.0,0.0
2008-07-28 00:00:00-04:00,2.880000114440918,2.880000114440918,2.880000114440918,2.880000114440918,0,0.0,0.0
2008-07-29 00:00:00-04:00,2.880000114440918,2.880000114440918,2.880000114440918,2.880000114440918,0,0.0,0.0
2008-07-30 00:00:00-04:00,2.4000000953674316,2.4000000953674316,2.4000000953674316,2.4000000953674316,10,0.0,0.0
2008-07-31 00:00:00-04:00,2.640000104904175,2.640000104904175,2.4000000953674316,2.4000000953674316,577,0.0,0.0
2008-08-01 00:00:00-04:00,2.640000104904175,2.640000104904175,2.640000104904175,2.640000104904175,208,0.0,0.0
2008-08-04 00:00:00-04:00,2.640000104904175,2.640000104904175,2.640000104904175,2.640000104904175,0,0.0,0.0
2008-08-05 00:00:00-04:00,2.640000104904175,2.640000104904175,2.640000104904175,2.640000104904175,0,0.0,0.0
2008-08-06 00:00:00-04:00,2.640000104904175,2.640000104904175,2.640000104904175,2.640000104904175,0,0.0,0.0
2008-08-07 00:00:00-04:00,2.4000000953674316,2.640000104904175,2.4000000953674316,2.640000104904175,123,0.0,0.0
2008-08-08 00:00:00-04:00,3.359999895095825,3.359999895095825,3.359999895095825,3.359999895095825,438,0.0,0.0
2008-08-11 00:00:00-04:00,3.359999895095825,3.359999895095825,3.359999895095825,3.359999895095825,0,0.0,0.0
2008-08-12 00:00:00-04:00,3.119999885559082,3.119999885559082,3.119999885559082,3.119999885559082,313,0.0,0.0
2008-08-13 00:00:00-04:00,3.359999895095825,3.359999895095825,3.359999895095825,3.359999895095825,208,0.0,0.0
2008-08-14 00:00:00-04:00,3.359999895095825,3.359999895095825,3.359999895095825,3.359999895095825,0,0.0,0.0
2008-08-15 00:00:00-04:00,3.359999895095825,3.359999895095825,3.359999895095825,3.359999895095825,0,0.0,0.0
2008-08-18 00:00:00-04:00,2.4000000953674316,2.4000000953674316,1.9199999570846558,2.4000000953674316,521,0.0,0.0
2008-08-19 00:00:00-04:00,2.4000000953674316,2.4000000953674316,2.4000000953674316,2.4000000953674316,0,0.0,0.0
2008-08-20 00:00:00-04:00,2.4000000953674316,2.4000000953674316,2.4000000953674316,2.4000000953674316,0,0.0,0.0
2008-08-21 00:00:00-04:00,2.4000000953674316,2.4000000953674316,2.4000000953674316,2.4000000953674316,0,0.0,0.0
2008-08-22 00:00:00-04:00,2.4000000953674316,2.4000000953674316,2.4000000953674316,2.4000000953674316,0,0.0,0.0
2008-08-25 00:00:00-04:00,2.4000000953674316,2.4000000953674316,2.4000000953674316,2.4000000953674316,0,0.0,0.0
2008-08-26 00:00:00-04:00,1.9199999570846558,1.9199999570846558,1.9199999570846558,1.9199999570846558,77,0.0,0.0
2008-08-27 00:00:00-04:00,1.9199999570846558,1.9199999570846558,1.9199999570846558,1.9199999570846558,0,0.0,0.0
2008-08-28 00:00:00-04:00,1.9199999570846558,1.9199999570846558,1.9199999570846558,1.9199999570846558,27,0.0,0.0
2008-08-29 00:00:00-04:00,1.9199999570846558,1.9199999570846558,1.9199999570846558,1.9199999570846558,0,0.0,0.0
2008-09-02 00:00:00-04:00,1.9199999570846558,1.9199999570846558,1.9199999570846558,1.9199999570846558,313,0.0,0.0
2008-09-03 00:00:00-04:00,1.9199999570846558,1.9199999570846558,1.9199999570846558,1.9199999570846558,0,0.0,0.0
2008-09-04 00:00:00-04:00,2.4000000953674316,2.880000114440918,2.4000000953674316,2.880000114440918,306,0.0,0.0
2008-09-05 00:00:00-04:00,1.9199999570846558,3.119999885559082,1.9199999570846558,3.119999885559082,135,0.0,0.0
2008-09-08 00:00:00-04:00,3.119999885559082,3.119999885559082,3.119999885559082,3.119999885559082,0,0.0,0.0
2008-09-09 00:00:00-04:00,3.359999895095825,3.359999895095825,1.0080000162124634,2.4000000953674316,3096,0.0,0.0
2008-09-10 00:00:00-04:00,1.6799999475479126,1.9199999570846558,1.6799999475479126,1.9199999570846558,8,0.0,0.0
2008-09-11 00:00:00-04:00,1.9199999570846558,1.9199999570846558,1.9199999570846558,1.9199999570846558,0,0.0,0.0
2008-09-12 00:00:00-04:00,2.4000000953674316,2.4000000953674316,2.4000000953674316,2.4000000953674316,10,0.0,0.0
2008-09-15 00:00:00-04:00,2.4000000953674316,2.4000000953674316,2.4000000953674316,2.4000000953674316,0,0.0,0.0
2008-09-16 00:00:00-04:00,2.640000104904175,2.640000104904175,2.1600000858306885,2.4000000953674316,1165,0.0,0.0
2008-09-17 00:00:00-04:00,2.880000114440918,2.880000114440918,2.4000000953674316,2.4000000953674316,1271,0.0,0.0
2008-09-18 00:00:00-04:00,2.880000114440918,2.880000114440918,2.880000114440918,2.880000114440918,208,0.0,0.0
2008-09-19 00:00:00-04:00,2.880000114440918,2.880000114440918,2.880000114440918,2.880000114440918,0,0.0,0.0
2008-09-22 00:00:00-04:00,2.880000114440918,2.880000114440918,2.880000114440918,2.880000114440918,0,0.0,0.0
2008-09-23 00:00:00-04:00,3.359999895095825,3.359999895095825,2.640000104904175,2.880000114440918,750,0.0,0.0
2008-09-24 00:00:00-04:00,2.880000114440918,2.880000114440918,2.880000114440918,2.880000114440918,0,0.0,0.0
2008-09-25 00:00:00-04:00,2.880000114440918,2.880000114440918,2.4000000953674316,2.4000000953674316,417,0.0,0.0
2008-09-26 00:00:00-04:00,2.4000000953674316,2.4000000953674316,2.4000000953674316,2.4000000953674316,104,0.0,0.0
2008-09-29 00:00:00-04:00,1.9199999570846558,1.9199999570846558,1.9199999570846558,1.9199999570846558,208,0.0,0.0
2008-09-30 00:00:00-04:00,1.9199999570846558,1.9199999570846558,1.9199999570846558,1.9199999570846558,104,0.0,0.0
2008-10-01 00:00:00-04:00,1.9199999570846558,1.9199999570846558,1.9199999570846558,1.9199999570846558,0,0.0,0.0
2008-10-02 00:00:00-04:00,1.9199999570846558,1.9199999570846558,1.9199999570846558,1.9199999570846558,0,0.0,0.0
2008-10-03 00:00:00-04:00,1.9199999570846558,1.9199999570846558,1.9199999570846558,1.9199999570846558,0,0.0,0.0
2008-10-06 00:00:00-04:00,2.4000000953674316,2.4000000953674316,1.9199999570846558,1.9199999570846558,313,0.0,0.0
2008-10-07 00:00:00-04:00,1.9199999570846558,1.9199999570846558,1.9199999570846558,1.9199999570846558,0,0.0,0.0
2008-10-08 00:00:00-04:00,1.9199999570846558,1.9199999570846558,1.9199999570846558,1.9199999570846558,0,0.0,0.0
2008-10-09 00:00:00-04:00,1.9199999570846558,1.9199999570846558,1.440000057220459,1.440000057220459,417,0.0,0.0
2008-10-10 00:00:00-04:00,1.440000057220459,1.440000057220459,1.440000057220459,1.440000057220459,0,0.0,0.0
2008-10-13 00:00:00-04:00,1.440000057220459,1.440000057220459,1.0080000162124634,1.0080000162124634,833,0.0,0.0
2008-10-14 00:00:00-04:00,1.440000057220459,1.440000057220459,1.440000057220459,1.440000057220459,313,0.0,0.0
2008-10-15 00:00:00-04:00,1.9199999570846558,1.9199999570846558,1.9199999570846558,1.9199999570846558,417,0.0,0.0
2008-10-16 00:00:00-04:00,1.9199999570846558,1.9199999570846558,1.9199999570846558,1.9199999570846558,208,0.0,0.0
2008-10-17 00:00:00-04:00,1.9199999570846558,1.9199999570846558,1.9199999570846558,1.9199999570846558,104,0.0,0.0
2008-10-20 00:00:00-04:00,1.9199999570846558,1.9199999570846558,1.9199999570846558,1.9199999570846558,417,0.0,0.0
2008-10-21 00:00:00-04:00,1.9199999570846558,1.9199999570846558,1.9199999570846558,1.9199999570846558,0,0.0,0.0
2008-10-22 00:00:00-04:00,1.9199999570846558,1.9199999570846558,1.9199999570846558,1.9199999570846558,417,0.0,0.0
2008-10-23 00:00:00-04:00,1.9199999570846558,1.9199999570846558,1.9199999570846558,1.9199999570846558,521,0.0,0.0
2008-10-24 00:00:00-04:00,1.9199999570846558,1.9199999570846558,1.440000057220459,1.440000057220459,896,0.0,0.0
2008-10-27 00:00:00-04:00,1.9199999570846558,1.9199999570846558,1.9199999570846558,1.9199999570846558,521,0.0,0.0
2008-10-28 00:00:00-04:00,1.9199999570846558,1.9199999570846558,1.9199999570846558,1.9199999570846558,521,0.0,0.0
2008-10-29 00:00:00-04:00,1.9199999570846558,1.9199999570846558,1.9199999570846558,1.9199999570846558,0,0.0,0.0
2008-10-30 00:00:00-04:00,1.9199999570846558,1.9199999570846558,1.9199999570846558,1.9199999570846558,0,0.0,0.0
2008-10-31 00:00:00-04:00,1.440000057220459,2.0160000324249268,1.440000057220459,2.0160000324249268,604,0.0,0.0
2008-11-03 00:00:00-05:00,2.0160000324249268,2.0160000324249268,2.0160000324249268,2.0160000324249268,0,0.0,0.0
2008-11-04 00:00:00-05:00,1.440000057220459,1.440000057220459,1.440000057220459,1.440000057220459,208,0.0,0.0
2008-11-05 00:00:00-05:00,1.440000057220459,1.440000057220459,1.440000057220459,1.440000057220459,0,0.0,0.0
2008-11-06 00:00:00-05:00,1.440000057220459,1.440000057220459,1.440000057220459,1.440000057220459,0,0.0,0.0
2008-11-07 00:00:00-05:00,1.440000057220459,1.440000057220459,1.440000057220459,1.440000057220459,0,0.0,0.0
2008-11-10 00:00:00-05:00,1.440000057220459,1.440000057220459,1.440000057220459,1.440000057220459,0,0.0,0.0
2008-11-11 00:00:00-05:00,1.440000057220459,1.440000057220459,1.440000057220459,1.440000057220459,288,0.0,0.0
2008-11-12 00:00:00-05:00,1.440000057220459,1.440000057220459,1.440000057220459,1.440000057220459,0,0.0,0.0
2008-11-13 00:00:00-05:00,1.440000057220459,1.440000057220459,1.440000057220459,1.440000057220459,240,0.0,0.0
2008-11-14 00:00:00-05:00,1.440000057220459,1.440000057220459,1.440000057220459,1.440000057220459,208,0.0,0.0
2008-11-17 00:00:00-05:00,1.440000057220459,1.440000057220459,1.440000057220459,1.440000057220459,10,0.0,0.0
2008-11-18 00:00:00-05:00,1.2000000476837158,1.2000000476837158,1.2000000476837158,1.2000000476837158,417,0.0,0.0
2008-11-19 00:00:00-05:00,1.0080000162124634,1.0080000162124634,0.9599999785423279,0.9599999785423279,760,0.0,0.0
2008-11-20 00:00:00-05:00,0.9599999785423279,0.9599999785423279,0.9599999785423279,0.9599999785423279,0,0.0,0.0
2008-11-21 00:00:00-05:00,0.9599999785423279,0.9599999785423279,0.9599999785423279,0.9599999785423279,0,0.0,0.0
2008-11-24 00:00:00-05:00,0.9599999785423279,0.9599999785423279,0.9599999785423279,0.9599999785423279,0,0.0,0.0
2008-11-25 00:00:00-05:00,0.9599999785423279,0.9599999785423279,0.9599999785423279,0.9599999785423279,208,0.0,0.0
2008-11-26 00:00:00-05:00,0.9599999785423279,0.9599999785423279,0.9599999785423279,0.9599999785423279,0,0.0,0.0
2008-11-28 00:00:00-05:00,0.9599999785423279,0.9599999785423279,0.9599999785423279,0.9599999785423279,0,0.0,0.0
2008-12-01 00:00:00-05:00,0.7200000286102295,0.7200000286102295,0.7200000286102295,0.7200000286102295,833,0.0,0.0
2008-12-02 00:00:00-05:00,0.7200000286102295,0.7200000286102295,0.7200000286102295,0.7200000286102295,21,0.0,0.0
2008-12-03 00:00:00-05:00,0.9599999785423279,0.9599999785423279,0.9599999785423279,0.9599999785423279,1604,0.0,0.0
2008-12-04 00:00:00-05:00,0.9599999785423279,0.9599999785423279,0.9599999785423279,0.9599999785423279,0,0.0,0.0
2008-12-05 00:00:00-05:00,0.9599999785423279,0.9599999785423279,0.9599999785423279,0.9599999785423279,0,0.0,0.0
2008-12-08 00:00:00-05:00,0.9599999785423279,0.9599999785423279,0.9599999785423279,0.9599999785423279,0,0.0,0.0
2008-12-09 00:00:00-05:00,0.7680000066757202,0.9599999785423279,0.7680000066757202,0.9599999785423279,833,0.0,0.0
2008-12-10 00:00:00-05:00,0.7680000066757202,0.7680000066757202,0.7200000286102295,0.7680000066757202,833,0.0,0.0
2008-12-11 00:00:00-05:00,0.9599999785423279,0.9599999785423279,0.9599999785423279,0.9599999785423279,104,0.0,0.0
2008-12-12 00:00:00-05:00,0.47999998927116394,0.9599999785423279,0.47999998927116394,0.47999998927116394,1410,0.0,0.0
2008-12-15 00:00:00-05:00,0.47999998927116394,0.47999998927116394,0.47999998927116394,0.47999998927116394,919,0.0,0.0
2008-12-16 00:00:00-05:00,0.47999998927116394,0.527999997138977,0.47999998927116394,0.527999997138977,12542,0.0,0.0
2008-12-17 00:00:00-05:00,0.5759999752044678,0.7200000286102295,0.5759999752044678,0.7200000286102295,646,0.0,0.0
2008-12-18 00:00:00-05:00,0.6240000128746033,0.6240000128746033,0.6240000128746033,0.6240000128746033,21015,0.0,0.0
2008-12-19 00:00:00-05:00,0.6240000128746033,0.6240000128746033,0.6240000128746033,0.6240000128746033,42,0.0,0.0
2008-12-22 00:00:00-05:00,0.6240000128746033,0.6240000128746033,0.6240000128746033,0.6240000128746033,42,0.0,0.0
2008-12-23 00:00:00-05:00,0.6240000128746033,0.7200000286102295,0.6240000128746033,0.7200000286102295,2650,0.0,0.0
2008-12-24 00:00:00-05:00,0.7200000286102295,0.7200000286102295,0.7200000286102295,0.7200000286102295,1354,0.0,0.0
2008-12-26 00:00:00-05:00,0.7200000286102295,0.7200000286102295,0.7200000286102295,0.7200000286102295,0,0.0,0.0
2008-12-29 00:00:00-05:00,0.7200000286102295,0.7200000286102295,0.5759999752044678,0.6240000128746033,2667,0.0,0.0
2008-12-30 00:00:00-05:00,0.7200000286102295,0.7200000286102295,0.7200000286102295,0.7200000286102295,3438,0.0,0.0
2008-12-31 00:00:00-05:00,0.671999990940094,0.671999990940094,0.671999990940094,0.671999990940094,104,0.0,0.0
2009-01-02 00:00:00-05:00,0.671999990940094,0.671999990940094,0.671999990940094,0.671999990940094,0,0.0,0.0
2009-01-05 00:00:00-05:00,0.8159999847412109,0.8159999847412109,0.8159999847412109,0.8159999847412109,154,0.0,0.0
2009-01-06 00:00:00-05:00,0.7200000286102295,0.7200000286102295,0.7200000286102295,0.7200000286102295,1042,0.0,0.0
2009-01-07 00:00:00-05:00,0.7200000286102295,0.7200000286102295,0.7200000286102295,0.7200000286102295,0,0.0,0.0
2009-01-08 00:00:00-05:00,0.7200000286102295,0.7200000286102295,0.7200000286102295,0.7200000286102295,0,0.0,0.0
2009-01-09 00:00:00-05:00,0.7200000286102295,1.2000000476837158,0.7200000286102295,1.2000000476837158,250,0.0,0.0
2009-01-12 00:00:00-05:00,1.2000000476837158,1.2000000476837158,1.2000000476837158,1.2000000476837158,0,0.0,0.0
2009-01-13 00:00:00-05:00,1.2000000476837158,1.2000000476837158,1.2000000476837158,1.2000000476837158,0,0.0,0.0
2009-01-14 00:00:00-05:00,1.2960000038146973,1.440000057220459,1.2000000476837158,1.440000057220459,1146,0.0,0.0
2009-01-15 00:00:00-05:00,1.055999994277954,1.055999994277954,1.055999994277954,1.055999994277954,104,0.0,0.0
2009-01-16 00:00:00-05:00,1.6799999475479126,1.6799999475479126,1.6799999475479126,1.6799999475479126,969,0.0,0.0
2009-01-20 00:00:00-05:00,1.6799999475479126,1.6799999475479126,1.6799999475479126,1.6799999475479126,0,0.0,0.0
2009-01-21 00:00:00-05:00,1.6799999475479126,1.6799999475479126,1.6799999475479126,1.6799999475479126,0,0.0,0.0
2009-01-22 00:00:00-05:00,1.6799999475479126,1.6799999475479126,1.6799999475479126,1.6799999475479126,0,0.0,0.0
2009-01-23 00:00:00-05:00,1.6799999475479126,1.6799999475479126,1.6799999475479126,1.6799999475479126,0,0.0,0.0
2009-01-26 00:00:00-05:00,1.6799999475479126,1.6799999475479126,1.6799999475479126,1.6799999475479126,0,0.0,0.0
2009-01-27 00:00:00-05:00,1.440000057220459,1.7280000448226929,1.440000057220459,1.7280000448226929,1829,0.0,0.0
2009-01-28 00:00:00-05:00,1.9199999570846558,1.9199999570846558,1.9199999570846558,1.9199999570846558,1069,0.0,0.0
2009-01-29 00:00:00-05:00,1.9199999570846558,1.9199999570846558,1.9199999570846558,1.9199999570846558,0,0.0,0.0
2009-01-30 00:00:00-05:00,1.9199999570846558,1.9199999570846558,1.9199999570846558,1.9199999570846558,167,0.0,0.0
2009-02-02 00:00:00-05:00,1.9199999570846558,1.9199999570846558,1.9199999570846558,1.9199999570846558,0,0.0,0.0
2009-02-03 00:00:00-05:00,1.9199999570846558,1.9199999570846558,1.9199999570846558,1.9199999570846558,250,0.0,0.0
2009-02-04 00:00:00-05:00,1.9199999570846558,1.9199999570846558,1.9199999570846558,1.9199999570846558,0,0.0,0.0
2009-02-05 00:00:00-05:00,1.9199999570846558,1.9199999570846558,1.9199999570846558,1.9199999570846558,0,0.0,0.0
2009-02-06 00:00:00-05:00,1.9199999570846558,1.9199999570846558,1.9199999570846558,1.9199999570846558,0,0.0,0.0
2009-02-09 00:00:00-05:00,1.9199999570846558,1.9199999570846558,1.9199999570846558,1.9199999570846558,0,0.0,0.0
2009-02-10 00:00:00-05:00,1.440000057220459,1.9199999570846558,1.440000057220459,1.9199999570846558,625,0.0,0.0
2009-02-11 00:00:00-05:00,1.440000057220459,1.440000057220459,0.9599999785423279,1.2000000476837158,23323,0.0,0.0
2009-02-12 00:00:00-05:00,1.2000000476837158,1.2000000476837158,1.2000000476837158,1.2000000476837158,0,0.0,0.0
2009-02-13 00:00:00-05:00,1.2000000476837158,1.2000000476837158,1.2000000476837158,1.2000000476837158,0,0.0,0.0
2009-02-17 00:00:00-05:00,1.2000000476837158,1.2000000476837158,1.2000000476837158,1.2000000476837158,0,0.0,0.0
2009-02-18 00:00:00-05:00,1.2000000476837158,1.2000000476837158,1.2000000476837158,1.2000000476837158,0,0.0,0.0
2009-02-19 00:00:00-05:00,1.2000000476837158,1.2000000476837158,1.2000000476837158,1.2000000476837158,0,0.0,0.0
2009-02-20 00:00:00-05:00,1.2000000476837158,1.2000000476837158,1.2000000476837158,1.2000000476837158,0,0.0,0.0
2009-02-23 00:00:00-05:00,1.2000000476837158,1.2000000476837158,1.2000000476837158,1.2000000476837158,0,0.0,0.0
2009-02-24 00:00:00-05:00,1.2000000476837158,1.2000000476837158,1.2000000476837158,1.2000000476837158,0,0.0,0.0
2009-02-25 00:00:00-05:00,1.9199999570846558,1.9199999570846558,1.9199999570846558,1.9199999570846558,192,0.0,0.0
2009-02-26 00:00:00-05:00,1.9199999570846558,1.9199999570846558,1.9199999570846558,1.9199999570846558,0,0.0,0.0
2009-02-27 00:00:00-05:00,1.871999979019165,1.9199999570846558,1.871999979019165,1.9199999570846558,379,0.0,0.0
2009-03-02 00:00:00-05:00,1.9199999570846558,1.9199999570846558,1.9199999570846558,1.9199999570846558,3373,0.0,0.0
2009-03-03 00:00:00-05:00,2.640000104904175,2.640000104904175,2.640000104904175,2.640000104904175,1563,0.0,0.0
2009-03-04 00:00:00-05:00,2.4000000953674316,2.640000104904175,2.4000000953674316,2.640000104904175,208,0.0,0.0
2009-03-05 00:00:00-05:00,2.640000104904175,2.880000114440918,2.640000104904175,2.880000114440918,146,0.0,0.0
2009-03-06 00:00:00-05:00,3.119999885559082,3.119999885559082,3.119999885559082,3.119999885559082,208,0.0,0.0
2009-03-09 00:00:00-04:00,2.880000114440918,2.880000114440918,2.1600000858306885,2.4000000953674316,729,0.0,0.0
2009-03-10 00:00:00-04:00,2.4000000953674316,2.4000000953674316,2.4000000953674316,2.4000000953674316,521,0.0,0.0
2009-03-11 00:00:00-04:00,2.880000114440918,2.880000114440918,2.880000114440918,2.880000114440918,250,0.0,0.0
2009-03-12 00:00:00-04:00,2.4000000953674316,2.4000000953674316,2.2079999446868896,2.2079999446868896,313,0.0,0.0
2009-03-13 00:00:00-04:00,2.303999900817871,2.303999900817871,2.303999900817871,2.303999900817871,183,0.0,0.0
2009-03-16 00:00:00-04:00,2.303999900817871,2.303999900817871,2.303999900817871,2.303999900817871,0,0.0,0.0
2009-03-17 00:00:00-04:00,2.303999900817871,2.303999900817871,2.303999900817871,2.303999900817871,0,0.0,0.0
2009-03-18 00:00:00-04:00,2.303999900817871,2.303999900817871,2.303999900817871,2.303999900817871,0,0.0,0.0
2009-03-19 00:00:00-04:00,2.4000000953674316,2.4000000953674316,2.4000000953674316,2.4000000953674316,208,0.0,0.0
2009-03-20 00:00:00-04:00,2.4000000953674316,3.119999885559082,2.4000000953674316,3.119999885559082,431,0.0,0.0
2009-03-23 00:00:00-04:00,3.119999885559082,3.119999885559082,3.119999885559082,3.119999885559082,521,0.0,0.0
2009-03-24 00:00:00-04:00,3.119999885559082,3.119999885559082,3.119999885559082,3.119999885559082,0,0.0,0.0
2009-03-25 00:00:00-04:00,3.119999885559082,3.119999885559082,3.119999885559082,3.119999885559082,1308,0.0,0.0
2009-03-26 00:00:00-04:00,3.359999895095825,3.8399999141693115,3.359999895095825,3.8399999141693115,896,0.0,0.0
2009-03-27 00:00:00-04:00,3.8399999141693115,3.8399999141693115,3.8399999141693115,3.8399999141693115,0,0.0,0.0
2009-03-30 00:00:00-04:00,2.880000114440918,2.880000114440918,2.4000000953674316,2.4000000953674316,315,0.0,0.0
2009-03-31 00:00:00-04:00,2.4000000953674316,2.4000000953674316,2.4000000953674316,2.4000000953674316,0,0.0,0.0
2009-04-01 00:00:00-04:00,2.640000104904175,2.640000104904175,2.640000104904175,2.640000104904175,104,0.0,0.0
2009-04-02 00:00:00-04:00,1.9199999570846558,2.4000000953674316,1.9199999570846558,2.4000000953674316,729,0.0,0.0
2009-04-03 00:00:00-04:00,2.4000000953674316,2.8320000171661377,2.4000000953674316,2.640000104904175,2560,0.0,0.0
2009-04-06 00:00:00-04:00,2.640000104904175,2.640000104904175,2.640000104904175,2.640000104904175,0,0.0,0.0
2009-04-07 00:00:00-04:00,2.640000104904175,3.359999895095825,2.640000104904175,3.359999895095825,792,0.0,0.0
2009-04-08 00:00:00-04:00,3.359999895095825,3.359999895095825,3.359999895095825,3.359999895095825,0,0.0,0.0
2009-04-09 00:00:00-04:00,3.359999895095825,3.359999895095825,3.359999895095825,3.359999895095825,0,0.0,0.0
2009-04-13 00:00:00-04:00,3.119999885559082,3.119999885559082,3.119999885559082,3.119999885559082,329,0.0,0.0
2009-04-14 00:00:00-04:00,3.5999999046325684,3.5999999046325684,3.5999999046325684,3.5999999046325684,313,0.0,0.0
2009-04-15 00:00:00-04:00,3.5999999046325684,3.5999999046325684,3.5999999046325684,3.5999999046325684,433,0.0,0.0
2009-04-16 00:00:00-04:00,3.119999885559082,3.5999999046325684,3.119999885559082,3.5999999046325684,252,0.0,0.0
2009-04-17 00:00:00-04:00,3.5999999046325684,3.5999999046325684,3.5999999046325684,3.5999999046325684,104,0.0,0.0
2009-04-20 00:00:00-04:00,3.5999999046325684,3.5999999046325684,3.5999999046325684,3.5999999046325684,167,0.0,0.0
2009-04-21 00:00:00-04:00,3.8399999141693115,3.8399999141693115,3.8399999141693115,3.8399999141693115,1558,0.0,0.0
2009-04-22 00:00:00-04:00,3.8399999141693115,3.8399999141693115,3.8399999141693115,3.8399999141693115,0,0.0,0.0
2009-04-23 00:00:00-04:00,4.079999923706055,4.079999923706055,4.079999923706055,4.079999923706055,221,0.0,0.0
2009-04-24 00:00:00-04:00,4.320000171661377,4.559999942779541,4.223999977111816,4.223999977111816,1042,0.0,0.0
2009-04-27 00:00:00-04:00,4.320000171661377,4.320000171661377,4.079999923706055,4.079999923706055,323,0.0,0.0
2009-04-28 00:00:00-04:00,4.079999923706055,4.079999923706055,4.079999923706055,4.079999923706055,146,0.0,0.0
2009-04-29 00:00:00-04:00,3.5999999046325684,3.8399999141693115,2.880000114440918,2.880000114440918,1088,0.0,0.0
2009-04-30 00:00:00-04:00,2.4000000953674316,4.079999923706055,2.4000000953674316,4.079999923706055,267,0.0,0.0
2009-05-01 00:00:00-04:00,4.079999923706055,4.079999923706055,4.079999923706055,4.079999923706055,0,0.0,0.0
2009-05-04 00:00:00-04:00,4.079999923706055,4.079999923706055,4.079999923706055,4.079999923706055,0,0.0,0.0
2009-05-05 00:00:00-04:00,4.079999923706055,4.079999923706055,4.079999923706055,4.079999923706055,0,0.0,0.0
2009-05-06 00:00:00-04:00,2.4000000953674316,2.4000000953674316,2.4000000953674316,2.4000000953674316,63,0.0,0.0
2009-05-07 00:00:00-04:00,4.079999923706055,4.079999923706055,4.079999923706055,4.079999923706055,83,0.0,0.0
2009-05-08 00:00:00-04:00,3.119999885559082,3.359999895095825,3.119999885559082,3.359999895095825,223,0.0,0.0
2009-05-11 00:00:00-04:00,3.359999895095825,3.359999895095825,3.359999895095825,3.359999895095825,0,0.0,0.0
2009-05-12 00:00:00-04:00,3.359999895095825,3.359999895095825,3.359999895095825,3.359999895095825,0,0.0,0.0
2009-05-13 00:00:00-04:00,3.359999895095825,3.359999895095825,3.359999895095825,3.359999895095825,0,0.0,0.0
2009-05-14 00:00:00-04:00,3.359999895095825,3.359999895095825,3.359999895095825,3.359999895095825,73,0.0,0.0
2009-05-15 00:00:00-04:00,3.359999895095825,3.359999895095825,3.359999895095825,3.359999895095825,0,0.0,0.0
2009-05-18 00:00:00-04:00,3.359999895095825,3.359999895095825,3.359999895095825,3.359999895095825,0,0.0,0.0
2009-05-19 00:00:00-04:00,3.359999895095825,3.359999895095825,3.359999895095825,3.359999895095825,0,0.0,0.0
2009-05-20 00:00:00-04:00,3.359999895095825,3.359999895095825,3.359999895095825,3.359999895095825,0,0.0,0.0
2009-05-21 00:00:00-04:00,3.359999895095825,3.359999895095825,3.359999895095825,3.359999895095825,0,0.0,0.0
2009-05-22 00:00:00-04:00,2.4000000953674316,2.4000000953674316,2.4000000953674316,2.4000000953674316,2031,0.0,0.0
2009-05-26 00:00:00-04:00,2.4000000953674316,2.4000000953674316,2.4000000953674316,2.4000000953674316,0,0.0,0.0
2009-05-27 00:00:00-04:00,2.4000000953674316,2.4000000953674316,2.4000000953674316,2.4000000953674316,0,0.0,0.0
2009-05-28 00:00:00-04:00,2.4000000953674316,2.4000000953674316,2.4000000953674316,2.4000000953674316,0,0.0,0.0
2009-05-29 00:00:00-04:00,2.4000000953674316,2.4000000953674316,2.4000000953674316,2.4000000953674316,0,0.0,0.0
2009-06-01 00:00:00-04:00,2.4000000953674316,2.4000000953674316,2.4000000953674316,2.4000000953674316,38,0.0,0.0
2009-06-02 00:00:00-04:00,2.4000000953674316,2.4000000953674316,2.4000000953674316,2.4000000953674316,0,0.0,0.0
2009-06-03 00:00:00-04:00,2.4000000953674316,2.4000000953674316,2.4000000953674316,2.4000000953674316,0,0.0,0.0
2009-06-04 00:00:00-04:00,2.4000000953674316,2.4000000953674316,2.4000000953674316,2.4000000953674316,104,0.0,0.0
2009-06-05 00:00:00-04:00,2.4000000953674316,2.4000000953674316,2.4000000953674316,2.4000000953674316,0,0.0,0.0
2009-06-08 00:00:00-04:00,2.4000000953674316,2.4000000953674316,2.4000000953674316,2.4000000953674316,0,0.0,0.0
2009-06-09 00:00:00-04:00,2.4000000953674316,2.4000000953674316,2.4000000953674316,2.4000000953674316,0,0.0,0.0
2009-06-10 00:00:00-04:00,2.4000000953674316,2.4000000953674316,2.4000000953674316,2.4000000953674316,0,0.0,0.0
2009-06-11 00:00:00-04:00,2.4000000953674316,2.4000000953674316,2.4000000953674316,2.4000000953674316,0,0.0,0.0
2009-06-12 00:00:00-04:00,2.4000000953674316,2.4000000953674316,2.4000000953674316,2.4000000953674316,0,0.0,0.0
2009-06-15 00:00:00-04:00,2.4000000953674316,2.4000000953674316,2.4000000953674316,2.4000000953674316,0,0.0,0.0
2009-06-16 00:00:00-04:00,2.4000000953674316,2.4000000953674316,2.4000000953674316,2.4000000953674316,0,0.0,0.0
2009-06-17 00:00:00-04:00,2.4000000953674316,2.4000000953674316,2.4000000953674316,2.4000000953674316,0,0.0,0.0
2009-06-18 00:00:00-04:00,2.4000000953674316,2.4000000953674316,2.4000000953674316,2.4000000953674316,0,0.0,0.0
2009-06-19 00:00:00-04:00,2.4000000953674316,2.4000000953674316,2.4000000953674316,2.4000000953674316,0,0.0,0.0
2009-06-22 00:00:00-04:00,2.4000000953674316,2.4000000953674316,2.4000000953674316,2.4000000953674316,0,0.0,0.0
2009-06-23 00:00:00-04:00,2.4000000953674316,2.4000000953674316,2.4000000953674316,2.4000000953674316,0,0.0,0.0
2009-06-24 00:00:00-04:00,2.4000000953674316,2.4000000953674316,2.4000000953674316,2.4000000953674316,0,0.0,0.0
2009-06-25 00:00:00-04:00,2.4000000953674316,2.4000000953674316,2.4000000953674316,2.4000000953674316,0,0.0,0.0
2009-06-26 00:00:00-04:00,2.880000114440918,2.880000114440918,2.880000114440918,2.880000114440918,83,0.0,0.0
2009-06-29 00:00:00-04:00,2.880000114440918,2.880000114440918,2.880000114440918,2.880000114440918,313,0.0,0.0
2009-06-30 00:00:00-04:00,2.880000114440918,2.880000114440918,2.880000114440918,2.880000114440918,104,0.0,0.0
2009-07-01 00:00:00-04:00,2.880000114440918,2.880000114440918,2.880000114440918,2.880000114440918,0,0.0,0.0
2009-07-02 00:00:00-04:00,2.880000114440918,2.880000114440918,2.880000114440918,2.880000114440918,0,0.0,0.0
2009-07-06 00:00:00-04:00,2.880000114440918,2.880000114440918,1.9199999570846558,1.9199999570846558,521,0.0,0.0
2009-07-07 00:00:00-04:00,2.4000000953674316,2.4000000953674316,1.9199999570846558,1.9199999570846558,146,0.0,0.0
2009-07-08 00:00:00-04:00,1.9199999570846558,1.9199999570846558,1.9199999570846558,1.9199999570846558,0,0.0,0.0
2009-07-09 00:00:00-04:00,1.9199999570846558,1.9199999570846558,1.9199999570846558,1.9199999570846558,0,0.0,0.0
2009-07-10 00:00:00-04:00,1.9199999570846558,1.9199999570846558,1.9199999570846558,1.9199999570846558,0,0.0,0.0
2009-07-13 00:00:00-04:00,1.9199999570846558,1.9199999570846558,1.9199999570846558,1.9199999570846558,0,0.0,0.0
2009-07-14 00:00:00-04:00,1.9199999570846558,1.9199999570846558,1.9199999570846558,1.9199999570846558,188,0.0,0.0
2009-07-15 00:00:00-04:00,1.9199999570846558,1.9199999570846558,1.9199999570846558,1.9199999570846558,0,0.0,0.0
2009-07-16 00:00:00-04:00,1.9199999570846558,1.9199999570846558,1.9199999570846558,1.9199999570846558,0,0.0,0.0
2009-07-17 00:00:00-04:00,1.9199999570846558,1.9199999570846558,1.9199999570846558,1.9199999570846558,0,0.0,0.0
2009-07-20 00:00:00-04:00,1.9199999570846558,1.9199999570846558,1.9199999570846558,1.9199999570846558,0,0.0,0.0
2009-07-21 00:00:00-04:00,2.4000000953674316,2.4000000953674316,2.4000000953674316,2.4000000953674316,729,0.0,0.0
2009-07-22 00:00:00-04:00,2.4000000953674316,2.880000114440918,1.9199999570846558,2.880000114440918,833,0.0,0.0
2009-07-23 00:00:00-04:00,2.880000114440918,2.880000114440918,2.880000114440918,2.880000114440918,0,0.0,0.0
2009-07-24 00:00:00-04:00,2.880000114440918,2.880000114440918,2.880000114440918,2.880000114440918,0,0.0,0.0
2009-07-27 00:00:00-04:00,2.880000114440918,2.880000114440918,2.880000114440918,2.880000114440918,0,0.0,0.0
2009-07-28 00:00:00-04:00,2.880000114440918,2.880000114440918,2.880000114440918,2.880000114440918,131,0.0,0.0
2009-07-29 00:00:00-04:00,2.4000000953674316,2.4000000953674316,2.4000000953674316,2.4000000953674316,96,0.0,0.0
2009-07-30 00:00:00-04:00,2.4000000953674316,2.4000000953674316,2.4000000953674316,2.4000000953674316,0,0.0,0.0
2009-07-31 00:00:00-04:00,2.4000000953674316,2.4000000953674316,2.4000000953674316,2.4000000953674316,258,0.0,0.0
2009-08-03 00:00:00-04:00,2.4000000953674316,2.4000000953674316,2.4000000953674316,2.4000000953674316,104,0.0,0.0
2009-08-04 00:00:00-04:00,2.4000000953674316,2.4000000953674316,2.4000000953674316,2.4000000953674316,0,0.0,0.0
2009-08-05 00:00:00-04:00,2.4000000953674316,2.4000000953674316,2.4000000953674316,2.4000000953674316,0,0.0,0.0
2009-08-06 00:00:00-04:00,2.4000000953674316,2.4000000953674316,2.4000000953674316,2.4000000953674316,0,0.0,0.0
2009-08-07 00:00:00-04:00,2.4000000953674316,2.4000000953674316,2.4000000953674316,2.4000000953674316,0,0.0,0.0
2009-08-10 00:00:00-04:00,2.4000000953674316,2.4000000953674316,2.4000000953674316,2.4000000953674316,0,0.0,0.0
2009-08-11 00:00:00-04:00,2.8320000171661377,2.8320000171661377,2.4000000953674316,2.4000000953674316,854,0.0,0.0
2009-08-12 00:00:00-04:00,2.4000000953674316,2.4000000953674316,2.4000000953674316,2.4000000953674316,167,0.0,0.0
2009-08-13 00:00:00-04:00,2.4000000953674316,2.4000000953674316,1.9199999570846558,2.4000000953674316,785,0.0,0.0
2009-08-14 00:00:00-04:00,2.4000000953674316,2.4000000953674316,2.4000000953674316,2.4000000953674316,0,0.0,0.0
2009-08-17 00:00:00-04:00,2.4000000953674316,2.4000000953674316,2.4000000953674316,2.4000000953674316,2,0.0,0.0
2009-08-18 00:00:00-04:00,2.4000000953674316,2.4000000953674316,2.4000000953674316,2.4000000953674316,0,0.0,0.0
2009-08-19 00:00:00-04:00,2.4000000953674316,2.4000000953674316,2.4000000953674316,2.4000000953674316,2,0.0,0.0
2009-08-20 00:00:00-04:00,2.4000000953674316,2.4000000953674316,2.4000000953674316,2.4000000953674316,0,0.0,0.0
2009-08-21 00:00:00-04:00,2.4000000953674316,2.4000000953674316,2.4000000953674316,2.4000000953674316,0,0.0,0.0
2009-08-24 00:00:00-04:00,2.4000000953674316,2.4000000953674316,2.4000000953674316,2.4000000953674316,0,0.0,0.0
2009-08-25 00:00:00-04:00,2.4000000953674316,2.4000000953674316,2.4000000953674316,2.4000000953674316,0,0.0,0.0
2009-08-26 00:00:00-04:00,2.4000000953674316,2.4000000953674316,2.4000000953674316,2.4000000953674316,0,0.0,0.0
2009-08-27 00:00:00-04:00,2.4000000953674316,2.4000000953674316,2.4000000953674316,2.4000000953674316,229,0.0,0.0
2009-08-28 00:00:00-04:00,2.4000000953674316,2.4000000953674316,2.4000000953674316,2.4000000953674316,0,0.0,0.0
2009-08-31 00:00:00-04:00,2.4000000953674316,2.4000000953674316,2.4000000953674316,2.4000000953674316,0,0.0,0.0
2009-09-01 00:00:00-04:00,2.4000000953674316,2.4000000953674316,2.4000000953674316,2.4000000953674316,0,0.0,0.0
2009-09-02 00:00:00-04:00,2.4000000953674316,2.4000000953674316,2.4000000953674316,2.4000000953674316,0,0.0,0.0
2009-09-03 00:00:00-04:00,2.4000000953674316,2.4000000953674316,2.4000000953674316,2.4000000953674316,0,0.0,0.0
2009-09-04 00:00:00-04:00,2.4000000953674316,2.4000000953674316,2.4000000953674316,2.4000000953674316,833,0.0,0.0
2009-09-08 00:00:00-04:00,2.4000000953674316,2.4000000953674316,2.4000000953674316,2.4000000953674316,0,0.0,0.0
2009-09-09 00:00:00-04:00,1.9199999570846558,2.4000000953674316,1.9199999570846558,2.4000000953674316,125,0.0,0.0
2009-09-10 00:00:00-04:00,2.4000000953674316,2.4000000953674316,2.4000000953674316,2.4000000953674316,0,0.0,0.0
2009-09-11 00:00:00-04:00,2.4000000953674316,2.4000000953674316,1.9199999570846558,1.9199999570846558,125,0.0,0.0
2009-09-14 00:00:00-04:00,1.9199999570846558,1.9199999570846558,1.9199999570846558,1.9199999570846558,0,0.0,0.0
2009-09-15 00:00:00-04:00,1.9199999570846558,1.9199999570846558,1.9199999570846558,1.9199999570846558,0,0.0,0.0
2009-09-16 00:00:00-04:00,1.9199999570846558,1.9199999570846558,1.9199999570846558,1.9199999570846558,0,0.0,0.0
2009-09-17 00:00:00-04:00,1.9199999570846558,1.9199999570846558,1.9199999570846558,1.9199999570846558,792,0.0,0.0
2009-09-18 00:00:00-04:00,1.9199999570846558,1.9199999570846558,1.9199999570846558,1.9199999570846558,0,0.0,0.0
2009-09-21 00:00:00-04:00,1.9199999570846558,1.9199999570846558,1.9199999570846558,1.9199999570846558,0,0.0,0.0
2009-09-22 00:00:00-04:00,1.9199999570846558,1.9199999570846558,1.9199999570846558,1.9199999570846558,0,0.0,0.0
2009-09-23 00:00:00-04:00,1.9199999570846558,1.9199999570846558,1.9199999570846558,1.9199999570846558,1094,0.0,0.0
2009-09-24 00:00:00-04:00,1.9199999570846558,1.9199999570846558,1.9199999570846558,1.9199999570846558,0,0.0,0.0
2009-09-25 00:00:00-04:00,1.9199999570846558,1.9199999570846558,1.9199999570846558,1.9199999570846558,256,0.0,0.0
2009-09-28 00:00:00-04:00,1.9199999570846558,1.9199999570846558,1.9199999570846558,1.9199999570846558,0,0.0,0.0
2009-09-29 00:00:00-04:00,1.9199999570846558,1.9199999570846558,1.9199999570846558,1.9199999570846558,0,0.0,0.0
2009-09-30 00:00:00-04:00,1.9199999570846558,1.9199999570846558,1.9199999570846558,1.9199999570846558,0,0.0,0.0
2009-10-01 00:00:00-04:00,1.9199999570846558,1.9199999570846558,1.9199999570846558,1.9199999570846558,0,0.0,0.0
2009-10-02 00:00:00-04:00,1.9199999570846558,1.9199999570846558,1.9199999570846558,1.9199999570846558,729,0.0,0.0
2009-10-05 00:00:00-04:00,1.4880000352859497,2.880000114440918,1.4880000352859497,2.4000000953674316,4821,0.0,0.0
2009-10-06 00:00:00-04:00,2.880000114440918,3.359999895095825,2.880000114440918,3.359999895095825,854,0.0,0.0
2009-10-07 00:00:00-04:00,3.359999895095825,3.359999895095825,3.359999895095825,3.359999895095825,60,0.0,0.0
2009-10-08 00:00:00-04:00,3.8399999141693115,3.8399999141693115,3.8399999141693115,3.8399999141693115,117,0.0,0.0
2009-10-09 00:00:00-04:00,3.8399999141693115,3.8399999141693115,3.359999895095825,3.359999895095825,217,0.0,0.0
2009-10-12 00:00:00-04:00,3.359999895095825,3.359999895095825,3.359999895095825,3.359999895095825,417,0.0,0.0
2009-10-13 00:00:00-04:00,2.880000114440918,3.5999999046325684,2.880000114440918,3.5999999046325684,250,0.0,0.0
2009-10-14 00:00:00-04:00,3.359999895095825,3.5999999046325684,3.119999885559082,3.5999999046325684,833,0.0,0.0
2009-10-15 00:00:00-04:00,3.5999999046325684,3.5999999046325684,3.5999999046325684,3.5999999046325684,0,0.0,0.0
2009-10-16 00:00:00-04:00,3.359999895095825,3.359999895095825,3.359999895095825,3.359999895095825,313,0.0,0.0
2009-10-19 00:00:00-04:00,3.359999895095825,3.359999895095825,3.359999895095825,3.359999895095825,104,0.0,0.0
2009-10-20 00:00:00-04:00,3.359999895095825,3.359999895095825,3.359999895095825,3.359999895095825,104,0.0,0.0
2009-10-21 00:00:00-04:00,3.359999895095825,3.359999895095825,3.359999895095825,3.359999895095825,0,0.0,0.0
2009-10-22 00:00:00-04:00,3.359999895095825,3.359999895095825,3.359999895095825,3.359999895095825,0,0.0,0.0
2009-10-23 00:00:00-04:00,3.359999895095825,3.359999895095825,3.359999895095825,3.359999895095825,0,0.0,0.0
2009-10-26 00:00:00-04:00,3.359999895095825,3.359999895095825,3.359999895095825,3.359999895095825,0,0.0,0.0
2009-10-27 00:00:00-04:00,3.359999895095825,3.359999895095825,3.359999895095825,3.359999895095825,0,0.0,0.0
2009-10-28 00:00:00-04:00,2.880000114440918,3.072000026702881,2.4000000953674316,2.4000000953674316,350,0.0,0.0
2009-10-29 00:00:00-04:00,2.880000114440918,2.880000114440918,2.880000114440918,2.880000114440918,208,0.0,0.0
2009-10-30 00:00:00-04:00,2.880000114440918,3.359999895095825,2.880000114440918,3.359999895095825,646,0.0,0.0
2009-11-02 00:00:00-05:00,3.8399999141693115,3.8399999141693115,3.8399999141693115,3.8399999141693115,248,0.0,0.0
2009-11-03 00:00:00-05:00,3.359999895095825,3.8399999141693115,3.359999895095825,3.8399999141693115,58,0.0,0.0
2009-11-04 00:00:00-05:00,3.8399999141693115,3.8399999141693115,3.8399999141693115,3.8399999141693115,208,0.0,0.0
2009-11-05 00:00:00-05:00,3.8399999141693115,3.8399999141693115,3.8399999141693115,3.8399999141693115,0,0.0,0.0
2009-11-06 00:00:00-05:00,3.8399999141693115,3.8399999141693115,3.8399999141693115,3.8399999141693115,0,0.0,0.0
2009-11-09 00:00:00-05:00,4.559999942779541,4.800000190734863,4.320000171661377,4.559999942779541,550,0.0,0.0
2009-11-10 00:00:00-05:00,4.559999942779541,4.800000190734863,3.8399999141693115,4.800000190734863,1063,0.0,0.0
2009-11-11 00:00:00-05:00,4.800000190734863,4.800000190734863,4.800000190734863,4.800000190734863,0,0.0,0.0
2009-11-12 00:00:00-05:00,4.800000190734863,4.800000190734863,4.800000190734863,4.800000190734863,0,0.0,0.0
2009-11-13 00:00:00-05:00,4.800000190734863,4.800000190734863,4.800000190734863,4.800000190734863,0,0.0,0.0
2009-11-16 00:00:00-05:00,3.8399999141693115,4.320000171661377,3.8399999141693115,4.320000171661377,521,0.0,0.0
2009-11-17 00:00:00-05:00,4.800000190734863,4.800000190734863,4.800000190734863,4.800000190734863,125,0.0,0.0
2009-11-18 00:00:00-05:00,4.800000190734863,4.800000190734863,4.800000190734863,4.800000190734863,0,0.0,0.0
2009-11-19 00:00:00-05:00,4.800000190734863,4.800000190734863,4.800000190734863,4.800000190734863,0,0.0,0.0
2009-11-20 00:00:00-05:00,4.800000190734863,4.800000190734863,4.800000190734863,4.800000190734863,104,0.0,0.0
2009-11-23 00:00:00-05:00,4.800000190734863,4.800000190734863,4.800000190734863,4.800000190734863,0,0.0,0.0
2009-11-24 00:00:00-05:00,4.800000190734863,4.800000190734863,4.800000190734863,4.800000190734863,0,0.0,0.0
2009-11-25 00:00:00-05:00,4.800000190734863,4.800000190734863,4.800000190734863,4.800000190734863,0,0.0,0.0
2009-11-27 00:00:00-05:00,4.800000190734863,4.800000190734863,4.800000190734863,4.800000190734863,0,0.0,0.0
2009-11-30 00:00:00-05:00,3.8399999141693115,4.320000171661377,2.880000114440918,4.320000171661377,717,0.0,0.0
2009-12-01 00:00:00-05:00,3.359999895095825,3.359999895095825,3.359999895095825,3.359999895095825,104,0.0,0.0
2009-12-02 00:00:00-05:00,3.359999895095825,3.359999895095825,3.359999895095825,3.359999895095825,0,0.0,0.0
2009-12-03 00:00:00-05:00,3.359999895095825,3.359999895095825,3.359999895095825,3.359999895095825,71,0.0,0.0
2009-12-04 00:00:00-05:00,3.359999895095825,3.359999895095825,3.359999895095825,3.359999895095825,63,0.0,0.0
2009-12-07 00:00:00-05:00,3.8399999141693115,3.8399999141693115,3.359999895095825,3.359999895095825,208,0.0,0.0
2009-12-08 00:00:00-05:00,3.359999895095825,3.359999895095825,3.359999895095825,3.359999895095825,0,0.0,0.0
2009-12-09 00:00:00-05:00,3.359999895095825,3.359999895095825,3.359999895095825,3.359999895095825,21,0.0,0.0
2009-12-10 00:00:00-05:00,3.359999895095825,3.359999895095825,3.359999895095825,3.359999895095825,0,0.0,0.0
2009-12-11 00:00:00-05:00,3.359999895095825,3.359999895095825,3.359999895095825,3.359999895095825,0,0.0,0.0
2009-12-14 00:00:00-05:00,3.359999895095825,3.359999895095825,3.359999895095825,3.359999895095825,0,0.0,0.0
2009-12-15 00:00:00-05:00,3.359999895095825,3.359999895095825,3.359999895095825,3.359999895095825,0,0.0,0.0
2009-12-16 00:00:00-05:00,3.359999895095825,3.359999895095825,3.359999895095825,3.359999895095825,465,0.0,0.0
2009-12-17 00:00:00-05:00,3.359999895095825,3.359999895095825,3.359999895095825,3.359999895095825,0,0.0,0.0
2009-12-18 00:00:00-05:00,3.359999895095825,3.359999895095825,3.359999895095825,3.359999895095825,83,0.0,0.0
2009-12-21 00:00:00-05:00,3.359999895095825,3.359999895095825,3.359999895095825,3.359999895095825,2,0.0,0.0
2009-12-22 00:00:00-05:00,3.359999895095825,3.5999999046325684,3.0239999294281006,3.5999999046325684,1127,0.0,0.0
2009-12-23 00:00:00-05:00,3.8399999141693115,3.8399999141693115,3.8399999141693115,3.8399999141693115,208,0.0,0.0
2009-12-24 00:00:00-05:00,3.359999895095825,3.8399999141693115,3.359999895095825,3.8399999141693115,438,0.0,0.0
2009-12-28 00:00:00-05:00,3.8399999141693115,4.800000190734863,3.8399999141693115,4.800000190734863,1625,0.0,0.0
2009-12-29 00:00:00-05:00,4.800000190734863,5.28000020980835,3.5999999046325684,4.559999942779541,2871,0.0,0.0
2009-12-30 00:00:00-05:00,4.559999942779541,4.559999942779541,4.464000225067139,4.51200008392334,677,0.0,0.0
2009-12-31 00:00:00-05:00,4.51200008392334,4.51200008392334,4.51200008392334,4.51200008392334,0,0.0,0.0
2010-01-04 00:00:00-05:00,4.51200008392334,4.51200008392334,4.320000171661377,4.320000171661377,125,0.0,0.0
2010-01-05 00:00:00-05:00,4.320000171661377,4.320000171661377,4.320000171661377,4.320000171661377,208,0.0,0.0
2010-01-06 00:00:00-05:00,3.8399999141693115,3.8399999141693115,3.119999885559082,3.119999885559082,1563,0.0,0.0
2010-01-07 00:00:00-05:00,4.320000171661377,4.559999942779541,4.320000171661377,4.559999942779541,1313,0.0,0.0
2010-01-08 00:00:00-05:00,4.320000171661377,4.559999942779541,4.320000171661377,4.559999942779541,625,0.0,0.0
2010-01-11 00:00:00-05:00,4.320000171661377,4.559999942779541,4.320000171661377,4.320000171661377,2652,0.0,0.0
2010-01-12 00:00:00-05:00,4.320000171661377,5.039999961853027,4.320000171661377,5.039999961853027,3208,0.0,0.0
2010-01-13 00:00:00-05:00,4.800000190734863,5.760000228881836,4.800000190734863,5.760000228881836,938,0.0,0.0
2010-01-14 00:00:00-05:00,5.760000228881836,5.760000228881836,5.760000228881836,5.760000228881836,0,0.0,0.0
2010-01-15 00:00:00-05:00,5.760000228881836,5.760000228881836,4.800000190734863,4.800000190734863,2781,0.0,0.0
2010-01-19 00:00:00-05:00,4.800000190734863,5.28000020980835,4.800000190734863,4.800000190734863,3713,0.0,0.0
2010-01-20 00:00:00-05:00,4.368000030517578,5.760000228881836,4.368000030517578,5.28000020980835,379,0.0,0.0
2010-01-21 00:00:00-05:00,5.760000228881836,7.199999809265137,5.760000228881836,6.239999771118164,2710,0.0,0.0
2010-01-22 00:00:00-05:00,7.199999809265137,7.679999828338623,6.239999771118164,6.71999979019165,2458,0.0,0.0
2010-01-25 00:00:00-05:00,6.71999979019165,6.71999979019165,6.71999979019165,6.71999979019165,375,0.0,0.0
2010-01-26 00:00:00-05:00,7.199999809265137,9.600000381469727,6.71999979019165,8.640000343322754,6613,0.0,0.0
2010-01-27 00:00:00-05:00,8.640000343322754,9.119999885559082,5.760000228881836,8.15999984741211,2371,0.0,0.0
2010-01-28 00:00:00-05:00,7.679999828338623,9.359999656677246,7.679999828338623,8.880000114440918,2175,0.0,0.0
2010-01-29 00:00:00-05:00,9.119999885559082,9.359999656677246,8.640000343322754,9.359999656677246,250,0.0,0.0
2010-02-01 00:00:00-05:00,9.359999656677246,9.359999656677246,8.640000343322754,8.640000343322754,271,0.0,0.0
2010-02-02 00:00:00-05:00,9.119999885559082,10.5600004196167,9.119999885559082,10.5600004196167,1371,0.0,0.0
2010-02-03 00:00:00-05:00,10.5600004196167,10.5600004196167,8.15999984741211,9.119999885559082,944,0.0,0.0
2010-02-04 00:00:00-05:00,8.15999984741211,9.119999885559082,8.15999984741211,9.119999885559082,229,0.0,0.0
2010-02-05 00:00:00-05:00,9.119999885559082,9.119999885559082,8.399999618530273,8.640000343322754,167,0.0,0.0
2010-02-08 00:00:00-05:00,8.640000343322754,8.640000343322754,7.199999809265137,7.199999809265137,2177,0.0,0.0
2010-02-09 00:00:00-05:00,7.679999828338623,8.640000343322754,7.679999828338623,8.640000343322754,313,0.0,0.0
2010-02-10 00:00:00-05:00,7.199999809265137,8.15999984741211,6.239999771118164,7.679999828338623,1577,0.0,0.0
2010-02-11 00:00:00-05:00,6.71999979019165,7.199999809265137,6.239999771118164,7.199999809265137,819,0.0,0.0
2010-02-12 00:00:00-05:00,6.71999979019165,7.199999809265137,5.760000228881836,7.199999809265137,192,0.0,0.0
2010-02-16 00:00:00-05:00,5.760000228881836,7.199999809265137,5.760000228881836,7.199999809265137,715,0.0,0.0
2010-02-17 00:00:00-05:00,6.239999771118164,7.199999809265137,5.184000015258789,7.199999809265137,748,0.0,0.0
2010-02-18 00:00:00-05:00,6.0,7.199999809265137,6.0,7.199999809265137,240,0.0,0.0
2010-02-19 00:00:00-05:00,5.328000068664551,7.199999809265137,5.328000068664551,7.199999809265137,106,0.0,0.0
2010-02-22 00:00:00-05:00,7.199999809265137,7.679999828338623,7.199999809265137,7.679999828338623,729,0.0,0.0
2010-02-23 00:00:00-05:00,7.679999828338623,9.600000381469727,7.199999809265137,9.119999885559082,2485,0.0,0.0
2010-02-24 00:00:00-05:00,7.679999828338623,9.600000381469727,7.199999809265137,9.600000381469727,510,0.0,0.0
2010-02-25 00:00:00-05:00,8.15999984741211,10.5600004196167,8.15999984741211,10.5600004196167,1490,0.0,0.0
2010-02-26 00:00:00-05:00,10.079999923706055,10.5600004196167,7.679999828338623,10.079999923706055,1071,0.0,0.0
2010-03-01 00:00:00-05:00,8.640000343322754,10.5600004196167,8.640000343322754,10.5600004196167,494,0.0,0.0
2010-03-02 00:00:00-05:00,9.600000381469727,10.5600004196167,7.679999828338623,10.5600004196167,1204,0.0,0.0
2010-03-03 00:00:00-05:00,10.079999923706055,12.479999542236328,10.079999923706055,11.520000457763672,3365,0.0,0.0
2010-03-04 00:00:00-05:00,11.520000457763672,11.520000457763672,11.520000457763672,11.520000457763672,0,0.0,0.0
2010-03-05 00:00:00-05:00,10.5600004196167,11.039999961853027,9.119999885559082,11.039999961853027,508,0.0,0.0
2010-03-08 00:00:00-05:00,8.640000343322754,9.984000205993652,8.640000343322754,9.119999885559082,315,0.0,0.0
2010-03-09 00:00:00-05:00,9.119999885559082,9.119999885559082,9.119999885559082,9.119999885559082,625,0.0,0.0
2010-03-10 00:00:00-05:00,9.600000381469727,10.5600004196167,9.600000381469727,10.5600004196167,21,0.0,0.0
2010-03-11 00:00:00-05:00,9.600000381469727,10.5600004196167,8.640000343322754,10.5600004196167,1200,0.0,0.0
2010-03-12 00:00:00-05:00,10.5600004196167,12.0,10.5600004196167,10.5600004196167,1292,0.0,0.0
2010-03-15 00:00:00-04:00,11.039999961853027,11.520000457763672,11.039999961853027,11.520000457763672,1125,0.0,0.0
2010-03-16 00:00:00-04:00,10.079999923706055,10.895999908447266,10.079999923706055,10.895999908447266,125,0.0,0.0
2010-03-17 00:00:00-04:00,11.039999961853027,12.0,10.5600004196167,12.0,3575,0.0,0.0
2010-03-18 00:00:00-04:00,11.039999961853027,12.0,10.5600004196167,12.0,992,0.0,0.0
2010-03-19 00:00:00-04:00,12.0,12.239999771118164,11.520000457763672,12.0,4600,0.0,0.0
2010-03-22 00:00:00-04:00,12.479999542236328,13.4399995803833,11.520000457763672,13.4399995803833,1369,0.0,0.0
2010-03-23 00:00:00-04:00,12.479999542236328,12.479999542236328,12.239999771118164,12.239999771118164,146,0.0,0.0
2010-03-24 00:00:00-04:00,12.0,12.479999542236328,11.520000457763672,12.0,702,0.0,0.0
2010-03-25 00:00:00-04:00,11.039999961853027,11.520000457763672,11.039999961853027,11.520000457763672,135,0.0,0.0
2010-03-26 00:00:00-04:00,10.5600004196167,10.5600004196167,9.791999816894531,9.791999816894531,1160,0.0,0.0
2010-03-29 00:00:00-04:00,9.119999885559082,10.5600004196167,8.640000343322754,10.5600004196167,1708,0.0,0.0
2010-03-30 00:00:00-04:00,10.5600004196167,10.5600004196167,10.079999923706055,10.5600004196167,219,0.0,0.0
2010-03-31 00:00:00-04:00,10.5600004196167,10.5600004196167,10.5600004196167,10.5600004196167,0,0.0,0.0
2010-04-01 00:00:00-04:00,8.640000343322754,10.5600004196167,8.15999984741211,10.5600004196167,867,0.0,0.0
2010-04-05 00:00:00-04:00,10.5600004196167,10.5600004196167,10.5600004196167,10.5600004196167,2,0.0,0.0
2010-04-06 00:00:00-04:00,10.5600004196167,10.5600004196167,10.5600004196167,10.5600004196167,0,0.0,0.0
2010-04-07 00:00:00-04:00,8.15999984741211,10.5600004196167,8.15999984741211,9.600000381469727,281,0.0,0.0
2010-04-08 00:00:00-04:00,9.119999885559082,10.5600004196167,8.15999984741211,10.5600004196167,271,0.0,0.0
2010-04-09 00:00:00-04:00,9.600000381469727,10.5600004196167,8.15999984741211,10.5600004196167,744,0.0,0.0
2010-04-12 00:00:00-04:00,10.5600004196167,10.5600004196167,10.5600004196167,10.5600004196167,0,0.0,0.0
2010-04-13 00:00:00-04:00,10.079999923706055,10.079999923706055,9.600000381469727,10.079999923706055,554,0.0,0.0
2010-04-14 00:00:00-04:00,10.079999923706055,10.5600004196167,8.15999984741211,10.5600004196167,413,0.0,0.0
2010-04-15 00:00:00-04:00,10.5600004196167,10.5600004196167,10.5600004196167,10.5600004196167,0,0.0,0.0
2010-04-16 00:00:00-04:00,10.5600004196167,10.5600004196167,10.5600004196167,10.5600004196167,0,0.0,0.0
2010-04-19 00:00:00-04:00,9.600000381469727,10.5600004196167,9.600000381469727,10.5600004196167,83,0.0,0.0
2010-04-20 00:00:00-04:00,10.079999923706055,10.079999923706055,10.079999923706055,10.079999923706055,42,0.0,0.0
2010-04-21 00:00:00-04:00,9.600000381469727,10.079999923706055,9.600000381469727,10.079999923706055,83,0.0,0.0
2010-04-22 00:00:00-04:00,10.079999923706055,10.079999923706055,8.15999984741211,10.079999923706055,594,0.0,0.0
2010-04-23 00:00:00-04:00,9.119999885559082,9.119999885559082,9.119999885559082,9.119999885559082,215,0.0,0.0
2010-04-26 00:00:00-04:00,10.079999923706055,10.079999923706055,8.15999984741211,10.079999923706055,685,0.0,0.0
2010-04-27 00:00:00-04:00,7.199999809265137,10.079999923706055,7.199999809265137,10.079999923706055,79,0.0,0.0
2010-04-28 00:00:00-04:00,10.079999923706055,10.079999923706055,10.079999923706055,10.079999923706055,0,0.0,0.0
2010-04-29 00:00:00-04:00,10.079999923706055,10.079999923706055,10.079999923706055,10.079999923706055,0,0.0,0.0
2010-04-30 00:00:00-04:00,10.079999923706055,10.079999923706055,10.079999923706055,10.079999923706055,0,0.0,0.0
2010-05-03 00:00:00-04:00,9.600000381469727,9.600000381469727,9.600000381469727,9.600000381469727,469,0.0,0.0
2010-05-04 00:00:00-04:00,9.119999885559082,9.600000381469727,7.199999809265137,9.600000381469727,319,0.0,0.0
2010-05-05 00:00:00-04:00,9.600000381469727,9.600000381469727,9.600000381469727,9.600000381469727,0,0.0,0.0
2010-05-06 00:00:00-04:00,7.199999809265137,9.600000381469727,7.199999809265137,9.600000381469727,610,0.0,0.0
2010-05-07 00:00:00-04:00,9.600000381469727,9.600000381469727,4.320000171661377,8.640000343322754,1021,0.0,0.0
2010-05-10 00:00:00-04:00,7.199999809265137,9.600000381469727,7.199999809265137,9.119999885559082,817,0.0,0.0
2010-05-11 00:00:00-04:00,7.199999809265137,9.600000381469727,6.239999771118164,9.600000381469727,913,0.0,0.0
2010-05-12 00:00:00-04:00,7.199999809265137,9.600000381469727,6.239999771118164,9.600000381469727,792,0.0,0.0
2010-05-13 00:00:00-04:00,7.199999809265137,9.119999885559082,7.199999809265137,9.119999885559082,948,0.0,0.0
2010-05-14 00:00:00-04:00,7.199999809265137,7.679999828338623,5.760000228881836,7.199999809265137,2967,0.0,0.0
2010-05-17 00:00:00-04:00,5.760000228881836,6.239999771118164,5.28000020980835,6.239999771118164,875,0.0,0.0
2010-05-18 00:00:00-04:00,6.239999771118164,6.239999771118164,6.239999771118164,6.239999771118164,208,0.0,0.0
2010-05-19 00:00:00-04:00,4.320000171661377,6.71999979019165,3.359999895095825,6.71999979019165,1883,0.0,0.0
2010-05-20 00:00:00-04:00,6.239999771118164,6.239999771118164,5.760000228881836,5.760000228881836,833,0.0,0.0
2010-05-21 00:00:00-04:00,5.760000228881836,5.760000228881836,4.800000190734863,5.760000228881836,1798,0.0,0.0
2010-05-24 00:00:00-04:00,4.800000190734863,5.28000020980835,4.800000190734863,5.28000020980835,250,0.0,0.0
2010-05-25 00:00:00-04:00,4.320000171661377,4.800000190734863,3.359999895095825,4.800000190734863,569,0.0,0.0
2010-05-26 00:00:00-04:00,4.800000190734863,4.800000190734863,4.800000190734863,4.800000190734863,0,0.0,0.0
2010-05-27 00:00:00-04:00,4.800000190734863,4.800000190734863,4.800000190734863,4.800000190734863,0,0.0,0.0
2010-05-28 00:00:00-04:00,4.320000171661377,5.28000020980835,4.320000171661377,5.28000020980835,292,0.0,0.0
2010-06-01 00:00:00-04:00,3.8399999141693115,5.28000020980835,3.8399999141693115,5.28000020980835,146,0.0,0.0
2010-06-02 00:00:00-04:00,5.28000020980835,6.239999771118164,5.28000020980835,6.239999771118164,179,0.0,0.0
2010-06-03 00:00:00-04:00,6.239999771118164,6.239999771118164,6.239999771118164,6.239999771118164,0,0.0,0.0
2010-06-04 00:00:00-04:00,6.239999771118164,6.239999771118164,6.239999771118164,6.239999771118164,0,0.0,0.0
2010-06-07 00:00:00-04:00,5.28000020980835,6.239999771118164,4.800000190734863,4.800000190734863,750,0.0,0.0
2010-06-08 00:00:00-04:00,4.800000190734863,4.800000190734863,4.800000190734863,4.800000190734863,0,0.0,0.0
2010-06-09 00:00:00-04:00,4.800000190734863,7.679999828338623,4.800000190734863,7.679999828338623,917,0.0,0.0
2010-06-10 00:00:00-04:00,7.679999828338623,7.679999828338623,7.679999828338623,7.679999828338623,0,0.0,0.0
2010-06-11 00:00:00-04:00,7.679999828338623,7.679999828338623,7.679999828338623,7.679999828338623,0,0.0,0.0
2010-06-14 00:00:00-04:00,8.640000343322754,8.640000343322754,8.640000343322754,8.640000343322754,4,0.0,0.0
2010-06-15 00:00:00-04:00,8.640000343322754,8.640000343322754,8.640000343322754,8.640000343322754,0,0.0,0.0
2010-06-16 00:00:00-04:00,5.760000228881836,7.199999809265137,5.760000228881836,7.199999809265137,115,0.0,0.0
2010-06-17 00:00:00-04:00,5.760000228881836,7.199999809265137,5.28000020980835,5.28000020980835,48,0.0,0.0
2010-06-18 00:00:00-04:00,4.800000190734863,4.800000190734863,4.800000190734863,4.800000190734863,104,0.0,0.0
2010-06-21 00:00:00-04:00,7.199999809265137,7.199999809265137,7.199999809265137,7.199999809265137,42,0.0,0.0
2010-06-22 00:00:00-04:00,7.199999809265137,7.199999809265137,7.199999809265137,7.199999809265137,0,0.0,0.0
2010-06-23 00:00:00-04:00,7.199999809265137,7.199999809265137,7.199999809265137,7.199999809265137,0,0.0,0.0
2010-06-24 00:00:00-04:00,7.199999809265137,7.199999809265137,7.199999809265137,7.199999809265137,0,0.0,0.0
2010-06-25 00:00:00-04:00,7.199999809265137,7.199999809265137,7.199999809265137,7.199999809265137,0,0.0,0.0
2010-06-28 00:00:00-04:00,5.28000020980835,7.199999809265137,5.28000020980835,7.199999809265137,173,0.0,0.0
2010-06-29 00:00:00-04:00,7.199999809265137,8.640000343322754,7.199999809265137,8.640000343322754,2294,0.0,0.0
2010-06-30 00:00:00-04:00,7.199999809265137,8.640000343322754,7.199999809265137,8.640000343322754,292,0.0,0.0
2010-07-01 00:00:00-04:00,7.199999809265137,8.640000343322754,7.199999809265137,8.640000343322754,250,0.0,0.0
2010-07-02 00:00:00-04:00,7.199999809265137,7.199999809265137,7.199999809265137,7.199999809265137,10,0.0,0.0
2010-07-06 00:00:00-04:00,7.199999809265137,7.920000076293945,7.199999809265137,7.199999809265137,156,0.0,0.0
2010-07-07 00:00:00-04:00,7.199999809265137,7.199999809265137,7.199999809265137,7.199999809265137,125,0.0,0.0
2010-07-08 00:00:00-04:00,7.679999828338623,8.640000343322754,7.199999809265137,8.640000343322754,2375,0.0,0.0
2010-07-09 00:00:00-04:00,8.640000343322754,8.640000343322754,8.640000343322754,8.640000343322754,125,0.0,0.0
2010-07-12 00:00:00-04:00,7.199999809265137,7.440000057220459,7.199999809265137,7.440000057220459,500,0.0,0.0
2010-07-13 00:00:00-04:00,7.535999774932861,7.679999828338623,7.535999774932861,7.679999828338623,208,0.0,0.0
2010-07-14 00:00:00-04:00,8.15999984741211,8.15999984741211,8.15999984741211,8.15999984741211,260,0.0,0.0
2010-07-15 00:00:00-04:00,8.15999984741211,8.15999984741211,8.15999984741211,8.15999984741211,0,0.0,0.0
2010-07-16 00:00:00-04:00,8.15999984741211,8.15999984741211,8.15999984741211,8.15999984741211,0,0.0,0.0
2010-07-19 00:00:00-04:00,8.640000343322754,8.640000343322754,7.679999828338623,7.679999828338623,440,0.0,0.0
2010-07-20 00:00:00-04:00,7.679999828338623,7.679999828338623,7.679999828338623,7.679999828338623,4,0.0,0.0
2010-07-21 00:00:00-04:00,7.920000076293945,8.640000343322754,7.679999828338623,7.920000076293945,2031,0.0,0.0
2010-07-22 00:00:00-04:00,8.15999984741211,8.15999984741211,7.920000076293945,7.920000076293945,292,0.0,0.0
2010-07-23 00:00:00-04:00,8.15999984741211,8.15999984741211,8.15999984741211,8.15999984741211,10,0.0,0.0
2010-07-26 00:00:00-04:00,7.920000076293945,7.920000076293945,7.920000076293945,7.920000076293945,752,0.0,0.0
2010-07-27 00:00:00-04:00,7.679999828338623,7.679999828338623,7.679999828338623,7.679999828338623,438,0.0,0.0
2010-07-28 00:00:00-04:00,7.679999828338623,7.679999828338623,7.679999828338623,7.679999828338623,344,0.0,0.0
2010-07-29 00:00:00-04:00,9.119999885559082,9.119999885559082,9.119999885559082,9.119999885559082,217,0.0,0.0
2010-07-30 00:00:00-04:00,8.399999618530273,8.399999618530273,8.399999618530273,8.399999618530273,104,0.0,0.0
2010-08-02 00:00:00-04:00,8.640000343322754,8.640000343322754,7.679999828338623,7.679999828338623,688,0.0,0.0
2010-08-03 00:00:00-04:00,7.679999828338623,7.679999828338623,7.679999828338623,7.679999828338623,0,0.0,0.0
2010-08-04 00:00:00-04:00,7.679999828338623,7.679999828338623,7.440000057220459,7.440000057220459,1356,0.0,0.0
2010-08-05 00:00:00-04:00,7.679999828338623,7.679999828338623,7.679999828338623,7.679999828338623,104,0.0,0.0
2010-08-06 00:00:00-04:00,7.440000057220459,8.640000343322754,7.440000057220459,8.640000343322754,1094,0.0,0.0
2010-08-09 00:00:00-04:00,7.440000057220459,7.440000057220459,7.440000057220459,7.440000057220459,208,0.0,0.0
2010-08-10 00:00:00-04:00,7.679999828338623,8.640000343322754,7.679999828338623,8.640000343322754,358,0.0,0.0
2010-08-11 00:00:00-04:00,8.640000343322754,8.640000343322754,7.440000057220459,7.440000057220459,438,0.0,0.0
2010-08-12 00:00:00-04:00,7.440000057220459,7.440000057220459,7.440000057220459,7.440000057220459,0,0.0,0.0
2010-08-13 00:00:00-04:00,7.440000057220459,7.440000057220459,7.199999809265137,7.199999809265137,652,0.0,0.0
2010-08-16 00:00:00-04:00,8.640000343322754,9.600000381469727,7.199999809265137,9.600000381469727,5675,0.0,0.0
2010-08-17 00:00:00-04:00,9.600000381469727,12.0,9.119999885559082,12.0,1952,0.0,0.0
2010-08-18 00:00:00-04:00,12.0,12.0,10.5600004196167,11.520000457763672,3156,0.0,0.0
2010-08-19 00:00:00-04:00,11.039999961853027,11.520000457763672,8.640000343322754,8.640000343322754,2275,0.0,0.0
2010-08-20 00:00:00-04:00,8.640000343322754,12.0,8.640000343322754,12.0,969,0.0,0.0
2010-08-23 00:00:00-04:00,10.223999977111816,12.0,8.15999984741211,12.0,3727,0.0,0.0
2010-08-24 00:00:00-04:00,12.0,12.960000038146973,11.039999961853027,12.0,5202,0.0,0.0
2010-08-25 00:00:00-04:00,12.0,12.0,11.039999961853027,12.0,1621,0.0,0.0
2010-08-26 00:00:00-04:00,11.760000228881836,12.0,11.520000457763672,12.0,2281,0.0,0.0
2010-08-27 00:00:00-04:00,11.039999961853027,12.0,9.600000381469727,9.600000381469727,1954,0.0,0.0
2010-08-30 00:00:00-04:00,9.600000381469727,11.039999961853027,9.600000381469727,10.5600004196167,1594,0.0,0.0
2010-08-31 00:00:00-04:00,11.039999961853027,11.520000457763672,10.5600004196167,10.5600004196167,1823,0.0,0.0
2010-09-01 00:00:00-04:00,11.039999961853027,12.0,10.079999923706055,10.079999923706055,5438,0.0,0.0
2010-09-02 00:00:00-04:00,10.5600004196167,10.5600004196167,9.600000381469727,9.600000381469727,1146,0.0,0.0
2010-09-03 00:00:00-04:00,9.600000381469727,9.600000381469727,9.600000381469727,9.600000381469727,188,0.0,0.0
2010-09-07 00:00:00-04:00,9.119999885559082,9.84000015258789,9.119999885559082,9.600000381469727,646,0.0,0.0
2010-09-08 00:00:00-04:00,10.079999923706055,10.079999923706055,10.079999923706055,10.079999923706055,156,0.0,0.0
2010-09-09 00:00:00-04:00,10.5600004196167,12.479999542236328,10.079999923706055,12.479999542236328,1271,0.0,0.0
2010-09-10 00:00:00-04:00,12.479999542236328,12.479999542236328,12.0,12.0,152,0.0,0.0
2010-09-13 00:00:00-04:00,12.0,12.0,11.520000457763672,11.520000457763672,29,0.0,0.0
2010-09-14 00:00:00-04:00,11.520000457763672,11.520000457763672,11.520000457763672,11.520000457763672,0,0.0,0.0
2010-09-15 00:00:00-04:00,11.520000457763672,11.520000457763672,7.679999828338623,9.600000381469727,1829,0.0,0.0
2010-09-16 00:00:00-04:00,9.600000381469727,9.600000381469727,9.600000381469727,9.600000381469727,104,0.0,0.0
2010-09-17 00:00:00-04:00,9.600000381469727,9.600000381469727,9.600000381469727,9.600000381469727,177,0.0,0.0
2010-09-20 00:00:00-04:00,9.600000381469727,9.600000381469727,7.679999828338623,7.679999828338623,354,0.0,0.0
2010-09-21 00:00:00-04:00,7.872000217437744,7.872000217437744,7.199999809265137,7.199999809265137,1990,0.0,0.0
2010-09-22 00:00:00-04:00,7.199999809265137,9.119999885559082,7.199999809265137,9.119999885559082,717,0.0,0.0
2010-09-23 00:00:00-04:00,9.119999885559082,9.119999885559082,9.119999885559082,9.119999885559082,0,0.0,0.0
2010-09-24 00:00:00-04:00,8.15999984741211,9.071999549865723,7.199999809265137,7.199999809265137,260,0.0,0.0
2010-09-27 00:00:00-04:00,7.199999809265137,7.199999809265137,7.199999809265137,7.199999809265137,94,0.0,0.0
2010-09-28 00:00:00-04:00,9.119999885559082,9.552000045776367,9.119999885559082,9.552000045776367,292,0.0,0.0
2010-09-29 00:00:00-04:00,9.600000381469727,10.079999923706055,9.119999885559082,10.079999923706055,2406,0.0,0.0
2010-09-30 00:00:00-04:00,10.5600004196167,10.5600004196167,9.119999885559082,9.119999885559082,1598,0.0,0.0
2010-10-01 00:00:00-04:00,9.600000381469727,9.600000381469727,9.119999885559082,9.119999885559082,1767,0.0,0.0
2010-10-04 00:00:00-04:00,8.15999984741211,9.600000381469727,7.48799991607666,9.600000381469727,206,0.0,0.0
2010-10-05 00:00:00-04:00,9.600000381469727,9.600000381469727,9.600000381469727,9.600000381469727,44,0.0,0.0
2010-10-06 00:00:00-04:00,9.552000045776367,9.600000381469727,9.119999885559082,9.119999885559082,354,0.0,0.0
2010-10-07 00:00:00-04:00,9.600000381469727,10.5600004196167,9.600000381469727,9.600000381469727,1458,0.0,0.0
2010-10-08 00:00:00-04:00,11.520000457763672,11.520000457763672,9.600000381469727,10.5600004196167,2963,0.0,0.0
2010-10-11 00:00:00-04:00,10.5600004196167,10.5600004196167,9.119999885559082,9.119999885559082,2298,0.0,0.0
2010-10-12 00:00:00-04:00,9.119999885559082,9.119999885559082,9.119999885559082,9.119999885559082,583,0.0,0.0
2010-10-13 00:00:00-04:00,9.119999885559082,9.119999885559082,8.15999984741211,8.15999984741211,521,0.0,0.0
2010-10-14 00:00:00-04:00,7.728000164031982,9.119999885559082,6.239999771118164,7.199999809265137,5010,0.0,0.0
2010-10-15 00:00:00-04:00,7.199999809265137,7.199999809265137,7.199999809265137,7.199999809265137,333,0.0,0.0
2010-10-18 00:00:00-04:00,6.71999979019165,6.71999979019165,5.760000228881836,6.239999771118164,1771,0.0,0.0
2010-10-19 00:00:00-04:00,5.808000087738037,6.71999979019165,5.423999786376953,6.71999979019165,2550,0.0,0.0
2010-10-20 00:00:00-04:00,6.239999771118164,7.199999809265137,6.239999771118164,6.239999771118164,1935,0.0,0.0
2010-10-21 00:00:00-04:00,6.239999771118164,7.199999809265137,5.664000034332275,5.664000034332275,1042,0.0,0.0
2010-10-22 00:00:00-04:00,5.0879998207092285,5.664000034332275,5.0879998207092285,5.184000015258789,1500,0.0,0.0
2010-10-25 00:00:00-04:00,5.0879998207092285,5.184000015258789,5.0879998207092285,5.184000015258789,1117,0.0,0.0
2010-10-26 00:00:00-04:00,5.0879998207092285,5.0879998207092285,5.0879998207092285,5.0879998207092285,54,0.0,0.0
2010-10-27 00:00:00-04:00,5.0879998207092285,5.28000020980835,4.320000171661377,4.320000171661377,1427,0.0,0.0
2010-10-28 00:00:00-04:00,5.28000020980835,5.28000020980835,5.28000020980835,5.28000020980835,417,0.0,0.0
2010-10-29 00:00:00-04:00,5.28000020980835,5.28000020980835,5.28000020980835,5.28000020980835,0,0.0,0.0
2010-11-01 00:00:00-04:00,4.320000171661377,4.320000171661377,4.320000171661377,4.320000171661377,217,0.0,0.0
2010-11-02 00:00:00-04:00,4.079999923706055,4.079999923706055,3.8399999141693115,4.079999923706055,419,0.0,0.0
2010-11-03 00:00:00-04:00,3.696000099182129,3.696000099182129,3.696000099182129,3.696000099182129,602,0.0,0.0
2010-11-04 00:00:00-04:00,3.696000099182129,3.8399999141693115,3.696000099182129,3.8399999141693115,1958,0.0,0.0
2010-11-05 00:00:00-04:00,3.8399999141693115,3.8399999141693115,2.880000114440918,3.359999895095825,3625,0.0,0.0
2010-11-08 00:00:00-05:00,3.359999895095825,3.359999895095825,3.359999895095825,3.359999895095825,313,0.0,0.0
2010-11-09 00:00:00-05:00,3.359999895095825,3.359999895095825,3.359999895095825,3.359999895095825,0,0.0,0.0
2010-11-10 00:00:00-05:00,3.359999895095825,3.359999895095825,2.4000000953674316,2.4000000953674316,2292,0.0,0.0
2010-11-11 00:00:00-05:00,2.4000000953674316,2.4000000953674316,2.4000000953674316,2.4000000953674316,125,0.0,0.0
2010-11-12 00:00:00-05:00,2.4000000953674316,2.640000104904175,2.4000000953674316,2.640000104904175,1617,0.0,0.0
2010-11-15 00:00:00-05:00,2.4000000953674316,2.640000104904175,2.4000000953674316,2.4000000953674316,690,0.0,0.0
2010-11-16 00:00:00-05:00,2.4000000953674316,2.4000000953674316,2.4000000953674316,2.4000000953674316,1500,0.0,0.0
2010-11-17 00:00:00-05:00,2.4000000953674316,2.4000000953674316,2.4000000953674316,2.4000000953674316,42,0.0,0.0
2010-11-18 00:00:00-05:00,2.4000000953674316,2.4000000953674316,2.4000000953674316,2.4000000953674316,83,0.0,0.0
2010-11-19 00:00:00-05:00,2.4000000953674316,2.4000000953674316,2.4000000953674316,2.4000000953674316,146,0.0,0.0
2010-11-22 00:00:00-05:00,2.4000000953674316,2.4000000953674316,2.4000000953674316,2.4000000953674316,352,0.0,0.0
2010-11-23 00:00:00-05:00,2.4000000953674316,4.559999942779541,2.4000000953674316,3.8399999141693115,9525,0.0,0.0
2010-11-24 00:00:00-05:00,3.359999895095825,3.359999895095825,2.4000000953674316,2.4000000953674316,717,0.0,0.0
2010-11-26 00:00:00-05:00,2.4000000953674316,3.119999885559082,2.4000000953674316,3.119999885559082,1396,0.0,0.0
2010-11-29 00:00:00-05:00,3.119999885559082,3.119999885559082,3.119999885559082,3.119999885559082,492,0.0,0.0
2010-11-30 00:00:00-05:00,2.880000114440918,2.880000114440918,2.880000114440918,2.880000114440918,133,0.0,0.0
2010-12-01 00:00:00-05:00,2.4000000953674316,2.4000000953674316,2.4000000953674316,2.4000000953674316,1231,0.0,0.0
2010-12-02 00:00:00-05:00,2.4000000953674316,2.4000000953674316,1.9199999570846558,1.9199999570846558,760,0.0,0.0
2010-12-03 00:00:00-05:00,1.9199999570846558,2.4000000953674316,1.9199999570846558,2.4000000953674316,1208,0.0,0.0
2010-12-06 00:00:00-05:00,2.063999891281128,2.063999891281128,2.063999891281128,2.063999891281128,104,0.0,0.0
2010-12-07 00:00:00-05:00,2.063999891281128,2.063999891281128,2.063999891281128,2.063999891281128,0,0.0,0.0
2010-12-08 00:00:00-05:00,2.063999891281128,2.063999891281128,2.063999891281128,2.063999891281128,0,0.0,0.0
2010-12-09 00:00:00-05:00,2.063999891281128,2.063999891281128,2.063999891281128,2.063999891281128,0,0.0,0.0
2010-12-10 00:00:00-05:00,2.063999891281128,2.063999891281128,2.063999891281128,2.063999891281128,0,0.0,0.0
2010-12-13 00:00:00-05:00,2.4000000953674316,2.4000000953674316,2.4000000953674316,2.4000000953674316,440,0.0,0.0
2010-12-14 00:00:00-05:00,2.880000114440918,3.119999885559082,2.4000000953674316,2.4000000953674316,1629,0.0,0.0
2010-12-15 00:00:00-05:00,2.4000000953674316,2.4000000953674316,1.7760000228881836,1.7760000228881836,1329,0.0,0.0
2010-12-16 00:00:00-05:00,3.503999948501587,3.503999948501587,3.503999948501587,3.503999948501587,19,0.0,0.0
2010-12-17 00:00:00-05:00,3.503999948501587,3.503999948501587,3.503999948501587,3.503999948501587,0,0.0,0.0
2010-12-20 00:00:00-05:00,3.503999948501587,3.503999948501587,3.503999948501587,3.503999948501587,0,0.0,0.0
2010-12-21 00:00:00-05:00,3.503999948501587,3.503999948501587,3.503999948501587,3.503999948501587,0,0.0,0.0
2010-12-22 00:00:00-05:00,3.503999948501587,3.503999948501587,3.503999948501587,3.503999948501587,0,0.0,0.0
2010-12-23 00:00:00-05:00,3.503999948501587,3.503999948501587,3.503999948501587,3.503999948501587,0,0.0,0.0
2010-12-27 00:00:00-05:00,2.1600000858306885,2.1600000858306885,1.7760000228881836,1.7760000228881836,1375,0.0,0.0
2010-12-28 00:00:00-05:00,1.9199999570846558,1.9199999570846558,1.7760000228881836,1.7760000228881836,833,0.0,0.0
2010-12-29 00:00:00-05:00,1.8240000009536743,1.8240000009536743,1.440000057220459,1.7760000228881836,5679,0.0,0.0
2010-12-30 00:00:00-05:00,1.5360000133514404,1.6799999475479126,1.5360000133514404,1.6799999475479126,1350,0.0,0.0
2010-12-31 00:00:00-05:00,1.5360000133514404,1.5360000133514404,1.440000057220459,1.440000057220459,6104,0.0,0.0
2011-01-03 00:00:00-05:00,1.2480000257492065,1.440000057220459,1.2480000257492065,1.440000057220459,896,0.0,0.0
2011-01-04 00:00:00-05:00,1.2480000257492065,1.2480000257492065,1.2480000257492065,1.2480000257492065,750,0.0,0.0
2011-01-05 00:00:00-05:00,1.440000057220459,1.440000057220459,1.440000057220459,1.440000057220459,6563,0.0,0.0
2011-01-06 00:00:00-05:00,1.440000057220459,2.640000104904175,1.440000057220459,2.640000104904175,2102,0.0,0.0
2011-01-07 00:00:00-05:00,2.880000114440918,2.880000114440918,2.4000000953674316,2.4000000953674316,4727,0.0,0.0
2011-01-10 00:00:00-05:00,2.4000000953674316,3.8399999141693115,2.4000000953674316,3.359999895095825,4952,0.0,0.0
2011-01-11 00:00:00-05:00,3.072000026702881,3.8399999141693115,2.4000000953674316,2.4000000953674316,2608,0.0,0.0
2011-01-12 00:00:00-05:00,2.4000000953674316,2.4000000953674316,1.9199999570846558,1.968000054359436,1792,0.0,0.0
2011-01-13 00:00:00-05:00,1.968000054359436,1.968000054359436,1.968000054359436,1.968000054359436,1042,0.0,0.0
2011-01-14 00:00:00-05:00,1.9199999570846558,1.9199999570846558,1.9199999570846558,1.9199999570846558,181,0.0,0.0
2011-01-18 00:00:00-05:00,1.871999979019165,2.640000104904175,1.6799999475479126,2.640000104904175,3338,0.0,0.0
2011-01-19 00:00:00-05:00,3.359999895095825,3.359999895095825,2.640000104904175,2.640000104904175,979,0.0,0.0
2011-01-20 00:00:00-05:00,2.687999963760376,2.687999963760376,2.687999963760376,2.687999963760376,667,0.0,0.0
2011-01-21 00:00:00-05:00,2.4000000953674316,2.4000000953674316,2.4000000953674316,2.4000000953674316,625,0.0,0.0
2011-01-24 00:00:00-05:00,1.7760000228881836,1.7760000228881836,1.7760000228881836,1.7760000228881836,146,0.0,0.0
2011-01-25 00:00:00-05:00,1.9199999570846558,2.4000000953674316,1.9199999570846558,2.4000000953674316,833,0.0,0.0
2011-01-26 00:00:00-05:00,1.9199999570846558,1.9199999570846558,1.9199999570846558,1.9199999570846558,323,0.0,0.0
2011-01-27 00:00:00-05:00,1.9199999570846558,1.9199999570846558,1.9199999570846558,1.9199999570846558,0,0.0,0.0
2011-01-28 00:00:00-05:00,2.687999963760376,2.687999963760376,2.687999963760376,2.687999963760376,17,0.0,0.0
2011-01-31 00:00:00-05:00,2.687999963760376,2.687999963760376,2.687999963760376,2.687999963760376,0,0.0,0.0
2011-02-01 00:00:00-05:00,2.687999963760376,2.687999963760376,2.1600000858306885,2.687999963760376,1050,0.0,0.0
2011-02-02 00:00:00-05:00,2.687999963760376,2.687999963760376,2.687999963760376,2.687999963760376,0,0.0,0.0
2011-02-03 00:00:00-05:00,2.496000051498413,2.496000051498413,2.4000000953674316,2.4000000953674316,1015,0.0,0.0
2011-02-04 00:00:00-05:00,2.4000000953674316,2.4000000953674316,2.4000000953674316,2.4000000953674316,0,0.0,0.0
2011-02-07 00:00:00-05:00,2.4000000953674316,2.4000000953674316,2.4000000953674316,2.4000000953674316,1104,0.0,0.0
2011-02-08 00:00:00-05:00,2.640000104904175,2.880000114440918,2.640000104904175,2.880000114440918,977,0.0,0.0
2011-02-09 00:00:00-05:00,2.880000114440918,2.880000114440918,2.880000114440918,2.880000114440918,0,0.0,0.0
2011-02-10 00:00:00-05:00,2.4000000953674316,2.4000000953674316,2.4000000953674316,2.4000000953674316,979,0.0,0.0
2011-02-11 00:00:00-05:00,2.4000000953674316,2.4000000953674316,2.4000000953674316,2.4000000953674316,0,0.0,0.0
2011-02-14 00:00:00-05:00,2.4000000953674316,2.4000000953674316,2.4000000953674316,2.4000000953674316,313,0.0,0.0
2011-02-15 00:00:00-05:00,2.4000000953674316,2.4000000953674316,2.4000000953674316,2.4000000953674316,0,0.0,0.0
2011-02-16 00:00:00-05:00,2.447999954223633,2.447999954223633,2.447999954223633,2.447999954223633,313,0.0,0.0
2011-02-17 00:00:00-05:00,2.4000000953674316,2.4000000953674316,2.4000000953674316,2.4000000953674316,313,0.0,0.0
2011-02-18 00:00:00-05:00,2.640000104904175,2.880000114440918,2.640000104904175,2.880000114440918,1667,0.0,0.0
2011-02-22 00:00:00-05:00,2.880000114440918,2.880000114440918,2.880000114440918,2.880000114440918,521,0.0,0.0
2011-02-23 00:00:00-05:00,2.880000114440918,2.880000114440918,2.640000104904175,2.640000104904175,273,0.0,0.0
2011-02-24 00:00:00-05:00,2.640000104904175,3.8399999141693115,2.640000104904175,3.359999895095825,3552,0.0,0.0
2011-02-25 00:00:00-05:00,3.8399999141693115,3.8399999141693115,3.8399999141693115,3.8399999141693115,1035,0.0,0.0
2011-02-28 00:00:00-05:00,3.8399999141693115,3.8399999141693115,2.7839999198913574,3.8399999141693115,144,0.0,0.0
2011-03-01 00:00:00-05:00,3.8399999141693115,4.751999855041504,3.8399999141693115,3.8399999141693115,1388,0.0,0.0
2011-03-02 00:00:00-05:00,4.559999942779541,5.760000228881836,4.079999923706055,4.800000190734863,2277,0.0,0.0
2011-03-03 00:00:00-05:00,4.800000190734863,5.760000228881836,4.800000190734863,4.800000190734863,2358,0.0,0.0
2011-03-04 00:00:00-05:00,4.800000190734863,4.800000190734863,4.320000171661377,4.320000171661377,890,0.0,0.0
2011-03-07 00:00:00-05:00,4.320000171661377,4.320000171661377,4.320000171661377,4.320000171661377,0,0.0,0.0
2011-03-08 00:00:00-05:00,4.320000171661377,4.320000171661377,4.320000171661377,4.320000171661377,0,0.0,0.0
2011-03-09 00:00:00-05:00,4.320000171661377,4.320000171661377,4.320000171661377,4.320000171661377,0,0.0,0.0
2011-03-10 00:00:00-05:00,4.320000171661377,5.760000228881836,3.8399999141693115,4.320000171661377,2071,0.0,0.0
2011-03-11 00:00:00-05:00,4.320000171661377,4.800000190734863,4.320000171661377,4.800000190734863,63,0.0,0.0
2011-03-14 00:00:00-04:00,4.320000171661377,5.808000087738037,4.320000171661377,5.808000087738037,3342,0.0,0.0
2011-03-15 00:00:00-04:00,6.239999771118164,6.239999771118164,4.320000171661377,4.320000171661377,3179,0.0,0.0
2011-03-16 00:00:00-04:00,5.28000020980835,5.28000020980835,3.8399999141693115,3.8399999141693115,3010,0.0,0.0
2011-03-17 00:00:00-04:00,4.320000171661377,4.320000171661377,3.5999999046325684,3.8399999141693115,821,0.0,0.0
2011-03-18 00:00:00-04:00,3.8399999141693115,3.8399999141693115,3.696000099182129,3.696000099182129,1394,0.0,0.0
2011-03-21 00:00:00-04:00,3.8399999141693115,5.711999893188477,3.8399999141693115,4.800000190734863,746,0.0,0.0
2011-03-22 00:00:00-04:00,5.711999893188477,5.711999893188477,4.800000190734863,4.800000190734863,598,0.0,0.0
2011-03-23 00:00:00-04:00,5.616000175476074,5.616000175476074,3.359999895095825,3.74399995803833,763,0.0,0.0
2011-03-24 00:00:00-04:00,3.7920000553131104,3.7920000553131104,3.74399995803833,3.74399995803833,679,0.0,0.0
2011-03-25 00:00:00-04:00,3.0239999294281006,3.74399995803833,3.0239999294281006,3.74399995803833,254,0.0,0.0
2011-03-28 00:00:00-04:00,3.5999999046325684,3.5999999046325684,3.5999999046325684,3.5999999046325684,667,0.0,0.0
2011-03-29 00:00:00-04:00,3.8399999141693115,4.800000190734863,3.8399999141693115,3.8399999141693115,2279,0.0,0.0
2011-03-30 00:00:00-04:00,4.079999923706055,4.079999923706055,4.079999923706055,4.079999923706055,104,0.0,0.0
2011-03-31 00:00:00-04:00,3.8399999141693115,3.8399999141693115,2.880000114440918,2.880000114440918,4838,0.0,0.0
2011-04-01 00:00:00-04:00,3.359999895095825,3.359999895095825,3.1679999828338623,3.359999895095825,415,0.0,0.0
2011-04-04 00:00:00-04:00,3.359999895095825,3.359999895095825,3.0239999294281006,3.119999885559082,1079,0.0,0.0
2011-04-05 00:00:00-04:00,3.119999885559082,3.119999885559082,2.880000114440918,2.880000114440918,6552,0.0,0.0
2011-04-06 00:00:00-04:00,4.223999977111816,4.223999977111816,3.8399999141693115,3.8399999141693115,396,0.0,0.0
2011-04-07 00:00:00-04:00,3.8399999141693115,3.8399999141693115,3.8399999141693115,3.8399999141693115,8,0.0,0.0
2011-04-08 00:00:00-04:00,3.8399999141693115,3.8399999141693115,2.496000051498413,3.8399999141693115,6169,0.0,0.0
2011-04-11 00:00:00-04:00,3.8399999141693115,3.8399999141693115,3.8399999141693115,3.8399999141693115,0,0.0,0.0
2011-04-12 00:00:00-04:00,2.7360000610351562,2.7360000610351562,2.7360000610351562,2.7360000610351562,73,0.0,0.0
2011-04-13 00:00:00-04:00,2.7360000610351562,2.9760000705718994,2.1600000858306885,2.496000051498413,12935,0.0,0.0
2011-04-14 00:00:00-04:00,2.640000104904175,3.072000026702881,2.640000104904175,3.072000026702881,494,0.0,0.0
2011-04-15 00:00:00-04:00,3.072000026702881,3.9839999675750732,3.072000026702881,3.8399999141693115,3581,0.0,0.0
2011-04-18 00:00:00-04:00,3.8399999141693115,3.8399999141693115,3.359999895095825,3.359999895095825,1285,0.0,0.0
2011-04-19 00:00:00-04:00,3.359999895095825,3.359999895095825,3.359999895095825,3.359999895095825,0,0.0,0.0
2011-04-20 00:00:00-04:00,3.119999885559082,3.119999885559082,2.640000104904175,2.640000104904175,1063,0.0,0.0
2011-04-21 00:00:00-04:00,2.880000114440918,3.359999895095825,2.880000114440918,3.359999895095825,2267,0.0,0.0
2011-04-25 00:00:00-04:00,3.359999895095825,3.359999895095825,3.119999885559082,3.119999885559082,63,0.0,0.0
2011-04-26 00:00:00-04:00,3.119999885559082,3.359999895095825,3.119999885559082,3.359999895095825,240,0.0,0.0
2011-04-27 00:00:00-04:00,3.359999895095825,3.359999895095825,2.640000104904175,2.880000114440918,2167,0.0,0.0
2011-04-28 00:00:00-04:00,3.119999885559082,3.119999885559082,3.119999885559082,3.119999885559082,104,0.0,0.0
2011-04-29 00:00:00-04:00,3.359999895095825,3.359999895095825,3.359999895095825,3.359999895095825,63,0.0,0.0
2011-05-02 00:00:00-04:00,3.359999895095825,3.359999895095825,3.359999895095825,3.359999895095825,125,0.0,0.0
2011-05-03 00:00:00-04:00,3.359999895095825,3.359999895095825,3.359999895095825,3.359999895095825,0,0.0,0.0
2011-05-04 00:00:00-04:00,3.359999895095825,3.359999895095825,3.359999895095825,3.359999895095825,0,0.0,0.0
2011-05-05 00:00:00-04:00,3.359999895095825,3.359999895095825,3.359999895095825,3.359999895095825,333,0.0,0.0
2011-05-06 00:00:00-04:00,2.880000114440918,2.880000114440918,2.880000114440918,2.880000114440918,148,0.0,0.0
2011-05-09 00:00:00-04:00,3.0239999294281006,3.0239999294281006,3.0239999294281006,3.0239999294281006,1042,0.0,0.0
2011-05-10 00:00:00-04:00,3.0239999294281006,3.0239999294281006,3.0239999294281006,3.0239999294281006,0,0.0,0.0
2011-05-11 00:00:00-04:00,2.927999973297119,2.927999973297119,2.927999973297119,2.927999973297119,313,0.0,0.0
2011-05-12 00:00:00-04:00,2.880000114440918,2.880000114440918,2.880000114440918,2.880000114440918,323,0.0,0.0
2011-05-13 00:00:00-04:00,2.880000114440918,2.880000114440918,2.880000114440918,2.880000114440918,19,0.0,0.0
2011-05-16 00:00:00-04:00,2.640000104904175,2.640000104904175,2.0160000324249268,2.4000000953674316,2685,0.0,0.0
2011-05-17 00:00:00-04:00,2.4000000953674316,2.4000000953674316,2.4000000953674316,2.4000000953674316,83,0.0,0.0
2011-05-18 00:00:00-04:00,2.4000000953674316,2.4000000953674316,2.4000000953674316,2.4000000953674316,0,0.0,0.0
2011-05-19 00:00:00-04:00,2.4000000953674316,2.4000000953674316,2.0160000324249268,2.4000000953674316,2396,0.0,0.0
2011-05-20 00:00:00-04:00,2.4000000953674316,2.4000000953674316,2.4000000953674316,2.4000000953674316,1042,0.0,0.0
2011-05-23 00:00:00-04:00,2.4000000953674316,2.4000000953674316,2.4000000953674316,2.4000000953674316,0,0.0,0.0
2011-05-24 00:00:00-04:00,2.4000000953674316,2.4000000953674316,2.4000000953674316,2.4000000953674316,0,0.0,0.0
2011-05-25 00:00:00-04:00,2.2079999446868896,2.2079999446868896,2.2079999446868896,2.2079999446868896,104,0.0,0.0
2011-05-26 00:00:00-04:00,2.2079999446868896,2.2079999446868896,2.2079999446868896,2.2079999446868896,0,0.0,0.0
2011-05-27 00:00:00-04:00,2.2079999446868896,2.2079999446868896,2.2079999446868896,2.2079999446868896,0,0.0,0.0
2011-05-31 00:00:00-04:00,2.2079999446868896,2.2079999446868896,2.2079999446868896,2.2079999446868896,0,0.0,0.0
2011-06-01 00:00:00-04:00,2.4000000953674316,2.880000114440918,2.4000000953674316,2.880000114440918,3125,0.0,0.0
2011-06-02 00:00:00-04:00,2.880000114440918,2.880000114440918,2.880000114440918,2.880000114440918,104,0.0,0.0
2011-06-03 00:00:00-04:00,2.880000114440918,2.880000114440918,2.4000000953674316,2.4000000953674316,1042,0.0,0.0
2011-06-06 00:00:00-04:00,2.640000104904175,2.880000114440918,2.640000104904175,2.880000114440918,417,0.0,0.0
2011-06-07 00:00:00-04:00,2.4000000953674316,2.880000114440918,2.4000000953674316,2.880000114440918,598,0.0,0.0
2011-06-08 00:00:00-04:00,2.880000114440918,2.880000114440918,2.880000114440918,2.880000114440918,0,0.0,0.0
2011-06-09 00:00:00-04:00,2.880000114440918,2.880000114440918,2.880000114440918,2.880000114440918,0,0.0,0.0
2011-06-10 00:00:00-04:00,2.880000114440918,2.880000114440918,2.880000114440918,2.880000114440918,0,0.0,0.0
2011-06-13 00:00:00-04:00,2.880000114440918,2.880000114440918,2.880000114440918,2.880000114440918,0,0.0,0.0
2011-06-14 00:00:00-04:00,2.880000114440918,2.880000114440918,2.880000114440918,2.880000114440918,267,0.0,0.0
2011-06-15 00:00:00-04:00,2.4000000953674316,2.880000114440918,2.4000000953674316,2.880000114440918,729,0.0,0.0
2011-06-16 00:00:00-04:00,2.4000000953674316,2.4000000953674316,2.4000000953674316,2.4000000953674316,156,0.0,0.0
2011-06-17 00:00:00-04:00,2.4000000953674316,2.4000000953674316,2.4000000953674316,2.4000000953674316,0,0.0,0.0
2011-06-20 00:00:00-04:00,2.4000000953674316,2.4000000953674316,2.4000000953674316,2.4000000953674316,0,0.0,0.0
2011-06-21 00:00:00-04:00,2.4000000953674316,2.4000000953674316,2.4000000953674316,2.4000000953674316,0,0.0,0.0
2011-06-22 00:00:00-04:00,2.4000000953674316,2.4000000953674316,2.4000000953674316,2.4000000953674316,0,0.0,0.0
2011-06-23 00:00:00-04:00,2.4000000953674316,2.4000000953674316,2.4000000953674316,2.4000000953674316,0,0.0,0.0
2011-06-24 00:00:00-04:00,2.4000000953674316,2.4000000953674316,2.4000000953674316,2.4000000953674316,0,0.0,0.0
2011-06-27 00:00:00-04:00,2.7360000610351562,2.7360000610351562,2.7360000610351562,2.7360000610351562,21,0.0,0.0
2011-06-28 00:00:00-04:00,2.880000114440918,3.312000036239624,2.880000114440918,2.880000114440918,802,0.0,0.0
2011-06-29 00:00:00-04:00,3.359999895095825,3.359999895095825,2.4000000953674316,2.4000000953674316,735,0.0,0.0
2011-06-30 00:00:00-04:00,2.4000000953674316,2.4000000953674316,2.4000000953674316,2.4000000953674316,0,0.0,0.0
2011-07-01 00:00:00-04:00,2.880000114440918,2.880000114440918,2.880000114440918,2.880000114440918,208,0.0,0.0
2011-07-05 00:00:00-04:00,2.880000114440918,2.880000114440918,2.880000114440918,2.880000114440918,0,0.0,0.0
2011-07-06 00:00:00-04:00,2.880000114440918,2.880000114440918,2.880000114440918,2.880000114440918,0,0.0,0.0
2011-07-07 00:00:00-04:00,2.880000114440918,2.880000114440918,2.880000114440918,2.880000114440918,0,0.0,0.0
2011-07-08 00:00:00-04:00,2.880000114440918,2.880000114440918,2.880000114440918,2.880000114440918,0,0.0,0.0
2011-07-11 00:00:00-04:00,2.640000104904175,2.640000104904175,2.640000104904175,2.640000104904175,33,0.0,0.0
2011-07-12 00:00:00-04:00,2.640000104904175,2.640000104904175,2.640000104904175,2.640000104904175,0,0.0,0.0
2011-07-13 00:00:00-04:00,2.640000104904175,2.640000104904175,2.640000104904175,2.640000104904175,0,0.0,0.0
2011-07-14 00:00:00-04:00,2.640000104904175,2.880000114440918,2.4000000953674316,2.4000000953674316,2788,0.0,0.0
2011-07-15 00:00:00-04:00,2.4000000953674316,2.4000000953674316,2.4000000953674316,2.4000000953674316,1250,0.0,0.0
2011-07-18 00:00:00-04:00,2.4000000953674316,2.4000000953674316,2.4000000953674316,2.4000000953674316,0,0.0,0.0
2011-07-19 00:00:00-04:00,2.4000000953674316,2.4000000953674316,2.4000000953674316,2.4000000953674316,0,0.0,0.0
2011-07-20 00:00:00-04:00,2.2079999446868896,2.2079999446868896,2.1600000858306885,2.1600000858306885,723,0.0,0.0
2011-07-21 00:00:00-04:00,2.0160000324249268,2.0160000324249268,1.2000000476837158,1.6319999694824219,4725,0.0,0.0
2011-07-22 00:00:00-04:00,1.9199999570846558,1.9199999570846558,1.9199999570846558,1.9199999570846558,938,0.0,0.0
2011-07-25 00:00:00-04:00,1.9199999570846558,1.9199999570846558,1.9199999570846558,1.9199999570846558,104,0.0,0.0
2011-07-26 00:00:00-04:00,1.9199999570846558,1.9199999570846558,1.9199999570846558,1.9199999570846558,579,0.0,0.0
2011-07-27 00:00:00-04:00,1.9199999570846558,1.9199999570846558,1.9199999570846558,1.9199999570846558,110,0.0,0.0
2011-07-28 00:00:00-04:00,1.9199999570846558,1.9199999570846558,1.9199999570846558,1.9199999570846558,0,0.0,0.0
2011-07-29 00:00:00-04:00,1.6799999475479126,1.6799999475479126,1.6799999475479126,1.6799999475479126,142,0.0,0.0
2011-08-01 00:00:00-04:00,1.6799999475479126,1.6799999475479126,1.6799999475479126,1.6799999475479126,0,0.0,0.0
2011-08-02 00:00:00-04:00,1.7280000448226929,1.7280000448226929,1.440000057220459,1.4880000352859497,2456,0.0,0.0
2011-08-03 00:00:00-04:00,1.4880000352859497,1.4880000352859497,1.4880000352859497,1.4880000352859497,0,0.0,0.0
2011-08-04 00:00:00-04:00,1.4880000352859497,1.4880000352859497,1.4880000352859497,1.4880000352859497,29,0.0,0.0
2011-08-05 00:00:00-04:00,1.4880000352859497,1.9199999570846558,1.4880000352859497,1.9199999570846558,685,0.0,0.0
2011-08-08 00:00:00-04:00,1.9199999570846558,1.9199999570846558,1.9199999570846558,1.9199999570846558,0,0.0,0.0
2011-08-09 00:00:00-04:00,1.9199999570846558,2.4000000953674316,1.9199999570846558,2.4000000953674316,104,0.0,0.0
2011-08-10 00:00:00-04:00,2.4000000953674316,2.4000000953674316,2.4000000953674316,2.4000000953674316,215,0.0,0.0
2011-08-11 00:00:00-04:00,2.4000000953674316,2.4000000953674316,2.4000000953674316,2.4000000953674316,0,0.0,0.0
2011-08-12 00:00:00-04:00,2.4000000953674316,2.4000000953674316,2.4000000953674316,2.4000000953674316,0,0.0,0.0
2011-08-15 00:00:00-04:00,2.4000000953674316,2.4000000953674316,2.4000000953674316,2.4000000953674316,0,0.0,0.0
2011-08-16 00:00:00-04:00,2.4000000953674316,2.4000000953674316,2.4000000953674316,2.4000000953674316,21,0.0,0.0
2011-08-17 00:00:00-04:00,2.4000000953674316,2.4000000953674316,2.4000000953674316,2.4000000953674316,0,0.0,0.0
2011-08-18 00:00:00-04:00,1.9199999570846558,1.9199999570846558,1.9199999570846558,1.9199999570846558,104,0.0,0.0
2011-08-19 00:00:00-04:00,1.9199999570846558,1.9199999570846558,1.9199999570846558,1.9199999570846558,104,0.0,0.0
2011-08-22 00:00:00-04:00,1.9199999570846558,1.9199999570846558,1.9199999570846558,1.9199999570846558,0,0.0,0.0
2011-08-23 00:00:00-04:00,1.440000057220459,1.9199999570846558,1.440000057220459,1.9199999570846558,265,0.0,0.0
2011-08-24 00:00:00-04:00,1.9199999570846558,1.9199999570846558,1.9199999570846558,1.9199999570846558,0,0.0,0.0
2011-08-25 00:00:00-04:00,1.9199999570846558,1.9199999570846558,1.9199999570846558,1.9199999570846558,33,0.0,0.0
2011-08-26 00:00:00-04:00,2.3519999980926514,2.4000000953674316,2.3519999980926514,2.4000000953674316,2275,0.0,0.0
2011-08-29 00:00:00-04:00,2.4000000953674316,2.4000000953674316,2.4000000953674316,2.4000000953674316,0,0.0,0.0
2011-08-30 00:00:00-04:00,1.9199999570846558,2.4000000953674316,1.9199999570846558,2.4000000953674316,313,0.0,0.0
2011-08-31 00:00:00-04:00,2.4000000953674316,2.4000000953674316,2.4000000953674316,2.4000000953674316,0,0.0,0.0
2011-09-01 00:00:00-04:00,2.4000000953674316,2.4000000953674316,2.4000000953674316,2.4000000953674316,0,0.0,0.0
2011-09-02 00:00:00-04:00,1.9199999570846558,1.9199999570846558,1.9199999570846558,1.9199999570846558,104,0.0,0.0
2011-09-06 00:00:00-04:00,1.9199999570846558,1.9199999570846558,1.9199999570846558,1.9199999570846558,0,0.0,0.0
2011-09-07 00:00:00-04:00,1.9199999570846558,1.9199999570846558,1.9199999570846558,1.9199999570846558,42,0.0,0.0
2011-09-08 00:00:00-04:00,1.9199999570846558,1.9199999570846558,1.9199999570846558,1.9199999570846558,6,0.0,0.0
2011-09-09 00:00:00-04:00,1.9199999570846558,1.9199999570846558,1.9199999570846558,1.9199999570846558,21,0.0,0.0
2011-09-12 00:00:00-04:00,1.9199999570846558,1.9199999570846558,1.9199999570846558,1.9199999570846558,0,0.0,0.0
2011-09-13 00:00:00-04:00,2.4000000953674316,2.4000000953674316,2.4000000953674316,2.4000000953674316,208,0.0,0.0
2011-09-14 00:00:00-04:00,2.4000000953674316,2.4000000953674316,2.4000000953674316,2.4000000953674316,0,0.0,0.0
2011-09-15 00:00:00-04:00,2.4000000953674316,2.4000000953674316,2.4000000953674316,2.4000000953674316,0,0.0,0.0
2011-09-16 00:00:00-04:00,2.4000000953674316,2.4000000953674316,2.4000000953674316,2.4000000953674316,0,0.0,0.0
2011-09-19 00:00:00-04:00,2.4000000953674316,2.4000000953674316,2.4000000953674316,2.4000000953674316,2083,0.0,0.0
2011-09-20 00:00:00-04:00,1.9199999570846558,2.4000000953674316,1.7760000228881836,2.4000000953674316,2494,0.0,0.0
2011-09-21 00:00:00-04:00,1.9199999570846558,1.9199999570846558,1.9199999570846558,1.9199999570846558,52,0.0,0.0
2011-09-22 00:00:00-04:00,1.9199999570846558,1.9199999570846558,1.9199999570846558,1.9199999570846558,0,0.0,0.0
2011-09-23 00:00:00-04:00,1.9199999570846558,1.9199999570846558,1.9199999570846558,1.9199999570846558,0,0.0,0.0
2011-09-26 00:00:00-04:00,1.9199999570846558,1.9199999570846558,1.9199999570846558,1.9199999570846558,0,0.0,0.0
2011-09-27 00:00:00-04:00,1.9199999570846558,1.9199999570846558,1.9199999570846558,1.9199999570846558,104,0.0,0.0
2011-09-28 00:00:00-04:00,1.9199999570846558,1.9199999570846558,1.9199999570846558,1.9199999570846558,0,0.0,0.0
2011-09-29 00:00:00-04:00,1.9199999570846558,1.9199999570846558,1.9199999570846558,1.9199999570846558,0,0.0,0.0
2011-09-30 00:00:00-04:00,1.9199999570846558,1.9199999570846558,1.9199999570846558,1.9199999570846558,729,0.0,0.0
2011-10-03 00:00:00-04:00,1.9199999570846558,1.9199999570846558,1.9199999570846558,1.9199999570846558,0,0.0,0.0
2011-10-04 00:00:00-04:00,1.6799999475479126,1.6799999475479126,1.6799999475479126,1.6799999475479126,73,0.0,0.0
2011-10-05 00:00:00-04:00,1.6799999475479126,1.6799999475479126,1.6799999475479126,1.6799999475479126,21,0.0,0.0
2011-10-06 00:00:00-04:00,1.6799999475479126,1.6799999475479126,1.6799999475479126,1.6799999475479126,0,0.0,0.0
2011-10-07 00:00:00-04:00,2.25600004196167,2.25600004196167,2.25600004196167,2.25600004196167,417,0.0,0.0
2011-10-10 00:00:00-04:00,2.1600000858306885,2.1600000858306885,1.6799999475479126,1.6799999475479126,156,0.0,0.0
2011-10-11 00:00:00-04:00,1.6799999475479126,1.6799999475479126,1.6799999475479126,1.6799999475479126,0,0.0,0.0
2011-10-12 00:00:00-04:00,1.6799999475479126,1.6799999475479126,1.0080000162124634,1.0080000162124634,6481,0.0,0.0
2011-10-13 00:00:00-04:00,1.3919999599456787,1.3919999599456787,1.343999981880188,1.343999981880188,1302,0.0,0.0
2011-10-14 00:00:00-04:00,1.343999981880188,1.343999981880188,1.2000000476837158,1.2000000476837158,577,0.0,0.0
2011-10-17 00:00:00-04:00,1.2000000476837158,1.2000000476837158,1.2000000476837158,1.2000000476837158,0,0.0,0.0
2011-10-18 00:00:00-04:00,1.5360000133514404,1.9199999570846558,1.5360000133514404,1.9199999570846558,2294,0.0,0.0
2011-10-19 00:00:00-04:00,1.9199999570846558,1.9199999570846558,1.9199999570846558,1.9199999570846558,83,0.0,0.0
2011-10-20 00:00:00-04:00,1.9199999570846558,1.9199999570846558,1.9199999570846558,1.9199999570846558,0,0.0,0.0
2011-10-21 00:00:00-04:00,1.9199999570846558,1.9199999570846558,1.9199999570846558,1.9199999570846558,0,0.0,0.0
2011-10-24 00:00:00-04:00,1.9199999570846558,1.9199999570846558,1.9199999570846558,1.9199999570846558,417,0.0,0.0
2011-10-25 00:00:00-04:00,1.9199999570846558,1.9199999570846558,1.9199999570846558,1.9199999570846558,0,0.0,0.0
2011-10-26 00:00:00-04:00,2.0160000324249268,2.3519999980926514,2.0160000324249268,2.3519999980926514,417,0.0,0.0
2011-10-27 00:00:00-04:00,2.3519999980926514,2.3519999980926514,2.3519999980926514,2.3519999980926514,0,0.0,0.0
2011-10-28 00:00:00-04:00,2.3519999980926514,2.3519999980926514,2.3519999980926514,2.3519999980926514,0,0.0,0.0
2011-10-31 00:00:00-04:00,2.3519999980926514,2.3519999980926514,2.3519999980926514,2.3519999980926514,0,0.0,0.0
2011-11-01 00:00:00-04:00,2.3519999980926514,2.3519999980926514,2.3519999980926514,2.3519999980926514,0,0.0,0.0
2011-11-02 00:00:00-04:00,2.3519999980926514,2.3519999980926514,2.3519999980926514,2.3519999980926514,0,0.0,0.0
2011-11-03 00:00:00-04:00,1.9199999570846558,1.9199999570846558,1.9199999570846558,1.9199999570846558,104,0.0,0.0
2011-11-04 00:00:00-04:00,1.9199999570846558,1.9199999570846558,1.9199999570846558,1.9199999570846558,0,0.0,0.0
2011-11-07 00:00:00-05:00,1.9199999570846558,1.9199999570846558,1.9199999570846558,1.9199999570846558,0,0.0,0.0
2011-11-08 00:00:00-05:00,1.9199999570846558,1.9199999570846558,1.9199999570846558,1.9199999570846558,0,0.0,0.0
2011-11-09 00:00:00-05:00,1.9199999570846558,1.9199999570846558,1.9199999570846558,1.9199999570846558,208,0.0,0.0
2011-11-10 00:00:00-05:00,1.9199999570846558,1.9199999570846558,1.9199999570846558,1.9199999570846558,0,0.0,0.0
2011-11-11 00:00:00-05:00,1.9199999570846558,1.9199999570846558,1.9199999570846558,1.9199999570846558,0,0.0,0.0
2011-11-14 00:00:00-05:00,1.9199999570846558,1.9199999570846558,1.9199999570846558,1.9199999570846558,0,0.0,0.0
2011-11-15 00:00:00-05:00,1.9199999570846558,1.9199999570846558,1.9199999570846558,1.9199999570846558,0,0.0,0.0
2011-11-16 00:00:00-05:00,1.9199999570846558,1.9199999570846558,1.9199999570846558,1.9199999570846558,0,0.0,0.0
2011-11-17 00:00:00-05:00,2.3519999980926514,2.3519999980926514,2.3519999980926514,2.3519999980926514,208,0.0,0.0
2011-11-18 00:00:00-05:00,2.3519999980926514,2.3519999980926514,2.3519999980926514,2.3519999980926514,0,0.0,0.0
2011-11-21 00:00:00-05:00,2.3519999980926514,2.3519999980926514,2.3519999980926514,2.3519999980926514,0,0.0,0.0
2011-11-22 00:00:00-05:00,2.3519999980926514,2.3519999980926514,2.3519999980926514,2.3519999980926514,0,0.0,0.0
2011-11-23 00:00:00-05:00,2.3519999980926514,2.3519999980926514,2.3519999980926514,2.3519999980926514,0,0.0,0.0
2011-11-25 00:00:00-05:00,2.3519999980926514,2.3519999980926514,2.3519999980926514,2.3519999980926514,0,0.0,0.0
2011-11-28 00:00:00-05:00,2.3519999980926514,2.3519999980926514,2.3519999980926514,2.3519999980926514,0,0.0,0.0
2011-11-29 00:00:00-05:00,1.6799999475479126,1.6799999475479126,1.6799999475479126,1.6799999475479126,208,0.0,0.0
2011-11-30 00:00:00-05:00,1.6319999694824219,1.6799999475479126,1.440000057220459,1.440000057220459,1060,0.0,0.0
2011-12-01 00:00:00-05:00,1.440000057220459,1.440000057220459,1.440000057220459,1.440000057220459,525,0.0,0.0
2011-12-02 00:00:00-05:00,1.440000057220459,1.440000057220459,1.440000057220459,1.440000057220459,0,0.0,0.0
2011-12-05 00:00:00-05:00,1.2960000038146973,1.440000057220459,1.055999994277954,1.440000057220459,2460,0.0,0.0
2011-12-06 00:00:00-05:00,1.440000057220459,1.440000057220459,1.440000057220459,1.440000057220459,0,0.0,0.0
2011-12-07 00:00:00-05:00,1.440000057220459,1.440000057220459,1.440000057220459,1.440000057220459,208,0.0,0.0
2011-12-08 00:00:00-05:00,1.440000057220459,1.440000057220459,1.440000057220459,1.440000057220459,0,0.0,0.0
2011-12-09 00:00:00-05:00,1.440000057220459,1.440000057220459,0.9599999785423279,0.9599999785423279,5054,0.0,0.0
2011-12-12 00:00:00-05:00,0.9599999785423279,1.2000000476837158,0.9599999785423279,1.2000000476837158,1558,0.0,0.0
2011-12-13 00:00:00-05:00,1.2000000476837158,1.2000000476837158,1.2000000476837158,1.2000000476837158,0,0.0,0.0
2011-12-14 00:00:00-05:00,1.2000000476837158,1.2000000476837158,1.2000000476837158,1.2000000476837158,625,0.0,0.0
2011-12-15 00:00:00-05:00,1.055999994277954,1.2000000476837158,0.9599999785423279,0.9599999785423279,1321,0.0,0.0
2011-12-16 00:00:00-05:00,0.8640000224113464,0.8640000224113464,0.8640000224113464,0.8640000224113464,71,0.0,0.0
2011-12-19 00:00:00-05:00,0.8640000224113464,0.8640000224113464,0.8640000224113464,0.8640000224113464,0,0.0,0.0
2011-12-20 00:00:00-05:00,0.9599999785423279,0.9599999785423279,0.9599999785423279,0.9599999785423279,279,0.0,0.0
2011-12-21 00:00:00-05:00,0.9599999785423279,0.9599999785423279,0.9599999785423279,0.9599999785423279,148,0.0,0.0
2011-12-22 00:00:00-05:00,1.055999994277954,1.2000000476837158,1.055999994277954,1.2000000476837158,700,0.0,0.0
2011-12-23 00:00:00-05:00,1.2000000476837158,1.2000000476837158,1.2000000476837158,1.2000000476837158,375,0.0,0.0
2011-12-27 00:00:00-05:00,1.2000000476837158,1.2000000476837158,1.1039999723434448,1.1039999723434448,208,0.0,0.0
2011-12-28 00:00:00-05:00,1.1039999723434448,1.2000000476837158,1.0080000162124634,1.2000000476837158,740,0.0,0.0
2011-12-29 00:00:00-05:00,1.0080000162124634,1.1519999504089355,1.0080000162124634,1.1519999504089355,288,0.0,0.0
2011-12-30 00:00:00-05:00,1.1519999504089355,1.1519999504089355,1.1519999504089355,1.1519999504089355,0,0.0,0.0
2012-01-03 00:00:00-05:00,1.1519999504089355,1.1519999504089355,1.1519999504089355,1.1519999504089355,0,0.0,0.0
2012-01-04 00:00:00-05:00,1.1519999504089355,1.1519999504089355,1.1519999504089355,1.1519999504089355,0,0.0,0.0
2012-01-05 00:00:00-05:00,1.1519999504089355,1.1519999504089355,1.1519999504089355,1.1519999504089355,0,0.0,0.0
2012-01-06 00:00:00-05:00,1.2000000476837158,1.2000000476837158,1.2000000476837158,1.2000000476837158,417,0.0,0.0
2012-01-09 00:00:00-05:00,1.2000000476837158,1.2000000476837158,1.2000000476837158,1.2000000476837158,42,0.0,0.0
2012-01-10 00:00:00-05:00,1.2000000476837158,1.2000000476837158,1.2000000476837158,1.2000000476837158,0,0.0,0.0
2012-01-11 00:00:00-05:00,1.343999981880188,1.343999981880188,1.055999994277954,1.055999994277954,625,0.0,0.0
2012-01-12 00:00:00-05:00,1.055999994277954,1.055999994277954,1.055999994277954,1.055999994277954,0,0.0,0.0
2012-01-13 00:00:00-05:00,1.055999994277954,1.055999994277954,1.055999994277954,1.055999994277954,0,0.0,0.0
2012-01-17 00:00:00-05:00,1.1519999504089355,1.1519999504089355,1.1519999504089355,1.1519999504089355,533,0.0,0.0
2012-01-18 00:00:00-05:00,1.1519999504089355,1.1519999504089355,1.1519999504089355,1.1519999504089355,0,0.0,0.0
2012-01-19 00:00:00-05:00,1.1519999504089355,1.1519999504089355,1.055999994277954,1.055999994277954,313,0.0,0.0
2012-01-20 00:00:00-05:00,1.055999994277954,1.055999994277954,1.055999994277954,1.055999994277954,0,0.0,0.0
2012-01-23 00:00:00-05:00,1.055999994277954,1.055999994277954,1.055999994277954,1.055999994277954,0,0.0,0.0
2012-01-24 00:00:00-05:00,1.055999994277954,1.055999994277954,1.055999994277954,1.055999994277954,0,0.0,0.0
2012-01-25 00:00:00-05:00,1.055999994277954,1.055999994277954,1.055999994277954,1.055999994277954,208,0.0,0.0
2012-01-26 00:00:00-05:00,1.055999994277954,1.1519999504089355,1.055999994277954,1.1519999504089355,2500,0.0,0.0
2012-01-27 00:00:00-05:00,1.343999981880188,1.440000057220459,1.343999981880188,1.440000057220459,194,0.0,0.0
2012-01-30 00:00:00-05:00,1.440000057220459,1.440000057220459,1.055999994277954,1.055999994277954,6963,0.0,0.0
2012-01-31 00:00:00-05:00,1.0080000162124634,1.0080000162124634,1.0080000162124634,1.0080000162124634,479,0.0,0.0
2012-02-01 00:00:00-05:00,1.0080000162124634,1.0080000162124634,1.0080000162124634,1.0080000162124634,0,0.0,0.0
2012-02-02 00:00:00-05:00,1.0080000162124634,1.0080000162124634,1.0080000162124634,1.0080000162124634,0,0.0,0.0
2012-02-03 00:00:00-05:00,1.0080000162124634,1.0080000162124634,1.0080000162124634,1.0080000162124634,0,0.0,0.0
2012-02-06 00:00:00-05:00,1.0080000162124634,1.0080000162124634,1.0080000162124634,1.0080000162124634,0,0.0,0.0
2012-02-07 00:00:00-05:00,1.0080000162124634,1.0080000162124634,1.0080000162124634,1.0080000162124634,0,0.0,0.0
2012-02-08 00:00:00-05:00,0.8640000224113464,0.8640000224113464,0.8640000224113464,0.8640000224113464,21,0.0,0.0
2012-02-09 00:00:00-05:00,0.8640000224113464,0.8640000224113464,0.8640000224113464,0.8640000224113464,42,0.0,0.0
2012-02-10 00:00:00-05:00,1.2000000476837158,1.2000000476837158,1.2000000476837158,1.2000000476837158,877,0.0,0.0
2012-02-13 00:00:00-05:00,1.2000000476837158,1.2000000476837158,1.2000000476837158,1.2000000476837158,104,0.0,0.0
2012-02-14 00:00:00-05:00,1.2000000476837158,1.2000000476837158,1.2000000476837158,1.2000000476837158,88,0.0,0.0
2012-02-15 00:00:00-05:00,1.440000057220459,1.440000057220459,1.2000000476837158,1.2000000476837158,388,0.0,0.0
2012-02-16 00:00:00-05:00,1.2000000476837158,1.2000000476837158,1.2000000476837158,1.2000000476837158,0,0.0,0.0
2012-02-17 00:00:00-05:00,1.2000000476837158,1.2000000476837158,1.2000000476837158,1.2000000476837158,0,0.0,0.0
2012-02-21 00:00:00-05:00,1.2000000476837158,1.2000000476837158,1.2000000476837158,1.2000000476837158,0,0.0,0.0
2012-02-22 00:00:00-05:00,1.2000000476837158,1.2480000257492065,1.1519999504089355,1.1519999504089355,729,0.0,0.0
2012-02-23 00:00:00-05:00,1.1519999504089355,1.1519999504089355,1.1519999504089355,1.1519999504089355,0,0.0,0.0
2012-02-24 00:00:00-05:00,1.1519999504089355,1.1519999504089355,1.1519999504089355,1.1519999504089355,0,0.0,0.0
2012-02-27 00:00:00-05:00,1.1519999504089355,1.1519999504089355,1.1519999504089355,1.1519999504089355,0,0.0,0.0
2012-02-28 00:00:00-05:00,1.1519999504089355,1.1519999504089355,1.1519999504089355,1.1519999504089355,0,0.0,0.0
2012-02-29 00:00:00-05:00,1.1519999504089355,1.1519999504089355,1.1519999504089355,1.1519999504089355,0,0.0,0.0
2012-03-01 00:00:00-05:00,0.9599999785423279,0.9599999785423279,0.9599999785423279,0.9599999785423279,1275,0.0,0.0
2012-03-02 00:00:00-05:00,0.9599999785423279,0.9599999785423279,0.9599999785423279,0.9599999785423279,0,0.0,0.0
2012-03-05 00:00:00-05:00,1.440000057220459,1.440000057220459,1.440000057220459,1.440000057220459,79,0.0,0.0
2012-03-06 00:00:00-05:00,1.440000057220459,1.6799999475479126,1.440000057220459,1.6799999475479126,1600,0.0,0.0
2012-03-07 00:00:00-05:00,1.6799999475479126,1.6799999475479126,1.6799999475479126,1.6799999475479126,19,0.0,0.0
2012-03-08 00:00:00-05:00,1.7760000228881836,1.871999979019165,1.6799999475479126,1.6799999475479126,2040,0.0,0.0
2012-03-09 00:00:00-05:00,1.6799999475479126,1.6799999475479126,1.6799999475479126,1.6799999475479126,21,0.0,0.0
2012-03-12 00:00:00-04:00,1.6799999475479126,1.6799999475479126,1.6799999475479126,1.6799999475479126,33,0.0,0.0
2012-03-13 00:00:00-04:00,1.6799999475479126,1.6799999475479126,1.6799999475479126,1.6799999475479126,0,0.0,0.0
2012-03-14 00:00:00-04:00,1.6799999475479126,1.6799999475479126,1.6799999475479126,1.6799999475479126,0,0.0,0.0
2012-03-15 00:00:00-04:00,1.6799999475479126,1.6799999475479126,1.6799999475479126,1.6799999475479126,0,0.0,0.0
2012-03-16 00:00:00-04:00,1.6799999475479126,1.6799999475479126,1.6799999475479126,1.6799999475479126,0,0.0,0.0
2012-03-19 00:00:00-04:00,1.6799999475479126,1.6799999475479126,1.6799999475479126,1.6799999475479126,10,0.0,0.0
2012-03-20 00:00:00-04:00,1.6799999475479126,1.6799999475479126,1.6799999475479126,1.6799999475479126,1042,0.0,0.0
2012-03-21 00:00:00-04:00,1.6799999475479126,1.6799999475479126,1.6799999475479126,1.6799999475479126,0,0.0,0.0
2012-03-22 00:00:00-04:00,1.440000057220459,1.440000057220459,1.440000057220459,1.440000057220459,117,0.0,0.0
2012-03-23 00:00:00-04:00,1.6799999475479126,1.6799999475479126,1.6799999475479126,1.6799999475479126,542,0.0,0.0
2012-03-26 00:00:00-04:00,1.6799999475479126,1.6799999475479126,1.6799999475479126,1.6799999475479126,0,0.0,0.0
2012-03-27 00:00:00-04:00,1.440000057220459,1.440000057220459,1.440000057220459,1.440000057220459,6,0.0,0.0
2012-03-28 00:00:00-04:00,1.440000057220459,1.6799999475479126,1.440000057220459,1.6799999475479126,123,0.0,0.0
2012-03-29 00:00:00-04:00,1.6319999694824219,1.6319999694824219,1.6319999694824219,1.6319999694824219,8,0.0,0.0
2012-03-30 00:00:00-04:00,1.6319999694824219,1.6319999694824219,1.6319999694824219,1.6319999694824219,0,0.0,0.0
2012-04-02 00:00:00-04:00,1.440000057220459,1.440000057220459,1.440000057220459,1.440000057220459,104,0.0,0.0
2012-04-03 00:00:00-04:00,1.440000057220459,1.440000057220459,1.440000057220459,1.440000057220459,63,0.0,0.0
2012-04-04 00:00:00-04:00,1.6799999475479126,1.6799999475479126,1.6799999475479126,1.6799999475479126,10,0.0,0.0
2012-04-05 00:00:00-04:00,1.6799999475479126,1.6799999475479126,1.6799999475479126,1.6799999475479126,0,0.0,0.0
2012-04-09 00:00:00-04:00,1.055999994277954,1.6799999475479126,1.055999994277954,1.6799999475479126,729,0.0,0.0
2012-04-10 00:00:00-04:00,1.055999994277954,1.6799999475479126,1.055999994277954,1.6799999475479126,635,0.0,0.0
2012-04-11 00:00:00-04:00,1.6799999475479126,1.6799999475479126,1.6799999475479126,1.6799999475479126,208,0.0,0.0
2012-04-12 00:00:00-04:00,1.6799999475479126,1.6799999475479126,1.6799999475479126,1.6799999475479126,0,0.0,0.0
2012-04-13 00:00:00-04:00,1.6799999475479126,1.6799999475479126,1.6799999475479126,1.6799999475479126,0,0.0,0.0
2012-04-16 00:00:00-04:00,1.055999994277954,1.055999994277954,1.055999994277954,1.055999994277954,21,0.0,0.0
2012-04-17 00:00:00-04:00,1.055999994277954,1.055999994277954,1.055999994277954,1.055999994277954,0,0.0,0.0
2012-04-18 00:00:00-04:00,1.055999994277954,1.055999994277954,1.055999994277954,1.055999994277954,0,0.0,0.0
2012-04-19 00:00:00-04:00,1.055999994277954,1.055999994277954,1.055999994277954,1.055999994277954,0,0.0,0.0
2012-04-20 00:00:00-04:00,1.055999994277954,1.055999994277954,1.055999994277954,1.055999994277954,0,0.0,0.0
2012-04-23 00:00:00-04:00,1.055999994277954,1.055999994277954,1.055999994277954,1.055999994277954,0,0.0,0.0
2012-04-24 00:00:00-04:00,1.055999994277954,1.055999994277954,1.055999994277954,1.055999994277954,0,0.0,0.0
2012-04-25 00:00:00-04:00,1.055999994277954,1.055999994277954,1.055999994277954,1.055999994277954,0,0.0,0.0
2012-04-26 00:00:00-04:00,1.055999994277954,1.055999994277954,1.055999994277954,1.055999994277954,0,0.0,0.0
2012-04-27 00:00:00-04:00,1.1039999723434448,1.1039999723434448,1.1039999723434448,1.1039999723434448,521,0.0,0.0
2012-04-30 00:00:00-04:00,1.1039999723434448,1.1039999723434448,1.1039999723434448,1.1039999723434448,0,0.0,0.0
2012-05-01 00:00:00-04:00,1.1039999723434448,1.1039999723434448,1.1039999723434448,1.1039999723434448,0,0.0,0.0
2012-05-02 00:00:00-04:00,1.1039999723434448,1.1039999723434448,1.1039999723434448,1.1039999723434448,0,0.0,0.0
2012-05-03 00:00:00-04:00,0.8640000224113464,0.8640000224113464,0.8640000224113464,0.8640000224113464,83,0.0,0.0
2012-05-04 00:00:00-04:00,0.8640000224113464,0.8640000224113464,0.8640000224113464,0.8640000224113464,0,0.0,0.0
2012-05-07 00:00:00-04:00,0.8640000224113464,0.8640000224113464,0.8640000224113464,0.8640000224113464,0,0.0,0.0
2012-05-08 00:00:00-04:00,0.8640000224113464,0.8640000224113464,0.8640000224113464,0.8640000224113464,417,0.0,0.0
2012-05-09 00:00:00-04:00,0.9120000004768372,1.5839999914169312,0.9120000004768372,1.5839999914169312,688,0.0,0.0
2012-05-10 00:00:00-04:00,1.5839999914169312,1.5839999914169312,1.5839999914169312,1.5839999914169312,0,0.0,0.0
2012-05-11 00:00:00-04:00,1.5839999914169312,1.5839999914169312,1.5839999914169312,1.5839999914169312,0,0.0,0.0
2012-05-14 00:00:00-04:00,1.5839999914169312,1.5839999914169312,1.5839999914169312,1.5839999914169312,0,0.0,0.0
2012-05-15 00:00:00-04:00,1.6799999475479126,1.6799999475479126,1.6799999475479126,1.6799999475479126,65,0.0,0.0
2012-05-16 00:00:00-04:00,0.9599999785423279,0.9599999785423279,0.9599999785423279,0.9599999785423279,42,0.0,0.0
2012-05-17 00:00:00-04:00,0.9599999785423279,0.9599999785423279,0.9599999785423279,0.9599999785423279,0,0.0,0.0
2012-05-18 00:00:00-04:00,0.9599999785423279,0.9599999785423279,0.9599999785423279,0.9599999785423279,0,0.0,0.0
2012-05-21 00:00:00-04:00,0.9599999785423279,0.9599999785423279,0.9599999785423279,0.9599999785423279,0,0.0,0.0
2012-05-22 00:00:00-04:00,0.9599999785423279,0.9599999785423279,0.9599999785423279,0.9599999785423279,0,0.0,0.0
2012-05-23 00:00:00-04:00,0.9599999785423279,0.9599999785423279,0.9599999785423279,0.9599999785423279,0,0.0,0.0
2012-05-24 00:00:00-04:00,0.9599999785423279,0.9599999785423279,0.9599999785423279,0.9599999785423279,0,0.0,0.0
2012-05-25 00:00:00-04:00,1.440000057220459,1.440000057220459,1.440000057220459,1.440000057220459,52,0.0,0.0
2012-05-29 00:00:00-04:00,1.440000057220459,1.440000057220459,1.440000057220459,1.440000057220459,0,0.0,0.0
2012-05-30 00:00:00-04:00,1.440000057220459,1.440000057220459,1.440000057220459,1.440000057220459,0,0.0,0.0
2012-05-31 00:00:00-04:00,1.440000057220459,1.440000057220459,1.440000057220459,1.440000057220459,0,0.0,0.0
2012-06-01 00:00:00-04:00,1.440000057220459,1.440000057220459,1.440000057220459,1.440000057220459,0,0.0,0.0
2012-06-04 00:00:00-04:00,1.440000057220459,1.440000057220459,1.440000057220459,1.440000057220459,0,0.0,0.0
2012-06-05 00:00:00-04:00,1.440000057220459,1.440000057220459,1.440000057220459,1.440000057220459,0,0.0,0.0
2012-06-06 00:00:00-04:00,1.440000057220459,1.440000057220459,1.440000057220459,1.440000057220459,0,0.0,0.0
2012-06-07 00:00:00-04:00,1.440000057220459,1.440000057220459,1.440000057220459,1.440000057220459,0,0.0,0.0
2012-06-08 00:00:00-04:00,1.440000057220459,1.440000057220459,1.440000057220459,1.440000057220459,0,0.0,0.0
2012-06-11 00:00:00-04:00,1.440000057220459,1.440000057220459,1.440000057220459,1.440000057220459,0,0.0,0.0
2012-06-12 00:00:00-04:00,1.440000057220459,1.440000057220459,1.440000057220459,1.440000057220459,0,0.0,0.0
2012-06-13 00:00:00-04:00,1.2000000476837158,1.2000000476837158,1.2000000476837158,1.2000000476837158,29,0.0,0.0
2012-06-14 00:00:00-04:00,1.2000000476837158,1.2000000476837158,1.2000000476837158,1.2000000476837158,0,0.0,0.0
2012-06-15 00:00:00-04:00,1.2000000476837158,1.2000000476837158,1.2000000476837158,1.2000000476837158,938,0.0,0.0
2012-06-18 00:00:00-04:00,1.2000000476837158,1.2000000476837158,1.2000000476837158,1.2000000476837158,0,0.0,0.0
2012-06-19 00:00:00-04:00,1.2000000476837158,1.2000000476837158,1.2000000476837158,1.2000000476837158,0,0.0,0.0
2012-06-20 00:00:00-04:00,1.2000000476837158,1.2000000476837158,1.2000000476837158,1.2000000476837158,0,0.0,0.0
2012-06-21 00:00:00-04:00,1.2000000476837158,1.2000000476837158,1.2000000476837158,1.2000000476837158,0,0.0,0.0
2012-06-22 00:00:00-04:00,1.2000000476837158,1.2000000476837158,1.2000000476837158,1.2000000476837158,0,0.0,0.0
2012-06-25 00:00:00-04:00,1.2000000476837158,1.2000000476837158,1.2000000476837158,1.2000000476837158,0,0.0,0.0
2012-06-26 00:00:00-04:00,1.6799999475479126,1.6799999475479126,1.6799999475479126,1.6799999475479126,404,0.0,0.0
2012-06-27 00:00:00-04:00,1.6319999694824219,1.6319999694824219,1.6319999694824219,1.6319999694824219,104,0.0,0.0
2012-06-28 00:00:00-04:00,1.6799999475479126,1.6799999475479126,1.6319999694824219,1.6319999694824219,413,0.0,0.0
2012-06-29 00:00:00-04:00,1.6799999475479126,1.6799999475479126,1.6799999475479126,1.6799999475479126,208,0.0,0.0
2012-07-02 00:00:00-04:00,1.6799999475479126,1.6799999475479126,1.6799999475479126,1.6799999475479126,0,0.0,0.0
2012-07-03 00:00:00-04:00,1.6799999475479126,1.6799999475479126,1.6799999475479126,1.6799999475479126,0,0.0,0.0
2012-07-05 00:00:00-04:00,1.6799999475479126,1.6799999475479126,1.6799999475479126,1.6799999475479126,0,0.0,0.0
2012-07-06 00:00:00-04:00,1.6799999475479126,1.6799999475479126,1.6799999475479126,1.6799999475479126,0,0.0,0.0
2012-07-09 00:00:00-04:00,1.6799999475479126,1.6799999475479126,1.6799999475479126,1.6799999475479126,0,0.0,0.0
2012-07-10 00:00:00-04:00,1.2000000476837158,1.2000000476837158,1.2000000476837158,1.2000000476837158,4,0.0,0.0
2012-07-11 00:00:00-04:00,1.2000000476837158,1.2000000476837158,1.2000000476837158,1.2000000476837158,0,0.0,0.0
2012-07-12 00:00:00-04:00,1.2000000476837158,1.2000000476837158,1.2000000476837158,1.2000000476837158,313,0.0,0.0
2012-07-13 00:00:00-04:00,1.0080000162124634,1.0080000162124634,1.0080000162124634,1.0080000162124634,42,0.0,0.0
2012-07-16 00:00:00-04:00,1.2000000476837158,1.2000000476837158,1.2000000476837158,1.2000000476837158,875,0.0,0.0
2012-07-17 00:00:00-04:00,1.2000000476837158,1.2000000476837158,1.2000000476837158,1.2000000476837158,0,0.0,0.0
2012-07-18 00:00:00-04:00,1.2000000476837158,1.2000000476837158,1.2000000476837158,1.2000000476837158,0,0.0,0.0
2012-07-19 00:00:00-04:00,1.2000000476837158,1.2000000476837158,1.2000000476837158,1.2000000476837158,0,0.0,0.0
2012-07-20 00:00:00-04:00,1.2000000476837158,1.2000000476837158,1.2000000476837158,1.2000000476837158,0,0.0,0.0
2012-07-23 00:00:00-04:00,1.2000000476837158,1.2000000476837158,1.2000000476837158,1.2000000476837158,0,0.0,0.0
2012-07-24 00:00:00-04:00,1.2000000476837158,1.2000000476837158,1.2000000476837158,1.2000000476837158,0,0.0,0.0
2012-07-25 00:00:00-04:00,1.0080000162124634,1.0080000162124634,1.0080000162124634,1.0080000162124634,52,0.0,0.0
2012-07-26 00:00:00-04:00,1.0080000162124634,1.0080000162124634,1.0080000162124634,1.0080000162124634,0,0.0,0.0
2012-07-27 00:00:00-04:00,1.0080000162124634,1.0080000162124634,1.0080000162124634,1.0080000162124634,0,0.0,0.0
2012-07-30 00:00:00-04:00,1.0080000162124634,1.0080000162124634,1.0080000162124634,1.0080000162124634,0,0.0,0.0
2012-07-31 00:00:00-04:00,1.0080000162124634,1.0080000162124634,1.0080000162124634,1.0080000162124634,0,0.0,0.0
2012-08-01 00:00:00-04:00,1.0080000162124634,1.0080000162124634,1.0080000162124634,1.0080000162124634,0,0.0,0.0
2012-08-02 00:00:00-04:00,1.0080000162124634,1.0080000162124634,1.0080000162124634,1.0080000162124634,0,0.0,0.0
2012-08-03 00:00:00-04:00,1.0080000162124634,1.0080000162124634,1.0080000162124634,1.0080000162124634,0,0.0,0.0
2012-08-06 00:00:00-04:00,1.0080000162124634,1.0080000162124634,1.0080000162124634,1.0080000162124634,0,0.0,0.0
2012-08-07 00:00:00-04:00,1.0080000162124634,1.0080000162124634,1.0080000162124634,1.0080000162124634,0,0.0,0.0
2012-08-08 00:00:00-04:00,1.0080000162124634,1.0080000162124634,1.0080000162124634,1.0080000162124634,0,0.0,0.0
2012-08-09 00:00:00-04:00,1.0080000162124634,1.0080000162124634,1.0080000162124634,1.0080000162124634,0,0.0,0.0
2012-08-10 00:00:00-04:00,1.0080000162124634,1.0080000162124634,1.0080000162124634,1.0080000162124634,0,0.0,0.0
2012-08-13 00:00:00-04:00,1.0080000162124634,1.0080000162124634,1.0080000162124634,1.0080000162124634,0,0.0,0.0
2012-08-14 00:00:00-04:00,1.0080000162124634,1.0080000162124634,1.0080000162124634,1.0080000162124634,0,0.0,0.0
2012-08-15 00:00:00-04:00,1.0080000162124634,1.0080000162124634,1.0080000162124634,1.0080000162124634,250,0.0,0.0
2012-08-16 00:00:00-04:00,1.0080000162124634,1.0080000162124634,0.9599999785423279,0.9599999785423279,521,0.0,0.0
2012-08-17 00:00:00-04:00,0.9599999785423279,0.9599999785423279,0.9599999785423279,0.9599999785423279,0,0.0,0.0
2012-08-20 00:00:00-04:00,0.9599999785423279,0.9599999785423279,0.9599999785423279,0.9599999785423279,0,0.0,0.0
2012-08-21 00:00:00-04:00,0.9599999785423279,0.9599999785423279,0.9599999785423279,0.9599999785423279,0,0.0,0.0
2012-08-22 00:00:00-04:00,0.9599999785423279,0.9599999785423279,0.9599999785423279,0.9599999785423279,0,0.0,0.0
2012-08-23 00:00:00-04:00,1.055999994277954,1.055999994277954,0.47999998927116394,0.9599999785423279,3194,0.0,0.0
2012-08-24 00:00:00-04:00,0.9599999785423279,0.9599999785423279,0.9599999785423279,0.9599999785423279,146,0.0,0.0
2012-08-27 00:00:00-04:00,0.9599999785423279,0.9599999785423279,0.9599999785423279,0.9599999785423279,0,0.0,0.0
2012-08-28 00:00:00-04:00,0.9599999785423279,0.9599999785423279,0.9599999785423279,0.9599999785423279,0,0.0,0.0
2012-08-29 00:00:00-04:00,0.9599999785423279,0.9599999785423279,0.9599999785423279,0.9599999785423279,0,0.0,0.0
2012-08-30 00:00:00-04:00,0.9599999785423279,0.9599999785423279,0.9599999785423279,0.9599999785423279,208,0.0,0.0
2012-08-31 00:00:00-04:00,0.9599999785423279,0.9599999785423279,0.9599999785423279,0.9599999785423279,0,0.0,0.0
2012-09-04 00:00:00-04:00,0.9599999785423279,0.9599999785423279,0.9599999785423279,0.9599999785423279,0,0.0,0.0
2012-09-05 00:00:00-04:00,1.0080000162124634,1.0080000162124634,1.0080000162124634,1.0080000162124634,625,0.0,0.0
2012-09-06 00:00:00-04:00,1.1039999723434448,1.1039999723434448,1.1039999723434448,1.1039999723434448,21,0.0,0.0
2012-09-07 00:00:00-04:00,1.1039999723434448,1.1039999723434448,1.1039999723434448,1.1039999723434448,0,0.0,0.0
2012-09-10 00:00:00-04:00,0.9599999785423279,0.9599999785423279,0.9599999785423279,0.9599999785423279,21,0.0,0.0
2012-09-11 00:00:00-04:00,0.9599999785423279,0.9599999785423279,0.9599999785423279,0.9599999785423279,0,0.0,0.0
2012-09-12 00:00:00-04:00,0.9599999785423279,0.9599999785423279,0.9599999785423279,0.9599999785423279,417,0.0,0.0
2012-09-13 00:00:00-04:00,1.1039999723434448,1.1039999723434448,1.1039999723434448,1.1039999723434448,83,0.0,0.0
2012-09-14 00:00:00-04:00,1.1039999723434448,1.1039999723434448,1.1039999723434448,1.1039999723434448,0,0.0,0.0
2012-09-17 00:00:00-04:00,1.1039999723434448,1.1039999723434448,1.1039999723434448,1.1039999723434448,0,0.0,0.0
2012-09-18 00:00:00-04:00,1.1039999723434448,1.1039999723434448,1.1039999723434448,1.1039999723434448,121,0.0,0.0
2012-09-19 00:00:00-04:00,1.1039999723434448,1.1039999723434448,1.1039999723434448,1.1039999723434448,0,0.0,0.0
2012-09-20 00:00:00-04:00,1.1039999723434448,1.1039999723434448,1.1039999723434448,1.1039999723434448,0,0.0,0.0
2012-09-21 00:00:00-04:00,1.1039999723434448,1.1039999723434448,1.1039999723434448,1.1039999723434448,0,0.0,0.0
2012-09-24 00:00:00-04:00,1.1039999723434448,1.1039999723434448,1.1039999723434448,1.1039999723434448,0,0.0,0.0
2012-09-25 00:00:00-04:00,1.1039999723434448,1.1039999723434448,1.1039999723434448,1.1039999723434448,0,0.0,0.0
2012-09-26 00:00:00-04:00,1.1039999723434448,1.1039999723434448,1.1039999723434448,1.1039999723434448,0,0.0,0.0
2012-09-27 00:00:00-04:00,0.9599999785423279,0.9599999785423279,0.9599999785423279,0.9599999785423279,208,0.0,0.0
2012-09-28 00:00:00-04:00,0.9599999785423279,0.9599999785423279,0.9599999785423279,0.9599999785423279,1458,0.0,0.0
2012-10-01 00:00:00-04:00,1.0080000162124634,1.0080000162124634,0.9599999785423279,0.9599999785423279,3521,0.0,0.0
2012-10-02 00:00:00-04:00,0.9599999785423279,0.9599999785423279,0.9599999785423279,0.9599999785423279,21,0.0,0.0
2012-10-03 00:00:00-04:00,0.9599999785423279,0.9599999785423279,0.9599999785423279,0.9599999785423279,417,0.0,0.0
2012-10-04 00:00:00-04:00,0.9599999785423279,0.9599999785423279,0.9599999785423279,0.9599999785423279,0,0.0,0.0
2012-10-05 00:00:00-04:00,0.9599999785423279,0.9599999785423279,0.9599999785423279,0.9599999785423279,208,0.0,0.0
2012-10-08 00:00:00-04:00,0.9599999785423279,0.9599999785423279,0.9599999785423279,0.9599999785423279,0,0.0,0.0
2012-10-09 00:00:00-04:00,0.9599999785423279,0.9599999785423279,0.9599999785423279,0.9599999785423279,29,0.0,0.0
2012-10-10 00:00:00-04:00,0.9599999785423279,0.9599999785423279,0.9599999785423279,0.9599999785423279,0,0.0,0.0
2012-10-11 00:00:00-04:00,0.9599999785423279,0.9599999785423279,0.9599999785423279,0.9599999785423279,0,0.0,0.0
2012-10-12 00:00:00-04:00,0.9599999785423279,0.9599999785423279,0.9599999785423279,0.9599999785423279,0,0.0,0.0
2012-10-15 00:00:00-04:00,0.9599999785423279,0.9599999785423279,0.9599999785423279,0.9599999785423279,0,0.0,0.0
2012-10-16 00:00:00-04:00,0.9599999785423279,0.9599999785423279,0.9599999785423279,0.9599999785423279,0,0.0,0.0
2012-10-17 00:00:00-04:00,0.9599999785423279,0.9599999785423279,0.9599999785423279,0.9599999785423279,0,0.0,0.0
2012-10-18 00:00:00-04:00,0.9599999785423279,0.9599999785423279,0.9599999785423279,0.9599999785423279,0,0.0,0.0
2012-10-19 00:00:00-04:00,0.9599999785423279,0.9599999785423279,0.9599999785423279,0.9599999785423279,0,0.0,0.0
2012-10-22 00:00:00-04:00,1.2480000257492065,1.2480000257492065,1.2480000257492065,1.2480000257492065,317,0.0,0.0
2012-10-23 00:00:00-04:00,1.2480000257492065,1.2480000257492065,1.2480000257492065,1.2480000257492065,0,0.0,0.0
2012-10-24 00:00:00-04:00,1.2480000257492065,1.2480000257492065,1.2480000257492065,1.2480000257492065,63,0.0,0.0
2012-10-25 00:00:00-04:00,1.2480000257492065,1.2480000257492065,1.2480000257492065,1.2480000257492065,0,0.0,0.0
2012-10-26 00:00:00-04:00,1.2480000257492065,1.2480000257492065,1.2480000257492065,1.2480000257492065,0,0.0,0.0
2012-10-31 00:00:00-04:00,0.671999990940094,0.9599999785423279,0.671999990940094,0.9599999785423279,733,0.0,0.0
2012-11-01 00:00:00-04:00,0.9599999785423279,0.9599999785423279,0.9599999785423279,0.9599999785423279,0,0.0,0.0
2012-11-02 00:00:00-04:00,0.9599999785423279,0.9599999785423279,0.9599999785423279,0.9599999785423279,0,0.0,0.0
2012-11-05 00:00:00-05:00,0.9599999785423279,0.9599999785423279,0.9599999785423279,0.9599999785423279,0,0.0,0.0
2012-11-06 00:00:00-05:00,0.9599999785423279,0.9599999785423279,0.9599999785423279,0.9599999785423279,0,0.0,0.0
2012-11-07 00:00:00-05:00,0.9599999785423279,0.9599999785423279,0.9599999785423279,0.9599999785423279,0,0.0,0.0
2012-11-08 00:00:00-05:00,0.9599999785423279,0.9599999785423279,0.9599999785423279,0.9599999785423279,104,0.0,0.0
2012-11-09 00:00:00-05:00,0.9599999785423279,0.9599999785423279,0.9599999785423279,0.9599999785423279,140,0.0,0.0
2012-11-12 00:00:00-05:00,0.9599999785423279,0.9599999785423279,0.9599999785423279,0.9599999785423279,0,0.0,0.0
2012-11-13 00:00:00-05:00,0.9599999785423279,0.9599999785423279,0.9599999785423279,0.9599999785423279,0,0.0,0.0
2012-11-14 00:00:00-05:00,0.9599999785423279,0.9599999785423279,0.9599999785423279,0.9599999785423279,0,0.0,0.0
2012-11-15 00:00:00-05:00,0.9599999785423279,0.9599999785423279,0.9599999785423279,0.9599999785423279,229,0.0,0.0
2012-11-16 00:00:00-05:00,0.9599999785423279,0.9599999785423279,0.9599999785423279,0.9599999785423279,71,0.0,0.0
2012-11-19 00:00:00-05:00,0.9599999785423279,1.1039999723434448,0.9599999785423279,1.1039999723434448,667,0.0,0.0
2012-11-20 00:00:00-05:00,1.1039999723434448,1.1039999723434448,1.1039999723434448,1.1039999723434448,0,0.0,0.0
2012-11-21 00:00:00-05:00,1.1039999723434448,1.1039999723434448,1.1039999723434448,1.1039999723434448,0,0.0,0.0
2012-11-23 00:00:00-05:00,1.1039999723434448,1.1039999723434448,1.1039999723434448,1.1039999723434448,0,0.0,0.0
2012-11-26 00:00:00-05:00,1.1039999723434448,1.1039999723434448,1.1039999723434448,1.1039999723434448,0,0.0,0.0
2012-11-27 00:00:00-05:00,1.1039999723434448,1.1039999723434448,1.1039999723434448,1.1039999723434448,0,0.0,0.0
2012-11-28 00:00:00-05:00,1.1039999723434448,1.1039999723434448,1.1039999723434448,1.1039999723434448,0,0.0,0.0
2012-11-29 00:00:00-05:00,0.9599999785423279,0.9599999785423279,0.9599999785423279,0.9599999785423279,1831,0.0,0.0
2012-11-30 00:00:00-05:00,0.7200000286102295,0.7200000286102295,0.7200000286102295,0.7200000286102295,48,0.0,0.0
2012-12-03 00:00:00-05:00,0.8159999847412109,0.8159999847412109,0.7200000286102295,0.7200000286102295,231,0.0,0.0
2012-12-04 00:00:00-05:00,0.671999990940094,0.671999990940094,0.47999998927116394,0.47999998927116394,4650,0.0,0.0
2012-12-05 00:00:00-05:00,0.47999998927116394,0.47999998927116394,0.47999998927116394,0.47999998927116394,1250,0.0,0.0
2012-12-06 00:00:00-05:00,0.47999998927116394,0.47999998927116394,0.47999998927116394,0.47999998927116394,1563,0.0,0.0
2012-12-07 00:00:00-05:00,0.47999998927116394,0.47999998927116394,0.47999998927116394,0.47999998927116394,0,0.0,0.0
2012-12-10 00:00:00-05:00,0.47999998927116394,0.47999998927116394,0.47999998927116394,0.47999998927116394,0,0.0,0.0
2012-12-11 00:00:00-05:00,0.47999998927116394,0.47999998927116394,0.47999998927116394,0.47999998927116394,417,0.0,0.0
2012-12-12 00:00:00-05:00,0.47999998927116394,0.8640000224113464,0.47999998927116394,0.8640000224113464,8588,0.0,0.0
2012-12-13 00:00:00-05:00,0.8159999847412109,0.9120000004768372,0.8159999847412109,0.8640000224113464,625,0.0,0.0
2012-12-14 00:00:00-05:00,0.8640000224113464,0.8640000224113464,0.8640000224113464,0.8640000224113464,0,0.0,0.0
2012-12-17 00:00:00-05:00,0.7680000066757202,0.7680000066757202,0.7680000066757202,0.7680000066757202,396,0.0,0.0
2012-12-18 00:00:00-05:00,0.8640000224113464,1.0080000162124634,0.8640000224113464,0.9120000004768372,1579,0.0,0.0
2012-12-19 00:00:00-05:00,0.9120000004768372,0.9120000004768372,0.9120000004768372,0.9120000004768372,0,0.0,0.0
2012-12-20 00:00:00-05:00,0.9120000004768372,0.9120000004768372,0.9120000004768372,0.9120000004768372,0,0.0,0.0
2012-12-21 00:00:00-05:00,0.8159999847412109,0.8159999847412109,0.8159999847412109,0.8159999847412109,42,0.0,0.0
2012-12-24 00:00:00-05:00,0.8159999847412109,0.8159999847412109,0.8159999847412109,0.8159999847412109,0,0.0,0.0
2012-12-26 00:00:00-05:00,0.8159999847412109,0.8159999847412109,0.8159999847412109,0.8159999847412109,0,0.0,0.0
2012-12-27 00:00:00-05:00,0.8159999847412109,0.8159999847412109,0.8159999847412109,0.8159999847412109,0,0.0,0.0
2012-12-28 00:00:00-05:00,0.9120000004768372,0.9120000004768372,0.9120000004768372,0.9120000004768372,340,0.0,0.0
2012-12-31 00:00:00-05:00,0.8640000224113464,0.8640000224113464,0.8640000224113464,0.8640000224113464,521,0.0,0.0
2013-01-02 00:00:00-05:00,0.9120000004768372,0.9120000004768372,0.23999999463558197,0.7200000286102295,4181,0.0,0.0
2013-01-03 00:00:00-05:00,0.7200000286102295,0.7200000286102295,0.7200000286102295,0.7200000286102295,0,0.0,0.0
2013-01-04 00:00:00-05:00,0.7200000286102295,0.7200000286102295,0.7200000286102295,0.7200000286102295,0,0.0,0.0
2013-01-07 00:00:00-05:00,0.671999990940094,0.671999990940094,0.671999990940094,0.671999990940094,52,0.0,0.0
2013-01-08 00:00:00-05:00,0.671999990940094,0.671999990940094,0.671999990940094,0.671999990940094,0,0.0,0.0
2013-01-09 00:00:00-05:00,0.671999990940094,0.671999990940094,0.671999990940094,0.671999990940094,265,0.0,0.0
2013-01-10 00:00:00-05:00,0.7680000066757202,0.7680000066757202,0.7680000066757202,0.7680000066757202,154,0.0,0.0
2013-01-11 00:00:00-05:00,0.7680000066757202,0.7680000066757202,0.7680000066757202,0.7680000066757202,0,0.0,0.0
2013-01-14 00:00:00-05:00,0.7680000066757202,0.7680000066757202,0.7680000066757202,0.7680000066757202,0,0.0,0.0
2013-01-15 00:00:00-05:00,0.9120000004768372,0.9599999785423279,0.9120000004768372,0.9599999785423279,988,0.0,0.0
2013-01-16 00:00:00-05:00,0.9599999785423279,1.055999994277954,0.9599999785423279,0.9599999785423279,2650,0.0,0.0
2013-01-17 00:00:00-05:00,1.0080000162124634,1.0080000162124634,0.9599999785423279,0.9599999785423279,1458,0.0,0.0
2013-01-18 00:00:00-05:00,0.9599999785423279,0.9599999785423279,0.8159999847412109,0.8159999847412109,1727,0.0,0.0
2013-01-22 00:00:00-05:00,0.9599999785423279,0.9599999785423279,0.9599999785423279,0.9599999785423279,35,0.0,0.0
2013-01-23 00:00:00-05:00,0.9599999785423279,0.9599999785423279,0.9599999785423279,0.9599999785423279,0,0.0,0.0
2013-01-24 00:00:00-05:00,0.9599999785423279,0.9599999785423279,0.9599999785423279,0.9599999785423279,0,0.0,0.0
2013-01-25 00:00:00-05:00,0.9599999785423279,0.9599999785423279,0.9599999785423279,0.9599999785423279,417,0.0,0.0
2013-01-28 00:00:00-05:00,0.9599999785423279,0.9599999785423279,0.9599999785423279,0.9599999785423279,0,0.0,0.0
2013-01-29 00:00:00-05:00,0.9599999785423279,0.9599999785423279,0.9599999785423279,0.9599999785423279,0,0.0,0.0
2013-01-30 00:00:00-05:00,0.9599999785423279,0.9599999785423279,0.9599999785423279,0.9599999785423279,271,0.0,0.0
2013-01-31 00:00:00-05:00,0.9599999785423279,0.9599999785423279,0.9599999785423279,0.9599999785423279,0,0.0,0.0
2013-02-01 00:00:00-05:00,0.9599999785423279,0.9599999785423279,0.9599999785423279,0.9599999785423279,0,0.0,0.0
2013-02-04 00:00:00-05:00,0.9599999785423279,0.9599999785423279,0.9599999785423279,0.9599999785423279,52,0.0,0.0
2013-02-05 00:00:00-05:00,0.9599999785423279,0.9599999785423279,0.9599999785423279,0.9599999785423279,0,0.0,0.0
2013-02-06 00:00:00-05:00,0.9599999785423279,0.9599999785423279,0.9599999785423279,0.9599999785423279,0,0.0,0.0
2013-02-07 00:00:00-05:00,0.9599999785423279,0.9599999785423279,0.9599999785423279,0.9599999785423279,625,0.0,0.0
2013-02-08 00:00:00-05:00,0.9599999785423279,0.9599999785423279,0.9599999785423279,0.9599999785423279,10,0.0,0.0
2013-02-11 00:00:00-05:00,0.9599999785423279,0.9599999785423279,0.9599999785423279,0.9599999785423279,0,0.0,0.0
2013-02-12 00:00:00-05:00,0.9599999785423279,0.9599999785423279,0.9599999785423279,0.9599999785423279,0,0.0,0.0
2013-02-13 00:00:00-05:00,0.9599999785423279,0.9599999785423279,0.9599999785423279,0.9599999785423279,0,0.0,0.0
2013-02-14 00:00:00-05:00,0.9599999785423279,1.1519999504089355,0.9599999785423279,0.9599999785423279,2846,0.0,0.0
2013-02-15 00:00:00-05:00,0.5759999752044678,0.5759999752044678,0.5759999752044678,0.5759999752044678,15,0.0,0.0
2013-02-19 00:00:00-05:00,0.5759999752044678,0.5759999752044678,0.5759999752044678,0.5759999752044678,0,0.0,0.0
2013-02-20 00:00:00-05:00,0.5759999752044678,0.5759999752044678,0.5759999752044678,0.5759999752044678,0,0.0,0.0
2013-02-21 00:00:00-05:00,0.5759999752044678,0.5759999752044678,0.5759999752044678,0.5759999752044678,0,0.0,0.0
2013-02-22 00:00:00-05:00,0.7200000286102295,0.7200000286102295,0.7200000286102295,0.7200000286102295,654,0.0,0.0
2013-02-25 00:00:00-05:00,0.7200000286102295,0.7200000286102295,0.7200000286102295,0.7200000286102295,2083,0.0,0.0
2013-02-26 00:00:00-05:00,0.7200000286102295,0.7200000286102295,0.7200000286102295,0.7200000286102295,0,0.0,0.0
2013-02-27 00:00:00-05:00,0.7200000286102295,0.7200000286102295,0.7200000286102295,0.7200000286102295,0,0.0,0.0
2013-02-28 00:00:00-05:00,0.7200000286102295,0.7200000286102295,0.7200000286102295,0.7200000286102295,0,0.0,0.0
2013-03-01 00:00:00-05:00,0.7200000286102295,0.7200000286102295,0.7200000286102295,0.7200000286102295,167,0.0,0.0
2013-03-04 00:00:00-05:00,0.7200000286102295,0.7200000286102295,0.7200000286102295,0.7200000286102295,83,0.0,0.0
2013-03-05 00:00:00-05:00,0.7200000286102295,0.7200000286102295,0.7200000286102295,0.7200000286102295,0,0.0,0.0
2013-03-06 00:00:00-05:00,1.0080000162124634,1.0080000162124634,0.5759999752044678,0.5759999752044678,3496,0.0,0.0
2013-03-07 00:00:00-05:00,0.5759999752044678,0.5759999752044678,0.5759999752044678,0.5759999752044678,0,0.0,0.0
2013-03-08 00:00:00-05:00,0.5759999752044678,0.5759999752044678,0.5759999752044678,0.5759999752044678,0,0.0,0.0
2013-03-11 00:00:00-04:00,0.5759999752044678,0.5759999752044678,0.5759999752044678,0.5759999752044678,0,0.0,0.0
2013-03-12 00:00:00-04:00,0.5759999752044678,0.5759999752044678,0.5759999752044678,0.5759999752044678,0,0.0,0.0
2013-03-13 00:00:00-04:00,0.5759999752044678,0.5759999752044678,0.5759999752044678,0.5759999752044678,0,0.0,0.0
2013-03-14 00:00:00-04:00,0.5759999752044678,0.5759999752044678,0.5759999752044678,0.5759999752044678,0,0.0,0.0
2013-03-15 00:00:00-04:00,0.5759999752044678,0.5759999752044678,0.5759999752044678,0.5759999752044678,0,0.0,0.0
2013-03-18 00:00:00-04:00,0.5759999752044678,0.5759999752044678,0.5759999752044678,0.5759999752044678,0,0.0,0.0
2013-03-19 00:00:00-04:00,0.5759999752044678,0.5759999752044678,0.5759999752044678,0.5759999752044678,0,0.0,0.0
2013-03-20 00:00:00-04:00,0.6240000128746033,0.6240000128746033,0.6240000128746033,0.6240000128746033,133,0.0,0.0
2013-03-21 00:00:00-04:00,0.6240000128746033,0.6240000128746033,0.6240000128746033,0.6240000128746033,0,0.0,0.0
2013-03-22 00:00:00-04:00,0.6240000128746033,0.6240000128746033,0.6240000128746033,0.6240000128746033,0,0.0,0.0
2013-03-25 00:00:00-04:00,0.9599999785423279,0.9599999785423279,0.9599999785423279,0.9599999785423279,579,0.0,0.0
2013-03-26 00:00:00-04:00,0.9599999785423279,0.9599999785423279,0.9599999785423279,0.9599999785423279,0,0.0,0.0
2013-03-27 00:00:00-04:00,0.9599999785423279,0.9599999785423279,0.9599999785423279,0.9599999785423279,0,0.0,0.0
2013-03-28 00:00:00-04:00,0.9599999785423279,0.9599999785423279,0.9599999785423279,0.9599999785423279,0,0.0,0.0
2013-04-01 00:00:00-04:00,0.9599999785423279,0.9599999785423279,0.9599999785423279,0.9599999785423279,0,0.0,0.0
2013-04-02 00:00:00-04:00,0.9599999785423279,0.9599999785423279,0.9599999785423279,0.9599999785423279,104,0.0,0.0
2013-04-03 00:00:00-04:00,0.9599999785423279,0.9599999785423279,0.9599999785423279,0.9599999785423279,0,0.0,0.0
2013-04-04 00:00:00-04:00,0.9599999785423279,0.9599999785423279,0.9599999785423279,0.9599999785423279,0,0.0,0.0
2013-04-05 00:00:00-04:00,0.9599999785423279,0.9599999785423279,0.9599999785423279,0.9599999785423279,0,0.0,0.0
2013-04-08 00:00:00-04:00,0.9599999785423279,0.9599999785423279,0.9599999785423279,0.9599999785423279,0,0.0,0.0
2013-04-09 00:00:00-04:00,0.9599999785423279,0.9599999785423279,0.9599999785423279,0.9599999785423279,0,0.0,0.0
2013-04-10 00:00:00-04:00,0.9599999785423279,0.9599999785423279,0.9599999785423279,0.9599999785423279,0,0.0,0.0
2013-04-11 00:00:00-04:00,0.9599999785423279,0.9599999785423279,0.9599999785423279,0.9599999785423279,0,0.0,0.0
2013-04-12 00:00:00-04:00,0.9599999785423279,0.9599999785423279,0.9599999785423279,0.9599999785423279,0,0.0,0.0
2013-04-15 00:00:00-04:00,0.9599999785423279,0.9599999785423279,0.9599999785423279,0.9599999785423279,0,0.0,0.0
2013-04-16 00:00:00-04:00,0.9599999785423279,0.9599999785423279,0.9599999785423279,0.9599999785423279,0,0.0,0.0
2013-04-17 00:00:00-04:00,0.9599999785423279,0.9599999785423279,0.9599999785423279,0.9599999785423279,0,0.0,0.0
2013-04-18 00:00:00-04:00,0.9599999785423279,0.9599999785423279,0.9599999785423279,0.9599999785423279,0,0.0,0.0
2013-04-19 00:00:00-04:00,0.9599999785423279,0.9599999785423279,0.9599999785423279,0.9599999785423279,0,0.0,0.0
2013-04-22 00:00:00-04:00,0.9599999785423279,0.9599999785423279,0.9599999785423279,0.9599999785423279,0,0.0,0.0
2013-04-23 00:00:00-04:00,0.6240000128746033,0.6240000128746033,0.5759999752044678,0.5759999752044678,1250,0.0,0.0
2013-04-24 00:00:00-04:00,0.5759999752044678,0.5759999752044678,0.5759999752044678,0.5759999752044678,0,0.0,0.0
2013-04-25 00:00:00-04:00,0.5759999752044678,0.5759999752044678,0.5759999752044678,0.5759999752044678,0,0.0,0.0
2013-04-26 00:00:00-04:00,0.5759999752044678,0.5759999752044678,0.5759999752044678,0.5759999752044678,0,0.0,0.0
2013-04-29 00:00:00-04:00,0.5759999752044678,0.5759999752044678,0.5759999752044678,0.5759999752044678,0,0.0,0.0
2013-04-30 00:00:00-04:00,0.5759999752044678,0.5759999752044678,0.5759999752044678,0.5759999752044678,0,0.0,0.0
2013-05-01 00:00:00-04:00,0.5759999752044678,0.5759999752044678,0.5759999752044678,0.5759999752044678,0,0.0,0.0
2013-05-02 00:00:00-04:00,0.5759999752044678,0.5759999752044678,0.5759999752044678,0.5759999752044678,0,0.0,0.0
2013-05-03 00:00:00-04:00,0.5759999752044678,0.5759999752044678,0.5759999752044678,0.5759999752044678,0,0.0,0.0
2013-05-06 00:00:00-04:00,0.5759999752044678,0.5759999752044678,0.5759999752044678,0.5759999752044678,0,0.0,0.0
2013-05-07 00:00:00-04:00,0.5759999752044678,0.5759999752044678,0.5759999752044678,0.5759999752044678,0,0.0,0.0
2013-05-08 00:00:00-04:00,0.5759999752044678,0.5759999752044678,0.5759999752044678,0.5759999752044678,0,0.0,0.0
2013-05-09 00:00:00-04:00,0.5759999752044678,0.5759999752044678,0.5759999752044678,0.5759999752044678,0,0.0,0.0
2013-05-10 00:00:00-04:00,0.5759999752044678,0.5759999752044678,0.5759999752044678,0.5759999752044678,0,0.0,0.0
2013-05-13 00:00:00-04:00,0.5759999752044678,0.5759999752044678,0.5759999752044678,0.5759999752044678,0,0.0,0.0
2013-05-14 00:00:00-04:00,0.5759999752044678,0.5759999752044678,0.5759999752044678,0.5759999752044678,15,0.0,0.0
2013-05-15 00:00:00-04:00,0.5759999752044678,0.5759999752044678,0.5759999752044678,0.5759999752044678,0,0.0,0.0
2013-05-16 00:00:00-04:00,0.5759999752044678,0.5759999752044678,0.5759999752044678,0.5759999752044678,0,0.0,0.0
2013-05-17 00:00:00-04:00,0.5759999752044678,0.5759999752044678,0.5759999752044678,0.5759999752044678,0,0.0,0.0
2013-05-20 00:00:00-04:00,0.5759999752044678,0.5759999752044678,0.5759999752044678,0.5759999752044678,0,0.0,0.0
2013-05-21 00:00:00-04:00,0.5759999752044678,0.5759999752044678,0.5759999752044678,0.5759999752044678,0,0.0,0.0
2013-05-22 00:00:00-04:00,0.5759999752044678,0.5759999752044678,0.5759999752044678,0.5759999752044678,0,0.0,0.0
2013-05-23 00:00:00-04:00,0.5759999752044678,0.5759999752044678,0.5759999752044678,0.5759999752044678,0,0.0,0.0
2013-05-24 00:00:00-04:00,0.5759999752044678,0.5759999752044678,0.5759999752044678,0.5759999752044678,0,0.0,0.0
2013-05-28 00:00:00-04:00,0.5759999752044678,0.5759999752044678,0.5759999752044678,0.5759999752044678,0,0.0,0.0
2013-05-29 00:00:00-04:00,0.5759999752044678,0.5759999752044678,0.5759999752044678,0.5759999752044678,29,0.0,0.0
2013-05-30 00:00:00-04:00,0.5759999752044678,0.5759999752044678,0.5759999752044678,0.5759999752044678,0,0.0,0.0
2013-05-31 00:00:00-04:00,0.5759999752044678,0.5759999752044678,0.5759999752044678,0.5759999752044678,0,0.0,0.0
2013-06-03 00:00:00-04:00,0.5759999752044678,0.5759999752044678,0.5759999752044678,0.5759999752044678,0,0.0,0.0
2013-06-04 00:00:00-04:00,0.5759999752044678,0.5759999752044678,0.5759999752044678,0.5759999752044678,0,0.0,0.0
2013-06-05 00:00:00-04:00,0.5759999752044678,0.5759999752044678,0.5759999752044678,0.5759999752044678,0,0.0,0.0
2013-06-06 00:00:00-04:00,0.5759999752044678,0.5759999752044678,0.5759999752044678,0.5759999752044678,0,0.0,0.0
2013-06-07 00:00:00-04:00,0.5759999752044678,0.5759999752044678,0.47999998927116394,0.47999998927116394,792,0.0,0.0
2013-06-10 00:00:00-04:00,0.47999998927116394,0.47999998927116394,0.47999998927116394,0.47999998927116394,0,0.0,0.0
2013-06-11 00:00:00-04:00,0.47999998927116394,0.47999998927116394,0.47999998927116394,0.47999998927116394,0,0.0,0.0
2013-06-12 00:00:00-04:00,0.47999998927116394,0.47999998927116394,0.47999998927116394,0.47999998927116394,0,0.0,0.0
2013-06-13 00:00:00-04:00,0.47999998927116394,0.47999998927116394,0.47999998927116394,0.47999998927116394,152,0.0,0.0
2013-06-14 00:00:00-04:00,0.47999998927116394,0.47999998927116394,0.47999998927116394,0.47999998927116394,0,0.0,0.0
2013-06-17 00:00:00-04:00,0.47999998927116394,0.47999998927116394,0.47999998927116394,0.47999998927116394,0,0.0,0.0
2013-06-18 00:00:00-04:00,0.47999998927116394,0.47999998927116394,0.47999998927116394,0.47999998927116394,0,0.0,0.0
2013-06-19 00:00:00-04:00,0.47999998927116394,0.47999998927116394,0.47999998927116394,0.47999998927116394,0,0.0,0.0
2013-06-20 00:00:00-04:00,0.47999998927116394,0.47999998927116394,0.47999998927116394,0.47999998927116394,0,0.0,0.0
2013-06-21 00:00:00-04:00,0.47999998927116394,0.47999998927116394,0.47999998927116394,0.47999998927116394,0,0.0,0.0
2013-06-24 00:00:00-04:00,0.47999998927116394,0.47999998927116394,0.47999998927116394,0.47999998927116394,0,0.0,0.0
2013-06-25 00:00:00-04:00,0.47999998927116394,0.47999998927116394,0.47999998927116394,0.47999998927116394,0,0.0,0.0
2013-06-26 00:00:00-04:00,0.47999998927116394,0.47999998927116394,0.47999998927116394,0.47999998927116394,0,0.0,0.0
2013-06-27 00:00:00-04:00,1.0080000162124634,1.0080000162124634,0.47999998927116394,0.47999998927116394,1021,0.0,0.0
2013-06-28 00:00:00-04:00,0.47999998927116394,0.47999998927116394,0.47999998927116394,0.47999998927116394,0,0.0,0.0
2013-07-01 00:00:00-04:00,0.47999998927116394,0.47999998927116394,0.47999998927116394,0.47999998927116394,0,0.0,0.0
2013-07-02 00:00:00-04:00,0.47999998927116394,0.47999998927116394,0.47999998927116394,0.47999998927116394,0,0.0,0.0
2013-07-03 00:00:00-04:00,0.47999998927116394,0.9599999785423279,0.47999998927116394,0.7200000286102295,535,0.0,0.0
2013-07-05 00:00:00-04:00,0.7200000286102295,0.7200000286102295,0.47999998927116394,0.47999998927116394,1042,0.0,0.0
2013-07-08 00:00:00-04:00,0.7200000286102295,0.7200000286102295,0.7200000286102295,0.7200000286102295,58,0.0,0.0
2013-07-09 00:00:00-04:00,0.9599999785423279,0.9599999785423279,0.47999998927116394,0.47999998927116394,1804,0.0,0.0
2013-07-10 00:00:00-04:00,0.7200000286102295,0.7200000286102295,0.7200000286102295,0.7200000286102295,358,0.0,0.0
2013-07-11 00:00:00-04:00,0.7200000286102295,0.7200000286102295,0.7200000286102295,0.7200000286102295,0,0.0,0.0
2013-07-12 00:00:00-04:00,0.7200000286102295,0.7200000286102295,0.7200000286102295,0.7200000286102295,0,0.0,0.0
2013-07-15 00:00:00-04:00,0.7200000286102295,0.7200000286102295,0.7200000286102295,0.7200000286102295,0,0.0,0.0
2013-07-16 00:00:00-04:00,0.7200000286102295,0.7200000286102295,0.7200000286102295,0.7200000286102295,0,0.0,0.0
2013-07-17 00:00:00-04:00,0.527999997138977,0.527999997138977,0.527999997138977,0.527999997138977,1771,0.0,0.0
2013-07-18 00:00:00-04:00,0.527999997138977,0.527999997138977,0.527999997138977,0.527999997138977,0,0.0,0.0
2013-07-19 00:00:00-04:00,0.527999997138977,0.527999997138977,0.527999997138977,0.527999997138977,1942,0.0,0.0
2013-07-22 00:00:00-04:00,0.527999997138977,0.527999997138977,0.527999997138977,0.527999997138977,0,0.0,0.0
2013-07-23 00:00:00-04:00,0.527999997138977,0.527999997138977,0.527999997138977,0.527999997138977,0,0.0,0.0
2013-07-24 00:00:00-04:00,0.527999997138977,0.527999997138977,0.527999997138977,0.527999997138977,0,0.0,0.0
2013-07-25 00:00:00-04:00,0.527999997138977,0.527999997138977,0.527999997138977,0.527999997138977,0,0.0,0.0
2013-07-26 00:00:00-04:00,0.527999997138977,0.527999997138977,0.527999997138977,0.527999997138977,0,0.0,0.0
2013-07-29 00:00:00-04:00,0.527999997138977,0.527999997138977,0.527999997138977,0.527999997138977,0,0.0,0.0
2013-07-30 00:00:00-04:00,0.527999997138977,0.527999997138977,0.527999997138977,0.527999997138977,563,0.0,0.0
2013-07-31 00:00:00-04:00,0.527999997138977,0.527999997138977,0.527999997138977,0.527999997138977,0,0.0,0.0
2013-08-01 00:00:00-04:00,0.527999997138977,0.527999997138977,0.527999997138977,0.527999997138977,0,0.0,0.0
2013-08-02 00:00:00-04:00,0.527999997138977,0.527999997138977,0.527999997138977,0.527999997138977,0,0.0,0.0
2013-08-05 00:00:00-04:00,0.527999997138977,0.527999997138977,0.527999997138977,0.527999997138977,146,0.0,0.0
2013-08-06 00:00:00-04:00,0.527999997138977,0.527999997138977,0.527999997138977,0.527999997138977,0,0.0,0.0
2013-08-07 00:00:00-04:00,0.527999997138977,0.527999997138977,0.527999997138977,0.527999997138977,0,0.0,0.0
2013-08-08 00:00:00-04:00,0.527999997138977,0.527999997138977,0.527999997138977,0.527999997138977,0,0.0,0.0
2013-08-09 00:00:00-04:00,0.527999997138977,0.7200000286102295,0.4320000112056732,0.7200000286102295,2402,0.0,0.0
2013-08-12 00:00:00-04:00,0.7200000286102295,0.7200000286102295,0.7200000286102295,0.7200000286102295,0,0.0,0.08333333333333333
2013-08-13 00:00:00-04:00,0.4399999976158142,0.4399999976158142,0.4399999976158142,0.4399999976158142,225,0.0,0.0
2013-08-14 00:00:00-04:00,0.4399999976158142,0.4399999976158142,0.4399999976158142,0.4399999976158142,0,0.0,0.0
2013-08-15 00:00:00-04:00,0.4399999976158142,0.4399999976158142,0.4399999976158142,0.4399999976158142,0,0.0,0.0
2013-08-16 00:00:00-04:00,0.4399999976158142,0.4399999976158142,0.4399999976158142,0.4399999976158142,0,0.0,0.0
2013-08-19 00:00:00-04:00,0.4399999976158142,0.4399999976158142,0.4399999976158142,0.4399999976158142,0,0.0,0.0
2013-08-20 00:00:00-04:00,0.5199999809265137,0.5199999809265137,0.5199999809265137,0.5199999809265137,425,0.0,0.0
2013-08-21 00:00:00-04:00,0.5199999809265137,0.5199999809265137,0.5199999809265137,0.5199999809265137,0,0.0,0.0
2013-08-22 00:00:00-04:00,0.5199999809265137,0.5199999809265137,0.5199999809265137,0.5199999809265137,0,0.0,0.0
2013-08-23 00:00:00-04:00,0.5199999809265137,0.5199999809265137,0.5199999809265137,0.5199999809265137,50,0.0,0.0
2013-08-26 00:00:00-04:00,0.5199999809265137,0.5199999809265137,0.5199999809265137,0.5199999809265137,0,0.0,0.0
2013-08-27 00:00:00-04:00,0.5199999809265137,0.5199999809265137,0.5199999809265137,0.5199999809265137,0,0.0,0.0
2013-08-28 00:00:00-04:00,0.5199999809265137,0.5199999809265137,0.5199999809265137,0.5199999809265137,0,0.0,0.0
2013-08-29 00:00:00-04:00,0.5199999809265137,0.5199999809265137,0.5199999809265137,0.5199999809265137,0,0.0,0.0
2013-08-30 00:00:00-04:00,0.5199999809265137,0.5199999809265137,0.5199999809265137,0.5199999809265137,0,0.0,0.0
2013-09-03 00:00:00-04:00,0.5199999809265137,0.5199999809265137,0.5199999809265137,0.5199999809265137,0,0.0,0.0
2013-09-04 00:00:00-04:00,0.47999998927116394,0.5199999809265137,0.47999998927116394,0.5199999809265137,125,0.0,0.0
2013-09-05 00:00:00-04:00,0.5199999809265137,0.5199999809265137,0.5199999809265137,0.5199999809265137,75,0.0,0.0
2013-09-06 00:00:00-04:00,0.5199999809265137,0.5199999809265137,0.5199999809265137,0.5199999809265137,0,0.0,0.0
2013-09-09 00:00:00-04:00,0.5199999809265137,0.5199999809265137,0.5199999809265137,0.5199999809265137,0,0.0,0.0
2013-09-10 00:00:00-04:00,0.5400000214576721,0.5400000214576721,0.5400000214576721,0.5400000214576721,50,0.0,0.0
2013-09-11 00:00:00-04:00,0.5400000214576721,0.5400000214576721,0.5400000214576721,0.5400000214576721,0,0.0,0.0
2013-09-12 00:00:00-04:00,0.5400000214576721,0.5400000214576721,0.5400000214576721,0.5400000214576721,0,0.0,0.0
2013-09-13 00:00:00-04:00,0.5400000214576721,0.5400000214576721,0.5400000214576721,0.5400000214576721,0,0.0,0.0
2013-09-16 00:00:00-04:00,0.5400000214576721,0.5400000214576721,0.5400000214576721,0.5400000214576721,0,0.0,0.0
2013-09-17 00:00:00-04:00,0.5400000214576721,0.5400000214576721,0.5400000214576721,0.5400000214576721,0,0.0,0.0
2013-09-18 00:00:00-04:00,0.5400000214576721,0.5400000214576721,0.5400000214576721,0.5400000214576721,100,0.0,0.0
2013-09-19 00:00:00-04:00,0.5400000214576721,0.5400000214576721,0.5400000214576721,0.5400000214576721,0,0.0,0.0
2013-09-20 00:00:00-04:00,0.5400000214576721,0.5400000214576721,0.5400000214576721,0.5400000214576721,0,0.0,0.0
2013-09-23 00:00:00-04:00,0.5400000214576721,0.5400000214576721,0.5400000214576721,0.5400000214576721,0,0.0,0.0
2013-09-24 00:00:00-04:00,0.5400000214576721,0.5400000214576721,0.5400000214576721,0.5400000214576721,0,0.0,0.0
2013-09-25 00:00:00-04:00,0.5400000214576721,0.5400000214576721,0.5400000214576721,0.5400000214576721,0,0.0,0.0
2013-09-26 00:00:00-04:00,0.5400000214576721,0.5400000214576721,0.5400000214576721,0.5400000214576721,75,0.0,0.0
2013-09-27 00:00:00-04:00,0.5400000214576721,0.5400000214576721,0.5400000214576721,0.5400000214576721,0,0.0,0.0
2013-09-30 00:00:00-04:00,0.5400000214576721,0.5400000214576721,0.5400000214576721,0.5400000214576721,0,0.0,0.0
2013-10-01 00:00:00-04:00,0.5400000214576721,0.5400000214576721,0.5400000214576721,0.5400000214576721,0,0.0,0.0
2013-10-02 00:00:00-04:00,0.5400000214576721,0.5400000214576721,0.5400000214576721,0.5400000214576721,0,0.0,0.0
2013-10-03 00:00:00-04:00,0.5400000214576721,0.5400000214576721,0.5400000214576721,0.5400000214576721,0,0.0,0.0
2013-10-04 00:00:00-04:00,0.5400000214576721,0.5400000214576721,0.5400000214576721,0.5400000214576721,0,0.0,0.0
2013-10-07 00:00:00-04:00,0.5400000214576721,0.5400000214576721,0.5400000214576721,0.5400000214576721,0,0.0,0.0
2013-10-08 00:00:00-04:00,0.5400000214576721,0.5400000214576721,0.5400000214576721,0.5400000214576721,0,0.0,0.0
2013-10-09 00:00:00-04:00,0.5400000214576721,0.5400000214576721,0.5400000214576721,0.5400000214576721,0,0.0,0.0
2013-10-10 00:00:00-04:00,0.5400000214576721,0.5400000214576721,0.5400000214576721,0.5400000214576721,0,0.0,0.0
2013-10-11 00:00:00-04:00,0.5400000214576721,0.5400000214576721,0.5400000214576721,0.5400000214576721,0,0.0,0.0
2013-10-14 00:00:00-04:00,0.5400000214576721,0.5400000214576721,0.5400000214576721,0.5400000214576721,0,0.0,0.0
2013-10-15 00:00:00-04:00,0.5400000214576721,0.5400000214576721,0.5400000214576721,0.5400000214576721,0,0.0,0.0
2013-10-16 00:00:00-04:00,0.5400000214576721,0.5400000214576721,0.5400000214576721,0.5400000214576721,0,0.0,0.0
2013-10-17 00:00:00-04:00,0.5400000214576721,0.5400000214576721,0.5400000214576721,0.5400000214576721,0,0.0,0.0
2013-10-18 00:00:00-04:00,0.5400000214576721,0.5400000214576721,0.5400000214576721,0.5400000214576721,0,0.0,0.0
2013-10-21 00:00:00-04:00,0.5400000214576721,0.5400000214576721,0.5400000214576721,0.5400000214576721,0,0.0,0.0
2013-10-22 00:00:00-04:00,0.5400000214576721,0.5400000214576721,0.5400000214576721,0.5400000214576721,0,0.0,0.0
2013-10-23 00:00:00-04:00,0.5400000214576721,0.5400000214576721,0.5400000214576721,0.5400000214576721,0,0.0,0.0
2013-10-24 00:00:00-04:00,0.5400000214576721,0.5400000214576721,0.5400000214576721,0.5400000214576721,0,0.0,0.0
2013-10-25 00:00:00-04:00,0.5400000214576721,0.5400000214576721,0.5400000214576721,0.5400000214576721,0,0.0,0.0
2013-10-28 00:00:00-04:00,0.5400000214576721,0.5400000214576721,0.5400000214576721,0.5400000214576721,0,0.0,0.0
2013-10-29 00:00:00-04:00,0.5400000214576721,0.5400000214576721,0.5400000214576721,0.5400000214576721,0,0.0,0.0
2013-10-30 00:00:00-04:00,0.5400000214576721,0.5400000214576721,0.5400000214576721,0.5400000214576721,0,0.0,0.0
2013-10-31 00:00:00-04:00,0.5400000214576721,0.5400000214576721,0.5400000214576721,0.5400000214576721,0,0.0,0.0
2013-11-01 00:00:00-04:00,0.5400000214576721,0.5400000214576721,0.5400000214576721,0.5400000214576721,0,0.0,0.0
2013-11-04 00:00:00-05:00,0.5239999890327454,0.5239999890327454,0.4320000112056732,0.4320000112056732,425,0.0,0.0
2013-11-05 00:00:00-05:00,0.4320000112056732,0.4320000112056732,0.4320000112056732,0.4320000112056732,0,0.0,0.0
2013-11-06 00:00:00-05:00,0.4320000112056732,0.4320000112056732,0.4320000112056732,0.4320000112056732,0,0.0,0.0
2013-11-07 00:00:00-05:00,0.4320000112056732,0.4320000112056732,0.4320000112056732,0.4320000112056732,0,0.0,0.0
2013-11-08 00:00:00-05:00,0.4320000112056732,0.4320000112056732,0.4320000112056732,0.4320000112056732,0,0.0,0.0
2013-11-11 00:00:00-05:00,0.4320000112056732,0.4320000112056732,0.4320000112056732,0.4320000112056732,0,0.0,0.0
2013-11-12 00:00:00-05:00,0.4320000112056732,0.4320000112056732,0.4320000112056732,0.4320000112056732,0,0.0,0.0
2013-11-13 00:00:00-05:00,0.4000000059604645,0.4000000059604645,0.4000000059604645,0.4000000059604645,3475,0.0,0.0
2013-11-14 00:00:00-05:00,0.4000000059604645,0.4000000059604645,0.4000000059604645,0.4000000059604645,0,0.0,0.0
2013-11-15 00:00:00-05:00,0.3199999928474426,0.3199999928474426,0.3199999928474426,0.3199999928474426,425,0.0,0.0
2013-11-18 00:00:00-05:00,0.2800000011920929,0.2800000011920929,0.2800000011920929,0.2800000011920929,425,0.0,0.0
2013-11-19 00:00:00-05:00,0.2800000011920929,0.2800000011920929,0.2800000011920929,0.2800000011920929,0,0.0,0.0
2013-11-20 00:00:00-05:00,0.2800000011920929,0.2800000011920929,0.2800000011920929,0.2800000011920929,0,0.0,0.0
2013-11-21 00:00:00-05:00,0.2800000011920929,0.2800000011920929,0.2800000011920929,0.2800000011920929,0,0.0,0.0
2013-11-22 00:00:00-05:00,0.2800000011920929,0.2800000011920929,0.2800000011920929,0.2800000011920929,0,0.0,0.0
2013-11-25 00:00:00-05:00,0.2800000011920929,0.2800000011920929,0.2800000011920929,0.2800000011920929,2200,0.0,0.0
2013-11-26 00:00:00-05:00,0.2800000011920929,0.2800000011920929,0.2800000011920929,0.2800000011920929,0,0.0,0.0
2013-11-27 00:00:00-05:00,0.2800000011920929,0.2800000011920929,0.2800000011920929,0.2800000011920929,0,0.0,0.0
2013-11-29 00:00:00-05:00,0.2800000011920929,0.2800000011920929,0.2800000011920929,0.2800000011920929,0,0.0,0.0
2013-12-02 00:00:00-05:00,0.4000000059604645,0.4000000059604645,0.4000000059604645,0.4000000059604645,3125,0.0,0.0
2013-12-03 00:00:00-05:00,0.4000000059604645,0.4000000059604645,0.4000000059604645,0.4000000059604645,0,0.0,0.0
2013-12-04 00:00:00-05:00,0.20000000298023224,0.20000000298023224,0.20000000298023224,0.20000000298023224,200,0.0,0.0
2013-12-05 00:00:00-05:00,0.20000000298023224,0.20000000298023224,0.20000000298023224,0.20000000298023224,0,0.0,0.0
2013-12-06 00:00:00-05:00,0.20000000298023224,0.20000000298023224,0.20000000298023224,0.20000000298023224,0,0.0,0.0
2013-12-09 00:00:00-05:00,0.20000000298023224,0.20000000298023224,0.20000000298023224,0.20000000298023224,0,0.0,0.0
2013-12-10 00:00:00-05:00,0.20000000298023224,0.20000000298023224,0.20000000298023224,0.20000000298023224,0,0.0,0.0
2013-12-11 00:00:00-05:00,0.20000000298023224,0.20000000298023224,0.20000000298023224,0.20000000298023224,0,0.0,0.0
2013-12-12 00:00:00-05:00,0.20000000298023224,0.20000000298023224,0.20000000298023224,0.20000000298023224,0,0.0,0.0
2013-12-13 00:00:00-05:00,0.20000000298023224,0.20000000298023224,0.20000000298023224,0.20000000298023224,0,0.0,0.0
2013-12-16 00:00:00-05:00,0.20000000298023224,0.20000000298023224,0.20000000298023224,0.20000000298023224,1200,0.0,0.0
2013-12-17 00:00:00-05:00,0.20000000298023224,0.20000000298023224,0.20000000298023224,0.20000000298023224,0,0.0,0.0
2013-12-18 00:00:00-05:00,0.20000000298023224,0.20000000298023224,0.20000000298023224,0.20000000298023224,0,0.0,0.0
2013-12-19 00:00:00-05:00,0.20000000298023224,0.20000000298023224,0.20000000298023224,0.20000000298023224,0,0.0,0.0
2013-12-20 00:00:00-05:00,0.20000000298023224,0.20000000298023224,0.20000000298023224,0.20000000298023224,100,0.0,0.0
2013-12-23 00:00:00-05:00,0.20000000298023224,0.20000000298023224,0.20000000298023224,0.20000000298023224,1150,0.0,0.0
2013-12-24 00:00:00-05:00,0.20000000298023224,0.20000000298023224,0.20000000298023224,0.20000000298023224,0,0.0,0.0
2013-12-26 00:00:00-05:00,0.20000000298023224,0.20000000298023224,0.20000000298023224,0.20000000298023224,1450,0.0,0.0
2013-12-27 00:00:00-05:00,0.20000000298023224,0.20000000298023224,0.20000000298023224,0.20000000298023224,0,0.0,0.0
2013-12-30 00:00:00-05:00,0.20000000298023224,0.20000000298023224,0.20000000298023224,0.20000000298023224,0,0.0,0.0
2013-12-31 00:00:00-05:00,0.20000000298023224,0.20000000298023224,0.20000000298023224,0.20000000298023224,0,0.0,0.0
2014-01-02 00:00:00-05:00,0.20000000298023224,0.20000000298023224,0.20000000298023224,0.20000000298023224,0,0.0,0.0
2014-01-03 00:00:00-05:00,0.20000000298023224,0.20000000298023224,0.20000000298023224,0.20000000298023224,0,0.0,0.0
2014-01-06 00:00:00-05:00,0.20000000298023224,0.20000000298023224,0.20000000298023224,0.20000000298023224,0,0.0,0.0
2014-01-07 00:00:00-05:00,0.20000000298023224,0.20000000298023224,0.20000000298023224,0.20000000298023224,0,0.0,0.0
2014-01-08 00:00:00-05:00,0.20000000298023224,0.20000000298023224,0.20000000298023224,0.20000000298023224,0,0.0,0.0
2014-01-09 00:00:00-05:00,0.20000000298023224,0.20000000298023224,0.20000000298023224,0.20000000298023224,0,0.0,0.0
2014-01-10 00:00:00-05:00,0.20000000298023224,0.20000000298023224,0.20000000298023224,0.20000000298023224,0,0.0,0.0
2014-01-13 00:00:00-05:00,0.20000000298023224,0.20000000298023224,0.20000000298023224,0.20000000298023224,0,0.0,0.0
2014-01-14 00:00:00-05:00,0.03200000151991844,0.20000000298023224,0.03200000151991844,0.20000000298023224,6025,0.0,0.0
2014-01-15 00:00:00-05:00,0.20000000298023224,0.20000000298023224,0.20000000298023224,0.20000000298023224,0,0.0,0.0
2014-01-16 00:00:00-05:00,0.20000000298023224,0.20000000298023224,0.20000000298023224,0.20000000298023224,0,0.0,0.0
2014-01-17 00:00:00-05:00,0.20000000298023224,0.20000000298023224,0.20000000298023224,0.20000000298023224,0,0.0,0.0
2014-01-21 00:00:00-05:00,0.20000000298023224,0.20000000298023224,0.20000000298023224,0.20000000298023224,0,0.0,0.0
2014-01-22 00:00:00-05:00,0.20000000298023224,0.20000000298023224,0.20000000298023224,0.20000000298023224,0,0.0,0.0
2014-01-23 00:00:00-05:00,0.20000000298023224,0.20000000298023224,0.20000000298023224,0.20000000298023224,0,0.0,0.0
2014-01-24 00:00:00-05:00,0.20000000298023224,0.20000000298023224,0.20000000298023224,0.20000000298023224,0,0.0,0.0
2014-01-27 00:00:00-05:00,0.20000000298023224,0.20000000298023224,0.20000000298023224,0.20000000298023224,0,0.0,0.0
2014-01-28 00:00:00-05:00,0.20000000298023224,0.20000000298023224,0.20000000298023224,0.20000000298023224,0,0.0,0.0
2014-01-29 00:00:00-05:00,0.20000000298023224,0.20000000298023224,0.20000000298023224,0.20000000298023224,0,0.0,0.0
2014-01-30 00:00:00-05:00,0.20000000298023224,0.20000000298023224,0.20000000298023224,0.20000000298023224,0,0.0,0.0
2014-01-31 00:00:00-05:00,0.20000000298023224,0.20000000298023224,0.20000000298023224,0.20000000298023224,0,0.0,0.0
2014-02-03 00:00:00-05:00,0.20000000298023224,0.20000000298023224,0.20000000298023224,0.20000000298023224,0,0.0,0.0
2014-02-04 00:00:00-05:00,0.20000000298023224,0.20000000298023224,0.20000000298023224,0.20000000298023224,0,0.0,0.0
2014-02-05 00:00:00-05:00,0.20000000298023224,0.20000000298023224,0.20000000298023224,0.20000000298023224,0,0.0,0.0
2014-02-06 00:00:00-05:00,0.20000000298023224,0.20000000298023224,0.20000000298023224,0.20000000298023224,0,0.0,0.0
2014-02-07 00:00:00-05:00,0.20000000298023224,0.20000000298023224,0.20000000298023224,0.20000000298023224,200,0.0,0.0
2014-02-10 00:00:00-05:00,0.7200000286102295,0.7200000286102295,0.7200000286102295,0.7200000286102295,125,0.0,0.0
2014-02-11 00:00:00-05:00,0.7200000286102295,0.7200000286102295,0.7200000286102295,0.7200000286102295,0,0.0,0.0
2014-02-12 00:00:00-05:00,0.7200000286102295,0.7200000286102295,0.7200000286102295,0.7200000286102295,0,0.0,0.0
2014-02-13 00:00:00-05:00,0.7200000286102295,0.7200000286102295,0.7200000286102295,0.7200000286102295,0,0.0,0.0
2014-02-14 00:00:00-05:00,0.6000000238418579,0.6000000238418579,0.36800000071525574,0.4880000054836273,5325,0.0,0.0
2014-02-18 00:00:00-05:00,0.7200000286102295,0.7200000286102295,0.7200000286102295,0.7200000286102295,0,0.0,0.0
2014-02-19 00:00:00-05:00,0.4880000054836273,0.4880000054836273,0.4880000054836273,0.4880000054836273,0,0.0,0.0
2014-02-20 00:00:00-05:00,0.4880000054836273,0.4880000054836273,0.4880000054836273,0.4880000054836273,0,0.0,0.0
2014-02-21 00:00:00-05:00,0.699999988079071,0.699999988079071,0.699999988079071,0.699999988079071,200,0.0,0.0
2014-02-24 00:00:00-05:00,0.699999988079071,0.699999988079071,0.699999988079071,0.699999988079071,0,0.0,0.0
2014-02-25 00:00:00-05:00,0.699999988079071,0.699999988079071,0.699999988079071,0.699999988079071,0,0.0,0.0
2014-02-26 00:00:00-05:00,0.699999988079071,0.699999988079071,0.699999988079071,0.699999988079071,0,0.0,0.0
2014-02-27 00:00:00-05:00,0.699999988079071,0.699999988079071,0.699999988079071,0.699999988079071,0,0.0,0.0
2014-02-28 00:00:00-05:00,0.699999988079071,0.699999988079071,0.699999988079071,0.699999988079071,0,0.0,0.0
2014-03-03 00:00:00-05:00,0.699999988079071,0.699999988079071,0.699999988079071,0.699999988079071,0,0.0,0.0
2014-03-04 00:00:00-05:00,0.699999988079071,0.699999988079071,0.699999988079071,0.699999988079071,525,0.0,0.0
2014-03-05 00:00:00-05:00,0.699999988079071,0.699999988079071,0.699999988079071,0.699999988079071,0,0.0,0.0
2014-03-06 00:00:00-05:00,0.4399999976158142,0.4399999976158142,0.4399999976158142,0.4399999976158142,3050,0.0,0.0
2014-03-07 00:00:00-05:00,0.699999988079071,2.240000009536743,0.699999988079071,2.240000009536743,150,0.0,0.0
2014-03-10 00:00:00-04:00,2.240000009536743,2.240000009536743,0.4399999976158142,0.8999999761581421,5525,0.0,0.0
2014-03-11 00:00:00-04:00,0.8199999928474426,1.9199999570846558,0.7200000286102295,1.399999976158142,10625,0.0,0.0
2014-03-12 00:00:00-04:00,1.2000000476837158,1.600000023841858,1.2000000476837158,1.600000023841858,8775,0.0,0.0
2014-03-13 00:00:00-04:00,1.600000023841858,2.0,1.2400000095367432,1.600000023841858,10850,0.0,0.0
2014-03-14 00:00:00-04:00,2.240000009536743,2.240000009536743,2.240000009536743,2.240000009536743,25,0.0,0.0
2014-03-17 00:00:00-04:00,2.240000009536743,2.240000009536743,2.240000009536743,2.240000009536743,0,0.0,0.0
2014-03-18 00:00:00-04:00,1.2400000095367432,1.600000023841858,1.2000000476837158,1.600000023841858,3950,0.0,0.0
2014-03-19 00:00:00-04:00,1.600000023841858,1.600000023841858,1.600000023841858,1.600000023841858,0,0.0,0.0
2014-03-20 00:00:00-04:00,1.600000023841858,1.600000023841858,1.600000023841858,1.600000023841858,0,0.0,0.0
2014-03-21 00:00:00-04:00,2.619999885559082,2.619999885559082,1.4800000190734863,1.600000023841858,1125,0.0,0.0
2014-03-24 00:00:00-04:00,1.9520000219345093,2.240000009536743,1.2000000476837158,2.240000009536743,175,0.0,0.0
2014-03-25 00:00:00-04:00,2.240000009536743,2.240000009536743,2.240000009536743,2.240000009536743,0,0.0,0.0
2014-03-26 00:00:00-04:00,2.240000009536743,2.240000009536743,2.240000009536743,2.240000009536743,0,0.0,0.0
2014-03-27 00:00:00-04:00,2.240000009536743,2.240000009536743,2.240000009536743,2.240000009536743,0,0.0,0.0
2014-03-28 00:00:00-04:00,2.240000009536743,2.240000009536743,2.240000009536743,2.240000009536743,0,0.0,0.0
2014-03-31 00:00:00-04:00,2.240000009536743,2.240000009536743,2.240000009536743,2.240000009536743,0,0.0,0.0
2014-04-01 00:00:00-04:00,2.240000009536743,2.240000009536743,2.240000009536743,2.240000009536743,75,0.0,0.0
2014-04-02 00:00:00-04:00,2.619999885559082,2.619999885559082,2.240000009536743,2.240000009536743,275,0.0,0.0
2014-04-03 00:00:00-04:00,1.440000057220459,1.440000057220459,1.440000057220459,1.440000057220459,425,0.0,0.0
2014-04-04 00:00:00-04:00,2.240000009536743,2.240000009536743,2.240000009536743,2.240000009536743,25,0.0,0.0
2014-04-07 00:00:00-04:00,2.240000009536743,2.240000009536743,2.240000009536743,2.240000009536743,25,0.0,0.0
2014-04-08 00:00:00-04:00,2.240000009536743,2.240000009536743,2.240000009536743,2.240000009536743,0,0.0,0.0
2014-04-09 00:00:00-04:00,2.240000009536743,2.240000009536743,2.240000009536743,2.240000009536743,0,0.0,0.0
2014-04-10 00:00:00-04:00,2.240000009536743,2.240000009536743,2.240000009536743,2.240000009536743,0,0.0,0.0
2014-04-11 00:00:00-04:00,0.20000000298023224,1.440000057220459,0.20000000298023224,1.2799999713897705,1000,0.0,0.0
2014-04-14 00:00:00-04:00,1.2799999713897705,1.2799999713897705,1.2799999713897705,1.2799999713897705,650,0.0,0.0
2014-04-15 00:00:00-04:00,1.2799999713897705,1.2799999713897705,1.2000000476837158,1.2000000476837158,675,0.0,0.0
2014-04-16 00:00:00-04:00,1.2000000476837158,1.2000000476837158,1.2000000476837158,1.2000000476837158,0,0.0,0.0
2014-04-17 00:00:00-04:00,1.2000000476837158,1.2000000476837158,1.2000000476837158,1.2000000476837158,1800,0.0,0.0
2014-04-21 00:00:00-04:00,1.2000000476837158,1.2000000476837158,1.2000000476837158,1.2000000476837158,625,0.0,0.0
2014-04-22 00:00:00-04:00,1.2000000476837158,1.2000000476837158,1.2000000476837158,1.2000000476837158,0,0.0,0.0
2014-04-23 00:00:00-04:00,1.2000000476837158,1.2000000476837158,1.2000000476837158,1.2000000476837158,0,0.0,0.0
2014-04-24 00:00:00-04:00,1.2000000476837158,1.2000000476837158,1.2000000476837158,1.2000000476837158,0,0.0,0.0
2014-04-25 00:00:00-04:00,1.2000000476837158,1.2000000476837158,1.2000000476837158,1.2000000476837158,0,0.0,0.0
2014-04-28 00:00:00-04:00,1.2000000476837158,1.2000000476837158,1.2000000476837158,1.2000000476837158,0,0.0,0.0
2014-04-29 00:00:00-04:00,1.2000000476837158,1.2000000476837158,1.2000000476837158,1.2000000476837158,0,0.0,0.0
2014-04-30 00:00:00-04:00,1.1119999885559082,1.1119999885559082,1.0399999618530273,1.0399999618530273,800,0.0,0.0
2014-05-01 00:00:00-04:00,1.0399999618530273,1.0399999618530273,1.0399999618530273,1.0399999618530273,0,0.0,0.0
2014-05-02 00:00:00-04:00,1.0399999618530273,1.0399999618530273,1.0399999618530273,1.0399999618530273,0,0.0,0.0
2014-05-05 00:00:00-04:00,1.0399999618530273,1.0399999618530273,1.0399999618530273,1.0399999618530273,0,0.0,0.0
2014-05-06 00:00:00-04:00,1.0399999618530273,1.0399999618530273,1.0399999618530273,1.0399999618530273,0,0.0,0.0
2014-05-07 00:00:00-04:00,1.0399999618530273,1.0399999618530273,1.0399999618530273,1.0399999618530273,0,0.0,0.0
2014-05-08 00:00:00-04:00,1.0399999618530273,1.0399999618530273,1.0399999618530273,1.0399999618530273,0,0.0,0.0
2014-05-09 00:00:00-04:00,1.0399999618530273,1.0399999618530273,1.0399999618530273,1.0399999618530273,100,0.0,0.0
2014-05-12 00:00:00-04:00,1.0399999618530273,1.0399999618530273,1.0399999618530273,1.0399999618530273,725,0.0,0.0
2014-05-13 00:00:00-04:00,1.0399999618530273,1.0399999618530273,1.0399999618530273,1.0399999618530273,0,0.0,0.0
2014-05-14 00:00:00-04:00,1.0399999618530273,1.0399999618530273,1.0399999618530273,1.0399999618530273,0,0.0,0.0
2014-05-15 00:00:00-04:00,1.0399999618530273,1.0399999618530273,1.0399999618530273,1.0399999618530273,0,0.0,0.0
2014-05-16 00:00:00-04:00,1.0399999618530273,1.0399999618530273,1.0399999618530273,1.0399999618530273,0,0.0,0.0
2014-05-19 00:00:00-04:00,1.0399999618530273,1.0399999618530273,1.0399999618530273,1.0399999618530273,0,0.0,0.0
2014-05-20 00:00:00-04:00,1.0399999618530273,1.0399999618530273,1.0399999618530273,1.0399999618530273,0,0.0,0.0
2014-05-21 00:00:00-04:00,0.9200000166893005,0.9200000166893005,0.9200000166893005,0.9200000166893005,1525,0.0,0.0
2014-05-22 00:00:00-04:00,0.9200000166893005,0.9200000166893005,0.9200000166893005,0.9200000166893005,0,0.0,0.0
2014-05-23 00:00:00-04:00,0.9200000166893005,0.9200000166893005,0.9200000166893005,0.9200000166893005,0,0.0,0.0
2014-05-27 00:00:00-04:00,0.9200000166893005,0.9200000166893005,0.9200000166893005,0.9200000166893005,0,0.0,0.0
2014-05-28 00:00:00-04:00,0.9200000166893005,0.9200000166893005,0.9200000166893005,0.9200000166893005,0,0.0,0.0
2014-05-29 00:00:00-04:00,1.0920000076293945,1.0920000076293945,1.0920000076293945,1.0920000076293945,625,0.0,0.0
2014-05-30 00:00:00-04:00,1.0920000076293945,1.0920000076293945,1.0920000076293945,1.0920000076293945,0,0.0,0.0
2014-06-02 00:00:00-04:00,1.0920000076293945,1.0920000076293945,1.0920000076293945,1.0920000076293945,0,0.0,0.0
2014-06-03 00:00:00-04:00,1.0920000076293945,1.0920000076293945,1.0920000076293945,1.0920000076293945,0,0.0,0.0
2014-06-04 00:00:00-04:00,1.0920000076293945,1.0920000076293945,1.0920000076293945,1.0920000076293945,0,0.0,0.0
2014-06-05 00:00:00-04:00,1.0920000076293945,1.0920000076293945,1.0920000076293945,1.0920000076293945,0,0.0,0.0
2014-06-06 00:00:00-04:00,1.2799999713897705,1.2799999713897705,1.2599999904632568,1.2599999904632568,2550,0.0,0.0
2014-06-09 00:00:00-04:00,1.2599999904632568,1.2599999904632568,1.2599999904632568,1.2599999904632568,0,0.0,0.0
2014-06-10 00:00:00-04:00,1.2599999904632568,1.2599999904632568,1.2599999904632568,1.2599999904632568,0,0.0,0.0
2014-06-11 00:00:00-04:00,1.1200000047683716,1.1200000047683716,1.1200000047683716,1.1200000047683716,700,0.0,0.0
2014-06-12 00:00:00-04:00,1.1200000047683716,1.1200000047683716,1.1200000047683716,1.1200000047683716,0,0.0,0.0
2014-06-13 00:00:00-04:00,1.1200000047683716,1.1200000047683716,1.1200000047683716,1.1200000047683716,0,0.0,0.0
2014-06-16 00:00:00-04:00,1.1200000047683716,1.1200000047683716,1.1200000047683716,1.1200000047683716,0,0.0,0.0
2014-06-17 00:00:00-04:00,1.1200000047683716,1.1200000047683716,1.1200000047683716,1.1200000047683716,0,0.0,0.0
2014-06-18 00:00:00-04:00,1.1200000047683716,1.1200000047683716,1.1200000047683716,1.1200000047683716,0,0.0,0.0
2014-06-19 00:00:00-04:00,1.1200000047683716,1.1200000047683716,1.1200000047683716,1.1200000047683716,275,0.0,0.0
2014-06-20 00:00:00-04:00,1.1200000047683716,1.1200000047683716,1.1200000047683716,1.1200000047683716,0,0.0,0.0
2014-06-23 00:00:00-04:00,1.1200000047683716,1.1200000047683716,1.1200000047683716,1.1200000047683716,50,0.0,0.0
2014-06-24 00:00:00-04:00,1.1200000047683716,1.1200000047683716,1.1200000047683716,1.1200000047683716,0,0.0,0.0
2014-06-25 00:00:00-04:00,1.1920000314712524,1.1920000314712524,1.1920000314712524,1.1920000314712524,50,0.0,0.0
2014-06-26 00:00:00-04:00,1.1920000314712524,1.1920000314712524,1.1920000314712524,1.1920000314712524,0,0.0,0.0
2014-06-27 00:00:00-04:00,1.1920000314712524,1.1920000314712524,1.1920000314712524,1.1920000314712524,0,0.0,0.0
2014-06-30 00:00:00-04:00,1.1920000314712524,1.1920000314712524,1.1920000314712524,1.1920000314712524,0,0.0,0.0
2014-07-01 00:00:00-04:00,1.1200000047683716,1.1200000047683716,1.0,1.0,975,0.0,0.0
2014-07-02 00:00:00-04:00,1.0,1.0,1.0,1.0,0,0.0,0.0
2014-07-03 00:00:00-04:00,1.0,1.0,1.0,1.0,0,0.0,0.0
2014-07-07 00:00:00-04:00,1.0,1.0,1.0,1.0,0,0.0,0.0
2014-07-08 00:00:00-04:00,1.0,1.0,1.0,1.0,0,0.0,0.0
2014-07-09 00:00:00-04:00,1.0,1.0,1.0,1.0,0,0.0,0.0
2014-07-10 00:00:00-04:00,1.0,1.0,1.0,1.0,200,0.0,0.0
2014-07-11 00:00:00-04:00,1.0,1.0,1.0,1.0,0,0.0,0.0
2014-07-14 00:00:00-04:00,1.0,1.0,1.0,1.0,0,0.0,0.0
2014-07-15 00:00:00-04:00,1.0,1.0,1.0,1.0,0,0.0,0.0
2014-07-16 00:00:00-04:00,1.0,1.0,1.0,1.0,0,0.0,0.0
2014-07-17 00:00:00-04:00,1.0,1.0,1.0,1.0,0,0.0,0.0
2014-07-18 00:00:00-04:00,1.0,1.0,1.0,1.0,0,0.0,0.0
2014-07-21 00:00:00-04:00,1.0,1.0,1.0,1.0,0,0.0,0.0
2014-07-22 00:00:00-04:00,1.0,1.0,1.0,1.0,0,0.0,0.0
2014-07-23 00:00:00-04:00,1.0,1.0,1.0,1.0,0,0.0,0.0
2014-07-24 00:00:00-04:00,1.0,1.0,1.0,1.0,0,0.0,0.0
2014-07-25 00:00:00-04:00,1.0,1.0,1.0,1.0,0,0.0,0.0
2014-07-28 00:00:00-04:00,1.2000000476837158,1.2000000476837158,1.2000000476837158,1.2000000476837158,25,0.0,0.0
2014-07-29 00:00:00-04:00,1.2000000476837158,1.2000000476837158,1.2000000476837158,1.2000000476837158,0,0.0,0.0
2014-07-30 00:00:00-04:00,1.2000000476837158,1.2000000476837158,1.2000000476837158,1.2000000476837158,0,0.0,0.0
2014-07-31 00:00:00-04:00,1.2000000476837158,1.2000000476837158,1.2000000476837158,1.2000000476837158,0,0.0,0.0
2014-08-01 00:00:00-04:00,1.2000000476837158,1.2000000476837158,1.2000000476837158,1.2000000476837158,0,0.0,0.0
2014-08-04 00:00:00-04:00,1.2000000476837158,1.2000000476837158,1.2000000476837158,1.2000000476837158,0,0.0,0.0
2014-08-05 00:00:00-04:00,1.2000000476837158,1.2000000476837158,1.2000000476837158,1.2000000476837158,0,0.0,0.0
2014-08-06 00:00:00-04:00,1.2000000476837158,1.2000000476837158,1.2000000476837158,1.2000000476837158,0,0.0,0.0
2014-08-07 00:00:00-04:00,1.2000000476837158,1.2000000476837158,1.2000000476837158,1.2000000476837158,0,0.0,0.0
2014-08-08 00:00:00-04:00,1.2000000476837158,1.2000000476837158,1.2000000476837158,1.2000000476837158,0,0.0,0.0
2014-08-11 00:00:00-04:00,1.2000000476837158,1.2000000476837158,1.2000000476837158,1.2000000476837158,0,0.0,0.0
2014-08-12 00:00:00-04:00,1.0,1.0,1.0,1.0,600,0.0,0.0
2014-08-13 00:00:00-04:00,1.0,1.0,1.0,1.0,25,0.0,0.0
2014-08-14 00:00:00-04:00,1.0,1.0,1.0,1.0,0,0.0,0.0
2014-08-15 00:00:00-04:00,1.0,1.0,1.0,1.0,0,0.0,0.0
2014-08-18 00:00:00-04:00,1.0,1.0,1.0,1.0,800,0.0,0.0
2014-08-19 00:00:00-04:00,1.0,1.0,1.0,1.0,0,0.0,0.0
2014-08-20 00:00:00-04:00,1.0,1.0,1.0,1.0,0,0.0,0.0
2014-08-21 00:00:00-04:00,1.0,1.0,1.0,1.0,0,0.0,0.0
2014-08-22 00:00:00-04:00,1.399999976158142,1.399999976158142,1.399999976158142,1.399999976158142,25,0.0,0.0
2014-08-25 00:00:00-04:00,1.399999976158142,1.399999976158142,1.399999976158142,1.399999976158142,0,0.0,0.0
2014-08-26 00:00:00-04:00,1.399999976158142,1.399999976158142,1.399999976158142,1.399999976158142,0,0.0,0.0
2014-08-27 00:00:00-04:00,1.399999976158142,1.399999976158142,1.399999976158142,1.399999976158142,0,0.0,0.0
2014-08-28 00:00:00-04:00,0.800000011920929,0.800000011920929,0.800000011920929,0.800000011920929,200,0.0,0.0
2014-08-29 00:00:00-04:00,1.399999976158142,1.399999976158142,0.800000011920929,0.800000011920929,1000,0.0,0.0
2014-09-02 00:00:00-04:00,0.800000011920929,0.800000011920929,0.800000011920929,0.800000011920929,0,0.0,0.0
2014-09-03 00:00:00-04:00,0.800000011920929,0.800000011920929,0.800000011920929,0.800000011920929,0,0.0,0.0
2014-09-04 00:00:00-04:00,0.800000011920929,0.800000011920929,0.800000011920929,0.800000011920929,75,0.0,0.0
2014-09-05 00:00:00-04:00,0.800000011920929,0.800000011920929,0.800000011920929,0.800000011920929,75,0.0,0.0
2014-09-08 00:00:00-04:00,0.800000011920929,0.800000011920929,0.800000011920929,0.800000011920929,0,0.0,0.0
2014-09-09 00:00:00-04:00,0.800000011920929,0.800000011920929,0.800000011920929,0.800000011920929,750,0.0,0.0
2014-09-10 00:00:00-04:00,0.800000011920929,0.800000011920929,0.800000011920929,0.800000011920929,0,0.0,0.0
2014-09-11 00:00:00-04:00,0.800000011920929,0.800000011920929,0.800000011920929,0.800000011920929,0,0.0,0.0
2014-09-12 00:00:00-04:00,0.800000011920929,0.800000011920929,0.800000011920929,0.800000011920929,0,0.0,0.0
2014-09-15 00:00:00-04:00,0.800000011920929,0.800000011920929,0.800000011920929,0.800000011920929,0,0.0,0.0
2014-09-16 00:00:00-04:00,0.800000011920929,0.800000011920929,0.800000011920929,0.800000011920929,0,0.0,0.0
2014-09-17 00:00:00-04:00,0.800000011920929,0.800000011920929,0.800000011920929,0.800000011920929,0,0.0,0.0
2014-09-18 00:00:00-04:00,0.800000011920929,0.800000011920929,0.800000011920929,0.800000011920929,700,0.0,0.0
2014-09-19 00:00:00-04:00,0.800000011920929,0.800000011920929,0.800000011920929,0.800000011920929,1750,0.0,0.0
2014-09-22 00:00:00-04:00,0.6800000071525574,0.6800000071525574,0.6800000071525574,0.6800000071525574,2850,0.0,0.0
2014-09-23 00:00:00-04:00,0.6800000071525574,0.6800000071525574,0.6800000071525574,0.6800000071525574,500,0.0,0.0
2014-09-24 00:00:00-04:00,0.6800000071525574,0.6800000071525574,0.6000000238418579,0.6000000238418579,1400,0.0,0.0
2014-09-25 00:00:00-04:00,0.6000000238418579,0.6000000238418579,0.6000000238418579,0.6000000238418579,0,0.0,0.0
2014-09-26 00:00:00-04:00,0.6000000238418579,0.6000000238418579,0.6000000238418579,0.6000000238418579,25,0.0,0.0
2014-09-29 00:00:00-04:00,0.6000000238418579,0.6000000238418579,0.6000000238418579,0.6000000238418579,0,0.0,0.0
2014-09-30 00:00:00-04:00,0.628000020980835,0.628000020980835,0.6000000238418579,0.6000000238418579,675,0.0,0.0
2014-10-01 00:00:00-04:00,0.6000000238418579,0.6000000238418579,0.6000000238418579,0.6000000238418579,0,0.0,0.0
2014-10-02 00:00:00-04:00,0.6000000238418579,0.6000000238418579,0.6000000238418579,0.6000000238418579,0,0.0,0.0
2014-10-03 00:00:00-04:00,0.6000000238418579,0.6000000238418579,0.6000000238418579,0.6000000238418579,0,0.0,0.0
2014-10-06 00:00:00-04:00,0.6000000238418579,0.6000000238418579,0.6000000238418579,0.6000000238418579,0,0.0,0.0
2014-10-07 00:00:00-04:00,0.6000000238418579,0.6000000238418579,0.6000000238418579,0.6000000238418579,0,0.0,0.0
2014-10-08 00:00:00-04:00,0.6000000238418579,0.6000000238418579,0.6000000238418579,0.6000000238418579,0,0.0,0.0
2014-10-09 00:00:00-04:00,0.6000000238418579,0.6000000238418579,0.6000000238418579,0.6000000238418579,875,0.0,0.0
2014-10-10 00:00:00-04:00,0.6000000238418579,0.6000000238418579,0.6000000238418579,0.6000000238418579,25,0.0,0.0
2014-10-13 00:00:00-04:00,0.6000000238418579,0.6000000238418579,0.6000000238418579,0.6000000238418579,0,0.0,0.0
2014-10-14 00:00:00-04:00,0.6000000238418579,0.6000000238418579,0.6000000238418579,0.6000000238418579,0,0.0,0.0
2014-10-15 00:00:00-04:00,0.6000000238418579,0.6000000238418579,0.6000000238418579,0.6000000238418579,0,0.0,0.0
2014-10-16 00:00:00-04:00,0.6000000238418579,0.6000000238418579,0.6000000238418579,0.6000000238418579,0,0.0,0.0
2014-10-17 00:00:00-04:00,0.6000000238418579,0.6000000238418579,0.6000000238418579,0.6000000238418579,0,0.0,0.0
2014-10-20 00:00:00-04:00,0.6000000238418579,0.6000000238418579,0.6000000238418579,0.6000000238418579,0,0.0,0.0
2014-10-21 00:00:00-04:00,0.6000000238418579,0.6000000238418579,0.6000000238418579,0.6000000238418579,0,0.0,0.0
2014-10-22 00:00:00-04:00,0.6000000238418579,0.6000000238418579,0.4000000059604645,0.4000000059604645,9700,0.0,0.0
2014-10-23 00:00:00-04:00,0.4000000059604645,0.4000000059604645,0.4000000059604645,0.4000000059604645,0,0.0,0.0
2014-10-24 00:00:00-04:00,0.4000000059604645,0.4000000059604645,0.4000000059604645,0.4000000059604645,0,0.0,0.0
2014-10-27 00:00:00-04:00,0.4000000059604645,0.4000000059604645,0.4000000059604645,0.4000000059604645,0,0.0,0.0
2014-10-28 00:00:00-04:00,0.4000000059604645,0.4000000059604645,0.4000000059604645,0.4000000059604645,0,0.0,0.0
2014-10-29 00:00:00-04:00,0.4000000059604645,0.4000000059604645,0.4000000059604645,0.4000000059604645,0,0.0,0.0
2014-10-30 00:00:00-04:00,0.5799999833106995,0.5799999833106995,0.5799999833106995,0.5799999833106995,325,0.0,0.0
2014-10-31 00:00:00-04:00,0.5799999833106995,0.5799999833106995,0.5799999833106995,0.5799999833106995,0,0.0,0.0
2014-11-03 00:00:00-05:00,0.5799999833106995,0.5799999833106995,0.5799999833106995,0.5799999833106995,0,0.0,0.0
2014-11-04 00:00:00-05:00,0.5799999833106995,0.5799999833106995,0.5799999833106995,0.5799999833106995,0,0.0,0.0
2014-11-05 00:00:00-05:00,0.4000000059604645,0.4000000059604645,0.4000000059604645,0.4000000059604645,525,0.0,0.0
2014-11-06 00:00:00-05:00,0.4000000059604645,0.4000000059604645,0.4000000059604645,0.4000000059604645,0,0.0,0.0
2014-11-07 00:00:00-05:00,0.4000000059604645,0.4000000059604645,0.4000000059604645,0.4000000059604645,0,0.0,0.0
2014-11-10 00:00:00-05:00,0.4000000059604645,0.4000000059604645,0.4000000059604645,0.4000000059604645,0,0.0,0.0
2014-11-11 00:00:00-05:00,0.4000000059604645,0.4000000059604645,0.4000000059604645,0.4000000059604645,0,0.0,0.0
2014-11-12 00:00:00-05:00,0.4000000059604645,0.4000000059604645,0.4000000059604645,0.4000000059604645,0,0.0,0.0
2014-11-13 00:00:00-05:00,0.4000000059604645,0.4000000059604645,0.4000000059604645,0.4000000059604645,0,0.0,0.0
2014-11-14 00:00:00-05:00,0.4000000059604645,0.4000000059604645,0.4000000059604645,0.4000000059604645,1750,0.0,0.0
2014-11-17 00:00:00-05:00,0.4000000059604645,0.4000000059604645,0.4000000059604645,0.4000000059604645,0,0.0,0.0
2014-11-18 00:00:00-05:00,0.4000000059604645,0.4000000059604645,0.4000000059604645,0.4000000059604645,0,0.0,0.0
2014-11-19 00:00:00-05:00,0.4000000059604645,0.4000000059604645,0.4000000059604645,0.4000000059604645,0,0.0,0.0
2014-11-20 00:00:00-05:00,0.4000000059604645,0.4000000059604645,0.4000000059604645,0.4000000059604645,125,0.0,0.0
2014-11-21 00:00:00-05:00,0.4000000059604645,0.4000000059604645,0.4000000059604645,0.4000000059604645,75,0.0,0.0
2014-11-24 00:00:00-05:00,0.4000000059604645,0.4000000059604645,0.4000000059604645,0.4000000059604645,0,0.0,0.0
2014-11-25 00:00:00-05:00,0.4000000059604645,0.4000000059604645,0.4000000059604645,0.4000000059604645,0,0.0,0.0
2014-11-26 00:00:00-05:00,0.4000000059604645,0.4000000059604645,0.4000000059604645,0.4000000059604645,0,0.0,0.0
2014-11-28 00:00:00-05:00,0.4000000059604645,0.4000000059604645,0.4000000059604645,0.4000000059604645,0,0.0,0.0
2014-12-01 00:00:00-05:00,0.4000000059604645,0.4000000059604645,0.4000000059604645,0.4000000059604645,0,0.0,0.0
2014-12-02 00:00:00-05:00,0.4000000059604645,0.4000000059604645,0.4000000059604645,0.4000000059604645,0,0.0,0.0
2014-12-03 00:00:00-05:00,0.4000000059604645,0.4000000059604645,0.4000000059604645,0.4000000059604645,0,0.0,0.0
2014-12-04 00:00:00-05:00,0.4000000059604645,0.4000000059604645,0.4000000059604645,0.4000000059604645,0,0.0,0.0
2014-12-05 00:00:00-05:00,0.4000000059604645,0.4000000059604645,0.4000000059604645,0.4000000059604645,0,0.0,0.0
2014-12-08 00:00:00-05:00,0.4000000059604645,0.4000000059604645,0.4000000059604645,0.4000000059604645,0,0.0,0.0
2014-12-09 00:00:00-05:00,0.4000000059604645,0.4000000059604645,0.4000000059604645,0.4000000059604645,50,0.0,0.0
2014-12-10 00:00:00-05:00,0.4000000059604645,0.4000000059604645,0.4000000059604645,0.4000000059604645,0,0.0,0.0
2014-12-11 00:00:00-05:00,0.4000000059604645,0.4000000059604645,0.4000000059604645,0.4000000059604645,0,0.0,0.0
2014-12-12 00:00:00-05:00,0.4000000059604645,0.4000000059604645,0.4000000059604645,0.4000000059604645,0,0.0,0.0
2014-12-15 00:00:00-05:00,0.4000000059604645,0.4000000059604645,0.4000000059604645,0.4000000059604645,150,0.0,0.0
2014-12-16 00:00:00-05:00,0.4000000059604645,0.4000000059604645,0.4000000059604645,0.4000000059604645,275,0.0,0.0
2014-12-17 00:00:00-05:00,0.4000000059604645,0.4000000059604645,0.4000000059604645,0.4000000059604645,325,0.0,0.0
2014-12-18 00:00:00-05:00,0.4000000059604645,0.4000000059604645,0.4000000059604645,0.4000000059604645,0,0.0,0.0
2014-12-19 00:00:00-05:00,0.4000000059604645,0.4000000059604645,0.4000000059604645,0.4000000059604645,0,0.0,0.0
2014-12-22 00:00:00-05:00,0.4000000059604645,0.4000000059604645,0.4000000059604645,0.4000000059604645,0,0.0,0.0
2014-12-23 00:00:00-05:00,0.4000000059604645,0.4000000059604645,0.4000000059604645,0.4000000059604645,0,0.0,0.0
2014-12-24 00:00:00-05:00,0.4000000059604645,0.4000000059604645,0.4000000059604645,0.4000000059604645,0,0.0,0.0
2014-12-26 00:00:00-05:00,0.4000000059604645,0.4000000059604645,0.4000000059604645,0.4000000059604645,0,0.0,0.0
2014-12-29 00:00:00-05:00,0.4000000059604645,0.4000000059604645,0.4000000059604645,0.4000000059604645,0,0.0,0.0
2014-12-30 00:00:00-05:00,0.4000000059604645,0.4000000059604645,0.4000000059604645,0.4000000059604645,825,0.0,0.0
2014-12-31 00:00:00-05:00,0.4000000059604645,0.4000000059604645,0.4000000059604645,0.4000000059604645,6925,0.0,0.0
2015-01-02 00:00:00-05:00,0.4000000059604645,0.4000000059604645,0.4000000059604645,0.4000000059604645,0,0.0,0.0
2015-01-05 00:00:00-05:00,0.5199999809265137,0.5799999833106995,0.5199999809265137,0.5799999833106995,2200,0.0,0.0
2015-01-06 00:00:00-05:00,0.5799999833106995,0.5799999833106995,0.5799999833106995,0.5799999833106995,0,0.0,0.0
2015-01-07 00:00:00-05:00,0.5199999809265137,0.5199999809265137,0.5199999809265137,0.5199999809265137,150,0.0,0.0
2015-01-08 00:00:00-05:00,0.5199999809265137,0.5199999809265137,0.5199999809265137,0.5199999809265137,650,0.0,0.0
2015-01-09 00:00:00-05:00,0.5199999809265137,0.5199999809265137,0.5199999809265137,0.5199999809265137,0,0.0,0.0
2015-01-12 00:00:00-05:00,0.6000000238418579,0.6000000238418579,0.6000000238418579,0.6000000238418579,1700,0.0,0.0
2015-01-13 00:00:00-05:00,0.6000000238418579,0.6000000238418579,0.6000000238418579,0.6000000238418579,0,0.0,0.0
2015-01-14 00:00:00-05:00,0.6000000238418579,0.6000000238418579,0.6000000238418579,0.6000000238418579,0,0.0,0.0
2015-01-15 00:00:00-05:00,0.5199999809265137,0.5199999809265137,0.5199999809265137,0.5199999809265137,200,0.0,0.0
2015-01-16 00:00:00-05:00,0.5199999809265137,0.5199999809265137,0.5199999809265137,0.5199999809265137,0,0.0,0.0
2015-01-20 00:00:00-05:00,0.6000000238418579,0.6000000238418579,0.5199999809265137,0.5199999809265137,1500,0.0,0.0
2015-01-21 00:00:00-05:00,0.5199999809265137,0.5199999809265137,0.5199999809265137,0.5199999809265137,0,0.0,0.0
2015-01-22 00:00:00-05:00,0.5199999809265137,0.5199999809265137,0.5199999809265137,0.5199999809265137,0,0.0,0.0
2015-01-23 00:00:00-05:00,0.5600000023841858,0.7200000286102295,0.5600000023841858,0.7200000286102295,11600,0.0,0.0
2015-01-26 00:00:00-05:00,0.7200000286102295,0.7200000286102295,0.7200000286102295,0.7200000286102295,750,0.0,0.0
2015-01-27 00:00:00-05:00,0.7200000286102295,0.7200000286102295,0.7200000286102295,0.7200000286102295,0,0.0,0.0
2015-01-28 00:00:00-05:00,0.6800000071525574,1.0,0.6800000071525574,1.0,1050,0.0,0.0
2015-01-29 00:00:00-05:00,0.800000011920929,1.0800000429153442,0.800000011920929,1.0800000429153442,1950,0.0,0.0
2015-01-30 00:00:00-05:00,1.0800000429153442,1.0800000429153442,1.0800000429153442,1.0800000429153442,0,0.0,0.0
2015-02-02 00:00:00-05:00,1.0800000429153442,1.0800000429153442,1.0800000429153442,1.0800000429153442,0,0.0,0.0
2015-02-03 00:00:00-05:00,0.800000011920929,0.800000011920929,0.6800000071525574,0.6800000071525574,3250,0.0,0.0
2015-02-04 00:00:00-05:00,0.6800000071525574,0.6800000071525574,0.6800000071525574,0.6800000071525574,0,0.0,0.0
2015-02-05 00:00:00-05:00,0.6800000071525574,0.6800000071525574,0.6800000071525574,0.6800000071525574,0,0.0,0.0
2015-02-06 00:00:00-05:00,0.6800000071525574,0.6800000071525574,0.6800000071525574,0.6800000071525574,0,0.0,0.0
2015-02-09 00:00:00-05:00,0.6800000071525574,0.6800000071525574,0.6800000071525574,0.6800000071525574,0,0.0,0.0
2015-02-10 00:00:00-05:00,0.6800000071525574,0.6800000071525574,0.6800000071525574,0.6800000071525574,0,0.0,0.0
2015-02-11 00:00:00-05:00,0.6800000071525574,0.6800000071525574,0.6800000071525574,0.6800000071525574,0,0.0,0.0
2015-02-12 00:00:00-05:00,0.6800000071525574,0.6800000071525574,0.6800000071525574,0.6800000071525574,0,0.0,0.0
2015-02-13 00:00:00-05:00,0.6800000071525574,1.0,0.6800000071525574,1.0,6250,0.0,0.0
2015-02-17 00:00:00-05:00,1.0,1.0,1.0,1.0,0,0.0,0.0
2015-02-18 00:00:00-05:00,0.9200000166893005,0.9200000166893005,0.800000011920929,0.9200000166893005,2000,0.0,0.0
2015-02-19 00:00:00-05:00,0.8399999737739563,0.8399999737739563,0.8399999737739563,0.8399999737739563,1275,0.0,0.0
2015-02-20 00:00:00-05:00,1.0,1.0,1.0,1.0,625,0.0,0.0
2015-02-23 00:00:00-05:00,0.9200000166893005,0.9200000166893005,0.9200000166893005,0.9200000166893005,550,0.0,0.0
2015-02-24 00:00:00-05:00,1.0,1.0,1.0,1.0,900,0.0,0.0
2015-02-25 00:00:00-05:00,1.0,1.0,1.0,1.0,0,0.0,0.0
2015-02-26 00:00:00-05:00,1.159999966621399,1.159999966621399,1.0399999618530273,1.159999966621399,3375,0.0,0.0
2015-02-27 00:00:00-05:00,1.159999966621399,1.159999966621399,1.159999966621399,1.159999966621399,0,0.0,0.0
2015-03-02 00:00:00-05:00,1.0399999618530273,1.0399999618530273,1.0399999618530273,1.0399999618530273,375,0.0,0.0
2015-03-03 00:00:00-05:00,1.0399999618530273,1.0399999618530273,1.0399999618530273,1.0399999618530273,525,0.0,0.0
2015-03-04 00:00:00-05:00,1.0399999618530273,1.0399999618530273,1.0399999618530273,1.0399999618530273,0,0.0,0.0
2015-03-05 00:00:00-05:00,1.0399999618530273,1.0399999618530273,1.0399999618530273,1.0399999618530273,0,0.0,0.0
2015-03-06 00:00:00-05:00,1.0399999618530273,1.0399999618530273,1.0399999618530273,1.0399999618530273,0,0.0,0.0
2015-03-09 00:00:00-04:00,1.2000000476837158,1.2000000476837158,1.2000000476837158,1.2000000476837158,125,0.0,0.0
2015-03-10 00:00:00-04:00,1.2000000476837158,1.2000000476837158,1.2000000476837158,1.2000000476837158,25,0.0,0.0
2015-03-11 00:00:00-04:00,1.2000000476837158,1.2000000476837158,1.2000000476837158,1.2000000476837158,0,0.0,0.0
2015-03-12 00:00:00-04:00,1.0399999618530273,1.0399999618530273,1.0399999618530273,1.0399999618530273,125,0.0,0.0
2015-03-13 00:00:00-04:00,1.0399999618530273,1.0399999618530273,1.0399999618530273,1.0399999618530273,175,0.0,0.0
2015-03-16 00:00:00-04:00,1.0399999618530273,1.0399999618530273,1.0399999618530273,1.0399999618530273,325,0.0,0.0
2015-03-17 00:00:00-04:00,1.0399999618530273,1.0399999618530273,1.0399999618530273,1.0399999618530273,0,0.0,0.0
2015-03-18 00:00:00-04:00,1.159999966621399,1.159999966621399,1.0399999618530273,1.0399999618530273,750,0.0,0.0
2015-03-19 00:00:00-04:00,0.8799999952316284,0.8799999952316284,0.8799999952316284,0.8799999952316284,100,0.0,0.0
2015-03-20 00:00:00-04:00,0.8799999952316284,0.8799999952316284,0.8799999952316284,0.8799999952316284,0,0.0,0.0
2015-03-23 00:00:00-04:00,0.800000011920929,0.800000011920929,0.800000011920929,0.800000011920929,100,0.0,0.0
2015-03-24 00:00:00-04:00,0.8799999952316284,0.8799999952316284,0.800000011920929,0.800000011920929,1175,0.0,0.0
2015-03-25 00:00:00-04:00,0.800000011920929,0.800000011920929,0.800000011920929,0.800000011920929,0,0.0,0.0
2015-03-26 00:00:00-04:00,0.800000011920929,0.800000011920929,0.800000011920929,0.800000011920929,0,0.0,0.0
2015-03-27 00:00:00-04:00,0.8799999952316284,0.8799999952316284,0.8399999737739563,0.8399999737739563,2500,0.0,0.0
2015-03-30 00:00:00-04:00,0.8399999737739563,0.8399999737739563,0.8399999737739563,0.8399999737739563,0,0.0,0.0
2015-03-31 00:00:00-04:00,0.8399999737739563,0.8399999737739563,0.8399999737739563,0.8399999737739563,0,0.0,0.0
2015-04-01 00:00:00-04:00,0.8399999737739563,0.8399999737739563,0.8399999737739563,0.8399999737739563,0,0.0,0.0
2015-04-02 00:00:00-04:00,0.8399999737739563,0.8399999737739563,0.8399999737739563,0.8399999737739563,0,0.0,0.0
2015-04-06 00:00:00-04:00,0.8399999737739563,0.8399999737739563,0.8399999737739563,0.8399999737739563,0,0.0,0.0
2015-04-07 00:00:00-04:00,0.8799999952316284,0.8799999952316284,0.8799999952316284,0.8799999952316284,825,0.0,0.0
2015-04-08 00:00:00-04:00,0.8799999952316284,0.8799999952316284,0.8799999952316284,0.8799999952316284,825,0.0,0.0
2015-04-09 00:00:00-04:00,0.8799999952316284,0.8799999952316284,0.8799999952316284,0.8799999952316284,250,0.0,0.0
2015-04-10 00:00:00-04:00,0.800000011920929,0.800000011920929,0.800000011920929,0.800000011920929,725,0.0,0.0
2015-04-13 00:00:00-04:00,0.800000011920929,0.800000011920929,0.800000011920929,0.800000011920929,0,0.0,0.0
2015-04-14 00:00:00-04:00,0.7839999794960022,0.7839999794960022,0.7200000286102295,0.7200000286102295,2800,0.0,0.0
2015-04-15 00:00:00-04:00,0.7200000286102295,0.7200000286102295,0.7200000286102295,0.7200000286102295,0,0.0,0.0
2015-04-16 00:00:00-04:00,0.7200000286102295,0.7200000286102295,0.7200000286102295,0.7200000286102295,0,0.0,0.0
2015-04-17 00:00:00-04:00,0.7200000286102295,0.7200000286102295,0.7200000286102295,0.7200000286102295,0,0.0,0.0
2015-04-20 00:00:00-04:00,0.7200000286102295,0.7200000286102295,0.7200000286102295,0.7200000286102295,0,0.0,0.0
2015-04-21 00:00:00-04:00,0.7200000286102295,0.7200000286102295,0.7200000286102295,0.7200000286102295,0,0.0,0.0
2015-04-22 00:00:00-04:00,0.7200000286102295,0.7200000286102295,0.7200000286102295,0.7200000286102295,0,0.0,0.0
2015-04-23 00:00:00-04:00,0.800000011920929,0.800000011920929,0.800000011920929,0.800000011920929,1250,0.0,0.0
2015-04-24 00:00:00-04:00,0.800000011920929,0.800000011920929,0.800000011920929,0.800000011920929,0,0.0,0.0
2015-04-27 00:00:00-04:00,0.800000011920929,0.800000011920929,0.800000011920929,0.800000011920929,0,0.0,0.0
2015-04-28 00:00:00-04:00,0.800000011920929,0.800000011920929,0.800000011920929,0.800000011920929,0,0.0,0.0
2015-04-29 00:00:00-04:00,0.800000011920929,0.800000011920929,0.800000011920929,0.800000011920929,0,0.0,0.0
2015-04-30 00:00:00-04:00,0.800000011920929,0.800000011920929,0.800000011920929,0.800000011920929,0,0.0,0.0
2015-05-01 00:00:00-04:00,0.800000011920929,0.800000011920929,0.800000011920929,0.800000011920929,0,0.0,0.0
2015-05-04 00:00:00-04:00,0.6840000152587891,0.6840000152587891,0.6399999856948853,0.6399999856948853,4625,0.0,0.0
2015-05-05 00:00:00-04:00,0.6399999856948853,0.6399999856948853,0.6399999856948853,0.6399999856948853,0,0.0,0.0
2015-05-06 00:00:00-04:00,0.6399999856948853,0.6399999856948853,0.6399999856948853,0.6399999856948853,0,0.0,0.0
2015-05-07 00:00:00-04:00,0.6399999856948853,0.6399999856948853,0.6399999856948853,0.6399999856948853,825,0.0,0.0
2015-05-08 00:00:00-04:00,0.6399999856948853,0.6399999856948853,0.6399999856948853,0.6399999856948853,0,0.0,0.0
2015-05-11 00:00:00-04:00,0.6399999856948853,0.6399999856948853,0.6399999856948853,0.6399999856948853,0,0.0,0.0
2015-05-12 00:00:00-04:00,0.6399999856948853,0.6399999856948853,0.6399999856948853,0.6399999856948853,25,0.0,0.0
2015-05-13 00:00:00-04:00,0.7599999904632568,0.7599999904632568,0.7599999904632568,0.7599999904632568,125,0.0,0.0
2015-05-14 00:00:00-04:00,0.7599999904632568,0.7599999904632568,0.7599999904632568,0.7599999904632568,200,0.0,0.0
2015-05-15 00:00:00-04:00,0.7599999904632568,0.7599999904632568,0.7599999904632568,0.7599999904632568,0,0.0,0.0
2015-05-18 00:00:00-04:00,0.7599999904632568,0.7599999904632568,0.7599999904632568,0.7599999904632568,0,0.0,0.0
2015-05-19 00:00:00-04:00,0.5600000023841858,0.5600000023841858,0.5600000023841858,0.5600000023841858,1075,0.0,0.0
2015-05-20 00:00:00-04:00,0.5600000023841858,0.5600000023841858,0.5600000023841858,0.5600000023841858,150,0.0,0.0
2015-05-21 00:00:00-04:00,0.5600000023841858,0.5600000023841858,0.5600000023841858,0.5600000023841858,0,0.0,0.0
2015-05-22 00:00:00-04:00,0.5600000023841858,0.5600000023841858,0.5600000023841858,0.5600000023841858,0,0.0,0.0
2015-05-26 00:00:00-04:00,0.5600000023841858,0.5600000023841858,0.4000000059604645,0.4000000059604645,4175,0.0,0.0
2015-05-27 00:00:00-04:00,0.5920000076293945,0.5920000076293945,0.5920000076293945,0.5920000076293945,700,0.0,0.0
2015-05-28 00:00:00-04:00,0.5920000076293945,0.5920000076293945,0.5920000076293945,0.5920000076293945,0,0.0,0.0
2015-05-29 00:00:00-04:00,0.7200000286102295,0.7200000286102295,0.7200000286102295,0.7200000286102295,2500,0.0,0.0
2015-06-01 00:00:00-04:00,0.7200000286102295,0.7200000286102295,0.7200000286102295,0.7200000286102295,0,0.0,0.0
2015-06-02 00:00:00-04:00,0.7200000286102295,0.7200000286102295,0.7200000286102295,0.7200000286102295,0,0.0,0.0
2015-06-03 00:00:00-04:00,0.46000000834465027,0.46000000834465027,0.46000000834465027,0.46000000834465027,50,0.0,0.0
2015-06-04 00:00:00-04:00,0.46000000834465027,0.46000000834465027,0.46000000834465027,0.46000000834465027,0,0.0,0.0
2015-06-05 00:00:00-04:00,0.46000000834465027,0.46000000834465027,0.46000000834465027,0.46000000834465027,775,0.0,0.0
2015-06-08 00:00:00-04:00,0.46000000834465027,0.46000000834465027,0.46000000834465027,0.46000000834465027,0,0.0,0.0
2015-06-09 00:00:00-04:00,0.46000000834465027,0.46000000834465027,0.46000000834465027,0.46000000834465027,0,0.0,0.0
2015-06-10 00:00:00-04:00,0.46000000834465027,0.46000000834465027,0.46000000834465027,0.46000000834465027,0,0.0,0.0
2015-06-11 00:00:00-04:00,0.46000000834465027,0.46000000834465027,0.46000000834465027,0.46000000834465027,0,0.0,0.0
2015-06-12 00:00:00-04:00,0.46000000834465027,0.46000000834465027,0.46000000834465027,0.46000000834465027,0,0.0,0.0
2015-06-15 00:00:00-04:00,0.46000000834465027,0.46000000834465027,0.46000000834465027,0.46000000834465027,0,0.0,0.0
2015-06-16 00:00:00-04:00,0.46000000834465027,0.46000000834465027,0.46000000834465027,0.46000000834465027,0,0.0,0.0
2015-06-17 00:00:00-04:00,0.46000000834465027,0.46000000834465027,0.46000000834465027,0.46000000834465027,0,0.0,0.0
2015-06-18 00:00:00-04:00,0.46000000834465027,0.46000000834465027,0.46000000834465027,0.46000000834465027,0,0.0,0.0
2015-06-19 00:00:00-04:00,0.46000000834465027,0.46000000834465027,0.46000000834465027,0.46000000834465027,0,0.0,0.0
2015-06-22 00:00:00-04:00,0.46000000834465027,0.46000000834465027,0.46000000834465027,0.46000000834465027,0,0.0,0.0
2015-06-23 00:00:00-04:00,0.46000000834465027,0.46000000834465027,0.46000000834465027,0.46000000834465027,0,0.0,0.0
2015-06-24 00:00:00-04:00,0.46000000834465027,0.46000000834465027,0.46000000834465027,0.46000000834465027,0,0.0,0.0
2015-06-25 00:00:00-04:00,0.46000000834465027,0.46000000834465027,0.46000000834465027,0.46000000834465027,0,0.0,0.0
2015-06-26 00:00:00-04:00,0.46000000834465027,0.46000000834465027,0.46000000834465027,0.46000000834465027,0,0.0,0.0
2015-06-29 00:00:00-04:00,0.46000000834465027,0.46000000834465027,0.46000000834465027,0.46000000834465027,0,0.0,0.0
2015-06-30 00:00:00-04:00,0.46000000834465027,0.46000000834465027,0.46000000834465027,0.46000000834465027,0,0.0,0.0
2015-07-01 00:00:00-04:00,0.46000000834465027,0.46000000834465027,0.46000000834465027,0.46000000834465027,425,0.0,0.0
2015-07-02 00:00:00-04:00,0.46000000834465027,0.46000000834465027,0.41999998688697815,0.41999998688697815,2500,0.0,0.0
2015-07-06 00:00:00-04:00,0.46000000834465027,0.46000000834465027,0.46000000834465027,0.46000000834465027,250,0.0,0.0
2015-07-07 00:00:00-04:00,0.46000000834465027,0.46000000834465027,0.46000000834465027,0.46000000834465027,0,0.0,0.0
2015-07-08 00:00:00-04:00,0.46000000834465027,0.46000000834465027,0.46000000834465027,0.46000000834465027,0,0.0,0.0
2015-07-09 00:00:00-04:00,0.46000000834465027,0.46000000834465027,0.46000000834465027,0.46000000834465027,0,0.0,0.0
2015-07-10 00:00:00-04:00,0.46000000834465027,0.46000000834465027,0.46000000834465027,0.46000000834465027,0,0.0,0.0
2015-07-13 00:00:00-04:00,0.46000000834465027,0.46000000834465027,0.46000000834465027,0.46000000834465027,0,0.0,0.0
2015-07-14 00:00:00-04:00,0.46000000834465027,0.46000000834465027,0.46000000834465027,0.46000000834465027,0,0.0,0.0
2015-07-15 00:00:00-04:00,0.46000000834465027,0.46000000834465027,0.46000000834465027,0.46000000834465027,0,0.0,0.0
2015-07-16 00:00:00-04:00,0.46000000834465027,0.46000000834465027,0.46000000834465027,0.46000000834465027,0,0.0,0.0
2015-07-17 00:00:00-04:00,0.4320000112056732,0.4320000112056732,0.4320000112056732,0.4320000112056732,1250,0.0,0.0
2015-07-20 00:00:00-04:00,0.4000000059604645,0.4000000059604645,0.1599999964237213,0.23999999463558197,28000,0.0,0.0
2015-07-21 00:00:00-04:00,0.2800000011920929,0.2800000011920929,0.2800000011920929,0.2800000011920929,3000,0.0,0.0
2015-07-22 00:00:00-04:00,0.2800000011920929,0.36000001430511475,0.2759999930858612,0.2759999930858612,4500,0.0,0.0
2015-07-23 00:00:00-04:00,0.2680000066757202,0.2680000066757202,0.23199999332427979,0.25999999046325684,11025,0.0,0.0
2015-07-24 00:00:00-04:00,0.4000000059604645,0.4000000059604645,0.4000000059604645,0.4000000059604645,2500,0.0,0.0
2015-07-27 00:00:00-04:00,0.4000000059604645,0.4000000059604645,0.4000000059604645,0.4000000059604645,0,0.0,0.0
2015-07-28 00:00:00-04:00,0.4000000059604645,0.4000000059604645,0.4000000059604645,0.4000000059604645,0,0.0,0.0
2015-07-29 00:00:00-04:00,0.4399999976158142,0.4399999976158142,0.4399999976158142,0.4399999976158142,125,0.0,0.0
2015-07-30 00:00:00-04:00,0.4399999976158142,0.4399999976158142,0.4399999976158142,0.4399999976158142,0,0.0,0.0
2015-07-31 00:00:00-04:00,0.4399999976158142,0.4399999976158142,0.4399999976158142,0.4399999976158142,0,0.0,0.0
2015-08-03 00:00:00-04:00,0.4399999976158142,0.4399999976158142,0.4399999976158142,0.4399999976158142,0,0.0,0.0
2015-08-04 00:00:00-04:00,0.4399999976158142,0.4399999976158142,0.4399999976158142,0.4399999976158142,0,0.0,0.0
2015-08-05 00:00:00-04:00,0.4399999976158142,0.4399999976158142,0.4399999976158142,0.4399999976158142,0,0.0,0.0
2015-08-06 00:00:00-04:00,0.4399999976158142,0.4399999976158142,0.4399999976158142,0.4399999976158142,0,0.0,0.0
2015-08-07 00:00:00-04:00,0.36000001430511475,0.36000001430511475,0.36000001430511475,0.36000001430511475,625,0.0,0.0
2015-08-10 00:00:00-04:00,0.36000001430511475,0.36000001430511475,0.36000001430511475,0.36000001430511475,0,0.0,0.0
2015-08-11 00:00:00-04:00,0.36000001430511475,0.36000001430511475,0.36000001430511475,0.36000001430511475,0,0.0,0.0
2015-08-12 00:00:00-04:00,0.3199999928474426,0.3199999928474426,0.3199999928474426,0.3199999928474426,50,0.0,0.0
2015-08-13 00:00:00-04:00,0.3199999928474426,0.3199999928474426,0.3199999928474426,0.3199999928474426,0,0.0,0.0
2015-08-14 00:00:00-04:00,0.3199999928474426,0.3199999928474426,0.3199999928474426,0.3199999928474426,0,0.0,0.0
2015-08-17 00:00:00-04:00,0.3199999928474426,0.3199999928474426,0.3199999928474426,0.3199999928474426,0,0.0,0.0
2015-08-18 00:00:00-04:00,0.3199999928474426,0.3199999928474426,0.3199999928474426,0.3199999928474426,0,0.0,0.0
2015-08-19 00:00:00-04:00,0.3199999928474426,0.3199999928474426,0.3199999928474426,0.3199999928474426,0,0.0,0.0
2015-08-20 00:00:00-04:00,0.4399999976158142,0.4399999976158142,0.4399999976158142,0.4399999976158142,125,0.0,0.0
2015-08-21 00:00:00-04:00,0.4399999976158142,0.4399999976158142,0.4399999976158142,0.4399999976158142,0,0.0,0.0
2015-08-24 00:00:00-04:00,0.4399999976158142,0.4399999976158142,0.4399999976158142,0.4399999976158142,0,0.0,0.0
2015-08-25 00:00:00-04:00,0.4399999976158142,0.4399999976158142,0.4399999976158142,0.4399999976158142,0,0.0,0.0
2015-08-26 00:00:00-04:00,0.4399999976158142,0.4399999976158142,0.4399999976158142,0.4399999976158142,0,0.0,0.0
2015-08-27 00:00:00-04:00,0.4399999976158142,0.4399999976158142,0.4399999976158142,0.4399999976158142,0,0.0,0.0
2015-08-28 00:00:00-04:00,0.4399999976158142,0.4399999976158142,0.4399999976158142,0.4399999976158142,0,0.0,0.0
2015-08-31 00:00:00-04:00,0.4399999976158142,0.4399999976158142,0.4399999976158142,0.4399999976158142,0,0.0,0.0
2015-09-01 00:00:00-04:00,0.35199999809265137,0.4399999976158142,0.35199999809265137,0.4000000059604645,15200,0.0,0.0
2015-09-02 00:00:00-04:00,0.4000000059604645,0.4000000059604645,0.4000000059604645,0.4000000059604645,0,0.0,0.0
2015-09-03 00:00:00-04:00,0.4000000059604645,0.4000000059604645,0.4000000059604645,0.4000000059604645,0,0.0,0.0
2015-09-04 00:00:00-04:00,0.4000000059604645,0.4000000059604645,0.4000000059604645,0.4000000059604645,0,0.0,0.0
2015-09-08 00:00:00-04:00,0.4000000059604645,0.4000000059604645,0.4000000059604645,0.4000000059604645,0,0.0,0.0
2015-09-09 00:00:00-04:00,0.4000000059604645,0.4000000059604645,0.4000000059604645,0.4000000059604645,0,0.0,0.0
2015-09-10 00:00:00-04:00,0.4000000059604645,0.4000000059604645,0.4000000059604645,0.4000000059604645,0,0.0,0.0
2015-09-11 00:00:00-04:00,0.4000000059604645,0.4000000059604645,0.4000000059604645,0.4000000059604645,0,0.0,0.0
2015-09-14 00:00:00-04:00,0.4000000059604645,0.4000000059604645,0.4000000059604645,0.4000000059604645,0,0.0,0.0
2015-09-15 00:00:00-04:00,0.4399999976158142,0.4399999976158142,0.4399999976158142,0.4399999976158142,1250,0.0,0.0
2015-09-16 00:00:00-04:00,0.5400000214576721,0.5400000214576721,0.47999998927116394,0.47999998927116394,4950,0.0,0.0
2015-09-17 00:00:00-04:00,0.47999998927116394,0.47999998927116394,0.47999998927116394,0.47999998927116394,0,0.0,0.0
2015-09-18 00:00:00-04:00,0.47999998927116394,0.47999998927116394,0.47999998927116394,0.47999998927116394,0,0.0,0.0
2015-09-21 00:00:00-04:00,0.47999998927116394,0.47999998927116394,0.47999998927116394,0.47999998927116394,0,0.0,0.0
2015-09-22 00:00:00-04:00,0.47999998927116394,0.47999998927116394,0.47999998927116394,0.47999998927116394,0,0.0,0.0
2015-09-23 00:00:00-04:00,0.47999998927116394,0.47999998927116394,0.47999998927116394,0.47999998927116394,0,0.0,0.0
2015-09-24 00:00:00-04:00,0.47999998927116394,0.47999998927116394,0.47999998927116394,0.47999998927116394,0,0.0,0.0
2015-09-25 00:00:00-04:00,0.47999998927116394,0.47999998927116394,0.47999998927116394,0.47999998927116394,0,0.0,0.0
2015-09-28 00:00:00-04:00,0.47999998927116394,0.5040000081062317,0.47999998927116394,0.5040000081062317,2100,0.0,0.0
2015-09-29 00:00:00-04:00,0.5040000081062317,0.5040000081062317,0.5040000081062317,0.5040000081062317,0,0.0,0.0
2015-09-30 00:00:00-04:00,0.5040000081062317,0.5040000081062317,0.5040000081062317,0.5040000081062317,0,0.0,0.0
2015-10-01 00:00:00-04:00,0.5040000081062317,0.5040000081062317,0.5040000081062317,0.5040000081062317,0,0.0,0.0
2015-10-02 00:00:00-04:00,0.47999998927116394,0.47999998927116394,0.47999998927116394,0.47999998927116394,1250,0.0,0.0
2015-10-05 00:00:00-04:00,0.47999998927116394,0.47999998927116394,0.47999998927116394,0.47999998927116394,1250,0.0,0.0
2015-10-06 00:00:00-04:00,0.5199999809265137,0.5199999809265137,0.5199999809265137,0.5199999809265137,200,0.0,0.0
2015-10-07 00:00:00-04:00,0.5199999809265137,0.5199999809265137,0.5199999809265137,0.5199999809265137,0,0.0,0.0
2015-10-08 00:00:00-04:00,0.5199999809265137,0.5199999809265137,0.5199999809265137,0.5199999809265137,0,0.0,0.0
2015-10-09 00:00:00-04:00,0.4399999976158142,0.4399999976158142,0.4399999976158142,0.4399999976158142,1100,0.0,0.0
2015-10-12 00:00:00-04:00,0.4399999976158142,0.4399999976158142,0.4399999976158142,0.4399999976158142,0,0.0,0.0
2015-10-13 00:00:00-04:00,0.4399999976158142,0.4399999976158142,0.4399999976158142,0.4399999976158142,0,0.0,0.0
2015-10-14 00:00:00-04:00,0.4399999976158142,0.4399999976158142,0.4399999976158142,0.4399999976158142,0,0.0,0.0
2015-10-15 00:00:00-04:00,0.4399999976158142,0.4399999976158142,0.4399999976158142,0.4399999976158142,0,0.0,0.0
2015-10-16 00:00:00-04:00,0.4399999976158142,0.4399999976158142,0.4399999976158142,0.4399999976158142,0,0.0,0.0
2015-10-19 00:00:00-04:00,0.4399999976158142,0.4399999976158142,0.4399999976158142,0.4399999976158142,0,0.0,0.0
2015-10-20 00:00:00-04:00,0.4399999976158142,0.4399999976158142,0.4399999976158142,0.4399999976158142,0,0.0,0.0
2015-10-21 00:00:00-04:00,0.4399999976158142,0.4399999976158142,0.4399999976158142,0.4399999976158142,0,0.0,0.0
2015-10-22 00:00:00-04:00,0.4399999976158142,0.4399999976158142,0.4399999976158142,0.4399999976158142,5100,0.0,0.0
2015-10-23 00:00:00-04:00,0.4399999976158142,0.4399999976158142,0.4399999976158142,0.4399999976158142,0,0.0,0.0
2015-10-26 00:00:00-04:00,0.4399999976158142,0.4399999976158142,0.4399999976158142,0.4399999976158142,0,0.0,0.0
2015-10-27 00:00:00-04:00,0.4399999976158142,0.4399999976158142,0.4399999976158142,0.4399999976158142,0,0.0,0.0
2015-10-28 00:00:00-04:00,0.4399999976158142,0.4399999976158142,0.4399999976158142,0.4399999976158142,0,0.0,0.0
2015-10-29 00:00:00-04:00,0.4399999976158142,0.4399999976158142,0.4399999976158142,0.4399999976158142,250,0.0,0.0
2015-10-30 00:00:00-04:00,0.4399999976158142,0.4399999976158142,0.4399999976158142,0.4399999976158142,0,0.0,0.0
2015-11-02 00:00:00-05:00,0.5199999809265137,0.5199999809265137,0.5199999809265137,0.5199999809265137,625,0.0,0.0
2015-11-03 00:00:00-05:00,0.5199999809265137,0.5199999809265137,0.5199999809265137,0.5199999809265137,0,0.0,0.0
2015-11-04 00:00:00-05:00,0.5199999809265137,0.5199999809265137,0.5199999809265137,0.5199999809265137,0,0.0,0.0
2015-11-05 00:00:00-05:00,0.5199999809265137,0.5199999809265137,0.5199999809265137,0.5199999809265137,0,0.0,0.0
2015-11-06 00:00:00-05:00,0.5199999809265137,0.5199999809265137,0.5199999809265137,0.5199999809265137,0,0.0,0.0
2015-11-09 00:00:00-05:00,0.5199999809265137,0.5199999809265137,0.5199999809265137,0.5199999809265137,0,0.0,0.0
2015-11-10 00:00:00-05:00,0.5199999809265137,0.5199999809265137,0.5199999809265137,0.5199999809265137,0,0.0,0.0
2015-11-11 00:00:00-05:00,0.5199999809265137,0.5199999809265137,0.5199999809265137,0.5199999809265137,0,0.0,0.0
2015-11-12 00:00:00-05:00,0.5199999809265137,0.5199999809265137,0.5199999809265137,0.5199999809265137,0,0.0,0.0
2015-11-13 00:00:00-05:00,0.5199999809265137,0.5199999809265137,0.5199999809265137,0.5199999809265137,0,0.0,0.0
2015-11-16 00:00:00-05:00,0.5199999809265137,0.5199999809265137,0.5199999809265137,0.5199999809265137,0,0.0,0.0
2015-11-17 00:00:00-05:00,0.5199999809265137,0.5199999809265137,0.5199999809265137,0.5199999809265137,0,0.0,0.0
2015-11-18 00:00:00-05:00,0.5199999809265137,0.5199999809265137,0.5199999809265137,0.5199999809265137,0,0.0,0.0
2015-11-19 00:00:00-05:00,0.4399999976158142,0.4399999976158142,0.4399999976158142,0.4399999976158142,3300,0.0,0.0
2015-11-20 00:00:00-05:00,0.4399999976158142,0.4399999976158142,0.4399999976158142,0.4399999976158142,0,0.0,0.0
2015-11-23 00:00:00-05:00,0.4399999976158142,0.4399999976158142,0.4399999976158142,0.4399999976158142,0,0.0,0.0
2015-11-24 00:00:00-05:00,0.4399999976158142,0.4399999976158142,0.4399999976158142,0.4399999976158142,0,0.0,0.0
2015-11-25 00:00:00-05:00,0.4399999976158142,0.4399999976158142,0.4399999976158142,0.4399999976158142,0,0.0,0.0
2015-11-27 00:00:00-05:00,0.4399999976158142,0.4399999976158142,0.4399999976158142,0.4399999976158142,0,0.0,0.0
2015-11-30 00:00:00-05:00,0.4399999976158142,0.4399999976158142,0.4399999976158142,0.4399999976158142,525,0.0,0.0
2015-12-01 00:00:00-05:00,0.4399999976158142,0.4399999976158142,0.4399999976158142,0.4399999976158142,1050,0.0,0.0
2015-12-02 00:00:00-05:00,0.4399999976158142,0.4399999976158142,0.4399999976158142,0.4399999976158142,0,0.0,0.0
2015-12-03 00:00:00-05:00,0.4399999976158142,0.4399999976158142,0.4399999976158142,0.4399999976158142,0,0.0,0.0
2015-12-04 00:00:00-05:00,0.4399999976158142,0.4399999976158142,0.4399999976158142,0.4399999976158142,0,0.0,0.0
2015-12-07 00:00:00-05:00,0.4399999976158142,0.4399999976158142,0.4399999976158142,0.4399999976158142,0,0.0,0.0
2015-12-08 00:00:00-05:00,0.4399999976158142,0.4399999976158142,0.4399999976158142,0.4399999976158142,0,0.0,0.0
2015-12-09 00:00:00-05:00,0.4399999976158142,0.4399999976158142,0.4399999976158142,0.4399999976158142,0,0.0,0.0
2015-12-10 00:00:00-05:00,0.4399999976158142,0.4399999976158142,0.4399999976158142,0.4399999976158142,0,0.0,0.0
2015-12-11 00:00:00-05:00,0.4399999976158142,0.4399999976158142,0.4399999976158142,0.4399999976158142,0,0.0,0.0
2015-12-14 00:00:00-05:00,0.4399999976158142,0.4399999976158142,0.4399999976158142,0.4399999976158142,0,0.0,0.0
2015-12-15 00:00:00-05:00,0.4399999976158142,0.4399999976158142,0.4399999976158142,0.4399999976158142,1650,0.0,0.0
2015-12-16 00:00:00-05:00,0.4399999976158142,0.4399999976158142,0.4000000059604645,0.4000000059604645,3750,0.0,0.0
2015-12-17 00:00:00-05:00,0.4000000059604645,0.4000000059604645,0.4000000059604645,0.4000000059604645,0,0.0,0.0
2015-12-18 00:00:00-05:00,0.36399999260902405,0.36399999260902405,0.36000001430511475,0.36000001430511475,9450,0.0,0.0
2015-12-21 00:00:00-05:00,0.36000001430511475,0.36000001430511475,0.36000001430511475,0.36000001430511475,0,0.0,0.0
2015-12-22 00:00:00-05:00,0.36000001430511475,0.36000001430511475,0.36000001430511475,0.36000001430511475,0,0.0,0.0
2015-12-23 00:00:00-05:00,0.36000001430511475,0.36000001430511475,0.36000001430511475,0.36000001430511475,0,0.0,0.0
2015-12-24 00:00:00-05:00,0.36000001430511475,0.36000001430511475,0.36000001430511475,0.36000001430511475,325,0.0,0.0
2015-12-28 00:00:00-05:00,0.36000001430511475,0.36000001430511475,0.36000001430511475,0.36000001430511475,0,0.0,0.0
2015-12-29 00:00:00-05:00,0.36000001430511475,0.36000001430511475,0.36000001430511475,0.36000001430511475,0,0.0,0.0
2015-12-30 00:00:00-05:00,0.36000001430511475,0.36000001430511475,0.36000001430511475,0.36000001430511475,0,0.0,0.0
2015-12-31 00:00:00-05:00,0.36000001430511475,0.36000001430511475,0.36000001430511475,0.36000001430511475,0,0.0,0.0
2016-01-04 00:00:00-05:00,0.36000001430511475,0.36000001430511475,0.36000001430511475,0.36000001430511475,0,0.0,0.0
2016-01-05 00:00:00-05:00,0.36000001430511475,0.36000001430511475,0.36000001430511475,0.36000001430511475,0,0.0,0.0
2016-01-06 00:00:00-05:00,0.36000001430511475,0.36000001430511475,0.36000001430511475,0.36000001430511475,0,0.0,0.0
2016-01-07 00:00:00-05:00,0.36000001430511475,0.36000001430511475,0.36000001430511475,0.36000001430511475,0,0.0,0.0
2016-01-08 00:00:00-05:00,0.36000001430511475,0.36000001430511475,0.36000001430511475,0.36000001430511475,0,0.0,0.0
2016-01-11 00:00:00-05:00,0.36000001430511475,0.36000001430511475,0.36000001430511475,0.36000001430511475,0,0.0,0.0
2016-01-12 00:00:00-05:00,0.36000001430511475,0.36000001430511475,0.36000001430511475,0.36000001430511475,0,0.0,0.0
2016-01-13 00:00:00-05:00,0.36000001430511475,0.36000001430511475,0.36000001430511475,0.36000001430511475,0,0.0,0.0
2016-01-14 00:00:00-05:00,0.2800000011920929,0.2800000011920929,0.2800000011920929,0.2800000011920929,75,0.0,0.0
2016-01-15 00:00:00-05:00,0.2800000011920929,0.2800000011920929,0.2800000011920929,0.2800000011920929,0,0.0,0.0
2016-01-19 00:00:00-05:00,0.2800000011920929,0.2800000011920929,0.2800000011920929,0.2800000011920929,0,0.0,0.0
2016-01-20 00:00:00-05:00,0.2800000011920929,0.2800000011920929,0.2800000011920929,0.2800000011920929,0,0.0,0.0
2016-01-21 00:00:00-05:00,0.2800000011920929,0.2800000011920929,0.2800000011920929,0.2800000011920929,0,0.0,0.0
2016-01-22 00:00:00-05:00,0.2800000011920929,0.2800000011920929,0.2800000011920929,0.2800000011920929,0,0.0,0.0
2016-01-25 00:00:00-05:00,0.2800000011920929,0.2800000011920929,0.2800000011920929,0.2800000011920929,0,0.0,0.0
2016-01-26 00:00:00-05:00,0.3199999928474426,0.3199999928474426,0.3199999928474426,0.3199999928474426,225,0.0,0.0
2016-01-27 00:00:00-05:00,0.3199999928474426,0.3199999928474426,0.3199999928474426,0.3199999928474426,50,0.0,0.0
2016-01-28 00:00:00-05:00,0.3199999928474426,0.3199999928474426,0.3199999928474426,0.3199999928474426,0,0.0,0.0
2016-01-29 00:00:00-05:00,0.2800000011920929,0.2800000011920929,0.2800000011920929,0.2800000011920929,50,0.0,0.0
2016-02-01 00:00:00-05:00,0.2800000011920929,0.2800000011920929,0.2800000011920929,0.2800000011920929,0,0.0,0.0
2016-02-02 00:00:00-05:00,0.2800000011920929,0.2800000011920929,0.2800000011920929,0.2800000011920929,0,0.0,0.0
2016-02-03 00:00:00-05:00,0.2800000011920929,0.2800000011920929,0.2800000011920929,0.2800000011920929,0,0.0,0.0
2016-02-04 00:00:00-05:00,0.2800000011920929,0.2800000011920929,0.2800000011920929,0.2800000011920929,0,0.0,0.0
2016-02-05 00:00:00-05:00,0.2800000011920929,0.2800000011920929,0.2800000011920929,0.2800000011920929,0,0.0,0.0
2016-02-08 00:00:00-05:00,0.2800000011920929,0.2800000011920929,0.2800000011920929,0.2800000011920929,0,0.0,0.0
2016-02-09 00:00:00-05:00,0.2800000011920929,0.2800000011920929,0.2800000011920929,0.2800000011920929,0,0.0,0.0
2016-02-10 00:00:00-05:00,0.2800000011920929,0.2800000011920929,0.2800000011920929,0.2800000011920929,0,0.0,0.0
2016-02-11 00:00:00-05:00,0.2840000092983246,0.2840000092983246,0.2840000092983246,0.2840000092983246,50,0.0,0.0
2016-02-12 00:00:00-05:00,0.2840000092983246,0.2840000092983246,0.2840000092983246,0.2840000092983246,0,0.0,0.0
2016-02-16 00:00:00-05:00,0.2840000092983246,0.2840000092983246,0.2840000092983246,0.2840000092983246,0,0.0,0.0
2016-02-17 00:00:00-05:00,0.2800000011920929,0.2800000011920929,0.2800000011920929,0.2800000011920929,50,0.0,0.0
2016-02-18 00:00:00-05:00,0.2800000011920929,0.2800000011920929,0.2800000011920929,0.2800000011920929,0,0.0,0.0
2016-02-19 00:00:00-05:00,0.2800000011920929,0.2800000011920929,0.2800000011920929,0.2800000011920929,0,0.0,0.0
2016-02-22 00:00:00-05:00,0.2800000011920929,0.2800000011920929,0.2800000011920929,0.2800000011920929,0,0.0,0.0
2016-02-23 00:00:00-05:00,0.2800000011920929,0.2800000011920929,0.2800000011920929,0.2800000011920929,0,0.0,0.0
2016-02-24 00:00:00-05:00,0.2800000011920929,0.2800000011920929,0.2800000011920929,0.2800000011920929,3125,0.0,0.0
2016-02-25 00:00:00-05:00,0.2800000011920929,0.2800000011920929,0.2800000011920929,0.2800000011920929,0,0.0,0.0
2016-02-26 00:00:00-05:00,0.2800000011920929,0.2800000011920929,0.2800000011920929,0.2800000011920929,0,0.0,0.0
2016-02-29 00:00:00-05:00,0.2800000011920929,0.2800000011920929,0.2800000011920929,0.2800000011920929,150,0.0,0.0
2016-03-01 00:00:00-05:00,0.2879999876022339,0.2879999876022339,0.2800000011920929,0.2800000011920929,500,0.0,0.0
2016-03-02 00:00:00-05:00,0.2800000011920929,0.2800000011920929,0.2800000011920929,0.2800000011920929,0,0.0,0.0
2016-03-03 00:00:00-05:00,0.2800000011920929,0.2800000011920929,0.2800000011920929,0.2800000011920929,0,0.0,0.0
2016-03-04 00:00:00-05:00,0.3199999928474426,0.3199999928474426,0.3199999928474426,0.3199999928474426,2500,0.0,0.0
2016-03-07 00:00:00-05:00,0.3199999928474426,0.3199999928474426,0.3199999928474426,0.3199999928474426,0,0.0,0.0
2016-03-08 00:00:00-05:00,0.3199999928474426,0.3199999928474426,0.3199999928474426,0.3199999928474426,0,0.0,0.0
2016-03-09 00:00:00-05:00,0.3199999928474426,0.3199999928474426,0.3199999928474426,0.3199999928474426,0,0.0,0.0
2016-03-10 00:00:00-05:00,0.3199999928474426,0.3199999928474426,0.3199999928474426,0.3199999928474426,0,0.0,0.0
2016-03-11 00:00:00-05:00,0.40400001406669617,0.40400001406669617,0.40400001406669617,0.40400001406669617,75,0.0,0.0
2016-03-14 00:00:00-04:00,0.40400001406669617,0.40400001406669617,0.40400001406669617,0.40400001406669617,0,0.0,0.0
2016-03-15 00:00:00-04:00,0.40400001406669617,0.40400001406669617,0.40400001406669617,0.40400001406669617,0,0.0,0.0
2016-03-16 00:00:00-04:00,0.40400001406669617,0.40400001406669617,0.40400001406669617,0.40400001406669617,0,0.0,0.0
2016-03-17 00:00:00-04:00,0.2800000011920929,0.2800000011920929,0.2800000011920929,0.2800000011920929,700,0.0,0.0
2016-03-18 00:00:00-04:00,0.2800000011920929,0.2800000011920929,0.2800000011920929,0.2800000011920929,0,0.0,0.0
2016-03-21 00:00:00-04:00,0.2800000011920929,0.2800000011920929,0.2800000011920929,0.2800000011920929,0,0.0,0.0
2016-03-22 00:00:00-04:00,0.2800000011920929,0.2800000011920929,0.2800000011920929,0.2800000011920929,0,0.0,0.0
2016-03-23 00:00:00-04:00,0.2800000011920929,0.2800000011920929,0.2800000011920929,0.2800000011920929,0,0.0,0.0
2016-03-24 00:00:00-04:00,0.2800000011920929,0.2800000011920929,0.2800000011920929,0.2800000011920929,400,0.0,0.0
2016-03-28 00:00:00-04:00,0.2800000011920929,0.2800000011920929,0.2800000011920929,0.2800000011920929,0,0.0,0.0
2016-03-29 00:00:00-04:00,0.2800000011920929,0.2800000011920929,0.2800000011920929,0.2800000011920929,0,0.0,0.0
2016-03-30 00:00:00-04:00,0.31200000643730164,0.31200000643730164,0.2800000011920929,0.2800000011920929,500,0.0,0.0
2016-03-31 00:00:00-04:00,0.2800000011920929,0.2800000011920929,0.2800000011920929,0.2800000011920929,0,0.0,0.0
2016-04-01 00:00:00-04:00,0.2800000011920929,0.2800000011920929,0.2800000011920929,0.2800000011920929,0,0.0,0.0
2016-04-04 00:00:00-04:00,0.2800000011920929,0.2800000011920929,0.2800000011920929,0.2800000011920929,1175,0.0,0.0
2016-04-05 00:00:00-04:00,0.2800000011920929,0.2800000011920929,0.2800000011920929,0.2800000011920929,0,0.0,0.0
2016-04-06 00:00:00-04:00,0.2800000011920929,0.2800000011920929,0.2800000011920929,0.2800000011920929,50,0.0,0.0
2016-04-07 00:00:00-04:00,0.2800000011920929,0.2800000011920929,0.2800000011920929,0.2800000011920929,0,0.0,0.0
2016-04-08 00:00:00-04:00,0.2800000011920929,0.2800000011920929,0.2800000011920929,0.2800000011920929,0,0.0,0.0
2016-04-11 00:00:00-04:00,0.2800000011920929,0.2800000011920929,0.2800000011920929,0.2800000011920929,0,0.0,0.0
2016-04-12 00:00:00-04:00,0.2800000011920929,0.2800000011920929,0.2800000011920929,0.2800000011920929,0,0.0,0.0
2016-04-13 00:00:00-04:00,0.2800000011920929,0.2800000011920929,0.2800000011920929,0.2800000011920929,7500,0.0,0.0
2016-04-14 00:00:00-04:00,0.2800000011920929,0.2800000011920929,0.2800000011920929,0.2800000011920929,0,0.0,0.0
2016-04-15 00:00:00-04:00,0.2800000011920929,0.2800000011920929,0.2800000011920929,0.2800000011920929,0,0.0,0.0
2016-04-18 00:00:00-04:00,0.2800000011920929,0.2800000011920929,0.2800000011920929,0.2800000011920929,0,0.0,0.0
2016-04-19 00:00:00-04:00,0.2800000011920929,0.2800000011920929,0.2800000011920929,0.2800000011920929,0,0.0,0.0
2016-04-20 00:00:00-04:00,0.2800000011920929,0.2800000011920929,0.2800000011920929,0.2800000011920929,2500,0.0,0.0
2016-04-21 00:00:00-04:00,0.2800000011920929,0.2800000011920929,0.2800000011920929,0.2800000011920929,0,0.0,0.0
2016-04-22 00:00:00-04:00,0.37599998712539673,0.37599998712539673,0.36000001430511475,0.36000001430511475,4000,0.0,0.0
2016-04-25 00:00:00-04:00,0.36000001430511475,0.36000001430511475,0.36000001430511475,0.36000001430511475,0,0.0,0.0
2016-04-26 00:00:00-04:00,0.20000000298023224,0.20000000298023224,0.20000000298023224,0.20000000298023224,200,0.0,0.0
2016-04-27 00:00:00-04:00,0.20000000298023224,0.20000000298023224,0.20000000298023224,0.20000000298023224,0,0.0,0.0
2016-04-28 00:00:00-04:00,0.20000000298023224,0.20000000298023224,0.20000000298023224,0.20000000298023224,0,0.0,0.0
2016-04-29 00:00:00-04:00,0.20000000298023224,0.20000000298023224,0.20000000298023224,0.20000000298023224,0,0.0,0.0
2016-05-02 00:00:00-04:00,0.20000000298023224,0.20000000298023224,0.20000000298023224,0.20000000298023224,0,0.0,0.0
2016-05-03 00:00:00-04:00,0.20000000298023224,0.20000000298023224,0.20000000298023224,0.20000000298023224,0,0.0,0.0
2016-05-04 00:00:00-04:00,0.20000000298023224,0.20000000298023224,0.20000000298023224,0.20000000298023224,0,0.0,0.0
2016-05-05 00:00:00-04:00,0.20000000298023224,0.20000000298023224,0.20000000298023224,0.20000000298023224,0,0.0,0.0
2016-05-06 00:00:00-04:00,0.20000000298023224,0.20000000298023224,0.20000000298023224,0.20000000298023224,0,0.0,0.0
2016-05-09 00:00:00-04:00,0.20000000298023224,0.20000000298023224,0.20000000298023224,0.20000000298023224,0,0.0,0.0
2016-05-10 00:00:00-04:00,0.30000001192092896,0.3400000035762787,0.23999999463558197,0.3400000035762787,3600,0.0,0.0
2016-05-11 00:00:00-04:00,0.3880000114440918,0.3880000114440918,0.3880000114440918,0.3880000114440918,125,0.0,0.0
2016-05-12 00:00:00-04:00,0.3400000035762787,0.3400000035762787,0.3400000035762787,0.3400000035762787,75,0.0,0.0
2016-05-13 00:00:00-04:00,0.3400000035762787,0.3400000035762787,0.3400000035762787,0.3400000035762787,0,0.0,0.0
2016-05-16 00:00:00-04:00,0.3400000035762787,0.3400000035762787,0.3400000035762787,0.3400000035762787,0,0.0,0.0
2016-05-17 00:00:00-04:00,0.3400000035762787,0.3400000035762787,0.30000001192092896,0.30000001192092896,5275,0.0,0.0
2016-05-18 00:00:00-04:00,0.30000001192092896,0.30000001192092896,0.30000001192092896,0.30000001192092896,0,0.0,0.0
2016-05-19 00:00:00-04:00,0.30000001192092896,0.30000001192092896,0.30000001192092896,0.30000001192092896,0,0.0,0.0
2016-05-20 00:00:00-04:00,0.30000001192092896,0.30000001192092896,0.30000001192092896,0.30000001192092896,0,0.0,0.0
2016-05-23 00:00:00-04:00,0.30000001192092896,0.30000001192092896,0.30000001192092896,0.30000001192092896,0,0.0,0.0
2016-05-24 00:00:00-04:00,0.30000001192092896,0.30000001192092896,0.30000001192092896,0.30000001192092896,0,0.0,0.0
2016-05-25 00:00:00-04:00,0.30000001192092896,0.30000001192092896,0.30000001192092896,0.30000001192092896,0,0.0,0.0
2016-05-26 00:00:00-04:00,0.30000001192092896,0.30000001192092896,0.30000001192092896,0.30000001192092896,0,0.0,0.0
2016-05-27 00:00:00-04:00,0.30000001192092896,0.30000001192092896,0.30000001192092896,0.30000001192092896,0,0.0,0.0
2016-05-31 00:00:00-04:00,0.4000000059604645,0.47600001096725464,0.4000000059604645,0.47600001096725464,1975,0.0,0.0
2016-06-01 00:00:00-04:00,0.47600001096725464,0.47600001096725464,0.47600001096725464,0.47600001096725464,0,0.0,0.0
2016-06-02 00:00:00-04:00,0.47600001096725464,0.47600001096725464,0.47600001096725464,0.47600001096725464,0,0.0,0.0
2016-06-03 00:00:00-04:00,0.47600001096725464,0.47600001096725464,0.47600001096725464,0.47600001096725464,1075,0.0,0.0
2016-06-06 00:00:00-04:00,0.47600001096725464,0.47600001096725464,0.47600001096725464,0.47600001096725464,0,0.0,0.0
2016-06-07 00:00:00-04:00,0.4000000059604645,0.47999998927116394,0.4000000059604645,0.47999998927116394,3425,0.0,0.0
2016-06-08 00:00:00-04:00,0.47999998927116394,0.47999998927116394,0.47999998927116394,0.47999998927116394,0,0.0,0.0
2016-06-09 00:00:00-04:00,0.47999998927116394,0.47999998927116394,0.47999998927116394,0.47999998927116394,0,0.0,0.0
2016-06-10 00:00:00-04:00,0.46000000834465027,0.46000000834465027,0.46000000834465027,0.46000000834465027,600,0.0,0.0
2016-06-13 00:00:00-04:00,0.46000000834465027,0.46000000834465027,0.46000000834465027,0.46000000834465027,0,0.0,0.0
2016-06-14 00:00:00-04:00,0.47999998927116394,0.47999998927116394,0.46000000834465027,0.46000000834465027,1700,0.0,0.0
2016-06-15 00:00:00-04:00,0.46000000834465027,0.46000000834465027,0.46000000834465027,0.46000000834465027,0,0.0,0.0
2016-06-16 00:00:00-04:00,0.46000000834465027,0.46000000834465027,0.46000000834465027,0.46000000834465027,0,0.0,0.0
2016-06-17 00:00:00-04:00,0.46000000834465027,0.46000000834465027,0.46000000834465027,0.46000000834465027,0,0.0,0.0
2016-06-20 00:00:00-04:00,0.4000000059604645,0.4000000059604645,0.4000000059604645,0.4000000059604645,100,0.0,0.0
2016-06-21 00:00:00-04:00,0.4000000059604645,0.4000000059604645,0.4000000059604645,0.4000000059604645,0,0.0,0.0
2016-06-22 00:00:00-04:00,0.4000000059604645,0.4000000059604645,0.4000000059604645,0.4000000059604645,0,0.0,0.0
2016-06-23 00:00:00-04:00,0.4000000059604645,0.4000000059604645,0.4000000059604645,0.4000000059604645,0,0.0,0.0
2016-06-24 00:00:00-04:00,0.4000000059604645,0.4000000059604645,0.4000000059604645,0.4000000059604645,0,0.0,0.0
2016-06-27 00:00:00-04:00,0.4000000059604645,0.4000000059604645,0.4000000059604645,0.4000000059604645,50,0.0,0.0
2016-06-28 00:00:00-04:00,0.4000000059604645,0.4000000059604645,0.4000000059604645,0.4000000059604645,0,0.0,0.0
2016-06-29 00:00:00-04:00,0.4000000059604645,0.4000000059604645,0.4000000059604645,0.4000000059604645,0,0.0,0.0
2016-06-30 00:00:00-04:00,0.47999998927116394,0.47999998927116394,0.47999998927116394,0.47999998927116394,250,0.0,0.0
2016-07-01 00:00:00-04:00,0.47999998927116394,0.47999998927116394,0.47999998927116394,0.47999998927116394,0,0.0,0.0
2016-07-05 00:00:00-04:00,0.47999998927116394,0.47999998927116394,0.47999998927116394,0.47999998927116394,200,0.0,0.0
2016-07-06 00:00:00-04:00,0.47999998927116394,0.47999998927116394,0.47999998927116394,0.47999998927116394,0,0.0,0.0
2016-07-07 00:00:00-04:00,0.47999998927116394,0.47999998927116394,0.47999998927116394,0.47999998927116394,0,0.0,0.0
2016-07-08 00:00:00-04:00,0.4000000059604645,0.4000000059604645,0.4000000059604645,0.4000000059604645,525,0.0,0.0
2016-07-11 00:00:00-04:00,0.4000000059604645,0.4000000059604645,0.4000000059604645,0.4000000059604645,0,0.0,0.0
2016-07-12 00:00:00-04:00,0.4000000059604645,0.4000000059604645,0.4000000059604645,0.4000000059604645,1050,0.0,0.0
2016-07-13 00:00:00-04:00,0.4399999976158142,0.4399999976158142,0.4000000059604645,0.4000000059604645,4850,0.0,0.0
2016-07-14 00:00:00-04:00,0.4000000059604645,0.4000000059604645,0.4000000059604645,0.4000000059604645,0,0.0,0.0
2016-07-15 00:00:00-04:00,0.4000000059604645,0.4000000059604645,0.4000000059604645,0.4000000059604645,0,0.0,0.0
2016-07-18 00:00:00-04:00,0.4000000059604645,0.4000000059604645,0.4000000059604645,0.4000000059604645,0,0.0,0.0
2016-07-19 00:00:00-04:00,0.4000000059604645,0.4000000059604645,0.4000000059604645,0.4000000059604645,0,0.0,0.0
2016-07-20 00:00:00-04:00,0.4000000059604645,0.4000000059604645,0.4000000059604645,0.4000000059604645,0,0.0,0.0
2016-07-21 00:00:00-04:00,0.4000000059604645,0.4000000059604645,0.4000000059604645,0.4000000059604645,0,0.0,0.0
2016-07-22 00:00:00-04:00,0.4000000059604645,0.4000000059604645,0.4000000059604645,0.4000000059604645,0,0.0,0.0
2016-07-25 00:00:00-04:00,0.4000000059604645,0.4000000059604645,0.4000000059604645,0.4000000059604645,0,0.0,0.0
2016-07-26 00:00:00-04:00,0.4000000059604645,0.4000000059604645,0.4000000059604645,0.4000000059604645,0,0.0,0.0
2016-07-27 00:00:00-04:00,0.4000000059604645,0.4000000059604645,0.4000000059604645,0.4000000059604645,825,0.0,0.0
2016-07-28 00:00:00-04:00,0.4000000059604645,0.4000000059604645,0.4000000059604645,0.4000000059604645,0,0.0,0.0
2016-07-29 00:00:00-04:00,0.4000000059604645,0.4000000059604645,0.4000000059604645,0.4000000059604645,0,0.0,0.0
2016-08-01 00:00:00-04:00,0.4000000059604645,0.41999998688697815,0.4000000059604645,0.41999998688697815,2500,0.0,0.0
2016-08-02 00:00:00-04:00,0.41999998688697815,0.41999998688697815,0.41999998688697815,0.41999998688697815,0,0.0,0.0
2016-08-03 00:00:00-04:00,0.41999998688697815,0.41999998688697815,0.41999998688697815,0.41999998688697815,0,0.0,0.0
2016-08-04 00:00:00-04:00,0.4399999976158142,0.4399999976158142,0.4399999976158142,0.4399999976158142,1575,0.0,0.0
2016-08-05 00:00:00-04:00,0.4399999976158142,0.4399999976158142,0.4399999976158142,0.4399999976158142,0,0.0,0.0
2016-08-08 00:00:00-04:00,0.4399999976158142,0.4399999976158142,0.4399999976158142,0.4399999976158142,0,0.0,0.0
2016-08-09 00:00:00-04:00,0.4000000059604645,0.4000000059604645,0.4000000059604645,0.4000000059604645,125,0.0,0.0
2016-08-10 00:00:00-04:00,0.4000000059604645,0.4000000059604645,0.4000000059604645,0.4000000059604645,0,0.0,0.0
2016-08-11 00:00:00-04:00,0.4000000059604645,0.4000000059604645,0.4000000059604645,0.4000000059604645,0,0.0,0.0
2016-08-12 00:00:00-04:00,0.4000000059604645,0.4000000059604645,0.4000000059604645,0.4000000059604645,0,0.0,0.0
2016-08-15 00:00:00-04:00,0.4000000059604645,0.4000000059604645,0.36000001430511475,0.36000001430511475,3125,0.0,0.0
2016-08-16 00:00:00-04:00,0.36000001430511475,0.36000001430511475,0.36000001430511475,0.36000001430511475,0,0.0,0.0
2016-08-17 00:00:00-04:00,0.36000001430511475,0.36000001430511475,0.36000001430511475,0.36000001430511475,0,0.0,0.0
2016-08-18 00:00:00-04:00,0.4519999921321869,0.4519999921321869,0.4519999921321869,0.4519999921321869,1250,0.0,0.0
2016-08-19 00:00:00-04:00,0.4519999921321869,0.4519999921321869,0.4519999921321869,0.4519999921321869,0,0.0,0.0
2016-08-22 00:00:00-04:00,0.4519999921321869,0.4519999921321869,0.4519999921321869,0.4519999921321869,0,0.0,0.0
2016-08-23 00:00:00-04:00,0.4519999921321869,0.4519999921321869,0.4519999921321869,0.4519999921321869,0,0.0,0.0
2016-08-24 00:00:00-04:00,0.4519999921321869,0.4519999921321869,0.4519999921321869,0.4519999921321869,0,0.0,0.0
2016-08-25 00:00:00-04:00,0.4519999921321869,0.4519999921321869,0.4519999921321869,0.4519999921321869,0,0.0,0.0
2016-08-26 00:00:00-04:00,0.4519999921321869,0.4519999921321869,0.4519999921321869,0.4519999921321869,0,0.0,0.0
2016-08-29 00:00:00-04:00,0.4519999921321869,0.4519999921321869,0.4519999921321869,0.4519999921321869,0,0.0,0.0
2016-08-30 00:00:00-04:00,0.4519999921321869,0.4519999921321869,0.4519999921321869,0.4519999921321869,0,0.0,0.0
2016-08-31 00:00:00-04:00,0.4519999921321869,0.4519999921321869,0.4519999921321869,0.4519999921321869,0,0.0,0.0
2016-09-01 00:00:00-04:00,0.36000001430511475,0.36000001430511475,0.36000001430511475,0.36000001430511475,75,0.0,0.0
2016-09-02 00:00:00-04:00,0.36000001430511475,0.36000001430511475,0.36000001430511475,0.36000001430511475,0,0.0,0.0
2016-09-06 00:00:00-04:00,0.36000001430511475,0.36000001430511475,0.36000001430511475,0.36000001430511475,0,0.0,0.0
2016-09-07 00:00:00-04:00,0.36000001430511475,0.36000001430511475,0.36000001430511475,0.36000001430511475,0,0.0,0.0
2016-09-08 00:00:00-04:00,0.36000001430511475,0.36000001430511475,0.36000001430511475,0.36000001430511475,0,0.0,0.0
2016-09-09 00:00:00-04:00,0.36000001430511475,0.36000001430511475,0.36000001430511475,0.36000001430511475,25,0.0,0.0
2016-09-12 00:00:00-04:00,0.36000001430511475,0.36000001430511475,0.36000001430511475,0.36000001430511475,0,0.0,0.0
2016-09-13 00:00:00-04:00,0.36000001430511475,0.36000001430511475,0.36000001430511475,0.36000001430511475,0,0.0,0.0
2016-09-14 00:00:00-04:00,0.36000001430511475,0.36000001430511475,0.36000001430511475,0.36000001430511475,0,0.0,0.0
2016-09-15 00:00:00-04:00,0.36000001430511475,0.36000001430511475,0.36000001430511475,0.36000001430511475,0,0.0,0.0
2016-09-16 00:00:00-04:00,0.36000001430511475,0.36000001430511475,0.36000001430511475,0.36000001430511475,0,0.0,0.0
2016-09-19 00:00:00-04:00,0.36000001430511475,0.36000001430511475,0.36000001430511475,0.36000001430511475,1350,0.0,0.0
2016-09-20 00:00:00-04:00,0.36000001430511475,0.36000001430511475,0.36000001430511475,0.36000001430511475,0,0.0,0.0
2016-09-21 00:00:00-04:00,0.36000001430511475,0.36000001430511475,0.36000001430511475,0.36000001430511475,0,0.0,0.0
2016-09-22 00:00:00-04:00,0.36000001430511475,0.36000001430511475,0.36000001430511475,0.36000001430511475,0,0.0,0.0
2016-09-23 00:00:00-04:00,0.36000001430511475,0.36000001430511475,0.36000001430511475,0.36000001430511475,0,0.0,0.0
2016-09-26 00:00:00-04:00,0.36000001430511475,0.36000001430511475,0.36000001430511475,0.36000001430511475,0,0.0,0.0
2016-09-27 00:00:00-04:00,0.36000001430511475,0.36000001430511475,0.36000001430511475,0.36000001430511475,0,0.0,0.0
2016-09-28 00:00:00-04:00,0.36000001430511475,0.36000001430511475,0.36000001430511475,0.36000001430511475,0,0.0,0.0
2016-09-29 00:00:00-04:00,0.36000001430511475,0.36000001430511475,0.36000001430511475,0.36000001430511475,0,0.0,0.0
2016-09-30 00:00:00-04:00,0.36000001430511475,0.36000001430511475,0.36000001430511475,0.36000001430511475,0,0.0,0.0
2016-10-03 00:00:00-04:00,0.36000001430511475,0.36000001430511475,0.36000001430511475,0.36000001430511475,0,0.0,0.0
2016-10-04 00:00:00-04:00,0.36000001430511475,0.36000001430511475,0.36000001430511475,0.36000001430511475,0,0.0,0.0
2016-10-05 00:00:00-04:00,0.36000001430511475,0.36000001430511475,0.36000001430511475,0.36000001430511475,0,0.0,0.0
2016-10-06 00:00:00-04:00,0.36000001430511475,0.36000001430511475,0.36000001430511475,0.36000001430511475,0,0.0,0.0
2016-10-07 00:00:00-04:00,0.36000001430511475,0.36000001430511475,0.36000001430511475,0.36000001430511475,0,0.0,0.0
2016-10-10 00:00:00-04:00,0.36000001430511475,0.36000001430511475,0.36000001430511475,0.36000001430511475,0,0.0,0.0
2016-10-11 00:00:00-04:00,0.36000001430511475,0.36000001430511475,0.36000001430511475,0.36000001430511475,0,0.0,0.0
2016-10-12 00:00:00-04:00,0.36000001430511475,0.36000001430511475,0.36000001430511475,0.36000001430511475,0,0.0,0.0
2016-10-13 00:00:00-04:00,0.36000001430511475,0.36000001430511475,0.36000001430511475,0.36000001430511475,0,0.0,0.0
2016-10-14 00:00:00-04:00,0.36000001430511475,0.36000001430511475,0.36000001430511475,0.36000001430511475,0,0.0,0.0
2016-10-17 00:00:00-04:00,0.36000001430511475,0.36000001430511475,0.36000001430511475,0.36000001430511475,0,0.0,0.0
2016-10-18 00:00:00-04:00,0.36000001430511475,0.36000001430511475,0.36000001430511475,0.36000001430511475,0,0.0,0.0
2016-10-19 00:00:00-04:00,0.36000001430511475,0.36000001430511475,0.36000001430511475,0.36000001430511475,0,0.0,0.0
2016-10-20 00:00:00-04:00,0.36000001430511475,0.36000001430511475,0.36000001430511475,0.36000001430511475,0,0.0,0.0
2016-10-21 00:00:00-04:00,0.36000001430511475,0.36000001430511475,0.36000001430511475,0.36000001430511475,0,0.0,0.0
2016-10-24 00:00:00-04:00,0.36000001430511475,0.36000001430511475,0.36000001430511475,0.36000001430511475,150,0.0,0.0
2016-10-25 00:00:00-04:00,0.36000001430511475,0.36000001430511475,0.36000001430511475,0.36000001430511475,0,0.0,0.0
2016-10-26 00:00:00-04:00,0.36000001430511475,0.36000001430511475,0.36000001430511475,0.36000001430511475,0,0.0,0.0
2016-10-27 00:00:00-04:00,0.36000001430511475,0.36000001430511475,0.36000001430511475,0.36000001430511475,0,0.0,0.0
2016-10-28 00:00:00-04:00,0.36000001430511475,0.36000001430511475,0.36000001430511475,0.36000001430511475,0,0.0,0.0
2016-10-31 00:00:00-04:00,0.36000001430511475,0.36000001430511475,0.36000001430511475,0.36000001430511475,100,0.0,0.0
2016-11-01 00:00:00-04:00,0.36000001430511475,0.36000001430511475,0.36000001430511475,0.36000001430511475,2075,0.0,0.0
2016-11-02 00:00:00-04:00,0.36000001430511475,0.36000001430511475,0.36000001430511475,0.36000001430511475,0,0.0,0.0
2016-11-03 00:00:00-04:00,0.36000001430511475,0.36000001430511475,0.36000001430511475,0.36000001430511475,0,0.0,0.0
2016-11-04 00:00:00-04:00,0.36000001430511475,0.36000001430511475,0.36000001430511475,0.36000001430511475,0,0.0,0.0
2016-11-07 00:00:00-05:00,0.36000001430511475,0.36000001430511475,0.36000001430511475,0.36000001430511475,0,0.0,0.0
2016-11-08 00:00:00-05:00,0.3199999928474426,0.36000001430511475,0.3199999928474426,0.36000001430511475,11875,0.0,0.0
2016-11-09 00:00:00-05:00,0.36000001430511475,0.36000001430511475,0.36000001430511475,0.36000001430511475,0,0.0,0.0
2016-11-10 00:00:00-05:00,0.36000001430511475,0.36000001430511475,0.36000001430511475,0.36000001430511475,0,0.0,0.0
2016-11-11 00:00:00-05:00,0.36000001430511475,0.36000001430511475,0.36000001430511475,0.36000001430511475,0,0.0,0.0
2016-11-14 00:00:00-05:00,0.36000001430511475,0.36800000071525574,0.36000001430511475,0.36800000071525574,650,0.0,0.0
2016-11-15 00:00:00-05:00,0.36800000071525574,0.36800000071525574,0.36800000071525574,0.36800000071525574,0,0.0,0.0
2016-11-16 00:00:00-05:00,0.3919999897480011,0.47999998927116394,0.3919999897480011,0.47999998927116394,15475,0.0,0.0
2016-11-17 00:00:00-05:00,0.47999998927116394,0.47999998927116394,0.47999998927116394,0.47999998927116394,1250,0.0,0.0
2016-11-18 00:00:00-05:00,0.47999998927116394,0.47999998927116394,0.47999998927116394,0.47999998927116394,0,0.0,0.0
2016-11-21 00:00:00-05:00,0.4399999976158142,0.4399999976158142,0.4399999976158142,0.4399999976158142,250,0.0,0.0
2016-11-22 00:00:00-05:00,0.4000000059604645,0.40400001406669617,0.4000000059604645,0.40400001406669617,4125,0.0,0.0
2016-11-23 00:00:00-05:00,0.4399999976158142,0.4399999976158142,0.4399999976158142,0.4399999976158142,175,0.0,0.0
2016-11-25 00:00:00-05:00,0.4399999976158142,0.4399999976158142,0.4399999976158142,0.4399999976158142,0,0.0,0.0
2016-11-28 00:00:00-05:00,0.4399999976158142,0.4399999976158142,0.41999998688697815,0.4399999976158142,6875,0.0,0.0
2016-11-29 00:00:00-05:00,0.4399999976158142,0.4399999976158142,0.4399999976158142,0.4399999976158142,0,0.0,0.0
2016-11-30 00:00:00-05:00,0.4399999976158142,0.4399999976158142,0.4399999976158142,0.4399999976158142,0,0.0,0.0
2016-12-01 00:00:00-05:00,0.4399999976158142,0.4399999976158142,0.4399999976158142,0.4399999976158142,0,0.0,0.0
2016-12-02 00:00:00-05:00,0.4399999976158142,0.4399999976158142,0.4399999976158142,0.4399999976158142,1250,0.0,0.0
2016-12-05 00:00:00-05:00,0.4399999976158142,0.4399999976158142,0.4399999976158142,0.4399999976158142,0,0.0,0.0
2016-12-06 00:00:00-05:00,0.4399999976158142,0.4399999976158142,0.4399999976158142,0.4399999976158142,0,0.0,0.0
2016-12-07 00:00:00-05:00,0.4399999976158142,0.4399999976158142,0.4399999976158142,0.4399999976158142,0,0.0,0.0
2016-12-08 00:00:00-05:00,0.4399999976158142,0.4399999976158142,0.4399999976158142,0.4399999976158142,0,0.0,0.0
2016-12-09 00:00:00-05:00,0.4399999976158142,0.4399999976158142,0.4399999976158142,0.4399999976158142,0,0.0,0.0
2016-12-12 00:00:00-05:00,0.42399999499320984,0.42399999499320984,0.42399999499320984,0.42399999499320984,325,0.0,0.0
2016-12-13 00:00:00-05:00,0.42399999499320984,0.42399999499320984,0.42399999499320984,0.42399999499320984,0,0.0,0.0
2016-12-14 00:00:00-05:00,0.42399999499320984,0.42399999499320984,0.42399999499320984,0.42399999499320984,0,0.0,0.0
2016-12-15 00:00:00-05:00,0.41999998688697815,0.4399999976158142,0.3199999928474426,0.4399999976158142,19800,0.0,0.0
2016-12-16 00:00:00-05:00,0.4399999976158142,0.4399999976158142,0.4399999976158142,0.4399999976158142,0,0.0,0.0
2016-12-19 00:00:00-05:00,0.40799999237060547,0.40799999237060547,0.4000000059604645,0.4000000059604645,3750,0.0,0.0
2016-12-20 00:00:00-05:00,0.4399999976158142,0.4399999976158142,0.4399999976158142,0.4399999976158142,2500,0.0,0.0
2016-12-21 00:00:00-05:00,0.4399999976158142,0.4399999976158142,0.4399999976158142,0.4399999976158142,0,0.0,0.0
2016-12-22 00:00:00-05:00,0.2879999876022339,0.3199999928474426,0.2879999876022339,0.3199999928474426,425,0.0,0.0
2016-12-23 00:00:00-05:00,0.3199999928474426,0.3199999928474426,0.3199999928474426,0.3199999928474426,250,0.0,0.0
2016-12-27 00:00:00-05:00,0.3199999928474426,0.3199999928474426,0.3199999928474426,0.3199999928474426,0,0.0,0.0
2016-12-28 00:00:00-05:00,0.3199999928474426,0.6000000238418579,0.3199999928474426,0.5199999809265137,35450,0.0,0.0
2016-12-29 00:00:00-05:00,0.5600000023841858,1.0,0.5600000023841858,0.6399999856948853,16475,0.0,0.0
2016-12-30 00:00:00-05:00,0.6399999856948853,0.800000011920929,0.6320000290870667,0.6320000290870667,18225,0.0,0.0
2017-01-03 00:00:00-05:00,0.6399999856948853,0.6399999856948853,0.6200000047683716,0.6240000128746033,3275,0.0,0.0
2017-01-04 00:00:00-05:00,0.6000000238418579,0.6200000047683716,0.6000000238418579,0.6000000238418579,12625,0.0,0.0
2017-01-05 00:00:00-05:00,0.6000000238418579,0.800000011920929,0.6000000238418579,0.7080000042915344,7350,0.0,0.0
2017-01-06 00:00:00-05:00,0.7799999713897705,0.800000011920929,0.7799999713897705,0.800000011920929,1525,0.0,0.0
2017-01-09 00:00:00-05:00,0.800000011920929,0.800000011920929,0.800000011920929,0.800000011920929,50,0.0,0.0
2017-01-10 00:00:00-05:00,0.800000011920929,0.800000011920929,0.800000011920929,0.800000011920929,1250,0.0,0.0
2017-01-11 00:00:00-05:00,0.800000011920929,0.800000011920929,0.7599999904632568,0.7599999904632568,1750,0.0,0.0
2017-01-12 00:00:00-05:00,0.7599999904632568,0.7879999876022339,0.7599999904632568,0.7879999876022339,1375,0.0,0.0
2017-01-13 00:00:00-05:00,0.7599999904632568,0.7960000038146973,0.7599999904632568,0.7960000038146973,5675,0.0,0.0
2017-01-17 00:00:00-05:00,0.7799999713897705,0.7799999713897705,0.7799999713897705,0.7799999713897705,1250,0.0,0.0
2017-01-18 00:00:00-05:00,0.7879999876022339,0.800000011920929,0.7879999876022339,0.800000011920929,6250,0.0,0.0
2017-01-19 00:00:00-05:00,0.9319999814033508,0.9599999785423279,0.8600000143051147,0.8600000143051147,1050,0.0,0.0
2017-01-20 00:00:00-05:00,0.8600000143051147,0.8600000143051147,0.8600000143051147,0.8600000143051147,0,0.0,0.0
2017-01-23 00:00:00-05:00,0.8600000143051147,0.8600000143051147,0.8600000143051147,0.8600000143051147,0,0.0,0.0
2017-01-24 00:00:00-05:00,0.8799999952316284,1.0399999618530273,0.8799999952316284,1.0399999618530273,2125,0.0,0.0
2017-01-25 00:00:00-05:00,1.2000000476837158,1.3200000524520874,1.2000000476837158,1.3200000524520874,625,0.0,0.0
2017-01-26 00:00:00-05:00,1.315999984741211,2.0399999618530273,1.315999984741211,1.5959999561309814,13300,0.0,0.0
2017-01-27 00:00:00-05:00,1.600000023841858,1.600000023841858,1.4800000190734863,1.4800000190734863,6025,0.0,0.0
2017-01-30 00:00:00-05:00,1.440000057220459,1.4800000190734863,1.440000057220459,1.4800000190734863,750,0.0,0.0
2017-01-31 00:00:00-05:00,1.4800000190734863,1.4800000190734863,1.3200000524520874,1.3519999980926514,2550,0.0,0.0
2017-02-01 00:00:00-05:00,1.3200000524520874,1.399999976158142,1.3200000524520874,1.399999976158142,1250,0.0,0.0
2017-02-02 00:00:00-05:00,1.399999976158142,1.399999976158142,1.3200000524520874,1.399999976158142,1950,0.0,0.0
2017-02-03 00:00:00-05:00,1.399999976158142,1.399999976158142,1.399999976158142,1.399999976158142,0,0.0,0.0
2017-02-06 00:00:00-05:00,1.399999976158142,1.399999976158142,1.399999976158142,1.399999976158142,0,0.0,0.0
2017-02-07 00:00:00-05:00,1.399999976158142,1.399999976158142,1.399999976158142,1.399999976158142,0,0.0,0.0
2017-02-08 00:00:00-05:00,1.399999976158142,1.399999976158142,1.3200000524520874,1.3200000524520874,150,0.0,0.0
2017-02-09 00:00:00-05:00,1.3799999952316284,1.399999976158142,1.3799999952316284,1.399999976158142,1375,0.0,0.0
2017-02-10 00:00:00-05:00,1.559999942779541,1.559999942779541,1.399999976158142,1.399999976158142,5075,0.0,0.0
2017-02-13 00:00:00-05:00,1.399999976158142,1.5199999809265137,1.399999976158142,1.5160000324249268,6700,0.0,0.0
2017-02-14 00:00:00-05:00,1.5199999809265137,1.5199999809265137,0.9200000166893005,1.2000000476837158,5100,0.0,0.0
2017-02-15 00:00:00-05:00,1.159999966621399,1.159999966621399,1.159999966621399,1.159999966621399,625,0.0,0.0
2017-02-16 00:00:00-05:00,1.1720000505447388,1.1720000505447388,1.1480000019073486,1.1480000019073486,875,0.0,0.0
2017-02-17 00:00:00-05:00,1.1920000314712524,1.1920000314712524,1.1920000314712524,1.1920000314712524,1425,0.0,0.0
2017-02-21 00:00:00-05:00,1.1920000314712524,1.2000000476837158,1.0,1.2000000476837158,11325,0.0,0.0
2017-02-22 00:00:00-05:00,1.2000000476837158,1.2000000476837158,1.2000000476837158,1.2000000476837158,0,0.0,0.0
2017-02-23 00:00:00-05:00,1.0800000429153442,1.0800000429153442,1.0080000162124634,1.0080000162124634,6250,0.0,0.0
2017-02-24 00:00:00-05:00,0.9959999918937683,1.0800000429153442,0.8999999761581421,1.0800000429153442,575,0.0,0.0
2017-02-27 00:00:00-05:00,1.0,1.0,0.9760000109672546,0.9760000109672546,300,0.0,0.0
2017-02-28 00:00:00-05:00,1.0,1.0,1.0,1.0,1325,0.0,0.0
2017-03-01 00:00:00-05:00,1.0,1.0,1.0,1.0,100,0.0,0.0
2017-03-02 00:00:00-05:00,0.9760000109672546,1.0,0.7200000286102295,0.7599999904632568,9900,0.0,0.0
2017-03-03 00:00:00-05:00,0.7360000014305115,0.7360000014305115,0.7279999852180481,0.7279999852180481,1625,0.0,0.0
2017-03-06 00:00:00-05:00,0.7200000286102295,0.7200000286102295,0.7200000286102295,0.7200000286102295,150,0.0,0.0
2017-03-07 00:00:00-05:00,0.800000011920929,0.9599999785423279,0.800000011920929,0.9599999785423279,350,0.0,0.0
2017-03-08 00:00:00-05:00,0.9200000166893005,0.9200000166893005,0.9200000166893005,0.9200000166893005,25,0.0,0.0
2017-03-09 00:00:00-05:00,0.9200000166893005,0.9200000166893005,0.9200000166893005,0.9200000166893005,0,0.0,0.0
2017-03-10 00:00:00-05:00,0.7200000286102295,0.7200000286102295,0.6800000071525574,0.6800000071525574,1575,0.0,0.0
2017-03-13 00:00:00-04:00,0.6800000071525574,0.6800000071525574,0.6800000071525574,0.6800000071525574,0,0.0,0.0
2017-03-14 00:00:00-04:00,0.6800000071525574,0.6800000071525574,0.6800000071525574,0.6800000071525574,750,0.0,0.0
2017-03-15 00:00:00-04:00,0.6800000071525574,0.6800000071525574,0.6800000071525574,0.6800000071525574,0,0.0,0.0
2017-03-16 00:00:00-04:00,0.6800000071525574,0.9200000166893005,0.6800000071525574,0.9200000166893005,1750,0.0,0.0
2017-03-17 00:00:00-04:00,0.7200000286102295,0.800000011920929,0.6919999718666077,0.7400000095367432,6750,0.0,0.0
2017-03-20 00:00:00-04:00,0.7400000095367432,0.7400000095367432,0.7400000095367432,0.7400000095367432,100,0.0,0.0
2017-03-21 00:00:00-04:00,0.7400000095367432,0.7400000095367432,0.7400000095367432,0.7400000095367432,0,0.0,0.0
2017-03-22 00:00:00-04:00,0.7400000095367432,0.7400000095367432,0.7400000095367432,0.7400000095367432,0,0.0,0.0
2017-03-23 00:00:00-04:00,0.7400000095367432,0.7400000095367432,0.7400000095367432,0.7400000095367432,0,0.0,0.0
2017-03-24 00:00:00-04:00,0.7400000095367432,0.7400000095367432,0.7400000095367432,0.7400000095367432,0,0.0,0.0
2017-03-27 00:00:00-04:00,0.7400000095367432,0.7400000095367432,0.7400000095367432,0.7400000095367432,0,0.0,0.0
2017-03-28 00:00:00-04:00,0.6800000071525574,0.6919999718666077,0.6800000071525574,0.6919999718666077,350,0.0,0.0
2017-03-29 00:00:00-04:00,0.6000000238418579,0.6000000238418579,0.6000000238418579,0.6000000238418579,300,0.0,0.0
2017-03-30 00:00:00-04:00,0.6000000238418579,0.6000000238418579,0.6000000238418579,0.6000000238418579,1250,0.0,0.0
2017-03-31 00:00:00-04:00,0.6240000128746033,0.6639999747276306,0.6000000238418579,0.6000000238418579,4650,0.0,0.0
2017-04-03 00:00:00-04:00,0.6000000238418579,0.6000000238418579,0.6000000238418579,0.6000000238418579,0,0.0,0.0
2017-04-04 00:00:00-04:00,0.6000000238418579,0.6000000238418579,0.6000000238418579,0.6000000238418579,0,0.0,0.0
2017-04-05 00:00:00-04:00,0.5600000023841858,0.5600000023841858,0.5600000023841858,0.5600000023841858,125,0.0,0.0
2017-04-06 00:00:00-04:00,0.5600000023841858,0.5600000023841858,0.5600000023841858,0.5600000023841858,0,0.0,0.0
2017-04-07 00:00:00-04:00,0.5600000023841858,0.5600000023841858,0.5600000023841858,0.5600000023841858,675,0.0,0.0
2017-04-10 00:00:00-04:00,0.5600000023841858,0.5600000023841858,0.5600000023841858,0.5600000023841858,0,0.0,0.0
2017-04-11 00:00:00-04:00,0.5600000023841858,0.5600000023841858,0.5600000023841858,0.5600000023841858,0,0.0,0.0
2017-04-12 00:00:00-04:00,0.5600000023841858,0.5600000023841858,0.5600000023841858,0.5600000023841858,0,0.0,0.0
2017-04-13 00:00:00-04:00,0.5600000023841858,0.5600000023841858,0.5600000023841858,0.5600000023841858,0,0.0,0.0
2017-04-17 00:00:00-04:00,0.6800000071525574,0.6800000071525574,0.6800000071525574,0.6800000071525574,3750,0.0,0.0
2017-04-18 00:00:00-04:00,0.4399999976158142,0.628000020980835,0.4399999976158142,0.628000020980835,200,0.0,0.0
2017-04-19 00:00:00-04:00,0.628000020980835,0.628000020980835,0.628000020980835,0.628000020980835,0,0.0,0.0
2017-04-20 00:00:00-04:00,0.628000020980835,0.628000020980835,0.628000020980835,0.628000020980835,0,0.0,0.0
2017-04-21 00:00:00-04:00,0.628000020980835,0.628000020980835,0.628000020980835,0.628000020980835,0,0.0,0.0
2017-04-24 00:00:00-04:00,0.4560000002384186,0.628000020980835,0.4560000002384186,0.628000020980835,175,0.0,0.0
2017-04-25 00:00:00-04:00,0.628000020980835,0.628000020980835,0.628000020980835,0.628000020980835,0,0.0,0.0
2017-04-26 00:00:00-04:00,0.628000020980835,0.628000020980835,0.628000020980835,0.628000020980835,0,0.0,0.0
2017-04-27 00:00:00-04:00,0.5199999809265137,0.6079999804496765,0.5199999809265137,0.6000000238418579,4725,0.0,0.0
2017-04-28 00:00:00-04:00,0.6000000238418579,0.6000000238418579,0.6000000238418579,0.6000000238418579,1175,0.0,0.0
2017-05-01 00:00:00-04:00,0.6399999856948853,0.6399999856948853,0.6399999856948853,0.6399999856948853,125,0.0,0.0
2017-05-02 00:00:00-04:00,0.6399999856948853,0.6399999856948853,0.6399999856948853,0.6399999856948853,0,0.0,0.0
2017-05-03 00:00:00-04:00,0.6399999856948853,0.6399999856948853,0.6399999856948853,0.6399999856948853,0,0.0,0.0
2017-05-04 00:00:00-04:00,0.6200000047683716,0.6200000047683716,0.6200000047683716,0.6200000047683716,625,0.0,0.0
2017-05-05 00:00:00-04:00,0.6200000047683716,0.6200000047683716,0.6200000047683716,0.6200000047683716,0,0.0,0.0
2017-05-08 00:00:00-04:00,0.6200000047683716,0.6200000047683716,0.6200000047683716,0.6200000047683716,0,0.0,0.0
2017-05-09 00:00:00-04:00,0.6200000047683716,0.6200000047683716,0.6200000047683716,0.6200000047683716,0,0.0,0.0
2017-05-10 00:00:00-04:00,0.5600000023841858,0.5600000023841858,0.5600000023841858,0.5600000023841858,2050,0.0,0.0
2017-05-11 00:00:00-04:00,0.5600000023841858,0.5600000023841858,0.5600000023841858,0.5600000023841858,0,0.0,0.0
2017-05-12 00:00:00-04:00,0.5600000023841858,0.5600000023841858,0.5600000023841858,0.5600000023841858,0,0.0,0.0
2017-05-15 00:00:00-04:00,0.5600000023841858,0.5600000023841858,0.5600000023841858,0.5600000023841858,0,0.0,0.0
2017-05-16 00:00:00-04:00,0.5600000023841858,0.5600000023841858,0.5600000023841858,0.5600000023841858,0,0.0,0.0
2017-05-17 00:00:00-04:00,0.5600000023841858,0.5600000023841858,0.5600000023841858,0.5600000023841858,0,0.0,0.0
2017-05-18 00:00:00-04:00,0.5799999833106995,0.5799999833106995,0.5600000023841858,0.5600000023841858,725,0.0,0.0
2017-05-19 00:00:00-04:00,0.5600000023841858,0.5600000023841858,0.5600000023841858,0.5600000023841858,0,0.0,0.0
2017-05-22 00:00:00-04:00,0.5600000023841858,0.5600000023841858,0.5600000023841858,0.5600000023841858,1250,0.0,0.0
2017-05-23 00:00:00-04:00,0.47999998927116394,0.47999998927116394,0.47999998927116394,0.47999998927116394,2600,0.0,0.0
2017-05-24 00:00:00-04:00,0.47999998927116394,0.47999998927116394,0.47999998927116394,0.47999998927116394,0,0.0,0.0
2017-05-25 00:00:00-04:00,0.47999998927116394,0.47999998927116394,0.47999998927116394,0.47999998927116394,1250,0.0,0.0
2017-05-26 00:00:00-04:00,0.4560000002384186,0.47999998927116394,0.41999998688697815,0.41999998688697815,2775,0.0,0.0
2017-05-30 00:00:00-04:00,0.41999998688697815,0.41999998688697815,0.41999998688697815,0.41999998688697815,0,0.0,0.0
2017-05-31 00:00:00-04:00,0.2800000011920929,0.3199999928474426,0.2800000011920929,0.3199999928474426,3650,0.0,0.0
2017-06-01 00:00:00-04:00,0.40400001406669617,0.40400001406669617,0.40400001406669617,0.40400001406669617,2525,0.0,0.0
2017-06-02 00:00:00-04:00,0.2800000011920929,0.2800000011920929,0.2800000011920929,0.2800000011920929,325,0.0,0.0
2017-06-05 00:00:00-04:00,0.2800000011920929,0.2800000011920929,0.2800000011920929,0.2800000011920929,350,0.0,0.0
2017-06-06 00:00:00-04:00,0.2800000011920929,0.2800000011920929,0.2800000011920929,0.2800000011920929,0,0.0,0.0
2017-06-07 00:00:00-04:00,0.2800000011920929,0.40400001406669617,0.2800000011920929,0.40400001406669617,3725,0.0,0.0
2017-06-08 00:00:00-04:00,0.40400001406669617,0.40400001406669617,0.40400001406669617,0.40400001406669617,0,0.0,0.0
2017-06-09 00:00:00-04:00,0.40400001406669617,0.40400001406669617,0.40400001406669617,0.40400001406669617,0,0.0,0.0
2017-06-12 00:00:00-04:00,0.40400001406669617,0.40400001406669617,0.40400001406669617,0.40400001406669617,0,0.0,0.0
2017-06-13 00:00:00-04:00,0.40400001406669617,0.40400001406669617,0.40400001406669617,0.40400001406669617,0,0.0,0.0
2017-06-14 00:00:00-04:00,0.40400001406669617,0.40400001406669617,0.40400001406669617,0.40400001406669617,0,0.0,0.0
2017-06-15 00:00:00-04:00,0.40400001406669617,0.40400001406669617,0.40400001406669617,0.40400001406669617,0,0.0,0.0
2017-06-16 00:00:00-04:00,0.40400001406669617,0.40400001406669617,0.40400001406669617,0.40400001406669617,0,0.0,0.0
2017-06-19 00:00:00-04:00,0.40400001406669617,0.40400001406669617,0.40400001406669617,0.40400001406669617,0,0.0,0.0
2017-06-20 00:00:00-04:00,0.40400001406669617,0.40400001406669617,0.40400001406669617,0.40400001406669617,0,0.0,0.0
2017-06-21 00:00:00-04:00,0.2800000011920929,0.2800000011920929,0.23999999463558197,0.23999999463558197,5250,0.0,0.0
2017-06-22 00:00:00-04:00,0.23999999463558197,0.23999999463558197,0.23999999463558197,0.23999999463558197,0,0.0,0.0
2017-06-23 00:00:00-04:00,0.23999999463558197,0.23999999463558197,0.23999999463558197,0.23999999463558197,0,0.0,0.0
2017-06-26 00:00:00-04:00,0.2800000011920929,0.3199999928474426,0.2800000011920929,0.3199999928474426,2925,0.0,0.0
2017-06-27 00:00:00-04:00,0.3199999928474426,0.3199999928474426,0.3199999928474426,0.3199999928474426,0,0.0,0.0
2017-06-28 00:00:00-04:00,0.3199999928474426,0.3199999928474426,0.3199999928474426,0.3199999928474426,0,0.0,0.0
2017-06-29 00:00:00-04:00,0.3199999928474426,0.3199999928474426,0.3199999928474426,0.3199999928474426,250,0.0,0.0
2017-06-30 00:00:00-04:00,0.3199999928474426,0.3199999928474426,0.3199999928474426,0.3199999928474426,1075,0.0,0.0
2017-07-03 00:00:00-04:00,0.3199999928474426,0.3199999928474426,0.3199999928474426,0.3199999928474426,0,0.0,0.0
2017-07-05 00:00:00-04:00,0.3199999928474426,0.3199999928474426,0.3199999928474426,0.3199999928474426,0,0.0,0.0
2017-07-06 00:00:00-04:00,0.3199999928474426,0.3199999928474426,0.3199999928474426,0.3199999928474426,0,0.0,0.0
2017-07-07 00:00:00-04:00,0.3199999928474426,0.3199999928474426,0.3199999928474426,0.3199999928474426,0,0.0,0.0
2017-07-10 00:00:00-04:00,0.3199999928474426,0.3199999928474426,0.3199999928474426,0.3199999928474426,0,0.0,0.0
2017-07-11 00:00:00-04:00,0.20000000298023224,0.20000000298023224,0.20000000298023224,0.20000000298023224,75,0.0,0.0
2017-07-12 00:00:00-04:00,0.20000000298023224,0.20000000298023224,0.20000000298023224,0.20000000298023224,0,0.0,0.0
2017-07-13 00:00:00-04:00,0.3199999928474426,0.3199999928474426,0.164000004529953,0.20000000298023224,14650,0.0,0.0
2017-07-14 00:00:00-04:00,0.2199999988079071,0.2199999988079071,0.2199999988079071,0.2199999988079071,1425,0.0,0.0
2017-07-17 00:00:00-04:00,0.18000000715255737,0.18000000715255737,0.18000000715255737,0.18000000715255737,4550,0.0,0.0
2017-07-18 00:00:00-04:00,0.18000000715255737,0.18000000715255737,0.18000000715255737,0.18000000715255737,0,0.0,0.0
2017-07-19 00:00:00-04:00,0.14000000059604645,0.20000000298023224,0.14000000059604645,0.1599999964237213,2400,0.0,0.0
2017-07-20 00:00:00-04:00,0.1599999964237213,0.1599999964237213,0.1599999964237213,0.1599999964237213,0,0.0,0.0
2017-07-21 00:00:00-04:00,0.19200000166893005,0.19200000166893005,0.19200000166893005,0.19200000166893005,1500,0.0,0.0
2017-07-24 00:00:00-04:00,0.20000000298023224,0.2720000147819519,0.18000000715255737,0.18000000715255737,7750,0.0,0.0
2017-07-25 00:00:00-04:00,0.18000000715255737,0.18000000715255737,0.18000000715255737,0.18000000715255737,500,0.0,0.0
2017-07-26 00:00:00-04:00,0.18000000715255737,0.18000000715255737,0.18000000715255737,0.18000000715255737,0,0.0,0.0
2017-07-27 00:00:00-04:00,0.18000000715255737,0.18000000715255737,0.18000000715255737,0.18000000715255737,1350,0.0,0.0
2017-07-28 00:00:00-04:00,0.2199999988079071,0.2199999988079071,0.2199999988079071,0.2199999988079071,2375,0.0,0.0
2017-07-31 00:00:00-04:00,0.2199999988079071,0.2199999988079071,0.2199999988079071,0.2199999988079071,0,0.0,0.0
2017-08-01 00:00:00-04:00,0.2199999988079071,0.2199999988079071,0.2199999988079071,0.2199999988079071,0,0.0,0.0
2017-08-02 00:00:00-04:00,0.2160000056028366,0.2160000056028366,0.20000000298023224,0.20000000298023224,375,0.0,0.0
2017-08-03 00:00:00-04:00,0.20000000298023224,0.20000000298023224,0.20000000298023224,0.20000000298023224,0,0.0,0.0
2017-08-04 00:00:00-04:00,0.20000000298023224,0.20000000298023224,0.20000000298023224,0.20000000298023224,0,0.0,0.0
2017-08-07 00:00:00-04:00,0.20399999618530273,0.20399999618530273,0.20399999618530273,0.20399999618530273,475,0.0,0.0
2017-08-08 00:00:00-04:00,0.20399999618530273,0.20399999618530273,0.20399999618530273,0.20399999618530273,0,0.0,0.0
2017-08-09 00:00:00-04:00,0.23199999332427979,0.23199999332427979,0.23199999332427979,0.23199999332427979,425,0.0,0.0
2017-08-10 00:00:00-04:00,0.23199999332427979,0.23199999332427979,0.23199999332427979,0.23199999332427979,0,0.0,0.0
2017-08-11 00:00:00-04:00,0.23600000143051147,0.23600000143051147,0.23600000143051147,0.23600000143051147,25,0.0,0.0
2017-08-14 00:00:00-04:00,0.23600000143051147,0.23600000143051147,0.23600000143051147,0.23600000143051147,100,0.0,0.0
2017-08-15 00:00:00-04:00,0.23600000143051147,0.23600000143051147,0.23600000143051147,0.23600000143051147,825,0.0,0.0
2017-08-16 00:00:00-04:00,0.23600000143051147,0.23600000143051147,0.23600000143051147,0.23600000143051147,0,0.0,0.0
2017-08-17 00:00:00-04:00,0.23600000143051147,0.23600000143051147,0.23600000143051147,0.23600000143051147,0,0.0,0.0
2017-08-18 00:00:00-04:00,0.23600000143051147,0.23600000143051147,0.23600000143051147,0.23600000143051147,0,0.0,0.0
2017-08-21 00:00:00-04:00,0.23600000143051147,0.23600000143051147,0.23600000143051147,0.23600000143051147,2500,0.0,0.0
2017-08-22 00:00:00-04:00,0.1599999964237213,0.1599999964237213,0.1599999964237213,0.1599999964237213,75,0.0,0.0
2017-08-23 00:00:00-04:00,0.20000000298023224,0.20000000298023224,0.20000000298023224,0.20000000298023224,1000,0.0,0.0
2017-08-24 00:00:00-04:00,0.20000000298023224,0.20000000298023224,0.20000000298023224,0.20000000298023224,0,0.0,0.0
2017-08-25 00:00:00-04:00,0.20000000298023224,0.20000000298023224,0.20000000298023224,0.20000000298023224,0,0.0,0.0
2017-08-28 00:00:00-04:00,0.20000000298023224,0.20000000298023224,0.20000000298023224,0.20000000298023224,0,0.0,0.0
2017-08-29 00:00:00-04:00,0.20000000298023224,0.20000000298023224,0.20000000298023224,0.20000000298023224,0,0.0,0.0
2017-08-30 00:00:00-04:00,0.20000000298023224,0.20000000298023224,0.20000000298023224,0.20000000298023224,0,0.0,0.0
2017-08-31 00:00:00-04:00,0.23600000143051147,0.23600000143051147,0.20000000298023224,0.20000000298023224,1250,0.0,0.0
2017-09-01 00:00:00-04:00,0.20000000298023224,0.20000000298023224,0.20000000298023224,0.20000000298023224,0,0.0,0.0
2017-09-05 00:00:00-04:00,0.20000000298023224,0.20000000298023224,0.20000000298023224,0.20000000298023224,0,0.0,0.0
2017-09-06 00:00:00-04:00,0.36000001430511475,0.9800000190734863,0.23999999463558197,0.6000000238418579,50775,0.0,0.0
2017-09-07 00:00:00-04:00,0.6000000238418579,0.6000000238418579,0.5199999809265137,0.6000000238418579,6125,0.0,0.0
2017-09-08 00:00:00-04:00,0.527999997138977,0.6000000238418579,0.5199999809265137,0.6000000238418579,3675,0.0,0.0
2017-09-11 00:00:00-04:00,0.6399999856948853,0.6399999856948853,0.6000000238418579,0.6000000238418579,3750,0.0,0.0
2017-09-12 00:00:00-04:00,0.6000000238418579,0.6000000238418579,0.5600000023841858,0.5600000023841858,1150,0.0,0.0
2017-09-13 00:00:00-04:00,0.5600000023841858,0.7599999904632568,0.5600000023841858,0.7599999904632568,1525,0.0,0.0
2017-09-14 00:00:00-04:00,0.7599999904632568,0.7599999904632568,0.5400000214576721,0.5400000214576721,1950,0.0,0.0
2017-09-15 00:00:00-04:00,0.5600000023841858,0.5600000023841858,0.5600000023841858,0.5600000023841858,500,0.0,0.0
2017-09-18 00:00:00-04:00,0.6079999804496765,0.6079999804496765,0.5640000104904175,0.5640000104904175,1225,0.0,0.0
2017-09-19 00:00:00-04:00,0.5640000104904175,0.5640000104904175,0.5640000104904175,0.5640000104904175,0,0.0,0.0
2017-09-20 00:00:00-04:00,0.5640000104904175,0.5640000104904175,0.5640000104904175,0.5640000104904175,0,0.0,0.0
2017-09-21 00:00:00-04:00,0.5640000104904175,0.5640000104904175,0.5640000104904175,0.5640000104904175,0,0.0,0.0
2017-09-22 00:00:00-04:00,0.5640000104904175,0.5640000104904175,0.5640000104904175,0.5640000104904175,0,0.0,0.0
2017-09-25 00:00:00-04:00,0.5759999752044678,0.7599999904632568,0.5759999752044678,0.5799999833106995,625,0.0,0.0
2017-09-26 00:00:00-04:00,0.5920000076293945,0.5920000076293945,0.5920000076293945,0.5920000076293945,250,0.0,0.0
2017-09-27 00:00:00-04:00,0.5920000076293945,0.5920000076293945,0.5920000076293945,0.5920000076293945,0,0.0,0.0
2017-09-28 00:00:00-04:00,0.5920000076293945,0.5920000076293945,0.5920000076293945,0.5920000076293945,100,0.0,0.0
2017-09-29 00:00:00-04:00,0.7599999904632568,0.7599999904632568,0.7599999904632568,0.7599999904632568,250,0.0,0.0
2017-10-02 00:00:00-04:00,0.7599999904632568,0.7599999904632568,0.7599999904632568,0.7599999904632568,0,0.0,0.0
2017-10-03 00:00:00-04:00,0.7599999904632568,0.7599999904632568,0.7599999904632568,0.7599999904632568,250,0.0,0.0
2017-10-04 00:00:00-04:00,0.7599999904632568,0.7599999904632568,0.7599999904632568,0.7599999904632568,0,0.0,0.0
2017-10-05 00:00:00-04:00,0.7599999904632568,0.7599999904632568,0.7599999904632568,0.7599999904632568,100,0.0,0.0
2017-10-06 00:00:00-04:00,0.7599999904632568,0.7599999904632568,0.7599999904632568,0.7599999904632568,0,0.0,0.0
2017-10-09 00:00:00-04:00,0.6000000238418579,0.7200000286102295,0.6000000238418579,0.7200000286102295,925,0.0,0.0
2017-10-10 00:00:00-04:00,0.7200000286102295,0.7200000286102295,0.7200000286102295,0.7200000286102295,0,0.0,0.0
2017-10-11 00:00:00-04:00,0.7200000286102295,0.7200000286102295,0.7200000286102295,0.7200000286102295,625,0.0,0.0
2017-10-12 00:00:00-04:00,0.7200000286102295,0.7200000286102295,0.7200000286102295,0.7200000286102295,175,0.0,0.0
2017-10-13 00:00:00-04:00,0.7599999904632568,0.7599999904632568,0.7599999904632568,0.7599999904632568,1025,0.0,0.0
2017-10-16 00:00:00-04:00,0.7200000286102295,0.7200000286102295,0.7200000286102295,0.7200000286102295,225,0.0,0.0
2017-10-17 00:00:00-04:00,0.7200000286102295,0.7200000286102295,0.7200000286102295,0.7200000286102295,375,0.0,0.0
2017-10-18 00:00:00-04:00,0.7200000286102295,0.7200000286102295,0.7200000286102295,0.7200000286102295,0,0.0,0.0
2017-10-19 00:00:00-04:00,0.7200000286102295,0.7200000286102295,0.7200000286102295,0.7200000286102295,1250,0.0,0.0
2017-10-20 00:00:00-04:00,0.6919999718666077,0.6919999718666077,0.6919999718666077,0.6919999718666077,1750,0.0,0.0
2017-10-23 00:00:00-04:00,0.6919999718666077,0.6919999718666077,0.6919999718666077,0.6919999718666077,0,0.0,0.0
2017-10-24 00:00:00-04:00,0.6000000238418579,0.6000000238418579,0.6000000238418579,0.6000000238418579,3100,0.0,0.0
2017-10-25 00:00:00-04:00,0.6000000238418579,0.6000000238418579,0.6000000238418579,0.6000000238418579,800,0.0,0.0
2017-10-26 00:00:00-04:00,0.7200000286102295,0.7200000286102295,0.6000000238418579,0.6000000238418579,2500,0.0,0.0
2017-10-27 00:00:00-04:00,0.6000000238418579,0.6000000238418579,0.6000000238418579,0.6000000238418579,1250,0.0,0.0
2017-10-30 00:00:00-04:00,0.6919999718666077,0.7200000286102295,0.6919999718666077,0.7200000286102295,2500,0.0,0.0
2017-10-31 00:00:00-04:00,0.7200000286102295,0.7200000286102295,0.7200000286102295,0.7200000286102295,650,0.0,0.0
2017-11-01 00:00:00-04:00,0.7200000286102295,0.7200000286102295,0.7200000286102295,0.7200000286102295,0,0.0,0.0
2017-11-02 00:00:00-04:00,0.7200000286102295,0.7200000286102295,0.7200000286102295,0.7200000286102295,0,0.0,0.0
2017-11-03 00:00:00-04:00,0.7200000286102295,0.7200000286102295,0.6919999718666077,0.7120000123977661,2025,0.0,0.0
2017-11-06 00:00:00-05:00,0.7120000123977661,0.7120000123977661,0.7120000123977661,0.7120000123977661,0,0.0,0.0
2017-11-07 00:00:00-05:00,0.7120000123977661,0.7120000123977661,0.7120000123977661,0.7120000123977661,0,0.0,0.0
2017-11-08 00:00:00-05:00,0.7120000123977661,0.7120000123977661,0.7120000123977661,0.7120000123977661,0,0.0,0.0
2017-11-09 00:00:00-05:00,0.6919999718666077,0.6919999718666077,0.6919999718666077,0.6919999718666077,325,0.0,0.0
2017-11-10 00:00:00-05:00,0.6919999718666077,0.6919999718666077,0.6919999718666077,0.6919999718666077,0,0.0,0.0
2017-11-13 00:00:00-05:00,0.6919999718666077,0.6919999718666077,0.6919999718666077,0.6919999718666077,0,0.0,0.0
2017-11-14 00:00:00-05:00,0.6000000238418579,0.6000000238418579,0.6000000238418579,0.6000000238418579,825,0.0,0.0
2017-11-15 00:00:00-05:00,0.6000000238418579,0.6000000238418579,0.6000000238418579,0.6000000238418579,0,0.0,0.0
2017-11-16 00:00:00-05:00,0.6000000238418579,0.6000000238418579,0.6000000238418579,0.6000000238418579,0,0.0,0.0
2017-11-17 00:00:00-05:00,0.6000000238418579,0.6000000238418579,0.6000000238418579,0.6000000238418579,0,0.0,0.0
2017-11-20 00:00:00-05:00,0.6000000238418579,0.6000000238418579,0.6000000238418579,0.6000000238418579,0,0.0,0.0
2017-11-21 00:00:00-05:00,0.6000000238418579,0.6000000238418579,0.6000000238418579,0.6000000238418579,0,0.0,0.0
2017-11-22 00:00:00-05:00,0.6000000238418579,0.6000000238418579,0.6000000238418579,0.6000000238418579,0,0.0,0.0
2017-11-24 00:00:00-05:00,0.6000000238418579,0.6000000238418579,0.6000000238418579,0.6000000238418579,0,0.0,0.0
2017-11-27 00:00:00-05:00,0.6000000238418579,0.6000000238418579,0.6000000238418579,0.6000000238418579,0,0.0,0.0
2017-11-28 00:00:00-05:00,0.6000000238418579,0.6000000238418579,0.6000000238418579,0.6000000238418579,0,0.0,0.0
2017-11-29 00:00:00-05:00,0.5199999809265137,0.5199999809265137,0.5199999809265137,0.5199999809265137,75,0.0,0.0
2017-11-30 00:00:00-05:00,0.7200000286102295,0.7200000286102295,0.7200000286102295,0.7200000286102295,100,0.0,0.0
2017-12-01 00:00:00-05:00,0.7200000286102295,0.7200000286102295,0.7200000286102295,0.7200000286102295,0,0.0,0.0
2017-12-04 00:00:00-05:00,0.7200000286102295,0.7200000286102295,0.7200000286102295,0.7200000286102295,0,0.0,0.0
2017-12-05 00:00:00-05:00,0.6759999990463257,0.6759999990463257,0.6759999990463257,0.6759999990463257,575,0.0,0.0
2017-12-06 00:00:00-05:00,0.6759999990463257,0.6759999990463257,0.6759999990463257,0.6759999990463257,0,0.0,0.0
2017-12-07 00:00:00-05:00,0.5199999809265137,0.5199999809265137,0.5199999809265137,0.5199999809265137,23475,0.0,0.0
2017-12-08 00:00:00-05:00,0.5199999809265137,0.5199999809265137,0.5199999809265137,0.5199999809265137,0,0.0,0.0
2017-12-11 00:00:00-05:00,0.5199999809265137,0.5199999809265137,0.5199999809265137,0.5199999809265137,925,0.0,0.0
2017-12-12 00:00:00-05:00,0.5199999809265137,0.5199999809265137,0.5199999809265137,0.5199999809265137,0,0.0,0.0
2017-12-13 00:00:00-05:00,0.5199999809265137,0.5199999809265137,0.5199999809265137,0.5199999809265137,0,0.0,0.0
2017-12-14 00:00:00-05:00,0.5680000185966492,0.5680000185966492,0.5680000185966492,0.5680000185966492,25,0.0,0.0
2017-12-15 00:00:00-05:00,0.5680000185966492,0.5680000185966492,0.5680000185966492,0.5680000185966492,0,0.0,0.0
2017-12-18 00:00:00-05:00,0.5199999809265137,0.5199999809265137,0.5199999809265137,0.5199999809265137,100,0.0,0.0
2017-12-19 00:00:00-05:00,0.5199999809265137,0.5199999809265137,0.5199999809265137,0.5199999809265137,0,0.0,0.0
2017-12-20 00:00:00-05:00,0.6200000047683716,0.6200000047683716,0.6200000047683716,0.6200000047683716,200,0.0,0.0
2017-12-21 00:00:00-05:00,0.6200000047683716,0.6200000047683716,0.6200000047683716,0.6200000047683716,0,0.0,0.0
2017-12-22 00:00:00-05:00,0.6000000238418579,0.6000000238418579,0.6000000238418579,0.6000000238418579,200,0.0,0.0
2017-12-26 00:00:00-05:00,0.7200000286102295,0.7200000286102295,0.6679999828338623,0.6679999828338623,1475,0.0,0.0
2017-12-27 00:00:00-05:00,0.6679999828338623,0.6679999828338623,0.6679999828338623,0.6679999828338623,0,0.0,0.0
2017-12-28 00:00:00-05:00,0.7160000205039978,1.0,0.6600000262260437,0.6600000262260437,15600,0.0,0.0
2017-12-29 00:00:00-05:00,0.6399999856948853,0.6399999856948853,0.4000000059604645,0.6320000290870667,14275,0.0,0.0
2018-01-02 00:00:00-05:00,0.6399999856948853,0.6399999856948853,0.4000000059604645,0.6399999856948853,600,0.0,0.0
2018-01-03 00:00:00-05:00,0.4399999976158142,0.6399999856948853,0.4399999976158142,0.6399999856948853,3725,0.0,0.0
2018-01-04 00:00:00-05:00,0.6399999856948853,0.6399999856948853,0.6399999856948853,0.6399999856948853,0,0.0,0.0
2018-01-05 00:00:00-05:00,0.6399999856948853,0.6399999856948853,0.6399999856948853,0.6399999856948853,0,0.0,0.0
2018-01-08 00:00:00-05:00,0.6399999856948853,0.6399999856948853,0.6399999856948853,0.6399999856948853,0,0.0,0.0
2018-01-09 00:00:00-05:00,1.1080000400543213,1.1080000400543213,1.1080000400543213,1.1080000400543213,250,0.0,0.0
2018-01-10 00:00:00-05:00,1.2000000476837158,1.2000000476837158,1.0,1.0,4650,0.0,0.0
2018-01-11 00:00:00-05:00,1.0,1.2000000476837158,1.0,1.0,3200,0.0,0.0
2018-01-12 00:00:00-05:00,0.800000011920929,0.800000011920929,0.800000011920929,0.800000011920929,500,0.0,0.0
2018-01-16 00:00:00-05:00,1.0800000429153442,1.0800000429153442,1.0800000429153442,1.0800000429153442,150,0.0,0.0
2018-01-17 00:00:00-05:00,1.0800000429153442,1.2000000476837158,1.0800000429153442,1.1360000371932983,2425,0.0,0.0
2018-01-18 00:00:00-05:00,1.1360000371932983,1.1360000371932983,1.1360000371932983,1.1360000371932983,0,0.0,0.0
2018-01-19 00:00:00-05:00,1.100000023841858,1.100000023841858,1.0399999618530273,1.0399999618530273,2375,0.0,0.0
2018-01-22 00:00:00-05:00,1.0,1.0399999618530273,1.0,1.0399999618530273,1525,0.0,0.0
2018-01-23 00:00:00-05:00,1.0959999561309814,1.2000000476837158,1.0959999561309814,1.2000000476837158,1875,0.0,0.0
2018-01-24 00:00:00-05:00,1.2000000476837158,1.2000000476837158,1.159999966621399,1.159999966621399,1875,0.0,0.0
2018-01-25 00:00:00-05:00,1.159999966621399,1.159999966621399,1.159999966621399,1.159999966621399,0,0.0,0.0
2018-01-26 00:00:00-05:00,1.1200000047683716,1.1519999504089355,1.1200000047683716,1.1519999504089355,1250,0.0,0.0
2018-01-29 00:00:00-05:00,1.159999966621399,1.159999966621399,1.159999966621399,1.159999966621399,175,0.0,0.0
2018-01-30 00:00:00-05:00,1.159999966621399,1.159999966621399,1.159999966621399,1.159999966621399,0,0.0,0.0
2018-01-31 00:00:00-05:00,1.159999966621399,1.159999966621399,0.8799999952316284,0.8799999952316284,2875,0.0,0.0
2018-02-01 00:00:00-05:00,1.1200000047683716,1.1200000047683716,0.8920000195503235,0.8920000195503235,1850,0.0,0.0
2018-02-02 00:00:00-05:00,1.0399999618530273,1.0399999618530273,0.7799999713897705,0.7799999713897705,3175,0.0,0.0
2018-02-05 00:00:00-05:00,0.7799999713897705,0.800000011920929,0.7799999713897705,0.800000011920929,750,0.0,0.0
2018-02-06 00:00:00-05:00,0.800000011920929,0.800000011920929,0.800000011920929,0.800000011920929,0,0.0,0.0
2018-02-07 00:00:00-05:00,0.9800000190734863,0.9959999918937683,0.9800000190734863,0.9959999918937683,1875,0.0,0.0
2018-02-08 00:00:00-05:00,0.9959999918937683,0.9959999918937683,0.9959999918937683,0.9959999918937683,0,0.0,0.0
2018-02-09 00:00:00-05:00,0.9599999785423279,1.0,0.9599999785423279,1.0,1250,0.0,0.0
2018-02-12 00:00:00-05:00,1.0,1.0,1.0,1.0,0,0.0,0.0
2018-02-13 00:00:00-05:00,1.0,1.0,1.0,1.0,0,0.0,0.0
2018-02-14 00:00:00-05:00,1.0,1.0,1.0,1.0,1875,0.0,0.0
2018-02-15 00:00:00-05:00,0.800000011920929,0.800000011920929,0.800000011920929,0.800000011920929,625,0.0,0.0
2018-02-16 00:00:00-05:00,0.8399999737739563,0.8399999737739563,0.8080000281333923,0.8080000281333923,3875,0.0,0.0
2018-02-20 00:00:00-05:00,0.8080000281333923,0.8080000281333923,0.8080000281333923,0.8080000281333923,0,0.0,0.0
2018-02-21 00:00:00-05:00,0.8080000281333923,0.8080000281333923,0.8080000281333923,0.8080000281333923,0,0.0,0.0
2018-02-22 00:00:00-05:00,0.8080000281333923,0.8080000281333923,0.8080000281333923,0.8080000281333923,7225,0.0,0.0
2018-02-23 00:00:00-05:00,0.7599999904632568,0.7599999904632568,0.7599999904632568,0.7599999904632568,125,0.0,0.0
2018-02-26 00:00:00-05:00,0.6800000071525574,0.6800000071525574,0.6800000071525574,0.6800000071525574,100,0.0,0.0
2018-02-27 00:00:00-05:00,0.6399999856948853,0.6399999856948853,0.5600000023841858,0.5600000023841858,275,0.0,0.0
2018-02-28 00:00:00-05:00,0.5600000023841858,0.5600000023841858,0.5600000023841858,0.5600000023841858,0,0.0,0.0
2018-03-01 00:00:00-05:00,0.5600000023841858,0.5600000023841858,0.5600000023841858,0.5600000023841858,0,0.0,0.0
2018-03-02 00:00:00-05:00,0.5600000023841858,0.5600000023841858,0.5600000023841858,0.5600000023841858,0,0.0,0.0
2018-03-05 00:00:00-05:00,0.5600000023841858,0.5600000023841858,0.5600000023841858,0.5600000023841858,0,0.0,0.0
2018-03-06 00:00:00-05:00,0.5600000023841858,0.5600000023841858,0.5600000023841858,0.5600000023841858,0,0.0,0.0
2018-03-07 00:00:00-05:00,0.5600000023841858,0.5600000023841858,0.5600000023841858,0.5600000023841858,0,0.0,0.0
2018-03-08 00:00:00-05:00,0.5600000023841858,0.5600000023841858,0.5600000023841858,0.5600000023841858,0,0.0,0.0
2018-03-09 00:00:00-05:00,0.5600000023841858,0.5600000023841858,0.5600000023841858,0.5600000023841858,0,0.0,0.0
2018-03-12 00:00:00-04:00,0.5600000023841858,0.5600000023841858,0.5600000023841858,0.5600000023841858,0,0.0,0.0
2018-03-13 00:00:00-04:00,0.5600000023841858,0.5600000023841858,0.5600000023841858,0.5600000023841858,0,0.0,0.0
2018-03-14 00:00:00-04:00,0.5600000023841858,0.5600000023841858,0.5600000023841858,0.5600000023841858,0,0.0,0.0
2018-03-15 00:00:00-04:00,0.5600000023841858,0.5600000023841858,0.5600000023841858,0.5600000023841858,0,0.0,0.0
2018-03-16 00:00:00-04:00,0.5600000023841858,0.5600000023841858,0.5600000023841858,0.5600000023841858,0,0.0,0.0
2018-03-19 00:00:00-04:00,0.5600000023841858,0.5600000023841858,0.5600000023841858,0.5600000023841858,0,0.0,0.0
2018-03-20 00:00:00-04:00,0.5600000023841858,0.5600000023841858,0.5600000023841858,0.5600000023841858,0,0.0,0.0
2018-03-21 00:00:00-04:00,0.5600000023841858,0.5600000023841858,0.5600000023841858,0.5600000023841858,0,0.0,0.0
2018-03-22 00:00:00-04:00,0.5600000023841858,0.5600000023841858,0.5600000023841858,0.5600000023841858,0,0.0,0.0
2018-03-23 00:00:00-04:00,0.5600000023841858,0.5600000023841858,0.5600000023841858,0.5600000023841858,0,0.0,0.0
2018-03-26 00:00:00-04:00,0.5600000023841858,0.5600000023841858,0.5600000023841858,0.5600000023841858,0,0.0,0.0
2018-03-27 00:00:00-04:00,0.5600000023841858,0.5600000023841858,0.5600000023841858,0.5600000023841858,0,0.0,0.0
2018-03-28 00:00:00-04:00,0.5600000023841858,0.5600000023841858,0.5600000023841858,0.5600000023841858,0,0.0,0.0
2018-03-29 00:00:00-04:00,0.5600000023841858,0.5600000023841858,0.5600000023841858,0.5600000023841858,0,0.0,0.0
2018-04-02 00:00:00-04:00,0.5600000023841858,0.5600000023841858,0.5600000023841858,0.5600000023841858,0,0.0,0.0
2018-04-03 00:00:00-04:00,0.5600000023841858,0.5600000023841858,0.5600000023841858,0.5600000023841858,150,0.0,0.0
2018-04-04 00:00:00-04:00,0.5600000023841858,0.5600000023841858,0.5600000023841858,0.5600000023841858,0,0.0,0.0
2018-04-05 00:00:00-04:00,0.5600000023841858,0.5600000023841858,0.5600000023841858,0.5600000023841858,150,0.0,0.0
2018-04-06 00:00:00-04:00,0.5600000023841858,0.5600000023841858,0.5600000023841858,0.5600000023841858,0,0.0,0.0
2018-04-09 00:00:00-04:00,0.5600000023841858,0.5600000023841858,0.5600000023841858,0.5600000023841858,0,0.0,0.0
2018-04-10 00:00:00-04:00,0.5600000023841858,0.5600000023841858,0.5199999809265137,0.5199999809265137,1000,0.0,0.0
2018-04-11 00:00:00-04:00,0.5199999809265137,0.5199999809265137,0.5199999809265137,0.5199999809265137,0,0.0,0.0
2018-04-12 00:00:00-04:00,0.5199999809265137,0.5199999809265137,0.5199999809265137,0.5199999809265137,650,0.0,0.0
2018-04-13 00:00:00-04:00,0.5199999809265137,0.5199999809265137,0.5199999809265137,0.5199999809265137,0,0.0,0.0
2018-04-16 00:00:00-04:00,0.5239999890327454,0.5239999890327454,0.5239999890327454,0.5239999890327454,1050,0.0,0.0
2018-04-17 00:00:00-04:00,0.5239999890327454,0.5239999890327454,0.5239999890327454,0.5239999890327454,0,0.0,0.0
2018-04-18 00:00:00-04:00,0.5239999890327454,0.5239999890327454,0.5239999890327454,0.5239999890327454,0,0.0,0.0
2018-04-19 00:00:00-04:00,0.5239999890327454,0.5239999890327454,0.5239999890327454,0.5239999890327454,0,0.0,0.0
2018-04-20 00:00:00-04:00,0.5239999890327454,0.5239999890327454,0.5239999890327454,0.5239999890327454,0,0.0,0.0
2018-04-23 00:00:00-04:00,0.5199999809265137,0.5199999809265137,0.5199999809265137,0.5199999809265137,50,0.0,0.0
2018-04-24 00:00:00-04:00,0.5199999809265137,0.5199999809265137,0.5199999809265137,0.5199999809265137,0,0.0,0.0
2018-04-25 00:00:00-04:00,0.5199999809265137,0.5199999809265137,0.5199999809265137,0.5199999809265137,0,0.0,0.0
2018-04-26 00:00:00-04:00,0.5199999809265137,0.5199999809265137,0.5199999809265137,0.5199999809265137,0,0.0,0.0
2018-04-27 00:00:00-04:00,0.800000011920929,0.800000011920929,0.800000011920929,0.800000011920929,250,0.0,0.0
2018-04-30 00:00:00-04:00,0.800000011920929,0.800000011920929,0.800000011920929,0.800000011920929,0,0.0,0.0
2018-05-01 00:00:00-04:00,0.800000011920929,0.800000011920929,0.800000011920929,0.800000011920929,0,0.0,0.0
2018-05-02 00:00:00-04:00,0.800000011920929,0.800000011920929,0.800000011920929,0.800000011920929,0,0.0,0.0
2018-05-03 00:00:00-04:00,0.800000011920929,0.800000011920929,0.800000011920929,0.800000011920929,0,0.0,0.0
2018-05-04 00:00:00-04:00,0.800000011920929,0.800000011920929,0.800000011920929,0.800000011920929,0,0.0,0.0
2018-05-07 00:00:00-04:00,0.800000011920929,0.800000011920929,0.800000011920929,0.800000011920929,0,0.0,0.0
2018-05-08 00:00:00-04:00,0.800000011920929,0.800000011920929,0.800000011920929,0.800000011920929,0,0.0,0.0
2018-05-09 00:00:00-04:00,0.800000011920929,0.800000011920929,0.800000011920929,0.800000011920929,0,0.0,0.0
2018-05-10 00:00:00-04:00,0.800000011920929,0.800000011920929,0.800000011920929,0.800000011920929,0,0.0,0.0
2018-05-11 00:00:00-04:00,0.800000011920929,0.800000011920929,0.800000011920929,0.800000011920929,0,0.0,0.0
2018-05-14 00:00:00-04:00,0.800000011920929,0.800000011920929,0.800000011920929,0.800000011920929,0,0.0,0.0
2018-05-15 00:00:00-04:00,0.5199999809265137,0.5199999809265137,0.5199999809265137,0.5199999809265137,1325,0.0,0.0
2018-05-16 00:00:00-04:00,0.5199999809265137,0.5199999809265137,0.5199999809265137,0.5199999809265137,0,0.0,0.0
2018-05-17 00:00:00-04:00,1.0,1.0,1.0,1.0,125,0.0,0.0
2018-05-18 00:00:00-04:00,1.0,1.0,1.0,1.0,0,0.0,0.0
2018-05-21 00:00:00-04:00,1.0,1.0,1.0,1.0,0,0.0,0.0
2018-05-22 00:00:00-04:00,0.5199999809265137,0.5199999809265137,0.4399999976158142,0.4399999976158142,19025,0.0,0.0
2018-05-23 00:00:00-04:00,0.4399999976158142,0.4399999976158142,0.4399999976158142,0.4399999976158142,0,0.0,0.0
2018-05-24 00:00:00-04:00,1.0,1.0,1.0,1.0,125,0.0,0.0
2018-05-25 00:00:00-04:00,1.0,1.0,1.0,1.0,0,0.0,0.0
2018-05-29 00:00:00-04:00,1.0,1.0,1.0,1.0,0,0.0,0.0
2018-05-30 00:00:00-04:00,1.0,1.0,1.0,1.0,0,0.0,0.0
2018-05-31 00:00:00-04:00,1.0,1.0,1.0,1.0,0,0.0,0.0
2018-06-01 00:00:00-04:00,1.0,1.0,1.0,1.0,125,0.0,0.0
2018-06-04 00:00:00-04:00,1.0,1.0,1.0,1.0,25,0.0,0.0
2018-06-05 00:00:00-04:00,0.5199999809265137,0.5199999809265137,0.4399999976158142,0.4399999976158142,2250,0.0,0.0
2018-06-06 00:00:00-04:00,0.4399999976158142,0.4399999976158142,0.4399999976158142,0.4399999976158142,0,0.0,0.0
2018-06-07 00:00:00-04:00,0.4399999976158142,0.4399999976158142,0.4399999976158142,0.4399999976158142,0,0.0,0.0
2018-06-08 00:00:00-04:00,0.4399999976158142,0.4399999976158142,0.4399999976158142,0.4399999976158142,0,0.0,0.0
2018-06-11 00:00:00-04:00,0.4399999976158142,0.4399999976158142,0.4399999976158142,0.4399999976158142,0,0.0,0.0
2018-06-12 00:00:00-04:00,0.6000000238418579,0.6000000238418579,0.6000000238418579,0.6000000238418579,3000,0.0,0.0
2018-06-13 00:00:00-04:00,0.6000000238418579,0.6000000238418579,0.6000000238418579,0.6000000238418579,25,0.0,0.0
2018-06-14 00:00:00-04:00,0.47999998927116394,0.6000000238418579,0.47999998927116394,0.6000000238418579,6775,0.0,0.0
2018-06-15 00:00:00-04:00,0.6000000238418579,0.6000000238418579,0.6000000238418579,0.6000000238418579,0,0.0,0.0
2018-06-18 00:00:00-04:00,0.800000011920929,0.800000011920929,0.800000011920929,0.800000011920929,625,0.0,0.0
2018-06-19 00:00:00-04:00,0.800000011920929,0.800000011920929,0.800000011920929,0.800000011920929,0,0.0,0.0
2018-06-20 00:00:00-04:00,0.800000011920929,0.800000011920929,0.800000011920929,0.800000011920929,0,0.0,0.0
2018-06-21 00:00:00-04:00,0.800000011920929,0.800000011920929,0.800000011920929,0.800000011920929,625,0.0,0.0
2018-06-22 00:00:00-04:00,0.5600000023841858,0.5600000023841858,0.5600000023841858,0.5600000023841858,125,0.0,0.0
2018-06-25 00:00:00-04:00,1.0,1.0,1.0,1.0,125,0.0,0.0
2018-06-26 00:00:00-04:00,1.0,1.0,1.0,1.0,0,0.0,0.0
2018-06-27 00:00:00-04:00,0.7200000286102295,0.7200000286102295,0.7200000286102295,0.7200000286102295,1250,0.0,0.0
2018-06-28 00:00:00-04:00,0.7200000286102295,0.7200000286102295,0.7200000286102295,0.7200000286102295,0,0.0,0.0
2018-06-29 00:00:00-04:00,0.9200000166893005,0.9200000166893005,0.9200000166893005,0.9200000166893005,375,0.0,0.0
2018-07-02 00:00:00-04:00,0.9200000166893005,0.9200000166893005,0.9200000166893005,0.9200000166893005,0,0.0,0.0
2018-07-03 00:00:00-04:00,0.9200000166893005,0.9200000166893005,0.9200000166893005,0.9200000166893005,0,0.0,0.0
2018-07-05 00:00:00-04:00,0.9200000166893005,0.9200000166893005,0.9200000166893005,0.9200000166893005,0,0.0,0.0
2018-07-06 00:00:00-04:00,0.9200000166893005,0.9200000166893005,0.9200000166893005,0.9200000166893005,0,0.0,0.0
2018-07-09 00:00:00-04:00,0.9200000166893005,0.9200000166893005,0.9200000166893005,0.9200000166893005,0,0.0,0.0
2018-07-10 00:00:00-04:00,0.9200000166893005,0.9200000166893005,0.9200000166893005,0.9200000166893005,100,0.0,0.0
2018-07-11 00:00:00-04:00,0.9200000166893005,0.9200000166893005,0.9200000166893005,0.9200000166893005,0,0.0,0.0
2018-07-12 00:00:00-04:00,0.6000000238418579,0.800000011920929,0.6000000238418579,0.800000011920929,375,0.0,0.0
2018-07-13 00:00:00-04:00,0.800000011920929,0.800000011920929,0.800000011920929,0.800000011920929,0,0.0,0.0
2018-07-16 00:00:00-04:00,0.5199999809265137,0.800000011920929,0.5199999809265137,0.800000011920929,1425,0.0,0.0
2018-07-17 00:00:00-04:00,0.800000011920929,0.800000011920929,0.800000011920929,0.800000011920929,0,0.0,0.0
2018-07-18 00:00:00-04:00,0.800000011920929,0.800000011920929,0.800000011920929,0.800000011920929,0,0.0,0.0
2018-07-19 00:00:00-04:00,0.800000011920929,0.800000011920929,0.800000011920929,0.800000011920929,0,0.0,0.0
2018-07-20 00:00:00-04:00,0.800000011920929,0.800000011920929,0.800000011920929,0.800000011920929,2175,0.0,0.0
2018-07-23 00:00:00-04:00,0.8799999952316284,0.9200000166893005,0.8799999952316284,0.9200000166893005,3475,0.0,0.0
2018-07-24 00:00:00-04:00,1.0,1.0,1.0,1.0,625,0.0,0.0
2018-07-25 00:00:00-04:00,1.0,1.1759999990463257,0.9599999785423279,1.1759999990463257,8975,0.0,0.0
2018-07-26 00:00:00-04:00,1.2000000476837158,1.2000000476837158,1.2000000476837158,1.2000000476837158,75,0.0,0.0
2018-07-27 00:00:00-04:00,1.0,1.0,1.0,1.0,625,0.0,0.0
2018-07-30 00:00:00-04:00,1.0399999618530273,1.2000000476837158,0.8880000114440918,1.2000000476837158,5150,0.0,0.0
2018-07-31 00:00:00-04:00,1.2000000476837158,1.2000000476837158,1.2000000476837158,1.2000000476837158,0,0.0,0.0
2018-08-01 00:00:00-04:00,1.2000000476837158,1.2000000476837158,1.2000000476837158,1.2000000476837158,0,0.0,0.0
2018-08-02 00:00:00-04:00,1.2000000476837158,1.2000000476837158,1.2000000476837158,1.2000000476837158,0,0.0,0.0
2018-08-03 00:00:00-04:00,1.2000000476837158,1.2000000476837158,1.2000000476837158,1.2000000476837158,0,0.0,0.0
2018-08-06 00:00:00-04:00,1.2000000476837158,1.2000000476837158,1.2000000476837158,1.2000000476837158,0,0.0,0.0
2018-08-07 00:00:00-04:00,1.0800000429153442,1.0800000429153442,1.0800000429153442,1.0800000429153442,200,0.0,0.0
2018-08-08 00:00:00-04:00,1.0800000429153442,1.1200000047683716,1.0800000429153442,1.1200000047683716,1300,0.0,0.0
2018-08-09 00:00:00-04:00,1.1200000047683716,1.600000023841858,1.1200000047683716,1.600000023841858,4200,0.0,0.0
2018-08-10 00:00:00-04:00,1.4800000190734863,1.4800000190734863,1.2400000095367432,1.2400000095367432,250,0.0,0.0
2018-08-13 00:00:00-04:00,1.2400000095367432,1.2400000095367432,1.2400000095367432,1.2400000095367432,2525,0.0,0.0
2018-08-14 00:00:00-04:00,1.3200000524520874,1.3200000524520874,1.3200000524520874,1.3200000524520874,225,0.0,0.0
2018-08-15 00:00:00-04:00,1.3200000524520874,1.3200000524520874,1.2799999713897705,1.2799999713897705,375,0.0,0.0
2018-08-16 00:00:00-04:00,1.0800000429153442,1.0800000429153442,1.0800000429153442,1.0800000429153442,100,0.0,0.0
2018-08-17 00:00:00-04:00,1.0800000429153442,1.0800000429153442,1.0800000429153442,1.0800000429153442,550,0.0,0.0
2018-08-20 00:00:00-04:00,1.0800000429153442,1.0800000429153442,1.0800000429153442,1.0800000429153442,0,0.0,0.0
2018-08-21 00:00:00-04:00,0.8399999737739563,0.8399999737739563,0.8399999737739563,0.8399999737739563,250,0.0,0.0
2018-08-22 00:00:00-04:00,0.800000011920929,0.800000011920929,0.6399999856948853,0.6399999856948853,3050,0.0,0.0
2018-08-23 00:00:00-04:00,1.0,1.159999966621399,1.0,1.0800000429153442,20325,0.0,0.0
2018-08-24 00:00:00-04:00,1.0800000429153442,1.0800000429153442,1.0800000429153442,1.0800000429153442,0,0.0,0.0
2018-08-27 00:00:00-04:00,1.0800000429153442,1.0800000429153442,1.0800000429153442,1.0800000429153442,25,0.0,0.0
2018-08-28 00:00:00-04:00,0.800000011920929,1.0,0.800000011920929,1.0,725,0.0,0.0
2018-08-29 00:00:00-04:00,1.0,1.0,1.0,1.0,0,0.0,0.0
2018-08-30 00:00:00-04:00,0.7599999904632568,1.0,0.7599999904632568,1.0,150,0.0,0.0
2018-08-31 00:00:00-04:00,1.0,1.0,1.0,1.0,0,0.0,0.0
2018-09-04 00:00:00-04:00,1.0,1.0,1.0,1.0,0,0.0,0.0
2018-09-05 00:00:00-04:00,1.0,1.0,1.0,1.0,0,0.0,0.0
2018-09-06 00:00:00-04:00,1.0,1.0,1.0,1.0,150,0.0,0.0
2018-09-07 00:00:00-04:00,1.0,1.0,1.0,1.0,0,0.0,0.0
2018-09-10 00:00:00-04:00,1.0,1.0,1.0,1.0,0,0.0,0.0
2018-09-11 00:00:00-04:00,0.7599999904632568,0.7599999904632568,0.7599999904632568,0.7599999904632568,100,0.0,0.0
2018-09-12 00:00:00-04:00,1.0,1.0,0.8799999952316284,1.0,250,0.0,0.0
2018-09-13 00:00:00-04:00,1.0,1.0,1.0,1.0,0,0.0,0.0
2018-09-14 00:00:00-04:00,1.0,1.0,1.0,1.0,0,0.0,0.0
2018-09-17 00:00:00-04:00,1.0,1.0,1.0,1.0,0,0.0,0.0
2018-09-18 00:00:00-04:00,1.0,1.0,1.0,1.0,0,0.0,0.0
2018-09-19 00:00:00-04:00,1.0,1.0,1.0,1.0,0,0.0,0.0
2018-09-20 00:00:00-04:00,1.0,1.0,1.0,1.0,0,0.0,0.0
2018-09-21 00:00:00-04:00,1.0,1.0,0.9599999785423279,0.9599999785423279,3150,0.0,0.0
2018-09-24 00:00:00-04:00,1.0,1.0,0.6000000238418579,0.6000000238418579,2425,0.0,0.0
2018-09-25 00:00:00-04:00,0.6800000071525574,0.6800000071525574,0.6800000071525574,0.6800000071525574,925,0.0,0.0
2018-09-26 00:00:00-04:00,1.0,1.0,0.8080000281333923,0.9200000166893005,2175,0.0,0.0
2018-09-27 00:00:00-04:00,0.9200000166893005,0.9200000166893005,0.9200000166893005,0.9200000166893005,0,0.0,0.0
2018-09-28 00:00:00-04:00,1.0,1.0,0.9800000190734863,1.0,7900,0.0,0.0
2018-10-01 00:00:00-04:00,1.0,1.0,1.0,1.0,0,0.0,0.0
2018-10-02 00:00:00-04:00,1.0,1.0,1.0,1.0,0,0.0,0.0
2018-10-03 00:00:00-04:00,0.800000011920929,0.800000011920929,0.800000011920929,0.800000011920929,375,0.0,0.0
2018-10-04 00:00:00-04:00,0.800000011920929,0.800000011920929,0.800000011920929,0.800000011920929,50,0.0,0.0
2018-10-05 00:00:00-04:00,0.800000011920929,0.800000011920929,0.800000011920929,0.800000011920929,375,0.0,0.0
2018-10-08 00:00:00-04:00,0.800000011920929,0.800000011920929,0.800000011920929,0.800000011920929,0,0.0,0.0
2018-10-09 00:00:00-04:00,0.800000011920929,0.800000011920929,0.800000011920929,0.800000011920929,0,0.0,0.0
2018-10-10 00:00:00-04:00,0.800000011920929,0.800000011920929,0.7960000038146973,0.800000011920929,7600,0.0,0.0
2018-10-11 00:00:00-04:00,0.800000011920929,0.8399999737739563,0.800000011920929,0.8399999737739563,3400,0.0,0.0
2018-10-12 00:00:00-04:00,0.9599999785423279,0.9599999785423279,0.8799999952316284,0.8799999952316284,5475,0.0,0.0
2018-10-15 00:00:00-04:00,0.8799999952316284,0.8799999952316284,0.8799999952316284,0.8799999952316284,0,0.0,0.0
2018-10-16 00:00:00-04:00,0.8880000114440918,0.9800000190734863,0.8880000114440918,0.9800000190734863,3000,0.0,0.0
2018-10-17 00:00:00-04:00,0.9200000166893005,0.9599999785423279,0.8799999952316284,0.8799999952316284,14575,0.0,0.0
2018-10-18 00:00:00-04:00,0.8799999952316284,0.8799999952316284,0.8799999952316284,0.8799999952316284,0,0.0,0.0
2018-10-19 00:00:00-04:00,0.8799999952316284,0.8799999952316284,0.8799999952316284,0.8799999952316284,825,0.0,0.0
2018-10-22 00:00:00-04:00,0.8799999952316284,0.8799999952316284,0.8799999952316284,0.8799999952316284,0,0.0,0.0
2018-10-23 00:00:00-04:00,0.8799999952316284,0.8799999952316284,0.8799999952316284,0.8799999952316284,0,0.0,0.0
2018-10-24 00:00:00-04:00,0.8799999952316284,0.8799999952316284,0.8799999952316284,0.8799999952316284,0,0.0,0.0
2018-10-25 00:00:00-04:00,0.9599999785423279,0.9599999785423279,0.9599999785423279,0.9599999785423279,125,0.0,0.0
2018-10-26 00:00:00-04:00,0.9599999785423279,0.9599999785423279,0.9599999785423279,0.9599999785423279,0,0.0,0.0
2018-10-29 00:00:00-04:00,0.9599999785423279,0.9599999785423279,0.9599999785423279,0.9599999785423279,0,0.0,0.0
2018-10-30 00:00:00-04:00,0.9599999785423279,0.9599999785423279,0.9599999785423279,0.9599999785423279,0,0.0,0.0
2018-10-31 00:00:00-04:00,0.9599999785423279,0.9599999785423279,0.9599999785423279,0.9599999785423279,0,0.0,0.0
2018-11-01 00:00:00-04:00,0.9399999976158142,0.9399999976158142,0.9200000166893005,0.9200000166893005,1875,0.0,0.0
2018-11-02 00:00:00-04:00,0.9399999976158142,0.9599999785423279,0.7200000286102295,0.8519999980926514,1800,0.0,0.0
2018-11-05 00:00:00-05:00,0.9800000190734863,0.9800000190734863,0.7639999985694885,0.7639999985694885,775,0.0,0.0
2018-11-06 00:00:00-05:00,0.9800000190734863,0.9800000190734863,0.9800000190734863,0.9800000190734863,250,0.0,0.0
2018-11-07 00:00:00-05:00,0.9800000190734863,0.9800000190734863,0.9800000190734863,0.9800000190734863,0,0.0,0.0
2018-11-08 00:00:00-05:00,0.7599999904632568,0.7599999904632568,0.7599999904632568,0.7599999904632568,450,0.0,0.0
2018-11-09 00:00:00-05:00,0.7599999904632568,0.7599999904632568,0.7599999904632568,0.7599999904632568,0,0.0,0.0
2018-11-12 00:00:00-05:00,0.9800000190734863,0.9800000190734863,0.9800000190734863,0.9800000190734863,125,0.0,0.0
2018-11-13 00:00:00-05:00,0.7599999904632568,0.7599999904632568,0.7599999904632568,0.7599999904632568,425,0.0,0.0
2018-11-14 00:00:00-05:00,0.7599999904632568,0.7599999904632568,0.7599999904632568,0.7599999904632568,0,0.0,0.0
2018-11-15 00:00:00-05:00,0.7599999904632568,0.7599999904632568,0.7599999904632568,0.7599999904632568,0,0.0,0.0
2018-11-16 00:00:00-05:00,0.7599999904632568,0.7599999904632568,0.7200000286102295,0.7239999771118164,5000,0.0,0.0
2018-11-19 00:00:00-05:00,0.6000000238418579,0.6000000238418579,0.6000000238418579,0.6000000238418579,50,0.0,0.0
2018-11-20 00:00:00-05:00,0.6000000238418579,0.6000000238418579,0.6000000238418579,0.6000000238418579,3500,0.0,0.0
2018-11-21 00:00:00-05:00,0.6000000238418579,0.6000000238418579,0.6000000238418579,0.6000000238418579,0,0.0,0.0
2018-11-23 00:00:00-05:00,0.6000000238418579,0.6000000238418579,0.6000000238418579,0.6000000238418579,0,0.0,0.0
2018-11-26 00:00:00-05:00,0.9599999785423279,0.9599999785423279,0.9599999785423279,0.9599999785423279,50,0.0,0.0
2018-11-27 00:00:00-05:00,0.9599999785423279,0.9599999785423279,0.9599999785423279,0.9599999785423279,0,0.0,0.0
2018-11-28 00:00:00-05:00,0.5600000023841858,0.8799999952316284,0.5600000023841858,0.8799999952316284,8750,0.0,0.0
2018-11-29 00:00:00-05:00,0.8799999952316284,0.8799999952316284,0.8799999952316284,0.8799999952316284,0,0.0,0.0
2018-11-30 00:00:00-05:00,0.9200000166893005,1.0,0.9200000166893005,1.0,50,0.0,0.0
2018-12-03 00:00:00-05:00,0.800000011920929,1.0,0.6000000238418579,0.6000000238418579,950,0.0,0.0
2018-12-04 00:00:00-05:00,0.6000000238418579,0.6000000238418579,0.6000000238418579,0.6000000238418579,0,0.0,0.0
2018-12-06 00:00:00-05:00,0.6000000238418579,0.6000000238418579,0.6000000238418579,0.6000000238418579,0,0.0,0.0
2018-12-07 00:00:00-05:00,0.800000011920929,1.0,0.800000011920929,1.0,50,0.0,0.0
2018-12-10 00:00:00-05:00,1.0,1.0,1.0,1.0,0,0.0,0.0
2018-12-11 00:00:00-05:00,1.0,1.0,1.0,1.0,0,0.0,0.0
2018-12-12 00:00:00-05:00,1.0,1.0,1.0,1.0,0,0.0,0.0
2018-12-13 00:00:00-05:00,1.0,1.0,1.0,1.0,0,0.0,0.0
2018-12-14 00:00:00-05:00,1.0,1.0,1.0,1.0,0,0.0,0.0
2018-12-17 00:00:00-05:00,0.6000000238418579,0.6000000238418579,0.6000000238418579,0.6000000238418579,1250,0.0,0.0
2018-12-18 00:00:00-05:00,0.800000011920929,0.800000011920929,0.800000011920929,0.800000011920929,25,0.0,0.0
2018-12-19 00:00:00-05:00,0.6000000238418579,0.6000000238418579,0.6000000238418579,0.6000000238418579,7500,0.0,0.0
2018-12-20 00:00:00-05:00,0.4000000059604645,0.4000000059604645,0.4000000059604645,0.4000000059604645,825,0.0,0.0
2018-12-21 00:00:00-05:00,0.7599999904632568,0.800000011920929,0.7599999904632568,0.800000011920929,50,0.0,0.0
2018-12-24 00:00:00-05:00,0.7200000286102295,0.7200000286102295,0.7200000286102295,0.7200000286102295,100,0.0,0.0
2018-12-26 00:00:00-05:00,0.7200000286102295,0.7200000286102295,0.7200000286102295,0.7200000286102295,0,0.0,0.0
2018-12-27 00:00:00-05:00,0.7200000286102295,0.7200000286102295,0.7200000286102295,0.7200000286102295,0,0.0,0.0
2018-12-28 00:00:00-05:00,0.7200000286102295,0.7200000286102295,0.7200000286102295,0.7200000286102295,0,0.0,0.0
2018-12-31 00:00:00-05:00,0.7200000286102295,0.7200000286102295,0.7200000286102295,0.7200000286102295,0,0.0,0.0
2019-01-02 00:00:00-05:00,0.7200000286102295,0.7200000286102295,0.7200000286102295,0.7200000286102295,0,0.0,0.0
2019-01-03 00:00:00-05:00,0.6000000238418579,0.6000000238418579,0.5960000157356262,0.5960000157356262,625,0.0,0.0
2019-01-04 00:00:00-05:00,0.5960000157356262,0.5960000157356262,0.5960000157356262,0.5960000157356262,0,0.0,0.0
2019-01-07 00:00:00-05:00,0.5960000157356262,0.5960000157356262,0.5960000157356262,0.5960000157356262,0,0.0,0.0
2019-01-08 00:00:00-05:00,0.5960000157356262,0.5960000157356262,0.5960000157356262,0.5960000157356262,0,0.0,0.0
2019-01-09 00:00:00-05:00,0.5960000157356262,0.5960000157356262,0.5960000157356262,0.5960000157356262,0,0.0,0.0
2019-01-10 00:00:00-05:00,0.5960000157356262,0.5960000157356262,0.5960000157356262,0.5960000157356262,75,0.0,0.0
2019-01-11 00:00:00-05:00,0.5960000157356262,0.5960000157356262,0.5960000157356262,0.5960000157356262,125,0.0,0.0
2019-01-14 00:00:00-05:00,0.5960000157356262,0.5960000157356262,0.5960000157356262,0.5960000157356262,0,0.0,0.0
2019-01-15 00:00:00-05:00,0.5960000157356262,0.5960000157356262,0.5960000157356262,0.5960000157356262,375,0.0,0.0
2019-01-16 00:00:00-05:00,0.5960000157356262,0.5960000157356262,0.5960000157356262,0.5960000157356262,0,0.0,0.0
2019-01-17 00:00:00-05:00,0.5960000157356262,0.5960000157356262,0.5960000157356262,0.5960000157356262,0,0.0,0.0
2019-01-18 00:00:00-05:00,0.5199999809265137,0.5199999809265137,0.5199999809265137,0.5199999809265137,1000,0.0,0.0
2019-01-22 00:00:00-05:00,0.5199999809265137,0.5199999809265137,0.5199999809265137,0.5199999809265137,0,0.0,0.0
2019-01-23 00:00:00-05:00,0.4399999976158142,0.5600000023841858,0.4399999976158142,0.5600000023841858,375,0.0,0.0
2019-01-24 00:00:00-05:00,0.5600000023841858,0.5600000023841858,0.5600000023841858,0.5600000023841858,0,0.0,0.0
2019-01-25 00:00:00-05:00,0.5600000023841858,0.5600000023841858,0.5600000023841858,0.5600000023841858,0,0.0,0.0
2019-01-28 00:00:00-05:00,0.4000000059604645,0.4000000059604645,0.4000000059604645,0.4000000059604645,750,0.0,0.0
2019-01-29 00:00:00-05:00,0.4000000059604645,0.4000000059604645,0.4000000059604645,0.4000000059604645,0,0.0,0.0
2019-01-30 00:00:00-05:00,0.4000000059604645,0.4000000059604645,0.4000000059604645,0.4000000059604645,0,0.0,0.0
2019-01-31 00:00:00-05:00,0.4000000059604645,0.4000000059604645,0.4000000059604645,0.4000000059604645,0,0.0,0.0
2019-02-01 00:00:00-05:00,0.5600000023841858,0.5600000023841858,0.47999998927116394,0.47999998927116394,475,0.0,0.0
2019-02-04 00:00:00-05:00,0.47999998927116394,0.47999998927116394,0.47999998927116394,0.47999998927116394,0,0.0,0.0
2019-02-05 00:00:00-05:00,0.4000000059604645,0.4000000059604645,0.4000000059604645,0.4000000059604645,625,0.0,0.0
2019-02-06 00:00:00-05:00,0.5600000023841858,0.6600000262260437,0.5600000023841858,0.6600000262260437,8550,0.0,0.0
2019-02-07 00:00:00-05:00,0.6600000262260437,0.7200000286102295,0.6600000262260437,0.7200000286102295,2300,0.0,0.0
2019-02-08 00:00:00-05:00,0.7200000286102295,0.7200000286102295,0.7200000286102295,0.7200000286102295,250,0.0,0.0
2019-02-11 00:00:00-05:00,0.7200000286102295,0.7200000286102295,0.7200000286102295,0.7200000286102295,1875,0.0,0.0
2019-02-12 00:00:00-05:00,0.5600000023841858,0.6399999856948853,0.5600000023841858,0.5600000023841858,10675,0.0,0.0
2019-02-13 00:00:00-05:00,0.5600000023841858,0.5600000023841858,0.5559999942779541,0.5559999942779541,375,0.0,0.0
2019-02-14 00:00:00-05:00,0.4399999976158142,0.5600000023841858,0.4399999976158142,0.5600000023841858,350,0.0,0.0
2019-02-15 00:00:00-05:00,0.5600000023841858,0.5600000023841858,0.5600000023841858,0.5600000023841858,50,0.0,0.0
2019-02-19 00:00:00-05:00,0.4399999976158142,0.5519999861717224,0.4399999976158142,0.5519999861717224,100,0.0,0.0
2019-02-20 00:00:00-05:00,0.5519999861717224,0.5519999861717224,0.5519999861717224,0.5519999861717224,0,0.0,0.0
2019-02-21 00:00:00-05:00,0.5519999861717224,0.5519999861717224,0.5519999861717224,0.5519999861717224,0,0.0,0.0
2019-02-22 00:00:00-05:00,0.5519999861717224,0.5519999861717224,0.5519999861717224,0.5519999861717224,0,0.0,0.0
2019-02-25 00:00:00-05:00,0.5600000023841858,0.5600000023841858,0.5600000023841858,0.5600000023841858,500,0.0,0.0
2019-02-26 00:00:00-05:00,0.5600000023841858,0.5600000023841858,0.5600000023841858,0.5600000023841858,0,0.0,0.0
2019-02-27 00:00:00-05:00,0.5600000023841858,0.5600000023841858,0.5600000023841858,0.5600000023841858,0,0.0,0.0
2019-02-28 00:00:00-05:00,0.47999998927116394,0.5600000023841858,0.4399999976158142,0.5600000023841858,2125,0.0,0.0
2019-03-01 00:00:00-05:00,0.5600000023841858,0.5600000023841858,0.4519999921321869,0.4519999921321869,425,0.0,0.0
2019-03-04 00:00:00-05:00,0.4399999976158142,0.4399999976158142,0.4399999976158142,0.4399999976158142,1250,0.0,0.0
2019-03-05 00:00:00-05:00,0.5519999861717224,1.559999942779541,0.5519999861717224,0.6000000238418579,14700,0.0,0.0
2019-03-06 00:00:00-05:00,0.6919999718666077,0.699999988079071,0.6919999718666077,0.699999988079071,1250,0.0,0.0
2019-03-07 00:00:00-05:00,0.800000011920929,0.800000011920929,0.800000011920929,0.800000011920929,850,0.0,0.0
2019-03-08 00:00:00-05:00,0.800000011920929,0.800000011920929,0.800000011920929,0.800000011920929,0,0.0,0.0
2019-03-11 00:00:00-04:00,0.8399999737739563,1.0399999618530273,0.5799999833106995,1.0399999618530273,2500,0.0,0.0
2019-03-12 00:00:00-04:00,1.0199999809265137,1.0399999618530273,0.6000000238418579,0.9399999976158142,6575,0.0,0.0
2019-03-13 00:00:00-04:00,0.9399999976158142,0.9399999976158142,0.800000011920929,0.800000011920929,775,0.0,0.0
2019-03-14 00:00:00-04:00,0.9399999976158142,0.9399999976158142,0.9399999976158142,0.9399999976158142,125,0.0,0.0
2019-03-15 00:00:00-04:00,0.9399999976158142,0.9399999976158142,0.9399999976158142,0.9399999976158142,0,0.0,0.0
2019-03-18 00:00:00-04:00,0.9399999976158142,0.9399999976158142,0.9399999976158142,0.9399999976158142,0,0.0,0.0
2019-03-19 00:00:00-04:00,0.800000011920929,0.800000011920929,0.800000011920929,0.800000011920929,3175,0.0,0.0
2019-03-20 00:00:00-04:00,0.800000011920929,0.800000011920929,0.800000011920929,0.800000011920929,0,0.0,0.0
2019-03-21 00:00:00-04:00,0.800000011920929,0.800000011920929,0.800000011920929,0.800000011920929,0,0.0,0.0
2019-03-22 00:00:00-04:00,0.800000011920929,0.800000011920929,0.800000011920929,0.800000011920929,0,0.0,0.0
2019-03-25 00:00:00-04:00,0.800000011920929,0.800000011920929,0.800000011920929,0.800000011920929,0,0.0,0.0
2019-03-26 00:00:00-04:00,0.800000011920929,0.800000011920929,0.800000011920929,0.800000011920929,3000,0.0,0.0
2019-03-27 00:00:00-04:00,0.800000011920929,0.800000011920929,0.800000011920929,0.800000011920929,0,0.0,0.0
2019-03-28 00:00:00-04:00,0.800000011920929,0.800000011920929,0.800000011920929,0.800000011920929,0,0.0,0.0
2019-03-29 00:00:00-04:00,0.800000011920929,0.800000011920929,0.800000011920929,0.800000011920929,0,0.0,0.0
2019-04-01 00:00:00-04:00,0.9200000166893005,0.9200000166893005,0.9200000166893005,0.9200000166893005,250,0.0,0.0
2019-04-02 00:00:00-04:00,0.800000011920929,0.800000011920929,0.800000011920929,0.800000011920929,75,0.0,0.0
2019-04-03 00:00:00-04:00,0.9200000166893005,1.399999976158142,0.9200000166893005,1.3240000009536743,46950,0.0,0.0
2019-04-04 00:00:00-04:00,1.399999976158142,3.0,1.399999976158142,1.8799999952316284,7975,0.0,0.0
2019-04-05 00:00:00-04:00,1.8799999952316284,1.8799999952316284,1.600000023841858,1.840000033378601,3075,0.0,0.0
2019-04-08 00:00:00-04:00,0.800000011920929,1.600000023841858,0.800000011920929,1.559999942779541,3000,0.0,0.0
2019-04-09 00:00:00-04:00,1.5199999809265137,1.5199999809265137,0.8880000114440918,0.8880000114440918,750,0.0,0.0
2019-04-10 00:00:00-04:00,0.8880000114440918,0.8880000114440918,0.8880000114440918,0.8880000114440918,0,0.0,0.0
2019-04-11 00:00:00-04:00,0.8880000114440918,0.8880000114440918,0.8880000114440918,0.8880000114440918,0,0.0,0.0
2019-04-12 00:00:00-04:00,1.5,1.5,1.5,1.5,25,0.0,0.0
2019-04-15 00:00:00-04:00,1.5,1.5,1.003999948501587,1.2799999713897705,475,0.0,0.0
2019-04-16 00:00:00-04:00,1.2000000476837158,1.2000000476837158,1.2000000476837158,1.2000000476837158,50,0.0,0.0
2019-04-17 00:00:00-04:00,1.2000000476837158,1.2000000476837158,1.2000000476837158,1.2000000476837158,0,0.0,0.0
2019-04-18 00:00:00-04:00,1.2000000476837158,1.2000000476837158,1.2000000476837158,1.2000000476837158,0,0.0,0.0
2019-04-22 00:00:00-04:00,1.2000000476837158,1.2000000476837158,1.2000000476837158,1.2000000476837158,0,0.0,0.0
2019-04-23 00:00:00-04:00,1.159999966621399,1.159999966621399,1.159999966621399,1.159999966621399,25,0.0,0.0
2019-04-24 00:00:00-04:00,1.0800000429153442,1.2000000476837158,1.0800000429153442,1.159999966621399,9475,0.0,0.0
2019-04-25 00:00:00-04:00,1.2400000095367432,1.2799999713897705,1.0,1.0,4250,0.0,0.0
2019-04-26 00:00:00-04:00,1.2799999713897705,1.2799999713897705,1.2799999713897705,1.2799999713897705,75,0.0,0.0
2019-04-29 00:00:00-04:00,1.2799999713897705,1.2799999713897705,1.2799999713897705,1.2799999713897705,0,0.0,0.0
2019-04-30 00:00:00-04:00,1.2000000476837158,1.2000000476837158,1.2000000476837158,1.2000000476837158,275,0.0,0.0
2019-05-01 00:00:00-04:00,1.2000000476837158,1.2000000476837158,1.2000000476837158,1.2000000476837158,0,0.0,0.0
2019-05-02 00:00:00-04:00,1.2000000476837158,1.2000000476837158,1.2000000476837158,1.2000000476837158,0,0.0,0.0
2019-05-03 00:00:00-04:00,1.2000000476837158,1.2000000476837158,1.2000000476837158,1.2000000476837158,0,0.0,0.0
2019-05-06 00:00:00-04:00,1.2200000286102295,1.2200000286102295,1.2200000286102295,1.2200000286102295,100,0.0,0.0
2019-05-07 00:00:00-04:00,1.2200000286102295,1.2200000286102295,1.2200000286102295,1.2200000286102295,0,0.0,0.0
2019-05-08 00:00:00-04:00,1.159999966621399,1.159999966621399,1.159999966621399,1.159999966621399,1425,0.0,0.0
2019-05-09 00:00:00-04:00,1.159999966621399,1.159999966621399,1.159999966621399,1.159999966621399,0,0.0,0.0
2019-05-10 00:00:00-04:00,1.0399999618530273,1.0399999618530273,1.0399999618530273,1.0399999618530273,75,0.0,0.0
2019-05-13 00:00:00-04:00,1.0399999618530273,1.0399999618530273,1.0399999618530273,1.0399999618530273,50,0.0,0.0
2019-05-14 00:00:00-04:00,1.0399999618530273,1.0399999618530273,1.0399999618530273,1.0399999618530273,25,0.0,0.0
2019-05-15 00:00:00-04:00,1.159999966621399,1.159999966621399,1.159999966621399,1.159999966621399,625,0.0,0.0
2019-05-16 00:00:00-04:00,1.159999966621399,1.159999966621399,1.159999966621399,1.159999966621399,2500,0.0,0.0
2019-05-17 00:00:00-04:00,1.0399999618530273,1.0399999618530273,1.0399999618530273,1.0399999618530273,1375,0.0,0.0
2019-05-20 00:00:00-04:00,1.159999966621399,1.159999966621399,1.159999966621399,1.159999966621399,50,0.0,0.0
2019-05-21 00:00:00-04:00,1.0440000295639038,1.0440000295639038,1.0399999618530273,1.0399999618530273,2650,0.0,0.0
2019-05-22 00:00:00-04:00,1.0399999618530273,1.0399999618530273,1.0399999618530273,1.0399999618530273,0,0.0,0.0
2019-05-23 00:00:00-04:00,1.0,1.0,0.8799999952316284,0.8799999952316284,12825,0.0,0.0
2019-05-24 00:00:00-04:00,0.8799999952316284,0.8799999952316284,0.8799999952316284,0.8799999952316284,0,0.0,0.0
2019-05-28 00:00:00-04:00,0.8799999952316284,0.8799999952316284,0.8799999952316284,0.8799999952316284,0,0.0,0.0
2019-05-29 00:00:00-04:00,0.8799999952316284,0.8799999952316284,0.8799999952316284,0.8799999952316284,0,0.0,0.0
2019-05-30 00:00:00-04:00,0.8399999737739563,0.8399999737739563,0.8399999737739563,0.8399999737739563,50,0.0,0.0
2019-05-31 00:00:00-04:00,0.8399999737739563,0.8399999737739563,0.8399999737739563,0.8399999737739563,0,0.0,0.0
2019-06-03 00:00:00-04:00,1.159999966621399,1.159999966621399,1.159999966621399,1.159999966621399,125,0.0,0.0
2019-06-04 00:00:00-04:00,1.159999966621399,1.159999966621399,1.159999966621399,1.159999966621399,25,0.0,0.0
2019-06-05 00:00:00-04:00,1.159999966621399,1.159999966621399,1.159999966621399,1.159999966621399,0,0.0,0.0
2019-06-06 00:00:00-04:00,1.159999966621399,1.159999966621399,1.159999966621399,1.159999966621399,0,0.0,0.0
2019-06-07 00:00:00-04:00,1.159999966621399,1.159999966621399,1.159999966621399,1.159999966621399,0,0.0,0.0
2019-06-10 00:00:00-04:00,1.159999966621399,1.159999966621399,1.159999966621399,1.159999966621399,0,0.0,0.0
2019-06-11 00:00:00-04:00,1.0240000486373901,1.2000000476837158,1.0240000486373901,1.2000000476837158,750,0.0,0.0
2019-06-12 00:00:00-04:00,1.100000023841858,1.100000023841858,1.100000023841858,1.100000023841858,1725,0.0,0.0
2019-06-13 00:00:00-04:00,1.100000023841858,1.100000023841858,1.100000023841858,1.100000023841858,5625,0.0,0.0
2019-06-14 00:00:00-04:00,1.100000023841858,1.100000023841858,1.100000023841858,1.100000023841858,0,0.0,0.0
2019-06-17 00:00:00-04:00,1.100000023841858,1.100000023841858,1.100000023841858,1.100000023841858,0,0.0,0.0
2019-06-18 00:00:00-04:00,0.9200000166893005,1.1160000562667847,0.8399999737739563,0.8399999737739563,13000,0.0,0.0
2019-06-19 00:00:00-04:00,0.8399999737739563,0.8399999737739563,0.8399999737739563,0.8399999737739563,0,0.0,0.0
2019-06-20 00:00:00-04:00,1.1200000047683716,1.1200000047683716,1.1200000047683716,1.1200000047683716,1375,0.0,0.0
2019-06-21 00:00:00-04:00,1.1200000047683716,1.1200000047683716,1.1200000047683716,1.1200000047683716,0,0.0,0.0
2019-06-24 00:00:00-04:00,1.1200000047683716,1.1200000047683716,1.1200000047683716,1.1200000047683716,0,0.0,0.0
2019-06-25 00:00:00-04:00,1.1200000047683716,1.1200000047683716,1.1200000047683716,1.1200000047683716,0,0.0,0.0
2019-06-26 00:00:00-04:00,1.156000018119812,1.156000018119812,1.156000018119812,1.156000018119812,250,0.0,0.0
2019-06-27 00:00:00-04:00,1.156000018119812,1.156000018119812,1.156000018119812,1.156000018119812,0,0.0,0.0
2019-06-28 00:00:00-04:00,1.0,1.1119999885559082,1.0,1.1119999885559082,1375,0.0,0.0
2019-07-01 00:00:00-04:00,1.0800000429153442,1.0800000429153442,1.0800000429153442,1.0800000429153442,1250,0.0,0.0
2019-07-02 00:00:00-04:00,1.0800000429153442,1.0800000429153442,1.0800000429153442,1.0800000429153442,25,0.0,0.0
2019-07-03 00:00:00-04:00,1.0440000295639038,1.0440000295639038,1.0440000295639038,1.0440000295639038,825,0.0,0.0
2019-07-05 00:00:00-04:00,1.0440000295639038,1.0440000295639038,1.0440000295639038,1.0440000295639038,0,0.0,0.0
2019-07-08 00:00:00-04:00,1.0440000295639038,1.0440000295639038,1.0440000295639038,1.0440000295639038,0,0.0,0.0
2019-07-09 00:00:00-04:00,1.0440000295639038,1.0440000295639038,1.0440000295639038,1.0440000295639038,0,0.0,0.0
2019-07-10 00:00:00-04:00,1.159999966621399,1.159999966621399,1.159999966621399,1.159999966621399,125,0.0,0.0
2019-07-11 00:00:00-04:00,1.0800000429153442,1.0800000429153442,1.0,1.0,2575,0.0,0.0
2019-07-12 00:00:00-04:00,1.0,1.0,1.0,1.0,0,0.0,0.0
2019-07-15 00:00:00-04:00,1.0,1.0,1.0,1.0,0,0.0,0.0
2019-07-16 00:00:00-04:00,1.0,1.0,1.0,1.0,0,0.0,0.0
2019-07-17 00:00:00-04:00,1.0959999561309814,1.1200000047683716,1.0959999561309814,1.1200000047683716,1450,0.0,0.0
2019-07-18 00:00:00-04:00,1.1200000047683716,1.1200000047683716,1.1200000047683716,1.1200000047683716,0,0.0,0.0
2019-07-19 00:00:00-04:00,1.0,1.0,1.0,1.0,1500,0.0,0.0
2019-07-22 00:00:00-04:00,1.0,1.0,1.0,1.0,0,0.0,0.0
2019-07-23 00:00:00-04:00,1.0,1.0,1.0,1.0,0,0.0,0.0
2019-07-24 00:00:00-04:00,1.0,1.0,1.0,1.0,0,0.0,0.0
2019-07-25 00:00:00-04:00,1.0,1.0,1.0,1.0,0,0.0,0.0
2019-07-26 00:00:00-04:00,1.0,1.0,1.0,1.0,0,0.0,0.0
2019-07-29 00:00:00-04:00,1.059999942779541,1.059999942779541,0.6480000019073486,0.6480000019073486,5375,0.0,0.0
2019-07-30 00:00:00-04:00,1.059999942779541,1.100000023841858,1.059999942779541,1.100000023841858,1650,0.0,0.0
2019-07-31 00:00:00-04:00,1.059999942779541,1.100000023841858,1.059999942779541,1.100000023841858,1650,0.0,0.0
2019-08-01 00:00:00-04:00,1.059999942779541,1.100000023841858,1.059999942779541,1.100000023841858,1650,0.0,0.0
2019-08-02 00:00:00-04:00,1.1519999504089355,1.3600000143051147,1.1519999504089355,1.3600000143051147,4650,0.0,0.0
2019-08-05 00:00:00-04:00,1.1519999504089355,1.3600000143051147,1.1519999504089355,1.3600000143051147,4650,0.0,0.0
2019-08-06 00:00:00-04:00,1.1519999504089355,1.3600000143051147,1.1519999504089355,1.3600000143051147,4650,0.0,0.0
2019-08-07 00:00:00-04:00,1.1519999504089355,1.3600000143051147,1.1519999504089355,1.3600000143051147,4650,0.0,0.0
2019-08-08 00:00:00-04:00,1.1519999504089355,1.3600000143051147,1.1519999504089355,1.3600000143051147,4650,0.0,0.0
2019-08-09 00:00:00-04:00,1.3839999437332153,1.3880000114440918,1.3839999437332153,1.3839999437332153,225,0.0,0.0
2019-08-12 00:00:00-04:00,1.3839999437332153,1.3839999437332153,1.3839999437332153,1.3839999437332153,0,0.0,0.0
2019-08-13 00:00:00-04:00,0.8519999980926514,1.2000000476837158,0.8519999980926514,1.2000000476837158,600,0.0,0.0
2019-08-14 00:00:00-04:00,0.8519999980926514,1.2000000476837158,0.8519999980926514,1.2000000476837158,600,0.0,0.0
2019-08-15 00:00:00-04:00,0.8519999980926514,1.2000000476837158,0.8519999980926514,1.2000000476837158,600,0.0,0.0
2019-08-16 00:00:00-04:00,1.2000000476837158,1.2000000476837158,1.2000000476837158,1.2000000476837158,0,0.0,0.0
2019-08-19 00:00:00-04:00,1.2000000476837158,1.2000000476837158,1.2000000476837158,1.2000000476837158,0,0.0,0.0
2019-08-20 00:00:00-04:00,1.2000000476837158,1.2000000476837158,1.2000000476837158,1.2000000476837158,0,0.0,0.0
2019-08-21 00:00:00-04:00,1.2000000476837158,1.2000000476837158,1.2000000476837158,1.2000000476837158,0,0.0,0.0
2019-08-22 00:00:00-04:00,1.0399999618530273,1.0399999618530273,1.0399999618530273,1.0399999618530273,1250,0.0,0.0
2019-08-23 00:00:00-04:00,1.0399999618530273,1.0399999618530273,1.0399999618530273,1.0399999618530273,0,0.0,0.0
2019-08-26 00:00:00-04:00,1.2000000476837158,1.2000000476837158,1.2000000476837158,1.2000000476837158,75,0.0,0.0
2019-08-27 00:00:00-04:00,1.2000000476837158,1.2000000476837158,1.2000000476837158,1.2000000476837158,0,0.0,0.0
2019-08-28 00:00:00-04:00,1.2000000476837158,1.2000000476837158,1.2000000476837158,1.2000000476837158,0,0.0,0.0
2019-08-29 00:00:00-04:00,1.2000000476837158,1.2000000476837158,1.2000000476837158,1.2000000476837158,0,0.0,0.0
2019-08-30 00:00:00-04:00,1.2000000476837158,1.2000000476837158,1.2000000476837158,1.2000000476837158,0,0.0,0.0
2019-09-03 00:00:00-04:00,1.2000000476837158,1.2000000476837158,1.2000000476837158,1.2000000476837158,0,0.0,0.0
2019-09-04 00:00:00-04:00,1.2000000476837158,1.2000000476837158,1.2000000476837158,1.2000000476837158,0,0.0,0.0
2019-09-05 00:00:00-04:00,0.8799999952316284,0.8799999952316284,0.5040000081062317,0.5199999809265137,17750,0.0,0.0
2019-09-06 00:00:00-04:00,0.5199999809265137,0.5199999809265137,0.5199999809265137,0.5199999809265137,0,0.0,0.0
2019-09-09 00:00:00-04:00,0.5199999809265137,0.5199999809265137,0.5199999809265137,0.5199999809265137,0,0.0,0.0
2019-09-10 00:00:00-04:00,0.7680000066757202,0.7680000066757202,0.7680000066757202,0.7680000066757202,25,0.0,0.0
2019-09-11 00:00:00-04:00,0.800000011920929,0.800000011920929,0.800000011920929,0.800000011920929,500,0.0,0.0
2019-09-12 00:00:00-04:00,0.7200000286102295,0.7200000286102295,0.6000000238418579,0.6000000238418579,750,0.0,0.0
2019-09-13 00:00:00-04:00,0.6000000238418579,0.6000000238418579,0.6000000238418579,0.6000000238418579,0,0.0,0.0
2019-09-16 00:00:00-04:00,0.800000011920929,0.800000011920929,0.6039999723434448,0.6039999723434448,900,0.0,0.0
2019-09-17 00:00:00-04:00,0.6039999723434448,0.6039999723434448,0.6039999723434448,0.6039999723434448,25,0.0,0.0
2019-09-18 00:00:00-04:00,0.6039999723434448,0.6039999723434448,0.6039999723434448,0.6039999723434448,0,0.0,0.0
2019-09-19 00:00:00-04:00,0.6039999723434448,0.6039999723434448,0.6039999723434448,0.6039999723434448,0,0.0,0.0
2019-09-20 00:00:00-04:00,0.6039999723434448,0.6039999723434448,0.6039999723434448,0.6039999723434448,0,0.0,0.0
2019-09-23 00:00:00-04:00,0.800000011920929,0.800000011920929,0.6399999856948853,0.6399999856948853,775,0.0,0.0
2019-09-24 00:00:00-04:00,0.6399999856948853,0.6399999856948853,0.6399999856948853,0.6399999856948853,0,0.0,0.0
2019-09-25 00:00:00-04:00,0.800000011920929,0.800000011920929,0.800000011920929,0.800000011920929,25,0.0,0.0
2019-09-26 00:00:00-04:00,0.800000011920929,0.800000011920929,0.800000011920929,0.800000011920929,0,0.0,0.0
2019-09-27 00:00:00-04:00,0.800000011920929,0.800000011920929,0.800000011920929,0.800000011920929,0,0.0,0.0
2019-09-30 00:00:00-04:00,0.800000011920929,0.800000011920929,0.800000011920929,0.800000011920929,0,0.0,0.0
2019-10-01 00:00:00-04:00,0.6119999885559082,0.6119999885559082,0.6000000238418579,0.6000000238418579,9200,0.0,0.0
2019-10-02 00:00:00-04:00,0.6000000238418579,0.6000000238418579,0.6000000238418579,0.6000000238418579,0,0.0,0.0
2019-10-03 00:00:00-04:00,0.6000000238418579,0.6000000238418579,0.6000000238418579,0.6000000238418579,0,0.0,0.0
2019-10-04 00:00:00-04:00,0.6000000238418579,0.6000000238418579,0.6000000238418579,0.6000000238418579,0,0.0,0.0
2019-10-07 00:00:00-04:00,0.6000000238418579,0.6000000238418579,0.6000000238418579,0.6000000238418579,25,0.0,0.0
2019-10-08 00:00:00-04:00,0.6000000238418579,0.6000000238418579,0.6000000238418579,0.6000000238418579,0,0.0,0.0
2019-10-09 00:00:00-04:00,0.6600000262260437,0.7960000038146973,0.6600000262260437,0.7960000038146973,250,0.0,0.0
2019-10-10 00:00:00-04:00,0.7960000038146973,0.7960000038146973,0.7960000038146973,0.7960000038146973,0,0.0,0.0
2019-10-11 00:00:00-04:00,0.7960000038146973,0.7960000038146973,0.7960000038146973,0.7960000038146973,0,0.0,0.0
2019-10-14 00:00:00-04:00,0.7960000038146973,0.7960000038146973,0.7960000038146973,0.7960000038146973,0,0.0,0.0
2019-10-15 00:00:00-04:00,0.7960000038146973,0.7960000038146973,0.7960000038146973,0.7960000038146973,0,0.0,0.0
2019-10-16 00:00:00-04:00,0.7960000038146973,0.7960000038146973,0.7960000038146973,0.7960000038146973,0,0.0,0.0
2019-10-17 00:00:00-04:00,0.7960000038146973,0.7960000038146973,0.7960000038146973,0.7960000038146973,25,0.0,0.0
2019-10-18 00:00:00-04:00,0.7960000038146973,0.7960000038146973,0.7960000038146973,0.7960000038146973,0,0.0,0.0
2019-10-21 00:00:00-04:00,0.7960000038146973,0.7960000038146973,0.7960000038146973,0.7960000038146973,0,0.0,0.0
2019-10-22 00:00:00-04:00,0.7960000038146973,0.7960000038146973,0.7960000038146973,0.7960000038146973,0,0.0,0.0
2019-10-23 00:00:00-04:00,0.7960000038146973,0.7960000038146973,0.7960000038146973,0.7960000038146973,0,0.0,0.0
2019-10-24 00:00:00-04:00,0.7960000038146973,0.7960000038146973,0.7960000038146973,0.7960000038146973,0,0.0,0.0
2019-10-25 00:00:00-04:00,0.7960000038146973,0.7960000038146973,0.7960000038146973,0.7960000038146973,0,0.0,0.0
2019-10-28 00:00:00-04:00,0.7960000038146973,0.7960000038146973,0.7960000038146973,0.7960000038146973,0,0.0,0.0
2019-10-29 00:00:00-04:00,0.6800000071525574,0.7559999823570251,0.6800000071525574,0.7559999823570251,750,0.0,0.0
2019-10-30 00:00:00-04:00,0.7559999823570251,0.7559999823570251,0.7559999823570251,0.7559999823570251,0,0.0,0.0
2019-10-31 00:00:00-04:00,0.7559999823570251,0.7559999823570251,0.7559999823570251,0.7559999823570251,0,0.0,0.0
2019-11-01 00:00:00-04:00,0.7400000095367432,0.7400000095367432,0.7400000095367432,0.7400000095367432,75,0.0,0.0
2019-11-04 00:00:00-05:00,0.7400000095367432,0.7400000095367432,0.7400000095367432,0.7400000095367432,0,0.0,0.0
2019-11-05 00:00:00-05:00,0.7400000095367432,0.7400000095367432,0.7400000095367432,0.7400000095367432,0,0.0,0.0
2019-11-06 00:00:00-05:00,0.6000000238418579,0.6000000238418579,0.6000000238418579,0.6000000238418579,175,0.0,0.0
2019-11-07 00:00:00-05:00,0.6000000238418579,0.7599999904632568,0.6000000238418579,0.7599999904632568,800,0.0,0.0
2019-11-08 00:00:00-05:00,0.7599999904632568,0.7599999904632568,0.7599999904632568,0.7599999904632568,0,0.0,0.0
2019-11-11 00:00:00-05:00,0.7599999904632568,0.7599999904632568,0.7599999904632568,0.7599999904632568,0,0.0,0.0
2019-11-12 00:00:00-05:00,0.7599999904632568,0.7599999904632568,0.7599999904632568,0.7599999904632568,0,0.0,0.0
2019-11-13 00:00:00-05:00,0.6000000238418579,0.6000000238418579,0.6000000238418579,0.6000000238418579,1250,0.0,0.0
2019-11-14 00:00:00-05:00,0.7559999823570251,0.7559999823570251,0.7559999823570251,0.7559999823570251,50,0.0,0.0
2019-11-15 00:00:00-05:00,0.7559999823570251,0.7559999823570251,0.7559999823570251,0.7559999823570251,0,0.0,0.0
2019-11-18 00:00:00-05:00,0.7559999823570251,0.7559999823570251,0.7559999823570251,0.7559999823570251,0,0.0,0.0
2019-11-19 00:00:00-05:00,0.7559999823570251,0.7559999823570251,0.7559999823570251,0.7559999823570251,0,0.0,0.0
2019-11-20 00:00:00-05:00,0.7559999823570251,0.7559999823570251,0.7559999823570251,0.7559999823570251,0,0.0,0.0
2019-11-21 00:00:00-05:00,0.7559999823570251,0.7559999823570251,0.7559999823570251,0.7559999823570251,0,0.0,0.0
2019-11-22 00:00:00-05:00,0.7559999823570251,0.7559999823570251,0.7559999823570251,0.7559999823570251,1250,0.0,0.0
2019-11-25 00:00:00-05:00,0.7559999823570251,0.7559999823570251,0.7559999823570251,0.7559999823570251,0,0.0,0.0
2019-11-26 00:00:00-05:00,0.7559999823570251,0.7559999823570251,0.7559999823570251,0.7559999823570251,0,0.0,0.0
2019-11-27 00:00:00-05:00,0.7559999823570251,0.7559999823570251,0.7559999823570251,0.7559999823570251,0,0.0,0.0
2019-11-29 00:00:00-05:00,0.42399999499320984,0.6800000071525574,0.42399999499320984,0.6800000071525574,200,0.0,0.0
2019-12-02 00:00:00-05:00,0.6800000071525574,0.6800000071525574,0.6800000071525574,0.6800000071525574,0,0.0,0.0
2019-12-03 00:00:00-05:00,0.6800000071525574,0.6800000071525574,0.6800000071525574,0.6800000071525574,0,0.0,0.0
2019-12-04 00:00:00-05:00,0.6800000071525574,0.6800000071525574,0.6800000071525574,0.6800000071525574,0,0.0,0.0
2019-12-05 00:00:00-05:00,0.6800000071525574,0.6800000071525574,0.6800000071525574,0.6800000071525574,0,0.0,0.0
2019-12-06 00:00:00-05:00,0.6399999856948853,0.6399999856948853,0.6399999856948853,0.6399999856948853,1250,0.0,0.0
2019-12-09 00:00:00-05:00,0.6399999856948853,0.6399999856948853,0.6399999856948853,0.6399999856948853,0,0.0,0.0
2019-12-10 00:00:00-05:00,0.6399999856948853,0.6399999856948853,0.6399999856948853,0.6399999856948853,0,0.0,0.0
2019-12-11 00:00:00-05:00,0.4399999976158142,0.4399999976158142,0.4399999976158142,0.4399999976158142,1250,0.0,0.0
2019-12-12 00:00:00-05:00,0.4399999976158142,0.4399999976158142,0.4399999976158142,0.4399999976158142,0,0.0,0.0
2019-12-13 00:00:00-05:00,0.6800000071525574,0.6800000071525574,0.6800000071525574,0.6800000071525574,50,0.0,0.0
2019-12-16 00:00:00-05:00,0.5640000104904175,0.6800000071525574,0.5640000104904175,0.6800000071525574,50,0.0,0.0
2019-12-17 00:00:00-05:00,0.6800000071525574,0.6800000071525574,0.6800000071525574,0.6800000071525574,75,0.0,0.0
2019-12-18 00:00:00-05:00,0.5799999833106995,0.5799999833106995,0.5799999833106995,0.5799999833106995,75,0.0,0.0
2019-12-19 00:00:00-05:00,0.48399999737739563,0.48399999737739563,0.48399999737739563,0.48399999737739563,50,0.0,0.0
2019-12-20 00:00:00-05:00,0.6800000071525574,0.6800000071525574,0.6800000071525574,0.6800000071525574,25,0.0,0.0
2019-12-23 00:00:00-05:00,0.6800000071525574,0.6800000071525574,0.6800000071525574,0.6800000071525574,0,0.0,0.0
2019-12-24 00:00:00-05:00,0.48399999737739563,0.48399999737739563,0.48399999737739563,0.48399999737739563,25,0.0,0.0
2019-12-26 00:00:00-05:00,0.6800000071525574,0.6800000071525574,0.48399999737739563,0.48399999737739563,1275,0.0,0.0
2019-12-27 00:00:00-05:00,0.6800000071525574,0.6800000071525574,0.6000000238418579,0.6000000238418579,150,0.0,0.0
2019-12-30 00:00:00-05:00,0.6000000238418579,0.6000000238418579,0.6000000238418579,0.6000000238418579,1250,0.0,0.0
2019-12-31 00:00:00-05:00,0.6800000071525574,0.6800000071525574,0.6800000071525574,0.6800000071525574,250,0.0,0.0
2020-01-02 00:00:00-05:00,0.6000000238418579,0.6000000238418579,0.6000000238418579,0.6000000238418579,2000,0.0,0.0
2020-01-03 00:00:00-05:00,0.6000000238418579,0.6000000238418579,0.6000000238418579,0.6000000238418579,1125,0.0,0.0
2020-01-06 00:00:00-05:00,0.6000000238418579,0.6000000238418579,0.6000000238418579,0.6000000238418579,0,0.0,0.0
2020-01-07 00:00:00-05:00,0.5400000214576721,0.5400000214576721,0.5199999809265137,0.5199999809265137,1550,0.0,0.0
2020-01-08 00:00:00-05:00,0.5720000267028809,0.6000000238418579,0.5720000267028809,0.6000000238418579,1200,0.0,0.0
2020-01-09 00:00:00-05:00,0.6000000238418579,0.6000000238418579,0.6000000238418579,0.6000000238418579,0,0.0,0.0
2020-01-10 00:00:00-05:00,0.47999998927116394,0.47999998927116394,0.47999998927116394,0.47999998927116394,4650,0.0,0.0
2020-01-13 00:00:00-05:00,0.5960000157356262,0.6000000238418579,0.5960000157356262,0.6000000238418579,3550,0.0,0.0
2020-01-14 00:00:00-05:00,0.6000000238418579,0.6000000238418579,0.6000000238418579,0.6000000238418579,2375,0.0,0.0
2020-01-15 00:00:00-05:00,0.6000000238418579,0.6000000238418579,0.6000000238418579,0.6000000238418579,1750,0.0,0.0
2020-01-16 00:00:00-05:00,0.6000000238418579,0.6000000238418579,0.6000000238418579,0.6000000238418579,900,0.0,0.0
2020-01-17 00:00:00-05:00,0.6000000238418579,0.6000000238418579,0.6000000238418579,0.6000000238418579,1250,0.0,0.0
2020-01-21 00:00:00-05:00,0.7760000228881836,0.7760000228881836,0.6000000238418579,0.7760000228881836,1325,0.0,0.0
2020-01-22 00:00:00-05:00,0.7760000228881836,0.7760000228881836,0.7760000228881836,0.7760000228881836,0,0.0,0.0
2020-01-23 00:00:00-05:00,0.7760000228881836,0.7760000228881836,0.7760000228881836,0.7760000228881836,0,0.0,0.0
2020-01-24 00:00:00-05:00,0.4519999921321869,0.7599999904632568,0.4519999921321869,0.7599999904632568,300,0.0,0.0
2020-01-27 00:00:00-05:00,0.47999998927116394,0.7599999904632568,0.47999998927116394,0.7599999904632568,1350,0.0,0.0
2020-01-28 00:00:00-05:00,0.7599999904632568,0.7599999904632568,0.7599999904632568,0.7599999904632568,0,0.0,0.0
2020-01-29 00:00:00-05:00,0.7599999904632568,0.7599999904632568,0.7599999904632568,0.7599999904632568,0,0.0,0.0
2020-01-30 00:00:00-05:00,0.6639999747276306,0.6639999747276306,0.6639999747276306,0.6639999747276306,150,0.0,0.0
2020-01-31 00:00:00-05:00,0.7559999823570251,0.7559999823570251,0.6800000071525574,0.7559999823570251,1750,0.0,0.0
2020-02-03 00:00:00-05:00,0.7559999823570251,0.7559999823570251,0.7559999823570251,0.7559999823570251,0,0.0,0.0
2020-02-04 00:00:00-05:00,0.6800000071525574,0.7559999823570251,0.6759999990463257,0.7559999823570251,2150,0.0,0.0
2020-02-05 00:00:00-05:00,0.7559999823570251,0.7559999823570251,0.7559999823570251,0.7559999823570251,0,0.0,0.0
2020-02-06 00:00:00-05:00,0.7559999823570251,0.7559999823570251,0.7559999823570251,0.7559999823570251,0,0.0,0.0
2020-02-07 00:00:00-05:00,0.7559999823570251,0.7559999823570251,0.7559999823570251,0.7559999823570251,0,0.0,0.0
2020-02-10 00:00:00-05:00,0.7559999823570251,0.7559999823570251,0.7559999823570251,0.7559999823570251,0,0.0,0.0
2020-02-11 00:00:00-05:00,0.7559999823570251,0.7559999823570251,0.7559999823570251,0.7559999823570251,0,0.0,0.0
2020-02-12 00:00:00-05:00,0.6800000071525574,0.6800000071525574,0.6800000071525574,0.6800000071525574,2225,0.0,0.0
2020-02-13 00:00:00-05:00,0.7360000014305115,0.7360000014305115,0.7360000014305115,0.7360000014305115,50,0.0,0.0
2020-02-14 00:00:00-05:00,0.6800000071525574,0.7599999904632568,0.6800000071525574,0.7599999904632568,1250,0.0,0.0
2020-02-18 00:00:00-05:00,0.7599999904632568,0.7599999904632568,0.7599999904632568,0.7599999904632568,0,0.0,0.0
2020-02-19 00:00:00-05:00,0.7599999904632568,0.7599999904632568,0.7599999904632568,0.7599999904632568,0,0.0,0.0
2020-02-20 00:00:00-05:00,0.7599999904632568,0.7599999904632568,0.7599999904632568,0.7599999904632568,0,0.0,0.0
2020-02-21 00:00:00-05:00,0.6800000071525574,0.6800000071525574,0.6800000071525574,0.6800000071525574,1250,0.0,0.0
2020-02-24 00:00:00-05:00,0.7360000014305115,0.7360000014305115,0.7360000014305115,0.7360000014305115,375,0.0,0.0
2020-02-25 00:00:00-05:00,0.7360000014305115,0.7360000014305115,0.7360000014305115,0.7360000014305115,0,0.0,0.0
2020-02-26 00:00:00-05:00,0.7360000014305115,0.7360000014305115,0.7360000014305115,0.7360000014305115,0,0.0,0.0
2020-02-27 00:00:00-05:00,0.7360000014305115,0.7360000014305115,0.7360000014305115,0.7360000014305115,0,0.0,0.0
2020-02-28 00:00:00-05:00,0.800000011920929,0.800000011920929,0.800000011920929,0.800000011920929,225,0.0,0.0
2020-03-02 00:00:00-05:00,0.800000011920929,0.800000011920929,0.800000011920929,0.800000011920929,0,0.0,0.0
2020-03-03 00:00:00-05:00,0.800000011920929,0.800000011920929,0.800000011920929,0.800000011920929,0,0.0,0.0
2020-03-04 00:00:00-05:00,0.800000011920929,0.9520000219345093,0.800000011920929,0.9520000219345093,1100,0.0,0.0
2020-03-05 00:00:00-05:00,0.800000011920929,0.800000011920929,0.7039999961853027,0.800000011920929,500,0.0,0.0
2020-03-06 00:00:00-05:00,0.800000011920929,0.800000011920929,0.800000011920929,0.800000011920929,125,0.0,0.0
2020-03-09 00:00:00-04:00,0.7599999904632568,0.7599999904632568,0.7599999904632568,0.7599999904632568,350,0.0,0.0
2020-03-10 00:00:00-04:00,0.7599999904632568,0.7599999904632568,0.7599999904632568,0.7599999904632568,250,0.0,0.0
2020-03-11 00:00:00-04:00,0.7599999904632568,0.7599999904632568,0.7599999904632568,0.7599999904632568,375,0.0,0.0
2020-03-12 00:00:00-04:00,0.6159999966621399,0.6159999966621399,0.5839999914169312,0.5839999914169312,6100,0.0,0.0
2020-03-13 00:00:00-04:00,0.5839999914169312,0.5839999914169312,0.5839999914169312,0.5839999914169312,0,0.0,0.0
2020-03-16 00:00:00-04:00,0.6600000262260437,0.6600000262260437,0.47999998927116394,0.47999998927116394,1275,0.0,0.0
2020-03-17 00:00:00-04:00,0.6399999856948853,0.6399999856948853,0.6399999856948853,0.6399999856948853,25,0.0,0.0
2020-03-18 00:00:00-04:00,0.5600000023841858,0.5600000023841858,0.5600000023841858,0.5600000023841858,100,0.0,0.0
2020-03-19 00:00:00-04:00,0.5600000023841858,0.5600000023841858,0.5600000023841858,0.5600000023841858,0,0.0,0.0
2020-03-20 00:00:00-04:00,0.5600000023841858,0.5600000023841858,0.5600000023841858,0.5600000023841858,150,0.0,0.0
2020-03-23 00:00:00-04:00,0.5,0.5,0.5,0.5,725,0.0,0.0
2020-03-24 00:00:00-04:00,0.5519999861717224,0.5519999861717224,0.5519999861717224,0.5519999861717224,125,0.0,0.0
2020-03-25 00:00:00-04:00,0.5519999861717224,0.5519999861717224,0.5519999861717224,0.5519999861717224,125,0.0,0.0
2020-03-26 00:00:00-04:00,0.5519999861717224,0.5519999861717224,0.5519999861717224,0.5519999861717224,100,0.0,0.0
2020-03-27 00:00:00-04:00,0.5519999861717224,0.5519999861717224,0.5519999861717224,0.5519999861717224,75,0.0,0.0
2020-03-30 00:00:00-04:00,0.5519999861717224,0.5519999861717224,0.5519999861717224,0.5519999861717224,0,0.0,0.0
2020-03-31 00:00:00-04:00,0.052000001072883606,0.47200000286102295,0.052000001072883606,0.47200000286102295,375,0.0,0.0
2020-04-01 00:00:00-04:00,0.47200000286102295,0.47200000286102295,0.20399999618530273,0.4000000059604645,700,0.0,0.0
2020-04-02 00:00:00-04:00,0.4000000059604645,0.4000000059604645,0.3240000009536743,0.4000000059604645,3950,0.0,0.0
2020-04-03 00:00:00-04:00,0.4000000059604645,0.4000000059604645,0.4000000059604645,0.4000000059604645,0,0.0,0.0
2020-04-06 00:00:00-04:00,0.5600000023841858,0.5600000023841858,0.5600000023841858,0.5600000023841858,125,0.0,0.0
2020-04-07 00:00:00-04:00,0.40799999237060547,0.4359999895095825,0.25600001215934753,0.4359999895095825,5125,0.0,0.0
2020-04-08 00:00:00-04:00,0.4399999976158142,0.47600001096725464,0.4399999976158142,0.47600001096725464,3625,0.0,0.0
2020-04-09 00:00:00-04:00,0.6359999775886536,0.6359999775886536,0.6359999775886536,0.6359999775886536,250,0.0,0.0
2020-04-13 00:00:00-04:00,0.6359999775886536,0.6359999775886536,0.6359999775886536,0.6359999775886536,0,0.0,0.0
2020-04-14 00:00:00-04:00,0.6359999775886536,0.6359999775886536,0.6359999775886536,0.6359999775886536,0,0.0,0.0
2020-04-15 00:00:00-04:00,0.3240000009536743,0.3240000009536743,0.3240000009536743,0.3240000009536743,200,0.0,0.0
2020-04-16 00:00:00-04:00,0.6320000290870667,0.6320000290870667,0.6320000290870667,0.6320000290870667,175,0.0,0.0
2020-04-17 00:00:00-04:00,0.5680000185966492,0.5680000185966492,0.5680000185966492,0.5680000185966492,125,0.0,0.0
2020-04-20 00:00:00-04:00,0.5680000185966492,0.5680000185966492,0.5680000185966492,0.5680000185966492,75,0.0,0.0
2020-04-21 00:00:00-04:00,0.515999972820282,0.515999972820282,0.4000000059604645,0.4000000059604645,1525,0.0,0.0
2020-04-22 00:00:00-04:00,0.4000000059604645,0.4000000059604645,0.4000000059604645,0.4000000059604645,0,0.0,0.0
2020-04-23 00:00:00-04:00,0.5600000023841858,0.5600000023841858,0.492000013589859,0.492000013589859,800,0.0,0.0
2020-04-24 00:00:00-04:00,0.5400000214576721,0.5400000214576721,0.4399999976158142,0.5199999809265137,950,0.0,0.0
2020-04-27 00:00:00-04:00,0.4399999976158142,0.46399998664855957,0.4399999976158142,0.4399999976158142,3450,0.0,0.0
2020-04-28 00:00:00-04:00,0.5559999942779541,0.5600000023841858,0.3720000088214874,0.5600000023841858,1600,0.0,0.0
2020-04-29 00:00:00-04:00,0.4000000059604645,0.4000000059604645,0.4000000059604645,0.4000000059604645,50,0.0,0.0
2020-04-30 00:00:00-04:00,0.4000000059604645,0.4000000059604645,0.4000000059604645,0.4000000059604645,0,0.0,0.0
2020-05-01 00:00:00-04:00,0.5600000023841858,0.5600000023841858,0.5600000023841858,0.5600000023841858,25,0.0,0.0
2020-05-04 00:00:00-04:00,0.5600000023841858,0.5600000023841858,0.5600000023841858,0.5600000023841858,0,0.0,0.0
2020-05-05 00:00:00-04:00,0.5600000023841858,0.5600000023841858,0.5600000023841858,0.5600000023841858,0,0.0,0.0
2020-05-06 00:00:00-04:00,0.41200000047683716,0.41200000047683716,0.41200000047683716,0.41200000047683716,50,0.0,0.0
2020-05-07 00:00:00-04:00,0.5600000023841858,0.5600000023841858,0.5040000081062317,0.5040000081062317,75,0.0,0.0
2020-05-08 00:00:00-04:00,0.5,0.5,0.47200000286102295,0.47200000286102295,1450,0.0,0.0
2020-05-11 00:00:00-04:00,0.47200000286102295,0.47200000286102295,0.47200000286102295,0.47200000286102295,0,0.0,0.0
2020-05-12 00:00:00-04:00,0.47600001096725464,0.47600001096725464,0.47600001096725464,0.47600001096725464,75,0.0,0.0
2020-05-13 00:00:00-04:00,0.47600001096725464,0.47600001096725464,0.47600001096725464,0.47600001096725464,0,0.0,0.0
2020-05-14 00:00:00-04:00,0.4000000059604645,0.4000000059604645,0.4000000059604645,0.4000000059604645,50,0.0,0.0
2020-05-15 00:00:00-04:00,0.4000000059604645,0.46399998664855957,0.4000000059604645,0.46399998664855957,400,0.0,0.0
2020-05-18 00:00:00-04:00,0.4959999918937683,0.5,0.46399998664855957,0.5,5825,0.0,0.0
2020-05-19 00:00:00-04:00,0.46399998664855957,0.46399998664855957,0.4000000059604645,0.4000000059604645,2525,0.0,0.0
2020-05-20 00:00:00-04:00,0.4399999976158142,0.46000000834465027,0.4399999976158142,0.46000000834465027,3475,0.0,0.0
2020-05-21 00:00:00-04:00,0.46000000834465027,0.46000000834465027,0.46000000834465027,0.46000000834465027,1200,0.0,0.0
2020-05-22 00:00:00-04:00,0.46000000834465027,0.46000000834465027,0.46000000834465027,0.46000000834465027,575,0.0,0.0
2020-05-26 00:00:00-04:00,0.46000000834465027,0.46000000834465027,0.46000000834465027,0.46000000834465027,500,0.0,0.0
2020-05-27 00:00:00-04:00,0.46000000834465027,0.46000000834465027,0.46000000834465027,0.46000000834465027,275,0.0,0.0
2020-05-28 00:00:00-04:00,0.4000000059604645,0.46000000834465027,0.4000000059604645,0.46000000834465027,175,0.0,0.0
2020-05-29 00:00:00-04:00,0.46000000834465027,0.46000000834465027,0.46000000834465027,0.46000000834465027,125,0.0,0.0
2020-06-01 00:00:00-04:00,0.46000000834465027,0.46000000834465027,0.46000000834465027,0.46000000834465027,125,0.0,0.0
2020-06-02 00:00:00-04:00,0.46000000834465027,0.46000000834465027,0.46000000834465027,0.46000000834465027,150,0.0,0.0
2020-06-03 00:00:00-04:00,0.4399999976158142,0.46000000834465027,0.4399999976158142,0.46000000834465027,5650,0.0,0.0
2020-06-04 00:00:00-04:00,0.46000000834465027,0.46000000834465027,0.46000000834465027,0.46000000834465027,0,0.0,0.0
2020-06-05 00:00:00-04:00,0.5,0.5,0.5,0.5,1475,0.0,0.0
2020-06-08 00:00:00-04:00,0.5,0.6800000071525574,0.5,0.6800000071525574,3350,0.0,0.0
2020-06-09 00:00:00-04:00,0.6800000071525574,0.800000011920929,0.6800000071525574,0.800000011920929,3875,0.0,0.0
2020-06-10 00:00:00-04:00,0.800000011920929,0.800000011920929,0.5199999809265137,0.6800000071525574,1500,0.0,0.0
2020-06-11 00:00:00-04:00,0.6800000071525574,0.800000011920929,0.6800000071525574,0.800000011920929,1400,0.0,0.0
2020-06-12 00:00:00-04:00,0.7200000286102295,0.7960000038146973,0.7200000286102295,0.7960000038146973,175,0.0,0.0
2020-06-15 00:00:00-04:00,0.7599999904632568,0.7599999904632568,0.7599999904632568,0.7599999904632568,250,0.0,0.0
2020-06-16 00:00:00-04:00,0.7599999904632568,0.800000011920929,0.7599999904632568,0.800000011920929,1575,0.0,0.0
2020-06-17 00:00:00-04:00,0.800000011920929,0.800000011920929,0.7400000095367432,0.7599999904632568,3425,0.0,0.0
2020-06-18 00:00:00-04:00,0.7599999904632568,0.7599999904632568,0.7599999904632568,0.7599999904632568,2500,0.0,0.0
2020-06-19 00:00:00-04:00,0.6880000233650208,0.6880000233650208,0.6880000233650208,0.6880000233650208,50,0.0,0.0
2020-06-22 00:00:00-04:00,0.6639999747276306,0.7360000014305115,0.6639999747276306,0.6800000071525574,7350,0.0,0.0
2020-06-23 00:00:00-04:00,0.671999990940094,0.7599999904632568,0.671999990940094,0.7599999904632568,5175,0.0,0.0
2020-06-24 00:00:00-04:00,0.7680000066757202,0.871999979019165,0.7680000066757202,0.871999979019165,325,0.0,0.0
2020-06-25 00:00:00-04:00,0.871999979019165,0.871999979019165,0.871999979019165,0.871999979019165,75,0.0,0.0
2020-06-26 00:00:00-04:00,0.871999979019165,0.871999979019165,0.871999979019165,0.871999979019165,50,0.0,0.0
2020-06-29 00:00:00-04:00,0.8199999928474426,0.8199999928474426,0.8199999928474426,0.8199999928474426,225,0.0,0.0
2020-06-30 00:00:00-04:00,0.8199999928474426,0.8199999928474426,0.8199999928474426,0.8199999928474426,0,0.0,0.0
2020-07-01 00:00:00-04:00,0.8199999928474426,0.8199999928474426,0.8199999928474426,0.8199999928474426,0,0.0,0.0
2020-07-02 00:00:00-04:00,0.7400000095367432,0.871999979019165,0.7400000095367432,0.871999979019165,1150,0.0,0.0
2020-07-06 00:00:00-04:00,1.0,1.0,0.871999979019165,0.871999979019165,650,0.0,0.0
2020-07-07 00:00:00-04:00,0.8119999766349792,0.8119999766349792,0.41999998688697815,0.800000011920929,2275,0.0,0.0
2020-07-08 00:00:00-04:00,0.800000011920929,0.800000011920929,0.800000011920929,0.800000011920929,0,0.0,0.0
2020-07-09 00:00:00-04:00,0.800000011920929,1.0,0.6880000233650208,1.0,4050,0.0,0.0
2020-07-10 00:00:00-04:00,1.0,1.0,0.8999999761581421,0.8999999761581421,375,0.0,0.0
2020-07-13 00:00:00-04:00,0.8999999761581421,0.8999999761581421,0.8999999761581421,0.8999999761581421,0,0.0,0.0
2020-07-14 00:00:00-04:00,0.8999999761581421,0.8999999761581421,0.8999999761581421,0.8999999761581421,0,0.0,0.0
2020-07-15 00:00:00-04:00,0.8999999761581421,0.8999999761581421,0.8799999952316284,0.8799999952316284,750,0.0,0.0
2020-07-16 00:00:00-04:00,0.8399999737739563,0.9200000166893005,0.8399999737739563,0.8799999952316284,3300,0.0,0.0
2020-07-17 00:00:00-04:00,0.8799999952316284,0.8799999952316284,0.8799999952316284,0.8799999952316284,0,0.0,0.0
2020-07-20 00:00:00-04:00,0.800000011920929,0.800000011920929,0.800000011920929,0.800000011920929,1025,0.0,0.0
2020-07-21 00:00:00-04:00,0.800000011920929,0.800000011920929,0.800000011920929,0.800000011920929,800,0.0,0.0
2020-07-22 00:00:00-04:00,0.800000011920929,0.800000011920929,0.800000011920929,0.800000011920929,0,0.0,0.0
2020-07-23 00:00:00-04:00,1.0,1.1799999475479126,1.0,1.1799999475479126,400,0.0,0.0
2020-07-24 00:00:00-04:00,1.1920000314712524,1.1920000314712524,1.1920000314712524,1.1920000314712524,125,0.0,0.0
2020-07-27 00:00:00-04:00,1.1920000314712524,1.1920000314712524,1.1920000314712524,1.1920000314712524,0,0.0,0.0
2020-07-28 00:00:00-04:00,1.0399999618530273,1.1799999475479126,1.0399999618530273,1.1799999475479126,950,0.0,0.0
2020-07-29 00:00:00-04:00,1.1799999475479126,1.1799999475479126,1.1799999475479126,1.1799999475479126,100,0.0,0.0
2020-07-30 00:00:00-04:00,1.1799999475479126,1.1799999475479126,1.1799999475479126,1.1799999475479126,0,0.0,0.0
2020-07-31 00:00:00-04:00,1.1799999475479126,1.1799999475479126,1.1799999475479126,1.1799999475479126,0,0.0,0.0
2020-08-03 00:00:00-04:00,1.1799999475479126,1.1799999475479126,1.1799999475479126,1.1799999475479126,0,0.0,0.0
2020-08-04 00:00:00-04:00,0.8040000200271606,1.1759999990463257,0.800000011920929,1.1759999990463257,2625,0.0,0.0
2020-08-05 00:00:00-04:00,1.1759999990463257,1.1759999990463257,1.1759999990463257,1.1759999990463257,0,0.0,0.0
2020-08-06 00:00:00-04:00,1.100000023841858,1.100000023841858,0.6200000047683716,0.9200000166893005,4700,0.0,0.0
2020-08-07 00:00:00-04:00,1.1759999990463257,1.1759999990463257,1.1759999990463257,1.1759999990463257,25,0.0,0.0
2020-08-10 00:00:00-04:00,1.1759999990463257,1.1759999990463257,1.1759999990463257,1.1759999990463257,0,0.0,0.0
2020-08-11 00:00:00-04:00,1.159999966621399,1.5399999618530273,1.159999966621399,1.5399999618530273,36575,0.0,0.0
2020-08-12 00:00:00-04:00,1.600000023841858,1.6399999856948853,1.440000057220459,1.5199999809265137,8050,0.0,0.0
2020-08-13 00:00:00-04:00,1.440000057220459,1.559999942779541,1.440000057220459,1.555999994277954,11550,0.0,0.0
2020-08-14 00:00:00-04:00,1.4800000190734863,1.4800000190734863,1.4800000190734863,1.4800000190734863,50,0.0,0.0
2020-08-17 00:00:00-04:00,0.8799999952316284,1.559999942779541,0.8799999952316284,1.4800000190734863,22225,0.0,0.0
2020-08-18 00:00:00-04:00,1.399999976158142,1.399999976158142,1.399999976158142,1.399999976158142,3975,0.0,0.0
2020-08-19 00:00:00-04:00,1.399999976158142,1.5199999809265137,1.399999976158142,1.5199999809265137,3925,0.0,0.0
2020-08-20 00:00:00-04:00,1.5199999809265137,1.5199999809265137,1.399999976158142,1.4800000190734863,6600,0.0,0.0
2020-08-21 00:00:00-04:00,1.5199999809265137,1.5199999809265137,1.4800000190734863,1.5199999809265137,13000,0.0,0.0
2020-08-24 00:00:00-04:00,1.5440000295639038,1.5440000295639038,1.5440000295639038,1.5440000295639038,100,0.0,0.0
2020-08-25 00:00:00-04:00,1.5679999589920044,1.5679999589920044,1.559999942779541,1.559999942779541,75,0.0,0.0
2020-08-26 00:00:00-04:00,1.559999942779541,1.5800000429153442,1.559999942779541,1.5800000429153442,2600,0.0,0.0
2020-08-27 00:00:00-04:00,1.5800000429153442,1.5800000429153442,1.5800000429153442,1.5800000429153442,0,0.0,0.0
2020-08-28 00:00:00-04:00,1.5399999618530273,1.5399999618530273,1.5399999618530273,1.5399999618530273,50,0.0,0.0
2020-08-31 00:00:00-04:00,1.5399999618530273,1.5399999618530273,1.5399999618530273,1.5399999618530273,400,0.0,0.0
2020-09-01 00:00:00-04:00,1.5399999618530273,1.5399999618530273,1.5399999618530273,1.5399999618530273,25,0.0,0.0
2020-09-02 00:00:00-04:00,1.5520000457763672,1.5520000457763672,1.5520000457763672,1.5520000457763672,25,0.0,0.0
2020-09-03 00:00:00-04:00,1.5520000457763672,1.5520000457763672,1.5520000457763672,1.5520000457763672,0,0.0,0.0
2020-09-04 00:00:00-04:00,1.5520000457763672,1.5520000457763672,1.5520000457763672,1.5520000457763672,50,0.0,0.0
2020-09-08 00:00:00-04:00,1.5520000457763672,1.5520000457763672,1.5520000457763672,1.5520000457763672,0,0.0,0.0
2020-09-09 00:00:00-04:00,1.5199999809265137,1.8799999952316284,1.5199999809265137,1.8799999952316284,1775,0.0,0.0
2020-09-10 00:00:00-04:00,1.6399999856948853,1.6399999856948853,1.6399999856948853,1.6399999856948853,125,0.0,0.0
2020-09-11 00:00:00-04:00,1.6399999856948853,1.6399999856948853,1.6399999856948853,1.6399999856948853,0,0.0,0.0
2020-09-14 00:00:00-04:00,1.5399999618530273,1.5399999618530273,1.5199999809265137,1.5199999809265137,375,0.0,0.0
2020-09-15 00:00:00-04:00,1.5199999809265137,1.5199999809265137,1.5199999809265137,1.5199999809265137,275,0.0,0.0
2020-09-16 00:00:00-04:00,1.5199999809265137,1.5199999809265137,1.5199999809265137,1.5199999809265137,0,0.0,0.0
2020-09-17 00:00:00-04:00,1.5199999809265137,1.5199999809265137,1.5199999809265137,1.5199999809265137,0,0.0,0.0
2020-09-18 00:00:00-04:00,1.4800000190734863,1.531999945640564,1.4800000190734863,1.531999945640564,175,0.0,0.0
2020-09-21 00:00:00-04:00,1.531999945640564,1.531999945640564,1.531999945640564,1.531999945640564,0,0.0,0.0
2020-09-22 00:00:00-04:00,1.4800000190734863,1.4800000190734863,1.4800000190734863,1.4800000190734863,675,0.0,0.0
2020-09-23 00:00:00-04:00,1.4800000190734863,1.4800000190734863,1.4800000190734863,1.4800000190734863,0,0.0,0.0
2020-09-24 00:00:00-04:00,1.4800000190734863,1.559999942779541,1.399999976158142,1.559999942779541,500,0.0,0.0
2020-09-25 00:00:00-04:00,1.559999942779541,1.559999942779541,1.559999942779541,1.559999942779541,0,0.0,0.0
2020-09-28 00:00:00-04:00,1.4199999570846558,1.440000057220459,1.4199999570846558,1.440000057220459,775,0.0,0.0
2020-09-29 00:00:00-04:00,1.440000057220459,1.440000057220459,1.440000057220459,1.440000057220459,0,0.0,0.0
2020-09-30 00:00:00-04:00,1.440000057220459,1.440000057220459,1.440000057220459,1.440000057220459,0,0.0,0.0
2020-10-01 00:00:00-04:00,1.399999976158142,1.399999976158142,1.399999976158142,1.399999976158142,1750,0.0,0.0
2020-10-02 00:00:00-04:00,1.399999976158142,1.399999976158142,1.399999976158142,1.399999976158142,0,0.0,0.0
2020-10-05 00:00:00-04:00,1.399999976158142,1.5199999809265137,1.399999976158142,1.5199999809265137,5275,0.0,0.0
2020-10-06 00:00:00-04:00,1.399999976158142,1.399999976158142,1.399999976158142,1.399999976158142,5550,0.0,0.0
2020-10-07 00:00:00-04:00,1.399999976158142,1.399999976158142,1.399999976158142,1.399999976158142,1125,0.0,0.0
2020-10-08 00:00:00-04:00,1.399999976158142,1.399999976158142,1.399999976158142,1.399999976158142,5625,0.0,0.0
2020-10-09 00:00:00-04:00,1.399999976158142,1.399999976158142,1.399999976158142,1.399999976158142,0,0.0,0.0
2020-10-12 00:00:00-04:00,1.399999976158142,1.399999976158142,1.399999976158142,1.399999976158142,3125,0.0,0.0
2020-10-13 00:00:00-04:00,1.399999976158142,1.399999976158142,1.399999976158142,1.399999976158142,1125,0.0,0.0
2020-10-14 00:00:00-04:00,1.399999976158142,1.399999976158142,1.399999976158142,1.399999976158142,0,0.0,0.0
2020-10-15 00:00:00-04:00,1.399999976158142,1.399999976158142,1.399999976158142,1.399999976158142,0,0.0,0.0
2020-10-16 00:00:00-04:00,1.399999976158142,1.399999976158142,1.399999976158142,1.399999976158142,500,0.0,0.0
2020-10-19 00:00:00-04:00,1.399999976158142,1.399999976158142,1.399999976158142,1.399999976158142,150,0.0,0.0
2020-10-20 00:00:00-04:00,1.399999976158142,1.399999976158142,1.399999976158142,1.399999976158142,1350,0.0,0.0
2020-10-21 00:00:00-04:00,1.5199999809265137,1.5199999809265137,1.399999976158142,1.399999976158142,3375,0.0,0.0
2020-10-22 00:00:00-04:00,1.5199999809265137,1.5199999809265137,1.5199999809265137,1.5199999809265137,25,0.0,0.0
2020-10-23 00:00:00-04:00,1.5199999809265137,1.5199999809265137,1.5199999809265137,1.5199999809265137,25,0.0,0.0
2020-10-26 00:00:00-04:00,1.399999976158142,1.399999976158142,1.399999976158142,1.399999976158142,250,0.0,0.0
2020-10-27 00:00:00-04:00,1.4199999570846558,1.468000054359436,1.4199999570846558,1.468000054359436,1700,0.0,0.0
2020-10-28 00:00:00-04:00,1.468000054359436,1.468000054359436,1.468000054359436,1.468000054359436,0,0.0,0.0
2020-10-29 00:00:00-04:00,1.559999942779541,1.559999942779541,1.559999942779541,1.559999942779541,25,0.0,0.0
2020-10-30 00:00:00-04:00,1.559999942779541,1.559999942779541,1.559999942779541,1.559999942779541,0,0.0,0.0
2020-11-02 00:00:00-05:00,1.559999942779541,1.559999942779541,1.559999942779541,1.559999942779541,0,0.0,0.0
2020-11-03 00:00:00-05:00,1.559999942779541,1.559999942779541,1.559999942779541,1.559999942779541,0,0.0,0.0
2020-11-04 00:00:00-05:00,1.559999942779541,1.559999942779541,1.559999942779541,1.559999942779541,0,0.0,0.0
2020-11-05 00:00:00-05:00,1.559999942779541,1.559999942779541,1.559999942779541,1.559999942779541,0,0.0,0.0
2020-11-06 00:00:00-05:00,1.4199999570846558,1.4199999570846558,1.4199999570846558,1.4199999570846558,800,0.0,0.0
2020-11-09 00:00:00-05:00,1.5199999809265137,1.5199999809265137,1.5199999809265137,1.5199999809265137,25,0.0,0.0
2020-11-10 00:00:00-05:00,1.4199999570846558,1.4199999570846558,1.4199999570846558,1.4199999570846558,175,0.0,0.0
2020-11-11 00:00:00-05:00,1.4199999570846558,1.4199999570846558,1.4199999570846558,1.4199999570846558,0,0.0,0.0
2020-11-12 00:00:00-05:00,1.4199999570846558,1.4199999570846558,1.4199999570846558,1.4199999570846558,0,0.0,0.0
2020-11-13 00:00:00-05:00,1.4199999570846558,1.4199999570846558,1.4199999570846558,1.4199999570846558,1625,0.0,0.0
2020-11-16 00:00:00-05:00,1.5199999809265137,1.5199999809265137,1.5199999809265137,1.5199999809265137,25,0.0,0.0
2020-11-17 00:00:00-05:00,1.5199999809265137,1.5199999809265137,1.5199999809265137,1.5199999809265137,250,0.0,0.0
2020-11-18 00:00:00-05:00,1.559999942779541,1.559999942779541,1.559999942779541,1.559999942779541,750,0.0,0.0
2020-11-19 00:00:00-05:00,1.559999942779541,1.559999942779541,1.559999942779541,1.559999942779541,0,0.0,0.0
2020-11-20 00:00:00-05:00,1.4199999570846558,1.4199999570846558,1.4199999570846558,1.4199999570846558,250,0.0,0.0
2020-11-23 00:00:00-05:00,1.5199999809265137,1.5199999809265137,1.4199999570846558,1.4199999570846558,525,0.0,0.0
2020-11-24 00:00:00-05:00,1.4199999570846558,1.4199999570846558,1.4199999570846558,1.4199999570846558,0,0.0,0.0
2020-11-25 00:00:00-05:00,1.399999976158142,1.4800000190734863,1.2400000095367432,1.4800000190734863,10800,0.0,0.0
2020-11-27 00:00:00-05:00,1.4800000190734863,1.4800000190734863,1.4800000190734863,1.4800000190734863,25,0.0,0.0
2020-11-30 00:00:00-05:00,1.4800000190734863,1.4800000190734863,1.4800000190734863,1.4800000190734863,0,0.0,0.0
2020-12-01 00:00:00-05:00,1.399999976158142,1.4800000190734863,1.399999976158142,1.4800000190734863,950,0.0,0.0
2020-12-02 00:00:00-05:00,1.440000057220459,1.440000057220459,1.440000057220459,1.440000057220459,750,0.0,0.0
2020-12-03 00:00:00-05:00,1.440000057220459,1.440000057220459,1.440000057220459,1.440000057220459,0,0.0,0.0
2020-12-04 00:00:00-05:00,1.399999976158142,1.399999976158142,1.399999976158142,1.399999976158142,25,0.0,0.0
2020-12-07 00:00:00-05:00,1.5199999809265137,1.5199999809265137,1.5199999809265137,1.5199999809265137,25,0.0,0.0
2020-12-08 00:00:00-05:00,1.4800000190734863,1.4800000190734863,1.4800000190734863,1.4800000190734863,25,0.0,0.0
2020-12-09 00:00:00-05:00,1.4199999570846558,1.4199999570846558,1.4199999570846558,1.4199999570846558,175,0.0,0.0
2020-12-10 00:00:00-05:00,1.4199999570846558,1.4199999570846558,1.4199999570846558,1.4199999570846558,0,0.0,0.0
2020-12-11 00:00:00-05:00,1.3240000009536743,1.399999976158142,1.3240000009536743,1.399999976158142,475,0.0,0.0
2020-12-14 00:00:00-05:00,1.3799999952316284,1.4800000190734863,1.3200000524520874,1.4800000190734863,2500,0.0,0.0
2020-12-15 00:00:00-05:00,1.4800000190734863,1.4800000190734863,1.4800000190734863,1.4800000190734863,0,0.0,0.0
2020-12-16 00:00:00-05:00,1.3600000143051147,1.3600000143051147,1.3600000143051147,1.3600000143051147,625,0.0,0.0
2020-12-17 00:00:00-05:00,1.3760000467300415,1.4160000085830688,1.3200000524520874,1.399999976158142,1725,0.0,0.0
2020-12-18 00:00:00-05:00,1.440000057220459,1.440000057220459,1.399999976158142,1.399999976158142,900,0.0,0.0
2020-12-21 00:00:00-05:00,1.399999976158142,1.399999976158142,1.399999976158142,1.399999976158142,0,0.0,0.0
2020-12-22 00:00:00-05:00,1.3799999952316284,1.399999976158142,1.3799999952316284,1.399999976158142,1525,0.0,0.0
2020-12-23 00:00:00-05:00,1.399999976158142,1.399999976158142,1.399999976158142,1.399999976158142,0,0.0,0.0
2020-12-24 00:00:00-05:00,1.4800000190734863,1.4800000190734863,1.4800000190734863,1.4800000190734863,250,0.0,0.0
2020-12-28 00:00:00-05:00,1.4800000190734863,1.4800000190734863,1.4800000190734863,1.4800000190734863,0,0.0,0.0
2020-12-29 00:00:00-05:00,1.3200000524520874,1.3200000524520874,1.3200000524520874,1.3200000524520874,225,0.0,0.0
2020-12-30 00:00:00-05:00,1.559999942779541,1.559999942779541,1.559999942779541,1.559999942779541,25,0.0,0.0
2020-12-31 00:00:00-05:00,1.559999942779541,1.559999942779541,1.559999942779541,1.559999942779541,0,0.0,0.0
2021-01-04 00:00:00-05:00,1.3200000524520874,1.3200000524520874,1.3200000524520874,1.3200000524520874,5000,0.0,0.0
2021-01-05 00:00:00-05:00,1.559999942779541,1.559999942779541,1.559999942779541,1.559999942779541,25,0.0,0.0
2021-01-06 00:00:00-05:00,1.559999942779541,1.559999942779541,1.559999942779541,1.559999942779541,0,0.0,0.0
2021-01-07 00:00:00-05:00,1.8799999952316284,1.8799999952316284,1.8799999952316284,1.8799999952316284,125,0.0,0.0
2021-01-08 00:00:00-05:00,1.559999942779541,1.8799999952316284,1.559999942779541,1.8799999952316284,6250,0.0,0.0
2021-01-11 00:00:00-05:00,1.7999999523162842,1.7999999523162842,1.600000023841858,1.600000023841858,3250,0.0,0.0
2021-01-12 00:00:00-05:00,1.600000023841858,1.628000020980835,1.600000023841858,1.628000020980835,5725,0.0,0.0
2021-01-13 00:00:00-05:00,1.628000020980835,1.628000020980835,1.628000020980835,1.628000020980835,0,0.0,0.0
2021-01-14 00:00:00-05:00,1.628000020980835,1.628000020980835,1.628000020980835,1.628000020980835,25,0.0,0.0
2021-01-15 00:00:00-05:00,1.628000020980835,1.628000020980835,1.628000020980835,1.628000020980835,0,0.0,0.0
2021-01-19 00:00:00-05:00,1.600000023841858,1.628000020980835,1.600000023841858,1.628000020980835,3750,0.0,0.0
2021-01-20 00:00:00-05:00,1.600000023841858,1.600000023841858,1.600000023841858,1.600000023841858,5425,0.0,0.0
2021-01-21 00:00:00-05:00,1.600000023841858,1.6799999475479126,1.600000023841858,1.6799999475479126,625,0.0,0.0
2021-01-22 00:00:00-05:00,1.6799999475479126,1.6799999475479126,1.6519999504089355,1.6519999504089355,400,0.0,0.0
2021-01-25 00:00:00-05:00,1.6519999504089355,1.6519999504089355,1.6519999504089355,1.6519999504089355,0,0.0,0.0
2021-01-26 00:00:00-05:00,1.6399999856948853,1.6399999856948853,1.6399999856948853,1.6399999856948853,25,0.0,0.0
2021-01-27 00:00:00-05:00,1.6399999856948853,1.6399999856948853,1.6399999856948853,1.6399999856948853,0,0.0,0.0
2021-01-28 00:00:00-05:00,1.600000023841858,1.600000023841858,1.600000023841858,1.600000023841858,4625,0.0,0.0
2021-01-29 00:00:00-05:00,1.600000023841858,1.7319999933242798,1.600000023841858,1.7319999933242798,3100,0.0,0.0
2021-02-01 00:00:00-05:00,1.7280000448226929,1.7599999904632568,1.600000023841858,1.7599999904632568,325,0.0,0.0
2021-02-02 00:00:00-05:00,1.7599999904632568,1.7599999904632568,1.7599999904632568,1.7599999904632568,0,0.0,0.0
2021-02-03 00:00:00-05:00,1.7599999904632568,1.7599999904632568,1.7599999904632568,1.7599999904632568,0,0.0,0.0
2021-02-04 00:00:00-05:00,1.600000023841858,1.7400000095367432,1.600000023841858,1.7400000095367432,325,0.0,0.0
2021-02-05 00:00:00-05:00,1.600000023841858,1.7599999904632568,1.600000023841858,1.7599999904632568,350,0.0,0.0
2021-02-08 00:00:00-05:00,1.7999999523162842,1.7999999523162842,1.7999999523162842,1.7999999523162842,25,0.0,0.0
2021-02-09 00:00:00-05:00,1.7599999904632568,1.7599999904632568,1.7599999904632568,1.7599999904632568,25,0.0,0.0
2021-02-10 00:00:00-05:00,1.9199999570846558,1.9199999570846558,1.7999999523162842,1.7999999523162842,600,0.0,0.0
2021-02-11 00:00:00-05:00,1.600000023841858,1.600000023841858,1.600000023841858,1.600000023841858,250,0.0,0.0
2021-02-12 00:00:00-05:00,1.7319999933242798,1.7319999933242798,1.7319999933242798,1.7319999933242798,50,0.0,0.0
2021-02-16 00:00:00-05:00,1.6399999856948853,1.7200000286102295,1.6200000047683716,1.6679999828338623,3625,0.0,0.0
2021-02-17 00:00:00-05:00,1.6519999504089355,1.6519999504089355,1.6519999504089355,1.6519999504089355,125,0.0,0.0
2021-02-18 00:00:00-05:00,1.6519999504089355,1.6519999504089355,1.6519999504089355,1.6519999504089355,500,0.0,0.0
2021-02-19 00:00:00-05:00,1.6519999504089355,1.840000033378601,1.6519999504089355,1.840000033378601,3300,0.0,0.0
2021-02-22 00:00:00-05:00,1.6799999475479126,1.9199999570846558,1.6519999504089355,1.6519999504089355,3400,0.0,0.0
2021-02-23 00:00:00-05:00,1.6799999475479126,1.7319999933242798,1.6519999504089355,1.7319999933242798,2300,0.0,0.0
2021-02-24 00:00:00-05:00,1.7319999933242798,1.8799999952316284,1.6519999504089355,1.8799999952316284,7000,0.0,0.0
2021-02-25 00:00:00-05:00,1.8799999952316284,1.8799999952316284,1.8799999952316284,1.8799999952316284,125,0.0,0.0
2021-02-26 00:00:00-05:00,1.9600000381469727,2.0,1.9600000381469727,2.0,375,0.0,0.0
2021-03-01 00:00:00-05:00,2.0,2.0,2.0,2.0,0,0.0,0.0
2021-03-02 00:00:00-05:00,1.600000023841858,1.600000023841858,1.600000023841858,1.600000023841858,350,0.0,0.0
2021-03-03 00:00:00-05:00,1.600000023841858,1.600000023841858,1.600000023841858,1.600000023841858,0,0.0,0.0
2021-03-04 00:00:00-05:00,1.600000023841858,1.600000023841858,1.600000023841858,1.600000023841858,0,0.0,0.0
2021-03-05 00:00:00-05:00,1.6799999475479126,2.0799999237060547,1.6799999475479126,2.0799999237060547,425,0.0,0.0
2021-03-08 00:00:00-05:00,2.0,2.0,1.600000023841858,2.0,300,0.0,0.0
2021-03-09 00:00:00-05:00,2.0,2.0,1.600000023841858,1.600000023841858,175,0.0,0.0
2021-03-10 00:00:00-05:00,1.600000023841858,1.600000023841858,1.600000023841858,1.600000023841858,0,0.0,0.0
2021-03-11 00:00:00-05:00,2.0,2.0,1.7999999523162842,1.7999999523162842,100,0.0,0.0
2021-03-12 00:00:00-05:00,1.9199999570846558,2.0,1.9199999570846558,2.0,1975,0.0,0.0
2021-03-15 00:00:00-04:00,2.200000047683716,16.639999389648438,2.0,4.840000152587891,67675,0.0,0.0
2021-03-16 00:00:00-04:00,5.0,5.0,4.400000095367432,4.800000190734863,20050,0.0,0.0
2021-03-17 00:00:00-04:00,4.800000190734863,5.0,4.400000095367432,5.0,22375,0.0,0.0
2021-03-18 00:00:00-04:00,4.960000038146973,5.0,4.400000095367432,4.71999979019165,9750,0.0,0.0
2021-03-19 00:00:00-04:00,4.800000190734863,4.800000190734863,3.640000104904175,4.71999979019165,6400,0.0,0.0
2021-03-22 00:00:00-04:00,4.800000190734863,4.920000076293945,4.739999771118164,4.920000076293945,6025,0.0,0.0
2021-03-23 00:00:00-04:00,5.0,5.0,4.880000114440918,4.900000095367432,16800,0.0,0.0
2021-03-24 00:00:00-04:00,4.940000057220459,5.28000020980835,4.920000076293945,5.199999809265137,11075,0.0,0.0
2021-03-25 00:00:00-04:00,5.320000171661377,6.360000133514404,5.320000171661377,5.800000190734863,23125,0.0,0.0
2021-03-26 00:00:00-04:00,5.840000152587891,6.71999979019165,5.840000152587891,6.71999979019165,13775,0.0,0.0
2021-03-29 00:00:00-04:00,6.71999979019165,6.800000190734863,6.400000095367432,6.400000095367432,12450,0.0,0.0
2021-03-30 00:00:00-04:00,6.760000228881836,6.760000228881836,6.5,6.599999904632568,3950,0.0,0.0
2021-03-31 00:00:00-04:00,5.960000038146973,6.480000019073486,5.199999809265137,6.480000019073486,1825,0.0,0.0
2021-04-01 00:00:00-04:00,6.480000019073486,6.679999828338623,6.480000019073486,6.679999828338623,5450,0.0,0.0
2021-04-05 00:00:00-04:00,6.679999828338623,7.0,6.599999904632568,6.920000076293945,11825,0.0,0.0
2021-04-06 00:00:00-04:00,6.900000095367432,7.320000171661377,6.880000114440918,7.28000020980835,9150,0.0,0.0
2021-04-07 00:00:00-04:00,7.199999809265137,7.519999980926514,7.039999961853027,7.039999961853027,7275,0.0,0.0
2021-04-08 00:00:00-04:00,7.239999771118164,7.239999771118164,7.239999771118164,7.239999771118164,725,0.0,0.0
2021-04-09 00:00:00-04:00,7.239999771118164,7.239999771118164,6.800000190734863,7.239999771118164,7425,0.0,0.0
2021-04-12 00:00:00-04:00,7.239999771118164,7.320000171661377,6.800000190734863,7.0,5800,0.0,0.0
2021-04-13 00:00:00-04:00,7.0,7.519999980926514,7.0,7.519999980926514,7675,0.0,0.0
2021-04-14 00:00:00-04:00,7.480000019073486,7.519999980926514,7.360000133514404,7.480000019073486,5950,0.0,0.0
2021-04-15 00:00:00-04:00,7.519999980926514,7.599999904632568,7.480000019073486,7.480000019073486,9250,0.0,0.0
2021-04-16 00:00:00-04:00,7.559999942779541,7.559999942779541,4.119999885559082,7.440000057220459,13275,0.0,0.0
2021-04-19 00:00:00-04:00,7.519999980926514,7.559999942779541,7.480000019073486,7.559999942779541,1900,0.0,0.0
2021-04-20 00:00:00-04:00,7.599999904632568,7.71999979019165,7.400000095367432,7.599999904632568,1600,0.0,0.0
2021-04-21 00:00:00-04:00,7.599999904632568,7.599999904632568,6.940000057220459,7.519999980926514,5225,0.0,0.0
2021-04-22 00:00:00-04:00,7.559999942779541,7.739999771118164,7.199999809265137,7.659999847412109,2350,0.0,0.0
2021-04-23 00:00:00-04:00,7.679999828338623,7.840000152587891,7.599999904632568,7.800000190734863,3350,0.0,0.0
2021-04-26 00:00:00-04:00,7.800000190734863,7.800000190734863,7.71999979019165,7.760000228881836,1150,0.0,0.0
2021-04-27 00:00:00-04:00,7.800000190734863,7.800000190734863,7.599999904632568,7.599999904632568,2425,0.0,0.0
2021-04-28 00:00:00-04:00,7.599999904632568,7.679999828338623,7.576000213623047,7.679999828338623,5075,0.0,0.0
2021-04-29 00:00:00-04:00,7.760000228881836,7.800000190734863,7.599999904632568,7.639999866485596,7450,0.0,0.0
2021-04-30 00:00:00-04:00,7.619999885559082,7.840000152587891,7.599999904632568,7.599999904632568,3250,0.0,0.0
2021-05-03 00:00:00-04:00,7.599999904632568,7.599999904632568,7.199999809265137,7.380000114440918,2750,0.0,0.0
2021-05-04 00:00:00-04:00,7.599999904632568,7.599999904632568,6.71999979019165,6.71999979019165,1900,0.0,0.0
2021-05-05 00:00:00-04:00,6.360000133514404,7.840000152587891,6.360000133514404,7.599999904632568,4150,0.0,0.0
2021-05-06 00:00:00-04:00,6.039999961853027,7.599999904632568,6.039999961853027,7.599999904632568,2025,0.0,0.0
2021-05-07 00:00:00-04:00,7.699999809265137,7.699999809265137,6.71999979019165,7.559999942779541,2800,0.0,0.0
2021-05-10 00:00:00-04:00,6.480000019073486,7.559999942779541,6.480000019073486,7.559999942779541,400,0.0,0.0
2021-05-11 00:00:00-04:00,7.044000148773193,7.639999866485596,7.044000148773193,7.559999942779541,125,0.0,0.0
2021-05-12 00:00:00-04:00,7.5,7.519999980926514,6.800000190734863,6.800000190734863,1450,0.0,0.0
2021-05-13 00:00:00-04:00,7.400000095367432,7.400000095367432,6.880000114440918,7.400000095367432,75,0.0,0.0
2021-05-14 00:00:00-04:00,7.400000095367432,7.400000095367432,7.400000095367432,7.400000095367432,0,0.0,0.0
2021-05-17 00:00:00-04:00,7.0,7.840000152587891,7.0,7.800000190734863,2700,0.0,0.0
2021-05-18 00:00:00-04:00,7.800000190734863,8.399999618530273,7.788000106811523,8.279999732971191,5750,0.0,0.0
2021-05-19 00:00:00-04:00,8.520000457763672,8.600000381469727,8.5,8.520000457763672,3500,0.0,0.0
2021-05-20 00:00:00-04:00,9.100000381469727,9.100000381469727,5.440000057220459,8.800000190734863,3900,0.0,0.0
2021-05-21 00:00:00-04:00,8.800000190734863,8.800000190734863,8.800000190734863,8.800000190734863,0,0.0,0.0
2021-05-24 00:00:00-04:00,8.579999923706055,8.720000267028809,8.039999961853027,8.720000267028809,500,0.0,0.0
2021-05-25 00:00:00-04:00,8.600000381469727,8.720000267028809,8.0,8.5600004196167,2100,0.0,0.0
2021-05-26 00:00:00-04:00,8.239999771118164,8.600000381469727,8.15999984741211,8.600000381469727,1050,0.0,0.0
2021-05-27 00:00:00-04:00,8.600000381469727,8.600000381469727,8.199999809265137,8.199999809265137,700,0.0,0.0
2021-05-28 00:00:00-04:00,8.220000267028809,8.531999588012695,8.220000267028809,8.531999588012695,550,0.0,0.0
2021-06-01 00:00:00-04:00,8.600000381469727,8.640000343322754,8.399999618530273,8.520000457763672,1050,0.0,0.0
2021-06-02 00:00:00-04:00,8.5600004196167,8.640000343322754,8.399999618530273,8.640000343322754,1025,0.0,0.0
2021-06-03 00:00:00-04:00,8.5600004196167,8.680000305175781,8.227999687194824,8.640000343322754,2550,0.0,0.0
2021-06-04 00:00:00-04:00,8.640000343322754,8.640000343322754,8.199999809265137,8.359999656677246,2075,0.0,0.0
2021-06-07 00:00:00-04:00,8.640000343322754,8.680000305175781,8.331999778747559,8.399999618530273,1850,0.0,0.0
2021-06-08 00:00:00-04:00,8.600000381469727,8.680000305175781,8.399999618530273,8.680000305175781,3375,0.0,0.0
2021-06-09 00:00:00-04:00,8.680000305175781,8.680000305175781,8.4399995803833,8.4399995803833,850,0.0,0.0
2021-06-10 00:00:00-04:00,8.479999542236328,8.479999542236328,8.199999809265137,8.199999809265137,2875,0.0,0.0
2021-06-11 00:00:00-04:00,8.399999618530273,8.600000381469727,8.199999809265137,8.600000381469727,1275,0.0,0.0
2021-06-14 00:00:00-04:00,8.479999542236328,8.539999961853027,8.399999618530273,8.539999961853027,1275,0.0,0.0
2021-06-15 00:00:00-04:00,8.680000305175781,8.680000305175781,8.199999809265137,8.319999694824219,1175,0.0,0.0
2021-06-16 00:00:00-04:00,8.359999656677246,8.359999656677246,8.0,8.239999771118164,3250,0.0,0.0
2021-06-17 00:00:00-04:00,8.15999984741211,8.15999984741211,8.15999984741211,8.15999984741211,50,0.0,0.0
2021-06-18 00:00:00-04:00,7.840000152587891,7.960000038146973,7.079999923706055,7.960000038146973,875,0.0,0.0
2021-06-21 00:00:00-04:00,7.119999885559082,7.880000114440918,7.0,7.559999942779541,2350,0.0,0.0
2021-06-22 00:00:00-04:00,7.559999942779541,7.599999904632568,7.320000171661377,7.599999904632568,225,0.0,0.0
2021-06-23 00:00:00-04:00,7.400000095367432,7.760000228881836,6.900000095367432,7.71999979019165,1750,0.0,0.0
2021-06-24 00:00:00-04:00,7.659999847412109,7.659999847412109,6.0,7.599999904632568,1150,0.0,0.0
2021-06-25 00:00:00-04:00,7.0,7.559999942779541,6.415999889373779,6.920000076293945,1425,0.0,0.0
2021-06-28 00:00:00-04:00,8.079999923706055,8.079999923706055,6.820000171661377,6.960000038146973,250,0.0,0.0
2021-06-29 00:00:00-04:00,7.0,8.0,7.0,7.0,925,0.0,0.0
2021-06-30 00:00:00-04:00,7.199999809265137,7.199999809265137,6.039999961853027,7.119999885559082,425,0.0,0.0
2021-07-01 00:00:00-04:00,7.159999847412109,7.159999847412109,6.880000114440918,6.960000038146973,325,0.0,0.0
2021-07-02 00:00:00-04:00,6.920000076293945,7.079999923706055,6.840000152587891,7.079999923706055,1125,0.0,0.0
2021-07-06 00:00:00-04:00,6.840000152587891,7.159999847412109,6.840000152587891,7.079999923706055,1525,0.0,0.0
2021-07-07 00:00:00-04:00,6.880000114440918,6.920000076293945,6.039999961853027,6.039999961853027,625,0.0,0.0
2021-07-08 00:00:00-04:00,6.960000038146973,6.960000038146973,6.760000228881836,6.760000228881836,275,0.0,0.0
2021-07-09 00:00:00-04:00,6.800000190734863,7.0,6.71999979019165,6.960000038146973,650,0.0,0.0
2021-07-12 00:00:00-04:00,6.960000038146973,6.960000038146973,6.960000038146973,6.960000038146973,0,0.0,0.0
2021-07-13 00:00:00-04:00,6.599999904632568,7.0,6.239999771118164,7.0,300,0.0,0.0
2021-07-14 00:00:00-04:00,8.0,8.0,6.920000076293945,6.920000076293945,125,0.0,0.0
2021-07-15 00:00:00-04:00,7.0,7.0,7.0,7.0,125,0.0,0.0
2021-07-16 00:00:00-04:00,6.840000152587891,7.0,6.840000152587891,7.0,275,0.0,0.0
2021-07-19 00:00:00-04:00,6.840000152587891,7.0,6.0,6.0,1975,0.0,0.0
2021-07-20 00:00:00-04:00,6.199999809265137,6.880000114440918,6.199999809265137,6.840000152587891,850,0.0,0.0
2021-07-21 00:00:00-04:00,7.0,7.0,6.0,6.940000057220459,2125,0.0,0.0
2021-07-22 00:00:00-04:00,6.840000152587891,6.840000152587891,6.840000152587891,6.840000152587891,2600,0.0,0.0
2021-07-23 00:00:00-04:00,6.5,6.5,6.199999809265137,6.199999809265137,100,0.0,0.0
2021-07-26 00:00:00-04:00,6.599999904632568,6.599999904632568,6.239999771118164,6.239999771118164,725,0.0,0.0
2021-07-27 00:00:00-04:00,6.340000152587891,6.800000190734863,6.239999771118164,6.239999771118164,3350,0.0,0.0
2021-07-28 00:00:00-04:00,6.239999771118164,6.320000171661377,6.239999771118164,6.320000171661377,1050,0.0,0.0
2021-07-29 00:00:00-04:00,6.400000095367432,6.400000095367432,6.400000095367432,6.400000095367432,475,0.0,0.0
2021-07-30 00:00:00-04:00,6.320000171661377,6.599999904632568,6.300000190734863,6.599999904632568,6400,0.0,0.0
2021-08-02 00:00:00-04:00,6.619999885559082,6.619999885559082,6.440000057220459,6.599999904632568,7175,0.0,0.0
2021-08-03 00:00:00-04:00,6.800000190734863,6.800000190734863,6.800000190734863,6.800000190734863,750,0.0,0.0
2021-08-04 00:00:00-04:00,6.559999942779541,6.559999942779541,6.480000019073486,6.480000019073486,2550,0.0,0.0
2021-08-05 00:00:00-04:00,6.480000019073486,6.599999904632568,6.480000019073486,6.599999904632568,350,0.0,0.0
2021-08-06 00:00:00-04:00,6.559999942779541,6.599999904632568,6.360000133514404,6.480000019073486,9700,0.0,0.0
2021-08-09 00:00:00-04:00,6.239999771118164,6.340000152587891,6.239999771118164,6.239999771118164,4800,0.0,0.0
2021-08-10 00:00:00-04:00,6.239999771118164,6.239999771118164,6.0,6.0,2450,0.0,0.0
2021-08-11 00:00:00-04:00,6.0,6.599999904632568,6.0,6.599999904632568,1375,0.0,0.0
2021-08-12 00:00:00-04:00,6.599999904632568,6.599999904632568,6.599999904632568,6.599999904632568,50,0.0,0.0
2021-08-13 00:00:00-04:00,6.599999904632568,6.599999904632568,6.599999904632568,6.599999904632568,0,0.0,0.0
2021-08-16 00:00:00-04:00,6.599999904632568,6.599999904632568,6.599999904632568,6.599999904632568,0,0.0,0.0
2021-08-17 00:00:00-04:00,6.119999885559082,6.400000095367432,5.840000152587891,6.400000095367432,1025,0.0,0.0
2021-08-18 00:00:00-04:00,6.400000095367432,6.400000095367432,6.199999809265137,6.320000171661377,375,0.0,0.0
2021-08-19 00:00:00-04:00,6.199999809265137,6.239999771118164,5.840000152587891,6.079999923706055,375,0.0,0.0
2021-08-20 00:00:00-04:00,5.960000038146973,6.079999923706055,5.840000152587891,6.079999923706055,2850,0.0,0.0
2021-08-23 00:00:00-04:00,6.360000133514404,6.400000095367432,5.840000152587891,5.840000152587891,1150,0.0,0.0
2021-08-24 00:00:00-04:00,5.840000152587891,6.400000095367432,5.840000152587891,5.840000152587891,225,0.0,0.0
2021-08-25 00:00:00-04:00,5.840000152587891,5.840000152587891,5.840000152587891,5.840000152587891,0,0.0,0.0
2021-08-26 00:00:00-04:00,5.840000152587891,6.400000095367432,5.840000152587891,6.400000095367432,850,0.0,0.0
2021-08-27 00:00:00-04:00,6.119999885559082,6.119999885559082,6.119999885559082,6.119999885559082,50,0.0,0.0
2021-08-30 00:00:00-04:00,6.119999885559082,6.119999885559082,6.119999885559082,6.119999885559082,0,0.0,0.0
2021-08-31 00:00:00-04:00,6.320000171661377,6.400000095367432,5.840000152587891,6.400000095367432,1625,0.0,0.0
2021-09-01 00:00:00-04:00,6.320000171661377,6.400000095367432,4.199999809265137,5.800000190734863,4075,0.0,0.0
2021-09-02 00:00:00-04:00,5.840000152587891,5.840000152587891,5.760000228881836,5.840000152587891,575,0.0,0.0
2021-09-03 00:00:00-04:00,5.920000076293945,6.199999809265137,5.920000076293945,6.0,175,0.0,0.0
2021-09-07 00:00:00-04:00,6.0,6.199999809265137,6.0,6.199999809265137,1025,0.0,0.0
2021-09-08 00:00:00-04:00,6.199999809265137,6.239999771118164,5.079999923706055,6.239999771118164,1725,0.0,0.0
2021-09-09 00:00:00-04:00,6.239999771118164,6.320000171661377,6.199999809265137,6.199999809265137,700,0.0,0.0
2021-09-10 00:00:00-04:00,6.119999885559082,6.199999809265137,6.119999885559082,6.199999809265137,400,0.0,0.0
2021-09-13 00:00:00-04:00,5.800000190734863,6.400000095367432,5.800000190734863,6.400000095367432,3425,0.0,0.0
2021-09-14 00:00:00-04:00,6.400000095367432,6.400000095367432,6.400000095367432,6.400000095367432,1025,0.0,0.0
2021-09-15 00:00:00-04:00,6.199999809265137,6.400000095367432,6.199999809265137,6.400000095367432,400,0.0,0.0
2021-09-16 00:00:00-04:00,6.400000095367432,6.400000095367432,6.400000095367432,6.400000095367432,0,0.0,0.0
2021-09-17 00:00:00-04:00,6.0,6.0,6.0,6.0,1225,0.0,0.0
2021-09-20 00:00:00-04:00,5.840000152587891,6.400000095367432,5.800000190734863,6.320000171661377,3075,0.0,0.0
2021-09-21 00:00:00-04:00,6.320000171661377,6.400000095367432,6.320000171661377,6.400000095367432,950,0.0,0.0
2021-09-22 00:00:00-04:00,6.320000171661377,6.400000095367432,6.320000171661377,6.400000095367432,400,0.0,0.0
2021-09-23 00:00:00-04:00,6.519999980926514,6.519999980926514,6.199999809265137,6.300000190734863,325,0.0,0.0
2021-09-24 00:00:00-04:00,6.400000095367432,6.400000095367432,6.320000171661377,6.320000171661377,1875,0.0,0.0
2021-09-27 00:00:00-04:00,6.400000095367432,6.400000095367432,6.360000133514404,6.400000095367432,2600,0.0,0.0
2021-09-28 00:00:00-04:00,6.400000095367432,7.320000171661377,6.400000095367432,7.320000171661377,3025,0.0,0.0
2021-09-29 00:00:00-04:00,7.199999809265137,8.800000190734863,7.199999809265137,8.479999542236328,14200,0.0,0.0
2021-09-30 00:00:00-04:00,8.239999771118164,8.479999542236328,8.0,8.199999809265137,775,0.0,0.0
2021-10-01 00:00:00-04:00,8.071999549865723,8.199999809265137,8.0,8.071999549865723,1600,0.0,0.0
2021-10-04 00:00:00-04:00,8.199999809265137,9.0,8.199999809265137,8.680000305175781,13925,0.0,0.0
2021-10-05 00:00:00-04:00,8.880000114440918,9.039999961853027,8.699999809265137,8.800000190734863,6000,0.0,0.0
2021-10-06 00:00:00-04:00,8.800000190734863,9.199999809265137,8.800000190734863,9.15999984741211,8150,0.0,0.0
2021-10-07 00:00:00-04:00,9.199999809265137,9.199999809265137,8.199999809265137,8.199999809265137,1550,0.0,0.0
2021-10-08 00:00:00-04:00,8.779999732971191,8.800000190734863,8.399999618530273,8.680000305175781,800,0.0,0.0
2021-10-11 00:00:00-04:00,9.119999885559082,9.119999885559082,9.0,9.119999885559082,3700,0.0,0.0
2021-10-12 00:00:00-04:00,9.199999809265137,9.960000038146973,9.119999885559082,9.199999809265137,4750,0.0,0.0
2021-10-13 00:00:00-04:00,9.199999809265137,9.479999542236328,9.039999961853027,9.479999542236328,2850,0.0,0.0
2021-10-14 00:00:00-04:00,9.199999809265137,9.4399995803833,8.199999809265137,8.199999809265137,1750,0.0,0.0
2021-10-15 00:00:00-04:00,8.720000267028809,9.079999923706055,8.199999809265137,9.079999923706055,1575,0.0,0.0
2021-10-18 00:00:00-04:00,9.199999809265137,9.4399995803833,8.800000190734863,9.4399995803833,1575,0.0,0.0
2021-10-19 00:00:00-04:00,9.300000190734863,9.399999618530273,9.199999809265137,9.199999809265137,500,0.0,0.0
2021-10-20 00:00:00-04:00,9.479999542236328,9.479999542236328,9.380000114440918,9.399999618530273,3625,0.0,0.0
2021-10-21 00:00:00-04:00,9.479999542236328,9.5600004196167,9.34000015258789,9.479999542236328,7925,0.0,0.0
2021-10-22 00:00:00-04:00,9.479999542236328,9.779999732971191,9.4399995803833,9.479999542236328,6225,0.0,0.0
2021-10-25 00:00:00-04:00,10.0,10.0,9.479999542236328,9.720000267028809,1950,0.0,0.0
2021-10-26 00:00:00-04:00,9.479999542236328,9.479999542236328,9.479999542236328,9.479999542236328,300,0.0,0.0
2021-10-27 00:00:00-04:00,9.600000381469727,9.720000267028809,9.600000381469727,9.720000267028809,375,0.0,0.0
2021-10-28 00:00:00-04:00,10.0,10.0,10.0,10.0,50,0.0,0.0
2021-10-29 00:00:00-04:00,10.0,10.520000457763672,9.920000076293945,10.520000457763672,6650,0.0,0.0
2021-11-01 00:00:00-04:00,10.520000457763672,11.199999809265137,10.520000457763672,11.199999809265137,5325,0.0,0.0
2021-11-02 00:00:00-04:00,11.199999809265137,11.199999809265137,11.0,11.0,5350,0.0,0.0
2021-11-03 00:00:00-04:00,11.199999809265137,11.199999809265137,10.800000190734863,10.800000190734863,2300,0.0,0.0
2021-11-04 00:00:00-04:00,10.680000305175781,10.680000305175781,10.380000114440918,10.680000305175781,500,0.0,0.0
2021-11-05 00:00:00-04:00,11.079999923706055,11.15999984741211,10.779999732971191,11.15999984741211,850,0.0,0.0
2021-11-08 00:00:00-05:00,11.15999984741211,11.199999809265137,11.15999984741211,11.199999809265137,375,0.0,0.0
2021-11-09 00:00:00-05:00,10.800000190734863,19.600000381469727,8.079999923706055,12.359999656677246,14325,0.0,0.0
2021-11-10 00:00:00-05:00,15.0,15.0,12.359999656677246,12.359999656677246,4475,0.0,0.0
2021-11-11 00:00:00-05:00,13.0,13.0,12.199999809265137,12.279999732971191,2125,0.0,0.0
2021-11-12 00:00:00-05:00,13.800000190734863,15.800000190734863,13.800000190734863,15.399999618530273,4725,0.0,0.0
2021-11-15 00:00:00-05:00,15.800000190734863,15.800000190734863,15.0,15.199999809265137,5775,0.0,0.0
2021-11-16 00:00:00-05:00,15.199999809265137,15.199999809265137,14.239999771118164,14.880000114440918,1000,0.0,0.0
2021-11-17 00:00:00-05:00,14.0,15.920000076293945,14.0,15.920000076293945,2450,0.0,0.0
2021-11-18 00:00:00-05:00,14.960000038146973,15.420000076293945,12.399999618530273,14.0,10450,0.0,0.0
2021-11-19 00:00:00-05:00,13.600000381469727,13.600000381469727,12.0,12.800000190734863,2075,0.0,0.0
2021-11-22 00:00:00-05:00,12.0,12.720000267028809,12.0,12.720000267028809,650,0.0,0.0
2021-11-23 00:00:00-05:00,12.0,12.720000267028809,12.0,12.720000267028809,400,0.0,0.0
2021-11-24 00:00:00-05:00,12.399999618530273,15.600000381469727,12.399999618530273,13.0,2325,0.0,0.0
2021-11-26 00:00:00-05:00,12.0,13.800000190734863,12.0,12.199999809265137,375,0.0,0.0
2021-11-29 00:00:00-05:00,13.680000305175781,13.680000305175781,12.399999618530273,12.800000190734863,5700,0.0,0.0
2021-11-30 00:00:00-05:00,13.199999809265137,15.0,12.399999618530273,14.239999771118164,7600,0.0,0.0
2021-12-01 00:00:00-05:00,14.239999771118164,14.359999656677246,10.760000228881836,12.800000190734863,9425,0.0,0.0
2021-12-02 00:00:00-05:00,12.800000190734863,12.800000190734863,12.0,12.800000190734863,700,0.0,0.0
2021-12-03 00:00:00-05:00,12.800000190734863,12.800000190734863,12.800000190734863,12.800000190734863,0,0.0,0.0
2021-12-06 00:00:00-05:00,12.199999809265137,12.800000190734863,12.199999809265137,12.199999809265137,1375,0.0,0.0
2021-12-07 00:00:00-05:00,12.199999809265137,12.199999809265137,12.0,12.199999809265137,675,0.0,0.0
2021-12-08 00:00:00-05:00,12.199999809265137,12.199999809265137,12.131999969482422,12.131999969482422,350,0.0,0.0
2021-12-09 00:00:00-05:00,12.15999984741211,12.15999984741211,11.760000228881836,11.760000228881836,2625,0.0,0.0
2021-12-10 00:00:00-05:00,11.9399995803833,12.199999809265137,11.9399995803833,12.119999885559082,600,0.0,0.0
2021-12-13 00:00:00-05:00,12.119999885559082,14.0,12.119999885559082,12.800000190734863,1125,0.0,0.0
2021-12-14 00:00:00-05:00,12.600000381469727,12.800000190734863,12.600000381469727,12.800000190734863,250,0.0,0.0
2021-12-15 00:00:00-05:00,12.0,12.0,12.0,12.0,775,0.0,0.0
2021-12-16 00:00:00-05:00,12.0,12.0,12.0,12.0,675,0.0,0.0
2021-12-17 00:00:00-05:00,12.0,12.0,12.0,12.0,375,0.0,0.0
2021-12-20 00:00:00-05:00,11.079999923706055,11.960000038146973,10.279999732971191,11.960000038146973,450,0.0,0.0
2021-12-21 00:00:00-05:00,11.960000038146973,11.960000038146973,11.960000038146973,11.960000038146973,75,0.0,0.0
2021-12-22 00:00:00-05:00,11.960000038146973,11.960000038146973,11.359999656677246,11.399999618530273,1725,0.0,0.0
2021-12-23 00:00:00-05:00,11.387999534606934,11.387999534606934,10.760000228881836,10.760000228881836,1000,0.0,0.0
2021-12-27 00:00:00-05:00,10.279999732971191,10.479999542236328,10.0,10.399999618530273,4050,0.0,0.0
2021-12-28 00:00:00-05:00,10.399999618530273,11.399999618530273,9.199999809265137,11.199999809265137,2750,0.0,0.0
2021-12-29 00:00:00-05:00,11.300000190734863,11.399999618530273,11.300000190734863,11.399999618530273,650,0.0,0.0
2021-12-30 00:00:00-05:00,11.399999618530273,11.600000381469727,10.920000076293945,11.600000381469727,1025,0.0,0.0
2021-12-31 00:00:00-05:00,12.0,12.071999549865723,12.0,12.071999549865723,300,0.0,0.0
2022-01-03 00:00:00-05:00,12.0,12.399999618530273,12.0,12.399999618530273,2300,0.0,0.0
2022-01-04 00:00:00-05:00,12.399999618530273,12.4399995803833,12.0,12.0,975,0.0,0.0
2022-01-05 00:00:00-05:00,12.199999809265137,12.199999809265137,12.0,12.0,625,0.0,0.0
2022-01-06 00:00:00-05:00,11.239999771118164,12.0,11.239999771118164,12.0,1025,0.0,0.0
2022-01-07 00:00:00-05:00,12.0,12.0,12.0,12.0,200,0.0,0.0
2022-01-10 00:00:00-05:00,12.0,12.039999961853027,11.920000076293945,12.0,4450,0.0,0.0
2022-01-11 00:00:00-05:00,11.920000076293945,11.920000076293945,11.880000114440918,11.880000114440918,150,0.0,0.0
2022-01-12 00:00:00-05:00,11.920000076293945,12.0,11.920000076293945,11.960000038146973,1800,0.0,0.0
2022-01-13 00:00:00-05:00,11.84000015258789,11.84000015258789,11.600000381469727,11.600000381469727,200,0.0,0.0
2022-01-14 00:00:00-05:00,11.600000381469727,12.0,11.600000381469727,12.0,1175,0.0,0.0
2022-01-18 00:00:00-05:00,12.0,12.0,12.0,12.0,50,0.0,0.0
2022-01-19 00:00:00-05:00,11.600000381469727,12.0,11.079999923706055,11.699999809265137,2050,0.0,0.0
2022-01-20 00:00:00-05:00,12.0,12.079999923706055,11.84000015258789,11.84000015258789,1825,0.0,0.0
2022-01-21 00:00:00-05:00,11.84000015258789,11.84000015258789,11.600000381469727,11.720000267028809,2100,0.0,0.0
2022-01-24 00:00:00-05:00,11.399999618530273,11.800000190734863,9.079999923706055,11.800000190734863,2475,0.0,0.0
2022-01-25 00:00:00-05:00,11.800000190734863,11.800000190734863,11.800000190734863,11.800000190734863,0,0.0,0.0
2022-01-26 00:00:00-05:00,11.800000190734863,11.800000190734863,11.399999618530273,11.800000190734863,1350,0.0,0.0
2022-01-27 00:00:00-05:00,11.800000190734863,11.800000190734863,11.800000190734863,11.800000190734863,125,0.0,0.0
2022-01-28 00:00:00-05:00,11.039999961853027,11.800000190734863,10.199999809265137,11.800000190734863,3300,0.0,0.0
2022-01-31 00:00:00-05:00,11.520000457763672,11.600000381469727,11.15999984741211,11.600000381469727,3075,0.0,0.0
2022-02-01 00:00:00-05:00,11.800000190734863,12.0,11.039999961853027,11.800000190734863,2325,0.0,0.0
2022-02-02 00:00:00-05:00,11.399999618530273,11.800000190734863,11.079999923706055,11.800000190734863,1125,0.0,0.0
2022-02-03 00:00:00-05:00,11.0,11.600000381469727,11.0,11.600000381469727,1750,0.0,0.0
2022-02-04 00:00:00-05:00,11.67199993133545,11.800000190734863,11.640000343322754,11.800000190734863,925,0.0,0.0
2022-02-07 00:00:00-05:00,11.680000305175781,11.680000305175781,11.0,11.0,825,0.0,0.0
2022-02-08 00:00:00-05:00,11.399999618530273,11.399999618530273,11.359999656677246,11.399999618530273,275,0.0,0.0
2022-02-09 00:00:00-05:00,11.479999542236328,11.800000190734863,11.399999618530273,11.800000190734863,2600,0.0,0.0
2022-02-10 00:00:00-05:00,11.600000381469727,11.84000015258789,11.600000381469727,11.84000015258789,800,0.0,0.0
2022-02-11 00:00:00-05:00,10.800000190734863,11.84000015258789,10.800000190734863,11.84000015258789,1075,0.0,0.0
2022-02-14 00:00:00-05:00,11.800000190734863,11.84000015258789,10.800000190734863,11.84000015258789,1375,0.0,0.0
2022-02-15 00:00:00-05:00,11.399999618530273,11.84000015258789,11.399999618530273,11.84000015258789,2475,0.0,0.0
2022-02-16 00:00:00-05:00,11.0,11.84000015258789,11.0,11.84000015258789,2150,0.0,0.0
2022-02-17 00:00:00-05:00,11.800000190734863,11.800000190734863,11.119999885559082,11.119999885559082,650,0.0,0.0
2022-02-18 00:00:00-05:00,11.800000190734863,11.800000190734863,11.760000228881836,11.800000190734863,550,0.0,0.0
2022-02-22 00:00:00-05:00,11.600000381469727,11.600000381469727,8.0,11.399999618530273,2850,0.0,0.0
2022-02-23 00:00:00-05:00,11.399999618530273,11.399999618530273,11.399999618530273,11.399999618530273,25,0.0,0.0
2022-02-24 00:00:00-05:00,11.399999618530273,11.800000190734863,11.199999809265137,11.800000190734863,2850,0.0,0.0
2022-02-25 00:00:00-05:00,11.800000190734863,11.800000190734863,11.800000190734863,11.800000190734863,0,0.0,0.0
2022-02-28 00:00:00-05:00,11.520000457763672,11.800000190734863,10.800000190734863,11.800000190734863,850,0.0,0.0
2022-03-01 00:00:00-05:00,11.800000190734863,11.84000015258789,11.800000190734863,11.84000015258789,550,0.0,0.0
2022-03-02 00:00:00-05:00,11.600000381469727,11.600000381469727,11.600000381469727,11.600000381469727,400,0.0,0.0
2022-03-03 00:00:00-05:00,11.960000038146973,12.199999809265137,11.520000457763672,12.199999809265137,16575,0.0,0.0
2022-03-04 00:00:00-05:00,12.199999809265137,12.239999771118164,12.0,12.239999771118164,5925,0.0,0.0
2022-03-07 00:00:00-05:00,12.319999694824219,13.800000190734863,11.600000381469727,13.600000381469727,48575,0.0,0.0
2022-03-08 00:00:00-05:00,15.479999542236328,18.0,15.479999542236328,17.75,72400,0.0,0.25
2022-03-09 00:00:00-05:00,17.489999771118164,17.489999771118164,15.5,16.299999237060547,28100,0.0,0.0
2022-03-10 00:00:00-05:00,15.649999618530273,18.024999618530273,15.649999618530273,18.0,12900,0.0,0.0
2022-03-11 00:00:00-05:00,16.799999237060547,17.700000762939453,16.0,17.700000762939453,34500,0.0,0.0
2022-03-14 00:00:00-04:00,15.930000305175781,15.930000305175781,13.1899995803833,14.100000381469727,31600,0.0,0.0
2022-03-15 00:00:00-04:00,13.75,14.930999755859375,13.09000015258789,14.75,16900,0.0,0.0
2022-03-16 00:00:00-04:00,14.859999656677246,15.23799991607666,14.329999923706055,15.23799991607666,2600,0.0,0.0
2022-03-17 00:00:00-04:00,14.25,16.0,14.25,15.75,10600,0.0,0.0
2022-03-18 00:00:00-04:00,15.739999771118164,17.920000076293945,15.65999984741211,17.920000076293945,26400,0.0,0.0
2022-03-21 00:00:00-04:00,17.334999084472656,18.5,17.270000457763672,18.0,15600,0.0,0.0
2022-03-22 00:00:00-04:00,18.0,18.25,18.0,18.200000762939453,9300,0.0,0.0
2022-03-23 00:00:00-04:00,18.200000762939453,18.469999313354492,17.854999542236328,18.459999084472656,12100,0.0,0.0
2022-03-24 00:00:00-04:00,18.374000549316406,18.5,18.34000015258789,18.5,20000,0.0,0.0
2022-03-25 00:00:00-04:00,18.5,18.684999465942383,18.299999237060547,18.610000610351562,10700,0.0,0.0
2022-03-28 00:00:00-04:00,18.610000610351562,18.610000610351562,17.5,18.479999542236328,18000,0.0,0.0
2022-03-29 00:00:00-04:00,18.142000198364258,18.809999465942383,18.049999237060547,18.809999465942383,9200,0.0,0.0
2022-03-30 00:00:00-04:00,18.329999923706055,18.799999237060547,18.290000915527344,18.799999237060547,9000,0.0,0.0
2022-03-31 00:00:00-04:00,18.760000228881836,18.799999237060547,17.5,18.790000915527344,5700,0.0,0.0
2022-04-01 00:00:00-04:00,18.799999237060547,20.0,18.270000457763672,19.700000762939453,55200,0.0,0.0
2022-04-04 00:00:00-04:00,19.790000915527344,20.5,18.829999923706055,20.5,16600,0.0,0.0
2022-04-05 00:00:00-04:00,20.5,21.895000457763672,20.0,21.25,47300,0.0,0.0
2022-04-06 00:00:00-04:00,21.049999237060547,23.15999984741211,19.899999618530273,21.5,50200,0.0,0.0
2022-04-07 00:00:00-04:00,21.209999084472656,22.0,21.0,22.0,43200,0.0,0.0
2022-04-08 00:00:00-04:00,21.88599967956543,22.100000381469727,21.5,22.040000915527344,29300,0.0,0.0
2022-04-11 00:00:00-04:00,22.040000915527344,22.040000915527344,19.889999389648438,20.850000381469727,44800,0.0,0.0
2022-04-12 00:00:00-04:00,20.100000381469727,22.0,20.100000381469727,22.0,28600,0.0,0.0
2022-04-13 00:00:00-04:00,22.0,22.31999969482422,21.670000076293945,22.170000076293945,35200,0.0,0.0
2022-04-14 00:00:00-04:00,22.200000762939453,22.850000381469727,21.917999267578125,22.639999389648438,24600,0.0,0.0
2022-04-18 00:00:00-04:00,22.68000030517578,22.950000762939453,22.049999237060547,22.950000762939453,15200,0.0,0.0
2022-04-19 00:00:00-04:00,22.950000762939453,23.100000381469727,22.389999389648438,22.969999313354492,42300,0.0,0.0
2022-04-20 00:00:00-04:00,22.969999313354492,22.969999313354492,22.350000381469727,22.799999237060547,41300,0.0,0.0
2022-04-21 00:00:00-04:00,22.799999237060547,22.969999313354492,22.493000030517578,22.969999313354492,18400,0.0,0.0
2022-04-22 00:00:00-04:00,22.959999084472656,22.969999313354492,22.0,22.65999984741211,28500,0.0,0.0
2022-04-25 00:00:00-04:00,22.049999237060547,22.75,21.520000457763672,22.0,63200,0.0,0.0
2022-04-26 00:00:00-04:00,22.0,22.100000381469727,21.5,22.0,16600,0.0,0.0
2022-04-27 00:00:00-04:00,22.0,22.299999237060547,21.75,22.299999237060547,52600,0.0,0.0
2022-04-28 00:00:00-04:00,22.5,23.049999237060547,22.232999801635742,23.0,38400,0.0,0.0
2022-04-29 00:00:00-04:00,22.670000076293945,23.799999237060547,22.670000076293945,23.799999237060547,60200,0.0,0.0
2022-05-02 00:00:00-04:00,24.0,24.0,23.058000564575195,23.719999313354492,28600,0.0,0.0
2022-05-03 00:00:00-04:00,23.020000457763672,24.850000381469727,23.0,24.5,54900,0.0,0.0
2022-05-04 00:00:00-04:00,24.75,24.899999618530273,24.14299964904785,24.799999237060547,73200,0.0,0.0
2022-05-05 00:00:00-04:00,24.899999618530273,24.899999618530273,23.700000762939453,24.549999237060547,38900,0.0,0.0
2022-05-06 00:00:00-04:00,24.520000457763672,24.739999771118164,24.020000457763672,24.700000762939453,38300,0.0,0.0
2022-05-09 00:00:00-04:00,24.469999313354492,24.469999313354492,18.305999755859375,19.459999084472656,58500,0.0,0.0
2022-05-10 00:00:00-04:00,20.40999984741211,21.760000228881836,20.0,20.270000457763672,56900,0.0,0.0
2022-05-11 00:00:00-04:00,20.59000015258789,21.549999237060547,19.479999542236328,21.549999237060547,59500,0.0,0.0
2022-05-12 00:00:00-04:00,21.170000076293945,21.59000015258789,20.2450008392334,21.049999237060547,62600,0.0,0.0
2022-05-13 00:00:00-04:00,21.899999618530273,21.899999618530273,21.200000762939453,21.899999618530273,53500,0.0,0.0
2022-05-16 00:00:00-04:00,21.3799991607666,21.899999618530273,20.860000610351562,21.829999923706055,28300,0.0,0.0
2022-05-17 00:00:00-04:00,21.90999984741211,22.899999618530273,21.3799991607666,22.899999618530273,78300,0.0,0.0
2022-05-18 00:00:00-04:00,22.040000915527344,22.760000228881836,21.049999237060547,21.549999237060547,89300,0.0,0.0
2022-05-19 00:00:00-04:00,21.559999465942383,21.559999465942383,20.360000610351562,20.469999313354492,56000,0.0,0.0
2022-05-20 00:00:00-04:00,20.0,21.860000610351562,19.510000228881836,20.68000030517578,84600,0.0,0.0
2022-05-23 00:00:00-04:00,20.299999237060547,20.780000686645508,19.649999618530273,20.399999618530273,60400,0.0,0.0
2022-05-24 00:00:00-04:00,20.510000228881836,20.90999984741211,20.139999389648438,20.600000381469727,34700,0.0,0.0
2022-05-25 00:00:00-04:00,20.440000534057617,20.809999465942383,20.360000610351562,20.600000381469727,32200,0.0,0.0
2022-05-26 00:00:00-04:00,21.020000457763672,21.170000076293945,20.040000915527344,20.989999771118164,45200,0.0,0.0
2022-05-27 00:00:00-04:00,20.989999771118164,21.030000686645508,20.600000381469727,20.84000015258789,42900,0.0,0.0
2022-05-31 00:00:00-04:00,20.8799991607666,21.170000076293945,20.739999771118164,20.979999542236328,85900,0.0,0.0
2022-06-01 00:00:00-04:00,21.0,21.170000076293945,20.5,21.040000915527344,87600,0.0,0.0
2022-06-02 00:00:00-04:00,21.0,21.219999313354492,20.604999542236328,20.950000762939453,68300,0.0,0.0
2022-06-03 00:00:00-04:00,21.030000686645508,21.200000762939453,20.844999313354492,21.1299991607666,51800,0.0,0.0
2022-06-06 00:00:00-04:00,21.200000762939453,21.200000762939453,19.549999237060547,20.420000076293945,132000,0.0,0.0
2022-06-07 00:00:00-04:00,20.450000762939453,20.860000610351562,18.329999923706055,19.139999389648438,138700,0.0,0.0
2022-06-08 00:00:00-04:00,19.06999969482422,19.950000762939453,18.200000762939453,19.920000076293945,77300,0.0,0.0
2022-06-09 00:00:00-04:00,19.920000076293945,20.049999237060547,19.25,19.280000686645508,53400,0.0,0.0
2022-06-10 00:00:00-04:00,19.020000457763672,19.65999984741211,18.649999618530273,19.399999618530273,51100,0.0,0.0
2022-06-13 00:00:00-04:00,19.200000762939453,19.5049991607666,16.049999237060547,16.049999237060547,124600,0.0,0.0
2022-06-14 00:00:00-04:00,16.299999237060547,16.3799991607666,15.079999923706055,15.640000343322754,99100,0.0,0.0
2022-06-15 00:00:00-04:00,16.190000534057617,17.18000030517578,15.399999618530273,16.6200008392334,210200,0.0,0.0
2022-06-16 00:00:00-04:00,16.200000762939453,17.3700008392334,16.086000442504883,17.31999969482422,208100,0.0,0.0
2022-06-17 00:00:00-04:00,17.31999969482422,17.450000762939453,15.130000114440918,15.609999656677246,478100,0.0,0.0
2022-06-21 00:00:00-04:00,15.779999732971191,16.969999313354492,15.5,15.880000114440918,161700,0.0,0.0
2022-06-22 00:00:00-04:00,15.3100004196167,16.375,13.890000343322754,14.010000228881836,168500,0.0,0.0
2022-06-23 00:00:00-04:00,13.859999656677246,14.229999542236328,11.777999877929688,12.869999885559082,129900,0.0,0.0
2022-06-24 00:00:00-04:00,12.829999923706055,13.489999771118164,11.005000114440918,12.180000305175781,867000,0.0,0.0
2022-06-27 00:00:00-04:00,12.0600004196167,12.300000190734863,10.380000114440918,10.829999923706055,144100,0.0,0.0
2022-06-28 00:00:00-04:00,11.0,11.4399995803833,10.630000114440918,10.819999694824219,85400,0.0,0.0
2022-06-29 00:00:00-04:00,10.989999771118164,11.050000190734863,10.21500015258789,10.9399995803833,99200,0.0,0.0
2022-06-30 00:00:00-04:00,10.949999809265137,12.0600004196167,10.479999542236328,11.869999885559082,123900,0.0,0.0
2022-07-01 00:00:00-04:00,11.789999961853027,11.890000343322754,10.289999961853027,10.430000305175781,116400,0.0,0.0
2022-07-05 00:00:00-04:00,10.479999542236328,10.479999542236328,8.9399995803833,10.1899995803833,223600,0.0,0.0
2022-07-06 00:00:00-04:00,9.979999542236328,11.0600004196167,9.350000381469727,10.869999885559082,133100,0.0,0.0
2022-07-07 00:00:00-04:00,10.869999885559082,11.1899995803833,9.630000114440918,10.140000343322754,165600,0.0,0.0
2022-07-08 00:00:00-04:00,10.069999694824219,10.699999809265137,9.779999732971191,10.15999984741211,66700,0.0,0.0
2022-07-11 00:00:00-04:00,9.920000076293945,10.609999656677246,9.399999618530273,9.899999618530273,72900,0.0,0.0
2022-07-12 00:00:00-04:00,9.800000190734863,10.279999732971191,9.710000038146973,10.0600004196167,65600,0.0,0.0
2022-07-13 00:00:00-04:00,9.90999984741211,10.199999809265137,9.100000381469727,9.630000114440918,93500,0.0,0.0
2022-07-14 00:00:00-04:00,9.510000228881836,9.949999809265137,8.640000343322754,9.100000381469727,68100,0.0,0.0
2022-07-15 00:00:00-04:00,9.390000343322754,9.5600004196167,8.789999961853027,9.289999961853027,32100,0.0,0.0
2022-07-18 00:00:00-04:00,9.420000076293945,9.84000015258789,9.029999732971191,9.399999618530273,30700,0.0,0.0
2022-07-19 00:00:00-04:00,9.399999618530273,9.699999809265137,8.907999992370605,9.029999732971191,43700,0.0,0.0
2022-07-20 00:00:00-04:00,9.050000190734863,9.850000381469727,8.819999694824219,9.600000381469727,39300,0.0,0.0
2022-07-21 00:00:00-04:00,9.279999732971191,10.420000076293945,9.279999732971191,10.25,48900,0.0,0.0
2022-07-22 00:00:00-04:00,10.369999885559082,10.625,9.479999542236328,9.649999618530273,57500,0.0,0.0
2022-07-25 00:00:00-04:00,9.609999656677246,9.9399995803833,8.5,9.0600004196167,73100,0.0,0.0
2022-07-26 00:00:00-04:00,9.0600004196167,10.430000305175781,9.0600004196167,10.390000343322754,88700,0.0,0.0
2022-07-27 00:00:00-04:00,10.300000190734863,10.319999694824219,9.680000305175781,10.15999984741211,35300,0.0,0.0
2022-07-28 00:00:00-04:00,9.979999542236328,10.539999961853027,9.539999961853027,10.489999771118164,45600,0.0,0.0
2022-07-29 00:00:00-04:00,10.359999656677246,11.350000381469727,9.600000381469727,11.0,39400,0.0,0.0
2022-08-01 00:00:00-04:00,10.729999542236328,10.880000114440918,10.109999656677246,10.75,41400,0.0,0.0
2022-08-02 00:00:00-04:00,10.930000305175781,11.989999771118164,10.300000190734863,11.5,46900,0.0,0.0
2022-08-03 00:00:00-04:00,11.989999771118164,13.0,11.5600004196167,12.710000038146973,43600,0.0,0.0
2022-08-04 00:00:00-04:00,12.880000114440918,13.149999618530273,11.800000190734863,11.9399995803833,50000,0.0,0.0
2022-08-05 00:00:00-04:00,11.829999923706055,12.539999961853027,11.460000038146973,12.369999885559082,27600,0.0,0.0
2022-08-08 00:00:00-04:00,12.510000228881836,13.055000305175781,11.619999885559082,12.630000114440918,28800,0.0,0.0
2022-08-09 00:00:00-04:00,12.970000267028809,13.220000267028809,12.15999984741211,13.0,29900,0.0,0.0
2022-08-10 00:00:00-04:00,13.25,14.529999732971191,12.649999618530273,14.069999694824219,45800,0.0,0.0
2022-08-11 00:00:00-04:00,14.149999618530273,14.430000305175781,13.609999656677246,14.029999732971191,47900,0.0,0.0
2022-08-12 00:00:00-04:00,13.739999771118164,14.869999885559082,13.375,14.75,30600,0.0,0.0
2022-08-15 00:00:00-04:00,14.59000015258789,15.0,13.65999984741211,14.039999961853027,64700,0.0,0.0
2022-08-16 00:00:00-04:00,14.84000015258789,15.510000228881836,13.640999794006348,15.0,47700,0.0,0.0
2022-08-17 00:00:00-04:00,15.0,15.199999809265137,14.430000305175781,14.800000190734863,32100,0.0,0.0
2022-08-18 00:00:00-04:00,14.899999618530273,15.100000381469727,14.449999809265137,14.899999618530273,41000,0.0,0.0
2022-08-19 00:00:00-04:00,14.949999809265137,14.949999809265137,14.229999542236328,14.829999923706055,33500,0.0,0.0
2022-08-22 00:00:00-04:00,14.699999809265137,15.0,13.51099967956543,14.899999618530273,54200,0.0,0.0
2022-08-23 00:00:00-04:00,14.800000190734863,15.050000190734863,14.510000228881836,14.680000305175781,46000,0.0,0.0
2022-08-24 00:00:00-04:00,14.470000267028809,14.75,14.380000114440918,14.720000267028809,42500,0.0,0.0
2022-08-25 00:00:00-04:00,14.729999542236328,15.0,14.520000457763672,14.930000305175781,48500,0.0,0.0
2022-08-26 00:00:00-04:00,15.0,15.0,14.270000457763672,14.680000305175781,19600,0.0,0.0
2022-08-29 00:00:00-04:00,14.5,14.5,13.880000114440918,14.40999984741211,28500,0.0,0.0
2022-08-30 00:00:00-04:00,14.489999771118164,14.699999809265137,14.199999809265137,14.699999809265137,54600,0.0,0.0
2022-08-31 00:00:00-04:00,14.710000038146973,14.789999961853027,14.5,14.760000228881836,51000,0.0,0.0
2022-09-01 00:00:00-04:00,14.789999961853027,14.890000343322754,14.670000076293945,14.890000343322754,27900,0.0,0.0
2022-09-02 00:00:00-04:00,14.850000381469727,14.920000076293945,14.581000328063965,14.880000114440918,35500,0.0,0.0
2022-09-06 00:00:00-04:00,14.949999809265137,14.949999809265137,14.149999618530273,14.4399995803833,58700,0.0,0.0
2022-09-07 00:00:00-04:00,14.553000450134277,14.75,14.329999923706055,14.720000267028809,63700,0.0,0.0
2022-09-08 00:00:00-04:00,14.819999694824219,14.819999694824219,14.350000381469727,14.630000114440918,41300,0.0,0.0
2022-09-09 00:00:00-04:00,14.670000076293945,14.770000457763672,14.380000114440918,14.680000305175781,30700,0.0,0.0
2022-09-12 00:00:00-04:00,14.710000038146973,14.760000228881836,13.920000076293945,14.069999694824219,29700,0.0,0.0
2022-09-13 00:00:00-04:00,13.729999542236328,14.15999984741211,13.449999809265137,14.029999732971191,45700,0.0,0.0
2022-09-14 00:00:00-04:00,14.100000381469727,14.34000015258789,13.430000305175781,13.649999618530273,56200,0.0,0.0
2022-09-15 00:00:00-04:00,13.5,13.765000343322754,12.140000343322754,12.199999809265137,61600,0.0,0.0
2022-09-16 00:00:00-04:00,12.109999656677246,12.234999656677246,11.449999809265137,12.010000228881836,408400,0.0,0.0
2022-09-19 00:00:00-04:00,11.770000457763672,12.619999885559082,11.34000015258789,12.050000190734863,237500,0.0,0.0
2022-09-20 00:00:00-04:00,12.199999809265137,12.770000457763672,12.0,12.289999961853027,49900,0.0,0.0
2022-09-21 00:00:00-04:00,12.699999809265137,13.267000198364258,12.585000038146973,13.010000228881836,30500,0.0,0.0
2022-09-22 00:00:00-04:00,13.0,13.619999885559082,13.0,13.380000114440918,31900,0.0,0.0
2022-09-23 00:00:00-04:00,13.0,13.020000457763672,12.579999923706055,12.8100004196167,34600,0.0,0.0
2022-09-26 00:00:00-04:00,12.710000038146973,12.739999771118164,12.1899995803833,12.1899995803833,24900,0.0,0.0
2022-09-27 00:00:00-04:00,12.239999771118164,13.279999732971191,12.140000343322754,13.010000228881836,34800,0.0,0.0
2022-09-28 00:00:00-04:00,13.180000305175781,13.199999809265137,12.923999786376953,13.149999618530273,23000,0.0,0.0
2022-09-29 00:00:00-04:00,13.069999694824219,13.350000381469727,12.708000183105469,13.260000228881836,24900,0.0,0.0
2022-09-30 00:00:00-04:00,13.109999656677246,13.399999618530273,12.779999732971191,13.149999618530273,39500,0.0,0.0
2022-10-03 00:00:00-04:00,13.350000381469727,13.420000076293945,13.130000114440918,13.399999618530273,45800,0.0,0.0
2022-10-04 00:00:00-04:00,13.449999809265137,13.789999961853027,13.390999794006348,13.770000457763672,45200,0.0,0.0
2022-10-05 00:00:00-04:00,13.779999732971191,13.989999771118164,13.5,13.84000015258789,37200,0.0,0.0
2022-10-06 00:00:00-04:00,13.84000015258789,14.149999618530273,13.550000190734863,14.0600004196167,39600,0.0,0.0
2022-10-07 00:00:00-04:00,14.0,14.199999809265137,13.78499984741211,14.170000076293945,43100,0.0,0.0
2022-10-10 00:00:00-04:00,14.180000305175781,14.59000015258789,14.010000228881836,14.539999961853027,35900,0.0,0.0
2022-10-11 00:00:00-04:00,14.569999694824219,14.569999694824219,14.149999618530273,14.359999656677246,27400,0.0,0.0
2022-10-12 00:00:00-04:00,14.4399995803833,14.600000381469727,14.34000015258789,14.529999732971191,29500,0.0,0.0
2022-10-13 00:00:00-04:00,14.4399995803833,14.75,14.4399995803833,14.720000267028809,32400,0.0,0.0
2022-10-14 00:00:00-04:00,14.75,14.84000015258789,14.520000457763672,14.720000267028809,20000,0.0,0.0
2022-10-17 00:00:00-04:00,14.760000228881836,14.885000228881836,14.630000114440918,14.869999885559082,33700,0.0,0.0
2022-10-18 00:00:00-04:00,14.789999961853027,14.949999809265137,14.760000228881836,14.9399995803833,20400,0.0,0.0
2022-10-19 00:00:00-04:00,14.949999809265137,15.149999618530273,14.79800033569336,15.09000015258789,36300,0.0,0.0
2022-10-20 00:00:00-04:00,15.170000076293945,15.380000114440918,14.989999771118164,15.350000381469727,40200,0.0,0.0
2022-10-21 00:00:00-04:00,15.520000457763672,15.520000457763672,15.300000190734863,15.5,34600,0.0,0.0
2022-10-24 00:00:00-04:00,15.364999771118164,15.899999618530273,15.27400016784668,15.770000457763672,63500,0.0,0.0
2022-10-25 00:00:00-04:00,15.75,16.020000457763672,15.75,16.0,39800,0.0,0.0
2022-10-26 00:00:00-04:00,16.1200008392334,16.18000030517578,15.819999694824219,16.09000015258789,20300,0.0,0.0
2022-10-27 00:00:00-04:00,15.6899995803833,16.209999084472656,15.6850004196167,16.010000228881836,35700,0.0,0.0
2022-10-28 00:00:00-04:00,16.020000457763672,16.049999237060547,15.710000038146973,16.020000457763672,40500,0.0,0.0
2022-10-31 00:00:00-04:00,16.020000457763672,16.170000076293945,15.918000221252441,16.0,39200,0.0,0.0
2022-11-01 00:00:00-04:00,16.139999389648438,16.299999237060547,16.020000457763672,16.200000762939453,39000,0.0,0.0
2022-11-02 00:00:00-04:00,16.209999084472656,16.5,16.18000030517578,16.350000381469727,48400,0.0,0.0
2022-11-03 00:00:00-04:00,16.389999389648438,16.690000534057617,16.25,16.649999618530273,35800,0.0,0.0
2022-11-04 00:00:00-04:00,16.75,16.8799991607666,16.68000030517578,16.850000381469727,33100,0.0,0.0
2022-11-07 00:00:00-05:00,16.950000762939453,16.950000762939453,16.652000427246094,16.920000076293945,28000,0.0,0.0
2022-11-08 00:00:00-05:00,16.950000762939453,16.950000762939453,16.764999389648438,16.829999923706055,23600,0.0,0.0
2022-11-09 00:00:00-05:00,16.829999923706055,16.889999389648438,14.630000114440918,14.859999656677246,62800,0.0,0.0
2022-11-10 00:00:00-05:00,15.069999694824219,15.619999885559082,15.0600004196167,15.289999961853027,37900,0.0,0.0
2022-11-11 00:00:00-05:00,15.34000015258789,15.654999732971191,14.75,15.050000190734863,50700,0.0,0.0
2022-11-14 00:00:00-05:00,14.850000381469727,14.880000114440918,14.208000183105469,14.300000190734863,31200,0.0,0.0
2022-11-15 00:00:00-05:00,14.130000114440918,15.850000381469727,14.130000114440918,14.300000190734863,43600,0.0,0.0
2022-11-16 00:00:00-05:00,14.199999809265137,14.8100004196167,14.15999984741211,14.520000457763672,23600,0.0,0.0
2022-11-17 00:00:00-05:00,14.5,14.868000030517578,14.151000022888184,14.779999732971191,22300,0.0,0.0
2022-11-18 00:00:00-05:00,15.0,15.0,14.489999771118164,14.899999618530273,23900,0.0,0.0
2022-11-21 00:00:00-05:00,14.5,15.199999809265137,13.399999618530273,13.510000228881836,30800,0.0,0.0
2022-11-22 00:00:00-05:00,12.75,14.399999618530273,12.75,13.970000267028809,30100,0.0,0.0
2022-11-23 00:00:00-05:00,13.930000305175781,14.979999542236328,13.460000038146973,13.850000381469727,28600,0.0,0.0
2022-11-25 00:00:00-05:00,13.989999771118164,14.329999923706055,13.5,13.84000015258789,14500,0.0,0.0
2022-11-28 00:00:00-05:00,13.75,13.760000228881836,13.0,13.350000381469727,13500,0.0,0.0
2022-11-29 00:00:00-05:00,13.619999885559082,14.119999885559082,13.350000381469727,13.4399995803833,20300,0.0,0.0
2022-11-30 00:00:00-05:00,13.489999771118164,13.994999885559082,13.380000114440918,13.720000267028809,23100,0.0,0.0
2022-12-01 00:00:00-05:00,13.75,13.75,13.149999618530273,13.15999984741211,17700,0.0,0.0
2022-12-02 00:00:00-05:00,13.0,13.470000267028809,13.0,13.199999809265137,8000,0.0,0.0
2022-12-05 00:00:00-05:00,13.640000343322754,13.720000267028809,12.510000228881836,12.640000343322754,26500,0.0,0.0
2022-12-06 00:00:00-05:00,12.859999656677246,12.864999771118164,11.859999656677246,12.09000015258789,23100,0.0,0.0
2022-12-07 00:00:00-05:00,12.0,12.380000114440918,11.5,11.65999984741211,22200,0.0,0.0
2022-12-08 00:00:00-05:00,12.010000228881836,12.88700008392334,11.100000381469727,11.460000038146973,15500,0.0,0.0
2022-12-09 00:00:00-05:00,11.529999732971191,11.680000305175781,11.229999542236328,11.329999923706055,15700,0.0,0.0
2022-12-12 00:00:00-05:00,11.407999992370605,11.869999885559082,11.210000038146973,11.649999618530273,14900,0.0,0.0
2022-12-13 00:00:00-05:00,11.800000190734863,12.329999923706055,11.654999732971191,12.229999542236328,17300,0.0,0.0
2022-12-14 00:00:00-05:00,12.210000038146973,12.4399995803833,12.010000228881836,12.199999809265137,15600,0.0,0.0
2022-12-15 00:00:00-05:00,12.0,12.279999732971191,11.039999961853027,11.1899995803833,22700,0.0,0.0
2022-12-16 00:00:00-05:00,11.069999694824219,11.300000190734863,10.239999771118164,11.0,47700,0.0,0.0
2022-12-19 00:00:00-05:00,10.770000457763672,10.770000457763672,9.949999809265137,10.270000457763672,118200,0.0,0.0
2022-12-20 00:00:00-05:00,10.25,11.109999656677246,10.25,11.010000228881836,12200,0.0,0.0
2022-12-21 00:00:00-05:00,11.479999542236328,11.802000045776367,11.220000267028809,11.680000305175781,29500,0.0,0.0
2022-12-22 00:00:00-05:00,11.600000381469727,11.930000305175781,11.600000381469727,11.739999771118164,17700,0.0,0.0
2022-12-23 00:00:00-05:00,11.979999542236328,12.449999809265137,11.53499984741211,12.140000343322754,31700,0.0,0.0
2022-12-27 00:00:00-05:00,12.279999732971191,12.399999618530273,11.75,11.75,9500,0.0,0.0
2022-12-28 00:00:00-05:00,11.6899995803833,11.899999618530273,11.529999732971191,11.699999809265137,9200,0.0,0.0
2022-12-29 00:00:00-05:00,11.960000038146973,11.960000038146973,11.550000190734863,11.6899995803833,8000,0.0,0.0
2022-12-30 00:00:00-05:00,11.920000076293945,12.300000190734863,11.904999732971191,12.300000190734863,15200,0.0,0.0
2023-01-03 00:00:00-05:00,12.289999961853027,12.289999961853027,10.944999694824219,11.0600004196167,17000,0.0,0.0
2023-01-04 00:00:00-05:00,11.119999885559082,11.479999542236328,10.880000114440918,11.350000381469727,27700,0.0,0.0
2023-01-05 00:00:00-05:00,11.399999618530273,12.0,11.0600004196167,11.850000381469727,10900,0.0,0.0
2023-01-06 00:00:00-05:00,11.755000114440918,12.079999923706055,11.550000190734863,12.039999961853027,21200,0.0,0.0
2023-01-09 00:00:00-05:00,12.210000038146973,12.210000038146973,11.800000190734863,11.850000381469727,9000,0.0,0.0
2023-01-10 00:00:00-05:00,12.050000190734863,12.25,11.8100004196167,12.25,14400,0.0,0.0
2023-01-11 00:00:00-05:00,12.050000190734863,12.380000114440918,11.800000190734863,12.300000190734863,17100,0.0,0.0
2023-01-12 00:00:00-05:00,12.369999885559082,12.555000305175781,11.920000076293945,12.350000381469727,13200,0.0,0.0
2023-01-13 00:00:00-05:00,12.369999885559082,12.4399995803833,11.960000038146973,12.369999885559082,11800,0.0,0.0
2023-01-17 00:00:00-05:00,12.277000427246094,13.819999694824219,12.140000343322754,13.0,56900,0.0,0.0
2023-01-18 00:00:00-05:00,13.050000190734863,13.180000305175781,12.59000015258789,12.630000114440918,24800,0.0,0.0
2023-01-19 00:00:00-05:00,12.6899995803833,12.782999992370605,11.84000015258789,12.279999732971191,15100,0.0,0.0
2023-01-20 00:00:00-05:00,12.449999809265137,13.029999732971191,12.449999809265137,13.0,16000,0.0,0.0
2023-01-23 00:00:00-05:00,13.067999839782715,13.470000267028809,12.710000038146973,12.850000381469727,21500,0.0,0.0
2023-01-24 00:00:00-05:00,12.770000457763672,12.779999732971191,12.600000381469727,12.680000305175781,4400,0.0,0.0
2023-01-25 00:00:00-05:00,13.029999732971191,13.404000282287598,12.800000190734863,13.210000038146973,22600,0.0,0.0
2023-01-26 00:00:00-05:00,13.029999732971191,13.300000190734863,13.006999969482422,13.260000228881836,11300,0.0,0.0
2023-01-27 00:00:00-05:00,13.119999885559082,13.399999618530273,13.109999656677246,13.25,10100,0.0,0.0
2023-01-30 00:00:00-05:00,13.288000106811523,13.399999618530273,12.359999656677246,12.930000305175781,16700,0.0,0.0
2023-01-31 00:00:00-05:00,12.90999984741211,13.279999732971191,12.710000038146973,13.1899995803833,17500,0.0,0.0
2023-02-01 00:00:00-05:00,13.1899995803833,13.329999923706055,13.0,13.180000305175781,20900,0.0,0.0
2023-02-02 00:00:00-05:00,13.260000228881836,13.329999923706055,13.050000190734863,13.329999923706055,10100,0.0,0.0
2023-02-03 00:00:00-05:00,13.220000267028809,13.329999923706055,12.989999771118164,13.180000305175781,13600,0.0,0.0
2023-02-06 00:00:00-05:00,13.09000015258789,13.300000190734863,13.005000114440918,13.050000190734863,8400,0.0,0.0
2023-02-07 00:00:00-05:00,13.0600004196167,13.25,12.920000076293945,13.25,11000,0.0,0.0
2023-02-08 00:00:00-05:00,13.329999923706055,13.329999923706055,13.100000381469727,13.100000381469727,13600,0.0,0.0
2023-02-09 00:00:00-05:00,13.038999557495117,13.177000045776367,12.529999732971191,12.59000015258789,17000,0.0,0.0
2023-02-10 00:00:00-05:00,12.720000267028809,12.97700023651123,12.569999694824219,12.569999694824219,13900,0.0,0.0
2023-02-13 00:00:00-05:00,12.430000305175781,12.720000267028809,12.430000305175781,12.710000038146973,6400,0.0,0.0
2023-02-14 00:00:00-05:00,12.77400016784668,12.829999923706055,12.640000343322754,12.680000305175781,7700,0.0,0.0
2023-02-15 00:00:00-05:00,12.789999961853027,12.989999771118164,12.649999618530273,12.989999771118164,5900,0.0,0.0
2023-02-16 00:00:00-05:00,12.859999656677246,13.199999809265137,12.600000381469727,13.170000076293945,14000,0.0,0.0
2023-02-17 00:00:00-05:00,13.34000015258789,13.34000015258789,13.050000190734863,13.199999809265137,14700,0.0,0.0
2023-02-21 00:00:00-05:00,12.899999618530273,13.329999923706055,12.850000381469727,12.850000381469727,13500,0.0,0.0
2023-02-22 00:00:00-05:00,12.869999885559082,13.170000076293945,12.75,12.75,8700,0.0,0.0
2023-02-23 00:00:00-05:00,12.960000038146973,13.15999984741211,12.779999732971191,13.0,10700,0.0,0.0
2023-02-24 00:00:00-05:00,13.0,13.0,12.65999984741211,12.970000267028809,13000,0.0,0.0
2023-02-27 00:00:00-05:00,12.854999542236328,13.09000015258789,12.776000022888184,12.960000038146973,9600,0.0,0.0
2023-02-28 00:00:00-05:00,12.899999618530273,13.119999885559082,12.899999618530273,13.0,14000,0.0,0.0
2023-03-01 00:00:00-05:00,12.850000381469727,13.229999542236328,12.850000381469727,13.130000114440918,14400,0.0,0.0
2023-03-02 00:00:00-05:00,12.859999656677246,13.1899995803833,12.710000038146973,12.859999656677246,30000,0.0,0.0
2023-03-03 00:00:00-05:00,12.899999618530273,13.329999923706055,12.199999809265137,12.260000228881836,27800,0.0,0.0
2023-03-06 00:00:00-05:00,12.220000267028809,12.510000228881836,11.550000190734863,11.970000267028809,18500,0.0,0.0
2023-03-07 00:00:00-05:00,11.789999961853027,12.630000114440918,11.789999961853027,12.430000305175781,15600,0.0,0.0
2023-03-08 00:00:00-05:00,12.4399995803833,13.100000381469727,12.210000038146973,12.970000267028809,17700,0.0,0.0
2023-03-09 00:00:00-05:00,12.899999618530273,13.100000381469727,12.600000381469727,12.600000381469727,16100,0.0,0.0
2023-03-10 00:00:00-05:00,12.90999984741211,13.03499984741211,12.5,12.8100004196167,24100,0.0,0.0
2023-03-13 00:00:00-04:00,12.550999641418457,12.859999656677246,12.0,12.649999618530273,28700,0.0,0.0
2023-03-14 00:00:00-04:00,12.9399995803833,12.9399995803833,12.199999809265137,12.520000457763672,21300,0.0,0.0
2023-03-15 00:00:00-04:00,12.579999923706055,12.920000076293945,12.0,12.199999809265137,28600,0.0,0.0
2023-03-16 00:00:00-04:00,12.050000190734863,12.569999694824219,12.0,12.25,14300,0.0,0.0
2023-03-17 00:00:00-04:00,12.0600004196167,13.0,11.180000305175781,12.890000343322754,137300,0.0,0.0
2023-03-20 00:00:00-04:00,12.729999542236328,13.170000076293945,12.640000343322754,13.170000076293945,39900,0.0,0.0
2023-03-21 00:00:00-04:00,13.25,13.399999618530273,12.789999961853027,13.399999618530273,37900,0.0,0.0
2023-03-22 00:00:00-04:00,13.279999732971191,13.279999732971191,12.0,12.079999923706055,51200,0.0,0.0
2023-03-23 00:00:00-04:00,12.5,13.020000457763672,12.130000114440918,12.399999618530273,23100,0.0,0.0
2023-03-24 00:00:00-04:00,12.100000381469727,12.619999885559082,12.0,12.449999809265137,17800,0.0,0.0
2023-03-27 00:00:00-04:00,12.960000038146973,12.960000038146973,12.170000076293945,12.359999656677246,17200,0.0,0.0
2023-03-28 00:00:00-04:00,12.380000114440918,12.470000267028809,12.10200023651123,12.260000228881836,11500,0.0,0.0
2023-03-29 00:00:00-04:00,12.119999885559082,12.5,12.079999923706055,12.390000343322754,11400,0.0,0.0
2023-03-30 00:00:00-04:00,12.3100004196167,12.489999771118164,11.869999885559082,12.369999885559082,16500,0.0,0.0
2023-03-31 00:00:00-04:00,12.350000381469727,12.510000228881836,12.0,12.40999984741211,20400,0.0,0.0
2023-04-03 00:00:00-04:00,12.479999542236328,12.899999618530273,12.109999656677246,12.359999656677246,14700,0.0,0.0
2023-04-04 00:00:00-04:00,12.145000457763672,13.25,12.109999656677246,13.25,36100,0.0,0.0
2023-04-05 00:00:00-04:00,13.170000076293945,13.25,12.779999732971191,12.789999961853027,18800,0.0,0.0
2023-04-06 00:00:00-04:00,12.913000106811523,12.913000106811523,12.630000114440918,12.8100004196167,6400,0.0,0.0
2023-04-10 00:00:00-04:00,12.569999694824219,12.930000305175781,12.569999694824219,12.859999656677246,15300,0.0,0.0
2023-04-11 00:00:00-04:00,12.850000381469727,13.067000389099121,12.359999656677246,12.699999809265137,15500,0.0,0.0
2023-04-12 00:00:00-04:00,12.699999809265137,12.920000076293945,12.270000457763672,12.720000267028809,18100,0.0,0.0
2023-04-13 00:00:00-04:00,12.539999961853027,12.760000228881836,12.199999809265137,12.600000381469727,18900,0.0,0.0
2023-04-14 00:00:00-04:00,12.6899995803833,12.949999809265137,12.350000381469727,12.6899995803833,19200,0.0,0.0
2023-04-17 00:00:00-04:00,12.51200008392334,12.512999534606934,12.074000358581543,12.25,10200,0.0,0.0
2023-04-18 00:00:00-04:00,12.40999984741211,12.5,12.0,12.300000190734863,25200,0.0,0.0
2023-04-19 00:00:00-04:00,12.109999656677246,12.270000457763672,11.109999656677246,11.510000228881836,39800,0.0,0.0
2023-04-20 00:00:00-04:00,11.770999908447266,11.770999908447266,11.364999771118164,11.59000015258789,13000,0.0,0.0
2023-04-21 00:00:00-04:00,11.3100004196167,11.960000038146973,11.260000228881836,11.289999961853027,12900,0.0,0.0
2023-04-24 00:00:00-04:00,11.319999694824219,11.4399995803833,11.0600004196167,11.239999771118164,8400,0.0,0.0
2023-04-25 00:00:00-04:00,11.09000015258789,11.800000190734863,10.84000015258789,11.010000228881836,24700,0.0,0.0
2023-04-26 00:00:00-04:00,11.010000228881836,11.819999694824219,10.630000114440918,10.829999923706055,20100,0.0,0.0
2023-04-27 00:00:00-04:00,11.109999656677246,11.15999984741211,10.739999771118164,11.0,5800,0.0,0.0
2023-04-28 00:00:00-04:00,11.039999961853027,11.0600004196167,10.850000381469727,10.850000381469727,5600,0.0,0.0
2023-05-01 00:00:00-04:00,10.5,10.5,10.279000282287598,10.470000267028809,7800,0.0,0.0
2023-05-02 00:00:00-04:00,10.300000190734863,10.449999809265137,8.0,9.699999809265137,111800,0.0,0.0
2023-05-03 00:00:00-04:00,10.399999618530273,10.520000457763672,9.760000228881836,9.949999809265137,23600,0.0,0.0
2023-05-04 00:00:00-04:00,10.050000190734863,10.050000190734863,9.0,9.260000228881836,21800,0.0,0.0
2023-05-05 00:00:00-04:00,9.255000114440918,9.75,9.0,9.15999984741211,20300,0.0,0.0
2023-05-08 00:00:00-04:00,9.180000305175781,9.470000267028809,8.75,9.109999656677246,21200,0.0,0.0
2023-05-09 00:00:00-04:00,9.229999542236328,9.3100004196167,9.050000190734863,9.279999732971191,8700,0.0,0.0
2023-05-10 00:00:00-04:00,9.5,9.5,9.119999885559082,9.270000457763672,8100,0.0,0.0
2023-05-11 00:00:00-04:00,9.109999656677246,9.600000381469727,8.774999618530273,9.300000190734863,13000,0.0,0.0
2023-05-12 00:00:00-04:00,9.380000114440918,9.781999588012695,9.380000114440918,9.760000228881836,6300,0.0,0.0
2023-05-15 00:00:00-04:00,9.979999542236328,10.609999656677246,9.979999542236328,10.510000228881836,8800,0.0,0.0
2023-05-16 00:00:00-04:00,10.739999771118164,10.739999771118164,9.78499984741211,9.789999961853027,2700,0.0,0.0
2023-05-17 00:00:00-04:00,9.539999961853027,10.319999694824219,9.539999961853027,10.0600004196167,10900,0.0,0.0
2023-05-18 00:00:00-04:00,10.069999694824219,11.5,10.029999732971191,11.5,19300,0.0,0.0
2023-05-19 00:00:00-04:00,11.729999542236328,11.770000457763672,11.210000038146973,11.640000343322754,11700,0.0,0.0
2023-05-22 00:00:00-04:00,11.460000038146973,11.609999656677246,10.399999618530273,10.479999542236328,36700,0.0,0.0
2023-05-23 00:00:00-04:00,10.479999542236328,10.520000457763672,10.239999771118164,10.369999885559082,7800,0.0,0.0
2023-05-24 00:00:00-04:00,10.0,10.130000114440918,9.5,9.760000228881836,67600,0.0,0.0
2023-05-25 00:00:00-04:00,9.899999618530273,9.930000305175781,9.109999656677246,9.109999656677246,11800,0.0,0.0
2023-05-26 00:00:00-04:00,9.0600004196167,9.949999809265137,9.0600004196167,9.289999961853027,18600,0.0,0.0
2023-05-30 00:00:00-04:00,9.0600004196167,9.430000305175781,8.369999885559082,8.890000343322754,16500,0.0,0.0
2023-05-31 00:00:00-04:00,9.210000038146973,9.607000350952148,8.630999565124512,9.460000038146973,50300,0.0,0.0
2023-06-01 00:00:00-04:00,9.220000267028809,10.520000457763672,9.220000267028809,9.850000381469727,41700,0.0,0.0
2023-06-02 00:00:00-04:00,10.300000190734863,10.65999984741211,10.010000228881836,10.5,16700,0.0,0.0
2023-06-05 00:00:00-04:00,10.430000305175781,10.579999923706055,9.869999885559082,10.449999809265137,11100,0.0,0.0
2023-06-06 00:00:00-04:00,10.699999809265137,11.130000114440918,10.670000076293945,11.050000190734863,29100,0.0,0.0
2023-06-07 00:00:00-04:00,11.282999992370605,11.640000343322754,10.979999542236328,11.40999984741211,27400,0.0,0.0
2023-06-08 00:00:00-04:00,11.420000076293945,11.829999923706055,11.140000343322754,11.829999923706055,14000,0.0,0.0
2023-06-09 00:00:00-04:00,11.75,11.800000190734863,11.229999542236328,11.729999542236328,11500,0.0,0.0
2023-06-12 00:00:00-04:00,11.569999694824219,11.569999694824219,10.579999923706055,11.010000228881836,19600,0.0,0.0
2023-06-13 00:00:00-04:00,11.069999694824219,11.850000381469727,11.0,11.069999694824219,18300,0.0,0.0
2023-06-14 00:00:00-04:00,11.02400016784668,11.34000015258789,11.0,11.029999732971191,12300,0.0,0.0
2023-06-15 00:00:00-04:00,11.0,11.619000434875488,10.359999656677246,10.569999694824219,29900,0.0,0.0
2023-06-16 00:00:00-04:00,11.09000015258789,11.09000015258789,9.729999542236328,10.079999923706055,38700,0.0,0.0
2023-06-20 00:00:00-04:00,10.0,10.140000343322754,9.390000343322754,9.850000381469727,10300,0.0,0.0
2023-06-21 00:00:00-04:00,10.100000381469727,10.100000381469727,9.5,9.819999694824219,7600,0.0,0.0
2023-06-22 00:00:00-04:00,9.520000457763672,9.564000129699707,8.890000343322754,8.890000343322754,32100,0.0,0.0
2023-06-23 00:00:00-04:00,8.90999984741211,9.449999809265137,8.5,9.0,216800,0.0,0.0
2023-06-26 00:00:00-04:00,8.880000114440918,9.09000015258789,8.579999923706055,8.640000343322754,21000,0.0,0.0
2023-06-27 00:00:00-04:00,8.788999557495117,8.788999557495117,8.350000381469727,8.350000381469727,22100,0.0,0.0
2023-06-28 00:00:00-04:00,8.838000297546387,8.847999572753906,8.300000190734863,8.430000305175781,13400,0.0,0.0
2023-06-29 00:00:00-04:00,8.479999542236328,8.732000350952148,8.300000190734863,8.489999771118164,19600,0.0,0.0
2023-06-30 00:00:00-04:00,8.460000038146973,9.100000381469727,8.460000038146973,9.100000381469727,12300,0.0,0.0
2023-07-03 00:00:00-04:00,9.199999809265137,9.199999809265137,8.75,8.75,4400,0.0,0.0
2023-07-05 00:00:00-04:00,9.180000305175781,9.180000305175781,8.569999694824219,8.600000381469727,31700,0.0,0.0
2023-07-06 00:00:00-04:00,8.600000381469727,8.859999656677246,8.399999618530273,8.789999961853027,18100,0.0,0.0
2023-07-07 00:00:00-04:00,8.989999771118164,9.25,8.75,9.25,42700,0.0,0.0
2023-07-10 00:00:00-04:00,9.0,9.079999923706055,8.930000305175781,8.930000305175781,11200,0.0,0.0
2023-07-11 00:00:00-04:00,8.789999961853027,8.8100004196167,8.75,8.789999961853027,10300,0.0,0.0
2023-07-12 00:00:00-04:00,8.84000015258789,8.970000267028809,8.75,8.789999961853027,9700,0.0,0.0
2023-07-13 00:00:00-04:00,8.739999771118164,8.989999771118164,8.5,8.699999809265137,30900,0.0,0.0
2023-07-14 00:00:00-04:00,8.710000038146973,8.84000015258789,8.5,8.5,16700,0.0,0.0
2023-07-17 00:00:00-04:00,8.470000267028809,8.819999694824219,8.470000267028809,8.600000381469727,10400,0.0,0.0
2023-07-18 00:00:00-04:00,8.510000228881836,8.850000381469727,8.510000228881836,8.84000015258789,7100,0.0,0.0
2023-07-19 00:00:00-04:00,8.850000381469727,9.404999732971191,8.65999984741211,9.210000038146973,132800,0.0,0.0
2023-07-20 00:00:00-04:00,9.109999656677246,10.0,8.90999984741211,9.600000381469727,116500,0.0,0.0
2023-07-21 00:00:00-04:00,9.699999809265137,9.805000305175781,9.3100004196167,9.430000305175781,40200,0.0,0.0
2023-07-24 00:00:00-04:00,9.520000457763672,9.545000076293945,9.057999610900879,9.09000015258789,16400,0.0,0.0
2023-07-25 00:00:00-04:00,9.100000381469727,9.399999618530273,9.010000228881836,9.229999542236328,12400,0.0,0.0
2023-07-26 00:00:00-04:00,9.229999542236328,9.229999542236328,8.949999809265137,9.149999618530273,12300,0.0,0.0
2023-07-27 00:00:00-04:00,9.119999885559082,9.229999542236328,8.850000381469727,8.949999809265137,21000,0.0,0.0
2023-07-28 00:00:00-04:00,9.199999809265137,9.289999961853027,8.949999809265137,8.989999771118164,20200,0.0,0.0
2023-07-31 00:00:00-04:00,9.050000190734863,9.149999618530273,8.949999809265137,9.0,18000,0.0,0.0
2023-08-01 00:00:00-04:00,9.039999961853027,9.5,9.0,9.470000267028809,16900,0.0,0.0
2023-08-02 00:00:00-04:00,9.279999732971191,9.640000343322754,9.020000457763672,9.140000343322754,11100,0.0,0.0
2023-08-03 00:00:00-04:00,9.199999809265137,9.539999961853027,9.199999809265137,9.270000457763672,55500,0.0,0.0
2023-08-04 00:00:00-04:00,9.4399995803833,9.65999984741211,9.319999694824219,9.460000038146973,14100,0.0,0.0
2023-08-07 00:00:00-04:00,9.369999885559082,9.369999885559082,8.880000114440918,8.930000305175781,19100,0.0,0.0
2023-08-08 00:00:00-04:00,8.850000381469727,9.270000457763672,8.850000381469727,9.180000305175781,8800,0.0,0.0
2023-08-09 00:00:00-04:00,9.0,9.170000076293945,8.850000381469727,8.970000267028809,21700,0.0,0.0
2023-08-10 00:00:00-04:00,9.017000198364258,9.017000198364258,8.859999656677246,8.899999618530273,6600,0.0,0.0
2023-08-11 00:00:00-04:00,8.875,9.050000190734863,8.875,9.039999961853027,15700,0.0,0.0
2023-08-14 00:00:00-04:00,8.899999618530273,9.199999809265137,8.854000091552734,8.90999984741211,26600,0.0,0.0
2023-08-15 00:00:00-04:00,8.850000381469727,8.880000114440918,8.510000228881836,8.510000228881836,6500,0.0,0.0
2023-08-16 00:00:00-04:00,8.630000114440918,8.8100004196167,8.539999961853027,8.600000381469727,16100,0.0,0.0
2023-08-17 00:00:00-04:00,8.65999984741211,8.850000381469727,8.649999618530273,8.75,17000,0.0,0.0
2023-08-18 00:00:00-04:00,8.600000381469727,9.055000305175781,8.600000381469727,8.859999656677246,12000,0.0,0.0
2023-08-21 00:00:00-04:00,8.979999542236328,9.34000015258789,8.979999542236328,9.09000015258789,29400,0.0,0.0
2023-08-22 00:00:00-04:00,9.0,9.210000038146973,8.920000076293945,8.989999771118164,19500,0.0,0.0
2023-08-23 00:00:00-04:00,9.0,9.130000114440918,8.8100004196167,9.069999694824219,19700,0.0,0.0
2023-08-24 00:00:00-04:00,9.0,9.0,8.595000267028809,8.609999656677246,24800,0.0,0.0
2023-08-25 00:00:00-04:00,8.600000381469727,8.989999771118164,8.545999526977539,8.850000381469727,18300,0.0,0.0
2023-08-28 00:00:00-04:00,8.760000228881836,8.970000267028809,8.300000190734863,8.300000190734863,39200,0.0,0.0
2023-08-29 00:00:00-04:00,8.050000190734863,8.899999618530273,8.050000190734863,8.760000228881836,24300,0.0,0.0
2023-08-30 00:00:00-04:00,8.869999885559082,8.880000114440918,8.550000190734863,8.579999923706055,12200,0.0,0.0
2023-08-31 00:00:00-04:00,8.630000114440918,8.84000015258789,8.630000114440918,8.739999771118164,11400,0.0,0.0
2023-09-01 00:00:00-04:00,8.86400032043457,9.199999809265137,8.814000129699707,8.869999885559082,21600,0.0,0.0
2023-09-05 00:00:00-04:00,8.869999885559082,9.229999542236328,8.734999656677246,9.0,22100,0.0,0.0
2023-09-06 00:00:00-04:00,8.90999984741211,9.0,8.670000076293945,8.720000267028809,28800,0.0,0.0
2023-09-07 00:00:00-04:00,8.65999984741211,8.699999809265137,8.354999542236328,8.449999809265137,55500,0.0,0.0
2023-09-08 00:00:00-04:00,8.489999771118164,8.760000228881836,8.350000381469727,8.619999885559082,16500,0.0,0.0
2023-09-11 00:00:00-04:00,8.760000228881836,8.84000015258789,8.0,8.0,67500,0.0,0.0
2023-09-12 00:00:00-04:00,8.0,8.515000343322754,8.0,8.449999809265137,34800,0.0,0.0
2023-09-13 00:00:00-04:00,8.449999809265137,8.470000267028809,8.220000267028809,8.220000267028809,21200,0.0,0.0
2023-09-14 00:00:00-04:00,8.0,8.149999618530273,7.994999885559082,8.0,39000,0.0,0.0
2023-09-15 00:00:00-04:00,8.020000457763672,8.920000076293945,8.0,8.90999984741211,588000,0.0,0.0
2023-09-18 00:00:00-04:00,8.859999656677246,9.428000450134277,8.800000190734863,8.970000267028809,82600,0.0,0.0
2023-09-19 00:00:00-04:00,9.100000381469727,9.569999694824219,8.899999618530273,9.0600004196167,38700,0.0,0.0
2023-09-20 00:00:00-04:00,9.199999809265137,9.199999809265137,8.899999618530273,9.029999732971191,19000,0.0,0.0
2023-09-21 00:00:00-04:00,9.039999961853027,9.420000076293945,8.850000381469727,9.270000457763672,19800,0.0,0.0
2023-09-22 00:00:00-04:00,9.4399995803833,10.0,9.300000190734863,9.890000343322754,40600,0.0,0.0
2023-09-25 00:00:00-04:00,9.819999694824219,10.380000114440918,9.819999694824219,10.319999694824219,43700,0.0,0.0
2023-09-26 00:00:00-04:00,10.25,10.569999694824219,10.25,10.420000076293945,29900,0.0,0.0
2023-09-27 00:00:00-04:00,10.520000457763672,10.5600004196167,10.3100004196167,10.4399995803833,33000,0.0,0.0
2023-09-28 00:00:00-04:00,10.5,10.619999885559082,10.25,10.25,18400,0.0,0.0
2023-09-29 00:00:00-04:00,10.430000305175781,10.430000305175781,9.319999694824219,9.630000114440918,47200,0.0,0.0
2023-10-02 00:00:00-04:00,9.670000076293945,9.670000076293945,8.75,8.859999656677246,31100,0.0,0.0
2023-10-03 00:00:00-04:00,8.850000381469727,9.550000190734863,8.710000038146973,9.0600004196167,39600,0.0,0.0
2023-10-04 00:00:00-04:00,9.199999809265137,9.199999809265137,8.567000389099121,8.619999885559082,31100,0.0,0.0
2023-10-05 00:00:00-04:00,8.640000343322754,9.100000381469727,8.640000343322754,8.970000267028809,24600,0.0,0.0
2023-10-06 00:00:00-04:00,9.0,9.069999694824219,8.699999809265137,8.699999809265137,14900,0.0,0.0
2023-10-09 00:00:00-04:00,9.010000228881836,9.010000228881836,8.59000015258789,8.729999542236328,30100,0.0,0.0
2023-10-10 00:00:00-04:00,8.779999732971191,9.5,8.779999732971191,8.989999771118164,37600,0.0,0.0
2023-10-11 00:00:00-04:00,9.069999694824219,9.380000114440918,8.800000190734863,8.84000015258789,19100,0.0,0.0
2023-10-12 00:00:00-04:00,8.970000267028809,9.029999732971191,8.75,8.949999809265137,73200,0.0,0.0
2023-10-13 00:00:00-04:00,9.029999732971191,9.460000038146973,9.020000457763672,9.390000343322754,21900,0.0,0.0
2023-10-16 00:00:00-04:00,9.364999771118164,9.40999984741211,9.25,9.380000114440918,44200,0.0,0.0
2023-10-17 00:00:00-04:00,9.210000038146973,9.5,9.029999732971191,9.029999732971191,32900,0.0,0.0
2023-10-18 00:00:00-04:00,9.0,9.0,8.600000381469727,8.619999885559082,12600,0.0,0.0
2023-10-19 00:00:00-04:00,8.619999885559082,8.774999618530273,8.350000381469727,8.619999885559082,22500,0.0,0.0
2023-10-20 00:00:00-04:00,8.579999923706055,8.579999923706055,8.350000381469727,8.390000343322754,25400,0.0,0.0
2023-10-23 00:00:00-04:00,8.399999618530273,8.645999908447266,8.380000114440918,8.380000114440918,27000,0.0,0.0
2023-10-24 00:00:00-04:00,8.350000381469727,8.479999542236328,8.3100004196167,8.3100004196167,13200,0.0,0.0
2023-10-25 00:00:00-04:00,8.369999885559082,8.395000457763672,8.100000381469727,8.100000381469727,28200,0.0,0.0
2023-10-26 00:00:00-04:00,8.100000381469727,8.170000076293945,8.039999961853027,8.100000381469727,34800,0.0,0.0
2023-10-27 00:00:00-04:00,8.050000190734863,8.079999923706055,8.0,8.020000457763672,16000,0.0,0.0
2023-10-30 00:00:00-04:00,8.079999923706055,8.149999618530273,8.0,8.149999618530273,37300,0.0,0.0
2023-10-31 00:00:00-04:00,8.210000038146973,8.390000343322754,8.175000190734863,8.359999656677246,28800,0.0,0.0
2023-11-01 00:00:00-04:00,8.369999885559082,8.59000015258789,8.229999542236328,8.300000190734863,15500,0.0,0.0
2023-11-02 00:00:00-04:00,8.300000190734863,8.46500015258789,8.289999961853027,8.329999923706055,19900,0.0,0.0
2023-11-03 00:00:00-04:00,8.40999984741211,8.444999694824219,8.210000038146973,8.399999618530273,15200,0.0,0.0
2023-11-06 00:00:00-05:00,8.149999618530273,8.3149995803833,7.550000190734863,7.659999847412109,29500,0.0,0.0
2023-11-07 00:00:00-05:00,7.559999942779541,7.639999866485596,6.820000171661377,6.820000171661377,47800,0.0,0.0
2023-11-08 00:00:00-05:00,6.809999942779541,6.885000228881836,6.28000020980835,6.289999961853027,39500,0.0,0.0
2023-11-09 00:00:00-05:00,6.400000095367432,6.400000095367432,5.659999847412109,5.71999979019165,98400,0.0,0.0
2023-11-10 00:00:00-05:00,6.0,6.440000057220459,6.0,6.389999866485596,79100,0.0,0.0
2023-11-13 00:00:00-05:00,6.730000019073486,7.139999866485596,6.599999904632568,7.139999866485596,55500,0.0,0.0
2023-11-14 00:00:00-05:00,7.21999979019165,9.0,7.130000114440918,8.770000457763672,86300,0.0,0.0
2023-11-15 00:00:00-05:00,8.579999923706055,8.6899995803833,8.010000228881836,8.210000038146973,24100,0.0,0.0
2023-11-16 00:00:00-05:00,8.130000114440918,8.529999732971191,7.409999847412109,7.75,43500,0.0,0.0
2023-11-17 00:00:00-05:00,7.869999885559082,7.869999885559082,7.429999828338623,7.650000095367432,26700,0.0,0.0
2023-11-20 00:00:00-05:00,7.619999885559082,8.119999885559082,7.619999885559082,7.789999961853027,27600,0.0,0.0
2023-11-21 00:00:00-05:00,7.880000114440918,7.980000019073486,6.909999847412109,7.079999923706055,51500,0.0,0.0
2023-11-22 00:00:00-05:00,6.980000019073486,7.599999904632568,6.980000019073486,7.269999980926514,54200,0.0,0.0
2023-11-24 00:00:00-05:00,7.449999809265137,8.180000305175781,7.449999809265137,8.069999694824219,39200,0.0,0.0
2023-11-27 00:00:00-05:00,7.960000038146973,8.5,7.900000095367432,8.180000305175781,66300,0.0,0.0
2023-11-28 00:00:00-05:00,8.199999809265137,8.449999809265137,8.1899995803833,8.210000038146973,30200,0.0,0.0
2023-11-29 00:00:00-05:00,8.300000190734863,8.579999923706055,8.1899995803833,8.579999923706055,19800,0.0,0.0
2023-11-30 00:00:00-05:00,8.569999694824219,9.279999732971191,8.569999694824219,9.039999961853027,45700,0.0,0.0
2023-12-01 00:00:00-05:00,9.255000114440918,9.430000305175781,8.699999809265137,8.949999809265137,46400,0.0,0.0
2023-12-04 00:00:00-05:00,9.130000114440918,9.430000305175781,8.789999961853027,8.859999656677246,23200,0.0,0.0
2023-12-05 00:00:00-05:00,8.880000114440918,9.420000076293945,8.859999656677246,8.970000267028809,23500,0.0,0.0
2023-12-06 00:00:00-05:00,9.0,9.300000190734863,8.600000381469727,8.789999961853027,96300,0.0,0.0
2023-12-07 00:00:00-05:00,8.850000381469727,9.1899995803833,8.75,8.859999656677246,24500,0.0,0.0
2023-12-08 00:00:00-05:00,8.880000114440918,8.9399995803833,8.75,8.850000381469727,11100,0.0,0.0
2023-12-11 00:00:00-05:00,8.649999618530273,9.244999885559082,8.5600004196167,8.649999618530273,57400,0.0,0.0
2023-12-12 00:00:00-05:00,8.640000343322754,8.819999694824219,8.3100004196167,8.670000076293945,24200,0.0,0.0
2023-12-13 00:00:00-05:00,8.75,9.25,8.600000381469727,9.039999961853027,58100,0.0,0.0
2023-12-14 00:00:00-05:00,9.300000190734863,9.354999542236328,8.90999984741211,9.15999984741211,49300,0.0,0.0
2023-12-15 00:00:00-05:00,9.109999656677246,9.5,8.460000038146973,9.149999618530273,156500,0.0,0.0
2023-12-18 00:00:00-05:00,9.199999809265137,9.5,9.149999618530273,9.319999694824219,29500,0.0,0.0
2023-12-19 00:00:00-05:00,9.40999984741211,9.600000381469727,9.119999885559082,9.5,65800,0.0,0.0
2023-12-20 00:00:00-05:00,9.600000381469727,10.300000190734863,9.569999694824219,10.170000076293945,69800,0.0,0.0
2023-12-21 00:00:00-05:00,10.300000190734863,10.420000076293945,9.880000114440918,10.40999984741211,40200,0.0,0.0
2023-12-22 00:00:00-05:00,10.399999618530273,10.489999771118164,10.130000114440918,10.489999771118164,22100,0.0,0.0
2023-12-26 00:00:00-05:00,10.34000015258789,10.75,10.34000015258789,10.75,38900,0.0,0.0
2023-12-27 00:00:00-05:00,10.65999984741211,10.769000053405762,9.899999618530273,10.140000343322754,33800,0.0,0.0
2023-12-28 00:00:00-05:00,9.989999771118164,10.399999618530273,9.90999984741211,9.979999542236328,36400,0.0,0.0
2023-12-29 00:00:00-05:00,10.100000381469727,10.989999771118164,9.800000190734863,10.989999771118164,75200,0.0,0.0
2024-01-02 00:00:00-05:00,10.9399995803833,10.9399995803833,10.010000228881836,10.40999984741211,38200,0.0,0.0
2024-01-03 00:00:00-05:00,10.529999732971191,10.829999923706055,9.729999542236328,9.850000381469727,42300,0.0,0.0
2024-01-04 00:00:00-05:00,9.930000305175781,10.0,9.100000381469727,9.1899995803833,33400,0.0,0.0
2024-01-05 00:00:00-05:00,9.140000343322754,9.229999542236328,8.550000190734863,8.949999809265137,61700,0.0,0.0
2024-01-08 00:00:00-05:00,9.100000381469727,9.100000381469727,8.619999885559082,8.649999618530273,64700,0.0,0.0
2024-01-09 00:00:00-05:00,8.619999885559082,8.755000114440918,8.244999885559082,8.3100004196167,17800,0.0,0.0
2024-01-10 00:00:00-05:00,8.3100004196167,8.3100004196167,7.619999885559082,7.800000190734863,29000,0.0,0.0
2024-01-11 00:00:00-05:00,7.78000020980835,7.869999885559082,7.53000020980835,7.550000190734863,26200,0.0,0.0
2024-01-12 00:00:00-05:00,7.829999923706055,7.920000076293945,7.349999904632568,7.349999904632568,23500,0.0,0.0
2024-01-16 00:00:00-05:00,7.5,8.0,6.590000152587891,6.769999980926514,60600,0.0,0.0
2024-01-17 00:00:00-05:00,6.699999809265137,7.025000095367432,6.519999980926514,6.860000133514404,101000,0.0,0.0
2024-01-18 00:00:00-05:00,6.820000171661377,6.949999809265137,6.650000095367432,6.690000057220459,18400,0.0,0.0
2024-01-19 00:00:00-05:00,6.820000171661377,7.074999809265137,6.550000190734863,6.710000038146973,60000,0.0,0.0
2024-01-22 00:00:00-05:00,6.75,6.835999965667725,6.429999828338623,6.550000190734863,93600,0.0,0.0
2024-01-23 00:00:00-05:00,6.610000133514404,6.730000019073486,6.5,6.570000171661377,36900,0.0,0.0
2024-01-24 00:00:00-05:00,6.670000076293945,6.730000019073486,6.5,6.510000228881836,18800,0.0,0.0
2024-01-25 00:00:00-05:00,6.699999809265137,6.880000114440918,6.5,6.800000190734863,30600,0.0,0.0
2024-01-26 00:00:00-05:00,6.78000020980835,7.699999809265137,6.78000020980835,7.449999809265137,30600,0.0,0.0
2024-01-29 00:00:00-05:00,7.610000133514404,7.619999885559082,6.889999866485596,6.980000019073486,90400,0.0,0.0
2024-01-30 00:00:00-05:00,6.949999809265137,6.989999771118164,6.5,6.840000152587891,28600,0.0,0.0
2024-01-31 00:00:00-05:00,6.860000133514404,7.369999885559082,6.679999828338623,6.679999828338623,50400,0.0,0.0
2024-02-01 00:00:00-05:00,6.829999923706055,6.949999809265137,6.5,6.519999980926514,31500,0.0,0.0
2024-02-02 00:00:00-05:00,6.489999771118164,6.789999961853027,6.489999771118164,6.510000228881836,23400,0.0,0.0
2024-02-05 00:00:00-05:00,6.420000076293945,6.630000114440918,6.179999828338623,6.21999979019165,72900,0.0,0.0
2024-02-06 00:00:00-05:00,6.389999866485596,6.550000190734863,6.050000190734863,6.070000171661377,65500,0.0,0.0
2024-02-07 00:00:00-05:00,6.119999885559082,6.284999847412109,6.039999961853027,6.070000171661377,39900,0.0,0.0
2024-02-08 00:00:00-05:00,6.059000015258789,6.309999942779541,6.039999961853027,6.090000152587891,32500,0.0,0.0
2024-02-09 00:00:00-05:00,6.079999923706055,6.283999919891357,5.949999809265137,6.0,39800,0.0,0.0
2024-02-12 00:00:00-05:00,6.059999942779541,6.769999980926514,5.929999828338623,5.929999828338623,33100,0.0,0.0
2024-02-13 00:00:00-05:00,6.0,6.210000038146973,5.929999828338623,5.929999828338623,43900,0.0,0.0
2024-02-14 00:00:00-05:00,5.949999809265137,6.334000110626221,5.949999809265137,6.130000114440918,16900,0.0,0.0
2024-02-15 00:00:00-05:00,6.079999923706055,6.670000076293945,6.059999942779541,6.429999828338623,70300,0.0,0.0
2024-02-16 00:00:00-05:00,6.440000057220459,6.6020002365112305,6.199999809265137,6.210000038146973,21500,0.0,0.0
2024-02-20 00:00:00-05:00,6.190000057220459,6.23799991607666,5.75,5.75,42400,0.0,0.0
2024-02-21 00:00:00-05:00,5.75,5.909999847412109,5.690000057220459,5.690000057220459,41800,0.0,0.0
2024-02-22 00:00:00-05:00,5.789999961853027,6.260000228881836,5.78000020980835,5.980000019073486,76700,0.0,0.0
2024-02-23 00:00:00-05:00,5.960000038146973,6.175000190734863,5.699999809265137,5.829999923706055,40500,0.0,0.0
2024-02-26 00:00:00-05:00,5.809999942779541,6.039999961853027,5.809999942779541,5.940000057220459,41900,0.0,0.0
2024-02-27 00:00:00-05:00,5.949999809265137,5.960000038146973,5.760000228881836,5.849999904632568,18900,0.0,0.0
2024-02-28 00:00:00-05:00,6.010000228881836,6.050000190734863,5.820000171661377,5.869999885559082,28600,0.0,0.0
2024-02-29 00:00:00-05:00,5.989999771118164,6.093999862670898,5.800000190734863,5.929999828338623,183700,0.0,0.0
2024-03-01 00:00:00-05:00,5.920000076293945,6.070000171661377,5.650000095367432,5.690000057220459,50200,0.0,0.0
2024-03-04 00:00:00-05:00,5.699999809265137,5.699999809265137,5.380000114440918,5.510000228881836,52000,0.0,0.0
2024-03-05 00:00:00-05:00,5.510000228881836,5.840000152587891,5.510000228881836,5.730000019073486,29000,0.0,0.0
2024-03-06 00:00:00-05:00,5.730000019073486,6.070000171661377,5.605000019073486,5.840000152587891,69900,0.0,0.0
2024-03-07 00:00:00-05:00,5.869999885559082,5.869999885559082,5.690000057220459,5.789999961853027,19300,0.0,0.0
2024-03-08 00:00:00-05:00,5.809999942779541,6.050000190734863,5.690000057220459,5.78000020980835,65500,0.0,0.0
2024-03-11 00:00:00-04:00,5.869999885559082,6.050000190734863,5.809999942779541,5.820000171661377,36000,0.0,0.0
2024-03-12 00:00:00-04:00,5.849999904632568,6.019999980926514,5.71999979019165,5.730000019073486,29700,0.0,0.0
2024-03-13 00:00:00-04:00,5.78000020980835,5.909999847412109,5.690000057220459,5.909999847412109,23400,0.0,0.0
2024-03-14 00:00:00-04:00,5.889999866485596,5.889999866485596,5.53000020980835,5.650000095367432,55500,0.0,0.0
2024-03-15 00:00:00-04:00,5.559999942779541,5.699999809265137,5.519999980926514,5.550000190734863,90400,0.0,0.0
2024-03-18 00:00:00-04:00,5.599999904632568,5.76200008392334,5.380000114440918,5.429999828338623,37800,0.0,0.0
2024-03-19 00:00:00-04:00,5.409999847412109,5.465000152587891,5.199999809265137,5.21999979019165,37200,0.0,0.0
2024-03-20 00:00:00-04:00,5.309999942779541,5.599999904632568,5.0,5.519999980926514,47900,0.0,0.0
2024-03-21 00:00:00-04:00,5.409999847412109,5.5,5.144999980926514,5.239999771118164,28500,0.0,0.0
2024-03-22 00:00:00-04:00,5.230000019073486,5.607999801635742,5.139999866485596,5.300000190734863,26100,0.0,0.0
2024-03-25 00:00:00-04:00,5.300000190734863,5.300000190734863,5.090000152587891,5.119999885559082,31900,0.0,0.0
2024-03-26 00:00:00-04:00,5.150000095367432,5.284999847412109,4.610000133514404,4.730000019073486,76400,0.0,0.0
2024-03-27 00:00:00-04:00,5.070000171661377,5.146999835968018,4.760000228881836,4.96999979019165,53500,0.0,0.0
2024-03-28 00:00:00-04:00,4.920000076293945,5.343999862670898,4.869999885559082,5.110000133514404,52600,0.0,0.0
2024-04-01 00:00:00-04:00,5.25,5.25,4.909999847412109,5.0,39700,0.0,0.0
2024-04-02 00:00:00-04:00,5.0,5.409999847412109,4.920000076293945,5.289999961853027,58200,0.0,0.0
2024-04-03 00:00:00-04:00,5.269999980926514,5.440000057220459,5.204999923706055,5.360000133514404,44100,0.0,0.0
2024-04-04 00:00:00-04:00,5.394999980926514,5.710000038146973,5.369999885559082,5.480000019073486,68700,0.0,0.0
2024-04-05 00:00:00-04:00,5.46999979019165,5.909999847412109,5.46999979019165,5.800000190734863,43500,0.0,0.0
2024-04-08 00:00:00-04:00,5.800000190734863,6.130000114440918,5.800000190734863,6.079999923706055,171500,0.0,0.0
2024-04-09 00:00:00-04:00,6.119999885559082,6.119999885559082,5.900000095367432,6.0,79600,0.0,0.0
2024-04-10 00:00:00-04:00,5.809999942779541,5.809999942779541,5.400000095367432,5.670000076293945,91700,0.0,0.0
2024-04-11 00:00:00-04:00,5.659999847412109,5.96999979019165,5.230000019073486,5.650000095367432,56500,0.0,0.0
2024-04-12 00:00:00-04:00,5.610000133514404,5.829999923706055,5.449999809265137,5.449999809265137,79800,0.0,0.0
2024-04-15 00:00:00-04:00,5.510000228881836,5.570000171661377,5.119999885559082,5.119999885559082,83000,0.0,0.0
2024-04-16 00:00:00-04:00,5.119999885559082,5.349999904632568,5.119999885559082,5.289999961853027,46700,0.0,0.0
2024-04-17 00:00:00-04:00,5.300000190734863,5.434999942779541,5.0,5.119999885559082,40000,0.0,0.0
2024-04-18 00:00:00-04:00,5.150000095367432,5.199999809265137,4.769999980926514,4.829999923706055,75200,0.0,0.0
2024-04-19 00:00:00-04:00,4.860000133514404,5.449999809265137,4.860000133514404,5.260000228881836,69600,0.0,0.0
2024-04-22 00:00:00-04:00,5.260000228881836,5.820000171661377,5.150000095367432,5.329999923706055,105200,0.0,0.0
2024-04-23 00:00:00-04:00,5.309999942779541,5.739999771118164,5.309999942779541,5.449999809265137,132200,0.0,0.0
2024-04-24 00:00:00-04:00,5.449999809265137,5.505000114440918,4.929999828338623,4.980000019073486,101700,0.0,0.0
2024-04-25 00:00:00-04:00,4.989999771118164,5.090000152587891,4.53000020980835,4.650000095367432,176600,0.0,0.0
2024-04-26 00:00:00-04:00,4.679999828338623,5.050000190734863,4.670000076293945,4.960000038146973,68700,0.0,0.0
2024-04-29 00:00:00-04:00,4.960000038146973,5.199999809265137,4.960000038146973,5.03000020980835,58200,0.0,0.0
2024-04-30 00:00:00-04:00,5.050000190734863,5.699999809265137,5.039999961853027,5.179999828338623,103000,0.0,0.0
2024-05-01 00:00:00-04:00,5.25,5.46999979019165,5.090000152587891,5.340000152587891,41600,0.0,0.0
2024-05-02 00:00:00-04:00,5.409999847412109,5.849999904632568,5.409999847412109,5.71999979019165,89000,0.0,0.0
2024-05-03 00:00:00-04:00,5.75,5.75,5.519999980926514,5.730000019073486,42400,0.0,0.0
2024-05-06 00:00:00-04:00,5.679999828338623,6.090000152587891,5.460000038146973,6.070000171661377,83400,0.0,0.0
2024-05-07 00:00:00-04:00,6.050000190734863,6.380000114440918,5.760000228881836,6.309999942779541,73400,0.0,0.0
2024-05-08 00:00:00-04:00,6.269999980926514,7.184999942779541,6.059999942779541,7.0,197900,0.0,0.0
2024-05-09 00:00:00-04:00,6.96999979019165,7.46999979019165,6.860000133514404,7.230000019073486,140200,0.0,0.0
2024-05-10 00:00:00-04:00,7.21999979019165,7.301000118255615,6.809999942779541,7.090000152587891,35000,0.0,0.0
2024-05-13 00:00:00-04:00,7.130000114440918,7.130000114440918,6.340000152587891,6.679999828338623,77100,0.0,0.0
2024-05-14 00:00:00-04:00,6.880000114440918,7.090000152587891,6.711999893188477,6.860000133514404,50800,0.0,0.0
2024-05-15 00:00:00-04:00,6.829999923706055,6.920000076293945,6.5,6.610000133514404,36000,0.0,0.0
2024-05-16 00:00:00-04:00,6.559999942779541,6.710000038146973,6.090000152587891,6.409999847412109,64800,0.0,0.0
2024-05-17 00:00:00-04:00,6.449999809265137,6.800000190734863,6.284999847412109,6.460000038146973,69700,0.0,0.0
2024-05-20 00:00:00-04:00,6.480000019073486,6.989999771118164,6.360000133514404,6.590000152587891,52700,0.0,0.0
2024-05-21 00:00:00-04:00,6.579999923706055,7.090000152587891,6.579999923706055,6.78000020980835,16400,0.0,0.0
2024-05-22 00:00:00-04:00,6.789999961853027,7.190000057220459,6.715000152587891,6.96999979019165,59800,0.0,0.0
2024-05-23 00:00:00-04:00,6.96999979019165,7.610000133514404,6.96999979019165,7.389999866485596,79100,0.0,0.0
2024-05-24 00:00:00-04:00,7.429999828338623,7.739999771118164,7.230000019073486,7.71999979019165,105100,0.0,0.0
2024-05-28 00:00:00-04:00,7.880000114440918,8.399999618530273,7.730000019073486,8.229999542236328,111800,0.0,0.0
2024-05-29 00:00:00-04:00,8.25,8.460000038146973,8.0,8.069999694824219,71300,0.0,0.0
2024-05-30 00:00:00-04:00,8.170000076293945,8.399999618530273,7.900000095367432,7.920000076293945,64400,0.0,0.0
2024-05-31 00:00:00-04:00,7.989999771118164,7.989999771118164,7.130000114440918,7.239999771118164,69300,0.0,0.0
2024-06-03 00:00:00-04:00,7.360000133514404,7.360000133514404,6.431000232696533,6.5,61700,0.0,0.0
2024-06-04 00:00:00-04:00,6.53000020980835,6.53000020980835,6.230000019073486,6.28000020980835,45300,0.0,0.0
2024-06-05 00:00:00-04:00,6.329999923706055,6.329999923706055,6.079999923706055,6.239999771118164,32500,0.0,0.0
2024-06-06 00:00:00-04:00,6.269999980926514,6.590000152587891,6.119999885559082,6.440000057220459,28100,0.0,0.0
2024-06-07 00:00:00-04:00,6.5,6.605000019073486,6.039999961853027,6.099999904632568,42500,0.0,0.0
2024-06-10 00:00:00-04:00,6.170000076293945,6.449999809265137,6.034999847412109,6.190000057220459,41200,0.0,0.0
2024-06-11 00:00:00-04:00,6.179999828338623,6.590000152587891,6.114999771118164,6.320000171661377,41600,0.0,0.0
2024-06-12 00:00:00-04:00,6.53000020980835,6.940000057220459,6.320000171661377,6.539999961853027,34100,0.0,0.0
2024-06-13 00:00:00-04:00,6.429999828338623,6.440000057220459,6.059999942779541,6.159999847412109,34500,0.0,0.0
2024-06-14 00:00:00-04:00,6.199999809265137,6.199999809265137,5.760000228881836,5.769999980926514,55500,0.0,0.0
2024-06-17 00:00:00-04:00,5.980000019073486,5.980000019073486,5.75,5.880000114440918,38800,0.0,0.0
2024-06-18 00:00:00-04:00,5.804999828338623,6.139999866485596,5.619999885559082,5.619999885559082,44200,0.0,0.0
2024-06-20 00:00:00-04:00,5.75,5.769999980926514,5.510000228881836,5.539999961853027,21000,0.0,0.0
2024-06-21 00:00:00-04:00,5.550000190734863,5.619999885559082,5.21999979019165,5.21999979019165,164500,0.0,0.0
2024-06-24 00:00:00-04:00,5.309999942779541,5.429999828338623,5.070000171661377,5.199999809265137,83900,0.0,0.0
2024-06-25 00:00:00-04:00,5.199999809265137,5.409999847412109,5.059999942779541,5.300000190734863,94400,0.0,0.0
2024-06-26 00:00:00-04:00,5.260000228881836,5.460000038146973,5.260000228881836,5.340000152587891,21600,0.0,0.0
2024-06-27 00:00:00-04:00,5.429999828338623,5.599999904632568,5.320000171661377,5.510000228881836,30000,0.0,0.0
2024-06-28 00:00:00-04:00,5.579999923706055,5.579999923706055,5.119999885559082,5.159999847412109,205900,0.0,0.0
2024-07-01 00:00:00-04:00,5.349999904632568,5.349999904632568,4.900000095367432,4.929999828338623,60300,0.0,0.0
2024-07-02 00:00:00-04:00,5.0,5.340000152587891,4.949999809265137,5.0,56500,0.0,0.0
2024-07-03 00:00:00-04:00,5.010000228881836,5.0929999351501465,4.989999771118164,5.039999961853027,10000,0.0,0.0
2024-07-05 00:00:00-04:00,5.139999866485596,5.139999866485596,4.929999828338623,5.059999942779541,32400,0.0,0.0
2024-07-08 00:00:00-04:00,5.059999942779541,5.269999980926514,4.980000019073486,5.269999980926514,79300,0.0,0.0
2024-07-09 00:00:00-04:00,5.190000057220459,5.659999847412109,5.099999904632568,5.599999904632568,72800,0.0,0.0
2024-07-10 00:00:00-04:00,5.599999904632568,5.650000095367432,5.380000114440918,5.559999942779541,26100,0.0,0.0
2024-07-11 00:00:00-04:00,5.650000095367432,5.800000190734863,5.429999828338623,5.650000095367432,42100,0.0,0.0
2024-07-12 00:00:00-04:00,5.690000057220459,5.75,5.449999809265137,5.630000114440918,47700,0.0,0.0
2024-07-15 00:00:00-04:00,5.670000076293945,5.760000228881836,5.46999979019165,5.679999828338623,39800,0.0,0.0
2024-07-16 00:00:00-04:00,5.670000076293945,5.809999942779541,5.5,5.610000133514404,47300,0.0,0.0
2024-07-17 00:00:00-04:00,5.730000019073486,5.760000228881836,5.039999961853027,5.420000076293945,69400,0.0,0.0
2024-07-18 00:00:00-04:00,5.360000133514404,5.559999942779541,5.329999923706055,5.360000133514404,20700,0.0,0.0
2024-07-19 00:00:00-04:00,5.360000133514404,5.360000133514404,4.96999979019165,5.039999961853027,79900,0.0,0.0
2024-07-22 00:00:00-04:00,5.059999942779541,5.21999979019165,4.949999809265137,5.119999885559082,98000,0.0,0.0
2024-07-23 00:00:00-04:00,5.5,5.565000057220459,5.199999809265137,5.409999847412109,150300,0.0,0.0
2024-07-24 00:00:00-04:00,5.300000190734863,5.559999942779541,5.289999961853027,5.349999904632568,37900,0.0,0.0
2024-07-25 00:00:00-04:00,5.320000171661377,5.460000038146973,5.199999809265137,5.429999828338623,29600,0.0,0.0
2024-07-26 00:00:00-04:00,5.429999828338623,5.539999961853027,5.349999904632568,5.460000038146973,35600,0.0,0.0
2024-07-29 00:00:00-04:00,5.480000019073486,5.480000019073486,5.0,5.019999980926514,51600,0.0,0.0
2024-07-30 00:00:00-04:00,5.050000190734863,5.150000095367432,4.920000076293945,5.050000190734863,59900,0.0,0.0
2024-07-31 00:00:00-04:00,5.079999923706055,5.5,5.0,5.46999979019165,57700,0.0,0.0
2024-08-01 00:00:00-04:00,5.5,5.550000190734863,5.03000020980835,5.03000020980835,39700,0.0,0.0
2024-08-02 00:00:00-04:00,4.909999847412109,5.019999980926514,4.650000095367432,4.690000057220459,59700,0.0,0.0
2024-08-05 00:00:00-04:00,4.650000095367432,4.795000076293945,4.150000095367432,4.230000019073486,66400,0.0,0.0
2024-08-06 00:00:00-04:00,4.269999980926514,4.409999847412109,4.199999809265137,4.210000038146973,58000,0.0,0.0
2024-08-07 00:00:00-04:00,4.309999942779541,4.559999942779541,4.059999942779541,4.25,51100,0.0,0.0
2024-08-08 00:00:00-04:00,4.300000190734863,4.730000019073486,4.300000190734863,4.539999961853027,30900,0.0,0.0
2024-08-09 00:00:00-04:00,4.510000228881836,4.699999809265137,4.349999904632568,4.510000228881836,17800,0.0,0.0
2024-08-12 00:00:00-04:00,4.559999942779541,4.900000095367432,4.559999942779541,4.869999885559082,41500,0.0,0.0
2024-08-13 00:00:00-04:00,4.949999809265137,5.135000228881836,4.789999961853027,4.940000057220459,70000,0.0,0.0
2024-08-14 00:00:00-04:00,4.920000076293945,4.920000076293945,4.510000228881836,4.699999809265137,30600,0.0,0.0
2024-08-15 00:00:00-04:00,4.710000038146973,5.329999923706055,4.599999904632568,5.329999923706055,87100,0.0,0.0
2024-08-16 00:00:00-04:00,5.300000190734863,5.389999866485596,5.050000190734863,5.289999961853027,48000,0.0,0.0
2024-08-19 00:00:00-04:00,5.25,5.449999809265137,5.25,5.449999809265137,17100,0.0,0.0
2024-08-20 00:00:00-04:00,5.429999828338623,5.550000190734863,5.349999904632568,5.489999771118164,18700,0.0,0.0
2024-08-21 00:00:00-04:00,5.460000038146973,5.460000038146973,5.210000038146973,5.349999904632568,36600,0.0,0.0
2024-08-22 00:00:00-04:00,5.21999979019165,5.320000171661377,5.21999979019165,5.28000020980835,6100,0.0,0.0
2024-08-23 00:00:00-04:00,5.329999923706055,5.449999809265137,5.210000038146973,5.429999828338623,77500,0.0,0.0
2024-08-26 00:00:00-04:00,5.460000038146973,5.75,5.28000020980835,5.300000190734863,118200,0.0,0.0
2024-08-27 00:00:00-04:00,5.489999771118164,5.489999771118164,5.297999858856201,5.369999885559082,20500,0.0,0.0
2024-08-28 00:00:00-04:00,5.360000133514404,5.360000133514404,5.239999771118164,5.349999904632568,18700,0.0,0.0
2024-08-29 00:00:00-04:00,5.409999847412109,5.710000038146973,5.380000114440918,5.630000114440918,23600,0.0,0.0
2024-08-30 00:00:00-04:00,5.650000095367432,5.989999771118164,5.619999885559082,5.909999847412109,36800,0.0,0.0
2024-09-03 00:00:00-04:00,5.730000019073486,5.730000019073486,5.320000171661377,5.369999885559082,27700,0.0,0.0
2024-09-04 00:00:00-04:00,5.300000190734863,5.34499979019165,4.949999809265137,5.039999961853027,98300,0.0,0.0
2024-09-05 00:00:00-04:00,5.119999885559082,5.119999885559082,5.0,5.050000190734863,15600,0.0,0.0
2024-09-06 00:00:00-04:00,5.110000133514404,5.139999866485596,4.800000190734863,4.929999828338623,44200,0.0,0.0
2024-09-09 00:00:00-04:00,5.0,5.099999904632568,4.880000114440918,4.920000076293945,19400,0.0,0.0
2024-09-10 00:00:00-04:00,4.980000019073486,4.980000019073486,4.599999904632568,4.71999979019165,33800,0.0,0.0
2024-09-11 00:00:00-04:00,4.769999980926514,4.840000152587891,4.5,4.650000095367432,16900,0.0,0.0
2024-09-12 00:00:00-04:00,4.71999979019165,4.940000057220459,4.699999809265137,4.920000076293945,27900,0.0,0.0
2024-09-13 00:00:00-04:00,4.949999809265137,5.139999866485596,4.909999847412109,5.119999885559082,33700,0.0,0.0
2024-09-16 00:00:00-04:00,5.150000095367432,5.25,5.050000190734863,5.159999847412109,22600,0.0,0.0
2024-09-17 00:00:00-04:00,5.150000095367432,5.340000152587891,5.130000114440918,5.25,36900,0.0,0.0
2024-09-18 00:00:00-04:00,5.210000038146973,5.429999828338623,5.099999904632568,5.099999904632568,20800,0.0,0.0
2024-09-19 00:00:00-04:00,5.300000190734863,5.480000019073486,5.195000171661377,5.320000171661377,29800,0.0,0.0
2024-09-20 00:00:00-04:00,5.340000152587891,5.389999866485596,5.110000133514404,5.360000133514404,105300,0.0,0.0
2024-09-23 00:00:00-04:00,5.28000020980835,5.400000095367432,4.920000076293945,4.980000019073486,30400,0.0,0.0
2024-09-24 00:00:00-04:00,5.090000152587891,5.090000152587891,4.789999961853027,4.949999809265137,112400,0.0,0.0
2024-09-25 00:00:00-04:00,4.960000038146973,5.059999942779541,4.960000038146973,5.0,25700,0.0,0.0
2024-09-26 00:00:00-04:00,4.940000057220459,5.0329999923706055,4.849999904632568,5.010000228881836,33600,0.0,0.0
2024-09-27 00:00:00-04:00,5.090000152587891,5.099999904632568,5.010000228881836,5.099999904632568,19000,0.0,0.0
2024-09-30 00:00:00-04:00,5.21999979019165,5.300000190734863,5.059999942779541,5.25,35800,0.0,0.0
2024-10-01 00:00:00-04:00,5.309999942779541,5.400000095367432,5.110000133514404,5.340000152587891,52100,0.0,0.0
2024-10-02 00:00:00-04:00,5.449999809265137,5.820000171661377,5.300000190734863,5.409999847412109,28600,0.0,0.0
2024-10-03 00:00:00-04:00,5.389999866485596,5.5,5.25,5.25,23500,0.0,0.0
2024-10-04 00:00:00-04:00,5.389999866485596,5.389999866485596,5.010000228881836,5.090000152587891,42400,0.0,0.0
2024-10-07 00:00:00-04:00,5.190000057220459,5.25,5.050000190734863,5.119999885559082,17900,0.0,0.0
2024-10-08 00:00:00-04:00,5.0,5.090000152587891,4.96999979019165,5.010000228881836,32700,0.0,0.0
2024-10-09 00:00:00-04:00,5.019999980926514,5.199999809265137,5.019999980926514,5.159999847412109,23500,0.0,0.0
2024-10-10 00:00:00-04:00,5.0,5.150000095367432,4.78000020980835,5.099999904632568,33400,0.0,0.0
2024-10-11 00:00:00-04:00,5.099999904632568,5.449999809265137,5.099999904632568,5.449999809265137,44900,0.0,0.0
2024-10-14 00:00:00-04:00,5.400000095367432,5.400000095367432,5.065000057220459,5.260000228881836,22100,0.0,0.0
2024-10-15 00:00:00-04:00,5.300000190734863,5.4629998207092285,5.239999771118164,5.300000190734863,21100,0.0,0.0
2024-10-16 00:00:00-04:00,5.380000114440918,5.380000114440918,5.263000011444092,5.320000171661377,18000,0.0,0.0
2024-10-17 00:00:00-04:00,5.300000190734863,5.300000190734863,5.079999923706055,5.150000095367432,12800,0.0,0.0
2024-10-18 00:00:00-04:00,5.150000095367432,5.199999809265137,4.909999847412109,5.179999828338623,26900,0.0,0.0
2024-10-21 00:00:00-04:00,5.179999828338623,5.25,5.099999904632568,5.099999904632568,11700,0.0,0.0
2024-10-22 00:00:00-04:00,5.139999866485596,5.199999809265137,5.019999980926514,5.019999980926514,9300,0.0,0.0
2024-10-23 00:00:00-04:00,5.050000190734863,5.099999904632568,5.050000190734863,5.099999904632568,21000,0.0,0.0
2024-10-24 00:00:00-04:00,5.09499979019165,5.170000076293945,4.880000114440918,5.170000076293945,48300,0.0,0.0
2024-10-25 00:00:00-04:00,5.230000019073486,5.300000190734863,5.170000076293945,5.25,10500,0.0,0.0
2024-10-28 00:00:00-04:00,5.300000190734863,5.300000190734863,5.070000171661377,5.179999828338623,41300,0.0,0.0
2024-10-29 00:00:00-04:00,5.289999961853027,5.46999979019165,5.172999858856201,5.46999979019165,28100,0.0,0.0
2024-10-30 00:00:00-04:00,5.53000020980835,5.53000020980835,5.400000095367432,5.510000228881836,15100,0.0,0.0
2024-10-31 00:00:00-04:00,5.510000228881836,5.510000228881836,5.099999904632568,5.179999828338623,23000,0.0,0.0
2024-11-01 00:00:00-04:00,5.21999979019165,5.264999866485596,5.144000053405762,5.199999809265137,13600,0.0,0.0
2024-11-04 00:00:00-05:00,5.239999771118164,5.3460001945495605,5.110000133514404,5.239999771118164,34300,0.0,0.0
2024-11-05 00:00:00-05:00,5.139999866485596,5.800000190734863,5.139999866485596,5.559999942779541,60000,0.0,0.0
2024-11-06 00:00:00-05:00,6.0,6.204999923706055,5.800000190734863,6.050000190734863,106100,0.0,0.0
2024-11-07 00:00:00-05:00,6.090000152587891,6.324999809265137,6.0,6.070000171661377,56700,0.0,0.0
2024-11-08 00:00:00-05:00,6.03000020980835,6.25,5.900000095367432,6.25,21800,0.0,0.0
2024-11-11 00:00:00-05:00,6.440000057220459,6.519999980926514,6.010000228881836,6.46999979019165,36900,0.0,0.0
2024-11-12 00:00:00-05:00,6.480000019073486,6.699999809265137,6.28000020980835,6.389999866485596,48900,0.0,0.0
2024-11-13 00:00:00-05:00,6.389999866485596,6.389999866485596,6.079999923706055,6.269999980926514,16600,0.0,0.0
2024-11-14 00:00:00-05:00,6.449999809265137,6.449999809265137,5.829999923706055,5.840000152587891,32300,0.0,0.0
2024-11-15 00:00:00-05:00,5.829999923706055,5.875,5.380000114440918,5.550000190734863,37700,0.0,0.0
2024-11-18 00:00:00-05:00,5.570000171661377,5.619999885559082,5.46999979019165,5.519999980926514,16200,0.0,0.0
2024-11-19 00:00:00-05:00,5.46999979019165,5.71999979019165,5.449999809265137,5.71999979019165,24400,0.0,0.0
2024-11-20 00:00:00-05:00,5.710000038146973,5.75,5.349999904632568,5.349999904632568,15600,0.0,0.0
2024-11-21 00:00:00-05:00,5.449999809265137,5.699999809265137,5.449999809265137,5.679999828338623,19500,0.0,0.0
2024-11-22 00:00:00-05:00,6.090000152587891,6.090000152587891,5.710000038146973,5.889999866485596,32400,0.0,0.0
2024-11-25 00:00:00-05:00,5.940000057220459,6.099999904632568,5.75,5.75,26100,0.0,0.0
2024-11-26 00:00:00-05:00,5.630000114440918,5.909999847412109,5.630000114440918,5.71999979019165,22100,0.0,0.0
2024-11-27 00:00:00-05:00,5.829999923706055,5.840000152587891,5.699999809265137,5.78000020980835,18900,0.0,0.0
2024-11-29 00:00:00-05:00,5.880000114440918,6.420000076293945,5.860000133514404,6.329999923706055,36900,0.0,0.0
2024-12-02 00:00:00-05:00,6.309999942779541,6.550000190734863,6.135000228881836,6.409999847412109,30200,0.0,0.0
2024-12-03 00:00:00-05:00,6.46999979019165,6.849999904632568,6.409999847412109,6.730000019073486,66200,0.0,0.0
2024-12-04 00:00:00-05:00,6.760000228881836,6.840000152587891,6.349999904632568,6.449999809265137,38200,0.0,0.0
2024-12-05 00:00:00-05:00,6.480000019073486,6.599999904632568,6.260000228881836,6.510000228881836,29200,0.0,0.0
2024-12-06 00:00:00-05:00,6.570000171661377,7.0,6.460000038146973,6.949999809265137,35200,0.0,0.0
2024-12-09 00:00:00-05:00,7.0,7.289999961853027,6.809999942779541,6.880000114440918,59600,0.0,0.0
2024-12-10 00:00:00-05:00,6.880000114440918,7.130000114440918,6.880000114440918,7.050000190734863,32600,0.0,0.0
2024-12-11 00:00:00-05:00,7.179999828338623,7.199999809265137,6.940000057220459,7.070000171661377,29400,0.0,0.0
2024-12-12 00:00:00-05:00,6.965000152587891,7.039999961853027,6.670000076293945,6.690000057220459,16200,0.0,0.0
2024-12-13 00:00:00-05:00,6.699999809265137,6.710000038146973,6.550000190734863,6.639999866485596,13400,0.0,0.0
2024-12-16 00:00:00-05:00,6.550000190734863,6.689000129699707,6.369999885559082,6.46999979019165,17800,0.0,0.0
2024-12-17 00:00:00-05:00,6.420000076293945,6.420000076293945,6.210000038146973,6.320000171661377,19300,0.0,0.0
2024-12-18 00:00:00-05:00,6.300000190734863,6.309999942779541,5.630000114440918,5.800000190734863,40300,0.0,0.0
2024-12-19 00:00:00-05:00,5.989999771118164,5.989999771118164,5.510000228881836,5.599999904632568,35800,0.0,0.0
2024-12-20 00:00:00-05:00,5.489999771118164,6.75,5.489999771118164,6.710000038146973,145600,0.0,0.0
2024-12-23 00:00:00-05:00,6.599999904632568,7.059999942779541,6.599999904632568,6.980000019073486,42900,0.0,0.0
2024-12-24 00:00:00-05:00,6.940000057220459,7.400000095367432,6.940000057220459,7.300000190734863,18700,0.0,0.0
2024-12-26 00:00:00-05:00,7.110000133514404,7.449999809265137,7.03000020980835,7.349999904632568,31100,0.0,0.0
2024-12-27 00:00:00-05:00,7.550000190734863,7.650000095367432,7.099999904632568,7.46999979019165,38900,0.0,0.0
2024-12-30 00:00:00-05:00,7.429999828338623,7.46999979019165,7.110000133514404,7.25,21100,0.0,0.0
2024-12-31 00:00:00-05:00,7.349999904632568,7.699999809265137,7.340000152587891,7.599999904632568,30500,0.0,0.0
2025-01-02 00:00:00-05:00,7.699999809265137,8.119999885559082,7.623000144958496,7.75,39200,0.0,0.0
2025-01-03 00:00:00-05:00,7.791999816894531,7.849999904632568,7.639999866485596,7.78000020980835,13800,0.0,0.0
2025-01-06 00:00:00-05:00,7.820000171661377,7.820000171661377,7.400000095367432,7.440000057220459,19700,0.0,0.0
2025-01-07 00:00:00-05:00,7.699999809265137,7.75,7.440000057220459,7.639999866485596,40000,0.0,0.0
2025-01-08 00:00:00-05:00,7.559999942779541,7.570000171661377,7.400000095367432,7.400000095367432,16000,0.0,0.0
2025-01-10 00:00:00-05:00,7.099999904632568,7.2230000495910645,6.690000057220459,6.699999809265137,30500,0.0,0.0
2025-01-13 00:00:00-05:00,6.639999866485596,6.690000057220459,6.429999828338623,6.619999885559082,14700,0.0,0.0
2025-01-14 00:00:00-05:00,6.769999980926514,6.769999980926514,6.449999809265137,6.449999809265137,18200,0.0,0.0
2025-01-15 00:00:00-05:00,6.730000019073486,7.050000190734863,6.348999977111816,7.0,28200,0.0,0.0
2025-01-16 00:00:00-05:00,7.050000190734863,7.099999904632568,6.929999828338623,6.929999828338623,13900,0.0,0.0
2025-01-17 00:00:00-05:00,7.190000057220459,7.190000057220459,6.619999885559082,6.619999885559082,21800,0.0,0.0
2025-01-21 00:00:00-05:00,6.71999979019165,6.78000020980835,6.439000129699707,6.699999809265137,25100,0.0,0.0
2025-01-22 00:00:00-05:00,6.789999961853027,6.789999961853027,6.369999885559082,6.369999885559082,22400,0.0,0.0
2025-01-23 00:00:00-05:00,6.300000190734863,6.359000205993652,6.159999847412109,6.329999923706055,20000,0.0,0.0
2025-01-24 00:00:00-05:00,6.320000171661377,6.320000171661377,6.01200008392334,6.179999828338623,19600,0.0,0.0
2025-01-27 00:00:00-05:00,6.010000228881836,6.159999847412109,5.960000038146973,6.010000228881836,27900,0.0,0.0
2025-01-28 00:00:00-05:00,6.090000152587891,6.388999938964844,5.764999866485596,6.159999847412109,31600,0.0,0.0
2025-01-29 00:00:00-05:00,6.139999866485596,6.190000057220459,6.059999942779541,6.059999942779541,11300,0.0,0.0
2025-01-30 00:00:00-05:00,6.150000095367432,6.238999843597412,6.0,6.079999923706055,16500,0.0,0.0
2025-01-31 00:00:00-05:00,6.010000228881836,6.010000228881836,5.75,5.849999904632568,18100,0.0,0.0
2025-02-03 00:00:00-05:00,5.679999828338623,5.900000095367432,5.679999828338623,5.889999866485596,20000,0.0,0.0
2025-02-04 00:00:00-05:00,5.889999866485596,6.045000076293945,5.869999885559082,5.929999828338623,14600,0.0,0.0
2025-02-05 00:00:00-05:00,5.989999771118164,6.139999866485596,5.989999771118164,6.099999904632568,16800,0.0,0.0
2025-02-06 00:00:00-05:00,6.21999979019165,6.288000106811523,5.929999828338623,5.929999828338623,18900,0.0,0.0
2025-02-07 00:00:00-05:00,5.960000038146973,6.034999847412109,5.75,5.75,24500,0.0,0.0
2025-02-10 00:00:00-05:00,5.829999923706055,5.949999809265137,5.730000019073486,5.820000171661377,11700,0.0,0.0
2025-02-11 00:00:00-05:00,5.710000038146973,5.880000114440918,5.559999942779541,5.710000038146973,23200,0.0,0.0
2025-02-12 00:00:00-05:00,5.579999923706055,5.78000020980835,5.550000190734863,5.550000190734863,14600,0.0,0.0
2025-02-13 00:00:00-05:00,5.820000171661377,5.820000171661377,5.539999961853027,5.690000057220459,14900,0.0,0.0
2025-02-14 00:00:00-05:00,5.760000228881836,6.349999904632568,5.760000228881836,6.28000020980835,17200,0.0,0.0
2025-02-18 00:00:00-05:00,6.429999828338623,6.5,6.070000171661377,6.300000190734863,20900,0.0,0.0
2025-02-19 00:00:00-05:00,6.349999904632568,6.695000171661377,6.349999904632568,6.659999847412109,21000,0.0,0.0
2025-02-20 00:00:00-05:00,6.579999923706055,6.664999961853027,6.375,6.380000114440918,19000,0.0,0.0
2025-02-21 00:00:00-05:00,6.449999809265137,6.650000095367432,6.320000171661377,6.369999885559082,16400,0.0,0.0
2025-02-24 00:00:00-05:00,6.519999980926514,6.699999809265137,6.059999942779541,6.690000057220459,27000,0.0,0.0
2025-02-25 00:00:00-05:00,6.699999809265137,6.800000190734863,6.440000057220459,6.699999809265137,18900,0.0,0.0
2025-02-26 00:00:00-05:00,6.610000133514404,6.630000114440918,6.5,6.590000152587891,10400,0.0,0.0
2025-02-27 00:00:00-05:00,6.579999923706055,6.78000020980835,6.579999923706055,6.579999923706055,10100,0.0,0.0
2025-02-28 00:00:00-05:00,6.679999828338623,6.900000095367432,6.679999828338623,6.900000095367432,16700,0.0,0.0
2025-03-03 00:00:00-05:00,6.900000095367432,6.900000095367432,6.480000019073486,6.519999980926514,16700,0.0,0.0
2025-03-04 00:00:00-05:00,6.269999980926514,6.679999828338623,6.269999980926514,6.550000190734863,8800,0.0,0.0
2025-03-05 00:00:00-05:00,6.650000095367432,6.710000038146973,6.5,6.519999980926514,14000,0.0,0.0
2025-03-06 00:00:00-05:00,6.769999980926514,6.7829999923706055,6.639999866485596,6.769999980926514,11200,0.0,0.0
2025-03-07 00:00:00-05:00,6.789999961853027,6.849999904632568,6.71999979019165,6.809999942779541,29800,0.0,0.0
2025-03-10 00:00:00-04:00,6.690000057220459,6.889999866485596,6.320000171661377,6.570000171661377,15400,0.0,0.0
2025-03-11 00:00:00-04:00,6.71999979019165,6.71999979019165,6.510000228881836,6.519999980926514,18700,0.0,0.0
2025-03-12 00:00:00-04:00,6.755000114440918,6.78000020980835,6.644999980926514,6.78000020980835,10000,0.0,0.0
2025-03-13 00:00:00-04:00,6.675000190734863,6.78000020980835,6.510000228881836,6.510000228881836,8900,0.0,0.0
2025-03-14 00:00:00-04:00,6.703999996185303,6.880000114440918,6.619999885559082,6.880000114440918,14900,0.0,0.0
2025-03-17 00:00:00-04:00,6.900000095367432,6.900000095367432,6.0,6.21999979019165,75000,0.0,0.0
2025-03-18 00:00:00-04:00,6.130000114440918,6.210000038146973,5.889999866485596,5.940000057220459,20800,0.0,0.0
2025-03-19 00:00:00-04:00,5.900000095367432,5.900000095367432,5.769999980926514,5.820000171661377,14600,0.0,0.0
2025-03-20 00:00:00-04:00,5.789999961853027,5.789999961853027,5.659999847412109,5.71999979019165,10400,0.0,0.0
2025-03-21 00:00:00-04:00,5.599999904632568,6.300000190734863,5.409999847412109,6.199999809265137,152100,0.0,0.0
2025-03-24 00:00:00-04:00,6.300000190734863,6.300000190734863,6.099999904632568,6.300000190734863,14100,0.0,0.0
2025-03-25 00:00:00-04:00,6.179999828338623,6.400000095367432,6.119999885559082,6.159999847412109,11000,0.0,0.0
2025-03-26 00:00:00-04:00,6.170000076293945,6.235000133514404,5.900000095367432,6.130000114440918,17600,0.0,0.0
2025-03-27 00:00:00-04:00,6.099999904632568,6.320000171661377,6.09499979019165,6.300000190734863,11900,0.0,0.0
2025-03-28 00:00:00-04:00,6.300000190734863,6.300000190734863,5.741000175476074,6.0,13600,0.0,0.0
2025-03-31 00:00:00-04:00,5.960000038146973,6.329999923706055,5.8429999351501465,6.28000020980835,46300,0.0,0.0
2025-04-01 00:00:00-04:00,6.309999942779541,6.309999942779541,5.769999980926514,5.769999980926514,22700,0.0,0.0
2025-04-02 00:00:00-04:00,5.650000095367432,5.889999866485596,5.650000095367432,5.849999904632568,20400,0.0,0.0
2025-04-03 00:00:00-04:00,5.429999828338623,5.630000114440918,5.09499979019165,5.25,46300,0.0,0.0
2025-04-04 00:00:00-04:00,5.119999885559082,5.260000228881836,5.090000152587891,5.260000228881836,43100,0.0,0.0
2025-04-07 00:00:00-04:00,4.840000152587891,5.650000095367432,4.840000152587891,5.360000133514404,22000,0.0,0.0
2025-04-08 00:00:00-04:00,5.670000076293945,5.697000026702881,4.889999866485596,4.960000038146973,29300,0.0,0.0
2025-04-09 00:00:00-04:00,4.929999828338623,6.340000152587891,4.929999828338623,6.21999979019165,76300,0.0,0.0
2025-04-10 00:00:00-04:00,5.71999979019165,6.125,5.504000186920166,5.619999885559082,28500,0.0,0.0
2025-04-11 00:00:00-04:00,5.630000114440918,5.96999979019165,5.501999855041504,5.960000038146973,24700,0.0,0.0
2025-04-14 00:00:00-04:00,6.050000190734863,6.050000190734863,5.400000095367432,5.400000095367432,26400,0.0,0.0
2025-04-15 00:00:00-04:00,5.28000020980835,5.5,5.060999870300293,5.130000114440918,18900,0.0,0.0
2025-04-16 00:00:00-04:00,5.130000114440918,5.320000171661377,5.090000152587891,5.110000133514404,27200,0.0,0.0
2025-04-17 00:00:00-04:00,5.090000152587891,5.440000057220459,5.010000228881836,5.320000171661377,20400,0.0,0.0
2025-04-21 00:00:00-04:00,5.170000076293945,5.25600004196167,4.78000020980835,4.809999942779541,31900,0.0,0.0
2025-04-22 00:00:00-04:00,4.860000133514404,5.25,4.849999904632568,5.230000019073486,41700,0.0,0.0
2025-04-23 00:00:00-04:00,5.28000020980835,5.340000152587891,5.0,5.079999923706055,26700,0.0,0.0
2025-04-24 00:00:00-04:00,5.110000133514404,5.300000190734863,4.75,4.949999809265137,23800,0.0,0.0
2025-04-25 00:00:00-04:00,4.869999885559082,4.940000057220459,4.610000133514404,4.829999923706055,13200,0.0,0.0
2025-04-28 00:00:00-04:00,4.798999786376953,5.195000171661377,4.670000076293945,5.150000095367432,27000,0.0,0.0
2025-04-29 00:00:00-04:00,5.119999885559082,5.21999979019165,4.900000095367432,4.909999847412109,17100,0.0,0.0
2025-04-30 00:00:00-04:00,4.820000171661377,4.900000095367432,4.570000171661377,4.590000152587891,28000,0.0,0.0
2025-05-01 00:00:00-04:00,4.670000076293945,4.829999923706055,4.550000190734863,4.650000095367432,12900,0.0,0.0
2025-05-02 00:00:00-04:00,4.789999961853027,4.877999782562256,4.28000020980835,4.309999942779541,41200,0.0,0.0
2025-05-05 00:00:00-04:00,4.28000020980835,4.309999942779541,3.8499999046325684,3.9000000953674316,38000,0.0,0.0
2025-05-06 00:00:00-04:00,3.859999895095825,4.150000095367432,3.809999942779541,3.940000057220459,47100,0.0,0.0
2025-05-07 00:00:00-04:00,3.9700000286102295,4.110000133514404,3.759999990463257,3.950000047683716,27700,0.0,0.0
2025-05-08 00:00:00-04:00,3.9800000190734863,4.099999904632568,3.9600000381469727,3.990000009536743,34400,0.0,0.0
2025-05-09 00:00:00-04:00,3.950000047683716,4.0,3.890000104904175,3.890000104904175,17300,0.0,0.0
2025-05-12 00:00:00-04:00,4.170000076293945,4.230000019073486,3.950000047683716,4.039999961853027,22800,0.0,0.0
2025-05-13 00:00:00-04:00,4.179999828338623,4.179999828338623,3.9000000953674316,3.9800000190734863,31500,0.0,0.0
2025-05-14 00:00:00-04:00,3.9200000762939453,4.09499979019165,3.877000093460083,3.930000066757202,25100,0.0,0.0
2025-05-15 00:00:00-04:00,3.9149999618530273,4.159999847412109,3.859999895095825,4.159999847412109,15100,0.0,0.0
2025-05-16 00:00:00-04:00,4.150000095367432,4.164000034332275,3.990000009536743,3.990000009536743,35100,0.0,0.0
2025-05-19 00:00:00-04:00,3.9200000762939453,4.11899995803833,3.9100000858306885,4.039999961853027,18100,0.0,0.0
2025-05-20 00:00:00-04:00,3.9600000381469727,4.059999942779541,3.934999942779541,4.059999942779541,32300,0.0,0.0
2025-05-21 00:00:00-04:00,3.990000009536743,4.119999885559082,3.8499999046325684,3.9800000190734863,42400,0.0,0.0
2025-05-22 00:00:00-04:00,4.050000190734863,4.139999866485596,4.050000190734863,4.050000190734863,30900,0.0,0.0
2025-05-23 00:00:00-04:00,3.950000047683716,4.059999942779541,3.950000047683716,4.050000190734863,53800,0.0,0.0
2025-05-27 00:00:00-04:00,4.159999847412109,4.179999828338623,4.010000228881836,4.170000076293945,26900,0.0,0.0
2025-05-28 00:00:00-04:00,4.099999904632568,4.480000019073486,4.059999942779541,4.440000057220459,31300,0.0,0.0
2025-05-29 00:00:00-04:00,4.570000171661377,5.005000114440918,4.505000114440918,4.989999771118164,30700,0.0,0.0
2025-05-30 00:00:00-04:00,4.980000019073486,5.130000114440918,4.570000171661377,4.920000076293945,34100,0.0,0.0
2025-06-02 00:00:00-04:00,5.039999961853027,5.320000171661377,4.760000228881836,4.949999809265137,32300,0.0,0.0
2025-06-03 00:00:00-04:00,4.860000133514404,5.460000038146973,4.860000133514404,5.449999809265137,29400,0.0,0.0
2025-06-04 00:00:00-04:00,5.440000057220459,5.440000057220459,5.104000091552734,5.25,15200,0.0,0.0
2025-06-05 00:00:00-04:00,5.28000020980835,5.318999767303467,4.849999904632568,4.909999847412109,16100,0.0,0.0
2025-06-06 00:00:00-04:00,4.989999771118164,5.271999835968018,4.989999771118164,5.190000057220459,16400,0.0,0.0
2025-06-09 00:00:00-04:00,5.159999847412109,5.449999809265137,5.045000076293945,5.420000076293945,14700,0.0,0.0
2025-06-10 00:00:00-04:00,5.5,5.650000095367432,5.35699987411499,5.539999961853027,16500,0.0,0.0
2025-06-11 00:00:00-04:00,5.519999980926514,5.6579999923706055,5.260000228881836,5.349999904632568,22600,0.0,0.0
2025-06-12 00:00:00-04:00,5.269999980926514,5.380000114440918,5.090000152587891,5.119999885559082,20100,0.0,0.0
2025-06-13 00:00:00-04:00,5.409999847412109,5.420000076293945,5.203000068664551,5.300000190734863,27500,0.0,0.0
2025-06-16 00:00:00-04:00,5.570000171661377,5.619999885559082,5.309999942779541,5.619999885559082,14200,0.0,0.0
2025-06-17 00:00:00-04:00,5.800000190734863,5.800000190734863,5.570000171661377,5.630000114440918,14900,0.0,0.0
2025-06-18 00:00:00-04:00,5.639999866485596,5.75,5.53000020980835,5.75,11800,0.0,0.0
2025-06-20 00:00:00-04:00,5.710000038146973,5.75,5.5,5.53000020980835,37200,0.0,0.0
2025-06-23 00:00:00-04:00,5.630000114440918,5.71999979019165,5.40500020980835,5.71999979019165,25700,0.0,0.0
2025-06-24 00:00:00-04:00,5.570000171661377,5.639999866485596,5.289999961853027,5.570000171661377,27800,0.0,0.0
2025-06-25 00:00:00-04:00,5.46999979019165,5.554999828338623,5.25,5.300000190734863,12600,0.0,0.0
2025-06-26 00:00:00-04:00,5.309999942779541,5.639999866485596,5.260000228881836,5.570000171661377,17500,0.0,0.0
2025-06-27 00:00:00-04:00,5.579999923706055,5.590000152587891,5.190000057220459,5.519999980926514,116700,0.0,0.0
2025-06-30 00:00:00-04:00,5.5,5.5,5.28000020980835,5.28000020980835,26700,0.0,0.0
2025-07-01 00:00:00-04:00,5.309999942779541,5.510000228881836,5.210000038146973,5.309999942779541,13900,0.0,0.0
2025-07-02 00:00:00-04:00,5.230000019073486,5.449999809265137,5.064000129699707,5.389999866485596,60700,0.0,0.0
2025-07-03 00:00:00-04:00,5.494999885559082,5.630000114440918,5.420000076293945,5.630000114440918,11000,0.0,0.0
2025-07-07 00:00:00-04:00,5.5,5.9029998779296875,5.5,5.739999771118164,42100,0.0,0.0
2025-07-08 00:00:00-04:00,5.769999980926514,6.019999980926514,5.630000114440918,5.650000095367432,41600,0.0,0.0
2025-07-09 00:00:00-04:00,5.679999828338623,6.309999942779541,5.53000020980835,6.130000114440918,23200,0.0,0.0
2025-07-10 00:00:00-04:00,6.019999980926514,6.019999980926514,5.40500020980835,5.53000020980835,30000,0.0,0.0
2025-07-11 00:00:00-04:00,5.559999942779541,5.74399995803833,5.210000038146973,5.320000171661377,32900,0.0,0.0
2025-07-14 00:00:00-04:00,5.21999979019165,5.559999942779541,5.21999979019165,5.400000095367432,10700,0.0,0.0
2025-07-15 00:00:00-04:00,5.429999828338623,5.429999828338623,5.050000190734863,5.050000190734863,18300,0.0,0.0
2025-07-16 00:00:00-04:00,5.050000190734863,5.340000152587891,4.900000095367432,5.150000095367432,27600,0.0,0.0
2025-07-17 00:00:00-04:00,5.239999771118164,5.375999927520752,5.010000228881836,5.019999980926514,34500,0.0,0.0
2025-07-18 00:00:00-04:00,5.239999771118164,5.269999980926514,4.869999885559082,4.869999885559082,31900,0.0,0.0
2025-07-21 00:00:00-04:00,4.46999979019165,4.949999809265137,4.46999979019165,4.809999942779541,53700,0.0,0.0
2025-07-22 00:00:00-04:00,4.800000190734863,5.340000152587891,4.800000190734863,5.099999904632568,35200,0.0,0.0
2025-07-23 00:00:00-04:00,5.159999847412109,5.184999942779541,4.820000171661377,4.920000076293945,17600,0.0,0.0
2025-07-24 00:00:00-04:00,4.900000095367432,5.050000190734863,4.885000228881836,4.960000038146973,19000,0.0,0.0
2025-07-25 00:00:00-04:00,5.0,5.059999942779541,4.835000038146973,4.96999979019165,10800,0.0,0.0
2025-07-28 00:00:00-04:00,5.019999980926514,5.25,4.929999828338623,5.150000095367432,14200,0.0,0.0
2025-07-29 00:00:00-04:00,5.230000019073486,5.230000019073486,4.900000095367432,4.900000095367432,12000,0.0,0.0
2025-07-30 00:00:00-04:00,5.019999980926514,5.125,4.670000076293945,4.670000076293945,18200,0.0,0.0
2025-07-31 00:00:00-04:00,4.670000076293945,4.989999771118164,4.519999980926514,4.519999980926514,24900,0.0,0.0
2025-08-01 00:00:00-04:00,4.409999847412109,4.730000019073486,4.369999885559082,4.409999847412109,36500,0.0,0.0
2025-08-04 00:00:00-04:00,4.46999979019165,4.699999809265137,4.46999979019165,4.489999771118164,16400,0.0,0.0
2025-08-05 00:00:00-04:00,4.534999847412109,4.559999942779541,4.400000095367432,4.420000076293945,15500,0.0,0.0
2025-08-06 00:00:00-04:00,4.400000095367432,4.7270002365112305,4.400000095367432,4.46999979019165,13400,0.0,0.0
2025-08-07 00:00:00-04:00,4.550000190734863,4.550000190734863,4.320000171661377,4.349999904632568,20000,0.0,0.0
2025-08-08 00:00:00-04:00,4.429999828338623,4.738999843597412,4.409999847412109,4.519999980926514,16300,0.0,0.0
2025-08-11 00:00:00-04:00,4.599999904632568,4.771999835968018,4.110000133514404,4.610000133514404,39400,0.0,0.0
2025-08-12 00:00:00-04:00,4.659999847412109,4.869999885559082,4.659999847412109,4.840000152587891,22300,0.0,0.0
2025-08-13 00:00:00-04:00,4.900000095367432,5.0,4.84499979019165,4.96999979019165,13400,0.0,0.0
2025-08-14 00:00:00-04:00,4.96999979019165,4.96999979019165,4.6519999504089355,4.71999979019165,16600,0.0,0.0
2025-08-15 00:00:00-04:00,4.849999904632568,5.179999828338623,4.849999904632568,5.070000171661377,24800,0.0,0.0
2025-08-18 00:00:00-04:00,5.019999980926514,5.138999938964844,4.849999904632568,4.889999866485596,18400,0.0,0.0
2025-08-19 00:00:00-04:00,4.460000038146973,4.861999988555908,4.460000038146973,4.630000114440918,14600,0.0,0.0
2025-08-20 00:00:00-04:00,4.679999828338623,4.789999961853027,4.620999813079834,4.730000019073486,7500,0.0,0.0
2025-08-21 00:00:00-04:00,4.75,4.927999973297119,4.710000038146973,4.760000228881836,14400,0.0,0.0
2025-08-22 00:00:00-04:00,5.03000020980835,5.599999904632568,5.03000020980835,5.599999904632568,42500,0.0,0.0
2025-08-25 00:00:00-04:00,5.46999979019165,5.486999988555908,5.039999961853027,5.090000152587891,28500,0.0,0.0
2025-08-26 00:00:00-04:00,5.179999828338623,5.400000095367432,4.860000133514404,4.960000038146973,19700,0.0,0.0
2025-08-27 00:00:00-04:00,4.929999828338623,5.085000038146973,4.880000114440918,4.889999866485596,17200,0.0,0.0
2025-08-28 00:00:00-04:00,4.940000057220459,5.230000019073486,4.849999904632568,5.190000057220459,28400,0.0,0.0
2025-08-29 00:00:00-04:00,5.199999809265137,5.360000133514404,4.949999809265137,5.050000190734863,14600,0.0,0.0
2025-09-02 00:00:00-04:00,5.0,5.25,4.949999809265137,4.949999809265137,12600,0.0,0.0
2025-09-03 00:00:00-04:00,4.920000076293945,5.297999858856201,4.800000190734863,4.800000190734863,15500,0.0,0.0
2025-09-04 00:00:00-04:00,4.829999923706055,4.960000038146973,4.75,4.949999809265137,12800,0.0,0.0
2025-09-05 00:00:00-04:00,4.920000076293945,5.0,4.809999942779541,4.960000038146973,10200,0.0,0.0
2025-09-08 00:00:00-04:00,4.869999885559082,4.869999885559082,4.389999866485596,4.510000228881836,55000,0.0,0.0
2025-09-09 00:00:00-04:00,4.460000038146973,4.479000091552734,4.204999923706055,4.210000038146973,27000,0.0,0.0
2025-09-10 00:00:00-04:00,4.190000057220459,4.584000110626221,4.03000020980835,4.090000152587891,40800,0.0,0.0
2025-09-11 00:00:00-04:00,4.03000020980835,4.260000228881836,4.03000020980835,4.239999771118164,34400,0.0,0.0
2025-09-12 00:00:00-04:00,4.289999961853027,4.410999774932861,4.059999942779541,4.059999942779541,27400,0.0,0.0
2025-09-15 00:00:00-04:00,4.150000095367432,4.300000190734863,3.799999952316284,4.110000133514404,83300,0.0,0.0
2025-09-16 00:00:00-04:00,4.159999847412109,4.260000228881836,3.940000057220459,4.110000133514404,62400,0.0,0.0
2025-09-17 00:00:00-04:00,4.150000095367432,4.175000190734863,4.0,4.050000190734863,64700,0.0,0.0
2025-09-18 00:00:00-04:00,4.079999923706055,4.25,4.0,4.110000133514404,52400,0.0,0.0
2025-09-19 00:00:00-04:00,4.150000095367432,4.380000114440918,4.0,4.320000171661377,288000,0.0,0.0
2025-09-22 00:00:00-04:00,4.550000190734863,4.619999885559082,4.414000034332275,4.550000190734863,43800,0.0,0.0
2025-09-23 00:00:00-04:00,4.550000190734863,4.909999847412109,4.5,4.590000152587891,37900,0.0,0.0
2025-09-24 00:00:00-04:00,4.519999980926514,4.849999904632568,4.5,4.670000076293945,22600,0.0,0.0
2025-09-25 00:00:00-04:00,4.619999885559082,4.679999828338623,4.513999938964844,4.679999828338623,12200,0.0,0.0
2025-09-26 00:00:00-04:00,4.710000038146973,4.849999904632568,4.559999942779541,4.820000171661377,15000,0.0,0.0
2025-09-29 00:00:00-04:00,4.849999904632568,4.849999904632568,4.5,4.610000133514404,16400,0.0,0.0
2025-09-30 00:00:00-04:00,4.599999904632568,4.75,4.460000038146973,4.519999980926514,27700,0.0,0.0
2025-10-01 00:00:00-04:00,4.489999771118164,4.659999847412109,4.389999866485596,4.389999866485596,37200,0.0,0.0
2025-10-02 00:00:00-04:00,4.389999866485596,4.510000228881836,4.059999942779541,4.070000171661377,54500,0.0,0.0
2025-10-03 00:00:00-04:00,4.110000133514404,4.449999809265137,4.110000133514404,4.360000133514404,35600,0.0,0.0
2025-10-06 00:00:00-04:00,4.380000114440918,4.579999923706055,4.199999809265137,4.260000228881836,33500,0.0,0.0
2025-10-07 00:00:00-04:00,4.260000228881836,4.380000114440918,4.039999961853027,4.039999961853027,43100,0.0,0.0
2025-10-08 00:00:00-04:00,4.090000152587891,4.441999912261963,4.090000152587891,4.139999866485596,33100,0.0,0.0
2025-10-09 00:00:00-04:00,4.159999847412109,4.519999980926514,4.079999923706055,4.159999847412109,57500,0.0,0.0
2025-10-10 00:00:00-04:00,4.130000114440918,4.199999809265137,3.6700000762939453,3.7699999809265137,73500,0.0,0.0
2025-10-13 00:00:00-04:00,3.9000000953674316,4.03000020980835,3.7699999809265137,4.03000020980835,22500,0.0,0.0
2025-10-14 00:00:00-04:00,3.890000104904175,4.0289998054504395,3.799999952316284,3.819999933242798,26700,0.0,0.0
2025-10-15 00:00:00-04:00,3.75,3.950000047683716,3.700000047683716,3.9100000858306885,45700,0.0,0.0
2025-10-16 00:00:00-04:00,3.930000066757202,3.930000066757202,3.505000114440918,3.5199999809265137,66700,0.0,0.0
2025-10-17 00:00:00-04:00,3.549999952316284,3.690000057220459,3.549999952316284,3.609999895095825,61100,0.0,0.0
2025-10-20 00:00:00-04:00,3.680000066757202,3.759999990463257,3.5,3.7200000286102295,40900,0.0,0.0
2025-10-21 00:00:00-04:00,3.75,3.819999933242798,3.5999999046325684,3.609999895095825,35600,0.0,0.0
2025-10-22 00:00:00-04:00,3.6700000762939453,3.984999895095825,3.5999999046325684,3.930000066757202,43400,0.0,0.0
2025-10-23 00:00:00-04:00,3.9700000286102295,4.0,3.799999952316284,3.8299999237060547,19400,0.0,0.0
2025-10-24 00:00:00-04:00,3.9100000858306885,4.079999923706055,3.7300000190734863,3.8299999237060547,21300,0.0,0.0
2025-10-27 00:00:00-04:00,3.859999895095825,3.859999895095825,3.559999942779541,3.569999933242798,13000,0.0,0.0
2025-10-28 00:00:00-04:00,3.5899999141693115,3.6540000438690186,3.380000114440918,3.450000047683716,37700,0.0,0.0
2025-10-29 00:00:00-04:00,3.450000047683716,3.5450000762939453,3.2200000286102295,3.25,47700,0.0,0.0
2025-10-30 00:00:00-04:00,3.259999990463257,3.390000104904175,2.9000000953674316,2.930000066757202,37400,0.0,0.0
2025-10-31 00:00:00-04:00,2.990000009536743,3.0899999141693115,2.9149999618530273,3.009999990463257,37900,0.0,0.0
2025-11-03 00:00:00-05:00,3.009999990463257,3.128999948501587,2.799999952316284,3.049999952316284,113600,0.0,0.0
2025-11-04 00:00:00-05:00,3.059999942779541,3.1589999198913574,3.0,3.0899999141693115,36300,0.0,0.0
2025-11-05 00:00:00-05:00,3.0999999046325684,3.200000047683716,3.0,3.180000066757202,34600,0.0,0.0
2025-11-06 00:00:00-05:00,3.109999895095825,3.2200000286102295,3.009999990463257,3.130000114440918,45800,0.0,0.0
2025-11-07 00:00:00-05:00,3.119999885559082,3.2200000286102295,3.0199999809265137,3.1600000858306885,30300,0.0,0.0
2025-11-10 00:00:00-05:00,3.3499999046325684,3.5399999618530273,3.1600000858306885,3.490000009536743,25800,0.0,0.0
2025-11-11 00:00:00-05:00,3.5899999141693115,3.609999895095825,3.299999952316284,3.3399999141693115,45300,0.0,0.0
2025-11-12 00:00:00-05:00,3.3499999046325684,3.5399999618530273,3.0999999046325684,3.1500000953674316,41400,0.0,0.0
2025-11-13 00:00:00-05:00,3.109999895095825,3.4200000762939453,3.0,3.0999999046325684,27500,0.0,0.0
2025-11-14 00:00:00-05:00,3.0399999618530273,3.2899999618530273,2.7799999713897705,2.859999895095825,105400,0.0,0.0
2025-11-17 00:00:00-05:00,2.9000000953674316,3.2750000953674316,2.9000000953674316,2.940000057220459,37400,0.0,0.0
2025-11-18 00:00:00-05:00,2.950000047683716,3.3499999046325684,2.950000047683716,3.2100000381469727,34800,0.0,0.0
2025-11-19 00:00:00-05:00,3.140000104904175,3.259999990463257,3.0299999713897705,3.0299999713897705,26200,0.0,0.0
2025-11-20 00:00:00-05:00,3.0999999046325684,3.239000082015991,2.9100000858306885,2.9100000858306885,25600,0.0,0.0
2025-11-21 00:00:00-05:00,2.930000066757202,3.3299999237060547,2.930000066757202,3.259999990463257,47000,0.0,0.0
2025-11-24 00:00:00-05:00,3.309999942779541,3.375,3.0399999618530273,3.0399999618530273,38900,0.0,0.0
2025-11-25 00:00:00-05:00,3.0199999809265137,3.1470000743865967,2.990000009536743,3.049999952316284,14000,0.0,0.0
2025-11-26 00:00:00-05:00,3.049999952316284,3.119999885559082,2.990999937057495,3.0,24100,0.0,0.0
2025-11-28 00:00:00-05:00,3.049999952316284,3.0880000591278076,3.0,3.0,10500,0.0,0.0
2025-12-01 00:00:00-05:00,3.009999990463257,3.1689999103546143,2.9600000381469727,3.0399999618530273,21000,0.0,0.0
2025-12-02 00:00:00-05:00,3.0999999046325684,3.0999999046325684,2.8589999675750732,3.0299999713897705,35200,0.0,0.0
2025-12-03 00:00:00-05:00,3.0799999237060547,3.2300000190734863,3.0480000972747803,3.2300000190734863,29300,0.0,0.0
2025-12-04 00:00:00-05:00,3.2300000190734863,3.25,3.0399999618530273,3.1600000858306885,18600,0.0,0.0
2025-12-05 00:00:00-05:00,3.2300000190734863,3.369999885559082,3.109999895095825,3.140000104904175,42300,0.0,0.0
2025-12-08 00:00:00-05:00,3.119999885559082,3.259999990463257,3.119999885559082,3.2200000286102295,17000,0.0,0.0
2025-12-09 00:00:00-05:00,3.25,3.5,3.240000009536743,3.240000009536743,20300,0.0,0.0
2025-12-10 00:00:00-05:00,3.2300000190734863,3.309999942779541,3.1500000953674316,3.1500000953674316,36400,0.0,0.0
2025-12-11 00:00:00-05:00,3.2200000286102295,3.2699999809265137,3.0799999237060547,3.2100000381469727,41600,0.0,0.0
2025-12-12 00:00:00-05:00,3.25,3.3499999046325684,3.0899999141693115,3.319999933242798,34500,0.0,0.0
2025-12-15 00:00:00-05:00,3.3299999237060547,3.4000000953674316,3.200000047683716,3.2899999618530273,28300,0.0,0.0
2025-12-16 00:00:00-05:00,3.2699999809265137,3.2799999713897705,3.121999979019165,3.259999990463257,28800,0.0,0.0
2025-12-17 00:00:00-05:00,3.119999885559082,3.2200000286102295,3.0399999618530273,3.1500000953674316,48900,0.0,0.0
2025-12-18 00:00:00-05:00,3.1700000762939453,3.25,3.1019999980926514,3.180000066757202,26200,0.0,0.0
2025-12-19 00:00:00-05:00,3.1700000762939453,3.3299999237060547,2.950000047683716,3.0199999809265137,122300,0.0,0.0
2025-12-22 00:00:00-05:00,3.069999933242798,3.25,2.8499999046325684,2.869999885559082,41700,0.0,0.0
2025-12-23 00:00:00-05:00,2.9100000858306885,3.1700000762939453,2.869999885559082,3.119999885559082,58800,0.0,0.0
2025-12-24 00:00:00-05:00,3.0799999237060547,3.1440000534057617,3.0399999618530273,3.049999952316284,11700,0.0,0.0
2025-12-26 00:00:00-05:00,3.0799999237060547,3.1630001068115234,2.9700000286102295,2.990000009536743,28100,0.0,0.0
2025-12-29 00:00:00-05:00,2.9100000858306885,3.059000015258789,2.9100000858306885,3.049999952316284,34100,0.0,0.0
2025-12-30 00:00:00-05:00,3.0799999237060547,3.140000104904175,3.0,3.0,94800,0.0,0.0
2025-12-31 00:00:00-05:00,3.0,3.065000057220459,2.950000047683716,3.0399999618530273,24400,0.0,0.0
2026-01-02 00:00:00-05:00,3.0199999809265137,3.11899995803833,2.9600000381469727,3.0399999618530273,13200,0.0,0.0
2026-01-05 00:00:00-05:00,3.0399999618530273,3.072000026702881,2.9000000953674316,2.930000066757202,16000,0.0,0.0
2026-01-06 00:00:00-05:00,2.9600000381469727,2.9600000381469727,2.809999942779541,2.8399999141693115,36000,0.0,0.0
2026-01-07 00:00:00-05:00,2.9100000858306885,2.9100000858306885,2.7899999618530273,2.8299999237060547,47100,0.0,0.0
2026-01-08 00:00:00-05:00,2.819999933242798,3.180000066757202,2.819999933242798,3.1600000858306885,53800,0.0,0.0
2026-01-09 00:00:00-05:00,3.119999885559082,3.131999969482422,2.819999933242798,2.9000000953674316,52100,0.0,0.0
2026-01-12 00:00:00-05:00,2.880000114440918,2.9800000190734863,2.8499999046325684,2.890000104904175,29600,0.0,0.0
2026-01-13 00:00:00-05:00,2.9800000190734863,3.140000104904175,2.9549999237060547,3.0899999141693115,38200,0.0,0.0
2026-01-14 00:00:00-05:00,3.140000104904175,3.25,3.0199999809265137,3.2300000190734863,30500,0.0,0.0
2026-01-15 00:00:00-05:00,3.1700000762939453,3.3399999141693115,3.1600000858306885,3.2200000286102295,32200,0.0,0.0
2026-01-16 00:00:00-05:00,3.240000009536743,3.4000000953674316,3.240000009536743,3.25,40300,0.0,0.0
2026-01-20 00:00:00-05:00,3.2899999618530273,3.2899999618530273,2.9800000190734863,2.990000009536743,24900,0.0,0.0
2026-01-21 00:00:00-05:00,3.0899999141693115,3.2100000381469727,2.9800000190734863,3.1700000762939453,42500,0.0,0.0
2026-01-22 00:00:00-05:00,3.119999885559082,3.25,3.0199999809265137,3.0299999713897705,55300,0.0,0.0
2026-01-23 00:00:00-05:00,3.049999952316284,3.2200000286102295,3.049999952316284,3.2200000286102295,49500,0.0,0.0
2026-01-26 00:00:00-05:00,3.180000066757202,3.25,3.009999990463257,3.069999933242798,36700,0.0,0.0
2026-01-27 00:00:00-05:00,3.0999999046325684,3.0999999046325684,2.869999885559082,2.940000057220459,55200,0.0,0.0
2026-01-28 00:00:00-05:00,2.930000066757202,2.9739999771118164,2.7950000762939453,2.880000114440918,34400,0.0,0.0
2026-01-29 00:00:00-05:00,2.869999885559082,2.9800000190734863,2.7699999809265137,2.8499999046325684,20000,0.0,0.0
2026-01-30 00:00:00-05:00,2.8499999046325684,3.7699999809265137,2.8499999046325684,3.0199999809265137,420700,0.0,0.0
2026-02-02 00:00:00-05:00,3.1700000762939453,3.1700000762939453,2.869999885559082,2.930000066757202,65800,0.0,0.0
2026-02-03 00:00:00-05:00,2.799999952316284,3.130000114440918,2.799999952316284,3.0299999713897705,74000,0.0,0.0
2026-02-04 00:00:00-05:00,3.0399999618530273,3.0799999237060547,2.950000047683716,3.069999933242798,31400,0.0,0.0
2026-02-05 00:00:00-05:00,3.0,3.390000104904175,2.9600000381469727,3.0299999713897705,72900,0.0,0.0
2026-02-06 00:00:00-05:00,3.059999942779541,3.619999885559082,3.059999942779541,3.569999933242798,97400,0.0,0.0
2026-02-09 00:00:00-05:00,3.4200000762939453,3.484999895095825,3.1700000762939453,3.200000047683716,30300,0.0,0.0
2026-02-10 00:00:00-05:00,3.180000066757202,3.2679998874664307,3.0399999618530273,3.049999952316284,30200,0.0,0.0
2026-02-11 00:00:00-05:00,3.0899999141693115,3.109999895095825,2.9200000762939453,2.9200000762939453,39800,0.0,0.0
2026-02-12 00:00:00-05:00,2.930000066757202,3.009999990463257,2.8499999046325684,2.890000104904175,59900,0.0,0.0
2026-02-13 00:00:00-05:00,2.859999895095825,3.1600000858306885,2.8499999046325684,2.9100000858306885,49500,0.0,0.0
2026-02-17 00:00:00-05:00,2.9000000953674316,3.059999942779541,2.8499999046325684,2.869999885559082,52400,0.0,0.0
2026-02-18 00:00:00-05:00,2.930000066757202,3.0350000858306885,2.875,2.950000047683716,30200,0.0,0.0
2026-02-19 00:00:00-05:00,2.9800000190734863,3.0350000858306885,2.869999885559082,2.950000047683716,25600,0.0,0.0
2026-02-20 00:00:00-05:00,2.940000057220459,3.009999990463257,2.890000104904175,2.890000104904175,18900,0.0,0.0
2026-02-23 00:00:00-05:00,2.9700000286102295,3.0199999809265137,2.8499999046325684,2.8499999046325684,37600,0.0,0.0
2026-02-24 00:00:00-05:00,2.9200000762939453,3.0899999141693115,2.869999885559082,3.009999990463257,30400,0.0,0.0
2026-02-25 00:00:00-05:00,3.069999933242798,3.200000047683716,3.0199999809265137,3.200000047683716,23000,0.0,0.0
2026-02-26 00:00:00-05:00,3.2200000286102295,3.305000066757202,3.059999942779541,3.059999942779541,23300,0.0,0.0
2026-02-27 00:00:00-05:00,3.130000114440918,3.450000047683716,3.130000114440918,3.299999952316284,63600,0.0,0.0
2026-03-02 00:00:00-05:00,3.5199999809265137,3.9100000858306885,3.3399999141693115,3.549999952316284,207600,0.0,0.0
2026-03-03 00:00:00-05:00,3.6500000953674316,4.0,3.5999999046325684,3.7699999809265137,234400,0.0,0.0
2026-03-04 00:00:00-05:00,3.859999895095825,3.8959999084472656,3.2100000381469727,3.4000000953674316,125100,0.0,0.0
2026-03-05 00:00:00-05:00,3.309999942779541,3.427999973297119,3.194999933242798,3.369999885559082,59900,0.0,0.0
2026-03-06 00:00:00-05:00,3.369999885559082,3.4000000953674316,3.180000066757202,3.200000047683716,61700,0.0,0.0
2026-03-09 00:00:00-04:00,3.200000047683716,3.4000000953674316,3.140000104904175,3.240000009536743,147000,0.0,0.0
2026-03-10 00:00:00-04:00,3.1600000858306885,3.2190001010894775,2.9600000381469727,2.9800000190734863,134300,0.0,0.0
2026-03-11 00:00:00-04:00,2.950000047683716,3.125,2.950000047683716,3.0799999237060547,50400,0.0,0.0
2026-03-12 00:00:00-04:00,3.109999895095825,3.25,3.009999990463257,3.0999999046325684,98600,0.0,0.0
2026-03-13 00:00:00-04:00,3.0999999046325684,3.180000066757202,3.0,3.0899999141693115,42000,0.0,0.0
2026-03-16 00:00:00-04:00,3.069999933242798,3.119999885559082,3.0299999713897705,3.049999952316284,41600,0.0,0.0
2026-03-17 00:00:00-04:00,3.0899999141693115,3.1700000762939453,3.049999952316284,3.069999933242798,76900,0.0,0.0
2026-03-18 00:00:00-04:00,3.059999942779541,3.130000114440918,2.950000047683716,2.950000047683716,157400,0.0,0.0
2026-03-19 00:00:00-04:00,2.9600000381469727,3.1500000953674316,2.950000047683716,3.140000104904175,104100,0.0,0.0
2026-03-20 00:00:00-04:00,3.130000114440918,3.299999952316284,3.0199999809265137,3.2699999809265137,205800,0.0,0.0
2026-03-23 00:00:00-04:00,3.2200000286102295,3.25,2.9800000190734863,3.069999933242798,103000,0.0,0.0
2026-03-24 00:00:00-04:00,3.0799999237060547,3.1640000343322754,2.9600000381469727,2.9600000381469727,107500,0.0,0.0
2026-03-25 00:00:00-04:00,2.9600000381469727,3.009999990463257,2.9100000858306885,2.950000047683716,88000,0.0,0.0
2026-03-26 00:00:00-04:00,2.940000057220459,3.0,2.9100000858306885,2.9100000858306885,82100,0.0,0.0
2026-03-27 00:00:00-04:00,2.9700000286102295,3.0799999237060547,2.9700000286102295,3.069999933242798,43600,0.0,0.0
2026-03-30 00:00:00-04:00,3.0399999618530273,3.1700000762939453,3.0199999809265137,3.119999885559082,32200,0.0,0.0
2026-03-31 00:00:00-04:00,3.0999999046325684,3.1500000953674316,2.869999885559082,2.9600000381469727,89100,0.0,0.0
2026-04-01 00:00:00-04:00,2.9000000953674316,2.999000072479248,2.8499999046325684,2.869999885559082,104000,0.0,0.0
2026-04-02 00:00:00-04:00,3.0299999713897705,3.049999952316284,2.9000000953674316,2.930000066757202,96700,0.0,0.0
2026-04-06 00:00:00-04:00,2.9100000858306885,2.9800000190734863,2.8499999046325684,2.869999885559082,112900,0.0,0.0
2026-04-07 00:00:00-04:00,2.930000066757202,2.9700000286102295,2.859999895095825,2.869999885559082,70600,0.0,0.0
2026-04-08 00:00:00-04:00,2.809999942779541,2.9149999618530273,2.809999942779541,2.869999885559082,69600,0.0,0.0
2026-04-09 00:00:00-04:00,2.869999885559082,2.934999942779541,2.8499999046325684,2.869999885559082,27400,0.0,0.0
2026-04-10 00:00:00-04:00,2.9000000953674316,2.9000000953674316,2.819999933242798,2.9000000953674316,63000,0.0,0.0
2026-04-13 00:00:00-04:00,2.9200000762939453,2.9200000762939453,2.809999942779541,2.9000000953674316,72700,0.0,0.0
2026-04-14 00:00:00-04:00,2.859999895095825,2.880000114440918,2.7950000762939453,2.8399999141693115,102200,0.0,0.0
2026-04-15 00:00:00-04:00,2.809999942779541,2.88700008392334,2.809999942779541,2.869999885559082,59300,0.0,0.0
2026-04-16 00:00:00-04:00,2.859999895095825,2.890000104904175,2.7200000286102295,2.740000009536743,229600,0.0,0.0
2026-04-17 00:00:00-04:00,2.759999990463257,2.9800000190734863,2.7100000381469727,2.9800000190734863,147600,0.0,0.0
2026-04-20 00:00:00-04:00,2.9600000381469727,2.9600000381469727,2.8299999237060547,2.890000104904175,34200,0.0,0.0
2026-04-21 00:00:00-04:00,2.9000000953674316,2.950000047683716,2.819999933242798,2.9100000858306885,84200,0.0,0.0
2026-04-22 00:00:00-04:00,2.880000114440918,2.9200000762939453,2.859999895095825,2.9100000858306885,80300,0.0,0.0
2026-04-23 00:00:00-04:00,2.940000057220459,2.940000057220459,2.8299999237060547,2.9200000762939453,72000,0.0,0.0
2026-04-24 00:00:00-04:00,2.880000114440918,2.880000114440918,2.819999933242798,2.880000114440918,44000,0.0,0.0
2026-04-27 00:00:00-04:00,2.880000114440918,2.9000000953674316,2.809999942779541,2.819999933242798,46900,0.0,0.0
2026-04-28 00:00:00-04:00,2.7799999713897705,2.8299999237060547,2.76200008392334,2.809999942779541,23100,0.0,0.0
2026-04-29 00:00:00-04:00,2.7899999618530273,2.880000114440918,2.7799999713897705,2.809999942779541,143900,0.0,0.0
2026-04-30 00:00:00-04:00,2.799999952316284,2.869999885559082,2.759999990463257,2.799999952316284,83100,0.0,0.0
2026-05-01 00:00:00-04:00,2.809999942779541,2.809999942779541,2.7200000286102295,2.799999952316284,52500,0.0,0.0
2026-05-04 00:00:00-04:00,2.75,2.8499999046325684,2.740000009536743,2.7799999713897705,73500,0.0,0.0
2026-05-05 00:00:00-04:00,2.75,2.799999952316284,2.7200000286102295,2.7699999809265137,45800,0.0,0.0
2026-05-06 00:00:00-04:00,2.7200000286102295,2.744999885559082,2.6600000858306885,2.7200000286102295,58600,0.0,0.0
2026-05-07 00:00:00-04:00,2.7300000190734863,2.759999990463257,2.619999885559082,2.740000009536743,53700,0.0,0.0
2026-05-08 00:00:00-04:00,2.7100000381469727,2.7799999713897705,2.6500000953674316,2.6700000762939453,35400,0.0,0.0
2026-05-11 00:00:00-04:00,2.6500000953674316,2.75,2.609999895095825,2.75,34400,0.0,0.0
2026-05-12 00:00:00-04:00,2.7300000190734863,2.75,2.680000066757202,2.690000057220459,24700,0.0,0.0
2026-05-13 00:00:00-04:00,2.6500000953674316,2.75,2.6500000953674316,2.7200000286102295,37300,0.0,0.0
2026-05-14 00:00:00-04:00,2.7300000190734863,2.799999952316284,2.694999933242798,2.7899999618530273,34800,0.0,0.0
2026-05-15 00:00:00-04:00,2.7200000286102295,2.7899999618530273,2.609999895095825,2.609999895095825,25800,0.0,0.0
2026-05-18 00:00:00-04:00,2.700000047683716,2.8499999046325684,2.640000104904175,2.819999933242798,69200,0.0,0.0
2026-05-19 00:00:00-04:00,2.75,2.822000026702881,2.640000104904175,2.6600000858306885,44300,0.0,0.0
2026-05-20 00:00:00-04:00,2.6700000762939453,2.690000057220459,2.4100000858306885,2.440000057220459,108400,0.0,0.0
2026-05-21 00:00:00-04:00,2.490000009536743,2.700000047683716,2.450000047683716,2.6600000858306885,99300,0.0,0.0
2026-05-22 00:00:00-04:00,2.6600000858306885,2.678999900817871,2.5799999237060547,2.640000104904175,55600,0.0,0.0
2026-05-26 00:00:00-04:00,2.5899999141693115,2.75,2.5899999141693115,2.7300000190734863,78000,0.0,0.0
2026-05-27 00:00:00-04:00,2.700000047683716,2.7100000381469727,2.424999952316284,2.450000047683716,155900,0.0,0.0
2026-05-28 00:00:00-04:00,2.5,2.759999990463257,2.4600000381469727,2.759999990463257,105700,0.0,0.0
2026-05-29 00:00:00-04:00,2.7200000286102295,2.7200000286102295,2.5,2.5399999618530273,86900,0.0,0.0
2026-06-01 00:00:00-04:00,2.559999942779541,2.744999885559082,2.5450000762939453,2.740000009536743,62100,0.0,0.0
2026-06-02 00:00:00-04:00,2.7200000286102295,2.7869999408721924,2.5799999237060547,2.630000114440918,82900,0.0,0.0
2026-06-03 00:00:00-04:00,2.6600000858306885,2.7730000019073486,2.5799999237060547,2.7300000190734863,132300,0.0,0.0
2026-06-04 00:00:00-04:00,2.75,2.8299999237060547,2.6500000953674316,2.75,119500,0.0,0.0
2026-06-05 00:00:00-04:00,2.640000104904175,2.75,2.5950000286102295,2.700000047683716,71500,0.0,0.0
2026-06-08 00:00:00-04:00,2.7100000381469727,2.825000047683716,2.694999933242798,2.7899999618530273,45600,0.0,0.0
2026-06-09 00:00:00-04:00,2.759999990463257,2.8499999046325684,2.7249999046325684,2.8499999046325684,34400,0.0,0.0
2026-06-10 00:00:00-04:00,2.8499999046325684,2.940000057220459,2.799999952316284,2.9000000953674316,60400,0.0,0.0
2026-06-11 00:00:00-04:00,2.9000000953674316,2.9000000953674316,2.759999990463257,2.819999933242798,76400,0.0,0.0
2026-06-12 00:00:00-04:00,2.799999952316284,2.940000057220459,2.7899999618530273,2.9100000858306885,55200,0.0,0.0
2026-06-15 00:00:00-04:00,2.8399999141693115,2.869999885559082,2.6600000858306885,2.680000066757202,78700,0.0,0.0
2026-06-16 00:00:00-04:00,2.680000066757202,2.740000009536743,2.6500000953674316,2.6500000953674316,66400,0.0,0.0
2026-06-17 00:00:00-04:00,2.674999952316284,2.809999942779541,2.674999952316284,2.7799999713897705,53700,0.0,0.0
2026-06-18 00:00:00-04:00,2.759999990463257,2.990000009536743,2.700000047683716,2.9800000190734863,357900,0.0,0.0
2026-06-22 00:00:00-04:00,2.8299999237060547,2.990000009536743,2.700000047683716,2.7799999713897705,81800,0.0,0.0
2026-06-23 00:00:00-04:00,2.7799999713897705,2.865000009536743,2.690000057220459,2.75,122000,0.0,0.0
2026-06-24 00:00:00-04:00,2.7300000190734863,2.799999952316284,2.6700000762939453,2.7200000286102295,166000,0.0,0.0
2026-06-25 00:00:00-04:00,2.75,2.8399999141693115,2.680000066757202,2.7699999809265137,166000,0.0,0.0
2026-06-26 00:00:00-04:00,,,,,1670797,0.0,0.0
