Date,Open,High,Low,Close,Volume,Dividends,Stock Splits
1976-06-17 00:00:00-04:00,0.943717940936933,1.0430566167824256,0.943717940936933,1.0265003442764282,600220,0.0,0.0
1976-06-18 00:00:00-04:00,1.0265002137687664,1.0761696031993733,1.0099434807857628,1.0596128702163696,855469,0.0,0.0
1976-06-21 00:00:00-04:00,1.0596127530435464,1.0761694841956935,1.0430563688278198,1.0430563688278198,486328,0.0,0.0
1976-06-22 00:00:00-04:00,1.0430566167824256,1.0596130049339236,0.9933873366824297,1.0265003442764282,290039,0.0,0.0
1976-06-23 00:00:00-04:00,1.0099431155902827,1.0099431155902827,0.894048108235651,0.9437174797058105,278320,0.0,0.0
1976-06-24 00:00:00-04:00,0.9437178937761928,0.9768308997154236,0.9271615642748202,0.9768308997154236,123413,0.0,0.0
1976-06-25 00:00:00-04:00,0.9768307188225968,0.9933871030807495,0.9768307188225968,0.9933871030807495,231079,0.0,0.0
1976-06-28 00:00:00-04:00,0.9933871030807495,1.0099433716934285,0.9768307188225968,0.9933871030807495,127441,0.0,0.0
1976-06-29 00:00:00-04:00,0.9933869113418143,1.0099431767588796,0.960273802280426,0.960273802280426,68848,0.0,0.0
1976-06-30 00:00:00-04:00,0.9602739876280225,0.9933871030807495,0.9437177190153435,0.9933871030807495,131470,0.0,0.0
1976-07-01 00:00:00-04:00,0.9933869113418143,0.9933869113418143,0.960273802280426,0.960273802280426,66284,0.0,0.0
1976-07-02 00:00:00-04:00,0.960273802280426,0.9768305302792974,0.9437175368633607,0.960273802280426,84961,0.0,0.0
1976-07-06 00:00:00-04:00,0.9602737437704858,0.9602737437704858,0.9271611571311951,0.9271611571311951,92651,0.0,0.0
1976-07-07 00:00:00-04:00,0.9271612136235696,0.960273802280426,0.9106044856246982,0.960273802280426,142456,0.0,0.0
1976-07-08 00:00:00-04:00,0.960273744120123,0.960273744120123,0.9437174797058105,0.9437174797058105,80933,0.0,0.0
1976-07-09 00:00:00-04:00,0.943717940936933,1.0265003442764282,0.943717940936933,1.0265003442764282,241699,0.0,0.0
1976-07-12 00:00:00-04:00,1.026500218316363,1.026500218316363,0.9933872147856038,1.0099434852600098,108398,0.0,0.0
1976-07-13 00:00:00-04:00,1.0099431767588796,1.026499904757751,0.9437175368633607,0.960273802280426,303223,0.0,0.0
1976-07-14 00:00:00-04:00,0.960273744120123,0.960273744120123,0.9437174797058105,0.9437174797058105,83496,0.0,0.0
1976-07-15 00:00:00-04:00,0.9437174797058105,0.960273744120123,0.9437174797058105,0.9437174797058105,52368,0.0,0.0
1976-07-16 00:00:00-04:00,0.9437174797058105,0.960273744120123,0.9271611574687759,0.9437174797058105,125977,0.0,0.0
1976-07-19 00:00:00-04:00,0.9437174793622015,0.9437174793622015,0.9271611571311951,0.9271611571311951,79468,0.0,0.0
1976-07-20 00:00:00-04:00,0.9271615688997754,0.9271615688997754,0.8940485049726192,0.9106048345565796,74707,0.0,0.0
1976-07-21 00:00:00-04:00,0.9106048416957263,0.9106048416957263,0.8940485119819641,0.8940485119819641,84961,0.0,0.0
1976-07-22 00:00:00-04:00,0.8940485119819641,0.9106048416957263,0.8940485119819641,0.8940485119819641,154175,0.0,0.0
1976-07-23 00:00:00-04:00,0.8940485049726192,0.9106048345565796,0.8940485049726192,0.9106048345565796,39917,0.0,0.0
1976-07-26 00:00:00-04:00,0.9106048416957263,0.9106048416957263,0.8609354477952014,0.8940485119819641,78003,0.0,0.0
1976-07-27 00:00:00-04:00,0.8940486995478337,0.8940486995478337,0.860935628414154,0.860935628414154,65918,0.0,0.0
1976-07-28 00:00:00-04:00,0.8609351548648234,0.8609351548648234,0.8278225645264983,0.8443788886070251,45044,0.0,0.0
1976-07-29 00:00:00-04:00,0.8443788886070251,0.8609351548648234,0.8278225645264983,0.8443788886070251,40649,0.0,0.0
1976-07-30 00:00:00-04:00,0.8443793530497364,0.8774924241834161,0.8443793530497364,0.860935628414154,41748,0.0,0.0
1976-08-02 00:00:00-04:00,0.8609351548648234,0.8774919415271797,0.8443788886070251,0.8443788886070251,38452,0.0,0.0
1976-08-03 00:00:00-04:00,0.8443791271331833,0.8774921894073486,0.8443791271331833,0.8774921894073486,41748,0.0,0.0
1976-08-04 00:00:00-04:00,0.8774921894073486,0.8940484603420787,0.8609353980679134,0.8774921894073486,55664,0.0,0.0
1976-08-05 00:00:00-04:00,0.8774924241834161,0.8774924241834161,0.860935628414154,0.860935628414154,221191,0.0,0.0
1976-08-06 00:00:00-04:00,0.8609351548648234,0.8609351548648234,0.8443788886070251,0.8443788886070251,58594,0.0,0.0
1976-08-09 00:00:00-04:00,0.844379194126697,0.860935466375011,0.8278228640556335,0.8278228640556335,42480,0.0,0.0
1976-08-10 00:00:00-04:00,0.8278228640556335,0.844379194126697,0.8278228640556335,0.8278228640556335,64819,0.0,0.0
1976-08-11 00:00:00-04:00,0.8278228640556335,0.844379194126697,0.8278228640556335,0.8278228640556335,41748,0.0,0.0
1976-08-12 00:00:00-04:00,0.8278228640556335,0.844379194126697,0.8278228640556335,0.8278228640556335,49438,0.0,0.0
1976-08-13 00:00:00-04:00,0.8278225645264983,0.8443788886070251,0.8278225645264983,0.8443788886070251,64819,0.0,0.0
1976-08-16 00:00:00-04:00,0.844379194126697,0.844379194126697,0.8278228640556335,0.8278228640556335,46509,0.0,0.0
1976-08-17 00:00:00-04:00,0.8278225645264983,0.8443788886070251,0.8112658356868707,0.8443788886070251,74707,0.0,0.0
1976-08-18 00:00:00-04:00,0.8443793530497364,0.860935628414154,0.8278230198625584,0.860935628414154,119019,0.0,0.0
1976-08-19 00:00:00-04:00,0.8609351548648234,0.8609351548648234,0.8278225645264983,0.8443788886070251,31860,0.0,0.0
1976-08-20 00:00:00-04:00,0.8443788886070251,0.8609351548648234,0.8278225645264983,0.8443788886070251,34424,0.0,0.0
1976-08-23 00:00:00-04:00,0.8443793130217412,0.8443793130217412,0.8112662434577942,0.8112662434577942,52368,0.0,0.0
1976-08-24 00:00:00-04:00,0.8112661317974446,0.8278228666802485,0.7947098016738892,0.7947098016738892,98145,0.0,0.0
1976-08-25 00:00:00-04:00,0.7947098016738892,0.7947098016738892,0.7615967366675298,0.7947098016738892,43579,0.0,0.0
1976-08-26 00:00:00-04:00,0.7947098112032502,0.8112661415253326,0.7615967457998323,0.7781535387039185,51270,0.0,0.0
1976-08-27 00:00:00-04:00,0.7781535387039185,0.7947098112032502,0.7781535387039185,0.7781535387039185,21973,0.0,0.0
1976-08-30 00:00:00-04:00,0.7781535387039185,0.7947098112032502,0.7781535387039185,0.7781535387039185,44312,0.0,0.0
1976-08-31 00:00:00-04:00,0.7781535387039185,0.7781535387039185,0.7615967457998323,0.7781535387039185,29663,0.0,0.0
1976-09-01 00:00:00-04:00,0.7781535387039185,0.7947098112032502,0.7781535387039185,0.7781535387039185,56396,0.0,0.0
1976-09-02 00:00:00-04:00,0.7781535293730835,0.8112661317974446,0.7781535293730835,0.7947098016738892,46143,0.0,0.0
1976-09-03 00:00:00-04:00,0.7947096872697975,0.7947096872697975,0.7450403571128845,0.7450403571128845,103271,0.0,0.0
1976-09-07 00:00:00-04:00,0.7450404733005005,0.7781535387039185,0.7450404733005005,0.7781535387039185,55298,0.0,0.0
1976-09-08 00:00:00-04:00,0.7781535293730835,0.8112661317974446,0.7781535293730835,0.7947098016738892,131470,0.0,0.0
1976-09-09 00:00:00-04:00,0.7947099110554728,0.8112662434577942,0.7947099110554728,0.8112662434577942,68115,0.0,0.0
1976-09-10 00:00:00-04:00,0.8112658356868707,0.8443788886070251,0.8112658356868707,0.8443788886070251,49438,0.0,0.0
1976-09-13 00:00:00-04:00,0.8609353980679134,0.8774921894073486,0.8609353980679134,0.8774921894073486,91187,0.0,0.0
1976-09-14 00:00:00-04:00,0.8774918435018423,0.9271611571311951,0.8774918435018423,0.9271611571311951,147583,0.0,0.0
1976-09-15 00:00:00-04:00,0.9271611571311951,0.9437174793622015,0.910604430141133,0.9271611571311951,145020,0.0,0.0
1976-09-16 00:00:00-04:00,0.9271615688997754,0.9271615688997754,0.9106048345565796,0.9106048345565796,67749,0.0,0.0
1976-09-17 00:00:00-04:00,0.9106048345565796,0.9106048345565796,0.8940485049726192,0.9106048345565796,70312,0.0,0.0
1976-09-20 00:00:00-04:00,0.9106047890995539,0.9106047890995539,0.8609353980679134,0.8774921894073486,66284,0.0,0.0
1976-09-21 00:00:00-04:00,0.8774921894073486,0.8940484603420787,0.8609353980679134,0.8774921894073486,53101,0.0,0.0
1976-09-22 00:00:00-04:00,0.8774921894073486,0.8940484603420787,0.8774921894073486,0.8774921894073486,56030,0.0,0.0
1976-09-23 00:00:00-04:00,0.8774921894073486,0.8940484603420787,0.8609353980679134,0.8774921894073486,43579,0.0,0.0
1976-09-24 00:00:00-04:00,0.8774922400909504,0.8940485119819641,0.8774922400909504,0.8940485119819641,20508,0.0,0.0
1976-09-27 00:00:00-04:00,0.8940484603420787,0.9106047890995539,0.8774921894073486,0.8774921894073486,45410,0.0,0.0
1976-09-28 00:00:00-04:00,0.8774924241834161,0.8774924241834161,0.860935628414154,0.860935628414154,67017,0.0,0.0
1976-09-29 00:00:00-04:00,0.8609354691046096,0.8609354691046096,0.7947098016738892,0.7947098016738892,93018,0.0,0.0
1976-09-30 00:00:00-04:00,0.7947098016738892,0.8112661317974446,0.7615967366675298,0.7947098016738892,117920,0.0,0.0
1976-10-01 00:00:00-04:00,0.7947098016738892,0.8112661317974446,0.7781535293730835,0.7947098016738892,51270,0.0,0.0
1976-10-04 00:00:00-04:00,0.7947099110554728,0.8112662434577942,0.7947099110554728,0.8112662434577942,43945,0.0,0.0
1976-10-05 00:00:00-04:00,0.8112661415253326,0.8112661415253326,0.7781535387039185,0.7781535387039185,32959,0.0,0.0
1976-10-06 00:00:00-04:00,0.7781535387039185,0.7947098112032502,0.7781535387039185,0.7781535387039185,26733,0.0,0.0
1976-10-07 00:00:00-04:00,0.7781537756564553,0.7947100531972738,0.7615969777107239,0.7615969777107239,19409,0.0,0.0
1976-10-08 00:00:00-04:00,0.7615969777107239,0.7947100531972738,0.7615969777107239,0.7615969777107239,93384,0.0,0.0
1976-10-11 00:00:00-04:00,0.7615969777107239,0.7781537756564553,0.7450407001699052,0.7615969777107239,29297,0.0,0.0
1976-10-12 00:00:00-04:00,0.761596945863111,0.7781537431164888,0.7284843921661377,0.7284843921661377,55664,0.0,0.0
1976-10-13 00:00:00-04:00,0.7284844226290866,0.7615969777107239,0.7284844226290866,0.7615969777107239,50903,0.0,0.0
1976-10-14 00:00:00-04:00,0.7615966270302978,0.7781534173523843,0.7450403571128845,0.7450403571128845,51636,0.0,0.0
1976-10-15 00:00:00-04:00,0.7450407001699052,0.7615969777107239,0.7450407001699052,0.7615969777107239,36621,0.0,0.0
1976-10-18 00:00:00-04:00,0.7615966270302978,0.7615966270302978,0.7450403571128845,0.7450403571128845,27466,0.0,0.0
1976-10-19 00:00:00-04:00,0.7450407001699052,0.7615969777107239,0.7284844226290866,0.7615969777107239,30396,0.0,0.0
1976-10-20 00:00:00-04:00,0.7615967457998323,0.7781535387039185,0.7450404733005005,0.7781535387039185,46875,0.0,0.0
1976-10-21 00:00:00-04:00,0.7781537756564553,0.7781537756564553,0.7615969777107239,0.7615969777107239,19043,0.0,0.0
1976-10-22 00:00:00-04:00,0.7615966270302978,0.7615966270302978,0.7450403571128845,0.7450403571128845,16846,0.0,0.0
1976-10-25 00:00:00-04:00,0.7450403571128845,0.7615966270302978,0.7450403571128845,0.7450403571128845,22339,0.0,0.0
1976-10-26 00:00:00-04:00,0.7450403571128845,0.7450403571128845,0.7284840871954713,0.7450403571128845,43579,0.0,0.0
1976-10-27 00:00:00-04:00,0.7450407001699052,0.7615969777107239,0.7284844226290866,0.7615969777107239,37354,0.0,0.0
1976-10-28 00:00:00-04:00,0.7615968160279152,0.7615968160279152,0.7119274735450745,0.7119274735450745,77637,0.0,0.0
1976-10-29 00:00:00-04:00,0.7119270948000391,0.7284838804226484,0.4635803699493408,0.4635803699493408,46143,0.0,0.0
1976-11-01 00:00:00-05:00,0.6953711416963058,0.7284842679758896,0.6953711416963058,0.7119274735450745,76172,0.0,0.0
1976-11-03 00:00:00-05:00,0.7119274735450745,0.7119274735450745,0.6953711416963058,0.7119274735450745,63354,0.0,0.0
1976-11-04 00:00:00-05:00,0.7119274735450745,0.7119274735450745,0.6953711416963058,0.7119274735450745,46875,0.0,0.0
1976-11-05 00:00:00-05:00,0.7119274735450745,0.7450405420019024,0.7119274735450745,0.7119274735450745,36621,0.0,0.0
1976-11-08 00:00:00-05:00,0.7119275440638315,0.7284843401346516,0.6953712105751038,0.6953712105751038,49805,0.0,0.0
1976-11-09 00:00:00-05:00,0.6953712105751038,0.7119275440638315,0.6953712105751038,0.6953712105751038,73242,0.0,0.0
1976-11-10 00:00:00-05:00,0.6953711416963058,0.7450405420019024,0.6953711416963058,0.7119274735450745,63354,0.0,0.0
1976-11-11 00:00:00-05:00,0.7119274735450745,0.7284842679758896,0.7119274735450745,0.7119274735450745,44678,0.0,0.0
1976-11-12 00:00:00-05:00,0.7119274735450745,0.7284842679758896,0.7119274735450745,0.7119274735450745,30762,0.0,0.0
1976-11-15 00:00:00-05:00,0.7119275440638315,0.7119275440638315,0.6953712105751038,0.6953712105751038,21240,0.0,0.0
1976-11-16 00:00:00-05:00,0.7119272968733849,0.7450403571128845,0.7119272968733849,0.7450403571128845,116821,0.0,0.0
1976-11-17 00:00:00-05:00,0.7450401924283911,0.8443788886070251,0.7450401924283911,0.8443788886070251,121948,0.0,0.0
1976-11-18 00:00:00-05:00,0.8443791759041877,0.8940485119819641,0.8443791759041877,0.8940485119819641,119019,0.0,0.0
1976-11-19 00:00:00-05:00,0.8940482077849778,0.8940482077849778,0.8443788886070251,0.8443788886070251,68848,0.0,0.0
1976-11-22 00:00:00-05:00,0.8443793130217412,0.8443793130217412,0.8112662434577942,0.8112662434577942,58594,0.0,0.0
1976-11-23 00:00:00-05:00,0.8112661317974446,0.8278228666802485,0.7781535293730835,0.7947098016738892,35156,0.0,0.0
1976-11-24 00:00:00-05:00,0.7947099110554728,0.8112662434577942,0.7947099110554728,0.8112662434577942,36255,0.0,0.0
1976-11-26 00:00:00-05:00,0.8112662434577942,0.8112662434577942,0.7947099110554728,0.8112662434577942,24902,0.0,0.0
1976-11-29 00:00:00-05:00,0.8112661317974446,0.8278228666802485,0.7615967366675298,0.7947098016738892,80933,0.0,0.0
1976-11-30 00:00:00-05:00,0.7947098016738892,0.7947098016738892,0.7781535293730835,0.7947098016738892,28198,0.0,0.0
1976-12-01 00:00:00-05:00,0.7947098016738892,0.8112661317974446,0.7781535293730835,0.7947098016738892,40649,0.0,0.0
1976-12-02 00:00:00-05:00,0.7947098016738892,0.8112661317974446,0.7947098016738892,0.7947098016738892,64453,0.0,0.0
1976-12-03 00:00:00-05:00,0.7947098112032502,0.7947098112032502,0.7781535387039185,0.7781535387039185,39551,0.0,0.0
1976-12-06 00:00:00-05:00,0.7781535293730835,0.7947098016738892,0.7615967366675298,0.7947098016738892,95215,0.0,0.0
1976-12-07 00:00:00-05:00,0.7947100531972738,0.7947100531972738,0.7615969777107239,0.7615969777107239,55298,0.0,0.0
1976-12-08 00:00:00-05:00,0.7615967366675298,0.8112661317974446,0.7615967366675298,0.7947098016738892,109863,0.0,0.0
1976-12-09 00:00:00-05:00,0.7947097991542592,0.8278228640556335,0.7947097991542592,0.8278228640556335,80566,0.0,0.0
1976-12-10 00:00:00-05:00,0.7947100531972738,0.7947100531972738,0.7450407001699052,0.7615969777107239,234375,0.0,0.0
1976-12-13 00:00:00-05:00,0.7615968160279152,0.7781536104587303,0.7119274735450745,0.7119274735450745,485962,0.0,0.0
1976-12-14 00:00:00-05:00,0.7119272968733849,0.7450403571128845,0.6953709691332302,0.7450403571128845,200684,0.0,0.0
1976-12-15 00:00:00-05:00,0.7450405420019024,0.7450405420019024,0.6953711416963058,0.7119274735450745,135132,0.0,0.0
1976-12-16 00:00:00-05:00,0.7119275440638315,0.7119275440638315,0.6953712105751038,0.6953712105751038,149414,0.0,0.0
1976-12-17 00:00:00-05:00,0.6953709700583326,0.6953709700583326,0.645701639835341,0.6622579097747803,173218,0.0,0.0
1976-12-20 00:00:00-05:00,0.6457014083862305,0.6457014083862305,0.6291451443813184,0.6457014083862305,162964,0.0,0.0
1976-12-21 00:00:00-05:00,0.645701639835341,0.6622579097747803,0.6291453698959016,0.6622579097747803,119385,0.0,0.0
1976-12-22 00:00:00-05:00,0.6622578604704303,0.695370918288753,0.6622578604704303,0.6788146495819092,224121,0.0,0.0
1976-12-23 00:00:00-05:00,0.6788147001188933,0.6953709700583326,0.6622579097747803,0.6622579097747803,203979,0.0,0.0
1976-12-27 00:00:00-05:00,0.6622579097747803,0.6788147001188933,0.6622579097747803,0.6622579097747803,125610,0.0,0.0
1976-12-28 00:00:00-05:00,0.6622578604704303,0.695370918288753,0.6622578604704303,0.6788146495819092,104004,0.0,0.0
1976-12-29 00:00:00-05:00,0.678814983393021,0.7284843921661377,0.678814983393021,0.7284843921661377,272095,0.0,0.0
1976-12-30 00:00:00-05:00,0.7284844226290866,0.7615969777107239,0.7119276246833552,0.7615969777107239,132202,0.0,0.0
1976-12-31 00:00:00-05:00,0.7615969777107239,0.7615969777107239,0.7284844226290866,0.7615969777107239,164062,0.0,0.0
1977-01-03 00:00:00-05:00,0.7450403571128845,0.7450403571128845,0.7284840871954713,0.7450403571128845,55298,0.0,0.0
1977-01-04 00:00:00-05:00,0.7284843401346516,0.7284843401346516,0.6953712105751038,0.6953712105751038,73975,0.0,0.0
1977-01-05 00:00:00-05:00,0.6953712105751038,0.7119275440638315,0.6953712105751038,0.6953712105751038,70679,0.0,0.0
1977-01-06 00:00:00-05:00,0.6953712602415077,0.761596945863111,0.678814983393021,0.7284843921661377,640869,0.0,0.0
1977-01-07 00:00:00-05:00,0.7284842923323988,0.8112662434577942,0.7284842923323988,0.8112662434577942,190430,0.0,0.0
1977-01-10 00:00:00-05:00,0.7947098016738892,0.7947098016738892,0.7615967366675298,0.7947098016738892,159302,0.0,0.0
1977-01-11 00:00:00-05:00,0.7947098112032502,0.7947098112032502,0.7781535387039185,0.7781535387039185,139160,0.0,0.0
1977-01-12 00:00:00-05:00,0.7781535387039185,0.7947098112032502,0.7781535387039185,0.7781535387039185,89355,0.0,0.0
1977-01-13 00:00:00-05:00,0.7781535293730835,0.8112661317974446,0.7781535293730835,0.7947098016738892,90454,0.0,0.0
1977-01-14 00:00:00-05:00,0.7947097991542592,0.8278228640556335,0.7947097991542592,0.8278228640556335,308716,0.0,0.0
1977-01-17 00:00:00-05:00,0.8278228666802485,0.8278228666802485,0.7947098016738892,0.7947098016738892,76172,0.0,0.0
1977-01-18 00:00:00-05:00,0.7947099110554728,0.8112662434577942,0.7947099110554728,0.8112662434577942,91919,0.0,0.0
1977-01-19 00:00:00-05:00,0.7947098112032502,0.7947098112032502,0.7781535387039185,0.7781535387039185,29297,0.0,0.0
1977-01-20 00:00:00-05:00,0.7781537756564553,0.7947100531972738,0.7615969777107239,0.7615969777107239,21973,0.0,0.0
1977-01-21 00:00:00-05:00,0.7615967366675298,0.7947098016738892,0.7615967366675298,0.7947098016738892,121582,0.0,0.0
1977-01-24 00:00:00-05:00,0.7947100531972738,0.7947100531972738,0.7615969777107239,0.7615969777107239,113892,0.0,0.0
1977-01-25 00:00:00-05:00,0.7615966270302978,0.7781534173523843,0.7450403571128845,0.7450403571128845,47607,0.0,0.0
1977-01-26 00:00:00-05:00,0.7450406690146244,0.761596945863111,0.71192759491276,0.7284843921661377,54199,0.0,0.0
1977-01-27 00:00:00-05:00,0.7284842679758896,0.7450405420019024,0.7119274735450745,0.7119274735450745,32959,0.0,0.0
1977-01-28 00:00:00-05:00,0.7119274735450745,0.7284842679758896,0.7119274735450745,0.7119274735450745,64819,0.0,0.0
1977-01-31 00:00:00-05:00,0.7119274735450745,0.7119274735450745,0.6953711416963058,0.7119274735450745,45044,0.0,0.0
1977-02-01 00:00:00-05:00,0.7119274735450745,0.7450405420019024,0.6953711416963058,0.7119274735450745,79834,0.0,0.0
1977-02-02 00:00:00-05:00,0.7119274735450745,0.7284842679758896,0.7119274735450745,0.7119274735450745,26001,0.0,0.0
1977-02-03 00:00:00-05:00,0.7119275440638315,0.7284843401346516,0.6953712105751038,0.6953712105751038,76172,0.0,0.0
1977-02-04 00:00:00-05:00,0.6953711416963058,0.7119274735450745,0.6953711416963058,0.7119274735450745,56030,0.0,0.0
1977-02-07 00:00:00-05:00,0.7119275440638315,0.7119275440638315,0.6953712105751038,0.6953712105751038,54565,0.0,0.0
1977-02-08 00:00:00-05:00,0.6953712105751038,0.7119275440638315,0.6953712105751038,0.6953712105751038,55298,0.0,0.0
1977-02-09 00:00:00-05:00,0.695370918288753,0.7119272448183339,0.6788146495819092,0.6788146495819092,51270,0.0,0.0
1977-02-10 00:00:00-05:00,0.6788146495819092,0.695370918288753,0.6622578604704303,0.6788146495819092,53467,0.0,0.0
1977-02-11 00:00:00-05:00,0.6788149349091376,0.6953712105751038,0.6788149349091376,0.6953712105751038,47607,0.0,0.0
1977-02-14 00:00:00-05:00,0.6953712105751038,0.7119275440638315,0.6788149349091376,0.6953712105751038,18677,0.0,0.0
1977-02-15 00:00:00-05:00,0.6953711416963058,0.7119274735450745,0.6953711416963058,0.7119274735450745,26367,0.0,0.0
1977-02-16 00:00:00-05:00,0.7119275440638315,0.7119275440638315,0.6953712105751038,0.6953712105751038,28198,0.0,0.0
1977-02-17 00:00:00-05:00,0.695370918288753,0.7119272448183339,0.6788146495819092,0.6788146495819092,36987,0.0,0.0
1977-02-18 00:00:00-05:00,0.6788149349091376,0.6953712105751038,0.6788149349091376,0.6953712105751038,20508,0.0,0.0
1977-02-22 00:00:00-05:00,0.6953712105751038,0.6953712105751038,0.6788149349091376,0.6953712105751038,60059,0.0,0.0
1977-02-23 00:00:00-05:00,0.6953712105751038,0.6953712105751038,0.6788149349091376,0.6953712105751038,50903,0.0,0.0
1977-02-24 00:00:00-05:00,0.6788147001188933,0.6788147001188933,0.6622579097747803,0.6622579097747803,61890,0.0,0.0
1977-02-25 00:00:00-05:00,0.6622578604704303,0.695370918288753,0.6622578604704303,0.6788146495819092,26001,0.0,0.0
1977-02-28 00:00:00-05:00,0.6788149349091376,0.6953712105751038,0.6788149349091376,0.6953712105751038,21240,0.0,0.0
1977-03-01 00:00:00-05:00,0.695370918288753,0.695370918288753,0.6788146495819092,0.6788146495819092,23071,0.0,0.0
1977-03-02 00:00:00-05:00,0.6788146495819092,0.695370918288753,0.6788146495819092,0.6788146495819092,39551,0.0,0.0
1977-03-03 00:00:00-05:00,0.6788149349091376,0.6953712105751038,0.6788149349091376,0.6953712105751038,68481,0.0,0.0
1977-03-04 00:00:00-05:00,0.6953712105751038,0.7119275440638315,0.6788149349091376,0.6953712105751038,48706,0.0,0.0
1977-03-07 00:00:00-05:00,0.6953712105751038,0.7119275440638315,0.6788149349091376,0.6953712105751038,25269,0.0,0.0
1977-03-08 00:00:00-05:00,0.695370918288753,0.695370918288753,0.6788146495819092,0.6788146495819092,46875,0.0,0.0
1977-03-09 00:00:00-05:00,0.6788147001188933,0.6788147001188933,0.6622579097747803,0.6622579097747803,77271,0.0,0.0
1977-03-10 00:00:00-05:00,0.6622579097747803,0.6788147001188933,0.6622579097747803,0.6622579097747803,151978,0.0,0.0
1977-03-11 00:00:00-05:00,0.6788149349091376,0.6953712105751038,0.6788149349091376,0.6953712105751038,67017,0.0,0.0
1977-03-14 00:00:00-05:00,0.6953711416963058,0.7119274735450745,0.6953711416963058,0.7119274735450745,36987,0.0,0.0
1977-03-15 00:00:00-05:00,0.7119272968733849,0.7450403571128845,0.6953709691332302,0.7450403571128845,162598,0.0,0.0
1977-03-16 00:00:00-05:00,0.7450407001699052,0.7781537756564553,0.7284844226290866,0.7615969777107239,155640,0.0,0.0
1977-03-17 00:00:00-05:00,0.7615967457998323,0.7781535387039185,0.7615967457998323,0.7781535387039185,109497,0.0,0.0
1977-03-18 00:00:00-05:00,0.7781537756564553,0.7781537756564553,0.7615969777107239,0.7615969777107239,100708,0.0,0.0
1977-03-21 00:00:00-05:00,0.761596945863111,0.761596945863111,0.7284843921661377,0.7284843921661377,28198,0.0,0.0
1977-03-22 00:00:00-05:00,0.7284840871954713,0.7450403571128845,0.7119272968733849,0.7450403571128845,55298,0.0,0.0
1977-03-23 00:00:00-05:00,0.7450406690146244,0.7450406690146244,0.7284843921661377,0.7284843921661377,194458,0.0,0.0
1977-03-24 00:00:00-05:00,0.7284842679758896,0.7450405420019024,0.7119274735450745,0.7119274735450745,42847,0.0,0.0
1977-03-25 00:00:00-05:00,0.7119274735450745,0.7284842679758896,0.6953711416963058,0.7119274735450745,39551,0.0,0.0
1977-03-28 00:00:00-05:00,0.7119275440638315,0.7119275440638315,0.6788149349091376,0.6953712105751038,76904,0.0,0.0
1977-03-29 00:00:00-05:00,0.6953709691332302,0.7615966270302978,0.6953709691332302,0.7450403571128845,41748,0.0,0.0
1977-03-30 00:00:00-05:00,0.7450406158006178,0.7450406158006178,0.6953712105751038,0.6953712105751038,74341,0.0,0.0
1977-03-31 00:00:00-05:00,0.7119274735450745,0.7119274735450745,0.7119274735450745,0.7119274735450745,19043,0.0,0.0
1977-04-01 00:00:00-05:00,0.71192759491276,0.7284843921661377,0.6953712602415077,0.7284843921661377,57129,0.0,0.0
1977-04-04 00:00:00-05:00,0.7284843401346516,0.7284843401346516,0.6953712105751038,0.6953712105751038,38818,0.0,0.0
1977-04-05 00:00:00-05:00,0.6953712105751038,0.7119275440638315,0.6953712105751038,0.6953712105751038,33691,0.0,0.0
1977-04-06 00:00:00-05:00,0.6953712105751038,0.7119275440638315,0.6953712105751038,0.6953712105751038,24170,0.0,0.0
1977-04-07 00:00:00-05:00,0.6953712602415077,0.7284843921661377,0.6953712602415077,0.7284843921661377,36621,0.0,0.0
1977-04-11 00:00:00-05:00,0.7284842679758896,0.7450405420019024,0.7119274735450745,0.7119274735450745,37354,0.0,0.0
1977-04-12 00:00:00-05:00,0.7119274735450745,0.7284842679758896,0.7119274735450745,0.7119274735450745,48340,0.0,0.0
1977-04-13 00:00:00-05:00,0.71192759491276,0.7284843921661377,0.71192759491276,0.7284843921661377,44678,0.0,0.0
1977-04-14 00:00:00-05:00,0.7284840871954713,0.7615966270302978,0.7284840871954713,0.7450403571128845,137329,0.0,0.0
1977-04-15 00:00:00-05:00,0.7615967342528849,0.844379194126697,0.7615967342528849,0.8278228640556335,671997,0.0,0.0
1977-04-18 00:00:00-05:00,0.8278228640556335,0.844379194126697,0.7947097991542592,0.8278228640556335,219727,0.0,0.0
1977-04-19 00:00:00-05:00,0.8278228640556335,0.8278228640556335,0.7781535269059453,0.8278228640556335,197754,0.0,0.0
1977-04-20 00:00:00-05:00,0.8278227983757082,0.8940484603420787,0.811266064859018,0.8774921894073486,781860,0.0,0.0
1977-04-21 00:00:00-05:00,0.8774919415271797,0.8774919415271797,0.8443788886070251,0.8443788886070251,228149,0.0,0.0
1977-04-22 00:00:00-05:00,0.8443788886070251,0.8609351548648234,0.8112658356868707,0.8443788886070251,202515,0.0,0.0
1977-04-25 00:00:00-04:00,0.8443788886070251,0.8443788886070251,0.8443788886070251,0.8443788886070251,0,0.0,0.0
1977-04-26 00:00:00-04:00,0.8278228640556335,0.8278228640556335,0.7947097991542592,0.8278228640556335,284180,0.0,0.0
1977-04-27 00:00:00-04:00,0.8278228640556335,0.8278228640556335,0.8112661292253227,0.8278228640556335,76172,0.0,0.0
1977-04-28 00:00:00-04:00,0.8278225645264983,0.8609351548648234,0.8278225645264983,0.8443788886070251,171753,0.0,0.0
1977-04-29 00:00:00-04:00,0.8443787942807739,0.9271611571311951,0.8443787942807739,0.9271611571311951,463257,0.0,0.0
1977-05-02 00:00:00-04:00,0.9271611571311951,0.9271611571311951,0.910604430141133,0.9271611571311951,216797,0.0,0.0
1977-05-03 00:00:00-04:00,0.9271615761687269,0.9271615761687269,0.8940485119819641,0.8940485119819641,166626,0.0,0.0
1977-05-04 00:00:00-04:00,0.8940485049726192,0.9106048345565796,0.8940485049726192,0.9106048345565796,74341,0.0,0.0
1977-05-05 00:00:00-04:00,0.9106048416957263,0.9106048416957263,0.8940485119819641,0.8940485119819641,38086,0.0,0.0
1977-05-06 00:00:00-04:00,0.8940485119819641,0.9106048416957263,0.8774922400909504,0.8940485119819641,37354,0.0,0.0
1977-05-09 00:00:00-04:00,0.8940481079101266,0.9271611571311951,0.8774918435018423,0.9271611571311951,152710,0.0,0.0
1977-05-10 00:00:00-04:00,0.9271615761687269,0.9271615761687269,0.8940485119819641,0.8940485119819641,127441,0.0,0.0
1977-05-11 00:00:00-04:00,0.8940485049726192,0.9106048345565796,0.8940485049726192,0.9106048345565796,85693,0.0,0.0
1977-05-12 00:00:00-04:00,0.9106048300142143,0.9768308997154236,0.9106048300142143,0.9768308997154236,572754,0.0,0.0
1977-05-13 00:00:00-04:00,0.9768307188225968,0.9933871030807495,0.9602739876280225,0.9933871030807495,225952,0.0,0.0
1977-05-16 00:00:00-04:00,0.9933872147856038,1.026500218316363,0.976830828665711,1.0099434852600098,260742,0.0,0.0
1977-05-17 00:00:00-04:00,1.0099433716934285,1.0099433716934285,0.9602739876280225,0.9933871030807495,158203,0.0,0.0
1977-05-18 00:00:00-04:00,0.9933872870395438,0.9933872870395438,0.9602741654548177,0.9768308997154236,113159,0.0,0.0
1977-05-19 00:00:00-04:00,0.9768305302792974,0.9768305302792974,0.960273802280426,0.960273802280426,82764,0.0,0.0
1977-05-20 00:00:00-04:00,0.960273744120123,0.960273744120123,0.9271611574687759,0.9437174797058105,68115,0.0,0.0
1977-05-23 00:00:00-04:00,0.9437174793622015,0.9437174793622015,0.910604430141133,0.9271611571311951,99976,0.0,0.0
1977-05-24 00:00:00-04:00,0.9271611571311951,0.9271611571311951,0.8940481079101266,0.9271611571311951,54199,0.0,0.0
1977-05-25 00:00:00-04:00,0.9271611571311951,0.9271611571311951,0.910604430141133,0.9271611571311951,100708,0.0,0.0
1977-05-26 00:00:00-04:00,0.9271611574687759,0.960273744120123,0.9106044304726856,0.9437174797058105,79834,0.0,0.0
1977-05-27 00:00:00-04:00,0.9437178984837358,0.9437178984837358,0.8940485049726192,0.9106048345565796,93750,0.0,0.0
1977-05-31 00:00:00-04:00,0.9106048416957263,0.9106048416957263,0.8940485119819641,0.8940485119819641,42480,0.0,0.0
1977-06-01 00:00:00-04:00,0.8940485119819641,0.9106048416957263,0.8940485119819641,0.8940485119819641,51270,0.0,0.0
1977-06-02 00:00:00-04:00,0.8940485119819641,0.9106048416957263,0.8774922400909504,0.8940485119819641,86426,0.0,0.0
1977-06-03 00:00:00-04:00,0.8940481079101266,0.9271611571311951,0.8940481079101266,0.9271611571311951,34424,0.0,0.0
1977-06-06 00:00:00-04:00,0.9271611571311951,0.9271611571311951,0.910604430141133,0.9271611571311951,89355,0.0,0.0
1977-06-07 00:00:00-04:00,0.9271616106081852,1.076169740021925,0.910604875520184,1.0265003442764282,2006470,0.0,0.0
1977-06-08 00:00:00-04:00,1.0265001002575667,1.0596127530435464,1.0099433691054196,1.0430563688278198,750366,0.0,0.0
1977-06-09 00:00:00-04:00,1.0430566167824256,1.0430566167824256,1.0265003442764282,1.0265003442764282,201416,0.0,0.0
1977-06-10 00:00:00-04:00,1.026500218316363,1.043056488790769,1.0099434852600098,1.0099434852600098,165894,0.0,0.0
1977-06-13 00:00:00-04:00,1.0099434852600098,1.026500218316363,0.9933872147856038,1.0099434852600098,99976,0.0,0.0
1977-06-14 00:00:00-04:00,1.009943609188427,1.0265003442764282,0.9933873366824297,1.0265003442764282,155640,0.0,0.0
1977-06-15 00:00:00-04:00,1.0265003339852519,1.1092822739128128,1.00994359906324,1.076169729232788,564331,0.0,0.0
1977-06-16 00:00:00-04:00,1.076169729232788,1.1258391244803245,1.076169729232788,1.076169729232788,474243,0.0,0.0
1977-06-17 00:00:00-04:00,1.092725757498579,1.1755081415176392,1.092725757498579,1.1755081415176392,777832,0.0,0.0
1977-06-20 00:00:00-04:00,1.175508018007326,1.2086206674575806,1.1589512885230824,1.2086206674575806,762817,0.0,0.0
1977-06-21 00:00:00-04:00,1.2086213966343575,1.2251781361074943,1.1755087272068052,1.1920651197433472,326294,0.0,0.0
1977-06-22 00:00:00-04:00,1.192064525805072,1.2086207944470309,1.1755081415176392,1.1755081415176392,430664,0.0,0.0
1977-06-23 00:00:00-04:00,1.175508138521968,1.1920645227672084,1.1423951387405396,1.1423951387405396,212769,0.0,0.0
1977-06-24 00:00:00-04:00,1.1423951416518254,1.1755081415176392,1.1423951416518254,1.1755081415176392,159668,0.0,0.0
1977-06-27 00:00:00-04:00,1.175508138521968,1.1920645227672084,1.1423951387405396,1.1423951387405396,70312,0.0,0.0
1977-06-28 00:00:00-04:00,1.1423951387405396,1.175508138521968,1.1423951387405396,1.1423951387405396,77637,0.0,0.0
1977-06-29 00:00:00-04:00,1.1423956283025165,1.1423956283025165,1.125839352607727,1.125839352607727,106934,0.0,0.0
1977-06-30 00:00:00-04:00,1.125839212081867,1.158951759338379,1.125839212081867,1.158951759338379,84961,0.0,0.0
1977-07-01 00:00:00-04:00,1.1589514073403062,1.1589514073403062,1.1258388701407729,1.1423951387405396,87524,0.0,0.0
1977-07-05 00:00:00-04:00,1.1423951387405396,1.1423951387405396,1.1092820233136376,1.1423951387405396,101440,0.0,0.0
1977-07-06 00:00:00-04:00,1.1423951367040732,1.1423951367040732,1.0430563688278198,1.0430563688278198,164429,0.0,0.0
1977-07-07 00:00:00-04:00,1.0430566063252642,1.0927260015728004,1.0430566063252642,1.076169729232788,109863,0.0,0.0
1977-07-08 00:00:00-04:00,1.0761696031993733,1.1092821440014902,1.0596128702163696,1.0596128702163696,68481,0.0,0.0
1977-07-11 00:00:00-04:00,1.0596131008215524,1.0927261114120483,1.0596131008215524,1.0927261114120483,47974,0.0,0.0
1977-07-12 00:00:00-04:00,1.0927258736004317,1.0927258736004317,1.0596128702163696,1.0596128702163696,51636,0.0,0.0
1977-07-13 00:00:00-04:00,1.0596131008215524,1.0927261114120483,1.0596131008215524,1.0927261114120483,47607,0.0,0.0
1977-07-15 00:00:00-04:00,1.0927260015728004,1.0927260015728004,1.076169729232788,1.076169729232788,84961,0.0,0.0
1977-07-18 00:00:00-04:00,1.0761700580046298,1.1092826128005981,1.0761700580046298,1.1092826128005981,64087,0.0,0.0
1977-07-19 00:00:00-04:00,1.125839352607727,1.1423956283025165,1.125839352607727,1.125839352607727,121582,0.0,0.0
1977-07-20 00:00:00-04:00,1.125839352607727,1.1423956283025165,1.1092824986853211,1.125839352607727,182007,0.0,0.0
1977-07-21 00:00:00-04:00,1.125839352607727,1.125839352607727,1.0927262229905315,1.125839352607727,49438,0.0,0.0
1977-07-22 00:00:00-04:00,1.125839237648056,1.125839237648056,1.0927261114120483,1.0927261114120483,84595,0.0,0.0
1977-07-25 00:00:00-04:00,1.0927260015728004,1.1092822739128128,1.0596129943107764,1.076169729232788,153076,0.0,0.0
1977-07-26 00:00:00-04:00,1.076169729232788,1.0927260015728004,1.0596129943107764,1.076169729232788,100708,0.0,0.0
1977-07-27 00:00:00-04:00,1.076169729232788,1.0927260015728004,1.0596129943107764,1.076169729232788,163696,0.0,0.0
1977-07-28 00:00:00-04:00,1.0596128702163696,1.0596128702163696,1.0430564841698249,1.0596128702163696,79468,0.0,0.0
1977-07-29 00:00:00-04:00,1.0596128702163696,1.0596128702163696,1.0265002137687664,1.0596128702163696,130737,0.0,0.0
1977-08-01 00:00:00-04:00,1.0596127530435464,1.0596127530435464,1.0430563688278198,1.0430563688278198,67017,0.0,0.0
1977-08-02 00:00:00-04:00,1.0430564841698249,1.0596128702163696,1.0430564841698249,1.0596128702163696,99976,0.0,0.0
1977-08-03 00:00:00-04:00,1.0430563688278198,1.0430563688278198,1.0099433691054196,1.0430563688278198,60425,0.0,0.0
1977-08-04 00:00:00-04:00,1.0430569249809856,1.1092826128005981,1.0430569249809856,1.1092826128005981,206177,0.0,0.0
1977-08-05 00:00:00-04:00,1.1092822739128128,1.1092822739128128,1.076169729232788,1.076169729232788,99976,0.0,0.0
1977-08-08 00:00:00-04:00,1.0761696031993733,1.0927258736004317,1.0596128702163696,1.0596128702163696,35156,0.0,0.0
1977-08-09 00:00:00-04:00,1.0596131008215524,1.0927261114120483,1.0596131008215524,1.0927261114120483,67749,0.0,0.0
1977-08-10 00:00:00-04:00,1.0927261114120483,1.0927261114120483,1.0596131008215524,1.0927261114120483,25269,0.0,0.0
1977-08-11 00:00:00-04:00,1.0927260015728004,1.0927260015728004,1.076169729232788,1.076169729232788,124512,0.0,0.0
1977-08-12 00:00:00-04:00,1.0761698374078232,1.0927261114120483,1.0761698374078232,1.0927261114120483,55298,0.0,0.0
1977-08-15 00:00:00-04:00,1.092725754713871,1.1423951387405396,1.076169486114104,1.1423951387405396,197754,0.0,0.0
1977-08-16 00:00:00-04:00,1.1423957108426581,1.1920651197433472,1.1423957108426581,1.1920651197433472,328125,0.0,0.0
1977-08-17 00:00:00-04:00,1.192064525805072,1.2251775256708857,1.1755081415176392,1.1755081415176392,279419,0.0,0.0
1977-08-18 00:00:00-04:00,1.175508138521968,1.175508138521968,1.1423951387405396,1.1423951387405396,153076,0.0,0.0
1977-08-19 00:00:00-04:00,1.142395485710123,1.17550849554867,1.125839212081867,1.158951759338379,100708,0.0,0.0
1977-08-22 00:00:00-04:00,1.1589512885230824,1.2086206674575806,1.1589512885230824,1.2086206674575806,392944,0.0,0.0
1977-08-23 00:00:00-04:00,1.208620789707993,1.258290058021011,1.192064521130952,1.2417337894439697,599487,0.0,0.0
1977-08-24 00:00:00-04:00,1.241733679764426,1.2748467922210693,1.2251774126497625,1.2748467922210693,385620,0.0,0.0
1977-08-25 00:00:00-04:00,1.274847246689876,1.341072916984558,1.2417341224287737,1.341072916984558,1689331,0.0,0.0
1977-08-26 00:00:00-04:00,1.341072916984558,1.3576291900013477,1.2914035197066658,1.341072916984558,772339,0.0,0.0
1977-08-29 00:00:00-04:00,1.3410721870144051,1.3410721870144051,1.2582897105354287,1.291402816772461,186401,0.0,0.0
1977-08-30 00:00:00-04:00,1.2914035219525857,1.3410729193168596,1.2748472489070024,1.307959794998169,299194,0.0,0.0
1977-08-31 00:00:00-04:00,1.307959794998169,1.307959794998169,1.2748472489070024,1.307959794998169,142456,0.0,0.0
1977-09-01 00:00:00-04:00,1.3079590807773729,1.3245159230094932,1.2748465527675488,1.291402816772461,88989,0.0,0.0
1977-09-02 00:00:00-04:00,1.2914035219525857,1.307959794998169,1.2748472489070024,1.307959794998169,127441,0.0,0.0
1977-09-06 00:00:00-04:00,1.291402816772461,1.291402816772461,1.2582897105354287,1.291402816772461,76172,0.0,0.0
1977-09-07 00:00:00-04:00,1.2914030593357329,1.3245161717923761,1.2748467922210693,1.2748467922210693,191528,0.0,0.0
1977-09-08 00:00:00-04:00,1.2748472614781823,1.2914035346870258,1.225177863624122,1.258290410041809,146851,0.0,0.0
1977-09-09 00:00:00-04:00,1.258290410041809,1.258290410041809,1.2086211278332548,1.258290410041809,67017,0.0,0.0
1977-09-12 00:00:00-04:00,1.2086207944470309,1.2086207944470309,1.1589514102937843,1.1755081415176392,206543,0.0,0.0
1977-09-13 00:00:00-04:00,1.17550849554867,1.192064884822435,1.158951759338379,1.158951759338379,64819,0.0,0.0
1977-09-14 00:00:00-04:00,1.158951759338379,1.17550849554867,1.142395485710123,1.158951759338379,72144,0.0,0.0
1977-09-15 00:00:00-04:00,1.1589519877336685,1.1920651197433472,1.1423957108426581,1.1920651197433472,134399,0.0,0.0
1977-09-16 00:00:00-04:00,1.1920644005551841,1.2251773969418243,1.175508018007326,1.2086206674575806,168457,0.0,0.0
1977-09-19 00:00:00-04:00,1.2086213966343575,1.2086213966343575,1.1755087272068052,1.1920651197433472,54565,0.0,0.0
1977-09-20 00:00:00-04:00,1.1755081415176392,1.1755081415176392,1.1423951416518254,1.1755081415176392,61157,0.0,0.0
1977-09-21 00:00:00-04:00,1.1755086422741887,1.1755086422741887,1.125839352607727,1.125839352607727,116089,0.0,0.0
1977-09-22 00:00:00-04:00,1.125839212081867,1.158951759338379,1.125839212081867,1.158951759338379,44312,0.0,0.0
1977-09-23 00:00:00-04:00,1.1589514073403062,1.1589514073403062,1.1258388701407729,1.1423951387405396,68481,0.0,0.0
1977-09-26 00:00:00-04:00,1.1423951387405396,1.175508138521968,1.1258388701407729,1.1423951387405396,1928833,0.0,0.0
1977-09-27 00:00:00-04:00,1.1423956283025165,1.1423956283025165,1.076169947295742,1.125839352607727,257446,0.0,0.0
1977-09-28 00:00:00-04:00,1.125839352607727,1.125839352607727,1.1092824986853211,1.125839352607727,236572,0.0,0.0
1977-09-29 00:00:00-04:00,1.1258388685954193,1.258290058021011,1.1258388685954193,1.2417337894439697,2372681,0.0,0.0
1977-09-30 00:00:00-04:00,1.258290410041809,1.2748472614781823,1.258290410041809,1.258290410041809,365845,0.0,0.0
1977-10-03 00:00:00-04:00,1.2582909207975066,1.2748477789545114,1.2251783609390259,1.2251783609390259,229614,0.0,0.0
1977-10-04 00:00:00-04:00,1.2251781361074943,1.2417344129985046,1.1920651197433472,1.1920651197433472,288208,0.0,0.0
1977-10-05 00:00:00-04:00,1.192064521130952,1.2417337894439697,1.192064521130952,1.2417337894439697,185669,0.0,0.0
1977-10-06 00:00:00-04:00,1.2417334465305165,1.291402816772461,1.2417334465305165,1.291402816772461,280151,0.0,0.0
1977-10-07 00:00:00-04:00,1.2914035219525857,1.324516646271276,1.2748472489070024,1.307959794998169,396240,0.0,0.0
1977-10-10 00:00:00-04:00,1.3079597927234556,1.3576291900013477,1.2582903954455633,1.341072916984558,521118,0.0,0.0
1977-10-11 00:00:00-04:00,1.3410729193168596,1.4072985897267165,1.307959794998169,1.307959794998169,1528198,0.0,0.0
1977-10-12 00:00:00-04:00,1.3079590807773729,1.3079590807773729,1.2582897105354287,1.291402816772461,401001,0.0,0.0
1977-10-13 00:00:00-04:00,1.2914035346870258,1.2914035346870258,1.2417341368329655,1.258290410041809,221924,0.0,0.0
1977-10-14 00:00:00-04:00,1.258290058021011,1.258290058021011,1.2251775208669287,1.2417337894439697,91553,0.0,0.0
1977-10-17 00:00:00-04:00,1.2417341368329655,1.258290410041809,1.225177863624122,1.258290410041809,66284,0.0,0.0
1977-10-18 00:00:00-04:00,1.2582901784924632,1.341072685758183,1.2582901784924632,1.3245164155960083,484497,0.0,0.0
1977-10-19 00:00:00-04:00,1.3245164155960083,1.3907419588266456,1.3079595672064104,1.3245164155960083,326660,0.0,0.0
1977-10-20 00:00:00-04:00,1.3245166439677682,1.3576291900013477,1.3245166439677682,1.341072916984558,125610,0.0,0.0
1977-10-21 00:00:00-04:00,1.341072685758183,1.341072685758183,1.3079595672064104,1.3245164155960083,86792,0.0,0.0
1977-10-24 00:00:00-04:00,1.3245161717923761,1.3245161717923761,1.2748467922210693,1.2748467922210693,103271,0.0,0.0
1977-10-25 00:00:00-04:00,1.2748465527675488,1.291402816772461,1.2748465527675488,1.291402816772461,137329,0.0,0.0
1977-10-26 00:00:00-04:00,1.291402816772461,1.3079590807773729,1.2417334465305165,1.291402816772461,80566,0.0,0.0
1977-10-27 00:00:00-04:00,1.291402816772461,1.3079590807773729,1.2748465527675488,1.291402816772461,56763,0.0,0.0
1977-10-28 00:00:00-04:00,1.291402816772461,1.3079590807773729,1.2748465527675488,1.291402816772461,231812,0.0,0.0
1977-10-31 00:00:00-05:00,1.2914040588837516,1.2914040588837516,1.2251783609390259,1.2251783609390259,104370,0.0,0.0
1977-11-01 00:00:00-05:00,1.2251775256708857,1.2417337943128446,1.1755081415176392,1.1755081415176392,104004,0.0,0.0
1977-11-02 00:00:00-05:00,1.1755081415176392,1.2086207944470309,1.1755081415176392,1.1755081415176392,106934,0.0,0.0
1977-11-03 00:00:00-05:00,1.175508018007326,1.2086206674575806,1.175508018007326,1.2086206674575806,60425,0.0,0.0
1977-11-04 00:00:00-05:00,1.2086213966343575,1.2251781361074943,1.1920651197433472,1.1920651197433472,93384,0.0,0.0
1977-11-07 00:00:00-05:00,1.1920648546244113,1.258290410041809,1.1920648546244113,1.258290410041809,146851,0.0,0.0
1977-11-08 00:00:00-05:00,1.258290410041809,1.258290410041809,1.225177863624122,1.258290410041809,100708,0.0,0.0
1977-11-09 00:00:00-05:00,1.258290058021011,1.258290058021011,1.2251775208669287,1.2417337894439697,92651,0.0,0.0
1977-11-10 00:00:00-05:00,1.2417334465305165,1.3245159230094932,1.2417334465305165,1.291402816772461,223755,0.0,0.0
1977-11-11 00:00:00-05:00,1.2914035346870258,1.3079598078958694,1.2417341368329655,1.258290410041809,126343,0.0,0.0
1977-11-14 00:00:00-05:00,1.2582909207975066,1.2748477789545114,1.2251783609390259,1.2251783609390259,62622,0.0,0.0
1977-11-15 00:00:00-05:00,1.225177863624122,1.2748472614781823,1.225177863624122,1.258290410041809,134399,0.0,0.0
1977-11-16 00:00:00-05:00,1.2582899468790893,1.2914030593357329,1.2582899468790893,1.2748467922210693,213867,0.0,0.0
1977-11-17 00:00:00-05:00,1.2748467922210693,1.2748467922210693,1.241733679764426,1.2748467922210693,263306,0.0,0.0
1977-11-18 00:00:00-05:00,1.2748465527675488,1.374185177605996,1.2748465527675488,1.291402816772461,1269287,0.0,0.0
1977-11-21 00:00:00-05:00,1.2914035219525857,1.3410729193168596,1.2914035219525857,1.307959794998169,371338,0.0,0.0
1977-11-22 00:00:00-05:00,1.307959794998169,1.3410729193168596,1.307959794998169,1.307959794998169,334351,0.0,0.0
1977-11-23 00:00:00-05:00,1.3079595672064104,1.3245164155960083,1.3079595672064104,1.3245164155960083,136597,0.0,0.0
1977-11-25 00:00:00-05:00,1.3245159230094932,1.3245159230094932,1.291402816772461,1.291402816772461,57861,0.0,0.0
1977-11-28 00:00:00-05:00,1.291402816772461,1.3245159230094932,1.291402816772461,1.291402816772461,99243,0.0,0.0
1977-11-29 00:00:00-05:00,1.2914040588837516,1.2914040588837516,1.208621618427574,1.2251783609390259,156006,0.0,0.0
1977-11-30 00:00:00-05:00,1.2251771825256046,1.3079590807773729,1.208620455938926,1.291402816772461,270630,0.0,0.0
1977-12-01 00:00:00-05:00,1.2914032970442357,1.341072685758183,1.2914032970442357,1.3245164155960083,340942,0.0,0.0
1977-12-02 00:00:00-05:00,1.3245164155960083,1.341072685758183,1.274847026882061,1.3245164155960083,154907,0.0,0.0
1977-12-05 00:00:00-05:00,1.3079593264503961,1.3079593264503961,1.2748467922210693,1.2748467922210693,75806,0.0,0.0
1977-12-06 00:00:00-05:00,1.2748469048254198,1.2748469048254198,1.2417337894439697,1.2417337894439697,149048,0.0,0.0
1977-12-07 00:00:00-05:00,1.2417337894439697,1.258290058021011,1.2417337894439697,1.2417337894439697,60059,0.0,0.0
1977-12-08 00:00:00-05:00,1.2417337894439697,1.258290058021011,1.2251775208669287,1.2417337894439697,49438,0.0,0.0
1977-12-09 00:00:00-05:00,1.2417341368329655,1.258290410041809,1.2417341368329655,1.258290410041809,61890,0.0,0.0
1977-12-12 00:00:00-05:00,1.2417341682892382,1.2417341682892382,1.158951759338379,1.158951759338379,266602,0.0,0.0
1977-12-13 00:00:00-05:00,1.1589512885230824,1.2086206674575806,1.1258387547182898,1.2086206674575806,326294,0.0,0.0
1977-12-14 00:00:00-05:00,1.2086211278332548,1.258290410041809,1.1755084657700616,1.258290410041809,84595,0.0,0.0
1977-12-15 00:00:00-05:00,1.2582906898895148,1.2582906898895148,1.1755087272068052,1.1920651197433472,95581,0.0,0.0
1977-12-16 00:00:00-05:00,1.192064525805072,1.192064525805072,1.1589514102937843,1.1755081415176392,62256,0.0,0.0
1977-12-19 00:00:00-05:00,1.1755081415176392,1.2086207944470309,1.1589514102937843,1.1755081415176392,136230,0.0,0.0
1977-12-20 00:00:00-05:00,1.17550849554867,1.192064884822435,1.158951759338379,1.158951759338379,59326,0.0,0.0
1977-12-21 00:00:00-05:00,1.158951759338379,1.192064884822435,1.158951759338379,1.158951759338379,70679,0.0,0.0
1977-12-22 00:00:00-05:00,1.1589514073403062,1.175508138521968,1.1258388701407729,1.1423951387405396,199951,0.0,0.0
1977-12-23 00:00:00-05:00,1.142395485710123,1.17550849554867,1.142395485710123,1.158951759338379,110962,0.0,0.0
1977-12-27 00:00:00-05:00,1.158951759338379,1.17550849554867,1.158951759338379,1.158951759338379,26001,0.0,0.0
1977-12-28 00:00:00-05:00,1.158951759338379,1.17550849554867,1.142395485710123,1.158951759338379,41382,0.0,0.0
1977-12-29 00:00:00-05:00,1.1589519039973062,1.1589519039973062,1.125839352607727,1.125839352607727,149048,0.0,0.0
1977-12-30 00:00:00-05:00,1.125839352607727,1.1423956283025165,1.0927262229905315,1.125839352607727,178345,0.0,0.0
1978-01-03 00:00:00-05:00,1.1258391244803245,1.1258391244803245,1.076169729232788,1.076169729232788,58594,0.0,0.0
1978-01-04 00:00:00-05:00,1.0761694841956935,1.0761694841956935,1.0099433691054196,1.0430563688278198,188965,0.0,0.0
1978-01-05 00:00:00-05:00,1.0430566167824256,1.0596130049339236,1.0265003442764282,1.0265003442764282,132935,0.0,0.0
1978-01-06 00:00:00-05:00,1.026500218316363,1.026500218316363,0.9933872147856038,1.0099434852600098,142090,0.0,0.0
1978-01-09 00:00:00-05:00,1.0099435587181687,1.0099435587181687,0.9768308997154236,0.9768308997154236,135498,0.0,0.0
1978-01-10 00:00:00-05:00,0.9768308997154236,1.0099435587181687,0.9768308997154236,0.9768308997154236,106934,0.0,0.0
1978-01-11 00:00:00-05:00,0.9768305302792974,0.9933869113418143,0.960273802280426,0.960273802280426,116821,0.0,0.0
1978-01-12 00:00:00-05:00,0.9768308997154236,1.0099435587181687,0.9768308997154236,0.9768308997154236,122681,0.0,0.0
1978-01-13 00:00:00-05:00,0.976830828665711,1.0761696079670149,0.976830828665711,1.0099434852600098,143921,0.0,0.0
1978-01-16 00:00:00-05:00,1.0099434852600098,1.043056488790769,0.976830828665711,1.0099434852600098,98511,0.0,0.0
1978-01-17 00:00:00-05:00,1.009943609188427,1.0596130049339236,0.9933873366824297,1.0265003442764282,65552,0.0,0.0
1978-01-18 00:00:00-05:00,1.0265002137687664,1.0596128702163696,1.0265002137687664,1.0596128702163696,50537,0.0,0.0
1978-01-19 00:00:00-05:00,1.0596127530435464,1.0761694841956935,1.0430563688278198,1.0430563688278198,89355,0.0,0.0
1978-01-20 00:00:00-05:00,1.0430566167824256,1.0596130049339236,1.0265003442764282,1.0265003442764282,29663,0.0,0.0
1978-01-23 00:00:00-05:00,1.0265003442764282,1.0430566167824256,1.009943609188427,1.0265003442764282,50171,0.0,0.0
1978-01-24 00:00:00-05:00,1.0265003442764282,1.0430566167824256,1.009943609188427,1.0265003442764282,45776,0.0,0.0
1978-01-25 00:00:00-05:00,1.0265003442764282,1.0430566167824256,1.0265003442764282,1.0265003442764282,28198,0.0,0.0
1978-01-26 00:00:00-05:00,1.026500218316363,1.043056488790769,1.0099434852600098,1.0099434852600098,43579,0.0,0.0
1978-01-27 00:00:00-05:00,1.0099433716934285,1.0430563715006815,0.9933871030807495,0.9933871030807495,89355,0.0,0.0
1978-01-30 00:00:00-05:00,0.9933872147856038,1.043056488790769,0.9933872147856038,1.0099434852600098,92651,0.0,0.0
1978-01-31 00:00:00-05:00,1.0099434852600098,1.026500218316363,0.9933872147856038,1.0099434852600098,57861,0.0,0.0
1978-02-01 00:00:00-05:00,1.009943609188427,1.0430566167824256,1.009943609188427,1.0265003442764282,62622,0.0,0.0
1978-02-02 00:00:00-05:00,1.0265002137687664,1.0596128702163696,1.0099434807857628,1.0596128702163696,43945,0.0,0.0
1978-02-03 00:00:00-05:00,1.0596131008215524,1.125839237648056,1.0265004371675908,1.0927261114120483,195557,0.0,0.0
1978-02-06 00:00:00-05:00,1.0927258736004317,1.1092821440014902,1.0596128702163696,1.0596128702163696,58228,0.0,0.0
1978-02-07 00:00:00-05:00,1.0596129943107764,1.0927260015728004,1.0596129943107764,1.076169729232788,41016,0.0,0.0
1978-02-08 00:00:00-05:00,1.0761696031993733,1.1092821440014902,1.0596128702163696,1.0596128702163696,72510,0.0,0.0
1978-02-09 00:00:00-05:00,1.0596128702163696,1.0761696031993733,1.0430564841698249,1.0596128702163696,44312,0.0,0.0
1978-02-10 00:00:00-05:00,1.0596129943107764,1.076169729232788,1.0430566063252642,1.076169729232788,90454,0.0,0.0
1978-02-13 00:00:00-05:00,1.076169729232788,1.076169729232788,1.0430566063252642,1.076169729232788,56030,0.0,0.0
1978-02-14 00:00:00-05:00,1.0761694841956935,1.0761694841956935,1.0430563688278198,1.0430563688278198,32227,0.0,0.0
1978-02-15 00:00:00-05:00,1.0430564841698249,1.0596128702163696,1.0430564841698249,1.0596128702163696,72876,0.0,0.0
1978-02-16 00:00:00-05:00,1.0430566167824256,1.0430566167824256,1.0265003442764282,1.0265003442764282,76904,0.0,0.0
1978-02-17 00:00:00-05:00,1.026500218316363,1.026500218316363,1.0099434852600098,1.0099434852600098,84961,0.0,0.0
1978-02-21 00:00:00-05:00,1.0099434852600098,1.0099434852600098,0.9933872147856038,1.0099434852600098,39185,0.0,0.0
1978-02-22 00:00:00-05:00,1.0099433716934285,1.0265001028880028,0.9933871030807495,0.9933871030807495,49805,0.0,0.0
1978-02-23 00:00:00-05:00,0.9933871030807495,0.9933871030807495,0.9602739876280225,0.9933871030807495,60059,0.0,0.0
1978-02-24 00:00:00-05:00,0.9933872870395438,1.0099435587181687,0.9602741654548177,0.9768308997154236,108032,0.0,0.0
1978-02-27 00:00:00-05:00,0.9768305302792974,0.9933869113418143,0.960273802280426,0.960273802280426,87524,0.0,0.0
1978-02-28 00:00:00-05:00,0.9602737437704858,0.9602737437704858,0.9271611571311951,0.9271611571311951,83496,0.0,0.0
1978-03-01 00:00:00-05:00,0.9271611574687759,0.960273744120123,0.9271611574687759,0.9437174797058105,150146,0.0,0.0
1978-03-02 00:00:00-05:00,0.9437177190153435,0.9933871030807495,0.9437177190153435,0.9933871030807495,74707,0.0,0.0
1978-03-03 00:00:00-05:00,1.0099433691054196,1.12583886813382,1.0099433691054196,1.0430563688278198,319336,0.0,0.0
1978-03-06 00:00:00-05:00,1.043056488790769,1.043056488790769,0.9933872147856038,1.0099434852600098,138062,0.0,0.0
1978-03-07 00:00:00-05:00,1.009943609188427,1.0430566167824256,1.009943609188427,1.0265003442764282,36255,0.0,0.0
1978-03-08 00:00:00-05:00,1.0265001028880028,1.0265001028880028,0.9933871030807495,0.9933871030807495,69946,0.0,0.0
1978-03-09 00:00:00-05:00,1.0099433691054196,1.0430563688278198,1.0099433691054196,1.0430563688278198,49438,0.0,0.0
1978-03-10 00:00:00-05:00,1.0430563688278198,1.0596127530435464,1.0265001002575667,1.0430563688278198,72510,0.0,0.0
1978-03-13 00:00:00-05:00,1.0430563688278198,1.0596127530435464,1.0265001002575667,1.0430563688278198,46875,0.0,0.0
1978-03-14 00:00:00-05:00,1.026500218316363,1.026500218316363,1.0099434852600098,1.0099434852600098,24902,0.0,0.0
1978-03-15 00:00:00-05:00,1.0099433716934285,1.0099433716934285,0.9768307188225968,0.9933871030807495,53101,0.0,0.0
1978-03-16 00:00:00-05:00,0.9933871005351665,1.0430563688278198,0.9768307163194401,1.0430563688278198,87891,0.0,0.0
1978-03-17 00:00:00-05:00,1.0596128702163696,1.0927258736004317,1.0596128702163696,1.0596128702163696,279419,0.0,0.0
1978-03-20 00:00:00-05:00,1.0596127530435464,1.0761694841956935,1.0265001002575667,1.0430563688278198,50171,0.0,0.0
1978-03-21 00:00:00-05:00,1.043056488790769,1.043056488790769,1.0099434852600098,1.0099434852600098,20508,0.0,0.0
1978-03-22 00:00:00-05:00,1.0099433716934285,1.0099433716934285,0.9768307188225968,0.9933871030807495,80933,0.0,0.0
1978-03-23 00:00:00-05:00,0.9933872147856038,1.026500218316363,0.9933872147856038,1.0099434852600098,63354,0.0,0.0
1978-03-27 00:00:00-05:00,1.0099433691054196,1.0761694841956935,1.0099433691054196,1.0430563688278198,96313,0.0,0.0
1978-03-28 00:00:00-05:00,1.0430566063252642,1.1092822739128128,1.0430566063252642,1.076169729232788,195923,0.0,0.0
1978-03-29 00:00:00-05:00,1.0761698374078232,1.0927261114120483,1.0596131008215524,1.0927261114120483,108032,0.0,0.0
1978-03-30 00:00:00-05:00,1.0927258736004317,1.0927258736004317,1.0596128702163696,1.0596128702163696,55298,0.0,0.0
1978-03-31 00:00:00-05:00,1.0596128702163696,1.0761696031993733,1.0430564841698249,1.0596128702163696,44678,0.0,0.0
1978-04-03 00:00:00-05:00,1.0596130049339236,1.0596130049339236,1.0265003442764282,1.0265003442764282,72144,0.0,0.0
1978-04-04 00:00:00-05:00,1.0265001002575667,1.0596127530435464,1.0265001002575667,1.0430563688278198,76172,0.0,0.0
1978-04-05 00:00:00-05:00,1.0430566167824256,1.076169740021925,1.0265003442764282,1.0265003442764282,131836,0.0,0.0
1978-04-06 00:00:00-05:00,1.0265003442764282,1.0430566167824256,1.0265003442764282,1.0265003442764282,56396,0.0,0.0
1978-04-07 00:00:00-05:00,1.0265002137687664,1.0596128702163696,1.0099434807857628,1.0596128702163696,99243,0.0,0.0
1978-04-10 00:00:00-05:00,1.0596127530435464,1.0596127530435464,1.0265001002575667,1.0430563688278198,73975,0.0,0.0
1978-04-11 00:00:00-05:00,1.0430563688278198,1.0430563688278198,1.0265001002575667,1.0430563688278198,53101,0.0,0.0
1978-04-12 00:00:00-05:00,1.0430566167824256,1.0430566167824256,1.009943609188427,1.0265003442764282,61890,0.0,0.0
1978-04-13 00:00:00-05:00,1.0265003442764282,1.0265003442764282,0.9602742134429303,1.0265003442764282,289307,0.0,0.0
1978-04-14 00:00:00-05:00,1.0265001002575667,1.0430563688278198,1.0099433691054196,1.0430563688278198,172852,0.0,0.0
1978-04-17 00:00:00-05:00,1.0430564841698249,1.0761696031993733,1.0265002137687664,1.0596128702163696,287109,0.0,0.0
1978-04-18 00:00:00-05:00,1.0596127530435464,1.0596127530435464,1.0265001002575667,1.0430563688278198,155640,0.0,0.0
1978-04-19 00:00:00-05:00,1.0430563688278198,1.0596127530435464,1.0430563688278198,1.0430563688278198,122681,0.0,0.0
1978-04-20 00:00:00-05:00,1.0430566063252642,1.0927260015728004,1.0430566063252642,1.076169729232788,346069,0.0,0.0
1978-04-21 00:00:00-05:00,1.076169486114104,1.1423951387405396,1.076169486114104,1.1423951387405396,488159,0.0,0.0
1978-04-24 00:00:00-05:00,1.1423956283025165,1.1589519039973062,1.125839352607727,1.125839352607727,195923,0.0,0.0
1978-04-25 00:00:00-05:00,1.12583899262998,1.1423952630310386,1.0430564841698249,1.0596128702163696,330688,0.0,0.0
1978-04-26 00:00:00-05:00,1.0596129943107764,1.1092822739128128,1.0596129943107764,1.076169729232788,177246,0.0,0.0
1978-04-27 00:00:00-05:00,1.0761700580046298,1.1423957458242424,1.0761700580046298,1.1092826128005981,266968,0.0,0.0
1978-04-28 00:00:00-05:00,1.1092823854162734,1.125839237648056,1.0927261114120483,1.0927261114120483,111328,0.0,0.0
1978-05-01 00:00:00-04:00,1.0927262229905315,1.125839352607727,1.0927262229905315,1.125839352607727,200684,0.0,0.0
1978-05-02 00:00:00-04:00,1.125839352607727,1.1423956283025165,1.0927262229905315,1.125839352607727,194458,0.0,0.0
1978-05-03 00:00:00-04:00,1.125839352607727,1.1423956283025165,1.1092824986853211,1.125839352607727,205444,0.0,0.0
1978-05-04 00:00:00-04:00,1.125839352607727,1.1423956283025165,1.0927262229905315,1.125839352607727,160767,0.0,0.0
1978-05-05 00:00:00-04:00,1.1258388701407729,1.175508138521968,1.1258388701407729,1.1423951387405396,297729,0.0,0.0
1978-05-08 00:00:00-04:00,1.1423951387405396,1.175508138521968,1.1423951387405396,1.1423951387405396,137329,0.0,0.0
1978-05-09 00:00:00-04:00,1.1423951387405396,1.1589514073403062,1.1423951387405396,1.1423951387405396,80933,0.0,0.0
1978-05-10 00:00:00-04:00,1.1423959204828482,1.2251783609390259,1.1423959204828482,1.2251783609390259,772339,0.0,0.0
1978-05-11 00:00:00-04:00,1.2251775208669287,1.2748469048254198,1.192064521130952,1.2417337894439697,394043,0.0,0.0
1978-05-12 00:00:00-04:00,1.2417334465305165,1.291402816772461,1.2417334465305165,1.291402816772461,370605,0.0,0.0
1978-05-15 00:00:00-04:00,1.2914030593357329,1.2914030593357329,1.2582899468790893,1.2748467922210693,132568,0.0,0.0
1978-05-16 00:00:00-04:00,1.2748465527675488,1.3079590807773729,1.2748465527675488,1.291402816772461,428101,0.0,0.0
1978-05-17 00:00:00-04:00,1.291402816772461,1.3079590807773729,1.2748465527675488,1.291402816772461,288574,0.0,0.0
1978-05-18 00:00:00-04:00,1.2914035219525857,1.3410729193168596,1.2582903976338953,1.307959794998169,997559,0.0,0.0
1978-05-19 00:00:00-04:00,1.3079593264503961,1.3079593264503961,1.2748467922210693,1.2748467922210693,200317,0.0,0.0
1978-05-22 00:00:00-04:00,1.2748467922210693,1.2914030593357329,1.2582899468790893,1.2748467922210693,99976,0.0,0.0
1978-05-23 00:00:00-04:00,1.2748472614781823,1.2748472614781823,1.2417341368329655,1.258290410041809,182739,0.0,0.0
1978-05-24 00:00:00-04:00,1.2417346408682663,1.2417346408682663,1.2251783609390259,1.2251783609390259,183472,0.0,0.0
1978-05-25 00:00:00-04:00,1.2251783609390259,1.2582909207975066,1.208621618427574,1.2251783609390259,207642,0.0,0.0
1978-05-26 00:00:00-04:00,1.225177863624122,1.258290410041809,1.2086211278332548,1.258290410041809,116089,0.0,0.0
1978-05-30 00:00:00-04:00,1.2582901784924632,1.3245164155960083,1.2417339083302885,1.3245164155960083,307983,0.0,0.0
1978-05-31 00:00:00-04:00,1.324516646271276,1.324516646271276,1.2914035219525857,1.307959794998169,395142,0.0,0.0
1978-06-01 00:00:00-04:00,1.3079597927234556,1.341072916984558,1.3079597927234556,1.341072916984558,787720,0.0,0.0
1978-06-02 00:00:00-04:00,1.3410731228677386,1.4404118170286158,1.3410731228677386,1.4072988033294678,1540649,0.0,0.0
1978-06-05 00:00:00-04:00,1.4072988033294678,1.4404118170286158,1.390742412125416,1.4072988033294678,767212,0.0,0.0
1978-06-06 00:00:00-04:00,1.4072982166130088,1.5397499848981124,1.4072982166130088,1.4735243320465088,2314087,0.0,0.0
1978-06-07 00:00:00-04:00,1.473524790623058,1.5728634742839267,1.473524790623058,1.5231940746307373,815918,0.0,0.0
1978-06-08 00:00:00-04:00,1.5231939617958477,1.5563066226055366,1.4404115580758652,1.456967830657959,854004,0.0,0.0
1978-06-09 00:00:00-04:00,1.456967596163528,1.490080714225769,1.4072983238293564,1.490080714225769,445312,0.0,0.0
1978-06-12 00:00:00-04:00,1.4900808494141546,1.5066371208336446,1.423855185508728,1.423855185508728,182739,0.0,0.0
1978-06-13 00:00:00-04:00,1.4238554128344945,1.4404116868972778,1.3907422864813686,1.4404116868972778,233276,0.0,0.0
1978-06-14 00:00:00-04:00,1.4404118170286158,1.456968092587145,1.4072988033294678,1.4072988033294678,196655,0.0,0.0
1978-06-15 00:00:00-04:00,1.407298812461697,1.407298812461697,1.3907424211502075,1.3907424211502075,184937,0.0,0.0
1978-06-16 00:00:00-04:00,1.3907421883250817,1.4072985768648543,1.3576291799545288,1.3576291799545288,181274,0.0,0.0
1978-06-19 00:00:00-04:00,1.3576289559203576,1.3576289559203576,1.3079595672064104,1.3245164155960083,231079,0.0,0.0
1978-06-20 00:00:00-04:00,1.3245164155960083,1.3576289559203576,1.3245164155960083,1.3245164155960083,97412,0.0,0.0
1978-06-21 00:00:00-04:00,1.324516646271276,1.324516646271276,1.2914035219525857,1.307959794998169,130371,0.0,0.0
1978-06-22 00:00:00-04:00,1.3079597830442034,1.3741859154308127,1.2914035101499346,1.3576291799545288,166992,0.0,0.0
1978-06-23 00:00:00-04:00,1.3741861454842415,1.407298812461697,1.3741861454842415,1.3907424211502075,209106,0.0,0.0
1978-06-26 00:00:00-04:00,1.390742072062575,1.4072984592182756,1.3576290664601853,1.3741858005523682,162598,0.0,0.0
1978-06-27 00:00:00-04:00,1.3741859154308127,1.3907421883250817,1.3245166341659909,1.3576291799545288,176147,0.0,0.0
1978-06-28 00:00:00-04:00,1.3576291923624428,1.3576291923624428,1.307959794998169,1.307959794998169,79834,0.0,0.0
1978-06-29 00:00:00-04:00,1.3245166439677682,1.3576291900013477,1.3245166439677682,1.341072916984558,100708,0.0,0.0
1978-06-30 00:00:00-04:00,1.341072685758183,1.374185688664471,1.3245164155960083,1.3245164155960083,203979,0.0,0.0
1978-07-03 00:00:00-04:00,1.3410729070602598,1.3576291799545288,1.3410729070602598,1.3576291799545288,25269,0.0,0.0
1978-07-05 00:00:00-04:00,1.3410729193168596,1.3410729193168596,1.307959794998169,1.307959794998169,82764,0.0,0.0
1978-07-06 00:00:00-04:00,1.307959794998169,1.307959794998169,1.2914035219525857,1.307959794998169,52368,0.0,0.0
1978-07-07 00:00:00-04:00,1.3079597927234556,1.341072916984558,1.2914035197066658,1.341072916984558,124512,0.0,0.0
1978-07-10 00:00:00-04:00,1.341072685758183,1.341072685758183,1.3079595672064104,1.3245164155960083,57495,0.0,0.0
1978-07-11 00:00:00-04:00,1.3245168559042504,1.3907424211502075,1.3079600020106688,1.3907424211502075,272095,0.0,0.0
1978-07-12 00:00:00-04:00,1.3907420644422812,1.4735245779946649,1.3741857930227914,1.423855185508728,442383,0.0,0.0
1978-07-13 00:00:00-04:00,1.4238549478509634,1.5066368693586254,1.4072982166130088,1.4735243320465088,661377,0.0,0.0
1978-07-14 00:00:00-04:00,1.490080714225769,1.5397501022054236,1.490080714225769,1.490080714225769,452637,0.0,0.0
1978-07-17 00:00:00-04:00,1.490080600702567,1.52319360059658,1.4735243320465088,1.4735243320465088,231812,0.0,0.0
1978-07-18 00:00:00-04:00,1.473524813250404,1.4900810873131873,1.4404116868972778,1.4404116868972778,116821,0.0,0.0
1978-07-19 00:00:00-04:00,1.456967596163528,1.5066369841431824,1.456967596163528,1.490080714225769,139893,0.0,0.0
1978-07-20 00:00:00-04:00,1.4900812968512294,1.5397507042517447,1.4900812968512294,1.5066375732421875,433960,0.0,0.0
1978-07-21 00:00:00-04:00,1.5066372266317478,1.5066372266317478,1.4238552854937716,1.456967830657959,262573,0.0,0.0
1978-07-24 00:00:00-04:00,1.456967830657959,1.4735246814675604,1.4404115580758652,1.456967830657959,73242,0.0,0.0
1978-07-25 00:00:00-04:00,1.45696748516308,1.4735243320465088,1.4072982166130088,1.4735243320465088,188232,0.0,0.0
1978-07-26 00:00:00-04:00,1.4735246814675604,1.490080954049654,1.456967830657959,1.456967830657959,139893,0.0,0.0
1978-07-27 00:00:00-04:00,1.4404116868972778,1.4404116868972778,1.4238554128344945,1.4404116868972778,70312,0.0,0.0
1978-07-28 00:00:00-04:00,1.440411456928218,1.4569677283477078,1.4072984515072646,1.423855185508728,105103,0.0,0.0
1978-07-31 00:00:00-04:00,1.4238553123411382,1.440411585235407,1.3576291799545288,1.3576291799545288,169556,0.0,0.0
1978-08-01 00:00:00-04:00,1.3576294072361828,1.407298812461697,1.3576294072361828,1.3907424211502075,392578,0.0,0.0
1978-08-02 00:00:00-04:00,1.3907420644422812,1.4569677283477078,1.3907420644422812,1.423855185508728,312012,0.0,0.0
1978-08-03 00:00:00-04:00,1.4238551933104584,1.4569677363308717,1.3741858005523682,1.3741858005523682,573853,0.0,0.0
1978-08-04 00:00:00-04:00,1.3741861365668866,1.4404118170286158,1.324516847309209,1.4072988033294678,452637,0.0,0.0
1978-08-07 00:00:00-04:00,1.4072988033294678,1.4900812219318156,1.390742412125416,1.4072988033294678,559204,0.0,0.0
1978-08-08 00:00:00-04:00,1.4072986761896638,1.4404116868972778,1.4072986761896638,1.4404116868972778,229614,0.0,0.0
1978-08-09 00:00:00-04:00,1.440411456928218,1.4735245779946649,1.423855185508728,1.423855185508728,383789,0.0,0.0
1978-08-10 00:00:00-04:00,1.4404116647784146,1.55630673789334,1.4404116647784146,1.5231940746307373,529907,0.0,0.0
1978-08-11 00:00:00-04:00,1.5231940746307373,1.55630673789334,1.5231940746307373,1.5231940746307373,294800,0.0,0.0
1978-08-14 00:00:00-04:00,1.5231943122152583,1.5397507042517447,1.4735250204602712,1.5066375732421875,197021,0.0,0.0
1978-08-15 00:00:00-04:00,1.5066368693586254,1.5066368693586254,1.4735243320465088,1.4735243320465088,84595,0.0,0.0
1978-08-16 00:00:00-04:00,1.4900812968512294,1.5066375732421875,1.4900812968512294,1.5066375732421875,189331,0.0,0.0
1978-08-17 00:00:00-04:00,1.5231939359170579,1.6225327261768874,1.5231939359170579,1.5894196033477783,1213989,0.0,0.0
1978-08-18 00:00:00-04:00,1.5894199528515511,1.639089358903466,1.5894199528515511,1.6225330829620361,453735,0.0,0.0
1978-08-21 00:00:00-04:00,1.622532612828585,1.6390888839727882,1.572863221168518,1.572863221168518,264038,0.0,0.0
1978-08-22 00:00:00-04:00,1.5728633310469726,1.6059759912940836,1.5728633310469726,1.5894196033477783,192993,0.0,0.0
1978-08-23 00:00:00-04:00,1.5894199528515511,1.639089358903466,1.5894199528515511,1.6225330829620361,256348,0.0,0.0
1978-08-24 00:00:00-04:00,1.622532612828585,1.622532612828585,1.572863221168518,1.572863221168518,178345,0.0,0.0
1978-08-25 00:00:00-04:00,1.5728635764553514,1.5894198513393745,1.5563068389892578,1.5563068389892578,140991,0.0,0.0
1978-08-28 00:00:00-04:00,1.5397504640847937,1.5397504640847937,1.4900810644316043,1.5231940746307373,186401,0.0,0.0
1978-08-29 00:00:00-04:00,1.5231940746307373,1.55630673789334,1.4900810644316043,1.5231940746307373,188232,0.0,0.0
1978-08-30 00:00:00-04:00,1.6225327161060947,1.6887583831257633,1.6225327161060947,1.6390889883041382,689575,0.0,0.0
1978-08-31 00:00:00-04:00,1.655645705474128,1.7218718528747559,1.655645705474128,1.7218718528747559,647095,0.0,0.0
1978-09-01 00:00:00-04:00,1.7218718528747559,1.7384282451680004,1.7053151136449216,1.7218718528747559,433960,0.0,0.0
1978-09-05 00:00:00-04:00,1.7218714911918134,1.7384278800073516,1.6556453577021326,1.7053147554397583,1741699,0.0,0.0
1978-09-06 00:00:00-04:00,1.705314655323807,1.705314655323807,1.6390889883041382,1.6390889883041382,286377,0.0,0.0
1978-09-07 00:00:00-04:00,1.6390889883041382,1.6390889883041382,1.6059759813260557,1.6390889883041382,198853,0.0,0.0
1978-09-08 00:00:00-04:00,1.6390894288264135,1.7384282451680004,1.622533152178699,1.7218718528747559,400269,0.0,0.0
1978-09-11 00:00:00-04:00,1.7218714911918134,1.7384278800073516,1.688758482269726,1.7053147554397583,432495,0.0,0.0
1978-09-12 00:00:00-04:00,1.7053147554397583,1.7053147554397583,1.6722022090996933,1.7053147554397583,146851,0.0,0.0
1978-09-13 00:00:00-04:00,1.705314655323807,1.705314655323807,1.6390889883041382,1.6390889883041382,169556,0.0,0.0
1978-09-14 00:00:00-04:00,1.6225321181590266,1.6225321181590266,1.589419007738524,1.6059753894805908,448608,0.0,0.0
1978-09-15 00:00:00-04:00,1.5894194923127212,1.5894194923127212,1.556306487442349,1.572863221168518,428833,0.0,0.0
1978-09-18 00:00:00-04:00,1.5728637196157735,1.6225331270162886,1.5066375732421875,1.5066375732421875,220093,0.0,0.0
1978-09-19 00:00:00-04:00,1.5066368693586254,1.52319360059658,1.4735243320465088,1.4735243320465088,276489,0.0,0.0
1978-09-20 00:00:00-04:00,1.473524813250404,1.473524813250404,1.4072986761896638,1.4404116868972778,269531,0.0,0.0
1978-09-21 00:00:00-04:00,1.4404114648206652,1.4404114648206652,1.3741858005523682,1.3741858005523682,230347,0.0,0.0
1978-09-22 00:00:00-04:00,1.3741859256001558,1.40729858727924,1.341072916984558,1.341072916984558,195557,0.0,0.0
1978-09-25 00:00:00-04:00,1.357629398426268,1.4072988033294678,1.357629398426268,1.4072988033294678,134399,0.0,0.0
1978-09-26 00:00:00-04:00,1.4404115580758652,1.4735246814675604,1.4404115580758652,1.456967830657959,139160,0.0,0.0
1978-09-27 00:00:00-04:00,1.456968092587145,1.4735249463732862,1.4072988033294678,1.4072988033294678,140991,0.0,0.0
1978-09-28 00:00:00-04:00,1.407298812461697,1.4238555507097554,1.3907424211502075,1.3907424211502075,138794,0.0,0.0
1978-09-29 00:00:00-04:00,1.3907420644422812,1.423855185508728,1.3907420644422812,1.423855185508728,151245,0.0,0.0
1978-10-02 00:00:00-04:00,1.4238555507097554,1.4404118263757215,1.3907424211502075,1.3907424211502075,58228,0.0,0.0
1978-10-03 00:00:00-04:00,1.390742412125416,1.4238555414700864,1.390742412125416,1.4072988033294678,136230,0.0,0.0
1978-10-04 00:00:00-04:00,1.407298812461697,1.407298812461697,1.3907424211502075,1.3907424211502075,94482,0.0,0.0
1978-10-05 00:00:00-04:00,1.390742412125416,1.4238555414700864,1.390742412125416,1.4072988033294678,105469,0.0,0.0
1978-10-06 00:00:00-04:00,1.4072986761896638,1.4404116868972778,1.4072986761896638,1.4404116868972778,222656,0.0,0.0
1978-10-09 00:00:00-04:00,1.4404115580758652,1.456967830657959,1.4404115580758652,1.456967830657959,113159,0.0,0.0
1978-10-10 00:00:00-04:00,1.4569679609600612,1.473524813250404,1.4404116868972778,1.4404116868972778,285278,0.0,0.0
1978-10-11 00:00:00-04:00,1.4404115580758652,1.456967830657959,1.4238552854937716,1.456967830657959,55664,0.0,0.0
1978-10-12 00:00:00-04:00,1.4569677283477078,1.4569677283477078,1.423855185508728,1.423855185508728,214966,0.0,0.0
1978-10-13 00:00:00-04:00,1.4238555414700864,1.4404118170286158,1.390742412125416,1.4072988033294678,99976,0.0,0.0
1978-10-16 00:00:00-04:00,1.40729858727924,1.40729858727924,1.341072916984558,1.341072916984558,133667,0.0,0.0
1978-10-17 00:00:00-04:00,1.3245159230094932,1.3245159230094932,1.2748465527675488,1.291402816772461,221191,0.0,0.0
1978-10-18 00:00:00-04:00,1.2914031734024611,1.3079594419795024,1.2251775208669287,1.2417337894439697,183472,0.0,0.0
1978-10-19 00:00:00-04:00,1.2417337911484034,1.25829005974817,1.1423951387405396,1.1423951387405396,199585,0.0,0.0
1978-10-20 00:00:00-04:00,1.1423956283025165,1.1423956283025165,1.076169947295742,1.125839352607727,432129,0.0,0.0
1978-10-23 00:00:00-04:00,1.125839212081867,1.17550849554867,1.125839212081867,1.158951759338379,248291,0.0,0.0
1978-10-24 00:00:00-04:00,1.158951759338379,1.192064884822435,1.142395485710123,1.158951759338379,209473,0.0,0.0
1978-10-25 00:00:00-04:00,1.158951759338379,1.192064884822435,1.142395485710123,1.158951759338379,189331,0.0,0.0
1978-10-26 00:00:00-04:00,1.1589519039973062,1.1589519039973062,1.125839352607727,1.125839352607727,159668,0.0,0.0
1978-10-27 00:00:00-04:00,1.1258389976176668,1.1258389976176668,0.9933872147856038,1.0099434852600098,262573,0.0,0.0
1978-10-30 00:00:00-05:00,0.960273744120123,0.960273744120123,0.8774918438213386,0.9437174797058105,370605,0.0,0.0
1978-10-31 00:00:00-05:00,0.9437178984837358,0.9933872919948523,0.9106048345565796,0.9106048345565796,418945,0.0,0.0
1978-11-01 00:00:00-05:00,0.9271616106081852,1.0430566167824256,0.9271616106081852,1.0265003442764282,285278,0.0,0.0
1978-11-02 00:00:00-05:00,1.0265003442764282,1.076169740021925,1.009943609188427,1.0265003442764282,256348,0.0,0.0
1978-11-03 00:00:00-05:00,1.0265002929787745,1.0265002929787745,0.9768308997154236,0.9768308997154236,309082,0.0,0.0
1978-11-06 00:00:00-05:00,0.9768308997154236,1.0099435587181687,0.9768308997154236,0.9768308997154236,131836,0.0,0.0
1978-11-07 00:00:00-05:00,0.9602741702449483,0.9602741702449483,0.860935441045463,0.9106048345565796,826904,0.0,0.0
1978-11-08 00:00:00-05:00,0.9106044304726856,0.9437174797058105,0.9106044304726856,0.9437174797058105,132568,0.0,0.0
1978-11-09 00:00:00-05:00,0.9437174797058105,0.960273744120123,0.9437174797058105,0.9437174797058105,61890,0.0,0.0
1978-11-10 00:00:00-05:00,0.9437175368633607,0.960273802280426,0.9437175368633607,0.960273802280426,58228,0.0,0.0
1978-11-13 00:00:00-05:00,0.9602741777735028,0.9602741777735028,0.8774922400909504,0.8940485119819641,160767,0.0,0.0
1978-11-14 00:00:00-05:00,0.8940484603420787,0.9106047890995539,0.8774921894073486,0.8774921894073486,105469,0.0,0.0
1978-11-15 00:00:00-05:00,0.8774922400909504,0.9106048416957263,0.8774922400909504,0.8940485119819641,145386,0.0,0.0
1978-11-16 00:00:00-05:00,0.8940484354843,1.0099434852600098,0.8940484354843,1.0099434852600098,272095,0.0,0.0
1978-11-17 00:00:00-05:00,1.0099435587181687,1.0430565646573995,0.9768308997154236,0.9768308997154236,126709,0.0,0.0
1978-11-20 00:00:00-05:00,0.9768309485309316,1.0596130049339236,0.9768309485309316,1.0265003442764282,213501,0.0,0.0
1978-11-21 00:00:00-05:00,1.026500218316363,1.043056488790769,1.0099434852600098,1.0099434852600098,42480,0.0,0.0
1978-11-22 00:00:00-05:00,1.0099433716934285,1.0265001028880028,0.9933871030807495,0.9933871030807495,67017,0.0,0.0
1978-11-24 00:00:00-05:00,0.9933871030807495,1.0265001028880028,0.9933871030807495,0.9933871030807495,51270,0.0,0.0
1978-11-27 00:00:00-05:00,1.0099434852600098,1.026500218316363,1.0099434852600098,1.0099434852600098,98145,0.0,0.0
1978-11-28 00:00:00-05:00,1.009943609188427,1.0430566167824256,1.009943609188427,1.0265003442764282,79468,0.0,0.0
1978-11-29 00:00:00-05:00,1.0099433716934285,1.0099433716934285,0.9768307188225968,0.9933871030807495,53467,0.0,0.0
1978-11-30 00:00:00-05:00,0.9933871030807495,0.9933871030807495,0.9768307188225968,0.9933871030807495,121582,0.0,0.0
1978-12-01 00:00:00-05:00,0.9933873366824297,1.0430566167824256,0.9933873366824297,1.0265003442764282,113159,0.0,0.0
1978-12-04 00:00:00-05:00,1.0265006475830014,1.1092826128005981,1.0099439076028764,1.1092826128005981,166992,0.0,0.0
1978-12-05 00:00:00-05:00,1.1092824986853211,1.1423956283025165,1.0927262229905315,1.125839352607727,277222,0.0,0.0
1978-12-06 00:00:00-05:00,1.125839352607727,1.1589519039973062,1.125839352607727,1.125839352607727,145020,0.0,0.0
1978-12-07 00:00:00-05:00,1.125839352607727,1.1423956283025165,1.1092824986853211,1.125839352607727,95581,0.0,0.0
1978-12-08 00:00:00-05:00,1.125839237648056,1.142395511652281,1.0927261114120483,1.0927261114120483,60425,0.0,0.0
1978-12-11 00:00:00-05:00,1.0927258736004317,1.1092821440014902,1.0430564841698249,1.0596128702163696,145020,0.0,0.0
1978-12-12 00:00:00-05:00,1.0596128749106617,1.0596128749106617,1.0099434852600098,1.0099434852600098,43579,0.0,0.0
1978-12-13 00:00:00-05:00,1.0099433716934285,1.0265001028880028,0.9768307188225968,0.9933871030807495,136230,0.0,0.0
1978-12-14 00:00:00-05:00,1.0099434852600098,1.043056488790769,1.0099434852600098,1.0099434852600098,303589,0.0,0.0
1978-12-15 00:00:00-05:00,1.0099431767588796,1.0099431767588796,0.960273802280426,0.960273802280426,86792,0.0,0.0
1978-12-18 00:00:00-05:00,0.9437174793622015,0.9437174793622015,0.8940481079101266,0.9271611571311951,197388,0.0,0.0
1978-12-19 00:00:00-05:00,0.9271615688997754,0.9271615688997754,0.8940485049726192,0.9106048345565796,113892,0.0,0.0
1978-12-20 00:00:00-05:00,0.9106044304726856,0.9437174797058105,0.9106044304726856,0.9437174797058105,61890,0.0,0.0
1978-12-21 00:00:00-05:00,0.9437177190153435,1.0099433716934285,0.9271613925799277,0.9933871030807495,246460,0.0,0.0
1978-12-22 00:00:00-05:00,0.9933871005351665,1.0596127530435464,0.9768307163194401,1.0430563688278198,154907,0.0,0.0
1978-12-26 00:00:00-05:00,1.0430566167824256,1.0596130049339236,0.9933873366824297,1.0265003442764282,110229,0.0,0.0
1978-12-27 00:00:00-05:00,1.0265003442764282,1.0265003442764282,0.9768309485309316,1.0265003442764282,65918,0.0,0.0
1978-12-28 00:00:00-05:00,1.0099433716934285,1.0099433716934285,0.9768307188225968,0.9933871030807495,138428,0.0,0.0
1978-12-29 00:00:00-05:00,0.9933871030807495,1.0099433716934285,0.9602739876280225,0.9933871030807495,219360,0.0,0.0
1979-01-02 00:00:00-05:00,0.9933871030807495,0.9933871030807495,0.9768307188225968,0.9933871030807495,91187,0.0,0.0
1979-01-03 00:00:00-05:00,1.0099434807857628,1.0927258736004317,1.0099434807857628,1.0596128702163696,436157,0.0,0.0
1979-01-04 00:00:00-05:00,1.0596127530435464,1.0927257527659464,1.0430563688278198,1.0430563688278198,128540,0.0,0.0
1979-01-05 00:00:00-05:00,1.0430564841698249,1.0927258736004317,1.0430564841698249,1.0596128702163696,121948,0.0,0.0
1979-01-08 00:00:00-05:00,1.0596127549324426,1.1423951387405396,1.0596127549324426,1.1423951387405396,235107,0.0,0.0
1979-01-09 00:00:00-05:00,1.1092823854162734,1.1092823854162734,1.0430567111718159,1.0927261114120483,248657,0.0,0.0
1979-01-10 00:00:00-05:00,1.0927260015728004,1.0927260015728004,1.0596129943107764,1.076169729232788,101440,0.0,0.0
1979-01-11 00:00:00-05:00,1.0596127530435464,1.0596127530435464,0.9768307163194401,1.0430563688278198,208008,0.0,0.0
1979-01-12 00:00:00-05:00,1.0430563688278198,1.0430563688278198,1.0099433691054196,1.0430563688278198,307617,0.0,0.0
1979-01-15 00:00:00-05:00,1.0430566167824256,1.0430566167824256,1.0265003442764282,1.0265003442764282,118652,0.0,0.0
1979-01-16 00:00:00-05:00,1.026500218316363,1.043056488790769,1.0099434852600098,1.0099434852600098,99243,0.0,0.0
1979-01-17 00:00:00-05:00,1.0099433716934285,1.0265001028880028,0.9933871030807495,0.9933871030807495,68115,0.0,0.0
1979-01-18 00:00:00-05:00,1.0099433691054196,1.0430563688278198,1.0099433691054196,1.0430563688278198,200684,0.0,0.0
1979-01-19 00:00:00-05:00,1.0430566167824256,1.0430566167824256,1.009943609188427,1.0265003442764282,118652,0.0,0.0
1979-01-22 00:00:00-05:00,1.0265001002575667,1.0430563688278198,1.0099433691054196,1.0430563688278198,55298,0.0,0.0
1979-01-23 00:00:00-05:00,1.0430566167824256,1.0596130049339236,1.0265003442764282,1.0265003442764282,44678,0.0,0.0
1979-01-24 00:00:00-05:00,1.0265003442764282,1.0430566167824256,1.0265003442764282,1.0265003442764282,127441,0.0,0.0
1979-01-25 00:00:00-05:00,1.026500218316363,1.026500218316363,1.0099434852600098,1.0099434852600098,62256,0.0,0.0
1979-01-26 00:00:00-05:00,1.009943609188427,1.0265003442764282,1.009943609188427,1.0265003442764282,33691,0.0,0.0
1979-01-29 00:00:00-05:00,1.0265002137687664,1.0761696031993733,1.0099434807857628,1.0596128702163696,190796,0.0,0.0
1979-01-30 00:00:00-05:00,1.0596130049339236,1.0596130049339236,1.0265003442764282,1.0265003442764282,57495,0.0,0.0
1979-01-31 00:00:00-05:00,1.0265001028880028,1.0596127557588344,0.9933871030807495,0.9933871030807495,68481,0.0,0.0
1979-02-01 00:00:00-05:00,0.9933871030807495,1.0099433716934285,0.9933871030807495,0.9933871030807495,26001,0.0,0.0
1979-02-02 00:00:00-05:00,0.9933872147856038,1.026500218316363,0.9933872147856038,1.0099434852600098,86060,0.0,0.0
1979-02-05 00:00:00-05:00,1.0099433716934285,1.0265001028880028,0.9768307188225968,0.9933871030807495,107300,0.0,0.0
1979-02-06 00:00:00-05:00,0.9933871030807495,0.9933871030807495,0.9602739876280225,0.9933871030807495,63354,0.0,0.0
1979-02-07 00:00:00-05:00,0.9933869113418143,0.9933869113418143,0.9437175368633607,0.960273802280426,135498,0.0,0.0
1979-02-08 00:00:00-05:00,0.9602739876280225,0.9933871030807495,0.9437177190153435,0.9933871030807495,97046,0.0,0.0
1979-02-09 00:00:00-05:00,0.9768308997154236,0.9768308997154236,0.9602741654548177,0.9768308997154236,44312,0.0,0.0
1979-02-12 00:00:00-05:00,0.9768308997154236,0.9933872870395438,0.9602741654548177,0.9768308997154236,52368,0.0,0.0
1979-02-13 00:00:00-05:00,0.9768309485309316,1.0265003442764282,0.9768309485309316,1.0265003442764282,61890,0.0,0.0
1979-02-14 00:00:00-05:00,1.0265001028880028,1.0265001028880028,0.9768307188225968,0.9933871030807495,76172,0.0,0.0
1979-02-15 00:00:00-05:00,0.9933871030807495,0.9933871030807495,0.9768307188225968,0.9933871030807495,35889,0.0,0.0
1979-02-16 00:00:00-05:00,0.9933869113418143,0.9933869113418143,0.960273802280426,0.960273802280426,33691,0.0,0.0
1979-02-20 00:00:00-05:00,0.960273802280426,0.9768305302792974,0.960273802280426,0.960273802280426,80566,0.0,0.0
1979-02-21 00:00:00-05:00,0.9602737437704858,0.9768304707605477,0.9271611571311951,0.9271611571311951,93018,0.0,0.0
1979-02-22 00:00:00-05:00,0.9271611574687759,0.960273744120123,0.9271611574687759,0.9437174797058105,43579,0.0,0.0
1979-02-23 00:00:00-05:00,0.9437175368633607,0.960273802280426,0.9437175368633607,0.960273802280426,48706,0.0,0.0
1979-02-26 00:00:00-05:00,0.960273744120123,0.960273744120123,0.9271611574687759,0.9437174797058105,73975,0.0,0.0
1979-02-27 00:00:00-05:00,0.943717905882489,0.943717905882489,0.8940485119819641,0.8940485119819641,76538,0.0,0.0
1979-02-28 00:00:00-05:00,0.8940484603420787,0.9106047890995539,0.8774921894073486,0.8774921894073486,101440,0.0,0.0
1979-03-01 00:00:00-05:00,0.8940481079101266,0.9271611571311951,0.8940481079101266,0.9271611571311951,121582,0.0,0.0
1979-03-02 00:00:00-05:00,0.9271612136235696,0.960273802280426,0.9106044856246982,0.960273802280426,188965,0.0,0.0
1979-03-05 00:00:00-05:00,0.960273802280426,0.9933869113418143,0.960273802280426,0.960273802280426,121216,0.0,0.0
1979-03-06 00:00:00-05:00,0.9602737437704858,0.9768304707605477,0.9271611571311951,0.9271611571311951,48706,0.0,0.0
1979-03-07 00:00:00-05:00,0.9271611574687759,0.960273744120123,0.9271611574687759,0.9437174797058105,41016,0.0,0.0
1979-03-08 00:00:00-05:00,0.9437174797058105,0.960273744120123,0.9437174797058105,0.9437174797058105,73242,0.0,0.0
1979-03-09 00:00:00-05:00,0.9437175368633607,0.960273802280426,0.9437175368633607,0.960273802280426,79102,0.0,0.0
1979-03-12 00:00:00-05:00,0.960273802280426,0.9768305302792974,0.960273802280426,0.960273802280426,35889,0.0,0.0
1979-03-13 00:00:00-05:00,0.9768309485309316,1.076169740021925,0.9768309485309316,1.0265003442764282,327026,0.0,0.0
1979-03-14 00:00:00-05:00,1.026500218316363,1.043056488790769,1.0099434852600098,1.0099434852600098,92285,0.0,0.0
1979-03-15 00:00:00-05:00,1.009943609188427,1.0430566167824256,1.009943609188427,1.0265003442764282,97046,0.0,0.0
1979-03-16 00:00:00-05:00,1.026500218316363,1.043056488790769,1.0099434852600098,1.0099434852600098,81299,0.0,0.0
1979-03-19 00:00:00-05:00,1.009943609188427,1.0265003442764282,0.9768309485309316,1.0265003442764282,77271,0.0,0.0
1979-03-20 00:00:00-05:00,1.0265003442764282,1.0265003442764282,1.009943609188427,1.0265003442764282,83496,0.0,0.0
1979-03-21 00:00:00-05:00,1.0265003442764282,1.0265003442764282,1.009943609188427,1.0265003442764282,69946,0.0,0.0
1979-03-22 00:00:00-05:00,1.0430566063252642,1.0927260015728004,1.0430566063252642,1.076169729232788,452637,0.0,0.0
1979-03-23 00:00:00-05:00,1.076169729232788,1.0927260015728004,1.0596129943107764,1.076169729232788,121582,0.0,0.0
1979-03-26 00:00:00-05:00,1.0596130049339236,1.0596130049339236,1.0265003442764282,1.0265003442764282,82397,0.0,0.0
1979-03-27 00:00:00-05:00,1.0265006475830014,1.1092826128005981,1.0265006475830014,1.1092826128005981,220825,0.0,0.0
1979-03-28 00:00:00-05:00,1.1092820233136376,1.175508138521968,1.1092820233136376,1.1423951387405396,471313,0.0,0.0
1979-03-29 00:00:00-05:00,1.1589522004120887,1.2251783609390259,1.1589522004120887,1.2251783609390259,607178,0.0,0.0
1979-03-30 00:00:00-05:00,1.2251775208669287,1.2748469048254198,1.2251775208669287,1.2417337894439697,577515,0.0,0.0
1979-04-02 00:00:00-05:00,1.2251775256708857,1.2251775256708857,1.1755081415176392,1.1755081415176392,156006,0.0,0.0
1979-04-03 00:00:00-05:00,1.1755084657700616,1.258290410041809,1.1755084657700616,1.258290410041809,316772,0.0,0.0
1979-04-04 00:00:00-05:00,1.258290058021011,1.2914031734024611,1.2251775208669287,1.2417337894439697,257446,0.0,0.0
1979-04-05 00:00:00-05:00,1.2417346408682663,1.2748477789545114,1.208621618427574,1.2251783609390259,193726,0.0,0.0
1979-04-06 00:00:00-05:00,1.2251783609390259,1.2417346408682663,1.208621618427574,1.2251783609390259,134399,0.0,0.0
1979-04-09 00:00:00-05:00,1.2251773969418243,1.2251773969418243,1.1920644005551841,1.2086206674575806,98145,0.0,0.0
1979-04-10 00:00:00-05:00,1.208621618427574,1.2251783609390259,1.1920653384983337,1.2251783609390259,137695,0.0,0.0
1979-04-11 00:00:00-05:00,1.2251775256708857,1.2251775256708857,1.1589514102937843,1.1755081415176392,128906,0.0,0.0
1979-04-12 00:00:00-05:00,1.1755081415176392,1.192064525805072,1.1755081415176392,1.1755081415176392,102173,0.0,0.0
1979-04-16 00:00:00-05:00,1.1755089429235404,1.2251783609390259,1.1589522004120887,1.2251783609390259,269897,0.0,0.0
1979-04-17 00:00:00-05:00,1.2086213966343575,1.2086213966343575,1.1755087272068052,1.1920651197433472,83496,0.0,0.0
1979-04-18 00:00:00-05:00,1.1920651197433472,1.2086213966343575,1.1755087272068052,1.1920651197433472,106934,0.0,0.0
1979-04-19 00:00:00-05:00,1.1920645227672084,1.1920645227672084,1.1423951387405396,1.1423951387405396,81665,0.0,0.0
1979-04-20 00:00:00-05:00,1.1423951387405396,1.1589514073403062,1.1423951387405396,1.1423951387405396,42847,0.0,0.0
1979-04-23 00:00:00-05:00,1.1423957108426581,1.2086213966343575,1.1092825788329794,1.1920651197433472,359253,0.0,0.0
1979-04-24 00:00:00-05:00,1.2251778515427285,1.307959794998169,1.2251778515427285,1.307959794998169,573853,0.0,0.0
1979-04-25 00:00:00-05:00,1.3079593264503961,1.3079593264503961,1.2582899468790893,1.2748467922210693,187500,0.0,0.0
1979-04-26 00:00:00-05:00,1.2748474528981588,1.2748474528981588,1.125839352607727,1.125839352607727,192993,0.0,0.0
1979-04-27 00:00:00-05:00,1.225177863624122,1.258290410041809,1.225177863624122,1.258290410041809,125977,0.0,0.0
1979-04-30 00:00:00-04:00,1.258290410041809,1.258290410041809,1.2417341368329655,1.258290410041809,123413,0.0,0.0
1979-05-01 00:00:00-04:00,1.258290058021011,1.2748469048254198,1.2417337894439697,1.2417337894439697,65918,0.0,0.0
1979-05-02 00:00:00-04:00,1.2417346408682663,1.2582909207975066,1.2251783609390259,1.2251783609390259,146851,0.0,0.0
1979-05-03 00:00:00-04:00,1.2251783609390259,1.2417346408682663,1.208621618427574,1.2251783609390259,49438,0.0,0.0
1979-05-04 00:00:00-04:00,1.2251773969418243,1.2417336638442205,1.2086206674575806,1.2086206674575806,102173,0.0,0.0
1979-05-07 00:00:00-04:00,1.1920645227672084,1.1920645227672084,1.1423951387405396,1.1423951387405396,135132,0.0,0.0
1979-05-08 00:00:00-04:00,1.1423956283025165,1.1423956283025165,1.125839352607727,1.125839352607727,77271,0.0,0.0
1979-05-09 00:00:00-04:00,1.142395485710123,1.17550849554867,1.142395485710123,1.158951759338379,61890,0.0,0.0
1979-05-10 00:00:00-04:00,1.158951759338379,1.17550849554867,1.158951759338379,1.158951759338379,57861,0.0,0.0
1979-05-11 00:00:00-04:00,1.158951759338379,1.17550849554867,1.158951759338379,1.158951759338379,32227,0.0,0.0
1979-05-14 00:00:00-04:00,1.1589514073403062,1.1589514073403062,1.1423951387405396,1.1423951387405396,69946,0.0,0.0
1979-05-15 00:00:00-04:00,1.1423951387405396,1.1589514073403062,1.1423951387405396,1.1423951387405396,36987,0.0,0.0
1979-05-16 00:00:00-04:00,1.1423951387405396,1.1589514073403062,1.1423951387405396,1.1423951387405396,45776,0.0,0.0
1979-05-17 00:00:00-04:00,1.1589512885230824,1.2086206674575806,1.1589512885230824,1.2086206674575806,96313,0.0,0.0
1979-05-18 00:00:00-04:00,1.192064525805072,1.192064525805072,1.1755081415176392,1.1755081415176392,35889,0.0,0.0
1979-05-21 00:00:00-04:00,1.1755087272068052,1.1920651197433472,1.1755087272068052,1.1920651197433472,88257,0.0,0.0
1979-05-22 00:00:00-04:00,1.192064884822435,1.192064884822435,1.125839212081867,1.158951759338379,482300,0.0,0.0
1979-05-23 00:00:00-04:00,1.1589517856565061,1.1589517856565061,1.0927261114120483,1.0927261114120483,148315,0.0,0.0
1979-05-24 00:00:00-04:00,1.0927262229905315,1.125839352607727,1.0927262229905315,1.125839352607727,394409,0.0,0.0
1979-05-25 00:00:00-04:00,1.1258394684262583,1.1258394684262583,1.1092826128005981,1.1092826128005981,154907,0.0,0.0
1979-05-29 00:00:00-04:00,1.1092824986853211,1.1423956283025165,1.1092824986853211,1.125839352607727,119385,0.0,0.0
1979-05-30 00:00:00-04:00,1.1258391244803245,1.1258391244803245,1.076169729232788,1.076169729232788,67017,0.0,0.0
1979-05-31 00:00:00-04:00,1.0761696031993733,1.0761696031993733,1.0596128702163696,1.0596128702163696,166626,0.0,0.0
1979-06-01 00:00:00-04:00,1.0596127530435464,1.0596127530435464,1.0430563688278198,1.0430563688278198,69946,0.0,0.0
1979-06-04 00:00:00-04:00,1.0430564841698249,1.0761696031993733,1.0430564841698249,1.0596128702163696,37354,0.0,0.0
1979-06-05 00:00:00-04:00,1.076169947295742,1.125839352607727,1.076169947295742,1.125839352607727,97778,0.0,0.0
1979-06-06 00:00:00-04:00,1.1092823854162734,1.1092823854162734,1.0761698374078232,1.0927261114120483,90820,0.0,0.0
1979-06-07 00:00:00-04:00,1.0927260015728004,1.0927260015728004,1.076169729232788,1.076169729232788,48340,0.0,0.0
1979-06-08 00:00:00-04:00,1.076169729232788,1.0927260015728004,1.076169729232788,1.076169729232788,64819,0.0,0.0
1979-06-11 00:00:00-04:00,1.076169729232788,1.076169729232788,1.0596129943107764,1.076169729232788,45044,0.0,0.0
1979-06-12 00:00:00-04:00,1.076169729232788,1.0927260015728004,1.0596129943107764,1.076169729232788,95581,0.0,0.0
1979-06-13 00:00:00-04:00,1.076169486114104,1.1423951387405396,1.0596127549324426,1.1423951387405396,651489,0.0,0.0
1979-06-14 00:00:00-04:00,1.142395485710123,1.17550849554867,1.142395485710123,1.158951759338379,112793,0.0,0.0
1979-06-15 00:00:00-04:00,1.1589519877336685,1.2086213966343575,1.1589519877336685,1.1920651197433472,398437,0.0,0.0
1979-06-18 00:00:00-04:00,1.1920651197433472,1.2251781361074943,1.1920651197433472,1.1920651197433472,135132,0.0,0.0
1979-06-19 00:00:00-04:00,1.1920651197433472,1.2086213966343575,1.1755087272068052,1.1920651197433472,102173,0.0,0.0
1979-06-20 00:00:00-04:00,1.1920651197433472,1.1920651197433472,1.1589519877336685,1.1920651197433472,82031,0.0,0.0
1979-06-21 00:00:00-04:00,1.192064525805072,1.2086207944470309,1.1755081415176392,1.1755081415176392,467285,0.0,0.0
1979-06-22 00:00:00-04:00,1.17550849554867,1.192064884822435,1.158951759338379,1.158951759338379,94116,0.0,0.0
1979-06-25 00:00:00-04:00,1.1589520232222266,1.1589520232222266,1.1092826128005981,1.1092826128005981,114258,0.0,0.0
1979-06-26 00:00:00-04:00,1.1092826128005981,1.1423957458242424,1.1092826128005981,1.1092826128005981,64819,0.0,0.0
1979-06-27 00:00:00-04:00,1.1092826128005981,1.1258394684262583,1.1092826128005981,1.1092826128005981,68115,0.0,0.0
1979-06-28 00:00:00-04:00,1.1092824986853211,1.125839352607727,1.1092824986853211,1.125839352607727,28198,0.0,0.0
1979-06-29 00:00:00-04:00,1.125839237648056,1.125839237648056,1.0927261114120483,1.0927261114120483,48340,0.0,0.0
1979-07-02 00:00:00-04:00,1.0927260015728004,1.1092822739128128,1.076169729232788,1.076169729232788,93018,0.0,0.0
1979-07-03 00:00:00-04:00,1.076169729232788,1.076169729232788,1.0430566063252642,1.076169729232788,99976,0.0,0.0
1979-07-05 00:00:00-04:00,1.0761698374078232,1.1092823854162734,1.0761698374078232,1.0927261114120483,46509,0.0,0.0
1979-07-06 00:00:00-04:00,1.1092824986853211,1.125839352607727,1.1092824986853211,1.125839352607727,78735,0.0,0.0
1979-07-09 00:00:00-04:00,1.1258394684262583,1.1423957458242424,1.1092826128005981,1.1092826128005981,72510,0.0,0.0
1979-07-10 00:00:00-04:00,1.1092825788329794,1.1920651197433472,1.092726301941969,1.1920651197433472,1234863,0.0,0.0
1979-07-11 00:00:00-04:00,1.1920653384983337,1.2251783609390259,1.1589522004120887,1.2251783609390259,1525635,0.0,0.0
1979-07-12 00:00:00-04:00,1.2251775208669287,1.258290058021011,1.2251775208669287,1.2417337894439697,619263,0.0,0.0
1979-07-13 00:00:00-04:00,1.2251781361074943,1.2251781361074943,1.1920651197433472,1.1920651197433472,164429,0.0,0.0
1979-07-16 00:00:00-04:00,1.192064884822435,1.208621158450691,1.158951759338379,1.158951759338379,61523,0.0,0.0
1979-07-17 00:00:00-04:00,1.1589519039973062,1.1589519039973062,1.1092824986853211,1.125839352607727,194458,0.0,0.0
1979-07-18 00:00:00-04:00,1.125839352607727,1.125839352607727,1.0927262229905315,1.125839352607727,137329,0.0,0.0
1979-07-19 00:00:00-04:00,1.125839212081867,1.158951759338379,1.125839212081867,1.158951759338379,124878,0.0,0.0
1979-07-20 00:00:00-04:00,1.1589522004120887,1.2417346408682663,1.1423959204828482,1.2251783609390259,441284,0.0,0.0
1979-07-23 00:00:00-04:00,1.2251781361074943,1.2251781361074943,1.1755087272068052,1.1920651197433472,211304,0.0,0.0
1979-07-24 00:00:00-04:00,1.1920651197433472,1.2251781361074943,1.1920651197433472,1.1920651197433472,130737,0.0,0.0
1979-07-25 00:00:00-04:00,1.1920644158385825,1.2748467922210693,1.1920644158385825,1.2748467922210693,352661,0.0,0.0
1979-07-26 00:00:00-04:00,1.274847026882061,1.3245164155960083,1.2582901784924632,1.3245164155960083,1596680,0.0,0.0
1979-07-27 00:00:00-04:00,1.324516646271276,1.324516646271276,1.2748472489070024,1.307959794998169,525879,0.0,0.0
1979-07-30 00:00:00-04:00,1.3079595672064104,1.3245164155960083,1.274847026882061,1.3245164155960083,268799,0.0,0.0
1979-07-31 00:00:00-04:00,1.3245166341659909,1.3576291799545288,1.3079597830442034,1.3576291799545288,713379,0.0,0.0
1979-08-01 00:00:00-04:00,1.3576291799545288,1.3741859154308127,1.3410729070602598,1.3576291799545288,457764,0.0,0.0
1979-08-02 00:00:00-04:00,1.357629398426268,1.4238555414700864,1.3410731228677386,1.4072988033294678,944824,0.0,0.0
1979-08-03 00:00:00-04:00,1.407298812461697,1.4238555507097554,1.3741861454842415,1.3907424211502075,395142,0.0,0.0
1979-08-06 00:00:00-04:00,1.3907421883250817,1.3907421883250817,1.3576291799545288,1.3576291799545288,221191,0.0,0.0
1979-08-07 00:00:00-04:00,1.3576291900013477,1.3907421986169457,1.341072916984558,1.341072916984558,333618,0.0,0.0
1979-08-08 00:00:00-04:00,1.341072685758183,1.374185688664471,1.3079595672064104,1.3245164155960083,341309,0.0,0.0
1979-08-09 00:00:00-04:00,1.3245159230094932,1.3245159230094932,1.2748465527675488,1.291402816772461,214966,0.0,0.0
1979-08-10 00:00:00-04:00,1.2914035197066658,1.341072916984558,1.274847246689876,1.341072916984558,262573,0.0,0.0
1979-08-13 00:00:00-04:00,1.3410727949499786,1.3741858005523682,1.324516523439772,1.3741858005523682,428101,0.0,0.0
1979-08-14 00:00:00-04:00,1.3741859154308127,1.3741859154308127,1.3410729070602598,1.3576291799545288,270630,0.0,0.0
1979-08-15 00:00:00-04:00,1.3576291900013477,1.3741859256001558,1.3245166439677682,1.341072916984558,221558,0.0,0.0
1979-08-16 00:00:00-04:00,1.341072685758183,1.341072685758183,1.3079595672064104,1.3245164155960083,183105,0.0,0.0
1979-08-17 00:00:00-04:00,1.324516646271276,1.3410729193168596,1.2914035219525857,1.307959794998169,201050,0.0,0.0
1979-08-20 00:00:00-04:00,1.3079595672064104,1.3245164155960083,1.2914032970442357,1.3245164155960083,112427,0.0,0.0
1979-08-21 00:00:00-04:00,1.3079590807773729,1.3079590807773729,1.2748465527675488,1.291402816772461,159668,0.0,0.0
1979-08-22 00:00:00-04:00,1.2914032970442357,1.341072685758183,1.274847026882061,1.3245164155960083,359253,0.0,0.0
1979-08-23 00:00:00-04:00,1.3245164155960083,1.341072685758183,1.3245164155960083,1.3245164155960083,228516,0.0,0.0
1979-08-24 00:00:00-04:00,1.3245166439677682,1.341072916984558,1.3245166439677682,1.341072916984558,194458,0.0,0.0
1979-08-27 00:00:00-04:00,1.341072685758183,1.341072685758183,1.3079595672064104,1.3245164155960083,123047,0.0,0.0
1979-08-28 00:00:00-04:00,1.3245164155960083,1.3245164155960083,1.3079595672064104,1.3245164155960083,91919,0.0,0.0
1979-08-29 00:00:00-04:00,1.3245164155960083,1.341072685758183,1.2914032970442357,1.3245164155960083,161133,0.0,0.0
1979-08-30 00:00:00-04:00,1.307959794998169,1.307959794998169,1.307959794998169,1.307959794998169,39185,0.0,0.0
1979-08-31 00:00:00-04:00,1.2748469048254198,1.2748469048254198,1.208620789707993,1.2417337894439697,541626,0.0,0.0
1979-09-04 00:00:00-04:00,1.2417346408682663,1.2582909207975066,1.208621618427574,1.2251783609390259,134399,0.0,0.0
1979-09-05 00:00:00-04:00,1.2086213966343575,1.2086213966343575,1.1589519877336685,1.1920651197433472,161133,0.0,0.0
1979-09-06 00:00:00-04:00,1.1920651197433472,1.1920651197433472,1.1589519877336685,1.1920651197433472,97778,0.0,0.0
1979-09-07 00:00:00-04:00,1.1920651197433472,1.2086213966343575,1.1755087272068052,1.1920651197433472,96313,0.0,0.0
1979-09-10 00:00:00-04:00,1.192064884822435,1.208621158450691,1.158951759338379,1.158951759338379,78735,0.0,0.0
1979-09-11 00:00:00-04:00,1.1589514102937843,1.192064525805072,1.1589514102937843,1.1755081415176392,116089,0.0,0.0
1979-09-12 00:00:00-04:00,1.17550849554867,1.17550849554867,1.142395485710123,1.158951759338379,123779,0.0,0.0
1979-09-13 00:00:00-04:00,1.1589519877336685,1.2582906898895148,1.1589519877336685,1.1920651197433472,315308,0.0,0.0
1979-09-14 00:00:00-04:00,1.1920644005551841,1.2086206674575806,1.175508018007326,1.2086206674575806,110229,0.0,0.0
1979-09-17 00:00:00-04:00,1.2086213966343575,1.2086213966343575,1.1755087272068052,1.1920651197433472,127441,0.0,0.0
1979-09-18 00:00:00-04:00,1.17550849554867,1.17550849554867,1.142395485710123,1.158951759338379,108398,0.0,0.0
1979-09-19 00:00:00-04:00,1.1589522004120887,1.2251783609390259,1.125839640553608,1.2251783609390259,373169,0.0,0.0
1979-09-20 00:00:00-04:00,1.2086213966343575,1.2086213966343575,1.1920651197433472,1.1920651197433472,128906,0.0,0.0
1979-09-21 00:00:00-04:00,1.1920651197433472,1.2251781361074943,1.1755087272068052,1.1920651197433472,92285,0.0,0.0
1979-09-24 00:00:00-04:00,1.192064884822435,1.192064884822435,1.142395485710123,1.158951759338379,110229,0.0,0.0
1979-09-25 00:00:00-04:00,1.158951759338379,1.158951759338379,1.142395485710123,1.158951759338379,61890,0.0,0.0
1979-09-26 00:00:00-04:00,1.1589514073403062,1.175508138521968,1.1423951387405396,1.1423951387405396,130371,0.0,0.0
1979-09-27 00:00:00-04:00,1.1423951387405396,1.1589514073403062,1.1258388701407729,1.1423951387405396,226685,0.0,0.0
1979-09-28 00:00:00-04:00,1.1423951387405396,1.1589514073403062,1.1423951387405396,1.1423951387405396,119751,0.0,0.0
1979-10-01 00:00:00-04:00,1.1423951387405396,1.1423951387405396,1.1092820233136376,1.1423951387405396,109863,0.0,0.0
1979-10-02 00:00:00-04:00,1.1423951387405396,1.1423951387405396,1.1258388701407729,1.1423951387405396,66284,0.0,0.0
1979-10-03 00:00:00-04:00,1.1423951387405396,1.1589514073403062,1.1258388701407729,1.1423951387405396,124878,0.0,0.0
1979-10-04 00:00:00-04:00,1.1423951416518254,1.1755081415176392,1.1423951416518254,1.1755081415176392,76538,0.0,0.0
1979-10-05 00:00:00-04:00,1.17550849554867,1.192064884822435,1.142395485710123,1.158951759338379,213501,0.0,0.0
1979-10-08 00:00:00-04:00,1.158951759338379,1.17550849554867,1.142395485710123,1.158951759338379,71777,0.0,0.0
1979-10-09 00:00:00-04:00,1.1258389976176668,1.1258389976176668,1.0099434852600098,1.0099434852600098,286377,0.0,0.0
1979-10-10 00:00:00-04:00,0.9933871030807495,0.9933871030807495,0.8940483349499376,0.9933871030807495,372070,0.0,0.0
1979-10-11 00:00:00-04:00,0.9933872147856038,1.026500218316363,0.976830828665711,1.0099434852600098,140625,0.0,0.0
1979-10-12 00:00:00-04:00,1.0099434852600098,1.026500218316363,0.9933872147856038,1.0099434852600098,359253,0.0,0.0
1979-10-15 00:00:00-04:00,1.0099431767588796,1.0099431767588796,0.9437175368633607,0.960273802280426,84961,0.0,0.0
1979-10-16 00:00:00-04:00,0.960273802280426,0.9768305302792974,0.9437175368633607,0.960273802280426,61157,0.0,0.0
1979-10-17 00:00:00-04:00,0.9602741654548177,0.9768308997154236,0.9602741654548177,0.9768308997154236,45410,0.0,0.0
1979-10-18 00:00:00-04:00,0.9768304711162134,0.9768304711162134,0.9437174797058105,0.9437174797058105,96680,0.0,0.0
1979-10-19 00:00:00-04:00,0.9437174793622015,0.9437174793622015,0.910604430141133,0.9271611571311951,212036,0.0,0.0
1979-10-22 00:00:00-04:00,0.9106048345565796,0.9106048345565796,0.8774922332114067,0.9106048345565796,296997,0.0,0.0
1979-10-23 00:00:00-04:00,0.910604430141133,0.9437174793622015,0.8774918435018423,0.9271611571311951,396240,0.0,0.0
1979-10-24 00:00:00-04:00,0.9271611571311951,0.9437174793622015,0.9271611571311951,0.9271611571311951,253418,0.0,0.0
1979-10-25 00:00:00-04:00,0.9271611574687759,0.9437174797058105,0.9106044304726856,0.9437174797058105,119385,0.0,0.0
1979-10-26 00:00:00-04:00,0.9437174797058105,0.9437174797058105,0.9106044304726856,0.9437174797058105,84595,0.0,0.0
1979-10-29 00:00:00-05:00,0.9437178984837358,0.9437178984837358,0.9106048345565796,0.9106048345565796,55298,0.0,0.0
1979-10-30 00:00:00-05:00,0.9106044856246982,0.960273802280426,0.9106044856246982,0.960273802280426,126709,0.0,0.0
1979-10-31 00:00:00-05:00,0.9602737437704858,0.9602737437704858,0.910604430141133,0.9271611571311951,87524,0.0,0.0
1979-11-01 00:00:00-05:00,0.9271611574687759,0.9437174797058105,0.9106044304726856,0.9437174797058105,56763,0.0,0.0
1979-11-02 00:00:00-05:00,0.9437174793622015,0.9437174793622015,0.910604430141133,0.9271611571311951,64819,0.0,0.0
1979-11-05 00:00:00-05:00,0.9271611571311951,0.9271611571311951,0.910604430141133,0.9271611571311951,56396,0.0,0.0
1979-11-06 00:00:00-05:00,0.9271615688997754,0.9271615688997754,0.8940485049726192,0.9106048345565796,44312,0.0,0.0
1979-11-07 00:00:00-05:00,0.9106048345565796,0.9271615688997754,0.9106048345565796,0.9106048345565796,71045,0.0,0.0
1979-11-08 00:00:00-05:00,0.910604430141133,0.9437174793622015,0.910604430141133,0.9271611571311951,92285,0.0,0.0
1979-11-09 00:00:00-05:00,0.9437178937761928,0.9768308997154236,0.9437178937761928,0.9768308997154236,116821,0.0,0.0
1979-11-12 00:00:00-05:00,0.9768307188225968,0.9933871030807495,0.9602739876280225,0.9933871030807495,48340,0.0,0.0
1979-11-13 00:00:00-05:00,0.9933872870395438,0.9933872870395438,0.9768308997154236,0.9768308997154236,170288,0.0,0.0
1979-11-14 00:00:00-05:00,0.9768307188225968,0.9933871030807495,0.9602739876280225,0.9933871030807495,40649,0.0,0.0
1979-11-15 00:00:00-05:00,1.009943609188427,1.0430566167824256,1.009943609188427,1.0265003442764282,238770,0.0,0.0
1979-11-16 00:00:00-05:00,1.0265001002575667,1.0430563688278198,1.0099433691054196,1.0430563688278198,187134,0.0,0.0
1979-11-19 00:00:00-05:00,1.0430566167824256,1.0430566167824256,1.009943609188427,1.0265003442764282,91919,0.0,0.0
1979-11-20 00:00:00-05:00,1.0265001002575667,1.0596127530435464,1.0265001002575667,1.0430563688278198,171021,0.0,0.0
1979-11-21 00:00:00-05:00,1.0430563688278198,1.0430563688278198,1.0099433691054196,1.0430563688278198,53833,0.0,0.0
1979-11-23 00:00:00-05:00,1.0430566167824256,1.0430566167824256,1.009943609188427,1.0265003442764282,46143,0.0,0.0
1979-11-26 00:00:00-05:00,1.0265002137687664,1.0596128702163696,1.0099434807857628,1.0596128702163696,206543,0.0,0.0
1979-11-27 00:00:00-05:00,1.0596133180245049,1.1423957458242424,1.0596133180245049,1.1092826128005981,188965,0.0,0.0
1979-11-28 00:00:00-05:00,1.1092823854162734,1.1092823854162734,1.0927261114120483,1.0927261114120483,160767,0.0,0.0
1979-11-29 00:00:00-05:00,1.0927258736004317,1.0927258736004317,1.0596128702163696,1.0596128702163696,93750,0.0,0.0
1979-11-30 00:00:00-05:00,1.0596128702163696,1.0761696031993733,1.0430564841698249,1.0596128702163696,46875,0.0,0.0
1979-12-03 00:00:00-05:00,1.0596130049339236,1.0596130049339236,1.0265003442764282,1.0265003442764282,64087,0.0,0.0
1979-12-04 00:00:00-05:00,1.0265003442764282,1.0430566167824256,1.0265003442764282,1.0265003442764282,143555,0.0,0.0
1979-12-05 00:00:00-05:00,1.0265001002575667,1.0430563688278198,1.0265001002575667,1.0430563688278198,139160,0.0,0.0
1979-12-06 00:00:00-05:00,1.0430567111718159,1.0927261114120483,1.0265004371675908,1.0927261114120483,168457,0.0,0.0
1979-12-07 00:00:00-05:00,1.0927258736004317,1.12583899262998,1.0430564841698249,1.0596128702163696,156738,0.0,0.0
1979-12-10 00:00:00-05:00,1.0596127530435464,1.0927257527659464,1.0265001002575667,1.0430563688278198,108398,0.0,0.0
1979-12-11 00:00:00-05:00,1.0430566167824256,1.0430566167824256,1.009943609188427,1.0265003442764282,151245,0.0,0.0
1979-12-12 00:00:00-05:00,1.0265003442764282,1.0430566167824256,1.009943609188427,1.0265003442764282,88257,0.0,0.0
1979-12-13 00:00:00-05:00,1.026500218316363,1.026500218316363,1.0099434852600098,1.0099434852600098,108032,0.0,0.0
1979-12-14 00:00:00-05:00,1.00994359906324,1.076169729232788,0.9933873267232276,1.076169729232788,583740,0.0,0.0
1979-12-17 00:00:00-05:00,1.0761696031993733,1.0927258736004317,1.0430564841698249,1.0596128702163696,104004,0.0,0.0
1979-12-18 00:00:00-05:00,1.0596127530435464,1.0596127530435464,1.0265001002575667,1.0430563688278198,179810,0.0,0.0
1979-12-19 00:00:00-05:00,1.0430564841698249,1.0596128702163696,1.0265002137687664,1.0596128702163696,346802,0.0,0.0
1979-12-20 00:00:00-05:00,1.0596127530435464,1.0927257527659464,1.0430563688278198,1.0430563688278198,118652,0.0,0.0
1979-12-21 00:00:00-05:00,1.0430563688278198,1.0596127530435464,1.0265001002575667,1.0430563688278198,65552,0.0,0.0
1979-12-24 00:00:00-05:00,1.0430566167824256,1.0596130049339236,1.0265003442764282,1.0265003442764282,82397,0.0,0.0
1979-12-26 00:00:00-05:00,1.0265001002575667,1.0596127530435464,1.0265001002575667,1.0430563688278198,121948,0.0,0.0
1979-12-27 00:00:00-05:00,1.0430563688278198,1.0596127530435464,1.0265001002575667,1.0430563688278198,128906,0.0,0.0
1979-12-28 00:00:00-05:00,1.043056488790769,1.043056488790769,1.0099434852600098,1.0099434852600098,123413,0.0,0.0
1979-12-31 00:00:00-05:00,1.009943609188427,1.0265003442764282,0.9768309485309316,1.0265003442764282,296997,0.0,0.0
1980-01-02 00:00:00-05:00,1.026500218316363,1.026500218316363,0.9933872147856038,1.0099434852600098,129272,0.0,0.0
1980-01-03 00:00:00-05:00,0.9933871030807495,0.9933871030807495,0.9602739876280225,0.9933871030807495,155640,0.0,0.0
1980-01-04 00:00:00-05:00,0.9933873366824297,1.0265003442764282,0.9768309485309316,1.0265003442764282,114258,0.0,0.0
1980-01-07 00:00:00-05:00,1.0265003442764282,1.0430566167824256,1.009943609188427,1.0265003442764282,193726,0.0,0.0
1980-01-08 00:00:00-05:00,1.0265002137687664,1.0596128702163696,1.0099434807857628,1.0596128702163696,290039,0.0,0.0
1980-01-09 00:00:00-05:00,1.0596128702163696,1.0761696031993733,1.0430564841698249,1.0596128702163696,340210,0.0,0.0
1980-01-10 00:00:00-05:00,1.0596129943107764,1.0927260015728004,1.0430566063252642,1.076169729232788,730591,0.0,0.0
1980-01-11 00:00:00-05:00,1.076169729232788,1.0927260015728004,1.0596129943107764,1.076169729232788,255615,0.0,0.0
1980-01-14 00:00:00-05:00,1.076169729232788,1.1092822739128128,1.0596129943107764,1.076169729232788,194458,0.0,0.0
1980-01-15 00:00:00-05:00,1.0761698374078232,1.1092823854162734,1.0761698374078232,1.0927261114120483,168091,0.0,0.0
1980-01-16 00:00:00-05:00,1.0927257527659464,1.0927257527659464,1.0430563688278198,1.0430563688278198,201050,0.0,0.0
1980-01-17 00:00:00-05:00,1.0430564841698249,1.0596128702163696,0.9602740913551561,1.0596128702163696,80933,0.0,0.0
1980-01-18 00:00:00-05:00,1.0596128702163696,1.0596128702163696,1.0265002137687664,1.0596128702163696,325562,0.0,0.0
1980-01-21 00:00:00-05:00,1.0596127530435464,1.0596127530435464,1.0265001002575667,1.0430563688278198,111694,0.0,0.0
1980-01-22 00:00:00-05:00,1.0430566167824256,1.076169740021925,1.0265003442764282,1.0265003442764282,275024,0.0,0.0
1980-01-23 00:00:00-05:00,1.0430564841698249,1.0596128702163696,1.0430564841698249,1.0596128702163696,210937,0.0,0.0
1980-01-24 00:00:00-05:00,1.0596127530435464,1.0761694841956935,1.0430563688278198,1.0430563688278198,301025,0.0,0.0
1980-01-25 00:00:00-05:00,1.0430566063252642,1.076169729232788,1.0265003339852519,1.076169729232788,106201,0.0,0.0
1980-01-28 00:00:00-05:00,1.0596128702163696,1.0596128702163696,1.0430564841698249,1.0596128702163696,74707,0.0,0.0
1980-01-29 00:00:00-05:00,1.0596127530435464,1.0596127530435464,1.0430563688278198,1.0430563688278198,731323,0.0,0.0
1980-01-30 00:00:00-05:00,1.0430566063252642,1.076169729232788,1.0430566063252642,1.076169729232788,241333,0.0,0.0
1980-01-31 00:00:00-05:00,1.076169486114104,1.1423951387405396,1.076169486114104,1.1423951387405396,468384,0.0,0.0
1980-02-01 00:00:00-05:00,1.1423959204828482,1.2417346408682663,1.125839640553608,1.2251783609390259,444946,0.0,0.0
1980-02-04 00:00:00-05:00,1.2251775208669287,1.2748469048254198,1.2251775208669287,1.2417337894439697,480103,0.0,0.0
1980-02-05 00:00:00-05:00,1.2417346408682663,1.2582909207975066,1.2251783609390259,1.2251783609390259,350098,0.0,0.0
1980-02-06 00:00:00-05:00,1.2251775208669287,1.258290058021011,1.2251775208669287,1.2417337894439697,673096,0.0,0.0
1980-02-07 00:00:00-05:00,1.2417341368329655,1.2748472614781823,1.2417341368329655,1.258290410041809,390747,0.0,0.0
1980-02-08 00:00:00-05:00,1.2582909207975066,1.2748477789545114,1.2251783609390259,1.2251783609390259,212036,0.0,0.0
1980-02-11 00:00:00-05:00,1.2251773969418243,1.2417336638442205,1.1920644005551841,1.2086206674575806,193726,0.0,0.0
1980-02-12 00:00:00-05:00,1.208620455938926,1.3079590807773729,1.1920641919340138,1.291402816772461,652222,0.0,0.0
1980-02-13 00:00:00-05:00,1.291402816772461,1.3576284510193173,1.2251771825256046,1.291402816772461,1022461,0.0,0.0
1980-02-14 00:00:00-05:00,1.2914035346870258,1.3079598078958694,1.258290410041809,1.258290410041809,713379,0.0,0.0
1980-02-15 00:00:00-05:00,1.258290058021011,1.2748469048254198,1.2417337894439697,1.2417337894439697,321899,0.0,0.0
1980-02-19 00:00:00-05:00,1.2417337894439697,1.2748469048254198,1.2251775208669287,1.2417337894439697,257446,0.0,0.0
1980-02-20 00:00:00-05:00,1.2417337894439697,1.258290058021011,1.2251775208669287,1.2417337894439697,335083,0.0,0.0
1980-02-21 00:00:00-05:00,1.2417336638442205,1.2748467758763224,1.1920644005551841,1.2086206674575806,395142,0.0,0.0
1980-02-22 00:00:00-05:00,1.158951759338379,1.158951759338379,1.158951759338379,1.158951759338379,151245,0.0,0.0
1980-02-25 00:00:00-05:00,1.158951759338379,1.158951759338379,1.142395485710123,1.158951759338379,314575,0.0,0.0
1980-02-26 00:00:00-05:00,1.1589512885230824,1.2251773969418243,1.1423950216206862,1.2086206674575806,282349,0.0,0.0
1980-02-27 00:00:00-05:00,1.2086213966343575,1.2417344129985046,1.1920651197433472,1.1920651197433472,291504,0.0,0.0
1980-02-28 00:00:00-05:00,1.1920651197433472,1.2086213966343575,1.1920651197433472,1.1920651197433472,401001,0.0,0.0
1980-02-29 00:00:00-05:00,1.192064525805072,1.2086207944470309,1.1755081415176392,1.1755081415176392,151978,0.0,0.0
1980-03-03 00:00:00-05:00,1.175508138521968,1.1920645227672084,1.1423951387405396,1.1423951387405396,101440,0.0,0.0
1980-03-04 00:00:00-05:00,1.142395485710123,1.17550849554867,1.142395485710123,1.158951759338379,180542,0.0,0.0
1980-03-05 00:00:00-05:00,1.1589519039973062,1.1920650336145016,1.125839352607727,1.125839352607727,265869,0.0,0.0
1980-03-06 00:00:00-05:00,1.125839237648056,1.142395511652281,1.0927261114120483,1.0927261114120483,172485,0.0,0.0
1980-03-07 00:00:00-05:00,1.0761696031993733,1.0761696031993733,1.0430564841698249,1.0596128702163696,234741,0.0,0.0
1980-03-10 00:00:00-05:00,1.0430563715006815,1.0430563715006815,0.9933871030807495,0.9933871030807495,272095,0.0,0.0
1980-03-11 00:00:00-05:00,1.0265001002575667,1.0596127530435464,1.0265001002575667,1.0430563688278198,73608,0.0,0.0
1980-03-12 00:00:00-05:00,1.0430563688278198,1.0761694841956935,1.0430563688278198,1.0430563688278198,71777,0.0,0.0
1980-03-13 00:00:00-05:00,1.0430566167824256,1.0596130049339236,1.0265003442764282,1.0265003442764282,172485,0.0,0.0
1980-03-14 00:00:00-05:00,1.0265003442764282,1.0430566167824256,1.009943609188427,1.0265003442764282,83862,0.0,0.0
1980-03-17 00:00:00-05:00,1.0265001028880028,1.0430563715006815,0.9933871030807495,0.9933871030807495,106934,0.0,0.0
1980-03-18 00:00:00-05:00,0.9768308997154236,0.9768308997154236,0.9271615642748202,0.9768308997154236,159668,0.0,0.0
1980-03-19 00:00:00-05:00,0.9768308997154236,1.0265002929787745,0.9602741654548177,0.9768308997154236,145020,0.0,0.0
1980-03-20 00:00:00-05:00,0.9768308997154236,0.9933872870395438,0.9602741654548177,0.9768308997154236,82764,0.0,0.0
1980-03-21 00:00:00-05:00,1.0099433691054196,1.0927257527659464,1.0099433691054196,1.0430563688278198,241333,0.0,0.0
1980-03-24 00:00:00-05:00,1.0430565646573995,1.0596129519815198,0.9602741654548177,0.9768308997154236,170288,0.0,0.0
1980-03-25 00:00:00-05:00,0.9768305302792974,0.9768305302792974,0.9437175368633607,0.960273802280426,166626,0.0,0.0
1980-03-26 00:00:00-05:00,0.960273802280426,0.9768305302792974,0.960273802280426,0.960273802280426,90820,0.0,0.0
1980-03-27 00:00:00-05:00,0.9602741702449483,0.976830904588144,0.8443791692842505,0.9106048345565796,279785,0.0,0.0
1980-03-28 00:00:00-05:00,0.9106044856246982,0.960273802280426,0.9106044856246982,0.960273802280426,300659,0.0,0.0
1980-03-31 00:00:00-05:00,0.960273802280426,1.0099431767588796,0.9271612136235696,0.960273802280426,223755,0.0,0.0
1980-04-01 00:00:00-05:00,0.9768307188225968,1.0430563715006815,0.9768307188225968,0.9933871030807495,115723,0.0,0.0
1980-04-02 00:00:00-05:00,0.9933872147856038,1.0099434852600098,0.976830828665711,1.0099434852600098,87524,0.0,0.0
1980-04-03 00:00:00-05:00,0.9933872870395438,0.9933872870395438,0.9768308997154236,0.9768308997154236,50537,0.0,0.0
1980-04-07 00:00:00-05:00,0.9768304711162134,0.9933868511759703,0.9437174797058105,0.9437174797058105,78735,0.0,0.0
1980-04-08 00:00:00-05:00,0.9437175368633607,0.960273802280426,0.9437175368633607,0.960273802280426,41382,0.0,0.0
1980-04-09 00:00:00-05:00,0.960273802280426,0.9768305302792974,0.9437175368633607,0.960273802280426,65552,0.0,0.0
1980-04-10 00:00:00-05:00,0.9602741654548177,1.0099435587181687,0.9602741654548177,0.9768308997154236,73608,0.0,0.0
1980-04-11 00:00:00-05:00,0.9768308997154236,0.9768308997154236,0.9602741654548177,0.9768308997154236,29663,0.0,0.0
1980-04-14 00:00:00-05:00,0.960273802280426,0.960273802280426,0.9437175368633607,0.960273802280426,54199,0.0,0.0
1980-04-15 00:00:00-05:00,0.9602737437704858,0.9602737437704858,0.9271611571311951,0.9271611571311951,81665,0.0,0.0
1980-04-16 00:00:00-05:00,0.9271615688997754,0.9437178984837358,0.8940485049726192,0.9106048345565796,160767,0.0,0.0
1980-04-17 00:00:00-05:00,0.9106048416957263,0.9106048416957263,0.8774922400909504,0.8940485119819641,97778,0.0,0.0
1980-04-18 00:00:00-05:00,0.8940484603420787,0.8940484603420787,0.8609353980679134,0.8774921894073486,67749,0.0,0.0
1980-04-21 00:00:00-05:00,0.8774921894073486,0.9933872424053598,0.8609353980679134,0.8774921894073486,57861,0.0,0.0
1980-04-22 00:00:00-05:00,0.9106044304726856,0.9437174797058105,0.9106044304726856,0.9437174797058105,173584,0.0,0.0
1980-04-23 00:00:00-05:00,0.9437175368633607,0.960273802280426,0.9437175368633607,0.960273802280426,78003,0.0,0.0
1980-04-24 00:00:00-05:00,0.9602739876280225,0.9933871030807495,0.9437177190153435,0.9933871030807495,136230,0.0,0.0
1980-04-25 00:00:00-05:00,0.960273744120123,0.960273744120123,0.9106044304726856,0.9437174797058105,83496,0.0,0.0
1980-04-28 00:00:00-04:00,0.9437174797058105,0.960273744120123,0.9437174797058105,0.9437174797058105,43579,0.0,0.0
1980-04-29 00:00:00-04:00,0.9437178937761928,0.9768308997154236,0.9437178937761928,0.9768308997154236,29297,0.0,0.0
1980-04-30 00:00:00-04:00,0.9768305302792974,0.9768305302792974,0.9437175368633607,0.960273802280426,56396,0.0,0.0
1980-05-01 00:00:00-04:00,0.960273802280426,0.9768305302792974,0.960273802280426,0.960273802280426,119751,0.0,0.0
1980-05-02 00:00:00-04:00,0.960273744120123,0.960273744120123,0.9437174797058105,0.9437174797058105,100708,0.0,0.0
1980-05-05 00:00:00-04:00,0.9437174797058105,0.960273744120123,0.9437174797058105,0.9437174797058105,73242,0.0,0.0
1980-05-06 00:00:00-04:00,0.960273802280426,0.9768305302792974,0.960273802280426,0.960273802280426,121216,0.0,0.0
1980-05-07 00:00:00-04:00,0.9602739851672929,1.0596127530435464,0.9602739851672929,1.0430563688278198,253052,0.0,0.0
1980-05-08 00:00:00-04:00,1.0430563688278198,1.0761694841956935,1.0265001002575667,1.0430563688278198,162598,0.0,0.0
1980-05-09 00:00:00-04:00,1.0430566167824256,1.0430566167824256,1.009943609188427,1.0265003442764282,34790,0.0,0.0
1980-05-12 00:00:00-04:00,1.0265001028880028,1.0265001028880028,0.9768307188225968,0.9933871030807495,43579,0.0,0.0
1980-05-13 00:00:00-04:00,0.9933872147856038,1.026500218316363,0.9933872147856038,1.0099434852600098,90454,0.0,0.0
1980-05-14 00:00:00-04:00,1.009943609188427,1.0430566167824256,1.009943609188427,1.0265003442764282,68481,0.0,0.0
1980-05-15 00:00:00-04:00,1.0265003339852519,1.076169729232788,1.0265003339852519,1.076169729232788,128906,0.0,0.0
1980-05-16 00:00:00-04:00,1.0761696031993733,1.0761696031993733,1.0430564841698249,1.0596128702163696,42847,0.0,0.0
1980-05-19 00:00:00-04:00,1.0596131008215524,1.1092823854162734,1.0596131008215524,1.0927261114120483,127441,0.0,0.0
1980-05-20 00:00:00-04:00,1.0927260015728004,1.0927260015728004,1.076169729232788,1.076169729232788,42847,0.0,0.0
1980-05-21 00:00:00-04:00,1.0596128702163696,1.0596128702163696,1.0430564841698249,1.0596128702163696,37354,0.0,0.0
1980-05-22 00:00:00-04:00,1.0596127530435464,1.0761694841956935,1.0430563688278198,1.0430563688278198,57861,0.0,0.0
1980-05-23 00:00:00-04:00,1.0430569249809856,1.1258394684262583,1.0430569249809856,1.1092826128005981,291870,0.0,0.0
1980-05-27 00:00:00-04:00,1.125839352607727,1.1423956283025165,1.125839352607727,1.125839352607727,175415,0.0,0.0
1980-05-28 00:00:00-04:00,1.125839212081867,1.158951759338379,1.125839212081867,1.158951759338379,94482,0.0,0.0
1980-05-29 00:00:00-04:00,1.142395511652281,1.142395511652281,1.0927261114120483,1.0927261114120483,121948,0.0,0.0
1980-05-30 00:00:00-04:00,1.092726335402614,1.1092826128005981,1.0596133180245049,1.1092826128005981,119751,0.0,0.0
1980-06-02 00:00:00-04:00,1.1092822739128128,1.1092822739128128,1.076169729232788,1.076169729232788,61157,0.0,0.0
1980-06-03 00:00:00-04:00,1.0761694841956935,1.0761694841956935,1.0430563688278198,1.0430563688278198,65918,0.0,0.0
1980-06-04 00:00:00-04:00,1.0430564841698249,1.0596128702163696,1.0265002137687664,1.0596128702163696,109863,0.0,0.0
1980-06-05 00:00:00-04:00,1.0596128702163696,1.0761696031993733,1.0430564841698249,1.0596128702163696,112427,0.0,0.0
1980-06-06 00:00:00-04:00,1.0761700580046298,1.1258394684262583,1.0761700580046298,1.1092826128005981,269897,0.0,0.0
1980-06-09 00:00:00-04:00,1.1092823854162734,1.1092823854162734,1.0927261114120483,1.0927261114120483,81665,0.0,0.0
1980-06-10 00:00:00-04:00,1.1258388730098667,1.1755081415176392,1.1258388730098667,1.1755081415176392,306519,0.0,0.0
1980-06-11 00:00:00-04:00,1.175508138521968,1.175508138521968,1.1423951387405396,1.1423951387405396,232544,0.0,0.0
1980-06-12 00:00:00-04:00,1.142395511652281,1.1589517856565061,1.0927261114120483,1.0927261114120483,95215,0.0,0.0
1980-06-13 00:00:00-04:00,1.092726335402614,1.1092826128005981,1.092726335402614,1.1092826128005981,126709,0.0,0.0
1980-06-16 00:00:00-04:00,1.1092823854162734,1.1092823854162734,1.0927261114120483,1.0927261114120483,38818,0.0,0.0
1980-06-17 00:00:00-04:00,1.0927258736004317,1.0927258736004317,1.0596128702163696,1.0596128702163696,35889,0.0,0.0
1980-06-18 00:00:00-04:00,1.0596128702163696,1.0596128702163696,1.0430564841698249,1.0596128702163696,205078,0.0,0.0
1980-06-19 00:00:00-04:00,1.0596130049339236,1.0596130049339236,1.0265003442764282,1.0265003442764282,718872,0.0,0.0
1980-06-20 00:00:00-04:00,1.0265001002575667,1.0430563688278198,1.0099433691054196,1.0430563688278198,188232,0.0,0.0
1980-06-23 00:00:00-04:00,1.0430564841698249,1.0596128702163696,1.0265002137687664,1.0596128702163696,94482,0.0,0.0
1980-06-24 00:00:00-04:00,1.0430563688278198,1.0430563688278198,1.0265001002575667,1.0430563688278198,164062,0.0,0.0
1980-06-25 00:00:00-04:00,1.0430564841698249,1.0761696031993733,1.0430564841698249,1.0596128702163696,241699,0.0,0.0
1980-06-26 00:00:00-04:00,1.0596128702163696,1.0927258736004317,1.0596128702163696,1.0596128702163696,197754,0.0,0.0
1980-06-27 00:00:00-04:00,1.0596128702163696,1.0761696031993733,1.0430564841698249,1.0596128702163696,273560,0.0,0.0
1980-06-30 00:00:00-04:00,1.0430566167824256,1.0430566167824256,1.009943609188427,1.0265003442764282,176514,0.0,0.0
1980-07-01 00:00:00-04:00,1.0265003442764282,1.0430566167824256,1.009943609188427,1.0265003442764282,37720,0.0,0.0
1980-07-02 00:00:00-04:00,1.026500218316363,1.026500218316363,1.0099434852600098,1.0099434852600098,130005,0.0,0.0
1980-07-03 00:00:00-04:00,1.0099434807857628,1.0596128702163696,1.0099434807857628,1.0596128702163696,150879,0.0,0.0
1980-07-07 00:00:00-04:00,1.0761698374078232,1.0927261114120483,1.0761698374078232,1.0927261114120483,219727,0.0,0.0
1980-07-08 00:00:00-04:00,1.0927258736004317,1.1092821440014902,1.0596128702163696,1.0596128702163696,130005,0.0,0.0
1980-07-09 00:00:00-04:00,1.0596129943107764,1.0927260015728004,1.0596129943107764,1.076169729232788,251587,0.0,0.0
1980-07-10 00:00:00-04:00,1.076169729232788,1.0927260015728004,1.0430566063252642,1.076169729232788,340942,0.0,0.0
1980-07-11 00:00:00-04:00,1.076169729232788,1.076169729232788,1.0430566063252642,1.076169729232788,86792,0.0,0.0
1980-07-14 00:00:00-04:00,1.076169812969555,1.158951759338379,1.0596130767592638,1.158951759338379,507935,0.0,0.0
1980-07-15 00:00:00-04:00,1.158951759338379,1.192064884822435,1.158951759338379,1.158951759338379,435425,0.0,0.0
1980-07-16 00:00:00-04:00,1.1589519877336685,1.2251781361074943,1.1258394339516478,1.1920651197433472,251587,0.0,0.0
1980-07-17 00:00:00-04:00,1.1920653384983337,1.2582909207975066,1.1755089429235404,1.2251783609390259,666138,0.0,0.0
1980-07-18 00:00:00-04:00,1.2251783609390259,1.2748477789545114,1.1920653384983337,1.2251783609390259,208008,0.0,0.0
1980-07-21 00:00:00-04:00,1.2251773969418243,1.2251773969418243,1.1920644005551841,1.2086206674575806,294800,0.0,0.0
1980-07-22 00:00:00-04:00,1.208621618427574,1.2251783609390259,1.1920653384983337,1.2251783609390259,524414,0.0,0.0
1980-07-23 00:00:00-04:00,1.2251773969418243,1.2417336638442205,1.2086206674575806,1.2086206674575806,294067,0.0,0.0
1980-07-24 00:00:00-04:00,1.2086211278332548,1.258290410041809,1.2086211278332548,1.258290410041809,458496,0.0,0.0
1980-07-25 00:00:00-04:00,1.2582897105354287,1.3079590807773729,1.2582897105354287,1.291402816772461,685547,0.0,0.0
1980-07-28 00:00:00-04:00,1.2748472614781823,1.2748472614781823,1.2417341368329655,1.258290410041809,198120,0.0,0.0
1980-07-29 00:00:00-04:00,1.274847026882061,1.3245164155960083,1.274847026882061,1.3245164155960083,536499,0.0,0.0
1980-07-30 00:00:00-04:00,1.3245164155960083,1.341072685758183,1.3079595672064104,1.3245164155960083,644897,0.0,0.0
1980-07-31 00:00:00-04:00,1.3245166341659909,1.3576291799545288,1.2914035101499346,1.3576291799545288,822876,0.0,0.0
1980-08-01 00:00:00-04:00,1.357628935849702,1.5728631046221817,1.357628935849702,1.490080714225769,2700073,0.0,0.0
1980-08-04 00:00:00-04:00,1.490080600702567,1.490080600702567,1.4404112165070218,1.4735243320465088,869751,0.0,0.0
1980-08-05 00:00:00-04:00,1.4735245779946649,1.4735245779946649,1.4072984515072646,1.423855185508728,750366,0.0,0.0
1980-08-06 00:00:00-04:00,1.4238556130597562,1.5066375732421875,1.3907424820501992,1.5066375732421875,742310,0.0,0.0
1980-08-07 00:00:00-04:00,1.5066373382401506,1.5728634742839267,1.473524790623058,1.5231940746307373,2469727,0.0,0.0
1980-08-08 00:00:00-04:00,1.5231943122152583,1.5397507042517447,1.4900812968512294,1.5066375732421875,2167603,0.0,0.0
1980-08-11 00:00:00-04:00,1.5066372266317478,1.5231939617958477,1.456967830657959,1.456967830657959,585571,0.0,0.0
1980-08-12 00:00:00-04:00,1.4569681020416878,1.5563069124927158,1.3741861454842415,1.3907424211502075,538696,0.0,0.0
1980-08-13 00:00:00-04:00,1.3907418323114764,1.5066368693586254,1.3907418323114764,1.4735243320465088,1813477,0.0,0.0
1980-08-14 00:00:00-04:00,1.490080714225769,1.5231937166425273,1.490080714225769,1.490080714225769,489258,0.0,0.0
1980-08-15 00:00:00-04:00,1.490080714225769,1.5066369841431824,1.456967596163528,1.490080714225769,192993,0.0,0.0
1980-08-18 00:00:00-04:00,1.4569677283477078,1.4569677283477078,1.4072984515072646,1.423855185508728,208008,0.0,0.0
1980-08-19 00:00:00-04:00,1.423855185508728,1.440411456928218,1.4072984515072646,1.423855185508728,190796,0.0,0.0
1980-08-20 00:00:00-04:00,1.423855185508728,1.440411456928218,1.4072984515072646,1.423855185508728,121216,0.0,0.0
1980-08-21 00:00:00-04:00,1.4238556130597562,1.5066375732421875,1.4238556130597562,1.5066375732421875,493286,0.0,0.0
1980-08-22 00:00:00-04:00,1.5066368693586254,1.52319360059658,1.45696748516308,1.4735243320465088,662476,0.0,0.0
1980-08-25 00:00:00-04:00,1.473524444308356,1.5066369841431824,1.456967596163528,1.490080714225769,199219,0.0,0.0
1980-08-26 00:00:00-04:00,1.490080714225769,1.490080714225769,1.473524444308356,1.490080714225769,261108,0.0,0.0
1980-08-27 00:00:00-04:00,1.490080714225769,1.5397501022054236,1.4404113262461147,1.490080714225769,603149,0.0,0.0
1980-08-28 00:00:00-04:00,1.4900811612255775,1.6225329793350087,1.4735248863415544,1.5563068389892578,1642090,0.0,0.0
1980-08-29 00:00:00-04:00,1.5563065778300416,1.6556452512741089,1.5397503057242778,1.6556452512741089,936035,0.0,0.0
1980-09-02 00:00:00-04:00,1.6556452512741089,1.7053146458188915,1.639088979168345,1.6556452512741089,916626,0.0,0.0
1980-09-03 00:00:00-04:00,1.655645634844896,1.672202489013951,1.6225330829620361,1.6225330829620361,415649,0.0,0.0
1980-09-04 00:00:00-04:00,1.6225327261768874,1.6722021213068023,1.5728633310469726,1.5894196033477783,536499,0.0,0.0
1980-09-05 00:00:00-04:00,1.589419007738524,1.6390883842556374,1.589419007738524,1.6059753894805908,424438,0.0,0.0
1980-09-08 00:00:00-04:00,1.6059759912940836,1.639088998477693,1.5894196033477783,1.5894196033477783,544556,0.0,0.0
1980-09-09 00:00:00-04:00,1.589419465057134,1.788096912644962,1.5231938033885108,1.771540641784668,1571045,0.0,0.0
1980-09-10 00:00:00-04:00,1.7715404049429984,1.8708791732788086,1.7549836737142572,1.8708791732788086,3017212,0.0,0.0
1980-09-11 00:00:00-04:00,1.8708784393860876,1.9039909636906702,1.8046522343226352,1.8543215990066528,2479980,0.0,0.0
1980-09-12 00:00:00-04:00,1.837766417864453,1.837766417864453,1.7715407520729145,1.7880970239639282,1293091,0.0,0.0
1980-09-15 00:00:00-04:00,1.7880963380420374,1.9205480813980103,1.738427078840363,1.9205480813980103,781860,0.0,0.0
1980-09-16 00:00:00-04:00,1.9205489113324,1.9205489113324,1.8543227797449489,1.9039921760559082,855469,0.0,0.0
1980-09-17 00:00:00-04:00,1.903991706643366,2.003330474774178,1.887435438030687,1.986774206161499,1287598,0.0,0.0
1980-09-18 00:00:00-04:00,1.9867746959833439,2.0033309686778265,1.9039921760559082,1.9039921760559082,1119141,0.0,0.0
1980-09-19 00:00:00-04:00,1.9039921760559082,1.953661456721365,1.8874359033614256,1.9039921760559082,386719,0.0,0.0
1980-09-22 00:00:00-04:00,1.9205488966668647,1.9536614418029785,1.9205488966668647,1.9536614418029785,715210,0.0,0.0
1980-09-23 00:00:00-04:00,1.953660212729259,1.953660212729259,1.8377653368543614,1.8543215990066528,1387207,0.0,0.0
1980-09-24 00:00:00-04:00,1.8543215990066528,1.887434701538379,1.82120907470207,1.8543215990066528,635376,0.0,0.0
1980-09-25 00:00:00-04:00,1.854322435608327,1.9039918227013344,1.7549837770677934,1.8046530485153198,629883,0.0,0.0
1980-09-26 00:00:00-04:00,1.804653183505256,1.804653183505256,1.7549839083424161,1.771540641784668,624023,0.0,0.0
1980-09-29 00:00:00-04:00,1.7549841531773842,1.7549841531773842,1.688758482269726,1.7053147554397583,583374,0.0,0.0
1980-09-30 00:00:00-04:00,1.7053145113493478,1.7880969061599925,1.7053145113493478,1.754983901977539,332153,0.0,0.0
1980-10-01 00:00:00-04:00,1.7549840175999138,1.804653295854942,1.7218713581723897,1.7880970239639282,354492,0.0,0.0
1980-10-02 00:00:00-04:00,1.7880968992740827,1.8377662897109985,1.7715406285375919,1.8377662897109985,270630,0.0,0.0
1980-10-03 00:00:00-04:00,1.8377667283149357,1.937105417251587,1.8212104536271014,1.937105417251587,602051,0.0,0.0
1980-10-06 00:00:00-04:00,1.9371051840268825,1.9702184232888615,1.9039921760559082,1.9039921760559082,443848,0.0,0.0
1980-10-07 00:00:00-04:00,1.9039917105724986,1.9205484418012397,1.8377660577577484,1.8708791732788086,600220,0.0,0.0
1980-10-08 00:00:00-04:00,1.8708800296920265,1.887436305917665,1.8212106227874756,1.8212106227874756,253052,0.0,0.0
1980-10-09 00:00:00-04:00,1.8212100325929974,1.8377663034532914,1.771540641784668,1.771540641784668,198120,0.0,0.0
1980-10-10 00:00:00-04:00,1.7715406353597438,1.8046531769602412,1.7384276311772904,1.754983901977539,221558,0.0,0.0
1980-10-13 00:00:00-04:00,1.7549833443803182,1.9205480813980103,1.7549833443803182,1.9205480813980103,418213,0.0,0.0
1980-10-14 00:00:00-04:00,1.920547950822024,1.970217437937628,1.887434959411621,1.887434959411621,648926,0.0,0.0
1980-10-15 00:00:00-04:00,1.887434959411621,1.9536604796506487,1.887434959411621,1.887434959411621,564331,0.0,0.0
1980-10-16 00:00:00-04:00,1.8874356801479144,1.9536612256758323,1.8046531700105737,1.8377662897109985,472778,0.0,0.0
1980-10-17 00:00:00-04:00,1.8377661659864595,1.854322435608327,1.7715405092715846,1.8046530485153198,268066,0.0,0.0
1980-10-20 00:00:00-04:00,1.804653768334202,1.8212106227874756,1.7715412158829247,1.8212106227874756,198853,0.0,0.0
1980-10-21 00:00:00-04:00,1.8212100325929974,1.8377663034532914,1.7549839083424161,1.771540641784668,211304,0.0,0.0
1980-10-22 00:00:00-04:00,1.7715412158829247,1.8377668990131142,1.7715412158829247,1.8212106227874756,243164,0.0,0.0
1980-10-23 00:00:00-04:00,1.8212101459734393,1.8212101459734393,1.7715407520729145,1.7880970239639282,315308,0.0,0.0
1980-10-24 00:00:00-04:00,1.7880974921085633,1.8212106227874756,1.7715412158829247,1.8212106227874756,254517,0.0,0.0
1980-10-27 00:00:00-05:00,1.788096912644962,1.788096912644962,1.7549839083424161,1.771540641784668,128906,0.0,0.0
1980-10-28 00:00:00-05:00,1.7715406353597438,1.7715406353597438,1.7053145113493478,1.754983901977539,388550,0.0,0.0
1980-10-29 00:00:00-05:00,1.754983901977539,1.7880969061599925,1.7218712447315527,1.754983901977539,196655,0.0,0.0
1980-10-30 00:00:00-05:00,1.754984521815715,1.754984521815715,1.7218718528747559,1.7218718528747559,108032,0.0,0.0
1980-10-31 00:00:00-05:00,1.7218714911918134,1.7218714911918134,1.7053147554397583,1.7053147554397583,71045,0.0,0.0
1980-11-03 00:00:00-05:00,1.6887575397552972,1.6887575397552972,1.6722012758255005,1.6722012758255005,132935,0.0,0.0
1980-11-05 00:00:00-05:00,1.6722015109562522,1.7880964155699557,1.6556446664711673,1.6887577772140503,391113,0.0,0.0
1980-11-06 00:00:00-05:00,1.6887583737131275,1.6887583737131275,1.6059759723748244,1.6556452512741089,149048,0.0,0.0
1980-11-07 00:00:00-05:00,1.6556446503522482,1.67220149467614,1.589419007738524,1.6059753894805908,245361,0.0,0.0
1980-11-10 00:00:00-05:00,1.6059763444385062,1.639089358903466,1.5894199528515511,1.6225330829620361,234375,0.0,0.0
1980-11-11 00:00:00-05:00,1.639088400213369,1.7053140434718486,1.639088400213369,1.6887577772140503,244263,0.0,0.0
1980-11-12 00:00:00-05:00,1.6887580208995072,1.8708791732788086,1.6722017522526622,1.8708791732788086,697266,0.0,0.0
1980-11-13 00:00:00-05:00,1.8708791641483706,2.0033304691314697,1.854322317354958,2.0033304691314697,1749023,0.0,0.0
1980-11-14 00:00:00-05:00,2.0033309319605848,2.1026694914708117,1.9371051485234334,2.0530002117156982,1545410,0.0,0.0
1980-11-17 00:00:00-05:00,2.0530004192059135,2.152339220046997,1.9867748603665558,2.152339220046997,1234131,0.0,0.0
1980-11-18 00:00:00-05:00,2.1523382701602967,2.2185642623543305,2.102668776014771,2.13578200340271,895020,0.0,0.0
1980-11-19 00:00:00-05:00,2.13578200340271,2.2185642623543305,2.102668776014771,2.13578200340271,1506226,0.0,0.0
1980-11-20 00:00:00-05:00,2.1357822447593966,2.1688952445983887,2.0861127450009085,2.1688952445983887,669067,0.0,0.0
1980-11-21 00:00:00-05:00,2.1357822372392397,2.1357822372392397,2.0695564690853865,2.0861127376556396,728394,0.0,0.0
1980-11-24 00:00:00-05:00,1.6887577772140503,1.6887577772140503,1.5894190232126877,1.6887577772140503,3954712,0.0,0.0
1980-11-25 00:00:00-05:00,1.688757754946021,1.688757754946021,1.5231933598693177,1.5397497415542603,1108521,0.0,0.0
1980-11-26 00:00:00-05:00,1.5397504640847937,1.55630673789334,1.5066373382401506,1.5231940746307373,796509,0.0,0.0
1980-11-28 00:00:00-05:00,1.5066372266317478,1.5066372266317478,1.4072985503296715,1.456967830657959,541626,0.0,0.0
1980-12-01 00:00:00-05:00,1.440411585235407,1.440411585235407,1.3410729070602598,1.3576291799545288,1488281,0.0,0.0
1980-12-02 00:00:00-05:00,1.3576292549260922,1.5728634742839267,1.3245167073089994,1.5231940746307373,885864,0.0,0.0
1980-12-03 00:00:00-05:00,1.5231940746307373,1.55630673789334,1.4900810644316043,1.5231940746307373,260010,0.0,0.0
1980-12-04 00:00:00-05:00,1.523194173575694,1.5563068389892578,1.523194173575694,1.5563068389892578,181274,0.0,0.0
1980-12-05 00:00:00-05:00,1.5397507042517447,1.5397507042517447,1.5066375732421875,1.5066375732421875,109497,0.0,0.0
1980-12-08 00:00:00-05:00,1.4900812219318156,1.4900812219318156,1.390742412125416,1.4072988033294678,246094,0.0,0.0
1980-12-09 00:00:00-05:00,1.4072988033294678,1.4238555414700864,1.2914037179645388,1.4072988033294678,338013,0.0,0.0
1980-12-10 00:00:00-05:00,1.4072988033294678,1.4404118170286158,1.4072988033294678,1.4072988033294678,396973,0.0,0.0
1980-12-11 00:00:00-05:00,1.4072988033294678,1.4072988033294678,1.357629398426268,1.4072988033294678,301392,0.0,0.0
1980-12-12 00:00:00-05:00,1.4072984592182756,1.4072984592182756,1.3576290664601853,1.3741858005523682,145020,0.0,0.0
1980-12-15 00:00:00-05:00,1.374185688664471,1.374185688664471,1.3079595672064104,1.3245164155960083,216064,0.0,0.0
1980-12-16 00:00:00-05:00,1.3245161717923761,1.3410724389070394,1.241733679764426,1.2748467922210693,154907,0.0,0.0
1980-12-17 00:00:00-05:00,1.2748467922210693,1.2914030593357329,1.2251774126497625,1.2748467922210693,269531,0.0,0.0
1980-12-18 00:00:00-05:00,1.2748465527675488,1.3245159230094932,1.2417334465305165,1.291402816772461,178711,0.0,0.0
1980-12-19 00:00:00-05:00,1.2914032970442357,1.341072685758183,1.274847026882061,1.3245164155960083,151245,0.0,0.0
1980-12-22 00:00:00-05:00,1.3410731228677386,1.4238555414700864,1.3410731228677386,1.4072988033294678,221191,0.0,0.0
1980-12-23 00:00:00-05:00,1.4072988033294678,1.4404118170286158,1.390742412125416,1.4072988033294678,269897,0.0,0.0
1980-12-24 00:00:00-05:00,1.407298812461697,1.407298812461697,1.3907424211502075,1.3907424211502075,159668,0.0,0.0
1980-12-26 00:00:00-05:00,1.390742412125416,1.4072988033294678,1.390742412125416,1.4072988033294678,73608,0.0,0.0
1980-12-29 00:00:00-05:00,1.40729858727924,1.40729858727924,1.3245166439677682,1.341072916984558,195190,0.0,0.0
1980-12-30 00:00:00-05:00,1.341072685758183,1.341072685758183,1.274847026882061,1.3245164155960083,351562,0.0,0.0
1980-12-31 00:00:00-05:00,1.324516516182348,1.423855185508728,1.324516516182348,1.423855185508728,547852,0.0,0.0
1981-01-02 00:00:00-05:00,1.4238551933104584,1.4404114648206652,1.3576290664601853,1.3741858005523682,431763,0.0,0.0
1981-01-05 00:00:00-05:00,1.3741861454842415,1.407298812461697,1.3741861454842415,1.3907424211502075,112427,0.0,0.0
1981-01-06 00:00:00-05:00,1.3907421986169457,1.3907421986169457,1.3245166439677682,1.341072916984558,542725,0.0,0.0
1981-01-07 00:00:00-05:00,1.2748472614781823,1.2748472614781823,1.2417341368329655,1.258290410041809,298828,0.0,0.0
1981-01-08 00:00:00-05:00,1.2582897105354287,1.3079590807773729,1.2582897105354287,1.291402816772461,1770996,0.0,0.0
1981-01-09 00:00:00-05:00,1.307959673702095,1.3741858005523682,1.307959673702095,1.3741858005523682,751099,0.0,0.0
1981-01-12 00:00:00-05:00,1.3741859256001558,1.3907421986169457,1.341072916984558,1.341072916984558,88623,0.0,0.0
1981-01-13 00:00:00-05:00,1.3410721870144051,1.3576284510193173,1.291402816772461,1.291402816772461,170288,0.0,0.0
1981-01-14 00:00:00-05:00,1.2914035219525857,1.324516646271276,1.2914035219525857,1.307959794998169,83130,0.0,0.0
1981-01-15 00:00:00-05:00,1.3079590807773729,1.3245159230094932,1.291402816772461,1.291402816772461,136597,0.0,0.0
1981-01-16 00:00:00-05:00,1.2914035197066658,1.341072916984558,1.274847246689876,1.341072916984558,142822,0.0,0.0
1981-01-19 00:00:00-05:00,1.341072916984558,1.3741859256001558,1.341072916984558,1.341072916984558,243164,0.0,0.0
1981-01-20 00:00:00-05:00,1.3410721870144051,1.374185177605996,1.291402816772461,1.291402816772461,85693,0.0,0.0
1981-01-21 00:00:00-05:00,1.2914035197066658,1.3576291900013477,1.2914035197066658,1.341072916984558,131104,0.0,0.0
1981-01-22 00:00:00-05:00,1.341072685758183,1.3576289559203576,1.3245164155960083,1.3245164155960083,77637,0.0,0.0
1981-01-23 00:00:00-05:00,1.3245164155960083,1.341072685758183,1.3079595672064104,1.3245164155960083,31860,0.0,0.0
1981-01-26 00:00:00-05:00,1.324516646271276,1.324516646271276,1.2914035219525857,1.307959794998169,83862,0.0,0.0
1981-01-27 00:00:00-05:00,1.3079590807773729,1.3245159230094932,1.291402816772461,1.291402816772461,65186,0.0,0.0
1981-01-28 00:00:00-05:00,1.291402816772461,1.3079590807773729,1.2748465527675488,1.291402816772461,243164,0.0,0.0
1981-01-29 00:00:00-05:00,1.2914030593357329,1.3079593264503961,1.2748467922210693,1.2748467922210693,58228,0.0,0.0
1981-01-30 00:00:00-05:00,1.2748467922210693,1.3079593264503961,1.2748467922210693,1.2748467922210693,124878,0.0,0.0
1981-02-02 00:00:00-05:00,1.2748467758763224,1.2748467758763224,1.1920644005551841,1.2086206674575806,217163,0.0,0.0
1981-02-03 00:00:00-05:00,1.2086206674575806,1.2251773969418243,1.1920644005551841,1.2086206674575806,90820,0.0,0.0
1981-02-04 00:00:00-05:00,1.2086207944470309,1.2086207944470309,1.1755081415176392,1.1755081415176392,106934,0.0,0.0
1981-02-05 00:00:00-05:00,1.1755087272068052,1.2086213966343575,1.1755087272068052,1.1920651197433472,113525,0.0,0.0
1981-02-06 00:00:00-05:00,1.2086206674575806,1.2251773969418243,1.2086206674575806,1.2086206674575806,87524,0.0,0.0
1981-02-09 00:00:00-05:00,1.2086207944470309,1.2251775256708857,1.1755081415176392,1.1755081415176392,95215,0.0,0.0
1981-02-10 00:00:00-05:00,1.1755081415176392,1.192064525805072,1.1589514102937843,1.1755081415176392,102539,0.0,0.0
1981-02-11 00:00:00-05:00,1.17550849554867,1.17550849554867,1.158951759338379,1.158951759338379,113159,0.0,0.0
1981-02-12 00:00:00-05:00,1.158951759338379,1.17550849554867,1.158951759338379,1.158951759338379,54199,0.0,0.0
1981-02-13 00:00:00-05:00,1.1589514102937843,1.192064525805072,1.1589514102937843,1.1755081415176392,105469,0.0,0.0
1981-02-17 00:00:00-05:00,1.1755087272068052,1.2086213966343575,1.1755087272068052,1.1920651197433472,108032,0.0,0.0
1981-02-18 00:00:00-05:00,1.2086211278332548,1.2914035346870258,1.2086211278332548,1.258290410041809,504272,0.0,0.0
1981-02-19 00:00:00-05:00,1.258290410041809,1.3079598078958694,1.258290410041809,1.258290410041809,439087,0.0,0.0
1981-02-20 00:00:00-05:00,1.258290410041809,1.3079598078958694,1.2417341368329655,1.258290410041809,124146,0.0,0.0
1981-02-23 00:00:00-05:00,1.258290058021011,1.2748469048254198,1.2417337894439697,1.2417337894439697,306519,0.0,0.0
1981-02-24 00:00:00-05:00,1.2417344129985046,1.2417344129985046,1.1920651197433472,1.1920651197433472,53101,0.0,0.0
1981-02-25 00:00:00-05:00,1.1920645227672084,1.1920645227672084,1.092725754713871,1.1423951387405396,470947,0.0,0.0
1981-02-26 00:00:00-05:00,1.142395485710123,1.158951759338379,1.142395485710123,1.158951759338379,310181,0.0,0.0
1981-02-27 00:00:00-05:00,1.158951707958731,1.3576291799545288,1.158951707958731,1.3576291799545288,698364,0.0,0.0
1981-03-02 00:00:00-05:00,1.3576289559203576,1.374185688664471,1.3079595672064104,1.3245164155960083,624390,0.0,0.0
1981-03-03 00:00:00-05:00,1.324516646271276,1.324516646271276,1.208621115915126,1.307959794998169,134033,0.0,0.0
1981-03-04 00:00:00-05:00,1.307959794998169,1.324516646271276,1.2748472489070024,1.307959794998169,131836,0.0,0.0
1981-03-05 00:00:00-05:00,1.3079595672064104,1.3576289559203576,1.3079595672064104,1.3245164155960083,248657,0.0,0.0
1981-03-06 00:00:00-05:00,1.3245159230094932,1.3245159230094932,1.291402816772461,1.291402816772461,134033,0.0,0.0
1981-03-09 00:00:00-05:00,1.2914032970442357,1.341072685758183,1.2914032970442357,1.3245164155960083,145020,0.0,0.0
1981-03-10 00:00:00-05:00,1.324517196969997,1.324517196969997,1.2251783609390259,1.2251783609390259,948120,0.0,0.0
1981-03-11 00:00:00-05:00,1.2417341368329655,1.2748472614781823,1.2417341368329655,1.258290410041809,95215,0.0,0.0
1981-03-12 00:00:00-05:00,1.274847026882061,1.3245164155960083,1.274847026882061,1.3245164155960083,399536,0.0,0.0
1981-03-13 00:00:00-05:00,1.324516646271276,1.324516646271276,1.2582903976338953,1.307959794998169,186768,0.0,0.0
1981-03-16 00:00:00-05:00,1.3079597830442034,1.3576291799545288,1.3079597830442034,1.3576291799545288,229980,0.0,0.0
1981-03-17 00:00:00-05:00,1.3576291799545288,1.3741859154308127,1.3410729070602598,1.3576291799545288,219727,0.0,0.0
1981-03-18 00:00:00-05:00,1.3576291923624428,1.3576291923624428,1.307959794998169,1.307959794998169,90454,0.0,0.0
1981-03-19 00:00:00-05:00,1.307959794998169,1.3410729193168596,1.307959794998169,1.307959794998169,79834,0.0,0.0
1981-03-20 00:00:00-05:00,1.1589519039973062,1.1589519039973062,1.1092824986853211,1.125839352607727,2203857,0.0,0.0
1981-03-23 00:00:00-05:00,1.1258388701407729,1.1589514073403062,1.092725754713871,1.1423951387405396,1443237,0.0,0.0
1981-03-24 00:00:00-05:00,1.1423951416518254,1.1755081415176392,1.1258388730098667,1.1755081415176392,1513916,0.0,0.0
1981-03-25 00:00:00-05:00,1.1755087272068052,1.2251781361074943,1.1589519877336685,1.1920651197433472,1011841,0.0,0.0
1981-03-26 00:00:00-05:00,1.1920651197433472,1.2086213966343575,1.1755087272068052,1.1920651197433472,115356,0.0,0.0
1981-03-27 00:00:00-05:00,1.192064884822435,1.192064884822435,1.158951759338379,1.158951759338379,130371,0.0,0.0
1981-03-30 00:00:00-05:00,1.1589514102937843,1.1755081415176392,1.1589514102937843,1.1755081415176392,153809,0.0,0.0
1981-03-31 00:00:00-05:00,1.1755081415176392,1.192064525805072,1.1589514102937843,1.1755081415176392,204712,0.0,0.0
1981-04-01 00:00:00-05:00,1.17550849554867,1.192064884822435,1.158951759338379,1.158951759338379,184937,0.0,0.0
1981-04-02 00:00:00-05:00,1.1589514073403062,1.1589514073403062,1.1423951387405396,1.1423951387405396,134399,0.0,0.0
1981-04-03 00:00:00-05:00,1.142395485710123,1.158951759338379,1.142395485710123,1.158951759338379,168091,0.0,0.0
1981-04-06 00:00:00-05:00,1.1589520232222266,1.1589520232222266,1.1092826128005981,1.1092826128005981,316040,0.0,0.0
1981-04-07 00:00:00-05:00,1.1092824986853211,1.1423956283025165,1.1092824986853211,1.125839352607727,742310,0.0,0.0
1981-04-08 00:00:00-05:00,1.125839212081867,1.17550849554867,1.1092823602260669,1.158951759338379,965698,0.0,0.0
1981-04-09 00:00:00-05:00,1.1589519877336685,1.1920651197433472,1.1423957108426581,1.1920651197433472,627686,0.0,0.0
1981-04-10 00:00:00-05:00,1.1920651197433472,1.2417344129985046,1.1755087272068052,1.1920651197433472,478271,0.0,0.0
1981-04-13 00:00:00-05:00,1.1920648546244113,1.258290410041809,1.1920648546244113,1.258290410041809,438721,0.0,0.0
1981-04-14 00:00:00-05:00,1.258290410041809,1.258290410041809,1.225177863624122,1.258290410041809,195190,0.0,0.0
1981-04-15 00:00:00-05:00,1.258290058021011,1.2748469048254198,1.2417337894439697,1.2417337894439697,158203,0.0,0.0
1981-04-16 00:00:00-05:00,1.2417346408682663,1.2582909207975066,1.2251783609390259,1.2251783609390259,320068,0.0,0.0
1981-04-20 00:00:00-05:00,1.2251783609390259,1.2417346408682663,1.1092827823966032,1.2251783609390259,99243,0.0,0.0
1981-04-21 00:00:00-05:00,1.2251781361074943,1.2251781361074943,1.1920651197433472,1.1920651197433472,119019,0.0,0.0
1981-04-22 00:00:00-05:00,1.192064525805072,1.2086207944470309,1.1755081415176392,1.1755081415176392,155640,0.0,0.0
1981-04-23 00:00:00-05:00,1.1755081415176392,1.192064525805072,1.1755081415176392,1.1755081415176392,51636,0.0,0.0
1981-04-24 00:00:00-05:00,1.1755087272068052,1.1920651197433472,1.1755087272068052,1.1920651197433472,109131,0.0,0.0
1981-04-27 00:00:00-04:00,1.1920651197433472,1.2086213966343575,1.1755087272068052,1.1920651197433472,223022,0.0,0.0
1981-04-28 00:00:00-04:00,1.192064525805072,1.192064525805072,1.1589514102937843,1.1755081415176392,294434,0.0,0.0
1981-04-29 00:00:00-04:00,1.175508138521968,1.175508138521968,1.1423951387405396,1.1423951387405396,78735,0.0,0.0
1981-04-30 00:00:00-04:00,1.142395485710123,1.17550849554867,1.142395485710123,1.158951759338379,90088,0.0,0.0
1981-05-01 00:00:00-04:00,1.158951759338379,1.158951759338379,1.142395485710123,1.158951759338379,72144,0.0,0.0
1981-05-04 00:00:00-04:00,1.125839352607727,1.125839352607727,1.1092824986853211,1.125839352607727,145752,0.0,0.0
1981-05-05 00:00:00-04:00,1.1258394684262583,1.1258394684262583,1.1092826128005981,1.1092826128005981,110962,0.0,0.0
1981-05-06 00:00:00-04:00,1.125839352607727,1.1423956283025165,1.125839352607727,1.125839352607727,44678,0.0,0.0
1981-05-07 00:00:00-04:00,1.1258388701407729,1.1423951387405396,1.1092820233136376,1.1423951387405396,355225,0.0,0.0
1981-05-08 00:00:00-04:00,1.1423957458242424,1.1423957458242424,1.092726335402614,1.1092826128005981,77637,0.0,0.0
1981-05-11 00:00:00-04:00,1.1092823854162734,1.1589517856565061,1.0927261114120483,1.0927261114120483,141724,0.0,0.0
1981-05-12 00:00:00-04:00,1.0927261114120483,1.1092823854162734,1.0927261114120483,1.0927261114120483,120483,0.0,0.0
1981-05-13 00:00:00-04:00,1.0927260015728004,1.1092822739128128,1.076169729232788,1.076169729232788,196655,0.0,0.0
1981-05-14 00:00:00-04:00,1.0761696031993733,1.0927258736004317,1.0430564841698249,1.0596128702163696,498413,0.0,0.0
1981-05-15 00:00:00-04:00,1.0596128702163696,1.0761696031993733,1.0430564841698249,1.0596128702163696,225220,0.0,0.0
1981-05-18 00:00:00-04:00,1.0596128702163696,1.0761696031993733,1.0430564841698249,1.0596128702163696,125977,0.0,0.0
1981-05-19 00:00:00-04:00,1.0596128749106617,1.0596128749106617,1.0099434852600098,1.0099434852600098,198120,0.0,0.0
1981-05-20 00:00:00-04:00,1.0099434852600098,1.026500218316363,0.9933872147856038,1.0099434852600098,172852,0.0,0.0
1981-05-21 00:00:00-04:00,1.009943609188427,1.0265003442764282,1.009943609188427,1.0265003442764282,95215,0.0,0.0
1981-05-22 00:00:00-04:00,1.026500541983757,1.125839352607727,0.9933875280120847,1.125839352607727,2815430,0.0,0.0
1981-05-26 00:00:00-04:00,1.125839640553608,1.2251783609390259,1.125839640553608,1.2251783609390259,1165649,0.0,0.0
1981-05-27 00:00:00-04:00,1.2251775208669287,1.258290058021011,1.208620789707993,1.2417337894439697,626221,0.0,0.0
1981-05-28 00:00:00-04:00,1.2251781361074943,1.2251781361074943,1.1920651197433472,1.1920651197433472,471313,0.0,0.0
1981-05-29 00:00:00-04:00,1.1920644005551841,1.2086206674575806,1.175508018007326,1.2086206674575806,204346,0.0,0.0
1981-06-01 00:00:00-04:00,1.208621158450691,1.2251778946609821,1.158951759338379,1.158951759338379,275757,0.0,0.0
1981-06-02 00:00:00-04:00,1.158951759338379,1.17550849554867,1.158951759338379,1.158951759338379,140259,0.0,0.0
1981-06-03 00:00:00-04:00,1.1589519877336685,1.1920651197433472,1.1589519877336685,1.1920651197433472,52002,0.0,0.0
1981-06-04 00:00:00-04:00,1.1920644005551841,1.2251773969418243,1.175508018007326,1.2086206674575806,580444,0.0,0.0
1981-06-05 00:00:00-04:00,1.2086213966343575,1.2251781361074943,1.1920651197433472,1.1920651197433472,156738,0.0,0.0
1981-06-08 00:00:00-04:00,1.192064525805072,1.2086207944470309,1.1755081415176392,1.1755081415176392,125244,0.0,0.0
1981-06-09 00:00:00-04:00,1.17550849554867,1.192064884822435,1.158951759338379,1.158951759338379,85327,0.0,0.0
1981-06-10 00:00:00-04:00,1.1589514102937843,1.192064525805072,1.1589514102937843,1.1755081415176392,86792,0.0,0.0
1981-06-11 00:00:00-04:00,1.1755087272068052,1.1920651197433472,1.1589519877336685,1.1920651197433472,33691,0.0,0.0
1981-06-12 00:00:00-04:00,1.175508138521968,1.175508138521968,1.1423951387405396,1.1423951387405396,291870,0.0,0.0
1981-06-15 00:00:00-04:00,1.142395456770351,1.258290410041809,1.142395456770351,1.258290410041809,986938,0.0,0.0
1981-06-16 00:00:00-04:00,1.258290058021011,1.3245162887839113,1.2251775208669287,1.2417337894439697,906738,0.0,0.0
1981-06-17 00:00:00-04:00,1.2417337894439697,1.258290058021011,1.2251775208669287,1.2417337894439697,357788,0.0,0.0
1981-06-18 00:00:00-04:00,1.2417344129985046,1.2417344129985046,1.1920651197433472,1.1920651197433472,132935,0.0,0.0
1981-06-19 00:00:00-04:00,1.192064521130952,1.2417337894439697,1.192064521130952,1.2417337894439697,559937,0.0,0.0
1981-06-22 00:00:00-04:00,1.2417336638442205,1.2582899307466169,1.2086206674575806,1.2086206674575806,132568,0.0,0.0
1981-06-23 00:00:00-04:00,1.2086206674575806,1.2251773969418243,1.2086206674575806,1.2086206674575806,105469,0.0,0.0
1981-06-24 00:00:00-04:00,1.2086213966343575,1.2086213966343575,1.1755087272068052,1.1920651197433472,883301,0.0,0.0
1981-06-25 00:00:00-04:00,1.192064525805072,1.192064525805072,1.1423951416518254,1.1755081415176392,121216,0.0,0.0
1981-06-26 00:00:00-04:00,1.17550849554867,1.17550849554867,1.158951759338379,1.158951759338379,100708,0.0,0.0
1981-06-29 00:00:00-04:00,1.158951759338379,1.17550849554867,1.125839212081867,1.158951759338379,91187,0.0,0.0
1981-06-30 00:00:00-04:00,1.158951759338379,1.17550849554867,1.142395485710123,1.158951759338379,385620,0.0,0.0
1981-07-01 00:00:00-04:00,1.1589517856565061,1.1589517856565061,1.0927261114120483,1.0927261114120483,578979,0.0,0.0
1981-07-02 00:00:00-04:00,1.0927260015728004,1.1092822739128128,1.0596129943107764,1.076169729232788,495850,0.0,0.0
1981-07-06 00:00:00-04:00,1.0761696031993733,1.0761696031993733,1.0430564841698249,1.0596128702163696,93384,0.0,0.0
1981-07-07 00:00:00-04:00,1.0596130049339236,1.0596130049339236,1.009943609188427,1.0265003442764282,268799,0.0,0.0
1981-07-08 00:00:00-04:00,1.0430564841698249,1.0596128702163696,1.0430564841698249,1.0596128702163696,71411,0.0,0.0
1981-07-09 00:00:00-04:00,1.0596128702163696,1.0596128702163696,1.0265002137687664,1.0596128702163696,153442,0.0,0.0
1981-07-10 00:00:00-04:00,1.0596128702163696,1.0596128702163696,1.0430564841698249,1.0596128702163696,56030,0.0,0.0
1981-07-13 00:00:00-04:00,1.0596129943107764,1.1092822739128128,1.0596129943107764,1.076169729232788,109131,0.0,0.0
1981-07-14 00:00:00-04:00,1.076169729232788,1.0927260015728004,1.0596129943107764,1.076169729232788,135864,0.0,0.0
1981-07-15 00:00:00-04:00,1.076169729232788,1.076169729232788,1.0596129943107764,1.076169729232788,142822,0.0,0.0
1981-07-16 00:00:00-04:00,1.076169729232788,1.076169729232788,1.0596129943107764,1.076169729232788,49805,0.0,0.0
1981-07-17 00:00:00-04:00,1.0761696031993733,1.0761696031993733,1.0596128702163696,1.0596128702163696,91553,0.0,0.0
1981-07-20 00:00:00-04:00,1.0596127530435464,1.12583886813382,1.0430563688278198,1.0430563688278198,67383,0.0,0.0
1981-07-21 00:00:00-04:00,1.0430563688278198,1.0761694841956935,1.0430563688278198,1.0430563688278198,132202,0.0,0.0
1981-07-22 00:00:00-04:00,1.0430566167824256,1.0596130049339236,1.0265003442764282,1.0265003442764282,945923,0.0,0.0
1981-07-23 00:00:00-04:00,1.0265003442764282,1.0265003442764282,1.009943609188427,1.0265003442764282,106934,0.0,0.0
1981-07-24 00:00:00-04:00,1.0265003442764282,1.0265003442764282,1.009943609188427,1.0265003442764282,113159,0.0,0.0
1981-07-27 00:00:00-04:00,1.0265002137687664,1.0596128702163696,1.0265002137687664,1.0596128702163696,194824,0.0,0.0
1981-07-28 00:00:00-04:00,1.0596129943107764,1.076169729232788,1.0596129943107764,1.076169729232788,57861,0.0,0.0
1981-07-29 00:00:00-04:00,1.0596128702163696,1.0596128702163696,1.0430564841698249,1.0596128702163696,156372,0.0,0.0
1981-07-30 00:00:00-04:00,1.0596133180245049,1.1092826128005981,1.0430569249809856,1.1092826128005981,469482,0.0,0.0
1981-07-31 00:00:00-04:00,1.1092826128005981,1.1423957458242424,1.092726335402614,1.1092826128005981,208008,0.0,0.0
1981-08-03 00:00:00-04:00,1.1092820233136376,1.1423951387405396,1.092725754713871,1.1423951387405396,330688,0.0,0.0
1981-08-04 00:00:00-04:00,1.1423951416518254,1.1755081415176392,1.1423951416518254,1.1755081415176392,337646,0.0,0.0
1981-08-05 00:00:00-04:00,1.1755087272068052,1.2251781361074943,1.1755087272068052,1.1920651197433472,646729,0.0,0.0
1981-08-06 00:00:00-04:00,1.192064525805072,1.192064525805072,1.1589514102937843,1.1755081415176392,163330,0.0,0.0
1981-08-07 00:00:00-04:00,1.1755081415176392,1.1755081415176392,1.1589514102937843,1.1755081415176392,114258,0.0,0.0
1981-08-10 00:00:00-04:00,1.1589514073403062,1.1589514073403062,1.1258388701407729,1.1423951387405396,112061,0.0,0.0
1981-08-11 00:00:00-04:00,1.1423957458242424,1.1423957458242424,1.1092826128005981,1.1092826128005981,87524,0.0,0.0
1981-08-12 00:00:00-04:00,1.1092824986853211,1.125839352607727,1.1092824986853211,1.125839352607727,64819,0.0,0.0
1981-08-13 00:00:00-04:00,1.125839352607727,1.125839352607727,1.1092824986853211,1.125839352607727,91553,0.0,0.0
1981-08-14 00:00:00-04:00,1.125839237648056,1.142395511652281,1.0927261114120483,1.0927261114120483,106201,0.0,0.0
1981-08-17 00:00:00-04:00,1.0927261114120483,1.1092823854162734,1.0596131008215524,1.0927261114120483,103271,0.0,0.0
1981-08-18 00:00:00-04:00,1.0927258736004317,1.0927258736004317,1.0596128702163696,1.0596128702163696,249390,0.0,0.0
1981-08-19 00:00:00-04:00,1.0596128702163696,1.0761696031993733,1.0430564841698249,1.0596128702163696,147949,0.0,0.0
1981-08-20 00:00:00-04:00,1.0596128702163696,1.0761696031993733,1.0430564841698249,1.0596128702163696,150879,0.0,0.0
1981-08-21 00:00:00-04:00,1.0596128702163696,1.0596128702163696,1.0430564841698249,1.0596128702163696,185669,0.0,0.0
1981-08-24 00:00:00-04:00,1.043056488790769,1.043056488790769,1.0099434852600098,1.0099434852600098,190063,0.0,0.0
1981-08-25 00:00:00-04:00,1.0099433691054196,1.0430563688278198,1.0099433691054196,1.0430563688278198,182007,0.0,0.0
1981-08-26 00:00:00-04:00,1.0430563688278198,1.0596127530435464,1.0265001002575667,1.0430563688278198,177246,0.0,0.0
1981-08-27 00:00:00-04:00,1.0430566167824256,1.0430566167824256,1.009943609188427,1.0265003442764282,200317,0.0,0.0
1981-08-28 00:00:00-04:00,1.0265003442764282,1.0430566167824256,1.0265003442764282,1.0265003442764282,385986,0.0,0.0
1981-08-31 00:00:00-04:00,1.0265003442764282,1.0596130049339236,1.0265003442764282,1.0265003442764282,451904,0.0,0.0
1981-09-01 00:00:00-04:00,1.0265001002575667,1.0430563688278198,1.0265001002575667,1.0430563688278198,98511,0.0,0.0
1981-09-02 00:00:00-04:00,1.0430563688278198,1.0430563688278198,1.0265001002575667,1.0430563688278198,122681,0.0,0.0
1981-09-03 00:00:00-04:00,1.043056488790769,1.043056488790769,1.0099434852600098,1.0099434852600098,143555,0.0,0.0
1981-09-04 00:00:00-04:00,1.009943609188427,1.0265003442764282,1.009943609188427,1.0265003442764282,134766,0.0,0.0
1981-09-08 00:00:00-04:00,1.0265001028880028,1.0265001028880028,0.9933871030807495,0.9933871030807495,137329,0.0,0.0
1981-09-09 00:00:00-04:00,0.9933869113418143,1.0099431767588796,0.960273802280426,0.960273802280426,467285,0.0,0.0
1981-09-10 00:00:00-04:00,0.9602741654548177,0.9768308997154236,0.9437178937761928,0.9768308997154236,306519,0.0,0.0
1981-09-11 00:00:00-04:00,0.9768308997154236,0.9933872870395438,0.9602741654548177,0.9768308997154236,295532,0.0,0.0
1981-09-14 00:00:00-04:00,0.9768308997154236,0.9933872870395438,0.9437178937761928,0.9768308997154236,352661,0.0,0.0
1981-09-15 00:00:00-04:00,0.9768305302792974,0.9768305302792974,0.960273802280426,0.960273802280426,111328,0.0,0.0
1981-09-16 00:00:00-04:00,0.960273802280426,0.960273802280426,0.9437175368633607,0.960273802280426,145020,0.0,0.0
1981-09-17 00:00:00-04:00,0.960273744120123,0.9768304711162134,0.9437174797058105,0.9437174797058105,82764,0.0,0.0
1981-09-18 00:00:00-04:00,0.9437174797058105,0.960273744120123,0.9271611574687759,0.9437174797058105,383057,0.0,0.0
1981-09-21 00:00:00-04:00,0.9271615688997754,0.9271615688997754,0.8940485049726192,0.9106048345565796,175781,0.0,0.0
1981-09-22 00:00:00-04:00,0.910604430141133,0.9271611571311951,0.910604430141133,0.9271611571311951,97046,0.0,0.0
1981-09-23 00:00:00-04:00,0.9271615688997754,0.9271615688997754,0.8940485049726192,0.9106048345565796,213867,0.0,0.0
1981-09-24 00:00:00-04:00,0.9106048416957263,0.9106048416957263,0.8940485119819641,0.8940485119819641,120850,0.0,0.0
1981-09-25 00:00:00-04:00,0.8940482077849778,0.8940482077849778,0.8443788886070251,0.8443788886070251,323730,0.0,0.0
1981-09-28 00:00:00-04:00,0.8443791271331833,0.8774921894073486,0.7947097361015428,0.8774921894073486,352661,0.0,0.0
1981-09-29 00:00:00-04:00,0.8774919415271797,0.8774919415271797,0.8278225645264983,0.8443788886070251,306519,0.0,0.0
1981-09-30 00:00:00-04:00,0.8443793530497364,0.860935628414154,0.8443793530497364,0.860935628414154,77271,0.0,0.0
1981-10-01 00:00:00-04:00,0.8609354477952014,0.9106048416957263,0.8443791759041877,0.8940485119819641,116089,0.0,0.0
1981-10-02 00:00:00-04:00,0.8940481623849071,0.960273802280426,0.8940481623849071,0.960273802280426,520020,0.0,0.0
1981-10-05 00:00:00-04:00,0.9768307188225968,1.0099433716934285,0.9768307188225968,0.9933871030807495,406860,0.0,0.0
1981-10-06 00:00:00-04:00,0.9933871030807495,0.9933871030807495,0.9602739876280225,0.9933871030807495,64087,0.0,0.0
1981-10-07 00:00:00-04:00,0.9933872103847043,1.0761696031993733,0.9768308243381596,1.0596128702163696,366943,0.0,0.0
1981-10-08 00:00:00-04:00,1.0596133180245049,1.1258394684262583,1.0596133180245049,1.1092826128005981,736450,0.0,0.0
1981-10-09 00:00:00-04:00,1.1092823854162734,1.125839237648056,1.0927261114120483,1.0927261114120483,322266,0.0,0.0
1981-10-12 00:00:00-04:00,1.0927260125279221,1.0927260125279221,1.009943609188427,1.0265003442764282,267700,0.0,0.0
1981-10-13 00:00:00-04:00,1.0265001002575667,1.0430563688278198,1.0265001002575667,1.0430563688278198,59692,0.0,0.0
1981-10-14 00:00:00-04:00,1.026500218316363,1.026500218316363,1.0099434852600098,1.0099434852600098,72876,0.0,0.0
1981-10-15 00:00:00-04:00,1.0099433691054196,1.0596127530435464,0.9933871005351665,1.0430563688278198,793579,0.0,0.0
1981-10-16 00:00:00-04:00,1.0430566167824256,1.0430566167824256,1.0265003442764282,1.0265003442764282,62622,0.0,0.0
1981-10-19 00:00:00-04:00,1.0265003442764282,1.0430566167824256,1.0265003442764282,1.0265003442764282,46143,0.0,0.0
1981-10-20 00:00:00-04:00,1.0265003442764282,1.0430566167824256,1.0265003442764282,1.0265003442764282,91553,0.0,0.0
1981-10-21 00:00:00-04:00,1.026500218316363,1.043056488790769,1.0099434852600098,1.0099434852600098,159302,0.0,0.0
1981-10-22 00:00:00-04:00,1.0099434852600098,1.026500218316363,0.9933872147856038,1.0099434852600098,35889,0.0,0.0
1981-10-23 00:00:00-04:00,1.0099434852600098,1.0099434852600098,0.9933872147856038,1.0099434852600098,55298,0.0,0.0
1981-10-26 00:00:00-05:00,1.0099433716934285,1.0099433716934285,0.9768307188225968,0.9933871030807495,58228,0.0,0.0
1981-10-27 00:00:00-05:00,0.9933871030807495,1.0099433716934285,0.9768307188225968,0.9933871030807495,72876,0.0,0.0
1981-10-28 00:00:00-05:00,0.9933872147856038,1.043056488790769,0.9933872147856038,1.0099434852600098,179443,0.0,0.0
1981-10-29 00:00:00-05:00,1.0099434852600098,1.0099434852600098,0.976830828665711,1.0099434852600098,283081,0.0,0.0
1981-10-30 00:00:00-05:00,1.0099433691054196,1.0430563688278198,0.9933871005351665,1.0430563688278198,357788,0.0,0.0
1981-11-02 00:00:00-05:00,1.0430563688278198,1.0761694841956935,1.0430563688278198,1.0430563688278198,629883,0.0,0.0
1981-11-03 00:00:00-05:00,1.0430564841698249,1.0596128702163696,1.0430564841698249,1.0596128702163696,312012,0.0,0.0
1981-11-04 00:00:00-05:00,1.076169729232788,1.1092822739128128,1.076169729232788,1.076169729232788,503174,0.0,0.0
1981-11-05 00:00:00-05:00,1.092725757498579,1.192064525805072,1.092725757498579,1.1755081415176392,3130371,0.0,0.0
1981-11-06 00:00:00-05:00,1.1755089429235404,1.2417346408682663,1.1589522004120887,1.2251783609390259,812988,0.0,0.0
1981-11-09 00:00:00-05:00,1.2251773969418243,1.2251773969418243,1.1920644005551841,1.2086206674575806,336914,0.0,0.0
1981-11-10 00:00:00-05:00,1.2251775208669287,1.2748469048254198,1.2251775208669287,1.2417337894439697,604614,0.0,0.0
1981-11-11 00:00:00-05:00,1.2417337894439697,1.258290058021011,1.2251775208669287,1.2417337894439697,284546,0.0,0.0
1981-11-12 00:00:00-05:00,1.2417346408682663,1.2582909207975066,1.2251783609390259,1.2251783609390259,837524,0.0,0.0
1981-11-13 00:00:00-05:00,1.2251778946609821,1.2417341682892382,1.142395485710123,1.158951759338379,335449,0.0,0.0
1981-11-16 00:00:00-05:00,1.1589519039973062,1.1589519039973062,1.1092824986853211,1.125839352607727,254517,0.0,0.0
1981-11-17 00:00:00-05:00,1.1258388730098667,1.192064525805072,1.092725757498579,1.1755081415176392,440552,0.0,0.0
1981-11-18 00:00:00-05:00,1.1755081415176392,1.192064525805072,1.1589514102937843,1.1755081415176392,273926,0.0,0.0
1981-11-19 00:00:00-05:00,1.175508138521968,1.175508138521968,1.1423951387405396,1.1423951387405396,188965,0.0,0.0
1981-11-20 00:00:00-05:00,1.1423951416518254,1.1755081415176392,1.1258388730098667,1.1755081415176392,155640,0.0,0.0
1981-11-23 00:00:00-05:00,1.1755081415176392,1.2251775256708857,1.1755081415176392,1.1755081415176392,254150,0.0,0.0
1981-11-24 00:00:00-05:00,1.1920644005551841,1.2417336638442205,1.1920644005551841,1.2086206674575806,232910,0.0,0.0
1981-11-25 00:00:00-05:00,1.2251771825256046,1.291402816772461,1.2251771825256046,1.291402816772461,1082520,0.0,0.0
1981-11-27 00:00:00-05:00,1.291402816772461,1.3245159230094932,1.2417334465305165,1.291402816772461,787720,0.0,0.0
1981-11-30 00:00:00-05:00,1.2914034021918883,1.390742072062575,1.2748471306816818,1.3741858005523682,1265991,0.0,0.0
1981-12-01 00:00:00-05:00,1.3741859154308127,1.440411585235407,1.3410729070602598,1.3576291799545288,864258,0.0,0.0
1981-12-02 00:00:00-05:00,1.3576291799545288,1.3576291799545288,1.3079597830442034,1.3576291799545288,492920,0.0,0.0
1981-12-03 00:00:00-05:00,1.3576294072361828,1.407298812461697,1.3410731315702167,1.3907424211502075,392944,0.0,0.0
1981-12-04 00:00:00-05:00,1.3907420644422812,1.440411456928218,1.3907420644422812,1.423855185508728,963867,0.0,0.0
1981-12-07 00:00:00-05:00,1.423855185508728,1.4735245779946649,1.4072984515072646,1.423855185508728,1402222,0.0,0.0
1981-12-08 00:00:00-05:00,1.423855185508728,1.423855185508728,1.3907420644422812,1.423855185508728,564331,0.0,0.0
1981-12-09 00:00:00-05:00,1.4404109888627823,1.5397497415542603,1.4404109888627823,1.5397497415542603,1659302,0.0,0.0
1981-12-10 00:00:00-05:00,1.5397505641052347,1.5728635764553514,1.5066374361096004,1.5563068389892578,1382446,0.0,0.0
1981-12-11 00:00:00-05:00,1.5563065961641687,1.6059759912940836,1.5563065961641687,1.5894196033477783,3344971,0.0,0.0
1981-12-14 00:00:00-05:00,1.5563063721228367,1.5563063721228367,1.456967596163528,1.490080714225769,643799,0.0,0.0
1981-12-15 00:00:00-05:00,1.4900812968512294,1.5397507042517447,1.4900812968512294,1.5066375732421875,618530,0.0,0.0
1981-12-16 00:00:00-05:00,1.5066366312480077,1.5728627362150567,1.5066366312480077,1.5397497415542603,671631,0.0,0.0
1981-12-17 00:00:00-05:00,1.5397503057242778,1.6556452512741089,1.5397503057242778,1.6556452512741089,1440308,0.0,0.0
1981-12-18 00:00:00-05:00,1.655645634844896,1.655645634844896,1.6059763444385062,1.6225330829620361,611938,0.0,0.0
1981-12-21 00:00:00-05:00,1.6225327261768874,1.6225327261768874,1.5728633310469726,1.5894196033477783,521851,0.0,0.0
1981-12-22 00:00:00-05:00,1.5728634742839267,1.5728634742839267,1.5231940746307373,1.5231940746307373,509399,0.0,0.0
1981-12-23 00:00:00-05:00,1.5231937166425273,1.5231937166425273,1.456967596163528,1.490080714225769,463257,0.0,0.0
1981-12-24 00:00:00-05:00,1.4900812968512294,1.5231943122152583,1.4735250204602712,1.5066375732421875,239868,0.0,0.0
1981-12-28 00:00:00-05:00,1.5066373382401506,1.5231940746307373,1.4900810644316043,1.5231940746307373,396240,0.0,0.0
1981-12-29 00:00:00-05:00,1.52319360059658,1.52319360059658,1.4735243320465088,1.4735243320465088,548218,0.0,0.0
1981-12-30 00:00:00-05:00,1.4569677283477078,1.4569677283477078,1.423855185508728,1.423855185508728,435791,0.0,0.0
1981-12-31 00:00:00-05:00,1.4238552854937716,1.456967830657959,1.4238552854937716,1.456967830657959,153076,0.0,0.0
1982-01-04 00:00:00-05:00,1.4404116868972778,1.4569679609600612,1.4238554128344945,1.4404116868972778,159668,0.0,0.0
1982-01-05 00:00:00-05:00,1.4072984592182756,1.4404114648206652,1.3576290664601853,1.3741858005523682,492920,0.0,0.0
1982-01-06 00:00:00-05:00,1.3741858005523682,1.390742072062575,1.3410727949499786,1.3741858005523682,419678,0.0,0.0
1982-01-07 00:00:00-05:00,1.456967938586961,1.5231940746307373,1.374185991316679,1.5231940746307373,636475,0.0,0.0
1982-01-08 00:00:00-05:00,1.5563065961641687,1.5894196033477783,1.506637201034254,1.5894196033477783,1082886,0.0,0.0
1982-01-11 00:00:00-05:00,1.5397501022054236,1.589419374539595,1.490080714225769,1.490080714225769,893555,0.0,0.0
1982-01-12 00:00:00-05:00,1.5231940746307373,1.5397504640847937,1.4900810644316043,1.5231940746307373,379028,0.0,0.0
1982-01-13 00:00:00-05:00,1.5397507042517447,1.5728637196157735,1.5066375732421875,1.5066375732421875,1052490,0.0,0.0
1982-01-14 00:00:00-05:00,1.5397505641052347,1.5728635764553514,1.5066374361096004,1.5563068389892578,487427,0.0,0.0
1982-01-15 00:00:00-05:00,1.6059759813260557,1.6390889883041382,1.5563065865044305,1.6390889883041382,936768,0.0,0.0
1982-01-18 00:00:00-05:00,1.6887573217291925,1.738426685333252,1.6225316963328231,1.738426685333252,1931396,0.0,0.0
1982-01-19 00:00:00-05:00,1.7053146458188915,1.7549840403636743,1.639088979168345,1.6556452512741089,717773,0.0,0.0
1982-01-20 00:00:00-05:00,1.6722012758255005,1.705313803685094,1.6390881697387012,1.6722012758255005,607910,0.0,0.0
1982-01-21 00:00:00-05:00,1.688758482269726,1.7715408889294393,1.6059760756100123,1.7053147554397583,689575,0.0,0.0
1982-01-22 00:00:00-05:00,1.688758482269726,1.7053147554397583,1.6556453577021326,1.7053147554397583,524414,0.0,0.0
1982-01-25 00:00:00-05:00,1.6722021109277196,1.6887583831257633,1.6390889883041382,1.6390889883041382,463989,0.0,0.0
1982-01-26 00:00:00-05:00,1.6722012758255005,1.6887575397552972,1.6390881697387012,1.6722012758255005,351562,0.0,0.0
1982-01-27 00:00:00-05:00,1.6556452512741089,1.6887583737131275,1.622532707062581,1.6556452512741089,550049,0.0,0.0
1982-01-28 00:00:00-05:00,1.738427507445926,1.8046530485153198,1.655645002881779,1.8046530485153198,896484,0.0,0.0
1982-01-29 00:00:00-05:00,1.7880969061599925,1.8212100259879351,1.7384276311772904,1.754983901977539,1526733,0.0,0.0
1982-02-01 00:00:00-05:00,1.7053140434718486,1.7384271542147318,1.6722015109562522,1.6887577772140503,428467,0.0,0.0
1982-02-02 00:00:00-05:00,1.7218703078955162,1.771539671499576,1.6722010599368828,1.738426685333252,356689,0.0,0.0
1982-02-03 00:00:00-05:00,1.7880969061599925,1.8212100259879351,1.7384276311772904,1.754983901977539,677490,0.0,0.0
1982-02-04 00:00:00-05:00,1.7880974921085633,1.8212106227874756,1.7549844770751781,1.8212106227874756,500244,0.0,0.0
1982-02-05 00:00:00-05:00,1.8874359033614256,1.9205489113324,1.8543227797449489,1.9039921760559082,1144409,0.0,0.0
1982-02-08 00:00:00-05:00,1.8377663034532914,1.9039919651219146,1.771540641784668,1.771540641784668,688843,0.0,0.0
1982-02-09 00:00:00-05:00,1.754983901977539,1.8046531769602412,1.6887582405490993,1.754983901977539,954712,0.0,0.0
1982-02-10 00:00:00-05:00,1.8046530485153198,1.8377661659864595,1.7549837770677934,1.8046530485153198,281250,0.0,0.0
1982-02-11 00:00:00-05:00,1.804653768334202,1.8212106227874756,1.7880974921085633,1.8212106227874756,425171,0.0,0.0
1982-02-12 00:00:00-05:00,1.8212098963645917,1.8377661659864595,1.8046530485153198,1.8046530485153198,206909,0.0,0.0
1982-02-16 00:00:00-05:00,1.8377655879414616,1.887434959411621,1.7715399520569894,1.887434959411621,521484,0.0,0.0
1982-02-17 00:00:00-05:00,1.9371054152330058,1.9867749331178473,1.8874361286391967,1.9702186584472656,2399780,0.0,0.0
1982-02-18 00:00:00-05:00,2.0364437179484285,2.086112992304131,1.986774443592726,2.0198874473571777,1672119,0.0,0.0
1982-02-19 00:00:00-05:00,1.9702184232888615,2.069556984619775,1.8543227797449489,1.9039921760559082,1271851,0.0,0.0
1982-02-22 00:00:00-05:00,1.9371039505769678,2.0198864177927116,1.8543215990066528,1.8543215990066528,1138916,0.0,0.0
1982-02-23 00:00:00-05:00,1.8874350877362909,1.9371043469379652,1.821209447349209,1.9205480813980103,1286865,0.0,0.0
1982-02-24 00:00:00-05:00,2.0033307066866204,2.0364437103271484,1.953661201225828,2.0364437103271484,936401,0.0,0.0
1982-02-25 00:00:00-05:00,2.086113441723317,2.152339232228514,2.0198878825091455,2.1026697158813477,2031006,0.0,0.0
1982-02-26 00:00:00-05:00,2.1192257366451233,2.1523382701602967,2.0861125092571844,2.13578200340271,1195679,0.0,0.0
1982-03-01 00:00:00-05:00,2.13578224750112,2.1688952473826193,2.1026690163286723,2.1192259788513184,1156860,0.0,0.0
1982-03-02 00:00:00-05:00,2.0861125029748173,2.135781996970762,2.036443240269793,2.06955623626709,823242,0.0,0.0
1982-03-03 00:00:00-05:00,2.102669006225893,2.1357822372392397,2.0695564690853865,2.0861127376556396,1306274,0.0,0.0
1982-03-04 00:00:00-05:00,2.0861125029748173,2.1026687696825443,2.0529995069775206,2.06955623626709,683716,0.0,0.0
1982-03-05 00:00:00-05:00,2.102669006225893,2.1357822372392397,2.0695564690853865,2.0861127376556396,922852,0.0,0.0
1982-03-08 00:00:00-05:00,2.1026694914708117,2.1688957374899642,2.019887666933623,2.0530002117156982,1327515,0.0,0.0
1982-03-09 00:00:00-05:00,2.0198874473571777,2.06955672171288,1.9702181730014754,2.0198874473571777,1346924,0.0,0.0
1982-03-10 00:00:00-05:00,2.0364434745814313,2.086112743001363,1.986774206161499,1.986774206161499,807861,0.0,0.0
1982-03-11 00:00:00-05:00,2.003331209876021,2.0695572337914876,1.9205491425637529,1.937105417251587,1192383,0.0,0.0
1982-03-12 00:00:00-05:00,1.887434701538379,1.9205476884246764,1.8377653368543614,1.8543215990066528,949585,0.0,0.0
1982-03-15 00:00:00-05:00,1.8708791732788086,1.9039917105724986,1.8212097891109036,1.8708791732788086,758789,0.0,0.0
1982-03-16 00:00:00-05:00,1.9205491425637529,1.9536616919394212,1.8708798559181852,1.937105417251587,563599,0.0,0.0
1982-03-17 00:00:00-05:00,1.9536616899035875,1.9702186584472656,1.9205491405624242,1.9702186584472656,505737,0.0,0.0
1982-03-18 00:00:00-05:00,2.052999747797371,2.1192259788513184,1.9702179419664667,2.1192259788513184,1972046,0.0,0.0
1982-03-19 00:00:00-05:00,2.2351207733154297,2.2682340043212346,2.18545150503409,2.2351207733154297,2124390,0.0,0.0
1982-03-22 00:00:00-05:00,2.2516772731728585,2.2682340043212346,2.2185645047489477,2.2351207733154297,1220581,0.0,0.0
1982-03-23 00:00:00-05:00,2.1854522307576993,2.2351215155327293,2.1357829459826694,2.152339220046997,1296753,0.0,0.0
1982-03-24 00:00:00-05:00,2.152339232228514,2.1854522431266252,2.1026697158813477,2.1026697158813477,641968,0.0,0.0
1982-03-25 00:00:00-05:00,2.1523382701602967,2.2020075330149003,2.102668776014771,2.13578200340271,1293091,0.0,0.0
1982-03-26 00:00:00-05:00,2.1523382701602967,2.168894999499727,2.1192257366451233,2.13578200340271,297363,0.0,0.0
1982-03-29 00:00:00-05:00,2.1523382692853383,2.202007532119751,2.086112508409148,2.202007532119751,750732,0.0,0.0
1982-03-30 00:00:00-05:00,2.1688959488198716,2.1854522228240967,2.1357829382293754,2.1854522228240967,909302,0.0,0.0
1982-03-31 00:00:00-05:00,2.178799889594744,2.2120636411289136,2.145535673366216,2.162167549133301,1319824,0.02048,0.0
1982-04-01 00:00:00-05:00,2.2286958098651746,2.2785921303633616,2.1621673825342587,2.2619597911834717,551514,0.0,0.0
1982-04-02 00:00:00-05:00,2.2619591418683767,2.3118552156962995,2.2120628356933594,2.2120628356933594,910400,0.0,0.0
1982-04-05 00:00:00-05:00,2.1787984371185303,2.2286944958513883,2.1289023783856726,2.1787984371185303,687744,0.0,0.0
1982-04-06 00:00:00-05:00,2.1954309503108296,2.2286951541900635,2.1621667464315957,2.2286951541900635,310913,0.0,0.0
1982-04-07 00:00:00-05:00,2.245327684350743,2.2785921303633616,2.2120634706852846,2.2619597911834717,769043,0.0,0.0
1982-04-08 00:00:00-05:00,2.2619597911834717,2.2785921303633616,2.245327684350743,2.2619597911834717,956177,0.0,0.0
1982-04-12 00:00:00-05:00,2.245327068499274,2.2785915053880763,2.1954309940338135,2.1954309940338135,373901,0.0,0.0
1982-04-13 00:00:00-05:00,2.162166141904648,2.1787984715410715,2.1289024120199125,2.1455342769622803,553345,0.0,0.0
1982-04-14 00:00:00-05:00,2.1954309659821147,2.2120628356933594,2.1621667618654365,2.2120628356933594,744873,0.0,0.0
1982-04-15 00:00:00-05:00,2.2120628356933594,2.228695170098793,2.1954309659821147,2.2120628356933594,380493,0.0,0.0
1982-04-16 00:00:00-05:00,2.2286951541900635,2.2453270237825875,2.2120628199033536,2.2286951541900635,399536,0.0,0.0
1982-04-19 00:00:00-05:00,2.3118561271491815,2.395016670227051,2.2286960487656846,2.395016670227051,2128418,0.0,0.0
1982-04-20 00:00:00-05:00,2.4615435875257172,2.4948077905342645,2.411647515359983,2.4449117183685303,1810181,0.0,0.0
1982-04-21 00:00:00-05:00,2.478175640106201,2.511439374645169,2.444911440873113,2.478175640106201,969727,0.0,0.0
1982-04-22 00:00:00-05:00,2.511439374645169,2.5280719389558337,2.478175640106201,2.478175640106201,1220947,0.0,0.0
1982-04-23 00:00:00-05:00,2.4781768538118096,2.494808729226879,2.444912638287324,2.4615445137023926,520386,0.0,0.0
1982-04-26 00:00:00-04:00,2.511440026965513,2.5613363387751913,2.4615439475029546,2.5280725955963135,819946,0.0,0.0
1982-04-27 00:00:00-04:00,2.494807004928589,2.561335157649123,2.4282790845550686,2.494807004928589,637939,0.0,0.0
1982-04-28 00:00:00-04:00,2.4781751410087156,2.511438868848462,2.444910948474942,2.494807004928589,587402,0.0,0.0
1982-04-29 00:00:00-04:00,2.511438868848462,2.5280714298093763,2.4781751410087156,2.494807004928589,796143,0.0,0.0
1982-04-30 00:00:00-04:00,2.494808729226879,2.5114406046419475,2.4615445137023926,2.4615445137023926,341675,0.0,0.0
1982-05-03 00:00:00-04:00,2.5114397344977824,2.561336040496826,2.461543660845832,2.561336040496826,1758545,0.0,0.0
1982-05-04 00:00:00-04:00,2.611231803894043,2.6278641362646393,2.577968068541114,2.611231803894043,2352905,0.0,0.0
1982-05-05 00:00:00-04:00,2.6278650760650635,2.661128823314069,2.59460086412176,2.6278650760650635,1356079,0.0,0.0
1982-05-06 00:00:00-04:00,2.661128823314069,2.6943932676045215,2.6278650760650635,2.6278650760650635,1093506,0.0,0.0
1982-05-07 00:00:00-04:00,2.627864162615109,2.6611278983015847,2.594599962234497,2.594599962234497,847046,0.0,0.0
1982-05-10 00:00:00-04:00,2.561336107568082,2.5946003124385024,2.511439800262451,2.511439800262451,1188354,0.0,0.0
1982-05-11 00:00:00-04:00,2.5447044671857526,2.5613363387751913,2.511440026965513,2.5280725955963135,1097900,0.0,0.0
1982-05-12 00:00:00-04:00,2.544703960418701,2.5613358286959738,2.511439526822933,2.544703960418701,961670,0.0,0.0
1982-05-13 00:00:00-04:00,2.577968374843601,2.627864448495551,2.528072301191651,2.561336040496826,770508,0.0,0.0
1982-05-14 00:00:00-04:00,2.577968094391259,2.6112318300777346,2.544703894010647,2.594599962234497,428101,0.0,0.0
1982-05-17 00:00:00-04:00,2.577968374843601,2.594600244496189,2.561336040496826,2.561336040496826,269897,0.0,0.0
1982-05-18 00:00:00-04:00,2.594600244496189,2.6112321141487764,2.561336040496826,2.561336040496826,811890,0.0,0.0
1982-05-19 00:00:00-04:00,2.511439441547233,2.5779680741327216,2.4282796382904053,2.4282796382904053,1085449,0.0,0.0
1982-05-20 00:00:00-04:00,2.444912638287324,2.4781768538118096,2.4116484227628376,2.4615445137023926,507935,0.0,0.0
1982-05-21 00:00:00-04:00,2.494808729226879,2.5114406046419475,2.4615445137023926,2.4615445137023926,377197,0.0,0.0
1982-05-24 00:00:00-04:00,2.444912638287324,2.4781768538118096,2.4116484227628376,2.4615445137023926,507935,0.0,0.0
1982-05-25 00:00:00-04:00,2.4282794690905947,2.4948073999992917,2.361750841140747,2.361750841140747,618896,0.0,0.0
1982-05-26 00:00:00-04:00,2.278591460008914,2.36175127266572,2.1954309503108296,2.2286951541900635,2454346,0.0,0.0
1982-05-27 00:00:00-04:00,2.178799889594744,2.2619599654717057,2.095639349023424,2.162167549133301,2641479,0.0,0.0
1982-05-28 00:00:00-04:00,2.1289024120199125,2.162166141904648,2.095637985094094,2.1455342769622803,758423,0.0,0.0
1982-06-01 00:00:00-04:00,2.0956385135650635,2.1289029488793942,2.062374310597819,2.0956385135650635,384888,0.0,0.0
1982-06-02 00:00:00-04:00,2.112269816664997,2.1954303017981336,2.0291100285729327,2.1787984371185303,1647217,0.0,0.0
1982-06-03 00:00:00-04:00,2.2453259993559227,2.295222282409668,2.195429948649164,2.295222282409668,1987427,0.0,0.0
1982-06-04 00:00:00-04:00,2.295223329601438,2.345119403073196,2.2286951541900635,2.2286951541900635,1126099,0.0,0.0
1982-06-07 00:00:00-04:00,2.245327684350743,2.3118558793344977,2.1621673825342587,2.2619597911834717,730225,0.0,0.0
1982-06-08 00:00:00-04:00,2.2952240048489294,2.3284882185143876,2.2619597911834717,2.2619597911834717,1446167,0.0,0.0
1982-06-09 00:00:00-04:00,2.2619590975823147,2.2952233010477254,2.2120627923841987,2.2453269958496094,827637,0.0,0.0
1982-06-10 00:00:00-04:00,2.2453270398100376,2.27859147627381,2.2120628356933594,2.2120628356933594,652954,0.0,0.0
1982-06-11 00:00:00-04:00,2.2785921303633616,2.3118558793344977,2.245327684350743,2.2619597911834717,1032715,0.0,0.0
1982-06-14 00:00:00-04:00,2.228695198575519,2.2619591707701265,2.1954309940338135,2.1954309940338135,291138,0.0,0.0
1982-06-15 00:00:00-04:00,2.1954317653618287,2.2120636411289136,2.162167549133301,2.162167549133301,402100,0.0,0.0
1982-06-16 00:00:00-04:00,2.128902500852295,2.178798562455459,2.0623738765716553,2.0623738765716553,576782,0.0,0.0
1982-06-17 00:00:00-04:00,2.0124784093713854,2.045742615163057,1.9792146682739258,1.9792146682739258,544189,0.0,0.0
1982-06-18 00:00:00-04:00,1.962581753730774,1.9792143183804505,1.9293180185138115,1.962581753730774,483398,0.0,0.0
1982-06-21 00:00:00-04:00,1.9792146114505618,2.029110686358444,1.92931830419558,2.0124783515930176,1306641,0.0,0.0
1982-06-22 00:00:00-04:00,2.0790061201517256,2.1455342769622803,2.0124777309941435,2.1455342769622803,974121,0.0,0.0
1982-06-23 00:00:00-04:00,2.162166107744879,2.212062166477737,2.112269816664997,2.1787984371185303,699829,0.0,0.0
1982-06-24 00:00:00-04:00,2.1787984715410715,2.212062201425807,2.1455342769622803,2.1455342769622803,338379,0.0,0.0
1982-06-25 00:00:00-04:00,2.162167134126572,2.178799471395601,2.128903388977051,2.128903388977051,227783,0.0,0.0
1982-06-28 00:00:00-04:00,2.162167549133301,2.1954317653618287,2.128903797599131,2.162167549133301,236572,0.0,0.0
1982-06-29 00:00:00-04:00,2.172192335128784,2.188901790637947,2.1387743578082405,2.172192335128784,208008,0.02048,0.0
1982-06-30 00:00:00-04:00,2.172192714263428,2.205611164265721,2.1387747311101073,2.1554837226867676,292236,0.0,0.0
1982-07-01 00:00:00-04:00,2.122063527171189,2.138773207114728,2.1053545475006104,2.1053545475006104,107300,0.0,0.0
1982-07-02 00:00:00-04:00,2.021810248073541,2.0719376919327743,1.954973578453064,1.954973578453064,323730,0.0,0.0
1982-07-06 00:00:00-04:00,1.9382644013240755,1.9549733920678032,1.904845952987671,1.904845952987671,864624,0.0,0.0
1982-07-07 00:00:00-04:00,1.9048453756752943,1.9382638138833819,1.8714268207550049,1.8714268207550049,1138916,0.0,0.0
1982-07-08 00:00:00-04:00,1.8380094064515735,1.904845952987671,1.771172393066527,1.904845952987671,1119873,0.0,0.0
1982-07-09 00:00:00-04:00,1.9883918388226554,2.0218098163604736,1.954973161011496,2.0218098163604736,1212891,0.0,0.0
1982-07-12 00:00:00-04:00,2.055227141640234,2.1053545475006104,2.0050997357798575,2.1053545475006104,728027,0.0,0.0
1982-07-13 00:00:00-04:00,2.0719373618260564,2.105355808024225,2.0385193824768066,2.0385193824768066,1211426,0.0,0.0
1982-07-14 00:00:00-04:00,2.055228096762285,2.088646538482568,2.0218096550420013,2.071937084197998,353027,0.0,0.0
1982-07-15 00:00:00-04:00,2.088646538482568,2.1053555259182812,2.055228096762285,2.071937084197998,621826,0.0,0.0
1982-07-16 00:00:00-04:00,2.1053556024113074,2.1554832668130004,2.0552281714340515,2.1220645904541016,660645,0.0,0.0
1982-07-19 00:00:00-04:00,2.138774315578726,2.172192292239441,2.088646650314331,2.088646650314331,202515,0.0,0.0
1982-07-20 00:00:00-04:00,2.0385192719782768,2.071937249516095,2.0051008275915647,2.0218098163604736,752930,0.0,0.0
1982-07-21 00:00:00-04:00,2.0218100968126222,2.0385195547482513,1.9883921146392822,1.9883921146392822,662476,0.0,0.0
1982-07-22 00:00:00-04:00,1.9382644013240755,1.9883920738286824,1.8881369622439432,1.904845952987671,933472,0.0,0.0
1982-07-23 00:00:00-04:00,1.921554446220398,1.9382638994868189,1.9048454598028057,1.921554446220398,622559,0.0,0.0
1982-07-26 00:00:00-04:00,1.904845952987671,1.9215549437313986,1.8881369622439432,1.904845952987671,433960,0.0,0.0
1982-07-27 00:00:00-04:00,1.8714272166722565,1.9215547678771199,1.8212996654673932,1.838009238243103,235474,0.0,0.0
1982-07-28 00:00:00-04:00,1.8045908528374002,1.8380094180977928,1.7711724042892456,1.7711724042892456,552612,0.0,0.0
1982-07-29 00:00:00-04:00,1.7043360125576257,1.7878820248250005,1.6207900002902509,1.737754464149475,2749878,0.0,0.0
1982-07-30 00:00:00-04:00,1.7711724042892456,1.8045908528374002,1.737754305877805,1.7711724042892456,1122437,0.0,0.0
1982-08-02 00:00:00-04:00,1.838009238243103,1.8714272166722565,1.7878816870382397,1.838009238243103,974854,0.0,0.0
1982-08-03 00:00:00-04:00,1.7711724776927908,1.8547184858133765,1.6709173613178825,1.7043359279632568,1636230,0.0,0.0
1982-08-04 00:00:00-04:00,1.6040804827666273,1.6709170187952873,1.5372439467379675,1.5539530515670776,1234863,0.0,0.0
1982-08-05 00:00:00-04:00,1.604080080986023,1.6374986324104168,1.5706616462738188,1.604080080986023,1420532,0.0,0.0
1982-08-06 00:00:00-04:00,1.6876261520618827,1.754462670727757,1.6040800660588324,1.6374986171722412,2176758,0.0,0.0
1982-08-09 00:00:00-04:00,1.6374984734826645,1.6876260039736433,1.5873709429916856,1.6709164381027222,1085083,0.0,0.0
1982-08-10 00:00:00-04:00,1.6876261520618827,1.7210441196143482,1.6374986171722412,1.6374986171722412,717407,0.0,0.0
1982-08-11 00:00:00-04:00,1.6709164381027222,1.704334986283672,1.6374984734826645,1.6709164381027222,377197,0.0,0.0
1982-08-12 00:00:00-04:00,1.7377543778963882,1.7711724776927908,1.687626936421177,1.7043359279632568,1151001,0.0,0.0
1982-08-13 00:00:00-04:00,1.7377544112558323,1.7878819704055786,1.687626968818331,1.7878819704055786,562500,0.0,0.0
1982-08-16 00:00:00-04:00,1.8212994508842513,1.8547180089372066,1.7878814763923603,1.8045904636383057,659180,0.0,0.0
1982-08-17 00:00:00-04:00,1.7878816870382397,1.838009238243103,1.7377541358333763,1.838009238243103,606812,0.0,0.0
1982-08-18 00:00:00-04:00,1.737753340579927,1.8881359253744687,1.5706614240808718,1.5873708724975586,1505493,0.0,0.0
1982-08-19 00:00:00-04:00,1.6207894086837769,1.670916834349976,1.5706618663053717,1.6207894086837769,1317993,0.0,0.0
1982-08-20 00:00:00-04:00,1.6542083697758025,1.7043359279632568,1.6040808115883483,1.7043359279632568,968628,0.0,0.0
1982-08-23 00:00:00-04:00,1.6709165847247067,1.7210441196143482,1.6040800660588324,1.6374986171722412,1018433,0.0,0.0
1982-08-24 00:00:00-04:00,1.5706614240808718,1.620788952345719,1.5205338958160246,1.5873708724975586,1049561,0.0,0.0
1982-08-25 00:00:00-04:00,1.6709174442535275,1.7711725656045783,1.5706624396147255,1.737754464149475,1422363,0.0,0.0
1982-08-26 00:00:00-04:00,1.8547182342392479,1.904845785627397,1.7878816935754276,1.82129967212677,1979004,0.0,0.0
1982-08-27 00:00:00-04:00,1.82129967212677,1.8547182342392479,1.7878816935754276,1.82129967212677,328125,0.0,0.0
1982-08-30 00:00:00-04:00,1.8212996466676532,1.8547182083129883,1.7711722126924396,1.8547182083129883,460327,0.0,0.0
1982-08-31 00:00:00-04:00,1.921554321734238,1.9716817445883836,1.8714267821678927,1.9382637739181519,1063477,0.0,0.0
1982-09-01 00:00:00-04:00,1.9048454598028057,1.9883915590128385,1.8045903741751805,1.921554446220398,2256958,0.0,0.0
1982-09-02 00:00:00-04:00,1.9382645861163175,1.954973578453064,1.9048461345938306,1.954973578453064,602051,0.0,0.0
1982-09-03 00:00:00-04:00,1.921554748042531,1.9883918713332012,1.8547182083129883,1.8547182083129883,463623,0.0,0.0
1982-09-07 00:00:00-04:00,1.7711725656045783,1.8380095855005258,1.7043360125576257,1.737754464149475,1049194,0.0,0.0
1982-09-08 00:00:00-04:00,1.8045902944754357,1.8714268207550049,1.7377537681958666,1.8714268207550049,1220215,0.0,0.0
1982-09-09 00:00:00-04:00,1.8714271973550922,1.921554748042531,1.8045906576255493,1.8547182083129883,1763306,0.0,0.0
1982-09-10 00:00:00-04:00,1.838009238243103,1.85471822745768,1.8212996654673932,1.838009238243103,405029,0.0,0.0
1982-09-13 00:00:00-04:00,1.8045906828510987,1.8380092449635765,1.771172237450848,1.82129967212677,1092773,0.0,0.0
1982-09-14 00:00:00-04:00,1.8380092192708843,1.8714271973550922,1.8045906576255493,1.8547182083129883,1300781,0.0,0.0
1982-09-15 00:00:00-04:00,1.8714271973550922,1.8881367699583231,1.8380092192708843,1.8547182083129883,536499,0.0,0.0
1982-09-16 00:00:00-04:00,1.8714271973550922,1.8881367699583231,1.8380092192708843,1.8547182083129883,697266,0.0,0.0
1982-09-17 00:00:00-04:00,1.8045909622684189,1.8547185214181654,1.7544635198309178,1.7878819704055786,399902,0.0,0.0
1982-09-20 00:00:00-04:00,1.7878814763923603,1.8045904636383057,1.7544630350516177,1.8045904636383057,482666,0.0,0.0
1982-09-21 00:00:00-04:00,1.838009238243103,1.85471822745768,1.8045906762528163,1.838009238243103,956177,0.0,0.0
1982-09-22 00:00:00-04:00,1.8547180089372066,1.9048455542361076,1.7878814763923603,1.8045904636383057,1046997,0.0,0.0
1982-09-23 00:00:00-04:00,1.8380088463543551,1.888136386871338,1.771171853336574,1.888136386871338,501709,0.0,0.0
1982-09-24 00:00:00-04:00,1.921554446220398,1.954972885904411,1.8881364733852133,1.921554446220398,585205,0.0,0.0
1982-09-27 00:00:00-04:00,1.9716815820555336,2.0051002502441406,1.9215541633335724,2.0051002502441406,288208,0.0,0.0
1982-09-28 00:00:00-04:00,2.048763392763645,2.082349304842483,1.998384055450449,2.015177011489868,851074,0.02048,0.0
1982-09-29 00:00:00-04:00,1.981590032472656,2.031969595150768,1.9312107043919702,1.948004126548767,676025,0.0,0.0
1982-09-30 00:00:00-04:00,1.8976247809077713,1.9312106865208616,1.8640382888011207,1.880831241607666,580811,0.0,0.0
1982-10-01 00:00:00-04:00,1.8976246152030054,1.9312105178833008,1.8472451746890535,1.9312105178833008,276123,0.0,0.0
1982-10-04 00:00:00-04:00,1.9144177514300258,1.948004126548767,1.8808312590125713,1.948004126548767,237305,0.0,0.0
1982-10-05 00:00:00-04:00,1.9647968897584032,1.998383496230909,1.9312105178833008,1.9312105178833008,1235229,0.0,0.0
1982-10-06 00:00:00-04:00,2.0319692652279886,2.0991420045589,1.9647967604944647,2.082348585128784,1676147,0.0,0.0
1982-10-07 00:00:00-04:00,2.149522011878197,2.1999013423919678,2.0823490237991473,2.1999013423919678,2187378,0.0,0.0
1982-10-08 00:00:00-04:00,2.2166953594760574,2.2670747141559495,2.166316004796165,2.2334883213043213,1922241,0.0,0.0
1982-10-11 00:00:00-04:00,2.3006602426931306,2.3510395733092997,2.2334872544775495,2.267073631286621,1968018,0.0,0.0
1982-10-12 00:00:00-04:00,2.2166950702667236,2.2838676126085153,2.1495227625224516,2.2166950702667236,1373657,0.0,0.0
1982-10-13 00:00:00-04:00,2.2838663612589833,2.384625002266407,2.183107485654169,2.3342456817626953,1365601,0.0,0.0
1982-10-14 00:00:00-04:00,2.3510395279098493,2.4350049991162472,2.250280634025765,2.3846254348754883,2292480,0.0,0.0
1982-10-15 00:00:00-04:00,2.418212532934442,2.468591872729854,2.3510400016747317,2.451798915863037,1278076,0.0,0.0
1982-10-18 00:00:00-04:00,2.4685913396260526,2.5021777153015137,2.4182120107102913,2.5021777153015137,1417236,0.0,0.0
1982-10-19 00:00:00-04:00,2.451798915863037,2.5189712125252663,2.3846259154083658,2.451798915863037,1666992,0.0,0.0
1982-10-20 00:00:00-04:00,2.56935049236306,2.703695774078369,2.41821225570611,2.703695774078369,2511475,0.0,0.0
1982-10-21 00:00:00-04:00,2.7876607252784407,2.838040288605897,2.737281396548414,2.821247100830078,4000122,0.0,0.0
1982-10-22 00:00:00-04:00,2.9052135944366455,3.0395584185029847,2.7708683011753585,2.9052135944366455,2925659,0.0,0.0
1982-10-25 00:00:00-04:00,2.67010846977683,2.754074395754446,2.5861427783966064,2.5861427783966064,3033691,0.0,0.0
1982-10-26 00:00:00-04:00,2.636523061303899,2.78766131401062,2.4685918518722474,2.78766131401062,2675537,0.0,0.0
1982-10-27 00:00:00-04:00,2.78766131401062,2.854834313897734,2.720489017915942,2.78766131401062,2037231,0.0,0.0
1982-10-28 00:00:00-04:00,2.6869010663719086,2.787659929672531,2.5861424376686486,2.6197288036346436,1425659,0.0,0.0
1982-10-29 00:00:00-04:00,2.7036960611910126,2.8380408879778463,2.5525578084842913,2.78766131401062,1477661,0.0,0.0
1982-11-01 00:00:00-05:00,2.7876605056071795,2.905212810774636,2.6701086696345446,2.8884193897247314,1810913,0.0,0.0
1982-11-02 00:00:00-05:00,3.0395576348249813,3.1067306160328725,2.955592170756711,3.0227646827697754,2968506,0.0,0.0
1982-11-03 00:00:00-05:00,3.1235258755811692,3.224284600737191,3.005973951366615,3.207491636276245,2495361,0.0,0.0
1982-11-04 00:00:00-05:00,3.2074900283939147,3.2746625563575487,3.1403172658328113,3.1571106910705566,2022949,0.0,0.0
1982-11-05 00:00:00-05:00,3.1235229576632015,3.1906952219514886,3.0395570408094237,3.1739022731781006,1367065,0.0,0.0
1982-11-08 00:00:00-05:00,3.1235240087713563,3.190696295664028,3.056351487281238,3.140316963195801,2440430,0.0,0.0
1982-11-09 00:00:00-05:00,3.3082472918200176,3.4090061509377354,3.1906950158191023,3.3586266040802,2490234,0.0,0.0
1982-11-10 00:00:00-05:00,3.509766274857037,3.5937317529622503,3.4258005621543712,3.4929728507995605,3857300,0.0,0.0
1982-11-11 00:00:00-05:00,3.744870354391325,4.013561177377358,3.4593872786962248,3.996767282485962,4101929,0.0,0.0
1982-11-12 00:00:00-05:00,4.063939868592246,4.231870814436548,3.896007984358189,4.080732822418213,4070801,0.0,0.0
1982-11-15 00:00:00-05:00,3.7448709718380297,3.812043981906732,3.660905706291588,3.6944916248321533,3752930,0.0,0.0
1982-11-16 00:00:00-05:00,3.5433517794569256,3.6944899881154862,3.3922135707983645,3.5769381523132324,5454346,0.0,0.0
1982-11-17 00:00:00-05:00,3.677696402764895,3.7280757187736056,3.610523903220823,3.6609034538269043,2862305,0.0,0.0
1982-11-18 00:00:00-05:00,3.711283925231332,3.795249165256055,3.6105250272483125,3.778456211090088,2257690,0.0,0.0
1982-11-19 00:00:00-05:00,3.677697036284743,3.795248637489587,3.560145200482489,3.5769381523132324,1849365,0.0,0.0
1982-11-22 00:00:00-05:00,3.4593866220980507,3.57693846828432,3.341834306716919,3.341834306716919,3009155,0.0,0.0
1982-11-23 00:00:00-05:00,3.4090073108673096,3.5097659696712467,3.30824841746594,3.4090073108673096,1753784,0.0,0.0
1982-11-24 00:00:00-05:00,3.5769380618595625,3.677696943283081,3.476179180436044,3.677696943283081,1430420,0.0,0.0
1982-11-26 00:00:00-05:00,3.744870128722569,3.778456508896567,3.6944907930590345,3.7280771732330322,932739,0.0,0.0
1982-11-29 00:00:00-05:00,3.660904825725991,3.7616634955020363,3.5601459213524875,3.7112841606140137,1409912,0.0,0.0
1982-11-30 00:00:00-05:00,3.912800619510068,4.114318370819092,3.7112831027984354,4.114318370819092,3432861,0.0,0.0
1982-12-01 00:00:00-05:00,3.979973110607,4.114318598373232,3.845628092035577,3.8624215126037598,3031860,0.0,0.0
1982-12-02 00:00:00-05:00,3.8792148754891844,3.946387157303213,3.8120425936751556,3.845628499984741,1525635,0.0,0.0
1982-12-03 00:00:00-05:00,3.8456287315462867,3.929594440765896,3.7616632569241206,3.778456211090088,1246948,0.0,0.0
1982-12-06 00:00:00-05:00,3.711283282959601,3.8288351147651616,3.5937309819592356,3.795248508453369,2711426,0.0,0.0
1982-12-07 00:00:00-05:00,3.6105242632433594,3.7952483621625612,3.425799695129371,3.509765386581421,5059204,0.0,0.0
1982-12-08 00:00:00-05:00,3.308248199167899,3.4761793642925003,3.123523612554195,3.2242822647094727,5122192,0.0,0.0
1982-12-09 00:00:00-05:00,2.300660182564521,2.300660182564521,2.233487196104531,2.2502806186676025,664307,0.0,0.0
1982-12-10 00:00:00-05:00,2.2166942427363234,2.4182120291291342,2.015176690940945,2.2502806186676025,10261597,0.0,0.0
1982-12-13 00:00:00-05:00,2.401418931843275,2.4853844056472223,2.317453223441887,2.4685914516448975,4041504,0.0,0.0
1982-12-14 00:00:00-05:00,2.384625418600423,2.63652253429272,2.132728302908126,2.2502806186676025,5608887,0.0,0.0
1982-12-15 00:00:00-05:00,2.233488029904032,2.2838676126085153,2.183108681797068,2.2166950702667236,2446289,0.0,0.0
1982-12-16 00:00:00-05:00,2.3006602426931306,2.3510395733092997,2.2334872544775495,2.267073631286621,1812378,0.0,0.0
1982-12-17 00:00:00-05:00,2.3174527313263855,2.367832051830097,2.250280225788973,2.3342456817626953,930176,0.0,0.0
1982-12-20 00:00:00-05:00,2.300660182564521,2.3342460893009367,2.2502806186676025,2.2502806186676025,679321,0.0,0.0
1982-12-21 00:00:00-05:00,2.2838667699039306,2.317453145980835,2.2334872057885744,2.317453145980835,720337,0.0,0.0
1982-12-22 00:00:00-05:00,2.2334869379946816,2.3006599166919184,2.1663146630896586,2.183107614517212,904541,0.0,0.0
1982-12-23 00:00:00-05:00,2.1999013423919678,2.2166942961649334,2.166314965651162,2.1999013423919678,425171,0.0,0.0
1982-12-27 00:00:00-05:00,2.233487196104531,2.300660182564521,2.166314913436837,2.2502806186676025,441650,0.0,0.0
1982-12-28 00:00:00-05:00,2.260401487350464,2.3110076385211076,2.2435325346410244,2.260401487350464,210937,0.02048,0.0
1982-12-29 00:00:00-05:00,2.277269968754787,2.3110076385211076,2.2435325346410244,2.260401487350464,664307,0.0,0.0
1982-12-30 00:00:00-05:00,2.3110076385211076,2.3616135540391934,2.2435325346410244,2.260401487350464,1097168,0.0,0.0
1982-12-31 00:00:00-05:00,2.226665358424188,2.260402812313577,2.192927904534799,2.2435338497161865,836792,0.0,0.0
1983-01-03 00:00:00-05:00,2.1929259379871935,2.2772692614215075,2.0917139027355196,2.1254513263702393,1402954,0.0,0.0
1983-01-04 00:00:00-05:00,2.176058042370609,2.2097954750061035,2.125451893417367,2.2097954750061035,2143066,0.0,0.0
1983-01-05 00:00:00-05:00,2.1929264068603516,2.243532317480078,2.14232026058809,2.1929264068603516,1045532,0.0,0.0
1983-01-06 00:00:00-05:00,2.1760590076446533,2.226664943393542,2.125452836243112,2.1760590076446533,5903320,0.0,0.0
1983-01-07 00:00:00-05:00,2.041109253600563,2.1423211152160775,1.939897156332419,1.9736346006393433,2653198,0.0,0.0
1983-01-10 00:00:00-05:00,1.9061600291836989,2.007372118267039,1.8049479401003585,1.8555539846420288,2666382,0.0,0.0
1983-01-11 00:00:00-05:00,1.9230281952449928,1.9905025959014893,1.8386846052929449,1.9905025959014893,2341553,0.0,0.0
1983-01-12 00:00:00-05:00,2.057977311736468,2.1423201786743657,1.9736337378409916,2.074845790863037,2062500,0.0,0.0
1983-01-13 00:00:00-05:00,2.074847046361955,2.1254529856685873,2.0073726177215576,2.0073726177215576,913330,0.0,0.0
1983-01-14 00:00:00-05:00,2.0411089779975615,2.0579779335259034,2.024240493774414,2.024240493774414,829468,0.0,0.0
1983-01-17 00:00:00-05:00,2.0242407670997298,2.09171518440832,1.9567661141385104,1.9736346006393433,832764,0.0,0.0
1983-01-18 00:00:00-05:00,1.9567661141385104,1.9736346006393433,1.939897156332419,1.9736346006393433,575317,0.0,0.0
1983-01-19 00:00:00-05:00,1.9398965930606962,1.9905025091744324,1.8892905591206797,1.9230281114578247,834595,0.0,0.0
1983-01-20 00:00:00-05:00,1.90615989455416,1.9230283784994762,1.8724223375320435,1.8724223375320435,2178955,0.0,0.0
1983-01-21 00:00:00-05:00,1.855554231426646,1.8724227188068325,1.838685154914856,1.838685154914856,1030884,0.0,0.0
1983-01-24 00:00:00-05:00,1.7880795352984258,1.8218169872854093,1.7374734751442917,1.7543424367904663,2176025,0.0,0.0
1983-01-25 00:00:00-05:00,1.7880791336499842,1.804948091506958,1.7543420427202407,1.804948091506958,834961,0.0,0.0
1983-01-26 00:00:00-05:00,1.8218164443969727,1.838684929711092,1.7880790024635085,1.8218164443969727,670166,0.0,0.0
1983-01-27 00:00:00-05:00,1.8724220775178082,1.9230281114578247,1.8218160435777915,1.9230281114578247,741943,0.0,0.0
1983-01-28 00:00:00-05:00,1.9736346006393433,2.041109253600563,1.906160183330753,1.9736346006393433,934570,0.0,0.0
1983-01-31 00:00:00-05:00,1.9736346006393433,1.9905030871401763,1.9567661141385104,1.9736346006393433,481567,0.0,0.0
1983-02-01 00:00:00-05:00,1.9567655459686892,1.9905025091744324,1.9230281114578247,1.9230281114578247,361084,0.0,0.0
1983-02-02 00:00:00-05:00,1.9905028183703277,2.0579779335259034,1.9230284101725441,2.024240493774414,1129395,0.0,0.0
1983-02-03 00:00:00-05:00,2.0748457824769724,2.1085832118988037,2.0242398739967506,2.1085832118988037,1432251,0.0,0.0
1983-02-04 00:00:00-05:00,2.1085835738493035,2.1423205377572283,2.057977656682285,2.09171462059021,1335205,0.0,0.0
1983-02-07 00:00:00-05:00,2.041108749872718,2.1085836218343568,1.9736341135636508,1.9905025959014893,561768,0.0,0.0
1983-02-08 00:00:00-05:00,1.9905034214297865,2.0073726177215576,1.9736349320960216,2.0073726177215576,377930,0.0,0.0
1983-02-09 00:00:00-05:00,1.9061598826023771,1.9398968502814762,1.8555538419522486,1.8892908096313477,1188721,0.0,0.0
1983-02-10 00:00:00-05:00,1.872422325791798,1.8892908096313477,1.8555538419522486,1.8892908096313477,636475,0.0,0.0
1983-02-11 00:00:00-05:00,1.8724227188068325,1.9061602826988093,1.838685154914856,1.838685154914856,562866,0.0,0.0
1983-02-14 00:00:00-05:00,1.8892905591206797,1.9398965930606962,1.8386845251806632,1.9230281114578247,1251343,0.0,0.0
1983-02-15 00:00:00-05:00,1.9905023771038541,2.0411085255124144,1.9230279838641977,1.9398964643478394,2051147,0.0,0.0
1983-02-16 00:00:00-05:00,1.9567663669586182,1.9905033443192033,1.9230289182927138,1.9567663669586182,1003784,0.0,0.0
1983-02-17 00:00:00-05:00,1.9061598826023771,1.9567658054262098,1.8555538419522486,1.8892908096313477,1951172,0.0,0.0
1983-02-18 00:00:00-05:00,1.90615989455416,1.9230283784994762,1.8724223375320435,1.8724223375320435,704224,0.0,0.0
1983-02-22 00:00:00-05:00,1.8386843382845734,1.8724218871924099,1.7880784273147583,1.7880784273147583,959106,0.0,0.0
1983-02-23 00:00:00-05:00,1.8049479590828532,1.838684929711092,1.771210517149389,1.8218164443969727,942993,0.0,0.0
1983-02-24 00:00:00-05:00,1.8218164443969727,1.838684929711092,1.8049479590828532,1.8218164443969727,600952,0.0,0.0
1983-02-25 00:00:00-05:00,1.8049473785080792,1.8386843382845734,1.771209947426511,1.7880784273147583,1164917,0.0,0.0
1983-02-28 00:00:00-05:00,1.8049473785080792,1.8218158583963264,1.7880784273147583,1.7880784273147583,581909,0.0,0.0
1983-03-01 00:00:00-05:00,1.804948091506958,1.804948091506958,1.7880791336499842,1.804948091506958,370972,0.0,0.0
1983-03-02 00:00:00-05:00,1.8218164443969727,1.838684929711092,1.7880790024635085,1.8218164443969727,1007080,0.0,0.0
1983-03-03 00:00:00-05:00,1.8218165780586724,1.8386850646103865,1.804948091506958,1.804948091506958,371704,0.0,0.0
1983-03-04 00:00:00-05:00,1.8049479590828532,1.8218164443969727,1.7880790024635085,1.8218164443969727,542725,0.0,0.0
1983-03-07 00:00:00-05:00,1.8555538419522486,1.8892908096313477,1.8049478013021198,1.8892908096313477,1122437,0.0,0.0
1983-03-08 00:00:00-05:00,1.855554231426646,1.8724227188068325,1.8218166675346694,1.838685154914856,964600,0.0,0.0
1983-03-09 00:00:00-05:00,1.8218164443969727,1.838684929711092,1.8049479590828532,1.8218164443969727,647461,0.0,0.0
1983-03-10 00:00:00-05:00,1.8049473785080792,1.8218158583963264,1.771209947426511,1.7880784273147583,469482,0.0,0.0
1983-03-11 00:00:00-05:00,1.8049473785080792,1.8218158583963264,1.771209947426511,1.7880784273147583,817749,0.0,0.0
1983-03-14 00:00:00-05:00,1.7880784273147583,1.8049473785080792,1.771209947426511,1.7880784273147583,317139,0.0,0.0
1983-03-15 00:00:00-05:00,1.7880784273147583,1.8049473785080792,1.771209947426511,1.7880784273147583,321533,0.0,0.0
1983-03-16 00:00:00-05:00,1.7543420885235328,1.788079180334102,1.7206046432340096,1.7374731302261353,694702,0.0,0.0
1983-03-17 00:00:00-05:00,1.7037353658490806,1.7374723241821635,1.6531293392181396,1.6531293392181396,607910,0.0,0.0
1983-03-18 00:00:00-05:00,1.5687861209108127,1.6193920373916626,1.50131160487844,1.6193920373916626,2519897,0.0,0.0
1983-03-21 00:00:00-05:00,1.6362607322251224,1.6699981689453125,1.6025236489837966,1.6699981689453125,860229,0.0,0.0
1983-03-22 00:00:00-05:00,1.653129589973552,1.6868665534240352,1.6193920373916626,1.6193920373916626,635376,0.0,0.0
1983-03-23 00:00:00-05:00,1.636260388746545,1.669997818384681,1.6025233125871987,1.6531293392181396,1394165,0.0,0.0
1983-03-24 00:00:00-05:00,1.6362606369431856,1.6699980716987937,1.602523555666421,1.6193920373916626,793213,0.0,0.0
1983-03-25 00:00:00-05:00,1.6193920373916626,1.6362606369431856,1.602523555666421,1.6193920373916626,446045,0.0,0.0
1983-03-28 00:00:00-05:00,1.5956274271011353,1.6126024758141315,1.578652852657493,1.5956274271011353,288940,0.02048,0.0
1983-03-29 00:00:00-05:00,1.5786532258090524,1.595627804265033,1.5616785287857056,1.5616785287857056,455566,0.0,0.0
1983-03-30 00:00:00-05:00,1.5616776927545137,1.5786523806906023,1.5447026491165161,1.5447026491165161,512329,0.0,0.0
1983-03-31 00:00:00-05:00,1.5616776927545137,1.5786523806906023,1.5447026491165161,1.5447026491165161,554443,0.0,0.0
1983-04-04 00:00:00-05:00,1.5447026491165161,1.5616776927545137,1.5277280797477306,1.5447026491165161,528442,0.0,0.0
1983-04-05 00:00:00-05:00,1.5447026491165161,1.5616776927545137,1.510753510378945,1.5447026491165161,292969,0.0,0.0
1983-04-06 00:00:00-05:00,1.5277280797477306,1.5447026491165161,1.510753510378945,1.5447026491165161,340576,0.0,0.0
1983-04-07 00:00:00-05:00,1.5616785287857056,1.5786532258090524,1.5447034760602592,1.5616785287857056,375732,0.0,0.0
1983-04-08 00:00:00-05:00,1.5786523806906023,1.595626950059388,1.5447026491165161,1.5447026491165161,184937,0.0,0.0
1983-04-11 00:00:00-05:00,1.5277285672129295,1.5786528844046512,1.4768042500212075,1.4937788248062134,1223877,0.0,0.0
1983-04-12 00:00:00-05:00,1.476804267100035,1.4937788420813471,1.442854642868042,1.442854642868042,762451,0.0,0.0
1983-04-13 00:00:00-05:00,1.476804267100035,1.4937788420813471,1.442854642868042,1.442854642868042,706055,0.0,0.0
1983-04-14 00:00:00-05:00,1.4768041303546335,1.510753870010376,1.4428545092662222,1.510753870010376,1454224,0.0,0.0
1983-04-15 00:00:00-05:00,1.5277283116428382,1.5786526203155518,1.4768040029701246,1.5786526203155518,856567,0.0,0.0
1983-04-18 00:00:00-05:00,1.6295766796071158,1.697475554774635,1.5447027595876104,1.6805009841918945,1224976,0.0,0.0
1983-04-19 00:00:00-05:00,1.6974761486053467,1.7144513179630942,1.663526995563381,1.6974761486053467,1053589,0.0,0.0
1983-04-20 00:00:00-05:00,1.6974764085303256,1.7144515804873857,1.663527250289917,1.663527250289917,602783,0.0,0.0
1983-04-21 00:00:00-05:00,1.6805009841918945,1.697475554774635,1.663526413609154,1.6805009841918945,447876,0.0,0.0
1983-04-22 00:00:00-05:00,1.731425861114995,1.7823501825332642,1.680501539696726,1.7823501825332642,1086914,0.0,0.0
1983-04-25 00:00:00-04:00,1.7653753799701852,1.7993246488521155,1.7314257553862247,1.748400330543518,795776,0.0,0.0
1983-04-26 00:00:00-04:00,1.7314255237579346,1.7484000966443873,1.6974757851483908,1.7314255237579346,561035,0.0,0.0
1983-04-27 00:00:00-04:00,1.697475554774635,1.7314252887766732,1.6465513687571678,1.6805009841918945,465454,0.0,0.0
1983-04-28 00:00:00-04:00,1.6635266563684705,1.6805012294283195,1.6465516090393066,1.6465516090393066,340576,0.0,0.0
1983-04-29 00:00:00-04:00,1.6635266563684705,1.6635266563684705,1.6465516090393066,1.6465516090393066,264404,0.0,0.0
1983-05-02 00:00:00-04:00,1.6465522153876269,1.6635272689679106,1.6126029381986664,1.6295775175094604,526245,0.0,0.0
1983-05-03 00:00:00-04:00,1.6126024758141315,1.6465517432687546,1.5616781596465121,1.5956274271011353,1678711,0.0,0.0
1983-05-04 00:00:00-04:00,1.5956271922609213,1.6126022384755747,1.5616779298028611,1.5786526203155518,635376,0.0,0.0
1983-05-05 00:00:00-04:00,1.5956274271011353,1.6126024758141315,1.5616781596465121,1.5956274271011353,638672,0.0,0.0
1983-05-06 00:00:00-04:00,1.6126029381986664,1.6635272689679106,1.5616786074294222,1.6295775175094604,857666,0.0,0.0
1983-05-09 00:00:00-04:00,1.663526995563381,1.6974761486053467,1.6295772496846503,1.6974761486053467,767212,0.0,0.0
1983-05-10 00:00:00-04:00,1.7653760290557925,1.8502495288848877,1.680502054957149,1.8502495288848877,1369629,0.0,0.0
1983-05-11 00:00:00-04:00,1.833274733146121,1.8672244848106292,1.7823505206351649,1.8163001537322998,1312500,0.0,0.0
1983-05-12 00:00:00-04:00,1.7823501825332642,1.7993247587271028,1.7653754877720749,1.7823501825332642,392578,0.0,0.0
1983-05-13 00:00:00-04:00,1.8162990792861229,1.8332736486585024,1.7823494662721517,1.7993240356445312,715576,0.0,0.0
1983-05-16 00:00:00-04:00,1.7653747783324694,1.7993240356445312,1.7314251653184982,1.7993240356445312,766113,0.0,0.0
1983-05-17 00:00:00-04:00,1.7823499490761887,1.799324523046651,1.748400208298588,1.7653752565383911,369873,0.0,0.0
1983-05-18 00:00:00-04:00,1.7653751438001506,1.782349835253931,1.7314255237579346,1.7314255237579346,535400,0.0,0.0
1983-05-19 00:00:00-04:00,1.748400330543518,1.748400330543518,1.6974760122349206,1.748400330543518,596558,0.0,0.0
1983-05-20 00:00:00-04:00,1.7144509508714816,1.7314255237579346,1.663526639375485,1.7314255237579346,427002,0.0,0.0
1983-05-23 00:00:00-04:00,1.6974757896230914,1.748400101253329,1.680501216691892,1.7144509553909302,430298,0.0,0.0
1983-05-24 00:00:00-04:00,1.7314259328143193,1.9011733617249513,1.6805016092872451,1.884198784828186,1447998,0.0,0.0
1983-05-25 00:00:00-04:00,1.9011738659171191,1.9011738659171191,1.8163003660880237,1.8502495288848877,787354,0.0,0.0
1983-05-26 00:00:00-04:00,1.867224097251892,1.8841986731424911,1.8332743526339512,1.867224097251892,511230,0.0,0.0
1983-05-27 00:00:00-04:00,1.867223502224174,1.867223502224174,1.8162991979436716,1.8332737684249878,438721,0.0,0.0
1983-05-31 00:00:00-04:00,1.7314255237579346,1.782349835253931,1.6974757851483908,1.7314255237579346,1183960,0.0,0.0
1983-06-01 00:00:00-04:00,1.7144513179630942,1.74840047100506,1.6805015720843637,1.6974761486053467,599487,0.0,0.0
1983-06-02 00:00:00-04:00,1.6974761486053467,1.731425894484077,1.6805015720843637,1.6974761486053467,579346,0.0,0.0
1983-06-03 00:00:00-04:00,1.7144505959461187,1.8332736486585024,1.7144505959461187,1.7993240356445312,1144775,0.0,0.0
1983-06-06 00:00:00-04:00,1.8162990792861229,1.8332736486585024,1.7653747783324694,1.7993240356445312,425537,0.0,0.0
1983-06-07 00:00:00-04:00,1.8162994552961471,1.8162994552961471,1.7314255237579346,1.7314255237579346,483032,0.0,0.0
1983-06-08 00:00:00-04:00,1.74840047100506,1.74840047100506,1.6974761486053467,1.6974761486053467,488892,0.0,0.0
1983-06-09 00:00:00-04:00,1.6635272689679106,1.6805018482787046,1.6295775175094604,1.6295775175094604,971191,0.0,0.0
1983-06-10 00:00:00-04:00,1.6295774354464596,1.6295774354464596,1.5277288976042787,1.5616785287857056,1735107,0.0,0.0
1983-06-13 00:00:00-04:00,1.5616781596465121,1.6126024758141315,1.5447031109335159,1.5956274271011353,790283,0.0,0.0
1983-06-14 00:00:00-04:00,1.5956274271011353,1.5956274271011353,1.578652852657493,1.5956274271011353,496948,0.0,0.0
1983-06-15 00:00:00-04:00,1.578652852657493,1.5956274271011353,1.5616781596465121,1.5956274271011353,352661,0.0,0.0
1983-06-16 00:00:00-04:00,1.5956271922609213,1.6126022384755747,1.5616779298028611,1.5786526203155518,656250,0.0,0.0
1983-06-17 00:00:00-04:00,1.5786532258090524,1.595627804265033,1.5447034760602592,1.5616785287857056,509399,0.0,0.0
1983-06-20 00:00:00-04:00,1.5786532258090524,1.5786532258090524,1.5616785287857056,1.5616785287857056,373901,0.0,0.0
1983-06-21 00:00:00-04:00,1.5616779298028611,1.5786526203155518,1.5447028835882077,1.5786526203155518,323730,0.0,0.0
1983-06-22 00:00:00-04:00,1.5786523806906023,1.595626950059388,1.5447026491165161,1.5447026491165161,708984,0.0,0.0
1983-06-23 00:00:00-04:00,1.5447033733323638,1.5616784249289128,1.527728796005249,1.527728796005249,395508,0.0,0.0
1983-06-24 00:00:00-04:00,1.5616784249289128,1.5786531208233863,1.527728796005249,1.527728796005249,498047,0.0,0.0
1983-06-27 00:00:00-04:00,1.5277284434199192,1.5447030168294622,1.510753870010376,1.510753870010376,524780,0.0,0.0
1983-06-28 00:00:00-04:00,1.521007958344181,1.5551875315465786,1.5039175748825073,1.5039175748825073,262939,0.02048,0.0
1983-06-29 00:00:00-04:00,1.5039178024043862,1.5380979776382446,1.5039178024043862,1.5380979776382446,406494,0.0,0.0
1983-06-30 00:00:00-04:00,1.5380973312270714,1.623547315597534,1.521007549222692,1.6235473155975342,795776,0.0,0.0
1983-07-01 00:00:00-04:00,1.5893675088882449,1.6064572934171955,1.5210077739120396,1.5893675088882446,313110,0.0,0.0
1983-07-05 00:00:00-04:00,1.5551871061325073,1.5722773655471263,1.5380973242061373,1.5551871061325073,240967,0.0,0.0
1983-07-06 00:00:00-04:00,1.5722776049872136,1.6064572934171955,1.5722776049872136,1.5893675088882446,192993,0.0,0.0
1983-07-07 00:00:00-04:00,1.5722773655471263,1.5893672668455585,1.5380973242061373,1.5551871061325073,292236,0.0,0.0
1983-07-08 00:00:00-04:00,1.5551877668248912,1.57227803349999,1.5380979776382446,1.5380979776382446,177979,0.0,0.0
1983-07-11 00:00:00-04:00,1.57227773064228,1.57227773064228,1.5210078954696653,1.5210078954696655,333984,0.0,0.0
1983-07-12 00:00:00-04:00,1.538097681364417,1.5551874672591683,1.5039175127144637,1.5210078954696655,588135,0.0,0.0
1983-07-13 00:00:00-04:00,1.5380977449453797,1.5380977449453797,1.5039175748825073,1.5039175748825073,624023,0.0,0.0
1983-07-14 00:00:00-04:00,1.5039175127144637,1.5210078954696653,1.5039175127144637,1.5210078954696655,339844,0.0,0.0
1983-07-15 00:00:00-04:00,1.5210088754796114,1.5210088754796114,1.4697388879008473,1.4868286848068237,457764,0.0,0.0
1983-07-18 00:00:00-04:00,1.4697388879008473,1.5039184817128002,1.4697388879008473,1.4868286848068237,282715,0.0,0.0
1983-07-19 00:00:00-04:00,1.5039175799084186,1.5039175799084186,1.4697380065917969,1.4697380065917969,238403,0.0,0.0
1983-07-20 00:00:00-04:00,1.4868280462321515,1.4868280462321515,1.435558080673218,1.4355580806732178,341675,0.0,0.0
1983-07-21 00:00:00-04:00,1.4355577286151013,1.4355577286151013,1.36719810962677,1.36719810962677,808228,0.0,0.0
1983-07-22 00:00:00-04:00,1.3501077931640069,1.3842879624395732,1.3159282207489014,1.3159282207489014,827271,0.0,0.0
1983-07-25 00:00:00-04:00,1.2988376613633292,1.2988376613633292,1.196297883688985,1.230478048324585,2082642,0.0,0.0
1983-07-26 00:00:00-04:00,1.2304787262952726,1.2988383769989014,1.2304787262952726,1.2988383769989014,1309937,0.0,0.0
1983-07-27 00:00:00-04:00,1.264658093588109,1.2817478774757192,1.2304780483245852,1.230478048324585,804199,0.0,0.0
1983-07-28 00:00:00-04:00,1.230477754638041,1.2646577917435817,1.230477754638041,1.2475675344467163,659546,0.0,0.0
1983-07-29 00:00:00-04:00,1.2475675344467163,1.281747571552257,1.230477754638041,1.2475675344467163,389282,0.0,0.0
1983-08-01 00:00:00-04:00,1.2475679496766992,1.2817479981584385,1.2475679496766992,1.2646582126617432,804565,0.0,0.0
1983-08-02 00:00:00-04:00,1.2646582126617434,1.2646582126617434,1.2475679496766992,1.2646582126617432,397339,0.0,0.0
1983-08-03 00:00:00-04:00,1.2646582126617434,1.2646582126617434,1.2475679496766992,1.2646582126617432,232178,0.0,0.0
1983-08-04 00:00:00-04:00,1.264658093588109,1.264658093588109,1.2133881450648991,1.230478048324585,853638,0.0,0.0
1983-08-05 00:00:00-04:00,1.230478592225579,1.230478592225579,1.1962984124815212,1.2133886814117432,396240,0.0,0.0
1983-08-08 00:00:00-04:00,1.2133881450648991,1.2304780483245852,1.2133881450648991,1.230478048324585,288940,0.0,0.0
1983-08-09 00:00:00-04:00,1.2304780483245852,1.2304780483245852,1.2133881450648991,1.230478048324585,309814,0.0,0.0
1983-08-10 00:00:00-04:00,1.230478592225579,1.230478592225579,1.1962984124815212,1.2133886814117432,279785,0.0,0.0
1983-08-11 00:00:00-04:00,1.2133886814117432,1.230478592225579,1.1962984124815212,1.2133886814117432,326294,0.0,0.0
1983-08-12 00:00:00-04:00,1.230478592225579,1.230478592225579,1.1962984124815212,1.2133886814117432,273926,0.0,0.0
1983-08-15 00:00:00-04:00,1.2304780483245852,1.2304780483245852,1.2133881450648991,1.230478048324585,722168,0.0,0.0
1983-08-16 00:00:00-04:00,1.2304790295538872,1.2304790295538872,1.1962988376617432,1.1962988376617432,240601,0.0,0.0
1983-08-17 00:00:00-04:00,1.2133881450648991,1.2304780483245852,1.196297883688985,1.230478048324585,224854,0.0,0.0
1983-08-18 00:00:00-04:00,1.230478592225579,1.230478592225579,1.2133886814117432,1.2133886814117432,209106,0.0,0.0
1983-08-19 00:00:00-04:00,1.2133881450648991,1.2304780483245852,1.2133881450648991,1.230478048324585,109497,0.0,0.0
1983-08-22 00:00:00-04:00,1.1962984124815212,1.230478592225579,1.1962984124815212,1.2133886814117432,425903,0.0,0.0
1983-08-23 00:00:00-04:00,1.2133891126660719,1.2133891126660719,1.1962988376617432,1.1962988376617432,249023,0.0,0.0
1983-08-24 00:00:00-04:00,1.1962988376617432,1.2304790295538872,1.1962988376617432,1.1962988376617432,342041,0.0,0.0
1983-08-25 00:00:00-04:00,1.1962984124815212,1.2133886814117432,1.1962984124815212,1.2133886814117432,232178,0.0,0.0
1983-08-26 00:00:00-04:00,1.2133881450648991,1.2304780483245852,1.196297883688985,1.230478048324585,219727,0.0,0.0
1983-08-29 00:00:00-04:00,1.2304780483245852,1.2304780483245852,1.2133881450648991,1.230478048324585,242432,0.0,0.0
1983-08-30 00:00:00-04:00,1.230478592225579,1.230478592225579,1.2133886814117432,1.2133886814117432,184937,0.0,0.0
1983-08-31 00:00:00-04:00,1.230478592225579,1.230478592225579,1.1962984124815212,1.2133886814117432,299194,0.0,0.0
1983-09-01 00:00:00-04:00,1.230478592225579,1.230478592225579,1.2133886814117432,1.2133886814117432,190063,0.0,0.0
1983-09-02 00:00:00-04:00,1.2133881450648991,1.2304780483245852,1.2133881450648991,1.230478048324585,310913,0.0,0.0
1983-09-06 00:00:00-04:00,1.2304782684784155,1.3330180644989014,1.2133883621610497,1.3330180644989014,1235962,0.0,0.0
1983-09-07 00:00:00-04:00,1.2304780483245852,1.247567832212195,1.2133881450648991,1.230478048324585,461426,0.0,0.0
1983-09-08 00:00:00-04:00,1.230478592225579,1.230478592225579,1.2133886814117432,1.2133886814117432,306519,0.0,0.0
1983-09-09 00:00:00-04:00,1.1621181286623847,1.1792079097963288,1.0937579297780975,1.1108481884002686,1803955,0.0,0.0
1983-09-12 00:00:00-04:00,1.127938445187406,1.1621186187294041,1.1108486568466747,1.1450282335281372,844116,0.0,0.0
1983-09-13 00:00:00-04:00,1.1450282982948143,1.1450282982948143,1.1279385089874268,1.1279385089874268,285278,0.0,0.0
1983-09-14 00:00:00-04:00,1.12793872958306,1.162118911743164,1.1108489369333512,1.162118911743164,385986,0.0,0.0
1983-09-15 00:00:00-04:00,1.1621181286623847,1.1621181286623847,1.1108481884002688,1.1108481884002686,322266,0.0,0.0
1983-09-16 00:00:00-04:00,1.1450282982948143,1.1450282982948143,1.1279385089874268,1.1279385089874268,213135,0.0,0.0
1983-09-19 00:00:00-04:00,1.1450277506681568,1.1450277506681568,1.1108481884002688,1.1108481884002686,300293,0.0,0.0
1983-09-20 00:00:00-04:00,1.1279385089874268,1.1279385089874268,1.110848719680039,1.1279385089874268,265503,0.0,0.0
1983-09-21 00:00:00-04:00,1.1108483672483356,1.1108483672483356,1.0424881573579636,1.0595784187316895,751465,0.0,0.0
1983-09-22 00:00:00-04:00,1.025398549739931,1.0595786008746757,1.025398549739931,1.0424883365631104,460693,0.0,0.0
1983-09-23 00:00:00-04:00,1.042488465518882,1.0595787319445127,0.974128712909584,1.0083087682724,521851,0.0,0.0
1983-09-26 00:00:00-04:00,1.0083081562124694,1.025398054147912,0.9399480272965245,0.9570382833480835,674194,0.0,0.0
1983-09-27 00:00:00-04:00,0.9228586006616059,0.9399484465334627,0.8886784911155701,0.8886784911155701,956543,0.0,0.0
1983-09-28 00:00:00-04:00,0.8886783142891624,0.939948259505523,0.8886783142891624,0.9228584170341492,746704,0.0,0.0
1983-09-29 00:00:00-04:00,0.9228587492374714,1.0253986765816967,0.9228587492374714,1.0083087682724,696533,0.0,0.0
1983-09-30 00:00:00-04:00,1.0424884985623553,1.093758463859558,1.0253987090834795,1.093758463859558,774170,0.0,0.0
1983-10-03 00:00:00-04:00,1.0937583910175148,1.1450282335281372,1.0766684833046765,1.1450282335281372,744507,0.0,0.0
1983-10-04 00:00:00-04:00,1.1450282982948143,1.1450282982948143,1.1279385089874268,1.1279385089874268,561401,0.0,0.0
1983-10-05 00:00:00-04:00,1.1450283097846459,1.1450283097846459,1.093758463859558,1.093758463859558,390747,0.0,0.0
1983-10-06 00:00:00-04:00,1.093758293893131,1.1108485582046963,1.0424883365631101,1.0424883365631104,403198,0.0,0.0
1983-10-07 00:00:00-04:00,1.0424881573579636,1.0595784187316895,1.0253983734725416,1.0595784187316895,363281,0.0,0.0
1983-10-10 00:00:00-04:00,1.0595782430118477,1.0937579244864293,1.0424879844723602,1.0766680240631104,184937,0.0,0.0
1983-10-11 00:00:00-04:00,1.093758463859558,1.093758463859558,1.0766685550085673,1.093758463859558,205444,0.0,0.0
1983-10-12 00:00:00-04:00,1.0766682026171115,1.1108483672483356,1.0595784187316895,1.0595784187316895,509399,0.0,0.0
1983-10-13 00:00:00-04:00,1.0595782430118477,1.0766680240631104,1.0595782430118477,1.0766680240631104,135498,0.0,0.0
1983-10-14 00:00:00-04:00,1.0766680240631104,1.0766680240631104,1.0424879844723602,1.0766680240631104,145386,0.0,0.0
1983-10-17 00:00:00-04:00,1.0595784187316895,1.0766682026171115,1.0424881573579636,1.0595784187316895,198120,0.0,0.0
1983-10-18 00:00:00-04:00,1.0253984928131104,1.04248827868752,1.0253984928131104,1.0253984928131104,292603,0.0,0.0
1983-10-19 00:00:00-04:00,1.0083085919123795,1.0253984972325356,0.9741285425278864,0.9912183284759521,285645,0.0,0.0
1983-10-20 00:00:00-04:00,1.0083085919123795,1.0083085919123795,0.9741285425278864,0.9912183284759521,211670,0.0,0.0
1983-10-21 00:00:00-04:00,0.9912184516109463,1.0083087171704272,0.9741286635398864,0.9741286635398865,309814,0.0,0.0
1983-10-24 00:00:00-04:00,0.9570388852113149,0.9741287342082133,0.9399486184120179,0.9399486184120178,562866,0.0,0.0
1983-10-25 00:00:00-04:00,0.9228587014381578,0.9228587014381578,0.7177789767438889,0.7348688244819641,2761963,0.0,0.0
1983-10-26 00:00:00-04:00,0.7348689658581059,0.871588967786334,0.7348689658581059,0.8203189969062805,1595215,0.0,0.0
1983-10-27 00:00:00-04:00,0.8374085953837236,0.905768814475795,0.8374085953837236,0.8886784911155701,904907,0.0,0.0
1983-10-28 00:00:00-04:00,0.8715887049297594,0.9228586006616059,0.8715887049297594,0.8886784911155701,708618,0.0,0.0
1983-10-31 00:00:00-05:00,0.9228586006616059,0.9228586006616059,0.8374085953837236,0.8886784911155701,427368,0.0,0.0
1983-11-01 00:00:00-05:00,0.8886786194219894,0.8886786194219894,0.8374087162878521,0.8544989824295044,458862,0.0,0.0
1983-11-02 00:00:00-05:00,0.8544991167604655,0.8544991167604655,0.8203189969062805,0.8203189969062805,487061,0.0,0.0
1983-11-03 00:00:00-05:00,0.8544991167604655,0.8544991167604655,0.8203189969062805,0.8203189969062805,307617,0.0,0.0
1983-11-04 00:00:00-05:00,0.8203188679485821,0.8715888307687742,0.8203188679485821,0.8544989824295044,403198,0.0,0.0
1983-11-07 00:00:00-05:00,0.8544989824295044,0.8715888307687742,0.8374087162878521,0.8544989824295044,338379,0.0,0.0
1983-11-08 00:00:00-05:00,0.8374087162878521,0.8544989824295044,0.8203188679485821,0.8544989824295044,311279,0.0,0.0
1983-11-09 00:00:00-05:00,0.8544989824295044,0.8544989824295044,0.8374087162878521,0.8544989824295044,304321,0.0,0.0
1983-11-10 00:00:00-05:00,0.8374087162878521,0.8544989824295044,0.8374087162878521,0.8544989824295044,312378,0.0,0.0
1983-11-11 00:00:00-05:00,0.8374087162878521,0.8544989824295044,0.8203188679485821,0.8544989824295044,259277,0.0,0.0
1983-11-14 00:00:00-05:00,0.8544989824295044,0.8544989824295044,0.8203188679485821,0.8544989824295044,320801,0.0,0.0
1983-11-15 00:00:00-05:00,0.8544990485150207,0.8544990485150207,0.8203189313906658,0.8374087810516357,362183,0.0,0.0
1983-11-16 00:00:00-05:00,0.8203189969062805,0.837408847932149,0.8203189969062805,0.8203189969062805,290771,0.0,0.0
1983-11-17 00:00:00-05:00,0.8374085400769642,0.8715886473655702,0.8203186953338084,0.8715886473655701,512695,0.0,0.0
1983-11-18 00:00:00-05:00,0.8715886473655702,0.8886784324226837,0.8374085400769642,0.8715886473655701,643799,0.0,0.0
1983-11-21 00:00:00-05:00,0.8544990485150207,0.8715888981759907,0.8374087810516359,0.8374087810516357,492920,0.0,0.0
1983-11-22 00:00:00-05:00,0.8374087810516359,0.8544990485150207,0.8374087810516359,0.8374087810516357,225586,0.0,0.0
1983-11-23 00:00:00-05:00,0.8544991167604655,0.8544991167604655,0.8203189969062805,0.8203189969062805,241333,0.0,0.0
1983-11-25 00:00:00-05:00,0.8203188679485821,0.8544989824295044,0.8203188679485821,0.8544989824295044,263306,0.0,0.0
1983-11-28 00:00:00-05:00,0.8544990485150207,0.8544990485150207,0.8203189313906658,0.8374087810516357,270264,0.0,0.0
1983-11-29 00:00:00-05:00,0.8203189313906658,0.8544990485150207,0.8203189313906658,0.8374087810516357,323730,0.0,0.0
1983-11-30 00:00:00-05:00,0.837408847932149,0.8544991167604655,0.8203189969062805,0.8203189969062805,250854,0.0,0.0
1983-12-01 00:00:00-05:00,0.8203188935535708,0.8203188935535708,0.7690489888191223,0.7690489888191223,936401,0.0,0.0
1983-12-02 00:00:00-05:00,0.7690489888191223,0.8032291043669241,0.7519591996324757,0.7690489888191223,570557,0.0,0.0
1983-12-05 00:00:00-05:00,0.7861385924112921,0.820318699889729,0.7690488072592645,0.8032289147377014,329956,0.0,0.0
1983-12-06 00:00:00-05:00,0.7861387780057689,0.7861387780057689,0.7519591996324757,0.7690489888191223,303223,0.0,0.0
1983-12-07 00:00:00-05:00,0.7519590854644775,0.7690488720564261,0.7177789154201059,0.7519590854644775,796509,0.0,0.0
1983-12-08 00:00:00-05:00,0.7519591497084597,0.7690489377604824,0.7348688244819641,0.7348688244819641,435059,0.0,0.0
1983-12-09 00:00:00-05:00,0.7348688244819641,0.7519591497084597,0.7177789767438889,0.7348688244819641,663574,0.0,0.0
1983-12-12 00:00:00-05:00,0.717779040336609,0.7519592163294242,0.717779040336609,0.7177790403366089,720337,0.0,0.0
1983-12-13 00:00:00-05:00,0.7177790458895844,0.7348688952739735,0.7006892561912538,0.7006892561912537,505005,0.0,0.0
1983-12-14 00:00:00-05:00,0.7006892561912538,0.7177790458895844,0.6835989293183984,0.7006892561912537,706421,0.0,0.0
1983-12-15 00:00:00-05:00,0.7177790458895844,0.7177790458895844,0.7006892561912538,0.7006892561912537,527344,0.0,0.0
1983-12-16 00:00:00-05:00,0.7006892561912538,0.7177790458895844,0.7006892561912538,0.7006892561912537,384521,0.0,0.0
1983-12-19 00:00:00-05:00,0.7006892561912538,0.7177790458895844,0.7006892561912538,0.7006892561912537,459961,0.0,0.0
1983-12-20 00:00:00-05:00,0.7006892561912538,0.7177790458895844,0.6835989293183984,0.7006892561912537,635376,0.0,0.0
1983-12-21 00:00:00-05:00,0.6835988759994507,0.7006892015393047,0.6835988759994507,0.6835988759994507,438721,0.0,0.0
1983-12-22 00:00:00-05:00,0.6835989293183984,0.7006892561912538,0.6835989293183984,0.7006892561912537,816650,0.0,0.0
1983-12-23 00:00:00-05:00,0.6835988759994507,0.7006892015393047,0.6835988759994507,0.6835988759994507,430664,0.0,0.0
1983-12-27 00:00:00-05:00,0.6835989293183984,0.7177790458895844,0.6835989293183984,0.7006892561912537,628418,0.0,0.0
1983-12-28 00:00:00-05:00,0.6835989293183984,0.7006892561912538,0.6835989293183984,0.7006892561912537,689575,0.0,0.0
1983-12-29 00:00:00-05:00,0.6835989293183984,0.7177790458895844,0.6835989293183984,0.7006892561912537,1100098,0.0,0.0
1983-12-30 00:00:00-05:00,0.6835988759994507,0.7006892015393047,0.6665090876340793,0.6835988759994507,1571411,0.0,0.0
1984-01-03 00:00:00-05:00,0.6835988050617815,0.7519590854644775,0.6665090184698329,0.7519590854644775,585571,0.0,0.0
1984-01-04 00:00:00-05:00,0.7519592943724865,0.837408847932149,0.7519592943724865,0.8203189969062805,963867,0.0,0.0
1984-01-05 00:00:00-05:00,0.8544988026224144,0.8886784324226837,0.8203186953338084,0.8715886473655701,1304810,0.0,0.0
1984-01-06 00:00:00-05:00,0.8715885875505315,0.9228584763777213,0.8544987439802109,0.9057686924934387,912598,0.0,0.0
1984-01-09 00:00:00-05:00,0.9228587024661805,0.9741286635398864,0.9057689143951205,0.9741286635398865,1133423,0.0,0.0
1984-01-10 00:00:00-05:00,0.9912184516109463,1.0083087171704272,0.9741286635398864,0.9741286635398865,1200439,0.0,0.0
1984-01-11 00:00:00-05:00,0.9912185235190548,0.9912185235190548,0.9228587694151195,0.9399486184120178,657715,0.0,0.0
1984-01-12 00:00:00-05:00,0.939948259505523,0.9570385197791359,0.9228584170341492,0.9228584170341492,368774,0.0,0.0
1984-01-13 00:00:00-05:00,0.9228587694151195,0.9399486184120179,0.905768980104278,0.9399486184120178,255249,0.0,0.0
1984-01-16 00:00:00-05:00,0.939948319948042,0.939948319948042,0.9057686924934387,0.9057686924934387,221558,0.0,0.0
1984-01-17 00:00:00-05:00,0.939948259505523,0.939948259505523,0.9228584170341492,0.9228584170341492,251953,0.0,0.0
1984-01-18 00:00:00-05:00,0.9228584170341492,0.939948259505523,0.9228584170341492,0.9228584170341492,250122,0.0,0.0
1984-01-19 00:00:00-05:00,0.9228584763777213,0.939948319948042,0.9057686924934387,0.9057686924934387,513428,0.0,0.0
1984-01-20 00:00:00-05:00,0.9057686924934387,0.9228584763777213,0.9057686924934387,0.9057686924934387,174316,0.0,0.0
1984-01-23 00:00:00-05:00,0.8886784324226837,0.9057687546541762,0.8715886473655702,0.8715886473655701,296997,0.0,0.0
1984-01-24 00:00:00-05:00,0.8715887049297594,0.8886784911155701,0.8544988590579026,0.8886784911155701,555176,0.0,0.0
1984-01-25 00:00:00-05:00,0.8886786536189241,0.9399486184120179,0.8715888643080826,0.9399486184120178,264404,0.0,0.0
1984-01-26 00:00:00-05:00,0.9399486184120179,0.9399486184120179,0.9228587694151195,0.9399486184120178,197388,0.0,0.0
1984-01-27 00:00:00-05:00,0.9399486184120179,0.9399486184120179,0.905768980104278,0.9399486184120178,213501,0.0,0.0
1984-01-30 00:00:00-05:00,0.939948259505523,0.9570385197791359,0.9228584170341492,0.9228584170341492,532471,0.0,0.0
1984-01-31 00:00:00-05:00,0.905768980104278,0.9399486184120179,0.905768980104278,0.9399486184120178,292603,0.0,0.0
1984-02-01 00:00:00-05:00,0.9228584763777213,0.939948319948042,0.8886783714348141,0.9057686924934387,445679,0.0,0.0
1984-02-02 00:00:00-05:00,0.9057686342488094,0.939948259505523,0.8886783142891624,0.9228584170341492,283447,0.0,0.0
1984-02-03 00:00:00-05:00,0.9741285425278864,1.0595785466170289,0.9570386968937753,0.9912183284759521,1585327,0.0,0.0
1984-02-06 00:00:00-05:00,0.991218324203842,1.059578542050289,0.9741285383294325,1.0253984928131104,1510986,0.0,0.0
1984-02-07 00:00:00-05:00,1.025398549739931,1.0595786008746757,1.0083086435446549,1.0424883365631104,902344,0.0,0.0
1984-02-08 00:00:00-05:00,1.0424881573579636,1.0595784187316895,1.0424881573579636,1.0595784187316895,719238,0.0,0.0
1984-02-09 00:00:00-05:00,1.0595784187316895,1.0766682026171115,1.0253983734725416,1.0595784187316895,957275,0.0,0.0
1984-02-10 00:00:00-05:00,1.0424879895159815,1.1108481884002688,1.0424879895159815,1.1108481884002686,855469,0.0,0.0
1984-02-13 00:00:00-05:00,1.1621184921763283,1.1962980651356834,1.1621184921763283,1.1792082786560059,1305176,0.0,0.0
1984-02-14 00:00:00-05:00,1.213387855457318,1.2475675344467163,1.213387855457318,1.2475675344467163,1155396,0.0,0.0
1984-02-15 00:00:00-05:00,1.2646587419906525,1.2988383272900705,1.12793872958306,1.162118911743164,1641357,0.0,0.0
1984-02-16 00:00:00-05:00,1.1450277506681568,1.1621181286623847,1.0424879895159815,1.1108481884002686,1072266,0.0,0.0
1984-02-17 00:00:00-05:00,1.0937579297780975,1.1108481884002688,1.0595782481381526,1.1108481884002686,580078,0.0,0.0
1984-02-21 00:00:00-05:00,1.127939050738311,1.1962988376617432,1.1108492532226668,1.1962988376617432,622192,0.0,0.0
1984-02-22 00:00:00-05:00,1.1962984124815212,1.2133886814117432,1.1621188295981073,1.2133886814117432,547852,0.0,0.0
1984-02-23 00:00:00-05:00,1.1962984124815212,1.230478592225579,1.1792086210398143,1.2133886814117432,535400,0.0,0.0
1984-02-24 00:00:00-05:00,1.213387855457318,1.2646577917435817,1.196297598160453,1.2475675344467163,909302,0.0,0.0
1984-02-27 00:00:00-05:00,1.247567832212195,1.264658093588109,1.2133881450648991,1.230478048324585,750732,0.0,0.0
1984-02-28 00:00:00-05:00,1.2304786792026858,1.3501083020998834,1.162118911743164,1.162118911743164,427734,0.0,0.0
1984-02-29 00:00:00-05:00,1.1792086210398143,1.2133886814117432,1.1621188295981073,1.2133886814117432,436890,0.0,0.0
1984-03-01 00:00:00-05:00,1.196297598160453,1.2646577917435817,1.196297598160453,1.2475675344467163,750366,0.0,0.0
1984-03-02 00:00:00-05:00,1.2475675344467163,1.2988373513609324,1.2475675344467163,1.2475675344467163,603882,0.0,0.0
1984-03-05 00:00:00-05:00,1.247567832212195,1.264658093588109,1.2304780483245852,1.230478048324585,282715,0.0,0.0
1984-03-06 00:00:00-05:00,1.2304790295538872,1.2475688270695313,1.179209040146099,1.1962988376617432,346802,0.0,0.0
1984-03-07 00:00:00-05:00,1.2133891126660719,1.2133891126660719,1.179209040146099,1.1962988376617432,416748,0.0,0.0
1984-03-08 00:00:00-05:00,1.196297883688985,1.247567832212195,1.196297883688985,1.230478048324585,432495,0.0,0.0
1984-03-09 00:00:00-05:00,1.2304780483245852,1.2304780483245852,1.2133881450648991,1.230478048324585,469116,0.0,0.0
1984-03-12 00:00:00-05:00,1.2475675344467163,1.2646577917435817,1.230477754638041,1.2475675344467163,305786,0.0,0.0
1984-03-13 00:00:00-05:00,1.247568383667286,1.247568383667286,1.2133886814117432,1.2133886814117432,322632,0.0,0.0
1984-03-14 00:00:00-05:00,1.2304790295538872,1.2304790295538872,1.1962988376617432,1.1962988376617432,590698,0.0,0.0
1984-03-15 00:00:00-05:00,1.196298497042582,1.196298497042582,1.162118911743164,1.162118911743164,676758,0.0,0.0
1984-03-16 00:00:00-05:00,1.1621186961240968,1.1792084856029728,1.0424884985623553,1.093758463859558,952148,0.0,0.0
1984-03-19 00:00:00-05:00,1.093758293893131,1.093758293893131,1.0424883365631101,1.0424883365631104,449341,0.0,0.0
1984-03-20 00:00:00-05:00,1.0424884881014638,1.1279385089874268,1.025398698794076,1.1279385089874268,1006714,0.0,0.0
1984-03-21 00:00:00-05:00,1.1450282982948143,1.1450282982948143,1.1279385089874268,1.1279385089874268,339844,0.0,0.0
1984-03-22 00:00:00-05:00,1.1279385089874268,1.1279385089874268,1.110848719680039,1.1279385089874268,310181,0.0,0.0
1984-03-23 00:00:00-05:00,1.0937579297780975,1.1279379695342127,1.0937579297780975,1.1108481884002686,150146,0.0,0.0
1984-03-26 00:00:00-05:00,1.1450281088361802,1.2133883291037373,1.1279383223565027,1.1792082786560059,620728,0.0,0.0
1984-03-27 00:00:00-05:00,1.1792084070701354,1.1792084070701354,1.1450282335281372,1.1450282335281372,202881,0.0,0.0
1984-03-28 00:00:00-05:00,1.1621186844627713,1.1621186844627713,1.1279385089874268,1.1279385089874268,140625,0.0,0.0
1984-03-29 00:00:00-05:00,1.1279385089874268,1.1279385089874268,1.110848719680039,1.1279385089874268,99976,0.0,0.0
1984-03-30 00:00:00-05:00,1.1108487308268942,1.12793852030577,1.093758463859558,1.093758463859558,153442,0.0,0.0
1984-04-02 00:00:00-05:00,1.1108486568466747,1.1450282335281372,1.1108486568466747,1.1450282335281372,240601,0.0,0.0
1984-04-03 00:00:00-05:00,1.1450282335281372,1.1792084070701354,1.127938445187406,1.1450282335281372,388184,0.0,0.0
1984-04-04 00:00:00-05:00,1.1450281088361802,1.1962980651356834,1.1450281088361802,1.1792082786560059,301758,0.0,0.0
1984-04-05 00:00:00-05:00,1.1792086210398143,1.2133886814117432,1.1792086210398143,1.2133886814117432,640137,0.0,0.0
1984-04-06 00:00:00-05:00,1.196298497042582,1.196298497042582,1.1450285222327692,1.162118911743164,350464,0.0,0.0
1984-04-09 00:00:00-05:00,1.1450285222327692,1.196298497042582,1.1450285222327692,1.162118911743164,223022,0.0,0.0
1984-04-10 00:00:00-05:00,1.1279379640771792,1.1450277451284419,1.0595782430118477,1.0766680240631104,392944,0.0,0.0
1984-04-11 00:00:00-05:00,1.0595786008746757,1.0595786008746757,1.0083086435446549,1.0424883365631104,417847,0.0,0.0
1984-04-12 00:00:00-05:00,1.025398549739931,1.0424883365631101,1.0083086435446549,1.0424883365631104,286743,0.0,0.0
1984-04-13 00:00:00-05:00,1.042488465518882,1.0595787319445127,1.0083087682724,1.0083087682724,399170,0.0,0.0
1984-04-16 00:00:00-05:00,0.9912183792330895,1.0424883365631101,0.9912183792330895,1.0424883365631104,300293,0.0,0.0
1984-04-17 00:00:00-05:00,1.025398549739931,1.0595786008746757,1.0083086435446549,1.0424883365631104,328491,0.0,0.0
1984-04-18 00:00:00-05:00,1.042488465518882,1.042488465518882,1.0083087682724,1.0083087682724,78735,0.0,0.0
1984-04-19 00:00:00-05:00,1.0083085875666111,1.04248827868752,1.0083085875666111,1.0253984928131104,185303,0.0,0.0
1984-04-23 00:00:00-05:00,1.0253984928131104,1.0253984928131104,1.0083085875666111,1.0253984928131104,327393,0.0,0.0
1984-04-24 00:00:00-05:00,1.0253986765816967,1.0253986765816967,1.0083087682724,1.0083087682724,209473,0.0,0.0
1984-04-25 00:00:00-05:00,1.0253986246135924,1.0253986246135924,0.9741286635398864,0.9741286635398865,229614,0.0,0.0
1984-04-26 00:00:00-05:00,0.9741281215975067,0.9912179001609104,0.9399480272965245,0.9570382833480835,279419,0.0,0.0
1984-04-27 00:00:00-05:00,0.9570386968937753,0.9912183284759521,0.9399484334573479,0.9912183284759521,159302,0.0,0.0
1984-04-30 00:00:00-04:00,0.9912184516109463,0.9912184516109463,0.9741286635398864,0.9741286635398865,112427,0.0,0.0
1984-05-01 00:00:00-04:00,0.9741285425278864,0.9912183284759521,0.9570386968937753,0.9912183284759521,93750,0.0,0.0
1984-05-02 00:00:00-04:00,0.9912183284759521,0.9912183284759521,0.9741285425278864,0.9912183284759521,139893,0.0,0.0
1984-05-03 00:00:00-04:00,0.9912185332651526,1.093758463859558,0.9741287437862768,1.093758463859558,673096,0.0,0.0
1984-05-04 00:00:00-04:00,1.0937579244864293,1.1621181230399855,1.0595782430118477,1.0766680240631104,1785278,0.0,0.0
1984-05-07 00:00:00-04:00,1.093758293893131,1.093758293893131,1.025398549739931,1.0424883365631104,172852,0.0,0.0
1984-05-08 00:00:00-04:00,1.0424879844723602,1.0766680240631104,1.0253982034210976,1.0766680240631104,512695,0.0,0.0
1984-05-09 00:00:00-04:00,1.059578542050289,1.059578542050289,1.0253984928131104,1.0253984928131104,131836,0.0,0.0
1984-05-10 00:00:00-04:00,1.0253984928131104,1.059578542050289,1.0083085875666111,1.0253984928131104,183838,0.0,0.0
1984-05-11 00:00:00-04:00,1.0083081562124694,1.025398054147912,0.9399480272965245,0.9570382833480835,510132,0.0,0.0
1984-05-14 00:00:00-04:00,0.9570388852113149,0.9570388852113149,0.9228587694151195,0.9399486184120178,288208,0.0,0.0
1984-05-15 00:00:00-04:00,0.9399486184120179,0.9570388852113149,0.9228587694151195,0.9399486184120178,182373,0.0,0.0
1984-05-16 00:00:00-04:00,0.9399480272965245,0.9570382833480835,0.9228581890471014,0.9570382833480835,239502,0.0,0.0
1984-05-17 00:00:00-04:00,0.9570382833480835,0.9570382833480835,0.9228581890471014,0.9570382833480835,179443,0.0,0.0
1984-05-18 00:00:00-04:00,0.939948259505523,0.9570385197791359,0.9057686342488094,0.9228584170341492,177979,0.0,0.0
1984-05-21 00:00:00-04:00,0.9228584763777213,0.9570385813206286,0.8886783714348141,0.9057686924934387,173950,0.0,0.0
1984-05-22 00:00:00-04:00,0.8886783142891624,0.9228584170341492,0.8886783142891624,0.9228584170341492,243896,0.0,0.0
1984-05-23 00:00:00-04:00,0.9228587694151195,0.9399486184120179,0.9228587694151195,0.9399486184120178,122681,0.0,0.0
1984-05-24 00:00:00-04:00,0.939948259505523,0.939948259505523,0.9228584170341492,0.9228584170341492,208740,0.0,0.0
1984-05-25 00:00:00-04:00,0.9228584170341492,0.939948259505523,0.9228584170341492,0.9228584170341492,101807,0.0,0.0
1984-05-29 00:00:00-04:00,0.9228584170341492,0.939948259505523,0.9057686342488094,0.9228584170341492,121582,0.0,0.0
1984-05-30 00:00:00-04:00,0.9228584170341492,0.939948259505523,0.9057686342488094,0.9228584170341492,94482,0.0,0.0
1984-05-31 00:00:00-04:00,0.9228584763777213,0.9228584763777213,0.9057686924934387,0.9057686924934387,216797,0.0,0.0
1984-06-01 00:00:00-04:00,0.9228587694151195,0.9570388852113149,0.905768980104278,0.9399486184120178,208008,0.0,0.0
1984-06-04 00:00:00-04:00,0.957038692768978,1.059578542050289,0.957038692768978,1.0253984928131104,1325684,0.0,0.0
1984-06-05 00:00:00-04:00,1.0595787548973068,1.1279385089874268,1.0595787548973068,1.1279385089874268,973389,0.0,0.0
1984-06-06 00:00:00-04:00,1.1450277506681568,1.1621181286623847,1.1108481884002688,1.1108481884002686,770874,0.0,0.0
1984-06-07 00:00:00-04:00,1.12793852030577,1.12793852030577,1.093758463859558,1.093758463859558,288940,0.0,0.0
1984-06-08 00:00:00-04:00,1.093758463859558,1.1108487308268942,1.093758463859558,1.093758463859558,350830,0.0,0.0
1984-06-11 00:00:00-04:00,1.1108487308268942,1.1108487308268942,1.0595787655296913,1.093758463859558,192993,0.0,0.0
1984-06-12 00:00:00-04:00,1.0937579244864293,1.0937579244864293,1.0595782430118477,1.0766680240631104,148315,0.0,0.0
1984-06-13 00:00:00-04:00,1.0766685550085673,1.1108487308268942,1.0595787655296913,1.093758463859558,506836,0.0,0.0
1984-06-14 00:00:00-04:00,1.0937579244864293,1.0937579244864293,1.0766680240631104,1.0766680240631104,323364,0.0,0.0
1984-06-15 00:00:00-04:00,1.0937579244864293,1.0937579244864293,1.0766680240631104,1.0766680240631104,134399,0.0,0.0
1984-06-18 00:00:00-04:00,1.0937583910175148,1.1450282335281372,1.0766684833046765,1.1450282335281372,521118,0.0,0.0
1984-06-19 00:00:00-04:00,1.1450282982948143,1.1450282982948143,1.093758452884196,1.1279385089874268,367310,0.0,0.0
1984-06-20 00:00:00-04:00,1.0937583910175148,1.1450282335281372,1.0937583910175148,1.1450282335281372,208740,0.0,0.0
1984-06-21 00:00:00-04:00,1.1450277506681568,1.1450277506681568,1.1108481884002688,1.1108481884002686,135132,0.0,0.0
1984-06-22 00:00:00-04:00,1.1108481884002688,1.1279379695342127,1.0937579297780975,1.1108481884002686,107666,0.0,0.0
1984-06-25 00:00:00-04:00,1.1108481884002688,1.1108481884002688,1.0937579297780975,1.1108481884002686,244263,0.0,0.0
1984-06-26 00:00:00-04:00,1.093758463859558,1.1108487308268942,1.0766685550085673,1.093758463859558,175415,0.0,0.0
1984-06-27 00:00:00-04:00,1.0937579244864293,1.0937579244864293,1.0766680240631104,1.0766680240631104,132935,0.0,0.0
1984-06-28 00:00:00-04:00,1.0766685550085673,1.093758463859558,1.0766685550085673,1.093758463859558,108765,0.0,0.0
1984-06-29 00:00:00-04:00,1.0766685550085673,1.12793852030577,1.0766685550085673,1.093758463859558,297363,0.0,0.0
1984-07-02 00:00:00-04:00,1.0937582719087713,1.1792082786560059,1.0937582719087713,1.1792082786560059,708984,0.0,0.0
1984-07-03 00:00:00-04:00,1.179208704392873,1.196298497042582,1.162118911743164,1.162118911743164,554810,0.0,0.0
1984-07-05 00:00:00-04:00,1.179209040146099,1.1962988376617432,1.145028848253955,1.1962988376617432,1758911,0.0,0.0
1984-07-06 00:00:00-04:00,1.213387855457318,1.2475675344467163,1.196297598160453,1.2475675344467163,1065674,0.0,0.0
1984-07-09 00:00:00-04:00,1.2304780483245852,1.2304780483245852,1.196297883688985,1.230478048324585,510132,0.0,0.0
1984-07-10 00:00:00-04:00,1.2133891126660719,1.2133891126660719,1.1962988376617432,1.1962988376617432,859131,0.0,0.0
1984-07-11 00:00:00-04:00,1.1962988376617432,1.2133891126660719,1.179209040146099,1.1962988376617432,232178,0.0,0.0
1984-07-12 00:00:00-04:00,1.1962984124815212,1.230478592225579,1.1792086210398143,1.2133886814117432,722900,0.0,0.0
1984-07-13 00:00:00-04:00,1.1962988376617432,1.2304790295538872,1.1962988376617432,1.1962988376617432,507935,0.0,0.0
1984-07-16 00:00:00-04:00,1.1792084070701354,1.1962981954108667,1.127938445187406,1.1450282335281372,387085,0.0,0.0
1984-07-17 00:00:00-04:00,1.127938445187406,1.1450282335281372,1.127938445187406,1.1450282335281372,155273,0.0,0.0
1984-07-18 00:00:00-04:00,1.1450282335281372,1.1450282335281372,1.127938445187406,1.1450282335281372,240601,0.0,0.0
1984-07-19 00:00:00-04:00,1.1450282335281372,1.1450282335281372,1.127938445187406,1.1450282335281372,142090,0.0,0.0
1984-07-20 00:00:00-04:00,1.1279379640771792,1.1279379640771792,1.0766680240631104,1.0766680240631104,420776,0.0,0.0
1984-07-23 00:00:00-04:00,1.0766680240631104,1.0937579244864293,1.0595782430118477,1.0766680240631104,138428,0.0,0.0
1984-07-24 00:00:00-04:00,1.0595782430118477,1.0937579244864293,1.0595782430118477,1.0766680240631104,212769,0.0,0.0
1984-07-25 00:00:00-04:00,1.0766680240631104,1.0937579244864293,1.0595782430118477,1.0766680240631104,217896,0.0,0.0
1984-07-26 00:00:00-04:00,1.0766685442046944,1.1279385089874268,1.0766685442046944,1.1279385089874268,438354,0.0,0.0
1984-07-27 00:00:00-04:00,1.127938445187406,1.1621186187294041,1.1108486568466747,1.1450282335281372,194824,0.0,0.0
1984-07-30 00:00:00-04:00,1.12793872958306,1.179208704392873,1.12793872958306,1.162118911743164,273560,0.0,0.0
1984-07-31 00:00:00-04:00,1.1962984124815212,1.230478592225579,1.1962984124815212,1.2133886814117432,901611,0.0,0.0
1984-08-01 00:00:00-04:00,1.2304781641800038,1.2646582126617434,1.2304781641800038,1.2646582126617432,1115112,0.0,0.0
1984-08-02 00:00:00-04:00,1.3159281660122653,1.3159281660122653,1.2646582126617434,1.2646582126617432,851074,0.0,0.0
1984-08-03 00:00:00-04:00,1.2646587903913704,1.2988383769989014,1.247568519599038,1.2988383769989014,1319092,0.0,0.0
1984-08-06 00:00:00-04:00,1.2988376043484133,1.3671979306188085,1.2817478212109914,1.3501075506210327,1618286,0.0,0.0
1984-08-07 00:00:00-04:00,1.3501078514441698,1.3501078514441698,1.3159282775536332,1.3330180644989014,454468,0.0,0.0
1984-08-08 00:00:00-04:00,1.3159287153718995,1.3330185080030559,1.2817485332489016,1.2817485332489014,411621,0.0,0.0
1984-08-09 00:00:00-04:00,1.2817480514733348,1.3330180069564541,1.264658265265782,1.3159282207489014,528809,0.0,0.0
1984-08-10 00:00:00-04:00,1.3671979306188085,1.4013774968936523,1.3330177674836108,1.3501075506210327,848511,0.0,0.0
1984-08-13 00:00:00-04:00,1.36719810962677,1.36719810962677,1.315928156641349,1.36719810962677,344238,0.0,0.0
1984-08-14 00:00:00-04:00,1.36719810962677,1.4013776803767628,1.3501077273913418,1.36719810962677,604248,0.0,0.0
1984-08-15 00:00:00-04:00,1.3842882344863998,1.435558080673218,1.3671984449202814,1.4355580806732178,1677246,0.0,0.0
1984-08-16 00:00:00-04:00,1.4355582145632046,1.4355582145632046,1.3842883635946093,1.4013781547546387,786255,0.0,0.0
1984-08-17 00:00:00-04:00,1.4013779808344233,1.4013779808344233,1.3671984027562747,1.3842881917953491,418945,0.0,0.0
1984-08-20 00:00:00-04:00,1.3842883635946093,1.4013781547546387,1.3501081844139167,1.4013781547546387,683350,0.0,0.0
1984-08-21 00:00:00-04:00,1.4013778461631472,1.4868278574958496,1.4013778461631472,1.4526478052139282,1051758,0.0,0.0
1984-08-22 00:00:00-04:00,1.4697383254320269,1.6235481099331515,1.4697383254320269,1.5722781419754028,2318115,0.0,0.0
1984-08-23 00:00:00-04:00,1.6064570561049032,1.6577269989783556,1.5722773727240815,1.6235473155975342,1791504,0.0,0.0
1984-08-24 00:00:00-04:00,1.6577275749008236,1.828627603015296,1.6577275749008236,1.7602673768997192,4094238,0.0,0.0
1984-08-27 00:00:00-04:00,1.7773579737469978,1.8628075262492707,1.7431779140018355,1.8286279439926147,2044189,0.0,0.0
1984-08-28 00:00:00-04:00,1.8115371507994886,1.828627414467406,1.6406374984226164,1.7773574590682983,3174316,0.0,0.0
1984-08-29 00:00:00-04:00,1.7602670253868784,1.777357287404151,1.555187342969941,1.5893675088882446,1729614,0.0,0.0
1984-08-30 00:00:00-04:00,1.640637220713985,1.6919071674346922,1.6235474374272023,1.6919071674346924,1000488,0.0,0.0
1984-08-31 00:00:00-04:00,1.6748179107023946,1.726087873542125,1.6748179107023946,1.7089974880218506,411987,0.0,0.0
1984-09-04 00:00:00-04:00,1.6919076993621225,1.7089974880218506,1.6748179107023946,1.7089974880218506,383057,0.0,0.0
1984-09-05 00:00:00-04:00,1.7089969507214748,1.7089969507214748,1.6748173841479095,1.6919071674346924,362183,0.0,0.0
1984-09-06 00:00:00-04:00,1.6748178403309004,1.7602673768997192,1.6748178403309004,1.7602673768997192,1932495,0.0,0.0
1984-09-07 00:00:00-04:00,1.777357158217252,1.777357158217252,1.6919071674346922,1.6919071674346924,1060547,0.0,0.0
1984-09-10 00:00:00-04:00,1.6748172584709864,1.6748172584709864,1.623547315597534,1.6235473155975342,711182,0.0,0.0
1984-09-11 00:00:00-04:00,1.6919079493343916,1.7260881285643717,1.674818158149719,1.6748181581497192,645996,0.0,0.0
1984-09-12 00:00:00-04:00,1.6919079493343916,1.6919079493343916,1.674818158149719,1.6748181581497192,317139,0.0,0.0
1984-09-13 00:00:00-04:00,1.6748173841479095,1.6919071674346922,1.6577271233728395,1.6919071674346924,1075195,0.0,0.0
1984-09-14 00:00:00-04:00,1.7089969507214748,1.7089969507214748,1.6748173841479095,1.6919071674346924,721436,0.0,0.0
1984-09-17 00:00:00-04:00,1.6406375221901595,1.6406375221901595,1.5893676854204093,1.6064574718475342,1004883,0.0,0.0
1984-09-18 00:00:00-04:00,1.6064578420789524,1.6235481099331515,1.5722781419754028,1.5722781419754028,645996,0.0,0.0
1984-09-19 00:00:00-04:00,1.5722776049872136,1.6064572934171955,1.555187342969941,1.5893675088882446,891724,0.0,0.0
1984-09-20 00:00:00-04:00,1.5893672741005238,1.623547315597534,1.5893672741005238,1.6235473155975342,1489380,0.0,0.0
1984-09-21 00:00:00-04:00,1.6064574718475344,1.6235477357630343,1.6064574718475344,1.6064574718475342,689575,0.0,0.0
1984-09-24 00:00:00-04:00,1.6064574718475344,1.6235477357630343,1.6064574718475344,1.6064574718475342,212036,0.0,0.0
1984-09-25 00:00:00-04:00,1.6235477357630343,1.6235477357630343,1.5893676854204093,1.6064574718475342,227783,0.0,0.0
1984-09-26 00:00:00-04:00,1.6064572934171955,1.6064572934171955,1.5893675088882449,1.5893675088882446,424805,0.0,0.0
1984-09-27 00:00:00-04:00,1.6064570487719285,1.6064570487719285,1.5210075422797675,1.5551871061325073,1185425,0.0,0.0
1984-09-28 00:00:00-04:00,1.57227773064228,1.57227773064228,1.5039175127144637,1.5210078954696655,867187,0.0,0.0
1984-10-01 00:00:00-04:00,1.5210078954696653,1.5210078954696653,1.5039175127144637,1.5210078954696655,305054,0.0,0.0
1984-10-02 00:00:00-04:00,1.521008188451598,1.5380979776382446,1.5039178024043862,1.5380979776382446,1251709,0.0,0.0
1984-10-03 00:00:00-04:00,1.538097681364417,1.538097681364417,1.5039175127144637,1.5210078954696655,311279,0.0,0.0
1984-10-04 00:00:00-04:00,1.521008188451598,1.5380979776382446,1.5039178024043862,1.5380979776382446,209473,0.0,0.0
1984-10-05 00:00:00-04:00,1.521007549222692,1.623547315597534,1.521007549222692,1.6235473155975342,1329712,0.0,0.0
1984-10-08 00:00:00-04:00,1.6235481099331515,1.6235481099331515,1.5380980837554896,1.5722781419754028,557007,0.0,0.0
1984-10-09 00:00:00-04:00,1.5551878741212037,1.5722781419754028,1.5380980837554896,1.5722781419754028,405762,0.0,0.0
1984-10-10 00:00:00-04:00,1.5722773655471263,1.5722773655471263,1.5380973242061373,1.5551871061325073,361816,0.0,0.0
1984-10-11 00:00:00-04:00,1.5551875157056905,1.6064574718475344,1.5551875157056905,1.6064574718475342,791382,0.0,0.0
1984-10-12 00:00:00-04:00,1.6064570561049032,1.6406370976019133,1.5893672741005238,1.6235473155975342,1010742,0.0,0.0
1984-10-15 00:00:00-04:00,1.6235476698859348,1.6919074096811375,1.6064574066638895,1.6577273607254028,1210327,0.0,0.0
1984-10-16 00:00:00-04:00,1.6577279045244935,1.67481817335281,1.6235482024727566,1.640637993812561,533203,0.0,0.0
1984-10-17 00:00:00-04:00,1.6406370976019133,1.6406370976019133,1.6064570561049032,1.6235473155975342,184937,0.0,0.0
1984-10-18 00:00:00-04:00,1.6235481877350666,1.674818158149719,1.6235481877350666,1.6748181581497192,1039307,0.0,0.0
1984-10-19 00:00:00-04:00,1.6919071674346922,1.7260873308686167,1.6748173841479095,1.6919071674346924,1024292,0.0,0.0
1984-10-22 00:00:00-04:00,1.6919076282725598,1.7602673768997192,1.6748178403309004,1.7602673768997192,654419,0.0,0.0
1984-10-23 00:00:00-04:00,1.7431774092208319,1.8115371507994886,1.7431774092208319,1.7773574590682983,906006,0.0,0.0
1984-10-24 00:00:00-04:00,1.7773574046476208,1.7944473096759885,1.7260875701904297,1.7260875701904297,439087,0.0,0.0
1984-10-25 00:00:00-04:00,1.7431772947311404,1.760267079788254,1.7089971277564922,1.7431772947311401,262939,0.0,0.0
1984-10-26 00:00:00-04:00,1.743177662201853,1.743177662201853,1.7089974880218506,1.7089974880218506,411621,0.0,0.0
1984-10-29 00:00:00-05:00,1.7089971277564922,1.760267079788254,1.7089971277564922,1.7431772947311401,429932,0.0,0.0
1984-10-30 00:00:00-05:00,1.7431775889580599,1.7773576423297959,1.7431775889580599,1.7602673768997192,455933,0.0,0.0
1984-10-31 00:00:00-05:00,1.760267079788254,1.7773573423337041,1.7260875096740267,1.7431772947311401,196289,0.0,0.0
1984-11-01 00:00:00-05:00,1.7431774092208319,1.7773574590682981,1.7431774092208319,1.7773574590682983,747070,0.0,0.0
1984-11-02 00:00:00-05:00,1.7773574590682981,1.7944473646199395,1.760267195400381,1.7773574590682983,312378,0.0,0.0
1984-11-05 00:00:00-05:00,1.7602671415029882,1.7773574046476208,1.7260875701904297,1.7260875701904297,275391,0.0,0.0
1984-11-06 00:00:00-05:00,1.7431775889580599,1.7602673768997192,1.7089974162142192,1.7602673768997192,345703,0.0,0.0
1984-11-07 00:00:00-05:00,1.7431772947311404,1.7431772947311404,1.7089971277564922,1.7431772947311401,201050,0.0,0.0
1984-11-08 00:00:00-05:00,1.7260878010164002,1.7602673768997192,1.7260878010164002,1.7602673768997192,430298,0.0,0.0
1984-11-09 00:00:00-05:00,1.760267079788254,1.794447246762902,1.7260875096740267,1.7431772947311401,791748,0.0,0.0
1984-11-12 00:00:00-05:00,1.7602673768997192,1.7602673768997192,1.7431775889580599,1.7602673768997192,367676,0.0,0.0
1984-11-13 00:00:00-05:00,1.743177355846709,1.7602671415029882,1.7089971876737087,1.7260875701904297,222656,0.0,0.0
1984-11-14 00:00:00-05:00,1.7089974880218506,1.726087873542125,1.6919076993621225,1.7089974880218506,301758,0.0,0.0
1984-11-15 00:00:00-05:00,1.7089974880218506,1.743177662201853,1.7089974880218506,1.7089974880218506,393677,0.0,0.0
1984-11-16 00:00:00-05:00,1.7089969507214748,1.7260873308686167,1.6919071674346922,1.6919071674346924,307983,0.0,0.0
1984-11-19 00:00:00-05:00,1.6919074783320032,1.6919074783320032,1.5551875157056905,1.6064574718475342,505005,0.0,0.0
1984-11-20 00:00:00-05:00,1.5893676854204093,1.6064574718475344,1.5551875157056905,1.6064574718475342,282349,0.0,0.0
1984-11-21 00:00:00-05:00,1.6064574718475344,1.6235477357630343,1.5722777796211904,1.6064574718475342,1484619,0.0,0.0
1984-11-23 00:00:00-05:00,1.6235482024727566,1.6577279045244935,1.60645793364444,1.640637993812561,162231,0.0,0.0
1984-11-26 00:00:00-05:00,1.6577279045244935,1.6577279045244935,1.6235482024727566,1.640637993812561,136963,0.0,0.0
1984-11-27 00:00:00-05:00,1.623547555434468,1.6406373399634189,1.5893675088882449,1.5893675088882446,102539,0.0,0.0
1984-11-28 00:00:00-05:00,1.5893680517132383,1.6064578420789524,1.5551878741212037,1.5722781419754028,207642,0.0,0.0
1984-11-29 00:00:00-05:00,1.5551877668248912,1.57227803349999,1.5380979776382446,1.5380979776382446,232910,0.0,0.0
1984-11-30 00:00:00-05:00,1.5380980837554896,1.5893680517132383,1.5380980837554896,1.5722781419754028,190430,0.0,0.0
1984-12-03 00:00:00-05:00,1.5551877668248912,1.57227803349999,1.5380979776382446,1.5380979776382446,255249,0.0,0.0
1984-12-04 00:00:00-05:00,1.5551874672591683,1.5551874672591683,1.5210078954696653,1.5210078954696655,229248,0.0,0.0
1984-12-05 00:00:00-05:00,1.538097681364417,1.5551874672591683,1.5039175127144637,1.5210078954696655,245728,0.0,0.0
1984-12-06 00:00:00-05:00,1.5039173925226865,1.6064572934171955,1.4355576575464815,1.5893675088882446,1843140,0.0,0.0
1984-12-07 00:00:00-05:00,1.6064577312453963,1.6406377871071416,1.521008188451598,1.5380979776382446,1842041,0.0,0.0
1984-12-10 00:00:00-05:00,1.5210075422797675,1.5551871061325073,1.4697375996403463,1.5551871061325073,410522,0.0,0.0
1984-12-11 00:00:00-05:00,1.5551875157056905,1.6064574718475344,1.5380977292785654,1.6064574718475342,241333,0.0,0.0
1984-12-12 00:00:00-05:00,1.5893676854204093,1.6064574718475344,1.5722777796211904,1.6064574718475342,146118,0.0,0.0
1984-12-13 00:00:00-05:00,1.6064574718475344,1.6064574718475344,1.5893676854204093,1.6064574718475342,219727,0.0,0.0
1984-12-14 00:00:00-05:00,1.5893675088882449,1.6064572934171955,1.5722776049872136,1.5893675088882446,208008,0.0,0.0
1984-12-17 00:00:00-05:00,1.5722781419754028,1.5893680517132383,1.5551878741212037,1.5722781419754028,337280,0.0,0.0
1984-12-18 00:00:00-05:00,1.5893672741005238,1.623547315597534,1.5722773727240815,1.6235473155975342,405396,0.0,0.0
1984-12-19 00:00:00-05:00,1.6406375221901595,1.657727427989378,1.5893676854204093,1.6064574718475342,1346924,0.0,0.0
1984-12-20 00:00:00-05:00,1.6064572934171955,1.623547555434468,1.5893675088882449,1.5893675088882446,143921,0.0,0.0
1984-12-21 00:00:00-05:00,1.57227803349999,1.5893679420587494,1.5039178024043862,1.5380979776382446,290771,0.0,0.0
1984-12-24 00:00:00-05:00,1.5380973242061373,1.5722773655471263,1.5039171634930861,1.5551871061325073,189331,0.0,0.0
1984-12-26 00:00:00-05:00,1.5380973242061373,1.5551871061325073,1.5210075422797675,1.5551871061325073,140991,0.0,0.0
1984-12-27 00:00:00-05:00,1.5380986723855878,1.5380986723855878,1.3330188414426982,1.4868286848068237,1028687,0.0,0.0
1984-12-28 00:00:00-05:00,1.4355578364146984,1.4868277932501077,1.4013777856096954,1.4697380065917969,549316,0.0,0.0
1984-12-31 00:00:00-05:00,1.4184684234031752,1.4355582145632046,1.3501081844139167,1.4013781547546387,670166,0.0,0.0
1985-01-02 00:00:00-05:00,1.4184682473619454,1.4184682473619454,1.3501080168566406,1.3842881917953491,717407,0.0,0.0
1985-01-03 00:00:00-05:00,1.36719810962677,1.4013776803767628,1.36719810962677,1.36719810962677,218994,0.0,0.0
1985-01-04 00:00:00-05:00,1.3842878950017665,1.3842878950017665,1.3501077273913418,1.36719810962677,517456,0.0,0.0
1985-01-07 00:00:00-05:00,1.367198277794322,1.4355579051909955,1.367198277794322,1.4184681177139282,283081,0.0,0.0
1985-01-08 00:00:00-05:00,1.4526477424451048,1.4868277932501077,1.4355578364146984,1.4697380065917969,375732,0.0,0.0
1985-01-09 00:00:00-05:00,1.4526477424451048,1.4868277932501077,1.4355578364146984,1.4697380065917969,251953,0.0,0.0
1985-01-10 00:00:00-05:00,1.4868277882813083,1.521007958344181,1.4697380016801096,1.5039175748825073,357056,0.0,0.0
1985-01-11 00:00:00-05:00,1.5039178024043862,1.5551877668248912,1.5039178024043862,1.5380979776382446,287842,0.0,0.0
1985-01-14 00:00:00-05:00,1.5380975584409904,1.6064572934171955,1.5380975584409904,1.5893675088882446,584106,0.0,0.0
1985-01-15 00:00:00-05:00,1.5893680517132383,1.6235481099331515,1.5551878741212037,1.5722781419754028,365845,0.0,0.0
1985-01-16 00:00:00-05:00,1.555187342969941,1.5893675088882449,1.555187342969941,1.5893675088882446,176514,0.0,0.0
1985-01-17 00:00:00-05:00,1.5893680517132383,1.6064578420789524,1.5551878741212037,1.5722781419754028,266602,0.0,0.0
1985-01-18 00:00:00-05:00,1.5722777796211904,1.6064574718475344,1.5722777796211904,1.6064574718475342,884399,0.0,0.0
1985-01-21 00:00:00-05:00,1.6064574718475344,1.6235477357630343,1.5722777796211904,1.6064574718475342,433594,0.0,0.0
1985-01-22 00:00:00-05:00,1.60645793364444,1.6577279045244935,1.5893681423046355,1.640637993812561,997925,0.0,0.0
1985-01-23 00:00:00-05:00,1.640637220713985,1.7089969507214748,1.640637220713985,1.6919071674346924,679321,0.0,0.0
1985-01-24 00:00:00-05:00,1.7089971876737087,1.7260875701904297,1.7089971876737087,1.7260875701904297,688477,0.0,0.0
1985-01-25 00:00:00-05:00,1.7089977405190642,1.7260881285643717,1.674818158149719,1.6748181581497192,338013,0.0,0.0
1985-01-28 00:00:00-05:00,1.6748173841479095,1.7089969507214748,1.6577271233728395,1.6919071674346924,984009,0.0,0.0
1985-01-29 00:00:00-05:00,1.640637220713985,1.6919071674346922,1.6235474374272023,1.6919071674346924,460693,0.0,0.0
1985-01-30 00:00:00-05:00,1.674818158149719,1.7089977405190642,1.6577278894765386,1.6748181581497192,807495,0.0,0.0
1985-01-31 00:00:00-05:00,1.640637220713985,1.6919071674346922,1.6235474374272023,1.6919071674346924,779663,0.0,0.0
1985-02-01 00:00:00-05:00,1.6919076993621225,1.7089974880218506,1.6748179107023946,1.7089974880218506,844849,0.0,0.0
1985-02-04 00:00:00-05:00,1.7089972400012734,1.7773574590682981,1.691907453821724,1.7773574590682983,1358276,0.0,0.0
1985-02-05 00:00:00-05:00,1.7944473646199395,1.7944473646199395,1.7260876230412825,1.7773574590682983,984009,0.0,0.0
1985-02-06 00:00:00-05:00,1.7773576423297959,1.7773576423297959,1.7602673768997192,1.7602673768997192,717041,0.0,0.0
1985-02-07 00:00:00-05:00,1.7773581879036795,1.9140777271251215,1.7773581879036795,1.8628077507019043,2658691,0.0,0.0
1985-02-08 00:00:00-05:00,1.8798981407501132,1.8798981407501132,1.8286281643268965,1.8628077507019043,1052490,0.0,0.0
1985-02-11 00:00:00-05:00,1.8798968706445556,1.8798968706445556,1.7773569870766432,1.8115366697311401,500244,0.0,0.0
1985-02-12 00:00:00-05:00,1.7773569870766432,1.8286269288605994,1.7773569870766432,1.8115366697311401,590332,0.0,0.0
1985-02-13 00:00:00-05:00,1.8115374202455878,1.8969874382019043,1.794447631524122,1.8969874382019043,675659,0.0,0.0
1985-02-14 00:00:00-05:00,1.8969874687766364,1.8969874687766364,1.794447660446167,1.794447660446167,846680,0.0,0.0
1985-02-15 00:00:00-05:00,1.7944468880899218,1.8457167105018177,1.7944468880899218,1.8115366697311401,702759,0.0,0.0
1985-02-19 00:00:00-05:00,1.7944468880899218,1.8115366697311401,1.7773569870766432,1.8115366697311401,397339,0.0,0.0
1985-02-20 00:00:00-05:00,1.7944468880899218,1.8286269288605994,1.7944468880899218,1.8115366697311401,269165,0.0,0.0
1985-02-21 00:00:00-05:00,1.7944478842474525,1.8286279439926147,1.6577278840110563,1.8286279439926147,292236,0.0,0.0
1985-02-22 00:00:00-05:00,1.8286269288605994,1.8286269288605994,1.7944468880899218,1.8115366697311401,197388,0.0,0.0
1985-02-25 00:00:00-05:00,1.7773574590682981,1.7944473646199395,1.7431774092208319,1.7773574590682983,988403,0.0,0.0
1985-02-26 00:00:00-05:00,1.760267195400381,1.8115371507994886,1.7431774092208319,1.7773574590682983,552246,0.0,0.0
1985-02-27 00:00:00-05:00,1.7773574590682981,1.7944473646199395,1.760267195400381,1.7773574590682983,336914,0.0,0.0
1985-02-28 00:00:00-05:00,1.7773574590682981,1.7773574590682981,1.760267195400381,1.7773574590682983,289673,0.0,0.0
1985-03-01 00:00:00-05:00,1.7773569870766432,1.8115366697311401,1.760266727947184,1.8115366697311401,1038574,0.0,0.0
1985-03-04 00:00:00-05:00,1.7773576423297959,1.8115373375852193,1.7602673768997192,1.7602673768997192,595093,0.0,0.0
1985-03-05 00:00:00-05:00,1.7773574046476208,1.7773574046476208,1.6919074020174294,1.7260875701904297,855469,0.0,0.0
1985-03-06 00:00:00-05:00,1.7431775889580599,1.7944475496435597,1.7431775889580599,1.7602673768997192,600220,0.0,0.0
1985-03-07 00:00:00-05:00,1.7431772947311404,1.760267079788254,1.7431772947311404,1.7431772947311401,198486,0.0,0.0
1985-03-08 00:00:00-05:00,1.7431772947311404,1.760267079788254,1.7260875096740267,1.7431772947311401,204346,0.0,0.0
1985-03-11 00:00:00-05:00,1.7260875701904297,1.743177355846709,1.7260875701904297,1.7260875701904297,501343,0.0,0.0
1985-03-12 00:00:00-05:00,1.7260875701904297,1.7602671415029882,1.7260875701904297,1.7260875701904297,388550,0.0,0.0
1985-03-13 00:00:00-05:00,1.7260875701904297,1.743177355846709,1.7260875701904297,1.7260875701904297,155640,0.0,0.0
1985-03-14 00:00:00-05:00,1.7260875096740267,1.7431772947311404,1.7260875096740267,1.7431772947311401,510498,0.0,0.0
1985-03-15 00:00:00-05:00,1.7260875096740267,1.7431772947311404,1.7260875096740267,1.7431772947311401,106567,0.0,0.0
1985-03-18 00:00:00-05:00,1.7260875701904297,1.743177355846709,1.7260875701904297,1.7260875701904297,343872,0.0,0.0
1985-03-19 00:00:00-05:00,1.7431774092208319,1.7944473646199395,1.7260876230412825,1.7773574590682983,1062012,0.0,0.0
1985-03-20 00:00:00-05:00,1.8115367910093456,1.862806616853638,1.794447008224006,1.8457168340682983,1378052,0.0,0.0
1985-03-21 00:00:00-05:00,1.8115374202455878,1.8969874382019043,1.8115374202455878,1.8969874382019043,870117,0.0,0.0
1985-03-22 00:00:00-05:00,1.8969879339376174,1.8969879339376174,1.8457179575144005,1.8628077507019043,421509,0.0,0.0
1985-03-25 00:00:00-05:00,1.8628064921430358,1.8798968706445556,1.8115366697311401,1.8115366697311401,525879,0.0,0.0
1985-03-26 00:00:00-05:00,1.8115378936508284,1.8798981407501132,1.7944481004633244,1.8628077507019043,726196,0.0,0.0
1985-03-27 00:00:00-05:00,1.8628072638984239,1.9482574012268503,1.8628072638984239,1.8969874382019043,1235596,0.0,0.0
1985-03-28 00:00:00-05:00,1.91407722692337,1.9482574012268503,1.8969874382019043,1.8969874382019043,1224976,0.0,0.0
1985-03-29 00:00:00-05:00,1.9311675559760713,1.9311675559760713,1.8798975944519043,1.8798975944519043,224121,0.0,0.0
1985-04-01 00:00:00-05:00,1.896987382673116,1.914077170894328,1.8798975944519043,1.8798975944519043,147583,0.0,0.0
1985-04-02 00:00:00-05:00,1.8969879339376174,1.8969879339376174,1.8628077507019045,1.8628077507019043,293701,0.0,0.0
1985-04-03 00:00:00-05:00,1.8798979142382317,1.8969877053665596,1.8286279439926147,1.8286279439926147,257446,0.0,0.0
1985-04-04 00:00:00-05:00,1.8286269288605994,1.8286269288605994,1.8115366697311401,1.8115366697311401,134766,0.0,0.0
1985-04-08 00:00:00-05:00,1.8115371507994886,1.828627414467406,1.7773574590682981,1.7773574590682983,849243,0.0,0.0
1985-04-09 00:00:00-05:00,1.7773577520771444,1.8115374494430776,1.7773577520771444,1.794447660446167,206177,0.0,0.0
1985-04-10 00:00:00-05:00,1.7944478842474525,1.8457177351209428,1.7944478842474525,1.8286279439926147,136597,0.0,0.0
1985-04-11 00:00:00-05:00,1.8286270512829585,1.879896996499319,1.8286270512829585,1.8457168340682983,169922,0.0,0.0
1985-04-12 00:00:00-05:00,1.862806616853638,1.862806616853638,1.8286270512829585,1.8457168340682983,69214,0.0,0.0
1985-04-15 00:00:00-05:00,1.8286270512829585,1.862806616853638,1.8115367910093456,1.8457168340682983,341675,0.0,0.0
1985-04-16 00:00:00-05:00,1.845717421148949,1.896987382673116,1.8286276329277371,1.8798975944519043,473877,0.0,0.0
1985-04-17 00:00:00-05:00,1.8798975944519043,1.896987382673116,1.862807209370161,1.8798975944519043,203979,0.0,0.0
1985-04-18 00:00:00-05:00,1.9140772170452478,1.9482573911723318,1.8969874284119785,1.9311676025390625,651123,0.0,0.0
1985-04-19 00:00:00-05:00,1.896987382673116,1.914077170894328,1.862807209370161,1.8798975944519043,207275,0.0,0.0
1985-04-22 00:00:00-05:00,1.879896996499319,1.879896996499319,1.794447008224006,1.8457168340682983,295898,0.0,0.0
1985-04-23 00:00:00-05:00,1.8115376753757804,1.8286279439926147,1.7773579737469978,1.8286279439926147,216064,0.0,0.0
1985-04-24 00:00:00-05:00,1.8286269288605994,1.8286269288605994,1.7944468880899218,1.8115366697311401,257080,0.0,0.0
1985-04-25 00:00:00-05:00,1.8115376753757804,1.8457177351209428,1.8115376753757804,1.8286279439926147,262573,0.0,0.0
1985-04-26 00:00:00-05:00,1.8457168340682983,1.862806616853638,1.8286270512829585,1.8457168340682983,184570,0.0,0.0
1985-04-29 00:00:00-04:00,1.828627294365466,1.8457170794225795,1.7260875096740267,1.7431772947311401,396606,0.0,0.0
1985-04-30 00:00:00-04:00,1.760267195400381,1.7944473646199395,1.7260876230412825,1.7773574590682983,551880,0.0,0.0
1985-05-01 00:00:00-04:00,1.7944473096759885,1.7944473096759885,1.7089971876737087,1.7260875701904297,223022,0.0,0.0
1985-05-02 00:00:00-04:00,1.7089971876737087,1.7260875701904297,1.6919074020174294,1.7260875701904297,141724,0.0,0.0
1985-05-03 00:00:00-04:00,1.7431779197490442,1.7431779197490442,1.674818158149719,1.6748181581497192,446411,0.0,0.0
1985-05-06 00:00:00-04:00,1.6748173841479095,1.7089969507214748,1.6748173841479095,1.6919071674346924,104736,0.0,0.0
1985-05-07 00:00:00-04:00,1.67481817335281,1.6919079646926145,1.640637993812561,1.640637993812561,223022,0.0,0.0
1985-05-08 00:00:00-04:00,1.6577273532165175,1.743177355846709,1.6406374481881498,1.7260875701904297,1365234,0.0,0.0
1985-05-09 00:00:00-04:00,1.8457179575144005,1.9140777271251215,1.8286281643268965,1.8628077507019043,3262939,0.0,0.0
1985-05-10 00:00:00-04:00,1.8628075262492707,1.8628075262492707,1.8115376753757804,1.8286279439926147,1324219,0.0,0.0
1985-05-13 00:00:00-04:00,1.8457168340682983,1.862806616853638,1.8286270512829585,1.8457168340682983,1097168,0.0,0.0
1985-05-14 00:00:00-04:00,1.8457174751769583,1.91407722692337,1.8286276864554925,1.8969874382019043,1247314,0.0,0.0
1985-05-15 00:00:00-04:00,1.896987366006067,1.9482573270797727,1.879897577935007,1.948257327079773,1885620,0.0,0.0
1985-05-16 00:00:00-04:00,1.9824371337890625,2.016616705673967,1.965346870358249,1.9824371337890625,2478149,0.0,0.0
1985-05-17 00:00:00-04:00,1.9824371337890625,1.9995269197315144,1.948257084415797,1.9824371337890625,1523804,0.0,0.0
1985-05-20 00:00:00-04:00,2.0166172981262207,2.0337078053221527,1.9995275071630416,2.0166172981262207,972290,0.0,0.0
1985-05-21 00:00:00-04:00,2.016616402388405,2.016616402388405,1.9482567914110616,1.9653465747833252,726562,0.0,0.0
1985-05-22 00:00:00-04:00,1.965346574783325,1.965346574783325,1.8969868444339093,1.9653465747833252,611572,0.0,0.0
1985-05-23 00:00:00-04:00,1.9653471151508328,1.9653471151508328,1.9482573270797727,1.948257327079773,450806,0.0,0.0
1985-05-24 00:00:00-04:00,1.965347179805601,1.965347179805601,1.9311676025390625,1.9311676025390625,554077,0.0,0.0
1985-05-28 00:00:00-04:00,1.948256486533717,1.9653462672316473,1.9140763282775881,1.914076328277588,999390,0.0,0.0
1985-05-29 00:00:00-04:00,1.9140772170452478,1.9311676025390625,1.8969874284119785,1.9311676025390625,511963,0.0,0.0
1985-05-30 00:00:00-04:00,1.9311667058357869,1.9311667058357869,1.9140763282775881,1.914076328277588,278687,0.0,0.0
1985-05-31 00:00:00-04:00,1.9140763282775881,1.9311667058357869,1.8628063893235287,1.914076328277588,987305,0.0,0.0
1985-06-03 00:00:00-04:00,1.9140771540771269,1.9482573270797727,1.9140771540771269,1.948257327079773,555176,0.0,0.0
1985-06-04 00:00:00-04:00,1.9311676025390625,1.9482573911723318,1.8969874284119785,1.9311676025390625,2615479,0.0,0.0
1985-06-05 00:00:00-04:00,1.9140772170452478,1.9482573911723318,1.9140772170452478,1.9311676025390625,888794,0.0,0.0
1985-06-06 00:00:00-04:00,1.9482567914110616,1.982436835643878,1.9311670080387981,1.9653465747833252,1335205,0.0,0.0
1985-06-07 00:00:00-04:00,1.965346574783325,1.965346574783325,1.9482567914110616,1.9653465747833252,384155,0.0,0.0
1985-06-10 00:00:00-04:00,1.9482567914110616,1.965346574783325,1.9311670080387981,1.9653465747833252,826538,0.0,0.0
1985-06-11 00:00:00-04:00,1.9653474477481816,2.0337078053221527,1.9653474477481816,2.0166172981262207,1473999,0.0,0.0
1985-06-12 00:00:00-04:00,1.999527089279076,2.0678869550779213,1.999527089279076,2.0337073802948,1973145,0.0,0.0
1985-06-13 00:00:00-04:00,2.016616705673967,2.033707207848961,1.9824371337890625,1.9824371337890625,676392,0.0,0.0
1985-06-14 00:00:00-04:00,1.999527089279076,2.0337073802948,1.9824373018875154,2.0337073802948,586304,0.0,0.0
1985-06-17 00:00:00-04:00,2.03370749114861,2.0678870677948,2.03370749114861,2.0678870677948,665771,0.0,0.0
1985-06-18 00:00:00-04:00,2.050796286119849,2.1362461413225136,2.0337065060745947,2.1191558837890625,3651123,0.0,0.0
1985-06-19 00:00:00-04:00,2.119157466473056,2.2216974170466113,2.119157466473056,2.1704273223876953,4522705,0.0,0.0
1985-06-20 00:00:00-04:00,2.1704264921752796,2.1875169946794966,2.102066869600266,2.136246919631958,1165283,0.0,0.0
1985-06-21 00:00:00-04:00,2.1191560085354704,2.1533360481262207,2.1191560085354704,2.1533360481262207,903442,0.0,0.0
1985-06-24 00:00:00-04:00,2.1191558837890625,2.1362461413225136,2.1020661037438084,2.1191558837890625,734619,0.0,0.0
1985-06-25 00:00:00-04:00,2.1362477367703043,2.1704273223876953,2.119157466473056,2.1704273223876953,1123169,0.0,0.0
1985-06-26 00:00:00-04:00,2.1704262481181176,2.204606533050537,2.1704262481181176,2.204606533050537,1419434,0.0,0.0
1985-06-27 00:00:00-04:00,2.204607276759583,2.3071469724271068,2.204607276759583,2.2900571823120117,3486328,0.0,0.0
1985-06-28 00:00:00-04:00,2.3071469724271068,2.3413272688900126,2.2729669147084395,2.2900571823120117,1557495,0.0,0.0
1985-07-01 00:00:00-04:00,2.2729669147084395,2.3071469724271068,2.255877124593345,2.2900571823120117,637207,0.0,0.0
1985-07-02 00:00:00-04:00,2.324236459514816,2.324236459514816,2.2729663848876953,2.2729663848876953,442383,0.0,0.0
1985-07-03 00:00:00-04:00,2.272966025832902,2.290056286753086,2.2387864589691158,2.238786458969116,283081,0.0,0.0
1985-07-05 00:00:00-04:00,2.2216970668746776,2.3071469724271068,2.204607276759583,2.2900571823120117,630249,0.0,0.0
1985-07-08 00:00:00-04:00,2.2900555789818817,2.324235374026107,2.2900555789818817,2.307145357131958,622559,0.0,0.0
1985-07-09 00:00:00-04:00,2.290056286753086,2.307146070184979,2.2387864589691158,2.238786458969116,597656,0.0,0.0
1985-07-10 00:00:00-04:00,2.2387861471030956,2.2387861471030956,2.102066227484208,2.1533360481262207,873047,0.0,0.0
1985-07-11 00:00:00-04:00,2.1704258291774834,2.2046061075123458,2.1533360481262207,2.1533360481262207,529175,0.0,0.0
1985-07-12 00:00:00-04:00,2.1362461413225136,2.1533359213677676,2.1191558837890625,2.1191558837890625,814087,0.0,0.0
1985-07-15 00:00:00-04:00,2.1191560085354704,2.1704258291774834,2.1191560085354704,2.1533360481262207,1035645,0.0,0.0
1985-07-16 00:00:00-04:00,2.153337529579,2.204607624237916,2.1362477367703043,2.1704273223876953,1056885,0.0,0.0
1985-07-17 00:00:00-04:00,2.1875178813934326,2.2216974677915053,2.17042737196155,2.1875178813934326,666138,0.0,0.0
1985-07-18 00:00:00-04:00,2.2046061075123458,2.2046061075123458,2.1533360481262207,2.1533360481262207,315308,0.0,0.0
1985-07-19 00:00:00-04:00,2.136246267074958,2.1704258291774834,2.136246267074958,2.1533360481262207,178345,0.0,0.0
1985-07-22 00:00:00-04:00,2.1362477367703043,2.1704273223876953,2.119157466473056,2.1704273223876953,193726,0.0,0.0
1985-07-23 00:00:00-04:00,2.1533375787625135,2.238787738479106,2.1533375787625135,2.1875178813934326,697998,0.0,0.0
1985-07-24 00:00:00-04:00,2.170425701413022,2.187516197690571,2.0849763236985543,2.1191558837890625,454468,0.0,0.0
1985-07-25 00:00:00-04:00,2.1020661037438084,2.1362461413225136,2.1020661037438084,2.1191558837890625,312012,0.0,0.0
1985-07-26 00:00:00-04:00,2.1362461413225136,2.1362461413225136,2.0849763236985543,2.1191558837890625,218994,0.0,0.0
1985-07-29 00:00:00-04:00,2.1020669367812204,2.119156723599062,2.084977149963379,2.084977149963379,329956,0.0,0.0
1985-07-30 00:00:00-04:00,2.0678860661651033,2.1191558837890625,2.0678860661651033,2.1191558837890625,394043,0.0,0.0
1985-07-31 00:00:00-04:00,2.1020661037438084,2.1533359213677676,2.1020661037438084,2.1191558837890625,202148,0.0,0.0
1985-08-01 00:00:00-04:00,2.1191558837890625,2.1362461413225136,2.1020661037438084,2.1191558837890625,396606,0.0,0.0
1985-08-02 00:00:00-04:00,2.1362461413225136,2.1362461413225136,2.1020661037438084,2.1191558837890625,229614,0.0,0.0
1985-08-05 00:00:00-04:00,2.084977149963379,2.1020669367812204,2.0678868856571517,2.084977149963379,237671,0.0,0.0
1985-08-06 00:00:00-04:00,2.0849770348633996,2.1191566066122185,2.0337071997518112,2.0507969856262207,484131,0.0,0.0
1985-08-07 00:00:00-04:00,2.0166172981262207,2.0337078053221527,1.9824377161998623,2.0166172981262207,661377,0.0,0.0
1985-08-08 00:00:00-04:00,2.0166161285073327,2.1533360481262207,1.99952634745607,2.1533360481262207,559570,0.0,0.0
1985-08-09 00:00:00-04:00,2.153336705903619,2.153336705903619,2.1191566558719264,2.136246919631958,335449,0.0,0.0
1985-08-12 00:00:00-04:00,2.1191566066122185,2.1191566066122185,2.0337071997518112,2.0507969856262207,385620,0.0,0.0
1985-08-13 00:00:00-04:00,2.0507971676863606,2.0507971676863606,2.0337073802948,2.0337073802948,155640,0.0,0.0
1985-08-14 00:00:00-04:00,2.0337078053221527,2.0337078053221527,1.9995275071630416,2.0166172981262207,392578,0.0,0.0
1985-08-15 00:00:00-04:00,2.0166172981262207,2.0507975962853315,2.0166172981262207,2.0166172981262207,610474,0.0,0.0
1985-08-16 00:00:00-04:00,2.0337078053221527,2.0337078053221527,2.0166172981262207,2.0166172981262207,90454,0.0,0.0
1985-08-19 00:00:00-04:00,2.05079709883931,2.119156723599062,2.0337073120214684,2.084977149963379,650391,0.0,0.0
1985-08-20 00:00:00-04:00,2.0678864725798953,2.119156300280238,2.0678864725798953,2.1020665168762207,218628,0.0,0.0
1985-08-21 00:00:00-04:00,2.102066820737809,2.1191566066122185,2.0507969856262207,2.0507969856262207,190430,0.0,0.0
1985-08-22 00:00:00-04:00,2.0678867715006306,2.0678867715006306,2.0337071997518112,2.0507969856262207,227783,0.0,0.0
1985-08-23 00:00:00-04:00,2.0507969856262207,2.0678867715006306,2.0337071997518112,2.0507969856262207,231445,0.0,0.0
1985-08-26 00:00:00-04:00,2.0337073802948,2.0507971676863606,2.0166168766706365,2.0337073802948,299194,0.0,0.0
1985-08-27 00:00:00-04:00,2.0678868856571517,2.1020669367812204,2.0678868856571517,2.084977149963379,251953,0.0,0.0
1985-08-28 00:00:00-04:00,2.1020669367812204,2.1020669367812204,2.0678868856571517,2.084977149963379,121582,0.0,0.0
1985-08-29 00:00:00-04:00,2.1020669367812204,2.1020669367812204,2.084977149963379,2.084977149963379,97778,0.0,0.0
1985-08-30 00:00:00-04:00,2.0849773336063224,2.0849773336063224,2.0678870677948,2.0678870677948,362183,0.0,0.0
1985-09-03 00:00:00-04:00,2.0507971676863606,2.0678869550779213,2.0337073802948,2.0337073802948,459961,0.0,0.0
1985-09-04 00:00:00-04:00,2.033707266644682,2.0507970530812103,1.9995269775390627,1.9995269775390625,771240,0.0,0.0
1985-09-05 00:00:00-04:00,1.9824373807103135,1.9824373807103135,1.9311675390087129,1.948257327079773,743042,0.0,0.0
1985-09-06 00:00:00-04:00,1.948257084415797,1.9995269197315144,1.948257084415797,1.9824371337890625,624390,0.0,0.0
1985-09-09 00:00:00-04:00,1.9824373807103135,1.9995271687813736,1.9482573270797727,1.948257327079773,354126,0.0,0.0
1985-09-10 00:00:00-04:00,1.9482576567850023,2.0337078053221527,1.9311678658218232,2.0166172981262207,836060,0.0,0.0
1985-09-11 00:00:00-04:00,1.9995269197315144,1.9995269197315144,1.9824371337890625,1.9824371337890625,414551,0.0,0.0
1985-09-12 00:00:00-04:00,1.9824373807103135,1.9824373807103135,1.9311675390087129,1.948257327079773,436890,0.0,0.0
1985-09-13 00:00:00-04:00,1.9311681171733301,1.9482579103608344,1.8286281643268965,1.8628077507019043,699829,0.0,0.0
1985-09-16 00:00:00-04:00,1.8798967668817275,1.9311667058357869,1.8628063893235287,1.914076328277588,285645,0.0,0.0
1985-09-17 00:00:00-04:00,1.9311667058357869,1.948256486533717,1.8628063893235287,1.914076328277588,397339,0.0,0.0
1985-09-18 00:00:00-04:00,1.8798979142382317,1.8798979142382317,1.8286279439926147,1.8286279439926147,345337,0.0,0.0
1985-09-19 00:00:00-04:00,1.8115374494430776,1.8286277159284352,1.794447660446167,1.794447660446167,1048828,0.0,0.0
1985-09-20 00:00:00-04:00,1.7944473646199395,1.828627414467406,1.7431774092208319,1.7773574590682983,1002686,0.0,0.0
1985-09-23 00:00:00-04:00,1.8457168340682983,1.8969867792846589,1.8286270512829585,1.8457168340682983,624390,0.0,0.0
1985-09-24 00:00:00-04:00,1.862807209370161,1.8798975944519043,1.845717421148949,1.8798975944519043,539062,0.0,0.0
1985-09-25 00:00:00-04:00,1.8969874687766364,1.8969874687766364,1.794447660446167,1.794447660446167,638672,0.0,0.0
1985-09-26 00:00:00-04:00,1.7602673768997192,1.7944475496435597,1.6748178403309004,1.7602673768997192,451538,0.0,0.0
1985-09-30 00:00:00-04:00,1.794447008224006,1.862806616853638,1.794447008224006,1.8457168340682983,322998,0.0,0.0
1985-10-01 00:00:00-04:00,1.8286268279276683,1.9140763282775881,1.8286268279276683,1.914076328277588,270630,0.0,0.0
1985-10-02 00:00:00-04:00,1.9140774964948877,1.9653474667405046,1.8286279439926147,1.8286279439926147,544556,0.0,0.0
1985-10-03 00:00:00-04:00,1.8115366697311401,1.8286269288605994,1.7773569870766432,1.8115366697311401,585205,0.0,0.0
1985-10-04 00:00:00-04:00,1.8115374494430776,1.8115374494430776,1.794447660446167,1.794447660446167,218262,0.0,0.0
1985-10-07 00:00:00-04:00,1.794447660446167,1.8286277159284352,1.794447660446167,1.794447660446167,219727,0.0,0.0
1985-10-08 00:00:00-04:00,1.7944468880899218,1.8286269288605994,1.7944468880899218,1.8115366697311401,209839,0.0,0.0
1985-10-09 00:00:00-04:00,1.8115367910093456,1.862806616853638,1.8115367910093456,1.8457168340682983,415649,0.0,0.0
1985-10-10 00:00:00-04:00,1.8798976494804385,1.9311676125053845,1.8628072638984239,1.8969874382019043,457031,0.0,0.0
1985-10-11 00:00:00-04:00,1.9140771823053415,2.0849773336063224,1.8969873939822468,2.0678870677948,877075,0.0,0.0
1985-10-14 00:00:00-04:00,2.050796286119849,2.1191558837890625,2.050796286119849,2.1191558837890625,805664,0.0,0.0
1985-10-15 00:00:00-04:00,2.1020665168762207,2.1704261279805803,2.1020665168762207,2.1020665168762207,858398,0.0,0.0
1985-10-16 00:00:00-04:00,2.119156300280238,2.119156300280238,2.084976733472203,2.1020665168762207,470947,0.0,0.0
1985-10-17 00:00:00-04:00,2.1191560085354704,2.187516326461083,2.1191560085354704,2.1533360481262207,1170044,0.0,0.0
1985-10-18 00:00:00-04:00,2.1704267527102243,2.2216968339121506,2.0678870677948,2.0678870677948,387451,0.0,0.0
1985-10-21 00:00:00-04:00,2.084977149963379,2.1020669367812204,2.0678868856571517,2.084977149963379,321167,0.0,0.0
1985-10-22 00:00:00-04:00,2.0849770348633996,2.0849770348633996,2.0337071997518112,2.0507969856262207,181641,0.0,0.0
1985-10-23 00:00:00-04:00,2.0678869550779213,2.0678869550779213,2.0166168766706365,2.0337073802948,90088,0.0,0.0
1985-10-24 00:00:00-04:00,2.0337074611561246,2.0337074611561246,1.9482573270797727,1.948257327079773,267334,0.0,0.0
1985-10-25 00:00:00-04:00,1.9653471151508328,1.9653471151508328,1.879897577935007,1.948257327079773,398071,0.0,0.0
1985-10-28 00:00:00-05:00,1.9311673543045744,1.9995269775390627,1.9140769710075773,1.9995269775390625,374268,0.0,0.0
1985-10-29 00:00:00-05:00,2.0166166976448627,2.0678867715006306,2.0166166976448627,2.0507969856262207,437988,0.0,0.0
1985-10-30 00:00:00-05:00,2.0507972794717046,2.0849773336063224,2.0507972794717046,2.0678870677948,285278,0.0,0.0
1985-10-31 00:00:00-05:00,2.0678869550779213,2.0678869550779213,2.0166168766706365,2.0337073802948,150146,0.0,0.0
1985-11-01 00:00:00-05:00,2.03370749114861,2.0678870677948,2.016616986592873,2.0678870677948,332886,0.0,0.0
1985-11-04 00:00:00-05:00,2.0507972794717046,2.0849773336063224,2.0507972794717046,2.0678870677948,336182,0.0,0.0
1985-11-05 00:00:00-05:00,2.0507972794717046,2.0678870677948,2.0507972794717046,2.0678870677948,173950,0.0,0.0
1985-11-06 00:00:00-05:00,2.0507975962853315,2.0507975962853315,1.9995275071630416,2.0166172981262207,228149,0.0,0.0
1985-11-07 00:00:00-05:00,2.016616601202894,2.0507968875496263,1.7089971277564922,1.7431772947311401,2481812,0.0,0.0
1985-11-08 00:00:00-05:00,1.7260873308686167,1.7431771141553993,1.6064571766521323,1.6919071674346924,6317139,0.0,0.0
1985-11-11 00:00:00-05:00,1.674818158149719,1.674818158149719,1.6235481877350666,1.6748181581497192,1261597,0.0,0.0
1985-11-12 00:00:00-05:00,1.6577279045244935,1.6577279045244935,1.6235482024727566,1.640637993812561,492554,0.0,0.0
1985-11-13 00:00:00-05:00,1.6235476056105034,1.7431772947311404,1.5722776535787415,1.7431772947311401,1984497,0.0,0.0
1985-11-14 00:00:00-05:00,1.7089974162142192,1.7773576423297959,1.6919076282725598,1.7602673768997192,1376587,0.0,0.0
1985-11-15 00:00:00-05:00,1.743177662201853,1.760267450861581,1.6919076993621225,1.7089974880218506,1101196,0.0,0.0
1985-11-18 00:00:00-05:00,1.7089971876737087,1.7260875701904297,1.6577273532165175,1.7260875701904297,513794,0.0,0.0
1985-11-19 00:00:00-05:00,1.726087873542125,1.743177662201853,1.6919076993621225,1.7089974880218506,657715,0.0,0.0
1985-11-20 00:00:00-05:00,1.6919076993621225,1.7089974880218506,1.6577276445542293,1.7089974880218506,248657,0.0,0.0
1985-11-21 00:00:00-05:00,1.6919071674346922,1.7260873308686167,1.6577271233728395,1.6919071674346924,1194580,0.0,0.0
1985-11-22 00:00:00-05:00,1.674818158149719,1.6919079493343916,1.6406379789197392,1.6748181581497192,740112,0.0,0.0
1985-11-25 00:00:00-05:00,1.6577273607254028,1.674817623947448,1.6064574066638895,1.6577273607254028,1427490,0.0,0.0
1985-11-26 00:00:00-05:00,1.640637993812561,1.640637993812561,1.6235482024727566,1.640637993812561,815186,0.0,0.0
1985-11-27 00:00:00-05:00,1.6235482024727566,1.6577279045244935,1.60645793364444,1.640637993812561,524414,0.0,0.0
1985-11-29 00:00:00-05:00,1.6406375221901595,1.6406375221901595,1.5722777796211904,1.6064574718475342,700928,0.0,0.0
1985-12-02 00:00:00-05:00,1.5893672668455585,1.6235473081865475,1.5551871061325073,1.5551871061325073,948120,0.0,0.0
1985-12-03 00:00:00-05:00,1.5551871132314508,1.623547315597534,1.5380973312270714,1.6235473155975342,583008,0.0,0.0
1985-12-04 00:00:00-05:00,1.6235481877350666,1.6919079493343916,1.6064579190618862,1.6748181581497192,926880,0.0,0.0
1985-12-05 00:00:00-05:00,1.67481817335281,1.6919079646926145,1.6235482024727566,1.640637993812561,246094,0.0,0.0
1985-12-06 00:00:00-05:00,1.623547315597534,1.623547315597534,1.5893672741005238,1.6235473155975342,596924,0.0,0.0
1985-12-09 00:00:00-05:00,1.60645793364444,1.640637993812561,1.60645793364444,1.640637993812561,160034,0.0,0.0
1985-12-10 00:00:00-05:00,1.6064570561049032,1.6406370976019133,1.6064570561049032,1.6235473155975342,232910,0.0,0.0
1985-12-11 00:00:00-05:00,1.60645793364444,1.6577279045244935,1.60645793364444,1.640637993812561,323730,0.0,0.0
1985-12-12 00:00:00-05:00,1.6577271233728395,1.7089969507214748,1.6577271233728395,1.6919071674346924,659546,0.0,0.0
1985-12-13 00:00:00-05:00,1.6919071674346922,1.6919071674346922,1.6577271233728395,1.6919071674346924,451538,0.0,0.0
1985-12-16 00:00:00-05:00,1.6919076993621225,1.726087873542125,1.6577276445542293,1.7089974880218506,996094,0.0,0.0
1985-12-17 00:00:00-05:00,1.6919079493343916,1.7089977405190642,1.6406379789197392,1.6748181581497192,1842407,0.0,0.0
1985-12-18 00:00:00-05:00,1.6406373399634189,1.65772724386445,1.5893675088882449,1.5893675088882446,446411,0.0,0.0
1985-12-19 00:00:00-05:00,1.5893676854204093,1.6235477357630343,1.5893676854204093,1.6064574718475342,292969,0.0,0.0
1985-12-20 00:00:00-05:00,1.5893672741005238,1.623547315597534,1.5893672741005238,1.6235473155975342,371704,0.0,0.0
1985-12-23 00:00:00-05:00,1.6235477357630343,1.6235477357630343,1.5893676854204093,1.6064574718475342,388916,0.0,0.0
1985-12-24 00:00:00-05:00,1.6064574718475344,1.6235477357630343,1.5722777796211904,1.6064574718475342,517822,0.0,0.0
1985-12-26 00:00:00-05:00,1.5893680517132383,1.6064578420789524,1.5551878741212037,1.5722781419754028,251587,0.0,0.0
1985-12-27 00:00:00-05:00,1.5722773727240815,1.623547315597534,1.5551871132314508,1.6235473155975342,573486,0.0,0.0
1985-12-30 00:00:00-05:00,1.6064574718475344,1.6235477357630343,1.5893676854204093,1.6064574718475342,469849,0.0,0.0
1985-12-31 00:00:00-05:00,1.6064579190618862,1.674818158149719,1.6064579190618862,1.6748181581497192,1076294,0.0,0.0
1986-01-02 00:00:00-05:00,1.67481817335281,1.67481817335281,1.6235482024727566,1.640637993812561,243164,0.0,0.0
1986-01-03 00:00:00-05:00,1.623547315597534,1.623547315597534,1.6064570561049032,1.6235473155975342,221191,0.0,0.0
1986-01-06 00:00:00-05:00,1.6235477357630343,1.6235477357630343,1.5893676854204093,1.6064574718475342,550415,0.0,0.0
1986-01-07 00:00:00-05:00,1.6064571766521323,1.6919071674346922,1.5893673933653496,1.6919071674346924,1200439,0.0,0.0
1986-01-08 00:00:00-05:00,1.6919073426993787,1.760267079788254,1.674817557642265,1.7431772947311401,4101562,0.0,0.0
1986-01-09 00:00:00-05:00,1.726087873542125,1.726087873542125,1.640637736522392,1.7089974880218506,2299438,0.0,0.0
1986-01-10 00:00:00-05:00,1.7089969507214748,1.7431771141553993,1.6748173841479095,1.6919071674346924,2447388,0.0,0.0
1986-01-13 00:00:00-05:00,1.6748173841479095,1.6919071674346922,1.6577271233728395,1.6919071674346924,657715,0.0,0.0
1986-01-14 00:00:00-05:00,1.6919079493343916,1.6919079493343916,1.6577278894765386,1.6748181581497192,614502,0.0,0.0
1986-01-15 00:00:00-05:00,1.6748173841479095,1.7089969507214748,1.6577271233728395,1.6919071674346924,784424,0.0,0.0
1986-01-16 00:00:00-05:00,1.6919079493343916,1.7089977405190642,1.6577278894765386,1.6748181581497192,566162,0.0,0.0
1986-01-17 00:00:00-05:00,1.6577269989783556,1.6577269989783556,1.6064570561049032,1.6235473155975342,882568,0.0,0.0
1986-01-20 00:00:00-05:00,1.6064570561049032,1.6406370976019133,1.6064570561049032,1.6235473155975342,271362,0.0,0.0
1986-01-21 00:00:00-05:00,1.6406370976019133,1.6406370976019133,1.5893672741005238,1.6235473155975342,485962,0.0,0.0
1986-01-22 00:00:00-05:00,1.6064572934171955,1.6064572934171955,1.5722776049872136,1.5893675088882446,238770,0.0,0.0
1986-01-23 00:00:00-05:00,1.5893676854204093,1.6064574718475344,1.5722777796211904,1.6064574718475342,435059,0.0,0.0
1986-01-24 00:00:00-05:00,1.5893676854204093,1.6064574718475344,1.5722777796211904,1.6064574718475342,443481,0.0,0.0
1986-01-27 00:00:00-05:00,1.5893680517132383,1.6235481099331515,1.5722781419754028,1.5722781419754028,1320923,0.0,0.0
1986-01-28 00:00:00-05:00,1.5893676359091213,1.5893676359091213,1.5039175127144637,1.5210078954696655,1452393,0.0,0.0
1986-01-29 00:00:00-05:00,1.5210075422797675,1.5893672668455585,1.5039171634930861,1.5551871061325073,1761841,0.0,0.0
1986-01-30 00:00:00-05:00,1.5722773655471263,1.5893672668455585,1.5551871061325073,1.5551871061325073,739014,0.0,0.0
1986-01-31 00:00:00-05:00,1.5551878741212037,1.5722781419754028,1.5380980837554896,1.5722781419754028,218262,0.0,0.0
1986-02-03 00:00:00-05:00,1.5893675088882449,1.5893675088882449,1.555187342969941,1.5893675088882446,348999,0.0,0.0
1986-02-04 00:00:00-05:00,1.5722773655471263,1.5722773655471263,1.5210075422797675,1.5551871061325073,362915,0.0,0.0
1986-02-05 00:00:00-05:00,1.5380977449453797,1.5380977449453797,1.4868277882813083,1.5039175748825073,560669,0.0,0.0
1986-02-06 00:00:00-05:00,1.5039175748825073,1.5380977449453797,1.4868277882813083,1.5039175748825073,1287964,0.0,0.0
1986-02-07 00:00:00-05:00,1.5039175748825073,1.521007958344181,1.4868277882813083,1.5039175748825073,150879,0.0,0.0
1986-02-10 00:00:00-05:00,1.5039175748825073,1.5039175748825073,1.4697380016801096,1.5039175748825073,695435,0.0,0.0
1986-02-11 00:00:00-05:00,1.4868277882813083,1.5039175748825073,1.4868277882813083,1.5039175748825073,204346,0.0,0.0
1986-02-12 00:00:00-05:00,1.4868273815667161,1.5551871061325073,1.4868273815667161,1.5551871061325073,1389771,0.0,0.0
1986-02-13 00:00:00-05:00,1.5551884692915643,1.5722787436862085,1.4868286848068237,1.4868286848068237,474609,0.0,0.0
1986-02-14 00:00:00-05:00,1.5380980837554896,1.6064578420789524,1.5380980837554896,1.5722781419754028,1576538,0.0,0.0
1986-02-18 00:00:00-05:00,1.5893680517132383,1.6064578420789524,1.5722781419754028,1.5722781419754028,393677,0.0,0.0
1986-02-19 00:00:00-05:00,1.5893680517132383,1.6064578420789524,1.5722781419754028,1.5722781419754028,581909,0.0,0.0
1986-02-20 00:00:00-05:00,1.5893679420587494,1.5893679420587494,1.5039178024043862,1.5380979776382446,1049927,0.0,0.0
1986-02-21 00:00:00-05:00,1.5210078954696653,1.538097681364417,1.5039175127144637,1.5210078954696655,937134,0.0,0.0
1986-02-24 00:00:00-05:00,1.5210078954696653,1.538097681364417,1.5039175127144637,1.5210078954696655,255615,0.0,0.0
1986-02-25 00:00:00-05:00,1.521007958344181,1.521007958344181,1.4868277882813083,1.5039175748825073,350098,0.0,0.0
1986-02-26 00:00:00-05:00,1.5039175748825073,1.521007958344181,1.4697380016801096,1.5039175748825073,2874023,0.0,0.0
1986-02-27 00:00:00-05:00,1.4868277268197123,1.5210078954696653,1.4868277268197123,1.5210078954696655,810791,0.0,0.0
1986-02-28 00:00:00-05:00,1.5210079634272062,1.538097750085517,1.4697380065917969,1.4697380065917969,2351074,0.0,0.0
1986-03-03 00:00:00-05:00,1.5039178024043862,1.5380979776382446,1.4868280132177396,1.5380979776382446,964966,0.0,0.0
1986-03-04 00:00:00-05:00,1.5551878741212037,1.5893680517132383,1.5380980837554896,1.5722781419754028,1165649,0.0,0.0
1986-03-05 00:00:00-05:00,1.5893672668455585,1.5893672668455585,1.5380973242061373,1.5551871061325073,751465,0.0,0.0
1986-03-06 00:00:00-05:00,1.5893672741005238,1.623547315597534,1.5722773727240815,1.6235473155975342,1025024,0.0,0.0
1986-03-07 00:00:00-05:00,1.6235477357630343,1.6235477357630343,1.6064574718475344,1.6064574718475342,1369263,0.0,0.0
1986-03-10 00:00:00-05:00,1.5893680517132383,1.6064578420789524,1.5551878741212037,1.5722781419754028,560303,0.0,0.0
1986-03-11 00:00:00-05:00,1.5722773655471263,1.5722773655471263,1.5380973242061373,1.5551871061325073,417847,0.0,0.0
1986-03-12 00:00:00-05:00,1.5722776049872136,1.6064572934171955,1.555187342969941,1.5893675088882446,1259399,0.0,0.0
1986-03-13 00:00:00-05:00,1.5551877188747683,1.726087873542125,1.5551877188747683,1.7089974880218506,6661377,0.0,0.0
1986-03-14 00:00:00-05:00,1.7089974162142192,1.7773576423297959,1.6748178403309004,1.7602673768997192,3453735,0.0,0.0
1986-03-17 00:00:00-05:00,1.7602673768997192,1.7944475496435597,1.7431775889580599,1.7602673768997192,1662598,0.0,0.0
1986-03-18 00:00:00-05:00,1.743177355846709,1.7602671415029882,1.7089971876737087,1.7260875701904297,673828,0.0,0.0
1986-03-19 00:00:00-05:00,1.7089969507214748,1.7260873308686167,1.6577271233728395,1.6919071674346924,368042,0.0,0.0
1986-03-20 00:00:00-05:00,1.6919079493343916,1.6919079493343916,1.6577278894765386,1.6748181581497192,534302,0.0,0.0
1986-03-21 00:00:00-05:00,1.6919071674346922,1.6919071674346922,1.6577271233728395,1.6919071674346924,1245117,0.0,0.0
1986-03-24 00:00:00-05:00,1.7089974162142192,1.7602673768997192,1.6919076282725598,1.7602673768997192,1185791,0.0,0.0
1986-03-25 00:00:00-05:00,1.7431772947311404,1.760267079788254,1.7089971277564922,1.7431772947311401,1190918,0.0,0.0
1986-03-26 00:00:00-05:00,1.7431770630076453,1.879896996499319,1.7431770630076453,1.8457168340682983,3112061,0.0,0.0
1986-03-27 00:00:00-05:00,1.8286276329277371,1.896987382673116,1.8115373672181003,1.8798975944519043,1486084,0.0,0.0
1986-03-31 00:00:00-05:00,1.8969874382019043,1.9311676125053845,1.8798976494804385,1.8969874382019043,1838745,0.0,0.0
1986-04-01 00:00:00-05:00,1.845717421148949,1.914077170894328,1.8286276329277371,1.8798975944519043,984375,0.0,0.0
1986-04-02 00:00:00-05:00,1.8628077507019045,1.8798981407501132,1.8457179575144005,1.8628077507019043,501343,0.0,0.0
1986-04-03 00:00:00-05:00,1.862806616853638,1.8969867792846589,1.8457168340682983,1.8457168340682983,1005981,0.0,0.0
1986-04-04 00:00:00-05:00,1.8457167105018177,1.8457167105018177,1.8115366697311401,1.8115366697311401,623657,0.0,0.0
1986-04-07 00:00:00-05:00,1.8115371507994886,1.828627414467406,1.7431774092208319,1.7773574590682983,843384,0.0,0.0
1986-04-08 00:00:00-05:00,1.760266727947184,1.8286269288605994,1.760266727947184,1.8115366697311401,593994,0.0,0.0
1986-04-09 00:00:00-05:00,1.8457179575144005,1.8628077507019045,1.8286281643268965,1.8628077507019043,704224,0.0,0.0
1986-04-10 00:00:00-05:00,1.8798967668817275,1.9311667058357869,1.8457166086255985,1.914076328277588,964233,0.0,0.0
1986-04-11 00:00:00-05:00,1.9140763282775881,1.9311667058357869,1.8969865475796577,1.914076328277588,919922,0.0,0.0
1986-04-14 00:00:00-05:00,1.8628069609826332,1.9995269197315144,1.8628069609826332,1.9824371337890625,801636,0.0,0.0
1986-04-15 00:00:00-05:00,1.9482574012268503,1.9824374561582208,1.8969874382019043,1.8969874382019043,432861,0.0,0.0
1986-04-16 00:00:00-05:00,1.8969874284119785,1.9311676025390625,1.8969874284119785,1.9311676025390625,317505,0.0,0.0
1986-04-17 00:00:00-05:00,1.9140763282775881,1.9311667058357869,1.8798967668817275,1.914076328277588,185303,0.0,0.0
1986-04-18 00:00:00-05:00,1.8969874284119785,1.9311676025390625,1.8969874284119785,1.9311676025390625,270264,0.0,0.0
1986-04-21 00:00:00-05:00,1.9311675390087129,1.9482573270797727,1.896987366006067,1.948257327079773,224487,0.0,0.0
1986-04-22 00:00:00-05:00,1.9140777271251215,1.9140777271251215,1.8628077507019045,1.8628077507019043,350098,0.0,0.0
1986-04-23 00:00:00-05:00,1.8628072939222566,1.8628072939222566,1.794447660446167,1.794447660446167,268799,0.0,0.0
1986-04-24 00:00:00-05:00,1.7944478842474525,1.8457177351209428,1.7773579737469978,1.8286279439926147,261841,0.0,0.0
1986-04-25 00:00:00-05:00,1.8286277159284352,1.8457175049253458,1.794447660446167,1.794447660446167,184937,0.0,0.0
1986-04-28 00:00:00-04:00,1.7944478842474525,1.8457177351209428,1.7944478842474525,1.8286279439926147,256348,0.0,0.0
1986-04-29 00:00:00-04:00,1.8286277159284352,1.8286277159284352,1.794447660446167,1.794447660446167,160034,0.0,0.0
1986-04-30 00:00:00-04:00,1.8115370953322676,1.8115370953322676,1.6406374481881498,1.7260875701904297,1526733,0.0,0.0
1986-05-01 00:00:00-04:00,1.726087873542125,1.726087873542125,1.7089974880218506,1.7089974880218506,553711,0.0,0.0
1986-05-02 00:00:00-04:00,1.7089974880218506,1.726087873542125,1.6748179107023946,1.7089974880218506,784790,0.0,0.0
1986-05-05 00:00:00-04:00,1.7089974880218506,1.7089974880218506,1.6748179107023946,1.7089974880218506,743774,0.0,0.0
1986-05-06 00:00:00-04:00,1.7089971876737087,1.743177355846709,1.6577273532165175,1.7260875701904297,950684,0.0,0.0
1986-05-07 00:00:00-04:00,1.7431776965948762,1.794447660446167,1.7089975217404965,1.794447660446167,515259,0.0,0.0
1986-05-08 00:00:00-04:00,1.8115370318200157,1.828627294365466,1.7431772947311404,1.7431772947311401,307617,0.0,0.0
1986-05-09 00:00:00-04:00,1.743177662201853,1.760267450861581,1.6919076993621225,1.7089974880218506,527710,0.0,0.0
1986-05-12 00:00:00-04:00,1.7260878010164002,1.7602673768997192,1.7089974162142192,1.7602673768997192,242798,0.0,0.0
1986-05-13 00:00:00-04:00,1.7260875096740267,1.760267079788254,1.7260875096740267,1.7431772947311401,244629,0.0,0.0
1986-05-14 00:00:00-04:00,1.7431776174727214,1.8798975944519043,1.7431776174727214,1.8798975944519043,477539,0.0,0.0
1986-05-15 00:00:00-04:00,1.8798967668817275,1.9311667058357869,1.8628063893235287,1.914076328277588,1001587,0.0,0.0
1986-05-16 00:00:00-04:00,1.8969874382019043,1.91407722692337,1.8798976494804385,1.8969874382019043,310547,0.0,0.0
1986-05-19 00:00:00-04:00,1.8798975944519043,1.896987382673116,1.862807209370161,1.8798975944519043,274292,0.0,0.0
1986-05-20 00:00:00-04:00,1.8969874284119785,1.9482573911723318,1.8969874284119785,1.9311676025390625,730957,0.0,0.0
1986-05-21 00:00:00-04:00,1.91407722692337,1.965347189948316,1.8798976494804385,1.8969874382019043,969360,0.0,0.0
1986-05-22 00:00:00-04:00,1.9140769710075773,1.9995269775390627,1.896987184571049,1.9995269775390625,766113,0.0,0.0
1986-05-23 00:00:00-04:00,1.9995269775390627,2.0678868395177386,1.9995269775390627,1.9995269775390625,897583,0.0,0.0
1986-05-27 00:00:00-04:00,2.0337065060745947,2.1191558837890625,2.016616009797046,2.1191558837890625,1114380,0.0,0.0
1986-05-28 00:00:00-04:00,2.0849770348633996,2.102066820737809,2.0507969856262207,2.0507969856262207,800537,0.0,0.0
1986-05-29 00:00:00-04:00,2.0337071997518112,2.0678867715006306,1.999526911770453,2.0507969856262207,904907,0.0,0.0
1986-05-30 00:00:00-04:00,2.0337078053221527,2.0507975962853315,2.0166172981262207,2.0166172981262207,290039,0.0,0.0
1986-06-02 00:00:00-04:00,2.016616402388405,2.016616402388405,1.9311670080387981,1.9653465747833252,581177,0.0,0.0
1986-06-03 00:00:00-04:00,1.9653462672316473,1.9824365254177925,1.8969865475796577,1.914076328277588,734619,0.0,0.0
1986-06-04 00:00:00-04:00,1.9140766278061727,1.965346574783325,1.9140766278061727,1.9653465747833252,578613,0.0,0.0
1986-06-05 00:00:00-04:00,1.9653468625332744,2.0507969856262207,1.9653468625332744,2.0507969856262207,434326,0.0,0.0
1986-06-06 00:00:00-04:00,2.0507971676863606,2.0507971676863606,2.0337073802948,2.0337073802948,430298,0.0,0.0
1986-06-09 00:00:00-04:00,2.033706901993103,2.033706901993103,1.965346574783325,1.9653465747833252,523315,0.0,0.0
1986-06-10 00:00:00-04:00,1.965346574783325,1.982436835643878,1.9482567914110616,1.9653465747833252,538330,0.0,0.0
1986-06-11 00:00:00-04:00,1.948257084415797,1.9824371337890625,1.948257084415797,1.9824371337890625,330322,0.0,0.0
1986-06-12 00:00:00-04:00,1.9824371911025345,2.0166167639755908,1.965346927177631,1.9995269775390625,140259,0.0,0.0
1986-06-13 00:00:00-04:00,1.9824371911025345,2.0166167639755908,1.9824371911025345,1.9995269775390625,143555,0.0,0.0
1986-06-16 00:00:00-04:00,2.016616402388405,2.033706901993103,1.9482567914110616,1.9653465747833252,676025,0.0,0.0
1986-06-17 00:00:00-04:00,1.8798975944519043,1.9311675559760713,1.845717421148949,1.8798975944519043,671997,0.0,0.0
1986-06-18 00:00:00-04:00,1.8628077507019045,1.8798981407501132,1.8115378936508284,1.8628077507019043,348633,0.0,0.0
1986-06-19 00:00:00-04:00,1.828627414467406,1.828627414467406,1.7773574590682981,1.7773574590682983,253418,0.0,0.0
1986-06-20 00:00:00-04:00,1.7944475789968883,1.896987382673116,1.7944475789968883,1.8798975944519043,460693,0.0,0.0
1986-06-23 00:00:00-04:00,1.862806616853638,1.879896996499319,1.8115367910093456,1.8457168340682983,1977905,0.0,0.0
1986-06-24 00:00:00-04:00,1.845717200646955,1.845717200646955,1.7773574590682981,1.7773574590682983,354492,0.0,0.0
1986-06-25 00:00:00-04:00,1.7773569870766432,1.8286269288605994,1.7773569870766432,1.8115366697311401,308350,0.0,0.0
1986-06-26 00:00:00-04:00,1.8115374137013116,1.8115374137013116,1.7089974880218506,1.7089974880218506,823608,0.0,0.0
1986-06-27 00:00:00-04:00,1.7260878797777102,1.8969874382019043,1.7089974941956958,1.8969874382019043,1628540,0.0,0.0
1986-06-30 00:00:00-04:00,1.8798976494804385,1.8969874382019043,1.8457174751769583,1.8969874382019043,1267090,0.0,0.0
1986-07-01 00:00:00-04:00,1.8969879339376174,1.8969879339376174,1.8628077507019045,1.8628077507019043,422607,0.0,0.0
1986-07-02 00:00:00-04:00,1.8798972463972277,1.8798972463972277,1.7260875096740267,1.7431772947311401,814087,0.0,0.0
1986-07-03 00:00:00-04:00,1.743177122874525,1.965346574783325,1.743177122874525,1.9653465747833252,1620850,0.0,0.0
1986-07-07 00:00:00-04:00,1.9482576756121766,1.9482576756121766,1.8115376753757804,1.8286279439926147,876343,0.0,0.0
1986-07-08 00:00:00-04:00,1.8115373513018203,1.9482573270797727,1.7602673902281143,1.948257327079773,815552,0.0,0.0
1986-07-09 00:00:00-04:00,1.9311675390087129,1.9482573270797727,1.896987366006067,1.948257327079773,1952637,0.0,0.0
1986-07-10 00:00:00-04:00,1.9482573911723318,1.999527234560576,1.8798976397787093,1.9311676025390625,1373291,0.0,0.0
1986-07-11 00:00:00-04:00,1.948256486533717,1.9824365254177925,1.8969865475796577,1.914076328277588,1220581,0.0,0.0
1986-07-14 00:00:00-04:00,1.9311667058357869,1.9311667058357869,1.8798967668817275,1.914076328277588,646362,0.0,0.0
1986-07-15 00:00:00-04:00,1.8969877053665596,1.9140774964948877,1.7431779140018355,1.8286279439926147,600220,0.0,0.0
1986-07-16 00:00:00-04:00,1.845717421148949,1.896987382673116,1.8115373672181003,1.8798975944519043,782959,0.0,0.0
1986-07-17 00:00:00-04:00,1.879896996499319,1.8969867792846589,1.8286270512829585,1.8457168340682983,435791,0.0,0.0
1986-07-18 00:00:00-04:00,1.8628075262492707,1.8798979142382317,1.7773579737469978,1.8286279439926147,365845,0.0,0.0
1986-07-21 00:00:00-04:00,1.794447246762902,1.8115370318200157,1.7431772947311404,1.7431772947311401,491455,0.0,0.0
1986-07-22 00:00:00-04:00,1.726087873542125,1.760267450861581,1.6919076993621225,1.7089974880218506,1772827,0.0,0.0
1986-07-23 00:00:00-04:00,1.7260881442328637,1.7260881442328637,1.6235482024727566,1.640637993812561,803833,0.0,0.0
1986-07-24 00:00:00-04:00,1.640637993812561,1.6577279045244935,1.5210083800847776,1.640637993812561,1159790,0.0,0.0
1986-07-25 00:00:00-04:00,1.6406370976019133,1.6406370976019133,1.6064570561049032,1.6235473155975342,523315,0.0,0.0
1986-07-28 00:00:00-04:00,1.6064574718475344,1.6235477357630343,1.5893676854204093,1.6064574718475342,454102,0.0,0.0
1986-07-29 00:00:00-04:00,1.5893675088882449,1.623547555434468,1.5893675088882449,1.5893675088882446,264404,0.0,0.0
1986-07-30 00:00:00-04:00,1.6064572934171955,1.6064572934171955,1.555187342969941,1.5893675088882446,1683105,0.0,0.0
1986-07-31 00:00:00-04:00,1.5551877668248912,1.5893679420587494,1.5380979776382446,1.5380979776382446,399536,0.0,0.0
1986-08-01 00:00:00-04:00,1.5210078954696653,1.538097681364417,1.4868277268197123,1.5210078954696655,429932,0.0,0.0
1986-08-04 00:00:00-04:00,1.5039184817128002,1.5039184817128002,1.4184689003220832,1.4868286848068237,1024292,0.0,0.0
1986-08-05 00:00:00-04:00,1.5039175799084186,1.555187536743828,1.4697380065917969,1.4697380065917969,320435,0.0,0.0
1986-08-06 00:00:00-04:00,1.4868277882813083,1.521007958344181,1.4697380016801096,1.5039175748825073,217529,0.0,0.0
1986-08-07 00:00:00-04:00,1.5210081753175109,1.5722780199231816,1.3671984027562747,1.3842881917953491,610840,0.0,0.0
1986-08-08 00:00:00-04:00,1.3671982352499248,1.384288022195193,1.2988378937478782,1.3330180644989014,948486,0.0,0.0
1986-08-11 00:00:00-04:00,1.3501081844139167,1.452648125095361,1.3330183932538873,1.4013781547546387,781128,0.0,0.0
1986-08-12 00:00:00-04:00,1.384288191795349,1.4013779808344233,1.3330182278175664,1.3842881917953491,655518,0.0,0.0
1986-08-13 00:00:00-04:00,1.3671990321154859,1.4868286848068237,1.3330188414426982,1.4868286848068237,908936,0.0,0.0
1986-08-14 00:00:00-04:00,1.5039175748825073,1.521007958344181,1.4868277882813083,1.5039175748825073,435059,0.0,0.0
1986-08-15 00:00:00-04:00,1.521008188451598,1.5380979776382446,1.5039178024043862,1.5380979776382446,292603,0.0,0.0
1986-08-18 00:00:00-04:00,1.521007958344181,1.521007958344181,1.4868277882813083,1.5039175748825073,157471,0.0,0.0
1986-08-19 00:00:00-04:00,1.5039175799084186,1.5039175799084186,1.4526477424451048,1.4697380065917969,185303,0.0,0.0
1986-08-20 00:00:00-04:00,1.4697380016801096,1.5039175748825073,1.4697380016801096,1.5039175748825073,158203,0.0,0.0
1986-08-21 00:00:00-04:00,1.5039184817128002,1.5039184817128002,1.4868286848068237,1.4868286848068237,305054,0.0,0.0
1986-08-22 00:00:00-04:00,1.4868277932501077,1.4868277932501077,1.4526477424451048,1.4697380065917969,242798,0.0,0.0
1986-08-25 00:00:00-04:00,1.4526478120401638,1.4526478120401638,1.418468117713928,1.4184681177139282,501709,0.0,0.0
1986-08-26 00:00:00-04:00,1.4184682911070994,1.452647989611452,1.4184682911070994,1.4355580806732178,470947,0.0,0.0
1986-08-27 00:00:00-04:00,1.418468117713928,1.4526478120401638,1.418468117713928,1.4184681177139282,747437,0.0,0.0
1986-08-28 00:00:00-04:00,1.4355578364146984,1.4697380065917969,1.4184680497563875,1.4697380065917969,212769,0.0,0.0
1986-08-29 00:00:00-04:00,1.469738256666033,1.469738256666033,1.435558080673218,1.4355580806732178,178711,0.0,0.0
1986-09-02 00:00:00-04:00,1.418468117713928,1.4355579051909955,1.4013778527484566,1.4184681177139282,383789,0.0,0.0
1986-09-03 00:00:00-04:00,1.4184684234031752,1.4184684234031752,1.3842883635946093,1.4013781547546387,678955,0.0,0.0
1986-09-04 00:00:00-04:00,1.4013777229971447,1.538097681364417,1.4013777229971447,1.5210078954696655,571289,0.0,0.0
1986-09-05 00:00:00-04:00,1.538097750085517,1.538097750085517,1.4355578364146984,1.4697380065917969,364380,0.0,0.0
1986-09-08 00:00:00-04:00,1.4526477424451048,1.4697380065917969,1.4355578364146984,1.4697380065917969,170654,0.0,0.0
1986-09-09 00:00:00-04:00,1.4697380700990899,1.4868278574958496,1.4184681110483088,1.4526478052139282,700562,0.0,0.0
1986-09-10 00:00:00-04:00,1.4355586972280596,1.5039184817128002,1.4355586972280596,1.4868286848068237,507568,0.0,0.0
1986-09-11 00:00:00-04:00,1.469737896225526,1.469737896225526,1.36719810962677,1.36719810962677,766479,0.0,0.0
1986-09-12 00:00:00-04:00,1.4013776803767628,1.4013776803767628,1.2988377744059205,1.36719810962677,819946,0.0,0.0
1986-09-15 00:00:00-04:00,1.3501077931640069,1.3671981762320204,1.3159282207489014,1.3159282207489014,358521,0.0,0.0
1986-09-16 00:00:00-04:00,1.3330180069564541,1.3330180069564541,1.2988378376808876,1.3159282207489014,509033,0.0,0.0
1986-09-17 00:00:00-04:00,1.3159282775536332,1.3501078514441698,1.3159282775536332,1.3330180644989014,275757,0.0,0.0
1986-09-18 00:00:00-04:00,1.3330180069564541,1.3671981762320204,1.2475680015698605,1.3159282207489014,213867,0.0,0.0
1986-09-19 00:00:00-04:00,1.3159282775536332,1.3501078514441698,1.3159282775536332,1.3330180644989014,411255,0.0,0.0
1986-09-22 00:00:00-04:00,1.3159282775536332,1.3501078514441698,1.3159282775536332,1.3330180644989014,422974,0.0,0.0
1986-09-23 00:00:00-04:00,1.3330180240832838,1.6064574718475344,1.3330180240832838,1.6064574718475342,3771973,0.0,0.0
1986-09-24 00:00:00-04:00,1.5722773727240815,1.7089968224797454,1.5380973312270714,1.6235473155975342,2890137,0.0,0.0
1986-09-25 00:00:00-04:00,1.623547315597534,1.6406370976019133,1.521007549222692,1.6235473155975342,1009644,0.0,0.0
1986-09-26 00:00:00-04:00,1.6064574718475344,1.657727427989378,1.5893676854204093,1.6064574718475342,743042,0.0,0.0
1986-09-29 00:00:00-04:00,1.5722777158244214,1.6577273607254028,1.5722777158244214,1.6577273607254028,403931,0.0,0.0
1986-09-30 00:00:00-04:00,1.6406370976019133,1.6406370976019133,1.6064570561049032,1.6235473155975342,293701,0.0,0.0
1986-10-01 00:00:00-04:00,1.6064578420789524,1.6235481099331515,1.5722781419754028,1.5722781419754028,206543,0.0,0.0
1986-10-02 00:00:00-04:00,1.57227773064228,1.5893676359091213,1.5210078954696653,1.5210078954696655,149414,0.0,0.0
1986-10-03 00:00:00-04:00,1.5039171634930861,1.5551871061325073,1.5039171634930861,1.5551871061325073,279419,0.0,0.0
1986-10-06 00:00:00-04:00,1.538097681364417,1.5551874672591683,1.5039175127144637,1.5210078954696655,195923,0.0,0.0
1986-10-07 00:00:00-04:00,1.5210088754796114,1.5380986723855878,1.4697388879008473,1.4868286848068237,445679,0.0,0.0
1986-10-08 00:00:00-04:00,1.5039173925226865,1.5893675088882449,1.486827607993736,1.5893675088882446,407959,0.0,0.0
1986-10-09 00:00:00-04:00,1.5893679420587494,1.6064577312453963,1.5380979776382446,1.5380979776382446,297363,0.0,0.0
1986-10-10 00:00:00-04:00,1.555187342969941,1.6064572934171955,1.5380975584409904,1.5893675088882446,341675,0.0,0.0
1986-10-13 00:00:00-04:00,1.5722773655471263,1.5893672668455585,1.5551871061325073,1.5551871061325073,56030,0.0,0.0
1986-10-14 00:00:00-04:00,1.5722773655471263,1.5893672668455585,1.5380973242061373,1.5551871061325073,141724,0.0,0.0
1986-10-15 00:00:00-04:00,1.5551878741212037,1.5893680517132383,1.5551878741212037,1.5722781419754028,272461,0.0,0.0
1986-10-16 00:00:00-04:00,1.5893680517132383,1.6064578420789524,1.5551878741212037,1.5722781419754028,151245,0.0,0.0
1986-10-17 00:00:00-04:00,1.57227803349999,1.57227803349999,1.521008188451598,1.5380979776382446,250488,0.0,0.0
1986-10-20 00:00:00-04:00,1.503917644892609,1.503917644892609,1.4355578984450683,1.4526478052139282,212769,0.0,0.0
1986-10-21 00:00:00-04:00,1.452648125095361,1.452648125095361,1.3842883635946093,1.4013781547546387,367310,0.0,0.0
1986-10-22 00:00:00-04:00,1.4184682911070994,1.452647989611452,1.4184682911070994,1.4355580806732178,219360,0.0,0.0
1986-10-23 00:00:00-04:00,1.4355586972280596,1.5039184817128002,1.4355586972280596,1.4868286848068237,226685,0.0,0.0
1986-10-24 00:00:00-04:00,1.50391783579827,1.50391783579827,1.435558080673218,1.4355580806732178,178711,0.0,0.0
1986-10-27 00:00:00-05:00,1.4355578364146984,1.4697380065917969,1.4013777856096954,1.4697380065917969,283813,0.0,0.0
1986-10-28 00:00:00-05:00,1.4697380700990899,1.4697380700990899,1.4355578984450683,1.4526478052139282,140991,0.0,0.0
1986-10-29 00:00:00-05:00,1.4697388879008473,1.4868286848068237,1.4355586972280596,1.4868286848068237,97778,0.0,0.0
1986-10-30 00:00:00-05:00,1.4868278574958496,1.4868278574958496,1.4526478052139284,1.4526478052139282,258179,0.0,0.0
1986-10-31 00:00:00-05:00,1.452647737590531,1.521007958344181,1.452647737590531,1.5039175748825073,398804,0.0,0.0
1986-11-03 00:00:00-05:00,1.486827607993736,1.6064572934171955,1.486827607993736,1.5893675088882446,550415,0.0,0.0
1986-11-04 00:00:00-05:00,1.5893675088882449,1.6406373399634189,1.5722776049872136,1.5893675088882446,297729,0.0,0.0
1986-11-05 00:00:00-05:00,1.5722781419754028,1.6064578420789524,1.5551878741212037,1.5722781419754028,276489,0.0,0.0
1986-11-06 00:00:00-05:00,1.5551874672591683,1.57227773064228,1.5039175127144637,1.5210078954696655,305786,0.0,0.0
1986-11-07 00:00:00-05:00,1.4868286848068237,1.4868286848068237,1.4184689003220832,1.4868286848068237,425171,0.0,0.0
1986-11-10 00:00:00-05:00,1.5039175799084186,1.5039175799084186,1.4526477424451048,1.4697380065917969,293701,0.0,0.0
1986-11-11 00:00:00-05:00,1.4526477424451048,1.4697380065917969,1.4355578364146984,1.4697380065917969,213135,0.0,0.0
1986-11-12 00:00:00-05:00,1.4697380770056354,1.4697380770056354,1.418468117713928,1.4184681177139282,181641,0.0,0.0
1986-11-13 00:00:00-05:00,1.4355579051909955,1.4526478120401638,1.418468117713928,1.4184681177139282,151245,0.0,0.0
1986-11-14 00:00:00-05:00,1.4355579051909955,1.4355579051909955,1.418468117713928,1.4184681177139282,143921,0.0,0.0
1986-11-17 00:00:00-05:00,1.4184689003220832,1.5551884692915643,1.401378625927439,1.4868286848068237,940063,0.0,0.0
1986-11-18 00:00:00-05:00,1.4697382113397282,1.4868280003788024,1.384288191795349,1.3842881917953491,1440674,0.0,0.0
1986-11-19 00:00:00-05:00,1.3842883635946093,1.4184684234031752,1.3671985724345799,1.4013781547546387,734985,0.0,0.0
1986-11-20 00:00:00-05:00,1.3842878950017665,1.4184679432401048,1.3330179420163453,1.36719810962677,645630,0.0,0.0
1986-11-21 00:00:00-05:00,1.3671984449202814,1.435558080673218,1.3501080584935847,1.4355580806732178,359619,0.0,0.0
1986-11-24 00:00:00-05:00,1.418468117713928,1.4526478120401638,1.418468117713928,1.4184681177139282,328857,0.0,0.0
1986-11-25 00:00:00-05:00,1.4184682473619454,1.4355580364010196,1.3671984027562747,1.3842881917953491,1098267,0.0,0.0
1986-11-26 00:00:00-05:00,1.3671984027562747,1.384288191795349,1.3671984027562747,1.3842881917953491,168457,0.0,0.0
1986-11-28 00:00:00-05:00,1.3842883635946093,1.4184684234031752,1.3671985724345799,1.4013781547546387,538330,0.0,0.0
1986-12-01 00:00:00-05:00,1.4184681110483088,1.4526478052139284,1.3842880587663877,1.4526478052139282,483032,0.0,0.0
1986-12-02 00:00:00-05:00,1.435558080673218,1.469738256666033,1.4184682911070994,1.4355580806732178,573486,0.0,0.0
1986-12-03 00:00:00-05:00,1.452647989611452,1.452647989611452,1.4184682911070994,1.4355580806732178,344604,0.0,0.0
1986-12-04 00:00:00-05:00,1.4355579051909955,1.4355579051909955,1.4013778527484566,1.4184681177139282,394043,0.0,0.0
1986-12-05 00:00:00-05:00,1.4013781547546387,1.4184684234031752,1.3842883635946093,1.4013781547546387,1311768,0.0,0.0
1986-12-08 00:00:00-05:00,1.3842878950017665,1.4013776803767628,1.3501077273913418,1.36719810962677,1006348,0.0,0.0
1986-12-09 00:00:00-05:00,1.3671982352499248,1.3671982352499248,1.3159282775536332,1.3330180644989014,1137085,0.0,0.0
1986-12-10 00:00:00-05:00,1.315928042111319,1.3330178259989292,1.2304780483245852,1.230478048324585,817383,0.0,0.0
1986-12-11 00:00:00-05:00,1.230478234955509,1.230478234955509,1.1450281088361802,1.1792082786560059,1239258,0.0,0.0
1986-12-12 00:00:00-05:00,1.127939050738311,1.2133891126660719,1.127939050738311,1.1962988376617432,580078,0.0,0.0
1986-12-15 00:00:00-05:00,1.1962982630775467,1.1962982630775467,1.110848719680039,1.1279385089874268,877441,0.0,0.0
1986-12-16 00:00:00-05:00,1.1108487308268942,1.12793852030577,1.093758463859558,1.093758463859558,738647,0.0,0.0
1986-12-17 00:00:00-05:00,1.0937579297780975,1.1279379695342127,1.0766680292720967,1.1108481884002686,736816,0.0,0.0
1986-12-18 00:00:00-05:00,1.127938445187406,1.1450282335281372,1.127938445187406,1.1450282335281372,412354,0.0,0.0
1986-12-19 00:00:00-05:00,1.1621184921763283,1.1792082786560059,1.1450281088361802,1.1792082786560059,784058,0.0,0.0
1986-12-22 00:00:00-05:00,1.1792079097963288,1.1792079097963288,1.0766680292720967,1.1108481884002686,1455688,0.0,0.0
1986-12-23 00:00:00-05:00,1.1108487308268942,1.12793852030577,1.0766685550085673,1.093758463859558,1460083,0.0,0.0
1986-12-24 00:00:00-05:00,1.0766685550085673,1.1108487308268942,1.0766685550085673,1.093758463859558,240601,0.0,0.0
1986-12-26 00:00:00-05:00,1.0937579297780975,1.1108481884002688,1.0766680292720967,1.1108481884002686,128174,0.0,0.0
1986-12-29 00:00:00-05:00,1.1108483672483356,1.1108483672483356,1.0595784187316895,1.0595784187316895,613037,0.0,0.0
1986-12-30 00:00:00-05:00,1.0766680240631104,1.0937579244864293,1.0595782430118477,1.0766680240631104,593262,0.0,0.0
1986-12-31 00:00:00-05:00,1.093758452884196,1.1279385089874268,1.0766685442046944,1.1279385089874268,746338,0.0,0.0
1987-01-02 00:00:00-05:00,1.1279385089874268,1.1279385089874268,1.093758452884196,1.1279385089874268,272461,0.0,0.0
1987-01-05 00:00:00-05:00,1.12793872958306,1.179208704392873,1.12793872958306,1.162118911743164,769775,0.0,0.0
1987-01-06 00:00:00-05:00,1.162118911743164,1.162118911743164,1.1450285222327692,1.162118911743164,214966,0.0,0.0
1987-01-07 00:00:00-05:00,1.1621184253327865,1.2817479981584385,1.1279382574789598,1.2646582126617432,2012695,0.0,0.0
1987-01-08 00:00:00-05:00,1.2988378937478782,1.3330180644989014,1.2646583198573416,1.3330180644989014,1441406,0.0,0.0
1987-01-09 00:00:00-05:00,1.3159277280298454,1.3330175078385207,1.2475675344467163,1.2475675344467163,833130,0.0,0.0
1987-01-12 00:00:00-05:00,1.2646577917435817,1.2646577917435817,1.213387855457318,1.2475675344467163,767578,0.0,0.0
1987-01-13 00:00:00-05:00,1.2304780483245852,1.2304780483245852,1.196297883688985,1.230478048324585,292969,0.0,0.0
1987-01-14 00:00:00-05:00,1.2304786778668841,1.2817485332489016,1.196298495743886,1.2817485332489014,906006,0.0,0.0
1987-01-15 00:00:00-05:00,1.2646582036559277,1.3842878950017665,1.2646582036559277,1.36719810962677,2032837,0.0,0.0
1987-01-16 00:00:00-05:00,1.3501075506210327,1.3671979306188085,1.315927984346189,1.3501075506210327,608643,0.0,0.0
1987-01-19 00:00:00-05:00,1.3330182278175664,1.384288191795349,1.3330182278175664,1.3842881917953491,692871,0.0,0.0
1987-01-20 00:00:00-05:00,1.3671984027562747,1.4013779808344233,1.3671984027562747,1.3842881917953491,1111816,0.0,0.0
1987-01-21 00:00:00-05:00,1.3671982122930737,1.5039175799084186,1.3671982122930737,1.4697380065917969,1406616,0.0,0.0
1987-01-22 00:00:00-05:00,1.452647737590531,1.521007958344181,1.435557831617237,1.5039175748825073,1234131,0.0,0.0
1987-01-23 00:00:00-05:00,1.50391783579827,1.5210082222249668,1.435558080673218,1.4355580806732178,1547241,0.0,0.0
1987-01-26 00:00:00-05:00,1.4184684234031752,1.4355582145632046,1.3842883635946093,1.4013781547546387,529175,0.0,0.0
1987-01-27 00:00:00-05:00,1.401377611000258,1.5893675088882449,1.401377611000258,1.5893675088882446,2196899,0.0,0.0
1987-01-28 00:00:00-05:00,1.708997195414827,1.7602671494763404,1.6064574066638895,1.6577273607254028,6848145,0.0,0.0
1987-01-29 00:00:00-05:00,1.640637993812561,1.743177935572668,1.60645793364444,1.640637993812561,1078857,0.0,0.0
1987-01-30 00:00:00-05:00,1.674817623947448,1.674817623947448,1.6235476698859348,1.6577273607254028,1195312,0.0,0.0
1987-02-02 00:00:00-05:00,1.6406373906676168,1.760267079788254,1.6406373906676168,1.7431772947311401,3006226,0.0,0.0
1987-02-03 00:00:00-05:00,1.7260873308686167,1.7431771141553993,1.6919071674346922,1.6919071674346924,2322510,0.0,0.0
1987-02-04 00:00:00-05:00,1.674818158149719,1.674818158149719,1.6406379789197392,1.6748181581497192,923950,0.0,0.0
1987-02-05 00:00:00-05:00,1.674818158149719,1.7260881285643717,1.674818158149719,1.6748181581497192,1565552,0.0,0.0
1987-02-06 00:00:00-05:00,1.6919071674346922,1.7260873308686167,1.6748173841479095,1.6919071674346924,1490845,0.0,0.0
1987-02-09 00:00:00-05:00,1.7089971876737087,1.743177355846709,1.6919074020174294,1.7260875701904297,2562012,0.0,0.0
1987-02-10 00:00:00-05:00,1.7431772947311404,1.8115370318200157,1.7431772947311404,1.7431772947311401,4138184,0.0,0.0
1987-02-11 00:00:00-05:00,1.760267485591787,1.794447660446167,1.7260879075979656,1.794447660446167,2252197,0.0,0.0
1987-02-12 00:00:00-05:00,1.7944475496435597,1.7944475496435597,1.7431775889580599,1.7602673768997192,1415405,0.0,0.0
1987-02-13 00:00:00-05:00,1.7431774092208319,1.7944473646199395,1.7260876230412825,1.7773574590682983,1662231,0.0,0.0
1987-02-17 00:00:00-05:00,1.7944470608761067,1.7944470608761067,1.6577271233728395,1.6919071674346924,877808,0.0,0.0
1987-02-18 00:00:00-05:00,1.6919079493343916,1.7260881285643717,1.6406379789197392,1.6748181581497192,717407,0.0,0.0
1987-02-19 00:00:00-05:00,1.6919079493343916,1.6919079493343916,1.6406379789197392,1.6748181581497192,625488,0.0,0.0
1987-02-20 00:00:00-05:00,1.6577279045244935,1.6919079646926145,1.640637993812561,1.640637993812561,866455,0.0,0.0
1987-02-23 00:00:00-05:00,1.623547555434468,1.623547555434468,1.5380975584409904,1.5893675088882446,1301514,0.0,0.0
1987-02-24 00:00:00-05:00,1.5722776049872136,1.623547555434468,1.5722776049872136,1.5893675088882446,1369263,0.0,0.0
1987-02-25 00:00:00-05:00,1.5893680517132383,1.6064578420789524,1.5722781419754028,1.5722781419754028,391113,0.0,0.0
1987-02-26 00:00:00-05:00,1.5551878741212037,1.5722781419754028,1.5380980837554896,1.5722781419754028,1549072,0.0,0.0
1987-02-27 00:00:00-05:00,1.5551875157056905,1.6235477357630343,1.5380977292785654,1.6064574718475342,1164917,0.0,0.0
1987-03-02 00:00:00-05:00,1.5893675088882449,1.6064572934171955,1.5380975584409904,1.5893675088882446,992798,0.0,0.0
1987-03-03 00:00:00-05:00,1.5722776049872136,1.6064572934171955,1.555187342969941,1.5893675088882446,567993,0.0,0.0
1987-03-04 00:00:00-05:00,1.5722773727240815,1.623547315597534,1.5722773727240815,1.6235473155975342,791748,0.0,0.0
1987-03-05 00:00:00-05:00,1.623547555434468,1.623547555434468,1.5722776049872136,1.5893675088882446,774170,0.0,0.0
1987-03-06 00:00:00-05:00,1.5893680517132383,1.5893680517132383,1.5380980837554896,1.5722781419754028,922119,0.0,0.0
1987-03-09 00:00:00-05:00,1.5551877668248912,1.57227803349999,1.5380979776382446,1.5380979776382446,639404,0.0,0.0
1987-03-10 00:00:00-05:00,1.5551875157056905,1.6064574718475344,1.5551875157056905,1.6064574718475342,374268,0.0,0.0
1987-03-11 00:00:00-05:00,1.6064572934171955,1.623547555434468,1.5722776049872136,1.5893675088882446,424438,0.0,0.0
1987-03-12 00:00:00-05:00,1.5893675088882449,1.623547555434468,1.5893675088882449,1.5893675088882446,593262,0.0,0.0
1987-03-13 00:00:00-05:00,1.6064578420789524,1.6235481099331515,1.5722781419754028,1.5722781419754028,228516,0.0,0.0
1987-03-16 00:00:00-05:00,1.5722781419754028,1.5893680517132383,1.5380980837554896,1.5722781419754028,269531,0.0,0.0
1987-03-17 00:00:00-05:00,1.5551877668248912,1.5551877668248912,1.521008188451598,1.5380979776382446,390381,0.0,0.0
1987-03-18 00:00:00-05:00,1.5380986723855878,1.5551884692915643,1.4868286848068237,1.4868286848068237,596191,0.0,0.0
1987-03-19 00:00:00-05:00,1.4868277882813083,1.521007958344181,1.4868277882813083,1.5039175748825073,580444,0.0,0.0
1987-03-20 00:00:00-05:00,1.5380980837554896,1.5722781419754028,1.5210082933897755,1.5722781419754028,965332,0.0,0.0
1987-03-23 00:00:00-05:00,1.5380973242061373,1.5722773655471263,1.5380973242061373,1.5551871061325073,554810,0.0,0.0
1987-03-24 00:00:00-05:00,1.538097681364417,1.5551874672591683,1.5039175127144637,1.5210078954696655,465088,0.0,0.0
1987-03-25 00:00:00-05:00,1.521007958344181,1.521007958344181,1.5039175748825073,1.5039175748825073,251221,0.0,0.0
1987-03-26 00:00:00-05:00,1.521007958344181,1.521007958344181,1.4868277882813083,1.5039175748825073,446045,0.0,0.0
1987-03-27 00:00:00-05:00,1.503917644892609,1.503917644892609,1.4526478052139284,1.4526478052139282,363281,0.0,0.0
1987-03-30 00:00:00-05:00,1.4355578984450683,1.4526478052139284,1.4184681110483088,1.4526478052139282,607544,0.0,0.0
1987-03-31 00:00:00-05:00,1.452647737590531,1.5039175748825073,1.435557831617237,1.5039175748825073,616699,0.0,0.0
1987-04-01 00:00:00-05:00,1.4697380065917969,1.4868277932501077,1.4526477424451048,1.4697380065917969,301758,0.0,0.0
1987-04-02 00:00:00-05:00,1.4697380065917969,1.4868277932501077,1.4526477424451048,1.4697380065917969,318237,0.0,0.0
1987-04-03 00:00:00-05:00,1.4697380700990899,1.4868278574958496,1.4526478052139284,1.4526478052139282,262939,0.0,0.0
1987-04-06 00:00:00-04:00,1.4868286848068237,1.5039184817128002,1.4526486135062031,1.4868286848068237,284912,0.0,0.0
1987-04-07 00:00:00-04:00,1.4868280462321515,1.4868280462321515,1.435558080673218,1.4355580806732178,1628540,0.0,0.0
1987-04-08 00:00:00-04:00,1.435558080673218,1.452647989611452,1.4184682911070994,1.4355580806732178,477905,0.0,0.0
1987-04-09 00:00:00-04:00,1.4355580364010196,1.4355580364010196,1.3501080168566406,1.3842881917953491,613770,0.0,0.0
1987-04-10 00:00:00-04:00,1.3842880652713891,1.418468117713928,1.3501078934567492,1.4184681177139282,210205,0.0,0.0
1987-04-13 00:00:00-04:00,1.4013781547546387,1.4184684234031752,1.3842883635946093,1.4013781547546387,257080,0.0,0.0
1987-04-14 00:00:00-04:00,1.3671979306188085,1.4013774968936523,1.3330177674836108,1.3501075506210327,1100464,0.0,0.0
1987-04-15 00:00:00-04:00,1.3501080168566406,1.384288191795349,1.3501080168566406,1.3842881917953491,1032715,0.0,0.0
1987-04-16 00:00:00-04:00,1.3842877137562304,1.4013774968936523,1.3501075506210327,1.3501075506210327,209473,0.0,0.0
1987-04-20 00:00:00-04:00,1.3671979306188085,1.3671979306188085,1.3501075506210327,1.3501075506210327,205444,0.0,0.0
1987-04-21 00:00:00-04:00,1.3501081844139167,1.4013781547546387,1.3501081844139167,1.4013781547546387,384521,0.0,0.0
1987-04-22 00:00:00-04:00,1.4013776803767628,1.4013776803767628,1.36719810962677,1.36719810962677,322632,0.0,0.0
1987-04-23 00:00:00-04:00,1.3671979306188085,1.3671979306188085,1.3501075506210327,1.3501075506210327,396240,0.0,0.0
1987-04-24 00:00:00-04:00,1.3501078514441698,1.3671982352499248,1.3330180644989014,1.3330180644989014,537964,0.0,0.0
1987-04-27 00:00:00-04:00,1.3330180069564541,1.3671981762320204,1.2988378376808876,1.3159282207489014,285645,0.0,0.0
1987-04-28 00:00:00-04:00,1.333018560467141,1.333018560467141,1.281748583695136,1.2988383769989014,445312,0.0,0.0
1987-04-29 00:00:00-04:00,1.3159287671633755,1.3671987439353808,1.2988383769989014,1.2988383769989014,253052,0.0,0.0
1987-04-30 00:00:00-04:00,1.2988382140731944,1.4013781547546387,1.281748422913165,1.4013781547546387,409058,0.0,0.0
1987-05-01 00:00:00-04:00,1.4184682473619454,1.4184682473619454,1.3671984027562747,1.3842881917953491,154175,0.0,0.0
1987-05-04 00:00:00-04:00,1.3671985724345799,1.4013781547546387,1.3671985724345799,1.4013781547546387,187866,0.0,0.0
1987-05-05 00:00:00-04:00,1.4013778527484566,1.418468117713928,1.367198277794322,1.4184681177139282,190796,0.0,0.0
1987-05-06 00:00:00-04:00,1.4013781547546387,1.4184684234031752,1.3842883635946093,1.4013781547546387,117554,0.0,0.0
1987-05-07 00:00:00-04:00,1.4013780240525184,1.469738256666033,1.4013780240525184,1.4355580806732178,434692,0.0,0.0
1987-05-08 00:00:00-04:00,1.4526476775418493,1.5210078954696653,1.4526476775418493,1.5210078954696655,489624,0.0,0.0
1987-05-11 00:00:00-04:00,1.5039171634930861,1.6064570487719285,1.5039171634930861,1.5551871061325073,1788208,0.0,0.0
1987-05-12 00:00:00-04:00,1.5380980837554896,1.6406379002988656,1.5210082933897755,1.5722781419754028,1292725,0.0,0.0
1987-05-13 00:00:00-04:00,1.5380979776382446,1.5551877668248912,1.521008188451598,1.5380979776382446,903076,0.0,0.0
1987-05-14 00:00:00-04:00,1.5380973242061373,1.5551871061325073,1.5210075422797675,1.5551871061325073,404663,0.0,0.0
1987-05-15 00:00:00-04:00,1.5380979776382446,1.5380979776382446,1.521008188451598,1.5380979776382446,1055786,0.0,0.0
1987-05-18 00:00:00-04:00,1.555187536743828,1.555187536743828,1.4526477424451048,1.4697380065917969,202148,0.0,0.0
1987-05-19 00:00:00-04:00,1.4697380770056354,1.4868278644827027,1.418468117713928,1.4184681177139282,398071,0.0,0.0
1987-05-20 00:00:00-04:00,1.435557540656779,1.435557540656779,1.3501075506210327,1.3501075506210327,370972,0.0,0.0
1987-05-21 00:00:00-04:00,1.3671985724345799,1.4013781547546387,1.3671985724345799,1.4013781547546387,598022,0.0,0.0
1987-05-22 00:00:00-04:00,1.4184680497563875,1.4868277932501077,1.4184680497563875,1.4697380065917969,307983,0.0,0.0
1987-05-26 00:00:00-04:00,1.5210082933897755,1.6064578420789524,1.503917906163455,1.5722781419754028,498413,0.0,0.0
1987-05-27 00:00:00-04:00,1.5722773655471263,1.5893672668455585,1.5380973242061373,1.5551871061325073,429565,0.0,0.0
1987-05-28 00:00:00-04:00,1.5380975584409904,1.5893675088882449,1.5380975584409904,1.5893675088882446,317139,0.0,0.0
1987-05-29 00:00:00-04:00,1.57227803349999,1.5893679420587494,1.521008188451598,1.5380979776382446,298096,0.0,0.0
1987-06-01 00:00:00-04:00,1.5551879627643863,1.67481817335281,1.5380981714245818,1.640637993812561,1307007,0.0,0.0
1987-06-02 00:00:00-04:00,1.6406374556196244,1.6919074096811375,1.6406374556196244,1.6577273607254028,739746,0.0,0.0
1987-06-03 00:00:00-04:00,1.67481817335281,1.708997756032419,1.6235482024727566,1.640637993812561,968262,0.0,0.0
1987-06-04 00:00:00-04:00,1.6235481877350666,1.674818158149719,1.6235481877350666,1.6748181581497192,339844,0.0,0.0
1987-06-05 00:00:00-04:00,1.6577279045244935,1.67481817335281,1.640637993812561,1.640637993812561,263306,0.0,0.0
1987-06-08 00:00:00-04:00,1.6235477357630343,1.657727427989378,1.6064574718475344,1.6064574718475342,471313,0.0,0.0
1987-06-09 00:00:00-04:00,1.6064578420789524,1.6064578420789524,1.5551878741212037,1.5722781419754028,385254,0.0,0.0
1987-06-10 00:00:00-04:00,1.5551874672591683,1.5551874672591683,1.5039175127144637,1.5210078954696655,279419,0.0,0.0
1987-06-11 00:00:00-04:00,1.521008188451598,1.5380979776382446,1.5039178024043862,1.5380979776382446,437988,0.0,0.0
1987-06-12 00:00:00-04:00,1.5380973242061373,1.5722773655471263,1.5380973242061373,1.5551871061325073,522583,0.0,0.0
1987-06-15 00:00:00-04:00,1.5722781419754028,1.5893680517132383,1.5551878741212037,1.5722781419754028,346436,0.0,0.0
1987-06-16 00:00:00-04:00,1.5893672668455585,1.6064570487719285,1.5551871061325073,1.5551871061325073,311646,0.0,0.0
1987-06-17 00:00:00-04:00,1.5551871061325073,1.5893672668455585,1.5551871061325073,1.5551871061325073,355225,0.0,0.0
1987-06-18 00:00:00-04:00,1.555187342969941,1.5893675088882449,1.555187342969941,1.5893675088882446,137695,0.0,0.0
1987-06-19 00:00:00-04:00,1.5893672668455585,1.5893672668455585,1.5380973242061373,1.5551871061325073,419312,0.0,0.0
1987-06-22 00:00:00-04:00,1.5380979776382446,1.5551877668248912,1.5380979776382446,1.5380979776382446,395508,0.0,0.0
1987-06-23 00:00:00-04:00,1.5380986723855878,1.5380986723855878,1.4868286848068237,1.4868286848068237,222290,0.0,0.0
1987-06-24 00:00:00-04:00,1.4868277882813083,1.5039175748825073,1.4697380016801096,1.5039175748825073,201416,0.0,0.0
1987-06-25 00:00:00-04:00,1.5039175748825073,1.521007958344181,1.4868277882813083,1.5039175748825073,143555,0.0,0.0
1987-06-26 00:00:00-04:00,1.503917644892609,1.503917644892609,1.4526478052139284,1.4526478052139282,206909,0.0,0.0
1987-06-29 00:00:00-04:00,1.452647989611452,1.469738256666033,1.435558080673218,1.4355580806732178,148315,0.0,0.0
1987-06-30 00:00:00-04:00,1.452648125095361,1.452648125095361,1.3842883635946093,1.4013781547546387,926147,0.0,0.0
1987-07-01 00:00:00-04:00,1.4013777856096954,1.4697380065917969,1.4013777856096954,1.4697380065917969,5932617,0.0,0.0
1987-07-02 00:00:00-04:00,1.4868277932501077,1.5039175799084186,1.4697380065917969,1.4697380065917969,684082,0.0,0.0
1987-07-06 00:00:00-04:00,1.4868278574958496,1.4868278574958496,1.4355578984450683,1.4526478052139282,185669,0.0,0.0
1987-07-07 00:00:00-04:00,1.4697380016801096,1.521007958344181,1.4697380016801096,1.5039175748825073,447144,0.0,0.0
1987-07-08 00:00:00-04:00,1.5039175799084186,1.5039175799084186,1.4697380065917969,1.4697380065917969,243530,0.0,0.0
1987-07-09 00:00:00-04:00,1.5039175748825073,1.5039175748825073,1.4697380016801096,1.5039175748825073,286743,0.0,0.0
1987-07-10 00:00:00-04:00,1.4868286848068237,1.5039184817128002,1.4697388879008473,1.4868286848068237,880371,0.0,0.0
1987-07-13 00:00:00-04:00,1.4868277932501077,1.4868277932501077,1.4697380065917969,1.4697380065917969,151245,0.0,0.0
1987-07-14 00:00:00-04:00,1.4868282005445284,1.640637993812561,1.4697384092047239,1.640637993812561,3735352,0.0,0.0
1987-07-15 00:00:00-04:00,1.6064579190618862,1.7089977405190642,1.5893681278772136,1.6748181581497192,1767700,0.0,0.0
1987-07-16 00:00:00-04:00,1.6748176163611501,1.7773574046476208,1.6406374481881498,1.7260875701904297,2038696,0.0,0.0
1987-07-17 00:00:00-04:00,1.760267485591787,1.8457175049253458,1.760267485591787,1.794447660446167,3662109,0.0,0.0
1987-07-20 00:00:00-04:00,1.828627414467406,1.828627414467406,1.760267195400381,1.7773574590682983,1001221,0.0,0.0
1987-07-21 00:00:00-04:00,1.777357158217252,1.777357158217252,1.6748173841479095,1.6919071674346924,526978,0.0,0.0
1987-07-22 00:00:00-04:00,1.7089969507214748,1.7431771141553993,1.6919071674346922,1.6919071674346924,604248,0.0,0.0
1987-07-23 00:00:00-04:00,1.6748179107023946,1.7089974880218506,1.6577276445542293,1.7089974880218506,734985,0.0,0.0
1987-07-24 00:00:00-04:00,1.7089969507214748,1.7089969507214748,1.6748173841479095,1.6919071674346924,275757,0.0,0.0
1987-07-27 00:00:00-04:00,1.6577279045244935,1.6919079646926145,1.640637993812561,1.640637993812561,477539,0.0,0.0
1987-07-28 00:00:00-04:00,1.6406379789197392,1.6919079493343916,1.6406379789197392,1.6748181581497192,576416,0.0,0.0
1987-07-29 00:00:00-04:00,1.67481817335281,1.67481817335281,1.640637993812561,1.640637993812561,220459,0.0,0.0
1987-07-30 00:00:00-04:00,1.6406374556196244,1.6577273607254028,1.6235476698859348,1.6577273607254028,302856,0.0,0.0
1987-07-31 00:00:00-04:00,1.6577273607254028,1.674817623947448,1.6406374556196244,1.6577273607254028,165161,0.0,0.0
1987-08-03 00:00:00-04:00,1.6577279045244935,1.6577279045244935,1.6235482024727566,1.640637993812561,291504,0.0,0.0
1987-08-04 00:00:00-04:00,1.640637993812561,1.640637993812561,1.6235482024727566,1.640637993812561,348633,0.0,0.0
1987-08-05 00:00:00-04:00,1.640637220713985,1.7089969507214748,1.640637220713985,1.6919071674346924,526611,0.0,0.0
1987-08-06 00:00:00-04:00,1.6919071674346922,1.7260873308686167,1.6748173841479095,1.6919071674346924,729126,0.0,0.0
1987-08-07 00:00:00-04:00,1.674818158149719,1.6919079493343916,1.6577278894765386,1.6748181581497192,225952,0.0,0.0
1987-08-10 00:00:00-04:00,1.6919074020174294,1.7260875701904297,1.6919074020174294,1.7260875701904297,518555,0.0,0.0
1987-08-11 00:00:00-04:00,1.7260876230412825,1.7773574590682981,1.7089972400012734,1.7773574590682983,1186890,0.0,0.0
1987-08-12 00:00:00-04:00,1.7773577520771444,1.8457175049253458,1.7431776965948762,1.794447660446167,1426392,0.0,0.0
1987-08-13 00:00:00-04:00,1.7944473646199395,1.8115371507994886,1.760267195400381,1.7773574590682983,256714,0.0,0.0
1987-08-14 00:00:00-04:00,1.7773574590682981,1.7773574590682981,1.7431774092208319,1.7773574590682983,1268555,0.0,0.0
1987-08-17 00:00:00-04:00,1.7773576423297959,1.7773576423297959,1.7431775889580599,1.7602673768997192,789917,0.0,0.0
1987-08-18 00:00:00-04:00,1.7431775889580599,1.7602673768997192,1.7260878010164002,1.7602673768997192,279785,0.0,0.0
1987-08-19 00:00:00-04:00,1.7773574590682981,1.7773574590682981,1.7260876230412825,1.7773574590682983,260376,0.0,0.0
1987-08-20 00:00:00-04:00,1.7773574590682981,1.7944473646199395,1.7431774092208319,1.7773574590682983,454468,0.0,0.0
1987-08-21 00:00:00-04:00,1.7944473096759885,1.7944473096759885,1.7089971876737087,1.7260875701904297,347168,0.0,0.0
1987-08-24 00:00:00-04:00,1.7602668974421822,1.7602668974421822,1.6748173841479095,1.6919071674346924,277222,0.0,0.0
1987-08-25 00:00:00-04:00,1.7260875096740267,1.7431772947311404,1.7089971277564922,1.7431772947311401,491455,0.0,0.0
1987-08-26 00:00:00-04:00,1.7602673768997192,1.7944475496435597,1.7431775889580599,1.7602673768997192,456665,0.0,0.0
1987-08-27 00:00:00-04:00,1.7773573423337041,1.7773573423337041,1.7260875096740267,1.7431772947311401,225220,0.0,0.0
1987-08-28 00:00:00-04:00,1.7260881285643717,1.7260881285643717,1.674818158149719,1.6748181581497192,290405,0.0,0.0
1987-08-31 00:00:00-04:00,1.674817557642265,1.7431772947311404,1.6577272950968147,1.7431772947311401,256348,0.0,0.0
1987-09-01 00:00:00-04:00,1.7602673768997192,1.828627603015296,1.7431775889580599,1.7602673768997192,720703,0.0,0.0
1987-09-02 00:00:00-04:00,1.7773577142580028,1.9311676025390625,1.743177659503028,1.9311676025390625,1968384,0.0,0.0
1987-09-03 00:00:00-04:00,1.9482573911723318,2.084977371448013,1.9140772170452478,1.9311676025390625,3608643,0.0,0.0
1987-09-04 00:00:00-04:00,1.9311675390087129,1.9824373807103135,1.9140771540771269,1.948257327079773,1877197,0.0,0.0
1987-09-08 00:00:00-04:00,1.948257344197283,1.948257344197283,1.7602674056939334,1.8798975944519043,786255,0.0,0.0
1987-09-09 00:00:00-04:00,1.896986652285774,1.896986652285774,1.7944468880899218,1.8115366697311401,589600,0.0,0.0
1987-09-10 00:00:00-04:00,1.8115374202455878,1.91407722692337,1.8115374202455878,1.8969874382019043,1449463,0.0,0.0
1987-09-11 00:00:00-04:00,1.9482571407411027,1.9995269775390627,1.9482571407411027,1.9995269775390625,1683472,0.0,0.0
1987-09-14 00:00:00-04:00,2.016616705673967,2.050796993791413,1.931167298473345,1.9824371337890625,1652344,0.0,0.0
1987-09-15 00:00:00-04:00,1.9824371911025345,2.0166167639755908,1.965346927177631,1.9995269775390625,885498,0.0,0.0
1987-09-16 00:00:00-04:00,1.9995270221532067,2.1704265615409724,1.9824372353353652,2.084977149963379,6445312,0.0,0.0
1987-09-17 00:00:00-04:00,2.102067446663371,2.136247506078231,1.9995275071630416,2.0166172981262207,1515015,0.0,0.0
1987-09-18 00:00:00-04:00,2.0166166976448627,2.0678867715006306,1.9824371258960434,2.0507969856262207,1048096,0.0,0.0
1987-09-21 00:00:00-04:00,2.050796286119849,2.170425701413022,2.0337065060745947,2.1191558837890625,2408936,0.0,0.0
1987-09-22 00:00:00-04:00,2.119156910252512,2.119156910252512,2.03370749114861,2.0678870677948,825806,0.0,0.0
1987-09-23 00:00:00-04:00,2.084977149963379,2.153336774723131,2.084977149963379,2.084977149963379,1353516,0.0,0.0
1987-09-24 00:00:00-04:00,2.084976733472203,2.119156300280238,2.050796689175878,2.1020665168762207,782959,0.0,0.0
1987-09-25 00:00:00-04:00,2.102067446663371,2.102067446663371,2.0166172981262207,2.0166172981262207,375000,0.0,0.0
1987-09-28 00:00:00-04:00,2.0507975962853315,2.084977655700192,1.9995275071630416,2.0166172981262207,584473,0.0,0.0
1987-09-29 00:00:00-04:00,2.016616705673967,2.050796993791413,1.9824371337890625,1.9824371337890625,736450,0.0,0.0
1987-09-30 00:00:00-04:00,1.9995271687813736,1.9995271687813736,1.9140771540771269,1.948257327079773,740845,0.0,0.0
1987-10-01 00:00:00-04:00,1.948256486533717,1.948256486533717,1.8628063893235287,1.914076328277588,717041,0.0,0.0
1987-10-02 00:00:00-04:00,1.9140777271251215,1.9140777271251215,1.8628077507019045,1.8628077507019043,722168,0.0,0.0
1987-10-05 00:00:00-04:00,1.8457166086255985,1.9311667058357869,1.794446789043593,1.914076328277588,1684204,0.0,0.0
1987-10-06 00:00:00-04:00,1.9140774964948877,1.9482576756121766,1.7944478842474525,1.8286279439926147,1346924,0.0,0.0
1987-10-07 00:00:00-04:00,1.8457166086255985,1.9311667058357869,1.8286268279276683,1.914076328277588,1116211,0.0,0.0
1987-10-08 00:00:00-04:00,1.896987382673116,1.914077170894328,1.862807209370161,1.8798975944519043,419312,0.0,0.0
1987-10-09 00:00:00-04:00,1.879896996499319,1.879896996499319,1.8457168340682983,1.8457168340682983,272095,0.0,0.0
1987-10-12 00:00:00-04:00,1.8457168340682983,1.862806616853638,1.760266845792985,1.8457168340682983,1081787,0.0,0.0
1987-10-13 00:00:00-04:00,1.8798967668817275,1.9140763282775881,1.8628063893235287,1.914076328277588,866089,0.0,0.0
1987-10-14 00:00:00-04:00,1.8969874382019043,1.9482574012268503,1.8457174751769583,1.8969874382019043,885864,0.0,0.0
1987-10-15 00:00:00-04:00,1.8798973698665136,1.8798973698665136,1.7431774092208319,1.7773574590682983,697998,0.0,0.0
1987-10-16 00:00:00-04:00,1.7602672209009722,1.7602672209009722,1.5722777796211904,1.6064574718475342,1355713,0.0,0.0
1987-10-19 00:00:00-04:00,1.4013776903561779,1.4868276921884391,1.196297996326177,1.2646582126617432,3102539,0.0,0.0
1987-10-20 00:00:00-04:00,1.247567832212195,1.3842877745221391,1.093758106014641,1.230478048324585,3184570,0.0,0.0
1987-10-21 00:00:00-04:00,1.2475687825633135,1.4868286848068237,1.2475687825633135,1.4868286848068237,2827881,0.0,0.0
1987-10-22 00:00:00-04:00,1.3330179420163453,1.4868276816005224,1.2646582036559277,1.36719810962677,1395630,0.0,0.0
1987-10-23 00:00:00-04:00,1.2646587903913704,1.3671987439353808,1.2646587903913704,1.2988383769989014,465088,0.0,0.0
1987-10-26 00:00:00-05:00,1.2304784385528913,1.2475682278602789,1.0595787548973068,1.1279385089874268,1366699,0.0,0.0
1987-10-27 00:00:00-05:00,1.162118911743164,1.2304786792026858,1.12793872958306,1.162118911743164,1084351,0.0,0.0
1987-10-28 00:00:00-05:00,1.127939050738311,1.2133891126660719,1.1108492532226668,1.1962988376617432,665771,0.0,0.0
1987-10-29 00:00:00-05:00,1.196298495743886,1.2988383258800578,1.196298495743886,1.2817485332489014,793579,0.0,0.0
1987-10-30 00:00:00-05:00,1.2988378583625955,1.3501078146620984,1.1792082786560059,1.1792082786560059,557007,0.0,0.0
1987-11-02 00:00:00-05:00,1.2646577917435817,1.2646577917435817,1.196297598160453,1.2475675344467163,759888,0.0,0.0
1987-11-03 00:00:00-05:00,1.230478592225579,1.230478592225579,1.1621188295981073,1.2133886814117432,249756,0.0,0.0
1987-11-04 00:00:00-05:00,1.2304786792026858,1.2304786792026858,1.162118911743164,1.162118911743164,832764,0.0,0.0
1987-11-05 00:00:00-05:00,1.1450285222327692,1.196298497042582,1.12793872958306,1.162118911743164,1416504,0.0,0.0
1987-11-06 00:00:00-05:00,1.1621181286623847,1.1792079097963288,1.0766680292720967,1.1108481884002686,596924,0.0,0.0
1987-11-09 00:00:00-05:00,1.093758463859558,1.12793852030577,1.0766685550085673,1.093758463859558,154907,0.0,0.0
1987-11-10 00:00:00-05:00,1.0937579244864293,1.0937579244864293,1.0424879844723602,1.0766680240631104,384155,0.0,0.0
1987-11-11 00:00:00-05:00,1.0937579297780975,1.1279379695342127,1.0766680292720967,1.1108481884002686,2145264,0.0,0.0
1987-11-12 00:00:00-05:00,1.1450277506681568,1.1621181286623847,1.0937579297780975,1.1108481884002686,236572,0.0,0.0
1987-11-13 00:00:00-05:00,1.1450282982948143,1.1450282982948143,1.093758452884196,1.1279385089874268,393677,0.0,0.0
1987-11-16 00:00:00-05:00,1.1279385089874268,1.179208473770159,1.1279385089874268,1.1279385089874268,419678,0.0,0.0
1987-11-17 00:00:00-05:00,1.1108481884002688,1.1450277506681568,1.0766680292720967,1.1108481884002686,320068,0.0,0.0
1987-11-18 00:00:00-05:00,1.12793852030577,1.12793852030577,1.0595787655296913,1.093758463859558,498779,0.0,0.0
1987-11-19 00:00:00-05:00,1.0937579244864293,1.0937579244864293,1.0595782430118477,1.0766680240631104,655884,0.0,0.0
1987-11-20 00:00:00-05:00,1.0595784187316895,1.0766682026171115,0.9912182088413175,1.0595784187316895,850342,0.0,0.0
1987-11-23 00:00:00-05:00,1.0424881573579636,1.0766682026171115,1.0253983734725416,1.0595784187316895,405029,0.0,0.0
1987-11-24 00:00:00-05:00,1.0424883365631101,1.0766683876978551,1.025398549739931,1.0424883365631104,259277,0.0,0.0
1987-11-25 00:00:00-05:00,1.0424881573579636,1.0595784187316895,1.0253983734725416,1.0595784187316895,235474,0.0,0.0
1987-11-27 00:00:00-05:00,1.0595782430118477,1.0766680240631104,1.0424879844723602,1.0766680240631104,165894,0.0,0.0
1987-11-30 00:00:00-05:00,1.0253984928131104,1.04248827868752,0.9741285383294325,1.0253984928131104,398804,0.0,0.0
1987-12-01 00:00:00-05:00,1.0595787319445127,1.0595787319445127,0.9912185018467694,1.0083087682724,264038,0.0,0.0
1987-12-02 00:00:00-05:00,1.0083081562124694,1.025398054147912,0.9570382833480835,0.9570382833480835,298462,0.0,0.0
1987-12-03 00:00:00-05:00,0.9570388852113149,0.9912185235190548,0.9399486184120179,0.9399486184120178,540894,0.0,0.0
1987-12-04 00:00:00-05:00,0.939948319948042,0.939948319948042,0.8886783714348141,0.9057686924934387,459229,0.0,0.0
1987-12-07 00:00:00-05:00,0.905768980104278,0.9399486184120179,0.8715888643080826,0.9399486184120178,551147,0.0,0.0
1987-12-08 00:00:00-05:00,0.9570385197791359,0.9570385197791359,0.8715885315038226,0.9228584170341492,372803,0.0,0.0
1987-12-09 00:00:00-05:00,0.939948550223293,0.9912184516109463,0.9057689143951205,0.9741286635398865,422607,0.0,0.0
1987-12-10 00:00:00-05:00,0.9228585878232369,1.0083085919123795,0.9228585878232369,0.9912183284759521,514893,0.0,0.0
1987-12-11 00:00:00-05:00,1.0083086435446549,1.0424883365631101,0.9912183792330895,1.0424883365631104,359985,0.0,0.0
1987-12-14 00:00:00-05:00,1.0424879844723602,1.1108481830259165,1.0424879844723602,1.0766680240631104,854004,0.0,0.0
1987-12-15 00:00:00-05:00,1.0766683876978551,1.0766683876978551,1.025398549739931,1.0424883365631104,921021,0.0,0.0
1987-12-16 00:00:00-05:00,1.0253986765816967,1.0253986765816967,0.974128712909584,1.0083087682724,521851,0.0,0.0
1987-12-17 00:00:00-05:00,1.0253986246135924,1.0253986246135924,0.9741286635398864,0.9741286635398865,942627,0.0,0.0
1987-12-18 00:00:00-05:00,1.0083087171704272,1.0083087171704272,0.9741286635398864,0.9741286635398865,441650,0.0,0.0
1987-12-21 00:00:00-05:00,0.9570382833480835,0.9741281215975067,0.9399480272965245,0.9570382833480835,499512,0.0,0.0
1987-12-22 00:00:00-05:00,0.9399484294062089,1.0253984928131104,0.9228585838457545,1.0253984928131104,531006,0.0,0.0
1987-12-23 00:00:00-05:00,1.0083087682724,1.042488465518882,0.9912185018467694,1.0083087682724,746704,0.0,0.0
1987-12-24 00:00:00-05:00,0.9912183284759521,1.0083085919123795,0.9741285425278864,0.9912183284759521,152710,0.0,0.0
1987-12-28 00:00:00-05:00,0.9570388852113149,0.9570388852113149,0.9228587694151195,0.9399486184120178,302124,0.0,0.0
1987-12-29 00:00:00-05:00,0.939948259505523,0.9570385197791359,0.9057686342488094,0.9228584170341492,613770,0.0,0.0
1987-12-30 00:00:00-05:00,0.9399486184120179,0.9570388852113149,0.9228587694151195,0.9399486184120178,669800,0.0,0.0
1987-12-31 00:00:00-05:00,0.9399486184120179,0.9570388852113149,0.8886786536189241,0.9399486184120178,1267456,0.0,0.0
1988-01-04 00:00:00-05:00,0.9912184516109463,1.0083087171704272,0.9570388157827738,0.9741286635398865,541260,0.0,0.0
1988-01-05 00:00:00-05:00,0.9912185235190548,1.0083087903183519,0.9228587694151195,0.9399486184120178,623657,0.0,0.0
1988-01-06 00:00:00-05:00,0.9399480272965245,0.9912179001609104,0.9057684104836976,0.9570382833480835,496948,0.0,0.0
1988-01-07 00:00:00-05:00,0.9399486184120179,0.9570388852113149,0.8374087485118872,0.9399486184120178,270996,0.0,0.0
1988-01-08 00:00:00-05:00,0.9228586006616059,0.9570387102076416,0.8886784911155701,0.8886784911155701,614868,0.0,0.0
1988-01-11 00:00:00-05:00,0.8886784911155701,0.905768814475795,0.8544988590579026,0.8886784911155701,247559,0.0,0.0
1988-01-12 00:00:00-05:00,0.8886780947461193,0.9570382833480835,0.8886780947461193,0.9570382833480835,967529,0.0,0.0
1988-01-13 00:00:00-05:00,0.939948550223293,0.9741286635398864,0.9228587024661805,0.9741286635398865,1698853,0.0,0.0
1988-01-14 00:00:00-05:00,0.9912179001609104,0.9912179001609104,0.9570382833480835,0.9570382833480835,747437,0.0,0.0
1988-01-15 00:00:00-05:00,0.9741286635398864,1.0083087171704272,0.9570388157827738,0.9741286635398865,882202,0.0,0.0
1988-01-18 00:00:00-05:00,0.9912183284759521,1.0083085919123795,0.9741285425278864,0.9912183284759521,464355,0.0,0.0
1988-01-19 00:00:00-05:00,0.9912185018467694,1.0253986765816967,0.9912185018467694,1.0083087682724,674927,0.0,0.0
1988-01-20 00:00:00-05:00,1.0083085919123795,1.0083085919123795,0.9570386968937753,0.9912183284759521,694336,0.0,0.0
1988-01-21 00:00:00-05:00,0.9912179001609104,0.9912179001609104,0.9570382833480835,0.9570382833480835,467285,0.0,0.0
1988-01-22 00:00:00-05:00,0.9741286635398864,0.9912184516109463,0.9570388157827738,0.9741286635398865,85327,0.0,0.0
1988-01-25 00:00:00-05:00,0.9741281215975067,0.9912179001609104,0.9570382833480835,0.9570382833480835,302856,0.0,0.0
1988-01-26 00:00:00-05:00,0.9741286635398864,0.9741286635398864,0.9570388157827738,0.9741286635398865,217896,0.0,0.0
1988-01-27 00:00:00-05:00,0.9912184516109463,0.9912184516109463,0.9570388157827738,0.9741286635398865,151611,0.0,0.0
1988-01-28 00:00:00-05:00,0.9741286635398864,0.9912184516109463,0.939948550223293,0.9741286635398865,160400,0.0,0.0
1988-01-29 00:00:00-05:00,0.9912183284759521,0.9912183284759521,0.9399484334573479,0.9912183284759521,872314,0.0,0.0
1988-02-01 00:00:00-05:00,0.9741281215975067,0.9912179001609104,0.9570382833480835,0.9570382833480835,131470,0.0,0.0
1988-02-02 00:00:00-05:00,0.9570388157827738,0.9741286635398864,0.9057689143951205,0.9741286635398865,113525,0.0,0.0
1988-02-03 00:00:00-05:00,0.9741286635398864,0.9741286635398864,0.939948550223293,0.9741286635398865,128906,0.0,0.0
1988-02-04 00:00:00-05:00,0.9570382833480835,0.9912179001609104,0.9399480272965245,0.9570382833480835,496216,0.0,0.0
1988-02-05 00:00:00-05:00,0.9399480272965245,0.9570382833480835,0.9399480272965245,0.9570382833480835,163330,0.0,0.0
1988-02-08 00:00:00-05:00,0.9570382833480835,0.9741281215975067,0.9228581890471014,0.9570382833480835,730957,0.0,0.0
1988-02-09 00:00:00-05:00,0.9741287342082133,0.9741287342082133,0.9399486184120179,0.9399486184120178,316406,0.0,0.0
1988-02-10 00:00:00-05:00,0.9570388852113149,0.9570388852113149,0.9228587694151195,0.9399486184120178,297363,0.0,0.0
1988-02-11 00:00:00-05:00,0.9570388852113149,0.9570388852113149,0.9228587694151195,0.9399486184120178,419678,0.0,0.0
1988-02-12 00:00:00-05:00,0.9057686342488094,0.939948259505523,0.9057686342488094,0.9228584170341492,370972,0.0,0.0
1988-02-16 00:00:00-05:00,0.9228587694151195,0.9570388852113149,0.9228587694151195,0.9399486184120178,304687,0.0,0.0
1988-02-17 00:00:00-05:00,0.9570385197791359,0.9570385197791359,0.9228584170341492,0.9228584170341492,218994,0.0,0.0
1988-02-18 00:00:00-05:00,0.9228581890471014,0.9741281215975067,0.9228581890471014,0.9570382833480835,788818,0.0,0.0
1988-02-19 00:00:00-05:00,0.9741286635398864,0.9741286635398864,0.9570388157827738,0.9741286635398865,260010,0.0,0.0
1988-02-22 00:00:00-05:00,0.9741281215975067,0.9741281215975067,0.9570382833480835,0.9570382833480835,240234,0.0,0.0
1988-02-23 00:00:00-05:00,0.9570388157827738,0.9741286635398864,0.9570388157827738,0.9741286635398865,242798,0.0,0.0
1988-02-24 00:00:00-05:00,0.939948550223293,0.9741286635398864,0.939948550223293,0.9741286635398865,177612,0.0,0.0
1988-02-25 00:00:00-05:00,0.9741283622505097,0.9741283622505097,0.9228584170341492,0.9228584170341492,336182,0.0,0.0
1988-02-26 00:00:00-05:00,0.9570385197791359,0.9570385197791359,0.9228584170341492,0.9228584170341492,1680176,0.0,0.0
1988-02-29 00:00:00-05:00,0.9399486184120179,0.9741287342082133,0.9399486184120179,0.9399486184120178,291870,0.0,0.0
1988-03-01 00:00:00-05:00,0.9570388852113149,0.9570388852113149,0.9399486184120179,0.9399486184120178,217163,0.0,0.0
1988-03-02 00:00:00-05:00,0.9399486184120179,0.9741287342082133,0.9399486184120179,0.9399486184120178,309082,0.0,0.0
1988-03-03 00:00:00-05:00,0.939948550223293,0.9741286635398864,0.939948550223293,0.9741286635398865,401001,0.0,0.0
1988-03-04 00:00:00-05:00,0.9741287342082133,0.9741287342082133,0.9228587694151195,0.9399486184120178,932739,0.0,0.0
1988-03-07 00:00:00-05:00,0.9399486184120179,0.9570388852113149,0.9228587694151195,0.9399486184120178,259644,0.0,0.0
1988-03-08 00:00:00-05:00,0.9570388852113149,0.9570388852113149,0.9228587694151195,0.9399486184120178,825439,0.0,0.0
1988-03-09 00:00:00-05:00,0.9570382833480835,0.9570382833480835,0.9399480272965245,0.9570382833480835,240967,0.0,0.0
1988-03-10 00:00:00-05:00,0.9570388852113149,0.9570388852113149,0.9399486184120179,0.9399486184120178,344238,0.0,0.0
1988-03-11 00:00:00-05:00,0.9570388852113149,0.9570388852113149,0.9228587694151195,0.9399486184120178,234375,0.0,0.0
1988-03-14 00:00:00-05:00,0.9228584763777213,0.939948319948042,0.9057686924934387,0.9057686924934387,696899,0.0,0.0
1988-03-15 00:00:00-05:00,0.9228584170341492,0.9228584170341492,0.9057686342488094,0.9228584170341492,172852,0.0,0.0
1988-03-16 00:00:00-05:00,0.9228587024661805,0.9741286635398864,0.9057689143951205,0.9741286635398865,964600,0.0,0.0
1988-03-17 00:00:00-05:00,0.9741286635398864,0.9912184516109463,0.939948550223293,0.9741286635398865,715942,0.0,0.0
1988-03-18 00:00:00-05:00,0.9570388157827738,0.9912184516109463,0.939948550223293,0.9741286635398865,436523,0.0,0.0
1988-03-21 00:00:00-05:00,0.939948259505523,0.9570385197791359,0.9228584170341492,0.9228584170341492,378662,0.0,0.0
1988-03-22 00:00:00-05:00,0.939948319948042,0.939948319948042,0.9057686924934387,0.9057686924934387,399902,0.0,0.0
1988-03-23 00:00:00-05:00,0.9228587694151195,0.9399486184120179,0.905768980104278,0.9399486184120178,278687,0.0,0.0
1988-03-24 00:00:00-05:00,0.9399486184120179,0.9399486184120179,0.9228587694151195,0.9399486184120178,69214,0.0,0.0
1988-03-25 00:00:00-05:00,0.939948259505523,0.939948259505523,0.9057686342488094,0.9228584170341492,200317,0.0,0.0
1988-03-28 00:00:00-05:00,0.9057686924934387,0.9228584763777213,0.9057686924934387,0.9057686924934387,240601,0.0,0.0
1988-03-29 00:00:00-05:00,0.905768814475795,0.905768814475795,0.8886784911155701,0.8886784911155701,163330,0.0,0.0
1988-03-30 00:00:00-05:00,0.905768814475795,0.905768814475795,0.8886784911155701,0.8886784911155701,75439,0.0,0.0
1988-03-31 00:00:00-05:00,0.8886780947461193,0.9570382833480835,0.8886780947461193,0.9570382833480835,989136,0.0,0.0
1988-04-04 00:00:00-04:00,0.9570385197791359,0.9570385197791359,0.9228584170341492,0.9228584170341492,229248,0.0,0.0
1988-04-05 00:00:00-04:00,0.9399486184120179,0.9399486184120179,0.905768980104278,0.9399486184120178,124878,0.0,0.0
1988-04-06 00:00:00-04:00,0.9399486184120179,0.9741287342082133,0.9228587694151195,0.9399486184120178,1104492,0.0,0.0
1988-04-07 00:00:00-04:00,0.9399486184120179,0.9399486184120179,0.9228587694151195,0.9399486184120178,92285,0.0,0.0
1988-04-08 00:00:00-04:00,0.939948259505523,0.939948259505523,0.9228584170341492,0.9228584170341492,140259,0.0,0.0
1988-04-11 00:00:00-04:00,0.939948259505523,0.939948259505523,0.9228584170341492,0.9228584170341492,909302,0.0,0.0
1988-04-12 00:00:00-04:00,0.9570382833480835,0.9912179001609104,0.9570382833480835,0.9570382833480835,2520630,0.0,0.0
1988-04-13 00:00:00-04:00,0.9741283622505097,0.9741283622505097,0.9228584170341492,0.9228584170341492,1019531,0.0,0.0
1988-04-14 00:00:00-04:00,0.9228586006616059,0.9228586006616059,0.8544988590579026,0.8886784911155701,881836,0.0,0.0
1988-04-15 00:00:00-04:00,0.9057686342488094,0.9228584170341492,0.8886783142891624,0.9228584170341492,359985,0.0,0.0
1988-04-18 00:00:00-04:00,0.9057686924934387,0.9228584763777213,0.8886783714348141,0.9057686924934387,202881,0.0,0.0
1988-04-19 00:00:00-04:00,0.9228581890471014,0.9570382833480835,0.9057684104836976,0.9570382833480835,333618,0.0,0.0
1988-04-20 00:00:00-04:00,0.9570388852113149,0.9570388852113149,0.9228587694151195,0.9399486184120178,215698,0.0,0.0
1988-04-21 00:00:00-04:00,0.939948259505523,0.9570385197791359,0.9228584170341492,0.9228584170341492,268433,0.0,0.0
1988-04-22 00:00:00-04:00,0.9399486184120179,0.9399486184120179,0.9228587694151195,0.9399486184120178,175781,0.0,0.0
1988-04-25 00:00:00-04:00,0.9399486184120179,0.9570388852113149,0.9399486184120179,0.9399486184120178,129272,0.0,0.0
1988-04-26 00:00:00-04:00,0.9399484334573479,1.0083085919123795,0.9399484334573479,0.9912183284759521,1343262,0.0,0.0
1988-04-27 00:00:00-04:00,0.9912184516109463,0.9912184516109463,0.9570388157827738,0.9741286635398865,553711,0.0,0.0
1988-04-28 00:00:00-04:00,0.9570386968937753,0.9912183284759521,0.9570386968937753,0.9912183284759521,348267,0.0,0.0
1988-04-29 00:00:00-04:00,0.9912184516109463,0.9912184516109463,0.939948550223293,0.9741286635398865,239136,0.0,0.0
1988-05-02 00:00:00-04:00,0.9570388157827738,0.9741286635398864,0.9570388157827738,0.9741286635398865,138062,0.0,0.0
1988-05-03 00:00:00-04:00,0.9741286635398864,0.9912184516109463,0.9570388157827738,0.9741286635398865,174316,0.0,0.0
1988-05-04 00:00:00-04:00,0.9741281215975067,0.9912179001609104,0.9570382833480835,0.9570382833480835,195923,0.0,0.0
1988-05-05 00:00:00-04:00,0.9741285425278864,0.9912183284759521,0.9570386968937753,0.9912183284759521,401733,0.0,0.0
1988-05-06 00:00:00-04:00,0.9912179001609104,0.9912179001609104,0.9399480272965245,0.9570382833480835,203247,0.0,0.0
1988-05-09 00:00:00-04:00,0.9570388852113149,0.9741287342082133,0.9399486184120179,0.9399486184120178,143188,0.0,0.0
1988-05-10 00:00:00-04:00,0.9570388157827738,0.9912184516109463,0.9570388157827738,0.9741286635398865,295898,0.0,0.0
1988-05-11 00:00:00-04:00,0.9741287342082133,0.9741287342082133,0.9399486184120179,0.9399486184120178,130737,0.0,0.0
1988-05-12 00:00:00-04:00,0.9399486184120179,0.9741287342082133,0.9399486184120179,0.9399486184120178,135498,0.0,0.0
1988-05-13 00:00:00-04:00,0.9570388852113149,0.9741287342082133,0.9399486184120179,0.9399486184120178,99609,0.0,0.0
1988-05-16 00:00:00-04:00,0.9399480272965245,0.9570382833480835,0.9399480272965245,0.9570382833480835,150146,0.0,0.0
1988-05-17 00:00:00-04:00,0.9570382833480835,0.9741281215975067,0.9570382833480835,0.9570382833480835,220825,0.0,0.0
1988-05-18 00:00:00-04:00,0.9741283622505097,0.9741283622505097,0.9228584170341492,0.9228584170341492,300659,0.0,0.0
1988-05-19 00:00:00-04:00,0.9228587492374714,1.0083087682724,0.9228587492374714,1.0083087682724,4379150,0.0,0.0
1988-05-20 00:00:00-04:00,1.0253986765816967,1.0253986765816967,0.9912185018467694,1.0083087682724,509766,0.0,0.0
1988-05-23 00:00:00-04:00,1.0083085875666111,1.0253984928131104,0.9741285383294325,1.0253984928131104,86426,0.0,0.0
1988-05-24 00:00:00-04:00,1.0083085875666111,1.0253984928131104,0.991218324203842,1.0253984928131104,243164,0.0,0.0
1988-05-25 00:00:00-04:00,1.0253983734725416,1.0766682026171115,1.0083084702150436,1.0595784187316895,931274,0.0,0.0
1988-05-26 00:00:00-04:00,1.0766685442046944,1.1279385089874268,1.0595787548973068,1.1279385089874268,726929,0.0,0.0
1988-05-27 00:00:00-04:00,1.127938445187406,1.1621186187294041,1.1108486568466747,1.1450282335281372,874512,0.0,0.0
1988-05-31 00:00:00-04:00,1.1450282335281372,1.1450282335281372,1.127938445187406,1.1450282335281372,403198,0.0,0.0
1988-06-01 00:00:00-04:00,1.1450282335281372,1.1621186187294041,1.1108486568466747,1.1450282335281372,262573,0.0,0.0
1988-06-02 00:00:00-04:00,1.1279383223565027,1.1962980651356834,1.1279383223565027,1.1792082786560059,751831,0.0,0.0
1988-06-03 00:00:00-04:00,1.196298497042582,1.196298497042582,1.12793872958306,1.162118911743164,354492,0.0,0.0
1988-06-06 00:00:00-04:00,1.1792082786560059,1.1792082786560059,1.1450281088361802,1.1792082786560059,258179,0.0,0.0
1988-06-07 00:00:00-04:00,1.179208704392873,1.179208704392873,1.162118911743164,1.162118911743164,159302,0.0,0.0
1988-06-08 00:00:00-04:00,1.1621184921763283,1.1962980651356834,1.1450281088361802,1.1792082786560059,305786,0.0,0.0
1988-06-09 00:00:00-04:00,1.1962981954108667,1.1962981954108667,1.127938445187406,1.1450282335281372,260376,0.0,0.0
1988-06-10 00:00:00-04:00,1.1621184921763283,1.1962980651356834,1.1450281088361802,1.1792082786560059,249756,0.0,0.0
1988-06-13 00:00:00-04:00,1.1792082786560059,1.1792082786560059,1.1621184921763283,1.1792082786560059,291870,0.0,0.0
1988-06-14 00:00:00-04:00,1.1792082786560059,1.1962980651356834,1.1621184921763283,1.1792082786560059,243164,0.0,0.0
1988-06-15 00:00:00-04:00,1.1792082786560059,1.1792082786560059,1.1621184921763283,1.1792082786560059,169922,0.0,0.0
1988-06-16 00:00:00-04:00,1.1792084070701354,1.1792084070701354,1.1450282335281372,1.1450282335281372,184937,0.0,0.0
1988-06-17 00:00:00-04:00,1.127938445187406,1.1621186187294041,1.127938445187406,1.1450282335281372,285278,0.0,0.0
1988-06-20 00:00:00-04:00,1.1279379640771792,1.1279379640771792,1.0595782430118477,1.0766680240631104,1213989,0.0,0.0
1988-06-21 00:00:00-04:00,1.093758463859558,1.093758463859558,1.0766685550085673,1.093758463859558,193359,0.0,0.0
1988-06-22 00:00:00-04:00,1.0937579297780975,1.1108481884002688,1.0766680292720967,1.1108481884002686,470581,0.0,0.0
1988-06-23 00:00:00-04:00,1.0937579244864293,1.1108481830259165,1.0766680240631104,1.0766680240631104,171021,0.0,0.0
1988-06-24 00:00:00-04:00,1.0766685550085673,1.1108487308268942,1.0766685550085673,1.093758463859558,314941,0.0,0.0
1988-06-27 00:00:00-04:00,1.0937579244864293,1.0937579244864293,1.0766680240631104,1.0766680240631104,109497,0.0,0.0
1988-06-28 00:00:00-04:00,1.0937579297780975,1.1279379695342127,1.0766680292720967,1.1108481884002686,521851,0.0,0.0
1988-06-29 00:00:00-04:00,1.1450281088361802,1.1792082786560059,1.1108485358768252,1.1792082786560059,490723,0.0,0.0
1988-06-30 00:00:00-04:00,1.1621184921763283,1.1962980651356834,1.1621184921763283,1.1792082786560059,255249,0.0,0.0
1988-07-01 00:00:00-04:00,1.1621186844627713,1.1962982630775467,1.110848719680039,1.1279385089874268,818848,0.0,0.0
1988-07-05 00:00:00-04:00,1.12793872958306,1.162118911743164,1.1108489369333512,1.162118911743164,858398,0.0,0.0
1988-07-06 00:00:00-04:00,1.1792082786560059,1.1962980651356834,1.1450281088361802,1.1792082786560059,485229,0.0,0.0
1988-07-07 00:00:00-04:00,1.179208704392873,1.179208704392873,1.12793872958306,1.162118911743164,203613,0.0,0.0
1988-07-08 00:00:00-04:00,1.1621186187294041,1.1792084070701354,1.1450282335281372,1.1450282335281372,195557,0.0,0.0
1988-07-11 00:00:00-04:00,1.1450282335281372,1.1621186187294041,1.1450282335281372,1.1450282335281372,120850,0.0,0.0
1988-07-12 00:00:00-04:00,1.1450282982948143,1.1621186844627713,1.1279385089874268,1.1279385089874268,216431,0.0,0.0
1988-07-13 00:00:00-04:00,1.127938445187406,1.1450282335281372,1.1108486568466747,1.1450282335281372,253052,0.0,0.0
1988-07-14 00:00:00-04:00,1.1450282335281372,1.1450282335281372,1.1108486568466747,1.1450282335281372,144287,0.0,0.0
1988-07-15 00:00:00-04:00,1.1279379695342127,1.1450277506681568,1.1108481884002688,1.1108481884002686,100342,0.0,0.0
1988-07-18 00:00:00-04:00,1.110848719680039,1.1279385089874268,1.110848719680039,1.1279385089874268,132202,0.0,0.0
1988-07-19 00:00:00-04:00,1.1108481884002688,1.1279379695342127,1.0937579297780975,1.1108481884002686,220459,0.0,0.0
1988-07-20 00:00:00-04:00,1.1108481884002688,1.1450277506681568,1.0937579297780975,1.1108481884002686,319336,0.0,0.0
1988-07-21 00:00:00-04:00,1.12793852030577,1.12793852030577,1.093758463859558,1.093758463859558,446411,0.0,0.0
1988-07-22 00:00:00-04:00,1.1108481884002688,1.1108481884002688,1.0766680292720967,1.1108481884002686,270630,0.0,0.0
1988-07-25 00:00:00-04:00,1.093758463859558,1.1108487308268942,1.0766685550085673,1.093758463859558,162598,0.0,0.0
1988-07-26 00:00:00-04:00,1.093758463859558,1.1108487308268942,1.093758463859558,1.093758463859558,90454,0.0,0.0
1988-07-27 00:00:00-04:00,1.1108481830259165,1.1108481830259165,1.0766680240631104,1.0766680240631104,142456,0.0,0.0
1988-07-28 00:00:00-04:00,1.0766685442046944,1.1279385089874268,1.0595787548973068,1.1279385089874268,249756,0.0,0.0
1988-07-29 00:00:00-04:00,1.127938445187406,1.1621186187294041,1.127938445187406,1.1450282335281372,320068,0.0,0.0
1988-08-01 00:00:00-04:00,1.1450282335281372,1.1621186187294041,1.127938445187406,1.1450282335281372,333252,0.0,0.0
1988-08-02 00:00:00-04:00,1.1279385089874268,1.1450282982948143,1.110848719680039,1.1279385089874268,255981,0.0,0.0
1988-08-03 00:00:00-04:00,1.1450285222327692,1.162118911743164,1.12793872958306,1.162118911743164,470947,0.0,0.0
1988-08-04 00:00:00-04:00,1.1621186844627713,1.1621186844627713,1.1279385089874268,1.1279385089874268,173950,0.0,0.0
1988-08-05 00:00:00-04:00,1.1450284412957565,1.230478592225579,1.1450284412957565,1.2133886814117432,993530,0.0,0.0
1988-08-08 00:00:00-04:00,1.213387855457318,1.2475675344467163,1.196297598160453,1.2475675344467163,602051,0.0,0.0
1988-08-09 00:00:00-04:00,1.230478592225579,1.247568383667286,1.1962984124815212,1.2133886814117432,403564,0.0,0.0
1988-08-10 00:00:00-04:00,1.2133884612400265,1.2133884612400265,1.127938445187406,1.1450282335281372,480469,0.0,0.0
1988-08-11 00:00:00-04:00,1.1450282982948143,1.1450282982948143,1.1279385089874268,1.1279385089874268,466553,0.0,0.0
1988-08-12 00:00:00-04:00,1.1450282335281372,1.1621186187294041,1.127938445187406,1.1450282335281372,359985,0.0,0.0
1988-08-15 00:00:00-04:00,1.1279379695342127,1.1450277506681568,1.1108481884002688,1.1108481884002686,161499,0.0,0.0
1988-08-16 00:00:00-04:00,1.1108481884002688,1.1450277506681568,1.1108481884002688,1.1108481884002686,228882,0.0,0.0
1988-08-17 00:00:00-04:00,1.110848719680039,1.1279385089874268,1.110848719680039,1.1279385089874268,195557,0.0,0.0
1988-08-18 00:00:00-04:00,1.1108486568466747,1.1621186187294041,1.1108486568466747,1.1450282335281372,162598,0.0,0.0
1988-08-19 00:00:00-04:00,1.1450285222327692,1.162118911743164,1.1450285222327692,1.162118911743164,100342,0.0,0.0
1988-08-22 00:00:00-04:00,1.1450282335281372,1.1621186187294041,1.127938445187406,1.1450282335281372,331421,0.0,0.0
1988-08-23 00:00:00-04:00,1.1450282982948143,1.1621186844627713,1.1279385089874268,1.1279385089874268,219360,0.0,0.0
1988-08-24 00:00:00-04:00,1.1450282335281372,1.1450282335281372,1.127938445187406,1.1450282335281372,93384,0.0,0.0
1988-08-25 00:00:00-04:00,1.1450282982948143,1.1450282982948143,1.110848719680039,1.1279385089874268,140259,0.0,0.0
1988-08-26 00:00:00-04:00,1.127938445187406,1.1450282335281372,1.127938445187406,1.1450282335281372,47974,0.0,0.0
1988-08-29 00:00:00-04:00,1.1450277506681568,1.1450277506681568,1.1108481884002688,1.1108481884002686,130005,0.0,0.0
1988-08-30 00:00:00-04:00,1.110848719680039,1.1450282982948143,1.110848719680039,1.1279385089874268,251221,0.0,0.0
1988-08-31 00:00:00-04:00,1.1450282982948143,1.1621186844627713,1.1279385089874268,1.1279385089874268,290039,0.0,0.0
1988-09-01 00:00:00-04:00,1.12793872958306,1.162118911743164,1.12793872958306,1.162118911743164,392944,0.0,0.0
1988-09-02 00:00:00-04:00,1.162118911743164,1.162118911743164,1.1450285222327692,1.162118911743164,228149,0.0,0.0
1988-09-06 00:00:00-04:00,1.1621186187294041,1.1621186187294041,1.127938445187406,1.1450282335281372,264038,0.0,0.0
1988-09-07 00:00:00-04:00,1.162119242630455,1.2133891126660719,1.162119242630455,1.1962988376617432,1534790,0.0,0.0
1988-09-08 00:00:00-04:00,1.1962980651356834,1.2133883291037373,1.1621184921763283,1.1792082786560059,726929,0.0,0.0
1988-09-09 00:00:00-04:00,1.162118911743164,1.179208704392873,1.1450285222327692,1.162118911743164,522583,0.0,0.0
1988-09-12 00:00:00-04:00,1.1792086210398143,1.2133886814117432,1.1621188295981073,1.2133886814117432,522217,0.0,0.0
1988-09-13 00:00:00-04:00,1.2133881450648991,1.2304780483245852,1.196297883688985,1.230478048324585,586304,0.0,0.0
1988-09-14 00:00:00-04:00,1.2304780483245852,1.247567832212195,1.2133881450648991,1.230478048324585,632812,0.0,0.0
1988-09-15 00:00:00-04:00,1.2304780483245852,1.247567832212195,1.2133881450648991,1.230478048324585,402832,0.0,0.0
1988-09-16 00:00:00-04:00,1.2133886814117432,1.230478592225579,1.2133886814117432,1.2133886814117432,473511,0.0,0.0
1988-09-19 00:00:00-04:00,1.2304780483245852,1.247567832212195,1.2133881450648991,1.230478048324585,552246,0.0,0.0
1988-09-20 00:00:00-04:00,1.2304781641800038,1.298837783655134,1.2304781641800038,1.2646582126617432,1229370,0.0,0.0
1988-09-21 00:00:00-04:00,1.281748583695136,1.3159287671633755,1.2646587903913704,1.2988383769989014,457397,0.0,0.0
1988-09-22 00:00:00-04:00,1.2988378376808876,1.3330180069564541,1.2817480514733348,1.3159282207489014,435059,0.0,0.0
1988-09-23 00:00:00-04:00,1.2988376043484133,1.3842877137562304,1.2988376043484133,1.3501075506210327,2248169,0.0,0.0
1988-09-26 00:00:00-04:00,1.3501075506210327,1.3671979306188085,1.3330177674836108,1.3501075506210327,837524,0.0,0.0
1988-09-27 00:00:00-04:00,1.3501078514441698,1.3501078514441698,1.3159282775536332,1.3330180644989014,495117,0.0,0.0
1988-09-28 00:00:00-04:00,1.3501075506210327,1.3501075506210327,1.3330177674836108,1.3501075506210327,188232,0.0,0.0
1988-09-29 00:00:00-04:00,1.3501077931640069,1.3501077931640069,1.3159282207489014,1.3159282207489014,240967,0.0,0.0
1988-09-30 00:00:00-04:00,1.3330185080030559,1.3330185080030559,1.2646587406177452,1.2817485332489014,494019,0.0,0.0
1988-10-03 00:00:00-04:00,1.2817479981584385,1.2817479981584385,1.2304781641800038,1.2646582126617432,430664,0.0,0.0
1988-10-04 00:00:00-04:00,1.2475675344467163,1.2646577917435817,1.230477754638041,1.2475675344467163,281982,0.0,0.0
1988-10-05 00:00:00-04:00,1.247568383667286,1.247568383667286,1.1792086210398143,1.2133886814117432,779663,0.0,0.0
1988-10-06 00:00:00-04:00,1.213387855457318,1.2475675344467163,1.196297598160453,1.2475675344467163,360352,0.0,0.0
1988-10-07 00:00:00-04:00,1.2475675344467163,1.2646577917435817,1.213387855457318,1.2475675344467163,437256,0.0,0.0
1988-10-10 00:00:00-04:00,1.2133886814117432,1.230478592225579,1.1962984124815212,1.2133886814117432,384888,0.0,0.0
1988-10-11 00:00:00-04:00,1.230477754638041,1.2475675344467163,1.213387855457318,1.2475675344467163,241699,0.0,0.0
1988-10-12 00:00:00-04:00,1.2304780483245852,1.247567832212195,1.196297883688985,1.230478048324585,433594,0.0,0.0
1988-10-13 00:00:00-04:00,1.213387855457318,1.2475675344467163,1.196297598160453,1.2475675344467163,376099,0.0,0.0
1988-10-14 00:00:00-04:00,1.247567832212195,1.247567832212195,1.2133881450648991,1.230478048324585,183105,0.0,0.0
1988-10-17 00:00:00-04:00,1.2304780483245852,1.2304780483245852,1.2133881450648991,1.230478048324585,206543,0.0,0.0
1988-10-18 00:00:00-04:00,1.2304780483245852,1.2304780483245852,1.196297883688985,1.230478048324585,336914,0.0,0.0
1988-10-19 00:00:00-04:00,1.230477754638041,1.2988373513609324,1.230477754638041,1.2475675344467163,1080322,0.0,0.0
1988-10-20 00:00:00-04:00,1.247568519599038,1.2988383769989014,1.247568519599038,1.2988383769989014,428101,0.0,0.0
1988-10-21 00:00:00-04:00,1.2817485332489016,1.2817485332489016,1.2475684704980405,1.2817485332489014,393311,0.0,0.0
1988-10-24 00:00:00-04:00,1.2646577917435817,1.281747571552257,1.2475675344467163,1.2475675344467163,262207,0.0,0.0
1988-10-25 00:00:00-04:00,1.2646587406177452,1.2817485332489016,1.2475684704980405,1.2817485332489014,497681,0.0,0.0
1988-10-26 00:00:00-04:00,1.2817479981584385,1.2817479981584385,1.2646582126617434,1.2646582126617432,300659,0.0,0.0
1988-10-27 00:00:00-04:00,1.2646577917435817,1.281747571552257,1.2475675344467163,1.2475675344467163,150146,0.0,0.0
1988-10-28 00:00:00-04:00,1.247568519599038,1.2988383769989014,1.247568519599038,1.2988383769989014,368774,0.0,0.0
1988-10-31 00:00:00-05:00,1.2988383769989014,1.2988383769989014,1.281748583695136,1.2988383769989014,175415,0.0,0.0
1988-11-01 00:00:00-05:00,1.2988383769989014,1.2988383769989014,1.2646587903913704,1.2988383769989014,152710,0.0,0.0
1988-11-02 00:00:00-05:00,1.281748583695136,1.2988383769989014,1.2646587903913704,1.2988383769989014,184937,0.0,0.0
1988-11-03 00:00:00-05:00,1.298837783655134,1.298837783655134,1.2646582126617434,1.2646582126617432,336182,0.0,0.0
1988-11-04 00:00:00-05:00,1.2817479890309242,1.36719810962677,1.2646582036559277,1.36719810962677,3602417,0.0,0.0
1988-11-07 00:00:00-05:00,1.36719810962677,1.3842878950017665,1.3330179420163453,1.36719810962677,819214,0.0,0.0
1988-11-08 00:00:00-05:00,1.3501078934567492,1.4355579051909955,1.3501078934567492,1.4184681177139282,1319824,0.0,0.0
1988-11-09 00:00:00-05:00,1.4184684234031752,1.4697383937438975,1.3842883635946093,1.4013781547546387,1925537,0.0,0.0
1988-11-10 00:00:00-05:00,1.4184681110483088,1.4526478052139284,1.3842880587663877,1.4526478052139282,1392700,0.0,0.0
1988-11-11 00:00:00-05:00,1.4184679432401048,1.4184679432401048,1.3501077273913418,1.36719810962677,1443970,0.0,0.0
1988-11-14 00:00:00-05:00,1.401377748647126,1.401377748647126,1.3159282207489014,1.3159282207489014,665771,0.0,0.0
1988-11-15 00:00:00-05:00,1.3159287153718995,1.3330185080030559,1.2646587406177452,1.2817485332489014,640503,0.0,0.0
1988-11-16 00:00:00-05:00,1.2988383769989014,1.3159287671633755,1.281748583695136,1.2988383769989014,938965,0.0,0.0
1988-11-17 00:00:00-05:00,1.3159282207489014,1.3159282207489014,1.2988378376808876,1.3159282207489014,363647,0.0,0.0
1988-11-18 00:00:00-05:00,1.3159282207489014,1.3330180069564541,1.2988378376808876,1.3159282207489014,299194,0.0,0.0
1988-11-21 00:00:00-05:00,1.333018560467141,1.333018560467141,1.2646587903913704,1.2988383769989014,282349,0.0,0.0
1988-11-22 00:00:00-05:00,1.2988383258800578,1.3159287153718995,1.2817485332489016,1.2817485332489014,595459,0.0,0.0
1988-11-23 00:00:00-05:00,1.2646582126617434,1.2817479981584385,1.2304781641800038,1.2646582126617432,369873,0.0,0.0
1988-11-25 00:00:00-05:00,1.2475675344467163,1.2475675344467163,1.230477754638041,1.2475675344467163,230713,0.0,0.0
1988-11-28 00:00:00-05:00,1.2475679496766992,1.2646582126617434,1.2304781641800038,1.2646582126617432,381226,0.0,0.0
1988-11-29 00:00:00-05:00,1.264658093588109,1.264658093588109,1.2133881450648991,1.230478048324585,299561,0.0,0.0
1988-11-30 00:00:00-05:00,1.2475675344467163,1.2475675344467163,1.213387855457318,1.2475675344467163,358154,0.0,0.0
1988-12-01 00:00:00-05:00,1.2475675344467163,1.2646577917435817,1.230477754638041,1.2475675344467163,549316,0.0,0.0
1988-12-02 00:00:00-05:00,1.2304781641800038,1.2646582126617434,1.2304781641800038,1.2646582126617432,552246,0.0,0.0
1988-12-05 00:00:00-05:00,1.2646587406177452,1.2988383258800578,1.2475684704980405,1.2817485332489014,562500,0.0,0.0
1988-12-06 00:00:00-05:00,1.2646587406177452,1.2817485332489016,1.2646587406177452,1.2817485332489014,177612,0.0,0.0
1988-12-07 00:00:00-05:00,1.2817479981584385,1.2817479981584385,1.2475679496766992,1.2646582126617432,233276,0.0,0.0
1988-12-08 00:00:00-05:00,1.2475675344467163,1.2646577917435817,1.2475675344467163,1.2475675344467163,195557,0.0,0.0
1988-12-09 00:00:00-05:00,1.2475679496766992,1.2646582126617434,1.2475679496766992,1.2646582126617432,125977,0.0,0.0
1988-12-12 00:00:00-05:00,1.264658093588109,1.264658093588109,1.2304780483245852,1.230478048324585,170288,0.0,0.0
1988-12-13 00:00:00-05:00,1.2475688270695313,1.2475688270695313,1.179209040146099,1.1962988376617432,440552,0.0,0.0
1988-12-14 00:00:00-05:00,1.1962984124815212,1.230478592225579,1.1962984124815212,1.2133886814117432,342407,0.0,0.0
1988-12-15 00:00:00-05:00,1.2133881450648991,1.247567832212195,1.196297883688985,1.230478048324585,392944,0.0,0.0
1988-12-16 00:00:00-05:00,1.2133882593112213,1.2817479981584385,1.2133882593112213,1.2646582126617432,431396,0.0,0.0
1988-12-19 00:00:00-05:00,1.281748583695136,1.2988383769989014,1.2646587903913704,1.2988383769989014,488525,0.0,0.0
1988-12-20 00:00:00-05:00,1.2988376613633292,1.2988376613633292,1.2304780483245852,1.230478048324585,313843,0.0,0.0
1988-12-21 00:00:00-05:00,1.247567832212195,1.264658093588109,1.2304780483245852,1.230478048324585,280151,0.0,0.0
1988-12-22 00:00:00-05:00,1.247567832212195,1.264658093588109,1.2304780483245852,1.230478048324585,201416,0.0,0.0
1988-12-23 00:00:00-05:00,1.2475684704980405,1.2988383258800578,1.2304786778668841,1.2817485332489014,343140,0.0,0.0
1988-12-27 00:00:00-05:00,1.2817479981584385,1.298837783655134,1.2646582126617434,1.2646582126617432,334351,0.0,0.0
1988-12-28 00:00:00-05:00,1.2646582126617434,1.2817479981584385,1.2475679496766992,1.2646582126617432,306152,0.0,0.0
1988-12-29 00:00:00-05:00,1.2646587903913704,1.2988383769989014,1.2646587903913704,1.2988383769989014,348999,0.0,0.0
1988-12-30 00:00:00-05:00,1.281748583695136,1.3159287671633755,1.2646587903913704,1.2988383769989014,405396,0.0,0.0
1989-01-03 00:00:00-05:00,1.2988378376808876,1.3159282207489014,1.2817480514733348,1.3159282207489014,207275,0.0,0.0
1989-01-04 00:00:00-05:00,1.298838052878858,1.384288191795349,1.298838052878858,1.3842881917953491,982544,0.0,0.0
1989-01-05 00:00:00-05:00,1.3842878950017665,1.3842878950017665,1.3501077273913418,1.36719810962677,623657,0.0,0.0
1989-01-06 00:00:00-05:00,1.3671979306188085,1.3671979306188085,1.3330177674836108,1.3501075506210327,434326,0.0,0.0
1989-01-09 00:00:00-05:00,1.3501075506210327,1.3671979306188085,1.3330177674836108,1.3501075506210327,229248,0.0,0.0
1989-01-10 00:00:00-05:00,1.4013778527484566,1.4355579051909955,1.4013778527484566,1.4184681177139282,2034668,0.0,0.0
1989-01-11 00:00:00-05:00,1.4184684234031752,1.4355582145632046,1.3842883635946093,1.4013781547546387,871216,0.0,0.0
1989-01-12 00:00:00-05:00,1.4013781547546387,1.4184684234031752,1.3842883635946093,1.4013781547546387,574585,0.0,0.0
1989-01-13 00:00:00-05:00,1.4013778527484566,1.418468117713928,1.3842880652713891,1.4184681177139282,308350,0.0,0.0
1989-01-16 00:00:00-05:00,1.418468117713928,1.418468117713928,1.3842880652713891,1.4184681177139282,372070,0.0,0.0
1989-01-17 00:00:00-05:00,1.4184684234031752,1.4184684234031752,1.3842883635946093,1.4013781547546387,483765,0.0,0.0
1989-01-18 00:00:00-05:00,1.4184682911070994,1.452647989611452,1.3842882344863998,1.4355580806732178,740112,0.0,0.0
1989-01-19 00:00:00-05:00,1.4355582145632046,1.4355582145632046,1.4013781547546387,1.4013781547546387,244995,0.0,0.0
1989-01-20 00:00:00-05:00,1.384288191795349,1.4013779808344233,1.3671984027562747,1.3842881917953491,444580,0.0,0.0
1989-01-23 00:00:00-05:00,1.4013774968936523,1.4184677575193572,1.3330177674836108,1.3501075506210327,754028,0.0,0.0
1989-01-24 00:00:00-05:00,1.36719810962677,1.3842878950017665,1.3501077273913418,1.36719810962677,319702,0.0,0.0
1989-01-25 00:00:00-05:00,1.3842883635946093,1.4184684234031752,1.3671985724345799,1.4013781547546387,380127,0.0,0.0
1989-01-26 00:00:00-05:00,1.3842883635946093,1.4013781547546387,1.3671985724345799,1.4013781547546387,202881,0.0,0.0
1989-01-27 00:00:00-05:00,1.4013781547546387,1.4184684234031752,1.3842883635946093,1.4013781547546387,626587,0.0,0.0
1989-01-30 00:00:00-05:00,1.4184682911070994,1.452647989611452,1.4184682911070994,1.4355580806732178,619995,0.0,0.0
1989-01-31 00:00:00-05:00,1.435558080673218,1.469738256666033,1.4184682911070994,1.4355580806732178,439087,0.0,0.0
1989-02-01 00:00:00-05:00,1.4355579051909955,1.4355579051909955,1.418468117713928,1.4184681177139282,373535,0.0,0.0
1989-02-02 00:00:00-05:00,1.435558080673218,1.435558080673218,1.4184682911070994,1.4355580806732178,312012,0.0,0.0
1989-02-03 00:00:00-05:00,1.4184682911070994,1.452647989611452,1.4013780240525184,1.4355580806732178,403198,0.0,0.0
1989-02-06 00:00:00-05:00,1.4184682473619454,1.4184682473619454,1.3671984027562747,1.3842881917953491,341675,0.0,0.0
1989-02-07 00:00:00-05:00,1.3842882344863998,1.435558080673218,1.3842882344863998,1.4355580806732178,574219,0.0,0.0
1989-02-08 00:00:00-05:00,1.4355578984450683,1.4526478052139284,1.4184681110483088,1.4526478052139282,505371,0.0,0.0
1989-02-09 00:00:00-05:00,1.4355579051909955,1.4355579051909955,1.418468117713928,1.4184681177139282,207275,0.0,0.0
1989-02-10 00:00:00-05:00,1.4013776803767628,1.4184679432401048,1.36719810962677,1.36719810962677,263306,0.0,0.0
1989-02-13 00:00:00-05:00,1.3671984027562747,1.384288191795349,1.3671984027562747,1.3842881917953491,380859,0.0,0.0
1989-02-14 00:00:00-05:00,1.3842879989513845,1.4697380065917969,1.3842879989513845,1.4697380065917969,1750122,0.0,0.0
1989-02-15 00:00:00-05:00,1.4526478120401638,1.4526478120401638,1.4013778527484566,1.4184681177139282,275391,0.0,0.0
1989-02-16 00:00:00-05:00,1.4013778461631472,1.4697380700990899,1.3842880587663877,1.4526478052139282,560303,0.0,0.0
1989-02-17 00:00:00-05:00,1.4355578364146984,1.4868277932501077,1.4355578364146984,1.4697380065917969,1772827,0.0,0.0
1989-02-21 00:00:00-05:00,1.4697388879008473,1.4868286848068237,1.4526486135062031,1.4868286848068237,601318,0.0,0.0
1989-02-22 00:00:00-05:00,1.4697380700990899,1.4697380700990899,1.4184681110483088,1.4526478052139282,949951,0.0,0.0
1989-02-23 00:00:00-05:00,1.435558080673218,1.435558080673218,1.4184682911070994,1.4355580806732178,395508,0.0,0.0
1989-02-24 00:00:00-05:00,1.4184682473619454,1.4184682473619454,1.3501080168566406,1.3842881917953491,1174805,0.0,0.0
1989-02-27 00:00:00-05:00,1.384288191795349,1.4013779808344233,1.3671984027562747,1.3842881917953491,779297,0.0,0.0
1989-02-28 00:00:00-05:00,1.4013781547546387,1.4013781547546387,1.3671985724345799,1.4013781547546387,1007446,0.0,0.0
1989-03-01 00:00:00-05:00,1.4184684234031752,1.4355582145632046,1.3671985724345799,1.4013781547546387,466919,0.0,0.0
1989-03-02 00:00:00-05:00,1.4013781547546387,1.4013781547546387,1.3842883635946093,1.4013781547546387,206177,0.0,0.0
1989-03-03 00:00:00-05:00,1.4013781547546387,1.4013781547546387,1.3842883635946093,1.4013781547546387,360352,0.0,0.0
1989-03-06 00:00:00-05:00,1.4013779808344233,1.4013779808344233,1.384288191795349,1.3842881917953491,209839,0.0,0.0
1989-03-07 00:00:00-05:00,1.3842883635946093,1.4184684234031752,1.3842883635946093,1.4013781547546387,484497,0.0,0.0
1989-03-08 00:00:00-05:00,1.4184684234031752,1.452648125095361,1.4013781547546387,1.4013781547546387,533203,0.0,0.0
1989-03-09 00:00:00-05:00,1.4184684234031752,1.4184684234031752,1.4013781547546387,1.4013781547546387,439087,0.0,0.0
1989-03-10 00:00:00-05:00,1.4013780240525184,1.452647989611452,1.4013780240525184,1.4355580806732178,808228,0.0,0.0
1989-03-13 00:00:00-05:00,1.4355586972280596,1.5039184817128002,1.4355586972280596,1.4868286848068237,1594482,0.0,0.0
1989-03-14 00:00:00-05:00,1.503917906163455,1.5722781419754028,1.486828115797741,1.5722781419754028,2451050,0.0,0.0
1989-03-15 00:00:00-05:00,1.5722776049872136,1.6064572934171955,1.5039173925226865,1.5893675088882446,2323242,0.0,0.0
1989-03-16 00:00:00-05:00,1.5893676854204093,1.6235477357630343,1.5893676854204093,1.6064574718475342,1279541,0.0,0.0
1989-03-17 00:00:00-05:00,1.5380980837554896,1.6064578420789524,1.5380980837554896,1.5722781419754028,1408081,0.0,0.0
1989-03-20 00:00:00-05:00,1.5722781419754028,1.5722781419754028,1.5551878741212037,1.5722781419754028,662842,0.0,0.0
1989-03-21 00:00:00-05:00,1.5722773655471263,1.5722773655471263,1.5551871061325073,1.5551871061325073,454102,0.0,0.0
1989-03-22 00:00:00-05:00,1.555187342969941,1.5893675088882449,1.5210077739120396,1.5893675088882446,797241,0.0,0.0
1989-03-23 00:00:00-05:00,1.5722776049872136,1.6064572934171955,1.5722776049872136,1.5893675088882446,593262,0.0,0.0
1989-03-27 00:00:00-05:00,1.5722776049872136,1.5893675088882449,1.555187342969941,1.5893675088882446,254150,0.0,0.0
1989-03-28 00:00:00-05:00,1.5893676854204093,1.6406375221901595,1.5722777796211904,1.6064574718475342,786621,0.0,0.0
1989-03-29 00:00:00-05:00,1.6064574066638895,1.6577273607254028,1.6064574066638895,1.6577273607254028,682251,0.0,0.0
1989-03-30 00:00:00-05:00,1.6577269989783556,1.6577269989783556,1.623547315597534,1.6235473155975342,505737,0.0,0.0
1989-03-31 00:00:00-05:00,1.623547315597534,1.6406370976019133,1.623547315597534,1.6235473155975342,308350,0.0,0.0
1989-04-03 00:00:00-04:00,1.6235482024727566,1.640637993812561,1.60645793364444,1.640637993812561,319702,0.0,0.0
1989-04-04 00:00:00-04:00,1.623547315597534,1.6406370976019133,1.5039171703579983,1.6235473155975342,485229,0.0,0.0
1989-04-05 00:00:00-04:00,1.623547315597534,1.6406370976019133,1.623547315597534,1.6235473155975342,188965,0.0,0.0
1989-04-06 00:00:00-04:00,1.6235474374272023,1.7089969507214748,1.6064571766521323,1.6919071674346924,889160,0.0,0.0
1989-04-07 00:00:00-04:00,1.6919073426993787,1.760267079788254,1.6919073426993787,1.7431772947311401,1036743,0.0,0.0
1989-04-10 00:00:00-04:00,1.7431775889580599,1.7773576423297959,1.7260878010164002,1.7602673768997192,1149170,0.0,0.0
1989-04-11 00:00:00-04:00,1.7431772947311404,1.794447246762902,1.7260875096740267,1.7431772947311401,1033447,0.0,0.0
1989-04-12 00:00:00-04:00,1.7260875701904297,1.743177355846709,1.7089971876737087,1.7260875701904297,428467,0.0,0.0
1989-04-13 00:00:00-04:00,1.7089974880218506,1.726087873542125,1.6919076993621225,1.7089974880218506,418213,0.0,0.0
1989-04-14 00:00:00-04:00,1.7089971876737087,1.7260875701904297,1.7089971876737087,1.7260875701904297,251587,0.0,0.0
1989-04-17 00:00:00-04:00,1.7089971876737087,1.7260875701904297,1.6919074020174294,1.7260875701904297,251953,0.0,0.0
1989-04-18 00:00:00-04:00,1.743177355846709,1.7602671415029882,1.7260875701904297,1.7260875701904297,637939,0.0,0.0
1989-04-19 00:00:00-04:00,1.7089972400012734,1.7773574590682981,1.691907453821724,1.7773574590682983,763550,0.0,0.0
1989-04-20 00:00:00-04:00,1.7602671415029882,1.7773574046476208,1.7260875701904297,1.7260875701904297,212036,0.0,0.0
1989-04-21 00:00:00-04:00,1.743177662201853,1.743177662201853,1.6919076993621225,1.7089974880218506,368408,0.0,0.0
1989-04-24 00:00:00-04:00,1.726087873542125,1.726087873542125,1.6748179107023946,1.7089974880218506,225586,0.0,0.0
1989-04-25 00:00:00-04:00,1.6919079493343916,1.7089977405190642,1.674818158149719,1.6748181581497192,143188,0.0,0.0
1989-04-26 00:00:00-04:00,1.6748173841479095,1.6919071674346922,1.640637220713985,1.6919071674346924,589233,0.0,0.0
1989-04-27 00:00:00-04:00,1.726087873542125,1.726087873542125,1.6919076993621225,1.7089974880218506,444946,0.0,0.0
1989-04-28 00:00:00-04:00,1.7089974880218506,1.7089974880218506,1.6919076993621225,1.7089974880218506,243896,0.0,0.0
1989-05-01 00:00:00-04:00,1.6919074020174294,1.7260875701904297,1.6748176163611501,1.7260875701904297,613037,0.0,0.0
1989-05-02 00:00:00-04:00,1.7089974880218506,1.743177662201853,1.7089974880218506,1.7089974880218506,166260,0.0,0.0
1989-05-03 00:00:00-04:00,1.6919071674346922,1.7089969507214748,1.6577271233728395,1.6919071674346924,264771,0.0,0.0
1989-05-04 00:00:00-04:00,1.674818158149719,1.6919079493343916,1.674818158149719,1.6748181581497192,172485,0.0,0.0
1989-05-05 00:00:00-04:00,1.6919076993621225,1.743177662201853,1.6919076993621225,1.7089974880218506,271362,0.0,0.0
1989-05-08 00:00:00-04:00,1.7089969507214748,1.7089969507214748,1.6577271233728395,1.6919071674346924,208740,0.0,0.0
1989-05-09 00:00:00-04:00,1.674817623947448,1.6919074096811375,1.6577273607254028,1.6577273607254028,262573,0.0,0.0
1989-05-10 00:00:00-04:00,1.674818158149719,1.6919079493343916,1.6577278894765386,1.6748181581497192,212036,0.0,0.0
1989-05-11 00:00:00-04:00,1.6748176676421749,1.7944473646199395,1.6406374984226164,1.7773574590682983,2539307,0.0,0.0
1989-05-12 00:00:00-04:00,1.8115378936508284,1.8798981407501132,1.7944481004633244,1.8628077507019043,1327515,0.0,0.0
1989-05-15 00:00:00-04:00,1.8628072638984239,1.91407722692337,1.8457174751769583,1.8969874382019043,1070068,0.0,0.0
1989-05-16 00:00:00-04:00,1.91407722692337,1.91407722692337,1.8628072638984239,1.8969874382019043,605347,0.0,0.0
1989-05-17 00:00:00-04:00,1.8798976494804385,1.8969874382019043,1.8628072638984239,1.8969874382019043,209106,0.0,0.0
1989-05-18 00:00:00-04:00,1.8969874382019043,1.91407722692337,1.8798976494804385,1.8969874382019043,283447,0.0,0.0
1989-05-19 00:00:00-04:00,1.9140763282775881,1.9311667058357869,1.8969865475796577,1.914076328277588,431763,0.0,0.0
1989-05-22 00:00:00-04:00,1.8969874382019043,1.9311676125053845,1.8798976494804385,1.8969874382019043,318970,0.0,0.0
1989-05-23 00:00:00-04:00,1.896987382673116,1.914077170894328,1.8798975944519043,1.8798975944519043,305054,0.0,0.0
1989-05-24 00:00:00-04:00,1.8628063893235287,1.9140763282775881,1.8457166086255985,1.914076328277588,459595,0.0,0.0
1989-05-25 00:00:00-04:00,1.9140763282775881,1.9311667058357869,1.8969865475796577,1.914076328277588,295898,0.0,0.0
1989-05-26 00:00:00-04:00,1.9140772170452478,1.9311676025390625,1.8969874284119785,1.9311676025390625,439087,0.0,0.0
1989-05-30 00:00:00-04:00,1.965347132418495,2.0166169745705558,1.8798975944519043,1.8798975944519043,652954,0.0,0.0
1989-05-31 00:00:00-04:00,1.8628063893235287,1.9140763282775881,1.8628063893235287,1.914076328277588,346436,0.0,0.0
1989-06-01 00:00:00-04:00,1.8969874382019043,1.91407722692337,1.8969874382019043,1.8969874382019043,304321,0.0,0.0
1989-06-02 00:00:00-04:00,1.8969874382019043,1.91407722692337,1.8798976494804385,1.8969874382019043,288208,0.0,0.0
1989-06-05 00:00:00-04:00,1.9140774964948877,1.9140774964948877,1.8115376753757804,1.8286279439926147,313477,0.0,0.0
1989-06-06 00:00:00-04:00,1.8115367910093456,1.8969867792846589,1.8115367910093456,1.8457168340682983,994263,0.0,0.0
1989-06-07 00:00:00-04:00,1.828627414467406,1.828627414467406,1.5893676623956008,1.7773574590682983,5587646,0.0,0.0
1989-06-08 00:00:00-04:00,1.7602673768997192,1.7602673768997192,1.7260878010164002,1.7602673768997192,1041870,0.0,0.0
1989-06-09 00:00:00-04:00,1.7602673768997192,1.7602673768997192,1.7260878010164002,1.7602673768997192,560669,0.0,0.0
1989-06-12 00:00:00-04:00,1.760267485591787,1.8286277159284352,1.7431776965948762,1.794447660446167,781494,0.0,0.0
1989-06-13 00:00:00-04:00,1.794447008224006,1.879896996499319,1.794447008224006,1.8457168340682983,807129,0.0,0.0
1989-06-14 00:00:00-04:00,1.8798976494804385,1.9311676125053845,1.8798976494804385,1.8969874382019043,799805,0.0,0.0
1989-06-15 00:00:00-04:00,1.9140763282775881,1.948256486533717,1.8969865475796577,1.914076328277588,906738,0.0,0.0
1989-06-16 00:00:00-04:00,1.9311678658218232,2.0166172981262207,1.9311678658218232,2.0166172981262207,770142,0.0,0.0
1989-06-19 00:00:00-04:00,2.0337078053221527,2.0507975962853315,1.9824377161998623,2.0166172981262207,603149,0.0,0.0
1989-06-20 00:00:00-04:00,1.9995271687813736,2.0337074611561246,1.9311675390087129,1.948257327079773,216797,0.0,0.0
1989-06-21 00:00:00-04:00,1.9482579103608344,1.9482579103608344,1.8457179575144005,1.8628077507019043,446045,0.0,0.0
1989-06-22 00:00:00-04:00,1.862807209370161,1.914077170894328,1.862807209370161,1.8798975944519043,292603,0.0,0.0
1989-06-23 00:00:00-04:00,1.9140769710075773,1.9995269775390627,1.8798973981345208,1.9995269775390625,850708,0.0,0.0
1989-06-26 00:00:00-04:00,1.9995269197315144,2.016616705673967,1.948257084415797,1.9824371337890625,326660,0.0,0.0
1989-06-27 00:00:00-04:00,1.9653471151508328,1.9653471151508328,1.879897577935007,1.948257327079773,643799,0.0,0.0
1989-06-28 00:00:00-04:00,1.9824377161998623,2.0337078053221527,1.9824377161998623,2.0166172981262207,731323,0.0,0.0
1989-06-29 00:00:00-04:00,1.9995263061157227,1.9995263061157227,1.9140763282775881,1.914076328277588,875610,0.0,0.0
1989-06-30 00:00:00-04:00,1.91407722692337,1.9311676125053845,1.8115374202455878,1.8969874382019043,587769,0.0,0.0
1989-07-03 00:00:00-04:00,1.8969874382019043,1.91407722692337,1.8969874382019043,1.8969874382019043,46143,0.0,0.0
1989-07-05 00:00:00-04:00,1.8798976397787093,1.9311676025390625,1.8628072542848946,1.9311676025390625,159668,0.0,0.0
1989-07-06 00:00:00-04:00,1.9311675390087129,1.9482573270797727,1.9311675390087129,1.948257327079773,207275,0.0,0.0
1989-07-07 00:00:00-04:00,1.965346927177631,1.9995269775390627,1.9482571407411027,1.9995269775390625,431763,0.0,0.0
1989-07-10 00:00:00-04:00,1.9824371911025345,1.9995269775390627,1.9824371911025345,1.9995269775390625,130737,0.0,0.0
1989-07-11 00:00:00-04:00,2.05079709883931,2.1020669367812204,2.05079709883931,2.084977149963379,1984497,0.0,0.0
1989-07-12 00:00:00-04:00,2.102067121929417,2.102067121929417,2.0678870677948,2.0678870677948,332153,0.0,0.0
1989-07-13 00:00:00-04:00,2.050796286119849,2.1191558837890625,2.050796286119849,2.1191558837890625,787720,0.0,0.0
1989-07-14 00:00:00-04:00,2.1362477367703043,2.1875178314292203,2.119157466473056,2.1704273223876953,965698,0.0,0.0
1989-07-17 00:00:00-04:00,2.1704268777167766,2.272966807282241,2.1533370884093888,2.2558770179748535,846680,0.0,0.0
1989-07-18 00:00:00-04:00,2.255876181816079,2.255876181816079,2.204606355409037,2.221696138381958,515625,0.0,0.0
1989-07-19 00:00:00-04:00,2.2216973970008063,2.3925974722442622,2.2216973970008063,2.32423734664917,1498535,0.0,0.0
1989-07-20 00:00:00-04:00,2.324236459514816,2.324236459514816,2.238786812624648,2.2729663848876953,1093872,0.0,0.0
1989-07-21 00:00:00-04:00,2.2558775316781423,2.2558775316781423,2.1875178813934326,2.1875178813934326,794678,0.0,0.0
1989-07-24 00:00:00-04:00,2.1875178314292203,2.204607624237916,2.1704273223876953,2.1704273223876953,511597,0.0,0.0
1989-07-25 00:00:00-04:00,2.2216970668746776,2.290057182312012,2.204607276759583,2.2900571823120117,1695923,0.0,0.0
1989-07-26 00:00:00-04:00,2.2729653233436613,2.324235374026107,2.2558755451935846,2.307145357131958,884766,0.0,0.0
1989-07-27 00:00:00-04:00,2.307146434639109,2.307146434639109,2.2558765987561715,2.2729663848876953,584106,0.0,0.0
1989-07-28 00:00:00-04:00,2.255876242401009,2.290056286753086,2.2387864589691158,2.238786458969116,343506,0.0,0.0
1989-07-31 00:00:00-04:00,2.238787667143854,2.3413276167922175,2.238787667143854,2.32423734664917,784790,0.0,0.0
1989-08-01 00:00:00-04:00,2.3584174094467163,2.3755072021012147,2.307147315250397,2.32423734664917,864990,0.0,0.0
1989-08-02 00:00:00-04:00,2.341326770832334,2.375506343791689,2.3071464816404146,2.3584165573120117,1155029,0.0,0.0
1989-08-03 00:00:00-04:00,2.375506285685313,2.375506285685313,2.3242364500119965,2.3413267135620117,784058,0.0,0.0
1989-08-04 00:00:00-04:00,2.358417242712637,2.4267768859863277,2.341327451266343,2.426776885986328,1345093,0.0,0.0
1989-08-07 00:00:00-04:00,2.4267758126414942,2.4609560966491704,2.409686028753884,2.46095609664917,590332,0.0,0.0
1989-08-08 00:00:00-04:00,2.4609560966491704,2.4609560966491704,2.4267758126414942,2.46095609664917,704590,0.0,0.0
1989-08-09 00:00:00-04:00,2.44386625289917,2.460956276781857,2.4267759902723136,2.44386625289917,1092407,0.0,0.0
1989-08-10 00:00:00-04:00,2.443867778964534,2.4780476093292236,2.443867778964534,2.4780476093292236,586670,0.0,0.0
1989-08-11 00:00:00-04:00,2.4780460619203746,2.4951363245472313,2.409686205133796,2.44386625289917,1310303,0.0,0.0
1989-08-14 00:00:00-04:00,2.4267762392254686,2.4438665036055465,2.3755064010620117,2.3755064010620117,337280,0.0,0.0
1989-08-15 00:00:00-04:00,2.375506343791689,2.409686394239421,2.341326770832334,2.3584165573120117,332886,0.0,0.0
1989-08-16 00:00:00-04:00,2.375506285685313,2.375506285685313,2.3413267135620117,2.3413267135620117,455566,0.0,0.0
1989-08-17 00:00:00-04:00,2.324235374026107,2.341325629664327,2.2900555789818817,2.307145357131958,595093,0.0,0.0
1989-08-18 00:00:00-04:00,2.307145357131958,2.307145357131958,2.2900555789818817,2.307145357131958,567627,0.0,0.0
1989-08-21 00:00:00-04:00,2.307146070184979,2.307146070184979,2.221696198048932,2.238786458969116,311646,0.0,0.0
1989-08-22 00:00:00-04:00,2.2387864589691158,2.255876242401009,2.221696198048932,2.238786458969116,368042,0.0,0.0
1989-08-23 00:00:00-04:00,2.238786858233328,2.3584165573120117,2.238786858233328,2.3584165573120117,411987,0.0,0.0
1989-08-24 00:00:00-04:00,2.358417242712637,2.4951372454927916,2.358417242712637,2.426776885986328,867920,0.0,0.0
1989-08-25 00:00:00-04:00,2.44386625289917,2.4951363245472313,2.44386625289917,2.44386625289917,656250,0.0,0.0
1989-08-28 00:00:00-04:00,2.4609557437865304,2.5122255655863723,2.426775464679773,2.49513578414917,362549,0.0,0.0
1989-08-29 00:00:00-04:00,2.4951366126808794,2.546406451505315,2.4951366126808794,2.5293161869049072,725830,0.0,0.0
1989-08-30 00:00:00-04:00,2.512226219809821,2.5805858408487916,2.512226219809821,2.5464062690734863,500244,0.0,0.0
1989-08-31 00:00:00-04:00,2.529316638054042,2.5976769924163823,2.529316638054042,2.597676992416382,556274,0.0,0.0
1989-09-01 00:00:00-04:00,2.580586357340842,2.6660364976024433,2.580586357340842,2.6318564414978027,713379,0.0,0.0
1989-09-05 00:00:00-04:00,2.631856441497803,2.631856441497803,2.597676862881618,2.6318564414978027,279419,0.0,0.0
1989-09-06 00:00:00-04:00,2.5976773679929384,2.5976773679929384,2.5122272111157855,2.5634970664978027,528442,0.0,0.0
1989-09-07 00:00:00-04:00,2.5805866718292236,2.6147669708435424,2.563496880438449,2.5805866718292236,562134,0.0,0.0
1989-09-08 00:00:00-04:00,2.5976773679929384,2.5976773679929384,2.5464072738666466,2.5634970664978027,457031,0.0,0.0
1989-09-11 00:00:00-04:00,2.5634956942549554,2.5634956942549554,2.512225866317749,2.512225866317749,281982,0.0,0.0
1989-09-12 00:00:00-04:00,2.512226399792893,2.546406451505315,2.512226399792893,2.5293161869049072,232910,0.0,0.0
1989-09-13 00:00:00-04:00,2.5464072738666466,2.5976773679929384,2.529317003746942,2.5634970664978027,966431,0.0,0.0
1989-09-14 00:00:00-04:00,2.563497066497803,2.5805868591289594,2.5464072738666466,2.5634970664978027,539795,0.0,0.0
1989-09-15 00:00:00-04:00,2.5464062690734863,2.563496054961139,2.5293160056974737,2.5464062690734863,844849,0.0,0.0
1989-09-18 00:00:00-04:00,2.563496880438449,2.5805866718292236,2.529316820168387,2.5805866718292236,395142,0.0,0.0
1989-09-19 00:00:00-04:00,2.5464067787246574,2.683126286910536,2.5464067787246574,2.6318564414978027,1069336,0.0,0.0
1989-09-20 00:00:00-04:00,2.6489462852478027,2.6660360718265927,2.5976764480230528,2.6489462852478027,416748,0.0,0.0
1989-09-21 00:00:00-04:00,2.6489466531407824,2.6660364420930494,2.6147665977478027,2.6147665977478027,441284,0.0,0.0
1989-09-22 00:00:00-04:00,2.631856762234317,2.631856762234317,2.5805866718292236,2.5805866718292236,614868,0.0,0.0
1989-09-25 00:00:00-04:00,2.5805860257293425,2.5976765290739476,2.4951366126808794,2.5293161869049072,1170410,0.0,0.0
1989-09-26 00:00:00-04:00,2.546406451505315,2.546406451505315,2.4951366126808794,2.5293161869049072,817749,0.0,0.0
1989-09-27 00:00:00-04:00,2.529316638054042,2.6147667825766674,2.5122268478937566,2.597676992416382,717041,0.0,0.0
1989-09-28 00:00:00-04:00,2.6318563867000697,2.6318563867000697,2.5976768087955358,2.6147665977478027,1139648,0.0,0.0
1989-09-29 00:00:00-04:00,2.6147669708435424,2.6489470311136047,2.563496880438449,2.5805866718292236,904907,0.0,0.0
1989-10-02 00:00:00-04:00,2.5976765037283402,2.6660361289978027,2.580586000550488,2.6660361289978027,766846,0.0,0.0
1989-10-03 00:00:00-04:00,2.666036349901328,2.7514864854289054,2.666036349901328,2.734395980834961,1244019,0.0,0.0
1989-10-04 00:00:00-04:00,2.7173068523406982,2.7514871535962406,2.683126789829428,2.7173068523406982,1031250,0.0,0.0
1989-10-05 00:00:00-04:00,2.7173068523406982,2.734396644852061,2.683126789829428,2.7173068523406982,1404053,0.0,0.0
1989-10-06 00:00:00-04:00,2.7343946614728205,2.785664718051251,2.7002151012420654,2.7002151012420654,1008911,0.0,0.0
1989-10-09 00:00:00-04:00,2.700216180376729,2.700216180376729,2.6660361289978027,2.6660361289978027,265137,0.0,0.0
1989-10-10 00:00:00-04:00,2.683125858405383,2.7343956956301327,2.6489462852478027,2.6489462852478027,701660,0.0,0.0
1989-10-11 00:00:00-04:00,2.6489462852478027,2.683125858405383,2.631856021180633,2.6489462852478027,484497,0.0,0.0
1989-10-12 00:00:00-04:00,2.6660360718265927,2.6660360718265927,2.614766234601843,2.6489462852478027,281250,0.0,0.0
1989-10-13 00:00:00-04:00,2.6660361206394523,2.6831259075311418,2.3242365628985544,2.3755064010620117,1546875,0.0,0.0
1989-10-16 00:00:00-04:00,2.255876358546918,2.443866134673881,2.2216963124350495,2.4096860885620117,2460937,0.0,0.0
1989-10-17 00:00:00-04:00,2.426776180719098,2.426776180719098,2.341326770832334,2.3584165573120117,642700,0.0,0.0
1989-10-18 00:00:00-04:00,2.3413263602790124,2.5293156498007203,2.3413263602790124,2.512225866317749,1897339,0.0,0.0
1989-10-19 00:00:00-04:00,2.5464054089949726,2.751485157820496,2.5464054089949726,2.7002151012420654,4167847,0.0,0.0
1989-10-20 00:00:00-04:00,2.7002170598293356,2.7173068523406982,2.666036997318066,2.7173068523406982,653687,0.0,0.0
1989-10-23 00:00:00-04:00,2.7002166159928778,2.854026394523229,2.7002166159928778,2.8027565479278564,1473633,0.0,0.0
1989-10-24 00:00:00-04:00,2.7514864854289054,2.7514864854289054,2.6147665073289965,2.734395980834961,1946045,0.0,0.0
1989-10-25 00:00:00-04:00,2.734395980834961,2.7514864854289054,2.71730619247366,2.734395980834961,723633,0.0,0.0
1989-10-26 00:00:00-04:00,2.734395754267265,2.734395754267265,2.6489463420525343,2.6660361289978027,879272,0.0,0.0
1989-10-27 00:00:00-04:00,2.666036630546003,2.666036630546003,2.580586486023378,2.597676992416382,630249,0.0,0.0
1989-10-30 00:00:00-05:00,2.5976768087955358,2.6318563867000697,2.5805863036106005,2.6147665977478027,272461,0.0,0.0
1989-10-31 00:00:00-05:00,2.6318560776188766,2.6660361289978027,2.6318560776188766,2.6660361289978027,875244,0.0,0.0
1989-11-01 00:00:00-05:00,2.700216957354864,2.7173067492176615,2.666036896140743,2.68312668800354,541992,0.0,0.0
1989-11-02 00:00:00-05:00,2.683124843638489,2.717304881357443,2.683124843638489,2.7002151012420654,387817,0.0,0.0
1989-11-03 00:00:00-05:00,2.6660360718265927,2.683125858405383,2.631856021180633,2.6489462852478027,514893,0.0,0.0
1989-11-06 00:00:00-05:00,2.6489466531407824,2.6660364420930494,2.5805863036106005,2.6147665977478027,602051,0.0,0.0
1989-11-07 00:00:00-05:00,2.6147666521897106,2.631856441497803,2.56349656803275,2.6318564414978027,614868,0.0,0.0
1989-11-08 00:00:00-05:00,2.631856762234317,2.6831266138951535,2.5805866718292236,2.5805866718292236,558472,0.0,0.0
1989-11-09 00:00:00-05:00,2.5805851688234163,2.5976756664929717,2.426775464679773,2.49513578414917,1645020,0.0,0.0
1989-11-10 00:00:00-05:00,2.512225866317749,2.5464059107719845,2.4951360828347777,2.512225866317749,602051,0.0,0.0
1989-11-13 00:00:00-05:00,2.4951363245472313,2.512226109685749,2.4267759902723136,2.44386625289917,1036011,0.0,0.0
1989-11-14 00:00:00-05:00,2.460956469911018,2.460956469911018,2.290056695160737,2.3584165573120117,2811035,0.0,0.0
1989-11-15 00:00:00-05:00,2.375506042450143,2.4267758728737885,2.3584162581383668,2.4096860885620117,583740,0.0,0.0
1989-11-16 00:00:00-05:00,2.4267762705118385,2.5293161869049072,2.4267762705118385,2.5293161869049072,1222778,0.0,0.0
1989-11-17 00:00:00-05:00,2.5293153470235743,2.5293153470235743,2.4780455252237323,2.49513578414917,177612,0.0,0.0
1989-11-20 00:00:00-05:00,2.5122270369390853,2.529316828385379,2.4267768859863277,2.426776885986328,1622314,0.0,0.0
1989-11-21 00:00:00-05:00,2.4267762392254686,2.4267762392254686,2.3242365628985544,2.3755064010620117,433228,0.0,0.0
1989-11-22 00:00:00-05:00,2.409687709550085,2.409687709550085,2.375507640445409,2.3925979137420654,284180,0.0,0.0
1989-11-24 00:00:00-05:00,2.409686452333779,2.409686452333779,2.3755064010620117,2.3755064010620117,493286,0.0,0.0
1989-11-27 00:00:00-05:00,2.3925963042502354,2.4096860885620117,2.375506042450143,2.4096860885620117,863525,0.0,0.0
1989-11-28 00:00:00-05:00,2.409686394239421,2.426776180719098,2.3584165573120117,2.3584165573120117,835327,0.0,0.0
1989-11-29 00:00:00-05:00,2.358417242712637,2.4267768859863277,2.358417242712637,2.426776885986328,1914551,0.0,0.0
1989-11-30 00:00:00-05:00,2.4438665036055465,2.4438665036055465,2.358416614170322,2.3755064010620117,632812,0.0,0.0
1989-12-01 00:00:00-05:00,2.375506343791689,2.375506343791689,2.341326770832334,2.3584165573120117,706421,0.0,0.0
1989-12-04 00:00:00-05:00,2.358417235050846,2.5805866718292236,2.2558772929849162,2.5805866718292236,13464111,0.0,0.0
1989-12-05 00:00:00-05:00,2.648947104277946,2.7173067492176615,2.6318568349266225,2.68312668800354,2306763,0.0,0.0
1989-12-06 00:00:00-05:00,2.700216688355053,2.700216688355053,2.5976769924163823,2.597676992416382,544556,0.0,0.0
1989-12-07 00:00:00-05:00,2.6147671606240945,2.6489472233749556,2.563497066497803,2.5634970664978027,952148,0.0,0.0
1989-12-08 00:00:00-05:00,2.5805863036106005,2.6147665977478027,2.5805863036106005,2.6147665977478027,687744,0.0,0.0
1989-12-11 00:00:00-05:00,2.614766014237702,2.614766014237702,2.4267759902723136,2.44386625289917,551880,0.0,0.0
1989-12-12 00:00:00-05:00,2.478045821863514,2.5293156498007203,2.4609560383805427,2.512225866317749,476440,0.0,0.0
1989-12-13 00:00:00-05:00,2.495136141912694,2.5122259258003043,2.443866074017408,2.46095609664917,625488,0.0,0.0
1989-12-14 00:00:00-05:00,2.44386625289917,2.44386625289917,2.358416372229904,2.44386625289917,942993,0.0,0.0
1989-12-15 00:00:00-05:00,2.460957813207098,2.460957813207098,2.3925979137420654,2.3925979137420654,1068237,0.0,0.0
1989-12-18 00:00:00-05:00,2.409686335296979,2.409686335296979,2.2729663755944975,2.3413267135620117,1618652,0.0,0.0
1989-12-19 00:00:00-05:00,2.3242362120264977,2.4096860885620117,2.3242362120264977,2.4096860885620117,866455,0.0,0.0
1989-12-20 00:00:00-05:00,2.409687094540034,2.4780469765579825,2.375507034158931,2.426776885986328,819214,0.0,0.0
1989-12-21 00:00:00-05:00,2.4951363245472313,2.4951363245472313,2.44386625289917,2.44386625289917,1152466,0.0,0.0
1989-12-22 00:00:00-05:00,2.4609565609684574,2.5293161869049072,2.443866535112247,2.5293161869049072,790283,0.0,0.0
1989-12-26 00:00:00-05:00,2.529317003746942,2.5976773679929384,2.529317003746942,2.5634970664978027,97046,0.0,0.0
1989-12-27 00:00:00-05:00,2.580586357340842,2.6489467082943507,2.56349656803275,2.6318564414978027,686646,0.0,0.0
1989-12-28 00:00:00-05:00,2.6318561196838295,2.751486301422119,2.614766332465415,2.751486301422119,1009644,0.0,0.0
1989-12-29 00:00:00-05:00,2.717304881357443,2.7685749379358735,2.7002151012420654,2.7002151012420654,361816,0.0,0.0
1990-01-02 00:00:00-05:00,2.7002170598293356,2.7685769461076033,2.666036997318066,2.7173068523406982,1010010,0.0,0.0
1990-01-03 00:00:00-05:00,2.700216553707084,2.7173063430151765,2.6147666521897106,2.6318564414978027,592529,0.0,0.0
1990-01-04 00:00:00-05:00,2.614767043063825,2.700216957354864,2.614767043063825,2.68312668800354,856201,0.0,0.0
1990-01-05 00:00:00-05:00,2.683125915943071,2.683125915943071,2.6147662906736087,2.6660361289978027,183105,0.0,0.0
1990-01-08 00:00:00-05:00,2.6489472048067033,2.7173068523406982,2.631856934806796,2.7173068523406982,350830,0.0,0.0
1990-01-09 00:00:00-05:00,2.7173059090513427,2.7173059090513427,2.6489462852478027,2.6489462852478027,507202,0.0,0.0
1990-01-10 00:00:00-05:00,2.6489462852478027,2.6660360718265927,2.614766234601843,2.6489462852478027,562500,0.0,0.0
1990-01-11 00:00:00-05:00,2.6660361289978027,2.700216180376729,2.6660361289978027,2.6660361289978027,159302,0.0,0.0
1990-01-12 00:00:00-05:00,2.63185591474429,2.63185591474429,2.5293160056974737,2.5464062690734863,535034,0.0,0.0
1990-01-15 00:00:00-05:00,2.4951372454927916,2.4951372454927916,2.409687094540034,2.426776885986328,556641,0.0,0.0
1990-01-16 00:00:00-05:00,2.409686483399825,2.5293161869049072,2.358416644575389,2.5293161869049072,598755,0.0,0.0
1990-01-17 00:00:00-05:00,2.4951378826280464,2.512227678438232,2.4609578135190384,2.4780476093292236,517456,0.0,0.0
1990-01-18 00:00:00-05:00,2.478045821863514,2.5293156498007203,2.4609560383805427,2.512225866317749,452637,0.0,0.0
1990-01-19 00:00:00-05:00,2.5122255655863723,2.631855229367376,2.4951357841491704,2.49513578414917,796875,0.0,0.0
1990-01-22 00:00:00-05:00,2.5122259258003043,2.5122259258003043,2.4609560966491704,2.46095609664917,467651,0.0,0.0
1990-01-23 00:00:00-05:00,2.4780459420415917,2.4780459420415917,2.3925963042502354,2.4096860885620117,878540,0.0,0.0
1990-01-24 00:00:00-05:00,2.375507640445409,2.409687709550085,2.255877876067681,2.3925979137420654,1454224,0.0,0.0
1990-01-25 00:00:00-05:00,2.392596665442089,2.409686452333779,2.3413268272786323,2.3755064010620117,381592,0.0,0.0
1990-01-26 00:00:00-05:00,2.3925979137420654,2.4267775053581038,2.375507640445409,2.3925979137420654,750366,0.0,0.0
1990-01-29 00:00:00-05:00,2.4096860885620117,2.4267758728737885,2.3925963042502354,2.4096860885620117,428467,0.0,0.0
1990-01-30 00:00:00-05:00,2.4096872648987606,2.4096872648987606,2.32423734664917,2.32423734664917,780396,0.0,0.0
1990-01-31 00:00:00-05:00,2.341326770832334,2.375506343791689,2.3242365068642803,2.3584165573120117,565430,0.0,0.0
1990-02-01 00:00:00-05:00,2.3584165573120117,2.375506343791689,2.3242365068642803,2.3584165573120117,297363,0.0,0.0
1990-02-02 00:00:00-05:00,2.3584178446373896,2.409687709550085,2.34132804882937,2.3925979137420654,336548,0.0,0.0
1990-02-05 00:00:00-05:00,2.375507640445409,2.4267775053581038,2.3584178446373896,2.3925979137420654,443848,0.0,0.0
1990-02-06 00:00:00-05:00,2.3755064010620117,2.392596665442089,2.358416614170322,2.3755064010620117,502075,0.0,0.0
1990-02-07 00:00:00-05:00,2.3584170652415106,2.5976769924163823,2.341327275081225,2.597676992416382,2590942,0.0,0.0
1990-02-08 00:00:00-05:00,2.5805860257293425,2.5976765290739476,2.5293161869049072,2.5293161869049072,1679077,0.0,0.0
1990-02-09 00:00:00-05:00,2.529316638054042,2.6147667825766674,2.529316638054042,2.597676992416382,745972,0.0,0.0
1990-02-12 00:00:00-05:00,2.5976765037283402,2.683125915943071,2.580586000550488,2.6660361289978027,948120,0.0,0.0
1990-02-13 00:00:00-05:00,2.6147671606240945,2.6318569532552507,2.5464072738666466,2.5634970664978027,750732,0.0,0.0
1990-02-14 00:00:00-05:00,2.5464072738666466,2.5976773679929384,2.5122272111157855,2.5634970664978027,1403320,0.0,0.0
1990-02-15 00:00:00-05:00,2.5634966958630923,2.648946840385718,2.5634966958630923,2.597676992416382,1577271,0.0,0.0
1990-02-16 00:00:00-05:00,2.6318569532552507,2.6489472233749556,2.563497066497803,2.5634970664978027,864624,0.0,0.0
1990-02-20 00:00:00-05:00,2.5293161869049072,2.546406451505315,2.512226399792893,2.5293161869049072,622192,0.0,0.0
1990-02-21 00:00:00-05:00,2.4609557437865304,2.5122255655863723,2.4609557437865304,2.49513578414917,603149,0.0,0.0
1990-02-22 00:00:00-05:00,2.495136141912694,2.529315709687914,2.4267758126414942,2.46095609664917,591797,0.0,0.0
1990-02-23 00:00:00-05:00,2.409687094540034,2.4780469765579825,2.409687094540034,2.426776885986328,1083984,0.0,0.0
1990-02-26 00:00:00-05:00,2.4267768859863277,2.4609571851116883,2.409687094540034,2.426776885986328,541992,0.0,0.0
1990-02-27 00:00:00-05:00,2.426775464679773,2.4951357841491704,2.4096856832425706,2.49513578414917,627686,0.0,0.0
1990-02-28 00:00:00-05:00,2.4951363245472313,2.4951363245472313,2.4267759902723136,2.44386625289917,413452,0.0,0.0
1990-03-01 00:00:00-05:00,2.4267758126414942,2.4609560966491704,2.409686028753884,2.46095609664917,601685,0.0,0.0
1990-03-02 00:00:00-05:00,2.4609578135190384,2.4951378826280464,2.4609578135190384,2.4780476093292236,771973,0.0,0.0
1990-03-05 00:00:00-05:00,2.4609560966491704,2.47804588053678,2.443866074017408,2.46095609664917,259277,0.0,0.0
1990-03-06 00:00:00-05:00,2.4780463480804715,2.5293161869049072,2.4609565609684574,2.5293161869049072,642334,0.0,0.0
1990-03-07 00:00:00-05:00,2.5122255655863723,2.546405605949012,2.4951357841491704,2.49513578414917,784058,0.0,0.0
1990-03-08 00:00:00-05:00,2.4951360828347777,2.5293156498007203,2.478045821863514,2.512225866317749,306885,0.0,0.0
1990-03-09 00:00:00-05:00,2.4951364339221684,2.5464062690734863,2.4951364339221684,2.5464062690734863,294800,0.0,0.0
1990-03-12 00:00:00-05:00,2.5464069057028067,2.5976769924163823,2.5122268478937566,2.597676992416382,435791,0.0,0.0
1990-03-13 00:00:00-05:00,2.563496054961139,2.5805858408487916,2.5293160056974737,2.5464062690734863,311646,0.0,0.0
1990-03-14 00:00:00-05:00,2.5464069057028067,2.5976769924163823,2.5464069057028067,2.597676992416382,699097,0.0,0.0
1990-03-15 00:00:00-05:00,2.5976765037283402,2.6660361289978027,2.5976765037283402,2.6660361289978027,1515015,0.0,0.0
1990-03-16 00:00:00-05:00,2.666036455635133,2.768576383590698,2.631856400068536,2.7685763835906982,1850098,0.0,0.0
1990-03-19 00:00:00-05:00,2.7343961216951747,2.8540263175964355,2.683126276481718,2.8540263175964355,1051392,0.0,0.0
1990-03-20 00:00:00-05:00,2.8540260088536256,2.9736557143251314,2.819845956579366,2.9052960872650146,2701172,0.0,0.0
1990-03-21 00:00:00-05:00,2.9052960872650146,2.922385874657943,2.888205822383684,2.9052960872650146,952515,0.0,0.0
1990-03-22 00:00:00-05:00,2.888205662920706,2.888205662920706,2.734395674922863,2.78566575050354,990601,0.0,0.0
1990-03-23 00:00:00-05:00,2.8027570086188733,2.8027570086188733,2.7173068523406982,2.7173068523406982,350830,0.0,0.0
1990-03-26 00:00:00-05:00,2.751486301422119,2.785665875858948,2.7343957979711093,2.751486301422119,349365,0.0,0.0
1990-03-27 00:00:00-05:00,2.734395980834961,2.7514864854289054,2.700216404112359,2.734395980834961,546021,0.0,0.0
1990-03-28 00:00:00-05:00,2.7685764164111903,2.8540263175964355,2.7514866271695224,2.8540263175964355,986206,0.0,0.0
1990-03-29 00:00:00-05:00,2.8540263717803174,2.8882061896567857,2.836936104725736,2.8711161613464355,666504,0.0,0.0
1990-03-30 00:00:00-05:00,2.871116161346436,2.8882061896567857,2.8540263717803174,2.8711161613464355,508667,0.0,0.0
1990-04-02 00:00:00-04:00,2.8882060799936378,2.8882060799936378,2.7343960697847787,2.8369359970092773,743042,0.0,0.0
1990-04-03 00:00:00-04:00,2.819845996854015,2.9907455444335938,2.802756209217,2.9907455444335938,1168945,0.0,0.0
1990-04-04 00:00:00-04:00,2.9736558661600903,3.0591060012088254,2.9736558661600903,3.024925947189331,1177002,0.0,0.0
1990-04-05 00:00:00-04:00,3.0249259471893315,3.076195789474359,3.007835920179584,3.024925947189331,629517,0.0,0.0
1990-04-06 00:00:00-04:00,3.0249254121706275,3.0591054601446945,2.9907451254523894,3.0078353881835938,997925,0.0,0.0
1990-04-09 00:00:00-04:00,3.0249254121706275,3.0249254121706275,3.0078353881835938,3.0078353881835938,212769,0.0,0.0
1990-04-10 00:00:00-04:00,3.024925663377874,3.024925663377874,2.9394755363464355,2.9394755363464355,474243,0.0,0.0
1990-04-11 00:00:00-04:00,2.9394758121405964,3.0591060012088254,2.9223860238750623,3.024925947189331,459229,0.0,0.0
1990-04-12 00:00:00-04:00,3.0078353881835938,3.04201519741349,2.9907451254523894,3.0078353881835938,235107,0.0,0.0
1990-04-16 00:00:00-04:00,3.0078353881835938,3.0249254121706275,3.0078353881835938,3.0078353881835938,326294,0.0,0.0
1990-04-17 00:00:00-04:00,2.9907451254523894,3.0249254121706275,2.9736553402095263,3.0078353881835938,223755,0.0,0.0
1990-04-18 00:00:00-04:00,3.0761961401588276,3.093285930372587,3.042016082242828,3.0591063499450684,1717163,0.0,0.0
1990-04-19 00:00:00-04:00,3.0078362630710687,3.1103761980748272,3.0078362630710687,3.0591063499450684,733154,0.0,0.0
1990-04-20 00:00:00-04:00,3.07619567633969,3.0932854639767045,2.9907455444335938,2.9907455444335938,1089844,0.0,0.0
1990-04-23 00:00:00-04:00,2.990745373821108,2.990745373821108,2.9394755363464355,2.9394755363464355,165527,0.0,0.0
1990-04-24 00:00:00-04:00,2.939476066537714,2.9907459132598935,2.939476066537714,2.956566333770752,143555,0.0,0.0
1990-04-25 00:00:00-04:00,2.9565662467675757,2.9565662467675757,2.8540263175964355,2.8540263175964355,309448,0.0,0.0
1990-04-26 00:00:00-04:00,2.854026263414953,2.854026263414953,2.802756419174815,2.8369359970092773,277954,0.0,0.0
1990-04-27 00:00:00-04:00,2.819846694115761,2.836936485978558,2.597677251201028,2.68312668800354,1010010,0.0,0.0
1990-04-30 00:00:00-04:00,2.683125838086374,2.802756014441287,2.683125838086374,2.78566575050354,718140,0.0,0.0
1990-05-01 00:00:00-04:00,2.8540262967339425,3.0249260978551824,2.8198462410120047,2.9223861694335938,1025391,0.0,0.0
1990-05-02 00:00:00-04:00,2.905295721749734,3.0078353881835938,2.905295721749734,3.0078353881835938,1419067,0.0,0.0
1990-05-03 00:00:00-04:00,3.0078362630710687,3.059106349945068,2.9907459953688287,3.0591063499450684,810059,0.0,0.0
1990-05-04 00:00:00-04:00,3.05910533235303,3.1787350177764897,3.007835262533695,3.1787350177764893,1201538,0.0,0.0
1990-05-07 00:00:00-04:00,3.161645233247539,3.1958248023054403,3.1445547324861054,3.1787350177764893,975586,0.0,0.0
1990-05-08 00:00:00-04:00,3.1616455837728683,3.247094993379549,3.1616455837728683,3.2129154205322266,765015,0.0,0.0
1990-05-09 00:00:00-04:00,3.2983657789649263,3.3496358692171078,3.247095927457001,3.281275987625122,893555,0.0,0.0
1990-05-10 00:00:00-04:00,3.2812743753425417,3.3154546574601413,3.2300045490264897,3.2300045490264893,1119873,0.0,0.0
1990-05-11 00:00:00-04:00,3.281274959828351,3.4350847049184154,3.2641851738415957,3.400904655456543,1767334,0.0,0.0
1990-05-14 00:00:00-04:00,3.41799545288086,3.4350852415373314,3.3838153980794794,3.4179954528808594,1576538,0.0,0.0
1990-05-15 00:00:00-04:00,3.4009046554565425,3.452174729649352,3.3838148694697874,3.400904655456543,603149,0.0,0.0
1990-05-16 00:00:00-04:00,3.3838148694697874,3.4179949189316603,3.3667250834830327,3.400904655456543,674194,0.0,0.0
1990-05-17 00:00:00-04:00,3.3496356010437007,3.3667258685037624,3.332545811072113,3.349635601043701,527344,0.0,0.0
1990-05-18 00:00:00-04:00,3.3496356539011125,3.36672592163086,3.298365566944594,3.3667259216308594,313477,0.0,0.0
1990-05-21 00:00:00-04:00,3.366725873201922,3.503445386886597,3.3496356057180114,3.5034453868865967,1261597,0.0,0.0
1990-05-22 00:00:00-04:00,3.5034446052630304,3.5718047049704866,3.4863548190803506,3.5547144412994385,1160522,0.0,0.0
1990-05-23 00:00:00-04:00,3.571805555721885,3.605985374972558,3.5034454397320576,3.520535707473755,693604,0.0,0.0
1990-05-24 00:00:00-04:00,3.5547148234780406,3.5547148234780406,3.4521751403808594,3.4521751403808594,310913,0.0,0.0
1990-05-25 00:00:00-04:00,3.4350841622180197,3.4350841622180197,3.366724551582602,3.3838143348693848,292603,0.0,0.0
1990-05-29 00:00:00-04:00,3.3838153980794794,3.4521752689380216,3.3838153980794794,3.4179954528808594,405396,0.0,0.0
1990-05-30 00:00:00-04:00,3.554713838946217,3.554713838946217,3.3838143348693843,3.3838143348693848,1063110,0.0,0.0
1990-05-31 00:00:00-04:00,3.349635067707055,3.383815119696478,3.3154554932060307,3.332545280456543,799072,0.0,0.0
1990-06-01 00:00:00-04:00,3.349635218539469,3.4521751403808594,3.349635218539469,3.4521751403808594,878906,0.0,0.0
1990-06-04 00:00:00-04:00,3.435084919908949,3.554714623024366,3.435084919908949,3.5376248359680176,718506,0.0,0.0
1990-06-05 00:00:00-04:00,3.5888949133696504,3.5888949133696504,3.4863549973105816,3.5376248359680176,1087280,0.0,0.0
1990-06-06 00:00:00-04:00,3.5205346370648445,3.537624422121958,3.4863545894622807,3.4863545894622803,736816,0.0,0.0
1990-06-07 00:00:00-04:00,3.486355323739402,3.5205353785407825,3.400905186735951,3.4179954528808594,266235,0.0,0.0
1990-06-08 00:00:00-04:00,3.4350849589364127,3.4350849589364127,3.2983649897229212,3.332545280456543,344604,0.0,0.0
1990-06-11 00:00:00-04:00,3.302429349363783,3.422206943782604,3.26820765760661,3.3708739280700684,553711,0.008192,0.0
1990-06-12 00:00:00-04:00,3.4222070283553068,3.524873301355948,3.387984857675628,3.4906511306762695,291870,0.0,0.0
1990-06-13 00:00:00-04:00,3.5590941715951594,3.6104274157536267,3.4906503241272135,3.5762054920196533,1436279,0.0,0.0
1990-06-14 00:00:00-04:00,3.541983704795689,3.541983704795689,3.439317444631627,3.4564285278320312,292603,0.0,0.0
1990-06-15 00:00:00-04:00,3.422207256709467,3.4393181041526706,3.319541215896606,3.3195412158966064,664673,0.0,0.0
1990-06-18 00:00:00-04:00,3.3195408685658636,3.3879847292540686,3.216874599456787,3.216874599456787,1047363,0.0,0.0
1990-06-19 00:00:00-04:00,3.285319485640164,3.3366527557373042,3.2168756035875616,3.3366527557373047,468018,0.0,0.0
1990-06-20 00:00:00-04:00,3.3366530094677387,3.353763861762827,3.1826536655426025,3.1826536655426025,839355,0.0,0.0
1990-06-21 00:00:00-04:00,3.216875349569286,3.387985519266117,3.216875349569286,3.3537633419036865,744507,0.0,0.0
1990-06-22 00:00:00-04:00,3.3708746696233423,3.439318546271322,3.3537633419036865,3.3537633419036865,532837,0.0,0.0
1990-06-25 00:00:00-04:00,3.387985519266117,3.405096368908892,3.3537633419036865,3.3537633419036865,238770,0.0,0.0
1990-06-26 00:00:00-04:00,3.33665206333981,3.38798508374624,3.3024296513381732,3.3195412158966064,266235,0.0,0.0
1990-06-27 00:00:00-04:00,3.3195412639681714,3.336652111659164,3.285318851470947,3.2853188514709473,404297,0.0,0.0
1990-06-28 00:00:00-04:00,3.3195405793438884,3.4564285278320312,3.302429018066756,3.4564285278320312,523315,0.0,0.0
1990-06-29 00:00:00-04:00,3.4564299078870473,3.4735412369578866,3.268208634646243,3.3366527557373047,2149658,0.0,0.0
1990-07-02 00:00:00-04:00,3.3366530263367316,3.3708752091768788,3.0115432455092472,3.0286543369293213,2105347,0.0,0.0
1990-07-03 00:00:00-04:00,2.9602096706554457,3.165542252188225,2.9602096706554457,3.079986810684204,4744263,0.0,0.0
1990-07-05 00:00:00-04:00,3.09709795383068,3.114209282793616,3.028654072209683,3.045764923095703,725830,0.0,0.0
1990-07-06 00:00:00-04:00,3.045764634082596,3.097097659946573,3.028653784820227,3.079986810684204,933472,0.0,0.0
1990-07-09 00:00:00-04:00,3.0970956853762277,3.1997619106872017,3.0970956853762277,3.1484286785125732,599121,0.0,0.0
1990-07-10 00:00:00-04:00,3.114208127010196,3.114208127010196,2.994430541992187,2.9944305419921875,1513916,0.0,0.0
1990-07-11 00:00:00-04:00,2.9430978298187256,2.977320000449415,2.87465372759574,2.9430978298187256,1886353,0.0,0.0
1990-07-12 00:00:00-04:00,3.011540776495079,3.1484286785125732,3.011540776495079,3.1484286785125732,2457642,0.0,0.0
1990-07-13 00:00:00-04:00,3.1484299953484753,3.1484299953484753,2.8575427532196045,2.8575427532196045,3315674,0.0,0.0
1990-07-16 00:00:00-04:00,2.9088761521354773,3.1142084598541255,2.9088761521354773,3.114208459854126,2110107,0.0,0.0
1990-07-17 00:00:00-04:00,3.1484306858105504,3.182653101450594,3.079986810684204,3.079986810684204,1017334,0.0,0.0
1990-07-18 00:00:00-04:00,3.0457652765202767,3.0457652765202767,2.9088772583556106,2.977321147918701,1687866,0.0,0.0
1990-07-19 00:00:00-04:00,2.943098879828953,3.045765189310916,2.8917658446072108,3.0286543369293213,789185,0.0,0.0
1990-07-20 00:00:00-04:00,3.0457647017955742,3.0628760295152295,2.8746542930603027,2.8746542930603027,1089844,0.0,0.0
1990-07-23 00:00:00-04:00,2.908875244655374,2.908875244655374,2.7890976842025736,2.891763925552368,1074097,0.0,0.0
1990-07-24 00:00:00-04:00,2.891763925552368,2.908875244655374,2.7890976842025736,2.891763925552368,658813,0.0,0.0
1990-07-25 00:00:00-04:00,2.857542881318789,2.9602091541724636,2.857542881318789,2.9430978298187256,600586,0.0,0.0
1990-07-26 00:00:00-04:00,2.9430965776000635,3.028651967774972,2.9088748996066833,3.0115408897399902,637207,0.0,0.0
1990-07-27 00:00:00-04:00,3.028651967774972,3.0628741238449355,2.977318733670027,3.0115408897399902,634277,0.0,0.0
1990-07-30 00:00:00-04:00,2.9944299278638424,3.0115412469668486,2.891763925552368,2.891763925552368,249756,0.0,0.0
1990-07-31 00:00:00-04:00,2.9088762737267255,2.9259871208063846,2.7719878238206177,2.8404316902160645,403564,0.0,0.0
1990-08-01 00:00:00-04:00,2.840431599328226,2.9602091983220427,2.840431599328226,2.9088761806488037,320068,0.0,0.0
1990-08-02 00:00:00-04:00,2.8404305783464427,2.8575418968047877,2.73776434086455,2.754875898361206,499146,0.0,0.0
1990-08-03 00:00:00-04:00,2.737765973435531,2.737765973435531,2.3442125853611286,2.463989734649658,4215454,0.0,0.0
1990-08-06 00:00:00-04:00,2.3613229387356,2.4468781298004316,2.1388795375823975,2.1388795375823975,2014893,0.0,0.0
1990-08-07 00:00:00-04:00,2.2073239523800825,2.2586569786071777,2.1388798377311433,2.2586569786071777,2273804,0.0,0.0
1990-08-08 00:00:00-04:00,2.2928791180217143,2.4811003704741483,2.2928791180217143,2.446878433227539,3339111,0.0,0.0
1990-08-09 00:00:00-04:00,2.463989582508067,2.600878052006363,2.463989582508067,2.5666556358337402,802002,0.0,0.0
1990-08-10 00:00:00-04:00,2.5324326772326837,2.5666548438064725,2.395544728052624,2.4297664165496826,583374,0.0,0.0
1990-08-13 00:00:00-04:00,2.3442124815583703,2.412656358945273,2.3099900647880327,2.378434181213379,768677,0.0,0.0
1990-08-14 00:00:00-04:00,2.3955456151935763,2.481100585234838,2.378434286531489,2.463989734649658,1574707,0.0,0.0
1990-08-15 00:00:00-04:00,2.532432615123656,2.5666547808581313,2.4810996055603027,2.4810996055603027,594727,0.0,0.0
1990-08-16 00:00:00-04:00,2.4297672087727773,2.5153226531025137,2.378434181213379,2.378434181213379,561401,0.0,0.0
1990-08-17 00:00:00-04:00,2.378434232435466,2.3955455607083667,2.2757679360671985,2.344212532043457,933472,0.0,0.0
1990-08-20 00:00:00-04:00,2.32710115365398,2.412656358945273,2.32710115365398,2.378434181213379,395874,0.0,0.0
1990-08-21 00:00:00-04:00,2.344212420716398,2.344212420716398,2.2415461292237704,2.2586569786071777,1022461,0.0,0.0
1990-08-22 00:00:00-04:00,2.2928789369386777,2.3442121973121313,2.2244345897740727,2.2415459156036377,858398,0.0,0.0
1990-08-23 00:00:00-04:00,2.155989646911621,2.241545047742824,2.1217674865791403,2.155989646911621,997192,0.0,0.0
1990-08-24 00:00:00-04:00,2.2244345897740727,2.258656763356375,2.1731013294006187,2.2415459156036377,563232,0.0,0.0
1990-08-27 00:00:00-04:00,2.3613225614788353,2.4639888221618365,2.3442117172303063,2.4297664165496826,740845,0.0,0.0
1990-08-28 00:00:00-04:00,2.4297665291309625,2.566654962730368,2.412655684089616,2.532432794570923,1629272,0.0,0.0
1990-08-29 00:00:00-04:00,2.5153225591261474,2.6350996986358317,2.498211709937931,2.6008780002593994,1315796,0.0,0.0
1990-08-30 00:00:00-04:00,2.5324326772326837,2.6008772494186263,2.4126555723011536,2.4297664165496826,494751,0.0,0.0
1990-08-31 00:00:00-04:00,2.4468777388749423,2.481099666410366,2.395544728052624,2.4297664165496826,217896,0.0,0.0
1990-09-04 00:00:00-04:00,2.446878645026024,2.463989734649658,2.378434286531489,2.463989734649658,396240,0.0,0.0
1990-09-05 00:00:00-04:00,2.4982118161018874,2.686432838439942,2.4811004881096403,2.6864328384399414,492187,0.0,0.0
1990-09-06 00:00:00-04:00,2.635099037586852,2.635099037586852,2.42976650845426,2.549544095993042,746338,0.0,0.0
1990-09-07 00:00:00-04:00,2.5495447863050873,2.6179889015350164,2.5324334586995567,2.5666556358337402,949951,0.0,0.0
1990-09-10 00:00:00-04:00,2.6221844863721366,2.7935688758108936,2.6050462150233256,2.6393227577209473,2220703,0.008192,0.0
1990-09-11 00:00:00-04:00,2.6393220666047448,2.673599079169847,2.60504553288256,2.6221837997436523,1758545,0.0,0.0
1990-09-12 00:00:00-04:00,2.6393220666047448,2.6564608123087545,2.587906547757091,2.6221837997436523,1416138,0.0,0.0
1990-09-13 00:00:00-04:00,2.5879062665041412,2.6564605236053467,2.5879062665041412,2.6564605236053467,1001587,0.0,0.0
1990-09-14 00:00:00-04:00,2.60504524976695,2.6564605236053467,2.60504524976695,2.6564605236053467,338379,0.0,0.0
1990-09-17 00:00:00-04:00,2.6393229053754994,2.742153496907215,2.6050463607603076,2.6907382011413574,866821,0.0,0.0
1990-09-18 00:00:00-04:00,2.656461212142008,2.673599481582641,2.622184194417752,2.6735994815826416,634644,0.0,0.0
1990-09-19 00:00:00-04:00,2.673599593330083,2.673599593330083,2.5879070454377837,2.605046033859253,183838,0.0,0.0
1990-09-20 00:00:00-04:00,2.5879063076156195,2.5879063076156195,2.4507989883422856,2.450798988342285,546021,0.0,0.0
1990-09-21 00:00:00-04:00,2.45079949326536,2.5193532867364596,2.330830175124821,2.4336607456207275,742676,0.0,0.0
1990-09-24 00:00:00-04:00,2.399384462481944,2.399384462481944,2.2794148921966553,2.2794148921966553,592896,0.0,0.0
1990-09-25 00:00:00-04:00,2.3136922373875555,2.3993847996324575,2.2794152124895946,2.365107774734497,993164,0.0,0.0
1990-09-26 00:00:00-04:00,2.399384182145383,2.399384182145383,2.2965533733367924,2.296553373336792,526978,0.0,0.0
1990-09-27 00:00:00-04:00,2.3651075963482904,2.399384618660936,2.2622767688318794,2.3308305740356445,645264,0.0,0.0
1990-09-28 00:00:00-04:00,2.330830430244115,2.416522741317749,2.2622766292695107,2.416522741317749,645996,0.0,0.0
1990-10-01 00:00:00-04:00,2.4507993615350725,2.5364914192018913,2.399384079050687,2.519353151321411,496948,0.0,0.0
1990-10-02 00:00:00-04:00,2.5364918132317507,2.6393226335961897,2.5364918132317507,2.5707688331604004,748901,0.0,0.0
1990-10-03 00:00:00-04:00,2.5879075010274986,2.6221847656402844,2.485076904296875,2.485076904296875,710449,0.0,0.0
1990-10-04 00:00:00-04:00,2.502216066876539,2.502216066876539,2.3993852138519287,2.3993852138519287,816650,0.0,0.0
1990-10-05 00:00:00-04:00,2.296554360827318,2.416523489838042,2.279415605998032,2.3993852138519287,679687,0.0,0.0
1990-10-08 00:00:00-04:00,2.4165224768190674,2.4679380014885064,2.4165224768190674,2.4336607456207275,202515,0.0,0.0
1990-10-09 00:00:00-04:00,2.4336608275987777,2.4336608275987777,2.382245540618896,2.3822455406188965,594360,0.0,0.0
1990-10-10 00:00:00-04:00,2.3651078707482904,2.3651078707482904,2.2965540575909067,2.313692331314087,618896,0.0,0.0
1990-10-11 00:00:00-04:00,2.313692095538853,2.330830606937099,2.159445971797698,2.176584243774414,731323,0.0,0.0
1990-10-12 00:00:00-04:00,2.2451379820859665,2.2794145176928806,2.1765837137647783,2.2108609676361084,1318359,0.0,0.0
1990-10-15 00:00:00-04:00,2.245138350958167,2.2965536416589223,2.1765840713736337,2.2794148921966553,871216,0.0,0.0
1990-10-16 00:00:00-04:00,2.296553729994744,2.3136920012732034,2.210861415916365,2.227999687194824,710449,0.0,0.0
1990-10-17 00:00:00-04:00,2.2279993411834096,2.3136916419536546,2.2279993411834096,2.296553373336792,315308,0.0,0.0
1990-10-18 00:00:00-04:00,2.296553649467569,2.433661011995266,2.296553649467569,2.416522741317749,658447,0.0,0.0
1990-10-19 00:00:00-04:00,2.519353929488114,2.519353929488114,2.4508001185271833,2.485076904296875,695435,0.0,0.0
1990-10-22 00:00:00-04:00,2.4679384231567383,2.4850766948866183,2.4507999120053316,2.4679384231567383,423706,0.0,0.0
1990-10-23 00:00:00-04:00,2.4679380014885064,2.4679380014885064,2.399384208017407,2.4336607456207275,300659,0.0,0.0
1990-10-24 00:00:00-04:00,2.4507993615350725,2.519353151321411,2.416522346931167,2.519353151321411,278687,0.0,0.0
1990-10-25 00:00:00-04:00,2.5193527676896705,2.5193527676896705,2.4507989883422856,2.450798988342285,291504,0.0,0.0
1990-10-26 00:00:00-04:00,2.4336608275987777,2.4336608275987777,2.3479690018609674,2.3822455406188965,1053589,0.0,0.0
1990-10-29 00:00:00-05:00,2.365106604467376,2.3822448690147087,2.2965528280137666,2.347968339920044,223389,0.0,0.0
1990-10-30 00:00:00-05:00,2.313692062879322,2.3479693246134943,2.2622767688318794,2.3308305740356445,408691,0.0,0.0
1990-10-31 00:00:00-05:00,2.3651081830365297,2.416523489838042,2.3651081830365297,2.3993852138519287,421509,0.0,0.0
1990-11-01 00:00:00-05:00,2.3993847996324575,2.3993847996324575,2.330830749836536,2.365107774734497,246460,0.0,0.0
1990-11-02 00:00:00-05:00,2.3651077747344966,2.3651077747344966,2.3136922373875555,2.365107774734497,394409,0.0,0.0
1990-11-05 00:00:00-05:00,2.3822458673997056,2.4850766948866183,2.365107595669826,2.4679384231567383,510498,0.0,0.0
1990-11-06 00:00:00-05:00,2.502214858621991,2.570768408306888,2.502214858621991,2.5364913940429688,765381,0.0,0.0
1990-11-07 00:00:00-05:00,2.5364914447054523,2.5364914447054523,2.5022149085998535,2.5022149085998535,294067,0.0,0.0
1990-11-08 00:00:00-05:00,2.519353151321411,2.5364914192018913,2.5022148834409315,2.519353151321411,242798,0.0,0.0
1990-11-09 00:00:00-05:00,2.5022152721461213,2.587907103703215,2.5022152721461213,2.5707688331604004,294800,0.0,0.0
1990-11-12 00:00:00-05:00,2.5707683318440573,2.6393221189114175,2.5707683318440573,2.5879065990448,567993,0.0,0.0
1990-11-13 00:00:00-05:00,2.5879072254099507,2.656461507912801,2.5879072254099507,2.6393227577209473,811157,0.0,0.0
1990-11-14 00:00:00-05:00,2.6564608123087545,2.673599079169847,2.6221837997436523,2.6221837997436523,958008,0.0,0.0
1990-11-15 00:00:00-05:00,2.62218351476546,2.725014062442254,2.62218351476546,2.6564605236053467,1013672,0.0,0.0
1990-11-16 00:00:00-05:00,2.673598788603857,2.6907370536023674,2.6564605236053467,2.6564605236053467,299194,0.0,0.0
1990-11-19 00:00:00-05:00,2.656461212142008,2.6907377510232746,2.6393224638583854,2.6735994815826416,78003,0.0,0.0
1990-11-20 00:00:00-05:00,2.6735991321558297,2.6735991321558297,2.5879065990448,2.5879065990448,224854,0.0,0.0
1990-11-21 00:00:00-05:00,2.6221836571642885,2.6221836571642885,2.5364911304110023,2.5536298751831055,550415,0.0,0.0
1990-11-23 00:00:00-05:00,2.553630140596399,2.553630140596399,2.5364913940429688,2.5364913940429688,93018,0.0,0.0
1990-11-26 00:00:00-05:00,2.5536305051238735,2.605046033859253,2.485076466810034,2.605046033859253,964600,0.0,0.0
1990-11-27 00:00:00-05:00,2.605045924977119,2.6907377510232746,2.587906937272001,2.6735994815826416,522949,0.0,0.0
1990-11-28 00:00:00-05:00,2.6907373460309394,2.8278451568698904,2.536491268330896,2.6221837997436523,3113159,0.0,0.0
1990-11-29 00:00:00-05:00,2.6221844863721366,2.6735997792616115,2.6221844863721366,2.6393227577209473,1005615,0.0,0.0
1990-11-30 00:00:00-05:00,2.6393224638583854,2.673599481582641,2.605045924977119,2.6735994815826416,646362,0.0,0.0
1990-12-03 00:00:00-05:00,2.6907377510232746,2.7078764993068973,2.656461212142008,2.6735994815826416,423706,0.0,0.0
1990-12-04 00:00:00-05:00,2.6564606672046343,2.7421524756722615,2.6393219224367956,2.7250142097473145,1015869,0.0,0.0
1990-12-05 00:00:00-05:00,2.7078766822814937,2.742153223478869,2.6564613916424094,2.707876682281494,1822998,0.0,0.0
1990-12-06 00:00:00-05:00,2.8107073870500603,2.8278456569418586,2.759292098531663,2.776430368423462,1173340,0.0,0.0
1990-12-07 00:00:00-05:00,2.7764303957624596,2.7935686658230154,2.725014867316282,2.7592921257019043,962402,0.0,0.0
1990-12-10 00:00:00-05:00,2.729082192571946,2.7977383136749268,2.7119183421303465,2.7977383136749268,678223,0.008192,0.0
1990-12-11 00:00:00-05:00,2.7634106127917284,2.7977383136749268,2.729082192571946,2.7977383136749268,292969,0.0,0.0
1990-12-12 00:00:00-05:00,2.7634102809047256,2.8149023056030273,2.7634102809047256,2.8149023056030273,492920,0.0,0.0
1990-12-13 00:00:00-05:00,2.832067535815412,2.8835595856378924,2.694755003323882,2.7462470531463623,1206299,0.0,0.0
1990-12-14 00:00:00-05:00,2.7290836441166095,2.7634120825949973,2.6775915858464994,2.7119197845458984,315308,0.0,0.0
1990-12-17 00:00:00-05:00,2.694755554199219,2.7119198940207982,2.6775916939356366,2.6947555541992188,285645,0.0,0.0
1990-12-18 00:00:00-05:00,2.7462470531463623,2.832067535815412,2.711919339636641,2.7462470531463623,797241,0.0,0.0
1990-12-19 00:00:00-05:00,2.7462459899068294,2.849230289459228,2.7462459899068294,2.8492302894592285,934570,0.0,0.0
1990-12-20 00:00:00-05:00,2.8663950355143797,2.900722980499268,2.8320668507506004,2.9007229804992676,954712,0.0,0.0
1990-12-21 00:00:00-05:00,2.900723390662103,2.900723390662103,2.814903396175474,2.8320672512054443,811523,0.0,0.0
1990-12-24 00:00:00-05:00,2.849231106235415,2.849231106235415,2.814903396175474,2.8320672512054443,124512,0.0,0.0
1990-12-26 00:00:00-05:00,2.8663952350616455,2.8663952350616455,2.814903194110193,2.8663952350616455,90454,0.0,0.0
1990-12-27 00:00:00-05:00,3.0208720008036223,3.0208720008036223,2.7462469464865564,2.763411521911621,163330,0.0,0.0
1990-12-28 00:00:00-05:00,2.763411629238071,2.7805754859929315,2.7462470531463623,2.7462470531463623,484863,0.0,0.0
1990-12-31 00:00:00-05:00,2.7634115219116206,2.780575377999865,2.6947548986639442,2.763411521911621,349731,0.0,0.0
1991-01-02 00:00:00-05:00,2.7977390615876527,2.900723390662103,2.7634113515277114,2.8320672512054443,637207,0.0,0.0
1991-01-03 00:00:00-05:00,2.814904140865107,2.832068000435818,2.7119197845458984,2.7119197845458984,277588,0.0,0.0
1991-01-04 00:00:00-05:00,2.67759108543396,2.7119192777177945,2.591770604724373,2.67759108543396,255249,0.0,0.0
1991-01-07 00:00:00-05:00,2.643262412218598,2.643262412218598,2.5574424266815186,2.5574424266815186,249756,0.0,0.0
1991-01-08 00:00:00-05:00,2.5574424651230014,2.6089347449539213,2.5574424651230014,2.5917701721191406,214600,0.0,0.0
1991-01-09 00:00:00-05:00,2.643263578414917,2.7462477024071172,2.6260997176022207,2.643263578414917,568726,0.0,0.0
1991-01-10 00:00:00-05:00,2.643262893150125,2.7119192777177945,2.643262893150125,2.67759108543396,329590,0.0,0.0
1991-01-11 00:00:00-05:00,2.677591779598321,2.677591779598321,2.608935856789525,2.643263578414917,659912,0.0,0.0
1991-01-14 00:00:00-05:00,2.5574424651230014,2.5917701721191406,2.5059504250709854,2.5917701721191406,396240,0.0,0.0
1991-01-15 00:00:00-05:00,2.59177013316167,2.59177013316167,2.5231142406435665,2.5574424266815186,170654,0.0,0.0
1991-01-16 00:00:00-05:00,2.5059500419332448,2.67759022912399,2.5059500419332448,2.660426378250122,193726,0.0,0.0
1991-01-17 00:00:00-05:00,2.763411629238071,2.763411629238071,2.711919339636641,2.7462470531463623,729858,0.0,0.0
1991-01-18 00:00:00-05:00,2.7462469904437414,2.7462469904437414,2.6604272290709865,2.67759108543396,547485,0.0,0.0
1991-01-21 00:00:00-05:00,2.6604272290709865,2.6947549417969334,2.6260990367871515,2.67759108543396,637939,0.0,0.0
1991-01-22 00:00:00-05:00,2.643262412218598,2.67759059825655,2.5574424266815186,2.5574424266815186,2717651,0.0,0.0
1991-01-23 00:00:00-05:00,2.5917705127822903,2.6089350878731885,2.5574428012741057,2.5746066570281982,1195312,0.0,0.0
1991-01-24 00:00:00-05:00,2.5917701721191406,2.626098598451991,2.574606318621071,2.5917701721191406,1298218,0.0,0.0
1991-01-25 00:00:00-05:00,2.6089351177215576,2.6260989736720184,2.5917705424342823,2.6089351177215576,1142944,0.0,0.0
1991-01-28 00:00:00-05:00,2.626098196944653,2.67759022912399,2.6089343460707854,2.660426378250122,585937,0.0,0.0
1991-01-29 00:00:00-05:00,2.67759108543396,2.7119192777177945,2.67759108543396,2.67759108543396,1066406,0.0,0.0
1991-01-30 00:00:00-05:00,2.6775911465690214,2.7462470531463623,2.6775911465690214,2.7462470531463623,1653076,0.0,0.0
1991-01-31 00:00:00-05:00,2.763411252479875,3.003707372296954,2.763411252479875,2.9693796634674072,1798828,0.0,0.0
1991-02-01 00:00:00-05:00,2.935051873256737,3.038036212611083,2.935051873256737,3.020872116088867,1590820,0.0,0.0
1991-02-04 00:00:00-05:00,2.9865423675724485,3.1066905010936656,2.9865423675724485,3.089526653289795,739014,0.0,0.0
1991-02-05 00:00:00-05:00,3.089528426364504,3.1066922840186817,3.0380363738440486,3.072364568710327,1410278,0.0,0.0
1991-02-06 00:00:00-05:00,3.0380346303205337,3.1410186762590557,3.003706215376319,3.089526653289795,1938354,0.0,0.0
1991-02-07 00:00:00-05:00,3.2268396422125263,3.295495524220506,3.17534761081711,3.2096753120422363,3463989,0.0,0.0
1991-02-08 00:00:00-05:00,3.175348253102757,3.3469884723985297,3.158183679681682,3.2611680030822754,1822632,0.0,0.0
1991-02-11 00:00:00-05:00,3.2440040203492857,3.364152193069458,3.2440040203492857,3.364152193069458,421509,0.0,0.0
1991-02-12 00:00:00-05:00,3.3641516460073486,3.4499718581856182,3.2096753120422363,3.2096753120422363,1459717,0.0,0.0
1991-02-13 00:00:00-05:00,3.209677155968822,3.3126612779229756,3.192513295495797,3.295497417449951,997925,0.0,0.0
1991-02-14 00:00:00-05:00,3.295496535183012,3.3298249662756936,3.158184009706973,3.244004487991333,1251343,0.0,0.0
1991-02-15 00:00:00-05:00,3.244005356472874,3.3298258577330047,3.244005356472874,3.295497417449951,760620,0.0,0.0
1991-02-19 00:00:00-05:00,3.364152465143209,3.364152465143209,3.2611681374979087,3.278332471847534,680420,0.0,0.0
1991-02-20 00:00:00-05:00,3.2783326793050773,3.295496535183012,3.2440044879913335,3.244004487991333,372070,0.0,0.0
1991-02-21 00:00:00-05:00,3.2440044879913335,3.2783326793050773,3.2440044879913335,3.244004487991333,291138,0.0,0.0
1991-02-22 00:00:00-05:00,3.24400296175667,3.3469872474670406,3.226839113953962,3.346987247467041,1377319,0.0,0.0
1991-02-25 00:00:00-05:00,3.364151095269749,3.432807445595879,3.3126588325251514,3.346987247467041,1464478,0.0,0.0
1991-02-26 00:00:00-05:00,3.3298258577330047,3.3298258577330047,3.244005356472874,3.295497417449951,571655,0.0,0.0
1991-02-27 00:00:00-05:00,3.295496493807314,3.364152635793872,3.295496493807314,3.329824924468994,577148,0.0,0.0
1991-02-28 00:00:00-05:00,3.3298233996643325,3.364151095269749,3.3126588325251514,3.346987247467041,364746,0.0,0.0
1991-03-01 00:00:00-05:00,3.329824924468994,3.364152635793872,3.295496493807314,3.329824924468994,487427,0.0,0.0
1991-03-04 00:00:00-05:00,3.3469886103514273,3.3469886103514273,3.278332471847534,3.278332471847534,588135,0.0,0.0
1991-03-05 00:00:00-05:00,3.2783329792259464,3.3126606941223145,3.2611686422198445,3.3126606941223145,1274780,0.0,0.0
1991-03-06 00:00:00-05:00,3.329824618314191,3.329824618314191,3.2440041489979365,3.2611680030822754,940063,0.0,0.0
1991-03-07 00:00:00-05:00,3.261167442628923,3.261167442628923,3.192511558532715,3.192511558532715,593262,0.0,0.0
1991-03-08 00:00:00-05:00,3.1925114614296732,3.2268396422125263,3.1581830408679563,3.2096753120422363,484131,0.0,0.0
1991-03-11 00:00:00-05:00,3.127870352391885,3.1622421741485596,3.127870352391885,3.1622421741485596,424438,0.008192,0.0
1991-03-12 00:00:00-05:00,3.1622421741485596,3.2309870180971347,3.1622421741485596,3.1622421741485596,411621,0.0,0.0
1991-03-13 00:00:00-05:00,3.1794288732710094,3.2481729984283447,3.162242241764049,3.2481729984283447,1045898,0.0,0.0
1991-03-14 00:00:00-05:00,3.282545566558838,3.334104024727031,3.282545566558838,3.282545566558838,1979736,0.0,0.0
1991-03-15 00:00:00-05:00,3.3341031258872524,3.368474941892288,3.316916497623719,3.3512890338897705,1423828,0.0,0.0
1991-03-18 00:00:00-05:00,3.3169171810150146,3.3169171810150146,3.2825453579282815,3.3169171810150146,976318,0.0,0.0
1991-03-19 00:00:00-05:00,3.196614784516818,3.282545301094063,3.127870419272432,3.2481729984283447,801270,0.0,0.0
1991-03-20 00:00:00-05:00,3.2653582934421554,3.35128903388977,3.2653582934421554,3.3512890338897705,520752,0.0,0.0
1991-03-21 00:00:00-05:00,3.3341035842895512,3.385661795559798,3.3341035842895512,3.334103584289551,533936,0.0,0.0
1991-03-22 00:00:00-05:00,3.3341036440092546,3.454405979069966,3.3341036440092546,3.4028477668762207,647461,0.0,0.0
1991-03-25 00:00:00-05:00,3.3684755216826407,3.5059644899767615,3.3684755216826407,3.4715921878814697,931641,0.0,0.0
1991-03-26 00:00:00-05:00,3.4544081844117835,3.5575249147174595,3.437222262766834,3.5403389930725098,1007446,0.0,0.0
1991-03-27 00:00:00-05:00,3.5575249147174595,3.5747108363624087,3.5231525912531687,3.5403389930725098,487793,0.0,0.0
1991-03-28 00:00:00-05:00,3.5403375541205184,3.5403375541205184,3.385662641572425,3.523151159286499,255249,0.0,0.0
1991-04-01 00:00:00-05:00,3.437219433148236,3.4887778759002686,3.437219433148236,3.4887778759002686,387085,0.0,0.0
1991-04-02 00:00:00-05:00,3.4715943461439287,3.5403389930725098,3.4715943461439287,3.5403389930725098,321167,0.0,0.0
1991-04-03 00:00:00-05:00,3.557523263349796,3.6262676382807117,3.54033734968238,3.574709177017212,1009277,0.0,0.0
1991-04-04 00:00:00-05:00,3.6090805713166003,3.6606387760173775,3.591894423054005,3.6262664794921875,379395,0.0,0.0
1991-04-05 00:00:00-05:00,3.6434542425149465,3.6434542425149465,3.523151159286499,3.523151159286499,645996,0.0,0.0
1991-04-08 00:00:00-04:00,3.5231525912531687,3.5747108363624087,3.505966669608219,3.5403389930725098,523315,0.0,0.0
1991-04-09 00:00:00-04:00,3.5059647032929186,3.5059647032929186,3.4372203350067143,3.437220335006714,423706,0.0,0.0
1991-04-10 00:00:00-04:00,3.437220242427964,3.437220242427964,3.248173054667439,3.3169171810150146,776733,0.0,0.0
1991-04-11 00:00:00-04:00,3.3341030278181676,3.4887778759002686,3.3341030278181676,3.4887778759002686,881836,0.0,0.0
1991-04-12 00:00:00-04:00,3.505966669608219,3.6778275666680846,3.4887807479632698,3.5403389930725098,732788,0.0,0.0
1991-04-15 00:00:00-04:00,3.5403389930725098,3.5575249147174595,3.505966669608219,3.5403389930725098,366211,0.0,0.0
1991-04-16 00:00:00-04:00,3.5231525912531687,3.5575249147174595,3.4887807479632698,3.5403389930725098,828735,0.0,0.0
1991-04-17 00:00:00-04:00,3.5403385052515883,3.5403385052515883,3.4887802672465242,3.5059661865234375,849243,0.0,0.0
1991-04-18 00:00:00-04:00,3.5231514845952137,3.7465712768474617,3.5231514845952137,3.6950128078460693,2538574,0.0,0.0
1991-04-19 00:00:00-04:00,3.6950116032969063,3.729383424585276,3.6434533911902673,3.6778252124786377,2144897,0.0,0.0
1991-04-22 00:00:00-04:00,3.6262657424817575,3.677823936703731,3.5918936930294283,3.6090798377990723,761719,0.0,0.0
1991-04-23 00:00:00-04:00,3.643453850069731,3.677825675687105,3.6262674570869,3.660639762878418,1118042,0.0,0.0
1991-04-24 00:00:00-04:00,3.6606393018344523,3.6778252124786373,3.6434533911902673,3.6778252124786377,302856,0.0,0.0
1991-04-25 00:00:00-04:00,3.6778246841929647,3.798127722031129,3.6262664794921875,3.6262664794921875,817017,0.0,0.0
1991-04-26 00:00:00-04:00,3.6090798377990723,3.6434521273383607,3.6090798377990723,3.6090798377990723,642700,0.0,0.0
1991-04-29 00:00:00-04:00,3.6262688218976415,3.6262688218976415,3.505966186523437,3.5059661865234375,592163,0.0,0.0
1991-04-30 00:00:00-04:00,3.505963783397281,3.574707893559328,3.47159148822926,3.4887778759002686,500977,0.0,0.0
1991-05-01 00:00:00-04:00,3.4372201258732242,3.488778579016162,3.4372201258732242,3.4715921878814697,1733643,0.0,0.0
1991-05-02 00:00:00-04:00,3.4887791285059646,3.609081724613296,3.4887791285059646,3.574709177017212,1123901,0.0,0.0
1991-05-03 00:00:00-04:00,3.557521619733096,3.6090800571759933,3.557521619733096,3.5918939113616943,546387,0.0,0.0
1991-05-06 00:00:00-04:00,3.6090798377990723,3.6090798377990723,3.5747073081728256,3.6090798377990723,226685,0.0,0.0
1991-05-07 00:00:00-04:00,3.5918943543547166,3.5918943543547166,3.557522058486938,3.5575220584869385,518555,0.0,0.0
1991-05-08 00:00:00-04:00,3.5575221265288155,3.6262664794921875,3.5575221265288155,3.6262664794921875,548950,0.0,0.0
1991-05-09 00:00:00-04:00,3.6090815442782134,3.660639762878418,3.6090815442782134,3.660639762878418,339844,0.0,0.0
1991-05-10 00:00:00-04:00,3.6606401571747695,3.6606401571747695,3.523151159286499,3.523151159286499,295166,0.0,0.0
1991-05-13 00:00:00-04:00,3.540336150640052,3.557522058486938,3.52314976261916,3.5575220584869385,478271,0.0,0.0
1991-05-14 00:00:00-04:00,3.5575234687803414,3.5575234687803414,3.523151159286499,3.523151159286499,144653,0.0,0.0
1991-05-15 00:00:00-04:00,3.523149690894294,3.574707893559328,3.4887778759002686,3.4887778759002686,348633,0.0,0.0
1991-05-16 00:00:00-04:00,3.4887794792135223,3.4887794792135223,3.368476390838623,3.368476390838623,4179565,0.0,0.0
1991-05-17 00:00:00-04:00,3.3856627864078597,3.3856627864078597,3.351290475443603,3.368476390838623,368774,0.0,0.0
1991-05-20 00:00:00-04:00,3.35128903388977,3.385661330068816,3.35128903388977,3.3512890338897705,444580,0.0,0.0
1991-05-21 00:00:00-04:00,3.3341031258872524,3.368474941892288,3.3341031258872524,3.3512890338897705,308350,0.0,0.0
1991-05-22 00:00:00-04:00,3.351290011074518,3.385662317276001,3.3341040980608514,3.385662317276001,292236,0.0,0.0
1991-05-23 00:00:00-04:00,3.402849939302543,3.5403389930725098,3.402849939302543,3.5403389930725098,1518311,0.0,0.0
1991-05-24 00:00:00-04:00,3.5059638547722733,3.5747079663338246,3.4887779469253872,3.5575220584869385,580078,0.0,0.0
1991-05-28 00:00:00-04:00,3.5747079663338246,3.5747079663338246,3.5059638547722733,3.5575220584869385,410889,0.0,0.0
1991-05-29 00:00:00-04:00,3.5231525912531687,3.5575249147174595,3.4887807479632698,3.5403389930725098,770508,0.0,0.0
1991-05-30 00:00:00-04:00,3.55752140349014,3.6090798377990723,3.5403354988074547,3.6090798377990723,565796,0.0,0.0
1991-05-31 00:00:00-04:00,3.591895142901901,3.643453598022461,3.5403369278683963,3.643453598022461,417480,0.0,0.0
1991-06-03 00:00:00-04:00,3.677823936703731,3.677823936703731,3.6090798377990723,3.6090798377990723,346069,0.0,0.0
1991-06-04 00:00:00-04:00,3.6262659629033194,3.6262659629033194,3.574707525460422,3.5918939113616943,275391,0.0,0.0
1991-06-05 00:00:00-04:00,3.5747085481783176,3.7465700554905874,3.5747085481783176,3.6778252124786377,1366333,0.0,0.0
1991-06-06 00:00:00-04:00,3.6778246138501567,3.695011001871049,3.5059638547722733,3.5575220584869385,3007324,0.0,0.0
1991-06-07 00:00:00-04:00,3.523150955840796,3.5747091770172115,3.4887791285059646,3.574709177017212,1395264,0.0,0.0
1991-06-10 00:00:00-04:00,3.6160346644011683,3.650473190578161,3.5643768751356792,3.5815958976745605,790283,0.013653,0.0
1991-06-11 00:00:00-04:00,3.54715750992672,3.667691858802848,3.54715750992672,3.633253335952759,1012207,0.0,0.0
1991-06-12 00:00:00-04:00,3.5988161945419184,3.6160354614257812,3.5471586344399983,3.6160354614257812,257446,0.0,0.0
1991-06-13 00:00:00-04:00,3.5988152027130123,3.5988152027130123,3.5643766784365005,3.5988152027130127,584106,0.0,0.0
1991-06-14 00:00:00-04:00,3.598817915084298,3.684913809565468,3.598817915084298,3.6504757404327393,814819,0.0,0.0
1991-06-17 00:00:00-04:00,3.6504739951935066,3.6504739951935066,3.6160354614257812,3.6160354614257812,771240,0.0,0.0
1991-06-18 00:00:00-04:00,3.598815401312672,3.6160346644011683,3.5643768751356792,3.5815958976745605,822510,0.0,0.0
1991-06-19 00:00:00-04:00,3.5643763073938537,3.581595327190051,3.5471572875976562,3.5471572875976562,1566650,0.0,0.0
1991-06-20 00:00:00-04:00,3.5643787384033203,3.5643787384033203,3.547159706863245,3.5643787384033203,220093,0.0,0.0
1991-06-21 00:00:00-04:00,3.5643783940165674,3.5643783940165674,3.4955017934115746,3.512720823287964,551147,0.0,0.0
1991-06-24 00:00:00-04:00,3.4782817363739014,3.512720271819546,3.461062468651079,3.4782817363739014,504639,0.0,0.0
1991-06-25 00:00:00-04:00,3.4782822824357504,3.5127208232879643,3.4782822824357504,3.512720823287964,239502,0.0,0.0
1991-06-26 00:00:00-04:00,3.5127199919698895,3.5127199919698895,3.409404634413512,3.46106219291687,2820557,0.0,0.0
1991-06-27 00:00:00-04:00,3.461060985868786,3.5643763073938537,3.4438419660725885,3.5471572875976562,798340,0.0,0.0
1991-06-28 00:00:00-04:00,3.5127208232879643,3.547159364140178,3.4955017934115746,3.512720823287964,404663,0.0,0.0
1991-07-01 00:00:00-04:00,3.495501074338078,3.6676930215277013,3.495501074338078,3.6160354614257812,1132690,0.0,0.0
1991-07-02 00:00:00-04:00,3.6160357544671897,3.6160357544671897,3.4955013576114498,3.5299394130706787,265137,0.0,0.0
1991-07-03 00:00:00-04:00,3.4955009661685437,3.5127199919698895,3.409404634413512,3.46106219291687,306519,0.0,0.0
1991-07-05 00:00:00-04:00,3.4266226799514086,3.650472837927395,3.4266226799514086,3.633253335952759,1598511,0.0,0.0
1991-07-08 00:00:00-04:00,3.6332543670801423,3.6676928997039795,3.6332543670801423,3.6676928997039795,1079956,0.0,0.0
1991-07-09 00:00:00-04:00,3.6504738739417206,3.7021314323278167,3.6504738739417206,3.6676928997039795,2384766,0.0,0.0
1991-07-10 00:00:00-04:00,3.6849119254662384,3.7193504580900756,3.6676928997039795,3.6676928997039795,552246,0.0,0.0
1991-07-11 00:00:00-04:00,3.6849119254662384,3.6849119254662384,3.6676928997039795,3.6676928997039795,458862,0.0,0.0
1991-07-12 00:00:00-04:00,3.6849119254662384,3.6849119254662384,3.6160353413178834,3.6676928997039795,970093,0.0,0.0
1991-07-15 00:00:00-04:00,3.667691840835382,3.7365684050989607,3.667691840835382,3.7193493843078613,184570,0.0,0.0
1991-07-16 00:00:00-04:00,3.719352359797762,3.7537911505798394,3.6504757404327397,3.6504757404327393,556641,0.0,0.0
1991-07-17 00:00:00-04:00,3.650472837927395,3.650472837927395,3.616034315077306,3.633253335952759,585571,0.0,0.0
1991-07-18 00:00:00-04:00,3.598815401312672,3.6332536869400496,3.5643768751356792,3.5815958976745605,2512573,0.0,0.0
1991-07-19 00:00:00-04:00,3.5815962858680286,3.5988157913724863,3.374965828059151,3.443842887878418,1508057,0.0,0.0
1991-07-22 00:00:00-04:00,3.443842887878418,3.47828117723841,3.4094043579687847,3.443842887878418,1080688,0.0,0.0
1991-07-23 00:00:00-04:00,3.443842799980948,3.4610618239466415,3.2888699004422657,3.306088924407959,1776489,0.0,0.0
1991-07-24 00:00:00-04:00,3.28886989121853,3.3233079390533335,3.168335039949277,3.2027738094329834,2214844,0.0,0.0
1991-07-25 00:00:00-04:00,3.2027738094329834,3.2372123383670557,3.168335039949277,3.2027738094329834,693970,0.0,0.0
1991-07-26 00:00:00-04:00,3.202772940437207,3.392184317083093,3.202772940437207,3.3233070373535156,1631470,0.0,0.0
1991-07-29 00:00:00-04:00,3.3233070373535156,3.357745797493089,3.306088018108082,3.3233070373535156,854370,0.0,0.0
1991-07-30 00:00:00-04:00,3.340527189154822,3.4094037557079706,3.3233074461425383,3.3921847343444824,1106323,0.0,0.0
1991-07-31 00:00:00-04:00,3.3577462105183096,3.4094037557079706,3.3577462105183096,3.3921847343444824,949951,0.0,0.0
1991-08-01 00:00:00-04:00,3.374965906143189,3.3921854120460413,3.3577468813396294,3.3749659061431885,795410,0.0,0.0
1991-08-02 00:00:00-04:00,3.3921856086121664,3.5127199919698895,3.3749661017114994,3.46106219291687,1542847,0.0,0.0
1991-08-05 00:00:00-04:00,3.4438428069013742,3.4438428069013742,3.3921852538012187,3.4094042778015137,447876,0.0,0.0
1991-08-06 00:00:00-04:00,3.3921859884853247,3.529939413070679,3.3921859884853247,3.5299394130706787,773437,0.0,0.0
1991-08-07 00:00:00-04:00,3.529940194223688,3.5815977699433956,3.529940194223688,3.5643787384033203,557007,0.0,0.0
1991-08-08 00:00:00-04:00,3.5471598107376883,3.564378842782003,3.495502233505249,3.495502233505249,392578,0.0,0.0
1991-08-09 00:00:00-04:00,3.5127212655495637,3.5471598107376883,3.495502233505249,3.495502233505249,128906,0.0,0.0
1991-08-12 00:00:00-04:00,3.478282720361439,3.495502233505249,3.4610634477673767,3.495502233505249,221558,0.0,0.0
1991-08-13 00:00:00-04:00,3.461060985868786,3.5471572875976562,3.4438419660725885,3.5471572875976562,788086,0.0,0.0
1991-08-14 00:00:00-04:00,3.547159364140178,3.547159364140178,3.4955017934115746,3.512720823287964,159302,0.0,0.0
1991-08-15 00:00:00-04:00,3.5127197884191887,3.5127197884191887,3.374965906143189,3.3749659061431885,1588257,0.0,0.0
1991-08-16 00:00:00-04:00,3.3749658641124345,3.4094043943899597,3.306089044107028,3.3577468395233154,502075,0.0,0.0
1991-08-19 00:00:00-04:00,3.1683353527114653,3.2544316835456444,3.1511163270942877,3.237212657928467,907837,0.0,0.0
1991-08-20 00:00:00-04:00,3.2544315260229792,3.2716505508067133,3.1166776439055854,3.168335199356079,562866,0.0,0.0
1991-08-21 00:00:00-04:00,3.2372114600272117,3.3405267782476553,3.2372114600272117,3.3233070373535156,681152,0.0,0.0
1991-08-22 00:00:00-04:00,3.34052769398825,3.34052769398825,3.2716503953773026,3.306088924407959,629517,0.0,0.0
1991-08-23 00:00:00-04:00,3.288870019517909,3.3921853698008406,3.288870019517909,3.3577468395233154,402832,0.0,0.0
1991-08-26 00:00:00-04:00,3.340527700701063,3.4094042778015137,3.323307955051862,3.4094042778015137,300293,0.0,0.0
1991-08-27 00:00:00-04:00,3.426623301801808,3.426623301801808,3.3749657487016527,3.4094042778015137,629517,0.0,0.0
1991-08-28 00:00:00-04:00,3.3921852538012187,3.426623301801808,3.3921852538012187,3.4094042778015137,880371,0.0,0.0
1991-08-29 00:00:00-04:00,3.40940544128104,3.5127208232879643,3.3921864114046505,3.512720823287964,1074097,0.0,0.0
1991-08-30 00:00:00-04:00,3.4782822824357504,3.5299398531643535,3.4610630120096433,3.512720823287964,281616,0.0,0.0
1991-09-03 00:00:00-04:00,3.512718766906108,3.581595327190051,3.512718766906108,3.5471572875976562,493286,0.0,0.0
1991-09-04 00:00:00-04:00,3.5643763073938537,3.5643763073938537,3.5299377867023054,3.5471572875976562,329590,0.0,0.0
1991-09-05 00:00:00-04:00,3.5643766784365005,3.616034464851268,3.5643766784365005,3.5988152027130127,419312,0.0,0.0
1991-09-06 00:00:00-04:00,3.564377949629283,3.5988164861878875,3.529939413070679,3.5299394130706787,303955,0.0,0.0
1991-09-09 00:00:00-04:00,3.5368418981130807,3.5368418981130807,3.4850833220161306,3.5023365020751953,181641,0.013653,0.0
1991-09-10 00:00:00-04:00,3.5195868283010676,3.5195868283010676,3.416069504845769,3.4333221912384033,440918,0.0,0.0
1991-09-11 00:00:00-04:00,3.450576702934047,3.571346759796142,3.450576702934047,3.5713467597961426,663940,0.0,0.0
1991-09-12 00:00:00-04:00,3.588598861095084,3.795633554458618,3.588598861095084,3.795633554458618,1686035,0.0,0.0
1991-09-13 00:00:00-04:00,3.830137490264089,3.8818960170577195,3.7438728772416527,3.778378963470459,563232,0.0,0.0
1991-09-16 00:00:00-04:00,3.8301394170258583,3.9336567637076256,3.778380864194951,3.795633554458618,1250244,0.0,0.0
1991-09-17 00:00:00-04:00,3.8301391547136823,3.8646450149177425,3.795633294509622,3.8473918437957764,1099731,0.0,0.0
1991-09-18 00:00:00-04:00,3.812885514226963,3.8646440505981445,3.812885514226963,3.8646440505981445,979980,0.0,0.0
1991-09-19 00:00:00-04:00,3.847390883781249,3.8818967353752876,3.847390883781249,3.8646440505981445,1501831,0.0,0.0
1991-09-20 00:00:00-04:00,3.8991489320308768,4.07167792738286,3.864643566796203,4.05442476272583,1762939,0.0,0.0
1991-09-23 00:00:00-04:00,4.037173050461561,4.037173050461561,3.9336559657973496,3.9681618213653564,558105,0.0,0.0
1991-09-24 00:00:00-04:00,3.950908847901056,4.106184482574463,3.950908847901056,4.106184482574463,762817,0.0,0.0
1991-09-25 00:00:00-04:00,4.071678151506075,4.157942533420517,4.037172302332354,4.140689849853516,1565918,0.0,0.0
1991-09-26 00:00:00-04:00,4.106182106799739,4.209699618728179,4.106182106799739,4.175194263458252,761353,0.0,0.0
1991-09-27 00:00:00-04:00,4.175194981750436,4.313217390654349,4.175194981750436,4.192447662353516,1631836,0.0,0.0
1991-09-30 00:00:00-04:00,4.209701056272326,4.24420690536499,4.106183508994335,4.24420690536499,633911,0.0,0.0
1991-10-01 00:00:00-04:00,4.209702927960994,4.330473212461498,4.19245023676375,4.278714656829834,1304443,0.0,0.0
1991-10-02 00:00:00-04:00,4.27871274974531,4.3477239658149145,4.157942519073855,4.313218116760254,906372,0.0,0.0
1991-10-03 00:00:00-04:00,4.295966159145395,4.330472014030535,4.261460304260253,4.261460304260254,749268,0.0,0.0
1991-10-04 00:00:00-04:00,4.261459829142319,4.261459829142319,4.226954460144043,4.226954460144043,380493,0.0,0.0
1991-10-07 00:00:00-04:00,4.226953505599312,4.226953505599312,4.123436457901559,4.192447662353516,298828,0.0,0.0
1991-10-08 00:00:00-04:00,4.1579411037837355,4.192446941093216,4.106182106799739,4.175194263458252,509766,0.0,0.0
1991-10-09 00:00:00-04:00,4.15794350950543,4.15794350950543,4.106184482574463,4.106184482574463,229614,0.0,0.0
1991-10-10 00:00:00-04:00,4.071679107340261,4.123438134271228,4.054425937683328,4.106184482574463,488159,0.0,0.0
1991-10-11 00:00:00-04:00,4.140690821888329,4.140690821888329,4.088931794957362,4.106184482574463,377930,0.0,0.0
1991-10-14 00:00:00-04:00,4.123438753837085,4.295967102050781,4.123438753837085,4.295967102050781,300659,0.0,0.0
1991-10-15 00:00:00-04:00,4.295965433252782,4.3304712823074425,4.244206900690649,4.313218116760254,298828,0.0,0.0
1991-10-16 00:00:00-04:00,4.313219213796428,4.623770970195539,4.313219213796428,4.572012424468994,2039429,0.0,0.0
1991-10-17 00:00:00-04:00,4.5720114787465285,4.692782197193394,4.451241724379143,4.503000259399414,1839844,0.0,0.0
1991-10-18 00:00:00-04:00,4.623771216547035,4.623771216547035,4.520254119578621,4.554759979248047,1569214,0.0,0.0
1991-10-21 00:00:00-04:00,4.572014056947382,4.6410257972505935,4.485750104628386,4.623772621154785,1536621,0.0,0.0
1991-10-22 00:00:00-04:00,4.572012233476306,4.589265402690975,4.3822307463936845,4.416736602783203,1336670,0.0,0.0
1991-10-23 00:00:00-04:00,4.468494655341349,4.520253193218395,4.399483432185209,4.451241970062256,1188354,0.0,0.0
1991-10-24 00:00:00-04:00,4.416735888271759,4.416735888271759,4.347724186656997,4.3994832038879395,487061,0.0,0.0
1991-10-25 00:00:00-04:00,4.382229814869575,4.3994829804167646,4.313218116760254,4.313218116760254,751099,0.0,0.0
1991-10-28 00:00:00-05:00,4.34772558277636,4.45124316843954,4.34772558277636,4.433990478515625,1949341,0.0,0.0
1991-10-29 00:00:00-05:00,4.4684953689575195,4.4857485390317,4.382230964706143,4.4684953689575195,1254272,0.0,0.0
1991-10-30 00:00:00-05:00,4.485748025260261,4.606517791748047,4.468494857162157,4.606517791748047,1946411,0.0,0.0
1991-10-31 00:00:00-05:00,4.623770477806362,4.658276331962782,4.572011937591627,4.606517791748047,1472168,0.0,0.0
1991-11-01 00:00:00-05:00,4.641023913793345,4.641023913793345,4.48574828418633,4.520253658294678,1111450,0.0,0.0
1991-11-04 00:00:00-05:00,4.485749030327267,4.5030017202511825,4.382231444664087,4.433990478515625,650757,0.0,0.0
1991-11-05 00:00:00-05:00,4.554758787817461,4.623770007064542,4.485747568570379,4.537506103515625,936401,0.0,0.0
1991-11-06 00:00:00-05:00,4.537506321101633,4.675528766214355,4.537506321101633,4.658276081085205,529175,0.0,0.0
1991-11-07 00:00:00-05:00,4.692780032395603,4.727285385131836,4.5892625280683506,4.727285385131836,801636,0.0,0.0
1991-11-08 00:00:00-05:00,4.796298506864406,4.865309715270996,4.744539980049547,4.865309715270996,2052979,0.0,0.0
1991-11-11 00:00:00-05:00,4.848058680113505,5.055093339723005,4.848058680113505,4.917069911956787,1921875,0.0,0.0
1991-11-12 00:00:00-05:00,4.89981676324431,4.89981676324431,4.7962996842044205,4.848058223724365,1424927,0.0,0.0
1991-11-13 00:00:00-05:00,4.813552823171951,4.9688289383890325,4.813552823171951,4.917069911956787,1089844,0.0,0.0
1991-11-14 00:00:00-05:00,4.9515769774353435,4.9515769774353435,4.899818420410156,4.899818420410156,470947,0.0,0.0
1991-11-15 00:00:00-05:00,4.8998182291408385,4.9343236111173825,4.813553810119629,4.813553810119629,514893,0.0,0.0
1991-11-18 00:00:00-05:00,4.852372515102853,4.873938497338006,4.658277228866834,4.744542121887207,882422,0.0,1.25
1991-11-19 00:00:00-05:00,4.722974362552137,4.722974362552137,4.550446069939039,4.701408386230469,1268262,0.0,0.0
1991-11-20 00:00:00-05:00,4.722975251204618,4.722975251204618,4.572012424468994,4.572012424468994,741797,0.0,0.0
1991-11-21 00:00:00-05:00,4.593579292297363,4.658277239145582,4.550447327731884,4.593579292297363,595020,0.0,0.0
1991-11-22 00:00:00-05:00,4.572012424468994,4.6151448672676745,4.550446926129413,4.572012424468994,638672,0.0,0.0
1991-11-25 00:00:00-05:00,4.59357774010303,4.72297407211564,4.5720112830678294,4.636709690093994,1409766,0.0,0.0
1991-11-26 00:00:00-05:00,4.917068541102309,4.917068541102309,4.76610576034558,4.89550256729126,3760840,0.0,0.0
1991-11-27 00:00:00-05:00,4.852373633334479,4.981770038604735,4.852373633334479,4.981770038604736,772559,0.0,0.0
1991-11-29 00:00:00-05:00,4.981768680467606,4.981768680467606,4.8308058471080235,4.960202217102051,361816,0.0,0.0
1991-12-02 00:00:00-05:00,4.960201755613401,5.262127876281738,4.917069796974935,5.262127876281738,662695,0.0,0.0
1991-12-03 00:00:00-05:00,5.1974291613017165,5.1974291613017165,5.003334394364929,5.04646635055542,1030371,0.0,0.0
1991-12-04 00:00:00-05:00,5.0895990691359385,5.0895990691359385,4.960202217102051,4.960202217102051,1074609,0.0,0.0
1991-12-05 00:00:00-05:00,4.938634996953051,4.981766944575149,4.852370619669162,4.89550256729126,383203,0.0,0.0
1991-12-06 00:00:00-05:00,4.895501359324545,4.895501359324545,4.766104584307565,4.809237003326416,527930,0.0,0.0
1991-12-09 00:00:00-05:00,4.817880343344268,4.861090281554442,4.709856222177707,4.796275615692139,758789,0.017067,0.0
1991-12-10 00:00:00-05:00,4.774669744586516,4.904299058377665,4.774669744586516,4.817879676818848,336035,0.0,0.0
1991-12-11 00:00:00-05:00,4.861093521118164,4.882698263168276,4.839488296161816,4.861093521118164,724805,0.0,0.0
1991-12-12 00:00:00-05:00,4.839484401482091,4.882694333714423,4.796274952155605,4.817879676818848,587109,0.0,0.0
1991-12-13 00:00:00-05:00,4.839485909156649,5.012325209025812,4.839485909156649,4.969114780426025,1112109,0.0,0.0
1991-12-16 00:00:00-05:00,4.925904456904026,5.033928577903772,4.925904456904026,5.012324333190918,457031,0.0,0.0
1991-12-17 00:00:00-05:00,5.012325848169661,5.120350001819779,5.012325848169661,5.055535316467285,763184,0.0,0.0
1991-12-18 00:00:00-05:00,5.033930377676085,5.120350284860535,5.0123261252391,5.0771403312683105,217090,0.0,0.0
1991-12-19 00:00:00-05:00,5.077138516047218,5.098743243665985,5.012324333190918,5.012324333190918,320508,0.0,0.0
1991-12-20 00:00:00-05:00,5.033931661115571,5.033931661115571,4.969116955655269,4.990722179412842,861621,0.0,0.0
1991-12-23 00:00:00-05:00,4.990720410216945,5.185163974761963,4.969115194118359,5.185163974761963,769629,0.0,0.0
1991-12-24 00:00:00-05:00,5.228373127523707,5.379607216611866,5.228373127523707,5.271583557128906,778418,0.0,0.0
1991-12-26 00:00:00-05:00,5.22837415321604,5.336398799703082,5.22837415321604,5.314794063568115,690820,0.0,0.0
1991-12-27 00:00:00-05:00,5.358003216497207,5.42281790394521,5.336398481649898,5.4012131690979,911426,0.0,0.0
1991-12-30 00:00:00-05:00,5.444421456824272,5.638864994049072,5.422816726667287,5.638864994049072,909082,0.0,0.0
1991-12-31 00:00:00-05:00,5.703681264651495,5.768495956178746,5.660471792237399,5.725286483764648,554590,0.0,0.0
1992-01-02 00:00:00-05:00,5.703683123371835,5.703683123371835,5.444424755681637,5.530844211578369,734473,0.0,0.0
1992-01-03 00:00:00-05:00,5.487630269730458,5.574050145974878,5.379606148783801,5.44442081451416,541406,0.0,0.0
1992-01-06 00:00:00-05:00,5.444423045077286,5.444423045077286,5.3363988798734665,5.358003616333008,1011914,0.0,0.0
1992-01-07 00:00:00-05:00,5.314793020922091,5.358002484715274,5.271583557128906,5.271583557128906,761719,0.0,0.0
1992-01-08 00:00:00-05:00,5.141955208676171,5.4012134910140865,5.141955208676171,5.314794063568115,2852637,0.0,0.0
1992-01-09 00:00:00-05:00,5.33639669418335,5.444420815142473,5.293186756056153,5.33639669418335,699609,0.0,0.0
1992-01-10 00:00:00-05:00,5.379606809954601,5.42281675338745,5.358002079691162,5.422816753387451,457324,0.0,0.0
1992-01-13 00:00:00-05:00,5.379606148783801,5.4660260250282215,5.358001421175652,5.44442081451416,355371,0.0,0.0
1992-01-14 00:00:00-05:00,5.444423544868385,5.5524477199886855,5.444423544868385,5.509238243103027,950391,0.0,0.0
1992-01-15 00:00:00-05:00,5.552448954825987,5.552448954825987,5.466029981835517,5.530844211578369,1083691,0.0,0.0
1992-01-16 00:00:00-05:00,5.487630944177767,5.595655561306906,5.401212023124011,5.422816753387451,1225781,0.0,0.0
1992-01-17 00:00:00-05:00,5.44442263879252,5.487632108487139,5.379607951344517,5.4012131690979,423047,0.0,0.0
1992-01-20 00:00:00-05:00,5.401213572158202,5.401213572158202,5.358003616333008,5.358003616333008,254297,0.0,0.0
1992-01-21 00:00:00-05:00,5.314791965959355,5.4660260250282215,5.314791965959355,5.44442081451416,709863,0.0,0.0
1992-01-22 00:00:00-05:00,5.595656716103529,5.768495559692384,5.57405198138144,5.768495559692383,1354102,0.0,0.0
1992-01-23 00:00:00-05:00,5.768495559692384,5.790100294414472,5.660471403175867,5.768495559692383,510059,0.0,0.0
1992-01-24 00:00:00-05:00,5.768496588977455,5.854916026191885,5.768496588977455,5.811706066131592,515039,0.0,0.0
1992-01-27 00:00:00-05:00,5.854916083123124,5.854916083123124,5.66047246822649,5.703681945800781,636328,0.0,0.0
1992-01-28 00:00:00-05:00,5.660470792630595,5.682075042116352,5.552446164859676,5.574051380157471,361230,0.0,0.0
1992-01-29 00:00:00-05:00,5.595658924227485,5.63886841072272,5.509239468330752,5.530844211578369,606738,0.0,0.0
1992-01-30 00:00:00-05:00,5.530840207852668,5.530840207852668,5.44442081451416,5.44442081451416,322852,0.0,0.0
1992-01-31 00:00:00-05:00,5.444421396443503,5.466026609266847,5.314792534033261,5.3796067237854,306445,0.0,0.0
1992-02-03 00:00:00-05:00,5.401211447004423,5.5956549644470215,5.401211447004423,5.5956549644470215,538477,0.0,0.0
1992-02-04 00:00:00-05:00,5.595657447600811,5.811705788876954,5.595657447600811,5.790101051330566,1026270,0.0,0.0
1992-02-05 00:00:00-05:00,5.833308506434238,5.876517962987149,5.8117032952518555,5.854913234710693,863086,0.0,0.0
1992-02-06 00:00:00-05:00,5.854915383913044,5.898124856327141,5.487632453862696,5.725286483764648,3468457,0.0,0.0
1992-02-07 00:00:00-05:00,5.833311344335978,5.854916083123124,5.638867246533183,5.703681945800781,1780664,0.0,0.0
1992-02-10 00:00:00-05:00,5.8765191154479846,5.898123847961405,5.790099702488278,5.833309650421143,1593457,0.0,0.0
1992-02-11 00:00:00-05:00,5.833311287614817,5.854916026191885,5.7468913674942295,5.811706066131592,304980,0.0,0.0
1992-02-12 00:00:00-05:00,5.833310210845085,5.919729632107369,5.811704993349963,5.876519680023193,1197656,0.0,0.0
1992-02-13 00:00:00-05:00,5.919729632107369,5.9845443187806,5.85491494543414,5.876519680023193,1014258,0.0,0.0
1992-02-14 00:00:00-05:00,5.876518986342084,6.049357808464264,5.790099575280995,6.006147861480713,729492,0.0,0.0
1992-02-18 00:00:00-05:00,6.006147399096346,6.114172016785922,5.876518533937219,5.898123264312744,709570,0.0,0.0
1992-02-19 00:00:00-05:00,5.854914382934563,5.8765191154479846,5.768494969974857,5.833309650421143,611133,0.0,0.0
1992-02-20 00:00:00-05:00,5.85491494543414,5.919729632107369,5.833310210845085,5.876519680023193,1225195,0.0,0.0
1992-02-21 00:00:00-05:00,5.8333106477059955,5.854915383913044,5.703681264651495,5.725286483764648,993164,0.0,0.0
1992-02-24 00:00:00-05:00,5.746890737065592,5.768495956178746,5.703681264651495,5.725286483764648,402539,0.0,0.0
1992-02-25 00:00:00-05:00,5.703679667425996,5.7252848804889505,5.638864994049072,5.638864994049072,689062,0.0,0.0
1992-02-26 00:00:00-05:00,5.682076724107473,5.833311344335978,5.66047246822649,5.703681945800781,802734,0.0,0.0
1992-02-27 00:00:00-05:00,5.703682020426044,5.746891498565674,5.682076798450059,5.746891498565674,493066,0.0,0.0
1992-02-28 00:00:00-05:00,5.85491494543414,5.876519680023193,5.833310210845085,5.876519680023193,864551,0.0,0.0
1992-03-02 00:00:00-05:00,5.790101383855525,5.833311344335978,5.703681945800781,5.703681945800781,1394824,0.0,0.0
1992-03-03 00:00:00-05:00,5.660469055175782,5.746887958217004,5.638863846509605,5.660469055175781,515918,0.0,0.0
1992-03-04 00:00:00-05:00,5.617259692405995,5.6388644203649685,5.5956549644470215,5.5956549644470215,704590,0.0,0.0
1992-03-05 00:00:00-05:00,5.574050831043467,5.617260291570345,5.42281675338745,5.422816753387451,837891,0.0,0.0
1992-03-06 00:00:00-05:00,5.44442263879252,5.44442263879252,5.336398481649898,5.4012131690979,666211,0.0,0.0
1992-03-09 00:00:00-05:00,5.388227433173889,5.539703857909803,5.388227433173889,5.474785804748535,378809,0.017067,0.0
1992-03-10 00:00:00-05:00,5.518064480437502,5.626261718868082,5.518064480437502,5.582983016967773,460840,0.0,0.0
1992-03-11 00:00:00-05:00,5.561344623565673,5.582984463803622,5.539705267007658,5.561344623565674,339258,0.0,0.0
1992-03-12 00:00:00-05:00,5.51806690330515,5.561345624208239,5.496427059173585,5.496427059173584,350098,0.0,0.0
1992-03-13 00:00:00-05:00,5.539705267007658,5.582984463803622,5.496426070211696,5.561344623565674,285937,0.0,0.0
1992-03-16 00:00:00-05:00,5.561342705338988,5.626261236301169,5.561342705338988,5.604621887207031,124805,0.0,0.0
1992-03-17 00:00:00-05:00,5.6262607503066775,5.691178791981493,5.5829820558568,5.669539928436279,200977,0.0,0.0
1992-03-18 00:00:00-05:00,5.669543547925029,6.01577477560042,5.647903703205289,5.9508562088012695,775781,0.0,0.0
1992-03-19 00:00:00-05:00,5.929217423748652,5.9941359915584655,5.821019649505615,5.821019649505615,629004,0.0,0.0
1992-03-20 00:00:00-05:00,5.84265950896914,5.84265950896914,5.734462218139351,5.799380302429199,639258,0.0,0.0
1992-03-23 00:00:00-05:00,5.777738542837497,5.8859357887579336,5.756098706709536,5.8642964363098145,379687,0.0,0.0
1992-03-24 00:00:00-05:00,5.8642964363098145,5.972493682230251,5.842657083861695,5.8642964363098145,513867,0.0,0.0
1992-03-25 00:00:00-05:00,5.864298855938838,5.864298855938838,5.799380288129024,5.821019649505615,416309,0.0,0.0
1992-03-26 00:00:00-05:00,5.842659494562247,5.842659494562247,5.799380288129024,5.821019649505615,231152,0.0,0.0
1992-03-27 00:00:00-05:00,5.84265950896914,5.8642988703990895,5.734462218139351,5.799380302429199,546973,0.0,0.0
1992-03-30 00:00:00-05:00,5.777740877923427,5.929217373639482,5.777740877923427,5.8859381675720215,573340,0.0,0.0
1992-03-31 00:00:00-05:00,5.864298855938838,5.885938217315429,5.799380288129024,5.821019649505615,888281,0.0,0.0
1992-04-01 00:00:00-05:00,5.842658430041852,6.0374136143072565,5.821018588927955,6.015773773193359,761426,0.0,0.0
1992-04-02 00:00:00-05:00,5.9941359915584655,5.9941359915584655,5.799380288129024,5.821019649505615,1139648,0.0,0.0
1992-04-03 00:00:00-05:00,5.8642964363098145,5.8859357887579336,5.799377895285615,5.8642964363098145,927246,0.0,0.0
1992-04-06 00:00:00-04:00,5.842657477268784,6.123970529075673,5.842657477268784,6.080691337585449,973828,0.0,0.0
1992-04-07 00:00:00-04:00,6.188891114958166,6.210529992317838,5.929217331441597,5.9508562088012695,947461,0.0,0.0
1992-04-08 00:00:00-04:00,5.907577968913132,5.972496541011099,5.8210200340092015,5.92921781539917,774609,0.0,0.0
1992-04-09 00:00:00-04:00,5.9508533168571125,6.059051036834717,5.885935265286308,6.059051036834717,805664,0.0,0.0
1992-04-10 00:00:00-04:00,6.232170053987822,6.38364655389893,6.21053020851477,6.297088623046875,1120312,0.0,0.0
1992-04-13 00:00:00-04:00,6.275448335488303,6.318727539705472,6.188890894413998,6.253808975219727,589453,0.0,0.0
1992-04-14 00:00:00-04:00,6.253809372381914,6.362006664276124,6.232170010739082,6.362006664276123,712793,0.0,0.0
1992-04-15 00:00:00-04:00,6.362006213505347,6.491843341523015,6.275448289386906,6.318727493286133,601172,0.0,0.0
1992-04-16 00:00:00-04:00,6.318727984839876,6.318727984839876,6.253809415780823,6.297088623046875,578613,0.0,0.0
1992-04-20 00:00:00-04:00,6.275447954162653,6.275447954162653,6.080692756219672,6.10233211517334,653613,0.0,0.0
1992-04-21 00:00:00-04:00,6.123972548159015,6.123972548159015,5.864298764642447,5.9508562088012695,779004,0.0,0.0
1992-04-22 00:00:00-04:00,5.929214977334014,5.972493682230251,5.842657083861695,5.8642964363098145,695508,0.0,0.0
1992-04-23 00:00:00-04:00,5.8859357887579336,5.907575141206053,5.756098706709536,5.8642964363098145,608496,0.0,0.0
1992-04-24 00:00:00-04:00,5.885938231829039,5.885938231829039,5.799380302429198,5.799380302429199,381445,0.0,0.0
1992-04-27 00:00:00-04:00,5.799377895285615,5.8859357887579336,5.777738542837497,5.8642964363098145,371191,0.0,0.0
1992-04-28 00:00:00-04:00,5.885936754907959,5.885936754907959,5.8210182032276725,5.842658042907715,202148,0.0,0.0
1992-04-29 00:00:00-04:00,5.864297398907837,5.864297398907837,5.8210182032276725,5.842658042907715,360352,0.0,0.0
1992-04-30 00:00:00-04:00,5.842658042907716,5.842658042907716,5.756099651547386,5.842658042907715,791309,0.0,0.0
1992-05-01 00:00:00-04:00,5.86429780781558,5.994134920229481,5.842658450306582,5.972495079040527,659766,0.0,0.0
1992-05-04 00:00:00-04:00,5.950856208801269,5.950856208801269,5.864298764642447,5.9508562088012695,618750,0.0,0.0
1992-05-05 00:00:00-04:00,5.929215950588124,5.950854822908325,5.842658042907716,5.842658042907715,366211,0.0,0.0
1992-05-06 00:00:00-04:00,5.907575141206053,5.950853846102291,5.842657083861695,5.8642964363098145,1192090,0.0,0.0
1992-05-07 00:00:00-04:00,5.8426590412890596,5.885937760684681,5.756100635137811,5.777740478515625,873633,0.0,0.0
1992-05-08 00:00:00-04:00,5.799379863741989,5.821019223535055,5.6911820974166485,5.734461784362793,481934,0.0,0.0
1992-05-11 00:00:00-04:00,5.734463239926551,5.734463239926551,5.647904811423378,5.712823390960693,653027,0.0,0.0
1992-05-12 00:00:00-04:00,5.691183541994836,5.734463239926551,5.647904811423378,5.712823390960693,408984,0.0,0.0
1992-05-13 00:00:00-04:00,5.734460397469252,5.734460397469252,5.647902011871338,5.647902011871338,486914,0.0,0.0
1992-05-14 00:00:00-04:00,5.647902533477666,5.669542373715615,5.539705267007658,5.561344623565674,1395996,0.0,0.0
1992-05-15 00:00:00-04:00,5.539702916114363,5.539702916114363,5.280029780256257,5.301668643951416,1642969,0.0,0.0
1992-05-18 00:00:00-04:00,5.23675245654042,5.431508120918818,5.23675245654042,5.323310852050781,1523145,0.0,0.0
1992-05-19 00:00:00-04:00,5.344949289730334,5.344949289730334,5.150194142530741,5.215112686157227,1184766,0.0,0.0
1992-05-20 00:00:00-04:00,5.258389949201641,5.323308475006032,5.258389949201641,5.301668643951416,1772461,0.0,0.0
1992-05-21 00:00:00-04:00,5.323310852050782,5.4098687638811995,5.301671011333219,5.323310852050781,906738,0.0,0.0
1992-05-22 00:00:00-04:00,5.34495103274905,5.539706243459417,5.34495103274905,5.518066883087158,960645,0.0,0.0
1992-05-26 00:00:00-04:00,5.539706095185183,5.756100660475852,5.539706095185183,5.734461784362793,1423535,0.0,0.0
1992-05-27 00:00:00-04:00,5.734461784362792,5.756100660475852,5.734461784362792,5.734461784362793,568359,0.0,0.0
1992-05-28 00:00:00-04:00,5.71282235894262,5.821019649505615,5.71282235894262,5.821019649505615,309375,0.0,0.0
1992-05-29 00:00:00-04:00,5.864298764642447,5.9724960535210085,5.864298764642447,5.9508562088012695,912012,0.0,0.0
1992-06-01 00:00:00-04:00,5.994134275885607,6.383644603896697,5.95085459816008,6.340365409851074,1366992,0.0,0.0
1992-06-02 00:00:00-04:00,6.3836466061309824,6.3836466061309824,6.210530259330357,6.232170104980469,1078418,0.0,0.0
1992-06-03 00:00:00-04:00,6.232169273036484,6.232169273036484,6.037414073944092,6.037414073944092,533203,0.0,1.5
1992-06-04 00:00:00-04:00,6.069871425628662,6.10233021209655,6.004952885333212,6.069871425628662,258203,0.0,0.0
1992-06-05 00:00:00-04:00,6.069872825778983,6.134790897369385,6.0374135481438085,6.134790897369385,481641,0.0,0.0
1992-06-08 00:00:00-04:00,6.082747874218029,6.245388031005859,6.082747874218029,6.245388031005859,331641,0.0256,0.0
1992-06-09 00:00:00-04:00,6.245386517319148,6.342970393858201,6.082746399950205,6.180330276489258,447656,0.0,0.0
1992-06-10 00:00:00-04:00,6.147801399230957,6.180329515641432,6.147801399230957,6.147801399230957,189844,0.0,0.0
1992-06-11 00:00:00-04:00,6.245385093059483,6.505609512329102,6.212856980062572,6.505609512329102,1036133,0.0,0.0
1992-06-12 00:00:00-04:00,6.473083844664899,6.603195861099204,6.408027594094818,6.5706682205200195,599609,0.0,0.0
1992-06-15 00:00:00-04:00,6.375495977605194,6.440552192550665,6.277912139892578,6.277912139892578,640039,0.0,0.0
1992-06-16 00:00:00-04:00,6.3429696129880835,6.408025845809034,6.115273282820482,6.147801399230957,672852,0.0,0.0
1992-06-17 00:00:00-04:00,6.147802093525256,6.1803302136092535,5.887577617559057,5.952633857727051,993945,0.0,0.0
1992-06-18 00:00:00-04:00,5.920105069063356,6.147801399230957,5.920105069063356,6.147801399230957,516016,0.0,0.0
1992-06-19 00:00:00-04:00,6.082746317217385,6.180330192429177,6.082746317217385,6.115273952484131,448437,0.0,0.0
1992-06-22 00:00:00-04:00,6.212860107421875,6.212860107421875,6.082748074645577,6.212860107421875,306836,0.0,0.0
1992-06-23 00:00:00-04:00,6.21285996907236,6.3755001275974985,6.21285996907236,6.310444355010986,547266,0.0,0.0
1992-06-24 00:00:00-04:00,6.310444495533535,6.342972140198172,6.1803319780513215,6.212860107421875,297461,0.0,0.0
1992-06-25 00:00:00-04:00,6.277914637734094,6.31044275814904,6.115274035659367,6.180330276489258,451172,0.0,0.0
1992-06-26 00:00:00-04:00,6.212860107421875,6.277916366162982,6.147803848680768,6.212860107421875,339062,0.0,0.0
1992-06-29 00:00:00-04:00,6.21285996907236,6.34297199895129,6.147803711779942,6.310444355010986,668750,0.0,0.0
1992-06-30 00:00:00-04:00,6.375499468809778,6.700780236954325,6.375499468809778,6.5706682205200195,1026172,0.0,0.0
1992-07-01 00:00:00-04:00,6.5056102727881875,6.570666506386616,6.408025922390545,6.538138389587402,1255273,0.0,0.0
1992-07-02 00:00:00-04:00,6.570666506386616,6.700778488877745,6.4730821559889735,6.538138389587402,802148,0.0,0.0
1992-07-06 00:00:00-04:00,6.440556384889917,6.473084513536126,6.277916226364778,6.310444355010986,243164,0.0,0.0
1992-07-07 00:00:00-04:00,6.1803302136092535,6.2128583336932515,5.952633857727051,5.952633857727051,1304687,0.0,0.0
1992-07-08 00:00:00-04:00,5.920104694399486,6.01768903745512,5.7574646073457885,5.887576580047607,1455078,0.0,0.0
1992-07-09 00:00:00-04:00,5.920105737643054,5.952633857727051,5.887577617559057,5.952633857727051,1345117,0.0,0.0
1992-07-10 00:00:00-04:00,5.985162176470405,5.985162176470405,5.9201059341430655,5.920105934143066,985352,0.0,0.0
1992-07-13 00:00:00-04:00,5.952633857727051,5.985161977811048,5.887577617559057,5.952633857727051,804687,0.0,0.0
1992-07-14 00:00:00-04:00,5.952633857727051,5.952633857727051,5.855049982180837,5.952633857727051,494336,0.0,0.0
1992-07-15 00:00:00-04:00,5.952634055306736,6.050218418797746,5.887577812979396,5.920105934143066,770117,0.0,0.0
1992-07-16 00:00:00-04:00,5.88757695520023,5.985161304473877,5.88757695520023,5.985161304473877,1029492,0.0,0.0
1992-07-17 00:00:00-04:00,5.985161999474596,6.017690119676331,5.659881282163035,5.789993762969971,997656,0.0,0.0
1992-07-20 00:00:00-04:00,5.627354954621615,5.724939346313477,5.594827308763596,5.724939346313477,502930,0.0,0.0
1992-07-21 00:00:00-04:00,5.855049982180837,5.952633857727051,5.82252186209684,5.952633857727051,1151367,0.0,0.0
1992-07-22 00:00:00-04:00,5.887576580047607,5.920104694399486,5.8550489504014225,5.887576580047607,455078,0.0,0.0
1992-07-23 00:00:00-04:00,5.85505000337344,5.85505000337344,5.757465642768237,5.789993762969971,496875,0.0,0.0
1992-07-24 00:00:00-04:00,5.7574646073457885,5.920104694399486,5.7574646073457885,5.887576580047607,823828,0.0,0.0
1992-07-27 00:00:00-04:00,5.887575325504402,5.952631540345775,5.855047702789307,5.855047702789307,1252734,0.0,0.0
1992-07-28 00:00:00-04:00,5.855049323481405,6.017689420898425,5.822521207056857,5.985161304473877,826953,0.0,0.0
1992-07-29 00:00:00-04:00,6.017691408658418,6.082747662996856,5.985163281489199,6.050219535827637,1130273,0.0,0.0
1992-07-30 00:00:00-04:00,6.050219535827638,6.082747662996856,5.985163281489199,6.050219535827637,1070703,0.0,0.0
1992-07-31 00:00:00-04:00,6.08274507522583,6.115272703850996,6.050216961894987,6.08274507522583,794727,0.0,0.0
1992-08-03 00:00:00-04:00,6.08274507522583,6.115272703850996,6.050216961894987,6.08274507522583,1118359,0.0,0.0
1992-08-04 00:00:00-04:00,6.082747662996856,6.115275305460192,6.050219535827638,6.050219535827637,749219,0.0,0.0
1992-08-05 00:00:00-04:00,6.050219535827638,6.115275305460192,6.050219535827638,6.050219535827637,422461,0.0,0.0
1992-08-06 00:00:00-04:00,6.08274507522583,6.08274507522583,6.050216961894987,6.08274507522583,205273,0.0,0.0
1992-08-07 00:00:00-04:00,6.082746422806522,6.115274058637909,5.985162061195006,6.017690181732178,319336,0.0,0.0
1992-08-10 00:00:00-04:00,5.985160923103242,6.01768903745512,5.7574646073457885,5.887576580047607,544531,0.0,0.0
1992-08-11 00:00:00-04:00,5.9201059341430655,5.952634055306736,5.85505017652152,5.920105934143066,381250,0.0,0.0
1992-08-12 00:00:00-04:00,5.887577638869394,5.952633879272862,5.757465642768237,5.789993762969971,369531,0.0,0.0
1992-08-13 00:00:00-04:00,5.789991487947934,5.887575325504402,5.789991487947934,5.855047702789307,320312,0.0,0.0
1992-08-14 00:00:00-04:00,5.887577812979396,5.952634055306736,5.85505017652152,5.920105934143066,156445,0.0,0.0
1992-08-17 00:00:00-04:00,5.952633188049328,6.017689420898425,5.920105071624779,5.985161304473877,187109,0.0,0.0
1992-08-18 00:00:00-04:00,5.952634055306736,5.985162176470405,5.82252205535785,5.920105934143066,228711,0.0,0.0
1992-08-19 00:00:00-04:00,5.952633879272862,5.985161999474596,5.757465642768237,5.789993762969971,237500,0.0,0.0
1992-08-20 00:00:00-04:00,5.789991487947934,5.952631540345775,5.789991487947934,5.855047702789307,369141,0.0,0.0
1992-08-21 00:00:00-04:00,5.98515964776646,5.98515964776646,5.757463380527248,5.855047702789307,541406,0.0,0.0
1992-08-24 00:00:00-04:00,5.789992102862966,5.822520213738238,5.497239589691162,5.497239589691162,869141,0.0,0.0
1992-08-25 00:00:00-04:00,5.529769698417561,5.692409826848549,5.529769698417561,5.562297821044922,438086,0.0,0.0
1992-08-26 00:00:00-04:00,5.562297821044922,5.627353581593828,5.529769698417561,5.562297821044922,214258,0.0,0.0
1992-08-27 00:00:00-04:00,5.594826574869686,5.692410469055177,5.594826574869686,5.692410469055176,682227,0.0,0.0
1992-08-28 00:00:00-04:00,5.692409713778118,5.692409713778118,5.594825832540197,5.659881591796875,240430,0.0,0.0
1992-08-31 00:00:00-04:00,5.6273531619613,5.789993762969972,5.497241165860143,5.789993762969971,951367,0.0,0.0
1992-09-01 00:00:00-04:00,5.724936313292227,6.08274507522583,5.692408199961384,6.08274507522583,1215039,0.0,0.0
1992-09-02 00:00:00-04:00,6.08274507522583,6.115272703850996,5.985160735233299,6.08274507522583,719727,0.0,0.0
1992-09-03 00:00:00-04:00,6.115273952484132,6.277914552346747,6.082746317217385,6.115273952484131,863281,0.0,0.0
1992-09-04 00:00:00-04:00,6.082747662996856,6.212859686967849,6.017691408658418,6.050219535827637,219922,0.0,0.0
1992-09-08 00:00:00-04:00,6.115275517810874,6.277916159304605,6.082747874218029,6.245388031005859,1597852,0.0,0.0
1992-09-09 00:00:00-04:00,6.225829833677943,6.323617935180665,6.225829833677943,6.323617935180664,1494336,0.0256,0.0
1992-09-10 00:00:00-04:00,6.291021184692687,6.356212759216975,6.2258291244506845,6.225829124450684,769141,0.0,0.0
1992-09-11 00:00:00-04:00,6.258425154571685,6.258425154571685,6.193233094329683,6.225829124450684,689062,0.0,0.0
1992-09-14 00:00:00-04:00,6.258424074522903,6.388807686788216,6.258424074522903,6.3562116622924805,688086,0.0,0.0
1992-09-15 00:00:00-04:00,6.356209550803451,6.388805564471015,6.291018009185791,6.291018009185791,623828,0.0,0.0
1992-09-16 00:00:00-04:00,6.225825981850662,6.356209550803451,6.1280379408479675,6.291018009185791,524414,0.0,0.0
1992-09-17 00:00:00-04:00,6.356211155619171,6.551787287003607,6.356211155619171,6.519191265106201,1636328,0.0,0.0
1992-09-18 00:00:00-04:00,6.486597459732516,6.486597459732516,6.421405393661038,6.454001426696777,664258,0.0,0.0
1992-09-21 00:00:00-04:00,6.486597459732516,6.486597459732516,6.421405393661038,6.454001426696777,229492,0.0,0.0
1992-09-22 00:00:00-04:00,6.388805564471015,6.421401578138581,6.193229968183097,6.291018009185791,580664,0.0,0.0
1992-09-23 00:00:00-04:00,6.291021901346424,6.356213483297135,6.258425867512184,6.323617935180664,158984,0.0,0.0
1992-09-24 00:00:00-04:00,6.323617935180665,6.323617935180665,6.291021901346424,6.323617935180664,144336,0.0,0.0
1992-09-25 00:00:00-04:00,6.323617194781317,6.323617194781317,5.997657380321614,6.0302534103393555,527148,0.0,0.0
1992-09-28 00:00:00-04:00,6.095446031492497,6.095446031492497,6.030253965455744,6.062849998474121,417383,0.0,0.0
1992-09-29 00:00:00-04:00,6.062849998474121,6.095446031492497,5.96506189941899,6.062849998474121,405273,0.0,0.0
1992-09-30 00:00:00-04:00,6.095444437761854,6.421403711283952,6.062848413266118,6.3562116622924805,512109,0.0,0.0
1992-10-01 00:00:00-04:00,6.291022704254158,6.291022704254158,6.193234590270979,6.258426666259766,565625,0.0,0.0
1992-10-02 00:00:00-04:00,6.2258291244506845,6.323617214813688,6.2258291244506845,6.225829124450684,1573242,0.0,0.0
1992-10-05 00:00:00-04:00,6.258425072540587,6.258425072540587,5.834677657957185,6.193233013153076,948633,0.0,0.0
1992-10-06 00:00:00-04:00,6.356212759216975,6.356212759216975,6.193233094329683,6.225829124450684,1385352,0.0,0.0
1992-10-07 00:00:00-04:00,6.1606376118114925,6.19323364482987,6.062849998474121,6.062849998474121,1144336,0.0,0.0
1992-10-08 00:00:00-04:00,6.128041578793116,6.1606376118114925,6.062849998474121,6.062849998474121,1493750,0.0,0.0
1992-10-09 00:00:00-04:00,6.062847244473681,6.062847244473681,5.769483566284181,5.76948356628418,1846875,0.0,0.0
1992-10-12 00:00:00-04:00,5.802080897268316,5.9324645138988,5.802080897268316,5.899868488311768,1029687,0.0,0.0
1992-10-13 00:00:00-04:00,5.9324653202861315,6.062849440357097,5.867273745968362,6.0302534103393555,790039,0.0,0.0
1992-10-14 00:00:00-04:00,6.06284865347308,6.193232270904125,6.06284865347308,6.095444679260254,846484,0.0,0.0
1992-10-15 00:00:00-04:00,6.095445721750753,6.323617455567023,6.0302536590267515,6.1280412673950195,1130078,0.0,0.0
1992-10-16 00:00:00-04:00,6.160637044692609,6.19323307471035,5.997657380321614,6.0302534103393555,520508,0.0,0.0
1992-10-19 00:00:00-04:00,6.030252388770382,6.421403711283952,6.030252388770382,6.3562116622924805,1607031,0.0,0.0
1992-10-20 00:00:00-04:00,6.388807177516577,6.584383308901013,6.356211155619171,6.519191265106201,1356836,0.0,0.0
1992-10-21 00:00:00-04:00,6.551787287003607,6.584383308901013,6.486595243208795,6.519191265106201,479687,0.0,0.0
1992-10-22 00:00:00-04:00,6.4865970611572275,6.519193092190071,6.388808968058696,6.486597061157227,386523,0.0,0.0
1992-10-23 00:00:00-04:00,6.486599787057514,6.682175569724759,6.454003742326652,6.6495795249938965,640430,0.0,0.0
1992-10-26 00:00:00-05:00,6.6821725616381045,7.008132376492785,6.649576531580865,6.975536346435547,1586328,0.0,0.0
1992-10-27 00:00:00-05:00,6.779959505143506,6.812555529687916,6.682171431510278,6.7147674560546875,1153516,0.0,0.0
1992-10-28 00:00:00-05:00,6.649575195569596,6.845150850900886,6.649575195569596,6.812555313110352,1026367,0.0,0.0
1992-10-29 00:00:00-05:00,6.812558578806373,6.877750171355569,6.779962539672851,6.779962539672852,383984,0.0,0.0
1992-10-30 00:00:00-05:00,6.779959505143506,6.779959505143506,6.649575406965868,6.7147674560546875,670508,0.0,0.0
1992-11-02 00:00:00-05:00,6.714770461405807,6.812558578806373,6.649578383138762,6.779962539672852,949219,0.0,0.0
1992-11-03 00:00:00-05:00,6.714771614455621,6.747367659186484,6.649579524993896,6.6495795249938965,308984,0.0,0.0
1992-11-04 00:00:00-05:00,6.682171431510278,6.779959505143506,6.682171431510278,6.7147674560546875,612500,0.0,0.0
1992-11-05 00:00:00-05:00,6.714769524511352,6.714769524511352,6.551789837301725,6.584385871887207,492969,0.0,0.0
1992-11-06 00:00:00-05:00,6.58438392322171,6.58438392322171,6.388807773590088,6.388807773590088,550781,0.0,0.0
1992-11-09 00:00:00-05:00,6.421403711283952,6.421403711283952,6.258424074522903,6.3562116622924805,1567187,0.0,0.0
1992-11-10 00:00:00-05:00,6.323616123514375,6.486595760275424,6.323616123514375,6.3562116622924805,1658203,0.0,0.0
1992-11-11 00:00:00-05:00,6.356211155619171,6.519191265106201,6.193231531849734,6.519191265106201,3241992,0.0,0.0
1992-11-12 00:00:00-05:00,6.584383308901013,6.616978845080827,6.421403199413983,6.519191265106201,712500,0.0,0.0
1992-11-13 00:00:00-05:00,6.486597768130761,6.6169814207549065,6.4540017335452795,6.584385871887207,567773,0.0,0.0
1992-11-16 00:00:00-05:00,6.61698055267334,6.714768643600967,6.584385008081848,6.61698055267334,678320,0.0,0.0
1992-11-17 00:00:00-05:00,6.682172613291757,6.682172613291757,6.551788977772639,6.61698055267334,881641,0.0,0.0
1992-11-18 00:00:00-05:00,6.519193802716243,6.6169814207549065,6.519193802716243,6.584385871887207,1222266,0.0,0.0
1992-11-19 00:00:00-05:00,6.649577218680332,6.682173252105714,6.584385637547334,6.682173252105713,576953,0.0,0.0
1992-11-20 00:00:00-05:00,6.910343206452198,6.910343206452198,6.714767542388787,6.747363567352295,729687,0.0,0.0
1992-11-23 00:00:00-05:00,6.812558578806373,6.910346210489091,6.714770461405807,6.779962539672852,395508,0.0,0.0
1992-11-24 00:00:00-05:00,6.779960802239083,6.877748408862734,6.747364771458625,6.845152378082275,691211,0.0,0.0
1992-11-25 00:00:00-05:00,6.845151592920008,6.975535701086339,6.77996002455451,6.910343647003174,786328,0.0,0.0
1992-11-27 00:00:00-05:00,6.9429402351379395,7.008132294489597,6.910344205462111,6.9429402351379395,262109,0.0,0.0
1992-11-30 00:00:00-05:00,7.008132376492785,7.040728406550025,6.910344286321068,6.975536346435547,535156,0.0,0.0
1992-12-01 00:00:00-05:00,6.97553561563236,6.97553561563236,6.845151509063302,6.877747535705566,492187,0.0,0.0
1992-12-02 00:00:00-05:00,6.877746874409038,6.877746874409038,6.714767242585898,6.812555313110352,445312,0.0,0.0
1992-12-03 00:00:00-05:00,6.812555617279312,6.845151156525182,6.747363567352296,6.747363567352295,625000,0.0,0.0
1992-12-04 00:00:00-05:00,6.779959592315803,6.779959592315803,6.68217151742528,6.747363567352295,459961,0.0,0.0
1992-12-07 00:00:00-05:00,6.727769202559317,6.82574662239893,6.727769202559317,6.793087482452393,416992,0.0256,0.0
1992-12-08 00:00:00-05:00,6.793085249079918,6.825744378289066,6.695107861452473,6.727766990661621,598828,0.0,0.0
1992-12-09 00:00:00-05:00,6.695109844207763,6.760428121970054,6.662450705326618,6.695109844207764,633398,0.0,0.0
1992-12-10 00:00:00-05:00,6.760426998138428,6.8257452650424195,6.727767864686432,6.760426998138428,1515625,0.0,0.0
1992-12-11 00:00:00-05:00,6.695109844207763,6.727768983088908,6.662450705326618,6.695109844207764,672656,0.0,0.0
1992-12-14 00:00:00-05:00,6.662450705326618,6.695109844207763,6.629791566445473,6.695109844207764,309961,0.0,0.0
1992-12-15 00:00:00-05:00,6.695109844207763,6.695109844207763,6.629791566445473,6.695109844207764,890625,0.0,0.0
1992-12-16 00:00:00-05:00,6.695110497576575,6.695110497576575,6.564474415961463,6.629792213439941,253711,0.0,0.0
1992-12-17 00:00:00-05:00,6.6297935491059405,6.695111846401872,6.597134887116227,6.662452697753906,965430,0.0,0.0
1992-12-18 00:00:00-05:00,6.695109694951974,6.695109694951974,6.2705418722783,6.564473628997803,4487891,0.0,0.0
1992-12-21 00:00:00-05:00,6.531813144683838,6.629790052292588,6.531813144683838,6.531813144683838,735156,0.0,0.0
1992-12-22 00:00:00-05:00,6.564474415961463,6.727769639644891,6.564474415961463,6.629792213439941,1638086,0.0,0.0
1992-12-23 00:00:00-05:00,6.531815139626965,6.56447428102395,6.499155998229981,6.4991559982299805,562695,0.0,0.0
1992-12-24 00:00:00-05:00,6.5318133810892,6.5318133810892,6.401176850672089,6.433835983276367,492969,0.0,0.0
1992-12-28 00:00:00-05:00,6.466496856832997,6.531815139626965,6.433837715436012,6.4991559982299805,265625,0.0,0.0
1992-12-29 00:00:00-05:00,6.466496856832997,6.597133422420934,6.466496856832997,6.4991559982299805,528320,0.0,0.0
1992-12-30 00:00:00-05:00,6.433837076385537,6.564473628997804,6.433837076385537,6.564473628997803,379102,0.0,0.0
1992-12-31 00:00:00-05:00,6.499156131824829,6.629792213439942,6.499156131824829,6.629792213439941,483203,0.0,0.0
1993-01-04 00:00:00-05:00,6.760426119870769,6.858403020840252,6.662448732243324,6.727766990661621,933203,0.0,0.0
1993-01-05 00:00:00-05:00,6.793085432349054,6.858403205871582,6.760426302258803,6.858403205871582,1099023,0.0,0.0
1993-01-06 00:00:00-05:00,6.891065415766139,6.956383705139161,6.891065415766139,6.95638370513916,1697070,0.0,0.0
1993-01-07 00:00:00-05:00,6.956384065623862,6.989043212002792,6.825747966766358,6.825747966766357,509961,0.0,0.0
1993-01-08 00:00:00-05:00,6.825746399732344,6.858405051955382,6.695109844207763,6.695109844207764,453711,0.0,0.0
1993-01-11 00:00:00-05:00,6.72776883310504,6.760427971258107,6.49915535269167,6.564473628997803,631445,0.0,0.0
1993-01-12 00:00:00-05:00,6.564473775341289,6.695109844207763,6.564473775341289,6.695109844207764,544336,0.0,0.0
1993-01-13 00:00:00-05:00,6.66244959778244,6.760426998138428,6.66244959778244,6.760426998138428,482812,0.0,0.0
1993-01-14 00:00:00-05:00,6.727768983088908,6.760428121970054,6.662450705326618,6.695109844207764,663867,0.0,0.0
1993-01-15 00:00:00-05:00,6.695111846401872,6.760430143697803,6.6297935491059405,6.662452697753906,782812,0.0,0.0
1993-01-18 00:00:00-05:00,6.695111034305269,6.956383705139161,6.662451889618758,6.95638370513916,653320,0.0,0.0
1993-01-19 00:00:00-05:00,6.989042881472238,7.152338118986003,6.9563837366378465,7.119678974151611,897461,0.0,0.0
1993-01-20 00:00:00-05:00,7.152335564401204,7.250312963909996,7.054358651550433,7.184994697570801,867383,0.0,0.0
1993-01-21 00:00:00-05:00,7.184996389252024,7.217655530111098,7.054360312473868,7.087018966674805,437109,0.0,0.0
1993-01-22 00:00:00-05:00,7.054357124145137,7.087015763585483,6.95637974585035,7.021697998046875,534180,0.0,0.0
1993-01-25 00:00:00-05:00,6.8584062710796285,7.021701994512182,6.8584062710796285,6.95638370513916,315625,0.0,0.0
1993-01-26 00:00:00-05:00,7.021697998046874,7.119674889683746,6.989038871948612,7.021697998046875,470703,0.0,0.0
1993-01-27 00:00:00-05:00,7.119678107533878,7.152337248392952,7.087018966674805,7.087018966674805,308789,0.0,0.0
1993-01-28 00:00:00-05:00,7.152337248392952,7.184996389252024,7.054360312473868,7.087018966674805,312695,0.0,0.0
1993-01-29 00:00:00-05:00,7.021701171614795,7.152337248392952,7.021701171614795,7.087018966674805,537891,0.0,0.0
1993-02-01 00:00:00-05:00,7.0216984007153815,7.087016169999723,6.989039272744238,7.054357528686523,288281,0.0,0.0
1993-02-02 00:00:00-05:00,6.989042792518688,7.2503154612102625,6.989042792518688,7.152338027954102,915430,0.0,0.0
1993-02-03 00:00:00-05:00,7.217654611408826,7.446268081665039,7.217654611408826,7.446268081665039,1261914,0.0,0.0
1993-02-04 00:00:00-05:00,7.478927875660836,7.544246154805487,6.13990558648609,6.270542144775391,8832422,0.0,0.0
1993-02-05 00:00:00-05:00,6.531813951396225,6.629790871105625,5.9439504865076005,6.205223083496094,14004297,0.0,0.0
1993-02-08 00:00:00-05:00,6.270541354407731,6.335859625319368,6.172563948040275,6.205223083496094,3362109,0.0,0.0
1993-02-09 00:00:00-05:00,6.139905565684471,6.205223844607827,5.813315144383922,5.91129207611084,3552148,0.0,0.0
1993-02-10 00:00:00-05:00,6.0419277336907715,6.139904650818813,5.976609464500049,6.074586868286133,4452148,0.0,0.0
1993-02-11 00:00:00-05:00,6.074588660511654,6.074588660511654,5.911292939356645,5.9439520835876465,2241992,0.0,0.0
1993-02-12 00:00:00-05:00,5.976610355034197,5.976610355034197,5.878633423307278,5.91129207611084,1805664,0.0,0.0
1993-02-16 00:00:00-05:00,5.8786339893286765,5.911292645276762,5.486724764711868,5.519383907318115,1861719,0.0,0.0
1993-02-17 00:00:00-05:00,5.650018280951434,5.650018280951434,5.421404838562012,5.421404838562012,1892383,0.0,0.0
1993-02-18 00:00:00-05:00,5.486726932578168,5.617363554619128,5.486726932578168,5.584704399108887,2300977,0.0,0.0
1993-02-19 00:00:00-05:00,5.61735963821411,5.650018284296494,5.584700505473712,5.617359638214111,995703,0.0,0.0
1993-02-22 00:00:00-05:00,5.552042017160187,5.552042017160187,5.356087684631348,5.356087684631348,2021680,0.0,0.0
1993-02-23 00:00:00-05:00,5.388745307922363,5.454063075984392,5.356086180562382,5.388745307922363,1522656,0.0,0.0
1993-02-24 00:00:00-05:00,5.388747823551287,5.519383907318115,5.35608868094504,5.519383907318115,1675781,0.0,0.0
1993-02-25 00:00:00-05:00,5.519382236725199,5.552041369446261,5.388746192498965,5.421404838562012,1470312,0.0,0.0
1993-02-26 00:00:00-05:00,5.454061606294892,5.650015830993652,5.454061606294892,5.650015830993652,783008,0.0,0.0
1993-03-01 00:00:00-05:00,5.650022223471013,5.650022223471013,5.486726932578168,5.584704399108887,1236133,0.0,0.0
1993-03-02 00:00:00-05:00,5.519383862736511,5.780656514817958,5.519383862736511,5.715338230133057,917969,0.0,0.0
1993-03-03 00:00:00-05:00,5.715337360026654,5.780655634767462,5.68267822265625,5.68267822265625,1528906,0.0,0.0
1993-03-04 00:00:00-05:00,5.715338230133057,5.780656514817958,5.584702147421413,5.715338230133057,1485547,0.0,0.0
1993-03-05 00:00:00-05:00,5.715336169257415,5.8133135609553985,5.715336169257415,5.780654430389404,747656,0.0,0.0
1993-03-08 00:00:00-05:00,5.728284365275277,5.891949967318924,5.728284365275277,5.826483726501465,585742,0.0256,0.0
1993-03-09 00:00:00-05:00,5.826483726501465,5.891949967318924,5.761017485684007,5.826483726501465,482227,0.0,0.0
1993-03-10 00:00:00-05:00,5.793750744100306,5.793750744100306,5.597352504730225,5.597352504730225,1558398,0.0,0.0
1993-03-11 00:00:00-05:00,5.597351858753455,5.597351858753455,5.499152506521099,5.531885623931885,2251953,0.0,0.0
1993-03-12 00:00:00-05:00,5.466417424704482,5.728281782127002,5.466417424704482,5.662815570831299,1818164,0.0,0.0
1993-03-15 00:00:00-05:00,5.695549701848058,5.924680994873197,5.662816590307269,5.859215259552002,1370312,0.0,0.0
1993-03-16 00:00:00-05:00,5.826481486578529,5.859214594403396,5.7610152709287945,5.793748378753662,1118750,0.0,0.0
1993-03-17 00:00:00-05:00,5.7937479934227065,5.7937479934227065,5.662815570831299,5.662815570831299,697266,0.0,0.0
1993-03-18 00:00:00-05:00,5.6955512448665475,5.826483726501465,5.662818124457818,5.826483726501465,1146289,0.0,0.0
1993-03-19 00:00:00-05:00,5.761014887774854,5.7937479934227065,5.662815570831299,5.662815570831299,2331836,0.0,0.0
1993-03-22 00:00:00-05:00,5.56461938354179,5.597352504730225,5.49915314116492,5.597352504730225,1427930,0.0,0.0
1993-03-23 00:00:00-05:00,5.6300843380584595,5.662816963998905,5.564618110656738,5.564618110656738,1360352,0.0,0.0
1993-03-24 00:00:00-05:00,5.564616741648038,5.761014887774854,5.564616741648038,5.662815570831299,1533789,0.0,0.0
1993-03-25 00:00:00-05:00,5.6955486764791505,5.6955486764791505,5.6300829529437415,5.662815570831299,551953,0.0,0.0
1993-03-26 00:00:00-05:00,5.728282780674957,5.79374900338266,5.728282780674957,5.761015892028809,1437305,0.0,0.0
1993-03-29 00:00:00-05:00,5.793748378753661,5.859214594403396,5.7610152709287945,5.793748378753662,484766,0.0,0.0
1993-03-30 00:00:00-05:00,5.728282780674957,5.79374900338266,5.597350823019929,5.761015892028809,1683789,0.0,0.0
1993-03-31 00:00:00-05:00,5.76101484775777,5.99014609794085,5.76101484775777,5.891947269439697,1954492,0.0,0.0
1993-04-01 00:00:00-05:00,5.9246803222928035,5.9246803222928035,5.793748378753661,5.793748378753662,976367,0.0,0.0
1993-04-02 00:00:00-05:00,5.761012683731543,5.761012683731543,5.597347705867386,5.7282795906066895,3127344,0.0,0.0
1993-04-05 00:00:00-04:00,5.793751729355149,5.793751729355149,5.662819222335719,5.695552349090576,1135547,0.0,0.0
1993-04-06 00:00:00-04:00,5.695546497481836,5.761012683731543,5.662813404356983,5.7282795906066895,923633,0.0,0.0
1993-04-07 00:00:00-04:00,5.728282998833574,5.957414299276501,5.728282998833574,5.924681186676025,3636914,0.0,0.0
1993-04-08 00:00:00-04:00,5.957413712790026,6.055613040924072,5.9246806034120105,6.055613040924072,1191016,0.0,0.0
1993-04-12 00:00:00-04:00,6.088346481323242,6.121079592480945,6.05561337016554,6.088346481323242,1228320,0.0,0.0
1993-04-13 00:00:00-04:00,6.055614454977035,6.088347571998595,5.957415103912354,5.9574151039123535,2275195,0.0,0.0
1993-04-14 00:00:00-04:00,5.990146589739098,6.21927785873413,5.990146589739098,6.219277858734131,2500781,0.0,0.0
1993-04-15 00:00:00-04:00,6.219279442125158,6.382944536572518,6.186546325683595,6.186546325683594,2277148,0.0,0.0
1993-04-16 00:00:00-04:00,6.219279114721186,6.252012229439567,6.153812885284424,6.153812885284424,607031,0.0,0.0
1993-04-19 00:00:00-04:00,6.153812885284424,6.252012229439567,6.088347143608093,6.153812885284424,775586,0.0,0.0
1993-04-20 00:00:00-04:00,6.121079592480945,6.121079592480945,5.990147147850135,6.088346481323242,1074414,0.0,0.0
1993-04-21 00:00:00-04:00,6.088345689938387,6.38294267654419,6.088345689938387,6.3829426765441895,1633984,0.0,0.0
1993-04-22 00:00:00-04:00,6.21928072651764,6.481145224369383,6.186547603316103,6.415678977966309,2304102,0.0,0.0
1993-04-23 00:00:00-04:00,6.31747695049863,6.415675783447127,6.21927762978982,6.3829426765441895,1977344,0.0,0.0
1993-04-26 00:00:00-04:00,6.317479133605957,6.382944882274267,6.28474601539156,6.317479133605957,2191602,0.0,0.0
1993-04-27 00:00:00-04:00,6.3174783304224436,6.350211444475259,6.284745216369628,6.284745216369629,798047,0.0,0.0
1993-04-28 00:00:00-04:00,6.284746805649423,6.317479927979754,6.18654743865843,6.252013683319092,286523,0.0,0.0
1993-04-29 00:00:00-04:00,6.317479133605957,6.317479133605957,6.252012897177164,6.317479133605957,1704687,0.0,0.0
1993-04-30 00:00:00-04:00,6.350211907891411,6.350211907891411,6.153813209242031,6.186546325683594,411914,0.0,0.0
1993-05-03 00:00:00-04:00,6.219278988263998,6.3174783304224436,6.186545874211182,6.284745216369629,491406,0.0,0.0
1993-05-04 00:00:00-04:00,6.2847438435956935,6.415675783447127,6.2847438435956935,6.3829426765441895,1014844,0.0,0.0
1993-05-05 00:00:00-04:00,6.382943516462828,6.513875961303711,6.382943516462828,6.513875961303711,1392969,0.0,0.0
1993-05-06 00:00:00-04:00,6.51387425266807,6.57934045791626,6.4811411500439755,6.57934045791626,2378320,0.0,0.0
1993-05-07 00:00:00-04:00,6.64480776852129,6.64480776852129,6.513875814393744,6.546608924865723,367187,0.0,0.0
1993-05-10 00:00:00-04:00,6.51387425266807,6.57934045791626,6.51387425266807,6.57934045791626,496875,0.0,0.0
1993-05-11 00:00:00-04:00,6.546609072513932,6.579342183724153,6.48114285009349,6.513875961303711,432227,0.0,0.0
1993-05-12 00:00:00-04:00,6.4484100341796875,6.644808222674429,6.350211183812517,6.4484100341796875,1276172,0.0,0.0
1993-05-13 00:00:00-04:00,6.219278226482764,6.415676398982997,6.219278226482764,6.350210666656494,857422,0.0,0.0
1993-05-14 00:00:00-04:00,6.317477781802765,6.579342183724153,6.284744670592544,6.513875961303711,846289,0.0,0.0
1993-05-17 00:00:00-04:00,6.481143474578857,6.481143474578857,6.382944131486276,6.481143474578857,313672,0.0,0.0
1993-05-18 00:00:00-04:00,6.513877262821609,6.644809246063232,6.448411027320559,6.644809246063232,1820508,0.0,0.0
1993-05-19 00:00:00-04:00,6.579343498322658,6.677542363813758,6.513877262821609,6.644809246063232,413086,0.0,0.0
1993-05-20 00:00:00-04:00,6.677543640136719,6.7102767641437415,6.644810516129696,6.677543640136719,801562,0.0,0.0
1993-05-21 00:00:00-04:00,6.677541029594437,6.677541029594437,6.48114285009349,6.513875961303711,613672,0.0,0.0
1993-05-24 00:00:00-04:00,6.481143474578857,6.5138765889430505,6.41567724585047,6.481143474578857,175781,0.0,0.0
1993-05-25 00:00:00-04:00,6.481141997253,6.481141997253,6.31747695049863,6.3829426765441895,355664,0.0,0.0
1993-05-26 00:00:00-04:00,6.415676921470497,6.481143146888877,6.382943808761307,6.4484100341796875,224805,0.0,0.0
1993-05-27 00:00:00-04:00,6.481142619069862,6.481142619069862,6.284744446569629,6.350210666656494,1324023,0.0,0.0
1993-05-28 00:00:00-04:00,6.382944882274267,6.382944882274267,6.28474601539156,6.317479133605957,265234,0.0,0.0
1993-06-01 00:00:00-04:00,6.317478071103326,6.481143146888877,6.284744958394136,6.4484100341796875,554102,0.0,0.0
1993-06-02 00:00:00-04:00,6.448410360214663,6.5138765889430505,6.41567724585047,6.481143474578857,995117,0.0,0.0
1993-06-03 00:00:00-04:00,6.448412101167846,6.448412101167846,6.35021321932379,6.415678977966309,260352,0.0,0.0
1993-06-04 00:00:00-04:00,6.350212251820353,6.382944882274267,6.28474601539156,6.317479133605957,319531,0.0,0.0
1993-06-07 00:00:00-04:00,6.2676000595092765,6.333229512628641,6.234785332949595,6.267600059509277,263867,0.03072,0.0
1993-06-08 00:00:00-04:00,6.23478530364544,6.267600030050889,6.20197057723999,6.20197057723999,276953,0.0,0.0
1993-06-09 00:00:00-04:00,6.136341796476236,6.234785489653,6.103527069091798,6.103527069091797,1308398,0.0,0.0
1993-06-10 00:00:00-04:00,6.070712160594729,6.20197057723999,6.070712160594729,6.20197057723999,1271484,0.0,0.0
1993-06-11 00:00:00-04:00,6.300416037112677,6.46448921351378,6.300416037112677,6.431674480438232,1019336,0.0,0.0
1993-06-14 00:00:00-04:00,6.562932238955882,6.595746966162495,6.497302784542654,6.530117511749268,579492,0.0,0.0
1993-06-15 00:00:00-04:00,6.694188751261168,6.727003469117054,6.562930368814037,6.595745086669922,708789,0.0,0.0
1993-06-16 00:00:00-04:00,6.562932014465332,6.59574674054949,6.530117288381174,6.562932014465332,701953,0.0,0.0
1993-06-17 00:00:00-04:00,6.562930368814037,6.595745086669922,6.46448621524638,6.595745086669922,887109,0.0,0.0
1993-06-18 00:00:00-04:00,6.562930368814037,6.661374033405283,6.530115650958151,6.595745086669922,615234,0.0,0.0
1993-06-21 00:00:00-04:00,6.628561435924578,6.628561435924578,6.497302532196045,6.497302532196045,1048828,0.0,0.0
1993-06-22 00:00:00-04:00,6.530118679664876,6.530118679664876,6.3988597473626845,6.431674480438232,1149414,0.0,0.0
1993-06-23 00:00:00-04:00,6.366042137145996,6.3988563638940095,6.267597989972824,6.366042137145996,1588867,0.0,0.0
1993-06-24 00:00:00-04:00,6.366044146936913,6.562932014465332,6.333229420852755,6.562932014465332,910156,0.0,0.0
1993-06-25 00:00:00-04:00,6.562932014465332,6.6613757037412755,6.530117288381174,6.562932014465332,561328,0.0,0.0
1993-06-28 00:00:00-04:00,6.595746561206241,6.694190247805427,6.595746561206241,6.661375522613525,639453,0.0,0.0
1993-06-29 00:00:00-04:00,6.7270060352622725,6.923893928527832,6.69419130488858,6.923893928527832,1073047,0.0,0.0
1993-06-30 00:00:00-04:00,6.85826222905478,6.891076457400839,6.694188642442484,6.759818077087402,568945,0.0,0.0
1993-07-01 00:00:00-04:00,6.759819550628472,6.759819550628472,6.366043834874457,6.398858070373535,2031641,0.0,0.0
1993-07-02 00:00:00-04:00,6.39885850622346,6.39885850622346,6.300414815067846,6.3332295417785645,1094727,0.0,0.0
1993-07-06 00:00:00-04:00,6.333229671806317,6.333229671806317,6.103527069091798,6.103527069091797,2496875,0.0,0.0
1993-07-07 00:00:00-04:00,6.201970634935691,6.39885850622346,6.201970634935691,6.3332295417785645,1541211,0.0,0.0
1993-07-08 00:00:00-04:00,6.267599939647643,6.497302532196045,6.070712073031374,6.497302532196045,3038477,0.0,0.0
1993-07-09 00:00:00-04:00,6.398858070373535,6.464487519324707,6.366043834874457,6.398858070373535,1679687,0.0,0.0
1993-07-12 00:00:00-04:00,6.333227421421605,6.3988563638940095,6.300412705697215,6.366042137145996,547852,0.0,0.0
1993-07-13 00:00:00-04:00,6.366042137145996,6.366042137145996,6.300412705697215,6.366042137145996,796289,0.0,0.0
1993-07-14 00:00:00-04:00,6.333229391511909,6.497302532196045,6.333229391511909,6.497302532196045,756250,0.0,0.0
1993-07-15 00:00:00-04:00,6.39885821005483,6.661375522613525,6.366043973839448,6.661375522613525,1803906,0.0,0.0
1993-07-16 00:00:00-04:00,6.661375931599173,6.661375931599173,6.366044364692749,6.530117511749268,3574609,0.0,0.0
1993-07-19 00:00:00-04:00,6.562930274281005,6.595744991664224,6.398856687364908,6.464486122131348,1204297,0.0,0.0
1993-07-20 00:00:00-04:00,6.431674480438232,6.46448921351378,6.366045503263773,6.431674480438232,441992,0.0,0.0
1993-07-21 00:00:00-04:00,6.398858354399646,6.530117258128178,6.398858354399646,6.497302532196045,1091016,0.0,0.0
1993-07-22 00:00:00-04:00,6.464487806263912,6.497302532196045,6.3660441174440425,6.497302532196045,204297,0.0,0.0
1993-07-23 00:00:00-04:00,6.4316730803317785,6.530117258128178,6.4316730803317785,6.497302532196045,244727,0.0,0.0
1993-07-26 00:00:00-04:00,6.497302532196045,6.562931984060311,6.497302532196045,6.497302532196045,598828,0.0,0.0
1993-07-27 00:00:00-04:00,6.530117110822437,6.661375522613525,6.530117110822437,6.661375522613525,582617,0.0,0.0
1993-07-28 00:00:00-04:00,6.628559804525807,6.661374033405283,6.398856779534609,6.595745086669922,533594,0.0,0.0
1993-07-29 00:00:00-04:00,6.5957477514767,6.6941914558410645,6.5957477514767,6.6941914558410645,512891,0.0,0.0
1993-07-30 00:00:00-04:00,6.694193126602083,6.727007865905762,6.661378387298404,6.727007865905762,408203,0.0,0.0
1993-08-02 00:00:00-04:00,6.694193126602083,6.727007865905762,6.661378387298404,6.727007865905762,371289,0.0,0.0
1993-08-03 00:00:00-04:00,6.694188642442484,6.792632794409862,6.694188642442484,6.759818077087402,215430,0.0,0.0
1993-08-04 00:00:00-04:00,6.694193126602083,6.727007865905762,6.694193126602083,6.727007865905762,661719,0.0,0.0
1993-08-05 00:00:00-04:00,6.7270026750020175,6.825446816948455,6.7270026750020175,6.792632102966309,318555,0.0,0.0
1993-08-06 00:00:00-04:00,6.727003359764943,6.792632794409862,6.694188642442484,6.759818077087402,478906,0.0,0.0
1993-08-09 00:00:00-04:00,6.75981969818923,6.75981969818923,6.628561286398142,6.661375522613525,283008,0.0,0.0
1993-08-10 00:00:00-04:00,6.628561435924578,6.628561435924578,6.497302532196045,6.497302532196045,331836,0.0,0.0
1993-08-11 00:00:00-04:00,6.5301152267915725,6.5957446582403545,6.366042137145996,6.366042137145996,359766,0.0,0.0
1993-08-12 00:00:00-04:00,6.4316730803317785,6.562931984060311,6.4316730803317785,6.497302532196045,517187,0.0,0.0
1993-08-13 00:00:00-04:00,6.595747719454592,6.661376692386673,6.56293298850025,6.6285624504089355,385352,0.0,0.0
1993-08-16 00:00:00-04:00,6.628559022031932,6.792632102966309,6.595744308049786,6.792632102966309,355664,0.0,0.0
1993-08-17 00:00:00-04:00,6.628559696773966,6.759818077087402,6.628559696773966,6.759818077087402,1083398,0.0,0.0
1993-08-18 00:00:00-04:00,6.825452083816798,6.825452083816798,6.694193126602083,6.727007865905762,643945,0.0,0.0
1993-08-19 00:00:00-04:00,6.727007865905762,6.792637344513119,6.694193126602083,6.727007865905762,261523,0.0,0.0
1993-08-20 00:00:00-04:00,6.694188239102303,7.120778560638428,6.4973004360068884,7.120778560638428,11669531,0.0,0.0
1993-08-23 00:00:00-04:00,7.055152594910213,7.087967324097334,6.858264708764066,6.891078948974609,3185156,0.0,0.0
1993-08-24 00:00:00-04:00,6.9238923148243305,7.02233648300171,6.858263358349227,7.022336483001709,2263281,0.0,0.0
1993-08-25 00:00:00-04:00,7.022335314776671,7.055150032043458,6.956705880243098,7.055150032043457,2378125,0.0,0.0
1993-08-26 00:00:00-04:00,7.0551496189242044,7.120778560638428,7.022334903578907,7.120778560638428,1477344,0.0,0.0
1993-08-27 00:00:00-04:00,7.120778560638428,7.120778560638428,7.0551496189242044,7.120778560638428,1018359,0.0,0.0
1993-08-30 00:00:00-04:00,7.120778560638428,7.120778560638428,7.087964334269502,7.120778560638428,541211,0.0,0.0
1993-08-31 00:00:00-04:00,7.120779084228552,7.186408519744873,7.055150137688639,7.186408519744873,1496289,0.0,0.0
1993-09-01 00:00:00-04:00,7.186408519744873,7.186408519744873,7.1535938019867125,7.186408519744873,871484,0.0,0.0
1993-09-02 00:00:00-04:00,7.1535948849284,7.1535948849284,7.02233648300171,7.022336483001709,1410742,0.0,0.0
1993-09-03 00:00:00-04:00,7.02233648300171,7.055151205727503,6.989521760275917,7.022336483001709,1690430,0.0,0.0
1993-09-07 00:00:00-04:00,7.0551496189242044,7.120778560638428,7.022334903578907,7.120778560638428,993945,0.0,0.0
1993-09-08 00:00:00-04:00,7.087965928453295,7.120780162202607,6.989521760275917,7.022336483001709,961328,0.0,0.0
1993-09-09 00:00:00-04:00,7.005232669896293,7.071009635925293,6.972344186881792,7.071009635925293,945117,0.03072,0.0
1993-09-10 00:00:00-04:00,7.03812275393513,7.235453206835048,7.03812275393513,7.202564716339111,983008,0.0,0.0
1993-09-13 00:00:00-04:00,7.235454888749237,7.235454888749237,7.103901386260986,7.103901386260986,1449805,0.0,0.0
1993-09-14 00:00:00-04:00,7.103898118939792,7.136786111878699,7.038121152910793,7.071009635925293,1700781,0.0,0.0
1993-09-15 00:00:00-04:00,7.038122907818594,7.1367878913879395,6.972345925388553,7.1367878913879395,2053516,0.0,0.0
1993-09-16 00:00:00-04:00,7.071012102120698,7.1039005966058975,7.0052351131503,7.038123607635498,931445,0.0,0.0
1993-09-17 00:00:00-04:00,6.9723466186650995,7.038123607635499,6.9723466186650995,7.038123607635498,650000,0.0,0.0
1993-09-20 00:00:00-04:00,7.038123690030134,7.038123690030134,6.97234670028969,7.005235195159912,966406,0.0,0.0
1993-09-21 00:00:00-04:00,7.005235195159912,7.005235195159912,6.97234670028969,7.005235195159912,1297852,0.0,0.0
1993-09-22 00:00:00-04:00,7.038123607635499,7.071012102120698,7.0052351131503,7.038123607635498,846484,0.0,0.0
1993-09-23 00:00:00-04:00,7.038124389978952,7.136789394326184,7.038124389978952,7.103901386260986,880859,0.0,0.0
1993-09-24 00:00:00-04:00,7.0710113990336145,7.16967638260296,7.0710113990336145,7.1367878913879395,591797,0.0,0.0
1993-09-27 00:00:00-04:00,7.136786967655224,7.334117889404297,7.136786967655224,7.334117889404297,1039648,0.0,0.0
1993-09-28 00:00:00-04:00,7.3341173405458,7.399893819464034,7.3012288560488745,7.367005825042725,832812,0.0,0.0
1993-09-29 00:00:00-04:00,7.36700758586559,7.498561065220885,7.36700758586559,7.432784080505371,1407227,0.0,0.0
1993-09-30 00:00:00-04:00,7.399894039438705,7.432782524913297,7.268340587615967,7.268340587615967,382812,0.0,0.0
1993-10-01 00:00:00-04:00,7.268342108792319,7.498561065220885,7.268342108792319,7.432784080505371,2416211,0.0,0.0
1993-10-04 00:00:00-04:00,7.432785597611891,7.432785597611891,7.36700908954646,7.39989709854126,1141016,0.0,0.0
1993-10-05 00:00:00-04:00,7.399896926877076,7.465673923492432,7.367008918645219,7.465673923492432,908008,0.0,0.0
1993-10-06 00:00:00-04:00,7.432783922142474,7.531449397113578,7.432783922142474,7.498560905456543,471094,0.0,0.0
1993-10-07 00:00:00-04:00,7.498560905456543,7.498560905456543,7.432783922142474,7.498560905456543,960156,0.0,0.0
1993-10-08 00:00:00-04:00,7.531449557578642,7.531449557578642,7.399895588147614,7.432784080505371,696094,0.0,0.0
1993-10-11 00:00:00-04:00,7.399896926877076,7.465673923492432,7.367008918645219,7.465673923492432,382812,0.0,0.0
1993-10-12 00:00:00-04:00,7.4327838439983385,7.564337809243393,7.4327838439983385,7.531449317932129,1511523,0.0,0.0
1993-10-13 00:00:00-04:00,7.564339418415465,7.564339418415465,7.465673923492432,7.465673923492432,512891,0.0,0.0
1993-10-14 00:00:00-04:00,7.465673117528934,7.695892090753361,7.465673117528934,7.597227096557617,1222656,0.0,0.0
1993-10-15 00:00:00-04:00,7.728778764578406,7.761667251586913,7.66300179056139,7.761667251586914,1431445,0.0,0.0
1993-10-18 00:00:00-04:00,7.7945563229806,7.991886769750547,7.761667833506327,7.926109790802002,1491211,0.0,0.0
1993-10-19 00:00:00-04:00,7.893220709545291,7.926109196553798,7.728778764578406,7.761667251586914,1272461,0.0,0.0
1993-10-20 00:00:00-04:00,7.761668926994754,7.761668926994754,7.630114950563923,7.663003444671631,596484,0.0,0.0
1993-10-21 00:00:00-04:00,7.695890426635742,7.728778914281285,7.6630019389902,7.695890426635742,570508,0.0,0.0
1993-10-22 00:00:00-04:00,7.695891938779338,7.728780432887047,7.663003444671631,7.663003444671631,549023,0.0,0.0
1993-10-25 00:00:00-04:00,7.695891938779338,7.695891938779338,7.630114950563923,7.663003444671631,412695,0.0,0.0
1993-10-26 00:00:00-04:00,7.663001611085637,7.663001611085637,7.597225128684831,7.630113124847412,557617,0.0,0.0
1993-10-27 00:00:00-04:00,7.597225128684831,7.630113124847413,7.564336642446607,7.630113124847412,566016,0.0,0.0
1993-10-28 00:00:00-04:00,7.630114950563923,7.695891938779338,7.597226946531974,7.663003444671631,574805,0.0,0.0
1993-10-29 00:00:00-04:00,7.630113124847413,7.663001611085637,7.597225128684831,7.630113124847412,522266,0.0,0.0
1993-11-01 00:00:00-05:00,7.630113124847413,7.69589009732386,7.597225128684831,7.630113124847412,2733984,0.0,0.0
1993-11-02 00:00:00-05:00,7.630113697369671,7.827444629605655,7.597225698739352,7.794556140899658,1371289,0.0,0.0
1993-11-03 00:00:00-05:00,7.7945564756892995,7.893221455969444,7.7945564756892995,7.86033296585083,1519336,0.0,0.0
1993-11-04 00:00:00-05:00,7.860332413680982,8.090551828338914,7.860332413680982,7.893220901489258,2201367,0.0,0.0
1993-11-05 00:00:00-05:00,7.8603323747877925,7.8603323747877925,7.6630019389902,7.695890426635742,1097266,0.0,0.0
1993-11-08 00:00:00-05:00,7.695890277569898,7.794555738595421,7.66300179056139,7.761667251586914,611719,0.0,0.0
1993-11-09 00:00:00-05:00,7.827444076538086,7.8603320728446215,7.794555590155906,7.827444076538086,898437,0.0,0.0
1993-11-10 00:00:00-05:00,7.8603320728446215,7.8603320728446215,7.794555590155906,7.827444076538086,658594,0.0,0.0
1993-11-11 00:00:00-05:00,7.860332628235974,7.860332628235974,7.794556140899657,7.794556140899658,662891,0.0,0.0
1993-11-12 00:00:00-05:00,7.794557575024873,7.827446069782043,7.564338601800446,7.597227096557617,668945,0.0,0.0
1993-11-15 00:00:00-05:00,7.66300359599619,7.66300359599619,7.564338601800446,7.597227096557617,331250,0.0,0.0
1993-11-16 00:00:00-05:00,7.597227658107316,7.597227658107316,7.5314506637310625,7.5643391609191895,396289,0.0,0.0
1993-11-17 00:00:00-05:00,7.564337809243393,7.564337809243393,7.498560826620865,7.531449317932129,417578,0.0,0.0
1993-11-18 00:00:00-05:00,7.531449397113578,7.564337888770613,7.432783922142474,7.498560905456543,565234,0.0,0.0
1993-11-19 00:00:00-05:00,7.531450107043275,7.597227096557617,7.465673117528934,7.597227096557617,303711,0.0,0.0
1993-11-22 00:00:00-05:00,7.597226300554657,7.6301143017902024,7.4327838439983385,7.531449317932129,692969,0.0,0.0
1993-11-23 00:00:00-05:00,7.564339418415465,7.564339418415465,7.465673923492432,7.465673923492432,229297,0.0,0.0
1993-11-24 00:00:00-05:00,7.498562421800109,7.498562421800109,7.432785425184753,7.465673923492432,324023,0.0,0.0
1993-11-26 00:00:00-05:00,7.531448156208382,7.630113124847413,7.465671183731935,7.630113124847412,355273,0.0,0.0
1993-11-29 00:00:00-05:00,7.66300179056139,7.827444225603929,7.66300179056139,7.761667251586914,1078711,0.0,0.0
1993-11-30 00:00:00-05:00,7.761668071287059,8.024775505065918,7.761668071287059,8.024775505065918,3745703,0.0,0.0
1993-12-01 00:00:00-05:00,8.024775416443903,8.057663906562517,7.7945564756892995,7.86033296585083,1592383,0.0,0.0
1993-12-02 00:00:00-05:00,7.8932193333800065,8.024773258477902,7.8932193333800065,7.958996295928955,1060547,0.0,0.0
1993-12-03 00:00:00-05:00,7.893222733594499,7.958999724478625,7.695892251017898,7.728780746459961,861328,0.0,0.0
1993-12-06 00:00:00-05:00,7.748562750860779,7.847480773925782,7.748562750860779,7.847480773925781,968750,0.0384,0.0
1993-12-07 00:00:00-05:00,7.847481592742925,7.913426457003567,7.781536237152093,7.81450891494751,863672,0.0,0.0
1993-12-08 00:00:00-05:00,7.748563766479493,7.814509123833076,7.715591087802701,7.748563766479492,530859,0.0,0.0
1993-12-09 00:00:00-05:00,7.748564528839346,7.814509892681111,7.51775624672342,7.5837016105651855,1105273,0.0,0.0
1993-12-10 00:00:00-05:00,7.6166735431025305,7.748563766479493,7.583700864425739,7.748563766479492,741602,0.0,0.0
1993-12-13 00:00:00-05:00,7.6826163765251065,7.748561716431436,7.649643706571941,7.7155890464782715,695898,0.0,0.0
1993-12-14 00:00:00-05:00,7.682620359682639,7.748565733779233,7.517757415771484,7.517757415771484,1612305,0.0,0.0
1993-12-15 00:00:00-05:00,7.583699083488762,7.616671754422334,7.089110002145362,7.2210001945495605,1683984,0.0,0.0
1993-12-16 00:00:00-05:00,7.188027523615989,7.38586354921742,7.155054852682417,7.2210001945495605,1183398,0.0,0.0
1993-12-17 00:00:00-05:00,7.253976410715438,7.517757415771484,7.1880310366188445,7.517757415771484,880859,0.0,0.0
1993-12-20 00:00:00-05:00,7.517755647443321,7.583701006028233,7.286947383726344,7.319920063018799,1833789,0.0,0.0
1993-12-21 00:00:00-05:00,7.122083814866391,7.188028675975494,7.089111138646755,7.155055999755859,165234,0.0,0.0
1993-12-22 00:00:00-05:00,7.155055226857798,7.4188361167907715,7.155055226857798,7.4188361167907715,1020898,0.0,0.0
1993-12-23 00:00:00-05:00,7.4188361167907715,7.451808789448657,7.385863935463,7.4188361167907715,644727,0.0,0.0
1993-12-27 00:00:00-05:00,7.418838757493009,7.484784126281738,7.385866564428934,7.484784126281738,559180,0.0,0.0
1993-12-28 00:00:00-05:00,7.451808789448657,7.484781462106543,7.319918590147228,7.4188361167907715,989453,0.0,0.0
1993-12-29 00:00:00-05:00,7.451808789448657,7.517754134764429,7.385863935463,7.4188361167907715,927734,0.0,0.0
1993-12-30 00:00:00-05:00,7.385861396789551,7.418833566784105,7.352888735465052,7.385861396789551,438867,0.0,0.0
1993-12-31 00:00:00-05:00,7.38586576974333,7.418837959259748,7.286947727203369,7.286947727203369,469922,0.0,0.0
1994-01-03 00:00:00-05:00,7.221003409466862,7.253976095080451,6.825332164764403,6.825332164764404,919531,0.0,0.0
1994-01-04 00:00:00-05:00,6.990192778952563,7.221001010229434,6.990192778952563,7.188028335571289,1550586,0.0,0.0
1994-01-05 00:00:00-05:00,7.220998090167052,7.385861396789551,7.188025428842553,7.385861396789551,1257617,0.0,0.0
1994-01-06 00:00:00-05:00,7.352892742311255,7.385865421603711,7.319920063018799,7.319920063018799,772070,0.0,0.0
1994-01-07 00:00:00-05:00,7.253973007202148,7.253973007202148,7.122082812221245,7.253973007202148,459570,0.0,0.0
1994-01-10 00:00:00-05:00,7.253974264892804,7.253974264892804,7.089111369750299,7.212758541107178,945781,0.0,1.25
1994-01-11 00:00:00-05:00,7.13032609086197,7.501268044100543,7.13032609086197,7.4188361167907715,992031,0.0,0.0
1994-01-12 00:00:00-05:00,7.41883724282596,7.460052967071534,7.377621518580386,7.460052967071533,599844,0.0,0.0
1994-01-13 00:00:00-05:00,7.41883724282596,7.542484906892871,7.377621518580386,7.460052967071533,615156,0.0,0.0
1994-01-14 00:00:00-05:00,7.501268044100543,7.542483762090372,7.4188361167907715,7.4188361167907715,507969,0.0,0.0
1994-01-17 00:00:00-05:00,7.4188361167907715,7.501268044100543,7.4188361167907715,7.4188361167907715,305000,0.0,0.0
1994-01-18 00:00:00-05:00,7.501267798370227,7.501267798370227,7.253973007202148,7.253973007202148,526094,0.0,0.0
1994-01-19 00:00:00-05:00,7.336405925712153,7.418837375679449,7.253974475744856,7.377621650695801,519062,0.0,0.0
1994-01-20 00:00:00-05:00,7.336405794334812,7.542484906892871,7.336405794334812,7.460052967071533,338281,0.0,0.0
1994-01-21 00:00:00-05:00,7.501269182647297,7.501269182647297,7.377621518580386,7.460052967071533,529219,0.0,0.0
1994-01-24 00:00:00-05:00,7.460053100663098,7.460053100663098,7.253974475744856,7.377621650695801,315469,0.0,0.0
1994-01-25 00:00:00-05:00,7.295189555911579,7.377620998592815,7.295189555911579,7.336405277252197,408281,0.0,0.0
1994-01-26 00:00:00-05:00,7.212757468495746,7.377620339121442,7.089110315526474,7.295188903808594,1754531,0.0,0.0
1994-01-27 00:00:00-05:00,7.295188962821285,7.4600518347806,7.295188962821285,7.4188361167907715,379844,0.0,0.0
1994-01-28 00:00:00-05:00,7.41883724282596,7.460052967071534,7.336405794334812,7.460052967071533,654844,0.0,0.0
1994-01-31 00:00:00-05:00,7.460054546723395,7.542486503999537,7.377623080777546,7.501270771026611,376719,0.0,0.0
1994-02-01 00:00:00-05:00,7.460052441274051,7.460052441274051,7.336405277252197,7.336405277252197,957969,0.0,0.0
1994-02-02 00:00:00-05:00,7.418835222540409,7.583698565957567,7.418835222540409,7.542482852935791,1737500,0.0,0.0
1994-02-03 00:00:00-05:00,7.583699879661534,7.624915599822998,7.501268439338605,7.624915599822998,816719,0.0,0.0
1994-02-04 00:00:00-05:00,7.624917340133726,7.666133069702266,7.501270151428105,7.5837016105651855,872500,0.0,0.0
1994-02-07 00:00:00-05:00,7.501267212241257,7.666130065917968,7.460051007492019,7.666130065917969,1092969,0.0,0.0
1994-02-08 00:00:00-05:00,7.87220879148947,8.24315071105957,7.87220879148947,8.24315071105957,2648906,0.0,0.0
1994-02-09 00:00:00-05:00,8.243152269275239,8.243152269275239,7.99585793703546,8.160720825195312,3077344,0.0,0.0
1994-02-10 00:00:00-05:00,8.201936370896547,8.284367813204227,8.119504928588867,8.119504928588867,952812,0.0,0.0
1994-02-11 00:00:00-05:00,8.11950510315535,8.243152269275239,8.078289381115386,8.160720825195312,1092344,0.0,0.0
1994-02-14 00:00:00-05:00,8.160718522757202,8.366797074814697,8.078287101934203,8.2843656539917,928906,0.0,0.0
1994-02-15 00:00:00-05:00,8.325583725806359,8.65530950261918,8.325583725806359,8.614093780517578,2283594,0.0,0.0
1994-02-16 00:00:00-05:00,8.65530762270898,8.737739049008296,8.408013343811035,8.408013343811035,1042187,0.0,0.0
1994-02-17 00:00:00-05:00,8.366797074814697,8.531659916460693,8.2843656539917,8.2843656539917,1012344,0.0,0.0
1994-02-18 00:00:00-05:00,8.449234479800865,8.61409743821091,8.36680300059584,8.572881698608398,815469,0.0,0.0
1994-02-22 00:00:00-05:00,8.737738948192842,8.820171356201172,8.614091810170502,8.820171356201172,1136562,0.0,0.0
1994-02-23 00:00:00-05:00,8.737740946822386,8.778957651584316,8.49044661421277,8.614093780517578,741406,0.0,0.0
1994-02-24 00:00:00-05:00,8.449231062461138,8.655309677124023,8.24315244779825,8.655309677124023,873750,0.0,0.0
1994-02-25 00:00:00-05:00,8.57287823125887,8.655309677124023,8.449231062461138,8.655309677124023,812344,0.0,0.0
1994-02-28 00:00:00-05:00,8.614093780517578,8.65530950261918,8.572878058415975,8.614093780517578,493125,0.0,0.0
1994-03-01 00:00:00-05:00,8.655309941131579,8.77895809636122,8.449231320182802,8.490447044372559,1192344,0.0,0.0
1994-03-02 00:00:00-05:00,8.408013886205024,8.531661033630371,8.325582454588126,8.531661033630371,599687,0.0,0.0
1994-03-03 00:00:00-05:00,8.449229056960693,8.49044477011035,8.325581917511721,8.408013343811035,382969,0.0,0.0
1994-03-04 00:00:00-05:00,8.408016373439665,8.490447829441193,8.3668006454389,8.44923210144043,769219,0.0,0.0
1994-03-07 00:00:00-05:00,8.531662986501667,8.861389771102878,8.490447261259066,8.778958320617676,1726094,0.0,0.0
1994-03-08 00:00:00-05:00,8.778957828582103,8.861389274447259,8.655309677124023,8.655309677124023,1042344,0.0,0.0
1994-03-09 00:00:00-05:00,8.572876196409666,8.614091909559324,8.243150491212406,8.408013343811035,1397500,0.0,0.0
1994-03-10 00:00:00-05:00,8.42784450774058,8.469157432387238,8.17996695986064,8.345218658447266,653594,0.0384,0.0
1994-03-11 00:00:00-05:00,8.262592809153952,8.386531583093923,8.097341110567324,8.345218658447266,605000,0.0,0.0
1994-03-14 00:00:00-05:00,8.427847142394441,8.469160079956055,8.386534204832826,8.469160079956055,894844,0.0,0.0
1994-03-15 00:00:00-05:00,8.427847142394441,8.634411830202515,8.427847142394441,8.469160079956055,588750,0.0,0.0
1994-03-16 00:00:00-05:00,8.427847830379855,8.6344125350503,8.427847830379855,8.593099594116211,575156,0.0,0.0
1994-03-17 00:00:00-05:00,8.63440990447998,8.675722832827619,8.51047111943706,8.63440990447998,597500,0.0,0.0
1994-03-18 00:00:00-05:00,8.634407421283314,8.634407421283314,8.303904089552697,8.386529922485352,931406,0.0,0.0
1994-03-21 00:00:00-05:00,8.427847142394441,8.469160079956055,8.262595392147981,8.469160079956055,384219,0.0,0.0
1994-03-22 00:00:00-05:00,8.551786190039461,8.675725006129522,8.510473251342773,8.510473251342773,248594,0.0,0.0
1994-03-23 00:00:00-05:00,8.551781467200566,8.67572021484375,8.469155635438444,8.67572021484375,600000,0.0,0.0
1994-03-24 00:00:00-05:00,8.551782608032227,8.634408450816867,8.469156765247586,8.551782608032227,425156,0.0,0.0
1994-03-25 00:00:00-05:00,8.551782608032227,8.593095529424547,8.469156765247586,8.551782608032227,312344,0.0,0.0
1994-03-28 00:00:00-05:00,8.593095529424547,8.593095529424547,8.262592158285985,8.551782608032227,571094,0.0,0.0
1994-03-29 00:00:00-05:00,8.469158153389822,8.510471081553561,8.303906440734863,8.303906440734863,530781,0.0,0.0
1994-03-30 00:00:00-05:00,8.345218875119295,8.510470577996454,8.221280097961426,8.221280097961426,1014219,0.0,0.0
1994-03-31 00:00:00-05:00,8.221280584407385,8.386532297062343,8.014715943588687,8.303906440734863,616406,0.0,0.0
1994-04-04 00:00:00-04:00,8.30390573380061,8.42784450774058,8.014715261274011,8.345218658447266,1157031,0.0,0.0
1994-04-05 00:00:00-04:00,8.345219368898602,8.469158153389822,8.221280584407385,8.303906440734863,585156,0.0,0.0
1994-04-06 00:00:00-04:00,8.221283156792232,8.510473744424221,8.221283156792232,8.427847862243652,516094,0.0,0.0
1994-04-07 00:00:00-04:00,8.427842838951678,8.427842838951678,8.221278256620044,8.386529922485352,1069531,0.0,0.0
1994-04-08 00:00:00-04:00,8.38652914625277,8.427842058895294,8.179964583040146,8.262590408325195,427812,0.0,0.0
1994-04-11 00:00:00-04:00,8.179964583040146,8.345216233610245,8.179964583040146,8.262590408325195,422812,0.0,0.0
1994-04-12 00:00:00-04:00,8.26259446125813,8.38653325997964,8.05602979672228,8.138655662536621,363437,0.0,0.0
1994-04-13 00:00:00-04:00,8.262595222302668,8.345221095727446,7.684213615840168,7.932091236114502,634062,0.0,0.0
1994-04-14 00:00:00-04:00,7.932091236114502,8.056030538740723,7.808152425977335,7.932091236114502,840937,0.0,0.0
1994-04-15 00:00:00-04:00,7.973402976989746,8.097342261027768,7.890777115957052,7.973402976989746,496094,0.0,0.0
1994-04-18 00:00:00-04:00,8.056029330511421,8.22128105257681,7.973402976989746,7.973402976989746,443125,0.0,0.0
1994-04-19 00:00:00-04:00,8.138652235588381,8.179965151099891,7.808148419007496,7.890774250030518,1243437,0.0,0.0
1994-04-20 00:00:00-04:00,8.01471896629327,8.22128368501665,7.973405530059457,8.179970741271973,1019687,0.0,0.0
1994-04-21 00:00:00-04:00,8.179969079493082,8.262594950196805,8.0560302734375,8.0560302734375,563437,0.0,0.0
1994-04-22 00:00:00-04:00,8.17996835453078,8.262594217911658,8.014716627769026,8.097342491149902,1500156,0.0,0.0
1994-04-25 00:00:00-04:00,8.138655422840342,8.138655422840342,7.973403203589593,8.097342491149902,445312,0.0,0.0
1994-04-26 00:00:00-04:00,8.01471686381511,8.17996859544379,7.9734034384189325,8.138655662536621,767656,0.0,0.0
1994-04-28 00:00:00-04:00,8.22128152835096,8.3039073941653,8.138655662536621,8.138655662536621,1134531,0.0,0.0
1994-04-29 00:00:00-04:00,8.138654728079905,8.303906440734863,8.097341799916165,8.303906440734863,458281,0.0,0.0
1994-05-02 00:00:00-04:00,8.303906440734863,8.386532297062343,8.138654728079905,8.303906440734863,837187,0.0,0.0
1994-05-03 00:00:00-04:00,8.303909572505999,8.303909572505999,8.179970741271973,8.179970741271973,533594,0.0,0.0
1994-05-04 00:00:00-04:00,8.138657797527298,8.22128368501665,8.138657797527298,8.179970741271973,306094,0.0,0.0
1994-05-05 00:00:00-04:00,8.22127749568267,8.262590408325195,8.179964583040146,8.262590408325195,1757187,0.0,0.0
1994-05-06 00:00:00-04:00,8.17996859544379,8.26259446125813,8.09734272962945,8.138655662536621,429062,0.0,0.0
1994-05-09 00:00:00-04:00,8.097341320803556,8.221280097961426,8.056028395084265,8.221280097961426,382656,0.0,0.0
1994-05-10 00:00:00-04:00,8.221280584407385,8.303906440734863,8.221280584407385,8.303906440734863,833906,0.0,0.0
1994-05-11 00:00:00-04:00,8.30390332096772,8.345216233610245,8.22127749568267,8.262590408325195,405000,0.0,0.0
1994-05-12 00:00:00-04:00,8.22128152835096,8.26259446125813,8.09734272962945,8.138655662536621,384844,0.0,0.0
1994-05-13 00:00:00-04:00,8.138655422840342,8.138655422840342,8.056029559459464,8.097342491149902,468281,0.0,0.0
1994-05-16 00:00:00-04:00,8.097338757755097,8.345216233610245,8.097338757755097,8.262590408325195,674531,0.0,0.0
1994-05-17 00:00:00-04:00,8.427847142394441,8.469160079956055,8.34522126727121,8.469160079956055,1201875,0.0,0.0
1994-05-18 00:00:00-04:00,8.469160803333937,8.510473744424221,8.345221980063085,8.427847862243652,767031,0.0,0.0
1994-05-19 00:00:00-04:00,8.427847142394441,8.51047301751767,8.386534204832826,8.469160079956055,374844,0.0,0.0
1994-05-20 00:00:00-04:00,8.469155755418004,8.510468671884333,8.345217006019025,8.386529922485352,272344,0.0,0.0
1994-05-23 00:00:00-04:00,8.303904089552697,8.386529922485352,8.26259117308637,8.386529922485352,257969,0.0,0.0
1994-05-24 00:00:00-04:00,8.427844726557874,8.427844726557874,8.221280097961426,8.221280097961426,391094,0.0,0.0
1994-05-25 00:00:00-04:00,8.221279236893665,8.551782608032227,8.221279236893665,8.551782608032227,467656,0.0,0.0
1994-05-26 00:00:00-04:00,8.510473251342773,8.551786190039461,8.469160312646087,8.510473251342773,351250,0.0,0.0
1994-05-27 00:00:00-04:00,8.469160771313945,8.6344125350503,8.427847830379855,8.593099594116211,256875,0.0,0.0
1994-05-31 00:00:00-04:00,8.510469731845951,8.717034339904785,8.469156810234184,8.717034339904785,536250,0.0,0.0
1994-06-01 00:00:00-04:00,8.7583482158087,9.0062267574654,8.7583482158087,8.882287979125977,1341406,0.0,0.0
1994-06-02 00:00:00-04:00,8.799662602848446,8.840975531196086,8.63440990447998,8.63440990447998,442187,0.0,0.0
1994-06-03 00:00:00-04:00,8.593095529424547,8.717034293601507,8.551782608032227,8.551782608032227,505000,0.0,0.0
1994-06-06 00:00:00-04:00,8.59309962660479,8.59309962660479,8.427847862243652,8.427847862243652,465000,0.0,0.0
1994-06-07 00:00:00-04:00,8.510469731845951,8.717034339904785,8.510469731845951,8.717034339904785,327031,0.0,0.0
1994-06-08 00:00:00-04:00,8.717035761175259,8.717035761175259,8.5517840477847,8.63440990447998,257812,0.0,0.0
1994-06-09 00:00:00-04:00,8.6344125350503,8.6344125350503,8.551786653182123,8.593099594116211,350156,0.0,0.0
1994-06-10 00:00:00-04:00,8.593095529424547,8.79966112136389,8.551782608032227,8.551782608032227,276562,0.0,0.0
1994-06-13 00:00:00-04:00,8.5517840477847,8.675722832827619,8.5517840477847,8.63440990447998,260937,0.0,0.0
1994-06-14 00:00:00-04:00,8.75834702806605,8.840973854064941,8.75834702806605,8.840973854064941,715937,0.0,0.0
1994-06-15 00:00:00-04:00,8.799661168106066,8.799661168106066,8.593095575069485,8.717034339904785,395312,0.0,0.0
1994-06-16 00:00:00-04:00,8.571282812955488,8.695504188537598,8.52987568776145,8.695504188537598,2329531,0.0384,0.0
1994-06-17 00:00:00-04:00,8.77831745147705,8.819725559236941,8.612688969331993,8.77831745147705,1338125,0.0,0.0
1994-06-20 00:00:00-04:00,8.695504188537598,8.736911313731634,8.612689938149524,8.695504188537598,547500,0.0,0.0
1994-06-21 00:00:00-04:00,8.69550375618544,8.736910879320659,8.40565389423891,8.571282386779785,874531,0.0,0.0
1994-06-22 00:00:00-04:00,8.612690925598145,8.695505185480908,8.529876665715381,8.612690925598145,792031,0.0,0.0
1994-06-23 00:00:00-04:00,8.612690925598145,8.819727562528902,8.571283795656763,8.612690925598145,649844,0.0,0.0
1994-06-24 00:00:00-04:00,8.571282447261856,8.571282447261856,8.281432583270039,8.405653953552246,816406,0.0,0.0
1994-06-27 00:00:00-04:00,8.281436705768087,8.61269385808707,8.240029561728214,8.529879570007324,1078437,0.0,0.0
1994-06-28 00:00:00-04:00,8.571282386779785,8.571282386779785,8.40565389423891,8.571282386779785,425781,0.0,0.0
1994-06-29 00:00:00-04:00,8.612689509915002,8.654096633050221,8.529875263644566,8.571282386779785,786562,0.0,0.0
1994-06-30 00:00:00-04:00,8.529875323834453,8.571282447261856,8.281432583270039,8.405653953552246,652031,0.0,0.0
1994-07-01 00:00:00-04:00,8.4884676077232,8.77831745147705,8.447060487186937,8.77831745147705,994687,0.0,0.0
1994-07-05 00:00:00-04:00,8.778321114591765,8.985357790891262,8.778321114591765,8.943950653076172,789844,0.0,0.0
1994-07-06 00:00:00-04:00,8.943947728184993,9.192390473828647,8.902540603911051,9.109576225280762,613594,0.0,0.0
1994-07-07 00:00:00-04:00,9.068167705653577,9.150981941458523,8.985353469848633,8.985353469848633,671562,0.0,0.0
1994-07-08 00:00:00-04:00,8.902545119394357,9.275209426879881,8.902545119394357,9.275209426879883,654375,0.0,0.0
1994-07-11 00:00:00-04:00,9.27520565242069,9.27520565242069,9.109577138717004,9.192391395568848,794531,0.0,0.0
1994-07-12 00:00:00-04:00,9.150985315524803,9.150985315524803,8.861135383336721,9.026763916015625,401094,0.0,0.0
1994-07-13 00:00:00-04:00,9.068168612662367,9.19238997879455,9.026761490618306,9.150982856750488,458594,0.0,0.0
1994-07-14 00:00:00-04:00,9.150985664886118,9.275207069137752,9.068171395385027,9.233799934387207,616406,0.0,0.0
1994-07-15 00:00:00-04:00,9.275201791717807,9.399423125289779,9.192387569336493,9.358016014099121,1036719,0.0,0.0
1994-07-18 00:00:00-04:00,9.275204722376532,9.275204722376532,9.06816910100682,9.109576225280762,383125,0.0,0.0
1994-07-19 00:00:00-04:00,9.10957767836421,9.10957767836421,9.02676341660649,9.068170547485352,307500,0.0,0.0
1994-07-20 00:00:00-04:00,9.068170010291084,9.192391395568848,8.819727239735556,9.192391395568848,458750,0.0,0.0
1994-07-21 00:00:00-04:00,9.150983349554705,9.316611846650474,8.943947728184993,9.109576225280762,820625,0.0,0.0
1994-07-22 00:00:00-04:00,9.192392799636663,9.233799934387207,9.068171395385027,9.233799934387207,280781,0.0,0.0
1994-07-25 00:00:00-04:00,9.150981866058524,9.316610336303711,9.109574748497229,9.316610336303711,377969,0.0,0.0
1994-07-26 00:00:00-04:00,9.275206201879655,9.275206201879655,9.06817054748535,9.068170547485352,456719,0.0,0.0
1994-07-27 00:00:00-04:00,9.150982856750488,9.150982856750488,8.985354368574244,9.150982856750488,775937,0.0,0.0
1994-07-28 00:00:00-04:00,9.150983349554705,9.192390473828647,9.109576225280762,9.109576225280762,445156,0.0,0.0
1994-07-29 00:00:00-04:00,9.19238997879455,9.316611344926734,9.150982856750488,9.150982856750488,880625,0.0,0.0
1994-08-01 00:00:00-04:00,9.233798893606936,9.399427413940428,9.192391763523561,9.39942741394043,566875,0.0,0.0
1994-08-02 00:00:00-04:00,9.399427037698453,9.440834166124375,9.192391395568848,9.192391395568848,1031719,0.0,0.0
1994-08-03 00:00:00-04:00,9.233802281603712,9.275209426879881,9.192395136327542,9.275209426879883,707031,0.0,0.0
1994-08-04 00:00:00-04:00,9.275206201879655,9.316613332758514,9.06817054748535,9.068170547485352,478594,0.0,0.0
1994-08-05 00:00:00-04:00,8.778319778905464,8.902542160673423,8.736912647390774,8.819727897644043,994531,0.0,0.0
1994-08-08 00:00:00-04:00,8.861135029158733,8.861135029158733,8.778319778905464,8.819727897644043,564687,0.0,0.0
1994-08-09 00:00:00-04:00,8.861132621765137,8.861132621765137,8.73691027374592,8.861132621765137,657344,0.0,0.0
1994-08-10 00:00:00-04:00,8.943947421501571,8.943947421501571,8.736910820007324,8.736910820007324,563281,0.0,0.0
1994-08-11 00:00:00-04:00,8.77831745147705,8.90253980030947,8.736910330940786,8.77831745147705,1005312,0.0,0.0
1994-08-12 00:00:00-04:00,8.819724998238742,9.026760587751104,8.736909775210233,8.985353469848633,349687,0.0,0.0
1994-08-15 00:00:00-04:00,8.943946920845734,8.985354041382,8.736910330940786,8.77831745147705,744375,0.0,0.0
1994-08-16 00:00:00-04:00,8.778319733137518,8.902542114257812,8.736912601838714,8.902542114257812,1606094,0.0,0.0
1994-08-17 00:00:00-04:00,8.943949245556617,9.150984902050636,8.902542114257812,8.902542114257812,790781,0.0,0.0
1994-08-18 00:00:00-04:00,8.902539234043687,9.068167705653577,8.902539234043687,8.985353469848633,413281,0.0,0.0
1994-08-19 00:00:00-04:00,9.109578182355078,9.150985315524803,8.9853567828459,9.026763916015625,502969,0.0,0.0
1994-08-22 00:00:00-04:00,8.985353469848633,9.068167705653577,8.94394635194616,8.985353469848633,402187,0.0,0.0
1994-08-23 00:00:00-04:00,9.109577138717004,9.192391395568848,9.068170010291084,9.192391395568848,789844,0.0,0.0
1994-08-24 00:00:00-04:00,9.192391395568848,9.27520565242069,9.109577138717004,9.192391395568848,1210625,0.0,0.0
1994-08-25 00:00:00-04:00,9.192392799636663,9.523649877641022,9.192392799636663,9.233799934387207,733437,0.0,0.0
1994-08-26 00:00:00-04:00,9.275206023690309,9.482241674107176,9.275206023690309,9.39942741394043,427500,0.0,0.0
1994-08-29 00:00:00-04:00,9.440835450170816,9.523649718286213,9.31661404799772,9.482242584228516,638594,0.0,0.0
1994-08-30 00:00:00-04:00,9.440834006571666,9.523648262023926,9.31661262339328,9.523648262023926,398750,0.0,0.0
1994-08-31 00:00:00-04:00,9.440834006571666,9.523648262023926,9.399426878845537,9.523648262023926,1361094,0.0,0.0
1994-09-01 00:00:00-04:00,9.192390473828647,9.192390473828647,9.06816910100682,9.109576225280762,1034219,0.0,0.0
1994-09-02 00:00:00-04:00,9.150981941458523,9.192389059360995,8.94394635194616,8.985353469848633,700312,0.0,0.0
1994-09-06 00:00:00-04:00,9.026764928706354,9.026764928706354,8.90254351526108,8.943950653076172,362969,0.0,0.0
1994-09-07 00:00:00-04:00,9.026763508154225,9.026763508154225,8.778319733137518,8.902542114257812,562344,0.0,0.0
1994-09-08 00:00:00-04:00,8.902542023969907,9.10957767836421,8.861134893091046,9.068170547485352,418906,0.0,0.0
1994-09-09 00:00:00-04:00,8.985353469848633,8.985353469848633,8.902539234043687,8.985353469848633,421250,0.0,0.0
1994-09-12 00:00:00-04:00,8.943949245556617,8.943949245556617,8.861134982959008,8.902542114257812,369062,0.0,0.0
1994-09-13 00:00:00-04:00,8.943949245556617,8.943949245556617,8.861134982959008,8.902542114257812,799219,0.0,0.0
1994-09-14 00:00:00-04:00,8.94394635194616,9.068167705653577,8.902539234043687,8.985353469848633,583125,0.0,0.0
1994-09-15 00:00:00-04:00,9.026761490618306,9.150982856750488,8.985354368574244,9.150982856750488,524687,0.0,0.0
1994-09-16 00:00:00-04:00,9.150982856750488,9.19238997879455,9.068168612662367,9.150982856750488,895625,0.0,0.0
1994-09-19 00:00:00-04:00,9.212400436401367,9.295394954708097,9.170903177248002,9.212400436401367,414219,0.0384,0.0
1994-09-20 00:00:00-04:00,9.170902326519668,9.170902326519668,9.04641056060791,9.04641056060791,418750,0.0,0.0
1994-09-21 00:00:00-04:00,9.04641446063346,9.087911733827386,8.88042536785775,8.963419914245605,642344,0.0,0.0
1994-09-22 00:00:00-04:00,8.963419914245605,9.004917187439533,8.88042536785775,8.963419914245605,404375,0.0,0.0
1994-09-23 00:00:00-04:00,8.921918014478093,9.004912517828098,8.797425270080566,8.797425270080566,343750,0.0,0.0
1994-09-26 00:00:00-04:00,8.838927192128153,8.921921730041504,8.797428933798544,8.921921730041504,240156,0.0,0.0
1994-09-27 00:00:00-04:00,8.838924284088312,9.04641056060791,8.838924284088312,9.04641056060791,402500,0.0,0.0
1994-09-28 00:00:00-04:00,9.004911422729492,9.087905915986433,8.963414176101024,9.004911422729492,476875,0.0,0.0
1994-09-29 00:00:00-04:00,9.004912459917195,9.004912459917195,8.838923454284668,8.838923454284668,399062,0.0,0.0
1994-09-30 00:00:00-04:00,8.880419682844085,9.004911422729492,8.797424200214744,9.004911422729492,485625,0.0,0.0
1994-10-03 00:00:00-04:00,9.004912335791134,9.087906837463379,8.963415084955011,9.087906837463379,740000,0.0,0.0
1994-10-04 00:00:00-04:00,9.12940517309069,9.170902428857676,8.88042163848877,8.88042163848877,646406,0.0,0.0
1994-10-05 00:00:00-04:00,8.838928094663823,8.963419914245605,8.797429832096862,8.963419914245605,515937,0.0,0.0
1994-10-06 00:00:00-04:00,8.921918894255755,8.963416150022743,8.838924382721782,8.88042163848877,218281,0.0,0.0
1994-10-07 00:00:00-04:00,8.797425334426775,8.838923575777825,8.63143632651269,8.672933578491211,616719,0.0,0.0
1994-10-10 00:00:00-04:00,8.672932591365592,8.755927085876465,8.589938096854718,8.755927085876465,346094,0.0,0.0
1994-10-11 00:00:00-04:00,8.75592959634165,9.253897695554732,8.75592959634165,9.212400436401367,1122187,0.0,0.0
1994-10-12 00:00:00-04:00,9.212398589971746,9.25389584080787,9.046409586627256,9.087906837463379,1076094,0.0,0.0
1994-10-13 00:00:00-04:00,9.170903177248002,9.295394954708097,9.129405918094637,9.212400436401367,374062,0.0,0.0
1994-10-14 00:00:00-04:00,9.295397758483887,9.336895030154096,9.253900486813677,9.295397758483887,345625,0.0,0.0
1994-10-17 00:00:00-04:00,9.21239953182488,9.21239953182488,9.00491325643138,9.12940502166748,539687,0.0,0.0
1994-10-18 00:00:00-04:00,8.963419914245605,9.087911733827386,8.921922641051678,8.963419914245605,694375,0.0,0.0
1994-10-19 00:00:00-04:00,8.921918894255755,8.963416150022743,8.838924382721782,8.88042163848877,1022187,0.0,0.0
1994-10-20 00:00:00-04:00,8.921916929472554,9.087905915986433,8.880419682844085,9.004911422729492,365469,0.0,0.0
1994-10-21 00:00:00-04:00,8.963419914245605,9.004917187439533,8.88042536785775,8.963419914245605,501250,0.0,0.0
1994-10-24 00:00:00-04:00,9.04641446063346,9.170906280215242,8.963419914245605,8.963419914245605,375469,0.0,0.0
1994-10-25 00:00:00-04:00,8.921917834118888,9.087906837463379,8.880420583282765,9.087906837463379,327656,0.0,0.0
1994-10-26 00:00:00-04:00,9.253897695554732,9.253897695554732,9.170903177248002,9.212400436401367,389062,0.0,0.0
1994-10-27 00:00:00-04:00,9.295397758483887,9.295397758483887,9.170905943473258,9.295397758483887,272969,0.0,0.0
1994-10-28 00:00:00-04:00,9.212398374371409,9.627370873020919,9.212398374371409,9.544376373291016,973281,0.0,0.0
1994-10-31 00:00:00-05:00,9.502880914331335,9.79336171812977,9.461383656645845,9.710367202758789,941562,0.0,0.0
1994-11-01 00:00:00-05:00,9.627372714426965,9.75186448783308,9.585875456624926,9.668869972229004,801094,0.0,0.0
1994-11-02 00:00:00-05:00,9.668864264051404,9.71036149735485,9.46137809753418,9.46137809753418,459062,0.0,0.0
1994-11-03 00:00:00-05:00,9.502879104258303,9.668868103383298,9.461381854477054,9.5858736038208,819531,0.0,0.0
1994-11-04 00:00:00-05:00,9.585873623155967,9.627370873020919,9.544376373291017,9.544376373291016,642812,0.0,0.0
1994-11-07 00:00:00-05:00,9.544376354039551,9.668868103383298,9.544376354039551,9.5858736038208,475000,0.0,0.0
1994-11-08 00:00:00-05:00,9.502882200414893,9.544379463716464,9.253898620605469,9.253898620605469,863906,0.0,0.0
1994-11-09 00:00:00-05:00,9.295394017100122,9.336891272067742,9.087907742262026,9.170902252197266,863594,0.0,0.0
1994-11-10 00:00:00-05:00,9.170902252197266,9.212399507164884,9.129404997229646,9.170902252197266,570000,0.0,0.0
1994-11-11 00:00:00-05:00,9.253897695554732,9.253897695554732,9.129405918094637,9.212400436401367,327812,0.0,0.0
1994-11-14 00:00:00-05:00,9.212401357303898,9.253898620605469,9.170904094002328,9.253898620605469,421250,0.0,0.0
1994-11-15 00:00:00-05:00,9.21239953182488,9.253896786903582,9.00491325643138,9.12940502166748,479531,0.0,0.0
1994-11-16 00:00:00-05:00,9.129404997229646,9.253896762132504,9.087907742262026,9.170902252197266,530469,0.0,0.0
1994-11-17 00:00:00-05:00,9.170903177248002,9.253897695554732,9.129405918094637,9.212400436401367,443437,0.0,0.0
1994-11-18 00:00:00-05:00,9.12940502166748,9.21239953182488,9.12940502166748,9.12940502166748,387187,0.0,0.0
1994-11-21 00:00:00-05:00,9.170902326519668,9.212399581823588,9.04641056060791,9.04641056060791,454219,0.0,0.0
1994-11-22 00:00:00-05:00,9.04641446063346,9.170906280215242,8.963419914245605,8.963419914245605,479531,0.0,0.0
1994-11-23 00:00:00-05:00,8.921918014478093,9.004912517828098,8.755928018405564,8.797425270080566,1467500,0.0,0.0
1994-11-25 00:00:00-05:00,8.880419817015191,8.880419817015191,8.755927085876465,8.755927085876465,208906,0.0,0.0
1994-11-28 00:00:00-05:00,8.75593166484187,9.046413536911528,8.75593166484187,8.921921730041504,367187,0.0,0.0
1994-11-29 00:00:00-05:00,8.921918894255755,8.921918894255755,8.755928881815189,8.88042163848877,422500,0.0,0.0
1994-11-30 00:00:00-05:00,8.921918894255755,9.004913405789729,8.88042163848877,8.88042163848877,226094,0.0,0.0
1994-12-01 00:00:00-05:00,8.880420762803093,8.921918014478093,8.797425270080566,8.797425270080566,227344,0.0,0.0
1994-12-02 00:00:00-05:00,8.921918794696152,9.04641056060791,8.838924284088312,9.04641056060791,447187,0.0,0.0
1994-12-05 00:00:00-05:00,9.087911733827386,9.087911733827386,8.921922641051678,8.963419914245605,223906,0.0,0.0
1994-12-06 00:00:00-05:00,8.921918894255755,8.963416150022743,8.838924382721782,8.88042163848877,467500,0.0,0.0
1994-12-07 00:00:00-05:00,8.797427238287606,8.838925488619338,8.63143819445165,8.714432716369629,603437,0.0,0.0
1994-12-08 00:00:00-05:00,8.714430986557065,8.735180107604236,8.340955712060921,8.382452964782715,1050312,0.0,0.0
1994-12-09 00:00:00-05:00,8.382453009610572,8.423950262554285,8.13346949194829,8.299458503723145,1960000,0.0,0.0
1994-12-12 00:00:00-05:00,8.299461150848828,8.589942014104134,8.299461150848828,8.548444747924805,1247500,0.0,0.0
1994-12-13 00:00:00-05:00,8.631435344110155,8.797424333131902,8.631435344110155,8.755927085876465,640000,0.0,0.0
1994-12-14 00:00:00-05:00,8.755927085876465,8.880419817015191,8.631435344110155,8.755927085876465,854844,0.0,0.0
1994-12-15 00:00:00-05:00,8.775888442993164,8.859073136137406,8.734296592235015,8.775888442993164,391250,0.0384,0.0
1994-12-16 00:00:00-05:00,8.817485809326172,8.859078677729723,8.734302055776194,8.817485809326172,964062,0.0,0.0
1994-12-19 00:00:00-05:00,8.900664986895556,8.900664986895556,8.734296592235015,8.775888442993164,161250,0.0,0.0
1994-12-20 00:00:00-05:00,8.983855017947525,9.067038778070577,8.484751465580564,8.52634334564209,1609531,0.0,0.0
1994-12-21 00:00:00-05:00,8.4847470305219,8.651114463806152,8.23519588059552,8.651114463806152,3246719,0.0,0.0
1994-12-22 00:00:00-05:00,8.526345226860698,8.692712783813475,8.526345226860698,8.692712783813477,497656,0.0,0.0
1994-12-23 00:00:00-05:00,8.734300332575513,8.734300332575513,8.609524726867676,8.609524726867676,271719,0.0,0.0
1994-12-27 00:00:00-05:00,8.5679349899292,8.651118747763183,8.526343111012208,8.5679349899292,362656,0.0,0.0
1994-12-28 00:00:00-05:00,8.609528312705752,8.609528312705752,8.276793225568534,8.484752655029297,517031,0.0,0.0
1994-12-29 00:00:00-05:00,8.4847483274405,8.4847483274405,8.359972733404994,8.401564598083496,767812,0.0,0.0
1994-12-30 00:00:00-05:00,8.443161501164356,8.443161501164356,8.318385832669774,8.359977722167969,581562,0.0,0.0
1995-01-03 00:00:00-05:00,8.318380868726493,8.401564598083496,8.318380868726493,8.401564598083496,525937,0.0,0.0
1995-01-04 00:00:00-05:00,8.318380868726493,8.401564598083496,8.193605274690988,8.401564598083496,2801094,0.0,0.0
1995-01-05 00:00:00-05:00,8.359969935411666,8.817480293751315,8.318378084653515,8.775888442993164,2453437,0.0,0.0
1995-01-06 00:00:00-05:00,8.734302505597165,8.775894384514158,8.526343111012208,8.5679349899292,868906,0.0,0.0
1995-01-09 00:00:00-05:00,8.609529005337087,8.692712783813475,8.526345226860698,8.692712783813477,450469,0.0,0.0
1995-01-10 00:00:00-05:00,8.775890038769344,8.775890038769344,8.60952260548509,8.651114463806152,1044531,0.0,0.0
1995-01-11 00:00:00-05:00,8.817481897090406,8.817481897090406,8.567930747164027,8.651114463806152,809531,0.0,0.0
1995-01-12 00:00:00-05:00,8.609524726867676,8.692708464006234,8.567932858298398,8.609524726867676,509375,0.0,0.0
1995-01-13 00:00:00-05:00,8.60952686884619,8.692710626680174,8.526343111012208,8.5679349899292,532812,0.0,0.0
1995-01-16 00:00:00-05:00,8.567933768685121,8.567933768685121,8.401566276730609,8.443158149719238,3154844,0.0,0.0
1995-01-17 00:00:00-05:00,8.443156602172246,8.734299659729004,8.443156602172246,8.734299659729004,560937,0.0,0.0
1995-01-18 00:00:00-05:00,8.651120894575282,8.73430467305167,8.651120894575282,8.692712783813477,551719,0.0,0.0
1995-01-19 00:00:00-05:00,8.651115928998502,8.775891525094254,8.60952406363325,8.734299659729004,503125,0.0,0.0
1995-01-20 00:00:00-05:00,8.734299659729004,8.817483390459506,8.692707794363752,8.734299659729004,254219,0.0,0.0
1995-01-23 00:00:00-05:00,8.78628882634247,8.838278900553718,8.52633944691442,8.630319595336914,318750,0.0,1.25
1995-01-24 00:00:00-05:00,8.630323541610228,8.630323541610228,8.422364141302594,8.52634334564209,786625,0.0,0.0
1995-01-25 00:00:00-05:00,8.52634334564209,8.630323541610228,8.474353247658021,8.52634334564209,582750,0.0,0.0
1995-01-26 00:00:00-05:00,8.52634334564209,8.52634334564209,8.422364141302594,8.52634334564209,518125,0.0,0.0
1995-01-27 00:00:00-05:00,8.526341972546069,8.526341972546069,8.42236278495155,8.47435188293457,704750,0.0,0.0
1995-01-30 00:00:00-05:00,8.42236278495155,8.47435188293457,8.370372695340052,8.47435188293457,881125,0.0,0.0
1995-01-31 00:00:00-05:00,8.474353653724723,8.682314055625863,8.474353653724723,8.578333854675293,617875,0.0,0.0
1995-02-01 00:00:00-05:00,8.578328469220331,8.890267884608502,8.578328469220331,8.838277816772461,1705000,0.0,0.0
1995-02-02 00:00:00-05:00,8.734302184046136,9.046241760253906,8.682313081035321,9.046241760253906,1168875,0.0,0.0
1995-02-03 00:00:00-05:00,9.358177704159564,9.462157853079281,9.150218397948324,9.306187629699707,1012875,0.0,0.0
1995-02-06 00:00:00-05:00,9.20221095948286,9.25420005636558,8.994250605438138,9.15022087097168,831375,0.0,0.0
1995-02-07 00:00:00-05:00,9.150218397948324,9.358177704159564,9.150218397948324,9.306187629699707,1940125,0.0,0.0
1995-02-08 00:00:00-05:00,9.098230709042955,9.306190069781103,9.046240620951304,9.254199981689453,2314875,0.0,0.0
1995-02-09 00:00:00-05:00,9.306190906987062,9.410171092524655,9.254200814218265,9.35818099975586,629750,0.0,0.0
1995-02-10 00:00:00-05:00,9.35818099975586,9.462161185293452,9.35818099975586,9.35818099975586,529500,0.0,0.0
1995-02-13 00:00:00-05:00,9.358182005114958,9.722111701965332,9.358182005114958,9.722111701965332,879250,0.0,0.0
1995-02-14 00:00:00-05:00,9.56613975521004,9.618129844587559,9.358180389328435,9.51414966583252,540125,0.0,0.0
1995-02-15 00:00:00-05:00,9.462157853079281,9.566137010370806,9.306187629699707,9.306187629699707,767125,0.0,0.0
1995-02-16 00:00:00-05:00,9.358180389328435,9.51414966583252,9.306190299950917,9.51414966583252,731375,0.0,0.0
1995-02-17 00:00:00-05:00,9.462161185293452,9.514150286433706,9.306190906987062,9.35818099975586,485250,0.0,0.0
1995-02-21 00:00:00-05:00,9.35818099975586,9.410171092524655,9.254200814218265,9.35818099975586,386250,0.0,0.0
1995-02-22 00:00:00-05:00,9.35818331053121,9.462163521744182,9.306193204924723,9.410173416137695,508750,0.0,0.0
1995-02-23 00:00:00-05:00,9.4621639251709,9.56614314918832,9.35818370952465,9.462163925170898,871375,0.0,0.0
1995-02-24 00:00:00-05:00,9.410173416137695,9.462163521744182,9.306193204924723,9.410173416137695,574000,0.0,0.0
1995-02-27 00:00:00-05:00,9.358177704159564,9.410167778619423,9.306187629699707,9.306187629699707,444875,0.0,0.0
1995-02-28 00:00:00-05:00,9.358177704159564,9.410167778619423,9.306187629699707,9.306187629699707,845250,0.0,0.0
1995-03-01 00:00:00-05:00,9.306190906987062,9.410171092524655,9.254200814218265,9.35818099975586,423500,0.0,0.0
1995-03-02 00:00:00-05:00,9.306190906987062,9.35818099975586,9.202211713078011,9.35818099975586,484500,0.0,0.0
1995-03-03 00:00:00-05:00,9.306190906987062,9.35818099975586,9.254200814218265,9.35818099975586,293875,0.0,0.0
1995-03-06 00:00:00-05:00,9.254200814218265,9.35818099975586,9.098231527540419,9.35818099975586,811625,0.0,0.0
1995-03-07 00:00:00-05:00,9.35818099975586,9.514150286433706,9.254200814218265,9.35818099975586,1122625,0.0,0.0
1995-03-08 00:00:00-05:00,9.35818331053121,9.462163521744182,9.35818331053121,9.410173416137695,968250,0.0,0.0
1995-03-09 00:00:00-05:00,9.410173416137695,9.462163521744182,9.35818331053121,9.410173416137695,430375,0.0,0.0
1995-03-10 00:00:00-05:00,9.462163521744182,9.566142741328369,9.410173416137695,9.410173416137695,610500,0.0,0.0
1995-03-13 00:00:00-05:00,9.462161799975991,9.878080585888267,9.462161799975991,9.670121192932129,832125,0.0,0.0
1995-03-14 00:00:00-05:00,9.56613975521004,9.618129844587559,9.462160568083476,9.51414966583252,705125,0.0,0.0
1995-03-15 00:00:00-05:00,9.410170891519444,9.670120358182254,9.410170891519444,9.566140174865723,405000,0.0,0.0
1995-03-16 00:00:00-05:00,9.566141000639758,9.670121192932129,9.514150904493572,9.670121192932129,592750,0.0,0.0
1995-03-17 00:00:00-05:00,9.643011655869934,9.643011655869934,9.48663889156037,9.590887069702148,774375,0.048,0.0
1995-03-20 00:00:00-05:00,9.590892429935831,9.590892429935831,9.434519578231374,9.53876781463623,331250,0.0,0.0
1995-03-21 00:00:00-05:00,9.59089491564496,9.695144173262843,9.48664665222168,9.48664665222168,440750,0.0,0.0
1995-03-22 00:00:00-05:00,9.48663889156037,9.590887069702148,9.48663889156037,9.590887069702148,183000,0.0,0.0
1995-03-23 00:00:00-05:00,9.590887069702148,9.643011655869934,9.48663889156037,9.590887069702148,666375,0.0,0.0
1995-03-24 00:00:00-05:00,9.590892429935831,9.747266275834635,9.53876781463623,9.53876781463623,683000,0.0,0.0
1995-03-27 00:00:00-05:00,9.643015269473903,10.007886515185715,9.59089066377305,9.955761909484863,646625,0.0,0.0
1995-03-28 00:00:00-05:00,9.955760777471594,9.955760777471594,9.747263372569403,9.799386978149414,254750,0.0,0.0
1995-03-29 00:00:00-05:00,9.747265815734863,9.955763272897226,9.747265815734863,9.747265815734863,588125,0.0,0.0
1995-03-30 00:00:00-05:00,9.851512328626995,10.00788613986515,9.851512328626995,9.903636932373047,382875,0.0,0.0
1995-03-31 00:00:00-05:00,9.851518206345151,10.320637931562594,9.695145296004243,10.216389656066895,650375,0.0,0.0
1995-04-03 00:00:00-04:00,10.268506472583212,10.320630073547362,10.112132687108883,10.320630073547363,432625,0.0,0.0
1995-04-04 00:00:00-04:00,10.32063156595997,10.32063156595997,10.21638335476292,10.268507957458496,475625,0.0,0.0
1995-04-05 00:00:00-04:00,10.21637972639534,10.320627900568443,10.112130558028488,10.164255142211914,522125,0.0,0.0
1995-04-06 00:00:00-04:00,10.164265021221684,10.268514290912103,10.164265021221684,10.216389656066895,765250,0.0,0.0
1995-04-07 00:00:00-04:00,10.216383560655231,10.216383560655231,9.799387724880944,9.903636932373047,607250,0.0,0.0
1995-04-10 00:00:00-04:00,9.903634840105578,10.112132216847966,9.903634840105578,10.00788402557373,325625,0.0,0.0
1995-04-11 00:00:00-04:00,10.060009749417077,10.060009749417077,9.903636932373047,9.903636932373047,221250,0.0,0.0
1995-04-12 00:00:00-04:00,9.799388302119068,9.851512908935547,9.590890869047335,9.851512908935547,681625,0.0,0.0
1995-04-13 00:00:00-04:00,9.851512328626995,9.955761536119098,9.695139511582965,9.903636932373047,255000,0.0,0.0
1995-04-17 00:00:00-04:00,9.955763272897226,10.007887885736391,9.643016590056533,9.747265815734863,786875,0.0,0.0
1995-04-18 00:00:00-04:00,9.799388302119068,9.955762122568505,9.799388302119068,9.851512908935547,490125,0.0,0.0
1995-04-19 00:00:00-04:00,9.851512708014774,9.851512708014774,9.486642456129285,9.69513988494873,2239500,0.0,0.0
1995-04-20 00:00:00-04:00,9.695136242037718,9.695136242037718,9.538762483534365,9.590887069702148,1450500,0.0,0.0
1995-04-21 00:00:00-04:00,9.590890673441926,9.69513988494873,9.538766067688524,9.69513988494873,1304500,0.0,0.0
1995-04-24 00:00:00-04:00,9.590890673441926,9.69513988494873,9.590890673441926,9.69513988494873,565000,0.0,0.0
1995-04-25 00:00:00-04:00,9.643011655869934,9.643011655869934,9.538762483534365,9.590887069702148,922875,0.0,0.0
1995-04-26 00:00:00-04:00,9.590892429935831,9.643017045235434,9.53876781463623,9.53876781463623,972875,0.0,0.0
1995-04-27 00:00:00-04:00,9.538764973473164,9.799386978149414,9.538764973473164,9.799386978149414,148000,0.0,0.0
1995-04-28 00:00:00-04:00,9.747264115329017,9.955761536119098,9.590890304090863,9.903636932373047,763500,0.0,0.0
1995-05-01 00:00:00-04:00,9.955762122568505,9.955762122568505,9.799388302119068,9.851512908935547,566000,0.0,0.0
1995-05-02 00:00:00-04:00,9.799386978149414,9.799386978149414,9.643014173021283,9.799386978149414,354250,0.0,0.0
1995-05-03 00:00:00-04:00,9.903637136099114,10.16425916599646,9.851512531280816,10.060009956359863,724625,0.0,0.0
1995-05-04 00:00:00-04:00,10.112134732393262,10.112134732393262,9.799388092382301,9.955761909484863,586000,0.0,0.0
1995-05-05 00:00:00-04:00,10.060009956359863,10.060009956359863,9.955761740917412,10.060009956359863,239375,0.0,0.0
1995-05-08 00:00:00-04:00,10.06000597384506,10.164255142211914,9.955757799671959,10.164255142211914,515250,0.0,0.0
1995-05-09 00:00:00-04:00,10.060007480458985,10.11213207244873,10.007883882663139,10.11213207244873,389375,0.0,0.0
1995-05-10 00:00:00-04:00,10.164258752067344,10.268507957458496,10.060009546676191,10.268507957458496,368250,0.0,0.0
1995-05-11 00:00:00-04:00,10.21637972639534,10.21637972639534,10.007882383855385,10.164255142211914,793000,0.0,0.0
1995-05-12 00:00:00-04:00,10.112130558028488,10.21637972639534,10.06000597384506,10.164255142211914,169750,0.0,0.0
1995-05-15 00:00:00-04:00,10.164258752067344,10.372756168655545,10.112134149371768,10.268507957458496,474125,0.0,0.0
1995-05-16 00:00:00-04:00,10.372754038203563,10.372754038203563,10.007883882663139,10.11213207244873,1100125,0.0,0.0
1995-05-17 00:00:00-04:00,10.060007480458985,10.164256664438478,10.007883882663139,10.11213207244873,421500,0.0,0.0
1995-05-18 00:00:00-04:00,10.112132216847966,10.216381402316117,9.955759432839654,10.00788402557373,723625,0.0,0.0
1995-05-19 00:00:00-04:00,9.799388092382301,9.955761909484863,9.643015269473903,9.955761909484863,950750,0.0,0.0
1995-05-22 00:00:00-04:00,9.903633215488531,10.164255142211914,9.903633215488531,10.164255142211914,369125,0.0,0.0
1995-05-23 00:00:00-04:00,10.21638335476292,10.32063156595997,10.164258752067344,10.268507957458496,806375,0.0,0.0
1995-05-24 00:00:00-04:00,10.268506472583212,10.372754668705472,10.164257282266993,10.320630073547363,738500,0.0,0.0
1995-05-25 00:00:00-04:00,10.268507957458496,10.32063156595997,10.21638335476292,10.268507957458496,303500,0.0,0.0
1995-05-26 00:00:00-04:00,10.216381256428225,10.320629446213818,10.11213207244873,10.11213207244873,1849500,0.0,0.0
1995-05-30 00:00:00-04:00,10.164258752067344,10.268507957458496,10.060009546676191,10.268507957458496,207500,0.0,0.0
1995-05-31 00:00:00-04:00,10.268503467555092,10.42487621307373,10.164254307746887,10.42487621307373,409125,0.0,0.0
1995-06-01 00:00:00-04:00,10.372752484751869,10.424877068935297,10.112130558028488,10.164255142211914,373125,0.0,0.0
1995-06-02 00:00:00-04:00,10.060015751531267,10.42488720125301,10.060015751531267,10.216389656066895,515875,0.0,0.0
1995-06-05 00:00:00-04:00,10.16426046005825,10.372757911682129,10.16426046005825,10.372757911682129,274250,0.0,0.0
1995-06-06 00:00:00-04:00,10.320630073547362,10.372754668705472,10.216381877425103,10.320630073547363,835250,0.0,0.0
1995-06-07 00:00:00-04:00,10.320627900568443,10.320627900568443,10.06000597384506,10.164255142211914,1315000,0.0,0.0
1995-06-08 00:00:00-04:00,10.16426046005825,10.372757911682129,10.16426046005825,10.372757911682129,1283875,0.0,0.0
1995-06-09 00:00:00-04:00,10.268503467555092,10.477000792977833,10.268503467555092,10.42487621307373,869250,0.0,0.0
1995-06-12 00:00:00-04:00,10.372754895842082,10.737626075744629,10.372754895842082,10.737626075744629,788875,0.0,0.0
1995-06-13 00:00:00-04:00,10.737626674218388,11.050373275252719,10.737626674218388,10.946124076843262,727875,0.0,0.0
1995-06-14 00:00:00-04:00,10.998248676047991,10.998248676047991,10.789751273423116,10.946124076843262,541375,0.0,0.0
1995-06-15 00:00:00-04:00,10.946124452959314,10.998249053955076,10.737627043170331,10.998249053955078,1156250,0.0,0.0
1995-06-16 00:00:00-04:00,11.102498597815403,11.102498597815403,10.894001162936062,11.050374984741211,1274625,0.0,0.0
1995-06-19 00:00:00-04:00,11.05037365495084,11.102497261752532,10.946124452959314,10.998249053955078,531500,0.0,0.0
1995-06-20 00:00:00-04:00,10.97108158609554,10.97108158609554,10.76210880279541,10.76210880279541,704625,0.048,0.0
1995-06-21 00:00:00-04:00,10.81435224773565,10.9188381411553,10.55313601949528,10.76210880279541,793000,0.0,0.0
1995-06-22 00:00:00-04:00,10.866597985595693,11.127814292907715,10.762112060547564,11.127814292907715,472125,0.0,0.0
1995-06-23 00:00:00-04:00,11.075568699215935,11.441270828247072,11.023325253222673,11.44127082824707,917625,0.0,0.0
1995-06-26 00:00:00-04:00,11.545759417593851,11.598002871267507,11.023326873779297,11.023326873779297,719500,0.0,0.0
1995-06-27 00:00:00-04:00,11.02332657875005,11.02332657875005,10.762110313833986,10.866596221923828,980125,0.0,0.0
1995-06-28 00:00:00-04:00,10.866597985595693,11.127814292907715,10.814355521302193,11.127814292907715,648250,0.0,0.0
1995-06-29 00:00:00-04:00,11.12781256267682,11.23229946793972,11.023326653874898,11.075570106506348,581125,0.0,0.0
1995-06-30 00:00:00-04:00,11.127810106873984,11.180053547975799,10.866593897825668,10.971080780029297,413750,0.0,0.0
1995-07-03 00:00:00-04:00,11.02332908333373,11.180058479309082,10.971085619188212,11.180058479309082,210875,0.0,0.0
1995-07-05 00:00:00-04:00,11.075572547479247,11.284545407600115,11.075572547479247,11.180058479309082,444375,0.0,0.0
1995-07-06 00:00:00-04:00,11.127815015163565,11.180058479309082,10.918842155042697,11.180058479309082,442375,0.0,0.0
1995-07-07 00:00:00-04:00,11.127815499183738,11.2845458984375,11.075573029227058,11.2845458984375,822125,0.0,0.0
1995-07-10 00:00:00-04:00,11.127811291163217,11.180054737825097,10.709865710789908,10.918838500976562,820250,0.0,0.0
1995-07-11 00:00:00-04:00,10.81435224773565,10.97108158609554,10.70986535785517,10.76210880279541,1397125,0.0,0.0
1995-07-12 00:00:00-04:00,10.709866092152394,10.866595441258069,10.60537919510801,10.814352989196777,1022375,0.0,0.0
1995-07-13 00:00:00-04:00,10.86659622192383,10.944961898567426,10.814353766109393,10.866596221923828,724875,0.0,0.0
1995-07-14 00:00:00-04:00,10.86659622192383,10.86659622192383,10.709866861558579,10.866596221923828,361750,0.0,0.0
1995-07-17 00:00:00-04:00,11.023326653874898,11.23229946793972,10.971083201243449,11.075570106506348,259375,0.0,0.0
1995-07-18 00:00:00-04:00,11.023325459640898,11.545757936434676,10.971082012669346,11.38902759552002,633125,0.0,0.0
1995-07-19 00:00:00-04:00,11.232298251066235,11.493514489463124,11.023325459640898,11.38902759552002,639500,0.0,0.0
1995-07-20 00:00:00-04:00,11.493513474862599,11.650242805480957,11.33678414424424,11.650242805480957,1507500,0.0,0.0
1995-07-21 00:00:00-04:00,11.59800442579067,11.806977272033691,11.545760965114631,11.806977272033691,688250,0.0,0.0
1995-07-24 00:00:00-04:00,11.806973081311094,11.91145896911621,11.754729639178146,11.911458969116211,809375,0.0,0.0
1995-07-25 00:00:00-04:00,11.911460659644321,11.963704109191893,11.806974757010094,11.963704109191895,616750,0.0,0.0
1995-07-26 00:00:00-04:00,11.911459020818743,12.015945905538171,11.598000359582025,11.650242805480957,595000,0.0,0.0
1995-07-27 00:00:00-04:00,11.702486197045198,11.963702411249157,11.702486197045198,11.911458969116211,627125,0.0,0.0
1995-07-28 00:00:00-04:00,11.963703223828185,12.068190115190866,11.702486991882324,11.702486991882324,449750,0.0,0.0
1995-07-31 00:00:00-04:00,11.702490350681614,11.85922073270973,11.59800442579067,11.806977272033691,437750,0.0,0.0
1995-08-01 00:00:00-04:00,11.859219436356652,12.12043571472168,11.859219436356652,12.12043571472168,700875,0.0,0.0
1995-08-02 00:00:00-04:00,12.224918625453116,12.486134839657074,11.91145896911621,11.911458969116211,822875,0.0,0.0
1995-08-03 00:00:00-04:00,11.806973883245007,11.859217328926349,11.59800109698049,11.702486991882324,435125,0.0,0.0
1995-08-04 00:00:00-04:00,11.70248785791495,12.015947558739466,11.70248785791495,11.963704109191895,564000,0.0,0.0
1995-08-07 00:00:00-04:00,12.01595145183617,12.224924321271507,11.963707985362024,12.172680854797363,404875,0.0,0.0
1995-08-08 00:00:00-04:00,12.12043571472168,12.224921628191076,11.911461894860839,12.12043571472168,835250,0.0,0.0
1995-08-09 00:00:00-04:00,12.277163008156675,12.642866134643556,12.120433666211357,12.642866134643555,1759750,0.0,0.0
1995-08-10 00:00:00-04:00,12.486134321874337,12.53837776184082,12.32940499843562,12.53837776184082,1798125,0.0,0.0
1995-08-11 00:00:00-04:00,12.38164958960115,12.538378927611967,12.329406144777268,12.486135482788086,2441125,0.0,0.0
1995-08-14 00:00:00-04:00,12.486134321874337,12.53837776184082,12.32940499843562,12.53837776184082,412500,0.0,0.0
1995-08-15 00:00:00-04:00,12.433890881907853,12.590621201807306,12.433890881907853,12.53837776184082,502375,0.0,0.0
1995-08-16 00:00:00-04:00,12.433894451590893,12.433894451590893,12.12043571472168,12.12043571472168,515250,0.0,0.0
1995-08-17 00:00:00-04:00,12.224921628191076,12.224921628191076,12.068192259756469,12.12043571472168,757375,0.0,0.0
1995-08-18 00:00:00-04:00,12.12043571472168,12.12043571472168,11.911461894860839,12.12043571472168,1203750,0.0,0.0
1995-08-21 00:00:00-04:00,12.172680854797362,12.224924321271507,12.068194918310315,12.172680854797363,251500,0.0,0.0
1995-08-22 00:00:00-04:00,12.172676910921265,12.172676910921265,11.963704109191893,11.963704109191895,375625,0.0,0.0
1995-08-23 00:00:00-04:00,12.068189832703075,12.120433277161519,11.963702943786183,12.015946388244629,610625,0.0,0.0
1995-08-24 00:00:00-04:00,11.963702733887969,12.120433064513536,11.911459290346112,12.06818962097168,633500,0.0,0.0
1995-08-25 00:00:00-04:00,12.06818962097168,12.120433064513536,11.963702733887969,12.06818962097168,324500,0.0,0.0
1995-08-28 00:00:00-04:00,12.01594880479126,12.12043571472168,12.01594880479126,12.12043571472168,321125,0.0,0.0
1995-08-29 00:00:00-04:00,12.120433064513536,12.172675511594587,11.963702733887969,12.06818962097168,303125,0.0,0.0
1995-08-30 00:00:00-04:00,12.120433277161519,12.224919169617587,12.015946388244629,12.015946388244629,551000,0.0,0.0
1995-08-31 00:00:00-04:00,12.01594880479126,12.12043571472168,11.911461894860839,12.12043571472168,358625,0.0,0.0
1995-09-01 00:00:00-04:00,12.01594880479126,12.12043571472168,12.01594880479126,12.12043571472168,479375,0.0,0.0
1995-09-05 00:00:00-04:00,12.12043571472168,12.381651993086706,12.12043571472168,12.12043571472168,708000,0.0,0.0
1995-09-06 00:00:00-04:00,12.120433064513536,12.172675511594587,11.963702733887969,12.06818962097168,329375,0.0,0.0
1995-09-07 00:00:00-04:00,12.06818962097168,12.120433064513536,12.015946177429823,12.06818962097168,308250,0.0,0.0
1995-09-08 00:00:00-04:00,12.06818962097168,12.120433064513536,11.963702733887969,12.06818962097168,505500,0.0,0.0
1995-09-11 00:00:00-04:00,12.172675725159143,12.172675725159143,12.015946388244629,12.015946388244629,348250,0.0,0.0
1995-09-12 00:00:00-04:00,12.068194687559972,12.277167552999636,12.01595122208475,12.224924087524414,226625,0.0,0.0
1995-09-13 00:00:00-04:00,12.172677122853981,12.433893378678839,12.172677122853981,12.381650924682617,402250,0.0,0.0
1995-09-14 00:00:00-04:00,12.486134321874337,12.53837776184082,12.381648438402106,12.53837776184082,623875,0.0,0.0
1995-09-15 00:00:00-04:00,12.538383883914523,12.538383883914523,12.068194687559972,12.224924087524414,694125,0.0,0.0
1995-09-18 00:00:00-04:00,12.224919255129503,12.486135482788086,12.17267581030562,12.486135482788086,719500,0.0,0.0
1995-09-19 00:00:00-04:00,12.511262129196808,12.720655441284181,12.511262129196808,12.72065544128418,763250,0.048,0.0
1995-09-20 00:00:00-04:00,12.77300679711039,12.825355386134811,12.563613439479,12.615962028503418,553500,0.0,0.0
1995-09-21 00:00:00-04:00,12.668307862111892,12.773004018922542,12.615959284473531,12.72065544128418,465500,0.0,0.0
1995-09-22 00:00:00-04:00,12.563614025485148,12.825355984349422,12.563614025485148,12.7730073928833,604500,0.0,0.0
1995-09-25 00:00:00-04:00,12.720655441284181,12.773004018922542,12.615959284473531,12.72065544128418,374625,0.0,0.0
1995-09-26 00:00:00-04:00,12.773004018922542,12.825352596560903,12.720655441284181,12.72065544128418,232375,0.0,0.0
1995-09-27 00:00:00-04:00,12.720657645529801,12.773006232239167,12.4065681222061,12.458915710449219,765875,0.0,0.0
1995-09-28 00:00:00-04:00,12.458913872604018,12.563611030578613,12.406566292082818,12.563611030578613,341125,0.0,0.0
1995-09-29 00:00:00-04:00,12.615956940376876,12.615956940376876,12.30186653137207,12.30186653137207,280750,0.0,0.0
1995-10-02 00:00:00-04:00,12.354217207928249,12.825352402616883,12.354217207928249,12.511261940002441,481875,0.0,0.0
1995-10-03 00:00:00-04:00,12.563610516849192,12.563610516849192,12.406565784774997,12.511261940002441,220625,0.0,0.0
1995-10-04 00:00:00-04:00,12.458913363155691,12.563610516849192,12.458913363155691,12.511261940002441,582500,0.0,0.0
1995-10-05 00:00:00-04:00,12.511259804553312,12.511259804553312,12.24951796346029,12.30186653137207,642125,0.0,0.0
1995-10-06 00:00:00-04:00,12.354222734076739,12.354222734076739,12.04013213096691,12.197176933288574,670000,0.0,0.0
1995-10-09 00:00:00-04:00,12.19716907020831,12.19716907020831,11.935427236096839,11.987775802612305,274000,0.0,0.0
1995-10-10 00:00:00-04:00,11.883079146285,12.040123840470024,11.77838201785111,11.935426712036133,623250,0.0,0.0
1995-10-11 00:00:00-04:00,11.987775276253076,12.040123840470024,11.726033453634164,11.935426712036133,639125,0.0,0.0
1995-10-12 00:00:00-04:00,11.93542870098194,12.092474419803217,11.883081126507495,12.040125846862793,486625,0.0,0.0
1995-10-13 00:00:00-04:00,12.144820968903915,12.144820968903915,11.935426712036131,11.935426712036133,327125,0.0,0.0
1995-10-16 00:00:00-04:00,11.987778995842836,12.040127576302595,11.726037092010172,11.830734252929688,548750,0.0,0.0
1995-10-17 00:00:00-04:00,11.830737410855154,11.830737410855154,11.202556274592745,11.464298248291016,4317750,0.0,0.0
1995-10-18 00:00:00-04:00,11.621342254263432,11.778387015077977,11.568993667836505,11.673689842224121,2230375,0.0,0.0
1995-10-19 00:00:00-04:00,11.726041723828205,11.726041723828205,11.359603512798069,11.621345520019531,1025500,0.0,0.0
1995-10-20 00:00:00-04:00,11.51664289073178,11.51664289073178,11.150203853912988,11.359598159790039,2196625,0.0,0.0
1995-10-23 00:00:00-04:00,11.307251141576671,11.621341645211116,11.202553974209795,11.516644477844238,654750,0.0,0.0
1995-10-24 00:00:00-04:00,11.568993667836505,11.673689842224121,11.46429649498265,11.673689842224121,438125,0.0,0.0
1995-10-25 00:00:00-04:00,11.6736901444861,11.778387320050836,11.411948204040527,11.411948204040527,664875,0.0,0.0
1995-10-26 00:00:00-04:00,11.516648669575535,11.56899727231237,11.202558051621075,11.25490665435791,2018625,0.0,0.0
1995-10-27 00:00:00-04:00,11.25490233171592,11.25490233171592,11.097857582287745,11.202553749084473,466875,0.0,0.0
1995-10-30 00:00:00-05:00,11.254905834372234,11.621345028366292,11.254905834372234,11.56899642944336,449750,0.0,0.0
1995-10-31 00:00:00-05:00,11.568990687330922,12.144822992743643,11.568990687330922,12.040125846862793,987625,0.0,0.0
1995-11-01 00:00:00-05:00,12.14482307434082,12.30186779575125,12.092474501048681,12.14482307434082,508625,0.0,0.0
1995-11-02 00:00:00-05:00,12.09247240468697,12.144820968903915,11.883079146285,11.935426712036133,601250,0.0,0.0
1995-11-03 00:00:00-05:00,11.935426712036131,12.040123840470024,11.883079146285,11.935426712036133,269250,0.0,0.0
1995-11-06 00:00:00-05:00,11.883081126507495,12.092474419803217,11.883081126507495,12.040125846862793,164625,0.0,0.0
1995-11-07 00:00:00-05:00,11.987775276253076,12.144820968903915,11.883079146285,11.935426712036133,339750,0.0,0.0
1995-11-08 00:00:00-05:00,11.830730582068055,11.935426712036131,11.77838201785111,11.935426712036133,404500,0.0,0.0
1995-11-09 00:00:00-05:00,11.987779677911131,12.0924768447876,11.883083509500846,12.092476844787598,473750,0.0,0.0
1995-11-10 00:00:00-05:00,11.987779447286206,12.092476612148474,11.778386116027832,11.778386116027832,189125,0.0,0.0
1995-11-13 00:00:00-05:00,11.830730582068055,12.040123840470024,11.77838201785111,11.935426712036133,221500,0.0,0.0
1995-11-14 00:00:00-05:00,11.935432289044423,11.935432289044423,11.673690344122692,11.726038932800293,543750,0.0,0.0
1995-11-15 00:00:00-05:00,11.726041227745684,11.726041227745684,11.411950632674559,11.56899642944336,707875,0.0,0.0
1995-11-16 00:00:00-05:00,11.56899278476946,11.830734698458967,11.516644202338325,11.778386116027832,1019875,0.0,0.0
1995-11-17 00:00:00-05:00,11.778386178091909,11.88308334350586,11.726037595384934,11.88308334350586,421875,0.0,0.0
1995-11-20 00:00:00-05:00,11.83073255356707,12.040125846862791,11.778383980626645,12.040125846862793,408125,0.0,0.0
1995-11-21 00:00:00-05:00,11.987783530704188,12.197176933288574,11.987783530704188,12.197176933288574,519000,0.0,0.0
1995-11-22 00:00:00-05:00,12.092474501048681,12.14482307434082,12.040125927756542,12.14482307434082,301125,0.0,0.0
1995-11-24 00:00:00-05:00,12.14482307434082,12.24951922245911,12.14482307434082,12.14482307434082,65375,0.0,0.0
1995-11-27 00:00:00-05:00,12.249522362078002,12.45891571044922,12.249522362078002,12.458915710449219,416250,0.0,0.0
1995-11-28 00:00:00-05:00,12.406563667195634,12.406563667195634,12.14482182610261,12.30186653137207,429375,0.0,0.0
1995-11-29 00:00:00-05:00,12.249521596636118,12.249521596636118,11.935431094472898,12.092476844787598,425125,0.0,0.0
1995-11-30 00:00:00-05:00,11.987780877722026,12.040129466399627,11.673690344122692,11.726038932800293,557375,0.0,0.0
1995-12-01 00:00:00-05:00,11.726037092010172,11.883082833389446,11.673688511550413,11.830734252929688,725375,0.0,0.0
1995-12-04 00:00:00-05:00,11.726035486469696,12.458912517161679,11.568990765059267,12.14482307434082,1119875,0.0,0.0
1995-12-05 00:00:00-05:00,12.092475322160558,12.511261940002441,11.987778168467058,12.511261940002441,656000,0.0,0.0
1995-12-06 00:00:00-05:00,12.511267805638623,12.982403221208862,12.511267805638623,12.930055618286133,1233750,0.0,0.0
1995-12-07 00:00:00-05:00,12.930055618286133,12.930055618286133,12.825358415507624,12.930055618286133,847375,0.0,0.0
1995-12-08 00:00:00-05:00,12.877702816652553,12.982398986816406,12.877702816652553,12.982398986816406,544250,0.0,0.0
1995-12-11 00:00:00-05:00,12.930053167281667,12.930053167281667,12.589787821985041,12.7730073928833,546500,0.0,0.0
1995-12-12 00:00:00-05:00,12.668310759419205,12.825355529785156,12.511264990586954,12.825355529785156,1042125,0.0,0.0
1995-12-13 00:00:00-05:00,12.745626244771223,12.850528921854751,12.745626244771223,12.798077583312988,544625,0.048,0.0
1995-12-14 00:00:00-05:00,12.79808544976092,12.850536820542349,12.588280967061893,12.745634078979492,842875,0.0,0.0
1995-12-15 00:00:00-05:00,12.745629923716328,12.798081277397843,12.378472448798448,12.588276863098145,1527875,0.0,0.0
1995-12-18 00:00:00-05:00,12.483371525716194,12.588274210978138,12.168665470782662,12.535822868347168,472750,0.0,0.0
1995-12-19 00:00:00-05:00,12.430917767840162,12.693173408508303,12.37846643962136,12.6931734085083,473875,0.0,0.0
1995-12-20 00:00:00-05:00,12.745626244771223,12.798077583312987,12.640724568113766,12.798077583312988,750750,0.0,0.0
1995-12-21 00:00:00-05:00,12.79808544976092,12.79808544976092,12.69318370862475,12.745634078979492,814125,0.0,0.0
1995-12-22 00:00:00-05:00,12.69318370862475,12.850536820542349,12.69318370862475,12.745634078979492,439250,0.0,0.0
1995-12-26 00:00:00-05:00,12.798082985797851,12.798082985797851,12.588278543491622,12.640729904174805,339500,0.0,0.0
1995-12-27 00:00:00-05:00,12.588274210978138,12.588274210978138,12.430921183511373,12.535822868347168,292125,0.0,0.0
1995-12-28 00:00:00-05:00,12.535826833206201,13.007887065336906,12.43092511519186,12.955436706542969,722750,0.0,0.0
1995-12-29 00:00:00-05:00,12.90297794342041,13.060330930363898,12.850526614297284,12.90297794342041,532500,0.0,0.0
1996-01-02 00:00:00-05:00,12.95543526252417,13.322592735290526,12.850532555775867,13.322592735290527,509875,0.0,0.0
1996-01-03 00:00:00-05:00,13.375043563915215,13.689750671386719,13.375043563915215,13.689750671386719,887875,0.0,0.0
1996-01-04 00:00:00-05:00,13.742200376474475,14.004456101213101,13.322590616636957,13.375041961669922,1029875,0.0,0.0
1996-01-05 00:00:00-05:00,13.37504664835156,13.37504664835156,13.060339468305038,13.165242195129395,401000,0.0,0.0
1996-01-08 00:00:00-05:00,13.217688926997225,13.375041961669922,13.217688926997225,13.375041961669922,66250,0.0,0.0
1996-01-09 00:00:00-05:00,13.217693558541573,13.270143921527204,13.00788810489286,13.165242195129395,474750,0.0,0.0
1996-01-10 00:00:00-05:00,12.693176896240084,12.902981266337823,12.430921183511373,12.535822868347168,986375,0.0,0.0
1996-01-11 00:00:00-05:00,12.430921183511373,12.588274210978138,12.221115812987483,12.535822868347168,682250,0.0,0.0
1996-01-12 00:00:00-05:00,12.535822868347166,12.640725553609112,12.430921183511373,12.535822868347168,592750,0.0,0.0
1996-01-15 00:00:00-05:00,12.588270752070695,12.74562373630123,12.535819423851892,12.6931734085083,374250,0.0,0.0
1996-01-16 00:00:00-05:00,12.798082985797851,12.798082985797851,12.535827182808443,12.640729904174805,331750,0.0,0.0
1996-01-17 00:00:00-05:00,12.640729551647011,13.217692502218522,12.588278192426607,12.955436706542969,901000,0.0,0.0
1996-01-18 00:00:00-05:00,12.902984122718989,13.270141601562498,12.745630059992022,13.2701416015625,651750,0.0,0.0
1996-01-19 00:00:00-05:00,13.060339468305038,13.270143921527204,13.00788810489286,13.165242195129395,720250,0.0,0.0
1996-01-22 00:00:00-05:00,13.165239893504227,13.427495664289465,13.165239893504227,13.2701416015625,659250,0.0,0.0
1996-01-23 00:00:00-05:00,13.270139271603993,13.375041961669922,13.16523758196426,13.375041961669922,378500,0.0,0.0
1996-01-24 00:00:00-05:00,13.427494049072266,13.532395744511726,13.322591353206555,13.427494049072266,389000,0.0,0.0
1996-01-25 00:00:00-05:00,13.112788711645074,13.427495840809833,12.955435647275888,13.217691421508789,3167500,0.0,0.0
1996-01-26 00:00:00-05:00,13.11278927082918,13.165240627997782,12.798082128243996,12.850533485412598,1654375,0.0,0.0
1996-01-29 00:00:00-05:00,12.850532555775867,13.322592735290526,12.798081202401715,13.322592735290527,2323875,0.0,0.0
1996-01-30 00:00:00-05:00,13.322591493499484,13.637298583984375,13.270140145014292,13.637298583984375,1665250,0.0,0.0
1996-01-31 00:00:00-05:00,13.584845542907715,13.584845542907715,13.427492517483657,13.584845542907715,629625,0.0,0.0
1996-02-01 00:00:00-05:00,13.584847235499183,13.689749932469567,13.322591493499484,13.637298583984375,551625,0.0,0.0
1996-02-02 00:00:00-05:00,14.056904588411362,14.214258602718289,13.79464889832588,14.109355926513672,1984750,0.0,0.0
1996-02-05 00:00:00-05:00,13.952004432678223,14.004455776495009,13.742200057837247,13.952004432678223,982750,0.0,0.0
1996-02-06 00:00:00-05:00,13.847103335007855,13.899554684847253,13.742201635755347,13.794651985168457,850000,0.0,0.0
1996-02-07 00:00:00-05:00,14.004455679721774,14.476515769958496,13.899552992813096,14.476515769958496,1434125,0.0,0.0
1996-02-08 00:00:00-05:00,14.424064475421067,14.476515819053287,14.0569060704217,14.21426010131836,1569250,0.0,0.0
1996-02-09 00:00:00-05:00,14.214260151335985,14.266711495152773,13.952004432678223,13.952004432678223,1061875,0.0,0.0
1996-02-12 00:00:00-05:00,14.056907653808594,14.109359003348995,13.847103256073266,14.056907653808594,1023000,0.0,0.0
1996-02-13 00:00:00-05:00,14.0569060704217,14.371613131788848,14.0569060704217,14.21426010131836,1054250,0.0,0.0
1996-02-14 00:00:00-05:00,14.21425935479352,14.371612376999918,14.10935667303851,14.161808013916016,753500,0.0,0.0
1996-02-15 00:00:00-05:00,14.109352490685806,14.371608116908316,14.004450840452295,14.266706466674805,1159500,0.0,0.0
1996-02-16 00:00:00-05:00,14.266716546524396,14.4240696332621,14.161813821748243,14.371618270874023,1249625,0.0,0.0
1996-02-20 00:00:00-05:00,14.319163336371354,14.791224479675293,14.266712987494273,14.791224479675293,1441125,0.0,0.0
1996-02-21 00:00:00-05:00,14.791224169426435,14.843674517203358,14.581418776613713,14.633870124816895,1425500,0.0,0.0
1996-02-22 00:00:00-05:00,14.68632255759957,14.896126965480013,14.68632255759957,14.84367561340332,981375,0.0,0.0
1996-02-23 00:00:00-05:00,14.843678531513659,14.896129893901735,14.371618270874023,14.371618270874023,1434625,0.0,0.0
1996-02-26 00:00:00-05:00,14.424059442237981,14.424059442237981,14.214255141345138,14.266706466674805,854375,0.0,0.0
1996-02-27 00:00:00-05:00,14.21426010131836,14.319161788156629,14.161808757686138,14.21426010131836,601000,0.0,0.0
1996-02-28 00:00:00-05:00,14.2142617024298,14.319163401084323,13.952005955154071,14.056907653808594,821500,0.0,0.0
1996-02-29 00:00:00-05:00,13.952004432678223,14.004455776495009,13.79465040122786,13.952004432678223,875000,0.0,0.0
1996-03-01 00:00:00-05:00,14.16180726461598,14.16180726461598,13.84710023642819,14.109355926513672,861375,0.0,0.0
1996-03-04 00:00:00-05:00,14.161809997558596,14.81744934929742,14.096246062384713,14.751885414123535,633200,0.0,1.25
1996-03-05 00:00:00-05:00,14.686323698576505,14.751887643659437,14.35850397316185,14.555195808410645,740400,0.0,0.0
1996-03-06 00:00:00-05:00,14.620755495848478,14.817447273819534,13.96511623594496,14.161808013916016,1079100,0.0,0.0
1996-03-07 00:00:00-05:00,14.227378845214844,14.358506760838944,14.096250929590745,14.227378845214844,852600,0.0,0.0
1996-03-08 00:00:00-05:00,13.76842212677002,14.096241701216924,13.702858211880638,13.76842212677002,803300,0.0,0.0
1996-03-11 00:00:00-05:00,13.8339860416594,13.89954995654878,13.571730382101876,13.76842212677002,673800,0.0,0.0
1996-03-12 00:00:00-05:00,13.637304126091724,13.89955997467041,13.571740163947052,13.89955997467041,343300,0.0,0.0
1996-03-13 00:00:00-05:00,13.799677255018702,13.996815501518968,13.536826259685013,13.931102752685547,373400,0.06,0.0
1996-03-14 00:00:00-05:00,14.32537352072226,14.719649856154984,14.25966079815014,14.588224411010742,918500,0.0,0.0
1996-03-15 00:00:00-05:00,14.456803134587258,14.522515876108109,14.259664910024705,14.391090393066406,907000,0.0,0.0
1996-03-18 00:00:00-05:00,14.58822861762896,14.58822861762896,14.193952168503854,14.391090393066406,543800,0.0,0.0
1996-03-19 00:00:00-05:00,14.52250862121582,14.588221329909105,14.259657786442684,14.52250862121582,764500,0.0,0.0
1996-03-20 00:00:00-05:00,14.588221257527671,14.851072090996638,14.325370424058704,14.785359382629395,393900,0.0,0.0
1996-03-21 00:00:00-05:00,14.785359455988958,14.785359455988958,14.456795912522537,14.52250862121582,385500,0.0,0.0
1996-03-22 00:00:00-05:00,14.58822861762896,14.653941359149812,14.325377651545555,14.391090393066406,260700,0.0,0.0
1996-03-25 00:00:00-05:00,14.522511688438623,14.653937133582863,14.32537352072226,14.588224411010742,335500,0.0,0.0
1996-03-26 00:00:00-05:00,14.522508331707545,14.851071868624006,14.391082916940961,14.719646453857422,483400,0.0,0.0
1996-03-27 00:00:00-05:00,14.982500746443465,15.113926191587707,14.588224411010742,14.588224411010742,432500,0.0,0.0
1996-03-28 00:00:00-05:00,14.456794738769533,14.522507442127576,14.325369332053446,14.456794738769531,323200,0.0,0.0
1996-03-29 00:00:00-05:00,14.522504810913366,14.522504810913366,13.996803279296593,14.25965404510498,528600,0.0,0.0
1996-04-01 00:00:00-05:00,14.391090393066406,14.522515876108109,14.128239426983003,14.391090393066406,550500,0.0,0.0
1996-04-02 00:00:00-05:00,14.391081858790198,14.45679456134175,13.996805643480876,14.128231048583984,442100,0.0,0.0
1996-04-03 00:00:00-05:00,14.128235326363491,14.456798938604502,13.20825721208866,13.668246269226074,4200300,0.0,0.0
1996-04-04 00:00:00-05:00,13.865380459361607,14.259656680954828,13.799667755762737,14.193943977355957,1783100,0.0,0.0
1996-04-08 00:00:00-04:00,13.931098739117807,14.062524198920807,13.733960549413311,13.865386009216309,783600,0.0,0.0
1996-04-09 00:00:00-04:00,13.865378868066523,13.865378868066523,13.405389995666212,13.733953475952148,754300,0.0,0.0
1996-04-10 00:00:00-04:00,13.53681761675542,13.668243030510327,13.273966789245605,13.273966789245605,867200,0.0,0.0
1996-04-11 00:00:00-04:00,12.748269281631861,13.011120194655199,12.222567455585187,12.813982009887695,2197200,0.0,0.0
1996-04-12 00:00:00-04:00,13.536820321533812,13.536820321533812,13.142544001489137,13.208256721496582,1227600,0.0,0.0
1996-04-15 00:00:00-04:00,13.339680541645395,13.405393253673205,13.011116981506346,13.011116981506348,618000,0.0,0.0
1996-04-16 00:00:00-04:00,13.668246608827173,13.668246608827173,13.339682988422673,13.471108436584473,893200,0.0,0.0
1996-04-17 00:00:00-04:00,13.602530257215777,13.602530257215777,13.273966724432787,13.53681755065918,676400,0.0,0.0
1996-04-18 00:00:00-04:00,13.602530257215777,13.733955670328973,13.405392137545983,13.53681755065918,730700,0.0,0.0
1996-04-19 00:00:00-04:00,13.602532386779785,13.73395782046848,13.536819669935438,13.602532386779785,625600,0.0,0.0
1996-04-22 00:00:00-04:00,13.602532386779785,13.73395782046848,13.536819669935438,13.602532386779785,618200,0.0,0.0
1996-04-23 00:00:00-04:00,13.602533546777872,13.733958991674276,13.471108101881468,13.668246269226074,530700,0.0,0.0
1996-04-24 00:00:00-04:00,13.66824077989496,13.733953475952148,13.602528083837774,13.733953475952148,899400,0.0,0.0
1996-04-25 00:00:00-04:00,13.668245103624132,13.865383254157173,13.602532386779785,13.602532386779785,898400,0.0,0.0
1996-04-26 00:00:00-04:00,13.602528083837774,13.799666172009335,13.536815387780587,13.733953475952148,332400,0.0,0.0
1996-04-29 00:00:00-04:00,13.668246269226074,13.733958991674276,13.602533546777872,13.668246269226074,412400,0.0,0.0
1996-04-30 00:00:00-04:00,13.733958991674276,13.799671714122479,13.569677185553772,13.668246269226074,569900,0.0,0.0
1996-05-01 00:00:00-04:00,13.602533546777872,13.733958991674276,13.405395379433266,13.668246269226074,942900,0.0,0.0
1996-05-02 00:00:00-04:00,13.602533677045038,13.602533677045038,13.405395507812502,13.4053955078125,594600,0.0,0.0
1996-05-03 00:00:00-04:00,13.405394236246746,13.668245103624132,13.405394236246746,13.602532386779785,604600,0.0,0.0
1996-05-06 00:00:00-04:00,13.471108436584473,13.602533884746274,13.273970264341774,13.471108436584473,292500,0.0,0.0
1996-05-07 00:00:00-04:00,13.536819669935438,13.668245103624132,13.536819669935438,13.602532386779785,597500,0.0,0.0
1996-05-08 00:00:00-04:00,13.471111297607422,13.865387725830079,13.208260345458985,13.799674987792969,422700,0.0,0.0
1996-05-09 00:00:00-04:00,13.799668444265233,13.898237504581415,13.1425413754907,13.273966789245605,785900,0.0,0.0
1996-05-10 00:00:00-04:00,13.471104844102582,13.733955670328973,13.339679430989385,13.53681755065918,599600,0.0,0.0
1996-05-13 00:00:00-04:00,13.536822359708813,13.996811469019308,13.471109629807314,13.865386009216309,535900,0.0,0.0
1996-05-14 00:00:00-04:00,13.996807238377563,14.456796208652882,13.931094528338232,14.325370788574219,555700,0.0,0.0
1996-05-15 00:00:00-04:00,14.391082088152569,14.456794791751438,14.062518570158216,14.193943977355957,286100,0.0,0.0
1996-05-16 00:00:00-04:00,14.128231221979316,14.719645552201705,14.128231221979316,14.456794738769531,690800,0.0,0.0
1996-05-17 00:00:00-04:00,14.588221628731544,14.653934338770876,14.193945368495557,14.325370788574219,355000,0.0,0.0
1996-05-20 00:00:00-04:00,14.325366736557077,14.325366736557077,14.06251597074869,14.25965404510498,419400,0.0,0.0
1996-05-21 00:00:00-04:00,14.325369156238644,14.325369156238644,14.128231048583984,14.128231048583984,448600,0.0,0.0
1996-05-22 00:00:00-04:00,14.062518570158216,14.193943977355957,13.931093162960476,14.193943977355957,642600,0.0,0.0
1996-05-23 00:00:00-04:00,14.193948127854037,14.325373573482315,13.996809959411621,13.996809959411621,515300,0.0,0.0
1996-05-24 00:00:00-04:00,14.128232658456225,14.325370788574219,14.062519948416893,14.325370788574219,557700,0.0,0.0
1996-05-28 00:00:00-04:00,14.456794738769533,14.522507442127576,14.259656628695403,14.456794738769531,653600,0.0,0.0
1996-05-29 00:00:00-04:00,14.391079428009174,14.45679211946127,14.128228662200787,14.25965404510498,611600,0.0,0.0
1996-05-30 00:00:00-04:00,14.19394392533736,14.456794738769533,14.128231221979316,14.456794738769531,299800,0.0,0.0
1996-05-31 00:00:00-04:00,14.522508918692214,14.522508918692214,14.193945368495557,14.325370788574219,338400,0.0,0.0
1996-06-03 00:00:00-04:00,14.259664910024705,14.653941359149812,14.259664910024705,14.391090393066406,248600,0.0,0.0
1996-06-04 00:00:00-04:00,14.522507495350307,14.653932902548048,14.128231273757088,14.193943977355957,620500,0.0,0.0
1996-06-05 00:00:00-04:00,14.325370788574219,14.39108349861355,14.193945368495557,14.325370788574219,472600,0.0,0.0
1996-06-06 00:00:00-04:00,14.259662695393164,15.048215471175274,14.259662695393164,14.916790008544922,705400,0.0,0.0
1996-06-07 00:00:00-04:00,14.71965107164885,15.113927439639443,14.522512887653551,14.982501983642578,490200,0.0,0.0
1996-06-10 00:00:00-04:00,14.982501983642578,15.04821471164101,14.785363799647282,14.982501983642578,520900,0.0,0.0
1996-06-11 00:00:00-04:00,15.048215471175274,15.2453536651208,14.851077277229747,14.916790008544922,239600,0.0,0.0
1996-06-12 00:00:00-04:00,14.882542610168455,15.0142465270726,14.75083869326431,14.882542610168457,350800,0.06,0.0
1996-06-13 00:00:00-04:00,14.882540184154847,15.080096027307343,14.882540184154847,15.014244079589844,412400,0.0,0.0
1996-06-14 00:00:00-04:00,14.948392131872344,15.145947975024843,14.816688236437347,15.014244079589844,661400,0.0,0.0
1996-06-17 00:00:00-04:00,14.948398981775554,15.01425095966884,14.750843048095701,14.750843048095703,480700,0.0,0.0
1996-06-18 00:00:00-04:00,14.816695025988986,14.948398981775554,14.619139092309133,14.750843048095703,908200,0.0,0.0
1996-06-19 00:00:00-04:00,14.750842285156251,15.145954132080078,14.619138336181642,14.816694259643555,546500,0.0,0.0
1996-06-20 00:00:00-04:00,14.948390797451811,15.0800946811298,14.487427204578847,14.619131088256836,524400,0.0,0.0
1996-06-21 00:00:00-04:00,14.750843048095701,14.750843048095701,14.553287114415848,14.750843048095703,775100,0.0,0.0
1996-06-24 00:00:00-04:00,14.882540184154847,15.080096027307343,14.882540184154847,15.014244079589844,828200,0.0,0.0
1996-06-25 00:00:00-04:00,15.080098485524674,15.080098485524674,14.75083869326431,14.882542610168457,414300,0.0,0.0
1996-06-26 00:00:00-04:00,14.882547780537283,14.882547780537283,14.61913985521804,14.684991836547852,164300,0.0,0.0
1996-06-27 00:00:00-04:00,14.75084062056108,15.211804389953615,14.684988653505004,15.211804389953613,357400,0.0,0.0
1996-06-28 00:00:00-04:00,15.145947235640481,15.343503069148834,14.948391402132126,15.080095291137695,453500,0.0,0.0
1996-07-01 00:00:00-04:00,15.21180194641899,15.343505859375,15.145949989940988,15.343505859375,357300,0.0,0.0
1996-07-02 00:00:00-04:00,15.014247674208422,15.014247674208422,13.631356441057648,13.697208404541016,2173400,0.0,0.0
1996-07-03 00:00:00-04:00,13.960624532112014,14.224032542151862,13.697216522072164,13.89477252960205,1867800,0.0,0.0
1996-07-05 00:00:00-04:00,13.302094147845011,13.499650001525877,13.302094147845011,13.499650001525879,567900,0.0,0.0
1996-07-08 00:00:00-04:00,13.631356441057648,13.763060368024387,13.499652514090906,13.697208404541016,1352100,0.0,0.0
1996-07-09 00:00:00-04:00,13.49965788238677,13.631361861727129,13.236249923706053,13.236249923706055,1162700,0.0,0.0
1996-07-10 00:00:00-04:00,13.302097858526768,13.302097858526768,12.511874223366762,12.841134071350098,3455800,0.0,0.0
1996-07-11 00:00:00-04:00,12.841131876385402,12.841131876385402,12.380168168002337,12.446020126342773,1262600,0.0,0.0
1996-07-12 00:00:00-04:00,12.57772619296343,12.841134071350098,12.380170284173428,12.841134071350098,643600,0.0,0.0
1996-07-15 00:00:00-04:00,12.709428091306945,12.841132009351576,12.050908501083788,12.182612419128418,612700,0.0,0.0
1996-07-16 00:00:00-04:00,12.116759736659162,12.116759736659162,11.392388230663235,11.65579605102539,1227000,0.0,0.0
1996-07-17 00:00:00-04:00,12.38016883733914,13.170392380148021,12.38016883733914,12.9728364944458,1825300,0.0,0.0
1996-07-18 00:00:00-04:00,13.104538500887676,13.763058023545348,13.104538500887676,13.565502166748047,1286300,0.0,0.0
1996-07-19 00:00:00-04:00,13.49965788238677,13.49965788238677,12.972841965025335,13.236249923706055,935300,0.0,0.0
1996-07-22 00:00:00-04:00,13.302096450884726,13.302096450884726,12.446020936718877,12.709428787231445,964300,0.0,0.0
1996-07-23 00:00:00-04:00,12.775282101753431,12.972838010543432,12.709430132156763,12.841134071350098,882400,0.0,0.0
1996-07-24 00:00:00-04:00,12.643578162560097,12.972838010543432,12.511874223366762,12.841134071350098,765200,0.0,0.0
1996-07-25 00:00:00-04:00,12.972832901309234,13.236240675955107,12.906980957647766,13.038684844970703,837100,0.0,0.0
1996-07-26 00:00:00-04:00,13.10453678863217,13.17038873229364,12.906980957647766,13.038684844970703,511700,0.0,0.0
1996-07-29 00:00:00-04:00,13.170389175415039,13.30209306716919,13.104537229537964,13.170389175415039,413900,0.0,0.0
1996-07-30 00:00:00-04:00,13.170389175415039,13.367945013046265,13.03868528366089,13.170389175415039,387200,0.0,0.0
1996-07-31 00:00:00-04:00,12.643573183001894,13.17038873229364,12.643573183001894,13.038684844970703,788700,0.0,0.0
1996-08-01 00:00:00-04:00,13.170390970566693,13.69720660938936,13.10453901571386,13.433798789978027,816900,0.0,0.0
1996-08-02 00:00:00-04:00,13.763060368024387,13.763060368024387,13.367948587124166,13.697208404541016,801700,0.0,0.0
1996-08-05 00:00:00-04:00,13.69721203495339,13.69721203495339,13.565508073078838,13.631360054016113,362500,0.0,0.0
1996-08-06 00:00:00-04:00,13.697208404541017,13.697208404541017,13.565504477574276,13.697208404541016,263300,0.0,0.0
1996-08-07 00:00:00-04:00,13.631360054016115,13.69721203495339,13.499656092141562,13.631360054016113,761900,0.0,0.0
1996-08-08 00:00:00-04:00,13.697208605314557,13.763060569763184,13.499652711968674,13.763060569763184,744200,0.0,0.0
1996-08-09 00:00:00-04:00,13.828916909559718,14.158176835977805,13.7630649242761,13.960620880126953,596400,0.0,0.0
1996-08-12 00:00:00-04:00,13.894768894843335,14.02647286541057,13.894768894843335,13.960620880126953,272400,0.0,0.0
1996-08-13 00:00:00-04:00,14.026464602269165,14.355724334716797,14.026464602269165,14.355724334716797,569600,0.0,0.0
1996-08-14 00:00:00-04:00,14.224020441737744,14.553280174185378,14.158168495248217,14.355724334716797,619100,0.0,0.0
1996-08-15 00:00:00-04:00,14.289877501199413,14.355729471251022,14.158173561096193,14.158173561096191,429100,0.0,0.0
1996-08-16 00:00:00-04:00,14.15817470462234,14.289878655363012,14.092322729252004,14.224026679992676,354400,0.0,0.0
1996-08-19 00:00:00-04:00,13.96061462331041,14.355726357932403,13.96061462331041,14.092318534851074,343500,0.0,0.0
1996-08-20 00:00:00-04:00,14.092322729252004,14.289878655363012,14.026470753881666,14.224026679992676,379800,0.0,0.0
1996-08-21 00:00:00-04:00,14.224025531147802,14.224025531147802,13.960617650941362,14.158173561096191,372300,0.0,0.0
1996-08-22 00:00:00-04:00,14.092322157022538,14.158174129718905,13.960618211629804,14.026470184326172,333600,0.0,0.0
1996-08-23 00:00:00-04:00,14.092321591044582,14.224025531147802,14.026469620992971,14.158173561096191,388600,0.0,0.0
1996-08-26 00:00:00-04:00,14.158174129718905,14.224026102415273,14.026470184326172,14.026470184326172,369800,0.0,0.0
1996-08-27 00:00:00-04:00,14.092321591044582,14.289877501199413,14.026469620992971,14.158173561096191,330400,0.0,0.0
1996-08-28 00:00:00-04:00,14.224020224013087,14.289872169494629,13.499648823716123,14.289872169494629,256400,0.0,0.0
1996-08-29 00:00:00-04:00,14.158168278531544,14.289872169494629,14.02646438756846,14.289872169494629,360300,0.0,0.0
1996-08-30 00:00:00-04:00,14.224032542151862,14.289884544661826,13.89477252960205,13.89477252960205,373800,0.0,0.0
1996-09-03 00:00:00-04:00,13.828910827636719,13.894762783958798,13.69720691499256,13.828910827636719,408500,0.0,0.0
1996-09-04 00:00:00-04:00,13.697212938992482,13.960620880126953,13.664286946350673,13.960620880126953,485600,0.0,0.0
1996-09-05 00:00:00-04:00,13.763068524582128,14.026476534621976,13.763068524582128,13.89477252960205,288600,0.0,0.0
1996-09-06 00:00:00-04:00,13.828910827636719,14.092318652925037,13.828910827636719,13.828910827636719,351300,0.0,0.0
1996-09-09 00:00:00-04:00,13.894760496605375,14.487428005939254,13.894760496605375,14.289872169494629,280000,0.0,0.0
1996-09-10 00:00:00-04:00,14.224021598084333,14.421577453613281,14.15816964624135,14.421577453613281,323700,0.0,0.0
1996-09-11 00:00:00-04:00,14.321261834215235,14.38725843252959,14.189268637586522,14.255265235900879,530300,0.06,0.0
1996-09-12 00:00:00-04:00,14.32126804174379,14.32126804174379,14.189274787902834,14.189274787902832,320300,0.0,0.0
1996-09-13 00:00:00-04:00,14.32126804174379,14.387264668664267,14.123278160982355,14.189274787902832,484300,0.0,0.0
1996-09-16 00:00:00-04:00,14.255270505281088,14.453260373409991,14.189273882571452,14.321267127990723,612900,0.0,0.0
1996-09-17 00:00:00-04:00,14.25526584991037,14.519252254538339,14.25526584991037,14.453255653381348,290500,0.0,0.0
1996-09-18 00:00:00-04:00,14.453255653381346,14.519252254538339,14.25526584991037,14.453255653381348,308800,0.0,0.0
1996-09-19 00:00:00-04:00,14.453260920264505,14.519257545471193,14.453260920264505,14.519257545471191,220900,0.0,0.0
1996-09-20 00:00:00-04:00,14.519252254538339,14.519252254538339,14.387259052224353,14.453255653381348,589700,0.0,0.0
1996-09-23 00:00:00-04:00,14.387264295057818,14.58525417067788,14.321267669851132,14.519257545471191,255300,0.0,0.0
1996-09-24 00:00:00-04:00,14.453256689045764,14.717243112589978,14.453256689045764,14.585249900817871,275800,0.0,0.0
1996-09-25 00:00:00-04:00,14.717243112589978,14.717243112589978,14.38726008315971,14.585249900817871,344700,0.0,0.0
1996-09-26 00:00:00-04:00,14.519254784835011,14.519254784835011,13.595302207618237,13.793292045593262,2494400,0.0,0.0
1996-09-27 00:00:00-04:00,13.925285719908201,13.925285719908201,13.595302645976727,13.727295875549316,1064600,0.0,0.0
1996-09-30 00:00:00-04:00,13.529306031190432,13.727295875549316,13.529306031190432,13.727295875549316,523600,0.0,0.0
1996-10-01 00:00:00-04:00,13.529304711505619,13.529304711505619,13.067328453063963,13.067328453063965,1206200,0.0,0.0
1996-10-02 00:00:00-04:00,13.067328529357912,13.331314964294435,12.869338703155519,13.199321746826172,1869400,0.0,0.0
1996-10-03 00:00:00-04:00,13.265318355560304,13.463308181762697,13.00133192062378,13.199321746826172,764200,0.0,0.0
1996-10-04 00:00:00-04:00,13.397314571866803,13.463311195373537,13.265321324853337,13.463311195373535,809300,0.0,0.0
1996-10-07 00:00:00-04:00,13.529306803599443,13.529306803599443,13.265320329382869,13.331316947937012,635300,0.0,0.0
1996-10-08 00:00:00-04:00,13.265318355560304,13.529304790496827,13.133325138092042,13.199321746826172,601100,0.0,0.0
1996-10-09 00:00:00-04:00,13.133328437805174,13.265321688436382,13.001335187173966,13.133328437805176,511900,0.0,0.0
1996-10-10 00:00:00-04:00,13.001332283020018,13.067328893593723,12.737345840725196,13.00133228302002,1207100,0.0,0.0
1996-10-11 00:00:00-04:00,13.067328529357912,13.331314964294435,13.067328529357912,13.199321746826172,537700,0.0,0.0
1996-10-14 00:00:00-04:00,13.199324157107528,13.39731401946414,13.199324157107528,13.265320777893066,673600,0.0,0.0
1996-10-15 00:00:00-04:00,13.529305594959897,13.991281883568284,13.529305594959897,13.793292045593262,1284500,0.0,0.0
1996-10-16 00:00:00-04:00,14.057278465580296,14.783241203239372,13.925285240551373,14.65124797821045,1072500,0.0,0.0
1996-10-17 00:00:00-04:00,14.519252254538339,14.585248855695331,14.387259052224353,14.453255653381348,673200,0.0,0.0
1996-10-18 00:00:00-04:00,14.519256996119626,14.519256996119626,14.32126712799072,14.321267127990723,303400,0.0,0.0
1996-10-21 00:00:00-04:00,14.387263298034668,14.519256539301042,14.321266677401482,14.387263298034668,460400,0.0,0.0
1996-10-22 00:00:00-04:00,14.32126712799072,14.387263750700356,14.189273882571452,14.321267127990723,444400,0.0,0.0
1996-10-23 00:00:00-04:00,14.189274419437757,14.519257545471193,14.12327779423107,14.519257545471191,1014500,0.0,0.0
1996-10-24 00:00:00-04:00,14.519253294931818,14.651246506703925,14.453256689045764,14.585249900817871,602300,0.0,0.0
1996-10-25 00:00:00-04:00,14.65124797821045,14.717244590724912,14.519254753181526,14.65124797821045,583300,0.0,0.0
1996-10-28 00:00:00-05:00,14.717247421091255,14.717247421091255,14.519257545471193,14.519257545471191,388100,0.0,0.0
1996-10-29 00:00:00-05:00,14.519254753181526,14.717244590724912,14.453258140667065,14.65124797821045,576800,0.0,0.0
1996-10-30 00:00:00-05:00,14.65124899148941,14.783242225646973,14.58525237441063,14.783242225646973,405200,0.0,0.0
1996-10-31 00:00:00-05:00,14.717240746403155,15.377206699156659,14.717240746403155,15.245213508605957,1124100,0.0,0.0
1996-11-01 00:00:00-05:00,15.245215767308284,15.311212372361567,15.047225952148436,15.047225952148438,839700,0.0,0.0
1996-11-04 00:00:00-05:00,15.179223604979946,15.377213478088379,15.04723035624099,15.377213478088379,496100,0.0,0.0
1996-11-05 00:00:00-05:00,15.311217428255482,15.839190443022913,15.245220801409554,15.707197189331055,1474200,0.0,0.0
1996-11-06 00:00:00-05:00,15.575201480946644,15.773191330280712,15.443208248057266,15.509204864501953,1068900,0.0,0.0
1996-11-07 00:00:00-05:00,15.509204046496786,15.773190498352049,15.509204046496786,15.77319049835205,612600,0.0,0.0
1996-11-08 00:00:00-05:00,15.773190498352049,15.839187111315866,15.641197272424417,15.77319049835205,1080300,0.0,0.0
1996-11-11 00:00:00-05:00,15.839192390441895,15.839192390441895,15.707199120521546,15.839192390441895,300700,0.0,0.0
1996-11-12 00:00:00-05:00,15.707196820420002,16.433159698674707,15.707196820420002,16.037179946899414,513100,0.0,0.0
1996-11-13 00:00:00-05:00,15.905187069868841,16.037180323560698,15.509207308793268,15.707197189331055,330700,0.0,0.0
1996-11-14 00:00:00-05:00,15.839186076876485,15.839186076876485,15.575199642261877,15.641196250915527,588500,0.0,0.0
1996-11-15 00:00:00-05:00,16.631150599888393,16.631150599888393,15.509207900689571,16.169174194335938,581500,0.0,0.0
1996-11-18 00:00:00-05:00,15.905183724279683,15.905183724279683,15.641197272424417,15.77319049835205,951200,0.0,0.0
1996-11-19 00:00:00-05:00,15.839189623222978,16.10317611694336,15.575203129502595,16.10317611694336,1204800,0.0,0.0
1996-11-20 00:00:00-05:00,16.103178930282592,16.103178930282592,15.773195755481721,15.839192390441895,882700,0.0,0.0
1996-11-21 00:00:00-05:00,15.839189623222978,16.169172740373458,15.839189623222978,16.10317611694336,1405900,0.0,0.0
1996-11-22 00:00:00-05:00,16.037177018604833,16.037177018604833,15.839187178868972,15.905183792114258,543500,0.0,0.0
1996-11-25 00:00:00-05:00,15.905187676877391,16.169174194335938,15.839191047512754,16.169174194335938,553000,0.0,0.0
1996-11-26 00:00:00-05:00,16.16916863315077,16.499151666480376,16.16916863315077,16.433155059814453,1015000,0.0,0.0
1996-11-27 00:00:00-05:00,16.36715845314853,16.565148273146296,16.36715845314853,16.433155059814453,538600,0.0,0.0
1996-11-29 00:00:00-05:00,16.565154975242457,16.631151608609958,16.30116844177246,16.30116844177246,221600,0.0,0.0
1996-12-02 00:00:00-05:00,16.235164810180667,16.4991512298584,16.169168205261233,16.4991512298584,362400,0.0,0.0
1996-12-03 00:00:00-05:00,16.433155650184265,16.76313869536869,16.433155650184265,16.631145477294922,464900,0.0,0.0
1996-12-04 00:00:00-05:00,16.63114487981222,16.697141486478138,16.36715845314853,16.433155059814453,1183600,0.0,0.0
1996-12-05 00:00:00-05:00,16.301170822081527,16.433164108090285,16.10318089306839,16.23517417907715,376200,0.0,0.0
1996-12-06 00:00:00-05:00,15.839189623222978,16.235169363803553,15.839189623222978,16.10317611694336,628100,0.0,0.0
1996-12-09 00:00:00-05:00,16.235164810180667,16.6971410446167,16.235164810180667,16.4991512298584,375300,0.0,0.0
1996-12-10 00:00:00-05:00,16.565157394099042,16.6971506801078,16.10318089306839,16.23517417907715,586800,0.0,0.0
1996-12-11 00:00:00-05:00,16.134655921689927,16.465284116806526,16.068530282666607,16.399158477783203,336400,0.06,0.0
1996-12-12 00:00:00-05:00,16.399158477783203,16.86203795094644,16.399158477783203,16.399158477783203,714700,0.0,0.0
1996-12-13 00:00:00-05:00,16.46528965258888,16.46528965258888,16.068535685056617,16.333038330078125,546000,0.0,0.0
1996-12-16 00:00:00-05:00,16.26690981938289,16.333035469055176,15.407276373643143,15.47340202331543,1153500,0.0,0.0
1996-12-17 00:00:00-05:00,15.473401233242148,16.002406403609402,15.407275586946241,15.80402946472168,976100,0.0,0.0
1996-12-18 00:00:00-05:00,15.936284158287979,16.26691246032715,15.936284158287979,16.26691246032715,491700,0.0,0.0
1996-12-19 00:00:00-05:00,16.333038120734983,16.399163781142818,16.200786799919314,16.26691246032715,466800,0.0,0.0
1996-12-20 00:00:00-05:00,17.19266468545665,17.19266468545665,15.208895683288574,15.208895683288574,2106800,0.0,0.0
1996-12-23 00:00:00-05:00,15.208899652635727,15.208899652635727,14.547643145999393,14.67989444732666,1174400,0.0,0.0
1996-12-24 00:00:00-05:00,14.812142584521698,15.142770767211914,14.547640038369524,15.142770767211914,765100,0.0,0.0
1996-12-26 00:00:00-05:00,15.076647413537858,15.605652585942696,15.076647413537858,15.53952693939209,347000,0.0,0.0
1996-12-27 00:00:00-05:00,15.605649964562778,15.737901235448902,15.275021787347464,15.341147422790527,377200,0.0,0.0
1996-12-30 00:00:00-05:00,15.208903813041378,15.275029481793732,14.679898463022548,14.746024131774902,497200,0.0,0.0
1996-12-31 00:00:00-05:00,14.87827139931756,15.010522700644827,14.67989444732666,14.67989444732666,495000,0.0,0.0
1997-01-02 00:00:00-05:00,14.679892583724556,14.679892583724556,14.283138730110378,14.415390014648438,757400,0.0,0.0
1997-01-03 00:00:00-05:00,14.613770378960504,14.944398668077257,14.547644721137154,14.878273010253906,465900,0.0,0.0
1997-01-06 00:00:00-05:00,14.94439168329592,14.94439168329592,14.01863290645458,14.283135414123535,1556000,0.0,0.0
1997-01-07 00:00:00-05:00,14.283135414123533,14.41538666795801,14.150884160289056,14.283135414123535,2964700,0.0,0.0
1997-01-08 00:00:00-05:00,14.28313613264528,14.547638653620194,14.217010502401553,14.481513023376465,3149500,0.0,0.0
1997-01-09 00:00:00-05:00,14.150884160289056,14.41538666795801,14.084758533371819,14.283135414123535,1530200,0.0,0.0
1997-01-10 00:00:00-05:00,14.150888815793126,14.613768356496639,14.084763167121196,14.547642707824707,1257800,0.0,0.0
1997-01-13 00:00:00-05:00,14.679892991270338,14.81214427947998,14.613767347165517,14.81214427947998,771800,0.0,0.0
1997-01-14 00:00:00-05:00,14.679896036783855,14.944398668077257,14.481519063313803,14.878273010253906,1062100,0.0,0.0
1997-01-15 00:00:00-05:00,14.746016719885041,15.407273075036835,14.679891084369862,15.076644897460938,754000,0.0,0.0
1997-01-16 00:00:00-05:00,15.142770049882973,15.275021316694177,15.010518783071767,15.208895683288574,518100,0.0,0.0
1997-01-17 00:00:00-05:00,15.473398216910985,15.473398216910985,15.142770049882973,15.208895683288574,557100,0.0,0.0
1997-01-20 00:00:00-05:00,15.142770532976117,15.142770532976117,15.010519261945758,15.076644897460938,318800,0.0,0.0
1997-01-21 00:00:00-05:00,14.944396825937124,15.605653322660007,14.944396825937124,15.47340202331543,537700,0.0,0.0
1997-01-22 00:00:00-05:00,15.473400844524859,15.473400844524859,15.208898265985972,15.407275199890137,367600,0.0,0.0
1997-01-23 00:00:00-05:00,15.275022536122327,15.539525090860376,14.944394342699766,15.010519981384277,835700,0.0,0.0
1997-01-24 00:00:00-05:00,14.878273010253906,15.076649983723959,14.746021694607206,14.878273010253906,522100,0.0,0.0
1997-01-27 00:00:00-05:00,14.812149800527255,14.944401138031962,14.679898463022548,14.746024131774902,441100,0.0,0.0
1997-01-28 00:00:00-05:00,14.81214427947998,15.010521211794446,14.613767347165517,14.81214427947998,944800,0.0,0.0
1997-01-29 00:00:00-05:00,14.81214427947998,14.944395567689623,14.74601863537516,14.81214427947998,491400,0.0,0.0
1997-01-30 00:00:00-05:00,14.812143781543833,15.076646349071401,14.613766855898158,14.944395065307617,354000,0.0,0.0
1997-01-31 00:00:00-05:00,15.341152615017362,15.341152615017362,14.878273010253906,14.878273010253906,322300,0.0,0.0
1997-02-03 00:00:00-05:00,14.878269923584803,14.878269923584803,14.415390414851053,14.81214427947998,701200,0.0,0.0
1997-02-04 00:00:00-05:00,14.878268221059741,15.341147676826044,14.812142584521698,15.142770767211914,564700,0.0,0.0
1997-02-05 00:00:00-05:00,14.67988991410765,15.40727184678866,14.150884872157825,14.481513023376465,1212400,0.0,0.0
1997-02-06 00:00:00-05:00,14.150886591198374,14.217012229475001,13.0267507404957,13.621881484985352,3253100,0.0,0.0
1997-02-07 00:00:00-05:00,13.754135131835938,13.886386431180515,13.555758182819075,13.754135131835938,2592400,0.0,0.0
1997-02-10 00:00:00-05:00,13.75413299413119,13.886384272920914,13.621881715341466,13.688007354736328,1149800,0.0,0.0
1997-02-11 00:00:00-05:00,13.688007354736328,13.688007354736328,13.357379157762022,13.688007354736328,1453600,0.0,0.0
1997-02-12 00:00:00-05:00,13.688007354736328,13.886384272920914,13.555756075946606,13.688007354736328,748200,0.0,0.0
1997-02-13 00:00:00-05:00,13.555752338391343,13.952506065368652,13.423501096065575,13.952506065368652,1564000,0.0,0.0
1997-02-14 00:00:00-05:00,14.084762516109626,14.481516389802854,13.88638557926301,14.349265098571777,2863100,0.0,0.0
1997-02-18 00:00:00-05:00,14.28313945295624,14.415390744187315,14.084762516109626,14.349265098571777,955200,0.0,0.0
1997-02-19 00:00:00-05:00,14.28313945295624,14.481516389802854,14.2170138073407,14.349265098571777,1268300,0.0,0.0
1997-02-20 00:00:00-05:00,14.283138543787139,14.34926418519356,14.01863597816145,14.084761619567871,811800,0.0,0.0
1997-02-21 00:00:00-05:00,14.018634796142578,14.1508860678043,13.754132252819133,14.018634796142578,1085700,0.0,0.0
1997-02-24 00:00:00-05:00,13.886383524480856,14.018634796142578,13.688006616988272,14.018634796142578,780800,0.0,0.0
1997-02-25 00:00:00-05:00,13.952506065368652,14.018631686531537,13.754129201879998,13.952506065368652,853200,0.0,0.0
1997-02-26 00:00:00-05:00,13.952509676368491,14.018635314645119,13.555755846708722,13.621881484985352,508700,0.0,0.0
1997-02-27 00:00:00-05:00,13.621881036758424,13.621881036758424,13.15900158405304,13.225127220153809,909400,0.0,0.0
1997-02-28 00:00:00-05:00,13.225126748133187,13.357378015614518,13.026749846911189,13.092875480651855,928300,0.0,0.0
1997-03-03 00:00:00-05:00,13.026752912818488,13.357381159336724,12.894501614211194,13.159004211425781,1066500,0.0,0.0
1997-03-04 00:00:00-05:00,13.225126748133187,13.225126748133187,12.960624213170522,13.092875480651855,845800,0.0,0.0
1997-03-05 00:00:00-05:00,13.092879631940056,13.489633560180662,13.092879631940056,13.489633560180664,1475800,0.0,0.0
1997-03-06 00:00:00-05:00,13.555753721574847,13.952507489035575,13.555753721574847,13.820256233215332,1271200,0.0,0.0
1997-03-07 00:00:00-05:00,13.820258372170583,13.886384010314941,13.555755819593156,13.886384010314941,968300,0.0,0.0
1997-03-10 00:00:00-05:00,13.754136179007734,13.820261833714502,13.357382250767127,13.489633560180664,906500,0.0,0.0
1997-03-11 00:00:00-05:00,13.555756568908691,13.952510419706018,13.489630927109136,13.555756568908691,2161800,0.0,0.0
1997-03-12 00:00:00-05:00,13.587573532964669,13.653854379466935,13.455011839960136,13.521292686462402,710300,0.06,0.0
1997-03-13 00:00:00-05:00,13.455005252245561,13.653847694396974,13.38872443819509,13.653847694396973,805600,0.0,0.0
1997-03-14 00:00:00-05:00,13.918972471684361,13.918972471684361,13.65384918650942,13.852691650390625,794000,0.0,0.0
1997-03-17 00:00:00-05:00,13.720135225969202,13.786416072471468,13.38873099345787,13.521292686462402,512100,0.0,0.0
1997-03-18 00:00:00-05:00,13.521291239007475,13.786414596635073,12.99104452375228,13.05732536315918,2103900,0.0,0.0
1997-03-19 00:00:00-05:00,13.057320029465194,13.057320029465194,12.659635155471332,12.858477592468262,1913100,0.0,0.0
1997-03-20 00:00:00-05:00,12.725924433494102,12.991047859191896,12.394520151371859,12.991047859191895,2688800,0.0,0.0
1997-03-21 00:00:00-05:00,13.256165920159754,13.256165920159754,12.92476177215576,12.924761772155762,1583900,0.0,0.0
1997-03-24 00:00:00-05:00,12.991047859191896,12.991047859191896,12.924767002767448,12.991047859191895,771600,0.0,0.0
1997-03-25 00:00:00-05:00,12.99104260175656,12.99104260175656,12.792200112954163,12.924761772155762,1295300,0.0,0.0
1997-03-26 00:00:00-05:00,12.991041710628338,13.189884185791016,12.924760885574111,13.189884185791016,1985400,0.0,0.0
1997-03-27 00:00:00-05:00,13.189885090558956,13.256165920159754,12.858480942554962,12.924761772155762,1346300,0.0,0.0
1997-03-31 00:00:00-05:00,12.924762219190596,12.924762219190596,12.59335805972417,12.725919723510742,1104300,0.0,0.0
1997-04-01 00:00:00-05:00,12.792196780135951,12.924758404800572,12.72591596780364,12.858477592468262,885600,0.0,0.0
1997-04-02 00:00:00-05:00,12.792200088500978,12.858480917975076,12.72591925902688,12.792200088500977,1084500,0.0,0.0
1997-04-03 00:00:00-05:00,12.72591925902688,12.792200088500978,12.72591925902688,12.792200088500977,1113600,0.0,0.0
1997-04-04 00:00:00-05:00,12.72591925902688,12.858480917975076,12.72591925902688,12.792200088500977,1219400,0.0,0.0
1997-04-07 00:00:00-04:00,12.858480917975076,12.858480917975076,12.792200088500978,12.792200088500977,849500,0.0,0.0
1997-04-08 00:00:00-04:00,12.792196780135951,12.858477592468262,12.792196780135951,12.858477592468262,388600,0.0,0.0
1997-04-09 00:00:00-04:00,12.858481387297312,12.858481387297312,12.725919723510742,12.725919723510742,1063400,0.0,0.0
1997-04-10 00:00:00-04:00,12.72591596780364,12.858477592468262,12.72591596780364,12.858477592468262,810100,0.0,0.0
1997-04-11 00:00:00-04:00,12.792200088500978,12.858480917975076,12.72591925902688,12.792200088500977,1808200,0.0,0.0
1997-04-14 00:00:00-04:00,12.792200555404026,12.858481387297312,12.725919723510742,12.725919723510742,1056500,0.0,0.0
1997-04-15 00:00:00-04:00,12.792200555404026,12.792200555404026,12.659638891617456,12.725919723510742,861100,0.0,0.0
1997-04-16 00:00:00-04:00,12.72591925902688,12.858480917975076,12.65963842955278,12.792200088500977,1279300,0.0,0.0
1997-04-17 00:00:00-04:00,12.858481387297312,12.858481387297312,12.659638891617456,12.725919723510742,473000,0.0,0.0
1997-04-18 00:00:00-04:00,12.79220200553158,13.057325363159178,12.725921166124682,13.05732536315918,1216400,0.0,0.0
1997-04-21 00:00:00-04:00,13.057328715616345,13.123609572040793,12.924767002767448,12.991047859191895,888400,0.0,0.0
1997-04-22 00:00:00-04:00,12.991047859191896,13.057328715616345,12.858486146343,12.991047859191895,489500,0.0,0.0
1997-04-23 00:00:00-04:00,13.123601961135865,13.256163597106935,12.991040325164796,13.256163597106934,812700,0.0,0.0
1997-04-24 00:00:00-04:00,13.189883908771334,14.31665791102818,13.123603085109165,13.918972969055176,2376800,0.0,0.0
1997-04-25 00:00:00-04:00,13.918974410866108,14.051536071921976,13.720131919282307,13.985255241394043,872000,0.0,0.0
1997-04-28 00:00:00-04:00,13.985255241394041,14.449221055089579,13.985255241394041,13.985255241394043,948900,0.0,0.0
1997-04-29 00:00:00-04:00,14.31665666136023,14.515499114990233,14.250375843483562,14.515499114990234,812200,0.0,0.0
1997-04-30 00:00:00-04:00,14.382946852611319,14.84691288011491,14.382946852611319,14.780632019042969,1017600,0.0,0.0
1997-05-01 00:00:00-04:00,14.714341568620236,14.780622386496903,14.449218297113566,14.515499114990234,529100,0.0,0.0
1997-05-02 00:00:00-04:00,14.449223518371582,14.91318941116333,14.449223518371582,14.846908569335938,844700,0.0,0.0
1997-05-05 00:00:00-04:00,14.913190841674805,14.913190841674805,14.64806744893392,14.913190841674805,517800,0.0,0.0
1997-05-06 00:00:00-04:00,15.045747296851978,15.575993897622093,15.045747296851978,15.112028121948242,979600,0.0,0.0
1997-05-07 00:00:00-04:00,15.045748710632324,15.244591204605438,14.979467879307952,15.045748710632324,497300,0.0,0.0
1997-05-08 00:00:00-04:00,15.04574456297118,15.642271880445808,14.979463749918443,15.377148628234863,807700,0.0,0.0
1997-05-09 00:00:00-04:00,15.37715012570645,15.575992584228516,15.178307667184383,15.575992584228516,780600,0.0,0.0
1997-05-12 00:00:00-04:00,15.509716033935545,15.575996871687407,15.2445926829281,15.509716033935547,651300,0.0,0.0
1997-05-13 00:00:00-04:00,15.642279142116404,15.841121673583986,15.443436610648822,15.841121673583984,727100,0.0,0.0
1997-05-14 00:00:00-04:00,15.907401060446713,16.17252441145416,15.310873520679962,15.509716033935547,1084500,0.0,0.0
1997-05-15 00:00:00-04:00,15.509715525864513,15.575996361445132,15.04574967680019,15.178311347961426,664200,0.0,0.0
1997-05-16 00:00:00-04:00,15.24458700212939,15.509710254340336,15.24458700212939,15.377148628234863,666000,0.0,0.0
1997-05-19 00:00:00-04:00,15.310870630844779,15.443432281328283,15.112028155119521,15.244589805603027,607800,0.0,0.0
1997-05-20 00:00:00-04:00,15.178308980361274,15.575993931811787,15.045747329877768,15.244589805603027,856900,0.0,0.0
1997-05-21 00:00:00-04:00,15.244592690871935,15.642277717590334,15.178311853085535,15.642277717590332,958400,0.0,0.0
1997-05-22 00:00:00-04:00,15.907401060446713,15.973681898198574,15.178311845176239,15.509716033935547,673000,0.0,0.0
1997-05-23 00:00:00-04:00,15.642279142116404,15.907402517406513,15.642279142116404,15.841121673583984,270900,0.0,0.0
1997-05-27 00:00:00-04:00,15.841115862257936,15.841115862257936,15.50971176472116,15.575992584228516,413600,0.0,0.0
1997-05-28 00:00:00-04:00,15.509716033935545,15.774839384942991,15.2445926829281,15.509716033935547,790200,0.0,0.0
1997-05-29 00:00:00-04:00,15.708558555376733,15.708558555376733,15.509716042017534,15.642277717590332,438800,0.0,0.0
1997-05-30 00:00:00-04:00,15.50971745447135,15.907402517406513,15.50971745447135,15.841121673583984,730200,0.0,0.0
1997-06-02 00:00:00-04:00,15.907403000262605,16.03996469193146,15.642279616924894,15.77484130859375,606000,0.0,0.0
1997-06-03 00:00:00-04:00,15.642279616924894,15.973683846097032,15.642279616924894,15.77484130859375,399400,0.0,0.0
1997-06-04 00:00:00-04:00,15.708559985938932,15.907402517406513,15.708559985938932,15.841121673583984,378600,0.0,0.0
1997-06-05 00:00:00-04:00,15.708560462759321,15.907403000262605,15.708560462759321,15.77484130859375,264500,0.0,0.0
1997-06-06 00:00:00-04:00,15.708559985938932,15.907402517406513,15.708559985938932,15.841121673583984,370200,0.0,0.0
1997-06-09 00:00:00-04:00,15.907398058020549,15.907398058020549,15.112028155119521,15.244589805603027,2267400,0.0,0.0
1997-06-10 00:00:00-04:00,15.37715016940475,15.7085542678833,15.244588530013331,15.7085542678833,779400,0.0,0.0
1997-06-11 00:00:00-04:00,15.642275857925416,15.90739917755127,15.575995028018951,15.90739917755127,560600,0.0,0.0
1997-06-12 00:00:00-04:00,15.944604641053735,16.409655609751134,15.878168788382677,16.343219757080078,1117300,0.07,0.0
1997-06-13 00:00:00-04:00,16.343223358154297,16.675402694702147,16.343223358154297,16.608966827392578,1044800,0.0,0.0
1997-06-16 00:00:00-04:00,16.87470430135727,17.074011832475662,16.80826845765114,17.00757598876953,925900,0.0,0.0
1997-06-17 00:00:00-04:00,16.94114099598299,17.472627772327556,16.80826930189685,17.206884384155273,1884600,0.0,0.0
1997-06-18 00:00:00-04:00,17.14045187797688,18.00411805787494,17.07401601798472,17.871246337890625,1205500,0.0,0.0
1997-06-19 00:00:00-04:00,18.602036696213943,18.602036696213943,17.87124239743411,18.136985778808594,2186000,0.0,0.0
1997-06-20 00:00:00-04:00,18.203420529262626,18.46916389465332,18.136984687914953,18.46916389465332,1506600,0.0,0.0
1997-06-23 00:00:00-04:00,18.469169077820048,18.469169077820048,17.67193875791415,17.871246337890625,573800,0.0,0.0
1997-06-24 00:00:00-04:00,18.070554259821034,18.734912872314453,17.93768253732235,18.734912872314453,775800,0.0,0.0
1997-06-25 00:00:00-04:00,18.70168797088234,18.70168797088234,18.236637115478516,18.236637115478516,697200,0.0,0.0
1997-06-26 00:00:00-04:00,18.203423996948022,18.36951363195667,18.0705522889411,18.17020606994629,370900,0.0,0.0
1997-06-27 00:00:00-04:00,18.336299664407804,18.402735532757106,17.93768445431198,18.037338256835938,1779000,0.0,0.0
1997-06-30 00:00:00-04:00,18.07054808218981,18.13698392072727,17.804804728039958,18.004112243652344,776600,0.0,0.0
1997-07-01 00:00:00-04:00,18.136980479472392,18.602031260997325,18.004108827608125,18.435941696166992,938700,0.0,0.0
1997-07-02 00:00:00-04:00,18.402735880623876,18.80135109825472,18.336300011018736,18.76813316345215,626700,0.0,0.0
1997-07-03 00:00:00-04:00,18.80134477148523,19.13352400773055,18.734908924236166,19.000652313232422,538700,0.0,0.0
1997-07-07 00:00:00-04:00,19.133525080057417,19.26639678200226,18.734909974222887,18.801345825195312,669900,0.0,0.0
1997-07-08 00:00:00-04:00,18.668473738400056,18.768127512804327,18.269858640782974,18.635255813598633,705500,0.0,0.0
1997-07-09 00:00:00-04:00,18.60204315185547,18.734914888654437,18.402735546657016,18.60204315185547,536200,0.0,0.0
1997-07-10 00:00:00-04:00,18.602038272278048,18.86778167616773,18.402730719360783,18.801345825195312,474900,0.0,0.0
1997-07-11 00:00:00-04:00,18.801351994643976,18.901005803802864,18.602044376326194,18.834569931030273,695100,0.0,0.0
1997-07-14 00:00:00-04:00,18.867778942739363,18.9009968634132,18.435945973979482,18.46916389465332,1042800,0.0,0.0
1997-07-15 00:00:00-04:00,18.602047848956015,18.801355504480547,18.568829906368595,18.66848373413086,1200000,0.0,0.0
1997-07-16 00:00:00-04:00,18.602046077823978,18.66848195667335,18.469174320125237,18.53561019897461,1847900,0.0,0.0
1997-07-17 00:00:00-04:00,18.602035689527973,18.668471531276285,18.203420639038086,18.203420639038086,820800,0.0,0.0
1997-07-18 00:00:00-04:00,18.469162543180428,18.469162543180428,17.871240014804084,18.236637115478516,838300,0.0,0.0
1997-07-21 00:00:00-04:00,18.070547189285506,18.070547189285506,17.33975300148352,17.8048038482666,540100,0.0,0.0
1997-07-22 00:00:00-04:00,17.804812731061663,18.60204315185547,17.73837686266218,18.60204315185547,1187000,0.0,0.0
1997-07-23 00:00:00-04:00,18.867782592773438,18.934218446973343,18.469167467574,18.867782592773438,465100,0.0,0.0
1997-07-24 00:00:00-04:00,18.668471418696342,18.70168933937018,18.2698563706103,18.46916389465332,624300,0.0,0.0
1997-07-25 00:00:00-04:00,18.56881964379463,18.602037568023242,18.336294174194336,18.336294174194336,519900,0.0,0.0
1997-07-28 00:00:00-04:00,18.43595032234951,18.469168250858246,18.269860679805817,18.36951446533203,485200,0.0,0.0
1997-07-29 00:00:00-04:00,18.269866683577124,18.53561019897461,18.13699492587838,18.53561019897461,491300,0.0,0.0
1997-07-30 00:00:00-04:00,18.46916296507908,18.46916296507908,18.269855451067432,18.402727127075195,1070000,0.0,0.0
1997-07-31 00:00:00-04:00,18.33629221195797,18.46916389465332,18.203420529262626,18.46916389465332,397500,0.0,0.0
1997-08-01 00:00:00-04:00,18.402727127075195,18.46916296507908,18.303073370069374,18.402727127075195,412600,0.0,0.0
1997-08-04 00:00:00-04:00,18.269855451067432,18.46916296507908,18.269855451067432,18.402727127075195,230700,0.0,0.0
1997-08-05 00:00:00-04:00,18.402728053305648,18.46916389465332,18.36951013263181,18.46916389465332,849700,0.0,0.0
1997-08-06 00:00:00-04:00,18.469168250858246,18.53560410787572,18.269860679805817,18.36951446533203,789500,0.0,0.0
1997-08-07 00:00:00-04:00,18.46916296507908,18.46916296507908,18.336291289071315,18.402727127075195,851300,0.0,0.0
1997-08-08 00:00:00-04:00,18.435947082854888,18.4691650055267,17.738370706746867,18.136985778808594,492800,0.0,0.0
1997-08-11 00:00:00-04:00,18.26986298658772,18.336298851993497,17.605504332529986,17.838029861450195,440100,0.0,0.0
1997-08-12 00:00:00-04:00,17.804812717613373,18.203427927709196,17.804812717613373,18.037338256835938,677100,0.0,0.0
1997-08-13 00:00:00-04:00,18.336292322534714,18.40272816428303,18.070548955541458,18.203420639038086,609300,0.0,0.0
1997-08-14 00:00:00-04:00,18.33628795726879,18.435941696166992,18.203416305404527,18.435941696166992,317600,0.0,0.0
1997-08-15 00:00:00-04:00,18.269857064633182,18.33629290850458,17.871242001404823,17.970895767211914,748300,0.0,0.0
1997-08-18 00:00:00-04:00,17.9708948400777,18.136984441187476,17.804805238967926,17.90445899963379,842500,0.0,0.0
1997-08-19 00:00:00-04:00,17.970891454640554,18.170198938425848,17.970891454640554,18.070545196533203,782800,0.0,0.0
1997-08-20 00:00:00-04:00,17.93767908345098,18.435947946880177,17.93767908345098,18.336294174194336,574700,0.0,0.0
1997-08-21 00:00:00-04:00,18.40272525440563,18.46916108564897,18.07054609818892,18.269853591918945,310400,0.0,0.0
1997-08-22 00:00:00-04:00,18.170203701480403,18.33629331483946,17.87124239743411,18.136985778808594,1584800,0.0,0.0
1997-08-25 00:00:00-04:00,18.269853591918945,18.4359431700273,18.07054609818892,18.269853591918945,230700,0.0,0.0
1997-08-26 00:00:00-04:00,18.2034288318879,18.269864703537127,18.07055708858945,18.103775024414062,588600,0.0,0.0
1997-08-27 00:00:00-04:00,18.070545196533203,18.269852680318493,17.970891454640554,18.070545196533203,423000,0.0,0.0
1997-08-28 00:00:00-04:00,18.03732946291773,18.070547380897317,17.804804037060592,17.95428466796875,570100,0.0,0.0
1997-08-29 00:00:00-04:00,17.83802512694742,18.03733267026527,17.738371355288496,17.771589279174805,501400,0.0,0.0
1997-09-02 00:00:00-04:00,17.871243234993756,18.46916587110879,17.871243234993756,18.336294174194336,812700,0.0,0.0
1997-09-03 00:00:00-04:00,18.33628795726879,18.469159609133058,18.203416305404527,18.435941696166992,599300,0.0,0.0
1997-09-04 00:00:00-04:00,18.435947082854888,18.435947082854888,18.136985778808594,18.136985778808594,491100,0.0,0.0
1997-09-05 00:00:00-04:00,18.269852680318493,18.269852680318493,18.004109368604773,18.070545196533203,484900,0.0,0.0
1997-09-08 00:00:00-04:00,18.13698814294456,18.30307777795321,17.80480887292726,18.17020606994629,801100,0.0,0.0
1997-09-09 00:00:00-04:00,18.07055708858945,18.269864703537127,17.937685345290998,18.103775024414062,567000,0.0,0.0
1997-09-10 00:00:00-04:00,17.841469345937355,18.37405052044295,17.841469345937355,18.041187286376953,1200000,0.07,0.0
1997-09-11 00:00:00-04:00,18.041191828012902,18.374055145872916,18.0079054962269,18.340768814086914,1015500,0.0,0.0
1997-09-12 00:00:00-04:00,18.20762041686238,18.374052047729492,17.974616133648418,18.374052047729492,583900,0.0,0.0
1997-09-15 00:00:00-04:00,18.2409067430358,18.407338373902917,18.10776143834211,18.374052047729492,899400,0.0,0.0
1997-09-16 00:00:00-04:00,18.307482482300912,18.340768814086914,18.074478159798904,18.340768814086914,505900,0.0,0.0
1997-09-17 00:00:00-04:00,18.307480113631346,18.90663400825928,18.174334803714025,18.407339096069336,929000,0.0,0.0
1997-09-18 00:00:00-04:00,18.440626363285254,18.590414844575477,18.240908388231624,18.274194717407227,381100,0.0,0.0
1997-09-19 00:00:00-04:00,17.97461229212144,18.340761801775766,17.97461229212144,18.107757568359375,897400,0.0,0.0
1997-09-22 00:00:00-04:00,18.041187286376953,18.37405052044295,18.041187286376953,18.041187286376953,878800,0.0,0.0
1997-09-23 00:00:00-04:00,18.04119325350117,18.04119325350117,17.77490257817274,17.8747615814209,984800,0.0,0.0
1997-09-24 00:00:00-04:00,17.641754113851377,18.041190056051786,17.375463485717773,17.375463485717773,1408500,0.0,0.0
1997-09-25 00:00:00-04:00,17.608470688455355,17.87476136049249,17.209034680399657,17.242321014404297,1148300,0.0,0.0
1997-09-26 00:00:00-04:00,17.508609272883486,17.575181931715743,17.142459649306076,17.30889129638672,1151400,0.0,0.0
1997-09-29 00:00:00-04:00,17.442032135415122,17.675036381498913,17.342173172807787,17.54189109802246,1080700,0.0,0.0
1997-09-30 00:00:00-04:00,17.475322507462412,17.874758450490123,17.44203617887677,17.641754150390625,738500,0.0,0.0
1997-10-01 00:00:00-04:00,17.57517760893258,18.107758748597202,17.57517760893258,18.074472427368164,593000,0.0,0.0
1997-10-02 00:00:00-04:00,17.974622276391873,18.10776762658737,17.57518622580539,17.774904251098633,942400,0.0,0.0
1997-10-03 00:00:00-04:00,18.107758748597202,18.340762997200475,17.941327142452007,18.074472427368164,791500,0.0,0.0
1997-10-06 00:00:00-04:00,18.174330206478345,18.340761801775766,18.04118493024041,18.107757568359375,1016700,0.0,0.0
1997-10-07 00:00:00-04:00,18.107760464187955,18.374051059249542,18.074474139805258,18.24090576171875,1078000,0.0,0.0
1997-10-08 00:00:00-04:00,18.27419155022315,18.34076419703635,17.874755669343955,18.041187286376953,1124900,0.0,0.0
1997-10-09 00:00:00-04:00,17.941328316157154,18.24090522681655,17.841469345937355,18.041187286376953,661100,0.0,0.0
1997-10-10 00:00:00-04:00,18.107758748597202,18.107758748597202,17.90804082122297,18.074472427368164,680800,0.0,0.0
1997-10-13 00:00:00-04:00,18.107764007848335,18.340768324125797,18.074477676951556,18.141050338745117,859300,0.0,0.0
1997-10-14 00:00:00-04:00,18.274193786152015,18.607057060945312,18.141048476234698,18.407339096069336,413600,0.0,0.0
1997-10-15 00:00:00-04:00,18.44062805854553,18.80677771313759,18.20762373289604,18.706918716430664,647000,0.0,0.0
1997-10-16 00:00:00-04:00,18.74020295848017,19.572361171556555,18.706916629957117,19.139638900756836,968600,0.0,0.0
1997-10-17 00:00:00-04:00,18.93991884691962,19.838649618214575,18.84005987233129,19.306068420410156,1074100,0.0,0.0
1997-10-20 00:00:00-04:00,19.372646097961532,19.372646097961532,18.87335109543675,19.00649642944336,664000,0.0,0.0
1997-10-21 00:00:00-04:00,19.006497766163726,20.17151952065712,19.006497766163726,20.138233184814453,2315500,0.0,0.0
1997-10-22 00:00:00-04:00,20.138229425402653,20.770669688349184,19.738793469857477,20.67081069946289,1543900,0.0,0.0
1997-10-23 00:00:00-04:00,20.238096734478134,20.337955764417995,19.838660614718698,20.171524047851562,1417900,0.0,0.0
1997-10-24 00:00:00-04:00,20.23808813876793,20.47109244299717,19.772079530309462,20.30466079711914,1332100,0.0,0.0
1997-10-27 00:00:00-05:00,19.572358737026686,19.938508305236372,18.24090576171875,18.24090576171875,1173600,0.0,0.0
1997-10-28 00:00:00-05:00,18.107768371482464,20.5376711125086,17.6750459655463,20.404525756835938,2529400,0.0,0.0
1997-10-29 00:00:00-05:00,20.23808913457961,21.63611502874465,20.23808913457961,20.970388412475586,1947400,0.0,0.0
1997-10-30 00:00:00-05:00,20.504384773590434,20.870534501690265,20.37123941791777,20.404525756835938,1104100,0.0,0.0
1997-10-31 00:00:00-05:00,20.537669877913984,20.83724691016881,20.238092845659164,20.7041015625,1838100,0.0,0.0
1997-11-03 00:00:00-05:00,20.8372435719712,21.269965882571242,20.8372435719712,21.170106887817383,1023400,0.0,0.0
1997-11-04 00:00:00-05:00,21.170105355684875,21.236678014036087,20.23808813876793,20.30466079711914,853400,0.0,0.0
1997-11-05 00:00:00-05:00,20.903804042883085,21.30323978892544,20.7706587942023,20.87051773071289,1290200,0.0,0.0
1997-11-06 00:00:00-05:00,20.77066645584707,21.36982029591958,20.7373801313986,21.136816024780273,908900,0.0,0.0
1997-11-07 00:00:00-05:00,20.90381292589831,21.17010353641931,20.47109068380169,21.103530883789062,678900,0.0,0.0
1997-11-10 00:00:00-05:00,21.036960070958802,21.170105387863607,20.50437880333959,20.570951461791992,586200,0.0,0.0
1997-11-11 00:00:00-05:00,20.70408616986191,20.903804042883085,20.637513545521518,20.87051773071289,714000,0.0,0.0
1997-11-12 00:00:00-05:00,20.63752502900701,20.90381567454258,19.871939423092233,19.90522575378418,1798200,0.0,0.0
1997-11-13 00:00:00-05:00,20.171520202089987,20.637528919630018,20.038374854221406,20.43781089782715,2334800,0.0,0.0
1997-11-14 00:00:00-05:00,20.504378125,21.003673046875,20.471091796875,20.803955078125,1507300,0.0,0.0
1997-11-17 00:00:00-05:00,21.236684089552853,21.369829444346287,21.0369660573627,21.203397750854492,1607600,0.0,0.0
1997-11-18 00:00:00-05:00,21.30324363708496,21.30324363708496,20.903807818889618,21.30324363708496,1034400,0.0,0.0
1997-11-19 00:00:00-05:00,21.30324363708496,21.36981627345085,20.97038045525551,21.30324363708496,683900,0.0,0.0
1997-11-20 00:00:00-05:00,21.17010324651545,22.135406696435176,21.103530594796844,21.968975067138672,1392400,0.0,0.0
1997-11-21 00:00:00-05:00,22.368410977450285,22.434983629168887,21.83582976370147,21.968975067138672,956500,0.0,0.0
1997-11-24 00:00:00-05:00,21.902408599853516,22.50156263449996,21.802549594079107,21.902408599853516,494000,0.0,0.0
1997-11-25 00:00:00-05:00,22.035553482008275,22.068839816573245,21.103536114189197,21.436399459838867,672200,0.0,0.0
1997-11-26 00:00:00-05:00,21.43639155966629,21.502964204261527,21.170100981285344,21.336532592773438,406600,0.0,0.0
1997-11-28 00:00:00-05:00,21.46967788196391,21.636109493452,21.336532592773438,21.336532592773438,251500,0.0,0.0
1997-12-01 00:00:00-05:00,21.469682963883002,21.835832595825195,21.369823973353313,21.835832595825195,786100,0.0,0.0
1997-12-02 00:00:00-05:00,21.968977916531443,22.434986539003322,21.702687275118944,21.835832595825195,469400,0.0,0.0
1997-12-03 00:00:00-05:00,21.83583760734733,22.00226929642772,21.63611958045086,21.80255126953125,427400,0.0,0.0
1997-12-04 00:00:00-05:00,21.835827514460348,22.035545449043827,21.336532678001653,21.60282325744629,616100,0.0,0.0
1997-12-05 00:00:00-05:00,21.27338981628418,21.640172399323564,21.140014331542588,21.27338981628418,522000,0.07,0.0
1997-12-08 00:00:00-05:00,21.506793203670814,22.14032664687972,21.340073876510573,22.073638916015625,530800,0.0,0.0
1997-12-09 00:00:00-05:00,22.140325427598043,22.307044745576942,21.606823610065558,21.97360610961914,426900,0.0,0.0
1997-12-10 00:00:00-05:00,21.740212639961534,21.94027594646425,21.473461564624586,21.84024429321289,1020600,0.0,0.0
1997-12-11 00:00:00-05:00,21.60682933330536,21.67351707816124,21.306734481453894,21.340078353881836,1136500,0.0,0.0
1997-12-12 00:00:00-05:00,21.540145185744723,21.940271721702832,21.506801307748216,21.806896209716797,488200,0.0,0.0
1997-12-15 00:00:00-05:00,21.873578854020536,21.906922724224835,21.340076930751742,21.54014015197754,597300,0.0,0.0
1997-12-16 00:00:00-05:00,21.140012714800754,21.873577824778067,21.140012714800754,21.77354621887207,681600,0.0,0.0
1997-12-17 00:00:00-05:00,21.8402399927933,21.873583870644893,21.373425702871,21.47345733642578,597100,0.0,0.0
1997-12-18 00:00:00-05:00,21.4734606573111,21.4734606573111,20.60651969909668,20.60651969909668,1814300,0.0,0.0
1997-12-19 00:00:00-05:00,20.673199051388945,20.673199051388945,19.83960231544584,19.90629005432129,2584200,0.0,0.0
1997-12-22 00:00:00-05:00,19.606199998121994,20.939955100035057,19.27276122264373,20.80657958984375,1424400,0.0,0.0
1997-12-23 00:00:00-05:00,20.80657610797242,20.80657610797242,19.872947692871094,19.872947692871094,720500,0.0,0.0
1997-12-24 00:00:00-05:00,19.73957431439272,19.806262065454856,19.339447808019894,19.40613555908203,417500,0.0,0.0
1997-12-26 00:00:00-05:00,19.439479375009522,19.506167125867186,19.20607224700769,19.239416122436523,351900,0.0,0.0
1997-12-29 00:00:00-05:00,19.2727646109176,19.572859561606627,18.93932577681868,19.472827911376953,1001100,0.0,0.0
1997-12-30 00:00:00-05:00,19.539511345952896,20.273076618326556,19.47282359391893,20.23973274230957,1041000,0.0,0.0
1997-12-31 00:00:00-05:00,20.273074156485947,20.406449644357565,19.872947692871094,19.872947692871094,475400,0.0,0.0
1998-01-02 00:00:00-05:00,19.8729470612987,20.30641738310555,19.8729470612987,20.139698028564453,461900,0.0,0.0
1998-01-05 00:00:00-05:00,20.273079933973708,20.33976769691441,19.406139015744568,19.539514541625977,495500,0.0,0.0
1998-01-06 00:00:00-05:00,19.606200141906736,20.17304606437683,19.53951238632202,20.00632667541504,961100,0.0,0.0
1998-01-07 00:00:00-05:00,20.00632253186456,20.00632253186456,19.006006405271332,19.339445114135742,1746300,0.0,0.0
1998-01-08 00:00:00-05:00,19.306097726027172,19.439473185274338,19.206066131591797,19.206066131591797,1960900,0.0,0.0
1998-01-09 00:00:00-05:00,19.472826291803727,19.572857933713678,19.006011962890625,19.006011962890625,2620100,0.0,0.0
1998-01-12 00:00:00-05:00,18.905974267506075,19.872946496355592,18.739254917704436,19.77291488647461,890800,0.0,0.0
1998-01-13 00:00:00-05:00,20.40645212239449,20.439795998411476,19.87295010612274,20.23973274230957,973600,0.0,0.0
1998-01-14 00:00:00-05:00,20.20638685866286,20.87326431274414,20.006323622438472,20.87326431274414,1115600,0.0,0.0
1998-01-15 00:00:00-05:00,20.739888894010083,21.306734731949266,20.273074674530758,21.03998374938965,1291700,0.0,0.0
1998-01-16 00:00:00-05:00,21.073329138377357,21.17336076403421,20.873265887063646,21.006641387939453,1420800,0.0,0.0
1998-01-20 00:00:00-05:00,21.039989951198084,21.740211486816406,20.9733021859011,21.740211486816406,1136900,0.0,0.0
1998-01-21 00:00:00-05:00,21.606832004229723,21.606832004229723,21.206705485632877,21.240049362182617,867700,0.0,0.0
1998-01-22 00:00:00-05:00,21.506798042441314,21.606829661243367,21.00663994843105,21.206703186035156,1263100,0.0,0.0
1998-01-23 00:00:00-05:00,21.340083687891237,21.473459210940558,21.240052045604248,21.306739807128906,1145600,0.0,0.0
1998-01-26 00:00:00-05:00,21.440113505523634,21.84024004061894,21.440113505523634,21.64017677307129,918100,0.0,0.0
1998-01-27 00:00:00-05:00,21.340081583040465,22.140334642404483,21.340081583040465,21.940271377563477,772700,0.0,0.0
1998-01-28 00:00:00-05:00,22.006963715298486,22.073651484132725,21.573493217875942,21.84024429321289,916600,0.0,0.0
1998-01-29 00:00:00-05:00,21.840234668438253,21.840234668438253,21.340076622596158,21.67351531982422,2064500,0.0,0.0
1998-01-30 00:00:00-05:00,21.87358159194758,22.040300963837424,21.573486722545862,21.606830596923828,595400,0.0,0.0
1998-02-02 00:00:00-05:00,21.74020564254101,22.40708311623859,21.673517895171255,22.37373924255371,671100,0.0,0.0
1998-02-03 00:00:00-05:00,22.24035656736011,22.50710747071675,21.873574075244726,22.407075881958008,733600,0.0,0.0
1998-02-04 00:00:00-05:00,22.273708405856038,22.540459404728566,21.90692578240631,22.440427780151367,496400,0.0,0.0
1998-02-05 00:00:00-05:00,22.40707588195801,22.607139059475493,22.24035656736011,22.407075881958008,2645100,0.0,0.0
1998-02-06 00:00:00-05:00,22.440427319756868,22.440427319756868,22.173676326357086,22.24036407470703,2076500,0.0,0.0
1998-02-09 00:00:00-05:00,22.17367132026029,22.2070151869073,22.04029585367226,22.14032745361328,923200,0.0,0.0
1998-02-10 00:00:00-05:00,22.140330157122452,22.273705639996685,22.073642415685338,22.20701789855957,723400,0.0,0.0
1998-02-11 00:00:00-05:00,22.27370043027969,22.807202236992975,22.27370043027969,22.407075881958008,1720900,0.0,0.0
1998-02-12 00:00:00-05:00,22.407081682889817,22.640488783753252,22.273706196682138,22.573801040649414,1164500,0.0,0.0
1998-02-13 00:00:00-05:00,22.50711739420177,22.54046127182281,22.073646985128253,22.273710250854492,1016200,0.0,0.0
1998-02-17 00:00:00-05:00,22.273702920201313,22.273702920201313,22.073639720319264,22.14032745361328,1324200,0.0,0.0
1998-02-18 00:00:00-05:00,22.173674027841013,22.37373725215236,22.140330157122452,22.20701789855957,617100,0.0,0.0
1998-02-19 00:00:00-05:00,22.173677110885826,22.507115864432983,22.106989360176396,22.307052612304688,1601800,0.0,0.0
1998-02-20 00:00:00-05:00,22.373735026459197,22.373735026459197,22.207015689451303,22.340391159057617,597600,0.0,0.0
1998-02-23 00:00:00-05:00,22.4070751953125,22.607138366699218,22.340387471516927,22.50710678100586,626500,0.0,0.0
1998-02-24 00:00:00-05:00,22.60714491220133,22.773864269960928,22.273706196682138,22.573801040649414,1397500,0.0,0.0
1998-02-25 00:00:00-05:00,22.64048997374142,22.907240960177255,22.57380222713246,22.6738338470459,1223600,0.0,0.0
1998-02-26 00:00:00-05:00,22.77385767618815,22.77385767618815,22.44041905721029,22.50710678100586,903900,0.0,0.0
1998-02-27 00:00:00-05:00,22.407081682889817,22.773864269960928,22.240362325130217,22.573801040649414,890200,0.0,0.0
1998-03-02 00:00:00-05:00,22.573805636264087,22.773868906304834,22.50711787958384,22.640493392944336,1092400,0.0,0.0
1998-03-03 00:00:00-05:00,22.60713889840416,22.77385821181422,22.407075722312086,22.707170486450195,2242700,0.0,0.0
1998-03-04 00:00:00-05:00,22.74052039840901,22.940583627720525,22.473769425993655,22.573801040649414,774400,0.0,0.0
1998-03-05 00:00:00-05:00,22.473771716992765,23.173993090964352,22.473771716992765,22.607147216796875,1088000,0.0,0.0
1998-03-06 00:00:00-05:00,22.640488009254987,23.474084769536837,22.640488009254987,23.30736541748047,695400,0.0,0.0
1998-03-09 00:00:00-05:00,23.67415354596281,24.54109438004032,23.574121911261557,23.774185180664062,1183000,0.0,0.0
1998-03-10 00:00:00-05:00,24.007586635919004,24.207649857884995,23.574116321659353,23.940898895263672,1447400,0.0,0.0
1998-03-11 00:00:00-05:00,23.86228959243185,23.929130739749585,23.260719266572224,23.360980987548828,859600,0.103,0.0
1998-03-12 00:00:00-05:00,23.2941435790842,23.528087632245732,23.127040683968815,23.494667053222656,986400,0.0,0.0
1998-03-13 00:00:00-05:00,23.62835633264829,24.497291643325596,23.594935743776087,24.397029876708984,771000,0.0,0.0
1998-03-16 00:00:00-05:00,24.397022374118794,24.898331053039044,24.062816588171962,24.129657745361328,657700,0.0,0.0
1998-03-17 00:00:00-05:00,24.129653962497418,24.163074535852676,23.86228937565534,24.02939224243164,522700,0.0,0.0
1998-03-18 00:00:00-05:00,23.89571768514226,24.029400021842356,23.59493242756704,23.795455932617188,415700,0.0,0.0
1998-03-19 00:00:00-05:00,23.528093560308005,23.828878847300576,22.859681811435618,23.22730827331543,1103300,0.0,0.0
1998-03-20 00:00:00-05:00,22.99335867898506,23.127040996886137,22.792835202133446,22.859676361083984,1236000,0.0,0.0
1998-03-23 00:00:00-05:00,22.85967439828917,23.327562470768772,22.592309785443682,22.993356704711914,860500,0.0,0.0
1998-03-24 00:00:00-05:00,23.12704651098457,23.394411210533526,23.026784748653714,23.22730827331543,2103300,0.0,0.0
1998-03-25 00:00:00-05:00,22.19127109072624,22.32495344669447,21.62312107786126,21.857065200805664,4311900,0.0,0.0
1998-03-26 00:00:00-05:00,21.656537927732877,21.89048201028555,21.656537927732877,21.790220260620117,1874700,0.0,0.0
1998-03-27 00:00:00-05:00,21.890478434525136,21.890478434525136,21.12180514598456,21.22206687927246,1597900,0.0,0.0
1998-03-30 00:00:00-05:00,21.255489495149845,21.48943356192036,20.85444252354324,20.98812484741211,868600,0.0,0.0
1998-03-31 00:00:00-05:00,21.121810888980427,21.489437344326603,21.05496971528112,21.155231475830078,1292500,0.0,0.0
1998-04-01 00:00:00-05:00,21.288911674333654,21.522855758666992,21.054967590000317,21.522855758666992,2143700,0.0,0.0
1998-04-02 00:00:00-05:00,21.45601292533089,21.489433506211466,21.021545373883377,21.08838653564453,1174400,0.0,0.0
1998-04-03 00:00:00-05:00,20.85444259643555,21.054966082939735,20.720760272099422,20.854442596435547,1484300,0.0,0.0
1998-04-06 00:00:00-04:00,20.821020172488304,20.821020172488304,20.520234969354444,20.72075843811035,1105000,0.0,0.0
1998-04-07 00:00:00-04:00,20.58707431712314,20.720756617883676,20.486812591552734,20.486812591552734,1109800,0.0,0.0
1998-04-08 00:00:00-04:00,20.553651809692383,20.620492953788943,20.319707805354422,20.553651809692383,851500,0.0,0.0
1998-04-09 00:00:00-04:00,20.68734002821516,20.720760609843943,20.219451885412234,20.252872467041016,1083600,0.0,0.0
1998-04-13 00:00:00-04:00,20.11919214562846,20.18603331554749,19.95208922083088,20.085771560668945,2002500,0.0,0.0
1998-04-14 00:00:00-04:00,20.05234322896818,20.653913525837226,20.05234322896818,20.553651809692383,1829100,0.0,0.0
1998-04-15 00:00:00-04:00,20.988124920771675,21.355751312696018,20.687339691015392,20.854442596435547,2493000,0.0,0.0
1998-04-16 00:00:00-04:00,21.322334834507533,21.389176009537337,20.35313779657537,20.587081909179688,2478800,0.0,0.0
1998-04-17 00:00:00-04:00,20.520238414500493,21.288911840450837,20.45339724702655,21.255491256713867,1453200,0.0,0.0
1998-04-20 00:00:00-04:00,21.188649762627538,21.82364084384193,21.15522917940573,21.790220260620117,1062300,0.0,0.0
1998-04-21 00:00:00-04:00,22.25811195373535,22.592317838926572,22.024167834101497,22.25811195373535,3401600,0.0,0.0
1998-04-22 00:00:00-04:00,22.124424138441565,22.224685879250213,21.790218335746076,21.823638916015625,644900,0.0,0.0
1998-04-23 00:00:00-04:00,21.656538009643555,21.92390267642928,21.589696842947124,21.656538009643555,1070000,0.0,0.0
1998-04-24 00:00:00-04:00,21.522852079136165,21.890478434525136,21.188646301509827,21.22206687927246,1357700,0.0,0.0
1998-04-27 00:00:00-04:00,21.188650476893944,21.188650476893944,20.587079958622507,20.653921127319336,1406200,0.0,0.0
1998-04-28 00:00:00-04:00,20.720764259239296,20.95470837184361,20.45339955912008,20.587081909179688,1652300,0.0,0.0
1998-04-29 00:00:00-04:00,20.653919109931362,21.021545501855705,20.553657366679268,20.854442596435547,1664400,0.0,0.0
1998-04-30 00:00:00-04:00,20.988121219404757,21.021541794594892,20.486812591552734,20.486812591552734,989300,0.0,0.0
1998-05-01 00:00:00-04:00,20.553657759481403,20.553657759481403,20.152610778808594,20.152610778808594,2575000,0.0,0.0
1998-05-04 00:00:00-04:00,20.252876332264073,20.319717508278146,20.08577339222889,20.18603515625,1935200,0.0,0.0
1998-05-05 00:00:00-04:00,20.219451432749512,21.188648278286266,20.219451432749512,21.08838653564453,6625100,0.0,0.0
1998-05-06 00:00:00-04:00,21.12180890093793,21.42259415427407,20.988126566121867,21.288911819458008,2381000,0.0,0.0
1998-05-07 00:00:00-04:00,21.38917348686135,21.723379322593555,21.188649985422025,21.42259407043457,1440800,0.0,0.0
1998-05-08 00:00:00-04:00,21.38917123676248,22.09100341796875,21.35575065670504,22.09100341796875,2309600,0.0,0.0
1998-05-11 00:00:00-04:00,21.957319046769825,22.458627700805664,21.957319046769825,22.458627700805664,1664600,0.0,0.0
1998-05-12 00:00:00-04:00,22.425207123869942,22.692571739355724,22.191263085319882,22.458627700805664,1901600,0.0,0.0
1998-05-13 00:00:00-04:00,22.59230618832716,22.7594090447497,22.291521046766594,22.391782760620117,820200,0.0,0.0
1998-05-14 00:00:00-04:00,22.391790370116823,22.625734448610583,22.291528622190928,22.42521095275879,1960900,0.0,0.0
1998-05-15 00:00:00-04:00,22.32494379011151,22.32494379011151,21.489429426709137,21.623111724853516,2355200,0.0,0.0
1998-05-18 00:00:00-04:00,21.65654388000583,21.790226249635495,21.355758548339082,21.48944091796875,588200,0.0,0.0
1998-05-19 00:00:00-04:00,21.48943150137353,21.623113812424066,21.188646301509827,21.22206687927246,825900,0.0,0.0
1998-05-20 00:00:00-04:00,21.05496602765681,21.088386608653092,20.553657312712602,20.95470428466797,1670000,0.0,0.0
1998-05-21 00:00:00-04:00,20.921283721923828,20.988124883974706,20.687339654745767,20.921283721923828,853800,0.0,0.0
1998-05-22 00:00:00-04:00,20.887866973876953,21.121811083984376,20.75418462524414,20.887866973876953,857900,0.0,0.0
1998-05-26 00:00:00-04:00,21.02154764368014,21.02154764368014,20.45339770736446,20.520238876342773,917400,0.0,0.0
1998-05-27 00:00:00-04:00,20.31970976530429,20.887859544926282,20.252868614760523,20.353130340576172,1470700,0.0,0.0
1998-05-28 00:00:00-04:00,20.419973373413082,20.720758578586107,20.319711638355408,20.419973373413086,565900,0.0,0.0
1998-05-29 00:00:00-04:00,20.55365770170004,20.58707828332882,20.152610722154673,20.252872467041016,566900,0.0,0.0
1998-06-01 00:00:00-04:00,20.15260906509942,20.18602964398018,19.68472096076875,19.751562118530273,972700,0.0,0.0
1998-06-02 00:00:00-04:00,19.818399517503504,19.885240662587833,19.517614364624027,19.517614364624023,1131000,0.0,0.0
1998-06-03 00:00:00-04:00,19.517621791382865,19.918668814493472,19.517621791382865,19.81840705871582,1972800,0.0,0.0
1998-06-04 00:00:00-04:00,19.78498810016556,20.319717508278146,19.651305748137414,20.18603515625,1363000,0.0,0.0
1998-06-05 00:00:00-04:00,20.119197261890157,20.854450317972525,20.119197261890157,20.754188537597656,1691700,0.0,0.0
1998-06-08 00:00:00-04:00,20.75418847636656,21.155235596682825,20.75418847636656,20.821029663085938,696300,0.0,0.0
1998-06-09 00:00:00-04:00,20.821023586392403,21.38917350769043,20.353135415911673,21.38917350769043,799100,0.0,0.0
1998-06-10 00:00:00-04:00,21.264598101281656,21.3985483255417,20.82925987243652,20.829259872436523,501700,0.08,0.0
1998-06-11 00:00:00-04:00,20.7622891230299,20.896239375436544,20.22648811340332,20.22648811340332,661500,0.0,0.0
1998-06-12 00:00:00-04:00,20.159509671158776,20.829260823024516,19.958584325599055,20.695310592651367,813300,0.0,0.0
1998-06-15 00:00:00-04:00,19.89160385507668,20.527867278050515,19.45626572356827,20.393917083740234,1916600,0.0,0.0
1998-06-16 00:00:00-04:00,20.527874489526447,20.561362049868254,20.12602376542479,20.1929988861084,1389700,0.0,0.0
1998-06-17 00:00:00-04:00,20.159509893613563,20.192997451576375,19.72417164009699,19.858121871948242,1119000,0.0,0.0
1998-06-18 00:00:00-04:00,19.55673795276218,19.690688212712605,19.121399607923298,19.288837432861328,1799200,0.0,0.0
1998-06-19 00:00:00-04:00,19.288830627748116,20.259969669770157,19.15488041505542,19.992069244384766,1413200,0.0,0.0
1998-06-22 00:00:00-04:00,19.992068087935845,20.393918702768726,19.95858053669977,20.15950584411621,813700,0.0,0.0
1998-06-23 00:00:00-04:00,20.22648457204263,21.432036632627952,20.22648457204263,21.264598846435547,1594000,0.0,0.0
1998-06-24 00:00:00-04:00,21.49900526719935,23.40779545447406,21.43203017290901,22.77153205871582,3686900,0.0,0.0
1998-06-25 00:00:00-04:00,23.03943968502362,23.407802819522544,22.738051665888136,23.37431526184082,1703600,0.0,0.0
1998-06-26 00:00:00-04:00,23.374315261840824,23.843141069384906,23.1733899157505,23.37431526184082,962300,0.0,0.0
1998-06-29 00:00:00-04:00,23.3743097952434,23.407797345093318,22.16875800064632,22.503633499145508,863600,0.0,0.0
1998-06-30 00:00:00-04:00,22.503638037902743,23.005951386963073,22.135274915258503,22.67107582092285,1366700,0.0,0.0
1998-07-01 00:00:00-04:00,22.671076278223435,22.704563835502938,21.800399788956362,22.068300247192383,2148900,0.0,0.0
1998-07-02 00:00:00-04:00,22.06829731983969,22.06829731983969,21.49900892160407,21.666446685791016,1299300,0.0,0.0
1998-07-06 00:00:00-04:00,21.532498840213744,21.63296150976373,21.43203617066376,21.59947395324707,1149400,0.0,0.0
1998-07-07 00:00:00-04:00,21.36505894026151,21.934347344625845,21.36505894026151,21.632959365844727,1277700,0.0,0.0
1998-07-08 00:00:00-04:00,21.666450021419436,21.699937579412357,21.23111176751147,21.465524673461914,1601400,0.0,0.0
1998-07-09 00:00:00-04:00,21.365061518150988,21.666449533297317,21.197623731958583,21.264598846435547,974700,0.0,0.0
1998-07-10 00:00:00-04:00,21.197629062449874,21.264604193768832,20.293464789643956,20.795778274536133,1589200,0.0,0.0
1998-07-13 00:00:00-04:00,20.661823028814595,20.7622857015641,20.29345989539975,20.427410125732422,826400,0.0,0.0
1998-07-14 00:00:00-04:00,20.360429993178542,20.561355289163856,20.29345489451677,20.326942443847656,891400,0.0,0.0
1998-07-15 00:00:00-04:00,20.42741155312731,20.963212511897865,20.226486193588354,20.494386672973633,1323900,0.0,0.0
1998-07-16 00:00:00-04:00,20.829259718101444,22.168761950776776,20.829259718101444,21.934349060058594,1809800,0.0,0.0
1998-07-17 00:00:00-04:00,22.47015048129872,22.704563377526874,22.30271269827861,22.67107582092285,1035700,0.0,0.0
1998-07-20 00:00:00-04:00,22.805028709205423,22.93897895125656,22.202252619975326,22.302715301513672,693900,0.0,0.0
1998-07-21 00:00:00-04:00,22.369687285678076,22.50363750894561,21.80039883679106,21.934349060058594,625600,0.0,0.0
1998-07-22 00:00:00-04:00,22.23573755676916,22.23573755676916,21.632961538663974,22.13527488708496,648400,0.0,0.0
1998-07-23 00:00:00-04:00,22.034812921377327,22.470151170583872,21.499011999276966,21.76691246032715,654400,0.0,0.0
1998-07-24 00:00:00-04:00,21.766910049485865,21.934347819097294,21.432034510263005,21.56598472595215,622400,0.0,0.0
1998-07-27 00:00:00-04:00,21.465524673461914,21.632962463426516,21.298086883497312,21.465524673461914,429700,0.0,0.0
1998-07-28 00:00:00-04:00,21.39855311741339,22.10179195225796,21.03018991820909,21.49901580810547,723500,0.0,0.0
1998-07-29 00:00:00-04:00,21.46552321650147,21.83388632942115,20.963209880701903,21.130647659301758,625600,0.0,0.0
1998-07-30 00:00:00-04:00,21.2311100654113,21.2311100654113,20.8962345123291,20.8962345123291,1478000,0.0,0.0
1998-07-31 00:00:00-04:00,21.030181053595815,21.09715615249262,20.5278678118698,20.5948429107666,641900,0.0,0.0
1998-08-03 00:00:00-04:00,20.72879814398093,20.829260816730436,20.29345989539975,20.427410125732422,744200,0.0,0.0
1998-08-04 00:00:00-04:00,20.561365184217397,20.762290576897044,20.193001964304706,20.29346466064453,1231100,0.0,0.0
1998-08-05 00:00:00-04:00,20.896233540196572,20.896233540196572,20.427407787692164,20.762283325195312,1048800,0.0,0.0
1998-08-06 00:00:00-04:00,20.661823281631825,21.649706242422976,20.628335723638905,21.465524673461914,865000,0.0,0.0
1998-08-07 00:00:00-04:00,21.39855311741339,21.833891443745742,21.298090426721306,21.49901580810547,840700,0.0,0.0
1998-08-10 00:00:00-04:00,21.365058710254512,21.833884449977965,21.231108498904952,21.666446685791016,611700,0.0,0.0
1998-08-11 00:00:00-04:00,21.3985483623971,21.3985483623971,20.728797239943358,21.365060806274414,782900,0.0,0.0
1998-08-12 00:00:00-04:00,21.231112003326416,21.465524911880493,21.063674211502075,21.432037353515625,815300,0.0,0.0
1998-08-13 00:00:00-04:00,21.398546884014348,21.599472206868946,21.030183792114258,21.030183792114258,631900,0.0,0.0
1998-08-14 00:00:00-04:00,20.996692958136496,21.13064315244678,20.126016695119674,20.393917083740234,1247300,0.0,0.0
1998-08-17 00:00:00-04:00,20.393918869213557,21.264595208457486,20.360431317704176,20.963207244873047,1278100,0.0,0.0
1998-08-18 00:00:00-04:00,20.929723978042603,21.73342537879944,20.929723978042603,21.432037353515625,1038300,0.0,0.0
1998-08-19 00:00:00-04:00,21.432041015625,21.432041015625,20.896239990234374,20.92972755432129,563400,0.0,0.0
1998-08-20 00:00:00-04:00,20.963210597728036,21.56598662130488,20.963210597728036,21.298086166381836,815700,0.0,0.0
1998-08-21 00:00:00-04:00,20.996691525736942,21.16412925720215,20.360428146169156,21.16412925720215,942800,0.0,0.0
1998-08-24 00:00:00-04:00,20.996698154593414,21.49901150757412,20.929723040862655,21.298086166381836,721800,0.0,0.0
1998-08-25 00:00:00-04:00,21.365064379195093,21.532502187809474,21.164139008857834,21.39855194091797,611200,0.0,0.0
1998-08-26 00:00:00-04:00,21.030180506714068,21.13064315244678,20.393917083740234,20.393917083740234,770900,0.0,0.0
1998-08-27 00:00:00-04:00,20.09253032466908,20.09253032466908,18.953953606271167,19.389291763305664,1608600,0.0,0.0
1998-08-28 00:00:00-04:00,19.2553532750983,19.85812955153616,19.0209402787058,19.087915420532227,545500,0.0,0.0
1998-08-31 00:00:00-04:00,19.154883911250643,19.288834148392255,17.14563035412645,17.346555709838867,992700,0.0,0.0
1998-09-01 00:00:00-04:00,17.68143014585993,19.05441998673163,17.68143014585993,18.85349464416504,798600,0.0,0.0
1998-09-02 00:00:00-04:00,19.087909916657924,19.523248213002752,19.020934794143333,19.322322845458984,922900,0.0,0.0
1998-09-03 00:00:00-04:00,19.288835024264078,19.791148436354288,19.087909659427996,19.62371063232422,1735800,0.0,0.0
1998-09-04 00:00:00-04:00,19.422785529230868,19.422785529230868,18.953959671628745,19.322322845458984,1097800,0.0,0.0
1998-09-08 00:00:00-04:00,19.824637356183388,20.259975676504983,19.087910967946843,20.22648811340332,1065200,0.0,0.0
1998-09-09 00:00:00-04:00,20.168762216913883,20.168762216913883,19.128443367122983,19.430471420288086,1120100,0.08,0.0
1998-09-10 00:00:00-04:00,19.29623664910259,19.29623664910259,18.59150452800493,18.859973907470703,1068100,0.0,0.0
1998-09-11 00:00:00-04:00,18.658620679336387,19.22911807420818,18.323033976470622,18.99420738220215,787300,0.0,0.0
1998-09-14 00:00:00-04:00,18.994209196020552,19.26267858395017,18.82641582856454,19.162002563476562,652500,0.0,0.0
1998-09-15 00:00:00-04:00,19.02777244166324,19.128448486328125,18.658626944558662,19.128448486328125,679400,0.0,0.0
1998-09-16 00:00:00-04:00,19.262679649551565,19.329797000246863,17.81965660960258,18.054567337036133,1350300,0.0,0.0
1998-09-17 00:00:00-04:00,16.77933926712214,17.282719445135804,16.443752481779697,17.249160766601562,2597900,0.0,0.0
1998-09-18 00:00:00-04:00,17.047802514324154,17.71897584165975,17.047802514324154,17.68541717529297,1433800,0.0,0.0
1998-09-21 00:00:00-04:00,17.61830161599552,17.61830161599552,17.047804230334712,17.11492156982422,1165800,0.0,0.0
1998-09-22 00:00:00-04:00,17.182035946893787,17.24915327481134,16.108158700212925,16.745773315429688,1666600,0.0,0.0
1998-09-23 00:00:00-04:00,16.74577701402747,16.77933568539827,15.168519459600034,15.436988830566406,4262100,0.0,0.0
1998-09-24 00:00:00-04:00,15.50410566574488,16.611541784726658,15.50410566574488,15.70545768737793,4381300,0.0,0.0
1998-09-25 00:00:00-04:00,15.906806135177613,16.343068750699363,15.504102182388307,16.108158111572266,7031700,0.0,0.0
1998-09-28 00:00:00-04:00,16.51086206436157,16.51086206436157,15.940364797910055,16.108158111572266,1811100,0.0,0.0
1998-09-29 00:00:00-04:00,16.275955890434968,16.275955890434968,15.269195732263732,15.671899795532227,3445000,0.0,0.0
1998-09-30 00:00:00-04:00,15.772576353379659,15.772576353379659,14.22887739113399,15.034285545349121,3683000,0.0,0.0
1998-10-01 00:00:00-04:00,14.765816160610745,15.302754930087499,14.665140141333852,15.034285545349121,1771100,0.0,0.0
1998-10-02 00:00:00-04:00,15.10140177464381,15.638340504408923,14.967167092202532,15.369871139526367,1582600,0.0,0.0
1998-10-05 00:00:00-04:00,15.101402809177587,15.235637500814722,14.564464042629051,14.83293342590332,1772500,0.0,0.0
1998-10-06 00:00:00-04:00,14.967168199164528,15.16852023771831,14.866492179887636,15.034285545349121,1475900,0.0,0.0
1998-10-07 00:00:00-04:00,14.90004825592041,15.168517593864921,14.698696252462026,14.90004825592041,1034100,0.0,0.0
1998-10-08 00:00:00-04:00,14.765815734863281,15.134961128234863,14.3966703414917,15.134961128234863,1298400,0.0,0.0
1998-10-09 00:00:00-04:00,15.302750939864955,16.14171754841018,15.269192275523146,16.074600219726562,807000,0.0,0.0
1998-10-12 00:00:00-04:00,16.24240013006711,16.343076163931162,15.369874503245324,15.470550537109375,560800,0.0,0.0
1998-10-13 00:00:00-04:00,15.772579602958741,16.443753203084643,15.604786202927265,16.242401123046875,1054200,0.0,0.0
1998-10-14 00:00:00-04:00,16.376630835439645,17.383390927782244,16.343072165694892,17.11492156982422,616300,0.0,0.0
1998-10-15 00:00:00-04:00,17.249159128692515,18.591506142598547,17.215600453344862,18.054567337036133,1107300,0.0,0.0
1998-10-16 00:00:00-04:00,18.1888028218196,18.3230375289917,17.31627722520095,17.450511932373047,1180100,0.0,0.0
1998-10-19 00:00:00-04:00,17.58474251076027,18.121681213378906,17.316273159450954,18.121681213378906,953500,0.0,0.0
1998-10-20 00:00:00-04:00,18.12168546823355,19.128445772024303,17.383394578786998,17.450511932373047,845800,0.0,0.0
1998-10-21 00:00:00-04:00,17.517629165349042,17.517629165349042,16.812896957547643,17.047807693481445,721000,0.0,0.0
1998-10-22 00:00:00-04:00,16.913570418557285,17.786095876657463,16.913570418557285,17.6518611907959,570500,0.0,0.0
1998-10-23 00:00:00-04:00,17.584741241234735,18.927087900870976,17.517623908252922,18.591501235961914,622400,0.0,0.0
1998-10-26 00:00:00-05:00,18.62506363174357,18.75929832458496,18.25591822642973,18.75929832458496,880800,0.0,0.0
1998-10-27 00:00:00-05:00,19.329794124681122,20.101643542854156,19.262676783970424,19.732498168945312,1299500,0.0,0.0
1998-10-28 00:00:00-05:00,19.766059039983034,19.900293736349642,19.19556158042495,19.2291202545166,1549900,0.0,0.0
1998-10-29 00:00:00-05:00,19.229119817415874,19.631823897361755,19.162002470758228,19.329795837402344,1059100,0.0,0.0
1998-10-30 00:00:00-05:00,19.39691318405999,19.799617264005875,19.262678490744698,19.329795837402344,1359400,0.0,0.0
1998-11-02 00:00:00-05:00,19.329798710810675,20.940615270044898,19.296240032493294,20.67214584350586,1212800,0.0,0.0
1998-11-03 00:00:00-05:00,20.40367698669434,20.73926377923865,20.336559628185476,20.403676986694336,861300,0.0,0.0
1998-11-04 00:00:00-05:00,21.746014928968172,21.746014928968172,21.007724298663696,21.276193618774414,1653000,0.0,0.0
1998-11-05 00:00:00-05:00,21.1419571736325,21.242633160173604,20.7056945652877,20.772811889648438,833300,0.0,0.0
1998-11-06 00:00:00-05:00,20.873500360107425,21.041293771362305,20.303002761840823,20.97417640686035,978600,0.0,0.0
1998-11-09 00:00:00-05:00,21.175524098424926,21.443993500623655,21.04128939732556,21.24264144897461,907800,0.0,0.0
1998-11-10 00:00:00-05:00,21.24264086209811,21.41043423383664,20.77281942123022,20.94061279296875,812500,0.0,0.0
1998-11-11 00:00:00-05:00,20.940608889557595,20.940608889557595,19.900290178698164,20.20231819152832,810500,0.0,0.0
1998-11-12 00:00:00-05:00,20.168765668745166,20.672145843505863,19.93385492052351,20.67214584350586,606100,0.0,0.0
1998-11-13 00:00:00-05:00,20.537903779305065,21.041283773895877,20.000965118408203,20.000965118408203,1232700,0.0,0.0
1998-11-16 00:00:00-05:00,20.034529279569618,20.269440008140787,19.59826649793745,19.76605987548828,1123000,0.0,0.0
1998-11-17 00:00:00-05:00,19.799613721642938,19.799613721642938,19.262675044445842,19.396909713745117,749700,0.0,0.0
1998-11-18 00:00:00-05:00,19.46402845936017,19.933849835965415,19.396911119845136,19.665380477905273,402200,0.0,0.0
1998-11-19 00:00:00-05:00,19.698940711478663,19.83317540116506,19.497588676949068,19.598264694213867,698500,0.0,0.0
1998-11-20 00:00:00-05:00,19.631824396424374,19.833176441515906,19.531148373878608,19.799617767333984,1393300,0.0,0.0
1998-11-23 00:00:00-05:00,19.799617865146736,20.94061279296875,19.665383167755913,20.94061279296875,1117200,0.0,0.0
1998-11-24 00:00:00-05:00,19.86673461066352,20.202321343951755,19.262678490744698,19.329795837402344,1653400,0.0,0.0
1998-11-25 00:00:00-05:00,19.464028329966567,19.665380347173116,18.792854939278065,19.09488296508789,1220800,0.0,0.0
1998-11-27 00:00:00-05:00,19.162007034965182,19.59826989215353,19.06133099099864,19.296241760253906,465100,0.0,0.0
1998-11-30 00:00:00-05:00,19.161998566307318,19.262674565780035,18.5243839029801,18.591501235961914,869800,0.0,0.0
1998-12-01 00:00:00-05:00,18.557946625027853,18.893533363274287,18.289477234430706,18.826416015625,1328600,0.0,0.0
1998-12-02 00:00:00-05:00,18.725738608168864,18.792855950850473,18.524386580124037,18.557945251464844,1468000,0.0,0.0
1998-12-03 00:00:00-05:00,18.524388134479523,18.524388134479523,16.94713044911623,17.18204116821289,1535900,0.0,0.0
1998-12-04 00:00:00-05:00,17.316277105977214,17.65186387159693,17.047807693481445,17.047807693481445,1246300,0.0,0.0
1998-12-07 00:00:00-05:00,17.1149197769165,17.416947772979736,16.61153978347778,16.779333114624023,2478800,0.0,0.0
1998-12-08 00:00:00-05:00,16.846458435058594,17.01425184576635,16.477312931501533,16.846458435058594,1728900,0.0,0.0
1998-12-09 00:00:00-05:00,16.822230938783623,17.091386633804163,16.317564010620117,16.317564010620117,868900,0.08,0.0
1998-12-10 00:00:00-05:00,16.14934189514544,16.283919744271653,15.543741574077487,16.04840850830078,1544200,0.0,0.0
1998-12-11 00:00:00-05:00,15.947471484109078,16.452138303226455,15.779249211069953,16.21662712097168,2328200,0.0,0.0
1998-12-14 00:00:00-05:00,14.467116404663434,14.534405318173496,11.439115296710622,11.842848777770996,18808100,0.0,0.0
1998-12-15 00:00:00-05:00,12.246582108203548,12.448448846250859,11.506404068696739,11.674626350402832,10289500,0.0,0.0
1998-12-16 00:00:00-05:00,12.112007562626792,12.347518820788979,11.708273977205899,12.179296493530273,4541700,0.0,0.0
1998-12-17 00:00:00-05:00,12.313873514215997,12.919473850980719,12.246584587908806,12.650318145751953,7720900,0.0,0.0
1998-12-18 00:00:00-05:00,12.683960882822674,13.154983302874443,12.683960882822674,13.121338844299316,6802500,0.0,0.0
1998-12-21 00:00:00-05:00,13.020407124028374,13.020407124028374,12.17929555270871,12.482095718383789,5268600,0.0,0.0
1998-12-22 00:00:00-05:00,12.482094920765268,13.121339674119826,12.313872617250912,12.953117370605469,4483700,0.0,0.0
1998-12-23 00:00:00-05:00,12.95311689376831,12.986761353232644,12.583027839660645,12.583027839660645,2525100,0.0,0.0
1998-12-24 00:00:00-05:00,12.65031835824172,12.751251749397904,12.583029430804265,12.68396282196045,1389100,0.0,0.0
1998-12-28 00:00:00-05:00,12.650319844563802,12.78489771525065,12.48209750620524,12.61667537689209,1610200,0.0,0.0
1998-12-29 00:00:00-05:00,12.616672299124978,12.85218351537531,12.448450001803312,12.583027839660645,1230700,0.0,0.0
1998-12-30 00:00:00-05:00,12.58302554876908,12.717603362124898,12.381158828735352,12.381158828735352,2097700,0.0,0.0
1998-12-31 00:00:00-05:00,12.347517977369593,12.650318145751953,12.179295661601616,12.650318145751953,1639200,0.0,0.0
1999-01-04 00:00:00-05:00,12.717605807221345,13.054050405295984,12.482094588569097,12.751250267028809,3140700,0.0,0.0
1999-01-05 00:00:00-05:00,12.85218817682752,12.885832648494608,12.41481004515538,12.54938793182373,2173100,0.0,0.0
1999-01-06 00:00:00-05:00,12.71760674038449,12.885829051765237,12.347517655346845,12.448451042175293,2516800,0.0,0.0
1999-01-07 00:00:00-05:00,12.44844773541326,12.44844773541326,12.246581015379531,12.381158828735352,2096200,0.0,0.0
1999-01-08 00:00:00-05:00,12.3811646765405,12.41480914577023,12.112008922702664,12.246586799621582,5002800,0.0,0.0
1999-01-11 00:00:00-05:00,12.112004934263624,12.212938308715822,11.91013818535923,12.21293830871582,2237600,0.0,0.0
1999-01-12 00:00:00-05:00,12.212939806242249,12.818540127212938,12.179295343966098,12.448451042175293,5947000,0.0,0.0
1999-01-13 00:00:00-05:00,12.112003202023713,12.51573664209117,11.910136481989984,12.381158828735352,3165500,0.0,0.0
1999-01-14 00:00:00-05:00,12.381157981024849,12.381157981024849,11.910135666529339,12.1120023727417,2724200,0.0,0.0
1999-01-15 00:00:00-05:00,12.145651926847398,12.246585322361366,11.977429600990787,12.01107406616211,1518300,0.0,0.0
1999-01-19 00:00:00-05:00,12.381161660537082,12.448450582605219,12.011072589162332,12.078361511230469,2003800,0.0,0.0
1999-01-20 00:00:00-05:00,12.145649254655037,12.38116045903893,12.011071423578528,12.044715881347656,2375500,0.0,0.0
1999-01-21 00:00:00-05:00,12.11200451028758,12.11200451028758,11.640982112665286,11.708271026611328,1799400,0.0,0.0
1999-01-22 00:00:00-05:00,11.70827399852664,11.741918464039648,11.57369613647461,11.57369613647461,1600900,0.0,0.0
1999-01-25 00:00:00-05:00,12.112004282838672,12.112004282838672,11.607337437720394,11.674626350402832,2319900,0.0,0.0
1999-01-26 00:00:00-05:00,11.775561332702637,11.943783637455532,11.607339027949742,11.775561332702637,1659000,0.0,0.0
1999-01-27 00:00:00-05:00,11.809204175767706,11.910137544791361,11.640981894061614,11.674626350402832,1502200,0.0,0.0
1999-01-28 00:00:00-05:00,11.775559719426488,11.910137544791361,11.640981894061614,11.674626350402832,1352000,0.0,0.0
1999-01-29 00:00:00-05:00,11.91013818535923,12.381160599469483,11.640982520153372,12.21293830871582,2581600,0.0,0.0
1999-02-01 00:00:00-05:00,12.549385275329438,13.726941534408608,12.549385275329438,13.491430282592773,7284300,0.0,0.0
1999-02-02 00:00:00-05:00,13.424136770182642,13.962448019112273,13.121336692659726,13.659647941589355,5932900,0.0,0.0
1999-02-03 00:00:00-05:00,13.726941919000927,15.072720538510822,13.659652988025432,14.769920349121094,9515900,0.0,0.0
1999-02-04 00:00:00-05:00,15.005426742661166,15.005426742661166,14.231604287322138,14.332537651062012,6924900,0.0,0.0
1999-02-05 00:00:00-05:00,14.46712045991019,15.005431918883591,14.366187061352676,14.971787452697754,5717400,0.0,0.0
1999-02-08 00:00:00-05:00,15.005430960873944,15.341875601252285,14.568052928382103,14.668986320495605,3004700,0.0,0.0
1999-02-09 00:00:00-05:00,14.803566777428914,14.870855717326318,14.399833138044489,14.467122077941895,3028500,0.0,0.0
1999-02-10 00:00:00-05:00,14.231612795986765,14.298901745376773,13.6933012008667,13.6933012008667,2323000,0.0,0.0
1999-02-11 00:00:00-05:00,13.659647706560614,14.197958946228027,13.52506989664376,14.197958946228027,1984500,0.0,0.0
1999-02-12 00:00:00-05:00,14.19796318827935,14.332541038405221,14.097029800684947,14.265252113342285,2234500,0.0,0.0
1999-02-16 00:00:00-05:00,14.298903143708754,14.601703445575527,14.265258665723557,14.568058967590332,1335500,0.0,0.0
1999-02-17 00:00:00-05:00,14.46711479349339,14.46711479349339,14.13067026341215,14.231603622436523,1382200,0.0,0.0
1999-02-18 00:00:00-05:00,14.23160707249361,14.36618491715076,13.69329569386501,13.726940155029297,1843600,0.0,0.0
1999-02-19 00:00:00-05:00,13.861518969638741,14.164319141305606,13.726941115564578,14.029741287231445,1604900,0.0,0.0
1999-02-22 00:00:00-05:00,14.029741605122885,14.063386069403755,13.693296962314182,13.928808212280273,1068900,0.0,0.0
1999-02-23 00:00:00-05:00,13.99609509532247,14.500761985778809,13.760583879776178,14.500761985778809,2170000,0.0,0.0
1999-02-24 00:00:00-05:00,14.467115469381843,14.702626651441546,14.265248741902097,14.332537651062012,1312600,0.0,0.0
1999-02-25 00:00:00-05:00,14.332543664508396,14.53441047668457,14.16432132102825,14.53441047668457,1340400,0.0,0.0
1999-02-26 00:00:00-05:00,14.467114566061733,14.73627018589544,14.197958946228027,14.197958946228027,1044300,0.0,0.0
1999-03-01 00:00:00-05:00,14.097031710521286,14.197965111789935,13.861520440894438,13.962453842163086,1065000,0.0,0.0
1999-03-02 00:00:00-05:00,13.928806922015022,14.063384766672172,13.626006771536435,13.726940155029297,1244900,0.0,0.0
1999-03-03 00:00:00-05:00,13.659652498033314,13.659652498033314,12.549385176764595,13.32320785522461,4510500,0.0,0.0
1999-03-04 00:00:00-05:00,13.457782755218428,13.457782755218428,12.818538074345552,13.020404815673828,3640100,0.0,0.0
1999-03-05 00:00:00-05:00,12.986765788921847,13.39049944039092,12.784898963187311,12.818543434143066,2469500,0.0,0.0
1999-03-08 00:00:00-05:00,13.087694029013317,13.087694029013317,12.78489391009013,12.919471740722656,1328000,0.0,0.0
1999-03-09 00:00:00-05:00,12.919472784745068,13.054050626252828,12.751250482860366,12.784894943237305,1098800,0.0,0.0
1999-03-10 00:00:00-05:00,12.861863113939762,12.96313762664795,12.760588601231575,12.96313762664795,1301400,0.08,0.0
1999-03-11 00:00:00-05:00,12.963140517629254,13.131931409785885,12.72683326860997,12.895624160766602,1384400,0.0,0.0
1999-03-12 00:00:00-05:00,12.861857383889923,12.92937369561638,12.693066604573783,12.726824760437012,1910100,0.0,0.0
1999-03-15 00:00:00-05:00,12.726833531627916,12.726833531627916,12.220460844693118,12.321735382080078,1522100,0.0,0.0
1999-03-16 00:00:00-05:00,12.389247894287108,12.456764231585675,12.254215219689973,12.38924789428711,1652500,0.0,0.0
1999-03-17 00:00:00-05:00,12.659316247850244,12.659316247850244,12.186701774597168,12.186701774597168,2023700,0.0,0.0
1999-03-18 00:00:00-05:00,12.220461196138377,13.604546580231396,12.186703016038546,13.537030220031738,2373900,0.0,0.0
1999-03-19 00:00:00-05:00,13.435750019762656,13.503266351520256,13.13192652685345,13.266959190368652,1968100,0.0,0.0
1999-03-22 00:00:00-05:00,13.199447721010678,13.435754969212915,12.929382294493836,12.996898651123047,1035500,0.0,0.0
1999-03-23 00:00:00-05:00,12.895627569136463,13.50327494150415,12.726836632367663,13.46951675415039,2022300,0.0,0.0
1999-03-24 00:00:00-05:00,13.503268213555364,13.77333357782647,13.334477360885922,13.638300895690918,1783700,0.0,0.0
1999-03-25 00:00:00-05:00,13.70581250007336,14.313459359682524,13.672054341206184,14.043394088745117,1946400,0.0,0.0
1999-03-26 00:00:00-05:00,14.043400893976658,14.043400893976658,13.503270090362172,13.6720609664917,2450100,0.0,0.0
1999-03-29 00:00:00-05:00,13.537028265588077,13.773335492169414,13.469511915136266,13.6720609664917,1173100,0.0,0.0
1999-03-30 00:00:00-05:00,13.537030220031737,13.807095660830376,13.368239319532588,13.537030220031738,1721500,0.0,0.0
1999-03-31 00:00:00-05:00,13.604549503565432,13.604549503565432,13.40200037944287,13.46951675415039,1536600,0.0,0.0
1999-04-01 00:00:00-05:00,13.09817217554715,13.233204878387843,12.929381296996285,13.131930351257324,1840500,0.0,0.0
1999-04-05 00:00:00-04:00,13.233202919742176,13.469510114737572,13.098170236887665,13.300719261169434,1954200,0.0,0.0
1999-04-06 00:00:00-04:00,13.334479405518362,13.334479405518362,12.929381296996285,13.131930351257324,2822100,0.0,0.0
1999-04-07 00:00:00-04:00,13.266960148908653,13.300718317226487,12.996894802365983,13.23320198059082,1812300,0.0,0.0
1999-04-08 00:00:00-04:00,13.199442858611052,13.266959190368652,12.963135697459446,13.266959190368652,2107600,0.0,0.0
1999-04-09 00:00:00-04:00,13.266961019818146,13.705817236758694,13.16568650821648,13.638300895690918,2459400,0.0,0.0
1999-04-12 00:00:00-04:00,13.233205723222017,13.469512968279552,13.13193118962593,13.401996612548828,1245700,0.0,0.0
1999-04-13 00:00:00-04:00,13.368238349706305,13.70582012621404,13.233205639103211,13.604545593261719,2643300,0.0,0.0
1999-04-14 00:00:00-04:00,13.63830267664898,14.178433475724187,13.63830267664898,14.009642601013184,2686800,0.0,0.0
1999-04-15 00:00:00-04:00,14.380981225883012,16.37271336749592,14.380981225883012,15.25869369506836,7000600,0.0,0.0
1999-04-16 00:00:00-04:00,15.326211806001336,16.0688916732525,15.224937278648904,15.663793563842773,3771400,0.0,0.0
1999-04-19 00:00:00-04:00,15.765066273444523,16.035131648578478,14.988628319934408,15.25869369506836,4100600,0.0,0.0
1999-04-20 00:00:00-04:00,15.022385697032131,15.022385697032131,14.077156934072807,14.516013145446777,3660900,0.0,0.0
1999-04-21 00:00:00-04:00,14.482258859522203,14.482258859522203,14.009644351286047,14.3472261428833,3878200,0.0,0.0
1999-04-22 00:00:00-04:00,14.448502621560728,14.448502621560728,14.21219533569408,14.313469886779785,3142900,0.0,0.0
1999-04-23 00:00:00-04:00,14.279708000550787,14.380982525377389,13.975884426070984,14.009642601013184,1816500,0.0,0.0
1999-04-26 00:00:00-04:00,14.009640714497243,14.178431566479137,13.80709169211897,13.908366203308105,2664400,0.0,0.0
1999-04-27 00:00:00-04:00,13.908367147745867,14.11091618387809,13.672059938924942,13.94212532043457,3729300,0.0,0.0
1999-04-28 00:00:00-04:00,13.908369859812948,14.313468011069636,13.705820784184604,14.245951652526855,3844000,0.0,0.0
1999-04-29 00:00:00-04:00,14.27970784193986,14.7185641113139,14.27970784193986,14.482256889343262,3869000,0.0,0.0
1999-04-30 00:00:00-04:00,14.516018208674186,14.583534572435463,13.90837093482271,13.975887298583984,2375400,0.0,0.0
1999-05-03 00:00:00-04:00,14.009640673130892,14.2459478652078,13.97588250283419,14.110915184020996,3207900,0.0,0.0
1999-05-04 00:00:00-04:00,14.110915170397078,14.414738702774049,14.110915170397078,14.178431510925293,3445400,0.0,0.0
1999-05-05 00:00:00-04:00,14.144675359493347,14.144675359493347,13.638302733258502,13.840851783752441,2194600,0.0,0.0
1999-05-06 00:00:00-04:00,13.807097393230801,13.942130130572911,13.773339208895273,13.874613761901855,2487200,0.0,0.0
1999-05-07 00:00:00-04:00,14.313463154319223,14.887352007204663,14.144672315235269,14.7523193359375,5294200,0.0,0.0
1999-05-10 00:00:00-04:00,14.921114006998328,15.022388536457592,14.752323124566221,14.819839477539062,2529100,0.0,0.0
1999-05-11 00:00:00-04:00,14.819837460475688,15.359968210743594,14.786079288583943,15.25869369506836,4904600,0.0,0.0
1999-05-12 00:00:00-04:00,15.258693712022568,15.832582634819877,14.380981241861978,15.191177368164062,2682400,0.0,0.0
1999-05-13 00:00:00-04:00,15.258693746387157,15.427484606413563,14.988628370344905,15.056144714355469,11075100,0.0,0.0
1999-05-14 00:00:00-04:00,14.752322218883997,14.853596742125763,14.448498649158697,14.684805870056152,4012900,0.0,0.0
1999-05-17 00:00:00-04:00,14.583529568174809,14.718562249361613,14.043398843427592,14.110915184020996,2163700,0.0,0.0
1999-05-18 00:00:00-04:00,14.110915184020996,14.212189694911098,13.773333481053985,14.110915184020996,2343900,0.0,0.0
1999-05-19 00:00:00-04:00,14.313464205801202,14.313464205801202,13.807091651350687,14.110915184020996,2133300,0.0,0.0
1999-05-20 00:00:00-04:00,14.110916969103693,14.583531413044964,14.077158794536459,14.482256889343262,1438000,0.0,0.0
1999-05-21 00:00:00-04:00,14.414744437865492,14.684809907427375,14.110920784608375,14.313469886779785,1657100,0.0,0.0
1999-05-24 00:00:00-04:00,14.414738716691303,14.414738716691303,14.043398843427592,14.110915184020996,1281200,0.0,0.0
1999-05-25 00:00:00-04:00,14.043398884893621,14.313464248064653,13.50326815855156,13.908366203308105,1960900,0.0,0.0
1999-05-26 00:00:00-04:00,14.043402576898512,14.313468011069636,13.807095321998776,14.245951652526855,2287000,0.0,0.0
1999-05-27 00:00:00-04:00,14.245945932746217,14.245945932746217,14.00963877272436,14.212187767028809,1648200,0.0,0.0
1999-05-28 00:00:00-04:00,14.212191559180582,14.279707908630371,13.97588433610632,14.279707908630371,1834000,0.0,0.0
1999-06-01 00:00:00-04:00,14.245951605404125,14.3472261428833,13.807095276327694,14.3472261428833,1414700,0.0,0.0
1999-06-02 00:00:00-04:00,14.347226190341027,14.380984369612419,14.043402576898512,14.245951652526855,1986200,0.0,0.0
1999-06-03 00:00:00-04:00,14.313464191981726,14.448496873038158,13.94212431907654,14.178431510925293,2074200,0.0,0.0
1999-06-04 00:00:00-04:00,14.144673453699244,14.144673453699244,13.537026384089252,13.638300895690918,1669200,0.0,0.0
1999-06-07 00:00:00-04:00,13.368239558020305,13.469514100126519,12.861866847489232,13.06441593170166,3876900,0.0,0.0
1999-06-08 00:00:00-04:00,13.064414163853261,13.098172339987247,12.558041521843444,12.693074226379395,5315700,0.0,0.0
1999-06-09 00:00:00-04:00,12.809651195849735,13.182418823242188,12.775763229723148,13.182418823242188,2435600,0.09,0.0
1999-06-10 00:00:00-04:00,13.012974892893144,13.080750803793629,12.572431472039991,12.606319427490234,2146900,0.0,0.0
1999-06-11 00:00:00-04:00,12.640208723752396,12.707984641842222,12.335217092348183,12.470768928527832,2559800,0.0,0.0
1999-06-14 00:00:00-04:00,12.674097140837587,13.046864703803399,12.640209180567968,12.97908878326416,1885900,0.0,0.0
1999-06-15 00:00:00-04:00,12.911307868562213,13.114635551531697,12.504652502623246,13.080747604370117,2614600,0.0,0.0
1999-06-16 00:00:00-04:00,13.28407974243164,13.487407493591308,12.640208530426024,12.877424240112305,3046000,0.0,0.0
1999-06-17 00:00:00-04:00,12.843532726412912,12.979084522997745,12.33521348921979,12.402989387512207,3038300,0.0,0.0
1999-06-18 00:00:00-04:00,12.064112782796224,12.741871927897135,11.589681381225585,12.70798397064209,5691300,0.0,0.0
1999-06-21 00:00:00-04:00,12.843534928592131,13.080750613289082,12.606319243895179,12.674095153808594,1276700,0.0,0.0
1999-06-22 00:00:00-04:00,13.012975702430996,13.419631193131966,12.87742387219734,13.351855278015137,2702100,0.0,0.0
1999-06-23 00:00:00-04:00,13.41963167118847,13.521295547485352,13.284079836125958,13.521295547485352,1250300,0.0,0.0
1999-06-24 00:00:00-04:00,13.555178979430535,13.555178979430535,12.979083872804738,13.41962718963623,1380000,0.0,0.0
1999-06-25 00:00:00-04:00,13.45351915069038,13.521295065807207,13.080751617547826,13.351855278015137,1207000,0.0,0.0
1999-06-28 00:00:00-04:00,13.351851733762828,13.724619167954176,13.216299939511428,13.622955322265625,1348800,0.0,0.0
1999-06-29 00:00:00-04:00,13.690735708949077,14.06350326538086,13.453519991219762,14.06350326538086,1745200,0.0,0.0
1999-06-30 00:00:00-04:00,13.995727059943825,14.334606649772972,13.89406318299508,14.165166854858398,1677600,0.0,0.0
1999-07-01 00:00:00-04:00,14.334604850697573,14.50404462434648,14.02961325812954,14.4701566696167,1329000,0.0,0.0
1999-07-02 00:00:00-04:00,14.470159827538255,14.470159827538255,14.165168168409814,14.36849594116211,965300,0.0,0.0
1999-07-06 00:00:00-04:00,13.860173556170887,13.860173556170887,13.216302412974684,13.3857421875,5251500,0.0,0.0
1999-07-07 00:00:00-04:00,13.555182299567658,13.995725724303608,13.48740638806982,13.961837768554688,2002500,0.0,0.0
1999-07-08 00:00:00-04:00,13.826285945559011,14.232941414546042,13.589070255316578,13.961837768554688,2721100,0.0,0.0
1999-07-09 00:00:00-04:00,13.927946859331275,13.995722756456974,13.622955322265627,13.622955322265625,2155100,0.0,0.0
1999-07-12 00:00:00-04:00,13.351856147468865,13.453520026764313,13.01297654981737,13.04686450958252,5433400,0.0,0.0
1999-07-13 00:00:00-04:00,12.945199777682623,13.080751607815426,12.77575999001662,13.012975692749023,3595900,0.0,0.0
1999-07-14 00:00:00-04:00,13.01297142392113,13.01297142392113,12.674091959756518,12.809643745422363,2375500,0.0,0.0
1999-07-15 00:00:00-04:00,12.843536092348748,12.97908792445797,12.843536092348748,12.945199966430664,2547800,0.0,0.0
1999-07-16 00:00:00-04:00,12.945200630287072,13.046864509582521,12.877424710756774,13.04686450958252,1985800,0.0,0.0
1999-07-19 00:00:00-04:00,13.216306035832842,13.385745856805057,13.114642143249512,13.114642143249512,2051600,0.0,0.0
1999-07-20 00:00:00-04:00,13.148528760046606,13.385744485098993,13.046864877881298,13.250192642211914,2386100,0.0,0.0
1999-07-21 00:00:00-04:00,13.385743420785634,13.419631378812939,12.911312008403359,12.945199966430664,2687300,0.0,0.0
1999-07-22 00:00:00-04:00,13.216303630649108,13.385743420785634,12.741872218266831,12.945199966430664,3705900,0.0,0.0
1999-07-23 00:00:00-04:00,13.351856346229972,13.351856346229972,12.97908878326416,12.97908878326416,4047800,0.0,0.0
1999-07-26 00:00:00-04:00,12.97908347750467,12.97908347750467,12.606316066923595,12.809643745422363,3083200,0.0,0.0
1999-07-27 00:00:00-04:00,12.74187203248342,13.080751607815426,12.74187203248342,13.012975692749023,2883600,0.0,0.0
1999-07-28 00:00:00-04:00,13.01297654981737,13.11464042911282,12.877424710756774,13.04686450958252,2283500,0.0,0.0
1999-07-29 00:00:00-04:00,12.945199575830012,12.945199575830012,12.674095919791688,12.74187183380127,3347500,0.0,0.0
1999-07-30 00:00:00-04:00,12.74186785258944,12.97908347750467,12.707979906172978,12.809643745422363,2605400,0.0,0.0
1999-08-02 00:00:00-04:00,12.843535704815642,13.046863446844384,12.74187183380127,12.74187183380127,3385700,0.0,0.0
1999-08-03 00:00:00-04:00,12.775753483939365,12.809641424215066,12.470762021458054,12.572425842285156,1422400,0.0,0.0
1999-08-04 00:00:00-04:00,12.606319207411547,12.606319207411547,12.301327613683847,12.33521556854248,1619400,0.0,0.0
1999-08-05 00:00:00-04:00,12.30132554007358,12.470765285804623,12.267437590927374,12.402989387512207,3414800,0.0,0.0
1999-08-06 00:00:00-04:00,12.33521321898732,12.402989115794943,12.131885528564451,12.131885528564453,2469100,0.0,0.0
1999-08-09 00:00:00-04:00,12.165775572316031,12.335215343518204,11.996335801113858,12.064111709594727,1399100,0.0,0.0
1999-08-10 00:00:00-04:00,12.064111948708405,12.097999903620506,11.555792625026871,11.623568534851074,2686800,0.0,0.0
1999-08-11 00:00:00-04:00,11.691346072048121,11.860785870193746,11.657458112418997,11.725234031677246,1874200,0.0,0.0
1999-08-12 00:00:00-04:00,11.725234128426814,11.826898008153059,11.657458208609318,11.691346168518066,4157200,0.0,0.0
1999-08-13 00:00:00-04:00,11.793008619035993,11.928560442243304,11.725232707432339,11.860784530639648,2466500,0.0,0.0
1999-08-16 00:00:00-04:00,11.894675107292048,12.335218629784347,11.826899180754772,12.26744270324707,2226100,0.0,0.0
1999-08-17 00:00:00-04:00,12.369101438365998,12.436877336658414,12.13188579434254,12.402989387512207,2006100,0.0,0.0
1999-08-18 00:00:00-04:00,12.436876890394423,12.436876890394423,12.131885359022352,12.199661254882812,1304200,0.0,0.0
1999-08-19 00:00:00-04:00,12.267439159510195,12.267439159510195,12.131887345592956,12.165775299072266,1593300,0.0,0.0
1999-08-20 00:00:00-04:00,12.165778557683382,12.199666520239603,11.928562819789834,12.030226707458496,2083000,0.0,0.0
1999-08-23 00:00:00-04:00,12.064110061602282,12.097998011213523,11.860782363934828,11.962446212768555,1421900,0.0,0.0
1999-08-24 00:00:00-04:00,11.928561210632324,11.962449168617075,11.793009378693322,11.928561210632324,1297600,0.0,0.0
1999-08-25 00:00:00-04:00,11.928563421298575,11.928563421298575,11.826899528503416,11.826899528503418,1566300,0.0,0.0
1999-08-26 00:00:00-04:00,11.894674857233612,12.13189059512716,11.860786894677391,12.030226707458496,2499700,0.0,0.0
1999-08-27 00:00:00-04:00,12.030225850768009,12.064113810911017,11.860786050052965,11.996337890625,1475800,0.0,0.0
1999-08-30 00:00:00-04:00,11.962449749081122,11.996337708710247,11.725234031677246,11.725234031677246,1192500,0.0,0.0
1999-08-31 00:00:00-04:00,11.759121415210746,11.962449163024187,11.555793667397303,11.589681625366211,1666900,0.0,0.0
1999-09-01 00:00:00-04:00,11.555790318112203,11.759118006993942,11.521902369965247,11.598150253295898,1624100,0.0,0.0
1999-09-02 00:00:00-04:00,11.488018891390631,11.555794814053703,11.42024296872756,11.521906852722168,1359700,0.0,0.0
1999-09-03 00:00:00-04:00,11.793006896972656,11.826894847826026,11.589679191852438,11.793006896972656,2907300,0.0,0.0
1999-09-07 00:00:00-04:00,12.13189263251859,12.335220442002141,12.06411669602407,12.301332473754883,1899100,0.0,0.0
1999-09-08 00:00:00-04:00,12.180203016291665,12.35031758355831,12.112157189385009,12.31629467010498,1611300,0.09,0.0
1999-09-09 00:00:00-04:00,12.520432935153142,13.166868331261592,12.520432935153142,12.826639175415039,4770600,0.0,0.0
1999-09-10 00:00:00-04:00,13.064798828125,13.064798828125,12.75859260559082,12.75859260559082,3186000,0.0,0.0
1999-09-13 00:00:00-04:00,12.792623483318172,12.82664641811423,12.112164787396992,12.418371200561523,1949000,0.0,0.0
1999-09-14 00:00:00-04:00,12.316296922399642,12.894686556876973,12.282274002724504,12.792617797851562,2460800,0.0,0.0
1999-09-15 00:00:00-04:00,12.792614014000906,12.860659833224316,12.58847655633068,12.622499465942383,1325900,0.0,0.0
1999-09-16 00:00:00-04:00,12.622499465942383,12.656522375554088,12.452384917883862,12.622499465942383,1568300,0.0,0.0
1999-09-17 00:00:00-04:00,12.588482620895551,12.792620176910074,12.588482620895551,12.65652847290039,1315200,0.0,0.0
1999-09-20 00:00:00-04:00,12.724572772314977,12.826641537868305,12.622504006761648,12.690549850463867,998000,0.0,0.0
1999-09-21 00:00:00-04:00,12.690546936459011,12.724569850497774,12.044111569722492,12.248249053955078,1388200,0.0,0.0
1999-09-22 00:00:00-04:00,12.28227710723877,12.418368820338369,12.112162465864271,12.28227710723877,1718500,0.0,0.0
1999-09-23 00:00:00-04:00,12.248254067557198,12.248254067557198,11.874001859937396,11.908024787902832,1698000,0.0,0.0
1999-09-24 00:00:00-04:00,11.908023110751449,12.044114803445751,11.703885571709995,11.839977264404297,1369600,0.0,0.0
1999-09-27 00:00:00-04:00,11.83997639692212,11.873999317602932,11.635838872837256,11.669861793518066,1305100,0.0,0.0
1999-09-28 00:00:00-04:00,11.703885171265728,12.078137313370156,11.499747639208769,11.533770561218262,2564500,0.0,0.0
1999-09-29 00:00:00-04:00,11.46572340451754,11.567792158860426,10.95537963280311,11.057448387145996,3099400,0.0,0.0
1999-09-30 00:00:00-04:00,11.125497221946716,11.193543076515198,10.172855257987976,10.34296989440918,5877300,0.0,0.0
1999-10-01 00:00:00-04:00,10.342968015317563,10.376990936420581,9.01607409229985,9.186188697814941,7475700,0.0,0.0
1999-10-04 00:00:00-04:00,7.893318256578947,8.029409950657895,6.362286698190789,6.46435546875,29964300,0.0,0.0
1999-10-05 00:00:00-04:00,6.532399794634651,7.14481227538165,6.532399794634651,6.940674781799316,19932700,0.0,0.0
1999-10-06 00:00:00-04:00,7.280907277210218,7.314930208412135,6.906655033989132,7.246884346008301,11906200,0.0,0.0
1999-10-07 00:00:00-04:00,7.21285840339467,7.21285840339467,6.566422980448922,6.7025146484375,10221500,0.0,0.0
1999-10-08 00:00:00-04:00,6.60044679187593,6.804584321521577,6.396309262230282,6.430332183837891,9923400,0.0,0.0
1999-10-11 00:00:00-04:00,6.668493516374342,6.974699851309898,6.634470590270391,6.872631072998047,8120200,0.0,0.0
1999-10-12 00:00:00-04:00,7.076769106856016,7.4510213192378245,7.04274617845767,7.280906677246094,11201100,0.0,0.0
1999-10-13 00:00:00-04:00,7.348950925080673,7.485042608878463,6.940675873687303,7.0427446365356445,7237800,0.0,0.0
1999-10-14 00:00:00-04:00,7.178836320333435,7.178836320333435,6.8726300317884075,7.0427446365356445,4131100,0.0,0.0
1999-10-15 00:00:00-04:00,6.906654599887221,6.940677528950705,6.7705628836332865,6.838608741760254,5243300,0.0,0.0
1999-10-18 00:00:00-04:00,7.076766535920917,7.2809040321494045,6.940674871768591,7.212858200073242,4578200,0.0,0.0
1999-10-19 00:00:00-04:00,7.314927281375137,7.553087704489677,7.11078977584839,7.110789775848389,5821300,0.0,0.0
1999-10-20 00:00:00-04:00,7.178838483604467,7.280907277210218,7.110792621200633,7.246884346008301,3306400,0.0,0.0
1999-10-21 00:00:00-04:00,7.280902794429235,7.5530860764639725,7.076765332903181,7.144811153411865,7451000,0.0,0.0
1999-10-22 00:00:00-04:00,7.178835611023972,7.178835611023972,6.940675187909433,7.110789775848389,5011300,0.0,0.0
1999-10-25 00:00:00-04:00,7.076766535920917,7.2809040321494045,7.008720703844754,7.212858200073242,3191800,0.0,0.0
1999-10-26 00:00:00-04:00,7.280905948235438,7.280905948235438,7.008722548301403,7.076768398284912,3155700,0.0,0.0
1999-10-27 00:00:00-04:00,7.076768508685634,7.076768508685634,6.804585104505417,6.906653881072998,3913800,0.0,0.0
1999-10-28 00:00:00-04:00,7.008722205862615,7.178836822509766,6.872630512544894,7.178836822509766,5734300,0.0,0.0
1999-10-29 00:00:00-04:00,7.1788373060004655,7.314929008483887,7.110791454758755,7.314929008483887,3756200,0.0,0.0
1999-11-01 00:00:00-05:00,7.348952174736058,7.757227295554728,7.229871931163946,7.382975101470947,4460600,0.0,0.0
1999-11-02 00:00:00-05:00,7.485042842088547,7.757226218164495,7.485042842088547,7.689180374145508,4778300,0.0,0.0
1999-11-03 00:00:00-05:00,7.723203644089635,7.89331826180086,7.451020255751674,7.587111949920654,4335700,0.0,0.0
1999-11-04 00:00:00-05:00,7.587113391318821,7.689182181336563,7.416998741289252,7.451021671295166,3946300,0.0,0.0
1999-11-05 00:00:00-05:00,7.519067176034517,7.587113032831209,7.246883748847748,7.280906677246094,3620200,0.0,0.0
1999-11-08 00:00:00-05:00,7.485041660921915,7.621133327484132,7.348949994359698,7.621133327484131,2882200,0.0,0.0
1999-11-09 00:00:00-05:00,7.655157663605429,7.7232035095041445,7.416997202959927,7.485043048858643,2744200,0.0,0.0
1999-11-10 00:00:00-05:00,7.4850409310143275,7.723201324273875,7.348949277723158,7.553086757659912,6083400,0.0,0.0
1999-11-11 00:00:00-05:00,7.485042318291621,7.553088157548817,7.212858961262834,7.416996479034424,2811400,0.0,0.0
1999-11-12 00:00:00-05:00,7.38297311655072,7.38297311655072,7.042743940672807,7.110789775848389,3841900,0.0,0.0
1999-11-15 00:00:00-05:00,7.110790975850905,7.314928515827486,7.008722205862615,7.178836822509766,3550200,0.0,0.0
1999-11-16 00:00:00-05:00,7.314926992963862,7.48504157419558,7.212858244224831,7.348949909210205,3646200,0.0,0.0
1999-11-17 00:00:00-05:00,7.348951934104742,7.451020710967308,7.246883157242176,7.314929008483887,2854500,0.0,0.0
1999-11-18 00:00:00-05:00,7.348952965114427,7.825273990631103,7.2468841739322825,7.8252739906311035,4233700,0.0,0.0
1999-11-19 00:00:00-05:00,7.961364860534668,7.99538778728909,7.655158519744873,7.655158519744873,2925600,0.0,0.0
1999-11-22 00:00:00-05:00,7.655157452136014,7.757226218164495,7.553088686107534,7.689180374145508,2652300,0.0,0.0
1999-11-23 00:00:00-05:00,7.8592949841929745,8.029409594240441,7.621134530126521,7.689180374145508,3779400,0.0,0.0
1999-11-24 00:00:00-05:00,7.757226483575229,7.995386945790258,7.723203560401654,7.893318176269531,2977500,0.0,0.0
1999-11-26 00:00:00-05:00,7.8933194742163195,8.301594619434404,7.859296545448145,8.199525833129883,2495900,0.0,0.0
1999-11-29 00:00:00-05:00,8.233549006314457,8.335617795648934,8.097457287201822,8.13148021697998,4580900,0.0,0.0
1999-11-30 00:00:00-05:00,8.097454091867505,8.199522840924658,7.7572249283436605,7.791247844696045,3328000,0.0,0.0
1999-12-01 00:00:00-05:00,7.757226218164495,7.893317906202468,7.689180374145508,7.689180374145508,3050000,0.0,0.0
1999-12-02 00:00:00-05:00,7.621134740656072,7.689180586554787,7.416997202959927,7.485043048858643,3381900,0.0,0.0
1999-12-03 00:00:00-05:00,7.55308985710144,7.927342057228088,7.55308985710144,7.757227420806885,4197800,0.0,0.0
1999-12-06 00:00:00-05:00,7.825271662543802,8.199523785535028,7.621134140912225,8.097455024719238,3690700,0.0,0.0
1999-12-07 00:00:00-05:00,8.097455715310986,8.097455715310986,7.723203560401654,7.893318176269531,2053500,0.0,0.0
1999-12-08 00:00:00-05:00,7.8741455078125,8.490382982336957,7.839910092561142,7.8741455078125,2277100,0.09,0.0
1999-12-09 00:00:00-05:00,7.874146672437817,7.908382092752764,7.394850788028558,7.429086208343506,4539700,0.0,0.0
1999-12-10 00:00:00-05:00,7.497558389708054,7.497558389708054,7.326381257522939,7.360616683959961,2763800,0.0,0.0
1999-12-13 00:00:00-05:00,7.360616739730389,7.42908759312323,7.257910459641128,7.317822456359863,2459100,0.0,0.0
1999-12-14 00:00:00-05:00,7.292143699682155,7.326379116112587,7.0524957846691265,7.223672866821289,2820000,0.0,0.0
1999-12-15 00:00:00-05:00,7.2236732274145625,7.257908645553968,6.881319046020508,6.881319046020508,5196700,0.0,0.0
1999-12-16 00:00:00-05:00,6.881317939573122,7.0867304153812745,6.847082526938429,7.052495002746582,3441100,0.0,0.0
1999-12-17 00:00:00-05:00,6.984023915659082,7.018259327010353,6.847082270254003,6.915553092956543,3538300,0.0,0.0
1999-12-20 00:00:00-05:00,6.915554464159913,6.949789882299319,6.778612791602291,6.881319046020508,2543100,0.0,0.0
1999-12-21 00:00:00-05:00,6.710142723237626,6.8128489894096305,6.675907301180291,6.778613567352295,2885700,0.0,0.0
1999-12-22 00:00:00-05:00,6.710141719295288,6.847083387036008,6.710141719295288,6.744377136230469,2661100,0.0,0.0
1999-12-23 00:00:00-05:00,6.812848440030726,7.08673179440382,6.5732005049542686,7.018260955810547,3157700,0.0,0.0
1999-12-27 00:00:00-05:00,7.0182608973746206,7.120967154409371,6.847083802316703,6.984025478363037,2995800,0.0,0.0
1999-12-28 00:00:00-05:00,7.0182608973746206,7.0182608973746206,6.710142126270369,6.984025478363037,2954100,0.0,0.0
1999-12-29 00:00:00-05:00,6.915554001000508,7.25790815946588,6.915554001000508,7.1552019119262695,4594500,0.0,0.0
1999-12-30 00:00:00-05:00,7.155203504382439,7.3948514686440525,7.018261810518661,7.257909774780273,2833000,0.0,0.0
1999-12-31 00:00:00-05:00,7.326379053933279,7.360614470073155,7.155201973233904,7.189437389373779,1628100,0.0,0.0
2000-01-03 00:00:00-05:00,7.052495664386657,7.2236727436193435,6.881318585153972,7.1552019119262695,2387900,0.0,0.0
2000-01-04 00:00:00-05:00,6.881318702516963,7.22367286682129,6.84708328608653,7.223672866821289,3056200,0.0,0.0
2000-01-05 00:00:00-05:00,7.189437992432538,7.223673411444121,6.881319221328287,6.984025478363037,3437100,0.0,0.0
2000-01-06 00:00:00-05:00,6.915554001000508,7.2236727436193435,6.881318585153972,7.1552019119262695,3363000,0.0,0.0
2000-01-07 00:00:00-05:00,7.120968560279884,7.155203986050461,6.949791431427002,6.949791431427002,2625100,0.0,0.0
2000-01-10 00:00:00-05:00,7.018260187827623,7.3606143433314095,6.984024772277245,7.12096643447876,3621600,0.0,0.0
2000-01-11 00:00:00-05:00,7.018258716458472,7.360612800188154,6.984023308085504,7.3263773918151855,4106800,0.0,0.0
2000-01-12 00:00:00-05:00,7.22367286682129,7.463320781834319,7.155202033960425,7.223672866821289,2794200,0.0,0.0
2000-01-13 00:00:00-05:00,7.292143769697709,7.566027103770863,7.257908352938565,7.531791687011719,2752700,0.0,0.0
2000-01-14 00:00:00-05:00,7.429086609163146,7.463322031325188,7.052496965380682,7.086732387542725,3430800,0.0,0.0
2000-01-18 00:00:00-05:00,7.0524977087387315,7.189439411821037,6.88132057988585,6.949791431427002,3009600,0.0,0.0
2000-01-19 00:00:00-05:00,6.984024267196656,6.984024267196656,6.7101409626007085,6.847082614898682,3235200,0.0,0.0
2000-01-20 00:00:00-05:00,6.881320208919291,6.881320208919291,6.675907665369462,6.710143089294434,2015200,0.0,0.0
2000-01-21 00:00:00-05:00,6.710143249913266,6.710143249913266,6.4362598519576215,6.504730701446533,3919200,0.0,0.0
2000-01-24 00:00:00-05:00,6.47049141201106,6.53896222060377,6.025431156158447,6.025431156158447,3695800,0.0,0.0
2000-01-25 00:00:00-05:00,6.025434366861979,6.265082324634898,5.511903028777151,5.6488447189331055,5030700,0.0,0.0
2000-01-26 00:00:00-05:00,5.64884444414559,6.299317440744174,5.477667339777542,6.059669494628906,6111200,0.0,0.0
2000-01-27 00:00:00-05:00,6.093901964751157,6.265078986232931,5.888489538973028,6.025431156158447,3818800,0.0,0.0
2000-01-28 00:00:00-05:00,5.956961154937744,6.0939027906834395,5.888490337064896,5.956961154937744,2417200,0.0,0.0
2000-01-31 00:00:00-05:00,5.922727719038547,5.95696313937981,5.614608935967177,5.717315196990967,2247900,0.0,0.0
2000-02-01 00:00:00-05:00,5.785784523171114,5.8200199345508254,5.58037205489285,5.683078289031982,2680200,0.0,0.0
2000-02-02 00:00:00-05:00,5.717314200426536,6.538964145398014,5.683078786052724,6.470493316650391,7499700,0.0,0.0
2000-02-03 00:00:00-05:00,6.436256880047678,6.847081787284763,5.751548701319201,5.956961154937744,9235000,0.0,0.0
2000-02-04 00:00:00-05:00,6.162374962207883,6.4704937103182765,5.546137465987094,5.888491630554199,19065800,0.0,0.0
2000-02-07 00:00:00-05:00,5.888490542243509,5.956961362502154,5.683078081467572,5.820019721984863,5971000,0.0,0.0
2000-02-08 00:00:00-05:00,5.820021458014757,5.85425687835602,5.580373515625914,5.717315196990967,3840200,0.0,0.0
2000-02-09 00:00:00-05:00,5.751549964727357,5.888491630554199,5.683079131813936,5.888491630554199,4605000,0.0,0.0
2000-02-10 00:00:00-05:00,5.820021774710678,5.9569634635274,5.580373819281415,5.614609241485596,5282800,0.0,0.0
2000-02-11 00:00:00-05:00,6.025433724386651,6.025433724386651,5.7515503732781665,5.854256629943848,5778400,0.0,0.0
2000-02-14 00:00:00-05:00,6.025432963947674,6.265080865922865,5.956962134811905,6.2308454513549805,4022900,0.0,0.0
2000-02-15 00:00:00-05:00,6.196609581538609,6.367786641802106,5.956961697169713,5.991197109222412,3752600,0.0,0.0
2000-02-16 00:00:00-05:00,6.025434073755297,6.093904915502516,5.922727811134467,6.059669494628906,2178400,0.0,0.0
2000-02-17 00:00:00-05:00,6.025433296381041,6.093904129294462,5.751549964727357,5.888491630554199,2622400,0.0,0.0
2000-02-18 00:00:00-05:00,5.820021458014757,5.85425687835602,5.683079776649704,5.717315196990967,2067400,0.0,0.0
2000-02-22 00:00:00-05:00,5.751550617332231,5.85425687835602,5.614608935967177,5.717315196990967,2480100,0.0,0.0
2000-02-23 00:00:00-05:00,5.648844718933105,5.717315564011082,5.546138451316139,5.6488447189331055,2943300,0.0,0.0
2000-02-24 00:00:00-05:00,5.648843944072723,5.648843944072723,5.4091960191726685,5.477666854858398,4671700,0.0,0.0
2000-02-25 00:00:00-05:00,5.409196201447518,5.443431620444022,5.135312849475492,5.306489944458008,3546200,0.0,0.0
2000-02-28 00:00:00-05:00,5.238018696124737,5.409195777697441,5.101077030866574,5.340724945068359,2209400,0.0,0.0
2000-02-29 00:00:00-05:00,5.30648844582694,5.443430083138602,5.238017627171108,5.272253036499023,2456200,0.0,0.0
2000-03-01 00:00:00-05:00,5.306490309098187,5.340725730447208,5.203784045051126,5.2380194664001465,4236800,0.0,0.0
2000-03-02 00:00:00-05:00,5.135313146992734,5.27225483091254,5.101077726012782,5.203783988952637,3047300,0.0,0.0
2000-03-03 00:00:00-05:00,5.101077908422888,5.751550930302317,4.964136219606167,5.614609241485596,7644900,0.0,0.0
2000-03-06 00:00:00-05:00,5.374959129957283,5.648842397725806,5.272252904544086,5.443429946899414,3776400,0.0,0.0
2000-03-07 00:00:00-05:00,5.477667356792249,5.511902777772201,5.101077726012782,5.203783988952637,3601200,0.0,0.0
2000-03-08 00:00:00-05:00,5.149864990417272,5.32267925184067,4.9770507289938735,5.046176433563232,4732400,0.09,0.0
2000-03-09 00:00:00-05:00,5.046176433563232,5.149864990417272,5.011613581278553,5.046176433563232,3629600,0.0,0.0
2000-03-10 00:00:00-05:00,5.011613368988037,5.080739070629251,4.942487667346823,5.011613368988037,4469100,0.0,0.0
2000-03-13 00:00:00-05:00,5.184429157070997,5.668309211730957,5.184429157070997,5.668309211730957,8510800,0.0,0.0
2000-03-14 00:00:00-05:00,5.495493677598012,5.633745090870918,5.426367970961559,5.460930824279785,3885700,0.0,0.0
2000-03-15 00:00:00-05:00,5.530057767542397,5.806560655919516,5.460932045448117,5.668309211730957,5321800,0.0,0.0
2000-03-16 00:00:00-05:00,5.841123169767643,5.841123169767643,5.5646202978259796,5.771997451782227,4851700,0.0,0.0
2000-03-17 00:00:00-05:00,5.8756857735770085,6.048500061035156,5.530057198660714,6.048500061035156,11471500,0.0,0.0
2000-03-20 00:00:00-05:00,6.083062226744905,6.186750787428056,5.8065593982565,6.013936519622803,3739700,0.0,0.0
2000-03-21 00:00:00-05:00,6.013936143762925,6.048498995163862,5.737433332555434,5.87568473815918,2334800,0.0,0.0
2000-03-22 00:00:00-05:00,5.87568560513583,6.013937031139027,5.668308466131037,5.702871322631836,1867600,0.0,0.0
2000-03-23 00:00:00-05:00,5.7028695940971375,5.806558132171631,5.668306748072307,5.806558132171631,3535000,0.0,0.0
2000-03-24 00:00:00-05:00,5.7719952861468,5.875683824221293,5.737432440121969,5.806558132171631,3553200,0.0,0.0
2000-03-27 00:00:00-05:00,5.806561193522617,5.9102497862640915,5.771998329275458,5.841124057769775,3667300,0.0,0.0
2000-03-28 00:00:00-05:00,5.702871805013612,5.944811820983887,5.633746086164963,5.944811820983887,2507900,0.0,0.0
2000-03-29 00:00:00-05:00,5.668307258422116,5.8411215041057165,5.668307258422116,5.737432956695557,2707000,0.0,0.0
2000-03-30 00:00:00-05:00,5.737434179132634,5.771997035633434,5.633745609630237,5.702871322631836,3379300,0.0,0.0
2000-03-31 00:00:00-05:00,5.7719952861468,5.875683824221293,5.737432440121969,5.806558132171631,2947500,0.0,0.0
2000-04-03 00:00:00-04:00,6.013937203543526,6.186751491001674,5.910248631068638,6.048500061035156,5046300,0.0,0.0
2000-04-04 00:00:00-04:00,6.08306090037028,6.117623746395111,5.7028695940971375,5.806558132171631,3641700,0.0,0.0
2000-04-05 00:00:00-04:00,5.806558588931436,6.601504110035144,5.737432891444157,6.566941261291504,6464700,0.0,0.0
2000-04-06 00:00:00-04:00,6.636067708333334,7.223636203342014,6.636067708333334,6.84344482421875,8169600,0.0,0.0
2000-04-07 00:00:00-04:00,6.912570529513889,6.947133382161459,6.636067708333334,6.84344482421875,4601300,0.0,0.0
2000-04-10 00:00:00-04:00,6.843444496393203,6.843444496393203,6.566941688458124,6.6360673904418945,2120400,0.0,0.0
2000-04-11 00:00:00-04:00,6.6360673904418945,6.670630241433779,6.566941688458124,6.6360673904418945,2028400,0.0,0.0
2000-04-12 00:00:00-04:00,6.6015047508200215,6.981696123903897,6.497816194524419,6.67063045501709,2805900,0.0,0.0
2000-04-13 00:00:00-04:00,6.49781608581543,6.670630343416904,6.394127531254545,6.49781608581543,3722600,0.0,0.0
2000-04-14 00:00:00-04:00,6.463252498862448,6.463252498862448,5.979372632637452,6.152186870574951,6511100,0.0,0.0
2000-04-17 00:00:00-04:00,5.944810655381945,6.221313476562501,5.944810655381945,6.2213134765625,3043200,0.0,0.0
2000-04-18 00:00:00-04:00,6.117624719092187,6.532378937335725,6.083061867571892,6.49781608581543,2755900,0.0,0.0
2000-04-19 00:00:00-04:00,6.3595663468468,6.73975781323438,6.255877765104732,6.463254928588867,3171900,0.0,0.0
2000-04-20 00:00:00-04:00,6.428692487569956,6.463255350406353,6.22131531055157,6.290441036224365,1009300,0.0,0.0
2000-04-24 00:00:00-04:00,6.290440353899371,6.290440353899371,6.117626058462576,6.255877494812012,2071900,0.0,0.0
2000-04-25 00:00:00-04:00,6.290438788277762,6.774318695068359,6.221313087307677,6.774318695068359,2519600,0.0,0.0
2000-04-26 00:00:00-04:00,6.705193729889699,6.912570855556391,6.670630875611917,6.7397565841674805,2614300,0.0,0.0
2000-04-27 00:00:00-04:00,6.670630353356376,6.9125703143589385,6.5669417986409915,6.808881759643555,1850300,0.0,0.0
2000-04-28 00:00:00-04:00,6.77431890807176,6.808881759643555,6.601504650212786,6.808881759643555,1411500,0.0,0.0
2000-05-01 00:00:00-04:00,6.705193042755127,6.80888159496268,6.636067341283425,6.705193042755127,2052000,0.0,0.0
2000-05-02 00:00:00-04:00,6.56694195033368,6.670630507444211,6.56694195033368,6.601504802703857,1932000,0.0,0.0
2000-05-03 00:00:00-04:00,6.636067491896609,6.636067491896609,6.463253234295135,6.49781608581543,1872300,0.0,0.0
2000-05-04 00:00:00-04:00,6.497816405425201,6.566942111865894,6.359564992543814,6.39412784576416,1447000,0.0,0.0
2000-05-05 00:00:00-04:00,6.3595663468468,6.463254928588867,6.3595663468468,6.463254928588867,876300,0.0,0.0
2000-05-08 00:00:00-04:00,6.394127017573307,6.636066958778784,6.359564168829667,6.566941261291504,1197300,0.0,0.0
2000-05-09 00:00:00-04:00,6.601507140744117,6.705195734577794,6.428692817687988,6.428692817687988,1807300,0.0,0.0
2000-05-10 00:00:00-04:00,6.463254649336167,6.463254649336167,6.221314635724653,6.255877494812012,1675100,0.0,0.0
2000-05-11 00:00:00-04:00,6.290440420864681,6.428691858685883,6.186751842498779,6.186751842498779,1793700,0.0,0.0
2000-05-12 00:00:00-04:00,6.152188977529836,6.186751836954161,5.702871805013612,5.944811820983887,5260800,0.0,0.0
2000-05-15 00:00:00-04:00,5.979374346051896,6.152188633510044,5.8756857735770085,6.048500061035156,2687100,0.0,0.0
2000-05-16 00:00:00-04:00,6.083062065972223,6.428690592447917,5.944810655381945,6.2213134765625,4380500,0.0,0.0
2000-05-17 00:00:00-04:00,6.636069353889017,7.119949410943423,6.5323807702345,7.05082368850708,14327400,0.0,0.0
2000-05-18 00:00:00-04:00,7.085384740783837,7.258199002754175,6.981696183601635,7.223636150360107,9415800,0.0,0.0
2000-05-19 00:00:00-04:00,7.154512134950552,7.154512134950552,6.9471349716186515,6.947134971618652,3397400,0.0,0.0
2000-05-22 00:00:00-04:00,6.981696234809029,7.050821940104167,6.705193413628473,6.84344482421875,2258200,0.0,0.0
2000-05-23 00:00:00-04:00,6.843444118132958,7.327324005273672,6.808881269051478,7.189072608947754,7143000,0.0,0.0
2000-05-24 00:00:00-04:00,7.258199665644398,7.638391076701962,7.258199665644398,7.569265365600586,4777800,0.0,0.0
2000-05-25 00:00:00-04:00,7.5001405331883495,7.880331988787758,7.39645195438851,7.638391971588135,4205900,0.0,0.0
2000-05-26 00:00:00-04:00,7.569264462466613,7.603827313893401,7.396450205332672,7.500138759613037,1581200,0.0,0.0
2000-05-30 00:00:00-04:00,7.43101305675946,7.534701611039825,7.327324502479096,7.500138759613037,1824500,0.0,0.0
2000-05-31 00:00:00-04:00,7.43101305675946,7.500138759613036,7.361887353905884,7.500138759613037,1775100,0.0,0.0
2000-06-01 00:00:00-04:00,7.465578002929687,7.845769475301107,7.361889419555664,7.776643753051758,4971200,0.0,0.0
2000-06-02 00:00:00-04:00,7.8457655204839,8.053142582699333,7.707514145673611,7.9840168952941895,3946300,0.0,0.0
2000-06-05 00:00:00-04:00,7.949456108940973,8.08770751953125,7.914893256293404,8.08770751953125,2723000,0.0,0.0
2000-06-06 00:00:00-04:00,8.087707627337911,8.156833333554475,7.949456214904785,7.949456214904785,2477700,0.0,0.0
2000-06-07 00:00:00-04:00,8.087708680173185,8.364211541033807,8.018582964958028,8.122271537780762,3571100,0.0,0.0
2000-06-08 00:00:00-04:00,8.12227068344752,8.295084953308105,8.053144975503287,8.295084953308105,3856700,0.0,0.0
2000-06-09 00:00:00-04:00,8.295085399447593,8.295085399447593,7.949456841137276,8.053145408630371,2569300,0.0,0.0
2000-06-12 00:00:00-04:00,8.087709015813367,8.122271874855306,7.91489472060368,8.018583297729492,2072300,0.0,0.0
2000-06-13 00:00:00-04:00,7.984020438687555,8.05314615677143,7.776643284435931,8.018583297729492,2329400,0.0,0.0
2000-06-14 00:00:00-04:00,8.053142618404205,8.087705462260018,7.914891242980958,7.914891242980957,1305500,0.0,0.0
2000-06-15 00:00:00-04:00,7.742081642150879,7.776644506624766,7.534704455307551,7.742081642150879,2898600,0.0,0.0
2000-06-16 00:00:00-04:00,7.687813592613291,7.757386566302099,7.51388115839127,7.583454132080078,2281900,0.09,0.0
2000-06-19 00:00:00-04:00,7.548666592457848,7.583453074450742,7.200801772528915,7.339947700500488,1953600,0.0,0.0
2000-06-20 00:00:00-04:00,7.374736214605506,7.444309197762162,7.096444281978884,7.200803756713867,1700000,0.0,0.0
2000-06-21 00:00:00-04:00,7.131228808543129,7.479093628472062,7.131228808543129,7.339947700500488,1468300,0.0,0.0
2000-06-22 00:00:00-04:00,7.40952047934899,7.513879922720103,7.166015111483061,7.235588073730469,1778100,0.0,0.0
2000-06-23 00:00:00-04:00,7.27037683298003,7.374736309051514,7.061657880837062,7.374736309051514,3099400,0.0,0.0
2000-06-26 00:00:00-04:00,7.339950354894002,7.479096333185832,7.2355908711751304,7.305163860321045,1300500,0.0,0.0
2000-06-27 00:00:00-04:00,7.4095227428685835,7.513882218120254,7.33994975936747,7.444309234619141,1474000,0.0,0.0
2000-06-28 00:00:00-04:00,7.479094852204797,7.479094852204797,7.096443487673389,7.244286060333252,2027900,0.0,0.0
2000-06-29 00:00:00-04:00,6.9920848072439,7.235590248292195,6.9920848072439,7.200803756713867,1774200,0.0,0.0
2000-06-30 00:00:00-04:00,7.235588254521809,7.4008240439880515,7.131228808543129,7.339947700500488,1795900,0.0,0.0
2000-07-03 00:00:00-04:00,7.33994975936747,7.444309234619141,7.2355902841157995,7.444309234619141,455700,0.0,0.0
2000-07-05 00:00:00-04:00,7.444309838612874,7.444309838612874,7.2355908711751304,7.305163860321045,710300,0.0,0.0
2000-07-06 00:00:00-04:00,7.409520664486275,7.444307146479169,7.305161218507595,7.339947700500488,993000,0.0,0.0
2000-07-07 00:00:00-04:00,7.444309065558694,7.687814502282577,7.3051631017164755,7.6530280113220215,1869100,0.0,0.0
2000-07-10 00:00:00-04:00,7.583454296060277,7.757386734043311,7.479094833270457,7.687813758850098,883300,0.0,0.0
2000-07-11 00:00:00-04:00,7.68781434555757,7.792173816311744,7.409522423546435,7.548668384552002,2054500,0.0,0.0
2000-07-12 00:00:00-04:00,7.5486629031322625,7.5486629031322625,7.409517043166691,7.513876438140869,1316600,0.0,0.0
2000-07-13 00:00:00-04:00,7.444309234619141,7.444309234619141,7.374736251118027,7.444309234619141,1052500,0.0,0.0
2000-07-14 00:00:00-04:00,7.409521697858058,7.583454132080079,7.374735211013655,7.583454132080078,1162300,0.0,0.0
2000-07-17 00:00:00-04:00,7.513881894300611,7.583454874803394,7.479095404049219,7.548668384552002,796800,0.0,0.0
2000-07-18 00:00:00-04:00,7.5486629031322625,7.583449368123656,7.339944113183905,7.513876438140869,1342100,0.0,0.0
2000-07-19 00:00:00-04:00,7.305163860321045,7.339950354894002,7.200804376602172,7.305163860321045,1356700,0.0,0.0
2000-07-20 00:00:00-04:00,7.305162093218636,7.339948579376819,6.887724259320428,7.096443176269531,3870500,0.0,0.0
2000-07-21 00:00:00-04:00,6.887724138384488,7.026870080574073,6.852937652837092,6.922510623931885,2468300,0.0,0.0
2000-07-24 00:00:00-04:00,6.748578196194902,6.922510623931885,6.748578196194902,6.922510623931885,1844400,0.0,0.0
2000-07-25 00:00:00-04:00,6.887723073363303,6.922509553531805,6.609431232015291,6.679004192352295,1912400,0.0,0.0
2000-07-26 00:00:00-04:00,6.6094325813087265,6.6442190685787725,6.331140683148359,6.435500144958496,2031200,0.0,0.0
2000-07-27 00:00:00-04:00,6.505072375779511,6.539858859072449,6.331139959314818,6.470285892486572,1507300,0.0,0.0
2000-07-28 00:00:00-04:00,6.435497619888999,6.4702840935100205,6.087632883678783,6.122419357299805,2803300,0.0,0.0
2000-07-31 00:00:00-04:00,6.400713365630241,6.505072822678561,6.087634994485284,6.15720796585083,3054100,0.0,0.0
2000-08-01 00:00:00-04:00,6.26156742289915,6.331140394264695,6.122421480168057,6.15720796585083,1685900,0.0,0.0
2000-08-02 00:00:00-04:00,6.122421526227679,6.19199449811663,6.052848554338728,6.087635040283203,1860300,0.0,0.0
2000-08-03 00:00:00-04:00,6.052848554338728,6.157208012172155,5.983275582449777,6.087635040283203,1344000,0.0,0.0
2000-08-04 00:00:00-04:00,6.157207876279209,6.505072728046396,6.12242139110249,6.296353816986084,2830200,0.0,0.0
2000-08-07 00:00:00-04:00,6.365926567713419,6.505072503619724,6.191994147830539,6.261567115783691,3955400,0.0,0.0
2000-08-08 00:00:00-04:00,6.400713413783483,6.505072871616909,6.052848554338728,6.087635040283203,4559200,0.0,0.0
2000-08-09 00:00:00-04:00,6.018059043657212,6.087631980578105,5.7745537644340885,5.8441267013549805,4091200,0.0,0.0
2000-08-10 00:00:00-04:00,5.844129302797938,5.948488754633615,5.600623915181357,5.878915786743164,3863600,0.0,0.0
2000-08-11 00:00:00-04:00,5.983273528603946,6.0180600026074575,5.844127632589901,5.913700580596924,1150400,0.0,0.0
2000-08-14 00:00:00-04:00,5.844129638671875,6.157208012172155,5.8093431527274,6.087635040283203,3081700,0.0,0.0
2000-08-15 00:00:00-04:00,6.052848508802511,6.26156742289915,6.018062023119738,6.15720796585083,2889200,0.0,0.0
2000-08-16 00:00:00-04:00,6.018059936436739,6.226778778162869,6.018059936436739,6.122419357299805,1448500,0.0,0.0
2000-08-17 00:00:00-04:00,6.052847678201241,6.122420640019646,5.948488235473634,5.948488235473633,940900,0.0,0.0
2000-08-18 00:00:00-04:00,6.087635040283203,6.226780984061105,6.0180620683942525,6.087635040283203,1287800,0.0,0.0
2000-08-21 00:00:00-04:00,6.1224218412887215,6.1224218412887215,5.878916427146557,5.983275890350342,808300,0.0,0.0
2000-08-22 00:00:00-04:00,5.913700580596924,5.983273528603946,5.878914106593412,5.913700580596924,1037800,0.0,0.0
2000-08-23 00:00:00-04:00,5.948486106736319,5.983272575196766,5.8093402328945345,5.8441267013549805,1363500,0.0,0.0
2000-08-24 00:00:00-04:00,5.8093438148498535,5.844130304759133,5.739770835031292,5.8093438148498535,899900,0.0,0.0
2000-08-25 00:00:00-04:00,5.809342311836823,6.018061197292038,5.809342311836823,5.948488235473633,949300,0.0,0.0
2000-08-28 00:00:00-04:00,5.983275372557845,5.983275372557845,5.670197010040283,5.670197010040283,2641400,0.0,0.0
2000-08-29 00:00:00-04:00,5.7397698509622606,5.948488754633615,5.670196883071809,5.878915786743164,1393200,0.0,0.0
2000-08-30 00:00:00-04:00,5.844130304759133,5.878916794668414,5.774557324940573,5.8093438148498535,1142500,0.0,0.0
2000-08-31 00:00:00-04:00,5.7397692802393045,5.809342241211902,5.496263916835213,5.504960536956787,13397300,0.0,0.0
2000-09-01 00:00:00-04:00,5.531050109863282,5.77455546061198,5.4266906738281255,5.739768981933594,4658900,0.0,0.0
2000-09-05 00:00:00-04:00,5.670197751786974,5.774557219611275,5.565838283962674,5.635411262512207,1588500,0.0,0.0
2000-09-06 00:00:00-04:00,5.65085506439209,5.7561505003745514,5.61575658573127,5.65085506439209,2017200,0.09,0.0
2000-09-07 00:00:00-04:00,5.6508541162303425,6.072035789489747,5.6508541162303425,6.072035789489746,2841200,0.0,0.0
2000-09-08 00:00:00-04:00,6.107134262261364,6.107134262261364,6.001838843946513,6.072035789489746,1860500,0.0,0.0
2000-09-11 00:00:00-04:00,6.036936991313506,6.107133933072965,5.896543107794587,5.931641578674316,1803800,0.0,0.0
2000-09-12 00:00:00-04:00,5.896543502807617,6.00183892250061,5.826346556345621,5.896543502807617,2394800,0.0,0.0
2000-09-13 00:00:00-04:00,5.896543107794587,6.072035462193235,5.861444636914857,5.931641578674316,2737800,0.0,0.0
2000-09-14 00:00:00-04:00,5.896543283931544,6.493217306710331,5.896543283931544,6.423020362854004,4592500,0.0,0.0
2000-09-15 00:00:00-04:00,6.563413143157958,6.774003939195112,6.142231551083651,6.177330017089844,5109500,0.0,0.0
2000-09-18 00:00:00-04:00,6.31772518157959,6.352823654810587,5.896543502807617,5.896543502807617,2353700,0.0,0.0
2000-09-19 00:00:00-04:00,5.966740049554047,6.142232403952695,5.896543107794587,5.931641578674316,2394700,0.0,0.0
2000-09-20 00:00:00-04:00,6.036936991313506,6.036936991313506,5.861444636914857,5.931641578674316,3242400,0.0,0.0
2000-09-21 00:00:00-04:00,5.8965428818103875,6.0720352294833155,5.861444412275802,6.0369367599487305,2531100,0.0,0.0
2000-09-22 00:00:00-04:00,5.966740449269612,6.00183892250061,5.861445029576619,5.896543502807617,1421600,0.0,0.0
2000-09-25 00:00:00-04:00,5.8614437804502595,6.001837643455056,5.8614437804502595,5.966739177703857,1036700,0.0,0.0
2000-09-26 00:00:00-04:00,5.931640711952658,6.001837643455056,5.8614437804502595,5.966739177703857,1505800,0.0,0.0
2000-09-27 00:00:00-04:00,5.966739070658781,7.160086884790537,5.896542140415736,6.879299163818359,5398400,0.0,0.0
2000-09-28 00:00:00-04:00,6.493219919102166,6.7740078074957735,6.352825974905363,6.528318405151367,4709400,0.0,0.0
2000-09-29 00:00:00-04:00,6.282626089842424,6.563413848047672,6.036936801412832,6.458118438720703,5058600,0.0,0.0
2000-10-02 00:00:00-04:00,6.282625457742712,6.493216255208948,6.107133126520848,6.38792085647583,3025000,0.0,0.0
2000-10-03 00:00:00-04:00,6.387923092312283,6.423021570841471,6.212430699666341,6.317726135253906,1713400,0.0,0.0
2000-10-04 00:00:00-04:00,6.2475305167577595,6.598515377249769,6.2475305167577595,6.528318405151367,2033800,0.0,0.0
2000-10-05 00:00:00-04:00,6.563413848047672,6.598512317823328,6.458118438720704,6.458118438720703,1301000,0.0,0.0
2000-10-06 00:00:00-04:00,6.423019968945048,6.528315378272016,6.423019968945048,6.458118438720703,2028500,0.0,0.0
2000-10-09 00:00:00-04:00,6.458117997018915,6.668708801269531,6.4230195296438115,6.668708801269531,1032500,0.0,0.0
2000-10-10 00:00:00-04:00,6.4932169914245605,6.59851240209631,6.458118521200644,6.4932169914245605,1732800,0.0,0.0
2000-10-11 00:00:00-04:00,6.423022947003765,6.563416891200568,6.423022947003765,6.528318405151367,2202400,0.0,0.0
2000-10-12 00:00:00-04:00,6.317723363802578,6.3879202900670515,6.177329511273632,6.3528218269348145,3144100,0.0,0.0
2000-10-13 00:00:00-04:00,6.177330017089844,6.247526949102228,6.072034619071267,6.177330017089844,3402900,0.0,0.0
2000-10-16 00:00:00-04:00,6.177331770973645,6.177331770973645,5.931642439173556,6.107134819030762,4663500,0.0,0.0
2000-10-17 00:00:00-04:00,6.03693731671813,6.107134262261364,5.896543425631662,6.072035789489746,998600,0.0,0.0
2000-10-18 00:00:00-04:00,5.966738846342443,6.247526556758557,5.861443454936399,6.212428092956543,1642600,0.0,0.0
2000-10-19 00:00:00-04:00,6.142232587428692,6.458118834782168,6.142232587428692,6.423020362854004,1497200,0.0,0.0
2000-10-20 00:00:00-04:00,6.247526437538105,6.3879202900670515,6.212427974405869,6.3528218269348145,1186800,0.0,0.0
2000-10-23 00:00:00-04:00,6.352820686562351,6.703805254880714,6.352820686562351,6.633608341217041,2271200,0.0,0.0
2000-10-24 00:00:00-04:00,6.6687093604921674,6.738906301128927,6.598512419855408,6.703807830810547,1570800,0.0,0.0
2000-10-25 00:00:00-04:00,6.563413399144223,6.77400420339484,6.563413399144223,6.668708801269531,1009700,0.0,0.0
2000-10-26 00:00:00-04:00,6.598513420182045,7.054793603492506,6.598513420182045,6.949498176574707,2015800,0.0,0.0
2000-10-27 00:00:00-04:00,6.949496094061403,7.089889954547492,6.844200698696836,6.879299163818359,2444000,0.0,0.0
2000-10-30 00:00:00-05:00,6.8442018242443305,7.160088062286377,6.80910335335077,7.160088062286377,1854700,0.0,0.0
2000-10-31 00:00:00-05:00,7.2653822898864755,7.440874615729143,7.160086894380874,7.265382289886475,3086800,0.0,0.0
2000-11-01 00:00:00-05:00,7.335579308179709,7.370677773769086,7.195185445822203,7.300480842590332,1181000,0.0,0.0
2000-11-02 00:00:00-05:00,7.3004830558344995,7.475975436984368,7.230286103374553,7.4408769607543945,1178400,0.0,0.0
2000-11-03 00:00:00-05:00,7.40577848452442,7.475975436984368,7.3004830558344995,7.4408769607543945,1179300,0.0,0.0
2000-11-06 00:00:00-05:00,7.405776920141997,7.6163677330370305,7.3706784513261585,7.581269264221191,1553900,0.0,0.0
2000-11-07 00:00:00-05:00,7.616369419814275,7.651467896403281,7.370680083691234,7.475975513458252,881000,0.0,0.0
2000-11-08 00:00:00-05:00,7.5461723115206905,7.5461723115206905,7.370679932183,7.405778408050537,707700,0.0,0.0
2000-11-09 00:00:00-05:00,7.4057787603932645,7.440877237930673,7.054793985019176,7.124990940093994,1593400,0.0,0.0
2000-11-10 00:00:00-05:00,7.054793197352712,7.1951870918273935,6.984596250115372,7.195187091827393,1314800,0.0,0.0
2000-11-13 00:00:00-05:00,7.160088465763972,7.791860977449028,7.019694574278404,7.756762504577637,2462700,0.0,0.0
2000-11-14 00:00:00-05:00,7.756761945377696,7.756761945377696,7.370678771625865,7.721663475036621,2215000,0.0,0.0
2000-11-15 00:00:00-05:00,7.721663165736842,7.862057041477512,7.581269289996173,7.791860103607178,2048600,0.0,0.0
2000-11-16 00:00:00-05:00,7.756764121868643,7.791862602058094,7.546173240731938,7.61637020111084,1161700,0.0,0.0
2000-11-17 00:00:00-05:00,7.616368849343116,7.756762745183543,7.58127037538301,7.651467323303223,1375000,0.0,0.0
2000-11-20 00:00:00-05:00,7.651467323303223,7.721664271223436,7.511073427462796,7.651467323303223,1162000,0.0,0.0
2000-11-21 00:00:00-05:00,7.651467896403281,7.651467896403281,7.370680083691234,7.475975513458252,1401200,0.0,0.0
2000-11-22 00:00:00-05:00,7.40577856028024,7.546172466636263,7.300483130513222,7.475975513458252,1162000,0.0,0.0
2000-11-24 00:00:00-05:00,7.300482980447923,7.475975359785614,7.230286028712848,7.405778408050537,818600,0.0,0.0
2000-11-27 00:00:00-05:00,7.300479980176716,7.405775364506187,7.265381518733558,7.335578441619873,1319200,0.0,0.0
2000-11-28 00:00:00-05:00,7.405777526133269,7.405777526133269,7.089891280942751,7.230285167694092,1090900,0.0,0.0
2000-11-29 00:00:00-05:00,7.2653834749670585,7.30048194586062,7.089891120499256,7.160088062286377,1479300,0.0,0.0
2000-11-30 00:00:00-05:00,7.019694016711546,7.12498942696222,6.984595546627988,7.089890956878662,1867000,0.0,0.0
2000-12-01 00:00:00-05:00,7.160087897045777,7.300481777380008,7.019694016711546,7.089890956878662,1248600,0.0,0.0
2000-12-04 00:00:00-05:00,7.0870845447673005,7.508266276682981,7.047774421167789,7.446493148803711,2211200,0.0,0.0
2000-12-05 00:00:00-05:00,7.575654202788436,7.626196089057685,7.457723313346917,7.570038318634033,1568900,0.0,0.0
2000-12-06 00:00:00-05:00,7.513881042517401,7.8395948238418764,7.474570924772781,7.704816818237305,2052300,0.0,0.0
2000-12-07 00:00:00-05:00,7.7048163570600225,7.7048163570600225,7.300481828887852,7.5531907081604,2946300,0.0,0.0
2000-12-08 00:00:00-05:00,7.525111806975649,7.890136218892325,7.4689545759147284,7.536343574523926,2980200,0.0,0.0
2000-12-11 00:00:00-05:00,7.8789046242127325,8.154077044021287,7.749742507934569,7.74974250793457,4621900,0.0,0.0
2000-12-12 00:00:00-05:00,7.74973962168336,7.833975706530801,7.4689519581119335,7.648655891418457,1759100,0.0,0.0
2000-12-13 00:00:00-05:00,7.665504030844626,7.69358290808509,7.446489966601089,7.474568843841553,650500,0.0,0.0
2000-12-14 00:00:00-05:00,7.334176540374755,7.541959418890804,7.249939890883287,7.334176540374756,1458200,0.0,0.0
2000-12-15 00:00:00-05:00,7.216246621490386,7.637428318412543,7.199398968010139,7.48580265045166,2432700,0.0,0.0
2000-12-18 00:00:00-05:00,7.2948654185669755,7.429643406376223,7.1937821954900985,7.233092308044434,1249900,0.0,0.0
2000-12-19 00:00:00-05:00,7.193782005971153,7.199397353645182,6.991614494023234,7.019693374633789,3608600,0.0,0.0
2000-12-20 00:00:00-05:00,7.025310188089731,7.244324307619514,7.019694304111999,7.053389072418213,1938600,0.0,0.0
2000-12-21 00:00:00-05:00,7.103929328738803,7.148855322529334,6.9073782397952534,7.143239974975586,2643400,0.0,0.0
2000-12-22 00:00:00-05:00,7.216247095514555,7.468956023155865,7.18816820676324,7.435261249542236,1461200,0.0,0.0
2000-12-26 00:00:00-05:00,7.379103019587108,7.525112257535811,7.306098132832663,7.452107906341553,910900,0.0,0.0
2000-12-27 00:00:00-05:00,7.440876155910754,7.822747707366943,7.407181386728072,7.822747707366943,1590000,0.0,0.0
2000-12-28 00:00:00-05:00,7.862054255970737,8.013679845118945,7.777818174595028,8.002448081970215,1961700,0.0,0.0
2000-12-29 00:00:00-05:00,7.8339789894558765,8.137229771771581,7.738511100989803,8.109150886535645,2277300,0.0,0.0
2001-01-02 00:00:00-05:00,7.974373187890545,8.114767083929323,7.592502154846013,7.693585395812988,1591800,0.0,0.0
2001-01-03 00:00:00-05:00,7.637427863924695,8.142845655930806,7.637427863924695,8.109150886535645,2723100,0.0,0.0
2001-01-04 00:00:00-05:00,7.86767360066205,8.839199047146394,7.86767360066205,8.704421043395996,6087000,0.0,0.0
2001-01-05 00:00:00-05:00,8.839199047146394,9.00767235517466,8.564027155599286,8.704421043395996,4070000,0.0,0.0
2001-01-08 00:00:00-05:00,8.704419973624127,8.839197960810331,8.603336215454418,8.811119079589844,1822700,0.0,0.0
2001-01-09 00:00:00-05:00,8.760578952913995,8.811120303458956,8.54156429164508,8.54718017578125,1840200,0.0,0.0
2001-01-10 00:00:00-05:00,8.423633888119555,8.564027786254883,8.423633888119555,8.564027786254883,2273500,0.0,0.0
2001-01-11 00:00:00-05:00,8.479790693060055,8.592105691627971,8.316933811246539,8.429248809814453,3060600,0.0,0.0
2001-01-12 00:00:00-05:00,8.423631820006468,8.698803664258925,8.361858712794719,8.401168823242188,2822500,0.0,0.0
2001-01-16 00:00:00-05:00,8.395552788751836,8.507867770547698,8.2607748105968,8.42363166809082,1822000,0.0,0.0
2001-01-17 00:00:00-05:00,8.423633711970584,8.648263730065716,8.423633711970584,8.502254486083984,1456700,0.0,0.0
2001-01-18 00:00:00-05:00,8.491021341358387,8.839198080761005,8.479790110053848,8.653878211975098,2221800,0.0,0.0
2001-01-19 00:00:00-05:00,8.592102066605927,8.698801136338892,8.37870339158006,8.642643928527832,2092700,0.0,0.0
2001-01-22 00:00:00-05:00,8.564025529225667,8.56964141220548,8.311316686294958,8.42363166809082,2076700,0.0,0.0
2001-01-23 00:00:00-05:00,8.28885447988247,8.423632470882154,8.255159714352486,8.395553588867188,1576900,0.0,0.0
2001-01-24 00:00:00-05:00,8.339395217767526,8.395552438542897,8.00244975087508,8.333779335021973,1812200,0.0,0.0
2001-01-25 00:00:00-05:00,8.311317449027296,8.367474677298755,8.210233688354492,8.210233688354492,931800,0.0,0.0
2001-01-26 00:00:00-05:00,8.255160027404743,8.305701909836307,8.154076798101766,8.249544143676758,985900,0.0,0.0
2001-01-29 00:00:00-05:00,8.193385905611748,8.805503232131734,8.170922909022028,8.693187713623047,2449600,0.0,0.0
2001-01-30 00:00:00-05:00,8.311319206150383,8.423634221998313,8.058610286602482,8.28324031829834,2185700,0.0,0.0
2001-01-31 00:00:00-05:00,8.311317481139572,8.389937708135404,8.165307723061414,8.345011711120605,2236900,0.0,0.0
2001-02-01 00:00:00-05:00,8.648262665218278,8.788656543131303,8.350627793999504,8.743730545043945,5950100,0.0,0.0
2001-02-02 00:00:00-05:00,8.957130598591613,9.153681734747412,8.872894473890588,9.069445610046387,7207000,0.0,0.0
2001-02-05 00:00:00-05:00,9.069444673236575,9.260380440767479,8.99082444111926,9.254764556884766,4062800,0.0,0.0
2001-02-06 00:00:00-05:00,9.265996610201322,9.462548267672089,9.097524373009444,9.125602722167969,2959000,0.0,0.0
2001-02-07 00:00:00-05:00,9.237918223439012,9.462548229153928,9.226686455373176,9.378312110900879,2705600,0.0,0.0
2001-02-08 00:00:00-05:00,9.322152184019817,9.490624381531939,9.265994427809074,9.406388282775879,1855300,0.0,0.0
2001-02-09 00:00:00-05:00,9.37831214907615,9.37831214907615,8.923435716201606,9.125602722167969,1834100,0.0,0.0
2001-02-12 00:00:00-05:00,9.097523078795183,9.237916946856096,9.0525970838605,9.18737506866455,1902500,0.0,0.0
2001-02-13 00:00:00-05:00,9.187374256571331,9.518703841597715,9.125600617326377,9.49062442779541,3518100,0.0,0.0
2001-02-14 00:00:00-05:00,9.485008852344917,9.56924602536096,9.406388633391437,9.546782493591309,3420500,0.0,0.0
2001-02-15 00:00:00-05:00,9.552400644847763,9.79949419738804,9.546784760571802,9.670331001281738,4523600,0.0,0.0
2001-02-16 00:00:00-05:00,9.49062442779541,9.602939940764395,9.355846454904695,9.49062442779541,3545100,0.0,0.0
2001-02-20 00:00:00-05:00,9.4906257175547,9.827571231131845,9.462547371056713,9.631019592285156,3790000,0.0,0.0
2001-02-21 00:00:00-05:00,9.765796260454552,9.765796260454552,9.462546089102624,9.541166305541992,3307400,0.0,0.0
2001-02-22 00:00:00-05:00,9.378310325384563,9.546782529815601,9.378310325384563,9.479393005371094,2546000,0.0,0.0
2001-02-23 00:00:00-05:00,9.378309981950311,9.490624423751324,9.221068478084756,9.440082550048828,3035900,0.0,0.0
2001-02-26 00:00:00-05:00,9.440085422406193,9.82757288165369,9.32215506196416,9.389543533325195,2498700,0.0,0.0
2001-02-27 00:00:00-05:00,9.23791461787479,9.597322486741525,9.221066972351684,9.529932975769043,3379800,0.0,0.0
2001-02-28 00:00:00-05:00,9.54678127028526,9.659096772501327,9.271609468087911,9.524317741394043,2569100,0.0,0.0
2001-03-01 00:00:00-05:00,9.546782184279904,9.698407805452,9.412004211389188,9.49062442779541,3050300,0.0,0.0
2001-03-02 00:00:00-05:00,9.434466976983352,9.558014259476135,9.350230875087458,9.546782493591309,2234100,0.0,0.0
2001-03-05 00:00:00-05:00,9.462547916408978,9.591710031536097,9.28284391777641,9.423237800598145,1571200,0.0,0.0
2001-03-06 00:00:00-05:00,9.541166005668742,9.737717611709774,9.518703546443525,9.586091995239258,2254500,0.0,0.0
2001-03-07 00:00:00-05:00,9.574858719715447,9.79387382155404,9.563628027434424,9.777026176452637,1760700,0.0,0.0
2001-03-08 00:00:00-05:00,9.821956258719004,10.265601458158676,9.805108606585224,10.035355567932129,7954600,0.0,0.0
2001-03-09 00:00:00-05:00,10.108358795646698,10.58008229179983,10.040969265716148,10.366683006286621,6282200,0.0,0.0
2001-03-12 00:00:00-05:00,10.332989347650091,10.43968899630052,10.119591121469535,10.344221115112305,3937900,0.0,0.0
2001-03-13 00:00:00-05:00,10.276831595715413,10.28244747945431,9.996043835492365,10.192595481872559,3109500,0.0,0.0
2001-03-14 00:00:00-05:00,9.962350801898644,10.248754480293348,9.771415016302175,10.164518356323242,2471000,0.0,0.0
2001-03-15 00:00:00-05:00,10.108357868384097,10.417223930358888,9.99604235250955,10.417223930358887,3231600,0.0,0.0
2001-03-16 00:00:00-05:00,10.332991247535503,10.389149024051774,9.833189285893733,9.939888954162598,3847800,0.0,0.0
2001-03-19 00:00:00-05:00,9.967966034387754,10.32737404441843,9.945502498200657,10.271217346191406,3227200,0.0,0.0
2001-03-20 00:00:00-05:00,10.052202236570677,10.698013911643473,10.024123887223308,10.473383903503418,3974800,0.0,0.0
2001-03-21 00:00:00-05:00,10.389144994416945,10.669932696968756,10.288061250119082,10.5576171875,3927600,0.0,0.0
2001-03-22 00:00:00-05:00,10.417225088531213,10.44530450618175,9.855649588963596,10.119590759277344,2453700,0.0,0.0
2001-03-23 00:00:00-05:00,9.996043813906324,10.097127578747582,9.546783826967726,10.007275581359863,2841400,0.0,0.0
2001-03-26 00:00:00-05:00,9.996046018816708,10.192597708127485,9.98481532000622,10.147671699523926,1786600,0.0,0.0
2001-03-27 00:00:00-05:00,10.108359309681566,10.164517075626078,9.911807664435921,9.973581314086914,1906800,0.0,0.0
2001-03-28 00:00:00-05:00,9.827570950628377,9.984812471441714,9.692792963268474,9.962348937988281,2428900,0.0,0.0
2001-03-29 00:00:00-05:00,9.827572509355827,9.967966402346624,9.709642153381349,9.872498512268066,2069200,0.0,0.0
2001-03-30 00:00:00-05:00,9.93988647565508,9.962348937988281,9.715255425601676,9.962348937988281,1296300,0.0,0.0
2001-04-02 00:00:00-04:00,9.883729048913931,10.102743151924143,9.743335173421178,10.052201271057129,2265700,0.0,0.0
2001-04-03 00:00:00-04:00,10.108359666091868,10.108359666091868,9.546784129086763,9.911808013916016,3019800,0.0,0.0
2001-04-04 00:00:00-04:00,9.60294154484354,9.934271185215357,9.546783778978432,9.687177658081055,1891800,0.0,0.0
2001-04-05 00:00:00-04:00,9.6366364172882,9.990429616001153,9.591710415830088,9.967966079711914,2378200,0.0,0.0
2001-04-06 00:00:00-04:00,9.827569950324804,9.833185833116547,9.54678223745838,9.675944328308105,1428600,0.0,0.0
2001-04-09 00:00:00-04:00,9.670330074034965,9.883729371577926,9.631019958992919,9.805108070373535,1553200,0.0,0.0
2001-04-10 00:00:00-04:00,9.799492867789512,10.063432966225788,9.692793223264099,9.934270858764648,2062900,0.0,0.0
2001-04-11 00:00:00-04:00,9.99604442300763,9.99604442300763,9.350232750761245,9.49624252319336,2484800,0.0,0.0
2001-04-12 00:00:00-04:00,9.40638919644774,9.597324943438387,9.271611211122616,9.47377872467041,1779300,0.0,0.0
2001-04-16 00:00:00-04:00,9.490627283210529,9.62540529665148,8.962746462786697,8.985209465026855,3000700,0.0,0.0
2001-04-17 00:00:00-04:00,8.98520755589837,9.209837530571788,8.889739682772142,9.18737506866455,3149800,0.0,0.0
2001-04-18 00:00:00-04:00,9.198604914392641,9.821953973763463,9.13121646377532,9.507472038269043,1609700,0.0,0.0
2001-04-19 00:00:00-04:00,9.282843762566626,9.821955749450344,8.637031591048574,8.67072582244873,5124500,0.0,0.0
2001-04-20 00:00:00-04:00,9.041365014759839,9.08067512512207,8.507867905534813,9.08067512512207,6648600,0.0,0.0
2001-04-23 00:00:00-04:00,8.704418989943587,8.957127821249294,8.564025135267078,8.777423858642578,2139500,0.0,0.0
2001-04-24 00:00:00-04:00,8.788657793755306,8.996441233927044,8.423633873462677,8.985209465026855,2262300,0.0,0.0
2001-04-25 00:00:00-04:00,8.8448152315842,9.209839138028675,8.8448152315842,9.181760787963867,1974500,0.0,0.0
2001-04-26 00:00:00-04:00,8.940280286505047,9.209836217687297,8.82796531517911,9.097521781921387,2062300,0.0,0.0
2001-04-27 00:00:00-04:00,9.125602365599176,9.23791790008545,9.069444598356041,9.23791790008545,786100,0.0,0.0
2001-04-30 00:00:00-04:00,9.237918930568876,9.265997281762404,8.912204594009705,9.069445610046387,1654200,0.0,0.0
2001-05-01 00:00:00-04:00,9.069445296713853,9.192992608386103,9.002056827729355,9.114371299743652,1595800,0.0,0.0
2001-05-02 00:00:00-04:00,9.1536778946167,9.265993394513343,8.985205715891727,9.119983673095703,1508000,0.0,0.0
2001-05-03 00:00:00-04:00,8.985209465026855,9.26038137635885,8.900973340516316,8.985209465026855,2963300,0.0,0.0
2001-05-04 00:00:00-04:00,8.929048240787752,9.013284332743103,8.8448121488324,8.973974227905273,1731500,0.0,0.0
2001-05-07 00:00:00-04:00,8.979592441880667,9.013286673188052,8.861661561184517,8.92343521118164,1841400,0.0,0.0
2001-05-08 00:00:00-04:00,8.929051090315197,9.479394875916025,8.929051090315197,9.2098388671875,2243600,0.0,0.0
2001-05-09 00:00:00-04:00,9.06944447586377,9.09190801090576,8.929050595212257,8.95712947845459,1293700,0.0,0.0
2001-05-10 00:00:00-04:00,8.872893032020864,9.063828252686365,8.788656385448308,8.81673526763916,2203500,0.0,0.0
2001-05-11 00:00:00-04:00,8.957129934318036,8.985208818989415,8.642647925567108,8.704421043395996,4489700,0.0,0.0
2001-05-14 00:00:00-04:00,8.760580324857361,9.164914405898577,8.715654315852781,9.136836051940918,4194900,0.0,0.0
2001-05-15 00:00:00-04:00,8.996437497322226,9.125599572666554,8.827964782714844,8.827964782714844,2206600,0.0,0.0
2001-05-16 00:00:00-04:00,8.968360910133681,9.007671559424926,8.704420274435885,8.81673526763916,2251500,0.0,0.0
2001-05-17 00:00:00-04:00,8.985207334512753,9.322152823781018,8.968360220717367,9.19860553741455,5720400,0.0,0.0
2001-05-18 00:00:00-04:00,9.294073331132088,9.327768629563677,9.20422134422153,9.282842636108398,2448200,0.0,0.0
2001-05-21 00:00:00-04:00,9.23791859226535,9.294075292595881,9.176144936557284,9.215455055236816,1684900,0.0,0.0
2001-05-22 00:00:00-04:00,9.226685887921853,9.507473645576832,9.209838236859248,9.451315879821777,2258200,0.0,0.0
2001-05-23 00:00:00-04:00,9.5467868717643,9.821958835415971,9.501860858742,9.659102439880371,3763400,0.0,0.0
2001-05-24 00:00:00-04:00,9.631021119311855,10.209444360515327,9.614174537190092,10.164518356323242,5394600,0.0,0.0
2001-05-25 00:00:00-04:00,10.192597403533295,10.361070734102412,10.029741028882366,10.14205551147461,2643700,0.0,0.0
2001-05-29 00:00:00-04:00,10.05219993623868,10.215057324322384,9.85003351073631,10.080279350280762,1851200,0.0,0.0
2001-05-30 00:00:00-04:00,9.84441916214697,10.091511617505061,9.84441916214697,9.990428924560547,1657300,0.0,0.0
2001-05-31 00:00:00-04:00,9.990428392996638,10.063432734758916,9.827570988197369,9.99604320526123,1255900,0.0,0.0
2001-06-01 00:00:00-04:00,9.996043809260984,10.19259545512539,9.962349578036322,10.057817459106445,1165200,0.0,0.0
2001-06-04 00:00:00-04:00,10.355452860284062,10.37229944032082,9.945501917758104,10.15890121459961,1379800,0.0,0.0
2001-06-05 00:00:00-04:00,10.24313740042144,10.288063399370296,9.984813174245607,10.226289749145508,1451200,0.0,0.0
2001-06-06 00:00:00-04:00,10.164517170041023,10.271216819214665,10.001659754401237,10.226289749145508,2068400,0.0,0.0
2001-06-07 00:00:00-04:00,10.226290973403307,10.383532524108887,10.226290973403307,10.383532524108887,1137700,0.0,0.0
2001-06-08 00:00:00-04:00,10.338604545891085,10.495846066575444,10.085895150348408,10.265600204467773,1378700,0.0,0.0
2001-06-11 00:00:00-04:00,10.332990276594025,10.332990276594025,10.097128494284883,10.25998592376709,1664800,0.0,0.0
2001-06-12 00:00:00-04:00,10.164517691543415,10.304911579351693,9.967966034387754,10.271217346191406,1648300,0.0,0.0
2001-06-13 00:00:00-04:00,10.24875349538178,10.271217030879278,9.951118076761896,10.029739379882812,1585300,0.0,0.0
2001-06-14 00:00:00-04:00,9.979199498545096,10.097129870209711,9.883731595764937,9.945504188537598,1656600,0.0,0.0
2001-06-15 00:00:00-04:00,9.754569369717094,10.012893650816721,9.737721714859084,9.84442138671875,1673300,0.0,0.0
2001-06-18 00:00:00-04:00,9.720872594090807,10.142054261941956,9.720872594090807,10.085896492004395,1800900,0.0,0.0
2001-06-19 00:00:00-04:00,10.06905337007095,10.175753062497384,9.996047922734697,10.097131729125977,2009500,0.0,0.0
2001-06-20 00:00:00-04:00,9.883728750925401,10.102742847332468,9.788260875623816,9.99604320526123,1292900,0.0,0.0
2001-06-21 00:00:00-04:00,9.855649969465572,10.164517148824508,9.79949327423695,10.040969848632812,2264400,0.0,0.0
2001-06-22 00:00:00-04:00,10.00727335530209,10.074662873912636,9.90057373046875,9.90057373046875,1073900,0.0,0.0
2001-06-25 00:00:00-04:00,9.827573816872983,10.03535727743705,9.782647807983528,9.945504188537598,877700,0.0,0.0
2001-06-26 00:00:00-04:00,9.54678317478725,9.973580668782754,9.54678317478725,9.827570915222168,2086100,0.0,0.0
2001-06-27 00:00:00-04:00,9.883730592078212,10.529542305952548,9.883730592078212,10.383532524108887,2785700,0.0,0.0
2001-06-28 00:00:00-04:00,10.439690583819448,10.552006133280326,10.203828786847975,10.304912567138672,962700,0.0,0.0
2001-06-29 00:00:00-04:00,10.411609428230278,10.653085973638188,10.243136149407807,10.625007629394531,1182000,0.0,0.0
2001-07-02 00:00:00-04:00,10.557618674249468,10.658702432782194,10.332988694799099,10.50146198272705,1290800,0.0,0.0
2001-07-03 00:00:00-04:00,10.405995710735246,10.63062572479248,10.338606170957876,10.63062572479248,691900,0.0,0.0
2001-07-05 00:00:00-04:00,10.6137787900155,10.6137787900155,10.40599641462769,10.507079124450684,577200,0.0,0.0
2001-07-06 00:00:00-04:00,10.456538884234314,10.490233122708132,10.063435507931167,10.21506118774414,1121100,0.0,0.0
2001-07-09 00:00:00-04:00,10.119590756387652,10.304910628347237,10.052201225165867,10.170132637023926,653100,0.0,0.0
2001-07-10 00:00:00-04:00,10.310527463398467,10.518309817527317,10.215059576844023,10.271217346191406,2107000,0.0,0.0
2001-07-11 00:00:00-04:00,10.26559959276767,10.383529922913608,10.125205730525268,10.203825950622559,1313600,0.0,0.0
2001-07-12 00:00:00-04:00,10.0802813493465,10.332989699120217,10.052201929735862,10.282447814941406,947400,0.0,0.0
2001-07-13 00:00:00-04:00,10.282451280508392,10.46215534210205,9.883733027737547,10.46215534210205,2981100,0.0,0.0
2001-07-16 00:00:00-04:00,10.344221782712932,10.692399098670293,10.276832244710732,10.473383903503418,1525100,0.0,0.0
2001-07-17 00:00:00-04:00,10.389147497577607,10.709245384231824,10.304911380740235,10.653087615966797,1610000,0.0,0.0
2001-07-18 00:00:00-04:00,10.473383510905794,10.55200481414795,10.310527162779108,10.55200481414795,1208700,0.0,0.0
2001-07-19 00:00:00-04:00,10.557618674249468,11.00687970427044,10.400378224194327,10.50146198272705,4303100,0.0,0.0
2001-07-20 00:00:00-04:00,10.445306181729014,10.546389959245428,10.304912284316314,10.383532524108887,2410400,0.0,0.0
2001-07-23 00:00:00-04:00,10.304910050118176,10.523924139839206,10.22628875625098,10.293678283691406,2364300,0.0,0.0
2001-07-24 00:00:00-04:00,10.293678908283908,10.29929479183805,9.979196927093815,10.052201271057129,1743200,0.0,0.0
2001-07-25 00:00:00-04:00,10.108361607725433,10.215061280165175,10.04097205904756,10.046587944030762,2489200,0.0,0.0
2001-07-26 00:00:00-04:00,10.097127923707138,10.332989692687988,10.085896155869875,10.332989692687988,2400100,0.0,0.0
2001-07-27 00:00:00-04:00,10.276833779759384,10.327375673030376,10.147671639675975,10.21506118774414,1392500,0.0,0.0
2001-07-30 00:00:00-04:00,10.13643738212873,10.259984678079322,9.883729048913931,10.052201271057129,2270100,0.0,0.0
2001-07-31 00:00:00-04:00,10.012891157298402,10.186979262995742,10.001659390190117,10.052201271057129,1661700,0.0,0.0
2001-08-01 00:00:00-04:00,10.108359035478284,10.13643738212873,10.024122924406685,10.052201271057129,1677500,0.0,0.0
2001-08-02 00:00:00-04:00,10.069049153890822,10.102743384872326,9.951117738775118,9.990428924560547,1062500,0.0,0.0
2001-08-03 00:00:00-04:00,9.911809949650642,10.069051516324006,9.777031922982278,9.945504188537598,1379700,0.0,0.0
2001-08-06 00:00:00-04:00,9.889341668222166,10.03535137907459,9.771410294752169,9.777026176452637,1582700,0.0,0.0
2001-08-07 00:00:00-04:00,9.782646189807156,9.979197847856534,9.782646189807156,9.967966079711914,1250000,0.0,0.0
2001-08-08 00:00:00-04:00,9.911807023128599,10.046585010002934,9.810723265192792,9.827570915222168,1323600,0.0,0.0
2001-08-09 00:00:00-04:00,9.726487157286362,9.911807023128599,9.726487157286362,9.827570915222168,1323100,0.0,0.0
2001-08-10 00:00:00-04:00,9.827568040636933,9.911804123904124,9.70963773828685,9.777026176452637,1634000,0.0,0.0
2001-08-13 00:00:00-04:00,9.732103647759828,9.9567336398971,9.69840941671931,9.788261413574219,927200,0.0,0.0
2001-08-14 00:00:00-04:00,9.821954766703401,9.984812165896496,9.737718661071199,9.956732749938965,816500,0.0,0.0
2001-08-15 00:00:00-04:00,9.889345844940308,10.052202198555829,9.748951956493663,9.967966079711914,1851700,0.0,0.0
2001-08-16 00:00:00-04:00,9.883727478628316,10.181361761869084,9.771411967630229,10.108357429504395,2083400,0.0,0.0
2001-08-17 00:00:00-04:00,10.052199674005351,10.147667537017696,9.967963576316833,10.108357429504395,1262900,0.0,0.0
2001-08-20 00:00:00-04:00,10.17574955042417,10.32175825246154,9.996044472685158,10.186980247497559,1899400,0.0,0.0
2001-08-21 00:00:00-04:00,10.192596147773722,10.215059684196895,9.973582023249644,10.085896492004395,2218800,0.0,0.0
2001-08-22 00:00:00-04:00,10.046587612154926,10.192597403533295,9.917425475169622,10.14205551147461,1019100,0.0,0.0
2001-08-23 00:00:00-04:00,10.209445395181975,10.248755518943842,10.04097205904756,10.046587944030762,2407400,0.0,0.0
2001-08-24 00:00:00-04:00,10.040970105445428,10.15890152490647,9.979197524889958,10.113975524902344,1818500,0.0,0.0
2001-08-27 00:00:00-04:00,9.984813153404192,10.158901265077585,9.984813153404192,10.040969848632812,556100,0.0,0.0
2001-08-28 00:00:00-04:00,9.945504463977297,10.035357555365222,9.861268328866727,9.917426109313965,872600,0.0,0.0
2001-08-29 00:00:00-04:00,9.91742415271993,10.07466569272613,9.91742415271993,9.984813690185547,825500,0.0,0.0
2001-08-30 00:00:00-04:00,9.96796800460442,10.147672045139124,9.827574089046612,9.917426109313965,1936400,0.0,0.0
2001-08-31 00:00:00-04:00,9.883731844860904,10.130825435540583,9.861268304289766,10.10274600982666,2096100,0.0,0.0
2001-09-04 00:00:00-04:00,9.996043518170637,10.529540674106823,9.979196938609038,10.490230560302734,1793000,0.0,0.0
2001-09-05 00:00:00-04:00,10.63062572479248,10.658704074879486,10.456537597788172,10.63062572479248,2785400,0.0,0.0
2001-09-06 00:00:00-04:00,10.551628861646419,10.653194434484638,10.393636176836221,10.433134078979492,2926000,0.09,0.0
2001-09-07 00:00:00-04:00,10.376709026617128,10.410565297008784,10.021226797402493,10.269500732421875,2223000,0.0,0.0
2001-09-10 00:00:00-04:00,10.156647137138043,10.393635613387412,9.818092017319362,9.919658660888672,2210000,0.0,0.0
2001-09-17 00:00:00-04:00,9.028130607593315,9.524677317466653,8.492085460391166,9.473895072937012,3513300,0.0,0.0
2001-09-18 00:00:00-04:00,9.36668663091973,9.417469956621744,8.943492967561042,9.028131484985352,3983100,0.0,0.0
2001-09-19 00:00:00-04:00,9.039415535139543,9.146623805355045,8.69521773013984,8.864495277404785,2531100,0.0,0.0
2001-09-20 00:00:00-04:00,8.520297271876188,8.746000289916992,8.209955218481252,8.746000289916992,3616300,0.0,0.0
2001-09-21 00:00:00-04:00,8.322808793874888,9.310260684673603,8.040679682218112,9.169196128845215,3396900,0.0,0.0
2001-09-24 00:00:00-04:00,8.633152094016548,9.129699462383314,8.633152094016548,9.03941822052002,2839100,0.0,0.0
2001-09-25 00:00:00-04:00,9.45132352077367,9.462608941483403,8.700860263367685,8.85885238647461,2652100,0.0,0.0
2001-09-26 00:00:00-04:00,8.875781496749374,9.050702318942362,8.774215383591278,8.971705436706543,2907400,0.0,0.0
2001-09-27 00:00:00-04:00,8.830638952490625,8.836281662576905,8.317164173245068,8.571080207824707,2723300,0.0,0.0
2001-09-28 00:00:00-04:00,8.779854394024806,8.875777755429771,8.616219601564753,8.83627986907959,1602200,0.0,0.0
2001-10-01 00:00:00-04:00,8.700861308590339,8.830640433631597,8.37923431338501,8.599294662475586,1635300,0.0,0.0
2001-10-02 00:00:00-04:00,8.576723826090296,9.259476213390952,8.565438942841244,9.163552284240723,2991100,0.0,0.0
2001-10-03 00:00:00-04:00,9.112769990546072,9.46261055867815,8.757287787331904,9.248191833496094,4865500,0.0,0.0
2001-10-04 00:00:00-04:00,9.061986416798918,9.586746716510875,9.02813122604763,9.434396743774414,2968800,0.0,0.0
2001-10-05 00:00:00-04:00,9.434397272415353,9.434397272415353,9.214336905845597,9.394899368286133,1495700,0.0,0.0
2001-10-08 00:00:00-04:00,9.253837940529907,9.310263998190692,8.898355606870778,9.26512336730957,2862500,0.0,0.0
2001-10-09 00:00:00-04:00,9.26512034495486,9.445682809578454,9.05070268727364,9.372329711914062,2903100,0.0,0.0
2001-10-10 00:00:00-04:00,9.479538206303971,9.919660030457884,9.32154658448247,9.902731895446777,2208900,0.0,0.0
2001-10-11 00:00:00-04:00,10.09458022834813,10.29771355240799,9.936588599623576,10.055082321166992,1874700,0.0,0.0
2001-10-12 00:00:00-04:00,10.015583137977227,10.015583137977227,9.507750968763833,9.9365873336792,1342000,0.0,0.0
2001-10-15 00:00:00-04:00,9.868876570987707,9.92530261070705,9.688314104875563,9.846306800842285,855500,0.0,0.0
2001-10-16 00:00:00-04:00,9.851946775003206,10.05508005324641,9.851946775003206,10.043794631958008,1207100,0.0,0.0
2001-10-17 00:00:00-04:00,10.117149590075131,10.122792301163281,9.733453845977783,9.874518394470215,1759700,0.0,0.0
2001-10-18 00:00:00-04:00,10.151002955250023,10.320281028747559,10.060721746546099,10.320281028747559,3939700,0.0,0.0
2001-10-19 00:00:00-04:00,10.325923347008127,10.404920217037816,10.190501524976197,10.393634796142578,2760500,0.0,0.0
2001-10-22 00:00:00-04:00,10.438777310842154,10.670123100280762,10.156648194332906,10.670123100280762,3208900,0.0,0.0
2001-10-23 00:00:00-04:00,10.715264278466288,10.715264278466288,10.24128725174612,10.410565376281738,1798600,0.0,0.0
2001-10-24 00:00:00-04:00,10.523414760911763,10.523414760911763,10.213073194790633,10.416205406188965,1451100,0.0,0.0
2001-10-25 00:00:00-04:00,10.26949810878241,10.833756222974039,10.072007553567952,10.715261459350586,1834100,0.0,0.0
2001-10-26 00:00:00-04:00,10.568555354046387,10.833757384952431,10.444418943055235,10.777331352233887,2382200,0.0,0.0
2001-10-29 00:00:00-05:00,10.641912343947824,10.81683212318785,10.641912343947824,10.720908164978027,1982700,0.0,0.0
2001-10-30 00:00:00-05:00,10.608054116251688,10.77168951681129,10.472632272462954,10.692693710327148,1934000,0.0,0.0
2001-10-31 00:00:00-05:00,10.720904873179958,10.749117350246152,10.591125756696242,10.68140697479248,1762700,0.0,0.0
2001-11-01 00:00:00-05:00,10.545988385738001,10.720908164978027,10.410566517013075,10.720908164978027,1425000,0.0,0.0
2001-11-02 00:00:00-05:00,10.608052812441153,10.720904873179958,10.495201827939361,10.68140697479248,1161200,0.0,0.0
2001-11-05 00:00:00-05:00,10.720905403038124,10.929681402852124,10.687050213638067,10.861969947814941,1806500,0.0,0.0
2001-11-06 00:00:00-05:00,10.890186255613697,10.997395648688713,10.749121661234051,10.805547714233398,2461100,0.0,0.0
2001-11-07 00:00:00-05:00,10.94660978051184,10.997393108859184,10.444420284896106,10.483918190002441,2576100,0.0,0.0
2001-11-08 00:00:00-05:00,10.579841267164237,10.715263106235486,10.450062139250596,10.624981880187988,1528600,0.0,0.0
2001-11-09 00:00:00-05:00,10.624979839064078,10.624979839064078,10.201786269675594,10.320281028747559,1652000,0.0,0.0
2001-11-12 00:00:00-05:00,10.46134985231459,10.720908164978027,10.100223792810779,10.720908164978027,1465600,0.0,0.0
2001-11-13 00:00:00-05:00,10.720907703478593,11.003036853570135,10.720907703478593,10.95789623260498,2841600,0.0,0.0
2001-11-14 00:00:00-05:00,11.00303811606042,11.115890219540624,10.670125594654984,10.828118324279785,2672500,0.0,0.0
2001-11-15 00:00:00-05:00,10.86197292955616,11.19488543271687,10.833760443350958,11.144102096557617,3434300,0.0,0.0
2001-11-16 00:00:00-05:00,11.144100640959444,11.240024588260228,10.924040263837675,10.96353816986084,3702000,0.0,0.0
2001-11-19 00:00:00-05:00,11.031246889895614,11.172311433634622,10.839399024311598,10.997391700744629,3840200,0.0,0.0
2001-11-20 00:00:00-05:00,11.115890416036466,11.115890416036466,10.664483070373535,10.664483070373535,2087500,0.0,0.0
2001-11-21 00:00:00-05:00,10.777628634572674,10.777628634572674,10.404230548527398,10.641847610473633,1345400,0.05,0.0
2001-11-23 00:00:00-05:00,10.726710782067364,10.805917190006053,10.658820808510402,10.743683815002441,329100,0.0,0.0
2001-11-26 00:00:00-05:00,10.834208390031298,10.890784107707933,10.438180524478973,10.477783203125,1888700,0.0,0.0
2001-11-27 00:00:00-05:00,10.69276988574869,10.69276988574869,10.172275213302376,10.2571382522583,2977300,0.0,0.0
2001-11-28 00:00:00-05:00,10.268449170043246,10.517381578512815,10.042147471021645,10.472121238708496,1667900,0.0,0.0
2001-11-29 00:00:00-05:00,10.523042064974765,10.596589732130795,10.319369941939748,10.415548324584961,1245300,0.0,0.0
2001-11-30 00:00:00-05:00,10.46080867647142,10.568302416861224,10.347658336301226,10.415548324584961,1129700,0.0,0.0
2001-12-03 00:00:00-05:00,10.155300026707195,10.455149407697803,10.155300026707195,10.308053016662598,1462900,0.0,0.0
2001-12-04 00:00:00-05:00,10.466465813119433,10.472123491698628,10.042149631506483,10.353314399719238,1581100,0.0,0.0
2001-12-05 00:00:00-05:00,10.494754648234926,10.80026286124657,10.472125009729623,10.749344825744629,2486400,0.0,0.0
2001-12-06 00:00:00-05:00,10.777630079296262,10.777630079296262,10.240163588410853,10.35897159576416,2956500,0.0,0.0
2001-12-07 00:00:00-05:00,10.296738084324838,10.494751406680116,10.21753167629105,10.223189353942871,1303000,0.0,0.0
2001-12-10 00:00:00-05:00,10.12701279153662,10.353314542363051,10.042149769863192,10.18924617767334,2393600,0.0,0.0
2001-12-11 00:00:00-05:00,10.279766669730424,10.279766669730424,9.991231538613148,10.019518852233887,2311000,0.0,0.0
2001-12-12 00:00:00-05:00,10.00820869818597,10.194907850652196,9.934659925918865,9.957290649414062,2023200,0.0,0.0
2001-12-13 00:00:00-05:00,9.917683715658677,10.16095741450904,9.815847661720847,9.928997993469238,1684800,0.0,0.0
2001-12-14 00:00:00-05:00,9.861109231463885,10.132671356201172,9.85545155231203,10.132671356201172,1038200,0.0,0.0
2001-12-17 00:00:00-05:00,10.070434732073206,10.257133767787309,9.996887084891366,10.183586120605469,1394600,0.0,0.0
2001-12-18 00:00:00-05:00,10.177930175221938,10.183587853520466,9.815847396850586,9.815847396850586,2649500,0.0,0.0
2001-12-19 00:00:00-05:00,9.872424958127828,9.872424958127828,9.600861744166005,9.759273529052734,2641200,0.0,0.0
2001-12-20 00:00:00-05:00,9.759272563536134,9.8497932662039,9.640464545944152,9.770587921142578,1763800,0.0,0.0
2001-12-21 00:00:00-05:00,10.01386070251465,10.01386070251465,9.747955247641023,10.013860702514648,2442700,0.0,0.0
2001-12-24 00:00:00-05:00,10.155302702575163,10.228850377926314,10.09872698664011,10.217535018920898,923400,0.0,0.0
2001-12-26 00:00:00-05:00,10.189247068627765,10.22884974359879,10.070437964622725,10.132671356201172,1337700,0.0,0.0
2001-12-27 00:00:00-05:00,10.15529998142944,10.206218004218137,9.94031253430123,10.05346393585205,1421200,0.0,0.0
2001-12-28 00:00:00-05:00,10.127013089961652,10.138328447609384,9.67440957497137,9.736641883850098,2626200,0.0,0.0
2001-12-31 00:00:00-05:00,9.787560273612003,9.906369375092542,9.730985641479492,9.730985641479492,1386000,0.0,0.0
2002-01-02 00:00:00-05:00,9.730986356084452,9.730986356084452,9.408505102150928,9.504683494567871,3190200,0.0,0.0
2002-01-03 00:00:00-05:00,9.572571840254087,9.815846591676424,9.561256484585208,9.61783218383789,3003500,0.0,0.0
2002-01-04 00:00:00-05:00,9.617832371149534,10.036490827226212,9.555598992850388,9.996888160705566,3907000,0.0,0.0
2002-01-07 00:00:00-05:00,10.398575133815935,10.398575133815935,9.917684306810672,10.059123039245605,4411700,0.0,0.0
2002-01-08 00:00:00-05:00,10.183587398390308,10.228847743663929,9.92334068283993,10.076093673706055,1988000,0.0,0.0
2002-01-09 00:00:00-05:00,10.127010426339337,10.370285156319571,9.985571730219817,10.183586120605469,3202900,0.0,0.0
2002-01-10 00:00:00-05:00,10.183588667595576,10.342000435342364,10.070437250763316,10.268451690673828,3952600,0.0,0.0
2002-01-11 00:00:00-05:00,10.245821743990092,10.387260471194407,10.1835883587108,10.353314399719238,2223200,0.0,0.0
2002-01-14 00:00:00-05:00,10.251477169543149,10.353312124312247,10.132668103675112,10.183586120605469,1363200,0.0,0.0
2002-01-15 00:00:00-05:00,10.098723989108109,10.268450007442683,9.900709581656635,10.1270112991333,2231000,0.0,0.0
2002-01-16 00:00:00-05:00,9.991229407555592,10.268449122458858,9.991229407555592,10.183586120605469,1320800,0.0,0.0
2002-01-17 00:00:00-05:00,10.155298813018211,10.279764477130406,10.09872311875208,10.183586120605469,980400,0.0,0.0
2002-01-18 00:00:00-05:00,10.059122805834624,10.24016420649577,10.059122805834624,10.18924617767334,1136200,0.0,0.0
2002-01-22 00:00:00-05:00,10.127011697025345,10.308053078119826,10.019517972341092,10.076093673706055,1399300,0.0,0.0
2002-01-23 00:00:00-05:00,10.025177294963799,10.07043764766214,9.798875531472095,9.962944984436035,1763000,0.0,0.0
2002-01-24 00:00:00-05:00,9.9629440641764,10.087409752827178,9.821505340172042,9.928997993469238,1928900,0.0,0.0
2002-01-25 00:00:00-05:00,9.917687962389756,10.053469066084077,9.815851864845945,9.957290649414062,2439200,0.0,0.0
2002-01-28 00:00:00-05:00,9.78756101883079,10.223192625608254,9.78756101883079,10.172274589538574,1283200,0.0,0.0
2002-01-29 00:00:00-05:00,10.211875915527344,10.25147966652416,10.070437184957203,10.211875915527344,2532000,0.0,0.0
2002-01-30 00:00:00-05:00,10.194903547200015,10.687109705436315,10.183588190228832,10.551328659057617,3127700,0.0,0.0
2002-01-31 00:00:00-05:00,10.523043045231564,10.805920540645896,10.35331590052776,10.749344825744629,5268100,0.0,0.0
2002-02-01 00:00:00-05:00,10.721056063872679,10.771974092516716,10.613562327947283,10.766316413879395,2415200,0.0,0.0
2002-02-04 00:00:00-05:00,10.749344655912216,10.749344655912216,10.274110384797158,10.325028419494629,2742000,0.0,0.0
2002-02-05 00:00:00-05:00,10.325025706584777,10.381601405726869,10.047805967789396,10.1270112991333,1493300,0.0,0.0
2002-02-06 00:00:00-05:00,10.138328098585527,10.177930769897321,9.827163327628408,9.844135284423828,1691800,0.0,0.0
2002-02-07 00:00:00-05:00,9.742298668825665,9.872423111651965,9.391531246663808,9.804532051086426,3604800,0.0,0.0
2002-02-08 00:00:00-05:00,9.804531509862986,10.070435900958485,9.759271165014992,10.04214859008789,2233100,0.0,0.0
2002-02-11 00:00:00-05:00,9.985577974690772,10.223195175928904,9.895057238894559,9.957290649414062,1929500,0.0,0.0
2002-02-12 00:00:00-05:00,9.951625729567295,9.95728340632561,9.80452937112564,9.906365394592285,2157900,0.0,0.0
2002-02-13 00:00:00-05:00,10.047807614851994,10.268451690673828,9.617833741618043,10.268451690673828,4601500,0.0,0.0
2002-02-14 00:00:00-05:00,10.183590943065855,10.330687386178973,10.183590943065855,10.240166664123535,2346600,0.0,0.0
2002-02-15 00:00:00-05:00,10.211873998639232,10.285422729021201,10.16661365651636,10.223189353942871,1236300,0.0,0.0
2002-02-19 00:00:00-05:00,10.013862451390526,10.149643501828368,9.827163372152013,9.923341751098633,1977400,0.0,0.0
2002-02-20 00:00:00-05:00,10.008204799752516,10.211875836413146,9.87808034852627,10.16661548614502,992400,0.0,0.0
2002-02-21 00:00:00-05:00,10.166614268646939,10.279765670312795,9.985572889254962,10.04214859008789,761800,0.0,0.0
2002-02-22 00:00:00-05:00,9.906369349693833,10.070437724822954,9.680067584468182,10.00820541381836,2296500,0.0,0.0
2002-02-25 00:00:00-05:00,10.042148194679566,10.132668880811314,9.96294286408721,10.093066215515137,1724600,0.0,0.0
2002-02-26 00:00:00-05:00,10.155301955997281,10.466466752126424,9.962945183414629,10.375946044921875,1332300,0.0,0.0
2002-02-27 00:00:00-05:00,10.387262844826326,10.777633044169049,10.381605164954275,10.692770004272461,2538700,0.0,0.0
2002-02-28 00:00:00-05:00,10.607904570772094,10.749343298382389,10.477781200352668,10.72105598449707,1964100,0.0,0.0
2002-03-01 00:00:00-05:00,10.6927675915199,10.76631633416869,10.426863172085612,10.72105598449707,2849500,0.0,0.0
2002-03-04 00:00:00-05:00,10.681452313411423,10.805919085248787,10.681452313411423,10.766316413879395,2792900,0.0,0.0
2002-03-05 00:00:00-05:00,10.7436871463453,10.828550179151199,10.69276911084336,10.749344825744629,2023500,0.0,0.0
2002-03-06 00:00:00-05:00,10.721055744248181,10.89078178194039,10.704082708842227,10.862494468688965,1853100,0.0,0.0
2002-03-07 00:00:00-05:00,10.749343090773854,10.856836823827306,10.647507036206566,10.828548431396484,1801300,0.0,0.0
2002-03-08 00:00:00-05:00,10.87946793867744,11.009591324285156,10.794604908024231,10.902098655700684,1829700,0.0,0.0
2002-03-11 00:00:00-05:00,10.777632056833761,10.800262774248777,10.64185098961966,10.715399742126465,1253000,0.0,0.0
2002-03-12 00:00:00-05:00,10.636191368103027,10.664479759706353,10.466465334850284,10.636191368103027,2304400,0.0,0.0
2002-03-13 00:00:00-05:00,10.664483655445046,10.794607067079054,10.585277209113402,10.771977424621582,1647400,0.0,0.0
2002-03-14 00:00:00-05:00,10.63619182789071,10.760658598142262,10.545671129030591,10.653164863586426,1450300,0.0,0.0
2002-03-15 00:00:00-05:00,10.890783451981072,11.36601772530397,10.885125772644848,11.337730407714844,5168400,0.0,0.0
2002-03-18 00:00:00-05:00,11.382990763312643,11.456538436499569,11.117085229970073,11.337730407714844,4730400,0.0,0.0
2002-03-19 00:00:00-05:00,11.4565355199962,11.82427595049872,11.39995982012849,11.535740852355957,4804000,0.0,0.0
2002-03-20 00:00:00-05:00,11.394304565796764,11.677182046211517,11.394304565796764,11.586661338806152,2716000,0.0,0.0
2002-03-21 00:00:00-05:00,11.456536233988068,11.784674018760844,11.456536233988068,11.677180290222168,2722700,0.0,0.0
2002-03-22 00:00:00-05:00,11.863879664093474,11.999660708308511,11.603632932454275,11.880852699279785,3200900,0.0,0.0
2002-03-25 00:00:00-05:00,11.9770357525006,12.016638437647144,11.71678784010693,11.790336608886719,2441500,0.0,0.0
2002-03-26 00:00:00-05:00,11.931767106306314,11.98834279400692,11.530080694814345,11.716779708862305,1617800,0.0,0.0
2002-03-27 00:00:00-05:00,11.71678289022252,12.016633361087589,11.547056860127897,11.909139633178711,1344200,0.0,0.0
2002-03-28 00:00:00-05:00,11.795994289492258,11.880857340390888,11.660213192236002,11.790336608886719,2159400,0.0,0.0
2002-04-01 00:00:00-05:00,11.654551899250917,11.795990633273158,11.501797807524841,11.614949226379395,2545900,0.0,0.0
2002-04-02 00:00:00-05:00,11.371673035822091,11.682837780852152,11.343384645033685,11.60929012298584,2526400,0.0,0.0
2002-04-03 00:00:00-05:00,11.55271728086882,11.631922636503477,11.405620849624428,11.597977638244629,1421900,0.0,0.0
2002-04-04 00:00:00-05:00,11.552715129397367,11.597975478344306,11.201946615739717,11.473509788513184,1765800,0.0,0.0
2002-04-05 00:00:00-05:00,11.456538696963891,11.507456733055538,11.31509994761866,11.439565658569336,1084200,0.0,0.0
2002-04-08 00:00:00-04:00,11.315097959080285,11.484823996829757,11.17931691306234,11.4169340133667,1782000,0.0,0.0
2002-04-09 00:00:00-04:00,11.56968681385191,11.592316446136865,11.30943902847879,11.513111114501953,2367200,0.0,0.0
2002-04-10 00:00:00-04:00,11.518769846238367,11.869537271935949,11.507454489514751,11.8242769241333,2803200,0.0,0.0
2002-04-11 00:00:00-04:00,11.863880538542112,11.880853574979453,11.648894139128634,11.835593223571777,2365400,0.0,0.0
2002-04-12 00:00:00-04:00,11.86953696476275,11.909139633178711,11.779016271500048,11.909139633178711,2403900,0.0,0.0
2002-04-15 00:00:00-04:00,11.880853574979453,12.220306750082958,11.711127526973646,11.835593223571777,2208400,0.0,0.0
2002-04-16 00:00:00-04:00,11.93742864658244,11.93742864658244,11.547057462103682,11.73941421508789,1889800,0.0,0.0
2002-04-17 00:00:00-04:00,11.597973216799122,11.597973216799122,11.207602108819739,11.258520126342773,2813500,0.0,0.0
2002-04-18 00:00:00-04:00,11.795986672725522,11.920452328402188,11.654547986191863,11.767698287963867,4816200,0.0,0.0
2002-04-19 00:00:00-04:00,11.795991795346621,11.807307154165182,11.428251266479492,11.428251266479492,3714700,0.0,0.0
2002-04-22 00:00:00-04:00,11.558372819124362,11.824277234559315,11.541399783593342,11.73941421508789,2251700,0.0,0.0
2002-04-23 00:00:00-04:00,11.767699547126401,11.795987934914962,11.61494656943481,11.671521186828613,1182900,0.0,0.0
2002-04-24 00:00:00-04:00,11.767701528547752,11.852565627111016,11.654551195616467,11.73941421508789,2933000,0.0,0.0
2002-04-25 00:00:00-04:00,11.807304804167636,12.02229118347168,11.739413743860581,12.02229118347168,2686800,0.0,0.0
2002-04-26 00:00:00-04:00,11.994003281504947,12.090181649408127,11.456535741029814,11.70546817779541,2415600,0.0,0.0
2002-04-29 00:00:00-04:00,11.59797229576009,11.78467131882086,11.59797229576009,11.767698287963867,1491700,0.0,0.0
2002-04-30 00:00:00-04:00,11.654550656319799,11.733755993615777,11.581001918180574,11.677180290222168,1987400,0.0,0.0
2002-05-01 00:00:00-04:00,11.541399473436135,11.597975177927314,11.428249143545589,11.547057151794434,2015700,0.0,0.0
2002-05-02 00:00:00-04:00,11.586658844200416,11.626261510277322,11.484822800521677,11.569686889648438,2948300,0.0,0.0
2002-05-03 00:00:00-04:00,11.62626217850673,11.62626217850673,11.315097430796538,11.343384742736816,2530300,0.0,0.0
2002-05-06 00:00:00-04:00,11.399957467566976,11.41127282102376,11.258518786631674,11.309436798095703,1634100,0.0,0.0
2002-05-07 00:00:00-04:00,11.371674223719891,11.371674223719891,11.162344426385953,11.190632820129395,2366700,0.0,0.0
2002-05-08 00:00:00-04:00,11.31509598091285,11.433903970748448,11.088794277112921,11.371671676635742,1952800,0.0,0.0
2002-05-09 00:00:00-04:00,11.2415471276632,11.394300086933256,11.15102537674811,11.213258743286133,1430300,0.0,0.0
2002-05-10 00:00:00-04:00,11.224578334848989,11.382990109893964,11.134057628849556,11.151029586791992,1916000,0.0,0.0
2002-05-13 00:00:00-04:00,11.28681035431974,11.315097666850145,11.156685911041194,11.201946258544922,1187300,0.0,0.0
2002-05-14 00:00:00-04:00,11.343387360102245,11.354702719125967,11.173661291114533,11.230237007141113,1651800,0.0,0.0
2002-05-15 00:00:00-04:00,11.258520126342773,11.264177803744403,11.167999446099964,11.258520126342773,1766900,0.0,0.0
2002-05-16 00:00:00-04:00,11.25852400178719,11.399962748239522,11.213263646086125,11.315099716186523,2340400,0.0,0.0
2002-05-17 00:00:00-04:00,11.394305419488312,11.654553282096156,11.382991139533909,11.552717208862305,2046800,0.0,0.0
2002-05-20 00:00:00-04:00,11.597973745906565,11.63757641043304,11.501795383874404,11.541398048400879,935500,0.0,0.0
2002-05-21 00:00:00-04:00,11.37167575766155,11.47351183069099,11.122743254599811,11.230237007141113,1590900,0.0,0.0
2002-05-22 00:00:00-04:00,11.190633982248995,11.39996272222932,11.122742909306297,11.337730407714844,1055200,0.0,0.0
2002-05-23 00:00:00-04:00,11.337726690838664,11.405616662432822,11.207602266948518,11.371671676635742,1461000,0.0,0.0
2002-05-24 00:00:00-04:00,11.332071063167522,11.53008441537798,11.332071063167522,11.473509788513184,1137800,0.0,0.0
2002-05-28 00:00:00-04:00,11.501797757703583,11.501797757703583,11.207604933229597,11.281153678894043,1573800,0.0,0.0
2002-05-29 00:00:00-04:00,11.49614041949705,11.835593605556136,11.484825061506962,11.807306289672852,2681100,0.0,0.0
2002-05-30 00:00:00-04:00,11.84690721014959,11.90913951170054,11.4848233617004,11.60929012298584,2251600,0.0,0.0
2002-05-31 00:00:00-04:00,11.75072770685162,12.016632080078125,11.75072770685162,12.016632080078125,2140600,0.0,0.0
2002-06-03 00:00:00-04:00,11.90348234129593,11.90348234129593,11.456535500117447,11.558371543884277,1313200,0.0,0.0
2002-06-04 00:00:00-04:00,11.513114458967657,11.609292852074107,11.315099993267077,11.50745677947998,1326300,0.0,0.0
2002-06-05 00:00:00-04:00,11.55837221655868,11.909139633178711,11.48482347885037,11.909139633178711,1319700,0.0,0.0
2002-06-06 00:00:00-04:00,11.886511084124493,11.982689464379444,11.631920936657895,11.756387710571289,1711000,0.0,0.0
2002-06-07 00:00:00-04:00,11.711125051885968,12.016632089547413,11.513110651667285,12.005316734313965,1540700,0.0,0.0
2002-06-10 00:00:00-04:00,12.175044069449394,12.27688011040723,11.994002698453992,12.163728713989258,2512100,0.0,0.0
2002-06-11 00:00:00-04:00,12.208989209762178,12.435290926342834,12.19767385416022,12.276880264282227,3511300,0.0,0.0
2002-06-12 00:00:00-04:00,12.175044069449394,12.316482775426012,11.977029665263789,12.163728713989258,1478800,0.0,0.0
2002-06-13 00:00:00-04:00,12.101496761242743,12.12412747482449,11.795989681531864,11.880852699279785,1195600,0.0,0.0
2002-06-14 00:00:00-04:00,11.739414686069804,11.790332715613843,11.42824990916013,11.745072364807129,1695600,0.0,0.0
2002-06-17 00:00:00-04:00,12.078865706221626,12.18635942490953,11.988345020723923,12.163728713989258,2280000,0.0,0.0
2002-06-18 00:00:00-04:00,12.163732717061828,12.322144508361816,12.118472359417838,12.322144508361816,1486900,0.0,0.0
2002-06-19 00:00:00-04:00,12.220307967433776,12.440952067639612,12.13544493497707,12.316486358642578,1746800,0.0,0.0
2002-06-20 00:00:00-04:00,12.412662435074978,12.525812764219069,12.305168705160058,12.356086730957031,2436000,0.0,0.0
2002-06-21 00:00:00-04:00,12.107151817217646,12.650276955528192,12.090179864799294,12.5597562789917,2911300,0.0,0.0
2002-06-24 00:00:00-04:00,12.446606260082781,12.559757657720215,12.22596222169066,12.474893569946289,2779800,0.0,0.0
2002-06-25 00:00:00-04:00,12.491870593370969,12.503185952567312,12.220308447211002,12.310829162597656,2636900,0.0,0.0
2002-06-26 00:00:00-04:00,11.880852871777808,12.039264631874572,11.795989852797762,11.960058212280273,2295000,0.0,0.0
2002-06-27 00:00:00-04:00,12.050579529232849,12.333456993103027,11.711127435862144,12.333456993103027,1793300,0.0,0.0
2002-06-28 00:00:00-04:00,12.418321354536538,12.43529331210391,11.71678427990624,11.926114082336426,5322900,0.0,0.0
2002-07-01 00:00:00-04:00,11.88651156009602,11.920456554753532,11.643236760351348,11.762045860290527,1589200,0.0,0.0
2002-07-02 00:00:00-04:00,11.57534694671631,11.767703735780298,11.388647837223854,11.575346946716309,1986700,0.0,0.0
2002-07-03 00:00:00-04:00,11.456537896710325,11.462195575779981,10.749344199382527,11.275496482849121,2418400,0.0,0.0
2002-07-05 00:00:00-04:00,11.428249450662056,11.767701528547752,11.366016066140153,11.73941421508789,904400,0.0,0.0
2002-07-08 00:00:00-04:00,11.846908264150226,11.875195578363538,11.6262631127373,11.65455150604248,1876300,0.0,0.0
2002-07-09 00:00:00-04:00,11.711126658219513,11.971373389735058,11.603632926940918,11.603632926940918,1902600,0.0,0.0
2002-07-10 00:00:00-04:00,11.592319453952447,11.677182485450619,11.252866248867768,11.2698392868042,2193000,0.0,0.0
2002-07-11 00:00:00-04:00,11.117084842443473,11.37733268737793,10.975646101244212,11.37733268737793,2096600,0.0,0.0
2002-07-12 00:00:00-04:00,11.326414634287245,11.366017309098634,10.91341376969425,11.032221794128418,2613800,0.0,0.0
2002-07-15 00:00:00-04:00,10.896442248096756,11.003936008318096,10.381605245746494,10.726715087890625,2366200,0.0,0.0
2002-07-16 00:00:00-04:00,10.523040531425403,10.800260281216515,10.36462878336259,10.67579460144043,2070900,0.0,0.0
2002-07-17 00:00:00-04:00,10.721053647178065,10.851176989229034,10.353312172289893,10.472121238708496,3070500,0.0,0.0
2002-07-18 00:00:00-04:00,10.4381780130915,10.562643698760459,9.979915781349828,10.35897159576416,4965600,0.0,0.0
2002-07-19 00:00:00-04:00,10.268451999107079,10.607905180708123,10.194904331321279,10.449493408203125,3088800,0.0,0.0
2002-07-22 00:00:00-04:00,10.409890330417168,10.489096753138393,9.680067043466474,10.234506607055664,3003800,0.0,0.0
2002-07-23 00:00:00-04:00,10.127011652372438,10.240163054603446,9.634805534578565,9.821504592895508,2523800,0.0,0.0
2002-07-24 00:00:00-04:00,9.691380803577085,10.64750687107352,9.504681732796533,10.460807800292969,2470800,0.0,0.0
2002-07-25 00:00:00-04:00,10.545671971342792,10.596590003405055,9.866766675665836,10.00820541381836,2517400,0.0,0.0
2002-07-26 00:00:00-04:00,10.098724385888739,10.245820777800942,9.872422659520637,10.076093673706055,2699400,0.0,0.0
2002-07-29 00:00:00-04:00,10.268449683737009,10.805917190006053,10.211873986378425,10.743683815002441,2744500,0.0,0.0
2002-07-30 00:00:00-04:00,10.794602603168727,10.800260281216515,10.483437864182639,10.67579460144043,1524800,0.0,0.0
2002-07-31 00:00:00-04:00,10.69276562939723,10.749341325878078,10.353312529603802,10.641847610473633,2452400,0.0,0.0
2002-08-01 00:00:00-04:00,10.494753172853843,10.6135622653532,10.30805409529073,10.432520866394043,1226100,0.0,0.0
2002-08-02 00:00:00-04:00,10.523038518476811,10.551325824212931,9.776242424491176,10.098722457885742,2063600,0.0,0.0
2002-08-05 00:00:00-04:00,9.991231818374809,10.234506607055664,9.991231818374809,10.234506607055664,1607600,0.0,0.0
2002-08-06 00:00:00-04:00,10.466467052647523,10.664481510002496,10.291083312289455,10.556987762451172,1375900,0.0,0.0
2002-08-07 00:00:00-04:00,10.556986337543208,10.709740419378681,10.194903547200015,10.551328659057617,1409600,0.0,0.0
2002-08-08 00:00:00-04:00,10.579618747317635,10.79460516877163,10.296741252245956,10.760660171508789,1538500,0.0,0.0
2002-08-09 00:00:00-04:00,10.788948487875418,10.936044928417223,10.681454727654078,10.726715087890625,1402300,0.0,0.0
2002-08-12 00:00:00-04:00,10.726712423010106,10.907754898071287,10.551328705551285,10.907754898071289,1443600,0.0,0.0
2002-08-13 00:00:00-04:00,10.805917731667725,10.890780742413641,10.494751920143726,10.506067276000977,1011000,0.0,0.0
2002-08-14 00:00:00-04:00,10.409892448214292,11.168004282900563,10.319371728767461,11.049196243286133,1326000,0.0,0.0
2002-08-15 00:00:00-04:00,11.286810015048323,11.337728039345944,11.049192928023356,11.320755004882812,2385200,0.0,0.0
2002-08-16 00:00:00-04:00,11.25852259562316,11.349043295719461,10.99827585261926,11.298125267028809,1397900,0.0,0.0
2002-08-19 00:00:00-04:00,11.269839590991864,11.45088101749904,11.122743162181779,11.439565658569336,1165400,0.0,0.0
2002-08-20 00:00:00-04:00,11.269841275001633,11.535745775030648,11.16800518760136,11.303786277770996,1632600,0.0,0.0
2002-08-21 00:00:00-04:00,11.349042399677705,11.428248815327276,11.173658691974687,11.366015434265137,1006800,0.0,0.0
2002-08-22 00:00:00-04:00,11.382991982137586,11.909143267639747,11.298127862099454,11.852568626403809,1433000,0.0,0.0
2002-08-23 00:00:00-04:00,11.795988532160026,11.795988532160026,11.433904703775328,11.513111114501953,923800,0.0,0.0
2002-08-26 00:00:00-04:00,11.50179801747751,11.5696890858479,11.286811612639804,11.394304275512695,973300,0.0,0.0
2002-08-27 00:00:00-04:00,11.48482562951334,11.518771705162477,11.049195116269278,11.224578857421875,1521800,0.0,0.0
2002-08-28 00:00:00-04:00,11.117084075488329,11.269838164427266,11.032221052441768,11.190632820129395,1438800,0.0,0.0
2002-08-29 00:00:00-04:00,10.975645156106786,11.12274156377825,10.834206427087134,11.009590148925781,1408800,0.0,0.0
2002-08-30 00:00:00-04:00,11.026563554748638,11.13971497339658,10.851179827027039,10.992618560791016,867900,0.0,0.0
2002-09-03 00:00:00-04:00,10.766316973787845,11.020906051156215,10.641850195477515,10.805919647216797,869100,0.0,0.0
2002-09-04 00:00:00-04:00,10.805919067801488,11.054851531982424,10.66448033937239,11.054851531982422,1042000,0.0,0.0
2002-09-05 00:00:00-04:00,10.862495131113773,11.020905821529,10.641849973748156,10.924727439880371,1057600,0.0,0.0
2002-09-06 00:00:00-04:00,11.003934761162416,11.275496891803593,10.94735904750584,11.224578857421875,1129500,0.0,0.0
2002-09-09 00:00:00-04:00,11.213263790963358,11.467853969503702,11.066167363261384,11.405620574951172,1210600,0.0,0.0
2002-09-10 00:00:00-04:00,11.547057151794435,11.597975177927314,11.315097734563233,11.547057151794434,1399700,0.0,0.0
2002-09-11 00:00:00-04:00,11.564032495264719,11.609292852074107,11.462196422670592,11.50745677947998,1166000,0.0,0.0
2002-09-12 00:00:00-04:00,11.399958984951368,11.428247372358635,11.179314958632894,11.371671676635742,873700,0.0,0.0
2002-09-13 00:00:00-04:00,11.201947796847769,11.360359574410552,11.179318159534201,11.332072257995605,1573400,0.0,0.0
2002-09-16 00:00:00-04:00,11.30943941693316,11.315097094971655,11.117082679991302,11.16234302520752,948800,0.0,0.0
2002-09-17 00:00:00-04:00,11.31509972542841,11.371675439873952,10.692769024711447,10.715399742126465,2198900,0.0,0.0
2002-09-18 00:00:00-04:00,10.670140544141084,10.715400904790048,10.325029619760171,10.528701782226562,2053700,0.0,0.0
2002-09-19 00:00:00-04:00,10.211875277266394,10.68145179024619,10.194903321277557,10.404232025146484,1446900,0.0,0.0
2002-09-20 00:00:00-04:00,10.607904434204102,10.681452096814173,10.45515035136952,10.607904434204102,1840000,0.0,0.0
2002-09-23 00:00:00-04:00,10.455150615815283,10.551328994948413,10.240164221978096,10.443835258483887,838100,0.0,0.0
2002-09-24 00:00:00-04:00,10.381604194641113,10.426864550295189,10.19490509268155,10.381604194641113,1635300,0.0,0.0
2002-09-25 00:00:00-04:00,10.573957802018361,10.85683520971961,10.398573032297582,10.743683815002441,1361400,0.0,0.0
2002-09-26 00:00:00-04:00,10.902097491816988,11.088796570959257,10.749343405493713,11.009590148925781,1308000,0.0,0.0
2002-09-27 00:00:00-04:00,10.85118006928443,10.919070058715349,10.138328705708235,10.228849411010742,2193000,0.0,0.0
2002-09-30 00:00:00-04:00,10.183588499016196,10.438178643128346,9.651778575255182,10.18924617767334,2344800,0.0,0.0
2002-10-01 00:00:00-04:00,10.325027399089958,10.364630071253684,9.861108532443083,10.268451690673828,2091900,0.0,0.0
2002-10-02 00:00:00-04:00,10.268449842568728,10.268449842568728,9.385872619034853,9.527311325073242,3712400,0.0,0.0
2002-10-03 00:00:00-04:00,9.65743511933407,10.177929624631872,9.60651709649361,10.04214859008789,2675500,0.0,0.0
2002-10-04 00:00:00-04:00,10.053466700685354,10.415549558678665,9.861109912603398,10.262795448303223,2893300,0.0,0.0
2002-10-07 00:00:00-04:00,10.098725576926235,10.325027329984225,9.934656131526769,9.945971488952637,2130100,0.0,0.0
2002-10-08 00:00:00-04:00,10.18358686178889,10.4494912413737,9.861106783820246,10.31371021270752,3260600,0.0,0.0
2002-10-09 00:00:00-04:00,10.172273510014987,10.274109571347083,9.764930343778515,9.793217658996582,2136400,0.0,0.0
2002-10-10 00:00:00-04:00,9.44810735481576,9.561257688476568,8.718283008654012,8.910639762878418,6637500,0.0,0.0
2002-10-11 00:00:00-04:00,8.91629575920354,9.13693978544167,8.797487229865386,9.018131256103516,5384400,0.0,0.0
2002-10-14 00:00:00-04:00,8.99550254220776,9.267064630637833,8.99550254220776,9.052078247070312,2459400,0.0,0.0
2002-10-15 00:00:00-04:00,9.250093460083008,9.334956485037695,9.080366331081724,9.250093460083008,3790500,0.0,0.0
2002-10-16 00:00:00-04:00,9.250095918242119,9.306671642943883,8.51461419484967,8.93893051147461,3988300,0.0,0.0
2002-10-17 00:00:00-04:00,10.04214773418586,10.602244858601567,9.90070903370437,10.596587181091309,5757400,0.0,0.0
2002-10-18 00:00:00-04:00,10.692769004876384,10.692769004876384,10.240165448335626,10.381604194641113,3253200,0.0,0.0
2002-10-21 00:00:00-04:00,10.32502772895398,10.845522320645749,10.183588992940912,10.805919647216797,2258100,0.0,0.0
2002-10-22 00:00:00-04:00,10.80591879545007,10.80591879545007,10.432520648135695,10.551328659057617,2190200,0.0,0.0
2002-10-23 00:00:00-04:00,10.392921143034231,10.69842832065678,9.99689216116527,10.143988609313965,3678800,0.0,0.0
2002-10-24 00:00:00-04:00,10.127012621267061,10.42686311050299,9.962944259335897,10.110040664672852,3066900,0.0,0.0
2002-10-25 00:00:00-04:00,10.183590005575091,10.607906255807386,10.121356610231572,10.57396125793457,1868500,0.0,0.0
2002-10-28 00:00:00-05:00,10.715398496077501,10.749343489160704,10.387260685361534,10.511726379394531,2394400,0.0,0.0
2002-10-29 00:00:00-05:00,10.472124532523575,10.590932557219448,10.127013658535065,10.398575782775879,1627500,0.0,0.0
2002-10-30 00:00:00-05:00,10.353316149377715,10.353316149377715,10.013864009995128,10.274110794067383,1983200,0.0,0.0
2002-10-31 00:00:00-05:00,10.132669366945114,10.523040519049374,10.132669366945114,10.387259483337402,4029400,0.0,0.0
2002-11-01 00:00:00-05:00,10.285423105512463,10.738026543308463,10.200560095812177,10.681450843811035,1942400,0.0,0.0
2002-11-04 00:00:00-05:00,10.749344719216978,10.834207751181872,10.330686159643777,10.381604194641113,1935600,0.0,0.0
2002-11-05 00:00:00-05:00,10.330684832419912,10.619219967304897,10.330684832419912,10.409890174865723,2321600,0.0,0.0
2002-11-06 00:00:00-05:00,10.325027153803518,10.48909659640339,10.211875739659337,10.409890174865723,2553400,0.0,0.0
2002-11-07 00:00:00-05:00,10.438179282180183,10.607905335918101,10.353315176219294,10.540014266967773,1413300,0.0,0.0
2002-11-08 00:00:00-05:00,10.636189826029165,10.73802586285297,10.341998149650188,10.619217872619629,1501000,0.0,0.0
2002-11-11 00:00:00-05:00,10.466467521579917,10.596590912866121,10.194905380002092,10.217535018920898,1084300,0.0,0.0
2002-11-12 00:00:00-05:00,10.325027287390366,10.58527403256049,10.296739973034263,10.523041725158691,1053500,0.0,0.0
2002-11-13 00:00:00-05:00,10.43817625362816,10.692765260368104,10.302394155123581,10.472121238708496,1143400,0.0,0.0
2002-11-14 00:00:00-05:00,10.749344812723841,10.78328980998668,10.551330350355263,10.760660171508789,1795000,0.0,0.0
2002-11-15 00:00:00-05:00,10.760658673776701,11.10011183643402,10.743685637961685,10.975645065307617,2483000,0.0,0.0
2002-11-18 00:00:00-05:00,11.224572853386114,11.24154588213179,11.032216177300738,11.066161155700684,1478200,0.0,0.0
2002-11-19 00:00:00-05:00,11.117083929881648,11.332071403148465,11.003933593665524,11.088796615600586,1713100,0.0,0.0
2002-11-20 00:00:00-05:00,11.117081307827991,11.552712751197138,11.117081307827991,11.445219039916992,2742900,0.0,0.0
2002-11-21 00:00:00-05:00,11.433907745242323,11.597977209091185,11.24155204283179,11.315099716186523,3029800,0.0,0.0
2002-11-22 00:00:00-05:00,11.343455943511431,11.655400549239491,11.27539473186001,11.428531646728516,2733300,0.05,0.0
2002-11-25 00:00:00-05:00,11.479580400218522,11.570327985848982,11.144948272532499,11.502267837524414,1840600,0.0,0.0
2002-11-26 00:00:00-05:00,11.456888311163274,11.632711535107813,11.34345334499492,11.439872741699219,2201300,0.0,0.0
2002-11-27 00:00:00-05:00,11.439874654914489,11.791522243409446,11.439874654914489,11.740476608276367,1672600,0.0,0.0
2002-11-29 00:00:00-05:00,11.740476468807874,11.797192878907595,11.598683279966215,11.69510269165039,853800,0.0,0.0
2002-12-02 00:00:00-05:00,11.893612888688978,12.109139152372386,11.58166829026896,11.655400276184082,2478700,0.0,0.0
2002-12-03 00:00:00-05:00,11.683763855081827,11.825557103124575,11.400177358996329,11.456894874572754,2224800,0.0,0.0
2002-12-04 00:00:00-05:00,11.343456799116012,11.627043219093911,11.343456799116012,11.524951934814453,1622400,0.0,0.0
2002-12-05 00:00:00-05:00,11.627043798637272,11.627043798637272,11.201664147467616,11.451220512390137,1553000,0.0,0.0
2002-12-06 00:00:00-05:00,11.23002178803304,11.50793743133545,11.21867915340962,11.50793743133545,1195300,0.0,0.0
2002-12-09 00:00:00-05:00,11.366146212441809,11.513610224544031,11.230023755153326,11.411520004272461,1892600,0.0,0.0
2002-12-10 00:00:00-05:00,11.337785869150062,11.570326666026855,11.24703829387114,11.462563514709473,1056000,0.0,0.0
2002-12-11 00:00:00-05:00,11.28673851971973,11.445547293392623,11.127930827843104,11.31509780883789,1260500,0.0,0.0
2002-12-12 00:00:00-05:00,11.400174855594447,11.445548641732481,11.235694204721321,11.38883113861084,983800,0.0,0.0
2002-12-13 00:00:00-05:00,11.303754093190626,11.468233642890885,11.241364738926942,11.31509780883789,1206500,0.0,0.0
2002-12-16 00:00:00-05:00,11.25838108948191,11.627043219093911,11.201663589127062,11.524951934814453,1827800,0.0,0.0
2002-12-17 00:00:00-05:00,11.400175051821474,11.473907049891256,11.167634258636854,11.195992469787598,1676600,0.0,0.0
2002-12-18 00:00:00-05:00,11.167634949524789,11.28106888294179,11.042856216430664,11.042856216430664,1894000,0.0,0.0
2002-12-19 00:00:00-05:00,11.003153431548892,11.099572862457057,10.861360214436674,10.946435928344727,1651200,0.0,0.0
2002-12-20 00:00:00-05:00,10.867032916466602,11.042856216430664,10.770613478074086,11.042856216430664,2026300,0.0,0.0
2002-12-23 00:00:00-05:00,10.90105998938353,10.991807543870678,10.787626087172683,10.918075561523438,1438800,0.0,0.0
2002-12-24 00:00:00-05:00,10.73658561148312,10.82166134946923,10.674196232121513,10.798974990844727,733000,0.0,0.0
2002-12-26 00:00:00-05:00,10.708224316771068,10.986140001191243,10.662850526175294,10.850017547607422,1325000,0.0,0.0
2002-12-27 00:00:00-05:00,10.810315362804415,10.844346516301362,10.66852213528989,10.759269714355469,916100,0.0,0.0
2002-12-30 00:00:00-05:00,10.719567901556962,10.798972845459435,10.58911839044099,10.787629127502441,1511100,0.0,0.0
2002-12-31 00:00:00-05:00,10.844347007877804,10.91240715436393,10.679866337242704,10.861361503601074,1308900,0.0,0.0
2003-01-02 00:00:00-05:00,10.833000592749112,11.343455891507707,10.833000592749112,11.286738395690918,1768500,0.0,0.0
2003-01-03 00:00:00-05:00,11.20166442729444,11.286740143294354,11.003153702097027,11.099573135375977,1727100,0.0,0.0
2003-01-06 00:00:00-05:00,11.003150371456284,11.190317322719448,11.003150371456284,11.059867858886719,1574900,0.0,0.0
2003-01-07 00:00:00-05:00,11.037182082737798,11.144945216801078,10.974793810845377,11.031511306762695,1817300,0.0,0.0
2003-01-08 00:00:00-05:00,11.020168972446955,11.025840830929202,10.606133039410437,10.804642677307129,3033600,0.0,0.0
2003-01-09 00:00:00-05:00,10.850014586454543,11.213005893950752,10.804640808242043,11.184646606445312,2312100,0.0,0.0
2003-01-10 00:00:00-05:00,11.21300640838647,11.388829671801888,11.071213209742623,11.286738395690918,1798900,0.0,0.0
2003-01-13 00:00:00-05:00,11.292413720408748,11.52495455103481,11.286741860906089,11.43420696258545,1843700,0.0,0.0
2003-01-14 00:00:00-05:00,11.315099962938621,11.366145611272804,11.190321230656627,11.34345817565918,1501200,0.0,0.0
2003-01-15 00:00:00-05:00,11.422856386532205,11.422856386532205,11.17897198330265,11.326436996459961,1321800,0.0,0.0
2003-01-16 00:00:00-05:00,11.371818060309801,11.661076416132603,11.343459843419904,11.456894874572754,1867900,0.0,0.0
2003-01-17 00:00:00-05:00,11.456894400596083,11.547641989045443,11.303757439414063,11.43420696258545,1652500,0.0,0.0
2003-01-21 00:00:00-05:00,11.485251731089148,11.530625521816653,11.116589546203613,11.116589546203613,1840800,0.0,0.0
2003-01-22 00:00:00-05:00,11.116585819071624,11.133600308767061,10.957777063871978,11.03718090057373,1514000,0.0,0.0
2003-01-23 00:00:00-05:00,11.093901792891666,11.473907685048108,11.071215439074512,11.34345817565918,1382900,0.0,0.0
2003-01-24 00:00:00-05:00,11.343457699311262,11.575998495603429,11.292412053120646,11.366145133972168,3157500,0.0,0.0
2003-01-27 00:00:00-05:00,11.343458519780263,11.558983755665626,11.20166528828301,11.258382797241211,2114900,0.0,0.0
2003-01-28 00:00:00-05:00,11.332112892775926,11.354800325256194,11.12225955131507,11.275395393371582,2119200,0.0,0.0
2003-01-29 00:00:00-05:00,11.241364970743373,11.326440676259725,11.12793105732033,11.28106689453125,2981300,0.0,0.0
2003-01-30 00:00:00-05:00,11.286737309949153,11.320767371447161,10.99180722551002,11.003150939941406,1909800,0.0,0.0
2003-01-31 00:00:00-05:00,11.00315421403011,11.383160106186551,10.991810496223298,11.34345817565918,3925600,0.0,0.0
2003-02-03 00:00:00-05:00,11.91063106028718,11.938989272950229,11.774509692270904,11.92764663696289,5904600,0.0,0.0
2003-02-04 00:00:00-05:00,11.740478219803608,11.740478219803608,11.25838108948191,11.524951934814453,4217800,0.0,0.0
2003-02-05 00:00:00-05:00,11.485251839991712,11.995707260965375,11.479579980872431,11.904959678649902,3667100,0.0,0.0
2003-02-06 00:00:00-05:00,11.904959305195954,11.984363166781996,11.74615050022739,11.83122730255127,3649400,0.0,0.0
2003-02-07 00:00:00-05:00,11.831225884634014,11.938987946215583,11.768836525552638,11.870927810668945,2531200,0.0,0.0
2003-02-10 00:00:00-05:00,11.910631888646531,11.956005681140942,11.853914377579382,11.88227367401123,3251300,0.0,0.0
2003-02-11 00:00:00-05:00,12.449443228498183,12.506159642313026,11.723461664627933,11.825552940368652,3128500,0.0,0.0
2003-02-12 00:00:00-05:00,11.825554079800364,11.876599722589143,11.621371508645254,11.632715225219727,1763700,0.0,0.0
2003-02-13 00:00:00-05:00,11.661073793032367,11.712119437389026,11.513608718423844,11.627043724060059,2140900,0.0,0.0
2003-02-14 00:00:00-05:00,11.615700989965614,11.89361558731324,11.541968987320928,11.83122730255127,1850600,0.0,0.0
2003-02-18 00:00:00-05:00,11.797194275242786,12.160185617263084,11.797194275242786,11.910629272460938,2637900,0.0,0.0
2003-02-19 00:00:00-05:00,11.797193019049839,11.853910511619501,11.593011560313721,11.740476608276367,2051400,0.0,0.0
2003-02-20 00:00:00-05:00,11.80854059909722,12.131829006228086,11.700777436121419,12.024066925048828,2835900,0.0,0.0
2003-02-21 00:00:00-05:00,12.160188302693586,12.160188302693586,11.961677554621277,12.024066925048828,1852400,0.0,0.0
2003-02-24 00:00:00-05:00,11.927644216109371,11.995704345405683,11.79719365166498,11.825552940368652,1770800,0.0,0.0
2003-02-25 00:00:00-05:00,11.655400035786489,11.944658279418945,11.610026257283135,11.944658279418945,2101700,0.0,0.0
2003-02-26 00:00:00-05:00,11.910628934640167,12.06943770988203,11.859583295519435,11.978690147399902,1747100,0.0,0.0
2003-02-27 00:00:00-05:00,11.995704699600198,12.171527967569457,11.853911497283892,12.137497901916504,1743100,0.0,0.0
2003-02-28 00:00:00-05:00,12.1261550069213,12.1261550069213,11.859584157969087,12.092124938964844,1586000,0.0,0.0
2003-03-03 00:00:00-05:00,12.092126509155612,12.358698474519171,12.092126509155612,12.239591598510742,2216000,0.0,0.0
2003-03-04 00:00:00-05:00,12.23959104946462,12.23959104946462,11.72346380077246,11.853913307189941,2394200,0.0,0.0
2003-03-05 00:00:00-05:00,11.785852100337474,11.938987946215583,11.77450838381425,11.870927810668945,2046300,0.0,0.0
2003-03-06 00:00:00-05:00,11.84256958964152,11.93898902521019,11.70077636567562,11.853913307189941,1674800,0.0,0.0
2003-03-07 00:00:00-05:00,11.808537991323862,11.961674913029473,11.683760359820942,11.910629272460938,2000000,0.0,0.0
2003-03-10 00:00:00-05:00,11.882272927956235,11.910631140811002,11.683762192583423,11.689434051513672,1353200,0.0,0.0
2003-03-11 00:00:00-05:00,11.717791736847525,11.797195594703393,11.445549011230469,11.445549011230469,1795200,0.0,0.0
2003-03-12 00:00:00-05:00,11.400172981400766,11.536294317436463,11.161960372889245,11.468233108520508,2286000,0.0,0.0
2003-03-13 00:00:00-05:00,11.581671281426466,11.910631537769182,11.575999422307184,11.904959678649902,2453600,0.0,0.0
2003-03-14 00:00:00-05:00,11.938990001319093,12.080783236877735,11.825556061950099,11.995707511901855,2218100,0.0,0.0
2003-03-17 00:00:00-05:00,11.97301598450426,12.36436436669339,11.956000414141053,12.336006164550781,3192500,0.0,0.0
2003-03-18 00:00:00-05:00,12.404069336564547,12.477801322937012,12.239588708954546,12.477801322937012,2297300,0.0,0.0
2003-03-19 00:00:00-05:00,12.472129821777344,12.472129821777344,12.330336620872469,12.472129821777344,2717800,0.0,0.0
2003-03-20 00:00:00-05:00,12.466460252073688,12.636612773467832,12.307652530261583,12.608253479003906,1762400,0.0,0.0
2003-03-21 00:00:00-05:00,12.891838601593161,13.073333740234375,12.812434748886721,13.073333740234375,3745500,0.0,0.0
2003-03-24 00:00:00-05:00,12.818105211739995,12.846463418391812,12.42108382783714,12.477801322937012,1640900,0.0,0.0
2003-03-25 00:00:00-05:00,12.44944324187094,12.84646354798256,12.336008250526904,12.823777198791504,2178400,0.0,0.0
2003-03-26 00:00:00-05:00,12.784075477297986,12.920196819972611,12.602579271935552,12.710342407226562,2247600,0.0,0.0
2003-03-27 00:00:00-05:00,12.489146077705664,12.818106278506619,12.477802361382379,12.761388778686523,1921000,0.0,0.0
2003-03-28 00:00:00-05:00,12.733031970286243,12.738702747275331,12.540193098763774,12.642284393310547,961800,0.0,0.0
2003-03-31 00:00:00-05:00,12.466458645059094,12.948555770835405,12.307650943718423,12.761388778686523,2144200,0.0,0.0
2003-04-01 00:00:00-05:00,12.812439573882573,12.818111434325605,12.54586862384073,12.676318168640137,3074700,0.0,0.0
2003-04-02 00:00:00-05:00,12.988260006586115,12.993931865756695,12.73303283468912,12.818108558654785,2404100,0.0,0.0
2003-04-03 00:00:00-05:00,12.818105270047226,13.079004234178678,12.789745981470169,12.937211036682129,1713200,0.0,0.0
2003-04-04 00:00:00-05:00,12.9031813837683,13.005272662309697,12.716014400374503,12.755716323852539,1773700,0.0,0.0
2003-04-07 00:00:00-04:00,12.988257696170573,13.158410195630859,12.761388778686523,12.761388778686523,2203900,0.0,0.0
2003-04-08 00:00:00-04:00,12.931536851301724,13.067659248377197,12.886163079541916,13.039299964904785,3095000,0.0,0.0
2003-04-09 00:00:00-04:00,13.096022040554887,13.130052110854168,12.647954940795898,12.647954940795898,2517800,0.0,0.0
2003-04-10 00:00:00-04:00,12.76139343284819,12.76139343284819,12.517508851932948,12.636615753173828,1736900,0.0,0.0
2003-04-11 00:00:00-04:00,12.636612534525009,12.755718323631942,12.5288493811927,12.642284393310547,1319100,0.0,0.0
2003-04-14 00:00:00-04:00,12.61959557003445,12.772732495009809,12.534519861202474,12.761388778686523,2372600,0.0,0.0
2003-04-15 00:00:00-04:00,12.761390931711505,12.818108441100636,12.704673422322372,12.789749145507812,1766600,0.0,0.0
2003-04-16 00:00:00-04:00,12.863482350222906,12.91452800096161,12.716017257177377,12.818108558654785,1895600,0.0,0.0
2003-04-17 00:00:00-04:00,12.534520082128585,12.59123758294835,11.81421030984918,11.870927810668945,8466700,0.0,0.0
2003-04-21 00:00:00-04:00,11.910629786581978,12.233918136273214,11.904957928296614,12.029735565185547,3173600,0.0,0.0
2003-04-22 00:00:00-04:00,12.052425052870559,12.472132901366702,11.853914306228678,12.27929401397705,2976200,0.0,0.0
2003-04-23 00:00:00-04:00,12.279294730982855,12.392729759058005,12.080783972749643,12.330340385437012,2183300,0.0,0.0
2003-04-24 00:00:00-04:00,12.449441136713354,12.472127482068228,12.32466245097531,12.336006164550781,2018400,0.0,0.0
2003-04-25 00:00:00-04:00,12.318994721477925,12.46078794328875,12.097797641627892,12.126155853271484,1604000,0.0,0.0
2003-04-28 00:00:00-04:00,12.10913828663939,12.47780035345028,12.080779000394763,12.17719841003418,1975500,0.0,0.0
2003-04-29 00:00:00-04:00,12.148844253599076,12.375713210168385,12.148844253599076,12.250935554504395,2509400,0.0,0.0
2003-04-30 00:00:00-04:00,12.250936514862369,12.47213362963265,12.165860784704307,12.330340385437012,4117500,0.0,0.0
2003-05-01 00:00:00-04:00,12.330336743610381,12.347352317335,12.012720273324815,12.137497901916504,1566600,0.0,0.0
2003-05-02 00:00:00-04:00,11.995707302241097,12.30765306409585,11.984363583963503,12.250935554504395,1464000,0.0,0.0
2003-05-05 00:00:00-04:00,12.353024748826622,12.534519883131384,12.307650965250431,12.443772315979004,2061200,0.0,0.0
2003-05-06 00:00:00-04:00,12.534520447006955,12.846465087901805,12.494818519816306,12.767061233520508,1898300,0.0,0.0
2003-05-07 00:00:00-04:00,12.721686703623584,12.823777985738927,12.574221638545458,12.65362548828125,1985400,0.0,0.0
2003-05-08 00:00:00-04:00,12.761387584280122,12.835119569887844,12.568548752018414,12.750043869018555,1936700,0.0,0.0
2003-05-09 00:00:00-04:00,12.818106278506619,12.90885384550024,12.727358711512998,12.761388778686523,1182600,0.0,0.0
2003-05-12 00:00:00-04:00,12.681982784407696,13.022285562214952,12.608249722565615,12.988255500793457,2086600,0.0,0.0
2003-05-13 00:00:00-04:00,12.903180501705302,13.044973694031734,12.840791150906886,12.959897994995117,1601200,0.0,0.0
2003-05-14 00:00:00-04:00,12.959898762691987,12.999600685807792,12.767059923161277,12.77273178100586,1612500,0.0,0.0
2003-05-15 00:00:00-04:00,12.761387010753037,12.835118993047068,12.687655028459005,12.806760787963867,3034800,0.0,0.0
2003-05-16 00:00:00-04:00,12.75571692052488,12.846464487518501,12.704671278866428,12.761388778686523,1598700,0.0,0.0
2003-05-19 00:00:00-04:00,12.619601136580185,12.664974940091522,12.528853529557509,12.574227333068848,1697600,0.0,0.0
2003-05-20 00:00:00-04:00,12.574222483299849,12.591238058727642,12.075110837178189,12.228246688842773,2718500,0.0,0.0
2003-05-21 00:00:00-04:00,12.109139042110943,12.216902172971395,11.990032196044924,11.990032196044922,2188200,0.0,0.0
2003-05-22 00:00:00-04:00,12.165856970278051,12.273619023185969,12.120483189633596,12.188543319702148,2621500,0.0,0.0
2003-05-23 00:00:00-04:00,12.165858268737793,12.250933981301728,12.103468908019263,12.165858268737793,3066900,0.0,0.0
2003-05-27 00:00:00-04:00,12.109139712618823,12.250932915151136,12.109139712618823,12.1998872756958,3722400,0.0,0.0
2003-05-28 00:00:00-04:00,12.08078249985841,12.14317186587288,11.91063106028718,11.92764663696289,3434100,0.0,0.0
2003-05-29 00:00:00-04:00,11.927646763767731,12.194217643742341,11.910631186911125,11.973020553588867,3622600,0.0,0.0
2003-05-30 00:00:00-04:00,12.165857209991005,12.279291122939085,12.018392149541846,12.1998872756958,2931400,0.0,0.0
2003-06-02 00:00:00-04:00,12.250931114395454,12.392724296085689,12.058092300753046,12.182869911193848,2719300,0.0,0.0
2003-06-03 00:00:00-04:00,12.18287168338587,12.239589180671649,12.001376557508403,12.137497901916504,1341400,0.0,0.0
2003-06-04 00:00:00-04:00,12.137495026250983,12.438096933388366,12.114808681789384,12.313318252563477,1673600,0.0,0.0
2003-06-05 00:00:00-04:00,12.267950509991309,12.267950509991309,11.927647603279269,12.069440841674805,2370400,0.0,0.0
2003-06-06 00:00:00-04:00,12.194216376884,12.194216376884,11.479578450097561,11.757493019104004,4510800,0.0,0.0
2003-06-09 00:00:00-04:00,11.78585553790429,11.83690119535087,11.428535935778225,11.530627250671387,3003300,0.0,0.0
2003-06-10 00:00:00-04:00,11.502266554646607,11.68943356435877,11.485250978564979,11.60435676574707,1840400,0.0,0.0
2003-06-11 00:00:00-04:00,11.604354639090445,11.661072133838513,11.513607080212033,11.655400276184082,2622300,0.0,0.0
2003-06-12 00:00:00-04:00,11.757498724458491,11.887948284718247,11.723468639563967,11.8198881149292,3212500,0.0,0.0
2003-06-13 00:00:00-04:00,11.910628316764443,12.222572911389785,11.89361274400814,12.211230278015137,2985400,0.0,0.0
2003-06-16 00:00:00-04:00,12.211230666354798,12.25093258891921,11.96734619140625,11.96734619140625,2897500,0.0,0.0
2003-06-17 00:00:00-04:00,11.938990594672395,12.148845069719174,11.853914865468358,12.063769340515137,2987400,0.0,0.0
2003-06-18 00:00:00-04:00,12.06943873828816,12.06943873828816,11.309427026394472,11.757493019104004,10328800,0.0,0.0
2003-06-19 00:00:00-04:00,11.72346295072266,11.99570566136615,11.706447375633804,11.757493019104004,4806100,0.0,0.0
2003-06-20 00:00:00-04:00,11.882271352050372,11.893613986610058,11.678088784827361,11.683760643005371,3275700,0.0,0.0
2003-06-23 00:00:00-04:00,11.627042752673654,11.632714610661246,11.400173842151476,11.564653396606445,2577200,0.0,0.0
2003-06-24 00:00:00-04:00,11.456890344413763,11.502264122574372,11.144944672987902,11.167632102966309,5640500,0.0,0.0
2003-06-25 00:00:00-04:00,11.116587605359294,11.25838081185164,10.991808891296387,10.991808891296387,4935400,0.0,0.0
2003-06-26 00:00:00-04:00,11.059864685746069,11.161955917471051,10.969117164611816,10.969117164611816,3216300,0.0,0.0
2003-06-27 00:00:00-04:00,10.986139267818796,10.991810044692782,10.747926612643589,10.844346046447754,3539100,0.0,0.0
2003-06-30 00:00:00-04:00,10.918075356702925,10.918075356702925,10.54941328829037,10.730908393859863,5494400,0.0,0.0
2003-07-01 00:00:00-04:00,10.844343965819503,11.309425469597166,10.810312820326342,11.292409896850586,3444900,0.0,0.0
2003-07-02 00:00:00-04:00,11.4342008852112,11.655397879263877,11.320765919042845,11.439872741699219,3860700,0.0,0.0
2003-07-03 00:00:00-04:00,11.47390279883132,11.655397879263877,11.315095144350838,11.439872741699219,2141800,0.0,0.0
2003-07-07 00:00:00-04:00,11.479575145402759,11.575994546223372,11.09956939885047,11.241362571716309,3440800,0.0,0.0
2003-07-08 00:00:00-04:00,11.201664101572904,11.298083532048173,11.144946598623385,11.247037887573242,2149500,0.0,0.0
2003-07-09 00:00:00-04:00,11.27539729267112,11.377488592436583,11.195993429207538,11.258382797241211,2445000,0.0,0.0
2003-07-10 00:00:00-04:00,11.23002102327968,11.349127873983415,11.207334673781418,11.31509780883789,2554400,0.0,0.0
2003-07-11 00:00:00-04:00,11.40017594272789,11.638388613117899,11.354802152262959,11.49659538269043,1834000,0.0,0.0
2003-07-14 00:00:00-04:00,11.530623301337917,11.700774713350482,11.462562087455114,11.485249519348145,2326400,0.0,0.0
2003-07-15 00:00:00-04:00,11.598684999100845,11.649730641193424,11.49092185670581,11.50793743133545,1578400,0.0,0.0
2003-07-16 00:00:00-04:00,11.593014822652968,11.672418685517473,11.411519660793246,11.49659538269043,1847700,0.0,0.0
2003-07-17 00:00:00-04:00,11.428534242319314,11.428534242319314,11.105245847593018,11.258382797241211,2976000,0.0,0.0
2003-07-18 00:00:00-04:00,11.230022181193139,11.235694039601588,10.918077541303031,11.201663970947266,6016900,0.0,0.0
2003-07-21 00:00:00-04:00,11.57032628316298,11.57032628316298,11.258381638688537,11.38883113861084,4649300,0.0,0.0
2003-07-22 00:00:00-04:00,11.388831020465265,11.479578591799939,11.320769801066069,11.40584659576416,2566700,0.0,0.0
2003-07-23 00:00:00-04:00,11.400172599228656,11.740476468807874,11.36047067944038,11.69510269165039,2299600,0.0,0.0
2003-07-24 00:00:00-04:00,11.797195381618382,11.853912885546592,11.553311953780977,11.575998306274414,2532100,0.0,0.0
2003-07-25 00:00:00-04:00,11.541969299316408,11.627045022143522,11.405847926433722,11.541969299316406,1786400,0.0,0.0
2003-07-28 00:00:00-04:00,11.485253091462651,11.610030760293483,11.394505499259022,11.456894874572754,2193300,0.0,0.0
2003-07-29 00:00:00-04:00,11.377486756589635,11.405846047390993,11.116587771995114,11.161961555480957,3324300,0.0,0.0
2003-07-30 00:00:00-04:00,11.20733723556967,11.213009094689783,10.986140138867828,11.020170211791992,2277800,0.0,0.0
2003-07-31 00:00:00-04:00,10.997482775311541,11.201665376449556,10.940766347703438,11.020170211791992,1981600,0.0,0.0
2003-08-01 00:00:00-04:00,11.037183972237361,11.093901477864376,10.844346183979816,10.906734466552734,2016300,0.0,0.0
2003-08-04 00:00:00-04:00,10.838674776512427,10.92375049759691,10.651507757407972,10.787629127502441,1675300,0.0,0.0
2003-08-05 00:00:00-04:00,10.747924298865614,10.895388265365082,10.634489313470121,10.662847518920898,1954200,0.0,0.0
2003-08-06 00:00:00-04:00,10.674191736171524,10.827328649123555,10.532398538652144,10.7479248046875,2563900,0.0,0.0
2003-08-07 00:00:00-04:00,10.83300032057725,10.946434227564623,10.74225276226886,10.878374099731445,2288900,0.0,0.0
2003-08-08 00:00:00-04:00,10.98613907946477,11.19032057911687,10.912405999809959,11.05419921875,2357200,0.0,0.0
2003-08-11 00:00:00-04:00,11.008824787069615,11.139274281221649,10.838673367027516,10.889719009399414,1202800,0.0,0.0
2003-08-12 00:00:00-04:00,10.895387816435539,11.020166511588485,10.850014040506146,11.003150939941406,1621300,0.0,0.0
2003-08-13 00:00:00-04:00,11.003156545652047,11.003156545652047,10.776287550423524,10.798974990844727,1604300,0.0,0.0
2003-08-14 00:00:00-04:00,10.798972200056518,11.122260569934044,10.793300341417002,11.099573135375977,1755800,0.0,0.0
2003-08-15 00:00:00-04:00,11.173306345528571,11.349129638207858,11.082558769836265,11.144947052001953,1416400,0.0,0.0
2003-08-18 00:00:00-04:00,11.286739683481262,11.366144619403183,11.201663970947266,11.201663970947266,1584000,0.0,0.0
2003-08-19 00:00:00-04:00,11.25838264942475,11.269726367426754,11.0031544033621,11.071215629577637,2384400,0.0,0.0
2003-08-20 00:00:00-04:00,11.07121301544711,11.44554696675375,11.020167378287457,11.40017318725586,2459300,0.0,0.0
2003-08-21 00:00:00-04:00,11.400174018159,11.485249725693764,11.343456519203718,11.371814727783203,2005400,0.0,0.0
2003-08-22 00:00:00-04:00,11.468236032035374,11.485251609051076,11.014498129581584,11.08823013305664,2272100,0.0,0.0
2003-08-25 00:00:00-04:00,11.048526390252588,11.059870106403093,10.923748757985996,10.991808891296387,2242000,0.0,0.0
2003-08-26 00:00:00-04:00,10.923748172699415,11.059869513823228,10.787626831575604,11.031511306762695,1573600,0.0,0.0
2003-08-27 00:00:00-04:00,11.031511306762697,11.144945216801078,11.014495733448623,11.031511306762695,1162900,0.0,0.0
2003-08-28 00:00:00-04:00,11.025840361792364,11.059870429441515,10.787627724655616,10.889719009399414,2756900,0.0,0.0
2003-08-29 00:00:00-04:00,10.889716901193298,10.986136309029765,10.844343125846498,10.95777702331543,2315700,0.0,0.0
2003-09-02 00:00:00-04:00,11.099571416752891,11.31509768449744,11.059869494220015,11.286738395690918,2777600,0.0,0.0
2003-09-03 00:00:00-04:00,11.400175554552215,11.400175554552215,11.173306609952443,11.298084259033203,2687200,0.0,0.0
2003-09-04 00:00:00-04:00,11.298082736398756,11.485249725693764,11.258380811668953,11.371814727783203,2338900,0.0,0.0
2003-09-05 00:00:00-04:00,11.213008666270253,11.558983405006257,11.178977512849816,11.34345817565918,2628800,0.0,0.0
2003-09-08 00:00:00-04:00,11.34345817565918,11.51360961557548,11.315099962938621,11.34345817565918,1943300,0.0,0.0
2003-09-09 00:00:00-04:00,11.309425469597166,11.320768102965333,11.07121286012614,11.292409896850586,2841700,0.0,0.0
2003-09-10 00:00:00-04:00,11.286740741882111,11.286740741882111,11.042856216430664,11.042856216430664,1754300,0.0,0.0
2003-09-11 00:00:00-04:00,11.14494433083735,11.252707456334036,11.116586126031144,11.19031810760498,1214100,0.0,0.0
2003-09-12 00:00:00-04:00,11.144946715997849,11.269725440160196,11.116588505122627,11.230022430419922,1291700,0.0,0.0
2003-09-15 00:00:00-04:00,11.173307188971632,11.213009121109454,11.042856592494696,11.178977966308594,1402300,0.0,0.0
2003-09-16 00:00:00-04:00,11.110918045043945,11.190321910925716,11.014498601417564,11.110918045043945,1914800,0.0,0.0
2003-09-17 00:00:00-04:00,11.110915511332504,11.190319359107177,10.946434876032063,11.025839805603027,2586200,0.0,0.0
2003-09-18 00:00:00-04:00,11.088232396048582,11.088232396048582,10.798975100322716,10.9861421585083,3920500,0.0,0.0
2003-09-19 00:00:00-04:00,11.042856815862043,11.173307414977643,10.946437372235662,11.110918045043945,2320600,0.0,0.0
2003-09-22 00:00:00-04:00,11.031512063183698,11.178976048165442,10.980466421537582,11.161961555480957,1509000,0.0,0.0
2003-09-23 00:00:00-04:00,11.207335994058697,11.40584671408625,11.184648560091482,11.38883113861084,1937000,0.0,0.0
2003-09-24 00:00:00-04:00,11.303753208991914,11.34345512885552,10.889717356419771,10.918075561523438,3363100,0.0,0.0
2003-09-25 00:00:00-04:00,10.918077717640841,11.008825290048948,10.838673862232845,10.946435928344727,2713600,0.0,0.0
2003-09-26 00:00:00-04:00,10.946437227606994,11.00882659671638,10.838675148704539,10.861361503601074,2177600,0.0,0.0
2003-09-29 00:00:00-04:00,10.935092793530398,10.974794719420464,10.821657792304768,10.889719009399414,1968800,0.0,0.0
2003-09-30 00:00:00-04:00,10.861362335826183,10.872706055041897,10.713897231411726,10.753599166870117,3571400,0.0,0.0
2003-10-01 00:00:00-04:00,10.776285409545446,10.83300291753393,10.730911619513957,10.787629127502441,4193000,0.0,0.0
2003-10-02 00:00:00-04:00,10.764940609038252,10.787628042670734,10.691208613325443,10.742254257202148,4597500,0.0,0.0
2003-10-03 00:00:00-04:00,10.929421762911094,10.95210811579632,10.747926612643589,10.844346046447754,3041400,0.0,0.0
2003-10-06 00:00:00-04:00,10.929421385570874,11.264053462997015,10.86136016567217,11.247037887573242,2603800,0.0,0.0
2003-10-07 00:00:00-04:00,11.144943105616223,11.343453762824868,11.076882988845062,11.33778190612793,2434900,0.0,0.0
2003-10-08 00:00:00-04:00,11.337786300446151,11.417190161386669,11.20166493234963,11.264054298400879,3030100,0.0,0.0
2003-10-09 00:00:00-04:00,11.264051295483805,11.558980306835359,11.264051295483805,11.473904609680176,2766600,0.0,0.0
2003-10-10 00:00:00-04:00,11.59301315159954,11.604355786233436,11.40017429947086,11.524951934814453,2792300,0.0,0.0
2003-10-13 00:00:00-04:00,11.558979800560424,11.751818615957268,11.54196531095232,11.672414779663086,1838700,0.0,0.0
2003-10-14 00:00:00-04:00,11.729139833347118,11.740483554932187,11.405851340750472,11.54764461517334,2562700,0.0,0.0
2003-10-15 00:00:00-04:00,11.655402842771219,11.717792208912215,11.309428104035215,11.34345817565918,3260800,0.0,0.0
2003-10-16 00:00:00-04:00,11.343458047953156,11.388831836873111,11.116589103353386,11.298084259033203,5159500,0.0,0.0
2003-10-17 00:00:00-04:00,11.088226955737797,11.16763187726119,10.776282372412744,10.918075561523438,9776400,0.0,0.0
2003-10-20 00:00:00-04:00,10.918077729616376,11.105244733137946,10.815986440096177,11.008825302124023,3348000,0.0,0.0
2003-10-21 00:00:00-04:00,10.946437227606994,11.031514033409437,10.850017785254545,10.861361503601074,3708200,0.0,0.0
2003-10-22 00:00:00-04:00,10.861359929510735,10.861359929510735,10.747926007874508,10.776284217834473,3483700,0.0,0.0
2003-10-23 00:00:00-04:00,10.776282170252237,10.872701580310551,10.696878332014624,10.730908393859863,4981000,0.0,0.0
2003-10-24 00:00:00-04:00,10.730912810235298,10.798974043732972,10.56643212699727,10.753599166870117,4471700,0.0,0.0
2003-10-27 00:00:00-05:00,10.753595813458565,10.895389014048238,10.668520109464016,10.71389389038086,2436200,0.0,0.0
2003-10-28 00:00:00-05:00,10.71389485776691,10.867031787862,10.71389485776691,10.776284217834473,3513000,0.0,0.0
2003-10-29 00:00:00-05:00,10.776285052290717,10.861360770554775,10.73658312255392,10.79330062866211,2715600,0.0,0.0
2003-10-30 00:00:00-05:00,10.628822540828823,11.059874177031288,10.628822540828823,10.9861421585083,3507500,0.0,0.0
2003-10-31 00:00:00-05:00,10.991808522951137,11.082557167317782,10.770611474410407,10.98046588897705,4354200,0.0,0.0
2003-11-03 00:00:00-05:00,10.980466995872147,11.201664066710833,10.96912327895827,11.105244636535645,4045600,0.0,0.0
2003-11-04 00:00:00-05:00,11.059869796259422,11.21867857252417,10.929420309575676,11.139273643493652,3936200,0.0,0.0
2003-11-05 00:00:00-05:00,11.082559603696476,11.292412982600796,11.06554402630024,11.224352836608887,3155600,0.0,0.0
2003-11-06 00:00:00-05:00,11.201664417837007,11.201664417837007,10.991809975537738,11.082558631896973,1884400,0.0,0.0
2003-11-07 00:00:00-05:00,11.105244788053975,11.258381723091546,11.071214718644427,11.230022430419922,1918400,0.0,0.0
2003-11-10 00:00:00-05:00,11.230021206560284,11.230021206560284,11.082557227924221,11.139273643493652,1790600,0.0,0.0
2003-11-11 00:00:00-05:00,11.161961123167613,11.315098042174823,11.105243625557948,11.28106689453125,2701400,0.0,0.0
2003-11-12 00:00:00-05:00,11.247038721715137,11.292412511080643,11.184649355663888,11.264054298400879,2046100,0.0,0.0
2003-11-13 00:00:00-05:00,11.264052066491725,11.349127769470215,11.173304505741834,11.349127769470215,2835400,0.0,0.0
2003-11-14 00:00:00-05:00,11.383158444118234,11.411517734494492,10.969122540791695,10.991808891296387,4479700,0.0,0.0
2003-11-17 00:00:00-05:00,10.935093621581506,10.969123691807559,10.793300400210464,10.844346046447754,3576300,0.0,0.0
2003-11-18 00:00:00-05:00,10.804639873210153,10.872701075537,10.691205978393556,10.691205978393555,4251000,0.0,0.0
2003-11-19 00:00:00-05:00,10.7479248046875,10.793298584621851,10.572100460870171,10.7479248046875,4748100,0.0,0.0
2003-11-20 00:00:00-05:00,10.662849460640127,10.850016463368716,10.645834966989776,10.804642677307129,2224600,0.0,0.0
2003-11-21 00:00:00-05:00,10.804640165836194,11.116585819071624,10.713892614806722,11.03718090057373,4559000,0.0,0.0
2003-11-24 00:00:00-05:00,11.173306355315935,11.264053931087732,11.048527627282388,11.20733642578125,2903900,0.0,0.0
2003-11-25 00:00:00-05:00,11.309428447123944,11.315100306199414,11.150619638400277,11.258382797241211,3383300,0.0,0.0
2003-11-26 00:00:00-05:00,11.332113527829234,11.428532957681082,11.269725248604896,11.422861099243164,2728100,0.0,0.0
2003-11-28 00:00:00-05:00,11.377485789896163,11.513607128788081,11.377485789896163,11.47957706451416,1070600,0.0,0.0
2003-12-01 00:00:00-05:00,11.541969781258716,11.62704550763822,11.485252269740194,11.581671714782715,2973900,0.0,0.0
2003-12-02 00:00:00-05:00,11.496596810937262,11.536298747301771,11.388833639521717,11.456894874572754,2189900,0.0,0.0
2003-12-03 00:00:00-05:00,11.343455088033016,11.377485150394186,11.082556140270423,11.09389877319336,3047000,0.0,0.0
2003-12-04 00:00:00-05:00,11.279183650101055,11.452888377131206,11.215492910799297,11.366035461425781,3259900,0.4,0.0
2003-12-05 00:00:00-05:00,11.319714227308022,11.371825534083818,11.21549271813711,11.267602920532227,1797000,0.0,0.0
2003-12-08 00:00:00-05:00,11.186544040495427,11.238655359671352,11.093901940711772,11.146013259887695,2287700,0.0,0.0
2003-12-09 00:00:00-05:00,11.163380934292938,11.238652205096429,11.018627555964153,11.059158325195312,2480900,0.0,0.0
2003-12-10 00:00:00-05:00,11.146011214102,11.290764606492935,11.099690172712132,11.169172286987305,1938200,0.0,0.0
2003-12-11 00:00:00-05:00,11.16338386247152,11.256025960551703,11.117062813431426,11.203914642333984,1582100,0.0,0.0
2003-12-12 00:00:00-05:00,11.232861624070093,11.25602269405927,11.08810824977955,11.16338062286377,1264200,0.0,0.0
2003-12-15 00:00:00-05:00,11.26181615830442,11.487631132895087,11.169174060811793,11.215495109558105,1873700,0.0,0.0
2003-12-16 00:00:00-05:00,11.273392662697544,11.360245572860558,11.012837245350392,11.250232696533203,1975700,0.0,0.0
2003-12-17 00:00:00-05:00,11.151803529171792,11.19812457906362,11.047580890819944,11.146013259887695,2213900,0.0,0.0
2003-12-18 00:00:00-05:00,11.180754962503142,11.267606802256628,11.088112852848615,11.232866287231445,1973300,0.0,0.0
2003-12-19 00:00:00-05:00,11.198124750181593,11.279186312635753,11.03600052089231,11.24444580078125,4985600,0.0,0.0
2003-12-22 00:00:00-05:00,11.117060287228176,11.19233156067109,11.076528412195113,11.099689483642578,2629800,0.0,0.0
2003-12-23 00:00:00-05:00,11.047579956459206,11.122851242024424,10.960728133305231,10.96651840209961,3543700,0.0,0.0
2003-12-24 00:00:00-05:00,11.00125782719903,11.030208063939364,10.93756598111341,11.012838363647461,1402900,0.0,0.0
2003-12-26 00:00:00-05:00,11.030212325335215,11.059163677641312,10.989681536487849,11.018632888793945,414000,0.0,0.0
2003-12-29 00:00:00-05:00,11.03021121440852,11.041791754164604,10.86229780546952,10.943359375,3595400,0.0,0.0
2003-12-30 00:00:00-05:00,11.001258152919561,11.088109970092773,10.97809707933696,11.088109970092773,2673800,0.0,0.0
2003-12-31 00:00:00-05:00,11.0881087573215,11.20970217156923,11.059158522890478,11.157590866088867,2279900,0.0,0.0
2004-01-02 00:00:00-05:00,11.20391243025994,11.360246354046899,11.134430318227725,11.17496109008789,2166600,0.0,0.0
2004-01-05 00:00:00-05:00,11.290762673286281,11.342873973974969,11.012836472533643,11.035996437072754,2129200,0.0,0.0
2004-01-06 00:00:00-05:00,11.001259122920644,11.03020936307072,10.879666789033287,10.931777000427246,3833700,0.0,0.0
2004-01-07 00:00:00-05:00,10.897039042455921,10.943360100168697,10.79860665676863,10.856508255004883,3502800,0.0,0.0
2004-01-08 00:00:00-05:00,10.885453003448795,10.908614072796578,10.694378598851872,10.763860702514648,5633400,0.0,0.0
2004-01-09 00:00:00-05:00,10.873875490719602,11.19233251974623,10.856504685645493,10.920196533203125,5058000,0.0,0.0
2004-01-12 00:00:00-05:00,10.943359164162471,11.064952620496594,10.943359164162471,11.001260757446289,2251100,0.0,0.0
2004-01-13 00:00:00-05:00,10.902826549742297,10.995468641690652,10.873876310151257,10.96651840209961,1808000,0.0,0.0
2004-01-14 00:00:00-05:00,11.030206933634469,11.174960311264217,11.018627502753366,11.09389877319336,3019900,0.0,0.0
2004-01-15 00:00:00-05:00,11.128643637774838,11.29076788186079,11.00705128299617,11.232866287231445,2326900,0.0,0.0
2004-01-16 00:00:00-05:00,11.290762348343439,11.296552615406712,11.082317151587638,11.117058753967285,2387300,0.0,0.0
2004-01-20 00:00:00-05:00,10.885453019399746,10.931774053782616,10.717539683904555,10.787020683288574,3911600,0.0,0.0
2004-01-21 00:00:00-05:00,10.810186272676411,11.01284129697926,10.810186272676411,11.001260757446289,2005300,0.0,0.0
2004-01-22 00:00:00-05:00,10.954936595237683,10.98967709959796,10.815973473415854,10.914405822753906,2908900,0.0,0.0
2004-01-23 00:00:00-05:00,10.914406392580792,10.943356630329024,10.763862726652276,10.873875617980957,4181900,0.0,0.0
2004-01-26 00:00:00-05:00,10.856503683289802,10.978095994439927,10.833342611996065,10.954936027526855,2024600,0.0,0.0
2004-01-27 00:00:00-05:00,10.954936289015494,11.030207563755498,10.879665014275492,10.885454177856445,3552300,0.0,0.0
2004-01-28 00:00:00-05:00,10.937566444289729,11.08231984288279,10.677010989450695,10.705961227416992,2992700,0.0,0.0
2004-01-29 00:00:00-05:00,10.71175173381119,10.960727761622326,10.71175173381119,10.94914722442627,3093700,0.0,0.0
2004-01-30 00:00:00-05:00,10.885455374228776,11.02441961181982,10.80439382261801,10.94914722442627,2671500,0.0,0.0
2004-02-02 00:00:00-05:00,10.902826040965184,11.030208635354688,10.798603416291591,10.972308158874512,3353700,0.0,0.0
2004-02-03 00:00:00-05:00,11.059158663446745,11.458678309080334,11.059158663446745,11.290763854980469,10371100,0.0,0.0
2004-02-04 00:00:00-05:00,11.174965773722192,11.232867373953217,10.914410229254333,11.018632888793945,4374400,0.0,0.0
2004-02-05 00:00:00-05:00,10.972308158874512,11.059159977975574,10.93756654772945,10.972308158874512,3221700,0.0,0.0
2004-02-06 00:00:00-05:00,10.931776279205272,11.059159977975574,10.89124550391683,10.972308158874512,2106500,0.0,0.0
2004-02-09 00:00:00-05:00,10.897037236475994,11.04179065588589,10.856506455742174,10.989679336547852,2534400,0.0,0.0
2004-02-10 00:00:00-05:00,10.91440729808955,10.989678585108265,10.85650571340853,10.931777000427246,2451300,0.0,0.0
2004-02-11 00:00:00-05:00,10.937565485130559,11.001257328327963,10.873874746313847,10.885454177856445,3605600,0.0,0.0
2004-02-12 00:00:00-05:00,10.84492308776799,10.914405196884925,10.78123235082318,10.833342552185059,3288600,0.0,0.0
2004-02-13 00:00:00-05:00,10.827553184462618,10.954935760329239,10.804392113733792,10.868083953857422,2067600,0.0,0.0
2004-02-17 00:00:00-05:00,10.989678762703365,11.070741424319127,10.914407474468252,11.0302095413208,2221100,0.0,0.0
2004-02-18 00:00:00-05:00,11.047580890819944,11.319716920886815,11.001259840928116,11.146013259887695,3665600,0.0,0.0
2004-02-19 00:00:00-05:00,11.232861893624474,11.42393630809797,11.180750589278917,11.250232696533203,3515000,0.0,0.0
2004-02-20 00:00:00-05:00,11.250235129906523,11.250235129906523,10.93177696731593,11.064950942993164,3133100,0.0,0.0
2004-02-23 00:00:00-05:00,11.041787575877525,11.093898880679578,11.007047074136368,11.024417877197266,2564600,0.0,0.0
2004-02-24 00:00:00-05:00,10.983891187370766,11.0360025167674,10.88545879899725,10.90861988067627,4207200,0.0,0.0
2004-02-25 00:00:00-05:00,10.960730184634127,11.036001484286562,10.879668615103647,10.943359375,3225600,0.0,0.0
2004-02-26 00:00:00-05:00,10.943357326922097,10.989678372896273,10.920197356125433,10.96651840209961,5149900,0.0,0.0
2004-02-27 00:00:00-05:00,11.001260757446289,11.093902864947987,10.943359164162471,11.001260757446289,3032900,0.0,0.0
2004-03-01 00:00:00-05:00,11.001259122920644,11.070741245414043,10.92019756699574,10.931777000427246,3009000,0.0,0.0
2004-03-02 00:00:00-05:00,10.86808786596023,11.018631566745746,10.86808786596023,11.001260757446289,3760900,0.0,0.0
2004-03-03 00:00:00-05:00,11.001256752987672,11.088108559108816,10.943355180780031,11.059158325195312,4821600,0.0,0.0
2004-03-04 00:00:00-05:00,11.088111126937521,11.105481933936803,10.978098224703842,11.0302095413208,2248000,0.0,0.0
2004-03-05 00:00:00-05:00,11.030208318863515,11.041788855579588,10.91440626484509,10.920196533203125,3486500,0.0,0.0
2004-03-08 00:00:00-05:00,10.966520243228413,11.030211001897682,10.943359164162471,11.001260757446289,2597900,0.0,0.0
2004-03-09 00:00:00-05:00,10.943353952687128,11.093897581780325,10.781230893956383,10.839131355285645,3346900,0.0,0.0
2004-03-10 00:00:00-05:00,10.804391485324865,10.914404356126898,10.787020683288574,10.787020683288574,3456900,0.0,0.0
2004-03-11 00:00:00-05:00,10.538044514293226,10.538044514293226,10.126944418504182,10.364339828491211,9321500,0.0,0.0
2004-03-12 00:00:00-05:00,10.42224759973554,10.526470252433871,10.370136273386374,10.491729736328125,2600800,0.0,0.0
2004-03-15 00:00:00-05:00,10.514887871780251,10.526468409915513,10.439616582662861,10.480147361755371,2950200,0.0,0.0
2004-03-16 00:00:00-05:00,10.480144821805641,10.65384843421244,10.47435455414133,10.532256126403809,2312900,0.0,0.0
2004-03-17 00:00:00-05:00,10.555417560354515,10.705961227416992,10.514886785449384,10.705961227416992,4255700,0.0,0.0
2004-03-18 00:00:00-05:00,10.705961870393578,10.72333267684508,10.624900315714937,10.653850555419922,3106000,0.0,0.0
2004-03-19 00:00:00-05:00,10.642268926852186,10.763862350786521,10.55541711225951,10.677010536193848,2795500,0.0,0.0
2004-03-22 00:00:00-05:00,10.677011252665592,10.705961491345585,10.422244955634564,10.433825492858887,2920500,0.0,0.0
2004-03-23 00:00:00-05:00,10.491727528395062,10.526468037189835,10.445406481875075,10.462776184082031,2259400,0.0,0.0
2004-03-24 00:00:00-05:00,10.445404769681433,10.532256579622192,10.364342123273467,10.40487289428711,2427700,0.0,0.0
2004-03-25 00:00:00-05:00,10.456982430108432,10.578575826936696,10.422241932891998,10.514883995056152,2627000,0.0,0.0
2004-03-26 00:00:00-05:00,10.538050001112138,10.607531028105099,10.474358139384412,10.590161323547363,1643500,0.0,0.0
2004-03-29 00:00:00-05:00,10.578581097374625,10.763865314014842,10.567000557739352,10.688592910766602,1866800,0.0,0.0
2004-03-30 00:00:00-05:00,10.659639413554997,10.792812265583379,10.595947569375896,10.781232833862305,1313900,0.0,0.0
2004-03-31 00:00:00-05:00,10.769652619010133,10.769652619010133,10.601738153667654,10.677010536193848,3455100,0.0,0.0
2004-04-01 00:00:00-05:00,10.677012185542049,10.827555869469169,10.677012185542049,10.792814254760742,2198200,0.0,0.0
2004-04-02 00:00:00-05:00,10.815977083634028,10.879668949871236,10.682804185484494,10.69438362121582,4691000,0.0,0.0
2004-04-05 00:00:00-04:00,10.68280081665778,10.746491558428989,10.671220280197291,10.700170516967773,3430800,0.0,0.0
2004-04-06 00:00:00-04:00,10.71175037194293,11.117060287228176,10.653848797704942,11.099689483642578,4648500,0.0,0.0
2004-04-07 00:00:00-04:00,11.001258210206265,11.059159790083507,10.815974038103716,10.873875617980957,2910600,0.0,0.0
2004-04-08 00:00:00-04:00,10.92019488159101,10.96072564958647,10.798601473224036,10.850712776184082,2405100,0.0,0.0
2004-04-12 00:00:00-04:00,10.815977380795722,10.850717897706359,10.70017418525211,10.723335266113281,2008800,0.0,0.0
2004-04-13 00:00:00-04:00,10.769652425727262,10.804392930064695,10.572787727180602,10.578577995300293,2097500,0.0,0.0
2004-04-14 00:00:00-04:00,10.5380465916923,10.694379404037937,10.5380465916923,10.630688667297363,2446900,0.0,0.0
2004-04-15 00:00:00-04:00,10.68280244604759,10.798604515172922,10.653851100480574,10.769654273986816,1865400,0.0,0.0
2004-04-16 00:00:00-04:00,10.80439692703037,10.856508255004883,10.636483506964481,10.856508255004883,1640200,0.0,0.0
2004-04-19 00:00:00-04:00,10.810186458616439,10.82755726821468,10.572790916012403,10.798605918884277,4580800,0.0,0.0
2004-04-20 00:00:00-04:00,10.074836564501538,10.613319396972656,10.074836564501538,10.613319396972656,13547100,0.0,0.0
2004-04-21 00:00:00-04:00,10.422246451415738,10.532259362074022,10.196431465036975,10.248542785644531,7837500,0.0,0.0
2004-04-22 00:00:00-04:00,10.155899665029946,10.462776184082031,10.115367782991703,10.462776184082031,5075700,0.0,0.0
2004-04-23 00:00:00-04:00,10.462776863817556,10.462776863817556,10.242752154648485,10.254331588745117,3608500,0.0,0.0
2004-04-26 00:00:00-04:00,10.254329935070789,10.335392586960166,10.132737613807858,10.161687850952148,5090000,0.0,0.0
2004-04-27 00:00:00-04:00,10.179058200475064,10.277490548495033,9.924291928356194,9.97640323638916,6167900,0.0,0.0
2004-04-28 00:00:00-04:00,9.854811047131019,9.924292055813511,9.750588429726559,9.773748397827148,5012100,0.0,0.0
2004-04-29 00:00:00-04:00,9.727430157169527,10.051678638954606,9.69268964282864,9.930085182189941,4983000,0.0,0.0
2004-04-30 00:00:00-04:00,9.924292892919183,9.959034504571576,9.744798983571744,9.820070266723633,2676500,0.0,0.0
2004-05-03 00:00:00-04:00,9.959033920904096,10.034305199644574,9.843230764277937,10.016934394836426,4840600,0.0,0.0
2004-05-04 00:00:00-04:00,10.040096484689554,10.092207800010641,9.935873854047381,9.982194900512695,4661000,0.0,0.0
2004-05-05 00:00:00-04:00,9.987986149807638,10.15590064996524,9.987986149807638,10.103789329528809,3968300,0.0,0.0
2004-05-06 00:00:00-04:00,10.01114420973068,10.092205748471613,9.930081566609111,10.02851390838623,2096200,0.0,0.0
2004-05-07 00:00:00-04:00,9.987981796264648,10.02272229328599,9.959031566143613,9.987981796264648,2855800,0.0,0.0
2004-05-10 00:00:00-04:00,9.98798670918174,9.98798670918174,9.872183522975046,9.964825630187988,2206900,0.0,0.0
2004-05-11 00:00:00-04:00,9.987987005165422,10.121159900182839,9.982196735245395,9.99377727508545,2630400,0.0,0.0
2004-05-12 00:00:00-04:00,9.987986332188479,10.005357140778136,9.802702124756086,9.924294471740723,3754700,0.0,0.0
2004-05-13 00:00:00-04:00,9.924293316335836,9.982194900512695,9.86639283653984,9.982194900512695,2215200,0.0,0.0
2004-05-14 00:00:00-04:00,9.912712993204993,10.005355077819742,9.849021145889566,9.947453498840332,1814700,0.0,0.0
2004-05-17 00:00:00-04:00,9.843233180678041,9.872183424751155,9.762171613768501,9.831652641296387,1676600,0.0,0.0
2004-05-18 00:00:00-04:00,9.843231951992816,9.947454584656034,9.802701173597317,9.90113353729248,1765500,0.0,0.0
2004-05-19 00:00:00-04:00,9.918503960754348,10.016936331604189,9.820071589904506,9.837442398071289,1349300,0.0,0.0
2004-05-20 00:00:00-04:00,9.791122020445354,9.999567315252756,9.785331750658365,9.930085182189941,1552000,0.0,0.0
2004-05-21 00:00:00-04:00,9.970610995563733,10.138525422531108,9.959031566143613,9.987981796264648,2067000,0.0,0.0
2004-05-24 00:00:00-04:00,10.016935648438078,10.080627502991463,10.011146483824941,10.045886993408203,2005800,0.0,0.0
2004-05-25 00:00:00-04:00,10.04588466764181,10.248539617991595,9.964822024873516,10.219588279724121,1974400,0.0,0.0
2004-05-26 00:00:00-04:00,10.248541841486071,10.277492081653875,10.092207894065844,10.27170181274414,1957200,0.0,0.0
2004-05-27 00:00:00-04:00,10.265908528283255,10.312229561573726,10.051674163457523,10.13852596282959,1899300,0.0,0.0
2004-05-28 00:00:00-04:00,10.161689379705392,10.20222126393819,10.097998627529982,10.121158599853516,1318800,0.0,0.0
2004-06-01 00:00:00-04:00,10.132738043526304,10.161688281898343,10.011145717106773,10.144318580627441,1230000,0.0,0.0
2004-06-02 00:00:00-04:00,10.150107702711134,10.225378976604938,10.12115636322838,10.202219009399414,2170500,0.0,0.0
2004-06-03 00:00:00-04:00,10.13274215024624,10.190643754838183,10.069050274756977,10.074840545654297,1069800,0.0,0.0
2004-06-04 00:00:00-04:00,10.092208563877378,10.126949075260615,9.987985925346722,10.063257217407227,1593400,0.0,0.0
2004-06-07 00:00:00-04:00,10.074833944859813,10.236958110621059,10.06904367775614,10.196427345275879,2369400,0.0,0.0
2004-06-08 00:00:00-04:00,10.161689410862094,10.254331509202121,10.097998658491402,10.242752075195312,1077200,0.0,0.0
2004-06-09 00:00:00-04:00,10.190639122972822,10.277490938194086,10.161687781645234,10.17326831817627,1614500,0.0,0.0
2004-06-10 00:00:00-04:00,10.213799348935504,10.260120391845703,10.115366994703733,10.260120391845703,1183600,0.0,0.0
2004-06-14 00:00:00-04:00,10.231170270810509,10.265910777294025,10.132737915456557,10.19063949584961,1082200,0.0,0.0
2004-06-15 00:00:00-04:00,10.265910395017402,10.358552478444212,10.17905857985236,10.329602241516113,2194800,0.0,0.0
2004-06-16 00:00:00-04:00,10.294862827372212,10.329603336243865,10.271701751870532,10.306442260742188,2372600,0.0,0.0
2004-06-17 00:00:00-04:00,10.27749138228087,10.399083707968451,10.265910845249444,10.358552932739258,2278400,0.0,0.0
2004-06-18 00:00:00-04:00,10.335391888086773,10.404872894287108,10.335391888086773,10.40487289428711,2363500,0.0,0.0
2004-06-21 00:00:00-04:00,10.393293779729722,10.491726128498609,10.364342439279628,10.456984519958496,1360600,0.0,0.0
2004-06-22 00:00:00-04:00,10.451193488460873,10.46277402379501,10.341181715928476,10.39908218383789,1934300,0.0,0.0
2004-06-23 00:00:00-04:00,10.399081023937448,10.665427785011442,10.32380976142249,10.648056983947754,3178000,0.0,0.0
2004-06-24 00:00:00-04:00,10.607527397278584,10.648058166548129,10.491725357134264,10.532256126403809,1882000,0.0,0.0
2004-06-25 00:00:00-04:00,10.532258044032975,10.59594879117543,10.462775923791126,10.555418014526367,4374200,0.0,0.0
2004-06-28 00:00:00-04:00,10.561209166222147,10.630691292273097,10.514888116981824,10.566999435424805,1441200,0.0,0.0
2004-06-29 00:00:00-04:00,10.520676879282451,10.520676879282451,10.42224452569785,10.451194763183594,2161600,0.0,0.0
2004-06-30 00:00:00-04:00,10.491728144552125,10.595949677057158,10.422246018501177,10.566999435424805,2341300,0.0,0.0
2004-07-01 00:00:00-04:00,10.572787672997439,10.578577941087458,10.393293779729722,10.456984519958496,2907300,0.0,0.0
2004-07-02 00:00:00-04:00,10.49172605939013,10.520676295268816,10.41066341104454,10.468564987182617,888900,0.0,0.0
2004-07-06 00:00:00-04:00,10.46856376168839,10.46856376168839,10.213797519133289,10.381711959838867,1721400,0.0,0.0
2004-07-07 00:00:00-04:00,10.17326831817627,10.196429391238338,9.883761531184886,10.17326831817627,5035700,0.0,0.0
2004-07-08 00:00:00-04:00,10.028515994376784,10.155899701044113,9.901133392090323,10.126948356628418,2758500,0.0,0.0
2004-07-09 00:00:00-04:00,10.126949167659,10.13273943700586,9.84902286529541,9.84902286529541,4150900,0.0,0.0
2004-07-12 00:00:00-04:00,9.849020374646352,9.860600910411556,9.646365416278023,9.710057258605957,2538000,0.0,0.0
2004-07-13 00:00:00-04:00,9.692687463948378,9.860601936881352,9.582674571488178,9.854811668395996,3538200,0.0,0.0
2004-07-14 00:00:00-04:00,9.756378806604634,9.953243507367418,9.710057765506374,9.860601425170898,2995100,0.0,0.0
2004-07-15 00:00:00-04:00,9.843230620616277,9.895341929899411,9.83165008424653,9.860601425170898,2660200,0.0,0.0
2004-07-16 00:00:00-04:00,9.930082439242412,9.930082439242412,9.686896697268361,9.704267501831055,2141600,0.0,0.0
2004-07-19 00:00:00-04:00,10.27170092776734,10.497515873887153,9.75058891897812,10.080626487731934,4993600,0.0,0.0
2004-07-20 00:00:00-04:00,9.987985590502012,10.173269784175597,9.924293734783875,10.167479515075684,1501200,0.0,0.0
2004-07-21 00:00:00-04:00,10.219590628537674,10.358553771018162,10.173269581044178,10.225380897521973,1673600,0.0,0.0
2004-07-22 00:00:00-04:00,10.086415994943374,10.115366230432107,9.91850153684278,10.022724151611328,1738100,0.0,0.0
2004-07-23 00:00:00-04:00,10.022724151611328,10.05746575945464,9.959033412659975,10.022724151611328,879000,0.0,0.0
2004-07-26 00:00:00-04:00,9.959035122592145,10.051677217319252,9.866393027865035,9.90113353729248,1489700,0.0,0.0
2004-07-27 00:00:00-04:00,9.883761892832984,10.242750807765278,9.883761892832984,10.19063949584961,1969400,0.0,0.0
2004-07-28 00:00:00-04:00,10.144322692040879,10.190643754838183,9.959038440851662,10.074840545654297,1496400,0.0,0.0
2004-07-29 00:00:00-04:00,10.173269704308346,10.29486314569011,10.063256801035493,10.155900001525879,1408900,0.0,0.0
2004-07-30 00:00:00-04:00,10.155899117728577,10.219589863023225,10.097997536603696,10.144318580627441,2191300,0.0,0.0
2004-08-02 00:00:00-04:00,10.150107008556368,10.248539347304696,10.01114390168472,10.132736206054688,1563900,0.0,0.0
2004-08-03 00:00:00-04:00,10.0922069646391,10.132737738893752,9.935873031616211,9.935873031616211,1367100,0.0,0.0
2004-08-04 00:00:00-04:00,9.901136836259719,10.092211358346255,9.87797575267044,10.074840545654297,1388400,0.0,0.0
2004-08-05 00:00:00-04:00,10.028517916755069,10.063258432332487,9.785332098950983,9.825862884521484,1326100,0.0,0.0
2004-08-06 00:00:00-04:00,9.808490450187476,9.88376173039482,9.715848364833468,9.779539108276367,1414700,0.0,0.0
2004-08-09 00:00:00-04:00,9.779539850692299,9.872181943079251,9.756379879785987,9.814281463623047,750200,0.0,0.0
2004-08-10 00:00:00-04:00,9.814281521218753,9.982194900512695,9.773749639228347,9.982194900512695,893100,0.0,0.0
2004-08-11 00:00:00-04:00,9.935872962168299,9.959034035512367,9.78532929857414,9.947453498840332,782300,0.0,0.0
2004-08-12 00:00:00-04:00,9.843230701937888,9.877971206953413,9.762169155441413,9.872180938720703,1148100,0.0,0.0
2004-08-13 00:00:00-04:00,9.860601175761957,9.9764032233882,9.756378559831843,9.953243255615234,1219100,0.0,0.0
2004-08-16 00:00:00-04:00,9.565305074224304,9.866392415593491,9.44950191081129,9.820070266723633,3719000,0.0,0.0
2004-08-17 00:00:00-04:00,9.843230625190408,9.877971129935062,9.69847723364349,9.704267501831055,1420900,0.0,0.0
2004-08-18 00:00:00-04:00,9.773751465999851,9.825862791060851,9.657949380382904,9.692689895629883,2023000,0.0,0.0
2004-08-19 00:00:00-04:00,9.663738352680014,9.663738352680014,9.466873618746908,9.495823860168457,2745400,0.0,0.0
2004-08-20 00:00:00-04:00,9.495824066202495,9.52477541263313,9.408972235672476,9.437922477722168,2247600,0.0,0.0
2004-08-23 00:00:00-04:00,9.437921834078903,9.513194225284218,9.385810518438568,9.490033149719238,1303400,0.0,0.0
2004-08-24 00:00:00-04:00,9.530563927577084,9.547934734250818,9.391600787329812,9.490033149719238,1902600,0.0,0.0
2004-08-25 00:00:00-04:00,9.437922953881298,9.44950349303781,9.264219284057617,9.264219284057617,3692200,0.0,0.0
2004-08-26 00:00:00-04:00,9.264217446344182,9.304748220971012,9.22947638795662,9.252636909484863,2463400,0.0,0.0
2004-08-27 00:00:00-04:00,9.264217748526743,9.322119330331198,9.258427479908216,9.281588554382324,3564800,0.0,0.0
2004-08-30 00:00:00-04:00,9.287379652323262,9.408971991027549,9.287379652323262,9.351070404052734,1815300,0.0,0.0
2004-08-31 00:00:00-04:00,9.304748465217068,9.351069509489468,9.26421768952632,9.316329002380371,1683700,0.0,0.0
2004-09-01 00:00:00-04:00,9.316329253743316,9.432132419739192,9.310538985005438,9.403181076049805,2069000,0.0,0.0
2004-09-02 00:00:00-04:00,9.408970021489841,9.71005732722888,9.408970021489841,9.698476791381836,1878200,0.0,0.0
2004-09-03 00:00:00-04:00,9.704270086385247,9.802702463028035,9.628997684280215,9.79691219329834,1339700,0.0,0.0
2004-09-07 00:00:00-04:00,9.796909835246176,9.970613467803638,9.791119566910158,9.947453498840332,1918000,0.0,0.0
2004-09-08 00:00:00-04:00,9.930083874387455,10.271702016160988,9.930083874387455,10.213800430297852,5791700,0.0,0.0
2004-09-09 00:00:00-04:00,10.213801842377036,10.352765005031976,10.045888434978542,10.341185569763184,3706200,0.0,0.0
2004-09-10 00:00:00-04:00,10.283281443591395,10.393294334411621,10.155898851954824,10.393294334411621,2908600,0.0,0.0
2004-09-13 00:00:00-04:00,10.364342824104458,10.364342824104458,10.161687850952148,10.161687850952148,3008900,0.0,0.0
2004-09-14 00:00:00-04:00,10.167478119257158,10.231169966231507,10.115366808892828,10.161687850952148,1979000,0.0,0.0
2004-09-15 00:00:00-04:00,10.509096917379457,10.509096917379457,10.260120885612412,10.410664558410645,4811100,0.0,0.0
2004-09-16 00:00:00-04:00,10.393293711269612,10.5496265311475,10.393293711269612,10.468564987182617,1958700,0.0,0.0
2004-09-17 00:00:00-04:00,10.503304924216208,10.549625961750433,10.445404455583912,10.509095191955566,2534700,0.0,0.0
2004-09-20 00:00:00-04:00,10.462777377343118,10.584370828563637,10.271702900608863,10.549629211425781,1644100,0.0,0.0
2004-09-21 00:00:00-04:00,10.509098652880894,10.648061811247828,10.40487600801044,10.590161323547363,3392800,0.0,0.0
2004-09-22 00:00:00-04:00,10.509097808260474,10.566999395688375,10.370134661062064,10.422245979309082,2295300,0.0,0.0
2004-09-23 00:00:00-04:00,10.422245979309082,10.49172810509875,10.393295737785593,10.422245979309082,1591500,0.0,0.0
2004-09-24 00:00:00-04:00,10.422243171633623,10.491725278705323,10.370131867425004,10.387502670288086,1975200,0.0,0.0
2004-09-27 00:00:00-04:00,10.387506623981496,10.40487632907521,10.28328397589503,10.341185569763184,2598500,0.0,0.0
2004-09-28 00:00:00-04:00,10.341182266266232,10.42224380915786,10.179058076102281,10.335391998291016,2250300,0.0,0.0
2004-09-29 00:00:00-04:00,10.335392583443682,10.74070142522964,10.265910468187963,10.497515678405762,4545000,0.0,0.0
2004-09-30 00:00:00-04:00,10.43382493583384,10.613318835705039,10.410663862621682,10.497515678405762,2801100,0.0,0.0
2004-10-01 00:00:00-04:00,10.566997843156873,10.636479958738041,10.474355758635822,10.619109153747559,1314900,0.0,0.0
2004-10-04 00:00:00-04:00,10.648059391017602,10.758072280529136,10.572788111487034,10.619109153747559,2541700,0.0,0.0
2004-10-05 00:00:00-04:00,10.61910915374756,10.659639927677924,10.456984953645339,10.619109153747559,1441500,0.0,0.0
2004-10-06 00:00:00-04:00,10.648058878347264,10.694379918377578,10.572787602440767,10.624898910522461,2324400,0.0,0.0
2004-10-07 00:00:00-04:00,10.566997921888099,10.578578458634704,10.375923483092203,10.451194763183594,1327800,0.0,0.0
2004-10-08 00:00:00-04:00,10.422241324091633,10.503302847655053,10.375920295715332,10.375920295715332,1377500,0.0,0.0
2004-10-11 00:00:00-04:00,10.375924788914062,10.468566885784472,10.329603740478857,10.445406913757324,1423900,0.0,0.0
2004-10-12 00:00:00-04:00,10.451191619202,10.468562419096333,10.306438266557205,10.364339828491211,1021100,0.0,0.0
2004-10-13 00:00:00-04:00,10.422244782031303,10.474356094291924,10.271701113765156,10.358552932739258,1970600,0.0,0.0
2004-10-14 00:00:00-04:00,10.306438200960665,10.404870524307858,10.24853774377561,10.375920295715332,1351800,0.0,0.0
2004-10-15 00:00:00-04:00,10.387503194927366,10.445404769681433,10.312230816432875,10.40487289428711,1189100,0.0,0.0
2004-10-18 00:00:00-04:00,9.987982831682476,10.410662419797985,9.849019724810828,10.132736206054688,3896800,0.0,0.0
2004-10-19 00:00:00-04:00,10.190639378776796,10.190639378776796,9.987984401919661,10.080626487731934,1777500,0.0,0.0
2004-10-20 00:00:00-04:00,10.080628532158789,10.132739854044354,9.999566966728354,10.034307479858398,1325700,0.0,0.0
2004-10-21 00:00:00-04:00,10.086418592839438,10.202221773382464,9.993776490157408,10.092208862304688,1234800,0.0,0.0
2004-10-22 00:00:00-04:00,10.057467414542726,10.09220792372235,9.843231881776477,9.912714004516602,1413400,0.0,0.0
2004-10-25 00:00:00-04:00,9.912714588320874,9.976405341504408,9.83744219222087,9.895343780517578,1532800,0.0,0.0
2004-10-26 00:00:00-04:00,9.883759448701618,9.987982046759996,9.843228683763474,9.918499946594238,1687400,0.0,0.0
2004-10-27 00:00:00-04:00,9.843230371646703,9.959033523653652,9.698476983828368,9.953243255615234,1437700,0.0,0.0
2004-10-28 00:00:00-04:00,9.91850153684278,10.097996530891145,9.889551301354045,10.022724151611328,886500,0.0,0.0
2004-10-29 00:00:00-04:00,10.022722827413135,10.173266461702308,9.976401794122662,10.13852596282959,1140400,0.0,0.0
2004-11-01 00:00:00-05:00,10.086417956438716,10.173269784175597,9.959035349383354,10.167479515075684,949700,0.0,0.0
2004-11-02 00:00:00-05:00,10.144320813240089,10.41066659890013,10.138530543415168,10.341185569763184,1881600,0.0,0.0
2004-11-03 00:00:00-05:00,10.370135814506737,10.40487632907521,10.225382382026876,10.341185569763184,1277200,0.0,0.0
2004-11-04 00:00:00-05:00,10.375926084331656,10.40487632907521,10.26012289659535,10.341185569763184,1982500,0.0,0.0
2004-11-05 00:00:00-05:00,10.42224457202605,10.456985078039521,10.352762455618336,10.393294334411621,1863000,0.0,0.0
2004-11-08 00:00:00-05:00,10.399082183837892,10.428033522173234,10.323810912927271,10.39908218383789,1345400,0.0,0.0
2004-11-09 00:00:00-05:00,10.364346003305235,10.53805079259615,10.358555733224094,10.491729736328125,1657100,0.0,0.0
2004-11-10 00:00:00-05:00,10.456987330445667,10.624901837043845,10.451197060799418,10.590161323547363,1058900,0.0,0.0
2004-11-11 00:00:00-05:00,10.61911173814725,10.90282832908938,10.590161493831515,10.711753845214844,1986000,0.0,0.0
2004-11-12 00:00:00-05:00,10.769654282669368,10.810185062114956,10.68859161939728,10.792814254760742,877900,0.0,0.0
2004-11-15 00:00:00-05:00,10.769653178051504,10.995468128590423,10.67122082190209,10.972308158874512,1802500,0.0,0.0
2004-11-16 00:00:00-05:00,10.97230709290043,11.007047596289608,10.856503942428912,10.885454177856445,2211700,0.0,0.0
2004-11-17 00:00:00-05:00,10.914410446118692,11.007052566576622,10.85071857416092,10.960731506347656,1577600,0.0,0.0
2004-11-18 00:00:00-05:00,10.966520454512168,11.03021121440852,10.897038320356717,10.943359375,1249700,0.0,0.0
2004-11-19 00:00:00-05:00,10.9433600123888,10.9433600123888,10.648062857695596,10.723335266113281,1393000,0.0,0.0
2004-11-22 00:00:00-05:00,10.711753428586524,10.844926314268866,10.60174051657977,10.827556610107422,3173500,0.0,0.0
2004-11-23 00:00:00-05:00,10.717545081866556,10.879669336051835,10.705964541343079,10.856508255004883,1109700,0.0,0.0
2004-11-24 00:00:00-05:00,10.833347469600616,10.989681457790521,10.82755830356202,10.90861988067627,1196700,0.0,0.0
2004-11-26 00:00:00-05:00,10.91440626484509,10.972307844044686,10.91440626484509,10.920196533203125,166100,0.0,0.0
2004-11-29 00:00:00-05:00,10.966518030220353,11.007048806025736,10.87966621001156,10.94914722442627,997000,0.0,0.0
2004-11-30 00:00:00-05:00,10.897035772441008,10.983887591542068,10.873875802725097,10.972308158874512,1767400,0.0,0.0
2004-12-01 00:00:00-05:00,11.090929072284014,11.268857955932617,10.990102403218005,11.268857955932617,1806000,0.45,0.0
2004-12-02 00:00:00-05:00,11.256995627098032,11.3044434043924,11.179893413211275,11.245133399963379,1722200,0.0,0.0
2004-12-03 00:00:00-05:00,11.245136481851635,11.29851538734257,11.013828645553946,11.06127643585205,3879200,0.0,0.0
2004-12-06 00:00:00-05:00,11.001963458631689,11.096859013726796,10.847759030035327,11.09092903137207,2344500,0.0,0.0
2004-12-07 00:00:00-05:00,11.084994876039069,11.173959293123273,11.001960439682398,11.03754711151123,2126100,0.0,0.0
2004-12-08 00:00:00-05:00,11.043482368475136,11.090930150811731,10.942655689604324,11.001964569091797,1131400,0.0,0.0
2004-12-09 00:00:00-05:00,11.00196037736621,11.203613658278323,10.907064848848032,11.102787017822266,1721800,0.0,0.0
2004-12-10 00:00:00-05:00,11.340031290889948,11.340031290889948,10.99603458613854,11.001964569091797,1431500,0.0,0.0
2004-12-13 00:00:00-05:00,11.019755932690149,11.067203706505786,10.960445932609563,10.972308158874512,1601200,0.0,0.0
2004-12-14 00:00:00-05:00,11.025687033045106,11.162099241201455,11.025687033045106,11.120582580566406,1851100,0.0,0.0
2004-12-15 00:00:00-05:00,11.120581488170284,11.31630367711232,11.049409268898614,11.304441452026367,2942400,0.0,0.0
2004-12-16 00:00:00-05:00,11.316304831297336,11.446785926818848,11.227340396567024,11.446785926818848,3180000,0.0,0.0
2004-12-17 00:00:00-05:00,11.32816701498581,11.428993675632713,11.043480372421909,11.120582580566406,5359500,0.0,0.0
2004-12-20 00:00:00-05:00,11.162097400381345,11.345957351976706,11.067201868509935,11.150235176086426,2607300,0.0,0.0
2004-12-21 00:00:00-05:00,11.15616969337552,11.322237490460514,11.102790798999784,11.251065254211426,2255400,0.0,0.0
2004-12-22 00:00:00-05:00,11.179892499806297,11.29258138589025,11.156168047475294,11.239202499389648,1562700,0.0,0.0
2004-12-23 00:00:00-05:00,11.23919997342817,11.387474373440446,11.197682191179858,11.351887702941895,1827500,0.0,0.0
2004-12-27 00:00:00-05:00,11.38154637886669,11.42899415461585,11.268857487245853,11.3400297164917,1710700,0.0,0.0
2004-12-28 00:00:00-05:00,11.357820230478419,11.506094648973553,11.162098043314604,11.48237133026123,1704300,0.0,0.0
2004-12-29 00:00:00-05:00,11.5060948261969,11.606921477576341,11.458647056797401,11.535750389099121,1843600,0.0,0.0
2004-12-30 00:00:00-05:00,11.54761028289795,11.618782495222451,11.470508089853348,11.54761028289795,1004500,0.0,0.0
2004-12-31 00:00:00-05:00,11.583197486665469,11.62471414107653,11.547610813246854,11.559473037719727,780300,0.0,0.0
2005-01-03 00:00:00-05:00,11.529818953464678,11.642506695603556,11.32223454394166,11.369682312011719,2185800,0.0,0.0
2005-01-04 00:00:00-05:00,11.375613954143049,11.553542809880204,11.328166183863535,11.381545066833496,1259900,0.0,0.0
2005-01-05 00:00:00-05:00,11.328168222371556,11.363753773673805,11.191755999676037,11.203617095947266,1974200,0.0,0.0
2005-01-06 00:00:00-05:00,11.203620171782566,11.262930194398772,11.09686235732231,11.197689056396484,1065100,0.0,0.0
2005-01-07 00:00:00-05:00,11.191752461950548,11.209544666355399,11.079063598662843,11.132442474365234,1171700,0.0,0.0
2005-01-10 00:00:00-05:00,11.055342645736236,11.209548209705021,11.031619321949496,11.203617095947266,1358900,0.0,0.0
2005-01-11 00:00:00-05:00,11.203620171782566,11.215482402554725,11.090932373180822,11.197689056396484,954600,0.0,0.0
2005-01-12 00:00:00-05:00,11.13244256594997,11.3163025108575,10.97230593752538,11.310371398925781,1453100,0.0,0.0
2005-01-13 00:00:00-05:00,11.268856369848496,11.268856369848496,11.114650831143383,11.138375282287598,1065700,0.0,0.0
2005-01-14 00:00:00-05:00,11.12058000092079,11.36968103819117,11.03754669891196,11.351887702941895,1557900,0.0,0.0
2005-01-18 00:00:00-05:00,11.268857057358225,11.535751492793324,11.209547057123297,11.446785926818848,1903700,0.0,0.0
2005-01-19 00:00:00-05:00,11.458649066822927,11.482373521306343,11.268857955932617,11.268857955932617,667600,0.0,0.0
2005-01-20 00:00:00-05:00,11.227344633326883,11.29258577132917,11.09686235732231,11.197689056396484,1339900,0.0,0.0
2005-01-21 00:00:00-05:00,11.197682837661981,11.286648387800764,11.084995101642392,11.179890632629395,1830400,0.0,0.0
2005-01-24 00:00:00-05:00,11.185823490089001,11.322235695762249,10.901135721463094,10.978239059448242,1442300,0.0,0.0
2005-01-25 00:00:00-05:00,11.102787792580463,11.227338889479269,10.97823782692567,11.049408912658691,851700,0.0,0.0
2005-01-26 00:00:00-05:00,11.090926213734575,11.179890632629395,11.055339541181477,11.179890632629395,1215000,0.0,0.0
2005-01-27 00:00:00-05:00,11.138373586248157,11.173959126301778,11.07313248677992,11.132442474365234,1902900,0.0,0.0
2005-01-28 00:00:00-05:00,11.055340483274355,11.138374928396823,10.711343871321434,10.883342742919922,2919600,0.0,0.0
2005-01-31 00:00:00-05:00,11.832299230657,12.039882514752271,11.428992625139236,11.535750389099121,8868500,0.0,0.0
2005-02-01 00:00:00-05:00,11.565408190600396,11.7967159924142,11.54761484767457,11.642510414123535,5279800,0.0,0.0
2005-02-02 00:00:00-05:00,11.802646326600344,12.045816340958496,11.68995742467398,11.927197456359863,3449200,0.0,0.0
2005-02-03 00:00:00-05:00,11.861955217131916,11.974644108443046,11.796714101439546,11.873817443847656,1424900,0.0,0.0
2005-02-04 00:00:00-05:00,11.879746379552275,12.093260765075684,11.879746379552275,12.093260765075684,1936600,0.0,0.0
2005-02-07 00:00:00-05:00,12.051747145499906,12.330503836201686,11.861956030018693,12.235607147216797,1913500,0.0,0.0
2005-02-08 00:00:00-05:00,12.300846972044406,12.425398085490823,12.194089198017236,12.419466972351074,1912100,0.0,0.0
2005-02-09 00:00:00-05:00,12.372020152178676,12.395743475322233,12.146642360471512,12.182229042053223,1103700,0.0,0.0
2005-02-10 00:00:00-05:00,12.188159451075217,12.235607230267577,12.11698834790882,12.170367240905762,1071800,0.0,0.0
2005-02-11 00:00:00-05:00,12.152571536938908,12.24746707687521,11.986503776428345,12.188157081604004,1334200,0.0,0.0
2005-02-14 00:00:00-05:00,12.235605980917242,12.306778208060692,12.134779319023123,12.241537094116211,1003900,0.0,0.0
2005-02-15 00:00:00-05:00,12.200021438218693,12.372020341428538,12.164435887336895,12.324572563171387,1333900,0.0,0.0
2005-02-16 00:00:00-05:00,12.336434300184875,12.383882080906957,12.253400966732311,12.306779861450195,1592200,0.0,0.0
2005-02-17 00:00:00-05:00,12.425396990278387,12.739738040269003,12.41353476504446,12.603325843811035,3134700,0.0,0.0
2005-02-18 00:00:00-05:00,12.609258095741826,12.69822253054656,12.508431434631348,12.508431434631348,1616600,0.0,0.0
2005-02-22 00:00:00-05:00,12.306777965731738,12.496569059384923,12.158503532409668,12.158503532409668,1586600,0.0,0.0
2005-02-23 00:00:00-05:00,12.223743298833291,12.472844364629912,12.099192200312967,12.259328842163086,1628000,0.0,0.0
2005-02-24 00:00:00-05:00,12.15850681111702,12.389814627476628,12.069542353382127,12.37795352935791,1353500,0.0,0.0
2005-02-25 00:00:00-05:00,12.318637835807213,12.561807769446675,12.294913388016077,12.526222229003906,1091200,0.0,0.0
2005-02-28 00:00:00-05:00,12.395741991755107,12.561809758861415,12.360156445676653,12.407604217529297,2806300,0.0,0.0
2005-03-01 00:00:00-05:00,12.496569180679495,12.538085841413581,12.377950311616988,12.419466972351074,2150700,0.0,0.0
2005-03-02 00:00:00-05:00,12.455052491993541,12.51436249201377,12.300846944438607,12.3305025100708,1672200,0.0,0.0
2005-03-03 00:00:00-05:00,12.366089227740861,12.407605892310338,12.200021438218693,12.324572563171387,1449500,0.0,0.0
2005-03-04 00:00:00-05:00,12.360156944458836,12.419466944479066,12.194089170651026,12.3305025100708,1398700,0.0,0.0
2005-03-07 00:00:00-05:00,12.389808492213643,12.538082892096503,12.300844078532707,12.48470401763916,1305000,0.0,0.0
2005-03-08 00:00:00-05:00,12.49656520863417,12.60332294872829,12.443186338587111,12.455048561096191,1732200,0.0,0.0
2005-03-09 00:00:00-05:00,12.395742643556876,12.455052644302388,12.235605980917242,12.241537094116211,1312400,0.0,0.0
2005-03-10 00:00:00-05:00,12.294919013977053,12.354229029350282,12.158506770489737,12.29491901397705,1330200,0.0,0.0
2005-03-11 00:00:00-05:00,12.294914952922895,12.40760383178605,12.164433867195715,12.211881637573242,822600,0.0,0.0
2005-03-14 00:00:00-05:00,12.217813441561441,12.472845645986933,12.194088989408305,12.425397872924805,1299800,0.0,0.0
2005-03-15 00:00:00-05:00,12.43132657762712,12.466913252200941,12.259328842163086,12.259328842163086,1030700,0.0,0.0
2005-03-16 00:00:00-05:00,12.217815350177684,12.360158691600352,12.194090894318412,12.277125358581543,1754300,0.0,0.0
2005-03-17 00:00:00-05:00,12.217810470383794,12.277120455099242,12.08139829740897,12.105121612548828,2375500,0.0,0.0
2005-03-18 00:00:00-05:00,12.069539110352865,12.099193544548335,11.980574676522304,12.010229110717773,2288400,0.0,0.0
2005-03-21 00:00:00-05:00,12.069537374441909,12.122916253311814,11.986502934397615,12.063606262207031,1602700,0.0,0.0
2005-03-22 00:00:00-05:00,12.122916998606621,12.283052513817191,12.03395257210207,12.069538116455078,1923400,0.0,0.0
2005-03-23 00:00:00-05:00,12.099193771073486,12.31270932125966,12.039883770327972,12.241537094116211,2070200,0.0,0.0
2005-03-24 00:00:00-05:00,12.205950592310526,12.407603900340202,12.028021735222731,12.389810562133789,1539100,0.0,0.0
2005-03-28 00:00:00-05:00,12.383876357285512,12.49063409737963,12.383876357285512,12.455048561096191,1635400,0.0,0.0
2005-03-29 00:00:00-05:00,12.431328122001524,12.727876992826875,12.354225913334366,12.597395896911621,3230600,0.0,0.0
2005-03-30 00:00:00-05:00,12.573673859026812,12.834636077496627,12.573673859026812,12.704154968261719,2334000,0.0,0.0
2005-03-31 00:00:00-05:00,12.739738964020006,12.751601190114055,12.644843417755899,12.662636756896973,2326800,0.0,0.0
2005-04-01 00:00:00-05:00,12.650772105495882,12.71008209335154,12.425395509137099,12.443187713623047,2453600,0.0,0.0
2005-04-04 00:00:00-04:00,12.460979672350732,12.52622076490687,12.277119748435195,12.455048561096191,1480800,0.0,0.0
2005-04-05 00:00:00-04:00,12.407603547127444,12.544015742427717,12.383879096860934,12.431326866149902,1980300,0.0,0.0
2005-04-06 00:00:00-04:00,12.484706740819357,12.490637853857642,12.395742307733386,12.425397872924805,1553300,0.0,0.0
2005-04-07 00:00:00-04:00,12.425397238546616,12.443189445508944,12.324570584531777,12.389810562133789,1641200,0.0,0.0
2005-04-08 00:00:00-04:00,12.395745215439538,12.395745215439538,12.324574104773603,12.366090774536133,1000400,0.0,0.0
2005-04-11 00:00:00-04:00,12.330504317433398,12.377952098155482,12.188159844022824,12.306779861450195,1709700,0.0,0.0
2005-04-12 00:00:00-04:00,12.253397872934977,12.455051172900507,12.188156766697881,12.372017860412598,2227000,0.0,0.0
2005-04-13 00:00:00-04:00,12.312709211437483,12.366088098507918,12.217813663588744,12.27119255065918,1210900,0.0,0.0
2005-04-14 00:00:00-04:00,12.217815918854036,12.241539244573186,11.90940476579448,11.998369216918945,1922100,0.0,0.0
2005-04-15 00:00:00-04:00,11.179891229498857,11.256993428325625,11.067202356219099,11.07313346862793,6798600,0.0,0.0
2005-04-18 00:00:00-04:00,10.74693089674114,11.061271955938444,10.652034223334377,10.841826438903809,3886300,0.0,0.0
2005-04-19 00:00:00-04:00,10.841832908790723,11.280725336014081,10.705419495688307,11.227346420288086,5881900,0.0,0.0
2005-04-20 00:00:00-04:00,11.1798905748997,11.185821686961257,10.699481810353195,10.942651748657227,3651700,0.0,0.0
2005-04-21 00:00:00-04:00,11.013829004406375,11.268861309784851,10.990105674106648,11.197689056396484,2128900,0.0,0.0
2005-04-22 00:00:00-04:00,11.150235667454698,11.19175345431652,10.99010015739233,11.07313346862793,2093300,0.0,0.0
2005-04-25 00:00:00-04:00,11.061270756362475,11.251061820105296,11.001960766131852,11.150235176086426,2279100,0.0,0.0
2005-04-26 00:00:00-04:00,11.150236457268743,11.173960908584563,10.865549828943506,10.871480941772461,2930400,0.0,0.0
2005-04-27 00:00:00-04:00,10.818101314511244,10.889273532326118,10.64610357926167,10.71727466583252,3384500,0.0,0.0
2005-04-28 00:00:00-04:00,10.646106306191491,10.758794077333569,10.598658525909482,10.604588508605957,2458600,0.0,0.0
2005-04-29 00:00:00-04:00,10.65796509467861,10.746930653279263,10.604586212015848,10.705412864685059,1937300,0.0,0.0
2005-05-02 00:00:00-04:00,10.675757438526631,10.675757438526631,10.420725274273906,10.616447448730469,3681400,0.0,0.0
2005-05-03 00:00:00-04:00,10.598657209478562,10.770654967420848,10.586794983070355,10.699483871459961,1731800,0.0,0.0
2005-05-04 00:00:00-04:00,10.699481689548898,10.841824983687232,10.675757241570539,10.770652770996094,2064200,0.0,0.0
2005-05-05 00:00:00-04:00,10.735068745744341,10.841826514230092,10.68762097433335,10.723206520080566,1253700,0.0,0.0
2005-05-06 00:00:00-04:00,10.723209005246645,10.79438124447976,10.598659000644147,10.675761222839355,1614200,0.0,0.0
2005-05-09 00:00:00-04:00,10.669825873732433,10.717273637307498,10.568999234729931,10.68761920928955,1814900,0.0,0.0
2005-05-10 00:00:00-04:00,10.687622283297067,10.746932287635808,10.634243392516625,10.68169116973877,2108200,0.0,0.0
2005-05-11 00:00:00-04:00,10.669828686560862,10.800309787979328,10.569002020977978,10.746932029724121,1872700,0.0,0.0
2005-05-12 00:00:00-04:00,10.776585085316768,10.8181017426669,10.64610400061005,10.705412864685059,2477300,0.0,0.0
2005-05-13 00:00:00-04:00,10.705414109135528,10.752861884657541,10.527485233739029,10.63424301147461,1333400,0.0,0.0
2005-05-16 00:00:00-04:00,10.610518189135952,10.859619284775675,10.53934709394984,10.824033737182617,1357700,0.0,0.0
2005-05-17 00:00:00-04:00,10.758790907295632,10.907065318393945,10.640172057163369,10.877410888671875,1395900,0.0,0.0
2005-05-18 00:00:00-04:00,10.87147951553605,11.132442789553629,10.800307302169818,11.096856117248535,1281900,0.0,0.0
2005-05-19 00:00:00-04:00,11.102789097811854,11.22140909630374,11.061272437712939,11.156167984008789,842300,0.0,0.0
2005-05-20 00:00:00-04:00,11.179893472868201,11.227341250415755,11.061273463377193,11.09092903137207,758200,0.0,0.0
2005-05-23 00:00:00-04:00,11.114649138716464,11.197682442589551,11.043478058609224,11.132442474365234,797800,0.0,0.0
2005-05-24 00:00:00-04:00,11.090926593792515,11.150235454258784,11.067202144610807,11.07906436920166,902000,0.0,0.0
2005-05-25 00:00:00-04:00,11.079066381587705,11.079066381587705,10.770655273670139,10.812171936035156,1455300,0.0,0.0
2005-05-26 00:00:00-04:00,10.895204968115141,11.00196160113993,10.82403274818789,10.883342742919922,1303300,0.0,0.0
2005-05-27 00:00:00-04:00,10.9307908682758,10.9307908682758,10.818101987741095,10.841826438903809,923900,0.0,0.0
2005-05-31 00:00:00-04:00,10.841827435279852,10.841827435279852,10.717276317717403,10.782517433166504,1956200,0.0,0.0
2005-06-01 00:00:00-04:00,10.80624039776401,10.912998171787342,10.729138189438359,10.824033737182617,1179800,0.0,0.0
2005-06-02 00:00:00-04:00,10.770654427598984,10.877412197433822,10.681689996484659,10.835895538330078,896800,0.0,0.0
2005-06-03 00:00:00-04:00,10.841827581891044,10.853688677478749,10.705414235812404,10.746932029724121,699900,0.0,0.0
2005-06-06 00:00:00-04:00,10.752859688901838,10.8655485569719,10.693550830043462,10.853686332702637,775100,0.0,0.0
2005-06-07 00:00:00-04:00,10.847759246826172,10.97230924116102,10.80031033708611,10.847759246826172,1021900,0.0,0.0
2005-06-08 00:00:00-04:00,10.912997600331044,10.972307597376496,10.829964283213876,10.871480941772461,1316700,0.0,0.0
2005-06-09 00:00:00-04:00,10.877412297469274,10.972307842363156,10.782516752575393,10.954514503479004,884500,0.0,0.0
2005-06-10 00:00:00-04:00,10.954512717852616,10.978237165830977,10.735067230272497,10.770652770996094,1020800,0.0,0.0
2005-06-13 00:00:00-04:00,10.735068427966633,10.930790620648743,10.687620657960185,10.705412864685059,858000,0.0,0.0
2005-06-14 00:00:00-04:00,10.740999956439955,10.94858325122681,10.740999956439955,10.8952054977417,950000,0.0,0.0
2005-06-15 00:00:00-04:00,10.883345029029222,10.93672392237619,10.82403502183878,10.930792808532715,901700,0.0,0.0
2005-06-16 00:00:00-04:00,10.912998985290079,10.912998985290079,10.800310089726885,10.859620094299316,776500,0.0,0.0
2005-06-17 00:00:00-04:00,10.895208628024687,10.907069725960216,10.776588598713877,10.829967498779297,2878500,0.0,0.0
2005-06-20 00:00:00-04:00,10.82403274818789,10.954513831603116,10.788447203846294,10.883342742919922,1151800,0.0,0.0
2005-06-21 00:00:00-04:00,10.883343410430658,10.966376729401771,10.82403341206095,10.954514503479004,1528600,0.0,0.0
2005-06-22 00:00:00-04:00,10.948584758896724,11.03755033319247,10.889275884358586,10.996033668518066,2044400,0.0,0.0
2005-06-23 00:00:00-04:00,10.996034193750074,11.019757518449634,10.865551948547363,10.865551948547363,1644300,0.0,0.0
2005-06-24 00:00:00-04:00,10.735070452580725,10.741001566355637,10.48596933025585,10.491900444030762,1944900,0.0,0.0
2005-06-27 00:00:00-04:00,10.426657252650669,10.444450590441022,10.302107281850372,10.438519477844238,2570900,0.0,0.0
2005-06-28 00:00:00-04:00,10.438518268313414,10.669825976565653,10.438518268313414,10.657963752746582,2333800,0.0,0.0
2005-06-29 00:00:00-04:00,10.640172852461735,10.794378387279332,10.586793969977025,10.76472282409668,1871300,0.0,0.0
2005-06-30 00:00:00-04:00,10.782515249574997,10.90113409853572,10.746929708011177,10.853686332702637,2365900,0.0,0.0
2005-07-01 00:00:00-04:00,10.841826438903809,10.889274209985144,10.723206445578427,10.841826438903809,1182100,0.0,0.0
2005-07-05 00:00:00-04:00,10.782516543635582,11.001962062733796,10.746930997800973,10.960445404052734,1153300,0.0,0.0
2005-07-06 00:00:00-04:00,10.954516132662315,10.990102815723157,10.877413915185748,10.930792808532715,1111600,0.0,0.0
2005-07-07 00:00:00-04:00,10.776588664742592,11.007896478947023,10.735071993602766,10.948586463928223,1020100,0.0,0.0
2005-07-08 00:00:00-04:00,10.948581636642439,11.09092606242495,10.865548330972597,11.067201614379883,915100,0.0,0.0
2005-07-11 00:00:00-04:00,11.114651638479746,11.173961639404297,11.06720386398894,11.173961639404297,892700,0.0,0.0
2005-07-12 00:00:00-04:00,11.179896841482837,11.245136848240533,11.144311280410948,11.197689056396484,726500,0.0,0.0
2005-07-13 00:00:00-04:00,11.191753100275742,11.197683081252961,11.061270893897172,11.114649772644043,876300,0.0,0.0
2005-07-14 00:00:00-04:00,11.150234428425685,11.417128800945342,11.12058000092079,11.351887702941895,1147200,0.0,0.0
2005-07-15 00:00:00-04:00,11.351889292837516,11.559473708176842,11.28664931694074,11.535750389099121,1533500,0.0,0.0
2005-07-18 00:00:00-04:00,11.535750644822805,11.54168062629065,11.025686264038086,11.025686264038086,2772000,0.0,0.0
2005-07-19 00:00:00-04:00,11.043478297578762,11.138373827271138,10.96637497267624,11.067201614379883,1486800,0.0,0.0
2005-07-20 00:00:00-04:00,10.972306714573914,11.090926699120967,10.883342291785631,11.049408912658691,1264900,0.0,0.0
2005-07-21 00:00:00-04:00,11.043482332043606,11.0494123149773,10.729140068072923,10.735071182250977,1544000,0.0,0.0
2005-07-22 00:00:00-04:00,10.729135819219318,10.91299576095102,10.663894720341268,10.90113353729248,825500,0.0,0.0
2005-07-25 00:00:00-04:00,10.889275278636651,11.037549719222687,10.794379727161123,10.812171936035156,1314200,0.0,0.0
2005-07-26 00:00:00-04:00,10.88334351365432,10.98417017246588,10.770654628807485,10.978239059448242,1238800,0.0,0.0
2005-07-27 00:00:00-04:00,10.96044594565947,10.972308171938545,10.752861510752343,10.824033737182617,954100,0.0,0.0
2005-07-28 00:00:00-04:00,10.895204413019423,11.07906436920166,10.871479963837714,11.07906436920166,842200,0.0,0.0
2005-07-29 00:00:00-04:00,11.06127643585205,11.179896477219588,10.978243085641507,11.06127643585205,1610500,0.0,0.0
2005-08-01 00:00:00-04:00,11.090926136441642,11.173959442665616,11.037547259227955,11.096856117248535,1185900,0.0,0.0
2005-08-02 00:00:00-04:00,11.138379802114315,11.18582759241242,11.06127643585205,11.06127643585205,922600,0.0,0.0
2005-08-03 00:00:00-04:00,11.037547524156611,11.04940861729905,10.824032010176964,10.877410888671875,1336700,0.0,0.0
2005-08-04 00:00:00-04:00,10.741002209748821,10.883345555140313,10.72913998148844,10.800311088562012,1493700,0.0,0.0
2005-08-05 00:00:00-04:00,10.758792979823486,10.960446308262346,10.735069657724667,10.782517433166504,975000,0.0,0.0
2005-08-08 00:00:00-04:00,10.81217059394486,10.824032819217921,10.717275054248502,10.76472282409668,528700,0.0,0.0
2005-08-09 00:00:00-04:00,10.788449991545985,10.918931108677098,10.764725535025226,10.800311088562012,758000,0.0,0.0
2005-08-10 00:00:00-04:00,10.859621238262054,10.913000134875801,10.646106783051437,10.675761222839355,1266500,0.0,0.0
2005-08-11 00:00:00-04:00,10.693551308709557,10.72320573946614,10.521552442838113,10.628310203552246,2422700,0.0,0.0
2005-08-12 00:00:00-04:00,10.628313328932068,10.657967768408886,10.45038442958245,10.563072204589844,1775100,0.0,0.0
2005-08-15 00:00:00-04:00,10.586794983070355,10.782517193829053,10.527484982273501,10.699483871459961,905400,0.0,0.0
2005-08-16 00:00:00-04:00,10.66389684744392,10.687621299493259,10.580863527759512,10.59272575378418,2018100,0.0,0.0
2005-08-17 00:00:00-04:00,10.604585087199135,10.699481748390516,10.58679288236146,10.652032852172852,1087400,0.0,0.0
2005-08-18 00:00:00-04:00,10.592729198501676,10.675762545188231,10.539350295276174,10.545281410217285,1370900,0.0,0.0
2005-08-19 00:00:00-04:00,10.557139075710172,10.598656866796514,10.527484641892636,10.59272575378418,869200,0.0,0.0
2005-08-22 00:00:00-04:00,10.586795322135876,10.628311984650084,10.468175316743098,10.515623092651367,746000,0.0,0.0
2005-08-23 00:00:00-04:00,10.551207252068965,10.634240557258654,10.468172815635336,10.474103927612305,705800,0.0,0.0
2005-08-24 00:00:00-04:00,10.480038003641123,10.663898001952228,10.426659111995278,10.497831344604492,1086500,0.0,0.0
2005-08-25 00:00:00-04:00,10.497829683427728,10.634241882161573,10.497829683427728,10.580862998962402,917000,0.0,0.0
2005-08-26 00:00:00-04:00,10.580864288257592,10.580864288257592,10.444452072901699,10.450383186340332,1031600,0.0,0.0
2005-08-29 00:00:00-04:00,10.450382090452528,10.61051761152599,10.432588752002545,10.485967636108398,846400,0.0,0.0
2005-08-30 00:00:00-04:00,10.491898360471177,10.592725012133199,10.385140596212088,10.586793899536133,1171800,0.0,0.0
2005-08-31 00:00:00-04:00,10.58679897019166,10.705417885214567,10.545282293371413,10.693556785583496,1285100,0.0,0.0
2005-09-01 00:00:00-04:00,10.663895959363247,10.770653722206294,10.54527710272745,10.622379302978516,1507700,0.0,0.0
2005-09-02 00:00:00-04:00,10.687619662734656,10.75285963339087,10.515620805450181,10.616447448730469,903000,0.0,0.0
2005-09-06 00:00:00-04:00,10.634243102426089,10.800309752551355,10.616449762236577,10.752861976623535,1063400,0.0,0.0
2005-09-07 00:00:00-04:00,10.705412550279883,10.942652524588741,10.675758119113295,10.889273643493652,1419500,0.0,0.0
2005-09-08 00:00:00-04:00,10.859617414296661,10.98416850628571,10.758790770779417,10.912996292114258,1529000,0.0,0.0
2005-09-09 00:00:00-04:00,10.936720543863853,11.067201614379883,10.924858319841318,11.067201614379883,1053100,0.0,0.0
2005-09-12 00:00:00-04:00,11.067201614379883,11.09092606242495,11.025684961544963,11.067201614379883,1753800,0.0,0.0
2005-09-13 00:00:00-04:00,11.079063283851893,11.079063283851893,10.895203345681317,10.907064437866211,1111000,0.0,0.0
2005-09-14 00:00:00-04:00,10.948583977154232,10.948583977154232,10.741000668603917,10.758792877197266,1013800,0.0,0.0
2005-09-15 00:00:00-04:00,10.764721504630362,10.824031492481788,10.628309324442833,10.657963752746582,1272200,0.0,0.0
2005-09-16 00:00:00-04:00,10.711345349228363,10.818103128227206,10.693553140224699,10.746932029724121,1289700,0.0,0.0
2005-09-19 00:00:00-04:00,10.746929513364233,10.818100595202832,10.580861770334252,10.652032852172852,711100,0.0,0.0
2005-09-20 00:00:00-04:00,10.527484126193084,10.533415238914877,9.964040861307652,9.987765312194824,3143200,0.0,0.0
2005-09-21 00:00:00-04:00,9.910661946220348,9.916593058923088,9.649699774764215,9.750526428222656,4607600,0.0,0.0
2005-09-22 00:00:00-04:00,9.691217824997524,9.851354497249782,9.57852892994102,9.827630043029785,3697000,0.0,0.0
2005-09-23 00:00:00-04:00,9.827630043029785,9.886940047335536,9.756458942858275,9.827630043029785,2104000,0.0,0.0
2005-09-26 00:00:00-04:00,9.881005844943985,9.928453607307404,9.815764747477827,9.833558082580566,2286100,0.0,0.0
2005-09-27 00:00:00-04:00,9.857283910298264,9.934386110723665,9.756457259745636,9.821697235107422,2030000,0.0,0.0
2005-09-28 00:00:00-04:00,9.892871891083963,9.910664101817964,9.709011882285232,9.744597434997559,1085200,0.0,0.0
2005-09-29 00:00:00-04:00,9.750526535519729,9.774249855347671,9.661562106487786,9.720870971679688,1758200,0.0,0.0
2005-09-30 00:00:00-04:00,9.732733296700014,9.946248833554423,9.667492186829143,9.89286994934082,1810900,0.0,0.0
2005-10-03 00:00:00-04:00,9.85728398113689,9.98183395146777,9.756457329859678,9.904731750488281,2101800,0.0,0.0
2005-10-04 00:00:00-04:00,9.975904751687498,10.058938081162346,9.762389183044434,9.762389183044434,1263000,0.0,0.0
2005-10-05 00:00:00-04:00,9.774251108837944,9.774251108837944,9.614114437297406,9.649701118469238,2500000,0.0,0.0
2005-10-06 00:00:00-04:00,9.726801342062288,9.875075756213372,9.637836919820439,9.71493911743164,1382400,0.0,0.0
2005-10-07 00:00:00-04:00,9.774249109340873,9.869144643898048,9.697146911729673,9.71493911743164,2213000,0.0,0.0
2005-10-10 00:00:00-04:00,9.72680333185307,9.774251108837944,9.643770004940599,9.649701118469238,983000,0.0,0.0
2005-10-11 00:00:00-04:00,9.65563206263317,9.703079838785786,9.548874283478732,9.596322059631348,2340300,0.0,0.0
2005-10-12 00:00:00-04:00,9.578528719357536,9.738665388089194,9.442116504324291,9.596322059631348,2107900,0.0,0.0
2005-10-13 00:00:00-04:00,9.542943146566898,9.631907585228564,9.507357597351074,9.507357597351074,1365300,0.0,0.0
2005-10-14 00:00:00-04:00,9.531080143671144,9.643769026797054,9.406529600313172,9.459908485412598,2282200,0.0,0.0
2005-10-17 00:00:00-04:00,9.145566804582936,9.15149791747836,8.777846289397495,9.032877922058105,5926600,0.0,0.0
2005-10-18 00:00:00-04:00,9.04473975895393,9.14556641135269,8.985429763793945,8.985429763793945,2936700,0.0,0.0
2005-10-19 00:00:00-04:00,8.95577789493764,9.06846623924605,8.932054003208385,9.009156227111816,3076300,0.0,0.0
2005-10-20 00:00:00-04:00,9.032875404471637,9.104047608135943,8.896463239629169,8.991358757019043,2742900,0.0,0.0
2005-10-21 00:00:00-04:00,9.05660241423049,9.098119073440419,8.890534646146659,8.92612075805664,1799900,0.0,0.0
2005-10-24 00:00:00-04:00,8.985431290821097,9.038810182412142,8.937983512878418,8.937983512878418,2570500,0.0,0.0
2005-10-25 00:00:00-04:00,8.937981675473859,9.015084440186024,8.87274113561988,8.920188903808594,1721900,0.0,0.0
2005-10-26 00:00:00-04:00,8.896467241190248,8.937983907316713,8.718537783242011,8.74819278717041,2132000,0.0,0.0
2005-10-27 00:00:00-04:00,8.718536775858635,8.789708437689969,8.61177956592268,8.61771011352539,8154300,0.0,0.0
2005-10-28 00:00:00-04:00,8.677019295360886,8.843086490622817,8.647364297658603,8.730398178100586,2934100,0.0,0.0
2005-10-31 00:00:00-05:00,8.73633055935019,8.831226685045495,8.629573337078972,8.74819278717041,6798700,0.0,0.0
2005-11-01 00:00:00-05:00,8.771914799337653,9.127773639053506,8.765983686697247,8.985429763793945,4237100,0.0,0.0
2005-11-02 00:00:00-05:00,9.00915575062518,9.157430207496459,8.979501311748656,9.080327987670898,3134000,0.0,0.0
2005-11-03 00:00:00-05:00,9.15742908230202,9.637838512409703,9.151498534628715,9.26418685913086,4357000,0.0,0.0
2005-11-04 00:00:00-05:00,9.287911078062033,9.323497193481977,9.13370552061247,9.181153297424316,1198800,0.0,0.0
2005-11-07 00:00:00-05:00,9.210808328063731,9.311634995508893,9.198946666634832,9.222670555114746,1578000,0.0,0.0
2005-11-08 00:00:00-05:00,9.228600937951747,9.311634258246096,9.03287816646146,9.068464279174805,1897700,0.0,0.0
2005-11-09 00:00:00-05:00,9.074394368070685,9.109979911145677,9.026946600222686,9.08625602722168,1638000,0.0,0.0
2005-11-10 00:00:00-05:00,9.127774906322333,9.187084344094606,9.07439601639181,9.151498794555664,1802000,0.0,0.0
2005-11-11 00:00:00-05:00,9.169292145300078,9.198947148860068,9.026948806958705,9.10405158996582,1376900,0.0,0.0
2005-11-14 00:00:00-05:00,9.10404950483732,9.228600038765366,8.985429517765263,9.050670623779297,956900,0.0,0.0
2005-11-15 00:00:00-05:00,9.032878638660847,9.098119754442154,8.932052539550114,8.949845314025879,2047700,0.0,0.0
2005-11-16 00:00:00-05:00,8.979500742794858,9.015086293440802,8.896466848584106,8.937983512878418,1272800,0.0,0.0
2005-11-17 00:00:00-05:00,8.997293089709318,9.062533639868523,8.943914200659922,8.949845314025879,1305900,0.0,0.0
2005-11-18 00:00:00-05:00,9.127773208769236,9.157427639329283,8.967636568759351,8.997291564941406,2244000,0.0,0.0
2005-11-21 00:00:00-05:00,9.193015407675007,9.370944851270558,9.193015407675007,9.258255958557129,3061200,0.0,0.0
2005-11-22 00:00:00-05:00,9.210806167029238,9.572595522870621,9.210806167029238,9.542941093444824,6551900,0.0,0.0
2005-11-23 00:00:00-05:00,9.572597729837707,9.756458854647624,9.572597729837707,9.70901107788086,3950300,0.0,0.0
2005-11-25 00:00:00-05:00,9.738664799561663,9.815767006933637,9.703079252408763,9.792043685913086,970000,0.0,0.0
2005-11-28 00:00:00-05:00,9.90473284011907,9.993697276034498,9.83356061264022,9.964041709899902,3298500,0.0,0.0
2005-11-29 00:00:00-05:00,9.969972148370719,10.076729916741662,9.904732169778333,10.041144371032715,3964300,0.0,0.0
2005-11-30 00:00:00-05:00,10.102258310938423,10.187818500826667,10.08392348496087,10.1755952835083,5325700,0.5,0.0
2005-12-01 00:00:00-05:00,10.175595460203526,10.2122639471252,9.912802111646139,9.986140251159668,7055600,0.0,0.0
2005-12-02 00:00:00-05:00,9.961696023919956,10.071702674736052,9.91280430863174,10.0350341796875,2824200,0.0,0.0
2005-12-05 00:00:00-05:00,9.961695900484834,9.992253950705349,9.80890914639353,9.94336223602295,2297500,0.0,0.0
2005-12-06 00:00:00-05:00,9.986141977909366,10.132817116628514,9.943361874825078,10.028922080993652,2488900,0.0,0.0
2005-12-07 00:00:00-05:00,9.986144656177203,10.108374554060212,9.900584427061514,10.083928108215332,2385300,0.0,0.0
2005-12-08 00:00:00-05:00,10.053367125026142,10.077812395251506,9.931137276888654,10.047255516052246,2642200,0.0,0.0
2005-12-09 00:00:00-05:00,10.047259605118708,10.126708222773177,10.010589936351387,10.083928108215332,1686500,0.0,0.0
2005-12-12 00:00:00-05:00,10.08392618378806,10.303939491721625,10.022811246509795,10.24282455444336,2631200,0.0,0.0
2005-12-13 00:00:00-05:00,10.248934230806261,10.248934230806261,10.083924280992791,10.230599403381348,2668500,0.0,0.0
2005-12-14 00:00:00-05:00,10.261159345622325,10.432279770534745,10.248936125079874,10.38949966430664,2273300,0.0,0.0
2005-12-15 00:00:00-05:00,10.34060577027142,10.346717379255656,10.181707433691964,10.206153869628906,3258100,0.0,0.0
2005-12-16 00:00:00-05:00,10.26727178936915,10.303941458136471,10.041147993657487,10.083928108215332,3033600,0.0,0.0
2005-12-19 00:00:00-05:00,10.163371716435586,10.163371716435586,9.961693300303578,9.967804908752441,1931400,0.0,0.0
2005-12-20 00:00:00-05:00,10.004476812227539,10.022810476032335,9.870023727416992,9.870023727416992,2086200,0.0,0.0
2005-12-21 00:00:00-05:00,9.89447231208787,9.98614414799976,9.851692199707031,9.851692199707031,2560000,0.0,0.0
2005-12-22 00:00:00-05:00,9.900581359863281,9.955584680303547,9.870023312024058,9.900581359863281,2769500,0.0,0.0
2005-12-23 00:00:00-05:00,9.894470037572205,9.900581647317495,9.778351783752441,9.778351783752441,2065800,0.0,0.0
2005-12-27 00:00:00-05:00,9.760017537351757,9.949473359609442,9.741682708115889,9.778351783752441,2275100,0.0,0.0
2005-12-28 00:00:00-05:00,9.75390480667477,9.815019148598772,9.729458953338147,9.747793197631836,1689300,0.0,0.0
2005-12-29 00:00:00-05:00,9.747793027030303,9.81501897682068,9.70501293014871,9.717235565185547,1317000,0.0,0.0
2005-12-30 00:00:00-05:00,9.643896740631932,9.717234289732229,9.570559191531636,9.668342590332031,1814000,0.0,0.0
2006-01-03 00:00:00-05:00,9.705012291738027,9.723346534504783,9.393327250527832,9.472776412963867,2367800,0.0,0.0
2006-01-04 00:00:00-05:00,9.527781462095415,9.607230639024054,9.387217354349309,9.515558242797852,2121100,0.0,0.0
2006-01-05 00:00:00-05:00,9.533892286114629,9.625564091951546,9.503334823223948,9.546114921569824,1991800,0.0,0.0
2006-01-06 00:00:00-05:00,9.595005669467355,9.607228886535237,9.472776412963867,9.472776412963867,1623300,0.0,0.0
2006-01-09 00:00:00-05:00,9.497222729275155,9.619451991763329,9.429996780615433,9.466665267944336,2844400,0.0,0.0
2006-01-10 00:00:00-05:00,9.466666053037384,9.485000881057484,9.41777434398741,9.436108589172363,3862800,0.0,0.0
2006-01-11 00:00:00-05:00,9.460554934001358,9.515558255241976,9.429998051387837,9.442220687866211,2314700,0.0,0.0
2006-01-12 00:00:00-05:00,9.442218951044493,9.442218951044493,9.326101303100586,9.326101303100586,2044700,0.0,0.0
2006-01-13 00:00:00-05:00,9.326104141195078,9.478890903995122,9.283323451283099,9.313880920410156,2811800,0.0,0.0
2006-01-17 00:00:00-05:00,9.313879994702074,9.332214824057155,9.154981637302505,9.167204856872559,2870300,0.0,0.0
2006-01-18 00:00:00-05:00,9.16720627625865,9.277212938081043,9.148872026900012,9.161094665527344,1693400,0.0,0.0
2006-01-19 00:00:00-05:00,9.154983520507812,9.19776421496792,9.075534908300419,9.154983520507812,1689700,0.0,0.0
2006-01-20 00:00:00-05:00,9.093867483198846,9.154981833855647,9.032752549706846,9.051087379455566,2415700,0.0,0.0
2006-01-23 00:00:00-05:00,9.044975127290265,9.203873476818544,9.026640881678588,9.09997844696045,1933600,0.0,0.0
2006-01-24 00:00:00-05:00,9.099979843161787,9.154982588435832,9.02664226662781,9.081645011901855,2868900,0.0,0.0
2006-01-25 00:00:00-05:00,9.081642031438552,9.154979583904208,9.05108515503749,9.075531005859375,2544400,0.0,0.0
2006-01-26 00:00:00-05:00,9.167205053688127,9.191650910517888,9.014418302793326,9.051087379455566,1624000,0.0,0.0
2006-01-27 00:00:00-05:00,9.057199805001263,9.118314747929634,9.032753944396973,9.032753944396973,1497200,0.0,0.0
2006-01-30 00:00:00-05:00,9.503335465694219,9.900581344458512,9.472778000737708,9.656122207641602,12217600,0.0,0.0
2006-01-31 00:00:00-05:00,9.705016940149907,10.096151331137772,9.656125214130842,10.083928108215332,6217600,0.0,0.0
2006-02-01 00:00:00-05:00,10.016697559189016,10.218375994418654,10.016697559189016,10.114480972290039,3825900,0.0,0.0
2006-02-02 00:00:00-05:00,10.151150458885915,10.175595728922525,9.9861405148755,10.01058578491211,2825600,0.0,0.0
2006-02-03 00:00:00-05:00,9.94947273210718,10.071701422293035,9.686679357985662,9.839466094970703,2622300,0.0,0.0
2006-02-06 00:00:00-05:00,9.949473484647173,10.102260233188419,9.906692215892503,10.028922080993652,2773200,0.0,0.0
2006-02-07 00:00:00-05:00,10.083924404991496,10.16948460268603,9.992252598080173,10.163372993469238,3985000,0.0,0.0
2006-02-08 00:00:00-05:00,10.377276036763986,10.377276036763986,10.163374348342284,10.26115894317627,2103700,0.0,0.0
2006-02-09 00:00:00-05:00,10.206154773979566,10.248934874989668,10.126705015814814,10.181708335876465,1363100,0.0,0.0
2006-02-10 00:00:00-05:00,10.16948460268603,10.261157575267621,10.126704503838763,10.163372993469238,918700,0.0,0.0
2006-02-13 00:00:00-05:00,10.175595645109167,10.395608901977539,10.151150375273906,10.395608901977539,1601700,0.0,0.0
2006-02-14 00:00:00-05:00,10.358943515567296,10.615625336867016,10.346720294155272,10.591178894042969,3134100,0.0,0.0
2006-02-15 00:00:00-05:00,10.54228816544585,10.621736780754118,10.456727938856844,10.615626335144043,1318100,0.0,0.0
2006-02-16 00:00:00-05:00,10.585068278740353,10.640071614596332,10.420058271172415,10.615626335144043,1697700,0.0,0.0
2006-02-17 00:00:00-05:00,10.597288081521114,10.621733353084831,10.53006154479789,10.57284164428711,1236400,0.0,0.0
2006-02-21 00:00:00-05:00,10.530062756260882,10.59117769070676,10.401722443027921,10.40783405303955,1279800,0.0,0.0
2006-02-22 00:00:00-05:00,10.46283790193097,10.676738434707822,10.3283848062764,10.627846717834473,1906700,0.0,0.0
2006-02-23 00:00:00-05:00,10.603398908749933,10.676735883702223,10.523949159269717,10.530060768127441,1066300,0.0,0.0
2006-02-24 00:00:00-05:00,10.468945184159997,10.5972866307277,10.413943039253983,10.420053482055664,1348900,0.0,0.0
2006-02-27 00:00:00-05:00,10.38950082831815,10.475061050360296,10.358943939208984,10.358943939208984,2478700,0.0,0.0
2006-02-28 00:00:00-05:00,10.340608784003939,10.420057392613561,10.248936953863431,10.297828674316406,2660300,0.0,0.0
2006-03-01 00:00:00-05:00,10.248936164738232,10.29782788142675,10.20615605834459,10.24282455444336,2720700,0.0,0.0
2006-03-02 00:00:00-05:00,10.218378509291835,10.407834938764159,10.206156453898878,10.37116527557373,1575400,0.0,0.0
2006-03-03 00:00:00-05:00,10.285601669263285,10.377273465682645,10.224486749760333,10.31004810333252,2119000,0.0,0.0
2006-03-06 00:00:00-05:00,10.242821987420223,10.273378865566052,10.047255169678483,10.13281536102295,2075700,0.0,0.0
2006-03-07 00:00:00-05:00,10.132815988455643,10.242822621664624,10.096147499276068,10.230599403381348,1231700,0.0,0.0
2006-03-08 00:00:00-05:00,10.206154194977774,10.420054687893565,10.145039268857436,10.413944244384766,2007000,0.0,0.0
2006-03-09 00:00:00-05:00,10.389500034843616,10.420056921619068,10.236713269625326,10.303939819335938,1707600,0.0,0.0
2006-03-10 00:00:00-05:00,10.297827224905154,10.450613975524902,10.206155407667383,10.450613975524902,1405700,0.0,0.0
2006-03-13 00:00:00-05:00,10.438389736510947,10.621733353084831,10.407832855638729,10.57284164428711,2549200,0.0,0.0
2006-03-14 00:00:00-05:00,10.54228717406543,10.64618222472652,10.426168901992316,10.591178894042969,1362000,0.0,0.0
2006-03-15 00:00:00-05:00,10.591178944815445,10.609513777021373,10.38338884249715,10.444503784179688,1048100,0.0,0.0
2006-03-16 00:00:00-05:00,10.450613951594008,10.493394055162312,10.34060730489243,10.438390731811523,1010000,0.0,0.0
2006-03-17 00:00:00-05:00,10.499505350392266,10.707295417785645,10.42616719956563,10.707295417785645,2834600,0.0,0.0
2006-03-20 00:00:00-05:00,10.682849601281639,10.792856251094838,10.621734666310925,10.646181106567383,824200,0.0,0.0
2006-03-21 00:00:00-05:00,10.646179790318834,10.707294717733559,10.566731200648896,10.57284164428711,1122700,0.0,0.0
2006-03-22 00:00:00-05:00,10.615624234190202,10.82341314825817,10.566732519291193,10.817302703857422,1165700,0.0,0.0
2006-03-23 00:00:00-05:00,10.81730076223708,11.00675597775622,10.682847696145247,10.951752662658691,3361200,0.0,0.0
2006-03-24 00:00:00-05:00,10.896751548976278,11.025093032022092,10.811191337392707,11.000646591186523,1644500,0.0,0.0
2006-03-27 00:00:00-05:00,10.957866485394739,11.04342669697831,10.878416718349602,11.000646591186523,1474800,0.0,0.0
2006-03-28 00:00:00-05:00,11.018979485799981,11.055647974940292,10.915084461843888,10.988421440124512,1231600,0.0,0.0
2006-03-29 00:00:00-05:00,11.01898106709237,11.037314731458393,10.823413043714888,10.927308082580566,1209600,0.0,0.0
2006-03-30 00:00:00-05:00,10.951750727385114,10.988419209080407,10.798964027039714,10.93952751159668,1107100,0.0,0.0
2006-03-31 00:00:00-05:00,11.000645742220085,11.196212591130072,10.860082215274828,11.080094337463379,3177400,0.0,0.0
2006-04-03 00:00:00-04:00,11.067871516077917,11.165654933751416,10.73173999786377,10.73173999786377,1866300,0.0,0.0
2006-04-04 00:00:00-04:00,10.737850561228056,10.780630656584314,10.640067153079412,10.66451358795166,1760900,0.0,0.0
2006-04-05 00:00:00-04:00,10.640066494018265,10.780629988816461,10.627843277339265,10.701181411743164,1128600,0.0,0.0
2006-04-06 00:00:00-04:00,10.67062403099955,10.725627343791933,10.591175449005092,10.66451358795166,1222200,0.0,0.0
2006-04-07 00:00:00-04:00,10.633960723876953,10.78674751923631,10.597292219378517,10.633960723876953,1543800,0.0,0.0
2006-04-10 00:00:00-04:00,10.664511055643015,10.731736404238559,10.585061326843874,10.71340274810791,1439100,0.0,0.0
2006-04-11 00:00:00-04:00,10.707294793716597,10.725628456101918,10.511727957137897,10.609511375427246,970900,0.0,0.0
2006-04-12 00:00:00-04:00,10.57284086446131,10.57284086446131,10.389497261410385,10.530060768127441,1083600,0.0,0.0
2006-04-13 00:00:00-04:00,10.560618081200873,10.591174957703542,10.499503162525416,10.511726379394531,1076900,0.0,0.0
2006-04-17 00:00:00-04:00,10.46283506213912,10.548395252027367,10.08392348496087,10.1755952835083,2464200,0.0,0.0
2006-04-18 00:00:00-04:00,10.15726375579834,10.334495781445273,9.998365394308092,10.15726375579834,3361000,0.0,0.0
2006-04-19 00:00:00-04:00,10.310050066301773,10.560620234867754,10.273380408216248,10.523950576782227,2599400,0.0,0.0
2006-04-20 00:00:00-04:00,10.511727658446626,10.719517707824707,10.438389513978374,10.719517707824707,2880600,0.0,0.0
2006-04-21 00:00:00-04:00,10.780632198030702,10.792855417214538,10.652291893611451,10.737852096557617,2302300,0.0,0.0
2006-04-24 00:00:00-04:00,10.701182985360377,10.737851475119406,10.297826101000249,10.334494590759277,1928900,0.0,0.0
2006-04-25 00:00:00-04:00,10.30393678398865,10.585063789653692,10.273378740544514,10.493391990661621,2571800,0.0,0.0
2006-04-26 00:00:00-04:00,10.49950749418411,10.57284449431435,10.352832328253031,10.358943939208984,1646400,0.0,0.0
2006-04-27 00:00:00-04:00,10.316160248432544,10.36505195896842,10.169485116824914,10.181708335876465,1717700,0.0,0.0
2006-04-28 00:00:00-04:00,10.187819990207961,10.187819990207961,9.857800068386632,9.888358116149902,4058900,0.0,0.0
2006-05-01 00:00:00-04:00,10.02280916821661,10.218375994418654,9.99836389777647,10.114480972290039,2320400,0.0,0.0
2006-05-02 00:00:00-04:00,10.108372543752699,10.132817819065318,9.961696229195132,10.004477500915527,1985000,0.0,0.0
2006-05-03 00:00:00-04:00,9.986141053396421,10.169484668403882,9.986141053396421,10.041144371032715,2060700,0.0,0.0
2006-05-04 00:00:00-04:00,10.047258864758174,10.138930698579987,10.010589198692962,10.053370475769043,1219900,0.0,0.0
2006-05-05 00:00:00-04:00,10.169484933509874,10.169484933509874,10.016698195130601,10.065589904785156,1472000,0.0,0.0
2006-05-08 00:00:00-04:00,10.083924827987373,10.108371265880002,9.931138088169382,9.955584526062012,1266100,0.0,0.0
2006-05-09 00:00:00-04:00,9.931139127970571,9.998365673543683,9.79668720249479,9.863912582397461,2796700,0.0,0.0
2006-05-10 00:00:00-04:00,9.82724300434377,9.986141352759802,9.747793830135755,9.772239685058594,3233000,0.0,0.0
2006-05-11 00:00:00-04:00,9.796686408958745,9.90058144112417,9.741682505231855,9.808908462524414,2363300,0.0,0.0
2006-05-12 00:00:00-04:00,9.833354159325538,9.961694454612708,9.796685670053526,9.937249183654785,2482300,0.0,0.0
2006-05-15 00:00:00-04:00,9.943361874825078,10.059478964433747,9.870023722630313,10.028922080993652,4176100,0.0,0.0
2006-05-16 00:00:00-04:00,10.053366781907888,10.053366781907888,9.96169381609843,9.986140251159668,3769300,0.0,0.0
2006-05-17 00:00:00-04:00,9.925028196033795,9.925028196033795,9.741683959960938,9.741683959960938,2917000,0.0,0.0
2006-05-18 00:00:00-04:00,9.741682553730202,9.937249982633833,9.741682553730202,9.833354949951172,1848300,0.0,0.0
2006-05-19 00:00:00-04:00,9.857800555715032,9.918915488592507,9.7722403490888,9.89447021484375,1984500,0.0,0.0
2006-05-22 00:00:00-04:00,10.236712489436513,10.334495918470035,10.053368851416266,10.09003734588623,2423200,0.0,0.0
2006-05-23 00:00:00-04:00,10.090039719676552,10.200046394637122,10.083928108215332,10.083928108215332,2150000,0.0,0.0
2006-05-24 00:00:00-04:00,10.083925735862833,10.138929060402992,9.986142306829313,10.09003734588623,2182000,0.0,0.0
2006-05-25 00:00:00-04:00,10.102262198185384,10.193934032007196,10.004478753352704,10.053370475769043,2307900,0.0,0.0
2006-05-26 00:00:00-04:00,10.077811876301688,10.1755952835083,10.053366607335114,10.1755952835083,1153200,0.0,0.0
2006-05-30 00:00:00-04:00,10.175596061453222,10.248934205300111,10.083924255897296,10.218376159667969,2189200,0.0,0.0
2006-05-31 00:00:00-04:00,10.242823397189495,10.28560349874976,10.157263194068964,10.273380279541016,2258100,0.0,0.0
2006-06-01 00:00:00-04:00,10.316159274168246,10.33449410101402,10.12670405944278,10.32838249206543,2041800,0.0,0.0
2006-06-02 00:00:00-04:00,10.267268491710425,10.32227181152465,10.157263017752296,10.316160202026367,1227800,0.0,0.0
2006-06-05 00:00:00-04:00,10.255045204946628,10.255045204946628,10.114480534733342,10.13281536102295,1385000,0.0,0.0
2006-06-06 00:00:00-04:00,10.169484830154325,10.218376539311977,10.05947819313203,10.145039558410645,1586500,0.0,0.0
2006-06-07 00:00:00-04:00,10.151153920601725,10.187822420996328,10.041147253747306,10.053370475769043,2813800,0.0,0.0
2006-06-08 00:00:00-04:00,10.090037446085113,10.212266150755593,9.998365626164645,10.169486045837402,1625200,0.0,0.0
2006-06-09 00:00:00-04:00,10.120592757204895,10.279491097673132,10.059477831537073,10.071701049804688,1152100,0.0,0.0
2006-06-12 00:00:00-04:00,10.09614687759487,10.09614687759487,9.925025329176757,9.986140251159668,1225600,0.0,0.0
2006-06-13 00:00:00-04:00,9.986141387511353,10.1878198370354,9.973918168589819,10.102259635925293,1605500,0.0,0.0
2006-06-14 00:00:00-04:00,10.083924268072302,10.108370704607532,9.94336075500549,10.071701049804688,1612300,0.0,0.0
2006-06-15 00:00:00-04:00,10.065592106203852,10.285605430603027,10.05337005036989,10.285605430603027,1214900,0.0,0.0
2006-06-16 00:00:00-04:00,10.273380744402402,10.310050403687907,10.114482384509733,10.267269134521484,1414700,0.0,0.0
2006-06-19 00:00:00-04:00,10.28560662375281,10.310053069597691,10.047259605118708,10.083928108215332,1424100,0.0,0.0
2006-06-20 00:00:00-04:00,10.126707476558249,10.132819087569118,10.004478753352704,10.053370475769043,1171700,0.0,0.0
2006-06-21 00:00:00-04:00,10.010587047853983,10.175597012682159,9.998364994128842,10.059478759765625,1084600,0.0,0.0
2006-06-22 00:00:00-04:00,10.022809080156659,10.096147222173196,9.97391737403571,10.047255516052246,1004600,0.0,0.0
2006-06-23 00:00:00-04:00,9.98614074078855,10.035032447638043,9.870022499894663,9.992252349853516,929600,0.0,0.0
2006-06-26 00:00:00-04:00,9.967805395635397,10.145038552299123,9.900580030754483,10.12059211730957,1149700,0.0,0.0
2006-06-27 00:00:00-04:00,10.059476754751604,10.083923188670042,9.845576286315918,9.845576286315918,1699300,0.0,0.0
2006-06-28 00:00:00-04:00,9.870023417755487,10.053368209743878,9.802798043129723,9.980030059814453,1720900,0.0,0.0
2006-06-29 00:00:00-04:00,10.022810161697441,10.145040023024501,9.918915129270545,10.138928413391113,1026100,0.0,0.0
2006-06-30 00:00:00-04:00,10.138929060402992,10.16337433482616,10.06559090579264,10.09003734588623,805100,0.0,0.0
2006-07-03 00:00:00-04:00,10.083925116645677,10.151151657104492,10.065590287701358,10.151151657104492,333800,0.0,0.0
2006-07-05 00:00:00-04:00,10.120591622963664,10.163371716435586,9.94335964062711,9.967804908752441,1785700,0.0,0.0
2006-07-06 00:00:00-04:00,9.967807634039788,10.059479454496389,9.949473969350732,10.0350341796875,1488200,0.0,0.0
2006-07-07 00:00:00-04:00,10.035031926186491,10.12059211730957,9.980028613130173,10.12059211730957,1267000,0.0,0.0
2006-07-10 00:00:00-04:00,10.12059586554738,10.200045643018065,10.028924031725568,10.053370475769043,1351700,0.0,0.0
2006-07-11 00:00:00-04:00,10.047257399927163,10.071702674736052,9.857800983223692,10.0350341796875,1378500,0.0,0.0
2006-07-12 00:00:00-04:00,10.035033405668061,10.077813507536742,9.82724334030274,9.833354949951172,1293900,0.0,0.0
2006-07-13 00:00:00-04:00,9.833352872258232,10.028919677005302,9.808906438829796,9.87613296508789,1593800,0.0,0.0
2006-07-14 00:00:00-04:00,9.839467696114808,9.87613619257048,9.662235075685087,9.705015182495117,1159900,0.0,0.0
2006-07-17 00:00:00-04:00,10.38338463388583,11.092314872449105,10.358939366523346,10.756184577941895,8155800,0.0,0.0
2006-07-18 00:00:00-04:00,10.762298995206644,10.939531018270745,10.719518891903943,10.890639305114746,3803200,0.0,0.0
2006-07-19 00:00:00-04:00,10.908970637795605,11.073980553929442,10.884524206218734,10.93952751159668,2885800,0.0,0.0
2006-07-20 00:00:00-04:00,10.93341655474767,11.025089512949714,10.74396136142561,10.756184577941895,2117100,0.0,0.0
2006-07-21 00:00:00-04:00,10.768410502269234,10.847859098262955,10.585065705431576,10.811190605163574,1968600,0.0,0.0
2006-07-24 00:00:00-04:00,10.78062920335706,10.945639119490897,10.707292239966478,10.93952751159668,1576500,0.0,0.0
2006-07-25 00:00:00-04:00,10.878416085408148,10.988422731426743,10.829524372252148,10.890639305114746,2083400,0.0,0.0
2006-07-26 00:00:00-04:00,10.805079098509344,10.982311121573446,10.737852555793449,10.890639305114746,2125500,0.0,0.0
2006-07-27 00:00:00-04:00,10.908972851987079,10.98230983026285,10.67673636754988,10.68284797668457,1374100,0.0,0.0
2006-07-28 00:00:00-04:00,10.743962817393115,11.006756179755222,10.719517546717933,10.921195983886719,1209400,0.0,0.0
2006-07-31 00:00:00-04:00,10.933419145018386,11.135097602637009,10.927307535312323,11.025092124938965,2003500,0.0,0.0
2006-08-01 00:00:00-04:00,10.970087515360627,11.031201273905742,10.878414546202503,10.96397590637207,1477300,0.0,0.0
2006-08-02 00:00:00-04:00,10.96397851586081,11.165656997802891,10.89064035621346,11.141210556030273,1709900,0.0,0.0
2006-08-03 00:00:00-04:00,11.14731953026984,11.214546063575789,10.988421193336832,11.12287425994873,1944700,0.0,0.0
2006-08-04 00:00:00-04:00,11.208437149846764,11.306220585985429,10.9334205071627,10.994535446166992,1202400,0.0,0.0
2006-08-07 00:00:00-04:00,10.99453263018479,11.196211061274575,10.939529315735737,11.165654182434082,1285900,0.0,0.0
2006-08-08 00:00:00-04:00,11.16565460803148,11.220657924577074,10.957864560119294,10.988421440124512,1011700,0.0,0.0
2006-08-09 00:00:00-04:00,11.012867299572049,11.080092665194854,10.76840877532959,10.76840877532959,984800,0.0,0.0
2006-08-10 00:00:00-04:00,10.725627904746208,11.110651114429745,10.719517461378741,11.031201362609863,1762800,0.0,0.0
2006-08-11 00:00:00-04:00,11.30622141809155,11.30622141809155,10.957867755500889,11.061762809753418,735000,0.0,0.0
2006-08-14 00:00:00-04:00,11.092318428165191,11.122876479251486,10.798968131759509,10.841748237609863,1289700,0.0,0.0
2006-08-15 00:00:00-04:00,10.927305858528491,10.994532389308977,10.774519136332975,10.878414154052734,2206800,0.0,0.0
2006-08-16 00:00:00-04:00,10.945641045294884,11.098427772521973,10.921195775087066,11.098427772521973,1435600,0.0,0.0
2006-08-17 00:00:00-04:00,11.061758990557774,11.300105905686697,11.061758990557774,11.208434104919434,2224700,0.0,0.0
2006-08-18 00:00:00-04:00,11.177879000705243,11.238992767136594,11.080094409940255,11.116764068603516,1041900,0.0,0.0
2006-08-21 00:00:00-04:00,11.043424508647112,11.159542748265508,11.012867629328168,11.12287425994873,877500,0.0,0.0
2006-08-22 00:00:00-04:00,11.12898339038579,11.459003243314902,11.098426514671651,11.34288501739502,2659100,0.0,0.0
2006-08-23 00:00:00-04:00,11.367333539990767,11.367333539990767,11.183988754994122,11.3001070022583,1158200,0.0,0.0
2006-08-24 00:00:00-04:00,11.300105411523877,11.367331939792756,11.190098789145765,11.202322006225586,430600,0.0,0.0
2006-08-25 00:00:00-04:00,11.141207379708309,11.232879178879287,10.921195294831996,10.945640563964844,1018300,0.0,0.0
2006-08-28 00:00:00-04:00,11.000643284656057,11.471226638260502,10.994531676284168,11.44678020477295,1587200,0.0,0.0
2006-08-29 00:00:00-04:00,11.404003654905729,11.434560540588667,11.202325178655132,11.422338485717773,1132500,0.0,0.0
2006-08-30 00:00:00-04:00,11.459004767360586,11.556788181455111,11.404001451223635,11.532342910766602,852900,0.0,0.0
2006-08-31 00:00:00-04:00,11.581236018152998,11.611792901625964,11.46511776274903,11.514009475708008,799600,0.0,0.0
2006-09-01 00:00:00-04:00,11.569013921922654,11.679020578180317,11.514010593793822,11.630128860473633,1131000,0.0,0.0
2006-09-05 00:00:00-04:00,11.611792105932576,11.7951357255476,11.562900396323883,11.776802062988281,1320200,0.0,0.0
2006-09-06 00:00:00-04:00,11.679017530763474,11.752354505352367,11.599567781676948,11.672905921936035,953500,0.0,0.0
2006-09-07 00:00:00-04:00,11.672909412620836,11.734024353500947,11.611794471740723,11.611794471740723,1489300,0.0,0.0
2006-09-08 00:00:00-04:00,11.562902288739693,11.666797334370697,11.501787350309014,11.617905616760254,1292400,0.0,0.0
2006-09-11 00:00:00-04:00,11.62401547629734,11.77680221652521,11.587345819360019,11.72179889678955,1190000,0.0,0.0
2006-09-12 00:00:00-04:00,11.642347821436799,11.801246153170412,11.624014160713429,11.795134544372559,1551700,0.0,0.0
2006-09-13 00:00:00-04:00,11.685127498072104,11.819579376377494,11.624012584053279,11.697349548339844,1028400,0.0,0.0
2006-09-14 00:00:00-04:00,11.697352458831338,11.75846738805655,11.60568064782868,11.72179889678955,1105100,0.0,0.0
2006-09-15 00:00:00-04:00,11.850138349808645,11.850138349808645,11.61179142514901,11.801246643066406,2451400,0.0,0.0
2006-09-18 00:00:00-04:00,11.825693704270643,11.935700341672185,11.770690385569871,11.899030685424805,1319600,0.0,0.0
2006-09-19 00:00:00-04:00,11.990707718871962,12.02126461041708,11.764582758157722,11.868477821350098,1430900,0.0,0.0
2006-09-20 00:00:00-04:00,11.954032434396725,11.990702085828875,11.856249028584616,11.96014404296875,961600,0.0,0.0
2006-09-21 00:00:00-04:00,12.009038825691004,12.082376981693328,11.874586899635593,11.929590225219727,1705200,0.0,0.0
2006-09-22 00:00:00-04:00,11.96625841244942,11.96625841244942,11.758468335738895,11.880698204040527,1135300,0.0,0.0
2006-09-25 00:00:00-04:00,11.929590225219727,12.009038825691004,11.813471963912065,11.929590225219727,1304300,0.0,0.0
2006-09-26 00:00:00-04:00,11.892921489803642,12.11293480926,11.856252991784428,12.088489532470703,1054400,0.0,0.0
2006-09-27 00:00:00-04:00,12.021258354187012,12.131264971571747,12.002923529399528,12.021258354187012,700800,0.0,0.0
2006-09-28 00:00:00-04:00,11.966259190857834,12.119045953338485,11.87458736650354,12.094600677490234,1244100,0.0,0.0
2006-09-29 00:00:00-04:00,12.100707450506485,12.112930667556988,11.947920734385594,12.039593696594238,1243700,0.0,0.0
2006-10-02 00:00:00-04:00,12.08848828075105,12.106821945027004,11.807360049925466,11.880698204040527,1663600,0.0,0.0
2006-10-03 00:00:00-04:00,11.947921139782817,12.192380826406955,11.856249340133854,12.15571117401123,1664000,0.0,0.0
2006-10-04 00:00:00-04:00,12.155713718557207,12.265720367431639,12.015150185293397,12.26572036743164,1233600,0.0,0.0
2006-10-05 00:00:00-04:00,12.180161798351099,12.241276741027832,12.112935244839633,12.241276741027832,861800,0.0,0.0
2006-10-06 00:00:00-04:00,12.28405698506304,12.363505595439165,12.259610541457718,12.345171928405762,1415400,0.0,0.0
2006-10-09 00:00:00-04:00,12.351278832720709,12.528512001037598,12.222938537597656,12.528512001037598,1630500,0.0,0.0
2006-10-10 00:00:00-04:00,12.50406844243848,12.552961326885741,12.381839728331896,12.540738105773926,1454700,0.0,0.0
2006-10-11 00:00:00-04:00,12.461284464998878,12.540734211886072,12.400170709756619,12.504064559936523,939600,0.0,0.0
2006-10-12 00:00:00-04:00,12.528515276731175,12.675190437651464,12.45517711343575,12.669078826904297,2506300,0.0,0.0
2006-10-13 00:00:00-04:00,12.681303236448013,12.681303236448013,12.5774081753539,12.65074634552002,1696200,0.0,0.0
2006-10-16 00:00:00-04:00,13.066327761158405,13.359679328618588,12.9624326814825,13.017436027526855,5437600,0.0,0.0
2006-10-17 00:00:00-04:00,12.931869540790348,13.35967287774991,12.895201049690199,13.261889457702637,3892400,0.0,0.0
2006-10-18 00:00:00-04:00,13.268005041954465,13.414681394522923,13.2435597603069,13.39023494720459,5736600,0.0,0.0
2006-10-19 00:00:00-04:00,13.2924471432782,13.35967368575298,13.102991901187,13.157995223999023,2496800,0.0,0.0
2006-10-20 00:00:00-04:00,13.157994428193618,13.32911483044119,13.10910271816998,13.261889457702637,4139000,0.0,0.0
2006-10-23 00:00:00-04:00,13.41467540103925,13.769140569089764,13.378005746445226,13.671357154846191,5868400,0.0,0.0
2006-10-24 00:00:00-04:00,13.6835830939378,13.763032869120819,13.585799651920684,13.73858642578125,2847000,0.0,0.0
2006-10-25 00:00:00-04:00,13.689692702516075,13.76303085613775,13.598020884741784,13.659135818481445,1929400,0.0,0.0
2006-10-26 00:00:00-04:00,13.72635858699472,13.799696726674195,13.622464734759923,13.683578491210938,2221000,0.0,0.0
2006-10-27 00:00:00-04:00,13.634692340407735,13.787479125109611,13.616358672272732,13.750810623168945,2453100,0.0,0.0
2006-10-30 00:00:00-05:00,13.714136150725992,14.025821195705008,13.62857479588636,14.019709587097168,2721200,0.0,0.0
2006-10-31 00:00:00-05:00,13.9035936581962,14.007488690400745,13.805810235611965,13.830255508422852,3644200,0.0,0.0
2006-11-01 00:00:00-05:00,13.836367804864887,13.995266165869392,13.836367804864887,13.964709281921387,3031200,0.0,0.0
2006-11-02 00:00:00-05:00,13.97693333549025,14.050270327608157,13.818034965007485,13.873038291931152,2773000,0.0,0.0
2006-11-03 00:00:00-05:00,13.873034888732583,13.989151958712966,13.830253627209602,13.842476844787598,1801300,0.0,0.0
2006-11-06 00:00:00-05:00,13.842480436699828,14.245837396077112,13.842480436699828,14.203057289123535,3661500,0.0,0.0
2006-11-07 00:00:00-05:00,14.080822933458865,14.30083499039602,13.989149980259192,14.215274810791016,3238300,0.0,0.0
2006-11-08 00:00:00-05:00,14.22139034145493,14.343619036652585,14.08693726136606,14.294727325439453,2205300,0.0,0.0
2006-11-09 00:00:00-05:00,14.31917732977287,14.337510997499447,14.160278937342285,14.270285606384277,2877800,0.0,0.0
2006-11-10 00:00:00-05:00,14.319172859191895,14.34972973964313,14.203054615270712,14.319172859191895,1757300,0.0,0.0
2006-11-13 00:00:00-05:00,14.282505295890992,14.300838959082762,14.038045573744173,14.148052215576172,1855400,0.0,0.0
2006-11-14 00:00:00-05:00,14.148052192501309,14.465848898237587,14.11138370050723,14.453625679016113,3528000,0.0,0.0
2006-11-15 00:00:00-05:00,14.42306703505684,14.655302343548845,14.325283624568607,14.545295715332031,3044200,0.0,0.0
2006-11-16 00:00:00-05:00,14.56974215078919,14.643079125820265,14.520850445545074,14.545295715332031,2503000,0.0,0.0
2006-11-17 00:00:00-05:00,14.429180894293067,14.508629490579217,14.300839419467277,14.459737777709961,3374400,0.0,0.0
2006-11-20 00:00:00-05:00,14.508629181466583,14.600300995434536,14.093049048096816,14.251947402954102,3588400,0.0,0.0
2006-11-21 00:00:00-05:00,14.184723296626542,14.251949849054148,14.068606189650481,14.1113862991333,2980000,0.0,0.0
2006-11-22 00:00:00-05:00,13.983039935450117,14.105269776266647,13.879144920457112,14.019709587097168,3941200,0.0,0.0
2006-11-24 00:00:00-05:00,13.995265960693358,14.044157673695635,13.873037261022862,13.99526596069336,860500,0.0,0.0
2006-11-27 00:00:00-05:00,13.915818744386417,13.995267348768573,13.55524188810559,13.604133605957031,3933100,0.0,0.0
2006-11-28 00:00:00-05:00,13.604126276812297,13.738578137050972,13.530788156710372,13.64079475402832,3845300,0.0,0.0
2006-11-29 00:00:00-05:00,13.779284896899023,13.880001367544262,13.678568426253785,13.810759544372559,3676800,0.65,0.0
2006-11-30 00:00:00-05:00,13.823349431628658,13.880002601482476,13.659686052756678,13.817055702209473,3166000,0.0,0.0
2006-12-01 00:00:00-05:00,13.766697206967239,14.01219347135514,13.546379461694318,13.69115924835205,2606000,0.0,0.0
2006-12-04 00:00:00-05:00,13.817053354261786,14.131792599683376,13.722630620127358,13.980716705322266,3280100,0.0,0.0
2006-12-05 00:00:00-05:00,14.005896293062749,14.043664665989857,13.880000115792484,13.999601364135742,2979800,0.0,0.0
2006-12-06 00:00:00-05:00,14.049957126035709,14.068841909498262,13.898882460239431,13.987009048461914,3338000,0.0,0.0
2006-12-07 00:00:00-05:00,14.043668085146708,14.056257946065925,13.848530043439737,14.012194633483887,3752400,0.0,0.0
2006-12-08 00:00:00-05:00,13.993307406997598,13.993307406997598,13.791874469884265,13.842232704162598,2584000,0.0,0.0
2006-12-11 00:00:00-05:00,13.848531858062351,13.911479970271529,13.754110290066274,13.829647064208984,3273700,0.0,0.0
2006-12-12 00:00:00-05:00,13.842234463434536,13.96813066544859,13.722633191584702,13.898887634277344,4347500,0.0,0.0
2006-12-13 00:00:00-05:00,13.8988863688479,14.131793961178191,13.880001580074616,14.087729454040527,3666700,0.0,0.0
2006-12-14 00:00:00-05:00,14.150676990647169,14.415058019860105,14.056255451778622,14.194740295410156,4651500,0.0,0.0
2006-12-15 00:00:00-05:00,14.257689460474364,14.389880585339991,14.163267914504685,14.377290725708008,6578400,0.0,0.0
2006-12-18 00:00:00-05:00,14.4402388389706,14.490597076918318,14.175857789586304,14.257689476013184,2780100,0.0,0.0
2006-12-19 00:00:00-05:00,14.24509961636748,14.289164125127446,14.112909691992883,14.257689476013184,3152500,0.0,0.0
2006-12-20 00:00:00-05:00,14.238805196548917,14.339521667559259,14.194740689926231,14.301752090454102,3754000,0.0,0.0
2006-12-21 00:00:00-05:00,14.301754050886636,14.440240117985306,14.175859045183998,14.188448905944824,1966700,0.0,0.0
2006-12-22 00:00:00-05:00,14.226216413106332,14.389880991030983,14.131794864474646,14.364701271057129,1258500,0.0,0.0
2006-12-26 00:00:00-05:00,14.370994556819284,14.415057861096972,14.245098372624465,14.40876293182373,1477300,0.0,0.0
2006-12-27 00:00:00-05:00,14.408762915721034,14.585017333269807,14.339521095062763,14.566132545471191,1759300,0.0,0.0
2006-12-28 00:00:00-05:00,14.566135521736223,14.566135521736223,14.150679710357482,14.213627815246582,2900300,0.0,0.0
2006-12-29 00:00:00-05:00,14.22621249655071,14.383582101157167,14.194737855248539,14.263980865478516,1647100,0.0,0.0
2007-01-03 00:00:00-05:00,14.377289608744308,14.585017473993377,14.245098494148536,14.509479522705078,3299200,0.0,0.0
2007-01-04 00:00:00-05:00,14.465419078150783,14.578725427168633,14.364702590276078,14.553546905517578,2171900,0.0,0.0
2007-01-05 00:00:00-05:00,14.68573493540986,14.767566620925818,14.245099457796002,14.433943748474121,2371700,0.0,0.0
2007-01-08 00:00:00-05:00,14.45912073879151,14.717206828205155,14.238804223903001,14.616490364074707,3156000,0.0,0.0
2007-01-09 00:00:00-05:00,14.6794400934221,14.799041358169802,14.396175456663975,14.69202995300293,7937000,0.0,0.0
2007-01-10 00:00:00-05:00,14.692027908824217,14.786449441272897,14.528363358950207,14.74868106842041,3884500,0.0,0.0
2007-01-11 00:00:00-05:00,14.754977202288972,14.843103813019875,14.717207625717135,14.830513954162598,3644600,0.0,0.0
2007-01-12 00:00:00-05:00,14.830515359929276,14.93752676908958,14.559839372015853,14.704620361328125,3279400,0.0,0.0
2007-01-16 00:00:00-05:00,14.754980429311392,14.817928536729973,14.484304407856186,14.522072792053223,4528100,0.0,0.0
2007-01-17 00:00:00-05:00,14.522068293160284,14.742386000553918,14.433941690456795,14.6857328414917,4682300,0.0,0.0
2007-01-18 00:00:00-05:00,14.710915846430154,14.76756781752544,14.4402398483035,14.635377883911133,3393500,0.0,0.0
2007-01-19 00:00:00-05:00,14.685735410104561,14.83051519719302,14.585018932074755,14.799041748046875,4349300,0.0,0.0
2007-01-22 00:00:00-05:00,14.748683636057402,14.887168494382328,14.692030466598311,14.861989974975586,3153600,0.0,0.0
2007-01-23 00:00:00-05:00,14.799043144600033,15.101192607202634,14.748684900832933,15.082307815551758,3834500,0.0,0.0
2007-01-24 00:00:00-05:00,15.088599223242698,15.138957455252248,15.000472617384725,15.13266372680664,2089100,0.0,0.0
2007-01-25 00:00:00-05:00,15.107484971732454,15.15784320694616,14.956410266091332,15.013063430786133,2110500,0.0,0.0
2007-01-26 00:00:00-05:00,15.082307815551758,15.107487537752927,14.868286180018009,15.082307815551758,3122400,0.0,0.0
2007-01-29 00:00:00-05:00,15.3529782821376,15.598475682409894,14.786447944170808,15.088597297668457,7285500,0.0,0.0
2007-01-30 00:00:00-05:00,15.107484809612469,15.264854443045932,15.031946857284998,15.227086067199707,6262700,0.0,0.0
2007-01-31 00:00:00-05:00,15.10748613962042,15.346687475218289,15.094896279684974,15.334098815917969,3573100,0.0,0.0
2007-02-01 00:00:00-05:00,15.409636829189552,15.73696601035744,15.378163377422926,15.674017906188965,5058700,0.0,0.0
2007-02-02 00:00:00-05:00,15.718076303559856,15.749550946118957,15.579591478204364,15.730666160583496,3757500,0.0,0.0
2007-02-05 00:00:00-05:00,15.680309840119081,15.869152915900852,15.55441365584124,15.812500953674316,4946500,0.0,0.0
2007-02-06 00:00:00-05:00,15.768436277728025,16.057997018172856,15.705489386906741,15.98245906829834,4574000,0.0,0.0
2007-02-07 00:00:00-05:00,15.988754646807552,16.290904057305877,15.988754646807552,16.253135681152344,4516300,0.0,0.0
2007-02-08 00:00:00-05:00,16.190189910503,16.687478603866918,16.139831668193317,16.656003952026367,5205000,0.0,0.0
2007-02-09 00:00:00-05:00,16.6560011418477,16.681180859071855,16.278314988565395,16.385326385498047,5836600,0.0,0.0
2007-02-12 00:00:00-05:00,16.36014719186357,16.49233831025102,16.34755733284857,16.473453521728516,3420700,0.0,0.0
2007-02-13 00:00:00-05:00,16.492338288300385,16.69377122973217,16.34126238159151,16.630823135375977,3244100,0.0,0.0
2007-02-14 00:00:00-05:00,16.637118845735472,16.800783418489125,16.479749202776393,16.76301383972168,2610800,0.0,0.0
2007-02-15 00:00:00-05:00,16.712657081315935,16.857438078136205,16.681183630192294,16.813373565673828,2437300,0.0,0.0
2007-02-16 00:00:00-05:00,16.718952642324954,16.763015955814247,16.59305763244629,16.59305763244629,2513300,0.0,0.0
2007-02-20 00:00:00-05:00,16.605644577675072,17.027395278505235,16.599350848371223,16.951858520507812,3633200,0.0,0.0
2007-02-21 00:00:00-05:00,17.08405001692552,17.29177792145621,16.932975286415495,17.222536087036133,4168500,0.0,0.0
2007-02-22 00:00:00-05:00,17.172172946438376,17.184761603247804,16.800780556275278,16.882612228393555,3439400,0.0,0.0
2007-02-23 00:00:00-05:00,16.882615491814242,17.00221675938447,16.763014224244014,16.951858520507812,2618600,0.0,0.0
2007-02-26 00:00:00-05:00,17.027399618598114,17.06516920785899,16.674891856611254,16.7441349029541,2739200,0.0,0.0
2007-02-27 00:00:00-05:00,16.66229647336768,16.68118126174166,15.98875462961783,16.492338180541992,3031300,0.0,0.0
2007-02-28 00:00:00-05:00,16.303494857048396,16.372737884521484,16.039113807447173,16.372737884521484,4031900,0.0,0.0
2007-03-01 00:00:00-05:00,16.240543923902607,16.700064116037616,15.636245173541063,16.64970588684082,4759200,0.0,0.0
2007-03-02 00:00:00-05:00,16.5426959768283,16.932971987792786,16.52381118895518,16.61823272705078,5334500,0.0,0.0
2007-03-05 00:00:00-05:00,16.492338442386725,16.656001808352862,16.309789087111728,16.536401748657227,3476500,0.0,0.0
2007-03-06 00:00:00-05:00,16.67489064611519,17.153294602971556,16.586764012174793,17.033693313598633,4662200,0.0,0.0
2007-03-07 00:00:00-05:00,16.932976449504395,17.109230914190235,16.750428254504158,16.926681518554688,3775900,0.0,0.0
2007-03-08 00:00:00-05:00,17.052576397795452,17.33584226512171,17.00221815478581,17.316957473754883,2424000,0.0,0.0
2007-03-09 00:00:00-05:00,17.373611569860252,17.549864829436473,17.279190009282235,17.436559677124023,2372800,0.0,0.0
2007-03-12 00:00:00-04:00,17.436558837763453,17.518390532822444,17.279189177497123,17.455442428588867,3346500,0.0,0.0
2007-03-13 00:00:00-04:00,17.39249232282023,17.430261901394974,17.20994416224932,17.235122680664062,3517700,0.0,0.0
2007-03-14 00:00:00-04:00,17.279189261056796,17.348431095476872,17.052576564974142,17.222536087036133,3200000,0.0,0.0
2007-03-15 00:00:00-04:00,17.19105531512627,17.543564094805966,17.033685710116163,17.505794525146484,2582000,0.0,0.0
2007-03-16 00:00:00-04:00,17.556160283940052,17.59392986980618,17.379907019106064,17.442853927612305,3661800,0.0,0.0
2007-03-19 00:00:00-04:00,17.56874466925637,17.68205099026356,17.329543369846142,17.411375045776367,4253200,0.0,0.0
2007-03-20 00:00:00-04:00,17.48691552580696,17.84571812720209,17.37360918839058,17.71982192993164,4911800,0.0,0.0
2007-03-21 00:00:00-04:00,17.719819605098436,18.078622159418813,17.606513282547798,18.009380340576172,3259000,0.0,0.0
2007-03-22 00:00:00-04:00,17.79535809136328,18.122687210703145,17.79535809136328,17.94013786315918,2372800,0.0,0.0
2007-03-23 00:00:00-04:00,18.078624046072008,18.254878477392705,18.01567714976148,18.084918975830078,2690400,0.0,0.0
2007-03-26 00:00:00-04:00,18.059740457432884,18.11009869486236,17.77647462149517,18.084918975830078,2303600,0.0,0.0
2007-03-27 00:00:00-04:00,18.003087215696418,18.135277138163243,17.732411240395685,17.789064407348633,3573900,0.0,0.0
2007-03-28 00:00:00-04:00,17.763888126433915,17.763888126433915,17.26660058771171,17.30436897277832,3872200,0.0,0.0
2007-03-29 00:00:00-04:00,17.21623759257277,17.49950220340204,17.21623759257277,17.423965454101562,3283200,0.0,0.0
2007-03-30 00:00:00-04:00,17.512098383993727,17.6065199550246,17.21624380792755,17.35472869873047,2589200,0.0,0.0
2007-04-02 00:00:00-04:00,17.367316911051446,17.940142414915467,17.367316911051446,17.776477813720703,3639200,0.0,0.0
2007-04-03 00:00:00-04:00,17.826829907929742,18.05973746788323,17.826829907929742,17.98419952392578,3340200,0.0,0.0
2007-04-04 00:00:00-04:00,17.990497659019756,18.286352157592773,17.977907799343857,18.286352157592773,4486000,0.0,0.0
2007-04-05 00:00:00-04:00,18.336708588956547,18.682922492120916,18.29894021428525,18.664037704467773,3259500,0.0,0.0
2007-04-09 00:00:00-04:00,18.695512387405202,18.701806116000338,18.38706685830419,18.43113136291504,2403200,0.0,0.0
2007-04-10 00:00:00-04:00,18.44371891875378,18.468898634169815,18.324118872432372,18.40595054626465,2769100,0.0,0.0
2007-04-11 00:00:00-04:00,18.42483493736027,18.512961538155025,18.173043791778905,18.38077163696289,3797100,0.0,0.0
2007-04-12 00:00:00-04:00,18.191925054635618,18.198219982550803,17.84571242374351,18.11638832092285,6217800,0.0,0.0
2007-04-13 00:00:00-04:00,18.084918476564088,18.110098194901237,17.637989281795168,17.83942222595215,6506000,0.0,0.0
2007-04-16 00:00:00-04:00,18.254873360537147,18.368179663152386,17.600215256820103,17.688343048095703,9945300,0.0,0.0
2007-04-17 00:00:00-04:00,18.128982606348348,18.128982606348348,17.455440718496334,17.81424331665039,7963600,0.0,0.0
2007-04-18 00:00:00-04:00,17.751294106906805,17.990495407639063,17.694640946090097,17.864599227905273,5779900,0.0,0.0
2007-04-19 00:00:00-04:00,18.12268347457587,18.128977201934717,17.45543551487163,17.688343048095703,4809700,0.0,0.0
2007-04-20 00:00:00-04:00,17.770180811883197,17.896077013710308,17.74500229189887,17.87089729309082,4556100,0.0,0.0
2007-04-23 00:00:00-04:00,17.94013648997763,18.23599094021536,17.877188402517394,18.028263092041016,4228700,0.0,0.0
2007-04-24 00:00:00-04:00,17.72611956724811,17.87089937577741,17.493213127550586,17.776477813720703,3808400,0.0,0.0
2007-04-25 00:00:00-04:00,17.776473303489247,17.996791026146273,17.688346694680437,17.94013786315918,2952400,0.0,0.0
2007-04-26 00:00:00-04:00,17.512094513778496,18.160457906001994,17.512094513778496,18.047151565551758,2834400,0.0,0.0
2007-04-27 00:00:00-04:00,18.040857358204708,18.09121560035168,17.845719319964587,17.883487701416016,3199000,0.0,0.0
2007-04-30 00:00:00-04:00,17.971612961499368,18.204520564155306,17.776474938064464,17.81424331665039,3052700,0.0,0.0
2007-05-01 00:00:00-04:00,17.921257684010012,18.06603869367356,17.776477874981772,17.996795654296875,2462400,0.0,0.0
2007-05-02 00:00:00-04:00,18.06603306989787,18.210812833857617,18.009379909977113,18.13527488708496,2135500,0.0,0.0
2007-05-03 00:00:00-04:00,18.191926410562846,18.37447573180528,18.028261874473543,18.336706161499023,2813700,0.0,0.0
2007-05-04 00:00:00-04:00,18.349296018267776,18.443717542763768,18.261169422156158,18.336706161499023,2623300,0.0,0.0
2007-05-07 00:00:00-04:00,18.412250186451104,18.443723638139666,18.1101007279541,18.147869110107422,1918900,0.0,0.0
2007-05-08 00:00:00-04:00,18.1541617404542,18.17934025848791,17.820537671903324,18.040855407714844,2314400,0.0,0.0
2007-05-09 00:00:00-04:00,18.160453921408294,18.31782353736394,18.066032391961887,18.298938751220703,2571500,0.0,0.0
2007-05-10 00:00:00-04:00,18.32412470220044,18.468904509999167,18.261176594268512,18.38707160949707,3151500,0.0,0.0
2007-05-11 00:00:00-04:00,18.29264679883832,18.43113285181819,18.198225254028912,18.399658203125,2234900,0.0,0.0
2007-05-14 00:00:00-04:00,18.41224835308156,18.544438277773192,18.267468568714026,18.286352157592773,2121000,0.0,0.0
2007-05-15 00:00:00-04:00,18.380775487043426,18.44372238614761,18.179341327750574,18.223405838012695,1882400,0.0,0.0
2007-05-16 00:00:00-04:00,18.317826176529355,18.39965786033695,17.883485637735813,17.977907180786133,2345300,0.0,0.0
2007-05-17 00:00:00-04:00,18.003087738088805,18.1289827344767,17.807949713274745,17.95902442932129,2242600,0.0,0.0
2007-05-18 00:00:00-04:00,18.03456276301224,18.254880526737846,18.009384241788435,18.147869110107422,2005200,0.0,0.0
2007-05-21 00:00:00-04:00,18.179341363355757,18.191931223455306,18.028266644066584,18.066036224365234,2518000,0.0,0.0
2007-05-22 00:00:00-04:00,17.996792588857705,18.374479974688963,17.86460146353097,18.286352157592773,2384600,0.0,0.0
2007-05-23 00:00:00-04:00,18.361887386498672,18.380772173206307,18.03455828737591,18.07232666015625,1733100,0.0,0.0
2007-05-24 00:00:00-04:00,18.07232679821357,18.22969642007458,17.97790526522395,18.13527488708496,2221900,0.0,0.0
2007-05-25 00:00:00-04:00,18.084919004478394,18.16675189082785,17.795359438959007,17.927549362182617,2229300,0.0,0.0
2007-05-29 00:00:00-04:00,17.959025664954076,18.05974214924802,17.833129459269042,17.883487701416016,2105700,0.0,0.0
2007-05-30 00:00:00-04:00,17.858305964801755,17.864599693380974,17.38619707945132,17.423965454101562,4561100,0.0,0.0
2007-05-31 00:00:00-04:00,17.468032111960614,17.80795115098475,17.42396879963568,17.631696701049805,3926900,0.0,0.0
2007-06-01 00:00:00-04:00,17.75758676831951,17.996789255313725,17.682050025525985,17.845714569091797,3291000,0.0,0.0
2007-06-04 00:00:00-04:00,17.56874698629861,17.807949517890844,17.43026213160081,17.518388748168945,3013400,0.0,0.0
2007-06-05 00:00:00-04:00,17.518389630811726,17.54356935146276,17.197355396322035,17.260303497314453,3523500,0.0,0.0
2007-06-06 00:00:00-04:00,17.266598169112598,17.266598169112598,16.970742459065743,17.21623992919922,3230500,0.0,0.0
2007-06-07 00:00:00-04:00,17.216237802714588,17.216237802714588,16.59934913981266,16.61823272705078,3700000,0.0,0.0
2007-06-08 00:00:00-04:00,16.42939182863205,16.530108309369005,16.253137387024793,16.504928588867188,3984100,0.0,0.0
2007-06-11 00:00:00-04:00,16.46086472907904,16.718950852430698,16.366443181619797,16.57417106628418,3113300,0.0,0.0
2007-06-12 00:00:00-04:00,16.574165838806096,16.700061996134288,16.14612034465192,16.190183639526367,3876400,0.0,0.0
2007-06-13 00:00:00-04:00,16.322382653766113,16.429394079287977,16.177602842952805,16.31608772277832,4519100,0.0,0.0
2007-06-14 00:00:00-04:00,16.37903362591936,16.460865316468087,16.24684249425122,16.347558975219727,2379300,0.0,0.0
2007-06-15 00:00:00-04:00,16.410509032345324,16.555288840917928,16.20278111550432,16.272024154663086,2967300,0.0,0.0
2007-06-18 00:00:00-04:00,16.253136490224797,16.37273775473887,16.057998469643472,16.309789657592773,2988600,0.0,0.0
2007-06-19 00:00:00-04:00,16.25943454452349,16.36015103905756,16.165012980977217,16.31608772277832,2670500,0.0,0.0
2007-06-20 00:00:00-04:00,16.37903175491253,16.44197984848596,16.026522911155325,16.032817840576172,2497400,0.0,0.0
2007-06-21 00:00:00-04:00,16.070588776210844,16.114652085248228,15.925807788557139,16.102062225341797,2544100,0.0,0.0
2007-06-22 00:00:00-04:00,16.076884701298354,16.1524214641423,15.894335323260957,15.944693565368652,4766600,0.0,0.0
2007-06-25 00:00:00-04:00,16.02023058927792,16.057998968484814,15.799912842739955,15.825091361999512,3257400,0.0,0.0
2007-06-26 00:00:00-04:00,15.837681221946852,15.913219180995773,15.674016644536797,15.825091361999512,3189900,0.0,0.0
2007-06-27 00:00:00-04:00,15.82509242150364,16.013936731451672,15.743260727637471,15.925808906555176,3846300,0.0,0.0
2007-06-28 00:00:00-04:00,15.938395520360462,16.114649933611535,15.850268914052407,15.862858772277832,2868600,0.0,0.0
2007-06-29 00:00:00-04:00,15.988755529055597,16.10206186440339,15.806207367044786,15.919513702392578,2696600,0.0,0.0
2007-07-02 00:00:00-04:00,15.982461625791844,16.202779380826254,15.919514724897875,16.177600860595703,2187000,0.0,0.0
2007-07-03 00:00:00-04:00,16.19018595828813,16.278313761293443,16.07688084122686,16.139827728271484,1214700,0.0,0.0
2007-07-05 00:00:00-04:00,16.120952550004084,16.221669062564256,15.995056308986099,16.196489334106445,2545300,0.0,0.0
2007-07-06 00:00:00-04:00,16.152423251959785,16.347561311646402,16.03911689451745,16.297203063964844,1740800,0.0,0.0
2007-07-09 00:00:00-04:00,16.30349227598431,16.38532515015818,16.108354284749172,16.139827728271484,2781400,0.0,0.0
2007-07-10 00:00:00-04:00,16.083176944196577,16.12094652276214,15.755849001073985,15.77473258972168,2803900,0.0,0.0
2007-07-11 00:00:00-04:00,15.77472973584372,16.24054364816402,15.736961364746094,16.209070205688477,3959500,0.0,0.0
2007-07-12 00:00:00-04:00,16.215366069943567,16.4230939239188,16.076881234171722,16.40420913696289,3683200,0.0,0.0
2007-07-13 00:00:00-04:00,16.334968118235356,16.756718775796305,16.177598487811643,16.70006561279297,5202000,0.0,0.0
2007-07-16 00:00:00-04:00,16.68117746377896,17.505793824867283,16.68117746377896,17.12181282043457,5927300,0.0,0.0
2007-07-17 00:00:00-04:00,17.184766096595634,17.184766096595634,16.611940640084793,16.656003952026367,5572500,0.0,0.0
2007-07-18 00:00:00-04:00,16.580460772892803,16.63711392364805,16.007635538042813,16.114646911621094,4192300,0.0,0.0
2007-07-19 00:00:00-04:00,16.12724461793399,16.246844704961113,15.888042042609095,15.90063190460205,2769700,0.0,0.0
2007-07-20 00:00:00-04:00,16.24055134321128,16.44198555265625,15.516651017563746,15.53553581237793,3388700,0.0,0.0
2007-07-23 00:00:00-04:00,15.648840550015272,15.648840550015272,15.40334304554357,15.459996223449707,2429200,0.0,0.0
2007-07-24 00:00:00-04:00,15.30262620284198,15.447407210099565,15.050834973795531,15.315216064453125,5963400,0.0,0.0
2007-07-25 00:00:00-04:00,15.340391701422218,15.390749933817476,14.981587944891661,15.271148681640625,4952700,0.0,0.0
2007-07-26 00:00:00-04:00,15.019359025845374,16.3664427779839,14.773861567743756,15.044537544250488,6053800,0.0,0.0
2007-07-27 00:00:00-04:00,15.044538146564683,15.044538146564683,14.427649413003397,14.780157089233398,4318400,0.0,0.0
2007-07-30 00:00:00-04:00,14.692027770346938,14.824217674402169,14.50947843544981,14.6857328414917,3469600,0.0,0.0
2007-07-31 00:00:00-04:00,14.80533563601001,14.811630565523231,14.364700175164995,14.421353340148926,4560300,0.0,0.0
2007-08-01 00:00:00-04:00,14.358406506787267,14.906053416188152,14.358406506787267,14.84310531616211,5073600,0.0,0.0
2007-08-02 00:00:00-04:00,14.219919982472222,15.069716231747913,14.163266819144843,14.591312408447266,5068300,0.0,0.0
2007-08-03 00:00:00-04:00,14.182152031526218,14.729797692565578,14.100319148433416,14.301752090454102,3997600,0.0,0.0
2007-08-06 00:00:00-04:00,14.358403730960896,14.880870819091795,14.238803684731653,14.880870819091797,4729300,0.0,0.0
2007-08-07 00:00:00-04:00,14.710912695567924,14.893460831550714,14.484300057183152,14.74868106842041,5334200,0.0,0.0
2007-08-08 00:00:00-04:00,14.704617212631874,14.736090655383975,14.358403339184344,14.45911979675293,5589500,0.0,0.0
2007-08-09 00:00:00-04:00,14.603904979102468,14.736094917657825,14.144384657819726,14.150679588317871,6708700,0.0,0.0
2007-08-10 00:00:00-04:00,14.031076395396743,14.673143555389444,13.823347336986357,14.503185272216797,4350300,0.0,0.0
2007-08-13 00:00:00-04:00,14.635378096872273,14.956412341137952,14.478008439916657,14.836811065673828,4059900,0.0,0.0
2007-08-14 00:00:00-04:00,14.22621706221221,14.591314614045626,13.911477751989088,14.478008270263672,7304200,0.0,0.0
2007-08-15 00:00:00-04:00,14.352109927069405,14.83680868073229,14.16956177867488,14.194740295410156,6372700,0.0,0.0
2007-08-16 00:00:00-04:00,14.056257009251055,14.232511448467498,13.81076074086416,13.892592430114746,7291200,0.0,0.0
2007-08-17 00:00:00-04:00,14.282868415888352,14.308046933170669,13.848527886894312,14.005897521972656,5243800,0.0,0.0
2007-08-20 00:00:00-04:00,14.012188654211112,14.32063291130144,13.955535504884857,14.201031684875488,3604200,0.0,0.0
2007-08-21 00:00:00-04:00,14.087733661125851,14.163271638142191,13.798174017273276,13.861122131347656,3737400,0.0,0.0
2007-08-22 00:00:00-04:00,13.93665715447785,14.163269856383266,13.917773563075906,14.138090133666992,2087000,0.0,0.0
2007-08-23 00:00:00-04:00,14.213629168410906,14.232513961866077,13.83594170375497,13.905184745788574,3591400,0.0,0.0
2007-08-24 00:00:00-04:00,13.848527343211734,14.012191901344071,13.728926089069837,13.993307113647461,2744200,0.0,0.0
2007-08-27 00:00:00-04:00,13.91147672941613,13.91147672941613,13.596737442328141,13.647095680236816,2562400,0.0,0.0
2007-08-28 00:00:00-04:00,13.55267128989993,13.772987784114997,13.35753210840252,13.489723205566406,4578000,0.0,0.0
2007-08-29 00:00:00-04:00,13.647096829573874,13.886298179626465,13.502317033472696,13.886298179626465,4307900,0.0,0.0
2007-08-30 00:00:00-04:00,13.817055183416754,13.817055183416754,13.603032372146112,13.647095680236816,3432400,0.0,0.0
2007-08-31 00:00:00-04:00,13.697452538178,13.76040062938083,13.565261426588558,13.615619659423828,3192000,0.0,0.0
2007-09-04 00:00:00-04:00,13.508612772514022,13.898890107702618,13.502319041864943,13.829647064208984,3932100,0.0,0.0
2007-09-05 00:00:00-04:00,13.250525941037367,13.848531176646693,13.237937279723258,13.835941314697266,6353400,0.0,0.0
2007-09-06 00:00:00-04:00,13.848529283674862,13.99960400451146,13.74781280311713,13.798171043395996,6704500,0.0,0.0
2007-09-07 00:00:00-04:00,13.628215769172876,13.691163889250559,13.363834625355029,13.40789794921875,4511300,0.0,0.0
2007-09-10 00:00:00-04:00,13.439370467757458,13.470843922462645,13.200167889710825,13.326064109802246,4151900,0.0,0.0
2007-09-11 00:00:00-04:00,13.395304588585242,13.785580635070799,13.281998252303918,13.7855806350708,4630500,0.0,0.0
2007-09-12 00:00:00-04:00,13.735222679332383,14.704620286893357,13.728927749338919,14.364701271057129,8930200,0.0,0.0
2007-09-13 00:00:00-04:00,14.44653533739053,14.471713858780712,14.094026432846176,14.112911224365234,6053600,0.0,0.0
2007-09-14 00:00:00-04:00,14.056258436109626,14.320639521454192,14.031079914028615,14.138090133666992,3924900,0.0,0.0
2007-09-17 00:00:00-04:00,14.062550381121191,14.295456763621274,14.062550381121191,14.194740295410156,2371600,0.0,0.0
2007-09-18 00:00:00-04:00,14.232512073146154,14.698326110839844,14.207332351880725,14.698326110839844,4118900,0.0,0.0
2007-09-19 00:00:00-04:00,14.704619897463925,15.10119087146848,14.64796672965826,14.950116157531738,6042200,0.0,0.0
2007-09-20 00:00:00-04:00,14.918641765528523,14.931230423750778,14.673144320351684,14.830513954162598,4235500,0.0,0.0
2007-09-21 00:00:00-04:00,15.050833570245244,15.422226048693158,14.830515815136879,15.069718360900879,5798900,0.0,0.0
2007-09-24 00:00:00-04:00,15.12636420237747,15.22708063579919,14.673139051345144,14.742382049560547,3988200,0.0,0.0
2007-09-25 00:00:00-04:00,14.723501480637692,14.780154640725925,14.540953343069447,14.729796409606934,4982000,0.0,0.0
2007-09-26 00:00:00-04:00,14.792747859276409,14.994180829513859,14.729799755918403,14.937527656555176,3922500,0.0,0.0
2007-09-27 00:00:00-04:00,14.937523573859417,14.975293145932238,14.754975444713642,14.893460273742676,3717600,0.0,0.0
2007-09-28 00:00:00-04:00,14.824216976279484,14.918639704026436,14.597605551337427,14.767563819885254,5971500,0.0,0.0
2007-10-01 00:00:00-04:00,14.767566368520178,15.113780295195069,14.761272639510057,15.03824234008789,4121000,0.0,0.0
2007-10-02 00:00:00-04:00,15.082304685815048,15.334097053036226,15.006767936156686,15.157842636108398,4653600,0.0,0.0
2007-10-03 00:00:00-04:00,14.855695176294347,15.120076235895612,14.73609390630838,14.84310531616211,5558200,0.0,0.0
2007-10-04 00:00:00-04:00,14.899758993988064,14.899758993988064,14.389881647604456,14.478008270263672,3821000,0.0,0.0
2007-10-05 00:00:00-04:00,14.540953479154437,14.742386405515564,14.408762370833106,14.67314338684082,3050900,0.0,0.0
2007-10-08 00:00:00-04:00,14.641675521690816,14.729802160396602,14.333231085585158,14.39617919921875,2120300,0.0,0.0
2007-10-09 00:00:00-04:00,14.39617757827268,14.440240892664237,14.175859805679616,14.320639610290527,2548700,0.0,0.0
2007-10-10 00:00:00-04:00,14.263980865478516,14.421350470084972,14.22621249655071,14.263980865478516,1626500,0.0,0.0
2007-10-11 00:00:00-04:00,14.33951989076741,14.471709792350861,14.012190800225211,14.245097160339355,4010900,0.0,0.0
2007-10-12 00:00:00-04:00,14.226219358709441,14.421357426370497,14.075144609491007,14.131797790527344,2202500,0.0,0.0
2007-10-15 00:00:00-04:00,13.69115464469021,14.339517802621279,13.558964762356485,13.987009048461914,6137700,0.0,0.0
2007-10-16 00:00:00-04:00,13.987012901383952,14.094024302546805,13.85482298263663,13.87370777130127,4709600,0.0,0.0
2007-10-17 00:00:00-04:00,13.924070202923929,13.980722184719008,13.54008778881404,13.640804290771484,6750700,0.0,0.0
2007-10-18 00:00:00-04:00,13.905178182715044,13.911473110895638,13.496017456054688,13.496017456054688,7278900,0.0,0.0
2007-10-19 00:00:00-04:00,13.489725168197094,13.52119861462553,12.929489657452798,12.935783386230469,7228400,0.0,0.0
2007-10-22 00:00:00-04:00,12.9043146452097,13.118337520742063,12.828776665348382,13.055389404296875,4703500,0.0,0.0
2007-10-23 00:00:00-04:00,13.187576228895084,13.508609235906967,13.055385107800431,13.458250999450684,7199700,0.0,0.0
2007-10-24 00:00:00-04:00,13.357533198937096,13.395302773001697,12.967257205349087,13.156100273132324,5160800,0.0,0.0
2007-10-25 00:00:00-04:00,13.181284538280815,13.193873200011986,12.954671818224728,13.074273109436035,3514800,0.0,0.0
2007-10-26 00:00:00-04:00,13.15610405322515,13.307178790986452,12.960966000362879,13.275705337524414,4295400,0.0,0.0
2007-10-29 00:00:00-04:00,13.326061144724424,13.36382952209417,13.149806715940498,13.187576293945312,4209400,0.0,0.0
2007-10-30 00:00:00-04:00,13.1560986168149,13.26940492347386,12.853949266147533,12.885422706604004,3476600,0.0,0.0
2007-10-31 00:00:00-04:00,12.979849615819937,13.263114273197957,12.91690151396865,13.149807929992676,4637200,0.0,0.0
2007-11-01 00:00:00-04:00,13.030209445423754,13.351242522789136,12.916903088407583,12.929492950439453,5295400,0.0,0.0
2007-11-02 00:00:00-04:00,12.967259279656968,13.030207379199188,12.759531391612233,12.904311180114746,4004700,0.0,0.0
2007-11-05 00:00:00-05:00,13.414191542823335,13.892595526788883,13.212758539182138,13.382718086242676,6222900,0.0,0.0
2007-11-06 00:00:00-05:00,13.785579881081631,13.785579881081631,13.093153242172454,13.376419067382812,5962500,0.0,0.0
2007-11-07 00:00:00-05:00,13.219048942879121,13.237933730740405,12.90430968233438,12.973552703857422,8894200,0.0,0.0
2007-11-08 00:00:00-05:00,12.90431040855312,13.074269906964528,12.350369807099536,12.652519226074219,6423400,0.0,0.0
2007-11-09 00:00:00-05:00,12.6147505721958,12.690287324965274,12.469969594890072,12.564391136169434,3752500,0.0,0.0
2007-11-12 00:00:00-05:00,13.12462860286073,13.307176766309505,13.030207056205494,13.093153953552246,5434500,0.0,0.0
2007-11-13 00:00:00-05:00,13.281992790215977,13.338645935058594,13.149801718704996,13.338645935058594,4409800,0.0,0.0
2007-11-14 00:00:00-05:00,13.565263911650352,13.565263911650352,12.954670076586805,13.017618179321289,5632300,0.0,0.0
2007-11-15 00:00:00-05:00,13.112036858173191,13.143510302321998,12.545506459050118,12.62104320526123,5307200,0.0,0.0
2007-11-16 00:00:00-05:00,13.080561159095417,13.080561159095417,12.40072455721627,12.50144100189209,5127000,0.0,0.0
2007-11-19 00:00:00-05:00,12.576980329528748,12.576980329528748,12.287420791512547,12.413315773010254,4031700,0.0,0.0
2007-11-20 00:00:00-05:00,12.413314032224037,12.803591181596689,12.407019103936678,12.753232955932617,4935400,0.0,0.0
2007-11-21 00:00:00-05:00,12.671402536455387,12.715467042978458,12.469969594890072,12.564391136169434,3009800,0.0,0.0
2007-11-23 00:00:00-05:00,12.715464447250355,12.923192275913518,12.65251636570262,12.885422706604004,1220500,0.0,0.0
2007-11-26 00:00:00-05:00,12.860245813435933,13.344944541550506,12.860245813435933,13.156100273132324,6450700,0.0,0.0
2007-11-27 00:00:00-05:00,13.237932735805744,13.401597283064532,13.093151774353993,13.20645809173584,4921800,0.0,0.0
2007-11-28 00:00:00-05:00,13.761351566931383,13.761351566931383,13.023670552798214,13.088951110839844,5099300,0.75,0.0
2007-11-29 00:00:00-05:00,13.069367197096202,13.154232668051483,12.977972176282659,12.991028785705566,5161400,0.0,0.0
2007-11-30 00:00:00-05:00,12.997559862065609,13.108538575532222,12.958391270591237,13.043256759643555,5980400,0.0,0.0
2007-12-03 00:00:00-05:00,13.056314009257687,13.07589892852454,12.756019384715383,12.81477165222168,4849700,0.0,0.0
2007-12-04 00:00:00-05:00,12.671149150944391,13.030197189094118,12.671149150944391,12.958388328552246,3451500,0.0,0.0
2007-12-05 00:00:00-05:00,13.10200570053522,13.212984375301671,12.847408077013737,13.004083633422852,4708000,0.0,0.0
2007-12-06 00:00:00-05:00,12.997563534935649,13.08243029311681,12.788662661178064,13.075901985168457,4176900,0.0,0.0
2007-12-07 00:00:00-05:00,13.082430014772111,13.323971177984953,13.056316783534292,13.297859191894531,3140000,0.0,0.0
2007-12-10 00:00:00-05:00,13.297859308091898,13.572042012747835,13.297859308091898,13.46759033203125,2837600,0.0,0.0
2007-12-11 00:00:00-05:00,13.513278662507192,13.57855920341631,13.15422946177452,13.180342674255371,4417800,0.0,0.0
2007-12-12 00:00:00-05:00,13.519812191087883,13.839692971341313,13.219517574715569,13.389249801635742,2855400,0.0,0.0
2007-12-13 00:00:00-05:00,13.350082476469955,13.350082476469955,13.082428120768846,13.252159118652344,2089000,0.0,0.0
2007-12-14 00:00:00-05:00,13.160765734131097,13.245632480936706,12.821301237203182,12.906167984008789,3801600,0.0,0.0
2007-12-17 00:00:00-05:00,12.873521314080074,13.284795779631516,12.847409341348818,13.049781799316406,4203700,0.0,0.0
2007-12-18 00:00:00-05:00,13.16728927747439,13.19992955588485,12.906163314750286,12.991028785705566,3213400,0.0,0.0
2007-12-19 00:00:00-05:00,13.017142165424524,13.049782444238371,12.795184783079259,12.886578559875488,3878600,0.0,0.0
2007-12-20 00:00:00-05:00,12.997558768279307,13.03019905090332,12.795186276687097,13.03019905090332,3242500,0.0,0.0
2007-12-21 00:00:00-05:00,13.199926338469504,13.278264730765551,13.0367224959037,13.180342674255371,4737600,0.0,0.0
2007-12-24 00:00:00-05:00,13.069372185379532,13.461061901538185,13.069372185379532,13.271744728088379,1161500,0.0,0.0
2007-12-26 00:00:00-05:00,13.186870062480308,13.265207204194878,12.991024717901045,13.199925422668457,3103000,0.0,0.0
2007-12-27 00:00:00-05:00,13.239101923649493,13.27174220832094,12.860468893784269,12.88005256652832,2797700,0.0,0.0
2007-12-28 00:00:00-05:00,12.82129959693789,12.925750006453494,12.383913040161133,12.383913040161133,5239000,0.0,0.0
2007-12-31 00:00:00-05:00,12.351269933213183,12.553642399786465,12.29251643563597,12.429608345031738,3339200,0.0,0.0
2008-01-02 00:00:00-05:00,12.442666847661432,12.442666847661432,12.077090405645258,12.090147018432617,3832900,0.0,0.0
2008-01-03 00:00:00-05:00,12.148899643489887,12.168483316093434,11.815963512612177,11.855132102966309,3984400,0.0,0.0
2008-01-04 00:00:00-05:00,11.750681303674472,11.809434809804605,11.502611912906023,11.56136417388916,3836500,0.0,0.0
2008-01-07 00:00:00-05:00,11.607064105475809,11.685401295643706,11.437331866582447,11.59400749206543,2923600,0.0,0.0
2008-01-08 00:00:00-05:00,11.750683613063138,11.82902205168168,11.287185023774102,11.332881927490234,4494100,0.0,0.0
2008-01-09 00:00:00-05:00,11.319822802434235,11.319822802434235,11.026055279215697,11.261069297790527,3842400,0.0,0.0
2008-01-10 00:00:00-05:00,11.254541589710904,11.541780822645375,10.96730235677643,11.469970703125,3675400,0.0,0.0
2008-01-11 00:00:00-05:00,11.345935457671551,11.411217271750074,11.045640856116199,11.09786605834961,3211400,0.0,0.0
2008-01-14 00:00:00-05:00,11.195790672459566,11.21537559462774,11.006474738756474,11.169678688049316,3268300,0.0,0.0
2008-01-15 00:00:00-05:00,11.019527293411834,11.104394022647114,10.719232701095,10.869379997253418,3862100,0.0,0.0
2008-01-16 00:00:00-05:00,11.052169701768134,11.926942815757325,11.052169701768134,11.74415397644043,6721500,0.0,0.0
2008-01-17 00:00:00-05:00,11.757209971923437,11.842075458313365,11.287183153535382,11.352463722229004,5580500,0.0,0.0
2008-01-18 00:00:00-05:00,11.424273489683516,11.711512714636717,11.411216878288599,11.56136417388916,4757100,0.0,0.0
2008-01-22 00:00:00-05:00,10.908550602895758,11.913887457231437,10.908550602895758,11.770268440246582,6174700,0.0,0.0
2008-01-23 00:00:00-05:00,11.450384242857282,12.299043878136272,11.372045836530782,12.259875297546387,6503200,0.0,0.0
2008-01-24 00:00:00-05:00,12.364326719868902,12.566699189341866,12.064030922932952,12.462248802185059,5242000,0.0,0.0
2008-01-25 00:00:00-05:00,12.625454298275653,12.729904698756252,12.279461568466797,12.416553497314453,3373300,0.0,0.0
2008-01-28 00:00:00-05:00,12.455723883844456,12.612399507177114,12.14237263717914,12.605871200561523,2557600,0.0,0.0
2008-01-29 00:00:00-05:00,12.658096697702073,12.658096697702073,12.24029502593074,12.449195861816406,3027300,0.0,0.0
2008-01-30 00:00:00-05:00,12.416554542711069,12.697265484566916,12.227237397683787,12.36432933807373,2833500,0.0,0.0
2008-01-31 00:00:00-05:00,12.586286435613603,13.937614659306908,12.018336260725878,13.715657234191895,7359600,0.0,0.0
2008-02-01 00:00:00-05:00,13.71565821735935,13.937615658384741,13.532869370295158,13.918030738830566,3653900,0.0,0.0
2008-02-04 00:00:00-05:00,13.91803242008264,14.185686793919052,13.793997071550768,14.002899169921875,3405200,0.0,0.0
2008-02-05 00:00:00-05:00,13.82663388635148,14.029006363159347,13.395775712426664,13.44800090789795,3520700,0.0,0.0
2008-02-06 00:00:00-05:00,13.513280647052369,13.80704685972509,13.434942243251632,13.552449226379395,3204700,0.0,0.0
2008-02-07 00:00:00-05:00,13.513287846012807,13.950674491138946,13.474118000672066,13.761357307434082,3138300,0.0,0.0
2008-02-08 00:00:00-05:00,13.663434452618535,13.754828263224214,13.421892066542734,13.474117279052734,2495000,0.0,0.0
2008-02-11 00:00:00-05:00,13.51328454008099,13.656903535752928,13.389249217141064,13.500227928161621,4519100,0.0,0.0
2008-02-12 00:00:00-05:00,13.60467891144053,13.9571987322168,13.539397094216156,13.846220016479492,3984600,0.0,0.0
2008-02-13 00:00:00-05:00,13.76135621341175,14.23138311380754,13.76135621341175,14.133460998535156,3809100,0.0,0.0
2008-02-14 00:00:00-05:00,14.237906782826817,14.237906782826817,13.761351730631725,13.774408340454102,2196500,0.0,0.0
2008-02-15 00:00:00-05:00,13.78746669196671,13.813578669763189,13.46758593664407,13.578564643859863,3779300,0.0,0.0
2008-02-19 00:00:00-05:00,13.709131536166408,13.709131536166408,13.2456329247572,13.350083351135254,2982500,0.0,0.0
2008-02-20 00:00:00-05:00,13.252160192279053,13.709131748625497,13.252160192279053,13.650378227233887,3059700,0.0,0.0
2008-02-21 00:00:00-05:00,13.683018332951164,13.82011029604945,13.343555069152265,13.369667053222656,1993200,0.0,0.0
2008-02-22 00:00:00-05:00,13.441474681027243,13.500228190659765,13.102010235405348,13.480643272399902,2768400,0.0,0.0
2008-02-25 00:00:00-05:00,13.4806409871962,13.813577070293,13.35660568287068,13.78746509552002,2366200,0.0,0.0
2008-02-26 00:00:00-05:00,13.748294764615002,13.931083561951981,13.611204100472376,13.683012962341309,3292600,0.0,0.0
2008-02-27 00:00:00-05:00,13.663434452618535,13.741771648809893,13.428420373749894,13.474117279052734,2544000,0.0,0.0
2008-02-28 00:00:00-05:00,13.45453255322787,13.45453255322787,13.141180057459687,13.186878204345703,1741000,0.0,0.0
2008-02-29 00:00:00-05:00,13.141179468630076,13.167292694252005,12.579758814377044,12.612399101257324,3530700,0.0,0.0
2008-03-03 00:00:00-05:00,12.573225134721465,12.723372382439754,12.436133249087714,12.658090591430664,3877300,0.0,0.0
2008-03-04 00:00:00-05:00,12.664621177530224,12.945332057857872,12.514473902751611,12.886578559875488,4394000,0.0,0.0
2008-03-05 00:00:00-05:00,12.840883975893172,13.121594906597002,12.76254554947583,12.88005256652832,3532900,0.0,0.0
2008-03-06 00:00:00-05:00,12.834354951417017,12.880051845457592,12.514475447986023,12.540587425231934,2687600,0.0,0.0
2008-03-07 00:00:00-05:00,12.494891843731885,12.893109811025834,12.34474453464132,12.651567459106445,2837600,0.0,0.0
2008-03-10 00:00:00-04:00,12.749490676701532,12.866996453159988,12.488363408623824,12.501420021057129,2365300,0.0,0.0
2008-03-11 00:00:00-04:00,12.795190233426641,13.173823356628418,12.547119526242545,13.173823356628418,3329500,0.0,0.0
2008-03-12 00:00:00-04:00,13.186878513753909,13.493701464875993,13.154236979498016,13.232575416564941,3255100,0.0,0.0
2008-03-13 00:00:00-04:00,13.056316347491446,13.317442425411803,12.775605346796803,13.239105224609375,3444800,0.0,0.0
2008-03-14 00:00:00-04:00,13.317439012602314,13.38272082663972,12.677679974359215,12.93227767944336,2776500,0.0,0.0
2008-03-17 00:00:00-04:00,12.827827048505926,12.99103095814378,12.599341325983527,12.834355354309082,3212000,0.0,0.0
2008-03-18 00:00:00-04:00,13.05631396952002,13.141179462457162,12.769074713549383,13.115067481994629,2593800,0.0,0.0
2008-03-19 00:00:00-04:00,13.15423891038132,13.643850789763855,13.147710602571864,13.297859191894531,2988200,0.0,0.0
2008-03-20 00:00:00-04:00,13.310909885061891,13.963725494846537,13.310909885061891,13.957197189331055,4446200,0.0,0.0
2008-03-24 00:00:00-04:00,13.924558008180307,14.322775960090638,13.885389417136572,14.29013442993164,4141700,0.0,0.0
2008-03-25 00:00:00-04:00,14.322774945196699,14.322774945196699,14.00289544318716,14.087760925292969,3817300,0.0,0.0
2008-03-26 00:00:00-04:00,14.04206286079673,14.04859116582169,13.735239995504823,13.872330665588379,2682700,0.0,0.0
2008-03-27 00:00:00-04:00,13.90497043670835,14.02900573734973,13.199929706723216,13.258683204650879,4527400,0.0,0.0
2008-03-28 00:00:00-04:00,13.258688902236303,13.428421164171375,13.167295086251018,13.239105224609375,2073400,0.0,0.0
2008-03-31 00:00:00-04:00,13.23909938415357,13.271739662564032,12.91269161946174,12.991028785705566,5409000,0.0,0.0
2008-04-01 00:00:00-04:00,13.062841152751362,13.83969211578369,12.97144736127004,13.839692115783691,3451800,0.0,0.0
2008-04-02 00:00:00-04:00,13.83969310408476,13.859276777859515,13.467587115452,13.539397239685059,3155700,0.0,0.0
2008-04-03 00:00:00-04:00,13.558981527927214,13.950671172115756,13.428417898148682,13.904973030090332,2879700,0.0,0.0
2008-04-04 00:00:00-04:00,13.878864585931883,14.264026022210812,13.800526139083892,14.126934051513672,3071600,0.0,0.0
2008-04-07 00:00:00-04:00,14.198742081659372,14.355417706935883,14.08776335811178,14.231382369995117,3185100,0.0,0.0
2008-04-08 00:00:00-04:00,14.179156745577718,14.231381952471024,13.728714803053132,13.898447036743164,2940800,0.0,0.0
2008-04-09 00:00:00-04:00,13.87886169678138,14.00942408748581,13.50675695329573,13.539397239685059,1544800,0.0,0.0
2008-04-10 00:00:00-04:00,13.415362343264402,14.029009459343262,13.415362343264402,13.918030738830566,1963500,0.0,0.0
2008-04-11 00:00:00-04:00,13.591621909534195,13.91802974115662,13.591621909534195,13.715657234191895,1685800,0.0,0.0
2008-04-14 00:00:00-04:00,13.669961618589888,13.709130213415579,13.545926282303489,13.62426471710205,1532700,0.0,0.0
2008-04-15 00:00:00-04:00,13.728713385902594,13.748297058249085,13.54592455807088,13.656903266906738,2147300,0.0,0.0
2008-04-16 00:00:00-04:00,13.66342823582003,13.709125120330992,13.513280973813522,13.598146438598633,2280000,0.0,0.0
2008-04-17 00:00:00-04:00,13.572036606467961,13.741767562796749,13.487169883156653,13.696070671081543,2701300,0.0,0.0
2008-04-18 00:00:00-04:00,13.957199289283766,14.348888963116242,13.77441168793652,14.218326568603516,3126500,0.0,0.0
2008-04-21 00:00:00-04:00,13.062840866733314,13.382720375061036,12.853940064980272,13.056312561035156,7287500,0.0,0.0
2008-04-22 00:00:00-04:00,12.729906238232548,12.84088495780764,12.370858098802794,12.423083305358887,5444500,0.0,0.0
2008-04-23 00:00:00-04:00,12.383911595953556,12.54711549743229,12.240292610905172,12.442665100097656,6433300,0.0,0.0
2008-04-24 00:00:00-04:00,12.442665331552563,12.59934093046895,12.37085646026608,12.540587425231934,4087500,0.0,0.0
2008-04-25 00:00:00-04:00,12.5797542790885,12.651563133365812,12.396965501075917,12.573225975036621,3203600,0.0,0.0
2008-04-28 00:00:00-04:00,12.4100261958981,12.599342095159084,12.403497889696398,12.481836318969727,2905100,0.0,0.0
2008-04-29 00:00:00-04:00,12.468777107025712,12.501417386082153,12.37738208440338,12.462248802185059,3465600,0.0,0.0
2008-04-30 00:00:00-04:00,12.462248982668388,12.501417567132739,12.207651315929834,12.240291595458984,4921100,0.0,0.0
2008-05-01 00:00:00-04:00,12.168483874890436,12.573230144293207,12.142371895170923,12.501420021057129,3705100,0.0,0.0
2008-05-02 00:00:00-04:00,12.501420832946778,12.599342942261803,12.3447452090133,12.488364219665527,3268300,0.0,0.0
2008-05-05 00:00:00-04:00,12.37738482610612,12.462251562686548,12.109730494085586,12.331687927246094,3421200,0.0,0.0
2008-05-06 00:00:00-04:00,12.214182833124227,12.501422129363,12.07709211489611,12.396971702575684,3006400,0.0,0.0
2008-05-07 00:00:00-04:00,12.377384705372744,12.684208872120807,12.292519214767232,12.36432933807373,3165800,0.0,0.0
2008-05-08 00:00:00-04:00,12.383912088527847,12.43613728927244,12.181539591285926,12.246821403503418,2284300,0.0,0.0
2008-05-09 00:00:00-04:00,12.090144786757683,12.54058663845205,12.090144786757683,12.436136245727539,3683900,0.0,0.0
2008-05-12 00:00:00-04:00,12.44266889008601,12.651569748385665,12.383915368045816,12.625457763671875,3205100,0.0,0.0
2008-05-13 00:00:00-04:00,12.6842057601872,13.049782102958332,12.658092541701581,12.958388328552246,3353300,0.0,0.0
2008-05-14 00:00:00-04:00,13.023671990496092,13.239101093196695,12.958390180101098,13.03019905090332,2263000,0.0,0.0
2008-05-15 00:00:00-04:00,13.069368369611002,13.245628877192988,12.853939275393104,13.206459045410156,2521000,0.0,0.0
2008-05-16 00:00:00-04:00,13.167291501469373,13.167291501469373,12.840883681646282,13.017144203186035,3042500,0.0,0.0
2008-05-19 00:00:00-04:00,13.056316611207562,13.369667911041171,12.97145110109956,13.219520568847656,4111500,0.0,0.0
2008-05-20 00:00:00-04:00,13.12812409479946,13.199932974931773,12.958391863778045,13.115067481994629,4518200,0.0,0.0
2008-05-21 00:00:00-04:00,13.115066692288186,13.21298879213391,12.756018577804845,12.827827453613281,2756100,0.0,0.0
2008-05-22 00:00:00-04:00,12.866998141569004,13.062843618326152,12.677682217032412,12.906167984008789,2541000,0.0,0.0
2008-05-23 00:00:00-04:00,12.932277560977786,13.043256270280649,12.76254534409417,12.964919090270996,3122800,0.0,0.0
2008-05-27 00:00:00-04:00,12.919220993129356,13.141177145949731,12.821297659502033,13.121593475341797,3445000,0.0,0.0
2008-05-28 00:00:00-04:00,13.049788303484272,13.317442694402237,13.049788303484272,13.219520568847656,3818300,0.0,0.0
2008-05-29 00:00:00-04:00,13.167291377359788,13.350080202990751,13.102009564981087,13.323966979980469,3861100,0.0,0.0
2008-05-30 00:00:00-04:00,13.284798921461688,13.382721021369125,13.069369803606508,13.147706985473633,2525300,0.0,0.0
2008-06-02 00:00:00-04:00,13.160759189831966,13.180344101313095,12.912689870137529,13.004083633422852,2158300,0.0,0.0
2008-06-03 00:00:00-04:00,12.932280092261953,13.102012342367905,12.84088628264616,12.873526573181152,2797800,0.0,0.0
2008-06-04 00:00:00-04:00,12.808243451557294,13.128122966910771,12.80171514571575,13.082426071166992,3619200,0.0,0.0
2008-06-05 00:00:00-04:00,13.102013693053078,13.304386254556588,13.049788475724837,13.297859191894531,2618200,0.0,0.0
2008-06-06 00:00:00-04:00,13.212985983053079,13.278267784120334,12.86699330899937,12.958388328552246,4031500,0.0,0.0
2008-06-09 00:00:00-04:00,12.9453356516287,13.160764788987382,12.808244948376434,13.108539581298828,3281100,0.0,0.0
2008-06-10 00:00:00-04:00,12.991029440932952,13.441472527567745,12.945332550794776,13.245628356933594,2857200,0.0,0.0
2008-06-11 00:00:00-04:00,13.147708760086156,13.212990583884883,12.795188903808594,12.795188903808594,2519900,0.0,0.0
2008-06-12 00:00:00-04:00,12.840884805934785,13.160764347950945,12.80824451915345,12.912694931030273,1807100,0.0,0.0
2008-06-13 00:00:00-04:00,12.971443293119941,13.376188167154302,12.951858381738937,13.291322708129883,2210600,0.0,0.0
2008-06-16 00:00:00-04:00,13.226043854045374,13.448001251760456,13.075896568869558,13.376191139221191,2108600,0.0,0.0
2008-06-17 00:00:00-04:00,13.402305621623809,13.434945905769993,12.925749255119143,12.964919090270996,3470500,0.0,0.0
2008-06-18 00:00:00-04:00,12.87352556723289,12.945335694975293,12.436138984446501,12.468780517578125,4350700,0.0,0.0
2008-06-19 00:00:00-04:00,12.442667645020089,12.671153402852337,12.331688919509983,12.57975959777832,2823900,0.0,0.0
2008-06-20 00:00:00-04:00,12.47530577309188,12.534059273212161,12.135841382429561,12.272932052612305,4081100,0.0,0.0
2008-06-23 00:00:00-04:00,12.377383669665917,12.377383669665917,11.9399983956444,11.979166984558105,2628400,0.0,0.0
2008-06-24 00:00:00-04:00,11.91388723723551,12.253351720364673,11.829021739026823,12.011809349060059,3532700,0.0,0.0
2008-06-25 00:00:00-04:00,12.090148378539228,12.325161209414324,11.966113033399951,12.083620071411133,4524000,0.0,0.0
2008-06-26 00:00:00-04:00,11.907357752307721,12.005279854443808,11.691928629549494,11.731097221374512,2376400,0.0,0.0
2008-06-27 00:00:00-04:00,11.691925460400157,11.796375840386514,11.437327814826755,11.567890167236328,4625400,0.0,0.0
2008-06-30 00:00:00-04:00,11.55483672957034,11.574420400865293,11.15661881128026,11.176203727722168,6809200,0.0,0.0
2008-07-01 00:00:00-04:00,11.071754596709276,11.293712052812163,10.882438675414011,11.084811210632324,5653500,0.0,0.0
2008-07-02 00:00:00-04:00,11.208846357005205,11.456915791477982,11.137036226828807,11.189261436462402,4511100,0.0,0.0
2008-07-03 00:00:00-04:00,11.261069559080127,11.450386688468553,11.15009085274998,11.241484642028809,2222100,0.0,0.0
2008-07-07 00:00:00-04:00,11.241481598286732,11.417742068583351,11.18272810818786,11.208841323852539,3480800,0.0,0.0
2008-07-08 00:00:00-04:00,11.195786656829927,11.64622974395752,11.163146376737483,11.64622974395752,3165400,0.0,0.0
2008-07-09 00:00:00-04:00,11.724568282165933,12.188068033466653,11.620117879507436,11.639702796936035,5140800,0.0,0.0
2008-07-10 00:00:00-04:00,11.620117209783613,11.633173820650164,11.248012516115542,11.365519523620605,3716700,0.0,0.0
2008-07-11 00:00:00-04:00,11.163147205100003,11.476498399768468,11.052168501344884,11.261069297790527,4256800,0.0,0.0
2008-07-14 00:00:00-04:00,11.378578599601196,11.483029018868388,11.091339324042812,11.189261436462402,3879000,0.0,0.0
2008-07-15 00:00:00-04:00,11.117451934213264,11.469971768381996,10.908549862129515,11.280655860900879,3884400,0.0,0.0
2008-07-16 00:00:00-04:00,11.274126304853883,11.56136428748227,11.150090985677485,11.554837226867676,3976400,0.0,0.0
2008-07-17 00:00:00-04:00,11.600533662566537,12.109729040332606,11.456913431793987,11.933469772338867,4854400,0.0,0.0
2008-07-18 00:00:00-04:00,13.330496509763103,13.826636586191897,13.030200643306173,13.48717212677002,12739100,0.0,0.0
2008-07-21 00:00:00-04:00,13.656904786982302,13.754826895054997,13.18687792114508,13.34355354309082,4399700,0.0,0.0
2008-07-22 00:00:00-04:00,13.219516010305485,13.761352913020769,13.095480696629373,13.735240936279297,6487900,0.0,0.0
2008-07-23 00:00:00-04:00,13.7221836107863,13.97025298007397,13.493697911748223,13.833162307739258,4058100,0.0,0.0
2008-07-24 00:00:00-04:00,13.787468312015976,13.918030706633663,13.46758751910684,13.532869338989258,4189200,0.0,0.0
2008-07-25 00:00:00-04:00,13.565510777678027,13.839693423170077,13.461060364647448,13.585094451904297,2716300,0.0,0.0
2008-07-28 00:00:00-04:00,13.115060888199748,13.467580540665702,13.088947675718897,13.180342674255371,2849600,0.0,0.0
2008-07-29 00:00:00-04:00,13.147704123489104,13.591618874595238,13.147704123489104,13.519808769226074,3267500,0.0,0.0
2008-07-30 00:00:00-04:00,13.565509488489225,13.741768765510683,13.16076324260016,13.356607437133789,3201200,0.0,0.0
2008-07-31 00:00:00-04:00,13.317436799426044,13.41535888163532,13.04325422215197,13.088951110839844,3828100,0.0,0.0
2008-08-01 00:00:00-04:00,13.219519720662825,13.487174094407672,12.925752117700288,13.369667053222656,3601000,0.0,0.0
2008-08-04 00:00:00-04:00,13.284800029217772,13.41536242493231,13.010617379525934,13.34355354309082,2373400,0.0,0.0
2008-08-05 00:00:00-04:00,13.428419722801415,13.774412517125063,13.402307740385845,13.70260238647461,3734500,0.0,0.0
2008-08-06 00:00:00-04:00,13.676490021219902,13.676490021219902,13.448004267030257,13.572039604187012,2545800,0.0,0.0
2008-08-07 00:00:00-04:00,13.49370071743317,13.689544931531456,13.239102990075967,13.513285636901855,2308800,0.0,0.0
2008-08-08 00:00:00-04:00,13.50675275624734,14.113871357552684,13.42841435004964,14.03553295135498,3107700,0.0,0.0
2008-08-11 00:00:00-04:00,14.035540720031184,14.32930834943964,13.780942937975466,14.04859733581543,3475800,0.0,0.0
2008-08-12 00:00:00-04:00,14.04859555295735,14.19874287997926,13.91150359491546,14.01595401763916,3377100,0.0,0.0
2008-08-13 00:00:00-04:00,13.944139828440303,13.9898367153638,13.513281687237646,13.754822731018066,2034400,0.0,0.0
2008-08-14 00:00:00-04:00,13.513281060526044,14.133455025242066,13.513281060526044,14.03553295135498,2805100,0.0,0.0
2008-08-15 00:00:00-04:00,13.996366852274297,14.296661431454103,13.996366852274297,14.224852561950684,2525700,0.0,0.0
2008-08-18 00:00:00-04:00,14.237912552753611,14.309722690730954,13.68954716945674,13.761357307434082,2501600,0.0,0.0
2008-08-19 00:00:00-04:00,13.787467379024346,13.787467379024346,13.297855630758734,13.415361404418945,2679300,0.0,0.0
2008-08-20 00:00:00-04:00,13.408832000599219,13.513282389033654,13.1607613942073,13.402303695678711,2844900,0.0,0.0
2008-08-21 00:00:00-04:00,13.14117887747826,13.60467865024006,13.14117887747826,13.54592514038086,3850200,0.0,0.0
2008-08-22 00:00:00-04:00,13.552450269579673,13.793991313360094,13.552450269579673,13.754822731018066,2835700,0.0,0.0
2008-08-25 00:00:00-04:00,13.650375342184743,13.696072239131743,13.095481782513197,13.147706985473633,3188600,0.0,0.0
2008-08-26 00:00:00-04:00,13.121594112116252,13.239101122053977,12.991030491041673,13.212987899780273,2959500,0.0,0.0
2008-08-27 00:00:00-04:00,12.997559674414495,13.121594998297509,12.7429619657862,12.827827453613281,3525500,0.0,0.0
2008-08-28 00:00:00-04:00,12.847410234490576,12.95186062297043,12.788656735327303,12.86699390411377,3619300,0.0,0.0
2008-08-29 00:00:00-04:00,12.775602615206047,12.827827819623687,12.423082796673746,12.618927001953125,4474900,0.0,0.0
2008-09-02 00:00:00-04:00,12.762544862636107,13.186876011411064,12.540587452403567,12.723376274108887,6415600,0.0,0.0
2008-09-03 00:00:00-04:00,12.782132836657361,12.899639875490903,12.52100677544242,12.801717758178711,5744100,0.0,0.0
2008-09-04 00:00:00-04:00,12.631984110505208,12.723377910539085,12.364329771708448,12.377385139465332,5627100,0.0,0.0
2008-09-05 00:00:00-04:00,12.175012640357085,12.48836387969365,12.175012640357085,12.423083305358887,5402400,0.0,0.0
2008-09-08 00:00:00-04:00,12.521002729535114,12.788657011436802,12.468777534167634,12.756016731262207,4555800,0.0,0.0
2008-09-09 00:00:00-04:00,12.742961278656125,12.977974056584017,12.481835278099028,12.53406047821045,5663000,0.0,0.0
2008-09-10 00:00:00-04:00,12.69073753297598,12.801716251574916,12.364329683584653,12.612399101257324,4042700,0.0,0.0
2008-09-11 00:00:00-04:00,12.566702109104867,12.795187851027107,12.344744673540076,12.664624214172363,4894800,0.0,0.0
2008-09-12 00:00:00-04:00,12.553640223874758,12.756013900517598,12.39043636892533,12.658090591430664,4599000,0.0,0.0
2008-09-15 00:00:00-04:00,12.410025075597177,12.971446906790892,12.40349676998481,12.723376274108887,6001000,0.0,0.0
2008-09-16 00:00:00-04:00,12.540586067362069,12.782128367754636,12.155426039947178,12.547114372253418,5270600,0.0,0.0
2008-09-17 00:00:00-04:00,12.403495385230627,12.403495385230627,12.077087611935085,12.155426025390625,5954700,0.0,0.0
2008-09-18 00:00:00-04:00,12.318631640319822,12.396968819619085,11.789850076888234,12.214179992675781,6466300,0.0,0.0
2008-09-19 00:00:00-04:00,12.220710284831046,12.9714493868808,11.770268317777855,11.95958423614502,5811800,0.0,0.0
2008-09-22 00:00:00-04:00,11.985695690287855,12.214180170866541,11.979167384393174,12.109729766845703,4054000,0.0,0.0
2008-09-23 00:00:00-04:00,12.109732666053544,12.50795070493781,11.920416730371524,11.972641944885254,2713200,0.0,0.0
2008-09-24 00:00:00-04:00,12.005278090106081,12.155426619471953,11.868187416292301,11.92694091796875,2245600,0.0,0.0
2008-09-25 00:00:00-04:00,11.992225770447783,12.318633642592122,11.874718737252266,11.95958423614502,3081800,0.0,0.0
2008-09-26 00:00:00-04:00,11.842075163872575,12.246821403503418,11.842075163872575,12.246821403503418,2104100,0.0,0.0
2008-09-29 00:00:00-04:00,12.08361970193021,12.28599223612415,11.594007888619329,11.770268440246582,5806400,0.0,0.0
2008-09-30 00:00:00-04:00,11.926940762177155,11.959581042616874,11.594004672075108,11.776793479919434,3519600,0.0,0.0
2008-10-01 00:00:00-04:00,11.659285887119392,12.011805629558111,11.659285887119392,11.842073440551758,3853200,0.0,0.0
2008-10-02 00:00:00-04:00,11.72456938604799,11.93347145618038,11.613591912278318,11.65276050567627,3706700,0.0,0.0
2008-10-03 00:00:00-04:00,11.789847659724693,12.024861639733764,11.42427132593584,11.443856239318848,3727700,0.0,0.0
2008-10-06 00:00:00-04:00,11.319822211226741,11.587476498337143,10.77145702662326,11.071751594543457,8105400,0.0,0.0
2008-10-07 00:00:00-04:00,11.15662110748617,11.254543219555684,10.745346493588118,10.784516334533691,5348500,0.0,0.0
2008-10-08 00:00:00-04:00,10.582142084778434,11.241486102750908,10.484219977091804,10.52338981628418,5560900,0.0,0.0
2008-10-09 00:00:00-04:00,10.575611153904374,10.575611153904374,9.302620484308713,9.309148788452148,6705600,0.0,0.0
2008-10-10 00:00:00-04:00,8.989272107075537,9.674728064982736,8.558413240363686,9.126362800598145,6329500,0.0,0.0
2008-10-13 00:00:00-04:00,9.629030588749366,9.74000929618829,9.256925877085623,9.648614883422852,3369800,0.0,0.0
2008-10-14 00:00:00-04:00,10.764929640987583,10.764929640987583,9.46582668046548,9.648614883422852,4439400,0.0,0.0
2008-10-15 00:00:00-04:00,9.6225048052129,9.753067841547972,8.858710264435652,9.041499137878418,3457900,0.0,0.0
2008-10-16 00:00:00-04:00,8.995798676640382,9.550692178450378,8.806482180006407,9.439713478088379,4245500,0.0,0.0
2008-10-17 00:00:00-04:00,9.198174038325696,9.707370150179454,9.198174038325696,9.433187484741211,4746500,0.0,0.0
2008-10-20 00:00:00-04:00,8.976214530521485,9.39401674006857,8.832594923712568,9.243868827819824,4630000,0.0,0.0
2008-10-21 00:00:00-04:00,9.054551046507987,9.250395823968953,9.028438451018083,9.106776237487793,3106600,0.0,0.0
2008-10-22 00:00:00-04:00,8.917460669664004,9.178587273640746,8.68244728640104,8.878292083740234,4869900,0.0,0.0
2008-10-23 00:00:00-04:00,8.956630402949148,8.956630402949148,8.421321175847327,8.702032089233398,4984000,0.0,0.0
2008-10-24 00:00:00-04:00,8.179781412365827,8.813012882702873,8.179781412365827,8.532301902770996,5581000,0.0,0.0
2008-10-27 00:00:00-04:00,8.434378758853256,8.604110987555144,8.264646530151367,8.264646530151367,4483100,0.0,0.0
2008-10-28 00:00:00-04:00,8.382152217810187,9.172059101203788,8.225476626700743,9.145946502685547,5699000,0.0,0.0
2008-10-29 00:00:00-04:00,9.01538261798014,9.818345409889217,9.01538261798014,9.374430656433105,4427200,0.0,0.0
2008-10-30 00:00:00-04:00,9.609446538606901,9.713896942954772,8.897877380770133,9.080665588378906,4900500,0.0,0.0
2008-10-31 00:00:00-04:00,9.132893665016478,9.805294444139259,9.021914919824319,9.798766136169434,5135600,0.0,0.0
2008-11-03 00:00:00-05:00,9.805292487849895,9.922798894994036,9.720426368895266,9.82487678527832,2907800,0.0,0.0
2008-11-04 00:00:00-05:00,9.968495279650593,10.12517088631649,9.792234755221319,10.020720481872559,3206800,0.0,0.0
2008-11-05 00:00:00-05:00,9.935855825203989,10.099059761650825,9.740010976953064,9.779179573059082,3354900,0.0,0.0
2008-11-06 00:00:00-05:00,9.766125309330393,9.948913576162136,9.45277337218797,9.478886604309082,3454700,0.0,0.0
2008-11-07 00:00:00-05:00,9.531111890600133,9.726956152299454,9.394020533866373,9.720428466796875,3368000,0.0,0.0
2008-11-10 00:00:00-05:00,9.877101311194872,9.877101311194872,9.524580868966124,9.668200492858887,2914500,0.0,0.0
2008-11-11 00:00:00-05:00,9.57680556436569,9.850988185140563,9.328735544494446,9.544164657592773,3342300,0.0,0.0
2008-11-12 00:00:00-05:00,9.296093230011788,9.47888203123096,9.113305051366037,9.13941764831543,3603900,0.0,0.0
2008-11-13 00:00:00-05:00,9.165529643962346,9.766119956970215,8.858706183005996,9.766119956970215,5385700,0.0,0.0
2008-11-14 00:00:00-05:00,9.224285205643987,9.74653784995686,9.06108129320706,9.080665588378906,3576100,0.0,0.0
2008-11-17 00:00:00-05:00,8.976214800497962,9.106777800354143,8.72161648384829,8.741201400756836,2469200,0.0,0.0
2008-11-18 00:00:00-05:00,8.891348220581603,8.891348220581603,8.147138227245827,8.336455345153809,5552600,0.0,0.0
2008-11-19 00:00:00-05:00,8.414793536557944,8.486603030380865,7.422513498785831,7.5139079093933105,6503600,0.0,0.0
2008-11-20 00:00:00-05:00,7.350704959827705,8.12102706545493,7.324592356629723,7.455155372619629,5773700,0.0,0.0
2008-11-21 00:00:00-05:00,7.5661328524563825,7.677111553511922,7.109162060060701,7.670583248138428,6130200,0.0,0.0
2008-11-24 00:00:00-05:00,7.866430037315416,8.140612706488634,7.572663069650862,7.996993064880371,5361100,0.0,0.0
2008-11-25 00:00:00-05:00,8.205891835482337,8.558412232118075,8.062272852737994,8.512715339660645,5118700,0.0,0.0
2008-11-26 00:00:00-05:00,8.258118181317556,8.858708662421403,8.251590497611522,8.793427467346191,3271300,0.0,0.0
2008-11-28 00:00:00-05:00,9.061082533422129,9.132892040596674,8.79342818000275,8.923991203308105,1707700,0.0,0.0
2008-12-01 00:00:00-05:00,8.786897851919298,8.786897851919298,8.218948364257812,8.218948364257812,3759800,0.0,0.0
2008-12-02 00:00:00-05:00,8.323400428087485,8.813012217974984,8.075330379835655,8.760787010192871,9317100,0.0,0.0
2008-12-03 00:00:00-05:00,8.760787976318309,9.161834253135368,8.47037506421949,9.1272611618042,4186300,0.75,0.0
2008-12-04 00:00:00-05:00,9.528303412426128,9.853289278532976,9.327780358748836,9.583620071411133,4718700,0.0,0.0
2008-12-05 00:00:00-05:00,9.466074326872999,10.150619303629044,9.230978798265022,10.102216720581055,4165600,0.0,0.0
2008-12-08 00:00:00-05:00,10.30965251019037,10.634638390965192,9.839460228169486,10.551663398742676,4512600,0.0,0.0
2008-12-09 00:00:00-05:00,10.489433874485679,10.58623837918599,10.233594104306363,10.337312698364258,4590500,0.0,0.0
2008-12-10 00:00:00-05:00,10.4133720420213,10.517090620400777,10.178275894306063,10.344225883483887,2263300,0.0,0.0
2008-12-11 00:00:00-05:00,10.164447718875635,10.392629148485518,9.839461786626787,9.943181037902832,2698200,0.0,0.0
2008-12-12 00:00:00-05:00,9.70808429933275,10.185190717499808,9.652767632282272,10.095301628112793,4206500,0.0,0.0
2008-12-15 00:00:00-05:00,10.164448851427572,10.268168114260313,9.756487868357745,10.046900749206543,3015900,0.0,0.0
2008-12-16 00:00:00-05:00,10.116046927415068,10.510178411786175,10.074559090384364,10.40645980834961,3558100,0.0,0.0
2008-12-17 00:00:00-05:00,10.143706654889497,10.420290074885212,10.012329035821365,10.295827865600586,3443200,0.0,0.0
2008-12-18 00:00:00-05:00,10.503264773930313,10.703787912041893,10.109133247848522,10.364973068237305,4505000,0.0,0.0
2008-12-19 00:00:00-05:00,10.441031683229838,10.579323358224746,10.21976434381126,10.351141929626465,3592600,0.0,0.0
2008-12-22 00:00:00-05:00,10.309654097414631,10.351141929626465,10.116045752421758,10.351141929626465,3749600,0.0,0.0
2008-12-23 00:00:00-05:00,10.441030682771734,10.558578760110647,10.033069786057466,10.475603103637695,3450800,0.0,0.0
2008-12-24 00:00:00-05:00,10.489434976872726,10.579324742235677,10.385716371914524,10.510178565979004,1216000,0.0,0.0
2008-12-26 00:00:00-05:00,10.517090968722643,10.69687045933283,10.489432636276973,10.689955711364746,1165800,0.0,0.0
2008-12-29 00:00:00-05:00,10.676126771043831,10.890479353223274,10.620810103273659,10.876649856567383,3133400,0.0,0.0
2008-12-30 00:00:00-05:00,10.918140674486436,11.08409138263042,10.80750730867503,11.049517631530762,2497800,0.0,0.0
2008-12-31 00:00:00-05:00,11.02877091987915,11.243123500061188,10.938881170733566,11.06334400177002,2722400,0.0,0.0
2009-01-02 00:00:00-05:00,11.10483165401704,11.651084920840278,11.10483165401704,11.512792587280273,3141900,0.0,0.0
2009-01-05 00:00:00-05:00,11.512794189729576,11.512794189729576,11.236210802965758,11.305356979370117,5104200,0.0,0.0
2009-01-06 00:00:00-05:00,11.374503350183534,11.450562958560058,11.063346210472538,11.270783424377441,3596800,0.0,0.0
2009-01-07 00:00:00-05:00,11.10482995051511,11.291524176525838,10.994196628179843,11.07717227935791,2965400,0.0,0.0
2009-01-08 00:00:00-05:00,11.056431149554829,11.056431149554829,10.738359928581387,10.918139457702637,5135600,0.0,0.0
2009-01-09 00:00:00-05:00,10.848991886119583,10.91813805286202,10.558579700310819,10.613896369934082,2448200,0.0,0.0
2009-01-12 00:00:00-05:00,10.572407727604334,10.669212221738118,10.427201316116994,10.50326156616211,3485700,0.0,0.0
2009-01-13 00:00:00-05:00,10.461775072545496,10.641554576365587,10.378800069111618,10.586237907409668,4398000,0.0,0.0
2009-01-14 00:00:00-05:00,10.447947576465495,10.52400850541624,10.240510357868132,10.4686918258667,4248000,0.0,0.0
2009-01-15 00:00:00-05:00,10.441034416894198,10.876653142324873,10.392631823403205,10.759105682373047,4292200,0.0,0.0
2009-01-16 00:00:00-05:00,10.890479657907322,10.952711075746496,10.544750144957884,10.807504653930664,3819200,0.0,0.0
2009-01-20 00:00:00-05:00,10.814421069955788,10.848993499040173,10.364972238163805,10.392630577087402,4747300,0.0,0.0
2009-01-21 00:00:00-05:00,10.406458901869895,10.717615344502356,10.316569145655762,10.696871757507324,4680200,0.0,0.0
2009-01-22 00:00:00-05:00,10.641555835059494,10.807505861555986,10.392630135887968,10.648469924926758,3964300,0.0,0.0
2009-01-23 00:00:00-05:00,10.530919898853666,10.64155388904656,10.337311570012767,10.50326156616211,3802300,0.0,0.0
2009-01-26 00:00:00-05:00,10.634641537238995,10.842079408879385,10.254338882469414,10.392630577087402,3940000,0.0,0.0
2009-01-27 00:00:00-05:00,10.530921653195607,10.676128088872828,10.281996617503273,10.399544715881348,3229200,0.0,0.0
2009-01-28 00:00:00-05:00,10.524005800101754,10.724528876778832,10.475603223368209,10.64155387878418,2934300,0.0,0.0
2009-01-29 00:00:00-05:00,10.544750651908675,10.627725659874452,10.192106373484064,10.219764709472656,2908800,0.0,0.0
2009-01-30 00:00:00-05:00,10.060729502561765,10.281996191793759,9.680426885874214,9.811803817749023,4526100,0.0,0.0
2009-02-02 00:00:00-05:00,8.33899704717416,8.477288735471664,7.806573222945299,8.228363037109375,18519200,0.0,0.0
2009-02-03 00:00:00-05:00,8.096983536154177,8.719296266303223,8.096983536154177,8.615577697753906,8637500,0.0,0.0
2009-02-04 00:00:00-05:00,8.622494912503067,8.677811586150616,8.290594211191003,8.387398719787598,7202700,0.0,0.0
2009-02-05 00:00:00-05:00,8.345908882012157,8.823015902011006,8.304421716445844,8.767699241638184,6954600,0.0,0.0
2009-02-06 00:00:00-05:00,8.760787742687514,9.05811539700887,8.73312940224554,8.926737785339355,4140300,0.0,0.0
2009-02-09 00:00:00-05:00,8.919820820812381,9.237891986639697,8.850675316587905,9.065027236938477,3712000,0.0,0.0
2009-02-10 00:00:00-05:00,8.995883460314896,9.11343156544021,8.636324395360564,8.670897483825684,4305000,0.0,0.0
2009-02-11 00:00:00-05:00,8.698555727325376,8.816103831161676,8.622495461077632,8.71929931640625,3340000,0.0,0.0
2009-02-12 00:00:00-05:00,8.594835197131033,8.67781019429378,8.332080709735674,8.643237113952637,3845900,0.0,0.0
2009-02-13 00:00:00-05:00,8.636322057280031,8.726211799183085,8.40814065838252,8.442713737487793,3719000,0.0,0.0
2009-02-17 00:00:00-05:00,8.221447088161668,8.532603481326436,8.221447088161668,8.373567581176758,5485000,0.0,0.0
2009-02-18 00:00:00-05:00,8.408139028981115,8.408139028981115,8.235274326380594,8.304420471191406,3727800,0.0,0.0
2009-02-19 00:00:00-05:00,8.332084195574302,8.46346116452196,8.276767507656663,8.297511100769043,3587200,0.0,0.0
2009-02-20 00:00:00-05:00,8.256017096324166,8.456540105296927,8.138469716756946,8.332077980041504,4801300,0.0,0.0
2009-02-23 00:00:00-05:00,8.387398443547559,8.428885617703454,8.152302258575013,8.186875343322754,4738800,0.0,0.0
2009-02-24 00:00:00-05:00,8.22836223891569,8.491116750905789,8.179960317563499,8.401226997375488,3697700,0.0,0.0
2009-02-25 00:00:00-05:00,8.345907630536686,8.498028753464567,8.16612884099629,8.304420471191406,4377800,0.0,0.0
2009-02-26 00:00:00-05:00,8.394313690163022,8.470373953577012,8.096986066898443,8.152302742004395,3365000,0.0,0.0
2009-02-27 00:00:00-05:00,8.014010579010794,8.394313192382455,7.951779158350208,8.186875343322754,4543700,0.0,0.0
2009-03-02 00:00:00-05:00,8.090071522928799,8.1868760365339,7.806573390960693,7.806573390960693,4621400,0.0,0.0
2009-03-03 00:00:00-05:00,7.931035034673748,8.000180540064235,7.384782442783417,7.412440776824951,7349000,0.0,0.0
2009-03-04 00:00:00-05:00,7.58530521675611,7.695938548361668,7.336379561216933,7.550732135772705,8287700,0.0,0.0
2009-03-05 00:00:00-05:00,7.529990460634679,7.536904551043505,7.163516632466478,7.225748062133789,5187500,0.0,0.0
2009-03-06 00:00:00-05:00,7.246492591028953,7.488503591216121,7.170432311263206,7.481588840484619,5840600,0.0,0.0
2009-03-09 00:00:00-04:00,7.495417472646787,7.536904653370364,7.260321250457026,7.322552680969238,4252500,0.0,0.0
2009-03-10 00:00:00-04:00,7.38478490582378,7.7305145263671875,7.350211811884056,7.7305145263671875,4334500,0.0,0.0
2009-03-11 00:00:00-04:00,7.695939792650938,7.785829553970612,7.4677583444651425,7.5369038581848145,3915200,0.0,0.0
2009-03-12 00:00:00-04:00,7.509246359035106,7.94486571585971,7.398612997192702,7.910292625427246,2775200,0.0,0.0
2009-03-13 00:00:00-04:00,7.924122100987297,7.979438781738281,7.792745149060422,7.979438781738281,2178900,0.0,0.0
2009-03-16 00:00:00-04:00,8.014009836348794,8.055497006660053,7.550732258170746,7.647536754608154,4342900,0.0,0.0
2009-03-17 00:00:00-04:00,7.564559850182706,7.944862365722656,7.564559850182706,7.944862365722656,2536100,0.0,0.0
2009-03-18 00:00:00-04:00,7.924121645448733,8.214534532409694,7.77200045241518,8.090071678161621,3636500,0.0,0.0
2009-03-19 00:00:00-04:00,8.138471263740655,8.1730436799004,7.778912332725479,7.799655914306641,3818800,0.0,0.0
2009-03-20 00:00:00-04:00,7.827316575677938,7.868804410631516,7.571476795173376,7.612964630126953,3991000,0.0,0.0
2009-03-23 00:00:00-04:00,7.75125549649759,8.055497169494629,7.619878575287362,8.055497169494629,2842900,0.0,0.0
2009-03-24 00:00:00-04:00,8.020926525218863,8.283680425901714,7.986353435310011,8.173047065734863,3880600,0.0,0.0
2009-03-25 00:00:00-04:00,8.235277266313545,8.574092046102571,8.17304584565296,8.186875343322754,6725400,0.0,0.0
2009-03-26 00:00:00-04:00,8.325168269566225,8.657069009648648,8.17304706955233,8.60866641998291,7501900,0.0,0.0
2009-03-27 00:00:00-04:00,8.601752498540968,8.601752498540968,8.283681227566074,8.359742164611816,5676500,0.0,0.0
2009-03-30 00:00:00-04:00,8.435799934426369,8.435799934426369,7.9033768305200605,7.993266582489014,4906200,0.0,0.0
2009-03-31 00:00:00-04:00,8.020925797685663,8.152302736110626,7.889548199833921,7.972523212432861,4293700,0.0,0.0
2009-04-01 00:00:00-04:00,8.00017947578468,8.311336516641488,7.792742327782292,8.24219036102295,4624300,0.0,0.0
2009-04-02 00:00:00-04:00,8.366653298312988,8.982051322622322,8.325165472456801,8.802271842956543,4576700,0.0,0.0
2009-04-03 00:00:00-04:00,8.829932163054103,8.954394340515137,8.733127661093992,8.954394340515137,2548000,0.0,0.0
2009-04-06 00:00:00-04:00,8.905991819243523,8.933650152307798,8.698553991548119,8.892162322998047,2218400,0.0,0.0
2009-04-07 00:00:00-04:00,8.843762266724463,8.843762266724463,8.622495555630605,8.670897483825684,2419600,0.0,0.0
2009-04-08 00:00:00-04:00,8.705469976949102,8.857591160136412,8.622494965963325,8.823018074035645,1801800,0.0,0.0
2009-04-09 00:00:00-04:00,8.961309687633392,9.265551392157898,8.89907826503305,9.230978965759277,2501600,0.0,0.0
2009-04-13 00:00:00-04:00,9.14800367209482,9.182576759341552,8.940566467468006,9.099601745605469,2107600,0.0,0.0
2009-04-14 00:00:00-04:00,9.044286026104595,9.106517457843573,8.657069254392743,8.663983345031738,3899400,0.0,0.0
2009-04-15 00:00:00-04:00,8.670895441989785,8.733126854687287,8.546432616594782,8.712383270263672,3332400,0.0,0.0
2009-04-16 00:00:00-04:00,8.774616011096189,9.078858395548359,8.670897406057883,9.009712219238281,3707000,0.0,0.0
2009-04-17 00:00:00-04:00,9.472992237576543,10.48943758886639,9.403846703528625,10.378804206848145,9302700,0.0,0.0
2009-04-20 00:00:00-04:00,10.268169450989284,10.669215736860503,10.088389899549941,10.275083541870117,7913700,0.0,0.0
2009-04-21 00:00:00-04:00,10.240510277403367,10.420289154813346,10.088389080124001,10.1575345993042,7700700,0.0,0.0
2009-04-22 00:00:00-04:00,10.185191701382342,10.517092395173284,9.977754509618098,10.240509033203125,3640300,0.0,0.0
2009-04-23 00:00:00-04:00,10.143703845250597,10.281995516943939,9.860205753422568,10.226678848266602,4143500,0.0,0.0
2009-04-24 00:00:00-04:00,10.316568281356881,10.5516644456939,10.219763784445554,10.43411636352539,2920500,0.0,0.0
2009-04-27 00:00:00-04:00,10.199021431426141,10.358056703323532,10.046900249165375,10.150619506835938,4138600,0.0,0.0
2009-04-28 00:00:00-04:00,10.02615655645617,10.4410322639423,9.715000105554951,10.268167495727539,4749800,0.0,0.0
2009-04-29 00:00:00-04:00,10.33039949262707,10.669214979973507,10.233595632893948,10.54475212097168,3744200,0.0,0.0
2009-04-30 00:00:00-04:00,10.606980362728759,10.641553441997464,10.295823968163681,10.344225883483887,3362200,0.0,0.0
2009-05-01 00:00:00-04:00,10.358055537803537,10.434116450088696,10.136788868086763,10.385714530944824,2747700,0.0,0.0
2009-05-04 00:00:00-04:00,10.406457638939962,10.703784547874251,10.385714054462376,10.689955711364746,3259500,0.0,0.0
2009-05-05 00:00:00-04:00,10.676125913881213,10.938880394406905,10.627723998325068,10.897393226623535,3119600,0.0,0.0
2009-05-06 00:00:00-04:00,10.994199090251058,10.994199090251058,10.61389712441436,10.779847145080566,3506100,0.0,0.0
2009-05-07 00:00:00-04:00,10.828246622756295,10.842076117733514,10.413371664838909,10.530919075012207,2837600,0.0,0.0
2009-05-08 00:00:00-04:00,10.655384391139723,10.772932488308541,10.364971522772853,10.7314453125,3399100,0.0,0.0
2009-05-11 00:00:00-04:00,10.613897947903,10.62772678765139,10.143705526775022,10.392630577087402,4298100,0.0,0.0
2009-05-12 00:00:00-04:00,10.42028766816859,10.503262675003024,10.143704312053814,10.261252403259277,3396700,0.0,0.0
2009-05-13 00:00:00-04:00,10.157534079133162,10.233595003591153,9.694257080127242,9.756487846374512,3433300,0.0,0.0
2009-05-14 00:00:00-04:00,9.749573975412934,9.908609258439675,9.680427798793684,9.73574447631836,2681300,0.0,0.0
2009-05-15 00:00:00-04:00,9.735744371825506,9.874036064152925,9.597452679498089,9.63893985748291,2477800,0.0,0.0
2009-05-18 00:00:00-04:00,9.756488652137252,10.095304146630514,9.715001471212755,10.08838939666748,2177300,0.0,0.0
2009-05-19 00:00:00-04:00,10.039985930918071,10.323484041794172,9.99158334800323,10.240509033203125,3222100,0.0,0.0
2009-05-20 00:00:00-04:00,10.288908856320981,10.34422551742271,10.019239638880087,10.067642211914062,3080300,0.0,0.0
2009-05-21 00:00:00-04:00,9.957009977322334,9.998497810141318,9.632024701185017,9.82563304901123,2778200,0.0,0.0
2009-05-22 00:00:00-04:00,9.860205002859598,9.92935050372953,9.61819410124819,9.652767181396484,1662600,0.0,0.0
2009-05-26 00:00:00-04:00,9.652768683489356,10.31656941981111,9.652768683489356,10.268167495727539,3623300,0.0,0.0
2009-05-27 00:00:00-04:00,10.212851813871708,10.330399260993815,10.095303707322778,10.129876136779785,3129600,0.0,0.0
2009-05-28 00:00:00-04:00,10.199020513927934,10.309653851282608,10.026155759454578,10.226678848266602,3822400,0.0,0.0
2009-05-29 00:00:00-04:00,10.275080232620612,10.79367446899414,10.247421899724422,10.79367446899414,4056500,0.0,0.0
2009-06-01 00:00:00-04:00,10.890482087635192,11.402161722696558,10.835165405975955,11.284613609313965,3446600,0.0,0.0
2009-06-02 00:00:00-04:00,11.236210995011172,11.381416780973876,11.19472381600092,11.270783424377441,1712400,0.0,0.0
2009-06-03 00:00:00-04:00,11.187809623973077,11.409076348194189,11.160150624018584,11.402161598205566,2705900,0.0,0.0
2009-06-04 00:00:00-04:00,11.519707705119572,11.519707705119572,11.14632050270375,11.381415367126465,2054300,0.0,0.0
2009-06-05 00:00:00-04:00,11.512794189729576,11.581940366133935,11.250040302017354,11.305356979370117,2134400,0.0,0.0
2009-06-08 00:00:00-04:00,11.298440688647078,11.326098364123922,11.008027842446287,11.173977851867676,1716700,0.0,0.0
2009-06-09 00:00:00-04:00,11.229294511026682,11.291525929357373,11.063344501762655,11.243124008178711,1427800,0.0,0.0
2009-06-10 00:00:00-04:00,11.333014927392986,11.41599060481679,11.180894390778608,11.29152774810791,2497100,0.0,0.0
2009-06-11 00:00:00-04:00,11.333015490357164,11.526624534727741,11.270784058911397,11.422905921936035,2719200,0.0,0.0
2009-06-12 00:00:00-04:00,11.250039444116739,11.360672790385635,11.063345177717904,11.256954193115234,1720600,0.0,0.0
2009-06-15 00:00:00-04:00,11.173977652513289,11.201636646350112,10.738358390983967,10.925052642822266,2336300,0.0,0.0
2009-06-16 00:00:00-04:00,10.973455409368063,11.201637510130457,10.793675892125815,10.828248977661133,2866900,0.0,0.0
2009-06-17 00:00:00-04:00,10.800591354771575,11.001114472813953,10.69687275073913,10.918139457702637,3563700,0.0,0.0
2009-06-18 00:00:00-04:00,10.890479733722016,11.33992783991446,10.87665023658294,11.312270164489746,3987300,0.0,0.0
2009-06-19 00:00:00-04:00,11.42290333610201,11.575023845836995,11.291525752917504,11.339927673339844,4410300,0.0,0.0
2009-06-22 00:00:00-04:00,11.25003886846668,11.305355538770645,11.021856779179414,11.056429862976074,3818500,0.0,0.0
2009-06-23 00:00:00-04:00,11.070256859841493,11.132488264734013,10.807502405532286,10.869733810424805,2896900,0.0,0.0
2009-06-24 00:00:00-04:00,10.94579458187891,11.11865931078973,10.814417678054397,10.911221504211426,3384000,0.0,0.0
2009-06-25 00:00:00-04:00,10.883564496175195,11.201636321816391,10.828247828957602,11.132490158081055,2936000,0.0,0.0
2009-06-26 00:00:00-04:00,11.118661768640605,11.146320764430078,10.973455337879647,11.021857261657715,6846500,0.0,0.0
2009-06-29 00:00:00-04:00,11.077175729842926,11.180894336983416,10.842079516935875,11.13940715789795,3721000,0.0,0.0
2009-06-30 00:00:00-04:00,11.263867926380376,11.263867926380376,10.95962559214958,11.097916603088379,4224200,0.0,0.0
2009-07-01 00:00:00-04:00,11.160148333666793,11.409074006756397,11.077173988539217,11.312270164489746,3059800,0.0,0.0
2009-07-02 00:00:00-04:00,11.180892725515598,11.312270312347112,10.786761283874512,10.786761283874512,2888900,0.0,0.0
2009-07-06 00:00:00-04:00,10.779847879670882,10.835164556995828,10.551666420848782,10.800591468811035,2488900,0.0,0.0
2009-07-07 00:00:00-04:00,10.703785463501843,10.779846378803866,10.565493789443689,10.613896369934082,1976200,0.0,0.0
2009-07-08 00:00:00-04:00,10.627723561572903,10.627723561572903,10.420285752900904,10.530919075012207,2488300,0.0,0.0
2009-07-09 00:00:00-04:00,10.593152767789832,10.745273948208528,10.447946336350794,10.683042526245117,2890100,0.0,0.0
2009-07-10 00:00:00-04:00,10.586237223663447,10.71069939106212,10.420286568087437,10.50326156616211,2741800,0.0,0.0
2009-07-13 00:00:00-04:00,10.503263223547096,10.683042744124245,10.392629875323241,10.662299156188965,3401900,0.0,0.0
2009-07-14 00:00:00-04:00,10.655385462527205,10.904311180114746,10.565495693334686,10.904311180114746,3048500,0.0,0.0
2009-07-15 00:00:00-04:00,11.01494325358195,11.256954193115234,10.627725882214051,11.256954193115234,3658800,0.0,0.0
2009-07-16 00:00:00-04:00,11.229295556517922,11.270782732983188,10.959626931213355,11.194723129272461,3432000,0.0,0.0
2009-07-17 00:00:00-04:00,11.685660317738455,12.100536105113086,11.505880765914322,12.045219421386719,9481600,0.0,0.0
2009-07-20 00:00:00-04:00,12.128192167497362,12.598383205807808,12.128192167497362,12.522323608398438,6133000,0.0,0.0
2009-07-21 00:00:00-04:00,12.494664280001114,12.681358531920221,12.183508512322685,12.44626235961914,4149900,0.0,0.0
2009-07-22 00:00:00-04:00,12.418604004906845,12.467007246633358,12.135105897633267,12.169679641723633,3716200,0.0,0.0
2009-07-23 00:00:00-04:00,12.28031505668619,12.432435599784736,12.093620763664994,12.27340030670166,5681400,0.0,0.0
2009-07-24 00:00:00-04:00,12.273398835320558,12.314886011400395,12.059046886912263,12.231911659240723,2446800,0.0,0.0
2009-07-27 00:00:00-04:00,12.238825217331543,12.266482892408646,11.948412375328148,12.038301467895508,2332000,0.0,0.0
2009-07-28 00:00:00-04:00,11.996815169733912,12.09361901783536,11.934583747710548,12.017558097839355,2286200,0.0,0.0
2009-07-29 00:00:00-04:00,11.982985916210213,12.142021189579292,11.900010245535212,12.010644912719727,1982300,0.0,0.0
2009-07-30 00:00:00-04:00,12.142021239071935,12.432434109337889,12.031387890290006,12.231911659240723,3237800,0.0,0.0
2009-07-31 00:00:00-04:00,12.19042379284256,12.363288574083883,12.086705187868489,12.155851364135742,3138900,0.0,0.0
2009-08-03 00:00:00-04:00,12.224996313414733,12.231911062232806,12.052131549523356,12.169679641723633,2214700,0.0,0.0
2009-08-04 00:00:00-04:00,12.079789225942164,12.176594390541705,12.05904629834143,12.169679641723633,1793200,0.0,0.0
2009-08-05 00:00:00-04:00,12.190422337930318,12.197337086617138,11.906924236037993,11.976070404052734,2530000,0.0,0.0
2009-08-06 00:00:00-04:00,12.0383023525969,12.10053377466058,11.810120911314586,11.886181831359863,2136900,0.0,0.0
2009-08-07 00:00:00-04:00,11.996818228990245,12.418607473886276,11.989903478240624,12.363290786743164,2577700,0.0,0.0
2009-08-10 00:00:00-04:00,12.37020334402027,12.411691841161293,12.031388530490295,12.086705207824707,1718800,0.0,0.0
2009-08-11 00:00:00-04:00,12.107447966265308,12.29414222386157,11.962240881850397,12.245738983154297,2218300,0.0,0.0
2009-08-12 00:00:00-04:00,12.169679879631989,12.425518996634743,12.142020883818983,12.294142723083496,2476000,0.0,0.0
2009-08-13 00:00:00-04:00,12.356373597432377,12.549981284132722,12.162764591878581,12.522323608398438,2476900,0.0,0.0
2009-08-14 00:00:00-04:00,12.556895697307482,12.674443783458022,12.349458518855197,12.44626235961914,2616600,0.0,0.0
2009-08-17 00:00:00-04:00,12.335629398811676,12.349458896158595,11.982985129585991,12.114362716674805,2847400,0.0,0.0
2009-08-18 00:00:00-04:00,12.128194048890913,12.19733890837949,12.003731191645628,12.093620300292969,1731700,0.0,0.0
2009-08-19 00:00:00-04:00,12.031384656158,12.2457365469468,11.948410326302486,12.204249382019043,2880300,0.0,0.0
2009-08-20 00:00:00-04:00,12.218085080559572,12.349462708202152,12.114366456148634,12.314888954162598,1489500,0.0,0.0
2009-08-21 00:00:00-04:00,12.356373509857066,12.639871608104821,12.321799766867437,12.570725440979004,2277200,0.0,0.0
2009-08-24 00:00:00-04:00,12.570726318164164,12.709017343212302,12.467007719664675,12.549982070922852,1599100,0.0,0.0
2009-08-25 00:00:00-04:00,12.5983825043139,12.964856249074968,12.556895333595806,12.778162002563477,2551700,0.0,0.0
2009-08-26 00:00:00-04:00,12.74358922696345,12.83347831417059,12.543065489484947,12.639870643615723,1645600,0.0,0.0
2009-08-27 00:00:00-04:00,12.591468269112726,12.778162523231389,12.487749678664612,12.688273429870605,1171200,0.0,0.0
2009-08-28 00:00:00-04:00,12.736677190057012,12.847310545024753,12.570727157605404,12.66753101348877,1528400,0.0,0.0
2009-08-31 00:00:00-04:00,12.570725810339114,12.646786728297721,12.321800128913473,12.439348220825195,2274500,0.0,0.0
2009-09-01 00:00:00-04:00,12.349457568535627,12.688272303990265,12.100531918465562,12.176592826843262,2974400,0.0,0.0
2009-09-02 00:00:00-04:00,12.17659546058922,12.501580770476618,12.128193533462756,12.411691665649414,2846300,0.0,0.0
2009-09-03 00:00:00-04:00,12.439350177393226,12.5983854682725,12.33563156676995,12.591470718383789,2339200,0.0,0.0
2009-09-04 00:00:00-04:00,12.570729357373073,12.874971796200935,12.494668417952646,12.7435941696167,2640100,0.0,0.0
2009-09-08 00:00:00-04:00,12.868054601379313,12.90262702972005,12.69518982196843,12.764334678649902,3577400,0.0,0.0
2009-09-09 00:00:00-04:00,12.764332241351587,12.930283558489464,12.709015575256744,12.791991233825684,2884200,0.0,0.0
2009-09-10 00:00:00-04:00,12.791991492954386,12.798906241212983,12.570724824092798,12.646785736083984,2824600,0.0,0.0
2009-09-11 00:00:00-04:00,12.65369856013823,12.667528055993822,12.5707242227113,12.584553718566895,2969500,0.0,0.0
2009-09-14 00:00:00-04:00,12.508495052597597,12.667530326887038,12.384032205291582,12.653700828552246,3253500,0.0,0.0
2009-09-15 00:00:00-04:00,12.626042764880541,12.957942801651246,12.53615234730503,12.85422420501709,2496700,0.0,0.0
2009-09-16 00:00:00-04:00,12.888794288253411,12.999427613734733,12.771246215072848,12.964855194091797,2250500,0.0,0.0
2009-09-17 00:00:00-04:00,12.971770453209752,13.262183273761213,12.881880048428908,13.213781356811523,3763400,0.0,0.0
2009-09-18 00:00:00-04:00,13.269099373021303,13.269099373021303,12.798907013878393,12.812736511230469,4792800,0.0,0.0
2009-09-21 00:00:00-04:00,12.729761750540044,12.833480350343873,12.59146940489924,12.653700828552246,1879200,0.0,0.0
2009-09-22 00:00:00-04:00,12.715930866021525,12.750504608089562,12.41168984894323,12.494664192199707,3813100,0.0,0.0
2009-09-23 00:00:00-04:00,12.543066200383086,12.653699538071427,12.404775187699368,12.44626235961914,3259800,0.0,0.0
2009-09-24 00:00:00-04:00,12.467007483258884,12.577640828740924,12.363287567872653,12.425518989562988,5185300,0.0,0.0
2009-09-25 00:00:00-04:00,12.397859065511302,12.529236634029148,12.37020007472722,12.418601989746094,4357700,0.0,0.0
2009-09-28 00:00:00-04:00,12.40477638820985,12.632957834131693,12.19042312169725,12.501580238342285,1626400,0.0,0.0
2009-09-29 00:00:00-04:00,12.570723894196147,12.764331555701572,12.473920063443435,12.709014892578125,2780400,0.0,0.0
2009-09-30 00:00:00-04:00,12.736676999748033,12.84731035306271,12.494666044802075,12.764334678649902,4445600,0.0,0.0
2009-10-01 00:00:00-04:00,12.750507178017475,12.91645721683189,12.404777600774024,12.487751960754395,3552900,0.0,0.0
2009-10-02 00:00:00-04:00,12.418605096221537,12.563812196454528,12.252655066564976,12.411691665649414,3913000,0.0,0.0
2009-10-05 00:00:00-04:00,12.397860352116014,12.536151363827946,12.287227015205106,12.494664192199707,3015300,0.0,0.0
2009-10-06 00:00:00-04:00,12.252653947172245,12.695188638013722,12.252653947172245,12.50849437713623,3106800,0.0,0.0
2009-10-07 00:00:00-04:00,12.294142452562559,12.626042481894425,12.294142452562559,12.439348220825195,1908100,0.0,0.0
2009-10-08 00:00:00-04:00,12.467006990549324,12.861138433109277,12.446262744521212,12.812736511230469,3948600,0.0,0.0
2009-10-09 00:00:00-04:00,12.833482981531471,12.90954391911368,12.743593861632899,12.888799667358398,1756700,0.0,0.0
2009-10-12 00:00:00-04:00,12.985597610473633,13.331327033681475,12.971768117020579,12.985597610473633,5303900,0.0,0.0
2009-10-13 00:00:00-04:00,12.97177062549204,13.137720622460723,12.951026381300952,13.047831535339355,3013100,0.0,0.0
2009-10-14 00:00:00-04:00,13.137718248300404,13.469618182259037,13.075486845826521,13.407386779785156,5526000,0.0,0.0
2009-10-15 00:00:00-04:00,13.345160690664008,13.538769721984863,13.28292926341279,13.538769721984863,4187500,0.0,0.0
2009-10-16 00:00:00-04:00,14.174910123416462,14.555212062600894,14.036617789792976,14.14725112915039,12581000,0.0,0.0
2009-10-19 00:00:00-04:00,13.787691823804968,14.057360392106178,13.607912338653067,13.863751411437988,6001700,0.0,0.0
2009-10-20 00:00:00-04:00,13.905238054848219,13.995127126082737,13.683971431329615,13.746201515197754,6398200,0.0,0.0
2009-10-21 00:00:00-04:00,13.725465533335935,13.932902768054856,13.621746915976473,13.670148849487305,3904700,0.0,0.0
2009-10-22 00:00:00-04:00,13.677059255000772,13.92598359381633,13.642485514294894,13.89832592010498,3936800,0.0,0.0
2009-10-23 00:00:00-04:00,13.960554748646988,13.960554748646988,13.435045856936384,13.49727725982666,3530800,0.0,0.0
2009-10-26 00:00:00-04:00,13.531853320032967,14.002045682358345,13.531853320032967,13.594084739685059,3515300,0.0,0.0
2009-10-27 00:00:00-04:00,13.552599906326847,13.607916586807622,13.220699823442198,13.262187004089355,4029800,0.0,0.0
2009-10-28 00:00:00-04:00,13.20687191918377,13.317505293511383,12.729764668112285,12.7435941696167,11262400,0.0,0.0
2009-10-29 00:00:00-04:00,12.78507907697149,13.25527149350235,12.78507907697149,13.227612495422363,3064600,0.0,0.0
2009-10-30 00:00:00-04:00,13.110065976037026,13.324419280507152,12.812739623857988,13.089323043823242,4474200,0.0,0.0
2009-11-02 00:00:00-05:00,13.137721747905887,13.43504934584873,12.937197993440824,13.282927513122559,4002300,0.0,0.0
2009-11-03 00:00:00-05:00,13.165379624534484,13.29675588128267,12.909539221400284,13.179207801818848,4355100,0.0,0.0
2009-11-04 00:00:00-05:00,13.220696901745733,13.400475084438057,13.116976994768788,13.172293663024902,3622800,0.0,0.0
2009-11-05 00:00:00-05:00,13.345157091291192,13.524936574988633,13.193036598402557,13.5111083984375,2357900,0.0,0.0
2009-11-06 00:00:00-05:00,13.511108756238801,13.656314505270572,13.345157444697767,13.649399757385254,1943800,0.0,0.0
2009-11-09 00:00:00-05:00,13.677062458927146,14.057364463806152,13.677062458927146,14.057364463806152,3089300,0.0,0.0
2009-11-10 00:00:00-05:00,13.89141329994464,14.167996673693816,13.89141329994464,14.154167175292969,5365900,0.0,0.0
2009-11-11 00:00:00-05:00,14.174913703701518,14.174913703701518,14.008963652749905,14.091938018798828,3339100,0.0,0.0
2009-11-12 00:00:00-05:00,14.167999369757494,14.20257312233874,14.02279356547769,14.119597434997559,3093200,0.0,0.0
2009-11-13 00:00:00-05:00,14.119594748144404,14.18874092129509,14.057363324194146,14.154167175292969,2955200,0.0,0.0
2009-11-16 00:00:00-05:00,14.202569185048755,14.333945451875437,14.119593520710403,14.237141609191895,3777300,0.0,0.0
2009-11-17 00:00:00-05:00,14.306288986283299,14.354690911718654,14.15416714193955,14.292459487915039,3866400,0.0,0.0
2009-11-18 00:00:00-05:00,14.22331359898625,14.368520697045852,14.119594996860009,14.209484100341797,2669500,0.0,0.0
2009-11-19 00:00:00-05:00,14.18182444393063,14.18182444393063,13.884496858811827,13.988215446472168,3138800,0.0,0.0
2009-11-20 00:00:00-05:00,14.050446778656418,14.050446778656418,13.71854677259053,13.836094856262207,4565000,0.0,0.0
2009-11-23 00:00:00-05:00,13.898326775022925,14.202569117682534,13.849924853910736,14.14725112915039,3292100,0.0,0.0
2009-11-24 00:00:00-05:00,14.140339165009262,14.188741091138056,13.967474389490095,14.126509666442871,2834500,0.0,0.0
2009-11-25 00:00:00-05:00,14.363387268221954,14.492593368275175,14.205469462109562,14.291605949401855,2642400,0.75,0.0
2009-11-27 00:00:00-05:00,13.932694964384766,14.183928791833052,13.853735409414506,14.047544479370117,1886600,0.0,0.0
2009-11-30 00:00:00-05:00,14.011660349264542,14.205469499859404,13.918344223816,13.96859073638916,3778200,0.0,0.0
2009-12-01 00:00:00-05:00,14.018836524795006,14.463878171802389,14.011658257054295,14.356206893920898,4295900,0.0,0.0
2009-12-02 00:00:00-05:00,14.356205469776116,14.535658038148316,14.234177668518441,14.248534202575684,3773100,0.0,0.0
2009-12-03 00:00:00-05:00,14.234181881761518,14.33467491167874,14.112154044384246,14.119332313537598,1836300,0.0,0.0
2009-12-04 00:00:00-05:00,14.356207964489752,14.52130402749386,14.13368712439227,14.27724838256836,3433600,0.0,0.0
2009-12-07 00:00:00-05:00,14.327498690774389,14.44234964453217,14.205472205067144,14.37774658203125,4603100,0.0,0.0
2009-12-08 00:00:00-05:00,14.320319024575808,14.44234685583554,14.126509874495975,14.291605949401855,2391500,0.0,0.0
2009-12-09 00:00:00-05:00,14.341850195651897,14.341850195651897,13.93269852287757,14.104972839355469,2073400,0.0,0.0
2009-12-10 00:00:00-05:00,14.241360664367676,14.356210236732343,14.033194958759905,14.241360664367676,3174500,0.0,0.0
2009-12-11 00:00:00-05:00,14.327491980391894,14.37773984811481,14.191109018201473,14.27006721496582,3012800,0.0,0.0
2009-12-14 00:00:00-05:00,14.356208687443237,14.442346541978386,14.32031871337053,14.334673881530762,5497600,0.0,0.0
2009-12-15 00:00:00-05:00,14.219824630581757,14.50694853674737,14.205469462109562,14.291605949401855,7312900,0.0,0.0
2009-12-16 00:00:00-05:00,14.406454509681282,14.643331886928856,14.313139760086953,14.384921073913574,4648200,0.0,0.0
2009-12-17 00:00:00-05:00,14.356205047662131,14.363383314479691,14.198287285019033,14.27006721496582,3207800,0.0,0.0
2009-12-18 00:00:00-05:00,14.478231075089802,14.664861882183935,14.097791194961658,14.298778533935547,33905400,0.0,0.0
2009-12-21 00:00:00-05:00,14.521303254252976,14.535659790040521,14.277247622323125,14.313138961791992,7738600,0.0,0.0
2009-12-22 00:00:00-05:00,14.305958448504427,14.449519676503389,14.262890217016178,14.349026679992676,5652400,0.0,0.0
2009-12-23 00:00:00-05:00,14.356210614129264,14.492594998315672,14.334675805326693,14.44234848022461,3526200,0.0,0.0
2009-12-24 00:00:00-05:00,14.471055174392436,14.51412340795682,14.341849104584822,14.399273872375488,1843100,0.0,0.0
2009-12-28 00:00:00-05:00,14.427983654420112,14.542833163841008,14.406448857985888,14.514120101928711,2016400,0.0,0.0
2009-12-29 00:00:00-05:00,14.5930834490756,14.664864753414191,14.485412177124962,14.506945610046387,1651500,0.0,0.0
2009-12-30 00:00:00-05:00,14.564376683846795,14.643334913170643,14.471060545852747,14.535663604736328,1813100,0.0,0.0
2009-12-31 00:00:00-05:00,14.521304797178143,14.607442651941176,14.327495650797388,14.341852188110352,2260900,0.0,0.0
2010-01-04 00:00:00-05:00,14.593082273616744,14.593082273616744,14.327491879691355,14.349026679992676,2975900,0.0,0.0
2010-01-05 00:00:00-05:00,14.284427632148848,14.39927719422547,13.875275896111537,14.054728507995605,5206100,0.0,0.0
2010-01-06 00:00:00-05:00,13.99730110168457,14.054725871952542,13.774780288035496,13.99730110168457,6354900,0.0,0.0
2010-01-07 00:00:00-05:00,14.140864338157916,14.406453398991287,14.097794731713655,14.356206893920898,9714500,0.0,0.0
2010-01-08 00:00:00-05:00,14.291608421596276,14.399279733894259,14.169580569227891,14.191115379333496,3362600,0.0,0.0
2010-01-11 00:00:00-05:00,14.2054675277267,14.341850508887125,14.112151415233154,14.284425735473633,5180500,0.0,0.0
2010-01-12 00:00:00-05:00,14.133691764788146,14.284431340731295,13.767608177206757,13.889636039733887,5961600,0.0,0.0
2010-01-13 00:00:00-05:00,13.918340257767003,14.399273178248032,13.868093759511646,14.349026679992676,8627500,0.0,0.0
2010-01-14 00:00:00-05:00,14.262896378657732,14.743829506904243,14.212648489580646,14.700759887695312,10507800,0.0,0.0
2010-01-15 00:00:00-05:00,14.794075952473118,14.794075952473118,14.413635866063881,14.557198524475098,5765900,0.0,0.0
2010-01-19 00:00:00-05:00,14.542836908381808,14.973523364161908,14.463877336906348,14.916098594665527,4809100,0.0,0.0
2010-01-20 00:00:00-05:00,14.837144105092653,14.858678914447667,14.564376698837314,14.772541046142578,3656100,0.0,0.0
2010-01-21 00:00:00-05:00,14.894568894257722,15.074021531537936,14.55719842905231,14.772541046142578,7519000,0.0,0.0
2010-01-22 00:00:00-05:00,14.736645260732494,14.973522593858368,14.31313709406587,14.32031536102295,4988600,0.0,0.0
2010-01-25 00:00:00-05:00,14.320316769054228,14.564372393133713,14.234178926214296,14.327493667602539,3078800,0.0,0.0
2010-01-26 00:00:00-05:00,14.284424168604346,14.40645196986202,14.212642867432576,14.248534202575684,2451900,0.0,0.0
2010-01-27 00:00:00-05:00,14.313138501391354,14.349028470591163,14.133685917163179,14.327493667602539,3754300,0.0,0.0
2010-01-28 00:00:00-05:00,14.427989314563675,14.62179845116115,14.270070150322168,14.384921073913574,8085800,0.0,0.0
2010-01-29 00:00:00-05:00,14.67922561034328,14.722293857981906,13.688646330850556,14.15522289276123,13902000,0.0,0.0
2010-02-01 00:00:00-05:00,14.255717066714872,14.600265780510336,14.004483116154265,14.550019264221191,6403200,0.0,0.0
2010-02-02 00:00:00-05:00,14.550017552926844,14.951991005076941,14.377743216291087,14.937634468078613,5342000,0.0,0.0
2010-02-03 00:00:00-05:00,14.85149692309164,15.059661218233932,14.786893880330156,15.016592979431152,4060200,0.0,0.0
2010-02-04 00:00:00-05:00,14.937637964885832,14.980707585963144,14.370568311851699,14.37774658203125,5082300,0.0,0.0
2010-02-05 00:00:00-05:00,14.377740597466543,14.550014902723504,14.119328455023863,14.427987098693848,6642800,0.0,0.0
2010-02-08 00:00:00-05:00,14.499768242844999,14.765357280458906,14.370562173037385,14.399273872375488,5308200,0.0,0.0
2010-02-09 00:00:00-05:00,14.607441441975842,14.815605739312117,14.463878818967302,14.722290992736816,5198600,0.0,0.0
2010-02-10 00:00:00-05:00,14.751005329377769,14.801253214781799,14.427991423612603,14.550019264221191,4648900,0.0,0.0
2010-02-11 00:00:00-05:00,14.49259547823654,14.801254235719913,14.219826700831009,14.794075965881348,4979000,0.0,0.0
2010-02-12 00:00:00-05:00,14.636155509671505,15.095555156048938,14.571552455792098,15.066842079162598,6897900,0.0,0.0
2010-02-16 00:00:00-05:00,15.239110073688105,15.346781328849765,15.088370590284638,15.253466606140137,5185000,0.0,0.0
2010-02-17 00:00:00-05:00,15.43292491212351,15.590842720668562,15.081197950513076,15.475993156433105,8737600,0.0,0.0
2010-02-18 00:00:00-05:00,15.547771727501043,15.734402578665883,15.483168687901115,15.720046043395996,5113500,0.0,0.0
2010-02-19 00:00:00-05:00,15.791830855838164,15.791830855838164,15.54777517853693,15.633913040161133,6021600,0.0,0.0
2010-02-22 00:00:00-05:00,15.720049866996447,15.748762944520125,15.447282476095978,15.490350723266602,3436600,0.0,0.0
2010-02-23 00:00:00-05:00,15.533415339926743,15.6985127588711,15.468812299712553,15.64826488494873,7844000,0.0,0.0
2010-02-24 00:00:00-05:00,15.842075619117333,15.842075619117333,15.605198237244043,15.791829109191895,4450600,0.0,0.0
2010-02-25 00:00:00-05:00,15.576482554515136,15.885139803673534,15.519057790821206,15.849249839782715,5502300,0.0,0.0
2010-02-26 00:00:00-05:00,15.863609427639275,15.899499398440973,15.676978567418269,15.784649848937988,3581000,0.0,0.0
2010-03-01 00:00:00-05:00,15.791826937536102,15.842073440551758,15.626730893594802,15.842073440551758,4161100,0.0,0.0
2010-03-02 00:00:00-05:00,15.86361086581123,15.999995231628418,15.727226499994043,15.999995231628418,4527000,0.0,0.0
2010-03-03 00:00:00-05:00,16.078952343169735,16.078952343169735,15.676978911097022,15.748760223388672,4346000,0.0,0.0
2010-03-04 00:00:00-05:00,15.7128739501763,15.842080080148046,15.59084609066022,15.834901809692383,3637900,0.0,0.0
2010-03-05 00:00:00-05:00,15.892319889642142,16.308649816363562,15.806183418797445,16.150732040405273,6612400,0.0,0.0
2010-03-08 00:00:00-05:00,16.143550739624047,16.251221992505847,15.978454727264332,16.21533203125,4092500,0.0,0.0
2010-03-09 00:00:00-05:00,16.459394415604233,16.50246266076463,16.143557423160054,16.222517013549805,4807300,0.0,0.0
2010-03-10 00:00:00-05:00,16.26558326085678,16.46657066210999,16.208158484657954,16.430679321289062,6202400,0.0,0.0
2010-03-11 00:00:00-05:00,16.330183721472935,16.437854988670747,16.25840242030291,16.380430221557617,5317000,0.0,0.0
2010-03-12 00:00:00-05:00,16.373256079194984,16.430680860774267,16.078953902461812,16.337366104125977,4912300,0.0,0.0
2010-03-15 00:00:00-04:00,16.35890051613605,16.48810524473753,16.229694418419815,16.466571807861328,4146600,0.0,0.0
2010-03-16 00:00:00-04:00,16.502460931233248,16.84700959463585,16.47374922717371,16.610132217407227,5308800,0.0,0.0
2010-03-17 00:00:00-04:00,16.646024241728732,16.746517263731583,16.47374990296039,16.66037940979004,2047600,0.0,0.0
2010-03-18 00:00:00-04:00,16.58859878164124,16.689091799521663,16.488104394646136,16.610132217407227,3246900,0.0,0.0
2010-03-19 00:00:00-04:00,16.732157356761462,16.847006892810093,16.157909676518326,16.646020889282227,5535400,0.0,0.0
2010-03-22 00:00:00-04:00,16.610129332078607,16.717801968663565,16.488101530514843,16.703445434570312,4007500,0.0,0.0
2010-03-23 00:00:00-04:00,16.681915208074162,16.76087479812552,16.51681912807116,16.667558670043945,4296400,0.0,0.0
2010-03-24 00:00:00-04:00,16.660379585320925,16.660379585320925,16.323009172817788,16.466571807861328,5216300,0.0,0.0
2010-03-25 00:00:00-04:00,16.545529573898833,16.63166742639978,16.35890007019043,16.35890007019043,4242900,0.0,0.0
2010-03-26 00:00:00-04:00,16.315826277296928,16.595773199332747,16.294292846527195,16.38760757446289,4740400,0.0,0.0
2010-03-29 00:00:00-04:00,16.59577644227576,16.6962694564766,16.523995131083176,16.574241638183594,2757600,0.0,0.0
2010-03-30 00:00:00-04:00,16.61013458846691,16.674737643216176,16.466573309446783,16.595779418945312,2507200,0.0,0.0
2010-03-31 00:00:00-04:00,16.6388425842411,16.6388425842411,16.30147087489154,16.32300567626953,1810900,0.0,0.0
2010-04-01 00:00:00-04:00,16.437858680575477,16.531174803789423,16.16509131780381,16.229694366455078,5293400,0.0,0.0
2010-04-05 00:00:00-04:00,16.502463977633706,16.89008232235306,16.265586556676855,16.882904052734375,3926900,0.0,0.0
2010-04-06 00:00:00-04:00,16.760871731696,16.811118236494245,16.5742408787921,16.732158660888672,2575800,0.0,0.0
2010-04-07 00:00:00-04:00,16.631667022287896,16.753694845048983,16.459392690586593,16.610132217407227,2753000,0.0,0.0
2010-04-08 00:00:00-04:00,16.58142440312321,16.897261436557322,16.380436951098776,16.861370086669922,3594700,0.0,0.0
2010-04-09 00:00:00-04:00,16.85419188212324,16.890083232149976,16.588602737500427,16.63884925842285,4586300,0.0,0.0
2010-04-12 00:00:00-04:00,16.681915433073783,16.796765000634906,16.631668918405147,16.710628509521484,4188500,0.0,0.0
2010-04-13 00:00:00-04:00,16.689096550869625,16.954687076885495,16.68191828053243,16.83983612060547,4864900,0.0,0.0
2010-04-14 00:00:00-04:00,16.77522543890342,16.868540165065813,16.48810025569593,16.739334106445312,7223600,0.0,0.0
2010-04-15 00:00:00-04:00,16.796764493472477,17.076711503925463,16.624490147332452,17.047998428344727,6149500,0.0,0.0
2010-04-16 00:00:00-04:00,17.3494777076633,17.658136403790188,17.02646247471314,17.112600326538086,11403600,0.0,0.0
2010-04-19 00:00:00-04:00,17.327945816173337,17.40690541286393,16.574245304705617,16.882904052734375,7384200,0.0,0.0
2010-04-20 00:00:00-04:00,17.019283525270176,17.083886569275098,16.81111922612126,16.96185874938965,5044100,0.0,0.0
2010-04-21 00:00:00-04:00,16.925968247526246,17.004927825305856,16.653200912919264,16.940324783325195,5503600,0.0,0.0
2010-04-22 00:00:00-04:00,16.839829866394236,16.98339248158967,16.624487312715647,16.818296432495117,4366000,0.0,0.0
2010-04-23 00:00:00-04:00,16.78240782622273,16.918792195949564,16.66037999417552,16.897258758544922,3381700,0.0,0.0
2010-04-26 00:00:00-04:00,16.969037772166793,17.25616303345321,16.904434725288823,17.126956939697266,5217600,0.0,0.0
2010-04-27 00:00:00-04:00,17.34230113110766,17.528932020673196,16.646025456628998,16.710628509521484,5553100,0.0,0.0
2010-04-28 00:00:00-04:00,16.70344818053459,16.803941197479027,16.502460777531038,16.681913375854492,4538500,0.0,0.0
2010-04-29 00:00:00-04:00,16.71062440880755,17.012104791952243,16.54552699797713,16.976213455200195,4301700,0.0,0.0
2010-04-30 00:00:00-04:00,17.01210373503904,17.148486698880234,16.502457737738816,16.52399253845215,4453800,0.0,0.0
2010-05-03 00:00:00-04:00,16.717804546542443,17.27051750321637,16.696269742081903,17.1987361907959,4380800,0.0,0.0
2010-05-04 00:00:00-04:00,16.925970669964013,16.925970669964013,16.37325628463172,16.50246238708496,5609000,0.0,0.0
2010-05-05 00:00:00-04:00,16.502463469994108,16.710629175187677,16.33736738118776,16.423503875732422,4829400,0.0,0.0
2010-05-06 00:00:00-04:00,16.215333303479316,16.409142395341068,14.750999768231893,15.863606452941895,6513800,0.0,0.0
2010-05-07 00:00:00-04:00,15.684159521689185,15.849255606237053,15.059663791331571,15.397035598754883,8910000,0.0,0.0
2010-05-10 00:00:00-04:00,15.928214010980852,16.215337912509476,15.892322667593051,16.143556594848633,5715600,0.0,0.0
2010-05-11 00:00:00-04:00,16.07177158490663,16.509636289840767,15.956922050680372,16.380430221557617,6706300,0.0,0.0
2010-05-12 00:00:00-04:00,16.387612355014316,16.66037972087872,16.33018757435261,16.617311477661133,4342100,0.0,0.0
2010-05-13 00:00:00-04:00,16.41632220070826,16.480923868269702,15.842073137934872,15.885141372680664,5614600,0.0,0.0
2010-05-14 00:00:00-04:00,15.813367624861868,15.813367624861868,15.504708855338116,15.77029800415039,6836600,0.0,0.0
2010-05-17 00:00:00-04:00,15.921035667477566,16.172269593552397,15.598020424079246,16.129199981689453,6231100,0.0,0.0
2010-05-18 00:00:00-04:00,16.18662531246539,16.287119707783436,15.870789696079532,16.02870750427246,8955900,0.0,0.0
2010-05-19 00:00:00-04:00,15.992813515439504,16.21533431866704,15.720044842605601,15.8707857131958,6509200,0.0,0.0
2010-05-20 00:00:00-04:00,15.583665327066731,15.68415972825342,15.253473153622284,15.332432746887207,6243700,0.0,0.0
2010-05-21 00:00:00-04:00,15.095555137395147,15.59084339103875,14.90174597599642,15.397035598754883,7605000,0.0,0.0
2010-05-24 00:00:00-04:00,15.224754668025382,15.5980163247177,15.152974738681346,15.404207229614258,6999300,0.0,0.0
2010-05-25 00:00:00-04:00,14.987881770323956,15.33961009979248,14.715114398518034,15.33961009979248,7345600,0.0,0.0
2010-05-26 00:00:00-04:00,15.332434902363852,15.598024058495152,15.188872234266071,15.275010108947754,5614300,0.0,0.0
2010-05-27 00:00:00-04:00,15.511884490221632,15.64109059217583,15.361143581570134,15.57648754119873,4568000,0.0,0.0
2010-05-28 00:00:00-04:00,15.490350483511031,15.705693085146024,15.310897859110248,15.547775268554688,4812900,0.0,0.0
2010-06-01 00:00:00-04:00,15.425746712961162,15.777473676161799,15.260650634765625,15.260650634765625,5434500,0.0,0.0
2010-06-02 00:00:00-04:00,15.375501892975137,15.590844508329301,15.21758406632308,15.554954528808594,4623400,0.0,0.0
2010-06-03 00:00:00-04:00,15.52623349961444,15.806180399164592,15.475987006368435,15.590836524963379,5480300,0.0,0.0
2010-06-04 00:00:00-04:00,15.325251931775407,15.490347991072156,14.916100233033614,14.966346740722656,6262300,0.0,0.0
2010-06-07 00:00:00-04:00,14.987881158801615,15.081197281298858,14.621799044742406,14.643332481384277,4822200,0.0,0.0
2010-06-08 00:00:00-04:00,14.700756791120801,14.88020939267974,14.456701143471467,14.858675956726074,5984600,0.0,0.0
2010-06-09 00:00:00-04:00,14.901744197748103,15.296539373531893,14.765359837211195,14.858675956726074,4697600,0.0,0.0
2010-06-10 00:00:00-04:00,15.052484397092835,15.490349202538324,15.002237885474125,15.461637496948242,5299300,0.0,0.0
2010-06-11 00:00:00-04:00,15.28218816176658,15.4759959810907,15.19605028831082,15.468817710876465,4114500,0.0,0.0
2010-06-14 00:00:00-04:00,15.619555747676435,15.691337067378909,15.519062721561847,15.56930923461914,5172100,0.0,0.0
2010-06-15 00:00:00-04:00,15.641091770258733,16.07177698372542,15.641091770258733,15.978462219238281,6337100,0.0,0.0
2010-06-16 00:00:00-04:00,15.956919929042268,16.36607151146167,15.885138637416313,16.21533203125,6696700,0.0,0.0
2010-06-17 00:00:00-04:00,16.33736335286872,16.366075054265835,16.05023949332476,16.258403778076172,4492500,0.0,0.0
2010-06-18 00:00:00-04:00,16.315828083786375,16.366074586631534,16.093307270137302,16.150732040405273,5190100,0.0,0.0
2010-06-21 00:00:00-04:00,16.330187951996997,16.437859247088305,15.913857940293095,16.02870750427246,4369300,0.0,0.0
2010-06-22 00:00:00-04:00,16.23687032738598,16.394788107691944,15.698512577884136,15.813362121582031,6827600,0.0,0.0
2010-06-23 00:00:00-04:00,15.791831083703576,16.143558066274096,15.705693220836462,16.035886764526367,6748100,0.0,0.0
2010-06-24 00:00:00-04:00,16.10766685590785,16.480927248791,15.97128248727115,16.086132049560547,8898700,0.0,0.0
2010-06-25 00:00:00-04:00,16.057418555843547,16.086130258661978,15.54059421396549,15.784649848937988,8331700,0.0,0.0
2010-06-28 00:00:00-04:00,15.856428666682092,16.01434643014195,15.583660002661675,15.755935668945312,3902500,0.0,0.0
2010-06-29 00:00:00-04:00,15.526238297991481,15.669800925160256,15.224757876228798,15.37549877166748,7209700,0.0,0.0
2010-06-30 00:00:00-04:00,15.318073656748762,15.61237580375005,15.12426452508021,15.188867568969727,5351600,0.0,0.0
2010-07-01 00:00:00-04:00,15.24628833991412,15.339604431738039,14.916096308203123,15.253466606140137,4812200,0.0,0.0
2010-07-02 00:00:00-04:00,15.368324887461828,15.43292795120538,14.9591730631627,15.038132667541504,4360800,0.0,0.0
2010-07-06 00:00:00-04:00,15.19604407412607,15.4400996851471,14.966344997662627,15.117084503173828,4509900,0.0,0.0
2010-07-07 00:00:00-04:00,15.21039994613579,15.641086380301775,15.145796912555172,15.605195045471191,4906900,0.0,0.0
2010-07-08 00:00:00-04:00,15.676977157592773,15.69851195960595,15.397031576993994,15.676977157592773,7320700,0.0,0.0
2010-07-09 00:00:00-04:00,15.720046247906662,16.23687057142973,15.590840167025895,16.200979232788086,6198200,0.0,0.0
2010-07-12 00:00:00-04:00,15.576487405921785,16.63166828085915,15.576487405921785,16.337366104125977,5398000,0.0,0.0
2010-07-13 00:00:00-04:00,16.473746039235454,16.617307269981094,16.40914300620987,16.52399253845215,4888000,0.0,0.0
2010-07-14 00:00:00-04:00,16.55270598449159,16.617309024337576,16.08612953935967,16.27276039123535,6877500,0.0,0.0
2010-07-15 00:00:00-04:00,16.30865232853514,16.58859932468951,16.086131480609133,16.509639739990234,5759000,0.0,0.0
2010-07-16 00:00:00-04:00,15.885144004132636,15.964103588508712,14.908922763196683,14.937634468078613,18020100,0.0,0.0
2010-07-19 00:00:00-04:00,14.973523953922363,15.346784285793143,14.973523953922363,15.267826080322266,8019000,0.0,0.0
2010-07-20 00:00:00-04:00,14.772542204732032,15.253475365126505,14.772542204732032,15.181694030761719,6841900,0.0,0.0
2010-07-21 00:00:00-04:00,15.16733605108806,15.203227399422856,14.76536253354298,14.829965591430664,5229200,0.0,0.0
2010-07-22 00:00:00-04:00,14.980700547736028,15.375495638323574,14.944809213700722,15.109905242919922,5269000,0.0,0.0
2010-07-23 00:00:00-04:00,15.13862272631994,15.38985666139832,15.03812969993451,15.246294021606445,4876600,0.0,0.0
2010-07-26 00:00:00-04:00,15.217580261510301,15.662621920400264,15.131442415436485,15.641088485717773,4210700,0.0,0.0
2010-07-27 00:00:00-04:00,15.741583129746633,15.741583129746633,15.368321373272273,15.461637496948242,3045700,0.0,0.0
2010-07-28 00:00:00-04:00,15.475991789216815,15.547773102801202,15.231936144498706,15.37549877166748,3699000,0.0,0.0
2010-07-29 00:00:00-04:00,15.483172106359474,15.61237821408615,15.095555152294304,15.296541213989258,4426900,0.0,0.0
2010-07-30 00:00:00-04:00,15.066839749302268,15.432923208304647,14.987880169189602,15.188867568969727,6079500,0.0,0.0
2010-08-02 00:00:00-04:00,15.375494740270286,15.64108512016131,15.282180015457628,15.4329195022583,4106300,0.0,0.0
2010-08-03 00:00:00-04:00,15.346785398930011,15.461636319891287,15.13144283149626,15.196045875549316,3900300,0.0,0.0
2010-08-04 00:00:00-04:00,15.196040705833108,15.669795288307053,15.196040705833108,15.619548797607422,3229000,0.0,0.0
2010-08-05 00:00:00-04:00,15.590839932692123,15.82054038920247,15.526236893222737,15.813362121582031,3645200,0.0,0.0
2010-08-06 00:00:00-04:00,15.576486190629987,15.877966612678136,15.576486190629987,15.827718734741211,5212500,0.0,0.0
2010-08-09 00:00:00-04:00,15.935393732110471,16.07895501140248,15.863612407907024,16.035886764526367,2565400,0.0,0.0
2010-08-10 00:00:00-04:00,15.94257063232742,16.165092874269597,15.870790677238857,16.035886764526367,4965500,0.0,0.0
2010-08-11 00:00:00-04:00,15.7918275007835,15.856430540997689,15.605196647844128,15.64826488494873,7365600,0.0,0.0
2010-08-12 00:00:00-04:00,15.382676240523676,15.691334914515757,15.339608002257105,15.626731872558594,3848600,0.0,0.0
2010-08-13 00:00:00-04:00,15.519058580106654,15.799004146213049,15.519058580106654,15.605195045471191,3281400,0.0,0.0
2010-08-16 00:00:00-04:00,15.526242010676462,15.662626402188005,15.34678936836154,15.583666801452637,2884600,0.0,0.0
2010-08-17 00:00:00-04:00,15.77747505789118,16.093312073183792,15.626735504367504,15.928215980529785,2488000,0.0,0.0
2010-08-18 00:00:00-04:00,15.87796690682914,16.179447334462438,15.6985143039311,16.007171630859375,2737900,0.0,0.0
2010-08-19 00:00:00-04:00,15.942562538868282,15.956919070243659,15.404204934319326,15.619548797607422,3348800,0.0,0.0
2010-08-20 00:00:00-04:00,15.325252251435419,15.626732672972711,15.325252251435419,15.59801959991455,2727400,0.0,0.0
2010-08-23 00:00:00-04:00,15.641093457787983,15.892326069710924,15.375502936321523,15.468817710876465,3367200,0.0,0.0
2010-08-24 00:00:00-04:00,15.34678697206665,15.36114350979777,15.081197869614874,15.231937408447266,4468500,0.0,0.0
2010-08-25 00:00:00-04:00,15.239115759058128,15.511884500953437,15.07401968160901,15.475993156433105,4773500,0.0,0.0
2010-08-26 00:00:00-04:00,15.468816169030816,15.619557090274615,15.203227043151855,15.203227043151855,4358200,0.0,0.0
2010-08-27 00:00:00-04:00,15.282182615540446,15.52623686867672,15.06683869461142,15.267826080322266,7786200,0.0,0.0
2010-08-30 00:00:00-04:00,15.196048824122654,15.31807666777676,14.973527945382202,14.980706214904785,4425900,0.0,0.0
2010-08-31 00:00:00-04:00,14.858677748196067,15.196048186921411,14.786896425095074,15.066842079162598,7629500,0.0,0.0
2010-09-01 00:00:00-04:00,15.267829671326535,15.46881573519489,15.16733527027748,15.224760055541992,8433800,0.0,0.0
2010-09-02 00:00:00-04:00,15.260651343336407,15.56213180709432,15.152980042518912,15.547775268554688,4622400,0.0,0.0
2010-09-03 00:00:00-04:00,15.684157179237653,15.784650194977168,15.490348046784598,15.748760223388672,3543200,0.0,0.0
2010-09-07 00:00:00-04:00,15.712872713852567,15.72722925363429,15.46881701402325,15.519064903259277,2655100,0.0,0.0
2010-09-08 00:00:00-04:00,15.583664403267798,15.74876184931793,15.540596159092232,15.56930923461914,2678100,0.0,0.0
2010-09-09 00:00:00-04:00,15.755941113468449,15.906680662162222,15.698516327902029,15.806187629699707,3949000,0.0,0.0
2010-09-10 00:00:00-04:00,15.870789802623507,15.913858047126197,15.784651944503322,15.82054328918457,2192000,0.0,0.0
2010-09-13 00:00:00-04:00,15.856431807848026,15.96410309376922,15.669800939997772,15.827718734741211,3347100,0.0,0.0
2010-09-14 00:00:00-04:00,15.777473079612207,15.820542691602855,15.490349178581658,15.684158325195312,5012800,0.0,0.0
2010-09-15 00:00:00-04:00,15.720046314073294,15.935390239485827,15.583661964890148,15.89232063293457,3811900,0.0,0.0
2010-09-16 00:00:00-04:00,15.870790292692066,16.10766769844352,15.827720677744637,16.064598083496094,3972500,0.0,0.0
2010-09-17 00:00:00-04:00,16.143550739624047,16.50963409471358,16.11483904444222,16.21533203125,6476400,0.0,0.0
2010-09-20 00:00:00-04:00,16.30865404937851,16.689094106846035,16.265585802777526,16.581422805786133,3878500,0.0,0.0
2010-09-21 00:00:00-04:00,16.552703540467064,16.66037480127441,16.315826219045157,16.473745346069336,4659900,0.0,0.0
2010-09-22 00:00:00-04:00,16.459389505426564,16.617307269981094,16.31582690556651,16.52399253845215,5157800,0.0,0.0
2010-09-23 00:00:00-04:00,16.394791293043976,16.839833019062056,16.34454477905305,16.667558670043945,4587600,0.0,0.0
2010-09-24 00:00:00-04:00,16.868544907343075,17.083887486173904,16.85418837032376,17.05517578125,4302100,0.0,0.0
2010-09-27 00:00:00-04:00,16.904435830814627,17.112601521949543,16.689093239881434,16.72498321533203,7089400,0.0,0.0
2010-09-28 00:00:00-04:00,16.832653199626293,17.062352291810335,16.595775839672175,16.9833927154541,4605200,0.0,0.0
2010-09-29 00:00:00-04:00,16.93315300875592,17.040824330307373,16.72498726718999,16.90443992614746,3366200,0.0,0.0
2010-09-30 00:00:00-04:00,16.918795725199523,17.069536664050442,16.581425234041866,16.83983612060547,4834400,0.0,0.0
2010-10-01 00:00:00-04:00,16.997748639699378,17.08388511161335,16.84700776017812,16.94750213623047,3578800,0.0,0.0
2010-10-04 00:00:00-04:00,16.940326562517928,17.047997854089225,16.617311318689282,16.6890926361084,4528000,0.0,0.0
2010-10-05 00:00:00-04:00,16.947502602208555,17.32794120699889,16.933146066789977,17.277694702148438,9208400,0.0,0.0
2010-10-06 00:00:00-04:00,17.22745364083139,17.23463191080887,16.796767025987602,16.861370086669922,4790800,0.0,0.0
2010-10-07 00:00:00-04:00,16.990570983224174,17.098242261546122,16.85418663382193,16.9833927154541,2853700,0.0,0.0
2010-10-08 00:00:00-04:00,16.99057332729213,17.248985526207758,16.83983242155309,17.191560745239258,3711700,0.0,0.0
2010-10-11 00:00:00-04:00,17.15566521554561,17.327939516417086,17.14130868152771,17.22026824951172,2521300,0.0,0.0
2010-10-12 00:00:00-04:00,17.227448731138928,17.227448731138928,16.79676223903753,17.177202224731445,6761300,0.0,0.0
2010-10-13 00:00:00-04:00,17.277694482831492,17.543284908245603,17.23462624623702,17.43561363220215,4496800,0.0,0.0
2010-10-14 00:00:00-04:00,17.414084139449944,17.478687198598436,17.15567190285598,17.227453231811523,4236700,0.0,0.0
2010-10-15 00:00:00-04:00,16.157915432308975,16.366079777131723,15.799010162028765,16.11484718322754,18083400,0.0,0.0
2010-10-18 00:00:00-04:00,16.430678244762216,16.58141912810435,16.100486145531605,16.186622619628906,7228400,0.0,0.0
2010-10-19 00:00:00-04:00,16.22251677642513,16.48092761272515,16.078954135835826,16.27994155883789,6739600,0.0,0.0
2010-10-20 00:00:00-04:00,16.373256196210562,16.509640566854106,16.01435096649634,16.02870750427246,7331100,0.0,0.0
2010-10-21 00:00:00-04:00,16.15791243397491,16.53117417438981,16.086131119415935,16.31583023071289,14280600,0.0,0.0
2010-10-22 00:00:00-04:00,16.387612198239914,16.732160878913966,16.351722224087734,16.6890926361084,8058100,0.0,0.0
2010-10-25 00:00:00-04:00,16.832653579865745,17.06953094517078,16.739337465861407,16.954681396484375,4629600,0.0,0.0
2010-10-26 00:00:00-04:00,16.94750282026199,17.004927593560588,16.73215889355632,16.77522850036621,4053200,0.0,0.0
2010-10-27 00:00:00-04:00,16.602951529410056,16.83265197398341,16.55988329504014,16.81111717224121,2711100,0.0,0.0
2010-10-28 00:00:00-04:00,16.925969410229072,16.933147678621648,16.602954178136745,16.653202056884766,2978500,0.0,0.0
2010-10-29 00:00:00-04:00,16.710625304486626,16.80394004681456,16.595775758953213,16.74651527404785,3013400,0.0,0.0
2010-11-01 00:00:00-04:00,16.861367424260795,17.033641769173197,16.667558272816297,16.796764373779297,3072800,0.0,0.0
2010-11-02 00:00:00-04:00,17.004930153521386,17.399725358243263,16.94032710269565,17.270519256591797,4127900,0.0,0.0
2010-11-03 00:00:00-04:00,17.241808507963828,17.392548055520955,16.89725979716336,17.040821075439453,4309000,0.0,0.0
2010-11-04 00:00:00-04:00,17.21309704523907,17.392549686751025,17.026466133772836,17.320768356323242,6563300,0.0,0.0
2010-11-05 00:00:00-04:00,17.28487258510068,17.371010426580174,17.026460429776737,17.18437957763672,3764200,0.0,0.0
2010-11-08 00:00:00-05:00,17.15566925022376,17.284875348542723,17.04081968929907,17.1628475189209,2571200,0.0,0.0
2010-11-09 00:00:00-05:00,17.191562159526637,17.191562159526637,16.87572515365975,16.969039916992188,2131800,0.0,0.0
2010-11-10 00:00:00-05:00,17.033639678535607,17.119777524977007,16.83265365203005,17.091064453125,2159400,0.0,0.0
2010-11-11 00:00:00-05:00,16.98339219359426,17.191557845186225,16.861364383481792,17.18437957763672,3249500,0.0,0.0
2010-11-12 00:00:00-05:00,17.16284445734128,17.2274474949766,16.882898873664555,17.004926681518555,3741300,0.0,0.0
2010-11-15 00:00:00-05:00,17.01928951835103,17.134140479669735,16.868549942002023,16.90443992614746,2101800,0.0,0.0
2010-11-16 00:00:00-05:00,16.940327448790335,18.117536187239118,16.925970910732463,17.46432876586914,10617900,0.0,0.0
2010-11-17 00:00:00-05:00,17.356651335833114,17.94525549707901,17.34229480284801,17.88783073425293,6777000,0.0,0.0
2010-11-18 00:00:00-05:00,17.981153708924072,18.167784616000635,17.9380854593264,18.02422332763672,6639300,0.0,0.0
2010-11-19 00:00:00-05:00,17.988323372583665,18.103172895973504,17.729912629513688,18.01703643798828,19360200,0.0,0.0
2010-11-22 00:00:00-05:00,17.945258716158953,18.1534243744414,17.873477407471402,18.074464797973633,12298700,0.0,0.0
2010-11-23 00:00:00-05:00,17.92372745849712,18.196496211646124,17.851947504724613,18.131893157958984,4293700,0.0,0.0
2010-11-24 00:00:00-05:00,18.239566948574854,18.648718765058334,18.203676966787373,18.268280029296875,6688000,0.0,0.0
2010-11-26 00:00:00-05:00,18.24673844554941,18.59846533914255,18.15342370607145,18.46925926208496,5939500,0.0,0.0
2010-11-29 00:00:00-05:00,18.261094375530742,18.56975302291598,18.232381306418397,18.433368682861328,4758500,0.0,0.0
2010-11-30 00:00:00-05:00,18.28262924705353,18.698959198145335,18.275450979210532,18.548219680786133,13121900,0.0,0.0
2010-12-01 00:00:00-05:00,18.807791547214592,19.282435664767927,18.807791547214592,19.0006160736084,5631000,0.83,0.0
2010-12-02 00:00:00-05:00,18.88937370510843,19.148945286606104,18.88937370510843,18.963537216186523,4847300,0.0,0.0
2010-12-03 00:00:00-05:00,18.941288583506346,19.33435277566403,18.91903910648654,19.297271728515625,3693100,0.0,0.0
2010-12-06 00:00:00-05:00,19.33435346591419,19.33435346591419,19.082198375559354,19.089614868164062,3052400,0.0,0.0
2010-12-07 00:00:00-05:00,19.237939308418596,19.37143332827885,18.97836776030712,19.022865295410156,3516900,0.0,0.0
2010-12-08 00:00:00-05:00,19.03769762033215,19.126694102011996,18.904203605087925,18.956117630004883,2877800,0.0,0.0
2010-12-09 00:00:00-05:00,19.022863975195182,19.089610980492967,18.733627895272132,18.88936996459961,3044200,0.0,0.0
2010-12-10 00:00:00-05:00,18.93387010123497,19.119278146593338,18.73362907275566,18.896787643432617,2656100,0.0,0.0
2010-12-13 00:00:00-05:00,19.460432760853745,19.4678492541253,18.79296392647974,18.837461471557617,3478000,0.0,0.0
2010-12-14 00:00:00-05:00,18.941282297446925,18.993196312046454,18.77812234921891,18.88195037841797,2910700,0.0,0.0
2010-12-15 00:00:00-05:00,18.896788269471912,18.93387072850278,18.644633206266693,18.748462677001953,3632000,0.0,0.0
2010-12-16 00:00:00-05:00,18.837457215406552,18.91162071681409,18.570470590711007,18.80779266357422,3106100,0.0,0.0
2010-12-17 00:00:00-05:00,18.822619780281613,19.07477477669676,18.65204475757454,19.030277252197266,4782700,0.0,0.0
2010-12-20 00:00:00-05:00,19.030277252197266,19.13410528087969,18.919032733673124,19.030277252197266,16342100,0.0,0.0
2010-12-21 00:00:00-05:00,19.08219994375666,19.289857510100102,19.000621347503277,19.1860294342041,3129500,0.0,0.0
2010-12-22 00:00:00-05:00,19.2379417480479,19.801582450851104,19.215692270399277,19.453014373779297,5775400,0.0,0.0
2010-12-23 00:00:00-05:00,19.4975060924129,19.4975060924129,19.097024130687878,19.193435668945312,1542100,0.0,0.0
2010-12-27 00:00:00-05:00,19.237937710091213,19.30468471447586,18.993199165531173,19.200855255126953,1165400,0.0,0.0
2010-12-28 00:00:00-05:00,19.200857066030082,19.304686535171527,18.919037454477362,19.059947967529297,1615800,0.0,0.0
2010-12-29 00:00:00-05:00,19.111860778988127,19.16377480298067,18.993199748562017,19.06736183166504,1313900,0.0,0.0
2010-12-30 00:00:00-05:00,19.052532988211112,19.17119403560528,18.9709529876709,18.9709529876709,1789900,0.0,0.0
2010-12-31 00:00:00-05:00,18.978371754977996,19.0451187789574,18.830044720679002,18.859710693359375,1992500,0.0,0.0
2011-01-03 00:00:00-05:00,19.037699861519037,19.193441954604427,19.03028336929336,19.119279861450195,3735800,0.0,0.0
2011-01-04 00:00:00-05:00,19.111862288197432,19.23052332799387,18.59271917817465,18.748462677001953,5322400,0.0,0.0
2011-01-05 00:00:00-05:00,18.659464398880033,18.94870047880308,18.555636352661715,18.88936996459961,2288000,0.0,0.0
2011-01-06 00:00:00-05:00,18.830042292676026,18.85970826153118,18.31090056867213,18.429561614990234,6187000,0.0,0.0
2011-01-07 00:00:00-05:00,18.555643859034898,18.637222464971526,17.858508974216644,17.93267250061035,5939400,0.0,0.0
2011-01-10 00:00:00-05:00,17.917832538617972,17.917832538617972,17.509935424037728,17.725008010864258,6099700,0.0,0.0
2011-01-11 00:00:00-05:00,17.769498811807633,17.89557628547791,17.69533675692555,17.82883071899414,3923800,0.0,0.0
2011-01-12 00:00:00-05:00,17.821423112537495,17.98458169496471,17.569268039526467,17.76209259033203,4575200,0.0,0.0
2011-01-13 00:00:00-05:00,17.76209013094967,17.90299921758251,17.695343125891576,17.836252212524414,2767800,0.0,0.0
2011-01-14 00:00:00-05:00,17.576684531621055,17.843671174270025,17.369026996626317,17.76209259033203,6533800,0.0,0.0
2011-01-18 00:00:00-05:00,17.717593707386065,17.754676168004714,17.547018632193986,17.687929153442383,6296900,0.0,0.0
2011-01-19 00:00:00-05:00,17.725011645022207,17.732428137750766,17.539603570462244,17.673097610473633,2767000,0.0,0.0
2011-01-20 00:00:00-05:00,17.695344991983923,17.71759305298214,17.487687463843077,17.62118148803711,3453600,0.0,0.0
2011-01-21 00:00:00-05:00,17.658266815434633,17.68051629638025,17.36161414225071,17.43577766418457,3600700,0.0,0.0
2011-01-24 00:00:00-05:00,17.45060340723083,17.591512484403054,17.376439916084383,17.53959846496582,3941700,0.0,0.0
2011-01-25 00:00:00-05:00,17.47285590995049,17.621182929981746,17.354194859746002,17.60634994506836,2807000,0.0,0.0
2011-01-26 00:00:00-05:00,17.57668802099791,17.865924197350672,17.56185503386405,17.799177169799805,2868200,0.0,0.0
2011-01-27 00:00:00-05:00,17.84366762445129,18.0809896660603,17.799170095287334,18.014244079589844,2464000,0.0,0.0
2011-01-28 00:00:00-05:00,18.0439159978495,18.103246532486285,17.420944676887494,17.43577766418457,2820200,0.0,0.0
2011-01-31 00:00:00-05:00,17.450603158906397,17.762088685648255,17.369023178351103,17.561847686767578,2663800,0.0,0.0
2011-02-01 00:00:00-05:00,17.710174634902042,17.969746163208253,17.628596062529425,17.910415649414062,4603300,0.0,0.0
2011-02-02 00:00:00-05:00,18.55564050069263,18.778129625054344,18.029080831694582,18.073579788208008,9228900,0.0,0.0
2011-02-03 00:00:00-05:00,18.095826374322385,18.71879756912892,18.058745328140354,18.59272003173828,5521000,0.0,0.0
2011-02-04 00:00:00-05:00,18.548218114656137,18.792956639514337,18.45180515406148,18.72620964050293,3552900,0.0,0.0
2011-02-07 00:00:00-05:00,18.652052923851652,18.889375044488187,18.518558877355744,18.822628021240234,3537800,0.0,0.0
2011-02-08 00:00:00-05:00,18.800378623455767,18.97837020131241,18.6743010789884,18.963537216186523,2502600,0.0,0.0
2011-02-09 00:00:00-05:00,18.904203268466905,19.12669376142916,18.88195379480536,19.06736183166504,2752300,0.0,0.0
2011-02-10 00:00:00-05:00,19.037697810799887,19.119277801943344,18.748461717911052,19.008031845092773,2622400,0.0,0.0
2011-02-11 00:00:00-05:00,18.92645307914566,18.978367104062613,18.718795564926744,18.956117630004883,2300600,0.0,0.0
2011-02-14 00:00:00-05:00,18.904201836688287,18.94128428998229,18.644630321834118,18.792957305908203,2266300,0.0,0.0
2011-02-15 00:00:00-05:00,18.681716820727786,18.77071189880371,18.474059280965196,18.77071189880371,2999300,0.0,0.0
2011-02-16 00:00:00-05:00,18.785545638329886,19.08961476065389,18.733631604940612,18.963537216186523,3731400,0.0,0.0
2011-02-17 00:00:00-05:00,18.96353653587929,19.20085863117433,18.81521093359552,19.171194076538086,3204000,0.0,0.0
2011-02-18 00:00:00-05:00,19.14152569561763,19.178608152429828,18.933869595673695,18.941286087036133,4341400,0.0,0.0
2011-02-22 00:00:00-05:00,18.858971103490962,19.031096285615167,18.641942582842688,18.75419807434082,3141800,0.23,0.0
2011-02-23 00:00:00-05:00,18.769160685758905,18.769160685758905,18.260267741857998,18.612003326416016,5248500,0.0,0.0
2011-02-24 00:00:00-05:00,18.61200834062406,18.641942472056193,18.148017170474922,18.432397842407227,4055400,0.0,0.0
2011-02-25 00:00:00-05:00,18.45484489038725,18.724259142844353,18.35007331550089,18.64942169189453,3438000,0.0,0.0
2011-02-28 00:00:00-05:00,18.671878141858734,18.829035544474916,18.59704067172464,18.75419807434082,3440000,0.0,0.0
2011-03-01 00:00:00-05:00,18.746707917168894,18.95625247800801,18.582066679841724,18.597034454345703,4381000,0.0,0.0
2011-03-02 00:00:00-05:00,18.626970208923,18.82903090022423,18.514714745113096,18.769161224365234,3188000,0.0,0.0
2011-03-03 00:00:00-05:00,18.888898428823317,19.218182322318146,18.888898428823317,19.14334487915039,3182500,0.0,0.0
2011-03-04 00:00:00-05:00,19.120894219928235,19.16579754462516,18.881415531166947,19.09844398498535,3223900,0.0,0.0
2011-03-07 00:00:00-05:00,19.225673376077978,19.300510847142696,18.791617756789847,18.986194610595703,3107100,0.0,0.0
2011-03-08 00:00:00-05:00,18.843996533884866,19.225666209375472,18.731741082835985,19.14334487915039,2723900,0.0,0.0
2011-03-09 00:00:00-05:00,19.12837791442871,19.263085032349533,18.896383115457052,19.12837791442871,3056900,0.0,0.0
2011-03-10 00:00:00-05:00,18.918837498322745,18.971223290068835,18.69432512703209,18.76167869567871,3847700,0.0,0.0
2011-03-11 00:00:00-05:00,18.731744569283418,18.851483929676125,18.61200520889071,18.76167869567871,2641300,0.0,0.0
2011-03-14 00:00:00-04:00,18.612008109044446,18.873937108589097,18.462333171528083,18.716779708862305,3143100,0.0,0.0
2011-03-15 00:00:00-04:00,18.28271992154855,18.664389640258985,18.260268257834174,18.567100524902344,3217200,0.0,0.0
2011-03-16 00:00:00-04:00,18.41742769801765,18.469813487791505,18.095627643800288,18.2827205657959,4653200,0.0,0.0
2011-03-17 00:00:00-04:00,18.57458957265181,18.604525132586797,18.29769278028351,18.350078582763672,3420600,0.0,0.0
2011-03-18 00:00:00-04:00,18.46233203856523,18.54465339188808,18.26027131353963,18.43988037109375,6149200,0.0,0.0
2011-03-21 00:00:00-04:00,18.664387170918282,18.85148006156829,18.522196174350743,18.559614181518555,4567200,0.0,0.0
2011-03-22 00:00:00-04:00,18.58955054094424,18.62696854974602,18.372522093158423,18.394973754882812,4138400,0.0,0.0
2011-03-23 00:00:00-04:00,18.394974865526546,18.671873000556968,18.245299966471354,18.612003326416016,3028500,0.0,0.0
2011-03-24 00:00:00-04:00,18.649417487438534,18.941281910196658,18.409938840313373,18.90386390686035,3132800,0.0,0.0
2011-03-25 00:00:00-04:00,18.97122229343781,19.113413311711472,18.81406349904993,18.858966827392578,2602400,0.0,0.0
2011-03-28 00:00:00-04:00,18.92631965860949,19.016123457001147,18.72425897111981,18.73174285888672,2337200,0.0,0.0
2011-03-29 00:00:00-04:00,18.716775346001814,18.784128909443535,18.559616555502583,18.709291458129883,3075300,0.0,0.0
2011-03-30 00:00:00-04:00,18.746712196072192,18.784131640873067,18.62697282752113,18.694326400756836,3540000,0.0,0.0
2011-03-31 00:00:00-04:00,18.709290004207947,18.76915967512519,18.612002324244507,18.656904220581055,3227900,0.0,0.0
2011-04-01 00:00:00-04:00,18.74670515255613,19.061021233759238,18.72425492151648,18.90386390686035,3418900,0.0,0.0
2011-04-04 00:00:00-04:00,18.99366970080793,19.02360524857701,18.85148013112126,18.963735580444336,2053700,0.0,0.0
2011-04-05 00:00:00-04:00,18.903865751553557,19.083474754424184,18.85147997080864,19.046056747436523,3565400,0.0,0.0
2011-04-06 00:00:00-04:00,19.150826307959953,19.337919178160888,18.978701209952373,19.1358585357666,4309500,0.0,0.0
2011-04-07 00:00:00-04:00,19.068502650561665,19.31546515185384,18.98618276840104,19.188241958618164,3474300,0.0,0.0
2011-04-08 00:00:00-04:00,19.270575287754394,19.307993309583736,18.903873249683908,18.986194610595703,3372900,0.0,0.0
2011-04-11 00:00:00-04:00,19.068511683595744,19.382827872991534,19.016125889930752,19.29302406311035,4198100,0.0,0.0
2011-04-12 00:00:00-04:00,19.203218938924934,19.480117113735385,18.85896862000982,18.948772430419922,5929100,0.0,0.0
2011-04-13 00:00:00-04:00,19.023607802116643,19.06102581444513,18.829030997716032,19.031091690063477,4125200,0.0,0.0
2011-04-14 00:00:00-04:00,18.85896636562084,19.263086318969727,18.85148247774698,19.263086318969727,5443100,0.0,0.0
2011-04-15 00:00:00-04:00,19.839335088765264,20.752348101844525,19.816883422597236,20.05636215209961,12554500,0.0,0.0
2011-04-18 00:00:00-04:00,19.809400865777878,19.831852533455468,19.427731079694365,19.63727569580078,4725300,0.0,0.0
2011-04-19 00:00:00-04:00,20.018941340335665,20.018941340335665,19.667207183922894,19.861783981323242,4306200,0.0,0.0
2011-04-20 00:00:00-04:00,20.018941253662774,20.206034162575513,19.936619916971374,20.153648376464844,5883600,0.0,0.0
2011-04-21 00:00:00-04:00,20.13119725125714,20.17609915092201,19.584886285216694,19.95907211303711,5414600,0.0,0.0
2011-04-25 00:00:00-04:00,19.869266795558126,20.063843596424782,19.78694688444944,19.899202346801758,2235800,0.0,0.0
2011-04-26 00:00:00-04:00,20.048876881607615,20.07132711722418,19.846816196624804,20.011457443237305,4192300,0.0,0.0
2011-04-27 00:00:00-04:00,20.078811473569427,20.198550824338085,19.951588234952027,20.1611328125,3323500,0.0,0.0
2011-04-28 00:00:00-04:00,20.206032705602283,20.310804270268974,20.01145592307449,20.250934600830078,3200000,0.0,0.0
2011-04-29 00:00:00-04:00,20.273390557818786,20.273390557818786,19.989008497172968,19.996492385864258,5937700,0.0,0.0
2011-05-02 00:00:00-04:00,20.08629892213533,20.146168608132815,19.861787956496247,19.98152732849121,3898000,0.0,0.0
2011-05-03 00:00:00-04:00,19.89171681277977,20.071325823160414,19.689656140824468,19.727075576782227,3500000,0.0,0.0
2011-05-04 00:00:00-04:00,19.824368854253645,20.026429583274876,19.71959725879342,20.018945693969727,8446800,0.0,0.0
2011-05-05 00:00:00-04:00,19.944104600224,20.0563600645686,19.77946334767897,19.936620712280273,4000000,0.0,0.0
2011-05-06 00:00:00-04:00,20.018942602403687,20.168617510580205,19.809398016437704,19.94410514831543,4336700,0.0,0.0
2011-05-09 00:00:00-04:00,20.026429583274876,20.093783159615285,19.876754651983756,20.018945693969727,3713000,0.0,0.0
2011-05-10 00:00:00-04:00,20.108749389648438,20.146167405886686,20.003976374850865,20.108749389648438,2046100,0.0,0.0
2011-05-11 00:00:00-04:00,20.161131698953643,20.198549708725043,19.727076219539754,19.794429779052734,2605000,0.0,0.0
2011-05-12 00:00:00-04:00,19.712109354698068,20.13119707858877,19.712109354698068,20.041393280029297,2600000,0.0,0.0
2011-05-13 00:00:00-04:00,20.07880915602295,20.07880915602295,19.786944700637786,19.869264602661133,2101900,0.0,0.0
2011-05-16 00:00:00-04:00,19.779462004181944,19.869265798595535,19.659722660026773,19.794429779052734,2811400,0.0,0.0
2011-05-17 00:00:00-04:00,19.771981434748774,20.04139571801201,19.674693736573616,19.996492385864258,4267000,0.0,0.0
2011-05-18 00:00:00-04:00,20.00397554845028,20.108748558919494,19.854302062274755,20.07132911682129,2777300,0.0,0.0
2011-05-19 00:00:00-04:00,20.168616506019085,20.24345252897419,19.996489941967678,20.19106674194336,3252700,0.0,0.0
2011-05-20 00:00:00-04:00,20.183582219290916,20.183582219290916,19.86926607958713,19.97403907775879,2026600,0.0,0.0
2011-05-23 00:00:00-04:00,19.838164286534862,19.98913879378995,19.73248054766163,19.868358612060547,2509500,0.23,0.0
2011-05-24 00:00:00-04:00,19.943845363653914,19.98158862820186,19.702285014995283,19.883455276489258,2828600,0.0,0.0
2011-05-25 00:00:00-04:00,19.81551693560571,20.01933402678428,19.724931081810805,19.8985538482666,2398800,0.0,0.0
2011-05-26 00:00:00-04:00,19.656992729604436,19.891004136438802,19.58150476100241,19.777772903442383,2415800,0.0,0.0
2011-05-27 00:00:00-04:00,19.74002364703416,19.853254853918596,19.634341379250408,19.709829330444336,1762100,0.0,0.0
2011-05-31 00:00:00-04:00,19.709833654430117,19.928747177124023,19.70228471367333,19.928747177124023,3902100,0.0,0.0
2011-06-01 00:00:00-04:00,19.94384126227803,20.20049943990035,19.71737884193502,19.73247528076172,3428900,0.0,0.0
2011-06-02 00:00:00-04:00,19.702280963295365,19.84570793074618,19.664536266696224,19.73247528076172,2414500,0.0,0.0
2011-06-03 00:00:00-04:00,19.498464485212903,19.62679357773678,19.32484319527266,19.39278221130371,3425900,0.0,0.0
2011-06-06 00:00:00-04:00,19.34749328824451,19.460725969094966,19.2040677215104,19.42298126220703,2686100,0.0,0.0
2011-06-07 00:00:00-04:00,19.483371662910567,19.566408579569732,19.36259147857726,19.377689361572266,2868100,0.0,0.0
2011-06-08 00:00:00-04:00,19.324842948707182,19.324842948707182,19.000245751769913,19.0455379486084,3208800,0.0,0.0
2011-06-09 00:00:00-04:00,19.07573471138788,19.287099267645285,19.030441072350108,19.264453887939453,2612300,0.0,0.0
2011-06-10 00:00:00-04:00,19.22671066090262,19.25690642257318,19.083285112406937,19.15122413635254,3271500,0.0,0.0
2011-06-13 00:00:00-04:00,19.166321049367085,19.392784948033743,19.15877210876354,19.317296981811523,2606600,0.0,0.0
2011-06-14 00:00:00-04:00,19.46827438075746,19.581505618713646,19.3399452604569,19.453176498413086,2852600,0.0,0.0
2011-06-15 00:00:00-04:00,19.272003788137134,19.61924639918547,19.24180802727391,19.347490310668945,3564600,0.0,0.0
2011-06-16 00:00:00-04:00,19.35504807717596,19.634353233277064,19.317304798698363,19.468280792236328,2638900,0.0,0.0
2011-06-17 00:00:00-04:00,19.679633920165738,19.875902020796733,19.581500589756708,19.717378616333008,4407400,0.0,0.0
2011-06-20 00:00:00-04:00,19.792869820930637,20.26844302668206,19.77022443767514,20.24579620361328,6811900,0.0,0.0
2011-06-21 00:00:00-04:00,20.374124085685356,20.53264895792572,20.177855950432768,20.51000213623047,4391500,0.0,0.0
2011-06-22 00:00:00-04:00,20.49490396065296,20.570391925406074,20.298635828220128,20.306184768676758,3386000,0.0,0.0
2011-06-23 00:00:00-04:00,20.13256637283866,20.374126743176383,20.057078397154775,20.328834533691406,3917600,0.0,0.0
2011-06-24 00:00:00-04:00,20.37412528184876,20.37412528184876,19.94384572306968,20.192955017089844,5912000,0.0,0.0
2011-06-27 00:00:00-04:00,20.2005017941304,20.38167203948155,20.03442942917846,20.291086196899414,2135700,0.0,0.0
2011-06-28 00:00:00-04:00,20.321280288963536,20.660975370985206,20.26843915171861,20.638328552246094,2239200,0.0,0.0
2011-06-29 00:00:00-04:00,20.744013047276077,20.842147832504054,20.517550594895322,20.59303855895996,2877800,0.0,0.0
2011-06-30 00:00:00-04:00,20.721367796601896,20.759111058965658,20.585489748391286,20.751562118530273,2860200,0.0,0.0
2011-07-01 00:00:00-04:00,20.796857297162166,21.13655246629584,20.75156508788213,21.129003524780273,2224800,0.0,0.0
2011-07-05 00:00:00-04:00,21.166745934253903,21.212038138616492,20.955379914206443,21.06861114501953,3049300,0.0,0.0
2011-07-06 00:00:00-04:00,21.121451648659697,21.264878637901052,20.827050169523435,20.85724449157715,3560400,0.0,0.0
2011-07-07 00:00:00-04:00,21.076157011676646,21.249778302920927,20.827047764296108,21.136547088623047,5392300,0.0,0.0
2011-07-08 00:00:00-04:00,20.947832944953916,21.09125995204909,20.766662670640027,20.872344970703125,3217300,0.0,0.0
2011-07-11 00:00:00-04:00,20.600582756562797,20.66852032478552,20.374118916506696,20.479801177978516,3833700,0.0,0.0
2011-07-12 00:00:00-04:00,20.59303855895996,20.683622963987,20.36657466676605,20.59303855895996,4832800,0.0,0.0
2011-07-13 00:00:00-04:00,20.73646450778833,20.759111329389505,20.336380738193263,20.404319763183594,3174700,0.0,0.0
2011-07-14 00:00:00-04:00,20.419416955135507,20.472259540814274,20.072174316697325,20.2231502532959,4258700,0.0,0.0
2011-07-15 00:00:00-04:00,21.212039592343064,21.506441100595982,20.426966983917527,20.600589752197266,8728700,0.0,0.0
2011-07-18 00:00:00-04:00,20.593038169336776,20.751561595041384,20.102367132106775,20.283538818359375,5466500,0.0,0.0
2011-07-19 00:00:00-04:00,20.42696097876104,20.55529006203443,20.208047507184606,20.396766662597656,3705800,0.0,0.0
2011-07-20 00:00:00-04:00,20.374123662097915,20.487354888593647,19.98913634016189,20.147661209106445,3892600,0.0,0.0
2011-07-21 00:00:00-04:00,20.24579464171277,20.38167269001632,20.155210236052515,20.25334358215332,3456800,0.0,0.0
2011-07-22 00:00:00-04:00,20.25334504066629,20.449613186815007,20.192954952606165,20.389223098754883,2736800,0.0,0.0
2011-07-25 00:00:00-04:00,20.366573548407818,20.52509840822004,20.23069550851536,20.46470832824707,3647900,0.0,0.0
2011-07-26 00:00:00-04:00,20.510004882684367,20.577943917054505,20.306187779573953,20.43451690673828,3276600,0.0,0.0
2011-07-27 00:00:00-04:00,20.502453347684284,20.608135636752664,20.125014955510693,20.170307159423828,3897700,0.0,0.0
2011-07-28 00:00:00-04:00,20.223154888205254,20.472264232816567,20.072178917004763,20.094825744628906,2469900,0.0,0.0
2011-07-29 00:00:00-04:00,19.966488038148444,20.20049939731799,19.732475239165947,20.125011444091797,4084500,0.0,0.0
2011-08-01 00:00:00-04:00,20.22315521737261,20.26844743354454,19.664544978726575,19.913654327392578,3939700,0.0,0.0
2011-08-02 00:00:00-04:00,19.724924324139675,19.770217955426382,19.234254837036133,19.234254837036133,3933700,0.0,0.0
2011-08-03 00:00:00-04:00,19.25690887134016,19.438079144962206,18.93986053254824,19.42298126220703,3474800,0.0,0.0
2011-08-04 00:00:00-04:00,19.14367838192558,19.40788414144768,18.58506965637207,18.58506965637207,7333500,0.0,0.0
2011-08-05 00:00:00-04:00,18.728493450830033,18.947408419153362,17.94342230883818,18.494482040405273,7891600,0.0,0.0
2011-08-08 00:00:00-04:00,18.086844771333233,18.38124765901848,17.279126944741108,17.316871643066406,7811500,0.0,0.0
2011-08-09 00:00:00-04:00,17.528236434409493,18.275564193725586,17.13570164514346,18.275564193725586,8731300,0.0,0.0
2011-08-10 00:00:00-04:00,17.973616650767003,18.117043649473047,17.392362594604492,17.392362594604492,7795200,0.0,0.0
2011-08-11 00:00:00-04:00,17.490493416130107,18.388797103553106,17.445201216709258,18.177431106567383,5260100,0.0,0.0
2011-08-12 00:00:00-04:00,18.132141135064728,18.56996962276427,18.04155528527958,18.434091567993164,3055200,0.0,0.0
2011-08-15 00:00:00-04:00,18.50957733159828,18.751137649170023,18.31330921361797,18.728490829467773,3510400,0.0,0.0
2011-08-16 00:00:00-04:00,18.600165031603286,18.947409129595094,18.517129557585523,18.81153106689453,3011100,0.0,0.0
2011-08-17 00:00:00-04:00,18.902116845867944,19.098383558074918,18.53977486685409,18.705848693847656,2305000,0.0,0.0
2011-08-18 00:00:00-04:00,18.35860332777199,18.411444472774818,17.81509255655449,17.981164932250977,4373200,0.0,0.0
2011-08-19 00:00:00-04:00,17.73960450707765,18.305762097729065,17.73960450707765,17.8754825592041,2941300,0.0,0.0
2011-08-22 00:00:00-04:00,18.252914186499897,18.37369431254651,18.018902872261165,18.1547794342041,3583900,0.0,0.0
2011-08-23 00:00:00-04:00,18.30575834274292,18.871915817260742,18.124588123674766,18.871915817260742,3645400,0.0,0.0
2011-08-24 00:00:00-04:00,18.834178088997604,19.249359782899514,18.766239056931717,19.21161651611328,3422300,0.0,0.0
2011-08-25 00:00:00-04:00,19.27955643897633,19.347494034367887,18.811532134210317,18.887020111083984,3381900,0.0,0.0
2011-08-26 00:00:00-04:00,18.75868643718872,19.438075184811765,18.56996726063715,19.264453887939453,4419900,0.0,0.0
2011-08-29 00:00:00-04:00,19.38632900025877,20.132835600508557,19.38632900025877,20.08713150024414,4395600,0.23,0.0
2011-08-30 00:00:00-04:00,20.064284428444164,20.925052250546727,20.003345126462634,20.765087127685547,7184800,0.0,0.0
2011-08-31 00:00:00-04:00,20.803173473030306,20.94028726457175,20.247102165474498,20.468008041381836,4701400,0.0,0.0
2011-09-01 00:00:00-04:00,20.567033630306312,20.757469126883223,20.368980539517423,20.42230224609375,3684600,0.0,0.0
2011-09-02 00:00:00-04:00,20.026201026160695,20.201401365010028,19.88146961659013,19.98049545288086,3069300,0.0,0.0
2011-09-06 00:00:00-04:00,19.50820919049591,20.140454866164056,19.447269900777556,20.041427612304688,4809100,0.0,0.0
2011-09-07 00:00:00-04:00,20.292804921787543,20.68891108133718,20.247100811964877,20.681293487548828,3752000,0.0,0.0
2011-09-08 00:00:00-04:00,20.574655539183134,20.780326267314752,20.262341375534902,20.33089828491211,3411300,0.0,0.0
2011-09-09 00:00:00-04:00,20.087137214716137,20.262337526327403,19.774821657490207,19.90431785583496,3992700,0.0,0.0
2011-09-12 00:00:00-04:00,19.61485361608068,19.972871780395508,19.47773984377494,19.972871780395508,4664400,0.0,0.0
2011-09-13 00:00:00-04:00,20.049051055331347,20.285190690280754,19.86623313283106,20.094755172729492,3949500,0.0,0.0
2011-09-14 00:00:00-04:00,20.224249598229683,20.475624401100184,19.881466568628586,20.239484786987305,5305300,0.0,0.0
2011-09-15 00:00:00-04:00,20.468007811365634,20.55179844188235,20.17092744872853,20.42230224609375,4457300,0.0,0.0
2011-09-16 00:00:00-04:00,20.521331330187294,20.742235770212734,20.353747148539377,20.61273956298828,5700000,0.0,0.0
2011-09-19 00:00:00-04:00,20.38421383818921,20.627971018744542,20.25471765440577,20.513710021972656,3501700,0.0,0.0
2011-09-20 00:00:00-04:00,20.650826564578974,20.787940360228873,20.468008654681643,20.490859985351562,3027800,0.0,0.0
2011-09-21 00:00:00-04:00,20.498476649374354,20.696529739332988,20.018579839291633,20.02619743347168,4156200,0.0,0.0
2011-09-22 00:00:00-04:00,19.61485605338292,19.972874262184362,19.226367467879633,19.8433780670166,7007800,0.0,0.0
2011-09-23 00:00:00-04:00,19.729116746387074,19.79005604591392,19.310159243753446,19.492977142333984,6753200,0.0,0.0
2011-09-26 00:00:00-04:00,19.69864813640545,19.85861325536752,19.325394739253085,19.8433780670166,3799500,0.0,0.0
2011-09-27 00:00:00-04:00,20.10236889345323,20.650824008158093,19.927168599770255,20.376596450805664,4338400,0.0,0.0
2011-09-28 00:00:00-04:00,20.46801138688118,20.650829321182204,20.04905234948035,20.0719051361084,5118600,0.0,0.0
2011-09-29 00:00:00-04:00,20.353748312224248,20.437540407838853,19.805294525338585,20.1099910736084,5303900,0.0,0.0
2011-09-30 00:00:00-04:00,19.78243778685821,20.18616154071928,19.721498489379883,19.721498489379883,4495400,0.0,0.0
2011-10-03 00:00:00-04:00,19.812910239854585,19.988110556864807,19.081637140517735,19.096872329711914,5004500,0.0,0.0
2011-10-04 00:00:00-04:00,18.807409659430093,19.50821233044257,18.78455687726721,19.492977142333984,5197100,0.0,0.0
2011-10-05 00:00:00-04:00,19.56153379289419,20.13284026370111,19.317776597815097,20.06428337097168,3870600,0.0,0.0
2011-10-06 00:00:00-04:00,20.094754106102158,20.315659992131653,19.86623207833365,20.25472068786621,3557900,0.0,0.0
2011-10-07 00:00:00-04:00,20.285186780719048,20.627971227409585,20.163308189208504,20.376596450805664,3694600,0.0,0.0
2011-10-10 00:00:00-04:00,20.589888842531856,21.22213470765538,20.582271247421005,21.15357780456543,3734800,0.0,0.0
2011-10-11 00:00:00-04:00,21.03169931879419,21.214517243863128,20.81079341793523,21.115489959716797,4241000,0.0,0.0
2011-10-12 00:00:00-04:00,21.214515461692052,21.458272674639957,20.97075824874415,21.35162925720215,6008100,0.0,0.0
2011-10-13 00:00:00-04:00,21.32115897452871,21.389715872590507,20.97837593712733,21.16119384765625,5348600,0.0,0.0
2011-10-14 00:00:00-04:00,20.582265385846675,21.09263248966577,20.018576584344693,20.95551872253418,9967300,0.0,0.0
2011-10-17 00:00:00-04:00,20.80316968371522,21.016457926474338,20.650822184236382,20.711761474609375,3362200,0.0,0.0
2011-10-18 00:00:00-04:00,20.734617815735817,20.925053325827502,20.18616406971852,20.787940979003906,4425500,0.0,0.0
2011-10-19 00:00:00-04:00,20.81078981139892,20.970756376179157,20.620354324174688,20.734615325927734,2768500,0.0,0.0
2011-10-20 00:00:00-04:00,20.734616750241,20.925052250546727,20.536563655574135,20.765087127685547,3219400,0.0,0.0
2011-10-21 00:00:00-04:00,21.00884022503095,21.107866026535255,20.864108866302555,21.092632293701172,3861300,0.0,0.0
2011-10-24 00:00:00-04:00,20.90982001477772,21.67917821264705,20.90982001477772,21.526830673217773,3898000,0.0,0.0
2011-10-25 00:00:00-04:00,21.328777897958556,21.44303891754465,21.138342381012496,21.290691375732422,3690900,0.0,0.0
2011-10-26 00:00:00-04:00,21.496356536113844,21.785819280375627,21.328773836162096,21.679174423217773,4586100,0.0,0.0
2011-10-27 00:00:00-04:00,21.999107508300995,22.395213682370738,21.83152479753649,22.235248565673828,4200500,0.0,0.0
2011-10-28 00:00:00-04:00,22.212397169833636,22.212397169833636,21.74773407306163,21.930553436279297,2501000,0.0,0.0
2011-10-31 00:00:00-04:00,21.557298887366137,21.79343996297355,21.32115926466635,21.511594772338867,4118700,0.0,0.0
2011-11-01 00:00:00-04:00,21.191663764545915,21.686795810343146,20.93267134928441,21.435420989990234,4536000,0.0,0.0
2011-11-02 00:00:00-04:00,21.686799727633247,21.945792189676602,21.56492109289613,21.91532325744629,3047500,0.0,0.0
2011-11-03 00:00:00-04:00,22.04481152190794,22.18954144028827,21.702027077517876,22.15145492553711,2500000,0.0,0.0
2011-11-04 00:00:00-04:00,22.052433861377644,22.052433861377644,21.549684203346303,21.93817138671875,2226300,0.0,0.0
2011-11-07 00:00:00-05:00,21.96864069753492,22.151458614015144,21.75535240185416,22.00672721862793,2324200,0.0,0.0
2011-11-08 00:00:00-05:00,22.098134069437922,22.24286544626466,21.785819987222173,22.220012664794922,2003400,0.0,0.0
2011-11-09 00:00:00-05:00,21.80105643606995,21.94578636836192,21.22974994244336,21.336393356323242,3816000,0.0,0.0
2011-11-10 00:00:00-05:00,21.56491519719088,21.839142776831352,21.45827178417849,21.71726417541504,2496200,0.0,0.0
2011-11-11 00:00:00-05:00,21.930549817563683,22.24286387775586,21.88484425784725,22.136219024658203,1896900,0.0,0.0
2011-11-14 00:00:00-05:00,21.9838759643635,22.067666601644007,21.54206563475731,21.572534561157227,2958300,0.0,0.0
2011-11-15 00:00:00-05:00,21.465889074144677,22.044813149120845,21.435418697768686,21.95340347290039,2178600,0.0,0.0
2011-11-16 00:00:00-05:00,21.785822831954647,21.816291758318712,21.290690792050423,21.328777313232422,2677200,0.0,0.0
2011-11-17 00:00:00-05:00,21.191662901284563,21.511594609874447,21.008844989648576,21.123106002807617,3008600,0.0,0.0
2011-11-18 00:00:00-05:00,21.115487304051157,21.70202898127946,21.077400785958943,21.6258544921875,3535100,0.0,0.0
2011-11-21 00:00:00-05:00,21.290689332581422,21.397332746906766,20.818408656598006,21.145957946777344,3147100,0.0,0.0
2011-11-22 00:00:00-05:00,21.184044730365905,21.534446807816092,20.91743473830963,21.344011306762695,3331300,0.0,0.0
2011-11-23 00:00:00-05:00,21.153574415965338,21.214513714182544,20.82602514320756,20.87934684753418,2796200,0.0,0.0
2011-11-25 00:00:00-05:00,20.757464743126864,21.130718063241563,20.734611965317185,20.985986709594727,1239500,0.0,0.0
2011-11-28 00:00:00-05:00,21.78487047338487,21.78487047338487,21.239479806603438,21.400793075561523,2138300,0.23,0.0
2011-11-29 00:00:00-05:00,21.446883853254015,21.846324734014097,21.37774979830942,21.631240844726562,2166800,0.0,0.0
2011-11-30 00:00:00-05:00,22.13822257210526,22.368669906496088,21.984592480983814,22.13054084777832,3602200,0.0,0.0
2011-12-01 00:00:00-05:00,22.046044274895824,22.23040125884644,21.93850160207033,22.069087982177734,1794100,0.0,0.0
2011-12-02 00:00:00-05:00,22.207358275397496,22.245765434745838,21.81559909645971,21.854007720947266,2447500,0.0,0.0
2011-12-05 00:00:00-05:00,22.13821922585382,22.506933146980117,22.069085182500277,22.360984802246094,3020100,0.0,0.0
2011-12-06 00:00:00-05:00,22.476216467835467,22.499261646302777,22.222725365252867,22.368675231933594,2350600,0.0,0.0
2011-12-07 00:00:00-05:00,22.360989993144717,22.43780431235694,21.96154908662858,22.299537658691406,2177900,0.0,0.0
2011-12-08 00:00:00-05:00,22.238084688790895,22.261128397840405,21.654286795596686,21.708057403564453,2808800,0.0,0.0
2011-12-09 00:00:00-05:00,21.8002334978226,22.207356086425463,21.669647117715197,22.069087982177734,1814300,0.0,0.0
2011-12-12 00:00:00-05:00,21.969230997506916,22.03068333248031,21.792555717600816,21.930822372436523,3011800,0.0,0.0
2011-12-13 00:00:00-05:00,22.069092801134822,22.161272045807713,21.446887661295804,21.516021728515625,3000700,0.0,0.0
2011-12-14 00:00:00-05:00,21.492975847811014,21.554428187202422,21.300937104070446,21.354707717895508,2650500,0.0,0.0
2011-12-15 00:00:00-05:00,21.46993262237375,21.53138496315656,21.277893874285038,21.385435104370117,2138200,0.0,0.0
2011-12-16 00:00:00-05:00,21.492976268162714,21.646607852215578,21.423842201852864,21.469932556152344,3665900,0.0,0.0
2011-12-19 00:00:00-05:00,21.30861867361558,21.40079791459743,20.8400436734749,20.87845230102539,4555700,0.0,0.0
2011-12-20 00:00:00-05:00,21.124259343215495,21.516018510488195,21.10889589387794,21.377750396728516,2501800,0.0,0.0
2011-12-21 00:00:00-05:00,21.423842243103984,21.554428650258544,21.14730744247149,21.50065803527832,2227400,0.0,0.0
2011-12-22 00:00:00-05:00,21.539066445228258,21.63892594844337,21.35470795982607,21.370071411132812,2142900,0.0,0.0
2011-12-23 00:00:00-05:00,21.508339736349374,21.615880966186523,21.39311678078966,21.615880966186523,1342100,0.0,0.0
2011-12-27 00:00:00-05:00,21.562110157049016,21.5928370596625,21.339345973658684,21.370071411132812,2414300,0.0,0.0
2011-12-28 00:00:00-05:00,21.41615907384805,21.43152252427524,20.978310992648012,21.032081604003906,2434300,0.0,0.0
2011-12-29 00:00:00-05:00,21.108896658643733,21.48529239021552,21.07817122399462,21.454566955566406,1735700,0.0,0.0
2011-12-30 00:00:00-05:00,21.531384433234287,21.562109870299803,21.32398223876953,21.32398223876953,1404300,0.0,0.0
2012-01-03 00:00:00-05:00,21.746466888110916,22.26881250447874,21.30093706211589,21.32398223876953,3353500,0.0,0.0
2012-01-04 00:00:00-05:00,21.40080464167407,21.738791879524495,21.370077729975055,21.64661407470703,2587800,0.0,0.0
2012-01-05 00:00:00-05:00,21.60051834746315,21.89241659067755,21.439205042290972,21.86937141418457,2948000,0.0,0.0
2012-01-06 00:00:00-05:00,21.877050166689955,21.89241361559745,21.592833687596954,21.631240844726562,3046000,0.0,0.0
2012-01-09 00:00:00-05:00,21.769516424172487,21.946191751812126,21.723427526775108,21.91546630859375,5016300,0.0,0.0
2012-01-10 00:00:00-05:00,22.130540261589562,22.222719485932092,22.0383625023861,22.15358543395996,2260900,0.0,0.0
2012-01-11 00:00:00-05:00,22.184314077585512,22.3840345382978,22.145906916545922,22.29185676574707,1966000,0.0,0.0
2012-01-12 00:00:00-05:00,22.345628276092366,22.36867345272666,22.09981891921724,22.199678421020508,2525800,0.0,0.0
2012-01-13 00:00:00-05:00,22.11518288217756,22.19199720912445,21.554428625545384,21.615880966186523,3737300,0.0,0.0
2012-01-17 00:00:00-05:00,21.85400951388101,21.938505564407382,21.50065746530207,21.66965103149414,3728800,0.0,0.0
2012-01-18 00:00:00-05:00,21.700374541443523,22.13822257210526,21.539062725995137,22.13054084777832,2179500,0.0,0.0
2012-01-19 00:00:00-05:00,22.092136687691873,22.092136687691873,21.60051798520126,22.02300262451172,3669100,0.0,0.0
2012-01-20 00:00:00-05:00,22.053733000785883,22.053733000785883,21.838650502838366,21.91546630859375,2893300,0.0,0.0
2012-01-23 00:00:00-05:00,21.95386906414538,22.345628276092366,21.90778017601613,22.199678421020508,4033000,0.0,0.0
2012-01-24 00:00:00-05:00,22.099817490075456,22.39939744125149,22.099817490075456,22.345626831054688,2078000,0.0,0.0
2012-01-25 00:00:00-05:00,22.238084947315123,22.760429048745223,22.12286054017133,22.68361473083496,2550800,0.0,0.0
2012-01-26 00:00:00-05:00,22.814197088797833,22.85260424096236,22.591431503854533,22.698972702026367,2191100,0.0,0.0
2012-01-27 00:00:00-05:00,22.660572075909485,22.844929096642534,22.52230394407486,22.54534912109375,2953100,0.0,0.0
2012-01-30 00:00:00-05:00,22.276492106270254,22.821881382156953,22.253446931813656,22.68361473083496,3745200,0.0,0.0
2012-01-31 00:00:00-05:00,23.09073721069921,24.18919901524597,23.067693500064063,23.812803268432617,11850800,0.0,0.0
2012-02-01 00:00:00-05:00,23.382636909951543,24.34283059013028,23.290457671993103,23.812803268432617,7179400,0.0,0.0
2012-02-02 00:00:00-05:00,23.820487183462397,24.089341731655583,23.751353114923024,23.85889434814453,4883900,0.0,0.0
2012-02-03 00:00:00-05:00,23.989477573846422,24.388918480114786,23.935706964375534,24.219924926757812,3614900,0.0,0.0
2012-02-06 00:00:00-05:00,23.981795301061286,24.396599647742452,23.951069867125195,24.388917922973633,2731900,0.0,0.0
2012-02-07 00:00:00-05:00,24.212245281900778,24.74227116233942,24.112384314184965,24.58095932006836,3877400,0.0,0.0
2012-02-08 00:00:00-05:00,24.6577709641864,24.696181053169692,24.35819102389835,24.388917922973633,3343700,0.0,0.0
2012-02-09 00:00:00-05:00,24.47341244727882,24.757628903386685,24.427322104283753,24.72690200805664,3377800,0.0,0.0
2012-02-10 00:00:00-05:00,24.565593751036378,24.74226902928458,24.47341598201089,24.7115421295166,7522100,0.0,0.0
2012-02-13 00:00:00-05:00,24.788355076900984,25.034164371827547,24.788355076900984,24.888216018676758,7738200,0.0,0.0
2012-02-14 00:00:00-05:00,24.895899794366326,24.995760750250156,24.78835857892759,24.957353591918945,2886200,0.0,0.0
2012-02-15 00:00:00-05:00,25.103304584378552,25.11098484473463,24.819088066745074,24.880538940429688,4024500,0.0,0.0
2012-02-16 00:00:00-05:00,25.003439439213373,25.1877978900124,24.918941938025405,25.03416633605957,3712600,0.0,0.0
2012-02-17 00:00:00-05:00,25.103305709724314,25.14939606476293,24.74995511193128,24.918947219848633,5398300,0.0,0.0
2012-02-21 00:00:00-05:00,24.864656785080893,25.04303668007355,24.740564815438905,24.833633422851562,3510600,0.31,0.0
2012-02-22 00:00:00-05:00,24.74056684871932,24.973237646735136,24.593208824570187,24.825878143310547,3176800,0.0,0.0
2012-02-23 00:00:00-05:00,24.81036740592061,25.182640378874154,24.748322156974258,25.058549880981445,3018800,0.0,0.0
2012-02-24 00:00:00-05:00,25.120592959374296,25.120592959374296,24.887923652047007,24.94221305847168,4679600,0.0,0.0
2012-02-27 00:00:00-05:00,24.732807485838617,25.18263733542983,24.694029764661902,25.074058532714844,1939400,0.0,0.0
2012-02-28 00:00:00-05:00,25.081813766343206,25.353260782576665,25.043036043817082,25.275705337524414,2440900,0.0,0.0
2012-02-29 00:00:00-05:00,25.306731835546117,25.361021245521577,25.15161796766583,25.159372329711914,2816100,0.0,0.0
2012-03-01 00:00:00-05:00,25.29897055277502,25.554908838476614,25.182637388997424,25.454084396362305,2510000,0.0,0.0
2012-03-02 00:00:00-05:00,25.4851088373836,25.508374879415523,25.12834905299122,25.34550666809082,2431200,0.0,0.0
2012-03-05 00:00:00-05:00,25.345509659899058,25.671246120998706,25.28346292908905,25.61695671081543,2555300,0.0,0.0
2012-03-06 00:00:00-05:00,25.438572543423103,25.6945108273869,24.980988335150336,24.99650001525879,4139500,0.0,0.0
2012-03-07 00:00:00-05:00,25.03528037368893,25.25244095953441,24.965479285122665,25.20590591430664,2061300,0.0,0.0
2012-03-08 00:00:00-05:00,25.570421465168067,25.710023633708886,25.298971489205098,25.640222549438477,1689600,0.0,0.0
2012-03-09 00:00:00-05:00,25.64022098997694,25.903913630232616,25.570419909951895,25.896156311035156,1503200,0.0,0.0
2012-03-12 00:00:00-04:00,25.927179670724158,26.012492430593703,25.81084355116561,25.896156311035156,1462200,0.0,0.0
2012-03-13 00:00:00-04:00,26.097806028711645,26.097806028711645,25.78757833895811,26.004735946655273,3258400,0.0,0.0
2012-03-14 00:00:00-04:00,25.981472692381974,26.04351942040848,25.83411615114527,25.91942596435547,1885300,0.0,0.0
2012-03-15 00:00:00-04:00,25.927183695717925,25.96596142207391,25.624713288170028,25.872894287109375,1869000,0.0,0.0
2012-03-16 00:00:00-04:00,25.87289184415631,25.950447289545387,25.570421465168067,25.640222549438477,3768200,0.0,0.0
2012-03-19 00:00:00-04:00,25.89615714280669,26.13658375029321,25.593686772499776,26.004735946655273,1719500,0.0,0.0
2012-03-20 00:00:00-04:00,25.810846476304803,26.07453914644473,25.787580433176526,25.98147201538086,1654200,0.0,0.0
2012-03-21 00:00:00-04:00,26.020247330985725,26.020247330985725,25.82635576673315,25.841867446899414,1619400,0.0,0.0
2012-03-22 00:00:00-04:00,25.616950083844564,26.136580965024212,25.616950083844564,26.090045928955078,1715200,0.0,0.0
2012-03-23 00:00:00-04:00,26.066781844424117,26.229650045051034,25.80308920403036,26.183115005493164,1733400,0.0,0.0
2012-03-26 00:00:00-04:00,26.369253030592695,26.741524483057354,26.221896505205805,26.663969039916992,2376500,0.0,0.0
2012-03-27 00:00:00-04:00,26.79581388496571,26.850103286874067,26.555390236100283,26.663969039916992,1561400,0.0,0.0
2012-03-28 00:00:00-04:00,26.718261676986,26.718261676986,26.237411362481232,26.44681167602539,1475200,0.0,0.0
2012-03-29 00:00:00-04:00,26.32271601283902,26.42354044819036,26.113312781824842,26.39251708984375,1303000,0.0,0.0
2012-03-30 00:00:00-04:00,26.539878475233913,26.656211639591472,26.090048622443266,26.105560302734375,2367400,0.0,0.0
2012-04-02 00:00:00-04:00,26.074537061786614,26.547632957909315,26.074537061786614,26.470077514648438,3420000,0.0,0.0
2012-04-03 00:00:00-04:00,26.47783290681337,26.803572290007097,26.408031821739755,26.555391311645508,2883400,0.0,0.0
2012-04-04 00:00:00-04:00,26.377009388735015,26.563146608336776,26.237410172222113,26.276187896728516,3045400,0.0,0.0
2012-04-05 00:00:00-04:00,26.11331364196787,26.423541318551933,26.11331364196787,26.307205200195312,3576100,0.0,0.0
2012-04-09 00:00:00-04:00,25.95044377929787,26.159847003783682,25.787575590881197,26.090045928955078,2199400,0.0,0.0
2012-04-10 00:00:00-04:00,25.91942540429194,26.175363714044746,25.547153919829395,25.59368896484375,2527600,0.0,0.0
2012-04-11 00:00:00-04:00,25.779820903280246,26.175358349916923,25.655730433889314,26.121068954467773,1980300,0.0,0.0
2012-04-12 00:00:00-04:00,26.25291945118962,26.757038756101707,26.183118362179496,26.601924896240234,2659200,0.0,0.0
2012-04-13 00:00:00-04:00,26.50109791682248,26.632945720626594,26.338229710844324,26.470077514648438,2738100,0.0,0.0
2012-04-16 00:00:00-04:00,24.3760499596203,25.337750550889176,23.693550761637038,24.050312042236328,16693100,0.0,0.0
2012-04-17 00:00:00-04:00,24.35277962885627,24.725051068857653,24.182155588674433,24.663005828857422,5541500,0.0,0.0
2012-04-18 00:00:00-04:00,24.639740201825155,25.13610213015527,24.562183280704765,24.903432846069336,4167600,0.0,0.0
2012-04-19 00:00:00-04:00,24.864657402715483,25.089569388088254,24.61647493654202,24.631986618041992,4060200,0.0,0.0
2012-04-20 00:00:00-04:00,24.779345583468594,25.159371439855757,24.631987562121736,24.86465835571289,2725900,0.0,0.0
2012-04-23 00:00:00-04:00,24.631985293357932,24.686274696412838,24.290735715087433,24.67076301574707,2786500,0.0,0.0
2012-04-24 00:00:00-04:00,24.701785604752295,25.15161397506827,24.701785604752295,25.074058532714844,3042600,0.0,0.0
2012-04-25 00:00:00-04:00,25.174886164106212,25.578181071645062,25.05079565090589,25.500625610351562,2625200,0.0,0.0
2012-04-26 00:00:00-04:00,25.41531186222511,25.84963012120132,25.213662936841082,25.779829025268555,3088500,0.0,0.0
2012-04-27 00:00:00-04:00,25.927173880631386,26.097799362266155,25.702259010940057,25.99697494506836,2045400,0.0,0.0
2012-04-30 00:00:00-04:00,25.91942454626867,26.1443394852331,25.84186909902953,26.05902671813965,2526100,0.0,0.0
2012-05-01 00:00:00-04:00,26.11331169251177,26.42353934593618,26.08229129400946,26.214136123657227,2391000,0.0,0.0
2012-05-02 00:00:00-04:00,26.035765183979493,26.330481259911867,25.84963089495465,26.268434524536133,5600300,0.0,0.0
2012-05-03 00:00:00-04:00,26.183114368966447,26.283938806282187,25.865132336094042,26.05126953125,2682500,0.0,0.0
2012-05-04 00:00:00-04:00,25.8651352041539,25.9349362902585,25.477352049917407,25.578176498413086,2327100,0.0,0.0
2012-05-07 00:00:00-04:00,25.57041964537875,25.609197365313566,25.376528087154284,25.539396286010742,2720600,0.0,0.0
2012-05-08 00:00:00-04:00,25.275705877795808,25.353261324505812,24.779343918330206,25.221416473388672,2772900,0.0,0.0
2012-05-09 00:00:00-04:00,24.99649917821145,24.99649917821145,24.56993834443966,24.887920379638672,2660200,0.0,0.0
2012-05-10 00:00:00-04:00,25.20590659191962,25.376532137124276,25.035281046714967,25.14385986328125,11600000,0.0,0.0
2012-05-11 00:00:00-04:00,25.074059362028777,25.454085184100425,24.973234916794212,25.18263816833496,3321800,0.0,0.0
2012-05-14 00:00:00-04:00,24.926704130403948,25.02752859285209,24.585455972530884,24.717302322387695,7603100,0.0,0.0
2012-05-15 00:00:00-04:00,24.732809310650598,25.136104149454972,24.624230499924554,24.802610397338867,1888300,0.0,0.0
2012-05-16 00:00:00-04:00,24.96547872463776,25.089569217241817,24.787098826428842,24.880168914794922,2964100,0.0,0.0
2012-05-17 00:00:00-04:00,24.911187709490203,24.934456709353643,24.081332039090302,24.096843719482422,3292700,0.0,0.0
2012-05-18 00:00:00-04:00,24.158885167335708,24.523402202922437,24.073573897128732,24.143373489379883,3997200,0.0,0.0
2012-05-21 00:00:00-04:00,24.276554635764917,24.54289966130315,23.95537413334905,24.4802303314209,2178600,0.31,0.0
2012-05-22 00:00:00-04:00,24.57423628869479,24.715241167287548,24.433229915947276,24.566402435302734,2526100,0.0,0.0
2012-05-23 00:00:00-04:00,24.495897611923308,24.550733087848418,24.065044669081633,24.417560577392578,3400000,0.0,0.0
2012-05-24 00:00:00-04:00,24.44888868178221,24.48805793681208,24.072872798421262,24.315717697143555,4139300,0.0,0.0
2012-05-25 00:00:00-04:00,24.394057171757122,24.60556670072895,24.127712171012124,24.488061904907227,2631400,0.0,0.0
2012-05-29 00:00:00-04:00,24.72307050613183,24.887578409015607,24.44889166409519,24.683902740478516,1825900,0.0,0.0
2012-05-30 00:00:00-04:00,24.46456220044915,24.582067005167914,24.237386443880165,24.417560577392578,1640100,0.0,0.0
2012-05-31 00:00:00-04:00,24.433220219007545,24.55072498494416,24.159041435719338,24.38621711730957,2339300,0.0,0.0
2012-06-01 00:00:00-04:00,24.08854126585663,24.30005076727583,23.822196299807494,23.939701080322266,3368200,0.0,0.0
2012-06-04 00:00:00-04:00,23.900536385023248,24.119879765842608,23.618523680277573,23.955371856689453,2234300,0.0,0.0
2012-06-05 00:00:00-04:00,23.73602598252357,24.151211143768926,23.720359773803555,24.112043380737305,2215000,0.0,0.0
2012-06-06 00:00:00-04:00,24.347053855669582,24.793572945169814,24.300052239447044,24.73090362548828,5318500,0.0,0.0
2012-06-07 00:00:00-04:00,24.973748594811536,25.106921094128555,24.644734272625637,24.70740509033203,2826700,0.0,0.0
2012-06-08 00:00:00-04:00,24.856243124051737,24.981581767747358,24.48806104496516,24.824909210205078,2025600,0.0,0.0
2012-06-11 00:00:00-04:00,25.012920062366117,25.06775553854193,24.574234758804938,24.589900970458984,2477900,0.0,0.0
2012-06-12 00:00:00-04:00,24.746571703495373,25.185258442060228,24.636900765931394,25.15392303466797,2196800,0.0,0.0
2012-06-13 00:00:00-04:00,25.028585687900843,25.2479275743733,24.777906898260905,24.879745483398438,2012500,0.0,0.0
2012-06-14 00:00:00-04:00,24.989412503758146,25.32626212114997,24.911075487677792,25.169588088989258,1949000,0.0,0.0
2012-06-15 00:00:00-04:00,25.326262330116695,25.608272004362505,25.15392059448706,25.3810977935791,2721800,0.0,0.0
2012-06-18 00:00:00-04:00,25.341933093394026,25.553442640799613,25.091255775352447,25.39676856994629,1486500,0.0,0.0
2012-06-19 00:00:00-04:00,25.482933759838588,25.670943200481783,25.341927426433358,25.404598236083984,2262700,0.0,0.0
2012-06-20 00:00:00-04:00,25.482938712019934,25.561277239306992,25.20092599040504,25.41243553161621,1725500,0.0,0.0
2012-06-21 00:00:00-04:00,25.537771252626726,25.64744517822686,25.0207504793305,25.083419799804688,1555500,0.0,0.0
2012-06-22 00:00:00-04:00,25.287091398737147,25.357594563868922,25.06774954646434,25.232255935668945,1645200,0.0,0.0
2012-06-25 00:00:00-04:00,25.106921162680642,25.106921162680642,24.613400425131548,24.809242248535156,1507500,0.0,0.0
2012-06-26 00:00:00-04:00,24.90324715708383,25.185259862906275,24.840576338763686,25.020751953125,1727800,0.0,0.0
2012-06-27 00:00:00-04:00,25.130420489956546,25.279259177898542,24.91890949926868,24.950244903564453,1524400,0.0,0.0
2012-06-28 00:00:00-04:00,24.864075513602387,24.95024638638268,24.550728922793684,24.91891098022461,1941400,0.0,0.0
2012-06-29 00:00:00-04:00,25.365435403553235,25.663112842316277,25.326267634064337,25.41243553161621,2531600,0.0,0.0
2012-07-02 00:00:00-04:00,25.50643874327092,25.811951492731083,25.3027615847582,25.467267990112305,1991600,0.0,0.0
2012-07-03 00:00:00-04:00,25.52993939314366,25.6552780365379,25.38110068795956,25.647445678710938,1089600,0.0,0.0
2012-07-05 00:00:00-04:00,25.522107054313818,25.811952107070802,25.475103942390124,25.710113525390625,1719000,0.0,0.0
2012-07-06 00:00:00-04:00,25.600444627169523,25.764951049556153,25.059920750183455,25.388935089111328,1946800,0.0,0.0
2012-07-09 00:00:00-04:00,25.435933153731966,25.467265569648482,24.85624012880133,24.911075592041016,2663700,0.0,0.0
2012-07-10 00:00:00-04:00,24.973748603534805,25.0755856940342,24.605566514308336,24.738739013671875,2527400,0.0,0.0
2012-07-11 00:00:00-04:00,24.785739392289813,24.824908651409572,24.40972346966687,24.621232986450195,2222800,0.0,0.0
2012-07-12 00:00:00-04:00,24.433227856527225,24.472395626031393,24.080711954371182,24.354890823364258,2904700,0.0,0.0
2012-07-13 00:00:00-04:00,24.292217399132948,24.676067153330678,24.237381933412472,24.464557647705078,2114700,0.0,0.0
2012-07-16 00:00:00-04:00,24.34705160701315,24.82490605929746,24.213879128220192,24.315717697143555,3818000,0.0,0.0
2012-07-17 00:00:00-04:00,26.27414044804573,27.09667553068784,25.999960094958926,26.673656463623047,13134500,0.0,0.0
2012-07-18 00:00:00-04:00,26.6109811741054,27.16717109437597,26.556145716518632,26.814655303955078,4864300,0.0,0.0
2012-07-19 00:00:00-04:00,27.034002028795577,27.128008248799805,26.56398288200985,27.08884048461914,3115100,0.0,0.0
2012-07-20 00:00:00-04:00,27.1123365348837,27.143671936916498,26.838156249559326,26.93999481201172,3189100,0.0,0.0
2012-07-23 00:00:00-04:00,26.806826089492684,26.971332481532357,26.50914572177184,26.900829315185547,3653200,0.0,0.0
2012-07-24 00:00:00-04:00,26.987002584358706,27.081005818413153,26.775493066504502,27.002670288085938,3910300,0.0,0.0
2012-07-25 00:00:00-04:00,27.175005599929136,27.316011927250656,26.877328231857973,27.026166915893555,3324400,0.0,0.0
2012-07-26 00:00:00-04:00,27.300343938977285,27.574524234028544,26.908660364597072,27.13583755493164,3040300,0.0,0.0
2012-07-27 00:00:00-04:00,27.33168472445606,27.76253614345867,27.261181547651336,27.637197494506836,2812800,0.0,0.0
2012-07-30 00:00:00-04:00,27.637195712367877,27.80953746417939,27.410021480254144,27.778202056884766,2129900,0.0,0.0
2012-07-31 00:00:00-04:00,27.637196268264002,27.80953802354201,27.441354451196805,27.551025390625,2734900,0.0,0.0
2012-08-01 00:00:00-04:00,27.53536272186112,27.61369825918762,27.190679185682452,27.229846954345703,3899400,0.0,0.0
2012-08-02 00:00:00-04:00,27.07317543029785,27.331685089831584,26.751994951295853,27.07317543029785,3295000,0.0,0.0
2012-08-03 00:00:00-04:00,27.417852955881216,27.692030290116502,27.33168208274761,27.590194702148438,2401700,0.0,0.0
2012-08-06 00:00:00-04:00,27.52752655021262,27.778203848116288,27.488358782723132,27.637197494506836,1348800,0.0,0.0
2012-08-07 00:00:00-04:00,27.754703885184178,27.92704564872919,27.621529889269638,27.71553611755371,2007900,0.0,0.0
2012-08-08 00:00:00-04:00,27.652871465281084,27.89571646003896,27.629371397124117,27.880048751831055,1607900,0.0,0.0
2012-08-09 00:00:00-04:00,27.73120458058778,27.958378834380316,27.637198349733072,27.762537002563477,1177600,0.0,0.0
2012-08-10 00:00:00-04:00,27.676364741325035,27.92704200744629,27.645029335982695,27.92704200744629,1448100,0.0,0.0
2012-08-13 00:00:00-04:00,27.927051876454776,27.927051876454776,27.715542298112712,27.880048751831055,1215400,0.0,0.0
2012-08-14 00:00:00-04:00,27.919211597537597,28.075885663637532,27.825208353201337,27.934879302978516,1512700,0.0,0.0
2012-08-15 00:00:00-04:00,27.903542290992245,27.974045467276287,27.770371284849666,27.825206756591797,1270600,0.0,0.0
2012-08-16 00:00:00-04:00,27.786041699730383,28.00538360809422,27.660703039478282,27.942712783813477,1239400,0.0,0.0
2012-08-17 00:00:00-04:00,27.98188168957265,28.060217226425106,27.762536807429242,28.013214111328125,1233400,0.0,0.0
2012-08-20 00:00:00-04:00,27.887878882464832,28.091556084576187,27.801710976674155,27.989717483520508,1261300,0.0,0.0
2012-08-21 00:00:00-04:00,27.974044720850927,28.10721871174914,27.76253519764247,27.84087371826172,1204600,0.0,0.0
2012-08-22 00:00:00-04:00,27.746867812990587,27.895709509726384,27.660699921780804,27.79387092590332,1140100,0.0,0.0
2012-08-23 00:00:00-04:00,27.66070060360789,27.75470384344146,27.551026670774753,27.707700729370117,1173200,0.0,0.0
2012-08-24 00:00:00-04:00,27.739032563700984,27.93487436462751,27.621526287821574,27.92704200744629,1476300,0.0,0.0
2012-08-27 00:00:00-04:00,27.808507919311523,27.99816659611597,27.75319143326906,27.808507919311523,1265000,0.31,0.0
2012-08-28 00:00:00-04:00,27.745287369145785,27.919140886202445,27.666261672973633,27.666261672973633,1628900,0.0,0.0
2012-08-29 00:00:00-04:00,27.626753323049613,27.982361458017614,27.55563169605601,27.94285011291504,2145800,0.0,0.0
2012-08-30 00:00:00-04:00,27.8638235539743,27.92704411581821,27.68997303794816,27.824312210083008,1336500,0.0,0.0
2012-08-31 00:00:00-04:00,27.998163373208477,28.053479852883385,27.59513986183752,27.768993377685547,1686100,0.0,0.0
2012-09-04 00:00:00-04:00,27.753194770373668,27.816415341751064,27.397586592682725,27.634660720825195,1665300,0.0,0.0
2012-09-05 00:00:00-04:00,27.579340207413935,27.603046410963014,27.326463987816016,27.468704223632812,1110200,0.0,0.0
2012-09-06 00:00:00-04:00,27.721580264996643,28.172016167685367,27.658359710117256,28.164112091064453,2399400,0.0,0.0
2012-09-07 00:00:00-04:00,28.432794447733098,28.432794447733098,27.99816366805798,28.05348014831543,1968300,0.0,0.0
2012-09-10 00:00:00-04:00,28.013971999005385,28.36958013726235,27.990262780106633,28.092994689941406,2487400,0.0,0.0
2012-09-11 00:00:00-04:00,28.01396901712601,28.258941141665673,27.88753091637331,28.08509063720703,2542100,0.0,0.0
2012-09-12 00:00:00-04:00,28.092991699650653,28.19572359855038,27.91914119519201,28.08509063720703,1575400,0.0,0.0
2012-09-13 00:00:00-04:00,28.116704552590093,28.251043733161602,27.958656152577,28.179922103881836,2478400,0.0,0.0
2012-09-14 00:00:00-04:00,28.27474835056351,28.60665027340826,27.974459723373414,28.58294105529785,2656700,0.0,0.0
2012-09-17 00:00:00-04:00,28.44070058764317,28.567138696620503,28.361674885455898,28.559234619140625,3115400,0.0,0.0
2012-09-18 00:00:00-04:00,28.606648065007327,28.64615940611134,28.35377186451515,28.440698623657227,1392700,0.0,0.0
2012-09-19 00:00:00-04:00,27.934943474587698,28.053480513552405,27.76109296916749,27.855920791625977,2742200,0.0,0.0
2012-09-20 00:00:00-04:00,27.919140274294477,28.59084209716457,27.784798101007254,28.448598861694336,3549000,0.0,0.0
2012-09-21 00:00:00-04:00,28.59084012701459,28.606645264813512,28.266842338441243,28.322158813476562,4421400,0.0,0.0
2012-09-24 00:00:00-04:00,28.416994930446233,28.416994930446233,28.100901125656705,28.274751663208008,1742100,0.0,0.0
2012-09-25 00:00:00-04:00,28.243137335737963,28.266843536179934,27.96655193431994,28.108795166015625,2637300,0.0,0.0
2012-09-26 00:00:00-04:00,28.227333387249814,28.298455006095935,27.895431494460578,27.903335571289062,1695500,0.0,0.0
2012-09-27 00:00:00-04:00,27.990262780106633,28.203627663060814,27.832217398234587,28.092994689941406,1733800,0.0,0.0
2012-09-28 00:00:00-04:00,28.021873448939346,28.156215642811173,27.90333941089976,28.02977752685547,2360900,0.0,0.0
2012-10-01 00:00:00-04:00,28.211531035842874,28.27474858410736,27.73738585850865,27.88753318786621,1702100,0.0,0.0
2012-10-02 00:00:00-04:00,27.91123456438129,28.100893205417847,27.87962428845489,27.99816131591797,1586900,0.0,0.0
2012-10-03 00:00:00-04:00,28.1167036739555,28.20362742745,27.911239856002382,27.934946060180664,1372600,0.0,0.0
2012-10-04 00:00:00-04:00,28.116706268074584,28.282655741678287,27.87173108238149,28.274751663208008,1601400,0.0,0.0
2012-10-05 00:00:00-04:00,28.456500562119018,28.60664787766187,28.31426033798053,28.40118408203125,1319800,0.0,0.0
2012-10-08 00:00:00-04:00,28.258942716618336,28.448601385578662,28.258942716618336,28.409090042114258,1075700,0.0,0.0
2012-10-09 00:00:00-04:00,28.45650362829335,28.472308769238865,27.86382440818748,27.94285011291504,1770600,0.0,0.0
2012-10-10 00:00:00-04:00,27.879628461046842,27.950750085264705,27.71367900937925,27.80060577392578,1702600,0.0,0.0
2012-10-11 00:00:00-04:00,27.903336210116283,28.21942995648529,27.80850537313567,27.855920791625977,1829600,0.0,0.0
2012-10-12 00:00:00-04:00,27.871731523032608,28.496021093056736,27.871731523032608,28.456506729125977,2195100,0.0,0.0
2012-10-15 00:00:00-04:00,28.337968131707413,28.527623784228947,27.824311628293955,27.99026107788086,4169200,0.0,0.0
2012-10-16 00:00:00-04:00,29.128207376732437,29.483815497338576,28.843720880247528,29.396888732910156,5679600,0.0,0.0
2012-10-17 00:00:00-04:00,29.41269221509867,29.839418921247354,29.32576545557068,29.554935455322266,3405200,0.0,0.0
2012-10-18 00:00:00-04:00,29.618157302043475,29.871033540401722,29.49171918286435,29.86313247680664,2249500,0.0,0.0
2012-10-19 00:00:00-04:00,29.894739101084415,29.99746798785908,29.341571266938114,29.63395881652832,2736900,0.0,0.0
2012-10-22 00:00:00-04:00,29.649757866119476,29.665563002651176,29.29414983046011,29.357370376586914,1855200,0.0,0.0
2012-10-23 00:00:00-04:00,29.112399372966703,29.412690980222504,28.83581698110082,29.033376693725586,1975000,0.0,0.0
2012-10-24 00:00:00-04:00,29.07288932800293,29.238838770512423,28.89903580850416,29.07288932800293,2203100,0.0,0.0
2012-10-25 00:00:00-04:00,29.230940304411284,29.38108462080053,29.009671346889508,29.286256790161133,2209100,0.0,0.0
2012-10-26 00:00:00-04:00,29.15190675148158,29.207223222338456,28.914835731449013,29.120296478271484,2073600,0.0,0.0
2012-10-31 00:00:00-04:00,29.175623980860166,29.238844551184982,28.962262092320696,29.064990997314453,1783300,0.0,0.0
2012-11-01 00:00:00-04:00,29.238836338707753,29.37317549113132,29.09659310995229,29.36527442932129,2636100,0.0,0.0
2012-11-02 00:00:00-04:00,29.404790103245148,29.436400384190037,28.79630576040646,28.812110900878906,2308300,0.0,0.0
2012-11-05 00:00:00-05:00,28.67776708854194,28.883227852395237,28.511817662215606,28.827911376953125,1599900,0.0,0.0
2012-11-06 00:00:00-05:00,28.93854820308337,29.238839834640498,28.827915237383962,29.088695526123047,1504600,0.0,0.0
2012-11-07 00:00:00-05:00,28.820011729459633,28.922740609166294,28.51972012338008,28.64615821838379,1970500,0.0,0.0
2012-11-08 00:00:00-05:00,28.40909256951369,28.654064729500174,28.330066861032126,28.36958122253418,1841600,0.0,0.0
2012-11-09 00:00:00-05:00,28.24313890361508,28.55923264696926,28.18781940864295,28.440698623657227,1682600,0.0,0.0
2012-11-12 00:00:00-05:00,28.409093011283854,28.985967126818387,28.19572811684956,28.290555953979492,978200,0.0,0.0
2012-11-13 00:00:00-05:00,28.116700705479417,28.44069852463964,28.05348014831543,28.05348014831543,1879800,0.0,0.0
2012-11-14 00:00:00-05:00,28.17202052408315,28.17202052408315,27.666265050406164,27.745290756225586,1937500,0.0,0.0
2012-11-15 00:00:00-05:00,27.689969640001504,27.927040688779616,27.539822331308546,27.75318717956543,1855600,0.0,0.0
2012-11-16 00:00:00-05:00,27.713676916192064,27.934942835036853,27.53982340022998,27.903335571289062,2134200,0.0,0.0
2012-11-19 00:00:00-05:00,28.266842338441243,28.36167015071296,27.903333212631498,28.322158813476562,1881000,0.0,0.0
2012-11-20 00:00:00-05:00,28.314259979523204,28.68567019619301,28.17991780492363,28.598743438720703,1405400,0.0,0.0
2012-11-21 00:00:00-05:00,28.709379834328647,28.748891175254894,28.472305759727018,28.661964416503906,1018300,0.0,0.0
2012-11-23 00:00:00-05:00,28.81211621731966,29.207235758471676,28.756799722720206,29.1361141204834,773500,0.0,0.0
2012-11-26 00:00:00-05:00,29.223769063456857,29.279557623534284,29.07235165776908,29.26361846923828,1589100,0.31,0.0
2012-11-27 00:00:00-05:00,29.16798221913544,29.37518817549278,29.008596763577724,29.04047203063965,1488500,0.0,0.0
2012-11-28 00:00:00-05:00,29.008601409732826,29.3512856662167,28.904998414960605,29.327375411987305,1837300,0.0,0.0
2012-11-29 00:00:00-05:00,29.430970420559095,29.606298050277342,29.303460246241016,29.502695083618164,1409100,0.0,0.0
2012-11-30 00:00:00-05:00,29.646146833067803,29.956952718368836,29.582390220656,29.89319610595703,2371300,0.0,0.0
2012-12-03 00:00:00-05:00,30.084463648417664,30.116341955413315,29.359248884721367,29.407066345214844,1634800,0.0,0.0
2012-12-04 00:00:00-05:00,29.438941786519948,29.486759247296686,29.167982255617154,29.31940269470215,1727100,0.0,0.0
2012-12-05 00:00:00-05:00,29.271590630529865,29.518642996633,29.072355734019247,29.255651473999023,1680400,0.0,0.0
2012-12-06 00:00:00-05:00,29.287529820632134,29.582396616582532,29.199865979653655,29.57442855834961,1406200,0.0,0.0
2012-12-07 00:00:00-05:00,29.630212970979684,29.67803043882722,29.18392572465215,29.54254913330078,1377400,0.0,0.0
2012-12-10 00:00:00-05:00,29.558488289249958,29.821476762203524,29.454885295621878,29.54254913330078,1683100,0.0,0.0
2012-12-11 00:00:00-05:00,29.598331598857744,29.88523029611369,29.54254607884496,29.749752044677734,1359000,0.0,0.0
2012-12-12 00:00:00-05:00,29.821473585469338,29.93304766522815,29.59036344903315,29.6381778717041,1563900,0.0,0.0
2012-12-13 00:00:00-05:00,29.68599116294545,29.805533282990268,29.351278090951787,29.36721420288086,1740700,0.0,0.0
2012-12-14 00:00:00-05:00,29.34331387585177,29.654119812752782,29.287528350771236,29.438945770263672,1802000,0.0,0.0
2012-12-17 00:00:00-05:00,29.46286244743082,29.64615821838379,29.383166651309676,29.64615821838379,2110200,0.0,0.0
2012-12-18 00:00:00-05:00,29.614270969312727,30.060558172755282,29.486760774055263,29.909137725830078,2282300,0.0,0.0
2012-12-19 00:00:00-05:00,29.97289226055662,30.2279126333491,29.77365740430733,29.789596557617188,2145400,0.0,0.0
2012-12-20 00:00:00-05:00,29.893203034615272,29.956959661804614,29.55848986212117,29.75772476196289,2007400,0.0,0.0
2012-12-21 00:00:00-05:00,29.646147856781134,29.646147856781134,29.303463653440947,29.39909553527832,5145900,0.0,0.0
2012-12-24 00:00:00-05:00,29.7736597213684,29.909137974921506,29.04047381246966,29.167984008789062,1247200,0.0,0.0
2012-12-26 00:00:00-05:00,29.223776890513975,29.367226277515478,28.74561429389806,28.85718536376953,1361300,0.0,0.0
2012-12-27 00:00:00-05:00,28.745611793525043,28.88109310950132,28.331202827131992,28.8013973236084,3135700,0.0,0.0
2012-12-28 00:00:00-05:00,28.458706288113927,28.793422429232695,28.442767134719446,28.56230926513672,2250400,0.0,0.0
2012-12-31 00:00:00-05:00,28.52246365116762,29.183921813964844,28.371043209982556,29.183921813964844,1784100,0.0,0.0
2013-01-02 00:00:00-05:00,29.630213298199767,29.869294559911424,29.24768267144448,29.327375411987305,4359700,0.0,0.0
2013-01-03 00:00:00-05:00,29.50269970351266,29.574424377803258,29.088290812065082,29.26361846923828,4091600,0.0,0.0
2013-01-04 00:00:00-05:00,29.486760855325226,29.510668066976002,28.912963455043734,29.048444747924805,3408300,0.0,0.0
2013-01-07 00:00:00-05:00,28.873117520030462,29.080323491040474,28.530433294199447,28.705760955810547,3056700,0.0,0.0
2013-01-08 00:00:00-05:00,28.69778626622202,28.737635668024033,28.267441303536078,28.45073699951172,4288600,0.0,0.0
2013-01-09 00:00:00-05:00,28.85717691059668,29.502698963009777,28.72169866260534,29.335342407226562,4415700,0.0,0.0
2013-01-10 00:00:00-05:00,29.391123502194326,29.518633674087656,29.096253759624133,29.48675537109375,2095500,0.0,0.0
2013-01-11 00:00:00-05:00,29.518641682371644,29.630212733036778,29.3034676389104,29.59036636352539,2057600,0.0,0.0
2013-01-14 00:00:00-05:00,29.566447625063716,29.630204230052193,29.12016355047339,29.343305587768555,2785400,0.0,0.0
2013-01-15 00:00:00-05:00,29.10423000609034,29.678027401198392,29.10423000609034,29.51066780090332,2113600,0.0,0.0
2013-01-16 00:00:00-05:00,29.462853631983315,29.82147396693408,29.367218705252437,29.74178123474121,1690900,0.0,0.0
2013-01-17 00:00:00-05:00,29.853353242592775,30.196037474268483,29.749753295403718,30.108373641967773,1716800,0.0,0.0
2013-01-18 00:00:00-05:00,30.06853019780722,30.3076114654541,29.98883745528601,30.3076114654541,1760600,0.0,0.0
2013-01-22 00:00:00-05:00,30.451061200230967,30.554664198820962,30.26776545816146,30.41121482849121,2272500,0.0,0.0
2013-01-23 00:00:00-05:00,30.395269510891975,30.522779698663832,30.06055640802185,30.267759323120117,1675800,0.0,0.0
2013-01-24 00:00:00-05:00,30.38729931156558,30.666226877623334,30.132278954003503,30.315574645996094,1853700,0.0,0.0
2013-01-25 00:00:00-05:00,30.371353632896433,30.379321687321966,29.52659697994501,29.606292724609375,4418600,0.0,0.0
2013-01-28 00:00:00-05:00,29.670052912933816,29.725838426628695,29.359247039467345,29.446910858154297,2633400,0.0,0.0
2013-01-29 00:00:00-05:00,29.486759181099334,29.781625921687173,29.407066453399707,29.69396209716797,3222900,0.0,0.0
2013-01-30 00:00:00-05:00,29.63818214446279,29.797570669870638,29.518643030469352,29.57442855834961,2119700,0.0,0.0
2013-01-31 00:00:00-05:00,29.407067037755667,30.124310721552906,29.407067037755667,29.988832473754883,6104600,0.0,0.0
2013-02-01 00:00:00-05:00,29.49473132695152,30.722018960204693,29.287528382156506,30.49090576171875,7448100,0.0,0.0
2013-02-04 00:00:00-05:00,30.45903306763263,31.032827523355014,30.379337282057737,30.905317306518555,4216100,0.0,0.0
2013-02-05 00:00:00-05:00,31.08063681125794,31.407381845875555,30.96906578091279,31.375503540039062,3651600,0.0,0.0
2013-02-06 00:00:00-05:00,31.208153890215762,31.59865562279088,31.080643678777953,31.48708152770996,3048400,0.0,0.0
2013-02-07 00:00:00-05:00,31.686306723751272,31.718185026873428,31.224083488809246,31.614582061767578,3456700,0.0,0.0
2013-02-08 00:00:00-05:00,31.550837179911618,32.19635931544359,31.550837179911618,32.13260269165039,3665600,0.0,0.0
2013-02-11 00:00:00-05:00,32.08478326648422,32.252142873690076,31.941336951866713,32.09275436401367,2598900,0.0,0.0
2013-02-12 00:00:00-05:00,32.124630080164856,32.42746488000734,32.10869092647587,32.41152572631836,2914900,0.0,0.0
2013-02-13 00:00:00-05:00,32.523096539193666,32.75420664429049,32.37167611438127,32.66654586791992,2489200,0.0,0.0
2013-02-14 00:00:00-05:00,32.7382742348356,32.82593502112021,32.499189966530864,32.79405975341797,2903100,0.0,0.0
2013-02-15 00:00:00-05:00,32.76217955083089,32.92156804045489,32.49918808693891,32.55497360229492,3206900,0.0,0.0
2013-02-19 00:00:00-05:00,32.67451957268354,32.90563275781756,32.41152807785872,32.83390808105469,3580400,0.0,0.0
2013-02-20 00:00:00-05:00,32.858032715848424,33.0670652316723,32.713318840857,32.77763748168945,2389800,0.36,0.0
2013-02-21 00:00:00-05:00,32.84194749189806,32.858027149382124,32.42388866483668,32.49624252319336,2315300,0.0,0.0
2013-02-22 00:00:00-05:00,32.68920327496596,32.96255138473415,32.39173720656234,32.5766487121582,2036000,0.0,0.0
2013-02-25 00:00:00-05:00,32.882147622159344,32.970581136529276,32.11838077221501,32.12641906738281,1844000,0.0,0.0
2013-02-26 00:00:00-05:00,32.22290300480485,32.43997075040586,32.05406810606397,32.31937789916992,1664800,0.0,0.0
2013-02-27 00:00:00-05:00,32.26309475672494,32.91430400890683,32.222897146953876,32.81782913208008,2411400,0.0,0.0
2013-02-28 00:00:00-05:00,32.753520235877076,33.050986288980994,32.69723989048607,32.761558532714844,2420200,0.0,0.0
2013-03-01 00:00:00-05:00,32.63291523803168,32.74546976374242,32.30328995550129,32.5605583190918,2663700,0.0,0.0
2013-03-04 00:00:00-05:00,32.464086777363164,32.72939346275214,32.431927461897494,32.64095687866211,2461600,0.0,0.0
2013-03-05 00:00:00-05:00,32.90627049419444,33.19569823360263,32.77763628411096,33.099220275878906,1825700,0.0,0.0
2013-03-06 00:00:00-05:00,33.13941111215347,33.308242887685296,32.874101407562975,32.91429901123047,2079600,0.0,0.0
2013-03-07 00:00:00-05:00,33.09118222180301,33.34845064385368,32.962548010777674,33.17157745361328,2554200,0.0,0.0
2013-03-08 00:00:00-05:00,33.332360746610895,33.47707457292804,32.9786175416582,33.30824279785156,1749000,0.0,0.0
2013-03-11 00:00:00-04:00,33.17157628383026,33.50120162963867,33.17157628383026,33.50120162963867,1850200,0.0,0.0
2013-03-12 00:00:00-04:00,33.53336000943988,33.58963728152367,33.324330579826,33.452964782714844,2430900,0.0,0.0
2013-03-13 00:00:00-04:00,33.533362385652204,33.78259251317065,33.300211917994446,33.70219421386719,2354900,0.0,0.0
2013-03-14 00:00:00-04:00,33.81474450165217,34.03181526238699,33.77454382727542,34.007694244384766,2194800,0.0,0.0
2013-03-15 00:00:00-04:00,33.77455401745464,34.03986382736012,33.77455401745464,33.87907028198242,2611400,0.0,0.0
2013-03-18 00:00:00-04:00,33.549440161310706,33.84690618482343,33.461003570484436,33.597679138183594,1476200,0.0,0.0
2013-03-19 00:00:00-04:00,33.62983011273203,33.82277983859114,33.38060006104337,33.61375045776367,1617200,0.0,0.0
2013-03-20 00:00:00-04:00,33.96749663688888,34.16044944650234,33.8308241580267,34.007694244384766,2488000,0.0,0.0
2013-03-21 00:00:00-04:00,33.92729603434201,34.28103924271108,33.92729603434201,34.23280334472656,2255200,0.0,0.0
2013-03-22 00:00:00-04:00,34.39359794448384,34.763423919677734,34.072014006904276,34.763423919677734,2452700,0.0,0.0
2013-03-25 00:00:00-04:00,35.31011693782324,35.36639727048066,34.63478974850579,34.980491638183594,3379300,0.0,0.0
2013-03-26 00:00:00-04:00,35.17344305229016,35.18952270856834,34.924212980299686,35.02069091796875,1682600,0.0,0.0
2013-03-27 00:00:00-04:00,34.69910409661768,35.00461143364208,34.666944783903354,34.85185623168945,1821600,0.0,0.0
2013-03-28 00:00:00-04:00,34.98049312231171,35.31815979817768,34.85185892838207,35.18952560424805,3412700,0.0,0.0
2013-04-01 00:00:00-04:00,35.157363375671835,35.32619516617375,34.972451928901044,35.01264953613281,2065800,0.0,0.0
2013-04-02 00:00:00-04:00,35.2216825804984,35.57542582359374,35.09304839511093,35.3905143737793,1964400,0.0,0.0
2013-04-03 00:00:00-04:00,35.414639464759766,35.438760487863355,34.53831794174017,34.56243896484375,2733400,0.0,0.0
2013-04-04 00:00:00-04:00,34.51418412398803,34.9322458853724,34.40966791692191,34.795570373535156,2347600,0.0,0.0
2013-04-05 00:00:00-04:00,33.935335267749025,34.32123779671041,33.69414657050824,34.28104019165039,2991600,0.0,0.0
2013-04-08 00:00:00-04:00,34.25692681014751,34.49811553955078,34.136330912005334,34.49811553955078,1950800,0.0,0.0
2013-04-09 00:00:00-04:00,34.4740023484517,34.908140894591234,34.313208817679296,34.77950668334961,2099600,0.0,0.0
2013-04-10 00:00:00-04:00,34.988534531253386,35.43071438179663,34.89205965239766,35.42267608642578,1896400,0.0,0.0
2013-04-11 00:00:00-04:00,35.52719428433163,35.7121057728194,35.39856007204094,35.55131530761719,1850300,0.0,0.0
2013-04-12 00:00:00-04:00,35.54326651052665,35.60758513666083,35.33423710935233,35.3905143737793,1891100,0.0,0.0
2013-04-15 00:00:00-04:00,35.3101139504202,35.55934401125914,34.570468196003795,34.5865478515625,2210900,0.0,0.0
2013-04-16 00:00:00-04:00,34.66694448024668,34.77146071221233,34.40967611454725,34.55438995361328,4536400,0.0,0.0
2013-04-17 00:00:00-04:00,36.10604387233934,36.475866788875436,35.125206247118264,35.19756317138672,6434300,0.0,0.0
2013-04-18 00:00:00-04:00,35.17343363437176,35.57541573305029,34.674976690736784,35.35834503173828,4138700,0.0,0.0
2013-04-19 00:00:00-04:00,35.31011607102401,35.422673666694806,35.044809405573666,35.38247299194336,3021700,0.0,0.0
2013-04-22 00:00:00-04:00,35.4709189014051,35.69603108509039,35.237771487664965,35.430721282958984,2236800,0.0,0.0
2013-04-23 00:00:00-04:00,35.671900480999206,35.72817774508711,35.02872955793678,35.54326629638672,2917000,0.0,0.0
2013-04-24 00:00:00-04:00,35.72818088663765,35.77641986018928,35.49503351500766,35.56739044189453,1844500,0.0,0.0
2013-04-25 00:00:00-04:00,35.65581198210969,36.162310300172834,35.55129884151136,36.03367614746094,2938400,0.0,0.0
2013-04-26 00:00:00-04:00,36.10603251882956,36.15427147546684,35.82464627231223,35.897003173828125,1955600,0.0,0.0
2013-04-29 00:00:00-04:00,35.90505032182084,36.13015937455374,35.72817717074165,36.0256462097168,1636400,0.0,0.0
2013-04-30 00:00:00-04:00,35.96936910637972,36.757253861327044,35.81661390544856,36.709014892578125,3189900,0.0,0.0
2013-05-01 00:00:00-04:00,36.74117672537362,36.74921502060941,36.0738847462038,36.12212371826172,1817800,0.0,0.0
2013-05-02 00:00:00-04:00,36.725095106879266,36.725095106879266,35.90505102697178,36.00956726074219,1612800,0.0,0.0
2013-05-03 00:00:00-04:00,36.26683192229332,36.61253683436034,36.09800014669237,36.459781646728516,1760000,0.0,0.0
2013-05-06 00:00:00-04:00,36.40350184253853,36.61253427408659,36.13819522327258,36.59645462036133,1312900,0.0,0.0
2013-05-07 00:00:00-04:00,36.636656358240565,37.06275649599396,36.580379097287505,36.893924713134766,1698200,0.0,0.0
2013-05-08 00:00:00-04:00,36.98235780789643,37.320021341865925,36.893921244176674,37.19138717651367,1456600,0.0,0.0
2013-05-09 00:00:00-04:00,37.336116587275846,37.4165148909952,36.93413426932415,37.04669189453125,1586200,0.0,0.0
2013-05-10 00:00:00-04:00,36.901966335131426,37.23962990323607,36.87784531820915,36.96628189086914,1347900,0.0,0.0
2013-05-13 00:00:00-04:00,36.99845240396873,37.2235615175267,36.92609546505628,37.11904525756836,1027100,0.0,0.0
2013-05-14 00:00:00-04:00,37.070797569124466,38.97619226615289,37.00647894746039,37.44866180419922,1465100,0.0,0.0
2013-05-15 00:00:00-04:00,37.38434795009706,37.673775650734264,37.247675461952305,37.50494384765625,1816200,0.0,0.0
2013-05-16 00:00:00-04:00,37.43258178443108,37.68985013482189,37.05471755303429,37.13511276245117,1101200,0.0,0.0
2013-05-17 00:00:00-04:00,37.45669919239132,37.62553096985447,37.1431535865653,37.61749267578125,1614500,0.0,0.0
2013-05-20 00:00:00-04:00,37.52906893369942,37.64162349047841,37.054729682358214,37.11904525756836,1791400,0.0,0.0
2013-05-21 00:00:00-04:00,37.34591950244796,37.913117854755214,37.09473082173097,37.799678802490234,1605200,0.36,0.0
2013-05-22 00:00:00-04:00,37.661924879476246,38.148096165008575,37.05421309079734,37.16765213012695,1734300,0.0,0.0
2013-05-23 00:00:00-04:00,36.90836064752611,36.99749220112228,36.632864523220626,36.74630355834961,2039900,0.0,0.0
2013-05-24 00:00:00-04:00,36.54373472235729,37.094726997395284,36.43840023667506,36.97318649291992,1315600,0.0,0.0
2013-05-28 00:00:00-04:00,37.21626774740054,37.71864192764904,36.98938968360738,37.0542106628418,1128000,0.0,0.0
2013-05-29 00:00:00-04:00,36.98939589707538,36.98939589707538,36.33306598530416,36.34116744995117,2248400,0.0,0.0
2013-05-30 00:00:00-04:00,36.42218735089737,37.03800049402132,36.30064377835562,36.470802307128906,1663300,0.0,0.0
2013-05-31 00:00:00-04:00,36.33306500912506,36.746307696630744,36.25203800090269,36.26013946533203,2282100,0.0,0.0
2013-06-03 00:00:00-04:00,36.21963075043513,36.55994793914691,36.025161577612224,36.41409683227539,2542000,0.0,0.0
2013-06-04 00:00:00-04:00,36.39788625526532,36.5842539392646,36.049467644655934,36.30875778198242,1662300,0.0,0.0
2013-06-05 00:00:00-04:00,36.30065204274776,36.35737156525191,35.59570719806603,35.644325256347656,1762100,0.0,0.0
2013-06-06 00:00:00-04:00,35.75776771310461,35.911720275878906,35.53088651045848,35.911720275878906,1958400,0.0,0.0
2013-06-07 00:00:00-04:00,36.28444446215059,36.632866137389044,36.057566381895604,36.608558654785156,1922700,0.0,0.0
2013-06-10 00:00:00-04:00,36.30875757239533,36.81923328863269,36.25203804836895,36.40599060058594,1591600,0.0,0.0
2013-06-11 00:00:00-04:00,36.02515420113958,36.462707432161196,35.830688159117976,36.24393081665039,1871800,0.0,0.0
2013-06-12 00:00:00-04:00,36.38978481489177,36.405990834858194,35.603809846922516,35.62812042236328,1703000,0.0,0.0
2013-06-13 00:00:00-04:00,35.571395527382485,36.438397373301186,35.571395527382485,36.373573303222656,1370600,0.0,0.0
2013-06-14 00:00:00-04:00,36.42219895720338,36.649077067864795,36.20342231150168,36.22772979736328,1289600,0.0,0.0
2013-06-17 00:00:00-04:00,36.32496851476807,36.52753915402245,35.81448963837187,36.02516174316406,2307900,0.0,0.0
2013-06-18 00:00:00-04:00,36.033264975399454,36.53563927681206,35.99274837625151,36.50322723388672,1307200,0.0,0.0
2013-06-19 00:00:00-04:00,36.584247131226505,37.102827309375826,36.50321704652712,36.63286209106445,2111800,0.0,0.0
2013-06-20 00:00:00-04:00,36.33306384459479,36.4627089081846,35.63622046868123,35.66863250732422,2000200,0.0,0.0
2013-06-21 00:00:00-04:00,35.911713766624345,36.0737708560026,35.514677143178616,35.749656677246094,3819300,0.0,0.0
2013-06-24 00:00:00-04:00,35.62811729986407,35.79017130336118,35.474161669167046,35.58760070800781,2452900,0.0,0.0
2013-06-25 00:00:00-04:00,35.93602157456783,36.01705166548384,35.51467746573227,35.94412612915039,1114700,0.0,0.0
2013-06-26 00:00:00-04:00,36.260141781589006,36.389786857615725,35.82258849088041,36.00895309448242,1414300,0.0,0.0
2013-06-27 00:00:00-04:00,36.179113937154426,36.600458106326144,36.179113937154426,36.43840408325195,1145500,0.0,0.0
2013-06-28 00:00:00-04:00,36.28444591894781,36.94077579444212,36.25203697116877,36.713897705078125,3130000,0.0,0.0
2013-07-01 00:00:00-04:00,36.835447095251716,37.110943309181614,36.730112580354174,36.989402770996094,1500100,0.0,0.0
2013-07-02 00:00:00-04:00,36.93267811202809,37.03801261231463,36.454611309785676,36.49512481689453,2250400,0.0,0.0
2013-07-03 00:00:00-04:00,36.41409206502589,36.64907471655357,36.37357856086165,36.40599060058594,1063600,0.0,0.0
2013-07-05 00:00:00-04:00,36.54373803033524,37.11904093113096,36.45460955537812,37.02180480957031,1390300,0.0,0.0
2013-07-08 00:00:00-04:00,37.24869013414564,37.47556826098961,37.119045048665846,37.28920364379883,1786000,0.0,0.0
2013-07-09 00:00:00-04:00,37.653820001884014,38.05896115760566,37.5484824359215,37.580894470214844,1904200,0.0,0.0
2013-07-10 00:00:00-04:00,37.60520818859581,37.726751791867294,37.33781658877368,37.694339752197266,1906900,0.0,0.0
2013-07-11 00:00:00-04:00,38.16429647242765,38.172401026670194,37.556584725471915,37.83208084106445,2184100,0.0,0.0
2013-07-12 00:00:00-04:00,37.945523591575025,38.23722263851662,37.856392039322664,38.148094177246094,2456100,0.0,0.0
2013-07-15 00:00:00-04:00,38.07517616405149,38.415493331533106,37.572798786841815,37.78347396850586,2156000,0.0,0.0
2013-07-16 00:00:00-04:00,37.913111520705726,38.05896258953154,37.36211928091528,37.540382385253906,2797200,0.0,0.0
2013-07-17 00:00:00-04:00,34.68009948667217,36.01706719907093,34.68009948667217,34.9718017578125,11722500,0.0,0.0
2013-07-18 00:00:00-04:00,34.98799267386684,35.48226540974444,34.98799267386684,35.3364143371582,4226500,0.0,0.0
2013-07-19 00:00:00-04:00,35.14195697699038,35.198676514101244,34.0804887045017,34.339778900146484,5817500,0.0,0.0
2013-07-22 00:00:00-04:00,34.34787674344978,34.47752182759724,33.95084002555307,34.0966911315918,3967700,0.0,0.0
2013-07-23 00:00:00-04:00,34.234429653285304,34.680084332350624,34.112886063093896,34.36407470703125,4032000,0.0,0.0
2013-07-24 00:00:00-04:00,34.558544935825076,34.60715990066731,34.039961613312585,34.129093170166016,1790000,0.0,0.0
2013-07-25 00:00:00-04:00,34.07237138985559,34.42889759361409,34.07237138985559,34.380279541015625,2335100,0.0,0.0
2013-07-26 00:00:00-04:00,34.01565691425746,34.72870633644889,34.01565691425746,34.65578079223633,2234200,0.0,0.0
2013-07-29 00:00:00-04:00,34.50993703986415,34.655788159294005,34.32357240747776,34.46131896972656,1403000,0.0,0.0
2013-07-30 00:00:00-04:00,34.582849751938724,34.59905576929733,34.07237102357874,34.112884521484375,2388300,0.0,0.0
2013-07-31 00:00:00-04:00,34.38028949446084,34.420803004531074,33.98324967741409,34.056175231933594,3990000,0.0,0.0
2013-08-01 00:00:00-04:00,34.23443989926698,34.69630073465302,34.153412875543495,34.59906768798828,2819800,0.0,0.0
2013-08-02 00:00:00-04:00,34.63147832016034,34.7773263387123,34.08048592658114,34.71250534057617,2753900,0.0,0.0
2013-08-05 00:00:00-04:00,34.55854778691334,34.955584457129866,34.50992972707811,34.72870635986328,1972000,0.0,0.0
2013-08-06 00:00:00-04:00,34.72061085293064,34.923181518562636,34.461320648200335,34.54235076904297,1779500,0.0,0.0
2013-08-07 00:00:00-04:00,34.59095443777944,34.59095443777944,34.23443129562001,34.29925537109375,1787700,0.0,0.0
2013-08-08 00:00:00-04:00,34.52613032148407,34.923166929309076,34.339765757874936,34.793521881103516,2832100,0.0,0.0
2013-08-09 00:00:00-04:00,34.66388490268894,34.842148044589614,34.49372631686512,34.74491500854492,1780300,0.0,0.0
2013-08-12 00:00:00-04:00,34.582863072190605,34.85025473414426,34.24254275854248,34.339778900146484,1740000,0.0,0.0
2013-08-13 00:00:00-04:00,34.45320750709904,34.631470621565114,34.064272331794704,34.49372100830078,1712100,0.0,0.0
2013-08-14 00:00:00-04:00,34.31545933032737,34.704397612895214,34.24253378871867,34.5261344909668,3436800,0.0,0.0
2013-08-15 00:00:00-04:00,34.06427978853725,34.54234662572446,33.92653014511923,34.056175231933594,1985300,0.0,0.0
2013-08-16 00:00:00-04:00,33.86980865061078,34.15340938663766,33.748268127441406,33.748268127441406,2880100,0.0,0.0
2013-08-19 00:00:00-04:00,33.74827050432693,34.10479372477582,33.66724039219124,33.715858459472656,1644400,0.0,0.0
2013-08-20 00:00:00-04:00,33.72394722631866,34.283043971085476,33.72394722631866,34.04806137084961,1619700,0.0,0.0
2013-08-21 00:00:00-04:00,33.91032045322327,34.015658040792715,33.57810476102642,33.667236328125,1608600,0.0,0.0
2013-08-22 00:00:00-04:00,33.73206282150444,34.10479204603359,33.691549312922156,33.780677795410156,1443800,0.0,0.0
2013-08-23 00:00:00-04:00,33.813087463378906,33.894117565833874,33.5294898322424,33.813087463378906,2510100,0.0,0.0
2013-08-26 00:00:00-04:00,33.87847262450724,34.025592897102094,33.79673740757692,33.85395050048828,2126000,0.36,0.0
2013-08-27 00:00:00-04:00,33.45346052725857,33.59240572618639,33.04479377575811,33.12652587890625,2047900,0.0,0.0
2013-08-28 00:00:00-04:00,33.1673922081319,33.31450935762448,32.88949871619329,33.28181838989258,2000400,0.0,0.0
2013-08-29 00:00:00-04:00,33.26547088820389,33.35537806345551,33.00392444267895,33.0120964050293,1898900,0.0,0.0
2013-08-30 00:00:00-04:00,33.044799528537425,33.15105377543175,32.72603990573488,33.102012634277344,3088700,0.0,0.0
2013-09-03 00:00:00-04:00,33.51067619948493,33.73135663640764,33.11018138035554,33.363555908203125,2615300,0.0,0.0
2013-09-04 00:00:00-04:00,33.06113731336664,33.85394860703048,33.02027126612699,33.61692428588867,2123400,0.0,0.0
2013-09-05 00:00:00-04:00,33.649620139459664,33.6986612739966,33.41259578389782,33.600582122802734,1358500,0.0,0.0
2013-09-06 00:00:00-04:00,33.821259254954754,33.94385740252786,33.093832978563356,33.69865798950195,2089800,0.0,0.0
2013-09-09 00:00:00-04:00,33.739531569868056,34.246280670166016,33.731359605357625,34.246280670166016,1688400,0.0,0.0
2013-09-10 00:00:00-04:00,34.336176498864916,34.66311112255314,34.246272439336316,34.40973663330078,1505700,0.0,0.0
2013-09-11 00:00:00-04:00,34.328007277268526,34.44243346933197,34.07463276778525,34.21358108520508,1646500,0.0,0.0
2013-09-12 00:00:00-04:00,34.07463233502198,34.20540556970217,33.77221981442653,33.9438591003418,1909100,0.0,0.0
2013-09-13 00:00:00-04:00,33.992901983978555,34.39339678962886,33.919341840813395,34.3525276184082,1831500,0.0,0.0
2013-09-16 00:00:00-04:00,34.73666989395087,34.77753594083843,34.19722996854822,34.270790100097656,1682200,0.0,0.0
2013-09-17 00:00:00-04:00,34.24627137971074,34.62224400280335,34.213577294777586,34.426082611083984,1685100,0.0,0.0
2013-09-18 00:00:00-04:00,34.50781935629001,34.95735213151115,34.303485993200425,34.891963958740234,1580900,0.0,0.0
2013-09-19 00:00:00-04:00,34.965528661264116,35.545837857825404,34.9083155615564,35.48044967651367,2064700,0.0,0.0
2013-09-20 00:00:00-04:00,35.55400841006009,35.8809430678793,35.16986065480452,35.178035736083984,3945200,0.0,0.0
2013-09-23 00:00:00-04:00,35.14534336925663,35.25976956973758,34.6140753037321,34.8756217956543,2308700,0.0,0.0
2013-09-24 00:00:00-04:00,34.85927360725646,35.120820067210225,34.85927360725646,34.94100570678711,1484300,0.0,0.0
2013-09-25 00:00:00-04:00,34.90831313201824,34.965526227744064,34.37704822629566,34.434261322021484,1896100,0.0,0.0
2013-09-26 00:00:00-04:00,34.581379646903464,34.581379646903464,34.221750930808945,34.458778381347656,1704800,0.0,0.0
2013-09-27 00:00:00-04:00,34.22993765996569,34.70398960448519,34.13185536699138,34.40157699584961,1447600,0.0,0.0
2013-09-30 00:00:00-04:00,34.090982549110045,34.303491023900776,33.92751521108951,34.22993087768555,2015300,0.0,0.0
2013-10-01 00:00:00-04:00,34.16453713674154,34.736671167786895,34.07462995956417,34.58137893676758,1596200,0.0,0.0
2013-10-02 00:00:00-04:00,34.409738140033745,34.76119178463016,34.31165899578445,34.66311264038086,1435200,0.0,0.0
2013-10-03 00:00:00-04:00,34.54050559036256,34.77753300734848,34.254440168399725,34.475120544433594,1583400,0.0,0.0
2013-10-04 00:00:00-04:00,34.52417070785081,34.900143394563194,34.3933974638691,34.77754211425781,1292200,0.0,0.0
2013-10-07 00:00:00-04:00,34.172714052526445,34.50782065589872,33.61692703456076,33.63327407836914,2806000,0.0,0.0
2013-10-08 00:00:00-04:00,33.51067029114858,33.5760584614696,32.693336869413244,33.0120964050293,6017900,0.0,0.0
2013-10-09 00:00:00-04:00,33.30634219651513,33.55154163818953,33.01210161935382,33.31451416015625,3532100,0.0,0.0
2013-10-10 00:00:00-04:00,33.69049072265625,34.00925031580718,33.625102540532914,33.69049072265625,3457300,0.0,0.0
2013-10-11 00:00:00-04:00,33.51884434368422,34.205404585469964,33.51884434368422,34.12367248535156,1775400,0.0,0.0
2013-10-14 00:00:00-04:00,33.98472756283524,34.33617809045339,33.853951212994346,34.27896499633789,1644000,0.0,0.0
2013-10-15 00:00:00-04:00,33.99290680197796,34.31984151080134,33.87848058925391,33.96021270751953,2510300,0.0,0.0
2013-10-16 00:00:00-04:00,35.554001096509566,35.750162474426176,34.14818672209861,34.30348205566406,7430600,0.0,0.0
2013-10-17 00:00:00-04:00,34.254445901815714,34.77753882831834,34.107325626501876,34.66311264038086,3961900,0.0,0.0
2013-10-18 00:00:00-04:00,34.94100508831842,35.145338451408,34.83475086650553,34.891963958740234,4138100,0.0,0.0
2013-10-21 00:00:00-04:00,35.03908680359303,35.26794230722345,34.67946118057368,34.91648864746094,3783000,0.0,0.0
2013-10-22 00:00:00-04:00,35.15350811324471,35.22706824385759,34.86744267079434,35.14533615112305,4552800,0.0,0.0
2013-10-23 00:00:00-04:00,35.129002728610295,35.39054926821851,35.05544256947795,35.276123046875,2699900,0.0,0.0
2013-10-24 00:00:00-04:00,35.25159523837445,36.01988761706093,35.25159523837445,35.88911437988281,3125100,0.0,0.0
2013-10-25 00:00:00-04:00,35.9790095954943,36.0362226728585,35.594861975009906,36.0035285949707,1937500,0.0,0.0
2013-10-28 00:00:00-04:00,35.91363259035753,36.28143328609457,35.880941620198556,36.060752868652344,2637500,0.0,0.0
2013-10-29 00:00:00-04:00,36.26508676012899,36.722794645571284,36.101619435479606,36.70644760131836,2683800,0.0,0.0
2013-10-30 00:00:00-04:00,36.8535708419509,36.92713098805779,36.37134391033463,36.50211715698242,1975400,0.0,0.0
2013-10-31 00:00:00-04:00,36.08527569088995,36.50211440885986,36.08527569088995,36.27326202392578,2200400,0.0,0.0
2013-11-01 00:00:00-04:00,36.493936866198965,36.75548329981665,36.19969634890921,36.62471008300781,2269500,0.0,0.0
2013-11-04 00:00:00-05:00,36.788181794411855,37.46657013898388,36.788181794411855,37.221370697021484,3640000,0.0,0.0
2013-11-05 00:00:00-05:00,36.76366104573145,37.131461750208835,36.63288780834838,36.81270217895508,2521200,0.0,0.0
2013-11-06 00:00:00-05:00,36.86174073047197,36.910781864408925,36.5511562358445,36.69827651977539,2181000,0.0,0.0
2013-11-07 00:00:00-05:00,36.89443684236427,36.95982502453154,36.05258426318158,36.12614440917969,1752100,0.0,0.0
2013-11-08 00:00:00-05:00,36.28143409078072,36.36316931269056,35.79103523084134,36.101619720458984,2521000,0.0,0.0
2013-11-11 00:00:00-05:00,35.98719554306892,36.346824303852806,35.87276934386681,36.240570068359375,1503100,0.0,0.0
2013-11-12 00:00:00-05:00,36.22421294716011,36.436721359036945,36.10978677978607,36.3795051574707,1682300,0.0,0.0
2013-11-13 00:00:00-05:00,36.32229733696995,37.26223205010557,36.24873720187343,37.22953796386719,1907800,0.0,0.0
2013-11-14 00:00:00-05:00,37.33578335293452,37.54828862745376,37.12327496053635,37.466556549072266,1632900,0.0,0.0
2013-11-15 00:00:00-05:00,37.45021293250462,37.74445343017578,37.08241231041566,37.74445343017578,2059900,0.0,0.0
2013-11-18 00:00:00-05:00,37.777143309789,37.85887538654932,37.50742184429796,37.6381950378418,2209900,0.0,0.0
2013-11-19 00:00:00-05:00,37.474741906149426,37.59734318542784,37.36031570835893,37.44205093383789,1473600,0.0,0.0
2013-11-20 00:00:00-05:00,37.45839300105181,37.531950017387736,37.13963034086462,37.294925689697266,1867700,0.0,0.0
2013-11-21 00:00:00-05:00,37.27858360076002,37.572824176724176,37.26223655566423,37.44205093383789,1956400,0.0,0.0
2013-11-22 00:00:00-05:00,37.482918514497165,37.50743752419961,37.213196936249616,37.36031723022461,2053500,0.0,0.0
2013-11-25 00:00:00-05:00,37.483892076738236,37.56627300007436,37.35208071382197,37.516845703125,2586200,0.36,0.0
2013-11-26 00:00:00-05:00,37.665129148074364,37.93698867503961,37.50860101371431,37.838130950927734,2655700,0.0,0.0
2013-11-27 00:00:00-05:00,38.019377669021814,38.27476041803519,37.85461267901366,38.13471221923828,1611400,0.0,0.0
2013-11-29 00:00:00-05:00,38.20061364494978,38.30771135232295,38.060565455995366,38.11823272705078,844700,0.0,0.0
2013-12-02 00:00:00-05:00,37.98640766262446,38.15940941335021,37.698068268785434,37.731021881103516,2103800,0.0,0.0
2013-12-03 00:00:00-05:00,37.632181845309624,37.89580458229774,37.53332410459681,37.75575637817383,1625700,0.0,0.0
2013-12-04 00:00:00-05:00,37.47565320544947,37.77222639892551,37.1708368918784,37.54155731201172,2823000,0.0,0.0
2013-12-05 00:00:00-05:00,37.483888340255994,37.98642009335283,37.45917469424483,37.72279739379883,2527700,0.0,0.0
2013-12-06 00:00:00-05:00,38.21707921272784,38.340653695848516,37.93697977460001,38.109981536865234,1651500,0.0,0.0
2013-12-09 00:00:00-05:00,38.06056440210794,38.29123347994244,37.92051307440094,38.027610778808594,1303200,0.0,0.0
2013-12-10 00:00:00-05:00,38.06879109003489,38.25826965955818,37.93697977460001,38.109981536865234,1334300,0.0,0.0
2013-12-11 00:00:00-05:00,38.01936481726357,38.101745713104876,37.3108777995613,37.426212310791016,1657400,0.0,0.0
2013-12-12 00:00:00-05:00,37.40974297283748,37.615698396194354,37.27793162759429,37.327362060546875,1900200,0.0,0.0
2013-12-13 00:00:00-05:00,37.5003674305407,37.706322873496674,37.17083746475886,37.376792907714844,1439200,0.0,0.0
2013-12-16 00:00:00-05:00,37.58275190968215,37.61570553790711,37.12141368505657,37.179080963134766,1781500,0.0,0.0
2013-12-17 00:00:00-05:00,37.195545626716786,37.261449719007096,36.70949076838474,36.824825286865234,2567300,0.0,0.0
2013-12-18 00:00:00-05:00,36.85777646523576,37.26968722833901,36.445865702132515,37.22025680541992,2396400,0.0,0.0
2013-12-19 00:00:00-05:00,37.2120195735168,37.360307710575995,36.948396917107104,37.129638671875,1731500,0.0,0.0
2013-12-20 00:00:00-05:00,37.24497654991249,37.508599230095214,37.113165209821126,37.500362396240234,4073300,0.0,0.0
2013-12-23 00:00:00-05:00,37.871089935302734,37.953470859955125,37.46741586219203,37.871089935302734,1469800,0.0,0.0
2013-12-24 00:00:00-05:00,37.76398785136093,37.87108555512676,37.59098604402183,37.72279739379883,1205400,0.0,0.0
2013-12-26 00:00:00-05:00,37.83812605029015,38.282990465122154,37.67336110302311,38.16765594482422,1550900,0.0,0.0
2013-12-27 00:00:00-05:00,38.34066719700074,38.72786130470674,38.035850869334,38.711387634277344,1984500,0.0,0.0
2013-12-30 00:00:00-05:00,38.68666588797196,39.49401076872172,38.6207617868038,39.3951530456543,3036200,0.0,0.0
2013-12-31 00:00:00-05:00,39.36220294002818,39.444587002135805,39.04915293191114,39.19744110107422,1894200,0.0,0.0
2014-01-02 00:00:00-05:00,39.18920079609787,39.312775316911434,38.67019220836373,39.04091262817383,2335700,0.0,0.0
2014-01-03 00:00:00-05:00,39.02443297445665,39.13153067518841,38.43952032280618,38.61252212524414,3743500,0.0,0.0
2014-01-06 00:00:00-05:00,38.54661411387085,38.77728316039207,38.315941924719574,38.40656280517578,3568000,0.0,0.0
2014-01-07 00:00:00-05:00,37.60746292986816,38.151185141601246,37.28616981793593,37.92875289916992,4120100,0.0,0.0
2014-01-08 00:00:00-05:00,37.96994130555964,37.96994130555964,37.40150547847523,37.640411376953125,3653300,0.0,0.0
2014-01-09 00:00:00-05:00,37.78046393862607,37.97817938818595,37.4426971648834,37.475650787353516,3631900,0.0,0.0
2014-01-10 00:00:00-05:00,37.450928274613105,37.978173583021096,37.11316155249987,37.286163330078125,2494400,0.0,0.0
2014-01-13 00:00:00-05:00,37.11316771331315,37.401507199771416,36.70949683195421,36.79187774658203,3170600,0.0,0.0
2014-01-14 00:00:00-05:00,36.79187474123145,36.915449245709425,36.56944251874922,36.57768249511719,3169700,0.0,0.0
2014-01-15 00:00:00-05:00,36.62711098976039,36.66830144506698,36.445872357885335,36.45410919189453,2950300,0.0,0.0
2014-01-16 00:00:00-05:00,36.44586984098127,36.59415484131856,36.17400719799772,36.5364875793457,2693700,0.0,0.0
2014-01-17 00:00:00-05:00,36.46234210194796,36.64358385694868,36.21519625407514,36.24814987182617,2497600,0.0,0.0
2014-01-21 00:00:00-05:00,36.437630801441216,36.56120530463353,35.72090685376417,35.75386047363281,3417900,0.0,0.0
2014-01-22 00:00:00-05:00,35.75387167812837,36.0586849008598,35.70444123283497,36.009254455566406,3993100,0.0,0.0
2014-01-23 00:00:00-05:00,35.79505433530906,35.95981930770987,35.03713671931751,35.391380310058594,4681200,0.0,0.0
2014-01-24 00:00:00-05:00,35.127759144992055,35.72914864927656,35.06185503873255,35.42433547973633,4037900,0.0,0.0
2014-01-27 00:00:00-05:00,35.45729064941406,35.77858064517868,35.25957203675775,35.45729064941406,3667600,0.0,0.0
2014-01-28 00:00:00-05:00,35.547914735746495,35.77034387380588,35.38314973420201,35.41610336303711,2821400,0.0,0.0
2014-01-29 00:00:00-05:00,34.78175636611989,35.41609951034993,34.70761228062208,34.897090911865234,4237800,0.0,0.0
2014-01-30 00:00:00-05:00,35.18541794317872,35.66323595467307,34.93827210461916,35.43256378173828,3492200,0.0,0.0
2014-01-31 00:00:00-05:00,31.717136443675905,32.499767711721276,30.63792885151814,31.17341423034668,20174600,0.0,0.0
2014-02-03 00:00:00-05:00,30.819168495134086,30.819168495134086,29.534005560833187,29.69877052307129,11242500,0.0,0.0
2014-02-04 00:00:00-05:00,29.978865861016022,30.53082793661719,29.871768179010452,30.275442123413086,7072500,0.0,0.0
2014-02-05 00:00:00-05:00,30.18482723837817,30.464926748144734,29.970634974500424,30.03653907775879,6477400,0.0,0.0
2014-02-06 00:00:00-05:00,30.209536019466288,30.407254582662596,29.93767653053006,30.25896644592285,4403600,0.0,0.0
2014-02-07 00:00:00-05:00,30.4237318557447,30.473162282955567,30.085965126378763,30.431968688964844,2797200,0.0,0.0
2014-02-10 00:00:00-05:00,30.629695157555215,30.76974335683973,30.03654244851303,30.3001651763916,4067100,0.0,0.0
2014-02-11 00:00:00-05:00,30.242495345752182,30.802694380817996,30.15187445145763,30.572025299072266,3972700,0.0,0.0
2014-02-12 00:00:00-05:00,30.703831282342513,30.868596230188214,30.250730032739323,30.30839729309082,3224400,0.0,0.0
2014-02-13 00:00:00-05:00,30.168350628448856,30.580261490114413,30.168350628448856,30.530834197998047,4114000,0.0,0.0
2014-02-14 00:00:00-05:00,30.168348856073987,30.324876985594457,30.07772796901062,30.193065643310547,4544800,0.0,0.0
2014-02-18 00:00:00-05:00,30.50939803507514,30.50939803507514,29.527103424072266,29.527103424072266,8184100,0.38,0.0
2014-02-19 00:00:00-05:00,29.55207629827164,29.626997182106386,29.119200433399296,29.33563995361328,9270900,0.0,0.0
2014-02-20 00:00:00-05:00,29.360614609576622,29.660298166212865,29.285693720417562,29.593700408935547,4617600,0.0,0.0
2014-02-21 00:00:00-05:00,29.635322419455946,29.78516419777407,29.393913488215283,29.593700408935547,4596000,0.0,0.0
2014-02-24 00:00:00-05:00,29.7102387403733,30.184736573570024,29.635317862734063,29.935001373291016,3476500,0.0,0.0
2014-02-25 00:00:00-05:00,30.009922689266418,30.301283073477116,29.95165124753536,30.28463363647461,4231200,0.0,0.0
2014-02-26 00:00:00-05:00,30.326258607281083,30.92562569577103,30.209715712420422,30.74248504638672,5720600,0.0,0.0
2014-02-27 00:00:00-05:00,30.75080543779433,30.93394607085942,30.592640548227937,30.925622940063477,5002700,0.0,0.0
2014-02-28 00:00:00-05:00,30.983888415438507,31.233623573443563,30.70085438955149,31.058809280395508,5193600,0.0,0.0
2014-03-03 00:00:00-05:00,31.183679832347476,31.216978705099518,30.667560006911977,30.71750831604004,3459400,0.0,0.0
2014-03-04 00:00:00-05:00,30.933951231364233,31.291906250858283,30.884002911589725,31.192012786865234,3679900,0.0,0.0
2014-03-05 00:00:00-05:00,31.10875870537865,31.283576198138416,30.85902351286433,31.183679580688477,2960300,0.0,0.0
2014-03-06 00:00:00-05:00,31.425099458909777,31.69981046189033,31.225309349873367,31.608240127563477,5986600,0.0,0.0
2014-03-07 00:00:00-05:00,31.78304800137374,31.916240321694968,31.241952413818836,31.45006561279297,3901100,0.0,0.0
2014-03-10 00:00:00-04:00,31.541633342388426,31.541633342388426,31.216977286695613,31.341846466064453,2563800,0.0,0.0
2014-03-11 00:00:00-04:00,31.433416730719664,31.483365042555167,31.100437511816033,31.125410079956055,2047800,0.0,0.0
2014-03-12 00:00:00-04:00,30.933951318720364,31.19201287495012,30.867356734388927,31.075469970703125,2084100,0.0,0.0
2014-03-13 00:00:00-04:00,31.28358060766506,31.325202616358332,30.692536652220024,30.859027862548828,3022200,0.0,0.0
2014-03-14 00:00:00-04:00,30.908977960859684,31.29190554381067,30.83405707066876,31.033843994140625,3005900,0.0,0.0
2014-03-17 00:00:00-04:00,31.533314591890566,31.549964029822462,31.18368274643195,31.350173950195312,2409500,0.0,0.0
2014-03-18 00:00:00-04:00,31.24194981198327,31.949536534900602,31.225300376385263,31.79136848449707,3488900,0.0,0.0
2014-03-19 00:00:00-04:00,31.783054157812852,31.99116739709892,31.666511251901618,31.79970359802246,3197000,0.0,0.0
2014-03-20 00:00:00-04:00,31.641527916926456,32.18262347955085,31.624881656264243,32.13267517089844,3094500,0.0,0.0
2014-03-21 00:00:00-04:00,32.41570901315341,32.45733419118922,31.991159506963196,32.20759582519531,5034900,0.0,0.0
2014-03-24 00:00:00-04:00,32.18262057391762,32.42403261394198,31.999479967615695,32.332462310791016,3811600,0.0,0.0
2014-03-25 00:00:00-04:00,32.41571035739861,32.432359794192315,31.974511396809064,32.257545471191406,3613400,0.0,0.0
2014-03-26 00:00:00-04:00,32.39074463904456,32.93184033481166,32.39074463904456,32.59885787963867,6354900,0.0,0.0
2014-03-27 00:00:00-04:00,32.67377426125191,32.89021060433675,32.53225880145712,32.82361602783203,4228900,0.0,0.0
2014-03-28 00:00:00-04:00,33.00676117623667,33.42298765676649,32.80697106833771,33.25649642944336,3999900,0.0,0.0
2014-03-31 00:00:00-04:00,33.32308121351526,33.39800208499593,33.07334603376473,33.389678955078125,4731000,0.0,0.0
2014-04-01 00:00:00-04:00,33.398017631242496,33.62278035030798,33.306447281746564,33.472938537597656,4550100,0.0,0.0
2014-04-02 00:00:00-04:00,33.53952633186388,33.64774291674863,33.35638568735794,33.56449890136719,3785200,0.0,0.0
2014-04-03 00:00:00-04:00,33.955752991723436,33.955752991723436,33.0234035001961,33.21487045288086,3132100,0.0,0.0
2014-04-04 00:00:00-04:00,33.45627704512374,33.46460335147368,32.61550111043962,32.80696487426758,3376000,0.0,0.0
2014-04-07 00:00:00-04:00,32.46566019540703,32.46566019540703,31.69147881362596,31.84964370727539,6661500,0.0,0.0
2014-04-08 00:00:00-04:00,31.95786620181823,32.37409265024109,31.7580792848865,32.10770797729492,2765200,0.0,0.0
2014-04-09 00:00:00-04:00,32.132680242726046,32.31582089446992,31.9162438888471,32.02446365356445,2179700,0.0,0.0
2014-04-10 00:00:00-04:00,32.04111466211627,32.124358684865776,31.441747536540934,31.616561889648438,3953400,0.0,0.0
2014-04-11 00:00:00-04:00,31.425094568080848,31.633207777140985,31.266929672395143,31.483366012573242,4125100,0.0,0.0
2014-04-14 00:00:00-04:00,32.19094911701058,32.19094911701058,31.491691794748085,31.7497501373291,3556200,0.0,0.0
2014-04-15 00:00:00-04:00,31.633216154876315,32.07441525875312,31.633216154876315,32.016143798828125,3487700,0.0,0.0
2014-04-16 00:00:00-04:00,32.44901450964595,32.44901450964595,31.466719807909303,31.53331756591797,7292900,0.0,0.0
2014-04-17 00:00:00-04:00,31.125415027165893,31.425098594701,30.63426766382912,31.192012786865234,9887900,0.0,0.0
2014-04-21 00:00:00-04:00,31.34185407413035,31.72478165966752,31.233634304111266,31.616561889648438,4477500,0.0,0.0
2014-04-22 00:00:00-04:00,31.633211307522842,31.82467510015956,31.300228865642342,31.40012550354004,3049800,0.0,0.0
2014-04-23 00:00:00-04:00,31.54163356251902,31.54163356251902,31.142056631527268,31.266925811767578,3252800,0.0,0.0
2014-04-24 00:00:00-04:00,31.50834440249555,31.749756531738356,31.316880595854887,31.36682891845703,2993100,0.0,0.0
2014-04-25 00:00:00-04:00,31.350176481705017,31.658183169427478,31.208661011189992,31.624887466430664,3525200,0.0,0.0
2014-04-28 00:00:00-04:00,31.658182922248297,32.141007130824505,31.64985979045304,31.974515914916992,5853400,0.0,0.0
2014-04-29 00:00:00-04:00,32.16597404333338,32.274193790969306,32.05775429569745,32.13267517089844,2402800,0.0,0.0
2014-04-30 00:00:00-04:00,31.79970137299536,32.72372459886051,31.79970137299536,32.6488037109375,3237500,0.0,0.0
2014-05-01 00:00:00-04:00,32.923517525908274,33.04006044493791,32.69875482111267,32.79032516479492,2943800,0.0,0.0
2014-05-02 00:00:00-04:00,32.99010279730437,33.131618238074104,32.79863904920434,32.93183135986328,2123100,0.0,0.0
2014-05-05 00:00:00-04:00,32.84859265310178,32.923513545642805,32.5156133783519,32.74869918823242,2581300,0.0,0.0
2014-05-06 00:00:00-04:00,32.590531471290056,32.881888708612436,32.55723259400872,32.607177734375,4824800,0.0,0.0
2014-05-07 00:00:00-04:00,31.666505422094325,32.890208884434365,31.666505422094325,32.80696487426758,3169400,0.0,0.0
2014-05-08 00:00:00-04:00,32.78199845687361,33.123304043481745,32.55723577658688,32.71540069580078,1989800,0.0,0.0
2014-05-09 00:00:00-04:00,32.64047538522174,32.87356434187727,32.507283056656696,32.82361602783203,1547600,0.0,0.0
2014-05-12 00:00:00-04:00,32.91518395508487,33.11497084562334,32.81528733426026,33.0317268371582,1864200,0.0,0.0
2014-05-13 00:00:00-04:00,33.10665286916785,33.13162544048414,32.890213332573786,33.08168029785156,1506700,0.0,0.0
2014-05-14 00:00:00-04:00,32.9484874158612,33.1066523241872,32.66545330189753,32.690425872802734,2330100,0.0,0.0
2014-05-15 00:00:00-04:00,32.59885114569551,32.67377202385523,32.04943243104271,32.29916763305664,3069500,0.0,0.0
2014-05-16 00:00:00-04:00,32.24922398429154,32.490632891216364,32.14100422739423,32.39073944091797,1966100,0.0,0.0
2014-05-19 00:00:00-04:00,32.32414478190767,32.473983369188126,32.22424815631334,32.232574462890625,1772900,0.0,0.0
2014-05-20 00:00:00-04:00,32.282515032679015,32.382411644139594,31.907913854144592,32.07440185546875,1986400,0.0,0.0
2014-05-21 00:00:00-04:00,32.065997935930824,32.31822066981412,32.00714607159759,32.27618408203125,1293700,0.38,0.0
2014-05-22 00:00:00-04:00,32.25937236084145,32.54522567932986,32.07441071277467,32.50318908691406,1328400,0.0,0.0
2014-05-23 00:00:00-04:00,32.595668756699936,32.595668756699936,32.3266307393778,32.41911315917969,1235000,0.0,0.0
2014-05-27 00:00:00-04:00,32.562034786273074,32.61248061192292,32.36025789804532,32.528404235839844,1462800,0.0,0.0
2014-05-28 00:00:00-04:00,32.570453927255905,32.570453927255905,32.25937605197521,32.34345245361328,1668500,0.0,0.0
2014-05-29 00:00:00-04:00,32.5031802320776,32.662920522614165,32.28458808675463,32.62088394165039,1652400,0.0,0.0
2014-05-30 00:00:00-04:00,32.59566851879072,32.70496621477577,32.46114951111148,32.646114349365234,1683900,0.0,0.0
2014-06-02 00:00:00-04:00,32.679744792781705,32.71337534968504,32.46955862291552,32.48637390136719,1311800,0.0,0.0
2014-06-03 00:00:00-04:00,32.21732434201139,32.595659953943326,32.2005090695716,32.326622009277344,2279300,0.0,0.0
2014-06-04 00:00:00-04:00,32.2089297536,32.71337527728789,32.18370523238511,32.679744720458984,1311800,0.0,0.0
2014-06-05 00:00:00-04:00,32.71337520574247,32.87311553955078,32.494783001205505,32.87311553955078,1194000,0.0,0.0
2014-06-06 00:00:00-04:00,33.03285618798542,33.03285618798542,32.570447298243124,32.62929916381836,2235000,0.0,0.0
2014-06-09 00:00:00-04:00,32.65452917794239,33.142159509401864,32.6293078594562,32.898345947265625,2349500,0.0,0.0
2014-06-10 00:00:00-04:00,32.82267435904142,32.93196886253645,32.67974609012143,32.72178268432617,2094800,0.0,0.0
2014-06-11 00:00:00-04:00,32.62930209240205,32.7806363909457,32.562040978744236,32.679744720458984,1852400,0.0,0.0
2014-06-12 00:00:00-04:00,32.646118617379585,32.704970490484165,32.36026528779168,32.3854866027832,2786900,0.0,0.0
2014-06-13 00:00:00-04:00,32.51159884251586,32.63771184137958,32.22574869850676,32.34345245361328,2100200,0.0,0.0
2014-06-16 00:00:00-04:00,32.276186367276985,32.629300785463954,32.21733449877687,32.4443359375,2561500,0.0,0.0
2014-06-17 00:00:00-04:00,32.45274550631501,32.54522794036671,32.24255932244721,32.49478530883789,2391500,0.0,0.0
2014-06-18 00:00:00-04:00,32.56203445117577,33.08329514878326,32.410700182969435,32.96559143066406,1760300,0.0,0.0
2014-06-19 00:00:00-04:00,33.01604131674178,33.12533901437561,32.654520876802785,32.73859405517578,1443300,0.0,0.0
2014-06-20 00:00:00-04:00,32.873105043089346,33.016033260069065,32.612476329420765,32.99921798706055,2580900,0.0,0.0
2014-06-23 00:00:00-04:00,32.9992241933265,33.251446921519815,32.85629915665181,33.15055847167969,1649800,0.0,0.0
2014-06-24 00:00:00-04:00,33.14214936755876,33.201004437994605,32.898335880031986,32.940372467041016,1172400,0.0,0.0
2014-06-25 00:00:00-04:00,32.948785046226206,33.083304075686385,32.79745073718518,32.847896575927734,1110100,0.0,0.0
2014-06-26 00:00:00-04:00,32.83107839262928,32.97400665283203,32.435930582581015,32.97400665283203,1208500,0.0,0.0
2014-06-27 00:00:00-04:00,32.9824137800885,33.184193916705254,32.88152531537336,33.066490173339844,4773500,0.0,0.0
2014-06-30 00:00:00-04:00,33.251450886555965,33.251450886555965,32.66292897913651,32.76382064819336,1745800,0.0,0.0
2014-07-01 00:00:00-04:00,32.7638166517827,33.35233528023042,32.72177685787701,33.16737365722656,1689100,0.0,0.0
2014-07-02 00:00:00-04:00,33.26825594082608,33.31870175985164,32.940366135123426,32.99921798706055,1675300,0.0,0.0
2014-07-03 00:00:00-04:00,33.3103035472269,33.53730499721332,32.9992289115506,33.45323181152344,1491300,0.0,0.0
2014-07-07 00:00:00-04:00,33.4448217286939,33.62978658119009,33.0833012663712,33.13374710083008,1939400,0.0,0.0
2014-07-08 00:00:00-04:00,33.05807992894393,33.243044781307006,32.85630300562637,32.957191467285156,1996600,0.0,0.0
2014-07-09 00:00:00-04:00,32.94877936986058,33.343930353968,32.94877936986058,33.259857177734375,2615400,0.0,0.0
2014-07-10 00:00:00-04:00,33.10851565802323,33.243034634905996,32.96558744104351,32.99921798706055,2066900,0.0,0.0
2014-07-11 00:00:00-04:00,33.074901591043,33.184199316461516,32.87312142159244,32.898345947265625,2593100,0.0,0.0
2014-07-14 00:00:00-04:00,33.184188978146615,33.45322698213903,32.99081811322619,33.343929290771484,2538900,0.0,0.0
2014-07-15 00:00:00-04:00,33.35233723741993,33.4364136229791,32.704966708138286,32.73859405517578,4213100,0.0,0.0
2014-07-16 00:00:00-04:00,32.90675246491385,33.11693867453357,32.73860285578067,32.81427001953125,4695400,0.0,0.0
2014-07-17 00:00:00-04:00,31.191627198455244,31.275703593067234,30.22477271431623,30.65355110168457,15120900,0.0,0.0
2014-07-18 00:00:00-04:00,30.527438017396918,30.653547784889717,30.182732854752057,30.434955596923828,6757600,0.0,0.0
2014-07-21 00:00:00-04:00,30.350882839009838,30.350882839009838,29.76236410599678,30.233179092407227,5563000,0.0,0.0
2014-07-22 00:00:00-04:00,30.266807972459347,30.35088115617496,29.737137934929123,29.829620361328125,5285900,0.0,0.0
2014-07-23 00:00:00-04:00,29.871652735307865,29.871652735307865,29.510132323441937,29.661466598510742,5555100,0.0,0.0
2014-07-24 00:00:00-04:00,29.77076946961114,29.812806062850346,29.644656482707042,29.76236343383789,2485500,0.0,0.0
2014-07-25 00:00:00-04:00,29.72872761132244,29.913692437440883,29.543762785204002,29.678281784057617,1569000,0.0,0.0
2014-07-28 00:00:00-04:00,29.627843714024443,29.812805361362138,29.627843714024443,29.7791748046875,1704100,0.0,0.0
2014-07-29 00:00:00-04:00,29.728731968851285,29.79598987454355,29.501730523665405,29.636249542236328,1945500,0.0,0.0
2014-07-30 00:00:00-04:00,29.762366262733988,30.13229280846138,29.72032645831244,30.006179809570312,2103100,0.0,0.0
2014-07-31 00:00:00-04:00,29.90528778862419,29.972548901973468,29.60261919292526,29.7791748046875,2784300,0.0,0.0
2014-08-01 00:00:00-04:00,29.762362525290612,29.863250987422205,29.468099967226077,29.636249542236328,1866000,0.0,0.0
2014-08-04 00:00:00-04:00,29.493324836651084,29.69510176329853,29.325175259653925,29.627843856811523,2369300,0.0,0.0
2014-08-05 00:00:00-04:00,29.711920325125412,29.88847595724937,29.54377072954636,29.669883728027344,2357900,0.0,0.0
2014-08-06 00:00:00-04:00,29.627842164302336,29.871655669474467,29.56058105447124,29.770767211914062,2882500,0.0,0.0
2014-08-07 00:00:00-04:00,29.972549328758515,30.065028550150988,29.510137185863876,29.5773983001709,1621400,0.0,0.0
2014-08-08 00:00:00-04:00,29.58579920101793,30.123878400526863,29.58579920101793,30.081838607788086,1932800,0.0,0.0
2014-08-11 00:00:00-04:00,30.15751620298014,30.249998647579996,29.98936659527013,30.03140640258789,1226200,0.0,0.0
2014-08-12 00:00:00-04:00,29.99777036045613,30.249993122358653,29.568988778754058,29.627843856811523,2786100,0.0,0.0
2014-08-13 00:00:00-04:00,29.66988318355832,29.74555033982099,29.451287751160937,29.535364151000977,1855300,0.0,0.0
2014-08-14 00:00:00-04:00,29.644654037163175,29.69509986920057,29.299948869539868,29.568986892700195,3264800,0.0,0.0
2014-08-15 00:00:00-04:00,29.74554703692544,29.84643549834428,29.257913593559376,29.493324279785156,2579500,0.0,0.0
2014-08-18 00:00:00-04:00,29.61102795119029,29.770768282001534,29.510136282817168,29.686695098876953,1966300,0.0,0.0
2014-08-19 00:00:00-04:00,29.703511006100925,29.753953634169573,29.51013690788302,29.627843856811523,3599100,0.0,0.0
2014-08-20 00:00:00-04:00,29.64465682367593,29.711917939381472,29.199063157279525,29.341991424560547,4185200,0.0,0.0
2014-08-21 00:00:00-04:00,29.341985979752977,29.678281874316824,29.274724876528655,29.661466598510742,2440200,0.0,0.0
2014-08-22 00:00:00-04:00,29.770772939863903,29.846440099389266,29.392437142237092,29.417661666870117,2479100,0.0,0.0
2014-08-25 00:00:00-04:00,29.613145038639345,29.73214108378351,29.37515294835101,29.638643264770508,2198100,0.38,0.0
2014-08-26 00:00:00-04:00,29.66414530519393,29.66414530519393,29.290154021931762,29.46014976501465,2193000,0.0,0.0
2014-08-27 00:00:00-04:00,29.36665594402097,29.66414934553524,29.36665594402097,29.613149642944336,2057300,0.0,0.0
2014-08-28 00:00:00-04:00,29.579150239503534,29.604651712342143,29.40065614163126,29.49415397644043,2073600,0.0,0.0
2014-08-29 00:00:00-04:00,29.40915507100168,29.511154479637973,29.239162541407183,29.31566047668457,2897200,0.0,0.0
2014-09-02 00:00:00-04:00,29.349651419591428,29.56214528331253,29.154157454055895,29.392152786254883,2899300,0.0,0.0
2014-09-03 00:00:00-04:00,29.52814834368694,29.621642918887943,29.307152912559847,29.332651138305664,2602500,0.0,0.0
2014-09-04 00:00:00-04:00,29.341157811693716,29.72364747640111,29.332656240033792,29.689647674560547,1974000,0.0,0.0
2014-09-05 00:00:00-04:00,29.553648640184985,29.876640239325592,29.51964884187561,29.834138870239258,1743400,0.0,0.0
2014-09-08 00:00:00-04:00,29.817145210908397,29.87664324273134,29.545150039489798,29.613149642944336,1575600,0.0,0.0
2014-09-09 00:00:00-04:00,29.468651807706625,29.6726473736002,29.13716185022915,29.171161651611328,2297500,0.0,0.0
2014-09-10 00:00:00-04:00,29.256161828207976,29.315663109789995,29.111667516594377,29.247663497924805,1282400,0.0,0.0
2014-09-11 00:00:00-04:00,29.120167913257927,29.426159703564696,29.120167913257927,29.40066146850586,1642500,0.0,0.0
2014-09-12 00:00:00-04:00,29.502651909969277,29.502651909969277,29.145663719014205,29.188161849975586,2116800,0.0,0.0
2014-09-15 00:00:00-04:00,29.162663322465544,29.222161353684605,29.103165291246487,29.171161651611328,1327500,0.0,0.0
2014-09-16 00:00:00-04:00,29.009666937748268,29.1966593571936,28.958667236590745,28.9671688079834,2344500,0.0,0.0
2014-09-17 00:00:00-04:00,29.060662107642695,29.154159934418388,28.86516812547503,29.03516387939453,2107000,0.0,0.0
2014-09-18 00:00:00-04:00,29.24765845591652,29.24765845591652,28.9161685112192,28.933168411254883,1768200,0.0,0.0
2014-09-19 00:00:00-04:00,29.086164363128006,29.162662292335973,28.63567511672578,28.79717254638672,5000900,0.0,0.0
2014-09-22 00:00:00-04:00,28.66117705882137,28.72917341790118,27.870699524821887,27.904699325561523,4288000,0.0,0.0
2014-09-23 00:00:00-04:00,27.95569434313882,27.9641959140852,27.190716699129116,27.25871467590332,4779700,0.0,0.0
2014-09-24 00:00:00-04:00,27.14822168060022,27.360713963804457,26.697734019631646,26.91872787475586,9059500,0.0,0.0
2014-09-25 00:00:00-04:00,26.672233672181225,26.833729490465377,26.46823972228536,26.51923942565918,5357900,0.0,0.0
2014-09-26 00:00:00-04:00,26.47673979093022,26.638235609934622,25.8817578397137,26.187747955322266,5933600,0.0,0.0
2014-09-29 00:00:00-04:00,25.737262925047613,26.043253052582482,25.626765184137902,25.907257080078125,5381800,0.0,0.0
2014-09-30 00:00:00-04:00,25.91575612271612,26.060252041087704,25.465268466334177,26.0517520904541,7288600,0.0,0.0
2014-10-01 00:00:00-04:00,26.026252556492974,26.026252556492974,25.745760684428994,25.890254974365234,4974200,0.0,0.0
2014-10-02 00:00:00-04:00,26.051753654767534,26.519241240487617,25.847759690911467,26.4427433013916,4674000,0.0,0.0
2014-10-03 00:00:00-04:00,26.612734641932345,27.28421449918749,26.536236710938756,27.012224197387695,6334500,0.0,0.0
2014-10-06 00:00:00-04:00,27.14822106651932,27.19921914848679,26.723233267324215,27.080223083496094,5251500,0.0,0.0
2014-10-07 00:00:00-04:00,26.97822540361449,27.34371355054037,26.68073361877732,26.731733322143555,4451900,0.0,0.0
2014-10-08 00:00:00-04:00,26.706232481118406,26.893226522934604,26.332242776286265,26.816728591918945,4029300,0.0,0.0
2014-10-09 00:00:00-04:00,26.672232755108265,26.833728567839696,25.992252945501836,26.02625274658203,4709200,0.0,0.0
2014-10-10 00:00:00-04:00,26.07725093888104,26.29824478325119,25.98375310670912,26.119749069213867,5080200,0.0,0.0
2014-10-13 00:00:00-04:00,26.05174995229403,26.119747930582182,25.592764004148915,25.669261932373047,3217300,0.0,0.0
2014-10-14 00:00:00-04:00,25.8392592810894,26.1962491168005,25.58426723609571,26.060253143310547,4866800,0.0,0.0
2014-10-15 00:00:00-04:00,25.5842660474998,26.034752080806594,25.32927239315274,25.958255767822266,6604000,0.0,0.0
2014-10-16 00:00:00-04:00,24.768287653896937,25.703261107510563,24.36879971861464,25.17627716064453,11400800,0.0,0.0
2014-10-17 00:00:00-04:00,25.312271034262515,25.499265061078564,24.394297556911674,24.462295532226562,11196600,0.0,0.0
2014-10-20 00:00:00-04:00,24.5302945579083,25.1337764120186,24.470796529610062,25.048778533935547,6005000,0.0,0.0
2014-10-21 00:00:00-04:00,25.176280886235954,25.269777110593086,24.904287301087976,25.099782943725586,6324800,0.0,0.0
2014-10-22 00:00:00-04:00,25.269769702870754,25.61825950717086,25.218771629880365,25.482263565063477,5986400,0.0,0.0
2014-10-23 00:00:00-04:00,25.669262242797547,25.788258300940942,25.541764613415676,25.70326042175293,2897100,0.0,0.0
2014-10-24 00:00:00-04:00,25.754260211750058,25.82225819537792,25.533267980859364,25.762760162353516,3379000,0.0,0.0
2014-10-27 00:00:00-04:00,25.754260303077338,26.204747959459283,25.618264335339358,26.0517520904541,4392900,0.0,0.0
2014-10-28 00:00:00-04:00,26.204749643564934,26.37474542476247,26.1112518017863,26.306747436523438,3384300,0.0,0.0
2014-10-29 00:00:00-04:00,26.323743722194138,26.43424145795616,26.119749772940946,26.24724578857422,2861600,0.0,0.0
2014-10-30 00:00:00-04:00,26.068751889318925,26.400241856728126,26.0517519881185,26.187747955322266,2693700,0.0,0.0
2014-10-31 00:00:00-04:00,26.536237010007426,26.79123065659313,26.349242966137716,26.408740997314453,9426500,0.0,0.0
2014-11-03 00:00:00-05:00,26.49374139699595,26.57873928726785,26.24724767732744,26.459741592407227,6085800,0.0,0.0
2014-11-04 00:00:00-05:00,26.35774381700381,26.57023771915199,26.306745734424197,26.47673988342285,3436300,0.0,0.0
2014-11-05 00:00:00-05:00,26.64673444665907,26.64673444665907,26.349242672886533,26.60423469543457,3429700,0.0,0.0
2014-11-06 00:00:00-05:00,26.612734045615834,26.92722571278702,26.570235916549326,26.765729904174805,3488600,0.0,0.0
2014-11-07 00:00:00-05:00,26.833729988754264,27.071723745318764,26.697734019631646,26.91872787475586,3481800,0.0,0.0
2014-11-10 00:00:00-05:00,26.935724853442,27.07172080780791,26.706231072499662,26.774229049682617,2384100,0.0,0.0
2014-11-11 00:00:00-05:00,26.748734185094865,26.748734185094865,26.05175438378282,26.145252227783203,3952600,0.0,0.0
2014-11-12 00:00:00-05:00,26.136747990019405,26.65523359088174,26.09424986127974,26.612733840942383,3142200,0.0,0.0
2014-11-13 00:00:00-05:00,26.70623398631822,26.842229955522146,26.34924416185796,26.49374008178711,2830800,0.0,0.0
2014-11-14 00:00:00-05:00,26.46824003610126,26.510739789416668,26.15374996756637,26.340744018554688,2580100,0.0,0.0
2014-11-17 00:00:00-05:00,26.35774210534105,26.400240234530948,26.11124841668047,26.20474624633789,2106000,0.0,0.0
2014-11-18 00:00:00-05:00,26.289745838833692,26.425741806541865,26.111250117966826,26.264245986938477,2313100,0.0,0.0
2014-11-19 00:00:00-05:00,26.255747324451974,26.468241237071236,26.17924938621305,26.425743103027344,2708900,0.0,0.0
2014-11-20 00:00:00-05:00,26.425741683117106,27.10572151848205,26.425741683117106,26.808231353759766,2750700,0.0,0.0
2014-11-21 00:00:00-05:00,27.122721320752557,27.122721320752557,26.400241735062227,26.731733322143555,6151800,0.0,0.0
2014-11-24 00:00:00-05:00,26.714523262045848,26.877994238264908,26.551053926854507,26.84358024597168,2724800,0.38,0.0
2014-11-25 00:00:00-05:00,26.826374194741238,26.981241272821787,26.688714934453603,26.834978103637695,2404200,0.0,0.0
2014-11-26 00:00:00-05:00,26.87799432970244,26.895202146421454,26.53384620046079,26.568260192871094,1887600,0.0,0.0
2014-11-28 00:00:00-05:00,26.852182316449873,27.265161708135533,26.714523066230555,27.14470863342285,1812400,0.0,0.0
2014-12-01 00:00:00-05:00,26.981242057486714,27.067277866897697,26.267134008591572,26.30154800415039,3512100,0.0,0.0
2014-12-02 00:00:00-05:00,26.361773867960913,26.748941576489898,26.215510693741948,26.310152053833008,2867200,0.0,0.0
2014-12-03 00:00:00-05:00,26.249926859464043,26.396190036630298,25.845552965429306,26.043437957763672,5077800,0.0,0.0
2014-12-04 00:00:00-05:00,25.948793442121733,26.43060082086694,25.93158562548105,26.39618682861328,3429200,0.0,0.0
2014-12-05 00:00:00-05:00,26.361771315326106,26.645693727078932,26.258527697067475,26.568260192871094,2906300,0.0,0.0
2014-12-08 00:00:00-05:00,26.516641336090977,26.611282697555147,26.27573843931368,26.499433517456055,3493900,0.0,0.0
2014-12-09 00:00:00-05:00,26.189702859196355,26.542454961287323,26.129477130697122,26.482229232788086,4084800,0.0,0.0
2014-12-10 00:00:00-05:00,26.525241365551103,26.834975491563164,25.991810553088968,26.03483009338379,4713800,0.0,0.0
2014-12-11 00:00:00-05:00,26.060645661355583,27.127505802607903,26.034833933371605,26.80056381225586,6799800,0.0,0.0
2014-12-12 00:00:00-05:00,26.628488158098257,26.998446379819928,26.44780936048743,26.45641326904297,4079900,0.0,0.0
2014-12-15 00:00:00-05:00,26.508037042179875,26.645696307206208,26.215510693741948,26.310152053833008,4395600,0.0,0.0
2014-12-16 00:00:00-05:00,26.232716030601114,26.645693786613815,26.206904305464924,26.258527755737305,7196200,0.0,0.0
2014-12-17 00:00:00-05:00,26.43060358918818,26.55966058648294,26.17249287665443,26.46501922607422,3102600,0.0,0.0
2014-12-18 00:00:00-05:00,26.69731884335006,26.834978103637695,26.516640038580146,26.834978103637695,3664600,0.0,0.0
2014-12-19 00:00:00-05:00,26.757543728553976,26.817769447919574,25.02819747906793,25.114234924316406,22592600,0.0,0.0
2014-12-22 00:00:00-05:00,25.4841986854866,25.690687601028607,24.86473029783256,25.432575225830078,6830300,0.0,0.0
2014-12-23 00:00:00-05:00,25.389551038909772,26.387581371087553,25.372343223279348,26.138072967529297,5617200,0.0,0.0
2014-12-24 00:00:00-05:00,26.189700428239348,26.23271833288068,25.931588077307726,26.000417709350586,1189100,0.0,0.0
2014-12-26 00:00:00-05:00,26.026227308637985,26.31014972272747,26.00901949177735,26.284337997436523,2185200,0.0,0.0
2014-12-29 00:00:00-05:00,26.31875429481285,26.680110252859418,26.31875429481285,26.473621368408203,3814300,0.0,0.0
2014-12-30 00:00:00-05:00,26.344567359153885,26.55966016317986,26.21551036391601,26.439207077026367,2689000,0.0,0.0
2014-12-31 00:00:00-05:00,26.439205831763765,26.843581334544716,26.43060192308462,26.628488540649414,4228700,0.0,0.0
2015-01-02 00:00:00-05:00,26.80916989285852,26.88660344205388,26.034836041932977,26.215513229370117,2466800,0.0,0.0
2015-01-05 00:00:00-05:00,26.146679644931968,26.318754537407983,25.905776764698903,26.206905364990234,3255700,0.0,0.0
2015-01-06 00:00:00-05:00,26.28433756046425,26.40479063545843,25.6390592081678,25.647663116455078,3938100,0.0,0.0
2015-01-07 00:00:00-05:00,25.845552793266346,25.87996678947321,25.355139808838306,25.73370361328125,3488700,0.0,0.0
2015-01-08 00:00:00-05:00,25.948795224711866,25.948795224711866,25.63906106801274,25.793928146362305,3106500,0.0,0.0
2015-01-09 00:00:00-05:00,25.759514232412766,25.811136045015,24.864727395158884,25.036802291870117,5583000,0.0,0.0
2015-01-12 00:00:00-05:00,25.10563361117331,25.114237520690427,24.684051891002134,24.873332977294922,4393400,0.0,0.0
2015-01-13 00:00:00-05:00,24.99378327965199,25.148650361785858,24.133412059821932,24.322694778442383,4934600,0.0,0.0
2015-01-14 00:00:00-05:00,24.150618346197078,24.21944797377652,23.806470208299867,24.047374725341797,5915900,0.0,0.0
2015-01-15 00:00:00-05:00,24.021562550348385,24.167825711347668,23.462321631596204,23.574169158935547,7249800,0.0,0.0
2015-01-16 00:00:00-05:00,23.599983540697586,23.952735620280627,23.470928182001238,23.935527801513672,3328000,0.0,0.0
2015-01-20 00:00:00-05:00,23.93552722479575,24.004356857177235,23.52254943050682,23.8839054107666,4244600,0.0,0.0
2015-01-21 00:00:00-05:00,23.591376533258767,24.202239250015086,23.316058033254357,24.124807357788086,7344100,0.0,0.0
2015-01-22 00:00:00-05:00,24.202241224283917,24.503371473613466,24.107601507829592,24.443145751953125,3340200,0.0,0.0
2015-01-23 00:00:00-05:00,24.202239250015086,24.26246660779029,23.797865408262073,24.124807357788086,4803100,0.0,0.0
2015-01-26 00:00:00-05:00,21.569505573750668,24.20224096823672,21.40603458738215,22.9202880859375,24521500,0.0,0.0
2015-01-27 00:00:00-05:00,22.76542161663791,23.100967507203872,22.55032881236418,22.808441162109375,11553700,0.0,0.0
2015-01-28 00:00:00-05:00,22.911682343172284,23.66020594418599,22.79123091076711,23.221416473388672,10187100,0.0,0.0
2015-01-29 00:00:00-05:00,23.143985748291016,23.419304279201608,22.989118664396837,23.143985748291016,9755300,0.0,0.0
2015-01-30 00:00:00-05:00,22.541726872181073,23.883905530884146,22.541726872181073,23.143985748291016,15207400,0.0,0.0
2015-02-02 00:00:00-05:00,23.281642725127046,24.073184244199258,23.109569480736923,24.012958526611328,7585300,0.0,0.0
2015-02-03 00:00:00-05:00,23.926922796195313,24.219449137723217,23.849489256318645,24.150619506835938,6797500,0.0,0.0
2015-02-04 00:00:00-05:00,24.124809893032836,24.443146326731107,23.978546719406427,24.030168533325195,3800300,0.0,0.0
2015-02-05 00:00:00-05:00,24.142014736472703,24.288277902018063,23.944129759860676,24.081789016723633,4110900,0.0,0.0
2015-02-06 00:00:00-05:00,24.142015270123434,24.382919795472606,24.02156382796276,24.279674530029297,3399900,0.0,0.0
2015-02-09 00:00:00-05:00,24.107599877693918,24.477559732622893,23.995750709863998,24.012958526611328,3818700,0.0,0.0
2015-02-10 00:00:00-05:00,24.142016514385475,24.18503606096564,23.54836154083032,23.60858726501465,3519800,0.0,0.0
2015-02-11 00:00:00-05:00,23.634395570848508,23.651603388183794,22.928891470379565,23.169795989990234,4538200,0.0,0.0
2015-02-12 00:00:00-05:00,23.238627369564743,23.65160517056691,23.066552465299885,23.60858726501465,3289800,0.0,0.0
2015-02-13 00:00:00-05:00,23.71183288437664,23.875303893042076,23.574173605825127,23.763456344604492,3325400,0.0,0.0
2015-02-17 00:00:00-05:00,23.815792872628517,23.9466502122163,23.405777978491347,23.571529388427734,3298000,0.38,0.0
2015-02-18 00:00:00-05:00,23.59770112583938,23.658768664951975,23.248752079083218,23.29237174987793,3729300,0.0,0.0
2015-02-19 00:00:00-05:00,23.240026730585914,23.25747459784196,22.419996936594274,22.51595687866211,8469600,0.0,0.0
2015-02-20 00:00:00-05:00,22.55084982454998,22.629363553573018,22.036149451585633,22.481060028076172,6436900,0.0,0.0
2015-02-23 00:00:00-05:00,22.51595783671074,22.550853572707634,22.08849505427044,22.149560928344727,4314200,0.0,0.0
2015-02-24 00:00:00-05:00,22.149559216522803,22.262968685827616,21.94891374180831,22.08849334716797,6550100,0.0,0.0
2015-02-25 00:00:00-05:00,22.184458492753613,22.62064524514304,22.114668678928123,22.611921310424805,7949500,0.0,0.0
2015-02-26 00:00:00-05:00,22.594469326508342,22.943418332091767,22.367652056899086,22.8038387298584,3990500,0.0,0.0
2015-02-27 00:00:00-05:00,22.73405531680363,23.091728356019516,22.716609109562317,22.960872650146484,3705600,0.0,0.0
2015-03-02 00:00:00-05:00,23.12662048769876,23.475569536854014,23.109172619260917,23.170238494873047,3891600,0.0,0.0
2015-03-03 00:00:00-05:00,23.205133199471653,23.66749004506437,23.13534339274519,23.46684455871582,4477000,0.0,0.0
2015-03-04 00:00:00-05:00,23.449395351703075,23.562804821106155,22.847458927038033,23.02193260192871,3220700,0.0,0.0
2015-03-05 00:00:00-05:00,23.02193447566454,23.109172152170153,22.681709367604956,22.75149917602539,3412400,0.0,0.0
2015-03-06 00:00:00-05:00,22.707879358610974,22.7340494947312,22.2804166081391,22.358928680419922,3125600,0.0,0.0
2015-03-09 00:00:00-04:00,22.350206327143752,22.437442332444085,22.14083525544654,22.289138793945312,3020300,0.0,0.0
2015-03-10 00:00:00-04:00,22.17573124353421,22.201903043777147,21.8267822265625,21.8267822265625,3037100,0.0,0.0
2015-03-11 00:00:00-04:00,21.85295388089004,21.948915491193247,21.451662899477135,21.477834701538086,3487000,0.0,0.0
2015-03-12 00:00:00-04:00,21.61741530016488,22.716606077860078,21.573795628081523,22.385103225708008,6246700,0.0,0.0
2015-03-13 00:00:00-04:00,22.289143512311252,22.324039252954545,21.678483026338085,21.844234466552734,4684300,0.0,0.0
2015-03-16 00:00:00-04:00,21.96636626519754,22.132117705670513,21.652311254600438,21.852956771850586,2740100,0.0,0.0
2015-03-17 00:00:00-04:00,21.669755532826066,21.730821405003816,21.2335688299333,21.3208065032959,5000600,0.0,0.0
2015-03-18 00:00:00-04:00,21.338251964824593,21.39931949879903,20.727591600361713,20.90206527709961,8613600,0.0,0.0
2015-03-19 00:00:00-04:00,20.841000559957962,20.945686102927976,20.57928919841331,20.736316680908203,5720600,0.0,0.0
2015-03-20 00:00:00-04:00,20.84972825150544,20.971861684301984,20.657806662711664,20.936965942382812,11444300,0.0,0.0
2015-03-23 00:00:00-04:00,20.936960945262406,21.38187156501965,20.80610527213855,21.0939884185791,6370400,0.0,0.0
2015-03-24 00:00:00-04:00,21.015476193694525,21.155055810256822,20.46587999755023,20.483327865600586,6237500,0.0,0.0
2015-03-25 00:00:00-04:00,20.31757855924488,20.404814573581206,19.96862784621832,20.160551071166992,8665500,0.0,0.0
2015-03-26 00:00:00-04:00,20.082036172183678,20.143102044275253,19.759257280373646,19.8552188873291,6846000,0.0,0.0
2015-03-27 00:00:00-04:00,19.8028789819589,20.012248420875846,19.57606167381878,19.724365234375,7931700,0.0,0.0
2015-03-30 00:00:00-04:00,19.820324145414496,19.94245755963645,19.645850454115042,19.759258270263672,5162100,0.0,0.0
2015-03-31 00:00:00-04:00,19.811599576143582,20.11693060602974,19.663297692057427,19.933732986450195,6210800,0.0,0.0
2015-04-01 00:00:00-04:00,19.933732946305383,20.18672037244196,19.863943139379405,20.13437843322754,5014000,0.0,0.0
2015-04-02 00:00:00-04:00,20.082037178244132,20.265234803696604,19.471375098895287,19.759258270263672,6464200,0.0,0.0
2015-04-06 00:00:00-04:00,20.195448065805977,21.076545582218387,20.134382181367982,20.936965942382812,13350300,0.0,0.0
2015-04-07 00:00:00-04:00,20.867173592110458,21.01547714944253,20.526948469257032,20.8497257232666,10919400,0.0,0.0
2015-04-08 00:00:00-04:00,20.849723025981948,20.971856428168447,20.631629685409084,20.884618759155273,4116200,0.0,0.0
2015-04-09 00:00:00-04:00,20.90206745249098,21.207398498459956,20.823555371335853,21.172504425048828,4848700,0.0,0.0
2015-04-10 00:00:00-04:00,21.18122533254526,21.355699002508967,20.980578199402853,21.137605667114258,3803500,0.0,0.0
2015-04-13 00:00:00-04:00,21.189951257045617,21.442938684640577,21.015475906764763,21.2073974609375,3691300,0.0,0.0
2015-04-14 00:00:00-04:00,21.155056031085433,21.55634701691088,20.954410538172713,21.425491333007812,5620000,0.0,0.0
2015-04-15 00:00:00-04:00,21.49528054885052,22.27169402456797,21.469110411144253,22.13211441040039,9134800,0.0,0.0
2015-04-16 00:00:00-04:00,22.568302421234225,22.751500051416507,21.547625393863424,22.044878005981445,10883100,0.0,0.0
2015-04-17 00:00:00-04:00,23.562806287413885,23.885583521204072,22.245522222786306,23.335988998413086,27985200,0.0,0.0
2015-04-20 00:00:00-04:00,23.39705318697431,23.772173997007524,22.873628839577275,23.746002197265625,8962400,0.0,0.0
2015-04-21 00:00:00-04:00,23.301091585174152,23.772173997007524,23.274921449352384,23.746002197265625,8869900,0.0,0.0
2015-04-22 00:00:00-04:00,23.8245178431692,24.77540501241914,23.676214293912228,24.740510940551758,13303300,0.0,0.0
2015-04-23 00:00:00-04:00,24.74051148160512,25.325001757468385,24.74051148160512,25.229040145874023,10148100,0.0,0.0
2015-04-24 00:00:00-04:00,26.12758497132291,26.55504775361641,25.787358201151132,26.345678329467773,18553000,0.0,0.0
2015-04-27 00:00:00-04:00,26.380571578430217,26.441637450578217,25.06328753666548,25.124353408813477,12335900,0.0,0.0
2015-04-28 00:00:00-04:00,24.94988496885141,25.11563641659717,24.7492394427974,24.96733283996582,7780100,0.0,0.0
2015-04-29 00:00:00-04:00,24.81902257344264,24.941154310482137,24.566033502237833,24.80157470703125,4738500,0.0,0.0
2015-04-30 00:00:00-04:00,24.67071985503692,24.8626414001673,24.478796645986364,24.5660343170166,4452500,0.0,0.0
2015-05-01 00:00:00-04:00,24.557310778780877,24.757956260635762,24.286875491762544,24.44390296936035,4599500,0.0,0.0
2015-05-04 00:00:00-04:00,24.470072380266267,24.66199558671112,24.21708496802553,24.286874771118164,3637700,0.0,0.0
2015-05-05 00:00:00-04:00,24.33921701897779,24.417730756451927,23.937926062039033,24.094953536987305,3354300,0.0,0.0
2015-05-06 00:00:00-04:00,24.08623055420526,24.08623055420526,23.60642417693378,23.728557586669922,4893400,0.0,0.0
2015-05-07 00:00:00-04:00,23.658769904337795,23.807073464968216,23.362162783076954,23.405780792236328,5363900,0.0,0.0
2015-05-08 00:00:00-04:00,23.56280478481014,23.78962205934677,23.545356918171905,23.6849365234375,5482200,0.0,0.0
2015-05-11 00:00:00-04:00,23.62387306384994,23.981546046817066,23.449397707510713,23.903032302856445,4143900,0.0,0.0
2015-05-12 00:00:00-04:00,23.746005152411332,23.815794963154804,23.440675770358848,23.449398040771484,3259000,0.0,0.0
2015-05-13 00:00:00-04:00,23.449395667468526,23.449395667468526,22.707879627337757,22.83001136779785,5120800,0.0,0.0
2015-05-14 00:00:00-04:00,22.93469747529969,23.353436307787543,22.751498196136122,23.318540573120117,4109600,0.0,0.0
2015-05-15 00:00:00-04:00,23.29237036535071,23.650043325005292,23.266198564429565,23.51046371459961,3867800,0.0,0.0
2015-05-18 00:00:00-04:00,23.423226471385146,23.588977885749635,22.83001228432928,22.925973892211914,3459000,0.0,0.0
2015-05-19 00:00:00-04:00,22.917250797548476,23.04810648150333,22.472340140965752,22.690433502197266,5228900,0.0,0.0
2015-05-20 00:00:00-04:00,22.708140446082272,22.832084662929216,22.451402110609187,22.805524826049805,4197100,0.38,0.0
2015-05-21 00:00:00-04:00,22.72584418502722,23.257029036593707,22.70813762930398,23.12423324584961,4951700,0.0,0.0
2015-05-22 00:00:00-04:00,23.1862025571882,23.434087562157956,23.097671474589024,23.318998336791992,3889900,0.0,0.0
2015-05-26 00:00:00-04:00,23.26588680729221,23.26588680729221,23.06226475433404,23.079971313476562,5056800,0.0,0.0
2015-05-27 00:00:00-04:00,23.115381240844727,23.22161720385389,22.87634779118883,23.115381240844727,3919300,0.0,0.0
2015-05-28 00:00:00-04:00,23.115383232215194,23.115383232215194,22.81437849677429,22.89405632019043,2105200,0.0,0.0
2015-05-29 00:00:00-04:00,22.814379144258133,22.956028236886826,22.584198946588906,22.849790573120117,3544400,0.0,0.0
2015-06-01 00:00:00-04:00,22.87635041120939,23.15964859646678,22.681583330992527,22.849790573120117,2739900,0.0,0.0
2015-06-02 00:00:00-04:00,22.734696935751696,22.964877089046446,22.637312570121978,22.64616584777832,2867300,0.0,0.0
2015-06-03 00:00:00-04:00,22.716991424560547,22.761256126286707,22.48681126068622,22.716991424560547,3912500,0.0,0.0
2015-06-04 00:00:00-04:00,22.619609264626483,22.725846923175983,22.33631109328156,22.442548751831055,2852700,0.0,0.0
2015-06-05 00:00:00-04:00,22.415988203543943,22.787817463779565,22.40713492489664,22.681581497192383,3005000,0.0,0.0
2015-06-08 00:00:00-04:00,22.734698154125482,22.9648783197558,22.672726895800036,22.858640670776367,2789600,0.0,0.0
2015-06-09 00:00:00-04:00,23.000291817265854,23.221618724718965,22.885202568369966,23.026851654052734,2797800,0.0,0.0
2015-06-10 00:00:00-04:00,23.133087307253255,23.522623131842018,23.0445578963565,23.327856063842773,2950500,0.0,0.0
2015-06-11 00:00:00-04:00,23.301294264533265,23.54918098449707,23.283587708409392,23.54918098449707,2592800,0.0,0.0
2015-06-12 00:00:00-04:00,23.416385081747308,23.54918087487793,23.08882054934099,23.133085250854492,3286700,0.0,0.0
2015-06-15 00:00:00-04:00,23.03570412730457,23.062262274572277,22.761257555876504,22.902908325195312,2879000,0.0,0.0
2015-06-16 00:00:00-04:00,22.95602657524597,23.363267264928314,22.84093564044687,23.354413986206055,2912300,0.0,0.0
2015-06-17 00:00:00-04:00,23.496063343813407,23.894450730809297,23.319001157199576,23.859039306640625,2936300,0.0,0.0
2015-06-18 00:00:00-04:00,23.93871689303117,24.195455203719007,23.894450502505585,23.91215705871582,3120700,0.0,0.0
2015-06-19 00:00:00-04:00,23.88560137824872,23.974132486105837,23.549185194700193,23.611156463623047,5198600,0.0,0.0
2015-06-22 00:00:00-04:00,23.717391097696744,23.89445160217735,23.637713279673893,23.78821563720703,2391700,0.0,0.0
2015-06-23 00:00:00-04:00,23.797066603082694,23.947568956669105,23.68197736261787,23.726242065429688,2749700,0.0,0.0
2015-06-24 00:00:00-04:00,23.735093660984948,23.91215583685954,23.637710983984974,23.67312240600586,5396900,0.0,0.0
2015-06-25 00:00:00-04:00,23.690831331562645,23.72624275712642,23.37212005853756,23.5668888092041,3151200,0.0,0.0
2015-06-26 00:00:00-04:00,23.566888517917086,24.09807171493983,23.54918196105894,23.814773559570312,6172600,0.0,0.0
2015-06-29 00:00:00-04:00,23.584591699805667,23.655416233583846,22.902906195411944,22.92946434020996,2591000,0.0,0.0
2015-06-30 00:00:00-04:00,23.0534053653963,23.14193475398246,22.619603256092844,22.743547439575195,2851000,0.0,0.0
2015-07-01 00:00:00-04:00,22.973728972104144,23.327851613910905,22.495662139222556,23.318998336791992,4653300,0.0,0.0
2015-07-02 00:00:00-04:00,23.292444957415572,23.33671135527188,23.009146765496894,23.079971313476562,2872400,0.0,0.0
2015-07-06 00:00:00-04:00,22.814373016357422,22.95602207093943,22.681577238760532,22.814373016357422,4118900,0.0,0.0
2015-07-07 00:00:00-04:00,22.876347389721175,23.11538083518216,22.708138481220093,23.053409576416016,3514000,0.0,0.0
2015-07-08 00:00:00-04:00,22.929465370293563,23.301294611480603,22.85864083333366,23.053409576416016,4237100,0.0,0.0
2015-07-09 00:00:00-04:00,23.30129402638721,23.469502930664582,22.78781572417376,22.82322883605957,4039000,0.0,0.0
2015-07-10 00:00:00-04:00,23.00914291007057,23.01799618815837,22.33630897270897,22.469104766845703,5358800,0.0,0.0
2015-07-13 00:00:00-04:00,22.548780766621928,23.1330835646788,22.504516068334894,23.106525421142578,4997300,0.0,0.0
2015-07-14 00:00:00-04:00,23.07996755827589,23.106527392668287,22.814375968712522,22.858640670776367,3016000,0.0,0.0
2015-07-15 00:00:00-04:00,22.858642010653764,22.973732944510143,22.46910619301641,22.65502166748047,3288600,0.0,0.0
2015-07-16 00:00:00-04:00,22.76125559606373,22.885199797471937,22.203512599792113,22.265483856201172,5565000,0.0,0.0
2015-07-17 00:00:00-04:00,22.805522396802047,22.85864037631243,21.008347485564588,21.521825790405273,15123800,0.0,0.0
2015-07-20 00:00:00-04:00,21.5572398338952,21.628064372499196,21.043761506868673,21.256235122680664,6704500,0.0,0.0
2015-07-21 00:00:00-04:00,21.167702177699653,21.34476435303351,20.831286070873375,21.008346557617188,5520000,0.0,0.0
2015-07-22 00:00:00-04:00,21.043763716663467,21.10573498337576,20.66308114847038,20.981792449951172,6801900,0.0,0.0
2015-07-23 00:00:00-04:00,20.92866815060942,21.0171992357511,20.75160766891606,20.83128547668457,4653300,0.0,0.0
2015-07-24 00:00:00-04:00,20.840140090533218,20.857844957824966,20.29124867832646,20.54798698425293,6341100,0.0,0.0
2015-07-27 00:00:00-04:00,20.415191012023545,20.512575379923597,20.202717409088052,20.432897567749023,5873700,0.0,0.0
2015-07-28 00:00:00-04:00,20.450606673606135,20.539137774683017,20.20271992830892,20.415193557739258,3842800,0.0,0.0
2015-07-29 00:00:00-04:00,20.308957573054684,20.556842629587486,20.273544457212683,20.468313217163086,3497300,0.0,0.0
2015-07-30 00:00:00-04:00,20.44174993782228,20.93752165598856,20.388631961594825,20.75160789489746,5038100,0.0,0.0
2015-07-31 00:00:00-04:00,20.742755721773122,20.778167144946725,20.42404447026016,20.54798698425293,3785800,0.0,0.0
2015-08-03 00:00:00-04:00,20.813579757073832,20.866697734854174,19.76891662538335,19.928272247314453,4749200,0.0,0.0
2015-08-04 00:00:00-04:00,19.866303915771816,20.025659561157227,19.760066255984768,20.025659561157227,5624400,0.0,0.0
2015-08-05 00:00:00-04:00,20.220422520056527,20.362071578559306,20.025655486762698,20.300100326538086,4580600,0.0,0.0
2015-08-06 00:00:00-04:00,20.14960058905647,20.3001029441964,19.945980252276026,20.034509658813477,4585100,0.0,0.0
2015-08-07 00:00:00-04:00,20.02565634100614,20.264688082057333,19.91941869830224,20.202716827392578,3902700,0.0,0.0
2015-08-10 00:00:00-04:00,20.335516417259512,20.89326119072583,20.211573884751605,20.84014320373535,4676600,0.0,0.0
2015-08-11 00:00:00-04:00,20.671929043807012,20.716193740332688,20.47716032647821,20.627662658691406,3904600,0.0,0.0
2015-08-12 00:00:00-04:00,20.291249304542525,20.601107287677205,20.09648224960166,20.556840896606445,4480800,0.0,0.0
2015-08-13 00:00:00-04:00,20.725048982859086,20.725048982859086,20.291248499125363,20.432897567749023,4148700,0.0,0.0
2015-08-14 00:00:00-04:00,20.450602850065376,20.68078299439359,20.28239395832745,20.441749572753906,3954600,0.0,0.0
2015-08-17 00:00:00-04:00,20.344367449208228,20.78702123194256,20.326660892637214,20.72504997253418,3604700,0.0,0.0
2015-08-18 00:00:00-04:00,20.787020711753375,20.80472726788129,20.193864590189325,20.273542404174805,3408000,0.0,0.0
2015-08-19 00:00:00-04:00,20.185010547077837,20.220423657991443,19.91056569185765,19.928272247314453,3809500,0.0,0.0
2015-08-20 00:00:00-04:00,19.954833920452707,20.37978115905823,19.848596266506217,20.149600982666016,5270900,0.0,0.0
2015-08-21 00:00:00-04:00,20.069921724338602,20.202717515800963,19.760063751866358,19.990243911743164,9089100,0.0,0.0
2015-08-24 00:00:00-04:00,19.24286282210138,19.594042254061446,18.459460569082005,19.30589485168457,12693100,0.38,0.0
2015-08-25 00:00:00-04:00,19.549018149006315,19.89119447744935,19.08077947889089,19.30589485168457,8988600,0.0,0.0
2015-08-26 00:00:00-04:00,19.61205360417983,19.711103208939782,19.161822819379967,19.585039138793945,6106900,0.0,0.0
2015-08-27 00:00:00-04:00,19.819157045214038,20.647581661482427,19.621056141267186,20.55753517150879,6847600,0.0,0.0
2015-08-28 00:00:00-04:00,20.431473320665784,21.214873917731904,20.40445885551056,20.890708923339844,5420300,0.0,0.0
2015-08-31 00:00:00-04:00,20.737630280556345,21.151841772470018,20.620569316323962,21.097814559936523,4967700,0.0,0.0
2015-09-01 00:00:00-04:00,20.43147380928516,20.899712527381443,20.24237598366456,20.32341766357422,5935500,0.0,0.0
2015-09-02 00:00:00-04:00,20.548529792434806,20.647581100463867,20.071286328281474,20.647581100463867,3363000,0.0,0.0
2015-09-03 00:00:00-04:00,20.755633174897106,21.00776296808987,20.602554678582514,20.800657272338867,2937600,0.0,0.0
2015-09-04 00:00:00-04:00,20.539525757766672,20.746633202250727,20.48549855018099,20.54853057861328,3020000,0.0,0.0
2015-09-08 00:00:00-04:00,20.86369176519846,20.935728612153426,20.620566762665238,20.710613250732422,2615100,0.0,0.0
2015-09-09 00:00:00-04:00,20.91771987800275,21.025776011867304,20.485498777532488,20.539525985717773,2916700,0.0,0.0
2015-09-10 00:00:00-04:00,20.458485642465007,20.83667955929507,20.413463252304275,20.494504928588867,5437700,0.0,0.0
2015-09-11 00:00:00-04:00,20.377444189655787,20.656588507694742,20.071288841715898,20.350431442260742,3732600,0.0,0.0
2015-09-14 00:00:00-04:00,20.395450718022207,20.53051958685139,20.251377028938563,20.45848274230957,2608200,0.0,0.0
2015-09-15 00:00:00-04:00,20.53052115515463,20.890707122871785,20.46748912605232,20.81867027282715,3106000,0.0,0.0
2015-09-16 00:00:00-04:00,20.827675257929762,21.701124075812494,20.737630475359456,21.638092041015625,6291000,0.0,0.0
2015-09-17 00:00:00-04:00,21.67410691115098,21.79116786190368,21.34093713514942,21.457996368408203,4711500,0.0,0.0
2015-09-18 00:00:00-04:00,21.19686232539426,21.448990419922897,20.656585138199727,20.746631622314453,5568400,0.0,0.0
2015-09-21 00:00:00-04:00,20.836678318122814,21.043785766010114,20.72862390117587,20.881702423095703,2827600,0.0,0.0
2015-09-22 00:00:00-04:00,20.647580747686355,20.81866889931506,20.467487775709415,20.59355354309082,3792800,0.0,0.0
2015-09-23 00:00:00-04:00,20.656585352919965,20.809663862258066,20.332418693734844,20.45848274230957,3120100,0.0,0.0
2015-09-24 00:00:00-04:00,20.251380121827943,20.458485866829147,19.864181379220586,20.350431442260742,3203100,0.0,0.0
2015-09-25 00:00:00-04:00,20.61156351342381,20.620568334666398,20.206356862471573,20.377443313598633,4210400,0.0,0.0
2015-09-28 00:00:00-04:00,20.14332188029329,20.25137628438642,19.431956563789395,19.45897102355957,5005100,0.0,0.0
2015-09-29 00:00:00-04:00,19.449971297926822,19.59404501944897,18.8826795166259,18.936708450317383,6497000,0.0,0.0
2015-09-30 00:00:00-04:00,19.044760085446352,19.044760085446352,18.32439158364224,18.96371841430664,6573900,0.0,0.0
2015-10-01 00:00:00-04:00,18.72959662197688,18.873670310031024,17.703071165217658,17.856149673461914,9285700,0.0,0.0
2015-10-02 00:00:00-04:00,17.685062857062434,18.07226156693601,17.513976413043757,17.946197509765625,7649300,0.0,0.0
2015-10-05 00:00:00-04:00,18.027242376478274,19.5400182007274,18.027242376478274,19.467981338500977,11024800,0.0,0.0
2015-10-06 00:00:00-04:00,19.413950390373206,19.576033742947253,18.990734083369706,19.540016174316406,6540700,0.0,0.0
2015-10-07 00:00:00-04:00,19.666079023661748,20.260383467989936,19.467978114717017,19.648069381713867,6429100,0.0,0.0
2015-10-08 00:00:00-04:00,19.71110011014984,20.314409335634934,19.7020952897702,20.107303619384766,4363400,0.0,0.0
2015-10-09 00:00:00-04:00,20.017260474772264,20.287399978777138,19.65707618692659,20.125316619873047,5127400,0.0,0.0
2015-10-12 00:00:00-04:00,20.593553406704142,20.710612635468188,20.197349901475167,20.25137710571289,6011100,0.0,0.0
2015-10-13 00:00:00-04:00,20.14332314999968,20.593553869586234,19.945220534185506,20.233367919921875,5797200,0.0,0.0
2015-10-14 00:00:00-04:00,20.242373508417465,20.530520905086277,20.080290168417772,20.278392791748047,3923600,0.0,0.0
2015-10-15 00:00:00-04:00,20.152326791165407,20.368439053732867,19.81015219083916,20.287397384643555,6963500,0.0,0.0
2015-10-16 00:00:00-04:00,21.710126547982128,22.10632835739598,20.719618589459593,21.51202392578125,15615900,0.0,0.0
2015-10-19 00:00:00-04:00,21.476006078403366,21.476006078403366,20.692603855646624,20.83667755126953,9208200,0.0,0.0
2015-10-20 00:00:00-04:00,20.764641925331787,21.575056940272145,20.73762917924666,21.412975311279297,5826400,0.0,0.0
2015-10-21 00:00:00-04:00,21.403970609096923,21.629085987692825,21.27790482918727,21.47600746154785,4886300,0.0,0.0
2015-10-22 00:00:00-04:00,21.57505807093097,22.250404238355685,21.557050145095175,22.052303314208984,4766000,0.0,0.0
2015-10-23 00:00:00-04:00,22.223389022752617,22.412485104233582,21.755148653141763,22.277416229248047,4864800,0.0,0.0
2015-10-26 00:00:00-04:00,22.32244281167534,22.49352927082717,21.90822960255791,22.052303314208984,4378600,0.0,0.0
2015-10-27 00:00:00-04:00,21.83619060393254,21.92623709425167,21.46700153936866,21.51202392578125,6422600,0.0,0.0
2015-10-28 00:00:00-04:00,21.70112141026543,22.1693617790913,21.485010867152084,22.007278442382812,5279000,0.0,0.0
2015-10-29 00:00:00-04:00,21.97125997722851,22.223389812321575,21.863205560398615,22.17836570739746,3920200,0.0,0.0
2015-10-30 00:00:00-04:00,22.20537767786998,22.295424160116788,22.05229917329854,22.13334083557129,4195200,0.0,0.0
2015-11-02 00:00:00-05:00,22.160355254559597,22.565561847681067,22.016281570228347,22.475515365600586,4088500,0.0,0.0
2015-11-03 00:00:00-05:00,22.457511794669866,23.024801821958658,22.313438082422106,22.799686431884766,4652600,0.0,0.0
2015-11-04 00:00:00-05:00,22.826698944001915,22.997787106718597,22.295426531482207,22.39447784423828,3227000,0.0,0.0
2015-11-05 00:00:00-05:00,22.421490696810196,22.610588502295215,22.133343295589196,22.32244110107422,4112300,0.0,0.0
2015-11-06 00:00:00-05:00,22.22339023128407,22.286422261872143,21.971260391437774,22.169363021850586,5051100,0.0,0.0
2015-11-09 00:00:00-05:00,22.14234845029179,22.304431795295006,21.908228253897594,22.24139976501465,4570800,0.0,0.0
2015-11-10 00:00:00-05:00,22.22338955336832,22.322440865553205,21.647094757006734,21.917232513427734,3300900,0.0,0.0
2015-11-11 00:00:00-05:00,21.97125775440185,22.007277034697083,21.457995032651546,21.647092819213867,2920200,0.0,0.0
2015-11-12 00:00:00-05:00,21.494017234507275,21.6560988653852,21.043786474582475,21.124826431274414,3584600,0.0,0.0
2015-11-13 00:00:00-05:00,21.02577781412771,21.124827418041946,20.377444390355333,20.890708923339844,4532400,0.0,0.0
2015-11-16 00:00:00-05:00,20.782651567717892,21.457997699750525,20.638577863617115,21.412975311279297,6418600,0.0,0.0
2015-11-17 00:00:00-05:00,21.503019487362632,23.4660257977509,21.494016383915184,22.250402450561523,18180600,0.0,0.0
2015-11-18 00:00:00-05:00,22.286423288984935,22.583575530804968,21.602072307143075,21.926239013671875,6756400,0.0,0.0
2015-11-19 00:00:00-05:00,21.91723286215574,22.034292100468996,21.629085459390193,21.97126007080078,3606300,0.0,0.0
2015-11-20 00:00:00-05:00,22.07031181509003,22.295427192578718,21.836191616402512,22.097326278686523,5666500,0.0,0.0
2015-11-23 00:00:00-05:00,22.115618264147837,22.34427436407574,21.521112753236814,21.539403915405273,4551200,0.38,0.0
2015-11-24 00:00:00-05:00,21.457084682370166,22.426587671191157,21.383914810054183,22.28939437866211,4790400,0.0,0.0
2015-11-25 00:00:00-05:00,22.34427319526974,22.856462343854023,22.024154323214248,22.691829681396484,4110900,0.0,0.0
2015-11-27 00:00:00-05:00,22.673538003002946,22.77414549314853,22.31683332764552,22.390003204345703,1717300,0.0,0.0
2015-11-30 00:00:00-05:00,22.463175708809562,22.74671054063498,22.289398321635147,22.737564086914062,4941400,0.0,0.0
2015-12-01 00:00:00-05:00,22.80158393310494,22.893046711424727,22.47231862895667,22.710121154785156,5816100,0.0,0.0
2015-12-02 00:00:00-05:00,22.67353926954635,22.79243967163562,22.390004455050857,22.51805305480957,4241700,0.0,0.0
2015-12-03 00:00:00-05:00,22.490612438998756,22.737561427052174,22.207079384848978,22.390003204345703,7322000,0.0,0.0
2015-12-04 00:00:00-05:00,22.838169265055257,23.450967645943376,22.737561773377276,23.359506607055664,10319600,0.0,0.0
2015-12-07 00:00:00-05:00,23.286334719999978,23.771086245328352,23.23145774838973,23.551576614379883,8041100,0.0,0.0
2015-12-08 00:00:00-05:00,23.231460097774285,23.688772311291526,23.112559689843167,23.213167190551758,6365600,0.0,0.0
2015-12-09 00:00:00-05:00,22.938780024372335,23.862550883437898,22.89304950189198,23.14914321899414,7031600,0.0,0.0
2015-12-10 00:00:00-05:00,23.139996716795924,23.652187638935292,23.121705554546924,23.386945724487305,7321100,0.0,0.0
2015-12-11 00:00:00-05:00,23.13084974047462,24.16437444780299,23.112556835511214,24.008888244628906,10644500,0.0,0.0
2015-12-14 00:00:00-05:00,24.658271379549088,25.225339238174143,24.475347558175592,24.758880615234375,13832800,0.0,0.0
2015-12-15 00:00:00-05:00,24.941806659520864,25.143023390243467,24.65827185251615,24.77717399597168,8034000,0.0,0.0
2015-12-16 00:00:00-05:00,25.069853607748897,25.31680260402186,24.393031789617744,25.179609298706055,8468800,0.0,0.0
2015-12-17 00:00:00-05:00,25.24363315396203,25.289363675008754,24.45705563150396,24.55766487121582,6156700,0.0,0.0
2015-12-18 00:00:00-05:00,24.36559182279211,24.5119315774119,23.94486546438709,23.954011917114258,7944200,0.0,0.0
2015-12-21 00:00:00-05:00,24.063767023374037,24.173522716895043,23.899134355346305,24.127790451049805,4011500,0.0,0.0
2015-12-22 00:00:00-05:00,24.219253913900754,24.713151931762695,23.752795256311458,24.713151931762695,5067800,0.0,0.0
2015-12-23 00:00:00-05:00,24.90522084479393,25.36253302370461,24.740588181264883,25.29850959777832,5140400,0.0,0.0
2015-12-24 00:00:00-05:00,25.289362903882115,25.50887253832668,25.1521696004177,25.32594871520996,1447400,0.0,0.0
2015-12-28 00:00:00-05:00,25.225342218764542,25.325951466337674,24.877785695932875,25.124732971191406,2689800,0.0,0.0
2015-12-29 00:00:00-05:00,25.316802978515625,25.490582098223584,25.13387740571698,25.316802978515625,2473500,0.0,0.0
2015-12-30 00:00:00-05:00,25.335096405483235,25.5454595973706,25.06070804064496,25.097293853759766,1897000,0.0,0.0
2015-12-31 00:00:00-05:00,25.069853339279728,25.106439150709498,24.731443306091894,24.850343704223633,3161800,0.0,0.0
2016-01-04 00:00:00-05:00,24.429615560966997,25.09729266256138,24.17352185934875,25.088146209716797,5849200,0.0,0.0
2016-01-05 00:00:00-05:00,25.261924462303664,25.362531951144295,24.667417259254975,24.932659149169922,4045300,0.0,0.0
2016-01-06 00:00:00-05:00,24.530226054150546,24.777175060080072,24.219253619537277,24.621688842773438,6939800,0.0,0.0
2016-01-07 00:00:00-05:00,24.237545721565297,24.877783476164378,23.94486620329402,24.74973487854004,6746200,0.0,0.0
2016-01-08 00:00:00-05:00,24.868635199402082,25.18875405322556,24.63083267211914,24.63083267211914,6302100,0.0,0.0
2016-01-11 00:00:00-05:00,24.786320587727268,24.822904655105603,24.12778992984191,24.42047119140625,4779200,0.0,0.0
2016-01-12 00:00:00-05:00,24.566813172605983,24.85034626234386,24.3015712459584,24.795469284057617,3920300,0.0,0.0
2016-01-13 00:00:00-05:00,24.813760075014393,25.289365198382956,23.999744888696874,24.018037796020508,4179300,0.0,0.0
2016-01-14 00:00:00-05:00,24.100353008971222,24.301569746611314,23.688771335948783,24.05462074279785,4132300,0.0,0.0
2016-01-15 00:00:00-05:00,23.505844831711148,23.889987101345195,23.011946880249923,23.4966983795166,6686000,0.0,0.0
2016-01-19 00:00:00-05:00,23.63389685421982,23.67048092651024,22.362569377114923,22.74671173095703,7731800,0.0,0.0
2016-01-20 00:00:00-05:00,22.472319007228045,22.993654584566727,21.813790132354036,22.847314834594727,5616800,0.0,0.0
2016-01-21 00:00:00-05:00,22.984509292018753,23.70706337041243,22.691829777304992,23.6156005859375,6136600,0.0,0.0
2016-01-22 00:00:00-05:00,23.880844009040295,24.191816449377285,23.734504242353196,23.999744415283203,3678900,0.0,0.0
2016-01-25 00:00:00-05:00,24.83204997029409,25.243631612614124,24.438761233078825,24.457054138183594,7969000,0.0,0.0
2016-01-26 00:00:00-05:00,24.457057471525818,24.960101963424023,24.411326947038567,24.795469284057617,4678300,0.0,0.0
2016-01-27 00:00:00-05:00,24.78631966594478,24.923512966399617,23.926572308183033,24.667417526245117,6271700,0.0,0.0
2016-01-28 00:00:00-05:00,24.86863780156231,25.051561633953753,24.36559333734378,24.8594913482666,5293000,0.0,0.0
2016-01-29 00:00:00-05:00,24.996686867736774,25.29851287513834,24.502790557674096,25.23448944091797,8701700,0.0,0.0
2016-02-01 00:00:00-05:00,25.33509488597063,25.362532499653533,23.88084204752243,24.4753475189209,9782100,0.0,0.0
2016-02-02 00:00:00-05:00,26.06679411755129,28.078968396358253,25.93874726609344,27.85945701599121,28649000,0.0,0.0
2016-02-03 00:00:00-05:00,27.987505437816914,29.450904745615954,27.328974789828223,29.04846954345703,17137700,0.0,0.0
2016-02-04 00:00:00-05:00,29.075911884273,31.42649642398024,28.426527622511028,29.53322410583496,24983700,0.0,0.0
2016-02-05 00:00:00-05:00,29.46004952599501,29.999678032968887,28.280185019642094,29.094200134277344,9277600,0.0,0.0
2016-02-08 00:00:00-05:00,28.865542534186673,29.35943875100449,28.545423679013737,29.23139190673828,8491300,0.0,0.0
2016-02-09 00:00:00-05:00,28.95700821257034,29.139933789414002,28.11555369920316,28.50884246826172,7139000,0.0,0.0
2016-02-10 00:00:00-05:00,28.737497584237058,28.81066746357059,27.639947649726597,27.667387008666992,5425800,0.0,0.0
2016-02-11 00:00:00-05:00,27.43872928814131,27.667385365542486,26.963124228465077,27.402143478393555,6239500,0.0,0.0
2016-02-12 00:00:00-05:00,27.578157710129037,28.550849819968064,27.087178795179955,28.495267868041992,4584600,0.38,0.0
2016-02-16 00:00:00-05:00,28.513798726492226,28.662018458253236,27.44846697494691,28.11545753479004,5251200,0.0,0.0
2016-02-17 00:00:00-05:00,28.717598055711797,29.579126280090097,28.40263070987632,29.560598373413086,6210300,0.0,0.0
2016-02-18 00:00:00-05:00,29.718082781046043,29.73660715324278,29.08814634433635,29.152992248535156,5120500,0.0,0.0
2016-02-19 00:00:00-05:00,29.078883216879337,29.458696466756834,28.754653686680314,29.449434280395508,4218600,0.0,0.0
2016-02-22 00:00:00-05:00,29.458695966651952,30.125686456123177,29.347532063019006,30.014522552490234,3813100,0.0,0.0
2016-02-23 00:00:00-05:00,29.9867297200385,30.0145233470601,29.467960699875224,29.616180419921875,3487800,0.0,0.0
2016-02-24 00:00:00-05:00,29.366057791021362,29.995992421276952,29.143726466410232,29.94040870666504,3249600,0.0,0.0
2016-02-25 00:00:00-05:00,29.801452997838982,30.709302722480057,29.745872813686447,30.700037002563477,4082700,0.0,0.0
2016-02-26 00:00:00-05:00,30.737089465555783,30.876046978470292,30.014518879607582,30.079364776611328,3566000,0.0,0.0
2016-02-29 00:00:00-05:00,30.134948831770124,30.57034579667171,29.745873399690513,30.125686645507812,5407900,0.0,0.0
2016-03-01 00:00:00-05:00,30.412863326759307,30.50549932300383,29.71808275341516,29.894092559814453,4325200,0.0,0.0
2016-03-02 00:00:00-05:00,29.894091417564653,30.394334259379033,29.643969996657464,30.236848831176758,4382400,0.0,0.0
2016-03-03 00:00:00-05:00,30.338751324531618,30.76488255608362,30.21832170384546,30.551816940307617,5203600,0.0,0.0
2016-03-04 00:00:00-05:00,30.422127399744156,30.755622661047855,29.810720598633022,29.847776412963867,4299600,0.0,0.0
2016-03-07 00:00:00-05:00,29.736605989362378,30.43138653615904,29.699553712582375,30.236848831176758,3162300,0.0,0.0
2016-03-08 00:00:00-05:00,30.236849998557023,30.792676577755593,29.921882663828857,30.64445686340332,3634800,0.0,0.0
2016-03-09 00:00:00-05:00,30.662979561579064,31.14469449038444,30.570343570355032,30.829727172851562,4265800,0.0,0.0
2016-03-10 00:00:00-05:00,31.033529482380057,31.413342686930356,30.74635226573513,31.14469337463379,5273600,0.0,0.0
2016-03-11 00:00:00-05:00,31.34849555505759,31.422603635698433,30.551813368609935,30.607397079467773,4528300,0.0,0.0
2016-03-14 00:00:00-04:00,30.431386969491633,30.570344494364313,30.16274117328732,30.403596878051758,3340000,0.0,0.0
2016-03-15 00:00:00-04:00,30.060840202796644,30.14421401301429,29.60691533964794,29.866302490234375,3087600,0.0,0.0
2016-03-16 00:00:00-04:00,29.38458535836083,30.01452178617738,29.38458535836083,29.80145263671875,4359500,0.0,0.0
2016-03-17 00:00:00-04:00,29.94967941828282,30.468446705787077,29.782931780488706,30.394338607788086,4685500,0.0,0.0
2016-03-18 00:00:00-04:00,30.505498432962717,30.801937852900238,30.29243282074741,30.366540908813477,10255200,0.0,0.0
2016-03-21 00:00:00-04:00,30.18127230292143,30.46844603537471,29.86630494222261,30.199796676635742,3408200,0.0,0.0
2016-03-22 00:00:00-04:00,30.00525832311453,30.1905338609318,29.829248505798443,29.847776412963867,2732400,0.0,0.0
2016-03-23 00:00:00-04:00,29.903351455741436,30.28316465269323,29.708813764730206,30.079364776611328,3391300,0.0,0.0
2016-03-24 00:00:00-04:00,29.986728589630747,30.218322114338076,29.727344972786295,29.96820068359375,3503900,0.0,0.0
2016-03-28 00:00:00-04:00,30.033046846427407,30.431387995061176,29.94967656929812,29.995994567871094,2744600,0.0,0.0
2016-03-29 00:00:00-04:00,29.99599340080989,30.38506881428915,29.838507971184974,30.366540908813477,3697300,0.0,0.0
2016-03-30 00:00:00-04:00,30.459180469560213,31.2002790202159,30.4128624727386,31.116905212402344,4062800,0.0,0.0
2016-03-31 00:00:00-04:00,31.042791667636028,31.348496788629312,31.033529482380057,31.14469337463379,4098600,0.0,0.0
2016-04-01 00:00:00-04:00,31.07984889160383,31.87653114567936,30.94089490341828,31.737573623657227,4531700,0.0,0.0
2016-04-04 00:00:00-04:00,31.950645837598255,32.19150156057329,31.246599507972295,31.320711135864258,3566600,0.0,0.0
2016-04-05 00:00:00-04:00,31.042794474482697,31.218807814788775,30.60740105135607,30.64445686340332,3366700,0.0,0.0
2016-04-06 00:00:00-04:00,29.986731801123298,30.727830452788933,29.958941706009938,30.486974716186523,4207100,0.0,0.0
2016-04-07 00:00:00-04:00,30.49623385356338,30.81120119075323,29.764400996012434,30.05157470703125,3782900,0.0,0.0
2016-04-08 00:00:00-04:00,30.227587777677446,30.486971394036235,29.91262044331175,29.92188262939453,3952200,0.0,0.0
2016-04-11 00:00:00-04:00,29.949678860368458,30.598137957669024,29.940413139642995,30.190534591674805,3941100,0.0,0.0
2016-04-12 00:00:00-04:00,30.36654362015011,30.94089813966849,30.310963432597134,30.625930786132812,3944100,0.0,0.0
2016-04-13 00:00:00-04:00,30.866785160078756,31.12616878087103,30.727827629604725,30.959421157836914,2554900,0.0,0.0
2016-04-14 00:00:00-04:00,31.06132068474819,31.320707821081264,30.662979561579064,30.829727172851562,2512500,0.0,0.0
2016-04-15 00:00:00-04:00,30.894572343495764,31.32070708103258,30.74635264073753,31.26512336730957,3161100,0.0,0.0
2016-04-18 00:00:00-04:00,32.20076393668377,32.20076393668377,31.274389785602875,31.431875228881836,3091200,0.0,0.0
2016-04-19 00:00:00-04:00,31.39481552477906,31.70978283847438,30.885310511581586,31.41334342956543,4103900,0.0,0.0
2016-04-20 00:00:00-04:00,31.30217756292753,31.533771057414114,30.542551183718434,30.607397079467773,6377500,0.0,0.0
2016-04-21 00:00:00-04:00,28.504530674347066,29.412376842593492,27.74490421655237,28.838024139404297,19590900,0.0,0.0
2016-04-22 00:00:00-04:00,28.736126241638082,29.71808410204091,28.597170474047026,29.662500381469727,7303800,0.0,0.0
2016-04-25 00:00:00-04:00,29.542067014202956,29.819978514205346,29.301209556305714,29.70881462097168,5245900,0.0,0.0
2016-04-26 00:00:00-04:00,29.968198637209856,30.05157244176477,29.366057634390152,29.903352737426758,3970600,0.0,0.0
2016-04-27 00:00:00-04:00,29.80145295132529,30.246115626871962,29.662498957324097,29.875564575195312,2858700,0.0,0.0
2016-04-28 00:00:00-04:00,29.745874512322384,29.829248327148978,28.939928224638134,29.0140380859375,3360900,0.0,0.0
2016-04-29 00:00:00-04:00,28.81949989161493,29.078883518464288,28.643488311311128,28.80097198486328,3730900,0.0,0.0
2016-05-02 00:00:00-04:00,28.828760565542645,29.171517966865235,28.680539095308976,29.023298263549805,2016500,0.0,0.0
2016-05-03 00:00:00-04:00,28.902873067391663,28.902873067391663,28.356312198705876,28.55084991455078,4591200,0.0,0.0
2016-05-04 00:00:00-04:00,28.467477576761468,28.597171160957714,28.10619221896287,28.347049713134766,2432900,0.0,0.0
2016-05-05 00:00:00-04:00,28.356309470766583,28.439683274370346,27.98575844723066,28.22661590576172,2337600,0.0,0.0
2016-05-06 00:00:00-04:00,28.161772661346607,28.624959717509935,28.115454662497633,28.504531860351562,2175800,0.0,0.0
2016-05-09 00:00:00-04:00,28.374838833722404,28.86581775887338,28.328520833974647,28.736125946044922,2650000,0.0,0.0
2016-05-10 00:00:00-04:00,28.86581648789771,29.07888210442549,28.726860727854305,28.98624610900879,2475800,0.0,0.0
2016-05-11 00:00:00-04:00,28.791707648502573,28.912135506949504,28.458212399082743,28.64348793029785,3160300,0.0,0.0
2016-05-12 00:00:00-04:00,28.73612630198608,29.023301791199813,28.68054258129817,28.92140007019043,2198700,0.0,0.0
2016-05-13 00:00:00-04:00,28.763916093542615,29.023301486608673,28.504532467394995,28.78244400024414,3186200,0.0,0.0
2016-05-16 00:00:00-04:00,28.662017822265625,28.856555553290846,28.328522549744058,28.662017822265625,3314900,0.0,0.0
2016-05-17 00:00:00-04:00,28.558844849195985,29.01841224127753,28.46505518391853,28.690149307250977,3279800,0.38,0.0
2016-05-18 00:00:00-04:00,28.40878342507769,28.60574012134474,27.84604719606029,27.958593368530273,4160300,0.0,0.0
2016-05-19 00:00:00-04:00,27.958597019532533,28.44630193429434,27.8554299794444,28.42754364013672,3827500,0.0,0.0
2016-05-20 00:00:00-04:00,28.474435264888136,28.79331906397525,28.324372511069395,28.652633666992188,3535800,0.0,0.0
2016-05-23 00:00:00-04:00,28.511951005016904,29.309160529188677,28.390025684326726,29.08406639099121,4198200,0.0,0.0
2016-05-24 00:00:00-04:00,29.224752462468683,29.571773739440857,29.102827131520772,29.421710968017578,2632800,0.0,0.0
2016-05-25 00:00:00-04:00,29.53425374735208,29.890654130062583,29.43108493305865,29.637422561645508,2275600,0.0,0.0
2016-05-26 00:00:00-04:00,29.684318061150094,29.918791350399133,29.4686030643744,29.665559768676758,1952900,0.0,0.0
2016-05-27 00:00:00-04:00,29.731214421241738,29.815624950268074,29.468603687727654,29.806245803833008,2070800,0.0,0.0
2016-05-31 00:00:00-04:00,29.721837429636455,29.928173299499463,29.459226677083123,29.900035858154297,3203500,0.0,0.0
2016-06-01 00:00:00-04:00,29.749971054972907,29.853139877319336,29.477982962726788,29.853139877319336,2381500,0.0,0.0
2016-06-02 00:00:00-04:00,29.85314008315588,29.918792320051086,29.327920399104936,29.70307731628418,2557600,0.0,0.0
2016-06-03 00:00:00-04:00,29.684318061150094,29.84375996939501,29.431086479427723,29.665559768676758,1846400,0.0,0.0
2016-06-06 00:00:00-04:00,29.7030769372833,29.787487466182743,29.393572260948435,29.60928726196289,1856800,0.0,0.0
2016-06-07 00:00:00-04:00,29.74058892069641,30.256429402827614,29.64680104313735,30.162641525268555,2872200,0.0,0.0
2016-06-08 00:00:00-04:00,30.021956512630226,30.406492539953636,29.712453650530037,29.862516403198242,2517400,0.0,0.0
2016-06-09 00:00:00-04:00,29.787489331182712,30.143887973047335,29.581153463670496,30.003204345703125,2402700,0.0,0.0
2016-06-10 00:00:00-04:00,29.778107724817215,29.91879134054244,29.05592956483469,29.14971923828125,2944500,0.0,0.0
2016-06-13 00:00:00-04:00,29.05592953405905,29.431086438558705,29.009035591830052,29.027793884277344,3189300,0.0,0.0
2016-06-14 00:00:00-04:00,28.93400471904391,29.234130247914177,28.887108987102142,29.16847801208496,2267300,0.0,0.0
2016-06-15 00:00:00-04:00,29.365435529229455,29.890657008122965,29.318541584884,29.59990882873535,2657200,0.0,0.0
2016-06-16 00:00:00-04:00,29.41232979577185,29.909412021047398,29.055929396517342,29.890655517578125,2203300,0.0,0.0
2016-06-17 00:00:00-04:00,29.900032008471936,30.021957327490746,29.54363340843381,29.778106689453125,2945400,0.0,0.0
2016-06-20 00:00:00-04:00,30.078232969938547,30.866063357364464,30.05947467764526,30.406494140625,3542100,0.0,0.0
2016-06-21 00:00:00-04:00,30.35022505069007,30.547181767438254,30.115751746624518,30.134510040283203,3084600,0.0,0.0
2016-06-22 00:00:00-04:00,30.181403985540577,30.387741638007444,30.050099507708456,30.134510040283203,2175000,0.0,0.0
2016-06-23 00:00:00-04:00,30.387740608086396,30.481528495422424,29.96568795951714,30.368982315063477,2026100,0.0,0.0
2016-06-24 00:00:00-04:00,29.34667640386182,29.6655584169322,27.827288771649414,27.911699295043945,13933800,0.0,0.0
2016-06-27 00:00:00-04:00,27.677226258261733,27.939836976548737,26.99256470820427,27.095731735229492,5067600,0.0,0.0
2016-06-28 00:00:00-04:00,27.264553614331188,28.099277946306746,27.170763941449962,27.996110916137695,3546900,0.0,0.0
2016-06-29 00:00:00-04:00,28.136792952014556,29.252886240000088,28.136792952014556,29.07468605041504,3643200,0.0,0.0
2016-06-30 00:00:00-04:00,29.06530875934434,29.346677780151367,28.662014415076733,29.346677780151367,3457300,0.0,0.0
2016-07-01 00:00:00-04:00,29.346677840734614,29.63742421950178,29.07468796561525,29.59052848815918,2961800,0.0,0.0
2016-07-05 00:00:00-04:00,29.506116789995854,29.703075276042096,29.168476482170984,29.65618133544922,3333100,0.0,0.0
2016-07-06 00:00:00-04:00,29.56239460591866,30.15326833394189,29.421710981257196,30.134510040283203,3242100,0.0,0.0
2016-07-07 00:00:00-04:00,30.143887316505023,30.415877207150604,30.04071849055127,30.331466674804688,2091100,0.0,0.0
2016-07-08 00:00:00-04:00,30.594074249267578,30.734759656088883,30.42525319219342,30.594074249267578,2715200,0.0,0.0
2016-07-11 00:00:00-04:00,30.537800874071866,30.856684673794312,30.509661647952232,30.819168090820312,2305100,0.0,0.0
2016-07-12 00:00:00-04:00,30.9504779012155,31.78520233883396,30.856690005353677,31.438182830810547,4191900,0.0,0.0
2016-07-13 00:00:00-04:00,31.606997586103937,31.62575587708156,30.875438549089328,31.175567626953125,3219900,0.0,0.0
2016-07-14 00:00:00-04:00,31.45693692308561,31.56010574141823,30.819169298646138,30.87544059753418,3365600,0.0,0.0
2016-07-15 00:00:00-04:00,30.941095464155936,31.23184004027292,30.697241250494518,30.91295623779297,3601400,0.0,0.0
2016-07-18 00:00:00-04:00,30.88482374512498,30.88482374512498,30.444012790770753,30.603456497192383,4241100,0.0,0.0
2016-07-19 00:00:00-04:00,30.77227534024473,30.90357980794996,30.256431248862157,30.359600067138672,4164000,0.0,0.0
2016-07-20 00:00:00-04:00,30.425249584976402,30.856683111781006,30.425249584976402,30.791030883789062,3881600,0.0,0.0
2016-07-21 00:00:00-04:00,30.978606119959068,31.785194710804078,30.284567270472454,30.69723892211914,5576100,0.0,0.0
2016-07-22 00:00:00-04:00,30.66910864110206,30.95047588816602,30.547181522188836,30.725379943847656,3509000,0.0,0.0
2016-07-25 00:00:00-04:00,30.65972628232377,30.791034330785433,30.3408424630453,30.744136810302734,2714300,0.0,0.0
2016-07-26 00:00:00-04:00,30.74413599829831,31.034884159830813,30.594073238941174,30.82854652404785,2694000,0.0,0.0
2016-07-27 00:00:00-04:00,30.74413695781653,30.969232892766634,30.57531590104858,30.866064071655273,2875400,0.0,0.0
2016-07-28 00:00:00-04:00,30.809786617724694,31.034882533856408,30.67848215738878,30.997365951538086,2256600,0.0,0.0
2016-07-29 00:00:00-04:00,30.894199941502446,31.363146529685547,30.762895469255742,31.306875228881836,2494100,0.0,0.0
2016-08-01 00:00:00-04:00,31.194327751424687,31.36314882173047,30.594076647128034,30.687868118286133,2296800,0.0,0.0
2016-08-02 00:00:00-04:00,30.43463340519109,30.575315230895228,30.134507883688144,30.556560516357422,2551800,0.0,0.0
2016-08-03 00:00:00-04:00,30.415871724279217,30.706619856121357,30.293944626696636,30.69723892211914,2163200,0.0,0.0
2016-08-04 00:00:00-04:00,30.716000040847028,31.306873715166457,30.678483456939492,31.00674819946289,2951200,0.0,0.0
2016-08-05 00:00:00-04:00,31.119292618883172,31.860229009279955,30.594071207125044,31.84147071838379,4218800,0.0,0.0
2016-08-08 00:00:00-04:00,31.822714005299954,32.06656464348421,31.710167832120938,31.94464111328125,3087500,0.0,0.0
2016-08-09 00:00:00-04:00,31.95401601172644,32.11345969109241,31.391281611350458,31.4100399017334,1887000,0.0,0.0
2016-08-10 00:00:00-04:00,31.55072287430639,31.700785625115603,31.400660123497182,31.66326904296875,1788500,0.0,0.0
2016-08-11 00:00:00-04:00,31.775819371200498,32.047805652299544,31.606998326226876,32.000911712646484,2274400,0.0,0.0
2016-08-12 00:00:00-04:00,31.878988880778632,32.03842899463404,31.757061772797332,31.94464111328125,1599600,0.0,0.0
2016-08-15 00:00:00-04:00,31.907127380371094,32.0759484441121,31.785200261496218,31.907127380371094,2008100,0.0,0.0
2016-08-16 00:00:00-04:00,31.850852437455792,31.850852437455792,31.56948519103164,31.58824348449707,1625000,0.0,0.0
2016-08-17 00:00:00-04:00,31.644515488342332,31.644515488342332,31.335009040965478,31.550724029541016,1591800,0.0,0.0
2016-08-18 00:00:00-04:00,31.597619823777098,31.644517344818237,31.109914942733248,31.306875228881836,2097500,0.0,0.0
2016-08-19 00:00:00-04:00,31.22149084544096,31.430204492661126,31.050725792074843,31.183542251586914,2148200,0.38,0.0
2016-08-22 00:00:00-04:00,31.21200685161283,32.10377713175308,31.06970142801575,31.828655242919922,3628100,0.0,0.0
2016-08-23 00:00:00-04:00,32.046852111816406,32.06582640830199,31.6389137848189,32.046852111816406,2576100,0.0,0.0
2016-08-24 00:00:00-04:00,31.895061917693745,32.046852673260695,31.401741057356894,31.477638244628906,1803900,0.0,0.0
2016-08-25 00:00:00-04:00,31.4966104214946,31.743269025572562,31.401738943790132,31.657886505126953,2168200,0.0,0.0
2016-08-26 00:00:00-04:00,31.74327266345773,32.19864495169588,31.591481900711685,31.97096061706543,2900000,0.0,0.0
2016-08-29 00:00:00-04:00,32.03736884958075,32.2365935471267,31.923526682265525,31.97096061706543,2541200,0.0,0.0
2016-08-30 00:00:00-04:00,31.876085366147272,32.037365068203776,31.733783578543463,31.847625732421875,1634400,0.0,0.0
2016-08-31 00:00:00-04:00,31.86660623012795,32.07531990200788,31.4112339070079,31.430208206176758,2755200,0.0,0.0
2016-09-01 00:00:00-04:00,31.468149279347926,31.619943653856335,31.259439252353015,31.458663940429688,1908700,0.0,0.0
2016-09-02 00:00:00-04:00,31.695838628396174,32.056343045894145,31.61045609843553,31.961471557617188,1763500,0.0,0.0
2016-09-06 00:00:00-04:00,32.03736958784817,32.03736958784817,31.136110329972386,31.212007522583008,3088000,0.0,0.0
2016-09-07 00:00:00-04:00,31.164567947387695,31.230976177128234,30.993802894061425,31.164567947387695,2539200,0.0,0.0
2016-09-08 00:00:00-04:00,31.003294223503605,31.193033588265944,30.794580560367297,30.80406951904297,2309200,0.0,0.0
2016-09-09 00:00:00-04:00,30.509971964549724,30.614328791472396,30.102033615112305,30.102033615112305,2913800,0.0,0.0
2016-09-12 00:00:00-04:00,29.97870417580069,30.386640714057428,29.72255658868312,30.301259994506836,3638000,0.0,0.0
2016-09-13 00:00:00-04:00,30.177929152426803,30.32971991447228,29.76050546154604,29.988191604614258,3103800,0.0,0.0
2016-09-14 00:00:00-04:00,30.007164293011215,30.007164293011215,29.55179200383577,29.713069915771484,2701600,0.0,0.0
2016-09-15 00:00:00-04:00,29.580253447258475,29.912296419971117,29.494870916861263,29.703582763671875,2636300,0.0,0.0
2016-09-16 00:00:00-04:00,29.618198402395116,29.75101666896305,29.295642598497796,29.63717269897461,4168400,0.0,0.0
2016-09-19 00:00:00-04:00,30.443561807676247,30.500484696664866,29.874345584209514,30.11151885986328,3301200,0.0,0.0
2016-09-20 00:00:00-04:00,30.263311754677872,30.35818143355546,29.902809146329396,29.912296295166016,2414500,0.0,0.0
2016-09-21 00:00:00-04:00,29.523330103947444,30.263309564771422,29.381024691184226,30.23484992980957,2221700,0.0,0.0
2016-09-22 00:00:00-04:00,30.424587265801485,30.528944085283236,30.13998006110932,30.462535858154297,2875900,0.0,0.0
2016-09-23 00:00:00-04:00,30.320232394759167,30.74714503872016,30.1684416345705,30.32971954345703,3284100,0.0,0.0
2016-09-26 00:00:00-04:00,30.30126056650293,30.44356418109164,29.656148916912883,29.67512321472168,2958200,0.0,0.0
2016-09-27 00:00:00-04:00,29.703580875455692,29.855371628848577,29.551790122062812,29.75101661682129,2921300,0.0,0.0
2016-09-28 00:00:00-04:00,29.798452655148914,29.855373739322864,29.153341002882005,29.45692253112793,4808200,0.0,0.0
2016-09-29 00:00:00-04:00,29.456922836962175,29.72255758167961,29.162828454606604,29.1912899017334,4028400,0.0,0.0
2016-09-30 00:00:00-04:00,29.115394962155737,29.37154075224198,28.707456594570928,28.726430892944336,5928300,0.0,0.0
2016-10-03 00:00:00-04:00,28.52720394468414,29.37154030507045,28.52720394468414,29.1912899017334,6458800,0.0,0.0
2016-10-04 00:00:00-04:00,29.134367430312636,29.17231602703245,28.44182182557419,28.66002082824707,4290500,0.0,0.0
2016-10-05 00:00:00-04:00,28.688481995525493,29.124881806096685,28.688481995525493,29.011037826538086,2425000,0.0,0.0
2016-10-06 00:00:00-04:00,28.935142517089844,29.219749752478865,28.840272835463946,28.935142517089844,2849800,0.0,0.0
2016-10-07 00:00:00-04:00,29.04898491854427,29.115393149227465,28.299516464860044,28.517715454101562,2230000,0.0,0.0
2016-10-10 00:00:00-04:00,28.821296761172334,28.887706800860116,28.508228097741323,28.74540138244629,3198500,0.0,0.0
2016-10-11 00:00:00-04:00,28.688481090877495,28.697968239665606,27.901065836350515,27.929527282714844,3398900,0.0,0.0
2016-10-12 00:00:00-04:00,27.939014289490228,28.29002974542303,27.891578545790793,28.081317901611328,2671500,0.0,0.0
2016-10-13 00:00:00-04:00,27.967471695083507,28.697965804381354,27.891576320707657,28.441818237304688,3191300,0.0,0.0
2016-10-14 00:00:00-04:00,28.70745482113282,28.97308955348454,28.546176913899377,28.5556640625,3155400,0.0,0.0
2016-10-17 00:00:00-04:00,29.13436558013427,29.40948746041525,28.38489893739968,28.631559371948242,4731100,0.0,0.0
2016-10-18 00:00:00-04:00,28.973088987194444,29.390512660531705,28.79283678628285,29.13436508178711,3557700,0.0,0.0
2016-10-19 00:00:00-04:00,29.286157810829344,29.65614755364967,28.916166258520466,29.04898452758789,6084800,0.0,0.0
2016-10-20 00:00:00-04:00,31.212005851298184,31.30687371800431,30.37715487217114,30.794578552246094,12768100,0.0,0.0
2016-10-21 00:00:00-04:00,30.60483901154402,31.069700241088867,30.367665727260896,31.069700241088867,4558500,0.0,0.0
2016-10-24 00:00:00-04:00,31.06969997446493,31.458664012592276,31.04124033866786,31.392255783081055,3286900,0.0,0.0
2016-10-25 00:00:00-04:00,31.52507450170952,31.52507450170952,30.851503200400987,30.927396774291992,2332800,0.0,0.0
2016-10-26 00:00:00-04:00,30.860987207577608,30.955858694566903,30.33920669555664,30.33920669555664,3513200,0.0,0.0
2016-10-27 00:00:00-04:00,30.424589739093868,30.547920864777925,29.751018455471467,29.836400985717773,3231400,0.0,0.0
2016-10-28 00:00:00-04:00,29.826913538891542,30.329719756998365,29.769990646303572,30.102033615112305,2751200,0.0,0.0
2016-10-31 00:00:00-04:00,30.130495289942427,30.244337457004633,29.85537340214629,29.912296295166016,2530200,0.0,0.0
2016-11-01 00:00:00-04:00,29.969215868589266,29.969215868589266,29.06795667889836,29.43794822692871,4226900,0.0,0.0
2016-11-02 00:00:00-04:00,29.48538220874649,29.684608705634083,29.16282640196737,29.314617156982422,2748400,0.0,0.0
2016-11-03 00:00:00-04:00,29.2956435404847,29.3051306890795,28.41336043503109,28.508228302001953,5132000,0.0,0.0
2016-11-04 00:00:00-04:00,28.384898649770435,29.39051286544099,28.384898649770435,28.897192001342773,4366000,0.0,0.0
2016-11-07 00:00:00-05:00,29.333593444822284,29.4094888274814,29.096420147826468,29.26718521118164,3785100,0.0,0.0
2016-11-08 00:00:00-05:00,29.229234496077428,29.561277449697204,29.03949695792936,29.466407775878906,2676600,0.0,0.0
2016-11-09 00:00:00-05:00,28.271053975002708,29.826911906999488,28.214132895017613,29.779476165771484,3576400,0.0,0.0
2016-11-10 00:00:00-05:00,29.836399681335255,30.08305830294274,29.105905536491843,29.115392684936523,4894000,0.0,0.0
2016-11-11 00:00:00-05:00,29.020524677382998,29.324106207101156,28.792838530094382,29.295644760131836,3248400,0.0,0.0
2016-11-14 00:00:00-05:00,29.437947349092678,30.37715329472235,29.437947349092678,30.367664337158203,4449400,0.0,0.0
2016-11-15 00:00:00-05:00,30.225366056390314,30.79458053116008,30.121009224921135,30.709197998046875,4673100,0.0,0.0
2016-11-16 00:00:00-05:00,30.50048450449367,30.8135513445161,30.272796568950753,30.358179092407227,2557300,0.0,0.0
2016-11-17 00:00:00-05:00,30.272798602494788,30.500486553332408,30.13998213908001,30.177928924560547,2962700,0.0,0.0
2016-11-18 00:00:00-05:00,30.072309942356522,30.216334050390696,29.275374591110477,29.304180145263672,3733900,0.38,0.0
2016-11-21 00:00:00-05:00,29.45780496119126,29.77465871911319,29.448203110179588,29.755455017089844,4342400,0.0,0.0
2016-11-22 00:00:00-05:00,30.0339058641832,30.264344814789293,29.765059506126434,30.20673370361328,2311400,0.0,0.0
2016-11-23 00:00:00-05:00,30.139521003636116,30.74442481994629,30.139521003636116,30.74442481994629,3172300,0.0,0.0
2016-11-25 00:00:00-05:00,30.754026147867958,31.13809289325973,29.60183140579055,31.109289169311523,1308200,0.0,0.0
2016-11-28 00:00:00-05:00,30.99406644667582,31.099684983086604,30.081912519540843,30.235538482666016,4703000,0.0,0.0
2016-11-29 00:00:00-05:00,30.331553279495644,30.456373680003267,30.11071620016979,30.30274772644043,3358400,0.0,0.0
2016-11-30 00:00:00-05:00,30.41796784839568,30.773227176223806,30.293145617584646,30.312349319458008,3352100,0.0,0.0
2016-12-01 00:00:00-05:00,30.302750467691393,30.398767155195497,29.09294460041806,29.179359436035156,3835200,0.0,0.0
2016-12-02 00:00:00-05:00,29.14095199575758,29.323383507208952,28.58405744149653,28.76648712158203,3704300,0.0,0.0
2016-12-05 00:00:00-05:00,28.968122549224823,29.236968892748287,28.61286137497475,28.62246322631836,3227700,0.0,0.0
2016-12-06 00:00:00-05:00,28.612862768792837,28.76648873504243,28.01756260741717,28.027164459228516,5010600,0.0,0.0
2016-12-07 00:00:00-05:00,28.19038996713791,28.42082889762824,27.307039817908727,28.382421493530273,8259600,0.0,0.0
2016-12-08 00:00:00-05:00,28.39202398480452,28.824098133820954,28.190390602840765,28.497642517089844,4527200,0.0,0.0
2016-12-09 00:00:00-05:00,28.497643768615255,28.545651195562808,28.09437515561161,28.31521224975586,3162700,0.0,0.0
2016-12-12 00:00:00-05:00,28.238399505615234,28.612862566784127,28.12318094742448,28.238399505615234,3375900,0.0,0.0
2016-12-13 00:00:00-05:00,28.26720435058667,28.641667402346577,28.08477283477491,28.46883773803711,2975200,0.0,0.0
2016-12-14 00:00:00-05:00,28.49764329254399,28.689674828492134,28.286406222225345,28.46883773803711,3547700,0.0,0.0
2016-12-15 00:00:00-05:00,28.612860164457373,28.622462015394763,27.64309702753668,27.911941528320312,5113800,0.0,0.0
2016-12-16 00:00:00-05:00,28.209592817709304,28.24800022314139,27.5470815562988,27.66230010986328,5968000,0.0,0.0
2016-12-19 00:00:00-05:00,27.27823585061975,27.72951188681026,27.086202481697953,27.230228424072266,4817900,0.0,0.0
2016-12-20 00:00:00-05:00,27.374253289159796,27.84473304147599,27.316644009442665,27.748716354370117,4106100,0.0,0.0
2016-12-21 00:00:00-05:00,27.844731792143946,27.87353734639306,27.163016823874674,27.383853912353516,2937500,0.0,0.0
2016-12-22 00:00:00-05:00,27.37425305531291,27.50867531729323,26.183650906922466,27.21102523803711,7669900,0.0,0.0
2016-12-23 00:00:00-05:00,27.335845648252267,27.355049351782586,27.095804848221146,27.21102523803711,1949800,0.0,0.0
2016-12-27 00:00:00-05:00,27.297440379620273,27.403058918859156,26.67333465879213,26.721342086791992,3875300,0.0,0.0
2016-12-28 00:00:00-05:00,26.76934831338278,26.77895016482502,26.442894521176196,26.490901947021484,2635800,0.0,0.0
2016-12-29 00:00:00-05:00,26.53890826278377,26.740543471904868,26.270063759110077,26.529306411743164,3604100,0.0,0.0
2016-12-30 00:00:00-05:00,26.63492517624807,26.654128878498305,26.346876967957943,26.45249366760254,2503900,0.0,0.0
2017-01-03 00:00:00-05:00,26.5677140067179,27.37425118626328,26.50050288031676,27.34544563293457,5157700,0.0,0.0
2017-01-04 00:00:00-05:00,27.441462474625453,28.228795956598578,27.374251347827627,28.09437370300293,4972700,0.0,0.0
2017-01-05 00:00:00-05:00,27.902341176204935,29.765058236703688,27.787122621498735,29.707448959350586,9672200,0.0,0.0
2017-01-06 00:00:00-05:00,29.7554574860155,29.861076024541664,29.1985629006915,29.25617218017578,5796400,0.0,0.0
2017-01-09 00:00:00-05:00,29.169756057248,29.57302465856322,29.035333800598224,29.304180145263672,5242900,0.0,0.0
2017-01-10 00:00:00-05:00,29.284977496346958,29.284977496346958,28.69927736038291,28.718481063842773,4978300,0.0,0.0
2017-01-11 00:00:00-05:00,28.747285892919752,28.862504448036752,28.1135783456785,28.334415435791016,3658700,0.0,0.0
2017-01-12 00:00:00-05:00,28.180789240249066,28.564854139720023,27.825528063634746,28.41122817993164,3172300,0.0,0.0
2017-01-13 00:00:00-05:00,28.440033711441124,28.593659671106817,28.238398494776217,28.344017028808594,2322700,0.0,0.0
2017-01-17 00:00:00-05:00,28.6128606100568,29.976292331180442,28.430430933502798,29.67864227294922,5222400,0.0,0.0
2017-01-18 00:00:00-05:00,29.765059337823878,29.957092711259452,29.10254621397371,29.25617218017578,4145100,0.0,0.0
2017-01-19 00:00:00-05:00,29.332984439356043,29.52501780805235,28.85290284898121,28.872106552124023,2654700,0.0,0.0
2017-01-20 00:00:00-05:00,28.996928249360188,29.246569060088387,28.69927635030614,28.824098587036133,3325500,0.0,0.0
2017-01-23 00:00:00-05:00,28.89130952621792,29.29457812521126,28.507244629882805,29.03533363342285,2647600,0.0,0.0
2017-01-24 00:00:00-05:00,29.05453677349747,29.985894357996962,29.04493492235428,29.94748878479004,3839200,0.0,0.0
2017-01-25 00:00:00-05:00,29.985893968296345,30.34115513051405,29.97629211727794,30.30274772644043,4145000,0.0,0.0
2017-01-26 00:00:00-05:00,26.18365089715574,26.730943628003995,24.7626098010294,24.954641342163086,36063600,0.0,0.0
2017-01-27 00:00:00-05:00,25.012248704735416,25.818785877245322,24.916233857208955,25.434720993041992,11030700,0.0,0.0
2017-01-30 00:00:00-05:00,25.64595695563986,25.64595695563986,24.801014186205652,25.271493911743164,7435900,0.0,0.0
2017-01-31 00:00:00-05:00,25.242691202037253,25.281096777415023,24.93543744218532,25.165876388549805,10503200,0.0,0.0
2017-02-01 00:00:00-05:00,25.233089058955965,25.233089058955965,24.34013700750181,24.493762969970703,7508800,0.0,0.0
2017-02-02 00:00:00-05:00,24.570574731388945,24.83942106804549,24.167306142087046,24.743404388427734,5950200,0.0,0.0
2017-02-03 00:00:00-05:00,24.820217907439254,24.90663273784427,24.522567842358587,24.791412353515625,5456800,0.0,0.0
2017-02-06 00:00:00-05:00,25.137070916059994,25.24268944589135,24.87782643267348,24.887428283691406,5387700,0.0,0.0
2017-02-07 00:00:00-05:00,24.983444082422288,25.73237012178009,24.8010125822398,24.84902000427246,8394800,0.0,0.0
2017-02-08 00:00:00-05:00,24.906633118638098,25.108266505088615,24.704997900821667,24.916234970092773,5728800,0.0,0.0
2017-02-09 00:00:00-05:00,24.964241754335415,25.185078838019038,24.75300652185967,24.801013946533203,8169500,0.0,0.0
2017-02-10 00:00:00-05:00,24.925835106750068,24.954640661248817,24.541770203596354,24.704998016357422,6232100,0.0,0.0
2017-02-13 00:00:00-05:00,24.868224839556326,25.01224894358719,24.532167375907083,24.877826690673828,5785500,0.0,0.0
2017-02-14 00:00:00-05:00,25.60866940141007,25.628157082258817,24.887573168512553,25.033740997314453,6512200,0.38,0.0
2017-02-15 00:00:00-05:00,24.975272109856142,25.423522219794766,24.95578442921732,25.3358211517334,5486800,0.0,0.0
2017-02-16 00:00:00-05:00,25.335819747158535,25.46249802809948,24.926548738436374,25.014249801635742,5088300,0.0,0.0
2017-02-17 00:00:00-05:00,25.014251782390282,25.481989584074974,24.916805942383103,25.43326759338379,7936900,0.0,0.0
2017-02-21 00:00:00-05:00,25.433265943277206,25.628155752022337,24.994760621007465,25.13118553161621,4652000,0.0,0.0
2017-02-22 00:00:00-05:00,25.218886904135104,25.218886904135104,24.760893862679495,25.111698150634766,5720300,0.0,0.0
2017-02-23 00:00:00-05:00,25.1896537975972,25.199398567412008,24.8193599791336,24.87782859802246,6572900,0.0,0.0
2017-02-24 00:00:00-05:00,24.819360748949514,25.160420268547238,24.653703374209183,25.101953506469727,3837200,0.0,0.0
2017-02-27 00:00:00-05:00,25.004506418751518,25.45275652869014,24.829104282628787,25.3358211517334,5489900,0.0,0.0
2017-02-28 00:00:00-05:00,25.335820867862175,25.37479994595261,25.01425090811507,25.072717666625977,5800300,0.0,0.0
2017-03-01 00:00:00-05:00,25.26760785728898,25.355308919221983,24.799870099396056,24.897314071655273,5345000,0.0,0.0
2017-03-02 00:00:00-05:00,24.88757369629733,25.023996758255556,24.69268201467859,24.71217155456543,4137000,0.0,0.0
2017-03-03 00:00:00-05:00,24.72191514749114,24.838848663995286,24.546513014110182,24.79987144470215,3426500,0.0,0.0
2017-03-06 00:00:00-05:00,24.760892068136705,24.887572211217133,24.634213783680988,24.819358825683594,2825000,0.0,0.0
2017-03-07 00:00:00-05:00,24.751147506033373,24.838848572400448,24.361366021415666,24.380855560302734,3856100,0.0,0.0
2017-03-08 00:00:00-05:00,24.41008844047126,24.624469654760073,24.351621681403746,24.48804473876953,2107500,0.0,0.0
2017-03-09 00:00:00-05:00,24.51728007517824,24.595236376743795,24.283411170481568,24.556259155273438,3182600,0.0,0.0
2017-03-10 00:00:00-05:00,24.760893093859334,24.916805692859548,24.5854909553279,24.8875732421875,4226000,0.0,0.0
2017-03-13 00:00:00-04:00,24.955783864060468,24.975271544257964,24.663446357601362,24.809614181518555,4049100,0.0,0.0
2017-03-14 00:00:00-04:00,24.682935782839294,24.799871156609772,24.46855643265558,24.536767959594727,2902000,0.0,0.0
2017-03-15 00:00:00-04:00,24.624469366126018,24.99476131404626,24.361366165469015,24.936294555664062,3127400,0.0,0.0
2017-03-16 00:00:00-04:00,24.936295560520524,25.023996630940275,24.439323447683527,24.72191619873047,4015400,0.0,0.0
2017-03-17 00:00:00-04:00,24.90705932469292,25.12144052852897,24.79012581225932,25.004505157470703,7630200,0.0,0.0
2017-03-20 00:00:00-04:00,24.994763085765378,25.01425262614918,24.546514808687164,24.663448333740234,4001500,0.0,0.0
2017-03-21 00:00:00-04:00,24.829104570287708,24.88757318875585,24.234688484859852,24.3223876953125,8784800,0.0,0.0
2017-03-22 00:00:00-04:00,24.322386395997743,24.449066537286615,23.971583997052853,24.419832229614258,6100600,0.0,0.0
2017-03-23 00:00:00-04:00,24.40034620437813,24.546514035402197,24.312645134038725,24.43932342529297,3240800,0.0,0.0
2017-03-24 00:00:00-04:00,24.46855668256042,24.624469276763634,24.322386999198265,24.51727867126465,2947300,0.0,0.0
2017-03-27 00:00:00-04:00,24.39060038545881,24.56600065996888,24.088518107893442,24.51727867126465,3839100,0.0,0.0
2017-03-28 00:00:00-04:00,24.410088223415695,24.94603939574727,24.410088223415695,24.79012680053711,5066800,0.0,0.0
2017-03-29 00:00:00-04:00,24.731659235827443,24.79987262543138,24.429578802080734,24.71217155456543,4251800,0.0,0.0
2017-03-30 00:00:00-04:00,24.70242623387096,24.84859406251373,24.575746086055716,24.751148223876953,3662300,0.0,0.0
2017-03-31 00:00:00-04:00,24.78038171198466,25.111696437197075,24.760892173178114,24.95578384399414,3357200,0.0,0.0
2017-04-03 00:00:00-04:00,24.994761992359656,25.179908900656702,24.79987217292178,24.8875732421875,4213000,0.0,0.0
2017-04-04 00:00:00-04:00,24.819359672448755,24.946039819851144,24.234688359783117,24.33213233947754,3940100,0.0,0.0
2017-04-05 00:00:00-04:00,24.36136632626739,24.897315641995373,24.322387248005484,24.49778938293457,3687500,0.0,0.0
2017-04-06 00:00:00-04:00,24.51727835320175,24.86808261492036,24.458811595790216,24.68293571472168,3071900,0.0,0.0
2017-04-07 00:00:00-04:00,24.702424901146745,24.74140211932372,24.244430041850688,24.283409118652344,3906400,0.0,0.0
2017-04-10 00:00:00-04:00,24.283408679965678,24.760891210412026,24.283408679965678,24.74140167236328,3063300,0.0,0.0
2017-04-11 00:00:00-04:00,24.741402937356263,25.082462436148585,24.55625789230093,25.072717666625977,2671700,0.0,0.0
2017-04-12 00:00:00-04:00,25.02399567763768,25.306586559294352,24.96552891912677,25.072717666625977,4888700,0.0,0.0
2017-04-13 00:00:00-04:00,25.082462361549766,25.12144143952427,24.371110916137695,24.371110916137695,4047300,0.0,0.0
2017-04-17 00:00:00-04:00,24.449067994759087,24.624470134000052,24.31264493473825,24.59523582458496,3134900,0.0,0.0
2017-04-18 00:00:00-04:00,24.488045215354415,24.702426433815504,24.429578455149027,24.59523582458496,2574600,0.0,0.0
2017-04-19 00:00:00-04:00,24.721915795016102,24.916805613835884,24.390601058535218,24.468557357788086,3873500,0.0,0.0
2017-04-20 00:00:00-04:00,24.585489523137102,24.770636420648696,24.400344484250187,24.56599998474121,5697300,0.0,0.0
2017-04-21 00:00:00-04:00,23.14329608124342,23.464866015606237,21.22362124381987,21.233366012573242,36906600,0.0,0.0
2017-04-24 00:00:00-04:00,21.467237400471042,21.486725081635083,20.999497738662633,21.048221588134766,13033300,0.0,0.0
2017-04-25 00:00:00-04:00,21.05796510549049,21.642636395381025,21.048220336175685,21.564680099487305,11136600,0.0,0.0
2017-04-26 00:00:00-04:00,21.535448059428845,22.051907832555305,21.515958520428857,21.818038940429688,7424700,0.0,0.0
2017-04-27 00:00:00-04:00,21.86676424073359,22.022676845842664,21.701106865477094,21.99344253540039,5534800,0.0,0.0
2017-04-28 00:00:00-04:00,21.876507180921642,22.032419772988703,21.63289352348877,21.847272872924805,5191800,0.0,0.0
2017-05-01 00:00:00-04:00,21.93497383978001,21.93497383978001,21.418512219236877,21.42825698852539,6162300,0.0,0.0
2017-05-02 00:00:00-04:00,21.438002737901325,21.57442579692804,21.34055689918591,21.496469497680664,5732100,0.0,0.0
2017-05-03 00:00:00-04:00,21.525702273646576,21.55493658076633,21.018985435318744,21.184642791748047,5745700,0.0,0.0
2017-05-04 00:00:00-04:00,21.213878506070508,21.39902355423642,21.057965908338804,21.223623275756836,4867700,0.0,0.0
2017-05-05 00:00:00-04:00,21.30158081924592,21.593916492417456,21.233369286080887,21.55493927001953,3195000,0.0,0.0
2017-05-08 00:00:00-04:00,21.56468082879811,21.71085051483886,21.44774731031523,21.652381896972656,3566000,0.0,0.0
2017-05-09 00:00:00-04:00,21.63289339960501,21.90573950484752,21.457491269877856,21.857017517089844,3565800,0.0,0.0
2017-05-10 00:00:00-04:00,21.759573503149237,22.100633021856876,21.69136197113268,22.00318717956543,3790200,0.0,0.0
2017-05-11 00:00:00-04:00,21.857019676586937,21.925231209636937,21.564682145283516,21.8375301361084,4441800,0.0,0.0
2017-05-12 00:00:00-04:00,21.70110545687993,22.207822319906363,21.652381609305422,22.100631713867188,5713200,0.0,0.0
2017-05-15 00:00:00-04:00,22.159099431943815,22.227310962877322,21.75957315765485,21.88625144958496,5214900,0.0,0.0
2017-05-16 00:00:00-04:00,21.886250874683913,22.19807792859941,21.77906212544321,22.07139778137207,8264800,0.0,0.0
2017-05-17 00:00:00-04:00,21.942557359640624,22.28943647698542,21.72451997547432,21.962379455566406,6600700,0.38,0.0
2017-05-18 00:00:00-04:00,22.01193272260589,22.01193272260589,21.635322353121957,21.883092880249023,5855500,0.0,0.0
2017-05-19 00:00:00-04:00,21.88309152388042,22.13086203565005,21.734429594886436,21.95246696472168,6653900,0.0,0.0
2017-05-22 00:00:00-04:00,22.06148727220509,22.10112957232917,21.674965866884826,21.694786071777344,6734600,0.0,0.0
2017-05-23 00:00:00-04:00,21.78398442819103,21.83353966813124,21.36772986438882,21.5560359954834,10339100,0.0,0.0
2017-05-24 00:00:00-04:00,21.714608713782123,22.358811702316586,21.665055364794508,22.21014976501465,8143100,0.0,0.0
2017-05-25 00:00:00-04:00,22.329079725244817,22.428186420007428,21.813716594987515,21.982200622558594,4594200,0.0,0.0
2017-05-26 00:00:00-04:00,22.051576910804744,22.418278122643738,21.82362847956545,22.32908058166504,5301400,0.0,0.0
2017-05-30 00:00:00-04:00,22.35881110950572,22.666047914168104,22.32907985703707,22.547117233276367,10604400,0.0,0.0
2017-05-31 00:00:00-04:00,22.606581797483923,22.854352318382418,22.557028449439844,22.705690383911133,4820100,0.0,0.0
2017-06-01 00:00:00-04:00,22.715601780036327,22.913818955931323,22.547117747627304,22.57685089111328,4413600,0.0,0.0
2017-06-02 00:00:00-04:00,22.59666988896507,22.715600566214754,22.31916812594745,22.358810424804688,4409800,0.0,0.0
2017-06-05 00:00:00-04:00,22.338990479352002,22.675956639728863,22.17050645399407,22.596670150756836,4309600,0.0,0.0
2017-06-06 00:00:00-04:00,22.616492245584595,22.75524312870089,22.269613147454848,22.596670150756836,3687900,0.0,0.0
2017-06-07 00:00:00-04:00,22.695779734741148,22.77506622720727,22.101130096075718,22.170507431030273,4391000,0.0,0.0
2017-06-08 00:00:00-04:00,22.16059549018695,22.239881979458108,22.05157585856198,22.229970932006836,3795900,0.0,0.0
2017-06-09 00:00:00-04:00,22.190326569182,22.22997075867798,22.00202234009311,22.07139778137207,5842300,0.0,0.0
2017-06-12 00:00:00-04:00,22.140773170557495,22.358810541255362,21.674965287109735,22.031753540039062,6182600,0.0,0.0
2017-06-13 00:00:00-04:00,22.071399119615204,22.547118080376936,21.783984399359714,22.448009490966797,7188700,0.0,0.0
2017-06-14 00:00:00-04:00,22.497563224818265,22.566938665659524,21.30826401218843,21.95246696472168,20101900,0.0,0.0
2017-06-15 00:00:00-04:00,21.248799915621422,21.308264309982263,20.109055923620407,20.485666275024414,35609000,0.0,0.0
2017-06-16 00:00:00-04:00,20.485665846630273,20.723525309438557,20.267628478307422,20.535219192504883,12186600,0.0,0.0
2017-06-19 00:00:00-04:00,20.51539915579263,20.51539915579263,20.019858131646323,20.247806549072266,8792400,0.0,0.0
2017-06-20 00:00:00-04:00,20.178431137119706,20.41629060221079,19.78199680496224,19.841463088989258,6687200,0.0,0.0
2017-06-21 00:00:00-04:00,19.881106784399588,19.970304326366126,19.236903784905028,19.811731338500977,10395100,0.0,0.0
2017-06-22 00:00:00-04:00,19.781997095840488,20.227984780906027,19.63333516426498,20.11896514892578,4396700,0.0,0.0
2017-06-23 00:00:00-04:00,20.039678137836773,20.564952298760886,19.930660399032877,20.495576858520508,11443400,0.0,0.0
2017-06-26 00:00:00-04:00,20.455934027359124,20.50548926677641,20.267629788590735,20.42620277404785,9013500,0.0,0.0
2017-06-27 00:00:00-04:00,20.32709324526948,20.673972343788286,20.227984661358533,20.446022033691406,5679600,0.0,0.0
2017-06-28 00:00:00-04:00,20.45593410974836,20.733437780585547,20.426202856317335,20.505489349365234,5940800,0.0,0.0
2017-06-29 00:00:00-04:00,20.45593335385604,20.723525966881713,20.28744932606273,20.683883666992188,5664200,0.0,0.0
2017-06-30 00:00:00-04:00,20.7929011692127,21.46683727259964,20.673972380579134,21.337997436523438,6851400,0.0,0.0
2017-07-03 00:00:00-04:00,21.347908853028294,21.397462200759122,20.773079433452022,20.802812576293945,4541300,0.0,0.0
2017-07-05 00:00:00-04:00,20.80281159624723,20.921742271672912,20.683882811160508,20.782989501953125,5117100,0.0,0.0
2017-07-06 00:00:00-04:00,20.683883063446252,20.713614314911094,20.327092923156325,20.57486343383789,4425500,0.0,0.0
2017-07-07 00:00:00-04:00,20.56495386113457,20.812724389581973,20.515400511580733,20.624418258666992,4923200,0.0,0.0
2017-07-10 00:00:00-04:00,20.574863607524943,20.84245621500133,20.495577119051088,20.733436584472656,5632900,0.0,0.0
2017-07-11 00:00:00-04:00,20.733436532446596,20.782989878741287,20.515399162275358,20.69379234313965,3918200,0.0,0.0
2017-07-12 00:00:00-04:00,20.8127230207215,20.92174265097661,20.644238996844955,20.69379234313965,2886800,0.0,0.0
2017-07-13 00:00:00-04:00,20.634329224462544,20.773080114931954,20.525309587471376,20.54513168334961,8013500,0.0,0.0
2017-07-14 00:00:00-04:00,20.614506994392936,20.93165485536283,20.564953645359033,20.872188568115234,3942600,0.0,0.0
2017-07-17 00:00:00-04:00,20.842457583363025,21.020850776386933,20.614507259988535,20.6640625,3207600,0.0,0.0
2017-07-18 00:00:00-04:00,20.63432935599312,20.842457583363025,20.27753918926707,20.6640625,4926300,0.0,0.0
2017-07-19 00:00:00-04:00,20.664062476506,21.248801075602604,20.584775982916927,21.110048294067383,3720900,0.0,0.0
2017-07-20 00:00:00-04:00,21.169514116428722,21.357818353099418,21.100138672356454,21.119958877563477,3931100,0.0,0.0
2017-07-21 00:00:00-04:00,21.110048158584707,21.47674937054267,20.862277631416628,21.437105178833008,4624300,0.0,0.0
2017-07-24 00:00:00-04:00,21.179424121027008,21.189333277972914,20.33700400520132,20.614505767822266,10806300,0.0,0.0
2017-07-25 00:00:00-04:00,20.693792107787086,21.09022643499191,20.535219133040748,20.901920318603516,6517100,0.0,0.0
2017-07-26 00:00:00-04:00,20.93165375082679,20.97129604989422,20.644239048647194,20.733436584472656,5889200,0.0,0.0
2017-07-27 00:00:00-04:00,20.753260018086102,21.179425630004552,20.50548948932785,21.110048294067383,8595600,0.0,0.0
2017-07-28 00:00:00-04:00,19.920750117604,20.019858703331195,18.989132436310857,19.46485137939453,22877300,0.0,0.0
2017-07-31 00:00:00-04:00,19.36574415880709,19.930660624690788,19.20716929174071,19.841463088989258,21546600,0.0,0.0
2017-08-01 00:00:00-04:00,19.84146371318361,19.900928108742328,19.316189529787618,19.544137954711914,12796100,0.0,0.0
2017-08-02 00:00:00-04:00,19.524316698993285,19.633334436593984,19.306277443113984,19.445030212402344,8211800,0.0,0.0
2017-08-03 00:00:00-04:00,18.989132688473383,19.147705671607014,18.681897769944356,18.81073760986328,10982900,0.0,0.0
2017-08-04 00:00:00-04:00,18.959398610421648,19.058507192578155,18.62243245563188,18.83055877685547,6239300,0.0,0.0
2017-08-07 00:00:00-04:00,18.800826359221176,18.840470549746264,18.463858301114097,18.61252212524414,5883200,0.0,0.0
2017-08-08 00:00:00-04:00,18.562966963291977,18.622433249323734,18.15662346043693,18.245820999145508,8282600,0.0,0.0
2017-08-09 00:00:00-04:00,18.087248060438366,18.21608789980463,17.78992419092295,17.8394775390625,6755700,0.0,0.0
2017-08-10 00:00:00-04:00,17.73045858659283,17.82956717702232,17.49259910376554,17.581796646118164,6347500,0.0,0.0
2017-08-11 00:00:00-04:00,17.670993467831668,17.720546815856014,17.304292265298706,17.35384750366211,4992700,0.0,0.0
2017-08-14 00:00:00-04:00,17.39348971915858,17.502509352687156,17.20518548531347,17.274560928344727,6828300,0.0,0.0
2017-08-15 00:00:00-04:00,17.24482689564394,17.373668617772978,17.05652078117632,17.33402442932129,5022300,0.0,0.0
2017-08-16 00:00:00-04:00,17.35384788552646,17.54215401477288,17.175452804170806,17.264650344848633,4909200,0.0,0.0
2017-08-17 00:00:00-04:00,17.26465056480905,17.26465056480905,16.997057939366307,17.01688003540039,4068200,0.0,0.0
2017-08-18 00:00:00-04:00,16.927681640737156,17.006968130539757,16.670000076293945,16.670000076293945,5161700,0.0,0.0
2017-08-21 00:00:00-04:00,16.6299991607666,16.739999771118164,16.219999313354492,16.420000076293945,5981200,0.15,0.0
2017-08-22 00:00:00-04:00,16.40999984741211,16.469999313354492,16.139999389648438,16.309999465942383,4600900,0.0,0.0
2017-08-23 00:00:00-04:00,16.229999542236328,16.290000915527344,16.030000686645508,16.040000915527344,4998500,0.0,0.0
2017-08-24 00:00:00-04:00,16.049999237060547,16.299999237060547,15.930000305175781,16.239999771118164,7022000,0.0,0.0
2017-08-25 00:00:00-04:00,16.309999465942383,16.540000915527344,16.18000030517578,16.469999313354492,4798800,0.0,0.0
2017-08-28 00:00:00-04:00,16.5,16.5,16.299999237060547,16.469999313354492,5403900,0.0,0.0
2017-08-29 00:00:00-04:00,16.3700008392334,16.3799991607666,16.079999923706055,16.110000610351562,4443900,0.0,0.0
2017-08-30 00:00:00-04:00,16.100000381469727,16.190000534057617,15.920000076293945,16.1200008392334,3123300,0.0,0.0
2017-08-31 00:00:00-04:00,16.1299991607666,16.34000015258789,16.06999969482422,16.219999313354492,5861000,0.0,0.0
2017-09-01 00:00:00-04:00,16.260000228881836,16.530000686645508,16.229999542236328,16.479999542236328,4060700,0.0,0.0
2017-09-05 00:00:00-04:00,16.420000076293945,16.450000762939453,16.1299991607666,16.209999084472656,5795000,0.0,0.0
2017-09-06 00:00:00-04:00,16.290000915527344,16.43000030517578,15.600000381469727,15.6899995803833,13785800,0.0,0.0
2017-09-07 00:00:00-04:00,15.800000190734863,15.869999885559082,15.300000190734863,15.5600004196167,7801700,0.0,0.0
2017-09-08 00:00:00-04:00,15.5,15.5,15.170000076293945,15.279999732971191,5759000,0.0,0.0
2017-09-11 00:00:00-04:00,15.420000076293945,15.680000305175781,15.380000114440918,15.579999923706055,4636900,0.0,0.0
2017-09-12 00:00:00-04:00,15.579999923706055,15.779999732971191,15.40999984741211,15.699999809265137,5083300,0.0,0.0
2017-09-13 00:00:00-04:00,15.699999809265137,16.1200008392334,15.640000343322754,16.100000381469727,3800600,0.0,0.0
2017-09-14 00:00:00-04:00,16.0,16.170000076293945,15.720000267028809,15.84000015258789,7087500,0.0,0.0
2017-09-15 00:00:00-04:00,15.930000305175781,16.09000015258789,15.800000190734863,15.859999656677246,10218700,0.0,0.0
2017-09-18 00:00:00-04:00,15.890000343322754,15.899999618530273,14.829999923706055,14.869999885559082,13478800,0.0,0.0
2017-09-19 00:00:00-04:00,14.869999885559082,15.460000038146973,14.829999923706055,15.050000190734863,16259700,0.0,0.0
2017-09-20 00:00:00-04:00,15.069999694824219,15.1899995803833,14.899999618530273,15.010000228881836,10580700,0.0,0.0
2017-09-21 00:00:00-04:00,14.890000343322754,15.029999732971191,14.779999732971191,15.0,9580500,0.0,0.0
2017-09-22 00:00:00-04:00,14.859999656677246,14.859999656677246,14.390000343322754,14.520000457763672,9371900,0.0,0.0
2017-09-25 00:00:00-04:00,14.449999809265137,14.760000228881836,14.350000381469727,14.710000038146973,11265100,0.0,0.0
2017-09-26 00:00:00-04:00,14.670000076293945,15.15999984741211,14.649999618530273,14.979999542236328,13041500,0.0,0.0
2017-09-27 00:00:00-04:00,15.079999923706055,15.119999885559082,14.890000343322754,15.010000228881836,7030700,0.0,0.0
2017-09-28 00:00:00-04:00,15.039999961853027,15.270000457763672,14.930000305175781,15.010000228881836,5606000,0.0,0.0
2017-09-29 00:00:00-04:00,15.0,15.5,14.989999771118164,15.479999542236328,8875900,0.0,0.0
2017-10-02 00:00:00-04:00,15.430000305175781,15.470000267028809,14.9399995803833,15.380000114440918,8038700,0.0,0.0
2017-10-03 00:00:00-04:00,15.460000038146973,15.710000038146973,15.329999923706055,15.680000305175781,11417400,0.0,0.0
2017-10-04 00:00:00-04:00,15.779999732971191,15.779999732971191,15.640000343322754,15.720000267028809,9202100,0.0,0.0
2017-10-05 00:00:00-04:00,15.75,15.770000457763672,15.460000038146973,15.5600004196167,7482600,0.0,0.0
2017-10-06 00:00:00-04:00,15.470000267028809,15.619999885559082,15.4399995803833,15.550000190734863,7235700,0.0,0.0
2017-10-09 00:00:00-04:00,15.600000381469727,15.739999771118164,15.470000267028809,15.600000381469727,4124500,0.0,0.0
2017-10-10 00:00:00-04:00,15.569999694824219,15.729999542236328,15.329999923706055,15.510000228881836,7985100,0.0,0.0
2017-10-11 00:00:00-04:00,15.449999809265137,15.680000305175781,15.40999984741211,15.65999984741211,4182400,0.0,0.0
2017-10-12 00:00:00-04:00,15.65999984741211,15.6899995803833,15.470000267028809,15.619999885559082,6555900,0.0,0.0
2017-10-13 00:00:00-04:00,15.670000076293945,15.829999923706055,15.640000343322754,15.739999771118164,7047500,0.0,0.0
2017-10-16 00:00:00-04:00,15.729999542236328,15.84000015258789,15.6899995803833,15.75,6544300,0.0,0.0
2017-10-17 00:00:00-04:00,15.739999771118164,15.770000457763672,15.5,15.59000015258789,15190900,0.0,0.0
2017-10-18 00:00:00-04:00,15.640000343322754,15.6899995803833,15.579999923706055,15.630000114440918,5154700,0.0,0.0
2017-10-19 00:00:00-04:00,15.609999656677246,15.829999923706055,15.550000190734863,15.8100004196167,5894200,0.0,0.0
2017-10-20 00:00:00-04:00,15.829999923706055,16.09000015258789,15.770000457763672,15.970000267028809,12067400,0.0,0.0
2017-10-23 00:00:00-04:00,15.399999618530273,15.5600004196167,15.069999694824219,15.460000038146973,30770900,0.0,0.0
2017-10-24 00:00:00-04:00,15.430000305175781,15.529999732971191,15.170000076293945,15.399999618530273,11239500,0.0,0.0
2017-10-25 00:00:00-04:00,15.430000305175781,15.470000267028809,15.210000038146973,15.449999809265137,15612300,0.0,0.0
2017-10-26 00:00:00-04:00,15.460000038146973,15.619999885559082,15.289999961853027,15.369999885559082,16017800,0.0,0.0
2017-10-27 00:00:00-04:00,12.899999618530273,14.050000190734863,12.710000038146973,14.0,66440700,0.0,0.0
2017-10-30 00:00:00-04:00,13.869999885559082,15.680000305175781,13.739999771118164,15.579999923706055,37044400,0.0,0.0
2017-10-31 00:00:00-04:00,15.510000228881836,15.539999961853027,14.020000457763672,14.119999885559082,26014500,0.0,0.0
2017-11-01 00:00:00-04:00,14.180000305175781,14.34000015258789,13.539999961853027,13.550000190734863,14145200,0.0,0.0
2017-11-02 00:00:00-04:00,13.600000381469727,13.600000381469727,12.989999771118164,13.039999961853027,16249800,0.0,0.0
2017-11-03 00:00:00-04:00,13.170000076293945,13.289999961853027,12.949999809265137,13.119999885559082,12914600,0.0,0.0
2017-11-06 00:00:00-05:00,13.210000038146973,13.8100004196167,13.020000457763672,13.0600004196167,18258100,0.0,0.0
2017-11-07 00:00:00-05:00,13.010000228881836,13.180000305175781,12.9399995803833,13.0600004196167,7787600,0.0,0.0
2017-11-08 00:00:00-05:00,13.0600004196167,13.420000076293945,12.930000305175781,13.300000190734863,6871200,0.0,0.0
2017-11-09 00:00:00-05:00,13.239999771118164,14.34000015258789,13.239999771118164,13.930000305175781,11472900,0.0,0.0
2017-11-10 00:00:00-05:00,13.90999984741211,14.6899995803833,13.630000114440918,14.619999885559082,11129200,0.0,0.0
2017-11-13 00:00:00-05:00,17.899999618530273,18.040000915527344,17.270000457763672,17.639999389648438,49586400,0.0,0.0
2017-11-14 00:00:00-05:00,17.559999465942383,18.81999969482422,17.510000228881836,18.540000915527344,28173300,0.0,0.0
2017-11-15 00:00:00-05:00,18.399999618530273,18.860000610351562,17.770000457763672,18.31999969482422,13480000,0.0,0.0
2017-11-16 00:00:00-05:00,18.020000457763672,18.540000915527344,18.0,18.219999313354492,13334900,0.0,0.0
2017-11-17 00:00:00-05:00,18.18000030517578,18.809999465942383,18.110000610351562,18.68000030517578,10396000,0.0,0.0
2017-11-20 00:00:00-05:00,18.559999465942383,19.209999084472656,18.43000030517578,18.729999542236328,6352300,0.0,0.0
2017-11-21 00:00:00-05:00,18.739999771118164,18.75,18.200000762939453,18.530000686645508,5716000,0.0,0.0
2017-11-22 00:00:00-05:00,18.5,19.0,18.479999542236328,18.809999465942383,8135300,0.0,0.0
2017-11-24 00:00:00-05:00,18.979999542236328,18.979999542236328,18.43000030517578,18.510000228881836,2572800,0.0,0.0
2017-11-27 00:00:00-05:00,18.5,18.6299991607666,18.1200008392334,18.229999542236328,6896100,0.0,0.0
2017-11-28 00:00:00-05:00,18.25,18.399999618530273,17.989999771118164,18.239999771118164,7225900,0.0,0.0
2017-11-29 00:00:00-05:00,18.200000762939453,18.399999618530273,18.059999465942383,18.239999771118164,6728500,0.0,0.0
2017-11-30 00:00:00-05:00,18.219999313354492,18.399999618530273,18.030000686645508,18.25,5330400,0.0,0.0
2017-12-01 00:00:00-05:00,18.290000915527344,18.420000076293945,17.229999542236328,17.260000228881836,9681300,0.0,0.0
2017-12-04 00:00:00-05:00,17.43000030517578,17.489999771118164,16.809999465942383,16.850000381469727,8061400,0.0,0.0
2017-12-05 00:00:00-05:00,16.790000915527344,16.809999465942383,15.640000343322754,15.949999809265137,9877600,0.0,0.0
2017-12-06 00:00:00-05:00,15.869999885559082,15.899999618530273,15.130000114440918,15.15999984741211,7901200,0.0,0.0
2017-12-07 00:00:00-05:00,15.180000305175781,15.489999771118164,15.079999923706055,15.390000343322754,6072100,0.0,0.0
2017-12-08 00:00:00-05:00,15.449999809265137,15.479999542236328,14.850000381469727,15.039999961853027,6891000,0.0,0.0
2017-12-11 00:00:00-05:00,14.930000305175781,15.640000343322754,14.880000114440918,15.369999885559082,8181600,0.0,0.0
2017-12-12 00:00:00-05:00,15.020000457763672,15.0600004196167,14.59000015258789,14.619999885559082,9017300,0.0,0.0
2017-12-13 00:00:00-05:00,14.630000114440918,15.619999885559082,14.5600004196167,15.59000015258789,8026700,0.0,0.0
2017-12-14 00:00:00-05:00,15.609999656677246,16.450000762939453,15.609999656677246,16.239999771118164,8090100,0.0,0.0
2017-12-15 00:00:00-05:00,16.18000030517578,16.739999771118164,15.329999923706055,15.479999542236328,20404000,0.0,0.0
2017-12-18 00:00:00-05:00,15.479999542236328,15.680000305175781,14.760000228881836,14.84000015258789,10035700,0.0,0.0
2017-12-19 00:00:00-05:00,14.899999618530273,15.15999984741211,14.539999961853027,15.100000381469727,6739900,0.0,0.0
2017-12-20 00:00:00-05:00,15.109999656677246,15.350000381469727,14.979999542236328,15.119999885559082,3765300,0.0,0.0
2017-12-21 00:00:00-05:00,15.050000190734863,15.899999618530273,15.039999961853027,15.710000038146973,5226900,0.0,0.0
2017-12-22 00:00:00-05:00,15.65999984741211,15.859999656677246,15.489999771118164,15.84000015258789,2998200,0.0,0.0
2017-12-26 00:00:00-05:00,15.84000015258789,16.030000686645508,15.609999656677246,15.720000267028809,2365000,0.0,0.0
2017-12-27 00:00:00-05:00,15.710000038146973,16.020000457763672,15.550000190734863,15.619999885559082,2570500,0.0,0.0
2017-12-28 00:00:00-05:00,15.609999656677246,15.8100004196167,15.25,15.34000015258789,3405600,0.0,0.0
2017-12-29 00:00:00-05:00,15.3100004196167,15.59000015258789,15.3100004196167,15.380000114440918,3602000,0.0,0.0
2018-01-02 00:00:00-05:00,15.420000076293945,16.260000228881836,15.420000076293945,16.020000457763672,4582200,0.0,0.0
2018-01-03 00:00:00-05:00,16.0,16.260000228881836,15.890000343322754,16.139999389648438,3414900,0.0,0.0
2018-01-04 00:00:00-05:00,16.1299991607666,16.18000030517578,15.869999885559082,15.90999984741211,2978600,0.0,0.0
2018-01-05 00:00:00-05:00,15.970000267028809,16.299999237060547,15.75,16.260000228881836,4741000,0.0,0.0
2018-01-08 00:00:00-05:00,16.25,16.59000015258789,15.760000228881836,15.8100004196167,5055900,0.0,0.0
2018-01-09 00:00:00-05:00,15.859999656677246,16.15999984741211,15.699999809265137,15.819999694824219,3489500,0.0,0.0
2018-01-10 00:00:00-05:00,15.720000267028809,15.859999656677246,15.4399995803833,15.680000305175781,3031000,0.0,0.0
2018-01-11 00:00:00-05:00,15.59000015258789,15.609999656677246,15.09000015258789,15.479999542236328,4383000,0.0,0.0
2018-01-12 00:00:00-05:00,15.5,15.550000190734863,15.069999694824219,15.289999961853027,4067800,0.0,0.0
2018-01-16 00:00:00-05:00,15.319999694824219,15.390000343322754,15.010000228881836,15.119999885559082,4242000,0.0,0.0
2018-01-17 00:00:00-05:00,15.149999618530273,15.529999732971191,15.0600004196167,15.15999984741211,3577900,0.0,0.0
2018-01-18 00:00:00-05:00,15.130000114440918,15.569999694824219,14.789999961853027,15.229999542236328,7217500,0.0,0.0
2018-01-19 00:00:00-05:00,15.210000038146973,16.260000228881836,15.039999961853027,16.139999389648438,8952200,0.0,0.0
2018-01-22 00:00:00-05:00,16.079999923706055,16.209999084472656,15.819999694824219,16.09000015258789,8221200,0.0,0.0
2018-01-23 00:00:00-05:00,16.09000015258789,18.8799991607666,15.720000267028809,17.760000228881836,18142700,0.0,0.0
2018-01-24 00:00:00-05:00,17.59000015258789,17.959999084472656,16.959999084472656,17.270000457763672,9539200,0.0,0.0
2018-01-25 00:00:00-05:00,17.190000534057617,17.450000762939453,16.459999084472656,16.639999389648438,4885900,0.0,0.0
2018-01-26 00:00:00-05:00,16.700000762939453,16.93000030517578,16.350000381469727,16.56999969482422,5631600,0.0,0.0
2018-01-29 00:00:00-05:00,16.3799991607666,16.420000076293945,15.960000038146973,16.1200008392334,3539300,0.0,0.0
2018-01-30 00:00:00-05:00,16.030000686645508,16.34000015258789,15.770000457763672,15.989999771118164,6306000,0.0,0.0
2018-01-31 00:00:00-05:00,16.059999465942383,16.079999923706055,15.729999542236328,15.84000015258789,5711800,0.0,0.0
2018-02-01 00:00:00-05:00,15.739999771118164,15.899999618530273,15.069999694824219,15.319999694824219,9528000,0.0,0.0
2018-02-02 00:00:00-05:00,14.4399995803833,16.950000762939453,14.319999694824219,16.530000686645508,16567600,0.0,0.0
2018-02-05 00:00:00-05:00,16.399999618530273,17.190000534057617,16.200000762939453,16.229999542236328,8362900,0.0,0.0
2018-02-06 00:00:00-05:00,15.970000267028809,17.040000915527344,15.720000267028809,16.850000381469727,7596500,0.0,0.0
2018-02-07 00:00:00-05:00,16.670000076293945,17.549999237060547,16.6200008392334,17.0,10815500,0.0,0.0
2018-02-08 00:00:00-05:00,16.969999313354492,17.049999237060547,15.829999923706055,16.0,10403500,0.0,0.0
2018-02-09 00:00:00-05:00,16.040000915527344,17.420000076293945,15.949999809265137,17.270000457763672,9839700,0.0,0.0
2018-02-12 00:00:00-05:00,17.1200008392334,18.020000457763672,16.93000030517578,17.360000610351562,6676600,0.0,0.0
2018-02-13 00:00:00-05:00,17.239999771118164,17.510000228881836,16.299999237060547,16.360000610351562,4096000,0.0,0.0
2018-02-14 00:00:00-05:00,16.260000228881836,16.579999923706055,15.979999542236328,16.510000228881836,3932300,0.0,0.0
2018-02-15 00:00:00-05:00,16.540000915527344,17.149999618530273,16.290000915527344,16.959999084472656,4017800,0.0,0.0
2018-02-16 00:00:00-05:00,16.8799991607666,17.09000015258789,15.949999809265137,16.549999237060547,6367800,0.0,0.0
2018-02-20 00:00:00-05:00,16.479999542236328,16.780000686645508,16.239999771118164,16.469999313354492,5330200,0.0,0.0
2018-02-21 00:00:00-05:00,16.440000534057617,17.239999771118164,16.43000030517578,17.020000457763672,4447800,0.0,0.0
2018-02-22 00:00:00-05:00,17.049999237060547,17.329999923706055,16.600000381469727,16.639999389648438,3757000,0.0,0.0
2018-02-23 00:00:00-05:00,16.770000457763672,17.139999389648438,16.450000762939453,16.639999389648438,3475900,0.0,0.0
2018-02-26 00:00:00-05:00,16.200000762939453,16.399999618530273,15.210000038146973,16.079999923706055,10214600,0.0,0.0
2018-02-27 00:00:00-05:00,16.059999465942383,16.280000686645508,15.649999618530273,15.970000267028809,5367000,0.0,0.0
2018-02-28 00:00:00-05:00,16.020000457763672,16.170000076293945,15.84000015258789,15.899999618530273,3581900,0.0,0.0
2018-03-01 00:00:00-05:00,15.899999618530273,16.06999969482422,15.59000015258789,15.850000381469727,4197600,0.0,0.0
2018-03-02 00:00:00-05:00,15.75,16.649999618530273,15.710000038146973,16.56999969482422,3901200,0.0,0.0
2018-03-05 00:00:00-05:00,16.5,17.020000457763672,16.399999618530273,16.420000076293945,4214500,0.0,0.0
2018-03-06 00:00:00-05:00,16.459999084472656,16.559999465942383,16.18000030517578,16.440000534057617,3928200,0.0,0.0
2018-03-07 00:00:00-05:00,16.360000610351562,16.549999237060547,15.859999656677246,15.979999542236328,3453900,0.0,0.0
2018-03-08 00:00:00-05:00,16.020000457763672,16.200000762939453,15.890000343322754,15.970000267028809,3330500,0.0,0.0
2018-03-09 00:00:00-05:00,15.119999885559082,15.329999923706055,14.369999885559082,14.84000015258789,20054300,0.0,0.0
2018-03-12 00:00:00-04:00,15.0,15.109999656677246,14.720000267028809,14.989999771118164,6582400,0.0,0.0
2018-03-13 00:00:00-04:00,15.0,15.050000190734863,14.4399995803833,14.470000267028809,5978400,0.0,0.0
2018-03-14 00:00:00-04:00,14.449999809265137,14.579999923706055,13.930000305175781,14.180000305175781,10216400,0.0,0.0
2018-03-15 00:00:00-04:00,13.949999809265137,14.170000076293945,13.729999542236328,13.84000015258789,7610200,0.0,0.0
2018-03-16 00:00:00-04:00,13.859999656677246,14.0,13.739999771118164,13.859999656677246,9550800,0.0,0.0
2018-03-19 00:00:00-04:00,13.779999732971191,14.020000457763672,13.1899995803833,13.220000267028809,7302300,0.0,0.0
2018-03-20 00:00:00-04:00,13.270000457763672,13.359999656677246,12.729999542236328,12.970000267028809,11301400,0.0,0.0
2018-03-21 00:00:00-04:00,13.0,13.149999618530273,12.739999771118164,12.800000190734863,5763000,0.0,0.0
2018-03-22 00:00:00-04:00,12.75,13.029999732971191,12.720000267028809,12.899999618530273,5725200,0.0,0.0
2018-03-23 00:00:00-04:00,12.960000038146973,13.390000343322754,12.949999809265137,13.229999542236328,5204200,0.0,0.0
2018-03-26 00:00:00-04:00,13.329999923706055,13.369999885559082,12.920000076293945,13.020000457763672,7273100,0.0,0.0
2018-03-27 00:00:00-04:00,13.029999732971191,13.470000267028809,12.819999694824219,13.1899995803833,5066100,0.0,0.0
2018-03-28 00:00:00-04:00,13.140000343322754,13.300000190734863,12.960000038146973,13.100000381469727,5718800,0.0,0.0
2018-03-29 00:00:00-04:00,13.09000015258789,13.270000457763672,12.989999771118164,13.149999618530273,3121200,0.0,0.0
2018-04-02 00:00:00-04:00,13.140000343322754,13.210000038146973,12.989999771118164,13.069999694824219,4721500,0.0,0.0
2018-04-03 00:00:00-04:00,13.079999923706055,13.4399995803833,12.899999618530273,13.170000076293945,3962500,0.0,0.0
2018-04-04 00:00:00-04:00,13.069999694824219,13.270000457763672,12.989999771118164,13.210000038146973,3984400,0.0,0.0
2018-04-05 00:00:00-04:00,13.270000457763672,13.470000267028809,13.1899995803833,13.239999771118164,2936000,0.0,0.0
2018-04-06 00:00:00-04:00,13.109999656677246,13.359999656677246,13.020000457763672,13.119999885559082,3188100,0.0,0.0
2018-04-09 00:00:00-04:00,13.140000343322754,13.520000457763672,13.09000015258789,13.100000381469727,3878900,0.0,0.0
2018-04-10 00:00:00-04:00,13.229999542236328,13.65999984741211,13.15999984741211,13.520000457763672,3256100,0.0,0.0
2018-04-11 00:00:00-04:00,13.699999809265137,14.489999771118164,13.5600004196167,14.40999984741211,6830300,0.0,0.0
2018-04-12 00:00:00-04:00,14.399999618530273,14.739999771118164,14.170000076293945,14.680000305175781,3403600,0.0,0.0
2018-04-13 00:00:00-04:00,14.770000457763672,14.789999961853027,14.430000305175781,14.640000343322754,2429400,0.0,0.0
2018-04-16 00:00:00-04:00,14.739999771118164,14.899999618530273,14.529999732971191,14.720000267028809,2766600,0.0,0.0
2018-04-17 00:00:00-04:00,14.760000228881836,14.890000343322754,14.300000190734863,14.329999923706055,3204500,0.0,0.0
2018-04-18 00:00:00-04:00,14.390000343322754,14.430000305175781,13.84000015258789,13.890000343322754,5252700,0.0,0.0
2018-04-19 00:00:00-04:00,13.829999923706055,14.0,13.399999618530273,13.449999809265137,7558000,0.0,0.0
2018-04-20 00:00:00-04:00,13.369999885559082,13.460000038146973,12.210000038146973,12.960000038146973,28179400,0.0,0.0
2018-04-23 00:00:00-04:00,12.779999732971191,13.8100004196167,12.550000190734863,13.779999732971191,13826500,0.0,0.0
2018-04-24 00:00:00-04:00,13.850000381469727,14.079999923706055,13.75,13.930000305175781,7590700,0.0,0.0
2018-04-25 00:00:00-04:00,13.960000038146973,14.039999961853027,13.40999984741211,13.479999542236328,8499700,0.0,0.0
2018-04-26 00:00:00-04:00,13.489999771118164,14.109999656677246,13.489999771118164,13.979999542236328,4687200,0.0,0.0
2018-04-27 00:00:00-04:00,14.15999984741211,15.300000190734863,13.899999618530273,14.170000076293945,8510200,0.0,0.0
2018-04-30 00:00:00-04:00,14.130000114440918,14.9399995803833,14.079999923706055,14.800000190734863,4585400,0.0,0.0
2018-05-01 00:00:00-04:00,14.680000305175781,14.739999771118164,13.6899995803833,14.0600004196167,6424200,0.0,0.0
2018-05-02 00:00:00-04:00,14.0,14.369999885559082,14.0,14.289999961853027,3521600,0.0,0.0
2018-05-03 00:00:00-04:00,14.25,14.289999961853027,13.890000343322754,13.949999809265137,2966900,0.0,0.0
2018-05-04 00:00:00-04:00,13.890000343322754,14.09000015258789,13.699999809265137,14.020000457763672,2906500,0.0,0.0
2018-05-07 00:00:00-04:00,14.020000457763672,14.479999542236328,13.9399995803833,14.470000267028809,2988200,0.0,0.0
2018-05-08 00:00:00-04:00,14.470000267028809,14.930000305175781,14.180000305175781,14.40999984741211,3583500,0.0,0.0
2018-05-09 00:00:00-04:00,14.430000305175781,14.579999923706055,14.25,14.489999771118164,2633900,0.0,0.0
2018-05-10 00:00:00-04:00,14.470000267028809,14.600000381469727,14.270000457763672,14.510000228881836,1916300,0.0,0.0
2018-05-11 00:00:00-04:00,14.470000267028809,15.109999656677246,14.329999923706055,14.880000114440918,4505000,0.0,0.0
2018-05-14 00:00:00-04:00,14.869999885559082,14.899999618530273,14.130000114440918,14.1899995803833,2869000,0.0,0.0
2018-05-15 00:00:00-04:00,14.170000076293945,15.100000381469727,14.170000076293945,15.0600004196167,6841800,0.0,0.0
2018-05-16 00:00:00-04:00,15.039999961853027,15.510000228881836,14.949999809265137,15.479999542236328,5262400,0.0,0.0
2018-05-17 00:00:00-04:00,15.4399995803833,15.479999542236328,15.020000457763672,15.279999732971191,3193200,0.0,0.0
2018-05-18 00:00:00-04:00,15.229999542236328,15.279999732971191,14.859999656677246,15.140000343322754,3666200,0.0,0.0
2018-05-21 00:00:00-04:00,15.1899995803833,15.289999961853027,14.84000015258789,14.850000381469727,8125500,0.0,0.0
2018-05-22 00:00:00-04:00,14.850000381469727,15.079999923706055,14.829999923706055,15.020000457763672,3652200,0.0,0.0
2018-05-23 00:00:00-04:00,15.0,15.1899995803833,14.890000343322754,15.010000228881836,3224000,0.0,0.0
2018-05-24 00:00:00-04:00,14.920000076293945,15.130000114440918,14.90999984741211,15.09000015258789,4101400,0.0,0.0
2018-05-25 00:00:00-04:00,15.09000015258789,15.25,15.029999732971191,15.229999542236328,2690800,0.0,0.0
2018-05-29 00:00:00-04:00,15.109999656677246,15.279999732971191,14.949999809265137,15.199999809265137,3393500,0.0,0.0
2018-05-30 00:00:00-04:00,15.260000228881836,15.359999656677246,15.0,15.350000381469727,3026600,0.0,0.0
2018-05-31 00:00:00-04:00,15.350000381469727,15.579999923706055,15.140000343322754,15.520000457763672,3693500,0.0,0.0
2018-06-01 00:00:00-04:00,15.579999923706055,15.84000015258789,15.569999694824219,15.800000190734863,3984400,0.0,0.0
2018-06-04 00:00:00-04:00,15.800000190734863,15.960000038146973,15.609999656677246,15.949999809265137,3331500,0.0,0.0
2018-06-05 00:00:00-04:00,15.899999618530273,15.979999542236328,15.5,15.5600004196167,3875100,0.0,0.0
2018-06-06 00:00:00-04:00,15.579999923706055,16.06999969482422,15.510000228881836,16.040000915527344,2883200,0.0,0.0
2018-06-07 00:00:00-04:00,16.09000015258789,16.709999084472656,16.049999237060547,16.459999084472656,5566200,0.0,0.0
2018-06-08 00:00:00-04:00,16.450000762939453,17.149999618530273,16.3799991607666,17.030000686645508,4297200,0.0,0.0
2018-06-11 00:00:00-04:00,16.989999771118164,17.450000762939453,16.989999771118164,17.219999313354492,3419700,0.0,0.0
2018-06-12 00:00:00-04:00,17.25,17.770000457763672,17.25,17.610000610351562,3768100,0.0,0.0
2018-06-13 00:00:00-04:00,17.299999237060547,17.940000534057617,17.18000030517578,17.6299991607666,4492900,0.0,0.0
2018-06-14 00:00:00-04:00,17.690000534057617,17.969999313354492,17.670000076293945,17.920000076293945,4431700,0.0,0.0
2018-06-15 00:00:00-04:00,17.950000762939453,17.979999542236328,17.549999237060547,17.68000030517578,6535500,0.0,0.0
2018-06-18 00:00:00-04:00,17.6200008392334,17.860000610351562,17.520000457763672,17.780000686645508,3179200,0.0,0.0
2018-06-19 00:00:00-04:00,17.399999618530273,17.399999618530273,16.739999771118164,17.110000610351562,5167300,0.0,0.0
2018-06-20 00:00:00-04:00,17.209999084472656,17.43000030517578,17.1200008392334,17.40999984741211,4006100,0.0,0.0
2018-06-21 00:00:00-04:00,17.420000076293945,17.670000076293945,17.3799991607666,17.520000457763672,1805800,0.0,0.0
2018-06-22 00:00:00-04:00,17.540000915527344,17.799999237060547,17.5,17.520000457763672,7331200,0.0,0.0
2018-06-25 00:00:00-04:00,17.479999542236328,17.559999465942383,17.149999618530273,17.350000381469727,3005100,0.0,0.0
2018-06-26 00:00:00-04:00,17.31999969482422,17.440000534057617,16.989999771118164,17.110000610351562,2275400,0.0,0.0
2018-06-27 00:00:00-04:00,17.1299991607666,17.18000030517578,16.760000228881836,16.780000686645508,2046700,0.0,0.0
2018-06-28 00:00:00-04:00,16.1299991607666,16.469999313354492,16.0,16.34000015258789,3690900,0.0,0.0
2018-06-29 00:00:00-04:00,16.3700008392334,16.510000228881836,16.25,16.420000076293945,2411300,0.0,0.0
2018-07-02 00:00:00-04:00,16.350000381469727,16.549999237060547,16.079999923706055,16.540000915527344,3078700,0.0,0.0
2018-07-03 00:00:00-04:00,16.559999465942383,16.860000610351562,16.479999542236328,16.6299991607666,1314100,0.0,0.0
2018-07-05 00:00:00-04:00,16.709999084472656,17.100000381469727,16.709999084472656,16.969999313354492,3855600,0.0,0.0
2018-07-06 00:00:00-04:00,16.940000534057617,17.389999389648438,16.799999237060547,17.270000457763672,2205900,0.0,0.0
2018-07-09 00:00:00-04:00,17.329999923706055,17.729999542236328,17.299999237060547,17.6200008392334,1999600,0.0,0.0
2018-07-10 00:00:00-04:00,17.520000457763672,17.729999542236328,17.239999771118164,17.3799991607666,2791500,0.0,0.0
2018-07-11 00:00:00-04:00,17.360000610351562,17.40999984741211,17.09000015258789,17.229999542236328,1612900,0.0,0.0
2018-07-12 00:00:00-04:00,17.270000457763672,17.469999313354492,17.030000686645508,17.209999084472656,1387000,0.0,0.0
2018-07-13 00:00:00-04:00,17.190000534057617,17.219999313354492,16.440000534057617,16.459999084472656,2712400,0.0,0.0
2018-07-16 00:00:00-04:00,16.440000534057617,16.530000686645508,15.90999984741211,16.280000686645508,5069100,0.0,0.0
2018-07-17 00:00:00-04:00,16.18000030517578,16.610000610351562,16.15999984741211,16.360000610351562,4099500,0.0,0.0
2018-07-18 00:00:00-04:00,16.25,16.5,15.90999984741211,15.979999542236328,2832700,0.0,0.0
2018-07-19 00:00:00-04:00,15.899999618530273,16.079999923706055,15.510000228881836,16.040000915527344,2323700,0.0,0.0
2018-07-20 00:00:00-04:00,15.970000267028809,16.09000015258789,15.8100004196167,15.970000267028809,2072200,0.0,0.0
2018-07-23 00:00:00-04:00,16.510000228881836,16.770000457763672,15.960000038146973,16.59000015258789,5932600,0.0,0.0
2018-07-24 00:00:00-04:00,16.59000015258789,16.739999771118164,16.34000015258789,16.479999542236328,2582000,0.0,0.0
2018-07-25 00:00:00-04:00,16.40999984741211,16.709999084472656,16.149999618530273,16.290000915527344,4920200,0.0,0.0
2018-07-26 00:00:00-04:00,14.800000190734863,15.800000190734863,14.649999618530273,15.609999656677246,10936400,0.0,0.0
2018-07-27 00:00:00-04:00,15.890000343322754,16.020000457763672,15.460000038146973,15.579999923706055,3832900,0.0,0.0
2018-07-30 00:00:00-04:00,15.670000076293945,15.84000015258789,15.529999732971191,15.5600004196167,3654500,0.0,0.0
2018-07-31 00:00:00-04:00,15.569999694824219,16.0,15.239999771118164,15.869999885559082,3731500,0.0,0.0
2018-08-01 00:00:00-04:00,15.550000190734863,15.979999542236328,15.550000190734863,15.779999732971191,3050600,0.0,0.0
2018-08-02 00:00:00-04:00,15.520000457763672,16.020000457763672,15.520000457763672,15.960000038146973,2683000,0.0,0.0
2018-08-03 00:00:00-04:00,15.9399995803833,16.15999984741211,15.930000305175781,15.9399995803833,3138300,0.0,0.0
2018-08-06 00:00:00-04:00,15.90999984741211,16.010000228881836,15.770000457763672,15.9399995803833,3233600,0.0,0.0
2018-08-07 00:00:00-04:00,16.0,16.09000015258789,15.470000267028809,15.609999656677246,2747300,0.0,0.0
2018-08-08 00:00:00-04:00,15.600000381469727,15.65999984741211,15.239999771118164,15.520000457763672,3595100,0.0,0.0
2018-08-09 00:00:00-04:00,15.470000267028809,15.710000038146973,15.390000343322754,15.609999656677246,2370400,0.0,0.0
2018-08-10 00:00:00-04:00,15.520000457763672,15.8100004196167,15.25,15.720000267028809,4012900,0.0,0.0
2018-08-13 00:00:00-04:00,15.6899995803833,15.970000267028809,15.59000015258789,15.880000114440918,2776300,0.0,0.0
2018-08-14 00:00:00-04:00,15.899999618530273,16.059999465942383,15.449999809265137,15.5600004196167,4157400,0.0,0.0
2018-08-15 00:00:00-04:00,15.449999809265137,15.529999732971191,15.109999656677246,15.289999961853027,2695300,0.0,0.0
2018-08-16 00:00:00-04:00,15.239999771118164,15.359999656677246,15.0,15.199999809265137,3391900,0.0,0.0
2018-08-17 00:00:00-04:00,15.170000076293945,15.40999984741211,15.130000114440918,15.3100004196167,3117100,0.0,0.0
2018-08-20 00:00:00-04:00,15.420000076293945,15.479999542236328,15.220000267028809,15.289999961853027,2681000,0.0,0.0
2018-08-21 00:00:00-04:00,15.279999732971191,15.390000343322754,15.229999542236328,15.260000228881836,3911200,0.0,0.0
2018-08-22 00:00:00-04:00,15.279999732971191,15.5,15.229999542236328,15.430000305175781,1768400,0.0,0.0
2018-08-23 00:00:00-04:00,15.380000114440918,15.430000305175781,15.220000267028809,15.25,3043800,0.0,0.0
2018-08-24 00:00:00-04:00,15.279999732971191,15.470000267028809,15.25,15.399999618530273,2862800,0.0,0.0
2018-08-27 00:00:00-04:00,15.40999984741211,15.640000343322754,15.300000190734863,15.59000015258789,4792200,0.0,0.0
2018-08-28 00:00:00-04:00,15.59000015258789,15.729999542236328,15.40999984741211,15.550000190734863,1949500,0.0,0.0
2018-08-29 00:00:00-04:00,15.739999771118164,16.09000015258789,15.520000457763672,15.720000267028809,4413900,0.0,0.0
2018-08-30 00:00:00-04:00,15.670000076293945,15.75,15.380000114440918,15.399999618530273,2393200,0.0,0.0
2018-08-31 00:00:00-04:00,15.350000381469727,15.489999771118164,15.140000343322754,15.430000305175781,3088200,0.0,0.0
2018-09-04 00:00:00-04:00,15.34000015258789,15.579999923706055,15.170000076293945,15.5600004196167,2725700,0.0,0.0
2018-09-05 00:00:00-04:00,15.579999923706055,15.649999618530273,15.279999732971191,15.300000190734863,3028500,0.0,0.0
2018-09-06 00:00:00-04:00,15.270000457763672,15.479999542236328,15.210000038146973,15.329999923706055,2405800,0.0,0.0
2018-09-07 00:00:00-04:00,15.270000457763672,15.899999618530273,15.199999809265137,15.680000305175781,3148700,0.0,0.0
2018-09-10 00:00:00-04:00,15.6899995803833,16.100000381469727,15.600000381469727,16.059999465942383,3399400,0.0,0.0
2018-09-11 00:00:00-04:00,16.049999237060547,16.1299991607666,15.729999542236328,15.779999732971191,3490900,0.0,0.0
2018-09-12 00:00:00-04:00,15.75,16.209999084472656,15.579999923706055,16.06999969482422,2810100,0.0,0.0
2018-09-13 00:00:00-04:00,16.15999984741211,16.209999084472656,16.030000686645508,16.110000610351562,1545700,0.0,0.0
2018-09-14 00:00:00-04:00,16.139999389648438,16.40999984741211,16.079999923706055,16.350000381469727,2284100,0.0,0.0
2018-09-17 00:00:00-04:00,16.389999389648438,16.59000015258789,16.329999923706055,16.5,2490600,0.0,0.0
2018-09-18 00:00:00-04:00,16.510000228881836,16.65999984741211,16.420000076293945,16.6200008392334,2512800,0.0,0.0
2018-09-19 00:00:00-04:00,16.649999618530273,16.719999313354492,16.520000457763672,16.6200008392334,2245900,0.0,0.0
2018-09-20 00:00:00-04:00,16.559999465942383,16.700000762939453,16.450000762939453,16.610000610351562,2012400,0.0,0.0
2018-09-21 00:00:00-04:00,16.6200008392334,16.6200008392334,16.309999465942383,16.530000686645508,4473700,0.0,0.0
2018-09-24 00:00:00-04:00,15.989999771118164,16.479999542236328,15.90999984741211,16.0,2584700,0.0,0.0
2018-09-25 00:00:00-04:00,16.010000228881836,16.209999084472656,15.989999771118164,16.059999465942383,2234400,0.0,0.0
2018-09-26 00:00:00-04:00,16.049999237060547,16.190000534057617,15.970000267028809,16.010000228881836,2727600,0.0,0.0
2018-09-27 00:00:00-04:00,16.020000457763672,16.139999389648438,15.880000114440918,15.979999542236328,2119700,0.0,0.0
2018-09-28 00:00:00-04:00,15.970000267028809,16.06999969482422,15.529999732971191,15.699999809265137,6190500,0.0,0.0
2018-10-01 00:00:00-04:00,15.699999809265137,16.1200008392334,15.699999809265137,15.9399995803833,3252200,0.0,0.0
2018-10-02 00:00:00-04:00,15.970000267028809,16.030000686645508,15.25,15.25,4630500,0.0,0.0
2018-10-03 00:00:00-04:00,15.300000190734863,15.40999984741211,15.029999732971191,15.15999984741211,5591900,0.0,0.0
2018-10-04 00:00:00-04:00,15.09000015258789,15.140000343322754,14.489999771118164,14.520000457763672,5771100,0.0,0.0
2018-10-05 00:00:00-04:00,14.489999771118164,14.579999923706055,14.09000015258789,14.520000457763672,5444600,0.0,0.0
2018-10-08 00:00:00-04:00,14.470000267028809,15.0600004196167,14.470000267028809,14.550000190734863,6148700,0.0,0.0
2018-10-09 00:00:00-04:00,14.5,14.619999885559082,14.3100004196167,14.479999542236328,3821200,0.0,0.0
2018-10-10 00:00:00-04:00,14.399999618530273,14.399999618530273,13.899999618530273,13.90999984741211,4636200,0.0,0.0
2018-10-11 00:00:00-04:00,13.949999809265137,14.25,13.880000114440918,13.989999771118164,4414900,0.0,0.0
2018-10-12 00:00:00-04:00,14.149999618530273,14.6899995803833,14.050000190734863,14.329999923706055,7003800,0.0,0.0
2018-10-15 00:00:00-04:00,14.300000190734863,14.630000114440918,14.260000228881836,14.40999984741211,3091300,0.0,0.0
2018-10-16 00:00:00-04:00,14.5,14.869999885559082,14.300000190734863,14.84000015258789,3631400,0.0,0.0
2018-10-17 00:00:00-04:00,14.789999961853027,14.920000076293945,14.550000190734863,14.770000457763672,4285300,0.0,0.0
2018-10-18 00:00:00-04:00,14.6899995803833,14.770000457763672,14.0600004196167,14.1899995803833,3548900,0.0,0.0
2018-10-19 00:00:00-04:00,14.1899995803833,14.609999656677246,14.109999656677246,14.220000267028809,5332500,0.0,0.0
2018-10-22 00:00:00-04:00,13.75,14.319999694824219,13.630000114440918,14.100000381469727,7583300,0.0,0.0
2018-10-23 00:00:00-04:00,13.90999984741211,14.020000457763672,13.470000267028809,13.880000114440918,6580300,0.0,0.0
2018-10-24 00:00:00-04:00,13.84000015258789,14.079999923706055,13.420000076293945,13.4399995803833,4038000,0.0,0.0
2018-10-25 00:00:00-04:00,13.479999542236328,13.899999618530273,13.40999984741211,13.84000015258789,4237100,0.0,0.0
2018-10-26 00:00:00-04:00,13.25,13.920000076293945,12.460000038146973,13.449999809265137,9905600,0.0,0.0
2018-10-29 00:00:00-04:00,13.59000015258789,13.619999885559082,13.109999656677246,13.34000015258789,8996300,0.0,0.0
2018-10-30 00:00:00-04:00,13.3100004196167,13.90999984741211,13.149999618530273,13.789999961853027,5218600,0.0,0.0
2018-10-31 00:00:00-04:00,13.9399995803833,13.9399995803833,13.489999771118164,13.579999923706055,5335100,0.0,0.0
2018-11-01 00:00:00-04:00,13.630000114440918,14.399999618530273,13.529999732971191,14.270000457763672,4131500,0.0,0.0
2018-11-02 00:00:00-04:00,14.369999885559082,14.760000228881836,14.319999694824219,14.470000267028809,3300300,0.0,0.0
2018-11-05 00:00:00-05:00,14.539999961853027,14.539999961853027,14.050000190734863,14.260000228881836,2064200,0.0,0.0
2018-11-06 00:00:00-05:00,14.15999984741211,14.5600004196167,14.079999923706055,14.3100004196167,1972000,0.0,0.0
2018-11-07 00:00:00-05:00,14.390000343322754,14.520000457763672,14.09000015258789,14.449999809265137,2455400,0.0,0.0
2018-11-08 00:00:00-05:00,14.359999656677246,14.40999984741211,13.920000076293945,13.920000076293945,2430700,0.0,0.0
2018-11-09 00:00:00-05:00,13.869999885559082,14.010000228881836,13.449999809265137,13.550000190734863,3640600,0.0,0.0
2018-11-12 00:00:00-05:00,13.539999961853027,13.75,13.40999984741211,13.539999961853027,2207300,0.0,0.0
2018-11-13 00:00:00-05:00,13.550000190734863,13.819999694824219,13.359999656677246,13.4399995803833,2891400,0.0,0.0
2018-11-14 00:00:00-05:00,13.5,13.75,13.239999771118164,13.260000228881836,4517500,0.0,0.0
2018-11-15 00:00:00-05:00,13.199999809265137,13.800000190734863,12.8100004196167,13.649999618530273,4497500,0.0,0.0
2018-11-16 00:00:00-05:00,13.579999923706055,13.850000381469727,13.40999984741211,13.729999542236328,2359100,0.0,0.0
2018-11-19 00:00:00-05:00,13.729999542236328,13.9399995803833,13.220000267028809,13.25,3131100,0.0,0.0
2018-11-20 00:00:00-05:00,13.0600004196167,13.149999618530273,12.65999984741211,12.880000114440918,5890300,0.0,0.0
2018-11-21 00:00:00-05:00,12.979999542236328,13.350000381469727,12.899999618530273,13.119999885559082,4084300,0.0,0.0
2018-11-23 00:00:00-05:00,13.0600004196167,13.5,13.020000457763672,13.4399995803833,1242300,0.0,0.0
2018-11-26 00:00:00-05:00,13.510000228881836,13.84000015258789,13.479999542236328,13.779999732971191,3100800,0.0,0.0
2018-11-27 00:00:00-05:00,13.720000267028809,13.760000228881836,13.319999694824219,13.619999885559082,3090200,0.0,0.0
2018-11-28 00:00:00-05:00,13.65999984741211,13.760000228881836,13.3100004196167,13.619999885559082,2978400,0.0,0.0
2018-11-29 00:00:00-05:00,13.579999923706055,13.979999542236328,13.430000305175781,13.760000228881836,2286400,0.0,0.0
2018-11-30 00:00:00-05:00,13.760000228881836,14.029999732971191,13.550000190734863,13.899999618530273,6340500,0.0,0.0
2018-12-03 00:00:00-05:00,14.0,14.289999961853027,13.829999923706055,13.949999809265137,3817600,0.0,0.0
2018-12-04 00:00:00-05:00,13.84000015258789,14.020000457763672,13.489999771118164,13.5600004196167,3681800,0.0,0.0
2018-12-06 00:00:00-05:00,13.390000343322754,13.789999961853027,13.3100004196167,13.770000457763672,4056800,0.0,0.0
2018-12-07 00:00:00-05:00,13.760000228881836,13.920000076293945,13.300000190734863,13.430000305175781,4092600,0.0,0.0
2018-12-10 00:00:00-05:00,13.359999656677246,13.470000267028809,12.75,12.899999618530273,5739300,0.0,0.0
2018-12-11 00:00:00-05:00,13.029999732971191,13.140000343322754,12.640000343322754,12.65999984741211,4761300,0.0,0.0
2018-12-12 00:00:00-05:00,12.760000228881836,13.010000228881836,12.59000015258789,12.75,6404800,0.0,0.0
2018-12-13 00:00:00-05:00,12.829999923706055,12.869999885559082,12.079999923706055,12.079999923706055,5393400,0.0,0.0
2018-12-14 00:00:00-05:00,12.020000457763672,12.020000457763672,11.65999984741211,11.789999961853027,6894700,0.0,0.0
2018-12-17 00:00:00-05:00,11.640000343322754,11.65999984741211,10.859999656677246,11.170000076293945,7450200,0.0,0.0
2018-12-18 00:00:00-05:00,11.220000267028809,11.25,10.800000190734863,10.859999656677246,6278400,0.0,0.0
2018-12-19 00:00:00-05:00,10.920000076293945,10.979999542236328,10.25,10.270000457763672,7773100,0.0,0.0
2018-12-20 00:00:00-05:00,10.260000228881836,10.350000381469727,9.800000190734863,10.039999961853027,11752100,0.0,0.0
2018-12-21 00:00:00-05:00,10.050000190734863,10.270000457763672,9.460000038146973,9.5600004196167,9518700,0.0,0.0
2018-12-24 00:00:00-05:00,9.369999885559082,9.5,9.119999885559082,9.260000228881836,3239500,0.0,0.0
2018-12-26 00:00:00-05:00,9.300000190734863,9.960000038146973,9.09000015258789,9.9399995803833,4894700,0.0,0.0
2018-12-27 00:00:00-05:00,9.84000015258789,9.989999771118164,9.539999961853027,9.979999542236328,6012600,0.0,0.0
2018-12-28 00:00:00-05:00,10.029999732971191,10.239999771118164,9.84000015258789,9.9399995803833,5784400,0.0,0.0
2018-12-31 00:00:00-05:00,10.029999732971191,10.069999694824219,9.569999694824219,9.989999771118164,4857900,0.0,0.0
2019-01-02 00:00:00-05:00,9.829999923706055,9.989999771118164,9.65999984741211,9.760000228881836,4954300,0.0,0.0
2019-01-03 00:00:00-05:00,9.729999542236328,9.800000190734863,9.260000228881836,9.270000457763672,5861900,0.0,0.0
2019-01-04 00:00:00-05:00,9.390000343322754,10.579999923706055,9.319999694824219,10.40999984741211,11074800,0.0,0.0
2019-01-07 00:00:00-05:00,10.59000015258789,11.420000076293945,10.59000015258789,11.210000038146973,9576500,0.0,0.0
2019-01-08 00:00:00-05:00,11.359999656677246,12.069999694824219,11.359999656677246,11.739999771118164,9914400,0.0,0.0
2019-01-09 00:00:00-05:00,11.739999771118164,11.850000381469727,11.260000228881836,11.630000114440918,6040400,0.0,0.0
2019-01-10 00:00:00-05:00,11.489999771118164,11.899999618530273,11.34000015258789,11.899999618530273,3874200,0.0,0.0
2019-01-11 00:00:00-05:00,11.859999656677246,12.3100004196167,11.720000267028809,12.25,4238500,0.0,0.0
2019-01-14 00:00:00-05:00,12.15999984741211,12.539999961853027,12.050000190734863,12.350000381469727,2727900,0.0,0.0
2019-01-15 00:00:00-05:00,12.359999656677246,12.640000343322754,12.319999694824219,12.579999923706055,2549800,0.0,0.0
2019-01-16 00:00:00-05:00,12.569999694824219,12.65999984741211,12.359999656677246,12.5,2948200,0.0,0.0
2019-01-17 00:00:00-05:00,12.430000305175781,12.770000457763672,12.350000381469727,12.670000076293945,2759700,0.0,0.0
2019-01-18 00:00:00-05:00,12.710000038146973,12.760000228881836,12.319999694824219,12.4399995803833,5411000,0.0,0.0
2019-01-22 00:00:00-05:00,12.369999885559082,12.449999809265137,12.050000190734863,12.180000305175781,4069900,0.0,0.0
2019-01-23 00:00:00-05:00,12.25,12.260000228881836,11.8100004196167,11.819999694824219,2900400,0.0,0.0
2019-01-24 00:00:00-05:00,11.829999923706055,12.399999618530273,11.819999694824219,12.270000457763672,2949000,0.0,0.0
2019-01-25 00:00:00-05:00,12.359999656677246,12.640000343322754,12.170000076293945,12.430000305175781,5622800,0.0,0.0
2019-01-28 00:00:00-05:00,12.3100004196167,12.579999923706055,12.180000305175781,12.4399995803833,2352900,0.0,0.0
2019-01-29 00:00:00-05:00,12.40999984741211,12.479999542236328,12.229999542236328,12.260000228881836,2173400,0.0,0.0
2019-01-30 00:00:00-05:00,12.289999961853027,12.420000076293945,12.109999656677246,12.289999961853027,3021600,0.0,0.0
2019-01-31 00:00:00-05:00,12.289999961853027,12.329999923706055,11.8100004196167,11.84000015258789,4786800,0.0,0.0
2019-02-01 00:00:00-05:00,11.850000381469727,12.220000267028809,11.59000015258789,12.220000267028809,4698600,0.0,0.0
2019-02-04 00:00:00-05:00,12.180000305175781,12.710000038146973,12.130000114440918,12.300000190734863,5171900,0.0,0.0
2019-02-05 00:00:00-05:00,12.34000015258789,12.619999885559082,12.279999732971191,12.420000076293945,3776200,0.0,0.0
2019-02-06 00:00:00-05:00,12.359999656677246,12.65999984741211,12.260000228881836,12.489999771118164,4297600,0.0,0.0
2019-02-07 00:00:00-05:00,12.390000343322754,12.449999809265137,12.029999732971191,12.359999656677246,8628700,0.0,0.0
2019-02-08 00:00:00-05:00,14.75,16.059999465942383,14.630000114440918,15.229999542236328,38364000,0.0,0.0
2019-02-11 00:00:00-05:00,15.319999694824219,15.84000015258789,15.289999961853027,15.739999771118164,16303600,0.0,0.0
2019-02-12 00:00:00-05:00,15.770000457763672,16.940000534057617,15.729999542236328,16.469999313354492,15181600,0.0,0.0
2019-02-13 00:00:00-05:00,16.549999237060547,17.229999542236328,16.329999923706055,17.06999969482422,10584100,0.0,0.0
2019-02-14 00:00:00-05:00,16.920000076293945,17.15999984741211,16.790000915527344,16.90999984741211,6968400,0.0,0.0
2019-02-15 00:00:00-05:00,17.06999969482422,17.270000457763672,13.729999542236328,13.819999694824219,33526900,0.0,0.0
2019-02-19 00:00:00-05:00,13.979999542236328,14.020000457763672,12.449999809265137,14.010000228881836,30552300,0.0,0.0
2019-02-20 00:00:00-05:00,13.9399995803833,13.970000267028809,13.229999542236328,13.630000114440918,9773800,0.0,0.0
2019-02-21 00:00:00-05:00,13.630000114440918,14.079999923706055,13.40999984741211,14.050000190734863,8136700,0.0,0.0
2019-02-22 00:00:00-05:00,14.0600004196167,14.170000076293945,13.829999923706055,14.069999694824219,4891500,0.0,0.0
2019-02-25 00:00:00-05:00,14.15999984741211,14.229999542236328,13.9399995803833,13.989999771118164,5037900,0.0,0.0
2019-02-26 00:00:00-05:00,14.289999961853027,14.710000038146973,14.210000038146973,14.380000114440918,4996900,0.0,0.0
2019-02-27 00:00:00-05:00,14.479999542236328,14.649999618530273,14.260000228881836,14.489999771118164,2908500,0.0,0.0
2019-02-28 00:00:00-05:00,14.550000190734863,14.649999618530273,14.260000228881836,14.420000076293945,3842800,0.0,0.0
2019-03-01 00:00:00-05:00,14.569999694824219,15.069999694824219,14.4399995803833,14.890000343322754,4186400,0.0,0.0
2019-03-04 00:00:00-05:00,14.960000038146973,15.1899995803833,14.75,14.880000114440918,3886800,0.0,0.0
2019-03-05 00:00:00-05:00,14.920000076293945,15.09000015258789,14.789999961853027,14.8100004196167,3256100,0.0,0.0
2019-03-06 00:00:00-05:00,14.739999771118164,14.829999923706055,14.510000228881836,14.5600004196167,2664600,0.0,0.0
2019-03-07 00:00:00-05:00,14.529999732971191,14.760000228881836,14.260000228881836,14.550000190734863,3079400,0.0,0.0
2019-03-08 00:00:00-05:00,14.380000114440918,14.630000114440918,14.199999809265137,14.489999771118164,3584800,0.0,0.0
2019-03-11 00:00:00-04:00,14.539999961853027,14.720000267028809,14.399999618530273,14.59000015258789,3010900,0.0,0.0
2019-03-12 00:00:00-04:00,14.640000343322754,14.869999885559082,14.5,14.710000038146973,3307600,0.0,0.0
2019-03-13 00:00:00-04:00,14.760000228881836,14.869999885559082,14.600000381469727,14.640000343322754,2562300,0.0,0.0
2019-03-14 00:00:00-04:00,14.640000343322754,14.779999732971191,14.40999984741211,14.460000038146973,2287000,0.0,0.0
2019-03-15 00:00:00-04:00,14.4399995803833,14.59000015258789,14.279999732971191,14.470000267028809,8204000,0.0,0.0
2019-03-18 00:00:00-04:00,14.550000190734863,14.800000190734863,14.420000076293945,14.680000305175781,2412800,0.0,0.0
2019-03-19 00:00:00-04:00,14.729999542236328,14.829999923706055,14.319999694824219,14.350000381469727,2982100,0.0,0.0
2019-03-20 00:00:00-04:00,14.3100004196167,14.319999694824219,13.920000076293945,13.949999809265137,4439600,0.0,0.0
2019-03-21 00:00:00-04:00,13.90999984741211,13.90999984741211,13.279999732971191,13.5,6411300,0.0,0.0
2019-03-22 00:00:00-04:00,13.449999809265137,13.449999809265137,12.819999694824219,13.210000038146973,5195700,0.0,0.0
2019-03-25 00:00:00-04:00,13.210000038146973,13.319999694824219,12.960000038146973,13.279999732971191,5443100,0.0,0.0
2019-03-26 00:00:00-04:00,13.399999618530273,13.619999885559082,13.300000190734863,13.40999984741211,3030300,0.0,0.0
2019-03-27 00:00:00-04:00,13.449999809265137,13.5,13.0600004196167,13.15999984741211,3674200,0.0,0.0
2019-03-28 00:00:00-04:00,13.229999542236328,13.4399995803833,13.0,13.029999732971191,3708100,0.0,0.0
2019-03-29 00:00:00-04:00,13.100000381469727,13.1899995803833,12.920000076293945,13.0,3086600,0.0,0.0
2019-04-01 00:00:00-04:00,13.0600004196167,13.119999885559082,12.800000190734863,13.100000381469727,3869600,0.0,0.0
2019-04-02 00:00:00-04:00,13.0600004196167,13.569999694824219,13.020000457763672,13.489999771118164,4472000,0.0,0.0
2019-04-03 00:00:00-04:00,13.479999542236328,13.539999961853027,13.109999656677246,13.1899995803833,4178500,0.0,0.0
2019-04-04 00:00:00-04:00,13.140000343322754,13.539999961853027,13.050000190734863,13.520000457763672,3680000,0.0,0.0
2019-04-05 00:00:00-04:00,13.550000190734863,13.739999771118164,13.479999542236328,13.550000190734863,2896300,0.0,0.0
2019-04-08 00:00:00-04:00,13.5,13.75,13.470000267028809,13.529999732971191,3492500,0.0,0.0
2019-04-09 00:00:00-04:00,13.510000228881836,13.510000228881836,13.229999542236328,13.430000305175781,3152800,0.0,0.0
2019-04-10 00:00:00-04:00,13.489999771118164,13.59000015258789,13.380000114440918,13.5,2095800,0.0,0.0
2019-04-11 00:00:00-04:00,13.5,13.640000343322754,13.449999809265137,13.5,2062200,0.0,0.0
2019-04-12 00:00:00-04:00,13.600000381469727,13.729999542236328,13.479999542236328,13.600000381469727,1990600,0.0,0.0
2019-04-15 00:00:00-04:00,13.420000076293945,13.5,13.180000305175781,13.1899995803833,4879500,0.0,0.0
2019-04-16 00:00:00-04:00,13.229999542236328,13.420000076293945,12.930000305175781,13.359999656677246,4765100,0.0,0.0
2019-04-17 00:00:00-04:00,13.40999984741211,13.479999542236328,13.050000190734863,13.0600004196167,3016900,0.0,0.0
2019-04-18 00:00:00-04:00,13.020000457763672,13.100000381469727,12.420000076293945,12.489999771118164,4366500,0.0,0.0
2019-04-22 00:00:00-04:00,12.359999656677246,12.449999809265137,11.75,11.770000457763672,10634600,0.0,0.0
2019-04-23 00:00:00-04:00,12.109999656677246,12.510000228881836,12.09000015258789,12.210000038146973,10596600,0.0,0.0
2019-04-24 00:00:00-04:00,12.130000114440918,12.619999885559082,11.90999984741211,12.539999961853027,4960600,0.0,0.0
2019-04-25 00:00:00-04:00,12.479999542236328,12.630000114440918,12.180000305175781,12.279999732971191,6818900,0.0,0.0
2019-04-26 00:00:00-04:00,13.319999694824219,13.609999656677246,12.069999694824219,12.140000343322754,15827900,0.0,0.0
2019-04-29 00:00:00-04:00,12.100000381469727,13.149999618530273,12.079999923706055,12.510000228881836,10127000,0.0,0.0
2019-04-30 00:00:00-04:00,12.539999961853027,12.649999618530273,12.09000015258789,12.1899995803833,5765500,0.0,0.0
2019-05-01 00:00:00-04:00,12.5,12.609999656677246,12.039999961853027,12.039999961853027,13787800,0.0,0.0
2019-05-02 00:00:00-04:00,12.0600004196167,12.15999984741211,11.5600004196167,12.130000114440918,8079600,0.0,0.0
2019-05-03 00:00:00-04:00,12.199999809265137,12.260000228881836,11.800000190734863,11.989999771118164,5479700,0.0,0.0
2019-05-06 00:00:00-04:00,11.75,11.869999885559082,11.550000190734863,11.8100004196167,4023500,0.0,0.0
2019-05-07 00:00:00-04:00,11.65999984741211,11.699999809265137,11.350000381469727,11.470000267028809,5464600,0.0,0.0
2019-05-08 00:00:00-04:00,11.479999542236328,11.699999809265137,11.329999923706055,11.619999885559082,4853200,0.0,0.0
2019-05-09 00:00:00-04:00,11.489999771118164,11.579999923706055,11.210000038146973,11.550000190734863,4731600,0.0,0.0
2019-05-10 00:00:00-04:00,11.460000038146973,11.600000381469727,11.109999656677246,11.380000114440918,4203100,0.0,0.0
2019-05-13 00:00:00-04:00,11.170000076293945,11.1899995803833,10.760000228881836,11.100000381469727,7901900,0.0,0.0
2019-05-14 00:00:00-04:00,11.109999656677246,11.489999771118164,11.050000190734863,11.319999694824219,9046900,0.0,0.0
2019-05-15 00:00:00-04:00,11.239999771118164,11.520000457763672,11.130000114440918,11.350000381469727,4337200,0.0,0.0
2019-05-16 00:00:00-04:00,11.350000381469727,11.420000076293945,11.130000114440918,11.140000343322754,4971900,0.0,0.0
2019-05-17 00:00:00-04:00,11.119999885559082,11.1899995803833,10.729999542236328,10.829999923706055,5550500,0.0,0.0
2019-05-20 00:00:00-04:00,10.760000228881836,10.979999542236328,10.600000381469727,10.960000038146973,5204200,0.0,0.0
2019-05-21 00:00:00-04:00,11.010000228881836,11.050000190734863,10.899999618530273,11.010000228881836,5084400,0.0,0.0
2019-05-22 00:00:00-04:00,10.970000267028809,11.239999771118164,10.90999984741211,10.930000305175781,5612000,0.0,0.0
2019-05-23 00:00:00-04:00,10.880000114440918,11.220000267028809,10.8100004196167,10.970000267028809,8317800,0.0,0.0
2019-05-24 00:00:00-04:00,11.010000228881836,11.140000343322754,10.920000076293945,10.9399995803833,3923000,0.0,0.0
2019-05-28 00:00:00-04:00,11.0,11.130000114440918,10.829999923706055,10.84000015258789,22266000,0.0,0.0
2019-05-29 00:00:00-04:00,10.800000190734863,10.899999618530273,10.470000267028809,10.65999984741211,9238100,0.0,0.0
2019-05-30 00:00:00-04:00,10.619999885559082,10.859999656677246,10.489999771118164,10.609999656677246,5678000,0.0,0.0
2019-05-31 00:00:00-04:00,10.399999618530273,10.420000076293945,9.800000190734863,9.850000381469727,16703800,0.0,0.0
2019-06-03 00:00:00-04:00,9.789999961853027,9.930000305175781,9.59000015258789,9.649999618530273,7790200,0.0,0.0
2019-06-04 00:00:00-04:00,9.829999923706055,10.8100004196167,9.770000457763672,10.779999732971191,17060400,0.0,0.0
2019-06-05 00:00:00-04:00,10.84000015258789,11.069999694824219,10.710000038146973,10.989999771118164,8284700,0.0,0.0
2019-06-06 00:00:00-04:00,10.960000038146973,11.319999694824219,10.6899995803833,10.789999961853027,89227400,0.0,0.0
2019-06-07 00:00:00-04:00,10.720000267028809,10.899999618530273,10.260000228881836,10.869999885559082,7734500,0.0,0.0
2019-06-10 00:00:00-04:00,11.0,11.40999984741211,10.960000038146973,11.0600004196167,7106600,0.0,0.0
2019-06-11 00:00:00-04:00,11.15999984741211,11.25,10.710000038146973,10.8100004196167,5278600,0.0,0.0
2019-06-12 00:00:00-04:00,11.399999618530273,11.880000114440918,11.220000267028809,11.380000114440918,12000900,0.0,0.0
2019-06-13 00:00:00-04:00,11.390000343322754,11.920000076293945,11.199999809265137,11.729999542236328,15189000,0.0,0.0
2019-06-14 00:00:00-04:00,11.600000381469727,11.859999656677246,11.390000343322754,11.850000381469727,8307400,0.0,0.0
2019-06-17 00:00:00-04:00,11.850000381469727,11.869999885559082,11.649999618530273,11.75,2790900,0.0,0.0
2019-06-18 00:00:00-04:00,11.859999656677246,12.109999656677246,11.789999961853027,12.0600004196167,4909100,0.0,0.0
2019-06-19 00:00:00-04:00,11.960000038146973,12.140000343322754,11.270000457763672,11.40999984741211,6892900,0.0,0.0
2019-06-20 00:00:00-04:00,11.579999923706055,11.720000267028809,11.210000038146973,11.319999694824219,3662600,0.0,0.0
2019-06-21 00:00:00-04:00,11.270000457763672,11.319999694824219,10.930000305175781,11.0,5870600,0.0,0.0
2019-06-24 00:00:00-04:00,10.979999542236328,11.0,10.670000076293945,10.729999542236328,5538900,0.0,0.0
2019-06-25 00:00:00-04:00,10.6899995803833,10.760000228881836,10.34000015258789,10.430000305175781,6389500,0.0,0.0
2019-06-26 00:00:00-04:00,10.539999961853027,11.0,10.449999809265137,10.609999656677246,6069100,0.0,0.0
2019-06-27 00:00:00-04:00,10.579999923706055,10.960000038146973,10.5600004196167,10.890000343322754,2875900,0.0,0.0
2019-06-28 00:00:00-04:00,10.979999542236328,11.229999542236328,10.9399995803833,11.210000038146973,8404900,0.0,0.0
2019-07-01 00:00:00-04:00,11.300000190734863,11.489999771118164,11.020000457763672,11.40999984741211,6563500,0.0,0.0
2019-07-02 00:00:00-04:00,11.430000305175781,11.449999809265137,11.239999771118164,11.300000190734863,3627800,0.0,0.0
2019-07-03 00:00:00-04:00,11.3100004196167,11.550000190734863,11.270000457763672,11.520000457763672,1558300,0.0,0.0
2019-07-05 00:00:00-04:00,11.4399995803833,11.739999771118164,11.40999984741211,11.630000114440918,2557500,0.0,0.0
2019-07-08 00:00:00-04:00,11.539999961853027,11.930000305175781,11.539999961853027,11.800000190734863,3383400,0.0,0.0
2019-07-09 00:00:00-04:00,11.6899995803833,11.979999542236328,11.649999618530273,11.880000114440918,2521900,0.0,0.0
2019-07-10 00:00:00-04:00,11.869999885559082,11.9399995803833,11.539999961853027,11.600000381469727,3323100,0.0,0.0
2019-07-11 00:00:00-04:00,11.600000381469727,11.670000076293945,11.359999656677246,11.550000190734863,3164600,0.0,0.0
2019-07-12 00:00:00-04:00,11.609999656677246,12.109999656677246,11.470000267028809,11.960000038146973,7175000,0.0,0.0
2019-07-15 00:00:00-04:00,11.699999809265137,12.079999923706055,11.699999809265137,12.0,2732200,0.0,0.0
2019-07-16 00:00:00-04:00,12.029999732971191,12.239999771118164,11.989999771118164,12.069999694824219,2673900,0.0,0.0
2019-07-17 00:00:00-04:00,12.0,12.15999984741211,11.789999961853027,11.789999961853027,2358800,0.0,0.0
2019-07-18 00:00:00-04:00,11.770000457763672,11.989999771118164,11.640000343322754,11.930000305175781,2553700,0.0,0.0
2019-07-19 00:00:00-04:00,12.0,12.25,11.930000305175781,11.989999771118164,3619300,0.0,0.0
2019-07-22 00:00:00-04:00,12.0,12.069999694824219,11.699999809265137,11.720000267028809,4184700,0.0,0.0
2019-07-23 00:00:00-04:00,11.8100004196167,12.380000114440918,11.6899995803833,12.260000228881836,4400200,0.0,0.0
2019-07-24 00:00:00-04:00,12.210000038146973,12.640000343322754,12.1899995803833,12.489999771118164,4895600,0.0,0.0
2019-07-25 00:00:00-04:00,12.539999961853027,12.930000305175781,12.460000038146973,12.510000228881836,5746500,0.0,0.0
2019-07-26 00:00:00-04:00,13.390000343322754,14.270000457763672,13.010000228881836,14.170000076293945,14362500,0.0,0.0
2019-07-29 00:00:00-04:00,14.3100004196167,14.539999961853027,14.039999961853027,14.510000228881836,5653400,0.0,0.0
2019-07-30 00:00:00-04:00,14.369999885559082,14.539999961853027,14.239999771118164,14.470000267028809,5301700,0.0,0.0
2019-07-31 00:00:00-04:00,14.5,14.75,14.369999885559082,14.600000381469727,4729300,0.0,0.0
2019-08-01 00:00:00-04:00,14.710000038146973,14.770000457763672,13.539999961853027,13.59000015258789,7201100,0.0,0.0
2019-08-02 00:00:00-04:00,13.529999732971191,13.670000076293945,12.6899995803833,13.140000343322754,7654300,0.0,0.0
2019-08-05 00:00:00-04:00,12.520000457763672,12.739999771118164,12.329999923706055,12.630000114440918,6447800,0.0,0.0
2019-08-06 00:00:00-04:00,12.6899995803833,12.930000305175781,12.399999618530273,12.890000343322754,2809800,0.0,0.0
2019-08-07 00:00:00-04:00,12.579999923706055,13.279999732971191,12.579999923706055,13.119999885559082,3863800,0.0,0.0
2019-08-08 00:00:00-04:00,12.989999771118164,13.460000038146973,12.970000267028809,13.430000305175781,2813300,0.0,0.0
2019-08-09 00:00:00-04:00,11.90999984741211,12.140000343322754,11.229999542236328,11.3100004196167,15251000,0.0,0.0
2019-08-12 00:00:00-04:00,11.25,11.270000457763672,10.84000015258789,11.0,6237300,0.0,0.0
2019-08-13 00:00:00-04:00,10.890000343322754,12.449999809265137,10.8100004196167,11.510000228881836,13536400,0.0,0.0
2019-08-14 00:00:00-04:00,11.229999542236328,11.369999885559082,10.9399995803833,11.069999694824219,4345400,0.0,0.0
2019-08-15 00:00:00-04:00,11.180000305175781,11.180000305175781,10.630000114440918,10.739999771118164,4124200,0.0,0.0
2019-08-16 00:00:00-04:00,10.800000190734863,10.930000305175781,10.729999542236328,10.729999542236328,3330500,0.0,0.0
2019-08-19 00:00:00-04:00,10.899999618530273,10.920000076293945,10.600000381469727,10.609999656677246,2775000,0.0,0.0
2019-08-20 00:00:00-04:00,10.510000228881836,10.609999656677246,10.399999618530273,10.489999771118164,3263400,0.0,0.0
2019-08-21 00:00:00-04:00,10.34000015258789,10.649999618530273,10.34000015258789,10.619999885559082,2949800,0.0,0.0
2019-08-22 00:00:00-04:00,10.420000076293945,10.65999984741211,10.130000114440918,10.140000343322754,4380300,0.0,0.0
2019-08-23 00:00:00-04:00,9.720000267028809,9.760000228881836,9.390000343322754,9.4399995803833,8863100,0.0,0.0
2019-08-26 00:00:00-04:00,9.569999694824219,9.65999984741211,9.210000038146973,9.279999732971191,5051100,0.0,0.0
2019-08-27 00:00:00-04:00,9.359999656677246,9.399999618530273,9.15999984741211,9.199999809265137,5964200,0.0,0.0
2019-08-28 00:00:00-04:00,9.15999984741211,9.479999542236328,9.0600004196167,9.199999809265137,3515000,0.0,0.0
2019-08-29 00:00:00-04:00,9.329999923706055,9.640000343322754,9.25,9.510000228881836,5929100,0.0,0.0
2019-08-30 00:00:00-04:00,9.550000190734863,9.84000015258789,9.479999542236328,9.800000190734863,4075800,0.0,0.0
2019-09-03 00:00:00-04:00,9.720000267028809,9.789999961853027,9.199999809265137,9.350000381469727,7685200,0.0,0.0
2019-09-04 00:00:00-04:00,9.489999771118164,9.90999984741211,9.470000267028809,9.739999771118164,4926500,0.0,0.0
2019-09-05 00:00:00-04:00,9.90999984741211,10.029999732971191,9.489999771118164,9.8100004196167,5153000,0.0,0.0
2019-09-06 00:00:00-04:00,9.850000381469727,10.119999885559082,9.720000267028809,9.930000305175781,3997600,0.0,0.0
2019-09-09 00:00:00-04:00,10.0,10.140000343322754,9.880000114440918,10.09000015258789,6017100,0.0,0.0
2019-09-10 00:00:00-04:00,10.079999923706055,10.729999542236328,10.069999694824219,10.680000305175781,5435000,0.0,0.0
2019-09-11 00:00:00-04:00,10.710000038146973,10.949999809265137,10.539999961853027,10.920000076293945,5738600,0.0,0.0
2019-09-12 00:00:00-04:00,10.84000015258789,11.670000076293945,10.739999771118164,11.579999923706055,6672400,0.0,0.0
2019-09-13 00:00:00-04:00,11.609999656677246,11.75,11.300000190734863,11.319999694824219,3741500,0.0,0.0
2019-09-16 00:00:00-04:00,11.199999809265137,11.550000190734863,11.09000015258789,11.390000343322754,2537900,0.0,0.0
2019-09-17 00:00:00-04:00,11.420000076293945,11.619999885559082,11.350000381469727,11.569999694824219,2546500,0.0,0.0
2019-09-18 00:00:00-04:00,11.210000038146973,11.989999771118164,11.020000457763672,11.420000076293945,5990800,0.0,0.0
2019-09-19 00:00:00-04:00,11.479999542236328,11.65999984741211,11.350000381469727,11.510000228881836,3032600,0.0,0.0
2019-09-20 00:00:00-04:00,11.510000228881836,11.609999656677246,11.260000228881836,11.350000381469727,4047400,0.0,0.0
2019-09-23 00:00:00-04:00,11.229999542236328,11.489999771118164,11.1899995803833,11.199999809265137,2846600,0.0,0.0
2019-09-24 00:00:00-04:00,11.199999809265137,11.460000038146973,10.890000343322754,10.989999771118164,2340700,0.0,0.0
2019-09-25 00:00:00-04:00,11.039999961853027,11.270000457763672,10.979999542236328,10.989999771118164,3108600,0.0,0.0
2019-09-26 00:00:00-04:00,10.739999771118164,11.140000343322754,10.649999618530273,10.920000076293945,2436400,0.0,0.0
2019-09-27 00:00:00-04:00,11.050000190734863,11.380000114440918,11.039999961853027,11.260000228881836,3775700,0.0,0.0
2019-09-30 00:00:00-04:00,11.319999694824219,11.5,11.270000457763672,11.390000343322754,2239900,0.0,0.0
2019-10-01 00:00:00-04:00,11.470000267028809,11.579999923706055,11.210000038146973,11.329999923706055,2297900,0.0,0.0
2019-10-02 00:00:00-04:00,11.210000038146973,11.210000038146973,10.609999656677246,10.649999618530273,4318900,0.0,0.0
2019-10-03 00:00:00-04:00,10.640000343322754,10.9399995803833,10.369999885559082,10.850000381469727,2255600,0.0,0.0
2019-10-04 00:00:00-04:00,10.789999961853027,11.0600004196167,10.6899995803833,11.029999732971191,1560100,0.0,0.0
2019-10-07 00:00:00-04:00,11.039999961853027,11.25,10.829999923706055,11.199999809265137,1945300,0.0,0.0
2019-10-08 00:00:00-04:00,11.010000228881836,11.199999809265137,10.649999618530273,10.960000038146973,2074500,0.0,0.0
2019-10-09 00:00:00-04:00,11.039999961853027,11.050000190734863,10.369999885559082,10.649999618530273,2468900,0.0,0.0
2019-10-10 00:00:00-04:00,10.630000114440918,11.15999984741211,10.630000114440918,11.100000381469727,2636300,0.0,0.0
2019-10-11 00:00:00-04:00,11.329999923706055,11.829999923706055,11.229999542236328,11.670000076293945,3542100,0.0,0.0
2019-10-14 00:00:00-04:00,11.640000343322754,11.710000038146973,11.329999923706055,11.529999732971191,2000600,0.0,0.0
2019-10-15 00:00:00-04:00,11.579999923706055,11.59000015258789,11.380000114440918,11.399999618530273,1974700,0.0,0.0
2019-10-16 00:00:00-04:00,11.380000114440918,11.890000343322754,11.319999694824219,11.5,4207700,0.0,0.0
2019-10-17 00:00:00-04:00,11.609999656677246,11.680000305175781,11.069999694824219,11.119999885559082,4650400,0.0,0.0
2019-10-18 00:00:00-04:00,11.119999885559082,11.380000114440918,11.010000228881836,11.229999542236328,2708800,0.0,0.0
2019-10-21 00:00:00-04:00,11.329999923706055,11.420000076293945,11.109999656677246,11.300000190734863,2179600,0.0,0.0
2019-10-22 00:00:00-04:00,10.869999885559082,10.869999885559082,10.210000038146973,10.5600004196167,8180300,0.0,0.0
2019-10-23 00:00:00-04:00,10.619999885559082,10.619999885559082,10.069999694824219,10.1899995803833,4702500,0.0,0.0
2019-10-24 00:00:00-04:00,10.229999542236328,10.300000190734863,9.930000305175781,10.069999694824219,3089100,0.0,0.0
2019-10-25 00:00:00-04:00,10.050000190734863,10.25,9.989999771118164,10.170000076293945,2212800,0.0,0.0
2019-10-28 00:00:00-04:00,10.199999809265137,10.529999732971191,10.199999809265137,10.300000190734863,3424500,0.0,0.0
2019-10-29 00:00:00-04:00,10.039999961853027,10.579999923706055,9.920000076293945,10.5600004196167,6616800,0.0,0.0
2019-10-30 00:00:00-04:00,12.75,13.220000267028809,11.369999885559082,12.020000457763672,25056100,0.0,0.0
2019-10-31 00:00:00-04:00,12.029999732971191,12.130000114440918,11.609999656677246,11.9399995803833,5413800,0.0,0.0
2019-11-01 00:00:00-04:00,11.960000038146973,12.100000381469727,11.75,11.890000343322754,6963300,0.0,0.0
2019-11-04 00:00:00-05:00,11.979999542236328,12.359999656677246,11.890000343322754,12.149999618530273,3870700,0.0,0.0
2019-11-05 00:00:00-05:00,12.1899995803833,12.4399995803833,12.180000305175781,12.329999923706055,2971700,0.0,0.0
2019-11-06 00:00:00-05:00,12.1899995803833,12.25,11.890000343322754,12.0,3785400,0.0,0.0
2019-11-07 00:00:00-05:00,12.260000228881836,12.449999809265137,12.109999656677246,12.140000343322754,3126400,0.0,0.0
2019-11-08 00:00:00-05:00,12.199999809265137,12.300000190734863,11.989999771118164,12.15999984741211,2902600,0.0,0.0
2019-11-11 00:00:00-05:00,12.050000190734863,12.170000076293945,11.880000114440918,12.109999656677246,1844600,0.0,0.0
2019-11-12 00:00:00-05:00,12.020000457763672,12.229999542236328,11.949999809265137,12.010000228881836,2878500,0.0,0.0
2019-11-13 00:00:00-05:00,11.970000267028809,12.029999732971191,11.800000190734863,11.970000267028809,2771200,0.0,0.0
2019-11-14 00:00:00-05:00,11.960000038146973,12.369999885559082,11.899999618530273,12.319999694824219,4195300,0.0,0.0
2019-11-15 00:00:00-05:00,12.350000381469727,12.390000343322754,11.739999771118164,11.760000228881836,2692900,0.0,0.0
2019-11-18 00:00:00-05:00,11.819999694824219,11.819999694824219,11.430000305175781,11.729999542236328,2395400,0.0,0.0
2019-11-19 00:00:00-05:00,11.760000228881836,11.800000190734863,11.640000343322754,11.6899995803833,1779700,0.0,0.0
2019-11-20 00:00:00-05:00,11.609999656677246,11.720000267028809,11.430000305175781,11.569999694824219,2605200,0.0,0.0
2019-11-21 00:00:00-05:00,11.550000190734863,11.630000114440918,11.430000305175781,11.430000305175781,1593500,0.0,0.0
2019-11-22 00:00:00-05:00,11.529999732971191,11.8100004196167,11.470000267028809,11.670000076293945,1687300,0.0,0.0
2019-11-25 00:00:00-05:00,11.680000305175781,11.869999885559082,11.680000305175781,11.739999771118164,2000100,0.0,0.0
2019-11-26 00:00:00-05:00,11.720000267028809,11.760000228881836,11.539999961853027,11.619999885559082,2761100,0.0,0.0
2019-11-27 00:00:00-05:00,11.65999984741211,11.859999656677246,11.59000015258789,11.8100004196167,2724100,0.0,0.0
2019-11-29 00:00:00-05:00,11.800000190734863,11.869999885559082,11.6899995803833,11.699999809265137,1247900,0.0,0.0
2019-12-02 00:00:00-05:00,11.75,11.789999961853027,11.359999656677246,11.460000038146973,2409200,0.0,0.0
2019-12-03 00:00:00-05:00,11.199999809265137,11.210000038146973,10.829999923706055,11.15999984741211,4042700,0.0,0.0
2019-12-04 00:00:00-05:00,11.199999809265137,11.739999771118164,11.199999809265137,11.619999885559082,5213500,0.0,0.0
2019-12-05 00:00:00-05:00,11.739999771118164,12.039999961853027,11.670000076293945,11.739999771118164,3591100,0.0,0.0
2019-12-06 00:00:00-05:00,11.920000076293945,12.15999984741211,11.880000114440918,12.069999694824219,4089400,0.0,0.0
2019-12-09 00:00:00-05:00,12.0600004196167,12.1899995803833,12.010000228881836,12.069999694824219,2638800,0.0,0.0
2019-12-10 00:00:00-05:00,12.09000015258789,12.15999984741211,11.859999656677246,11.920000076293945,2577200,0.0,0.0
2019-12-11 00:00:00-05:00,11.9399995803833,12.270000457763672,11.90999984741211,12.239999771118164,4065800,0.0,0.0
2019-12-12 00:00:00-05:00,12.3100004196167,12.850000381469727,12.229999542236328,12.779999732971191,3847800,0.0,0.0
2019-12-13 00:00:00-05:00,13.050000190734863,13.369999885559082,12.859999656677246,13.34000015258789,5807000,0.0,0.0
2019-12-16 00:00:00-05:00,13.350000381469727,13.4399995803833,12.949999809265137,12.960000038146973,7942500,0.0,0.0
2019-12-17 00:00:00-05:00,12.880000114440918,13.0,12.609999656677246,12.970000267028809,5350200,0.0,0.0
2019-12-18 00:00:00-05:00,12.949999809265137,13.229999542236328,12.949999809265137,13.050000190734863,4961600,0.0,0.0
2019-12-19 00:00:00-05:00,13.119999885559082,13.180000305175781,12.979999542236328,13.039999961853027,3902400,0.0,0.0
2019-12-20 00:00:00-05:00,13.010000228881836,13.430000305175781,12.899999618530273,13.40999984741211,6771400,0.0,0.0
2019-12-23 00:00:00-05:00,13.470000267028809,13.779999732971191,13.449999809265137,13.75,4420700,0.0,0.0
2019-12-24 00:00:00-05:00,13.75,13.960000038146973,13.739999771118164,13.920000076293945,1526900,0.0,0.0
2019-12-26 00:00:00-05:00,13.899999618530273,13.9399995803833,13.569999694824219,13.609999656677246,1822700,0.0,0.0
2019-12-27 00:00:00-05:00,13.649999618530273,13.819999694824219,13.619999885559082,13.800000190734863,3012600,0.0,0.0
2019-12-30 00:00:00-05:00,13.800000190734863,13.9399995803833,13.65999984741211,13.670000076293945,4015500,0.0,0.0
2019-12-31 00:00:00-05:00,13.65999984741211,13.899999618530273,13.539999961853027,13.550000190734863,2912700,0.0,0.0
2020-01-02 00:00:00-05:00,13.680000305175781,13.710000038146973,13.140000343322754,13.300000190734863,3288500,0.0,0.0
2020-01-03 00:00:00-05:00,13.220000267028809,13.479999542236328,13.069999694824219,13.479999542236328,2928400,0.0,0.0
2020-01-06 00:00:00-05:00,13.270000457763672,14.079999923706055,13.260000228881836,14.069999694824219,4184200,0.0,0.0
2020-01-07 00:00:00-05:00,14.09000015258789,14.390000343322754,14.020000457763672,14.180000305175781,8298600,0.0,0.0
2020-01-08 00:00:00-05:00,14.149999618530273,14.470000267028809,14.100000381469727,14.130000114440918,3304000,0.0,0.0
2020-01-09 00:00:00-05:00,14.119999885559082,14.319999694824219,13.989999771118164,14.260000228881836,2683800,0.0,0.0
2020-01-10 00:00:00-05:00,14.3100004196167,14.390000343322754,13.979999542236328,14.069999694824219,2349700,0.0,0.0
2020-01-13 00:00:00-05:00,14.109999656677246,14.460000038146973,13.920000076293945,14.430000305175781,2639700,0.0,0.0
2020-01-14 00:00:00-05:00,14.350000381469727,14.739999771118164,14.289999961853027,14.680000305175781,5575300,0.0,0.0
2020-01-15 00:00:00-05:00,14.289999961853027,14.329999923706055,13.59000015258789,14.0,7098500,0.0,0.0
2020-01-16 00:00:00-05:00,14.140000343322754,14.449999809265137,13.90999984741211,14.010000228881836,3885100,0.0,0.0
2020-01-17 00:00:00-05:00,14.0600004196167,14.289999961853027,13.930000305175781,14.279999732971191,3800400,0.0,0.0
2020-01-21 00:00:00-05:00,14.109999656677246,14.40999984741211,14.0,14.350000381469727,2818200,0.0,0.0
2020-01-22 00:00:00-05:00,14.430000305175781,14.5600004196167,14.359999656677246,14.390000343322754,1567100,0.0,0.0
2020-01-23 00:00:00-05:00,14.300000190734863,14.550000190734863,14.09000015258789,14.449999809265137,2963900,0.0,0.0
2020-01-24 00:00:00-05:00,14.5,14.529999732971191,14.210000038146973,14.279999732971191,2064500,0.0,0.0
2020-01-27 00:00:00-05:00,13.970000267028809,14.260000228881836,13.920000076293945,14.119999885559082,2367100,0.0,0.0
2020-01-28 00:00:00-05:00,14.3100004196167,14.800000190734863,14.3100004196167,14.510000228881836,4137000,0.0,0.0
2020-01-29 00:00:00-05:00,14.680000305175781,14.829999923706055,14.479999542236328,14.520000457763672,2455500,0.0,0.0
2020-01-30 00:00:00-05:00,14.420000076293945,14.640000343322754,14.220000267028809,14.600000381469727,2136100,0.0,0.0
2020-01-31 00:00:00-05:00,14.539999961853027,14.720000267028809,14.260000228881836,14.630000114440918,4010100,0.0,0.0
2020-02-03 00:00:00-05:00,14.75,14.819999694824219,14.390000343322754,14.430000305175781,3118500,0.0,0.0
2020-02-04 00:00:00-05:00,14.619999885559082,14.65999984741211,14.329999923706055,14.369999885559082,4640800,0.0,0.0
2020-02-05 00:00:00-05:00,14.539999961853027,14.600000381469727,14.100000381469727,14.1899995803833,17388800,0.0,0.0
2020-02-06 00:00:00-05:00,14.270000457763672,14.550000190734863,14.15999984741211,14.3100004196167,6465300,0.0,0.0
2020-02-07 00:00:00-05:00,14.229999542236328,14.420000076293945,13.989999771118164,14.079999923706055,5127100,0.0,0.0
2020-02-10 00:00:00-05:00,14.0600004196167,14.399999618530273,14.020000457763672,14.279999732971191,5042900,0.0,0.0
2020-02-11 00:00:00-05:00,14.579999923706055,14.600000381469727,14.260000228881836,14.289999961853027,5139200,0.0,0.0
2020-02-12 00:00:00-05:00,14.359999656677246,14.569999694824219,14.329999923706055,14.510000228881836,8755100,0.0,0.0
2020-02-13 00:00:00-05:00,14.460000038146973,14.5600004196167,14.329999923706055,14.399999618530273,7018200,0.0,0.0
2020-02-14 00:00:00-05:00,14.399999618530273,14.720000267028809,13.600000381469727,13.949999809265137,15706700,0.0,0.0
2020-02-18 00:00:00-05:00,13.789999961853027,13.9399995803833,13.279999732971191,13.300000190734863,7048200,0.0,0.0
2020-02-19 00:00:00-05:00,13.319999694824219,13.460000038146973,13.0,13.0600004196167,6322400,0.0,0.0
2020-02-20 00:00:00-05:00,13.050000190734863,13.289999961853027,13.010000228881836,13.25,4558200,0.0,0.0
2020-02-21 00:00:00-05:00,13.130000114440918,13.199999809265137,12.6899995803833,12.9399995803833,7514100,0.0,0.0
2020-02-24 00:00:00-05:00,12.460000038146973,12.600000381469727,12.289999961853027,12.40999984741211,8164700,0.0,0.0
2020-02-25 00:00:00-05:00,12.399999618530273,12.4399995803833,11.880000114440918,11.899999618530273,6323400,0.0,0.0
2020-02-26 00:00:00-05:00,11.920000076293945,12.09000015258789,11.630000114440918,11.649999618530273,5172800,0.0,0.0
2020-02-27 00:00:00-05:00,11.210000038146973,11.739999771118164,10.920000076293945,11.529999732971191,8367300,0.0,0.0
2020-02-28 00:00:00-05:00,11.140000343322754,11.819999694824219,11.100000381469727,11.789999961853027,7384900,0.0,0.0
2020-03-02 00:00:00-05:00,11.8100004196167,12.239999771118164,11.699999809265137,11.960000038146973,8155500,0.0,0.0
2020-03-03 00:00:00-05:00,11.920000076293945,12.270000457763672,11.630000114440918,11.850000381469727,6364100,0.0,0.0
2020-03-04 00:00:00-05:00,12.279999732971191,12.800000190734863,12.130000114440918,12.779999732971191,9017800,0.0,0.0
2020-03-05 00:00:00-05:00,12.390000343322754,12.65999984741211,12.239999771118164,12.5600004196167,6467300,0.0,0.0
2020-03-06 00:00:00-05:00,12.170000076293945,12.220000267028809,11.460000038146973,11.670000076293945,6358700,0.0,0.0
2020-03-09 00:00:00-04:00,10.760000228881836,10.9399995803833,10.180000305175781,10.220000267028809,6683400,0.0,0.0
2020-03-10 00:00:00-04:00,10.619999885559082,10.699999809265137,9.789999961853027,10.0600004196167,5763800,0.0,0.0
2020-03-11 00:00:00-04:00,9.850000381469727,9.960000038146973,8.890000343322754,8.949999809265137,8059300,0.0,0.0
2020-03-12 00:00:00-04:00,8.329999923706055,8.4399995803833,7.019999980926514,7.900000095367432,12998500,0.0,0.0
2020-03-13 00:00:00-04:00,8.210000038146973,8.59000015258789,7.630000114440918,8.25,14448500,0.0,0.0
2020-03-16 00:00:00-04:00,7.349999904632568,8.220000267028809,7.0,7.860000133514404,6998000,0.0,0.0
2020-03-17 00:00:00-04:00,8.069999694824219,9.279999732971191,7.960000038146973,8.710000038146973,6601500,0.0,0.0
2020-03-18 00:00:00-04:00,8.140000343322754,9.25,7.679999828338623,8.539999961853027,10238600,0.0,0.0
2020-03-19 00:00:00-04:00,8.300000190734863,9.420000076293945,8.300000190734863,8.5,5574800,0.0,0.0
2020-03-20 00:00:00-04:00,8.539999961853027,8.760000228881836,7.190000057220459,7.420000076293945,10704700,0.0,0.0
2020-03-23 00:00:00-04:00,7.53000020980835,7.53000020980835,6.53000020980835,7.230000019073486,7052200,0.0,0.0
2020-03-24 00:00:00-04:00,7.71999979019165,8.279999732971191,7.389999866485596,8.149999618530273,8491800,0.0,0.0
2020-03-25 00:00:00-04:00,8.210000038146973,9.40999984741211,8.09000015258789,8.539999961853027,6878800,0.0,0.0
2020-03-26 00:00:00-04:00,8.550000190734863,9.4399995803833,8.359999656677246,9.0600004196167,4582900,0.0,0.0
2020-03-27 00:00:00-04:00,8.75,9.020000457763672,8.449999809265137,8.779999732971191,2789600,0.0,0.0
2020-03-30 00:00:00-04:00,8.720000267028809,9.149999618530273,8.65999984741211,9.100000381469727,3592800,0.0,0.0
2020-03-31 00:00:00-04:00,9.069999694824219,9.319999694824219,8.760000228881836,8.8100004196167,4980000,0.0,0.0
2020-04-01 00:00:00-04:00,8.520000457763672,8.619999885559082,8.020000457763672,8.369999885559082,5313500,0.0,0.0
2020-04-02 00:00:00-04:00,8.369999885559082,8.619999885559082,8.0600004196167,8.279999732971191,3265900,0.0,0.0
2020-04-03 00:00:00-04:00,8.210000038146973,8.3100004196167,7.650000095367432,7.730000019073486,4793100,0.0,0.0
2020-04-06 00:00:00-04:00,8.079999923706055,8.399999618530273,7.960000038146973,8.239999771118164,4236300,0.0,0.0
2020-04-07 00:00:00-04:00,8.399999618530273,8.850000381469727,8.149999618530273,8.25,6547700,0.0,0.0
2020-04-08 00:00:00-04:00,8.3100004196167,8.729999542236328,8.239999771118164,8.5,5010100,0.0,0.0
2020-04-09 00:00:00-04:00,8.649999618530273,9.630000114440918,8.649999618530273,9.300000190734863,7259700,0.0,0.0
2020-04-13 00:00:00-04:00,9.300000190734863,9.420000076293945,8.899999618530273,9.300000190734863,3596300,0.0,0.0
2020-04-14 00:00:00-04:00,9.510000228881836,9.600000381469727,9.239999771118164,9.350000381469727,3360900,0.0,0.0
2020-04-15 00:00:00-04:00,9.09000015258789,9.09000015258789,8.65999984741211,8.859999656677246,3236300,0.0,0.0
2020-04-16 00:00:00-04:00,8.90999984741211,8.90999984741211,8.649999618530273,8.84000015258789,3565400,0.0,0.0
2020-04-17 00:00:00-04:00,9.149999618530273,9.510000228881836,9.149999618530273,9.180000305175781,4941600,0.0,0.0
2020-04-20 00:00:00-04:00,9.029999732971191,9.359999656677246,8.880000114440918,8.960000038146973,2877400,0.0,0.0
2020-04-21 00:00:00-04:00,8.720000267028809,8.800000190734863,8.270000457763672,8.420000076293945,3316200,0.0,0.0
2020-04-22 00:00:00-04:00,8.550000190734863,8.550000190734863,8.279999732971191,8.329999923706055,2583300,0.0,0.0
2020-04-23 00:00:00-04:00,8.390000343322754,8.640000343322754,8.350000381469727,8.399999618530273,3294400,0.0,0.0
2020-04-24 00:00:00-04:00,8.479999542236328,8.59000015258789,8.239999771118164,8.359999656677246,3513300,0.0,0.0
2020-04-27 00:00:00-04:00,8.489999771118164,8.979999542236328,8.40999984741211,8.869999885559082,2985200,0.0,0.0
2020-04-28 00:00:00-04:00,9.140000343322754,9.539999961853027,9.119999885559082,9.300000190734863,5000500,0.0,0.0
2020-04-29 00:00:00-04:00,9.470000267028809,9.59000015258789,8.880000114440918,8.9399995803833,10296700,0.0,0.0
2020-04-30 00:00:00-04:00,8.710000038146973,9.0,8.699999809265137,8.720000267028809,4713300,0.0,0.0
2020-05-01 00:00:00-04:00,8.529999732971191,8.609999656677246,8.220000267028809,8.300000190734863,6147200,0.0,0.0
2020-05-04 00:00:00-04:00,8.210000038146973,8.670000076293945,8.079999923706055,8.579999923706055,5536800,0.0,0.0
2020-05-05 00:00:00-04:00,8.699999809265137,8.890000343322754,8.569999694824219,8.609999656677246,5368400,0.0,0.0
2020-05-06 00:00:00-04:00,8.0600004196167,8.539999961853027,7.610000133514404,8.489999771118164,15325100,0.0,0.0
2020-05-07 00:00:00-04:00,8.710000038146973,8.899999618530273,8.399999618530273,8.529999732971191,5527300,0.0,0.0
2020-05-08 00:00:00-04:00,8.649999618530273,8.989999771118164,8.630000114440918,8.819999694824219,4583700,0.0,0.0
2020-05-11 00:00:00-04:00,8.670000076293945,8.8100004196167,8.510000228881836,8.569999694824219,3352300,0.0,0.0
2020-05-12 00:00:00-04:00,8.579999923706055,8.710000038146973,8.380000114440918,8.380000114440918,5409800,0.0,0.0
2020-05-13 00:00:00-04:00,8.279999732971191,8.300000190734863,7.75,8.0,5940500,0.0,0.0
2020-05-14 00:00:00-04:00,7.860000133514404,8.130000114440918,7.539999961853027,8.100000381469727,4317700,0.0,0.0
2020-05-15 00:00:00-04:00,8.0600004196167,8.100000381469727,7.920000076293945,8.010000228881836,3217300,0.0,0.0
2020-05-18 00:00:00-04:00,8.279999732971191,8.470000267028809,8.119999885559082,8.149999618530273,4098300,0.0,0.0
2020-05-19 00:00:00-04:00,8.170000076293945,8.229999542236328,8.0,8.020000457763672,4495000,0.0,0.0
2020-05-20 00:00:00-04:00,8.130000114440918,8.380000114440918,8.100000381469727,8.180000305175781,4690700,0.0,0.0
2020-05-21 00:00:00-04:00,8.100000381469727,8.399999618530273,8.039999961853027,8.380000114440918,6209800,0.0,0.0
2020-05-22 00:00:00-04:00,8.34000015258789,8.520000457763672,8.260000228881836,8.479999542236328,2389000,0.0,0.0
2020-05-26 00:00:00-04:00,8.75,9.489999771118164,8.75,9.40999984741211,6687100,0.0,0.0
2020-05-27 00:00:00-04:00,9.640000343322754,10.050000190734863,9.5600004196167,9.920000076293945,6488000,0.0,0.0
2020-05-28 00:00:00-04:00,10.100000381469727,10.119999885559082,9.420000076293945,9.460000038146973,5256000,0.0,0.0
2020-05-29 00:00:00-04:00,9.260000228881836,9.359999656677246,8.989999771118164,9.210000038146973,4362800,0.0,0.0
2020-06-01 00:00:00-04:00,9.210000038146973,9.859999656677246,9.010000228881836,9.630000114440918,4496900,0.0,0.0
2020-06-02 00:00:00-04:00,9.680000305175781,9.970000267028809,9.619999885559082,9.640000343322754,3338200,0.0,0.0
2020-06-03 00:00:00-04:00,10.289999961853027,10.289999961853027,10.069999694824219,10.199999809265137,7007700,0.0,0.0
2020-06-04 00:00:00-04:00,10.220000267028809,10.3100004196167,10.100000381469727,10.130000114440918,5473200,0.0,0.0
2020-06-05 00:00:00-04:00,10.640000343322754,10.779999732971191,10.40999984741211,10.5,7324200,0.0,0.0
2020-06-08 00:00:00-04:00,10.729999542236328,10.970000267028809,10.720000267028809,10.859999656677246,5789400,0.0,0.0
2020-06-09 00:00:00-04:00,10.180000305175781,10.680000305175781,10.180000305175781,10.489999771118164,4251200,0.0,0.0
2020-06-10 00:00:00-04:00,10.460000038146973,10.489999771118164,9.930000305175781,9.930000305175781,4227500,0.0,0.0
2020-06-11 00:00:00-04:00,9.40999984741211,9.539999961853027,9.170000076293945,9.25,4794000,0.0,0.0
2020-06-12 00:00:00-04:00,9.630000114440918,9.75,9.260000228881836,9.619999885559082,3650100,0.0,0.0
2020-06-15 00:00:00-04:00,9.300000190734863,10.050000190734863,9.220000267028809,9.859999656677246,5244100,0.0,0.0
2020-06-16 00:00:00-04:00,10.239999771118164,10.359999656677246,9.710000038146973,10.170000076293945,4305800,0.0,0.0
2020-06-17 00:00:00-04:00,10.229999542236328,10.260000228881836,10.010000228881836,10.100000381469727,3017500,0.0,0.0
2020-06-18 00:00:00-04:00,9.949999809265137,10.180000305175781,9.920000076293945,9.930000305175781,2958000,0.0,0.0
2020-06-19 00:00:00-04:00,10.109999656677246,10.109999656677246,9.75,9.850000381469727,5362000,0.0,0.0
2020-06-22 00:00:00-04:00,9.84000015258789,10.100000381469727,9.649999618530273,10.039999961853027,3473000,0.0,0.0
2020-06-23 00:00:00-04:00,10.220000267028809,10.220000267028809,9.9399995803833,10.029999732971191,3743400,0.0,0.0
2020-06-24 00:00:00-04:00,9.920000076293945,9.989999771118164,9.539999961853027,9.5600004196167,3811600,0.0,0.0
2020-06-25 00:00:00-04:00,9.550000190734863,9.59000015258789,9.239999771118164,9.430000305175781,2274800,0.0,0.0
2020-06-26 00:00:00-04:00,9.350000381469727,9.430000305175781,9.229999542236328,9.369999885559082,3754100,0.0,0.0
2020-06-29 00:00:00-04:00,9.460000038146973,9.640000343322754,9.239999771118164,9.600000381469727,1914900,0.0,0.0
2020-06-30 00:00:00-04:00,9.520000457763672,9.710000038146973,9.489999771118164,9.670000076293945,1902600,0.0,0.0
2020-07-01 00:00:00-04:00,9.670000076293945,9.930000305175781,9.59000015258789,9.829999923706055,3147700,0.0,0.0
2020-07-02 00:00:00-04:00,10.109999656677246,10.300000190734863,10.010000228881836,10.119999885559082,2981100,0.0,0.0
2020-07-06 00:00:00-04:00,10.279999732971191,10.460000038146973,10.210000038146973,10.289999961853027,3781500,0.0,0.0
2020-07-07 00:00:00-04:00,9.989999771118164,10.279999732971191,9.930000305175781,10.15999984741211,1957000,0.0,0.0
2020-07-08 00:00:00-04:00,10.180000305175781,10.300000190734863,9.979999542236328,10.15999984741211,2384700,0.0,0.0
2020-07-09 00:00:00-04:00,10.119999885559082,10.279999732971191,10.0,10.130000114440918,4179200,0.0,0.0
2020-07-10 00:00:00-04:00,10.100000381469727,10.5,10.050000190734863,10.479999542236328,1584900,0.0,0.0
2020-07-13 00:00:00-04:00,10.5,10.630000114440918,10.300000190734863,10.319999694824219,2078400,0.0,0.0
2020-07-14 00:00:00-04:00,10.329999923706055,10.5600004196167,10.25,10.460000038146973,1988500,0.0,0.0
2020-07-15 00:00:00-04:00,10.600000381469727,10.979999542236328,10.59000015258789,10.859999656677246,3131600,0.0,0.0
2020-07-16 00:00:00-04:00,10.640000343322754,10.949999809265137,10.600000381469727,10.729999542236328,4814300,0.0,0.0
2020-07-17 00:00:00-04:00,10.8100004196167,10.930000305175781,10.460000038146973,10.5600004196167,2541200,0.0,0.0
2020-07-20 00:00:00-04:00,10.5600004196167,10.779999732971191,10.539999961853027,10.640000343322754,3832500,0.0,0.0
2020-07-21 00:00:00-04:00,10.8100004196167,11.479999542236328,10.800000190734863,11.239999771118164,4355300,0.0,0.0
2020-07-22 00:00:00-04:00,11.300000190734863,11.479999542236328,11.220000267028809,11.359999656677246,3090800,0.0,0.0
2020-07-23 00:00:00-04:00,11.5,11.850000381469727,11.4399995803833,11.630000114440918,10215000,0.0,0.0
2020-07-24 00:00:00-04:00,11.9399995803833,11.960000038146973,11.020000457763672,11.34000015258789,8541600,0.0,0.0
2020-07-27 00:00:00-04:00,11.220000267028809,11.3100004196167,10.699999809265137,10.859999656677246,4759200,0.0,0.0
2020-07-28 00:00:00-04:00,10.949999809265137,11.430000305175781,10.880000114440918,11.319999694824219,3974300,0.0,0.0
2020-07-29 00:00:00-04:00,11.390000343322754,11.5,11.220000267028809,11.300000190734863,3605500,0.0,0.0
2020-07-30 00:00:00-04:00,11.109999656677246,11.25,11.010000228881836,11.229999542236328,3191200,0.0,0.0
2020-07-31 00:00:00-04:00,11.210000038146973,11.359999656677246,10.90999984741211,11.109999656677246,2273000,0.0,0.0
2020-08-03 00:00:00-04:00,11.109999656677246,11.4399995803833,11.0600004196167,11.359999656677246,1761600,0.0,0.0
2020-08-04 00:00:00-04:00,11.380000114440918,11.5,11.289999961853027,11.369999885559082,1220400,0.0,0.0
2020-08-05 00:00:00-04:00,11.460000038146973,11.640000343322754,11.380000114440918,11.619999885559082,1521000,0.0,0.0
2020-08-06 00:00:00-04:00,11.619999885559082,11.65999984741211,11.420000076293945,11.430000305175781,1205100,0.0,0.0
2020-08-07 00:00:00-04:00,11.369999885559082,11.399999618530273,11.220000267028809,11.359999656677246,1475700,0.0,0.0
2020-08-10 00:00:00-04:00,11.369999885559082,11.739999771118164,11.319999694824219,11.65999984741211,3071100,0.0,0.0
2020-08-11 00:00:00-04:00,11.829999923706055,11.920000076293945,11.470000267028809,11.479999542236328,2991000,0.0,0.0
2020-08-12 00:00:00-04:00,11.539999961853027,11.770000457763672,11.34000015258789,11.640000343322754,2918700,0.0,0.0
2020-08-13 00:00:00-04:00,11.649999618530273,11.890000343322754,11.630000114440918,11.6899995803833,2717700,0.0,0.0
2020-08-14 00:00:00-04:00,11.609999656677246,11.640000343322754,11.489999771118164,11.550000190734863,1629700,0.0,0.0
2020-08-17 00:00:00-04:00,11.609999656677246,11.609999656677246,11.300000190734863,11.470000267028809,1974600,0.0,0.0
2020-08-18 00:00:00-04:00,11.380000114440918,11.430000305175781,11.170000076293945,11.319999694824219,1269100,0.0,0.0
2020-08-19 00:00:00-04:00,11.3100004196167,11.4399995803833,11.25,11.260000228881836,933900,0.0,0.0
2020-08-20 00:00:00-04:00,11.130000114440918,11.279999732971191,11.09000015258789,11.229999542236328,1434900,0.0,0.0
2020-08-21 00:00:00-04:00,11.180000305175781,11.3100004196167,11.079999923706055,11.140000343322754,1177000,0.0,0.0
2020-08-24 00:00:00-04:00,11.220000267028809,11.369999885559082,11.039999961853027,11.220000267028809,2660100,0.0,0.0
2020-08-25 00:00:00-04:00,11.3100004196167,11.350000381469727,10.930000305175781,11.260000228881836,2176900,0.0,0.0
2020-08-26 00:00:00-04:00,11.25,11.289999961853027,11.020000457763672,11.09000015258789,1756400,0.0,0.0
2020-08-27 00:00:00-04:00,11.149999618530273,11.210000038146973,11.010000228881836,11.100000381469727,1450400,0.0,0.0
2020-08-28 00:00:00-04:00,11.1899995803833,11.25,10.949999809265137,11.1899995803833,2608400,0.0,0.0
2020-08-31 00:00:00-04:00,11.100000381469727,11.140000343322754,10.739999771118164,10.75,2346100,0.0,0.0
2020-09-01 00:00:00-04:00,10.6899995803833,11.149999618530273,10.630000114440918,11.149999618530273,2295300,0.0,0.0
2020-09-02 00:00:00-04:00,11.1899995803833,11.420000076293945,11.0600004196167,11.390000343322754,1444000,0.0,0.0
2020-09-03 00:00:00-04:00,11.4399995803833,11.479999542236328,10.9399995803833,10.970000267028809,1437800,0.0,0.0
2020-09-04 00:00:00-04:00,11.079999923706055,11.09000015258789,10.539999961853027,10.8100004196167,1661200,0.0,0.0
2020-09-08 00:00:00-04:00,10.65999984741211,10.930000305175781,10.569999694824219,10.850000381469727,1997900,0.0,0.0
2020-09-09 00:00:00-04:00,10.920000076293945,11.119999885559082,10.649999618530273,10.970000267028809,3103900,0.0,0.0
2020-09-10 00:00:00-04:00,11.010000228881836,11.279999732971191,10.960000038146973,11.079999923706055,1862900,0.0,0.0
2020-09-11 00:00:00-04:00,11.180000305175781,11.1899995803833,10.960000038146973,11.010000228881836,2413500,0.0,0.0
2020-09-14 00:00:00-04:00,11.020000457763672,11.140000343322754,10.869999885559082,10.970000267028809,1894800,0.0,0.0
2020-09-15 00:00:00-04:00,10.989999771118164,11.180000305175781,10.710000038146973,11.050000190734863,2405500,0.0,0.0
2020-09-16 00:00:00-04:00,11.09000015258789,11.619999885559082,11.079999923706055,11.4399995803833,3857500,0.0,0.0
2020-09-17 00:00:00-04:00,11.350000381469727,12.109999656677246,11.119999885559082,11.859999656677246,9372600,0.0,0.0
2020-09-18 00:00:00-04:00,11.84000015258789,12.119999885559082,11.609999656677246,11.65999984741211,6442000,0.0,0.0
2020-09-21 00:00:00-04:00,11.350000381469727,11.630000114440918,11.149999618530273,11.600000381469727,5238000,0.0,0.0
2020-09-22 00:00:00-04:00,11.720000267028809,11.9399995803833,11.15999984741211,11.300000190734863,4272000,0.0,0.0
2020-09-23 00:00:00-04:00,11.350000381469727,11.569999694824219,11.289999961853027,11.289999961853027,2711200,0.0,0.0
2020-09-24 00:00:00-04:00,11.25,11.449999809265137,11.149999618530273,11.329999923706055,4184400,0.0,0.0
2020-09-25 00:00:00-04:00,11.350000381469727,11.510000228881836,11.300000190734863,11.329999923706055,3066300,0.0,0.0
2020-09-28 00:00:00-04:00,11.420000076293945,11.529999732971191,11.229999542236328,11.399999618530273,3483900,0.0,0.0
2020-09-29 00:00:00-04:00,11.550000190734863,11.920000076293945,11.460000038146973,11.5,3203000,0.0,0.0
2020-09-30 00:00:00-04:00,11.579999923706055,12.029999732971191,11.579999923706055,11.699999809265137,3670500,0.0,0.0
2020-10-01 00:00:00-04:00,11.729999542236328,11.979999542236328,11.6899995803833,11.920000076293945,2190000,0.0,0.0
2020-10-02 00:00:00-04:00,11.710000038146973,12.109999656677246,11.699999809265137,12.079999923706055,11679100,0.0,0.0
2020-10-05 00:00:00-04:00,12.300000190734863,12.460000038146973,12.09000015258789,12.239999771118164,13279800,0.0,0.0
2020-10-06 00:00:00-04:00,12.319999694824219,12.619999885559082,12.25,12.25,5027400,0.0,0.0
2020-10-07 00:00:00-04:00,12.380000114440918,12.609999656677246,12.289999961853027,12.350000381469727,3254600,0.0,0.0
2020-10-08 00:00:00-04:00,12.529999732971191,12.6899995803833,12.329999923706055,12.600000381469727,4538000,0.0,0.0
2020-10-09 00:00:00-04:00,12.760000228881836,12.829999923706055,12.489999771118164,12.489999771118164,4938300,0.0,0.0
2020-10-12 00:00:00-04:00,12.630000114440918,12.680000305175781,12.399999618530273,12.609999656677246,4704700,0.0,0.0
2020-10-13 00:00:00-04:00,12.550000190734863,12.6899995803833,12.479999542236328,12.550000190734863,6196600,0.0,0.0
2020-10-14 00:00:00-04:00,12.550000190734863,12.699999809265137,12.430000305175781,12.4399995803833,5856600,0.0,0.0
2020-10-15 00:00:00-04:00,12.300000190734863,12.510000228881836,12.199999809265137,12.390000343322754,3282800,0.0,0.0
2020-10-16 00:00:00-04:00,12.399999618530273,12.640000343322754,12.329999923706055,12.600000381469727,3998300,0.0,0.0
2020-10-19 00:00:00-04:00,12.890000343322754,13.010000228881836,12.5,12.529999732971191,3861900,0.0,0.0
2020-10-20 00:00:00-04:00,12.619999885559082,12.770000457763672,12.510000228881836,12.550000190734863,2834100,0.0,0.0
2020-10-21 00:00:00-04:00,12.600000381469727,12.670000076293945,12.449999809265137,12.449999809265137,2768100,0.0,0.0
2020-10-22 00:00:00-04:00,12.5,13.069999694824219,12.4399995803833,12.920000076293945,7917200,0.0,0.0
2020-10-23 00:00:00-04:00,13.850000381469727,14.819999694824219,13.800000190734863,14.15999984741211,27723100,0.0,0.0
2020-10-26 00:00:00-04:00,14.0,14.119999885559082,13.399999618530273,13.75,6749700,0.0,0.0
2020-10-27 00:00:00-04:00,13.800000190734863,14.369999885559082,13.710000038146973,14.270000457763672,5406600,0.0,0.0
2020-10-28 00:00:00-04:00,13.930000305175781,14.199999809265137,13.8100004196167,14.050000190734863,3899400,0.0,0.0
2020-10-29 00:00:00-04:00,14.079999923706055,14.149999618530273,13.760000228881836,14.0,3414600,0.0,0.0
2020-10-30 00:00:00-04:00,13.9399995803833,14.020000457763672,13.539999961853027,13.770000457763672,2909900,0.0,0.0
2020-11-02 00:00:00-05:00,13.899999618530273,14.010000228881836,13.729999542236328,13.930000305175781,3015300,0.0,0.0
2020-11-03 00:00:00-05:00,14.020000457763672,14.239999771118164,13.880000114440918,13.970000267028809,3436600,0.0,0.0
2020-11-04 00:00:00-05:00,13.819999694824219,14.100000381469727,13.579999923706055,13.59000015258789,2710200,0.0,0.0
2020-11-05 00:00:00-05:00,13.720000267028809,14.420000076293945,13.720000267028809,14.34000015258789,2992900,0.0,0.0
2020-11-06 00:00:00-05:00,14.699999809265137,14.880000114440918,14.1899995803833,14.239999771118164,4725100,0.0,0.0
2020-11-09 00:00:00-05:00,14.609999656677246,14.680000305175781,13.539999961853027,13.539999961853027,4531800,0.0,0.0
2020-11-10 00:00:00-05:00,13.600000381469727,14.079999923706055,13.399999618530273,13.970000267028809,3907500,0.0,0.0
2020-11-11 00:00:00-05:00,14.029999732971191,14.050000190734863,13.729999542236328,13.880000114440918,2915700,0.0,0.0
2020-11-12 00:00:00-05:00,13.760000228881836,13.869999885559082,13.479999542236328,13.550000190734863,2509000,0.0,0.0
2020-11-13 00:00:00-05:00,13.65999984741211,13.84000015258789,13.569999694824219,13.770000457763672,1647000,0.0,0.0
2020-11-16 00:00:00-05:00,13.949999809265137,14.680000305175781,13.859999656677246,14.359999656677246,7153500,0.0,0.0
2020-11-17 00:00:00-05:00,14.210000038146973,14.539999961853027,13.960000038146973,14.5,5509600,0.0,0.0
2020-11-18 00:00:00-05:00,14.699999809265137,14.859999656677246,14.420000076293945,14.539999961853027,4738900,0.0,0.0
2020-11-19 00:00:00-05:00,14.609999656677246,15.029999732971191,14.569999694824219,14.979999542236328,3449700,0.0,0.0
2020-11-20 00:00:00-05:00,14.899999618530273,15.069999694824219,14.6899995803833,15.039999961853027,2302300,0.0,0.0
2020-11-23 00:00:00-05:00,15.199999809265137,15.850000381469727,15.180000305175781,15.470000267028809,4996300,0.0,0.0
2020-11-24 00:00:00-05:00,15.529999732971191,15.649999618530273,15.329999923706055,15.510000228881836,7696200,0.0,0.0
2020-11-25 00:00:00-05:00,15.420000076293945,15.869999885559082,15.399999618530273,15.710000038146973,2860800,0.0,0.0
2020-11-27 00:00:00-05:00,15.75,16.030000686645508,15.739999771118164,15.9399995803833,1143100,0.0,0.0
2020-11-30 00:00:00-05:00,15.869999885559082,15.970000267028809,15.380000114440918,15.489999771118164,3180500,0.0,0.0
2020-12-01 00:00:00-05:00,15.670000076293945,15.869999885559082,15.520000457763672,15.699999809265137,2435400,0.0,0.0
2020-12-02 00:00:00-05:00,15.5,15.65999984741211,15.180000305175781,15.569999694824219,2533800,0.0,0.0
2020-12-03 00:00:00-05:00,15.649999618530273,15.800000190734863,15.470000267028809,15.569999694824219,2156300,0.0,0.0
2020-12-04 00:00:00-05:00,15.569999694824219,15.649999618530273,15.399999618530273,15.470000267028809,1652600,0.0,0.0
2020-12-07 00:00:00-05:00,15.420000076293945,15.670000076293945,15.350000381469727,15.430000305175781,1809600,0.0,0.0
2020-12-08 00:00:00-05:00,15.380000114440918,16.229999542236328,15.279999732971191,16.1299991607666,4627600,0.0,0.0
2020-12-09 00:00:00-05:00,16.030000686645508,16.75,16.0,16.18000030517578,3948400,0.0,0.0
2020-12-10 00:00:00-05:00,16.059999465942383,16.200000762939453,15.75,15.779999732971191,1849800,0.0,0.0
2020-12-11 00:00:00-05:00,15.680000305175781,16.030000686645508,15.680000305175781,15.949999809265137,1696700,0.0,0.0
2020-12-14 00:00:00-05:00,16.190000534057617,16.420000076293945,16.110000610351562,16.34000015258789,2410500,0.0,0.0
2020-12-15 00:00:00-05:00,16.290000915527344,17.270000457763672,16.170000076293945,17.18000030517578,7138800,0.0,0.0
2020-12-16 00:00:00-05:00,17.260000228881836,17.899999618530273,17.100000381469727,17.84000015258789,5095800,0.0,0.0
2020-12-17 00:00:00-05:00,17.889999389648438,18.350000381469727,17.709999084472656,17.950000762939453,2816600,0.0,0.0
2020-12-18 00:00:00-05:00,17.959999084472656,18.389999389648438,17.959999084472656,18.1200008392334,7985700,0.0,0.0
2020-12-21 00:00:00-05:00,17.709999084472656,17.940000534057617,17.360000610351562,17.760000228881836,2147000,0.0,0.0
2020-12-22 00:00:00-05:00,17.690000534057617,17.90999984741211,17.520000457763672,17.530000686645508,1834600,0.0,0.0
2020-12-23 00:00:00-05:00,17.59000015258789,17.700000762939453,17.440000534057617,17.610000610351562,2413400,0.0,0.0
2020-12-24 00:00:00-05:00,17.670000076293945,17.799999237060547,17.459999084472656,17.530000686645508,735000,0.0,0.0
2020-12-28 00:00:00-05:00,17.6299991607666,17.770000457763672,17.440000534057617,17.6200008392334,2323500,0.0,0.0
2020-12-29 00:00:00-05:00,17.549999237060547,17.729999542236328,17.020000457763672,17.270000457763672,2349900,0.0,0.0
2020-12-30 00:00:00-05:00,17.280000686645508,17.540000915527344,17.280000686645508,17.510000228881836,1435400,0.0,0.0
2020-12-31 00:00:00-05:00,17.459999084472656,17.649999618530273,17.329999923706055,17.450000762939453,2154600,0.0,0.0
2021-01-04 00:00:00-05:00,17.600000381469727,17.649999618530273,16.850000381469727,17.25,3151400,0.0,0.0
2021-01-05 00:00:00-05:00,17.309999465942383,17.739999771118164,17.200000762939453,17.690000534057617,1584700,0.0,0.0
2021-01-06 00:00:00-05:00,17.6299991607666,18.18000030517578,17.6299991607666,18.100000381469727,2981700,0.0,0.0
2021-01-07 00:00:00-05:00,18.110000610351562,18.34000015258789,18.079999923706055,18.260000228881836,1592100,0.0,0.0
2021-01-08 00:00:00-05:00,18.329999923706055,18.329999923706055,18.100000381469727,18.290000915527344,1789100,0.0,0.0
2021-01-11 00:00:00-05:00,18.200000762939453,18.459999084472656,18.15999984741211,18.420000076293945,1271700,0.0,0.0
2021-01-12 00:00:00-05:00,18.450000762939453,19.229999542236328,18.43000030517578,19.149999618530273,2118100,0.0,0.0
2021-01-13 00:00:00-05:00,19.049999237060547,19.420000076293945,18.889999389648438,18.920000076293945,3441500,0.0,0.0
2021-01-14 00:00:00-05:00,19.09000015258789,19.280000686645508,18.780000686645508,18.81999969482422,1333700,0.0,0.0
2021-01-15 00:00:00-05:00,18.559999465942383,18.889999389648438,18.329999923706055,18.760000228881836,1554200,0.0,0.0
2021-01-19 00:00:00-05:00,18.729999542236328,18.950000762939453,18.639999389648438,18.81999969482422,1433400,0.0,0.0
2021-01-20 00:00:00-05:00,18.81999969482422,19.020000457763672,18.270000457763672,18.329999923706055,2664100,0.0,0.0
2021-01-21 00:00:00-05:00,18.350000381469727,18.559999465942383,18.18000030517578,18.229999542236328,1341300,0.0,0.0
2021-01-22 00:00:00-05:00,18.100000381469727,18.40999984741211,17.809999465942383,18.3700008392334,1388800,0.0,0.0
2021-01-25 00:00:00-05:00,18.3700008392334,18.600000381469727,17.639999389648438,18.020000457763672,1545200,0.0,0.0
2021-01-26 00:00:00-05:00,18.1299991607666,18.139999389648438,17.489999771118164,17.68000030517578,1936000,0.0,0.0
2021-01-27 00:00:00-05:00,17.309999465942383,18.1299991607666,16.920000076293945,18.100000381469727,3983500,0.0,0.0
2021-01-28 00:00:00-05:00,17.959999084472656,18.18000030517578,17.700000762939453,18.059999465942383,2030300,0.0,0.0
2021-01-29 00:00:00-05:00,18.0,18.270000457763672,17.760000228881836,18.1200008392334,3236500,0.0,0.0
2021-02-01 00:00:00-05:00,18.350000381469727,18.350000381469727,17.860000610351562,18.280000686645508,1511100,0.0,0.0
2021-02-02 00:00:00-05:00,18.31999969482422,18.559999465942383,18.020000457763672,18.40999984741211,2412500,0.0,0.0
2021-02-03 00:00:00-05:00,18.469999313354492,18.639999389648438,18.110000610351562,18.56999969482422,1490300,0.0,0.0
2021-02-04 00:00:00-05:00,18.559999465942383,18.760000228881836,18.469999313354492,18.559999465942383,1724400,0.0,0.0
2021-02-05 00:00:00-05:00,18.790000915527344,18.790000915527344,18.420000076293945,18.510000228881836,1888200,0.0,0.0
2021-02-08 00:00:00-05:00,18.84000015258789,18.8799991607666,18.239999771118164,18.459999084472656,3173800,0.0,0.0
2021-02-09 00:00:00-05:00,18.65999984741211,19.030000686645508,18.459999084472656,18.860000610351562,4102700,0.0,0.0
2021-02-10 00:00:00-05:00,19.030000686645508,19.030000686645508,17.549999237060547,18.469999313354492,6795200,0.0,0.0
2021-02-11 00:00:00-05:00,18.549999237060547,18.860000610351562,17.90999984741211,18.09000015258789,4479300,0.0,0.0
2021-02-12 00:00:00-05:00,18.1200008392334,18.729999542236328,18.059999465942383,18.709999084472656,2409300,0.0,0.0
2021-02-16 00:00:00-05:00,19.0,19.219999313354492,18.6200008392334,18.649999618530273,3076200,0.0,0.0
2021-02-17 00:00:00-05:00,18.649999618530273,19.200000762939453,18.579999923706055,19.100000381469727,3430500,0.0,0.0
2021-02-18 00:00:00-05:00,19.049999237060547,19.239999771118164,18.790000915527344,19.059999465942383,2012000,0.0,0.0
2021-02-19 00:00:00-05:00,19.389999389648438,19.479999542236328,18.950000762939453,19.020000457763672,1630000,0.0,0.0
2021-02-22 00:00:00-05:00,18.920000076293945,19.829999923706055,18.760000228881836,19.459999084472656,3437300,0.0,0.0
2021-02-23 00:00:00-05:00,19.1299991607666,19.549999237060547,18.670000076293945,19.510000228881836,3798100,0.0,0.0
2021-02-24 00:00:00-05:00,19.700000762939453,20.540000915527344,19.530000686645508,19.709999084472656,6089300,0.0,0.0
2021-02-25 00:00:00-05:00,19.950000762939453,20.290000915527344,19.34000015258789,19.6299991607666,2826800,0.0,0.0
2021-02-26 00:00:00-05:00,19.6200008392334,20.3700008392334,19.530000686645508,20.200000762939453,4966700,0.0,0.0
2021-03-01 00:00:00-05:00,20.59000015258789,20.979999542236328,20.1200008392334,20.780000686645508,3420200,0.0,0.0
2021-03-02 00:00:00-05:00,20.739999771118164,21.09000015258789,20.649999618530273,20.780000686645508,2096400,0.0,0.0
2021-03-03 00:00:00-05:00,20.889999389648438,21.0,20.329999923706055,20.34000015258789,2054000,0.0,0.0
2021-03-04 00:00:00-05:00,20.280000686645508,20.5,19.229999542236328,20.059999465942383,2893000,0.0,0.0
2021-03-05 00:00:00-05:00,20.190000534057617,20.809999465942383,19.68000030517578,20.760000228881836,2545200,0.0,0.0
2021-03-08 00:00:00-05:00,20.8799991607666,21.110000610351562,20.469999313354492,20.489999771118164,4007000,0.0,0.0
2021-03-09 00:00:00-05:00,20.290000915527344,20.540000915527344,19.59000015258789,19.670000076293945,3771600,0.0,0.0
2021-03-10 00:00:00-05:00,19.780000686645508,20.93000030517578,19.770000457763672,20.799999237060547,2885000,0.0,0.0
2021-03-11 00:00:00-05:00,20.920000076293945,21.25,20.860000610351562,21.0,2430400,0.0,0.0
2021-03-12 00:00:00-05:00,21.030000686645508,21.15999984741211,20.780000686645508,20.979999542236328,2322000,0.0,0.0
2021-03-15 00:00:00-04:00,21.1200008392334,21.639999389648438,21.010000228881836,21.610000610351562,2630300,0.0,0.0
2021-03-16 00:00:00-04:00,21.790000915527344,21.8700008392334,21.399999618530273,21.739999771118164,2008800,0.0,0.0
2021-03-17 00:00:00-04:00,21.65999984741211,21.68000030517578,20.8799991607666,21.079999923706055,1707800,0.0,0.0
2021-03-18 00:00:00-04:00,21.09000015258789,21.350000381469727,20.719999313354492,20.790000915527344,1685700,0.0,0.0
2021-03-19 00:00:00-04:00,20.65999984741211,21.360000610351562,20.420000076293945,21.09000015258789,3453700,0.0,0.0
2021-03-22 00:00:00-04:00,21.079999923706055,21.170000076293945,20.84000015258789,20.8799991607666,1344300,0.0,0.0
2021-03-23 00:00:00-04:00,20.799999237060547,20.90999984741211,20.030000686645508,20.139999389648438,2173600,0.0,0.0
2021-03-24 00:00:00-04:00,20.170000076293945,20.549999237060547,19.729999542236328,19.729999542236328,2652800,0.0,0.0
2021-03-25 00:00:00-04:00,19.790000915527344,20.18000030517578,19.440000534057617,19.989999771118164,2812700,0.0,0.0
2021-03-26 00:00:00-04:00,20.219999313354492,20.40999984741211,19.709999084472656,20.190000534057617,2245600,0.0,0.0
2021-03-29 00:00:00-04:00,20.110000610351562,20.399999618530273,19.559999465942383,19.809999465942383,1884600,0.0,0.0
2021-03-30 00:00:00-04:00,19.829999923706055,20.329999923706055,19.75,20.229999542236328,1733500,0.0,0.0
2021-03-31 00:00:00-04:00,20.270000457763672,20.360000610351562,19.850000381469727,19.920000076293945,1805300,0.0,0.0
2021-04-01 00:00:00-04:00,20.09000015258789,20.389999389648438,19.450000762939453,20.219999313354492,1636900,0.0,0.0
2021-04-05 00:00:00-04:00,20.3700008392334,20.59000015258789,20.020000457763672,20.459999084472656,1429400,0.0,0.0
2021-04-06 00:00:00-04:00,20.3700008392334,20.780000686645508,20.309999465942383,20.719999313354492,1883000,0.0,0.0
2021-04-07 00:00:00-04:00,20.8700008392334,21.09000015258789,20.440000534057617,20.56999969482422,3243100,0.0,0.0
2021-04-08 00:00:00-04:00,20.59000015258789,20.700000762939453,19.760000228881836,19.989999771118164,3493100,0.0,0.0
2021-04-09 00:00:00-04:00,20.09000015258789,20.270000457763672,20.020000457763672,20.149999618530273,1517100,0.0,0.0
2021-04-12 00:00:00-04:00,20.170000076293945,20.350000381469727,20.010000228881836,20.260000228881836,1239400,0.0,0.0
2021-04-13 00:00:00-04:00,20.280000686645508,20.459999084472656,20.110000610351562,20.350000381469727,1540200,0.0,0.0
2021-04-14 00:00:00-04:00,20.329999923706055,20.969999313354492,20.270000457763672,20.43000030517578,2316800,0.0,0.0
2021-04-15 00:00:00-04:00,20.690000534057617,20.709999084472656,20.229999542236328,20.530000686645508,1670800,0.0,0.0
2021-04-16 00:00:00-04:00,20.690000534057617,20.719999313354492,20.34000015258789,20.5,1739700,0.0,0.0
2021-04-19 00:00:00-04:00,20.610000610351562,21.1200008392334,20.40999984741211,20.84000015258789,3244900,0.0,0.0
2021-04-20 00:00:00-04:00,20.860000610351562,20.989999771118164,20.149999618530273,20.469999313354492,2895400,0.0,0.0
2021-04-21 00:00:00-04:00,20.649999618530273,21.030000686645508,20.549999237060547,20.850000381469727,2119100,0.0,0.0
2021-04-22 00:00:00-04:00,20.989999771118164,21.450000762939453,20.670000076293945,20.8799991607666,4280600,0.0,0.0
2021-04-23 00:00:00-04:00,22.56999969482422,23.309999465942383,20.510000228881836,21.049999237060547,10714200,0.0,0.0
2021-04-26 00:00:00-04:00,21.06999969482422,21.68000030517578,20.600000381469727,21.65999984741211,3719400,0.0,0.0
2021-04-27 00:00:00-04:00,21.690000534057617,21.860000610351562,21.299999237060547,21.799999237060547,3096000,0.0,0.0
2021-04-28 00:00:00-04:00,21.8799991607666,22.170000076293945,21.780000686645508,21.989999771118164,3379200,0.0,0.0
2021-04-29 00:00:00-04:00,22.010000228881836,22.06999969482422,21.5,21.729999542236328,2412100,0.0,0.0
2021-04-30 00:00:00-04:00,21.68000030517578,21.81999969482422,21.420000076293945,21.459999084472656,1458100,0.0,0.0
2021-05-03 00:00:00-04:00,21.510000228881836,21.81999969482422,21.25,21.540000915527344,2239800,0.0,0.0
2021-05-04 00:00:00-04:00,21.520000457763672,21.760000228881836,21.280000686645508,21.75,1932600,0.0,0.0
2021-05-05 00:00:00-04:00,21.8700008392334,22.450000762939453,21.530000686645508,22.100000381469727,3404500,0.0,0.0
2021-05-06 00:00:00-04:00,22.280000686645508,22.440000534057617,21.8799991607666,22.290000915527344,2931700,0.0,0.0
2021-05-07 00:00:00-04:00,22.329999923706055,22.350000381469727,21.81999969482422,21.850000381469727,1922600,0.0,0.0
2021-05-10 00:00:00-04:00,21.899999618530273,21.979999542236328,21.549999237060547,21.709999084472656,2349000,0.0,0.0
2021-05-11 00:00:00-04:00,21.149999618530273,21.260000228881836,20.729999542236328,21.1299991607666,2830600,0.0,0.0
2021-05-12 00:00:00-04:00,21.0,21.270000457763672,20.1299991607666,20.190000534057617,4175800,0.0,0.0
2021-05-13 00:00:00-04:00,20.190000534057617,20.780000686645508,19.959999084472656,20.299999237060547,1954000,0.0,0.0
2021-05-14 00:00:00-04:00,20.34000015258789,20.739999771118164,20.200000762939453,20.670000076293945,1935600,0.0,0.0
2021-05-17 00:00:00-04:00,20.540000915527344,20.8700008392334,20.3799991607666,20.850000381469727,1233800,0.0,0.0
2021-05-18 00:00:00-04:00,20.940000534057617,21.139999389648438,20.549999237060547,20.56999969482422,1241400,0.0,0.0
2021-05-19 00:00:00-04:00,20.329999923706055,20.399999618530273,19.65999984741211,19.860000610351562,3179900,0.0,0.0
2021-05-20 00:00:00-04:00,19.860000610351562,20.219999313354492,19.649999618530273,20.149999618530273,1370900,0.0,0.0
2021-05-21 00:00:00-04:00,20.190000534057617,20.290000915527344,19.920000076293945,20.110000610351562,1474300,0.0,0.0
2021-05-24 00:00:00-04:00,20.200000762939453,20.25,19.950000762939453,20.030000686645508,2504500,0.0,0.0
2021-05-25 00:00:00-04:00,20.139999389648438,20.290000915527344,19.979999542236328,20.0,1985300,0.0,0.0
2021-05-26 00:00:00-04:00,19.989999771118164,20.579999923706055,19.989999771118164,20.559999465942383,1486000,0.0,0.0
2021-05-27 00:00:00-04:00,20.729999542236328,21.350000381469727,20.610000610351562,21.290000915527344,2570400,0.0,0.0
2021-05-28 00:00:00-04:00,21.350000381469727,21.389999389648438,20.90999984741211,21.209999084472656,1383100,0.0,0.0
2021-06-01 00:00:00-04:00,21.31999969482422,21.3700008392334,20.959999084472656,21.1299991607666,1801400,0.0,0.0
2021-06-02 00:00:00-04:00,21.139999389648438,21.8700008392334,20.829999923706055,21.540000915527344,3323800,0.0,0.0
2021-06-03 00:00:00-04:00,21.299999237060547,21.389999389648438,20.739999771118164,20.860000610351562,2180800,0.0,0.0
2021-06-04 00:00:00-04:00,20.899999618530273,21.149999618530273,20.43000030517578,20.68000030517578,1567700,0.0,0.0
2021-06-07 00:00:00-04:00,20.6299991607666,20.8700008392334,20.56999969482422,20.690000534057617,1739500,0.0,0.0
2021-06-08 00:00:00-04:00,20.56999969482422,21.270000457763672,20.440000534057617,21.209999084472656,1623000,0.0,0.0
2021-06-09 00:00:00-04:00,21.489999771118164,21.489999771118164,20.940000534057617,20.950000762939453,1313800,0.0,0.0
2021-06-10 00:00:00-04:00,20.899999618530273,20.979999542236328,20.489999771118164,20.530000686645508,1180700,0.0,0.0
2021-06-11 00:00:00-04:00,20.5,21.020000457763672,20.479999542236328,21.0,721700,0.0,0.0
2021-06-14 00:00:00-04:00,21.15999984741211,21.200000762939453,20.149999618530273,20.329999923706055,1510500,0.0,0.0
2021-06-15 00:00:00-04:00,20.3799991607666,20.459999084472656,20.059999465942383,20.219999313354492,1073900,0.0,0.0
2021-06-16 00:00:00-04:00,20.139999389648438,20.190000534057617,19.56999969482422,19.899999618530273,1910700,0.0,0.0
2021-06-17 00:00:00-04:00,19.850000381469727,20.299999237060547,18.829999923706055,19.329999923706055,5184900,0.0,0.0
2021-06-18 00:00:00-04:00,19.170000076293945,19.530000686645508,18.950000762939453,19.399999618530273,3498400,0.0,0.0
2021-06-21 00:00:00-04:00,19.5,19.610000610351562,19.309999465942383,19.389999389648438,1683600,0.0,0.0
2021-06-22 00:00:00-04:00,19.43000030517578,19.520000457763672,19.190000534057617,19.450000762939453,1602600,0.0,0.0
2021-06-23 00:00:00-04:00,19.489999771118164,19.790000915527344,19.420000076293945,19.639999389648438,1832100,0.0,0.0
2021-06-24 00:00:00-04:00,19.739999771118164,19.93000030517578,19.68000030517578,19.75,1279500,0.0,0.0
2021-06-25 00:00:00-04:00,19.809999465942383,19.950000762939453,19.600000381469727,19.709999084472656,5717800,0.0,0.0
2021-06-28 00:00:00-04:00,19.649999618530273,19.93000030517578,19.510000228881836,19.700000762939453,1218300,0.0,0.0
2021-06-29 00:00:00-04:00,19.799999237060547,20.549999237060547,19.75,20.43000030517578,4413400,0.0,0.0
2021-06-30 00:00:00-04:00,20.3700008392334,20.530000686645508,20.040000915527344,20.100000381469727,4707000,0.0,0.0
2021-07-01 00:00:00-04:00,20.190000534057617,20.299999237060547,19.950000762939453,20.290000915527344,2128000,0.0,0.0
2021-07-02 00:00:00-04:00,20.190000534057617,20.510000228881836,20.100000381469727,20.510000228881836,2065900,0.0,0.0
2021-07-06 00:00:00-04:00,20.43000030517578,20.43000030517578,19.829999923706055,20.020000457763672,2867100,0.0,0.0
2021-07-07 00:00:00-04:00,20.059999465942383,20.170000076293945,19.719999313354492,19.850000381469727,1039400,0.0,0.0
2021-07-08 00:00:00-04:00,19.530000686645508,19.809999465942383,19.170000076293945,19.649999618530273,1283400,0.0,0.0
2021-07-09 00:00:00-04:00,20.0,20.149999618530273,19.93000030517578,20.079999923706055,1110600,0.0,0.0
2021-07-12 00:00:00-04:00,20.0,20.3799991607666,19.860000610351562,20.31999969482422,1233000,0.0,0.0
2021-07-13 00:00:00-04:00,20.260000228881836,20.399999618530273,20.049999237060547,20.229999542236328,1566200,0.0,0.0
2021-07-14 00:00:00-04:00,20.0,20.139999389648438,19.639999389648438,19.729999542236328,2682600,0.0,0.0
2021-07-15 00:00:00-04:00,19.649999618530273,19.670000076293945,18.950000762939453,19.6299991607666,3917900,0.0,0.0
2021-07-16 00:00:00-04:00,19.639999389648438,19.81999969482422,19.3799991607666,19.420000076293945,2279800,0.0,0.0
2021-07-19 00:00:00-04:00,19.079999923706055,19.18000030517578,18.520000457763672,18.790000915527344,2711300,0.0,0.0
2021-07-20 00:00:00-04:00,18.860000610351562,19.729999542236328,18.75,19.520000457763672,2790800,0.0,0.0
2021-07-21 00:00:00-04:00,19.700000762939453,19.90999984741211,19.540000915527344,19.739999771118164,1442800,0.0,0.0
2021-07-22 00:00:00-04:00,19.739999771118164,19.780000686645508,19.299999237060547,19.43000030517578,2367400,0.0,0.0
2021-07-23 00:00:00-04:00,19.5,19.56999969482422,19.020000457763672,19.1200008392334,2381600,0.0,0.0
2021-07-26 00:00:00-04:00,19.34000015258789,20.989999771118164,19.209999084472656,20.790000915527344,5587300,0.0,0.0
2021-07-27 00:00:00-04:00,20.549999237060547,20.6299991607666,20.110000610351562,20.540000915527344,4883200,0.0,0.0
2021-07-28 00:00:00-04:00,21.809999465942383,21.920000076293945,19.950000762939453,21.540000915527344,8190700,0.0,0.0
2021-07-29 00:00:00-04:00,21.56999969482422,21.760000228881836,21.139999389648438,21.5,3369500,0.0,0.0
2021-07-30 00:00:00-04:00,21.31999969482422,21.90999984741211,21.280000686645508,21.719999313354492,3550800,0.0,0.0
2021-08-02 00:00:00-04:00,21.739999771118164,22.709999084472656,21.600000381469727,21.90999984741211,4444800,0.0,0.0
2021-08-03 00:00:00-04:00,21.8799991607666,21.899999618530273,21.3700008392334,21.809999465942383,2507500,0.0,0.0
2021-08-04 00:00:00-04:00,21.760000228881836,22.190000534057617,21.65999984741211,21.690000534057617,4171100,0.0,0.0
2021-08-05 00:00:00-04:00,21.729999542236328,22.059999465942383,21.649999618530273,21.889999389648438,2517600,0.0,0.0
2021-08-06 00:00:00-04:00,22.040000915527344,22.219999313354492,21.889999389648438,22.020000457763672,1958400,0.0,0.0
2021-08-09 00:00:00-04:00,22.0,22.34000015258789,21.799999237060547,22.25,2348500,0.0,0.0
2021-08-10 00:00:00-04:00,22.34000015258789,22.700000762939453,22.18000030517578,22.520000457763672,2122300,0.0,0.0
2021-08-11 00:00:00-04:00,22.489999771118164,22.5,22.0,22.239999771118164,3012400,0.0,0.0
2021-08-12 00:00:00-04:00,22.280000686645508,22.34000015258789,21.90999984741211,22.040000915527344,2186000,0.0,0.0
2021-08-13 00:00:00-04:00,22.100000381469727,22.1200008392334,21.84000015258789,21.90999984741211,1708000,0.0,0.0
2021-08-16 00:00:00-04:00,21.850000381469727,22.1200008392334,21.6200008392334,21.860000610351562,1818600,0.0,0.0
2021-08-17 00:00:00-04:00,21.68000030517578,21.68000030517578,21.18000030517578,21.3799991607666,2250700,0.0,0.0
2021-08-18 00:00:00-04:00,21.329999923706055,21.399999618530273,20.700000762939453,20.719999313354492,2193100,0.0,0.0
2021-08-19 00:00:00-04:00,20.5,21.010000228881836,20.43000030517578,20.950000762939453,2854900,0.0,0.0
2021-08-20 00:00:00-04:00,21.010000228881836,21.280000686645508,20.899999618530273,21.229999542236328,1696500,0.0,0.0
2021-08-23 00:00:00-04:00,21.450000762939453,21.610000610351562,21.40999984741211,21.510000228881836,1366900,0.0,0.0
2021-08-24 00:00:00-04:00,21.510000228881836,21.950000762939453,21.510000228881836,21.850000381469727,1361600,0.0,0.0
2021-08-25 00:00:00-04:00,21.940000534057617,22.06999969482422,21.790000915527344,21.940000534057617,1303800,0.0,0.0
2021-08-26 00:00:00-04:00,21.969999313354492,22.049999237060547,21.6299991607666,21.770000457763672,1314800,0.0,0.0
2021-08-27 00:00:00-04:00,21.829999923706055,22.139999389648438,21.690000534057617,22.020000457763672,1940000,0.0,0.0
2021-08-30 00:00:00-04:00,22.020000457763672,22.040000915527344,21.6299991607666,21.700000762939453,1400400,0.0,0.0
2021-08-31 00:00:00-04:00,21.75,21.780000686645508,21.299999237060547,21.350000381469727,2569900,0.0,0.0
2021-09-01 00:00:00-04:00,21.31999969482422,21.670000076293945,21.139999389648438,21.540000915527344,1342000,0.0,0.0
2021-09-02 00:00:00-04:00,21.670000076293945,21.739999771118164,21.270000457763672,21.360000610351562,1314000,0.0,0.0
2021-09-03 00:00:00-04:00,21.309999465942383,21.59000015258789,21.290000915527344,21.510000228881836,881700,0.0,0.0
2021-09-07 00:00:00-04:00,21.520000457763672,21.979999542236328,21.020000457763672,21.190000534057617,1894400,0.0,0.0
2021-09-08 00:00:00-04:00,21.06999969482422,21.209999084472656,20.3799991607666,20.43000030517578,1580500,0.0,0.0
2021-09-09 00:00:00-04:00,20.43000030517578,20.549999237060547,20.18000030517578,20.350000381469727,1891300,0.0,0.0
2021-09-10 00:00:00-04:00,20.420000076293945,20.600000381469727,19.950000762939453,19.989999771118164,1398200,0.0,0.0
2021-09-13 00:00:00-04:00,20.1299991607666,20.600000381469727,20.010000228881836,20.5,4045800,0.0,0.0
2021-09-14 00:00:00-04:00,20.6299991607666,20.739999771118164,19.93000030517578,20.309999465942383,3096500,0.0,0.0
2021-09-15 00:00:00-04:00,20.270000457763672,20.690000534057617,20.079999923706055,20.68000030517578,2416600,0.0,0.0
2021-09-16 00:00:00-04:00,20.579999923706055,20.75,20.309999465942383,20.579999923706055,1326500,0.0,0.0
2021-09-17 00:00:00-04:00,20.520000457763672,20.729999542236328,20.229999542236328,20.3799991607666,4160000,0.0,0.0
2021-09-20 00:00:00-04:00,19.969999313354492,20.389999389648438,19.84000015258789,20.100000381469727,2137800,0.0,0.0
2021-09-21 00:00:00-04:00,20.209999084472656,20.350000381469727,19.579999923706055,19.649999618530273,2548500,0.0,0.0
2021-09-22 00:00:00-04:00,19.729999542236328,20.18000030517578,19.200000762939453,20.079999923706055,2681300,0.0,0.0
2021-09-23 00:00:00-04:00,19.969999313354492,20.469999313354492,19.850000381469727,20.34000015258789,2044100,0.0,0.0
2021-09-24 00:00:00-04:00,20.280000686645508,20.43000030517578,19.760000228881836,19.809999465942383,2221800,0.0,0.0
2021-09-27 00:00:00-04:00,19.809999465942383,19.829999923706055,19.280000686645508,19.43000030517578,5629800,0.0,0.0
2021-09-28 00:00:00-04:00,19.350000381469727,19.5,18.760000228881836,19.299999237060547,4664700,0.0,0.0
2021-09-29 00:00:00-04:00,19.3799991607666,19.709999084472656,19.25,19.450000762939453,2782900,0.0,0.0
2021-09-30 00:00:00-04:00,19.469999313354492,19.479999542236328,18.530000686645508,18.559999465942383,4992800,0.0,0.0
2021-10-01 00:00:00-04:00,18.639999389648438,18.84000015258789,18.100000381469727,18.709999084472656,4908900,0.0,0.0
2021-10-04 00:00:00-04:00,18.6299991607666,18.670000076293945,17.950000762939453,18.350000381469727,3827400,0.0,0.0
2021-10-05 00:00:00-04:00,18.420000076293945,18.770000457763672,18.25,18.530000686645508,3056200,0.0,0.0
2021-10-06 00:00:00-04:00,18.350000381469727,18.860000610351562,18.309999465942383,18.850000381469727,2065600,0.0,0.0
2021-10-07 00:00:00-04:00,19.059999465942383,19.389999389648438,19.059999465942383,19.200000762939453,2537200,0.0,0.0
2021-10-08 00:00:00-04:00,19.270000457763672,19.399999618530273,18.979999542236328,19.010000228881836,1304800,0.0,0.0
2021-10-11 00:00:00-04:00,19.079999923706055,19.31999969482422,18.860000610351562,18.8799991607666,1726900,0.0,0.0
2021-10-12 00:00:00-04:00,18.899999618530273,19.15999984741211,18.889999389648438,19.06999969482422,1794700,0.0,0.0
2021-10-13 00:00:00-04:00,18.969999313354492,19.170000076293945,18.850000381469727,19.040000915527344,2050400,0.0,0.0
2021-10-14 00:00:00-04:00,19.239999771118164,19.850000381469727,19.059999465942383,19.709999084472656,2744300,0.0,0.0
2021-10-15 00:00:00-04:00,19.829999923706055,19.920000076293945,19.639999389648438,19.65999984741211,1900500,0.0,0.0
2021-10-18 00:00:00-04:00,19.56999969482422,20.059999465942383,19.549999237060547,20.049999237060547,4116600,0.0,0.0
2021-10-19 00:00:00-04:00,20.15999984741211,20.479999542236328,19.8799991607666,20.329999923706055,6036600,0.0,0.0
2021-10-20 00:00:00-04:00,20.489999771118164,20.5,19.829999923706055,19.8799991607666,5716200,0.0,0.0
2021-10-21 00:00:00-04:00,19.799999237060547,20.84000015258789,19.799999237060547,20.329999923706055,6925400,0.0,0.0
2021-10-22 00:00:00-04:00,21.700000762939453,21.950000762939453,20.010000228881836,20.450000762939453,8664300,0.0,0.0
2021-10-25 00:00:00-04:00,20.530000686645508,20.610000610351562,19.899999618530273,20.100000381469727,5163000,0.0,0.0
2021-10-26 00:00:00-04:00,20.290000915527344,20.940000534057617,20.209999084472656,20.530000686645508,4957000,0.0,0.0
2021-10-27 00:00:00-04:00,20.5,20.81999969482422,20.25,20.6299991607666,3691600,0.0,0.0
2021-10-28 00:00:00-04:00,20.780000686645508,21.469999313354492,20.780000686645508,21.389999389648438,2996500,0.0,0.0
2021-10-29 00:00:00-04:00,21.3799991607666,21.84000015258789,21.25,21.809999465942383,2647300,0.0,0.0
2021-11-01 00:00:00-04:00,21.989999771118164,22.170000076293945,21.3700008392334,21.59000015258789,4489600,0.0,0.0
2021-11-02 00:00:00-04:00,21.670000076293945,21.709999084472656,21.200000762939453,21.25,2036700,0.0,0.0
2021-11-03 00:00:00-04:00,21.229999542236328,21.6200008392334,21.1299991607666,21.420000076293945,3884100,0.0,0.0
2021-11-04 00:00:00-04:00,21.5,21.809999465942383,21.43000030517578,21.469999313354492,1558700,0.0,0.0
2021-11-05 00:00:00-04:00,21.68000030517578,21.829999923706055,21.549999237060547,21.729999542236328,2120100,0.0,0.0
2021-11-08 00:00:00-05:00,22.0,22.690000534057617,21.950000762939453,22.469999313354492,3976800,0.0,0.0
2021-11-09 00:00:00-05:00,22.520000457763672,22.81999969482422,22.31999969482422,22.700000762939453,2530600,0.0,0.0
2021-11-10 00:00:00-05:00,22.6299991607666,22.920000076293945,22.360000610351562,22.559999465942383,1764200,0.0,0.0
2021-11-11 00:00:00-05:00,22.559999465942383,22.950000762939453,22.469999313354492,22.709999084472656,4230400,0.0,0.0
2021-11-12 00:00:00-05:00,22.75,22.8700008392334,22.610000610351562,22.729999542236328,1994200,0.0,0.0
2021-11-15 00:00:00-05:00,23.09000015258789,23.299999237060547,22.84000015258789,22.860000610351562,2438500,0.0,0.0
2021-11-16 00:00:00-05:00,22.860000610351562,23.1299991607666,22.719999313354492,22.760000228881836,2341100,0.0,0.0
2021-11-17 00:00:00-05:00,22.729999542236328,22.969999313354492,22.399999618530273,22.719999313354492,2199200,0.0,0.0
2021-11-18 00:00:00-05:00,22.8700008392334,22.93000030517578,22.6299991607666,22.65999984741211,1593900,0.0,0.0
2021-11-19 00:00:00-05:00,22.559999465942383,22.889999389648438,22.559999465942383,22.649999618530273,1635700,0.0,0.0
2021-11-22 00:00:00-05:00,22.690000534057617,22.829999923706055,22.329999923706055,22.3799991607666,2106700,0.0,0.0
2021-11-23 00:00:00-05:00,22.229999542236328,22.549999237060547,21.989999771118164,22.34000015258789,2132100,0.0,0.0
2021-11-24 00:00:00-05:00,22.079999923706055,22.350000381469727,21.899999618530273,22.34000015258789,1611000,0.0,0.0
2021-11-26 00:00:00-05:00,21.8799991607666,22.06999969482422,21.579999923706055,21.969999313354492,1406100,0.0,0.0
2021-11-29 00:00:00-05:00,22.149999618530273,22.190000534057617,21.639999389648438,21.860000610351562,1830600,0.0,0.0
2021-11-30 00:00:00-05:00,21.739999771118164,21.829999923706055,21.18000030517578,21.209999084472656,2890700,0.0,0.0
2021-12-01 00:00:00-05:00,21.510000228881836,22.18000030517578,21.309999465942383,21.329999923706055,2862100,0.0,0.0
2021-12-02 00:00:00-05:00,21.489999771118164,21.579999923706055,20.850000381469727,21.520000457763672,3102600,0.0,0.0
2021-12-03 00:00:00-05:00,21.610000610351562,21.889999389648438,20.850000381469727,21.0,2968900,0.0,0.0
2021-12-06 00:00:00-05:00,21.15999984741211,21.799999237060547,21.139999389648438,21.420000076293945,6474400,0.0,0.0
2021-12-07 00:00:00-05:00,21.5,22.079999923706055,21.459999084472656,21.690000534057617,4242000,0.0,0.0
2021-12-08 00:00:00-05:00,21.790000915527344,22.010000228881836,21.510000228881836,21.8799991607666,7612200,0.0,0.0
2021-12-09 00:00:00-05:00,21.799999237060547,22.030000686645508,21.3799991607666,21.40999984741211,2137400,0.0,0.0
2021-12-10 00:00:00-05:00,21.5,21.75,21.06999969482422,21.25,3312500,0.0,0.0
2021-12-13 00:00:00-05:00,21.209999084472656,21.239999771118164,20.079999923706055,20.149999618530273,3338000,0.0,0.0
2021-12-14 00:00:00-05:00,20.139999389648438,20.25,19.889999389648438,20.18000030517578,3393300,0.0,0.0
2021-12-15 00:00:00-05:00,20.149999618530273,20.729999542236328,19.979999542236328,20.690000534057617,2811000,0.0,0.0
2021-12-16 00:00:00-05:00,20.709999084472656,21.280000686645508,20.479999542236328,20.729999542236328,3555900,0.0,0.0
2021-12-17 00:00:00-05:00,20.389999389648438,21.139999389648438,20.389999389648438,20.6299991607666,6381000,0.0,0.0
2021-12-20 00:00:00-05:00,20.309999465942383,20.420000076293945,19.65999984741211,20.149999618530273,4037000,0.0,0.0
2021-12-21 00:00:00-05:00,20.3799991607666,20.489999771118164,20.139999389648438,20.31999969482422,1763800,0.0,0.0
2021-12-22 00:00:00-05:00,20.34000015258789,20.510000228881836,20.149999618530273,20.31999969482422,1380900,0.0,0.0
2021-12-23 00:00:00-05:00,20.34000015258789,20.780000686645508,20.309999465942383,20.690000534057617,1759100,0.0,0.0
2021-12-27 00:00:00-05:00,20.459999084472656,21.1299991607666,20.459999084472656,21.110000610351562,2667300,0.0,0.0
2021-12-28 00:00:00-05:00,21.100000381469727,21.360000610351562,20.940000534057617,20.969999313354492,1660800,0.0,0.0
2021-12-29 00:00:00-05:00,20.950000762939453,21.260000228881836,20.850000381469727,21.170000076293945,1791200,0.0,0.0
2021-12-30 00:00:00-05:00,21.1299991607666,21.6200008392334,21.020000457763672,21.389999389648438,1493700,0.0,0.0
2021-12-31 00:00:00-05:00,21.3799991607666,21.799999237060547,21.34000015258789,21.559999465942383,1681100,0.0,0.0
2022-01-03 00:00:00-05:00,21.639999389648438,21.850000381469727,21.40999984741211,21.739999771118164,1883900,0.0,0.0
2022-01-04 00:00:00-05:00,21.889999389648438,22.459999084472656,21.729999542236328,22.229999542236328,2542300,0.0,0.0
2022-01-05 00:00:00-05:00,22.229999542236328,22.700000762939453,22.18000030517578,22.270000457763672,3424000,0.0,0.0
2022-01-06 00:00:00-05:00,22.3700008392334,22.530000686645508,22.010000228881836,22.350000381469727,2711700,0.0,0.0
2022-01-07 00:00:00-05:00,22.450000762939453,22.559999465942383,22.040000915527344,22.25,2460500,0.0,0.0
2022-01-10 00:00:00-05:00,22.059999465942383,22.110000610351562,21.549999237060547,21.8700008392334,2077300,0.0,0.0
2022-01-11 00:00:00-05:00,21.8700008392334,21.940000534057617,21.56999969482422,21.860000610351562,1726400,0.0,0.0
2022-01-12 00:00:00-05:00,22.0,22.209999084472656,21.719999313354492,21.989999771118164,1348000,0.0,0.0
2022-01-13 00:00:00-05:00,22.950000762939453,23.18000030517578,22.559999465942383,22.81999969482422,3819300,0.0,0.0
2022-01-14 00:00:00-05:00,22.540000915527344,22.68000030517578,22.100000381469727,22.329999923706055,2412700,0.0,0.0
2022-01-18 00:00:00-05:00,22.020000457763672,22.489999771118164,21.979999542236328,22.329999923706055,2032600,0.0,0.0
2022-01-19 00:00:00-05:00,22.309999465942383,22.639999389648438,22.09000015258789,22.1299991607666,2299100,0.0,0.0
2022-01-20 00:00:00-05:00,22.040000915527344,22.420000076293945,21.610000610351562,21.6299991607666,2185300,0.0,0.0
2022-01-21 00:00:00-05:00,21.479999542236328,21.56999969482422,20.270000457763672,20.34000015258789,5423200,0.0,0.0
2022-01-24 00:00:00-05:00,19.93000030517578,20.68000030517578,19.170000076293945,20.649999618530273,4722400,0.0,0.0
2022-01-25 00:00:00-05:00,20.31999969482422,20.520000457763672,19.290000915527344,19.610000610351562,2819200,0.0,0.0
2022-01-26 00:00:00-05:00,21.200000762939453,21.860000610351562,20.219999313354492,20.459999084472656,9821100,0.0,0.0
2022-01-27 00:00:00-05:00,20.540000915527344,20.690000534057617,19.389999389648438,19.860000610351562,5549100,0.0,0.0
2022-01-28 00:00:00-05:00,19.889999389648438,20.93000030517578,19.850000381469727,20.899999618530273,8600300,0.0,0.0
2022-01-31 00:00:00-05:00,20.81999969482422,21.200000762939453,20.65999984741211,20.920000076293945,4259200,0.0,0.0
2022-02-01 00:00:00-05:00,21.0,21.399999618530273,20.719999313354492,21.360000610351562,3617700,0.0,0.0
2022-02-02 00:00:00-05:00,21.469999313354492,21.600000381469727,21.25,21.510000228881836,2160300,0.0,0.0
2022-02-03 00:00:00-05:00,21.280000686645508,21.770000457763672,21.270000457763672,21.3700008392334,3126700,0.0,0.0
2022-02-04 00:00:00-05:00,21.25,21.459999084472656,21.06999969482422,21.280000686645508,2185200,0.0,0.0
2022-02-07 00:00:00-05:00,21.25,21.700000762939453,21.1299991607666,21.459999084472656,2467800,0.0,0.0
2022-02-08 00:00:00-05:00,21.59000015258789,21.989999771118164,21.200000762939453,21.90999984741211,3132700,0.0,0.0
2022-02-09 00:00:00-05:00,22.260000228881836,22.81999969482422,22.1200008392334,22.75,4828900,0.0,0.0
2022-02-10 00:00:00-05:00,23.479999542236328,25.239999771118164,23.239999771118164,24.489999771118164,12456700,0.0,0.0
2022-02-11 00:00:00-05:00,24.649999618530273,24.950000762939453,24.09000015258789,24.1299991607666,10482000,0.0,0.0
2022-02-14 00:00:00-05:00,24.270000457763672,24.709999084472656,24.040000915527344,24.200000762939453,7434100,0.0,0.0
2022-02-15 00:00:00-05:00,24.34000015258789,25.299999237060547,24.31999969482422,25.299999237060547,4889800,0.0,0.0
2022-02-16 00:00:00-05:00,25.1299991607666,25.59000015258789,24.969999313354492,25.579999923706055,3703400,0.0,0.0
2022-02-17 00:00:00-05:00,25.530000686645508,25.709999084472656,24.729999542236328,24.969999313354492,3564400,0.0,0.0
2022-02-18 00:00:00-05:00,25.049999237060547,25.420000076293945,24.639999389648438,24.829999923706055,3473700,0.0,0.0
2022-02-22 00:00:00-05:00,24.479999542236328,25.200000762939453,24.09000015258789,24.149999618530273,4833100,0.0,0.0
2022-02-23 00:00:00-05:00,24.280000686645508,24.690000534057617,23.8700008392334,23.920000076293945,2693100,0.0,0.0
2022-02-24 00:00:00-05:00,23.8700008392334,24.829999923706055,23.600000381469727,24.790000915527344,4260200,0.0,0.0
2022-02-25 00:00:00-05:00,24.799999237060547,25.459999084472656,24.489999771118164,25.43000030517578,3433100,0.0,0.0
2022-02-28 00:00:00-05:00,25.31999969482422,25.3700008392334,24.81999969482422,24.979999542236328,3770000,0.0,0.0
2022-03-01 00:00:00-05:00,25.139999389648438,25.25,24.329999923706055,24.469999313354492,3206100,0.0,0.0
2022-03-02 00:00:00-05:00,24.549999237060547,25.510000228881836,24.530000686645508,25.229999542236328,3497600,0.0,0.0
2022-03-03 00:00:00-05:00,25.34000015258789,25.559999465942383,24.8700008392334,25.040000915527344,1982300,0.0,0.0
2022-03-04 00:00:00-05:00,25.0,25.020000457763672,24.06999969482422,24.270000457763672,2037800,0.0,0.0
2022-03-07 00:00:00-05:00,24.040000915527344,24.34000015258789,22.850000381469727,22.8700008392334,3551900,0.0,0.0
2022-03-08 00:00:00-05:00,22.850000381469727,23.389999389648438,22.600000381469727,22.649999618530273,3717500,0.0,0.0
2022-03-09 00:00:00-05:00,23.270000457763672,24.09000015258789,23.25,23.829999923706055,2301000,0.0,0.0
2022-03-10 00:00:00-05:00,23.440000534057617,23.59000015258789,22.829999923706055,23.09000015258789,2668400,0.0,0.0
2022-03-11 00:00:00-05:00,23.190000534057617,23.299999237060547,22.479999542236328,22.6299991607666,3061100,0.0,0.0
2022-03-14 00:00:00-04:00,22.739999771118164,22.850000381469727,22.229999542236328,22.31999969482422,2315900,0.0,0.0
2022-03-15 00:00:00-04:00,22.43000030517578,22.690000534057617,22.219999313354492,22.649999618530273,2567500,0.0,0.0
2022-03-16 00:00:00-04:00,23.010000228881836,23.799999237060547,22.81999969482422,23.440000534057617,1934500,0.0,0.0
2022-03-17 00:00:00-04:00,23.280000686645508,23.6299991607666,23.209999084472656,23.489999771118164,1246300,0.0,0.0
2022-03-18 00:00:00-04:00,23.43000030517578,23.729999542236328,23.100000381469727,23.709999084472656,3088200,0.0,0.0
2022-03-21 00:00:00-04:00,23.709999084472656,23.8799991607666,23.3700008392334,23.68000030517578,1628100,0.0,0.0
2022-03-22 00:00:00-04:00,23.770000457763672,24.190000534057617,23.729999542236328,24.110000610351562,2246300,0.0,0.0
2022-03-23 00:00:00-04:00,23.84000015258789,24.100000381469727,23.260000228881836,23.280000686645508,1644000,0.0,0.0
2022-03-24 00:00:00-04:00,23.299999237060547,23.440000534057617,23.110000610351562,23.229999542236328,1699100,0.0,0.0
2022-03-25 00:00:00-04:00,23.139999389648438,23.200000762939453,22.75,22.90999984741211,2379500,0.0,0.0
2022-03-28 00:00:00-04:00,22.950000762939453,23.0,22.280000686645508,22.81999969482422,2693200,0.0,0.0
2022-03-29 00:00:00-04:00,23.219999313354492,23.690000534057617,23.190000534057617,23.459999084472656,3285900,0.0,0.0
2022-03-30 00:00:00-04:00,23.3799991607666,23.610000610351562,23.110000610351562,23.280000686645508,2278200,0.0,0.0
2022-03-31 00:00:00-04:00,23.139999389648438,23.200000762939453,22.209999084472656,22.209999084472656,2137600,0.0,0.0
2022-04-01 00:00:00-04:00,22.25,22.5,22.139999389648438,22.420000076293945,2017200,0.0,0.0
2022-04-04 00:00:00-04:00,22.399999618530273,23.059999465942383,22.299999237060547,23.030000686645508,1924200,0.0,0.0
2022-04-05 00:00:00-04:00,22.950000762939453,23.100000381469727,22.65999984741211,22.84000015258789,3166500,0.0,0.0
2022-04-06 00:00:00-04:00,22.469999313354492,22.540000915527344,21.760000228881836,21.809999465942383,2307400,0.0,0.0
2022-04-07 00:00:00-04:00,21.889999389648438,22.139999389648438,21.540000915527344,22.059999465942383,3616900,0.0,0.0
2022-04-08 00:00:00-04:00,22.219999313354492,22.399999618530273,21.889999389648438,21.950000762939453,2348600,0.0,0.0
2022-04-11 00:00:00-04:00,21.75,22.3700008392334,21.75,21.799999237060547,1844600,0.0,0.0
2022-04-12 00:00:00-04:00,22.149999618530273,22.56999969482422,21.950000762939453,22.06999969482422,1665400,0.0,0.0
2022-04-13 00:00:00-04:00,22.049999237060547,22.360000610351562,22.040000915527344,22.31999969482422,1552800,0.0,0.0
2022-04-14 00:00:00-04:00,22.31999969482422,22.520000457763672,22.09000015258789,22.190000534057617,1115400,0.0,0.0
2022-04-18 00:00:00-04:00,22.139999389648438,22.309999465942383,21.860000610351562,22.170000076293945,1584900,0.0,0.0
2022-04-19 00:00:00-04:00,22.1299991607666,23.469999313354492,22.1299991607666,23.399999618530273,2265100,0.0,0.0
2022-04-20 00:00:00-04:00,23.5,23.559999465942383,23.049999237060547,23.200000762939453,1686800,0.0,0.0
2022-04-21 00:00:00-04:00,23.290000915527344,23.760000228881836,22.899999618530273,22.93000030517578,1854100,0.0,0.0
2022-04-22 00:00:00-04:00,22.84000015258789,22.90999984741211,22.530000686645508,22.780000686645508,2869000,0.0,0.0
2022-04-25 00:00:00-04:00,22.90999984741211,23.209999084472656,22.31999969482422,23.200000762939453,2061800,0.0,0.0
2022-04-26 00:00:00-04:00,22.510000228881836,22.940000534057617,22.110000610351562,22.110000610351562,2249400,0.0,0.0
2022-04-27 00:00:00-04:00,23.649999618530273,25.079999923706055,23.520000457763672,24.489999771118164,12494000,0.0,0.0
2022-04-28 00:00:00-04:00,24.239999771118164,25.1200008392334,23.729999542236328,24.670000076293945,5900700,0.0,0.0
2022-04-29 00:00:00-04:00,24.450000762939453,24.989999771118164,24.270000457763672,24.309999465942383,3809500,0.0,0.0
2022-05-02 00:00:00-04:00,24.25,24.75,23.979999542236328,24.709999084472656,3623500,0.0,0.0
2022-05-03 00:00:00-04:00,24.780000686645508,26.200000762939453,24.729999542236328,25.989999771118164,5673900,0.0,0.0
2022-05-04 00:00:00-04:00,26.1299991607666,26.989999771118164,26.040000915527344,26.969999313354492,5648300,0.0,0.0
2022-05-05 00:00:00-04:00,26.610000610351562,26.989999771118164,26.170000076293945,26.520000457763672,4666200,0.0,0.0
2022-05-06 00:00:00-04:00,26.270000457763672,26.56999969482422,25.559999465942383,26.1200008392334,2224900,0.0,0.0
2022-05-09 00:00:00-04:00,25.65999984741211,26.059999465942383,25.15999984741211,25.280000686645508,4451400,0.0,0.0
2022-05-10 00:00:00-04:00,25.670000076293945,25.799999237060547,24.639999389648438,24.899999618530273,3162500,0.0,0.0
2022-05-11 00:00:00-04:00,24.950000762939453,25.770000457763672,24.639999389648438,24.690000534057617,2714500,0.0,0.0
2022-05-12 00:00:00-04:00,24.6200008392334,25.360000610351562,24.350000381469727,25.209999084472656,2754900,0.0,0.0
2022-05-13 00:00:00-04:00,25.579999923706055,26.59000015258789,25.56999969482422,26.3799991607666,4205500,0.0,0.0
2022-05-16 00:00:00-04:00,26.110000610351562,26.3799991607666,25.65999984741211,25.700000762939453,2760300,0.0,0.0
2022-05-17 00:00:00-04:00,26.110000610351562,26.489999771118164,25.579999923706055,26.219999313354492,3032400,0.0,0.0
2022-05-18 00:00:00-04:00,25.860000610351562,25.90999984741211,24.459999084472656,24.75,3493900,0.0,0.0
2022-05-19 00:00:00-04:00,24.31999969482422,24.709999084472656,23.239999771118164,23.25,6822500,0.0,0.0
2022-05-20 00:00:00-04:00,23.649999618530273,23.719999313354492,22.100000381469727,23.139999389648438,5351300,0.0,0.0
2022-05-23 00:00:00-04:00,23.139999389648438,23.719999313354492,22.940000534057617,23.059999465942383,4893600,0.0,0.0
2022-05-24 00:00:00-04:00,23.020000457763672,23.020000457763672,21.06999969482422,21.6200008392334,5385900,0.0,0.0
2022-05-25 00:00:00-04:00,21.270000457763672,22.889999389648438,21.270000457763672,22.649999618530273,4140500,0.0,0.0
2022-05-26 00:00:00-04:00,22.760000228881836,24.170000076293945,22.700000762939453,23.959999084472656,3809300,0.0,0.0
2022-05-27 00:00:00-04:00,24.209999084472656,25.030000686645508,24.100000381469727,24.719999313354492,4553600,0.0,0.0
2022-05-31 00:00:00-04:00,24.639999389648438,25.280000686645508,24.440000534057617,25.1200008392334,4789000,0.0,0.0
2022-06-01 00:00:00-04:00,25.299999237060547,25.559999465942383,24.270000457763672,24.469999313354492,2904800,0.0,0.0
2022-06-02 00:00:00-04:00,24.469999313354492,25.049999237060547,24.389999389648438,24.8700008392334,2744900,0.0,0.0
2022-06-03 00:00:00-04:00,24.700000762939453,25.0,24.43000030517578,24.950000762939453,1548600,0.0,0.0
2022-06-06 00:00:00-04:00,25.09000015258789,25.200000762939453,24.389999389648438,24.540000915527344,2051900,0.0,0.0
2022-06-07 00:00:00-04:00,24.18000030517578,24.600000381469727,23.940000534057617,24.530000686645508,2344500,0.0,0.0
2022-06-08 00:00:00-04:00,24.350000381469727,24.56999969482422,24.139999389648438,24.31999969482422,1150800,0.0,0.0
2022-06-09 00:00:00-04:00,24.1200008392334,24.700000762939453,23.889999389648438,23.899999618530273,2532500,0.0,0.0
2022-06-10 00:00:00-04:00,23.40999984741211,23.6299991607666,23.170000076293945,23.440000534057617,1709400,0.0,0.0
2022-06-13 00:00:00-04:00,22.809999465942383,23.079999923706055,21.850000381469727,22.1299991607666,3291500,0.0,0.0
2022-06-14 00:00:00-04:00,22.139999389648438,22.709999084472656,21.8799991607666,22.299999237060547,2908700,0.0,0.0
2022-06-15 00:00:00-04:00,22.559999465942383,22.799999237060547,21.950000762939453,22.190000534057617,2997300,0.0,0.0
2022-06-16 00:00:00-04:00,21.600000381469727,21.829999923706055,21.329999923706055,21.459999084472656,3137100,0.0,0.0
2022-06-17 00:00:00-04:00,21.510000228881836,21.969999313354492,21.3799991607666,21.799999237060547,3789300,0.0,0.0
2022-06-21 00:00:00-04:00,22.010000228881836,22.969999313354492,21.889999389648438,22.760000228881836,2290300,0.0,0.0
2022-06-22 00:00:00-04:00,22.59000015258789,22.770000457763672,22.0,22.100000381469727,3518100,0.0,0.0
2022-06-23 00:00:00-04:00,22.309999465942383,22.600000381469727,22.030000686645508,22.510000228881836,1993500,0.0,0.0
2022-06-24 00:00:00-04:00,22.690000534057617,23.600000381469727,22.690000534057617,23.5,5740100,0.0,0.0
2022-06-27 00:00:00-04:00,23.75,23.84000015258789,23.34000015258789,23.579999923706055,1159700,0.0,0.0
2022-06-28 00:00:00-04:00,23.56999969482422,23.940000534057617,23.09000015258789,23.219999313354492,1515500,0.0,0.0
2022-06-29 00:00:00-04:00,23.170000076293945,23.239999771118164,22.65999984741211,22.950000762939453,1885300,0.0,0.0
2022-06-30 00:00:00-04:00,22.709999084472656,22.90999984741211,22.190000534057617,22.329999923706055,1428700,0.0,0.0
2022-07-01 00:00:00-04:00,22.270000457763672,22.350000381469727,21.510000228881836,22.079999923706055,2831200,0.0,0.0
2022-07-05 00:00:00-04:00,21.739999771118164,22.700000762939453,21.389999389648438,22.610000610351562,2112600,0.0,0.0
2022-07-06 00:00:00-04:00,22.649999618530273,22.8700008392334,22.0,22.399999618530273,1176800,0.0,0.0
2022-07-07 00:00:00-04:00,22.420000076293945,23.170000076293945,22.3700008392334,23.040000915527344,1671600,0.0,0.0
2022-07-08 00:00:00-04:00,22.989999771118164,23.100000381469727,22.520000457763672,22.760000228881836,1701300,0.0,0.0
2022-07-11 00:00:00-04:00,23.600000381469727,23.8700008392334,22.5,22.540000915527344,2813500,0.0,0.0
2022-07-12 00:00:00-04:00,22.3700008392334,22.959999084472656,22.049999237060547,22.190000534057617,2763600,0.0,0.0
2022-07-13 00:00:00-04:00,21.809999465942383,22.440000534057617,21.690000534057617,22.149999618530273,2457600,0.0,0.0
2022-07-14 00:00:00-04:00,21.81999969482422,21.84000015258789,21.280000686645508,21.700000762939453,3073100,0.0,0.0
2022-07-15 00:00:00-04:00,21.780000686645508,21.93000030517578,20.940000534057617,21.6299991607666,2661800,0.0,0.0
2022-07-18 00:00:00-04:00,21.959999084472656,22.049999237060547,21.309999465942383,21.579999923706055,4503300,0.0,0.0
2022-07-19 00:00:00-04:00,21.809999465942383,22.969999313354492,21.799999237060547,22.579999923706055,3484700,0.0,0.0
2022-07-20 00:00:00-04:00,22.770000457763672,23.56999969482422,22.719999313354492,23.510000228881836,3869800,0.0,0.0
2022-07-21 00:00:00-04:00,23.649999618530273,24.309999465942383,23.020000457763672,24.170000076293945,4861000,0.0,0.0
2022-07-22 00:00:00-04:00,23.5,23.799999237060547,22.329999923706055,22.450000762939453,8479000,0.0,0.0
2022-07-25 00:00:00-04:00,22.40999984741211,22.469999313354492,21.809999465942383,22.149999618530273,3719000,0.0,0.0
2022-07-26 00:00:00-04:00,21.8700008392334,22.420000076293945,21.610000610351562,21.979999542236328,3733100,0.0,0.0
2022-07-27 00:00:00-04:00,22.260000228881836,23.020000457763672,21.920000076293945,22.84000015258789,3914000,0.0,0.0
2022-07-28 00:00:00-04:00,22.979999542236328,23.31999969482422,22.700000762939453,23.290000915527344,4287700,0.0,0.0
2022-07-29 00:00:00-04:00,23.209999084472656,23.309999465942383,22.860000610351562,23.200000762939453,2287800,0.0,0.0
2022-08-01 00:00:00-04:00,23.190000534057617,23.530000686645508,22.989999771118164,23.15999984741211,2713700,0.0,0.0
2022-08-02 00:00:00-04:00,23.040000915527344,23.260000228881836,22.93000030517578,23.1299991607666,2780000,0.0,0.0
2022-08-03 00:00:00-04:00,23.139999389648438,23.280000686645508,22.510000228881836,22.770000457763672,2876000,0.0,0.0
2022-08-04 00:00:00-04:00,22.56999969482422,22.81999969482422,22.329999923706055,22.809999465942383,3400200,0.0,0.0
2022-08-05 00:00:00-04:00,22.559999465942383,22.719999313354492,22.34000015258789,22.489999771118164,2449300,0.0,0.0
2022-08-08 00:00:00-04:00,22.5,22.790000915527344,22.229999542236328,22.59000015258789,4504700,0.0,0.0
2022-08-09 00:00:00-04:00,22.540000915527344,22.639999389648438,22.219999313354492,22.549999237060547,3369700,0.0,0.0
2022-08-10 00:00:00-04:00,22.959999084472656,23.1299991607666,22.440000534057617,22.8700008392334,2281800,0.0,0.0
2022-08-11 00:00:00-04:00,23.1299991607666,23.440000534057617,22.969999313354492,23.170000076293945,2543700,0.0,0.0
2022-08-12 00:00:00-04:00,23.290000915527344,23.579999923706055,23.110000610351562,23.540000915527344,1418300,0.0,0.0
2022-08-15 00:00:00-04:00,23.239999771118164,23.389999389648438,23.110000610351562,23.209999084472656,1438300,0.0,0.0
2022-08-16 00:00:00-04:00,23.0,23.889999389648438,23.0,23.799999237060547,2735400,0.0,0.0
2022-08-17 00:00:00-04:00,23.719999313354492,23.770000457763672,23.200000762939453,23.469999313354492,1297900,0.0,0.0
2022-08-18 00:00:00-04:00,23.950000762939453,24.3799991607666,23.549999237060547,24.100000381469727,2291600,0.0,0.0
2022-08-19 00:00:00-04:00,24.309999465942383,24.309999465942383,23.760000228881836,24.209999084472656,1733100,0.0,0.0
2022-08-22 00:00:00-04:00,23.969999313354492,24.139999389648438,23.40999984741211,23.559999465942383,1584800,0.0,0.0
2022-08-23 00:00:00-04:00,23.639999389648438,23.969999313354492,23.479999542236328,23.520000457763672,1289600,0.0,0.0
2022-08-24 00:00:00-04:00,23.450000762939453,23.649999618530273,23.229999542236328,23.579999923706055,1721800,0.0,0.0
2022-08-25 00:00:00-04:00,23.649999618530273,23.889999389648438,23.520000457763672,23.729999542236328,1502800,0.0,0.0
2022-08-26 00:00:00-04:00,23.6200008392334,23.84000015258789,22.829999923706055,22.8700008392334,3220500,0.0,0.0
2022-08-29 00:00:00-04:00,22.719999313354492,22.8700008392334,22.469999313354492,22.59000015258789,1484500,0.0,0.0
2022-08-30 00:00:00-04:00,22.760000228881836,22.790000915527344,22.229999542236328,22.450000762939453,2005700,0.0,0.0
2022-08-31 00:00:00-04:00,22.450000762939453,22.65999984741211,22.06999969482422,22.1200008392334,1548400,0.0,0.0
2022-09-01 00:00:00-04:00,22.1200008392334,22.239999771118164,21.700000762939453,22.170000076293945,2615900,0.0,0.0
2022-09-02 00:00:00-04:00,22.299999237060547,22.65999984741211,22.0,22.079999923706055,1241900,0.0,0.0
2022-09-06 00:00:00-04:00,22.15999984741211,22.290000915527344,21.56999969482422,22.1299991607666,1954400,0.0,0.0
2022-09-07 00:00:00-04:00,22.030000686645508,22.65999984741211,21.90999984741211,22.6200008392334,1376700,0.0,0.0
2022-09-08 00:00:00-04:00,22.440000534057617,22.8700008392334,22.110000610351562,22.850000381469727,1765100,0.0,0.0
2022-09-09 00:00:00-04:00,23.059999465942383,23.59000015258789,22.93000030517578,23.530000686645508,1917800,0.0,0.0
2022-09-12 00:00:00-04:00,23.770000457763672,24.200000762939453,23.510000228881836,23.549999237060547,2553300,0.0,0.0
2022-09-13 00:00:00-04:00,22.770000457763672,23.299999237060547,22.700000762939453,23.040000915527344,2796900,0.0,0.0
2022-09-14 00:00:00-04:00,23.040000915527344,23.190000534057617,22.610000610351562,23.110000610351562,1976800,0.0,0.0
2022-09-15 00:00:00-04:00,22.989999771118164,23.1299991607666,21.959999084472656,22.079999923706055,3239600,0.0,0.0
2022-09-16 00:00:00-04:00,21.780000686645508,21.780000686645508,20.829999923706055,20.899999618530273,5865200,0.0,0.0
2022-09-19 00:00:00-04:00,20.520000457763672,21.940000534057617,20.450000762939453,21.780000686645508,3007000,0.0,0.0
2022-09-20 00:00:00-04:00,21.670000076293945,21.670000076293945,21.010000228881836,21.3700008392334,2030500,0.0,0.0
2022-09-21 00:00:00-04:00,21.360000610351562,21.6200008392334,20.899999618530273,20.959999084472656,1792000,0.0,0.0
2022-09-22 00:00:00-04:00,20.81999969482422,20.940000534057617,19.84000015258789,20.149999618530273,4843300,0.0,0.0
2022-09-23 00:00:00-04:00,19.8799991607666,19.979999542236328,19.3700008392334,19.899999618530273,3309700,0.0,0.0
2022-09-26 00:00:00-04:00,19.899999618530273,20.270000457763672,19.520000457763672,19.709999084472656,3884400,0.0,0.0
2022-09-27 00:00:00-04:00,19.81999969482422,20.049999237060547,19.15999984741211,19.40999984741211,2495500,0.0,0.0
2022-09-28 00:00:00-04:00,19.530000686645508,19.709999084472656,19.239999771118164,19.56999969482422,2727100,0.0,0.0
2022-09-29 00:00:00-04:00,19.239999771118164,19.270000457763672,18.260000228881836,18.75,3301500,0.0,0.0
2022-09-30 00:00:00-04:00,18.780000686645508,19.56999969482422,18.489999771118164,18.940000534057617,3276600,0.0,0.0
2022-10-03 00:00:00-04:00,19.030000686645508,19.34000015258789,18.6299991607666,19.079999923706055,3153000,0.0,0.0
2022-10-04 00:00:00-04:00,19.540000915527344,20.139999389648438,18.40999984741211,19.639999389648438,8649800,0.0,0.0
2022-10-05 00:00:00-04:00,19.18000030517578,19.809999465942383,19.1299991607666,19.690000534057617,2698300,0.0,0.0
2022-10-06 00:00:00-04:00,19.649999618530273,19.940000534057617,19.270000457763672,19.479999542236328,1891700,0.0,0.0
2022-10-07 00:00:00-04:00,19.190000534057617,19.920000076293945,19.020000457763672,19.84000015258789,3580700,0.0,0.0
2022-10-10 00:00:00-04:00,19.84000015258789,20.030000686645508,19.110000610351562,19.43000030517578,2051500,0.0,0.0
2022-10-11 00:00:00-04:00,19.360000610351562,20.260000228881836,19.31999969482422,19.770000457763672,2753000,0.0,0.0
2022-10-12 00:00:00-04:00,19.729999542236328,19.809999465942383,19.420000076293945,19.719999313354492,1490300,0.0,0.0
2022-10-13 00:00:00-04:00,19.190000534057617,20.200000762939453,19.020000457763672,20.110000610351562,2864300,0.0,0.0
2022-10-14 00:00:00-04:00,20.489999771118164,20.549999237060547,19.59000015258789,19.649999618530273,1228300,0.0,0.0
2022-10-17 00:00:00-04:00,20.0,20.1299991607666,19.760000228881836,19.90999984741211,2089200,0.0,0.0
2022-10-18 00:00:00-04:00,20.270000457763672,20.489999771118164,19.559999465942383,19.829999923706055,2363900,0.0,0.0
2022-10-19 00:00:00-04:00,19.75,19.809999465942383,19.170000076293945,19.3700008392334,4265900,0.0,0.0
2022-10-20 00:00:00-04:00,19.399999618530273,19.959999084472656,19.229999542236328,19.25,2081900,0.0,0.0
2022-10-21 00:00:00-04:00,19.190000534057617,19.889999389648438,19.0,19.81999969482422,3132500,0.0,0.0
2022-10-24 00:00:00-04:00,19.8700008392334,19.989999771118164,19.360000610351562,19.68000030517578,2862200,0.0,0.0
2022-10-25 00:00:00-04:00,19.860000610351562,20.030000686645508,19.5,19.770000457763672,7365000,0.0,0.0
2022-10-26 00:00:00-04:00,18.06999969482422,20.09000015258789,18.06999969482422,19.229999542236328,9678200,0.0,0.0
2022-10-27 00:00:00-04:00,19.280000686645508,19.68000030517578,18.459999084472656,18.6200008392334,4678400,0.0,0.0
2022-10-28 00:00:00-04:00,18.690000534057617,18.850000381469727,18.260000228881836,18.670000076293945,2748300,0.0,0.0
2022-10-31 00:00:00-04:00,18.510000228881836,19.020000457763672,18.360000610351562,18.959999084472656,3265800,0.0,0.0
2022-11-01 00:00:00-04:00,18.8700008392334,19.190000534057617,18.670000076293945,18.950000762939453,3960900,0.0,0.0
2022-11-02 00:00:00-04:00,18.969999313354492,18.969999313354492,18.0,18.059999465942383,4987800,0.0,0.0
2022-11-03 00:00:00-04:00,17.969999313354492,18.0,17.440000534057617,17.700000762939453,5474700,0.0,0.0
2022-11-04 00:00:00-04:00,17.899999618530273,18.139999389648438,17.40999984741211,17.520000457763672,3546400,0.0,0.0
2022-11-07 00:00:00-05:00,17.700000762939453,17.84000015258789,17.34000015258789,17.700000762939453,2476900,0.0,0.0
2022-11-08 00:00:00-05:00,17.780000686645508,17.989999771118164,17.219999313354492,17.420000076293945,3158900,0.0,0.0
2022-11-09 00:00:00-05:00,17.18000030517578,17.270000457763672,16.510000228881836,17.049999237060547,6314400,0.0,0.0
2022-11-10 00:00:00-05:00,17.65999984741211,17.90999984741211,17.31999969482422,17.420000076293945,5574000,0.0,0.0
2022-11-11 00:00:00-05:00,17.440000534057617,17.450000762939453,16.979999542236328,17.15999984741211,9681900,0.0,0.0
2022-11-14 00:00:00-05:00,17.020000457763672,17.25,16.649999618530273,16.65999984741211,6434200,0.0,0.0
2022-11-15 00:00:00-05:00,17.030000686645508,17.600000381469727,16.979999542236328,17.459999084472656,5507800,0.0,0.0
2022-11-16 00:00:00-05:00,17.049999237060547,17.290000915527344,16.809999465942383,17.079999923706055,8911300,0.0,0.0
2022-11-17 00:00:00-05:00,16.93000030517578,17.309999465942383,16.790000915527344,17.280000686645508,5232900,0.0,0.0
2022-11-18 00:00:00-05:00,17.3700008392334,17.43000030517578,16.739999771118164,17.010000228881836,5617800,0.0,0.0
2022-11-21 00:00:00-05:00,16.889999389648438,17.0,16.700000762939453,16.850000381469727,2375900,0.0,0.0
2022-11-22 00:00:00-05:00,16.850000381469727,17.860000610351562,16.790000915527344,17.719999313354492,4003700,0.0,0.0
2022-11-23 00:00:00-05:00,17.75,18.18000030517578,17.709999084472656,18.110000610351562,4054800,0.0,0.0
2022-11-25 00:00:00-05:00,18.040000915527344,18.170000076293945,17.969999313354492,17.989999771118164,1102400,0.0,0.0
2022-11-28 00:00:00-05:00,17.81999969482422,18.1299991607666,17.799999237060547,17.8799991607666,3889200,0.0,0.0
2022-11-29 00:00:00-05:00,17.959999084472656,18.110000610351562,17.780000686645508,18.079999923706055,3070300,0.0,0.0
2022-11-30 00:00:00-05:00,18.010000228881836,18.260000228881836,17.510000228881836,18.229999542236328,3364900,0.0,0.0
2022-12-01 00:00:00-05:00,18.25,18.59000015258789,18.239999771118164,18.450000762939453,2951300,0.0,0.0
2022-12-02 00:00:00-05:00,18.299999237060547,18.639999389648438,18.200000762939453,18.549999237060547,1597100,0.0,0.0
2022-12-05 00:00:00-05:00,18.459999084472656,18.469999313354492,17.93000030517578,18.06999969482422,2690300,0.0,0.0
2022-12-06 00:00:00-05:00,18.030000686645508,18.18000030517578,17.479999542236328,17.719999313354492,3443600,0.0,0.0
2022-12-07 00:00:00-05:00,17.780000686645508,17.940000534057617,17.229999542236328,17.34000015258789,2808600,0.0,0.0
2022-12-08 00:00:00-05:00,17.56999969482422,17.6299991607666,17.270000457763672,17.290000915527344,1720600,0.0,0.0
2022-12-09 00:00:00-05:00,17.139999389648438,17.510000228881836,17.1200008392334,17.139999389648438,2000400,0.0,0.0
2022-12-12 00:00:00-05:00,17.1299991607666,17.40999984741211,16.950000762939453,17.389999389648438,4439400,0.0,0.0
2022-12-13 00:00:00-05:00,17.899999618530273,18.06999969482422,17.34000015258789,17.459999084472656,3082500,0.0,0.0
2022-12-14 00:00:00-05:00,17.389999389648438,17.510000228881836,17.0,17.139999389648438,3141100,0.0,0.0
2022-12-15 00:00:00-05:00,16.860000610351562,17.200000762939453,16.639999389648438,17.09000015258789,5214000,0.0,0.0
2022-12-16 00:00:00-05:00,16.959999084472656,17.110000610351562,16.6299991607666,16.719999313354492,9053900,0.0,0.0
2022-12-19 00:00:00-05:00,16.719999313354492,16.760000228881836,16.309999465942383,16.450000762939453,3554600,0.0,0.0
2022-12-20 00:00:00-05:00,16.450000762939453,16.59000015258789,16.219999313354492,16.239999771118164,3703200,0.0,0.0
2022-12-21 00:00:00-05:00,16.459999084472656,16.8799991607666,16.459999084472656,16.81999969482422,2710500,0.0,0.0
2022-12-22 00:00:00-05:00,16.760000228881836,16.770000457763672,16.209999084472656,16.75,3353200,0.0,0.0
2022-12-23 00:00:00-05:00,16.780000686645508,16.950000762939453,16.5,16.93000030517578,1646600,0.0,0.0
2022-12-27 00:00:00-05:00,16.989999771118164,17.239999771118164,16.760000228881836,17.020000457763672,2725900,0.0,0.0
2022-12-28 00:00:00-05:00,17.059999465942383,17.170000076293945,16.920000076293945,16.940000534057617,2462000,0.0,0.0
2022-12-29 00:00:00-05:00,17.100000381469727,18.09000015258789,17.059999465942383,18.010000228881836,3557000,0.0,0.0
2022-12-30 00:00:00-05:00,17.860000610351562,18.059999465942383,17.6200008392334,17.84000015258789,2679400,0.0,0.0
2023-01-03 00:00:00-05:00,17.889999389648438,18.06999969482422,17.639999389648438,17.889999389648438,2466000,0.0,0.0
2023-01-04 00:00:00-05:00,18.030000686645508,18.459999084472656,17.780000686645508,18.399999618530273,4375600,0.0,0.0
2023-01-05 00:00:00-05:00,18.40999984741211,19.479999542236328,18.34000015258789,19.280000686645508,6615100,0.0,0.0
2023-01-06 00:00:00-05:00,19.31999969482422,20.270000457763672,19.25,19.90999984741211,5768300,0.0,0.0
2023-01-09 00:00:00-05:00,19.950000762939453,19.969999313354492,19.479999542236328,19.549999237060547,2785700,0.0,0.0
2023-01-10 00:00:00-05:00,19.59000015258789,19.850000381469727,19.479999542236328,19.84000015258789,2270500,0.0,0.0
2023-01-11 00:00:00-05:00,20.040000915527344,20.200000762939453,19.850000381469727,20.110000610351562,2079600,0.0,0.0
2023-01-12 00:00:00-05:00,20.25,20.270000457763672,19.829999923706055,20.239999771118164,1980200,0.0,0.0
2023-01-13 00:00:00-05:00,20.010000228881836,20.520000457763672,20.0,20.260000228881836,2049200,0.0,0.0
2023-01-17 00:00:00-05:00,20.110000610351562,20.219999313354492,19.799999237060547,19.8799991607666,2238100,0.0,0.0
2023-01-18 00:00:00-05:00,19.969999313354492,20.030000686645508,19.3799991607666,19.450000762939453,2166700,0.0,0.0
2023-01-19 00:00:00-05:00,19.350000381469727,19.440000534057617,19.09000015258789,19.25,2426600,0.0,0.0
2023-01-20 00:00:00-05:00,19.270000457763672,19.850000381469727,19.219999313354492,19.84000015258789,2785900,0.0,0.0
2023-01-23 00:00:00-05:00,19.969999313354492,20.1299991607666,19.780000686645508,20.079999923706055,2458400,0.0,0.0
2023-01-24 00:00:00-05:00,20.0,20.18000030517578,19.75,19.860000610351562,1464800,0.0,0.0
2023-01-25 00:00:00-05:00,19.729999542236328,20.1200008392334,19.510000228881836,20.100000381469727,1927400,0.0,0.0
2023-01-26 00:00:00-05:00,20.260000228881836,20.34000015258789,19.989999771118164,20.299999237060547,1524100,0.0,0.0
2023-01-27 00:00:00-05:00,20.06999969482422,20.40999984741211,19.799999237060547,20.15999984741211,7121100,0.0,0.0
2023-01-30 00:00:00-05:00,20.200000762939453,20.440000534057617,20.09000015258789,20.34000015258789,3447500,0.0,0.0
2023-01-31 00:00:00-05:00,20.420000076293945,20.65999984741211,20.239999771118164,20.459999084472656,2664800,0.0,0.0
2023-02-01 00:00:00-05:00,20.610000610351562,21.06999969482422,20.530000686645508,20.969999313354492,3252000,0.0,0.0
2023-02-02 00:00:00-05:00,21.149999618530273,21.65999984741211,20.989999771118164,21.329999923706055,4494000,0.0,0.0
2023-02-03 00:00:00-05:00,21.110000610351562,21.6200008392334,21.010000228881836,21.229999542236328,3417200,0.0,0.0
2023-02-06 00:00:00-05:00,20.920000076293945,21.040000915527344,20.360000610351562,20.65999984741211,2305100,0.0,0.0
2023-02-07 00:00:00-05:00,20.68000030517578,20.799999237060547,20.360000610351562,20.75,2378400,0.0,0.0
2023-02-08 00:00:00-05:00,20.559999465942383,20.75,20.389999389648438,20.5,3841700,0.0,0.0
2023-02-09 00:00:00-05:00,18.15999984741211,19.229999542236328,17.989999771118164,18.309999465942383,12551100,0.0,0.0
2023-02-10 00:00:00-05:00,18.229999542236328,18.760000228881836,18.100000381469727,18.440000534057617,5055400,0.0,0.0
2023-02-13 00:00:00-05:00,18.450000762939453,18.56999969482422,18.219999313354492,18.440000534057617,4384600,0.0,0.0
2023-02-14 00:00:00-05:00,18.34000015258789,18.6200008392334,18.190000534057617,18.559999465942383,2677300,0.0,0.0
2023-02-15 00:00:00-05:00,18.3799991607666,18.75,18.3700008392334,18.639999389648438,2773800,0.0,0.0
2023-02-16 00:00:00-05:00,18.489999771118164,18.979999542236328,18.420000076293945,18.420000076293945,2856600,0.0,0.0
2023-02-17 00:00:00-05:00,18.3700008392334,19.18000030517578,18.360000610351562,19.139999389648438,3490400,0.0,0.0
2023-02-21 00:00:00-05:00,19.040000915527344,19.040000915527344,18.309999465942383,18.5,3052500,0.0,0.0
2023-02-22 00:00:00-05:00,18.469999313354492,18.719999313354492,18.389999389648438,18.510000228881836,2499700,0.0,0.0
2023-02-23 00:00:00-05:00,18.540000915527344,18.610000610351562,18.25,18.530000686645508,2818700,0.0,0.0
2023-02-24 00:00:00-05:00,18.200000762939453,18.350000381469727,17.93000030517578,18.25,2866500,0.0,0.0
2023-02-27 00:00:00-05:00,18.350000381469727,18.540000915527344,18.139999389648438,18.200000762939453,2667800,0.0,0.0
2023-02-28 00:00:00-05:00,18.15999984741211,18.360000610351562,17.950000762939453,17.989999771118164,2805700,0.0,0.0
2023-03-01 00:00:00-05:00,17.989999771118164,18.100000381469727,17.799999237060547,17.81999969482422,1383400,0.0,0.0
2023-03-02 00:00:00-05:00,17.600000381469727,17.93000030517578,17.5,17.889999389648438,1795600,0.0,0.0
2023-03-03 00:00:00-05:00,18.040000915527344,18.079999923706055,17.860000610351562,18.059999465942383,1875100,0.0,0.0
2023-03-06 00:00:00-05:00,18.149999618530273,18.15999984741211,17.6299991607666,17.729999542236328,2469100,0.0,0.0
2023-03-07 00:00:00-05:00,17.780000686645508,17.84000015258789,17.239999771118164,17.360000610351562,4007000,0.0,0.0
2023-03-08 00:00:00-05:00,17.389999389648438,17.65999984741211,17.239999771118164,17.600000381469727,3104500,0.0,0.0
2023-03-09 00:00:00-05:00,17.639999389648438,17.809999465942383,17.139999389648438,17.149999618530273,1820800,0.0,0.0
2023-03-10 00:00:00-05:00,17.149999618530273,17.149999618530273,16.440000534057617,16.700000762939453,2196600,0.0,0.0
2023-03-13 00:00:00-04:00,16.440000534057617,16.510000228881836,16.110000610351562,16.299999237060547,4956100,0.0,0.0
2023-03-14 00:00:00-04:00,16.56999969482422,16.690000534057617,16.209999084472656,16.280000686645508,4336600,0.0,0.0
2023-03-15 00:00:00-04:00,16.0,16.100000381469727,15.710000038146973,16.0,3970200,0.0,0.0
2023-03-16 00:00:00-04:00,15.850000381469727,16.760000228881836,15.359999656677246,16.6200008392334,6262500,0.0,0.0
2023-03-17 00:00:00-04:00,16.530000686645508,16.56999969482422,16.0,16.25,3259600,0.0,0.0
2023-03-20 00:00:00-04:00,16.389999389648438,16.579999923706055,16.229999542236328,16.34000015258789,2237700,0.0,0.0
2023-03-21 00:00:00-04:00,16.559999465942383,16.84000015258789,16.459999084472656,16.68000030517578,1800400,0.0,0.0
2023-03-22 00:00:00-04:00,16.600000381469727,16.760000228881836,16.260000228881836,16.270000457763672,1718600,0.0,0.0
2023-03-23 00:00:00-04:00,16.3799991607666,16.549999237060547,16.0,16.190000534057617,1690900,0.0,0.0
2023-03-24 00:00:00-04:00,16.040000915527344,16.299999237060547,16.0,16.280000686645508,2122300,0.0,0.0
2023-03-27 00:00:00-04:00,16.610000610351562,17.09000015258789,16.59000015258789,16.93000030517578,5140300,0.0,0.0
2023-03-28 00:00:00-04:00,16.889999389648438,17.100000381469727,16.760000228881836,17.079999923706055,1964500,0.0,0.0
2023-03-29 00:00:00-04:00,17.25,17.6299991607666,17.15999984741211,17.549999237060547,2116100,0.0,0.0
2023-03-30 00:00:00-04:00,17.719999313354492,17.969999313354492,17.65999984741211,17.84000015258789,3141400,0.0,0.0
2023-03-31 00:00:00-04:00,17.93000030517578,18.440000534057617,17.889999389648438,18.40999984741211,3032200,0.0,0.0
2023-04-03 00:00:00-04:00,18.3799991607666,18.40999984741211,17.979999542236328,18.09000015258789,1785200,0.0,0.0
2023-04-04 00:00:00-04:00,18.149999618530273,18.15999984741211,17.860000610351562,18.040000915527344,1819000,0.0,0.0
2023-04-05 00:00:00-04:00,17.969999313354492,18.0,17.59000015258789,17.639999389648438,2203200,0.0,0.0
2023-04-06 00:00:00-04:00,17.639999389648438,17.690000534057617,17.459999084472656,17.530000686645508,1810000,0.0,0.0
2023-04-10 00:00:00-04:00,17.450000762939453,17.81999969482422,17.40999984741211,17.729999542236328,2489200,0.0,0.0
2023-04-11 00:00:00-04:00,17.829999923706055,17.93000030517578,17.729999542236328,17.799999237060547,2060700,0.0,0.0
2023-04-12 00:00:00-04:00,17.989999771118164,17.989999771118164,17.40999984741211,17.43000030517578,2036400,0.0,0.0
2023-04-13 00:00:00-04:00,17.56999969482422,17.850000381469727,17.510000228881836,17.799999237060547,2186400,0.0,0.0
2023-04-14 00:00:00-04:00,17.899999618530273,17.969999313354492,17.549999237060547,17.709999084472656,3429900,0.0,0.0
2023-04-17 00:00:00-04:00,17.709999084472656,17.709999084472656,17.299999237060547,17.579999923706055,3086400,0.0,0.0
2023-04-18 00:00:00-04:00,17.639999389648438,17.639999389648438,17.15999984741211,17.219999313354492,3121500,0.0,0.0
2023-04-19 00:00:00-04:00,17.170000076293945,17.360000610351562,17.100000381469727,17.25,2613900,0.0,0.0
2023-04-20 00:00:00-04:00,17.18000030517578,17.329999923706055,16.989999771118164,17.149999618530273,1910500,0.0,0.0
2023-04-21 00:00:00-04:00,17.229999542236328,17.389999389648438,17.110000610351562,17.389999389648438,1235400,0.0,0.0
2023-04-24 00:00:00-04:00,17.31999969482422,17.459999084472656,17.079999923706055,17.209999084472656,1566300,0.0,0.0
2023-04-25 00:00:00-04:00,17.020000457763672,17.06999969482422,16.719999313354492,16.760000228881836,1579500,0.0,0.0
2023-04-26 00:00:00-04:00,16.729999542236328,17.059999465942383,16.65999984741211,16.969999313354492,4441600,0.0,0.0
2023-04-27 00:00:00-04:00,17.229999542236328,18.25,17.06999969482422,18.0,6229500,0.0,0.0
2023-04-28 00:00:00-04:00,17.950000762939453,18.43000030517578,17.8799991607666,18.0,3206300,0.0,0.0
2023-05-01 00:00:00-04:00,17.90999984741211,17.950000762939453,17.469999313354492,17.6299991607666,2392200,0.0,0.0
2023-05-02 00:00:00-04:00,17.59000015258789,17.90999984741211,17.440000534057617,17.770000457763672,3028500,0.0,0.0
2023-05-03 00:00:00-04:00,17.84000015258789,18.31999969482422,17.700000762939453,17.950000762939453,3850300,0.0,0.0
2023-05-04 00:00:00-04:00,17.809999465942383,17.940000534057617,17.5,17.610000610351562,2300300,0.0,0.0
2023-05-05 00:00:00-04:00,17.8799991607666,18.299999237060547,17.75,18.190000534057617,2374900,0.0,0.0
2023-05-08 00:00:00-04:00,18.190000534057617,18.280000686645508,17.889999389648438,17.950000762939453,2017800,0.0,0.0
2023-05-09 00:00:00-04:00,17.790000915527344,18.229999542236328,17.690000534057617,18.18000030517578,1954200,0.0,0.0
2023-05-10 00:00:00-04:00,18.31999969482422,18.40999984741211,17.989999771118164,18.299999237060547,2464700,0.0,0.0
2023-05-11 00:00:00-04:00,18.290000915527344,18.549999237060547,18.219999313354492,18.530000686645508,1735700,0.0,0.0
2023-05-12 00:00:00-04:00,18.56999969482422,18.649999618530273,18.299999237060547,18.5,2195700,0.0,0.0
2023-05-15 00:00:00-04:00,18.600000381469727,19.290000915527344,18.579999923706055,19.200000762939453,3670000,0.0,0.0
2023-05-16 00:00:00-04:00,19.09000015258789,19.18000030517578,18.799999237060547,18.979999542236328,3724600,0.0,0.0
2023-05-17 00:00:00-04:00,19.079999923706055,19.100000381469727,18.56999969482422,18.93000030517578,2669800,0.0,0.0
2023-05-18 00:00:00-04:00,18.940000534057617,19.030000686645508,18.760000228881836,19.010000228881836,1449900,0.0,0.0
2023-05-19 00:00:00-04:00,19.010000228881836,19.100000381469727,18.389999389648438,18.549999237060547,1932700,0.0,0.0
2023-05-22 00:00:00-04:00,18.579999923706055,18.579999923706055,18.309999465942383,18.399999618530273,1696700,0.0,0.0
2023-05-23 00:00:00-04:00,18.270000457763672,18.469999313354492,18.040000915527344,18.09000015258789,2287300,0.0,0.0
2023-05-24 00:00:00-04:00,18.0,18.270000457763672,17.979999542236328,18.25,3132400,0.0,0.0
2023-05-25 00:00:00-04:00,18.149999618530273,18.299999237060547,17.850000381469727,17.860000610351562,1761200,0.0,0.0
2023-05-26 00:00:00-04:00,17.829999923706055,18.100000381469727,17.760000228881836,17.90999984741211,1654300,0.0,0.0
2023-05-30 00:00:00-04:00,18.030000686645508,18.040000915527344,17.75,17.850000381469727,1538300,0.0,0.0
2023-05-31 00:00:00-04:00,17.739999771118164,17.81999969482422,17.389999389648438,17.40999984741211,2323600,0.0,0.0
2023-06-01 00:00:00-04:00,17.389999389648438,17.530000686645508,17.260000228881836,17.530000686645508,1617600,0.0,0.0
2023-06-02 00:00:00-04:00,17.809999465942383,18.110000610351562,17.75,18.079999923706055,1573500,0.0,0.0
2023-06-05 00:00:00-04:00,17.979999542236328,18.059999465942383,17.639999389648438,17.690000534057617,1431300,0.0,0.0
2023-06-06 00:00:00-04:00,17.709999084472656,18.200000762939453,17.709999084472656,18.139999389648438,1285200,0.0,0.0
2023-06-07 00:00:00-04:00,18.239999771118164,18.469999313354492,18.110000610351562,18.25,1429100,0.0,0.0
2023-06-08 00:00:00-04:00,18.209999084472656,18.68000030517578,18.149999618530273,18.670000076293945,1690900,0.0,0.0
2023-06-09 00:00:00-04:00,18.770000457763672,18.850000381469727,18.229999542236328,18.280000686645508,1752700,0.0,0.0
2023-06-12 00:00:00-04:00,18.270000457763672,18.6200008392334,18.239999771118164,18.489999771118164,1194500,0.0,0.0
2023-06-13 00:00:00-04:00,18.549999237060547,19.079999923706055,18.469999313354492,19.030000686645508,1600500,0.0,0.0
2023-06-14 00:00:00-04:00,19.09000015258789,19.219999313354492,18.489999771118164,18.59000015258789,1846600,0.0,0.0
2023-06-15 00:00:00-04:00,18.450000762939453,18.5,18.239999771118164,18.360000610351562,1549000,0.0,0.0
2023-06-16 00:00:00-04:00,18.469999313354492,18.469999313354492,18.059999465942383,18.260000228881836,3505400,0.0,0.0
2023-06-20 00:00:00-04:00,18.260000228881836,18.260000228881836,17.950000762939453,18.1299991607666,1597000,0.0,0.0
2023-06-21 00:00:00-04:00,17.959999084472656,17.979999542236328,17.729999542236328,17.8700008392334,1855800,0.0,0.0
2023-06-22 00:00:00-04:00,17.790000915527344,17.940000534057617,17.549999237060547,17.940000534057617,2509100,0.0,0.0
2023-06-23 00:00:00-04:00,17.760000228881836,18.1299991607666,17.690000534057617,18.06999969482422,7020700,0.0,0.0
2023-06-26 00:00:00-04:00,18.079999923706055,18.290000915527344,18.049999237060547,18.139999389648438,2244800,0.0,0.0
2023-06-27 00:00:00-04:00,18.229999542236328,18.549999237060547,18.229999542236328,18.450000762939453,3757300,0.0,0.0
2023-06-28 00:00:00-04:00,18.489999771118164,19.0,18.399999618530273,18.979999542236328,2314600,0.0,0.0
2023-06-29 00:00:00-04:00,19.0,19.40999984741211,18.959999084472656,19.200000762939453,3896900,0.0,0.0
2023-06-30 00:00:00-04:00,19.25,19.739999771118164,19.229999542236328,19.540000915527344,3937400,0.0,0.0
2023-07-03 00:00:00-04:00,19.6299991607666,20.280000686645508,19.6299991607666,20.040000915527344,2978600,0.0,0.0
2023-07-05 00:00:00-04:00,19.899999618530273,20.100000381469727,19.670000076293945,20.0,3746300,0.0,0.0
2023-07-06 00:00:00-04:00,19.809999465942383,20.020000457763672,19.600000381469727,19.90999984741211,3784600,0.0,0.0
2023-07-07 00:00:00-04:00,20.360000610351562,20.760000228881836,20.059999465942383,20.479999542236328,4720300,0.0,0.0
2023-07-10 00:00:00-04:00,20.920000076293945,21.219999313354492,20.690000534057617,20.989999771118164,6284800,0.0,0.0
2023-07-11 00:00:00-04:00,21.200000762939453,21.700000762939453,20.940000534057617,21.579999923706055,4383200,0.0,0.0
2023-07-12 00:00:00-04:00,21.889999389648438,22.030000686645508,21.56999969482422,21.829999923706055,4080000,0.0,0.0
2023-07-13 00:00:00-04:00,21.950000762939453,22.149999618530273,21.739999771118164,21.81999969482422,3610100,0.0,0.0
2023-07-14 00:00:00-04:00,22.06999969482422,22.06999969482422,21.200000762939453,21.440000534057617,4210700,0.0,0.0
2023-07-17 00:00:00-04:00,21.510000228881836,21.6299991607666,21.260000228881836,21.489999771118164,3954200,0.0,0.0
2023-07-18 00:00:00-04:00,21.559999465942383,21.760000228881836,20.809999465942383,20.8700008392334,5719600,0.0,0.0
2023-07-19 00:00:00-04:00,20.950000762939453,21.229999542236328,20.729999542236328,21.040000915527344,6302100,0.0,0.0
2023-07-20 00:00:00-04:00,21.079999923706055,21.34000015258789,20.790000915527344,21.270000457763672,5150200,0.0,0.0
2023-07-21 00:00:00-04:00,21.549999237060547,21.59000015258789,21.09000015258789,21.18000030517578,7096900,0.0,0.0
2023-07-24 00:00:00-04:00,21.649999618530273,21.760000228881836,21.290000915527344,21.56999969482422,7556300,0.0,0.0
2023-07-25 00:00:00-04:00,21.6299991607666,21.780000686645508,21.110000610351562,21.170000076293945,4683200,0.0,0.0
2023-07-26 00:00:00-04:00,20.84000015258789,21.34000015258789,20.700000762939453,21.31999969482422,5455400,0.0,0.0
2023-07-27 00:00:00-04:00,21.559999465942383,22.639999389648438,21.139999389648438,21.239999771118164,7686300,0.0,0.0
2023-07-28 00:00:00-04:00,21.440000534057617,21.5,20.600000381469727,20.729999542236328,4823600,0.0,0.0
2023-07-31 00:00:00-04:00,20.959999084472656,21.639999389648438,20.93000030517578,21.299999237060547,4850200,0.0,0.0
2023-08-01 00:00:00-04:00,21.190000534057617,21.440000534057617,21.18000030517578,21.270000457763672,2277500,0.0,0.0
2023-08-02 00:00:00-04:00,21.059999465942383,21.299999237060547,20.950000762939453,21.25,2559000,0.0,0.0
2023-08-03 00:00:00-04:00,21.25,21.450000762939453,20.440000534057617,20.5,6670900,0.0,0.0
2023-08-04 00:00:00-04:00,20.479999542236328,20.850000381469727,20.309999465942383,20.450000762939453,2907900,0.0,0.0
2023-08-07 00:00:00-04:00,20.649999618530273,21.40999984741211,20.649999618530273,21.280000686645508,4341200,0.0,0.0
2023-08-08 00:00:00-04:00,21.1299991607666,21.450000762939453,20.979999542236328,21.43000030517578,3722500,0.0,0.0
2023-08-09 00:00:00-04:00,21.3700008392334,21.84000015258789,21.270000457763672,21.6299991607666,2941400,0.0,0.0
2023-08-10 00:00:00-04:00,21.739999771118164,21.84000015258789,21.450000762939453,21.530000686645508,1643500,0.0,0.0
2023-08-11 00:00:00-04:00,21.450000762939453,21.670000076293945,21.06999969482422,21.600000381469727,2930700,0.0,0.0
2023-08-14 00:00:00-04:00,21.579999923706055,21.739999771118164,21.260000228881836,21.719999313354492,1866400,0.0,0.0
2023-08-15 00:00:00-04:00,21.510000228881836,21.600000381469727,21.09000015258789,21.25,2079100,0.0,0.0
2023-08-16 00:00:00-04:00,21.229999542236328,21.459999084472656,21.139999389648438,21.149999618530273,1440400,0.0,0.0
2023-08-17 00:00:00-04:00,21.229999542236328,21.43000030517578,20.760000228881836,20.829999923706055,1584100,0.0,0.0
2023-08-18 00:00:00-04:00,20.610000610351562,20.989999771118164,20.559999465942383,20.760000228881836,2348900,0.0,0.0
2023-08-21 00:00:00-04:00,20.81999969482422,21.149999618530273,20.649999618530273,21.09000015258789,2398000,0.0,0.0
2023-08-22 00:00:00-04:00,21.09000015258789,21.479999542236328,21.079999923706055,21.270000457763672,2608900,0.0,0.0
2023-08-23 00:00:00-04:00,21.110000610351562,21.6299991607666,21.040000915527344,21.559999465942383,2372600,0.0,0.0
2023-08-24 00:00:00-04:00,21.600000381469727,21.799999237060547,21.260000228881836,21.270000457763672,2837100,0.0,0.0
2023-08-25 00:00:00-04:00,21.469999313354492,21.950000762939453,21.40999984741211,21.860000610351562,2181900,0.0,0.0
2023-08-28 00:00:00-04:00,21.899999618530273,22.190000534057617,21.770000457763672,21.81999969482422,1655200,0.0,0.0
2023-08-29 00:00:00-04:00,21.799999237060547,21.969999313354492,21.709999084472656,21.889999389648438,2258900,0.0,0.0
2023-08-30 00:00:00-04:00,21.93000030517578,22.239999771118164,21.850000381469727,22.149999618530273,2376900,0.0,0.0
2023-08-31 00:00:00-04:00,22.239999771118164,22.440000534057617,22.139999389648438,22.15999984741211,1885500,0.0,0.0
2023-09-01 00:00:00-04:00,22.219999313354492,22.3799991607666,22.1200008392334,22.31999969482422,1617700,0.0,0.0
2023-09-05 00:00:00-04:00,22.18000030517578,22.299999237060547,21.940000534057617,22.25,1818600,0.0,0.0
2023-09-06 00:00:00-04:00,22.149999618530273,22.3700008392334,22.049999237060547,22.299999237060547,2389500,0.0,0.0
2023-09-07 00:00:00-04:00,22.219999313354492,22.280000686645508,21.040000915527344,21.549999237060547,6082900,0.0,0.0
2023-09-08 00:00:00-04:00,21.770000457763672,21.770000457763672,21.200000762939453,21.510000228881836,2609300,0.0,0.0
2023-09-11 00:00:00-04:00,21.6200008392334,21.75,21.219999313354492,21.309999465942383,1922000,0.0,0.0
2023-09-12 00:00:00-04:00,21.31999969482422,21.469999313354492,21.229999542236328,21.459999084472656,1227100,0.0,0.0
2023-09-13 00:00:00-04:00,21.420000076293945,21.649999618530273,21.309999465942383,21.56999969482422,2391300,0.0,0.0
2023-09-14 00:00:00-04:00,21.649999618530273,21.670000076293945,21.049999237060547,21.239999771118164,2304700,0.0,0.0
2023-09-15 00:00:00-04:00,21.139999389648438,21.299999237060547,20.969999313354492,21.06999969482422,3679300,0.0,0.0
2023-09-18 00:00:00-04:00,21.1299991607666,22.139999389648438,21.06999969482422,21.43000030517578,4342500,0.0,0.0
2023-09-19 00:00:00-04:00,21.3700008392334,21.530000686645508,21.239999771118164,21.399999618530273,1883200,0.0,0.0
2023-09-20 00:00:00-04:00,21.399999618530273,21.719999313354492,21.360000610351562,21.399999618530273,1640600,0.0,0.0
2023-09-21 00:00:00-04:00,21.350000381469727,21.579999923706055,21.260000228881836,21.530000686645508,2735400,0.0,0.0
2023-09-22 00:00:00-04:00,21.479999542236328,21.770000457763672,21.459999084472656,21.489999771118164,3010700,0.0,0.0
2023-09-25 00:00:00-04:00,21.420000076293945,21.6200008392334,21.200000762939453,21.59000015258789,2092300,0.0,0.0
2023-09-26 00:00:00-04:00,21.540000915527344,21.579999923706055,21.219999313354492,21.219999313354492,2570900,0.0,0.0
2023-09-27 00:00:00-04:00,21.729999542236328,22.290000915527344,21.639999389648438,21.84000015258789,8679700,0.0,0.0
2023-09-28 00:00:00-04:00,21.8700008392334,22.280000686645508,21.81999969482422,22.1200008392334,2007500,0.0,0.0
2023-09-29 00:00:00-04:00,22.299999237060547,22.299999237060547,21.93000030517578,22.030000686645508,1745400,0.0,0.0
2023-10-02 00:00:00-04:00,21.93000030517578,21.989999771118164,21.690000534057617,21.780000686645508,2400300,0.0,0.0
2023-10-03 00:00:00-04:00,21.709999084472656,21.739999771118164,21.100000381469727,21.329999923706055,2531500,0.0,0.0
2023-10-04 00:00:00-04:00,21.299999237060547,21.540000915527344,21.149999618530273,21.3700008392334,1887800,0.0,0.0
2023-10-05 00:00:00-04:00,21.350000381469727,21.350000381469727,20.690000534057617,20.729999542236328,2147200,0.0,0.0
2023-10-06 00:00:00-04:00,20.549999237060547,20.809999465942383,19.969999313354492,20.649999618530273,3219200,0.0,0.0
2023-10-09 00:00:00-04:00,20.489999771118164,20.920000076293945,20.450000762939453,20.850000381469727,1363700,0.0,0.0
2023-10-10 00:00:00-04:00,20.81999969482422,21.200000762939453,20.81999969482422,20.979999542236328,1658400,0.0,0.0
2023-10-11 00:00:00-04:00,20.969999313354492,21.190000534057617,20.790000915527344,20.90999984741211,1524300,0.0,0.0
2023-10-12 00:00:00-04:00,20.93000030517578,20.950000762939453,19.969999313354492,20.09000015258789,3196700,0.0,0.0
2023-10-13 00:00:00-04:00,20.059999465942383,20.309999465942383,20.020000457763672,20.219999313354492,1334600,0.0,0.0
2023-10-16 00:00:00-04:00,20.3799991607666,20.75,20.229999542236328,20.530000686645508,1937000,0.0,0.0
2023-10-17 00:00:00-04:00,20.5,21.530000686645508,20.399999618530273,21.399999618530273,3120600,0.0,0.0
2023-10-18 00:00:00-04:00,21.229999542236328,21.260000228881836,20.959999084472656,21.040000915527344,2059700,0.0,0.0
2023-10-19 00:00:00-04:00,20.93000030517578,21.139999389648438,20.6299991607666,20.729999542236328,2992200,0.0,0.0
2023-10-20 00:00:00-04:00,20.8700008392334,21.030000686645508,20.329999923706055,20.459999084472656,2578800,0.0,0.0
2023-10-23 00:00:00-04:00,20.290000915527344,20.360000610351562,19.719999313354492,19.829999923706055,7466900,0.0,0.0
2023-10-24 00:00:00-04:00,19.969999313354492,20.360000610351562,19.889999389648438,20.209999084472656,7180800,0.0,0.0
2023-10-25 00:00:00-04:00,20.1200008392334,20.190000534057617,19.700000762939453,20.110000610351562,5302700,0.0,0.0
2023-10-26 00:00:00-04:00,16.799999237060547,18.799999237060547,16.200000762939453,18.579999923706055,16143500,0.0,0.0
2023-10-27 00:00:00-04:00,18.510000228881836,19.020000457763672,18.360000610351562,18.43000030517578,6459100,0.0,0.0
2023-10-30 00:00:00-04:00,18.6299991607666,18.8700008392334,18.450000762939453,18.770000457763672,4114400,0.0,0.0
2023-10-31 00:00:00-04:00,18.760000228881836,19.170000076293945,18.68000030517578,19.079999923706055,3898600,0.0,0.0
2023-11-01 00:00:00-04:00,19.0,19.329999923706055,18.920000076293945,19.329999923706055,2578400,0.0,0.0
2023-11-02 00:00:00-04:00,19.469999313354492,19.90999984741211,19.270000457763672,19.40999984741211,3290400,0.0,0.0
2023-11-03 00:00:00-04:00,19.68000030517578,19.780000686645508,19.3700008392334,19.420000076293945,3012500,0.0,0.0
2023-11-06 00:00:00-05:00,19.520000457763672,19.700000762939453,19.149999618530273,19.229999542236328,2643000,0.0,0.0
2023-11-07 00:00:00-05:00,19.190000534057617,19.34000015258789,19.1200008392334,19.170000076293945,2709300,0.0,0.0
2023-11-08 00:00:00-05:00,19.200000762939453,19.260000228881836,18.860000610351562,19.030000686645508,4117900,0.0,0.0
2023-11-09 00:00:00-05:00,19.149999618530273,19.149999618530273,18.639999389648438,18.700000762939453,2375100,0.0,0.0
2023-11-10 00:00:00-05:00,18.790000915527344,18.84000015258789,18.280000686645508,18.489999771118164,3555800,0.0,0.0
2023-11-13 00:00:00-05:00,18.479999542236328,18.5,18.149999618530273,18.239999771118164,2431600,0.0,0.0
2023-11-14 00:00:00-05:00,18.65999984741211,18.93000030517578,18.510000228881836,18.790000915527344,4961200,0.0,0.0
2023-11-15 00:00:00-05:00,18.850000381469727,19.399999618530273,18.760000228881836,19.15999984741211,4803300,0.0,0.0
2023-11-16 00:00:00-05:00,19.190000534057617,19.190000534057617,18.56999969482422,18.90999984741211,3415600,0.0,0.0
2023-11-17 00:00:00-05:00,18.940000534057617,19.079999923706055,18.530000686645508,18.739999771118164,3014300,0.0,0.0
2023-11-20 00:00:00-05:00,18.75,18.75,18.3799991607666,18.399999618530273,2909000,0.0,0.0
2023-11-21 00:00:00-05:00,18.299999237060547,18.329999923706055,18.030000686645508,18.190000534057617,3592400,0.0,0.0
2023-11-22 00:00:00-05:00,18.239999771118164,18.610000610351562,18.209999084472656,18.549999237060547,2391500,0.0,0.0
2023-11-24 00:00:00-05:00,18.5,18.780000686645508,18.40999984741211,18.770000457763672,870800,0.0,0.0
2023-11-27 00:00:00-05:00,18.65999984741211,18.799999237060547,18.489999771118164,18.709999084472656,1773500,0.0,0.0
2023-11-28 00:00:00-05:00,18.670000076293945,19.049999237060547,18.56999969482422,18.920000076293945,1898300,0.0,0.0
2023-11-29 00:00:00-05:00,19.0,19.260000228881836,18.940000534057617,19.15999984741211,2285300,0.0,0.0
2023-11-30 00:00:00-05:00,19.170000076293945,19.280000686645508,18.93000030517578,19.0,1860100,0.0,0.0
2023-12-01 00:00:00-05:00,19.0,19.489999771118164,18.93000030517578,19.479999542236328,1663200,0.0,0.0
2023-12-04 00:00:00-05:00,19.40999984741211,19.700000762939453,19.3799991607666,19.5,2011800,0.0,0.0
2023-12-05 00:00:00-05:00,19.389999389648438,19.450000762939453,18.899999618530273,18.899999618530273,2048800,0.0,0.0
2023-12-06 00:00:00-05:00,19.0,19.25,18.90999984741211,18.969999313354492,1832100,0.0,0.0
2023-12-07 00:00:00-05:00,19.010000228881836,19.170000076293945,18.850000381469727,19.100000381469727,1777400,0.0,0.0
2023-12-08 00:00:00-05:00,19.030000686645508,19.200000762939453,18.850000381469727,18.899999618530273,3890500,0.0,0.0
2023-12-11 00:00:00-05:00,18.8700008392334,18.959999084472656,18.579999923706055,18.90999984741211,2559100,0.0,0.0
2023-12-12 00:00:00-05:00,18.510000228881836,18.700000762939453,18.190000534057617,18.59000015258789,6398600,0.0,0.0
2023-12-13 00:00:00-05:00,18.600000381469727,19.200000762939453,18.450000762939453,19.0,3104700,0.0,0.0
2023-12-14 00:00:00-05:00,19.31999969482422,19.719999313354492,18.969999313354492,19.079999923706055,2867800,0.0,0.0
2023-12-15 00:00:00-05:00,19.100000381469727,19.15999984741211,18.780000686645508,19.030000686645508,5509300,0.0,0.0
2023-12-18 00:00:00-05:00,19.040000915527344,19.3700008392334,18.93000030517578,19.360000610351562,2307600,0.0,0.0
2023-12-19 00:00:00-05:00,19.450000762939453,19.56999969482422,19.239999771118164,19.290000915527344,1822400,0.0,0.0
2023-12-20 00:00:00-05:00,19.239999771118164,19.350000381469727,18.709999084472656,18.770000457763672,3321700,0.0,0.0
2023-12-21 00:00:00-05:00,18.940000534057617,19.079999923706055,18.850000381469727,19.049999237060547,1745100,0.0,0.0
2023-12-22 00:00:00-05:00,19.010000228881836,19.209999084472656,18.90999984741211,19.1200008392334,1525300,0.0,0.0
2023-12-26 00:00:00-05:00,19.1200008392334,19.18000030517578,19.020000457763672,19.100000381469727,1386600,0.0,0.0
2023-12-27 00:00:00-05:00,19.100000381469727,19.15999984741211,18.93000030517578,18.989999771118164,1800800,0.0,0.0
2023-12-28 00:00:00-05:00,18.940000534057617,19.149999618530273,18.860000610351562,19.1299991607666,2034000,0.0,0.0
2023-12-29 00:00:00-05:00,19.06999969482422,19.229999542236328,18.75,18.8799991607666,1718300,0.0,0.0
2024-01-02 00:00:00-05:00,18.799999237060547,19.110000610351562,18.6200008392334,18.770000457763672,2049200,0.0,0.0
2024-01-03 00:00:00-05:00,18.540000915527344,18.600000381469727,18.229999542236328,18.34000015258789,2394800,0.0,0.0
2024-01-04 00:00:00-05:00,18.0,18.389999389648438,17.899999618530273,18.219999313354492,3628400,0.0,0.0
2024-01-05 00:00:00-05:00,18.18000030517578,18.34000015258789,18.030000686645508,18.18000030517578,2580100,0.0,0.0
2024-01-08 00:00:00-05:00,18.15999984741211,18.5,18.1200008392334,18.5,1750000,0.0,0.0
2024-01-09 00:00:00-05:00,18.350000381469727,18.510000228881836,18.260000228881836,18.299999237060547,1980100,0.0,0.0
2024-01-10 00:00:00-05:00,18.290000915527344,18.469999313354492,18.229999542236328,18.459999084472656,1751500,0.0,0.0
2024-01-11 00:00:00-05:00,18.420000076293945,18.520000457763672,18.209999084472656,18.290000915527344,1623000,0.0,0.0
2024-01-12 00:00:00-05:00,18.40999984741211,18.549999237060547,18.18000030517578,18.25,2477400,0.0,0.0
2024-01-16 00:00:00-05:00,18.059999465942383,18.170000076293945,17.65999984741211,17.8799991607666,2777300,0.0,0.0
2024-01-17 00:00:00-05:00,17.190000534057617,17.65999984741211,16.979999542236328,17.40999984741211,4874600,0.0,0.0
2024-01-18 00:00:00-05:00,17.530000686645508,17.709999084472656,17.3799991607666,17.670000076293945,2183800,0.0,0.0
2024-01-19 00:00:00-05:00,17.68000030517578,17.90999984741211,17.489999771118164,17.8700008392334,3429000,0.0,0.0
2024-01-22 00:00:00-05:00,17.979999542236328,18.040000915527344,17.670000076293945,17.790000915527344,2178500,0.0,0.0
2024-01-23 00:00:00-05:00,17.860000610351562,18.020000457763672,17.690000534057617,17.81999969482422,1680500,0.0,0.0
2024-01-24 00:00:00-05:00,17.860000610351562,17.889999389648438,17.690000534057617,17.84000015258789,2021800,0.0,0.0
2024-01-25 00:00:00-05:00,17.959999084472656,18.190000534057617,17.799999237060547,18.100000381469727,3614700,0.0,0.0
2024-01-26 00:00:00-05:00,18.260000228881836,18.670000076293945,18.219999313354492,18.350000381469727,3391500,0.0,0.0
2024-01-29 00:00:00-05:00,18.350000381469727,18.399999618530273,18.139999389648438,18.31999969482422,2570400,0.0,0.0
2024-01-30 00:00:00-05:00,18.239999771118164,18.479999542236328,18.149999618530273,18.15999984741211,2243800,0.0,0.0
2024-01-31 00:00:00-05:00,18.170000076293945,18.34000015258789,17.829999923706055,17.889999389648438,2325500,0.0,0.0
2024-02-01 00:00:00-05:00,17.959999084472656,18.360000610351562,17.8799991607666,18.270000457763672,3558900,0.0,0.0
2024-02-02 00:00:00-05:00,18.790000915527344,19.190000534057617,18.540000915527344,19.020000457763672,5698200,0.0,0.0
2024-02-05 00:00:00-05:00,18.59000015258789,18.68000030517578,18.309999465942383,18.469999313354492,2915500,0.0,0.0
2024-02-06 00:00:00-05:00,18.5,18.719999313354492,18.389999389648438,18.520000457763672,4471400,0.0,0.0
2024-02-07 00:00:00-05:00,18.520000457763672,18.8700008392334,18.350000381469727,18.809999465942383,4644100,0.0,0.0
2024-02-08 00:00:00-05:00,19.010000228881836,19.34000015258789,18.510000228881836,18.8700008392334,7507200,0.0,0.0
2024-02-09 00:00:00-05:00,18.84000015258789,19.010000228881836,18.440000534057617,18.889999389648438,5311200,0.0,0.0
2024-02-12 00:00:00-05:00,18.93000030517578,19.25,18.8799991607666,19.170000076293945,5121800,0.0,0.0
2024-02-13 00:00:00-05:00,18.610000610351562,18.889999389648438,18.40999984741211,18.84000015258789,4933200,0.0,0.0
2024-02-14 00:00:00-05:00,18.979999542236328,19.299999237060547,18.920000076293945,19.290000915527344,4281400,0.0,0.0
2024-02-15 00:00:00-05:00,19.34000015258789,19.489999771118164,18.969999313354492,19.020000457763672,2761000,0.0,0.0
2024-02-16 00:00:00-05:00,18.950000762939453,19.510000228881836,18.809999465942383,19.25,3136000,0.0,0.0
2024-02-20 00:00:00-05:00,19.06999969482422,19.549999237060547,19.0,19.34000015258789,4015600,0.0,0.0
2024-02-21 00:00:00-05:00,19.299999237060547,19.709999084472656,19.290000915527344,19.65999984741211,3740500,0.0,0.0
2024-02-22 00:00:00-05:00,19.760000228881836,19.920000076293945,19.65999984741211,19.719999313354492,2832800,0.0,0.0
2024-02-23 00:00:00-05:00,19.760000228881836,19.860000610351562,19.610000610351562,19.6299991607666,3196600,0.0,0.0
2024-02-26 00:00:00-05:00,19.610000610351562,19.709999084472656,19.329999923706055,19.459999084472656,2427900,0.0,0.0
2024-02-27 00:00:00-05:00,19.600000381469727,19.649999618530273,19.479999542236328,19.610000610351562,1980100,0.0,0.0
2024-02-28 00:00:00-05:00,19.489999771118164,19.860000610351562,19.43000030517578,19.65999984741211,3096700,0.0,0.0
2024-02-29 00:00:00-05:00,19.700000762939453,19.8799991607666,19.649999618530273,19.700000762939453,2617400,0.0,0.0
2024-03-01 00:00:00-05:00,19.600000381469727,19.719999313354492,19.31999969482422,19.520000457763672,2150900,0.0,0.0
2024-03-04 00:00:00-05:00,19.559999465942383,19.59000015258789,19.299999237060547,19.34000015258789,1758100,0.0,0.0
2024-03-05 00:00:00-05:00,19.239999771118164,19.43000030517578,19.079999923706055,19.360000610351562,1738500,0.0,0.0
2024-03-06 00:00:00-05:00,19.459999084472656,19.649999618530273,19.350000381469727,19.389999389648438,1485700,0.0,0.0
2024-03-07 00:00:00-05:00,19.450000762939453,19.790000915527344,19.25,19.549999237060547,2337500,0.0,0.0
2024-03-08 00:00:00-05:00,19.709999084472656,19.850000381469727,19.670000076293945,19.790000915527344,2243700,0.0,0.0
2024-03-11 00:00:00-04:00,19.770000457763672,20.25,19.56999969482422,20.1200008392334,3072500,0.0,0.0
2024-03-12 00:00:00-04:00,20.110000610351562,20.299999237060547,19.920000076293945,20.270000457763672,2832500,0.0,0.0
2024-03-13 00:00:00-04:00,20.290000915527344,20.479999542236328,20.170000076293945,20.200000762939453,2765000,0.0,0.0
2024-03-14 00:00:00-04:00,20.200000762939453,20.209999084472656,19.170000076293945,19.270000457763672,4800200,0.0,0.0
2024-03-15 00:00:00-04:00,19.239999771118164,19.700000762939453,19.1299991607666,19.170000076293945,9872500,0.0,0.0
2024-03-18 00:00:00-04:00,19.1200008392334,19.510000228881836,19.06999969482422,19.34000015258789,2942400,0.0,0.0
2024-03-19 00:00:00-04:00,19.329999923706055,19.950000762939453,19.329999923706055,19.889999389648438,3578400,0.0,0.0
2024-03-20 00:00:00-04:00,19.8799991607666,19.8799991607666,19.299999237060547,19.540000915527344,2509300,0.0,0.0
2024-03-21 00:00:00-04:00,19.579999923706055,19.790000915527344,19.489999771118164,19.709999084472656,2001100,0.0,0.0
2024-03-22 00:00:00-04:00,19.610000610351562,19.700000762939453,19.290000915527344,19.440000534057617,2259800,0.0,0.0
2024-03-25 00:00:00-04:00,19.489999771118164,19.489999771118164,19.209999084472656,19.350000381469727,1370700,0.0,0.0
2024-03-26 00:00:00-04:00,19.469999313354492,19.469999313354492,19.350000381469727,19.399999618530273,2131500,0.0,0.0
2024-03-27 00:00:00-04:00,19.5,19.760000228881836,19.489999771118164,19.760000228881836,1632300,0.0,0.0
2024-03-28 00:00:00-04:00,19.760000228881836,19.829999923706055,19.68000030517578,19.809999465942383,1833800,0.0,0.0
2024-04-01 00:00:00-04:00,19.719999313354492,19.8799991607666,19.610000610351562,19.68000030517578,1941500,0.0,0.0
2024-04-02 00:00:00-04:00,19.559999465942383,19.65999984741211,19.360000610351562,19.6200008392334,3046000,0.0,0.0
2024-04-03 00:00:00-04:00,19.600000381469727,19.729999542236328,19.360000610351562,19.3799991607666,2333700,0.0,0.0
2024-04-04 00:00:00-04:00,19.579999923706055,19.809999465942383,19.350000381469727,19.510000228881836,2520500,0.0,0.0
2024-04-05 00:00:00-04:00,19.5,19.579999923706055,19.229999542236328,19.309999465942383,1935300,0.0,0.0
2024-04-08 00:00:00-04:00,19.290000915527344,19.540000915527344,19.270000457763672,19.350000381469727,1559200,0.0,0.0
2024-04-09 00:00:00-04:00,19.34000015258789,19.469999313354492,19.139999389648438,19.15999984741211,1542300,0.0,0.0
2024-04-10 00:00:00-04:00,18.920000076293945,18.969999313354492,18.6299991607666,18.690000534057617,4448800,0.0,0.0
2024-04-11 00:00:00-04:00,18.690000534057617,18.860000610351562,18.360000610351562,18.559999465942383,2983000,0.0,0.0
2024-04-12 00:00:00-04:00,18.399999618530273,18.610000610351562,18.360000610351562,18.43000030517578,1874400,0.0,0.0
2024-04-15 00:00:00-04:00,18.559999465942383,18.6299991607666,18.06999969482422,18.09000015258789,2677700,0.0,0.0
2024-04-16 00:00:00-04:00,18.010000228881836,18.200000762939453,17.950000762939453,17.969999313354492,2818300,0.0,0.0
2024-04-17 00:00:00-04:00,18.079999923706055,18.170000076293945,17.940000534057617,18.049999237060547,2450400,0.0,0.0
2024-04-18 00:00:00-04:00,18.1299991607666,18.18000030517578,18.020000457763672,18.170000076293945,3636800,0.0,0.0
2024-04-19 00:00:00-04:00,18.020000457763672,18.25,17.989999771118164,18.049999237060547,1973800,0.0,0.0
2024-04-22 00:00:00-04:00,18.170000076293945,18.649999618530273,18.079999923706055,18.6200008392334,3633100,0.0,0.0
2024-04-23 00:00:00-04:00,18.6299991607666,18.93000030517578,18.530000686645508,18.729999542236328,3709400,0.0,0.0
2024-04-24 00:00:00-04:00,19.219999313354492,20.06999969482422,19.079999923706055,19.18000030517578,6388200,0.0,0.0
2024-04-25 00:00:00-04:00,19.1299991607666,19.1299991607666,17.979999542236328,18.469999313354492,4165000,0.0,0.0
2024-04-26 00:00:00-04:00,18.420000076293945,18.540000915527344,18.290000915527344,18.360000610351562,3032200,0.0,0.0
2024-04-29 00:00:00-04:00,18.360000610351562,18.649999618530273,18.309999465942383,18.489999771118164,2358400,0.0,0.0
2024-04-30 00:00:00-04:00,18.3799991607666,18.520000457763672,18.209999084472656,18.31999969482422,3540100,0.0,0.0
2024-05-01 00:00:00-04:00,18.31999969482422,18.360000610351562,17.920000076293945,18.079999923706055,2946300,0.0,0.0
2024-05-02 00:00:00-04:00,18.219999313354492,18.530000686645508,18.200000762939453,18.43000030517578,2368200,0.0,0.0
2024-05-03 00:00:00-04:00,18.520000457763672,18.75,18.450000762939453,18.450000762939453,2231200,0.0,0.0
2024-05-06 00:00:00-04:00,18.6200008392334,18.93000030517578,18.600000381469727,18.670000076293945,2956300,0.0,0.0
2024-05-07 00:00:00-04:00,18.719999313354492,18.989999771118164,18.700000762939453,18.719999313354492,3150000,0.0,0.0
2024-05-08 00:00:00-04:00,18.610000610351562,18.940000534057617,18.59000015258789,18.75,3147200,0.0,0.0
2024-05-09 00:00:00-04:00,18.790000915527344,19.040000915527344,18.770000457763672,18.8700008392334,2462500,0.0,0.0
2024-05-10 00:00:00-04:00,18.899999618530273,18.899999618530273,18.600000381469727,18.65999984741211,2323200,0.0,0.0
2024-05-13 00:00:00-04:00,18.860000610351562,18.979999542236328,18.75,18.790000915527344,3091500,0.0,0.0
2024-05-14 00:00:00-04:00,18.889999389648438,19.079999923706055,18.729999542236328,19.040000915527344,3031600,0.0,0.0
2024-05-15 00:00:00-04:00,19.110000610351562,19.149999618530273,18.719999313354492,18.799999237060547,2675200,0.0,0.0
2024-05-16 00:00:00-04:00,18.829999923706055,18.889999389648438,18.649999618530273,18.690000534057617,1844900,0.0,0.0
2024-05-17 00:00:00-04:00,18.610000610351562,18.700000762939453,18.510000228881836,18.6200008392334,1599200,0.0,0.0
2024-05-20 00:00:00-04:00,18.600000381469727,18.690000534057617,18.299999237060547,18.34000015258789,2715100,0.0,0.0
2024-05-21 00:00:00-04:00,18.299999237060547,18.360000610351562,18.110000610351562,18.270000457763672,3078700,0.0,0.0
2024-05-22 00:00:00-04:00,18.18000030517578,18.25,17.860000610351562,17.8799991607666,3341300,0.0,0.0
2024-05-23 00:00:00-04:00,17.8799991607666,17.8799991607666,17.360000610351562,17.530000686645508,3371000,0.0,0.0
2024-05-24 00:00:00-04:00,17.649999618530273,17.690000534057617,17.389999389648438,17.579999923706055,3231000,0.0,0.0
2024-05-28 00:00:00-04:00,17.579999923706055,17.739999771118164,17.3799991607666,17.719999313354492,4371400,0.0,0.0
2024-05-29 00:00:00-04:00,17.6299991607666,17.709999084472656,17.40999984741211,17.549999237060547,3500900,0.0,0.0
2024-05-30 00:00:00-04:00,17.559999465942383,17.6299991607666,17.40999984741211,17.479999542236328,2455900,0.0,0.0
2024-05-31 00:00:00-04:00,17.5,17.809999465942383,17.459999084472656,17.790000915527344,3027600,0.0,0.0
2024-06-03 00:00:00-04:00,17.829999923706055,17.969999313354492,17.770000457763672,17.829999923706055,2623200,0.0,0.0
2024-06-04 00:00:00-04:00,17.780000686645508,17.8799991607666,17.6299991607666,17.68000030517578,2031500,0.0,0.0
2024-06-05 00:00:00-04:00,17.68000030517578,17.719999313354492,17.309999465942383,17.6200008392334,2165900,0.0,0.0
2024-06-06 00:00:00-04:00,17.56999969482422,17.799999237060547,17.489999771118164,17.770000457763672,1823300,0.0,0.0
2024-06-07 00:00:00-04:00,17.68000030517578,17.799999237060547,17.59000015258789,17.610000610351562,2160800,0.0,0.0
2024-06-10 00:00:00-04:00,17.520000457763672,17.65999984741211,17.420000076293945,17.469999313354492,2290700,0.0,0.0
2024-06-11 00:00:00-04:00,17.389999389648438,17.40999984741211,17.110000610351562,17.329999923706055,2323200,0.0,0.0
2024-06-12 00:00:00-04:00,17.559999465942383,17.65999984741211,17.260000228881836,17.31999969482422,2097900,0.0,0.0
2024-06-13 00:00:00-04:00,17.299999237060547,17.350000381469727,16.989999771118164,17.059999465942383,2831400,0.0,0.0
2024-06-14 00:00:00-04:00,16.979999542236328,17.25,16.90999984741211,17.229999542236328,2942600,0.0,0.0
2024-06-17 00:00:00-04:00,17.170000076293945,17.299999237060547,16.979999542236328,17.190000534057617,2075400,0.0,0.0
2024-06-18 00:00:00-04:00,17.15999984741211,17.270000457763672,16.899999618530273,17.06999969482422,2429300,0.0,0.0
2024-06-20 00:00:00-04:00,17.059999465942383,17.200000762939453,16.959999084472656,17.110000610351562,2108700,0.0,0.0
2024-06-21 00:00:00-04:00,17.18000030517578,17.90999984741211,17.020000457763672,17.81999969482422,28520800,0.0,0.0
2024-06-24 00:00:00-04:00,17.739999771118164,17.829999923706055,17.149999618530273,17.219999313354492,5359200,0.0,0.0
2024-06-25 00:00:00-04:00,17.209999084472656,17.229999542236328,16.469999313354492,16.489999771118164,4958300,0.0,0.0
2024-06-26 00:00:00-04:00,16.5,16.549999237060547,16.190000534057617,16.229999542236328,4447400,0.0,0.0
2024-06-27 00:00:00-04:00,16.209999084472656,16.510000228881836,16.079999923706055,16.309999465942383,3409700,0.0,0.0
2024-06-28 00:00:00-04:00,16.350000381469727,16.459999084472656,16.18000030517578,16.260000228881836,4037000,0.0,0.0
2024-07-01 00:00:00-04:00,16.329999923706055,16.329999923706055,16.1299991607666,16.219999313354492,2973400,0.0,0.0
2024-07-02 00:00:00-04:00,16.209999084472656,16.360000610351562,16.1299991607666,16.25,2527300,0.0,0.0
2024-07-03 00:00:00-04:00,16.309999465942383,16.389999389648438,16.09000015258789,16.3799991607666,2104000,0.0,0.0
2024-07-05 00:00:00-04:00,16.329999923706055,16.329999923706055,15.9399995803833,16.170000076293945,5006500,0.0,0.0
2024-07-08 00:00:00-04:00,16.219999313354492,16.40999984741211,16.15999984741211,16.229999542236328,2939100,0.0,0.0
2024-07-09 00:00:00-04:00,16.190000534057617,16.239999771118164,15.869999885559082,16.020000457763672,2915600,0.0,0.0
2024-07-10 00:00:00-04:00,16.030000686645508,16.31999969482422,16.020000457763672,16.309999465942383,2614000,0.0,0.0
2024-07-11 00:00:00-04:00,16.399999618530273,16.850000381469727,16.399999618530273,16.850000381469727,3685000,0.0,0.0
2024-07-12 00:00:00-04:00,16.959999084472656,16.989999771118164,16.770000457763672,16.780000686645508,1508400,0.0,0.0
2024-07-15 00:00:00-04:00,16.809999465942383,16.899999618530273,16.600000381469727,16.729999542236328,2733300,0.0,0.0
2024-07-16 00:00:00-04:00,16.790000915527344,17.030000686645508,16.610000610351562,17.020000457763672,2669700,0.0,0.0
2024-07-17 00:00:00-04:00,16.940000534057617,17.020000457763672,16.639999389648438,16.700000762939453,4738200,0.0,0.0
2024-07-18 00:00:00-04:00,16.65999984741211,16.959999084472656,16.530000686645508,16.540000915527344,3526500,0.0,0.0
2024-07-19 00:00:00-04:00,16.479999542236328,16.520000457763672,16.219999313354492,16.229999542236328,1980000,0.0,0.0
2024-07-22 00:00:00-04:00,16.260000228881836,19.530000686645508,16.010000228881836,18.68000030517578,34912200,0.0,0.0
2024-07-23 00:00:00-04:00,18.510000228881836,18.549999237060547,17.06999969482422,17.239999771118164,9929600,0.0,0.0
2024-07-24 00:00:00-04:00,17.700000762939453,19.15999984741211,17.59000015258789,18.93000030517578,10195800,0.0,0.0
2024-07-25 00:00:00-04:00,19.139999389648438,19.18000030517578,18.75,18.90999984741211,4762900,0.0,0.0
2024-07-26 00:00:00-04:00,19.049999237060547,19.290000915527344,18.84000015258789,19.170000076293945,3452000,0.0,0.0
2024-07-29 00:00:00-04:00,19.1299991607666,19.34000015258789,18.899999618530273,19.270000457763672,3209700,0.0,0.0
2024-07-30 00:00:00-04:00,19.309999465942383,19.68000030517578,19.18000030517578,19.600000381469727,2588600,0.0,0.0
2024-07-31 00:00:00-04:00,19.68000030517578,19.739999771118164,19.25,19.290000915527344,3001700,0.0,0.0
2024-08-01 00:00:00-04:00,19.299999237060547,19.559999465942383,19.139999389648438,19.170000076293945,3176500,0.0,0.0
2024-08-02 00:00:00-04:00,18.940000534057617,19.030000686645508,18.649999618530273,18.920000076293945,1723200,0.0,0.0
2024-08-05 00:00:00-04:00,18.09000015258789,18.600000381469727,17.899999618530273,18.31999969482422,2818400,0.0,0.0
2024-08-06 00:00:00-04:00,18.31999969482422,19.030000686645508,18.270000457763672,18.75,4672700,0.0,0.0
2024-08-07 00:00:00-04:00,18.850000381469727,19.299999237060547,18.520000457763672,18.540000915527344,2441400,0.0,0.0
2024-08-08 00:00:00-04:00,18.56999969482422,19.059999465942383,18.56999969482422,19.010000228881836,1959600,0.0,0.0
2024-08-09 00:00:00-04:00,19.030000686645508,19.110000610351562,18.790000915527344,18.959999084472656,2599500,0.0,0.0
2024-08-12 00:00:00-04:00,18.959999084472656,19.010000228881836,18.549999237060547,18.579999923706055,2161000,0.0,0.0
2024-08-13 00:00:00-04:00,18.579999923706055,18.93000030517578,18.5,18.860000610351562,2152900,0.0,0.0
2024-08-14 00:00:00-04:00,18.940000534057617,19.270000457763672,18.940000534057617,19.030000686645508,1744400,0.0,0.0
2024-08-15 00:00:00-04:00,19.3700008392334,19.489999771118164,19.170000076293945,19.350000381469727,1309500,0.0,0.0
2024-08-16 00:00:00-04:00,19.270000457763672,19.540000915527344,19.200000762939453,19.219999313354492,1411600,0.0,0.0
2024-08-19 00:00:00-04:00,19.219999313354492,19.360000610351562,19.049999237060547,19.06999969482422,1944400,0.0,0.0
2024-08-20 00:00:00-04:00,19.06999969482422,19.149999618530273,18.959999084472656,19.0,1625300,0.0,0.0
2024-08-21 00:00:00-04:00,19.149999618530273,19.350000381469727,19.030000686645508,19.270000457763672,1794400,0.0,0.0
2024-08-22 00:00:00-04:00,19.290000915527344,19.3799991607666,19.149999618530273,19.219999313354492,1960100,0.0,0.0
2024-08-23 00:00:00-04:00,19.25,19.559999465942383,19.25,19.549999237060547,1661300,0.0,0.0
2024-08-26 00:00:00-04:00,19.6299991607666,19.719999313354492,19.489999771118164,19.540000915527344,1348200,0.0,0.0
2024-08-27 00:00:00-04:00,19.5,19.59000015258789,19.420000076293945,19.520000457763672,1441800,0.0,0.0
2024-08-28 00:00:00-04:00,19.440000534057617,19.520000457763672,19.25,19.270000457763672,1778300,0.0,0.0
2024-08-29 00:00:00-04:00,19.299999237060547,19.40999984741211,19.06999969482422,19.139999389648438,2399600,0.0,0.0
2024-08-30 00:00:00-04:00,19.25,19.25,18.90999984741211,18.979999542236328,3682200,0.0,0.0
2024-09-03 00:00:00-04:00,18.93000030517578,18.989999771118164,18.639999389648438,18.700000762939453,1864300,0.0,0.0
2024-09-04 00:00:00-04:00,18.639999389648438,18.860000610351562,18.510000228881836,18.709999084472656,2279100,0.0,0.0
2024-09-05 00:00:00-04:00,18.790000915527344,18.81999969482422,18.510000228881836,18.65999984741211,1542600,0.0,0.0
2024-09-06 00:00:00-04:00,18.690000534057617,18.760000228881836,18.350000381469727,18.440000534057617,1497900,0.0,0.0
2024-09-09 00:00:00-04:00,18.43000030517578,19.049999237060547,18.15999984741211,18.979999542236328,3531300,0.0,0.0
2024-09-10 00:00:00-04:00,18.989999771118164,18.989999771118164,18.459999084472656,18.59000015258789,3179900,0.0,0.0
2024-09-11 00:00:00-04:00,18.5,18.5,18.010000228881836,18.229999542236328,2253800,0.0,0.0
2024-09-12 00:00:00-04:00,18.31999969482422,18.540000915527344,18.260000228881836,18.510000228881836,1509900,0.0,0.0
2024-09-13 00:00:00-04:00,18.59000015258789,19.149999618530273,18.59000015258789,19.010000228881836,3445100,0.0,0.0
2024-09-16 00:00:00-04:00,19.239999771118164,19.280000686645508,18.959999084472656,19.020000457763672,1949800,0.0,0.0
2024-09-17 00:00:00-04:00,19.100000381469727,19.350000381469727,19.0,19.260000228881836,1376400,0.0,0.0
2024-09-18 00:00:00-04:00,19.309999465942383,19.600000381469727,19.18000030517578,19.420000076293945,1921100,0.0,0.0
2024-09-19 00:00:00-04:00,19.770000457763672,19.799999237060547,19.34000015258789,19.540000915527344,2501200,0.0,0.0
2024-09-20 00:00:00-04:00,19.299999237060547,19.360000610351562,18.950000762939453,19.229999542236328,9397100,0.0,0.0
2024-09-23 00:00:00-04:00,19.3700008392334,19.3700008392334,19.020000457763672,19.149999618530273,1888600,0.0,0.0
2024-09-24 00:00:00-04:00,19.270000457763672,19.399999618530273,19.1200008392334,19.15999984741211,1715700,0.0,0.0
2024-09-25 00:00:00-04:00,19.1200008392334,19.170000076293945,18.719999313354492,18.770000457763672,2016600,0.0,0.0
2024-09-26 00:00:00-04:00,19.0,19.260000228881836,18.8799991607666,19.040000915527344,2285100,0.0,0.0
2024-09-27 00:00:00-04:00,19.15999984741211,19.280000686645508,18.860000610351562,19.040000915527344,1685000,0.0,0.0
2024-09-30 00:00:00-04:00,18.950000762939453,19.100000381469727,18.81999969482422,19.049999237060547,2039600,0.0,0.0
2024-10-01 00:00:00-04:00,19.06999969482422,19.200000762939453,18.829999923706055,19.1299991607666,2121600,0.0,0.0
2024-10-02 00:00:00-04:00,19.06999969482422,19.200000762939453,18.93000030517578,18.979999542236328,1447300,0.0,0.0
2024-10-03 00:00:00-04:00,18.950000762939453,19.020000457763672,18.690000534057617,18.969999313354492,2080100,0.0,0.0
2024-10-04 00:00:00-04:00,19.139999389648438,19.43000030517578,19.1200008392334,19.260000228881836,1809300,0.0,0.0
2024-10-07 00:00:00-04:00,19.209999084472656,19.3700008392334,19.0,19.350000381469727,1189800,0.0,0.0
2024-10-08 00:00:00-04:00,19.31999969482422,19.40999984741211,18.940000534057617,19.260000228881836,1283500,0.0,0.0
2024-10-09 00:00:00-04:00,19.270000457763672,19.350000381469727,19.15999984741211,19.260000228881836,1274200,0.0,0.0
2024-10-10 00:00:00-04:00,19.290000915527344,19.40999984741211,19.200000762939453,19.329999923706055,1768600,0.0,0.0
2024-10-11 00:00:00-04:00,19.309999465942383,19.459999084472656,19.18000030517578,19.219999313354492,2236900,0.0,0.0
2024-10-14 00:00:00-04:00,19.18000030517578,19.18000030517578,18.56999969482422,18.899999618530273,1928900,0.0,0.0
2024-10-15 00:00:00-04:00,18.860000610351562,19.110000610351562,18.59000015258789,18.65999984741211,2272400,0.0,0.0
2024-10-16 00:00:00-04:00,18.68000030517578,18.8799991607666,18.6200008392334,18.700000762939453,1960900,0.0,0.0
2024-10-17 00:00:00-04:00,18.719999313354492,18.719999313354492,18.540000915527344,18.639999389648438,1962800,0.0,0.0
2024-10-18 00:00:00-04:00,18.65999984741211,19.06999969482422,18.56999969482422,19.059999465942383,3722400,0.0,0.0
2024-10-21 00:00:00-04:00,18.989999771118164,19.06999969482422,18.399999618530273,18.420000076293945,2862800,0.0,0.0
2024-10-22 00:00:00-04:00,18.360000610351562,18.3799991607666,18.079999923706055,18.110000610351562,2365000,0.0,0.0
2024-10-23 00:00:00-04:00,17.969999313354492,18.110000610351562,17.700000762939453,17.780000686645508,4063500,0.0,0.0
2024-10-24 00:00:00-04:00,18.440000534057617,18.75,17.899999618530273,18.56999969482422,4836100,0.0,0.0
2024-10-25 00:00:00-04:00,18.729999542236328,19.299999237060547,18.709999084472656,19.0,3705900,0.0,0.0
2024-10-28 00:00:00-04:00,19.079999923706055,19.790000915527344,18.969999313354492,19.719999313354492,4054500,0.0,0.0
2024-10-29 00:00:00-04:00,19.690000534057617,20.06999969482422,19.540000915527344,19.829999923706055,3459300,0.0,0.0
2024-10-30 00:00:00-04:00,19.81999969482422,20.440000534057617,19.780000686645508,20.34000015258789,3633900,0.0,0.0
2024-10-31 00:00:00-04:00,20.389999389648438,20.600000381469727,20.219999313354492,20.3799991607666,2903900,0.0,0.0
2024-11-01 00:00:00-04:00,20.420000076293945,20.479999542236328,19.790000915527344,19.90999984741211,3388000,0.0,0.0
2024-11-04 00:00:00-05:00,19.899999618530273,20.290000915527344,19.860000610351562,20.010000228881836,2189800,0.0,0.0
2024-11-05 00:00:00-05:00,19.940000534057617,20.299999237060547,19.799999237060547,20.209999084472656,2317700,0.0,0.0
2024-11-06 00:00:00-05:00,20.399999618530273,20.43000030517578,18.690000534057617,18.799999237060547,4942200,0.0,0.0
2024-11-07 00:00:00-05:00,18.969999313354492,19.5,18.950000762939453,19.3799991607666,3278600,0.0,0.0
2024-11-08 00:00:00-05:00,19.270000457763672,19.920000076293945,19.209999084472656,19.549999237060547,2468500,0.0,0.0
2024-11-11 00:00:00-05:00,19.610000610351562,19.739999771118164,19.399999618530273,19.450000762939453,1989500,0.0,0.0
2024-11-12 00:00:00-05:00,19.280000686645508,19.3799991607666,18.799999237060547,18.84000015258789,3129900,0.0,0.0
2024-11-13 00:00:00-05:00,18.969999313354492,19.18000030517578,18.770000457763672,18.790000915527344,2474300,0.0,0.0
2024-11-14 00:00:00-05:00,18.780000686645508,19.18000030517578,18.780000686645508,18.989999771118164,1682600,0.0,0.0
2024-11-15 00:00:00-05:00,19.020000457763672,19.18000030517578,18.649999618530273,18.670000076293945,2686700,0.0,0.0
2024-11-18 00:00:00-05:00,18.6200008392334,18.700000762939453,18.360000610351562,18.420000076293945,2833900,0.0,0.0
2024-11-19 00:00:00-05:00,18.25,18.56999969482422,17.959999084472656,18.309999465942383,5456300,0.0,0.0
2024-11-20 00:00:00-05:00,18.239999771118164,18.520000457763672,18.15999984741211,18.350000381469727,6821100,0.0,0.0
2024-11-21 00:00:00-05:00,18.3700008392334,18.549999237060547,18.260000228881836,18.3799991607666,10049900,0.0,0.0
2024-11-22 00:00:00-05:00,18.5,18.700000762939453,18.350000381469727,18.690000534057617,12358200,0.0,0.0
2024-11-25 00:00:00-05:00,18.950000762939453,19.450000762939453,18.920000076293945,19.06999969482422,4703300,0.0,0.0
2024-11-26 00:00:00-05:00,19.09000015258789,19.09000015258789,18.40999984741211,18.6299991607666,3844900,0.0,0.0
2024-11-27 00:00:00-05:00,18.790000915527344,18.899999618530273,18.6200008392334,18.75,3023600,0.0,0.0
2024-11-29 00:00:00-05:00,18.899999618530273,19.100000381469727,18.8799991607666,19.020000457763672,1504200,0.0,0.0
2024-12-02 00:00:00-05:00,18.93000030517578,19.18000030517578,18.790000915527344,18.920000076293945,2617700,0.0,0.0
2024-12-03 00:00:00-05:00,18.920000076293945,18.940000534057617,18.690000534057617,18.799999237060547,2232400,0.0,0.0
2024-12-04 00:00:00-05:00,18.709999084472656,20.219999313354492,18.6200008392334,19.860000610351562,5947200,0.0,0.0
2024-12-05 00:00:00-05:00,19.790000915527344,19.950000762939453,19.68000030517578,19.760000228881836,2169300,0.0,0.0
2024-12-06 00:00:00-05:00,19.920000076293945,20.0,19.329999923706055,19.360000610351562,2243000,0.0,0.0
2024-12-09 00:00:00-05:00,19.440000534057617,19.469999313354492,19.110000610351562,19.1299991607666,1593800,0.0,0.0
2024-12-10 00:00:00-05:00,19.06999969482422,19.440000534057617,18.989999771118164,19.030000686645508,2029000,0.0,0.0
2024-12-11 00:00:00-05:00,19.110000610351562,19.229999542236328,18.959999084472656,19.190000534057617,1883900,0.0,0.0
2024-12-12 00:00:00-05:00,19.110000610351562,19.3700008392334,19.0,19.31999969482422,1601900,0.0,0.0
2024-12-13 00:00:00-05:00,19.219999313354492,19.309999465942383,18.700000762939453,18.8700008392334,2103900,0.0,0.0
2024-12-16 00:00:00-05:00,18.829999923706055,19.18000030517578,18.770000457763672,18.8700008392334,2748600,0.0,0.0
2024-12-17 00:00:00-05:00,18.850000381469727,19.010000228881836,18.5,18.65999984741211,2113900,0.0,0.0
2024-12-18 00:00:00-05:00,18.6200008392334,18.8700008392334,18.100000381469727,18.149999618530273,2304700,0.0,0.0
2024-12-19 00:00:00-05:00,18.139999389648438,18.31999969482422,17.670000076293945,17.809999465942383,3299500,0.0,0.0
2024-12-20 00:00:00-05:00,17.6200008392334,17.989999771118164,17.579999923706055,17.860000610351562,14453600,0.0,0.0
2024-12-23 00:00:00-05:00,17.770000457763672,17.8799991607666,17.579999923706055,17.81999969482422,2242700,0.0,0.0
2024-12-24 00:00:00-05:00,17.889999389648438,17.950000762939453,17.739999771118164,17.940000534057617,1149900,0.0,0.0
2024-12-26 00:00:00-05:00,17.850000381469727,18.09000015258789,17.780000686645508,18.0,2160400,0.0,0.0
2024-12-27 00:00:00-05:00,17.940000534057617,18.190000534057617,17.899999618530273,17.959999084472656,1505800,0.0,0.0
2024-12-30 00:00:00-05:00,17.829999923706055,17.899999618530273,17.579999923706055,17.68000030517578,1252300,0.0,0.0
2024-12-31 00:00:00-05:00,17.719999313354492,17.81999969482422,17.56999969482422,17.729999542236328,2041700,0.0,0.0
2025-01-02 00:00:00-05:00,17.780000686645508,17.93000030517578,17.600000381469727,17.729999542236328,1429100,0.0,0.0
2025-01-03 00:00:00-05:00,17.75,17.979999542236328,17.709999084472656,17.940000534057617,1543400,0.0,0.0
2025-01-06 00:00:00-05:00,18.059999465942383,18.6299991607666,18.040000915527344,18.329999923706055,3562700,0.0,0.0
2025-01-07 00:00:00-05:00,18.3700008392334,18.489999771118164,17.989999771118164,18.260000228881836,2715400,0.0,0.0
2025-01-08 00:00:00-05:00,18.110000610351562,18.469999313354492,17.989999771118164,18.43000030517578,2519300,0.0,0.0
2025-01-10 00:00:00-05:00,18.260000228881836,18.739999771118164,18.25,18.68000030517578,3341000,0.0,0.0
2025-01-13 00:00:00-05:00,18.559999465942383,18.670000076293945,18.3799991607666,18.420000076293945,3177400,0.0,0.0
2025-01-14 00:00:00-05:00,18.5,18.530000686645508,17.979999542236328,18.18000030517578,2854700,0.0,0.0
2025-01-15 00:00:00-05:00,18.389999389648438,18.510000228881836,17.75,17.860000610351562,2430500,0.0,0.0
2025-01-16 00:00:00-05:00,17.850000381469727,17.969999313354492,17.6299991607666,17.940000534057617,2039500,0.0,0.0
2025-01-17 00:00:00-05:00,18.079999923706055,18.110000610351562,17.809999465942383,17.93000030517578,2398600,0.0,0.0
2025-01-21 00:00:00-05:00,18.1200008392334,18.209999084472656,17.860000610351562,18.0,2613000,0.0,0.0
2025-01-22 00:00:00-05:00,18.040000915527344,18.170000076293945,17.950000762939453,18.030000686645508,2177700,0.0,0.0
2025-01-23 00:00:00-05:00,17.920000076293945,18.190000534057617,17.920000076293945,18.1200008392334,2211500,0.0,0.0
2025-01-24 00:00:00-05:00,18.209999084472656,18.270000457763672,18.049999237060547,18.18000030517578,2085500,0.0,0.0
2025-01-27 00:00:00-05:00,18.200000762939453,18.649999618530273,18.200000762939453,18.579999923706055,3331700,0.0,0.0
2025-01-28 00:00:00-05:00,18.56999969482422,18.719999313354492,18.360000610351562,18.65999984741211,2099000,0.0,0.0
2025-01-29 00:00:00-05:00,19.020000457763672,19.020000457763672,18.600000381469727,18.780000686645508,2510700,0.0,0.0
2025-01-30 00:00:00-05:00,18.850000381469727,19.190000534057617,18.809999465942383,19.059999465942383,2022500,0.0,0.0
2025-01-31 00:00:00-05:00,18.93000030517578,19.049999237060547,18.610000610351562,18.639999389648438,2307400,0.0,0.0
2025-02-03 00:00:00-05:00,18.020000457763672,18.15999984741211,17.719999313354492,17.780000686645508,3781600,0.0,0.0
2025-02-04 00:00:00-05:00,17.969999313354492,18.25,17.809999465942383,18.06999969482422,4922700,0.0,0.0
2025-02-05 00:00:00-05:00,21.270000457763672,21.350000381469727,20.18000030517578,20.84000015258789,18413900,0.0,0.0
2025-02-06 00:00:00-05:00,20.969999313354492,21.8799991607666,20.84000015258789,21.43000030517578,7901300,0.0,0.0
2025-02-07 00:00:00-05:00,21.469999313354492,21.6299991607666,21.200000762939453,21.479999542236328,4131400,0.0,0.0
2025-02-10 00:00:00-05:00,21.600000381469727,21.6200008392334,20.90999984741211,21.299999237060547,4591500,0.0,0.0
2025-02-11 00:00:00-05:00,21.270000457763672,21.899999618530273,21.219999313354492,21.850000381469727,3801000,0.0,0.0
2025-02-12 00:00:00-05:00,21.719999313354492,22.040000915527344,21.6200008392334,21.719999313354492,3665900,0.0,0.0
2025-02-13 00:00:00-05:00,21.790000915527344,22.030000686645508,21.68000030517578,21.920000076293945,4306300,0.0,0.0
2025-02-14 00:00:00-05:00,21.93000030517578,22.06999969482422,21.8799991607666,21.940000534057617,3730800,0.0,0.0
2025-02-18 00:00:00-05:00,21.959999084472656,22.040000915527344,21.549999237060547,21.790000915527344,4228400,0.0,0.0
2025-02-19 00:00:00-05:00,21.670000076293945,21.809999465942383,21.559999465942383,21.780000686645508,3366900,0.0,0.0
2025-02-20 00:00:00-05:00,21.8799991607666,22.010000228881836,21.780000686645508,21.799999237060547,3347700,0.0,0.0
2025-02-21 00:00:00-05:00,21.799999237060547,21.920000076293945,20.989999771118164,21.149999618530273,4653200,0.0,0.0
2025-02-24 00:00:00-05:00,21.299999237060547,21.350000381469727,21.0,21.190000534057617,4114700,0.0,0.0
2025-02-25 00:00:00-05:00,21.190000534057617,21.850000381469727,21.1200008392334,21.559999465942383,5388000,0.0,0.0
2025-02-26 00:00:00-05:00,21.559999465942383,21.610000610351562,21.1299991607666,21.25,3634600,0.0,0.0
2025-02-27 00:00:00-05:00,21.170000076293945,21.450000762939453,21.020000457763672,21.209999084472656,4757500,0.0,0.0
2025-02-28 00:00:00-05:00,21.25,21.459999084472656,21.110000610351562,21.299999237060547,4982100,0.0,0.0
2025-03-03 00:00:00-05:00,21.420000076293945,21.5,20.8700008392334,21.020000457763672,3066600,0.0,0.0
2025-03-04 00:00:00-05:00,20.899999618530273,20.90999984741211,20.280000686645508,20.450000762939453,3994000,0.0,0.0
2025-03-05 00:00:00-05:00,20.450000762939453,20.639999389648438,20.110000610351562,20.56999969482422,3231000,0.0,0.0
2025-03-06 00:00:00-05:00,20.3799991607666,20.770000457763672,20.280000686645508,20.670000076293945,2492100,0.0,0.0
2025-03-07 00:00:00-05:00,20.600000381469727,21.06999969482422,20.479999542236328,21.0,2993400,0.0,0.0
2025-03-10 00:00:00-04:00,20.8700008392334,21.34000015258789,20.799999237060547,20.8700008392334,3953400,0.0,0.0
2025-03-11 00:00:00-04:00,20.729999542236328,20.850000381469727,20.31999969482422,20.65999984741211,3089100,0.0,0.0
2025-03-12 00:00:00-04:00,20.65999984741211,20.739999771118164,20.229999542236328,20.489999771118164,3124800,0.0,0.0
2025-03-13 00:00:00-04:00,20.520000457763672,20.610000610351562,19.6299991607666,19.65999984741211,2939100,0.0,0.0
2025-03-14 00:00:00-04:00,19.850000381469727,19.959999084472656,19.649999618530273,19.75,3672500,0.0,0.0
2025-03-17 00:00:00-04:00,19.6200008392334,20.260000228881836,19.6200008392334,20.170000076293945,3466200,0.0,0.0
2025-03-18 00:00:00-04:00,20.1299991607666,20.350000381469727,19.889999389648438,19.959999084472656,2735200,0.0,0.0
2025-03-19 00:00:00-04:00,19.93000030517578,20.25,19.780000686645508,20.1299991607666,2673000,0.0,0.0
2025-03-20 00:00:00-04:00,20.0,20.260000228881836,19.950000762939453,20.030000686645508,2302100,0.0,0.0
2025-03-21 00:00:00-04:00,19.829999923706055,20.18000030517578,19.639999389648438,19.799999237060547,22651200,0.0,0.0
2025-03-24 00:00:00-04:00,19.950000762939453,20.239999771118164,19.90999984741211,20.170000076293945,3167400,0.0,0.0
2025-03-25 00:00:00-04:00,20.219999313354492,20.219999313354492,19.579999923706055,19.68000030517578,2203300,0.0,0.0
2025-03-26 00:00:00-04:00,19.770000457763672,19.940000534057617,19.65999984741211,19.760000228881836,1909900,0.0,0.0
2025-03-27 00:00:00-04:00,19.729999542236328,19.899999618530273,19.639999389648438,19.670000076293945,1708100,0.0,0.0
2025-03-28 00:00:00-04:00,19.559999465942383,19.639999389648438,19.209999084472656,19.299999237060547,2365300,0.0,0.0
2025-03-31 00:00:00-04:00,19.1299991607666,19.540000915527344,19.010000228881836,19.43000030517578,3323000,0.0,0.0
2025-04-01 00:00:00-04:00,19.420000076293945,19.65999984741211,19.290000915527344,19.43000030517578,2766900,0.0,0.0
2025-04-02 00:00:00-04:00,19.299999237060547,19.90999984741211,19.229999542236328,19.8700008392334,2986700,0.0,0.0
2025-04-03 00:00:00-04:00,18.56999969482422,18.610000610351562,16.56999969482422,16.579999923706055,9848900,0.0,0.0
2025-04-04 00:00:00-04:00,16.0,16.780000686645508,15.4399995803833,16.450000762939453,10118300,0.0,0.0
2025-04-07 00:00:00-04:00,15.970000267028809,16.920000076293945,15.520000457763672,15.779999732971191,7016900,0.0,0.0
2025-04-08 00:00:00-04:00,16.389999389648438,16.389999389648438,14.569999694824219,14.6899995803833,5597500,0.0,0.0
2025-04-09 00:00:00-04:00,14.390000343322754,16.229999542236328,14.0600004196167,15.859999656677246,9352100,0.0,0.0
2025-04-10 00:00:00-04:00,15.3100004196167,15.34000015258789,14.260000228881836,14.770000457763672,6138300,0.0,0.0
2025-04-11 00:00:00-04:00,14.5600004196167,15.039999961853027,13.949999809265137,15.039999961853027,6031900,0.0,0.0
2025-04-14 00:00:00-04:00,15.359999656677246,15.539999961853027,14.800000190734863,15.239999771118164,5638400,0.0,0.0
2025-04-15 00:00:00-04:00,15.15999984741211,15.430000305175781,14.75,14.920000076293945,4288500,0.0,0.0
2025-04-16 00:00:00-04:00,14.949999809265137,15.029999732971191,14.489999771118164,14.640000343322754,5248300,0.0,0.0
2025-04-17 00:00:00-04:00,14.619999885559082,14.960000038146973,14.520000457763672,14.829999923706055,4774100,0.0,0.0
2025-04-21 00:00:00-04:00,14.649999618530273,14.720000267028809,14.260000228881836,14.550000190734863,3576900,0.0,0.0
2025-04-22 00:00:00-04:00,14.779999732971191,15.020000457763672,14.529999732971191,14.579999923706055,3984200,0.0,0.0
2025-04-23 00:00:00-04:00,15.119999885559082,15.859999656677246,15.010000228881836,15.25,6094800,0.0,0.0
2025-04-24 00:00:00-04:00,15.399999618530273,15.899999618530273,15.399999618530273,15.770000457763672,5116000,0.0,0.0
2025-04-25 00:00:00-04:00,15.850000381469727,15.850000381469727,15.479999542236328,15.680000305175781,3685100,0.0,0.0
2025-04-28 00:00:00-04:00,15.75,16.010000228881836,15.59000015258789,15.720000267028809,3760100,0.0,0.0
2025-04-29 00:00:00-04:00,15.630000114440918,15.9399995803833,15.579999923706055,15.75,3056200,0.0,0.0
2025-04-30 00:00:00-04:00,15.609999656677246,15.920000076293945,15.34000015258789,15.890000343322754,3940700,0.0,0.0
2025-05-01 00:00:00-04:00,15.880000114440918,16.110000610351562,15.739999771118164,15.869999885559082,4810600,0.0,0.0
2025-05-02 00:00:00-04:00,16.149999618530273,16.420000076293945,15.979999542236328,16.3799991607666,5878000,0.0,0.0
2025-05-05 00:00:00-04:00,16.1299991607666,16.43000030517578,16.110000610351562,16.200000762939453,5681500,0.0,0.0
2025-05-06 00:00:00-04:00,15.989999771118164,16.940000534057617,15.75,16.649999618530273,7799000,0.0,0.0
2025-05-07 00:00:00-04:00,16.84000015258789,17.520000457763672,16.65999984741211,17.43000030517578,8259400,0.0,0.0
2025-05-08 00:00:00-04:00,17.59000015258789,17.729999542236328,16.510000228881836,17.270000457763672,7660800,0.0,0.0
2025-05-09 00:00:00-04:00,17.3799991607666,17.5,17.170000076293945,17.239999771118164,3028000,0.0,0.0
2025-05-12 00:00:00-04:00,18.479999542236328,19.149999618530273,18.440000534057617,19.0,6825500,0.0,0.0
2025-05-13 00:00:00-04:00,19.100000381469727,19.799999237060547,18.90999984741211,19.670000076293945,8023500,0.0,0.0
2025-05-14 00:00:00-04:00,19.579999923706055,19.799999237060547,19.459999084472656,19.780000686645508,5365500,0.0,0.0
2025-05-15 00:00:00-04:00,19.8799991607666,20.200000762939453,19.790000915527344,20.1200008392334,5073200,0.0,0.0
2025-05-16 00:00:00-04:00,20.049999237060547,20.270000457763672,20.010000228881836,20.100000381469727,4265400,0.0,0.0
2025-05-19 00:00:00-04:00,19.799999237060547,20.280000686645508,19.780000686645508,20.0,3930800,0.0,0.0
2025-05-20 00:00:00-04:00,20.030000686645508,20.149999618530273,19.719999313354492,19.829999923706055,2493000,0.0,0.0
2025-05-21 00:00:00-04:00,19.520000457763672,19.690000534057617,19.31999969482422,19.31999969482422,2511400,0.0,0.0
2025-05-22 00:00:00-04:00,19.290000915527344,19.479999542236328,19.229999542236328,19.440000534057617,2731800,0.0,0.0
2025-05-23 00:00:00-04:00,18.899999618530273,19.200000762939453,18.8799991607666,19.010000228881836,2876300,0.0,0.0
2025-05-27 00:00:00-04:00,19.15999984741211,19.510000228881836,18.90999984741211,19.489999771118164,3228800,0.0,0.0
2025-05-28 00:00:00-04:00,19.489999771118164,19.5,18.979999542236328,19.030000686645508,3374400,0.0,0.0
2025-05-29 00:00:00-04:00,19.040000915527344,19.389999389648438,18.979999542236328,19.389999389648438,2694000,0.0,0.0
2025-05-30 00:00:00-04:00,19.31999969482422,19.31999969482422,18.790000915527344,18.940000534057617,3835100,0.0,0.0
2025-06-02 00:00:00-04:00,18.889999389648438,18.920000076293945,18.389999389648438,18.56999969482422,3310000,0.0,0.0
2025-06-03 00:00:00-04:00,18.540000915527344,18.8700008392334,18.260000228881836,18.739999771118164,2681300,0.0,0.0
2025-06-04 00:00:00-04:00,18.729999542236328,18.979999542236328,18.520000457763672,18.65999984741211,2493800,0.0,0.0
2025-06-05 00:00:00-04:00,18.6200008392334,18.84000015258789,18.510000228881836,18.530000686645508,2191300,0.0,0.0
2025-06-06 00:00:00-04:00,18.6299991607666,18.889999389648438,18.530000686645508,18.860000610351562,1821200,0.0,0.0
2025-06-09 00:00:00-04:00,18.93000030517578,19.270000457763672,18.899999618530273,19.059999465942383,2147800,0.0,0.0
2025-06-10 00:00:00-04:00,19.059999465942383,19.399999618530273,19.059999465942383,19.290000915527344,1921100,0.0,0.0
2025-06-11 00:00:00-04:00,19.3799991607666,19.5,19.149999618530273,19.25,1591000,0.0,0.0
2025-06-12 00:00:00-04:00,19.190000534057617,19.600000381469727,19.09000015258789,19.299999237060547,2105600,0.0,0.0
2025-06-13 00:00:00-04:00,19.09000015258789,19.270000457763672,18.68000030517578,18.799999237060547,1885600,0.0,0.0
2025-06-16 00:00:00-04:00,19.139999389648438,19.360000610351562,18.81999969482422,19.329999923706055,2488100,0.0,0.0
2025-06-17 00:00:00-04:00,19.229999542236328,19.229999542236328,18.690000534057617,18.850000381469727,2938600,0.0,0.0
2025-06-18 00:00:00-04:00,18.850000381469727,19.200000762939453,18.850000381469727,18.969999313354492,2394200,0.0,0.0
2025-06-20 00:00:00-04:00,19.06999969482422,19.149999618530273,18.719999313354492,19.059999465942383,6495300,0.0,0.0
2025-06-23 00:00:00-04:00,18.93000030517578,19.190000534057617,18.670000076293945,19.1200008392334,2367600,0.0,0.0
2025-06-24 00:00:00-04:00,19.209999084472656,19.530000686645508,18.899999618530273,19.459999084472656,2801700,0.0,0.0
2025-06-25 00:00:00-04:00,19.479999542236328,19.489999771118164,19.09000015258789,19.15999984741211,5135500,0.0,0.0
2025-06-26 00:00:00-04:00,19.170000076293945,19.5,19.149999618530273,19.469999313354492,2335100,0.0,0.0
2025-06-27 00:00:00-04:00,19.639999389648438,19.84000015258789,19.469999313354492,19.799999237060547,4113100,0.0,0.0
2025-06-30 00:00:00-04:00,19.770000457763672,19.81999969482422,19.459999084472656,19.719999313354492,2165900,0.0,0.0
2025-07-01 00:00:00-04:00,19.729999542236328,20.360000610351562,19.6299991607666,20.219999313354492,3217800,0.0,0.0
2025-07-02 00:00:00-04:00,20.299999237060547,20.600000381469727,19.950000762939453,20.549999237060547,3271900,0.0,0.0
2025-07-03 00:00:00-04:00,20.469999313354492,20.56999969482422,20.309999465942383,20.420000076293945,2074900,0.0,0.0
2025-07-07 00:00:00-04:00,20.270000457763672,20.459999084472656,19.989999771118164,20.0,1871400,0.0,0.0
2025-07-08 00:00:00-04:00,20.0,20.239999771118164,19.950000762939453,20.09000015258789,4232300,0.0,0.0
2025-07-09 00:00:00-04:00,20.34000015258789,20.389999389648438,19.90999984741211,20.139999389648438,2365100,0.0,0.0
2025-07-10 00:00:00-04:00,20.1299991607666,20.43000030517578,20.110000610351562,20.219999313354492,2601600,0.0,0.0
2025-07-11 00:00:00-04:00,20.1299991607666,20.170000076293945,19.780000686645508,19.969999313354492,3725700,0.0,0.0
2025-07-14 00:00:00-04:00,19.950000762939453,20.0,19.739999771118164,19.940000534057617,2437100,0.0,0.0
2025-07-15 00:00:00-04:00,19.940000534057617,20.020000457763672,19.459999084472656,19.479999542236328,2855300,0.0,0.0
2025-07-16 00:00:00-04:00,19.530000686645508,19.65999984741211,19.270000457763672,19.600000381469727,3284200,0.0,0.0
2025-07-17 00:00:00-04:00,19.600000381469727,19.709999084472656,19.420000076293945,19.489999771118164,3443700,0.0,0.0
2025-07-18 00:00:00-04:00,19.530000686645508,19.549999237060547,19.18000030517578,19.3799991607666,3000500,0.0,0.0
2025-07-21 00:00:00-04:00,19.43000030517578,19.90999984741211,19.43000030517578,19.8799991607666,5059400,0.0,0.0
2025-07-22 00:00:00-04:00,19.950000762939453,20.329999923706055,19.8799991607666,19.889999389648438,4995300,0.0,0.0
2025-07-23 00:00:00-04:00,20.170000076293945,20.399999618530273,19.690000534057617,20.200000762939453,5747000,0.0,0.0
2025-07-24 00:00:00-04:00,18.8799991607666,18.969999313354492,16.8700008392334,16.889999389648438,17454900,0.0,0.0
2025-07-25 00:00:00-04:00,17.059999465942383,17.5,16.829999923706055,17.43000030517578,10169800,0.0,0.0
2025-07-28 00:00:00-04:00,17.540000915527344,17.81999969482422,17.270000457763672,17.65999984741211,7148900,0.0,0.0
2025-07-29 00:00:00-04:00,17.65999984741211,17.760000228881836,17.25,17.40999984741211,4720900,0.0,0.0
2025-07-30 00:00:00-04:00,17.420000076293945,17.489999771118164,17.09000015258789,17.149999618530273,5377000,0.0,0.0
2025-07-31 00:00:00-04:00,17.1200008392334,17.15999984741211,16.809999465942383,17.010000228881836,5274700,0.0,0.0
2025-08-01 00:00:00-04:00,16.90999984741211,17.100000381469727,16.729999542236328,16.860000610351562,5349700,0.0,0.0
2025-08-04 00:00:00-04:00,16.989999771118164,17.149999618530273,16.8799991607666,17.010000228881836,4272300,0.0,0.0
2025-08-05 00:00:00-04:00,17.059999465942383,17.149999618530273,16.940000534057617,16.989999771118164,5058500,0.0,0.0
2025-08-06 00:00:00-04:00,17.139999389648438,17.399999618530273,17.049999237060547,17.299999237060547,4545100,0.0,0.0
2025-08-07 00:00:00-04:00,17.40999984741211,17.43000030517578,17.09000015258789,17.290000915527344,5301800,0.0,0.0
2025-08-08 00:00:00-04:00,17.329999923706055,17.389999389648438,17.100000381469727,17.1299991607666,3900100,0.0,0.0
2025-08-11 00:00:00-04:00,17.139999389648438,17.450000762939453,17.1299991607666,17.329999923706055,3147600,0.0,0.0
2025-08-12 00:00:00-04:00,17.5,17.959999084472656,17.40999984741211,17.940000534057617,4594100,0.0,0.0
2025-08-13 00:00:00-04:00,18.020000457763672,18.299999237060547,17.889999389648438,18.270000457763672,3924200,0.0,0.0
2025-08-14 00:00:00-04:00,18.040000915527344,18.329999923706055,18.0,18.280000686645508,2770100,0.0,0.0
2025-08-15 00:00:00-04:00,18.350000381469727,18.360000610351562,18.079999923706055,18.18000030517578,2710100,0.0,0.0
2025-08-18 00:00:00-04:00,18.200000762939453,18.219999313354492,17.90999984741211,17.950000762939453,3063200,0.0,0.0
2025-08-19 00:00:00-04:00,17.979999542236328,18.15999984741211,17.649999618530273,17.65999984741211,3095100,0.0,0.0
2025-08-20 00:00:00-04:00,17.579999923706055,17.81999969482422,17.40999984741211,17.700000762939453,3650000,0.0,0.0
2025-08-21 00:00:00-04:00,17.510000228881836,17.799999237060547,17.5,17.770000457763672,2540600,0.0,0.0
2025-08-22 00:00:00-04:00,17.889999389648438,18.440000534057617,17.799999237060547,18.360000610351562,2408500,0.0,0.0
2025-08-25 00:00:00-04:00,18.290000915527344,18.34000015258789,18.149999618530273,18.280000686645508,2396600,0.0,0.0
2025-08-26 00:00:00-04:00,18.350000381469727,18.690000534057617,18.309999465942383,18.530000686645508,2807000,0.0,0.0
2025-08-27 00:00:00-04:00,18.549999237060547,18.790000915527344,18.520000457763672,18.530000686645508,3017700,0.0,0.0
2025-08-28 00:00:00-04:00,18.690000534057617,18.690000534057617,18.170000076293945,18.459999084472656,2509500,0.0,0.0
2025-08-29 00:00:00-04:00,18.399999618530273,18.469999313354492,18.110000610351562,18.299999237060547,2924500,0.0,0.0
2025-09-02 00:00:00-04:00,18.09000015258789,18.18000030517578,17.889999389648438,18.1200008392334,3310600,0.0,0.0
2025-09-03 00:00:00-04:00,18.049999237060547,18.329999923706055,18.0,18.229999542236328,2104600,0.0,0.0
2025-09-04 00:00:00-04:00,18.299999237060547,18.670000076293945,18.1200008392334,18.649999618530273,2424100,0.0,0.0
2025-09-05 00:00:00-04:00,18.700000762939453,19.079999923706055,18.649999618530273,18.81999969482422,2515200,0.0,0.0
2025-09-08 00:00:00-04:00,18.709999084472656,18.709999084472656,18.219999313354492,18.5,2436100,0.0,0.0
2025-09-09 00:00:00-04:00,18.40999984741211,18.510000228881836,18.209999084472656,18.329999923706055,2137700,0.0,0.0
2025-09-10 00:00:00-04:00,18.200000762939453,18.219999313354492,17.670000076293945,17.93000030517578,2973900,0.0,0.0
2025-09-11 00:00:00-04:00,17.93000030517578,18.100000381469727,17.860000610351562,18.0,3267800,0.0,0.0
2025-09-12 00:00:00-04:00,17.8700008392334,17.90999984741211,17.719999313354492,17.739999771118164,3184000,0.0,0.0
2025-09-15 00:00:00-04:00,17.920000076293945,17.93000030517578,17.3799991607666,17.420000076293945,3414500,0.0,0.0
2025-09-16 00:00:00-04:00,17.479999542236328,17.520000457763672,17.200000762939453,17.3799991607666,3112200,0.0,0.0
2025-09-17 00:00:00-04:00,17.440000534057617,17.549999237060547,17.06999969482422,17.239999771118164,3996400,0.0,0.0
2025-09-18 00:00:00-04:00,17.299999237060547,17.399999618530273,17.110000610351562,17.329999923706055,2967800,0.0,0.0
2025-09-19 00:00:00-04:00,17.299999237060547,17.299999237060547,16.93000030517578,17.079999923706055,4899500,0.0,0.0
2025-09-22 00:00:00-04:00,17.09000015258789,17.3799991607666,16.989999771118164,17.079999923706055,3270500,0.0,0.0
2025-09-23 00:00:00-04:00,17.149999618530273,17.239999771118164,17.040000915527344,17.049999237060547,2107500,0.0,0.0
2025-09-24 00:00:00-04:00,17.059999465942383,17.149999618530273,16.899999618530273,17.1200008392334,2436900,0.0,0.0
2025-09-25 00:00:00-04:00,17.059999465942383,17.100000381469727,16.6299991607666,16.65999984741211,3083900,0.0,0.0
2025-09-26 00:00:00-04:00,16.709999084472656,16.93000030517578,16.6299991607666,16.899999618530273,2639600,0.0,0.0
2025-09-29 00:00:00-04:00,17.0,17.0,16.6200008392334,16.959999084472656,2671700,0.0,0.0
2025-09-30 00:00:00-04:00,16.940000534057617,16.959999084472656,16.559999465942383,16.829999923706055,2672900,0.0,0.0
2025-10-01 00:00:00-04:00,16.850000381469727,17.31999969482422,16.75,17.280000686645508,3551700,0.0,0.0
2025-10-02 00:00:00-04:00,17.360000610351562,17.40999984741211,16.950000762939453,17.219999313354492,3293900,0.0,0.0
2025-10-03 00:00:00-04:00,17.31999969482422,18.25,17.299999237060547,18.059999465942383,6406200,0.0,0.0
2025-10-06 00:00:00-04:00,18.040000915527344,19.1299991607666,17.860000610351562,18.06999969482422,9779400,0.0,0.0
2025-10-07 00:00:00-04:00,18.079999923706055,18.219999313354492,17.889999389648438,18.0,3980400,0.0,0.0
2025-10-08 00:00:00-04:00,18.020000457763672,18.43000030517578,17.8799991607666,18.40999984741211,2969600,0.0,0.0
2025-10-09 00:00:00-04:00,18.489999771118164,18.5,18.010000228881836,18.100000381469727,3525200,0.0,0.0
2025-10-10 00:00:00-04:00,18.15999984741211,18.15999984741211,17.040000915527344,17.100000381469727,5605400,0.0,0.0
2025-10-13 00:00:00-04:00,17.299999237060547,17.469999313354492,17.260000228881836,17.299999237060547,3609500,0.0,0.0
2025-10-14 00:00:00-04:00,17.0,18.010000228881836,16.950000762939453,17.799999237060547,3564500,0.0,0.0
2025-10-15 00:00:00-04:00,18.0,18.25,17.739999771118164,17.860000610351562,2940300,0.0,0.0
2025-10-16 00:00:00-04:00,17.8700008392334,18.219999313354492,17.790000915527344,18.100000381469727,3671400,0.0,0.0
2025-10-17 00:00:00-04:00,18.139999389648438,18.489999771118164,18.059999465942383,18.40999984741211,3490300,0.0,0.0
2025-10-20 00:00:00-04:00,18.43000030517578,18.540000915527344,18.270000457763672,18.3700008392334,3004500,0.0,0.0
2025-10-21 00:00:00-04:00,18.360000610351562,19.0,18.270000457763672,18.81999969482422,6461000,0.0,0.0
2025-10-22 00:00:00-04:00,17.549999237060547,18.8700008392334,17.0,18.299999237060547,9497800,0.0,0.0
2025-10-23 00:00:00-04:00,18.1299991607666,19.290000915527344,18.110000610351562,19.18000030517578,6495800,0.0,0.0
2025-10-24 00:00:00-04:00,19.190000534057617,19.209999084472656,18.40999984741211,18.450000762939453,5847200,0.0,0.0
2025-10-27 00:00:00-04:00,18.6200008392334,19.34000015258789,18.579999923706055,19.040000915527344,5042500,0.0,0.0
2025-10-28 00:00:00-04:00,18.979999542236328,19.440000534057617,18.65999984741211,19.229999542236328,3815200,0.0,0.0
2025-10-29 00:00:00-04:00,19.139999389648438,19.40999984741211,18.959999084472656,19.030000686645508,4035700,0.0,0.0
2025-10-30 00:00:00-04:00,18.790000915527344,19.09000015258789,18.559999465942383,18.59000015258789,4385800,0.0,0.0
2025-10-31 00:00:00-04:00,18.5,18.540000915527344,18.06999969482422,18.3799991607666,4978900,0.0,0.0
2025-11-03 00:00:00-05:00,18.299999237060547,18.56999969482422,18.1200008392334,18.440000534057617,4425900,0.0,0.0
2025-11-04 00:00:00-05:00,18.290000915527344,18.479999542236328,18.229999542236328,18.329999923706055,3240400,0.0,0.0
2025-11-05 00:00:00-05:00,18.34000015258789,19.170000076293945,18.31999969482422,19.059999465942383,4506400,0.0,0.0
2025-11-06 00:00:00-05:00,19.100000381469727,19.399999618530273,18.6299991607666,18.670000076293945,3361400,0.0,0.0
2025-11-07 00:00:00-05:00,18.6299991607666,18.90999984741211,18.520000457763672,18.729999542236328,2984700,0.0,0.0
2025-11-10 00:00:00-05:00,18.829999923706055,19.18000030517578,18.799999237060547,19.15999984741211,2711400,0.0,0.0
2025-11-11 00:00:00-05:00,19.270000457763672,19.399999618530273,19.209999084472656,19.229999542236328,3125500,0.0,0.0
2025-11-12 00:00:00-05:00,19.3799991607666,19.739999771118164,19.229999542236328,19.600000381469727,2993100,0.0,0.0
2025-11-13 00:00:00-05:00,19.5,19.760000228881836,19.459999084472656,19.559999465942383,2722400,0.0,0.0
2025-11-14 00:00:00-05:00,19.350000381469727,19.559999465942383,19.1200008392334,19.34000015258789,3182800,0.0,0.0
2025-11-17 00:00:00-05:00,19.1200008392334,19.239999771118164,18.690000534057617,18.719999313354492,3681100,0.0,0.0
2025-11-18 00:00:00-05:00,18.5,18.850000381469727,18.31999969482422,18.719999313354492,3035400,0.0,0.0
2025-11-19 00:00:00-05:00,18.739999771118164,18.90999984741211,18.469999313354492,18.56999969482422,2888100,0.0,0.0
2025-11-20 00:00:00-05:00,18.93000030517578,19.389999389648438,18.709999084472656,19.0,4492400,0.0,0.0
2025-11-21 00:00:00-05:00,19.200000762939453,19.979999542236328,19.1299991607666,19.829999923706055,3359600,0.0,0.0
2025-11-24 00:00:00-05:00,19.799999237060547,20.309999465942383,19.729999542236328,20.049999237060547,3414600,0.0,0.0
2025-11-25 00:00:00-05:00,20.09000015258789,20.90999984741211,20.059999465942383,20.760000228881836,4401800,0.0,0.0
2025-11-26 00:00:00-05:00,20.75,21.450000762939453,20.600000381469727,21.239999771118164,5267900,0.0,0.0
2025-11-28 00:00:00-05:00,21.209999084472656,21.399999618530273,21.049999237060547,21.1200008392334,2202200,0.0,0.0
2025-12-01 00:00:00-05:00,21.049999237060547,21.31999969482422,20.899999618530273,20.959999084472656,3695900,0.0,0.0
2025-12-02 00:00:00-05:00,20.989999771118164,21.059999465942383,20.149999618530273,20.31999969482422,4096900,0.0,0.0
2025-12-03 00:00:00-05:00,20.360000610351562,21.31999969482422,20.270000457763672,21.229999542236328,5569000,0.0,0.0
2025-12-04 00:00:00-05:00,21.190000534057617,21.389999389648438,21.020000457763672,21.1299991607666,3042700,0.0,0.0
2025-12-05 00:00:00-05:00,21.170000076293945,21.350000381469727,21.09000015258789,21.149999618530273,2989800,0.0,0.0
2025-12-08 00:00:00-05:00,21.149999618530273,21.270000457763672,20.100000381469727,20.43000030517578,7217500,0.0,0.0
2025-12-09 00:00:00-05:00,20.399999618530273,20.5,19.84000015258789,20.200000762939453,3665800,0.0,0.0
2025-12-10 00:00:00-05:00,20.260000228881836,20.979999542236328,20.209999084472656,20.920000076293945,4250000,0.0,0.0
2025-12-11 00:00:00-05:00,20.940000534057617,21.3799991607666,20.860000610351562,20.989999771118164,3503300,0.0,0.0
2025-12-12 00:00:00-05:00,21.0,21.100000381469727,20.139999389648438,20.209999084472656,3639000,0.0,0.0
2025-12-15 00:00:00-05:00,20.34000015258789,20.459999084472656,20.059999465942383,20.43000030517578,4430300,0.0,0.0
2025-12-16 00:00:00-05:00,20.40999984741211,20.6299991607666,20.110000610351562,20.520000457763672,3886600,0.0,0.0
2025-12-17 00:00:00-05:00,20.31999969482422,20.559999465942383,20.149999618530273,20.34000015258789,2993500,0.0,0.0
2025-12-18 00:00:00-05:00,20.540000915527344,20.690000534057617,20.350000381469727,20.459999084472656,3812600,0.0,0.0
2025-12-19 00:00:00-05:00,20.469999313354492,20.5,19.93000030517578,20.06999969482422,16492000,0.0,0.0
2025-12-22 00:00:00-05:00,20.06999969482422,20.079999923706055,19.690000534057617,19.799999237060547,3328400,0.0,0.0
2025-12-23 00:00:00-05:00,19.809999465942383,19.979999542236328,19.719999313354492,19.8799991607666,2186400,0.0,0.0
2025-12-24 00:00:00-05:00,19.93000030517578,20.110000610351562,19.809999465942383,19.969999313354492,984000,0.0,0.0
2025-12-26 00:00:00-05:00,19.979999542236328,20.290000915527344,19.93000030517578,20.260000228881836,1963900,0.0,0.0
2025-12-29 00:00:00-05:00,20.219999313354492,20.25,19.90999984741211,19.979999542236328,2290900,0.0,0.0
2025-12-30 00:00:00-05:00,19.950000762939453,20.06999969482422,19.8799991607666,19.989999771118164,2208800,0.0,0.0
2025-12-31 00:00:00-05:00,19.93000030517578,20.079999923706055,19.81999969482422,19.84000015258789,1572800,0.0,0.0
2026-01-02 00:00:00-05:00,20.0,20.079999923706055,19.6299991607666,20.040000915527344,2586400,0.0,0.0
2026-01-05 00:00:00-05:00,19.940000534057617,20.729999542236328,19.940000534057617,20.56999969482422,3852600,0.0,0.0
2026-01-06 00:00:00-05:00,20.56999969482422,21.290000915527344,20.360000610351562,21.270000457763672,4761700,0.0,0.0
2026-01-07 00:00:00-05:00,21.239999771118164,21.8700008392334,21.06999969482422,21.6299991607666,3939400,0.0,0.0
2026-01-08 00:00:00-05:00,21.459999084472656,22.260000228881836,21.450000762939453,22.15999984741211,3809200,0.0,0.0
2026-01-09 00:00:00-05:00,21.790000915527344,22.010000228881836,21.100000381469727,21.479999542236328,4587600,0.0,0.0
2026-01-12 00:00:00-05:00,21.34000015258789,21.639999389648438,21.09000015258789,21.459999084472656,2164300,0.0,0.0
2026-01-13 00:00:00-05:00,21.389999389648438,21.809999465942383,21.360000610351562,21.709999084472656,2776900,0.0,0.0
2026-01-14 00:00:00-05:00,21.600000381469727,21.760000228881836,21.0,21.15999984741211,3484800,0.0,0.0
2026-01-15 00:00:00-05:00,21.280000686645508,21.760000228881836,21.200000762939453,21.75,2690800,0.0,0.0
2026-01-16 00:00:00-05:00,21.649999618530273,21.68000030517578,20.93000030517578,21.040000915527344,2258800,0.0,0.0
2026-01-20 00:00:00-05:00,20.559999465942383,20.860000610351562,20.40999984741211,20.6299991607666,3008800,0.0,0.0
2026-01-21 00:00:00-05:00,20.770000457763672,21.219999313354492,20.649999618530273,21.110000610351562,1879000,0.0,0.0
2026-01-22 00:00:00-05:00,21.229999542236328,21.350000381469727,20.760000228881836,20.8799991607666,2196600,0.0,0.0
2026-01-23 00:00:00-05:00,20.790000915527344,21.010000228881836,20.459999084472656,20.670000076293945,2659200,0.0,0.0
2026-01-26 00:00:00-05:00,20.610000610351562,20.84000015258789,20.600000381469727,20.610000610351562,1809400,0.0,0.0
2026-01-27 00:00:00-05:00,20.600000381469727,20.610000610351562,20.18000030517578,20.229999542236328,1638000,0.0,0.0
2026-01-28 00:00:00-05:00,20.260000228881836,20.489999771118164,20.1299991607666,20.350000381469727,1865300,0.0,0.0
2026-01-29 00:00:00-05:00,20.389999389648438,20.799999237060547,20.100000381469727,20.770000457763672,2755800,0.0,0.0
2026-01-30 00:00:00-05:00,20.75,20.920000076293945,20.459999084472656,20.889999389648438,2932200,0.0,0.0
2026-02-02 00:00:00-05:00,20.770000457763672,21.290000915527344,20.59000015258789,21.239999771118164,2969700,0.0,0.0
2026-02-03 00:00:00-05:00,21.309999465942383,21.690000534057617,21.020000457763672,21.190000534057617,2770700,0.0,0.0
2026-02-04 00:00:00-05:00,21.200000762939453,21.399999618530273,20.920000076293945,21.290000915527344,4627100,0.0,0.0
2026-02-05 00:00:00-05:00,21.190000534057617,21.440000534057617,20.889999389648438,21.110000610351562,2497200,0.0,0.0
2026-02-06 00:00:00-05:00,21.1200008392334,21.540000915527344,21.06999969482422,21.489999771118164,2762200,0.0,0.0
2026-02-09 00:00:00-05:00,21.43000030517578,21.739999771118164,21.329999923706055,21.540000915527344,3078500,0.0,0.0
2026-02-10 00:00:00-05:00,21.540000915527344,22.479999542236328,21.0,21.059999465942383,16259700,0.0,0.0
2026-02-11 00:00:00-05:00,15.079999923706055,16.459999084472656,15.050000190734863,15.800000190734863,40089400,0.0,0.0
2026-02-12 00:00:00-05:00,16.0,16.219999313354492,14.75,15.850000381469727,18508800,0.0,0.0
2026-02-13 00:00:00-05:00,16.139999389648438,16.729999542236328,16.100000381469727,16.469999313354492,9761000,0.0,0.0
2026-02-17 00:00:00-05:00,16.5,17.309999465942383,16.489999771118164,16.84000015258789,9472300,0.0,0.0
2026-02-18 00:00:00-05:00,16.809999465942383,17.530000686645508,16.700000762939453,17.280000686645508,7299000,0.0,0.0
2026-02-19 00:00:00-05:00,17.229999542236328,17.540000915527344,17.100000381469727,17.420000076293945,6611500,0.0,0.0
2026-02-20 00:00:00-05:00,17.200000762939453,18.239999771118164,17.170000076293945,17.40999984741211,7986100,0.0,0.0
2026-02-23 00:00:00-05:00,17.260000228881836,17.540000915527344,17.0,17.229999542236328,7476500,0.0,0.0
2026-02-24 00:00:00-05:00,17.280000686645508,17.559999465942383,17.270000457763672,17.5,5195200,0.0,0.0
2026-02-25 00:00:00-05:00,17.40999984741211,17.520000457763672,16.68000030517578,16.850000381469727,7474200,0.0,0.0
2026-02-26 00:00:00-05:00,16.940000534057617,17.309999465942383,16.93000030517578,17.079999923706055,5767000,0.0,0.0
2026-02-27 00:00:00-05:00,16.739999771118164,17.040000915527344,16.68000030517578,16.950000762939453,5694900,0.0,0.0
2026-03-02 00:00:00-05:00,16.59000015258789,16.639999389648438,16.209999084472656,16.399999618530273,3975800,0.0,0.0
2026-03-03 00:00:00-05:00,16.219999313354492,16.350000381469727,15.720000267028809,16.139999389648438,4601900,0.0,0.0
2026-03-04 00:00:00-05:00,16.170000076293945,16.260000228881836,15.819999694824219,15.84000015258789,7012400,0.0,0.0
2026-03-05 00:00:00-05:00,15.899999618530273,16.100000381469727,15.729999542236328,16.030000686645508,6565600,0.0,0.0
2026-03-06 00:00:00-05:00,15.789999961853027,16.059999465942383,15.550000190734863,15.899999618530273,4036200,0.0,0.0
2026-03-09 00:00:00-04:00,15.65999984741211,16.06999969482422,15.319999694824219,16.010000228881836,4004500,0.0,0.0
2026-03-10 00:00:00-04:00,15.9399995803833,16.270000457763672,15.619999885559082,16.040000915527344,3219600,0.0,0.0
2026-03-11 00:00:00-04:00,16.3700008392334,16.3700008392334,16.049999237060547,16.110000610351562,3098600,0.0,0.0
2026-03-12 00:00:00-04:00,15.9399995803833,16.3799991607666,15.819999694824219,16.219999313354492,4466200,0.0,0.0
2026-03-13 00:00:00-04:00,16.3700008392334,16.3799991607666,15.960000038146973,16.059999465942383,2717200,0.0,0.0
2026-03-16 00:00:00-04:00,16.170000076293945,16.270000457763672,15.739999771118164,15.760000228881836,3486400,0.0,0.0
2026-03-17 00:00:00-04:00,15.880000114440918,16.049999237060547,15.680000305175781,15.699999809265137,3207100,0.0,0.0
2026-03-18 00:00:00-04:00,15.5,15.720000267028809,14.899999618530273,14.90999984741211,4620600,0.0,0.0
2026-03-19 00:00:00-04:00,14.880000114440918,15.270000457763672,14.800000190734863,15.0,6165900,0.0,0.0
2026-03-20 00:00:00-04:00,14.90999984741211,15.220000267028809,14.75,14.829999923706055,6272500,0.0,0.0
2026-03-23 00:00:00-04:00,15.170000076293945,15.369999885559082,14.930000305175781,15.079999923706055,4292400,0.0,0.0
2026-03-24 00:00:00-04:00,14.899999618530273,15.239999771118164,14.8100004196167,14.949999809265137,5232500,0.0,0.0
2026-03-25 00:00:00-04:00,15.050000190734863,15.15999984741211,14.5600004196167,14.869999885559082,4449000,0.0,0.0
2026-03-26 00:00:00-04:00,14.75,15.0,14.579999923706055,14.619999885559082,3013900,0.0,0.0
2026-03-27 00:00:00-04:00,14.550000190734863,14.600000381469727,14.25,14.300000190734863,4337600,0.0,0.0
2026-03-30 00:00:00-04:00,14.369999885559082,14.479999542236328,14.100000381469727,14.15999984741211,5517200,0.0,0.0
2026-03-31 00:00:00-04:00,14.369999885559082,14.65999984741211,14.149999618530273,14.529999732971191,4235900,0.0,0.0
2026-04-01 00:00:00-04:00,14.529999732971191,14.65999984741211,14.300000190734863,14.5600004196167,4719200,0.0,0.0
2026-04-02 00:00:00-04:00,14.350000381469727,14.710000038146973,14.220000267028809,14.359999656677246,4285300,0.0,0.0
2026-04-06 00:00:00-04:00,14.300000190734863,14.5600004196167,14.239999771118164,14.510000228881836,4030300,0.0,0.0
2026-04-07 00:00:00-04:00,14.4399995803833,14.720000267028809,14.319999694824219,14.420000076293945,4174400,0.0,0.0
2026-04-08 00:00:00-04:00,14.880000114440918,15.079999923706055,14.380000114440918,14.449999809265137,4969200,0.0,0.0
2026-04-09 00:00:00-04:00,14.380000114440918,14.739999771118164,14.180000305175781,14.640000343322754,4020600,0.0,0.0
2026-04-10 00:00:00-04:00,14.720000267028809,14.880000114440918,14.489999771118164,14.640000343322754,3091000,0.0,0.0
2026-04-13 00:00:00-04:00,14.479999542236328,14.539999961853027,14.279999732971191,14.529999732971191,3243400,0.0,0.0
2026-04-14 00:00:00-04:00,14.5600004196167,14.869999885559082,14.539999961853027,14.550000190734863,4925700,0.0,0.0
2026-04-15 00:00:00-04:00,14.59000015258789,14.859999656677246,14.460000038146973,14.84000015258789,3703700,0.0,0.0
2026-04-16 00:00:00-04:00,14.84000015258789,15.109999656677246,14.789999961853027,15.0,4954500,0.0,0.0
2026-04-17 00:00:00-04:00,15.140000343322754,15.479999542236328,15.130000114440918,15.1899995803833,3582600,0.0,0.0
2026-04-20 00:00:00-04:00,15.0600004196167,15.130000114440918,14.869999885559082,14.90999984741211,3503100,0.0,0.0
2026-04-21 00:00:00-04:00,15.069999694824219,15.220000267028809,14.479999542236328,14.880000114440918,7231500,0.0,0.0
2026-04-22 00:00:00-04:00,14.989999771118164,15.229999542236328,14.819999694824219,15.149999618530273,5590400,0.0,0.0
2026-04-23 00:00:00-04:00,15.210000038146973,15.430000305175781,14.6899995803833,14.760000228881836,3857600,0.0,0.0
2026-04-24 00:00:00-04:00,14.75,14.960000038146973,14.520000457763672,14.539999961853027,3940200,0.0,0.0
2026-04-27 00:00:00-04:00,14.59000015258789,15.010000228881836,14.550000190734863,14.720000267028809,3574300,0.0,0.0
2026-04-28 00:00:00-04:00,14.819999694824219,15.0,14.630000114440918,14.789999961853027,5212900,0.0,0.0
2026-04-29 00:00:00-04:00,14.789999961853027,15.300000190734863,14.699999809265137,14.890000343322754,7049400,0.0,0.0
2026-04-30 00:00:00-04:00,14.65999984741211,15.180000305175781,14.5,15.079999923706055,8237100,0.0,0.0
2026-05-01 00:00:00-04:00,15.109999656677246,15.350000381469727,14.699999809265137,14.930000305175781,5641600,0.0,0.0
2026-05-04 00:00:00-04:00,14.899999618530273,15.079999923706055,14.640000343322754,14.850000381469727,3593600,0.0,0.0
2026-05-05 00:00:00-04:00,14.859999656677246,14.979999542236328,14.579999923706055,14.720000267028809,4391100,0.0,0.0
2026-05-06 00:00:00-04:00,14.970000267028809,15.399999618530273,14.970000267028809,15.079999923706055,5102200,0.0,0.0
2026-05-07 00:00:00-04:00,15.100000381469727,15.350000381469727,14.850000381469727,15.0,2997400,0.0,0.0
2026-05-08 00:00:00-04:00,15.199999809265137,15.5600004196167,15.039999961853027,15.390000343322754,6535300,0.0,0.0
2026-05-11 00:00:00-04:00,15.319999694824219,15.390000343322754,14.899999618530273,14.989999771118164,4115600,0.0,0.0
2026-05-12 00:00:00-04:00,15.149999618530273,15.510000228881836,15.039999961853027,15.180000305175781,6142600,0.0,0.0
2026-05-13 00:00:00-04:00,15.0,15.09000015258789,14.720000267028809,14.819999694824219,5092000,0.0,0.0
2026-05-14 00:00:00-04:00,14.920000076293945,15.199999809265137,14.869999885559082,15.109999656677246,3799600,0.0,0.0
2026-05-15 00:00:00-04:00,15.130000114440918,15.3100004196167,14.930000305175781,15.149999618530273,4829200,0.0,0.0
2026-05-18 00:00:00-04:00,15.220000267028809,15.430000305175781,14.920000076293945,14.9399995803833,3923400,0.0,0.0
2026-05-19 00:00:00-04:00,14.960000038146973,15.149999618530273,14.75,15.0,3458800,0.0,0.0
2026-05-20 00:00:00-04:00,14.960000038146973,14.989999771118164,14.260000228881836,14.890000343322754,6408900,0.0,0.0
2026-05-21 00:00:00-04:00,14.699999809265137,15.109999656677246,14.3100004196167,14.970000267028809,4367400,0.0,0.0
2026-05-22 00:00:00-04:00,14.960000038146973,15.210000038146973,14.960000038146973,15.09000015258789,3966100,0.0,0.0
2026-05-26 00:00:00-04:00,15.100000381469727,15.350000381469727,15.010000228881836,15.069999694824219,3671400,0.0,0.0
2026-05-27 00:00:00-04:00,15.140000343322754,15.390000343322754,14.880000114440918,14.899999618530273,3624700,0.0,0.0
2026-05-28 00:00:00-04:00,14.859999656677246,15.109999656677246,14.779999732971191,14.890000343322754,3320200,0.0,0.0
2026-05-29 00:00:00-04:00,14.84000015258789,15.100000381469727,14.8100004196167,14.9399995803833,4204900,0.0,0.0
2026-06-01 00:00:00-04:00,14.930000305175781,14.930000305175781,14.5600004196167,14.859999656677246,4161200,0.0,0.0
2026-06-02 00:00:00-04:00,14.819999694824219,14.829999923706055,14.1899995803833,14.369999885559082,4415200,0.0,0.0
2026-06-03 00:00:00-04:00,14.300000190734863,14.449999809265137,14.260000228881836,14.34000015258789,2941400,0.0,0.0
2026-06-04 00:00:00-04:00,14.510000228881836,14.529999732971191,14.029999732971191,14.199999809265137,3399300,0.0,0.0
2026-06-05 00:00:00-04:00,14.220000267028809,14.270000457763672,13.949999809265137,14.079999923706055,3841200,0.0,0.0
2026-06-08 00:00:00-04:00,14.020000457763672,14.399999618530273,13.989999771118164,14.210000038146973,4050500,0.0,0.0
2026-06-09 00:00:00-04:00,14.260000228881836,14.770000457763672,14.210000038146973,14.489999771118164,3818900,0.0,0.0
2026-06-10 00:00:00-04:00,14.420000076293945,14.770000457763672,14.210000038146973,14.6899995803833,5704800,0.0,0.0
2026-06-11 00:00:00-04:00,14.609999656677246,14.75,14.369999885559082,14.65999984741211,3605200,0.0,0.0
2026-06-12 00:00:00-04:00,14.739999771118164,14.899999618530273,14.640000343322754,14.649999618530273,3364000,0.0,0.0
2026-06-15 00:00:00-04:00,14.6899995803833,14.899999618530273,14.270000457763672,14.350000381469727,4826300,0.0,0.0
2026-06-16 00:00:00-04:00,14.369999885559082,14.510000228881836,14.069999694824219,14.130000114440918,3351000,0.0,0.0
2026-06-17 00:00:00-04:00,14.130000114440918,14.220000267028809,13.619999885559082,13.670000076293945,5044300,0.0,0.0
2026-06-18 00:00:00-04:00,13.770000457763672,14.329999923706055,13.65999984741211,14.039999961853027,9904200,0.0,0.0
2026-06-22 00:00:00-04:00,13.890000343322754,14.079999923706055,13.779999732971191,13.890000343322754,3395700,0.0,0.0
2026-06-23 00:00:00-04:00,13.930000305175781,13.949999809265137,13.619999885559082,13.770000457763672,4119700,0.0,0.0
2026-06-24 00:00:00-04:00,13.770000457763672,14.050000190734863,13.640000343322754,13.880000114440918,3738900,0.0,0.0
2026-06-25 00:00:00-04:00,13.829999923706055,14.170000076293945,13.680000305175781,13.8100004196167,2908700,0.0,0.0
2026-06-26 00:00:00-04:00,,,,,5861370,0.0,0.0
