Date,Open,High,Low,Close,Volume,Dividends,Stock Splits
1986-11-26 00:00:00-05:00,2.371423349887531,2.5160221005425605,2.371423349887531,2.4003427028656006,210000,0.0,0.0
1986-11-28 00:00:00-05:00,2.4003433201471394,2.4003433201471394,2.342503937395241,2.3714239597320557,315600,0.0,0.0
1986-12-01 00:00:00-05:00,2.371423349887531,2.4003427028656006,2.371423349887531,2.4003427028656006,363000,0.0,0.0
1986-12-02 00:00:00-05:00,2.4003427028656006,2.4581827326648606,2.371423349887531,2.4003427028656006,287700,0.0,0.0
1986-12-03 00:00:00-05:00,2.4003427028656006,2.4581827326648606,2.371423349887531,2.4003427028656006,268200,0.0,0.0
1986-12-04 00:00:00-05:00,2.4003432456946396,2.4581832885742188,2.37142388617656,2.4581832885742188,94200,0.0,0.0
1986-12-05 00:00:00-05:00,2.4581824437105255,2.4871017932891846,2.3714230711315833,2.4871017932891846,144300,0.0,0.0
1986-12-08 00:00:00-05:00,2.4871017932891846,2.4871017932891846,2.4003424207102424,2.4871017932891846,407100,0.0,0.0
1986-12-09 00:00:00-05:00,2.4871026480922978,2.5160226695320875,2.429263267134429,2.4581832885742188,211800,0.0,0.0
1986-12-10 00:00:00-05:00,2.429262717765231,2.429262717765231,2.4003427028656006,2.4003427028656006,162000,0.0,0.0
1986-12-11 00:00:00-05:00,2.4003433201471394,2.487102725235852,2.3714239597320557,2.3714239597320557,52200,0.0,0.0
1986-12-12 00:00:00-05:00,2.37142388617656,2.4871026480922978,2.37142388617656,2.4581832885742188,158400,0.0,0.0
1986-12-15 00:00:00-05:00,2.4581833648207683,2.487102725235852,2.3714239597320557,2.3714239597320557,241200,0.0,0.0
1986-12-16 00:00:00-05:00,2.371423039369347,2.4581824107862564,2.371423039369347,2.429262399673462,117300,0.0,0.0
1986-12-17 00:00:00-05:00,2.429263342483954,2.4581833648207683,2.3714239597320557,2.3714239597320557,74100,0.0,0.0
1986-12-18 00:00:00-05:00,2.4003427028656006,2.4581827326648606,2.4003427028656006,2.4003427028656006,70200,0.0,0.0
1986-12-19 00:00:00-05:00,2.4003432456946396,2.4871026480922978,2.4003432456946396,2.4581832885742188,38700,0.0,0.0
1986-12-22 00:00:00-05:00,2.4581827326648606,2.4871020856429302,2.4003427028656006,2.4003427028656006,456300,0.0,0.0
1986-12-23 00:00:00-05:00,2.4003424207102424,2.4871017932891846,2.3714230711315833,2.4871017932891846,305700,0.0,0.0
1986-12-24 00:00:00-05:00,2.4871017932891846,2.4871017932891846,2.4871017932891846,2.4871017932891846,5700,0.0,0.0
1986-12-26 00:00:00-05:00,2.4871017932891846,2.4871017932891846,2.4003424207102424,2.4871017932891846,16800,0.0,0.0
1986-12-29 00:00:00-05:00,2.4871017932891846,2.4871017932891846,2.4003424207102424,2.4871017932891846,2700,0.0,0.0
1986-12-30 00:00:00-05:00,2.4871026480922978,2.4871026480922978,2.37142388617656,2.4581832885742188,163200,0.0,0.0
1986-12-31 00:00:00-05:00,2.4581833648207683,2.4581833648207683,2.3714239597320557,2.3714239597320557,31200,0.0,0.0
1987-01-02 00:00:00-05:00,2.3714230711315833,2.4871017932891846,2.3714230711315833,2.4871017932891846,86400,0.0,0.0
1987-01-05 00:00:00-05:00,2.487101759977577,2.487101759977577,2.429262399673462,2.429262399673462,133200,0.0,0.0
1987-01-06 00:00:00-05:00,2.429262399673462,2.487101759977577,2.429262399673462,2.429262399673462,131400,0.0,0.0
1987-01-07 00:00:00-05:00,2.429262969341021,2.5738617349707766,2.429262969341021,2.5449423789978027,246000,0.0,0.0
1987-01-08 00:00:00-05:00,2.5449418162894677,2.5738611658681267,2.4871017932891846,2.4871017932891846,61200,0.0,0.0
1987-01-09 00:00:00-05:00,2.4871019343899636,2.66062068939209,2.4871019343899636,2.66062068939209,294300,0.0,0.0
1987-01-12 00:00:00-05:00,2.66062068939209,2.66062068939209,2.544941960671686,2.66062068939209,150000,0.0,0.0
1987-01-13 00:00:00-05:00,2.6606208481703844,2.6895408630371094,2.5738614654917678,2.6895408630371094,153000,0.0,0.0
1987-01-14 00:00:00-05:00,2.689540654898445,2.747380018234253,2.602781278933979,2.747380018234253,211800,0.0,0.0
1987-01-15 00:00:00-05:00,2.7473800668931525,2.8052200931748748,2.66062068939209,2.66062068939209,287100,0.0,0.0
1987-01-16 00:00:00-05:00,2.6606208481703844,2.776300245715726,2.6606208481703844,2.6895408630371094,503700,0.0,0.0
1987-01-19 00:00:00-05:00,2.689540654898445,2.776300030862911,2.689540654898445,2.747380018234253,139500,0.0,0.0
1987-01-20 00:00:00-05:00,2.747380018234253,2.776300030862911,2.660620642269787,2.747380018234253,79500,0.0,0.0
1987-01-21 00:00:00-05:00,2.7473800668931525,2.7763000800340136,2.66062068939209,2.66062068939209,53700,0.0,0.0
1987-01-22 00:00:00-05:00,2.66062068939209,2.7763000800340136,2.66062068939209,2.66062068939209,30600,0.0,0.0
1987-01-23 00:00:00-05:00,2.6606205368787808,2.7473799094065834,2.6606205368787808,2.7184605598449707,30900,0.0,0.0
1987-01-26 00:00:00-05:00,2.718460877903835,2.718460877903835,2.602781480358493,2.6895408630371094,237000,0.0,0.0
1987-01-27 00:00:00-05:00,2.6895405483618755,2.7184605598449707,2.631701187317168,2.7184605598449707,30000,0.0,0.0
1987-01-28 00:00:00-05:00,2.7184605598449707,2.7184605598449707,2.6027811758340733,2.7184605598449707,41100,0.0,0.0
1987-01-29 00:00:00-05:00,2.718460877903835,2.718460877903835,2.602781480358493,2.6895408630371094,291300,0.0,0.0
1987-01-30 00:00:00-05:00,2.689540836666163,2.718460851249328,2.6027814548382224,2.6317014694213867,158700,0.0,0.0
1987-02-02 00:00:00-05:00,2.6317014952252187,2.7473802308490005,2.6317014952252187,2.6895408630371094,23400,0.0,0.0
1987-02-03 00:00:00-05:00,2.689540610180338,2.834139347076416,2.689540610180338,2.834139347076416,116400,0.0,0.0
1987-02-04 00:00:00-05:00,2.834139260987594,3.0654980272994434,2.74737988910102,3.007658004760742,121500,0.0,0.0
1987-02-05 00:00:00-05:00,3.065496038389938,3.2968539926740856,3.065496038389938,3.123335361480713,332700,0.0,0.0
1987-02-06 00:00:00-05:00,3.123337387916667,3.296856131689815,3.007658004760742,3.007658004760742,113100,0.0,0.0
1987-02-09 00:00:00-05:00,3.0654969215393066,3.1811756010471184,3.0654969215393066,3.0654969215393066,25500,0.0,0.0
1987-02-10 00:00:00-05:00,3.0654987044687805,3.2390174865722656,3.0654987044687805,3.2390174865722656,100500,0.0,0.0
1987-02-11 00:00:00-05:00,3.2390156027222625,3.2390156027222625,3.0654969215393066,3.0654969215393066,62100,0.0,0.0
1987-02-12 00:00:00-05:00,3.0654987044687805,3.2390174865722656,3.0654987044687805,3.2390174865722656,10800,0.0,0.0
1987-02-13 00:00:00-05:00,3.2390146695833106,3.2390146695833106,3.065496038389938,3.123335361480713,24900,0.0,0.0
1987-02-17 00:00:00-05:00,3.123338077862734,3.2390174865722656,3.123338077862734,3.2390174865722656,39300,0.0,0.0
1987-02-18 00:00:00-05:00,3.2390174865722656,3.2390174865722656,3.123338077862734,3.2390174865722656,41400,0.0,0.0
1987-02-19 00:00:00-05:00,3.2390169261720017,3.3546956529456917,3.123337537476802,3.1811769008636475,72900,0.0,0.0
1987-02-20 00:00:00-05:00,3.181178620041232,3.354697465896606,3.181178620041232,3.3546974658966064,30900,0.0,0.0
1987-02-23 00:00:00-05:00,3.354697465896606,3.354697465896606,3.181178620041232,3.3546974658966064,9000,0.0,0.0
1987-02-24 00:00:00-05:00,3.354695768734018,3.354695768734018,3.29685640335083,3.29685640335083,72900,0.0,0.0
1987-02-25 00:00:00-05:00,3.296858071252104,3.5282163117519802,3.296858071252104,3.3546974658966064,98100,0.0,0.0
1987-02-26 00:00:00-05:00,3.354696833593724,3.5282156467437744,3.354696833593724,3.5282156467437744,52800,0.0,0.0
1987-02-27 00:00:00-05:00,3.5282156467437744,3.5282156467437744,3.354696833593724,3.5282156467437744,26400,0.0,0.0
1987-03-02 00:00:00-05:00,3.5282163638828936,3.5282163638828936,3.354697515463704,3.470376968383789,59700,0.0,0.0
1987-03-03 00:00:00-05:00,3.470376968383789,3.470376968383789,3.354697515463704,3.470376968383789,57600,0.0,0.0
1987-03-04 00:00:00-05:00,3.470376968383789,3.470376968383789,3.354697515463704,3.470376968383789,226500,0.0,0.0
1987-03-05 00:00:00-05:00,3.470376917107478,3.470376917107478,3.354697465896606,3.3546974658966064,37500,0.0,0.0
1987-03-06 00:00:00-05:00,3.354697515463704,3.470376968383789,3.354697515463704,3.470376968383789,67800,0.0,0.0
1987-03-09 00:00:00-05:00,3.470376917107478,3.470376917107478,3.354697465896606,3.3546974658966064,23100,0.0,0.0
1987-03-10 00:00:00-05:00,3.354695768734018,3.412535796038738,3.29685640335083,3.29685640335083,11700,0.0,0.0
1987-03-11 00:00:00-05:00,3.2968546667354603,3.41253399848938,3.2968546667354603,3.41253399848938,9600,0.0,0.0
1987-03-12 00:00:00-05:00,3.4125375224629755,3.4125375224629755,3.2390186766076017,3.3546974658966064,89700,0.0,0.0
1987-03-13 00:00:00-05:00,3.354695768734018,3.354695768734018,3.181177010662922,3.29685640335083,99300,0.0,0.0
1987-03-16 00:00:00-05:00,3.2968572040562725,3.354696583486871,3.181177783273383,3.267937183380127,22500,0.0,0.0
1987-03-17 00:00:00-05:00,3.2679368423084307,3.354696233360173,3.181177451256688,3.2390174865722656,24000,0.0,0.0
1987-03-18 00:00:00-05:00,3.2390174865722656,3.2968568599662196,3.181177451256688,3.2390174865722656,62100,0.0,0.0
1987-03-19 00:00:00-05:00,3.239017037967642,3.29685640335083,3.181177010662922,3.29685640335083,78300,0.0,0.0
1987-03-20 00:00:00-05:00,3.2968546667354603,3.41253399848938,3.2390153318190924,3.41253399848938,17700,0.0,0.0
1987-03-23 00:00:00-05:00,3.41253399848938,3.41253399848938,3.2968546667354603,3.41253399848938,62100,0.0,0.0
1987-03-24 00:00:00-05:00,3.41253399848938,3.41253399848938,3.2968546667354603,3.41253399848938,125100,0.0,0.0
1987-03-25 00:00:00-05:00,3.412535796038738,3.412535796038738,3.29685640335083,3.29685640335083,42000,0.0,0.0
1987-03-26 00:00:00-05:00,3.2968546667354603,3.41253399848938,3.2968546667354603,3.41253399848938,97800,0.0,0.0
1987-03-27 00:00:00-05:00,3.4125375224629755,3.4125375224629755,3.296858071252104,3.3546974658966064,16500,0.0,0.0
1987-03-30 00:00:00-05:00,3.354697465896606,3.354697465896606,3.296858071252104,3.3546974658966064,87000,0.0,0.0
1987-03-31 00:00:00-05:00,3.354695768734018,3.412535796038738,3.239017037967642,3.29685640335083,43800,0.0,0.0
1987-04-01 00:00:00-05:00,3.29685640335083,3.354695768734018,3.181177010662922,3.29685640335083,71100,0.0,0.0
1987-04-02 00:00:00-05:00,3.2968568599662196,3.354696233360173,3.181177451256688,3.2390174865722656,282600,0.0,0.0
1987-04-03 00:00:00-05:00,3.2390174865722656,3.354696233360173,3.2390174865722656,3.2390174865722656,24600,0.0,0.0
1987-04-06 00:00:00-04:00,3.2390186766076017,3.354697465896606,3.2390186766076017,3.3546974658966064,1476600,0.0,0.0
1987-04-07 00:00:00-04:00,3.354695246208044,3.412535264503626,3.239016533459737,3.383615255355835,80700,0.0,0.0
1987-04-08 00:00:00-04:00,3.3836152553558354,3.412535264503626,3.296855889833891,3.383615255355835,53700,0.0,0.0
1987-04-09 00:00:00-04:00,3.383614000070604,3.41253399848938,3.2968546667354603,3.41253399848938,51600,0.0,0.0
1987-04-10 00:00:00-04:00,3.41253399848938,3.41253399848938,3.2968546667354603,3.41253399848938,129000,0.0,0.0
1987-04-13 00:00:00-04:00,3.412535796038738,3.412535796038738,3.29685640335083,3.29685640335083,66300,0.0,0.0
1987-04-14 00:00:00-04:00,3.29685640335083,3.412535796038738,3.239017037967642,3.29685640335083,168300,0.0,0.0
1987-04-15 00:00:00-04:00,3.2679368423084307,3.2679368423084307,3.181177451256688,3.2390174865722656,96900,0.0,0.0
1987-04-16 00:00:00-04:00,3.2390174865722656,3.2390174865722656,3.181177451256688,3.2390174865722656,62400,0.0,0.0
1987-04-20 00:00:00-04:00,3.2390174865722656,3.2390174865722656,3.181177451256688,3.2390174865722656,42000,0.0,0.0
1987-04-21 00:00:00-04:00,3.2390169261720017,3.2968562895588467,3.1811769008636475,3.1811769008636475,24300,0.0,0.0
1987-04-22 00:00:00-04:00,3.181177060404111,3.296856454900793,3.181177060404111,3.210097074508667,54000,0.0,0.0
1987-04-23 00:00:00-04:00,3.2100956018846905,3.2968549424761684,3.007656919864162,3.0654969215393066,161700,0.0,0.0
1987-04-24 00:00:00-04:00,3.0654980272994434,3.2390167710725914,3.007658004760742,3.007658004760742,23400,0.0,0.0
1987-04-27 00:00:00-04:00,3.007658004760742,3.0944173766473164,2.891979283526295,3.007658004760742,20700,0.0,0.0
1987-04-28 00:00:00-04:00,3.0076599197661555,3.0076599197661555,2.8919811248779297,2.8919811248779297,6000,0.0,0.0
1987-04-29 00:00:00-04:00,2.8919811248779297,3.0076599197661555,2.8919811248779297,2.8919811248779297,34800,0.0,0.0
1987-04-30 00:00:00-04:00,2.891979283526295,3.007658004760742,2.891979283526295,3.007658004760742,29400,0.0,0.0
1987-05-01 00:00:00-04:00,3.0076560533781147,3.181174684571488,2.9498167302873397,3.123335361480713,96900,0.0,0.0
1987-05-04 00:00:00-04:00,3.123337537476802,3.1811769008636475,3.0076581487816028,3.1811769008636475,150000,0.0,0.0
1987-05-05 00:00:00-04:00,3.181177451256688,3.2390174865722656,3.123338077862734,3.2390174865722656,166800,0.0,0.0
1987-05-06 00:00:00-04:00,3.2390169261720017,3.2968562895588467,3.1811769008636475,3.1811769008636475,44700,0.0,0.0
1987-05-07 00:00:00-04:00,3.1811769008636475,3.2968562895588467,3.1811769008636475,3.1811769008636475,96900,0.0,0.0
1987-05-08 00:00:00-04:00,3.210097024315282,3.29685640335083,3.210097024315282,3.29685640335083,10200,0.0,0.0
1987-05-11 00:00:00-04:00,3.296858071252104,3.354697465896606,3.2390186766076017,3.3546974658966064,159900,0.0,0.0
1987-05-12 00:00:00-04:00,3.354697465896606,3.354697465896606,3.2390186766076017,3.3546974658966064,103200,0.0,0.0
1987-05-13 00:00:00-04:00,3.354697465896606,3.354697465896606,3.2390186766076017,3.3546974658966064,33900,0.0,0.0
1987-05-14 00:00:00-04:00,3.3546953314658494,3.5860540866851807,3.296855973621739,3.5860540866851807,198600,0.0,0.0
1987-05-15 00:00:00-04:00,3.5860526651596674,3.5860526651596674,3.41253399848938,3.41253399848938,125400,0.0,0.0
1987-05-18 00:00:00-04:00,3.412537572884685,3.5282163638828936,3.412537572884685,3.470376968383789,92100,0.0,0.0
1987-05-19 00:00:00-04:00,3.470376263001005,3.5282156467437744,3.4125368792582353,3.5282156467437744,10800,0.0,0.0
1987-05-20 00:00:00-04:00,3.5282156467437744,3.5282156467437744,3.4125368792582353,3.5282156467437744,128700,0.0,0.0
1987-05-21 00:00:00-04:00,3.5282156467437744,3.5282156467437744,3.4125368792582353,3.5282156467437744,126600,0.0,0.0
1987-05-22 00:00:00-04:00,3.5282163638828936,3.5282163638828936,3.412537572884685,3.470376968383789,189300,0.0,0.0
1987-05-26 00:00:00-04:00,3.470376263001005,3.5282156467437744,3.4125368792582353,3.5282156467437744,3300,0.0,0.0
1987-05-27 00:00:00-04:00,3.5282126683221158,3.5282126683221158,3.41253399848938,3.41253399848938,251100,0.0,0.0
1987-05-28 00:00:00-04:00,3.4125375224629755,3.5282163117519802,3.354697465896606,3.3546974658966064,156600,0.0,0.0
1987-05-29 00:00:00-04:00,3.354697465896606,3.470376917107478,3.354697465896606,3.3546974658966064,46200,0.0,0.0
1987-06-01 00:00:00-04:00,3.354697465896606,3.4125375224629755,3.296858071252104,3.3546974658966064,38700,0.0,0.0
1987-06-02 00:00:00-04:00,3.2968568599662196,3.2968568599662196,3.0654987044687805,3.2390174865722656,26700,0.0,0.0
1987-06-03 00:00:00-04:00,3.2390146695833106,3.2390146695833106,3.123335361480713,3.123335361480713,5100,0.0,0.0
1987-06-04 00:00:00-04:00,3.123337645279734,3.29685640335083,3.123337645279734,3.29685640335083,62400,0.0,0.0
1987-06-05 00:00:00-04:00,3.29685640335083,3.354695768734018,3.123337645279734,3.29685640335083,37200,0.0,0.0
1987-06-08 00:00:00-04:00,3.2968568599662196,3.354696233360173,3.2390174865722656,3.2390174865722656,12600,0.0,0.0
1987-06-09 00:00:00-04:00,3.2390186766076017,3.354697465896606,3.2390186766076017,3.3546974658966064,600,0.0,0.0
1987-06-10 00:00:00-04:00,3.354697465896606,3.354697465896606,3.2390186766076017,3.3546974658966064,13500,0.0,0.0
1987-06-11 00:00:00-04:00,3.2390174865722656,3.2390174865722656,3.2390174865722656,3.2390174865722656,7200,0.0,0.0
1987-06-12 00:00:00-04:00,3.2390186766076017,3.354697465896606,3.2390186766076017,3.3546974658966064,3900,0.0,0.0
1987-06-15 00:00:00-04:00,3.2390174865722656,3.2390174865722656,3.2390174865722656,3.2390174865722656,3600,0.0,0.0
1987-06-16 00:00:00-04:00,3.2390146695833106,3.2390146695833106,3.123335361480713,3.123335361480713,15300,0.0,0.0
1987-06-17 00:00:00-04:00,3.123335361480713,3.2968539926740856,3.123335361480713,3.123335361480713,9300,0.0,0.0
1987-06-18 00:00:00-04:00,3.123337645279734,3.29685640335083,3.123337645279734,3.29685640335083,39000,0.0,0.0
1987-06-19 00:00:00-04:00,3.2968539926740856,3.2968539926740856,3.123335361480713,3.123335361480713,5400,0.0,0.0
1987-06-22 00:00:00-04:00,3.1811769008636475,3.2968562895588467,3.1811769008636475,3.1811769008636475,6000,0.0,0.0
1987-06-23 00:00:00-04:00,3.181177451256688,3.2390174865722656,3.181177451256688,3.2390174865722656,21300,0.0,0.0
1987-06-24 00:00:00-04:00,3.2390174865722656,3.2390174865722656,3.123338077862734,3.2390174865722656,80100,0.0,0.0
1987-06-25 00:00:00-04:00,3.2390169261720017,3.2968562895588467,3.123337537476802,3.1811769008636475,21900,0.0,0.0
1987-06-26 00:00:00-04:00,3.1811769008636475,3.1811769008636475,3.1811769008636475,3.1811769008636475,7500,0.0,0.0
1987-06-29 00:00:00-04:00,3.181177010662922,3.29685640335083,3.181177010662922,3.29685640335083,3000,0.0,0.0
1987-06-30 00:00:00-04:00,3.2968568599662196,3.2968568599662196,3.181177451256688,3.2390174865722656,20400,0.0,0.0
1987-07-01 00:00:00-04:00,3.239017037967642,3.29685640335083,3.181177010662922,3.29685640335083,8100,0.0,0.0
1987-07-02 00:00:00-04:00,3.2968568599662196,3.2968568599662196,3.181177451256688,3.2390174865722656,7500,0.0,0.0
1987-07-06 00:00:00-04:00,3.2390169261720017,3.2968562895588467,3.1811769008636475,3.1811769008636475,70200,0.0,0.0
1987-07-07 00:00:00-04:00,3.1811769008636475,3.2968562895588467,3.1811769008636475,3.1811769008636475,20700,0.0,0.0
1987-07-08 00:00:00-04:00,3.181177451256688,3.2968568599662196,3.181177451256688,3.2390174865722656,16500,0.0,0.0
1987-07-09 00:00:00-04:00,3.2390169261720017,3.2390169261720017,3.1811769008636475,3.1811769008636475,9000,0.0,0.0
1987-07-10 00:00:00-04:00,3.1811769008636475,3.2390169261720017,3.1811769008636475,3.1811769008636475,5700,0.0,0.0
1987-07-13 00:00:00-04:00,3.1811769008636475,3.2390169261720017,3.1811769008636475,3.1811769008636475,20700,0.0,0.0
1987-07-14 00:00:00-04:00,3.181178620041232,3.354697465896606,3.181178620041232,3.3546974658966064,33600,0.0,0.0
1987-07-15 00:00:00-04:00,3.354695768734018,3.354695768734018,3.181177010662922,3.29685640335083,72000,0.0,0.0
1987-07-16 00:00:00-04:00,3.2968572040562725,3.2968572040562725,3.181177783273383,3.267937183380127,52200,0.0,0.0
1987-07-17 00:00:00-04:00,3.2679368423084307,3.354696233360173,3.2390174865722656,3.2390174865722656,206700,0.0,0.0
1987-07-20 00:00:00-04:00,3.2390174865722656,3.354696233360173,3.2390174865722656,3.2390174865722656,150000,0.0,0.0
1987-07-21 00:00:00-04:00,3.239017037967642,3.29685640335083,3.123337645279734,3.29685640335083,8700,0.0,0.0
1987-07-22 00:00:00-04:00,3.2968568599662196,3.2968568599662196,3.123338077862734,3.2390174865722656,14700,0.0,0.0
1987-07-23 00:00:00-04:00,3.2390169261720017,3.2968562895588467,3.1811769008636475,3.1811769008636475,2100,0.0,0.0
1987-07-24 00:00:00-04:00,3.1811769008636475,3.2968562895588467,3.1811769008636475,3.1811769008636475,12300,0.0,0.0
1987-07-27 00:00:00-04:00,3.181177010662922,3.29685640335083,3.181177010662922,3.29685640335083,19500,0.0,0.0
1987-07-28 00:00:00-04:00,3.29685640335083,3.29685640335083,3.29685640335083,3.29685640335083,300,0.0,0.0
1987-07-29 00:00:00-04:00,3.1811769008636475,3.1811769008636475,3.1811769008636475,3.1811769008636475,7500,0.0,0.0
1987-07-30 00:00:00-04:00,3.29685640335083,3.29685640335083,3.29685640335083,3.29685640335083,4200,0.0,0.0
1987-07-31 00:00:00-04:00,3.29685640335083,3.29685640335083,3.181177010662922,3.29685640335083,5700,0.0,0.0
1987-08-03 00:00:00-04:00,3.2968568599662196,3.2968568599662196,3.181177451256688,3.2390174865722656,21600,0.0,0.0
1987-08-04 00:00:00-04:00,3.239017037967642,3.29685640335083,3.181177010662922,3.29685640335083,395100,0.0,0.0
1987-08-05 00:00:00-04:00,3.2968562895588467,3.2968562895588467,3.1811769008636475,3.1811769008636475,40200,0.0,0.0
1987-08-06 00:00:00-04:00,3.181177010662922,3.29685640335083,3.181177010662922,3.29685640335083,50100,0.0,0.0
1987-08-07 00:00:00-04:00,3.2968568599662196,3.2968568599662196,3.2390174865722656,3.2390174865722656,22500,0.0,0.0
1987-08-10 00:00:00-04:00,3.354697465896606,3.354697465896606,3.354697465896606,3.3546974658966064,1200,0.0,0.0
1987-08-11 00:00:00-04:00,3.354697465896606,3.354697465896606,3.2390186766076017,3.3546974658966064,27300,0.0,0.0
1987-08-12 00:00:00-04:00,3.3546940016518287,3.41253399848938,3.2968546667354603,3.41253399848938,330600,0.0,0.0
1987-08-13 00:00:00-04:00,3.41253399848938,3.41253399848938,3.3546940016518287,3.41253399848938,13200,0.0,0.0
1987-08-14 00:00:00-04:00,3.41253399848938,3.41253399848938,3.41253399848938,3.41253399848938,9600,0.0,0.0
1987-08-17 00:00:00-04:00,3.41253399848938,3.470373333405748,3.3546940016518287,3.41253399848938,1086900,0.0,0.0
1987-08-18 00:00:00-04:00,3.412537572884685,3.5282163638828936,3.354697515463704,3.470376968383789,29100,0.0,0.0
1987-08-19 00:00:00-04:00,3.470376263001005,3.5282156467437744,3.4125368792582353,3.5282156467437744,41700,0.0,0.0
1987-08-20 00:00:00-04:00,3.5282156467437744,3.586055692408286,3.470376263001005,3.5282156467437744,62400,0.0,0.0
1987-08-21 00:00:00-04:00,3.5282156467437744,3.5282156467437744,3.470376263001005,3.5282156467437744,151800,0.0,0.0
1987-08-24 00:00:00-04:00,3.5282163638828936,3.5282163638828936,3.470376968383789,3.470376968383789,10200,0.0,0.0
1987-08-25 00:00:00-04:00,3.4703752205352014,3.499295234680176,3.4703752205352014,3.499295234680176,13500,0.0,0.0
1987-08-26 00:00:00-04:00,3.4992933318245236,3.5282126683221158,3.41253399848938,3.41253399848938,24900,0.0,0.0
1987-08-27 00:00:00-04:00,3.41253399848938,3.5282126683221158,3.41253399848938,3.41253399848938,31500,0.0,0.0
1987-08-28 00:00:00-04:00,3.41253399848938,3.5282126683221158,3.41253399848938,3.41253399848938,12900,0.0,0.0
1987-08-31 00:00:00-04:00,3.4241416454315186,3.482177719363344,3.3951232763792607,3.4241416454315186,249900,0.016667,0.0
1987-09-01 00:00:00-04:00,3.4241416454315186,3.482177719363344,3.4241416454315186,3.4241416454315186,39900,0.0,0.0
1987-09-02 00:00:00-04:00,3.3951241970062256,3.3951241970062256,3.3951241970062256,3.3951241970062256,9000,0.0,0.0
1987-09-03 00:00:00-04:00,3.3951232763792607,3.482177719363344,3.3661049073270024,3.4241416454315186,62100,0.0,0.0
1987-09-04 00:00:00-04:00,3.4241432889684322,3.4241432889684322,3.308070421218872,3.308070421218872,5100,0.0,0.0
1987-09-08 00:00:00-04:00,3.308071162321148,3.3661072771111678,3.250035047531128,3.250035047531128,5100,0.0,0.0
1987-09-09 00:00:00-04:00,3.250035047531128,3.3661072771111678,3.250035047531128,3.250035047531128,4200,0.0,0.0
1987-09-10 00:00:00-04:00,3.250035047531128,3.250035047531128,3.250035047531128,3.250035047531128,2400,0.0,0.0
1987-09-11 00:00:00-04:00,3.250035918409683,3.3661081790924072,3.250035918409683,3.3661081790924072,45300,0.0,0.0
1987-09-14 00:00:00-04:00,3.4241416454315186,3.4241416454315186,3.4241416454315186,3.4241416454315186,3000,0.0,0.0
1987-09-15 00:00:00-04:00,3.4241416454315186,3.4241416454315186,3.2500327594633514,3.4241416454315186,3900,0.0,0.0
1987-09-16 00:00:00-04:00,3.4241440560743466,3.4241440560743466,3.250035047531128,3.250035047531128,3900,0.0,0.0
1987-09-17 00:00:00-04:00,3.250034319430597,3.366106523007147,3.250034319430597,3.308070421218872,19500,0.0,0.0
1987-09-18 00:00:00-04:00,3.308070421218872,3.308070421218872,3.308070421218872,3.308070421218872,9600,0.0,0.0
1987-09-21 00:00:00-04:00,3.3080716218983777,3.337090015411377,3.25003549904563,3.337090015411377,12000,0.0,0.0
1987-09-22 00:00:00-04:00,3.337090015411377,3.337090015411377,3.1919987120196316,3.337090015411377,3600,0.0,0.0
1987-09-23 00:00:00-04:00,3.3080701478139805,3.3080701478139805,3.1919972896575928,3.1919972896575928,11700,0.0,0.0
1987-09-24 00:00:00-04:00,3.1919982685679495,3.308071162321148,3.1339621537779294,3.250035047531128,7200,0.0,0.0
1987-09-25 00:00:00-04:00,3.133960008621216,3.133960008621216,3.133960008621216,3.133960008621216,900,0.0,0.0
1987-09-28 00:00:00-04:00,3.1339611926658764,3.250034050822264,3.1339611926658764,3.1919972896575928,18900,0.0,0.0
1987-09-29 00:00:00-04:00,3.250035047531128,3.250035047531128,3.250035047531128,3.250035047531128,1200,0.0,0.0
1987-09-30 00:00:00-04:00,3.250035047531128,3.250035047531128,3.0759260389879097,3.250035047531128,1800,0.0,0.0
1987-10-01 00:00:00-04:00,3.2500328229240143,3.2500328229240143,3.133960008621216,3.133960008621216,11700,0.0,0.0
1987-10-02 00:00:00-04:00,3.133960008621216,3.2500328229240143,3.133960008621216,3.133960008621216,2100,0.0,0.0
1987-10-05 00:00:00-04:00,3.1339611926658764,3.1919972896575928,3.1339611926658764,3.1919972896575928,4500,0.0,0.0
1987-10-06 00:00:00-04:00,3.1919958218686446,3.1919958218686446,3.0759236812591553,3.0759236812591553,5100,0.0,0.0
1987-10-07 00:00:00-04:00,3.075925068218039,3.1339611646917174,3.017888307571411,3.017888307571411,7800,0.0,0.0
1987-10-08 00:00:00-04:00,3.017888307571411,3.017888307571411,3.017888307571411,3.017888307571411,24600,0.0,0.0
1987-10-09 00:00:00-04:00,3.0178869467817613,3.0759236812591553,2.901814806172272,3.0759236812591553,7500,0.0,0.0
1987-10-12 00:00:00-04:00,3.075926304374265,3.075926304374265,2.8437804968386726,2.930835008621216,40200,0.0,0.0
1987-10-13 00:00:00-04:00,2.959853172302246,2.959853172302246,2.959853172302246,2.959853172302246,1800,0.0,0.0
1987-10-14 00:00:00-04:00,2.843780040740967,2.843780040740967,2.843780040740967,2.843780040740967,1800,0.0,0.0
1987-10-15 00:00:00-04:00,2.8437802774875736,2.959853172302246,2.727708046846066,2.959853172302246,5100,0.0,0.0
1987-10-16 00:00:00-04:00,2.901816346207214,2.901816346207214,2.5535984112292685,2.640652894973755,57600,0.0,0.0
1987-10-19 00:00:00-04:00,2.611634488302604,2.611634488302604,2.3794894218444824,2.3794894218444824,30000,0.0,0.0
1987-10-20 00:00:00-04:00,2.3794880392054463,2.437524106053956,2.0893063766176767,2.1473424434661865,54900,0.0,0.0
1987-10-21 00:00:00-04:00,2.2053799654800517,2.4375249803090075,2.2053799654800517,2.3214521408081055,277200,0.0,0.0
1987-10-22 00:00:00-04:00,2.3214538512188136,2.3214538512188136,2.2053815903705423,2.2634177207946777,987900,0.0,0.0
1987-10-23 00:00:00-04:00,2.263417518674196,2.263417518674196,2.205381393432617,2.205381393432617,44400,0.0,0.0
1987-10-26 00:00:00-05:00,2.205380678876643,2.2343984000088852,2.0312716953909358,2.118326187133789,155100,0.0,0.0
1987-10-27 00:00:00-05:00,2.118325193317473,2.176361272527284,2.031270742416382,2.031270742416382,7200,0.0,0.0
1987-10-28 00:00:00-05:00,2.031270742416382,2.1473429008360028,2.031270742416382,2.031270742416382,38700,0.0,0.0
1987-10-29 00:00:00-05:00,2.0312716622753997,2.2053806429226324,2.0312716622753997,2.0602893829345703,70200,0.0,0.0
1987-10-30 00:00:00-05:00,2.0893063766176767,2.2053791744873066,2.0893063766176767,2.1473424434661865,45600,0.0,0.0
1987-11-02 00:00:00-05:00,2.2053815903705423,2.2634177207946777,2.2053815903705423,2.2634177207946777,131100,0.0,0.0
1987-11-03 00:00:00-05:00,2.2634177207946777,2.2634177207946777,2.147344795773069,2.2634177207946777,83100,0.0,0.0
1987-11-04 00:00:00-05:00,2.2634165565289237,2.3794894218444824,2.205380455957642,2.3794894218444824,33600,0.0,0.0
1987-11-05 00:00:00-05:00,2.3794898812648597,2.6116349925444347,2.3794898812648597,2.5535988807678223,65700,0.0,0.0
1987-11-06 00:00:00-05:00,2.553598858442092,2.6116349697113037,2.495562082999762,2.6116349697113037,25500,0.0,0.0
1987-11-09 00:00:00-05:00,2.4955613669872037,2.4955613669872037,2.4375252723693848,2.4375252723693848,9000,0.0,0.0
1987-11-10 00:00:00-05:00,2.4375259930414725,2.5535988807678223,2.4375259930414725,2.5535988807678223,18300,0.0,0.0
1987-11-11 00:00:00-05:00,2.4375252723693848,2.4375252723693848,2.4375252723693848,2.4375252723693848,3000,0.0,0.0
1987-11-12 00:00:00-05:00,2.4955615997314453,2.5535983639348907,2.4955615997314453,2.4955615997314453,131400,0.0,0.0
1987-11-13 00:00:00-05:00,2.4955621048180854,2.5535988807678223,2.4375259930414725,2.5535988807678223,900,0.0,0.0
1987-11-16 00:00:00-05:00,2.4375252723693848,2.4375252723693848,2.4375252723693848,2.4375252723693848,14400,0.0,0.0
1987-11-17 00:00:00-05:00,2.43752549970099,2.4955615997314453,2.43752549970099,2.4955615997314453,3000,0.0,0.0
1987-11-18 00:00:00-05:00,2.4375252723693848,2.4375252723693848,2.379489177751566,2.4375252723693848,40500,0.0,0.0
1987-11-19 00:00:00-05:00,2.437525522415764,2.437525522415764,2.3794894218444824,2.3794894218444824,4800,0.0,0.0
1987-11-20 00:00:00-05:00,2.3794894218444824,2.437525522415764,2.3794894218444824,2.3794894218444824,27300,0.0,0.0
1987-11-23 00:00:00-05:00,2.379489399670534,2.4955615997314453,2.379489399670534,2.4955615997314453,4200,0.0,0.0
1987-11-24 00:00:00-05:00,2.4955616229870454,2.4955616229870454,2.3794894218444824,2.3794894218444824,95700,0.0,0.0
1987-11-25 00:00:00-05:00,2.3794898896658956,2.495562113628926,2.3794898896658956,2.4665443897247314,51300,0.0,0.0
1987-11-27 00:00:00-05:00,2.3794894218444824,2.3794894218444824,2.3794894218444824,2.3794894218444824,8400,0.0,0.0
1987-11-30 00:00:00-05:00,2.3911544379257066,2.5077956620193618,2.3911544379257066,2.449475049972534,58200,0.016667,0.0
1987-12-01 00:00:00-05:00,2.449475141899747,2.5077957561353097,2.3911545276641846,2.3911545276641846,3000,0.0,0.0
1987-12-02 00:00:00-05:00,2.391153215714175,2.566115629853538,2.391153215714175,2.5077943801879883,81000,0.0,0.0
1987-12-03 00:00:00-05:00,2.3911545276641846,2.3911545276641846,2.3911545276641846,2.3911545276641846,4800,0.0,0.0
1987-12-04 00:00:00-05:00,2.3911545276641846,2.5077957561353097,2.3911545276641846,2.3911545276641846,392700,0.0,0.0
1987-12-07 00:00:00-05:00,2.3911540841090106,2.4494746875261963,2.3328328132629395,2.3328328132629395,14400,0.0,0.0
1987-12-08 00:00:00-05:00,2.3328328132629395,2.3328328132629395,2.3328328132629395,2.3328328132629395,0,0.0,0.0
1987-12-09 00:00:00-05:00,2.332833245999613,2.449475141899747,2.332833245999613,2.3911545276641846,30600,0.0,0.0
1987-12-10 00:00:00-05:00,2.3911545276641846,2.3911545276641846,2.274512631764051,2.3911545276641846,8100,0.0,0.0
1987-12-11 00:00:00-05:00,2.3911536680868894,2.3911536680868894,2.2745118141174316,2.2745118141174316,2400,0.0,0.0
1987-12-14 00:00:00-05:00,2.2745118141174316,2.3911536680868894,2.2745118141174316,2.2745118141174316,8100,0.0,0.0
1987-12-15 00:00:00-05:00,2.2745118141174316,2.2745118141174316,2.2745118141174316,2.2745118141174316,15600,0.0,0.0
1987-12-16 00:00:00-05:00,2.2745118141174316,2.3328324073877758,2.216191220847087,2.2745118141174316,72900,0.0,0.0
1987-12-17 00:00:00-05:00,2.2745122098457538,2.3328328132629395,2.216191606428568,2.3328328132629395,7800,0.0,0.0
1987-12-18 00:00:00-05:00,2.3328332349852268,2.3328332349852268,2.15787072567561,2.2161920070648193,122100,0.0,0.0
1987-12-21 00:00:00-05:00,2.216191220847087,2.3328324073877758,2.216191220847087,2.2745118141174316,71700,0.0,0.0
1987-12-22 00:00:00-05:00,2.274512621025023,2.3328332349852268,2.2161920070648193,2.2161920070648193,2700,0.0,0.0
1987-12-23 00:00:00-05:00,2.2161920175284884,2.3911545276641846,2.2161920175284884,2.3911545276641846,37800,0.0,0.0
1987-12-24 00:00:00-05:00,2.3328324073877758,2.3328324073877758,2.2745118141174316,2.2745118141174316,17400,0.0,0.0
1987-12-28 00:00:00-05:00,2.2745118141174316,2.3911536680868894,2.2745118141174316,2.2745118141174316,10800,0.0,0.0
1987-12-29 00:00:00-05:00,2.2745118141174316,2.3911536680868894,2.2745118141174316,2.2745118141174316,4500,0.0,0.0
1987-12-30 00:00:00-05:00,2.274512621025023,2.3328332349852268,2.2161920070648193,2.2161920070648193,12300,0.0,0.0
1987-12-31 00:00:00-05:00,2.2161920070648193,2.3328332349852268,2.2161920070648193,2.2161920070648193,38100,0.0,0.0
1988-01-04 00:00:00-05:00,2.2745122098457538,2.3328328132629395,2.2745122098457538,2.3328328132629395,31200,0.0,0.0
1988-01-05 00:00:00-05:00,2.3328328132629395,2.3328328132629395,2.3328328132629395,2.3328328132629395,600,0.0,0.0
1988-01-06 00:00:00-05:00,2.3328328132629395,2.3328328132629395,2.2745122098457538,2.3328328132629395,48900,0.0,0.0
1988-01-07 00:00:00-05:00,2.3328328132629395,2.3328328132629395,2.2745122098457538,2.3328328132629395,134100,0.0,0.0
1988-01-08 00:00:00-05:00,2.3328329992650643,2.3328329992650643,2.2745123911978427,2.303673028945923,20700,0.0,0.0
1988-01-11 00:00:00-05:00,2.2161920070648193,2.2161920070648193,2.2161920070648193,2.2161920070648193,1800,0.0,0.0
1988-01-12 00:00:00-05:00,2.2161920070648193,2.3036732617196276,2.2161920070648193,2.2161920070648193,108000,0.0,0.0
1988-01-13 00:00:00-05:00,2.2161915852477967,2.274512188107596,2.1578703149591187,2.245351552963257,1038000,0.0,0.0
1988-01-14 00:00:00-05:00,2.2453511837678746,2.2745118141174316,2.216191220847087,2.2745118141174316,63900,0.0,0.0
1988-01-15 00:00:00-05:00,2.2745118141174316,2.3036724444669883,2.216191220847087,2.2745118141174316,72600,0.0,0.0
1988-01-18 00:00:00-05:00,2.3036728452687893,2.3911540841090106,2.3036728452687893,2.3328328132629395,56100,0.0,0.0
1988-01-19 00:00:00-05:00,2.3328324073877758,2.3328324073877758,2.2745118141174316,2.2745118141174316,3600,0.0,0.0
1988-01-20 00:00:00-05:00,2.2745122098457538,2.3328328132629395,2.2745122098457538,2.3328328132629395,28800,0.0,0.0
1988-01-21 00:00:00-05:00,2.3328328132629395,2.3328328132629395,2.216191606428568,2.3328328132629395,3000,0.0,0.0
1988-01-22 00:00:00-05:00,2.3328324073877758,2.3328324073877758,2.216191220847087,2.2745118141174316,19200,0.0,0.0
1988-01-25 00:00:00-05:00,2.274512621025023,2.3328332349852268,2.2161920070648193,2.2161920070648193,600,0.0,0.0
1988-01-26 00:00:00-05:00,2.2161915852477967,2.3328327909673954,2.2161915852477967,2.245351552963257,30300,0.0,0.0
1988-01-27 00:00:00-05:00,2.245351574422718,2.3328328132629395,2.216191606428568,2.3328328132629395,41700,0.0,0.0
1988-01-28 00:00:00-05:00,2.3328328132629395,2.3328328132629395,2.2745122098457538,2.3328328132629395,13200,0.0,0.0
1988-01-29 00:00:00-05:00,2.3328324073877758,2.3911536680868894,2.2745118141174316,2.2745118141174316,6600,0.0,0.0
1988-02-01 00:00:00-05:00,2.2745118141174316,2.3911536680868894,2.2745118141174316,2.2745118141174316,43500,0.0,0.0
1988-02-02 00:00:00-05:00,2.2745118141174316,2.3911536680868894,2.2745118141174316,2.2745118141174316,55200,0.0,0.0
1988-02-03 00:00:00-05:00,2.274512631764051,2.3911545276641846,2.274512631764051,2.3911545276641846,45000,0.0,0.0
1988-02-04 00:00:00-05:00,2.3911536680868894,2.3911536680868894,2.2745118141174316,2.2745118141174316,76200,0.0,0.0
1988-02-05 00:00:00-05:00,2.332833245999613,2.449475141899747,2.332833245999613,2.3911545276641846,20100,0.0,0.0
1988-02-08 00:00:00-05:00,2.3911544379257066,2.449475049972534,2.332833158449895,2.449475049972534,90900,0.0,0.0
1988-02-09 00:00:00-05:00,2.4494737979510814,2.5077943801879883,2.391153215714175,2.5077943801879883,8100,0.0,0.0
1988-02-10 00:00:00-05:00,2.5077948343614294,2.5661160945892334,2.4494742415623887,2.5661160945892334,21000,0.0,0.0
1988-02-11 00:00:00-05:00,2.5661160945892334,2.7410785404151183,2.4786348716762907,2.5661160945892334,46200,0.0,0.0
1988-02-12 00:00:00-05:00,2.624436616897583,2.741078466791502,2.624436616897583,2.624436616897583,51600,0.0,0.0
1988-02-16 00:00:00-05:00,2.624436530706809,2.7410783767700195,2.624436530706809,2.7410783767700195,78300,0.0,0.0
1988-02-17 00:00:00-05:00,2.741078466791502,2.7993990580240884,2.624436616897583,2.624436616897583,14700,0.0,0.0
1988-02-18 00:00:00-05:00,2.624436914920807,2.7993993759155273,2.624436914920807,2.7993993759155273,27900,0.0,0.0
1988-02-19 00:00:00-05:00,2.7993993759155273,2.7993993759155273,2.624436914920807,2.7993993759155273,42300,0.0,0.0
1988-02-22 00:00:00-05:00,2.79939976901617,2.857720375061035,2.7119185262344145,2.857720375061035,210300,0.0,0.0
1988-02-23 00:00:00-05:00,2.857719216571139,3.1493234634399414,2.7993986341688366,3.1493234634399414,117600,0.0,0.0
1988-02-24 00:00:00-05:00,3.149324773085133,3.2659666538238525,3.032682892346413,3.2659666538238525,144300,0.0,0.0
1988-02-25 00:00:00-05:00,3.265965630358738,3.265965630358738,3.032681941986084,3.032681941986084,231900,0.0,0.0
1988-02-26 00:00:00-05:00,3.032681941986084,3.091003197793604,2.974361353607277,3.032681941986084,40800,0.0,0.0
1988-02-29 00:00:00-05:00,3.0443912615989137,3.102937698364258,2.9858454948392548,3.102937698364258,25200,0.016667,0.0
1988-03-01 00:00:00-05:00,3.102937816132089,3.220029354095459,2.9858456081630087,3.220029354095459,119700,0.0,0.0
1988-03-02 00:00:00-05:00,3.220029354095459,3.220029354095459,3.102937816132089,3.220029354095459,65100,0.0,0.0
1988-03-03 00:00:00-05:00,3.2200292318835757,3.2200292318835757,3.102937698364258,3.102937698364258,37800,0.0,0.0
1988-03-04 00:00:00-05:00,3.1029384603489234,3.190757467056857,3.1029384603489234,3.1614842414855957,244500,0.0,0.0
1988-03-07 00:00:00-05:00,3.1614842414855957,3.1614842414855957,3.0443920092064016,3.1614842414855957,15300,0.0,0.0
1988-03-08 00:00:00-05:00,3.1614846763599913,3.1614846763599913,3.0443924279743073,3.132211446762085,36900,0.0,0.0
1988-03-09 00:00:00-05:00,3.1322096467252125,3.1614828595002145,3.0443906784057617,3.0443906784057617,65400,0.0,0.0
1988-03-10 00:00:00-05:00,3.0443906784057617,3.1614828595002145,3.0443906784057617,3.0443906784057617,15900,0.0,0.0
1988-03-11 00:00:00-05:00,3.0443924279743073,3.1614846763599913,3.0443924279743073,3.132211446762085,16200,0.0,0.0
1988-03-14 00:00:00-05:00,3.1029371039557665,3.1029371039557665,3.0443906784057617,3.0443906784057617,66000,0.0,0.0
1988-03-15 00:00:00-05:00,3.0443926258148295,3.102939088815297,3.0443926258148295,3.0736658573150635,154500,0.0,0.0
1988-03-16 00:00:00-05:00,3.0736655787187908,3.1614845952536133,2.985846562183968,3.015119791030884,123300,0.0,0.0
1988-03-17 00:00:00-05:00,3.015120064320581,3.0736658573150635,2.9858468328203474,3.0736658573150635,4800,0.0,0.0
1988-03-18 00:00:00-05:00,3.073663891180764,3.073663891180764,2.9858449228613138,3.0443906784057617,163500,0.0,0.0
1988-03-21 00:00:00-05:00,3.044392792507471,3.044392792507471,2.985846996307373,2.985846996307373,91500,0.0,0.0
1988-03-22 00:00:00-05:00,3.0443924279743073,3.1614846763599913,3.0443924279743073,3.132211446762085,423300,0.0,0.0
1988-03-23 00:00:00-05:00,3.132211015914335,3.1614842414855957,3.1029384603489234,3.1614842414855957,139800,0.0,0.0
1988-03-24 00:00:00-05:00,3.1614834651239168,3.1614834651239168,3.0443912615989137,3.102937698364258,35400,0.0,0.0
1988-03-25 00:00:00-05:00,3.1029371039557665,3.1029371039557665,2.9858449228613138,3.0443906784057617,13200,0.0,0.0
1988-03-28 00:00:00-05:00,3.0443906784057617,3.1029371039557665,2.9858449228613138,3.0443906784057617,12600,0.0,0.0
1988-03-29 00:00:00-05:00,3.044392792507471,3.102939258713591,2.985846996307373,2.985846996307373,24900,0.0,0.0
1988-03-30 00:00:00-05:00,2.9858463406562805,3.044392124000524,2.810208320617676,2.810208320617676,55800,0.0,0.0
1988-03-31 00:00:00-05:00,2.868754733901155,2.985846996307373,2.868754733901155,2.985846996307373,15600,0.0,0.0
1988-04-04 00:00:00-04:00,2.9858456425449327,2.9858456425449327,2.868753433227539,2.868753433227539,6000,0.0,0.0
1988-04-05 00:00:00-04:00,2.868753433227539,2.9858456425449327,2.868753433227539,2.868753433227539,13500,0.0,0.0
1988-04-06 00:00:00-04:00,2.868754103961919,2.9858463406562805,2.810208320617676,2.810208320617676,39300,0.0,0.0
1988-04-07 00:00:00-04:00,2.8102081804862795,2.8687539609111297,2.6931159496307373,2.6931159496307373,22200,0.0,0.0
1988-04-08 00:00:00-04:00,2.6931160839233144,2.868754103961919,2.6931160839233144,2.810208320617676,16200,0.0,0.0
1988-04-11 00:00:00-04:00,2.8102081804862795,2.8687539609111297,2.6931159496307373,2.6931159496307373,19200,0.0,0.0
1988-04-12 00:00:00-04:00,2.7516625372734325,2.868754103961919,2.7516625372734325,2.810208320617676,13800,0.0,0.0
1988-04-13 00:00:00-04:00,2.810208320617676,2.868754103961919,2.7516625372734325,2.810208320617676,6300,0.0,0.0
1988-04-14 00:00:00-04:00,2.751662254333496,2.751662254333496,2.634570029679154,2.751662254333496,10500,0.0,0.0
1988-04-15 00:00:00-04:00,2.6345698833465576,2.6345698833465576,2.6345698833465576,2.6345698833465576,300,0.0,0.0
1988-04-18 00:00:00-04:00,2.6345698833465576,2.7516621014972165,2.6345698833465576,2.6345698833465576,16500,0.0,0.0
1988-04-19 00:00:00-04:00,2.634570300579071,2.810208320617676,2.634570300579071,2.810208320617676,43500,0.0,0.0
1988-04-20 00:00:00-04:00,2.810208320617676,2.810208320617676,2.6931160839233144,2.810208320617676,4800,0.0,0.0
1988-04-21 00:00:00-04:00,2.810208320617676,2.810208320617676,2.6931160839233144,2.810208320617676,24900,0.0,0.0
1988-04-22 00:00:00-04:00,2.8102081804862795,2.8102081804862795,2.6931159496307373,2.6931159496307373,55200,0.0,0.0
1988-04-25 00:00:00-04:00,2.6931159496307373,2.8102081804862795,2.6931159496307373,2.6931159496307373,900,0.0,0.0
1988-04-26 00:00:00-04:00,2.6931159496307373,2.8102081804862795,2.6931159496307373,2.6931159496307373,13800,0.0,0.0
1988-04-27 00:00:00-04:00,2.7516625372734325,2.810208320617676,2.7516625372734325,2.810208320617676,12600,0.0,0.0
1988-04-28 00:00:00-04:00,2.810208320617676,2.810208320617676,2.810208320617676,2.810208320617676,4500,0.0,0.0
1988-04-29 00:00:00-04:00,2.8102081804862795,2.8102081804862795,2.6931159496307373,2.6931159496307373,47700,0.0,0.0
1988-05-02 00:00:00-04:00,2.6931154939197257,2.810207704961706,2.517477512359619,2.517477512359619,85200,0.0,0.0
1988-05-03 00:00:00-04:00,2.5174770224702785,2.5174770224702785,2.2832933159631077,2.341839075088501,128100,0.0,0.0
1988-05-04 00:00:00-04:00,2.341839930313459,2.4589321613311768,2.341839930313459,2.4589321613311768,78900,0.0,0.0
1988-05-05 00:00:00-04:00,2.4589321613311768,2.4589321613311768,2.341839930313459,2.4589321613311768,9900,0.0,0.0
1988-05-06 00:00:00-04:00,2.4589321128164046,2.4589321128164046,2.3418398841089183,2.400386333465576,10200,0.0,0.0
1988-05-09 00:00:00-04:00,2.341839075088501,2.341839075088501,2.341839075088501,2.341839075088501,1200,0.0,0.0
1988-05-10 00:00:00-04:00,2.3418398841089183,2.4589321128164046,2.3418398841089183,2.400386333465576,19500,0.0,0.0
1988-05-11 00:00:00-04:00,2.400386768728519,2.4589325586954756,2.341840308755612,2.3711135387420654,61800,0.0,0.0
1988-05-12 00:00:00-04:00,2.371113155569349,2.5174779418371145,2.341839930313459,2.4589321613311768,42900,0.0,0.0
1988-05-13 00:00:00-04:00,2.458931741841493,2.6345697234015995,2.458931741841493,2.517477512359619,46800,0.0,0.0
1988-05-16 00:00:00-04:00,2.4589321613311768,2.4589321613311768,2.400386380825239,2.4589321613311768,19800,0.0,0.0
1988-05-17 00:00:00-04:00,2.458931741841493,2.517477512359619,2.4003859713233666,2.517477512359619,43800,0.0,0.0
1988-05-18 00:00:00-04:00,2.4589322648898486,2.4589322648898486,2.283294245969145,2.3125674724578857,260100,0.0,0.0
1988-05-19 00:00:00-04:00,2.312567748775109,2.3711135387420654,2.2832945187886557,2.3711135387420654,6300,0.0,0.0
1988-05-20 00:00:00-04:00,2.3711122896539965,2.3711122896539965,2.341839075088501,2.341839075088501,38400,0.0,0.0
1988-05-23 00:00:00-04:00,2.341839075088501,2.341839075088501,2.2832933159631077,2.341839075088501,28200,0.0,0.0
1988-05-24 00:00:00-04:00,2.3418382709901726,2.3418382709901726,2.283292531967163,2.283292531967163,6600,0.0,0.0
1988-05-25 00:00:00-04:00,2.283292531967163,2.3418382709901726,2.224746792944153,2.283292531967163,55200,0.0,0.0
1988-05-26 00:00:00-04:00,2.2832933159631077,2.341839075088501,2.2247475568377144,2.341839075088501,15000,0.0,0.0
1988-05-27 00:00:00-04:00,2.3536080220336837,2.3536080220336837,2.2359280586242676,2.2359280586242676,10500,0.016667,0.0
1988-05-31 00:00:00-04:00,2.2359280586242676,2.3536080220336837,2.2359280586242676,2.2359280586242676,21300,0.0,0.0
1988-06-01 00:00:00-04:00,2.2359280586242676,2.3536080220336837,2.2359280586242676,2.2359280586242676,13500,0.0,0.0
1988-06-02 00:00:00-04:00,2.235927414993617,2.294767379760742,2.235927414993617,2.294767379760742,17100,0.0,0.0
1988-06-03 00:00:00-04:00,2.2947680403289756,2.2947680403289756,2.2359280586242676,2.2359280586242676,57600,0.0,0.0
1988-06-06 00:00:00-04:00,2.235927936032851,2.3536078929901123,2.235927936032851,2.3536078929901123,12300,0.0,0.0
1988-06-07 00:00:00-04:00,2.3536080220336837,2.3536080220336837,2.2359280586242676,2.2359280586242676,10800,0.0,0.0
1988-06-08 00:00:00-04:00,2.2359280586242676,2.3536080220336837,2.2359280586242676,2.2359280586242676,37200,0.0,0.0
1988-06-09 00:00:00-04:00,2.2359283002656474,2.294768288329314,2.2359283002656474,2.265347957611084,31500,0.0,0.0
1988-06-10 00:00:00-04:00,2.2653477127902613,2.2947680403289756,2.2359280586242676,2.2359280586242676,21900,0.0,0.0
1988-06-13 00:00:00-04:00,2.32418875416685,2.4124490780798586,2.32418875416685,2.383028745651245,27900,0.0,0.0
1988-06-14 00:00:00-04:00,2.3830292548240988,2.4712895975953617,2.3536089161093523,2.4418692588806152,73200,0.0,0.0
1988-06-15 00:00:00-04:00,2.4124488830566406,2.4124488830566406,2.4124488830566406,2.4124488830566406,5400,0.0,0.0
1988-06-16 00:00:00-04:00,2.4124488830566406,2.4712888697843907,2.4124488830566406,2.4124488830566406,6000,0.0,0.0
1988-06-17 00:00:00-04:00,2.4124488830566406,2.4124488830566406,2.4124488830566406,2.4124488830566406,36000,0.0,0.0
1988-06-20 00:00:00-04:00,2.3536080220336837,2.3536080220336837,2.1770874035468393,2.2359280586242676,88800,0.0,0.0
1988-06-21 00:00:00-04:00,2.2359280586242676,2.3536080220336837,2.2359280586242676,2.2359280586242676,2400,0.0,0.0
1988-06-22 00:00:00-04:00,2.2359280586242676,2.32418836786769,2.2359280586242676,2.2359280586242676,9900,0.0,0.0
1988-06-23 00:00:00-04:00,2.2359280586242676,2.2359280586242676,2.2359280586242676,2.2359280586242676,7500,0.0,0.0
1988-06-24 00:00:00-04:00,2.2359280586242676,2.2947680403289756,2.2359280586242676,2.2359280586242676,33900,0.0,0.0
1988-06-27 00:00:00-04:00,2.2359280586242676,2.32418836786769,2.2359280586242676,2.2359280586242676,79800,0.0,0.0
1988-06-28 00:00:00-04:00,2.2359280586242676,2.2653477127902613,2.2359280586242676,2.2359280586242676,79200,0.0,0.0
1988-06-29 00:00:00-04:00,2.2359292176827874,2.265348887099317,2.2065088748931885,2.2065088748931885,18600,0.0,0.0
1988-06-30 00:00:00-04:00,2.206507095923791,2.294767379760742,2.1770867768539643,2.294767379760742,94500,0.0,0.0
1988-07-01 00:00:00-04:00,2.294767379760742,2.294767379760742,2.294767379760742,2.294767379760742,3000,0.0,0.0
1988-07-05 00:00:00-04:00,2.294767379760742,2.294767379760742,2.1770867768539643,2.294767379760742,4200,0.0,0.0
1988-07-06 00:00:00-04:00,2.294769229888916,2.294769229888916,2.1770885321035895,2.2065088748931885,21300,0.0,0.0
1988-07-07 00:00:00-04:00,2.2065077310855536,2.32418836786769,2.2065077310855536,2.2359280586242676,8700,0.0,0.0
1988-07-08 00:00:00-04:00,2.2359280586242676,2.32418836786769,2.2359280586242676,2.2359280586242676,2400,0.0,0.0
1988-07-11 00:00:00-04:00,2.235927414993617,2.294767379760742,2.235927414993617,2.294767379760742,36300,0.0,0.0
1988-07-12 00:00:00-04:00,2.2359280586242676,2.2359280586242676,2.2359280586242676,2.2359280586242676,7200,0.0,0.0
1988-07-13 00:00:00-04:00,2.2359280586242676,2.2359280586242676,2.2359280586242676,2.2359280586242676,4200,0.0,0.0
1988-07-14 00:00:00-04:00,2.2359280586242676,2.32418836786769,2.2359280586242676,2.2359280586242676,61500,0.0,0.0
1988-07-15 00:00:00-04:00,2.235927414993617,2.294767379760742,2.235927414993617,2.294767379760742,24900,0.0,0.0
1988-07-18 00:00:00-04:00,2.2947680403289756,2.2947680403289756,2.2359280586242676,2.2359280586242676,8400,0.0,0.0
1988-07-19 00:00:00-04:00,2.2359280586242676,2.2359280586242676,2.2359280586242676,2.2359280586242676,1500,0.0,0.0
1988-07-20 00:00:00-04:00,2.2359283002656474,2.265347957611084,2.2359283002656474,2.265347957611084,12300,0.0,0.0
1988-07-21 00:00:00-04:00,2.2653481084731153,2.294768441150608,2.1770877838134766,2.1770877838134766,51000,0.0,0.0
1988-07-22 00:00:00-04:00,2.1770877838134766,2.2653481084731153,2.1770877838134766,2.1770877838134766,72600,0.0,0.0
1988-07-25 00:00:00-04:00,2.1770877838134766,2.2359284491684615,2.1770877838134766,2.1770877838134766,6300,0.0,0.0
1988-07-26 00:00:00-04:00,2.1770877838134766,2.2359284491684615,2.1770877838134766,2.1770877838134766,31200,0.0,0.0
1988-07-27 00:00:00-04:00,2.1770877838134766,2.1770877838134766,2.1770877838134766,2.1770877838134766,5100,0.0,0.0
1988-07-28 00:00:00-04:00,2.177087983211095,2.2359286539552463,2.1182479858398438,2.1182479858398438,44700,0.0,0.0
1988-07-29 00:00:00-04:00,2.118247421842131,2.2359280586242676,2.118247421842131,2.2359280586242676,3300,0.0,0.0
1988-08-01 00:00:00-04:00,2.2359286539552463,2.2359286539552463,2.1182479858398438,2.1182479858398438,11700,0.0,0.0
1988-08-02 00:00:00-04:00,2.118248519897461,2.2359292176827874,2.118248519897461,2.2065088748931885,48000,0.0,0.0
1988-08-03 00:00:00-04:00,2.206508318583171,2.2359286539552463,2.1182479858398438,2.1182479858398438,6000,0.0,0.0
1988-08-04 00:00:00-04:00,2.118247421842131,2.2359280586242676,2.118247421842131,2.2359280586242676,5700,0.0,0.0
1988-08-05 00:00:00-04:00,2.2359280586242676,2.2359280586242676,2.118247421842131,2.2359280586242676,900,0.0,0.0
1988-08-08 00:00:00-04:00,2.2359292176827874,2.2359292176827874,2.118248519897461,2.2065088748931885,57300,0.0,0.0
1988-08-09 00:00:00-04:00,2.1182479858398438,2.1182479858398438,2.1182479858398438,2.1182479858398438,10800,0.0,0.0
1988-08-10 00:00:00-04:00,2.1182479858398438,2.2359286539552463,2.1182479858398438,2.1182479858398438,18300,0.0,0.0
1988-08-11 00:00:00-04:00,2.118247421842131,2.2359280586242676,2.118247421842131,2.2359280586242676,3600,0.0,0.0
1988-08-12 00:00:00-04:00,2.2359284491684615,2.2359284491684615,2.1182477918313305,2.1770877838134766,12300,0.0,0.0
1988-08-15 00:00:00-04:00,2.177087983211095,2.2359286539552463,2.1182479858398438,2.1182479858398438,1800,0.0,0.0
1988-08-16 00:00:00-04:00,2.1770877838134766,2.2359284491684615,2.1770877838134766,2.1770877838134766,4800,0.0,0.0
1988-08-17 00:00:00-04:00,2.1770874035468393,2.2359280586242676,2.1770874035468393,2.2359280586242676,15300,0.0,0.0
1988-08-18 00:00:00-04:00,2.1770877838134766,2.1770877838134766,2.1770877838134766,2.1770877838134766,2100,0.0,0.0
1988-08-19 00:00:00-04:00,2.1770877838134766,2.1770877838134766,2.1770877838134766,2.1770877838134766,600,0.0,0.0
1988-08-22 00:00:00-04:00,2.1770874035468393,2.2359280586242676,2.1770874035468393,2.2359280586242676,7200,0.0,0.0
1988-08-23 00:00:00-04:00,2.2359284491684615,2.2359284491684615,2.1770877838134766,2.1770877838134766,46200,0.0,0.0
1988-08-24 00:00:00-04:00,2.1770885321035895,2.2065088748931885,2.1770885321035895,2.2065088748931885,6000,0.0,0.0
1988-08-25 00:00:00-04:00,2.2065081164909692,2.2359284491684615,2.1770877838134766,2.1770877838134766,32700,0.0,0.0
1988-08-26 00:00:00-04:00,2.1770874035468393,2.2359280586242676,2.1770874035468393,2.2359280586242676,22500,0.0,0.0
1988-08-29 00:00:00-04:00,2.2299818992614746,2.2299818992614746,2.200248580425832,2.2299818992614746,21300,0.033333,0.0
1988-08-30 00:00:00-04:00,2.2299803515504184,2.259713649749756,2.200247053351081,2.259713649749756,54900,0.0,0.0
1988-08-31 00:00:00-04:00,2.1705159131190612,2.1705159131190612,2.081316638340695,2.140782594680786,13500,0.0,0.0
1988-09-01 00:00:00-04:00,2.140782594680786,2.2597151878974273,2.081316638340695,2.140782594680786,22500,0.0,0.0
1988-09-02 00:00:00-04:00,2.14078193220063,2.200247870138565,2.0813159942626953,2.0813159942626953,5700,0.0,0.0
1988-09-06 00:00:00-04:00,2.081316506550334,2.2002484116996675,2.081316506550334,2.170515775680542,79200,0.0,0.0
1988-09-07 00:00:00-04:00,2.0813159942626953,2.0813159942626953,2.0813159942626953,2.0813159942626953,1800,0.0,0.0
1988-09-08 00:00:00-04:00,2.08131589441698,2.2002477645874023,2.08131589441698,2.2002477645874023,41700,0.0,0.0
1988-09-09 00:00:00-04:00,2.200247053351081,2.259713649749756,2.170514435687739,2.259713649749756,27600,0.0,0.0
1988-09-12 00:00:00-04:00,2.2597150448107506,2.2597150448107506,2.170515775680542,2.170515775680542,25200,0.0,0.0
1988-09-13 00:00:00-04:00,2.170515942126658,2.2299818992614746,2.170515942126658,2.2299818992614746,9600,0.0,0.0
1988-09-14 00:00:00-04:00,2.2299818992614746,2.2299818992614746,2.170515942126658,2.2299818992614746,4500,0.0,0.0
1988-09-15 00:00:00-04:00,2.2299818992614746,2.2299818992614746,2.170515942126658,2.2299818992614746,35700,0.0,0.0
1988-09-16 00:00:00-04:00,2.170515775680542,2.170515775680542,2.170515775680542,2.170515775680542,10500,0.0,0.0
1988-09-19 00:00:00-04:00,2.170515775680542,2.170515775680542,2.170515775680542,2.170515775680542,600,0.0,0.0
1988-09-20 00:00:00-04:00,2.170515137312905,2.2597143802088295,2.170515137312905,2.2002477645874023,23400,0.0,0.0
1988-09-21 00:00:00-04:00,2.200247053351081,2.259713649749756,2.200247053351081,2.259713649749756,10200,0.0,0.0
1988-09-22 00:00:00-04:00,2.2597140444145145,2.378645896911621,2.229980741022181,2.378645896911621,149400,0.0,0.0
1988-09-23 00:00:00-04:00,2.378645896911621,2.378645896911621,2.319179970663068,2.378645896911621,47700,0.0,0.0
1988-09-26 00:00:00-04:00,2.3786456945194567,2.3786456945194567,2.3191797733306885,2.3191797733306885,30600,0.0,0.0
1988-09-27 00:00:00-04:00,2.348913274055402,2.438112503696289,2.348913274055402,2.378645896911621,16800,0.0,0.0
1988-09-28 00:00:00-04:00,2.408379316329956,2.438112621154721,2.408379316329956,2.408379316329956,1200,0.0,0.0
1988-09-29 00:00:00-04:00,2.408379316329956,2.408379316329956,2.3489133872165744,2.408379316329956,6000,0.0,0.0
1988-09-30 00:00:00-04:00,2.4083794295260335,2.497578667656627,2.3489134976176973,2.438112735748291,36000,0.0,0.0
1988-10-03 00:00:00-04:00,2.4381129228572718,2.4975788593292236,2.40837961435318,2.4975788593292236,196800,0.0,0.0
1988-10-04 00:00:00-04:00,2.438112503696289,2.438112503696289,2.378645896911621,2.378645896911621,60000,0.0,0.0
1988-10-05 00:00:00-04:00,2.3191797733306885,2.3191797733306885,2.3191797733306885,2.3191797733306885,900,0.0,0.0
1988-10-06 00:00:00-04:00,2.3786460115051913,2.408379316329956,2.3786460115051913,2.408379316329956,2400,0.0,0.0
1988-10-07 00:00:00-04:00,2.3786456945194567,2.3786456945194567,2.2597138521419207,2.3191797733306885,34200,0.0,0.0
1988-10-10 00:00:00-04:00,2.319180361187091,2.3489136695861816,2.2894470527880006,2.3489136695861816,18600,0.0,0.0
1988-10-11 00:00:00-04:00,2.348913074193101,2.348913074193101,2.3191797733306885,2.3191797733306885,5100,0.0,0.0
1988-10-12 00:00:00-04:00,2.3191797733306885,2.3191797733306885,2.2894464724682764,2.3191797733306885,3600,0.0,0.0
1988-10-13 00:00:00-04:00,2.3191797733306885,2.3191797733306885,2.2894464724682764,2.3191797733306885,3600,0.0,0.0
1988-10-14 00:00:00-04:00,2.3191806192948596,2.378646562174934,2.28944730758667,2.28944730758667,38100,0.0,0.0
1988-10-17 00:00:00-04:00,2.28944730758667,2.3191806192948596,2.28944730758667,2.28944730758667,15000,0.0,0.0
1988-10-18 00:00:00-04:00,2.28944730758667,2.3489139310030493,2.28944730758667,2.28944730758667,69000,0.0,0.0
1988-10-19 00:00:00-04:00,2.2894462674130978,2.3489128638117727,2.259713649749756,2.259713649749756,22200,0.0,0.0
1988-10-20 00:00:00-04:00,2.259713649749756,2.3489128638117727,2.259713649749756,2.259713649749756,10200,0.0,0.0
1988-10-21 00:00:00-04:00,2.259713649749756,2.319179565612435,2.259713649749756,2.259713649749756,46200,0.0,0.0
1988-10-24 00:00:00-04:00,2.2597138521419207,2.3191797733306885,2.229980551279508,2.3191797733306885,75000,0.0,0.0
1988-10-25 00:00:00-04:00,2.259713649749756,2.259713649749756,2.259713649749756,2.259713649749756,17100,0.0,0.0
1988-10-26 00:00:00-04:00,2.259713649749756,2.319179565612435,2.259713649749756,2.259713649749756,11400,0.0,0.0
1988-10-27 00:00:00-04:00,2.259713649749756,2.319179565612435,2.259713649749756,2.259713649749756,12900,0.0,0.0
1988-10-28 00:00:00-04:00,2.259713649749756,2.319179565612435,2.259713649749756,2.259713649749756,60000,0.0,0.0
1988-10-31 00:00:00-05:00,2.259713649749756,2.319179565612435,2.259713649749756,2.259713649749756,50400,0.0,0.0
1988-11-01 00:00:00-05:00,2.259713649749756,2.319179565612435,2.259713649749756,2.259713649749756,57900,0.0,0.0
1988-11-02 00:00:00-05:00,2.259713649749756,2.319179565612435,2.259713649749756,2.259713649749756,15300,0.0,0.0
1988-11-03 00:00:00-05:00,2.259713649749756,2.319179565612435,2.259713649749756,2.259713649749756,42000,0.0,0.0
1988-11-04 00:00:00-05:00,2.3786461233037755,2.497578667656627,2.3786461233037755,2.438112735748291,92700,0.0,0.0
1988-11-07 00:00:00-05:00,2.4381122962442814,2.497578217433049,2.3191797733306885,2.3191797733306885,79500,0.0,0.0
1988-11-08 00:00:00-05:00,2.319179970663068,2.378645896911621,2.2597140444145145,2.378645896911621,140400,0.0,0.0
1988-11-09 00:00:00-05:00,2.378645896911621,2.378645896911621,2.2597140444145145,2.378645896911621,3000,0.0,0.0
1988-11-10 00:00:00-05:00,2.3786454814751146,2.3786454814751146,2.259713649749756,2.259713649749756,8400,0.0,0.0
1988-11-11 00:00:00-05:00,2.259713649749756,2.3786454814751146,2.259713649749756,2.259713649749756,52500,0.0,0.0
1988-11-14 00:00:00-05:00,2.259713649749756,2.2894462674130978,2.259713649749756,2.259713649749756,62700,0.0,0.0
1988-11-15 00:00:00-05:00,2.259713649749756,2.319179565612435,2.259713649749756,2.259713649749756,36000,0.0,0.0
1988-11-16 00:00:00-05:00,2.2597138521419207,2.3191797733306885,2.2597138521419207,2.3191797733306885,20700,0.0,0.0
1988-11-17 00:00:00-05:00,2.2597143802088295,2.2597143802088295,2.2002477645874023,2.2002477645874023,25200,0.0,0.0
1988-11-18 00:00:00-05:00,2.200247053351081,2.259713649749756,2.1407811374884016,2.259713649749756,55200,0.0,0.0
1988-11-21 00:00:00-05:00,2.2002477645874023,2.2002477645874023,2.2002477645874023,2.2002477645874023,9300,0.0,0.0
1988-11-22 00:00:00-05:00,2.2002477645874023,2.2597143802088295,2.2002477645874023,2.2002477645874023,38400,0.0,0.0
1988-11-23 00:00:00-05:00,2.2242934703826904,2.2844099749697553,2.2242934703826904,2.2242934703826904,7800,0.033333,0.0
1988-11-25 00:00:00-05:00,2.2242941910387435,2.2844107151031494,2.2242941910387435,2.2844107151031494,6000,0.0,0.0
1988-11-28 00:00:00-05:00,2.2242934703826904,2.2242934703826904,2.2242934703826904,2.2242934703826904,17100,0.0,0.0
1988-11-29 00:00:00-05:00,2.2242934703826904,2.2242934703826904,2.2242934703826904,2.2242934703826904,4500,0.0,0.0
1988-11-30 00:00:00-05:00,2.2242941910387435,2.2844107151031494,2.2242941910387435,2.2844107151031494,23400,0.0,0.0
1988-12-01 00:00:00-05:00,2.2242934703826904,2.2242934703826904,2.2242934703826904,2.2242934703826904,2700,0.0,0.0
1988-12-02 00:00:00-05:00,2.2242946980604756,2.254352966944377,2.1641788482666016,2.1641788482666016,20700,0.0,0.0
1988-12-05 00:00:00-05:00,2.164177653769174,2.2242934703826904,2.164177653769174,2.2242934703826904,82800,0.0,0.0
1988-12-06 00:00:00-05:00,2.1641786396376865,2.1641786396376865,2.104062795639038,2.104062795639038,11400,0.0,0.0
1988-12-07 00:00:00-05:00,2.1040618371556574,2.2242934703826904,2.1040618371556574,2.2242934703826904,18600,0.0,0.0
1988-12-08 00:00:00-05:00,2.2242945730097974,2.2242945730097974,2.1040628801815204,2.194236993789673,5400,0.0,0.0
1988-12-09 00:00:00-05:00,2.1641786396376865,2.1641786396376865,2.104062795639038,2.104062795639038,2100,0.0,0.0
1988-12-12 00:00:00-05:00,2.104063120096107,2.164178973364921,2.104063120096107,2.1341207027435303,368700,0.0,0.0
1988-12-13 00:00:00-05:00,2.1341203736514314,2.1641786396376865,2.104062795639038,2.104062795639038,10500,0.0,0.0
1988-12-14 00:00:00-05:00,2.104062552789641,2.1641783898497624,2.0439460277557373,2.0439460277557373,626700,0.0,0.0
1988-12-15 00:00:00-05:00,2.0439460277557373,2.1641783898497624,2.0439460277557373,2.0439460277557373,10800,0.0,0.0
1988-12-16 00:00:00-05:00,2.0439460277557373,2.1641783898497624,2.0439460277557373,2.0439460277557373,335100,0.0,0.0
1988-12-19 00:00:00-05:00,2.0439460277557373,2.0439460277557373,2.0439460277557373,2.0439460277557373,5700,0.0,0.0
1988-12-20 00:00:00-05:00,2.0439460277557373,2.104062552789641,2.0439460277557373,2.0439460277557373,51900,0.0,0.0
1988-12-21 00:00:00-05:00,2.0439462636665278,2.104062795639038,1.9838304196678793,2.104062795639038,120900,0.0,0.0
1988-12-22 00:00:00-05:00,2.104062552789641,2.104062552789641,2.0138884532125676,2.0439460277557373,397800,0.0,0.0
1988-12-23 00:00:00-05:00,2.0439456902308892,2.074003947784202,1.8335399512787058,2.013888120651245,780000,0.0,0.0
1988-12-27 00:00:00-05:00,2.0138893235184696,2.04394691105108,1.9838310480117798,1.9838310480117798,18000,0.0,0.0
1988-12-28 00:00:00-05:00,1.9838310480117798,1.9838310480117798,1.9838310480117798,1.9838310480117798,51300,0.0,0.0
1988-12-29 00:00:00-05:00,1.9838301906956157,2.104062552789641,1.9838301906956157,2.0439460277557373,59100,0.0,0.0
1988-12-30 00:00:00-05:00,2.0439460277557373,2.1641783898497624,2.0439460277557373,2.0439460277557373,31200,0.0,0.0
1989-01-03 00:00:00-05:00,2.074004529652783,2.104062795639038,2.074004529652783,2.104062795639038,3600,0.0,0.0
1989-01-04 00:00:00-05:00,2.104062552789641,2.104062552789641,2.0439460277557373,2.0439460277557373,17100,0.0,0.0
1989-01-05 00:00:00-05:00,1.9838310480117798,1.9838310480117798,1.9838310480117798,1.9838310480117798,300,0.0,0.0
1989-01-06 00:00:00-05:00,2.0439460277557373,2.104062552789641,2.0439460277557373,2.0439460277557373,4800,0.0,0.0
1989-01-09 00:00:00-05:00,2.04394691105108,2.1040634620644596,1.9838310480117798,1.9838310480117798,45900,0.0,0.0
1989-01-10 00:00:00-05:00,1.9838310480117798,2.1040634620644596,1.9838310480117798,1.9838310480117798,9000,0.0,0.0
1989-01-11 00:00:00-05:00,1.9838304196678793,2.104062795639038,1.9838304196678793,2.104062795639038,15600,0.0,0.0
1989-01-12 00:00:00-05:00,2.1040629984727275,2.1641788482666016,2.043946460704926,2.1641788482666016,18600,0.0,0.0
1989-01-13 00:00:00-05:00,2.1641788482666016,2.1641788482666016,2.1641788482666016,2.1641788482666016,6900,0.0,0.0
1989-01-16 00:00:00-05:00,2.164177653769174,2.2242934703826904,2.1040618371556574,2.2242934703826904,28500,0.0,0.0
1989-01-17 00:00:00-05:00,2.2242945730097974,2.2242945730097974,2.164178726595659,2.194236993789673,67800,0.0,0.0
1989-01-18 00:00:00-05:00,2.194237117150503,2.254352966944377,2.1641788482666016,2.1641788482666016,58500,0.0,0.0
1989-01-19 00:00:00-05:00,2.1641774544349084,2.3445255756378174,2.1641774544349084,2.3445255756378174,105300,0.0,0.0
1989-01-20 00:00:00-05:00,2.3445255756378174,2.3445255756378174,2.2543515150363627,2.3445255756378174,207900,0.0,0.0
1989-01-23 00:00:00-05:00,2.3445269203186037,2.3445269203186037,2.2543528079986572,2.2543528079986572,9000,0.0,0.0
1989-01-24 00:00:00-05:00,2.2543515150363627,2.3445255756378174,2.2543515150363627,2.3445255756378174,18000,0.0,0.0
1989-01-25 00:00:00-05:00,2.3445269203186037,2.3445269203186037,2.2543528079986572,2.2543528079986572,31500,0.0,0.0
1989-01-26 00:00:00-05:00,2.2543528079986572,2.314468653553995,2.19423696244332,2.2543528079986572,66900,0.0,0.0
1989-01-27 00:00:00-05:00,2.2844107151031494,2.2844107151031494,2.2844107151031494,2.2844107151031494,1500,0.0,0.0
1989-01-30 00:00:00-05:00,2.2242934703826904,2.2242934703826904,2.2242934703826904,2.2242934703826904,2400,0.0,0.0
1989-01-31 00:00:00-05:00,2.2844107151031494,2.2844107151031494,2.2844107151031494,2.2844107151031494,600,0.0,0.0
1989-02-01 00:00:00-05:00,2.2844099749697553,2.2844099749697553,2.2242934703826904,2.2242934703826904,12000,0.0,0.0
1989-02-02 00:00:00-05:00,2.2242934703826904,2.2844099749697553,2.2242934703826904,2.2242934703826904,15000,0.0,0.0
1989-02-03 00:00:00-05:00,2.2242934703826904,2.2844099749697553,2.2242934703826904,2.2242934703826904,1200,0.0,0.0
1989-02-06 00:00:00-05:00,2.2242934703826904,2.2844099749697553,2.2242934703826904,2.2242934703826904,87900,0.0,0.0
1989-02-07 00:00:00-05:00,2.2844107151031494,2.3144682891615815,2.2844107151031494,2.2844107151031494,12600,0.0,0.0
1989-02-08 00:00:00-05:00,2.2844110747632658,2.314468653553995,2.2242945412340487,2.2543528079986572,17100,0.0,0.0
1989-02-09 00:00:00-05:00,2.2543524530709464,2.3445265511937845,2.2543524530709464,2.2844107151031494,17100,0.0,0.0
1989-02-10 00:00:00-05:00,2.2844119851131253,2.3445278546249444,2.2844119851131253,2.314469575881958,64500,0.0,0.0
1989-02-13 00:00:00-05:00,2.3144682891615815,2.3144682891615815,2.2242941910387435,2.2844107151031494,20700,0.0,0.0
1989-02-14 00:00:00-05:00,2.2844110747632658,2.2844110747632658,2.19423696244332,2.2543528079986572,43800,0.0,0.0
1989-02-15 00:00:00-05:00,2.254351722676223,2.2844099749697553,2.2242934703826904,2.2242934703826904,10800,0.0,0.0
1989-02-16 00:00:00-05:00,2.2844107151031494,2.2844107151031494,2.2844107151031494,2.2844107151031494,36300,0.0,0.0
1989-02-17 00:00:00-05:00,2.2844107151031494,2.2844107151031494,2.2844107151031494,2.2844107151031494,1500,0.0,0.0
1989-02-21 00:00:00-05:00,2.2242934703826904,2.2242934703826904,2.2242934703826904,2.2242934703826904,7200,0.0,0.0
1989-02-22 00:00:00-05:00,2.2242934703826904,2.2242934703826904,2.2242934703826904,2.2242934703826904,12000,0.0,0.0
1989-02-23 00:00:00-05:00,2.2242934703826904,2.2844099749697553,2.2242934703826904,2.2242934703826904,88200,0.0,0.0
1989-02-24 00:00:00-05:00,2.2242946980604756,2.2844112358282778,2.1641788482666016,2.1641788482666016,45000,0.0,0.0
1989-02-27 00:00:00-05:00,2.1641788482666016,2.2844112358282778,2.1641788482666016,2.1641788482666016,5400,0.0,0.0
1989-02-28 00:00:00-05:00,2.1641788482666016,2.254352966944377,2.1641788482666016,2.1641788482666016,3900,0.0,0.0
1989-03-01 00:00:00-05:00,2.194236993789673,2.2543528402038113,2.194236993789673,2.194236993789673,6900,0.0,0.0
1989-03-02 00:00:00-05:00,2.194236993789673,2.194236993789673,2.194236993789673,2.194236993789673,0,0.0,0.0
1989-03-03 00:00:00-05:00,2.194236993789673,2.194236993789673,2.194236993789673,2.194236993789673,7200,0.0,0.0
1989-03-06 00:00:00-05:00,2.218549505674382,2.2793314456939697,2.218549505674382,2.2793314456939697,2400,0.033333,0.0
1989-03-07 00:00:00-05:00,2.2489397260180795,2.2489397260180795,2.188157796859741,2.188157796859741,17100,0.0,0.0
1989-03-08 00:00:00-05:00,2.188157796859741,2.2489397260180795,2.188157796859741,2.188157796859741,12900,0.0,0.0
1989-03-09 00:00:00-05:00,2.188157796859741,2.2489397260180795,2.188157796859741,2.188157796859741,33000,0.0,0.0
1989-03-10 00:00:00-05:00,2.188157796859741,2.2489397260180795,2.188157796859741,2.188157796859741,19500,0.0,0.0
1989-03-13 00:00:00-05:00,2.188157796859741,2.218549109237226,2.188157796859741,2.188157796859741,15900,0.0,0.0
1989-03-14 00:00:00-05:00,2.188157796859741,2.2489397260180795,2.188157796859741,2.188157796859741,17700,0.0,0.0
1989-03-15 00:00:00-05:00,2.188157796859741,2.2489397260180795,2.188157796859741,2.188157796859741,4800,0.0,0.0
1989-03-16 00:00:00-05:00,2.188158407534413,2.248940353655872,2.188158407534413,2.2185497283935547,45300,0.0,0.0
1989-03-17 00:00:00-05:00,2.188157796859741,2.188157796859741,2.188157796859741,2.188157796859741,1500,0.0,0.0
1989-03-20 00:00:00-05:00,2.1881574107594464,2.2185487177743854,2.1273754923260753,2.157766103744507,19500,0.0,0.0
1989-03-21 00:00:00-05:00,2.1577670866752716,2.2185497283935547,2.1577670866752716,2.2185497283935547,12900,0.0,0.0
1989-03-22 00:00:00-05:00,2.2185487177743854,2.2185487177743854,2.157766103744507,2.157766103744507,9000,0.0,0.0
1989-03-23 00:00:00-05:00,2.2185497283935547,2.2185497283935547,2.2185497283935547,2.2185497283935547,1200,0.0,0.0
1989-03-27 00:00:00-05:00,2.2185487177743854,2.2185487177743854,2.157766103744507,2.157766103744507,8400,0.0,0.0
1989-03-28 00:00:00-05:00,2.1577670866752716,2.2185497283935547,2.1577670866752716,2.2185497283935547,11400,0.0,0.0
1989-03-29 00:00:00-05:00,2.218548950137413,2.3097221851348877,2.157766329741376,2.3097221851348877,42000,0.0,0.0
1989-03-30 00:00:00-05:00,2.3097221851348877,2.3097221851348877,2.3097221851348877,2.3097221851348877,2400,0.0,0.0
1989-03-31 00:00:00-05:00,2.3097229953741554,2.3097229953741554,2.188158407534413,2.2185497283935547,11100,0.0,0.0
1989-04-03 00:00:00-04:00,2.218549109237226,2.279331038395564,2.188157796859741,2.188157796859741,16800,0.0,0.0
1989-04-04 00:00:00-04:00,2.188157796859741,2.279331038395564,2.188157796859741,2.188157796859741,67200,0.0,0.0
1989-04-05 00:00:00-04:00,2.188158407534413,2.2185497283935547,2.188158407534413,2.2185497283935547,4500,0.0,0.0
1989-04-06 00:00:00-04:00,2.2185497283935547,2.248940353655872,2.188158407534413,2.2185497283935547,66300,0.0,0.0
1989-04-07 00:00:00-04:00,2.2185497283935547,2.2185497283935547,2.2185497283935547,2.2185497283935547,30000,0.0,0.0
1989-04-10 00:00:00-04:00,2.218549135438959,2.2489397525787354,2.188157822702544,2.2489397525787354,76800,0.0,0.0
1989-04-11 00:00:00-04:00,2.188157796859741,2.188157796859741,2.188157796859741,2.188157796859741,5400,0.0,0.0
1989-04-12 00:00:00-04:00,2.2185497283935547,2.248940353655872,2.2185497283935547,2.2185497283935547,41700,0.0,0.0
1989-04-13 00:00:00-04:00,2.218549135438959,2.2489397525787354,2.218549135438959,2.2489397525787354,4800,0.0,0.0
1989-04-14 00:00:00-04:00,2.2489397525787354,2.2489397525787354,2.218549135438959,2.2489397525787354,83400,0.0,0.0
1989-04-17 00:00:00-04:00,2.2185497283935547,2.2185497283935547,2.2185497283935547,2.2185497283935547,15000,0.0,0.0
1989-04-18 00:00:00-04:00,2.2185497283935547,2.248940353655872,2.188158407534413,2.2185497283935547,42900,0.0,0.0
1989-04-19 00:00:00-04:00,2.218549135438959,2.2489397525787354,2.218549135438959,2.2489397525787354,129000,0.0,0.0
1989-04-20 00:00:00-04:00,2.248940353655872,2.248940353655872,2.2185497283935547,2.2185497283935547,38400,0.0,0.0
1989-04-21 00:00:00-04:00,2.2185497283935547,2.3097229953741554,2.2185497283935547,2.2185497283935547,2400,0.0,0.0
1989-04-24 00:00:00-04:00,2.2185497283935547,2.3097229953741554,2.2185497283935547,2.2185497283935547,6300,0.0,0.0
1989-04-25 00:00:00-04:00,2.2185497283935547,2.2185497283935547,2.2185497283935547,2.2185497283935547,300,0.0,0.0
1989-04-26 00:00:00-04:00,2.218549505674382,2.2793314456939697,2.218549505674382,2.2793314456939697,153300,0.0,0.0
1989-04-27 00:00:00-04:00,2.2185497283935547,2.2185497283935547,2.2185497283935547,2.2185497283935547,19500,0.0,0.0
1989-04-28 00:00:00-04:00,2.2185497283935547,2.2793316745150136,2.2185497283935547,2.2185497283935547,7800,0.0,0.0
1989-05-01 00:00:00-04:00,2.218549505674382,2.2793314456939697,2.218549505674382,2.2793314456939697,3300,0.0,0.0
1989-05-02 00:00:00-04:00,2.2185497283935547,2.2185497283935547,2.2185497283935547,2.2185497283935547,8700,0.0,0.0
1989-05-03 00:00:00-04:00,2.2185497283935547,2.2185497283935547,2.2185497283935547,2.2185497283935547,33600,0.0,0.0
1989-05-04 00:00:00-04:00,2.218549109237226,2.279331038395564,2.188157796859741,2.188157796859741,84900,0.0,0.0
1989-05-05 00:00:00-04:00,2.188157796859741,2.2489397260180795,2.188157796859741,2.188157796859741,11700,0.0,0.0
1989-05-08 00:00:00-04:00,2.157766103744507,2.157766103744507,2.157766103744507,2.157766103744507,13800,0.0,0.0
1989-05-09 00:00:00-04:00,2.1577670866752716,2.2185497283935547,2.1577670866752716,2.2185497283935547,2400,0.0,0.0
1989-05-10 00:00:00-04:00,2.2185487177743854,2.2185487177743854,2.157766103744507,2.157766103744507,28500,0.0,0.0
1989-05-11 00:00:00-04:00,2.157766103744507,2.157766103744507,2.157766103744507,2.157766103744507,3000,0.0,0.0
1989-05-12 00:00:00-04:00,2.157766103744507,2.157766103744507,2.157766103744507,2.157766103744507,3300,0.0,0.0
1989-05-15 00:00:00-04:00,2.157766103744507,2.157766103744507,2.157766103744507,2.157766103744507,0,0.0,0.0
1989-05-16 00:00:00-04:00,2.157766103744507,2.157766103744507,2.157766103744507,2.157766103744507,14700,0.0,0.0
1989-05-17 00:00:00-04:00,2.157767183015688,2.1881585052317476,2.1273765563964844,2.1273765563964844,11400,0.0,0.0
1989-05-18 00:00:00-04:00,2.1273765563964844,2.1273765563964844,2.1273765563964844,2.1273765563964844,900,0.0,0.0
1989-05-19 00:00:00-04:00,2.1273765563964844,2.1881585052317476,2.1273765563964844,2.1273765563964844,9000,0.0,0.0
1989-05-22 00:00:00-04:00,2.1273765563964844,2.1881585052317476,2.1273765563964844,2.1273765563964844,9600,0.0,0.0
1989-05-23 00:00:00-04:00,2.1273754923260753,2.157766103744507,2.0665928782961966,2.157766103744507,19500,0.0,0.0
1989-05-24 00:00:00-04:00,2.157767404239125,2.157767404239125,2.066594123840332,2.066594123840332,15000,0.0,0.0
1989-05-25 00:00:00-04:00,2.066594123840332,2.157767404239125,2.066594123840332,2.066594123840332,38100,0.0,0.0
1989-05-26 00:00:00-04:00,2.091195821762085,2.1527020573781943,2.091195821762085,2.091195821762085,46800,0.033333,0.0
1989-05-30 00:00:00-04:00,2.0911963093025725,2.1219494342803955,2.0911963093025725,2.1219494342803955,10800,0.0,0.0
1989-05-31 00:00:00-04:00,2.1219489395701396,2.1219489395701396,2.0604434078316665,2.091195821762085,37200,0.0,0.0
1989-06-01 00:00:00-04:00,2.1219494342803955,2.1219494342803955,2.1219494342803955,2.1219494342803955,4500,0.0,0.0
1989-06-02 00:00:00-04:00,2.1219494342803955,2.1219494342803955,2.0911963093025725,2.1219494342803955,24600,0.0,0.0
1989-06-05 00:00:00-04:00,2.1219487397930976,2.1527018547058105,2.0911956248803842,2.1527018547058105,30900,0.0,0.0
1989-06-06 00:00:00-04:00,2.1527018547058105,2.1527018547058105,2.0911956248803842,2.1527018547058105,9600,0.0,0.0
1989-06-07 00:00:00-04:00,2.1527018547058105,2.1527018547058105,2.1219487397930976,2.1527018547058105,31500,0.0,0.0
1989-06-08 00:00:00-04:00,2.214207172393799,2.275712692556681,2.214207172393799,2.214207172393799,102300,0.0,0.0
1989-06-09 00:00:00-04:00,2.2142069753911793,2.275712490081787,2.2142069753911793,2.275712490081787,7500,0.0,0.0
1989-06-12 00:00:00-04:00,2.275712490081787,2.275712490081787,2.2142069753911793,2.275712490081787,47100,0.0,0.0
1989-06-13 00:00:00-04:00,2.2757129866062313,2.337219218593964,2.2142074584960936,2.3064661026000977,44400,0.0,0.0
1989-06-14 00:00:00-04:00,2.3064654161839315,2.3372185230255127,2.3064654161839315,2.3372185230255127,28500,0.0,0.0
1989-06-15 00:00:00-04:00,2.3372190327497195,2.3987245559692383,2.275712805652662,2.3987245559692383,73800,0.0,0.0
1989-06-16 00:00:00-04:00,2.3064661026000977,2.3064661026000977,2.3064661026000977,2.3064661026000977,600,0.0,0.0
1989-06-19 00:00:00-04:00,2.3064654161839315,2.398724032831289,2.3064654161839315,2.3372185230255127,23700,0.0,0.0
1989-06-20 00:00:00-04:00,2.337219218593964,2.3987247467041013,2.3064661026000977,2.3064661026000977,4200,0.0,0.0
1989-06-21 00:00:00-04:00,2.3064661026000977,2.3987247467041013,2.3064661026000977,2.3064661026000977,9900,0.0,0.0
1989-06-22 00:00:00-04:00,2.3064654161839315,2.3372185230255127,2.3064654161839315,2.3372185230255127,576300,0.0,0.0
1989-06-23 00:00:00-04:00,2.3372192834065735,2.4294779300689697,2.3372192834065735,2.4294779300689697,167700,0.0,0.0
1989-06-26 00:00:00-04:00,2.4294779300689697,2.4909834598846956,2.3372192834065735,2.4294779300689697,28500,0.0,0.0
1989-06-27 00:00:00-04:00,2.429477980116605,2.5524890422821045,2.429477980116605,2.5524890422821045,16200,0.0,0.0
1989-06-28 00:00:00-04:00,2.5524883535256646,2.675500086375645,2.5217359482212487,2.5832414627075195,97200,0.0,0.0
1989-06-29 00:00:00-04:00,2.583241528478162,2.6755001544952393,2.583241528478162,2.6755001544952393,29700,0.0,0.0
1989-06-30 00:00:00-04:00,2.6755001544952393,2.6755001544952393,2.583241528478162,2.6755001544952393,17700,0.0,0.0
1989-07-03 00:00:00-04:00,2.6755001544952393,2.6755001544952393,2.6755001544952393,2.6755001544952393,6000,0.0,0.0
1989-07-05 00:00:00-04:00,2.7062530517578125,2.7062530517578125,2.7062530517578125,2.7062530517578125,1500,0.0,0.0
1989-07-06 00:00:00-04:00,2.706254950825529,2.706254950825529,2.6139962673187256,2.6139962673187256,3900,0.0,0.0
1989-07-07 00:00:00-04:00,2.6139946384430064,2.706253264460084,2.6139946384430064,2.6755001544952393,78300,0.0,0.0
1989-07-10 00:00:00-04:00,2.675501821697296,2.675501821697296,2.6139962673187256,2.6139962673187256,150900,0.0,0.0
1989-07-11 00:00:00-04:00,2.6139962673187256,2.706254950825529,2.6139962673187256,2.6139962673187256,57300,0.0,0.0
1989-07-12 00:00:00-04:00,2.6139944329919484,2.7062530517578125,2.552488217896438,2.7062530517578125,522600,0.0,0.0
1989-07-13 00:00:00-04:00,2.706254950825529,2.706254950825529,2.583243138190493,2.6139962673187256,322500,0.0,0.0
1989-07-14 00:00:00-04:00,2.613994571889374,2.675500086375645,2.5832414627075195,2.5832414627075195,11100,0.0,0.0
1989-07-17 00:00:00-04:00,2.6447470445303947,2.6755001544952393,2.6447470445303947,2.6755001544952393,338700,0.0,0.0
1989-07-18 00:00:00-04:00,2.6755001544952393,2.6755001544952393,2.6139946384430064,2.6755001544952393,195300,0.0,0.0
1989-07-19 00:00:00-04:00,2.675501821697296,2.675501821697296,2.6139962673187256,2.6139962673187256,66900,0.0,0.0
1989-07-20 00:00:00-04:00,2.6139946384430064,2.6755001544952393,2.6139946384430064,2.6755001544952393,228000,0.0,0.0
1989-07-21 00:00:00-04:00,2.6755001544952393,2.6755001544952393,2.6139946384430064,2.6755001544952393,87900,0.0,0.0
1989-07-24 00:00:00-04:00,2.6754995266596477,2.8292636326465073,2.6447464239113594,2.7677581310272217,34200,0.0,0.0
1989-07-25 00:00:00-04:00,2.8292660919700707,3.075289720056445,2.8292660919700707,3.044536590576172,101100,0.0,0.0
1989-07-26 00:00:00-04:00,3.0445340827250003,3.2290512998598486,2.9830285783058255,3.167545795440674,153900,0.0,0.0
1989-07-27 00:00:00-04:00,3.167545955294906,3.2290514628180342,3.075287342071533,3.075287342071533,238500,0.0,0.0
1989-07-28 00:00:00-04:00,3.075288068663988,3.1982991127738303,3.075288068663988,3.1060404777526855,96600,0.0,0.0
1989-07-31 00:00:00-04:00,3.1060404777526855,3.136793590718909,3.075288068663988,3.1060404777526855,123000,0.0,0.0
1989-08-01 00:00:00-04:00,3.106042145658814,3.106042145658814,3.044536590576172,3.044536590576172,4800,0.0,0.0
1989-08-02 00:00:00-04:00,3.0445349556977646,3.1060404777526855,3.0445349556977646,3.1060404777526855,66300,0.0,0.0
1989-08-03 00:00:00-04:00,3.106042145658814,3.106042145658814,3.044536590576172,3.044536590576172,26700,0.0,0.0
1989-08-04 00:00:00-04:00,3.044536590576172,3.106042145658814,3.044536590576172,3.044536590576172,35100,0.0,0.0
1989-08-07 00:00:00-04:00,3.0445349556977646,3.1060404777526855,3.0445349556977646,3.1060404777526855,44100,0.0,0.0
1989-08-08 00:00:00-04:00,3.1060404777526855,3.1060404777526855,3.0445349556977646,3.1060404777526855,18000,0.0,0.0
1989-08-09 00:00:00-04:00,3.106042145658814,3.106042145658814,3.044536590576172,3.044536590576172,12300,0.0,0.0
1989-08-10 00:00:00-04:00,3.0445342363712893,3.106039743894418,3.0445342363712893,3.075287342071533,18600,0.0,0.0
1989-08-11 00:00:00-04:00,3.075287342071533,3.075287342071533,3.0445342363712893,3.075287342071533,52500,0.0,0.0
1989-08-14 00:00:00-04:00,3.075285821180185,3.075285821180185,3.013779640197754,3.013779640197754,489900,0.0,0.0
1989-08-15 00:00:00-04:00,3.0137811306710454,3.075287342071533,3.0137811306710454,3.075287342071533,7200,0.0,0.0
1989-08-16 00:00:00-04:00,3.013779640197754,3.013779640197754,3.013779640197754,3.013779640197754,6900,0.0,0.0
1989-08-17 00:00:00-04:00,3.0137817739261634,3.075287998454408,2.9522762532754285,2.983029365539551,26400,0.0,0.0
1989-08-18 00:00:00-04:00,2.983028728848161,3.075287342071533,2.983028728848161,3.075287342071533,77100,0.0,0.0
1989-08-21 00:00:00-04:00,3.0752871559586366,3.1367926597595215,3.0137809482804347,3.1367926597595215,92700,0.0,0.0
1989-08-22 00:00:00-04:00,3.075289720056445,3.075289720056445,3.044536590576172,3.044536590576172,20400,0.0,0.0
1989-08-23 00:00:00-04:00,3.044532740173541,3.1982967853546143,3.044532740173541,3.1982967853546143,164700,0.0,0.0
1989-08-24 00:00:00-04:00,3.1982967853546143,3.229049875941634,3.1060382174705676,3.1982967853546143,158400,0.0,0.0
1989-08-25 00:00:00-04:00,3.1982981957115997,3.2290512998598486,3.1367926912924244,3.167545795440674,12900,0.0,0.0
1989-08-28 00:00:00-04:00,3.223334420917746,3.471283713641063,3.223334420917746,3.4092960357666016,132300,0.033333,0.0
1989-08-29 00:00:00-04:00,3.4402893630750273,3.5022763223437225,3.4402893630750273,3.471283197402954,180300,0.0,0.0
1989-08-30 00:00:00-04:00,3.471285257445423,3.471285257445423,3.4402914047241206,3.440291404724121,100500,0.0,0.0
1989-08-31 00:00:00-04:00,3.4402914047241206,3.471285257445423,3.4402914047241206,3.440291404724121,15600,0.0,0.0
1989-09-01 00:00:00-04:00,3.440289874703832,3.471283713641063,3.4092960357666016,3.4092960357666016,24000,0.0,0.0
1989-09-05 00:00:00-04:00,3.4092975520028186,3.471285257445423,3.3783044086690954,3.440291404724121,24900,0.0,0.0
1989-09-06 00:00:00-04:00,3.4402889410654707,3.4402889410654707,3.285321207209563,3.3473081588745117,257100,0.0,0.0
1989-09-07 00:00:00-04:00,3.3473081588745117,3.3473081588745117,3.285321207209563,3.3473081588745117,67500,0.0,0.0
1989-09-08 00:00:00-04:00,3.347308077130999,3.347308077130999,3.161346517290388,3.2543272972106934,58500,0.0,0.0
1989-09-11 00:00:00-04:00,3.1923411254274408,3.1923411254274408,3.1303534507751465,3.1303534507751465,80700,0.0,0.0
1989-09-12 00:00:00-04:00,3.1303534507751465,3.223334253366361,3.0993603228362265,3.1303534507751465,232500,0.0,0.0
1989-09-13 00:00:00-04:00,3.1303534507751465,3.223334253366361,3.1303534507751465,3.1303534507751465,40500,0.0,0.0
1989-09-14 00:00:00-04:00,3.1303534507751465,3.1923411254274408,3.1303534507751465,3.1303534507751465,48000,0.0,0.0
1989-09-15 00:00:00-04:00,3.130352947720755,3.192340612411499,3.130352947720755,3.192340612411499,39900,0.0,0.0
1989-09-18 00:00:00-04:00,3.1923405052706157,3.1923405052706157,3.161346673965454,3.161346673965454,3600,0.0,0.0
1989-09-19 00:00:00-04:00,3.161346780066127,3.192340612411499,3.130352947720755,3.192340612411499,28500,0.0,0.0
1989-09-20 00:00:00-04:00,3.1923411254274408,3.1923411254274408,3.1303534507751465,3.1303534507751465,1800,0.0,0.0
1989-09-21 00:00:00-04:00,3.192340612411499,3.192340612411499,3.192340612411499,3.192340612411499,1500,0.0,0.0
1989-09-22 00:00:00-04:00,3.192340612411499,3.192340612411499,3.192340612411499,3.192340612411499,600,0.0,0.0
1989-09-25 00:00:00-04:00,3.1923405052706157,3.1923405052706157,3.161346673965454,3.161346673965454,66900,0.0,0.0
1989-09-26 00:00:00-04:00,3.192340452660671,3.3163143570640425,3.192340452660671,3.2853212356567383,122100,0.0,0.0
1989-09-27 00:00:00-04:00,3.2853212356567383,3.2853212356567383,3.223333574067975,3.2853212356567383,2400,0.0,0.0
1989-09-28 00:00:00-04:00,3.2853198011949956,3.2853198011949956,3.223332166671753,3.223332166671753,4800,0.0,0.0
1989-09-29 00:00:00-04:00,3.223332166671753,3.2853198011949956,3.223332166671753,3.223332166671753,66900,0.0,0.0
1989-10-02 00:00:00-04:00,3.223332166671753,3.223332166671753,3.223332166671753,3.223332166671753,0,0.0,0.0
1989-10-03 00:00:00-04:00,3.223332166671753,3.2853198011949956,3.223332166671753,3.223332166671753,6300,0.0,0.0
1989-10-04 00:00:00-04:00,3.2233334674415737,3.285321126979813,3.2233334674415737,3.2543272972106934,15600,0.0,0.0
1989-10-05 00:00:00-04:00,3.254327404862357,3.2853212356567383,3.223333574067975,3.2853212356567383,11100,0.0,0.0
1989-10-06 00:00:00-04:00,3.2853198011949956,3.2853198011949956,3.223332166671753,3.223332166671753,2100,0.0,0.0
1989-10-09 00:00:00-04:00,3.223333574067975,3.2853212356567383,3.223333574067975,3.2853212356567383,17400,0.0,0.0
1989-10-10 00:00:00-04:00,3.2853198011949956,3.2853198011949956,3.223332166671753,3.223332166671753,53100,0.0,0.0
1989-10-11 00:00:00-04:00,3.2233334674415737,3.2543272972106934,3.2233334674415737,3.2543272972106934,56100,0.0,0.0
1989-10-12 00:00:00-04:00,3.2543259839333745,3.2543259839333745,3.1303514242736568,3.223332166671753,102900,0.0,0.0
1989-10-13 00:00:00-04:00,3.19234053617624,3.19234053617624,3.0993597507476807,3.0993597507476807,71400,0.0,0.0
1989-10-16 00:00:00-04:00,3.037372733145461,3.037372733145461,2.9753857661464913,3.0063796043395996,230100,0.0,0.0
1989-10-17 00:00:00-04:00,3.0063796043395996,3.0063796043395996,2.9753857661464913,3.0063796043395996,24000,0.0,0.0
1989-10-18 00:00:00-04:00,3.006380466650853,3.037373604346385,2.975386619567871,2.975386619567871,13800,0.0,0.0
1989-10-19 00:00:00-04:00,2.9753857661464913,3.037372733145461,2.9753857661464913,3.0063796043395996,116700,0.0,0.0
1989-10-20 00:00:00-04:00,3.0063796043395996,3.037372733145461,3.0063796043395996,3.0063796043395996,19800,0.0,0.0
1989-10-23 00:00:00-04:00,3.006380466650853,3.037373604346385,2.975386619567871,2.975386619567871,23700,0.0,0.0
1989-10-24 00:00:00-04:00,2.975386619567871,3.006380466650853,2.913399634789357,2.975386619567871,137100,0.0,0.0
1989-10-25 00:00:00-04:00,2.882405235982052,2.882405235982052,2.1695525646209717,2.1695525646209717,621900,0.0,0.0
1989-10-26 00:00:00-04:00,2.2005455107933254,2.3555139940882848,2.2005455107933254,2.262533187866211,280500,0.0,0.0
1989-10-27 00:00:00-04:00,2.2625330454397683,2.2935261726379395,2.2005453722690067,2.2935261726379395,50400,0.0,0.0
1989-10-30 00:00:00-05:00,2.293526317015399,2.293526317015399,2.2315393493297684,2.262533187866211,54300,0.0,0.0
1989-10-31 00:00:00-05:00,2.2625330454397683,2.2935261726379395,2.2315392088543877,2.2935261726379395,6000,0.0,0.0
1989-11-01 00:00:00-05:00,2.2935261726379395,2.2935261726379395,2.2315392088543877,2.2935261726379395,6600,0.0,0.0
1989-11-02 00:00:00-05:00,2.2935261726379395,2.3555138458087015,2.2315392088543877,2.2935261726379395,49500,0.0,0.0
1989-11-03 00:00:00-05:00,2.2935261726379395,2.3555138458087015,2.2315392088543877,2.2935261726379395,43800,0.0,0.0
1989-11-06 00:00:00-05:00,2.293526214330541,2.3245200514793396,2.231539249420166,2.231539249420166,26100,0.0,0.0
1989-11-07 00:00:00-05:00,2.231539764404297,2.3245205879211426,2.231539764404297,2.3245205879211426,117600,0.0,0.0
1989-11-08 00:00:00-05:00,2.3245201555518418,2.3245201555518418,2.262533187866211,2.262533187866211,13800,0.0,0.0
1989-11-09 00:00:00-05:00,2.262532783104825,2.355513572692871,2.262532783104825,2.355513572692871,11100,0.0,0.0
1989-11-10 00:00:00-05:00,2.355513572692871,2.355513572692871,2.2935259067094225,2.355513572692871,51000,0.0,0.0
1989-11-13 00:00:00-05:00,2.355513572692871,2.355513572692871,2.2935259067094225,2.355513572692871,51000,0.0,0.0
1989-11-14 00:00:00-05:00,2.3245205879211426,2.3245205879211426,2.3245205879211426,2.3245205879211426,1500,0.0,0.0
1989-11-15 00:00:00-05:00,2.3245197397011466,2.355513572692871,2.2935259067094225,2.355513572692871,26700,0.0,0.0
1989-11-16 00:00:00-05:00,2.3555144322225536,2.3555144322225536,2.293526743619732,2.3245205879211426,15300,0.0,0.0
1989-11-17 00:00:00-05:00,2.3245200092233205,2.3555138458087015,2.2935261726379395,2.2935261726379395,5400,0.0,0.0
1989-11-20 00:00:00-05:00,2.2935261726379395,2.3555138458087015,2.2935261726379395,2.2935261726379395,85800,0.0,0.0
1989-11-21 00:00:00-05:00,2.2935259067094225,2.355513572692871,2.2935259067094225,2.355513572692871,21000,0.0,0.0
1989-11-22 00:00:00-05:00,2.3555138458087015,2.3555138458087015,2.2935261726379395,2.2935261726379395,18300,0.0,0.0
1989-11-24 00:00:00-05:00,2.293526743619732,2.3555144322225536,2.293526743619732,2.3245205879211426,9000,0.0,0.0
1989-11-27 00:00:00-05:00,2.2935261726379395,2.2935261726379395,2.2935261726379395,2.2935261726379395,300,0.0,0.0
1989-11-28 00:00:00-05:00,2.2935261726379395,2.3555138458087015,2.2935261726379395,2.2935261726379395,1200,0.0,0.0
1989-11-29 00:00:00-05:00,2.2935261726379395,2.3555138458087015,2.2935261726379395,2.2935261726379395,39600,0.0,0.0
1989-11-30 00:00:00-05:00,2.2935259067094225,2.355513572692871,2.2315389501131007,2.355513572692871,63600,0.0,0.0
1989-12-01 00:00:00-05:00,2.262533187866211,2.262533187866211,2.262533187866211,2.262533187866211,5400,0.0,0.0
1989-12-04 00:00:00-05:00,2.287602197187365,2.3502759843543783,2.2562649449802032,2.318938732147217,7200,0.033333,0.0
1989-12-05 00:00:00-05:00,2.3189389566564387,2.3502762118975324,2.193591370186823,2.256265163421631,54000,0.0,0.0
1989-12-06 00:00:00-05:00,2.2562645335369154,2.2562645335369154,1.9428942203521729,1.9428942203521729,191100,0.0,0.0
1989-12-07 00:00:00-05:00,1.9742319800636987,2.0682430267333984,1.9742319800636987,2.0682430267333984,26400,0.0,0.0
1989-12-08 00:00:00-05:00,2.0682438782283237,2.0682438782283237,1.974232792854309,1.974232792854309,35700,0.0,0.0
1989-12-11 00:00:00-05:00,1.974232666952593,2.068243746331288,1.974232666952593,2.0369064807891846,104400,0.0,0.0
1989-12-12 00:00:00-05:00,2.0369064807891846,2.0369064807891846,1.974232666952593,2.0369064807891846,234900,0.0,0.0
1989-12-13 00:00:00-05:00,2.0369052425828778,2.0369052425828778,1.880220444614096,1.9428942203521729,102300,0.0,0.0
1989-12-14 00:00:00-05:00,1.9115578899307615,1.9115578899307615,1.7548723584177008,1.8488833904266357,170700,0.0,0.0
1989-12-15 00:00:00-05:00,1.817547678947449,1.817547678947449,1.7548731511318827,1.8175476789474487,53700,0.0,0.0
1989-12-18 00:00:00-05:00,1.817547678947449,1.817547678947449,1.7548731511318827,1.8175476789474487,25200,0.0,0.0
1989-12-19 00:00:00-05:00,1.817547190689342,1.817547190689342,1.7548726797103882,1.7548726797103882,25800,0.0,0.0
1989-12-20 00:00:00-05:00,1.7548731511318827,1.817547678947449,1.7548731511318827,1.8175476789474487,40800,0.0,0.0
1989-12-21 00:00:00-05:00,1.817547678947449,1.9115587534232208,1.817547678947449,1.8175476789474487,71400,0.0,0.0
1989-12-22 00:00:00-05:00,1.817547678947449,1.9115587534232208,1.817547678947449,1.8175476789474487,77100,0.0,0.0
1989-12-26 00:00:00-05:00,1.8175468579218266,1.9115578899307615,1.8175468579218266,1.8488833904266357,26400,0.0,0.0
1989-12-27 00:00:00-05:00,1.8488834016837243,1.9115579015694493,1.8175468689881198,1.880220651626587,68700,0.0,0.0
1989-12-28 00:00:00-05:00,1.8802214895154377,1.8802214895154377,1.817547678947449,1.8175476789474487,94800,0.0,0.0
1989-12-29 00:00:00-05:00,1.817547678947449,1.8802214895154377,1.817547678947449,1.8175476789474487,66300,0.0,0.0
1990-01-02 00:00:00-05:00,1.8175468689881198,1.880220651626587,1.8175468689881198,1.880220651626587,11100,0.0,0.0
1990-01-03 00:00:00-05:00,1.880220651626587,1.880220651626587,1.8175468689881198,1.880220651626587,15300,0.0,0.0
1990-01-04 00:00:00-05:00,1.8802216007393258,1.9115588665008545,1.848884334977797,1.9115588665008545,34800,0.0,0.0
1990-01-05 00:00:00-05:00,1.9115579015694493,1.9115579015694493,1.8175468689881198,1.880220651626587,13500,0.0,0.0
1990-01-08 00:00:00-05:00,1.880220651626587,1.880220651626587,1.8175468689881198,1.880220651626587,900,0.0,0.0
1990-01-09 00:00:00-05:00,1.8802214895154377,1.9115587534232208,1.817547678947449,1.8175476789474487,16800,0.0,0.0
1990-01-10 00:00:00-05:00,1.817547678947449,1.9115587534232208,1.817547678947449,1.8175476789474487,11700,0.0,0.0
1990-01-11 00:00:00-05:00,1.817547678947449,1.9115587534232208,1.817547678947449,1.8175476789474487,3300,0.0,0.0
1990-01-12 00:00:00-05:00,1.9115588665008545,1.9115588665008545,1.9115588665008545,1.9115588665008545,600,0.0,0.0
1990-01-15 00:00:00-05:00,1.9115588665008545,1.9115588665008545,1.9115588665008545,1.9115588665008545,3000,0.0,0.0
1990-01-16 00:00:00-05:00,1.880220651626587,1.880220651626587,1.880220651626587,1.880220651626587,900,0.0,0.0
1990-01-17 00:00:00-05:00,1.880220651626587,1.880220651626587,1.880220651626587,1.880220651626587,0,0.0,0.0
1990-01-18 00:00:00-05:00,1.880220651626587,1.880220651626587,1.8175468689881198,1.880220651626587,37200,0.0,0.0
1990-01-19 00:00:00-05:00,1.8802216007393258,1.9115588665008545,1.8175477864638883,1.9115588665008545,7800,0.0,0.0
1990-01-22 00:00:00-05:00,1.880220651626587,1.880220651626587,1.8175468689881198,1.880220651626587,19800,0.0,0.0
1990-01-23 00:00:00-05:00,1.880220651626587,1.880220651626587,1.8175468689881198,1.880220651626587,73200,0.0,0.0
1990-01-24 00:00:00-05:00,1.8175459640910852,1.8175459640910852,1.6295239925384521,1.6295239925384521,48000,0.0,0.0
1990-01-25 00:00:00-05:00,1.6921993405638938,1.817547678947449,1.6921993405638938,1.8175476789474487,46800,0.0,0.0
1990-01-26 00:00:00-05:00,1.8175470482435938,1.8175470482435938,1.6921987533569336,1.6921987533569336,185400,0.0,0.0
1990-01-29 00:00:00-05:00,1.754872369102395,1.880220651626587,1.754872369102395,1.880220651626587,101100,0.0,0.0
1990-01-30 00:00:00-05:00,1.8802212413988615,1.8802212413988615,1.754872919556443,1.7862101793289185,77400,0.0,0.0
1990-01-31 00:00:00-05:00,1.786209935199865,1.817547190689342,1.7548726797103882,1.7548726797103882,25800,0.0,0.0
1990-02-01 00:00:00-05:00,1.7548726797103882,1.817547190689342,1.7548726797103882,1.7548726797103882,46800,0.0,0.0
1990-02-02 00:00:00-05:00,1.7548726797103882,1.7548726797103882,1.7548726797103882,1.7548726797103882,900,0.0,0.0
1990-02-05 00:00:00-05:00,1.7548726797103882,1.817547190689342,1.7548726797103882,1.7548726797103882,60600,0.0,0.0
1990-02-06 00:00:00-05:00,1.7548731511318827,1.817547678947449,1.7548731511318827,1.8175476789474487,24000,0.0,0.0
1990-02-07 00:00:00-05:00,1.817547190689342,1.817547190689342,1.7548726797103882,1.7548726797103882,23700,0.0,0.0
1990-02-08 00:00:00-05:00,1.7548726797103882,1.7548726797103882,1.7548726797103882,1.7548726797103882,0,0.0,0.0
1990-02-09 00:00:00-05:00,1.7548731511318827,1.817547678947449,1.7548731511318827,1.8175476789474487,14100,0.0,0.0
1990-02-12 00:00:00-05:00,1.817547190689342,1.817547190689342,1.7548726797103882,1.7548726797103882,86400,0.0,0.0
1990-02-13 00:00:00-05:00,1.7548731511318827,1.817547678947449,1.7548731511318827,1.8175476789474487,76800,0.0,0.0
1990-02-14 00:00:00-05:00,1.817547678947449,1.817547678947449,1.7548731511318827,1.8175476789474487,22500,0.0,0.0
1990-02-15 00:00:00-05:00,1.817547678947449,1.817547678947449,1.817547678947449,1.8175476789474487,12000,0.0,0.0
1990-02-16 00:00:00-05:00,1.817547190689342,1.817547190689342,1.7548726797103882,1.7548726797103882,21600,0.0,0.0
1990-02-20 00:00:00-05:00,1.7548726797103882,1.786209935199865,1.7235361414682964,1.7548726797103882,11700,0.0,0.0
1990-02-21 00:00:00-05:00,1.7548725421765994,1.7548725421765994,1.6921987533569336,1.6921987533569336,30300,0.0,0.0
1990-02-22 00:00:00-05:00,1.6921987533569336,1.7548725421765994,1.6921987533569336,1.6921987533569336,6000,0.0,0.0
1990-02-23 00:00:00-05:00,1.6921987533569336,1.7548725421765994,1.6921987533569336,1.6921987533569336,12300,0.0,0.0
1990-02-26 00:00:00-05:00,1.7235361414682964,1.7548726797103882,1.7235361414682964,1.7548726797103882,20700,0.0,0.0
1990-02-27 00:00:00-05:00,1.7548726797103882,1.7548726797103882,1.6921988859788195,1.7548726797103882,13800,0.0,0.0
1990-02-28 00:00:00-05:00,1.7235360063904308,1.7235360063904308,1.6295249645372678,1.6921987533569336,52800,0.0,0.0
1990-03-01 00:00:00-05:00,1.6921977439736964,1.6921977439736964,1.6295239925384521,1.6295239925384521,15300,0.0,0.0
1990-03-02 00:00:00-05:00,1.6295249645372678,1.6921987533569336,1.6295249645372678,1.6921987533569336,14700,0.0,0.0
1990-03-05 00:00:00-05:00,1.717645252452177,1.717645252452177,1.622220516204834,1.622220516204834,54600,0.033333,0.0
1990-03-06 00:00:00-05:00,1.6540284640905156,1.7176446914672852,1.6540284640905156,1.7176446914672852,42600,0.0,0.0
1990-03-07 00:00:00-05:00,1.7176446914672852,1.7176446914672852,1.7176446914672852,1.7176446914672852,1800,0.0,0.0
1990-03-08 00:00:00-05:00,1.7176446914672852,1.7176446914672852,1.6540284640905156,1.7176446914672852,7200,0.0,0.0
1990-03-09 00:00:00-05:00,1.6858361959457397,1.6858361959457397,1.6540284466098774,1.6858361959457397,15000,0.0,0.0
1990-03-12 00:00:00-05:00,1.685836213762539,1.7176446914672852,1.6540284640905156,1.7176446914672852,153300,0.0,0.0
1990-03-13 00:00:00-05:00,1.717644764989007,1.717644764989007,1.6540285348892212,1.6540285348892212,21600,0.0,0.0
1990-03-14 00:00:00-05:00,1.6540285348892212,1.717644764989007,1.6540285348892212,1.6540285348892212,12900,0.0,0.0
1990-03-15 00:00:00-05:00,1.6858361959457397,1.7176446733143174,1.6858361959457397,1.6858361959457397,12000,0.0,0.0
1990-03-16 00:00:00-05:00,1.685836213762539,1.7176446914672852,1.6540284640905156,1.7176446914672852,45000,0.0,0.0
1990-03-19 00:00:00-05:00,1.717644764989007,1.717644764989007,1.6540285348892212,1.6540285348892212,12000,0.0,0.0
1990-03-20 00:00:00-05:00,1.6858361959457397,1.6858361959457397,1.6858361959457397,1.6858361959457397,1500,0.0,0.0
1990-03-21 00:00:00-05:00,1.685836213762539,1.7176446914672852,1.6540284640905156,1.7176446914672852,36600,0.0,0.0
1990-03-22 00:00:00-05:00,1.717644764989007,1.717644764989007,1.6540285348892212,1.6540285348892212,33900,0.0,0.0
1990-03-23 00:00:00-05:00,1.6540285348892212,1.6540285348892212,1.5904115767566809,1.6540285348892212,42000,0.0,0.0
1990-03-26 00:00:00-05:00,1.654028996573031,1.654028996573031,1.5904120206832886,1.5904120206832886,3600,0.0,0.0
1990-03-27 00:00:00-05:00,1.6222200558229511,1.6540285348892212,1.5904115767566809,1.6540285348892212,7800,0.0,0.0
1990-03-28 00:00:00-05:00,1.6540290042982686,1.6540290042982686,1.5904120281113991,1.622220516204834,48300,0.0,0.0
1990-03-29 00:00:00-05:00,1.5904120281113991,1.6540290042982686,1.5904120281113991,1.622220516204834,47700,0.0,0.0
1990-03-30 00:00:00-05:00,1.5904128608232213,1.6540298703188228,1.526796579360962,1.526796579360962,60600,0.0,0.0
1990-04-02 00:00:00-04:00,1.6222205086281598,1.654028996573031,1.5267957728265034,1.5904120206832886,26400,0.0,0.0
1990-04-03 00:00:00-04:00,1.463179588317871,1.463179588317871,1.463179588317871,1.463179588317871,3600,0.0,0.0
1990-04-04 00:00:00-04:00,1.463179588317871,1.5904120895399547,1.463179588317871,1.463179588317871,12600,0.0,0.0
1990-04-05 00:00:00-04:00,1.5904118560912315,1.5904118560912315,1.4631793735449776,1.4949871301651,68400,0.0,0.0
1990-04-06 00:00:00-04:00,1.526795838928913,1.526795838928913,1.463179588317871,1.463179588317871,44700,0.0,0.0
1990-04-09 00:00:00-04:00,1.4631793735449776,1.4949871301651,1.4631793735449776,1.4949871301651,24300,0.0,0.0
1990-04-10 00:00:00-04:00,1.463179588317871,1.4949873496068975,1.463179588317871,1.463179588317871,39600,0.0,0.0
1990-04-11 00:00:00-04:00,1.463179588317871,1.4949873496068975,1.463179588317871,1.463179588317871,32100,0.0,0.0
1990-04-12 00:00:00-04:00,1.3995626096738405,1.4949873496068975,1.335946359062799,1.463179588317871,21000,0.0,0.0
1990-04-16 00:00:00-04:00,1.463179299700587,1.463179299700587,1.3359460955427134,1.367754578590393,39300,0.0,0.0
1990-04-17 00:00:00-04:00,1.463179588317871,1.463179588317871,1.463179588317871,1.463179588317871,3000,0.0,0.0
1990-04-18 00:00:00-04:00,1.367754848384814,1.463179588317871,1.367754848384814,1.463179588317871,1800,0.0,0.0
1990-04-19 00:00:00-04:00,1.4631788943510011,1.4631788943510011,1.335945725440979,1.335945725440979,183000,0.0,0.0
1990-04-20 00:00:00-04:00,1.335945725440979,1.3995619458796682,1.335945725440979,1.335945725440979,38700,0.0,0.0
1990-04-23 00:00:00-04:00,1.335946407759096,1.3677548982405556,1.208713173866272,1.208713173866272,55800,0.0,0.0
1990-04-24 00:00:00-04:00,1.335945725440979,1.335945725440979,1.2087125565309569,1.335945725440979,44100,0.0,0.0
1990-04-25 00:00:00-04:00,1.335945725440979,1.335945725440979,1.335945725440979,1.335945725440979,4800,0.0,0.0
1990-04-26 00:00:00-04:00,1.208713116994788,1.2723300949644483,0.5725484335290545,0.8906311392784119,524400,0.0,0.0
1990-04-27 00:00:00-04:00,1.017863984617179,1.145097255706787,0.9542477130889893,1.0496724843978882,189000,0.0,0.0
1990-04-30 00:00:00-04:00,1.1450966596603394,1.1450966596603394,1.0178634547982408,1.1450966596603394,25200,0.0,0.0
1990-05-01 00:00:00-04:00,1.1450967696264582,1.1450967696264582,1.0178635525458788,1.1132882833480835,256200,0.0,0.0
1990-05-02 00:00:00-04:00,1.1132882833480835,1.1132882833480835,1.0178635525458788,1.1132882833480835,19200,0.0,0.0
1990-05-03 00:00:00-04:00,1.0496721626134902,1.0496721626134902,0.9860559105873107,0.9860559105873108,117300,0.0,0.0
1990-05-04 00:00:00-04:00,1.0496724843978882,1.0496724843978882,0.9860562128696984,1.0496724843978882,14400,0.0,0.0
1990-05-07 00:00:00-04:00,1.0496722429209335,1.0496722429209335,0.954247493564485,1.0178637504577637,16800,0.0,0.0
1990-05-08 00:00:00-04:00,1.0178637504577637,1.0178637504577637,0.9860559860276548,1.0178637504577637,36600,0.0,0.0
1990-05-09 00:00:00-04:00,1.0178637504577637,1.0178637504577637,0.954247493564485,1.0178637504577637,81300,0.0,0.0
1990-05-10 00:00:00-04:00,1.0178637504577637,1.0178637504577637,0.954247493564485,1.0178637504577637,34200,0.0,0.0
1990-05-11 00:00:00-04:00,1.01786363915177,1.01786363915177,0.8906311392784119,0.8906311392784119,334200,0.0,0.0
1990-05-14 00:00:00-04:00,0.8906311077746977,0.9542473554611206,0.8906311077746977,0.9542473554611206,160200,0.0,0.0
1990-05-15 00:00:00-04:00,0.9860559105873107,0.9860559105873107,0.8588226785019466,0.9860559105873108,19200,0.0,0.0
1990-05-16 00:00:00-04:00,0.8588226502935817,0.9542473892150909,0.8270141613087516,0.8906311392784119,2074500,0.0,0.0
1990-05-17 00:00:00-04:00,0.9542473892150909,0.9542473892150909,0.8906311392784119,0.8906311392784119,457500,0.0,0.0
1990-05-18 00:00:00-04:00,0.8906312366712063,1.0178637504577637,0.8906312366712063,1.0178637504577637,23700,0.0,0.0
1990-05-21 00:00:00-04:00,1.0178637504577637,1.0178637504577637,0.8906312366712063,1.0178637504577637,252300,0.0,0.0
1990-05-22 00:00:00-04:00,1.0178637262343695,1.0178637262343695,0.8906312154757254,0.9224389791488647,158100,0.0,0.0
1990-05-23 00:00:00-04:00,1.0178636031475434,1.0178636031475434,0.8906311077746977,0.9542473554611206,63000,0.0,0.0
1990-05-24 00:00:00-04:00,0.9542473554611206,0.9542473554611206,0.9542473554611206,0.9542473554611206,0,0.0,0.0
1990-05-25 00:00:00-04:00,0.8906312366712063,1.0178637504577637,0.8906312366712063,1.0178637504577637,9600,0.0,0.0
1990-05-29 00:00:00-04:00,0.9224389791488647,1.0178637262343695,0.9224389791488647,0.9224389791488647,26100,0.0,0.0
1990-05-30 00:00:00-04:00,1.0178637262343695,1.0178637262343695,0.8906312154757254,0.9224389791488647,340500,0.0,0.0
1990-05-31 00:00:00-04:00,0.8906311392784119,1.01786363915177,0.8906311392784119,0.8906311392784119,116100,0.0,0.0
1990-06-01 00:00:00-04:00,1.0178637504577637,1.0178637504577637,0.8906312366712063,1.0178637504577637,61800,0.0,0.0
1990-06-04 00:00:00-04:00,1.0178637504577637,1.0178637504577637,0.8906312366712063,1.0178637504577637,7800,0.0,0.0
1990-06-05 00:00:00-04:00,1.01786363915177,1.01786363915177,0.8906311392784119,0.8906311392784119,9600,0.0,0.0
1990-06-06 00:00:00-04:00,1.01786363915177,1.01786363915177,0.8906311392784119,0.8906311392784119,2100,0.0,0.0
1990-06-07 00:00:00-04:00,0.9224389791488647,1.0178637262343695,0.9224389791488647,0.9224389791488647,6600,0.0,0.0
1990-06-08 00:00:00-04:00,0.9224389002302608,1.01786363915177,0.8906311392784119,0.8906311392784119,12300,0.0,0.0
1990-06-11 00:00:00-04:00,0.8906312154757254,1.0178637262343695,0.8906312154757254,0.9224389791488647,26100,0.0,0.0
1990-06-12 00:00:00-04:00,0.8906312366712063,1.0178637504577637,0.8906312366712063,1.0178637504577637,17400,0.0,0.0
1990-06-13 00:00:00-04:00,0.8906311392784119,0.8906311392784119,0.8906311392784119,0.8906311392784119,4500,0.0,0.0
1990-06-14 00:00:00-04:00,0.9542473892150909,0.9542473892150909,0.8906311392784119,0.8906311392784119,34500,0.0,0.0
1990-06-15 00:00:00-04:00,1.0178637504577637,1.0178637504577637,1.0178637504577637,1.0178637504577637,7800,0.0,0.0
1990-06-18 00:00:00-04:00,0.8906312154757254,0.9542474708550475,0.8906312154757254,0.9224389791488647,28500,0.0,0.0
1990-06-19 00:00:00-04:00,0.8906307400614021,0.9542469614826969,0.8270137906074524,0.8270137906074524,49200,0.0,0.0
1990-06-20 00:00:00-04:00,0.9224389791488647,0.9224389791488647,0.9224389791488647,0.9224389791488647,6000,0.0,0.0
1990-06-21 00:00:00-04:00,0.9224389791488647,0.9224389791488647,0.9224389791488647,0.9224389791488647,0,0.0,0.0
1990-06-22 00:00:00-04:00,0.82701423206336,0.9224389791488647,0.82701423206336,0.9224389791488647,55200,0.0,0.0
1990-06-25 00:00:00-04:00,0.8588223457336426,0.9224385731104122,0.8588223457336426,0.8588223457336426,12600,0.0,0.0
1990-06-26 00:00:00-04:00,0.8270141613087516,0.8906311392784119,0.8270141613087516,0.8906311392784119,5100,0.0,0.0
1990-06-27 00:00:00-04:00,0.8906311392784119,0.8906311392784119,0.8906311392784119,0.8906311392784119,0,0.0,0.0
1990-06-28 00:00:00-04:00,0.8270137906074524,0.8906307400614021,0.8270137906074524,0.8270137906074524,12000,0.0,0.0
1990-06-29 00:00:00-04:00,0.8906307400614021,0.8906307400614021,0.8270137906074524,0.8270137906074524,23700,0.0,0.0
1990-07-02 00:00:00-04:00,0.8906307400614021,0.8906307400614021,0.8270137906074524,0.8270137906074524,7500,0.0,0.0
1990-07-03 00:00:00-04:00,0.8588222653344272,0.8588222653344272,0.8270137906074524,0.8270137906074524,80100,0.0,0.0
1990-07-05 00:00:00-04:00,0.858822486569218,0.858822486569218,0.7952062487602234,0.7952062487602234,27600,0.0,0.0
1990-07-06 00:00:00-04:00,0.858822486569218,0.858822486569218,0.7952062487602234,0.7952062487602234,17700,0.0,0.0
1990-07-09 00:00:00-04:00,0.7952060439131324,0.8270137906074524,0.7952060439131324,0.8270137906074524,20700,0.0,0.0
1990-07-10 00:00:00-04:00,0.7952060439131324,0.8270137906074524,0.7633975691861575,0.8270137906074524,66900,0.0,0.0
1990-07-11 00:00:00-04:00,0.7952067944282817,0.7952067944282817,0.763398289680481,0.763398289680481,96600,0.0,0.0
1990-07-12 00:00:00-04:00,0.7633977658393049,0.7952062487602234,0.7633977658393049,0.7952062487602234,183300,0.0,0.0
1990-07-13 00:00:00-04:00,0.7633978407087012,0.7633978407087012,0.699781596660614,0.699781596660614,156900,0.0,0.0
1990-07-16 00:00:00-04:00,0.7633978407087012,0.7633978407087012,0.6679731106201136,0.699781596660614,280200,0.0,0.0
1990-07-17 00:00:00-04:00,0.699781838062928,0.699781838062928,0.6202609595459784,0.6361648440361023,82200,0.0,0.0
1990-07-18 00:00:00-04:00,0.6679733410495152,0.6679733410495152,0.5089323120487809,0.6361648440361023,775200,0.0,0.0
1990-07-19 00:00:00-04:00,0.6361645682447943,0.6361645682447943,0.5089320914155451,0.5725483298301697,255000,0.0,0.0
1990-07-20 00:00:00-04:00,0.5725485780424416,0.6361648440361023,0.5089323120487809,0.6361648440361023,89100,0.0,0.0
1990-07-23 00:00:00-04:00,0.6361645682447943,0.6361645682447943,0.5089320914155451,0.5725483298301697,74700,0.0,0.0
1990-07-24 00:00:00-04:00,0.5089322481367499,0.6361647641461321,0.5089322481367499,0.5407400131225586,105300,0.0,0.0
1990-07-25 00:00:00-04:00,0.6361648440361023,0.6361648440361023,0.5407400810290287,0.6361648440361023,108900,0.0,0.0
1990-07-26 00:00:00-04:00,0.6361648440361023,0.6361648440361023,0.5725485780424416,0.6361648440361023,36600,0.0,0.0
1990-07-27 00:00:00-04:00,0.63616470667321,0.63616470667321,0.6043569445610046,0.6043569445610046,18600,0.0,0.0
1990-07-30 00:00:00-04:00,0.636164593716855,0.6679730782142053,0.572548352755033,0.6202607154846191,93000,0.0,0.0
1990-07-31 00:00:00-04:00,0.6679731968184233,0.6679731968184233,0.5725484544157914,0.6043569445610046,114900,0.0,0.0
1990-08-01 00:00:00-04:00,0.6679728627204895,0.6679728627204895,0.6043566422818003,0.6679728627204895,82800,0.0,0.0
1990-08-02 00:00:00-04:00,0.6679733410495152,0.6679733410495152,0.5725485780424416,0.6361648440361023,24600,0.0,0.0
1990-08-03 00:00:00-04:00,0.6361645682447943,0.6361645682447943,0.5407398466064327,0.5725483298301697,182100,0.0,0.0
1990-08-06 00:00:00-04:00,0.5725481680461338,0.6679728627204895,0.5407396938104674,0.6679728627204895,43200,0.0,0.0
1990-08-07 00:00:00-04:00,0.6679731106201136,0.699781596660614,0.6043568665720264,0.699781596660614,108000,0.0,0.0
1990-08-08 00:00:00-04:00,0.6997813477648627,0.8270137906074524,0.6679728730378879,0.8270137906074524,129000,0.0,0.0
1990-08-09 00:00:00-04:00,0.8906311077746977,0.9542473554611206,0.7952063722285856,0.9542473554611206,132000,0.0,0.0
1990-08-10 00:00:00-04:00,0.8588227237695427,0.9542474708550475,0.8588227237695427,0.9224389791488647,117900,0.0,0.0
1990-08-13 00:00:00-04:00,0.890630823438389,0.9224385731104122,0.8588223457336426,0.8588223457336426,36900,0.0,0.0
1990-08-14 00:00:00-04:00,0.9224389791488647,0.9224389791488647,0.8588227237695427,0.9224389791488647,91800,0.0,0.0
1990-08-15 00:00:00-04:00,0.9224388676014313,0.9542473554611206,0.8588226199150085,0.9542473554611206,274800,0.0,0.0
1990-08-16 00:00:00-04:00,0.9542477130889893,1.0814809841785973,0.9224392133082802,1.0496724843978882,214500,0.0,0.0
1990-08-17 00:00:00-04:00,1.0496722429209335,1.0496722429209335,0.9860559860276548,1.0178637504577637,92100,0.0,0.0
1990-08-20 00:00:00-04:00,1.0178636725838979,1.0178636725838979,0.9860559105873107,0.9860559105873108,98100,0.0,0.0
1990-08-21 00:00:00-04:00,0.9860558433208098,1.0178636031475434,0.9224388676014313,0.9542473554611206,107700,0.0,0.0
1990-08-22 00:00:00-04:00,0.9224389791488647,0.9542474708550475,0.9224389791488647,0.9224389791488647,17400,0.0,0.0
1990-08-23 00:00:00-04:00,0.9224385731104122,0.9224385731104122,0.8588223457336426,0.8588223457336426,63000,0.0,0.0
1990-08-24 00:00:00-04:00,0.8906311392784119,0.8906311392784119,0.8588226502935817,0.8906311392784119,69000,0.0,0.0
1990-08-27 00:00:00-04:00,0.890630823438389,0.890630823438389,0.8588223457336426,0.8588223457336426,21300,0.0,0.0
1990-08-28 00:00:00-04:00,0.8588223457336426,0.8588223457336426,0.8588223457336426,0.8588223457336426,1500,0.0,0.0
1990-08-29 00:00:00-04:00,0.890630823438389,0.890630823438389,0.8588223457336426,0.8588223457336426,11100,0.0,0.0
1990-08-30 00:00:00-04:00,0.890630823438389,0.890630823438389,0.795206118356873,0.8588223457336426,154500,0.0,0.0
1990-08-31 00:00:00-04:00,0.7633977658393049,0.858822486569218,0.7633977658393049,0.7952062487602234,29100,0.0,0.0
1990-09-04 00:00:00-04:00,0.7952062487602234,0.8270140036482995,0.7952062487602234,0.7952062487602234,15600,0.0,0.0
1990-09-05 00:00:00-04:00,0.795206545306032,0.795206545306032,0.7315895557403564,0.7315895557403564,76500,0.0,0.0
1990-09-06 00:00:00-04:00,0.7633980505231942,0.7633980505231942,0.6997817889906327,0.7315895557403564,218700,0.0,0.0
1990-09-07 00:00:00-04:00,0.7315893546682007,0.7315893546682007,0.699781596660614,0.699781596660614,40800,0.0,0.0
1990-09-10 00:00:00-04:00,0.7633980505231942,0.7633980505231942,0.7315895557403564,0.7315895557403564,78600,0.0,0.0
1990-09-11 00:00:00-04:00,0.6997817889906327,0.7315895557403564,0.6997817889906327,0.7315895557403564,1500,0.0,0.0
1990-09-12 00:00:00-04:00,0.7633978407087012,0.7633978407087012,0.699781596660614,0.699781596660614,2700,0.0,0.0
1990-09-13 00:00:00-04:00,0.7633980505231942,0.8270143120557557,0.6997817889906327,0.7315895557403564,272700,0.0,0.0
1990-09-14 00:00:00-04:00,0.7633975691861575,0.8270137906074524,0.7633975691861575,0.8270137906074524,30300,0.0,0.0
1990-09-17 00:00:00-04:00,0.763398289680481,0.763398289680481,0.763398289680481,0.763398289680481,3000,0.0,0.0
1990-09-18 00:00:00-04:00,0.7315892829183863,0.7952062487602234,0.7315892829183863,0.7952062487602234,33600,0.0,0.0
1990-09-19 00:00:00-04:00,0.7952067944282817,0.7952067944282817,0.763398289680481,0.763398289680481,18000,0.0,0.0
1990-09-20 00:00:00-04:00,0.763398289680481,0.763398289680481,0.763398289680481,0.763398289680481,27600,0.0,0.0
1990-09-21 00:00:00-04:00,0.7633980505231942,0.7633980505231942,0.7315895557403564,0.7315895557403564,65100,0.0,0.0
1990-09-24 00:00:00-04:00,0.7315890831591787,0.7633975573948452,0.6679728627204895,0.6679728627204895,31800,0.0,0.0
1990-09-25 00:00:00-04:00,0.6679731106201136,0.7315893546682007,0.6679731106201136,0.699781596660614,49200,0.0,0.0
1990-09-26 00:00:00-04:00,0.6679731106201136,0.699781596660614,0.6679731106201136,0.699781596660614,40800,0.0,0.0
1990-09-27 00:00:00-04:00,0.6838772255396391,0.699781838062928,0.6043570750558545,0.6361648440361023,229800,0.0,0.0
1990-09-28 00:00:00-04:00,0.6361648440361023,0.6361648440361023,0.6043570750558545,0.6361648440361023,105900,0.0,0.0
1990-10-01 00:00:00-04:00,0.6043569445610046,0.63616470667321,0.6043569445610046,0.6043569445610046,21900,0.0,0.0
1990-10-02 00:00:00-04:00,0.6043570750558545,0.6520694565593913,0.6043570750558545,0.6361648440361023,768000,0.0,0.0
1990-10-03 00:00:00-04:00,0.6043569445610046,0.6679731968184233,0.6043569445610046,0.6043569445610046,27000,0.0,0.0
1990-10-04 00:00:00-04:00,0.6043570750558545,0.6361648440361023,0.6043570750558545,0.6361648440361023,11400,0.0,0.0
1990-10-05 00:00:00-04:00,0.6043570750558545,0.6679733410495152,0.6043570750558545,0.6361648440361023,4200,0.0,0.0
1990-10-08 00:00:00-04:00,0.6679731968184233,0.6679731968184233,0.6043569445610046,0.6043569445610046,78300,0.0,0.0
1990-10-09 00:00:00-04:00,0.6043570750558545,0.6361648440361023,0.6043570750558545,0.6361648440361023,29400,0.0,0.0
1990-10-10 00:00:00-04:00,0.6361645682447943,0.6361645682447943,0.5725483298301697,0.5725483298301697,32100,0.0,0.0
1990-10-11 00:00:00-04:00,0.5407400131225586,0.6043569991603234,0.5089322481367499,0.5407400131225586,39900,0.0,0.0
1990-10-12 00:00:00-04:00,0.5089322328567505,0.5725484889514498,0.5089322328567505,0.5089322328567505,38400,0.0,0.0
1990-10-15 00:00:00-04:00,0.5089322328567505,0.5725484889514498,0.5089322328567505,0.5089322328567505,10500,0.0,0.0
1990-10-16 00:00:00-04:00,0.5089320914155451,0.5725483298301697,0.5089320914155451,0.5725483298301697,31200,0.0,0.0
1990-10-17 00:00:00-04:00,0.5089320914155451,0.5725483298301697,0.5089320914155451,0.5725483298301697,6900,0.0,0.0
1990-10-18 00:00:00-04:00,0.5725484889514498,0.5725484889514498,0.5089322328567505,0.5089322328567505,10200,0.0,0.0
1990-10-19 00:00:00-04:00,0.5725484889514498,0.5725484889514498,0.5089322328567505,0.5089322328567505,21300,0.0,0.0
1990-10-22 00:00:00-04:00,0.5725484889514498,0.5725484889514498,0.5089322328567505,0.5089322328567505,57900,0.0,0.0
1990-10-23 00:00:00-04:00,0.5725485061414409,0.5725485061414409,0.5089322481367499,0.5407400131225586,16800,0.0,0.0
1990-10-24 00:00:00-04:00,0.5089322328567505,0.5725484889514498,0.5089322328567505,0.5089322328567505,166500,0.0,0.0
1990-10-25 00:00:00-04:00,0.47712385654449463,0.5407401280726845,0.47712385654449463,0.5248362421989441,69600,0.0,0.0
1990-10-26 00:00:00-04:00,0.5407399968875742,0.5407399968875742,0.5089322328567505,0.5089322328567505,100800,0.0,0.0
1990-10-29 00:00:00-05:00,0.5407399968875742,0.5407399968875742,0.5089322328567505,0.5089322328567505,96600,0.0,0.0
1990-10-30 00:00:00-05:00,0.5407399968875742,0.5407399968875742,0.5089322328567505,0.5089322328567505,93300,0.0,0.0
1990-10-31 00:00:00-05:00,0.5248361306296542,0.5725485061414409,0.5089322481367499,0.5407400131225586,440400,0.0,0.0
1990-11-01 00:00:00-05:00,0.5725485061414409,0.5725485061414409,0.5407400131225586,0.5407400131225586,99600,0.0,0.0
1990-11-02 00:00:00-05:00,0.6043569445610046,0.6043569445610046,0.5407399642705781,0.6043569445610046,122100,0.0,0.0
1990-11-05 00:00:00-05:00,0.6043570750558545,0.6361648440361023,0.5725485780424416,0.6361648440361023,37800,0.0,0.0
1990-11-06 00:00:00-05:00,0.6361644529238942,0.6361644529238942,0.57254822604132,0.5884521007537842,153600,0.0,0.0
1990-11-07 00:00:00-05:00,0.5725485061414409,0.6043569991603234,0.5089322481367499,0.5407400131225586,194100,0.0,0.0
1990-11-08 00:00:00-05:00,0.6043569991603234,0.6043569991603234,0.5407400131225586,0.5407400131225586,45900,0.0,0.0
1990-11-09 00:00:00-05:00,0.5407400131225586,0.5407400131225586,0.5407400131225586,0.5407400131225586,4800,0.0,0.0
1990-11-12 00:00:00-05:00,0.5407398466064327,0.6043568130539068,0.5407398466064327,0.5725483298301697,36300,0.0,0.0
1990-11-13 00:00:00-05:00,0.5725484544157914,0.6043569445610046,0.5725484544157914,0.6043569445610046,171600,0.0,0.0
1990-11-14 00:00:00-05:00,0.6043569991603234,0.6043569991603234,0.5089322481367499,0.5407400131225586,888600,0.0,0.0
1990-11-15 00:00:00-05:00,0.6043569445610046,0.6043569445610046,0.5407399642705781,0.6043569445610046,232500,0.0,0.0
1990-11-16 00:00:00-05:00,0.5407400131225586,0.6043569991603234,0.5407400131225586,0.5407400131225586,54300,0.0,0.0
1990-11-19 00:00:00-05:00,0.5407398466064327,0.6043568130539068,0.5407398466064327,0.5725483298301697,45300,0.0,0.0
1990-11-20 00:00:00-05:00,0.6043569445610046,0.6043569445610046,0.5407399642705781,0.6043569445610046,537000,0.0,0.0
1990-11-21 00:00:00-05:00,0.6043569445610046,0.6043569445610046,0.5407399642705781,0.6043569445610046,414600,0.0,0.0
1990-11-23 00:00:00-05:00,0.6043569445610046,0.6043569445610046,0.5407399642705781,0.6043569445610046,148500,0.0,0.0
1990-11-26 00:00:00-05:00,0.5407399642705781,0.6043569445610046,0.5407399642705781,0.6043569445610046,368700,0.0,0.0
1990-11-27 00:00:00-05:00,0.6043569445610046,0.6043569445610046,0.5407399642705781,0.6043569445610046,98100,0.0,0.0
1990-11-28 00:00:00-05:00,0.6043569445610046,0.6043569445610046,0.5407399642705781,0.6043569445610046,40500,0.0,0.0
1990-11-29 00:00:00-05:00,0.6043569445610046,0.6043569445610046,0.5407399642705781,0.6043569445610046,43200,0.0,0.0
1990-11-30 00:00:00-05:00,0.5407399642705781,0.6043569445610046,0.5407399642705781,0.6043569445610046,42900,0.0,0.0
1990-12-03 00:00:00-05:00,0.5407399642705781,0.6043569445610046,0.5407399642705781,0.6043569445610046,383700,0.0,0.0
1990-12-04 00:00:00-05:00,0.5407398923288,0.6043568641554196,0.5407398923288,0.5566444993019104,128700,0.0,0.0
1990-12-05 00:00:00-05:00,0.6043568130539068,0.6043568130539068,0.5407398466064327,0.5725483298301697,149100,0.0,0.0
1990-12-06 00:00:00-05:00,0.6043569445610046,0.6043569445610046,0.5407399642705781,0.6043569445610046,54300,0.0,0.0
1990-12-07 00:00:00-05:00,0.6043570750558545,0.6361648440361023,0.5725485780424416,0.6361648440361023,97200,0.0,0.0
1990-12-10 00:00:00-05:00,0.6361645682447943,0.6361645682447943,0.5725483298301697,0.5725483298301697,69600,0.0,0.0
1990-12-11 00:00:00-05:00,0.5725484544157914,0.63616470667321,0.5725484544157914,0.6043569445610046,51000,0.0,0.0
1990-12-12 00:00:00-05:00,0.5725483298301697,0.5725483298301697,0.5725483298301697,0.5725483298301697,25200,0.0,0.0
1990-12-13 00:00:00-05:00,0.5725484544157914,0.63616470667321,0.5725484544157914,0.6043569445610046,39300,0.0,0.0
1990-12-14 00:00:00-05:00,0.5725484544157914,0.6043569445610046,0.5725484544157914,0.6043569445610046,94500,0.0,0.0
1990-12-17 00:00:00-05:00,0.5725485061414409,0.5725485061414409,0.5407400131225586,0.5407400131225586,238500,0.0,0.0
1990-12-18 00:00:00-05:00,0.5407400131225586,0.5725485061414409,0.5089322481367499,0.5407400131225586,160200,0.0,0.0
1990-12-19 00:00:00-05:00,0.5407399968875742,0.5407399968875742,0.4771237407928749,0.5089322328567505,251400,0.0,0.0
1990-12-20 00:00:00-05:00,0.4771236777305603,0.5407399254169831,0.4771236777305603,0.4771236777305603,33900,0.0,0.0
1990-12-21 00:00:00-05:00,0.4771237164614112,0.5407399693119278,0.4771237164614112,0.49302759766578674,60600,0.0,0.0
1990-12-24 00:00:00-05:00,0.5407399254169831,0.5407399254169831,0.4771236777305603,0.4771236777305603,78300,0.0,0.0
1990-12-26 00:00:00-05:00,0.4771236777305603,0.5407399254169831,0.4771236777305603,0.4771236777305603,34200,0.0,0.0
1990-12-27 00:00:00-05:00,0.5407399968875742,0.5407399968875742,0.4771237407928749,0.5089322328567505,45300,0.0,0.0
1990-12-28 00:00:00-05:00,0.4771237407928749,0.5407399968875742,0.4771237407928749,0.5089322328567505,207900,0.0,0.0
1990-12-31 00:00:00-05:00,0.4771237407928749,0.5407399968875742,0.4771237407928749,0.5089322328567505,308400,0.0,0.0
1991-01-02 00:00:00-05:00,0.5089322481367499,0.5407400131225586,0.5089322481367499,0.5407400131225586,11100,0.0,0.0
1991-01-03 00:00:00-05:00,0.5089322328567505,0.5089322328567505,0.49302762280828677,0.5089322328567505,115200,0.0,0.0
1991-01-04 00:00:00-05:00,0.5089322481367499,0.5407400131225586,0.5089322481367499,0.5407400131225586,109200,0.0,0.0
1991-01-07 00:00:00-05:00,0.5407400131225586,0.5407400131225586,0.5089322481367499,0.5407400131225586,12000,0.0,0.0
1991-01-08 00:00:00-05:00,0.5407401280726845,0.5407401280726845,0.5248362421989441,0.5248362421989441,31500,0.0,0.0
1991-01-09 00:00:00-05:00,0.5407399968875742,0.5407399968875742,0.5089322328567505,0.5089322328567505,43500,0.0,0.0
1991-01-10 00:00:00-05:00,0.5089322328567505,0.5089322328567505,0.5089322328567505,0.5089322328567505,30000,0.0,0.0
1991-01-11 00:00:00-05:00,0.5407400131225586,0.5407400131225586,0.5407400131225586,0.5407400131225586,3000,0.0,0.0
1991-01-14 00:00:00-05:00,0.4771237164614112,0.5089322069031769,0.4771237164614112,0.49302759766578674,91500,0.0,0.0
1991-01-15 00:00:00-05:00,0.5089321655902495,0.5407399254169831,0.4771236777305603,0.4771236777305603,71100,0.0,0.0
1991-01-16 00:00:00-05:00,0.47712376531465545,0.5407400246789131,0.44531527161598206,0.44531527161598206,87600,0.0,0.0
1991-01-17 00:00:00-05:00,0.5089321655902495,0.5089321655902495,0.4771236777305603,0.4771236777305603,13500,0.0,0.0
1991-01-18 00:00:00-05:00,0.4771236777305603,0.4771236777305603,0.4453151898708711,0.4771236777305603,4800,0.0,0.0
1991-01-21 00:00:00-05:00,0.44531527161598206,0.44531527161598206,0.44531527161598206,0.44531527161598206,31500,0.0,0.0
1991-01-22 00:00:00-05:00,0.4453151898708711,0.4771236777305603,0.4453151898708711,0.4771236777305603,225000,0.0,0.0
1991-01-23 00:00:00-05:00,0.5089321655902495,0.5089321655902495,0.4771236777305603,0.4771236777305603,3900,0.0,0.0
1991-01-24 00:00:00-05:00,0.4771236777305603,0.5407399254169831,0.4771236777305603,0.4771236777305603,30600,0.0,0.0
1991-01-25 00:00:00-05:00,0.4771237551178675,0.5407400131225586,0.4771237551178675,0.5407400131225586,33000,0.0,0.0
1991-01-28 00:00:00-05:00,0.5725484889514498,0.5725484889514498,0.4771237407928749,0.5089322328567505,24900,0.0,0.0
1991-01-29 00:00:00-05:00,0.5407400131225586,0.5407400131225586,0.4771237551178675,0.5407400131225586,45000,0.0,0.0
1991-01-30 00:00:00-05:00,0.5407399968875742,0.5407399968875742,0.4771237407928749,0.5089322328567505,19200,0.0,0.0
1991-01-31 00:00:00-05:00,0.5089322328567505,0.5089322328567505,0.5089322328567505,0.5089322328567505,0,0.0,0.0
1991-02-01 00:00:00-05:00,0.4771236777305603,0.4771236777305603,0.4771236777305603,0.4771236777305603,16500,0.0,0.0
1991-02-04 00:00:00-05:00,0.4771237551178675,0.5407400131225586,0.4771237551178675,0.5407400131225586,18900,0.0,0.0
1991-02-05 00:00:00-05:00,0.5407400246789131,0.5407400246789131,0.4135075059503978,0.44531527161598206,138600,0.0,0.0
1991-02-06 00:00:00-05:00,0.5089322590133288,0.5089322590133288,0.44531527161598206,0.44531527161598206,140700,0.0,0.0
1991-02-07 00:00:00-05:00,0.47712354214460395,0.47712354214460395,0.4135073125362396,0.4135073125362396,122700,0.0,0.0
1991-02-08 00:00:00-05:00,0.4771236777305603,0.4771236777305603,0.4453151898708711,0.4771236777305603,14400,0.0,0.0
1991-02-11 00:00:00-05:00,0.47712376531465545,0.47712376531465545,0.4135075059503978,0.44531527161598206,67500,0.0,0.0
1991-02-12 00:00:00-05:00,0.44531527161598206,0.44531527161598206,0.4294113887831899,0.44531527161598206,30600,0.0,0.0
1991-02-13 00:00:00-05:00,0.44531506332404747,0.44531506332404747,0.4135073125362396,0.4135073125362396,15900,0.0,0.0
1991-02-14 00:00:00-05:00,0.44531527161598206,0.44531527161598206,0.38169901225172437,0.44531527161598206,15000,0.0,0.0
1991-02-15 00:00:00-05:00,0.38169883371568314,0.44531506332404747,0.38169883371568314,0.4135073125362396,11700,0.0,0.0
1991-02-19 00:00:00-05:00,0.4453154263024999,0.4453154263024999,0.3816991448402405,0.3816991448402405,27300,0.0,0.0
1991-02-20 00:00:00-05:00,0.38169901225172437,0.44531527161598206,0.38169901225172437,0.44531527161598206,143700,0.0,0.0
1991-02-21 00:00:00-05:00,0.44531527161598206,0.44531527161598206,0.44531527161598206,0.44531527161598206,0,0.0,0.0
1991-02-22 00:00:00-05:00,0.34989033214410326,0.4135073125362396,0.34989033214410326,0.4135073125362396,20400,0.0,0.0
1991-02-25 00:00:00-05:00,0.4453154263024999,0.4453154263024999,0.3816991448402405,0.3816991448402405,27000,0.0,0.0
1991-02-26 00:00:00-05:00,0.34989044070243835,0.4135074408326264,0.34989044070243835,0.34989044070243835,7500,0.0,0.0
1991-02-27 00:00:00-05:00,0.38169901225172437,0.44531527161598206,0.3498904958020169,0.44531527161598206,25500,0.0,0.0
1991-02-28 00:00:00-05:00,0.44531527161598206,0.44531527161598206,0.44531527161598206,0.44531527161598206,13800,0.0,0.0
1991-03-01 00:00:00-05:00,0.38169883371568314,0.44531506332404747,0.38169883371568314,0.4135073125362396,29700,0.0,0.0
1991-03-04 00:00:00-05:00,0.44531527161598206,0.44531527161598206,0.38169901225172437,0.44531527161598206,9900,0.0,0.0
1991-03-05 00:00:00-05:00,0.34989033214410326,0.44531506332404747,0.34989033214410326,0.4135073125362396,16500,0.0,0.0
1991-03-06 00:00:00-05:00,0.4453154263024999,0.4453154263024999,0.3816991448402405,0.3816991448402405,6600,0.0,0.0
1991-03-07 00:00:00-05:00,0.4135075059503978,0.44531527161598206,0.4135075059503978,0.44531527161598206,129000,0.0,0.0
1991-03-08 00:00:00-05:00,0.44531527161598206,0.44531527161598206,0.44531527161598206,0.44531527161598206,6600,0.0,0.0
1991-03-11 00:00:00-05:00,0.44531527161598206,0.44531527161598206,0.4135075059503978,0.44531527161598206,25800,0.0,0.0
1991-03-12 00:00:00-05:00,0.4135072980308097,0.4294111728668213,0.4135072980308097,0.4294111728668213,17400,0.0,0.0
1991-03-13 00:00:00-05:00,0.3816991448402405,0.3816991448402405,0.3816991448402405,0.3816991448402405,11100,0.0,0.0
1991-03-14 00:00:00-05:00,0.4453151946410329,0.4453151946410329,0.3816989462731606,0.3976028263568878,23100,0.0,0.0
1991-03-15 00:00:00-05:00,0.3976028263568878,0.3976028263568878,0.3976028263568878,0.3976028263568878,0,0.0,0.0
1991-03-18 00:00:00-05:00,0.4453150477028329,0.4453150477028329,0.4294111728668213,0.4294111728668213,15000,0.0,0.0
1991-03-19 00:00:00-05:00,0.4135076495880412,0.4453154263024999,0.3816991448402405,0.3816991448402405,11700,0.0,0.0
1991-03-20 00:00:00-05:00,0.3816988203260634,0.4453150477028329,0.3816988203260634,0.4294111728668213,25500,0.0,0.0
1991-03-21 00:00:00-05:00,0.44531527161598206,0.44531527161598206,0.44531527161598206,0.44531527161598206,1200,0.0,0.0
1991-03-22 00:00:00-05:00,0.3816988203260634,0.4453150477028329,0.3816988203260634,0.4294111728668213,411300,0.0,0.0
1991-03-25 00:00:00-05:00,0.5089322328567505,0.5089322328567505,0.5089322328567505,0.5089322328567505,1500,0.0,0.0
1991-03-26 00:00:00-05:00,0.5089322328567505,0.5089322328567505,0.5089322328567505,0.5089322328567505,0,0.0,0.0
1991-03-27 00:00:00-05:00,0.5089322328567505,0.5089322328567505,0.4771237407928749,0.5089322328567505,13200,0.0,0.0
1991-03-28 00:00:00-05:00,0.4453152487289993,0.5089322328567505,0.4453152487289993,0.5089322328567505,60000,0.0,0.0
1991-04-01 00:00:00-05:00,0.5407400131225586,0.5407400131225586,0.5089322481367499,0.5407400131225586,8400,0.0,0.0
1991-04-02 00:00:00-05:00,0.5407399968875742,0.5407399968875742,0.5089322328567505,0.5089322328567505,42300,0.0,0.0
1991-04-03 00:00:00-05:00,0.5089322021583728,0.6043569445610046,0.5089322021583728,0.6043569445610046,12900,0.0,0.0
1991-04-04 00:00:00-05:00,0.5089323120487809,0.6361648440361023,0.5089323120487809,0.6361648440361023,33300,0.0,0.0
1991-04-05 00:00:00-05:00,0.636164388484823,0.7315890831591787,0.5725481680461338,0.6679728627204895,71400,0.0,0.0
1991-04-08 00:00:00-04:00,0.6997820082182216,0.8588230758905411,0.6997820082182216,0.763398289680481,146700,0.0,0.0
1991-04-09 00:00:00-04:00,0.7633977658393049,0.858822486569218,0.7633977658393049,0.7952062487602234,255600,0.0,0.0
1991-04-10 00:00:00-04:00,0.8270145711427404,0.8270145711427404,0.763398289680481,0.763398289680481,105900,0.0,0.0
1991-04-11 00:00:00-04:00,0.8270140036482995,0.8270140036482995,0.6997815280303102,0.7952062487602234,30900,0.0,0.0
1991-04-12 00:00:00-04:00,0.7633977658393049,0.7952062487602234,0.6997815280303102,0.7952062487602234,26400,0.0,0.0
1991-04-15 00:00:00-04:00,0.795206545306032,0.795206545306032,0.7315895557403564,0.7315895557403564,9900,0.0,0.0
1991-04-16 00:00:00-04:00,0.795206545306032,0.795206545306032,0.7315895557403564,0.7315895557403564,98400,0.0,0.0
1991-04-17 00:00:00-04:00,0.795206545306032,0.795206545306032,0.7315895557403564,0.7315895557403564,60300,0.0,0.0
1991-04-18 00:00:00-04:00,0.7952067944282817,0.7952067944282817,0.763398289680481,0.763398289680481,26400,0.0,0.0
1991-04-19 00:00:00-04:00,0.7952067944282817,0.7952067944282817,0.6997820082182216,0.763398289680481,13800,0.0,0.0
1991-04-22 00:00:00-04:00,0.7633978407087012,0.7633978407087012,0.699781596660614,0.699781596660614,171600,0.0,0.0
1991-04-23 00:00:00-04:00,0.7633978407087012,0.7952063267492017,0.699781596660614,0.699781596660614,67500,0.0,0.0
1991-04-24 00:00:00-04:00,0.795206545306032,0.795206545306032,0.6997817889906327,0.7315895557403564,87600,0.0,0.0
1991-04-25 00:00:00-04:00,0.7633980505231942,0.8270143120557557,0.7315895557403564,0.7315895557403564,159900,0.0,0.0
1991-04-26 00:00:00-04:00,0.7952062487602234,0.7952062487602234,0.7315892829183863,0.7952062487602234,100200,0.0,0.0
1991-04-29 00:00:00-04:00,0.795206545306032,0.795206545306032,0.7315895557403564,0.7315895557403564,17700,0.0,0.0
1991-04-30 00:00:00-04:00,0.763398289680481,0.763398289680481,0.6997820082182216,0.763398289680481,8700,0.0,0.0
1991-05-01 00:00:00-04:00,0.699781596660614,0.7633978407087012,0.699781596660614,0.699781596660614,12900,0.0,0.0
1991-05-02 00:00:00-04:00,0.763398289680481,0.763398289680481,0.6997820082182216,0.763398289680481,29400,0.0,0.0
1991-05-03 00:00:00-04:00,0.6997817889906327,0.7633980505231942,0.6361647994249572,0.7315895557403564,91200,0.0,0.0
1991-05-06 00:00:00-04:00,0.6361647994249572,0.7315895557403564,0.6361647994249572,0.7315895557403564,16500,0.0,0.0
1991-05-07 00:00:00-04:00,0.636164388484823,0.6679728627204895,0.636164388484823,0.6679728627204895,6600,0.0,0.0
1991-05-08 00:00:00-04:00,0.7315895557403564,0.7315895557403564,0.6997817889906327,0.7315895557403564,6600,0.0,0.0
1991-05-09 00:00:00-04:00,0.6361647994249572,0.7315895557403564,0.6361647994249572,0.7315895557403564,8100,0.0,0.0
1991-05-10 00:00:00-04:00,0.7315895557403564,0.7315895557403564,0.6679732942077949,0.7315895557403564,8400,0.0,0.0
1991-05-13 00:00:00-04:00,0.7315895557403564,0.7315895557403564,0.7315895557403564,0.7315895557403564,600,0.0,0.0
1991-05-14 00:00:00-04:00,0.7315893546682007,0.7315893546682007,0.6679731106201136,0.699781596660614,96000,0.0,0.0
1991-05-15 00:00:00-04:00,0.7315890831591787,0.7315890831591787,0.6679728627204895,0.6679728627204895,32700,0.0,0.0
1991-05-16 00:00:00-04:00,0.7315890831591787,0.7315890831591787,0.6679728627204895,0.6679728627204895,15000,0.0,0.0
1991-05-17 00:00:00-04:00,0.6679732942077949,0.7315895557403564,0.6679732942077949,0.7315895557403564,3600,0.0,0.0
1991-05-20 00:00:00-04:00,0.7315890831591787,0.7315890831591787,0.6679728627204895,0.6679728627204895,12300,0.0,0.0
1991-05-21 00:00:00-04:00,0.7315890831591787,0.7315890831591787,0.6679728627204895,0.6679728627204895,5100,0.0,0.0
1991-05-22 00:00:00-04:00,0.6679732942077949,0.7315895557403564,0.6679732942077949,0.7315895557403564,2400,0.0,0.0
1991-05-23 00:00:00-04:00,0.7315895557403564,0.7315895557403564,0.6679732942077949,0.7315895557403564,36900,0.0,0.0
1991-05-24 00:00:00-04:00,0.6679728627204895,0.6679728627204895,0.6679728627204895,0.6679728627204895,300,0.0,0.0
1991-05-28 00:00:00-04:00,0.7315895557403564,0.7315895557403564,0.6679732942077949,0.7315895557403564,59100,0.0,0.0
1991-05-29 00:00:00-04:00,0.7315895557403564,0.7315895557403564,0.6679732942077949,0.7315895557403564,51600,0.0,0.0
1991-05-30 00:00:00-04:00,0.7315897849326802,0.763398289680481,0.6679735034704208,0.763398289680481,260700,0.0,0.0
1991-05-31 00:00:00-04:00,0.6997820082182216,0.763398289680481,0.6679735034704208,0.763398289680481,163500,0.0,0.0
1991-06-03 00:00:00-04:00,0.763398289680481,0.763398289680481,0.6997820082182216,0.763398289680481,23700,0.0,0.0
1991-06-04 00:00:00-04:00,0.6997815280303102,0.7952062487602234,0.6997815280303102,0.7952062487602234,58200,0.0,0.0
1991-06-05 00:00:00-04:00,0.7952062487602234,0.7952062487602234,0.7633977658393049,0.7952062487602234,16500,0.0,0.0
1991-06-06 00:00:00-04:00,0.7952067944282817,0.7952067944282817,0.763398289680481,0.763398289680481,41400,0.0,0.0
1991-06-07 00:00:00-04:00,0.7952062487602234,0.7952062487602234,0.7793016432833428,0.7952062487602234,10800,0.0,0.0
1991-06-10 00:00:00-04:00,0.7952062487602234,0.7952062487602234,0.7952062487602234,0.7952062487602234,0,0.0,0.0
1991-06-11 00:00:00-04:00,0.7952063267492017,0.7952063267492017,0.699781596660614,0.699781596660614,114600,0.0,0.0
1991-06-12 00:00:00-04:00,0.699781596660614,0.7315893546682007,0.6361646245796131,0.699781596660614,65100,0.0,0.0
1991-06-13 00:00:00-04:00,0.6679731106201136,0.699781596660614,0.6679731106201136,0.699781596660614,29100,0.0,0.0
1991-06-14 00:00:00-04:00,0.699781336956156,0.699781336956156,0.6679728627204895,0.6679728627204895,9000,0.0,0.0
1991-06-17 00:00:00-04:00,0.6679732116240668,0.699781702474316,0.6520693302154541,0.6520693302154541,78300,0.0,0.0
1991-06-18 00:00:00-04:00,0.636164388484823,0.6679728627204895,0.636164388484823,0.6679728627204895,80700,0.0,0.0
1991-06-19 00:00:00-04:00,0.6679731968184233,0.6679731968184233,0.6043569445610046,0.6043569445610046,15600,0.0,0.0
1991-06-20 00:00:00-04:00,0.6361648440361023,0.6361648440361023,0.6361648440361023,0.6361648440361023,17400,0.0,0.0
1991-06-21 00:00:00-04:00,0.6679731968184233,0.6679731968184233,0.6043569445610046,0.6043569445610046,4500,0.0,0.0
1991-06-24 00:00:00-04:00,0.6043570750558545,0.6361648440361023,0.6043570750558545,0.6361648440361023,11100,0.0,0.0
1991-06-25 00:00:00-04:00,0.6043568130539068,0.6043568130539068,0.5725483298301697,0.5725483298301697,25500,0.0,0.0
1991-06-26 00:00:00-04:00,0.5725484889514498,0.5725484889514498,0.5089322328567505,0.5089322328567505,28200,0.0,0.0
1991-06-27 00:00:00-04:00,0.5089320914155451,0.5725483298301697,0.5089320914155451,0.5725483298301697,17400,0.0,0.0
1991-06-28 00:00:00-04:00,0.5089322481367499,0.5725485061414409,0.5089322481367499,0.5407400131225586,12900,0.0,0.0
1991-07-01 00:00:00-04:00,0.5407400131225586,0.5407400131225586,0.5407400131225586,0.5407400131225586,0,0.0,0.0
1991-07-02 00:00:00-04:00,0.5725484889514498,0.5725484889514498,0.5089322328567505,0.5089322328567505,3600,0.0,0.0
1991-07-03 00:00:00-04:00,0.5725484889514498,0.5725484889514498,0.5089322328567505,0.5089322328567505,1800,0.0,0.0
1991-07-05 00:00:00-04:00,0.5407400131225586,0.5407400131225586,0.5407400131225586,0.5407400131225586,11100,0.0,0.0
1991-07-08 00:00:00-04:00,0.5725483298301697,0.5725483298301697,0.5089320914155451,0.5725483298301697,21300,0.0,0.0
1991-07-09 00:00:00-04:00,0.5725483298301697,0.5725483298301697,0.5089320914155451,0.5725483298301697,22500,0.0,0.0
1991-07-10 00:00:00-04:00,0.5089322328567505,0.5725484889514498,0.5089322328567505,0.5089322328567505,19200,0.0,0.0
1991-07-11 00:00:00-04:00,0.5089322328567505,0.6043569810153254,0.5089322328567505,0.5089322328567505,7500,0.0,0.0
1991-07-12 00:00:00-04:00,0.5725484889514498,0.5725484889514498,0.5089322328567505,0.5089322328567505,10500,0.0,0.0
1991-07-15 00:00:00-04:00,0.5089322328567505,0.5089322328567505,0.5089322328567505,0.5089322328567505,2400,0.0,0.0
1991-07-16 00:00:00-04:00,0.5089320914155451,0.5725483298301697,0.5089320914155451,0.5725483298301697,1200,0.0,0.0
1991-07-17 00:00:00-04:00,0.5407399968875742,0.5407399968875742,0.5089322328567505,0.5089322328567505,5700,0.0,0.0
1991-07-18 00:00:00-04:00,0.5089322328567505,0.5089322328567505,0.5089322328567505,0.5089322328567505,300,0.0,0.0
1991-07-19 00:00:00-04:00,0.5725483298301697,0.5725483298301697,0.5725483298301697,0.5725483298301697,3000,0.0,0.0
1991-07-22 00:00:00-04:00,0.5725484889514498,0.5725484889514498,0.5089322328567505,0.5089322328567505,39000,0.0,0.0
1991-07-23 00:00:00-04:00,0.5407400131225586,0.5407400131225586,0.5407400131225586,0.5407400131225586,6000,0.0,0.0
1991-07-24 00:00:00-04:00,0.5725485061414409,0.5725485061414409,0.5407400131225586,0.5407400131225586,20400,0.0,0.0
1991-07-25 00:00:00-04:00,0.5725483298301697,0.5725483298301697,0.5089320914155451,0.5725483298301697,77100,0.0,0.0
1991-07-26 00:00:00-04:00,0.5725484544157914,0.6043569445610046,0.5566445733596886,0.6043569445610046,33000,0.0,0.0
1991-07-29 00:00:00-04:00,0.6043569445610046,0.6043569445610046,0.5407399642705781,0.6043569445610046,37800,0.0,0.0
1991-07-30 00:00:00-04:00,0.6361648440361023,0.6361648440361023,0.6361648440361023,0.6361648440361023,2700,0.0,0.0
1991-07-31 00:00:00-04:00,0.6361644529238942,0.6361644529238942,0.57254822604132,0.5884521007537842,27300,0.0,0.0
1991-08-01 00:00:00-04:00,0.5725483298301697,0.5725483298301697,0.5725483298301697,0.5725483298301697,10800,0.0,0.0
1991-08-02 00:00:00-04:00,0.5725483298301697,0.5725483298301697,0.5725483298301697,0.5725483298301697,0,0.0,0.0
1991-08-05 00:00:00-04:00,0.5407400810290287,0.6361648440361023,0.5407400810290287,0.6361648440361023,13800,0.0,0.0
1991-08-06 00:00:00-04:00,0.5725483298301697,0.5725483298301697,0.5725483298301697,0.5725483298301697,3300,0.0,0.0
1991-08-07 00:00:00-04:00,0.6361645682447943,0.6361645682447943,0.5725483298301697,0.5725483298301697,900,0.0,0.0
1991-08-08 00:00:00-04:00,0.5725485780424416,0.6361648440361023,0.5725485780424416,0.6361648440361023,16500,0.0,0.0
1991-08-09 00:00:00-04:00,0.6361648440361023,0.6361648440361023,0.6361648440361023,0.6361648440361023,0,0.0,0.0
1991-08-12 00:00:00-04:00,0.5407400131225586,0.5407400131225586,0.5407400131225586,0.5407400131225586,1200,0.0,0.0
1991-08-13 00:00:00-04:00,0.5407398466064327,0.6361645682447943,0.5407398466064327,0.5725483298301697,9900,0.0,0.0
1991-08-14 00:00:00-04:00,0.6361645682447943,0.6361645682447943,0.5725483298301697,0.5725483298301697,2100,0.0,0.0
1991-08-15 00:00:00-04:00,0.63616470667321,0.63616470667321,0.6043569445610046,0.6043569445610046,6300,0.0,0.0
1991-08-16 00:00:00-04:00,0.5725483298301697,0.5725483298301697,0.5725483298301697,0.5725483298301697,3300,0.0,0.0
1991-08-19 00:00:00-04:00,0.5725484544157914,0.6043569445610046,0.5725484544157914,0.6043569445610046,5400,0.0,0.0
1991-08-20 00:00:00-04:00,0.6361645682447943,0.6361645682447943,0.5407398466064327,0.5725483298301697,60000,0.0,0.0
1991-08-21 00:00:00-04:00,0.5725483298301697,0.6361645682447943,0.5725483298301697,0.5725483298301697,19500,0.0,0.0
1991-08-22 00:00:00-04:00,0.5725484544157914,0.6043569445610046,0.5725484544157914,0.6043569445610046,1500,0.0,0.0
1991-08-23 00:00:00-04:00,0.6043569445610046,0.6043569445610046,0.6043569445610046,0.6043569445610046,0,0.0,0.0
1991-08-26 00:00:00-04:00,0.6361648440361023,0.6361648440361023,0.6361648440361023,0.6361648440361023,2100,0.0,0.0
1991-08-27 00:00:00-04:00,0.6361648440361023,0.6361648440361023,0.6361648440361023,0.6361648440361023,0,0.0,0.0
1991-08-28 00:00:00-04:00,0.6361645682447943,0.6361645682447943,0.5725483298301697,0.5725483298301697,10500,0.0,0.0
1991-08-29 00:00:00-04:00,0.5725483298301697,0.5725483298301697,0.5725483298301697,0.5725483298301697,0,0.0,0.0
1991-08-30 00:00:00-04:00,0.5725484544157914,0.6043569445610046,0.5725484544157914,0.6043569445610046,36600,0.0,0.0
1991-09-03 00:00:00-04:00,0.6043569445610046,0.6043569445610046,0.6043569445610046,0.6043569445610046,0,0.0,0.0
1991-09-04 00:00:00-04:00,0.6361648440361023,0.6361648440361023,0.5725485780424416,0.6361648440361023,78300,0.0,0.0
1991-09-05 00:00:00-04:00,0.5725483298301697,0.5725483298301697,0.5725483298301697,0.5725483298301697,7200,0.0,0.0
1991-09-06 00:00:00-04:00,0.5725485780424416,0.6361648440361023,0.5725485780424416,0.6361648440361023,30300,0.0,0.0
1991-09-09 00:00:00-04:00,0.6361648440361023,0.6361648440361023,0.6361648440361023,0.6361648440361023,600,0.0,0.0
1991-09-10 00:00:00-04:00,0.5725483298301697,0.6361645682447943,0.5725483298301697,0.5725483298301697,90000,0.0,0.0
1991-09-11 00:00:00-04:00,0.5725483298301697,0.6043568130539068,0.5725483298301697,0.5725483298301697,5400,0.0,0.0
1991-09-12 00:00:00-04:00,0.5725483298301697,0.5725483298301697,0.5725483298301697,0.5725483298301697,300,0.0,0.0
1991-09-13 00:00:00-04:00,0.5725483298301697,0.6361645682447943,0.5725483298301697,0.5725483298301697,16800,0.0,0.0
1991-09-16 00:00:00-04:00,0.5725483298301697,0.5725483298301697,0.5089320914155451,0.5725483298301697,32400,0.0,0.0
1991-09-17 00:00:00-04:00,0.5089320914155451,0.5725483298301697,0.5089320914155451,0.5725483298301697,3600,0.0,0.0
1991-09-18 00:00:00-04:00,0.63616470667321,0.63616470667321,0.6043569445610046,0.6043569445610046,24600,0.0,0.0
1991-09-19 00:00:00-04:00,0.6043569445610046,0.6043569445610046,0.5407399642705781,0.6043569445610046,11400,0.0,0.0
1991-09-20 00:00:00-04:00,0.6043569991603234,0.6043569991603234,0.5407400131225586,0.5407400131225586,33000,0.0,0.0
1991-09-23 00:00:00-04:00,0.5725483298301697,0.5725483298301697,0.5725483298301697,0.5725483298301697,3000,0.0,0.0
1991-09-24 00:00:00-04:00,0.5725484889514498,0.5725484889514498,0.5089322328567505,0.5089322328567505,9600,0.0,0.0
1991-09-25 00:00:00-04:00,0.5725484889514498,0.5725484889514498,0.5089322328567505,0.5089322328567505,35400,0.0,0.0
1991-09-26 00:00:00-04:00,0.5089322328567505,0.5089322328567505,0.5089322328567505,0.5089322328567505,6000,0.0,0.0
1991-09-27 00:00:00-04:00,0.4771237407928749,0.5089322328567505,0.4771237407928749,0.5089322328567505,27000,0.0,0.0
1991-09-30 00:00:00-04:00,0.5089322328567505,0.5089322328567505,0.5089322328567505,0.5089322328567505,1800,0.0,0.0
1991-10-01 00:00:00-04:00,0.5407400131225586,0.5407400131225586,0.4771237551178675,0.5407400131225586,45900,0.0,0.0
1991-10-02 00:00:00-04:00,0.4771237407928749,0.5407399968875742,0.4771237407928749,0.5089322328567505,39300,0.0,0.0
1991-10-03 00:00:00-04:00,0.5407400131225586,0.5407400131225586,0.5089322481367499,0.5407400131225586,10500,0.0,0.0
1991-10-04 00:00:00-04:00,0.5407400131225586,0.5407400131225586,0.5407400131225586,0.5407400131225586,3600,0.0,0.0
1991-10-07 00:00:00-04:00,0.5407400131225586,0.5407400131225586,0.5407400131225586,0.5407400131225586,0,0.0,0.0
1991-10-08 00:00:00-04:00,0.5089322481367499,0.5407400131225586,0.5089322481367499,0.5407400131225586,5700,0.0,0.0
1991-10-09 00:00:00-04:00,0.5089322328567505,0.5248361148721624,0.5089322328567505,0.5089322328567505,10800,0.0,0.0
1991-10-10 00:00:00-04:00,0.5089322328567505,0.5089322328567505,0.5089322328567505,0.5089322328567505,12900,0.0,0.0
1991-10-11 00:00:00-04:00,0.5089322328567505,0.5089322328567505,0.5089322328567505,0.5089322328567505,600,0.0,0.0
1991-10-14 00:00:00-04:00,0.5089322328567505,0.5089322328567505,0.5089322328567505,0.5089322328567505,900,0.0,0.0
1991-10-15 00:00:00-04:00,0.5089322328567505,0.5089322328567505,0.5089322328567505,0.5089322328567505,3000,0.0,0.0
1991-10-16 00:00:00-04:00,0.5407399968875742,0.5407399968875742,0.4771237407928749,0.5089322328567505,17400,0.0,0.0
1991-10-17 00:00:00-04:00,0.4771236777305603,0.4771236777305603,0.4771236777305603,0.4771236777305603,1200,0.0,0.0
1991-10-18 00:00:00-04:00,0.4771237551178675,0.5407400131225586,0.4771237551178675,0.5407400131225586,2700,0.0,0.0
1991-10-21 00:00:00-04:00,0.4771236777305603,0.4771236777305603,0.4771236777305603,0.4771236777305603,2100,0.0,0.0
1991-10-22 00:00:00-04:00,0.5407401280726845,0.5407401280726845,0.5248362421989441,0.5248362421989441,9300,0.0,0.0
1991-10-23 00:00:00-04:00,0.5407400131225586,0.5407400131225586,0.4771237551178675,0.5407400131225586,15300,0.0,0.0
1991-10-24 00:00:00-04:00,0.5407400131225586,0.5407400131225586,0.5089322481367499,0.5407400131225586,9900,0.0,0.0
1991-10-25 00:00:00-04:00,0.5407400131225586,0.5407400131225586,0.5407400131225586,0.5407400131225586,3000,0.0,0.0
1991-10-28 00:00:00-05:00,0.5407399254169831,0.5407399254169831,0.4771236777305603,0.4771236777305603,5700,0.0,0.0
1991-10-29 00:00:00-05:00,0.5407400131225586,0.5407400131225586,0.4771237551178675,0.5407400131225586,73800,0.0,0.0
1991-10-30 00:00:00-05:00,0.4771237551178675,0.5407400131225586,0.4771237551178675,0.5407400131225586,3000,0.0,0.0
1991-10-31 00:00:00-05:00,0.4771237551178675,0.5407400131225586,0.4771237551178675,0.5407400131225586,2100,0.0,0.0
1991-11-01 00:00:00-05:00,0.5407400131225586,0.5407400131225586,0.5407400131225586,0.5407400131225586,3000,0.0,0.0
1991-11-04 00:00:00-05:00,0.4771237551178675,0.5407400131225586,0.4771237551178675,0.5407400131225586,19800,0.0,0.0
1991-11-05 00:00:00-05:00,0.4771237407928749,0.5407399968875742,0.4771237407928749,0.5089322328567505,39300,0.0,0.0
1991-11-06 00:00:00-05:00,0.4771237551178675,0.5407400131225586,0.4771237551178675,0.5407400131225586,7200,0.0,0.0
1991-11-07 00:00:00-05:00,0.5407400131225586,0.5407400131225586,0.5407400131225586,0.5407400131225586,3600,0.0,0.0
1991-11-08 00:00:00-05:00,0.4771236777305603,0.5407399254169831,0.4771236777305603,0.4771236777305603,5400,0.0,0.0
1991-11-11 00:00:00-05:00,0.4771236777305603,0.4771236777305603,0.4771236777305603,0.4771236777305603,4500,0.0,0.0
1991-11-12 00:00:00-05:00,0.5407400131225586,0.5407400131225586,0.4771237551178675,0.5407400131225586,22200,0.0,0.0
1991-11-13 00:00:00-05:00,0.4771237407928749,0.5089322328567505,0.4771237407928749,0.5089322328567505,9000,0.0,0.0
1991-11-14 00:00:00-05:00,0.4771237551178675,0.5407400131225586,0.4771237551178675,0.5407400131225586,18300,0.0,0.0
1991-11-15 00:00:00-05:00,0.5407399968875742,0.5407399968875742,0.4771237407928749,0.5089322328567505,24000,0.0,0.0
1991-11-18 00:00:00-05:00,0.4771236777305603,0.5089321655902495,0.4771236777305603,0.4771236777305603,7800,0.0,0.0
1991-11-19 00:00:00-05:00,0.5407400131225586,0.5407400131225586,0.4771237551178675,0.5407400131225586,3600,0.0,0.0
1991-11-20 00:00:00-05:00,0.4771236777305603,0.5407399254169831,0.4771236777305603,0.4771236777305603,39600,0.0,0.0
1991-11-21 00:00:00-05:00,0.4771236777305603,0.5407399254169831,0.4771236777305603,0.4771236777305603,25200,0.0,0.0
1991-11-22 00:00:00-05:00,0.5089322328567505,0.5407399968875742,0.4771237407928749,0.5089322328567505,338700,0.0,0.0
1991-11-25 00:00:00-05:00,0.5407399254169831,0.5407399254169831,0.4771236777305603,0.4771236777305603,8100,0.0,0.0
1991-11-26 00:00:00-05:00,0.4771236777305603,0.5089321655902495,0.4771236777305603,0.4771236777305603,19800,0.0,0.0
1991-11-27 00:00:00-05:00,0.5089321655902495,0.5089321655902495,0.4453151898708711,0.4771236777305603,26100,0.0,0.0
1991-11-29 00:00:00-05:00,0.44531527161598206,0.44531527161598206,0.44531527161598206,0.44531527161598206,300,0.0,0.0
1991-12-02 00:00:00-05:00,0.5089322328567505,0.5089322328567505,0.4453152487289993,0.5089322328567505,36300,0.0,0.0
1991-12-03 00:00:00-05:00,0.44531527161598206,0.47712376531465545,0.44531527161598206,0.44531527161598206,6300,0.0,0.0
1991-12-04 00:00:00-05:00,0.4453152487289993,0.5089322328567505,0.4453152487289993,0.5089322328567505,8100,0.0,0.0
1991-12-05 00:00:00-05:00,0.4453152487289993,0.5089322328567505,0.4453152487289993,0.5089322328567505,2400,0.0,0.0
1991-12-06 00:00:00-05:00,0.4453152487289993,0.5089322328567505,0.4453152487289993,0.5089322328567505,33600,0.0,0.0
1991-12-09 00:00:00-05:00,0.44531527161598206,0.44531527161598206,0.44531527161598206,0.44531527161598206,9600,0.0,0.0
1991-12-10 00:00:00-05:00,0.4771237407928749,0.5089322328567505,0.4453152487289993,0.5089322328567505,43500,0.0,0.0
1991-12-11 00:00:00-05:00,0.44531527161598206,0.47712376531465545,0.44531527161598206,0.44531527161598206,9000,0.0,0.0
1991-12-12 00:00:00-05:00,0.44531527161598206,0.5089322590133288,0.44531527161598206,0.44531527161598206,152100,0.0,0.0
1991-12-13 00:00:00-05:00,0.44531527161598206,0.5089322590133288,0.44531527161598206,0.44531527161598206,12900,0.0,0.0
1991-12-16 00:00:00-05:00,0.5089322590133288,0.5089322590133288,0.44531527161598206,0.44531527161598206,34500,0.0,0.0
1991-12-17 00:00:00-05:00,0.5089322590133288,0.5089322590133288,0.44531527161598206,0.44531527161598206,49200,0.0,0.0
1991-12-18 00:00:00-05:00,0.47712354214460395,0.47712354214460395,0.38169883371568314,0.4135073125362396,134100,0.0,0.0
1991-12-19 00:00:00-05:00,0.44531506332404747,0.44531506332404747,0.3180826268583422,0.4135073125362396,132600,0.0,0.0
1991-12-20 00:00:00-05:00,0.4135076495880412,0.4135076495880412,0.3816991448402405,0.3816991448402405,185400,0.0,0.0
1991-12-23 00:00:00-05:00,0.3816991448402405,0.4771239310503006,0.3816991448402405,0.3816991448402405,45600,0.0,0.0
1991-12-24 00:00:00-05:00,0.3816991448402405,0.3816991448402405,0.3816991448402405,0.3816991448402405,5700,0.0,0.0
1991-12-26 00:00:00-05:00,0.4453154263024999,0.4771239310503006,0.3816991448402405,0.3816991448402405,15000,0.0,0.0
1991-12-27 00:00:00-05:00,0.4453154263024999,0.4453154263024999,0.3816991448402405,0.3816991448402405,136800,0.0,0.0
1991-12-30 00:00:00-05:00,0.4453154263024999,0.4453154263024999,0.3816991448402405,0.3816991448402405,67800,0.0,0.0
1991-12-31 00:00:00-05:00,0.3816989521430476,0.4453152014892307,0.34989044070243835,0.34989044070243835,264300,0.0,0.0
1992-01-02 00:00:00-05:00,0.4135076495880412,0.4135076495880412,0.30217822423636775,0.3816991448402405,86100,0.0,0.0
1992-01-03 00:00:00-05:00,0.3816991448402405,0.3816991448402405,0.3498906173413978,0.3816991448402405,93000,0.0,0.0
1992-01-06 00:00:00-05:00,0.4135074408326264,0.4135074408326264,0.34989044070243835,0.34989044070243835,66600,0.0,0.0
1992-01-07 00:00:00-05:00,0.3816991448402405,0.3816991448402405,0.3498906173413978,0.3816991448402405,53400,0.0,0.0
1992-01-08 00:00:00-05:00,0.3816989521430476,0.4135074408326264,0.34989044070243835,0.34989044070243835,9600,0.0,0.0
1992-01-09 00:00:00-05:00,0.4135073125362396,0.4135073125362396,0.4135073125362396,0.4135073125362396,5400,0.0,0.0
1992-01-10 00:00:00-05:00,0.4135073125362396,0.4135073125362396,0.34989033214410326,0.4135073125362396,23400,0.0,0.0
1992-01-13 00:00:00-05:00,0.34989044070243835,0.4135074408326264,0.34989044070243835,0.34989044070243835,12300,0.0,0.0
1992-01-14 00:00:00-05:00,0.4135073125362396,0.4135073125362396,0.4135073125362396,0.4135073125362396,6300,0.0,0.0
1992-01-15 00:00:00-05:00,0.4135073125362396,0.4135073125362396,0.34989033214410326,0.4135073125362396,118800,0.0,0.0
1992-01-16 00:00:00-05:00,0.3816989421844482,0.5407399254169831,0.3816989421844482,0.4771236777305603,354600,0.0,0.0
1992-01-17 00:00:00-05:00,0.47712371201315945,0.6043569445610046,0.47712371201315945,0.6043569445610046,421500,0.0,0.0
1992-01-20 00:00:00-05:00,0.6043568130539068,0.6043568130539068,0.5407398466064327,0.5725483298301697,102000,0.0,0.0
1992-01-21 00:00:00-05:00,0.6043569445610046,0.6043569445610046,0.5407399642705781,0.6043569445610046,35100,0.0,0.0
1992-01-22 00:00:00-05:00,0.6043569445610046,0.6043569445610046,0.5407399642705781,0.6043569445610046,50700,0.0,0.0
1992-01-23 00:00:00-05:00,0.6043567034989659,0.6043567034989659,0.5407397485836742,0.5884521007537842,94800,0.0,0.0
1992-01-24 00:00:00-05:00,0.6043569991603234,0.6043569991603234,0.5407400131225586,0.5407400131225586,148800,0.0,0.0
1992-01-27 00:00:00-05:00,0.6043569991603234,0.6043569991603234,0.5407400131225586,0.5407400131225586,41100,0.0,0.0
1992-01-28 00:00:00-05:00,0.6043568130539068,0.6043568130539068,0.5407398466064327,0.5725483298301697,25500,0.0,0.0
1992-01-29 00:00:00-05:00,0.5725484889514498,0.5725484889514498,0.5089322328567505,0.5089322328567505,203700,0.0,0.0
1992-01-30 00:00:00-05:00,0.5725485061414409,0.5725485061414409,0.5089322481367499,0.5407400131225586,23400,0.0,0.0
1992-01-31 00:00:00-05:00,0.5089322328567505,0.5725484889514498,0.5089322328567505,0.5089322328567505,1500,0.0,0.0
1992-02-03 00:00:00-05:00,0.5089322328567505,0.5089322328567505,0.5089322328567505,0.5089322328567505,16500,0.0,0.0
1992-02-04 00:00:00-05:00,0.5089322328567505,0.5725484889514498,0.5089322328567505,0.5089322328567505,6300,0.0,0.0
1992-02-05 00:00:00-05:00,0.5725484889514498,0.5725484889514498,0.5089322328567505,0.5089322328567505,53100,0.0,0.0
1992-02-06 00:00:00-05:00,0.5725485061414409,0.5725485061414409,0.5407400131225586,0.5407400131225586,24600,0.0,0.0
1992-02-07 00:00:00-05:00,0.5725483298301697,0.5725483298301697,0.5089320914155451,0.5725483298301697,45900,0.0,0.0
1992-02-10 00:00:00-05:00,0.5725483298301697,0.5725483298301697,0.5725483298301697,0.5725483298301697,15000,0.0,0.0
1992-02-11 00:00:00-05:00,0.5725483298301697,0.5725483298301697,0.5089320914155451,0.5725483298301697,150900,0.0,0.0
1992-02-12 00:00:00-05:00,0.5725483298301697,0.5725483298301697,0.5725483298301697,0.5725483298301697,1800,0.0,0.0
1992-02-13 00:00:00-05:00,0.5725483298301697,0.5725483298301697,0.5089320914155451,0.5725483298301697,12600,0.0,0.0
1992-02-14 00:00:00-05:00,0.5725483298301697,0.5725483298301697,0.5725483298301697,0.5725483298301697,0,0.0,0.0
1992-02-18 00:00:00-05:00,0.5725484889514498,0.5725484889514498,0.5089322328567505,0.5089322328567505,12000,0.0,0.0
1992-02-19 00:00:00-05:00,0.5089320914155451,0.5725483298301697,0.5089320914155451,0.5725483298301697,2100,0.0,0.0
1992-02-20 00:00:00-05:00,0.5725483298301697,0.5725483298301697,0.5089320914155451,0.5725483298301697,8100,0.0,0.0
1992-02-21 00:00:00-05:00,0.5725483298301697,0.5725483298301697,0.5089320914155451,0.5725483298301697,11100,0.0,0.0
1992-02-24 00:00:00-05:00,0.5089320914155451,0.5725483298301697,0.5089320914155451,0.5725483298301697,6000,0.0,0.0
1992-02-25 00:00:00-05:00,0.5725483298301697,0.5725483298301697,0.5089320914155451,0.5725483298301697,38100,0.0,0.0
1992-02-26 00:00:00-05:00,0.5725483298301697,0.5725483298301697,0.5725483298301697,0.5725483298301697,8400,0.0,0.0
1992-02-27 00:00:00-05:00,0.5725485061414409,0.6043569991603234,0.5089322481367499,0.5407400131225586,85500,0.0,0.0
1992-02-28 00:00:00-05:00,0.5725483298301697,0.5725483298301697,0.5089320914155451,0.5725483298301697,10500,0.0,0.0
1992-03-02 00:00:00-05:00,0.5089320914155451,0.5725483298301697,0.5089320914155451,0.5725483298301697,49500,0.0,0.0
1992-03-03 00:00:00-05:00,0.5725483298301697,0.5725483298301697,0.5725483298301697,0.5725483298301697,6600,0.0,0.0
1992-03-04 00:00:00-05:00,0.5089322481367499,0.5407400131225586,0.5089322481367499,0.5407400131225586,7200,0.0,0.0
1992-03-05 00:00:00-05:00,0.5089320914155451,0.5725483298301697,0.5089320914155451,0.5725483298301697,2400,0.0,0.0
1992-03-06 00:00:00-05:00,0.5089322328567505,0.5725484889514498,0.5089322328567505,0.5089322328567505,78900,0.0,0.0
1992-03-09 00:00:00-05:00,0.5248360455036163,0.5725484132766723,0.4771236777305603,0.4771236777305603,102300,0.0,0.0
1992-03-10 00:00:00-05:00,0.5407399968875742,0.5407399968875742,0.4771237407928749,0.5089322328567505,29400,0.0,0.0
1992-03-11 00:00:00-05:00,0.4771237551178675,0.5407400131225586,0.4771237551178675,0.5407400131225586,18300,0.0,0.0
1992-03-12 00:00:00-05:00,0.5407399968875742,0.5407399968875742,0.4771237407928749,0.5089322328567505,2400,0.0,0.0
1992-03-13 00:00:00-05:00,0.4771236777305603,0.4771236777305603,0.4771236777305603,0.4771236777305603,300,0.0,0.0
1992-03-16 00:00:00-05:00,0.5407399254169831,0.5407399254169831,0.4771236777305603,0.4771236777305603,4500,0.0,0.0
1992-03-17 00:00:00-05:00,0.5407399254169831,0.5407399254169831,0.4771236777305603,0.4771236777305603,24300,0.0,0.0
1992-03-18 00:00:00-05:00,0.5407399254169831,0.5407399254169831,0.4771236777305603,0.4771236777305603,71400,0.0,0.0
1992-03-19 00:00:00-05:00,0.4771237551178675,0.5407400131225586,0.4771237551178675,0.5407400131225586,48300,0.0,0.0
1992-03-20 00:00:00-05:00,0.5407400131225586,0.5407400131225586,0.5089322481367499,0.5407400131225586,165000,0.0,0.0
1992-03-23 00:00:00-05:00,0.5407400131225586,0.5407400131225586,0.5407400131225586,0.5407400131225586,0,0.0,0.0
1992-03-24 00:00:00-05:00,0.5407399254169831,0.5407399254169831,0.4771236777305603,0.4771236777305603,19200,0.0,0.0
1992-03-25 00:00:00-05:00,0.4771236777305603,0.4771236777305603,0.4771236777305603,0.4771236777305603,600,0.0,0.0
1992-03-26 00:00:00-05:00,0.4771236777305603,0.4771236777305603,0.4771236777305603,0.4771236777305603,15000,0.0,0.0
1992-03-27 00:00:00-05:00,0.5089321655902495,0.5407399254169831,0.4771236777305603,0.4771236777305603,50400,0.0,0.0
1992-03-30 00:00:00-05:00,0.4771236777305603,0.4771236777305603,0.4771236777305603,0.4771236777305603,1800,0.0,0.0
1992-03-31 00:00:00-05:00,0.5407400131225586,0.5407400131225586,0.4771237551178675,0.5407400131225586,29400,0.0,0.0
1992-04-01 00:00:00-05:00,0.5407399254169831,0.5407399254169831,0.4771236777305603,0.4771236777305603,23400,0.0,0.0
1992-04-02 00:00:00-05:00,0.5407400131225586,0.5407400131225586,0.4771237551178675,0.5407400131225586,18300,0.0,0.0
1992-04-03 00:00:00-05:00,0.5407400131225586,0.5407400131225586,0.5407400131225586,0.5407400131225586,1200,0.0,0.0
1992-04-06 00:00:00-04:00,0.5089321655902495,0.5089321655902495,0.4771236777305603,0.4771236777305603,4200,0.0,0.0
1992-04-07 00:00:00-04:00,0.5407399254169831,0.5407399254169831,0.4771236777305603,0.4771236777305603,94200,0.0,0.0
1992-04-08 00:00:00-04:00,0.4771236777305603,0.5089321655902495,0.4771236777305603,0.4771236777305603,66300,0.0,0.0
1992-04-09 00:00:00-04:00,0.4771236777305603,0.4771236777305603,0.4771236777305603,0.4771236777305603,6000,0.0,0.0
1992-04-10 00:00:00-04:00,0.5089322328567505,0.5407399968875742,0.5089322328567505,0.5089322328567505,11100,0.0,0.0
1992-04-13 00:00:00-04:00,0.4771236777305603,0.4771236777305603,0.4771236777305603,0.4771236777305603,3900,0.0,0.0
1992-04-14 00:00:00-04:00,0.5407399968875742,0.5407399968875742,0.5089322328567505,0.5089322328567505,60300,0.0,0.0
1992-04-15 00:00:00-04:00,0.5407400131225586,0.5407400131225586,0.4771237551178675,0.5407400131225586,19200,0.0,0.0
1992-04-16 00:00:00-04:00,0.5407400131225586,0.5407400131225586,0.4771237551178675,0.5407400131225586,13200,0.0,0.0
1992-04-20 00:00:00-04:00,0.5089322481367499,0.5407400131225586,0.5089322481367499,0.5407400131225586,23700,0.0,0.0
1992-04-21 00:00:00-04:00,0.5407399968875742,0.5407399968875742,0.5089322328567505,0.5089322328567505,28800,0.0,0.0
1992-04-22 00:00:00-04:00,0.5407400131225586,0.5407400131225586,0.5407400131225586,0.5407400131225586,5700,0.0,0.0
1992-04-23 00:00:00-04:00,0.4771236777305603,0.4771236777305603,0.4771236777305603,0.4771236777305603,300,0.0,0.0
1992-04-24 00:00:00-04:00,0.5407400131225586,0.5407400131225586,0.5089322481367499,0.5407400131225586,26400,0.0,0.0
1992-04-27 00:00:00-04:00,0.5407400131225586,0.5407400131225586,0.5089322481367499,0.5407400131225586,16800,0.0,0.0
1992-04-28 00:00:00-04:00,0.5089322481367499,0.5407400131225586,0.5089322481367499,0.5407400131225586,9600,0.0,0.0
1992-04-29 00:00:00-04:00,0.4771237407928749,0.5089322328567505,0.4771237407928749,0.5089322328567505,6000,0.0,0.0
1992-04-30 00:00:00-04:00,0.5089322328567505,0.5089322328567505,0.5089322328567505,0.5089322328567505,0,0.0,0.0
1992-05-01 00:00:00-04:00,0.4771237407928749,0.5407399968875742,0.4771237407928749,0.5089322328567505,22800,0.0,0.0
1992-05-04 00:00:00-04:00,0.5407400131225586,0.5407400131225586,0.5407400131225586,0.5407400131225586,600,0.0,0.0
1992-05-05 00:00:00-04:00,0.5407401280726845,0.5407401280726845,0.5089323563252037,0.5248362421989441,65400,0.0,0.0
1992-05-06 00:00:00-04:00,0.5248360455036163,0.5407399254169831,0.4771236777305603,0.4771236777305603,71400,0.0,0.0
1992-05-07 00:00:00-04:00,0.4771236777305603,0.4771236777305603,0.4771236777305603,0.4771236777305603,15300,0.0,0.0
1992-05-08 00:00:00-04:00,0.5725484132766723,0.5725484132766723,0.4771236777305603,0.4771236777305603,164400,0.0,0.0
1992-05-11 00:00:00-04:00,0.5089322481367499,0.5407400131225586,0.4771237551178675,0.5407400131225586,13500,0.0,0.0
1992-05-12 00:00:00-04:00,0.4771236081918081,0.5725483298301697,0.4771236081918081,0.5725483298301697,115200,0.0,0.0
1992-05-13 00:00:00-04:00,0.4771236777305603,0.5725484132766723,0.4771236777305603,0.4771236777305603,87600,0.0,0.0
1992-05-14 00:00:00-04:00,0.5407399968875742,0.5725484889514498,0.5089322328567505,0.5089322328567505,10200,0.0,0.0
1992-05-15 00:00:00-04:00,0.4771236777305603,0.4771236777305603,0.4771236777305603,0.4771236777305603,5100,0.0,0.0
1992-05-18 00:00:00-04:00,0.5089322328567505,0.5407399968875742,0.4771237407928749,0.5089322328567505,107400,0.0,0.0
1992-05-19 00:00:00-04:00,0.4771237551178675,0.5407400131225586,0.4771237551178675,0.5407400131225586,3900,0.0,0.0
1992-05-20 00:00:00-04:00,0.5407400131225586,0.5407400131225586,0.4771237551178675,0.5407400131225586,4200,0.0,0.0
1992-05-21 00:00:00-04:00,0.4771237407928749,0.5089322328567505,0.4771237407928749,0.5089322328567505,13500,0.0,0.0
1992-05-22 00:00:00-04:00,0.5089322328567505,0.5089322328567505,0.5089322328567505,0.5089322328567505,0,0.0,0.0
1992-05-26 00:00:00-04:00,0.4771237551178675,0.5725485061414409,0.4771237551178675,0.5407400131225586,193500,0.0,0.0
1992-05-27 00:00:00-04:00,0.5407398466064327,0.6043568130539068,0.5407398466064327,0.5725483298301697,167700,0.0,0.0
1992-05-28 00:00:00-04:00,0.5725483298301697,0.6361645682447943,0.5407398466064327,0.5725483298301697,225300,0.0,0.0
1992-05-29 00:00:00-04:00,0.5725484544157914,0.63616470667321,0.5407399642705781,0.6043569445610046,131100,0.0,0.0
1992-06-01 00:00:00-04:00,0.5407400131225586,0.6361647641461321,0.5407400131225586,0.5407400131225586,3600,0.0,0.0
1992-06-02 00:00:00-04:00,0.6361648440361023,0.6361648440361023,0.5407400810290287,0.6361648440361023,12300,0.0,0.0
1992-06-03 00:00:00-04:00,0.5407398466064327,0.6361645682447943,0.5407398466064327,0.5725483298301697,9000,0.0,0.0
1992-06-04 00:00:00-04:00,0.6361648440361023,0.6361648440361023,0.5407400810290287,0.6361648440361023,9300,0.0,0.0
1992-06-05 00:00:00-04:00,0.5407400131225586,0.5407400131225586,0.5407400131225586,0.5407400131225586,3000,0.0,0.0
1992-06-08 00:00:00-04:00,0.63616470667321,0.63616470667321,0.5407399642705781,0.6043569445610046,18000,0.0,0.0
1992-06-09 00:00:00-04:00,0.6043569991603234,0.6043569991603234,0.5407400131225586,0.5407400131225586,9600,0.0,0.0
1992-06-10 00:00:00-04:00,0.5407400131225586,0.5407400131225586,0.5407400131225586,0.5407400131225586,900,0.0,0.0
1992-06-11 00:00:00-04:00,0.5407400131225586,0.5407400131225586,0.5407400131225586,0.5407400131225586,0,0.0,0.0
1992-06-12 00:00:00-04:00,0.5407400131225586,0.5407400131225586,0.5407400131225586,0.5407400131225586,0,0.0,0.0
1992-06-15 00:00:00-04:00,0.5407398466064327,0.6043568130539068,0.5407398466064327,0.5725483298301697,25200,0.0,0.0
1992-06-16 00:00:00-04:00,0.5725485061414409,0.5725485061414409,0.5407400131225586,0.5407400131225586,36300,0.0,0.0
1992-06-17 00:00:00-04:00,0.5725484889514498,0.5725484889514498,0.5089322328567505,0.5089322328567505,49500,0.0,0.0
1992-06-18 00:00:00-04:00,0.5089322328567505,0.5089322328567505,0.5089322328567505,0.5089322328567505,0,0.0,0.0
1992-06-19 00:00:00-04:00,0.5725483298301697,0.5725483298301697,0.5725483298301697,0.5725483298301697,3900,0.0,0.0
1992-06-22 00:00:00-04:00,0.5089322328567505,0.5089322328567505,0.5089322328567505,0.5089322328567505,3300,0.0,0.0
1992-06-23 00:00:00-04:00,0.5089322328567505,0.5407399968875742,0.5089322328567505,0.5089322328567505,45000,0.0,0.0
1992-06-24 00:00:00-04:00,0.5089322328567505,0.5089322328567505,0.5089322328567505,0.5089322328567505,900,0.0,0.0
1992-06-25 00:00:00-04:00,0.47712385654449463,0.5407401280726845,0.47712385654449463,0.5248362421989441,6600,0.0,0.0
1992-06-26 00:00:00-04:00,0.5407400131225586,0.5407400131225586,0.5407400131225586,0.5407400131225586,1500,0.0,0.0
1992-06-29 00:00:00-04:00,0.5407400131225586,0.5407400131225586,0.5407400131225586,0.5407400131225586,0,0.0,0.0
1992-06-30 00:00:00-04:00,0.4771237551178675,0.5407400131225586,0.4771237551178675,0.5407400131225586,1500,0.0,0.0
1992-07-01 00:00:00-04:00,0.5407400131225586,0.5407400131225586,0.5407400131225586,0.5407400131225586,300,0.0,0.0
1992-07-02 00:00:00-04:00,0.5407400131225586,0.5407400131225586,0.5407400131225586,0.5407400131225586,0,0.0,0.0
1992-07-06 00:00:00-04:00,0.5407400131225586,0.5407400131225586,0.5407400131225586,0.5407400131225586,0,0.0,0.0
1992-07-07 00:00:00-04:00,0.38169901225172437,0.47712376531465545,0.38169901225172437,0.44531527161598206,2700,0.0,0.0
1992-07-08 00:00:00-04:00,0.3816989926342999,0.5089322328567505,0.3816989926342999,0.5089322328567505,10200,0.0,0.0
1992-07-09 00:00:00-04:00,0.5089322328567505,0.5089322328567505,0.5089322328567505,0.5089322328567505,9600,0.0,0.0
1992-07-10 00:00:00-04:00,0.5407397717529683,0.5407397717529683,0.4135073125362396,0.4135073125362396,1200,0.0,0.0
1992-07-13 00:00:00-04:00,0.5407400246789131,0.5407400246789131,0.44531527161598206,0.44531527161598206,5100,0.0,0.0
1992-07-14 00:00:00-04:00,0.5407400246789131,0.5407400246789131,0.44531527161598206,0.44531527161598206,7500,0.0,0.0
1992-07-15 00:00:00-04:00,0.4453152620989851,0.5407400131225586,0.4453152620989851,0.5407400131225586,5400,0.0,0.0
1992-07-16 00:00:00-04:00,0.4453151898708711,0.4771236777305603,0.4453151898708711,0.4771236777305603,6000,0.0,0.0
1992-07-17 00:00:00-04:00,0.44531527161598206,0.47712376531465545,0.44531527161598206,0.44531527161598206,13800,0.0,0.0
1992-07-20 00:00:00-04:00,0.44531527161598206,0.44531527161598206,0.44531527161598206,0.44531527161598206,0,0.0,0.0
1992-07-21 00:00:00-04:00,0.4771237551178675,0.5407400131225586,0.4771237551178675,0.5407400131225586,40200,0.0,0.0
1992-07-22 00:00:00-04:00,0.5407400131225586,0.5407400131225586,0.5407400131225586,0.5407400131225586,3000,0.0,0.0
1992-07-23 00:00:00-04:00,0.5407400246789131,0.5407400246789131,0.44531527161598206,0.44531527161598206,7500,0.0,0.0
1992-07-24 00:00:00-04:00,0.5407400131225586,0.5407400131225586,0.5407400131225586,0.5407400131225586,1200,0.0,0.0
1992-07-27 00:00:00-04:00,0.5407399254169831,0.5407399254169831,0.4771236777305603,0.4771236777305603,16800,0.0,0.0
1992-07-28 00:00:00-04:00,0.5407399968875742,0.5407399968875742,0.4771237407928749,0.5089322328567505,27000,0.0,0.0
1992-07-29 00:00:00-04:00,0.5089322328567505,0.5089322328567505,0.5089322328567505,0.5089322328567505,0,0.0,0.0
1992-07-30 00:00:00-04:00,0.4771237407928749,0.5089322328567505,0.4771237407928749,0.5089322328567505,33000,0.0,0.0
1992-07-31 00:00:00-04:00,0.5089322328567505,0.5089322328567505,0.5089322328567505,0.5089322328567505,0,0.0,0.0
1992-08-03 00:00:00-04:00,0.4771237551178675,0.5407400131225586,0.4771237551178675,0.5407400131225586,2100,0.0,0.0
1992-08-04 00:00:00-04:00,0.4771237407928749,0.5089322328567505,0.4771237407928749,0.5089322328567505,27000,0.0,0.0
1992-08-05 00:00:00-04:00,0.4771237551178675,0.5407400131225586,0.4771237551178675,0.5407400131225586,3600,0.0,0.0
1992-08-06 00:00:00-04:00,0.4771236777305603,0.5407399254169831,0.4771236777305603,0.4771236777305603,63900,0.0,0.0
1992-08-07 00:00:00-04:00,0.4771237407928749,0.5407399968875742,0.4771237407928749,0.5089322328567505,211200,0.0,0.0
1992-08-10 00:00:00-04:00,0.5089322328567505,0.5248361148721624,0.5089322328567505,0.5089322328567505,412200,0.0,0.0
1992-08-11 00:00:00-04:00,0.4771236777305603,0.5407399254169831,0.4771236777305603,0.4771236777305603,51300,0.0,0.0
1992-08-12 00:00:00-04:00,0.47712385654449463,0.5407401280726845,0.47712385654449463,0.5248362421989441,90000,0.0,0.0
1992-08-13 00:00:00-04:00,0.4771237407928749,0.5407399968875742,0.4771237407928749,0.5089322328567505,33900,0.0,0.0
1992-08-14 00:00:00-04:00,0.5089323563252037,0.5407401280726845,0.5089323563252037,0.5248362421989441,90300,0.0,0.0
1992-08-17 00:00:00-04:00,0.5089322328567505,0.5407399968875742,0.5089322328567505,0.5089322328567505,180600,0.0,0.0
1992-08-18 00:00:00-04:00,0.4771236777305603,0.4771236777305603,0.4771236777305603,0.4771236777305603,1500,0.0,0.0
1992-08-19 00:00:00-04:00,0.4771237551178675,0.5407400131225586,0.4771237551178675,0.5407400131225586,117000,0.0,0.0
1992-08-20 00:00:00-04:00,0.5407399254169831,0.5407399254169831,0.4771236777305603,0.4771236777305603,4500,0.0,0.0
1992-08-21 00:00:00-04:00,0.49302762280828677,0.5089322328567505,0.4771237407928749,0.5089322328567505,22800,0.0,0.0
1992-08-24 00:00:00-04:00,0.4771236777305603,0.4771236777305603,0.4771236777305603,0.4771236777305603,4500,0.0,0.0
1992-08-25 00:00:00-04:00,0.4771236777305603,0.4771236777305603,0.4771236777305603,0.4771236777305603,28500,0.0,0.0
1992-08-26 00:00:00-04:00,0.4771236777305603,0.4771236777305603,0.4771236777305603,0.4771236777305603,0,0.0,0.0
1992-08-27 00:00:00-04:00,0.47712376531465545,0.47712376531465545,0.44531527161598206,0.44531527161598206,75300,0.0,0.0
1992-08-28 00:00:00-04:00,0.44531527161598206,0.44531527161598206,0.44531527161598206,0.44531527161598206,45900,0.0,0.0
1992-08-31 00:00:00-04:00,0.44531527161598206,0.47712376531465545,0.4135075059503978,0.44531527161598206,37500,0.0,0.0
1992-09-01 00:00:00-04:00,0.3816991448402405,0.4453154263024999,0.3816991448402405,0.3816991448402405,6600,0.0,0.0
1992-09-02 00:00:00-04:00,0.4771239310503006,0.4771239310503006,0.3816991448402405,0.3816991448402405,1800,0.0,0.0
1992-09-03 00:00:00-04:00,0.44531527161598206,0.44531527161598206,0.44531527161598206,0.44531527161598206,900,0.0,0.0
1992-09-04 00:00:00-04:00,0.3816991448402405,0.4453154263024999,0.3816991448402405,0.3816991448402405,64500,0.0,0.0
1992-09-08 00:00:00-04:00,0.3816989948549515,0.4453152513197581,0.3498904798549872,0.3657951354980469,43500,0.0,0.0
1992-09-09 00:00:00-04:00,0.3498904798549872,0.4453152513197581,0.3498904798549872,0.3657951354980469,129900,0.0,0.0
1992-09-10 00:00:00-04:00,0.3657950889404634,0.4135074344735784,0.3657950889404634,0.3976028263568878,15300,0.0,0.0
1992-09-11 00:00:00-04:00,0.3657951354980469,0.4135074871038828,0.3657951354980469,0.3657951354980469,16800,0.0,0.0
1992-09-14 00:00:00-04:00,0.3657951354980469,0.3816989948549515,0.3657951354980469,0.3657951354980469,156000,0.0,0.0
1992-09-15 00:00:00-04:00,0.4135074408326264,0.4135074408326264,0.34989044070243835,0.34989044070243835,33900,0.0,0.0
1992-09-16 00:00:00-04:00,0.3498904798549872,0.4135074871038828,0.3498904798549872,0.3657951354980469,2400,0.0,0.0
1992-09-17 00:00:00-04:00,0.3657950945657759,0.4135074408326264,0.34989044070243835,0.34989044070243835,42300,0.0,0.0
1992-09-18 00:00:00-04:00,0.38169883371568314,0.4135073125362396,0.34989033214410326,0.4135073125362396,16200,0.0,0.0
1992-09-21 00:00:00-04:00,0.34989033214410326,0.4135073125362396,0.34989033214410326,0.4135073125362396,3300,0.0,0.0
1992-09-22 00:00:00-04:00,0.34989044070243835,0.34989044070243835,0.34989044070243835,0.34989044070243835,600,0.0,0.0
1992-09-23 00:00:00-04:00,0.4135073125362396,0.4135073125362396,0.34989033214410326,0.4135073125362396,180000,0.0,0.0
1992-09-24 00:00:00-04:00,0.4135073125362396,0.4135073125362396,0.38169883371568314,0.4135073125362396,9000,0.0,0.0
1992-09-25 00:00:00-04:00,0.4135073125362396,0.4135073125362396,0.3657949810728026,0.4135073125362396,125700,0.0,0.0
1992-09-28 00:00:00-04:00,0.34989044070243835,0.34989044070243835,0.34989044070243835,0.34989044070243835,6000,0.0,0.0
1992-09-29 00:00:00-04:00,0.34989044070243835,0.34989044070243835,0.34989044070243835,0.34989044070243835,0,0.0,0.0
1992-09-30 00:00:00-04:00,0.34989044070243835,0.34989044070243835,0.34989044070243835,0.34989044070243835,600,0.0,0.0
1992-10-01 00:00:00-04:00,0.34989044070243835,0.34989044070243835,0.34989044070243835,0.34989044070243835,4800,0.0,0.0
1992-10-02 00:00:00-04:00,0.3657950945657759,0.4135074408326264,0.34989044070243835,0.34989044070243835,65400,0.0,0.0
1992-10-05 00:00:00-04:00,0.3816991448402405,0.3816991448402405,0.3816991448402405,0.3816991448402405,9000,0.0,0.0
1992-10-06 00:00:00-04:00,0.38169883371568314,0.4135073125362396,0.38169883371568314,0.4135073125362396,10500,0.0,0.0
1992-10-07 00:00:00-04:00,0.38169883371568314,0.4135073125362396,0.38169883371568314,0.4135073125362396,9000,0.0,0.0
1992-10-08 00:00:00-04:00,0.34989044070243835,0.34989044070243835,0.34989044070243835,0.34989044070243835,300,0.0,0.0
1992-10-09 00:00:00-04:00,0.34989044070243835,0.34989044070243835,0.34989044070243835,0.34989044070243835,3000,0.0,0.0
1992-10-12 00:00:00-04:00,0.34989044070243835,0.34989044070243835,0.34989044070243835,0.34989044070243835,600,0.0,0.0
1992-10-13 00:00:00-04:00,0.4135074408326264,0.4135074408326264,0.34989044070243835,0.34989044070243835,900,0.0,0.0
1992-10-14 00:00:00-04:00,0.34989044070243835,0.34989044070243835,0.34989044070243835,0.34989044070243835,3600,0.0,0.0
1992-10-15 00:00:00-04:00,0.4135074408326264,0.4135074408326264,0.34989044070243835,0.34989044070243835,7200,0.0,0.0
1992-10-16 00:00:00-04:00,0.4135074408326264,0.4135074408326264,0.34989044070243835,0.34989044070243835,5400,0.0,0.0
1992-10-19 00:00:00-04:00,0.3816989521430476,0.3816989521430476,0.33398658312516666,0.34989044070243835,130500,0.0,0.0
1992-10-20 00:00:00-04:00,0.3816991448402405,0.3816991448402405,0.3816991448402405,0.3816991448402405,300,0.0,0.0
1992-10-21 00:00:00-04:00,0.3339866712204577,0.3657951910511647,0.3180828094482422,0.3180828094482422,69300,0.0,0.0
1992-10-22 00:00:00-04:00,0.25446570266667645,0.34989044070243835,0.25446570266667645,0.34989044070243835,4800,0.0,0.0
1992-10-23 00:00:00-04:00,0.34989053299267325,0.34989053299267325,0.3180828094482422,0.3180828094482422,35700,0.0,0.0
1992-10-26 00:00:00-05:00,0.3816989521430476,0.3816989521430476,0.31808272554789496,0.34989044070243835,16800,0.0,0.0
1992-10-27 00:00:00-05:00,0.3816991448402405,0.3816991448402405,0.318082886129023,0.3816991448402405,109800,0.0,0.0
1992-10-28 00:00:00-05:00,0.3816991448402405,0.3816991448402405,0.3816991448402405,0.3816991448402405,12000,0.0,0.0
1992-10-29 00:00:00-05:00,0.3816989521430476,0.3816989521430476,0.34989044070243835,0.34989044070243835,204300,0.0,0.0
1992-10-30 00:00:00-05:00,0.3498906173413978,0.3816991448402405,0.3498906173413978,0.3816991448402405,10800,0.0,0.0
1992-11-02 00:00:00-05:00,0.4135073125362396,0.4135073125362396,0.34989033214410326,0.4135073125362396,7200,0.0,0.0
1992-11-03 00:00:00-05:00,0.4135073125362396,0.4135073125362396,0.4135073125362396,0.4135073125362396,2400,0.0,0.0
1992-11-04 00:00:00-05:00,0.4135074408326264,0.4135074408326264,0.34989044070243835,0.34989044070243835,54600,0.0,0.0
1992-11-05 00:00:00-05:00,0.4135073125362396,0.4135073125362396,0.34989033214410326,0.4135073125362396,13800,0.0,0.0
1992-11-06 00:00:00-05:00,0.4135076495880412,0.4135076495880412,0.3816991448402405,0.3816991448402405,11100,0.0,0.0
1992-11-09 00:00:00-05:00,0.3498904798549872,0.4135074871038828,0.3498904798549872,0.3657951354980469,21000,0.0,0.0
1992-11-10 00:00:00-05:00,0.4135073125362396,0.4135073125362396,0.3657949810728026,0.4135073125362396,33600,0.0,0.0
1992-11-11 00:00:00-05:00,0.4135073125362396,0.4135073125362396,0.4135073125362396,0.4135073125362396,27000,0.0,0.0
1992-11-12 00:00:00-05:00,0.3816989521430476,0.4135074408326264,0.34989044070243835,0.34989044070243835,23100,0.0,0.0
1992-11-13 00:00:00-05:00,0.34989033214410326,0.4135073125362396,0.34989033214410326,0.4135073125362396,41700,0.0,0.0
1992-11-16 00:00:00-05:00,0.4135073125362396,0.4135073125362396,0.38169883371568314,0.4135073125362396,60600,0.0,0.0
1992-11-17 00:00:00-05:00,0.4135073125362396,0.4135073125362396,0.38169883371568314,0.4135073125362396,8100,0.0,0.0
1992-11-18 00:00:00-05:00,0.4135073125362396,0.4135073125362396,0.4135073125362396,0.4135073125362396,4500,0.0,0.0
1992-11-19 00:00:00-05:00,0.34989033214410326,0.4135073125362396,0.34989033214410326,0.4135073125362396,3000,0.0,0.0
1992-11-20 00:00:00-05:00,0.34989033214410326,0.4135073125362396,0.34989033214410326,0.4135073125362396,24900,0.0,0.0
1992-11-23 00:00:00-05:00,0.4135073125362396,0.4135073125362396,0.38169883371568314,0.4135073125362396,86400,0.0,0.0
1992-11-24 00:00:00-05:00,0.38169901225172437,0.44531527161598206,0.38169901225172437,0.44531527161598206,1500,0.0,0.0
1992-11-25 00:00:00-05:00,0.4453154263024999,0.4453154263024999,0.3816991448402405,0.3816991448402405,5100,0.0,0.0
1992-11-27 00:00:00-05:00,0.4453154263024999,0.4453154263024999,0.3816991448402405,0.3816991448402405,9600,0.0,0.0
1992-11-30 00:00:00-05:00,0.3816991448402405,0.4453154263024999,0.3816991448402405,0.3816991448402405,8400,0.0,0.0
1992-12-01 00:00:00-05:00,0.3816988203260634,0.4453150477028329,0.3816988203260634,0.4294111728668213,133200,0.0,0.0
1992-12-02 00:00:00-05:00,0.4771236979886033,0.4771236979886033,0.41350744760111835,0.46121981739997864,205200,0.0,0.0
1992-12-03 00:00:00-05:00,0.5089322481367499,0.5407400131225586,0.4453152620989851,0.5407400131225586,276900,0.0,0.0
1992-12-04 00:00:00-05:00,0.4771237551178675,0.5407400131225586,0.4771237551178675,0.5407400131225586,62700,0.0,0.0
1992-12-07 00:00:00-05:00,0.4771237551178675,0.5725485061414409,0.4771237551178675,0.5407400131225586,83700,0.0,0.0
1992-12-08 00:00:00-05:00,0.5407400131225586,0.6043569991603234,0.5089322481367499,0.5407400131225586,131400,0.0,0.0
1992-12-09 00:00:00-05:00,0.6043568372523833,0.636164593716855,0.572548352755033,0.6202607154846191,166800,0.0,0.0
1992-12-10 00:00:00-05:00,0.6361646245796131,0.7315893546682007,0.6361646245796131,0.699781596660614,339000,0.0,0.0
1992-12-11 00:00:00-05:00,0.6679731106201136,0.7633978407087012,0.6679731106201136,0.699781596660614,249000,0.0,0.0
1992-12-14 00:00:00-05:00,0.7633977658393049,0.7952062487602234,0.6997815280303102,0.7952062487602234,48000,0.0,0.0
1992-12-15 00:00:00-05:00,0.795206545306032,0.795206545306032,0.6997817889906327,0.7315895557403564,61800,0.0,0.0
1992-12-16 00:00:00-05:00,0.7633977658393049,0.7952062487602234,0.6997815280303102,0.7952062487602234,250200,0.0,0.0
1992-12-17 00:00:00-05:00,0.7952063267492017,0.7952063267492017,0.699781596660614,0.699781596660614,14400,0.0,0.0
1992-12-18 00:00:00-05:00,0.7952062487602234,0.7952062487602234,0.7952062487602234,0.7952062487602234,30900,0.0,0.0
1992-12-21 00:00:00-05:00,0.7952062487602234,0.7952062487602234,0.6997815280303102,0.7952062487602234,198900,0.0,0.0
1992-12-22 00:00:00-05:00,0.7315897849326802,0.763398289680481,0.6679735034704208,0.763398289680481,81300,0.0,0.0
1992-12-23 00:00:00-05:00,0.6997817889906327,0.7633980505231942,0.6997817889906327,0.7315895557403564,22800,0.0,0.0
1992-12-24 00:00:00-05:00,0.7633978407087012,0.7633978407087012,0.699781596660614,0.699781596660614,9000,0.0,0.0
1992-12-28 00:00:00-05:00,0.699781596660614,0.7633978407087012,0.699781596660614,0.699781596660614,31200,0.0,0.0
1992-12-29 00:00:00-05:00,0.763398289680481,0.763398289680481,0.6679735034704208,0.763398289680481,29100,0.0,0.0
1992-12-30 00:00:00-05:00,0.6679728627204895,0.699781336956156,0.6679728627204895,0.6679728627204895,8100,0.0,0.0
1992-12-31 00:00:00-05:00,0.6679735034704208,0.763398289680481,0.6679735034704208,0.763398289680481,27000,0.0,0.0
1993-01-04 00:00:00-05:00,0.763398289680481,0.763398289680481,0.763398289680481,0.763398289680481,300,0.0,0.0
1993-01-05 00:00:00-05:00,0.763398289680481,0.763398289680481,0.763398289680481,0.763398289680481,1500,0.0,0.0
1993-01-06 00:00:00-05:00,0.763398289680481,0.763398289680481,0.6679735034704208,0.763398289680481,9600,0.0,0.0
1993-01-07 00:00:00-05:00,0.7633980505231942,0.7633980505231942,0.6997817889906327,0.7315895557403564,40500,0.0,0.0
1993-01-08 00:00:00-05:00,0.7633980505231942,0.7633980505231942,0.6997817889906327,0.7315895557403564,13500,0.0,0.0
1993-01-11 00:00:00-05:00,0.7315895557403564,0.7315895557403564,0.7315895557403564,0.7315895557403564,3000,0.0,0.0
1993-01-12 00:00:00-05:00,0.6679731106201136,0.7315893546682007,0.6679731106201136,0.699781596660614,68400,0.0,0.0
1993-01-13 00:00:00-05:00,0.7315895557403564,0.7315895557403564,0.6997817889906327,0.7315895557403564,12000,0.0,0.0
1993-01-14 00:00:00-05:00,0.7315895557403564,0.7315895557403564,0.7315895557403564,0.7315895557403564,5400,0.0,0.0
1993-01-15 00:00:00-05:00,0.7315895557403564,0.7315895557403564,0.6679732942077949,0.7315895557403564,11700,0.0,0.0
1993-01-18 00:00:00-05:00,0.7315892926681381,0.7315892926681381,0.667973054011342,0.6838769316673279,22200,0.0,0.0
1993-01-19 00:00:00-05:00,0.6679731106201136,0.7315893546682007,0.6679731106201136,0.699781596660614,88200,0.0,0.0
1993-01-20 00:00:00-05:00,0.6679732942077949,0.7315895557403564,0.6361647994249572,0.7315895557403564,25200,0.0,0.0
1993-01-21 00:00:00-05:00,0.7315895557403564,0.7315895557403564,0.6997817889906327,0.7315895557403564,38400,0.0,0.0
1993-01-22 00:00:00-05:00,0.7315893546682007,0.7315893546682007,0.6361646245796131,0.699781596660614,47400,0.0,0.0
1993-01-25 00:00:00-05:00,0.7315895557403564,0.7315895557403564,0.6679732942077949,0.7315895557403564,10200,0.0,0.0
1993-01-26 00:00:00-05:00,0.7315897849326802,0.763398289680481,0.6997820082182216,0.763398289680481,60900,0.0,0.0
1993-01-27 00:00:00-05:00,0.7633975691861575,0.8270137906074524,0.7315890944591826,0.8270137906074524,243000,0.0,0.0
1993-01-28 00:00:00-05:00,0.8270145711427404,0.8270145711427404,0.763398289680481,0.763398289680481,102300,0.0,0.0
1993-01-29 00:00:00-05:00,0.7633975907610183,0.8270138139802113,0.7633975907610183,0.7793014645576477,59400,0.0,0.0
1993-02-01 00:00:00-05:00,0.8270137906074524,0.8270137906074524,0.7633975691861575,0.8270137906074524,14100,0.0,0.0
1993-02-02 00:00:00-05:00,0.8270137906074524,0.8270137906074524,0.7633975691861575,0.8270137906074524,121500,0.0,0.0
1993-02-03 00:00:00-05:00,0.7633975907610183,0.8270138139802113,0.7633975907610183,0.7793014645576477,110700,0.0,0.0
1993-02-04 00:00:00-05:00,0.7633977658393049,0.8270140036482995,0.7633977658393049,0.7952062487602234,14100,0.0,0.0
1993-02-05 00:00:00-05:00,0.8270140036482995,0.8270140036482995,0.7633977658393049,0.7952062487602234,63900,0.0,0.0
1993-02-08 00:00:00-05:00,0.763398289680481,0.8270145711427404,0.763398289680481,0.763398289680481,6300,0.0,0.0
1993-02-09 00:00:00-05:00,0.7633977658393049,0.8270140036482995,0.7633977658393049,0.7952062487602234,19200,0.0,0.0
1993-02-10 00:00:00-05:00,0.8270145711427404,0.8270145711427404,0.763398289680481,0.763398289680481,14700,0.0,0.0
1993-02-11 00:00:00-05:00,0.8270145711427404,0.8270145711427404,0.763398289680481,0.763398289680481,27600,0.0,0.0
1993-02-12 00:00:00-05:00,0.763398289680481,0.7952067944282817,0.7315897849326802,0.763398289680481,67500,0.0,0.0
1993-02-16 00:00:00-05:00,0.6997820082182216,0.7952067944282817,0.6997820082182216,0.763398289680481,12600,0.0,0.0
1993-02-17 00:00:00-05:00,0.7315895557403564,0.7315895557403564,0.7315895557403564,0.7315895557403564,36600,0.0,0.0
1993-02-18 00:00:00-05:00,0.7315890831591787,0.7315890831591787,0.6679728627204895,0.6679728627204895,17400,0.0,0.0
1993-02-19 00:00:00-05:00,0.7315897849326802,0.763398289680481,0.6997820082182216,0.763398289680481,57900,0.0,0.0
1993-02-22 00:00:00-05:00,0.763398289680481,0.7952067944282817,0.6997820082182216,0.763398289680481,45600,0.0,0.0
1993-02-23 00:00:00-05:00,0.7315890831591787,0.7633975573948452,0.6679728627204895,0.6679728627204895,66300,0.0,0.0
1993-02-24 00:00:00-05:00,0.7952067944282817,0.7952067944282817,0.6679735034704208,0.763398289680481,14700,0.0,0.0
1993-02-25 00:00:00-05:00,0.6679728627204895,0.7315890831591787,0.6520689896189782,0.6679728627204895,138900,0.0,0.0
1993-02-26 00:00:00-05:00,0.699781336956156,0.699781336956156,0.6679728627204895,0.6679728627204895,6300,0.0,0.0
1993-03-01 00:00:00-05:00,0.699781596660614,0.699781596660614,0.6361646245796131,0.699781596660614,19500,0.0,0.0
1993-03-02 00:00:00-05:00,0.699781596660614,0.699781596660614,0.699781596660614,0.699781596660614,14400,0.0,0.0
1993-03-03 00:00:00-05:00,0.6997815373561661,0.6997815373561661,0.667973054011342,0.6838769316673279,92700,0.0,0.0
1993-03-04 00:00:00-05:00,0.699781596660614,0.699781596660614,0.6838769896239069,0.699781596660614,141000,0.0,0.0
1993-03-05 00:00:00-05:00,0.6679732942077949,0.7315895557403564,0.6679732942077949,0.7315895557403564,87000,0.0,0.0
1993-03-08 00:00:00-05:00,0.7315893546682007,0.7315893546682007,0.699781596660614,0.699781596660614,39000,0.0,0.0
1993-03-09 00:00:00-05:00,0.763398289680481,0.763398289680481,0.7315897849326802,0.763398289680481,53400,0.0,0.0
1993-03-10 00:00:00-05:00,0.6997815280303102,0.7952062487602234,0.6997815280303102,0.7952062487602234,175200,0.0,0.0
1993-03-11 00:00:00-05:00,0.7952067944282817,0.7952067944282817,0.7315897849326802,0.763398289680481,30900,0.0,0.0
1993-03-12 00:00:00-05:00,0.8270143120557557,0.8270143120557557,0.7315895557403564,0.7315895557403564,10800,0.0,0.0
1993-03-15 00:00:00-05:00,0.8270140036482995,0.858822486569218,0.7633977658393049,0.7952062487602234,76500,0.0,0.0
1993-03-16 00:00:00-05:00,0.8588223457336426,0.890630823438389,0.8270138680288963,0.8588223457336426,261000,0.0,0.0
1993-03-17 00:00:00-05:00,0.8270141613087516,0.8906311392784119,0.8270141613087516,0.8906311392784119,199800,0.0,0.0
1993-03-18 00:00:00-05:00,0.8906307400614021,0.8906307400614021,0.7952060439131324,0.8270137906074524,92400,0.0,0.0
1993-03-19 00:00:00-05:00,0.8270137906074524,0.8588222653344272,0.7952060439131324,0.8270137906074524,69600,0.0,0.0
1993-03-22 00:00:00-05:00,0.8270137906074524,0.8270137906074524,0.7633975691861575,0.8270137906074524,35700,0.0,0.0
1993-03-23 00:00:00-05:00,0.8270140036482995,0.858822486569218,0.7952062487602234,0.7952062487602234,19500,0.0,0.0
1993-03-24 00:00:00-05:00,0.8588222653344272,0.8588222653344272,0.7952060439131324,0.8270137906074524,67500,0.0,0.0
1993-03-25 00:00:00-05:00,0.7952060439131324,0.8906307400614021,0.7952060439131324,0.8270137906074524,9000,0.0,0.0
1993-03-26 00:00:00-05:00,0.8906311392784119,0.8906311392784119,0.8906311392784119,0.8906311392784119,8100,0.0,0.0
1993-03-29 00:00:00-05:00,0.8906311392784119,0.8906311392784119,0.8270141613087516,0.8906311392784119,58800,0.0,0.0
1993-03-30 00:00:00-05:00,0.8906312154757254,0.9224389791488647,0.8588227237695427,0.9224389791488647,123900,0.0,0.0
1993-03-31 00:00:00-05:00,0.9224387281056854,0.9224387281056854,0.8270140069901716,0.9065348505973816,84900,0.0,0.0
1993-04-01 00:00:00-05:00,0.9224389791488647,0.9224389791488647,0.8588227237695427,0.9224389791488647,50700,0.0,0.0
1993-04-02 00:00:00-05:00,0.8588226502935817,0.9224389002302608,0.8588226502935817,0.8906311392784119,55800,0.0,0.0
1993-04-05 00:00:00-04:00,0.9224389002302608,0.9224389002302608,0.8588226502935817,0.8906311392784119,141600,0.0,0.0
1993-04-06 00:00:00-04:00,0.8906307400614021,0.8906307400614021,0.7793014425333175,0.8270137906074524,101400,0.0,0.0
1993-04-07 00:00:00-04:00,0.8270145711427404,0.8270145711427404,0.763398289680481,0.763398289680481,9900,0.0,0.0
1993-04-08 00:00:00-04:00,0.8270140036482995,0.8270140036482995,0.7952062487602234,0.7952062487602234,8400,0.0,0.0
1993-04-12 00:00:00-04:00,0.8270145711427404,0.8270145711427404,0.763398289680481,0.763398289680481,63600,0.0,0.0
1993-04-13 00:00:00-04:00,0.7633977658393049,0.7952062487602234,0.7315892829183863,0.7952062487602234,56100,0.0,0.0
1993-04-14 00:00:00-04:00,0.8270138680288963,0.8588223457336426,0.795206118356873,0.8588223457336426,40500,0.0,0.0
1993-04-15 00:00:00-04:00,0.8588226502935817,0.8906311392784119,0.8270141613087516,0.8906311392784119,39300,0.0,0.0
1993-04-16 00:00:00-04:00,0.9224390011013152,1.0178637504577637,0.8906312366712063,1.0178637504577637,188700,0.0,0.0
1993-04-19 00:00:00-04:00,1.0178637504577637,1.0178637504577637,0.9224390011013152,1.0178637504577637,85500,0.0,0.0
1993-04-20 00:00:00-04:00,1.0178635525458788,1.176905255904833,0.9542473080220486,1.1132882833480835,317700,0.0,0.0
1993-04-21 00:00:00-04:00,1.1132878497731704,1.1769047975540161,1.0814801039153834,1.1769047975540161,202500,0.0,0.0
1993-04-22 00:00:00-04:00,1.1769057515477697,1.2723305225372314,1.1132887521993113,1.2723305225372314,332100,0.0,0.0
1993-04-23 00:00:00-04:00,1.240521017302226,1.304137237050436,1.1132878497731704,1.1769047975540161,297300,0.0,0.0
1993-04-26 00:00:00-04:00,1.1769056211247702,1.1769056211247702,1.081480860710144,1.081480860710144,102600,0.0,0.0
1993-04-27 00:00:00-04:00,1.0814804212457148,1.208712898074964,1.0814804212457148,1.1450966596603394,87600,0.0,0.0
1993-04-28 00:00:00-04:00,1.208712946471888,1.3041376719310602,1.208712946471888,1.2405214309692383,221400,0.0,0.0
1993-04-29 00:00:00-04:00,1.2087135231887731,1.2723305225372314,1.1769057515477697,1.2723305225372314,398400,0.0,0.0
1993-04-30 00:00:00-04:00,1.2723302127367742,1.2723302127367742,1.2087132288784537,1.224617838859558,93900,0.0,0.0
1993-05-03 00:00:00-04:00,1.1769047975540161,1.240521017302226,1.1450963236635934,1.1769047975540161,118200,0.0,0.0
1993-05-04 00:00:00-04:00,1.208713173866272,1.208713173866272,1.145096920936368,1.208713173866272,46200,0.0,0.0
1993-05-05 00:00:00-04:00,1.208713173866272,1.208713173866272,1.145096920936368,1.208713173866272,21900,0.0,0.0
1993-05-06 00:00:00-04:00,1.145096920936368,1.208713173866272,1.145096920936368,1.208713173866272,42000,0.0,0.0
1993-05-07 00:00:00-04:00,1.208713132951812,1.208713132951812,1.1132883927705375,1.2007615566253662,33300,0.0,0.0
1993-05-10 00:00:00-04:00,1.1132881764366025,1.1769051428840764,1.1132881764366025,1.1450966596603394,41400,0.0,0.0
1993-05-11 00:00:00-04:00,1.1769051919400149,1.1769051919400149,1.1132882228408487,1.12919282913208,15600,0.0,0.0
1993-05-12 00:00:00-04:00,1.1132882833480835,1.1450967696264582,1.1132882833480835,1.1132882833480835,12900,0.0,0.0
1993-05-13 00:00:00-04:00,1.176905255904833,1.176905255904833,1.1132882833480835,1.1132882833480835,82200,0.0,0.0
1993-05-14 00:00:00-04:00,1.1132886288262558,1.1769056211247702,1.081480860710144,1.081480860710144,36600,0.0,0.0
1993-05-17 00:00:00-04:00,1.1769047975540161,1.1769047975540161,1.0814801039153834,1.1769047975540161,20400,0.0,0.0
1993-05-18 00:00:00-04:00,1.0814801039153834,1.1769047975540161,1.0814801039153834,1.1769047975540161,6300,0.0,0.0
1993-05-19 00:00:00-04:00,1.176905255904833,1.176905255904833,1.0814805251026283,1.1132882833480835,38700,0.0,0.0
1993-05-20 00:00:00-04:00,1.1450971249755129,1.1450971249755129,1.049672364560887,1.081480860710144,60600,0.0,0.0
1993-05-21 00:00:00-04:00,1.1132886288262558,1.1132886288262558,1.049672364560887,1.081480860710144,35700,0.0,0.0
1993-05-24 00:00:00-04:00,1.0496721626134902,1.0814806526430825,0.9860559105873107,0.9860559105873108,39600,0.0,0.0
1993-05-25 00:00:00-04:00,1.0496724843978882,1.0496724843978882,0.9860562128696984,1.0496724843978882,42600,0.0,0.0
1993-05-26 00:00:00-04:00,1.0496721626134902,1.0496721626134902,0.9860559105873107,0.9860559105873108,6600,0.0,0.0
1993-05-27 00:00:00-04:00,0.9860559860276548,1.0178637504577637,0.9860559860276548,1.0178637504577637,13800,0.0,0.0
1993-05-28 00:00:00-04:00,0.9860559860276548,1.0496722429209335,0.954247493564485,1.0178637504577637,29100,0.0,0.0
1993-06-01 00:00:00-04:00,0.9542473554611206,0.9542473554611206,0.9542473554611206,0.9542473554611206,1800,0.0,0.0
1993-06-02 00:00:00-04:00,0.9542473554611206,1.0178636031475434,0.9542473554611206,0.9542473554611206,12300,0.0,0.0
1993-06-03 00:00:00-04:00,0.9860559625612302,0.9860559625612302,0.9224389791488647,0.9224389791488647,12000,0.0,0.0
1993-06-04 00:00:00-04:00,1.0178636725838979,1.0178636725838979,0.9542474205577184,0.9860559105873108,63900,0.0,0.0
1993-06-07 00:00:00-04:00,0.9224387281056854,0.9860556942045916,0.9065348505973816,0.9065348505973816,42600,0.0,0.0
1993-06-08 00:00:00-04:00,0.9542476586507975,0.9860561566168864,0.8906313907518066,0.9701515436172485,15300,0.0,0.0
1993-06-09 00:00:00-04:00,0.9860559105873107,0.9860559105873107,0.9860559105873107,0.9860559105873108,2400,0.0,0.0
1993-06-10 00:00:00-04:00,0.9860559105873107,0.9860559105873107,0.8906311685315389,0.9860559105873108,9300,0.0,0.0
1993-06-11 00:00:00-04:00,0.9860559105873107,0.9860559105873107,0.9860559105873107,0.9860559105873108,9900,0.0,0.0
1993-06-14 00:00:00-04:00,0.9860559105873107,1.0178636725838979,0.9542474205577184,0.9860559105873108,52500,0.0,0.0
1993-06-15 00:00:00-04:00,0.954247493564485,1.0178637504577637,0.954247493564485,1.0178637504577637,47400,0.0,0.0
1993-06-16 00:00:00-04:00,0.9860559105873107,1.0814806526430825,0.9860559105873107,0.9860559105873108,33900,0.0,0.0
1993-06-17 00:00:00-04:00,0.9860560368940372,1.0337684140335375,0.9860560368940372,1.0019599199295044,19500,0.0,0.0
1993-06-18 00:00:00-04:00,0.9860561002955179,1.081480860710144,0.9860561002955179,1.081480860710144,11100,0.0,0.0
1993-06-21 00:00:00-04:00,0.9860562128696984,1.0814809841785973,0.9860562128696984,1.0496724843978882,42600,0.0,0.0
1993-06-22 00:00:00-04:00,1.081480860710144,1.081480860710144,1.081480860710144,1.081480860710144,18300,0.0,0.0
1993-06-23 00:00:00-04:00,1.0178638684116297,1.081480860710144,1.0178638684116297,1.081480860710144,15600,0.0,0.0
1993-06-24 00:00:00-04:00,1.0178637504577637,1.0178637504577637,1.0178637504577637,1.0178637504577637,900,0.0,0.0
1993-06-25 00:00:00-04:00,1.0178637504577637,1.0178637504577637,1.0178637504577637,1.0178637504577637,4800,0.0,0.0
1993-06-28 00:00:00-04:00,1.0178637504577637,1.0178637504577637,1.0178637504577637,1.0178637504577637,0,0.0,0.0
1993-06-29 00:00:00-04:00,1.081480860710144,1.081480860710144,1.081480860710144,1.081480860710144,26100,0.0,0.0
1993-06-30 00:00:00-04:00,1.017863984617179,1.0496724843978882,1.017863984617179,1.0496724843978882,14400,0.0,0.0
1993-07-01 00:00:00-04:00,1.081480860710144,1.081480860710144,1.049672364560887,1.081480860710144,8100,0.0,0.0
1993-07-02 00:00:00-04:00,1.0178635696101856,1.0337681770324707,1.0178635696101856,1.0337681770324707,4500,0.0,0.0
1993-07-06 00:00:00-04:00,1.0814807353841034,1.0814807353841034,1.0178637504577637,1.0178637504577637,37500,0.0,0.0
1993-07-07 00:00:00-04:00,1.0178637504577637,1.0178637504577637,1.0178637504577637,1.0178637504577637,6900,0.0,0.0
1993-07-08 00:00:00-04:00,1.081480860710144,1.081480860710144,1.0178638684116297,1.081480860710144,28500,0.0,0.0
1993-07-09 00:00:00-04:00,1.081480860710144,1.081480860710144,1.081480860710144,1.081480860710144,5100,0.0,0.0
1993-07-12 00:00:00-04:00,1.0178638684116297,1.081480860710144,1.0178638684116297,1.081480860710144,9000,0.0,0.0
1993-07-13 00:00:00-04:00,1.0178638684116297,1.081480860710144,1.0178638684116297,1.081480860710144,14400,0.0,0.0
1993-07-14 00:00:00-04:00,1.0814807353841034,1.1132884998142123,1.0178637504577637,1.0178637504577637,78300,0.0,0.0
1993-07-15 00:00:00-04:00,1.1132882833480835,1.1132882833480835,1.0178635525458788,1.1132882833480835,53100,0.0,0.0
1993-07-16 00:00:00-04:00,1.0496720388242535,1.1132882833480835,1.0496720388242535,1.1132882833480835,33000,0.0,0.0
1993-07-19 00:00:00-04:00,1.0496724843978882,1.113288755926078,1.0496724843978882,1.0496724843978882,13800,0.0,0.0
1993-07-20 00:00:00-04:00,1.0496720388242535,1.1132882833480835,1.0496720388242535,1.1132882833480835,43500,0.0,0.0
1993-07-21 00:00:00-04:00,1.049672364560887,1.081480860710144,1.049672364560887,1.081480860710144,5700,0.0,0.0
1993-07-22 00:00:00-04:00,1.113288755926078,1.113288755926078,1.0496724843978882,1.0496724843978882,11700,0.0,0.0
1993-07-23 00:00:00-04:00,1.0496724843978882,1.0496724843978882,1.0496724843978882,1.0496724843978882,1500,0.0,0.0
1993-07-26 00:00:00-04:00,1.0496725414110266,1.1132888163945451,1.0496725414110266,1.0973849296569824,112200,0.0,0.0
1993-07-27 00:00:00-04:00,1.0496721950183003,1.1132884490084,1.0496721950183003,1.0655760765075684,10500,0.0,0.0
1993-07-28 00:00:00-04:00,1.0496724843978882,1.0496724843978882,1.0496724843978882,1.0496724843978882,5100,0.0,0.0
1993-07-29 00:00:00-04:00,1.0496724843978882,1.0814809841785973,1.0496724843978882,1.0496724843978882,3600,0.0,0.0
1993-07-30 00:00:00-04:00,1.0496721950183003,1.0655760765075684,1.0496721950183003,1.0655760765075684,13500,0.0,0.0
1993-08-02 00:00:00-04:00,1.0496721950183003,1.081480686029864,1.0496721950183003,1.0655760765075684,31800,0.0,0.0
1993-08-03 00:00:00-04:00,1.113288755926078,1.113288755926078,1.0496724843978882,1.0496724843978882,55500,0.0,0.0
1993-08-04 00:00:00-04:00,1.0496724843978882,1.0814809841785973,1.0019600987434387,1.0496724843978882,30900,0.0,0.0
1993-08-05 00:00:00-04:00,1.0814806526430825,1.0814806526430825,0.9860559105873107,0.9860559105873108,23400,0.0,0.0
1993-08-06 00:00:00-04:00,1.0496724843978882,1.0496724843978882,1.0496724843978882,1.0496724843978882,900,0.0,0.0
1993-08-09 00:00:00-04:00,1.0496722429209335,1.0496722429209335,0.9860559860276548,1.0178637504577637,10800,0.0,0.0
1993-08-10 00:00:00-04:00,0.9860559105873107,1.0178636725838979,0.9224389305281261,0.9860559105873108,70800,0.0,0.0
1993-08-11 00:00:00-04:00,0.9860559625612302,0.9860559625612302,0.9224389791488647,0.9224389791488647,28500,0.0,0.0
1993-08-12 00:00:00-04:00,0.9224389791488647,0.9224389791488647,0.9224389791488647,0.9224389791488647,0,0.0,0.0
1993-08-13 00:00:00-04:00,0.9224389791488647,0.9224389791488647,0.9224389791488647,0.9224389791488647,0,0.0,0.0
1993-08-16 00:00:00-04:00,0.9224389791488647,0.9224389791488647,0.9224389791488647,0.9224389791488647,300,0.0,0.0
1993-08-17 00:00:00-04:00,0.9224389305281261,0.9860559105873107,0.9224389305281261,0.9860559105873108,16500,0.0,0.0
1993-08-18 00:00:00-04:00,0.9860559105873107,0.9860559105873107,0.9860559105873107,0.9860559105873108,0,0.0,0.0
1993-08-19 00:00:00-04:00,0.9860559105873107,0.9860559105873107,0.9860559105873107,0.9860559105873108,3000,0.0,0.0
1993-08-20 00:00:00-04:00,0.8906311685315389,0.9860559105873107,0.8906311685315389,0.9860559105873108,5100,0.0,0.0
1993-08-23 00:00:00-04:00,0.9860559105873107,0.9860559105873107,0.9860559105873107,0.9860559105873108,12300,0.0,0.0
1993-08-24 00:00:00-04:00,0.9542474205577184,0.9860559105873107,0.8906311685315389,0.9860559105873108,15600,0.0,0.0
1993-08-25 00:00:00-04:00,0.9224389791488647,0.9224389791488647,0.9224389791488647,0.9224389791488647,4200,0.0,0.0
1993-08-26 00:00:00-04:00,0.9224389791488647,0.9542474708550475,0.9224389791488647,0.9224389791488647,15900,0.0,0.0
1993-08-27 00:00:00-04:00,0.9860559625612302,0.9860559625612302,0.9224389791488647,0.9224389791488647,21600,0.0,0.0
1993-08-30 00:00:00-04:00,0.9383435890184778,0.9860559625612302,0.9224389791488647,0.9224389791488647,4800,0.0,0.0
1993-08-31 00:00:00-04:00,0.9860559625612302,0.9860559625612302,0.9224389791488647,0.9224389791488647,16500,0.0,0.0
1993-09-01 00:00:00-04:00,0.9860558433208098,0.9860558433208098,0.8906311077746977,0.9542473554611206,85800,0.0,0.0
1993-09-02 00:00:00-04:00,0.8906311685315389,0.9860559105873107,0.8906311685315389,0.9860559105873108,5700,0.0,0.0
1993-09-03 00:00:00-04:00,0.9860559105873107,0.9860559105873107,0.8906311685315389,0.9860559105873108,12000,0.0,0.0
1993-09-07 00:00:00-04:00,0.986055878199921,0.986055878199921,0.8906311392784119,0.8906311392784119,15300,0.0,0.0
1993-09-08 00:00:00-04:00,0.8906311077746977,0.9542473554611206,0.8906311077746977,0.9542473554611206,3600,0.0,0.0
1993-09-09 00:00:00-04:00,0.8906312154757254,0.9383435890184778,0.8906312154757254,0.9224389791488647,15900,0.0,0.0
1993-09-10 00:00:00-04:00,0.8906311392784119,0.9224389002302608,0.8906311392784119,0.8906311392784119,23700,0.0,0.0
1993-09-13 00:00:00-04:00,0.9542474708550475,0.9542474708550475,0.8588227237695427,0.9224389791488647,27600,0.0,0.0
1993-09-14 00:00:00-04:00,0.8588223457336426,0.8588223457336426,0.8588223457336426,0.8588223457336426,4800,0.0,0.0
1993-09-15 00:00:00-04:00,0.8588227237695427,0.9224389791488647,0.8588227237695427,0.9224389791488647,28200,0.0,0.0
1993-09-16 00:00:00-04:00,0.8588226502935817,0.9224389002302608,0.8588226502935817,0.8906311392784119,21300,0.0,0.0
1993-09-17 00:00:00-04:00,0.9224385731104122,0.9224385731104122,0.8588223457336426,0.8588223457336426,3300,0.0,0.0
1993-09-20 00:00:00-04:00,0.9224385731104122,0.9224385731104122,0.8588223457336426,0.8588223457336426,24000,0.0,0.0
1993-09-21 00:00:00-04:00,0.9224389002302608,0.9224389002302608,0.8588226502935817,0.8906311392784119,39600,0.0,0.0
1993-09-22 00:00:00-04:00,0.8588223457336426,0.8588223457336426,0.8588223457336426,0.8588223457336426,2100,0.0,0.0
1993-09-23 00:00:00-04:00,0.8588223457336426,0.8588223457336426,0.8588223457336426,0.8588223457336426,2400,0.0,0.0
1993-09-24 00:00:00-04:00,0.890630823438389,0.890630823438389,0.8588223457336426,0.8588223457336426,8400,0.0,0.0
1993-09-27 00:00:00-04:00,0.8588227237695427,0.9224389791488647,0.8588227237695427,0.9224389791488647,15300,0.0,0.0
1993-09-28 00:00:00-04:00,0.9224385731104122,0.9224385731104122,0.8588223457336426,0.8588223457336426,2100,0.0,0.0
1993-09-29 00:00:00-04:00,0.8588227237695427,0.9224389791488647,0.8588227237695427,0.9224389791488647,13200,0.0,0.0
1993-09-30 00:00:00-04:00,0.8588223457336426,0.8588223457336426,0.8588223457336426,0.8588223457336426,3000,0.0,0.0
1993-10-01 00:00:00-04:00,0.9224388676014313,0.9542473554611206,0.8906311077746977,0.9542473554611206,31800,0.0,0.0
1993-10-04 00:00:00-04:00,0.8906312154757254,0.9542474708550475,0.8906312154757254,0.9224389791488647,55500,0.0,0.0
1993-10-05 00:00:00-04:00,0.9542473554611206,0.9542473554611206,0.8906311077746977,0.9542473554611206,24600,0.0,0.0
1993-10-06 00:00:00-04:00,0.9542474708550475,0.9542474708550475,0.8906312154757254,0.9224389791488647,25200,0.0,0.0
1993-10-07 00:00:00-04:00,0.8906312154757254,0.9224389791488647,0.8906312154757254,0.9224389791488647,53400,0.0,0.0
1993-10-08 00:00:00-04:00,0.8588223457336426,0.8588223457336426,0.8588223457336426,0.8588223457336426,3900,0.0,0.0
1993-10-11 00:00:00-04:00,0.9224389791488647,0.9224389791488647,0.8588227237695427,0.9224389791488647,20700,0.0,0.0
1993-10-12 00:00:00-04:00,0.8906314940921042,0.9542477693725148,0.8906314940921042,0.93834388256073,88200,0.0,0.0
1993-10-13 00:00:00-04:00,0.8906312154757254,0.9860559625612302,0.8906312154757254,0.9224389791488647,46800,0.0,0.0
1993-10-14 00:00:00-04:00,0.954247493564485,1.0178637504577637,0.9224390011013152,1.0178637504577637,105600,0.0,0.0
1993-10-15 00:00:00-04:00,1.0496724843978882,1.0496724843978882,0.9860562128696984,1.0496724843978882,20400,0.0,0.0
1993-10-18 00:00:00-04:00,1.0496724843978882,1.0496724843978882,0.9542477130889893,1.0496724843978882,5700,0.0,0.0
1993-10-19 00:00:00-04:00,1.0496720910072326,1.0496720910072326,0.9542473554611206,0.9542473554611206,13500,0.0,0.0
1993-10-20 00:00:00-04:00,1.0496720910072326,1.0496720910072326,0.9542473554611206,0.9542473554611206,1200,0.0,0.0
1993-10-21 00:00:00-04:00,1.0496724843978882,1.0496724843978882,1.0496724843978882,1.0496724843978882,900,0.0,0.0
1993-10-22 00:00:00-04:00,0.9542473554611206,0.9542473554611206,0.9542473554611206,0.9542473554611206,12000,0.0,0.0
1993-10-25 00:00:00-04:00,0.9542474205577184,1.0496721626134902,0.9542474205577184,0.9860559105873108,24000,0.0,0.0
1993-10-26 00:00:00-04:00,1.0496722429209335,1.0496722429209335,0.9860559860276548,1.0178637504577637,23400,0.0,0.0
1993-10-27 00:00:00-04:00,1.0178636031475434,1.0178636031475434,0.9542473554611206,0.9542473554611206,24000,0.0,0.0
1993-10-28 00:00:00-04:00,0.9542473554611206,0.9860558433208098,0.9542473554611206,0.9542473554611206,20400,0.0,0.0
1993-10-29 00:00:00-04:00,1.0178637504577637,1.0178637504577637,0.954247493564485,1.0178637504577637,69900,0.0,0.0
1993-11-01 00:00:00-05:00,0.954247493564485,1.0178637504577637,0.954247493564485,1.0178637504577637,900,0.0,0.0
1993-11-02 00:00:00-05:00,1.0178636031475434,1.0178636031475434,0.9542473554611206,0.9542473554611206,3600,0.0,0.0
1993-11-03 00:00:00-05:00,1.0178636031475434,1.0178636031475434,0.9542473554611206,0.9542473554611206,3000,0.0,0.0
1993-11-04 00:00:00-05:00,1.0178636031475434,1.0178636031475434,0.9542473554611206,0.9542473554611206,15600,0.0,0.0
1993-11-05 00:00:00-05:00,0.9860559105873107,0.9860559105873107,0.9224389305281261,0.9860559105873108,39000,0.0,0.0
1993-11-08 00:00:00-05:00,0.9542473554611206,0.9542473554611206,0.9224388676014313,0.9542473554611206,9000,0.0,0.0
1993-11-09 00:00:00-05:00,0.9224389791488647,0.9224389791488647,0.9224389791488647,0.9224389791488647,11100,0.0,0.0
1993-11-10 00:00:00-05:00,0.9224391606847087,0.9701515436172485,0.9224391606847087,0.9701515436172485,2400,0.0,0.0
1993-11-11 00:00:00-05:00,0.9224389791488647,0.9224389791488647,0.9224389791488647,0.9224389791488647,4800,0.0,0.0
1993-11-12 00:00:00-05:00,0.9224389791488647,1.0178637262343695,0.9224389791488647,0.9224389791488647,31800,0.0,0.0
1993-11-15 00:00:00-05:00,0.9224389791488647,0.9224389791488647,0.9224389791488647,0.9224389791488647,2400,0.0,0.0
1993-11-16 00:00:00-05:00,0.9224388676014313,0.9860558433208098,0.9224388676014313,0.9542473554611206,58200,0.0,0.0
1993-11-17 00:00:00-05:00,0.9860559625612302,0.9860559625612302,0.8906312154757254,0.9224389791488647,38100,0.0,0.0
1993-11-18 00:00:00-05:00,0.8906311077746977,0.9542473554611206,0.8906311077746977,0.9542473554611206,26700,0.0,0.0
1993-11-19 00:00:00-05:00,0.8906312154757254,0.9542474708550475,0.8906312154757254,0.9224389791488647,45000,0.0,0.0
1993-11-22 00:00:00-05:00,0.8588223457336426,0.8588223457336426,0.8588223457336426,0.8588223457336426,600,0.0,0.0
1993-11-23 00:00:00-05:00,0.9224390292323376,0.9224390292323376,0.8588227703989952,0.8747266530990601,12600,0.0,0.0
1993-11-24 00:00:00-05:00,0.8588226502935817,0.9224389002302608,0.8588226502935817,0.8906311392784119,33000,0.0,0.0
1993-11-26 00:00:00-05:00,0.8588227237695427,0.9224389791488647,0.8588227237695427,0.9224389791488647,3600,0.0,0.0
1993-11-29 00:00:00-05:00,0.8588223457336426,0.8588223457336426,0.8588223457336426,0.8588223457336426,9000,0.0,0.0
1993-11-30 00:00:00-05:00,0.922438486755722,0.922438486755722,0.8270137906074524,0.8270137906074524,47400,0.0,0.0
1993-12-01 00:00:00-05:00,0.8429183919872673,0.8906307400614021,0.8270137906074524,0.8270137906074524,35400,0.0,0.0
1993-12-02 00:00:00-05:00,0.7952064003569028,0.8906311392784119,0.7952064003569028,0.8906311392784119,45900,0.0,0.0
1993-12-03 00:00:00-05:00,0.7952062487602234,0.7952062487602234,0.7952062487602234,0.7952062487602234,4800,0.0,0.0
1993-12-06 00:00:00-05:00,0.7952062487602234,0.9224387243782125,0.7952062487602234,0.7952062487602234,22200,0.0,0.0
1993-12-07 00:00:00-05:00,0.9224387243782125,0.9224387243782125,0.7952062487602234,0.7952062487602234,3300,0.0,0.0
1993-12-08 00:00:00-05:00,0.7952067944282817,0.9224393573528005,0.763398289680481,0.763398289680481,61500,0.0,0.0
1993-12-09 00:00:00-05:00,0.8588230758905411,0.8588230758905411,0.7315897849326802,0.763398289680481,61200,0.0,0.0
1993-12-10 00:00:00-05:00,0.8270140036482995,0.8270140036482995,0.7952062487602234,0.7952062487602234,25500,0.0,0.0
1993-12-13 00:00:00-05:00,0.795206118356873,0.8588223457336426,0.795206118356873,0.8588223457336426,7500,0.0,0.0
1993-12-14 00:00:00-05:00,0.795206118356873,0.8588223457336426,0.795206118356873,0.8588223457336426,1200,0.0,0.0
1993-12-15 00:00:00-05:00,0.8270138680288963,0.8588223457336426,0.795206118356873,0.8588223457336426,8100,0.0,0.0
1993-12-16 00:00:00-05:00,0.7952063780721801,0.8270141381326539,0.7952063780721801,0.811110258102417,70500,0.0,0.0
1993-12-17 00:00:00-05:00,0.7952060476950442,0.8588222694188907,0.7952060476950442,0.8429183959960938,18900,0.0,0.0
1993-12-20 00:00:00-05:00,0.8588223457336426,0.8588223457336426,0.795206118356873,0.8588223457336426,40200,0.0,0.0
1993-12-21 00:00:00-05:00,0.7952062487602234,0.8270140036482995,0.7633977658393049,0.7952062487602234,75600,0.0,0.0
1993-12-22 00:00:00-05:00,0.7633975907610183,0.7952060663869526,0.7315891151350841,0.7793014645576477,41400,0.0,0.0
1993-12-23 00:00:00-05:00,0.7952067944282817,0.7952067944282817,0.7315897849326802,0.763398289680481,33000,0.0,0.0
1993-12-27 00:00:00-05:00,0.7315892829183863,0.7952062487602234,0.7315892829183863,0.7952062487602234,15600,0.0,0.0
1993-12-28 00:00:00-05:00,0.7952060663869526,0.7952060663869526,0.7315891151350841,0.7793014645576477,21900,0.0,0.0
1993-12-29 00:00:00-05:00,0.7952060439131324,0.8270137906074524,0.7633975691861575,0.8270137906074524,104100,0.0,0.0
1993-12-30 00:00:00-05:00,0.8588226502935817,0.9224389002302608,0.7952064003569028,0.8906311392784119,131400,0.0,0.0
1993-12-31 00:00:00-05:00,0.8270142140034091,1.1132884490084,0.8270142140034091,1.0655760765075684,258000,0.0,0.0
1994-01-03 00:00:00-05:00,1.0496720388242535,1.1132882833480835,1.0178635525458788,1.1132882833480835,108300,0.0,0.0
1994-01-04 00:00:00-05:00,1.1132884998142123,1.1132884998142123,1.0178637504577637,1.0178637504577637,48300,0.0,0.0
1994-01-05 00:00:00-05:00,1.1132884998142123,1.1132884998142123,1.0178637504577637,1.0178637504577637,26400,0.0,0.0
1994-01-06 00:00:00-05:00,1.0178637504577637,1.0814807353841034,1.0178637504577637,1.0178637504577637,16800,0.0,0.0
1994-01-07 00:00:00-05:00,1.0178638684116297,1.081480860710144,1.0178638684116297,1.081480860710144,4500,0.0,0.0
1994-01-10 00:00:00-05:00,1.081480860710144,1.081480860710144,1.081480860710144,1.081480860710144,0,0.0,0.0
1994-01-11 00:00:00-05:00,1.0814804153201054,1.0814804153201054,0.9065348505973816,0.9065348505973816,80700,0.0,0.0
1994-01-12 00:00:00-05:00,0.9224385731104122,0.9542470508151585,0.8588223457336426,0.8588223457336426,78000,0.0,0.0
1994-01-13 00:00:00-05:00,0.9224389002302608,0.9224389002302608,0.8588226502935817,0.8906311392784119,90300,0.0,0.0
1994-01-14 00:00:00-05:00,0.8747266530990601,0.9224390292323376,0.8270142769657826,0.8747266530990601,86100,0.0,0.0
1994-01-17 00:00:00-05:00,0.8747266530990601,0.8747266530990601,0.8747266530990601,0.8747266530990601,90000,0.0,0.0
1994-01-18 00:00:00-05:00,0.9224385731104122,0.9224385731104122,0.8588223457336426,0.8588223457336426,173700,0.0,0.0
1994-01-19 00:00:00-05:00,0.8588227237695427,0.9224389791488647,0.8588227237695427,0.9224389791488647,12600,0.0,0.0
1994-01-20 00:00:00-05:00,0.9224388676014313,0.9542473554611206,0.8588226199150085,0.9542473554611206,26700,0.0,0.0
1994-01-21 00:00:00-05:00,0.9542474708550475,0.9542474708550475,0.8906312154757254,0.9224389791488647,18300,0.0,0.0
1994-01-24 00:00:00-05:00,0.9542473554611206,0.9542473554611206,0.9542473554611206,0.9542473554611206,5400,0.0,0.0
1994-01-25 00:00:00-05:00,0.9542473554611206,0.9542473554611206,0.9542473554611206,0.9542473554611206,10200,0.0,0.0
1994-01-26 00:00:00-05:00,0.9542473240198401,1.0496720564218243,0.9542473240198401,1.0337681770324707,159300,0.0,0.0
1994-01-27 00:00:00-05:00,1.0814806526430825,1.0814806526430825,0.9860559105873107,0.9860559105873108,14400,0.0,0.0
1994-01-28 00:00:00-05:00,1.0178638684116297,1.081480860710144,1.0178638684116297,1.081480860710144,84000,0.0,0.0
1994-01-31 00:00:00-05:00,1.081480860710144,1.081480860710144,1.0178638684116297,1.081480860710144,12000,0.0,0.0
1994-02-01 00:00:00-05:00,1.0814807353841034,1.0814807353841034,1.0178637504577637,1.0178637504577637,76200,0.0,0.0
1994-02-02 00:00:00-05:00,1.0496722429209335,1.0814807353841034,1.0178637504577637,1.0178637504577637,37200,0.0,0.0
1994-02-03 00:00:00-05:00,1.081480860710144,1.081480860710144,1.0019599843535738,1.081480860710144,33600,0.0,0.0
1994-02-04 00:00:00-05:00,1.0814806526430825,1.0814806526430825,0.9860559105873107,0.9860559105873108,29700,0.0,0.0
1994-02-07 00:00:00-05:00,0.9542474205577184,1.0178636725838979,0.9383435395594248,0.9860559105873108,69900,0.0,0.0
1994-02-08 00:00:00-05:00,1.0178636725838979,1.0178636725838979,0.9542474205577184,0.9860559105873108,41400,0.0,0.0
1994-02-09 00:00:00-05:00,1.0178637504577637,1.0178637504577637,1.0178637504577637,1.0178637504577637,1200,0.0,0.0
1994-02-10 00:00:00-05:00,1.0178637504577637,1.0178637504577637,1.0178637504577637,1.0178637504577637,600,0.0,0.0
1994-02-11 00:00:00-05:00,1.0178636725838979,1.0178636725838979,0.9224389305281261,0.9860559105873108,9300,0.0,0.0
1994-02-14 00:00:00-05:00,0.9224389791488647,0.9224389791488647,0.9224389791488647,0.9224389791488647,900,0.0,0.0
1994-02-15 00:00:00-05:00,0.9224390011013152,1.0178637504577637,0.9224390011013152,1.0178637504577637,13500,0.0,0.0
1994-02-16 00:00:00-05:00,1.0178637262343695,1.0178637262343695,0.9224389791488647,0.9224389791488647,3000,0.0,0.0
1994-02-17 00:00:00-05:00,0.954247493564485,1.0178637504577637,0.954247493564485,1.0178637504577637,24000,0.0,0.0
1994-02-18 00:00:00-05:00,1.0178637504577637,1.0178637504577637,1.0178637504577637,1.0178637504577637,9000,0.0,0.0
1994-02-22 00:00:00-05:00,1.0178636725838979,1.0178636725838979,0.9860559105873107,0.9860559105873108,60000,0.0,0.0
1994-02-23 00:00:00-05:00,1.0019598682427093,1.0178637504577637,0.9860559860276548,1.0178637504577637,18300,0.0,0.0
1994-02-24 00:00:00-05:00,1.0496724843978882,1.0496724843978882,1.0496724843978882,1.0496724843978882,300,0.0,0.0
1994-02-25 00:00:00-05:00,0.9860562128696984,1.0496724843978882,0.9860562128696984,1.0496724843978882,1200,0.0,0.0
1994-02-28 00:00:00-05:00,1.0496721626134902,1.0496721626134902,0.9860559105873107,0.9860559105873108,16500,0.0,0.0
1994-03-01 00:00:00-05:00,0.9860559105873107,1.0178636725838979,0.9542474205577184,0.9860559105873108,221100,0.0,0.0
1994-03-02 00:00:00-05:00,1.0178636725838979,1.0178636725838979,0.9860559105873107,0.9860559105873108,9000,0.0,0.0
1994-03-03 00:00:00-05:00,1.0019597915856042,1.0019597915856042,0.9860559105873107,0.9860559105873108,37500,0.0,0.0
1994-03-04 00:00:00-05:00,0.9860559105873107,0.9860559105873107,0.9860559105873107,0.9860559105873108,11700,0.0,0.0
1994-03-07 00:00:00-05:00,0.9860559105873107,1.0019597915856042,0.9860559105873107,0.9860559105873108,33000,0.0,0.0
1994-03-08 00:00:00-05:00,1.0496722429209335,1.0496722429209335,0.9860559860276548,1.0178637504577637,12000,0.0,0.0
1994-03-09 00:00:00-05:00,1.0178635696101856,1.0496720564218243,1.001959690220832,1.0337681770324707,477300,0.0,0.0
1994-03-10 00:00:00-05:00,1.0178637504577637,1.0178637504577637,1.0178637504577637,1.0178637504577637,3000,0.0,0.0
1994-03-11 00:00:00-05:00,0.9860559105873107,0.9860559105873107,0.9860559105873107,0.9860559105873108,1500,0.0,0.0
1994-03-14 00:00:00-05:00,0.9860559105873107,0.9860559105873107,0.9860559105873107,0.9860559105873108,1500,0.0,0.0
1994-03-15 00:00:00-05:00,0.9860559105873107,0.9860559105873107,0.9860559105873107,0.9860559105873108,0,0.0,0.0
1994-03-16 00:00:00-05:00,0.9860559860276548,1.0496722429209335,0.9860559860276548,1.0178637504577637,71700,0.0,0.0
1994-03-17 00:00:00-05:00,1.0496724843978882,1.0496724843978882,1.0496724843978882,1.0496724843978882,4500,0.0,0.0
1994-03-18 00:00:00-05:00,0.9860562128696984,1.0496724843978882,0.9860562128696984,1.0496724843978882,4500,0.0,0.0
1994-03-21 00:00:00-05:00,0.9860559105873107,1.0496721626134902,0.9860559105873107,0.9860559105873108,21000,0.0,0.0
1994-03-22 00:00:00-05:00,0.9860559105873107,1.0496721626134902,0.9860559105873107,0.9860559105873108,23400,0.0,0.0
1994-03-23 00:00:00-05:00,0.9860559105873107,0.9860559105873107,0.9860559105873107,0.9860559105873108,1800,0.0,0.0
1994-03-24 00:00:00-05:00,1.0337682816151967,1.0496721626134902,0.9860559105873107,0.9860559105873108,69000,0.0,0.0
1994-03-25 00:00:00-05:00,0.9860559105873107,1.0178636725838979,0.9860559105873107,0.9860559105873108,15600,0.0,0.0
1994-03-28 00:00:00-05:00,0.9860559105873107,1.0496721626134902,0.9860559105873107,0.9860559105873108,36300,0.0,0.0
1994-03-29 00:00:00-05:00,0.9860559105873107,1.0496721626134902,0.9860559105873107,0.9860559105873108,5700,0.0,0.0
1994-03-30 00:00:00-05:00,1.01786363915177,1.01786363915177,0.8906311392784119,0.8906311392784119,45000,0.0,0.0
1994-03-31 00:00:00-05:00,0.9860559860276548,1.0178637504577637,0.9224390011013152,1.0178637504577637,21000,0.0,0.0
1994-04-04 00:00:00-04:00,0.8906311392784119,0.986055878199921,0.8906311392784119,0.8906311392784119,8400,0.0,0.0
1994-04-05 00:00:00-04:00,1.0019599199295044,1.0019599199295044,1.0019599199295044,1.0019599199295044,19200,0.0,0.0
1994-04-06 00:00:00-04:00,1.0178637262343695,1.0178637262343695,0.8588227237695427,0.9224389791488647,97500,0.0,0.0
1994-04-07 00:00:00-04:00,0.9224385731104122,0.9224385731104122,0.8588223457336426,0.8588223457336426,28800,0.0,0.0
1994-04-08 00:00:00-04:00,0.8588227237695427,0.9224389791488647,0.8588227237695427,0.9224389791488647,3900,0.0,0.0
1994-04-11 00:00:00-04:00,0.8906311392784119,0.8906311392784119,0.8588226502935817,0.8906311392784119,10500,0.0,0.0
1994-04-12 00:00:00-04:00,0.9224385731104122,0.9224385731104122,0.8588223457336426,0.8588223457336426,22800,0.0,0.0
1994-04-13 00:00:00-04:00,0.9224385731104122,0.9542470508151585,0.8588223457336426,0.8588223457336426,59400,0.0,0.0
1994-04-14 00:00:00-04:00,0.9542470508151585,0.9542470508151585,0.8588223457336426,0.8588223457336426,1200,0.0,0.0
1994-04-15 00:00:00-04:00,0.9542473554611206,0.9542473554611206,0.9542473554611206,0.9542473554611206,12300,0.0,0.0
1994-04-18 00:00:00-04:00,0.9542473554611206,0.9542473554611206,0.9542473554611206,0.9542473554611206,9300,0.0,0.0
1994-04-19 00:00:00-04:00,0.9542475226655502,0.9542475226655502,0.8588227703989952,0.8747266530990601,83100,0.0,0.0
1994-04-20 00:00:00-04:00,0.8588223457336426,0.890630823438389,0.8270138680288963,0.8588223457336426,80100,0.0,0.0
1994-04-21 00:00:00-04:00,0.8270137906074524,0.8270137906074524,0.8270137906074524,0.8270137906074524,7200,0.0,0.0
1994-04-22 00:00:00-04:00,0.9224389791488647,0.9224389791488647,0.82701423206336,0.9224389791488647,10800,0.0,0.0
1994-04-25 00:00:00-04:00,0.8588227703989952,0.8747266530990601,0.8588227703989952,0.8747266530990601,20100,0.0,0.0
1994-04-26 00:00:00-04:00,0.9224389791488647,0.9224389791488647,0.8588227237695427,0.9224389791488647,49200,0.0,0.0
1994-04-28 00:00:00-04:00,0.9224388676014313,0.9542473554611206,0.8588226199150085,0.9542473554611206,11700,0.0,0.0
1994-04-29 00:00:00-04:00,0.9542473554611206,0.9542473554611206,0.9224388676014313,0.9542473554611206,24300,0.0,0.0
1994-05-02 00:00:00-04:00,0.9542473554611206,0.9542473554611206,0.9224388676014313,0.9542473554611206,39300,0.0,0.0
1994-05-03 00:00:00-04:00,0.954247493564485,1.033768360705879,0.954247493564485,1.0178637504577637,133800,0.0,0.0
1994-05-04 00:00:00-04:00,0.954247493564485,1.0178637504577637,0.954247493564485,1.0178637504577637,6600,0.0,0.0
1994-05-05 00:00:00-04:00,1.0178639265497884,1.0178639265497884,0.9542476586507975,0.9701515436172485,7500,0.0,0.0
1994-05-06 00:00:00-04:00,1.0178637504577637,1.0178637504577637,1.0178637504577637,1.0178637504577637,18600,0.0,0.0
1994-05-09 00:00:00-04:00,0.954247493564485,1.0178637504577637,0.954247493564485,1.0178637504577637,3000,0.0,0.0
1994-05-10 00:00:00-04:00,0.9542473554611206,1.0178636031475434,0.9542473554611206,0.9542473554611206,7200,0.0,0.0
1994-05-11 00:00:00-04:00,1.0178637504577637,1.0178637504577637,0.954247493564485,1.0178637504577637,24900,0.0,0.0
1994-05-12 00:00:00-04:00,0.9542473554611206,0.9542473554611206,0.9542473554611206,0.9542473554611206,7500,0.0,0.0
1994-05-13 00:00:00-04:00,1.0178636725838979,1.0178636725838979,0.9542474205577184,0.9860559105873108,45600,0.0,0.0
1994-05-16 00:00:00-04:00,1.0178637504577637,1.0178637504577637,1.0178637504577637,1.0178637504577637,13800,0.0,0.0
1994-05-17 00:00:00-04:00,0.954247493564485,1.0178637504577637,0.954247493564485,1.0178637504577637,7200,0.0,0.0
1994-05-18 00:00:00-04:00,0.954247493564485,1.0178637504577637,0.954247493564485,1.0178637504577637,4200,0.0,0.0
1994-05-19 00:00:00-04:00,0.9542473554611206,1.0178636031475434,0.9542473554611206,0.9542473554611206,8100,0.0,0.0
1994-05-20 00:00:00-04:00,1.0178636031475434,1.0178636031475434,0.9542473554611206,0.9542473554611206,9600,0.0,0.0
1994-05-23 00:00:00-04:00,0.9542473554611206,0.9542473554611206,0.9542473554611206,0.9542473554611206,0,0.0,0.0
1994-05-24 00:00:00-04:00,0.954247493564485,1.0178637504577637,0.954247493564485,1.0178637504577637,31500,0.0,0.0
1994-05-25 00:00:00-04:00,0.9542474205577184,1.0178636725838979,0.9542474205577184,0.9860559105873108,111300,0.0,0.0
1994-05-26 00:00:00-04:00,1.0178636725838979,1.0178636725838979,0.9860559105873107,0.9860559105873108,7800,0.0,0.0
1994-05-27 00:00:00-04:00,0.9860559860276548,1.0178637504577637,0.9860559860276548,1.0178637504577637,7200,0.0,0.0
1994-05-31 00:00:00-04:00,0.9860559105873107,1.0178636725838979,0.9860559105873107,0.9860559105873108,23100,0.0,0.0
1994-06-01 00:00:00-04:00,0.9860559860276548,1.0178637504577637,0.9860559860276548,1.0178637504577637,21600,0.0,0.0
1994-06-02 00:00:00-04:00,1.0496724843978882,1.0496724843978882,1.0496724843978882,1.0496724843978882,600,0.0,0.0
1994-06-03 00:00:00-04:00,1.0496720910072326,1.0496720910072326,0.9542473554611206,0.9542473554611206,3900,0.0,0.0
1994-06-06 00:00:00-04:00,0.9542473554611206,0.9542473554611206,0.9542473554611206,0.9542473554611206,0,0.0,0.0
1994-06-07 00:00:00-04:00,0.9542473554611206,1.0496720910072326,0.9542473554611206,0.9542473554611206,14700,0.0,0.0
1994-06-08 00:00:00-04:00,1.0496720910072326,1.0496720910072326,0.9542473554611206,0.9542473554611206,2100,0.0,0.0
1994-06-09 00:00:00-04:00,1.0178636031475434,1.0178636031475434,0.9542473554611206,0.9542473554611206,38100,0.0,0.0
1994-06-10 00:00:00-04:00,0.9542474205577184,1.0496721626134902,0.9542474205577184,0.9860559105873108,16500,0.0,0.0
1994-06-13 00:00:00-04:00,0.9542473554611206,0.9542473554611206,0.9542473554611206,0.9542473554611206,600,0.0,0.0
1994-06-14 00:00:00-04:00,0.9860560368940372,1.0019599199295044,0.9860560368940372,1.0019599199295044,16200,0.0,0.0
1994-06-15 00:00:00-04:00,0.9860559625612302,1.0417199130057457,0.8906312154757254,0.9224389791488647,409200,0.0,0.0
1994-06-16 00:00:00-04:00,0.9224389791488647,0.9542474708550475,0.9224389791488647,0.9224389791488647,41700,0.0,0.0
1994-06-17 00:00:00-04:00,0.9224385731104122,0.9542470508151585,0.8588223457336426,0.8588223457336426,30900,0.0,0.0
1994-06-20 00:00:00-04:00,0.9224387281056854,0.9224387281056854,0.8747263675479285,0.9065348505973816,79200,0.0,0.0
1994-06-21 00:00:00-04:00,0.9224389002302608,0.9542473892150909,0.8588226502935817,0.8906311392784119,282000,0.0,0.0
1994-06-22 00:00:00-04:00,0.9542474708550475,0.9542474708550475,0.9224389791488647,0.9224389791488647,36000,0.0,0.0
1994-06-23 00:00:00-04:00,0.9542477693725148,0.9542477693725148,0.93834388256073,0.93834388256073,36900,0.0,0.0
1994-06-24 00:00:00-04:00,0.9542474708550475,0.9860559625612302,0.9224389791488647,0.9224389791488647,52200,0.0,0.0
1994-06-27 00:00:00-04:00,0.8906311685315389,0.9860559105873107,0.8906311685315389,0.9860559105873108,13500,0.0,0.0
1994-06-28 00:00:00-04:00,0.9224388676014313,0.9860558433208098,0.9224388676014313,0.9542473554611206,8400,0.0,0.0
1994-06-29 00:00:00-04:00,0.9860559105873107,0.9860559105873107,0.9701513015560119,0.9860559105873108,28500,0.0,0.0
1994-06-30 00:00:00-04:00,0.9860559860276548,1.0178637504577637,0.954247493564485,1.0178637504577637,49500,0.0,0.0
1994-07-01 00:00:00-04:00,1.0178638029649716,1.0178638029649716,0.9860560368940372,1.0019599199295044,83400,0.0,0.0
1994-07-05 00:00:00-04:00,0.9542473554611206,0.9542473554611206,0.9542473554611206,0.9542473554611206,300,0.0,0.0
1994-07-06 00:00:00-04:00,0.9542473554611206,0.9542473554611206,0.9542473554611206,0.9542473554611206,0,0.0,0.0
1994-07-07 00:00:00-04:00,1.0496720910072326,1.0496720910072326,0.9542473554611206,0.9542473554611206,128100,0.0,0.0
1994-07-08 00:00:00-04:00,1.0019598682427093,1.0178637504577637,0.9860559860276548,1.0178637504577637,166500,0.0,0.0
1994-07-11 00:00:00-04:00,0.9542473554611206,0.9860558433208098,0.9542473554611206,0.9542473554611206,14700,0.0,0.0
1994-07-12 00:00:00-04:00,1.0496721626134902,1.0496721626134902,0.9542474205577184,0.9860559105873108,13500,0.0,0.0
1994-07-13 00:00:00-04:00,0.954247493564485,1.0178637504577637,0.954247493564485,1.0178637504577637,1500,0.0,0.0
1994-07-14 00:00:00-04:00,0.954247493564485,1.0178637504577637,0.954247493564485,1.0178637504577637,8400,0.0,0.0
1994-07-15 00:00:00-04:00,0.9542473554611206,0.9542473554611206,0.9542473554611206,0.9542473554611206,1800,0.0,0.0
1994-07-18 00:00:00-04:00,0.9542473554611206,1.0178636031475434,0.9542473554611206,0.9542473554611206,15300,0.0,0.0
1994-07-19 00:00:00-04:00,0.954247493564485,1.0178637504577637,0.954247493564485,1.0178637504577637,58500,0.0,0.0
1994-07-20 00:00:00-04:00,1.0178637504577637,1.0178637504577637,1.0178637504577637,1.0178637504577637,1500,0.0,0.0
1994-07-21 00:00:00-04:00,0.954247493564485,1.0178637504577637,0.954247493564485,1.0178637504577637,9000,0.0,0.0
1994-07-22 00:00:00-04:00,0.9542473554611206,0.9542473554611206,0.9542473554611206,0.9542473554611206,30900,0.0,0.0
1994-07-25 00:00:00-04:00,0.9860559625612302,0.9860559625612302,0.9224389791488647,0.9224389791488647,25500,0.0,0.0
1994-07-26 00:00:00-04:00,0.9224388676014313,0.9542473554611206,0.9224388676014313,0.9542473554611206,6600,0.0,0.0
1994-07-27 00:00:00-04:00,0.9860558433208098,0.9860558433208098,0.9224388676014313,0.9542473554611206,17100,0.0,0.0
1994-07-28 00:00:00-04:00,0.9224388676014313,0.9542473554611206,0.9224388676014313,0.9542473554611206,13500,0.0,0.0
1994-07-29 00:00:00-04:00,0.9542474708550475,0.9542474708550475,0.9224389791488647,0.9224389791488647,60300,0.0,0.0
1994-08-01 00:00:00-04:00,0.9224389791488647,0.9542474708550475,0.8906312154757254,0.9224389791488647,20100,0.0,0.0
1994-08-02 00:00:00-04:00,0.9542474708550475,0.9860559625612302,0.8906312154757254,0.9224389791488647,6900,0.0,0.0
1994-08-03 00:00:00-04:00,0.8906311392784119,0.9542473892150909,0.8906311392784119,0.8906311392784119,33000,0.0,0.0
1994-08-04 00:00:00-04:00,0.9542473892150909,0.986055878199921,0.8906311392784119,0.8906311392784119,9600,0.0,0.0
1994-08-05 00:00:00-04:00,0.8906311077746977,0.9860558433208098,0.8906311077746977,0.9542473554611206,37500,0.0,0.0
1994-08-08 00:00:00-04:00,0.9860559105873107,0.9860559105873107,0.9224389305281261,0.9860559105873108,38400,0.0,0.0
1994-08-09 00:00:00-04:00,0.9860559625612302,0.9860559625612302,0.9224389791488647,0.9224389791488647,24900,0.0,0.0
1994-08-10 00:00:00-04:00,0.9860560368940372,1.0178638029649716,0.9542475427900042,1.0019599199295044,68700,0.0,0.0
1994-08-11 00:00:00-04:00,0.954247493564485,1.0178637504577637,0.954247493564485,1.0178637504577637,12000,0.0,0.0
1994-08-12 00:00:00-04:00,0.9542473554611206,1.0178636031475434,0.9542473554611206,0.9542473554611206,13200,0.0,0.0
1994-08-15 00:00:00-04:00,0.9542476586507975,0.9701515436172485,0.9542476586507975,0.9701515436172485,22500,0.0,0.0
1994-08-16 00:00:00-04:00,0.9542473554611206,0.9542473554611206,0.9542473554611206,0.9542473554611206,600,0.0,0.0
1994-08-17 00:00:00-04:00,0.954247493564485,1.0178637504577637,0.954247493564485,1.0178637504577637,3300,0.0,0.0
1994-08-18 00:00:00-04:00,0.9542473554611206,0.9542473554611206,0.9542473554611206,0.9542473554611206,1500,0.0,0.0
1994-08-19 00:00:00-04:00,0.9542473554611206,0.9542473554611206,0.9542473554611206,0.9542473554611206,4500,0.0,0.0
1994-08-22 00:00:00-04:00,1.0496722429209335,1.0496722429209335,0.9860559860276548,1.0178637504577637,34200,0.0,0.0
1994-08-23 00:00:00-04:00,0.9542473554611206,1.0496720910072326,0.9542473554611206,0.9542473554611206,46800,0.0,0.0
1994-08-24 00:00:00-04:00,0.9542477130889893,1.0496724843978882,0.9542477130889893,1.0496724843978882,14700,0.0,0.0
1994-08-25 00:00:00-04:00,1.0496724843978882,1.0496724843978882,0.9542477130889893,1.0496724843978882,35100,0.0,0.0
1994-08-26 00:00:00-04:00,0.9542474205577184,0.9860559105873107,0.9542474205577184,0.9860559105873108,5400,0.0,0.0
1994-08-29 00:00:00-04:00,0.9542473554611206,0.9860558433208098,0.9542473554611206,0.9542473554611206,13800,0.0,0.0
1994-08-30 00:00:00-04:00,0.954247493564485,1.0178637504577637,0.954247493564485,1.0178637504577637,12000,0.0,0.0
1994-08-31 00:00:00-04:00,0.9542473554611206,0.9542473554611206,0.9542473554611206,0.9542473554611206,4500,0.0,0.0
1994-09-01 00:00:00-04:00,1.0178636031475434,1.0178636031475434,0.9542473554611206,0.9542473554611206,19500,0.0,0.0
1994-09-02 00:00:00-04:00,0.954247493564485,1.0178637504577637,0.954247493564485,1.0178637504577637,49800,0.0,0.0
1994-09-06 00:00:00-04:00,1.0178636031475434,1.0178636031475434,0.9542473554611206,0.9542473554611206,8400,0.0,0.0
1994-09-07 00:00:00-04:00,1.0178639265497884,1.0178639265497884,0.9542476586507975,0.9701515436172485,15900,0.0,0.0
1994-09-08 00:00:00-04:00,0.954247493564485,1.0178637504577637,0.954247493564485,1.0178637504577637,38700,0.0,0.0
1994-09-09 00:00:00-04:00,0.9542473554611206,0.9542473554611206,0.9542473554611206,0.9542473554611206,2400,0.0,0.0
1994-09-12 00:00:00-04:00,0.9542473554611206,0.9542473554611206,0.9542473554611206,0.9542473554611206,13500,0.0,0.0
1994-09-13 00:00:00-04:00,0.9542473554611206,1.0019597232341766,0.9542473554611206,0.9542473554611206,22500,0.0,0.0
1994-09-14 00:00:00-04:00,1.0178637262343695,1.0178637262343695,0.9224389791488647,0.9224389791488647,16800,0.0,0.0
1994-09-15 00:00:00-04:00,1.0178637262343695,1.0178637262343695,0.9224389791488647,0.9224389791488647,48300,0.0,0.0
1994-09-16 00:00:00-04:00,1.0178637262343695,1.0178637262343695,0.9224389791488647,0.9224389791488647,2700,0.0,0.0
1994-09-19 00:00:00-04:00,0.9224389791488647,0.9224389791488647,0.9224389791488647,0.9224389791488647,300,0.0,0.0
1994-09-20 00:00:00-04:00,0.9224388676014313,1.0178636031475434,0.8906311077746977,0.9542473554611206,39900,0.0,0.0
1994-09-21 00:00:00-04:00,0.9542473554611206,0.9542473554611206,0.8906311077746977,0.9542473554611206,100500,0.0,0.0
1994-09-22 00:00:00-04:00,0.8906312154757254,0.9542474708550475,0.8906312154757254,0.9224389791488647,21600,0.0,0.0
1994-09-23 00:00:00-04:00,0.8906311392784119,0.8906311392784119,0.8906311392784119,0.8906311392784119,6600,0.0,0.0
1994-09-26 00:00:00-04:00,0.9542474708550475,0.9542474708550475,0.8906312154757254,0.9224389791488647,10800,0.0,0.0
1994-09-27 00:00:00-04:00,0.9224389002302608,0.9224389002302608,0.8906311392784119,0.8906311392784119,69000,0.0,0.0
1994-09-28 00:00:00-04:00,0.8906311392784119,0.8906311392784119,0.8906311392784119,0.8906311392784119,3000,0.0,0.0
1994-09-29 00:00:00-04:00,0.8906311392784119,0.9224389002302608,0.8906311392784119,0.8906311392784119,36900,0.0,0.0
1994-09-30 00:00:00-04:00,0.8588226502935817,0.9224389002302608,0.8588226502935817,0.8906311392784119,26100,0.0,0.0
1994-10-03 00:00:00-04:00,0.9224389002302608,0.9224389002302608,0.8588226502935817,0.8906311392784119,13800,0.0,0.0
1994-10-04 00:00:00-04:00,0.8588227703989952,0.9224390292323376,0.8588227703989952,0.8747266530990601,22200,0.0,0.0
1994-10-05 00:00:00-04:00,0.8906312154757254,0.9224389791488647,0.8588227237695427,0.9224389791488647,71700,0.0,0.0
1994-10-06 00:00:00-04:00,0.8588223457336426,0.9224385731104122,0.8588223457336426,0.8588223457336426,24000,0.0,0.0
1994-10-07 00:00:00-04:00,0.9224389791488647,0.9224389791488647,0.8588227237695427,0.9224389791488647,38700,0.0,0.0
1994-10-10 00:00:00-04:00,0.9224385731104122,0.9224385731104122,0.8588223457336426,0.8588223457336426,76800,0.0,0.0
1994-10-11 00:00:00-04:00,0.9224385731104122,0.9224385731104122,0.8588223457336426,0.8588223457336426,40200,0.0,0.0
1994-10-12 00:00:00-04:00,0.9224389791488647,0.9860559625612302,0.8588227237695427,0.9224389791488647,387000,0.0,0.0
1994-10-13 00:00:00-04:00,0.9860562128696984,1.0496724843978882,0.9542477130889893,1.0496724843978882,138900,0.0,0.0
1994-10-14 00:00:00-04:00,1.0178636725838979,1.0496721626134902,0.9860559105873107,0.9860559105873108,97800,0.0,0.0
1994-10-17 00:00:00-04:00,0.9860560368940372,1.0178638029649716,0.9860560368940372,1.0019599199295044,31800,0.0,0.0
1994-10-18 00:00:00-04:00,0.9860562128696984,1.0496724843978882,0.9860562128696984,1.0496724843978882,2700,0.0,0.0
1994-10-19 00:00:00-04:00,1.0496722429209335,1.0496722429209335,0.954247493564485,1.0178637504577637,40500,0.0,0.0
1994-10-20 00:00:00-04:00,1.0178636725838979,1.0178636725838979,0.9542474205577184,0.9860559105873108,221100,0.0,0.0
1994-10-21 00:00:00-04:00,0.9542473554611206,1.0178636031475434,0.9542473554611206,0.9542473554611206,95100,0.0,0.0
1994-10-24 00:00:00-04:00,1.0178636725838979,1.0178636725838979,0.9542474205577184,0.9860559105873108,24900,0.0,0.0
1994-10-25 00:00:00-04:00,0.9542474205577184,0.9860559105873107,0.9542474205577184,0.9860559105873108,2400,0.0,0.0
1994-10-26 00:00:00-04:00,0.9860561566168864,0.9860561566168864,0.9542476586507975,0.9701515436172485,103200,0.0,0.0
1994-10-27 00:00:00-04:00,0.9701515436172485,0.9701515436172485,0.9542476586507975,0.9701515436172485,6600,0.0,0.0
1994-10-28 00:00:00-04:00,0.9542474205577184,0.9860559105873107,0.9542474205577184,0.9860559105873108,3300,0.0,0.0
1994-10-31 00:00:00-05:00,0.9860559860276548,1.0496722429209335,0.9860559860276548,1.0178637504577637,232500,0.0,0.0
1994-11-01 00:00:00-05:00,1.0178636725838979,1.0496721626134902,0.9860559105873107,0.9860559105873108,168900,0.0,0.0
1994-11-02 00:00:00-05:00,0.9860559860276548,1.0178637504577637,0.9860559860276548,1.0178637504577637,9000,0.0,0.0
1994-11-03 00:00:00-05:00,0.9860559105873107,0.9860559105873107,0.9860559105873107,0.9860559105873108,3000,0.0,0.0
1994-11-04 00:00:00-05:00,0.9860562128696984,1.0496724843978882,0.9860562128696984,1.0496724843978882,5100,0.0,0.0
1994-11-07 00:00:00-05:00,1.0178637504577637,1.0178637504577637,1.0178637504577637,1.0178637504577637,5100,0.0,0.0
1994-11-08 00:00:00-05:00,1.0496724843978882,1.0496724843978882,0.9860562128696984,1.0496724843978882,11100,0.0,0.0
1994-11-09 00:00:00-05:00,0.9860559105873107,0.9860559105873107,0.9860559105873107,0.9860559105873108,5700,0.0,0.0
1994-11-10 00:00:00-05:00,0.9860559860276548,1.0178637504577637,0.9860559860276548,1.0178637504577637,111000,0.0,0.0
1994-11-11 00:00:00-05:00,0.9542473554611206,0.9542473554611206,0.9542473554611206,0.9542473554611206,16500,0.0,0.0
1994-11-14 00:00:00-05:00,1.0178638029649716,1.0178638029649716,0.9542475427900042,1.0019599199295044,8400,0.0,0.0
1994-11-15 00:00:00-05:00,1.0178637504577637,1.0178637504577637,1.0178637504577637,1.0178637504577637,15000,0.0,0.0
1994-11-16 00:00:00-05:00,0.9542473554611206,1.0178636031475434,0.9542473554611206,0.9542473554611206,27600,0.0,0.0
1994-11-17 00:00:00-05:00,0.9542474205577184,0.9860559105873107,0.9542474205577184,0.9860559105873108,302100,0.0,0.0
1994-11-18 00:00:00-05:00,1.0178636031475434,1.0178636031475434,0.9542473554611206,0.9542473554611206,11100,0.0,0.0
1994-11-21 00:00:00-05:00,0.9224389791488647,0.9860559625612302,0.9224389791488647,0.9224389791488647,15000,0.0,0.0
1994-11-22 00:00:00-05:00,0.9224388676014313,0.9542473554611206,0.9224388676014313,0.9542473554611206,7200,0.0,0.0
1994-11-23 00:00:00-05:00,0.9224389002302608,0.986055878199921,0.8906311392784119,0.8906311392784119,40200,0.0,0.0
1994-11-25 00:00:00-05:00,0.8906311077746977,0.9542473554611206,0.8906311077746977,0.9542473554611206,1200,0.0,0.0
1994-11-28 00:00:00-05:00,0.8906311392784119,0.8906311392784119,0.8906311392784119,0.8906311392784119,4500,0.0,0.0
1994-11-29 00:00:00-05:00,0.8906312154757254,0.9542474708550475,0.8906312154757254,0.9224389791488647,54300,0.0,0.0
1994-11-30 00:00:00-05:00,0.8906311077746977,0.9542473554611206,0.8906311077746977,0.9542473554611206,23100,0.0,0.0
1994-12-01 00:00:00-05:00,0.9542473892150909,0.9542473892150909,0.8906311392784119,0.8906311392784119,19500,0.0,0.0
1994-12-02 00:00:00-05:00,0.8588222694188907,0.8906307442971432,0.8270137945406383,0.8429183959960938,34500,0.0,0.0
1994-12-05 00:00:00-05:00,0.8270137906074524,0.922438486755722,0.8270137906074524,0.8270137906074524,91500,0.0,0.0
1994-12-06 00:00:00-05:00,0.7952060439131324,0.8906307400614021,0.7952060439131324,0.8270137906074524,185700,0.0,0.0
1994-12-07 00:00:00-05:00,0.858822486569218,0.858822486569218,0.7952062487602234,0.7952062487602234,6900,0.0,0.0
1994-12-08 00:00:00-05:00,0.795206118356873,0.8588223457336426,0.795206118356873,0.8588223457336426,3900,0.0,0.0
1994-12-09 00:00:00-05:00,0.8588222653344272,0.8588222653344272,0.8270137906074524,0.8270137906074524,12600,0.0,0.0
1994-12-12 00:00:00-05:00,0.8588222653344272,0.8588222653344272,0.8270137906074524,0.8270137906074524,36000,0.0,0.0
1994-12-13 00:00:00-05:00,0.8270141613087516,0.9224389002302608,0.8270141613087516,0.8906311392784119,58200,0.0,0.0
1994-12-14 00:00:00-05:00,0.8588223457336426,0.8588223457336426,0.8588223457336426,0.8588223457336426,1200,0.0,0.0
1994-12-15 00:00:00-05:00,0.8906311077746977,0.9542473554611206,0.8588226199150085,0.9542473554611206,39300,0.0,0.0
1994-12-16 00:00:00-05:00,0.8588223457336426,0.9065346982744006,0.8588223457336426,0.8588223457336426,3900,0.0,0.0
1994-12-19 00:00:00-05:00,0.9542470508151585,0.9542470508151585,0.8588223457336426,0.8588223457336426,1500,0.0,0.0
1994-12-20 00:00:00-05:00,0.9542473554611206,0.9542473554611206,0.8588226199150085,0.9542473554611206,38100,0.0,0.0
1994-12-21 00:00:00-05:00,0.8906312154757254,0.9224389791488647,0.8906312154757254,0.9224389791488647,6000,0.0,0.0
1994-12-22 00:00:00-05:00,0.9542473554611206,0.9542473554611206,0.8906311077746977,0.9542473554611206,12900,0.0,0.0
1994-12-23 00:00:00-05:00,0.8906311392784119,0.986055878199921,0.8906311392784119,0.8906311392784119,88800,0.0,0.0
1994-12-27 00:00:00-05:00,0.8906312154757254,0.9860559625612302,0.8906312154757254,0.9224389791488647,45000,0.0,0.0
1994-12-28 00:00:00-05:00,0.9860558433208098,0.9860558433208098,0.9224388676014313,0.9542473554611206,35100,0.0,0.0
1994-12-29 00:00:00-05:00,0.9224389791488647,0.9224389791488647,0.9224389791488647,0.9224389791488647,7500,0.0,0.0
1994-12-30 00:00:00-05:00,0.9224389791488647,0.9224389791488647,0.9224389791488647,0.9224389791488647,8700,0.0,0.0
1995-01-03 00:00:00-05:00,0.9224389002302608,0.9224389002302608,0.8906311392784119,0.8906311392784119,14100,0.0,0.0
1995-01-04 00:00:00-05:00,0.9224389791488647,0.9224389791488647,0.9224389791488647,0.9224389791488647,12000,0.0,0.0
1995-01-05 00:00:00-05:00,0.8906311685315389,0.9860559105873107,0.8906311685315389,0.9860559105873108,15600,0.0,0.0
1995-01-06 00:00:00-05:00,0.8906311392784119,0.986055878199921,0.8906311392784119,0.8906311392784119,11700,0.0,0.0
1995-01-09 00:00:00-05:00,0.986055878199921,0.986055878199921,0.8906311392784119,0.8906311392784119,22800,0.0,0.0
1995-01-10 00:00:00-05:00,0.8906311392784119,0.9224389002302608,0.8906311392784119,0.8906311392784119,19500,0.0,0.0
1995-01-11 00:00:00-05:00,0.8906314940921042,0.93834388256073,0.8906314940921042,0.93834388256073,15600,0.0,0.0
1995-01-12 00:00:00-05:00,0.8906314940921042,0.93834388256073,0.8906314940921042,0.93834388256073,35400,0.0,0.0
1995-01-13 00:00:00-05:00,0.9224387281056854,0.9860556942045916,0.8906309730890778,0.9065348505973816,55500,0.0,0.0
1995-01-16 00:00:00-05:00,0.9224389002302608,0.9383435087391664,0.8906311392784119,0.8906311392784119,27600,0.0,0.0
1995-01-17 00:00:00-05:00,0.9224389791488647,0.9860559625612302,0.8906312154757254,0.9224389791488647,10800,0.0,0.0
1995-01-18 00:00:00-05:00,0.8906312154757254,0.9224389791488647,0.8906312154757254,0.9224389791488647,6600,0.0,0.0
1995-01-19 00:00:00-05:00,0.9224389791488647,0.9224389791488647,0.9224389791488647,0.9224389791488647,0,0.0,0.0
1995-01-20 00:00:00-05:00,0.986055878199921,0.986055878199921,0.8906311392784119,0.8906311392784119,6600,0.0,0.0
1995-01-23 00:00:00-05:00,0.8906311685315389,0.9860559105873107,0.8906311685315389,0.9860559105873108,14100,0.0,0.0
1995-01-24 00:00:00-05:00,0.9860559625612302,0.9860559625612302,0.9224389791488647,0.9224389791488647,172500,0.0,0.0
1995-01-25 00:00:00-05:00,0.9224388676014313,0.9860558433208098,0.9224388676014313,0.9542473554611206,20100,0.0,0.0
1995-01-26 00:00:00-05:00,0.9860559860276548,1.0178637504577637,0.954247493564485,1.0178637504577637,108900,0.0,0.0
1995-01-27 00:00:00-05:00,0.9542473554611206,0.9542473554611206,0.9542473554611206,0.9542473554611206,4500,0.0,0.0
1995-01-30 00:00:00-05:00,0.954247493564485,1.0178637504577637,0.954247493564485,1.0178637504577637,27000,0.0,0.0
1995-01-31 00:00:00-05:00,1.0178637504577637,1.0178637504577637,0.954247493564485,1.0178637504577637,101100,0.0,0.0
1995-02-01 00:00:00-05:00,1.0178636725838979,1.0496721626134902,0.9860559105873107,0.9860559105873108,130800,0.0,0.0
1995-02-02 00:00:00-05:00,1.0496722970690047,1.0496722970690047,0.9860560368940372,1.0019599199295044,88500,0.0,0.0
1995-02-03 00:00:00-05:00,1.0496722429209335,1.0496722429209335,0.9860559860276548,1.0178637504577637,99600,0.0,0.0
1995-02-06 00:00:00-05:00,1.0178636725838979,1.0496721626134902,0.9860559105873107,0.9860559105873108,53400,0.0,0.0
1995-02-07 00:00:00-05:00,1.0496722429209335,1.0496722429209335,0.9860559860276548,1.0178637504577637,76800,0.0,0.0
1995-02-08 00:00:00-05:00,0.9860558433208098,1.0178636031475434,0.9542473554611206,0.9542473554611206,18600,0.0,0.0
1995-02-09 00:00:00-05:00,1.0178637504577637,1.0178637504577637,0.954247493564485,1.0178637504577637,23100,0.0,0.0
1995-02-10 00:00:00-05:00,0.9542473554611206,0.9860558433208098,0.9542473554611206,0.9542473554611206,88500,0.0,0.0
1995-02-13 00:00:00-05:00,1.0178637504577637,1.0178637504577637,1.0178637504577637,1.0178637504577637,1200,0.0,0.0
1995-02-14 00:00:00-05:00,0.954247493564485,1.0178637504577637,0.954247493564485,1.0178637504577637,52800,0.0,0.0
1995-02-15 00:00:00-05:00,1.0178636725838979,1.0178636725838979,0.9860559105873107,0.9860559105873108,12300,0.0,0.0
1995-02-16 00:00:00-05:00,0.9860559105873107,0.9860559105873107,0.9860559105873107,0.9860559105873108,22500,0.0,0.0
1995-02-17 00:00:00-05:00,0.9860559105873107,0.9860559105873107,0.9860559105873107,0.9860559105873108,6000,0.0,0.0
1995-02-21 00:00:00-05:00,1.0178636725838979,1.0178636725838979,0.9860559105873107,0.9860559105873108,8100,0.0,0.0
1995-02-22 00:00:00-05:00,0.9860559105873107,1.0178636725838979,0.9860559105873107,0.9860559105873108,24300,0.0,0.0
1995-02-23 00:00:00-05:00,0.9860559105873107,1.0496721626134902,0.9860559105873107,0.9860559105873108,122400,0.0,0.0
1995-02-24 00:00:00-05:00,1.0496722429209335,1.0496722429209335,0.9860559860276548,1.0178637504577637,78600,0.0,0.0
1995-02-27 00:00:00-05:00,1.0178637504577637,1.0496722429209335,0.9860559860276548,1.0178637504577637,5100,0.0,0.0
1995-02-28 00:00:00-05:00,1.0496721626134902,1.0496721626134902,0.9860559105873107,0.9860559105873108,32100,0.0,0.0
1995-03-01 00:00:00-05:00,1.0496721626134902,1.0496721626134902,0.9860559105873107,0.9860559105873108,60000,0.0,0.0
1995-03-02 00:00:00-05:00,0.9860559105873107,1.0496721626134902,0.9860559105873107,0.9860559105873108,6000,0.0,0.0
1995-03-03 00:00:00-05:00,0.9860559105873107,0.9860559105873107,0.9860559105873107,0.9860559105873108,1500,0.0,0.0
1995-03-06 00:00:00-05:00,0.9860559860276548,1.0178637504577637,0.9860559860276548,1.0178637504577637,27600,0.0,0.0
1995-03-07 00:00:00-05:00,0.9860559860276548,1.0178637504577637,0.9860559860276548,1.0178637504577637,61800,0.0,0.0
1995-03-08 00:00:00-05:00,1.0496721626134902,1.0496721626134902,0.9860559105873107,0.9860559105873108,4500,0.0,0.0
1995-03-09 00:00:00-05:00,1.0019597915856042,1.0019597915856042,0.9860559105873107,0.9860559105873108,18900,0.0,0.0
1995-03-10 00:00:00-05:00,0.9860559860276548,1.0496722429209335,0.9860559860276548,1.0178637504577637,15300,0.0,0.0
1995-03-13 00:00:00-05:00,1.0178637504577637,1.0178637504577637,1.0178637504577637,1.0178637504577637,1800,0.0,0.0
1995-03-14 00:00:00-05:00,1.0496724843978882,1.0496724843978882,0.9542477130889893,1.0496724843978882,16200,0.0,0.0
1995-03-15 00:00:00-05:00,1.0496720564218243,1.0496720564218243,0.9860558108314786,1.0337681770324707,40200,0.0,0.0
1995-03-16 00:00:00-05:00,1.0178636031475434,1.0496720910072326,0.9542473554611206,0.9542473554611206,20400,0.0,0.0
1995-03-17 00:00:00-05:00,1.0178637504577637,1.0814807353841034,1.0178637504577637,1.0178637504577637,131700,0.0,0.0
1995-03-20 00:00:00-05:00,1.0178637504577637,1.0814807353841034,1.0178637504577637,1.0178637504577637,17700,0.0,0.0
1995-03-21 00:00:00-05:00,1.0496722429209335,1.0814807353841034,1.0178637504577637,1.0178637504577637,95700,0.0,0.0
1995-03-22 00:00:00-05:00,1.0178637504577637,1.0496722429209335,1.0178637504577637,1.0178637504577637,3300,0.0,0.0
1995-03-23 00:00:00-05:00,1.0178637504577637,1.033768360705879,1.0178637504577637,1.0178637504577637,55500,0.0,0.0
1995-03-24 00:00:00-05:00,1.017863984617179,1.0496724843978882,1.017863984617179,1.0496724843978882,26100,0.0,0.0
1995-03-27 00:00:00-05:00,1.0178637504577637,1.0496722429209335,1.0178637504577637,1.0178637504577637,88200,0.0,0.0
1995-03-28 00:00:00-05:00,1.0178637504577637,1.0496722429209335,1.0178637504577637,1.0178637504577637,23100,0.0,0.0
1995-03-29 00:00:00-05:00,1.0496722429209335,1.0496722429209335,1.0178637504577637,1.0178637504577637,15600,0.0,0.0
1995-03-30 00:00:00-05:00,1.0178637504577637,1.0178637504577637,1.0178637504577637,1.0178637504577637,1500,0.0,0.0
1995-03-31 00:00:00-05:00,1.0178637504577637,1.0178637504577637,1.0178637504577637,1.0178637504577637,1200,0.0,0.0
1995-04-03 00:00:00-04:00,1.0496722429209335,1.0496722429209335,1.0178637504577637,1.0178637504577637,39300,0.0,0.0
1995-04-04 00:00:00-04:00,1.0178637504577637,1.0178637504577637,1.0178637504577637,1.0178637504577637,30600,0.0,0.0
1995-04-05 00:00:00-04:00,1.0178637504577637,1.0814807353841034,1.0178637504577637,1.0178637504577637,13800,0.0,0.0
1995-04-06 00:00:00-04:00,1.0178637504577637,1.0178637504577637,1.0178637504577637,1.0178637504577637,8700,0.0,0.0
1995-04-07 00:00:00-04:00,1.0178637504577637,1.033768360705879,1.0178637504577637,1.0178637504577637,25500,0.0,0.0
1995-04-10 00:00:00-04:00,1.017863984617179,1.0496724843978882,1.017863984617179,1.0496724843978882,21000,0.0,0.0
1995-04-11 00:00:00-04:00,1.0178637504577637,1.0178637504577637,1.0178637504577637,1.0178637504577637,19500,0.0,0.0
1995-04-12 00:00:00-04:00,1.0496722429209335,1.0496722429209335,1.0178637504577637,1.0178637504577637,12000,0.0,0.0
1995-04-13 00:00:00-04:00,1.017863984617179,1.0496724843978882,1.017863984617179,1.0496724843978882,78000,0.0,0.0
1995-04-17 00:00:00-04:00,1.0496722429209335,1.0496722429209335,1.0178637504577637,1.0178637504577637,87000,0.0,0.0
1995-04-18 00:00:00-04:00,1.0178635696101856,1.0814805432334627,1.0178635696101856,1.0337681770324707,6300,0.0,0.0
1995-04-19 00:00:00-04:00,1.049672364560887,1.081480860710144,1.0178638684116297,1.081480860710144,90300,0.0,0.0
1995-04-20 00:00:00-04:00,1.017863984617179,1.0814809841785973,1.017863984617179,1.0496724843978882,22200,0.0,0.0
1995-04-21 00:00:00-04:00,1.0814810429194197,1.1132888163945451,1.0496725414110266,1.0973849296569824,153000,0.0,0.0
1995-04-24 00:00:00-04:00,1.1450963236635934,1.2087125434118033,1.1132878497731704,1.1769047975540161,124200,0.0,0.0
1995-04-25 00:00:00-04:00,1.1769051900074163,1.2405214309692383,1.145096705510066,1.2405214309692383,409200,0.0,0.0
1995-04-26 00:00:00-04:00,1.208712946471888,1.2405214309692383,1.1769051900074163,1.2405214309692383,304500,0.0,0.0
1995-04-27 00:00:00-04:00,1.1769051900074163,1.2405214309692383,1.1769051900074163,1.2405214309692383,58200,0.0,0.0
1995-04-28 00:00:00-04:00,1.2087135231887731,1.3041382941782347,1.1769057515477697,1.2723305225372314,389100,0.0,0.0
1995-05-01 00:00:00-04:00,1.2405216908844163,1.3359464363370637,1.2405216908844163,1.304137945175171,270900,0.0,0.0
1995-05-02 00:00:00-04:00,1.2405210307666235,1.335945725440979,1.2405210307666235,1.335945725440979,164700,0.0,0.0
1995-05-03 00:00:00-04:00,1.2723298574801993,1.3995623336052274,1.2723298574801993,1.367754578590393,107400,0.0,0.0
1995-05-04 00:00:00-04:00,1.4313709735870361,1.4313709735870361,1.335946242014567,1.4313709735870361,60000,0.0,0.0
1995-05-05 00:00:00-04:00,1.3995623588562012,1.4313708424777711,1.3677546032674897,1.3995623588562012,159300,0.0,0.0
1995-05-08 00:00:00-04:00,1.3359461196459197,1.3995623588562012,1.3359461196459197,1.3995623588562012,29700,0.0,0.0
1995-05-09 00:00:00-04:00,1.3995623588562012,1.3995623588562012,1.3359461196459197,1.3995623588562012,85500,0.0,0.0
1995-05-10 00:00:00-04:00,1.3359460955427134,1.3995623336052274,1.3359460955427134,1.367754578590393,19800,0.0,0.0
1995-05-11 00:00:00-04:00,1.335945725440979,1.3995619458796682,1.335945725440979,1.335945725440979,30600,0.0,0.0
1995-05-12 00:00:00-04:00,1.335945725440979,1.3995619458796682,1.335945725440979,1.335945725440979,52800,0.0,0.0
1995-05-15 00:00:00-04:00,1.3359461196459197,1.3995623588562012,1.3359461196459197,1.3995623588562012,68700,0.0,0.0
1995-05-16 00:00:00-04:00,1.3677546032674897,1.4313708424777711,1.3359461196459197,1.3995623588562012,250500,0.0,0.0
1995-05-17 00:00:00-04:00,1.4313708424777711,1.4313708424777711,1.3677546032674897,1.3995623588562012,24600,0.0,0.0
1995-05-18 00:00:00-04:00,1.3359464363370637,1.3995626906278182,1.304137945175171,1.304137945175171,32400,0.0,0.0
1995-05-19 00:00:00-04:00,1.3995623588562012,1.3995623588562012,1.3041376360243497,1.3995623588562012,13500,0.0,0.0
1995-05-22 00:00:00-04:00,1.304137945175171,1.3995626906278182,1.304137945175171,1.304137945175171,5700,0.0,0.0
1995-05-23 00:00:00-04:00,1.3995623588562012,1.3995623588562012,1.3041376360243497,1.3995623588562012,15900,0.0,0.0
1995-05-24 00:00:00-04:00,1.335945725440979,1.3995619458796682,1.335945725440979,1.335945725440979,25500,0.0,0.0
1995-05-25 00:00:00-04:00,1.335945725440979,1.3995619458796682,1.335945725440979,1.335945725440979,20100,0.0,0.0
1995-05-26 00:00:00-04:00,1.3995623336052274,1.3995623336052274,1.367754578590393,1.367754578590393,18600,0.0,0.0
1995-05-30 00:00:00-04:00,1.3995623336052274,1.3995623336052274,1.367754578590393,1.367754578590393,16800,0.0,0.0
1995-05-31 00:00:00-04:00,1.3359464363370637,1.3995626906278182,1.304137945175171,1.304137945175171,158700,0.0,0.0
1995-06-01 00:00:00-04:00,1.304137945175171,1.3677549274989567,1.304137945175171,1.304137945175171,5400,0.0,0.0
1995-06-02 00:00:00-04:00,1.3995623336052274,1.3995623336052274,1.367754578590393,1.367754578590393,13800,0.0,0.0
1995-06-05 00:00:00-04:00,1.3041376360243497,1.3995623588562012,1.3041376360243497,1.3995623588562012,29700,0.0,0.0
1995-06-06 00:00:00-04:00,1.3359461196459197,1.3995623588562012,1.3359461196459197,1.3995623588562012,3900,0.0,0.0
1995-06-07 00:00:00-04:00,1.335946242014567,1.4313709735870361,1.335946242014567,1.4313709735870361,21600,0.0,0.0
1995-06-08 00:00:00-04:00,1.4313709735870361,1.4313709735870361,1.3677547285496985,1.4313709735870361,104100,0.0,0.0
1995-06-09 00:00:00-04:00,1.3995624870519046,1.4631794601221675,1.3995624870519046,1.4313709735870361,66000,0.0,0.0
1995-06-12 00:00:00-04:00,1.3677547285496985,1.4313709735870361,1.3677547285496985,1.4313709735870361,119100,0.0,0.0
1995-06-13 00:00:00-04:00,1.3677546032674897,1.4313708424777711,1.3677546032674897,1.3995623588562012,45300,0.0,0.0
1995-06-14 00:00:00-04:00,1.3677547285496985,1.4313709735870361,1.3677547285496985,1.4313709735870361,242400,0.0,0.0
1995-06-15 00:00:00-04:00,1.3836587290293274,1.463179588317871,1.3836587290293274,1.463179588317871,410100,0.0,0.0
1995-06-16 00:00:00-04:00,1.4949872914345488,1.4949872914345488,1.431371043298917,1.447274923324585,478200,0.0,0.0
1995-06-19 00:00:00-04:00,1.4949872186243738,1.4949872186243738,1.4313709735870361,1.4313709735870361,52800,0.0,0.0
1995-06-20 00:00:00-04:00,1.463179588317871,1.463179588317871,1.431371098995856,1.463179588317871,328500,0.0,0.0
1995-06-21 00:00:00-04:00,1.4472748528381392,1.4949872186243738,1.4313709735870361,1.4313709735870361,279900,0.0,0.0
1995-06-22 00:00:00-04:00,1.463179588317871,1.4790834689623844,1.431371098995856,1.463179588317871,540300,0.0,0.0
1995-06-23 00:00:00-04:00,1.4949873496068975,1.4949873496068975,1.431371098995856,1.463179588317871,62400,0.0,0.0
1995-06-26 00:00:00-04:00,1.431371098995856,1.4949873496068975,1.431371098995856,1.463179588317871,337200,0.0,0.0
1995-06-27 00:00:00-04:00,1.463179588317871,1.463179588317871,1.431371098995856,1.463179588317871,567300,0.0,0.0
1995-06-28 00:00:00-04:00,1.431371098995856,1.463179588317871,1.431371098995856,1.463179588317871,50700,0.0,0.0
1995-06-29 00:00:00-04:00,1.463179588317871,1.463179588317871,1.431371098995856,1.463179588317871,147900,0.0,0.0
1995-06-30 00:00:00-04:00,1.4949871301651,1.4949871301651,1.431370888891973,1.4949871301651,233700,0.0,0.0
1995-07-03 00:00:00-04:00,1.4949872186243738,1.4949872186243738,1.4313709735870361,1.4313709735870361,107400,0.0,0.0
1995-07-05 00:00:00-04:00,1.4949871301651,1.4949871301651,1.431370888891973,1.4949871301651,137700,0.0,0.0
1995-07-06 00:00:00-04:00,1.4949871301651,1.4949871301651,1.431370888891973,1.4949871301651,136200,0.0,0.0
1995-07-07 00:00:00-04:00,1.4949872186243738,1.4949872186243738,1.4313709735870361,1.4313709735870361,576900,0.0,0.0
1995-07-10 00:00:00-04:00,1.4313706748749069,1.4949869066362005,1.4313706748749069,1.4711307287216187,130500,0.0,0.0
1995-07-11 00:00:00-04:00,1.4949868079842437,1.558603763580322,1.4631790582189295,1.5586037635803223,303600,0.0,0.0
1995-07-12 00:00:00-04:00,1.5586042607713746,1.5904120206832886,1.4949872848816321,1.5904120206832886,236100,0.0,0.0
1995-07-13 00:00:00-04:00,1.5904120206832886,1.5904120206832886,1.5267957728265034,1.5904120206832886,237000,0.0,0.0
1995-07-14 00:00:00-04:00,1.5904123004990816,1.8448787927627563,1.5904123004990816,1.8448787927627563,318900,0.0,0.0
1995-07-17 00:00:00-04:00,1.8130700525140835,1.8766863029070908,1.7494538021210762,1.7812615633010864,429900,0.0,0.0
1995-07-18 00:00:00-04:00,1.7494531691720316,1.8130693965488012,1.7176446914672852,1.7176446914672852,55200,0.0,0.0
1995-07-19 00:00:00-04:00,1.6858361959457397,1.749453150682895,1.6540284466098774,1.6858361959457397,83700,0.0,0.0
1995-07-20 00:00:00-04:00,1.6222199863857694,1.7176446914672852,1.6222199863857694,1.7176446914672852,43800,0.0,0.0
1995-07-21 00:00:00-04:00,1.685836823695082,1.7812615633010864,1.685836823695082,1.7812615633010864,152400,0.0,0.0
1995-07-24 00:00:00-04:00,1.7812624557964474,1.7812624557964474,1.7176461735287227,1.765358567237854,113100,0.0,0.0
1995-07-25 00:00:00-04:00,1.765358567237854,1.7812624557964474,1.7176461735287227,1.765358567237854,101700,0.0,0.0
1995-07-26 00:00:00-04:00,1.78126121814531,1.8130697011947632,1.7176449800792493,1.8130697011947632,70500,0.0,0.0
1995-07-27 00:00:00-04:00,1.8130700327342595,1.8130700327342595,1.7494537830352783,1.7494537830352783,100800,0.0,0.0
1995-07-28 00:00:00-04:00,1.7494537830352783,1.8130700327342595,1.7494537830352783,1.7494537830352783,45900,0.0,0.0
1995-07-31 00:00:00-04:00,1.8448784632358182,1.972110958608664,1.8448784632358182,1.9084947109222412,588600,0.0,0.0
1995-08-01 00:00:00-04:00,1.9721111421996147,2.162960631058707,1.9403033794117814,2.131152868270874,706500,0.0,0.0
1995-08-02 00:00:00-04:00,2.162960631058707,2.1947691218795637,2.067535886629161,2.131152868270874,288900,0.0,0.0
1995-08-03 00:00:00-04:00,2.1629607291592428,2.1629607291592428,2.0357282161712646,2.0357282161712646,229800,0.0,0.0
1995-08-04 00:00:00-04:00,2.0993443774500173,2.131152868270874,2.0357281238413276,2.131152868270874,541500,0.0,0.0
1995-08-07 00:00:00-04:00,2.131152858580221,2.131152858580221,2.0357281145845842,2.067535877227783,39300,0.0,0.0
1995-08-08 00:00:00-04:00,2.0357286972675865,2.1311534685764855,2.0357286972675865,2.0993449687957764,99000,0.0,0.0
1995-08-09 00:00:00-04:00,2.0357282161712646,2.0993444726652535,2.0357282161712646,2.0357282161712646,31200,0.0,0.0
1995-08-10 00:00:00-04:00,2.035728333963042,2.0675361000339763,2.003919839859009,2.003919839859009,44100,0.0,0.0
1995-08-11 00:00:00-04:00,2.003919324209524,2.067535568014729,2.003919324209524,2.0516316890716553,150300,0.0,0.0
1995-08-14 00:00:00-04:00,2.0039196239083656,2.067535877227783,1.9721111332321468,2.067535877227783,80100,0.0,0.0
1995-08-15 00:00:00-04:00,2.0675355986379476,2.0675355986379476,1.940303109143039,1.9721108675003052,108600,0.0,0.0
1995-08-16 00:00:00-04:00,2.0357282161712646,2.0357282161712646,1.9403034674137531,2.0357282161712646,23400,0.0,0.0
1995-08-17 00:00:00-04:00,2.0357288178709965,2.0357288178709965,1.9403040409088135,1.9403040409088135,14400,0.0,0.0
1995-08-18 00:00:00-04:00,2.0357282161712646,2.0357282161712646,1.9403034674137531,2.0357282161712646,10200,0.0,0.0
1995-08-21 00:00:00-04:00,1.9403035796840413,2.035728333963042,1.9403035796840413,2.003919839859009,20100,0.0,0.0
1995-08-22 00:00:00-04:00,1.9403035796840413,2.035728333963042,1.9403035796840413,2.003919839859009,90900,0.0,0.0
1995-08-23 00:00:00-04:00,1.9880154747118601,2.0357278402806815,1.940303109143039,1.9721108675003052,169800,0.0,0.0
1995-08-24 00:00:00-04:00,1.9403024479571487,2.0039186710264625,1.9403024479571487,1.9562063217163086,136800,0.0,0.0
1995-08-25 00:00:00-04:00,1.9403024479571487,2.0039186710264625,1.9403024479571487,1.9562063217163086,143100,0.0,0.0
1995-08-28 00:00:00-04:00,2.003919839859009,2.003919839859009,1.9403035796840413,2.003919839859009,34200,0.0,0.0
1995-08-29 00:00:00-04:00,2.003920316205845,2.003920316205845,1.9403040409088135,1.9403040409088135,53700,0.0,0.0
1995-08-30 00:00:00-04:00,2.003919839859009,2.003919839859009,1.9403035796840413,2.003919839859009,24300,0.0,0.0
1995-08-31 00:00:00-04:00,1.972111345754976,2.003919839859009,1.9403035796840413,2.003919839859009,65700,0.0,0.0
1995-09-01 00:00:00-04:00,2.0039186710264625,2.0039186710264625,1.9403024479571487,1.9562063217163086,12000,0.0,0.0
1995-09-05 00:00:00-04:00,2.003920316205845,2.003920316205845,1.9403040409088135,1.9403040409088135,97800,0.0,0.0
1995-09-06 00:00:00-04:00,1.9403035796840413,2.003919839859009,1.9403035796840413,2.003919839859009,64500,0.0,0.0
1995-09-07 00:00:00-04:00,1.940303109143039,2.003919353890493,1.9084946227528508,1.9721108675003052,65100,0.0,0.0
1995-09-08 00:00:00-04:00,1.9084939724061547,2.0039186710264625,1.9084939724061547,1.9562063217163086,72900,0.0,0.0
1995-09-11 00:00:00-04:00,2.003919353890493,2.003919353890493,1.940303109143039,1.9721108675003052,107100,0.0,0.0
1995-09-12 00:00:00-04:00,2.003919353890493,2.003919353890493,1.940303109143039,1.9721108675003052,59100,0.0,0.0
1995-09-13 00:00:00-04:00,2.003919839859009,2.003919839859009,1.9403035796840413,2.003919839859009,143700,0.0,0.0
1995-09-14 00:00:00-04:00,2.003919353890493,2.003919353890493,1.940303109143039,1.9721108675003052,342900,0.0,0.0
1995-09-15 00:00:00-04:00,1.9721108675003052,2.003919353890493,1.940303109143039,1.9721108675003052,54000,0.0,0.0
1995-09-18 00:00:00-04:00,2.0039186710264625,2.0039186710264625,1.9562063217163086,1.9562063217163086,75000,0.0,0.0
1995-09-19 00:00:00-04:00,2.003920316205845,2.003920316205845,1.9403040409088135,1.9403040409088135,92100,0.0,0.0
1995-09-20 00:00:00-04:00,2.003919839859009,2.003919839859009,1.9403035796840413,2.003919839859009,37200,0.0,0.0
1995-09-21 00:00:00-04:00,2.003919839859009,2.003919839859009,1.9084950855800085,2.003919839859009,84000,0.0,0.0
1995-09-22 00:00:00-04:00,2.003919446468353,2.003919446468353,1.9084947109222412,1.9084947109222412,32100,0.0,0.0
1995-09-25 00:00:00-04:00,1.908495539243662,1.9721118145406935,1.8766870375785105,1.9403040409088135,96300,0.0,0.0
1995-09-26 00:00:00-04:00,1.9243993164191662,1.9403039303622307,1.8766869306564329,1.876686930656433,21000,0.0,0.0
1995-09-27 00:00:00-04:00,1.9403031987819304,1.9403031987819304,1.8766862230625518,1.9084947109222412,50400,0.0,0.0
1995-09-28 00:00:00-04:00,1.9403040409088135,1.9403040409088135,1.8766870375785105,1.9403040409088135,25800,0.0,0.0
1995-09-29 00:00:00-04:00,1.8766870375785105,1.9403040409088135,1.8766870375785105,1.9403040409088135,168000,0.0,0.0
1995-10-02 00:00:00-04:00,1.940303109143039,1.9721108675003052,1.8766861363626626,1.9721108675003052,170100,0.0,0.0
1995-10-03 00:00:00-04:00,1.9084950855800085,2.003919839859009,1.9084950855800085,2.003919839859009,100200,0.0,0.0
1995-10-04 00:00:00-04:00,2.0039196239083656,2.099344367904002,2.0039196239083656,2.067535877227783,365700,0.0,0.0
1995-10-05 00:00:00-04:00,2.0993444726652535,2.0993444726652535,2.0357282161712646,2.0357282161712646,157800,0.0,0.0
1995-10-06 00:00:00-04:00,2.0357275190876947,2.290193185961354,2.0357275190876947,2.2583847045898438,704100,0.0,0.0
1995-10-09 00:00:00-04:00,2.2901931237084803,2.54465878366516,2.2901931237084803,2.353809356689453,646800,0.0,0.0
1995-10-10 00:00:00-04:00,2.258386134297483,2.2901946358058765,2.0993450828220532,2.194769859313965,210900,0.0,0.0
1995-10-11 00:00:00-04:00,2.258384836096942,2.2901933193206787,2.258384836096942,2.2901933193206787,77700,0.0,0.0
1995-10-12 00:00:00-04:00,2.290193185961354,2.290193185961354,2.226576951251141,2.2583847045898438,60600,0.0,0.0
1995-10-13 00:00:00-04:00,2.2901933193206787,2.3538095577353033,2.258384836096942,2.2901933193206787,203700,0.0,0.0
1995-10-16 00:00:00-04:00,2.290194854736328,2.417428144899459,2.290194854736328,2.385619640350342,202500,0.0,0.0
1995-10-17 00:00:00-04:00,2.4174272467960467,2.4174272467960467,2.353810261332291,2.401522636413574,192600,0.0,0.0
1995-10-18 00:00:00-04:00,2.417428144899459,2.4492359214152386,2.385619640350342,2.385619640350342,127800,0.0,0.0
1995-10-19 00:00:00-04:00,2.3856176861679197,2.449233915121484,2.25838450022805,2.3220014572143555,143700,0.0,0.0
1995-10-20 00:00:00-04:00,2.32200160421536,2.353809356689453,2.2583846432016,2.353809356689453,159900,0.0,0.0
1995-10-23 00:00:00-04:00,2.353809770269443,2.353809770269443,2.2265772819519043,2.2265772819519043,33900,0.0,0.0
1995-10-24 00:00:00-04:00,2.226576951251141,2.2583847045898438,2.226576951251141,2.2583847045898438,29100,0.0,0.0
1995-10-25 00:00:00-04:00,2.2583847045898438,2.2583847045898438,2.226576951251141,2.2583847045898438,35100,0.0,0.0
1995-10-26 00:00:00-04:00,2.2583850400148315,2.2583850400148315,2.16296030976022,2.2265772819519043,96300,0.0,0.0
1995-10-27 00:00:00-04:00,2.2583850400148315,2.2583850400148315,2.16296030976022,2.2265772819519043,72000,0.0,0.0
1995-10-30 00:00:00-05:00,2.162961006164551,2.226577998838874,2.162961006164551,2.162961006164551,18900,0.0,0.0
1995-10-31 00:00:00-05:00,2.2265772819519043,2.2265772819519043,2.16296030976022,2.2265772819519043,119100,0.0,0.0
1995-11-01 00:00:00-05:00,2.2583847045898438,2.2583847045898438,2.162959988508121,2.2583847045898438,27300,0.0,0.0
1995-11-02 00:00:00-05:00,2.2583847045898438,2.2583847045898438,2.194768469879631,2.2583847045898438,36300,0.0,0.0
1995-11-03 00:00:00-05:00,2.2583850400148315,2.2583850400148315,2.194768795856062,2.2265772819519043,18300,0.0,0.0
1995-11-06 00:00:00-05:00,2.194768469879631,2.2583847045898438,2.194768469879631,2.2583847045898438,29700,0.0,0.0
1995-11-07 00:00:00-05:00,2.194769859313965,2.258386134297483,2.194769859313965,2.194769859313965,21000,0.0,0.0
1995-11-08 00:00:00-05:00,2.194769859313965,2.226578360822358,2.194769859313965,2.194769859313965,14100,0.0,0.0
1995-11-09 00:00:00-05:00,2.2583850400148315,2.2583850400148315,2.194768795856062,2.2265772819519043,8700,0.0,0.0
1995-11-10 00:00:00-05:00,2.2583853513318357,2.2583853513318357,2.194769098403606,2.2424814701080322,39600,0.0,0.0
1995-11-13 00:00:00-05:00,2.258384836096942,2.2901933193206787,2.226577080906054,2.2901933193206787,41100,0.0,0.0
1995-11-14 00:00:00-05:00,2.2901935261106736,2.2901935261106736,2.2265772819519043,2.2265772819519043,64500,0.0,0.0
1995-11-15 00:00:00-05:00,2.290193185961354,2.290193185961354,2.226576951251141,2.2583847045898438,38400,0.0,0.0
1995-11-16 00:00:00-05:00,2.2901935261106736,2.2901935261106736,2.2265772819519043,2.2265772819519043,75000,0.0,0.0
1995-11-17 00:00:00-05:00,2.2265772819519043,2.2901935261106736,2.2265772819519043,2.2265772819519043,27000,0.0,0.0
1995-11-20 00:00:00-05:00,2.2583850400148315,2.2901935261106736,2.2265772819519043,2.2265772819519043,57300,0.0,0.0
1995-11-21 00:00:00-05:00,2.194769859313965,2.2901946358058765,2.194769859313965,2.194769859313965,20400,0.0,0.0
1995-11-22 00:00:00-05:00,2.258386134297483,2.258386134297483,2.194769859313965,2.194769859313965,23400,0.0,0.0
1995-11-24 00:00:00-05:00,2.2583847045898438,2.2583847045898438,2.2583847045898438,2.2583847045898438,8400,0.0,0.0
1995-11-27 00:00:00-05:00,2.258386134297483,2.258386134297483,2.194769859313965,2.194769859313965,10500,0.0,0.0
1995-11-28 00:00:00-05:00,2.226576951251141,2.2583847045898438,2.194768469879631,2.2583847045898438,35100,0.0,0.0
1995-11-29 00:00:00-05:00,2.2583847045898438,2.2583847045898438,2.194768469879631,2.2583847045898438,9900,0.0,0.0
1995-11-30 00:00:00-05:00,2.2583850400148315,2.2901935261106736,2.2265772819519043,2.2265772819519043,109200,0.0,0.0
1995-12-01 00:00:00-05:00,2.226578034995854,2.5446600914001465,2.226578034995854,2.5446600914001465,466500,0.0,0.0
1995-12-04 00:00:00-05:00,2.5128529305134726,2.5128529305134726,2.290194854736328,2.385619640350342,169200,0.0,0.0
1995-12-05 00:00:00-05:00,2.290192978721203,2.353809207674767,2.290192978721203,2.3220014572143555,33300,0.0,0.0
1995-12-06 00:00:00-05:00,2.385619640350342,2.385619640350342,2.322003359285445,2.385619640350342,36900,0.0,0.0
1995-12-07 00:00:00-05:00,2.385618572674945,2.4174270629882812,2.3538100823616084,2.4174270629882812,66900,0.0,0.0
1995-12-08 00:00:00-05:00,2.417427560051694,2.5446600914001465,2.417427560051694,2.5446600914001465,111300,0.0,0.0
1995-12-11 00:00:00-05:00,2.5128521912648973,2.5446599584232437,2.4174274337236117,2.449235200881958,121200,0.0,0.0
1995-12-12 00:00:00-05:00,2.449234825268606,2.449234825268606,2.4174270629882812,2.4174270629882812,24000,0.0,0.0
1995-12-13 00:00:00-05:00,2.4174274337236117,2.449235200881958,2.4174274337236117,2.449235200881958,14700,0.0,0.0
1995-12-14 00:00:00-05:00,2.449234825268606,2.449234825268606,2.4174270629882812,2.4174270629882812,36600,0.0,0.0
1995-12-15 00:00:00-05:00,2.449235200881958,2.449235200881958,2.3856189385321422,2.449235200881958,48900,0.0,0.0
1995-12-18 00:00:00-05:00,2.3856180409590406,2.4492342793736652,2.2901933193206787,2.2901933193206787,71100,0.0,0.0
1995-12-19 00:00:00-05:00,2.2265772819519043,2.2901935261106736,2.2265772819519043,2.2265772819519043,51300,0.0,0.0
1995-12-20 00:00:00-05:00,2.2901933193206787,2.322001802544416,2.226577080906054,2.2901933193206787,49500,0.0,0.0
1995-12-21 00:00:00-05:00,2.3538100823616084,2.4174270629882812,2.3220023200812836,2.4174270629882812,116400,0.0,0.0
1995-12-22 00:00:00-05:00,2.322003359285445,2.417428144899459,2.322003359285445,2.385619640350342,15900,0.0,0.0
1995-12-26 00:00:00-05:00,2.3538100823616084,2.4174270629882812,2.3538100823616084,2.4174270629882812,6900,0.0,0.0
1995-12-27 00:00:00-05:00,2.353809356689453,2.4174263177032134,2.353809356689453,2.353809356689453,13500,0.0,0.0
1995-12-28 00:00:00-05:00,2.3538095577353033,2.3856180409590406,2.2901933193206787,2.2901933193206787,103800,0.0,0.0
1995-12-29 00:00:00-05:00,2.2901933193206787,2.3856180409590406,2.258384836096942,2.2901933193206787,141600,0.0,0.0
1996-01-02 00:00:00-05:00,2.2901931237084803,2.3856178371963335,2.2901931237084803,2.353809356689453,9600,0.0,0.0
1996-01-03 00:00:00-05:00,2.385617902043077,2.385617902043077,2.2583847045898438,2.2583847045898438,63600,0.0,0.0
1996-01-04 00:00:00-05:00,2.290192978721203,2.3220014572143555,2.290192978721203,2.3220014572143555,42600,0.0,0.0
1996-01-05 00:00:00-05:00,2.2265775888842287,2.2901938418124583,2.2265775888842287,2.2424814701080322,10800,0.0,0.0
1996-01-08 00:00:00-05:00,2.2265772819519043,2.2265772819519043,2.2265772819519043,2.2265772819519043,3000,0.0,0.0
1996-01-09 00:00:00-05:00,2.290193185961354,2.290193185961354,2.242480827920492,2.2583847045898438,23100,0.0,0.0
1996-01-10 00:00:00-05:00,2.2265767497676388,2.3220014572143555,2.2265767497676388,2.3220014572143555,36900,0.0,0.0
1996-01-11 00:00:00-05:00,2.25838450022805,2.3220014572143555,2.2265767497676388,2.3220014572143555,3000,0.0,0.0
1996-01-12 00:00:00-05:00,2.3220020122065157,2.3220020122065157,2.2265772819519043,2.2265772819519043,37200,0.0,0.0
1996-01-15 00:00:00-05:00,2.226576951251141,2.290193185961354,2.226576951251141,2.2583847045898438,11400,0.0,0.0
1996-01-16 00:00:00-05:00,2.25838450022805,2.3220014572143555,2.2265767497676388,2.3220014572143555,48600,0.0,0.0
1996-01-17 00:00:00-05:00,2.322001667332864,2.322001667332864,2.2583847045898438,2.2583847045898438,87600,0.0,0.0
1996-01-18 00:00:00-05:00,2.25838450022805,2.3220014572143555,2.25838450022805,2.3220014572143555,57600,0.0,0.0
1996-01-19 00:00:00-05:00,2.3220014572143555,2.3220014572143555,2.25838450022805,2.3220014572143555,12600,0.0,0.0
1996-01-22 00:00:00-05:00,2.322001667332864,2.322001667332864,2.2583847045898438,2.2583847045898438,56400,0.0,0.0
1996-01-23 00:00:00-05:00,2.322001667332864,2.322001667332864,2.2583847045898438,2.2583847045898438,39600,0.0,0.0
1996-01-24 00:00:00-05:00,2.3220014572143555,2.3220014572143555,2.290192978721203,2.3220014572143555,29100,0.0,0.0
1996-01-25 00:00:00-05:00,2.32200160421536,2.353809356689453,2.32200160421536,2.353809356689453,86100,0.0,0.0
1996-01-26 00:00:00-05:00,2.353809207674767,2.353809207674767,2.3220014572143555,2.3220014572143555,75600,0.0,0.0
1996-01-29 00:00:00-05:00,2.3856178371963335,2.4174263177032134,2.32200160421536,2.353809356689453,111600,0.0,0.0
1996-01-30 00:00:00-05:00,2.417426164661072,2.417426164661072,2.3220014572143555,2.3220014572143555,14400,0.0,0.0
1996-01-31 00:00:00-05:00,2.3220023200812836,2.4174270629882812,2.3220023200812836,2.4174270629882812,30900,0.0,0.0
1996-02-01 00:00:00-05:00,2.3220014572143555,2.417426164661072,2.3220014572143555,2.3220014572143555,15000,0.0,0.0
1996-02-02 00:00:00-05:00,2.32200160421536,2.4174263177032134,2.32200160421536,2.353809356689453,37500,0.0,0.0
1996-02-05 00:00:00-05:00,2.417428144899459,2.417428144899459,2.322003359285445,2.385619640350342,121500,0.0,0.0
1996-02-06 00:00:00-05:00,2.322003359285445,2.385619640350342,2.322003359285445,2.385619640350342,44700,0.0,0.0
1996-02-07 00:00:00-05:00,2.385618572674945,2.4174270629882812,2.3538100823616084,2.4174270629882812,94800,0.0,0.0
1996-02-08 00:00:00-05:00,2.353809356689453,2.4174263177032134,2.353809356689453,2.353809356689453,89400,0.0,0.0
1996-02-09 00:00:00-05:00,2.353809356689453,2.4174263177032134,2.353809356689453,2.353809356689453,23700,0.0,0.0
1996-02-12 00:00:00-05:00,2.3538095577353033,2.4174265241827775,2.2901933193206787,2.2901933193206787,30600,0.0,0.0
1996-02-13 00:00:00-05:00,2.353809356689453,2.353809356689453,2.2901931237084803,2.353809356689453,46200,0.0,0.0
1996-02-14 00:00:00-05:00,2.3538095577353033,2.3538095577353033,2.2901933193206787,2.2901933193206787,19500,0.0,0.0
1996-02-15 00:00:00-05:00,2.2583850400148315,2.2901935261106736,2.2265772819519043,2.2265772819519043,35700,0.0,0.0
1996-02-16 00:00:00-05:00,2.290193185961354,2.290193185961354,2.226576951251141,2.2583847045898438,60600,0.0,0.0
1996-02-20 00:00:00-05:00,2.2424811609833677,2.2424811609833677,2.194768795856062,2.2265772819519043,15300,0.0,0.0
1996-02-21 00:00:00-05:00,2.194768469879631,2.290193185961354,2.194768469879631,2.2583847045898438,17100,0.0,0.0
1996-02-22 00:00:00-05:00,2.1947685976823172,2.2901933193206787,2.1947685976823172,2.2901933193206787,38700,0.0,0.0
1996-02-23 00:00:00-05:00,2.194768795856062,2.2901935261106736,2.194768795856062,2.2265772819519043,9900,0.0,0.0
1996-02-26 00:00:00-05:00,2.2901946358058765,2.2901946358058765,2.194769859313965,2.194769859313965,66300,0.0,0.0
1996-02-27 00:00:00-05:00,2.194769859313965,2.2901946358058765,2.194769859313965,2.194769859313965,61500,0.0,0.0
1996-02-28 00:00:00-05:00,2.194768469879631,2.2583847045898438,2.162959988508121,2.2583847045898438,92400,0.0,0.0
1996-02-29 00:00:00-05:00,2.162959988508121,2.2583847045898438,2.162959988508121,2.2583847045898438,10200,0.0,0.0
1996-03-01 00:00:00-05:00,2.162959786535869,2.226576743338483,2.162959786535869,2.21067214012146,38100,0.0,0.0
1996-03-04 00:00:00-05:00,2.131152858580221,2.16296062122342,2.0039196239083656,2.067535877227783,397200,0.0,0.0
1996-03-05 00:00:00-05:00,2.067535980401731,2.131152964928776,2.003919723907742,2.0357282161712646,273000,0.0,0.0
1996-03-06 00:00:00-05:00,2.0039196239083656,2.099344367904002,2.0039196239083656,2.067535877227783,296400,0.0,0.0
1996-03-07 00:00:00-05:00,2.0834405422210693,2.1311529154930553,2.0675359324417144,2.0834405422210693,182400,0.0,0.0
1996-03-08 00:00:00-05:00,2.067535980401731,2.0993444726652535,2.0357282161712646,2.0357282161712646,255600,0.0,0.0
1996-03-11 00:00:00-05:00,2.0993444726652535,2.0993444726652535,2.0357282161712646,2.0357282161712646,141000,0.0,0.0
1996-03-12 00:00:00-05:00,2.099344367904002,2.099344367904002,2.0357281145845842,2.067535877227783,261600,0.0,0.0
1996-03-13 00:00:00-05:00,2.0357281145845842,2.067535877227783,2.0357281145845842,2.067535877227783,416700,0.0,0.0
1996-03-14 00:00:00-05:00,2.0357282161712646,2.0993444726652535,2.0357282161712646,2.0357282161712646,264300,0.0,0.0
1996-03-15 00:00:00-05:00,2.067535568014729,2.067535568014729,2.035727810128582,2.0516316890716553,42300,0.0,0.0
1996-03-18 00:00:00-05:00,2.035728333963042,2.0675361000339763,2.003919839859009,2.003919839859009,108600,0.0,0.0
1996-03-19 00:00:00-05:00,2.0039189598707017,2.0357274400065597,2.0039189598707017,2.019822835922241,417900,0.0,0.0
1996-03-20 00:00:00-05:00,2.0357278402806815,2.0357278402806815,1.9721108675003052,1.9721108675003052,212100,0.0,0.0
1996-03-21 00:00:00-05:00,1.9721108675003052,2.003919353890493,1.9721108675003052,1.9721108675003052,103500,0.0,0.0
1996-03-22 00:00:00-05:00,1.9403031987819304,2.003919446468353,1.9084947109222412,1.9084947109222412,34500,0.0,0.0
1996-03-25 00:00:00-05:00,1.9084950518121322,1.972111310861508,1.8448787927627563,1.8448787927627563,119700,0.0,0.0
1996-03-26 00:00:00-05:00,1.8448787927627563,1.9084950518121322,1.8448787927627563,1.8448787927627563,51300,0.0,0.0
1996-03-27 00:00:00-05:00,1.8448792639466305,1.9403040409088135,1.813070762281479,1.9403040409088135,576600,0.0,0.0
1996-03-28 00:00:00-05:00,1.9403040409088135,1.9403040409088135,1.908495539243662,1.9403040409088135,53400,0.0,0.0
1996-03-29 00:00:00-05:00,1.9403040409088135,2.003920316205845,1.908495539243662,1.9403040409088135,65700,0.0,0.0
1996-04-01 00:00:00-05:00,2.003920316205845,2.003920316205845,1.9403040409088135,1.9403040409088135,3600,0.0,0.0
1996-04-02 00:00:00-05:00,2.003919723907742,2.0357282161712646,1.9403034674137531,2.0357282161712646,119100,0.0,0.0
1996-04-03 00:00:00-05:00,1.9721116977061683,2.0993449687957764,1.9721116977061683,2.0993449687957764,183300,0.0,0.0
1996-04-04 00:00:00-05:00,2.0357286972675865,2.0993449687957764,2.0039201974868774,2.0993449687957764,23700,0.0,0.0
1996-04-08 00:00:00-04:00,2.0039189598707017,2.0675351921096388,2.0039189598707017,2.019822835922241,174600,0.0,0.0
1996-04-09 00:00:00-04:00,2.003919839859009,2.019823722894476,2.003919839859009,2.003919839859009,519000,0.0,0.0
1996-04-10 00:00:00-04:00,1.9721108675003052,2.0357278402806815,1.9721108675003052,1.9721108675003052,89700,0.0,0.0
1996-04-11 00:00:00-04:00,1.972111345754976,2.035728333963042,1.972111345754976,2.003919839859009,90600,0.0,0.0
1996-04-12 00:00:00-04:00,1.9721108675003052,2.0357278402806815,1.9721108675003052,1.9721108675003052,12900,0.0,0.0
1996-04-15 00:00:00-04:00,1.972111345754976,2.035728333963042,1.972111345754976,2.003919839859009,99900,0.0,0.0
1996-04-16 00:00:00-04:00,1.9721108675003052,1.9721108675003052,1.940303109143039,1.9721108675003052,55200,0.0,0.0
1996-04-17 00:00:00-04:00,2.003920316205845,2.003920316205845,1.9403040409088135,1.9403040409088135,14700,0.0,0.0
1996-04-18 00:00:00-04:00,1.940303109143039,2.003919353890493,1.940303109143039,1.9721108675003052,15300,0.0,0.0
1996-04-19 00:00:00-04:00,1.9601837174204206,1.9601837174204206,1.9403040409088135,1.9403040409088135,16800,0.0,0.0
1996-04-22 00:00:00-04:00,1.9721101954754687,1.9721101954754687,1.9403024479571487,1.9562063217163086,66600,0.0,0.0
1996-04-23 00:00:00-04:00,1.9403040409088135,2.003920316205845,1.9403040409088135,1.9403040409088135,110400,0.0,0.0
1996-04-24 00:00:00-04:00,2.003919839859009,2.003919839859009,1.9403035796840413,2.003919839859009,34800,0.0,0.0
1996-04-25 00:00:00-04:00,2.003920316205845,2.003920316205845,1.9403040409088135,1.9403040409088135,42600,0.0,0.0
1996-04-26 00:00:00-04:00,1.9403024479571487,2.0039186710264625,1.9403024479571487,1.9562063217163086,53400,0.0,0.0
1996-04-29 00:00:00-04:00,1.9403040409088135,1.9562079277247535,1.9403040409088135,1.9403040409088135,89700,0.0,0.0
1996-04-30 00:00:00-04:00,1.9403040409088135,1.9721118145406935,1.9403040409088135,1.9403040409088135,10500,0.0,0.0
1996-05-01 00:00:00-04:00,1.9562079277247535,2.003920316205845,1.9403040409088135,1.9403040409088135,34800,0.0,0.0
1996-05-02 00:00:00-04:00,2.003920316205845,2.003920316205845,1.9403040409088135,1.9403040409088135,25500,0.0,0.0
1996-05-03 00:00:00-04:00,1.9403040409088135,2.003920316205845,1.9403040409088135,1.9403040409088135,42600,0.0,0.0
1996-05-06 00:00:00-04:00,2.003919353890493,2.003919353890493,1.940303109143039,1.9721108675003052,63300,0.0,0.0
1996-05-07 00:00:00-04:00,1.9403040409088135,1.9721118145406935,1.9403040409088135,1.9403040409088135,18300,0.0,0.0
1996-05-08 00:00:00-04:00,1.9403040409088135,1.9721118145406935,1.9403040409088135,1.9403040409088135,152100,0.0,0.0
1996-05-09 00:00:00-04:00,1.9562079277247535,1.9721118145406935,1.9403040409088135,1.9403040409088135,49800,0.0,0.0
1996-05-10 00:00:00-04:00,1.9403035796840413,2.003919839859009,1.9403035796840413,2.003919839859009,59700,0.0,0.0
1996-05-13 00:00:00-04:00,2.0039186710264625,2.0039186710264625,1.9403024479571487,1.9562063217163086,126000,0.0,0.0
1996-05-14 00:00:00-04:00,1.9403040409088135,2.003920316205845,1.9403040409088135,1.9403040409088135,66600,0.0,0.0
1996-05-15 00:00:00-04:00,1.9403040409088135,1.9403040409088135,1.9403040409088135,1.9403040409088135,3600,0.0,0.0
1996-05-16 00:00:00-04:00,1.9403040409088135,2.003920316205845,1.9403040409088135,1.9403040409088135,62700,0.0,0.0
1996-05-17 00:00:00-04:00,1.9403024479571487,1.9562063217163086,1.9403024479571487,1.9562063217163086,91200,0.0,0.0
1996-05-20 00:00:00-04:00,1.9403040409088135,2.003920316205845,1.9403040409088135,1.9403040409088135,72300,0.0,0.0
1996-05-21 00:00:00-04:00,1.9403040409088135,2.003920316205845,1.9403040409088135,1.9403040409088135,22200,0.0,0.0
1996-05-22 00:00:00-04:00,1.9403040409088135,1.9562079277247535,1.9403040409088135,1.9403040409088135,9900,0.0,0.0
1996-05-23 00:00:00-04:00,2.003920316205845,2.003920316205845,1.9403040409088135,1.9403040409088135,28800,0.0,0.0
1996-05-24 00:00:00-04:00,2.003920316205845,2.003920316205845,1.9403040409088135,1.9403040409088135,12600,0.0,0.0
1996-05-28 00:00:00-04:00,1.9403031987819304,1.972110958608664,1.9084947109222412,1.9084947109222412,546300,0.0,0.0
1996-05-29 00:00:00-04:00,1.9084954305093318,1.9403039303622307,1.8766869306564329,1.876686930656433,51000,0.0,0.0
1996-05-30 00:00:00-04:00,1.8766870375785105,1.9403040409088135,1.8766870375785105,1.9403040409088135,67500,0.0,0.0
1996-05-31 00:00:00-04:00,1.9084947109222412,1.9403031987819304,1.9084947109222412,1.9084947109222412,71700,0.0,0.0
1996-06-03 00:00:00-04:00,1.9084947801693724,1.9403032691831894,1.9084947801693724,1.92439866065979,176400,0.0,0.0
1996-06-04 00:00:00-04:00,1.8766862911555555,1.9403032691831894,1.8766862911555555,1.92439866065979,79500,0.0,0.0
1996-06-05 00:00:00-04:00,1.9084945163062312,2.0039192421215426,1.9084945163062312,1.9601826667785645,217200,0.0,0.0
1996-06-06 00:00:00-04:00,1.972111345754976,2.035728333963042,1.972111345754976,2.003919839859009,95100,0.0,0.0
1996-06-07 00:00:00-04:00,2.035728333963042,2.035728333963042,2.003919839859009,2.003919839859009,73200,0.0,0.0
1996-06-10 00:00:00-04:00,2.003920316205845,2.0357288178709965,1.9403040409088135,1.9403040409088135,52200,0.0,0.0
1996-06-11 00:00:00-04:00,1.9562079277247535,2.003920316205845,1.9403040409088135,1.9403040409088135,20700,0.0,0.0
1996-06-12 00:00:00-04:00,2.003920316205845,2.003920316205845,1.9403040409088135,1.9403040409088135,31500,0.0,0.0
1996-06-13 00:00:00-04:00,1.9403040409088135,1.9721118145406935,1.9403040409088135,1.9403040409088135,22800,0.0,0.0
1996-06-14 00:00:00-04:00,1.9403031987819304,1.9403031987819304,1.9084947109222412,1.9084947109222412,24900,0.0,0.0
1996-06-17 00:00:00-04:00,1.8766869306564329,1.9721117021818995,1.8766869306564329,1.876686930656433,66000,0.0,0.0
1996-06-18 00:00:00-04:00,1.8766869306564329,1.9403039303622307,1.8766869306564329,1.876686930656433,81300,0.0,0.0
1996-06-19 00:00:00-04:00,1.9403039303622307,1.9403039303622307,1.8766869306564329,1.876686930656433,87600,0.0,0.0
1996-06-20 00:00:00-04:00,1.8766869306564329,1.8766869306564329,1.8766869306564329,1.876686930656433,20400,0.0,0.0
1996-06-21 00:00:00-04:00,1.8766865084476467,1.9403034938411714,1.8766865084476467,1.892591118812561,28500,0.0,0.0
1996-06-24 00:00:00-04:00,1.8766869306564329,1.9084954305093318,1.8766869306564329,1.876686930656433,28800,0.0,0.0
1996-06-25 00:00:00-04:00,1.8766869306564329,1.9403039303622307,1.8766869306564329,1.876686930656433,25200,0.0,0.0
1996-06-26 00:00:00-04:00,1.8766869306564329,1.8766869306564329,1.8766869306564329,1.876686930656433,3300,0.0,0.0
1996-06-27 00:00:00-04:00,1.8766869306564329,1.8766869306564329,1.8766869306564329,1.876686930656433,7200,0.0,0.0
1996-06-28 00:00:00-04:00,1.8766869306564329,1.9084954305093318,1.8448791588367641,1.876686930656433,89100,0.0,0.0
1996-07-01 00:00:00-04:00,1.8448787927627563,1.9084950518121322,1.8448787927627563,1.8448787927627563,24900,0.0,0.0
1996-07-02 00:00:00-04:00,1.8766862230625518,1.9084947109222412,1.8766862230625518,1.9084947109222412,50100,0.0,0.0
1996-07-03 00:00:00-04:00,1.8766870375785105,1.9403040409088135,1.8448792639466305,1.9403040409088135,174600,0.0,0.0
1996-07-05 00:00:00-04:00,1.8766869306564329,1.8925915445994974,1.8766869306564329,1.876686930656433,12900,0.0,0.0
1996-07-08 00:00:00-04:00,1.8607820617525201,1.908494422310277,1.8130697011947632,1.8130697011947632,70200,0.0,0.0
1996-07-09 00:00:00-04:00,1.8130705967927592,1.8607829809188843,1.8130705967927592,1.8607829809188843,73500,0.0,0.0
1996-07-10 00:00:00-04:00,1.8448787927627563,1.8766865582709014,1.8448787927627563,1.8448787927627563,12600,0.0,0.0
1996-07-11 00:00:00-04:00,1.8130697011947632,1.8448781842442163,1.78126121814531,1.8130697011947632,92400,0.0,0.0
1996-07-12 00:00:00-04:00,1.8130700327342595,1.8130700327342595,1.7494537830352783,1.7494537830352783,124500,0.0,0.0
1996-07-15 00:00:00-04:00,1.7494537830352783,1.8130700327342595,1.7494537830352783,1.7494537830352783,10200,0.0,0.0
1996-07-16 00:00:00-04:00,1.7494546786792606,1.8130709609469853,1.7494546786792606,1.765358567237854,90300,0.0,0.0
1996-07-17 00:00:00-04:00,1.7176452941692986,1.8130700327342595,1.7176452941692986,1.7494537830352783,126000,0.0,0.0
1996-07-18 00:00:00-04:00,1.7176446914672852,1.7494531691720316,1.7176446914672852,1.7176446914672852,29400,0.0,0.0
1996-07-19 00:00:00-04:00,1.7494537830352783,1.7812615438682797,1.7494537830352783,1.7494537830352783,23400,0.0,0.0
1996-07-22 00:00:00-04:00,1.7494537830352783,1.8130700327342595,1.7494537830352783,1.7494537830352783,80100,0.0,0.0
1996-07-23 00:00:00-04:00,1.8130700327342595,1.8130700327342595,1.7494537830352783,1.7494537830352783,67800,0.0,0.0
1996-07-24 00:00:00-04:00,1.7494546786792606,1.8130709609469853,1.7494546786792606,1.765358567237854,178200,0.0,0.0
1996-07-25 00:00:00-04:00,1.7812615633010864,1.7812615633010864,1.7812615633010864,1.7812615633010864,13500,0.0,0.0
1996-07-26 00:00:00-04:00,1.78126121814531,1.8607820617525201,1.78126121814531,1.8130697011947632,66000,0.0,0.0
1996-07-29 00:00:00-04:00,1.876685939260824,1.876685939260824,1.7971658236864594,1.8130697011947632,13200,0.0,0.0
1996-07-30 00:00:00-04:00,1.7812615633010864,1.8528301180055897,1.7812615633010864,1.7812615633010864,4500,0.0,0.0
1996-07-31 00:00:00-04:00,1.8448791588367641,1.8766869306564329,1.8130706589838652,1.876686930656433,6000,0.0,0.0
1996-08-01 00:00:00-04:00,1.8130697011947632,1.876685939260824,1.8130697011947632,1.8130697011947632,33600,0.0,0.0
1996-08-02 00:00:00-04:00,1.8130706589838652,1.8766869306564329,1.8130706589838652,1.876686930656433,137700,0.0,0.0
1996-08-05 00:00:00-04:00,1.8766865084476467,1.892591118812561,1.8766865084476467,1.892591118812561,65400,0.0,0.0
1996-08-06 00:00:00-04:00,1.9084954305093318,1.9084954305093318,1.8766869306564329,1.876686930656433,7500,0.0,0.0
1996-08-07 00:00:00-04:00,1.9084939724061547,1.9562063217163086,1.876685496855161,1.9562063217163086,150600,0.0,0.0
1996-08-08 00:00:00-04:00,1.9084947109222412,1.9243985908356078,1.9084947109222412,1.9084947109222412,41400,0.0,0.0
1996-08-09 00:00:00-04:00,1.9084949751502305,2.0357282161712646,1.9084949751502305,2.0357282161712646,138000,0.0,0.0
1996-08-12 00:00:00-04:00,2.0357282161712646,2.0357282161712646,2.003919723907742,2.0357282161712646,41400,0.0,0.0
1996-08-13 00:00:00-04:00,2.019823606022975,2.0516320982864977,2.003919723907742,2.0357282161712646,302700,0.0,0.0
1996-08-14 00:00:00-04:00,2.0357282161712646,2.067535980401731,2.0357282161712646,2.0357282161712646,57900,0.0,0.0
1996-08-15 00:00:00-04:00,2.035728333963042,2.0675361000339763,2.003919839859009,2.003919839859009,83400,0.0,0.0
1996-08-16 00:00:00-04:00,2.003919723907742,2.0516320982864977,2.003919723907742,2.0357282161712646,63300,0.0,0.0
1996-08-19 00:00:00-04:00,2.0039189598707017,2.0357274400065597,1.9721104797348437,2.019822835922241,99300,0.0,0.0
1996-08-20 00:00:00-04:00,2.0357278402806815,2.0357278402806815,1.9721108675003052,1.9721108675003052,57000,0.0,0.0
1996-08-21 00:00:00-04:00,1.972111345754976,2.035728333963042,1.972111345754976,2.003919839859009,16800,0.0,0.0
1996-08-22 00:00:00-04:00,1.9721112316442195,2.0357282161712646,1.9721112316442195,2.0357282161712646,74400,0.0,0.0
1996-08-23 00:00:00-04:00,2.0357282161712646,2.0357282161712646,2.003919723907742,2.0357282161712646,33900,0.0,0.0
1996-08-26 00:00:00-04:00,2.003919839859009,2.003919839859009,2.003919839859009,2.003919839859009,4200,0.0,0.0
1996-08-27 00:00:00-04:00,2.003919723907742,2.0357282161712646,2.003919723907742,2.0357282161712646,9300,0.0,0.0
1996-08-28 00:00:00-04:00,2.0516319959061837,2.067535877227783,2.0039196239083656,2.067535877227783,101100,0.0,0.0
1996-08-29 00:00:00-04:00,2.067535877227783,2.067535877227783,2.0039196239083656,2.067535877227783,63900,0.0,0.0
1996-08-30 00:00:00-04:00,2.003919723907742,2.067535980401731,2.003919723907742,2.0357282161712646,28500,0.0,0.0
1996-09-03 00:00:00-04:00,2.0675355986379476,2.0675355986379476,1.9721108675003052,1.9721108675003052,7200,0.0,0.0
1996-09-04 00:00:00-04:00,2.067535980401731,2.067535980401731,1.9721112316442195,2.0357282161712646,15900,0.0,0.0
1996-09-05 00:00:00-04:00,1.9721104797348437,2.0357274400065597,1.9721104797348437,2.019822835922241,39900,0.0,0.0
1996-09-06 00:00:00-04:00,2.067535877227783,2.099344367904002,1.9721111332321468,2.067535877227783,98700,0.0,0.0
1996-09-09 00:00:00-04:00,2.0357281145845842,2.067535877227783,2.0357281145845842,2.067535877227783,111000,0.0,0.0
1996-09-10 00:00:00-04:00,2.0516320982864977,2.067535980401731,2.0357282161712646,2.0357282161712646,87900,0.0,0.0
1996-09-11 00:00:00-04:00,2.0357282161712646,2.0516320982864977,2.0357282161712646,2.0357282161712646,56100,0.0,0.0
1996-09-12 00:00:00-04:00,2.0357281886412237,2.147056818008423,2.0357281886412237,2.147056818008423,224100,0.0,0.0
1996-09-13 00:00:00-04:00,2.1311534685764855,2.162961240323966,2.0993449687957764,2.0993449687957764,54900,0.0,0.0
1996-09-16 00:00:00-04:00,2.0993449687957764,2.162961240323966,2.0993449687957764,2.0993449687957764,79800,0.0,0.0
1996-09-17 00:00:00-04:00,2.0993449687957764,2.162961240323966,2.0993449687957764,2.0993449687957764,81600,0.0,0.0
1996-09-18 00:00:00-04:00,2.099344423967385,2.099344423967385,2.0675359324417144,2.0834405422210693,109800,0.0,0.0
1996-09-19 00:00:00-04:00,2.1311534685764855,2.1311534685764855,2.0675364690150673,2.0993449687957764,48000,0.0,0.0
1996-09-20 00:00:00-04:00,2.067535886629161,2.131152868270874,2.067535886629161,2.131152868270874,36600,0.0,0.0
1996-09-23 00:00:00-04:00,2.083440496056101,2.131152868270874,2.083440496056101,2.131152868270874,3600,0.0,0.0
1996-09-24 00:00:00-04:00,2.0675359324417144,2.1311529154930553,2.0675359324417144,2.0834405422210693,27000,0.0,0.0
1996-09-25 00:00:00-04:00,2.067535877227783,2.067535877227783,2.067535877227783,2.067535877227783,10800,0.0,0.0
1996-09-26 00:00:00-04:00,2.0675342010311804,2.1311511308079387,2.0675342010311804,2.115246534347534,36600,0.0,0.0
1996-09-27 00:00:00-04:00,2.131152868270874,2.131152868270874,2.0993443774500173,2.131152868270874,9600,0.0,0.0
1996-09-30 00:00:00-04:00,2.131152868270874,2.162960631058707,2.0993443774500173,2.131152868270874,45000,0.0,0.0
1996-10-01 00:00:00-04:00,2.0993447415233772,2.162961006164551,2.0993447415233772,2.162961006164551,30900,0.0,0.0
1996-10-02 00:00:00-04:00,2.0993447415233772,2.162961006164551,2.0993447415233772,2.162961006164551,39900,0.0,0.0
1996-10-03 00:00:00-04:00,2.1311532378605387,2.1947695025017127,2.1311532378605387,2.162961006164551,21600,0.0,0.0
1996-10-04 00:00:00-04:00,2.1311535843304465,2.226578360822358,2.1311535843304465,2.194769859313965,102600,0.0,0.0
1996-10-07 00:00:00-04:00,2.194768469879631,2.2583847045898438,2.194768469879631,2.2583847045898438,42000,0.0,0.0
1996-10-08 00:00:00-04:00,2.2583850400148315,2.2901935261106736,2.2265772819519043,2.2265772819519043,78000,0.0,0.0
1996-10-09 00:00:00-04:00,2.226577080906054,2.322001802544416,2.226577080906054,2.2901933193206787,53100,0.0,0.0
1996-10-10 00:00:00-04:00,2.2901933193206787,2.322001802544416,2.258384836096942,2.2901933193206787,26400,0.0,0.0
1996-10-11 00:00:00-04:00,2.226576951251141,2.290193185961354,2.226576951251141,2.2583847045898438,31800,0.0,0.0
1996-10-14 00:00:00-04:00,2.25838594821567,2.2901944471031728,2.25838594821567,2.2742905616760254,17100,0.0,0.0
1996-10-15 00:00:00-04:00,2.25838450022805,2.3220014572143555,2.25838450022805,2.3220014572143555,55800,0.0,0.0
1996-10-16 00:00:00-04:00,2.2583858406895727,2.32200283543565,2.2583858406895727,2.306098222732544,179400,0.0,0.0
1996-10-17 00:00:00-04:00,2.258384836096942,2.306097196916123,2.258384836096942,2.2901933193206787,105600,0.0,0.0
1996-10-18 00:00:00-04:00,2.322001667332864,2.322001667332864,2.2583847045898438,2.2583847045898438,9000,0.0,0.0
1996-10-21 00:00:00-04:00,2.322002945990675,2.322002945990675,2.25838594821567,2.2742905616760254,85800,0.0,0.0
1996-10-22 00:00:00-04:00,2.2583847045898438,2.290193185961354,2.2583847045898438,2.2583847045898438,74400,0.0,0.0
1996-10-23 00:00:00-04:00,2.258384836096942,2.2901933193206787,2.258384836096942,2.2901933193206787,83700,0.0,0.0
1996-10-24 00:00:00-04:00,2.290193185961354,2.290193185961354,2.2583847045898438,2.2583847045898438,66600,0.0,0.0
1996-10-25 00:00:00-04:00,2.258384836096942,2.306097196916123,2.258384836096942,2.2901933193206787,10200,0.0,0.0
1996-10-28 00:00:00-05:00,2.2901931237084803,2.353809356689453,2.2901931237084803,2.353809356689453,141600,0.0,0.0
1996-10-29 00:00:00-05:00,2.32200160421536,2.353809356689453,2.32200160421536,2.353809356689453,116700,0.0,0.0
1996-10-30 00:00:00-05:00,2.3220027151983973,2.3538104828912023,2.3220027151983973,2.3379065990448,284400,0.0,0.0
1996-10-31 00:00:00-05:00,2.3538100823616084,2.4174270629882812,2.3538100823616084,2.4174270629882812,158700,0.0,0.0
1996-11-01 00:00:00-05:00,2.3538100823616084,2.4174270629882812,2.3538100823616084,2.4174270629882812,117300,0.0,0.0
1996-11-04 00:00:00-05:00,2.3856189385321422,2.449235200881958,2.3538104433406724,2.449235200881958,332400,0.0,0.0
1996-11-05 00:00:00-05:00,2.4492340701773063,2.4492340701773063,2.353809356689453,2.353809356689453,51900,0.0,0.0
1996-11-06 00:00:00-05:00,2.449235200881958,2.481043696073428,2.3538104433406724,2.449235200881958,260700,0.0,0.0
1996-11-07 00:00:00-05:00,2.4333304992088904,2.5128513464358266,2.3856181364793043,2.4810428619384766,337200,0.0,0.0
1996-11-08 00:00:00-05:00,2.4174267462645647,2.5128514766693115,2.4015221391751624,2.5128514766693115,1506300,0.0,0.0
1996-11-11 00:00:00-05:00,2.4174274337236117,2.5128521912648973,2.4174274337236117,2.449235200881958,15900,0.0,0.0
1996-11-12 00:00:00-05:00,2.481043989755545,2.481043989755545,2.4015231063805156,2.4651401042938232,497100,0.0,0.0
1996-11-13 00:00:00-05:00,2.481043696073428,2.481043696073428,2.4174274337236117,2.449235200881958,9000,0.0,0.0
1996-11-14 00:00:00-05:00,2.4174277198754472,2.5128524887121992,2.4174277198754472,2.4651401042938232,84600,0.0,0.0
1996-11-15 00:00:00-05:00,2.4174267462645647,2.5128514766693115,2.4174267462645647,2.5128514766693115,186300,0.0,0.0
1996-11-18 00:00:00-05:00,2.5128514766693115,2.544659234782283,2.4810429905234237,2.5128514766693115,127200,0.0,0.0
1996-11-19 00:00:00-05:00,2.512852322579614,2.5446600914001465,2.512852322579614,2.5446600914001465,72300,0.0,0.0
1996-11-20 00:00:00-05:00,2.5128514766693115,2.544659234782283,2.5048991731246106,2.5128514766693115,801600,0.0,0.0
1996-11-21 00:00:00-05:00,2.5128514766693115,2.544659234782283,2.5128514766693115,2.5128514766693115,189000,0.0,0.0
1996-11-22 00:00:00-05:00,2.5128515074193274,2.576467752456665,2.5128515074193274,2.576467752456665,315600,0.0,0.0
1996-11-25 00:00:00-05:00,2.544659623593937,2.6400843685791227,2.5128518606208936,2.608276605606079,198000,0.0,0.0
1996-11-26 00:00:00-05:00,2.6082765049174452,2.7037012462189005,2.6082765049174452,2.6400842666625977,195900,0.0,0.0
1996-11-27 00:00:00-05:00,2.6400842666625977,2.6400842666625977,2.576468015139294,2.6400842666625977,194100,0.0,0.0
1996-11-29 00:00:00-05:00,2.6400832379261954,2.6400832379261954,2.60827548857527,2.6241793632507324,41100,0.0,0.0
1996-12-02 00:00:00-05:00,2.6718928595851934,2.6718928595851934,2.576468114600008,2.608276605606079,71700,0.0,0.0
1996-12-03 00:00:00-05:00,2.576467752456665,2.608276238991796,2.576467752456665,2.576467752456665,153300,0.0,0.0
1996-12-04 00:00:00-05:00,2.608277085107534,2.608277085107534,2.5446600914001465,2.5446600914001465,60600,0.0,0.0
1996-12-05 00:00:00-05:00,2.5446592659215335,2.608276238991796,2.5446592659215335,2.576467752456665,54000,0.0,0.0
1996-12-06 00:00:00-05:00,2.544659234782283,2.544659234782283,2.5128514766693115,2.5128514766693115,43200,0.0,0.0
1996-12-09 00:00:00-05:00,2.5128514766693115,2.576467720928171,2.5128514766693115,2.5128514766693115,22200,0.0,0.0
1996-12-10 00:00:00-05:00,2.544659906685925,2.5764684012306733,2.512852140174285,2.5605645179748535,121500,0.0,0.0
1996-12-11 00:00:00-05:00,2.544659234782283,2.544659234782283,2.5128514766693115,2.5128514766693115,2700,0.0,0.0
1996-12-12 00:00:00-05:00,2.560564703843574,2.560564703843574,2.512852322579614,2.5446600914001465,138900,0.0,0.0
1996-12-13 00:00:00-05:00,2.5128514766693115,2.544659234782283,2.5128514766693115,2.5128514766693115,34500,0.0,0.0
1996-12-16 00:00:00-05:00,2.544659906685925,2.5764684012306733,2.544659906685925,2.5605645179748535,176100,0.0,0.0
1996-12-17 00:00:00-05:00,2.528755355725797,2.576467720928171,2.5128514766693115,2.5128514766693115,36300,0.0,0.0
1996-12-18 00:00:00-05:00,2.576467752456665,2.576467752456665,2.5128515074193274,2.576467752456665,77700,0.0,0.0
1996-12-19 00:00:00-05:00,2.5446592659215335,2.608276238991796,2.5128515074193274,2.576467752456665,115800,0.0,0.0
1996-12-20 00:00:00-05:00,2.592371631707768,2.608276238991796,2.576467752456665,2.576467752456665,99900,0.0,0.0
1996-12-23 00:00:00-05:00,2.576468114600008,2.608276605606079,2.576468114600008,2.608276605606079,33300,0.0,0.0
1996-12-24 00:00:00-05:00,2.608276238991796,2.608276238991796,2.576467752456665,2.576467752456665,15900,0.0,0.0
1996-12-26 00:00:00-05:00,2.576467752456665,2.608276238991796,2.576467752456665,2.576467752456665,52500,0.0,0.0
1996-12-27 00:00:00-05:00,2.576468114600008,2.608276605606079,2.576468114600008,2.608276605606079,21900,0.0,0.0
1996-12-30 00:00:00-05:00,2.608276309910688,2.608276309910688,2.5764678225106854,2.592371702194214,153600,0.0,0.0
1996-12-31 00:00:00-05:00,2.5764678225106854,2.608276309910688,2.5764678225106854,2.592371702194214,147000,0.0,0.0
1997-01-02 00:00:00-05:00,2.5764667562076022,2.7036999251176246,2.5764667562076022,2.671891450881958,619200,0.0,0.0
1997-01-03 00:00:00-05:00,2.7037007808685303,2.735508537139056,2.64008381226173,2.7037007808685303,87600,0.0,0.0
1997-01-06 00:00:00-05:00,2.7355092035501314,2.926358699798584,2.6718929474783315,2.926358699798584,303900,0.0,0.0
1997-01-07 00:00:00-05:00,2.9581671918510097,2.9581671918510097,2.830933951674358,2.926358699798584,1742400,0.0,0.0
1997-01-08 00:00:00-05:00,2.92635819221141,2.92635819221141,2.8627419471740723,2.8627419471740723,177300,0.0,0.0
1997-01-09 00:00:00-05:00,2.92635819221141,2.92635819221141,2.8627419471740723,2.8627419471740723,804000,0.0,0.0
1997-01-10 00:00:00-05:00,2.862742491473835,2.9263587486066767,2.862742491473835,2.8786463737487793,135300,0.0,0.0
1997-01-13 00:00:00-05:00,2.878645826425175,2.92635819221141,2.8627419471740723,2.8627419471740723,321900,0.0,0.0
1997-01-14 00:00:00-05:00,2.926358562854359,2.926358562854359,2.862742309759596,2.8945508003234863,772200,0.0,0.0
1997-01-15 00:00:00-05:00,2.8945508003234863,2.8945508003234863,2.862742309759596,2.8945508003234863,39900,0.0,0.0
1997-01-16 00:00:00-05:00,2.8945504337092034,2.92635819221141,2.8627419471740723,2.8627419471740723,143100,0.0,0.0
1997-01-17 00:00:00-05:00,2.862742491473835,2.9263587486066767,2.862742491473835,2.8786463737487793,57900,0.0,0.0
1997-01-20 00:00:00-05:00,2.926358699798584,2.926358699798584,2.8627424437267837,2.926358699798584,114600,0.0,0.0
1997-01-21 00:00:00-05:00,2.894550984056788,2.9263587486066767,2.862742491473835,2.8786463737487793,277500,0.0,0.0
1997-01-22 00:00:00-05:00,2.862742309759596,2.926358562854359,2.862742309759596,2.8945508003234863,334500,0.0,0.0
1997-01-23 00:00:00-05:00,2.926358699798584,2.926358699798584,2.8627424437267837,2.926358699798584,101100,0.0,0.0
1997-01-24 00:00:00-05:00,2.8627423317201677,2.989975566918738,2.8627423317201677,2.95816707611084,323100,0.0,0.0
1997-01-27 00:00:00-05:00,2.894550822528066,2.95816707611084,2.894550822528066,2.95816707611084,168300,0.0,0.0
1997-01-28 00:00:00-05:00,2.8945509357792094,2.9581671918510097,2.8945509357792094,2.926358699798584,22500,0.0,0.0
1997-01-29 00:00:00-05:00,2.958166864448697,3.0217831134796143,2.89455061541778,3.0217831134796143,96900,0.0,0.0
1997-01-30 00:00:00-05:00,3.021782914653298,3.021782914653298,2.958166669808182,2.9740705490112305,110700,0.0,0.0
1997-01-31 00:00:00-05:00,2.95816707611084,2.989975566918738,2.95816707611084,2.95816707611084,345900,0.0,0.0
1997-02-03 00:00:00-05:00,2.958166864448697,3.0217831134796143,2.958166864448697,3.0217831134796143,355200,0.0,0.0
1997-02-04 00:00:00-05:00,2.95816707611084,3.0217833296936134,2.95816707611084,2.95816707611084,296100,0.0,0.0
1997-02-05 00:00:00-05:00,2.958166669808182,3.021782914653298,2.958166669808182,2.9740705490112305,163800,0.0,0.0
1997-02-06 00:00:00-05:00,2.958166491068861,3.0217827320701347,2.958166491068861,2.9899749755859375,105600,0.0,0.0
1997-02-07 00:00:00-05:00,2.95816707611084,3.0217833296936134,2.95816707611084,2.95816707611084,9600,0.0,0.0
1997-02-10 00:00:00-05:00,2.95816707611084,3.0217833296936134,2.95816707611084,2.95816707611084,10200,0.0,0.0
1997-02-11 00:00:00-05:00,2.95816707611084,3.0217833296936134,2.95816707611084,2.95816707611084,15000,0.0,0.0
1997-02-12 00:00:00-05:00,2.9581683725118637,3.053593158721924,2.9581683725118637,3.053593158721924,81900,0.0,0.0
1997-02-13 00:00:00-05:00,2.9899761128220788,3.053592378019772,2.9899761128220788,3.0376884937286377,87300,0.0,0.0
1997-02-14 00:00:00-05:00,3.0217826019870295,3.0853995682825697,3.0217826019870295,3.0694949626922607,94800,0.0,0.0
1997-02-18 00:00:00-05:00,3.0535916020115583,3.0854000905435024,3.0217831134796143,3.0217831134796143,102300,0.0,0.0
1997-02-19 00:00:00-05:00,3.0854016634697246,3.0854016634697246,3.021784653974123,3.053593158721924,37500,0.0,0.0
1997-02-20 00:00:00-05:00,3.053593158721924,3.0854016634697246,3.021784653974123,3.053593158721924,176400,0.0,0.0
1997-02-21 00:00:00-05:00,3.0854000905435024,3.0854000905435024,3.0217831134796143,3.0217831134796143,32100,0.0,0.0
1997-02-24 00:00:00-05:00,3.0535916020115583,3.0535916020115583,2.989975352980641,3.0217831134796143,169200,0.0,0.0
1997-02-25 00:00:00-05:00,3.021784653974123,3.053593158721924,3.021784653974123,3.053593158721924,55200,0.0,0.0
1997-02-26 00:00:00-05:00,3.0535916020115583,3.0854000905435024,3.0217831134796143,3.0217831134796143,198000,0.0,0.0
1997-02-27 00:00:00-05:00,3.021784653974123,3.0854016634697246,3.021784653974123,3.053593158721924,39600,0.0,0.0
1997-02-28 00:00:00-05:00,3.053593158721924,3.053593158721924,3.021784653974123,3.053593158721924,85200,0.0,0.0
1997-03-03 00:00:00-05:00,3.0217831271705835,3.085400104522705,3.0217831271705835,3.085400104522705,134700,0.0,0.0
1997-03-04 00:00:00-05:00,3.0217831134796143,3.0535916020115583,3.0217831134796143,3.0217831134796143,108900,0.0,0.0
1997-03-05 00:00:00-05:00,3.0854000905435024,3.0854000905435024,3.0217831134796143,3.0217831134796143,33300,0.0,0.0
1997-03-06 00:00:00-05:00,3.0217831134796143,3.0217831134796143,3.0217831134796143,3.0217831134796143,300,0.0,0.0
1997-03-07 00:00:00-05:00,3.021784653974123,3.0854016634697246,3.021784653974123,3.053593158721924,45900,0.0,0.0
1997-03-10 00:00:00-05:00,3.053593158721924,3.0854016634697246,3.053593158721924,3.053593158721924,15300,0.0,0.0
1997-03-11 00:00:00-05:00,3.0854016634697246,3.0854016634697246,3.021784653974123,3.053593158721924,234900,0.0,0.0
1997-03-12 00:00:00-05:00,3.0535916020115583,3.0854000905435024,3.0217831134796143,3.0217831134796143,62100,0.0,0.0
1997-03-13 00:00:00-05:00,3.0217831134796143,3.0535916020115583,3.0217831134796143,3.0217831134796143,67500,0.0,0.0
1997-03-14 00:00:00-05:00,2.9899749755859375,3.053591216587211,2.9899749755859375,2.9899749755859375,71400,0.0,0.0
1997-03-17 00:00:00-05:00,2.9899749755859375,3.053591216587211,2.9899749755859375,2.9899749755859375,6600,0.0,0.0
1997-03-18 00:00:00-05:00,2.9899749755859375,3.053591216587211,2.9899749755859375,2.9899749755859375,11100,0.0,0.0
1997-03-19 00:00:00-05:00,2.9899749755859375,3.0376873383451124,2.9899749755859375,2.9899749755859375,15000,0.0,0.0
1997-03-20 00:00:00-05:00,2.989975352980641,3.0217831134796143,2.989975352980641,3.0217831134796143,22800,0.0,0.0
1997-03-21 00:00:00-05:00,2.989975352980641,3.0217831134796143,2.989975352980641,3.0217831134796143,2100,0.0,0.0
1997-03-24 00:00:00-05:00,2.989975566918738,2.989975566918738,2.95816707611084,2.95816707611084,11700,0.0,0.0
1997-03-25 00:00:00-05:00,2.958166864448697,3.0217831134796143,2.958166864448697,3.0217831134796143,37500,0.0,0.0
1997-03-26 00:00:00-05:00,2.97407036931096,2.9899749755859375,2.958166491068861,2.9899749755859375,48000,0.0,0.0
1997-03-27 00:00:00-05:00,2.958166491068861,2.9899749755859375,2.958166491068861,2.9899749755859375,23700,0.0,0.0
1997-03-31 00:00:00-05:00,2.9581671918510097,2.9899756839034355,2.8945509357792094,2.926358699798584,227100,0.0,0.0
1997-04-01 00:00:00-05:00,2.862742491473835,2.894550984056788,2.862742491473835,2.8786463737487793,123000,0.0,0.0
1997-04-02 00:00:00-05:00,2.878645826425175,2.8945504337092034,2.8627419471740723,2.8627419471740723,171900,0.0,0.0
1997-04-03 00:00:00-05:00,2.7991256713867188,2.8309334295394986,2.7991256713867188,2.7991256713867188,36000,0.0,0.0
1997-04-04 00:00:00-05:00,2.7991256713867188,2.8627419157251954,2.7673171852010223,2.7991256713867188,100500,0.0,0.0
1997-04-07 00:00:00-04:00,2.7673170902866913,2.8627418175379566,2.7673170902866913,2.8309333324432373,73500,0.0,0.0
1997-04-08 00:00:00-04:00,2.8627419157251954,2.8627419157251954,2.7991256713867188,2.7991256713867188,15300,0.0,0.0
1997-04-09 00:00:00-04:00,2.7991255753814106,2.8309333324432373,2.7991255753814106,2.8309333324432373,46500,0.0,0.0
1997-04-10 00:00:00-04:00,2.8309334295394986,2.8309334295394986,2.7991256713867188,2.7991256713867188,51600,0.0,0.0
1997-04-11 00:00:00-04:00,2.767317021442456,2.767317021442456,2.7037007808685303,2.7037007808685303,35400,0.0,0.0
1997-04-14 00:00:00-04:00,2.7355085719477286,2.767317056655884,2.7037008152724566,2.767317056655884,39900,0.0,0.0
1997-04-15 00:00:00-04:00,2.767317587329495,2.95816707611084,2.7037013337467215,2.95816707611084,270000,0.0,0.0
1997-04-16 00:00:00-04:00,2.8627419471740723,2.8627419471740723,2.8627419471740723,2.8627419471740723,17100,0.0,0.0
1997-04-17 00:00:00-04:00,2.862742309759596,2.9581670534182494,2.862742309759596,2.8945508003234863,86700,0.0,0.0
1997-04-18 00:00:00-04:00,2.862742309759596,2.8945508003234863,2.862742309759596,2.8945508003234863,47400,0.0,0.0
1997-04-21 00:00:00-04:00,2.8627419471740723,2.92635819221141,2.8627419471740723,2.8627419471740723,64500,0.0,0.0
1997-04-22 00:00:00-04:00,2.9263583759167533,3.0217831134796143,2.89455061541778,3.0217831134796143,103800,0.0,0.0
1997-04-23 00:00:00-04:00,2.95816707611084,3.053591820501512,2.95816707611084,2.95816707611084,71100,0.0,0.0
1997-04-24 00:00:00-04:00,2.958166864448697,3.0217831134796143,2.958166864448697,3.0217831134796143,383400,0.0,0.0
1997-04-25 00:00:00-04:00,2.9899768772596644,3.1172094401841832,2.9899768772596644,3.053593158721924,119700,0.0,0.0
1997-04-28 00:00:00-04:00,3.0535916020115583,3.0854000905435024,3.0217831134796143,3.0217831134796143,36900,0.0,0.0
1997-04-29 00:00:00-04:00,3.085400104522705,3.085400104522705,3.0217831271705835,3.085400104522705,75900,0.0,0.0
1997-04-30 00:00:00-04:00,3.0535910851347996,3.101303445840031,3.0535910851347996,3.0694949626922607,287700,0.0,0.0
1997-05-01 00:00:00-04:00,3.0535910851347996,3.0853995682825697,3.0535910851347996,3.0694949626922607,101700,0.0,0.0
1997-05-02 00:00:00-04:00,3.0853995682825697,3.0853995682825697,3.0535910851347996,3.0694949626922607,103500,0.0,0.0
1997-05-05 00:00:00-04:00,3.0535914103190103,3.1490161418914795,3.0535914103190103,3.1490161418914795,34800,0.0,0.0
1997-05-06 00:00:00-04:00,3.085399896854142,3.1490161418914795,3.085399896854142,3.1490161418914795,12000,0.0,0.0
1997-05-07 00:00:00-04:00,3.085400104522705,3.1172078651657915,3.085400104522705,3.085400104522705,99000,0.0,0.0
1997-05-08 00:00:00-04:00,3.085400104522705,3.1172078651657915,3.0535916158466443,3.085400104522705,67200,0.0,0.0
1997-05-09 00:00:00-04:00,3.0535905840808,3.1172068119049072,3.0535905840808,3.1172068119049072,8100,0.0,0.0
1997-05-12 00:00:00-04:00,3.149015806545262,3.149015806545262,3.0694949626922607,3.0694949626922607,1800,0.0,0.0
1997-05-13 00:00:00-04:00,3.1490160219642176,3.1490160219642176,3.1052794456481934,3.1052794456481934,2400,0.0,0.0
1997-05-14 00:00:00-04:00,3.053591304505058,3.244440761036624,3.053591304505058,3.1808245182037354,328800,0.0,0.0
1997-05-15 00:00:00-04:00,3.1490168762009354,3.276250123977661,3.1490168762009354,3.276250123977661,79800,0.0,0.0
1997-05-16 00:00:00-04:00,3.2126322756037298,3.244440761036624,3.149016032770841,3.1808245182037354,1187700,0.0,0.0
1997-05-19 00:00:00-04:00,3.1808251309882456,3.2762498776375626,3.1808251309882456,3.212632894515991,20700,0.0,0.0
1997-05-20 00:00:00-04:00,3.1808245182037354,3.2762492464695185,3.1808245182037354,3.1808245182037354,38100,0.0,0.0
1997-05-21 00:00:00-04:00,3.2444398903435845,3.339864593000749,3.2126314134469616,3.308056116104126,157800,0.0,0.0
1997-05-22 00:00:00-04:00,3.244441032409668,3.308057280563576,3.244441032409668,3.244441032409668,33300,0.0,0.0
1997-05-23 00:00:00-04:00,3.308057280563576,3.308057280563576,3.244441032409668,3.244441032409668,19800,0.0,0.0
1997-05-27 00:00:00-04:00,3.244441630025206,3.276250123977661,3.244441630025206,3.276250123977661,5400,0.0,0.0
1997-05-28 00:00:00-04:00,3.244441032409668,3.308057280563576,3.244441032409668,3.244441032409668,28500,0.0,0.0
1997-05-29 00:00:00-04:00,3.308057641165308,3.308057641165308,3.212632894515991,3.212632894515991,71100,0.0,0.0
1997-05-30 00:00:00-04:00,3.2126331360727507,3.276250123977661,3.2126331360727507,3.276250123977661,59400,0.0,0.0
1997-06-02 00:00:00-04:00,3.244441630025206,3.276250123977661,3.244441630025206,3.276250123977661,43800,0.0,0.0
1997-06-03 00:00:00-04:00,3.3080566255681,3.3080566255681,3.2444403900102112,3.2603442668914795,13200,0.0,0.0
1997-06-04 00:00:00-04:00,3.244441032409668,3.244441032409668,3.244441032409668,3.244441032409668,13800,0.0,0.0
1997-06-05 00:00:00-04:00,3.244441032409668,3.244441032409668,3.244441032409668,3.244441032409668,32100,0.0,0.0
1997-06-06 00:00:00-04:00,3.2444398903435845,3.308056116104126,3.2444398903435845,3.308056116104126,47100,0.0,0.0
1997-06-09 00:00:00-04:00,3.244441032409668,3.2762495205031024,3.244441032409668,3.244441032409668,442800,0.0,0.0
1997-06-10 00:00:00-04:00,3.244441032409668,3.2762495205031024,3.244441032409668,3.244441032409668,35100,0.0,0.0
1997-06-11 00:00:00-04:00,3.276250123977661,3.276250123977661,3.276250123977661,3.276250123977661,51900,0.0,0.0
1997-06-12 00:00:00-04:00,3.244441032409668,3.2762495205031024,3.244441032409668,3.244441032409668,14700,0.0,0.0
1997-06-13 00:00:00-04:00,3.2444398903435845,3.308056116104126,3.2444398903435845,3.308056116104126,30900,0.0,0.0
1997-06-16 00:00:00-04:00,3.3080579056609816,3.403482659939982,3.276250139590047,3.3398663997650146,162300,0.0,0.0
1997-06-17 00:00:00-04:00,3.3398671780169282,3.4034834530156854,3.3398671780169282,3.355771064758301,430200,0.0,0.0
1997-06-18 00:00:00-04:00,3.308056759145773,3.3716737253052997,3.2444405210190923,3.2921528816223145,166200,0.0,0.0
1997-06-19 00:00:00-04:00,3.308056116104126,3.339864593000749,3.2444398903435845,3.308056116104126,382200,0.0,0.0
1997-06-20 00:00:00-04:00,3.33986595819694,3.498906951623889,3.276249706432761,3.467099189758301,864300,0.0,0.0
1997-06-23 00:00:00-04:00,3.4989056103113403,3.4989056103113403,3.4352893829345703,3.4352893829345703,52500,0.0,0.0
1997-06-24 00:00:00-04:00,3.4034822099611195,3.498906951623889,3.4034822099611195,3.467099189758301,238800,0.0,0.0
1997-06-25 00:00:00-04:00,3.530717134475708,3.530717134475708,3.4352923470574455,3.530717134475708,412500,0.0,0.0
1997-06-26 00:00:00-04:00,3.562525639626246,3.562525639626246,3.530717134475708,3.530717134475708,60300,0.0,0.0
1997-06-27 00:00:00-04:00,3.530717134475708,3.5943334167434324,3.4989086293251703,3.530717134475708,184800,0.0,0.0
1997-06-30 00:00:00-04:00,3.56252407153259,3.56252407153259,3.4989070892333984,3.4989070892333984,49800,0.0,0.0
1997-07-01 00:00:00-04:00,3.562525639626246,3.562525639626246,3.4989086293251703,3.530717134475708,368400,0.0,0.0
1997-07-02 00:00:00-04:00,3.594331834649155,3.594331834649155,3.4989070892333984,3.4989070892333984,333300,0.0,0.0
1997-07-03 00:00:00-04:00,3.56252393142107,3.56252393142107,3.467099189758301,3.467099189758301,75000,0.0,0.0
1997-07-07 00:00:00-04:00,3.467097860639317,3.4989056103113403,3.4352893829345703,3.4352893829345703,129600,0.0,0.0
1997-07-08 00:00:00-04:00,3.4671008522079836,3.530717134475708,3.4352923470574455,3.530717134475708,372000,0.0,0.0
1997-07-09 00:00:00-04:00,3.4989086293251703,3.530717134475708,3.4671008522079836,3.530717134475708,175800,0.0,0.0
1997-07-10 00:00:00-04:00,3.530715116469171,3.562523603439331,3.5148112370005586,3.562523603439331,71400,0.0,0.0
1997-07-11 00:00:00-04:00,3.562524924277086,3.594332695007324,3.498907926750199,3.594332695007324,108000,0.0,0.0
1997-07-14 00:00:00-04:00,3.594331362376556,3.626139849346716,3.530715116469171,3.562523603439331,63300,0.0,0.0
1997-07-15 00:00:00-04:00,3.562524924277086,3.626141193770768,3.562524924277086,3.594332695007324,191700,0.0,0.0
1997-07-16 00:00:00-04:00,3.6579501628875732,3.753374943414786,3.6261416600340697,3.6579501628875732,127800,0.0,0.0
1997-07-17 00:00:00-04:00,3.737469005228725,3.753373615043262,3.6579488682882046,3.6897566318511963,105900,0.0,0.0
1997-07-18 00:00:00-04:00,3.6579478854389795,3.7533726065544935,3.6261394023895264,3.6261394023895264,113100,0.0,0.0
1997-07-21 00:00:00-04:00,3.6579478854389795,3.689755640455587,3.6261394023895264,3.6261394023895264,419700,0.0,0.0
1997-07-22 00:00:00-04:00,3.6897566318511967,3.6897566318511967,3.626140376692172,3.6897566318511963,256200,0.0,0.0
1997-07-23 00:00:00-04:00,3.6897566318511967,3.7215651234472293,3.6579488682882046,3.6897566318511963,483900,0.0,0.0
1997-07-24 00:00:00-04:00,3.6897566318511967,3.7215651234472293,3.6897566318511967,3.6897566318511963,336000,0.0,0.0
1997-07-25 00:00:00-04:00,3.705662076473462,3.7533744605995873,3.68975746307595,3.7215659618377686,577800,0.0,0.0
1997-07-28 00:00:00-04:00,3.7533745765686035,3.7851823482799904,3.689757577079375,3.7533745765686035,163800,0.0,0.0
1997-07-29 00:00:00-04:00,3.785181283950805,3.785181283950805,3.7533735211832258,3.7851812839508057,129300,0.0,0.0
1997-07-30 00:00:00-04:00,3.785180933984793,3.8169894218444824,3.7533731741580594,3.8169894218444824,99600,0.0,0.0
1997-07-31 00:00:00-04:00,3.8169895476670983,3.8487980365753174,3.7851810587588792,3.8487980365753174,104100,0.0,0.0
1997-08-01 00:00:00-04:00,3.8487979097041713,3.8487979097041713,3.785180933984793,3.8169894218444824,163500,0.0,0.0
1997-08-04 00:00:00-04:00,3.848798265552011,3.848798265552011,3.785181283950805,3.7851812839508057,317100,0.0,0.0
1997-08-05 00:00:00-04:00,3.8169897747514083,3.8169897747514083,3.721565030382623,3.7851812839508057,95100,0.0,0.0
1997-08-06 00:00:00-04:00,3.7851827182349904,3.7851827182349904,3.562525382360361,3.6579501628875732,197100,0.0,0.0
1997-08-07 00:00:00-04:00,3.5625253338923444,3.6579501131213066,3.5625253338923444,3.642045497894287,48900,0.0,0.0
1997-08-08 00:00:00-04:00,3.5625231643234656,3.6579478854389795,3.5625231643234656,3.6261394023895264,225300,0.0,0.0
1997-08-11 00:00:00-04:00,3.6261394023895264,3.6261394023895264,3.6261394023895264,3.6261394023895264,16500,0.0,0.0
1997-08-12 00:00:00-04:00,3.657949692534211,3.657949692534211,3.594332695007324,3.594332695007324,85800,0.0,0.0
1997-08-13 00:00:00-04:00,3.594333157180566,3.6579501628875732,3.594333157180566,3.6579501628875732,33000,0.0,0.0
1997-08-14 00:00:00-04:00,3.626141193770768,3.657949692534211,3.594332695007324,3.594332695007324,59400,0.0,0.0
1997-08-15 00:00:00-04:00,3.594330919340073,3.6579478854389795,3.594330919340073,3.6261394023895264,212700,0.0,0.0
1997-08-18 00:00:00-04:00,3.6579485632398496,3.6897563241502875,3.594331585353013,3.6738524436950684,63000,0.0,0.0
1997-08-19 00:00:00-04:00,3.594331462892569,3.8487979097041713,3.594331462892569,3.8169894218444824,813600,0.0,0.0
1997-08-20 00:00:00-04:00,3.8487984586338855,3.8487984586338855,3.78518147384122,3.8328938484191895,219300,0.0,0.0
1997-08-21 00:00:00-04:00,3.8169897747514083,3.848798265552011,3.7533735211832258,3.7851812839508057,18900,0.0,0.0
1997-08-22 00:00:00-04:00,3.7851813786062536,3.7851813786062536,3.6897566318511967,3.6897566318511963,64500,0.0,0.0
1997-08-25 00:00:00-04:00,3.785181283950805,3.785181283950805,3.7533735211832258,3.7851812839508057,13200,0.0,0.0
1997-08-26 00:00:00-04:00,3.737468911766413,3.785181283950805,3.737468911766413,3.7851812839508057,84000,0.0,0.0
1997-08-27 00:00:00-04:00,3.785179469261316,3.944221118983611,3.7533717217429956,3.912412643432617,229800,0.0,0.0
1997-08-28 00:00:00-04:00,3.880605669530905,3.880605669530905,3.7533731741580594,3.8169894218444824,141900,0.0,0.0
1997-08-29 00:00:00-04:00,3.75337329788364,3.8487980365753174,3.75337329788364,3.8487980365753174,29400,0.0,0.0
1997-09-02 00:00:00-04:00,3.8487980365753174,3.880605797450557,3.8169895476670983,3.8487980365753174,21900,0.0,0.0
1997-09-03 00:00:00-04:00,3.8169894218444824,3.8487979097041713,3.785180933984793,3.8169894218444824,40500,0.0,0.0
1997-09-04 00:00:00-04:00,3.8806071281433105,3.8806071281433105,3.785182356729678,3.8806071281433105,34800,0.0,0.0
1997-09-05 00:00:00-04:00,3.8487964203633034,3.912412643432617,3.8169879448123094,3.912412643432617,54000,0.0,0.0
1997-09-08 00:00:00-04:00,3.9124152004528305,3.9124152004528305,3.848798935806111,3.8965113162994385,70800,0.0,0.0
1997-09-09 00:00:00-04:00,3.848799767652199,3.88060754283364,3.848799767652199,3.86470365524292,50400,0.0,0.0
1997-09-10 00:00:00-04:00,3.8169894218444824,3.8487979097041713,3.7533731741580594,3.8169894218444824,210900,0.0,0.0
1997-09-11 00:00:00-04:00,3.816990730090019,3.816990730090019,3.7215659618377686,3.7215659618377686,22200,0.0,0.0
1997-09-12 00:00:00-04:00,3.8169894218444824,3.832893301757849,3.7533731741580594,3.8169894218444824,144600,0.0,0.0
1997-09-15 00:00:00-04:00,3.7692775916595833,3.8328938484191895,3.753373709477947,3.8328938484191895,32100,0.0,0.0
1997-09-16 00:00:00-04:00,3.753373709477947,3.8328938484191895,3.753373709477947,3.8328938484191895,212400,0.0,0.0
1997-09-17 00:00:00-04:00,3.8169897747514083,3.912414519120193,3.785181283950805,3.7851812839508057,413400,0.0,0.0
1997-09-18 00:00:00-04:00,3.8487976748895796,4.1032633781433105,3.7851807030514637,4.1032633781433105,1138800,0.0,0.0
1997-09-19 00:00:00-04:00,4.103264818308871,4.166881084442139,4.071456321225654,4.166881084442139,225000,0.0,0.0
1997-09-22 00:00:00-04:00,4.166880219508884,4.580387683624917,4.135072457061277,4.4849629402160645,861000,0.0,0.0
1997-09-23 00:00:00-04:00,4.516772175526168,4.739429461508345,4.453155184074288,4.6758131980896,841500,0.0,0.0
1997-09-24 00:00:00-04:00,4.644005990537553,4.898472570863814,4.580389709472656,4.771239280700684,361500,0.0,0.0
1997-09-25 00:00:00-04:00,4.866660128198565,4.866660128198565,4.7076191902160645,4.7076191902160645,355200,0.0,0.0
1997-09-26 00:00:00-04:00,4.739427089691162,4.803044049306326,4.707619337916351,4.739427089691162,233400,0.0,0.0
1997-09-29 00:00:00-04:00,4.771235419802515,4.771235419802515,4.7076191902160645,4.7076191902160645,94800,0.0,0.0
1997-09-30 00:00:00-04:00,4.739429461508345,4.739429461508345,4.6758131980896,4.6758131980896,161100,0.0,0.0
1997-10-01 00:00:00-04:00,4.675813430882884,4.707621928192464,4.516772400401326,4.548580169677734,133800,0.0,0.0
1997-10-02 00:00:00-04:00,4.580387155633224,4.612195642447209,4.516770910038184,4.532674789428711,114300,0.0,0.0
1997-10-03 00:00:00-04:00,4.580388438944913,4.70762169381554,4.516772175526168,4.6758131980896,226800,0.0,0.0
1997-10-06 00:00:00-04:00,4.7076191902160645,4.7076191902160645,4.644002232596865,4.7076191902160645,655800,0.0,0.0
1997-10-07 00:00:00-04:00,4.644002232596865,4.72352306560449,4.644002232596865,4.7076191902160645,329100,0.0,0.0
1997-10-08 00:00:00-04:00,4.707619881388144,4.707619881388144,4.644002914428711,4.644002914428711,553800,0.0,0.0
1997-10-09 00:00:00-04:00,4.70762169381554,4.723525577661943,4.6440047023636595,4.6758131980896,392400,0.0,0.0
1997-10-10 00:00:00-04:00,4.7076203245692385,4.7235242037898795,4.691715717315674,4.691715717315674,60600,0.0,0.0
1997-10-13 00:00:00-04:00,4.6758113979084275,4.707619881388144,4.644002914428711,4.644002914428711,70800,0.0,0.0
1997-10-14 00:00:00-04:00,4.61219515898185,4.644002914428711,4.61219515898185,4.644002914428711,49800,0.0,0.0
1997-10-15 00:00:00-04:00,4.612195121865095,4.644002877055982,4.548578155417621,4.580386638641357,118200,0.0,0.0
1997-10-16 00:00:00-04:00,4.580388666987314,4.612197164296895,4.548580169677734,4.548580169677734,33900,0.0,0.0
1997-10-17 00:00:00-04:00,4.516770579197703,4.532674457423317,4.421345853778265,4.453153610229492,155100,0.0,0.0
1997-10-20 00:00:00-04:00,4.421344757080078,4.516769458829773,4.294111578736254,4.421344757080078,201900,0.0,0.0
1997-10-21 00:00:00-04:00,4.421346687287834,4.548579193144294,4.389538196807212,4.4849629402160645,174900,0.0,0.0
1997-10-22 00:00:00-04:00,4.580388491915674,4.675813252163917,4.5485799958218776,4.628100872039795,270000,0.0,0.0
1997-10-23 00:00:00-04:00,4.532675311920491,4.61219617410554,4.421346687287834,4.4849629402160645,63300,0.0,0.0
1997-10-24 00:00:00-04:00,4.516771499452538,4.548579262384334,4.484963008487716,4.500866889953613,74400,0.0,0.0
1997-10-27 00:00:00-05:00,4.453154611289365,4.516771594558541,4.405442237854004,4.405442237854004,34200,0.0,0.0
1997-10-28 00:00:00-05:00,4.198687918455283,4.484962094713598,4.071454708551739,4.453153610229492,318000,0.0,0.0
1997-10-29 00:00:00-05:00,4.4849629402160645,4.516771430696687,4.453154449735441,4.4849629402160645,55500,0.0,0.0
1997-10-30 00:00:00-05:00,4.325920055330384,4.5803856839853365,4.294111578736254,4.421344757080078,166200,0.0,0.0
1997-10-31 00:00:00-05:00,4.580386638641357,4.612195121865095,4.516770400226733,4.580386638641357,201900,0.0,0.0
1997-11-03 00:00:00-05:00,4.612193758795341,4.612193758795341,4.516769065358421,4.596289157867432,285300,0.0,0.0
1997-11-04 00:00:00-05:00,4.548578155417621,4.644002877055982,4.548578155417621,4.580386638641357,133200,0.0,0.0
1997-11-05 00:00:00-05:00,4.580386638641357,4.580386638641357,4.548578155417621,4.580386638641357,23100,0.0,0.0
1997-11-06 00:00:00-05:00,4.548580401281012,4.612197399139404,4.5167726303850255,4.612197399139404,37200,0.0,0.0
1997-11-07 00:00:00-05:00,4.5167726303850255,4.612197399139404,4.4531556325266335,4.612197399139404,116700,0.0,0.0
1997-11-10 00:00:00-05:00,4.564484782349111,4.644004933573304,4.516772400401326,4.548580169677734,51300,0.0,0.0
1997-11-11 00:00:00-05:00,4.61219515898185,4.644002914428711,4.548578192022416,4.644002914428711,319800,0.0,0.0
1997-11-12 00:00:00-05:00,4.644002877055982,4.644002877055982,4.580386638641357,4.580386638641357,34500,0.0,0.0
1997-11-13 00:00:00-05:00,4.644002378301187,4.739427089691162,4.580386146718794,4.739427089691162,353100,0.0,0.0
1997-11-14 00:00:00-05:00,4.644002232596865,4.7394269409929155,4.644002232596865,4.7076191902160645,93900,0.0,0.0
1997-11-17 00:00:00-05:00,4.834853172302246,4.930277910755796,4.771236922677538,4.834853172302246,168000,0.0,0.0
1997-11-18 00:00:00-05:00,4.882565860594007,4.930278232938681,4.866661979156791,4.914374351501465,64800,0.0,0.0
1997-11-19 00:00:00-05:00,4.914373723929158,5.025702335838905,4.8984698445228885,4.993894577026367,160800,0.0,0.0
1997-11-20 00:00:00-05:00,5.0575127601623535,5.0575127601623535,4.930279492071727,5.0575127601623535,217500,0.0,0.0
1997-11-21 00:00:00-05:00,5.057512638210648,5.089321136474609,5.0257041399466855,5.089321136474609,78000,0.0,0.0
1997-11-24 00:00:00-05:00,5.08931896909984,5.08931896909984,4.993894242979424,5.025701999664307,170100,0.0,0.0
1997-11-25 00:00:00-05:00,5.089318933833476,5.089318933833476,4.962085723876953,4.962085723876953,82500,0.0,0.0
1997-11-26 00:00:00-05:00,5.08931896909984,5.08931896909984,4.993894242979424,5.025701999664307,55500,0.0,0.0
1997-11-28 00:00:00-05:00,4.993894577026367,5.089319309529846,4.993894577026367,4.993894577026367,26700,0.0,0.0
1997-12-01 00:00:00-05:00,5.073414181789525,5.089318787597639,5.025701820430901,5.041606426239014,76500,0.0,0.0
1997-12-02 00:00:00-05:00,5.089319888637395,5.089319888637395,5.041607516956523,5.073415279388428,38700,0.0,0.0
1997-12-03 00:00:00-05:00,5.089321136474609,5.089321136474609,5.057512638210648,5.089321136474609,91200,0.0,0.0
1997-12-04 00:00:00-05:00,5.089321259193313,5.089321259193313,5.0575127601623535,5.0575127601623535,87600,0.0,0.0
1997-12-05 00:00:00-05:00,5.089321136474609,5.121128906705377,5.057512638210648,5.089321136474609,246600,0.0,0.0
1997-12-08 00:00:00-05:00,5.057511824021988,5.121128082275391,5.025703330878749,5.121128082275391,181200,0.0,0.0
1997-12-09 00:00:00-05:00,5.121128906705377,5.121128906705377,5.057512638210648,5.089321136474609,73200,0.0,0.0
1997-12-10 00:00:00-05:00,5.057510484382074,5.121126725784723,5.025701999664307,5.025701999664307,20100,0.0,0.0
1997-12-11 00:00:00-05:00,5.025702286805729,5.184743991448461,5.025702286805729,5.15293550491333,495600,0.0,0.0
1997-12-12 00:00:00-05:00,5.1847442734005815,5.534634732182756,5.15293578513567,5.2801690101623535,449400,0.0,0.0
1997-12-15 00:00:00-05:00,5.375593145836758,5.566442598019923,5.280168419745176,5.534634113311768,123600,0.0,0.0
1997-12-16 00:00:00-05:00,5.471017871928341,5.534634113311768,5.40740090251203,5.534634113311768,62400,0.0,0.0
1997-12-17 00:00:00-05:00,5.439207596438272,5.5346322911126276,5.280166681325227,5.343782901763916,166500,0.0,0.0
1997-12-18 00:00:00-05:00,5.28016971945053,5.375594469030762,5.216552734375,5.216552734375,66000,0.0,0.0
1997-12-19 00:00:00-05:00,5.216552734375,5.28016971945053,5.184744969870297,5.216552734375,144900,0.0,0.0
1997-12-22 00:00:00-05:00,5.28016872302093,5.28016872302093,5.15293550491333,5.15293550491333,157800,0.0,0.0
1997-12-23 00:00:00-05:00,5.24836217172803,5.24836217172803,5.089321136474609,5.089321136474609,162000,0.0,0.0
1997-12-24 00:00:00-05:00,5.089321136474609,5.1529374049693395,5.089321136474609,5.089321136474609,12000,0.0,0.0
1997-12-26 00:00:00-05:00,5.089321259193313,5.089321259193313,5.0575127601623535,5.0575127601623535,7200,0.0,0.0
1997-12-29 00:00:00-05:00,5.057511824021988,5.15293657541863,5.057511824021988,5.121128082275391,120000,0.0,0.0
1997-12-30 00:00:00-05:00,5.121126101593196,5.152934582433968,5.05750986794445,5.105222225189209,117300,0.0,0.0
1997-12-31 00:00:00-05:00,5.089321136474609,5.1529374049693395,5.089321136474609,5.089321136474609,116700,0.0,0.0
1998-01-02 00:00:00-05:00,5.089321136474609,5.216553673464069,5.089321136474609,5.089321136474609,26100,0.0,0.0
1998-01-05 00:00:00-05:00,5.1529374049693395,5.216553673464069,5.089321136474609,5.089321136474609,78300,0.0,0.0
1998-01-06 00:00:00-05:00,5.184743991448461,5.216551749950668,5.05751077334086,5.15293550491333,48900,0.0,0.0
1998-01-07 00:00:00-05:00,5.184745903233301,5.184745903233301,4.993896369715918,5.089321136474609,66600,0.0,0.0
1998-01-08 00:00:00-05:00,5.025702335838905,5.089319309529846,4.993894577026367,4.993894577026367,64200,0.0,0.0
1998-01-09 00:00:00-05:00,4.962085525194804,5.057510246833166,4.580386638641357,4.580386638641357,155100,0.0,0.0
1998-01-12 00:00:00-05:00,4.580388438944913,4.6758131980896,4.484963679800228,4.6758131980896,99900,0.0,0.0
1998-01-13 00:00:00-05:00,4.707621373305359,5.0575118903364755,4.707621373305359,4.898470878601074,397800,0.0,0.0
1998-01-14 00:00:00-05:00,4.993896490133646,5.0575127601623535,4.898471721073978,5.0575127601623535,93300,0.0,0.0
1998-01-15 00:00:00-05:00,5.089319380977499,5.089319380977499,4.993894647134376,5.009798526763916,54300,0.0,0.0
1998-01-16 00:00:00-05:00,5.089318348785221,5.105222225189209,4.930276672614161,5.105222225189209,66600,0.0,0.0
1998-01-20 00:00:00-05:00,5.121127984794768,5.311977483955232,5.121127984794768,5.216552734375,171000,0.0,0.0
1998-01-21 00:00:00-05:00,5.121128906705377,5.1529374049693395,5.0257041399466855,5.089321136474609,66300,0.0,0.0
1998-01-22 00:00:00-05:00,5.152935555187854,5.152935555187854,4.962086090180897,4.993894577026367,69600,0.0,0.0
1998-01-23 00:00:00-05:00,5.025701999664307,5.025701999664307,4.930277273543891,5.025701999664307,122100,0.0,0.0
1998-01-26 00:00:00-05:00,5.025700592806994,5.025700592806994,4.977988243103027,4.977988243103027,12000,0.0,0.0
1998-01-27 00:00:00-05:00,4.930277239379603,4.993894208374304,4.930277239379603,4.962085723876953,406200,0.0,0.0
1998-01-28 00:00:00-05:00,4.993894647134376,5.025702406393456,4.930277672550333,5.009798526763916,103800,0.0,0.0
1998-01-29 00:00:00-05:00,4.930277672550333,5.009798526763916,4.930277672550333,5.009798526763916,24900,0.0,0.0
1998-01-30 00:00:00-05:00,4.930279373187995,5.089321136474609,4.930279373187995,5.089321136474609,37500,0.0,0.0
1998-02-02 00:00:00-05:00,5.08931896909984,5.15293521050249,5.025701999664307,5.025701999664307,66900,0.0,0.0
1998-02-03 00:00:00-05:00,5.152935174795298,5.152935174795298,4.962085723876953,4.962085723876953,67200,0.0,0.0
1998-02-04 00:00:00-05:00,4.962087752414224,5.025704019382835,4.93027925491333,4.93027925491333,953400,0.0,0.0
1998-02-05 00:00:00-05:00,5.025701999664307,5.025701999664307,4.8984695168590076,5.025701999664307,447300,0.0,0.0
1998-02-06 00:00:00-05:00,5.025702335838905,5.025702335838905,4.8984698445228885,4.993894577026367,83100,0.0,0.0
1998-02-09 00:00:00-05:00,4.993895565768587,5.121128082275391,4.930278579482108,5.121128082275391,106500,0.0,0.0
1998-02-10 00:00:00-05:00,5.025702286805729,5.184743991448461,5.025702286805729,5.15293550491333,47700,0.0,0.0
1998-02-11 00:00:00-05:00,5.089319259875992,5.15293550491333,5.089319259875992,5.15293550491333,159900,0.0,0.0
1998-02-12 00:00:00-05:00,5.057512638210648,5.121128906705377,5.057512638210648,5.089321136474609,659100,0.0,0.0
1998-02-13 00:00:00-05:00,5.057512638210648,5.121128906705377,5.057512638210648,5.089321136474609,61200,0.0,0.0
1998-02-17 00:00:00-05:00,5.089321136474609,5.089321136474609,5.0257041399466855,5.089321136474609,121800,0.0,0.0
1998-02-18 00:00:00-05:00,5.089321136474609,5.089321136474609,5.0257041399466855,5.089321136474609,162600,0.0,0.0
1998-02-19 00:00:00-05:00,5.089318787597639,5.089318787597639,5.025701820430901,5.041606426239014,20400,0.0,0.0
1998-02-20 00:00:00-05:00,5.08931896909984,5.08931896909984,5.025701999664307,5.025701999664307,138600,0.0,0.0
1998-02-23 00:00:00-05:00,5.025701387103679,5.152934582433968,5.025701387103679,5.105222225189209,229200,0.0,0.0
1998-02-24 00:00:00-05:00,5.15293550491333,5.15293550491333,5.05751077334086,5.15293550491333,44400,0.0,0.0
1998-02-25 00:00:00-05:00,5.184742499766898,5.248358726501465,5.057509318265049,5.248358726501465,36300,0.0,0.0
1998-02-26 00:00:00-05:00,5.248360521897441,5.375593746924125,5.1847442734005815,5.2801690101623535,208200,0.0,0.0
1998-02-27 00:00:00-05:00,5.15293578513567,5.343785258659213,5.15293578513567,5.2801690101623535,189000,0.0,0.0
1998-03-02 00:00:00-05:00,5.216552734375,5.311977483955232,5.216552734375,5.216552734375,85200,0.0,0.0
1998-03-03 00:00:00-05:00,5.216552734375,5.311977483955232,5.184744969870297,5.216552734375,89700,0.0,0.0
1998-03-04 00:00:00-05:00,5.280170669991993,5.280170669991993,5.057512638210648,5.089321136474609,293700,0.0,0.0
1998-03-05 00:00:00-05:00,5.1529375292220205,5.1529375292220205,5.0575127601623535,5.0575127601623535,100500,0.0,0.0
1998-03-06 00:00:00-05:00,5.121128906705377,5.121128906705377,5.089321136474609,5.089321136474609,22500,0.0,0.0
1998-03-09 00:00:00-05:00,5.089319151681758,5.184743881225586,5.089319151681758,5.184743881225586,93900,0.0,0.0
1998-03-10 00:00:00-05:00,5.089319151681758,5.184743881225586,5.089319151681758,5.184743881225586,263700,0.0,0.0
1998-03-11 00:00:00-05:00,5.184745068561869,5.184745068561869,5.121128082275391,5.121128082275391,125400,0.0,0.0
1998-03-12 00:00:00-05:00,5.121126948109984,5.184743920307343,5.121126948109984,5.137031555175781,45300,0.0,0.0
1998-03-13 00:00:00-05:00,5.121127018378198,5.184743991448461,5.121127018378198,5.15293550491333,90000,0.0,0.0
1998-03-16 00:00:00-05:00,5.184743991448461,5.184743991448461,5.121127018378198,5.15293550491333,87000,0.0,0.0
1998-03-17 00:00:00-05:00,5.15293578513567,5.343785258659213,5.15293578513567,5.2801690101623535,169200,0.0,0.0
1998-03-18 00:00:00-05:00,5.343786618614709,5.534636140708091,5.216553361208071,5.5028276443481445,154500,0.0,0.0
1998-03-19 00:00:00-05:00,5.534634078507796,5.534634078507796,5.439209353016283,5.471017837524414,43800,0.0,0.0
1998-03-20 00:00:00-05:00,5.455113626630223,5.566442966461182,5.439209747239914,5.566442966461182,88800,0.0,0.0
1998-03-23 00:00:00-05:00,5.4392113796614,5.5982524053948355,5.407402883301453,5.5028276443481445,283500,0.0,0.0
1998-03-24 00:00:00-05:00,5.53463499812871,5.53463499812871,5.502826508335361,5.518731117248535,110100,0.0,0.0
1998-03-25 00:00:00-05:00,5.534636140708091,5.534636140708091,5.5028276443481445,5.5028276443481445,39900,0.0,0.0
1998-03-26 00:00:00-05:00,5.534636140708091,5.534636140708091,5.471019876021347,5.5028276443481445,17700,0.0,0.0
1998-03-27 00:00:00-05:00,5.471019876021347,5.534636140708091,5.471019876021347,5.5028276443481445,35400,0.0,0.0
1998-03-30 00:00:00-05:00,5.471017908817093,5.5028256657068315,5.471017908817093,5.486921787261963,218100,0.0,0.0
1998-03-31 00:00:00-05:00,5.48692171576204,5.502825593999666,5.471017837524414,5.471017837524414,27300,0.0,0.0
1998-04-01 00:00:00-05:00,5.486921787261963,5.5028256657068315,5.471017908817093,5.486921787261963,263700,0.0,0.0
1998-04-02 00:00:00-05:00,5.471017871928341,5.566442598019923,5.471017871928341,5.534634113311768,231600,0.0,0.0
1998-04-03 00:00:00-05:00,5.5346344796476314,5.566442966461182,5.5346344796476314,5.566442966461182,354900,0.0,0.0
1998-04-06 00:00:00-04:00,5.5346344796476314,5.566442966461182,5.5346344796476314,5.566442966461182,108900,0.0,0.0
1998-04-07 00:00:00-04:00,5.566442598019923,5.566442598019923,5.534634113311768,5.534634113311768,17700,0.0,0.0
1998-04-08 00:00:00-04:00,5.534634113311768,5.566442598019923,5.534634113311768,5.534634113311768,114300,0.0,0.0
1998-04-09 00:00:00-04:00,5.566442598019923,5.566442598019923,5.534634113311768,5.534634113311768,206400,0.0,0.0
1998-04-13 00:00:00-04:00,5.5346344796476314,5.566442966461182,5.5346344796476314,5.566442966461182,154800,0.0,0.0
1998-04-14 00:00:00-04:00,5.566442632228375,5.598250389099121,5.534634147324741,5.598250389099121,110100,0.0,0.0
1998-04-15 00:00:00-04:00,5.598251844457006,5.598251844457006,5.566444079317307,5.574395656585693,47400,0.0,0.0
1998-04-16 00:00:00-04:00,5.5982507252418,5.5982507252418,5.566442966461182,5.566442966461182,6600,0.0,0.0
1998-04-17 00:00:00-04:00,5.566442632228375,5.598250389099121,5.534634147324741,5.598250389099121,159900,0.0,0.0
1998-04-20 00:00:00-04:00,5.598250645836036,5.661867618560791,5.534634401144203,5.661867618560791,84900,0.0,0.0
1998-04-21 00:00:00-04:00,5.661868409857561,5.948142643029578,5.661868409857561,5.91633415222168,193200,0.0,0.0
1998-04-22 00:00:00-04:00,5.948143974964101,6.138993506481311,5.916335477033504,6.075376510620117,262500,0.0,0.0
1998-04-23 00:00:00-04:00,6.075374866790529,6.107183356114622,5.725484396357459,5.789100646972656,253500,0.0,0.0
1998-04-24 00:00:00-04:00,5.916333276717389,5.916333276717389,5.757292302278969,5.820908546447754,153300,0.0,0.0
1998-04-27 00:00:00-04:00,5.8209079746205035,5.8209079746205035,5.184743411328665,5.407400608062744,459000,0.0,0.0
1998-04-28 00:00:00-04:00,5.471017837524414,5.502825593999666,5.343784627524769,5.471017837524414,113700,0.0,0.0
1998-04-29 00:00:00-04:00,5.407399983017048,5.439208462316368,5.375592231750488,5.375592231750488,63000,0.0,0.0
1998-04-30 00:00:00-04:00,5.375595104003878,5.534636129412735,5.375595104003878,5.439211368560791,101700,0.0,0.0
1998-05-01 00:00:00-04:00,5.534634147324741,5.6936751157771335,5.439209420646729,5.598250389099121,185700,0.0,0.0
1998-05-04 00:00:00-04:00,5.725482566683575,5.979948215858593,5.534633147794123,5.693674087524414,222900,0.0,0.0
1998-05-05 00:00:00-04:00,5.661867358906388,5.7572920855844005,5.4710179055503625,5.598250389099121,87900,0.0,0.0
1998-05-06 00:00:00-04:00,5.566442635552084,5.661867362287075,5.439209423894467,5.486921787261963,849000,0.0,0.0
1998-05-07 00:00:00-04:00,5.486924774211062,5.502828661313623,5.439212384870096,5.455116271972656,91200,0.0,0.0
1998-05-08 00:00:00-04:00,5.43921085900734,5.550539493560791,5.43921085900734,5.550539493560791,1800,0.0,0.0
1998-05-11 00:00:00-04:00,5.471017837524414,5.550537956745423,5.471017837524414,5.471017837524414,30600,0.0,0.0
1998-05-12 00:00:00-04:00,5.550539493560791,5.550539493560791,5.43921085900734,5.550539493560791,104400,0.0,0.0
1998-05-13 00:00:00-04:00,5.439211368560791,5.550540013543676,5.439211368560791,5.439211368560791,5700,0.0,0.0
1998-05-14 00:00:00-04:00,5.40740287226576,5.534636129412735,5.40740287226576,5.439211368560791,845700,0.0,0.0
1998-05-15 00:00:00-04:00,5.502827633117704,5.502827633117704,5.375595104003878,5.439211368560791,52200,0.0,0.0
1998-05-18 00:00:00-04:00,5.343783752451168,5.471016941615687,5.343783752451168,5.375592231750488,105600,0.0,0.0
1998-05-19 00:00:00-04:00,5.343784627524769,5.471017837524414,5.343784627524769,5.471017837524414,14400,0.0,0.0
1998-05-20 00:00:00-04:00,5.375595104003878,5.471019864855822,5.375595104003878,5.439211368560791,37200,0.0,0.0
1998-05-21 00:00:00-04:00,5.3755928531195005,5.4392090910388315,5.343784370143413,5.407400608062744,43200,0.0,0.0
1998-05-22 00:00:00-04:00,5.375592231750488,5.391496107383768,5.375592231750488,5.375592231750488,9600,0.0,0.0
1998-05-26 00:00:00-04:00,5.375592231750488,5.471016941615687,5.343783752451168,5.375592231750488,150600,0.0,0.0
1998-05-27 00:00:00-04:00,5.343782901763916,5.471016070673938,5.343782901763916,5.343782901763916,66600,0.0,0.0
1998-05-28 00:00:00-04:00,5.3755931120329,5.471017837524414,5.311976143016638,5.471017837524414,40800,0.0,0.0
1998-05-29 00:00:00-04:00,5.343784370143413,5.407400608062744,5.327880492671792,5.407400608062744,12900,0.0,0.0
1998-06-01 00:00:00-04:00,5.343784879861481,5.359688758850098,5.343784879861481,5.359688758850098,59700,0.0,0.0
1998-06-02 00:00:00-04:00,5.37559186681562,5.534632796449826,5.37559186681562,5.478968143463135,143400,0.0,0.0
1998-06-03 00:00:00-04:00,5.598251869516996,5.598251869516996,5.43921085900734,5.550539493560791,83100,0.0,0.0
1998-06-04 00:00:00-04:00,5.5664425630159275,5.5664425630159275,5.407400868508152,5.471017837524414,47700,0.0,0.0
1998-06-05 00:00:00-04:00,5.4392090910388315,5.5664422949103365,5.407400608062744,5.407400608062744,45900,0.0,0.0
1998-06-08 00:00:00-04:00,5.598250389099121,5.598250389099121,5.407400935743095,5.598250389099121,40800,0.0,0.0
1998-06-09 00:00:00-04:00,5.582345527114167,5.582345527114167,5.375592231750488,5.375592231750488,23100,0.0,0.0
1998-06-10 00:00:00-04:00,5.343784370143413,5.407400608062744,5.343784370143413,5.407400608062744,69300,0.0,0.0
1998-06-11 00:00:00-04:00,5.407399983017048,5.407399983017048,5.311975273151849,5.375592231750488,18600,0.0,0.0
1998-06-12 00:00:00-04:00,5.327879028662405,5.343782901763916,5.280166681325227,5.343782901763916,30000,0.0,0.0
1998-06-15 00:00:00-04:00,5.375594469030762,5.375594469030762,5.184744969870297,5.216552734375,6600,0.0,0.0
1998-06-16 00:00:00-04:00,5.375593746924125,5.375593746924125,5.216552033632529,5.2801690101623535,45000,0.0,0.0
1998-06-17 00:00:00-04:00,5.280167550509432,5.375592260891935,5.280167550509432,5.327879905700684,29700,0.0,0.0
1998-06-18 00:00:00-04:00,5.375593746924125,5.375593746924125,5.2801690101623535,5.2801690101623535,18600,0.0,0.0
1998-06-19 00:00:00-04:00,5.343785442976266,5.375593932338312,5.248360702923119,5.2642645835876465,31800,0.0,0.0
1998-06-22 00:00:00-04:00,5.343785976492997,5.343785976492997,5.216552734375,5.216552734375,6300,0.0,0.0
1998-06-23 00:00:00-04:00,5.343785976492997,5.343785976492997,5.216552734375,5.216552734375,10200,0.0,0.0
1998-06-24 00:00:00-04:00,5.343785258659213,5.343785258659213,5.248360521897441,5.2801690101623535,26100,0.0,0.0
1998-06-25 00:00:00-04:00,5.327879028662405,5.391495249101094,5.327879028662405,5.343782901763916,45900,0.0,0.0
1998-06-26 00:00:00-04:00,5.343785258659213,5.407401507156072,5.2801690101623535,5.2801690101623535,37500,0.0,0.0
1998-06-29 00:00:00-04:00,5.28016971945053,5.359689858745348,5.216552734375,5.216552734375,43800,0.0,0.0
1998-06-30 00:00:00-04:00,5.216552734375,5.28016971945053,5.152936477332533,5.216552734375,49800,0.0,0.0
1998-07-01 00:00:00-04:00,5.1529335124152045,5.343782901763916,5.1529335124152045,5.343782901763916,85500,0.0,0.0
1998-07-02 00:00:00-04:00,5.184741986650871,5.343782901763916,5.184741986650871,5.343782901763916,52500,0.0,0.0
1998-07-06 00:00:00-04:00,5.1847444522320165,5.343785442976266,5.1847444522320165,5.2642645835876465,28800,0.0,0.0
1998-07-07 00:00:00-04:00,5.1847444522320165,5.2642645835876465,5.1847444522320165,5.2642645835876465,10800,0.0,0.0
1998-07-08 00:00:00-04:00,5.1847442734005815,5.343785258659213,5.1847442734005815,5.2801690101623535,65700,0.0,0.0
1998-07-09 00:00:00-04:00,5.28016971945053,5.343785976492997,5.216552734375,5.216552734375,51600,0.0,0.0
1998-07-10 00:00:00-04:00,5.216552734375,5.216552734375,5.216552734375,5.216552734375,1500,0.0,0.0
1998-07-13 00:00:00-04:00,5.343783430619673,5.343783430619673,5.184742499766898,5.248358726501465,42000,0.0,0.0
1998-07-14 00:00:00-04:00,5.248360521897441,5.311976770394301,5.248360521897441,5.2801690101623535,31500,0.0,0.0
1998-07-15 00:00:00-04:00,5.311976432800293,5.311976432800293,5.24836018834646,5.311976432800293,137700,0.0,0.0
1998-07-16 00:00:00-04:00,5.280168604169622,5.311976361955867,5.280168604169622,5.296072483062744,14100,0.0,0.0
1998-07-17 00:00:00-04:00,5.311976770394301,5.311976770394301,5.248360521897441,5.2801690101623535,10800,0.0,0.0
1998-07-20 00:00:00-04:00,5.311976432800293,5.343784919043669,5.264264067451689,5.311976432800293,33600,0.0,0.0
1998-07-21 00:00:00-04:00,5.343784661128604,5.550537991649404,5.343784661128604,5.534634113311768,79200,0.0,0.0
1998-07-22 00:00:00-04:00,5.471019864855822,5.471019864855822,5.439211368560791,5.439211368560791,69900,0.0,0.0
1998-07-23 00:00:00-04:00,5.566443220447669,5.566443220447669,5.2801690101623535,5.2801690101623535,54000,0.0,0.0
1998-07-24 00:00:00-04:00,5.280167203885107,5.280167203885107,5.216550249117824,5.248358726501465,180000,0.0,0.0
1998-07-27 00:00:00-04:00,5.216552734375,5.216552734375,5.089320220290065,5.216552734375,203400,0.0,0.0
1998-07-28 00:00:00-04:00,5.089321259193313,5.216553799250728,5.025704261131394,5.0575127601623535,49800,0.0,0.0
1998-07-29 00:00:00-04:00,5.025704261131394,5.2483622982816875,5.025704261131394,5.0575127601623535,58200,0.0,0.0
1998-07-30 00:00:00-04:00,5.057510484382074,5.073414362724515,5.025701999664307,5.025701999664307,159000,0.0,0.0
1998-07-31 00:00:00-04:00,5.025704502695946,5.025704502695946,4.834854955403274,4.866663455963135,89400,0.0,0.0
1998-08-03 00:00:00-04:00,4.8348523592412995,4.8348523592412995,4.644002914428711,4.644002914428711,124200,0.0,0.0
1998-08-04 00:00:00-04:00,4.644002838630504,4.644002838630504,4.45315339693291,4.516770362854004,85800,0.0,0.0
1998-08-05 00:00:00-04:00,4.484962423224198,4.564483276242696,4.453153936410213,4.532674789428711,251700,0.0,0.0
1998-08-06 00:00:00-04:00,4.51677342840776,4.803047785249801,4.51677342840776,4.771239280700684,137400,0.0,0.0
1998-08-07 00:00:00-04:00,4.834851193991125,5.073412942510962,4.834851193991125,4.977988243103027,104700,0.0,0.0
1998-08-10 00:00:00-04:00,4.962087137688617,5.009799514012546,4.898470878601074,4.898470878601074,247500,0.0,0.0
1998-08-11 00:00:00-04:00,4.803044565141818,4.803044565141818,4.453153433779259,4.580386638641357,151800,0.0,0.0
1998-08-12 00:00:00-04:00,4.61219515898185,4.644002914428711,4.5167704365755545,4.644002914428711,31500,0.0,0.0
1998-08-13 00:00:00-04:00,4.5962927856582025,4.612197399139404,4.5167726303850255,4.612197399139404,14700,0.0,0.0
1998-08-14 00:00:00-04:00,4.61219515898185,4.6758113979084275,4.580386675502133,4.644002914428711,40500,0.0,0.0
1998-08-17 00:00:00-04:00,4.644003712123032,4.739428450920307,4.644003712123032,4.723524570465088,144900,0.0,0.0
1998-08-18 00:00:00-04:00,4.675811294900954,4.803044497984035,4.675811294900954,4.787139892578125,44100,0.0,0.0
1998-08-19 00:00:00-04:00,4.787139445386149,4.834851801081137,4.707619337916351,4.739427089691162,28200,0.0,0.0
1998-08-20 00:00:00-04:00,4.834854220653031,4.834854220653031,4.6758131980896,4.6758131980896,119400,0.0,0.0
1998-08-21 00:00:00-04:00,4.644004933573304,4.834854461364442,4.548580169677734,4.548580169677734,199800,0.0,0.0
1998-08-24 00:00:00-04:00,4.5485804594051595,4.5644850730896,4.5485804594051595,4.5644850730896,5700,0.0,0.0
1998-08-25 00:00:00-04:00,4.644003401228264,4.675811888042249,4.516770910038184,4.532674789428711,358200,0.0,0.0
1998-08-26 00:00:00-04:00,4.500866867749034,4.500866867749034,4.421346732778822,4.43725061416626,308400,0.0,0.0
1998-08-27 00:00:00-04:00,4.42134687531725,4.484963130950928,4.294113636016846,4.294113636016846,178200,0.0,0.0
1998-08-28 00:00:00-04:00,4.294114468007118,4.453155501922245,4.294114468007118,4.325922966003418,69300,0.0,0.0
1998-08-31 00:00:00-04:00,4.453154131835395,4.453154131835395,3.9442226886749263,3.9442226886749268,163200,0.0,0.0
1998-09-01 00:00:00-04:00,4.071455185448562,4.071455185448562,3.9124142004650357,3.9442226886749268,83100,0.0,0.0
1998-09-02 00:00:00-04:00,3.944224123445565,4.198689937591553,3.944224123445565,4.198689937591553,80400,0.0,0.0
1998-09-03 00:00:00-04:00,4.1032633781433105,4.198688107867573,4.071454892224253,4.1032633781433105,113100,0.0,0.0
1998-09-04 00:00:00-04:00,4.166880222137257,4.166880222137257,4.071455478668213,4.071455478668213,109200,0.0,0.0
1998-09-08 00:00:00-04:00,4.135072231292725,4.198688480747605,4.071455253804868,4.135072231292725,193800,0.0,0.0
1998-09-09 00:00:00-04:00,4.198689581525356,4.198689581525356,4.135073315392088,4.166881084442139,81300,0.0,0.0
1998-09-10 00:00:00-04:00,4.071455478668213,4.198688712637944,4.039647716200542,4.071455478668213,76800,0.0,0.0
1998-09-11 00:00:00-04:00,4.1191680229829215,4.294113636016846,4.071455649249401,4.294113636016846,127800,0.0,0.0
1998-09-14 00:00:00-04:00,4.198689702051404,4.453155501922245,4.198689702051404,4.325922966003418,17400,0.0,0.0
1998-09-15 00:00:00-04:00,4.198691293094935,4.325924605260481,4.166882783045183,4.246403694152832,6600,0.0,0.0
1998-09-16 00:00:00-04:00,4.166881084442139,4.294114344741842,4.166881084442139,4.166881084442139,93900,0.0,0.0
1998-09-17 00:00:00-04:00,4.135073434091991,4.325922966003418,4.135073434091991,4.325922966003418,3300,0.0,0.0
1998-09-18 00:00:00-04:00,4.325922966003418,4.325922966003418,4.1668812040551035,4.325922966003418,21300,0.0,0.0
1998-09-21 00:00:00-04:00,4.262306154386942,4.325923153131447,4.135073612964371,4.310018539428711,32700,0.0,0.0
1998-09-22 00:00:00-04:00,4.262305053351558,4.325922035662572,4.262305053351558,4.302065849304199,21600,0.0,0.0
1998-09-23 00:00:00-04:00,4.262305565476948,4.357730322375933,4.262305565476948,4.341826438903809,182400,0.0,0.0
1998-09-24 00:00:00-04:00,4.341826850984974,4.373635348981275,4.325922966003418,4.325922966003418,41400,0.0,0.0
1998-09-25 00:00:00-04:00,4.325923443644411,4.38953971862793,4.1986901656441065,4.38953971862793,13200,0.0,0.0
1998-09-28 00:00:00-04:00,4.389539480209351,4.389539480209351,4.198689937591553,4.198689937591553,60600,0.0,0.0
1998-09-29 00:00:00-04:00,4.214593823465293,4.214593823465293,4.198689937591553,4.198689937591553,15600,0.0,0.0
1998-09-30 00:00:00-04:00,4.198690484269407,4.214594372213865,4.071457196613771,4.087361812591553,78000,0.0,0.0
1998-10-01 00:00:00-04:00,4.087358984371254,4.087358984371254,4.039646625518799,4.039646625518799,33000,0.0,0.0
1998-10-02 00:00:00-04:00,4.103263742548796,4.198688480747605,4.071455253804868,4.135072231292725,78600,0.0,0.0
1998-10-05 00:00:00-04:00,4.103263763742131,4.103263763742131,3.8487980365753174,3.8487980365753174,105600,0.0,0.0
1998-10-06 00:00:00-04:00,4.023744151958827,4.023744151958827,3.6579496923473367,3.7215659618377686,704700,0.0,0.0
1998-10-07 00:00:00-04:00,3.7056594741511293,3.7056594741511293,3.21263136572441,3.4034807682037354,1554000,0.0,0.0
1998-10-08 00:00:00-04:00,3.212632544316233,3.244441032409668,3.1490162961623245,3.244441032409668,1163700,0.0,0.0
1998-10-09 00:00:00-04:00,3.3080574682983497,3.5307154415224797,3.21263272663558,3.467099189758301,231900,0.0,0.0
1998-10-12 00:00:00-04:00,3.594333157180566,3.9124160016157066,3.594333157180566,3.6579501628875732,199200,0.0,0.0
1998-10-13 00:00:00-04:00,3.562522565720833,3.6579472708023486,3.403480905229824,3.4352893829345703,90300,0.0,0.0
1998-10-14 00:00:00-04:00,3.43528996343198,3.4670984465117436,3.212632037939329,3.2921528816223145,123900,0.0,0.0
1998-10-15 00:00:00-04:00,3.2921534885059702,3.753373302037124,3.2921534885059702,3.6738524436950684,230700,0.0,0.0
1998-10-16 00:00:00-04:00,3.7533719758838644,3.8806044306374035,3.403480905229824,3.4352893829345703,156300,0.0,0.0
1998-10-19 00:00:00-04:00,3.4034822099611195,3.6261401831852496,3.4034822099611195,3.467099189758301,125700,0.0,0.0
1998-10-20 00:00:00-04:00,3.5307155852275174,3.801085940287482,3.5307155852275174,3.737468957901001,145800,0.0,0.0
1998-10-21 00:00:00-04:00,3.7215654168810164,4.007839679718018,3.6897569227769833,4.007839679718018,96900,0.0,0.0
1998-10-22 00:00:00-04:00,4.007839225699855,4.071455478668213,3.816989738761767,4.071455478668213,143700,0.0,0.0
1998-10-23 00:00:00-04:00,4.135071546950377,4.707619881388144,4.103263063470661,4.644002914428711,867900,0.0,0.0
1998-10-26 00:00:00-05:00,4.580387730752268,4.580387730752268,4.405442123358362,4.43725061416626,118200,0.0,0.0
1998-10-27 00:00:00-05:00,4.429297628690239,4.437249932178231,4.1032633781433105,4.1032633781433105,178200,0.0,0.0
1998-10-28 00:00:00-05:00,4.07145643809939,4.325922966003418,4.07145643809939,4.325922966003418,52800,0.0,0.0
1998-10-29 00:00:00-05:00,4.357730735966531,4.357730735966531,4.294114468007118,4.325922966003418,144000,0.0,0.0
1998-10-30 00:00:00-05:00,4.294111776372076,4.357728004455566,4.294111776372076,4.357728004455566,89400,0.0,0.0
1998-11-02 00:00:00-05:00,4.357728004455566,4.421344960571789,4.325920254430187,4.357728004455566,34500,0.0,0.0
1998-11-03 00:00:00-05:00,4.389536482513678,4.389536482513678,4.325920254430187,4.357728004455566,72300,0.0,0.0
1998-11-04 00:00:00-05:00,4.357728709602397,4.516770397595586,4.357728709602397,4.469058036804199,57000,0.0,0.0
1998-11-05 00:00:00-05:00,4.516769065358421,4.707618452232261,4.492912891999191,4.596289157867432,189000,0.0,0.0
1998-11-06 00:00:00-05:00,4.612195083702801,4.612195083702801,4.38953715904466,4.516770362854004,244800,0.0,0.0
1998-11-09 00:00:00-05:00,4.53267354172608,4.53267354172608,4.325920254430187,4.357728004455566,22500,0.0,0.0
1998-11-10 00:00:00-05:00,4.453155079274918,4.453155079274918,4.325922555431684,4.341826438903809,20400,0.0,0.0
1998-11-11 00:00:00-05:00,4.405441712027147,4.405441712027147,4.325921584481642,4.3656816482543945,8100,0.0,0.0
1998-11-12 00:00:00-05:00,4.294109743499197,4.3259182064988755,4.198685082532548,4.230493545532227,24300,0.0,0.0
1998-11-13 00:00:00-05:00,4.2623028426385705,4.516769183833442,4.19868662135618,4.333871364593506,138000,0.0,0.0
1998-11-16 00:00:00-05:00,4.389538196807212,4.516771430696687,4.294113453398359,4.4849629402160645,24000,0.0,0.0
1998-11-17 00:00:00-05:00,4.484960982235642,4.484960982235642,4.421344757080078,4.421344757080078,54000,0.0,0.0
1998-11-18 00:00:00-05:00,4.421345642005207,4.516770362854004,4.38953715904466,4.516770362854004,78300,0.0,0.0
1998-11-19 00:00:00-05:00,4.3895373692941595,4.484962094713598,4.3895373692941595,4.453153610229492,18600,0.0,0.0
1998-11-20 00:00:00-05:00,4.484962094713598,4.516770579197703,4.325921128358827,4.453153610229492,51300,0.0,0.0
1998-11-23 00:00:00-05:00,4.389538356053231,4.421346847687819,4.389538356053231,4.405442237854004,31200,0.0,0.0
1998-11-24 00:00:00-05:00,4.373632607500988,4.51676966671339,4.325920254430187,4.357728004455566,107400,0.0,0.0
1998-11-25 00:00:00-05:00,4.516772497914846,4.516772497914846,4.325922966003418,4.325922966003418,1500,0.0,0.0
1998-11-27 00:00:00-05:00,4.325922966003418,4.325922966003418,4.325922966003418,4.325922966003418,1800,0.0,0.0
1998-11-30 00:00:00-05:00,4.325924605260481,4.35773238727677,4.246403694152832,4.246403694152832,27300,0.0,0.0
1998-12-01 00:00:00-05:00,4.246401194950305,4.325922059256267,4.246401194950305,4.278209686279297,510300,0.0,0.0
1998-12-02 00:00:00-05:00,4.214593587032961,4.325922966003418,4.214593587032961,4.325922966003418,28800,0.0,0.0
1998-12-03 00:00:00-05:00,4.325922127850208,4.325922127850208,4.262305144183483,4.294113636016846,13200,0.0,0.0
1998-12-04 00:00:00-05:00,4.357729891650524,4.357729891650524,4.294113636016846,4.294113636016846,88200,0.0,0.0
1998-12-07 00:00:00-05:00,4.325923443644411,4.38953971862793,4.2941149421360185,4.38953971862793,97500,0.0,0.0
1998-12-08 00:00:00-05:00,4.2941149421360185,4.421348220136323,4.2941149421360185,4.38953971862793,62700,0.0,0.0
1998-12-09 00:00:00-05:00,4.325920254430187,4.389536482513678,4.325920254430187,4.357728004455566,224400,0.0,0.0
1998-12-10 00:00:00-05:00,4.357731217119537,4.453155993611448,4.357731217119537,4.38953971862793,31500,0.0,0.0
1998-12-11 00:00:00-05:00,4.453152505641511,4.453152505641511,4.373632406205231,4.421344757080078,36600,0.0,0.0
1998-12-14 00:00:00-05:00,4.373634474252458,4.421346847687819,4.357729864418643,4.405442237854004,21600,0.0,0.0
1998-12-15 00:00:00-05:00,4.405440357526367,4.405440357526367,4.357728004455566,4.357728004455566,118200,0.0,0.0
1998-12-16 00:00:00-05:00,4.357729751163025,4.43725061416626,4.32592198838815,4.43725061416626,202500,0.0,0.0
1998-12-17 00:00:00-05:00,4.421346847687819,4.421346847687819,4.357729864418643,4.405442237854004,14100,0.0,0.0
1998-12-18 00:00:00-05:00,4.421344757080078,4.437248631360795,4.325920055330384,4.421344757080078,73200,0.0,0.0
1998-12-21 00:00:00-05:00,4.325922127850208,4.389538383483887,4.294113636016846,4.294113636016846,19500,0.0,0.0
1998-12-22 00:00:00-05:00,4.341827330381974,4.38953971862793,4.2941149421360185,4.38953971862793,29700,0.0,0.0
1998-12-23 00:00:00-05:00,4.325922966003418,4.389539233962831,4.325922966003418,4.325922966003418,18300,0.0,0.0
1998-12-24 00:00:00-05:00,4.325922966003418,4.357730735966531,4.325922966003418,4.325922966003418,13800,0.0,0.0
1998-12-28 00:00:00-05:00,4.325922966003418,4.341826850984974,4.325922966003418,4.325922966003418,309600,0.0,0.0
1998-12-29 00:00:00-05:00,4.325920055330384,4.421344757080078,4.325920055330384,4.421344757080078,433500,0.0,0.0
1998-12-30 00:00:00-05:00,4.325922555431684,4.373634933881176,4.325922555431684,4.341826438903809,14400,0.0,0.0
1998-12-31 00:00:00-05:00,4.294113636016846,4.310017517917004,4.262305144183483,4.294113636016846,114600,0.0,0.0
1999-01-04 00:00:00-05:00,4.262305970010817,4.389539233962831,4.262305970010817,4.325922966003418,64500,0.0,0.0
1999-01-05 00:00:00-05:00,4.325922127850208,4.325922127850208,4.262305144183483,4.294113636016846,68400,0.0,0.0
1999-01-06 00:00:00-05:00,4.325922127850208,4.42134687531725,4.294113636016846,4.294113636016846,51300,0.0,0.0
1999-01-07 00:00:00-05:00,4.294113636016846,4.389538383483887,4.262305144183483,4.294113636016846,57900,0.0,0.0
1999-01-08 00:00:00-05:00,4.262305144183483,4.325922127850208,4.262305144183483,4.294113636016846,45900,0.0,0.0
1999-01-11 00:00:00-05:00,4.310017517917004,4.389538383483887,4.294113636016846,4.294113636016846,24900,0.0,0.0
1999-01-12 00:00:00-05:00,4.341826009750366,4.341826009750366,4.294113636016846,4.294113636016846,17700,0.0,0.0
1999-01-13 00:00:00-05:00,4.198689937591553,4.262306209119743,4.198689937591553,4.198689937591553,32700,0.0,0.0
1999-01-14 00:00:00-05:00,4.198685082532548,4.262301280499519,4.198685082532548,4.230493545532227,129900,0.0,0.0
1999-01-15 00:00:00-05:00,4.26230525970459,4.294113752400056,4.230497495042189,4.26230525970459,12900,0.0,0.0
1999-01-19 00:00:00-05:00,4.262305970010817,4.325922966003418,4.262305970010817,4.325922966003418,72900,0.0,0.0
1999-01-20 00:00:00-05:00,4.278209754116688,4.325922127850208,4.278209754116688,4.294113636016846,52200,0.0,0.0
1999-01-21 00:00:00-05:00,4.294114653759195,4.310018539428711,4.294114653759195,4.310018539428711,42900,0.0,0.0
1999-01-22 00:00:00-05:00,4.294113752400056,4.310017634731257,4.26230525970459,4.26230525970459,58200,0.0,0.0
1999-01-25 00:00:00-05:00,4.262305970010817,4.325922966003418,4.262305970010817,4.325922966003418,117600,0.0,0.0
1999-01-26 00:00:00-05:00,4.262303126335252,4.405440179772249,4.262303126335252,4.373632431030273,266100,0.0,0.0
1999-01-27 00:00:00-05:00,4.389538383483887,4.389538383483887,4.294113636016846,4.294113636016846,131700,0.0,0.0
1999-01-28 00:00:00-05:00,4.294113636016846,4.325922127850208,4.278209754116688,4.294113636016846,8400,0.0,0.0
1999-01-29 00:00:00-05:00,4.262306209119743,4.262306209119743,4.103265166282654,4.198689937591553,81300,0.0,0.0
1999-02-01 00:00:00-05:00,4.166881084442139,4.198689581525356,4.166881084442139,4.166881084442139,95700,0.0,0.0
1999-02-02 00:00:00-05:00,4.1827812150489025,4.262301280499519,4.16687661953287,4.230493545532227,16200,0.0,0.0
1999-02-03 00:00:00-05:00,4.238145205976325,4.270010471343994,4.238145205976325,4.270010471343994,24300,0.01,0.0
1999-02-04 00:00:00-05:00,4.270008536158068,4.270008536158068,4.222209930419922,4.222209930419922,613200,0.0,0.0
1999-02-05 00:00:00-05:00,4.2062798296979995,4.270011099152755,4.190347194671631,4.190347194671631,31200,0.0,0.0
1999-02-08 00:00:00-05:00,4.174413216542642,4.270010471343994,4.174413216542642,4.270010471343994,20700,0.0,0.0
1999-02-09 00:00:00-05:00,4.206279754638672,4.254078388214111,4.206279754638672,4.206279754638672,33000,0.0,0.0
1999-02-10 00:00:00-05:00,4.142549514770508,4.142549514770508,4.142549514770508,4.142549514770508,17100,0.0,0.0
1999-02-11 00:00:00-05:00,4.142548412116952,4.20627967929285,4.110682413854375,4.174413681030273,57900,0.0,0.0
1999-02-12 00:00:00-05:00,4.270010527636979,4.270010527636979,4.110682010650635,4.110682010650635,35700,0.0,0.0
1999-02-16 00:00:00-05:00,4.206278851800534,4.206278851800534,4.078815613175057,4.0947489738464355,24900,0.0,0.0
1999-02-17 00:00:00-05:00,4.094749445934829,4.110682079093989,4.046950817108154,4.046950817108154,36900,0.0,0.0
1999-02-18 00:00:00-05:00,4.142547814849453,4.142547814849453,3.9513533115386963,3.9513533115386963,145200,0.0,0.0
1999-02-19 00:00:00-05:00,3.9832189731508603,3.9832189731508603,3.823890447616577,3.823890447616577,103500,0.0,0.0
1999-02-22 00:00:00-05:00,3.8557556772378923,3.9354195594787598,3.823889686732099,3.9354195594787598,33900,0.0,0.0
1999-02-23 00:00:00-05:00,3.9513533115386963,3.983218575857723,3.855756059883318,3.9513533115386963,57900,0.0,0.0
1999-02-24 00:00:00-05:00,3.903554439544678,3.951353062358086,3.903554439544678,3.9035544395446777,68700,0.0,0.0
1999-02-25 00:00:00-05:00,3.9035546857110073,3.9513533115386963,3.8876213242023447,3.9513533115386963,489600,0.0,0.0
1999-02-26 00:00:00-05:00,3.8876209383946088,3.9354195594787598,3.8716883078162505,3.9354195594787598,47700,0.0,0.0
1999-03-01 00:00:00-05:00,3.951351276218738,3.9832165241241455,3.919485298964557,3.9832165241241455,83700,0.0,0.0
1999-03-02 00:00:00-05:00,3.9832177852471187,3.9832177852471187,3.9513525272528804,3.96728515625,68100,0.0,0.0
1999-03-03 00:00:00-05:00,3.967287483671062,3.967287483671062,3.887622833251953,3.887622833251953,29700,0.0,0.0
1999-03-04 00:00:00-05:00,3.951353062358086,3.951353062358086,3.8876210790408066,3.9035544395446777,9000,0.0,0.0
1999-03-05 00:00:00-05:00,3.919485298964557,3.9832165241241455,3.919485298964557,3.9832165241241455,21900,0.0,0.0
1999-03-08 00:00:00-05:00,3.983218575857723,3.983218575857723,3.9513533115386963,3.9513533115386963,7800,0.0,0.0
1999-03-09 00:00:00-05:00,3.9194874704619984,3.9513534653707647,3.8716888427734375,3.8716888427734375,38400,0.0,0.0
1999-03-10 00:00:00-05:00,3.951353062358086,3.951353062358086,3.8716884478860383,3.9035544395446777,56700,0.0,0.0
1999-03-11 00:00:00-05:00,3.9513513080928977,3.9513513080928977,3.919485330581665,3.919485330581665,24900,0.0,0.0
1999-03-12 00:00:00-05:00,3.9194870222182496,4.015084266662598,3.8557557690383826,4.015084266662598,48900,0.0,0.0
1999-03-15 00:00:00-05:00,4.015084569525899,4.046950563194075,3.9513533115386963,3.9513533115386963,30000,0.0,0.0
1999-03-16 00:00:00-05:00,4.015084569525899,4.015084569525899,3.9513533115386963,3.9513533115386963,52500,0.0,0.0
1999-03-17 00:00:00-05:00,4.01508472583912,4.01508472583912,3.855756209993643,3.8716888427734375,65100,0.0,0.0
1999-03-18 00:00:00-05:00,3.9513533115386963,3.9513533115386963,3.855756059883318,3.9513533115386963,15300,0.0,0.0
1999-03-19 00:00:00-05:00,3.871686761253183,3.951351341020745,3.8557541370391846,3.8557541370391846,33600,0.0,0.0
1999-03-22 00:00:00-05:00,3.8557541370391846,3.887619385467181,3.8557541370391846,3.8557541370391846,32100,0.0,0.0
1999-03-23 00:00:00-05:00,3.8557564444631223,3.871689078211784,3.823890447616577,3.823890447616577,43800,0.0,0.0
1999-03-24 00:00:00-05:00,3.8238894085212136,3.8238894085212136,3.7920234203338627,3.7920234203338623,21600,0.0,0.0
1999-03-25 00:00:00-05:00,3.823890447616577,3.823890447616577,3.7920244507700316,3.823890447616577,68700,0.0,0.0
1999-03-26 00:00:00-05:00,3.823890521706903,3.8876217872856063,3.7920245242429336,3.807957887649536,63300,0.0,0.0
1999-03-29 00:00:00-05:00,3.823889738284283,3.8716883600128362,3.823889738284283,3.8477890491485596,67200,0.0,0.0
1999-03-30 00:00:00-05:00,3.823890447616577,3.887621711960446,3.7920244507700316,3.823890447616577,48900,0.0,0.0
1999-03-31 00:00:00-05:00,3.792025414684059,3.8238914196307845,3.7282941341400146,3.7282941341400146,60000,0.0,0.0
1999-04-01 00:00:00-05:00,3.807956277907714,3.8238889052298624,3.696425698605891,3.7442243099212646,60600,0.0,0.0
1999-04-05 00:00:00-04:00,3.696424977504061,3.8557541370391846,3.696424977504061,3.8557541370391846,39300,0.0,0.0
1999-04-06 00:00:00-04:00,3.823890521706903,3.823890521706903,3.7123606246068634,3.807957887649536,68400,0.0,0.0
1999-04-07 00:00:00-04:00,3.744226771938674,3.807958781832125,3.696428129193289,3.7282941341400146,340200,0.0,0.0
1999-04-08 00:00:00-04:00,3.7601601390867403,3.8238914196307845,3.7282941341400146,3.7282941341400146,27900,0.0,0.0
1999-04-09 00:00:00-04:00,3.7920240412933337,3.7920240412933337,3.5848969075301924,3.7601587772369385,964800,0.0,0.0
1999-04-12 00:00:00-04:00,3.7760929061447457,3.887622833251953,3.7681262222980054,3.887622833251953,195000,0.0,0.0
1999-04-13 00:00:00-04:00,3.871688468724074,4.015084337936077,3.871688468724074,3.9991517066955566,109200,0.0,0.0
1999-04-14 00:00:00-04:00,3.951351276218738,4.015082501378327,3.9354179229172606,3.9832165241241455,212400,0.0,0.0
1999-04-15 00:00:00-04:00,3.9832177852471187,4.015083772590361,3.8238893072289155,3.96728515625,120300,0.0,0.0
1999-04-16 00:00:00-04:00,3.9672839001714415,4.015082501378327,3.919485298964557,3.9832165241241455,87300,0.0,0.0
1999-04-19 00:00:00-04:00,3.9832177852471187,4.015083772590361,3.9194865399096384,3.96728515625,103800,0.0,0.0
1999-04-20 00:00:00-04:00,3.9194870917947418,4.078815592247264,3.9194870917947418,3.9991517066955566,38100,0.0,0.0
1999-04-21 00:00:00-04:00,3.9832165241241455,4.015082501378327,3.8876193217103756,3.9832165241241455,643200,0.0,0.0
1999-04-22 00:00:00-04:00,3.903556200945434,3.951354845327013,3.887622833251953,3.887622833251953,439500,0.0,0.0
1999-04-23 00:00:00-04:00,3.887622833251953,3.919488839289483,3.887622833251953,3.887622833251953,157800,0.0,0.0
1999-04-26 00:00:00-04:00,3.887622833251953,3.951354845327013,3.887622833251953,3.887622833251953,181500,0.0,0.0
1999-04-27 00:00:00-04:00,3.9513513080928977,3.9832165562553508,3.919485330581665,3.919485330581665,59700,0.0,0.0
1999-04-28 00:00:00-04:00,3.8876193530704324,3.9832165562553508,3.8876193530704324,3.919485330581665,56700,0.0,0.0
1999-04-29 00:00:00-04:00,3.959077611412532,3.991005167518132,3.959077611412532,3.975041389465332,85200,0.01,0.0
1999-04-30 00:00:00-04:00,3.99100399017334,4.086788091783697,3.9590764434863543,3.99100399017334,105300,0.0,0.0
1999-05-03 00:00:00-04:00,3.99100399017334,4.022932267635026,3.99100399017334,3.99100399017334,63600,0.0,0.0
1999-05-04 00:00:00-04:00,3.9910063599431016,4.006970873540664,3.927150497878256,3.9431142807006836,165300,0.0,0.0
1999-05-05 00:00:00-04:00,3.927150255886185,3.9590785503387447,3.895221961433625,3.959078550338745,31500,0.0,0.0
1999-05-06 00:00:00-04:00,3.9910063599431016,3.9910063599431016,3.895222201458266,3.9431142807006836,48000,0.0,0.0
1999-05-07 00:00:00-04:00,3.895219522522761,3.9111840251407437,3.8632919788360596,3.8632919788360596,71100,0.0,0.0
1999-05-10 00:00:00-04:00,3.9271509468555448,3.9271509468555448,3.831366777420044,3.831366777420044,44400,0.0,0.0
1999-05-11 00:00:00-04:00,3.9271514448354408,3.991007322297905,3.8952231407165527,3.8952231407165527,65400,0.0,0.0
1999-05-12 00:00:00-04:00,3.895221961433625,3.9590785503387447,3.895221961433625,3.959078550338745,139500,0.0,0.0
1999-05-13 00:00:00-04:00,3.9590764434863543,3.99100399017334,3.927148166024668,3.99100399017334,53100,0.0,0.0
1999-05-14 00:00:00-04:00,3.991006816220806,3.991006816220806,3.831366777420044,3.831366777420044,77400,0.0,0.0
1999-05-17 00:00:00-04:00,3.8473305620675546,3.863295077490284,3.7834746927022933,3.831366777420044,326400,0.0,0.0
1999-05-18 00:00:00-04:00,3.8154029927725333,3.831366777420044,3.7036543079143027,3.831366777420044,118200,0.0,0.0
1999-05-19 00:00:00-04:00,3.7675109080547826,3.831366777420044,3.7675109080547826,3.831366777420044,109800,0.0,0.0
1999-05-20 00:00:00-04:00,3.8313653340934515,3.8792574007696197,3.7355812007411155,3.7994370460510254,663600,0.0,0.0
1999-05-21 00:00:00-04:00,3.735579611765358,3.8632919788360596,3.735579611765358,3.8632919788360596,139200,0.0,0.0
1999-05-24 00:00:00-04:00,3.831363704374726,3.8632919788360596,3.8153999325313754,3.8632919788360596,45900,0.0,0.0
1999-05-25 00:00:00-04:00,3.8473290837925704,3.863293593081191,3.7675094604492188,3.7675094604492188,74400,0.0,0.0
1999-05-26 00:00:00-04:00,3.7994391866450314,3.7994391866450314,3.6996642351150513,3.7355833053588867,74100,0.0,0.0
1999-05-27 00:00:00-04:00,3.719617395354728,3.815401528018155,3.719617395354728,3.751544952392578,71700,0.0,0.0
1999-05-28 00:00:00-04:00,3.783475399017334,3.783475399017334,3.7355833053588867,3.7355833053588867,27000,0.0,0.0
1999-06-01 00:00:00-04:00,3.783475399017334,3.783475399017334,3.7355833053588867,3.7355833053588867,21000,0.0,0.0
1999-06-02 00:00:00-04:00,3.751545590948493,3.751545590948493,3.544013511778383,3.5599772930145264,77700,0.0,0.0
1999-06-03 00:00:00-04:00,3.5599772930145264,3.607869367498018,3.5599772930145264,3.5599772930145264,136200,0.0,0.0
1999-06-04 00:00:00-04:00,3.575941812602105,3.5919055938720708,3.575941812602105,3.5919055938720703,104100,0.0,0.0
1999-06-07 00:00:00-04:00,3.575941587722288,3.6078691482543945,3.575941587722288,3.6078691482543945,210900,0.0,0.0
1999-06-08 00:00:00-04:00,3.60786840131901,3.671724970713062,3.559976339660904,3.5759408473968506,132300,0.0,0.0
1999-06-09 00:00:00-04:00,3.5919055938720708,3.607869375142036,3.575941812602105,3.5919055938720703,183600,0.0,0.0
1999-06-10 00:00:00-04:00,3.575942755622826,3.575942755622826,3.5120861521530524,3.5440144538879395,110400,0.0,0.0
1999-06-11 00:00:00-04:00,3.5120861521530524,3.575942755622826,3.5120861521530524,3.5440144538879395,20400,0.0,0.0
1999-06-14 00:00:00-04:00,3.512084722518921,3.528049232275457,3.4801571645557674,3.512084722518921,49500,0.0,0.0
1999-06-15 00:00:00-04:00,3.5440125305546877,3.5440125305546877,3.4961204693309753,3.5280487537384033,51300,0.0,0.0
1999-06-16 00:00:00-04:00,3.4961214372948914,3.5759418050257317,3.4961214372948914,3.5599772930145264,196800,0.0,0.0
1999-06-17 00:00:00-04:00,3.5440149256658398,3.6557629004509056,3.5440149256658398,3.623835325241089,136200,0.0,0.0
1999-06-18 00:00:00-04:00,3.6717243564787414,3.7196164101250955,3.6637421039461007,3.7036519050598145,93000,0.0,0.0
1999-06-21 00:00:00-04:00,3.6876916793157437,3.7196199893951416,3.6876916793157437,3.7196199893951416,259200,0.0,0.0
1999-06-22 00:00:00-04:00,3.7196173941332327,3.7675094604492188,3.687689106330929,3.7675094604492188,105600,0.0,0.0
1999-06-23 00:00:00-04:00,3.687689106330929,3.8313653052788874,3.687689106330929,3.7675094604492188,84600,0.0,0.0
1999-06-24 00:00:00-04:00,3.831365233973453,3.831365233973453,3.6238331940581987,3.6397969722747803,162600,0.0,0.0
1999-06-25 00:00:00-04:00,3.6717257308686437,3.7355815827078747,3.6078691482543945,3.6078691482543945,102300,0.0,0.0
1999-06-28 00:00:00-04:00,3.6557607504913614,3.7355811031241166,3.6078686850666934,3.6397969722747803,210600,0.0,0.0
1999-06-29 00:00:00-04:00,3.6397960771229236,3.735580184415632,3.6397960771229236,3.7036519050598145,27300,0.0,0.0
1999-06-30 00:00:00-04:00,3.719617395354728,3.7994370187242916,3.6078687533974376,3.751544952392578,454800,0.0,0.0
1999-07-01 00:00:00-04:00,3.735580184415632,3.751543958706169,3.6557598514134604,3.7036519050598145,35100,0.0,0.0
1999-07-02 00:00:00-04:00,3.671726703643799,3.767510872166896,3.671726703643799,3.671726703643799,31800,0.0,0.0
1999-07-06 00:00:00-04:00,3.6397991128459974,3.671727418831168,3.6078708068608267,3.623835325241089,112500,0.0,0.0
1999-07-07 00:00:00-04:00,3.623835325241089,3.623835325241089,3.6078708068608267,3.623835325241089,252300,0.0,0.0
1999-07-08 00:00:00-04:00,3.6078691482543945,3.6238336592954656,3.5919053679883413,3.6078691482543945,108600,0.0,0.0
1999-07-09 00:00:00-04:00,3.6078708068608267,3.6397991128459974,3.6078708068608267,3.623835325241089,1200,0.0,0.0
1999-07-12 00:00:00-04:00,3.60786840131901,3.60786840131901,3.559976339660904,3.5759408473968506,125400,0.0,0.0
1999-07-13 00:00:00-04:00,3.575941812602105,3.623833887187066,3.575941812602105,3.5919055938720703,62400,0.0,0.0
1999-07-14 00:00:00-04:00,3.607869375142036,3.623833887187066,3.575941812602105,3.5919055938720703,37200,0.0,0.0
1999-07-15 00:00:00-04:00,3.623833887187066,3.623833887187066,3.5919055938720708,3.5919055938720703,34800,0.0,0.0
1999-07-16 00:00:00-04:00,3.5919053679883413,3.6078691482543945,3.5919053679883413,3.6078691482543945,15900,0.0,0.0
1999-07-19 00:00:00-04:00,3.591904906850112,3.671725259482867,3.591904906850112,3.6397969722747803,105000,0.0,0.0
1999-07-20 00:00:00-04:00,3.6717257308686437,3.6717257308686437,3.6078691482543945,3.6078691482543945,80700,0.0,0.0
1999-07-21 00:00:00-04:00,3.6717253278172466,3.7675094604492188,3.6717253278172466,3.7675094604492188,427800,0.0,0.0
1999-07-22 00:00:00-04:00,3.7355812007411155,3.7994370460510254,3.7355812007411155,3.7994370460510254,54600,0.0,0.0
1999-07-23 00:00:00-04:00,3.7675109080547826,3.863295077490284,3.7515463926320534,3.831366777420044,75300,0.0,0.0
1999-07-26 00:00:00-04:00,3.8313653340934515,3.8952211794033613,3.767509488783542,3.7994370460510254,81600,0.0,0.0
1999-07-27 00:00:00-04:00,3.799438477349804,3.863295077490284,3.799438477349804,3.831366777420044,150000,0.0,0.0
1999-07-28 00:00:00-04:00,3.879254783606931,3.879254783606931,3.8313627492414133,3.8473265171051025,30300,0.0,0.0
1999-07-29 00:00:00-04:00,3.847329861565851,3.879258155822754,3.8313660798249423,3.879258155822754,84600,0.0,0.0
1999-07-30 00:00:00-04:00,3.8709422160860574,3.918929100036621,3.8229553321354937,3.918929100036621,326700,0.01,0.0
1999-08-02 00:00:00-04:00,3.870940923690796,3.934923170189145,3.8389494343308734,3.870940923690796,624900,0.0,0.0
1999-08-03 00:00:00-04:00,3.83894944190979,3.8469474973209348,3.83894944190979,3.83894944190979,32700,0.0,0.0
1999-08-04 00:00:00-04:00,3.8389481204397216,3.8709395988504673,3.8069566420289753,3.8229527473449707,1221600,0.0,0.0
1999-08-05 00:00:00-04:00,3.8229527473449707,3.8229527473449707,3.8069566420289753,3.8229527473449707,841500,0.0,0.0
1999-08-06 00:00:00-04:00,3.806957960128784,3.8229540709831835,3.806957960128784,3.806957960128784,80400,0.0,0.0
1999-08-09 00:00:00-04:00,3.8069574699127595,3.8069574699127595,3.7749667167663574,3.7749667167663574,34800,0.0,0.0
1999-08-10 00:00:00-04:00,3.774967215713752,3.774967215713752,3.6150104999542236,3.6150104999542236,55800,0.0,0.0
1999-08-11 00:00:00-04:00,3.6150099059934244,3.694988250732422,3.6150099059934244,3.694988250732422,48000,0.0,0.0
1999-08-12 00:00:00-04:00,3.647000312805176,3.7109825303596153,3.647000312805176,3.647000312805176,24900,0.0,0.0
1999-08-13 00:00:00-04:00,3.710982468941553,3.8069561597953965,3.6789917268043735,3.7909607887268066,54000,0.0,0.0
1999-08-16 00:00:00-04:00,3.790961614021888,3.790961614021888,3.7429747581481934,3.7429747581481934,17700,0.0,0.0
1999-08-17 00:00:00-04:00,3.758970607971752,3.7909620933395587,3.7429752313985514,3.7749667167663574,18600,0.0,0.0
1999-08-18 00:00:00-04:00,3.7909620933395587,3.7909620933395587,3.7109837460307453,3.7749667167663574,28200,0.0,0.0
1999-08-19 00:00:00-04:00,3.758970607971752,3.7749667167663574,3.7109837460307453,3.7749667167663574,18600,0.0,0.0
1999-08-20 00:00:00-04:00,3.8229535787073647,3.8229535787073647,3.7109837460307453,3.7749667167663574,35700,0.0,0.0
1999-08-23 00:00:00-04:00,3.7909616135539097,3.7909616135539097,3.7109832763671875,3.7109832763671875,18300,0.0,0.0
1999-08-24 00:00:00-04:00,3.710983499279769,3.774966465761021,3.6470012650198718,3.678992748260498,39600,0.0,0.0
1999-08-25 00:00:00-04:00,3.75897035803003,3.774966465761021,3.6470012650198718,3.678992748260498,36000,0.0,0.0
1999-08-26 00:00:00-04:00,3.662996768951416,3.6789928772432186,3.662996768951416,3.662996768951416,26100,0.0,0.0
1999-08-27 00:00:00-04:00,3.6629966405295074,3.678992748260498,3.6629966405295074,3.678992748260498,24300,0.0,0.0
1999-08-30 00:00:00-04:00,3.6789928772432186,3.6789928772432186,3.662996768951416,3.662996768951416,24300,0.0,0.0
1999-08-31 00:00:00-04:00,3.678992527723704,3.7749662394710937,3.662996420951598,3.7429747581481934,298200,0.0,0.0
1999-09-01 00:00:00-04:00,3.678992748260498,3.710983499279769,3.678992748260498,3.678992748260498,18600,0.0,0.0
1999-09-02 00:00:00-04:00,3.678994070516116,3.678994070516116,3.5510288237833825,3.631007194519043,190800,0.0,0.0
1999-09-03 00:00:00-04:00,3.6150095646316456,3.7109832763671875,3.6150095646316456,3.7109832763671875,94500,0.0,0.0
1999-09-07 00:00:00-04:00,3.6629958912427183,3.710982740176995,3.5510268211364746,3.5510268211364746,41400,0.0,0.0
1999-09-08 00:00:00-04:00,3.6150100096273925,3.6150100096273925,3.5670231478525976,3.583019256591797,47700,0.0,0.0
1999-09-09 00:00:00-04:00,3.6470014948843894,3.6470014948843894,3.5670231478525976,3.583019256591797,34800,0.0,0.0
1999-09-10 00:00:00-04:00,3.5670249462127686,3.5830210630166097,3.5670249462127686,3.5670249462127686,123300,0.0,0.0
1999-09-13 00:00:00-04:00,3.5830210630166097,3.6470033335666625,3.5510295616306977,3.5670249462127686,46200,0.0,0.0
1999-09-14 00:00:00-04:00,3.583019742579519,3.6150104999542236,3.583019742579519,3.6150104999542236,15600,0.0,0.0
1999-09-15 00:00:00-04:00,3.583019742579519,3.6470019895504295,3.583019742579519,3.6150104999542236,86400,0.0,0.0
1999-09-16 00:00:00-04:00,3.599015699780455,3.631007194519043,3.599015699780455,3.631007194519043,3300,0.0,0.0
1999-09-17 00:00:00-04:00,3.59901644759868,3.59901644759868,3.5670249462127686,3.5670249462127686,48000,0.0,0.0
1999-09-20 00:00:00-04:00,3.5670249462127686,3.6470033335666625,3.5510295616306977,3.5670249462127686,15000,0.0,0.0
1999-09-21 00:00:00-04:00,3.583019256591797,3.5990146331095945,3.5670231478525976,3.583019256591797,218400,0.0,0.0
1999-09-22 00:00:00-04:00,3.5670230363878366,3.5990145206451416,3.5670230363878366,3.5990145206451416,15600,0.0,0.0
1999-09-23 00:00:00-04:00,3.583019256591797,3.6470014948843894,3.583019256591797,3.583019256591797,130500,0.0,0.0
1999-09-24 00:00:00-04:00,3.583019256591797,3.583019256591797,3.583019256591797,3.583019256591797,14400,0.0,0.0
1999-09-27 00:00:00-04:00,3.5990145206451416,3.5990145206451416,3.5830191446271784,3.5990145206451416,163200,0.0,0.0
1999-09-28 00:00:00-04:00,3.6150098966631052,3.6150098966631052,3.5830191446271784,3.5990145206451416,209400,0.0,0.0
1999-09-29 00:00:00-04:00,3.583019256591797,3.6150100096273925,3.583019256591797,3.583019256591797,70800,0.0,0.0
1999-09-30 00:00:00-04:00,3.5990151212668713,3.6150104999542236,3.583019742579519,3.6150104999542236,113400,0.0,0.0
1999-10-01 00:00:00-04:00,3.6470019895504295,3.6470019895504295,3.583019742579519,3.6150104999542236,9600,0.0,0.0
1999-10-04 00:00:00-04:00,3.6150098966631052,3.710983617213642,3.5990145206451416,3.5990145206451416,15000,0.0,0.0
1999-10-05 00:00:00-04:00,3.710983617213642,3.710983617213642,3.5990145206451416,3.5990145206451416,11400,0.0,0.0
1999-10-06 00:00:00-04:00,3.599014190082826,3.7109832763671875,3.599014190082826,3.7109832763671875,41400,0.0,0.0
1999-10-07 00:00:00-04:00,3.6470019895504295,3.71098423652134,3.6150104999542236,3.6150104999542236,276000,0.0,0.0
1999-10-08 00:00:00-04:00,3.662997368237782,3.71098423652134,3.6150104999542236,3.6150104999542236,42600,0.0,0.0
1999-10-11 00:00:00-04:00,3.6789928746731744,3.694988250732422,3.6789928746731744,3.694988250732422,7200,0.0,0.0
1999-10-12 00:00:00-04:00,3.6789934791466354,3.6789934791466354,3.6150104999542236,3.6150104999542236,19500,0.0,0.0
1999-10-13 00:00:00-04:00,3.631004941471857,3.647000312805176,3.6150088379173737,3.647000312805176,25500,0.0,0.0
1999-10-14 00:00:00-04:00,3.6310058895102366,3.678992748260498,3.6310058895102366,3.678992748260498,37200,0.0,0.0
1999-10-15 00:00:00-04:00,3.6150088379173737,3.698985818804335,3.5990134665840547,3.647000312805176,29700,0.0,0.0
1999-10-18 00:00:00-04:00,3.694988857833988,3.694988857833988,3.5990151212668713,3.6150104999542236,6900,0.0,0.0
1999-10-19 00:00:00-04:00,3.71098423652134,3.71098423652134,3.5990151212668713,3.6150104999542236,58800,0.0,0.0
1999-10-20 00:00:00-04:00,3.694987901818368,3.7109832763671875,3.6150095646316456,3.7109832763671875,31500,0.0,0.0
1999-10-21 00:00:00-04:00,3.6150095646316456,3.7109832763671875,3.6150095646316456,3.7109832763671875,36000,0.0,0.0
1999-10-22 00:00:00-04:00,3.6150098966631052,3.6470013809204103,3.5830191446271784,3.5990145206451416,351300,0.0,0.0
1999-10-25 00:00:00-04:00,3.5990145206451416,3.6629967569383735,3.5990145206451416,3.5990145206451416,18600,0.0,0.0
1999-10-26 00:00:00-04:00,3.599015699780455,3.631007194519043,3.599015699780455,3.631007194519043,51600,0.0,0.0
1999-10-27 00:00:00-04:00,3.631004941471857,3.647000312805176,3.6150088379173737,3.647000312805176,12300,0.0,0.0
1999-10-28 00:00:00-04:00,3.647002575777528,3.7109848330330855,3.61501108103894,3.631007194519043,35100,0.0,0.0
1999-10-29 00:00:00-04:00,3.7109825303596153,3.7109825303596153,3.631004941471857,3.647000312805176,24600,0.0,0.0
1999-11-01 00:00:00-05:00,3.6629964204994168,3.742974757686139,3.6470010459505966,3.7109832763671875,60300,0.0,0.0
1999-11-02 00:00:00-05:00,3.710983626791669,3.742975111131544,3.6789928746731744,3.694988250732422,122400,0.0,0.0
1999-11-03 00:00:00-05:00,3.7109837460307453,3.7749667167663574,3.7109837460307453,3.7749667167663574,185700,0.0,0.0
1999-11-04 00:00:00-05:00,3.774967202862982,3.806957960128784,3.758971092008583,3.806957960128784,11100,0.0,0.0
1999-11-05 00:00:00-05:00,3.7825956086388994,3.8467071499035717,3.7825956086388994,3.8146510124206543,105000,0.01,0.0
1999-11-08 00:00:00-05:00,3.846707344055176,3.846707344055176,3.814651204954316,3.846707344055176,16800,0.0,0.0
1999-11-09 00:00:00-05:00,3.7986225701656857,3.878762531402854,3.7986225701656857,3.830678701400757,97500,0.0,0.0
1999-11-10 00:00:00-05:00,3.782595799554656,3.846707344055176,3.782595799554656,3.846707344055176,107100,0.0,0.0
1999-11-11 00:00:00-05:00,3.8306796413553457,3.862735046755006,3.814651204954316,3.846707344055176,278100,0.0,0.0
1999-11-12 00:00:00-05:00,3.814650268932712,3.9108179289369063,3.7986225701656857,3.830678701400757,68100,0.0,0.0
1999-11-15 00:00:00-05:00,3.798623310529777,3.8146510124206543,3.7825956086388994,3.8146510124206543,166500,0.0,0.0
1999-11-16 00:00:00-05:00,3.782595799554656,3.846707344055176,3.7665673631536265,3.846707344055176,220200,0.0,0.0
1999-11-17 00:00:00-05:00,3.8226626286139855,3.8226626286139855,3.7505369186401367,3.7505369186401367,35400,0.0,0.0
1999-11-18 00:00:00-05:00,3.830679448012694,3.830679448012694,3.750539471155982,3.8146510124206543,64200,0.0,0.0
1999-11-19 00:00:00-05:00,3.7665671730468597,3.8467071499035717,3.750539471155982,3.8146510124206543,268800,0.0,0.0
1999-11-22 00:00:00-05:00,3.782594284643578,3.782594284643578,3.6864266395568848,3.6864266395568848,39300,0.0,0.0
1999-11-23 00:00:00-05:00,3.6864266395568848,3.718482032118512,3.6543705132943516,3.6864266395568848,603900,0.0,0.0
1999-11-24 00:00:00-05:00,3.6703982095751657,3.718482032118512,3.6543705132943516,3.6864266395568848,513900,0.0,0.0
1999-11-26 00:00:00-05:00,3.7184851982472424,3.7184851982472424,3.6704013347625732,3.6704013347625732,23700,0.0,0.0
1999-11-29 00:00:00-05:00,3.6704013347625732,3.702457488319529,3.65437362483486,3.6704013347625732,333300,0.0,0.0
1999-11-30 00:00:00-05:00,3.7024543358376985,3.7024543358376985,3.6543705132943516,3.6864266395568848,152700,0.0,0.0
1999-12-01 00:00:00-05:00,3.686427212022532,3.686427212022532,3.590259552001953,3.590259552001953,64800,0.0,0.0
1999-12-02 00:00:00-05:00,3.654372948508043,3.654372948508043,3.606289093922411,3.638345241546631,311700,0.0,0.0
1999-12-03 00:00:00-05:00,3.638345241546631,3.654372948508043,3.622316800883824,3.638345241546631,80400,0.0,0.0
1999-12-06 00:00:00-05:00,3.6383447991876623,3.6383447991876623,3.622316360473633,3.622316360473633,147600,0.0,0.0
1999-12-07 00:00:00-05:00,3.6383447991876623,3.6383447991876623,3.622316360473633,3.622316360473633,138900,0.0,0.0
1999-12-08 00:00:00-05:00,3.606286353200486,3.606286353200486,3.526146411895752,3.526146411895752,451200,0.0,0.0
1999-12-09 00:00:00-05:00,3.5261485732878337,3.5261485732878337,3.47806472577163,3.5101208686828613,48900,0.0,0.0
1999-12-10 00:00:00-05:00,3.51011871711514,3.542174840377201,3.51011871711514,3.526146411895752,167400,0.0,0.0
1999-12-13 00:00:00-05:00,3.5261475744585007,3.5421760082244873,3.5261475744585007,3.5421760082244873,54000,0.0,0.0
1999-12-14 00:00:00-05:00,3.5261485732878337,3.5421770115940925,3.5101208686828613,3.5101208686828613,347100,0.0,0.0
1999-12-15 00:00:00-05:00,3.526147626632561,3.5421760606357098,3.4940922260284424,3.4940922260284424,128700,0.0,0.0
1999-12-16 00:00:00-05:00,3.4620372227260043,3.4620372227260043,3.3658695220947266,3.3658695220947266,47400,0.0,0.0
1999-12-17 00:00:00-05:00,3.3818956805126446,3.429979508831312,3.2376441955566406,3.2376441955566406,185100,0.0,0.0
1999-12-20 00:00:00-05:00,3.2055882954840427,3.333811328386807,3.2055882954840427,3.269699811935425,349200,0.0,0.0
1999-12-21 00:00:00-05:00,3.2376436868592946,3.2857275076230508,3.173532170407912,3.269699811935425,276600,0.0,0.0
1999-12-22 00:00:00-05:00,3.2376441955566406,3.269700325669417,3.205588799144858,3.2376441955566406,129300,0.0,0.0
1999-12-23 00:00:00-05:00,3.253672116247799,3.269699811935425,3.2376436868592946,3.269699811935425,157200,0.0,0.0
1999-12-27 00:00:00-05:00,3.2376444952582957,3.2857283280279788,3.14147682971893,3.1735329627990723,366600,0.0,0.0
1999-12-28 00:00:00-05:00,3.1254487484693527,3.157504877636029,3.045308792403148,3.077364921569824,428100,0.0,0.0
1999-12-29 00:00:00-05:00,3.1094215743200104,3.1414769751834,3.04530930519104,3.04530930519104,95100,0.0,0.0
1999-12-30 00:00:00-05:00,3.0773655938716304,3.1414771325102455,3.045309457701757,3.109421730041504,2985300,0.0,0.0
1999-12-31 00:00:00-05:00,3.2376441955566406,3.3017564557821935,3.2376441955566406,3.2376441955566406,51300,0.0,0.0
2000-01-03 00:00:00-05:00,3.237644536342829,3.269700669829752,3.0773653363103546,3.14147686958313,214800,0.0,0.0
2000-01-04 00:00:00-05:00,3.1254492747517055,3.1254492747517055,2.981197769763165,3.04530930519104,117000,0.0,0.0
2000-01-05 00:00:00-05:00,3.1414771891636764,3.1414771891636764,2.9972256743495103,3.061337947845459,198900,0.0,0.0
2000-01-06 00:00:00-05:00,3.045308792403148,3.0933926193026764,3.045308792403148,3.077364921569824,30300,0.0,0.0
2000-01-07 00:00:00-05:00,3.045309512620899,3.0773656493688732,3.01325410957407,3.061337947845459,138000,0.0,0.0
2000-01-10 00:00:00-05:00,3.1414769751834,3.1414769751834,3.04530930519104,3.04530930519104,24000,0.0,0.0
2000-01-11 00:00:00-05:00,3.09339314018722,3.09339314018722,3.029281604759345,3.04530930519104,77400,0.0,0.0
2000-01-12 00:00:00-05:00,3.0773658165564903,3.1414773598343553,3.0773658165564903,3.1254496574401855,205200,0.0,0.0
2000-01-13 00:00:00-05:00,3.0933926193026764,3.1254487484693527,3.077364921569824,3.077364921569824,289500,0.0,0.0
2000-01-14 00:00:00-05:00,3.1094215743200104,3.1094215743200104,3.04530930519104,3.04530930519104,216900,0.0,0.0
2000-01-18 00:00:00-05:00,3.10942184398183,3.10942184398183,2.8850303499724737,3.013254165649414,238200,0.0,0.0
2000-01-19 00:00:00-05:00,2.917085631306412,3.0132532814187014,2.901057200487068,2.949141025543213,83400,0.0,0.0
2000-01-20 00:00:00-05:00,2.9972251122916087,2.9972251122916087,2.9010574537827765,2.917085886001587,92400,0.0,0.0
2000-01-21 00:00:00-05:00,2.917085886001587,2.93311358451939,2.9010574537827765,2.917085886001587,24300,0.0,0.0
2000-01-24 00:00:00-05:00,2.917085639400239,2.9331133365631104,2.917085639400239,2.9331133365631104,48900,0.0,0.0
2000-01-25 00:00:00-05:00,2.885029511373551,2.9331133365631104,2.885029511373551,2.9331133365631104,55200,0.0,0.0
2000-01-26 00:00:00-05:00,2.933113371758508,2.9491410691137006,2.885029545991975,2.901057243347168,115500,0.0,0.0
2000-01-27 00:00:00-05:00,2.9170854826626993,2.9170854826626993,2.8209178374507524,2.8369455337524414,87600,0.0,0.0
2000-01-28 00:00:00-05:00,2.8690022106055806,2.8810231685638428,2.8529737775271995,2.8810231685638428,8700,0.0,0.0
2000-01-31 00:00:00-05:00,2.852973434237236,2.8850295628357308,2.8209180393397006,2.869001865386963,126000,0.0,0.0
2000-02-01 00:00:00-05:00,2.876716660312013,2.892787456512451,2.8606451284376817,2.892787456512451,108300,0.01,0.0
2000-02-02 00:00:00-05:00,2.9088571555834184,2.9249286813960755,2.8445732593536377,2.8445732593536377,56700,0.0,0.0
2000-02-03 00:00:00-05:00,2.8445741655437153,2.90885808225229,2.828503370285034,2.828503370285034,204300,0.0,0.0
2000-02-04 00:00:00-05:00,2.8445741655437153,2.856627445906189,2.828503370285034,2.828503370285034,186600,0.0,0.0
2000-02-07 00:00:00-05:00,2.8526095502138995,2.9088576939476196,2.8285029927069476,2.860644578933716,148800,0.0,0.0
2000-02-08 00:00:00-05:00,2.8445741655437153,2.8445741655437153,2.828503370285034,2.828503370285034,57300,0.0,0.0
2000-02-09 00:00:00-05:00,2.8285032177168192,2.8285032177168192,2.76421856880188,2.76421856880188,113100,0.0,0.0
2000-02-10 00:00:00-05:00,2.812432004162474,2.892787456512451,2.812432004162474,2.892787456512451,384000,0.0,0.0
2000-02-11 00:00:00-05:00,2.8767161646579327,2.924929280626089,2.8285030486897758,2.8646628856658936,376800,0.0,0.0
2000-02-14 00:00:00-05:00,2.8606451284376817,2.892787456512451,2.8606451284376817,2.892787456512451,166800,0.0,0.0
2000-02-15 00:00:00-05:00,2.8606449608023965,2.876716491734928,2.812431839352503,2.828503370285034,235800,0.0,0.0
2000-02-16 00:00:00-05:00,2.84457413816826,2.876716464050143,2.812431812286377,2.812431812286377,73800,0.0,0.0
2000-02-17 00:00:00-05:00,2.8285029927069476,2.860644578933716,2.8124314639198116,2.860644578933716,126300,0.0,0.0
2000-02-18 00:00:00-05:00,2.8526100981744094,2.9088582527128892,2.8285035360368056,2.892787456512451,1254900,0.0,0.0
2000-02-22 00:00:00-05:00,2.900822555583523,2.9409999046852495,2.892786791493688,2.908857583999634,97200,0.0,0.0
2000-02-23 00:00:00-05:00,2.9168930062536993,2.9731418769431923,2.9168930062536993,2.9570703506469727,308400,0.0,0.0
2000-02-24 00:00:00-05:00,2.9731418769431923,2.9892126675657744,2.924928769401809,2.9570703506469727,330300,0.0,0.0
2000-02-25 00:00:00-05:00,2.957070298241828,2.989212614591004,2.9409995079040527,2.9409995079040527,176400,0.0,0.0
2000-02-28 00:00:00-05:00,3.0695680920259596,3.0695680920259596,2.9570703506469727,2.9570703506469727,12300,0.0,0.0
2000-02-29 00:00:00-05:00,2.924928800590153,3.021355016701107,2.924928800590153,2.97314190864563,90300,0.0,0.0
2000-03-01 00:00:00-05:00,2.9570703821780406,2.9892126994395736,2.9570703821780406,2.97314190864563,150900,0.0,0.0
2000-03-02 00:00:00-05:00,2.9892126994395736,2.9892126994395736,2.9570703821780406,2.97314190864563,438300,0.0,0.0
2000-03-03 00:00:00-05:00,2.9731424980299295,2.9731424980299295,2.92492938041687,2.92492938041687,58800,0.0,0.0
2000-03-06 00:00:00-05:00,2.9570713769880967,2.9651071429252625,2.892787456512451,2.892787456512451,80400,0.0,0.0
2000-03-07 00:00:00-05:00,2.8927869302089473,2.908857723485522,2.8285030214288907,2.876716136932373,65700,0.0,0.0
2000-03-08 00:00:00-05:00,2.8606448748197097,2.892787200044817,2.796360960043323,2.836538314819336,30600,0.0,0.0
2000-03-09 00:00:00-05:00,2.83653840007745,2.83653840007745,2.780290248835141,2.828503370285034,44100,0.0,0.0
2000-03-10 00:00:00-05:00,2.76421856880188,2.8285032177168192,2.76421856880188,2.76421856880188,27000,0.0,0.0
2000-03-13 00:00:00-05:00,2.7481478961964547,2.812431812286377,2.7481478961964547,2.812431812286377,147600,0.0,0.0
2000-03-14 00:00:00-05:00,2.7963616847991943,2.8285040183548924,2.7963616847991943,2.7963616847991943,147900,0.0,0.0
2000-03-15 00:00:00-05:00,2.7963610171823574,2.82850334306424,2.7963610171823574,2.812431812286377,99000,0.0,0.0
2000-03-16 00:00:00-05:00,2.828502584479199,3.021355016701107,2.828502584479199,2.97314190864563,176400,0.0,0.0
2000-03-17 00:00:00-05:00,2.9570713769880967,2.9570713769880967,2.892787456512451,2.892787456512451,81000,0.0,0.0
2000-03-20 00:00:00-05:00,2.924928769401809,2.9570703506469727,2.924928769401809,2.9570703506469727,6600,0.0,0.0
2000-03-21 00:00:00-05:00,2.949036417652267,3.0213561058044434,2.9410006515218328,3.0213561058044434,220200,0.0,0.0
2000-03-22 00:00:00-05:00,3.005284455695542,3.1017107027838895,2.9892136597387777,3.0695691108703613,171000,0.0,0.0
2000-03-23 00:00:00-05:00,3.0695686974335277,3.182065725326538,3.0695686974335277,3.182065725326538,230400,0.0,0.0
2000-03-24 00:00:00-05:00,3.182065196869733,3.182065196869733,3.16599440574646,3.16599440574646,40500,0.0,0.0
2000-03-27 00:00:00-05:00,3.1659948536556146,3.1659948536556146,3.133852531188072,3.149923324584961,107700,0.0,0.0
2000-03-28 00:00:00-05:00,3.182065329966329,3.214207649230957,3.1338522189062332,3.214207649230957,209100,0.0,0.0
2000-03-29 00:00:00-05:00,3.214207514789941,3.214207514789941,3.1499228789495257,3.16599440574646,94800,0.0,0.0
2000-03-30 00:00:00-05:00,3.165993419734693,3.230277299880982,3.117780325706619,3.2302772998809814,399000,0.0,0.0
2000-03-31 00:00:00-05:00,3.1981370449066167,3.2463501698834696,3.1981370449066167,3.198137044906616,44400,0.0,0.0
2000-04-03 00:00:00-04:00,3.214207127776129,3.310633334252677,3.1820648137260883,3.2784910202026367,83400,0.0,0.0
2000-04-04 00:00:00-04:00,3.278492498426006,3.2985815457243297,3.1981370449066167,3.198137044906616,44100,0.0,0.0
2000-04-05 00:00:00-04:00,3.2142065137627673,3.246348085999196,3.2142065137627673,3.2302772998809814,51600,0.0,0.0
2000-04-06 00:00:00-04:00,3.2302787796552135,3.3106342184035644,3.2302787796552135,3.246349573135376,15900,0.0,0.0
2000-04-07 00:00:00-04:00,3.262420760291053,3.262420760291053,3.214207649230957,3.214207649230957,8400,0.0,0.0
2000-04-10 00:00:00-04:00,3.2142080485847337,3.2142080485847337,3.182065725326538,3.182065725326538,10500,0.0,0.0
2000-04-11 00:00:00-04:00,3.182065329966329,3.214207649230957,3.182065329966329,3.214207649230957,27900,0.0,0.0
2000-04-12 00:00:00-04:00,3.165994538170861,3.214207649230957,3.165994538170861,3.214207649230957,31200,0.0,0.0
2000-04-13 00:00:00-04:00,3.1659948536556146,3.1659948536556146,3.149923324584961,3.149923324584961,14700,0.0,0.0
2000-04-14 00:00:00-04:00,3.1338519901899247,3.1338519901899247,2.6356501241535084,2.9570703506469727,126300,0.0,0.0
2000-04-17 00:00:00-04:00,2.836537661335012,2.98921275138855,2.764217997994966,2.98921275138855,24600,0.0,0.0
2000-04-18 00:00:00-04:00,3.021354984484576,3.0534965657297395,2.8927864524830076,2.9570703506469727,20700,0.0,0.0
2000-04-19 00:00:00-04:00,3.005284309387207,3.0213558402354317,3.005284309387207,3.005284309387207,193500,0.0,0.0
2000-04-20 00:00:00-04:00,2.989212614591004,2.989212614591004,2.860644084867925,2.9409995079040527,55800,0.0,0.0
2000-04-24 00:00:00-04:00,2.973141960315315,2.98921275138855,2.973141960315315,2.98921275138855,19200,0.0,0.0
2000-04-25 00:00:00-04:00,2.9892136597387777,3.0695691108703613,2.9892136597387777,3.0695691108703613,23700,0.0,0.0
2000-04-26 00:00:00-04:00,3.053497092856097,3.149923324584961,3.053497092856097,3.149923324584961,237900,0.0,0.0
2000-04-27 00:00:00-04:00,3.0856399068271254,3.0856399068271254,3.0695691108703613,3.0695691108703613,18000,0.0,0.0
2000-04-28 00:00:00-04:00,3.069568621926751,3.149923324584961,3.069568621926751,3.149923324584961,66900,0.0,0.0
2000-05-01 00:00:00-04:00,3.165994916708428,3.165994916708428,3.069568683059174,3.085639476776123,26100,0.0,0.0
2000-05-02 00:00:00-04:00,3.112084023886559,3.160458390776683,3.0798349380493164,3.0798349380493164,64200,0.013333,0.0
2000-05-03 00:00:00-04:00,3.063709594532034,3.2894568814613874,3.063709594532034,3.1604583263397217,143100,0.0,0.0
2000-05-04 00:00:00-04:00,3.160458333614713,3.192708157002926,3.0798348823455513,3.095959424972534,15300,0.0,0.0
2000-05-05 00:00:00-04:00,3.0798343515212068,3.0959588913690474,3.0314599938435656,3.0475845336914062,2100,0.0,0.0
2000-05-08 00:00:00-04:00,3.09595980160039,3.09595980160039,3.0637099742889404,3.0637099742889404,7200,0.0,0.0
2000-05-09 00:00:00-04:00,3.0637090735392465,3.0637090735392465,3.0314599938435656,3.0475845336914062,25200,0.0,0.0
2000-05-10 00:00:00-04:00,3.0475845336914062,3.1241770206362984,3.0475845336914062,3.0475845336914062,774000,0.0,0.0
2000-05-11 00:00:00-04:00,3.047585545644513,3.0878972777167157,3.031461000442505,3.031461000442505,133200,0.0,0.0
2000-05-12 00:00:00-04:00,3.095959424972534,3.112083967599517,3.095959424972534,3.095959424972534,170100,0.0,0.0
2000-05-15 00:00:00-04:00,3.112083967599517,3.128209248360747,3.095959424972534,3.095959424972534,198600,0.0,0.0
2000-05-16 00:00:00-04:00,3.128207994098621,3.1604570664222478,3.1120827198028564,3.1120827198028564,13200,0.0,0.0
2000-05-17 00:00:00-04:00,3.095959424972534,3.112083967599517,3.0637096015843213,3.095959424972534,498300,0.0,0.0
2000-05-18 00:00:00-04:00,3.0637096015843213,3.095959424972534,3.0637096015843213,3.095959424972534,35400,0.0,0.0
2000-05-19 00:00:00-04:00,3.0637096015843213,3.095959424972534,3.0637096015843213,3.095959424972534,18900,0.0,0.0
2000-05-22 00:00:00-04:00,3.0798340730138953,3.0798340730138953,2.999209904797242,3.0556468963623047,67200,0.0,0.0
2000-05-23 00:00:00-04:00,3.095958468889856,3.095958468889856,2.9669599533081055,2.9669599533081055,6000,0.0,0.0
2000-05-24 00:00:00-04:00,2.966961343365743,3.063710090846521,2.966961343365743,3.031461000442505,104100,0.0,0.0
2000-05-25 00:00:00-04:00,3.015335717106132,3.0395229039763265,2.966961343365743,3.031461000442505,285600,0.0,0.0
2000-05-26 00:00:00-04:00,3.015335717106132,3.063710090846521,3.015335717106132,3.031461000442505,6300,0.0,0.0
2000-05-30 00:00:00-04:00,3.0596790226753856,3.0637099742889404,3.031460885111828,3.0637099742889404,165000,0.0,0.0
2000-05-31 00:00:00-04:00,3.0475851140778136,3.112084023886559,3.0475851140778136,3.0798349380493164,832200,0.0,0.0
2000-06-01 00:00:00-04:00,3.0959594809679376,3.112084023886559,3.0798349380493164,3.0798349380493164,42300,0.0,0.0
2000-06-02 00:00:00-04:00,3.0959594178460117,3.1765836070638334,3.0959594178460117,3.1604583263397217,513000,0.0,0.0
2000-06-05 00:00:00-04:00,3.208832317731239,3.208832317731239,3.1927077770233154,3.1927077770233154,34800,0.0,0.0
2000-06-06 00:00:00-04:00,3.208832317731239,3.208832317731239,3.1927077770233154,3.1927077770233154,56700,0.0,0.0
2000-06-07 00:00:00-04:00,3.1765845992059214,3.224958980218527,3.160459313445402,3.208833694458008,210900,0.0,0.0
2000-06-08 00:00:00-04:00,3.1927084432836406,3.321707010269165,3.1927084432836406,3.321707010269165,167700,0.0,0.0
2000-06-09 00:00:00-04:00,3.3217067161288245,3.434579990912175,3.273332350059639,3.3378312587738037,37800,0.0,0.0
2000-06-12 00:00:00-04:00,3.337830966047578,3.3539555072784424,3.337830966047578,3.3539555072784424,11700,0.0,0.0
2000-06-13 00:00:00-04:00,3.321707010269165,3.353956098414811,3.3055817280620285,3.321707010269165,12600,0.0,0.0
2000-06-14 00:00:00-04:00,3.321706803778013,3.321706803778013,3.257207155227661,3.257207155227661,11100,0.0,0.0
2000-06-15 00:00:00-04:00,3.3055804157800748,3.3055804157800748,3.22495698928833,3.22495698928833,14100,0.0,0.0
2000-06-16 00:00:00-04:00,3.2249569250291272,3.2249569250291272,3.1765825748443604,3.1765825748443604,53700,0.0,0.0
2000-06-19 00:00:00-04:00,3.1765839041653425,3.2572073627895195,3.144334077835083,3.144334077835083,24000,0.0,0.0
2000-06-20 00:00:00-04:00,3.1604586219330555,3.1604586219330555,3.144334077835083,3.144334077835083,71700,0.0,0.0
2000-06-21 00:00:00-04:00,3.1443332490466886,3.1604577888945293,3.0475845336914062,3.0475845336914062,39600,0.0,0.0
2000-06-22 00:00:00-04:00,3.0314603140056837,3.039522215713987,2.9024617671966553,2.9024617671966553,334200,0.0,0.0
2000-06-23 00:00:00-04:00,2.90246106458424,2.9669599533081055,2.90246106458424,2.9669599533081055,90600,0.0,0.0
2000-06-26 00:00:00-04:00,2.9992096267566364,2.9992096267566364,2.934710741043091,2.934710741043091,5100,0.0,0.0
2000-06-27 00:00:00-04:00,2.9992096343059442,2.9992096343059442,2.8379620505492116,2.870211124420166,66300,0.0,0.0
2000-06-28 00:00:00-04:00,2.8621487682149684,2.8863359388248586,2.6767133014498974,2.7250876426696777,836400,0.0,0.0
2000-06-29 00:00:00-04:00,2.7734619838894585,2.7734619838894585,2.7089631083077075,2.7250876426696777,318000,0.0,0.0
2000-06-30 00:00:00-04:00,2.7089648826768262,2.7250894276003566,2.692840337753296,2.692840337753296,63900,0.0,0.0
2000-07-03 00:00:00-04:00,2.692839271773317,2.708963810313832,2.6605894565582275,2.6605894565582275,140700,0.0,0.0
2000-07-05 00:00:00-04:00,2.7089648826768262,2.7734638005053,2.660590509771883,2.692840337753296,122400,0.0,0.0
2000-07-06 00:00:00-04:00,2.6767135646933524,2.6767135646933524,2.6444644927978516,2.6444644927978516,193800,0.0,0.0
2000-07-07 00:00:00-04:00,2.6444644927978516,2.6767135646933524,2.6444644927978516,2.6444644927978516,156600,0.0,0.0
2000-07-10 00:00:00-04:00,2.6605890287456018,2.6767135646933524,2.6444644927978516,2.6444644927978516,147300,0.0,0.0
2000-07-11 00:00:00-04:00,2.6767135646933524,2.6767135646933524,2.6444644927978516,2.6444644927978516,594300,0.0,0.0
2000-07-12 00:00:00-04:00,2.644465573660631,2.6767146587371826,2.644465573660631,2.6767146587371826,16200,0.0,0.0
2000-07-13 00:00:00-04:00,2.644465573660631,2.6767146587371826,2.6283402929881117,2.6767146587371826,34800,0.0,0.0
2000-07-14 00:00:00-04:00,2.6767150546954133,2.692840337753296,2.6444659648483526,2.692840337753296,20400,0.0,0.0
2000-07-17 00:00:00-04:00,2.6686527565351663,2.6767146587371826,2.6605901161989065,2.6767146587371826,15600,0.0,0.0
2000-07-18 00:00:00-04:00,2.6444644927978516,2.6767135646933524,2.612214682768409,2.6444644927978516,5400,0.0,0.0
2000-07-19 00:00:00-04:00,2.6444659648483526,2.7089648826768262,2.6444659648483526,2.692840337753296,84900,0.0,0.0
2000-07-20 00:00:00-04:00,2.660590509771883,2.692840337753296,2.6444659648483526,2.692840337753296,6900,0.0,0.0
2000-07-21 00:00:00-04:00,2.6605901161989065,2.6767146587371826,2.6605901161989065,2.6767146587371826,11400,0.0,0.0
2000-07-24 00:00:00-04:00,2.660590509771883,2.692840337753296,2.6444659648483526,2.692840337753296,12300,0.0,0.0
2000-07-25 00:00:00-04:00,2.6605890287456018,2.6605890287456018,2.6444644927978516,2.6444644927978516,42300,0.0,0.0
2000-07-26 00:00:00-04:00,2.6605898804134793,2.6928397007662475,2.612215518951416,2.612215518951416,666600,0.0,0.0
2000-07-27 00:00:00-04:00,2.628340060060711,2.6767144215227745,2.579965698598648,2.612215518951416,492600,0.0,0.0
2000-07-28 00:00:00-04:00,2.676714477391639,2.676714477391639,2.579965752448156,2.5960910320281982,20700,0.0,0.0
2000-07-31 00:00:00-04:00,2.628340060060711,2.644465339304184,2.5638411574893527,2.612215518951416,131100,0.0,0.0
2000-08-01 00:00:00-04:00,2.579965698598648,2.612215518951416,2.5638411574893527,2.612215518951416,100500,0.0,0.0
2000-08-02 00:00:00-04:00,2.579965752448156,2.64446539449994,2.579965752448156,2.5960910320281982,15300,0.0,0.0
2000-08-03 00:00:00-04:00,2.6064513937850036,2.6550188064575195,2.6064513937850036,2.6550188064575195,119400,0.013333,0.0
2000-08-04 00:00:00-04:00,2.6550194526503867,2.6873972415924072,2.6550194526503867,2.6873972415924072,294600,0.0,0.0
2000-08-07 00:00:00-04:00,2.703587055206299,2.719775950743537,2.65501962751445,2.703587055206299,10500,0.0,0.0
2000-08-08 00:00:00-04:00,2.719775819686367,2.7521543502807617,2.671208394334825,2.7521543502807617,48300,0.0,0.0
2000-08-09 00:00:00-04:00,2.752152972305236,2.752152972305236,2.703585571270907,2.7359633445739746,43800,0.0,0.0
2000-08-10 00:00:00-04:00,2.7278698140657998,2.8007209300994873,2.7035861087212374,2.8007209300994873,7200,0.0,0.0
2000-08-11 00:00:00-04:00,2.719775819686367,2.7683432450379093,2.719775819686367,2.7521543502807617,36600,0.0,0.0
2000-08-14 00:00:00-04:00,2.7359633445739746,2.76834185895677,2.7197744579224405,2.7359633445739746,41700,0.0,0.0
2000-08-15 00:00:00-04:00,2.7197744579224405,2.752152972305236,2.7197744579224405,2.7359633445739746,2100,0.0,0.0
2000-08-16 00:00:00-04:00,2.7359642087730958,2.7683427333831787,2.719775317008035,2.7683427333831787,37500,0.0,0.0
2000-08-17 00:00:00-04:00,2.752153841618118,2.7683427333831787,2.719775317008035,2.7683427333831787,6900,0.0,0.0
2000-08-18 00:00:00-04:00,2.735964714443515,2.7521543502807617,2.735964714443515,2.7521543502807617,5700,0.0,0.0
2000-08-21 00:00:00-04:00,2.7197748201747114,2.7845311164855957,2.7197748201747114,2.7845311164855957,1273800,0.0,0.0
2000-08-22 00:00:00-04:00,2.7359638306527434,2.8330986499786377,2.7359638306527434,2.8330986499786377,38700,0.0,0.0
2000-08-23 00:00:00-04:00,2.8169105052948,2.833099399103142,2.8007216114864573,2.8169105052948,56700,0.0,0.0
2000-08-24 00:00:00-04:00,2.8007209300994873,2.816909819969237,2.784531299149862,2.8007209300994873,27600,0.0,0.0
2000-08-25 00:00:00-04:00,2.784531976598059,2.8169105052948,2.784531976598059,2.8169105052948,45300,0.0,0.0
2000-08-28 00:00:00-04:00,2.8007216114864573,2.8169105052948,2.784531976598059,2.8169105052948,11400,0.0,0.0
2000-08-29 00:00:00-04:00,2.8007216114864573,2.8169105052948,2.784531976598059,2.8169105052948,5100,0.0,0.0
2000-08-30 00:00:00-04:00,2.816909635180951,2.816909635180951,2.7845311164855957,2.7845311164855957,8700,0.0,0.0
2000-08-31 00:00:00-04:00,2.784531299149862,2.816909819969237,2.784531299149862,2.8007209300994873,649500,0.0,0.0
2000-09-01 00:00:00-04:00,2.784531299149862,2.816909819969237,2.784531299149862,2.8007209300994873,36000,0.0,0.0
2000-09-05 00:00:00-04:00,2.792625931429391,2.8007207463731865,2.7845311164855957,2.7845311164855957,44400,0.0,0.0
2000-09-06 00:00:00-04:00,2.784531976598059,2.8169105052948,2.784531976598059,2.8169105052948,1242300,0.0,0.0
2000-09-07 00:00:00-04:00,2.8007216114864573,2.8169105052948,2.768343082789717,2.8169105052948,92400,0.0,0.0
2000-09-08 00:00:00-04:00,2.8169110468027387,2.946424445406609,2.8007221498823296,2.881667375564575,462000,0.0,0.0
2000-09-11 00:00:00-04:00,2.8978564564966227,2.8978564564966227,2.8169105052948,2.8169105052948,17100,0.0,0.0
2000-09-12 00:00:00-04:00,2.8330983302141743,2.8654768466949463,2.8330983302141743,2.8654768466949463,89100,0.0,0.0
2000-09-13 00:00:00-04:00,2.8654784786441656,2.8978570135651824,2.849289581723756,2.881667375564575,81600,0.0,0.0
2000-09-14 00:00:00-04:00,2.8654784786441656,2.881667375564575,2.8654784786441656,2.881667375564575,5400,0.0,0.0
2000-09-15 00:00:00-04:00,2.8816657343954444,2.8816657343954444,2.849287958994448,2.8654768466949463,116400,0.0,0.0
2000-09-18 00:00:00-04:00,2.8492884635925293,2.865477354160018,2.8169099413776446,2.8492884635925293,65700,0.0,0.0
2000-09-19 00:00:00-04:00,2.8330986499786377,2.849288280586193,2.8169097604509417,2.8330986499786377,125100,0.0,0.0
2000-09-20 00:00:00-04:00,2.833099399103142,2.84928903399154,2.8169105052948,2.8169105052948,130800,0.0,0.0
2000-09-21 00:00:00-04:00,2.8169099413776446,2.8492884635925293,2.8169099413776446,2.8492884635925293,6900,0.0,0.0
2000-09-22 00:00:00-04:00,2.8007216114864573,2.84928903399154,2.784531976598059,2.8169105052948,28800,0.0,0.0
2000-09-25 00:00:00-04:00,2.8330986499786377,2.8330986499786377,2.8330986499786377,2.8330986499786377,3000,0.0,0.0
2000-09-26 00:00:00-04:00,2.784531299149862,2.8007209300994873,2.784531299149862,2.8007209300994873,643200,0.0,0.0
2000-09-27 00:00:00-04:00,2.784531299149862,2.849288340788612,2.784531299149862,2.8007209300994873,43500,0.0,0.0
2000-09-28 00:00:00-04:00,2.7845312403156903,2.8330986499786377,2.7845312403156903,2.8330986499786377,110100,0.0,0.0
2000-09-29 00:00:00-04:00,2.8169097604509417,2.8330986499786377,2.8169097604509417,2.8330986499786377,30300,0.0,0.0
2000-10-02 00:00:00-04:00,2.8169105052948,2.833099399103142,2.8169105052948,2.8169105052948,48000,0.0,0.0
2000-10-03 00:00:00-04:00,2.8169097604509417,2.8330986499786377,2.8007208709232456,2.8330986499786377,96300,0.0,0.0
2000-10-04 00:00:00-04:00,2.8007216114864573,2.833099399103142,2.8007216114864573,2.8169105052948,284400,0.0,0.0
2000-10-05 00:00:00-04:00,2.849288280586193,2.8978556902491404,2.8169097604509417,2.8330986499786377,20700,0.0,0.0
2000-10-06 00:00:00-04:00,2.8330988319451333,2.8492884635925293,2.8169099413776446,2.8492884635925293,93300,0.0,0.0
2000-10-09 00:00:00-04:00,2.8330986499786377,2.849288280586193,2.8007208709232456,2.8330986499786377,148200,0.0,0.0
2000-10-10 00:00:00-04:00,2.8169099413776446,2.8492884635925293,2.800721050810156,2.8492884635925293,456000,0.0,0.0
2000-10-11 00:00:00-04:00,2.804767783305171,2.816909635180951,2.7845311164855957,2.7845311164855957,30000,0.0,0.0
2000-10-12 00:00:00-04:00,2.756201388700024,2.7683432450379093,2.7521543502807617,2.7521543502807617,12600,0.0,0.0
2000-10-13 00:00:00-04:00,2.7521533388700665,2.816909635180951,2.7359637089824758,2.7845311164855957,48900,0.0,0.0
2000-10-16 00:00:00-04:00,2.7521541889813745,2.8169105052948,2.7521541889813745,2.8169105052948,47700,0.0,0.0
2000-10-17 00:00:00-04:00,2.8007216114864573,2.8169105052948,2.784531976598059,2.8169105052948,9300,0.0,0.0
2000-10-18 00:00:00-04:00,2.849288674368405,2.849288674368405,2.752153841618118,2.7683427333831787,15300,0.0,0.0
2000-10-19 00:00:00-04:00,2.752153841618118,2.816910149758322,2.752153841618118,2.7683427333831787,13200,0.0,0.0
2000-10-20 00:00:00-04:00,2.7683427333831787,2.816910149758322,2.7683427333831787,2.7683427333831787,24000,0.0,0.0
2000-10-23 00:00:00-04:00,2.816910149758322,2.816910149758322,2.7683427333831787,2.7683427333831787,23100,0.0,0.0
2000-10-24 00:00:00-04:00,2.8007216114864573,2.8169105052948,2.768343082789717,2.8169105052948,74700,0.0,0.0
2000-10-25 00:00:00-04:00,2.784531976598059,2.8169105052948,2.784531976598059,2.8169105052948,46800,0.0,0.0
2000-10-26 00:00:00-04:00,2.784531299149862,2.816909819969237,2.784531299149862,2.8007209300994873,17700,0.0,0.0
2000-10-27 00:00:00-04:00,2.7723897704718823,2.8128631114959717,2.7723897704718823,2.8128631114959717,60300,0.0,0.0
2000-10-30 00:00:00-05:00,2.768342409280112,2.816909819969237,2.768342409280112,2.8007209300994873,114600,0.0,0.0
2000-10-31 00:00:00-05:00,2.784531976598059,2.8169105052948,2.784531976598059,2.8169105052948,87600,0.0,0.0
2000-11-01 00:00:00-05:00,2.8169099413776446,2.8492884635925293,2.8169099413776446,2.8492884635925293,430200,0.0,0.0
2000-11-02 00:00:00-05:00,2.8271906388917647,2.8271906388917647,2.7621979985695724,2.794693946838379,642600,0.013333,0.0
2000-11-03 00:00:00-05:00,2.794693946838379,2.8271906388917647,2.794693946838379,2.794693946838379,507600,0.0,0.0
2000-11-06 00:00:00-05:00,2.7784457054972296,2.794693678069044,2.762197732925415,2.762197732925415,26400,0.0,0.0
2000-11-07 00:00:00-05:00,2.8109426647573614,2.8271906388917647,2.7784459727039756,2.794693946838379,868200,0.0,0.0
2000-11-08 00:00:00-05:00,2.7946932137075287,2.7946932137075287,2.778445243835449,2.778445243835449,22800,0.0,0.0
2000-11-09 00:00:00-05:00,2.794693946838379,2.8109426647573614,2.794693946838379,2.794693946838379,98100,0.0,0.0
2000-11-10 00:00:00-05:00,2.794693694968154,2.8109424114227295,2.77844572229809,2.8109424114227295,151200,0.0,0.0
2000-11-13 00:00:00-05:00,2.794693946838379,2.794693946838379,2.7621979985695724,2.794693946838379,531300,0.0,0.0
2000-11-14 00:00:00-05:00,2.8109424114227295,2.8271903840927934,2.77844572229809,2.8109424114227295,135900,0.0,0.0
2000-11-15 00:00:00-05:00,2.8068801108269312,2.8921832765778106,2.778445970171498,2.859687328338623,102900,0.0,0.0
2000-11-16 00:00:00-05:00,2.8596878119449936,2.8596878119449936,2.827191114425659,2.827191114425659,58800,0.0,0.0
2000-11-17 00:00:00-05:00,2.8271903840927934,2.859687073217433,2.794693694968154,2.8109424114227295,228300,0.0,0.0
2000-11-20 00:00:00-05:00,2.8109424114227295,2.859687073217433,2.794693694968154,2.8109424114227295,67200,0.0,0.0
2000-11-21 00:00:00-05:00,2.8434376127470387,2.8434376127470387,2.729700346248139,2.745948314666748,96300,0.0,0.0
2000-11-22 00:00:00-05:00,2.8271906388917647,2.843438613026168,2.7784459727039756,2.794693946838379,30600,0.0,0.0
2000-11-24 00:00:00-05:00,2.8109433840077185,2.8434393405914307,2.794694661931093,2.8434393405914307,7500,0.0,0.0
2000-11-27 00:00:00-05:00,2.778446683639237,2.8434393405914307,2.778446683639237,2.8434393405914307,10200,0.0,0.0
2000-11-28 00:00:00-05:00,2.8109426647573614,2.8109426647573614,2.794693946838379,2.794693946838379,11100,0.0,0.0
2000-11-29 00:00:00-05:00,2.794693946838379,2.8271906388917647,2.794693946838379,2.794693946838379,9000,0.0,0.0
2000-11-30 00:00:00-05:00,2.79469489667963,2.79469489667963,2.697205531170052,2.7297022342681885,63900,0.0,0.0
2000-12-01 00:00:00-05:00,2.697204614462801,2.8109426647573614,2.697204614462801,2.794693946838379,105900,0.0,0.0
2000-12-04 00:00:00-05:00,2.7297022342681885,2.7784469170229777,2.7297022342681885,2.7297022342681885,74700,0.0,0.0
2000-12-05 00:00:00-05:00,2.733763572451213,2.762198461684586,2.6159644386033674,2.697205066680908,44700,0.0,0.0
2000-12-06 00:00:00-05:00,2.6322114635267635,2.7459487479732316,2.6159634925442496,2.6484594345092773,31200,0.0,0.0
2000-12-07 00:00:00-05:00,2.64845969356919,2.762197732925415,2.64845969356919,2.762197732925415,57300,0.0,0.0
2000-12-08 00:00:00-05:00,2.697204614462801,2.794693946838379,2.697204614462801,2.794693946838379,72900,0.0,0.0
2000-12-11 00:00:00-05:00,2.74594903317345,2.8271903840927934,2.74594903317345,2.8109424114227295,606900,0.0,0.0
2000-12-12 00:00:00-05:00,2.794693944291091,2.859687328338623,2.794693944291091,2.859687328338623,2100,0.0,0.0
2000-12-13 00:00:00-05:00,2.794693946838379,2.794693946838379,2.794693946838379,2.794693946838379,10800,0.0,0.0
2000-12-14 00:00:00-05:00,2.794693946838379,2.8596873309451505,2.794693946838379,2.794693946838379,65100,0.0,0.0
2000-12-15 00:00:00-05:00,2.79469489667963,2.79469489667963,2.7297022342681885,2.7297022342681885,27300,0.0,0.0
2000-12-18 00:00:00-05:00,2.762197732925415,2.8109423944253664,2.762197732925415,2.762197732925415,24900,0.0,0.0
2000-12-19 00:00:00-05:00,2.7459490165690927,2.794693678069044,2.729701043997278,2.762197732925415,48600,0.0,0.0
2000-12-20 00:00:00-05:00,2.762197732925415,2.762197732925415,2.729701043997278,2.762197732925415,122700,0.0,0.0
2000-12-21 00:00:00-05:00,2.7459495448569955,3.0221695944263285,2.7459495448569955,2.989672899246216,1457400,0.0,0.0
2000-12-22 00:00:00-05:00,2.9896735986848877,3.0709149837493896,2.9896735986848877,3.0709149837493896,531600,0.0,0.0
2000-12-26 00:00:00-05:00,2.9937354345964935,3.0546662728597553,2.9896728828558445,3.0059216022491455,79200,0.0,0.0
2000-12-27 00:00:00-05:00,3.0221703014676535,3.0709149837493896,3.0221703014676535,3.0709149837493896,33600,0.0,0.0
2000-12-28 00:00:00-05:00,3.0546660879615297,3.2171480655670166,3.0546660879615297,3.2171480655670166,78900,0.0,0.0
2000-12-29 00:00:00-05:00,3.1846525252045694,3.347135305404663,3.1846525252045694,3.347135305404663,114900,0.0,0.0
2001-01-02 00:00:00-05:00,3.330884640033441,3.330884640033441,3.2496440410614014,3.2496440410614014,84000,0.0,0.0
2001-01-03 00:00:00-05:00,3.265893706020975,3.3146383882003927,3.2496457265561105,3.28214168548584,97200,0.0,0.0
2001-01-04 00:00:00-05:00,3.2780791573664723,3.363382332465228,3.2780791573664723,3.3146376609802246,177600,0.0,0.0
2001-01-05 00:00:00-05:00,3.2821404791184845,3.3471338606589436,3.2821404791184845,3.298389196395874,36900,0.0,0.0
2001-01-08 00:00:00-05:00,3.298389196395874,3.3471338606589436,3.298389196395874,3.298389196395874,226500,0.0,0.0
2001-01-09 00:00:00-05:00,3.3146386006076702,3.363383285910724,3.3146386006076702,3.347135305404663,187500,0.0,0.0
2001-01-10 00:00:00-05:00,3.330883991019895,3.395877350075075,3.330883991019895,3.3633806705474854,113700,0.0,0.0
2001-01-11 00:00:00-05:00,3.347135305404663,3.363383285910724,3.347135305404663,3.347135305404663,2400,0.0,0.0
2001-01-12 00:00:00-05:00,3.347135305404663,3.347135305404663,3.347135305404663,3.347135305404663,21000,0.0,0.0
2001-01-16 00:00:00-05:00,3.3511968725872956,3.4202520863749424,3.3471350637003106,3.3958797454833984,106800,0.0,0.0
2001-01-17 00:00:00-05:00,3.3796284198760986,3.412125097302297,3.3796284198760986,3.3796284198760986,4800,0.0,0.0
2001-01-18 00:00:00-05:00,3.379631022365824,3.3958797454833984,3.379631022365824,3.3958797454833984,15900,0.0,0.0
2001-01-19 00:00:00-05:00,3.3796284198760986,3.3796284198760986,3.3796284198760986,3.3796284198760986,600,0.0,0.0
2001-01-22 00:00:00-05:00,3.3796284198760986,3.412125097302297,3.3796284198760986,3.3796284198760986,53100,0.0,0.0
2001-01-23 00:00:00-05:00,3.395879516574496,3.4121274948120117,3.395879516574496,3.4121274948120117,3600,0.0,0.0
2001-01-24 00:00:00-05:00,3.379631022365824,3.428375704148912,3.379631022365824,3.3958797454833984,32100,0.0,0.0
2001-01-25 00:00:00-05:00,3.4121277248161554,3.4121277248161554,3.3633830430330676,3.3958797454833984,277200,0.0,0.0
2001-01-26 00:00:00-05:00,3.4121260805447173,3.4446227673352006,3.4121260805447173,3.4283740520477295,323400,0.0,0.0
2001-01-29 00:00:00-05:00,3.4121260805447173,3.4283740520477295,3.4121260805447173,3.4283740520477295,55800,0.0,0.0
2001-01-30 00:00:00-05:00,3.4283754730495275,3.4283754730495275,3.4121274948120117,3.4121274948120117,45600,0.0,0.0
2001-01-31 00:00:00-05:00,3.4121274948120117,3.4283754730495275,3.4121274948120117,3.4121274948120117,69900,0.0,0.0
2001-02-01 00:00:00-05:00,3.455153465270996,3.4714511091159523,3.4388550753677265,3.455153465270996,60900,0.013333,0.0
2001-02-02 00:00:00-05:00,3.471449761789314,3.471449761789314,3.4388537406921387,3.4388537406921387,40200,0.0,0.0
2001-02-05 00:00:00-05:00,3.4388537406921387,3.4388537406921387,3.4388537406921387,3.4388537406921387,1200,0.0,0.0
2001-02-06 00:00:00-05:00,3.4388537406921387,3.4388537406921387,3.4388537406921387,3.4388537406921387,39600,0.0,0.0
2001-02-07 00:00:00-05:00,3.455152124269738,3.455152124269738,3.4388537406921387,3.4388537406921387,10500,0.0,0.0
2001-02-08 00:00:00-05:00,3.455152124269738,3.455152124269738,3.4388537406921387,3.4388537406921387,1500,0.0,0.0
2001-02-09 00:00:00-05:00,3.4388537406921387,3.455152124269738,3.4388537406921387,3.4388537406921387,8100,0.0,0.0
2001-02-12 00:00:00-05:00,3.410332688518375,3.4388537406921387,3.406258465652987,3.4388537406921387,36600,0.0,0.0
2001-02-13 00:00:00-05:00,3.455152627848726,3.520343933486506,3.438854241895682,3.48774790763855,1130700,0.0,0.0
2001-02-14 00:00:00-05:00,3.5203436016459904,3.5203436016459904,3.5040459632873535,3.5040459632873535,111900,0.0,0.0
2001-02-15 00:00:00-05:00,3.5081201863624973,3.5203436016459904,3.5040459632873535,3.5040459632873535,50100,0.0,0.0
2001-02-16 00:00:00-05:00,3.5040459632873535,3.5040459632873535,3.5040459632873535,3.5040459632873535,11100,0.0,0.0
2001-02-20 00:00:00-05:00,3.508121077385214,3.5692381693257227,3.5040468532752636,3.5203444957733154,124500,0.0,0.0
2001-02-21 00:00:00-05:00,3.504047262618232,3.536642551422119,3.48774887215795,3.536642551422119,48300,0.0,0.0
2001-02-22 00:00:00-05:00,3.5203436016459904,3.5203436016459904,3.5040459632873535,3.5040459632873535,9000,0.0,0.0
2001-02-23 00:00:00-05:00,3.5203436016459904,3.5203436016459904,3.5040459632873535,3.5040459632873535,45900,0.0,0.0
2001-02-26 00:00:00-05:00,3.5040468532752636,3.5366421382713673,3.5040468532752636,3.5203444957733154,100800,0.0,0.0
2001-02-27 00:00:00-05:00,3.5366421382713673,3.5366421382713673,3.5203444957733154,3.5203444957733154,34500,0.0,0.0
2001-02-28 00:00:00-05:00,3.536642551422119,3.552940941882401,3.5203449070201756,3.536642551422119,37500,0.0,0.0
2001-03-01 00:00:00-05:00,3.5203448115116216,3.552940845489502,3.5203448115116216,3.552940845489502,21600,0.0,0.0
2001-03-02 00:00:00-05:00,3.5529408574958685,3.601834535598755,3.520344823407837,3.601834535598755,43500,0.0,0.0
2001-03-05 00:00:00-05:00,3.5529422046184003,3.601835901259669,3.5529422046184003,3.569239854812622,8100,0.0,0.0
2001-03-06 00:00:00-05:00,3.5529400076242132,3.5855352878570557,3.5529400076242132,3.5855352878570557,5100,0.0,0.0
2001-03-07 00:00:00-05:00,3.552940941882401,3.552940941882401,3.536642551422119,3.536642551422119,7200,0.0,0.0
2001-03-08 00:00:00-05:00,3.5692385862843445,3.5692385862843445,3.536642551422119,3.536642551422119,3900,0.0,0.0
2001-03-09 00:00:00-05:00,3.5366424554714024,3.5773876844583326,3.5366424554714024,3.552940845489502,199500,0.0,0.0
2001-03-12 00:00:00-05:00,3.5407162091378326,3.5529396244213256,3.5040459632873535,3.5040459632873535,224700,0.0,0.0
2001-03-13 00:00:00-05:00,3.5203444957733154,3.5203444957733154,3.5040468532752636,3.5203444957733154,171900,0.0,0.0
2001-03-14 00:00:00-05:00,3.5203449070201756,3.552940941882401,3.5203449070201756,3.536642551422119,63900,0.0,0.0
2001-03-15 00:00:00-05:00,3.5203444957733154,3.5366421382713673,3.5203444957733154,3.5203444957733154,68100,0.0,0.0
2001-03-16 00:00:00-05:00,3.5040459632873535,3.5040459632873535,3.5040459632873535,3.5040459632873535,600,0.0,0.0
2001-03-19 00:00:00-05:00,3.5203436016459904,3.5203436016459904,3.5040459632873535,3.5040459632873535,34800,0.0,0.0
2001-03-20 00:00:00-05:00,3.5203444957733154,3.5203444957733154,3.4877484647189605,3.5203444957733154,21000,0.0,0.0
2001-03-21 00:00:00-05:00,3.48774892716018,3.48774892716018,3.4551536378422614,3.4714512825012207,20400,0.0,0.0
2001-03-22 00:00:00-05:00,3.4877473993088897,3.5203434204060646,3.4388537406921387,3.4388537406921387,62400,0.0,0.0
2001-03-23 00:00:00-05:00,3.4877473993088897,3.4877473993088897,3.422556103172563,3.4388537406921387,161700,0.0,0.0
2001-03-26 00:00:00-05:00,3.4429300458727004,3.455153465270996,3.4388550753677265,3.455153465270996,3300,0.0,0.0
2001-03-27 00:00:00-05:00,3.455152627848726,3.48774790763855,3.455152627848726,3.48774790763855,11400,0.0,0.0
2001-03-28 00:00:00-05:00,3.4714511091159523,3.487748752960909,3.455153465270996,3.455153465270996,156300,0.0,0.0
2001-03-29 00:00:00-05:00,3.4388537406921387,3.455152124269738,3.4388537406921387,3.4388537406921387,3600,0.0,0.0
2001-03-30 00:00:00-05:00,3.422558069229126,3.422558069229126,3.0965999091878205,3.422558069229126,78000,0.0,0.0
2001-04-02 00:00:00-04:00,3.4225591073409065,3.455155157049427,3.357367753982544,3.357367753982544,21000,0.0,0.0
2001-04-03 00:00:00-04:00,3.357365248098797,3.389960527420044,3.357365248098797,3.389960527420044,16200,0.0,0.0
2001-04-04 00:00:00-04:00,3.406258913138789,3.406258913138789,3.226981892639446,3.389960527420044,20100,0.0,0.0
2001-04-05 00:00:00-04:00,3.2921738774262463,3.3410675525665283,3.2921738774262463,3.3410675525665283,1800,0.0,0.0
2001-04-06 00:00:00-04:00,3.3899630576323863,3.4062614555159856,3.3247717042740237,3.357367753982544,906600,0.0,0.0
2001-04-09 00:00:00-04:00,3.3638843039630464,3.389960527420044,3.3586686116367743,3.389960527420044,7800,0.0,0.0
2001-04-10 00:00:00-04:00,3.353452737044197,3.3899595889895555,3.353452737044197,3.384744644165039,63300,0.0,0.0
2001-04-11 00:00:00-04:00,3.3690998554229736,3.3690998554229736,3.3690998554229736,3.3690998554229736,8100,0.0,0.0
2001-04-12 00:00:00-04:00,3.371708869934082,3.371708869934082,3.371708869934082,3.371708869934082,23700,0.0,0.0
2001-04-16 00:00:00-04:00,3.3873530542859687,3.389960527420044,3.3638843039630464,3.389960527420044,35700,0.0,0.0
2001-04-17 00:00:00-04:00,3.376923043559663,3.4421143531799316,3.376923043559663,3.4421143531799316,67200,0.0,0.0
2001-04-18 00:00:00-04:00,3.455152641469395,3.455152641469395,3.3977833820910703,3.4160375595092773,4500,0.0,0.0
2001-04-19 00:00:00-04:00,3.416038278257132,3.4290763929677297,3.3638850733564474,3.3769235610961914,72300,0.0,0.0
2001-04-20 00:00:00-04:00,3.3769227014720973,3.402998924255371,3.35084535960167,3.402998924255371,8100,0.0,0.0
2001-04-23 00:00:00-04:00,3.389960527420044,3.389960527420044,3.389960527420044,3.389960527420044,6300,0.0,0.0
2001-04-24 00:00:00-04:00,3.400391539043528,3.429075608663662,3.389960527420044,3.389960527420044,30000,0.0,0.0
2001-04-25 00:00:00-04:00,3.389960527420044,3.389960527420044,3.389960527420044,3.389960527420044,6900,0.0,0.0
2001-04-26 00:00:00-04:00,3.402997769738751,3.408213460160768,3.3899592897415576,3.395174980163574,42300,0.0,0.0
2001-04-27 00:00:00-04:00,3.4082146164468874,3.4212523548094733,3.402998924255371,3.402998924255371,89400,0.0,0.0
2001-04-30 00:00:00-04:00,3.4421143531799316,3.4421143531799316,3.4421143531799316,3.4421143531799316,7800,0.0,0.0
2001-05-01 00:00:00-04:00,3.436900622232689,3.609006643295288,3.436900622232689,3.609006643295288,45900,0.0,0.0
2001-05-02 00:00:00-04:00,3.6246513154110023,3.6246513154110023,3.5490293502807617,3.5490293502807617,2100,0.0,0.0
2001-05-03 00:00:00-04:00,3.5307211463734816,3.596104621887207,3.5307211463734816,3.596104621887207,10200,0.013333,0.0
2001-05-04 00:00:00-04:00,3.5568750509008424,3.5830292701721196,3.5568750509008424,3.583029270172119,1200,0.0,0.0
2001-05-07 00:00:00-04:00,3.583028084430036,3.583028084430036,3.559489781242876,3.5621049404144287,33600,0.0,0.0
2001-05-08 00:00:00-04:00,3.569950663251064,3.58302757965246,3.5647195973876378,3.580411672592163,11100,0.0,0.0
2001-05-09 00:00:00-04:00,3.5830276802922034,3.687641143798828,3.5830276802922034,3.687641143798828,86100,0.0,0.0
2001-05-10 00:00:00-04:00,3.6876424101290954,3.7137958785189578,3.6614893158679562,3.692873477935791,106500,0.0,0.0
2001-05-11 00:00:00-04:00,3.7007201396205236,3.7556422426173683,3.685028056745887,3.7373342514038086,242700,0.0,0.0
2001-05-14 00:00:00-04:00,3.747795314701957,3.773948404539459,3.7268721694003673,3.7661025524139404,46800,0.0,0.0
2001-05-15 00:00:00-04:00,3.773948934502757,3.9230238871083185,3.6928733718868085,3.8445634841918945,87000,0.0,0.0
2001-05-16 00:00:00-04:00,3.8445612187442473,3.9282526400011055,3.8445612187442473,3.904714345932007,74100,0.0,0.0
2001-05-17 00:00:00-04:00,3.9282546303613146,3.962253948419674,3.912562551073915,3.936100482940674,83100,0.0,0.0
2001-05-18 00:00:00-04:00,3.9361012184413853,3.9701005428528657,3.9361012184413853,3.9570236206054688,24900,0.0,0.0
2001-05-21 00:00:00-04:00,3.9674839256691072,4.022406380329783,3.9151766300201416,3.9151766300201416,36900,0.0,0.0
2001-05-22 00:00:00-04:00,3.923023376881215,3.97009961250835,3.923023376881215,3.9648685455322266,41400,0.0,0.0
2001-05-23 00:00:00-04:00,3.938715642424233,3.949176654487152,3.9230235631368333,3.936100482940674,24000,0.0,0.0
2001-05-24 00:00:00-04:00,3.928255286780096,3.957023542421203,3.9021010686733146,3.9465625286102295,115500,0.0,0.0
2001-05-25 00:00:00-04:00,3.9701004644102222,3.9884077062403556,3.9387163005910697,3.9465625286102295,188700,0.0,0.0
2001-05-29 00:00:00-04:00,3.943948286100749,3.951794141816208,3.896872029421502,3.923025131225586,36600,0.0,0.0
2001-05-30 00:00:00-04:00,3.9230221133527787,3.9857904073058563,3.89686903166754,3.9753293991088867,79500,0.0,0.0
2001-05-31 00:00:00-04:00,3.9753301863268913,4.103481958127512,3.9622532687661614,4.05379056930542,77400,0.0,0.0
2001-06-01 00:00:00-04:00,4.079943651686282,4.100866794586182,4.079943651686282,4.100866794586182,25200,0.0,0.0
2001-06-04 00:00:00-04:00,4.085174722496831,4.106097117162488,4.001483273191117,4.05379056930542,22500,0.0,0.0
2001-06-05 00:00:00-04:00,4.0093274813252,4.111325740814209,4.0093274813252,4.111325740814209,17400,0.0,0.0
2001-06-06 00:00:00-04:00,4.0642506009530415,4.11394197781007,4.061635816676291,4.093019962310791,31500,0.0,0.0
2001-06-07 00:00:00-04:00,4.0982510379003125,4.16363525390625,4.090405186387069,4.16363525390625,80700,0.0,0.0
2001-06-08 00:00:00-04:00,4.18194275543981,4.184557914733887,4.161019610443918,4.184557914733887,23100,0.0,0.0
2001-06-11 00:00:00-04:00,4.153173758433032,4.19501967429616,4.145327532293491,4.184557914733887,38400,0.0,0.0
2001-06-12 00:00:00-04:00,4.18455854947009,4.249942779541016,4.163636149557886,4.249942779541016,75900,0.0,0.0
2001-06-13 00:00:00-04:00,4.249942869528996,4.302249431610107,4.242097016161881,4.302249431610107,90600,0.0,0.0
2001-06-14 00:00:00-04:00,4.270864525297768,4.33624874535399,4.263018299169853,4.328402519226074,7200,0.0,0.0
2001-06-15 00:00:00-04:00,4.310095316764291,4.310095316764291,4.218558738915081,4.283942222595215,39900,0.0,0.0
2001-06-18 00:00:00-04:00,4.276097297668457,4.276097297668457,4.249944195532366,4.276097297668457,9600,0.0,0.0
2001-06-19 00:00:00-04:00,4.218557170494639,4.2891716957092285,4.218557170494639,4.2891716957092285,23100,0.0,0.0
2001-06-20 00:00:00-04:00,4.218557170494639,4.31532478015483,4.218557170494639,4.2891716957092285,182700,0.0,0.0
2001-06-21 00:00:00-04:00,4.218557793481041,4.304864406585693,4.218557793481041,4.304864406585693,140100,0.0,0.0
2001-06-22 00:00:00-04:00,4.291785862501909,4.380707608852415,4.2865551715401145,4.372861385345459,48900,0.0,0.0
2001-06-25 00:00:00-04:00,4.3728653959854915,4.5010183774082355,4.3728653959854915,4.485326290130615,830400,0.0,0.0
2001-06-26 00:00:00-04:00,4.498402468335324,4.5010183774082355,4.461787972149749,4.485326290130615,1118100,0.0,0.0
2001-06-27 00:00:00-04:00,4.446091303783745,4.490551610733434,4.3807071129698105,4.412091255187988,32400,0.0,0.0
2001-06-28 00:00:00-04:00,4.443479016534214,4.446094925042399,4.223789842074367,4.2394819259643555,49800,0.0,0.0
2001-06-29 00:00:00-04:00,4.215942407926928,4.589937528257382,4.215942407926928,4.4984002113342285,272700,0.0,0.0
2001-07-02 00:00:00-04:00,4.40686328134293,4.545476462753212,4.359787042993058,4.451323986053467,155100,0.0,0.0
2001-07-03 00:00:00-04:00,4.472246163763271,4.498399626034313,4.446093075620864,4.49316930770874,57300,0.0,0.0
2001-07-05 00:00:00-04:00,4.485325923754426,4.550709428339333,4.485325923754426,4.519325256347656,275400,0.0,0.0
2001-07-06 00:00:00-04:00,4.480094598367284,4.511478768566135,4.472248368753162,4.474863529205322,64200,0.0,0.0
2001-07-09 00:00:00-04:00,4.472246606096632,4.555938067770216,4.472246606096632,4.537630081176758,84600,0.0,0.0
2001-07-10 00:00:00-04:00,4.537629121158992,4.57424433834195,4.501015026361815,4.5323991775512695,49200,0.0,0.0
2001-07-11 00:00:00-04:00,4.501018009750265,4.524555951679602,4.4356337569076745,4.519325256347656,39000,0.0,0.0
2001-07-12 00:00:00-04:00,4.516708057547875,4.576860465527772,4.511476990447646,4.537630081176758,37800,0.0,0.0
2001-07-13 00:00:00-04:00,4.521938323974609,4.57163047193275,4.521938323974609,4.521938323974609,36600,0.0,0.0
2001-07-16 00:00:00-04:00,4.5114763492202075,4.563783645629883,4.498399431585633,4.563783645629883,87000,0.0,0.0
2001-07-17 00:00:00-04:00,4.49839911923647,4.558552262747223,4.453938799577632,4.5323991775512695,76500,0.0,0.0
2001-07-18 00:00:00-04:00,4.506247204822277,4.532401425375076,4.485325175243641,4.495786190032959,166800,0.0,0.0
2001-07-19 00:00:00-04:00,4.482707209064585,4.511476202447528,4.482707209064585,4.506245136260986,38100,0.0,0.0
2001-07-20 00:00:00-04:00,4.5114771312355435,4.537630222780805,4.493169892328124,4.4984002113342285,13200,0.0,0.0
2001-07-23 00:00:00-04:00,4.498399626034313,4.524553462433991,4.49316930770874,4.49316930770874,36300,0.0,0.0
2001-07-24 00:00:00-04:00,4.493171380427843,4.511478625398465,4.487940311431885,4.487940311431885,12300,0.0,0.0
2001-07-25 00:00:00-04:00,4.514091361412191,4.555937272004275,4.506245136260986,4.506245136260986,53100,0.0,0.0
2001-07-26 00:00:00-04:00,4.414709357538177,4.545476307698429,4.380709292030048,4.537630081176758,81000,0.0,0.0
2001-07-27 00:00:00-04:00,4.516708057547875,4.563784294291888,4.511476990447646,4.537630081176758,178800,0.0,0.0
2001-07-30 00:00:00-04:00,4.550707374798659,4.563784294291888,4.537630081176758,4.537630081176758,24600,0.0,0.0
2001-07-31 00:00:00-04:00,4.563785592129365,4.686706350723831,4.485325175243641,4.495786190032959,90000,0.0,0.0
2001-08-01 00:00:00-04:00,4.498400845876416,4.57686125396584,4.498400845876416,4.569015026092529,46500,0.0,0.0
2001-08-02 00:00:00-04:00,4.534938099633294,4.587364702678169,4.534938099633294,4.542802333831787,32100,0.013333,0.0
2001-08-03 00:00:00-04:00,4.534938964177457,4.569016318901257,4.534938964177457,4.561152458190918,27900,0.0,0.0
2001-08-06 00:00:00-04:00,4.56639371579654,4.671247658757486,4.527073674679825,4.637170314788818,77700,0.0,0.0
2001-08-07 00:00:00-04:00,4.600470912767448,4.652898257560001,4.542801620968899,4.613577842712402,36000,0.0,0.0
2001-08-08 00:00:00-04:00,4.6607611253942665,4.679109996970858,4.616197651631449,4.655518054962158,56100,0.0,0.0
2001-08-09 00:00:00-04:00,4.65551890500272,4.6660039228198995,4.527073030642366,4.579499244689941,23400,0.0,0.0
2001-08-10 00:00:00-04:00,4.561151393330958,4.705325389252002,4.540180228028782,4.652898788452148,142500,0.0,0.0
2001-08-13 00:00:00-04:00,4.613578369118121,4.705325389252002,4.5139667401352,4.652898788452148,12900,0.0,0.0
2001-08-14 00:00:00-04:00,4.58736399645862,4.765616069313722,4.58736399645862,4.70794677734375,140100,0.0,0.0
2001-08-15 00:00:00-04:00,4.7446454560490805,4.760373548859651,4.642413040274031,4.736781597137451,129300,0.0,0.0
2001-08-16 00:00:00-04:00,4.736780723512766,4.74464458097403,4.697460311244716,4.71843147277832,42300,0.0,0.0
2001-08-17 00:00:00-04:00,4.71843147277832,4.78396499324208,4.71843147277832,4.71843147277832,13800,0.0,0.0
2001-08-20 00:00:00-04:00,4.718431366954711,4.844256083410921,4.718431366954711,4.73153829574585,97500,0.0,0.0
2001-08-21 00:00:00-04:00,4.757750861549673,4.849498220446756,4.757750861549673,4.812798976898193,19800,0.0,0.0
2001-08-22 00:00:00-04:00,4.791830237802021,4.820665640131161,4.731539771509717,4.770860195159912,24900,0.0,0.0
2001-08-23 00:00:00-04:00,4.7918280769253006,4.823284626652524,4.757751116771028,4.762993812561035,8100,0.0,0.0
2001-08-24 00:00:00-04:00,4.7577505113914995,4.783963612018979,4.582120037280023,4.626682758331299,31500,0.0,0.0
2001-08-27 00:00:00-04:00,4.626683418315107,4.626683418315107,4.534936428070068,4.534936428070068,32400,0.0,0.0
2001-08-28 00:00:00-04:00,4.527072571757493,4.558528746982168,4.527072571757493,4.534936428070068,32100,0.0,0.0
2001-08-29 00:00:00-04:00,4.537557731307396,4.770858267379737,4.537557731307396,4.692217826843262,97800,0.0,0.0
2001-08-30 00:00:00-04:00,4.797072237030905,4.797072237030905,4.613577842712402,4.613577842712402,89700,0.0,0.0
2001-08-31 00:00:00-04:00,4.642411684861471,4.773479461669922,4.639790524318647,4.773479461669922,93900,0.0,0.0
2001-09-04 00:00:00-04:00,4.770859795851607,4.770859795851607,4.642413139343262,4.642413139343262,47400,0.0,0.0
2001-09-05 00:00:00-04:00,4.647656257122416,4.666005513291106,4.6004719734191895,4.6004719734191895,15000,0.0,0.0
2001-09-06 00:00:00-04:00,4.613576866131753,4.613576866131753,4.508722573728986,4.534936428070068,29100,0.0,0.0
2001-09-07 00:00:00-04:00,4.537557198502417,4.5401783587189195,4.443188680939502,4.445809841156006,125100,0.0,0.0
2001-09-10 00:00:00-04:00,4.458917864941518,4.508723296201084,4.430082845538153,4.453674793243408,88800,0.0,0.0
2001-09-17 00:00:00-04:00,4.416974881945752,4.416974881945752,4.154839380066821,4.220373630523682,148500,0.0,0.0
2001-09-18 00:00:00-04:00,4.267560894579898,4.285909776056549,4.194162368774414,4.194162368774414,15900,0.0,0.0
2001-09-19 00:00:00-04:00,4.1941611549368565,4.348821271729481,4.1941611549368565,4.196783065795898,287700,0.0,0.0
2001-09-20 00:00:00-04:00,4.1994060569851035,4.238726112301542,4.1994060569851035,4.202026844024658,184500,0.0,0.0
2001-09-21 00:00:00-04:00,4.202025586847921,4.202025586847921,4.102415084838867,4.102415084838867,329400,0.0,0.0
2001-09-24 00:00:00-04:00,4.167948294881573,4.257073770070862,4.0368804931640625,4.0368804931640625,27000,0.0,0.0
2001-09-25 00:00:00-04:00,4.026394218373833,4.165326222801626,4.010666130606247,4.152219295501709,29100,0.0,0.0
2001-09-26 00:00:00-04:00,4.152218918502251,4.217752424090167,3.997558840349187,4.078821182250977,36600,0.0,0.0
2001-09-27 00:00:00-04:00,4.233480180625351,4.233480180625351,4.052607014317561,4.220373630523682,24000,0.0,0.0
2001-09-28 00:00:00-04:00,4.220376400933219,4.3199872970581055,4.123385916579693,4.3199872970581055,127500,0.0,0.0
2001-10-01 00:00:00-04:00,4.22561855841617,4.299017084221654,4.0499883537433785,4.194162368774414,19800,0.0,0.0
2001-10-02 00:00:00-04:00,4.2046473353338785,4.388141739780986,4.194161565806756,4.375034809112549,88800,0.0,0.0
2001-10-03 00:00:00-04:00,4.388143024480203,4.388143024480203,4.3304737126147845,4.364551067352295,89400,0.0,0.0
2001-10-04 00:00:00-04:00,4.361931013256885,4.5349401177549975,4.333095975013452,4.409115314483643,210000,0.0,0.0
2001-10-05 00:00:00-04:00,4.377657476763934,4.679112434387207,4.34357937613925,4.679112434387207,47100,0.0,0.0
2001-10-08 00:00:00-04:00,4.6057134005401545,4.718431183830607,4.527072955807088,4.550664901733398,154200,0.0,0.0
2001-10-09 00:00:00-04:00,4.608336208196738,4.610957369797685,4.548044616539362,4.6004719734191895,5400,0.0,0.0
2001-10-10 00:00:00-04:00,4.597848835149437,4.597848835149437,4.4798883640976275,4.485130310058594,14100,0.0,0.0
2001-10-11 00:00:00-04:00,4.579500186999072,4.579500186999072,4.479889684835136,4.498238563537598,83100,0.0,0.0
2001-10-12 00:00:00-04:00,4.47988994310001,4.47988994310001,4.430083751678467,4.430083751678467,1800,0.0,0.0
2001-10-15 00:00:00-04:00,4.45105401433775,4.508723683106012,4.419597831373243,4.469403266906738,21300,0.0,0.0
2001-10-16 00:00:00-04:00,4.587364702678169,4.600471634679883,4.532316188250696,4.542802333831787,32400,0.0,0.0
2001-10-17 00:00:00-04:00,4.6135779324022925,4.6135779324022925,4.464161253046137,4.519209384918213,45000,0.0,0.0
2001-10-18 00:00:00-04:00,4.461538827127507,4.584742381840038,4.461538827127507,4.482509613037109,38100,0.0,0.0
2001-10-19 00:00:00-04:00,4.45629651531842,4.5742573738098145,4.45629651531842,4.5742573738098145,600,0.0,0.0
2001-10-22 00:00:00-04:00,4.458919048309326,4.574258781545946,4.45629788675188,4.458919048309326,20400,0.0,0.0
2001-10-23 00:00:00-04:00,4.548043131511002,4.5611504351853505,4.45367459491779,4.482509613037109,34200,0.0,0.0
2001-10-24 00:00:00-04:00,4.5585282058813155,4.5585282058813155,4.48250856229783,4.555906295776367,13800,0.0,0.0
2001-10-25 00:00:00-04:00,4.561151393330958,4.652898788452148,4.534937905437375,4.652898788452148,30300,0.0,0.0
2001-10-26 00:00:00-04:00,4.652899853599838,4.652899853599838,4.548045128047415,4.6397929191589355,85800,0.0,0.0
2001-10-29 00:00:00-05:00,4.54279968738314,4.6424105126278175,4.54279968738314,4.589983940124512,57000,0.0,0.0
2001-10-30 00:00:00-05:00,4.592608630149002,4.6397929191589355,4.582123232591239,4.6397929191589355,3300,0.0,0.0
2001-10-31 00:00:00-05:00,4.639792068261071,4.705325603485107,4.58474355368454,4.705325603485107,285900,0.0,0.0
2001-11-01 00:00:00-05:00,4.728966755090303,4.728966755090303,4.584470874399343,4.71057653427124,132000,0.013333,0.0
2001-11-02 00:00:00-05:00,4.728970050811768,4.7946499398565265,4.623881927680334,4.728970050811768,119100,0.0,0.0
2001-11-05 00:00:00-05:00,4.7158343543155254,4.7421067637466345,4.61074621989034,4.6895623207092285,51300,0.0,0.0
2001-11-06 00:00:00-05:00,4.676427882369971,4.676427882369971,4.5450680405461785,4.571340084075928,46500,0.0,0.0
2001-11-07 00:00:00-05:00,4.5450647394125,4.594981397951494,4.508283529360518,4.531928539276123,28800,0.0,0.0
2001-11-08 00:00:00-05:00,4.53981145510293,4.697443640700348,4.531929657910672,4.558201313018799,61200,0.0,0.0
2001-11-09 00:00:00-05:00,4.545064449310303,4.545064449310303,4.545064449310303,4.545064449310303,1500,0.0,0.0
2001-11-12 00:00:00-05:00,4.660662393822075,4.660662393822075,4.560829052696182,4.597609519958496,66900,0.0,0.0
2001-11-13 00:00:00-05:00,4.597609519958496,4.62388192655976,4.5844740683074106,4.597609519958496,89700,0.0,0.0
2001-11-14 00:00:00-05:00,4.597609473812522,4.597609473812522,4.568710803985596,4.568710803985596,7500,0.0,0.0
2001-11-15 00:00:00-05:00,4.560829226307601,4.597609694969992,4.560829226307601,4.576592445373535,28800,0.0,0.0
2001-11-16 00:00:00-05:00,4.5582034985736195,4.571340084075928,4.5319318308688255,4.571340084075928,34800,0.0,0.0
2001-11-19 00:00:00-05:00,4.5450647394125,4.5687097493281055,4.531928539276123,4.531928539276123,85500,0.0,0.0
2001-11-20 00:00:00-05:00,4.5450647394125,4.5450647394125,4.437349251263067,4.531928539276123,25200,0.0,0.0
2001-11-21 00:00:00-05:00,4.531929296531114,4.566082746108078,4.460994630756274,4.484639644622803,250800,0.0,0.0
2001-11-23 00:00:00-05:00,4.545066710957464,4.558202165142332,4.492522263444071,4.513540267944336,4800,0.0,0.0
2001-11-26 00:00:00-05:00,4.5582024324360555,4.650155127020403,4.5582024324360555,4.631764888763428,30300,0.0,0.0
2001-11-27 00:00:00-05:00,4.61337239801639,4.61337239801639,4.458367991609597,4.484639644622803,67500,0.0,0.0
2001-11-28 00:00:00-05:00,4.466248045591906,4.705323246943336,4.453111847280484,4.539809703826904,97800,0.0,0.0
2001-11-29 00:00:00-05:00,4.597610736441716,4.6816816329956055,4.547694052671298,4.6816816329956055,74700,0.0,0.0
2001-11-30 00:00:00-05:00,4.597610676425795,4.681681571882247,4.57922043816882,4.631764888763428,26100,0.0,0.0
2001-12-03 00:00:00-05:00,4.6291359580121325,4.742106254115583,4.597609521072703,4.728970050811768,48000,0.0,0.0
2001-12-04 00:00:00-05:00,4.728968925777079,4.728968925777079,4.584472978759728,4.702697277069092,6000,0.0,0.0
2001-12-05 00:00:00-05:00,4.715834488579994,4.71846225575266,4.6501545906066895,4.6501545906066895,7500,0.0,0.0
2001-12-06 00:00:00-05:00,4.702698737591277,4.702698737591277,4.650154296382467,4.663290500640869,22200,0.0,0.0
2001-12-07 00:00:00-05:00,4.702698688306447,4.715834140777588,4.637018043527576,4.715834140777588,5700,0.0,0.0
2001-12-10 00:00:00-05:00,4.639645794055741,4.715834506053055,4.518794059753418,4.518794059753418,45600,0.0,0.0
2001-12-11 00:00:00-05:00,4.5976073947882945,4.5976073947882945,4.348023405690205,4.387431621551514,63000,0.0,0.0
2001-12-12 00:00:00-05:00,4.374296693114807,4.479384422302246,4.34802466686177,4.479384422302246,286800,0.0,0.0
2001-12-13 00:00:00-05:00,4.374298110033604,4.466250419616699,4.374298110033604,4.466250419616699,25500,0.0,0.0
2001-12-14 00:00:00-05:00,4.518794059753418,4.518794059753418,4.518794059753418,4.518794059753418,6600,0.0,0.0
2001-12-17 00:00:00-05:00,4.4688761861305535,4.6632895648634625,4.4688761861305535,4.526674270629883,29400,0.0,0.0
2001-12-18 00:00:00-05:00,4.63701775403562,4.660662393822075,4.563456067861444,4.597609519958496,21600,0.0,0.0
2001-12-19 00:00:00-05:00,4.597610163108308,4.637018402698165,4.439977956398528,4.518794059753418,33300,0.0,0.0
2001-12-20 00:00:00-05:00,4.46624979592798,4.531929685751336,4.447858810424805,4.447858810424805,14400,0.0,0.0
2001-12-21 00:00:00-05:00,4.487266213947712,4.51879264542225,4.439976566735905,4.505657196044922,117000,0.0,0.0
2001-12-24 00:00:00-05:00,4.4189605624767845,4.6895623207092285,4.24293737357738,4.6895623207092285,31200,0.0,0.0
2001-12-26 00:00:00-05:00,4.558200600433948,4.558200600433948,4.418959421994341,4.516165733337402,17400,0.0,0.0
2001-12-27 00:00:00-05:00,4.439976607488131,4.552946885045849,4.426840782165527,4.426840782165527,19200,0.0,0.0
2001-12-28 00:00:00-05:00,4.400568058494685,4.492520332336426,4.395314029409118,4.492520332336426,49500,0.0,0.0
2001-12-31 00:00:00-05:00,4.468876783671704,4.584474095601253,4.468876783671704,4.558201313018799,26400,0.0,0.0
2002-01-02 00:00:00-05:00,4.518793338209157,4.6212544441223145,4.518793338209157,4.6212544441223145,45000,0.0,0.0
2002-01-03 00:00:00-05:00,4.62913381050208,4.665915012359619,4.566080965874182,4.665915012359619,24600,0.0,0.0
2002-01-04 00:00:00-05:00,4.623880812756713,4.676424485828173,4.531928539276123,4.531928539276123,11400,0.0,0.0
2002-01-07 00:00:00-05:00,4.539810334522886,4.6343896225359416,4.531928539276123,4.531928539276123,8100,0.0,0.0
2002-01-08 00:00:00-05:00,4.573964504347267,4.6160005052391995,4.531929630929654,4.597609519958496,108900,0.0,0.0
2002-01-09 00:00:00-05:00,4.531928235056382,4.597608103855254,4.531928235056382,4.58447265625,54300,0.0,0.0
2002-01-10 00:00:00-05:00,4.5319318308688255,4.597611751780722,4.5319318308688255,4.571340084075928,9000,0.0,0.0
2002-01-11 00:00:00-05:00,4.584473251213184,4.6291351318359375,4.584473251213184,4.6291351318359375,13500,0.0,0.0
2002-01-14 00:00:00-05:00,4.597608940991376,4.597608940991376,4.497775612437281,4.587100505828857,39900,0.0,0.0
2002-01-15 00:00:00-05:00,4.594982839816856,4.684307750969673,4.545066165614447,4.663290500640869,35400,0.0,0.0
2002-01-16 00:00:00-05:00,4.547693339235229,4.792023439686191,4.547693339235229,4.6895623207092285,31500,0.0,0.0
2002-01-17 00:00:00-05:00,4.723715268830422,4.731597065977667,4.676425613421277,4.728970050811768,4800,0.0,0.0
2002-01-18 00:00:00-05:00,4.702698503658702,4.873466143924811,4.702698503658702,4.8340582847595215,26400,0.0,0.0
2002-01-22 00:00:00-05:00,4.834057753645849,4.834057753645849,4.731596654588801,4.744732856750488,18300,0.0,0.0
2002-01-23 00:00:00-05:00,4.742106441767009,4.742106441767009,4.545066015186035,4.610745906829834,14100,0.0,0.0
2002-01-24 00:00:00-05:00,4.684305855804744,4.702696834985771,4.58447254779024,4.697442054748535,11100,0.0,0.0
2002-01-25 00:00:00-05:00,4.558200703533913,4.747359676782817,4.513538820656959,4.526674270629883,18000,0.0,0.0
2002-01-28 00:00:00-05:00,4.581845508371327,4.676424802794941,4.471502998210443,4.505657196044922,46800,0.0,0.0
2002-01-29 00:00:00-05:00,4.479383652955617,4.479383652955617,4.4557390213012695,4.4557390213012695,76500,0.0,0.0
2002-01-30 00:00:00-05:00,4.492520314691675,4.531928539276123,4.45311246593191,4.531928539276123,60000,0.0,0.0
2002-01-31 00:00:00-05:00,4.555629253387451,4.555629253387451,4.5029626948047135,4.555629253387451,34500,0.013333,0.0
2002-02-01 00:00:00-05:00,4.489797513416851,4.555630828582948,4.489797513416851,4.529297351837158,8100,0.0,0.0
2002-02-04 00:00:00-05:00,4.529294240711933,4.529294240711933,4.502961158752441,4.502961158752441,44700,0.0,0.0
2002-02-05 00:00:00-05:00,4.5292957857469585,4.555629253387451,4.505595815549815,4.555629253387451,106200,0.0,0.0
2002-02-06 00:00:00-05:00,4.529295798943389,4.555629266660606,4.5029627079244205,4.521395683288574,33900,0.0,0.0
2002-02-07 00:00:00-05:00,4.5055942785993315,4.521394127775027,4.502961158752441,4.502961158752441,32400,0.0,0.0
2002-02-08 00:00:00-05:00,4.505595524387177,4.534562110900879,4.505595524387177,4.534562110900879,40200,0.0,0.0
2002-02-11 00:00:00-05:00,4.534560202129003,4.534560202129003,4.513493739604264,4.524027347564697,31500,0.0,0.0
2002-02-12 00:00:00-05:00,4.529294240711933,4.529294240711933,4.502961158752441,4.502961158752441,45600,0.0,0.0
2002-02-13 00:00:00-05:00,4.5134951413476205,4.52929499314809,4.502961906813973,4.5266618728637695,124500,0.0,0.0
2002-02-14 00:00:00-05:00,4.529294240711933,4.552993826126417,4.502961158752441,4.502961158752441,38400,0.0,0.0
2002-02-15 00:00:00-05:00,4.5029626948047135,4.555629253387451,4.5029626948047135,4.555629253387451,15000,0.0,0.0
2002-02-19 00:00:00-05:00,4.502960508341894,4.529293586497818,4.502960508341894,4.524027347564697,94800,0.0,0.0
2002-02-20 00:00:00-05:00,4.539827194458252,4.574060007711923,4.502960508341894,4.524027347564697,771300,0.0,0.0
2002-02-21 00:00:00-05:00,4.516129805323207,4.608295058573695,4.516129805323207,4.555629253387451,1158900,0.0,0.0
2002-02-22 00:00:00-05:00,4.59776299147289,4.684662018213124,4.502963471040699,4.542463302612305,87000,0.0,0.0
2002-02-25 00:00:00-05:00,4.516128264779365,4.550361082977646,4.502961158752441,4.502961158752441,89700,0.0,0.0
2002-02-26 00:00:00-05:00,4.529294240711933,4.529294240711933,4.502961158752441,4.502961158752441,15600,0.0,0.0
2002-02-27 00:00:00-05:00,4.505595524387177,4.534562110900879,4.5029624038122344,4.534562110900879,15900,0.0,0.0
2002-02-28 00:00:00-05:00,4.5161278906541265,4.57669340909641,4.5161278906541265,4.568793296813965,211800,0.0,0.0
2002-03-01 00:00:00-05:00,4.547730227046571,4.5951297981697445,4.537196235622588,4.581963062286377,19500,0.0,0.0
2002-03-04 00:00:00-05:00,4.581963062286377,4.621462516539868,4.571429824259005,4.581963062286377,42900,0.0,0.0
2002-03-05 00:00:00-05:00,4.605662486920211,4.739961455086043,4.574062774022168,4.726794719696045,54000,0.0,0.0
2002-03-06 00:00:00-05:00,4.726792980521174,4.80579223369932,4.7136270033720455,4.784726142883301,58500,0.0,0.0
2002-03-07 00:00:00-05:00,4.805794001941154,4.805794001941154,4.703094746673366,4.726794719696045,13800,0.0,0.0
2002-03-08 00:00:00-05:00,4.739959191409909,4.805791706825194,4.634626865386963,4.634626865386963,15300,0.0,0.0
2002-03-11 00:00:00-05:00,4.647794561022605,4.739960561278093,4.647794561022605,4.687294006347656,15900,0.0,0.0
2002-03-12 00:00:00-05:00,4.56616217311178,4.713627848860206,4.5635290525492795,4.687294006347656,56700,0.0,0.0
2002-03-13 00:00:00-05:00,4.687294461137066,4.687294461137066,4.6767616011668816,4.679394721984863,5700,0.0,0.0
2002-03-14 00:00:00-05:00,4.718891751721692,4.897957059974958,4.718891751721692,4.7715582847595215,70500,0.0,0.0
2002-03-15 00:00:00-05:00,4.779459995399599,4.963791227553782,4.779459995399599,4.9269256591796875,66600,0.0,0.0
2002-03-18 00:00:00-05:00,4.926925175302117,4.976957847299199,4.784726142883301,4.784726142883301,46200,0.0,0.0
2002-03-19 00:00:00-05:00,4.792625703099552,4.868991073972552,4.792625703099552,4.8268585205078125,14100,0.0,0.0
2002-03-20 00:00:00-05:00,4.8610955130957425,4.884795118318808,4.816329424697317,4.821595668792725,18900,0.0,0.0
2002-03-21 00:00:00-05:00,4.808427333831787,4.897959466908814,4.808427333831787,4.808427333831787,23700,0.0,0.0
2002-03-22 00:00:00-05:00,4.811059227276016,4.8373919349705785,4.766292418761171,4.784726142883301,31200,0.0,0.0
2002-03-25 00:00:00-05:00,4.87162526326145,4.87162526326145,4.668859958648682,4.668859958648682,32700,0.0,0.0
2002-03-26 00:00:00-05:00,4.660961970053546,4.792627811431885,4.647795235236402,4.792627811431885,140700,0.0,0.0
2002-03-27 00:00:00-05:00,4.803159008317111,4.832125588863186,4.739959607160014,4.829492092132568,16800,0.0,0.0
2002-03-28 00:00:00-05:00,4.847924399801213,4.847924399801213,4.753125318389635,4.7715582847595215,60000,0.0,0.0
2002-04-01 00:00:00-05:00,4.766293446530876,4.853192832114281,4.766293446530876,4.850559711456299,25200,0.0,0.0
2002-04-02 00:00:00-05:00,4.850560953467878,4.8716278076171875,4.782094525053865,4.8716278076171875,14100,0.0,0.0
2002-04-03 00:00:00-05:00,4.847927118248374,4.874260211184386,4.792627811431885,4.792627811431885,24300,0.0,0.0
2002-04-04 00:00:00-05:00,4.805794027851442,4.976959705352783,4.805794027851442,4.976959705352783,20700,0.0,0.0
2002-04-05 00:00:00-05:00,4.976959913613577,4.976959913613577,4.879527649258067,4.96379280090332,19200,0.0,0.0
2002-04-08 00:00:00-04:00,4.9637922467905495,5.242923779478654,4.961159502599351,5.142858028411865,26400,0.0,0.0
2002-04-09 00:00:00-04:00,5.224489441087143,5.253456025597591,4.992758271796351,5.003291130065918,79500,0.0,0.0
2002-04-10 00:00:00-04:00,5.003291694698856,5.250823497772217,5.000658574008859,5.250823497772217,77700,0.0,0.0
2002-04-11 00:00:00-04:00,5.124425052090801,5.253457016433053,5.003292073718679,5.142858028411865,90000,0.0,0.0
2002-04-12 00:00:00-04:00,5.148123764238006,5.253456115722656,5.148123764238006,5.253456115722656,39900,0.0,0.0
2002-04-15 00:00:00-04:00,5.216588347717631,5.266621769473972,5.163922559458755,5.190255641937256,53700,0.0,0.0
2002-04-16 00:00:00-04:00,5.187623608339905,5.227123051979876,4.784726797004044,5.066490650177002,99600,0.0,0.0
2002-04-17 00:00:00-04:00,5.0427909262121835,5.0427909262121835,4.805792763835854,4.887425899505615,119100,0.0,0.0
2002-04-18 00:00:00-04:00,5.003291845263914,5.235023801076136,4.9558922811334245,5.2323899269104,39000,0.0,0.0
2002-04-19 00:00:00-04:00,5.040157805831524,5.208689187837781,4.811059757993563,4.887425899505615,66000,0.0,0.0
2002-04-22 00:00:00-04:00,4.955893060654799,4.96379280090332,4.897960250938513,4.96379280090332,11700,0.0,0.0
2002-04-23 00:00:00-04:00,4.945360199222875,4.987492775045501,4.897960250938513,4.96379280090332,15900,0.0,0.0
2002-04-24 00:00:00-04:00,4.984858767912131,5.358788655077553,4.984858767912131,5.319289207458496,120600,0.0,0.0
2002-04-25 00:00:00-04:00,5.319288521991297,5.358787964520279,5.1744567304541,5.245555877685547,42600,0.0,0.0
2002-04-26 00:00:00-04:00,5.134954473380276,5.472018583579987,5.134954473380276,5.429884910583496,139500,0.0,0.0
2002-04-29 00:00:00-04:00,5.371954917907715,5.4641209089747775,5.306122390029684,5.371954917907715,148800,0.0,0.0
2002-04-30 00:00:00-04:00,5.3719562507554235,5.477288246154785,5.332456422869671,5.477288246154785,51000,0.0,0.0
2002-05-01 00:00:00-04:00,5.364056687238646,5.648454497906343,5.364056687238646,5.635287761688232,229500,0.0,0.0
2002-05-02 00:00:00-04:00,5.63265190930353,6.0513481168679855,5.566819390228793,5.940749168395996,127800,0.0,0.0
2002-05-03 00:00:00-04:00,6.035759449005127,6.109656623529691,5.938110797778836,6.035759449005127,536100,0.016667,0.0
2002-05-06 00:00:00-04:00,6.096462573358402,6.146606402468065,6.075349302673268,6.099101543426514,174300,0.0,0.0
2002-05-07 00:00:00-04:00,6.1228541617148196,6.175637715962715,5.998813885207186,6.099101543426514,182100,0.0,0.0
2002-05-08 00:00:00-04:00,6.07270717487098,6.202025701805829,6.07270717487098,6.183551788330078,122100,0.0,0.0
2002-05-09 00:00:00-04:00,6.18619210108335,6.333985328674316,6.18619210108335,6.333985328674316,62700,0.0,0.0
2002-05-10 00:00:00-04:00,6.333986749580985,6.333986749580985,6.212585452658092,6.320790767669678,95700,0.0,0.0
2002-05-13 00:00:00-04:00,6.318150890468692,6.333985839967211,6.254811092474616,6.323429584503174,83400,0.0,0.0
2002-05-14 00:00:00-04:00,6.34718076984186,6.44219044546237,6.3287057224117556,6.410520553588867,87600,0.0,0.0
2002-05-15 00:00:00-04:00,6.341900983551123,6.465941560769907,6.307592128704327,6.413158416748047,65100,0.0,0.0
2002-05-16 00:00:00-04:00,6.381493169231974,6.413163078666889,6.347184289445034,6.399966716766357,195000,0.0,0.0
2002-05-17 00:00:00-04:00,6.4052419869176225,6.50553035736084,6.365654432528469,6.50553035736084,148800,0.0,0.0
2002-05-20 00:00:00-04:00,6.492332755246011,6.505529107553715,6.413158416748047,6.413158416748047,81600,0.0,0.0
2002-05-21 00:00:00-04:00,6.505532767370581,6.505532767370581,6.439553233922918,6.463305473327637,69600,0.0,0.0
2002-05-22 00:00:00-04:00,6.463304195379164,6.463304195379164,6.278563123900558,6.460665225982666,150300,0.0,0.0
2002-05-23 00:00:00-04:00,6.413158727189494,6.439549922943115,6.3445402591046385,6.439549922943115,37800,0.0,0.0
2002-05-24 00:00:00-04:00,6.426355608217003,6.492334365844727,6.349820219166051,6.492334365844727,41700,0.0,0.0
2002-05-28 00:00:00-04:00,6.505530229209376,6.505530229209376,6.3339844152588975,6.410520553588867,168900,0.0,0.0
2002-05-29 00:00:00-04:00,6.360376581166637,6.505531218156635,6.2812018394470215,6.2812018394470215,87900,0.0,0.0
2002-05-30 00:00:00-04:00,6.331346664715124,6.46594391984559,6.268006868779602,6.460665225982666,82800,0.0,0.0
2002-05-31 00:00:00-04:00,6.463304831827477,6.505532121679251,6.357738494873047,6.357738494873047,102000,0.0,0.0
2002-06-03 00:00:00-04:00,6.368294503112786,6.563592584832476,6.368294503112786,6.510809421539307,77700,0.0,0.0
2002-06-04 00:00:00-04:00,6.413160048356379,6.413160048356379,5.953945823465255,6.059512138366699,102600,0.0,0.0
2002-06-05 00:00:00-04:00,5.951307110965485,6.1122955593641395,5.79295763178569,5.964502334594727,175200,0.0,0.0
2002-06-06 00:00:00-04:00,5.911720301646944,6.312871963257208,5.911720301646944,6.202027320861816,84300,0.0,0.0
2002-06-07 00:00:00-04:00,6.1360475560089105,6.241613864898682,5.990894070052925,6.241613864898682,51000,0.0,0.0
2002-06-10 00:00:00-04:00,6.199388580462311,6.323429584503174,6.1914712944805395,6.323429584503174,20700,0.0,0.0
2002-06-11 00:00:00-04:00,6.333983629789253,6.439549922943115,6.241612934512201,6.439549922943115,78000,0.0,0.0
2002-06-12 00:00:00-04:00,6.231058338585285,6.439552024369571,6.231058338585285,6.421077728271484,89400,0.0,0.0
2002-06-13 00:00:00-04:00,6.344543690939703,6.418440136118825,6.344543690939703,6.3788533210754395,36600,0.0,0.0
2002-06-14 00:00:00-04:00,6.363014750803683,6.563590714151825,6.360375027088923,6.3973236083984375,38400,0.0,0.0
2002-06-17 00:00:00-04:00,6.53192461649647,6.597903401336687,6.492337043564279,6.537203311920166,55800,0.0,0.0
2002-06-18 00:00:00-04:00,6.595262374945299,6.597901344299316,6.582066018035382,6.597901344299316,33600,0.0,0.0
2002-06-19 00:00:00-04:00,6.597900571394229,6.809033951450796,6.597900571394229,6.653322696685791,131700,0.0,0.0
2002-06-20 00:00:00-04:00,6.740415612675589,6.795837739133743,6.650683867632529,6.72458028793335,82500,0.0,0.0
2002-06-21 00:00:00-04:00,6.69555054801059,6.753611647300744,6.655962988680549,6.690271854400635,222600,0.0,0.0
2002-06-24 00:00:00-04:00,6.690267980777158,6.690267980777158,6.434269988127932,6.566227436065674,166800,0.0,0.0
2002-06-25 00:00:00-04:00,6.5662287938801125,6.838062914402131,6.529280972642199,6.793196678161621,103500,0.0,0.0
2002-06-26 00:00:00-04:00,6.4685808154917215,6.695548722365751,6.465941846941245,6.677074432373047,116400,0.0,0.0
2002-06-27 00:00:00-04:00,6.677076453853271,6.835425940867319,6.63748889333228,6.822230339050293,178200,0.0,0.0
2002-06-28 00:00:00-04:00,6.819591262521209,6.835426590261995,6.729860255556711,6.827508926391602,486300,0.0,0.0
2002-07-01 00:00:00-04:00,6.83014824265879,6.8961270091369515,6.735138547105059,6.806396007537842,165000,0.0,0.0
2002-07-02 00:00:00-04:00,6.782642732036073,6.809034690559128,6.663880806357097,6.737777233123779,68400,0.0,0.0
2002-07-03 00:00:00-04:00,6.690269897015349,6.83542373537763,6.531920461093678,6.729857444763184,94800,0.0,0.0
2002-07-05 00:00:00-04:00,6.72985993978079,6.856539535483119,6.597901650055889,6.743056297302246,90600,0.0,0.0
2002-07-08 00:00:00-04:00,6.822230776409052,6.83542637907202,6.550396529104161,6.637489318847656,56700,0.0,0.0
2002-07-09 00:00:00-04:00,6.626933656600677,6.729861033605404,6.605820387218686,6.663882255554199,66600,0.0,0.0
2002-07-10 00:00:00-04:00,6.645407956077438,6.719304398914408,6.505532735189263,6.663882255554199,78600,0.0,0.0
2002-07-11 00:00:00-04:00,6.703468424229071,6.706107393583089,6.579427803751281,6.597901344299316,95700,0.0,0.0
2002-07-12 00:00:00-04:00,6.650682270240827,6.677074220115672,6.5609513018196095,6.571507930755615,46500,0.0,0.0
2002-07-15 00:00:00-04:00,6.571508501739217,6.611096052456327,6.109655756892209,6.183551788330078,106200,0.0,0.0
2002-07-16 00:00:00-04:00,6.151883708815642,6.333985816130802,6.112296146450835,6.146605014801025,71400,0.0,0.0
2002-07-17 00:00:00-04:00,6.281201790405078,6.518726013709397,6.120213338932956,6.333985328674316,63300,0.0,0.0
2002-07-18 00:00:00-04:00,6.386770197299271,6.399965802244018,6.109658718109131,6.109658718109131,46200,0.0,0.0
2002-07-19 00:00:00-04:00,6.096461076471261,6.186192454850996,5.6214122251612215,5.674195766448975,117600,0.0,0.0
2002-07-22 00:00:00-04:00,5.67419527666233,5.7797615950556,5.5659896115417595,5.660999298095703,41400,0.0,0.0
2002-07-23 00:00:00-04:00,5.740175075293158,5.766566282130733,5.476259231567383,5.476259231567383,38100,0.0,0.0
2002-07-24 00:00:00-04:00,5.476258197593678,5.542236957300154,5.449866240669169,5.539597988128662,108600,0.0,0.0
2002-07-25 00:00:00-04:00,5.5343206910414064,5.703226841750222,5.5343206910414064,5.613495826721191,62700,0.0,0.0
2002-07-26 00:00:00-04:00,5.647803318994852,6.004089832305908,5.647803318994852,6.004089832305908,94800,0.0,0.0
2002-07-29 00:00:00-04:00,5.861575462131903,6.460664901576,5.861575462131903,6.458025932312012,141600,0.0,0.0
2002-07-30 00:00:00-04:00,6.254808909923856,6.505529422466545,6.254808909923856,6.439549922943115,259800,0.0,0.0
2002-07-31 00:00:00-04:00,6.3339852838488,6.674437234478036,6.3339852838488,6.605818748474121,234600,0.0,0.0
2002-08-01 00:00:00-04:00,6.521366098355021,6.637489058386277,6.489696200164677,6.59526252746582,122400,0.0,0.0
2002-08-02 00:00:00-04:00,6.478907987898961,6.611130090360853,6.301729296250993,6.386352062225342,45000,0.016667,0.0
2002-08-05 00:00:00-04:00,6.56352990352271,6.56352990352271,6.33346296618378,6.391641616821289,48300,0.0,0.0
2002-08-06 00:00:00-04:00,6.611127627565162,6.7803730964660645,6.492127628362906,6.7803730964660645,194700,0.0,0.0
2002-08-07 00:00:00-04:00,6.783018076885035,6.796240132294253,6.558240108593843,6.611128330230713,87600,0.0,0.0
2002-08-08 00:00:00-04:00,6.603196815504951,6.687819963143417,6.584686234899647,6.642863750457764,317400,0.0,0.0
2002-08-09 00:00:00-04:00,6.611127083605995,6.962839289889515,6.597905030689988,6.875572681427002,114000,0.0,0.0
2002-08-12 00:00:00-04:00,6.968131923722326,7.132088200412053,6.743353865064923,7.047465801239014,112200,0.0,0.0
2002-08-13 00:00:00-04:00,7.060686785095457,7.142664910937336,6.785664029728476,7.100353717803955,158400,0.0,0.0
2002-08-14 00:00:00-04:00,7.113574329360765,7.634530544281006,6.983995773094449,7.634530544281006,153600,0.0,0.0
2002-08-15 00:00:00-04:00,7.616016035909101,7.80112697459855,7.420326551094689,7.721793174743652,192900,0.0,0.0
2002-08-16 00:00:00-04:00,7.774689039990765,7.774689039990765,7.510244091890326,7.5895771980285645,240600,0.0,0.0
2002-08-19 00:00:00-04:00,7.65040171469671,7.840802126841959,7.581646388602917,7.790557384490967,299700,0.0,0.0
2002-08-20 00:00:00-04:00,7.840801273868474,7.875179689759445,7.748246095471276,7.867246150970459,199500,0.0,0.0
2002-08-21 00:00:00-04:00,7.880467452257678,7.912200847773461,7.801133585176307,7.906912326812744,111300,0.0,0.0
2002-08-22 00:00:00-04:00,7.917486668198479,8.181931540631831,7.883109780511606,8.065576553344727,236400,0.0,0.0
2002-08-23 00:00:00-04:00,8.105245710522025,8.16871249742379,8.049711704545144,8.092022895812988,131700,0.0,0.0
2002-08-26 00:00:00-04:00,8.129043849811382,8.29828857914246,8.092021186978398,8.277132987976074,179400,0.0,0.0
2002-08-27 00:00:00-04:00,8.277130256751034,8.414641553957594,8.263908205780861,8.369686126708984,153900,0.0,0.0
2002-08-28 00:00:00-04:00,8.422579132124978,8.449023246765137,8.303579103076801,8.449023246765137,97500,0.0,0.0
2002-08-29 00:00:00-04:00,8.462244788973752,8.462244788973752,8.229532529559899,8.277132987976074,125400,0.0,0.0
2002-08-30 00:00:00-04:00,8.322085735585693,8.322085735585693,8.099952100259696,8.17135238647461,175200,0.0,0.0
2002-09-03 00:00:00-04:00,8.144910928648935,8.144910928648935,7.867243226907954,7.946577072143555,245700,0.0,0.0
2002-09-04 00:00:00-04:00,7.830220049441365,8.065576553344727,7.711220045992249,8.065576553344727,183300,0.0,0.0
2002-09-05 00:00:00-04:00,8.044426057565872,8.044426057565872,7.774691738586733,7.896336078643799,147000,0.0,0.0
2002-09-06 00:00:00-04:00,7.769402167087256,7.896335781456853,7.764113644780534,7.827580451965332,162600,0.0,0.0
2002-09-09 00:00:00-04:00,7.708578110984291,7.787911218345912,7.668911179011581,7.705933094024658,164400,0.0,0.0
2002-09-10 00:00:00-04:00,7.705934179137638,7.705934179137638,6.875576534078552,6.896731376647949,396300,0.0,0.0
2002-09-11 00:00:00-04:00,6.899376393980041,7.018377206655298,6.835909596520133,6.896731376647949,106200,0.0,0.0
2002-09-12 00:00:00-04:00,6.883505283667546,7.147950089094795,6.8359048403989515,7.140016555786133,181200,0.0,0.0
2002-09-13 00:00:00-04:00,7.055398868135438,7.140021261645249,6.915243218030782,7.005154132843018,238500,0.0,0.0
2002-09-16 00:00:00-04:00,6.904660148408569,7.060682773590088,6.904660148408569,7.060682773590088,112800,0.0,0.0
2002-09-17 00:00:00-04:00,7.060685874023301,7.113575615199239,6.973419238592063,7.084486484527588,144000,0.0,0.0
2002-09-18 00:00:00-04:00,7.010443161469012,7.140021007777728,6.968131209634654,7.113576889038086,150000,0.0,0.0
2002-09-19 00:00:00-04:00,7.134729354181526,7.137374370441767,6.981351700765833,7.007795810699463,119100,0.0,0.0
2002-09-20 00:00:00-04:00,7.079197207776508,7.1743973800425085,7.007796889431079,7.084486484527588,166800,0.0,0.0
2002-09-23 00:00:00-04:00,7.140017783575715,7.184973975666499,6.492127331430893,6.690461158752441,100500,0.0,0.0
2002-09-24 00:00:00-04:00,6.690464071248901,7.087131898569651,6.597908143996214,7.079198360443115,137700,0.0,0.0
2002-09-25 00:00:00-04:00,6.941686734856102,7.415044153172475,6.941686734856102,7.314554691314697,71100,0.0,0.0
2002-09-26 00:00:00-04:00,7.354217172894487,7.668906670112461,7.264305563725058,7.565773010253906,168900,0.0,0.0
2002-09-27 00:00:00-04:00,7.613377486139787,7.616021746362086,7.43090991229357,7.433554172515869,80700,0.0,0.0
2002-09-30 00:00:00-04:00,7.412395871848598,7.454707046295698,7.214062052481944,7.4044623374938965,133500,0.0,0.0
2002-10-01 00:00:00-04:00,7.433553196314517,7.563131009195594,7.338353031559994,7.536686897277832,81300,0.0,0.0
2002-10-02 00:00:00-04:00,7.518178934001688,7.565778654627175,7.483800517345594,7.557845115661621,107100,0.0,0.0
2002-10-03 00:00:00-04:00,7.528753361069041,7.536686897277832,7.417686880480591,7.536686897277832,90300,0.0,0.0
2002-10-04 00:00:00-04:00,7.433550771581119,7.589573402070938,7.13208330323497,7.306617259979248,60600,0.0,0.0
2002-10-07 00:00:00-04:00,7.303979364686754,7.547268807227197,7.158533643524882,7.497024059295654,84300,0.0,0.0
2002-10-08 00:00:00-04:00,7.536691005377612,7.536691005377612,7.422979446348562,7.497024059295654,79500,0.0,0.0
2002-10-09 00:00:00-04:00,7.457352953312338,7.536686801221815,7.444130897521973,7.444130897521973,44100,0.0,0.0
2002-10-10 00:00:00-04:00,7.4441322478415755,7.53668816833049,7.179687301147381,7.481154918670654,87900,0.0,0.0
2002-10-11 00:00:00-04:00,7.470575860899771,7.541976173611578,7.470575860899771,7.536686897277832,79800,0.0,0.0
2002-10-14 00:00:00-04:00,7.536687620442633,7.660976925499502,7.462643040751011,7.642465591430664,50100,0.0,0.0
2002-10-15 00:00:00-04:00,7.592221608680448,8.025912088735502,7.592221608680448,7.98360013961792,52200,0.0,0.0
2002-10-16 00:00:00-04:00,7.9624460666099095,8.039134921315528,7.861956596374513,7.861956596374512,77400,0.0,0.0
2002-10-17 00:00:00-04:00,7.999467748555387,7.999467748555387,7.748245593571138,7.798489570617676,52200,0.0,0.0
2002-10-18 00:00:00-04:00,7.798492930503524,7.801137192206516,7.729736830136494,7.756181716918945,50700,0.0,0.0
2002-10-21 00:00:00-04:00,7.827580265138473,7.854024389208966,7.721801499104491,7.7879133224487305,120600,0.0,0.0
2002-10-22 00:00:00-04:00,7.724444310705735,7.735022108629752,7.5895771980285645,7.5895771980285645,55800,0.0,0.0
2002-10-23 00:00:00-04:00,7.655684763543458,7.682129624616342,7.589573745736412,7.600151538848877,99000,0.0,0.0
2002-10-24 00:00:00-04:00,7.576355258971484,7.692711037966351,7.510244210052168,7.5789995193481445,41700,0.0,0.0
2002-10-25 00:00:00-04:00,7.584290437202266,7.597512498529363,7.457356076076669,7.534045696258545,50400,0.0,0.0
2002-10-28 00:00:00-05:00,7.541978057407528,7.541978057407528,7.24579893649839,7.343644142150879,110700,0.0,0.0
2002-10-29 00:00:00-05:00,7.264307905183899,7.346286007730001,7.245796574302471,7.298685550689697,15300,0.0,0.0
2002-10-30 00:00:00-05:00,7.346290466402321,7.359512529378073,7.222001107311696,7.245800971984863,24000,0.0,0.0
2002-10-31 00:00:00-05:00,7.245800261685872,7.589579161443521,7.245800261685872,7.528756618499756,115800,0.0,0.0
2002-11-01 00:00:00-05:00,7.5499444007873535,7.5499444007873535,7.510207699726618,7.5499444007873535,46800,0.016667,0.0
2002-11-04 00:00:00-05:00,7.602926416230155,7.602926416230155,7.46517317607887,7.5499444007873535,96900,0.0,0.0
2002-11-05 00:00:00-05:00,7.549945879734933,7.642664614401004,7.523455245781588,7.541998386383057,164700,0.0,0.0
2002-11-06 00:00:00-05:00,7.549947501855125,7.682402973824198,7.549947501855125,7.679753303527832,81000,0.0,0.0
2002-11-07 00:00:00-05:00,7.6877027179829085,7.7618783465037735,7.6294228414644145,7.645317077636719,36300,0.0,0.0
2002-11-08 00:00:00-05:00,7.658560536703453,7.722138975456081,7.526105077011423,7.53670072555542,57000,0.0,0.0
2002-11-11 00:00:00-05:00,7.512859127977017,7.544648347892718,7.422790050506593,7.422790050506592,23100,0.0,0.0
2002-11-12 00:00:00-05:00,7.579085999536815,7.579085999536815,7.417490256266144,7.443981647491455,55800,0.0,0.0
2002-11-13 00:00:00-05:00,7.41748947083762,7.600277246652845,7.287683713948154,7.390998840332031,28800,0.0,0.0
2002-11-14 00:00:00-05:00,7.417491308847827,7.565841756514896,7.417491308847827,7.563192844390869,48900,0.0,0.0
2002-11-15 00:00:00-05:00,7.486363498882232,7.722133957828911,7.486363498882232,7.637362003326416,36300,0.0,0.0
2002-11-18 00:00:00-05:00,7.666510362700113,7.666510362700113,7.369810104370117,7.369810104370117,36900,0.0,0.0
2002-11-19 00:00:00-05:00,7.369809785366653,7.406897600270705,7.179074400498791,7.1817240715026855,46200,0.0,0.0
2002-11-20 00:00:00-05:00,7.179071424684439,7.216159224215137,6.900915959863134,6.9936347007751465,131700,0.0,0.0
2002-11-21 00:00:00-05:00,6.961845483140863,7.020125336513018,6.927407353515738,6.9936347007751465,126600,0.0,0.0
2002-11-22 00:00:00-05:00,6.9909892868832575,7.123444047678799,6.969796464522762,7.043970584869385,78000,0.0,0.0
2002-11-25 00:00:00-05:00,7.163177541233755,7.960558448472267,7.163177541233755,7.934066295623779,386700,0.0,0.0
2002-11-26 00:00:00-05:00,8.079771203772252,8.636083150464026,8.066525121818454,8.440049171447754,701700,0.0,0.0
2002-11-27 00:00:00-05:00,8.485083167020212,8.742045899841267,8.482433496292234,8.728799819946289,267900,0.0,0.0
2002-11-29 00:00:00-05:00,8.728797024239395,8.771183405246628,8.651974029777628,8.739394187927246,132300,0.0,0.0
2002-12-02 00:00:00-05:00,8.765886235042087,8.900990619885057,8.662571072637766,8.855956077575684,278700,0.0,0.0
2002-12-03 00:00:00-05:00,8.805623751384626,8.834764064075607,8.702308579607912,8.757940292358398,51000,0.0,0.0
2002-12-04 00:00:00-05:00,8.757935698991464,8.802970221766484,8.742040715709388,8.787075996398926,111600,0.0,0.0
2002-12-05 00:00:00-05:00,8.77118393712108,8.85595518844653,8.744692542124493,8.800323486328125,618300,0.0,0.0
2002-12-06 00:00:00-05:00,8.795026885123702,9.062585994848016,8.771185156851656,9.05728816986084,119400,0.0,0.0
2002-12-09 00:00:00-05:00,8.874500508731263,9.006955231157548,8.84800910949707,8.84800910949707,92700,0.0,0.0
2002-12-10 00:00:00-05:00,8.914235257411296,9.020199315086343,8.914235257411296,9.006953239440918,197100,0.0,0.0
2002-12-11 00:00:00-05:00,9.004304720061974,9.006953632140661,8.795025507550582,8.975164413452148,136800,0.0,0.0
2002-12-12 00:00:00-05:00,8.975166010533515,9.006955234878745,8.795027072577216,8.813570976257324,90600,0.0,0.0
2002-12-13 00:00:00-05:00,8.795027068943577,8.914237228625105,8.795027068943577,8.84800910949707,309900,0.0,0.0
2002-12-16 00:00:00-05:00,8.8480101972552,8.885098009159597,8.797677063062794,8.837413787841797,594300,0.0,0.0
2002-12-17 00:00:00-05:00,8.832114219665527,8.871850940015094,8.808272490621748,8.832114219665527,345900,0.0,0.0
2002-12-18 00:00:00-05:00,8.834762606408336,8.887744639870807,8.821517287521417,8.874499320983887,253500,0.0,0.0
2002-12-19 00:00:00-05:00,8.853304295447385,8.874497103536982,8.821515083312988,8.821515083312988,590700,0.0,0.0
2002-12-20 00:00:00-05:00,8.821516376587638,8.91423511505127,8.821516376587638,8.91423511505127,180600,0.0,0.0
2002-12-23 00:00:00-05:00,8.834762836448682,8.898341278259108,8.678465644186016,8.779131889343262,285600,0.0,0.0
2002-12-24 00:00:00-05:00,8.689060516022437,8.747341123009392,8.678464110926143,8.742042541503906,58500,0.0,0.0
2002-12-26 00:00:00-05:00,8.768536331615186,8.795027732849121,8.702308965402775,8.795027732849121,16500,0.0,0.0
2002-12-27 00:00:00-05:00,8.795024526491792,8.795024526491792,8.503623008728027,8.503623008728027,72900,0.0,0.0
2002-12-30 00:00:00-05:00,8.503622966513088,8.826813697814941,8.379115018344319,8.826813697814941,162000,0.0,0.0
2002-12-31 00:00:00-05:00,8.64137494667769,8.940723911713533,8.636077123925235,8.73409366607666,163800,0.0,0.0
2003-01-02 00:00:00-05:00,8.805622527806868,8.805622527806868,8.67051814948101,8.779131889343262,46800,0.0,0.0
2003-01-03 00:00:00-05:00,8.78442724709084,8.808268966595987,8.689059611155649,8.781778335571289,123000,0.0,0.0
2003-01-06 00:00:00-05:00,8.755290569408364,8.8135704314815,8.577799797058105,8.577799797058105,109200,0.0,0.0
2003-01-07 00:00:00-05:00,8.56455447721169,8.644027912119876,8.477134305144563,8.577799797058105,88200,0.0,0.0
2003-01-08 00:00:00-05:00,8.511572573236602,8.583098514191382,8.471835855160073,8.53276538848877,102300,0.0,0.0
2003-01-09 00:00:00-05:00,8.577794110339422,8.585741600144356,8.477128685162846,8.58309268951416,81000,0.0,0.0
2003-01-10 00:00:00-05:00,8.477133137917138,8.580448285906243,8.172485517992985,8.20162582397461,758700,0.0,0.0
2003-01-13 00:00:00-05:00,8.225469283053672,8.524818356580946,8.225469283053672,8.51422119140625,149100,0.0,0.0
2003-01-14 00:00:00-05:00,8.53010992942416,8.58309268951416,8.47183010598811,8.58309268951416,137700,0.0,0.0
2003-01-15 00:00:00-05:00,8.609587648770395,8.742043099891847,8.413554520924906,8.739394187927246,321000,0.0,0.0
2003-01-16 00:00:00-05:00,8.74204328653664,8.74204328653664,8.516869848528863,8.604290008544922,152700,0.0,0.0
2003-01-17 00:00:00-05:00,8.604289874282617,8.636079091784664,8.556606426986912,8.580448150634766,223200,0.0,0.0
2003-01-21 00:00:00-05:00,8.532765183173037,8.726149428217134,8.53011551289413,8.70230770111084,215100,0.0,0.0
2003-01-22 00:00:00-05:00,8.64403050946846,8.686416152044856,8.450645446777344,8.450645446777344,98400,0.0,0.0
2003-01-23 00:00:00-05:00,8.453291232052814,8.742043099891847,8.45064156217349,8.739394187927246,185100,0.0,0.0
2003-01-24 00:00:00-05:00,8.742042801668015,8.797673740600471,8.659920470249098,8.720849990844727,390000,0.0,0.0
2003-01-27 00:00:00-05:00,8.667867165031128,8.715551363946714,8.503622517328656,8.516868591308594,603600,0.0,0.0
2003-01-28 00:00:00-05:00,8.519519542740278,8.622834700198277,8.516870630475921,8.609588623046875,291000,0.0,0.0
2003-01-29 00:00:00-05:00,8.606941766134389,8.678467719756197,8.55131080572409,8.673169136047363,217800,0.0,0.0
2003-01-30 00:00:00-05:00,8.606939710782518,8.678465647323812,8.580449072309335,8.609588623046875,114600,0.0,0.0
2003-01-31 00:00:00-05:00,8.62285490565365,8.702450795366849,8.62285490565365,8.675918579101562,150900,0.016667,0.0
2003-02-03 00:00:00-05:00,8.622858471143468,8.808581784547743,8.622858471143468,8.774089813232422,278400,0.0,0.0
2003-02-04 00:00:00-05:00,8.752856878282614,8.752856878282614,8.68918050358526,8.69183349609375,347400,0.0,0.0
2003-02-05 00:00:00-05:00,8.755515885191487,8.776741358004289,8.675919982602087,8.68122673034668,344700,0.0,0.0
2003-02-06 00:00:00-05:00,8.71306143766844,8.82184175234307,8.67856948889833,8.75816535949707,99600,0.0,0.0
2003-02-07 00:00:00-05:00,8.755516541173423,8.861643913188722,8.755516541173423,8.84837818145752,271800,0.0,0.0
2003-02-10 00:00:00-05:00,8.755515144072755,8.858989505047177,8.74224865537562,8.82715129852295,312000,0.0,0.0
2003-02-11 00:00:00-05:00,8.805921899865169,8.845719833470987,8.755511993652409,8.766124725341797,333000,0.0,0.0
2003-02-12 00:00:00-05:00,8.821843630864178,8.821843630864178,8.768780717942452,8.784699440002441,198000,0.0,0.0
2003-02-13 00:00:00-05:00,8.758165901269102,8.80857657182783,8.75551290784036,8.792657852172852,424200,0.0,0.0
2003-02-14 00:00:00-05:00,8.768782340739337,8.79531380211025,8.739596366882324,8.739596366882324,37500,0.0,0.0
2003-02-18 00:00:00-05:00,8.715713225030886,8.795309084616779,8.707753487255822,8.75285816192627,71100,0.0,0.0
2003-02-19 00:00:00-05:00,8.755516777155712,8.76878326832732,8.476931848794885,8.5220365524292,327300,0.0,0.0
2003-02-20 00:00:00-05:00,8.476929044020654,8.543258441600736,8.43713186092217,8.495501518249512,388800,0.0,0.0
2003-02-21 00:00:00-05:00,8.439786093212735,8.556526184082031,8.437133099100022,8.556526184082031,62700,0.0,0.0
2003-02-24 00:00:00-05:00,8.569796025506015,8.583061001259132,8.463667869567871,8.463667869567871,178200,0.0,0.0
2003-02-25 00:00:00-05:00,8.532644782708015,8.532644782708015,8.397332261447087,8.468968391418457,133800,0.0,0.0
2003-02-26 00:00:00-05:00,8.399983194161758,8.466313321463023,8.360185269597453,8.384063720703125,82800,0.0,0.0
2003-02-27 00:00:00-05:00,8.357540472712747,8.490200098323163,8.31774250912132,8.463667869567871,492900,0.0,0.0
2003-02-28 00:00:00-05:00,8.498157756118836,8.620203852992063,8.498157756118836,8.503463745117188,101400,0.0,0.0
2003-03-03 00:00:00-05:00,8.506116013633626,8.583057395173668,8.506116013633626,8.567138671875,296100,0.0,0.0
2003-03-04 00:00:00-05:00,8.55652305742051,8.614892701984793,8.545910325764964,8.609586715698242,72600,0.0,0.0
2003-03-05 00:00:00-05:00,8.620199447353789,8.67326310563152,8.551216312051515,8.609586715698242,73500,0.0,0.0
2003-03-06 00:00:00-05:00,8.675920518576453,8.675920518576453,8.556527416399362,8.601632118225098,299100,0.0,0.0
2003-03-07 00:00:00-05:00,8.572449558216276,8.675923207326365,8.569796562899288,8.585715293884277,163200,0.0,0.0
2003-03-10 00:00:00-05:00,8.569788996155832,8.689182029915225,8.569788996155832,8.575094223022461,111300,0.0,0.0
2003-03-11 00:00:00-05:00,8.6095893207167,8.678571717808653,8.556525646383399,8.604283332824707,278100,0.0,0.0
2003-03-12 00:00:00-05:00,8.588365627585441,8.604285112719896,8.569793907039019,8.601632118225098,127800,0.0,0.0
2003-03-13 00:00:00-05:00,8.620203145855175,8.622856140136719,8.583058189582482,8.622856140136719,694800,0.0,0.0
2003-03-14 00:00:00-05:00,8.622856795664214,8.715718434322708,8.609591064165237,8.660001754760742,70200,0.0,0.0
2003-03-17 00:00:00-05:00,8.675915493771837,8.72897990743164,8.614892101237217,8.64407730102539,127800,0.0,0.0
2003-03-18 00:00:00-05:00,8.612241458064718,8.675917860931243,8.490195398778512,8.649386405944824,405000,0.0,0.0
2003-03-19 00:00:00-05:00,8.649387121918938,8.675918579101562,8.62285490565365,8.675918579101562,444600,0.0,0.0
2003-03-20 00:00:00-05:00,8.64673352216696,8.67591873285118,8.545912920370574,8.62020206451416,273300,0.0,0.0
2003-03-21 00:00:00-05:00,8.662652380136173,8.662652380136173,8.46631717858105,8.638773918151855,477900,0.0,0.0
2003-03-24 00:00:00-05:00,8.622854793019322,8.638774274387082,8.466317527704714,8.516727447509766,143400,0.0,0.0
2003-03-25 00:00:00-05:00,8.490193855181642,8.556523239670986,8.450395920855053,8.468968391418457,75000,0.0,0.0
2003-03-26 00:00:00-05:00,8.429172525371433,8.463663722679156,8.357536377822587,8.445091247558594,128400,0.0,0.0
2003-03-27 00:00:00-05:00,8.354884619093154,8.601631301673777,8.354884619093154,8.407947540283203,73500,0.0,0.0
2003-03-28 00:00:00-05:00,8.426519469105102,8.482236134971442,8.357536315917969,8.357536315917969,93300,0.0,0.0
2003-03-31 00:00:00-05:00,8.349572540319123,8.402636945793045,8.333653825942765,8.384063720703125,216600,0.0,0.0
2003-04-01 00:00:00-05:00,8.338965813548157,8.593671476383427,8.331006071813867,8.591017723083496,253800,0.0,0.0
2003-04-02 00:00:00-05:00,8.61489639040076,8.61489639040076,8.437133628374136,8.492850303649902,208800,0.0,0.0
2003-04-03 00:00:00-05:00,8.508765153623331,8.508765153623331,8.376105632001849,8.378759384155273,106500,0.0,0.0
2003-04-04 00:00:00-05:00,8.455705806413034,8.455705806413034,8.291208765935462,8.399989128112793,52800,0.0,0.0
2003-04-07 00:00:00-04:00,8.397332644065768,8.54325714477478,8.397332644065768,8.476927757263184,75900,0.0,0.0
2003-04-08 00:00:00-04:00,8.402645185688439,8.490200098323163,8.402645185688439,8.463667869567871,60600,0.0,0.0
2003-04-09 00:00:00-04:00,8.490197770245251,8.490197770245251,8.397336133689642,8.399989128112793,82200,0.0,0.0
2003-04-10 00:00:00-04:00,8.384063673869093,8.43978107158079,8.370798711198125,8.39467716217041,77700,0.0,0.0
2003-04-11 00:00:00-04:00,8.461012384134593,8.490197599450584,8.439786911010742,8.439786911010742,35100,0.0,0.0
2003-04-14 00:00:00-04:00,8.500809266478937,8.567138671875,8.45039858438154,8.567138671875,77400,0.0,0.0
2003-04-15 00:00:00-04:00,8.500810750618012,8.583058893672277,8.482238270958119,8.503463745117188,84300,0.0,0.0
2003-04-16 00:00:00-04:00,8.56183459480507,8.593672807591396,8.49019842626512,8.583059310913086,154800,0.0,0.0
2003-04-17 00:00:00-04:00,8.606935690815321,8.609589443881955,8.4477446655381,8.508768081665039,193800,0.0,0.0
2003-04-21 00:00:00-04:00,8.447746306137509,8.543260939853315,8.423867837479264,8.503463745117188,87900,0.0,0.0
2003-04-22 00:00:00-04:00,8.503461904289162,8.68918514251709,8.503461904289162,8.68918514251709,57900,0.0,0.0
2003-04-23 00:00:00-04:00,8.689183077175288,8.943888651404217,8.689183077175288,8.927969932556152,179400,0.0,0.0
2003-04-24 00:00:00-04:00,8.925317987726533,9.007566869165547,8.888173796836984,8.973074913024902,153000,0.0,0.0
2003-04-25 00:00:00-04:00,9.00226067902548,9.084508799531946,8.973074711204369,9.03940486907959,543900,0.0,0.0
2003-04-28 00:00:00-04:00,9.084510715033145,9.153493881225586,9.042059769401732,9.153493881225586,217500,0.0,0.0
2003-04-29 00:00:00-04:00,9.089815278469384,9.161451421778718,9.089815278469384,9.108386993408203,78300,0.0,0.0
2003-04-30 00:00:00-04:00,9.100429489576683,9.126961708068848,9.06328529458692,9.126961708068848,82800,0.0,0.0
2003-05-01 00:00:00-04:00,9.137573820132529,9.153493303280555,9.042059198492574,9.145533561706543,68400,0.0,0.0
2003-05-02 00:00:00-04:00,9.16147290066818,9.219928100902852,9.063162711384619,9.206643104553223,74400,0.016667,0.0
2003-05-05 00:00:00-04:00,9.219932732109726,9.219932732109726,9.079109875623349,9.110994338989258,78000,0.0,0.0
2003-05-06 00:00:00-04:00,9.121614957102855,9.203984043174058,9.113644417321614,9.164128303527832,127800,0.0,0.0
2003-05-07 00:00:00-04:00,9.206644238332895,9.41920724684443,9.103019581637202,9.302297592163086,179400,0.0,0.0
2003-05-08 00:00:00-04:00,9.304956577261446,9.432494411666408,9.25978711762272,9.326212882995605,101700,0.0,0.0
2003-05-09 00:00:00-04:00,9.352784897430928,9.512207984924316,9.352784897430928,9.512207984924316,67500,0.0,0.0
2003-05-12 00:00:00-04:00,9.538776102420595,9.645057624427313,9.485634581231826,9.626458168029785,107400,0.0,0.0
2003-05-13 00:00:00-04:00,9.621142613906166,9.738053034957565,9.565345011266416,9.60520076751709,336300,0.0,0.0
2003-05-14 00:00:00-04:00,9.698196847383919,9.700853694966384,9.56534458585199,9.671626091003418,99600,0.0,0.0
2003-05-15 00:00:00-04:00,9.597226927312844,9.777906206530693,9.591912473131085,9.73805046081543,113100,0.0,0.0
2003-05-16 00:00:00-04:00,9.698201316308554,9.80448287043445,9.645060539245605,9.645060539245605,99000,0.0,0.0
2003-05-19 00:00:00-04:00,9.645059580233042,9.732741663622228,9.631773817149085,9.684914588928223,79500,0.0,0.0
2003-05-20 00:00:00-04:00,9.671626845232693,9.764623359538726,9.586601634480969,9.631771087646484,70500,0.0,0.0
2003-05-21 00:00:00-04:00,9.578634566498547,9.764626902408295,9.578634566498547,9.719456672668457,141600,0.0,0.0
2003-05-22 00:00:00-04:00,9.692879186458915,9.791189356165075,9.671622892458393,9.700850486755371,181500,0.0,0.0
2003-05-23 00:00:00-04:00,9.7141402107939,9.791193357805966,9.631771087646484,9.631771087646484,136800,0.0,0.0
2003-05-27 00:00:00-04:00,9.591918048268342,9.79916743829976,9.591918048268342,9.684914588928223,33600,0.0,0.0
2003-05-28 00:00:00-04:00,9.66100108510552,9.793853389880343,9.60520346678544,9.788538932800293,135600,0.0,0.0
2003-05-29 00:00:00-04:00,9.791190228179998,9.791190228179998,9.671623753824585,9.69819450378418,150000,0.0,0.0
2003-05-30 00:00:00-04:00,9.67162689430492,9.791193407484855,9.60520113811444,9.740710258483887,139500,0.0,0.0
2003-06-02 00:00:00-04:00,9.791192054748535,9.804477812299371,9.591914053523691,9.791192054748535,127500,0.0,0.0
2003-06-03 00:00:00-04:00,9.804477771963144,10.309315271631117,9.692881818069656,10.22960376739502,718200,0.0,0.0
2003-06-04 00:00:00-04:00,10.232265204242953,10.41294305973163,10.123326057006127,10.26414966583252,338400,0.0,0.0
2003-06-05 00:00:00-04:00,10.322599939619998,10.322599939619998,10.123321945572565,10.203033447265625,46800,0.0,0.0
2003-06-06 00:00:00-04:00,10.067524349852299,10.269459191227147,9.96389970173206,9.966556549072266,96900,0.0,0.0
2003-06-09 00:00:00-04:00,9.995789802937603,10.009075567522105,9.889508247375488,9.889508247375488,134400,0.0,0.0
2003-06-10 00:00:00-04:00,9.990471636505951,9.990471636505951,9.857620121461911,9.910760879516602,183300,0.0,0.0
2003-06-11 00:00:00-04:00,9.950617970108016,9.950617970108016,9.857622194098301,9.91607666015625,128100,0.0,0.0
2003-06-12 00:00:00-04:00,9.884189721363454,9.95061547620381,9.804478967592095,9.831048965454102,88800,0.0,0.0
2003-06-13 00:00:00-04:00,9.85761856194698,9.884188556678161,9.791192054748535,9.791192054748535,153300,0.0,0.0
2003-06-16 00:00:00-04:00,9.881530253907044,10.176462321245735,9.881530253907044,10.147233963012695,225300,0.0,0.0
2003-06-17 00:00:00-04:00,10.203038027343485,10.203038027343485,10.096756484167118,10.163182258605957,89400,0.0,0.0
2003-06-18 00:00:00-04:00,10.187094371263148,10.189751219523753,10.099412297179322,10.160524368286133,147900,0.0,0.0
2003-06-19 00:00:00-04:00,10.176465558112618,10.176465558112618,10.102067735713906,10.112696647644043,183000,0.0,0.0
2003-06-20 00:00:00-04:00,10.096752771453803,10.163178521466989,10.032983868996675,10.035640716552734,612000,0.0,0.0
2003-06-23 00:00:00-04:00,10.107384140867135,10.107384140867135,9.857622146606445,9.857622146606445,153600,0.0,0.0
2003-06-24 00:00:00-04:00,9.857618233449733,9.963899729203204,9.724765983665284,9.76462173461914,90600,0.0,0.0
2003-06-25 00:00:00-04:00,9.767279944080224,9.88418960571289,9.727424187568213,9.88418960571289,76500,0.0,0.0
2003-06-26 00:00:00-04:00,9.873561380989669,10.083466776509473,9.873561380989669,10.011727333068848,127800,0.0,0.0
2003-06-27 00:00:00-04:00,10.03564556924138,10.192411053631343,10.03564556924138,10.18709659576416,115500,0.0,0.0
2003-06-30 00:00:00-04:00,10.200377993635687,10.20834929693118,9.995785516768152,10.086124420166016,187200,0.0,0.0
2003-07-01 00:00:00-04:00,10.203036151637457,10.296032674866872,10.096754627999676,10.272119522094727,133500,0.0,0.0
2003-07-02 00:00:00-04:00,10.309312497673707,10.771637273399389,10.309312497673707,10.758352279663086,408300,0.0,0.0
2003-07-03 00:00:00-04:00,10.758359358743856,10.827441979777541,10.598937048452042,10.787586212158203,48000,0.0,0.0
2003-07-07 00:00:00-04:00,10.85401277821253,10.85401277821253,10.38903008820319,10.657391548156738,82800,0.0,0.0
2003-07-08 00:00:00-04:00,10.668015371612084,10.73444187761127,10.36245587660858,10.721156120300293,102000,0.0,0.0
2003-07-09 00:00:00-04:00,10.628162268035664,10.960292600225518,10.628162268035664,10.846039772033691,81900,0.0,0.0
2003-07-10 00:00:00-04:00,10.792899257691698,10.944350242614746,10.792899257691698,10.944350242614746,36000,0.0,0.0
2003-07-11 00:00:00-04:00,10.947008834328635,10.997493517591268,10.896525671437123,10.973580360412598,19200,0.0,0.0
2003-07-14 00:00:00-04:00,10.973575021512476,11.26584874308356,10.973575021512476,11.164881706237793,52500,0.0,0.0
2003-07-15 00:00:00-04:00,11.125031031391842,11.29242464692691,11.114402117207023,11.265853881835938,114000,0.0,0.0
2003-07-16 00:00:00-04:00,11.297736517510968,11.372134343664781,11.212711299261372,11.228653907775879,66600,0.0,0.0
2003-07-17 00:00:00-04:00,11.225993868304025,11.289762768180513,11.111741065979004,11.111741065979004,42600,0.0,0.0
2003-07-18 00:00:00-04:00,11.130341409576843,11.1329990174234,11.000146751952029,11.053287506103516,21300,0.0,0.0
2003-07-21 00:00:00-04:00,11.055949307101063,11.069235071730265,10.761017799377441,10.761017799377441,35100,0.0,0.0
2003-07-22 00:00:00-04:00,10.838063762450979,10.838063762450979,10.694583397506788,10.758352279663086,29700,0.0,0.0
2003-07-23 00:00:00-04:00,10.761013392744394,11.62720885906166,10.761013392744394,11.558125495910645,273000,0.0,0.0
2003-07-24 00:00:00-04:00,11.651124835763106,11.996540214942177,11.491702528492503,11.77866268157959,168000,0.0,0.0
2003-07-25 00:00:00-04:00,11.63783651941292,11.911510832153672,11.571410767012711,11.786630630493164,326700,0.0,0.0
2003-07-28 00:00:00-04:00,11.797259474755503,12.065620868153413,11.770689476307695,11.81851577758789,91500,0.0,0.0
2003-07-29 00:00:00-04:00,11.815852178648191,11.903534953513342,11.65642998823651,11.866336822509766,101400,0.0,0.0
2003-07-30 00:00:00-04:00,11.900884915934947,11.903541763915635,11.624552200937492,11.688321113586426,237000,0.0,0.0
2003-07-31 00:00:00-04:00,11.637834400551482,11.837112381655547,11.531552911987337,11.762715339660645,516300,0.0,0.0
2003-08-01 00:00:00-04:00,11.834538429592794,11.87709910283777,11.704196558041275,11.826558113098145,224700,0.016667,0.0
2003-08-04 00:00:00-04:00,11.82389964725883,11.85582015593423,11.571195429984016,11.664297103881836,1340100,0.0,0.0
2003-08-05 00:00:00-04:00,11.597792772591667,11.653654220548937,11.525971454535735,11.619073867797852,75900,0.0,0.0
2003-08-06 00:00:00-04:00,11.63769339994911,11.728135199185115,11.531291730874267,11.685574531555176,73500,0.0,0.0
2003-08-07 00:00:00-04:00,11.664297049434332,11.69621755796073,11.571195375971099,11.666956901550293,65700,0.0,0.0
2003-08-08 00:00:00-04:00,11.674937400184978,11.696217739532933,11.611096382141113,11.611096382141113,66000,0.0,0.0
2003-08-11 00:00:00-04:00,11.624394339356677,11.65099513933952,11.571193500435824,11.637694358825684,45300,0.0,0.0
2003-08-12 00:00:00-04:00,11.669618714360922,11.823901578683138,11.624398176611942,11.627058029174805,65700,0.0,0.0
2003-08-13 00:00:00-04:00,11.635031616962374,11.736113566325338,11.635031616962374,11.677592277526855,85200,0.0,0.0
2003-08-14 00:00:00-04:00,11.72547363996078,11.72813425225641,11.666953107216944,11.704194068908691,35400,0.0,0.0
2003-08-15 00:00:00-04:00,11.725476264953613,11.770697551566567,11.677595887539152,11.725476264953613,21900,0.0,0.0
2003-08-18 00:00:00-04:00,11.757394138105976,11.770694916450005,11.66429325596602,11.704194068908691,78900,0.0,0.0
2003-08-19 00:00:00-04:00,11.704196611641231,11.823898315429688,11.517993284819301,11.823898315429688,1122600,0.0,0.0
2003-08-20 00:00:00-04:00,11.76803957144432,11.87710112494133,11.76803957144432,11.802619934082031,200400,0.0,0.0
2003-08-21 00:00:00-04:00,11.810597304165347,11.810597304165347,11.736116131895571,11.797296524047852,216300,0.0,0.0
2003-08-22 00:00:00-04:00,11.770701298250717,11.837202181847264,11.744101249230146,11.757400512695312,102300,0.0,0.0
2003-08-25 00:00:00-04:00,11.784001507104964,11.784001507104964,11.624398176611942,11.627058029174805,85800,0.0,0.0
2003-08-26 00:00:00-04:00,11.693554907714827,11.768036842346191,11.611094179170484,11.768036842346191,223500,0.0,0.0
2003-08-27 00:00:00-04:00,11.629716627188364,11.810600280761719,11.629716627188364,11.810600280761719,43800,0.0,0.0
2003-08-28 00:00:00-04:00,11.773356337508055,11.82123671058765,11.664294811231368,11.797296524047852,62400,0.0,0.0
2003-08-29 00:00:00-04:00,11.760055782418215,11.821236171781928,11.624393463134766,11.624393463134766,88200,0.0,0.0
2003-09-02 00:00:00-04:00,11.624399101312695,11.706860625681738,11.624399101312695,11.67494010925293,45000,0.0,0.0
2003-09-03 00:00:00-04:00,11.664296041772072,11.706856716130511,11.632375536003241,11.669615745544434,120600,0.0,0.0
2003-09-04 00:00:00-04:00,11.650999912192608,11.690899986944762,11.64301959282412,11.67494010925293,55800,0.0,0.0
2003-09-05 00:00:00-04:00,11.682917590870392,11.704197929987325,11.624396277776349,11.664297103881836,122400,0.0,0.0
2003-09-08 00:00:00-04:00,11.688236442842042,11.688236442842042,11.611095409429385,11.640356063842773,1181700,0.0,0.0
2003-09-09 00:00:00-04:00,11.624395636270982,11.650996439221633,11.488733291625977,11.488733291625977,161100,0.0,0.0
2003-09-10 00:00:00-04:00,11.478096508437977,11.478096508437977,11.26529306624016,11.267952919006348,113100,0.0,0.0
2003-09-11 00:00:00-04:00,11.267951833019561,11.408934670671774,11.246671490850744,11.339773178100586,146400,0.0,0.0
2003-09-12 00:00:00-04:00,11.265289982304889,11.451493323776356,11.265289982304889,11.3637113571167,84300,0.0,0.0
2003-09-15 00:00:00-04:00,11.390311280486786,11.448833352026234,11.331790731037188,11.435532569885254,166200,0.0,0.0
2003-09-16 00:00:00-04:00,11.478092088768118,11.637694608961107,11.451492049258377,11.568533897399902,79500,0.0,0.0
2003-09-17 00:00:00-04:00,11.584492391125387,11.704194068908691,11.584492391125387,11.704194068908691,65100,0.0,0.0
2003-09-18 00:00:00-04:00,11.682915502299627,11.709515540917987,11.666954870292752,11.70153522491455,64800,0.0,0.0
2003-09-19 00:00:00-04:00,11.717498701622919,11.75739876923715,11.656317532484753,11.749419212341309,27300,0.0,0.0
2003-09-22 00:00:00-04:00,11.640355876909425,11.754737118701888,11.504693536848604,11.658975601196289,78900,0.0,0.0
2003-09-23 00:00:00-04:00,11.680257684220008,11.71749789697833,11.60577573661346,11.666956901550293,29100,0.0,0.0
2003-09-24 00:00:00-04:00,11.666957698348462,11.666957698348462,11.299871444702148,11.299871444702148,45600,0.0,0.0
2003-09-25 00:00:00-04:00,11.379675671194732,11.446176559919177,11.345095300383443,11.398295402526855,106500,0.0,0.0
2003-09-26 00:00:00-04:00,11.291891337811178,11.331792167201204,11.225390462857815,11.233370780944824,269400,0.0,0.0
2003-09-29 00:00:00-04:00,11.273269903397386,11.273269903397386,11.097706737291107,11.1854887008667,51300,0.0,0.0
2003-09-30 00:00:00-04:00,11.14824754309316,11.225388575510987,11.025885223148771,11.204108238220215,100200,0.0,0.0
2003-10-01 00:00:00-04:00,11.198788865662369,11.52597427368164,11.193469161343259,11.52597427368164,93600,0.0,0.0
2003-10-02 00:00:00-04:00,11.51533698919779,11.595137896019535,11.45947551727295,11.45947551727295,20100,0.0,0.0
2003-10-03 00:00:00-04:00,11.54459183786774,11.581832039352465,11.488730394073567,11.576512336730957,36600,0.0,0.0
2003-10-06 00:00:00-04:00,11.523314407732837,11.629716104437392,11.523314407732837,11.592475891113281,29400,0.0,0.0
2003-10-07 00:00:00-04:00,11.592473112873675,11.597792815911506,11.531291961669922,11.531291961669922,29700,0.0,0.0
2003-10-08 00:00:00-04:00,11.621733841514827,11.669614977539345,11.486072271709176,11.650995254516602,61500,0.0,0.0
2003-10-09 00:00:00-04:00,11.613756538270085,11.730798407747223,11.464794158935547,11.464794158935547,118500,0.0,0.0
2003-10-10 00:00:00-04:00,11.603116074668478,11.648337366605752,11.456813551263402,11.52597427368164,20700,0.0,0.0
2003-10-13 00:00:00-04:00,11.645677057603333,11.877100944519043,11.645677057603333,11.877100944519043,47700,0.0,0.0
2003-10-14 00:00:00-04:00,11.909023312614506,11.991484832941268,11.797301130067748,11.917003631591797,165300,0.0,0.0
2003-10-15 00:00:00-04:00,11.837199440564456,11.901040456683535,11.757397789893133,11.760058403015137,17100,0.0,0.0
2003-10-16 00:00:00-04:00,11.823897533484516,11.837197552793697,11.584494141739974,11.70153522491455,27300,0.0,0.0
2003-10-17 00:00:00-04:00,11.709513186336997,11.789314047190327,11.377008204199559,11.446168899536133,87000,0.0,0.0
2003-10-20 00:00:00-04:00,11.496720481071723,11.533960714210025,11.3796785524229,11.406278610229492,83700,0.0,0.0
2003-10-21 00:00:00-04:00,11.451489772442242,11.491389823773817,11.225385676339833,11.244006156921387,35100,0.0,0.0
2003-10-22 00:00:00-04:00,11.225384815887342,11.26528562520512,11.132283181160735,11.172183990478516,33600,0.0,0.0
2003-10-23 00:00:00-04:00,11.124302764353654,11.233365026218022,11.068442088451429,11.225384712219238,69600,0.0,0.0
2003-10-24 00:00:00-04:00,11.193471064781825,11.230711284483162,11.132289888438455,11.188151359558105,75600,0.0,0.0
2003-10-27 00:00:00-05:00,11.2333668231562,11.299867674679692,11.2120864897851,11.278587341308594,72000,0.0,0.0
2003-10-28 00:00:00-05:00,11.278588695559502,11.624394534884075,11.278588695559502,11.57119369506836,159600,0.0,0.0
2003-10-29 00:00:00-05:00,11.443513407114217,11.720158576965332,11.443513407114217,11.720158576965332,43200,0.0,0.0
2003-10-30 00:00:00-05:00,11.685580394416958,11.728141083400345,11.549918008021127,11.595138549804688,49800,0.0,0.0
2003-10-31 00:00:00-05:00,11.619103090129496,11.712311675783981,11.35811996459961,11.35811996459961,86700,0.016667,0.0
2003-11-03 00:00:00-05:00,11.350128184058974,11.675025571898514,11.344801610168476,11.656384468078613,58500,0.0,0.0
2003-11-04 00:00:00-05:00,11.59779927096447,11.664376506728724,11.57383082607746,11.661713600158691,47100,0.0,0.0
2003-11-05 00:00:00-05:00,11.664372265908112,11.744264767394885,11.600457959951243,11.69100284576416,45300,0.0,0.0
2003-11-06 00:00:00-05:00,11.680351480756867,11.741602886457134,11.677688574922602,11.714971542358398,54000,0.0,0.0
2003-11-07 00:00:00-05:00,11.73095558098376,11.78155462333886,11.71497661522151,11.736281394958496,24300,0.0,0.0
2003-11-10 00:00:00-05:00,11.73627895041278,11.744268431629779,11.49127403446943,11.50192642211914,46500,0.0,0.0
2003-11-11 00:00:00-05:00,11.560510942073906,11.56583751501836,11.39806227700639,11.491270065307617,25500,0.0,0.0
2003-11-12 00:00:00-05:00,11.50458494400771,11.611108779907227,11.50458494400771,11.611108779907227,42000,0.0,0.0
2003-11-13 00:00:00-05:00,11.547201156616211,11.621768646790068,11.499265783697604,11.547201156616211,25500,0.0,0.0
2003-11-14 00:00:00-05:00,11.608450609830003,11.624429572692385,11.517905693339452,11.523231506347656,103200,0.0,0.0
2003-11-17 00:00:00-05:00,11.528558264987876,11.533884839999846,11.398066701180808,11.469969749450684,250800,0.0,0.0
2003-11-18 00:00:00-05:00,11.488611961848086,11.531221515539412,11.451328221408716,11.453991889953613,59100,0.0,0.0
2003-11-19 00:00:00-05:00,11.456652023584462,11.651057874766956,11.451325449702843,11.603121757507324,163800,0.0,0.0
2003-11-20 00:00:00-05:00,11.619101156984579,11.632417211233234,11.477957229682689,11.600460052490234,54000,0.0,0.0
2003-11-21 00:00:00-05:00,11.60845029861625,11.613776873400537,11.50192642211914,11.50192642211914,44700,0.0,0.0
2003-11-24 00:00:00-05:00,11.491273436844368,11.677690591978768,11.491273436844368,11.637743949890137,77400,0.0,0.0
2003-11-25 00:00:00-05:00,11.61111088258555,11.637742227342438,11.456651673519225,11.5205659866333,194700,0.0,0.0
2003-11-26 00:00:00-05:00,11.51790765624107,11.597800960330765,11.491276300904833,11.547201156616211,58800,0.0,0.0
2003-11-28 00:00:00-05:00,11.6164438879267,11.6164438879267,11.472636222839355,11.472636222839355,32700,0.0,0.0
2003-12-01 00:00:00-05:00,11.568504085655531,11.592472530199931,11.49926394431098,11.5711669921875,36000,0.0,0.0
2003-12-02 00:00:00-05:00,11.57116089610071,11.597792995065264,11.552519798278809,11.552519798278809,121800,0.0,0.0
2003-12-03 00:00:00-05:00,11.592474675058856,11.597801251027219,11.47796129188891,11.480624198913574,70800,0.0,0.0
2003-12-04 00:00:00-05:00,11.483284133064444,11.651059422887995,11.469968839469246,11.584482192993164,51300,0.0,0.0
2003-12-05 00:00:00-05:00,11.555190929037417,11.616442362118903,11.47796129188891,11.480624198913574,63300,0.0,0.0
2003-12-08 00:00:00-05:00,11.517910907370329,11.611118772559152,11.483290059468986,11.555193901062012,26100,0.0,0.0
2003-12-09 00:00:00-05:00,11.531219940954285,11.597797930944965,11.480620912375391,11.536545753479004,91200,0.0,0.0
2003-12-10 00:00:00-05:00,11.563180412030444,11.563180412030444,11.480624198913574,11.480624198913574,137100,0.0,0.0
2003-12-11 00:00:00-05:00,11.49127139767028,11.730950445751203,11.485945586026924,11.717635154724121,29700,0.0,0.0
2003-12-12 00:00:00-05:00,11.661714229929759,11.944002151489258,11.600462803997793,11.944002151489258,63600,0.0,0.0
2003-12-15 00:00:00-05:00,11.983942967474105,11.983942967474105,11.576488723719528,11.611108779907227,61200,0.0,0.0
2003-12-16 00:00:00-05:00,11.619101552804986,11.619101552804986,11.531219553747611,11.581818580627441,19800,0.0,0.0
2003-12-17 00:00:00-05:00,11.581821325961158,11.653725143106048,11.531222287087424,11.533885955810547,162000,0.0,0.0
2003-12-18 00:00:00-05:00,11.531216452639887,11.768231800504124,11.504585112316112,11.71230697631836,65100,0.0,0.0
2003-12-19 00:00:00-05:00,11.784215560043485,11.896066015921141,11.563178316749207,11.890739440917969,108300,0.0,0.0
2003-12-22 00:00:00-05:00,11.850795665303623,12.260913848876953,11.79753447388573,12.260913848876953,98100,0.0,0.0
2003-12-23 00:00:00-05:00,12.263570223304793,12.27688551406626,11.864105405111394,12.154382705688477,82500,0.0,0.0
2003-12-24 00:00:00-05:00,12.183680624959734,12.19699668165104,11.978621580637796,11.991937637329102,16800,0.0,0.0
2003-12-26 00:00:00-05:00,11.957318574831172,12.018569240718673,11.957318574831172,12.01590633392334,5100,0.0,0.0
2003-12-29 00:00:00-05:00,12.077157704479985,12.511242748739257,12.029222334715348,12.436676025390625,138900,0.0,0.0
2003-12-30 00:00:00-05:00,12.383414207849208,12.383414207849208,12.30352090819227,12.306183815002441,22200,0.0,0.0
2003-12-31 00:00:00-05:00,12.279552778839207,12.279552778839207,11.944002151489258,11.944002151489258,52800,0.0,0.0
2004-01-02 00:00:00-05:00,11.89340417938616,11.962644327224416,11.864109919030453,11.938675880432129,20700,0.0,0.0
2004-01-05 00:00:00-05:00,11.94400051060206,11.99193663446034,11.850791931152344,11.850791931152344,52200,0.0,0.0
2004-01-06 00:00:00-05:00,11.853456188644625,11.95731716056804,11.802856394004227,11.832151412963867,35400,0.0,0.0
2004-01-07 00:00:00-05:00,11.797530756516895,11.917369923284335,11.797530756516895,11.850791931152344,18900,0.0,0.0
2004-01-08 00:00:00-05:00,11.904051857245573,11.981282223645078,11.802853813924221,11.95465087890625,51300,0.0,0.0
2004-01-09 00:00:00-05:00,11.904051139569573,11.920030097833266,11.834810256958008,11.834810256958008,71700,0.0,0.0
2004-01-12 00:00:00-05:00,11.837479415682909,11.978623390197754,11.837479415682909,11.978623390197754,53700,0.0,0.0
2004-01-13 00:00:00-05:00,11.997268282820414,12.11444383087553,11.946668469296206,12.050529479980469,88500,0.0,0.0
2004-01-14 00:00:00-05:00,12.12775490795574,12.449989437476871,12.09047117096316,12.372759819030762,68400,0.0,0.0
2004-01-15 00:00:00-05:00,12.33547371418865,12.41004041194155,12.170361359633594,12.25025463104248,129900,0.0,0.0
2004-01-16 00:00:00-05:00,12.375427811323274,12.375427811323274,12.050529479980469,12.050529479980469,66300,0.0,0.0
2004-01-20 00:00:00-05:00,12.034548383577478,12.042537866506603,11.667041311866065,11.90139389038086,156000,0.0,0.0
2004-01-21 00:00:00-05:00,11.901387495659835,12.673685731762232,11.901387495659835,12.615097999572754,213600,0.0,0.0
2004-01-22 00:00:00-05:00,12.521892017012437,13.12907804152496,12.521892017012437,12.916031837463379,145800,0.0,0.0
2004-01-23 00:00:00-05:00,12.916036194477938,13.147725105285645,12.836142888605671,13.147725105285645,162600,0.0,0.0
2004-01-26 00:00:00-05:00,13.15571710105421,13.315503743318668,12.985277304847553,13.014573097229004,455400,0.0,0.0
2004-01-27 00:00:00-05:00,13.046528219299356,13.248922885773121,12.985276018834215,13.232945442199707,451800,0.0,0.0
2004-01-28 00:00:00-05:00,13.161039846928158,13.435339829952618,12.945328387326942,13.049188613891602,93000,0.0,0.0
2004-01-29 00:00:00-05:00,13.049186054756309,13.115765571594238,13.035872284761505,13.115765571594238,133800,0.0,0.0
2004-01-30 00:00:00-05:00,13.195739718044505,13.595610618591309,13.182410891411136,13.595610618591309,130500,0.016667,0.0
2004-02-02 00:00:00-05:00,13.595606778221494,13.595606778221494,13.419664180818764,13.4916410446167,96600,0.0,0.0
2004-02-03 00:00:00-05:00,13.448991712421812,13.448991712421812,13.20906826199637,13.379679679870605,72300,0.0,0.0
2004-02-04 00:00:00-05:00,13.345025111945697,13.361020314539829,12.955818176269531,12.955818176269531,169500,0.0,0.0
2004-02-05 00:00:00-05:00,13.155754402570853,13.155754402570853,12.926494903257524,12.950486183166504,83700,0.0,0.0
2004-02-06 00:00:00-05:00,12.942485608216346,13.049119256998207,12.891836684316353,13.025126457214355,26400,0.0,0.0
2004-02-09 00:00:00-05:00,13.025129035085762,13.025129035085762,12.763879899714695,12.798534393310547,89700,0.0,0.0
2004-02-10 00:00:00-05:00,12.849186873776452,13.182412147521973,12.849186873776452,13.182412147521973,72000,0.0,0.0
2004-02-11 00:00:00-05:00,13.193075893903911,13.3690185546875,13.137092682149245,13.3690185546875,43800,0.0,0.0
2004-02-12 00:00:00-05:00,13.326370234051025,13.39568077169151,13.227735655396394,13.315706253051758,35100,0.0,0.0
2004-02-13 00:00:00-05:00,13.37968245116826,13.390346429687401,13.307705553670887,13.387680053710938,42000,0.0,0.0
2004-02-17 00:00:00-05:00,13.363689793260423,13.38235137787922,13.19574468401329,13.342363357543945,77700,0.0,0.0
2004-02-18 00:00:00-05:00,13.32903180636579,13.430331199717843,13.32903180636579,13.393011093139648,29100,0.0,0.0
2004-02-19 00:00:00-05:00,13.385015010273893,13.5289688031946,13.374351031908397,13.518304824829102,56100,0.0,0.0
2004-02-20 00:00:00-05:00,13.44366010993323,13.494310569614514,13.142423727497468,13.145090103149414,167100,0.0,0.0
2004-02-23 00:00:00-05:00,13.142423818445394,13.222398309305413,13.022462844848633,13.022462844848633,52200,0.0,0.0
2004-02-24 00:00:00-05:00,13.022463044116733,13.062449527465342,12.889173240901474,12.913166046142578,68400,0.0,0.0
2004-02-25 00:00:00-05:00,12.889170851252684,13.003800579396916,12.795867548684441,12.806529998779297,30900,0.0,0.0
2004-02-26 00:00:00-05:00,12.59593238153862,12.995803250793816,12.59593238153862,12.985140800476074,59100,0.0,0.0
2004-02-27 00:00:00-05:00,12.958483568342295,12.985142748909507,12.873177851454917,12.918497085571289,22500,0.0,0.0
2004-03-01 00:00:00-05:00,12.97447595888973,13.022460032889855,12.878506285503269,12.977142333984375,13800,0.0,0.0
2004-03-02 00:00:00-05:00,12.939822098952714,13.059783059526467,12.862512466769315,12.937155723571777,18300,0.0,0.0
2004-03-03 00:00:00-05:00,12.942485574772945,12.955815924875894,12.702563679099256,12.899832725524902,120300,0.0,0.0
2004-03-04 00:00:00-05:00,12.921162432910808,13.203737216264845,12.921162432910808,13.155753135681152,42900,0.0,0.0
2004-03-05 00:00:00-05:00,13.110435299167161,13.20906984628256,12.94248871118732,13.115766525268555,30600,0.0,0.0
2004-03-08 00:00:00-05:00,13.075779364221198,13.182411507659397,12.953152017920644,12.987807273864746,19200,0.0,0.0
2004-03-09 00:00:00-05:00,13.054451409552712,13.209067618117842,13.014463407071162,13.195738792419434,75000,0.0,0.0
2004-03-10 00:00:00-05:00,13.091776107657754,13.20907071654916,13.091776107657754,13.123764991760254,19800,0.0,0.0
2004-03-11 00:00:00-05:00,13.062453203363253,13.393015242179892,13.062453203363253,13.302376747131348,73800,0.0,0.0
2004-03-12 00:00:00-05:00,13.342357895132768,13.531630887994313,13.278378614176692,13.520968437194824,56100,0.0,0.0
2004-03-15 00:00:00-05:00,13.361021781262624,13.595612518645284,13.329032897949219,13.329032897949219,77100,0.0,0.0
2004-03-16 00:00:00-05:00,13.329030255161529,13.417000810871183,13.254386999918927,13.25705337524414,39300,0.0,0.0
2004-03-17 00:00:00-05:00,13.283712368656094,13.393010887234347,13.235726760273545,13.262384414672852,44100,0.0,0.0
2004-03-18 00:00:00-05:00,13.440995842247917,13.576952024045967,13.310370886598303,13.510306358337402,89700,0.0,0.0
2004-03-19 00:00:00-05:00,13.488982328208813,13.944835040813771,13.42500302688508,13.70224666595459,194700,0.0,0.0
2004-03-22 00:00:00-05:00,13.843527389814867,13.907506660131244,13.294371604919434,13.294371604919434,76500,0.0,0.0
2004-03-23 00:00:00-05:00,13.291706889110838,13.414332681078285,13.241056442260742,13.241056442260742,18000,0.0,0.0
2004-03-24 00:00:00-05:00,13.243725187861735,13.283713197341786,13.171748296184232,13.22239875793457,69000,0.0,0.0
2004-03-25 00:00:00-05:00,13.251725170198709,13.398343830265473,13.251725170198709,13.366354942321777,29100,0.0,0.0
2004-03-26 00:00:00-05:00,13.307705101074756,13.417003631591797,13.265052239222252,13.417003631591797,14400,0.0,0.0
2004-03-29 00:00:00-05:00,13.379679911735717,13.454323171042436,13.26238379722128,13.318367004394531,24000,0.0,0.0
2004-03-30 00:00:00-05:00,13.318364850117312,13.40633539638727,13.262381651999476,13.265048027038574,8100,0.0,0.0
2004-03-31 00:00:00-05:00,13.299703484686876,13.48097885554081,13.27304583542154,13.374346733093262,43500,0.0,0.0
2004-04-01 00:00:00-05:00,13.369021697965469,13.555628379991205,13.307707245804119,13.528970718383789,70800,0.0,0.0
2004-04-02 00:00:00-05:00,13.52630601293615,13.627606970022057,13.358359368212229,13.427671432495117,55500,0.0,0.0
2004-04-05 00:00:00-04:00,13.472982998106408,13.494309425354004,13.37168208733373,13.494309425354004,37800,0.0,0.0
2004-04-06 00:00:00-04:00,13.411670531102038,13.451657011481176,13.182411049334162,13.235726356506348,31800,0.0,0.0
2004-04-07 00:00:00-04:00,13.195743354288604,13.38768125639547,13.11576884706403,13.32636833190918,38400,0.0,0.0
2004-04-08 00:00:00-04:00,13.286381262645781,13.382350983233282,13.142427444458008,13.142427444458008,49200,0.0,0.0
2004-04-12 00:00:00-04:00,13.230397797396591,13.230397797396591,13.089110374450684,13.089110374450684,39300,0.0,0.0
2004-04-13 00:00:00-04:00,13.075778669807859,13.11843152491798,12.641252517700195,12.641252517700195,52200,0.0,0.0
2004-04-14 00:00:00-04:00,12.667911304667609,12.718561002624487,12.622592070036795,12.625258445739746,87900,0.0,0.0
2004-04-15 00:00:00-04:00,12.673241040747683,12.673241040747683,12.475971221923828,12.475971221923828,125400,0.0,0.0
2004-04-16 00:00:00-04:00,12.529293533803017,12.79587398764784,12.475977443034052,12.721231460571289,39000,0.0,0.0
2004-04-19 00:00:00-04:00,12.72922503131605,12.739888246090961,12.569276809692383,12.569276809692383,27600,0.0,0.0
2004-04-20 00:00:00-04:00,12.651912219314736,12.974474938006724,12.569272902517675,12.571938514709473,39600,0.0,0.0
2004-04-21 00:00:00-04:00,12.6092674110325,12.635925073716603,12.56928015431286,12.582608222961426,27900,0.0,0.0
2004-04-22 00:00:00-04:00,12.697234029044541,12.998468860852645,12.697234029044541,12.875843048095703,30300,0.0,0.0
2004-04-23 00:00:00-04:00,12.83052100047119,13.081106847198397,12.707894451950562,12.990469932556152,485100,0.0,0.0
2004-04-26 00:00:00-04:00,13.001136504361384,13.097106199125589,12.854517874606309,13.01446533203125,63600,0.0,0.0
2004-04-27 00:00:00-04:00,13.054456314060923,13.062452392175004,12.929164085115021,13.027798652648926,131100,0.0,0.0
2004-04-28 00:00:00-04:00,12.929161065154904,12.97714514956588,12.787872136822052,12.80386734008789,78000,0.0,0.0
2004-04-29 00:00:00-04:00,12.726557643629084,12.939822684862467,12.670575961185596,12.843852996826172,60300,0.0,0.0
2004-04-30 00:00:00-04:00,12.86784662549609,13.04912203657504,12.811864939462067,12.918497085571289,170100,0.0,0.0
2004-05-03 00:00:00-04:00,12.918494592956968,12.918494592956968,12.691900754176036,12.715892791748047,126600,0.0,0.0
2004-05-04 00:00:00-04:00,12.723888390898562,12.873173343170738,12.715890792067874,12.71855640411377,108600,0.0,0.0
2004-05-05 00:00:00-04:00,12.558410936286428,12.811981349586759,12.558410936286428,12.726568222045898,109500,0.02,0.0
2004-05-06 00:00:00-04:00,12.707880608033163,12.811978021092951,12.705211639404297,12.705211639404297,71700,0.0,0.0
2004-05-07 00:00:00-04:00,12.718560691841269,12.878709544107457,12.67585412759599,12.734575271606445,199800,0.0,0.0
2004-05-10 00:00:00-04:00,12.761271097903155,12.761271097903155,12.376911163330078,12.376911163330078,43800,0.0,0.0
2004-05-11 00:00:00-04:00,12.379576433966541,12.811980753863285,12.379576433966541,12.667845726013184,21600,0.0,0.0
2004-05-12 00:00:00-04:00,12.62513833860243,12.63314524518896,12.38491357697679,12.521040916442871,40200,0.0,0.0
2004-05-13 00:00:00-04:00,12.55307644961006,12.686534116265356,12.47567020875003,12.539730072021484,101100,0.0,0.0
2004-05-14 00:00:00-04:00,12.633147164492298,12.721230023207404,12.336870193481445,12.336870193481445,91500,0.0,0.0
2004-05-17 00:00:00-04:00,12.310176705247226,12.376906274357925,12.019238471984863,12.019238471984863,108300,0.0,0.0
2004-05-18 00:00:00-04:00,12.027248902689568,12.278149604797363,12.027248902689568,12.278149604797363,59700,0.0,0.0
2004-05-19 00:00:00-04:00,12.352889873233766,12.534392065613734,12.227439109767518,12.432964324951172,66600,0.0,0.0
2004-05-20 00:00:00-04:00,12.414274804047196,12.59844665310905,12.411605834960938,12.411605834960938,54900,0.0,0.0
2004-05-21 00:00:00-04:00,12.515701501698194,12.609122279430805,12.411604085471954,12.448972702026367,54300,0.0,0.0
2004-05-24 00:00:00-04:00,12.448976706992791,12.665178515129817,12.358224868774414,12.358224868774414,42300,0.0,0.0
2004-05-25 00:00:00-04:00,12.358222336817287,12.75058903821179,12.358222336817287,12.742581367492676,36900,0.0,0.0
2004-05-26 00:00:00-04:00,12.771941541176712,12.924083457322316,12.681190490722656,12.681190490722656,39600,0.0,0.0
2004-05-27 00:00:00-04:00,12.67585513923803,12.926756606029933,12.67585513923803,12.876042366027832,46500,0.0,0.0
2004-05-28 00:00:00-04:00,12.833338425956008,12.833338425956008,12.651835476265981,12.76393985748291,33300,0.0,0.0
2004-06-01 00:00:00-04:00,12.707887184535986,12.846683552560227,12.70521821452589,12.80931568145752,53700,0.0,0.0
2004-06-02 00:00:00-04:00,12.836005438987678,12.905403229097322,12.651832794569863,12.678524017333984,67500,0.0,0.0
2004-06-03 00:00:00-04:00,12.657170329144384,12.715891471998088,12.625140406591385,12.65183162689209,49500,0.0,0.0
2004-06-04 00:00:00-04:00,12.651831735879624,12.787959098815918,12.651831735879624,12.787959098815918,93600,0.0,0.0
2004-06-07 00:00:00-04:00,12.771941878944006,12.972129821777344,12.763934208499974,12.972129821777344,21600,0.0,0.0
2004-06-08 00:00:00-04:00,12.75859846680365,12.988145871034945,12.678523275886805,12.889387130737305,56400,0.0,0.0
2004-06-09 00:00:00-04:00,12.98013989953492,12.98013989953492,12.678524936699393,12.683863639831543,30000,0.0,0.0
2004-06-10 00:00:00-04:00,12.681193008930018,12.969462321654149,12.681193008930018,12.889387130737305,38700,0.0,0.0
2004-06-14 00:00:00-04:00,12.825329905586026,12.825329905586026,12.561083554304322,12.598450660705566,68400,0.0,0.0
2004-06-15 00:00:00-04:00,12.585101160352716,12.956114572132835,12.574423757249823,12.57976245880127,69600,0.0,0.0
2004-06-16 00:00:00-04:00,12.571759511510386,12.659842392800812,12.411609859601127,12.438301086425781,88500,0.0,0.0
2004-06-17 00:00:00-04:00,12.55574281673449,12.598448619741646,12.37423914477243,12.467659950256348,70200,0.0,0.0
2004-06-18 00:00:00-04:00,12.64649716056542,12.88405307180936,12.46499420530428,12.470332145690918,313800,0.0,0.0
2004-06-21 00:00:00-04:00,12.464990687390513,12.545065879821777,12.432960763148733,12.545065879821777,60600,0.0,0.0
2004-06-22 00:00:00-04:00,12.497020635693934,12.918748354182839,12.43029105398819,12.785290718078613,38700,0.0,0.0
2004-06-23 00:00:00-04:00,12.953446540019433,12.953446540019433,12.65183162689209,12.65183162689209,33600,0.0,0.0
2004-06-24 00:00:00-04:00,12.649163199148019,12.937433278120459,12.649163199148019,12.87070369720459,52800,0.0,0.0
2004-06-25 00:00:00-04:00,12.876040971431303,12.998822721963899,12.513035185692402,12.515704154968262,241500,0.0,0.0
2004-06-28 00:00:00-04:00,12.678522914886013,12.729237150112434,12.60111745921638,12.702545166015625,69900,0.0,0.0
2004-06-29 00:00:00-04:00,12.71856311488562,13.044201874774508,12.659841959688055,12.921420097351074,129000,0.0,0.0
2004-06-30 00:00:00-04:00,13.05220449779427,13.102918729722406,12.913408938670608,12.961453437805176,28800,0.0,0.0
2004-07-01 00:00:00-04:00,12.926753419620193,12.990813255310059,12.884046862493614,12.990813255310059,57000,0.0,0.0
2004-07-02 00:00:00-04:00,12.926756373152482,13.049538134771568,12.90540308971035,13.004161834716797,15900,0.0,0.0
2004-07-06 00:00:00-04:00,12.977469625250004,13.014836722951332,12.825326919555664,12.825326919555664,51000,0.0,0.0
2004-07-07 00:00:00-04:00,12.81731928910234,12.924085698535674,12.758598145740805,12.849349975585938,32400,0.0,0.0
2004-07-08 00:00:00-04:00,12.908068262550966,13.049533524462992,12.849346372004307,12.974796295166016,41700,0.0,0.0
2004-07-09 00:00:00-04:00,12.924083799113161,13.006828708830163,12.924083799113161,12.972129821777344,43200,0.0,0.0
2004-07-12 00:00:00-04:00,12.916079911755968,13.239048920162805,12.865367196268434,13.215025901794434,72600,0.0,0.0
2004-07-13 00:00:00-04:00,13.134949044786294,13.465925645758478,13.134949044786294,13.364497184753418,47700,0.0,0.0
2004-07-14 00:00:00-04:00,13.335136631589148,13.417880020645194,13.3084454128365,13.361827850341797,33600,0.0,0.0
2004-07-15 00:00:00-04:00,13.345814698179312,13.377843856811523,13.273747182122877,13.377843856811523,54000,0.0,0.0
2004-07-16 00:00:00-04:00,13.32446226727163,13.476604998021193,13.32446226727163,13.332469940185547,30300,0.0,0.0
2004-07-19 00:00:00-04:00,13.359153292247122,13.359153292247122,13.265734060355674,13.305770874023438,72000,0.0,0.0
2004-07-20 00:00:00-04:00,13.305776340755088,13.455249311422133,13.158971575711544,13.377843856811523,50400,0.0,0.0
2004-07-21 00:00:00-04:00,13.479271241294297,13.479271241294297,13.377844296204968,13.399197578430176,35400,0.0,0.0
2004-07-22 00:00:00-04:00,13.465926151430553,13.465926151430553,13.060212292174954,13.0655517578125,35700,0.0,0.0
2004-07-23 00:00:00-04:00,13.145625445710472,13.239044701434704,13.06288053812502,13.185662269592285,45900,0.0,0.0
2004-07-26 00:00:00-04:00,13.185665951192528,13.185665951192528,12.849351343838547,13.02551555633545,88800,0.0,0.0
2004-07-27 00:00:00-04:00,13.022844458452608,13.55934623950594,13.022844458452608,13.460587501525879,45900,0.0,0.0
2004-07-28 00:00:00-04:00,13.487275960901561,13.487275960901561,13.020173587206264,13.252389907836914,63600,0.0,0.0
2004-07-29 00:00:00-04:00,13.361955869196338,13.549021911825852,13.23100673396236,13.546350479125977,27600,0.02,0.0
2004-07-30 00:00:00-04:00,13.549027768656117,13.549027768656117,13.295149803161621,13.295149803161621,24900,0.0,0.0
2004-08-02 00:00:00-04:00,13.27911967271762,13.412738800048828,13.252396153082456,13.412738800048828,34200,0.0,0.0
2004-08-03 00:00:00-04:00,13.359288995516163,13.361961958588555,13.222996932770611,13.345927238464355,42000,0.0,0.0
2004-08-04 00:00:00-04:00,13.16954806649674,13.295149803161621,13.110755113523798,13.295149803161621,29700,0.0,0.0
2004-08-05 00:00:00-04:00,13.225671112579013,13.4661858199486,13.225671112579013,13.42342758178711,59100,0.0,0.0
2004-08-06 00:00:00-04:00,13.201623299441769,13.351277181403434,13.134812957275493,13.228346824645996,62100,0.0,0.0
2004-08-09 00:00:00-04:00,13.193599770469888,13.198944167182068,13.137479782104492,13.137479782104492,27000,0.0,0.0
2004-08-10 00:00:00-04:00,13.190928510610647,13.490237702461412,13.15886059704229,13.431443214416504,50700,0.0,0.0
2004-08-11 00:00:00-04:00,13.252395401065339,13.410066604614258,13.252395401065339,13.410066604614258,38100,0.0,0.0
2004-08-12 00:00:00-04:00,13.295149047121084,13.463510536591839,13.260409704900791,13.28713321685791,38700,0.0,0.0
2004-08-13 00:00:00-04:00,13.316528485976091,13.495577223201442,13.316528485976091,13.34057903289795,15300,0.0,0.0
2004-08-16 00:00:00-04:00,13.332563980842126,13.573080195755566,13.332563980842126,13.471529006958008,72900,0.0,0.0
2004-08-17 00:00:00-04:00,13.468853849937242,13.573077984835846,13.468853849937242,13.55437183380127,58200,0.0,0.0
2004-08-18 00:00:00-04:00,13.48489189476207,13.896439552307129,13.48489189476207,13.896439552307129,44700,0.0,0.0
2004-08-19 00:00:00-04:00,13.805579192264675,14.008681594440402,13.8002347946167,13.8002347946167,104400,0.0,0.0
2004-08-20 00:00:00-04:00,13.762823220958213,13.883080584849175,13.324550478029376,13.426101684570312,48600,0.0,0.0
2004-08-23 00:00:00-04:00,13.31385535259225,13.43411267312352,13.281787447389483,13.32187271118164,37800,0.0,0.0
2004-08-24 00:00:00-04:00,13.324548597210175,13.33523739157132,13.273773001106909,13.276444435119629,6900,0.0,0.0
2004-08-25 00:00:00-04:00,13.161536394135686,13.391360823465535,13.121449582100142,13.289811134338379,30000,0.0,0.0
2004-08-26 00:00:00-04:00,13.241703265215842,13.39670148409118,13.134807678206109,13.353944778442383,20400,0.0,0.0
2004-08-27 00:00:00-04:00,13.27377158044912,13.340580360943733,13.137479527423158,13.190926551818848,19800,0.0,0.0
2004-08-30 00:00:00-04:00,13.145497324983975,13.500924942355741,13.145497324983975,13.447476387023926,30000,0.0,0.0
2004-08-31 00:00:00-04:00,13.268430539317379,13.391360881499919,13.19360437178596,13.375326156616211,22500,0.0,0.0
2004-09-01 00:00:00-04:00,13.407394815028555,13.629203398976093,13.26842975616455,13.26842975616455,30000,0.0,0.0
2004-09-02 00:00:00-04:00,13.27644057457292,13.503593444824219,13.188252694693942,13.503593444824219,24300,0.0,0.0
2004-09-03 00:00:00-04:00,13.506270670360713,13.591787143996365,13.265755970549238,13.452823638916016,37800,0.0,0.0
2004-09-07 00:00:00-04:00,13.247044283293016,13.631868298369223,13.180235514175088,13.511610984802246,51300,0.0,0.0
2004-09-08 00:00:00-04:00,13.602477732647209,13.736096843015966,13.255065904871165,13.541011810302734,65100,0.0,0.0
2004-09-09 00:00:00-04:00,13.698688750900653,14.030065996318458,13.503603636327602,13.880412101745605,39600,0.0,0.0
2004-09-10 00:00:00-04:00,13.818946654132567,14.043426714704436,13.818946654132567,13.92584228515625,39000,0.0,0.0
2004-09-13 00:00:00-04:00,13.810925060591876,14.110232735784946,13.786872977544924,13.976612091064453,51300,0.0,0.0
2004-09-14 00:00:00-04:00,13.909806425579958,14.26790714263916,13.909806425579958,14.26790714263916,96000,0.0,0.0
2004-09-15 00:00:00-04:00,14.19574653375667,14.259883880615234,14.112901505009171,14.259883880615234,108900,0.0,0.0
2004-09-16 00:00:00-04:00,14.123587513779823,14.358757713769029,14.104879837604571,14.225138664245605,67800,0.0,0.0
2004-09-17 00:00:00-04:00,14.291952682684858,14.364107385834505,13.928506204170008,13.989972114562988,77100,0.0,0.0
2004-09-20 00:00:00-04:00,13.957909516929746,14.048770416500055,13.875065980432648,13.88308334350586,57300,0.0,0.0
2004-09-21 00:00:00-04:00,13.896442083217588,14.126269565257664,13.749461187083865,13.984631538391113,49200,0.0,0.0
2004-09-22 00:00:00-04:00,13.981961489081106,14.064805024884572,13.626533727693358,13.840323448181152,61200,0.0,0.0
2004-09-23 00:00:00-04:00,13.73876496028518,13.965917826535945,13.631867874709299,13.917815208435059,27300,0.0,0.0
2004-09-24 00:00:00-04:00,13.896439656491209,13.933853497227224,13.800234385061707,13.818942070007324,23100,0.0,0.0
2004-09-27 00:00:00-04:00,13.77617596427663,13.933847086333433,13.54902311936058,13.685315132141113,78000,0.0,0.0
2004-09-28 00:00:00-04:00,13.687995546593303,13.76816610316188,13.575754014917669,13.677305221557617,41700,0.0,0.0
2004-09-29 00:00:00-04:00,13.578428958083173,13.658601055495497,13.506274223327637,13.506274223327637,18600,0.0,0.0
2004-09-30 00:00:00-04:00,13.495581818958584,13.549030385389734,13.335239177975799,13.361964225769043,106200,0.0,0.0
2004-10-01 00:00:00-04:00,13.335232807680562,13.837642669677734,13.335232807680562,13.837642669677734,36900,0.0,0.0
2004-10-04 00:00:00-04:00,13.610497140465114,13.896441559749528,13.610497140465114,13.829632759094238,59700,0.0,0.0
2004-10-05 00:00:00-04:00,13.722730344133039,13.893763235648352,13.704022665901883,13.821608543395996,18900,0.0,0.0
2004-10-06 00:00:00-04:00,13.842999362510815,13.896446421734707,13.634552467394519,13.89377498626709,32400,0.0,0.0
2004-10-07 00:00:00-04:00,13.581096829497442,13.893766210092297,13.527648274879049,13.58911418914795,51900,0.0,0.0
2004-10-08 00:00:00-04:00,13.57308141535233,13.861700287520009,13.42342758178711,13.42342758178711,31500,0.0,0.0
2004-10-11 00:00:00-04:00,13.396701008054293,13.80290575341234,13.396701008054293,13.725406646728516,103200,0.0,0.0
2004-10-12 00:00:00-04:00,13.789551190901049,14.030065996318458,13.495586272259576,13.880412101745605,46800,0.0,0.0
2004-10-13 00:00:00-04:00,13.848338549906751,13.907131516247363,13.693340301513672,13.693340301513672,55200,0.0,0.0
2004-10-14 00:00:00-04:00,13.842991481150882,13.861699164552993,13.524977684020996,13.524977684020996,12300,0.0,0.0
2004-10-15 00:00:00-04:00,13.474203884643071,13.90445772289761,13.474203884643071,13.861701011657715,27000,0.0,0.0
2004-10-18 00:00:00-04:00,13.829634123426047,13.829634123426047,13.562395836130229,13.696013450622559,14100,0.0,0.0
2004-10-19 00:00:00-04:00,13.909801500598672,13.941869411362577,13.506269713497032,13.749457359313965,44700,0.0,0.0
2004-10-20 00:00:00-04:00,13.495584080112943,14.345406183413266,13.495584080112943,14.209114074707031,69000,0.0,0.0
2004-10-21 00:00:00-04:00,14.174366997962666,14.36410759918324,14.15566084578321,14.294624328613281,42600,0.0,0.0
2004-10-22 00:00:00-04:00,14.27592213636162,14.390835102429666,13.607823460869378,13.677305221557617,85200,0.0,0.0
2004-10-25 00:00:00-04:00,13.706704117919745,14.307992573012163,13.605152893395088,14.29730224609375,53100,0.0,0.0
2004-10-26 00:00:00-04:00,14.31065850641284,14.535138440704031,13.952557961643226,14.430915832519531,77100,0.0,0.0
2004-10-27 00:00:00-04:00,14.294628355060876,14.537816047668457,14.214456268992974,14.537816047668457,461700,0.0,0.0
2004-10-28 00:00:00-04:00,14.438934564723409,14.513760706885336,14.372124253130073,14.401520729064941,30000,0.0,0.0
2004-10-29 00:00:00-04:00,14.516432575795196,14.551173445875838,14.329364940756458,14.51375961303711,25800,0.0,0.0
2004-11-01 00:00:00-05:00,14.446876631640905,14.856204986572266,14.286355167839774,14.856204986572266,48900,0.02,0.0
2004-11-02 00:00:00-05:00,14.446876925811653,15.142467398370107,14.446876925811653,14.941816329956055,61800,0.0,0.0
2004-11-03 00:00:00-05:00,15.088961415731827,15.088961415731827,14.246227446715368,14.438852310180664,165000,0.0,0.0
2004-11-04 00:00:00-05:00,14.543192467244593,15.17189884185791,14.329163299544557,15.17189884185791,161400,0.0,0.0
2004-11-05 00:00:00-05:00,14.941821805395282,15.423384852227292,14.602051905622199,15.206681251525879,115200,0.0,0.0
2004-11-08 00:00:00-05:00,15.11571186704215,15.434078862437678,15.11571186704215,15.348467826843262,393300,0.0,0.0
2004-11-09 00:00:00-05:00,15.434083038156372,15.434083038156372,15.169223633772205,15.385927200317383,96600,0.0,0.0
2004-11-10 00:00:00-05:00,15.423382225281511,15.519693899735854,15.142470368237829,15.391277313232422,188400,0.0,0.0
2004-11-11 00:00:00-05:00,15.316372889166043,15.316372889166043,15.035462452617192,15.115721702575684,205800,0.0,0.0
2004-11-12 00:00:00-05:00,15.054189304771427,15.209360555888054,15.054189304771427,15.115721702575684,79800,0.0,0.0
2004-11-15 00:00:00-05:00,14.98730506562562,15.260190801856274,14.912396126161614,15.115721702575684,125100,0.0,0.0
2004-11-16 00:00:00-05:00,15.08628598290956,15.642757772179118,15.08628598290956,15.570523262023926,84900,0.0,0.0
2004-11-17 00:00:00-05:00,15.6507849092843,15.760474640501213,15.495615264808716,15.618680000305176,57900,0.0,0.0
2004-11-18 00:00:00-05:00,15.533066693924416,15.752446124483212,15.525040467845818,15.701614379882812,39900,0.0,0.0
2004-11-19 00:00:00-05:00,15.332413971515438,15.763145028990436,15.300310601529128,15.68556022644043,99300,0.0,0.0
2004-11-22 00:00:00-05:00,15.249475267079367,15.642751024476262,14.949836740571786,15.640076637268066,96600,0.0,0.0
2004-11-23 00:00:00-05:00,15.522365044846278,16.132344408537854,15.522365044846278,16.054758071899414,86700,0.0,0.0
2004-11-24 00:00:00-05:00,16.028019204634113,16.426647261879513,15.822017669365497,16.215293884277344,40200,0.0,0.0
2004-11-26 00:00:00-05:00,16.092218690560905,16.555054823803264,16.092218690560905,16.498872756958008,24600,0.0,0.0
2004-11-29 00:00:00-05:00,16.242038195384854,16.78780942263459,16.23133604835722,16.656715393066406,117000,0.0,0.0
2004-11-30 00:00:00-05:00,16.512245770602224,16.611233346384903,16.244710499399524,16.386505126953125,114000,0.0,0.0
2004-12-01 00:00:00-05:00,16.228658253790897,16.55237558398959,16.228658253790897,16.469440460205078,59100,0.0,0.0
2004-12-02 00:00:00-05:00,16.413268892750466,16.667426264829867,16.36511150218721,16.509580612182617,116100,0.0,0.0
2004-12-03 00:00:00-05:00,16.520278266106985,16.629968039332457,16.322303021070336,16.37848663330078,71400,0.0,0.0
2004-12-06 00:00:00-05:00,16.378479599664953,16.619260282434624,16.078839409553172,16.549701690673828,62700,0.0,0.0
2004-12-07 00:00:00-05:00,16.49619796754583,16.50422419633745,16.10559786171552,16.12164878845215,115200,0.0,0.0
2004-12-08 00:00:00-05:00,16.05208186854071,16.129666665558716,15.851430845183952,16.057432174682617,93300,0.0,0.0
2004-12-09 00:00:00-05:00,16.05208396911621,16.100239792386674,15.835380468130097,16.05208396911621,49200,0.0,0.0
2004-12-10 00:00:00-05:00,16.188528955656242,16.188528955656242,15.83805855066391,16.04941177368164,42000,0.0,0.0
2004-12-13 00:00:00-05:00,15.797930003702588,16.11362269574299,15.797930003702588,16.00393295288086,121800,0.0,0.0
2004-12-14 00:00:00-05:00,15.787231883648358,15.987883025265218,15.49561936062485,15.81666088104248,96000,0.0,0.0
2004-12-15 00:00:00-05:00,15.495616402858923,15.872839925990283,15.495616402858923,15.784554481506348,87900,0.0,0.0
2004-12-16 00:00:00-05:00,15.7845620068197,15.822015713440422,15.613338282801832,15.731054306030273,72000,0.0,0.0
2004-12-17 00:00:00-05:00,15.543778191203176,15.69894790649414,15.479569874788258,15.69894790649414,69600,0.0,0.0
2004-12-20 00:00:00-05:00,15.519692303467231,15.765824834372895,15.519692303467231,15.538420677185059,44700,0.0,0.0
2004-12-21 00:00:00-05:00,15.476887236343709,15.650785258553329,15.075585050226957,15.557147979736328,95700,0.0,0.0
2004-12-22 00:00:00-05:00,15.543773280369415,15.632060261614544,15.42070699674344,15.616007804870605,70200,0.0,0.0
2004-12-23 00:00:00-05:00,15.450129900105745,15.728365740319463,15.359168565824282,15.68556022644043,82200,0.0,0.0
2004-12-27 00:00:00-05:00,15.70696594180085,15.888890175475296,15.51969140059527,15.886214256286621,51600,0.0,0.0
2004-12-28 00:00:00-05:00,15.784555487893787,15.985206604003906,15.650787056589355,15.985206604003906,33900,0.0,0.0
2004-12-29 00:00:00-05:00,15.907614187241117,16.442684647165205,15.907614187241117,16.204578399658203,103500,0.0,0.0
2004-12-30 00:00:00-05:00,16.18049950083017,16.31961665505061,15.990549076846055,16.001251220703125,79800,0.0,0.0
2004-12-31 00:00:00-05:00,16.118966631756848,16.185852356089526,15.99857630815768,16.05208396911621,29700,0.0,0.0
2005-01-03 00:00:00-05:00,16.04138870152034,16.137700380158908,15.963802337646484,15.963802337646484,40200,0.0,0.0
2005-01-04 00:00:00-05:00,16.097566207202522,16.116293047506637,15.918316376017254,16.009279251098633,73200,0.0,0.0
2005-01-05 00:00:00-05:00,15.945076176807316,16.153753530614708,15.918321570839582,16.028011322021484,76800,0.0,0.0
2005-01-06 00:00:00-05:00,15.974503975981833,16.12432332863047,15.904945373535156,15.904945373535156,51900,0.0,0.0
2005-01-07 00:00:00-05:00,15.891564678910209,16.10559382101396,15.570523262023926,15.570523262023926,36000,0.0,0.0
2005-01-10 00:00:00-05:00,15.664162594838968,15.998580590085258,15.570525311234578,15.784554481506348,58200,0.0,0.0
2005-01-11 00:00:00-05:00,15.717670807243186,15.82201025196998,15.530397746241354,15.805957794189453,36000,0.0,0.0
2005-01-12 00:00:00-05:00,15.599954406625944,15.776528358459473,15.578551642541253,15.776528358459473,40200,0.0,0.0
2005-01-13 00:00:00-05:00,15.693592814666752,15.872841168067776,15.530396918190371,15.549123764038086,109500,0.0,0.0
2005-01-14 00:00:00-05:00,15.517015190548902,15.690913194243922,15.450132520547886,15.492938041687012,16800,0.0,0.0
2005-01-18 00:00:00-05:00,15.391276495223265,15.54644767713612,15.37789995952923,15.533069610595703,59400,0.0,0.0
2005-01-19 00:00:00-05:00,15.391264065779387,15.607967443052052,15.319029606688499,15.345784187316895,63600,0.0,0.0
2005-01-20 00:00:00-05:00,15.30298741793176,15.305661805927382,15.05417901442386,15.268206596374512,69300,0.0,0.0
2005-01-21 00:00:00-05:00,15.359172508380594,15.492939390877803,15.236106241676927,15.383251190185547,44400,0.0,0.0
2005-01-24 00:00:00-05:00,15.276240562213427,15.492944172805025,15.169226717016365,15.260188102722168,42900,0.0,0.0
2005-01-25 00:00:00-05:00,15.36452310850706,15.47153692270947,15.088961580156887,15.198651313781738,15300,0.0,0.0
2005-01-26 00:00:00-05:00,15.212025590839591,15.508989837943242,15.10501179252434,15.479560852050781,54000,0.0,0.0
2005-01-27 00:00:00-05:00,15.351153769360295,15.624039506210671,15.351153769360295,15.530402183532715,19500,0.0,0.0
2005-01-28 00:00:00-05:00,15.409996639508504,15.49828203410585,14.976589766438469,15.166540145874023,47700,0.0,0.0
2005-01-31 00:00:00-05:00,15.204000002476803,15.308339416990442,15.035453837126415,15.294962882995605,117300,0.0,0.0
2005-02-01 00:00:00-05:00,15.142472051850383,15.575879227622602,15.121069285053483,15.396629333496094,140100,0.0,0.0
2005-02-02 00:00:00-05:00,15.375224837809737,15.51701641557519,15.345795848347477,15.418028831481934,173400,0.0,0.0
2005-02-03 00:00:00-05:00,15.479566817535803,15.640088342293211,15.351150210068562,15.364526748657227,111900,0.0,0.0
2005-02-04 00:00:00-05:00,15.514337845651575,15.55446744000459,15.407324063197636,15.490259170532227,124200,0.0,0.0
2005-02-07 00:00:00-05:00,15.401978516429013,15.701617199896784,15.278912245864586,15.650785446166992,179100,0.0,0.0
2005-02-08 00:00:00-05:00,15.661479879540435,15.664155797939543,15.450128251383793,15.474206924438477,48900,0.0,0.0
2005-02-09 00:00:00-05:00,15.53312815439622,15.600083340644078,15.38583195493275,15.46617603302002,44100,0.02,0.0
2005-02-10 00:00:00-05:00,15.332270101742026,15.530452383139147,15.219789301784177,15.254606246948242,78600,0.0,0.0
2005-02-11 00:00:00-05:00,15.209070640691536,15.64560474846946,15.152830266352117,15.600077629089355,60300,0.0,0.0
2005-02-14 00:00:00-05:00,15.559914576783825,15.664362365156416,15.533132188841284,15.62686824798584,34200,0.0,0.0
2005-02-15 00:00:00-05:00,15.557227973306963,15.626860307652459,15.401897251373644,15.471528053283691,44100,0.0,0.0
2005-02-16 00:00:00-05:00,15.466177962494713,15.707208694390353,15.396547134602377,15.62954330444336,42300,0.0,0.0
2005-02-17 00:00:00-05:00,15.60276254984962,15.60276254984962,15.340305295880883,15.412614822387695,13200,0.0,0.0
2005-02-18 00:00:00-05:00,15.468852974854798,15.578656597735025,15.233178139657765,15.541162490844727,41100,0.0,0.0
2005-02-22 00:00:00-05:00,15.340297262313852,15.498308191043952,14.909120559692383,14.909120559692383,157800,0.0,0.0
2005-02-23 00:00:00-05:00,14.9091253367164,15.337625012290967,14.9091253367164,15.150156021118164,30900,0.0,0.0
2005-02-24 00:00:00-05:00,15.12605489568188,15.471531824719115,15.12605489568188,15.30816650390625,65700,0.0,0.0
2005-02-25 00:00:00-05:00,15.305498044701814,15.47957674079678,15.302820877529749,15.43940544128418,33300,0.0,0.0
2005-02-28 00:00:00-05:00,15.348344243833274,15.39655163023728,15.265322965753823,15.377803802490234,62400,0.0,0.0
2005-03-01 00:00:00-05:00,15.326917993435028,15.608120034114176,15.2653201883825,15.530454635620117,121800,0.0,0.0
2005-03-02 00:00:00-05:00,15.428686408260825,15.733992154773432,15.428686408260825,15.675074577331543,45300,0.0,0.0
2005-03-03 00:00:00-05:00,15.559910794319292,15.648289434929605,15.222466886685924,15.420647621154785,65700,0.0,0.0
2005-03-04 00:00:00-05:00,15.554554747512125,15.691139221191404,15.292097526651316,15.691139221191406,92700,0.0,0.0
2005-03-07 00:00:00-05:00,15.717914903157356,15.733982487622328,15.602755452764054,15.728628158569336,36000,0.0,0.0
2005-03-08 00:00:00-05:00,15.733990037741806,15.733990037741806,15.278709411621094,15.278709411621094,28200,0.0,0.0
2005-03-09 00:00:00-05:00,15.281391947249816,15.281391947249816,15.211759567260742,15.211759567260742,27300,0.0,0.0
2005-03-10 00:00:00-05:00,15.184975969520355,15.25192963851587,15.184975969520355,15.190333366394043,35400,0.0,0.0
2005-03-11 00:00:00-05:00,15.203717714347126,15.259959637647542,15.024284816081531,15.150156021118164,45600,0.0,0.0
2005-03-14 00:00:00-05:00,15.037688280966215,15.21444416732501,15.037688280966215,15.123388290405273,107100,0.0,0.0
2005-03-15 00:00:00-05:00,15.131414145727813,15.131414145727813,14.860925343271257,14.917165756225586,75900,0.0,0.0
2005-03-16 00:00:00-05:00,14.938588513709258,14.997509155017857,14.810038566589355,14.810038566589355,126000,0.0,0.0
2005-03-17 00:00:00-05:00,14.77254483153005,14.831462403380348,14.77254483153005,14.777900695800781,121800,0.0,0.0
2005-03-18 00:00:00-05:00,14.927873403420108,14.927873403420108,14.702910280692542,14.761829376220703,107100,0.0,0.0
2005-03-21 00:00:00-05:00,14.839496562362854,14.930552382233031,14.748440742492676,14.748440742492676,595500,0.0,0.0
2005-03-22 00:00:00-05:00,14.70291756724221,14.783261688921984,14.494024996286122,14.563655853271484,52500,0.0,0.0
2005-03-23 00:00:00-05:00,14.472588740098857,14.590426910356905,14.327969724758752,14.330648422241211,108000,0.0,0.0
2005-03-24 00:00:00-05:00,14.32796848998941,14.534185270169449,14.32796848998941,14.453841209411621,77400,0.0,0.0
2005-03-28 00:00:00-05:00,14.472593537736252,14.472593537736252,14.234241485595703,14.234241485595703,25500,0.0,0.0
2005-03-29 00:00:00-05:00,14.287801364702206,14.287801364702206,14.022666960102395,14.084264755249023,60600,0.0,0.0
2005-03-30 00:00:00-05:00,13.99321221229465,14.092302608355626,13.969108521724559,13.979820251464844,69900,0.0,0.0
2005-03-31 00:00:00-05:00,13.955719418087034,14.076234817504883,13.899477468084687,14.076234817504883,153900,0.0,0.0
2005-04-01 00:00:00-05:00,14.081591974924297,14.113730235017306,13.92358243848571,13.95839786529541,85800,0.0,0.0
2005-04-04 00:00:00-04:00,14.046776690018723,14.046776690018723,13.888767151983883,13.966432571411133,77100,0.0,0.0
2005-04-05 00:00:00-04:00,13.939642906188965,13.939642906188965,13.894114243495057,13.939642906188965,15600,0.0,0.0
2005-04-06 00:00:00-04:00,13.987849196228542,14.046768283441878,13.926251411437988,13.926251411437988,72000,0.0,0.0
2005-04-07 00:00:00-04:00,13.926251411437988,13.953033789903122,13.899470565408539,13.926251411437988,123000,0.0,0.0
2005-04-08 00:00:00-04:00,13.926254881960416,13.926254881960416,13.872693176553557,13.886083602905273,28200,0.0,0.0
2005-04-11 00:00:00-04:00,13.923573772316525,13.926250937366923,13.872689247131348,13.872689247131348,72600,0.0,0.0
2005-04-12 00:00:00-04:00,13.872691258237488,14.12711238861084,13.872691258237488,14.12711238861084,45600,0.0,0.0
2005-04-13 00:00:00-04:00,14.167283140733911,14.167283140733911,13.872689247131348,13.872689247131348,45000,0.0,0.0
2005-04-14 00:00:00-04:00,13.872694742750856,14.094979216644102,13.845913887023926,13.845913887023926,39600,0.0,0.0
2005-04-15 00:00:00-04:00,13.950357940169257,14.014632903222516,13.527214050292969,13.527214050292969,48000,0.0,0.0
2005-04-18 00:00:00-04:00,13.650411849345845,13.650411849345845,13.256727401320221,13.513827323913574,82200,0.0,0.0
2005-04-19 00:00:00-04:00,13.412055884130174,13.65308816888414,13.36385004015384,13.623628616333008,44700,0.0,0.0
2005-04-20 00:00:00-04:00,13.433479837196263,13.894117848901875,13.433479837196263,13.840556144714355,88200,0.0,0.0
2005-04-21 00:00:00-04:00,13.84055813542585,14.044094786023894,13.698616227553904,13.859304428100586,157500,0.0,0.0
2005-04-22 00:00:00-04:00,13.859300452424295,13.859300452424295,13.36652579517397,13.374560356140137,91800,0.0,0.0
2005-04-25 00:00:00-04:00,13.33706494915592,13.57541845980068,13.33706494915592,13.508464813232422,36900,0.0,0.0
2005-04-26 00:00:00-04:00,13.441514803507308,13.454906762392927,13.312964870668441,13.337068557739258,40200,0.0,0.0
2005-04-27 00:00:00-04:00,13.752179287926138,14.180679107070478,13.363850752162994,14.086944580078125,118500,0.0,0.0
2005-04-28 00:00:00-04:00,13.939648270118076,14.057486485993987,13.674513816833498,13.674513816833496,71400,0.0,0.0
2005-04-29 00:00:00-04:00,13.690578832744317,13.792347891821812,13.551315667832622,13.658440589904785,49500,0.0,0.0
2005-05-02 00:00:00-04:00,13.778957853274154,14.129792213439941,13.778957853274154,14.129792213439941,180900,0.0,0.0
2005-05-03 00:00:00-04:00,14.084263533735959,14.504728673877754,14.065515714040814,14.303869247436523,47100,0.0,0.0
2005-05-04 00:00:00-04:00,14.301192625098551,14.410996264101968,14.194069216715166,14.408317565917969,66000,0.0,0.0
2005-05-05 00:00:00-04:00,14.341369850719143,14.427069829757714,14.314588990378715,14.36815071105957,24900,0.0,0.0
2005-05-06 00:00:00-04:00,14.461874607631138,14.461874607631138,14.022661772195509,14.060155868530273,77100,0.0,0.0
2005-05-09 00:00:00-04:00,14.140506796558839,14.461881637573242,14.105691380336793,14.461881637573242,39600,0.0,0.0
2005-05-10 00:00:00-04:00,14.405634229346678,14.405634229346678,13.958386835236785,14.060155868530273,101400,0.0,0.0
2005-05-11 00:00:00-04:00,14.167429294419781,14.285423278808594,13.944846559371534,14.285423278808594,165600,0.023333,0.0
2005-05-12 00:00:00-04:00,14.285422928888643,14.317604082149424,14.202290840434697,14.226425170898438,84600,0.0,0.0
2005-05-13 00:00:00-04:00,14.272014373970794,14.414145752381677,14.226424919152038,14.344420433044434,200100,0.0,0.0
2005-05-16 00:00:00-04:00,14.465100981313327,14.481191562436223,14.390014160210264,14.443647384643555,64800,0.0,0.0
2005-05-17 00:00:00-04:00,14.344419604303463,14.481186426376286,14.239833933062707,14.384644508361816,40200,0.0,0.0
2005-05-18 00:00:00-04:00,14.427553476479646,14.636726379394531,14.403419144843031,14.636726379394531,44100,0.0,0.0
2005-05-19 00:00:00-04:00,14.494596972892554,14.682316289872075,14.483869409459626,14.534823417663574,28500,0.0,0.0
2005-05-20 00:00:00-04:00,14.682314637004248,14.709131240844727,14.599182551306045,14.709131240844727,28500,0.0,0.0
2005-05-23 00:00:00-04:00,14.561634349996993,15.097973950587944,14.561634349996993,14.883438110351562,40200,0.0,0.0
2005-05-24 00:00:00-04:00,14.821763503722446,15.156977219037879,14.78153859443592,14.813719749450684,81900,0.0,0.0
2005-05-25 00:00:00-04:00,14.781540698477587,14.784222973271262,14.508006979844332,14.658182144165039,28200,0.0,0.0
2005-05-26 00:00:00-04:00,14.55627844636051,14.985351916089986,14.48387236547726,14.66891098022461,21600,0.0,0.0
2005-05-27 00:00:00-04:00,14.526777766657398,14.97730319549059,14.494596611642635,14.813719749450684,21600,0.0,0.0
2005-05-31 00:00:00-04:00,14.760086262156932,15.004121082076832,14.617956395837396,14.93171501159668,19200,0.0,0.0
2005-06-01 00:00:00-04:00,14.73862621195456,14.883438289477308,14.658174887277324,14.762762069702148,39000,0.0,0.0
2005-06-02 00:00:00-04:00,14.655501304311773,15.020212415184908,14.601866550177597,14.993395805358887,23100,0.0,0.0
2005-06-03 00:00:00-04:00,14.95585621309364,15.205254136746948,14.711821306152231,14.738637924194336,59100,0.0,0.0
2005-06-06 00:00:00-04:00,14.77081367379099,14.77081367379099,14.513370552288393,14.516051292419434,26400,0.0,0.0
2005-06-07 00:00:00-04:00,14.51873324624861,14.872718297734588,14.51873324624861,14.64477252960205,21000,0.0,0.0
2005-06-08 00:00:00-04:00,14.588454371680292,14.709130618337081,14.384644508361816,14.384644508361816,20700,0.0,0.0
2005-06-09 00:00:00-04:00,14.381964637683668,14.381964637683668,14.052115494135409,14.194245338439941,46200,0.0,0.0
2005-06-10 00:00:00-04:00,14.041389650623554,14.086979111143679,14.00652775383605,14.025299072265625,12900,0.0,0.0
2005-06-13 00:00:00-04:00,14.129884467825635,14.129884467825635,13.97702706217858,14.017251968383789,62100,0.0,0.0
2005-06-14 00:00:00-04:00,13.95825352543865,14.167426380286583,13.95825352543865,14.143290519714355,55200,0.0,0.0
2005-06-15 00:00:00-04:00,14.001161520550847,14.116474748137174,13.893893580293991,14.057476997375488,115200,0.0,0.0
2005-06-16 00:00:00-04:00,13.96630280993725,14.36319351196289,13.920713349523167,14.36319351196289,173700,0.0,0.0
2005-06-17 00:00:00-04:00,14.156701384809203,14.344420686878847,13.87780470597042,14.226425170898438,95100,0.0,0.0
2005-06-20 00:00:00-04:00,14.226426751866981,14.644772583856433,14.137931639529148,14.63404655456543,38100,0.0,0.0
2005-06-21 00:00:00-04:00,14.57504540401829,14.668905043678647,14.440960862138493,14.59113597869873,48300,0.0,0.0
2005-06-22 00:00:00-04:00,14.68231892542567,15.081893497973068,14.64209400791603,14.843221664428711,247500,0.0,0.0
2005-06-23 00:00:00-04:00,14.768128607123554,14.83248937533119,14.400735313174296,14.403417587280273,57600,0.0,0.0
2005-06-24 00:00:00-04:00,14.390012885894285,14.390012885894285,14.070889704640152,14.277381896972656,113100,0.0,0.0
2005-06-27 00:00:00-04:00,14.237155769939076,14.545551393546697,14.221065189876931,14.537506103515625,28500,0.0,0.0
2005-06-28 00:00:00-04:00,14.556276514005793,14.86735439300537,14.457053833962037,14.867354393005371,23100,0.0,0.0
2005-06-29 00:00:00-04:00,14.870039057689292,14.993397626144537,14.542872081530986,14.907583236694336,49200,0.0,0.0
2005-06-30 00:00:00-04:00,14.929035864025275,14.929035864025275,14.459737493161253,14.671592712402344,62100,0.0,0.0
2005-07-01 00:00:00-04:00,14.636721430843131,14.757397651672363,14.566997664938489,14.757397651672363,26700,0.0,0.0
2005-07-05 00:00:00-04:00,14.819082053767541,15.232063293457031,14.722540127830781,15.232063293457031,28500,0.0,0.0
2005-07-06 00:00:00-04:00,15.205247694293988,15.272290745475761,15.199884679854392,15.221338272094727,26100,0.0,0.0
2005-07-07 00:00:00-04:00,15.08993899539028,15.285703659057617,14.97999026104873,15.285703659057617,35100,0.0,0.0
2005-07-08 00:00:00-04:00,15.148933146794652,15.205248638110884,14.939760225847182,15.127479553222656,62700,0.0,0.0
2005-07-11 00:00:00-04:00,15.025578120668332,15.20525220074217,14.829813458024917,14.915629386901855,47100,0.0,0.0
2005-07-12 00:00:00-04:00,14.835168238044542,14.861984835010727,14.682310873270765,14.757397651672363,48300,0.0,0.0
2005-07-13 00:00:00-04:00,14.615277661892174,14.74131696663241,14.481191532125058,14.676956176757812,29100,0.0,0.0
2005-07-14 00:00:00-04:00,14.749358836905456,14.749358836905456,14.556276491968335,14.585775375366211,117900,0.0,0.0
2005-07-15 00:00:00-04:00,14.513372529044664,14.698409606016897,14.513372529044664,14.647457122802734,22200,0.0,0.0
2005-07-18 00:00:00-04:00,14.687680416608561,14.687680416608561,14.481189766086858,14.483870506286621,55800,0.0,0.0
2005-07-19 00:00:00-04:00,14.719857022520412,14.749354362487793,14.48923057463312,14.749354362487793,50700,0.0,0.0
2005-07-20 00:00:00-04:00,14.615273847475727,15.285698183409274,14.615273847475727,15.213292121887207,161100,0.0,0.0
2005-07-21 00:00:00-04:00,15.210607656131982,15.401007654415016,15.151608377161114,15.159653663635254,39600,0.0,0.0
2005-07-22 00:00:00-04:00,15.148933117430255,15.304471286905217,15.071164032692772,15.218658447265625,86400,0.0,0.0
2005-07-25 00:00:00-04:00,15.215976489951306,15.339335038944146,15.044347738128947,15.197203636169434,105300,0.0,0.0
2005-07-26 00:00:00-04:00,15.210610245964533,15.387601975086637,15.210610245964533,15.229381561279297,32700,0.0,0.0
2005-07-27 00:00:00-04:00,15.277653272211314,15.320560455322266,15.12479585694783,15.320560455322266,72600,0.0,0.0
2005-07-28 00:00:00-04:00,15.320562780611343,15.510964393615723,15.250838981094144,15.510964393615723,27000,0.0,0.0
2005-07-29 00:00:00-04:00,15.502917380620143,15.502917380620143,15.266927863922385,15.355422973632812,78000,0.0,0.0
2005-08-01 00:00:00-04:00,15.502909358923436,15.527043678864795,15.331280708312988,15.331280708312988,26700,0.0,0.0
2005-08-02 00:00:00-04:00,15.460012053029129,15.795224283162003,15.35542481833152,15.787178993225098,59100,0.0,0.0
2005-08-03 00:00:00-04:00,15.720056514077179,15.805973052978516,15.623401175967624,15.805973052978516,51300,0.023333,0.0
2005-08-04 00:00:00-04:00,15.701257697243875,15.70931102585407,15.572381394854824,15.615341186523438,125400,0.0,0.0
2005-08-05 00:00:00-04:00,15.585809869142825,15.910680770874023,15.585809869142825,15.910680770874023,63900,0.0,0.0
2005-08-08 00:00:00-04:00,15.78448893777745,15.803284134924736,15.674407830928137,15.725420951843262,86700,0.0,0.0
2005-08-09 00:00:00-04:00,15.779119609366322,15.779119609366322,15.599231719970703,15.599231719970703,38100,0.0,0.0
2005-08-10 00:00:00-04:00,15.730794444631682,15.835504634293496,15.532111326565829,15.537482261657715,44400,0.0,0.0
2005-08-11 00:00:00-04:00,15.532112388789352,15.712000318953264,15.502579925307609,15.516002655029297,59400,0.0,0.0
2005-08-12 00:00:00-04:00,15.446202836736669,15.454257707256406,15.172343384303451,15.220672607421875,164700,0.0,0.0
2005-08-15 00:00:00-04:00,15.196498561869836,15.567014694213865,15.10521111019041,15.567014694213867,106200,0.0,0.0
2005-08-16 00:00:00-04:00,15.52137316641467,15.62876882803284,15.258252643218608,15.293157577514648,23100,0.0,0.0
2005-08-17 00:00:00-04:00,15.435460344227465,15.446199144814036,15.23140776999163,15.244832038879395,29700,0.0,0.0
2005-08-18 00:00:00-04:00,15.266304837813855,15.30389369687821,15.23408691312188,15.274359703063965,38700,0.0,0.0
2005-08-19 00:00:00-04:00,15.204553656931957,15.349538165850687,15.097158008901145,15.19381332397461,25800,0.0,0.0
2005-08-22 00:00:00-04:00,15.089097317638165,15.298519134521484,15.064932730045035,15.298519134521484,25800,0.0,0.0
2005-08-23 00:00:00-04:00,15.25288207963833,15.403235994424058,15.25288207963833,15.341484069824219,46500,0.0,0.0
2005-08-24 00:00:00-04:00,15.456944574074257,15.55359995643337,15.371026459530063,15.49184799194336,28200,0.0,0.0
2005-08-25 00:00:00-04:00,15.354909209631636,15.572384460006193,15.338799476623535,15.338799476623535,21000,0.0,0.0
2005-08-26 00:00:00-04:00,15.529433229293248,15.529433229293248,15.038096952793826,15.048835754394531,132300,0.0,0.0
2005-08-29 00:00:00-04:00,15.035405225352681,15.239456176757814,14.901159520779666,15.239456176757812,29700,0.0,0.0
2005-08-30 00:00:00-04:00,15.064941131754034,15.217980532577974,14.868943464345357,15.124009132385254,60300,0.0,0.0
2005-08-31 00:00:00-04:00,15.212613072232683,15.666360396981485,15.169653263863768,15.601922988891602,40800,0.0,0.0
2005-09-01 00:00:00-04:00,15.703942653396515,15.703942653396515,15.497204711931772,15.580435752868652,40200,0.0,0.0
2005-09-02 00:00:00-04:00,15.467673932241174,15.626082718661202,15.317320012150311,15.537482261657715,24900,0.0,0.0
2005-09-06 00:00:00-04:00,15.569693996284085,15.73347211632843,15.569693996284085,15.67440414428711,49800,0.0,0.0
2005-09-07 00:00:00-04:00,15.516006904560205,15.728114360336313,15.516006904560205,15.679786682128906,30300,0.0,0.0
2005-09-08 00:00:00-04:00,15.677095625513704,15.677095625513704,15.55896117241509,15.67172622680664,59100,0.0,0.0
2005-09-09 00:00:00-04:00,15.572382953322977,15.714683532714844,15.550905359801808,15.714683532714844,26700,0.0,0.0
2005-09-12 00:00:00-04:00,15.687839533011447,15.746906004862096,15.599237520771984,15.601922988891602,42600,0.0,0.0
2005-09-13 00:00:00-04:00,15.50257167195876,15.601912416743557,15.435448841232947,15.459611892700195,10500,0.0,0.0
2005-09-14 00:00:00-04:00,15.45962298830214,15.51063613045738,15.250201019535647,15.311954498291016,46800,0.0,0.0
2005-09-15 00:00:00-04:00,15.295842517586577,15.341486252900166,15.223350249175027,15.282418251037598,19500,0.0,0.0
2005-09-16 00:00:00-04:00,15.3441718506267,15.733481768057015,15.236777706573092,15.677099227905273,104400,0.0,0.0
2005-09-19 00:00:00-04:00,15.62876693386387,15.642191197900562,15.575068341408562,15.583123207092285,55800,0.0,0.0
2005-09-20 00:00:00-04:00,15.612662180393105,15.674414121912408,15.567019975377631,15.62071704864502,89700,0.0,0.0
2005-09-21 00:00:00-04:00,15.4998928949451,15.674409872055756,15.48646863026802,15.54553508758545,247800,0.0,0.0
2005-09-22 00:00:00-04:00,15.612657121693369,15.612657121693369,15.451562881469727,15.451562881469727,332700,0.0,0.0
2005-09-23 00:00:00-04:00,15.435456908643799,15.674411299754695,15.435456908643799,15.652932167053223,80400,0.0,0.0
2005-09-26 00:00:00-04:00,15.639514299172324,15.712005050304155,15.583130214033206,15.612664222717285,61500,0.0,0.0
2005-09-27 00:00:00-04:00,15.60997271381112,15.711998970456621,15.60997271381112,15.639508247375488,81000,0.0,0.0
2005-09-28 00:00:00-04:00,15.639501442844725,15.771060103197966,15.639501442844725,15.720046997070312,88800,0.0,0.0
2005-09-29 00:00:00-04:00,15.57238159635938,15.8113374710083,15.57238159635938,15.8113374710083,100500,0.0,0.0
2005-09-30 00:00:00-04:00,15.703943367526485,15.8113374710083,15.695888502503665,15.8113374710083,18900,0.0,0.0
2005-10-03 00:00:00-04:00,15.814031272052214,15.959015846252443,15.701266174922802,15.959015846252441,90600,0.0,0.0
2005-10-04 00:00:00-04:00,15.975125524168382,16.17649266553445,15.889210495431394,16.026140213012695,93600,0.0,0.0
2005-10-05 00:00:00-04:00,15.921420882437218,15.985858275638275,15.639508247375488,15.639508247375488,57300,0.0,0.0
2005-10-06 00:00:00-04:00,15.722732626355214,15.779115129420674,15.413970056366466,15.585803031921387,44100,0.0,0.0
2005-10-07 00:00:00-04:00,15.744221192027936,15.763014858886615,15.612660915090473,15.70931625366211,12900,0.0,0.0
2005-10-10 00:00:00-04:00,15.513310642536961,15.781798895904856,15.513310642536961,15.720046997070312,30900,0.0,0.0
2005-10-11 00:00:00-04:00,15.701258365613988,15.77374908035029,15.454247618623796,15.66098403930664,370800,0.0,0.0
2005-10-12 00:00:00-04:00,15.639502598715957,15.787170995351255,15.35221759610866,15.532105445861816,108600,0.0,0.0
2005-10-13 00:00:00-04:00,15.540164867223583,15.596547390409299,15.336113904089974,15.451562881469727,55500,0.0,0.0
2005-10-14 00:00:00-04:00,15.599236302600868,15.599236302600868,15.360280356812158,15.475730895996094,69900,0.0,0.0
2005-10-17 00:00:00-04:00,15.384447202324127,15.529431764422128,15.365653533141057,15.462308883666992,259800,0.0,0.0
2005-10-18 00:00:00-04:00,15.561650116679301,15.671731275333434,15.368337874173184,15.494528770446777,15900,0.0,0.0
2005-10-19 00:00:00-04:00,15.411290371106704,16.402015818547973,15.411290371106704,16.39396095275879,264300,0.0,0.0
2005-10-20 00:00:00-04:00,16.412763649689794,17.04639904236161,16.412763649689794,16.751060485839844,442500,0.0,0.0
2005-10-21 00:00:00-04:00,16.751047834539573,16.963153603894465,16.598008502831448,16.882606506347656,96300,0.0,0.0
2005-10-24 00:00:00-04:00,16.882614607892574,17.04639434814453,16.630235936808113,17.04639434814453,74400,0.0,0.0
2005-10-25 00:00:00-04:00,17.046393509420977,17.046393509420977,16.606070517997047,16.98195457458496,54600,0.0,0.0
2005-10-26 00:00:00-04:00,16.72689500688433,16.99269954028924,16.337585041898613,16.36174964904785,128100,0.0,0.0
2005-10-27 00:00:00-04:00,16.310730600357054,16.44766025203462,15.977803302884421,16.109363555908203,48900,0.0,0.0
2005-10-28 00:00:00-04:00,16.10937250539889,16.37786102294922,16.02882533561,16.37786102294922,62400,0.0,0.0
2005-10-31 00:00:00-05:00,16.471828469702157,16.659769754348893,16.345637587604944,16.63292121887207,150600,0.0,0.0
2005-11-01 00:00:00-05:00,16.5362656533935,16.632920994328813,16.44766364394534,16.477197647094727,92700,0.0,0.0
2005-11-02 00:00:00-05:00,16.530954994511525,16.68416915438663,16.399244495422586,16.659976959228516,79500,0.023333,0.0
2005-11-03 00:00:00-05:00,16.68954535988499,16.729865686778805,16.45300508167301,16.477195739746094,108300,0.0,0.0
2005-11-04 00:00:00-05:00,16.4637584675588,16.737929013210415,16.4637584675588,16.732553482055664,49800,0.0,0.0
2005-11-07 00:00:00-05:00,16.719113865719542,16.756745659885645,16.39655738779668,16.657291412353516,89100,0.0,0.0
2005-11-08 00:00:00-05:00,16.54976402360697,16.727170313279572,16.482566069696958,16.643842697143555,56100,0.0,0.0
2005-11-09 00:00:00-05:00,16.665352154462354,16.818564759050236,16.479881755226916,16.73523712158203,99300,0.0,0.0
2005-11-10 00:00:00-05:00,16.797060680801696,17.184126521763357,16.501385001106915,17.17875099182129,28500,0.0,0.0
2005-11-11 00:00:00-05:00,17.038985070213283,17.15456748180942,16.96641153410901,17.1303768157959,23700,0.0,0.0
2005-11-14 00:00:00-05:00,17.189504623413086,17.197568687842566,16.931460713921865,17.189504623413086,40500,0.0,0.0
2005-11-15 00:00:00-05:00,17.06855172024083,17.06855172024083,16.63310134219585,16.815881729125977,58200,0.0,0.0
2005-11-16 00:00:00-05:00,16.8857650774027,16.8857650774027,16.444939290687493,16.63309669494629,41100,0.0,0.0
2005-11-17 00:00:00-05:00,16.611595571725747,16.743304544365166,16.334734953401846,16.732553482055664,95100,0.0,0.0
2005-11-18 00:00:00-05:00,16.90188753877747,17.14380480145831,16.627717101972788,17.138427734375,24300,0.0,0.0
2005-11-21 00:00:00-05:00,17.071233722598286,17.149184294635745,16.93952323373943,16.96640396118164,27900,0.0,0.0
2005-11-22 00:00:00-05:00,17.006725546018913,17.00941254256153,16.657291412353516,16.657291412353516,41400,0.0,0.0
2005-11-23 00:00:00-05:00,16.665348295564616,16.665348295564616,16.55245296172269,16.57126808166504,16500,0.0,0.0
2005-11-25 00:00:00-05:00,16.654601230530428,16.657289764870413,16.544394393537974,16.622344970703125,2400,0.0,0.0
2005-11-28 00:00:00-05:00,16.50407952655347,16.850826711734182,16.493326924702906,16.77825164794922,102000,0.0,0.0
2005-11-29 00:00:00-05:00,16.866948248895604,17.04166450258104,16.66535127012843,16.92339515686035,57900,0.0,0.0
2005-11-30 00:00:00-05:00,16.815880376877395,17.030918551721356,16.59815520536327,16.987911224365234,119100,0.0,0.0
2005-12-01 00:00:00-05:00,17.036293204897767,17.45561539403542,16.98791034863212,17.267457962036133,104700,0.0,0.0
2005-12-02 00:00:00-05:00,17.331964497176333,17.331964497176333,16.880386161162864,17.272829055786133,64200,0.0,0.0
2005-12-05 00:00:00-05:00,17.205635979163716,17.205635979163716,16.86157733789131,16.926088333129883,33000,0.0,0.0
2005-12-06 00:00:00-05:00,17.189504881518115,17.337341963443638,16.845444792300643,17.154560089111328,46200,0.0,0.0
2005-12-07 00:00:00-05:00,17.06853902611389,17.13573696924585,16.759422335457554,16.87769317626953,62400,0.0,0.0
2005-12-08 00:00:00-05:00,16.75405162174483,17.02553508135586,16.729860970491288,16.858882904052734,24900,0.0,0.0
2005-12-09 00:00:00-05:00,16.958341181269958,17.108866806483253,16.92070939045085,16.97178077697754,12000,0.0,0.0
2005-12-12 00:00:00-05:00,17.130372654027433,17.130372654027433,16.6949223148108,16.832008361816406,47700,0.0,0.0
2005-12-13 00:00:00-05:00,16.831998143216847,16.856190326729738,16.74867207455422,16.76211166381836,7800,0.0,0.0
2005-12-14 00:00:00-05:00,16.875014174702496,17.307775940380033,16.748680739808613,17.20563316345215,123900,0.0,0.0
2005-12-15 00:00:00-05:00,17.038979401842944,17.232513893950095,16.995973616785264,17.20563316345215,32400,0.0,0.0
2005-12-16 00:00:00-05:00,17.267459248450468,17.47174482711187,17.20025972114061,17.37766456604004,116100,0.0,0.0
2005-12-19 00:00:00-05:00,17.272834204304655,17.32390559726789,16.96371884988299,17.025541305541992,47400,0.0,0.0
2005-12-20 00:00:00-05:00,16.998651417740092,17.103481134365712,16.82393368530169,16.834686279296875,28500,0.0,0.0
2005-12-21 00:00:00-05:00,16.99597295309387,17.2029439572098,16.86695098876953,16.86695098876953,13500,0.0,0.0
2005-12-22 00:00:00-05:00,16.813190237467705,17.09273781302917,16.61159323591069,16.893829345703125,70500,0.0,0.0
2005-12-23 00:00:00-05:00,17.076603570226805,17.202936948719053,16.880382169317294,17.159931182861328,19500,0.0,0.0
2005-12-27 00:00:00-05:00,17.15187558346695,17.283584555415835,17.095428661479815,17.267457962036133,11400,0.0,0.0
2005-12-28 00:00:00-05:00,17.146499432610167,17.146499432610167,16.850825209990717,16.899208068847656,9000,0.0,0.0
2005-12-29 00:00:00-05:00,16.80244063225997,17.06855019826791,16.80244063225997,16.832008361816406,29100,0.0,0.0
2005-12-30 00:00:00-05:00,16.799743682643687,16.831999930753113,16.452998243842735,16.4637508392334,54600,0.0,0.0
2006-01-03 00:00:00-05:00,16.41806905667942,16.47720299873632,16.194966738393944,16.356245040893555,169500,0.0,0.0
2006-01-04 00:00:00-05:00,16.294414087295696,16.880388436238935,16.294414087295696,16.813190460205078,244800,0.0,0.0
2006-01-05 00:00:00-05:00,16.931471057456022,17.106187433286564,16.813200090988612,17.01479721069336,54900,0.0,0.0
2006-01-06 00:00:00-05:00,16.95027692372514,17.315839152234233,16.78899870093957,17.29164695739746,31800,0.0,0.0
2006-01-09 00:00:00-05:00,17.36422027668241,17.36422027668241,17.106176376342773,17.106176376342773,51900,0.0,0.0
2006-01-10 00:00:00-05:00,16.95296058634543,17.310460217672848,16.912641807608935,17.2782039642334,14700,0.0,0.0
2006-01-11 00:00:00-05:00,17.170688181921292,17.240574690461063,17.090049074649148,17.10886573791504,41400,0.0,0.0
2006-01-12 00:00:00-05:00,17.227135996745936,17.227135996745936,16.952963940516504,17.202943801879883,11100,0.0,0.0
2006-01-13 00:00:00-05:00,16.96372113964836,17.13306347350289,16.78631627671539,17.071239471435547,67200,0.0,0.0
2006-01-17 00:00:00-05:00,16.985222716724547,17.130372831298825,16.858889269188182,17.033605575561523,19500,0.0,0.0
2006-01-18 00:00:00-05:00,17.079301437724048,17.186819756285853,16.767497544863133,17.033605575561523,12000,0.0,0.0
2006-01-19 00:00:00-05:00,16.936835810605803,17.202943801879883,16.926084749374084,17.202943801879883,20400,0.0,0.0
2006-01-20 00:00:00-05:00,17.202950446460502,17.202950446460502,16.80244480671727,16.907276153564453,11700,0.0,0.0
2006-01-23 00:00:00-05:00,17.01479449772585,17.146503508033735,16.861580280521967,16.907276153564453,15900,0.0,0.0
2006-01-24 00:00:00-05:00,17.122306228452622,17.202943801879883,16.89114149327631,17.202943801879883,14700,0.0,0.0
2006-01-25 00:00:00-05:00,16.899214780032562,17.170698450069523,16.899214780032562,17.01479721069336,18900,0.0,0.0
2006-01-26 00:00:00-05:00,16.869640060557327,17.356160251962812,16.815880133109818,17.337345123291016,73800,0.0,0.0
2006-01-27 00:00:00-05:00,17.159936055805726,17.404538820507746,17.159936055805726,17.334653854370117,81300,0.0,0.0
2006-01-30 00:00:00-05:00,17.264764331512932,17.36690708308525,17.119614267495724,17.14380645751953,24600,0.0,0.0
2006-01-31 00:00:00-05:00,17.060484414563792,17.103490199150333,16.84813479769131,16.974468231201172,79800,0.0,0.0
2006-02-01 00:00:00-05:00,16.826627749348805,17.38034730152201,16.826627749348805,17.197566986083984,36000,0.0,0.0
2006-02-02 00:00:00-05:00,17.017477267158306,17.017477267158306,16.797065100903342,16.832008361816406,69900,0.0,0.0
2006-02-03 00:00:00-05:00,16.899209787526114,16.950281186316012,16.686860125393014,16.8615779876709,38700,0.0,0.0
2006-02-06 00:00:00-05:00,16.735240263454113,16.810503850906148,16.539020305290446,16.619659423828125,44400,0.0,0.0
2006-02-07 00:00:00-05:00,16.549775329518706,16.63041446736159,16.24334845139209,16.24872398376465,27300,0.0,0.0
2006-02-08 00:00:00-05:00,16.42344185941363,16.43150592700428,16.20840518387502,16.24872398376465,35700,0.0,0.0
2006-02-09 00:00:00-05:00,16.248710138745263,16.498689868801012,16.11700124849267,16.12775230407715,42600,0.0,0.0
2006-02-10 00:00:00-05:00,16.092819846327583,16.35086380995709,16.074003179356673,16.297103881835938,32700,0.0,0.0
2006-02-13 00:00:00-05:00,16.302479248744145,16.315918844855034,16.11969735789705,16.14120101928711,18900,0.0,0.0
2006-02-14 00:00:00-05:00,16.141195426283446,16.70835449118075,16.141195426283446,16.70566749572754,31500,0.0,0.0
2006-02-15 00:00:00-05:00,16.552285717675314,16.813313729389,16.552285717675314,16.74603843688965,22800,0.023333,0.0
2006-02-16 00:00:00-05:00,16.81868913949709,16.93440334975895,16.751415405364355,16.86981964111328,14400,0.0,0.0
2006-02-17 00:00:00-05:00,16.953250642907754,17.08510971069336,16.659932969068535,17.08510971069336,20700,0.0,0.0
2006-02-21 00:00:00-05:00,16.95592957157886,17.017823254221806,16.092121898215808,16.740652084350586,62100,0.0,0.0
2006-02-22 00:00:00-05:00,16.896718570848517,16.998976430554603,16.786387560134465,16.840208053588867,27600,0.0,0.0
2006-02-23 00:00:00-05:00,16.953240715719364,16.953240715719364,16.48769844033686,16.638395309448242,47400,0.0,0.0
2006-02-24 00:00:00-05:00,16.514620472112426,16.735281252020286,16.33432396201026,16.522693634033203,45000,0.0,0.0
2006-02-27 00:00:00-05:00,16.291257104112496,16.54959195162396,16.291257104112496,16.485008239746094,17400,0.0,0.0
2006-02-28 00:00:00-05:00,16.450031420965043,16.450031420965043,16.197078074804594,16.223987579345703,46500,0.0,0.0
2006-03-01 00:00:00-05:00,16.366595965268285,16.4150333404541,16.3477596359728,16.4150333404541,37500,0.0,0.0
2006-03-02 00:00:00-05:00,16.27242076557205,16.485008239746094,16.27242076557205,16.485008239746094,47700,0.0,0.0
2006-03-03 00:00:00-05:00,16.299336491665976,16.538835092195217,16.299336491665976,16.398902893066406,23100,0.0,0.0
2006-03-06 00:00:00-05:00,16.52806101616035,16.52806101616035,16.28856255111709,16.36121940612793,51900,0.0,0.0
2006-03-07 00:00:00-05:00,16.40697351173986,16.463484080010318,16.353152969702872,16.380064010620117,34500,0.0,0.0
2006-03-08 00:00:00-05:00,16.482317978334766,16.657231233128527,16.417732727583683,16.55766487121582,18300,0.0,0.0
2006-03-09 00:00:00-05:00,16.62225288522204,16.662617137593553,16.382754317677485,16.38813591003418,12300,0.0,0.0
2006-03-10 00:00:00-05:00,16.361230166513877,16.802553176879883,16.361230166513877,16.802553176879883,27300,0.0,0.0
2006-03-13 00:00:00-05:00,16.70836572529173,17.13085078176741,16.70836572529173,17.090486526489258,80400,0.0,0.0
2006-03-14 00:00:00-05:00,16.87251594273136,17.219654083251953,16.73796688462012,17.219654083251953,54900,0.0,0.0
2006-03-15 00:00:00-05:00,17.276165905147796,17.276165905147796,16.988229883718553,17.176599502563477,79200,0.0,0.0
2006-03-16 00:00:00-05:00,17.047428019395475,17.413402444909373,17.047428019395475,17.28423500061035,39600,0.0,0.0
2006-03-17 00:00:00-05:00,17.370344000421277,17.42416299083277,17.11470071637236,17.206193923950195,131700,0.0,0.0
2006-03-20 00:00:00-05:00,17.103930261855602,17.103930261855602,16.877888114212194,16.934398651123047,35100,0.0,0.0
2006-03-21 00:00:00-05:00,16.684139251708984,16.907489864395984,16.5495887233618,16.684139251708984,81300,0.0,0.0
2006-03-22 00:00:00-05:00,16.606111296363743,16.87521100818315,16.606111296363743,16.81869888305664,35700,0.0,0.0
2006-03-23 00:00:00-05:00,16.708369279242994,16.850991525986075,16.684151336843886,16.81869888305664,141000,0.0,0.0
2006-03-24 00:00:00-05:00,16.818698789123893,17.28424130336938,16.781026092313912,17.16314697265625,41100,0.0,0.0
2006-03-27 00:00:00-05:00,17.184668293810038,17.184668293810038,16.85905812342336,16.885969161987305,25200,0.0,0.0
2006-03-28 00:00:00-05:00,17.085096192263023,17.085096192263023,16.670682967036786,16.684139251708984,55800,0.0,0.0
2006-03-29 00:00:00-05:00,16.68415047663594,16.99630446327049,16.565746178396704,16.896738052368164,156000,0.0,0.0
2006-03-30 00:00:00-05:00,16.81600258091295,16.990917405313844,16.7433457012325,16.848295211791992,11700,0.0,0.0
2006-03-31 00:00:00-05:00,16.97477270018768,16.97477270018768,16.649162493656128,16.90749740600586,25500,0.0,0.0
2006-04-03 00:00:00-04:00,16.743342125305038,16.86174636017704,16.46886098064454,16.479625701904297,170400,0.0,0.0
2006-04-04 00:00:00-04:00,16.40428683391258,16.743351884368558,16.40428683391258,16.689531326293945,39600,0.0,0.0
2006-04-05 00:00:00-04:00,16.608793824987984,16.95055025762269,16.608793824987984,16.864437103271484,36300,0.0,0.0
2006-04-06 00:00:00-04:00,16.953249508865326,16.953249508865326,16.75949827068262,16.81869888305664,25800,0.0,0.0
2006-04-07 00:00:00-04:00,16.845604694998734,16.856367879430422,16.576505066839207,16.58188819885254,75300,0.0,0.0
2006-04-10 00:00:00-04:00,16.63571012815225,16.83215290667661,16.554980071517797,16.68145751953125,21600,0.0,0.0
2006-04-11 00:00:00-04:00,16.600725689469584,16.79447688081551,16.36660870421976,16.455411911010742,34200,0.0,0.0
2006-04-12 00:00:00-04:00,16.345077985579586,16.552282333374023,16.299330611257897,16.552282333374023,62100,0.0,0.0
2006-04-13 00:00:00-04:00,16.43388353161568,16.670690536499023,16.43388353161568,16.670690536499023,33900,0.0,0.0
2006-04-17 00:00:00-04:00,16.50923198488643,16.72451108023492,16.50923198488643,16.670690536499023,46200,0.0,0.0
2006-04-18 00:00:00-04:00,16.667998104030538,17.165829977784707,16.57381332093716,17.14699363708496,61800,0.0,0.0
2006-04-19 00:00:00-04:00,17.017827660300906,17.39725685119629,17.017827660300906,17.39725685119629,35400,0.0,0.0
2006-04-20 00:00:00-04:00,17.278857739850377,17.356896231200906,17.09586971132676,17.10394287109375,11700,0.0,0.0
2006-04-21 00:00:00-04:00,17.24656028501111,17.373037699647185,17.058190715840684,17.10931968688965,28500,0.0,0.0
2006-04-24 00:00:00-04:00,17.292308198111762,17.292308198111762,16.939788521427165,16.942480087280273,24000,0.0,0.0
2006-04-25 00:00:00-04:00,16.85635686858579,17.02050687242475,16.719116348045834,17.004362106323242,57600,0.0,0.0
2006-04-26 00:00:00-04:00,16.98015918553247,17.184675153307506,16.977469158460472,17.05550765991211,33300,0.0,0.0
2006-04-27 00:00:00-04:00,16.818698789123893,17.34613502203913,16.818698789123893,17.16314697265625,52200,0.0,0.0
2006-04-28 00:00:00-04:00,17.343428692389033,17.343428692389033,16.83483078059808,16.934398651123047,25800,0.0,0.0
2006-05-01 00:00:00-04:00,16.864443490345522,16.96400988990784,16.791786595573516,16.861753463745117,24900,0.0,0.0
2006-05-02 00:00:00-04:00,16.797172005649287,17.05550698217458,16.791788872123238,17.02321434020996,60600,0.0,0.0
2006-05-03 00:00:00-04:00,17.10124547223387,17.10124547223387,16.818691135944817,17.02051544189453,18900,0.0,0.0
2006-05-04 00:00:00-04:00,16.877901614105436,17.06626970787677,16.616873538081713,16.77833366394043,172800,0.0,0.0
2006-05-05 00:00:00-04:00,16.832138733539086,16.869812933552122,16.221282999874497,16.44732666015625,102300,0.0,0.0
2006-05-08 00:00:00-04:00,16.506538703443816,16.581887148884505,16.463482888848393,16.493083953857422,60300,0.0,0.0
2006-05-09 00:00:00-04:00,16.579193012042627,16.603412481420758,16.47962664870556,16.485008239746094,44100,0.0,0.0
2006-05-10 00:00:00-04:00,16.50387093406621,16.595483779907227,16.46614745337498,16.595483779907227,42300,0.026667,0.0
2006-05-11 00:00:00-04:00,16.49040226809727,16.62243372138254,16.19400604056958,16.530820846557617,65100,0.0,0.0
2006-05-12 00:00:00-04:00,16.52812608512178,16.560460948524696,16.331426444250443,16.485013961791992,66600,0.0,0.0
2006-05-15 00:00:00-04:00,16.293703400604848,16.379926099674172,16.024251876948167,16.247896194458008,118800,0.0,0.0
2006-05-16 00:00:00-04:00,16.27484008787905,16.33950826537482,16.180532136304674,16.22633934020996,29700,0.0,0.0
2006-05-17 00:00:00-04:00,16.167061822135615,16.23173000775171,16.010780759016175,16.035030364990234,65700,0.0,0.0
2006-05-18 00:00:00-04:00,16.04849848247007,16.156280305243,15.760187579980663,15.78443717956543,61800,0.0,0.0
2006-05-19 00:00:00-04:00,15.7386338579739,16.118560791015625,15.735940313918222,16.118560791015625,131400,0.0,0.0
2006-05-22 00:00:00-04:00,16.05927608695901,16.69248538323909,15.805992060084847,16.436506271362305,85200,0.0,0.0
2006-05-23 00:00:00-04:00,16.436504165568376,16.689789701803022,16.328725448241975,16.331418991088867,44400,0.0,0.0
2006-05-24 00:00:00-04:00,16.331425444815583,16.600876970042698,16.169754221317103,16.57662582397461,39600,0.0,0.0
2006-05-25 00:00:00-04:00,16.625123303734455,16.67901266809421,16.54698125851584,16.670928955078125,21600,0.0,0.0
2006-05-26 00:00:00-04:00,16.58202073529006,16.802971593893734,16.58202073529006,16.754470825195312,16800,0.0,0.0
2006-05-30 00:00:00-04:00,16.751762599237953,16.751762599237953,16.390698349414116,16.44458770751953,61800,0.0,0.0
2006-05-31 00:00:00-04:00,16.42572876725647,16.62242834059424,16.27753147237061,16.520036697387695,134100,0.0,0.0
2006-06-01 00:00:00-04:00,16.584702641583586,16.61164732035641,16.48500609667579,16.565841674804688,144000,0.0,0.0
2006-06-02 00:00:00-04:00,16.59548012566339,16.59548012566339,16.412252932516456,16.47692108154297,67200,0.0,0.0
2006-06-05 00:00:00-04:00,16.428429650513188,16.433818280528406,16.035030364990234,16.035030364990234,70800,0.0,0.0
2006-06-06 00:00:00-04:00,16.02963913119073,16.107779650057648,15.695520997352503,15.96227741241455,93000,0.0,0.0
2006-06-07 00:00:00-04:00,16.1104686882895,16.46344920433863,15.943408913172675,16.320640563964844,34200,0.0,0.0
2006-06-08 00:00:00-04:00,16.285619050280207,16.592792510986328,15.884136095251112,16.592792510986328,63000,0.0,0.0
2006-06-09 00:00:00-04:00,16.5469809410438,16.592788133319214,16.18322311316273,16.266752243041992,37200,0.0,0.0
2006-06-12 00:00:00-04:00,16.22094894414136,16.22094894414136,15.884134207284317,16.0754451751709,28200,0.0,0.0
2006-06-13 00:00:00-04:00,16.00000188035952,16.36376138633565,15.989224620380826,16.25867462158203,32400,0.0,0.0
2006-06-14 00:00:00-04:00,16.078140683246747,16.18322743670421,15.846412658691406,15.846412658691406,45000,0.0,0.0
2006-06-15 00:00:00-04:00,15.948804682397812,16.393399767587713,15.948804682397812,16.366455078125,42900,0.0,0.0
2006-06-16 00:00:00-04:00,16.288307927073554,16.307168895447433,15.924550107447917,16.27483558654785,214500,0.0,0.0
2006-06-19 00:00:00-04:00,16.28829982124219,16.28829982124219,15.676646923261606,15.811371803283691,90900,0.0,0.0
2006-06-20 00:00:00-04:00,15.733245215508937,15.873360386059991,15.660493315274312,15.692828178405762,90900,0.0,0.0
2006-06-21 00:00:00-04:00,15.8059931780712,15.89221740252625,15.68743564035088,15.746713638305664,54300,0.0,0.0
2006-06-22 00:00:00-04:00,15.679345862386883,15.784431017119367,15.660483356950946,15.760181427001953,33000,0.0,0.0
2006-06-23 00:00:00-04:00,15.862579083018442,16.220949897761336,15.45031889396921,15.946109771728516,467100,0.0,0.0
2006-06-26 00:00:00-04:00,15.919162776528083,16.269449859902494,15.919162776528083,16.183225631713867,180300,0.0,0.0
2006-06-27 00:00:00-04:00,16.25328057659997,16.544288084427922,15.886827648623326,16.220947265625,335400,0.0,0.0
2006-06-28 00:00:00-04:00,16.261363117750477,16.625122476317276,16.123943086937523,16.20477867126465,349800,0.0,0.0
2006-06-29 00:00:00-04:00,16.317945116708206,17.010433794712288,16.27483301710819,16.9215145111084,504900,0.0,0.0
2006-06-30 00:00:00-04:00,17.08319122386374,17.3310866482717,16.40148111945805,16.557762145996094,1095900,0.0,0.0
2006-07-03 00:00:00-04:00,16.43650747519938,16.792183172874534,16.250586683477888,16.716737747192383,345000,0.0,0.0
2006-07-05 00:00:00-04:00,16.525426301881872,16.757154284363587,16.40148013889879,16.652069091796875,268500,0.0,0.0
2006-07-06 00:00:00-04:00,16.77332761253614,16.89458027486692,16.428430602595693,16.466154098510742,162300,0.0,0.0
2006-07-07 00:00:00-04:00,16.393395022116728,16.595483218209736,16.21555642279611,16.266752243041992,39300,0.0,0.0
2006-07-10 00:00:00-04:00,16.274839878056724,16.611653105445157,16.23172776028203,16.34220314025879,71700,0.0,0.0
2006-07-11 00:00:00-04:00,16.388005595886277,16.417645363784516,16.09969471375292,16.253280639648438,47100,0.0,0.0
2006-07-12 00:00:00-04:00,16.1347282936299,16.1347282936299,15.706302106648616,15.735941886901855,96600,0.0,0.0
2006-07-13 00:00:00-04:00,15.695518436674416,15.76288014446073,15.547319595923202,15.65240478515625,56400,0.0,0.0
2006-07-14 00:00:00-04:00,15.668577031057174,15.746717561209996,15.417988009032985,15.692828178405762,97500,0.0,0.0
2006-07-17 00:00:00-04:00,15.566186714057931,15.921862530534659,15.517685956932873,15.722469329833984,100800,0.0,0.0
2006-07-18 00:00:00-04:00,15.800597563442354,15.981129646301268,15.614676854390208,15.98112964630127,91200,0.0,0.0
2006-07-19 00:00:00-04:00,15.991917566861778,16.638599395751953,15.962279332122355,16.638599395751953,86100,0.0,0.0
2006-07-20 00:00:00-04:00,16.48770623408846,16.63590355456588,15.641629801764092,15.649713516235352,100800,0.0,0.0
2006-07-21 00:00:00-04:00,15.873360182596056,16.299092776899258,15.776357136256225,16.23172950744629,194400,0.0,0.0
2006-07-24 00:00:00-04:00,16.315253655358205,16.33411616675336,16.03232986072666,16.220947265625,134700,0.0,0.0
2006-07-25 00:00:00-04:00,16.204779533657135,16.412256362416937,16.204779533657135,16.261363983154297,44700,0.0,0.0
2006-07-26 00:00:00-04:00,16.23441599894627,16.258667135448885,15.911075221297011,15.924549102783203,86100,0.0,0.0
2006-07-27 00:00:00-04:00,15.997310863438162,16.339512819893788,15.9299475815906,16.169757843017578,85800,0.0,0.0
2006-07-28 00:00:00-04:00,16.172443069238962,16.69248340267635,16.172443069238962,16.62781524658203,43500,0.0,0.0
2006-07-31 00:00:00-04:00,16.479624323324366,16.668240236802237,16.13742090170404,16.57662582397461,74100,0.0,0.0
2006-08-01 00:00:00-04:00,16.522732031529202,16.573926312093917,16.30178285744396,16.436506271362305,96000,0.0,0.0
2006-08-02 00:00:00-04:00,16.59299280924898,16.722498971082643,16.541729760543753,16.63346290588379,72300,0.026667,0.0
2006-08-03 00:00:00-04:00,16.630762806240405,16.717100231787313,16.417616322024628,16.498558044433594,165900,0.0,0.0
2006-08-04 00:00:00-04:00,16.560619260096804,16.93025363709928,16.385247257659323,16.552526473999023,141900,0.0,0.0
2006-08-07 00:00:00-04:00,16.428406217998006,16.698209850756545,16.220657019376922,16.695512771606445,103800,0.0,0.0
2006-08-08 00:00:00-04:00,16.727901500066185,17.00040239813894,16.582206636048358,16.584903717041016,125700,0.0,0.0
2006-08-09 00:00:00-04:00,16.72249942641808,16.72249942641808,16.31239656944483,16.344772338867188,100800,0.0,0.0
2006-08-10 00:00:00-04:00,16.271927853297008,16.29351221807085,16.161308948728287,16.215269088745117,105000,0.0,0.0
2006-08-11 00:00:00-04:00,16.16131124945915,16.33668327331543,16.147821212534495,16.33668327331543,40800,0.0,0.0
2006-08-14 00:00:00-04:00,16.409520716390833,16.458085128516974,16.285411834716797,16.285411834716797,59100,0.0,0.0
2006-08-15 00:00:00-04:00,16.4068267009815,16.735987785736494,16.293507659744687,16.71710205078125,38400,0.0,0.0
2006-08-16 00:00:00-04:00,16.779160826792832,17.011193128945536,16.779160826792832,16.989608764648438,50700,0.0,0.0
2006-08-17 00:00:00-04:00,16.903270212073572,17.307977402376746,16.903270212073572,17.305278778076172,49200,0.0,0.0
2006-08-18 00:00:00-04:00,17.267507535473854,17.267507535473854,17.067852544059818,17.22703742980957,44400,0.0,0.0
2006-08-21 00:00:00-04:00,17.21625631639668,17.21625631639668,16.922169358700476,16.97612953186035,54000,0.0,0.0
2006-08-22 00:00:00-04:00,16.99500888189961,16.997705962994747,16.77916365866423,16.862802505493164,63900,0.0,0.0
2006-08-23 00:00:00-04:00,16.992303868256236,17.08943271554998,16.541729392017757,16.622671127319336,71400,0.0,0.0
2006-08-24 00:00:00-04:00,16.700922195043418,16.8331270408907,16.547132979088577,16.706317901611328,201000,0.0,0.0
2006-08-25 00:00:00-04:00,16.70900532889579,16.803437077810287,16.493161772472615,16.78185272216797,198900,0.0,0.0
2006-08-28 00:00:00-04:00,16.7278995187327,16.800745398277677,16.587600377153613,16.65774917602539,89100,0.0,0.0
2006-08-29 00:00:00-04:00,16.730596919032415,16.973420639049408,16.539034714976435,16.9653263092041,78300,0.0,0.0
2006-08-30 00:00:00-04:00,16.87089960145475,17.132612228393555,16.87089960145475,17.132612228393555,45300,0.0,0.0
2006-08-31 00:00:00-04:00,17.18386213463397,17.348442662828738,17.051658913669637,17.065147399902344,82200,0.0,0.0
2006-09-01 00:00:00-04:00,17.310680312677547,17.310680312677547,17.021989194454655,17.048969268798828,38700,0.0,0.0
2006-09-05 00:00:00-04:00,17.135309066943655,17.413207266836782,17.135309066943655,17.321474075317383,41400,0.0,0.0
2006-09-06 00:00:00-04:00,17.116417993381834,17.32416730826206,17.116417993381834,17.251319885253906,56700,0.0,0.0
2006-09-07 00:00:00-04:00,17.18656239508004,17.248616848068647,17.032773258758098,17.051660537719727,48900,0.0,0.0
2006-09-08 00:00:00-04:00,16.9788209545634,17.162287318072732,16.81693741609202,16.87359619140625,49800,0.0,0.0
2006-09-11 00:00:00-04:00,16.706314241023662,16.93564793018678,16.706314241023662,16.854707717895508,27000,0.0,0.0
2006-09-12 00:00:00-04:00,16.94643456956993,17.202748233979474,16.822324128937563,17.178466796875,49200,0.0,0.0
2006-09-13 00:00:00-04:00,17.046272452960295,17.181175926670136,16.900577565901802,17.011198043823242,44400,0.0,0.0
2006-09-14 00:00:00-04:00,16.88168686846234,17.027381712781953,16.80883944630253,17.02198600769043,139500,0.0,0.0
2006-09-15 00:00:00-04:00,17.111020472755865,17.29178971515908,16.927554149736043,17.248620986938477,120900,0.0,0.0
2006-09-18 00:00:00-04:00,17.116418582261034,17.326866528876526,17.108324252333258,17.154190063476562,38400,0.0,0.0
2006-09-19 00:00:00-04:00,17.245926862599095,17.245926862599095,16.814237962557932,17.119117736816406,42900,0.0,0.0
2006-09-20 00:00:00-04:00,17.17577407117284,17.421296413141306,17.09483386125092,17.36733627319336,73200,0.0,0.0
2006-09-21 00:00:00-04:00,17.434788227471667,17.434788227471667,17.003099382879146,17.075946807861328,39600,0.0,0.0
2006-09-22 00:00:00-04:00,17.065155457339323,17.065155457339323,16.652355402089583,16.727901458740234,45600,0.0,0.0
2006-09-25 00:00:00-04:00,16.63346038088587,17.105619155793317,16.57950026023073,17.102920532226562,43200,0.0,0.0
2006-09-26 00:00:00-04:00,16.98691023558682,17.10022775252548,16.908665570825438,16.99770164489746,35400,0.0,0.0
2006-09-27 00:00:00-04:00,16.895187377929688,17.043580938715102,16.819642828305128,16.895187377929688,18900,0.0,0.0
2006-09-28 00:00:00-04:00,16.98421067145439,17.030078018074832,16.744084073474028,16.798044204711914,34800,0.0,0.0
2006-09-29 00:00:00-04:00,16.916767742728435,17.019293897889934,16.771072842639576,16.77916717529297,53400,0.0,0.0
2006-10-02 00:00:00-04:00,16.70901009449273,16.76566885123416,16.42571476695023,16.42841339111328,85500,0.0,0.0
2006-10-03 00:00:00-04:00,16.417626303972096,16.51475673868533,16.266535717401645,16.282724380493164,75600,0.0,0.0
2006-10-04 00:00:00-04:00,16.25843903407656,16.560620163507032,16.188290229274827,16.53903579711914,65100,0.0,0.0
2006-10-05 00:00:00-04:00,16.474271572991903,16.682022310038896,16.463480169003148,16.541723251342773,36600,0.0,0.0
2006-10-06 00:00:00-04:00,16.490476512290243,16.52555246948867,16.387951897783633,16.412233352661133,41400,0.0,0.0
2006-10-09 00:00:00-04:00,16.360972355585904,16.433819817161258,16.201787390489585,16.417631149291992,75300,0.0,0.0
2006-10-10 00:00:00-04:00,16.33938546804989,16.765677212115065,16.33938546804989,16.62537956237793,105900,0.0,0.0
2006-10-11 00:00:00-04:00,16.557920148161408,16.57680588646545,16.32319078423091,16.331283569335938,62700,0.0,0.0
2006-10-12 00:00:00-04:00,16.466188346681204,16.80344542192015,16.466188346681204,16.722503662109375,54300,0.0,0.0
2006-10-13 00:00:00-04:00,16.787259880676746,16.94104909851147,16.71441243769377,16.82233428955078,69000,0.0,0.0
2006-10-16 00:00:00-04:00,16.89787686266684,16.89787686266684,16.752182006835938,16.752182006835938,35700,0.0,0.0
2006-10-17 00:00:00-04:00,16.679337839490792,16.911370204308533,16.679337839490792,16.77646827697754,51000,0.0,0.0
2006-10-18 00:00:00-04:00,16.895176535902532,16.99770264959062,16.75218031915437,16.827726364135742,78900,0.0,0.0
2006-10-19 00:00:00-04:00,16.81423461020327,17.01658821105957,16.75487876843598,17.01658821105957,28800,0.0,0.0
2006-10-20 00:00:00-04:00,17.070555350256253,17.11102546583413,16.932954795921148,16.973424911499023,53700,0.0,0.0
2006-10-23 00:00:00-04:00,16.89248892836554,16.981523513793945,16.88709167652913,16.981523513793945,16800,0.0,0.0
2006-10-24 00:00:00-04:00,16.846609531930895,17.019284415432864,16.838515203787335,16.92755126953125,34500,0.0,0.0
2006-10-25 00:00:00-04:00,16.97341954288707,17.434787051260628,16.784557519423856,17.31067657470703,733800,0.0,0.0
2006-10-26 00:00:00-04:00,17.251319772852888,17.402410323039124,17.227036784063213,17.397014617919922,37500,0.0,0.0
2006-10-27 00:00:00-04:00,17.402403858099696,17.413195264329126,17.232427631224144,17.272897720336914,20100,0.0,0.0
2006-10-30 00:00:00-05:00,17.29178946156469,17.469860076904297,17.14339753942093,17.469860076904297,47700,0.0,0.0
2006-10-31 00:00:00-05:00,17.531921540937216,17.537318791441052,17.245929017672093,17.386226654052734,42600,0.0,0.0
2006-11-01 00:00:00-05:00,17.39431093859267,17.47255404350766,17.05165983364858,17.081336975097656,123000,0.0,0.0
2006-11-02 00:00:00-05:00,16.99770047693312,17.251317104331033,16.916758737323526,17.162281036376953,60000,0.0,0.0
2006-11-03 00:00:00-05:00,17.18387341337673,17.37813275275774,17.024688483960016,17.24323081970215,89400,0.0,0.0
2006-11-06 00:00:00-05:00,17.240532590208982,17.504942299425156,17.18927105866302,17.475263595581055,74700,0.0,0.0
2006-11-07 00:00:00-05:00,17.442881003651852,17.577784442938874,17.2027543638031,17.259414672851562,58800,0.0,0.0
2006-11-08 00:00:00-05:00,17.170268328402,17.543066024780273,17.162163862636298,17.543066024780273,120600,0.026667,0.0
2006-11-09 00:00:00-05:00,17.38367962792422,17.494437039391684,17.351261768921045,17.42690086364746,99000,0.0,0.0
2006-11-10 00:00:00-05:00,17.426899410275574,17.75917625427246,17.410692027894246,17.75917625427246,42900,0.0,0.0
2006-11-13 00:00:00-05:00,17.748370917278024,17.96178436279297,17.694341668593843,17.96178436279297,82500,0.0,0.0
2006-11-14 00:00:00-05:00,17.96179076858359,17.964492773000426,17.670036122330156,17.81321144104004,154200,0.0,0.0
2006-11-15 00:00:00-05:00,17.853727411193177,17.96178436279297,17.751072920731232,17.96178436279297,90600,0.0,0.0
2006-11-16 00:00:00-05:00,17.991512936613553,18.075256553641843,17.79971074582604,17.978004455566406,73200,0.0,0.0
2006-11-17 00:00:00-05:00,17.977994671428622,17.977994671428622,17.69164408953885,17.76998519897461,126000,0.0,0.0
2006-11-20 00:00:00-05:00,17.6997581881569,17.978004455566406,17.6997581881569,17.978004455566406,52200,0.0,0.0
2006-11-21 00:00:00-05:00,17.886148980152996,17.91586484379688,17.715959811031503,17.788898468017578,59400,0.0,0.0
2006-11-22 00:00:00-05:00,17.82942000787409,17.96989331926675,17.79159967566488,17.856433868408203,66600,0.0,0.0
2006-11-24 00:00:00-05:00,17.66463329453928,17.856433868408203,17.66463329453928,17.856433868408203,41700,0.0,0.0
2006-11-27 00:00:00-05:00,17.694334714060908,17.842913930218806,17.445804595947266,17.445804595947266,129600,0.0,0.0
2006-11-28 00:00:00-05:00,17.43770309429739,17.57007341011152,17.40528678894043,17.40528678894043,111900,0.0,0.0
2006-11-29 00:00:00-05:00,17.437715346545872,17.564681745870626,17.305344937724428,17.53496742248535,185400,0.0,0.0
2006-11-30 00:00:00-05:00,17.453925523063813,17.556580070021138,17.397195785474086,17.443119049072266,108300,0.0,0.0
2006-12-01 00:00:00-05:00,17.429608018776886,17.462025887361726,17.343162430242717,17.45932388305664,71400,0.0,0.0
2006-12-04 00:00:00-05:00,17.453918274649453,17.73216438293457,17.426902873774484,17.73216438293457,57300,0.0,0.0
2006-12-05 00:00:00-05:00,17.76187833447421,17.945574368405833,17.740265399668576,17.867233276367188,41100,0.0,0.0
2006-12-06 00:00:00-05:00,17.805104658188313,17.872640847904737,17.67813829095187,17.748374938964844,41700,0.0,0.0
2006-12-07 00:00:00-05:00,17.815910970786014,17.82671744118319,17.507947432346647,17.513351440429688,49800,0.0,0.0
2006-12-08 00:00:00-05:00,17.521457723393222,17.56467897215636,17.343162536621094,17.343162536621094,29400,0.0,0.0
2006-12-11 00:00:00-05:00,17.321543450092012,17.451211776127128,17.291827598821254,17.370168685913086,47100,0.0,0.0
2006-12-12 00:00:00-05:00,17.426907715388307,17.49984638105417,17.326955187111153,17.44852066040039,38700,0.0,0.0
2006-12-13 00:00:00-05:00,17.491736793129014,17.626809158187008,17.345861050265633,17.61330223083496,107400,0.0,0.0
2006-12-14 00:00:00-05:00,17.55117377564791,17.740272344422795,17.55117377564791,17.64031982421875,37200,0.0,0.0
2006-12-15 00:00:00-05:00,17.718663108846943,17.72406711820745,17.39719411151381,17.40799903869629,111900,0.0,0.0
2006-12-18 00:00:00-05:00,17.36747334364439,17.52415556397426,17.156761865336286,17.205387115478516,60600,0.0,0.0
2006-12-19 00:00:00-05:00,17.14326333264926,17.418809128009695,17.018997369635983,17.397197723388672,102600,0.0,0.0
2006-12-20 00:00:00-05:00,17.372876240991875,17.645719904330704,17.372876240991875,17.55657386779785,46200,0.0,0.0
2006-12-21 00:00:00-05:00,17.54847400216705,17.78619940485887,17.545771997472986,17.686246871948242,49800,0.0,0.0
2006-12-22 00:00:00-05:00,17.62681637406596,17.74838031576771,17.570086637656438,17.594398498535156,19500,0.0,0.0
2006-12-26 00:00:00-05:00,17.545770922158855,17.92397117614746,17.545770922158855,17.92397117614746,64800,0.0,0.0
2006-12-27 00:00:00-05:00,17.92396882733501,18.318376419502506,17.92396882733501,18.237333297729492,46800,0.0,0.0
2006-12-28 00:00:00-05:00,18.28325427344104,18.442638479506268,18.23732948668711,18.369701385498047,15900,0.0,0.0
2006-12-29 00:00:00-05:00,18.39131238886447,18.442639640299834,18.07794796423014,18.08064842224121,44700,0.0,0.0
2007-01-03 00:00:00-05:00,17.942874410267972,18.337283464477814,17.869935770732848,18.083349227905273,93600,0.0,0.0
2007-01-04 00:00:00-05:00,18.01581052189442,18.210313018106703,17.878037727189668,18.188701629638672,46500,0.0,0.0
2007-01-05 00:00:00-05:00,18.06713967601015,18.06713967601015,17.55927276611328,17.55927276611328,33000,0.0,0.0
2007-01-08 00:00:00-05:00,17.5592771324241,17.894252999563307,17.435009672462147,17.859134674072266,42300,0.0,0.0
2007-01-09 00:00:00-05:00,17.826710282954107,17.826710282954107,17.475524095480946,17.70514488220215,85200,0.0,0.0
2007-01-10 00:00:00-05:00,17.57008390448622,17.761886031411866,17.497145241657503,17.751079559326172,49800,0.0,0.0
2007-01-11 00:00:00-05:00,17.81861248511483,18.080649676491248,17.67543564445838,17.80780601501465,64200,0.0,0.0
2007-01-12 00:00:00-05:00,17.7456671749321,17.78078548448069,17.456614689684194,17.5700740814209,74700,0.0,0.0
2007-01-16 00:00:00-05:00,17.686237449991904,17.686237449991904,17.289126443057118,17.318843841552734,36300,0.0,0.0
2007-01-17 00:00:00-05:00,17.28373820508924,17.305348063902564,16.775869424506087,16.79477882385254,190200,0.0,0.0
2007-01-18 00:00:00-05:00,16.778556163218326,16.937940334901214,16.61376953125,16.61376953125,81300,0.0,0.0
2007-01-19 00:00:00-05:00,16.584057835063735,16.802873762001248,16.584057835063735,16.74884605407715,68100,0.0,0.0
2007-01-22 00:00:00-05:00,16.654281200528985,16.727219784710833,16.454376367300203,16.56243324279785,53400,0.0,0.0
2007-01-23 00:00:00-05:00,16.527328247033672,16.90282638468165,16.519223781630707,16.875812530517578,78600,0.0,0.0
2007-01-24 00:00:00-05:00,16.908231008969196,17.06221277978278,16.783965099844313,16.99467658996582,65400,0.0,0.0
2007-01-25 00:00:00-05:00,16.9001181549446,16.9001181549446,16.55433600257093,16.63267707824707,27000,0.0,0.0
2007-01-26 00:00:00-05:00,16.859606729073057,18.05904000750531,16.859606729073057,18.040130615234375,240900,0.0,0.0
2007-01-29 00:00:00-05:00,18.029318302502947,18.49396236390594,17.95367767287434,18.275146484375,150900,0.0,0.0
2007-01-30 00:00:00-05:00,18.19950433135443,18.572301864624023,18.188697866472012,18.572301864624023,72000,0.0,0.0
2007-01-31 00:00:00-05:00,18.469666377887183,18.77492807009602,18.302176047641407,18.745210647583008,89100,0.0,0.0
2007-02-01 00:00:00-05:00,18.758703509929546,18.89647630294843,18.71277873033378,18.78841781616211,48000,0.0,0.0
2007-02-02 00:00:00-05:00,18.788422438812727,19.139608742852122,18.788422438812727,19.096385955810547,76800,0.0,0.0
2007-02-05 00:00:00-05:00,19.072073881799778,19.109894209527614,18.828946074263083,18.842453002929688,78300,0.0,0.0
2007-02-06 00:00:00-05:00,18.909984240744638,19.015340738600642,18.774914978403345,18.907283782958984,66900,0.0,0.0
2007-02-07 00:00:00-05:00,18.896484008336117,18.950511727991653,18.815440883083763,18.939706802368164,115500,0.0,0.0
2007-02-08 00:00:00-05:00,18.661452966874496,18.75060052993198,18.642542034594616,18.677661895751953,41100,0.0,0.0
2007-02-09 00:00:00-05:00,18.612824940959552,18.707373405137446,18.404813991616926,18.458843231201172,149100,0.0,0.0
2007-02-12 00:00:00-05:00,18.523678340449276,18.70197344902218,18.41832340464851,18.696569442749023,29100,0.0,0.0
2007-02-13 00:00:00-05:00,18.753303866453823,18.93159901993953,18.70737907617379,18.845151901245117,38700,0.0,0.0
2007-02-14 00:00:00-05:00,18.845151069584407,18.907354571844436,18.690992545448744,18.739673614501953,24300,0.026667,0.0
2007-02-15 00:00:00-05:00,18.753198112707718,18.864084243774414,18.57740491411839,18.864084243774414,39300,0.0,0.0
2007-02-16 00:00:00-05:00,18.864080531045172,18.904647827148438,18.674763387476958,18.904647827148438,38400,0.0,0.0
2007-02-20 00:00:00-05:00,18.753200631703898,18.988495360138742,18.674769571406834,18.953336715698242,41100,0.0,0.0
2007-02-21 00:00:00-05:00,18.845159648039754,18.855976980512025,18.59904598999571,18.661251068115234,132900,0.0,0.0
2007-02-22 00:00:00-05:00,18.653132816367446,18.680177688598633,18.49897425907116,18.680177688598633,218700,0.0,0.0
2007-02-23 00:00:00-05:00,18.580106170155165,18.582811275776507,18.36915281044506,18.466516494750977,108000,0.0,0.0
2007-02-26 00:00:00-05:00,18.431363526568745,18.447591070199834,18.282613622523314,18.35022735595703,71400,0.0,0.0
2007-02-27 00:00:00-05:00,18.255563638069013,18.34481355551343,18.214996337890625,18.214996337890625,78000,0.0,0.0
2007-02-28 00:00:00-05:00,18.214994536678642,18.306948003182704,18.14467572342904,18.147380828857422,363600,0.0,0.0
2007-03-01 00:00:00-05:00,18.150086003238524,18.534127408197755,18.095994727267424,18.44758415222168,69900,0.0,0.0
2007-03-02 00:00:00-05:00,18.285316288552004,18.31777137148261,17.925613007940914,17.936431884765625,56700,0.0,0.0
2007-03-05 00:00:00-05:00,17.922902424573387,17.922902424573387,17.376588821411133,17.376588821411133,61800,0.0,0.0
2007-03-06 00:00:00-05:00,17.5009977273906,17.968881906751342,17.44149933801479,17.949949264526367,79800,0.0,0.0
2007-03-07 00:00:00-05:00,18.020272033266714,18.020272033266714,17.63893408499018,17.78497886657715,79200,0.0,0.0
2007-03-08 00:00:00-05:00,17.855287153737294,17.985105875598062,17.69842512165543,17.714651107788086,60000,0.0,0.0
2007-03-09 00:00:00-05:00,17.817423424342184,17.94994570345367,17.606471676732557,17.714651107788086,31800,0.0,0.0
2007-03-12 00:00:00-04:00,17.563200681356527,17.720062725907034,17.455018146616208,17.684904098510742,53400,0.0,0.0
2007-03-13 00:00:00-04:00,17.64975156374284,17.752523932953896,17.006074024399354,17.052051544189453,113400,0.0,0.0
2007-03-14 00:00:00-04:00,16.96009594858912,17.18457175979525,16.732915031539,17.111549377441406,147600,0.0,0.0
2007-03-15 00:00:00-04:00,17.125065379897165,17.511811802994036,17.125065379897165,17.490177154541016,89100,0.0,0.0
2007-03-16 00:00:00-04:00,17.487485582530546,17.487485582530546,17.106145978901704,17.198101043701172,192000,0.0,0.0
2007-03-19 00:00:00-04:00,17.068279815104255,17.611890114631834,17.068279815104255,17.40634536743164,78600,0.0,0.0
2007-03-20 00:00:00-04:00,17.25759246267754,17.647044098968536,17.25759246267754,17.60106658935547,33900,0.0,0.0
2007-03-21 00:00:00-04:00,17.617298428797305,18.269089753989768,17.536162264542487,18.090591430664062,64500,0.0,0.0
2007-03-22 00:00:00-04:00,18.18524959048579,18.18524959048579,17.693025499486314,17.717365264892578,102000,0.0,0.0
2007-03-23 00:00:00-04:00,17.720069154339004,17.739000253637723,17.590251922607422,17.590251922607422,86400,0.0,0.0
2007-03-26 00:00:00-04:00,17.592961547108857,17.709257931620478,17.528052908862563,17.655166625976562,62700,0.0,0.0
2007-03-27 00:00:00-04:00,17.617303019166435,17.836370255471575,17.514530620834837,17.555099487304688,38700,0.0,0.0
2007-03-28 00:00:00-04:00,17.495593843818178,17.601069767362755,17.373890378945656,17.479366302490234,27900,0.0,0.0
2007-03-29 00:00:00-04:00,17.62811633866295,17.62811633866295,17.065573432237855,17.2711181640625,66000,0.0,0.0
2007-03-30 00:00:00-04:00,17.363075208450404,17.455028716364158,17.17646308597632,17.43880271911621,113700,0.0,0.0
2007-04-02 00:00:00-04:00,17.441488616910586,17.441488616910586,17.222421646118164,17.222421646118164,69600,0.0,0.0
2007-04-03 00:00:00-04:00,17.336021896336735,17.833654496630917,17.336021896336735,17.73358726501465,147000,0.0,0.0
2007-04-04 00:00:00-04:00,17.625409989034118,17.784977191286384,17.51722896611253,17.61729621887207,50700,0.0,0.0
2007-04-05 00:00:00-04:00,17.530750274658203,17.657862388098767,17.446909020063867,17.530750274658203,38400,0.0,0.0
2007-04-09 00:00:00-04:00,17.57672706697023,17.57672706697023,17.21432029141325,17.217023849487305,61800,0.0,0.0
2007-04-10 00:00:00-04:00,17.322497934514352,17.395520296549662,17.21161183891574,17.25758934020996,38400,0.0,0.0
2007-04-11 00:00:00-04:00,17.21161845466346,17.35495812873924,17.008778826052506,17.07098388671875,78300,0.0,0.0
2007-04-12 00:00:00-04:00,17.09261408308696,17.303567408372853,16.984431541492597,17.230545043945312,53100,0.0,0.0
2007-04-13 00:00:00-04:00,17.257595636333935,17.56591118487745,17.17916303550131,17.563207626342773,23700,0.0,0.0
2007-04-16 00:00:00-04:00,17.552386393145433,18.039201736450195,17.552386393145433,18.039201736450195,33300,0.0,0.0
2007-04-17 00:00:00-04:00,17.982412568403397,18.006752337342203,17.72818671502343,17.73089027404785,24300,0.0,0.0
2007-04-18 00:00:00-04:00,17.668683037169558,18.00404499412615,17.660569266714088,17.706546783447266,54300,0.0,0.0
2007-04-19 00:00:00-04:00,17.65245055511694,17.65245055511694,17.371179964080152,17.43608856201172,43500,0.0,0.0
2007-04-20 00:00:00-04:00,17.660570112395078,17.76875114440918,17.46043559005488,17.76875114440918,48900,0.0,0.0
2007-04-23 00:00:00-04:00,17.660563731767255,17.866108392104092,17.417156884562466,17.506406784057617,15000,0.0,0.0
2007-04-24 00:00:00-04:00,17.38470915970234,17.50100396969029,17.065574708809226,17.40634536743164,66000,0.0,0.0
2007-04-25 00:00:00-04:00,17.5009956465037,17.752516248294803,17.390109554297766,17.684904098510742,22800,0.0,0.0
2007-04-26 00:00:00-04:00,17.601065147682956,17.70654259108682,17.341430744755158,17.42527198791504,75600,0.0,0.0
2007-04-27 00:00:00-04:00,17.52534166132692,18.66124310610277,17.52534166132692,18.412425994873047,89700,0.0,0.0
2007-04-30 00:00:00-04:00,18.458405398503576,18.50979157994779,17.446910858154297,17.446910858154297,72000,0.0,0.0
2007-05-01 00:00:00-04:00,17.495591947450013,17.495591947450013,17.184571327579462,17.338729858398438,91500,0.0,0.0
2007-05-02 00:00:00-04:00,17.322504659898577,18.16090804872238,17.322504659898577,18.077068328857422,78900,0.0,0.0
2007-05-03 00:00:00-04:00,18.109522531721286,18.163613823739034,18.044613909826154,18.090591430664062,72000,0.0,0.0
2007-05-04 00:00:00-04:00,18.058128734859412,18.24744585581331,17.909380452705904,18.014856338500977,67200,0.0,0.0
2007-05-07 00:00:00-04:00,18.1825403352647,18.1825403352647,17.912088586072663,17.960769653320312,61500,0.0,0.0
2007-05-08 00:00:00-04:00,17.939130702861483,17.966175564128246,17.693018751230767,17.963470458984375,84900,0.0,0.0
2007-05-09 00:00:00-04:00,18.02847816892143,18.058272994916074,17.795537929237152,17.93096923828125,63600,0.033333,0.0
2007-05-10 00:00:00-04:00,17.909308870951644,17.93368534018313,17.26736831665039,17.26736831665039,122100,0.0,0.0
2007-05-11 00:00:00-04:00,17.400080722681057,17.706153407740025,17.400080722681057,17.6953182220459,47400,0.0,0.0
2007-05-14 00:00:00-04:00,17.611351422601857,17.784703552965468,17.47321248504159,17.616769790649414,67200,0.0,0.0
2007-05-15 00:00:00-04:00,17.71157665580293,17.86325846145389,17.35133101123958,17.35945701599121,68100,0.0,0.0
2007-05-16 00:00:00-04:00,17.421751716470926,17.61135276593353,17.3161152297562,17.595102310180664,56400,0.0,0.0
2007-05-17 00:00:00-04:00,17.67365533935056,17.7413694606562,17.20235792562962,17.302576065063477,43500,0.0,0.0
2007-05-18 00:00:00-04:00,17.310700174472824,17.59239491794511,17.2429845107036,17.443422317504883,39600,0.0,0.0
2007-05-21 00:00:00-04:00,17.307990814272905,17.844294650216455,17.307990814272905,17.836170196533203,55500,0.0,0.0
2007-05-22 00:00:00-04:00,17.73324781041454,18.174750460631408,17.622194464083186,18.071823120117188,69900,0.0,0.0
2007-05-23 00:00:00-04:00,18.098912808041042,18.242470209646797,17.803675096955683,17.855138778686523,69900,0.0,0.0
2007-05-24 00:00:00-04:00,17.706157037132765,17.93367893470658,17.54364006754288,17.71969985961914,66300,0.0,0.0
2007-05-25 00:00:00-04:00,17.64656399545445,17.814496201994345,17.5598887082559,17.67635726928711,61200,0.0,0.0
2007-05-29 00:00:00-04:00,17.817205341936738,18.07994038681236,17.727822420906644,17.98784828186035,110100,0.0,0.0
2007-05-30 00:00:00-04:00,17.825329107733207,18.2505794874213,17.619474552030024,18.123275756835938,115200,0.0,0.0
2007-05-31 00:00:00-04:00,18.234338781626374,18.234338781626374,17.670949185774848,17.906597137451172,82500,0.0,0.0
2007-06-01 00:00:00-04:00,17.939104345932467,18.26684449846732,17.939104345932467,18.21267318725586,55500,0.0,0.0
2007-06-04 00:00:00-04:00,18.174748441582015,18.18558208154992,17.939100498571932,18.06098747253418,33300,0.0,0.0
2007-06-05 00:00:00-04:00,17.94180037494234,18.18286658356759,17.814495086170584,17.949926376342773,186300,0.0,0.0
2007-06-06 00:00:00-04:00,17.901185270903028,18.177463325097584,17.768463065487865,18.147666931152344,49200,0.0,0.0
2007-06-07 00:00:00-04:00,18.069111614362644,18.15036855537452,17.61948150476219,17.925554275512695,88200,0.0,0.0
2007-06-08 00:00:00-04:00,17.90388055921173,18.079940316417282,17.711570348167125,17.800954818725586,140700,0.0,0.0
2007-06-11 00:00:00-04:00,17.784715210026352,17.809093232589696,17.58156967163086,17.58156967163086,51900,0.0,0.0
2007-06-12 00:00:00-04:00,17.584263871457292,17.646562698224294,17.32153039512344,17.394662857055664,171600,0.0,0.0
2007-06-13 00:00:00-04:00,17.46780012563007,17.4705077602283,17.324242796115886,17.32695198059082,153900,0.0,0.0
2007-06-14 00:00:00-04:00,17.267363767810476,17.568019724772277,17.267363767810476,17.456966400146484,180000,0.0,0.0
2007-06-15 00:00:00-04:00,17.199654180032667,17.511142308228678,17.199654180032667,17.26736831665039,342300,0.0,0.0
2007-06-18 00:00:00-04:00,17.229451930634898,17.40009500881813,17.202366268975787,17.253829956054688,86400,0.0,0.0
2007-06-19 00:00:00-04:00,17.335071868722395,17.362159056707675,17.2348537678181,17.32965660095215,249600,0.0,0.0
2007-06-20 00:00:00-04:00,17.318823124351002,17.364869953580012,17.199645374988336,17.259233474731445,101700,0.0,0.0
2007-06-21 00:00:00-04:00,17.199641622885995,17.578845160727337,17.199641622885995,17.440706253051758,207300,0.0,0.0
2007-06-22 00:00:00-04:00,17.494891164302715,17.494891164302715,17.134645462036133,17.134645462036133,292500,0.0,0.0
2007-06-25 00:00:00-04:00,17.145474828916143,17.402793100264486,17.004626688302842,17.351327896118164,159900,0.0,0.0
2007-06-26 00:00:00-04:00,17.408205944068996,17.438000768699343,17.126512801839738,17.24839973449707,188700,0.0,0.0
2007-06-27 00:00:00-04:00,17.24839980711418,17.633021795039195,17.047962036018557,17.616769790649414,95100,0.0,0.0
2007-06-28 00:00:00-04:00,17.63302088936244,17.846999919957117,17.39737148744347,17.68990135192871,104700,0.0,0.0
2007-06-29 00:00:00-04:00,17.787420518509155,17.836176557256238,17.589693377584812,17.722414016723633,132300,0.0,0.0
2007-07-02 00:00:00-04:00,17.773877691038496,17.82263217990832,17.584275006694742,17.722414016723633,90300,0.0,0.0
2007-07-03 00:00:00-04:00,17.668237004012518,17.668237004012518,17.35403823852539,17.35403823852539,80100,0.0,0.0
2007-07-05 00:00:00-04:00,17.364873365746572,17.4434226693724,17.121097901185973,17.207773208618164,163800,0.0,0.0
2007-07-06 00:00:00-04:00,17.188815372133732,17.6059414953809,17.188815372133732,17.524682998657227,63600,0.0,0.0
2007-07-09 00:00:00-04:00,17.532803736112204,17.63302184701721,17.511133363610984,17.6221866607666,90900,0.0,0.0
2007-07-10 00:00:00-04:00,17.60052042311546,17.60052042311546,17.094011426136337,17.24569320678711,162900,0.0,0.0
2007-07-11 00:00:00-04:00,17.161724444618397,17.286319011411663,16.996499867021726,17.24839973449707,133200,0.0,0.0
2007-07-12 00:00:00-04:00,17.131939465692557,17.592403411865234,17.031721288843187,17.592403411865234,126000,0.0,0.0
2007-07-13 00:00:00-04:00,17.519264081321367,17.63302659312911,17.32966299472886,17.54905891418457,90000,0.0,0.0
2007-07-16 00:00:00-04:00,17.435300226267504,17.549061203035752,17.278200037055516,17.454259872436523,87000,0.0,0.0
2007-07-17 00:00:00-04:00,17.484051209903797,17.63031617926191,17.351329063652653,17.49488639831543,174300,0.0,0.0
2007-07-18 00:00:00-04:00,17.432589407909152,17.538224369314666,17.153603812478014,17.348623275756836,111600,0.0,0.0
2007-07-19 00:00:00-04:00,17.47593013567038,17.52739380791979,17.251115798950195,17.251115798950195,75000,0.0,0.0
2007-07-20 00:00:00-04:00,17.213192173828837,17.264657387644203,16.52791563274439,16.815027236938477,106800,0.0,0.0
2007-07-23 00:00:00-04:00,16.850245577034787,16.909833714078033,16.481873812367457,16.49541664123535,112200,0.0,0.0
2007-07-24 00:00:00-04:00,16.438526171234432,16.498115822018182,15.734288648032377,15.785752296447754,171000,0.0,0.0
2007-07-25 00:00:00-04:00,15.940150007892857,16.14329550370298,15.848056308544122,15.932024002075195,119100,0.0,0.0
2007-07-26 00:00:00-04:00,15.766793602082773,15.766793602082773,15.203402619842908,15.671992301940918,119700,0.0,0.0
2007-07-27 00:00:00-04:00,15.411971135273342,15.62865944492497,14.93525530416271,14.943381309509277,296700,0.0,0.0
2007-07-30 00:00:00-04:00,14.935253810150982,15.011095485880938,14.469374765941575,14.667101860046387,184500,0.0,0.0
2007-07-31 00:00:00-04:00,14.656261923690296,15.157353955549565,14.634593104202484,14.956917762756348,267000,0.0,0.0
2007-08-01 00:00:00-04:00,14.913578641775453,15.298202126779822,14.908161824347903,15.252155303955078,183600,0.0,0.0
2007-08-02 00:00:00-04:00,15.268417960418656,15.303628073205463,15.059854070221673,15.295503616333008,144600,0.0,0.0
2007-08-03 00:00:00-04:00,15.25758413922076,15.439060839934141,14.77545136125732,14.862128257751465,294600,0.0,0.0
2007-08-06 00:00:00-04:00,15.032766549666857,15.160071906452716,14.626475561838022,15.081521034240723,199200,0.0,0.0
2007-08-07 00:00:00-04:00,14.93795483303734,15.439046806394511,14.93795483303734,15.433629989624023,155100,0.0,0.0
2007-08-08 00:00:00-04:00,15.5937235529077,16.111975658357263,15.458054145609848,15.970881462097168,234300,0.033333,0.0
2007-08-09 00:00:00-04:00,15.704971782399882,16.130971457120285,15.471621998117698,15.588296890258789,108300,0.0,0.0
2007-08-10 00:00:00-04:00,15.477048584101086,16.415875630623834,15.477048584101086,16.32633399963379,82800,0.0,0.0
2007-08-13 00:00:00-04:00,16.410457921164404,16.670941133785675,15.873210906982422,15.873210906982422,123300,0.0,0.0
2007-08-14 00:00:00-04:00,16.12283347948226,16.163533379161677,15.534031039762121,15.672412872314453,61500,0.0,0.0
2007-08-15 00:00:00-04:00,15.56387482848349,16.301909997638365,15.479759555740852,15.756523132324219,84600,0.0,0.0
2007-08-16 00:00:00-04:00,15.770094983721316,17.20817985843115,15.732109031297812,16.812028884887695,130800,0.0,0.0
2007-08-17 00:00:00-04:00,17.452386713209656,18.670688596108615,17.452386713209656,18.263683319091797,362700,0.0,0.0
2007-08-20 00:00:00-04:00,18.18227673020098,18.431907099965485,17.845818675753424,18.005908966064453,146700,0.0,0.0
2007-08-21 00:00:00-04:00,17.870240076071756,18.407486779185675,17.579909802698086,17.696584701538086,87900,0.0,0.0
2007-08-22 00:00:00-04:00,17.90551897097702,18.190421409724667,17.246169334613434,17.417112350463867,178800,0.0,0.0
2007-08-23 00:00:00-04:00,17.533791559614905,17.533791559614905,17.026391836700093,17.029104232788086,78300,0.0,0.0
2007-08-24 00:00:00-04:00,17.026377244226506,17.303139221942725,16.798453880259206,16.985675811767578,65700,0.0,0.0
2007-08-27 00:00:00-04:00,16.898860355543867,17.343853171782015,16.809318692111244,17.010108947753906,30900,0.0,0.0
2007-08-28 00:00:00-04:00,16.885292348365983,16.99653937894285,16.44572591185619,16.491853713989258,78900,0.0,0.0
2007-08-29 00:00:00-04:00,16.55153826944393,16.55153826944393,16.31276374503905,16.535259246826172,102900,0.0,0.0
2007-08-30 00:00:00-04:00,16.31819949223778,16.584108979486448,16.19067031631295,16.33176612854004,69600,0.0,0.0
2007-08-31 00:00:00-04:00,16.603103852189676,16.603103852189676,16.25579143481537,16.345333099365234,76200,0.0,0.0
2007-09-04 00:00:00-04:00,16.483707900106854,17.026382446289062,16.329045514710803,17.026382446289062,83700,0.0,0.0
2007-09-05 00:00:00-04:00,16.89071642476361,16.974830173431496,16.75504698467764,16.879863739013672,88500,0.0,0.0
2007-09-06 00:00:00-04:00,16.901564078158618,17.020952901470586,16.38059805483633,16.643795013427734,51900,0.0,0.0
2007-09-07 00:00:00-04:00,16.342624412788766,16.784903386603613,16.307349286552387,16.410457611083984,61800,0.0,0.0
2007-09-10 00:00:00-04:00,16.478279685484683,16.64650868252504,16.07127459840682,16.301910400390625,53700,0.0,0.0
2007-09-11 00:00:00-04:00,16.413158037886884,16.676354977721175,16.24492905002784,16.535259246826172,89100,0.0,0.0
2007-09-12 00:00:00-04:00,16.407741554065254,16.719778854413352,16.407741554065254,16.554262161254883,163500,0.0,0.0
2007-09-13 00:00:00-04:00,16.668215877996424,16.871718424931846,16.34803690207808,16.643795013427734,38100,0.0,0.0
2007-09-14 00:00:00-04:00,16.418596362192524,16.996543230878142,16.418596362192524,16.82288932800293,51000,0.0,0.0
2007-09-17 00:00:00-04:00,16.809314545607553,17.023671384783537,16.516271855700825,16.594959259033203,58800,0.0,0.0
2007-09-18 00:00:00-04:00,16.717059652922273,17.715578079223633,16.518983404609738,17.715578079223633,95400,0.0,0.0
2007-09-19 00:00:00-04:00,17.73186280511827,18.30167081346134,17.566347677872606,18.0601806640625,92400,0.0,0.0
2007-09-20 00:00:00-04:00,17.95435469083691,18.114441874666646,17.677591059969373,17.938074111938477,35700,0.0,0.0
2007-09-21 00:00:00-04:00,17.984199992647333,18.041182017663772,17.62332263228464,17.796977996826172,105900,0.0,0.0
2007-09-24 00:00:00-04:00,17.61789435330026,17.76441643917322,17.05351448059082,17.05351448059082,41400,0.0,0.0
2007-09-25 00:00:00-04:00,16.98025349514869,17.086074139414546,16.711630187672476,16.988393783569336,47100,0.0,0.0
2007-09-26 00:00:00-04:00,17.170196498249425,17.566349120024825,17.020961942442227,17.297725677490234,68400,0.0,0.0
2007-09-27 00:00:00-04:00,17.224459097935448,17.482229769884164,17.2217467030317,17.4415283203125,42900,0.0,0.0
2007-09-28 00:00:00-04:00,17.395400826562582,17.59890340194183,16.744191653788135,16.931413650512695,50100,0.0,0.0
2007-10-01 00:00:00-04:00,16.85815022902777,18.016758703703136,16.85815022902777,17.978771209716797,80700,0.0,0.0
2007-10-02 00:00:00-04:00,17.965205780050862,18.323370721010566,17.878378103769883,18.285383224487305,75000,0.0,0.0
2007-10-03 00:00:00-04:00,18.14429851326031,18.14429851326031,17.780705487983806,17.878387451171875,49500,0.0,0.0
2007-10-04 00:00:00-04:00,17.98419755097164,18.043893515179786,17.688440992466255,17.978771209716797,31800,0.0,0.0
2007-10-05 00:00:00-04:00,18.04388981880853,18.415619736534843,17.845812101271076,18.31793785095215,57600,0.0,0.0
2007-10-08 00:00:00-04:00,18.233825598718163,18.279953375116435,18.052029992314587,18.157852172851562,34200,0.0,0.0
2007-10-09 00:00:00-04:00,18.184997343160973,18.442768096923828,18.0439030801346,18.442768096923828,35400,0.0,0.0
2007-10-10 00:00:00-04:00,18.39391619013764,18.39391619013764,18.163280389525784,18.36406898498535,22200,0.0,0.0
2007-10-11 00:00:00-04:00,18.39935486029874,18.39935486029874,18.05475790190812,18.26097297668457,41400,0.0,0.0
2007-10-12 00:00:00-04:00,18.4264794388194,18.540440378657987,18.01404641349621,18.098161697387695,77400,0.0,0.0
2007-10-15 00:00:00-04:00,18.065601884192304,18.391205702643365,17.289579062066903,17.474088668823242,35400,0.0,0.0
2007-10-16 00:00:00-04:00,17.39268609860787,17.503933091685038,17.11863643149389,17.360126495361328,73200,0.0,0.0
2007-10-17 00:00:00-04:00,17.498507783595304,17.498507783595304,16.890712497469845,17.151195526123047,53100,0.0,0.0
2007-10-18 00:00:00-04:00,17.012817755063683,17.50393672098883,17.00467746441388,17.300434112548828,52800,0.0,0.0
2007-10-19 00:00:00-04:00,17.27058564454573,17.27058564454573,16.822880599751965,16.931413650512695,131100,0.0,0.0
2007-10-22 00:00:00-04:00,16.77675771012298,17.522933520205846,16.711636929089586,17.37098503112793,50700,0.0,0.0
2007-10-23 00:00:00-04:00,17.541918773810398,17.541918773810398,16.779462716097555,17.229883193969727,42000,0.0,0.0
2007-10-24 00:00:00-04:00,17.037236820882185,17.395401808495706,16.575963566104004,16.896141052246094,42300,0.0,0.0
2007-10-25 00:00:00-04:00,16.88257992899811,17.30857821617131,16.646517658557528,16.8934326171875,83400,0.0,0.0
2007-10-26 00:00:00-04:00,17.346562051445243,17.346562051445243,16.158107553624436,16.21237564086914,194700,0.0,0.0
2007-10-29 00:00:00-04:00,16.231375315226202,16.60581952709989,15.27626869589528,15.66699504852295,125100,0.0,0.0
2007-10-30 00:00:00-04:00,15.566591065166401,15.566591065166401,15.26812049816854,15.3875093460083,322500,0.0,0.0
2007-10-31 00:00:00-04:00,15.232848327026296,15.848782491560998,15.221995641292606,15.645279884338379,98100,0.0,0.0
2007-11-01 00:00:00-04:00,15.341388788867478,15.398370844772113,14.294028139283755,14.318449020385742,120900,0.0,0.0
2007-11-02 00:00:00-04:00,14.464968040183194,14.90724688390176,14.272318087447012,14.549081802368164,162300,0.0,0.0
2007-11-05 00:00:00-05:00,14.37542349137548,14.464965131906425,14.114940412669046,14.416123390197754,102900,0.0,0.0
2007-11-06 00:00:00-05:00,14.443260265551396,14.79871137806469,14.117654818197133,14.413413047790527,161700,0.0,0.0
2007-11-07 00:00:00-05:00,14.236704834488895,14.663506337885963,13.557083129882812,13.557083129882812,159300,0.033333,0.0
2007-11-08 00:00:00-05:00,13.654953993026359,14.04097898112733,13.366793618511558,13.766410827636719,152400,0.0,0.0
2007-11-09 00:00:00-05:00,13.606020990525803,14.549336433410645,13.551652102993236,14.549336433410645,109500,0.0,0.0
2007-11-12 00:00:00-05:00,14.562932230151356,15.465469673408418,14.508563329272503,14.978860855102539,117900,0.0,0.0
2007-11-13 00:00:00-05:00,15.093027434339126,15.424683435103324,14.815743411806407,15.375749588012695,90900,0.0,0.0
2007-11-14 00:00:00-05:00,15.305069032045429,15.408371743565294,14.984287746551882,15.400216102600098,129900,0.0,0.0
2007-11-15 00:00:00-05:00,15.220801389203649,15.223520455545279,14.78040597365622,14.91633129119873,118200,0.0,0.0
2007-11-16 00:00:00-05:00,14.946235112120188,15.006040573120117,14.581956435673488,15.006040573120117,109500,0.0,0.0
2007-11-19 00:00:00-05:00,14.823908753984034,15.033231851500517,14.334582355744082,14.674392700195312,91200,0.0,0.0
2007-11-20 00:00:00-05:00,14.67981990774071,14.853802792575951,13.915925720687344,14.31010627746582,144900,0.0,0.0
2007-11-21 00:00:00-05:00,14.320978532925114,15.000600300887967,14.0600042220199,14.473215103149414,71400,0.0,0.0
2007-11-23 00:00:00-05:00,14.364476095493533,15.231673066307414,14.364476095493533,15.15555477142334,26700,0.0,0.0
2007-11-26 00:00:00-05:00,15.14468546723323,15.29692054016253,13.913211105484079,14.04369831085205,110400,0.0,0.0
2007-11-27 00:00:00-05:00,14.081754863933538,14.35360393594423,13.864276228536946,14.089910507202148,211500,0.0,0.0
2007-11-28 00:00:00-05:00,14.204089783029083,15.136528968811035,14.038260941137183,15.136528968811035,198600,0.0,0.0
2007-11-29 00:00:00-05:00,14.97613844470282,15.08759684436611,14.614580356872054,14.880992889404297,63000,0.0,0.0
2007-11-30 00:00:00-05:00,15.28333461097269,15.704699912930664,14.973427759488333,15.190906524658203,185400,0.0,0.0
2007-12-03 00:00:00-05:00,15.253419811753862,15.536141997500561,14.715159876930608,14.785840034484863,116400,0.0,0.0
2007-12-04 00:00:00-05:00,14.707012394427034,15.006046030294664,14.508564029998125,14.535748481750488,76200,0.0,0.0
2007-12-05 00:00:00-05:00,14.886431234759742,15.171872630965119,14.73963426906856,14.978860855102539,67500,0.0,0.0
2007-12-06 00:00:00-05:00,14.962542716443574,15.579638481140135,14.788559824389205,15.579638481140137,57600,0.0,0.0
2007-12-07 00:00:00-05:00,15.593227620092824,15.593227620092824,15.2506985143059,15.435554504394531,53100,0.0,0.0
2007-12-10 00:00:00-05:00,15.440995848026342,15.58779430377603,14.88642459542964,15.0468168258667,146700,0.0,0.0
2007-12-11 00:00:00-05:00,15.093031055797713,15.345851326506434,14.38622472425621,14.690694808959961,144000,0.0,0.0
2007-12-12 00:00:00-05:00,14.815744840271421,14.943512934869139,14.293794643020556,14.513992309570312,108900,0.0,0.0
2007-12-13 00:00:00-05:00,14.394385449592052,14.598271933454631,14.193218032912332,14.554776191711426,129000,0.0,0.0
2007-12-14 00:00:00-05:00,14.331854049639556,14.568361448929526,14.060005015997014,14.13612174987793,75300,0.0,0.0
2007-12-17 00:00:00-05:00,14.019236177932505,14.171471286108876,13.975740432739258,13.975740432739258,41400,0.0,0.0
2007-12-18 00:00:00-05:00,14.06816252443813,14.424283981323242,13.649516543730089,14.424283981323242,100500,0.0,0.0
2007-12-19 00:00:00-05:00,14.3699181801974,14.609144728372915,14.04369860442784,14.538464546203613,80100,0.0,0.0
2007-12-20 00:00:00-05:00,14.620011509413109,14.620011509413109,13.842525177990844,14.334571838378906,112800,0.0,0.0
2007-12-21 00:00:00-05:00,14.639047700794649,14.88914739597819,14.098068531666815,14.677106857299805,221700,0.0,0.0
2007-12-24 00:00:00-05:00,14.723318523651926,15.180023686135709,14.543897471742943,15.177306175231934,37500,0.0,0.0
2007-12-26 00:00:00-05:00,14.978857168897457,15.310511738125605,14.788562951590782,15.207210540771484,75900,0.0,0.0
2007-12-27 00:00:00-05:00,15.171865059474165,15.171865059474165,14.310106277465822,14.31010627746582,41700,0.0,0.0
2007-12-28 00:00:00-05:00,14.51670883958843,14.543893273959952,13.567958702468209,13.586987495422363,62700,0.0,0.0
2007-12-31 00:00:00-05:00,13.510873426048564,13.671262553711365,13.171061707435737,13.646797180175781,86400,0.0,0.0
2008-01-02 00:00:00-05:00,13.538059701193905,13.826218534559173,12.991643988890841,13.037858009338379,79200,0.0,0.0
2008-01-03 00:00:00-05:00,13.09222283816404,13.551646917453931,12.92911390468487,13.018823623657227,95100,0.0,0.0
2008-01-04 00:00:00-05:00,12.9399913226143,13.002515847316348,12.233184975862475,12.385420799255371,87900,0.0,0.0
2008-01-07 00:00:00-05:00,12.4696922155291,13.432035496396182,12.437070422580469,13.070477485656738,123000,0.0,0.0
2008-01-08 00:00:00-05:00,13.105819426101517,13.214558751356051,12.505034070746463,12.548530578613281,120900,0.0,0.0
2008-01-09 00:00:00-05:00,12.48871861764399,13.018823623657227,12.486001107625269,13.018823623657227,132300,0.0,0.0
2008-01-10 00:00:00-05:00,13.021545001095145,13.22271233255302,12.524061693452852,13.130284309387207,125400,0.0,0.0
2008-01-11 00:00:00-05:00,12.67086192467173,13.113974862516606,12.369110107421875,12.369110107421875,125100,0.0,0.0
2008-01-14 00:00:00-05:00,12.360953742483648,12.64095767868902,12.252213647528745,12.32833194732666,280800,0.0,0.0
2008-01-15 00:00:00-05:00,12.132600639199751,12.586587462808257,12.078230983012052,12.456099510192871,167700,0.0,0.0
2008-01-16 00:00:00-05:00,12.447940613660663,13.021541272878972,12.16249942779541,12.16249942779541,190500,0.0,0.0
2008-01-17 00:00:00-05:00,12.189688461531999,12.415322726889784,12.056482221884085,12.086385726928711,137700,0.0,0.0
2008-01-18 00:00:00-05:00,12.08366978158656,12.437073000669708,12.08366978158656,12.140758514404297,150000,0.0,0.0
2008-01-22 00:00:00-05:00,11.586184758856804,12.7197934267703,11.178411957447404,12.16522216796875,151800,0.0,0.0
2008-01-23 00:00:00-05:00,11.855313556553417,13.426597595214844,11.855313556553417,13.426597595214844,126900,0.0,0.0
2008-01-24 00:00:00-05:00,13.682143552650382,14.081760911245693,12.904655930573602,13.905058860778809,147600,0.0,0.0
2008-01-25 00:00:00-05:00,13.905056307778557,13.905056307778557,12.787759349310283,12.999800682067871,217200,0.0,0.0
2008-01-28 00:00:00-05:00,12.874747637915577,13.508154745759263,12.662705579880493,13.459220886230469,154800,0.0,0.0
2008-01-29 00:00:00-05:00,13.48640321121939,13.801746368408203,13.331449142616938,13.801746368408203,111300,0.0,0.0
2008-01-30 00:00:00-05:00,13.538053128378081,14.187771276813733,13.432031361724718,14.106216430664062,111300,0.0,0.0
2008-01-31 00:00:00-05:00,13.834374550613644,14.72603862914632,13.665828197017218,14.489529609680176,276300,0.0,0.0
2008-02-01 00:00:00-05:00,14.516711315173426,14.628169692845415,14.340009350565841,14.622733116149902,106500,0.0,0.0
2008-02-04 00:00:00-05:00,14.435163062985428,14.595553798252608,14.272053260651553,14.285645484924316,224700,0.0,0.0
2008-02-05 00:00:00-05:00,14.046420099100711,14.054575745457631,13.760978698730469,13.760978698730469,435300,0.0,0.0
2008-02-06 00:00:00-05:00,13.76641263576756,13.87787104054726,13.616896629333496,13.616896629333496,324000,0.0,0.0
2008-02-07 00:00:00-05:00,13.592430420496997,13.98389201341391,13.489127666816955,13.68213939666748,117900,0.0,0.0
2008-02-08 00:00:00-05:00,13.527180967129546,13.725630767127416,13.252614437131001,13.364072799682617,144300,0.0,0.0
2008-02-11 00:00:00-05:00,13.255335989831355,13.461941494539593,12.997081442241173,13.007954597473145,182100,0.0,0.0
2008-02-12 00:00:00-05:00,13.02698044426729,13.293391337522394,12.844841924283092,12.978047370910645,79200,0.0,0.0
2008-02-13 00:00:00-05:00,13.076118986766108,13.272260584512217,12.705629302134568,13.141499519348145,117900,0.033333,0.0
2008-02-14 00:00:00-05:00,13.119712937327582,13.119712937327582,12.716532773475755,12.746499061584473,125700,0.0,0.0
2008-02-15 00:00:00-05:00,12.678392283264312,12.975329576468258,12.572148678895887,12.681117057800293,94800,0.0,0.0
2008-02-19 00:00:00-05:00,12.87726199131225,13.106094008107688,12.637532432414321,12.817329406738281,150300,0.0,0.0
2008-02-20 00:00:00-05:00,12.803700997133873,13.089740652350734,12.593937855870527,13.078843116760254,73800,0.0,0.0
2008-02-21 00:00:00-05:00,13.23412257321266,13.23412257321266,12.558523684338061,12.583041191101074,129900,0.0,0.0
2008-02-22 00:00:00-05:00,12.62662980928034,12.926291034271774,12.378728377961577,12.768287658691406,117900,0.0,0.0
2008-02-25 00:00:00-05:00,12.721972536913999,13.242292741858572,12.623901749670917,12.711075782775879,209100,0.0,0.0
2008-02-26 00:00:00-05:00,12.65115032043419,13.190540341622006,12.65115032043419,13.17147159576416,139800,0.0,0.0
2008-02-27 00:00:00-05:00,13.144227552101666,13.348541986163303,12.999846463972181,13.334922790527344,127200,0.0,0.0
2008-02-28 00:00:00-05:00,13.253194959863501,13.343093797826604,13.054328542003555,13.149675369262695,129300,0.0,0.0
2008-02-29 00:00:00-05:00,12.874530343414682,13.146949265605814,12.874530343414682,12.8990478515625,166200,0.0,0.0
2008-03-03 00:00:00-05:00,13.035259246826172,13.141502833918258,12.863635110661665,13.035259246826172,140700,0.0,0.0
2008-03-04 00:00:00-05:00,12.8990503451416,13.149676581404767,12.850015319366758,13.05705451965332,162600,0.0,0.0
2008-03-05 00:00:00-05:00,13.11426054094502,13.11426054094502,12.893600616523202,12.953533172607422,102000,0.0,0.0
2008-03-06 00:00:00-05:00,12.96442908858997,13.00529212396083,12.694734146298904,12.700182914733887,226500,0.0,0.0
2008-03-07 00:00:00-05:00,12.683838670503967,13.03798291268199,12.604836591152472,12.8472900390625,54000,0.0,0.0
2008-03-10 00:00:00-04:00,12.91812004475721,13.111536923328634,12.664769825418437,12.66749382019043,98700,0.0,0.0
2008-03-11 00:00:00-04:00,13.114267065992635,13.179647643670705,12.640257488127645,13.076128005981445,192000,0.0,0.0
2008-03-12 00:00:00-04:00,13.089745166251369,13.103365921340263,12.610287728422092,12.681117057800293,235200,0.0,0.0
2008-03-13 00:00:00-04:00,12.542179529508083,13.048879109693699,12.506764485409784,12.942635536193848,171300,0.0,0.0
2008-03-14 00:00:00-04:00,13.065222399637145,13.065222399637145,12.5340053707158,12.662041664123535,158100,0.0,0.0
2008-03-17 00:00:00-04:00,12.28065593165785,12.978049108042486,12.258862419252003,12.553074836730957,120300,0.0,0.0
2008-03-18 00:00:00-04:00,12.825495425996671,13.076121630972638,12.681114361595235,13.073397636413574,192000,0.0,0.0
2008-03-19 00:00:00-04:00,13.076119782638372,13.48747174062237,12.68383656327001,12.697457313537598,180600,0.0,0.0
2008-03-20 00:00:00-04:00,12.85545908570723,13.381228118990204,12.664766255657531,13.160568237304688,416100,0.0,0.0
2008-03-24 00:00:00-04:00,13.239576951072337,13.759896668365624,13.130609348592419,13.452062606811523,301800,0.0,0.0
2008-03-25 00:00:00-04:00,13.427539116033563,13.738096237182617,13.427539116033563,13.738096237182617,101700,0.0,0.0
2008-03-26 00:00:00-04:00,13.471130853508194,13.893380443460261,13.403025527814366,13.86886215209961,165300,0.0,0.0
2008-03-27 00:00:00-04:00,13.912449315979122,14.043210420196242,13.484751732451715,13.77896499633789,172500,0.0,0.0
2008-03-28 00:00:00-04:00,13.830720231313338,13.977826831296376,13.375781239611882,13.416645050048828,120600,0.0,0.0
2008-03-31 00:00:00-04:00,13.424818992614746,13.996899985102656,13.424818992614746,13.424818992614746,123600,0.0,0.0
2008-04-01 00:00:00-04:00,13.580098322539131,14.266594886779785,13.495647469997893,14.266594886779785,131700,0.0,0.0
2008-04-02 00:00:00-04:00,13.787136428695801,14.66704980236115,13.787136428695801,14.470908164978027,92400,0.0,0.0
2008-04-03 00:00:00-04:00,14.370112004954962,14.500874657268204,13.487473844310529,13.819826126098633,184500,0.0,0.0
2008-04-04 00:00:00-04:00,13.694516835598243,14.015971669718333,13.498375140697181,13.588274002075195,74100,0.0,0.0
2008-04-07 00:00:00-04:00,13.800755348464271,13.863411111983114,13.620959261101316,13.64002799987793,92400,0.0,0.0
2008-04-08 00:00:00-04:00,13.977827326869102,13.977827326869102,13.484749280876471,13.601889610290527,89700,0.0,0.0
2008-04-09 00:00:00-04:00,13.490194232363523,13.620956842163114,13.204155407536973,13.239569664001465,156900,0.0,0.0
2008-04-10 00:00:00-04:00,13.26136691186494,13.618235909042994,12.978050442069048,13.127881050109863,162300,0.0,0.0
2008-04-11 00:00:00-04:00,12.999846564802441,13.018916088792917,12.520388367001274,12.593941688537598,81900,0.0,0.0
2008-04-14 00:00:00-04:00,12.615731210604617,12.958978615490217,12.444107118463103,12.493142127990723,108900,0.0,0.0
2008-04-15 00:00:00-04:00,12.468627029349735,12.64297514913248,12.356934680565733,12.517662048339844,104700,0.0,0.0
2008-04-16 00:00:00-04:00,12.667494873445463,12.912672349456207,12.520388231959474,12.869085311889648,111000,0.0,0.0
2008-04-17 00:00:00-04:00,12.634798002960359,12.817318822388005,12.43865643624933,12.452277183532715,153900,0.0,0.0
2008-04-18 00:00:00-04:00,12.692008233392073,12.809148553363991,12.476797890389427,12.760112762451172,261600,0.0,0.0
2008-04-21 00:00:00-04:00,12.632078519226969,12.787357120127359,12.395073846654215,12.514937400817871,106200,0.0,0.0
2008-04-22 00:00:00-04:00,12.653868456340176,12.76283678760177,12.198929511855265,12.585763931274414,219300,0.0,0.0
2008-04-23 00:00:00-04:00,12.830938728363225,12.830938728363225,12.275204325787433,12.370551109313965,86400,0.0,0.0
2008-04-24 00:00:00-04:00,12.498593177131362,13.269540562987265,12.190759956998882,13.097915649414062,211500,0.0,0.0
2008-04-25 00:00:00-04:00,12.721972973993148,14.209381913441668,12.299723541784756,13.915168762207031,218700,0.0,0.0
2008-04-28 00:00:00-04:00,13.923344477555563,14.100415801712417,13.645476788823201,13.844343185424805,195600,0.0,0.0
2008-04-29 00:00:00-04:00,13.847058346866982,14.127650646159841,13.66998712569562,13.776229858398438,118500,0.0,0.0
2008-04-30 00:00:00-04:00,13.792579720259194,14.182138088391183,13.743544717312822,13.841614723205566,176400,0.0,0.0
2008-05-01 00:00:00-04:00,14.054105758666992,14.212108345168156,13.806204342538404,14.054105758666992,165600,0.0,0.0
2008-05-02 00:00:00-04:00,14.114035872120104,14.163070880352436,13.770787696904158,13.887928009033203,104400,0.0,0.0
2008-05-05 00:00:00-04:00,13.773516385891492,13.975107604384634,13.533787678500971,13.71630859375,82200,0.0,0.0
2008-05-06 00:00:00-04:00,13.664546592866325,13.768066180462883,13.386678882494584,13.759893417358398,95700,0.0,0.0
2008-05-07 00:00:00-04:00,13.803584585325364,14.04934510464573,13.049917013567033,13.090876579284668,140400,0.04,0.0
2008-05-08 00:00:00-04:00,13.306600151397005,13.306600151397005,12.951611802940963,13.164604187011719,81900,0.0,0.0
2008-05-09 00:00:00-04:00,13.104531515256966,13.246526718139648,12.976189501953426,13.246526718139648,63600,0.0,0.0
2008-05-12 00:00:00-04:00,13.361213087058456,13.50047779083252,13.159143406585468,13.50047779083252,37500,0.0,0.0
2008-05-13 00:00:00-04:00,13.546897674067644,13.647932497854995,13.219216531038287,13.63701057434082,68400,0.0,0.0
2008-05-14 00:00:00-04:00,13.254717756534962,13.677972845586886,13.189181514923837,13.560553550720215,83100,0.0,0.0
2008-05-15 00:00:00-04:00,13.511402358001655,13.82543039159706,13.366676680019893,13.765355110168457,67800,0.0,0.0
2008-05-16 00:00:00-04:00,13.882772280216471,13.882772280216471,13.421287376649415,13.61789608001709,92700,0.0,0.0
2008-05-19 00:00:00-04:00,13.541439399523854,14.052076144057281,13.445865518527556,13.560553550720215,93000,0.0,0.0
2008-05-20 00:00:00-04:00,13.623361471424596,13.623361471424596,13.096340943312763,13.216490745544434,62400,0.0,0.0
2008-05-21 00:00:00-04:00,13.298409913930202,13.385791578148643,13.167337417602539,13.167337417602539,83400,0.0,0.0
2008-05-22 00:00:00-04:00,13.120913977852574,13.49228601272098,13.120913977852574,13.489556312561035,58500,0.0,0.0
2008-05-23 00:00:00-04:00,13.30113839017169,13.677971347537046,13.241063117980957,13.241063117980957,120900,0.0,0.0
2008-05-27 00:00:00-04:00,13.470437899064837,13.677970069973387,13.246522842958454,13.634279251098633,484500,0.0,0.0
2008-05-28 00:00:00-04:00,13.817239411815436,13.825431638431537,13.241066348214272,13.48682689666748,129000,0.0,0.0
2008-05-29 00:00:00-04:00,13.418557091208815,14.024769257194807,13.298408100545798,13.997461318969727,74100,0.0,0.0
2008-05-30 00:00:00-04:00,14.038423760554235,14.038423760554235,13.762624027434722,13.912812232971191,98700,0.0,0.0
2008-06-02 00:00:00-04:00,13.863654915370944,14.062996419850212,13.598780309264711,13.768082618713379,172800,0.0,0.0
2008-06-03 00:00:00-04:00,13.956498987415364,14.087571439874392,13.672508673754137,13.729852676391602,80100,0.0,0.0
2008-06-04 00:00:00-04:00,13.76262187964188,14.128534478979006,13.647933858772111,13.847273826599121,104400,0.0,0.0
2008-06-05 00:00:00-04:00,13.806318539607053,14.371569783220647,13.779012154048184,14.256881713867188,81000,0.0,0.0
2008-06-06 00:00:00-04:00,14.191343406637339,14.191343406637339,13.448599201381965,13.467713356018066,80700,0.0,0.0
2008-06-09 00:00:00-04:00,13.64520346651695,13.724391322140372,12.948880026909613,13.213754653930664,132000,0.0,0.0
2008-06-10 00:00:00-04:00,13.077221204484049,13.688892700316593,13.058106274925905,13.519590377807617,141000,0.0,0.0
2008-06-11 00:00:00-04:00,13.415827561553591,13.44859646283705,12.959803581237793,12.959803581237793,94800,0.0,0.0
2008-06-12 00:00:00-04:00,13.13183384289336,13.156408950088732,12.825997352600098,12.825997352600098,65100,0.0,0.0
2008-06-13 00:00:00-04:00,13.071763454947629,13.071763454947629,12.440976874536684,12.593894004821777,71400,0.0,0.0
2008-06-16 00:00:00-04:00,12.596626787936383,12.98984432220459,12.443708076689399,12.98984432220459,47700,0.0,0.0
2008-06-17 00:00:00-04:00,12.978917579487375,12.978917579487375,12.30170981425773,12.345399856567383,78600,0.0,0.0
2008-06-18 00:00:00-04:00,12.746813430361236,12.817810645601508,12.315365268980274,12.416400909423828,60300,0.0,0.0
2008-06-19 00:00:00-04:00,12.383628113296298,12.618465868894399,12.331745071723962,12.531085014343262,98700,0.0,0.0
2008-06-20 00:00:00-04:00,12.3727081571247,12.58570055108287,12.329017329517525,12.492857933044434,107100,0.0,0.0
2008-06-23 00:00:00-04:00,12.517434618697886,12.517434618697886,12.12148666381836,12.12148666381836,29400,0.0,0.0
2008-06-24 00:00:00-04:00,12.042298751959406,12.372711305763097,11.987685203552246,11.987685203552246,60300,0.0,0.0
2008-06-25 00:00:00-04:00,11.979489868828017,12.266211509538282,11.971297643378325,12.154253959655762,155700,0.0,0.0
2008-06-26 00:00:00-04:00,11.957644343735579,12.383629879022296,11.68730717410562,11.763765335083008,61800,0.0,0.0
2008-06-27 00:00:00-04:00,11.782876894864646,12.492853365137957,11.68457256869265,12.334474563598633,294300,0.0,0.0
2008-06-30 00:00:00-04:00,12.386361581885259,12.52016454867303,12.105101678481613,12.17883014678955,96000,0.0,0.0
2008-07-01 00:00:00-04:00,12.025910746527746,12.372706849316389,12.025910746527746,12.353591918945312,163500,0.0,0.0
2008-07-02 00:00:00-04:00,12.380899540987356,12.451897526129617,12.075063749228487,12.26621150970459,137700,0.0,0.0
2008-07-03 00:00:00-04:00,12.24710024077258,12.24710024077258,12.083259589036416,12.118758201599121,44400,0.0,0.0
2008-07-07 00:00:00-04:00,12.334477604711678,12.334477604711678,11.580810136986745,11.823840141296387,80700,0.0,0.0
2008-07-08 00:00:00-04:00,11.867532653600446,12.17883019818451,11.466122970289536,12.173368453979492,156900,0.0,0.0
2008-07-09 00:00:00-04:00,12.151522854765217,12.28805708276942,11.68730819830891,11.801996231079102,87600,0.0,0.0
2008-07-10 00:00:00-04:00,11.83476288643054,12.285325079918442,11.621770517125642,12.244364738464355,60300,0.0,0.0
2008-07-11 00:00:00-04:00,12.085990436873443,12.288060970754612,11.837498578909502,12.260754585266113,72900,0.0,0.0
2008-07-14 00:00:00-04:00,12.356324722055481,12.356324722055481,11.616311073303223,11.616311073303223,121500,0.0,0.0
2008-07-15 00:00:00-04:00,11.501622474489288,12.118755867810314,10.933641657850401,11.343243598937988,129000,0.0,0.0
2008-07-16 00:00:00-04:00,11.22309686235184,12.274408453508364,11.22309686235184,12.27167797088623,99300,0.0,0.0
2008-07-17 00:00:00-04:00,12.413666382517688,12.582968711853027,11.422429861576386,12.582968711853027,84900,0.0,0.0
2008-07-18 00:00:00-04:00,12.656699209498129,13.399444099563722,12.12694750596867,13.079955101013184,136200,0.0,0.0
2008-07-21 00:00:00-04:00,13.077219853803546,13.227408012495703,12.656695353225786,13.15640926361084,60000,0.0,0.0
2008-07-22 00:00:00-04:00,12.785043150153387,13.907353271437836,12.61027980401796,13.866392135620117,82800,0.0,0.0
2008-07-23 00:00:00-04:00,13.819966892888548,14.169493466151094,13.686163165621343,14.0220365524292,50400,0.0,0.0
2008-07-24 00:00:00-04:00,14.188612239065682,14.194074765433541,13.576940536499025,13.576940536499023,73200,0.0,0.0
2008-07-25 00:00:00-04:00,14.18588046422133,14.609134007900005,13.76535505831261,14.14218807220459,92400,0.0,0.0
2008-07-28 00:00:00-04:00,14.063000882165262,14.4753325196764,13.615169076765666,13.626091003417969,55200,0.0,0.0
2008-07-29 00:00:00-04:00,14.049341428107253,15.291801575667028,14.049341428107253,15.163458824157715,152700,0.0,0.0
2008-07-30 00:00:00-04:00,15.155271817963067,15.155271817963067,14.543598606859556,15.032391548156738,212700,0.0,0.0
2008-07-31 00:00:00-04:00,14.633715439759122,15.018740804587688,14.243229110094504,14.86855411529541,102000,0.0,0.0
2008-08-01 00:00:00-04:00,15.016010918997786,15.16346790531489,14.857632003142719,15.138891220092773,49200,0.0,0.0
2008-08-04 00:00:00-04:00,15.070622600303183,15.155273008092923,14.797554097339539,14.871282577514648,50700,0.0,0.0
2008-08-05 00:00:00-04:00,15.149807748144392,15.264495768112742,14.723821441823253,15.226265907287598,87000,0.0,0.0
2008-08-06 00:00:00-04:00,15.149648156842042,15.488983228785361,14.834942773724121,15.324790000915527,72600,0.04,0.0
2008-08-07 00:00:00-04:00,15.089440128007382,15.59570704150168,14.28762640589868,14.462766647338867,65700,0.0,0.0
2008-08-08 00:00:00-04:00,14.421715684703116,15.387723961417503,14.421715684703116,15.207109451293945,66000,0.0,0.0
2008-08-11 00:00:00-04:00,15.363103757280735,15.365840911865234,14.867785257184208,15.365840911865234,112200,0.0,0.0
2008-08-12 00:00:00-04:00,15.245426743901316,15.825579643249512,15.177013557903798,15.825579643249512,87900,0.0,0.0
2008-08-13 00:00:00-04:00,15.675059899895572,15.866621425413644,15.510866767257747,15.691479682922363,111900,0.0,0.0
2008-08-14 00:00:00-04:00,15.653168514572776,16.088281791717492,15.43697888631793,15.987029075622559,43800,0.0,0.0
2008-08-15 00:00:00-04:00,16.170387224700924,16.21143670166928,15.549186421435849,15.948724746704102,67500,0.0,0.0
2008-08-18 00:00:00-04:00,15.666852512975957,15.795472079412097,15.341201782226562,15.341201782226562,51900,0.0,0.0
2008-08-19 00:00:00-04:00,15.103121703557498,15.231739708798557,15.023759925310799,15.223529815673828,33600,0.0,0.0
2008-08-20 00:00:00-04:00,15.272792800716687,15.376782727813204,14.859571812139256,14.97724437713623,71400,0.0,0.0
2008-08-21 00:00:00-04:00,14.83767804760283,14.971770393308997,14.377933309718086,14.657063484191895,47400,0.0,0.0
2008-08-22 00:00:00-04:00,14.884196085015205,14.969030610288717,14.501077625242702,14.9115629196167,45300,0.0,0.0
2008-08-25 00:00:00-04:00,15.064809638989393,15.078492272463567,14.657059958424659,14.66526985168457,32100,0.0,0.0
2008-08-26 00:00:00-04:00,14.314988349015465,15.021023457580746,14.314988349015465,14.736420631408691,44100,0.0,0.0
2008-08-27 00:00:00-04:00,14.550333668755679,15.193426801546059,14.42445125556489,15.021023750305176,65400,0.0,0.0
2008-08-28 00:00:00-04:00,15.174273531410018,15.516344094271217,14.730948653861935,14.897880554199219,135900,0.0,0.0
2008-08-29 00:00:00-04:00,14.919775283405935,14.919775283405935,14.3916188774728,14.632436752319336,59100,0.0,0.0
2008-09-02 00:00:00-04:00,15.021026035052575,15.04018141058951,14.747368641530016,15.004606246948242,39900,0.0,0.0
2008-09-03 00:00:00-04:00,14.955351532692525,15.549187087327923,14.64064460400843,15.532767295837402,40500,0.0,0.0
2008-09-04 00:00:00-04:00,15.28374159094909,15.694227038215622,15.275531694098433,15.461617469787598,39300,0.0,0.0
2008-09-05 00:00:00-04:00,15.34120770902711,15.34120770902711,15.083970042652618,15.218062400817871,84600,0.0,0.0
2008-09-08 00:00:00-04:00,15.716111624972644,16.203221485869364,15.650434049266257,15.765369415283203,169800,0.0,0.0
2008-09-09 00:00:00-04:00,15.866627513875686,16.01713807370513,15.33299532187247,15.855680465698242,174900,0.0,0.0
2008-09-10 00:00:00-04:00,16.09649566870692,16.129335241991726,15.828312605681488,15.841995239257812,167400,0.0,0.0
2008-09-11 00:00:00-04:00,15.382252254876846,15.78179048137748,15.382252254876846,15.631279945373535,98700,0.0,0.0
2008-09-12 00:00:00-04:00,15.491718775362576,15.992509869161022,15.36036201446809,15.784531593322754,46200,0.0,0.0
2008-09-15 00:00:00-04:00,15.724317033602022,15.910402662099363,15.023754859968074,15.029229164123535,47700,0.0,0.0
2008-09-16 00:00:00-04:00,14.506550390247611,15.598441212486588,14.506550390247611,15.573811531066895,108600,0.0,0.0
2008-09-17 00:00:00-04:00,15.08123362278082,15.48350910921191,14.802103437767007,14.807576179504395,93300,0.0,0.0
2008-09-18 00:00:00-04:00,15.231743494874536,16.419414520263672,14.503817203484504,16.419414520263672,129600,0.0,0.0
2008-09-19 00:00:00-04:00,17.787701779454178,17.92452815881389,15.683278241946986,17.087139129638672,303900,0.0,0.0
2008-09-22 00:00:00-04:00,16.654753733836802,16.849049297723287,15.382250185266964,15.710638046264648,141600,0.0,0.0
2008-09-23 00:00:00-04:00,16.556245370601903,16.556245370601903,15.735274577543215,15.973355293273926,71100,0.0,0.0
2008-09-24 00:00:00-04:00,15.81188899177829,16.145751120562156,15.491711059135534,15.639484405517578,40500,0.0,0.0
2008-09-25 00:00:00-04:00,15.595707482994372,16.3181609993868,15.067548024368596,15.872098922729492,169800,0.0,0.0
2008-09-26 00:00:00-04:00,15.855684583168612,16.074609944795966,15.051131921840964,15.686017036437988,118200,0.0,0.0
2008-09-29 00:00:00-04:00,15.398672654922773,15.45887750419526,14.128904342651367,14.128904342651367,131100,0.0,0.0
2008-09-30 00:00:00-04:00,14.033125420639044,16.419414520263672,14.033125420639044,16.419414520263672,120900,0.0,0.0
2008-10-01 00:00:00-04:00,15.874821851664429,15.874821851664429,15.20436389241934,15.415079116821289,41100,0.0,0.0
2008-10-02 00:00:00-04:00,15.86387920744305,15.86387920744305,14.938919270639408,15.190682411193848,18600,0.0,0.0
2008-10-03 00:00:00-04:00,15.218058267846043,15.970614116634216,15.218058267846043,15.300155639648438,57600,0.0,0.0
2008-10-06 00:00:00-04:00,14.85956939584558,16.110180773942137,13.959236935972946,15.792739868164062,56700,0.0,0.0
2008-10-07 00:00:00-04:00,14.865045482354942,15.322053132979713,14.287629671160873,15.051131248474121,40200,0.0,0.0
2008-10-08 00:00:00-04:00,14.408030283383251,16.556237891760336,14.232890093672605,14.503811836242676,77700,0.0,0.0
2008-10-09 00:00:00-04:00,14.654324585949775,14.717265014028495,13.275093815618918,13.578853607177734,144900,0.0,0.0
2008-10-10 00:00:00-04:00,13.056172354169489,15.272793455433018,12.861876695425352,14.925250053405762,172200,0.0,0.0
2008-10-13 00:00:00-04:00,15.499918070111676,15.499918070111676,13.877134457044066,15.212579727172852,155100,0.0,0.0
2008-10-14 00:00:00-04:00,16.20048604065015,16.20048604065015,14.298571731671888,15.070282936096191,78300,0.0,0.0
2008-10-15 00:00:00-04:00,14.668013491401178,15.981567242219349,14.038602677981116,14.293103218078613,73200,0.0,0.0
2008-10-16 00:00:00-04:00,14.449082271326656,15.283735471110495,13.461181378741259,15.070282936096191,125700,0.0,0.0
2008-10-17 00:00:00-04:00,14.59685958023573,15.196167814214792,14.189109818776094,14.211002349853516,83700,0.0,0.0
2008-10-20 00:00:00-04:00,14.418984422519738,15.048395180440439,13.759471233947105,14.618754386901855,68400,0.0,0.0
2008-10-21 00:00:00-04:00,14.350566557393838,14.840413672036108,13.81146320817328,14.454556465148926,98700,0.0,0.0
2008-10-22 00:00:00-04:00,13.9783951382963,14.4709778963918,13.655479896446382,13.674636840820312,52500,0.0,0.0
2008-10-23 00:00:00-04:00,13.5542283353252,14.531184043027713,13.15195282412477,13.283308029174805,103200,0.0,0.0
2008-10-24 00:00:00-04:00,13.116371035551829,13.127316514179338,12.043635836217332,12.560847282409668,87300,0.0,0.0
2008-10-27 00:00:00-04:00,12.415816662132366,12.711365913242934,11.945127114067386,11.983439445495605,125100,0.0,0.0
2008-10-28 00:00:00-04:00,12.177735762418338,12.588221246353102,11.5756909601359,11.876713752746582,193500,0.0,0.0
2008-10-29 00:00:00-04:00,12.174993852214765,12.174993852214765,11.345813363972464,11.794610977172852,90300,0.0,0.0
2008-10-30 00:00:00-04:00,12.123001560170824,12.861874896255904,11.54832142883944,12.757884979248047,151200,0.0,0.0
2008-10-31 00:00:00-04:00,12.86460859318097,13.299723548804133,12.292665734388704,13.099953651428223,125400,0.0,0.0
2008-11-03 00:00:00-05:00,12.990491118445364,13.422869733389124,12.725044404483926,13.35445499420166,65100,0.0,0.0
2008-11-04 00:00:00-05:00,13.532334216552437,13.792307442234424,13.130057969518626,13.764942169189453,75300,0.0,0.0
2008-11-05 00:00:00-05:00,13.718306968752254,13.718306968752254,12.68415307157096,12.79936408996582,106800,0.04,0.0
2008-11-06 00:00:00-05:00,12.662209205870113,13.408335178248745,12.237026145008407,12.341264724731445,66600,0.0,0.0
2008-11-07 00:00:00-05:00,12.467447067500018,13.027042316617614,12.267200225004729,12.57442855834961,70200,0.0,0.0
2008-11-10 00:00:00-05:00,12.758216087582,13.161453438272973,12.053236256093045,12.300116539001465,102900,0.0,0.0
2008-11-11 00:00:00-05:00,12.119072784535518,12.538768440495545,11.836531458601934,11.891393661499023,104100,0.0,0.0
2008-11-12 00:00:00-05:00,11.831045827743582,12.053237556974308,11.474440325757552,11.485413551330566,145200,0.0,0.0
2008-11-13 00:00:00-05:00,11.63628683169386,12.132789666325646,11.109608798704784,12.110845565795898,124500,0.0,0.0
2008-11-14 00:00:00-05:00,11.844760662173021,12.450988576259128,11.521073281503345,11.597880363464355,84900,0.0,0.0
2008-11-17 00:00:00-05:00,11.479926221640952,11.844760442807122,11.285165214072668,11.353743553161621,111900,0.0,0.0
2008-11-18 00:00:00-05:00,11.746008887747935,11.789899437314746,11.52107423577934,11.77618408203125,93000,0.0,0.0
2008-11-19 00:00:00-05:00,11.595136856791514,12.338519843968287,10.859982610796026,10.881927490234375,196500,0.0,0.0
2008-11-20 00:00:00-05:00,11.010857218454468,11.496388413031971,10.571959495544434,10.571959495544434,76200,0.0,0.0
2008-11-21 00:00:00-05:00,11.008114549796836,11.44701228251131,9.740796169367218,11.23579216003418,144300,0.0,0.0
2008-11-24 00:00:00-05:00,11.161728743091832,11.891397451391205,10.626821898163005,11.543022155761719,143100,0.0,0.0
2008-11-25 00:00:00-05:00,11.586911265701163,12.012094430224384,10.986169790862546,11.383920669555664,170100,0.0,0.0
2008-11-26 00:00:00-05:00,10.972451485152993,12.064210569989168,10.972451485152993,11.973688125610352,82500,0.0,0.0
2008-11-28 00:00:00-05:00,11.82007207177469,12.34400707567046,11.244018565205568,12.003861427307129,39600,0.0,0.0
2008-12-01 00:00:00-05:00,11.603369408946339,12.862458176105894,11.603369408946339,11.910597801208496,402300,0.0,0.0
2008-12-02 00:00:00-05:00,12.179423891821873,12.728046844185002,11.523819420583326,12.536027908325195,577800,0.0,0.0
2008-12-03 00:00:00-05:00,12.387895093143973,12.996865834809354,12.23428095098829,12.555225372314453,144600,0.0,0.0
2008-12-04 00:00:00-05:00,12.357727737663327,12.914578696559603,12.182167844279322,12.212342262268066,84900,0.0,0.0
2008-12-05 00:00:00-05:00,12.40161389027017,12.7829064380962,11.965459133577477,12.763705253601074,102300,0.0,0.0
2008-12-08 00:00:00-05:00,12.91183340555231,13.529034656466017,12.41807350355671,13.47691535949707,134700,0.0,0.0
2008-12-09 00:00:00-05:00,13.337014628312396,13.701848085605793,12.692382755783123,12.741758346557617,123600,0.0,0.0
2008-12-10 00:00:00-05:00,12.887144712567725,12.909090380389287,12.34949507880704,12.645750999450684,44100,0.0,0.0
2008-12-11 00:00:00-05:00,12.379665866063593,13.186140524210359,12.201363928683998,12.26719856262207,91200,0.0,0.0
2008-12-12 00:00:00-05:00,11.8612214003288,12.887145957390947,11.828304072633218,12.7883939743042,77700,0.0,0.0
2008-12-15 00:00:00-05:00,12.845995735345308,12.887142580385229,12.086154483020639,12.525052070617676,52200,0.0,0.0
2008-12-16 00:00:00-05:00,12.686893481352683,13.166937828063965,12.686893481352683,13.166937828063965,64200,0.0,0.0
2008-12-17 00:00:00-05:00,12.928291345699154,13.150483086220193,12.291889749157006,12.725300788879395,143400,0.0,0.0
2008-12-18 00:00:00-05:00,12.579918065543369,12.851486226027912,12.412587721165513,12.42630386352539,78600,0.0,0.0
2008-12-19 00:00:00-05:00,12.862458669029197,13.101109500509887,12.352239677063963,12.42630386352539,135000,0.0,0.0
2008-12-22 00:00:00-05:00,12.51682452959687,12.752732412746534,12.157476091751931,12.59911823272705,108300,0.0,0.0
2008-12-23 00:00:00-05:00,12.61009262709943,12.739019038095195,12.017580661242272,12.450992584228516,57000,0.0,0.0
2008-12-24 00:00:00-05:00,12.352239608764648,12.590890438925765,12.0943868072547,12.352239608764648,29400,0.0,0.0
2008-12-26 00:00:00-05:00,12.431787094068104,12.59363079071045,12.217824892671992,12.59363079071045,17100,0.0,0.0
2008-12-29 00:00:00-05:00,12.585403711992743,12.662211596698087,12.297376498780755,12.453734397888184,40200,0.0,0.0
2008-12-30 00:00:00-05:00,12.593630789423274,12.744502045342427,12.371438276505462,12.741758346557617,30600,0.0,0.0
2008-12-31 00:00:00-05:00,12.749987321973999,13.16968296465278,12.330290894484385,13.16419792175293,83100,0.0,0.0
2009-01-02 00:00:00-05:00,13.175167702044702,13.397360160496255,12.832278425406527,13.284892082214355,65400,0.0,0.0
2009-01-05 00:00:00-05:00,13.315072921826077,13.326044580338012,12.983155922697456,13.29587173461914,62400,0.0,0.0
2009-01-06 00:00:00-05:00,13.342495689233646,13.57840347254657,13.0736713803721,13.301349639892578,62400,0.0,0.0
2009-01-07 00:00:00-05:00,13.268438492266084,13.268438492266084,12.330293478586789,12.689641952514648,74100,0.0,0.0
2009-01-08 00:00:00-05:00,12.719818529012564,13.005102083357329,12.286406582890914,12.95846939086914,33000,0.0,0.0
2009-01-09 00:00:00-05:00,12.947490189857048,12.988637033573601,12.258969425255716,12.308345794677734,44700,0.0,0.0
2009-01-12 00:00:00-05:00,12.308351767090379,12.873433059548637,12.075186729431152,12.075186729431152,49500,0.0,0.0
2009-01-13 00:00:00-05:00,11.981917907544524,12.497623443603516,11.927054915154018,12.497623443603516,48900,0.0,0.0
2009-01-14 00:00:00-05:00,12.138275130025704,12.615576733370654,11.836532592773438,11.836532592773438,41700,0.0,0.0
2009-01-15 00:00:00-05:00,11.863962270379558,11.970943756081077,11.537531985706105,11.68017292022705,97200,0.0,0.0
2009-01-16 00:00:00-05:00,11.726805481822293,11.795383030053927,11.200127619755948,11.375686645507812,56700,0.0,0.0
2009-01-20 00:00:00-05:00,11.19190116888607,11.50461535508228,10.437544844754376,10.440288543701172,67200,0.0,0.0
2009-01-21 00:00:00-05:00,10.550010555055103,11.134293556213379,10.179690519912148,11.134293556213379,29400,0.0,0.0
2009-01-22 00:00:00-05:00,10.93953395482638,10.93953395482638,7.592937072362751,8.407641410827637,258300,0.0,0.0
2009-01-23 00:00:00-05:00,8.229339559817483,8.232082474185308,7.634083977395726,7.828845024108887,227400,0.0,0.0
2009-01-26 00:00:00-05:00,7.908394786759142,8.092183385433707,7.620368382073198,7.872734546661377,105300,0.0,0.0
2009-01-27 00:00:00-05:00,7.875475812981569,8.081209252483163,6.630103521140186,6.994936943054199,283800,0.0,0.0
2009-01-28 00:00:00-05:00,7.12660638216459,7.58744964253114,7.071744182693669,7.431091785430908,108900,0.0,0.0
2009-01-29 00:00:00-05:00,7.36800183084769,7.839817644516514,7.2281029923673294,7.285708904266357,91200,0.0,0.0
2009-01-30 00:00:00-05:00,7.444807063008992,7.584705851685019,6.959276065228747,7.077229976654053,106500,0.0,0.0
2009-02-02 00:00:00-05:00,6.964763682724253,7.063515655740885,6.103426636784831,6.361279010772705,332100,0.0,0.0
2009-02-03 00:00:00-05:00,6.248812600079045,6.553298521791223,6.224124796300436,6.342079162597656,450600,0.0,0.0
2009-02-04 00:00:00-05:00,6.361275954080614,7.370741259292114,6.344817299819814,7.052539825439453,146700,0.0,0.0
2009-02-05 00:00:00-05:00,7.038826921661645,7.804154806860745,7.038826921661645,7.529843807220459,163200,0.0,0.0
2009-02-06 00:00:00-05:00,7.4996690943881505,7.891934788847128,7.346055725681812,7.878218650817871,163200,0.0,0.0
2009-02-09 00:00:00-05:00,7.809646159850913,7.9605174974373165,7.543564524886328,7.749298095703125,50100,0.0,0.0
2009-02-10 00:00:00-05:00,7.677976720620683,8.023609178800049,7.140326840528222,7.178730010986328,161100,0.0,0.0
2009-02-11 00:00:00-05:00,7.137390177925123,7.713341791077669,7.137390177925123,7.3247809410095215,115500,0.04,0.0
2009-02-12 00:00:00-05:00,7.247620552019388,7.501148433441686,7.153923991392741,7.316514015197754,114900,0.0,0.0
2009-02-13 00:00:00-05:00,7.175969262007602,7.41847489588752,7.175969262007602,7.258641242980957,40500,0.0,0.0
2009-02-17 00:00:00-05:00,6.958267256099782,7.1125890699662175,6.34097921220784,6.528370380401611,123000,0.0,0.0
2009-02-18 00:00:00-05:00,6.470500491312106,6.473256041302588,6.258307767731753,6.335468292236328,717000,0.0,0.0
2009-02-19 00:00:00-05:00,6.365780143108873,6.539392364667576,6.33822307312318,6.340978622436523,124500,0.0,0.0
2009-02-20 00:00:00-05:00,6.227992427902024,6.4732544505905585,6.227992427902024,6.340978622436523,147000,0.0,0.0
2009-02-23 00:00:00-05:00,6.37129285005348,6.445698210071532,6.233505117115373,6.299643039703369,92700,0.0,0.0
2009-02-24 00:00:00-05:00,6.338223102210209,6.476010029623256,6.274840737155665,6.451208114624023,125400,0.0,0.0
2009-02-25 00:00:00-05:00,6.434675361996114,6.470500666547891,6.244528610042654,6.415385723114014,91200,0.0,0.0
2009-02-26 00:00:00-05:00,6.451206352894509,6.476008261120706,6.393335890721646,6.434671878814697,57600,0.0,0.0
2009-02-27 00:00:00-05:00,6.313423129164072,6.338225051792156,6.024069467640077,6.087451457977295,81000,0.0,0.0
2009-03-02 00:00:00-05:00,5.963440582772212,5.966196920424409,4.883187626172154,4.960348129272461,550200,0.0,0.0
2009-03-03 00:00:00-05:00,5.020974154377048,5.18907566619949,4.932791060159312,4.960348129272461,741600,0.0,0.0
2009-03-04 00:00:00-05:00,5.059555955523558,5.348909572358571,4.965860956681756,5.263481616973877,166500,0.0,0.0
2009-03-05 00:00:00-05:00,5.125693149862069,5.13396058635458,4.538718562138156,4.781224250793457,261000,0.0,0.0
2009-03-06 00:00:00-05:00,4.819804604468543,4.9024769899062575,4.591077080104658,4.778468608856201,147300,0.0,0.0
2009-03-09 00:00:00-04:00,4.599343488316089,4.850116926110216,4.599343488316089,4.786734580993652,63900,0.0,0.0
2009-03-10 00:00:00-04:00,4.877675347285933,5.800851280052634,4.756422124182459,5.759515285491943,153600,0.0,0.0
2009-03-11 00:00:00-04:00,5.911082526791809,6.272085944312839,5.67408791079765,6.081939220428467,153000,0.0,0.0
2009-03-12 00:00:00-04:00,6.02131249837482,7.005115554097742,6.010289904621837,6.936222076416016,128700,0.0,0.0
2009-03-13 00:00:00-04:00,6.949999492972695,7.20904006259693,6.85630371616409,6.875594139099121,120600,0.0,0.0
2009-03-16 00:00:00-04:00,6.919687818640514,6.972047213265359,6.770877073585978,6.870084762573242,404400,0.0,0.0
2009-03-17 00:00:00-04:00,6.900394986317388,7.054715971799967,6.696469390868058,6.9996018409729,175200,0.0,0.0
2009-03-18 00:00:00-04:00,6.947244142062793,7.5948464465508305,6.892129991720649,7.5727996826171875,178800,0.0,0.0
2009-03-19 00:00:00-04:00,7.545241077077673,7.5783100336314915,6.881104819876117,6.8866167068481445,187500,0.0,0.0
2009-03-20 00:00:00-04:00,7.018893383023584,7.018893383023584,6.363025665283203,6.363025665283203,186900,0.0,0.0
2009-03-23 00:00:00-04:00,6.5393936180235785,7.112589771644017,6.376804350982127,7.054718494415283,124800,0.0,0.0
2009-03-24 00:00:00-04:00,6.933465584385794,6.941732232917369,6.487033843994141,6.487033843994141,62700,0.0,0.0
2009-03-25 00:00:00-04:00,6.6661575668804165,6.969290913053064,6.514592076433507,6.834259510040283,107100,0.0,0.0
2009-03-26 00:00:00-04:00,6.864570637371347,7.096053329928514,6.649622028640926,7.0602288246154785,52200,0.0,0.0
2009-03-27 00:00:00-04:00,6.914174287742599,6.933465499358248,6.608286219892407,6.622065544128418,89100,0.0,0.0
2009-03-30 00:00:00-04:00,6.4484548582842365,6.4484548582842365,5.97170959954569,6.134299278259277,84000,0.0,0.0
2009-03-31 00:00:00-04:00,6.239015469405313,6.553170918595213,6.007532403104067,6.161853790283203,102300,0.0,0.0
2009-04-01 00:00:00-04:00,6.079180592567895,6.15083037568079,5.726445533735048,5.872499465942383,74100,0.0,0.0
2009-04-02 00:00:00-04:00,5.924861067239933,6.820479298124297,5.924861067239933,6.622065544128418,154200,0.0,0.0
2009-04-03 00:00:00-04:00,6.58624020062428,7.23108521356812,6.5531712458175715,7.024404048919678,68400,0.0,0.0
2009-04-06 00:00:00-04:00,6.9555087066248475,7.021646605825012,6.635842193824055,6.983066558837891,57000,0.0,0.0
2009-04-07 00:00:00-04:00,6.908664275700077,7.288957758235233,6.7681217691616675,7.134635925292969,89700,0.0,0.0
2009-04-08 00:00:00-04:00,7.164950242699185,7.217308851298761,6.936223014365851,7.203530311584473,37800,0.0,0.0
2009-04-09 00:00:00-04:00,7.379896278886871,8.060565830303775,7.346827322402158,8.038519859313965,92400,0.0,0.0
2009-04-13 00:00:00-04:00,7.845617070782227,8.2672468493198,7.771211722990173,8.261734962463379,97800,0.0,0.0
2009-04-14 00:00:00-04:00,8.013719203415883,8.234179747208854,7.2117966461629575,7.297224998474121,110100,0.0,0.0
2009-04-15 00:00:00-04:00,7.269664531022392,7.98615926775937,7.269664531022392,7.947578430175781,69900,0.0,0.0
2009-04-16 00:00:00-04:00,8.044033322731375,8.743994290080064,8.010964356524642,8.487709999084473,64800,0.0,0.0
2009-04-17 00:00:00-04:00,8.515265594058345,8.87075672177711,8.223156049213586,8.812886238098145,102900,0.0,0.0
2009-04-20 00:00:00-04:00,8.542820637295554,8.542820637295554,7.655470015186613,7.677515983581543,51900,0.0,0.0
2009-04-21 00:00:00-04:00,7.669250190325188,8.597937399114485,7.415721499502612,8.592426300048828,49500,0.0,0.0
2009-04-22 00:00:00-04:00,8.407792552553337,8.818399465146875,7.925536608984248,8.810132026672363,186000,0.0,0.0
2009-04-23 00:00:00-04:00,8.810130701815815,9.328211082964392,8.542822679797158,9.088460922241211,260700,0.0,0.0
2009-04-24 00:00:00-04:00,8.818399105246247,9.226249662752007,8.504243551873257,9.127042770385742,101400,0.0,0.0
2009-04-27 00:00:00-04:00,8.068832430182784,8.37196489408551,7.41296446700476,8.060564994812012,228600,0.0,0.0
2009-04-28 00:00:00-04:00,7.928290989397941,8.206621999044495,7.630669555632078,7.699563026428223,114600,0.0,0.0
2009-04-29 00:00:00-04:00,7.79326028385059,8.096392055109392,7.647205103712579,8.046788215637207,97500,0.0,0.0
2009-04-30 00:00:00-04:00,8.145994136228158,8.206620950449087,7.443277827876982,7.4708356857299805,108900,0.0,0.0
2009-05-01 00:00:00-04:00,7.459813536386944,7.459813536386944,6.996848046414954,7.2007737159729,129600,0.0,0.0
2009-05-04 00:00:00-04:00,7.288951550640312,7.716092171583011,6.972040716494076,7.685779571533203,193800,0.0,0.0
2009-05-05 00:00:00-04:00,7.509416032958794,7.903488763884094,7.0712521469192025,7.079518795013428,168600,0.0,0.0
2009-05-06 00:00:00-04:00,7.16811601852893,7.478208030035954,6.971539634631351,7.198571681976318,132600,0.04,0.0
2009-05-07 00:00:00-04:00,7.223489469479537,7.2677883275148085,7.0601372324429565,7.129354000091553,91800,0.0,0.0
2009-05-08 00:00:00-04:00,7.215184765649047,7.8990486545444805,7.198572296123694,7.827062606811523,130800,0.0,0.0
2009-05-11 00:00:00-04:00,7.647099831963703,7.735696778366204,7.28163416053254,7.575113773345947,66000,0.0,0.0
2009-05-12 00:00:00-04:00,7.480975726849074,7.483744206908511,7.184726180963757,7.287167072296143,69900,0.0,0.0
2009-05-13 00:00:00-04:00,7.198573571961674,7.323163946978999,6.78603974710506,6.816495418548584,73800,0.0,0.0
2009-05-14 00:00:00-04:00,7.060137537602493,7.195802598167832,6.791575897187166,7.10443639755249,46200,0.0,0.0
2009-05-15 00:00:00-04:00,7.209647649365786,7.220721573860508,6.871867604237891,7.123818397521973,81900,0.0,0.0
2009-05-18 00:00:00-04:00,7.2456428259393855,7.52528011295672,7.085058982455317,7.408995151519775,102900,0.0,0.0
2009-05-19 00:00:00-04:00,7.306551612892248,7.453291409988929,7.09613120511045,7.367462158203125,87900,0.0,0.0
2009-05-20 00:00:00-04:00,7.3646938062530625,7.431142107099231,7.312088703384956,7.389611721038818,96000,0.0,0.0
2009-05-21 00:00:00-04:00,7.364693309117623,7.688629347970863,7.0103016030675,7.314857482910156,69000,0.0,0.0
2009-05-22 00:00:00-04:00,7.342546493450544,7.558503929640609,6.963236739132925,7.0075364112854,47100,0.0,0.0
2009-05-26 00:00:00-04:00,6.96046602352428,7.611105813145375,6.946622033863892,7.480978488922119,366600,0.0,0.0
2009-05-27 00:00:00-04:00,7.447754012011723,7.544657182615408,6.905091345448838,6.921703815460205,100200,0.0,0.0
2009-05-28 00:00:00-04:00,7.115513737311179,7.359157556911508,6.935549750410717,7.234567165374756,77700,0.0,0.0
2009-05-29 00:00:00-04:00,7.334236450594739,7.389610021900831,7.137660074426602,7.345311164855957,66600,0.0,0.0
2009-06-01 00:00:00-04:00,7.4699016152434785,7.890741555660917,7.240101884942073,7.882435321807861,94800,0.0,0.0
2009-06-02 00:00:00-04:00,7.80214404572947,7.935040622374439,7.627717090851428,7.874129295349121,54600,0.0,0.0
2009-06-03 00:00:00-04:00,7.691396454878983,7.821524543369468,7.467132900631753,7.492051601409912,73800,0.0,0.0
2009-06-04 00:00:00-04:00,7.561270296356036,7.810451030731201,7.49759047610136,7.810451030731201,52500,0.0,0.0
2009-06-05 00:00:00-04:00,7.846446092253209,8.411257564576749,7.72462418083814,8.372495651245117,135000,0.0,0.0
2009-06-08 00:00:00-04:00,8.186995405060616,8.41402758668689,8.034717789883063,8.040255546569824,45000,0.0,0.0
2009-06-09 00:00:00-04:00,8.588451399452863,8.665974418891793,7.965497970581055,7.965497970581055,116100,0.0,0.0
2009-06-10 00:00:00-04:00,8.150998093042512,8.242365094001585,7.998721342363061,8.076244354248047,89700,0.0,0.0
2009-06-11 00:00:00-04:00,8.123316284206156,8.170384447797732,7.995957374572754,7.995957374572754,56400,0.0,0.0
2009-06-12 00:00:00-04:00,7.962726660851972,8.098391698648028,7.541886769832393,7.658171653747559,36600,0.0,0.0
2009-06-15 00:00:00-04:00,7.660945208705961,7.669250654959704,7.395151125423905,7.569578170776367,63900,0.0,0.0
2009-06-16 00:00:00-04:00,7.70524189831426,7.838139298207333,7.4034552574157715,7.4034552574157715,33000,0.0,0.0
2009-06-17 00:00:00-04:00,7.420067243715329,7.716316110500613,7.370230623002063,7.622181415557861,33000,0.0,0.0
2009-06-18 00:00:00-04:00,7.633256817811919,7.688631203603184,7.4505243547809386,7.539122104644775,17400,0.0,0.0
2009-06-19 00:00:00-04:00,7.663711608477941,7.669247778444154,7.073982370822238,7.339775562286377,156600,0.0,0.0
2009-06-22 00:00:00-04:00,7.2982423342751295,7.683088774155903,7.265018198288139,7.2927045822143555,96900,0.0,0.0
2009-06-23 00:00:00-04:00,7.3286982619921375,7.414528282574848,7.154271324709404,7.193033218383789,35400,0.0,0.0
2009-06-24 00:00:00-04:00,7.198573301046287,7.411761408875134,7.140431233843193,7.262252330780029,72000,0.0,0.0
2009-06-25 00:00:00-04:00,7.237334180415905,7.442216837803954,7.198573067579709,7.439448356628418,75600,0.0,0.0
2009-06-26 00:00:00-04:00,7.411764287794579,7.943350919279051,7.2733306652421135,7.940583229064941,310200,0.0,0.0
2009-06-29 00:00:00-04:00,7.815988547157623,8.02640816200681,7.688629702654116,7.901817798614502,125700,0.0,0.0
2009-06-30 00:00:00-04:00,7.9156626728118,8.009798179666126,7.561271667480469,7.561271667480469,78900,0.0,0.0
2009-07-01 00:00:00-04:00,7.647101028065554,7.885207091541236,7.544659282773803,7.580652713775635,68100,0.0,0.0
2009-07-02 00:00:00-04:00,7.547428726809801,7.691400077684219,7.281635463657028,7.469904899597168,96300,0.0,0.0
2009-07-06 00:00:00-04:00,7.4145314139777785,7.835370708635805,7.386844222213425,7.774459362030029,41700,0.0,0.0
2009-07-07 00:00:00-04:00,7.802147246949186,8.001492193707838,7.710780218923334,7.815990447998047,117300,0.0,0.0
2009-07-08 00:00:00-04:00,7.876897325512996,8.029175634367396,7.763382496278336,7.887972831726074,47700,0.0,0.0
2009-07-09 00:00:00-04:00,7.92119611518296,8.018099258843977,7.768918614964293,7.788299560546875,81900,0.0,0.0
2009-07-10 00:00:00-04:00,7.8741319135206504,7.8741319135206504,7.447755651076414,7.583420753479004,28200,0.0,0.0
2009-07-13 00:00:00-04:00,7.566806261282041,8.23959621493526,7.566806261282041,8.167610168457031,97800,0.0,0.0
2009-07-14 00:00:00-04:00,8.137157859185653,8.19806841728292,7.943349089576443,8.045791625976562,145500,0.0,0.0
2009-07-15 00:00:00-04:00,8.181458288992442,8.181458288992442,7.791073778170956,8.103935241699219,177300,0.0,0.0
2009-07-16 00:00:00-04:00,8.01810382667943,8.01810382667943,7.849214556979659,7.899051189422607,90900,0.0,0.0
2009-07-17 00:00:00-04:00,7.921196672691643,7.943345307897237,7.503125241650206,7.7578444480896,63600,0.0,0.0
2009-07-20 00:00:00-04:00,7.82429593995457,7.82429593995457,7.4200683292579495,7.647100448608398,105300,0.0,0.0
2009-07-21 00:00:00-04:00,7.588959497529594,7.738467819383929,7.356389588642504,7.536353588104248,51600,0.0,0.0
2009-07-22 00:00:00-04:00,7.492052530283055,7.514201961192397,7.35084971020447,7.478208541870117,24300,0.0,0.0
2009-07-23 00:00:00-04:00,7.450521587354906,7.890741691506829,7.442215353358852,7.868592262268066,50100,0.0,0.0
2009-07-24 00:00:00-04:00,7.832600466182048,7.832600466182048,7.480978041796706,7.519739151000977,41100,0.0,0.0
2009-07-27 00:00:00-04:00,7.483748369002858,7.719085939582405,7.483748369002858,7.688631057739258,66000,0.0,0.0
2009-07-28 00:00:00-04:00,7.450524965294806,7.658176156585201,7.359157934166115,7.649869918823242,75300,0.0,0.0
2009-07-29 00:00:00-04:00,7.680324418711103,7.68309290016529,7.525278367508283,7.608338356018066,23100,0.0,0.0
2009-07-30 00:00:00-04:00,7.7329280733142545,7.785532379560342,7.370230138702192,7.450522422790527,51000,0.0,0.0
2009-07-31 00:00:00-04:00,7.395148697188689,7.536351534782026,7.345312867524117,7.439448356628418,33600,0.0,0.0
2009-08-03 00:00:00-04:00,7.46990604090356,7.6055719671272835,7.19857577270917,7.245643138885498,69000,0.0,0.0
2009-08-04 00:00:00-04:00,7.267790835375975,7.777227878570557,7.267790835375975,7.777227878570557,69900,0.0,0.0
2009-08-05 00:00:00-04:00,7.791131024807708,7.902353344112808,7.610394159293334,7.780008792877197,32400,0.04,0.0
2009-08-06 00:00:00-04:00,7.8550866253484,7.880111456492207,7.54088287394545,7.579811096191406,38400,0.0,0.0
2009-08-07 00:00:00-04:00,7.718836119629751,7.985769685966583,7.371266570676528,7.949622631072998,72600,0.0,0.0
2009-08-10 00:00:00-04:00,7.788349209873647,8.639200191275235,7.735517623673264,8.425097465515137,142200,0.0,0.0
2009-08-11 00:00:00-04:00,8.402854485633217,8.578029852109818,8.219338041152847,8.32499885559082,88500,0.0,0.0
2009-08-12 00:00:00-04:00,8.305532495372281,8.90613364500097,8.11923416890651,8.519635200500488,62100,0.0,0.0
2009-08-13 00:00:00-04:00,8.597492425975606,8.65588393381479,8.1970913557972,8.425097465515137,73500,0.0,0.0
2009-08-14 00:00:00-04:00,8.419535647835902,8.522416866878899,8.138699553139913,8.375046730041504,87000,0.0,0.0
2009-08-17 00:00:00-04:00,8.183188465679219,8.480708302119348,8.06640465878162,8.071966171264648,131700,0.0,0.0
2009-08-18 00:00:00-04:00,8.091428756713867,8.091428756713867,7.905132026777036,8.091428756713867,67500,0.0,0.0
2009-08-19 00:00:00-04:00,7.994112889343085,8.95896766432869,7.95796582843315,8.867209434509277,156300,0.0,0.0
2009-08-20 00:00:00-04:00,8.86999083624282,9.006238812723026,8.761548845246843,8.961749076843262,77400,0.0,0.0
2009-08-21 00:00:00-04:00,9.078531290655778,9.092433883104981,8.717058318302456,9.034042358398438,117900,0.0,0.0
2009-08-24 00:00:00-04:00,9.031261108646202,9.031261108646202,8.739302718372,8.900574684143066,29400,0.0,0.0
2009-08-25 00:00:00-04:00,8.975649028559575,8.986770463862369,8.622518000905457,8.789351463317871,58500,0.0,0.0
2009-08-26 00:00:00-04:00,8.736517429099758,8.939498663093419,8.29718907652445,8.480706214904785,98700,0.0,0.0
2009-08-27 00:00:00-04:00,8.388949755840674,8.388949755840674,7.949620518064481,8.177626609802246,102600,0.0,0.0
2009-08-28 00:00:00-04:00,8.227677917099449,8.363925846411563,7.982988829857941,7.994111061096191,42000,0.0,0.0
2009-08-31 00:00:00-04:00,7.927375913693267,8.085867474770106,7.707711696624756,7.707711696624756,66900,0.0,0.0
2009-09-01 00:00:00-04:00,7.707712364005732,7.707712364005732,7.257261662096946,7.2989702224731445,63900,0.0,0.0
2009-09-02 00:00:00-04:00,7.279507791294357,7.896792013314056,7.279507791294357,7.696591854095459,106500,0.0,0.0
2009-09-03 00:00:00-04:00,7.640980542684307,7.805033663543201,7.368485460958959,7.679908752441406,41100,0.0,0.0
2009-09-04 00:00:00-04:00,7.571463799411275,7.863422870635986,7.571463799411275,7.863422870635986,57600,0.0,0.0
2009-09-08 00:00:00-04:00,7.9106935277017865,7.913474682013796,7.785568631500802,7.793910503387451,68100,0.0,0.0
2009-09-09 00:00:00-04:00,7.882888748713688,8.00523408785917,7.785569026497815,7.994111061096191,33900,0.0,0.0
2009-09-10 00:00:00-04:00,7.991331247482867,8.021917584356398,7.752202861780399,7.849522590637207,83100,0.0,0.0
2009-09-11 00:00:00-04:00,7.899573032387057,7.899573032387057,7.757764375541397,7.849522590637207,70200,0.0,0.0
2009-09-14 00:00:00-04:00,7.807816324681629,7.857866781193859,7.777229978786656,7.835622310638428,18300,0.0,0.0
2009-09-15 00:00:00-04:00,7.796691001939547,8.280508393326908,7.710492727060342,8.158163070678711,114900,0.0,0.0
2009-09-16 00:00:00-04:00,8.035819147701082,8.53353916479982,8.035819147701082,8.450122833251953,25500,0.0,0.0
2009-09-17 00:00:00-04:00,8.53909883795073,8.794910086049674,8.26660384982221,8.397290229797363,124500,0.0,0.0
2009-09-18 00:00:00-04:00,8.411197788351064,8.739304906853059,8.152605233699271,8.455687522888184,165900,0.0,0.0
2009-09-21 00:00:00-04:00,8.489054227147287,8.678131422423897,8.169288983591313,8.455687522888184,117900,0.0,0.0
2009-09-22 00:00:00-04:00,8.47236608954659,8.739300380903222,8.055282104546706,8.110893249511719,300000,0.0,0.0
2009-09-23 00:00:00-04:00,8.149821574964808,8.216554949956315,7.896790662574197,7.902351379394531,152400,0.0,0.0
2009-09-24 00:00:00-04:00,8.049720887721332,8.119234622597686,7.507512005531662,7.538098335266113,96300,0.0,0.0
2009-09-25 00:00:00-04:00,7.538101081735538,7.9774289053875505,7.538101081735538,7.727179050445557,48300,0.0,0.0
2009-09-28 00:00:00-04:00,8.17206740900759,8.17206740900759,7.927377530655597,7.955183506011963,45600,0.0,0.0
2009-09-29 00:00:00-04:00,7.988549107467279,8.024696154518718,7.510292442680715,7.540878772735596,42000,0.0,0.0
2009-09-30 00:00:00-04:00,7.657667051720532,7.657667051720532,7.4018548279204515,7.407416343688965,157500,0.0,0.0
2009-10-01 00:00:00-04:00,7.479709143418702,7.490830580735395,7.201652526855469,7.201652526855469,98400,0.0,0.0
2009-10-02 00:00:00-04:00,7.198870865994381,7.351800943272614,7.1682845323288555,7.285067558288574,57600,0.0,0.0
2009-10-05 00:00:00-04:00,7.298967921021944,7.490826124522823,7.229454205996525,7.368481636047363,105000,0.0,0.0
2009-10-06 00:00:00-04:00,7.496392466161546,7.507514699553886,7.229458864745371,7.401853084564209,189900,0.0,0.0
2009-10-07 00:00:00-04:00,7.393512426141083,7.596493815565347,7.323998654892027,7.577029705047607,39900,0.0,0.0
2009-10-08 00:00:00-04:00,7.610391794640712,7.710491850912849,7.493607997894287,7.493607997894287,56100,0.0,0.0
2009-10-09 00:00:00-04:00,7.513072246639309,7.6660022783836865,7.368482493366453,7.599268913269043,89700,0.0,0.0
2009-10-12 00:00:00-04:00,7.652099922884276,7.741077745711763,7.599269141699334,7.691028118133545,57600,0.0,0.0
2009-10-13 00:00:00-04:00,7.691031291834726,7.955184511237677,7.691031291834726,7.855084419250488,50400,0.0,0.0
2009-10-14 00:00:00-04:00,7.930156772267529,8.033037185668945,7.788348161861806,8.033037185668945,40200,0.0,0.0
2009-10-15 00:00:00-04:00,7.988549662833975,8.133138656616211,7.924596639779898,8.133138656616211,40200,0.0,0.0
2009-10-16 00:00:00-04:00,8.066404026084891,8.1804074655613,8.060842514038086,8.060842514038086,45900,0.0,0.0
2009-10-19 00:00:00-04:00,8.11645531079601,8.130358695983887,8.010794515621287,8.130358695983887,13800,0.0,0.0
2009-10-20 00:00:00-04:00,8.119238353725258,8.119238353725258,7.9162577727564845,7.924599647521973,43800,0.0,0.0
2009-10-21 00:00:00-04:00,7.924599929987618,7.988552979594306,7.590932882724452,7.649324417114258,58500,0.0,0.0
2009-10-22 00:00:00-04:00,7.6131721243757795,7.805030345916748,7.399068652768675,7.805030345916748,37200,0.0,0.0
2009-10-23 00:00:00-04:00,7.846742862546775,7.963526705671549,7.507514361588956,7.571467399597168,21000,0.0,0.0
2009-10-26 00:00:00-04:00,7.602054991410214,7.602054991410214,7.438002608706029,7.507516384124756,55800,0.0,0.0
2009-10-27 00:00:00-04:00,7.68546849308472,7.996891744954051,7.68546849308472,7.746641159057617,70200,0.0,0.0
2009-10-28 00:00:00-04:00,7.75776510113739,7.818936985081172,7.5770282176344885,7.677128314971924,43200,0.0,0.0
2009-10-29 00:00:00-04:00,7.746640388877793,8.391730494123653,7.746640388877793,8.2860689163208,98400,0.0,0.0
2009-10-30 00:00:00-04:00,8.230457762290182,8.311093727059127,7.67434549331665,7.67434549331665,263100,0.0,0.0
2009-11-02 00:00:00-05:00,8.071964589716645,8.071964589716645,7.774444016045417,7.927374839782715,64200,0.0,0.0
2009-11-03 00:00:00-05:00,7.782788707704337,7.8940110206604,7.760544245113124,7.8940110206604,78300,0.0,0.0
2009-11-04 00:00:00-05:00,7.9498568367294595,8.114607086275303,7.818615708305864,7.826992988586426,60300,0.04,0.0
2009-11-05 00:00:00-05:00,7.919141000991565,8.173246786920899,7.877255396765786,8.167661666870117,45300,0.0,0.0
2009-11-06 00:00:00-05:00,8.025256127691009,8.377094145723555,7.938693503248199,8.047595024108887,46800,0.0,0.0
2009-11-09 00:00:00-05:00,8.109024123633384,8.245849609375,8.067138509989501,8.245849609375,27000,0.0,0.0
2009-11-10 00:00:00-05:00,8.170453466995736,8.240263070592787,8.09785250184862,8.106229782104492,19800,0.0,0.0
2009-11-11 00:00:00-05:00,8.212339959630897,8.268187169221793,8.047590491612379,8.206755638122559,22500,0.0,0.0
2009-11-12 00:00:00-05:00,8.097851756692895,8.374295588487287,7.796276885344832,7.807445526123047,120000,0.0,0.0
2009-11-13 00:00:00-05:00,7.832578372541835,7.930311182040405,7.804654370298768,7.8465399742126465,21600,0.0,0.0
2009-11-16 00:00:00-05:00,7.941478508251707,8.181622650823098,7.860500273298395,7.983364105224609,83700,0.0,0.0
2009-11-17 00:00:00-05:00,7.818618705841766,7.991745503140853,7.804657099289115,7.8856353759765625,59400,0.0,0.0
2009-11-18 00:00:00-05:00,7.877258325253081,8.067139695147622,7.877258325253081,7.927521228790283,12300,0.0,0.0
2009-11-19 00:00:00-05:00,7.8269940637932045,7.930312004009772,7.634320585379515,7.670621871948242,65100,0.0,0.0
2009-11-20 00:00:00-05:00,7.625942024991243,7.732051298237716,7.455607477538291,7.483531475067139,34500,0.0,0.0
2009-11-23 00:00:00-05:00,7.620361673097505,7.667830815923148,7.371840921609482,7.598021984100342,54900,0.0,0.0
2009-11-24 00:00:00-05:00,7.7879036241197825,7.7879036241197825,7.480743474998398,7.679001331329346,38400,0.0,0.0
2009-11-25 00:00:00-05:00,7.6538702421095275,7.7823184646322385,7.567306041717529,7.567306041717529,26100,0.0,0.0
2009-11-27 00:00:00-05:00,7.5393799357873625,7.687375629600758,7.447232246398926,7.447232246398926,33000,0.0,0.0
2009-11-30 00:00:00-05:00,7.452816567500554,7.452816567500554,7.290859272031642,7.447232246398926,70500,0.0,0.0
2009-12-01 00:00:00-05:00,7.5421714932524555,7.5421714932524555,7.31040620803833,7.31040620803833,36600,0.0,0.0
2009-12-02 00:00:00-05:00,7.511459830174025,7.511459830174025,7.3355408605012755,7.366256237030029,37200,0.0,0.0
2009-12-03 00:00:00-05:00,7.416518743254195,7.416518743254195,7.25735355125828,7.288069725036621,76200,0.0,0.0
2009-12-04 00:00:00-05:00,7.433270930620143,7.701337556253448,7.433270930620143,7.623152256011963,51600,0.0,0.0
2009-12-07 00:00:00-05:00,7.61756843206691,7.6371151599058456,7.402556822543699,7.600813865661621,33300,0.0,0.0
2009-12-08 00:00:00-05:00,7.519834404119032,7.550549769578314,7.3885924656863855,7.463986396789551,49500,0.0,0.0
2009-12-09 00:00:00-05:00,7.463987720751653,7.536589504036894,7.332746557940936,7.360670566558838,41700,0.0,0.0
2009-12-10 00:00:00-05:00,7.399763007537265,7.410933249785095,7.274106969617643,7.285276412963867,45300,0.0,0.0
2009-12-11 00:00:00-05:00,7.349497346833589,7.349497346833589,7.179163599639077,7.201503276824951,88200,0.0,0.0
2009-12-14 00:00:00-05:00,7.2517676626686445,7.25735198456733,7.123318672180176,7.123318672180176,131400,0.0,0.0
2009-12-15 00:00:00-05:00,7.123316320500704,7.173578396601672,7.056299686431884,7.056299686431885,127200,0.0,0.0
2009-12-16 00:00:00-05:00,7.140070079567262,7.142863038496101,7.056299686431884,7.056299686431885,58500,0.0,0.0
2009-12-17 00:00:00-05:00,7.039547278856598,7.039547278856598,6.883175883830052,6.897136688232422,51600,0.0,0.0
2009-12-18 00:00:00-05:00,6.966946236326223,7.377424240112305,6.746349550835029,7.377424240112305,394200,0.0,0.0
2009-12-21 00:00:00-05:00,7.335542740002671,7.438859939575195,7.246186352518621,7.438859939575195,42900,0.0,0.0
2009-12-22 00:00:00-05:00,7.486326786701849,7.542173201507199,7.167997269121667,7.184751033782959,67200,0.0,0.0
2009-12-23 00:00:00-05:00,7.243392492220471,7.391387451393414,6.969740666881982,7.221053600311279,153900,0.0,0.0
2009-12-24 00:00:00-05:00,7.237807747155082,7.396972143012688,7.21546805764519,7.357878684997559,24300,0.0,0.0
2009-12-28 00:00:00-05:00,7.16520579217458,7.27410808116692,7.162413630636758,7.248976230621338,39600,0.0,0.0
2009-12-29 00:00:00-05:00,7.271317395856675,7.304825737818609,7.207092874037496,7.2154693603515625,46500,0.0,0.0
2009-12-30 00:00:00-05:00,7.195920636564955,7.2573521735580435,7.187543354597213,7.2322211265563965,59700,0.0,0.0
2009-12-31 00:00:00-05:00,7.399762550461318,7.399762550461318,7.126111604832771,7.156826972961426,84300,0.0,0.0
2010-01-04 00:00:00-05:00,7.2517657341316015,7.296443493045701,7.221049575152821,7.240596294403076,67500,0.0,0.0
2010-01-05 00:00:00-05:00,7.207088823934347,7.307613793329033,7.092602252960204,7.092602252960205,88500,0.0,0.0
2010-01-06 00:00:00-05:00,7.114939878064058,7.207088359919121,7.025585154367607,7.059093475341797,74400,0.0,0.0
2010-01-07 00:00:00-05:00,7.123318672180176,7.137281074730007,7.01162424519088,7.123318672180176,113100,0.0,0.0
2010-01-08 00:00:00-05:00,7.126113133939887,7.296446971272952,7.109358566909499,7.248976230621338,102000,0.0,0.0
2010-01-11 00:00:00-05:00,7.279691653632219,7.279691653632219,7.036756049052819,7.109357833862305,27000,0.0,0.0
2010-01-12 00:00:00-05:00,7.064679029362662,7.2796905934237905,7.064679029362662,7.114941120147705,47100,0.0,0.0
2010-01-13 00:00:00-05:00,7.170788832502435,7.243389804820422,7.067471695479992,7.140071868896484,66000,0.0,0.0
2010-01-14 00:00:00-05:00,7.235016555609169,7.385803687980482,7.195923092352477,7.226639270782471,186000,0.0,0.0
2010-01-15 00:00:00-05:00,7.268523720742079,7.293654772256798,7.0898118019104,7.0898118019104,56100,0.0,0.0
2010-01-19 00:00:00-05:00,7.089810703172635,7.260145312134695,7.089810703172635,7.257352352142334,54300,0.0,0.0
2010-01-20 00:00:00-05:00,7.204299039891002,7.20709120134766,7.011625519150956,7.137282371520996,39000,0.0,0.0
2010-01-21 00:00:00-05:00,7.198710009186356,7.329951113205972,6.961359637315602,7.2713117599487305,224700,0.0,0.0
2010-01-22 00:00:00-05:00,7.243389196107848,7.369046005093116,7.11214806613733,7.260143756866455,207600,0.0,0.0
2010-01-25 00:00:00-05:00,7.321576148581223,7.321576148581223,6.941815113998125,7.181957721710205,43800,0.0,0.0
2010-01-26 00:00:00-05:00,7.022793705654582,7.260144962783405,6.98370105556022,7.195920467376709,41100,0.0,0.0
2010-01-27 00:00:00-05:00,7.131696315140459,7.288068520845512,7.131696315140459,7.257352352142334,64200,0.0,0.0
2010-01-28 00:00:00-05:00,7.293653290964956,7.38021667182602,7.195920467376709,7.195920467376709,69900,0.0,0.0
2010-01-29 00:00:00-05:00,7.369050953955593,7.645495000913797,7.262940794960741,7.539384841918945,238800,0.0,0.0
2010-02-01 00:00:00-05:00,7.539381036050774,7.659452745174415,7.483533822377169,7.623152256011963,97500,0.0,0.0
2010-02-02 00:00:00-05:00,7.611982642787591,7.832579331582901,7.5198349420154145,7.74043083190918,69300,0.0,0.0
2010-02-03 00:00:00-05:00,7.720881920650442,7.824199023948803,7.720881920650442,7.765559673309326,44400,0.0,0.0
2010-02-04 00:00:00-05:00,7.732054017086743,7.824202522323258,7.609190142339649,7.751600742340088,278700,0.0,0.0
2010-02-05 00:00:00-05:00,7.743218092582827,7.905176104467572,7.6734093209575756,7.787896633148193,108000,0.0,0.0
2010-02-08 00:00:00-05:00,7.813033935943007,7.813033935943007,7.455610916763893,7.4919114112854,129600,0.0,0.0
2010-02-09 00:00:00-05:00,7.572888059331202,7.639904704191541,7.374630285227341,7.631527423858643,72600,0.0,0.0
2010-02-10 00:00:00-05:00,7.600676882719962,7.774567152511983,7.4828809213461716,7.749325275421143,196200,0.04,0.0
2010-02-11 00:00:00-05:00,7.738108319495591,7.928826282888264,7.721280665114612,7.88675594329834,84600,0.0,0.0
2010-02-12 00:00:00-05:00,7.813834242414703,7.897974915910492,7.811028964853227,7.855904579162598,71100,0.0,0.0
2010-02-16 00:00:00-05:00,7.920410645524818,8.041012692188716,7.8502939602979795,7.9652862548828125,63900,0.0,0.0
2010-02-17 00:00:00-05:00,8.02138180020318,8.02138180020318,7.850296738823098,7.923218727111816,42000,0.0,0.0
2010-02-18 00:00:00-05:00,7.909189197456212,7.909189197456212,7.7128623865073385,7.875533103942871,30000,0.0,0.0
2010-02-19 00:00:00-05:00,7.869925430481089,8.248556744417725,7.869925430481089,8.203681945800781,44100,0.0,0.0
2010-02-22 00:00:00-05:00,8.26258292643574,8.3887939453125,8.195270704004797,8.3887939453125,41400,0.0,0.0
2010-02-23 00:00:00-05:00,8.377573459940189,8.414034038730072,8.251363270329163,8.299041748046875,53100,0.0,0.0
2010-02-24 00:00:00-05:00,8.307455007924146,8.557071685791016,8.256970456499763,8.557071685791016,43500,0.0,0.0
2010-02-25 00:00:00-05:00,8.447690765025483,8.492565573741427,8.352332197716535,8.461714744567871,31500,0.0,0.0
2010-02-26 00:00:00-05:00,8.492566737935372,8.607558250427246,8.343919114292829,8.607558250427246,136500,0.0,0.0
2010-03-01 00:00:00-05:00,8.506586642377222,8.831929727351667,8.498173219647029,8.829124450683594,106200,0.0,0.0
2010-03-02 00:00:00-05:00,8.820711453966325,9.218976541707196,8.70852524678444,9.216171264648438,74100,0.0,0.0
2010-03-03 00:00:00-05:00,9.216174473299047,9.216174473299047,9.036675195434928,9.168495178222656,41700,0.0,0.0
2010-03-04 00:00:00-05:00,9.168493637969592,9.359211588660724,9.165689162830368,9.314336776733398,42600,0.0,0.0
2010-03-05 00:00:00-05:00,9.333963847363998,9.956601873153843,9.333963847363998,9.936969757080078,56700,0.0,0.0
2010-03-08 00:00:00-05:00,9.903318275160329,10.298777290303027,9.903318275160329,10.203418731689453,194100,0.0,0.0
2010-03-09 00:00:00-05:00,10.186593048042456,10.21744468521489,10.046358844256401,10.152936935424805,104700,0.0,0.0
2010-03-10 00:00:00-05:00,10.12488821853672,10.276341103265821,10.12488821853672,10.231466293334961,104400,0.0,0.0
2010-03-11 00:00:00-05:00,10.178173684526204,10.32121228031952,10.147322065350282,10.251094818115234,128100,0.0,0.0
2010-03-12 00:00:00-05:00,10.307191667449342,10.396941278009301,10.220246531613178,10.35487174987793,62100,0.0,0.0
2010-03-15 00:00:00-04:00,10.32401682793483,10.489492820234608,10.32401682793483,10.436203002929688,44700,0.0,0.0
2010-03-16 00:00:00-04:00,10.453036267584851,10.467059445618114,10.195006100618146,10.444622039794922,28500,0.0,0.0
2010-03-17 00:00:00-04:00,10.45584205778873,10.643754738952758,10.410966441517138,10.590466499328613,31800,0.0,0.0
2010-03-18 00:00:00-04:00,10.612906289601385,10.612906289601385,10.394141907643029,10.568032264709473,20400,0.0,0.0
2010-03-19 00:00:00-04:00,10.576439266625574,10.713868141174316,10.413768517654555,10.713868141174316,109800,0.0,0.0
2010-03-22 00:00:00-04:00,10.596073635605153,10.932634681829445,10.545589077459095,10.792401313781738,53100,0.0,0.0
2010-03-23 00:00:00-04:00,10.792400420997325,10.91019717864369,10.643752036059679,10.834470748901367,67800,0.0,0.0
2010-03-24 00:00:00-04:00,10.803623171878218,10.938247629701925,10.593272255922413,10.862521171569824,43500,0.0,0.0
2010-03-25 00:00:00-04:00,10.904591515245999,11.056044431510198,10.826060581515502,10.862521171569824,20400,0.0,0.0
2010-03-26 00:00:00-04:00,10.915807357203356,11.070064708609266,10.736308127181893,10.803620338439941,33000,0.0,0.0
2010-03-29 00:00:00-04:00,10.873734325373434,10.955070495605469,10.640946118618158,10.955070495605469,41400,0.0,0.0
2010-03-30 00:00:00-04:00,10.963487762479451,11.162620744211278,10.854105207375675,11.14859676361084,27300,0.0,0.0
2010-03-31 00:00:00-04:00,11.05884220930826,11.154201543724762,10.921412556695522,10.938241004943848,46200,0.0,0.0
2010-04-01 00:00:00-04:00,10.985922873984647,11.14578914642334,10.854102147565884,11.14578914642334,33900,0.0,0.0
2010-04-05 00:00:00-04:00,11.112136072475998,11.482353268752023,11.050432805217529,11.431869506835938,51900,0.0,0.0
2010-04-06 00:00:00-04:00,11.336509504777208,11.544055898501043,11.336509504777208,11.443087577819824,57600,0.0,0.0
2010-04-07 00:00:00-04:00,11.403819832078142,11.563686112771169,11.38138243119404,11.535639762878418,70800,0.0,0.0
2010-04-08 00:00:00-04:00,11.487962493047457,11.743188993539238,11.3421193516414,11.527228355407715,88200,0.0,0.0
2010-04-09 00:00:00-04:00,11.49917801955967,11.555270713650193,11.386990224104617,11.516006469726562,44100,0.0,0.0
2010-04-12 00:00:00-04:00,11.518807486946953,11.527221710091293,11.372965232042299,11.476737976074219,46800,0.0,0.0
2010-04-13 00:00:00-04:00,11.389798685631815,11.468329602712362,11.308462491122576,11.386993408203125,118500,0.0,0.0
2010-04-14 00:00:00-04:00,11.476746496421159,11.569300612447712,11.415043217453404,11.56088638305664,136800,0.0,0.0
2010-04-15 00:00:00-04:00,11.555273113095778,11.597343444824219,11.429062920335292,11.597343444824219,19800,0.0,0.0
2010-04-16 00:00:00-04:00,11.58893532717022,11.720756143874388,11.569303190782605,11.625396728515625,120900,0.0,0.0
2010-04-19 00:00:00-04:00,11.499177445101177,11.695504271884214,11.499177445101177,11.653434753417969,54300,0.0,0.0
2010-04-20 00:00:00-04:00,11.74599438305257,11.846962719577807,11.678682158702413,11.827330589294434,118200,0.0,0.0
2010-04-21 00:00:00-04:00,11.83293168133399,11.94511945744147,11.785253220549402,11.891830444335938,95100,0.0,0.0
2010-04-22 00:00:00-04:00,11.793669259106087,12.163886329232414,11.193467653900667,12.133034706115723,105600,0.0,0.0
2010-04-23 00:00:00-04:00,12.051702178249514,12.281686782836914,12.051702178249514,12.281686782836914,66900,0.0,0.0
2010-04-26 00:00:00-04:00,12.284487963386091,12.419112357106812,12.278878212435385,12.337776184082031,157800,0.0,0.0
2010-04-27 00:00:00-04:00,12.329365994639483,12.38265583762815,11.981586197022196,12.046093940734863,128700,0.0,0.0
2010-04-28 00:00:00-04:00,12.20034522173094,12.315337473445801,12.124618812656406,12.127423286437988,24900,0.0,0.0
2010-04-29 00:00:00-04:00,12.211567548018628,12.320950082249425,11.981583778672462,12.259246826171875,52800,0.0,0.0
2010-04-30 00:00:00-04:00,12.22278468944778,12.36021355714363,11.810497283935547,11.810497283935547,62700,0.0,0.0
2010-05-03 00:00:00-04:00,11.911471680263093,12.172307177973273,11.810503333466437,12.149868965148926,62700,0.0,0.0
2010-05-04 00:00:00-04:00,11.981583595275879,12.099380353973242,11.855373412862454,11.981583595275879,106500,0.0,0.0
2010-05-05 00:00:00-04:00,11.902831453055967,12.17283952097279,11.548447322406913,11.92251968383789,85200,0.04,0.0
2010-05-06 00:00:00-04:00,11.888768679957488,11.89439423357196,11.421880722045898,11.421880722045898,40800,0.0,0.0
2010-05-07 00:00:00-04:00,11.405006824796068,11.587823253778561,11.179999946462893,11.272814750671387,195000,0.0,0.0
2010-05-10 00:00:00-04:00,11.75095426573044,12.231904965758352,11.599074758485743,11.734078407287598,84900,0.0,0.0
2010-05-11 00:00:00-04:00,11.568135518086107,12.271279881871981,11.41344364539729,12.243154525756836,103200,0.0,0.0
2010-05-12 00:00:00-04:00,12.251593618494914,12.74379463944075,12.150340073741763,12.535663604736328,133200,0.0,0.0
2010-05-13 00:00:00-04:00,12.524413138821286,12.743794475149464,12.299407052682252,12.64254093170166,134100,0.0,0.0
2010-05-14 00:00:00-04:00,12.552542916210886,12.937865748499473,12.44566459217853,12.515978813171387,227700,0.0,0.0
2010-05-17 00:00:00-04:00,12.614415925069418,12.614415925069418,11.759392773896085,12.268468856811523,234900,0.0,0.0
2010-05-18 00:00:00-04:00,12.13065127128023,12.375345566583018,11.98720970458358,12.063149452209473,63600,0.0,0.0
2010-05-19 00:00:00-04:00,12.088461809668013,12.091274184146277,11.750952731722908,11.753765106201172,39300,0.0,0.0
2010-05-20 00:00:00-04:00,11.506263066216645,11.511887817430244,11.250317573547363,11.250317573547363,219900,0.0,0.0
2010-05-21 00:00:00-04:00,11.250315444778206,11.424695574370826,11.210939779677306,11.286879539489746,117000,0.0,0.0
2010-05-24 00:00:00-04:00,11.115309343999456,11.393754532373723,11.115309343999456,11.202499389648438,44100,0.0,0.0
2010-05-25 00:00:00-04:00,11.112498690965843,11.160313087567866,10.797490171797206,10.921242713928223,100500,0.0,0.0
2010-05-26 00:00:00-04:00,11.059059125563367,11.241876361625692,10.949369266737094,10.999995231628418,93000,0.0,0.0
2010-05-27 00:00:00-04:00,11.230627093378066,11.655325468169284,11.20812568057072,11.568136215209961,24300,0.0,0.0
2010-05-28 00:00:00-04:00,11.528756666723499,11.528756666723499,11.292500344598503,11.34312629699707,57900,0.0,0.0
2010-06-01 00:00:00-04:00,11.30656469410541,11.579385138569572,11.222187826050966,11.270001411437988,90900,0.0,0.0
2010-06-02 00:00:00-04:00,11.309376969493119,11.81282901763916,11.295315097073269,11.81282901763916,79200,0.0,0.0
2010-06-03 00:00:00-04:00,11.781889121340814,11.866265978895093,11.56250784326665,11.630009651184082,54300,0.0,0.0
2010-06-04 00:00:00-04:00,11.351567268031426,11.421882271985899,11.115310882551155,11.241876602172852,142500,0.0,0.0
2010-06-07 00:00:00-04:00,11.244686518125226,11.554069387927948,11.18280946135369,11.216560363769531,74100,0.0,0.0
2010-06-08 00:00:00-04:00,11.188435728152843,11.298126369176112,10.907178190070772,11.039368629455566,44400,0.0,0.0
2010-06-09 00:00:00-04:00,11.165935995097197,11.165935995097197,10.552794872461407,10.690610885620117,78900,0.0,0.0
2010-06-10 00:00:00-04:00,10.85373843769465,11.14624708699009,10.735610672021442,11.101245880126953,55800,0.0,0.0
2010-06-11 00:00:00-04:00,11.014057926092292,11.230626878640724,10.971869085498678,11.222188949584961,49500,0.0,0.0
2010-06-14 00:00:00-04:00,11.289691151065231,11.289691151065231,10.887491769235226,10.912805557250977,62100,0.0,0.0
2010-06-15 00:00:00-04:00,11.044996250773785,11.109685697817246,10.552795265792549,11.042183876037598,165600,0.0,0.0
2010-06-16 00:00:00-04:00,10.977494821867134,11.180000294453539,10.940931534932561,11.1771879196167,56700,0.0,0.0
2010-06-17 00:00:00-04:00,11.157497387999957,11.179997991430103,10.873427470865643,10.997179985046387,33600,0.0,0.0
2010-06-18 00:00:00-04:00,11.08156011573402,11.08156011573402,10.735613059856215,10.85655403137207,133500,0.0,0.0
2010-06-21 00:00:00-04:00,11.025308015077444,11.044996247595474,10.715924263000488,10.715924263000488,42900,0.0,0.0
2010-06-22 00:00:00-04:00,10.763736089790301,10.862175619532366,10.513416290283203,10.513416290283203,65400,0.0,0.0
2010-06-23 00:00:00-04:00,10.479668818705624,10.544358271482741,10.271537780761719,10.271537780761719,36000,0.0,0.0
2010-06-24 00:00:00-04:00,10.27435078103519,10.305288514705566,9.655582427978516,9.655582427978516,97200,0.0,0.0
2010-06-25 00:00:00-04:00,9.683706274844553,10.336223721504211,9.57682801485953,10.125280380249023,848400,0.0,0.0
2010-06-28 00:00:00-04:00,10.198408692399108,10.313724085267355,9.959339174413152,10.175908088684082,72600,0.0,0.0
2010-06-29 00:00:00-04:00,10.125282848399825,10.13653315194669,10.007154258815161,10.046530723571777,91500,0.0,0.0
2010-06-30 00:00:00-04:00,10.05778119430124,10.173097411087296,9.894652192502738,10.105595588684082,110700,0.0,0.0
2010-07-01 00:00:00-04:00,10.071843758759963,10.099969113186528,9.77933508367591,10.060592651367188,59700,0.0,0.0
2010-07-02 00:00:00-04:00,10.136535118731814,10.136535118731814,9.703397945793641,9.829963684082031,45300,0.0,0.0
2010-07-06 00:00:00-04:00,9.979026478781684,10.012777381225524,9.67526835678713,9.683706283569336,54000,0.0,0.0
2010-07-07 00:00:00-04:00,9.68933161809728,9.841211103243184,9.666831817922628,9.824336051940918,61800,0.0,0.0
2010-07-08 00:00:00-04:00,9.880589102452351,9.90027653125605,9.24494651385508,9.748397827148438,139500,0.0,0.0
2010-07-09 00:00:00-04:00,9.706208253337842,9.981841087341309,9.53745370334138,9.981841087341309,117600,0.0,0.0
2010-07-12 00:00:00-04:00,9.922781309993194,10.274354038428209,9.742776382033698,10.1702880859375,128700,0.0,0.0
2010-07-13 00:00:00-04:00,10.333414507069431,10.54154473324867,10.271537431382479,10.533106803894043,63900,0.0,0.0
2010-07-14 00:00:00-04:00,10.524670199486538,10.564046668631123,10.451543620625557,10.552796363830566,39000,0.0,0.0
2010-07-15 00:00:00-04:00,10.58935438358039,10.58935438358039,10.125278937985737,10.263094902038574,42000,0.0,0.0
2010-07-16 00:00:00-04:00,10.161843927693457,10.260284263529133,9.6921436554091,9.759645462036133,73800,0.0,0.0
2010-07-19 00:00:00-04:00,9.818714368957473,9.905903636500007,9.484016761303051,9.897465705871582,21600,0.0,0.0
2010-07-20 00:00:00-04:00,9.793399428686818,9.995905716596104,9.647145468580577,9.99309253692627,224700,0.0,0.0
2010-07-21 00:00:00-04:00,10.254659558476506,10.324974549706976,9.886212770354998,9.917150497436523,34500,0.0,0.0
2010-07-22 00:00:00-04:00,9.70339412002655,10.471227786861656,9.70339412002655,10.417789459228516,58800,0.0,0.0
2010-07-23 00:00:00-04:00,10.234972228251493,10.42903973897615,9.860899883304523,10.412164688110352,33600,0.0,0.0
2010-07-26 00:00:00-04:00,10.673737290110019,10.78624034605431,10.544359178116746,10.763740539550781,117900,0.0,0.0
2010-07-27 00:00:00-04:00,10.735610385852878,10.91842758268993,10.513416731717674,10.755298614501953,45000,0.0,0.0
2010-07-28 00:00:00-04:00,10.642796704571545,10.79186382858292,10.54998190241421,10.76092529296875,42600,0.0,0.0
2010-07-29 00:00:00-04:00,10.831241245272084,10.831241245272084,10.547170455078728,10.648423194885254,24600,0.0,0.0
2010-07-30 00:00:00-04:00,10.476854179054646,10.758111733935715,10.358725603662055,10.687797546386719,90300,0.0,0.0
2010-08-02 00:00:00-04:00,10.656858741405689,10.656858741405689,10.15621990418919,10.18715763092041,59400,0.0,0.0
2010-08-03 00:00:00-04:00,10.161844912920225,10.566855791949658,10.161844912920225,10.530292510986328,882900,0.0,0.0
2010-08-04 00:00:00-04:00,10.583906290681659,10.583906290681659,10.397678970888279,10.504900932312012,83100,0.04,0.0
2010-08-05 00:00:00-04:00,10.440002232802355,10.736272896981344,10.420251501008513,10.527473449707031,111900,0.0,0.0
2010-08-06 00:00:00-04:00,10.423073424233102,10.581084949392507,10.420252813361735,10.569798469543457,96000,0.0,0.0
2010-08-09 00:00:00-04:00,10.668555370040817,10.668555370040817,10.386393373814588,10.569798469543457,51900,0.0,0.0
2010-08-10 00:00:00-04:00,10.459756157251348,10.507723499689613,10.403323752243743,10.49079418182373,66600,0.0,0.0
2010-08-11 00:00:00-04:00,10.440000655088388,10.448465714447986,10.29892009970006,10.400498390197754,141600,0.0,0.0
2010-08-12 00:00:00-04:00,10.298916936207261,10.476679091793587,10.298916936207261,10.46821403503418,57300,0.0,0.0
2010-08-13 00:00:00-04:00,10.380750526818723,10.459755891824528,10.290458681097801,10.440004348754883,170400,0.0,0.0
2010-08-16 00:00:00-04:00,10.225555404509352,10.487966537475586,10.225555404509352,10.487966537475586,161400,0.0,0.0
2010-08-17 00:00:00-04:00,10.496431572802706,10.801167209009948,10.437177780105689,10.645977973937988,74100,0.0,0.0
2010-08-18 00:00:00-04:00,10.665730428903402,10.665730428903402,10.37792488418123,10.462573051452637,155400,0.0,0.0
2010-08-19 00:00:00-04:00,10.434357643127441,10.465394848131284,10.313027818609072,10.434357643127441,97500,0.0,0.0
2010-08-20 00:00:00-04:00,10.440004348754883,10.47668601653359,10.160663749237587,10.440004348754883,85800,0.0,0.0
2010-08-23 00:00:00-04:00,10.471038437366696,10.471038437366696,10.341244361557816,10.355351448059082,78300,0.0,0.0
2010-08-24 00:00:00-04:00,10.24813291108844,10.4541117641582,10.24813291108844,10.363819122314453,74100,0.0,0.0
2010-08-25 00:00:00-04:00,10.324319517468805,10.581087190230512,10.239671304310694,10.47668743133545,141300,0.0,0.0
2010-08-26 00:00:00-04:00,10.454112107637902,10.52747462927363,10.375106749792423,10.459754943847656,77100,0.0,0.0
2010-08-27 00:00:00-04:00,10.541580443605133,10.541580443605133,10.400499868168447,10.442824363708496,99300,0.0,0.0
2010-08-30 00:00:00-04:00,10.431533928192687,10.519005117895805,10.352528603768347,10.3920316696167,84900,0.0,0.0
2010-08-31 00:00:00-04:00,10.440001976034035,10.440001976034035,10.11833694512234,10.149374961853027,309300,0.0,0.0
2010-09-01 00:00:00-04:00,10.307386739707272,10.383570671081543,10.293278036186862,10.383570671081543,55800,0.0,0.0
2010-09-02 00:00:00-04:00,10.425894051226557,10.482326441819993,10.397677452293541,10.456932067871094,61500,0.0,0.0
2010-09-03 00:00:00-04:00,10.586727146405872,10.696770511716192,10.456932242240345,10.677018165588379,87600,0.0,0.0
2010-09-07 00:00:00-04:00,10.668553734414628,10.674196569837674,10.445645589752408,10.456932067871094,53400,0.0,0.0
2010-09-08 00:00:00-04:00,10.651626841937208,10.691129930961662,10.160664491335222,10.284815788269043,50700,0.0,0.0
2010-09-09 00:00:00-04:00,10.38921127142707,10.394854913514052,10.259417190696542,10.346887588500977,35100,0.0,0.0
2010-09-10 00:00:00-04:00,10.349709648585154,10.408963449557351,10.310206576422027,10.400498390197754,23700,0.0,0.0
2010-09-13 00:00:00-04:00,10.471039547249207,10.524650517998914,10.29609873973097,10.519007682800293,75900,0.0,0.0
2010-09-14 00:00:00-04:00,10.521829646052856,10.524651063798483,10.284812795422924,10.41742992401123,63900,0.0,0.0
2010-09-15 00:00:00-04:00,10.406142703695062,10.468218738123483,10.25377484265993,10.442824363708496,28200,0.0,0.0
2010-09-16 00:00:00-04:00,10.324315003526042,10.420250464251918,10.259417557206115,10.298920631408691,74700,0.0,0.0
2010-09-17 00:00:00-04:00,10.41178155446922,10.533110535175844,10.403316497802734,10.403316497802734,136800,0.0,0.0
2010-09-20 00:00:00-04:00,10.42024865626112,10.756021499633789,10.37510275487563,10.756021499633789,54600,0.0,0.0
2010-09-21 00:00:00-04:00,10.598011361362188,10.727805430535808,10.43999989153865,10.654443740844727,88500,0.0,0.0
2010-09-22 00:00:00-04:00,10.555691129860802,10.555691129860802,10.383572504877304,10.448469161987305,59100,0.0,0.0
2010-09-23 00:00:00-04:00,10.3468889063498,10.403321298044704,10.276348618549324,10.279170036315918,89400,0.0,0.0
2010-09-24 00:00:00-04:00,10.400501217541558,10.674198150634766,10.290457837769317,10.674198150634766,63900,0.0,0.0
2010-09-27 00:00:00-04:00,10.643156669388917,10.643156669388917,10.403319253635406,10.462573051452637,36600,0.0,0.0
2010-09-28 00:00:00-04:00,10.51618546701648,10.609298706054688,10.42589364558002,10.609298706054688,33600,0.0,0.0
2010-09-29 00:00:00-04:00,10.411787064835881,10.63187381101052,10.307387334937157,10.581084251403809,63900,0.0,0.0
2010-09-30 00:00:00-04:00,10.603653893082145,10.65162121245537,10.332778479295824,10.583902359008789,144600,0.0,0.0
2010-10-01 00:00:00-04:00,10.648802395300256,10.648802395300256,10.403321289803735,10.53311538696289,36300,0.0,0.0
2010-10-04 00:00:00-04:00,10.341241764221664,10.586722767682438,10.341241764221664,10.524646759033203,51600,0.0,0.0
2010-10-05 00:00:00-04:00,10.60082985064053,10.60082985064053,10.375101185137899,10.524646759033203,114600,0.0,0.0
2010-10-06 00:00:00-04:00,10.33842376895285,10.496434464524404,10.33842376895285,10.41742992401123,34800,0.0,0.0
2010-10-07 00:00:00-04:00,10.479505150778039,10.479505150778039,10.344067411716708,10.41742992401123,137400,0.0,0.0
2010-10-08 00:00:00-04:00,10.392036127526131,10.440003464685255,10.290457809691844,10.375106811523438,81300,0.0,0.0
2010-10-11 00:00:00-04:00,10.375108004378017,10.375108004378017,10.262242386535187,10.327139854431152,26700,0.0,0.0
2010-10-12 00:00:00-04:00,10.377928284317086,10.428717039865434,10.341247426724088,10.380749702453613,108300,0.0,0.0
2010-10-13 00:00:00-04:00,10.355353130205737,10.722164886088542,10.327137338074817,10.677018165588379,58500,0.0,0.0
2010-10-14 00:00:00-04:00,10.631872633829687,10.761666725524389,10.609298870847375,10.719342231750488,31500,0.0,0.0
2010-10-15 00:00:00-04:00,10.818096666183957,10.829383141484195,10.682658962581089,10.820918083190918,99300,0.0,0.0
2010-10-18 00:00:00-04:00,10.860421986130001,11.001503341875948,10.730627913825286,10.933784484863281,113100,0.0,0.0
2010-10-19 00:00:00-04:00,10.79270379058469,10.953535884028797,10.79270379058469,10.88299560546875,47100,0.0,0.0
2010-10-20 00:00:00-04:00,10.945071144192651,10.953535396006538,10.558508723488739,10.631871223449707,35100,0.0,0.0
2010-10-21 00:00:00-04:00,10.863248454298418,10.947897468558635,10.69959487739548,10.801173210144043,129600,0.0,0.0
2010-10-22 00:00:00-04:00,10.80963589376385,10.978933077748207,10.620587169829822,10.967646598815918,67200,0.0,0.0
2010-10-25 00:00:00-04:00,10.9958611445733,10.9958611445733,10.82092033734077,10.897104263305664,69600,0.0,0.0
2010-10-26 00:00:00-04:00,10.933782713901426,10.933782713901426,10.784236323433046,10.860420227050781,24900,0.0,0.0
2010-10-27 00:00:00-04:00,10.81810026318575,10.857603343507497,10.634694373120396,10.685483932495117,27300,0.0,0.0
2010-10-28 00:00:00-04:00,10.736274004728228,10.736274004728228,10.490792871781508,10.598014831542969,35400,0.0,0.0
2010-10-29 00:00:00-04:00,10.592370206778906,11.015613555908203,10.561332996230554,11.015613555908203,73800,0.0,0.0
2010-11-01 00:00:00-04:00,11.012792403753723,11.120014356168129,10.868889596996553,11.046651840209961,61800,0.0,0.0
2010-11-02 00:00:00-04:00,11.122833348311893,11.20183787554063,11.111546871954578,11.18773078918457,58500,0.0,0.0
2010-11-03 00:00:00-04:00,11.213206275870547,11.264150021520443,11.13679106225739,11.233016967773438,40500,0.04,0.0
2010-11-04 00:00:00-04:00,11.315087327897327,11.674520922617447,11.133954729934045,11.671690940856934,86400,0.0,0.0
2010-11-05 00:00:00-04:00,11.702824669784937,12.025466136138325,11.544335133512076,11.963202476501465,39900,0.0,0.0
2010-11-08 00:00:00-05:00,11.776413869151247,12.025470211549708,11.544339045868925,12.022640228271484,108300,0.0,0.0
2010-11-09 00:00:00-05:00,11.731128030641589,12.183958443142018,11.725468065468474,11.90093994140625,117000,0.0,0.0
2010-11-10 00:00:00-05:00,11.629242467551816,11.960374753126395,11.617921726413964,11.858488082885742,70500,0.0,0.0
2010-11-11 00:00:00-05:00,12.036792661552903,12.084904810040065,11.637735839527979,11.866981506347656,69600,0.0,0.0
2010-11-12 00:00:00-05:00,11.796222766560035,11.889618671903788,11.201882684318933,11.309430122375488,83400,0.0,0.0
2010-11-15 00:00:00-05:00,11.756603438274972,11.94622527771282,11.448111772100566,11.748112678527832,77700,0.0,0.0
2010-11-16 00:00:00-05:00,11.640562174928654,11.807543294313708,11.368864411748854,11.776411056518555,63900,0.0,0.0
2010-11-17 00:00:00-05:00,11.716975189358784,12.005654413792794,11.54716411902203,11.915087699890137,15300,0.0,0.0
2010-11-18 00:00:00-05:00,11.869805610863974,12.127352622031943,11.742447501281855,12.121692657470703,36000,0.0,0.0
2010-11-19 00:00:00-05:00,12.144338157040687,12.161318866071072,11.932074030958901,11.983016967773438,65400,0.0,0.0
2010-11-22 00:00:00-05:00,11.895278905600039,12.297164764388302,11.450939260328585,12.223580360412598,91500,0.0,0.0
2010-11-23 00:00:00-05:00,12.07641210954943,12.305656914442356,11.8981102347557,12.070752143859863,42300,0.0,0.0
2010-11-24 00:00:00-05:00,12.16980741953224,12.362260818481445,11.89810964650734,12.362260818481445,23400,0.0,0.0
2010-11-26 00:00:00-05:00,12.175466771917723,12.452825287665242,12.056598605247888,12.393391609191895,20700,0.0,0.0
2010-11-29 00:00:00-05:00,12.299994755381134,12.39339146011367,12.0990514342154,12.297163963317871,71700,0.0,0.0
2010-11-30 00:00:00-05:00,12.203770946005534,12.336789864035696,11.954714627436575,12.311318397521973,62700,0.0,0.0
2010-12-01 00:00:00-05:00,12.452828063739068,12.560374705440998,12.39622435502139,12.537734031677246,43500,0.0,0.0
2010-12-02 00:00:00-05:00,12.543391521557329,12.699052712005294,12.503770145303688,12.616976737976074,130500,0.0,0.0
2010-12-03 00:00:00-05:00,12.639617980277135,12.987730916213724,12.61131572716306,12.919806480407715,20700,0.0,0.0
2010-12-06 00:00:00-05:00,12.854713160088876,13.301882806756272,12.854713160088876,13.273580551147461,74400,0.0,0.0
2010-12-07 00:00:00-05:00,13.417917095029871,13.576407422628682,13.301879736182928,13.460370063781738,159300,0.0,0.0
2010-12-08 00:00:00-05:00,13.449050999690982,13.485843199316927,13.092447313356514,13.126409530639648,53100,0.0,0.0
2010-12-09 00:00:00-05:00,13.126412078788505,13.225468767524353,12.999053941684291,13.018864631652832,318000,0.0,0.0
2010-12-10 00:00:00-05:00,12.990563183284468,13.055657648144308,12.846223529380607,13.018864631652832,69600,0.0,0.0
2010-12-13 00:00:00-05:00,13.018866368388673,13.106603137260022,12.925470442701318,12.931130409240723,43500,0.0,0.0
2010-12-14 00:00:00-05:00,12.314145898692528,12.987731111832248,12.053768890847744,12.91131591796875,390600,0.0,0.0
2010-12-15 00:00:00-05:00,12.919808738223647,13.434902061573373,12.919808738223647,13.265090942382812,87900,0.0,0.0
2010-12-16 00:00:00-05:00,13.327354029727726,13.378297765015866,13.112259158203582,13.36414623260498,60600,0.0,0.0
2010-12-17 00:00:00-05:00,13.409427084788192,13.655652535846457,13.279238999027587,13.372634887695312,152100,0.0,0.0
2010-12-20 00:00:00-05:00,13.48018411338366,13.610373026317385,13.299051466342727,13.502824783325195,123600,0.0,0.0
2010-12-21 00:00:00-05:00,13.66414017682483,13.986782359829194,13.661311005044935,13.983951568603516,184200,0.0,0.0
2010-12-22 00:00:00-05:00,13.969807321798399,14.080183939036505,13.717921847203266,13.842449188232422,110400,0.0,0.0
2010-12-23 00:00:00-05:00,13.907546223572341,14.040565974559465,13.848112521418342,13.921698570251465,29400,0.0,0.0
2010-12-27 00:00:00-05:00,13.879243910126672,14.431131954707785,13.879243910126672,14.405659675598145,32400,0.0,0.0
2010-12-28 00:00:00-05:00,14.383013464292882,14.383013464292882,13.918862342834473,13.918862342834473,45600,0.0,0.0
2010-12-29 00:00:00-05:00,13.913203017998281,13.913203017998281,13.477353319907312,13.599051475524902,57000,0.0,0.0
2010-12-30 00:00:00-05:00,13.587729282620554,13.729239738396734,13.316032349256092,13.344334602355957,59100,0.0,0.0
2010-12-31 00:00:00-05:00,13.34433726461182,13.635845752331138,13.33018573037702,13.426411628723145,78600,0.0,0.0
2011-01-03 00:00:00-05:00,13.567919622537712,14.083013704302255,13.42075081028865,13.944334030151367,176700,0.0,0.0
2011-01-04 00:00:00-05:00,13.924523329258733,14.139618201664915,13.389618560017395,13.528297424316406,52200,0.0,0.0
2011-01-05 00:00:00-05:00,13.48301507410603,14.029240608215332,13.47452431618496,14.029240608215332,114000,0.0,0.0
2011-01-06 00:00:00-05:00,14.054712826017036,14.054712826017036,13.870750183834769,13.961316108703613,24300,0.0,0.0
2011-01-07 00:00:00-05:00,13.961312663510007,14.071690869360241,13.644332004689476,13.71225643157959,22800,0.0,0.0
2011-01-10 00:00:00-05:00,13.596225955202321,13.726416538051884,13.533962266848896,13.567924499511719,106200,0.0,0.0
2011-01-11 00:00:00-05:00,13.618863597858684,13.64150507721457,13.420750248633105,13.491504669189453,81000,0.0,0.0
2011-01-12 00:00:00-05:00,13.618865211336093,13.76320324231457,13.522638507811664,13.760374069213867,28800,0.0,0.0
2011-01-13 00:00:00-05:00,13.658481818954224,13.72357706922849,13.516973010510204,13.548105239868164,36000,0.0,0.0
2011-01-14 00:00:00-05:00,13.582065854906682,13.995273114060442,13.582065854906682,13.983951568603516,54000,0.0,0.0
2011-01-18 00:00:00-05:00,13.732070951547785,14.204712899512192,13.686789607084345,13.842449188232422,75000,0.0,0.0
2011-01-19 00:00:00-05:00,13.876412114476617,13.876412114476617,12.871696040742618,12.874526023864746,48300,0.0,0.0
2011-01-20 00:00:00-05:00,12.75565863557439,12.75565863557439,12.09622556229974,12.138678550720215,221700,0.0,0.0
2011-01-21 00:00:00-05:00,12.206604022049879,12.68207607434456,12.206604022049879,12.24056625366211,52800,0.0,0.0
2011-01-24 00:00:00-05:00,12.288677925452177,12.874526561826794,12.212262709898228,12.857545852661133,104700,0.0,0.0
2011-01-25 00:00:00-05:00,12.735841187213085,13.168859981911844,12.608483099230144,13.07546329498291,82200,0.0,0.0
2011-01-26 00:00:00-05:00,12.933955352921132,13.267918350045905,12.933955352921132,13.26225757598877,158400,0.0,0.0
2011-01-27 00:00:00-05:00,13.245277686372129,13.245277686372129,13.016032112585131,13.146220207214355,22500,0.0,0.0
2011-01-28 00:00:00-05:00,13.163204810576763,13.163204810576763,12.274526178847552,12.537734031677246,127500,0.0,0.0
2011-01-31 00:00:00-05:00,12.53207055536023,13.027353102340426,12.421693144715576,12.707542419433594,202500,0.0,0.0
2011-02-01 00:00:00-05:00,12.718864582553106,13.14905356137251,12.379242343793015,13.018864631652832,30600,0.0,0.0
2011-02-02 00:00:00-05:00,12.928298254308952,13.242448997054964,12.687731108223131,12.891505241394043,17700,0.0,0.0
2011-02-03 00:00:00-05:00,12.81792458453595,13.429244733703671,12.81792458453595,13.171697616577148,76500,0.0,0.0
2011-02-04 00:00:00-05:00,13.596222703585966,13.596222703585966,12.730185572940105,12.778299331665039,79800,0.0,0.0
2011-02-07 00:00:00-05:00,12.812264224984716,12.89150943208603,12.254716982015008,12.458490371704102,94800,0.0,0.0
2011-02-08 00:00:00-05:00,12.418863673301926,12.71603369955117,12.271693246571541,12.710372924804688,52200,0.0,0.0
2011-02-09 00:00:00-05:00,12.636591717265668,13.008339494050247,12.253492869525015,12.747264862060547,145500,0.04,0.0
2011-02-10 00:00:00-05:00,12.699022007231461,12.872125622622129,12.395380680243107,12.639429092407227,51900,0.0,0.0
2011-02-11 00:00:00-05:00,12.656456792519432,12.88064065569803,12.525919065440823,12.874964714050293,68400,0.0,0.0
2011-02-14 00:00:00-05:00,12.81253243290744,13.209820688258786,12.684832288590556,13.045228958129883,59100,0.0,0.0
2011-02-15 00:00:00-05:00,12.968608560298268,13.224008027712168,12.872124876356757,12.979960441589355,43500,0.0,0.0
2011-02-16 00:00:00-05:00,12.769969103563371,13.20131068270639,12.76713153833097,13.06509780883789,52200,0.0,0.0
2011-02-17 00:00:00-05:00,12.991314340268508,13.056583206497782,12.727401310356923,12.917531967163086,41100,0.0,0.0
2011-02-18 00:00:00-05:00,12.968610521617132,13.113336881309738,12.72740046339122,12.97144889831543,84000,0.0,0.0
2011-02-22 00:00:00-05:00,12.80969766979191,13.082123404883545,12.588351354083592,12.673484802246094,149400,0.0,0.0
2011-02-23 00:00:00-05:00,12.662127460943562,12.954418461446851,12.349973513295975,12.389701843261719,78600,0.0,0.0
2011-02-24 00:00:00-05:00,12.452137392077695,12.846587322649448,12.386868529142173,12.744427680969238,87600,0.0,0.0
2011-02-25 00:00:00-05:00,12.724564448525838,13.011178826124373,12.517406766519786,12.965774536132812,50100,0.0,0.0
2011-02-28 00:00:00-05:00,13.087794827117063,13.377247494592025,12.923204731409735,13.286438941955566,142500,0.0,0.0
2011-03-01 00:00:00-05:00,13.283605620527172,13.283605620527172,12.738753318786621,12.738753318786621,65100,0.0,0.0
2011-03-02 00:00:00-05:00,12.738752416967333,12.738752416967333,12.310249249709452,12.537271499633789,52800,0.0,0.0
2011-03-03 00:00:00-05:00,12.630918128498218,12.86361470553657,12.525920100427024,12.812535285949707,90300,0.0,0.0
2011-03-04 00:00:00-05:00,12.812534082105259,12.843749731082447,12.511730287392888,12.565648078918457,31500,0.0,0.0
2011-03-07 00:00:00-05:00,12.616725321119493,12.616725321119493,12.020793775896946,12.077549934387207,33000,0.0,0.0
2011-03-08 00:00:00-05:00,12.13714235711929,12.471998482629955,12.029306796975058,12.227950096130371,107700,0.0,0.0
2011-03-09 00:00:00-05:00,12.227953729885794,12.30457367045279,12.074714660644531,12.074714660644531,23700,0.0,0.0
2011-03-10 00:00:00-05:00,11.992415407594656,11.992415407594656,11.660396051559127,11.734177589416504,97200,0.0,0.0
2011-03-11 00:00:00-05:00,11.734179329827203,11.734179329827203,11.572426785855171,11.64337158203125,36000,0.0,0.0
2011-03-14 00:00:00-04:00,11.549726725698553,11.55256429072664,11.322705285597385,11.353920936584473,82500,0.0,0.0
2011-03-15 00:00:00-04:00,11.070140711533135,11.450401939890845,11.067303147174835,11.430538177490234,53100,0.0,0.0
2011-03-16 00:00:00-04:00,11.379461231659294,11.484458450140211,11.351083144238835,11.387974739074707,50400,0.0,0.0
2011-03-17 00:00:00-04:00,11.595131082874568,11.694453166484385,11.422027436738178,11.671751022338867,36300,0.0,0.0
2011-03-18 00:00:00-04:00,11.722827049109767,12.486186981201172,11.62066662519431,12.486186981201172,303900,0.0,0.0
2011-03-21 00:00:00-04:00,12.613891787232538,13.130366012245329,12.352817109462707,12.977126121520996,235500,0.0,0.0
2011-03-22 00:00:00-04:00,12.911854543868564,12.937394248068129,12.761452259376552,12.8040189743042,45000,0.0,0.0
2011-03-23 00:00:00-04:00,12.7699638208747,13.26373569033046,12.71320848024142,13.241033554077148,144300,0.0,0.0
2011-03-24 00:00:00-04:00,13.314818416494273,13.425491554595787,13.062256494076761,13.158740997314453,81900,0.0,0.0
2011-03-25 00:00:00-04:00,13.192795618331761,13.382926268643816,12.999827403122145,13.03104305267334,90900,0.0,0.0
2011-03-28 00:00:00-04:00,13.053740538653285,13.053740538653285,12.699019862271319,12.772801399230957,183000,0.0,0.0
2011-03-29 00:00:00-04:00,12.767130266664001,12.917531763606572,12.733077051588738,12.880640983581543,56700,0.0,0.0
2011-03-30 00:00:00-04:00,12.795505788029145,13.229684829711914,12.764290142177591,13.229684829711914,153300,0.0,0.0
2011-03-31 00:00:00-04:00,12.951582727954149,13.439679537770742,12.951582727954149,13.365897178649902,49500,0.0,0.0
2011-04-01 00:00:00-04:00,13.351708817978214,13.436841436669573,13.337520183511748,13.380086898803711,52800,0.0,0.0
2011-04-04 00:00:00-04:00,13.331848016534707,13.380090686405204,13.164419484378964,13.317659378051758,132900,0.0,0.0
2011-04-05 00:00:00-04:00,13.252386481458263,13.445354666684048,13.252386481458263,13.365897178649902,51300,0.0,0.0
2011-04-06 00:00:00-04:00,13.408464167736643,13.641160695799917,13.354547194385558,13.380086898803711,38400,0.0,0.0
2011-04-07 00:00:00-04:00,13.456709412265331,13.612786045201958,13.320495734752681,13.334684371948242,53100,0.0,0.0
2011-04-08 00:00:00-04:00,13.436840902096074,13.592919122588016,13.408463634292108,13.45386791229248,68100,0.0,0.0
2011-04-11 00:00:00-04:00,13.510624351689154,13.510624351689154,13.346034236582296,13.351709365844727,94500,0.0,0.0
2011-04-12 00:00:00-04:00,13.41130553202681,13.44535875153004,13.138879776000977,13.138879776000977,22500,0.0,0.0
2011-04-13 00:00:00-04:00,13.280765205685544,13.329007051358097,13.045229482726103,13.158740997314453,97200,0.0,0.0
2011-04-14 00:00:00-04:00,13.02252839335018,13.258062496852052,13.02252839335018,13.155902862548828,126600,0.0,0.0
2011-04-15 00:00:00-04:00,13.13603970096378,13.547515821706309,13.13603970096378,13.439681053161621,100800,0.0,0.0
2011-04-18 00:00:00-04:00,13.238200724898553,13.402790865657465,13.116176495919735,13.178606986999512,166800,0.0,0.0
2011-04-19 00:00:00-04:00,13.16441696638766,13.235361769018203,13.039555185456189,13.0736083984375,34200,0.0,0.0
2011-04-20 00:00:00-04:00,13.286438301659642,13.34886958453479,12.996986460026356,13.10482120513916,90600,0.0,0.0
2011-04-21 00:00:00-04:00,13.192792351888691,13.192792351888691,13.008336877041643,13.079280853271484,79800,0.0,0.0
2011-04-25 00:00:00-04:00,13.036713470031177,13.036713470031177,12.798341040210184,12.866447448730469,60600,0.0,0.0
2011-04-26 00:00:00-04:00,12.940236866297237,13.558871632812668,12.894832569146697,13.493602752685547,90900,0.0,0.0
2011-04-27 00:00:00-04:00,13.485083106865241,13.609944867203993,13.050904104040658,13.348870277404785,174000,0.0,0.0
2011-04-28 00:00:00-04:00,13.067932325953448,13.434004136114993,13.059418820349263,13.17576789855957,147000,0.0,0.0
2011-04-29 00:00:00-04:00,13.124684791472115,13.124684791472115,12.667803708461818,12.761449813842773,195000,0.0,0.0
2011-05-02 00:00:00-04:00,12.866450869015098,12.866450869015098,12.435110167056806,12.457812309265137,111000,0.0,0.0
2011-05-03 00:00:00-04:00,12.415245157330087,12.540106935127996,12.213764261166562,12.352814674377441,93000,0.0,0.0
2011-05-04 00:00:00-04:00,12.349979073306745,12.409572001030531,12.233629971121665,12.344303131103516,270900,0.0,0.0
2011-05-05 00:00:00-04:00,12.12011701164515,12.310247644172447,12.071875165328441,12.159845352172852,105900,0.0,0.0
2011-05-06 00:00:00-04:00,12.327274497777834,12.48619030399638,12.185385704040527,12.185385704040527,144000,0.0,0.0
2011-05-09 00:00:00-04:00,12.151330189989428,12.202410405867933,12.06336001513657,12.142817497253418,135000,0.0,0.0
2011-05-10 00:00:00-04:00,12.16836126759882,12.273359298706055,12.120119411729029,12.273359298706055,63600,0.0,0.0
2011-05-11 00:00:00-04:00,12.301811645304326,12.36441581860341,12.190830594738433,12.233515739440918,60300,0.04,0.0
2011-05-12 00:00:00-04:00,12.193678866025564,12.33596244312985,12.139611872028444,12.313197135925293,47400,0.0,0.0
2011-05-13 00:00:00-04:00,12.32457788512736,12.353034105780388,12.1566827638385,12.162374496459961,90000,0.0,0.0
2011-05-16 00:00:00-04:00,12.079852581723735,12.079852581723735,11.849354045012348,11.883502006530762,65400,0.0,0.0
2011-05-17 00:00:00-04:00,11.800975229722072,11.840814918734399,11.746908243421755,11.786747932434082,82200,0.0,0.0
2011-05-18 00:00:00-04:00,11.800977197694616,11.800977197694616,11.695687852841669,11.732681274414062,59400,0.0,0.0
2011-05-19 00:00:00-04:00,11.840815261126146,11.840815261126146,11.63877297906759,11.687149047851562,91200,0.0,0.0
2011-05-20 00:00:00-04:00,11.638773719819914,11.726989484382742,11.559095148571586,11.621699333190918,51600,0.0,0.0
2011-05-23 00:00:00-04:00,11.439579356035194,11.559097645804256,11.43388843536377,11.43388843536377,94500,0.0,0.0
2011-05-24 00:00:00-04:00,11.442419902727313,11.456648826599121,11.382661190580444,11.456648826599121,96300,0.0,0.0
2011-05-25 00:00:00-04:00,11.453804697504316,11.547711372375488,11.411119549235059,11.547711372375488,53700,0.0,0.0
2011-05-26 00:00:00-04:00,11.510721235422537,11.598937836920564,11.468036886129122,11.57332706451416,55200,0.0,0.0
2011-05-27 00:00:00-04:00,11.604623429674328,11.604623429674328,11.482259730584465,11.561938285827637,29700,0.0,0.0
2011-05-31 00:00:00-04:00,11.670078278527738,11.892040458963127,11.550559993489056,11.886348724365234,129900,0.0,0.0
2011-06-01 00:00:00-04:00,11.860737796389317,11.957490770053704,11.265993467628352,11.30867862701416,198000,0.0,0.0
2011-06-02 00:00:00-04:00,11.337133744448861,11.337133744448861,11.123708782618829,11.21192455291748,25500,0.0,0.0
2011-06-03 00:00:00-04:00,11.086716397328582,11.180623910365547,10.96719892859309,11.172086715698242,66000,0.0,0.0
2011-06-06 00:00:00-04:00,11.254611176699648,11.254611176699648,10.856218242569053,10.89605712890625,65100,0.0,0.0
2011-06-07 00:00:00-04:00,11.009876141471905,11.166387747660885,10.8192165928863,10.841981887817383,41400,0.0,0.0
2011-06-08 00:00:00-04:00,10.833447616068945,10.896052601064186,10.67124504954251,10.731003761291504,133800,0.0,0.0
2011-06-09 00:00:00-04:00,10.796458548553455,10.796458548553455,10.554576516856155,10.583033561706543,30600,0.0,0.0
2011-06-10 00:00:00-04:00,10.537502175173382,10.620026215181957,10.30984908952789,10.312694549560547,45600,0.0,0.0
2011-06-13 00:00:00-04:00,10.392374086052966,10.560268455707465,10.24439956676379,10.528965950012207,39600,0.0,0.0
2011-06-14 00:00:00-04:00,10.651332081574308,10.651332081574308,10.429369862866842,10.509048461914062,28800,0.0,0.0
2011-06-15 00:00:00-04:00,10.423676238803406,10.583033408026699,10.34399765419176,10.557422637939453,92100,0.0,0.0
2011-06-16 00:00:00-04:00,10.568803521864657,10.881826887461363,10.568803521864657,10.782228469848633,72900,0.0,0.0
2011-06-17 00:00:00-04:00,10.884672689349017,11.095252184231297,10.78222880879451,11.072486877441406,76200,0.0,0.0
2011-06-20 00:00:00-04:00,11.078178583204275,11.257455577259268,11.078178583204275,11.200541496276855,48600,0.0,0.0
2011-06-21 00:00:00-04:00,11.240381338083651,11.33713348589374,11.063949801510054,11.177776336669922,54300,0.0,0.0
2011-06-22 00:00:00-04:00,11.126551588301282,11.194847494662868,10.95865809577595,11.029799461364746,45000,0.0,0.0
2011-06-23 00:00:00-04:00,10.941587406401544,11.17208677881073,10.676940883433627,11.11801815032959,43200,0.0,0.0
2011-06-24 00:00:00-04:00,10.998498620989746,11.098097036279125,10.716777761354784,10.725314140319824,327900,0.0,0.0
2011-06-27 00:00:00-04:00,10.750927621107975,10.870445089272177,10.671249037614611,10.748082160949707,32700,0.0,0.0
2011-06-28 00:00:00-04:00,10.822066548927754,10.915973218944167,10.671245808060341,10.913126945495605,35700,0.0,0.0
2011-06-29 00:00:00-04:00,10.972888039956638,11.13793691499072,10.91597477514343,10.941585540771484,59700,0.0,0.0
2011-06-30 00:00:00-04:00,11.026952904438781,11.45095641068755,10.938736349814135,11.283062934875488,24600,0.0,0.0
2011-07-01 00:00:00-04:00,11.328601579532675,11.84366665096953,11.246076698342655,11.7355318069458,68400,0.0,0.0
2011-07-05 00:00:00-04:00,11.749755093328348,11.91480397367301,11.584706212983688,11.718453407287598,66300,0.0,0.0
2011-07-06 00:00:00-04:00,11.695687462141757,11.946105839138442,11.439577351319347,11.840816497802734,65700,0.0,0.0
2011-07-07 00:00:00-04:00,11.943255915389484,12.236359336998154,11.917645158125,12.122532844543457,49800,0.0,0.0
2011-07-08 00:00:00-04:00,11.985943453034306,12.327422998758347,11.97740626085334,12.213597297668457,61200,0.0,0.0
2011-07-11 00:00:00-04:00,12.06846701119178,12.313193586009865,11.860733032226562,11.860733032226562,44700,0.0,0.0
2011-07-12 00:00:00-04:00,11.874960530328515,11.994478759618751,11.718449707089597,11.85504150390625,59400,0.0,0.0
2011-07-13 00:00:00-04:00,11.860733658939708,12.296119853171875,11.820894787788093,12.193675994873047,99600,0.0,0.0
2011-07-14 00:00:00-04:00,12.162372261406485,12.230668155404873,11.997323443834741,12.008706092834473,54600,0.0,0.0
2011-07-15 00:00:00-04:00,12.037163767582042,12.037163767582042,11.519251989108112,11.544862747192383,57600,0.0,0.0
2011-07-18 00:00:00-04:00,11.513563834782168,11.513563834782168,11.135090033803483,11.160700798034668,68700,0.0,0.0
2011-07-19 00:00:00-04:00,11.228994861798279,11.579011567171765,11.015569962019189,11.479413986206055,58800,0.0,0.0
2011-07-20 00:00:00-04:00,11.433883103923613,11.530636037589122,11.189155717826603,11.524944305419922,24600,0.0,0.0
2011-07-21 00:00:00-04:00,11.570479460967134,11.9802550290115,11.425350410413499,11.971717834472656,62100,0.0,0.0
2011-07-22 00:00:00-04:00,11.909111161141574,12.244899811002009,11.909111161141574,12.085542678833008,32100,0.0,0.0
2011-07-25 00:00:00-04:00,11.926187203810883,12.005864966815118,11.766829235347538,11.803823471069336,41100,0.0,0.0
2011-07-26 00:00:00-04:00,11.98025378276077,12.666060079925856,11.88350163522415,12.432714462280273,114600,0.0,0.0
2011-07-27 00:00:00-04:00,12.321733452222132,12.321733452222132,11.322904652060256,11.411120414733887,187500,0.0,0.0
2011-07-28 00:00:00-04:00,11.396891498831218,11.561939545599767,11.30013854984675,11.365588188171387,61200,0.0,0.0
2011-07-29 00:00:00-04:00,11.342828408103625,11.761141245938353,11.248921693738225,11.300143241882324,112800,0.0,0.0
2011-08-01 00:00:00-04:00,11.678612439746736,11.75260008539029,11.103788102259582,11.197694778442383,81000,0.0,0.0
2011-08-02 00:00:00-04:00,11.146476714918952,11.396895138658868,11.072489046283556,11.083870887756348,79200,0.0,0.0
2011-08-03 00:00:00-04:00,11.155015738038914,11.396897837962925,11.155015738038914,11.345675468444824,37800,0.0,0.0
2011-08-04 00:00:00-04:00,11.166389567284371,11.322901198977767,11.155006917963966,11.1749267578125,78900,0.0,0.0
2011-08-05 00:00:00-04:00,11.314368436897702,11.664385244034696,11.10094347506767,11.21192455291748,80700,0.0,0.0
2011-08-08 00:00:00-04:00,11.083869715279956,11.240382231250848,9.965523307856099,9.976906776428223,152400,0.0,0.0
2011-08-09 00:00:00-04:00,10.204554262398458,11.118012461631677,9.823235925315075,10.822064399719238,147300,0.0,0.0
2011-08-10 00:00:00-04:00,10.539455153988975,10.910561947614676,9.41185835645677,9.743000984191895,74400,0.04,0.0
2011-08-11 00:00:00-04:00,10.619385174644668,10.619385174644668,9.891443916606395,10.253987312316895,114300,0.0,0.0
2011-08-12 00:00:00-04:00,10.376739670307305,10.582275993803142,9.54032040797907,9.985649108886719,215100,0.0,0.0
2011-08-15 00:00:00-04:00,9.98564774839174,10.271114825464707,9.845769084808145,10.191184043884277,99000,0.0,0.0
2011-08-16 00:00:00-04:00,10.082704095241523,10.082704095241523,9.677341336619795,9.811511039733887,41700,0.0,0.0
2011-08-17 00:00:00-04:00,9.680196752749133,9.991356446550713,9.591701763989837,9.745854377746582,51600,0.0,0.0
2011-08-18 00:00:00-04:00,9.417569782236907,9.7315832160502,9.189195262106168,9.266271591186523,111300,0.0,0.0
2011-08-19 00:00:00-04:00,9.15779163614359,9.420422153350653,9.154937169668367,9.240577697753906,105900,0.0,0.0
2011-08-22 00:00:00-04:00,9.520336825433414,9.534609976029705,8.906581549048589,9.01220417022705,118200,0.0,0.0
2011-08-23 00:00:00-04:00,9.009350026919925,9.597412619960545,8.997931343722328,9.546028137207031,59700,0.0,0.0
2011-08-24 00:00:00-04:00,9.568868782429181,9.845772557400059,9.389024256260107,9.691619873046875,88800,0.0,0.0
2011-08-25 00:00:00-04:00,9.957102668655025,9.957102668655025,9.420423681293515,9.543174743652344,52200,0.0,0.0
2011-08-26 00:00:00-04:00,9.694472881235498,9.694472881235498,9.291964425374168,9.486082077026367,49800,0.0,0.0
2011-08-29 00:00:00-04:00,9.57742540237232,10.102685409386432,9.471802834594738,10.085556983947754,76800,0.0,0.0
2011-08-30 00:00:00-04:00,10.017048177287858,10.199747085571289,9.857186632539857,10.199747085571289,28800,0.0,0.0
2011-08-31 00:00:00-04:00,10.231153085094578,10.288246518600982,9.842916920522125,9.991360664367676,79800,0.0,0.0
2011-09-01 00:00:00-04:00,10.165493895337061,10.328210768773873,9.740147267480928,9.848625183105469,75300,0.0,0.0
2011-09-02 00:00:00-04:00,9.580286397798885,10.074144313786626,9.563157962145372,9.597414016723633,167400,0.0,0.0
2011-09-06 00:00:00-04:00,9.27483497832696,9.508918411707151,9.27483497832696,9.426133155822754,47700,0.0,0.0
2011-09-07 00:00:00-04:00,9.383314115233729,10.042744232020922,9.383314115233729,10.019906044006348,173700,0.0,0.0
2011-09-08 00:00:00-04:00,9.928554294114214,10.119817439186608,9.685907483734134,9.774401664733887,60900,0.0,0.0
2011-09-09 00:00:00-04:00,9.625961161790439,9.757276457514752,9.374750072928029,9.506065368652344,131400,0.0,0.0
2011-09-12 00:00:00-04:00,9.349057275378044,9.788677044177735,9.349057275378044,9.665925979614258,26700,0.0,0.0
2011-09-13 00:00:00-04:00,9.75441693586908,10.405281692486797,9.691613787831237,10.091267585754395,276300,0.0,0.0
2011-09-14 00:00:00-04:00,10.208313413969611,10.59940395800715,9.939973928523836,10.419559478759766,72300,0.0,0.0
2011-09-15 00:00:00-04:00,10.548022164835107,10.548022164835107,10.211170488576496,10.456672668457031,42900,0.0,0.0
2011-09-16 00:00:00-04:00,10.499487739120923,10.499487739120923,10.12552490297594,10.276823043823242,130800,0.0,0.0
2011-09-19 00:00:00-04:00,10.099833220846188,10.43668555158037,10.005629302264202,10.368172645568848,92700,0.0,0.0
2011-09-20 00:00:00-04:00,10.351041861149303,10.52803096255539,10.051300949798678,10.085556983947754,65400,0.0,0.0
2011-09-21 00:00:00-04:00,10.074139877933737,10.236855861351062,9.631665830279514,9.705886840820312,90900,0.0,0.0
2011-09-22 00:00:00-04:00,9.451827780856371,9.580288627975573,9.331931153557573,9.363332748413086,71700,0.0,0.0
2011-09-23 00:00:00-04:00,9.360473535679512,9.64594057890865,8.823794677680192,8.875178337097168,99000,0.0,0.0
2011-09-26 00:00:00-04:00,8.935127502766061,9.149228000728941,8.629677546123403,9.020767211914062,116400,0.0,0.0
2011-09-27 00:00:00-04:00,9.274834587447682,9.423277475104175,9.0493153808643,9.152084350585938,120000,0.0,0.0
2011-09-28 00:00:00-04:00,9.180629430430415,9.180629430430415,8.655369234926791,8.703898429870605,39000,0.0,0.0
2011-09-29 00:00:00-04:00,8.863761977582651,9.134955918894027,8.758139357830288,9.083571434020996,38400,0.0,0.0
2011-09-30 00:00:00-04:00,8.975093651985217,9.226304696086187,8.818087361968628,9.01220417022705,143700,0.0,0.0
2011-10-03 00:00:00-04:00,8.88945986735527,9.069304461832054,8.621120209979852,8.626829147338867,108000,0.0,0.0
2011-10-04 00:00:00-04:00,8.566875501138966,9.617395229562625,8.535474733172864,9.01220417022705,200700,0.0,0.0
2011-10-05 00:00:00-04:00,8.983657745603297,9.260560620318817,8.809523023880734,9.152084350585938,126000,0.0,0.0
2011-10-06 00:00:00-04:00,9.094989792866619,9.337636607976151,9.063588209717295,9.189193725585938,105600,0.0,0.0
2011-10-07 00:00:00-04:00,9.254852440859777,9.254852440859777,8.795249813876108,8.957965850830078,76200,0.0,0.0
2011-10-10 00:00:00-04:00,9.109264090837732,9.380457215599527,8.989367503873929,9.337636947631836,102600,0.0,0.0
2011-10-11 00:00:00-04:00,9.28053965245831,9.537460313601242,9.17777155134679,9.471802711486816,102000,0.0,0.0
2011-10-12 00:00:00-04:00,9.503210622884017,10.196895972574143,9.477517967911188,10.119819641113281,75300,0.0,0.0
2011-10-13 00:00:00-04:00,10.022756436630495,10.085559590499031,9.842912006686081,9.999919891357422,62700,0.0,0.0
2011-10-14 00:00:00-04:00,10.091273516511837,10.32821228544272,10.011342709950952,10.248281478881836,49500,0.0,0.0
2011-10-17 00:00:00-04:00,10.17120010636913,10.17120010636913,9.908569626622691,9.999919891357422,67500,0.0,0.0
2011-10-18 00:00:00-04:00,9.999922993803288,10.764974858210602,9.999922993803288,10.693608283996582,68100,0.0,0.0
2011-10-19 00:00:00-04:00,10.619381195261182,10.856319803737536,10.530887046186429,10.679329872131348,70800,0.0,0.0
2011-10-20 00:00:00-04:00,10.593691549543909,10.725005975739748,10.205456386496678,10.570854187011719,26700,0.0,0.0
2011-10-21 00:00:00-04:00,10.910563086321684,10.910563086321684,10.331063835668715,10.473797798156738,112200,0.0,0.0
2011-10-24 00:00:00-04:00,10.436689493040921,10.830633746828614,10.331065219565254,10.813506126403809,39300,0.0,0.0
2011-10-25 00:00:00-04:00,10.756408576857085,10.756408576857085,10.259694707142959,10.336771011352539,37500,0.0,0.0
2011-10-26 00:00:00-04:00,10.559438536429532,10.722155403719436,10.259697454618916,10.693608283996582,39300,0.0,0.0
2011-10-27 00:00:00-04:00,10.850611148222148,11.692739007443915,10.850611148222148,11.681321144104004,97800,0.0,0.0
2011-10-28 00:00:00-04:00,11.704162619656184,12.046723142157283,11.561428660249705,11.638504981994629,83400,0.0,0.0
2011-10-31 00:00:00-04:00,11.50718864650789,11.592828354800455,11.167481829524991,11.347326278686523,41100,0.0,0.0
2011-11-01 00:00:00-04:00,10.762122051793453,11.275963752257828,10.49378251525603,10.576568603515625,59400,0.0,0.0
2011-11-02 00:00:00-04:00,10.82859249307552,11.157946555441407,10.450550724191523,10.645299911499023,56100,0.04,0.0
2011-11-03 00:00:00-04:00,11.049113312098877,11.049113312098877,10.513555234247491,10.817133903503418,99000,0.0,0.0
2011-11-04 00:00:00-04:00,10.630982279892015,10.785635844797309,10.421914330466972,10.642438888549805,56700,0.0,0.0
2011-11-07 00:00:00-05:00,10.65962123532562,10.8916015625,10.441960438653577,10.8916015625,75300,0.0,0.0
2011-11-08 00:00:00-05:00,10.894463466653878,11.169402338948686,10.642436167050304,11.140763282775879,36300,0.0,0.0
2011-11-09 00:00:00-05:00,10.883007668681914,11.023340846420187,10.502102158560218,10.708306312561035,99000,0.0,0.0
2011-11-10 00:00:00-05:00,10.848640643178245,11.135035310316729,10.676803842895154,10.883008003234863,98400,0.0,0.0
2011-11-11 00:00:00-05:00,11.026207520362819,11.169405297301944,10.871553954043868,11.112126350402832,63900,0.0,0.0
2011-11-14 00:00:00-05:00,10.91737382228335,10.980380230469095,10.714033432471286,10.797087669372559,23100,0.0,0.0
2011-11-15 00:00:00-05:00,10.691124255652626,11.283962335326049,10.691124255652626,11.097805976867676,27000,0.0,0.0
2011-11-16 00:00:00-05:00,10.71976507042201,11.495894955173137,10.71976507042201,11.086349487304688,122100,0.0,0.0
2011-11-17 00:00:00-05:00,11.149361420754053,11.27537432004221,10.954612127061282,11.009026527404785,45600,0.0,0.0
2011-11-18 00:00:00-05:00,11.017613177551727,11.097804505882321,10.903055307625905,10.966062545776367,23400,0.0,0.0
2011-11-21 00:00:00-05:00,10.559380183539528,10.943149402446373,10.467733900741761,10.522149085998535,30000,0.0,0.0
2011-11-22 00:00:00-05:00,10.482053453316132,10.633843224109366,10.396135472673503,10.398999214172363,48600,0.0,0.0
2011-11-23 00:00:00-05:00,10.341724199644142,10.341724199644142,9.857716469789246,9.886356353759766,129900,0.0,0.0
2011-11-25 00:00:00-05:00,9.846257113128821,9.937903397621955,9.6457812754913,9.660099983215332,20400,0.0,0.0
2011-11-28 00:00:00-05:00,9.949361657412949,10.14983754490526,9.851987865615072,10.023824691772461,89400,0.0,0.0
2011-11-29 00:00:00-05:00,10.043869180299046,10.043869180299046,9.877760699824778,9.920720100402832,27000,0.0,0.0
2011-11-30 00:00:00-05:00,10.350314482638387,10.464872360229492,10.101150894032093,10.464872360229492,203700,0.0,0.0
2011-12-01 00:00:00-05:00,10.356042103155572,10.507831088116319,10.112606814915491,10.235755920410156,43800,0.0,0.0
2011-12-02 00:00:00-05:00,10.390408450508787,10.974653576764416,10.181340546449212,10.573701858520508,19200,0.0,0.0
2011-12-05 00:00:00-05:00,10.716901627700011,10.716901627700011,10.390411207870377,10.622390747070312,87000,0.0,0.0
2011-12-06 00:00:00-05:00,10.602338794877587,10.71116915729667,10.238617432230816,10.539332389831543,35100,0.0,0.0
2011-12-07 00:00:00-05:00,10.739809595224749,10.811408052732098,10.321672997392232,10.608068466186523,27900,0.0,0.0
2011-12-08 00:00:00-05:00,10.510692866712914,10.510692866712914,10.063917221689715,10.095420837402344,35700,0.0,0.0
2011-12-09 00:00:00-05:00,10.189933432475597,10.3617710816993,10.17275015918281,10.307355880737305,43800,0.0,0.0
2011-12-12 00:00:00-05:00,10.118329358657213,10.118329358657213,9.957948406228306,10.015227317810059,26100,0.0,0.0
2011-12-13 00:00:00-05:00,10.146972168726801,10.178475784084464,9.889216582118772,9.969407081604004,48300,0.0,0.0
2011-12-14 00:00:00-05:00,9.880625879172758,10.055326429061237,9.880625879172758,10.038143157958984,54300,0.0,0.0
2011-12-15 00:00:00-05:00,10.175610196056708,10.456277325616945,10.175610196056708,10.401862144470215,30900,0.0,0.0
2011-12-16 00:00:00-05:00,10.450553757907555,10.63098265011967,9.937906965147718,9.949362754821777,115200,0.0,0.0
2011-12-19 00:00:00-05:00,10.078234866025161,10.078234866025161,9.70019400625459,9.725969314575195,77700,0.0,0.0
2011-12-20 00:00:00-05:00,9.972272182389696,10.433368231814011,9.806162858266937,10.410456657409668,99000,0.0,0.0
2011-12-21 00:00:00-05:00,10.335993757533144,10.553653717041016,10.138381630720318,10.553653717041016,22200,0.0,0.0
2011-12-22 00:00:00-05:00,10.146973887152111,10.550790194530553,10.146973887152111,10.525014877319336,20400,0.0,0.0
2011-12-23 00:00:00-05:00,10.593748282313456,10.596612024006063,10.295897022956046,10.550788879394531,139800,0.0,0.0
2011-12-27 00:00:00-05:00,10.550788575039858,10.550788575039858,10.20138669776477,10.327401161193848,32700,0.0,0.0
2011-12-28 00:00:00-05:00,10.184204888617664,10.184204888617664,10.104014376365484,10.167020797729492,70500,0.0,0.0
2011-12-29 00:00:00-05:00,10.224301301022239,10.399002701151797,10.132654987268769,10.284444808959961,103200,0.0,0.0
2011-12-30 00:00:00-05:00,10.232887551232372,10.50496341529548,10.066779111339795,10.298758506774902,39900,0.0,0.0
2012-01-03 00:00:00-05:00,10.479191166783501,10.828593079011084,10.373224522788874,10.734082221984863,79800,0.0,0.0
2012-01-04 00:00:00-05:00,10.61379937870515,10.862963009041557,10.608071893557636,10.788500785827637,74400,0.0,0.0
2012-01-05 00:00:00-05:00,10.865822495124958,11.129305554498112,10.739808858033449,11.123578071594238,63300,0.0,0.0
2012-01-06 00:00:00-05:00,10.845776078919206,11.321192455309106,10.845776078919206,11.24100112915039,51900,0.0,0.0
2012-01-09 00:00:00-05:00,11.169405109827231,11.172268852278448,10.943153068527627,11.000432014465332,28800,0.0,0.0
2012-01-10 00:00:00-05:00,11.16367404560813,11.424294209421335,11.109259674956883,11.358423233032227,21000,0.0,0.0
2012-01-11 00:00:00-05:00,11.329784362838973,11.507348644571394,11.269640868948931,11.45579719543457,33000,0.0,0.0
2012-01-12 00:00:00-05:00,11.633362296549478,11.633362296549478,11.364151722469359,11.45579719543457,26700,0.0,0.0
2012-01-13 00:00:00-05:00,11.24386536947833,11.679185250983137,11.24386536947833,11.358423233032227,31800,0.0,0.0
2012-01-17 00:00:00-05:00,11.47011645433203,11.616177923741683,11.301142594627962,11.593265533447266,52500,0.0,0.0
2012-01-18 00:00:00-05:00,11.501620560023241,11.713552190312473,11.329783770849899,11.70782470703125,39900,0.0,0.0
2012-01-19 00:00:00-05:00,11.510212417628814,11.873933846217403,11.510212417628814,11.687777519226074,22200,0.0,0.0
2012-01-20 00:00:00-05:00,11.664864395864807,12.028585776116332,11.610449212021475,11.86247730255127,49200,0.0,0.0
2012-01-23 00:00:00-05:00,11.948394594328919,11.97989738687576,11.447203002862064,11.730733871459961,59400,0.0,0.0
2012-01-24 00:00:00-05:00,11.627633669343613,11.63336197214685,11.455796875983442,11.573219299316406,69000,0.0,0.0
2012-01-25 00:00:00-05:00,11.558899744825833,11.776560517393891,11.46152596493409,11.633362770080566,54000,0.0,0.0
2012-01-26 00:00:00-05:00,11.641954802837525,11.641954802837525,11.157947187651333,11.261049270629883,47400,0.0,0.0
2012-01-27 00:00:00-05:00,11.26104634313797,11.298277436355766,11.086345022303872,11.22954273223877,33900,0.0,0.0
2012-01-30 00:00:00-05:00,11.080620675499224,11.106396811373772,10.925967957164627,11.031933784484863,41400,0.0,0.0
2012-01-31 00:00:00-05:00,11.100667762558054,11.19804153804739,10.894463605705067,11.143627166748047,51600,0.0,0.0
2012-02-01 00:00:00-05:00,11.189447611539215,11.684911727905273,11.16080855981727,11.684911727905273,50700,0.0,0.0
2012-02-02 00:00:00-05:00,11.578943867772953,11.885385435897371,11.481568487199874,11.790875434875488,39300,0.0,0.0
2012-02-03 00:00:00-05:00,12.04290781491,12.569874001387848,11.779423902288581,12.526914596557617,153300,0.0,0.0
2012-02-06 00:00:00-05:00,12.326439894473063,12.584194708837563,12.314983287354679,12.498276710510254,66600,0.0,0.0
2012-02-07 00:00:00-05:00,12.383718514944157,12.561283641726678,12.05436439936479,12.320712089538574,66300,0.0,0.0
2012-02-08 00:00:00-05:00,12.277630436730607,12.340813093030961,12.16849563720121,12.269014358520508,10200,0.04,0.0
2012-02-09 00:00:00-05:00,12.320714599728625,12.320714599728625,12.13978099822998,12.13978099822998,12300,0.0,0.0
2012-02-10 00:00:00-05:00,12.062237836469594,12.062237836469594,11.660162803694076,11.835352897644043,44400,0.0,0.0
2012-02-13 00:00:00-05:00,11.93299317411674,12.053614958596288,11.841089727439266,11.941608428955078,13800,0.0,0.0
2012-02-14 00:00:00-05:00,12.007665792728861,12.007665792728861,11.663030089264529,11.72334098815918,36300,0.0,0.0
2012-02-15 00:00:00-05:00,11.843966626650866,11.843966626650866,11.404556424107193,11.430404663085938,45300,0.0,0.0
2012-02-16 00:00:00-05:00,11.401680589353335,11.68600456341776,11.401680589353335,11.6084623336792,60300,0.0,0.0
2012-02-17 00:00:00-05:00,11.637182052372367,11.694620374572333,11.53379159339864,11.58548641204834,63600,0.0,0.0
2012-02-21 00:00:00-05:00,11.657286724674176,11.723341954547632,11.44476145254745,11.49645709991455,80100,0.0,0.0
2012-02-22 00:00:00-05:00,11.513690827113688,11.513690827113688,11.327013750716537,11.344245910644531,34800,0.0,0.0
2012-02-23 00:00:00-05:00,11.28105962735696,11.800884545840804,11.255211393863297,11.74344539642334,54300,0.0,0.0
2012-02-24 00:00:00-05:00,11.551025707794292,11.582616628278096,11.304036918810288,11.36147689819336,24600,0.0,0.0
2012-02-27 00:00:00-05:00,11.260957110301817,11.28680534698758,11.171927033965883,11.255212783813477,33600,0.0,0.0
2012-02-28 00:00:00-05:00,11.289675618095297,11.289675618095297,11.114485597467713,11.197772979736328,50400,0.0,0.0
2012-02-29 00:00:00-05:00,11.252336215454212,11.304031019576676,11.008219306334276,11.054170608520508,77100,0.0,0.0
2012-03-01 00:00:00-05:00,11.125973733634675,11.131718059527492,10.91344928741455,10.91344928741455,84600,0.0,0.0
2012-03-02 00:00:00-05:00,10.956526964248049,11.034070009530504,10.66358693614734,10.73825740814209,45600,0.0,0.0
2012-03-05 00:00:00-05:00,10.72677244384651,10.744004601476265,10.54583889710659,10.60615062713623,228300,0.0,0.0
2012-03-06 00:00:00-05:00,10.425219601606296,10.617640204401253,10.33906043597,10.344804763793945,49200,0.0,0.0
2012-03-07 00:00:00-05:00,10.344799175843221,10.430957473264685,10.32469445015673,10.36777400970459,126300,0.0,0.0
2012-03-08 00:00:00-05:00,10.445320388152744,10.551583445194625,10.425217299395067,10.46829605102539,149100,0.0,0.0
2012-03-09 00:00:00-05:00,10.669333136598468,10.70666920370874,10.53147916421297,10.568815231323242,236700,0.0,0.0
2012-03-12 00:00:00-04:00,10.537223011407264,10.669333483408234,10.511375596163427,10.57455825805664,193200,0.0,0.0
2012-03-13 00:00:00-04:00,10.723898171168,10.939295160870975,10.64635512340704,10.827288627624512,287100,0.0,0.0
2012-03-14 00:00:00-04:00,10.761233488118497,10.924935661643692,10.746873907811686,10.798568725585938,104100,0.0,0.0
2012-03-15 00:00:00-04:00,10.787083495450533,10.907705304574616,10.663589112452486,10.775595664978027,168300,0.0,0.0
2012-03-16 00:00:00-04:00,10.769852887259429,11.197775250137427,10.663590645530308,11.059921264648438,192300,0.0,0.0
2012-03-19 00:00:00-04:00,11.080021652008918,11.482096499953661,11.025455078985143,11.324138641357422,116400,0.0,0.0
2012-03-20 00:00:00-04:00,11.200643169588185,11.470606721278045,11.200643169588185,11.286802291870117,86400,0.0,0.0
2012-03-21 00:00:00-04:00,11.37009185751859,11.37009185751859,11.169054399971765,11.1776704788208,33900,0.0,0.0
2012-03-22 00:00:00-04:00,11.105868654466816,11.120228234110677,10.85026386409987,10.979501724243164,36900,0.0,0.0
2012-03-23 00:00:00-04:00,11.025455159702991,11.312650894855832,10.99960774895783,11.283931732177734,46200,0.0,0.0
2012-03-26 00:00:00-04:00,11.441890303149057,11.562512938910494,11.266701086653965,11.513689041137695,39900,0.0,0.0
2012-03-27 00:00:00-04:00,11.281060544043239,11.539537148262541,11.281060544043239,11.370091438293457,35400,0.0,0.0
2012-03-28 00:00:00-04:00,11.364347976100504,11.688879837610832,11.364347976100504,11.67739200592041,72300,0.0,0.0
2012-03-29 00:00:00-04:00,11.551027807156046,11.783657054411153,11.536668220537733,11.769296646118164,139200,0.0,0.0
2012-03-30 00:00:00-04:00,11.829605302213784,11.858325291626004,11.734830898335042,11.775038719177246,77400,0.0,0.0
2012-04-02 00:00:00-04:00,11.694623077492837,11.783654798168364,11.605593000166346,11.775038719177246,61500,0.0,0.0
2012-04-03 00:00:00-04:00,11.73195809680297,11.786525496634509,11.364346702241438,11.441889762878418,69900,0.0,0.0
2012-04-04 00:00:00-04:00,11.292546541222018,11.327010028076918,11.111613029815208,11.220746994018555,51900,0.0,0.0
2012-04-05 00:00:00-04:00,11.189156294135524,11.688877273902936,11.146077551000754,11.180541038513184,72300,0.0,0.0
2012-04-09 00:00:00-04:00,10.930681388005512,11.091510187072672,10.726771377472273,10.752618789672852,116700,0.0,0.0
2012-04-10 00:00:00-04:00,10.749745680304924,10.827287901189035,10.5946595951882,10.62337875366211,64500,0.0,0.0
2012-04-11 00:00:00-04:00,10.769850984473003,11.062791062718576,10.769850984473003,11.0197114944458,40800,0.0,0.0
2012-04-12 00:00:00-04:00,11.051305316729177,11.246598465164015,10.95653090599562,11.217879295349121,31200,0.0,0.0
2012-04-13 00:00:00-04:00,11.111619529450312,11.111619529450312,10.683697034437062,10.772727966308594,67800,0.0,0.0
2012-04-16 00:00:00-04:00,10.818673008478504,11.140332195519905,10.75836129465253,11.125971794128418,43800,0.0,0.0
2012-04-17 00:00:00-04:00,11.217876158526778,11.487839730330867,11.217876158526778,11.3959379196167,29400,0.0,0.0
2012-04-18 00:00:00-04:00,11.281062164026341,11.281062164026341,11.074281179626526,11.174799919128418,34800,0.0,0.0
2012-04-19 00:00:00-04:00,11.232238764886324,11.249470923937924,10.970889556542655,11.085768699645996,43800,0.0,0.0
2012-04-20 00:00:00-04:00,11.312652544658992,11.395939936255477,11.022584193596149,11.272444725036621,67800,0.0,0.0
2012-04-23 00:00:00-04:00,11.042688193915513,11.281060896228272,11.042688193915513,11.111615180969238,73500,0.0,0.0
2012-04-24 00:00:00-04:00,11.100125446777373,11.436144245638273,11.100125446777373,11.433273315429688,23400,0.0,0.0
2012-04-25 00:00:00-04:00,11.505072780302664,11.717598045081372,11.441889304780148,11.688878059387207,29400,0.0,0.0
2012-04-26 00:00:00-04:00,11.622822831797597,11.697494137262899,11.439017552713054,11.688878059387207,26700,0.0,0.0
2012-04-27 00:00:00-04:00,11.754935289465863,11.754935289465863,10.669333942425666,11.502202987670898,73800,0.0,0.0
2012-04-30 00:00:00-04:00,11.542410908197166,11.542410908197166,11.430405154505547,11.461996078491211,57000,0.0,0.0
2012-05-01 00:00:00-04:00,11.49358602822758,11.746318310670043,10.939297565251314,11.07427978515625,60000,0.0,0.0
2012-05-02 00:00:00-04:00,10.91344968180551,11.120230631279908,10.91344968180551,11.068535804748535,43200,0.0,0.0
2012-05-03 00:00:00-04:00,11.0685373536846,11.424660149837601,11.054176947261215,11.352861404418945,108000,0.0,0.0
2012-05-04 00:00:00-04:00,11.263829673504572,11.30403749679367,11.146080421274613,11.206391334533691,31200,0.0,0.0
2012-05-07 00:00:00-04:00,11.163311597193996,11.602721786033122,11.163311597193996,11.301165580749512,12900,0.0,0.0
2012-05-08 00:00:00-04:00,11.111615708379109,11.6285689574936,11.111615708379109,11.57112979888916,55800,0.0,0.0
2012-05-09 00:00:00-04:00,11.381012737351542,11.66330577865648,11.37525125122089,11.409817695617676,31800,0.04,0.0
2012-05-10 00:00:00-04:00,11.507757473327459,11.594174004693269,11.139048697642119,11.366610527038574,28800,0.0,0.0
2012-05-11 00:00:00-04:00,11.44150086630687,11.44150086630687,11.067031560384835,11.139044761657715,69600,0.0,0.0
2012-05-14 00:00:00-04:00,10.969096498941159,11.0036629483405,10.8855619430542,10.8855619430542,32400,0.0,0.0
2012-05-15 00:00:00-04:00,10.92300545689318,11.015182627722016,10.876916871478759,10.97197437286377,23400,0.0,0.0
2012-05-16 00:00:00-04:00,10.983498652984926,11.078556172836787,10.776099978328638,10.80490493774414,24900,0.0,0.0
2012-05-17 00:00:00-04:00,11.090080624309758,11.090080624309758,10.706969310103544,10.732893943786621,21900,0.0,0.0
2012-05-18 00:00:00-04:00,10.706967838070993,10.764578585073545,10.657998085021973,10.657998085021973,49800,0.0,0.0
2012-05-21 00:00:00-04:00,10.681044533598122,10.966217994689941,10.620553443102676,10.966217994689941,51900,0.0,0.0
2012-05-22 00:00:00-04:00,10.871158599853516,11.450147243373289,10.580223700325236,10.871158599853516,75000,0.0,0.0
2012-05-23 00:00:00-04:00,10.804905460446477,11.055512410478553,10.571581322073968,10.825069427490234,45000,0.0,0.0
2012-05-24 00:00:00-04:00,10.871157361081087,10.902843475341797,10.65511687167307,10.902843475341797,37500,0.0,0.0
2012-05-25 00:00:00-04:00,10.928768717263667,11.003662274310049,10.6522371390079,10.853875160217285,58800,0.0,0.0
2012-05-29 00:00:00-04:00,10.859635389099065,11.078556213143868,10.488046301686866,10.819308280944824,57000,0.0,0.0
2012-05-30 00:00:00-04:00,10.663756959275004,10.787619416888605,10.493805091221663,10.560057640075684,84900,0.0,0.0
2012-05-31 00:00:00-04:00,10.626313024979849,10.773220639085867,10.560060458443722,10.709848403930664,42300,0.0,0.0
2012-06-01 00:00:00-04:00,10.45347919498423,10.63783356147354,10.364181518554688,10.364181518554688,35400,0.0,0.0
2012-06-04 00:00:00-04:00,10.433312381685983,10.646472488645806,10.433312381685983,10.611906051635742,38100,0.0,0.0
2012-06-05 00:00:00-04:00,10.531255265745488,10.770339247709234,10.531255265745488,10.657998085021973,26700,0.0,0.0
2012-06-06 00:00:00-04:00,10.773219910978652,11.225464048255514,10.505329331558585,11.196659088134766,62100,0.0,0.0
2012-06-07 00:00:00-04:00,11.239866562769105,11.239866562769105,10.86251518349183,11.058392524719238,57600,0.0,0.0
2012-06-08 00:00:00-04:00,10.992138075147768,11.300355688852298,10.816425553441576,11.208178520202637,34500,0.0,0.0
2012-06-11 00:00:00-04:00,11.378135084512373,11.527923045488555,11.069917343394458,11.14193058013916,114900,0.0,0.0
2012-06-12 00:00:00-04:00,11.285952967018716,11.458785154480873,10.96909272047811,11.306116104125977,86400,0.0,0.0
2012-06-13 00:00:00-04:00,11.274434085821191,11.438624505421117,10.974857383345595,11.000782012939453,48900,0.0,0.0
2012-06-14 00:00:00-04:00,10.98061910326614,11.176495643269273,10.819309011498854,11.162093162536621,172500,0.0,0.0
2012-06-15 00:00:00-04:00,11.104483042316359,11.283076780347614,10.850995740944317,11.124646186828613,126000,0.0,0.0
2012-06-18 00:00:00-04:00,11.02958850479376,11.144810003849877,10.946053124010366,10.992141723632812,77700,0.0,0.0
2012-06-19 00:00:00-04:00,11.046872582632195,11.274436099489172,10.917248587382323,11.205303192138672,114600,0.0,0.0
2012-06-20 00:00:00-04:00,11.24274406817704,11.24274406817704,10.85099113243737,11.139044761657715,41100,0.0,0.0
2012-06-21 00:00:00-04:00,11.141928361311574,11.16209232730595,10.897082086532025,10.997901916503906,35700,0.0,0.0
2012-06-22 00:00:00-04:00,11.084314832096696,11.231222395207784,10.989257336489644,11.090075492858887,540300,0.0,0.0
2012-06-25 00:00:00-04:00,10.882681311409826,11.271554091905413,10.882681311409826,11.026708602905273,91800,0.0,0.0
2012-06-26 00:00:00-04:00,11.061277058888571,11.208184708568188,10.948935866537724,11.078559875488281,71100,0.0,0.0
2012-06-27 00:00:00-04:00,11.107361629337536,11.438623597636626,11.052631219104667,11.300357818603516,50100,0.0,0.0
2012-06-28 00:00:00-04:00,11.199538665871561,11.280193702564317,11.116002474057286,11.234105110168457,38700,0.0,0.0
2012-06-29 00:00:00-04:00,11.435739676875293,11.657541595197467,11.245624688746402,11.6402587890625,81900,0.0,0.0
2012-07-02 00:00:00-04:00,11.654665045633752,11.660425708171214,11.25426933063182,11.625859260559082,74700,0.0,0.0
2012-07-03 00:00:00-04:00,11.646022552274728,11.882226168479272,11.504874800473546,11.853421211242676,61800,0.0,0.0
2012-07-05 00:00:00-04:00,11.801570501462457,11.945596928178656,11.585530037259192,11.738198280334473,86400,0.0,0.0
2012-07-06 00:00:00-04:00,11.634502216655314,11.88510919239152,11.634502216655314,11.772768020629883,64200,0.0,0.0
2012-07-09 00:00:00-04:00,11.755479474391338,11.95423626464456,11.718032710108893,11.856298446655273,21900,0.0,0.0
2012-07-10 00:00:00-04:00,11.784287102307022,11.908149559354351,11.718034553755894,11.841897010803223,34200,0.0,0.0
2012-07-11 00:00:00-04:00,11.864943460191181,12.06370114196684,11.792930237354303,12.003210067749023,65700,0.0,0.0
2012-07-12 00:00:00-04:00,11.84478278041714,11.960004290559239,11.706516968246623,11.81885814666748,88200,0.0,0.0
2012-07-13 00:00:00-04:00,11.94847591771959,12.415123202866548,11.91967014311922,12.124188423156738,147300,0.0,0.0
2012-07-16 00:00:00-04:00,12.095385467771848,12.32582840607019,12.072341173942013,12.314306259155273,56100,0.0,0.0
2012-07-17 00:00:00-04:00,12.328709863159903,12.481377283364324,12.32582870826382,12.392081260681152,55200,0.0,0.0
2012-07-18 00:00:00-04:00,12.515944022491453,12.749268126882361,12.386320069471388,12.6743745803833,66900,0.0,0.0
2012-07-19 00:00:00-04:00,12.769433332396135,12.933624567921333,12.513064908139208,12.533228874206543,87900,0.0,0.0
2012-07-20 00:00:00-04:00,12.498662198947045,12.662852607328505,12.33159145950287,12.590839385986328,79200,0.0,0.0
2012-07-23 00:00:00-04:00,12.426648992624136,12.590839401204041,11.942717935953938,12.00609016418457,98400,0.0,0.0
2012-07-24 00:00:00-04:00,12.389204342076718,12.389204342076718,11.876467414383628,11.908153533935547,49500,0.0,0.0
2012-07-25 00:00:00-04:00,12.003207466963142,12.069460013199807,11.683467706031223,11.767003059387207,59100,0.0,0.0
2012-07-26 00:00:00-04:00,12.069460848773202,12.069460848773202,11.525038788697312,11.605693817138672,58800,0.0,0.0
2012-07-27 00:00:00-04:00,11.75836418295695,12.386321715666446,11.571129467696009,12.242295265197754,115200,0.0,0.0
2012-07-30 00:00:00-04:00,12.196203817980392,12.204845634328343,11.608574316512081,11.931195259094238,79200,0.0,0.0
2012-07-31 00:00:00-04:00,11.862063091597896,12.098266709067538,11.775646571167236,11.934076309204102,49800,0.0,0.0
2012-08-01 00:00:00-04:00,12.040658661951479,12.040658661951479,11.136169446781425,11.147690773010254,63300,0.0,0.0
2012-08-02 00:00:00-04:00,11.087201575494541,11.317645445980762,11.087201575494541,11.136171340942383,78000,0.0,0.0
2012-08-03 00:00:00-04:00,11.329160018922654,12.095383927376398,11.245624670460304,11.968640327453613,81000,0.0,0.0
2012-08-06 00:00:00-04:00,12.09250792499541,12.164521982821057,11.715158118913676,12.072344779968262,37200,0.0,0.0
2012-08-07 00:00:00-04:00,12.046416149216517,12.164518777347325,11.764123127802295,11.885106086730957,101700,0.0,0.0
2012-08-08 00:00:00-04:00,11.893773851976649,12.069999760124107,11.679992768024489,11.931330680847168,66900,0.04,0.0
2012-08-09 00:00:00-04:00,12.055554315504544,12.278003247698047,11.896663283765772,12.20866870880127,33600,0.0,0.0
2012-08-10 00:00:00-04:00,12.214447259589754,12.330005661223279,11.873551999776645,11.925553321838379,60900,0.0,0.0
2012-08-13 00:00:00-04:00,11.789771671875705,11.841772161703327,11.561545279440761,11.708881378173828,19800,0.0,0.0
2012-08-14 00:00:00-04:00,11.73199389949332,11.86199678830708,11.587546520766793,11.70599365234375,68700,0.0,0.0
2012-08-15 00:00:00-04:00,11.717549039001192,12.298225615152866,11.717549039001192,12.286670684814453,78300,0.0,0.0
2012-08-16 00:00:00-04:00,12.25200534954127,12.491786722598048,11.94866606385304,12.278005599975586,85800,0.0,0.0
2012-08-17 00:00:00-04:00,12.272228382921128,12.546678709187457,12.127780973286185,12.370451927185059,76200,0.0,0.0
2012-08-20 00:00:00-04:00,12.353116976486119,12.46000835877734,12.130668839764171,12.367562294006348,78900,0.0,0.0
2012-08-21 00:00:00-04:00,12.44556614503285,12.566902048571011,12.124893571253299,12.202895164489746,27300,0.0,0.0
2012-08-22 00:00:00-04:00,12.211557931993282,12.370448970116872,12.072888848627503,12.133556365966797,99000,0.0,0.0
2012-08-23 00:00:00-04:00,12.179780435076273,12.185558727310335,11.726216316223145,11.726216316223145,155700,0.0,0.0
2012-08-24 00:00:00-04:00,11.717548614166812,11.885106669459772,11.578878710205437,11.8186616897583,35100,0.0,0.0
2012-08-27 00:00:00-04:00,11.983329516520339,12.012218490778197,11.781103390584153,11.882216453552246,27600,0.0,0.0
2012-08-28 00:00:00-04:00,11.864884686306397,11.902440690666994,11.703104085102183,11.8273286819458,55200,0.0,0.0
2012-08-29 00:00:00-04:00,11.833103874861415,12.098887066617362,11.757991880564749,11.882216453552246,35400,0.0,0.0
2012-08-30 00:00:00-04:00,11.79555147373027,11.809996791795825,11.633770854273653,11.772439956665039,28800,0.0,0.0
2012-08-31 00:00:00-04:00,11.867770260937645,11.91399410408581,11.581765138996477,11.720434188842773,126000,0.0,0.0
2012-09-04 00:00:00-04:00,11.789773960152981,12.110446464772256,11.743550926209052,11.9226655960083,71400,0.0,0.0
2012-09-05 00:00:00-04:00,11.99777710441572,12.133557467504685,11.812884976476022,11.977554321289062,133200,0.0,0.0
2012-09-06 00:00:00-04:00,12.110442862343659,12.523561311962661,11.905328003598628,12.29533576965332,180900,0.0,0.0
2012-09-07 00:00:00-04:00,12.384893493054578,12.384893493054578,11.911106662030535,11.974663734436035,101400,0.0,0.0
2012-09-10 00:00:00-04:00,11.83021767204794,12.046888331437339,11.75510483515932,11.792661666870117,89400,0.0,0.0
2012-09-11 00:00:00-04:00,11.772437869099836,11.890884992955117,11.656880304265098,11.8099946975708,61200,0.0,0.0
2012-09-12 00:00:00-04:00,11.798439767390464,11.86199767675271,11.535546890462614,11.5759916305542,54000,0.0,0.0
2012-09-13 00:00:00-04:00,11.63377105477201,12.249115827138533,11.63377105477201,12.14222526550293,166200,0.0,0.0
2012-09-14 00:00:00-04:00,12.142220490941131,12.379113038525029,12.067107675453947,12.272222518920898,95700,0.0,0.0
2012-09-17 00:00:00-04:00,12.136446848247632,12.150892166413808,11.864886107573035,12.015110969543457,64500,0.0,0.0
2012-09-18 00:00:00-04:00,11.934220056212586,11.934220056212586,11.622213784500076,11.8273286819458,106500,0.0,0.0
2012-09-19 00:00:00-04:00,11.893770603998341,11.899548067457369,11.766657316040202,11.83021354675293,49200,0.0,0.0
2012-09-20 00:00:00-04:00,11.78976952685487,11.98332861534446,11.760879728236802,11.86488151550293,59100,0.0,0.0
2012-09-21 00:00:00-04:00,12.070001443805237,12.41667419035602,12.070001443805237,12.205780982971191,171000,0.0,0.0
2012-09-24 00:00:00-04:00,12.197112862153752,12.283781454273559,12.075777825025561,12.113334655761719,53400,0.0,0.0
2012-09-25 00:00:00-04:00,12.168225215984037,12.249115525111911,11.864885936854733,11.91110897064209,75300,0.0,0.0
2012-09-26 00:00:00-04:00,11.989108551471,12.127777629754684,11.896663325814782,12.064221382141113,129900,0.0,0.0
2012-09-27 00:00:00-04:00,12.148002784899731,12.148002784899731,11.922665090706722,11.977554321289062,43500,0.0,0.0
2012-09-28 00:00:00-04:00,11.902440980285295,12.04111089693893,11.861997068799564,11.925553321838379,26100,0.0,0.0
2012-10-01 00:00:00-04:00,12.038222584011155,12.046888782546187,11.847552165179392,11.989109992980957,81000,0.0,0.0
2012-10-02 00:00:00-04:00,12.072888503570786,12.35889368647159,11.867772790455174,11.916885375976562,187200,0.0,0.0
2012-10-03 00:00:00-04:00,11.971779270270153,12.124893725074257,11.91689002482707,12.055559158325195,51300,0.0,0.0
2012-10-04 00:00:00-04:00,12.078664561604402,12.15955401643182,12.04399647163157,12.10466480255127,48900,0.0,0.0
2012-10-05 00:00:00-04:00,12.194222978012549,12.28955858564855,12.130666732788086,12.130666732788086,63300,0.0,0.0
2012-10-08 00:00:00-04:00,12.064221824283909,12.263558424988982,12.029554553442463,12.133556365966797,32100,0.0,0.0
2012-10-09 00:00:00-04:00,12.113334378850846,12.113334378850846,11.798438556449595,11.879329681396484,110400,0.0,0.0
2012-10-10 00:00:00-04:00,11.688660596066352,12.20867054242555,11.688660596066352,12.205780982971191,48900,0.0,0.0
2012-10-11 00:00:00-04:00,12.252002446501386,12.252002446501386,12.055553768671746,12.145111083984375,24600,0.0,0.0
2012-10-12 00:00:00-04:00,12.116221541339808,12.16533412511965,11.9717741754846,11.974663734436035,47700,0.0,0.0
2012-10-15 00:00:00-04:00,12.078664561604402,12.162442748418638,11.934217217337709,12.10466480255127,38700,0.0,0.0
2012-10-16 00:00:00-04:00,12.148000223448584,12.344447241429915,12.116220862493483,12.338669776916504,74700,0.0,0.0
2012-10-17 00:00:00-04:00,12.327113078959727,12.523560908455627,12.162442954923879,12.474449157714844,64200,0.0,0.0
2012-10-18 00:00:00-04:00,12.434008207245386,12.526453446208647,12.211559242245189,12.214447975158691,101700,0.0,0.0
2012-10-19 00:00:00-04:00,12.127775484978562,12.127775484978562,11.769547096097783,12.10466480255127,90600,0.0,0.0
2012-10-22 00:00:00-04:00,12.110443366748258,12.176889167678135,12.017997322509414,12.075776100158691,30300,0.0,0.0
2012-10-23 00:00:00-04:00,11.977551764888503,12.107554634499003,11.919772987239226,12.075776100158691,32700,0.0,0.0
2012-10-24 00:00:00-04:00,12.148003895137649,12.148003895137649,11.922666180350435,11.96311092376709,50400,0.0,0.0
2012-10-25 00:00:00-04:00,12.110443146169613,12.130665924611733,12.023774568007855,12.101776123046875,48000,0.0,0.0
2012-10-26 00:00:00-04:00,12.101777827728906,12.260669692385429,12.04111031038961,12.133556365966797,58200,0.0,0.0
2012-10-31 00:00:00-04:00,12.292448140100051,12.3502269244103,12.041110221717227,12.266447067260742,48300,0.0,0.0
2012-11-01 00:00:00-04:00,12.24044884886488,12.422452256228432,11.919776336183016,12.119112968444824,116100,0.0,0.0
2012-11-02 00:00:00-04:00,11.977553099981952,12.410894393920898,11.977553099981952,12.410894393920898,85500,0.0,0.0
2012-11-05 00:00:00-05:00,12.387782468289487,12.812456723857844,11.81288337908421,12.610231399536133,67200,0.0,0.0
2012-11-06 00:00:00-05:00,12.650677129347269,12.708455085754395,12.520674247832511,12.708455085754395,35400,0.0,0.0
2012-11-07 00:00:00-05:00,12.525949418003295,12.618649139043907,12.279718192670199,12.47091007232666,104400,0.04,0.0
2012-11-08 00:00:00-05:00,12.404285636800076,12.523056751709593,12.37821427229539,12.421667098999023,67200,0.0,0.0
2012-11-09 00:00:00-05:00,12.268138509459243,12.42456840242857,12.137780817847466,12.308693885803223,83700,0.0,0.0
2012-11-12 00:00:00-05:00,12.320279503368207,12.43325653254355,12.14357154483463,12.343453407287598,32100,0.0,0.0
2012-11-13 00:00:00-05:00,12.15226071113853,12.50567660677585,12.13488007705443,12.360834121704102,98100,0.0,0.0
2012-11-14 00:00:00-05:00,12.355038616864888,12.552022968532423,12.13777534298139,12.242061614990234,52800,0.0,0.0
2012-11-15 00:00:00-05:00,12.152259405071682,12.352142062715886,12.056663855898867,12.166744232177734,51900,0.0,0.0
2012-11-16 00:00:00-05:00,12.100116679629666,12.26233978135055,11.992933766048216,12.166744232177734,80400,0.0,0.0
2012-11-19 00:00:00-05:00,12.271030511855445,12.271030511855445,12.065354586403762,12.166744232177734,66000,0.0,0.0
2012-11-20 00:00:00-05:00,11.990039390841073,12.247858090302937,11.990039390841073,12.210199356079102,63600,0.0,0.0
2012-11-21 00:00:00-05:00,12.14357144798934,12.398494334595432,12.14357144798934,12.35504150390625,39300,0.0,0.0
2012-11-23 00:00:00-05:00,12.424565176955145,12.566510200500488,12.227579129986319,12.566510200500488,24300,0.0,0.0
2012-11-26 00:00:00-05:00,12.572300624948463,12.607062712118173,12.360830639737571,12.508569717407227,24000,0.0,0.0
2012-11-27 00:00:00-05:00,12.534643720219428,12.560715083899018,12.366626515719794,12.520159721374512,160500,0.0,0.0
2012-11-28 00:00:00-05:00,12.496986085447832,12.618653841257192,12.401390524393623,12.583890914916992,21900,0.0,0.0
2012-11-29 00:00:00-05:00,12.734527229021444,12.734527229021444,12.198611742226953,12.343453407287598,200100,0.0,0.0
2012-11-30 00:00:00-05:00,12.352144876609586,12.673694519398577,12.027698599256984,12.572305679321289,110700,0.0,0.0
2012-12-03 00:00:00-05:00,12.638928759536578,12.641826222055297,12.328967402317373,12.456427574157715,80700,0.0,0.0
2012-12-04 00:00:00-05:00,12.430358252201078,12.517263079765673,12.253651134077847,12.314484596252441,52200,0.0,0.0
2012-12-05 00:00:00-05:00,12.392697740697532,12.392697740697532,12.120394273944507,12.285514831542969,25200,0.0,0.0
2012-12-06 00:00:00-05:00,12.273926873545767,12.27972097001842,12.17543469265359,12.244958877563477,20400,0.0,0.0
2012-12-07 00:00:00-05:00,12.33186346253814,12.33186346253814,12.007417272389665,12.11460018157959,79800,0.0,0.0
2012-12-10 00:00:00-05:00,12.140676861970118,12.412979600724107,12.103018122456238,12.381114959716797,81000,0.0,0.0
2012-12-11 00:00:00-05:00,12.450638445268128,12.554924753178605,12.215994459668027,12.453535079956055,73500,0.0,0.0
2012-12-12 00:00:00-05:00,12.444843765557641,12.566511533498016,12.059564019868539,12.10301685333252,86100,0.0,0.0
2012-12-13 00:00:00-05:00,12.175435468493783,12.224681562077919,11.906028613205647,11.955275535583496,154200,0.0,0.0
2012-12-14 00:00:00-05:00,11.877059702771724,12.047972700171604,11.856781608573892,12.03928279876709,36900,0.0,0.0
2012-12-17 00:00:00-05:00,12.01610673467593,12.195710442303525,11.882851649099777,12.1174955368042,98700,0.0,0.0
2012-12-18 00:00:00-05:00,12.189917637242486,12.294203905595328,12.062456642589012,12.23626708984375,48300,0.0,0.0
2012-12-19 00:00:00-05:00,12.239165969277689,12.239165969277689,11.906029010378228,12.111705780029297,141900,0.0,0.0
2012-12-20 00:00:00-05:00,12.152258589689493,12.21599033285128,12.053766413221485,12.137775421142578,78600,0.0,0.0
2012-12-21 00:00:00-05:00,12.068255686121741,12.224684738384626,11.871269603015413,12.19571590423584,218100,0.0,0.0
2012-12-24 00:00:00-05:00,12.210199011974579,12.210199011974579,12.065356519266134,12.129087448120117,56700,0.0,0.0
2012-12-26 00:00:00-05:00,12.001625775416267,12.192816894134744,11.963967044273804,12.134880065917969,81900,0.0,0.0
2012-12-27 00:00:00-05:00,12.14936186934627,12.221782684326172,11.975551416118337,12.221782684326172,70500,0.0,0.0
2012-12-28 00:00:00-05:00,12.137773557189247,12.175432276008985,12.033487300523708,12.042177200317383,65400,0.0,0.0
2012-12-31 00:00:00-05:00,12.019008187324657,12.239168167114258,11.963968813972672,12.239168167114258,69600,0.0,0.0
2013-01-02 00:00:00-05:00,12.239164679306125,12.835915171343714,12.221783218826374,12.792462348937988,276300,0.0,0.0
2013-01-03 00:00:00-05:00,12.77798069589227,12.931513929352485,12.662107026560328,12.882266998291016,66600,0.0,0.0
2013-01-04 00:00:00-05:00,12.917023431862486,13.142977402321423,12.847499260766428,12.957579612731934,77700,0.0,0.0
2013-01-07 00:00:00-05:00,12.919925792029973,13.035799454452599,12.792464763365084,12.81563949584961,36900,0.0,0.0
2013-01-08 00:00:00-05:00,12.76349676232458,12.818536130380696,12.647622271106618,12.702662467956543,26700,0.0,0.0
2013-01-09 00:00:00-05:00,12.72294158107078,12.945998191833496,12.554924342755028,12.945998191833496,33600,0.0,0.0
2013-01-10 00:00:00-05:00,12.957582052638175,13.119805977869158,12.804048857629034,12.972066879272461,100800,0.0,0.0
2013-01-11 00:00:00-05:00,12.983657746343278,12.983657746343278,12.731632287380332,12.798260688781738,112200,0.0,0.0
2013-01-14 00:00:00-05:00,12.7779784089285,12.882264692662405,12.6244460317409,12.746113777160645,67800,0.0,0.0
2013-01-15 00:00:00-05:00,12.633139240031733,12.847505117571012,12.630241776653406,12.673694610595703,51300,0.0,0.0
2013-01-16 00:00:00-05:00,12.746114872895074,12.864885165714929,12.717146043859573,12.809844970703125,58500,0.0,0.0
2013-01-17 00:00:00-05:00,12.833019177695839,13.047385009015272,12.818534350308926,13.030003547668457,135000,0.0,0.0
2013-01-18 00:00:00-05:00,13.035801313586552,13.134293526295597,13.006833308246453,13.079254150390625,29700,0.0,0.0
2013-01-22 00:00:00-05:00,13.142983995625576,13.238579571640722,13.108221892638804,13.212508201599121,40200,0.0,0.0
2013-01-23 00:00:00-05:00,13.180641555173498,13.180641555173498,12.963378237389284,12.998140335083008,33000,0.0,0.0
2013-01-24 00:00:00-05:00,13.024214039234195,13.08215087912443,12.91123699424975,12.983657836914062,26400,0.0,0.0
2013-01-25 00:00:00-05:00,13.00683458211834,13.076358796296397,12.943103638058119,13.056079864501953,49500,0.0,0.0
2013-01-28 00:00:00-05:00,13.03869645018492,13.122705479365008,12.972069714040693,13.09373664855957,45300,0.0,0.0
2013-01-29 00:00:00-05:00,13.04738705682779,13.412389514461818,13.04738705682779,13.33996868133545,25800,0.0,0.0
2013-01-30 00:00:00-05:00,13.334174030581645,13.406595689497628,13.128498077392578,13.128498077392578,57000,0.0,0.0
2013-01-31 00:00:00-05:00,13.056074911464805,13.383418583965438,13.04448837562468,13.17194938659668,49800,0.0,0.0
2013-02-01 00:00:00-05:00,13.293617895002571,13.615167489302035,13.17774341319945,13.522468566894531,80700,0.0,0.0
2013-02-04 00:00:00-05:00,13.209608959216123,13.499293093586955,13.209608959216123,13.305205345153809,150000,0.0,0.0
2013-02-05 00:00:00-05:00,13.377625910711837,13.412388006158547,12.94889257140868,13.119807243347168,73200,0.0,0.0
2013-02-06 00:00:00-05:00,13.076240148699885,13.166280184119623,12.960057822650814,13.163375854492188,75000,0.04,0.0
2013-02-07 00:00:00-05:00,13.16337519006146,13.294079988645898,12.997816775715844,13.084953308105469,17100,0.0,0.0
2013-02-08 00:00:00-05:00,13.070430412042807,13.180803245760632,12.890348682607069,13.026862144470215,57600,0.0,0.0
2013-02-11 00:00:00-05:00,13.06171337359634,13.360880851745605,13.038477080749706,13.360880851745605,61200,0.0,0.0
2013-02-12 00:00:00-05:00,13.346362733360003,13.651339799777801,13.317316942322076,13.64843463897705,48000,0.0,0.0
2013-02-13 00:00:00-05:00,13.651334533757373,13.927264871701096,13.651334533757373,13.845938682556152,121800,0.0,0.0
2013-02-14 00:00:00-05:00,13.845942280296711,13.95631427795428,13.816896492915953,13.886606216430664,27000,0.0,0.0
2013-02-15 00:00:00-05:00,14.020213374465252,14.191581262424716,13.66876461093477,14.040544509887695,73500,0.0,0.0
2013-02-19 00:00:00-05:00,14.052165102144599,14.13058781662135,13.787851170354386,13.98245620727539,113100,0.0,0.0
2013-02-20 00:00:00-05:00,13.94760134201685,14.110255434863323,13.840133666992188,13.840133666992188,51900,0.0,0.0
2013-02-21 00:00:00-05:00,13.84594342709588,14.060879612329973,13.694907480794708,13.752997398376465,48300,0.0,0.0
2013-02-22 00:00:00-05:00,13.825611691595137,14.197392488789491,13.723952672113398,14.174156188964844,38400,0.0,0.0
2013-02-25 00:00:00-05:00,14.200296568800333,14.333905698121542,13.613578796386719,13.613578796386719,58800,0.0,0.0
2013-02-26 00:00:00-05:00,13.689097008298909,13.784946528825836,13.453828870193417,13.607769966125488,39600,0.0,0.0
2013-02-27 00:00:00-05:00,13.904032182531143,14.026022321558541,13.692000357371763,13.822704315185547,33000,0.0,0.0
2013-02-28 00:00:00-05:00,13.793661679769533,13.880798220293178,13.631007579721325,13.796566009521484,20100,0.0,0.0
2013-03-01 00:00:00-05:00,13.587436823272792,13.755900382995605,13.540964231762429,13.755900382995605,26400,0.0,0.0
2013-03-04 00:00:00-05:00,13.683287849508757,13.941792291634135,13.593247816741512,13.927268981933594,27000,0.0,0.0
2013-03-05 00:00:00-05:00,14.098634640048981,14.098634640048981,13.834321596596617,13.976644515991211,42000,0.0,0.0
2013-03-06 00:00:00-05:00,14.04635428982363,14.15382194519043,14.002785198464863,14.15382194519043,30000,0.0,0.0
2013-03-07 00:00:00-05:00,14.19739055633545,14.232244170332748,14.008596684702091,14.19739055633545,80700,0.0,0.0
2013-03-08 00:00:00-05:00,14.293242105939093,14.293242105939093,14.046356640882696,14.049260139465332,78600,0.0,0.0
2013-03-11 00:00:00-04:00,13.967931802879749,14.005690574645996,13.845940838179349,14.005690574645996,41700,0.0,0.0
2013-03-12 00:00:00-04:00,13.935984211307622,14.168348049070683,13.816898378088244,14.087021827697754,37800,0.0,0.0
2013-03-13 00:00:00-04:00,14.104446679764255,14.16253659581905,13.944696086631188,14.101541519165039,22200,0.0,0.0
2013-03-14 00:00:00-04:00,14.014403755164325,14.211913108825684,14.014403755164325,14.211913108825684,27300,0.0,0.0
2013-03-15 00:00:00-04:00,14.21191669756176,14.35714483562882,14.21191669756176,14.252580642700195,82200,0.0,0.0
2013-03-18 00:00:00-04:00,14.12187345110449,14.429753976043958,13.976647007905449,14.264196395874023,272100,0.0,0.0
2013-03-19 00:00:00-04:00,14.232241216475943,14.400705578803583,14.165437500684584,14.313569068908691,139200,0.0,0.0
2013-03-20 00:00:00-04:00,14.400712752522665,14.441376698995796,14.188680860619177,14.232248306274414,121800,0.0,0.0
2013-03-21 00:00:00-04:00,14.136397994418742,14.365857503425989,14.087021893992876,14.185775756835938,39900,0.0,0.0
2013-03-22 00:00:00-04:00,14.235149192262018,14.240957850873254,14.017308705425974,14.060877799987793,51300,0.0,0.0
2013-03-25 00:00:00-04:00,14.165442076367482,14.232245813737604,14.089924518994087,14.116065979003906,74100,0.0,0.0
2013-03-26 00:00:00-04:00,14.226437173656073,14.232244170332748,14.098636711020228,14.19739055633545,57600,0.0,0.0
2013-03-27 00:00:00-04:00,14.092826500165195,14.150918073268025,13.976646677941632,14.081209182739258,29400,0.0,0.0
2013-03-28 00:00:00-04:00,14.127683639526367,14.24095997832739,14.089924859926025,14.127683639526367,77400,0.0,0.0
2013-04-01 00:00:00-04:00,14.153825057391023,14.220628796175681,13.843039339322205,13.921462059020996,40800,0.0,0.0
2013-04-02 00:00:00-04:00,13.962120857754485,14.136393894097205,13.825608253479004,13.825608253479004,46800,0.0,0.0
2013-04-03 00:00:00-04:00,13.892414379126402,13.93307831624037,13.729761123657227,13.729761123657227,43800,0.0,0.0
2013-04-04 00:00:00-04:00,13.750090956961543,13.869177596502581,13.607768852553667,13.68619155883789,59100,0.0,0.0
2013-04-05 00:00:00-04:00,13.471258882715,13.750094505013196,13.471258882715,13.59615421295166,53100,0.0,0.0
2013-04-08 00:00:00-04:00,13.604865223012848,13.697811247915032,13.308602001937757,13.665861129760742,18000,0.0,0.0
2013-04-09 00:00:00-04:00,13.811088656876738,13.854656094050224,13.543870388637346,13.601961135864258,41400,0.0,0.0
2013-04-10 00:00:00-04:00,13.610673742951327,14.209009632568657,13.610673742951327,14.188676834106445,129900,0.0,0.0
2013-04-11 00:00:00-04:00,14.188676533972082,14.258385422958575,14.078305372903388,14.130586624145508,33900,0.0,0.0
2013-04-12 00:00:00-04:00,14.066684529083224,14.066684529083224,13.662953726138893,13.976644515991211,111600,0.0,0.0
2013-04-15 00:00:00-04:00,13.938884330083118,13.991166403191833,13.540962201685948,13.56419849395752,84900,0.0,0.0
2013-04-16 00:00:00-04:00,13.651339405734172,13.86917992374591,13.651339405734172,13.767520904541016,87300,0.0,0.0
2013-04-17 00:00:00-04:00,13.726854156688733,13.906935858502177,13.355073436553065,13.474159240722656,69600,0.0,0.0
2013-04-18 00:00:00-04:00,13.529345108822179,13.811085797795267,13.482872520661102,13.694904327392578,52800,0.0,0.0
2013-04-19 00:00:00-04:00,13.738474654224714,14.194487617433174,13.721047015543684,14.148015022277832,101700,0.0,0.0
2013-04-22 00:00:00-04:00,14.171250291706626,14.206105570627667,13.991170223918497,14.049260139465332,37500,0.0,0.0
2013-04-23 00:00:00-04:00,14.139303476340668,14.223534860854073,13.99117184771662,14.136398315429688,36600,0.0,0.0
2013-04-24 00:00:00-04:00,14.168348437485008,14.232247019604282,14.08121189206062,14.136398315429688,28800,0.0,0.0
2013-04-25 00:00:00-04:00,14.16834597865632,14.345522537676814,14.16834597865632,14.333905220031738,53100,0.0,0.0
2013-04-26 00:00:00-04:00,14.046357547099946,14.211915146682507,13.721048514479099,14.011502265930176,68400,0.0,0.0
2013-04-29 00:00:00-04:00,14.12477733484832,14.37747311461857,14.12477733484832,14.229341506958008,49800,0.0,0.0
2013-04-30 00:00:00-04:00,14.267103080800602,14.336811988544262,14.118971444096395,14.214821815490723,78900,0.0,0.0
2013-05-01 00:00:00-04:00,14.148015408295281,14.240958939150756,13.889510136448362,14.028928756713867,127200,0.0,0.0
2013-05-02 00:00:00-04:00,14.052164671523276,14.304860446424888,14.017309394161218,14.148015022277832,122700,0.0,0.0
2013-05-03 00:00:00-04:00,14.32519460016201,14.55174896474996,13.991172544395646,14.345525741577148,86700,0.0,0.0
2013-05-06 00:00:00-04:00,14.377475574832065,14.51689338684082,14.319383988832708,14.51689338684082,19200,0.0,0.0
2013-05-07 00:00:00-04:00,14.583696779697569,14.609836577094429,14.412328868355358,14.525605201721191,79500,0.0,0.0
2013-05-08 00:00:00-04:00,14.554723907184687,14.65953794583827,14.554723907184687,14.615865707397461,30600,0.04,0.0
2013-05-09 00:00:00-04:00,14.55471777912614,14.633327442024283,14.55471777912614,14.601302146911621,41700,0.0,0.0
2013-05-10 00:00:00-04:00,14.659537650140502,14.659537650140502,14.560546245411297,14.604218482971191,13500,0.0,0.0
2013-05-13 00:00:00-04:00,14.601304786277481,14.636242235437765,14.49648910681922,14.580923080444336,33300,0.0,0.0
2013-05-14 00:00:00-04:00,14.636241426248596,14.674091021574952,14.557631753486852,14.610038757324219,89400,0.0,0.0
2013-05-15 00:00:00-04:00,14.560541550459343,14.8487825569848,14.560541550459343,14.828402519226074,71700,0.0,0.0
2013-05-16 00:00:00-04:00,14.83131621338457,15.297160028664543,14.787643980447909,14.950689315795898,126000,0.0,0.0
2013-05-17 00:00:00-04:00,15.061326139325237,15.259308908118985,14.711941646651598,14.866253852844238,91200,0.0,0.0
2013-05-20 00:00:00-04:00,14.863336245892368,15.052585832256076,14.668264031052825,15.006001472473145,29700,0.0,0.0
2013-05-21 00:00:00-04:00,14.97106974818314,15.131204605102539,14.694475600397183,15.131204605102539,44100,0.0,0.0
2013-05-22 00:00:00-04:00,15.096262574021447,15.241839991510663,14.409143894066373,14.522692680358887,112800,0.0,0.0
2013-05-23 00:00:00-04:00,14.46445729351195,14.67699906348482,14.4207850801971,14.49066162109375,21600,0.0,0.0
2013-05-24 00:00:00-04:00,14.452817371426386,14.674092332952485,14.412055624359633,14.487754821777344,18600,0.0,0.0
2013-05-28 00:00:00-04:00,14.697388946256167,15.151585881995247,14.476112277211918,14.58383846282959,55800,0.0,0.0
2013-05-29 00:00:00-04:00,14.476109055877235,14.572188290485887,14.455727350059714,14.481931686401367,17400,0.0,0.0
2013-05-30 00:00:00-04:00,14.487752243041056,14.592567907414873,14.371291319285966,14.519779205322266,22800,0.0,0.0
2013-05-31 00:00:00-04:00,14.406232497236147,14.70029616367825,14.301416817817389,14.627509117126465,117300,0.0,0.0
2013-06-03 00:00:00-04:00,14.869157120097086,15.003087555168863,14.711934507881868,14.921564102172852,113700,0.0,0.0
2013-06-04 00:00:00-04:00,14.901194519113323,15.06424153941726,14.84878750029511,14.889549255371094,72000,0.0,0.0
2013-06-05 00:00:00-04:00,14.889545270926037,15.008916689290984,14.854606157070881,14.92739486694336,38400,0.0,0.0
2013-06-06 00:00:00-04:00,14.889544992171519,14.988536369593454,14.630418789225821,14.895367622375488,44400,0.0,0.0
2013-06-07 00:00:00-04:00,14.994360232503665,15.099174237100826,14.912836748049369,15.046767234802246,26700,0.0,0.0
2013-06-10 00:00:00-04:00,15.067149493251625,15.128291282608059,14.854607638735933,15.110821723937988,49500,0.0,0.0
2013-06-11 00:00:00-04:00,14.997274398803711,15.052593562704308,14.8662560278766,14.997274398803711,23100,0.0,0.0
2013-06-12 00:00:00-04:00,15.067147778750513,15.137024339490681,14.912837248697887,15.052590370178223,75900,0.0,0.0
2013-06-13 00:00:00-04:00,15.017647061753047,15.139930592392249,14.915745230212483,15.137020111083984,34200,0.0,0.0
2013-06-14 00:00:00-04:00,15.070062113372803,15.070062113372803,14.802202728387737,14.808025360107422,26100,0.0,0.0
2013-06-17 00:00:00-04:00,14.936130772347848,14.936130772347848,14.569278379132681,14.743968963623047,43200,0.0,0.0
2013-06-18 00:00:00-04:00,14.90701915864341,15.399065715806703,14.569281512541426,15.268047332763672,60900,0.0,0.0
2013-06-19 00:00:00-04:00,15.157407912605823,15.16323221018371,14.735237967604526,14.863344192504883,32400,0.0,0.0
2013-06-20 00:00:00-04:00,14.714857228847576,14.851698243153606,14.636245866249944,14.665362358093262,29400,0.0,0.0
2013-06-21 00:00:00-04:00,14.729413405157466,14.799289980934484,14.55763494744599,14.732325553894043,128700,0.0,0.0
2013-06-24 00:00:00-04:00,14.586746033886811,15.072969791024002,14.560541699937835,14.930304527282715,128100,0.0,0.0
2013-06-25 00:00:00-04:00,15.067148179364898,15.256397827813801,14.921570757794049,15.253485679626465,67500,0.0,0.0
2013-06-26 00:00:00-04:00,15.268041395687572,15.355387505747538,14.982712546546061,15.107908248901367,34500,0.0,0.0
2013-06-27 00:00:00-04:00,15.238936335251537,15.393246951069655,15.151590169282372,15.326282501220703,37800,0.0,0.0
2013-06-28 00:00:00-04:00,15.279690015346496,15.332097020797896,15.137024741962984,15.253485679626465,105000,0.0,0.0
2013-07-01 00:00:00-04:00,15.241840052482582,15.62324982241102,15.241840052482582,15.562108039855957,52800,0.0,0.0
2013-07-02 00:00:00-04:00,15.50679127275507,16.03377859843213,15.50679127275507,15.792121887207031,44400,0.0,0.0
2013-07-03 00:00:00-04:00,15.8125018147524,15.955167120926069,15.765917428980066,15.867822647094727,13500,0.0,0.0
2013-07-05 00:00:00-04:00,16.10074185586354,16.179353209956357,15.841617268212781,16.17353057861328,31800,0.0,0.0
2013-07-08 00:00:00-04:00,16.08618569590698,16.482152938842773,15.940608254159502,16.482152938842773,39900,0.0,0.0
2013-07-09 00:00:00-04:00,16.49088138387276,16.773299741638862,16.406447424517268,16.572404861450195,90900,0.0,0.0
2013-07-10 00:00:00-04:00,16.514181643646133,16.793687962130004,16.29872760698968,16.697607040405273,123900,0.0,0.0
2013-07-11 00:00:00-04:00,16.927612357797624,17.16635852467593,16.85191316634286,16.985843658447266,59100,0.0,0.0
2013-07-12 00:00:00-04:00,16.974202147013884,17.250797997858886,16.892680299283732,17.09939956665039,35100,0.0,0.0
2013-07-15 00:00:00-04:00,17.39054254422744,17.437126910120874,17.07609724145259,17.189647674560547,42300,0.0,0.0
2013-07-16 00:00:00-04:00,17.256622314453125,17.46625375134004,17.195480506189995,17.256622314453125,73800,0.0,0.0
2013-07-17 00:00:00-04:00,17.338139609831938,17.52447711704748,17.27408567522941,17.329404830932617,26400,0.0,0.0
2013-07-18 00:00:00-04:00,17.396369019801174,17.50700565317329,17.33522557416293,17.428394317626953,50700,0.0,0.0
2013-07-19 00:00:00-04:00,17.39345220632528,17.78650711263814,17.28572608383927,17.69333839416504,63000,0.0,0.0
2013-07-22 00:00:00-04:00,17.617645838349386,17.975763442621155,17.617645838349386,17.879682540893555,40200,0.0,0.0
2013-07-23 00:00:00-04:00,17.815621858340663,18.057276740697503,17.815621858340663,17.94955062866211,26400,0.0,0.0
2013-07-24 00:00:00-04:00,18.068928223733483,18.24944306032981,17.96411423215391,17.996139526367188,30900,0.0,0.0
2013-07-25 00:00:00-04:00,17.897150265506774,18.18248079317332,17.734104963692417,18.036903381347656,56700,0.0,0.0
2013-07-26 00:00:00-04:00,17.996148010391742,17.996148010391742,17.358523985387556,17.413843154907227,60000,0.0,0.0
2013-07-29 00:00:00-04:00,17.440043181815565,17.579796312543557,17.178006478197755,17.507007598876953,42900,0.0,0.0
2013-07-30 00:00:00-04:00,17.61763973127288,17.66422409184308,17.239142218137033,17.40509796142578,70800,0.0,0.0
2013-07-31 00:00:00-04:00,17.541949002991732,17.611827250096898,17.32358447875541,17.332319259643555,45000,0.0,0.0
2013-08-01 00:00:00-04:00,17.43712937680404,17.6001746804957,17.201295366361464,17.294464111328125,200400,0.0,0.0
2013-08-02 00:00:00-04:00,17.189655533105523,17.495366198787668,17.08192934597663,17.466251373291016,90300,0.0,0.0
2013-08-05 00:00:00-04:00,17.469164895355675,17.774875614222275,17.469164895355675,17.716644287109375,301500,0.0,0.0
2013-08-06 00:00:00-04:00,17.757398434918382,17.91170896991287,17.73410624725905,17.79524803161621,72600,0.0,0.0
2013-08-07 00:00:00-04:00,17.806911971754243,17.885677936070312,17.760235968401428,17.850671768188477,33600,0.04,0.0
2013-08-08 00:00:00-04:00,17.815666877195728,17.865260764933954,17.65521704584607,17.803997039794922,45000,0.0,0.0
2013-08-09 00:00:00-04:00,17.821501328305168,17.906101391456534,17.78649515391344,17.806915283203125,29100,0.0,0.0
2013-08-12 00:00:00-04:00,17.763159851679692,18.054884136656483,17.75149001226224,17.955698013305664,39000,0.0,0.0
2013-08-13 00:00:00-04:00,18.00528839809857,18.063632576008796,17.83317040243813,17.979032516479492,43200,0.0,0.0
2013-08-14 00:00:00-04:00,18.049047965159282,18.288263787536238,17.99945574384966,18.054882049560547,71100,0.0,0.0
2013-08-15 00:00:00-04:00,18.02571766822161,18.07239370192777,17.655225607387333,17.733991622924805,66000,0.0,0.0
2013-08-16 00:00:00-04:00,17.661057072583972,17.827341028236457,17.54436701666983,17.728153228759766,89700,0.0,0.0
2013-08-19 00:00:00-04:00,17.62605042344555,17.903190368436682,17.506442482000292,17.859432220458984,46200,0.0,0.0
2013-08-20 00:00:00-04:00,17.827337497355053,18.200745602323114,17.62312952263417,18.1307315826416,36300,0.0,0.0
2013-08-21 00:00:00-04:00,18.078219425523088,18.235749699909444,18.00820541381836,18.00820541381836,73800,0.0,0.0
2013-08-22 00:00:00-04:00,18.24742563189547,18.35244584990085,17.500609257577167,18.31452178955078,37200,0.0,0.0
2013-08-23 00:00:00-04:00,18.302843818033264,18.367023733152518,18.05487611591481,18.270753860473633,58800,0.0,0.0
2013-08-26 00:00:00-04:00,18.253259104008595,18.57123929404067,18.078224856793806,18.1861629486084,47100,0.0,0.0
2013-08-27 00:00:00-04:00,17.952778041697375,18.05779990713774,17.48893578160606,17.51227378845215,33300,0.0,0.0
2013-08-28 00:00:00-04:00,17.745652319121092,17.745652319121092,17.53269239913035,17.596872329711914,36900,0.0,0.0
2013-08-29 00:00:00-04:00,17.608545987973777,17.833174124489847,17.596876148396586,17.798166275024414,13800,0.0,0.0
2013-08-30 00:00:00-04:00,17.728149415034682,17.728149415034682,17.383913406824348,17.386831283569336,57000,0.0,0.0
2013-09-03 00:00:00-04:00,17.56187367047926,17.713569932099407,17.363499709976196,17.474355697631836,47400,0.0,0.0
2013-09-04 00:00:00-04:00,17.43934514616502,17.6756431355618,17.26139301940678,17.325572967529297,45600,0.0,0.0
2013-09-05 00:00:00-04:00,17.392664505163133,17.532692535191888,17.240968307264875,17.37807846069336,21000,0.0,0.0
2013-09-06 00:00:00-04:00,17.43642795752899,17.43642795752899,16.660439471721947,17.232221603393555,44700,0.0,0.0
2013-09-09 00:00:00-04:00,17.246799234802587,17.526855243606068,16.969659432799883,17.42475128173828,45300,0.0,0.0
2013-09-10 00:00:00-04:00,17.503527347057776,17.64063922380872,17.200133162381626,17.611465454101562,37200,0.0,0.0
2013-09-11 00:00:00-04:00,17.500608323546764,17.62021458382122,17.459766387939453,17.459766387939453,29100,0.0,0.0
2013-09-12 00:00:00-04:00,17.305151232546066,17.465601103483863,17.22055115026352,17.267227172851562,21300,0.0,0.0
2013-09-13 00:00:00-04:00,17.354740455688567,17.4743483573128,17.130112366175663,17.37807846069336,9300,0.0,0.0
2013-09-16 00:00:00-04:00,17.602709291223807,17.602709291223807,17.068851300318006,17.28764533996582,35400,0.0,0.0
2013-09-17 00:00:00-04:00,17.21179577815053,17.611458060345516,17.168035976594542,17.57353401184082,21600,0.0,0.0
2013-09-18 00:00:00-04:00,17.532691577466124,18.159901470999618,17.36932555135647,17.967363357543945,83400,0.0,0.0
2013-09-19 00:00:00-04:00,17.95278180638645,17.95278180638645,17.68439550600891,17.87401580810547,16500,0.0,0.0
2013-09-20 00:00:00-04:00,17.876936007576656,18.355366145024117,17.876936007576656,18.238676071166992,71100,0.0,0.0
2013-09-23 00:00:00-04:00,18.136569116713797,18.24158933157896,18.09280930279813,18.127817153930664,41400,0.0,0.0
2013-09-24 00:00:00-04:00,18.151155480992628,18.151155480992628,17.71648522721423,17.868183135986328,285300,0.0,0.0
2013-09-25 00:00:00-04:00,17.879851307056203,18.01696149809159,17.868183135986328,17.868183135986328,38100,0.0,0.0
2013-09-26 00:00:00-04:00,17.850677985376702,17.98778816700493,17.544365980714286,17.73690414428711,21000,0.0,0.0
2013-09-27 00:00:00-04:00,17.69022830393866,17.891518431886283,17.643552283856135,17.757326126098633,59100,0.0,0.0
2013-09-30 00:00:00-04:00,17.59687787389234,17.79525014276111,17.529781714859197,17.57645606994629,87600,0.0,0.0
2013-10-01 00:00:00-04:00,17.62604938972459,17.914857489532075,17.509359332694608,17.868183135986328,63600,0.0,0.0
2013-10-02 00:00:00-04:00,17.79524118612372,17.79524118612372,17.232212969033707,17.322647094726562,84300,0.0,0.0
2013-10-03 00:00:00-04:00,17.328495208190706,17.369337159329326,17.065942908080803,17.168046951293945,58200,0.0,0.0
2013-10-04 00:00:00-04:00,17.162208266339196,17.573540538127514,17.162208266339196,17.52103042602539,17100,0.0,0.0
2013-10-07 00:00:00-04:00,17.430598891160372,17.430598891160372,17.045520782470703,17.045520782470703,72900,0.0,0.0
2013-10-08 00:00:00-04:00,17.010503503908765,17.02217334038502,16.794627387122162,16.92881965637207,34200,0.0,0.0
2013-10-09 00:00:00-04:00,16.84713924828373,17.095105354852507,16.759621307945967,16.925905227661133,41700,0.0,0.0
2013-10-10 00:00:00-04:00,16.978424918288564,17.331413086581613,16.978424918288564,17.168046951293945,84300,0.0,0.0
2013-10-11 00:00:00-04:00,17.080523287362826,17.833175412571986,17.080523287362826,17.789417266845703,51000,0.0,0.0
2013-10-14 00:00:00-04:00,17.984871270425298,18.21533517310473,17.96445113670752,18.18907928466797,51000,0.0,0.0
2013-10-15 00:00:00-04:00,18.089888457627875,18.311598670658846,17.661052406777696,17.979032516479492,102000,0.0,0.0
2013-10-16 00:00:00-04:00,18.25909380311106,18.358281604774913,17.9732035771339,18.31452178955078,49500,0.0,0.0
2013-10-17 00:00:00-04:00,18.294099753908327,18.600410082309793,18.203663924688676,18.553735733032227,55200,0.0,0.0
2013-10-18 00:00:00-04:00,18.693764844378457,18.83962699324832,18.387452829412172,18.827957153320312,68700,0.0,0.0
2013-10-21 00:00:00-04:00,18.81920271994816,19.093426394958964,18.743356282071716,18.7608585357666,82500,0.0,0.0
2013-10-22 00:00:00-04:00,18.71418497012932,19.032166824895487,18.682094996922963,18.865882873535156,61200,0.0,0.0
2013-10-23 00:00:00-04:00,19.274292656514042,19.274292656514042,18.930056664711948,18.959230422973633,36600,0.0,0.0
2013-10-24 00:00:00-04:00,19.140097843825124,19.186772178475856,18.932972033155547,19.17218780517578,33900,0.0,0.0
2013-10-25 00:00:00-04:00,19.35014401610869,22.12445230711095,19.35014401610869,20.420774459838867,156900,0.0,0.0
2013-10-28 00:00:00-04:00,20.420777038576038,20.837945009118908,20.248660676052157,20.686248779296875,100800,0.0,0.0
2013-10-29 00:00:00-04:00,20.683332084975675,20.71250585098896,20.379937938714164,20.479124069213867,160200,0.0,0.0
2013-10-30 00:00:00-04:00,20.58414471503177,20.58414471503177,20.46745466580366,20.50537872314453,66900,0.0,0.0
2013-10-31 00:00:00-04:00,20.575398271963678,20.616240217465766,20.269086184597892,20.4237003326416,142800,0.0,0.0
2013-11-01 00:00:00-04:00,20.403273191688392,20.69499912751975,20.131967386966164,20.470369338989258,113400,0.0,0.0
2013-11-04 00:00:00-05:00,20.531629374676186,20.837941326669736,20.158221282005577,20.207815170288086,155100,0.0,0.0
2013-11-05 00:00:00-05:00,20.207819051285483,20.581227215670715,20.207819051285483,20.35076332092285,36000,0.0,0.0
2013-11-06 00:00:00-05:00,20.54948070057108,20.54948070057108,20.266019083531624,20.453044891357422,13200,0.04,0.0
2013-11-07 00:00:00-05:00,20.286477518391298,20.37414629730335,20.134519862277088,20.181276321411133,25500,0.0,0.0
2013-11-08 00:00:00-05:00,20.25725249922488,20.809564563612174,20.25725249922488,20.666372299194336,278400,0.0,0.0
2013-11-11 00:00:00-05:00,20.6692917148339,20.721892297561393,20.397518414433385,20.455963134765625,342000,0.0,0.0
2013-11-12 00:00:00-05:00,20.455963134765625,20.526099474592115,20.324460841875712,20.455963134765625,305400,0.0,0.0
2013-11-13 00:00:00-05:00,19.96502294929993,20.73358315688281,19.86274467597115,20.686826705932617,135000,0.0,0.0
2013-11-14 00:00:00-05:00,20.648842748521112,20.83586860168468,20.526107450418273,20.777423858642578,71100,0.0,0.0
2013-11-15 00:00:00-05:00,20.736505611657513,21.034578398025534,20.63714857358236,20.77157211303711,105000,0.0,0.0
2013-11-18 00:00:00-05:00,20.672220980166557,21.037507312751806,20.672220980166557,20.777423858642578,379500,0.0,0.0
2013-11-19 00:00:00-05:00,20.74819460950714,20.84755164302965,20.625457679946134,20.73942756652832,106800,0.0,0.0
2013-11-20 00:00:00-05:00,20.751114930672973,20.800794281322727,20.564089147722,20.7598819732666,291600,0.0,0.0
2013-11-21 00:00:00-05:00,20.754041609138103,20.946913252521075,20.689752733486614,20.8563232421875,156300,0.0,0.0
2013-11-22 00:00:00-05:00,20.83878518350356,21.157313283987435,20.77157174283156,21.142702102661133,231900,0.0,0.0
2013-11-25 00:00:00-05:00,21.259591963077305,21.8469704470872,21.242057877669865,21.689167022705078,251700,0.0,0.0
2013-11-26 00:00:00-05:00,21.648261577612853,21.858665652782484,21.50214805455857,21.727163314819336,154200,0.0,0.0
2013-11-27 00:00:00-05:00,21.76222744703654,22.142123205140354,21.753460403184725,22.11582374572754,179400,0.0,0.0
2013-11-29 00:00:00-05:00,21.97555668869227,22.279473661416592,21.97555668869227,22.191804885864258,76500,0.0,0.0
2013-12-02 00:00:00-05:00,22.2823901507285,22.2823901507285,21.71546701459552,21.800212860107422,293100,0.0,0.0
2013-12-03 00:00:00-05:00,21.873270421870124,22.08367441923802,21.829435210662854,21.9609375,202200,0.0,0.0
2013-12-04 00:00:00-05:00,22.07491582700493,22.21810644604741,21.89373411965951,22.060304641723633,103200,0.0,0.0
2013-12-05 00:00:00-05:00,22.197644229761224,22.197644229761224,21.814825608952283,21.920026779174805,211500,0.0,0.0
2013-12-06 00:00:00-05:00,22.232707516169896,22.232707516169896,21.762220242125295,22.162572860717773,103200,0.0,0.0
2013-12-09 00:00:00-05:00,22.130440020188374,22.215185900731974,21.966792398966213,22.03984832763672,72000,0.0,0.0
2013-12-10 00:00:00-05:00,22.159656225591487,22.282393161463045,21.624879953527596,21.808982849121094,207000,0.0,0.0
2013-12-11 00:00:00-05:00,21.97554420054512,21.97554420054512,21.3735530641821,21.604413986206055,139200,0.0,0.0
2013-12-12 00:00:00-05:00,21.70378146718262,21.99016432595594,21.543056785822913,21.88788604736328,104700,0.0,0.0
2013-12-13 00:00:00-05:00,22.031080575354636,22.036926387175253,21.61319532590091,21.922956466674805,61200,0.0,0.0
2013-12-16 00:00:00-05:00,22.121665057093438,22.13919747041379,21.674555910647236,21.826515197753906,237900,0.0,0.0
2013-12-17 00:00:00-05:00,21.92879807057287,22.06322497261482,21.63657105476713,21.99016571044922,123300,0.0,0.0
2013-12-18 00:00:00-05:00,22.112899120781005,22.302847821132826,21.94048450676928,22.282392501831055,150000,0.0,0.0
2013-12-19 00:00:00-05:00,22.29699863610667,22.32329976163594,21.715466019081322,21.940481185913086,54000,0.0,0.0
2013-12-20 00:00:00-05:00,22.04568713906362,22.560008071011286,22.04568713906362,22.431427001953125,192300,0.0,0.0
2013-12-23 00:00:00-05:00,22.478180632464884,23.015879721186447,22.364212430930515,22.863922119140625,114000,0.0,0.0
2013-12-24 00:00:00-05:00,22.729503375577153,23.334416067046128,22.729503375577153,23.118167877197266,43500,0.0,0.0
2013-12-26 00:00:00-05:00,23.22629406120721,23.24967229118937,22.653526590572785,22.70028305053711,60900,0.0,0.0
2013-12-27 00:00:00-05:00,22.858086280757384,22.858086280757384,22.320385324674966,22.64183807373047,69600,0.0,0.0
2013-12-30 00:00:00-05:00,22.408053197285007,22.694437754073263,22.408053197285007,22.66229248046875,53700,0.0,0.0
2013-12-31 00:00:00-05:00,22.633067995100046,22.907760903580268,22.50156567947506,22.656444549560547,57300,0.0,0.0
2014-01-02 00:00:00-05:00,22.650601326021697,22.679825364563296,22.060301498479472,22.635990142822266,119700,0.0,0.0
2014-01-03 00:00:00-05:00,22.65936585711034,22.749957523898697,22.226867859378075,22.3934383392334,43800,0.0,0.0
2014-01-06 00:00:00-05:00,22.422664574895357,22.64767813100432,22.159658264239543,22.291160583496094,96000,0.0,0.0
2014-01-07 00:00:00-05:00,22.308690482901355,22.603840337476907,22.291156397721593,22.51325035095215,73200,0.0,0.0
2014-01-08 00:00:00-05:00,22.162577798383992,22.486950025064626,22.159654893369005,22.367136001586914,49800,0.0,0.0
2014-01-09 00:00:00-05:00,22.51032803865467,22.88730251923184,22.159654686539554,22.45188331604004,77100,0.0,0.0
2014-01-10 00:00:00-05:00,22.492796048296434,22.73242242538074,22.305768584840852,22.682743072509766,93300,0.0,0.0
2014-01-13 00:00:00-05:00,22.70612393839953,22.70612393839953,21.993087189981523,22.04861068725586,67500,0.0,0.0
2014-01-14 00:00:00-05:00,22.10705595803921,22.729501001291098,22.10705595803921,22.45772933959961,38100,0.0,0.0
2014-01-15 00:00:00-05:00,22.48111064224646,22.723659973376993,22.299928952271166,22.3466854095459,52800,0.0,0.0
2014-01-16 00:00:00-05:00,22.051533300865188,22.446040243045896,21.89372985513585,22.001853942871094,33900,0.0,0.0
2014-01-17 00:00:00-05:00,22.036921281262927,22.5892316481911,21.84697257253491,22.153812408447266,41400,0.0,0.0
2014-01-21 00:00:00-05:00,22.390511537935375,22.694428386765107,22.12458408619159,22.416810989379883,47700,0.0,0.0
2014-01-22 00:00:00-05:00,22.54247295776695,22.577539456367173,22.212254929224244,22.261934280395508,40200,0.0,0.0
2014-01-23 00:00:00-05:00,22.060299887038184,22.08952225130244,21.61026778551261,21.63364601135254,67500,0.0,0.0
2014-01-24 00:00:00-05:00,21.59566030283718,21.61903853268193,21.069649295258888,21.312198638916016,180600,0.0,0.0
2014-01-27 00:00:00-05:00,21.30050435776562,21.464151920564383,20.868006391440538,20.949831008911133,48600,0.0,0.0
2014-01-28 00:00:00-05:00,20.946908056877945,21.03749971688412,20.57577771841861,20.806638717651367,87600,0.0,0.0
2014-01-29 00:00:00-05:00,20.680977093060356,20.800791093957272,20.207566898400923,20.423816680908203,41400,0.0,0.0
2014-01-30 00:00:00-05:00,20.786182556030667,20.786182556030667,20.169581685411355,20.499799728393555,74700,0.0,0.0
2014-01-31 00:00:00-05:00,20.756964129160586,21.38525506703565,20.648840031047857,20.981979370117188,135600,0.0,0.0
2014-02-03 00:00:00-05:00,21.06087519062668,21.090099222244145,19.956252946614914,20.236791610717773,84300,0.0,0.0
2014-02-04 00:00:00-05:00,20.415053622704793,20.952752771202597,20.31277368435316,20.441354751586914,89700,0.0,0.0
2014-02-05 00:00:00-05:00,20.455964279656698,20.56116712314211,19.944566259557888,20.03515625,70500,0.0,0.0
2014-02-06 00:00:00-05:00,20.00008882731584,20.48518736826415,19.6727937082422,19.745849609375,79500,0.0,0.0
2014-02-07 00:00:00-05:00,19.757542537419038,20.14912824627717,19.710786084783518,20.04684829711914,62700,0.0,0.0
2014-02-10 00:00:00-05:00,20.12574753189929,20.12574753189929,19.83351890298295,20.10236930847168,55500,0.0,0.0
2014-02-11 00:00:00-05:00,20.11698118863041,20.172504680219525,19.944566575838557,20.076068878173828,57000,0.0,0.0
2014-02-12 00:00:00-05:00,20.11120534799677,20.357107155879387,19.915069840835482,20.237083435058594,70800,0.04,0.0
2014-02-13 00:00:00-05:00,20.23707380964542,20.65861812974193,20.169744442225035,20.512248992919922,75900,0.0,0.0
2014-02-14 00:00:00-05:00,20.553235996761543,20.720096268459812,20.40393881808992,20.51810646057129,87900,0.0,0.0
2014-02-18 00:00:00-05:00,20.518107818246335,21.10651418781988,20.260497344389577,21.018692016601562,245400,0.0,0.0
2014-02-19 00:00:00-05:00,20.936727200135753,21.206048095435293,20.603003263559973,20.614713668823242,73200,0.0,0.0
2014-02-20 00:00:00-05:00,20.7025365739131,21.036258847161186,20.447852419930836,20.64105987548828,83400,0.0,0.0
2014-02-21 00:00:00-05:00,20.62056142044553,20.89281024851178,19.877003689367438,20.725948333740234,69300,0.0,0.0
2014-02-24 00:00:00-05:00,20.679117007635597,21.07724231614725,20.240007792715865,20.85183334350586,65400,0.0,0.0
2014-02-25 00:00:00-05:00,20.76400705746355,20.898667480409024,20.59421877531009,20.682039260864258,41100,0.0,0.0
2014-02-26 00:00:00-05:00,20.76400147092939,21.162126593558977,20.76400147092939,20.904516220092773,40200,0.0,0.0
2014-02-27 00:00:00-05:00,20.793276864922756,21.024541791044626,20.673254885924152,20.922082901000977,62100,0.0,0.0
2014-02-28 00:00:00-05:00,20.913306224405513,21.469511061353046,20.863539937786033,20.869394302368164,69000,0.0,0.0
2014-03-03 00:00:00-05:00,20.77864326876312,20.81669914653472,20.292695890938006,20.56787109375,56400,0.0,0.0
2014-03-04 00:00:00-05:00,20.88696412912959,21.60710307424405,20.398090229231723,21.302654266357422,111000,0.0,0.0
2014-03-05 00:00:00-05:00,21.200189117035865,21.481218703580772,20.99234494680437,21.223609924316406,39300,0.0,0.0
2014-03-06 00:00:00-05:00,21.194330677686835,21.33777346305653,21.027468764607892,21.173839569091797,36000,0.0,0.0
2014-03-07 00:00:00-05:00,21.22360544351737,21.29971551330242,20.8254786048975,21.296789169311523,114900,0.0,0.0
2014-03-10 00:00:00-04:00,21.144561548071067,21.35240563381019,20.998190774946607,21.162124633789062,63600,0.0,0.0
2014-03-11 00:00:00-04:00,21.077239192210243,21.19433485382907,20.67618592301509,20.860610961914062,90900,0.0,0.0
2014-03-12 00:00:00-04:00,20.80499346588826,21.20604676356598,20.73180804402823,21.018692016601562,74400,0.0,0.0
2014-03-13 00:00:00-04:00,21.01869199184582,21.109442182856345,20.83133892017066,20.95136260986328,81900,0.0,0.0
2014-03-14 00:00:00-04:00,20.901595167952276,21.241173429147743,20.693750993689633,21.04796600341797,66600,0.0,0.0
2014-03-17 00:00:00-04:00,21.211894077326093,21.369971922890663,21.165055824921474,21.27044105529785,49800,0.0,0.0
2014-03-18 00:00:00-04:00,20.930863386593735,21.39924759686915,20.930863386593735,21.317279815673828,75900,0.0,0.0
2014-03-19 00:00:00-04:00,21.077233713324794,21.223604508601575,20.84011443203356,20.96306610107422,36600,0.0,0.0
2014-03-20 00:00:00-04:00,20.94257508512447,21.276298918438517,20.930864683484668,21.135784149169922,25200,0.0,0.0
2014-03-21 00:00:00-04:00,21.09187178049035,21.302643929832758,20.758149629465244,20.761075973510742,167400,0.0,0.0
2014-03-24 00:00:00-04:00,20.89867006897227,20.89867006897227,20.351245925815913,20.506399154663086,53100,0.0,0.0
2014-03-25 00:00:00-04:00,20.49176218990253,20.73473760755829,20.40394168721487,20.611785888671875,139500,0.0,0.0
2014-03-26 00:00:00-04:00,20.822556626968634,20.822556626968634,20.49176073018918,20.506399154663086,83100,0.0,0.0
2014-03-27 00:00:00-04:00,20.52396631356666,20.564950221714405,20.433216111591744,20.500545501708984,63300,0.0,0.0
2014-03-28 00:00:00-04:00,20.450775923438687,21.20897050249283,20.450775923438687,20.579580307006836,50100,0.0,0.0
2014-03-31 00:00:00-04:00,20.71423638906914,21.077233682736217,20.71423638906914,20.910371780395508,59400,0.0,0.0
2014-04-01 00:00:00-04:00,20.81377112005165,21.47536108605328,20.766932862722896,21.44023323059082,107700,0.0,0.0
2014-04-02 00:00:00-04:00,21.52512691552766,21.668568028699998,21.384612146459958,21.495853424072266,52500,0.0,0.0
2014-04-03 00:00:00-04:00,21.44901731731066,21.71541183228845,21.428526204651664,21.528057098388672,87900,0.0,0.0
2014-04-04 00:00:00-04:00,21.721263986439617,21.721263986439617,20.930866256083593,20.96599578857422,56100,0.0,0.0
2014-04-07 00:00:00-04:00,20.974778587670254,20.983560970967083,20.77571681650325,20.843046188354492,64800,0.0,0.0
2014-04-08 00:00:00-04:00,21.290934043531887,21.290934043531887,20.79620436957339,20.85767936706543,74100,0.0,0.0
2014-04-09 00:00:00-04:00,21.138709063387296,21.214822481227024,20.769857400240525,21.129926681518555,88500,0.0,0.0
2014-04-10 00:00:00-04:00,21.068455675323023,21.261663087837917,20.412720005517485,20.494686126708984,49500,0.0,0.0
2014-04-11 00:00:00-04:00,20.26927779295218,20.63812953678252,20.152182134201947,20.234149932861328,99300,0.0,0.0
2014-04-14 00:00:00-04:00,20.41856621132812,20.529807458205344,19.90627355212847,20.122900009155273,117600,0.0,0.0
2014-04-15 00:00:00-04:00,20.254635295196866,20.32782068929088,19.622317242376795,20.19901466369629,125100,0.0,0.0
2014-04-16 00:00:00-04:00,20.45662569448296,20.62348759432471,20.278055069249508,20.45077133178711,36000,0.0,0.0
2014-04-17 00:00:00-04:00,20.330753401072542,20.802064069524754,20.32197101702498,20.51810646057129,140100,0.0,0.0
2014-04-21 00:00:00-04:00,20.629344830985488,20.629344830985488,20.307331386900575,20.424427032470703,33300,0.0,0.0
2014-04-22 00:00:00-04:00,20.491759039243124,20.822554908725852,20.409792914323393,20.453704833984375,86700,0.0,0.0
2014-04-23 00:00:00-04:00,20.433208704612813,20.68496475259967,20.42442632211697,20.430280685424805,71700,0.0,0.0
2014-04-24 00:00:00-04:00,20.424434420063935,20.63813467867618,20.266356497668077,20.40979766845703,63900,0.0,0.0
2014-04-25 00:00:00-04:00,19.96190714485357,21.033334842818572,19.877012975767965,19.920923233032227,106500,0.0,0.0
2014-04-28 00:00:00-04:00,19.932627223822838,20.178528940527734,19.38813283871197,19.449607849121094,117900,0.0,0.0
2014-04-29 00:00:00-04:00,19.44960887890942,19.99117527312497,19.44960887890942,19.64574432373047,152700,0.0,0.0
2014-04-30 00:00:00-04:00,19.511086299484163,19.86530135174819,19.124669726553527,19.7950439453125,204900,0.0,0.0
2014-05-01 00:00:00-04:00,19.68086916163702,20.03215609651436,18.992932038118703,19.792110443115234,105000,0.0,0.0
2014-05-02 00:00:00-04:00,19.768691964839483,20.096559781517257,19.5871932904115,19.66623306274414,70800,0.0,0.0
2014-05-05 00:00:00-04:00,19.546206240709374,20.17559629844523,19.45252973677362,19.55791664123535,57900,0.0,0.0
2014-05-06 00:00:00-04:00,19.546217163395873,19.683805652355307,19.192002056798177,19.221277236938477,138900,0.0,0.0
2014-05-07 00:00:00-04:00,19.19487631562062,19.590797111166644,18.69337563438111,19.555604934692383,105000,0.04,0.0
2014-05-08 00:00:00-04:00,19.10981976477381,19.866470647875317,19.10981976477381,19.7403621673584,152100,0.0,0.0
2014-05-09 00:00:00-04:00,19.60252779240831,20.279992672096224,19.60252779240831,20.092296600341797,81900,0.0,0.0
2014-05-12 00:00:00-04:00,20.382642502896886,20.623127694809163,20.271197531717277,20.37677574157715,126600,0.0,0.0
2014-05-13 00:00:00-04:00,20.165615582771274,20.35037827021077,19.81955053823201,20.060035705566406,104400,0.0,0.0
2014-05-14 00:00:00-04:00,20.04830243617523,20.086427984276867,19.728631151832754,19.793153762817383,291900,0.0,0.0
2014-05-15 00:00:00-04:00,19.67877768152266,20.02484271189032,19.655315674008502,19.840078353881836,204300,0.0,0.0
2014-05-16 00:00:00-04:00,19.884076375446675,20.045377094114663,19.649454554810905,19.828353881835938,69000,0.0,0.0
2014-05-19 00:00:00-04:00,19.675845507558535,20.159750910573358,19.675845507558535,20.0864315032959,81600,0.0,0.0
2014-05-20 00:00:00-04:00,19.910467592774708,20.145089383952428,19.725704883054682,19.775562286376953,98400,0.0,0.0
2014-05-21 00:00:00-04:00,20.010188067268306,20.165623726418765,19.52921586022939,19.772634506225586,63600,0.0,0.0
2014-05-22 00:00:00-04:00,19.904603634962328,20.03657724624397,19.713975831171297,19.86354637145996,39600,0.0,0.0
2014-05-23 00:00:00-04:00,19.892870377361284,20.23013696630252,19.892870377361284,20.098161697387695,67200,0.0,0.0
2014-05-27 00:00:00-04:00,20.230139090204393,20.46182582396492,20.162686436588594,20.265331268310547,52200,0.0,0.0
2014-05-28 00:00:00-04:00,20.171481583915636,20.171481583915636,19.878205625556134,19.980852127075195,41700,0.0,0.0
2014-05-29 00:00:00-04:00,19.96325634730488,20.089363176876343,19.816617532959484,20.0747013092041,34500,0.0,0.0
2014-05-30 00:00:00-04:00,20.089366830483673,20.162687929126363,19.801957588488865,19.919267654418945,50100,0.0,0.0
2014-06-02 00:00:00-04:00,20.01604673474092,20.089364468492224,19.72570414593383,19.881139755249023,43800,0.0,0.0
2014-06-03 00:00:00-04:00,19.88407602301038,20.060040287698783,19.652387587563297,19.9603271484375,80700,0.0,0.0
2014-06-04 00:00:00-04:00,19.91926820469382,19.9603271484375,19.708110080186376,19.9603271484375,114900,0.0,0.0
2014-06-05 00:00:00-04:00,19.977917128542867,20.373839523097843,19.84007679638353,20.326913833618164,123000,0.0,0.0
2014-06-06 00:00:00-04:00,20.499948826836363,20.969188997315676,20.499948826836363,20.831350326538086,144300,0.0,0.0
2014-06-09 00:00:00-04:00,20.91933912349282,21.236077166139548,20.91933912349282,21.153959274291992,49800,0.0,0.0
2014-06-10 00:00:00-04:00,21.021979711486026,21.13049129081412,20.763897618503325,20.975055694580078,42000,0.0,0.0
2014-06-11 00:00:00-04:00,20.80788686154458,20.82255208421387,20.499947391921364,20.708173751831055,52500,0.0,0.0
2014-06-12 00:00:00-04:00,20.599664115218097,20.658318298865712,20.34451371757223,20.5527400970459,59400,0.0,0.0
2014-06-13 00:00:00-04:00,20.684710586405004,20.684710586405004,20.432493607019353,20.61432456970215,62100,0.0,0.0
2014-06-16 00:00:00-04:00,20.658317858982503,20.661251239356528,20.306387730184763,20.51461410522461,72300,0.0,0.0
2014-06-17 00:00:00-04:00,20.58500216502997,21.112898249456677,20.58500216502997,20.998519897460938,127500,0.0,0.0
2014-06-18 00:00:00-04:00,20.92520510834703,21.118766321553277,20.734577276452907,21.063045501708984,166200,0.0,0.0
2014-06-19 00:00:00-04:00,21.08357413648658,21.115834618376915,20.87828107616759,21.063045501708984,61800,0.0,0.0
2014-06-20 00:00:00-04:00,21.19207894121947,21.277128512447696,21.092365824414163,21.133424758911133,156600,0.0,0.0
2014-06-23 00:00:00-04:00,21.139287644135962,21.18621165635908,20.98091868334917,21.109960556030273,68400,0.0,0.0
2014-06-24 00:00:00-04:00,20.972120659272466,21.473622938282364,20.972120659272466,21.148086547851562,115500,0.0,0.0
2014-06-25 00:00:00-04:00,20.995586963952775,21.394442835965204,20.9897218806355,21.35045051574707,65700,0.0,0.0
2014-06-26 00:00:00-04:00,21.26540093417258,21.52934814293968,20.863613359569225,21.35045051574707,70500,0.0,0.0
2014-06-27 00:00:00-04:00,21.262463490976785,21.65838419723369,21.262463490976785,21.494150161743164,455700,0.0,0.0
2014-06-30 00:00:00-04:00,21.49415918137049,21.755174726606057,21.382714190988057,21.60560417175293,77400,0.0,0.0
2014-07-01 00:00:00-04:00,21.79329469645079,22.564609287625277,21.79329469645079,22.095367431640625,113700,0.0,0.0
2014-07-02 00:00:00-04:00,22.168687648313046,22.332921716558037,21.766900102055818,21.846084594726562,74700,0.0,0.0
2014-07-03 00:00:00-04:00,21.948727777173378,22.215608307469942,21.948727777173378,22.19214630126953,13500,0.0,0.0
2014-07-07 00:00:00-04:00,21.48242075969687,21.936995655673396,21.48242075969687,21.567468643188477,80400,0.0,0.0
2014-07-08 00:00:00-04:00,21.631992500037853,21.80502502669501,21.233138345850165,21.479490280151367,54600,0.0,0.0
2014-07-09 00:00:00-04:00,21.43843189221071,21.43843189221071,21.177416405342292,21.218475341796875,48000,0.0,0.0
2014-07-10 00:00:00-04:00,20.875350195849222,21.162759484743358,20.50582300833629,20.986793518066406,106800,0.0,0.0
2014-07-11 00:00:00-04:00,20.91053128632102,20.91053128632102,20.646584154502552,20.699373245239258,65100,0.0,0.0
2014-07-14 00:00:00-04:00,20.9809137340639,20.9809137340639,20.7140332677337,20.87240219116211,52800,0.0,0.0
2014-07-15 00:00:00-04:00,20.83134710363968,20.91053157992403,20.502879035122724,20.722835540771484,66900,0.0,0.0
2014-07-16 00:00:00-04:00,20.898802779180095,20.898802779180095,20.502882018286932,20.508747100830078,42600,0.0,0.0
2014-07-17 00:00:00-04:00,20.31226166035333,20.45010206967375,20.062977920306214,20.145095825195312,75300,0.0,0.0
2014-07-18 00:00:00-04:00,20.10696042116141,20.634856469257812,19.71983810694129,20.579133987426758,72300,0.0,0.0
2014-07-21 00:00:00-04:00,20.367974493323313,20.432495433936985,20.162683184852327,20.300521850585938,92700,0.0,0.0
2014-07-22 00:00:00-04:00,20.426633265799836,20.51754792917332,20.24186888024011,20.379709243774414,132000,0.0,0.0
2014-07-23 00:00:00-04:00,20.20960115704895,20.417827478939902,20.20960115704895,20.259458541870117,60600,0.0,0.0
2014-07-24 00:00:00-04:00,20.936936781259924,21.05717856388445,20.265335107910776,20.41783905029297,96000,0.0,0.0
2014-07-25 00:00:00-04:00,20.529277261243728,20.529277261243728,20.183213871472784,20.32105255126953,165000,0.0,0.0
2014-07-28 00:00:00-04:00,20.526341983885708,21.28885801707341,20.497014895953306,21.268327713012695,281700,0.0,0.0
2014-07-29 00:00:00-04:00,21.253673872781736,21.49415910528013,21.253673872781736,21.29473114013672,191400,0.0,0.0
2014-07-30 00:00:00-04:00,21.508818608339514,21.92233801033443,21.209677555969503,21.262468338012695,71400,0.0,0.0
2014-07-31 00:00:00-04:00,21.262464792476525,21.291791881075522,20.960390409874627,20.995582580566406,186600,0.0,0.0
2014-08-01 00:00:00-04:00,20.884142365981543,20.980922108155095,20.494084982337952,20.62605857849121,124200,0.0,0.0
2014-08-04 00:00:00-04:00,20.60553063957025,20.69644530183878,20.450095028267086,20.67591667175293,171300,0.0,0.0
2014-08-05 00:00:00-04:00,20.626060610029164,20.960395543224994,20.344516463002453,20.942798614501953,159600,0.0,0.0
2014-08-06 00:00:00-04:00,20.778284526151108,21.160183481587012,20.555019435276044,21.1073055267334,84900,0.04,0.0
2014-08-07 00:00:00-04:00,21.116112197823895,21.301187518124152,20.94572678246641,21.151365280151367,192300,0.0,0.0
2014-08-08 00:00:00-04:00,21.17781660406762,21.468647967526007,21.17781660406762,21.40401840209961,98700,0.0,0.0
2014-08-11 00:00:00-04:00,21.559709395831035,21.815287583325645,21.2953179355318,21.66840362548828,99600,0.0,0.0
2014-08-12 00:00:00-04:00,21.506832233752455,21.621401422521412,21.506832233752455,21.54796028137207,114000,0.0,0.0
2014-08-13 00:00:00-04:00,21.57733806262288,21.7535984931632,21.448078956727915,21.539148330688477,56400,0.0,0.0
2014-08-14 00:00:00-04:00,21.565585673567654,21.87110687966939,21.45395311914125,21.57733726501465,93600,0.0,0.0
2014-08-15 00:00:00-04:00,21.79472460025427,21.79472460025427,21.11024276178844,21.327632904052734,101100,0.0,0.0
2014-08-18 00:00:00-04:00,21.512716386700212,21.56853268641418,21.43633689486455,21.553844451904297,59100,0.0,0.0
2014-08-19 00:00:00-04:00,21.75066356292545,21.75066356292545,21.430455772228267,21.586153030395508,46800,0.0,0.0
2014-08-20 00:00:00-04:00,21.421647057395518,21.500964862582165,21.21600842772351,21.295326232910156,57000,0.0,0.0
2014-08-21 00:00:00-04:00,21.439263282116865,21.850538662380092,21.307065883181078,21.756532669067383,80700,0.0,0.0
2014-08-22 00:00:00-04:00,21.76828529414766,21.865227928762746,21.013297313123324,21.60377311706543,84900,0.0,0.0
2014-08-25 00:00:00-04:00,21.738914489746094,21.809419006407484,21.624343599571162,21.738914489746094,91500,0.0,0.0
2014-08-26 00:00:00-04:00,21.7829780382728,22.017993081467953,21.7829780382728,21.994491577148438,116400,0.0,0.0
2014-08-27 00:00:00-04:00,21.93573522706866,22.003303097200607,21.921046998159987,21.968050003051758,84000,0.0,0.0
2014-08-28 00:00:00-04:00,21.803535468291894,22.00036072512809,21.744780882523596,21.88578987121582,65700,0.0,0.0
2014-08-29 00:00:00-04:00,21.885792532619142,21.99448844546038,21.885792532619142,21.915170669555664,40500,0.0,0.0
2014-09-02 00:00:00-04:00,22.05324763808108,22.05324763808108,21.88579876559799,21.94455337524414,215400,0.0,0.0
2014-09-03 00:00:00-04:00,22.064994924187726,22.07380819796187,21.615528047466864,21.636091232299805,42600,0.0,0.0
2014-09-04 00:00:00-04:00,22.432208760850852,22.432208760850852,21.465708684528106,21.468647003173828,39600,0.0,0.0
2014-09-05 00:00:00-04:00,21.445137341587984,22.09730604530037,21.151369442197343,21.35700798034668,99600,0.0,0.0
2014-09-08 00:00:00-04:00,21.436336978616268,21.436336978616268,21.233634971090144,21.342330932617188,73500,0.0,0.0
2014-09-09 00:00:00-04:00,21.24244441360633,21.327638848255386,21.154313341150317,21.280635833740234,71100,0.0,0.0
2014-09-10 00:00:00-04:00,21.22775183541438,21.480393406946327,21.22775183541438,21.41576385498047,62400,0.0,0.0
2014-09-11 00:00:00-04:00,21.283566594297064,21.60083769514321,21.216000409949427,21.389324188232422,158100,0.0,0.0
2014-09-12 00:00:00-04:00,21.409890266404958,21.67722008391169,21.354073984412988,21.597902297973633,135600,0.0,0.0
2014-09-15 00:00:00-04:00,21.518582072653288,21.72128229525555,21.44513757556459,21.60377311706543,67800,0.0,0.0
2014-09-16 00:00:00-04:00,21.774165676569055,21.774165676569055,21.233629373606625,21.336448669433594,32400,0.0,0.0
2014-09-17 00:00:00-04:00,21.380507551233993,21.64783729052577,21.23362193382643,21.50682830810547,57300,0.0,0.0
2014-09-18 00:00:00-04:00,21.650783385785232,22.10318694666395,21.51858762739653,21.903423309326172,83700,0.0,0.0
2014-09-19 00:00:00-04:00,21.985672698007054,22.294130493924293,21.64783844941953,21.756532669067383,133200,0.0,0.0
2014-09-22 00:00:00-04:00,21.738915165929253,21.780041541207417,21.430457265581058,21.468647003173828,58200,0.0,0.0
2014-09-23 00:00:00-04:00,21.624339941724628,21.624339941724628,21.171934775620027,21.3716983795166,143700,0.0,0.0
2014-09-24 00:00:00-04:00,21.183686953789774,21.374635608804745,21.168998725016316,21.29825782775879,34800,0.0,0.0
2014-09-25 00:00:00-04:00,21.474513037704128,21.474513037704128,21.077925914274235,21.177806854248047,62700,0.0,0.0
2014-09-26 00:00:00-04:00,21.233633009093424,21.3834553411809,20.922238430734637,21.362892150878906,117600,0.0,0.0
2014-09-29 00:00:00-04:00,21.20131655318701,21.35407549919264,20.969238134656536,21.268882751464844,102600,0.0,0.0
2014-09-30 00:00:00-04:00,21.18368817639065,21.26594259846127,20.936921548258535,21.03680419921875,100800,0.0,0.0
2014-10-01 00:00:00-04:00,21.060304260500263,21.310007508879732,20.801786057799617,20.875228881835938,94800,0.0,0.0
2014-10-02 00:00:00-04:00,20.895794431394016,21.715410456213405,20.895794431394016,21.05443000793457,62400,0.0,0.0
2014-10-03 00:00:00-04:00,21.063234255292173,21.180741728117937,20.91928865168029,21.151365280151367,135300,0.0,0.0
2014-10-06 00:00:00-04:00,21.169003034243374,21.409893060892436,20.931049645370774,21.007429122924805,36600,0.0,0.0
2014-10-07 00:00:00-04:00,20.819404047870325,21.00447766951047,20.763587793496473,20.857595443725586,80100,0.0,0.0
2014-10-08 00:00:00-04:00,20.719527872109488,21.330566812337516,20.60495702021691,21.236560821533203,68400,0.0,0.0
2014-10-09 00:00:00-04:00,21.283573786834545,21.283573786834545,20.672534560376413,20.889923095703125,84900,0.0,0.0
2014-10-10 00:00:00-04:00,20.778286562936565,21.389325623914885,20.778286562936565,20.998613357543945,62100,0.0,0.0
2014-10-13 00:00:00-04:00,20.96629770247741,21.84466652591935,20.96629770247741,21.54796028137207,48300,0.0,0.0
2014-10-14 00:00:00-04:00,21.647842565121767,22.10612102916956,21.644904246912205,21.750661849975586,65700,0.0,0.0
2014-10-15 00:00:00-04:00,21.506830247800636,21.556769882978745,20.663712913772276,21.35700798034668,92100,0.0,0.0
2014-10-16 00:00:00-04:00,21.119055491475336,21.991549313159926,21.119055491475336,21.659591674804688,74700,0.0,0.0
2014-10-17 00:00:00-04:00,21.99448857984228,21.99448857984228,21.160184449714475,21.4657039642334,98700,0.0,0.0
2014-10-20 00:00:00-04:00,21.718348413979484,21.885795581138,21.28944638171497,21.530336380004883,54600,0.0,0.0
2014-10-21 00:00:00-04:00,21.574403717924106,21.84761020916411,21.43045803734603,21.785917282104492,55500,0.0,0.0
2014-10-22 00:00:00-04:00,21.970992729122198,21.970992729122198,21.183691398753613,21.383453369140625,44400,0.0,0.0
2014-10-23 00:00:00-04:00,21.542084281190093,21.92985990555286,21.445139954859396,21.618465423583984,80100,0.0,0.0
2014-10-24 00:00:00-04:00,21.577336206738202,21.777098122899545,21.392260837485267,21.60083770751953,56700,0.0,0.0
2014-10-27 00:00:00-04:00,21.42457873345758,22.067934302184856,21.32763607920676,21.9533634185791,52500,0.0,0.0
2014-10-28 00:00:00-04:00,21.956303889008634,22.64666085285354,21.956303889008634,22.643722534179688,84900,0.0,0.0
2014-10-29 00:00:00-04:00,21.29532175016654,22.79354309517205,21.29532175016654,22.66428565979004,42600,0.0,0.0
2014-10-30 00:00:00-04:00,22.846425173328253,23.06087875366211,22.56440706613288,23.06087875366211,66000,0.0,0.0
2014-10-31 00:00:00-04:00,23.266508795363688,23.492712222592846,23.060871913911747,23.104936599731445,110400,0.0,0.0
2014-11-03 00:00:00-05:00,22.7964813366892,22.802356292604873,22.361702660685573,22.76710319519043,86400,0.0,0.0
2014-11-04 00:00:00-05:00,22.567337427831088,22.790602524450726,22.54383592718481,22.752412796020508,53700,0.0,0.0
2014-11-05 00:00:00-05:00,22.811283578625275,22.831888352635527,22.69943606863289,22.778907775878906,44400,0.05,0.0
2014-11-06 00:00:00-05:00,22.8083369612988,22.814223316673054,22.687657412906383,22.811279296875,84600,0.0,0.0
2014-11-07 00:00:00-05:00,22.81127701673129,22.81127701673129,22.531655795852938,22.69648551940918,96600,0.0,0.0
2014-11-10 00:00:00-05:00,22.584640732127113,22.979053497314453,22.51988408488123,22.979053497314453,124500,0.0,0.0
2014-11-11 00:00:00-05:00,22.899584884544495,22.993775006120924,22.65234107860047,22.72298240661621,124500,0.0,0.0
2014-11-12 00:00:00-05:00,22.6317369283735,23.117397545546947,22.590529064840947,22.958454132080078,150900,0.0,0.0
2014-11-13 00:00:00-05:00,23.082077215938476,23.082077215938476,22.670001928036143,22.92902183532715,73200,0.0,0.0
2014-11-14 00:00:00-05:00,22.92607523123269,23.099735367202165,22.546377474531084,22.667057037353516,81000,0.0,0.0
2014-11-17 00:00:00-05:00,22.59346988333699,22.81128019879293,22.437470512309254,22.687658309936523,64800,0.0,0.0
2014-11-18 00:00:00-05:00,22.717091492431525,22.83482701550223,22.66411092810515,22.693544387817383,87900,0.0,0.0
2014-11-19 00:00:00-05:00,22.66411709780657,22.66411709780657,22.2991343505979,22.475738525390625,91200,0.0,0.0
2014-11-20 00:00:00-05:00,22.363887205797056,22.820110930566624,22.363887205797056,22.73475456237793,58800,0.0,0.0
2014-11-21 00:00:00-05:00,22.97022562321791,22.97022562321791,22.39037828116019,22.48162269592285,133200,0.0,0.0
2014-11-24 00:00:00-05:00,22.79362295625405,22.79362295625405,22.29618965688009,22.667057037353516,106500,0.0,0.0
2014-11-25 00:00:00-05:00,22.66411292602033,22.7288662062511,22.572866834958283,22.714149475097656,47100,0.0,0.0
2014-11-26 00:00:00-05:00,22.49339894792616,22.625851234955853,22.49339894792616,22.614078521728516,50400,0.0,0.0
2014-11-28 00:00:00-05:00,22.519887440087274,22.543436233988036,22.07249404041556,22.104869842529297,60600,0.0,0.0
2014-12-01 00:00:00-05:00,22.140192236109467,22.140192236109467,21.786983892558208,21.82819175720215,99900,0.0,0.0
2014-12-02 00:00:00-05:00,21.731055560994832,22.2932437395795,21.713394811375636,22.281469345092773,152100,0.0,0.0
2014-12-03 00:00:00-05:00,22.166677315459168,22.452186607080094,22.14901656491683,22.252037048339844,75900,0.0,0.0
2014-12-04 00:00:00-05:00,22.19316958794717,22.434528699904643,22.18728323220288,22.32267951965332,70500,0.0,0.0
2014-12-05 00:00:00-05:00,22.31090638918638,22.805397352632312,22.31090638918638,22.667057037353516,107100,0.0,0.0
2014-12-08 00:00:00-05:00,22.669996722658475,22.987883492816874,22.625846530901747,22.63762092590332,57300,0.0,0.0
2014-12-09 00:00:00-05:00,22.443362997472175,22.976116180419922,22.322683420405422,22.976116180419922,105000,0.0,0.0
2014-12-10 00:00:00-05:00,22.97316460228673,23.023202828950566,22.40509009714037,22.437467575073242,64200,0.0,0.0
2014-12-11 00:00:00-05:00,22.60523603109394,22.83187663937991,22.278518992893115,22.50516128540039,108900,0.0,0.0
2014-12-12 00:00:00-05:00,22.31973533046124,22.65822520441023,22.234377278039275,22.249094009399414,39300,0.0,0.0
2014-12-15 00:00:00-05:00,22.39332933886147,22.89664915676554,22.22261316794155,22.246158599853516,55200,0.0,0.0
2014-12-16 00:00:00-05:00,22.275578774206444,22.846595535311426,22.275578774206444,22.47278594970703,82500,0.0,0.0
2014-12-17 00:00:00-05:00,22.472790267295835,23.102675742266587,22.296186139040465,23.09384536743164,140100,0.0,0.0
2014-12-18 00:00:00-05:00,22.896644712294457,23.26162409942265,22.896644712294457,23.07030487060547,106500,0.0,0.0
2014-12-19 00:00:00-05:00,23.005549119680794,23.14977580474606,22.743586880752723,22.761247634887695,186600,0.0,0.0
2014-12-22 00:00:00-05:00,22.908413002937678,22.908413002937678,22.564036773334703,22.73475456237793,126300,0.0,0.0
2014-12-23 00:00:00-05:00,22.85543635870653,23.161548802509735,22.66411713396842,22.881927490234375,82200,0.0,0.0
2014-12-24 00:00:00-05:00,22.70826089892911,22.814222026561158,22.528712754281784,22.593467712402344,84600,0.0,0.0
2014-12-26 00:00:00-05:00,22.725930974746927,22.87604403734854,22.461024678508668,22.75242042541504,68100,0.0,0.0
2014-12-29 00:00:00-05:00,22.926073459638918,22.99377244408292,22.52282862556326,22.840715408325195,72900,0.0,0.0
2014-12-30 00:00:00-05:00,22.66411532414453,22.91135912843871,22.56992520319663,22.775962829589844,111900,0.0,0.0
2014-12-31 00:00:00-05:00,22.94667737600501,22.94667737600501,22.413922632728944,22.631732940673828,144000,0.0,0.0
2015-01-02 00:00:00-05:00,22.578754184484435,22.708264119090803,22.007735558951982,22.384490966796875,123900,0.0,0.0
2015-01-05 00:00:00-05:00,22.299130761627584,22.355057036058955,21.81935824119921,22.19022560119629,93600,0.0,0.0
2015-01-06 00:00:00-05:00,22.266754328409906,22.472791931895483,21.6368671225605,21.75460433959961,94200,0.0,0.0
2015-01-07 00:00:00-05:00,21.88999333680678,22.484557158563902,21.74870906023395,22.38153839111328,162600,0.0,0.0
2015-01-08 00:00:00-05:00,22.555209006554296,22.9672842691345,22.30207715578201,22.511058807373047,75900,0.0,0.0
2015-01-09 00:00:00-05:00,22.543434912213016,22.799509083370513,21.94886916452196,22.087207794189453,52500,0.0,0.0
2015-01-12 00:00:00-05:00,22.0136243269058,22.305020005182808,21.72811500469953,21.834077835083008,133500,0.0,0.0
2015-01-13 00:00:00-05:00,22.001851387478446,22.390377831686155,21.66335981146613,21.99302101135254,46500,0.0,0.0
2015-01-14 00:00:00-05:00,21.795810354222212,21.95181140776332,21.592716772119026,21.90765953063965,72300,0.0,0.0
2015-01-15 00:00:00-05:00,21.81052806364673,21.940036302500985,21.557396257068408,21.64569664001465,65400,0.0,0.0
2015-01-16 00:00:00-05:00,21.557396541580626,22.231432238608445,21.489697559362146,22.22554588317871,89100,0.0,0.0
2015-01-20 00:00:00-05:00,22.225545585532046,22.590524880615757,21.87233900115014,22.004791259765625,57000,0.0,0.0
2015-01-21 00:00:00-05:00,22.146070182918994,22.531654183458595,21.74871178942855,21.85173225402832,107100,0.0,0.0
2015-01-22 00:00:00-05:00,22.051885376405558,22.77007293701172,21.781094504985486,22.77007293701172,101700,0.0,0.0
2015-01-23 00:00:00-05:00,22.702374308707828,22.764186935363934,22.363886135229244,22.558149337768555,31200,0.0,0.0
2015-01-26 00:00:00-05:00,22.366829794252997,22.81128081264654,22.366829794252997,22.669998168945312,65400,0.0,0.0
2015-01-27 00:00:00-05:00,22.472790475139302,22.770072465704246,22.181394839778164,22.37565803527832,49800,0.0,0.0
2015-01-28 00:00:00-05:00,22.207886520817365,22.516942937191846,22.134302862791518,22.263811111450195,103800,0.0,0.0
2015-01-29 00:00:00-05:00,22.68766126892664,22.79362410478205,22.269699650323975,22.737699508666992,125400,0.0,0.0
2015-01-30 00:00:00-05:00,22.502228958523805,22.811283728486266,21.639814570332362,21.739891052246094,91500,0.0,0.0
2015-02-02 00:00:00-05:00,21.990078314429308,22.190227904586543,21.76049357400719,22.104869842529297,90900,0.0,0.0
2015-02-03 00:00:00-05:00,22.19317219616885,22.958454112189994,22.19317219616885,22.57875633239746,67500,0.0,0.0
2015-02-04 00:00:00-05:00,22.749469921642678,22.92313004880703,22.52282922401756,22.59641456604004,41400,0.0,0.0
2015-02-05 00:00:00-05:00,22.702372998570144,23.22629733755988,22.652336454079546,23.199806213378906,53100,0.0,0.0
2015-02-06 00:00:00-05:00,23.208641340574502,23.54713293227615,23.179207874938573,23.329320907592773,72600,0.0,0.0
2015-02-09 00:00:00-05:00,23.126227569034835,23.323434822689975,22.575813670972458,22.71709632873535,63900,0.0,0.0
2015-02-10 00:00:00-05:00,22.72298079622339,22.990829356494885,22.490452055345568,22.843660354614258,38100,0.0,0.0
2015-02-11 00:00:00-05:00,22.805322862625967,22.914438925069827,22.48092270908687,22.708003997802734,65100,0.05,0.0
2015-02-12 00:00:00-05:00,22.41014511240791,23.34500765582184,22.41014511240791,23.321414947509766,86700,0.0,0.0
2015-02-13 00:00:00-05:00,23.3951387548137,23.583882089822882,23.31256512776291,23.457069396972656,115500,0.0,0.0
2015-02-17 00:00:00-05:00,23.57798239253789,23.57798239253789,23.100230524279976,23.40398597717285,36300,0.0,0.0
2015-02-18 00:00:00-05:00,23.218193508971122,23.218193508971122,22.879048161750763,23.141517639160156,69900,0.0,0.0
2015-02-19 00:00:00-05:00,23.035353419809685,23.368601067555154,23.01176071078745,23.109081268310547,22500,0.0,0.0
2015-02-20 00:00:00-05:00,23.16805643710135,23.16805643710135,22.713895635723624,23.011754989624023,61800,0.0,0.0
2015-02-23 00:00:00-05:00,22.876104351530266,22.94393276350649,22.699159861056554,22.908544540405273,27900,0.0,0.0
2015-02-24 00:00:00-05:00,23.112024802242964,23.33025858382027,23.082534343578008,23.191650390625,36300,0.0,0.0
2015-02-25 00:00:00-05:00,22.988164431997728,23.147415615039073,22.879048380649664,22.967519760131836,29100,0.0,0.0
2015-02-26 00:00:00-05:00,22.96751743316337,23.283071733782776,22.958671646098086,23.21229362487793,34200,0.0,0.0
2015-02-27 00:00:00-05:00,23.109081021160996,23.109081021160996,22.814171317795235,22.926237106323242,88500,0.0,0.0
2015-03-02 00:00:00-05:00,22.976366081329186,23.191650139717538,22.840709297944723,23.17100715637207,59400,0.0,0.0
2015-03-03 00:00:00-05:00,22.746339002911466,22.8849472080689,22.224351427056586,22.333467483520508,396000,0.0,0.0
2015-03-04 00:00:00-05:00,21.787885960642384,22.392448865266665,21.787885960642384,22.22435188293457,195600,0.0,0.0
2015-03-05 00:00:00-05:00,22.262686714282783,22.262686714282783,22.04150490656698,22.162416458129883,52200,0.0,0.0
2015-03-06 00:00:00-05:00,21.926489187364304,22.528103967922675,21.926489187364304,22.206653594970703,98100,0.0,0.0
2015-03-09 00:00:00-04:00,22.262687013248005,22.48091910313114,22.221399359423728,22.410140991210938,78600,0.0,0.0
2015-03-10 00:00:00-04:00,22.224355230068088,22.51631523346443,22.00907111393194,22.23615074157715,50700,0.0,0.0
2015-03-11 00:00:00-04:00,22.177167213745985,22.3924496172046,22.118184600651915,22.35116195678711,50100,0.0,0.0
2015-03-12 00:00:00-04:00,22.61067436225644,22.693247962494805,22.3423055209038,22.56053924560547,109200,0.0,0.0
2015-03-13 00:00:00-04:00,22.672613605576974,22.672613605576974,22.333468227907208,22.595937728881836,68700,0.0,0.0
2015-03-16 00:00:00-04:00,22.77288436094191,22.77288436094191,22.47502661443137,22.584142684936523,75600,0.0,0.0
2015-03-17 00:00:00-04:00,22.563497775573886,22.766986369456248,22.519262078525013,22.622480392456055,99900,0.0,0.0
2015-03-18 00:00:00-04:00,22.634276384515626,22.734546666598558,22.483874336358657,22.604785919189453,85500,0.0,0.0
2015-03-19 00:00:00-04:00,22.44848299551513,22.575294013306163,22.413093089395023,22.528108596801758,41100,0.0,0.0
2015-03-20 00:00:00-04:00,22.643122899929335,22.78762887386418,22.460280672685617,22.769935607910156,171900,0.0,0.0
2015-03-23 00:00:00-04:00,22.781735193094615,22.84366585371919,22.640178915243034,22.784683227539062,132600,0.0,0.0
2015-03-24 00:00:00-04:00,22.65491869624752,22.940980905015934,22.65491869624752,22.843660354614258,116700,0.0,0.0
2015-03-25 00:00:00-04:00,22.7551906174028,22.80237603891416,22.147677893573036,22.165372848510742,60600,0.0,0.0
2015-03-26 00:00:00-04:00,22.10638836115401,22.283332819631053,22.10638836115401,22.21845245361328,27900,0.0,0.0
2015-03-27 00:00:00-04:00,22.197804756840263,22.401291600270913,22.121127209872576,22.37769889831543,52200,0.0,0.0
2015-03-30 00:00:00-04:00,22.436692455838642,22.72275305209426,22.32462664494231,22.616586685180664,72900,0.0,0.0
2015-03-31 00:00:00-04:00,22.383601656799012,22.64017340261007,22.203707475100373,22.30397605895996,78000,0.0,0.0
2015-04-01 00:00:00-04:00,22.236144052355613,22.265636197223778,22.11818053533272,22.206653594970703,115800,0.0,0.0
2015-04-02 00:00:00-04:00,22.191912631746654,22.324623100544663,22.003172641364028,22.16832160949707,147600,0.0,0.0
2015-04-06 00:00:00-04:00,22.05919840645273,22.365905244777192,22.05330065234584,22.1889591217041,50700,0.0,0.0
2015-04-07 00:00:00-04:00,22.265637122829887,22.368853727967892,22.023810637267538,22.079843521118164,81900,0.0,0.0
2015-04-08 00:00:00-04:00,22.08279918906256,22.398353617730404,21.92059992314319,22.138832092285156,38700,0.0,0.0
2015-04-09 00:00:00-04:00,22.17421622116623,22.27153508034073,21.71415760285298,21.891103744506836,73200,0.0,0.0
2015-04-10 00:00:00-04:00,21.929437213970157,22.088688371519165,21.917640019437616,22.070993423461914,40500,0.0,0.0
2015-04-13 00:00:00-04:00,22.12113906669543,22.12113906669543,21.88816164281645,21.982532501220703,97500,0.0,0.0
2015-04-14 00:00:00-04:00,21.84980763338535,21.84980763338535,21.554898073882224,21.66106605529785,54000,0.0,0.0
2015-04-15 00:00:00-04:00,21.73185158253726,21.817374928434237,21.625683564796716,21.764291763305664,102600,0.0,0.0
2015-04-16 00:00:00-04:00,21.982523161069192,21.982523161069192,21.767239098999987,21.852764129638672,60000,0.0,0.0
2015-04-17 00:00:00-04:00,21.666968244810548,21.770186527400046,21.348465922822015,21.38385581970215,65700,0.0,0.0
2015-04-20 00:00:00-04:00,21.4546380280606,21.602093709943478,21.404502893722405,21.528364181518555,78300,0.0,0.0
2015-04-21 00:00:00-04:00,21.705314642643003,21.705314642643003,21.442846784146138,21.516572952270508,57600,0.0,0.0
2015-04-22 00:00:00-04:00,21.516571524555683,21.69056796975791,21.25410199599095,21.53131675720215,86100,0.0,0.0
2015-04-23 00:00:00-04:00,21.47528122473638,21.51067112873104,21.283591536376996,21.431045532226562,40800,0.0,0.0
2015-04-24 00:00:00-04:00,21.528364876542256,21.528364876542256,21.321929952711937,21.445791244506836,38100,0.0,0.0
2015-04-27 00:00:00-04:00,21.519522920437826,21.519522920437826,21.142039535369765,21.289493560791016,80700,0.0,0.0
2015-04-28 00:00:00-04:00,21.271791755784648,21.602091298847466,21.271791755784648,21.519515991210938,59400,0.0,0.0
2015-04-29 00:00:00-04:00,21.407452592846354,21.52836415938649,21.39565539581512,21.43694305419922,50700,0.0,0.0
2015-04-30 00:00:00-04:00,21.318971938441855,21.39564778568016,20.873658705478018,20.98867416381836,164400,0.0,0.0
2015-05-01 00:00:00-04:00,21.174472829763683,21.616836484720285,21.144982369428824,21.336673736572266,138000,0.0,0.0
2015-05-04 00:00:00-04:00,21.333729014016043,21.646333704252157,21.333729014016043,21.425151824951172,70500,0.0,0.0
2015-05-05 00:00:00-04:00,21.4045016289874,21.4045016289874,20.891359868816192,21.192167282104492,155700,0.0,0.0
2015-05-06 00:00:00-04:00,21.3189811555302,21.422199465661002,21.0358686548801,21.22756004333496,65700,0.0,0.0
2015-05-07 00:00:00-04:00,21.1685753187253,21.431044806182012,21.1685753187253,21.32487678527832,47700,0.0,0.0
2015-05-08 00:00:00-04:00,21.519516242055758,21.640427796634192,21.313079658041378,21.540159225463867,158700,0.0,0.0
2015-05-11 00:00:00-04:00,21.38091029363337,21.941235768415595,21.38091029363337,21.93828773498535,97200,0.0,0.0
2015-05-12 00:00:00-04:00,21.79083137273214,22.06509803456217,21.546056856652452,22.02676010131836,104700,0.0,0.0
2015-05-13 00:00:00-04:00,22.082907456370048,22.118368577252078,21.955841258008295,22.08586311340332,91800,0.05,0.0
2015-05-14 00:00:00-04:00,22.263160860233967,22.458191928050386,22.03562433263496,22.28089141845703,117300,0.0,0.0
2015-05-15 00:00:00-04:00,22.289760976197034,22.455242272659355,22.020853658085837,22.118370056152344,113100,0.0,0.0
2015-05-18 00:00:00-04:00,22.118368670743987,22.49661161039477,21.973571911329177,22.337039947509766,95700,0.0,0.0
2015-05-19 00:00:00-04:00,22.535021683497405,22.54388696178284,21.763759381454015,22.36658477783203,99900,0.0,3.0
2015-05-20 00:00:00-04:00,22.4818307730902,22.57048017051332,22.33998970815856,22.526155471801758,82900,0.0,0.0
2015-05-21 00:00:00-04:00,22.579349102744388,22.588214382097256,22.375452750265787,22.481834411621094,73200,0.0,0.0
2015-05-22 00:00:00-04:00,22.472972023013167,22.792113666372654,22.215883961347572,22.348859786987305,95100,0.0,0.0
2015-05-26 00:00:00-04:00,22.153830552005015,22.153830552005015,21.71057663534014,21.96766471862793,57100,0.0,0.0
2015-05-27 00:00:00-04:00,21.81695360007854,22.286801567947123,21.719437218424698,22.153825759887695,90100,0.0,0.0
2015-05-28 00:00:00-04:00,21.852417453671,22.38432248454905,21.852417453671,21.93220329284668,70300,0.0,0.0
2015-05-29 00:00:00-04:00,21.852411425688715,22.17155469435585,21.67511092489065,21.870141983032227,75100,0.0,0.0
2015-06-01 00:00:00-04:00,21.985391741161664,22.464106742519938,21.595329544735694,22.348859786987305,130200,0.0,0.0
2015-06-02 00:00:00-04:00,22.207017770508223,23.279692993905197,22.207017770508223,22.83643913269043,194200,0.0,0.0
2015-06-03 00:00:00-04:00,23.10239372751908,23.714084607667804,23.013742605763113,23.359481811523438,260100,0.0,0.0
2015-06-04 00:00:00-04:00,23.191045833385168,23.40380752010031,22.76552245995488,22.845308303833008,92500,0.0,0.0
2015-06-05 00:00:00-04:00,22.942814647211264,23.527911185748454,22.942814647211264,23.394933700561523,130200,0.0,0.0
2015-06-08 00:00:00-04:00,23.27969453370138,23.926844808068576,23.27082925298519,23.439266204833984,111700,0.0,0.0
2015-06-09 00:00:00-04:00,23.510184205182238,23.687484727603206,23.20877145709945,23.660890579223633,90200,0.0,0.0
2015-06-10 00:00:00-04:00,23.793861389160156,24.17505988396205,23.678614467491325,23.793861389160156,247600,0.0,0.0
2015-06-11 00:00:00-04:00,23.873652787031922,23.873652787031922,23.669756420514947,23.77613639831543,82700,0.0,0.0
2015-06-12 00:00:00-04:00,23.758404180805503,24.21938856145686,23.625428372392765,24.148468017578125,98600,0.0,0.0
2015-06-15 00:00:00-04:00,23.91797287747296,24.21938557450445,23.882513455346338,23.953433990478516,91900,0.0,0.0
2015-06-16 00:00:00-04:00,23.74068025427224,24.12187720016158,23.74068025427224,24.0154972076416,108300,0.0,0.0
2015-06-17 00:00:00-04:00,24.175068006415266,24.175068006415266,23.536781311035156,23.536781311035156,84200,0.0,0.0
2015-06-18 00:00:00-04:00,23.687484639663435,24.042089064947344,23.625429372502516,23.971168518066406,68900,0.0,0.0
2015-06-19 00:00:00-04:00,24.077546825798997,24.19279376330024,23.944571020964492,24.024356842041016,123300,0.0,0.0
2015-06-22 00:00:00-04:00,24.22825407261224,24.31690517602864,24.006627159510817,24.175064086914062,83500,0.0,0.0
2015-06-23 00:00:00-04:00,24.210530162335207,24.378967135993822,24.121879034573848,24.361236572265625,69400,0.0,0.0
2015-06-24 00:00:00-04:00,24.334636213128093,24.37896092026781,24.166199282414613,24.254850387573242,68800,0.0,0.0
2015-06-25 00:00:00-04:00,24.299168882240952,24.795612576974627,24.210517799747393,24.511930465698242,111800,0.0,0.0
2015-06-26 00:00:00-04:00,24.600593798586036,24.769030770112735,24.4676179540669,24.653783798217773,116400,0.0,0.0
2015-06-29 00:00:00-04:00,24.449886317189698,24.80448911729987,24.042093519782885,24.121877670288086,69500,0.0,0.0
2015-06-30 00:00:00-04:00,24.37896276081423,24.37896276081423,24.139605266078835,24.245986938476562,47400,0.0,0.0
2015-07-01 00:00:00-04:00,24.56513267157848,24.70697548872911,24.166205138021063,24.653783798217773,84600,0.0,0.0
2015-07-02 00:00:00-04:00,24.671506931604537,24.689237489768548,24.308038943637772,24.33463478088379,47400,0.0,0.0
2015-07-06 00:00:00-04:00,24.077540539110323,24.565118926488957,24.077540539110323,24.556255340576172,50200,0.0,0.0
2015-07-07 00:00:00-04:00,24.511936897455545,25.008380722452536,24.334636376824793,24.96405601501465,255300,0.0,0.0
2015-07-08 00:00:00-04:00,24.706970850910764,25.416176349138855,24.636050301087955,24.83108139038086,75300,0.0,0.0
2015-07-09 00:00:00-04:00,25.132497316098526,25.416179551128714,24.609457561181806,24.724702835083008,104100,0.0,0.0
2015-07-10 00:00:00-04:00,24.946325225260242,25.088166316806348,24.742428867522612,24.93745994567871,88800,0.0,0.0
2015-07-13 00:00:00-04:00,24.990651623167892,25.309793233707037,24.89313523865025,24.93745994567871,70500,0.0,0.0
2015-07-14 00:00:00-04:00,24.919731387871362,25.33638938811932,24.733563896098133,25.31865882873535,102400,0.0,0.0
2015-07-15 00:00:00-04:00,25.34525450004464,25.682126671714112,25.1856828484036,25.274333953857422,133900,0.0,0.0
2015-07-16 00:00:00-04:00,25.62006962869194,25.62006962869194,25.1413563978415,25.292062759399414,50000,0.0,0.0
2015-07-17 00:00:00-04:00,25.35411883991625,25.46936408911916,25.08816553341247,25.460498809814453,53500,0.0,0.0
2015-07-20 00:00:00-04:00,25.58461133883652,25.673260751198182,25.283198602345234,25.495960235595703,84200,0.0,0.0
2015-07-21 00:00:00-04:00,25.549149741863424,25.77077665036797,25.247737011026913,25.416173934936523,51000,0.0,0.0
2015-07-22 00:00:00-04:00,25.389578270033116,25.832832090059554,25.389578270033116,25.77964210510254,37600,0.0,0.0
2015-07-23 00:00:00-04:00,25.744188675031793,25.770782828264977,25.01725082053335,25.132497787475586,61100,0.0,0.0
2015-07-24 00:00:00-04:00,24.423288762304633,25.274337113834527,23.581107382395853,24.82221794128418,143300,0.0,0.0
2015-07-27 00:00:00-04:00,24.769028098688317,24.910869209661296,24.60945642612386,24.839948654174805,43100,0.0,0.0
2015-07-28 00:00:00-04:00,24.822216351366375,25.079304403770447,24.41442360864456,24.8842716217041,88400,0.0,0.0
2015-07-29 00:00:00-04:00,24.813346965878996,25.212276053304308,24.777887541929534,25.141355514526367,91100,0.0,0.0
2015-07-30 00:00:00-04:00,24.999513198195736,25.300925895786158,24.866535715057243,25.265464782714844,68600,0.0,0.0
2015-07-31 00:00:00-04:00,25.20341050835932,25.478227381860922,25.185679951132375,25.451631546020508,69500,0.0,0.0
2015-08-03 00:00:00-04:00,25.398440574974398,25.60233690249764,25.088162599116146,25.265464782714844,84400,0.0,0.0
2015-08-04 00:00:00-04:00,25.14136124725324,25.38071706340726,25.10590012433892,25.16795539855957,62100,0.0,0.0
2015-08-05 00:00:00-04:00,25.212356159189984,25.363328422760205,24.999219144831276,25.07026481628418,184600,0.05,0.0
2015-08-06 00:00:00-04:00,25.070270450430865,25.345573971310593,24.901538001474282,25.17683982849121,119700,0.0,0.0
2015-08-07 00:00:00-04:00,25.008100748456332,25.292283442028854,25.008100748456332,25.105789184570312,77900,0.0,0.0
2015-08-10 00:00:00-04:00,25.167952984889226,25.611988850262907,25.08802639361297,25.336687088012695,83100,0.0,0.0
2015-08-11 00:00:00-04:00,25.17683952837648,25.452141352111735,25.17683952837648,25.28340721130371,49700,0.0,0.0
2015-08-12 00:00:00-04:00,25.088030408472864,25.301167454697254,24.874893362248475,25.274524688720703,139300,0.0,0.0
2015-08-13 00:00:00-04:00,25.212359784396643,25.869532763294455,25.212359784396643,25.585350036621094,62800,0.0,0.0
2015-08-14 00:00:00-04:00,25.496537112654067,25.718555032592313,25.425491446028325,25.57646369934082,82700,0.0,0.0
2015-08-17 00:00:00-04:00,25.425495115295867,26.011624066873054,25.425495115295867,25.887292861938477,68400,0.0,0.0
2015-08-18 00:00:00-04:00,25.94945615199984,26.144833022779334,25.665273460534163,25.82512664794922,72600,0.0,0.0
2015-08-19 00:00:00-04:00,25.62974921970686,25.825124379462085,25.256759046456118,25.57646369934082,70300,0.0,0.0
2015-08-20 00:00:00-04:00,25.336685872203272,25.389969699209757,24.98145584186052,25.008098602294922,185600,0.0,0.0
2015-08-21 00:00:00-04:00,24.457503016113133,25.35445422068772,24.457503016113133,24.945941925048828,220600,0.0,0.0
2015-08-24 00:00:00-04:00,23.880245911688736,24.697271890095017,23.56054127239044,23.71151351928711,172700,0.0,0.0
2015-08-25 00:00:00-04:00,24.386448214719266,24.386448214719266,23.3207631846664,23.409570693969727,100500,0.0,0.0
2015-08-26 00:00:00-04:00,23.951294083726033,24.00457960740823,23.471736227623143,23.89801025390625,138400,0.0,0.0
2015-08-27 00:00:00-04:00,23.995697042274493,24.040099948437472,23.471734619012324,23.791440963745117,173700,0.0,0.0
2015-08-28 00:00:00-04:00,23.773683415040257,24.173314724230014,23.63159205703555,24.084508895874023,115500,0.0,0.0
2015-08-31 00:00:00-04:00,23.88912987355289,24.475257096413216,23.88912987355289,24.44861602783203,119000,0.0,0.0
2015-09-01 00:00:00-04:00,24.022344975723943,24.2976484929951,23.738162229771707,23.809207916259766,143700,0.0,0.0
2015-09-02 00:00:00-04:00,24.075619064910512,24.270994186401367,23.977930657234097,24.270994186401367,101600,0.0,0.0
2015-09-03 00:00:00-04:00,24.262120283595742,24.439735313663522,24.102267095307234,24.28876304626465,131800,0.0,0.0
2015-09-04 00:00:00-04:00,24.004578769713884,24.27988052368164,24.004578769713884,24.27988052368164,105000,0.0,0.0
2015-09-08 00:00:00-04:00,24.58182671782613,24.706156222847696,24.324285093010065,24.643991470336914,74400,0.0,0.0
2015-09-09 00:00:00-04:00,24.866012038172954,24.99034155632777,24.65287499539499,24.777204513549805,112300,0.0,0.0
2015-09-10 00:00:00-04:00,24.643993246764143,25.052505474917723,24.643993246764143,24.954818725585938,60500,0.0,0.0
2015-09-11 00:00:00-04:00,24.81272904842052,25.221241304231985,24.7860862819648,25.212360382080078,54100,0.0,0.0
2015-09-14 00:00:00-04:00,25.381103349436433,25.523194765598138,25.256773783760764,25.43438720703125,78200,0.0,0.0
2015-09-15 00:00:00-04:00,25.434376533445196,25.80736676780941,25.416616384275535,25.620872497558594,49700,0.0,0.0
2015-09-16 00:00:00-04:00,25.674156332792744,25.727440168026895,25.45213837647744,25.620872497558594,81900,0.0,0.0
2015-09-17 00:00:00-04:00,25.656393112362725,25.79848446126715,24.89265253546707,24.990339279174805,106700,0.0,0.0
2015-09-18 00:00:00-04:00,24.56406768016305,24.77720472475786,24.253242188263794,24.519664764404297,255000,0.0,0.0
2015-09-21 00:00:00-04:00,24.82160843362427,25.23900158574276,24.82160843362427,24.901535034179688,102100,0.0,0.0
2015-09-22 00:00:00-04:00,24.69727485622735,24.919292793394813,24.66175286708902,24.70615577697754,66700,0.0,0.0
2015-09-23 00:00:00-04:00,24.803842544555664,25.088025214015033,24.608465688905607,24.803842544555664,65500,0.0,0.0
2015-09-24 00:00:00-04:00,24.643990248044155,25.061383346959307,24.643990248044155,24.981456756591797,58700,0.0,0.0
2015-09-25 00:00:00-04:00,25.26564137547517,25.34556796661909,25.01698068148715,25.079145431518555,94000,0.0,0.0
2015-09-28 00:00:00-04:00,25.17683530618051,25.301164813366277,24.69727573184255,25.043624877929688,107100,0.0,0.0
2015-09-29 00:00:00-04:00,25.13243285971082,25.363331745648775,25.09691086626179,25.239002227783203,60800,0.0,0.0
2015-09-30 00:00:00-04:00,25.46990143910854,25.656395718289435,25.176837790493803,25.585350036621094,87800,0.0,0.0
2015-10-01 00:00:00-04:00,25.48766204835839,25.603110640278565,24.928175850192126,25.363330841064453,91000,0.0,0.0
2015-10-02 00:00:00-04:00,25.141308385148243,25.23011589050293,24.430851730035304,25.23011589050293,84800,0.0,0.0
2015-10-05 00:00:00-04:00,25.29228813385811,25.549829806347347,25.221242447285697,25.28340721130371,98900,0.0,0.0
2015-10-06 00:00:00-04:00,25.29228079118757,25.29228079118757,24.750558223540406,24.972576141357422,93300,0.0,0.0
2015-10-07 00:00:00-04:00,25.114670858195865,25.60310966567996,25.070266252330256,25.594228744506836,97000,0.0,0.0
2015-10-08 00:00:00-04:00,25.469899631720544,25.816247093543456,25.363330269849047,25.73632049560547,83000,0.0,0.0
2015-10-09 00:00:00-04:00,25.878422421888843,26.020513833196116,25.64752345504871,25.76297378540039,63000,0.0,0.0
2015-10-12 00:00:00-04:00,25.798482007305985,26.793123048888816,25.745198180000823,26.286922454833984,321300,0.0,0.0
2015-10-13 00:00:00-04:00,26.331324943269262,26.810884462977555,25.976096610445882,26.14483070373535,88100,0.0,0.0
2015-10-14 00:00:00-04:00,26.064899034725688,26.127063769115498,25.23011134496917,25.301156997680664,69000,0.0,0.0
2015-10-15 00:00:00-04:00,25.354443193920822,26.020496885815717,24.901528174030968,26.01161766052246,65700,0.0,0.0
2015-10-16 00:00:00-04:00,26.118183692116233,26.118183692116233,25.68302884350833,26.002735137939453,55500,0.0,0.0
2015-10-19 00:00:00-04:00,25.789609227238387,26.18924057271078,25.620875089089907,26.10931396484375,57600,0.0,0.0
2015-10-20 00:00:00-04:00,26.03826362651593,26.233640496995044,25.84288844989927,26.029382705688477,38700,0.0,0.0
2015-10-21 00:00:00-04:00,26.162598033599497,26.508947235330965,25.82513144822266,25.851774215698242,51100,0.0,0.0
2015-10-22 00:00:00-04:00,25.9761012557613,26.588871298127458,25.789606982876553,26.32244873046875,49500,0.0,0.0
2015-10-23 00:00:00-04:00,26.47341610075985,26.97961668340755,26.189233436386566,26.97073745727539,59300,0.0,0.0
2015-10-26 00:00:00-04:00,26.890813077467325,27.19275760660281,26.624390537361787,26.96185874938965,76600,0.0,0.0
2015-10-27 00:00:00-04:00,26.864170867473483,27.14835356100397,26.473418816937833,26.588869094848633,90800,0.0,0.0
2015-10-28 00:00:00-04:00,26.64214699770316,27.92985144680365,26.322440691694855,27.87656593322754,106800,0.0,0.0
2015-10-29 00:00:00-04:00,27.79665248758819,27.79665248758819,27.09507649937276,27.423662185668945,73200,0.0,0.0
2015-10-30 00:00:00-04:00,28.507104608120965,28.773528869359176,27.805528737809993,28.21404266357422,222900,0.0,0.0
2015-11-02 00:00:00-05:00,28.489344562019465,29.50174585748156,28.40941627179284,29.022186279296875,172100,0.0,0.0
2015-11-03 00:00:00-05:00,28.933381423842153,29.759285096941436,28.666957168563208,29.608314514160156,132200,0.0,0.0
2015-11-04 00:00:00-05:00,29.617196719938995,29.71488517166782,29.324134752477992,29.528390884399414,87400,0.0,0.0
2015-11-05 00:00:00-05:00,29.6527131657893,29.8303281812068,29.563907351942877,29.670475006103516,114900,0.0,0.0
2015-11-06 00:00:00-05:00,29.546152719741674,30.22108587771605,29.315252127050762,29.785932540893555,108200,0.0,0.0
2015-11-09 00:00:00-05:00,29.697115212720078,29.856968383194207,29.43069439117138,29.590547561645508,92300,0.0,0.0
2015-11-10 00:00:00-05:00,29.608360370233346,30.25782221847369,29.537188189220892,30.133268356323242,90500,0.06,0.0
2015-11-11 00:00:00-05:00,30.133241624377238,30.5513892710802,29.27915584687923,29.448192596435547,135700,0.0,0.0
2015-11-12 00:00:00-05:00,29.234677125946643,29.599443192232247,28.80763417472221,29.05674171447754,106400,0.0,0.0
2015-11-13 00:00:00-05:00,28.754266134405064,29.270278732364943,28.54074625471203,29.083444595336914,202900,0.0,0.0
2015-11-16 00:00:00-05:00,29.154613907161796,29.154613907161796,28.709776960260644,28.949989318847656,95100,0.0,0.0
2015-11-17 00:00:00-05:00,28.985575007128872,29.27027036118943,28.70087625923199,28.90550422668457,80300,0.0,0.0
2015-11-18 00:00:00-05:00,28.99448086300556,29.270281072987395,28.558539033529442,29.252487182617188,104900,0.0,0.0
2015-11-19 00:00:00-05:00,29.270268570877697,29.270268570877697,29.065640615941152,29.243576049804688,50700,0.0,0.0
2015-11-20 00:00:00-05:00,29.270274139134518,29.857458806902503,29.270274139134518,29.8040771484375,74000,0.0,0.0
2015-11-23 00:00:00-05:00,29.937528777793066,30.30229494938896,29.795181086288245,29.982011795043945,138700,0.0,0.0
2015-11-24 00:00:00-05:00,29.70621112498857,30.33787878259362,29.679521993884208,30.311189651489258,53000,0.0,0.0
2015-11-25 00:00:00-05:00,30.29339796956345,30.444644309107993,30.053185590642254,30.231121063232422,78700,0.0,0.0
2015-11-27 00:00:00-05:00,30.266709600196673,30.426851190184774,29.53717719862286,30.115463256835938,75300,0.0,0.0
2015-11-30 00:00:00-05:00,30.382361087843403,30.631468661390844,29.98200720618777,30.39125633239746,153100,0.0,0.0
2015-12-01 00:00:00-05:00,30.52470689683569,31.165269674601113,30.471325251256925,31.120786666870117,102800,0.0,0.0
2015-12-02 00:00:00-05:00,31.307615144978307,31.414378428665366,30.880572191737187,31.200855255126953,141100,0.0,0.0
2015-12-03 00:00:00-05:00,31.236451827097486,31.334316501163737,30.71154407933578,30.88058090209961,139600,0.0,0.0
2015-12-04 00:00:00-05:00,30.925057911305863,31.512242447791543,30.66705510433434,30.96064567565918,94300,0.0,0.0
2015-12-07 00:00:00-05:00,31.02291883014211,31.512238652643383,30.391251361207093,30.836088180541992,95200,0.0,0.0
2015-12-08 00:00:00-05:00,30.613671760316606,30.809401059570902,30.106558024826672,30.15104103088379,90400,0.0,0.0
2015-12-09 00:00:00-05:00,30.008698310889006,30.177735119242758,29.394824581127764,29.599449157714844,109500,0.0,0.0
2015-12-10 00:00:00-05:00,29.563861332390324,30.062079905185694,29.27916597474622,29.661725997924805,82500,0.0,0.0
2015-12-11 00:00:00-05:00,29.065646733443376,29.59055450720928,28.211560543740596,28.433979034423828,206400,0.0,0.0
2015-12-14 00:00:00-05:00,28.46066390916941,28.92329298333337,28.03362090367126,28.451766967773438,194800,0.0,0.0
2015-12-15 00:00:00-05:00,28.67418987390558,29.216891505082994,28.460668337930446,28.896608352661133,119000,0.0,0.0
2015-12-16 00:00:00-05:00,29.110128800300824,29.341442502786407,28.40728566016043,28.90550422668457,177500,0.0,0.0
2015-12-17 00:00:00-05:00,28.914397579403243,29.038951364423816,28.451766810872456,28.63859748840332,84800,0.0,0.0
2015-12-18 00:00:00-05:00,28.469563919878766,28.825434826411847,28.291628466612227,28.567428588867188,241900,0.0,0.0
2015-12-21 00:00:00-05:00,28.61190127164364,28.91439041481356,28.336102945900816,28.80763053894043,132900,0.0,0.0
2015-12-22 00:00:00-05:00,28.896604820676945,28.896604820676945,28.362800197526006,28.8165340423584,64000,0.0,0.0
2015-12-23 00:00:00-05:00,28.8254333380827,29.28806074131801,28.81653469926876,29.261371612548828,110300,0.0,0.0
2015-12-24 00:00:00-05:00,29.350342724076423,29.350342724076423,29.038954830521533,29.047853469848633,45700,0.0,0.0
2015-12-28 00:00:00-05:00,28.976678449634022,29.021161465556823,28.433976831400766,28.949989318847656,61600,0.0,0.0
2015-12-29 00:00:00-05:00,29.021166027329855,29.724009328432835,28.86102442976621,29.60835075378418,78400,0.0,0.0
2015-12-30 00:00:00-05:00,29.62613287328767,30.124351356004,29.537166862797783,29.750686645507812,137800,0.0,0.0
2015-12-31 00:00:00-05:00,29.661728353903218,29.99090675098095,28.78094968797058,28.78984832763672,94700,0.0,0.0
2016-01-04 00:00:00-05:00,28.416186882247004,28.45177295840561,27.490925145265482,27.597686767578125,124600,0.0,0.0
2016-01-05 00:00:00-05:00,27.873478035192633,28.051413460867387,26.957113477728225,27.748924255371094,134400,0.0,0.0
2016-01-06 00:00:00-05:00,27.348576447024364,28.11369657102597,27.348576447024364,27.962451934814453,169300,0.0,0.0
2016-01-07 00:00:00-05:00,27.55319493609528,27.8467872004919,27.330776502554873,27.499814987182617,159500,0.0,0.0
2016-01-08 00:00:00-05:00,27.60658236681087,27.980245481335572,27.224022309450064,27.25071144104004,197800,0.0,0.0
2016-01-11 00:00:00-05:00,27.250710615851197,27.54430293287892,26.885944455208218,27.010499954223633,89200,0.0,0.0
2016-01-12 00:00:00-05:00,27.197328926937562,27.197328926937562,26.5834535042399,26.805871963500977,141100,0.0,0.0
2016-01-13 00:00:00-05:00,26.761387721955906,26.868149324144415,25.40018620287244,25.54253387451172,176200,0.0,0.0
2016-01-14 00:00:00-05:00,25.595908203914156,26.12081572931045,25.364592879424467,25.711565017700195,165000,0.0,0.0
2016-01-15 00:00:00-05:00,25.06211529412207,25.373501516685934,24.635072204449656,25.320119857788086,207900,0.0,0.0
2016-01-19 00:00:00-05:00,25.37349684888996,25.756056849355502,25.13328451879512,25.560327529907227,125500,0.0,0.0
2016-01-20 00:00:00-05:00,25.21335496730729,25.95178413408793,24.973142640339137,25.702674865722656,106000,0.0,0.0
2016-01-21 00:00:00-05:00,25.711571396809177,25.99626672930166,25.16887155558965,25.177766799926758,92500,0.0,0.0
2016-01-22 00:00:00-05:00,25.42688613097964,25.63151077010603,24.973152128839363,25.515853881835938,93400,0.0,0.0
2016-01-25 00:00:00-05:00,25.382392512235047,25.56922318384418,24.75072327197037,24.795207977294922,81600,0.0,0.0
2016-01-26 00:00:00-05:00,24.875282366335895,25.489157855592893,24.866387120288984,25.417984008789062,85300,0.0,0.0
2016-01-27 00:00:00-05:00,25.38239092950902,25.93398766579454,25.15997250750921,25.44466781616211,103900,0.0,0.0
2016-01-28 00:00:00-05:00,25.67599596590996,25.85392977397421,25.391300515472164,25.480266571044922,60400,0.0,0.0
2016-01-29 00:00:00-05:00,28.175971207315403,28.27383587490575,25.07990658251873,25.85392189025879,213400,0.0,0.0
2016-02-01 00:00:00-05:00,25.604813116060715,26.87704525153875,25.52474233661493,26.236480712890625,243800,0.0,0.0
2016-02-02 00:00:00-05:00,25.809436465570077,26.191996461056082,25.32011487023665,25.702674865722656,104100,0.0,0.0
2016-02-03 00:00:00-05:00,25.8361336157405,25.8361336157405,24.81300716449351,25.373502731323242,102900,0.0,0.0
2016-02-04 00:00:00-05:00,25.38239092950902,25.80053695197823,25.133281685978794,25.44466781616211,120200,0.0,0.0
2016-02-05 00:00:00-05:00,25.382393156796677,27.241811463631226,24.80410385131836,24.80410385131836,173900,0.0,0.0
2016-02-08 00:00:00-05:00,24.483822001575604,24.97314188519479,24.270300505255342,24.839691162109375,100100,0.0,0.0
2016-02-09 00:00:00-05:00,24.572789382358565,24.955347664165316,24.163538580611874,24.732929229736328,102100,0.0,0.0
2016-02-10 00:00:00-05:00,24.715099720940696,25.178731159862572,24.37629317747532,24.42978858947754,78900,0.06,0.0
2016-02-11 00:00:00-05:00,23.859167185321056,24.7864283959515,23.538191300577783,23.99290657043457,88800,0.0,0.0
2016-02-12 00:00:00-05:00,23.93941123044275,24.938000229590408,23.645183902048892,24.62594223022461,115800,0.0,0.0
2016-02-16 00:00:00-05:00,24.920163000546175,25.232220917789782,24.34062298146381,25.116313934326172,72000,0.0,0.0
2016-02-17 00:00:00-05:00,25.35705117493483,25.419462771649183,24.563527686540816,24.74184799194336,117300,0.0,0.0
2016-02-18 00:00:00-05:00,24.732931709375197,25.0271590217207,24.59919233114333,24.661603927612305,76500,0.0,0.0
2016-02-19 00:00:00-05:00,24.58135745852402,25.312467572324234,24.304962544899418,25.205476760864258,110500,0.0,0.0
2016-02-22 00:00:00-05:00,25.294641185546805,25.820682548675382,25.294641185546805,25.66019630432129,115400,0.0,0.0
2016-02-23 00:00:00-05:00,25.6156121311442,25.945504165150922,25.32138483620344,25.749351501464844,137700,0.0,0.0
2016-02-24 00:00:00-05:00,25.490788790719648,26.07924337702599,25.285721644101333,26.034664154052734,97600,0.0,0.0
2016-02-25 00:00:00-05:00,26.061413475644635,26.62312126159668,26.061413475644635,26.62312126159668,96100,0.0,0.0
2016-02-26 00:00:00-05:00,26.730109193472597,27.550379469417567,26.21298239128479,27.45230484008789,154400,0.0,0.0
2016-02-29 00:00:00-05:00,27.380979853651347,27.380979853651347,24.973665738582124,27.015424728393555,155800,0.0,0.0
2016-03-01 00:00:00-05:00,27.37206370983377,28.504392060630483,27.28290355528741,28.46872901916504,155800,0.0,0.0
2016-03-02 00:00:00-05:00,28.531134676210225,29.04826312478116,28.22799123422844,28.941268920898438,172100,0.0,0.0
2016-03-03 00:00:00-05:00,28.914532879480532,28.914532879480532,28.531145341855147,28.77187728881836,121600,0.0,0.0
2016-03-04 00:00:00-05:00,28.887787325939662,29.04827529784204,28.41523959762587,28.89670181274414,133700,0.0,0.0
2016-03-07 00:00:00-05:00,28.638123787323504,29.36923379812217,28.548965357197265,28.887773513793945,90900,0.0,0.0
2016-03-08 00:00:00-05:00,28.65596064813512,28.9501896358171,28.424144952154005,28.477642059326172,98000,0.0,0.0
2016-03-09 00:00:00-05:00,28.629221861293047,28.73621270460495,28.13884177758233,28.352825164794922,68200,0.0,0.0
2016-03-10 00:00:00-05:00,28.334994491302133,28.450901521654824,27.978353812025684,28.352825164794922,64000,0.0,0.0
2016-03-11 00:00:00-05:00,28.557880397536522,28.905603043467163,28.23690630151904,28.86994171142578,89000,0.0,0.0
2016-03-14 00:00:00-04:00,28.896698814594142,28.896698814594142,28.308244112399237,28.433067321777344,77100,0.0,0.0
2016-03-15 00:00:00-04:00,28.19233708948938,28.754043232279543,28.12100929833208,28.433067321777344,121400,0.0,0.0
2016-03-16 00:00:00-04:00,28.290407947831508,28.852115715927283,28.040761562534232,28.379568099975586,201400,0.0,0.0
2016-03-17 00:00:00-04:00,28.30824395670553,29.021521864355556,27.89810958495394,28.959110260009766,246100,0.0,0.0
2016-03-18 00:00:00-04:00,29.15525578981851,29.975524331590684,28.459808725451545,29.88636589050293,243700,0.0,0.0
2016-03-21 00:00:00-04:00,29.850706391272443,29.91311799122006,29.467318905207307,29.59214210510254,99300,0.0,0.0
2016-03-22 00:00:00-04:00,29.324663516663914,30.055773750191477,29.30683114497091,29.75263023376465,108100,0.0,0.0
2016-03-23 00:00:00-04:00,29.63672107324976,29.663467926729474,28.932357788085938,28.932357788085938,97100,0.0,0.0
2016-03-24 00:00:00-04:00,28.905604961814465,29.048263904152332,28.43305911943764,28.9769344329834,87800,0.0,0.0
2016-03-28 00:00:00-04:00,29.173085739321046,29.235497323142784,28.834277569162882,29.066091537475586,87600,0.0,0.0
2016-03-29 00:00:00-04:00,28.941272217474918,29.70804709342632,28.861028256010776,29.672382354736328,80700,0.0,0.0
2016-03-30 00:00:00-04:00,29.761543889401512,29.77937625855953,29.288994609655674,29.431650161743164,83300,0.0,0.0
2016-03-31 00:00:00-04:00,29.431653141887658,29.5921410793836,28.959107215470144,28.99477195739746,110300,0.0,0.0
2016-04-01 00:00:00-04:00,28.77186719918478,29.547556488820316,28.77186719918478,29.52972412109375,79900,0.0,0.0
2016-04-04 00:00:00-04:00,29.44056908788662,29.69913334805536,29.092846379951926,29.101760864257812,61200,0.0,0.0
2016-04-05 00:00:00-04:00,28.95018758188324,29.235498664206197,28.78969967292953,28.9769344329834,112700,0.0,0.0
2016-04-06 00:00:00-04:00,28.976934767167762,29.422733763585725,28.8431937077718,29.324657440185547,133400,0.0,0.0
2016-04-07 00:00:00-04:00,29.0750166105074,29.182007437630695,28.236913861961746,28.450897216796875,160400,0.0,0.0
2016-04-08 00:00:00-04:00,28.68271442481835,29.128513555334102,28.433068000106314,29.07501983642578,184000,0.0,0.0
2016-04-11 00:00:00-04:00,29.11959821437819,29.547564958968202,28.878866282825552,28.959110260009766,73100,0.0,0.0
2016-04-12 00:00:00-04:00,29.012604021272374,29.70804947560909,28.86994845625005,29.574308395385742,103900,0.0,0.0
2016-04-13 00:00:00-04:00,29.67238626173469,29.7972094624086,29.4940693471589,29.75263023376465,129800,0.0,0.0
2016-04-14 00:00:00-04:00,29.71696451442578,29.80612295858117,29.494065002860662,29.663467407226562,219000,0.0,0.0
2016-04-15 00:00:00-04:00,29.49407145400502,29.815043963875713,29.49407145400502,29.699138641357422,103700,0.0,0.0
2016-04-18 00:00:00-04:00,29.70805313993294,30.456995798972315,29.681306281059978,30.385669708251953,173600,0.0,0.0
2016-04-19 00:00:00-04:00,30.590724728260117,30.608557094141744,30.225169730626803,30.537227630615234,48000,0.0,0.0
2016-04-20 00:00:00-04:00,30.501575832942773,30.94737496549503,30.269761780533685,30.715560913085938,84100,0.0,0.0
2016-04-21 00:00:00-04:00,30.670971827035476,30.929532655958404,30.45698681563486,30.47481918334961,93400,0.0,0.0
2016-04-22 00:00:00-04:00,30.421332144198615,30.92062840185979,30.01119775460774,30.563987731933594,75800,0.0,0.0
2016-04-25 00:00:00-04:00,30.385669469064922,30.822550699378755,30.10035490489726,30.546154022216797,76000,0.0,0.0
2016-04-26 00:00:00-04:00,30.71556773616421,30.974132106763943,30.448088877451273,30.786893844604492,90900,0.0,0.0
2016-04-27 00:00:00-04:00,30.72446730665816,30.911702076731487,30.4569885778139,30.813629150390625,58100,0.0,0.0
2016-04-28 00:00:00-04:00,30.626390696679913,30.831461234784975,30.05576850676113,30.153844833374023,57500,0.0,0.0
2016-04-29 00:00:00-04:00,29.627808949957117,30.563986416757558,29.627808949957117,30.439163208007812,91900,0.0,0.0
2016-05-02 00:00:00-04:00,30.626400836741485,31.107864744334016,30.40350125743135,30.7423095703125,103600,0.0,0.0
2016-05-03 00:00:00-04:00,30.341086988590565,30.751224763476692,29.89528786903477,30.3054256439209,73300,0.0,0.0
2016-05-04 00:00:00-04:00,30.109271416790644,30.403497052171822,29.85070712427157,30.234094619750977,84500,0.0,0.0
2016-05-05 00:00:00-04:00,30.225177848699072,30.31433630087794,29.7347961581845,29.80612564086914,49400,0.0,0.0
2016-05-06 00:00:00-04:00,29.76154292424262,30.16276271434494,29.547557902462533,30.04685401916504,70900,0.0,0.0
2016-05-09 00:00:00-04:00,30.002283667796767,30.296509333401904,29.734801461202498,29.984451293945312,51100,0.0,0.0
2016-05-10 00:00:00-04:00,30.144931226480345,30.349998369373548,29.75262590861801,30.162763595581055,45500,0.0,0.0
2016-05-11 00:00:00-04:00,30.019854278932694,30.144899241743293,29.716172194727086,29.832286834716797,67400,0.06,0.0
2016-05-12 00:00:00-04:00,30.100239792883094,30.43964997130656,30.100239792883094,30.243148803710938,100400,0.0,0.0
2016-05-13 00:00:00-04:00,30.127045735345035,30.439661659027525,29.966272610530243,30.261024475097656,67000,0.0,0.0
2016-05-16 00:00:00-04:00,30.34140842394572,31.109545863623424,29.921611588954278,31.047019958496094,110600,0.0,0.0
2016-05-17 00:00:00-04:00,31.07382000075296,31.172070620933653,30.31461283122451,30.48431968688965,158800,0.0,0.0
2016-05-18 00:00:00-04:00,30.42178728420757,31.261377334594727,30.42178728420757,31.261377334594727,123200,0.0,0.0
2016-05-19 00:00:00-04:00,31.279255078434055,31.279255078434055,30.261027459017576,30.734413146972656,75700,0.0,0.0
2016-05-20 00:00:00-04:00,30.88624515426873,31.1363351045964,30.403925901019623,30.805858612060547,83700,0.0,0.0
2016-05-23 00:00:00-04:00,30.716538909049664,31.02022102889269,30.528971442822527,30.886245727539062,40600,0.0,0.0
2016-05-24 00:00:00-04:00,31.091671747319133,31.868739260779044,31.091671747319133,31.743694305419922,84700,0.0,0.0
2016-05-25 00:00:00-04:00,31.841961894155766,32.11884632684949,31.556143727182125,31.699052810668945,89400,0.0,0.0
2016-05-26 00:00:00-04:00,31.699034171897186,31.92232969650074,31.288167817139968,31.529327392578125,140600,0.0,0.0
2016-05-27 00:00:00-04:00,31.672243014115505,32.59222308474209,31.672243014115505,32.48503875732422,148400,0.0,0.0
2016-05-31 00:00:00-04:00,32.49396702375845,32.71726255749771,31.582920837235942,31.681171417236328,178300,0.0,0.0
2016-06-01 00:00:00-04:00,31.529342742944706,32.19029931674085,31.431092119129783,32.11884307861328,91000,0.0,0.0
2016-06-02 00:00:00-04:00,32.09205358144238,32.31534924877375,31.636528512042354,32.27962112426758,96800,0.0,0.0
2016-06-03 00:00:00-04:00,32.163482290821804,32.44036993716234,31.127391308077016,31.833005905151367,77600,0.0,0.0
2016-06-06 00:00:00-04:00,31.77942536201378,32.431447980701655,31.77942536201378,32.17242431640625,93000,0.0,0.0
2016-06-07 00:00:00-04:00,32.2170903356466,32.395727505076444,31.984864400442238,32.14563751220703,42700,0.0,0.0
2016-06-08 00:00:00-04:00,32.15456557084802,33.13706482262467,32.100973401630604,32.94056701660156,120300,0.0,0.0
2016-06-09 00:00:00-04:00,32.86018009480139,32.86018009480139,32.13670115103911,32.33320236206055,72800,0.0,0.0
2016-06-10 00:00:00-04:00,32.15456637913775,32.63688569255772,32.09204388375595,32.52077102661133,95300,0.0,0.0
2016-06-13 00:00:00-04:00,32.288544555334035,32.35106704965741,31.189927224291058,31.32390594482422,202800,0.0,0.0
2016-06-14 00:00:00-04:00,31.163128317003274,31.422151988563108,30.537900057356058,30.645084381103516,81700,0.0,0.0
2016-06-15 00:00:00-04:00,30.662950365015625,30.886245942714066,30.37712889091911,30.386062622070312,85100,0.0,0.0
2016-06-16 00:00:00-04:00,30.12703857432297,30.135972305367456,29.67151710043646,29.805492401123047,112000,0.0,0.0
2016-06-17 00:00:00-04:00,29.903748103542174,29.903748103542174,29.001635325612554,29.099885940551758,418200,0.0,0.0
2016-06-20 00:00:00-04:00,29.30530778762781,30.18062589231856,29.30530778762781,29.921602249145508,158000,0.0,0.0
2016-06-21 00:00:00-04:00,29.778691479290675,29.90373642867728,29.37675885110563,29.68044090270996,69200,0.0,0.0
2016-06-22 00:00:00-04:00,29.653655387244207,30.064518460013375,29.537540725037147,29.54647445678711,93700,0.0,0.0
2016-06-23 00:00:00-04:00,29.930542937573232,30.43072634515091,29.698316995581887,30.07345199584961,136000,0.0,0.0
2016-06-24 00:00:00-04:00,28.689013321786828,29.19812693891069,28.07271878716845,28.251354217529297,310500,0.0,0.0
2016-06-27 00:00:00-04:00,28.081653433280547,28.081653433280547,27.376038562257193,27.51894760131836,137600,0.0,0.0
2016-06-28 00:00:00-04:00,27.867290707213318,27.90301711624086,27.29565283028108,27.626131057739258,117800,0.0,0.0
2016-06-29 00:00:00-04:00,27.831556252282535,28.144170352182925,27.706511293766294,28.081647872924805,78500,0.0,0.0
2016-06-30 00:00:00-04:00,28.251357580737775,28.778337018325427,27.885152945751415,28.75153923034668,105600,0.0,0.0
2016-07-01 00:00:00-04:00,28.662219110657173,28.70687754260422,28.269218435805243,28.528242111206055,155800,0.0,0.0
2016-07-05 00:00:00-04:00,28.322815616735944,28.501452794140164,28.10845202601711,28.394271850585938,129200,0.0,0.0
2016-07-06 00:00:00-04:00,28.144173548809853,28.65328887404391,28.126309494532872,28.537174224853516,68700,0.0,0.0
2016-07-07 00:00:00-04:00,28.671155364958743,29.180269090352205,28.671155364958743,29.099885940551758,74100,0.0,0.0
2016-07-08 00:00:00-04:00,29.48394927493936,29.796565156622137,29.48394927493936,29.707244873046875,99900,0.0,0.0
2016-07-11 00:00:00-04:00,29.814419679989815,30.0555792577001,29.608988204285353,29.966259002685547,81500,0.0,0.0
2016-07-12 00:00:00-04:00,30.18062738862402,31.12739834103522,30.18062738862402,30.93090057373047,155400,0.0,0.0
2016-07-13 00:00:00-04:00,30.930904693200954,31.145266541940895,30.627222568135917,30.74333381652832,52300,0.0,0.0
2016-07-14 00:00:00-04:00,30.921973690351734,31.56506610775497,30.904109633510483,31.0916805267334,110300,0.0,0.0
2016-07-15 00:00:00-04:00,31.29710746757074,31.707970492843817,30.957697251935613,31.25244903564453,58900,0.0,0.0
2016-07-18 00:00:00-04:00,31.19885455257855,31.431080425654965,30.93090057373047,30.93090057373047,103500,0.0,0.0
2016-07-19 00:00:00-04:00,30.93090080567952,31.386422232415217,30.93090080567952,30.97555923461914,69500,0.0,0.0
2016-07-20 00:00:00-04:00,30.98450361163274,31.118482366442116,30.689755121161895,30.82373046875,50200,0.0,0.0
2016-07-21 00:00:00-04:00,30.81478448990549,30.81478448990549,30.12703381851082,30.207420349121094,55100,0.0,0.0
2016-07-22 00:00:00-04:00,29.930538515812003,31.252451368602777,29.903744136100098,31.055950164794922,82100,0.0,0.0
2016-07-25 00:00:00-04:00,31.020220453135686,31.020220453135686,30.68081022967668,30.805858612060547,38900,0.0,0.0
2016-07-26 00:00:00-04:00,30.752279490609023,31.198870824010584,30.135984677114607,30.796937942504883,223500,0.0,0.0
2016-07-27 00:00:00-04:00,30.78799512888101,31.064879462677233,30.51110738786469,30.886245727539062,42800,0.0,0.0
2016-07-28 00:00:00-04:00,30.609356273187696,30.921968699401354,30.234217954511404,30.645084381103516,37000,0.0,0.0
2016-07-29 00:00:00-04:00,31.011282790700413,31.58291877458479,30.10023666367748,31.431076049804688,81400,0.0,0.0
2016-08-01 00:00:00-04:00,31.511466455679333,31.80621821274841,31.198854053229994,31.395355224609375,85700,0.0,0.0
2016-08-02 00:00:00-04:00,31.38642635271489,31.457882574174583,30.761198043823242,30.761198043823242,53600,0.0,0.0
2016-08-03 00:00:00-04:00,30.779056916979723,31.16312552461029,30.689740062413378,31.073808670043945,57900,0.0,0.0
2016-08-04 00:00:00-04:00,31.172061686232716,31.350695409301206,30.957696448442714,31.189922332763672,72300,0.0,0.0
2016-08-05 00:00:00-04:00,31.502531683540386,32.59221488768954,31.252441796903856,32.368919372558594,170700,0.0,0.0
2016-08-08 00:00:00-04:00,32.359996742756074,32.368930474468144,32.0205864893246,32.33320236206055,48700,0.0,0.0
2016-08-09 00:00:00-04:00,32.34212207073431,32.56541758915786,32.243871497472874,32.45823669433594,90500,0.0,0.0
2016-08-10 00:00:00-04:00,32.306405972166495,32.69047467911742,32.0384519319548,32.5654296875,115100,0.0,0.0
2016-08-11 00:00:00-04:00,32.681543920559236,33.145999174132456,32.654749539059765,33.04774856567383,121200,0.0,0.0
2016-08-12 00:00:00-04:00,32.86911498296201,33.00309371948242,32.62795530155775,33.00309371948242,95200,0.0,0.0
2016-08-15 00:00:00-04:00,32.96735282101019,33.38714951928387,32.95842249874073,33.37821578979492,91100,0.0,0.0
2016-08-16 00:00:00-04:00,33.306773680962316,33.60152211153708,33.172794953378876,33.27997589111328,126400,0.0,0.0
2016-08-17 00:00:00-04:00,33.27996064094241,33.575184317574845,33.271012504027134,33.53940200805664,60900,0.06,0.0
2016-08-18 00:00:00-04:00,33.57519399970072,33.754119249745884,33.4499473484837,33.67360305786133,49900,0.0,0.0
2016-08-19 00:00:00-04:00,33.64676545617512,33.9062068980383,33.57519399108929,33.89725875854492,123000,0.0,0.0
2016-08-22 00:00:00-04:00,33.9062190101635,34.00462469073647,33.62888460295828,33.94200134277344,74300,0.0,0.0
2016-08-23 00:00:00-04:00,33.897246662399496,34.08511657213596,33.66464630930399,33.81673049926758,57600,0.0,0.0
2016-08-24 00:00:00-04:00,33.77201210736002,33.950937357359294,33.63781731668175,33.89725875854492,54800,0.0,0.0
2016-08-25 00:00:00-04:00,33.539418629676845,34.111976818290785,33.539418629676845,34.00461959838867,71500,0.0,0.0
2016-08-26 00:00:00-04:00,34.08512160677772,34.17458591942448,33.67359600674635,34.049339294433594,84200,0.0,0.0
2016-08-29 00:00:00-04:00,33.97778710647517,34.38036820982418,33.691507969141774,33.75413131713867,143100,0.0,0.0
2016-08-30 00:00:00-04:00,33.76307432100927,34.15670722175165,33.718340439777364,34.0404052734375,216700,0.0,0.0
2016-08-31 00:00:00-04:00,34.031462091246496,35.16763378930259,34.031462091246496,34.800838470458984,307300,0.0,0.0
2016-09-01 00:00:00-04:00,34.90817905544192,34.97974709865883,34.13880296774973,34.45191955566406,105400,0.0,0.0
2016-09-02 00:00:00-04:00,34.469825678568164,34.702429587103325,34.31774139528577,34.6934814453125,81200,0.0,0.0
2016-09-06 00:00:00-04:00,34.550333699981714,34.7739894137022,33.95093802531416,34.165645599365234,107700,0.0,0.0
2016-09-07 00:00:00-04:00,34.192491563065346,34.26405962722023,34.05829675029063,34.174598693847656,124600,0.0,0.0
2016-09-08 00:00:00-04:00,34.165636586499616,34.38929224121994,33.87935762147475,34.076175689697266,117300,0.0,0.0
2016-09-09 00:00:00-04:00,33.92409037375211,33.99566182622616,33.04736055723309,33.09209442138672,282800,0.0,0.0
2016-09-12 00:00:00-04:00,33.07420177107871,33.49467211256781,32.84159796175608,33.43204879760742,114800,0.0,0.0
2016-09-13 00:00:00-04:00,33.24417559548266,33.315747041404705,32.653724817483315,32.805809020996094,89700,0.0,0.0
2016-09-14 00:00:00-04:00,32.92212105377437,33.0742087168422,32.47480961713962,32.49270248413086,131500,0.0,0.0
2016-09-15 00:00:00-04:00,32.56426632488768,33.10103855804032,32.35850010904072,32.975791931152344,132400,0.0,0.0
2016-09-16 00:00:00-04:00,32.87739696569146,32.9579131764018,32.385354972557664,32.778987884521484,164000,0.0,0.0
2016-09-19 00:00:00-04:00,32.68058633594483,33.04738173312041,32.635855855843786,32.814781188964844,65400,0.0,0.0
2016-09-20 00:00:00-04:00,32.895273328398645,33.00262708456733,32.68951054044434,32.805809020996094,120700,0.0,0.0
2016-09-21 00:00:00-04:00,32.975811341670344,33.12789564592279,32.23327245559084,32.45692825317383,174600,0.0,0.0
2016-09-22 00:00:00-04:00,32.69847554907762,32.895293734743525,32.45692688831942,32.74320602416992,124000,0.0,0.0
2016-09-23 00:00:00-04:00,32.483764110034336,32.76109507084926,32.25116020637191,32.367462158203125,81200,0.0,0.0
2016-09-26 00:00:00-04:00,32.35851017611001,32.37640304447704,32.06328637984325,32.179588317871094,92800,0.0,0.0
2016-09-27 00:00:00-04:00,32.161699271136655,32.609010795317374,32.09907593076864,32.55533218383789,90000,0.0,0.0
2016-09-28 00:00:00-04:00,32.564284504114966,32.98475507015298,32.45692726737985,32.93107986450195,215900,0.0,0.0
2016-09-29 00:00:00-04:00,32.77004267315905,32.99369843153742,32.43008496486344,32.439029693603516,67200,0.0,0.0
2016-09-30 00:00:00-04:00,32.71636252882495,33.50363171697006,32.5195443786097,32.64479446411133,176600,0.0,0.0
2016-10-03 00:00:00-04:00,32.412177949915105,32.555317436302204,32.170629426752896,32.224308013916016,70800,0.0,0.0
2016-10-04 00:00:00-04:00,32.295879982327975,32.412181895648935,32.099065297532846,32.152740478515625,121500,0.0,0.0
2016-10-05 00:00:00-04:00,32.34957235212196,32.8326696629842,32.278004276095935,32.546390533447266,146500,0.0,0.0
2016-10-06 00:00:00-04:00,32.47480259839211,32.51953304984495,32.170630750712235,32.34955596923828,47600,0.0,0.0
2016-10-07 00:00:00-04:00,32.38535449573097,32.51060117438829,32.01855918849909,32.439029693603516,85200,0.0,0.0
2016-10-10 00:00:00-04:00,32.34956421559267,32.86844714031724,32.34956421559267,32.43008041381836,54400,0.0,0.0
2016-10-11 00:00:00-04:00,32.31377971155028,32.501653123046246,31.955932582356763,32.179588317871094,189800,0.0,0.0
2016-10-12 00:00:00-04:00,32.21538295380657,32.501665544373424,31.830698081403376,31.964889526367188,173700,0.0,0.0
2016-10-13 00:00:00-04:00,31.785950995072092,31.785950995072092,31.231285744777473,31.499671936035156,135000,0.0,0.0
2016-10-14 00:00:00-04:00,31.74120665650699,32.170625057344765,31.74120665650699,32.07221603393555,67800,0.0,0.0
2016-10-17 00:00:00-04:00,32.09907350488366,32.17958970965983,31.92014822619042,32.04539489746094,60400,0.0,0.0
2016-10-18 00:00:00-04:00,32.30483638093035,32.30483638093035,31.991716290038212,32.04539489746094,67100,0.0,0.0
2016-10-19 00:00:00-04:00,32.19747042669173,32.43901553713939,32.018545215529215,32.224308013916016,86100,0.0,0.0
2016-10-20 00:00:00-04:00,32.0990728291697,32.39429663199036,31.991715616584212,32.00066375732422,55800,0.0,0.0
2016-10-21 00:00:00-04:00,31.723326839350918,32.15274541674083,31.669651650124358,31.750167846679688,49300,0.0,0.0
2016-10-24 00:00:00-04:00,32.02749056094563,32.877382770899565,32.02749056094563,32.564266204833984,116100,0.0,0.0
2016-10-25 00:00:00-04:00,32.56426506825035,32.69845641500282,32.07221989201445,32.295875549316406,73300,0.0,0.0
2016-10-26 00:00:00-04:00,32.116952918321374,32.34060856980631,31.5354468593748,31.580177307128906,92200,0.0,0.0
2016-10-27 00:00:00-04:00,31.803840503097373,32.07222666600277,31.13287338947627,31.445993423461914,79900,0.0,0.0
2016-10-28 00:00:00-04:00,30.506641345586203,30.953952822282282,28.53847187193818,29.925138473510742,230100,0.0,0.0
2016-10-31 00:00:00-04:00,30.77503206496522,32.20642747661743,30.14879529259893,31.356534957885742,244200,0.0,0.0
2016-11-01 00:00:00-04:00,31.490722099909153,31.714377791793854,30.95394639175685,31.132871627807617,128100,0.0,0.0
2016-11-02 00:00:00-04:00,30.864486694335938,31.177603310206905,30.775025779148564,30.864486694335938,283600,0.0,0.0
2016-11-03 00:00:00-04:00,30.909215935922916,31.222335952190512,30.909215935922916,31.132871627807617,81600,0.0,0.0
2016-11-04 00:00:00-04:00,31.222337718921548,31.669649128002284,31.04341247274621,31.445993423461914,152600,0.0,0.0
2016-11-07 00:00:00-05:00,31.75910621539159,32.027492345936444,31.607021992744937,31.669645309448242,120800,0.0,0.0
2016-11-08 00:00:00-05:00,31.687566952304376,31.893740844431235,31.5531097324762,31.64274787902832,112400,0.07,0.0
2016-11-09 00:00:00-05:00,31.777210675424364,33.16662255815449,30.190590753521434,33.07698440551758,206400,0.0,0.0
2016-11-10 00:00:00-05:00,33.43554563204636,35.452435155125954,32.94252887696672,35.31797790527344,283600,0.0,0.0
2016-11-11 00:00:00-05:00,35.27316501690584,35.8558235168457,34.91460883342406,35.8558235168457,245500,0.0,0.0
2016-11-14 00:00:00-05:00,36.12472794199555,37.51413989755759,36.12472794199555,36.57292556762695,210100,0.0,0.0
2016-11-15 00:00:00-05:00,36.48329523057274,36.75221317969948,35.27315933028653,36.528114318847656,134900,0.0,0.0
2016-11-16 00:00:00-05:00,36.124732952989625,36.572930640792165,35.94545319397321,36.21437454223633,166200,0.0,0.0
2016-11-17 00:00:00-05:00,36.07992082550991,36.79703658038228,36.07992082550991,36.348838806152344,137100,0.0,0.0
2016-11-18 00:00:00-05:00,36.43848661792253,36.841861947839554,35.748261517730256,36.79704284667969,90600,0.0,0.0
2016-11-21 00:00:00-05:00,36.976303300092695,37.29004026333321,36.43846752897283,36.93148422241211,133100,0.0,0.0
2016-11-22 00:00:00-05:00,36.976309880304804,37.469326661480125,36.79703011820186,37.2452278137207,131200,0.0,0.0
2016-11-23 00:00:00-05:00,37.29004940261012,37.91752690235367,37.20041122527988,37.69342803955078,73200,0.0,0.0
2016-11-25 00:00:00-05:00,37.82789208898982,37.872711181640625,37.469332508828224,37.872711181640625,42000,0.0,0.0
2016-11-28 00:00:00-05:00,37.64861297607422,37.917530956293504,37.42451408931187,37.64861297607422,96400,0.0,0.0
2016-11-29 00:00:00-05:00,37.64860806686693,38.571894265702625,37.51414738455152,38.05198669433594,148300,0.0,0.0
2016-11-30 00:00:00-05:00,38.545003050863286,38.67946373162228,38.007167166781635,38.231266021728516,121200,0.0,0.0
2016-12-01 00:00:00-05:00,38.45536829721434,39.710319944856366,38.41054578665635,39.62068176269531,152400,0.0,0.0
2016-12-02 00:00:00-05:00,39.62067714150011,39.97923324780124,38.41054130660649,38.54500198364258,148400,0.0,0.0
2016-12-05 00:00:00-05:00,38.76911705190485,39.79997355518042,38.41055737611896,39.44141387939453,89800,0.0,0.0
2016-12-06 00:00:00-05:00,39.710319944856366,40.06887951245549,39.12766492185461,39.62068176269531,128800,0.0,0.0
2016-12-07 00:00:00-05:00,39.71032151391264,40.51707886314899,39.57586423535831,40.337799072265625,179000,0.0,0.0
2016-12-08 00:00:00-05:00,40.42743979030213,42.17541187682035,40.42743979030213,42.04095458984375,124500,0.0,0.0
2016-12-09 00:00:00-05:00,41.996130280222395,42.66842694481173,41.32383361563307,42.57878875732422,137000,0.0,0.0
2016-12-12 00:00:00-05:00,42.39949833868239,42.44431742119567,40.65152676484989,40.965267181396484,134800,0.0,0.0
2016-12-13 00:00:00-05:00,41.1893732285478,41.682390061508876,40.87563275704355,41.144554138183594,123400,0.0,0.0
2016-12-14 00:00:00-05:00,41.01008388354309,41.18936362266702,40.292968346524,40.382606506347656,117800,0.0,0.0
2016-12-15 00:00:00-05:00,40.2481547380947,41.72720509311227,40.02405588859412,41.099727630615234,124400,0.0,0.0
2016-12-16 00:00:00-05:00,40.920456422916956,41.50311145306686,40.517077759288554,40.65153503417969,273500,0.0,0.0
2016-12-19 00:00:00-05:00,41.01008626390977,41.68238276003944,40.11369093573688,40.965267181396484,158400,0.0,0.0
2016-12-20 00:00:00-05:00,41.05491548461248,41.592754866017515,40.5618986162661,41.32383346557617,94600,0.0,0.0
2016-12-21 00:00:00-05:00,41.9064805298354,42.26504001980649,41.36864471435547,41.36864471435547,131700,0.0,0.0
2016-12-22 00:00:00-05:00,41.45828329742924,41.54792146109244,40.74116772969339,41.18936538696289,125200,0.0,0.0
2016-12-23 00:00:00-05:00,41.27901077270508,41.32382986237812,40.74117485767386,41.27901077270508,71300,0.0,0.0
2016-12-27 00:00:00-05:00,41.45828522417472,41.90648290227391,41.36864705634565,41.861663818359375,126200,0.0,0.0
2016-12-28 00:00:00-05:00,41.99612129353548,42.70427444937425,41.59274611668166,41.727203369140625,80300,0.0,0.0
2016-12-29 00:00:00-05:00,41.72720294227832,42.17540061817707,41.41346593693996,41.9064826965332,65600,0.0,0.0
2016-12-30 00:00:00-05:00,42.040944230948746,42.040944230948746,41.41346678790174,41.54792404174805,126000,0.0,0.0
2017-01-03 00:00:00-05:00,42.30986172156026,42.71324031789101,41.41346636059278,41.727203369140625,159000,0.0,0.0
2017-01-04 00:00:00-05:00,41.727199545918715,42.13057810529022,41.41346256611678,41.81684112548828,135500,0.0,0.0
2017-01-05 00:00:00-05:00,41.72720850839021,42.08576806472926,40.920454635843384,41.27901077270508,132600,0.0,0.0
2017-01-06 00:00:00-05:00,41.68238917788569,41.84374063535827,41.099730757070546,41.41347122192383,110300,0.0,0.0
2017-01-09 00:00:00-05:00,41.144559824607725,41.36865872687797,40.38262150520217,40.51708221435547,143400,0.0,0.0
2017-01-10 00:00:00-05:00,40.517066147118605,41.23418166611221,40.38260549128633,40.78598403930664,165000,0.0,0.0
2017-01-11 00:00:00-05:00,40.78599750364879,41.45829416579684,40.6067177098471,41.32383346557617,201400,0.0,0.0
2017-01-12 00:00:00-05:00,41.14454743148419,41.14454743148419,39.8447735059253,40.499141693115234,142500,0.0,0.0
2017-01-13 00:00:00-05:00,40.74116536909478,41.189363000395105,39.84477010649413,40.60670471191406,208800,0.0,0.0
2017-01-17 00:00:00-05:00,40.29297126889112,40.33779035205359,39.396575927734375,39.396575927734375,90800,0.0,0.0
2017-01-18 00:00:00-05:00,39.62068064832011,40.2929772540513,39.33383437009966,40.0240592956543,129600,0.0,0.0
2017-01-19 00:00:00-05:00,40.15851769461654,40.29297838733558,39.30694128617671,39.62068176269531,114300,0.0,0.0
2017-01-20 00:00:00-05:00,39.71031044688191,40.45432017487957,39.21729372396172,40.29296875,150900,0.0,0.0
2017-01-23 00:00:00-05:00,40.15850830078125,40.60670594569952,39.916481162188184,40.15850830078125,72300,0.0,0.0
2017-01-24 00:00:00-05:00,40.337796211661775,41.36865237152852,40.00613084470844,41.27901077270508,133900,0.0,0.0
2017-01-25 00:00:00-05:00,41.682393053179524,41.90649194056221,40.651536803428115,41.32383346557617,97100,0.0,0.0
2017-01-26 00:00:00-05:00,41.36864471435547,41.772019866227055,41.23418405074713,41.36864471435547,91200,0.0,0.0
2017-01-27 00:00:00-05:00,40.830804136090684,41.86166007123553,40.33778741820791,40.47224807739258,155200,0.0,0.0
2017-01-30 00:00:00-05:00,40.60670959421773,40.60670959421773,39.93441306643441,40.203330993652344,313100,0.0,0.0
2017-01-31 00:00:00-05:00,40.11368800137902,40.7859844483295,39.66549037007869,40.60670471191406,131000,0.0,0.0
2017-02-01 00:00:00-05:00,40.92045660568107,41.637572333402474,40.427436337112425,40.69635772705078,118900,0.0,0.0
2017-02-02 00:00:00-05:00,40.47225515515949,40.47225515515949,39.262119269299355,39.35176086425781,103600,0.0,0.0
2017-02-03 00:00:00-05:00,39.84477131712913,40.36467880710645,39.08283326908208,40.15850830078125,114000,0.0,0.0
2017-02-06 00:00:00-05:00,40.02405677879402,40.29297472028047,39.531036563345516,39.57585906982422,74800,0.0,0.0
2017-02-07 00:00:00-05:00,39.71031906660104,39.979237026614115,39.39658201649868,39.88959884643555,85300,0.0,0.0
2017-02-08 00:00:00-05:00,39.68310340080167,39.68310340080167,38.83018534976453,39.23419952392578,53900,0.07,0.0
2017-02-09 00:00:00-05:00,39.32396751053837,39.95243344064486,39.23418813117906,39.72798156738281,62800,0.0,0.0
2017-02-10 00:00:00-05:00,39.907541038469134,40.17688258310382,39.683089180462964,39.952430725097656,71100,0.0,0.0
2017-02-13 00:00:00-05:00,40.31156158949427,40.94002415369393,39.997326882530324,40.805355072021484,168400,0.0,0.0
2017-02-14 00:00:00-05:00,40.76046750850996,41.34404040931973,40.26667057530994,41.2542610168457,107600,0.0,0.0
2017-02-15 00:00:00-05:00,41.344038253466586,41.43382106612325,41.07469666522482,41.29914855957031,79800,0.0,0.0
2017-02-16 00:00:00-05:00,41.164478199507386,41.388930105556746,41.164478199507386,41.2542610168457,133800,0.0,0.0
2017-02-17 00:00:00-05:00,41.25425671917368,41.523598293401335,40.940022028521476,41.34403610229492,89200,0.0,0.0
2017-02-21 00:00:00-05:00,41.478721618652344,41.6582838661088,41.299159371195884,41.478721618652344,77700,0.0,0.0
2017-02-22 00:00:00-05:00,41.34403874097854,42.42140853151362,40.85024525256867,42.196956634521484,233200,0.0,0.0
2017-02-23 00:00:00-05:00,42.286741506887275,43.27433203663653,41.568496028347106,42.241851806640625,78600,0.0,0.0
2017-02-24 00:00:00-05:00,41.748065432702106,42.28674877801671,41.47872376004481,41.83784484863281,67900,0.0,0.0
2017-02-27 00:00:00-05:00,41.83782457622063,42.10716954323269,40.940017152483165,41.703155517578125,57000,0.0,0.0
2017-02-28 00:00:00-05:00,41.38892913111984,41.47871194634436,40.76046654886921,40.940025329589844,116800,0.0,0.0
2017-03-01 00:00:00-05:00,41.703162077592715,42.33162805804096,41.703162077592715,41.972503662109375,97100,0.0,0.0
2017-03-02 00:00:00-05:00,41.8827260526942,42.06228483341483,40.80535624404937,40.940025329589844,95100,0.0,0.0
2017-03-03 00:00:00-05:00,40.85024914221366,41.882729336632984,40.76046974481393,41.119590759277344,66500,0.0,0.0
2017-03-06 00:00:00-05:00,40.71557225937573,41.029806966339684,40.53601348381247,40.805355072021484,75200,0.0,0.0
2017-03-07 00:00:00-05:00,40.9849200080813,42.062286432828664,40.67068528014304,41.07469940185547,99000,0.0,0.0
2017-03-08 00:00:00-05:00,41.344042221330234,41.96353170109037,40.715576171875,40.715576171875,80800,0.0,0.0
2017-03-09 00:00:00-05:00,40.8951289634752,41.299143003921074,40.5360080357506,40.760459899902344,73300,0.0,0.0
2017-03-10 00:00:00-05:00,41.1644850045564,41.344047244052824,39.997335585126905,40.44623947143555,72800,0.0,0.0
2017-03-13 00:00:00-04:00,40.44624163476983,40.760476426912156,40.221789679610325,40.40135192871094,82200,0.0,0.0
2017-03-14 00:00:00-04:00,40.176889661925934,40.76046596550851,39.90754806983558,40.62579345703125,74000,0.0,0.0
2017-03-15 00:00:00-04:00,40.760459899902344,40.877172403359424,40.35644585945647,40.760459899902344,72900,0.0,0.0
2017-03-16 00:00:00-04:00,40.94002415867188,41.29914855957031,40.71557226432639,41.29914855957031,98800,0.0,0.0
2017-03-17 00:00:00-04:00,41.2991479883857,42.01739335538481,41.119585790419904,41.972503662109375,254600,0.0,0.0
2017-03-20 00:00:00-04:00,42.152071409872605,42.152071409872605,41.433825948308346,41.52360534667969,162600,0.0,0.0
2017-03-21 00:00:00-04:00,41.65827025069681,41.81089588498904,39.32396864642604,39.368858337402344,248600,0.0,0.0
2017-03-22 00:00:00-04:00,39.23418926447342,39.683093023964275,38.91995457791149,39.368858337402344,152400,0.0,0.0
2017-03-23 00:00:00-04:00,39.279084284260456,40.13200222797727,39.14441176819725,39.99732971191406,142900,0.0,0.0
2017-03-24 00:00:00-04:00,40.221778869628906,40.5360135773177,40.08710978764581,40.221778869628906,152100,0.0,0.0
2017-03-27 00:00:00-04:00,39.4586490575569,40.58090868135052,38.964855508060616,40.3564567565918,105300,0.0,0.0
2017-03-28 00:00:00-04:00,40.13201026749254,40.62580388387044,39.772885769291314,40.40135192871094,108100,0.0,0.0
2017-03-29 00:00:00-04:00,40.266679385669214,40.49113134082872,40.04222743050971,40.40135192871094,63700,0.0,0.0
2017-03-30 00:00:00-04:00,40.40135106198125,41.613390223894704,40.40135106198125,41.56850051879883,106500,0.0,0.0
2017-03-31 00:00:00-04:00,41.43382322665805,41.748054525181445,40.98491941455933,41.2542610168457,155100,0.0,0.0
2017-04-03 00:00:00-04:00,41.254265950906216,41.433828182194425,40.356458219329866,40.98492431640625,106500,0.0,0.0
2017-04-04 00:00:00-04:00,40.805352953839616,41.433818910280095,40.805352953839616,41.34403610229492,85200,0.0,0.0
2017-04-05 00:00:00-04:00,41.748067422409434,41.837846842619015,40.89514923095703,40.89514923095703,171700,0.0,0.0
2017-04-06 00:00:00-04:00,40.67068583974512,41.52360379179266,40.62579614224038,41.38893127441406,133200,0.0,0.0
2017-04-07 00:00:00-04:00,41.11959661811015,41.70317305895142,41.0298172079184,41.56850051879883,121500,0.0,0.0
2017-04-10 00:00:00-04:00,41.65827296046874,41.82885516722023,40.805355076983055,41.29914855957031,89600,0.0,0.0
2017-04-11 00:00:00-04:00,41.119579322203364,42.01738674594083,40.984910263560856,41.703155517578125,92700,0.0,0.0
2017-04-12 00:00:00-04:00,41.792947020870706,41.792947020870706,41.02981185913086,41.02981185913086,97200,0.0,0.0
2017-04-13 00:00:00-04:00,40.850253654086295,41.11959530089851,40.44623947143555,40.44623947143555,98500,0.0,0.0
2017-04-17 00:00:00-04:00,40.760470238802945,41.074701558374755,40.311566396634916,41.02981185913086,95600,0.0,0.0
2017-04-18 00:00:00-04:00,40.58090801696283,41.25426378021487,40.38338923045225,41.02981185913086,91900,0.0,0.0
2017-04-19 00:00:00-04:00,41.2542610168457,41.748054525181445,41.02980911079634,41.2542610168457,117100,0.0,0.0
2017-04-20 00:00:00-04:00,41.34403080385591,42.37651070175251,41.029799578337894,42.28672790527344,136800,0.0,0.0
2017-04-21 00:00:00-04:00,42.24184573720106,42.4932341872183,40.85024468031693,41.88272476196289,188000,0.0,0.0
2017-04-24 00:00:00-04:00,43.049881404752696,43.633454375232354,42.96009857669565,43.453895568847656,160700,0.0,0.0
2017-04-25 00:00:00-04:00,43.90280100740956,44.53126370200082,43.90280100740956,43.99258041381836,105000,0.0,0.0
2017-04-26 00:00:00-04:00,44.03746456641187,45.384176041989384,43.81301265381561,44.935272216796875,159400,0.0,0.0
2017-04-27 00:00:00-04:00,45.11484506287551,45.11484506287551,43.58857101259126,44.217037200927734,148400,0.0,0.0
2017-04-28 00:00:00-04:00,44.890390898972996,44.890390898972996,42.28674685688655,42.376529693603516,208600,0.0,0.0
2017-05-01 00:00:00-04:00,41.56850404553586,42.37653250527587,40.62580645908268,42.15208053588867,187600,0.0,0.0
2017-05-02 00:00:00-04:00,41.927624148879794,42.511197152880335,41.65828249896686,42.33163833618164,136700,0.0,0.0
2017-05-03 00:00:00-04:00,42.10717665581079,42.196956043404306,41.748052255708515,41.88272476196289,176600,0.0,0.0
2017-05-04 00:00:00-04:00,42.196967445034616,42.53813537482902,41.972515490539756,42.376529693603516,169300,0.0,0.0
2017-05-05 00:00:00-04:00,42.645869690269244,42.645869690269244,41.703172203141534,42.33163833618164,134600,0.0,0.0
2017-05-08 00:00:00-04:00,42.24184516247181,42.91520083485403,42.15206577609981,42.55607986450195,178100,0.0,0.0
2017-05-09 00:00:00-04:00,42.556080537850704,42.60097023174698,41.01185040879721,41.29914855957031,143500,0.0,0.0
2017-05-10 00:00:00-04:00,41.09235155207889,41.45201996112698,40.73267971294593,40.95747375488281,113600,0.07,0.0
2017-05-11 00:00:00-04:00,40.73266407975075,40.77762218486623,40.19315995819784,40.5977897644043,165300,0.0,0.0
2017-05-12 00:00:00-04:00,40.3730068124442,40.77763329884843,40.3730068124442,40.50788116455078,118500,0.0,0.0
2017-05-15 00:00:00-04:00,40.77763366699219,41.17327333561279,40.55283964803394,40.77763366699219,107600,0.0,0.0
2017-05-16 00:00:00-04:00,40.77763594197657,41.04739152384374,40.373009429345224,40.912513732910156,80200,0.0,0.0
2017-05-17 00:00:00-04:00,40.19317097261588,40.328045324922904,39.069200886301594,39.29399490356445,147400,0.0,0.0
2017-05-18 00:00:00-04:00,39.204071104998036,40.507876953668436,39.204071104998036,40.23812484741211,173500,0.0,0.0
2017-05-19 00:00:00-04:00,40.148210905725136,40.373004912072794,39.338951110839844,39.338951110839844,85000,0.0,0.0
2017-05-22 00:00:00-04:00,39.42886582286622,39.743579477683326,39.204071825175795,39.65365982055664,65200,0.0,0.0
2017-05-23 00:00:00-04:00,39.69862817504432,40.32804873249648,39.383914466233456,40.148216247558594,66400,0.0,0.0
2017-05-24 00:00:00-04:00,40.1931582542645,40.1931582542645,39.833486568421314,39.87844467163086,69300,0.0,0.0
2017-05-25 00:00:00-04:00,40.05828816699751,40.17518200173961,39.518783965253164,39.6986198425293,64000,0.0,0.0
2017-05-26 00:00:00-04:00,39.69862866016647,39.923422699170615,39.29399870394204,39.383914947509766,155300,0.0,0.0
2017-05-30 00:00:00-04:00,39.29399870394204,39.47383462116232,38.619616586929595,39.383914947509766,118200,0.0,0.0
2017-05-31 00:00:00-04:00,39.47382736647166,39.69862136416208,38.57465137570997,39.65365982055664,115700,0.0,0.0
2017-06-01 00:00:00-04:00,39.74357874759482,40.28308296010747,39.293990760472894,40.23812484741211,74500,0.0,0.0
2017-06-02 00:00:00-04:00,40.10324707924188,40.91250682809499,40.10324707924188,40.23812484741211,109300,0.0,0.0
2017-06-05 00:00:00-04:00,40.23811635747405,40.55282651002428,39.815502641120815,39.87844467163086,76800,0.0,0.0
2017-06-06 00:00:00-04:00,39.56375435518577,39.56375435518577,39.11416623751321,39.20408248901367,58200,0.0,0.0
2017-06-07 00:00:00-04:00,39.20407032249891,40.41795992154978,38.93431822162673,39.6986198425293,78600,0.0,0.0
2017-06-08 00:00:00-04:00,39.608694729506205,41.49696603551545,39.608694729506205,40.8675422668457,97200,0.0,0.0
2017-06-09 00:00:00-04:00,41.092346157330645,42.441110231881424,39.92341797873685,42.30623245239258,110900,0.0,0.0
2017-06-12 00:00:00-04:00,42.306227837872335,43.02556791315438,41.49697153946154,41.85663986206055,83800,0.0,0.0
2017-06-13 00:00:00-04:00,42.26127011997202,42.35118634393833,41.63184626195562,41.94655990600586,72500,0.0,0.0
2017-06-14 00:00:00-04:00,41.81167984008789,42.44110366348234,40.912503929548365,41.81167984008789,129100,0.0,0.0
2017-06-15 00:00:00-04:00,41.317139051469645,42.1263954162462,41.317139051469645,41.67680740356445,57600,0.0,0.0
2017-06-16 00:00:00-04:00,41.4520111046801,41.63184698582367,41.0923427724771,41.36209487915039,141600,0.0,0.0
2017-06-19 00:00:00-04:00,41.496970730011334,41.856639045594555,41.137298984344135,41.317134857177734,50400,0.0,0.0
2017-06-20 00:00:00-04:00,41.00242538577877,41.31713905271609,40.462921142578125,40.462921142578125,67100,0.0,0.0
2017-06-21 00:00:00-04:00,40.46292037060298,40.55283659939284,39.87845459321613,39.92341613769531,83100,0.0,0.0
2017-06-22 00:00:00-04:00,39.56374397858246,40.19316786425857,39.38390809266296,39.74357986450195,78800,0.0,0.0
2017-06-23 00:00:00-04:00,39.87846114730193,40.10325518630608,39.02424654315403,39.383914947509766,659400,0.0,0.0
2017-06-26 00:00:00-04:00,39.65365909211996,40.46291884097307,39.204071104998036,40.23812484741211,92500,0.0,0.0
2017-06-27 00:00:00-04:00,40.19317091288427,40.9125110810395,39.788540996395554,40.50788116455078,117200,0.0,0.0
2017-06-28 00:00:00-04:00,40.82258605957031,41.04738002811402,40.1482041539392,40.82258605957031,57600,0.0,0.0
2017-06-29 00:00:00-04:00,41.2272259191901,41.2272259191901,40.462927548638646,40.95747375488281,80200,0.0,0.0
2017-06-30 00:00:00-04:00,41.047389233809696,41.31714137054269,40.5078815302592,40.77763366699219,88600,0.0,0.0
2017-07-03 00:00:00-04:00,41.04738807490082,41.36209832052321,40.328044490476366,41.09234619140625,64300,0.0,0.0
2017-07-05 00:00:00-04:00,41.09234802126795,42.261276252884,40.103252263681625,42.17136001586914,214100,0.0,0.0
2017-07-06 00:00:00-04:00,41.90160451962643,42.261276328498546,41.04738997620317,41.137306213378906,116400,0.0,0.0
2017-07-07 00:00:00-04:00,41.407049994328325,41.85663794959809,40.95746203905856,41.81167984008789,64700,0.0,0.0
2017-07-10 00:00:00-04:00,41.58688887305882,42.036476860875666,41.0923427724771,41.36209487915039,77500,0.0,0.0
2017-07-11 00:00:00-04:00,41.4520126292836,41.4520126292836,40.55283662057823,41.047386169433594,61900,0.0,0.0
2017-07-12 00:00:00-04:00,41.182260896849755,41.81168479483183,40.777631003140975,41.40705490112305,41700,0.0,0.0
2017-07-13 00:00:00-04:00,41.36209716672096,41.721768948900085,41.2272193908827,41.67680740356445,91300,0.0,0.0
2017-07-14 00:00:00-04:00,41.36209832052321,41.36209832052321,40.6877162826886,41.09234619140625,50700,0.0,0.0
2017-07-17 00:00:00-04:00,40.95746272159207,41.496970334956714,40.55283286908958,41.22721481323242,56200,0.0,0.0
2017-07-18 00:00:00-04:00,40.95747185319312,41.31714367562621,40.714693887563485,40.912513732910156,33600,0.0,0.0
2017-07-19 00:00:00-04:00,41.04737811933472,41.227210541740135,40.552828667469036,40.8675422668457,68500,0.0,0.0
2017-07-20 00:00:00-04:00,40.91251336933521,41.16428158475017,40.19317316094625,40.7326774597168,77800,0.0,0.0
2017-07-21 00:00:00-04:00,41.13731093672819,41.299162926295885,40.10325694005513,40.37301254272461,108500,0.0,0.0
2017-07-24 00:00:00-04:00,40.28308296010747,41.047384596265225,38.94331267933126,40.23812484741211,93600,0.0,0.0
2017-07-25 00:00:00-04:00,40.73266806142368,41.94655759870237,40.59779373289309,41.81167984008789,127700,0.0,0.0
2017-07-26 00:00:00-04:00,42.03649266758324,42.39616456511545,41.63186264038086,41.63186264038086,102300,0.0,0.0
2017-07-27 00:00:00-04:00,41.856638647115865,41.856638647115865,40.91250461133267,41.22721481323242,56900,0.0,0.0
2017-07-28 00:00:00-04:00,40.95746041034401,41.901594392849304,40.82258608717683,41.002418518066406,79700,0.0,0.0
2017-07-31 00:00:00-04:00,41.1372938859572,41.2721716313872,40.5977897644043,40.5977897644043,82600,0.0,0.0
2017-08-01 00:00:00-04:00,40.91249993029623,40.91249993029623,40.35501188068042,40.5977897644043,71700,0.0,0.0
2017-08-02 00:00:00-04:00,40.597810093046355,40.73268447592879,39.83350820303815,40.193180084228516,65300,0.0,0.0
2017-08-03 00:00:00-04:00,40.46292879022445,40.867558764143695,39.96838256880537,40.37301254272461,115900,0.0,0.0
2017-08-04 00:00:00-04:00,40.68771706411071,40.73267518147957,40.328045264990855,40.50788116455078,53000,0.0,0.0
2017-08-07 00:00:00-04:00,40.462926871618166,41.09235086452697,40.23813283344251,40.41796875,73300,0.0,0.0
2017-08-08 00:00:00-04:00,40.50789040770613,40.55284853533361,40.01334414363333,40.193180084228516,88800,0.0,0.0
2017-08-09 00:00:00-04:00,39.71585145737474,40.07608732436354,39.53573695934417,39.89596939086914,64700,0.07,0.0
2017-08-10 00:00:00-04:00,39.58077256213343,39.98603712507998,39.445683229329774,39.715858459472656,126700,0.0,0.0
2017-08-11 00:00:00-04:00,39.85094574540111,39.8959743755347,38.95035940087227,38.99538803100586,103600,0.0,0.0
2017-08-14 00:00:00-04:00,39.26555834137066,39.98603007534826,39.17550109235537,39.89596939086914,75800,0.0,0.0
2017-08-15 00:00:00-04:00,40.12111972699449,40.16614835574239,39.715855197335124,39.85094451904297,115100,0.0,0.0
2017-08-16 00:00:00-04:00,40.03105876201153,40.1661446357442,39.80591220365991,39.94099807739258,73000,0.0,0.0
2017-08-17 00:00:00-04:00,39.94100680613207,39.98603887601482,38.90533447265625,38.90533447265625,127200,0.0,0.0
2017-08-18 00:00:00-04:00,38.63515293870084,39.44567853262204,38.59012087615186,39.31059265136719,102900,0.0,0.0
2017-08-21 00:00:00-04:00,39.17550400491062,39.670825782247704,39.08544674919991,39.53573989868164,84200,0.0,0.0
2017-08-22 00:00:00-04:00,39.62580119457984,39.76089052738351,39.35562596443696,39.715858459472656,46000,0.0,0.0
2017-08-23 00:00:00-04:00,39.310604793403236,39.85095535625111,39.17551543495872,39.62580871582031,77600,0.0,0.0
2017-08-24 00:00:00-04:00,39.89597314779086,39.89597314779086,39.400651360635706,39.85094451904297,64000,0.0,0.0
2017-08-25 00:00:00-04:00,40.03106319375572,40.21118114747022,39.805916610478654,40.12112045288086,42200,0.0,0.0
2017-08-28 00:00:00-04:00,40.1661451405672,40.21117720117458,39.670823393061006,40.03105926513672,78100,0.0,0.0
2017-08-29 00:00:00-04:00,39.53575573983273,39.94101698837473,39.53575573983273,39.760902404785156,73100,0.0,0.0
2017-08-30 00:00:00-04:00,39.71585207903271,40.21117726276142,39.625794828607795,40.076087951660156,72800,0.0,0.0
2017-08-31 00:00:00-04:00,40.30123895732634,40.61644280403592,39.986035110616754,40.25621032714844,74500,0.0,0.0
2017-09-01 00:00:00-04:00,40.301235877143014,40.57141107302547,40.256207250406604,40.52638244628906,54300,0.0,0.0
2017-09-05 00:00:00-04:00,40.25620320132829,40.571406992243105,39.26555633544922,39.26555633544922,211200,0.0,0.0
2017-09-06 00:00:00-04:00,39.67082214355469,39.98602938055887,39.35561834201428,39.67082214355469,163800,0.0,0.0
2017-09-07 00:00:00-04:00,39.625793685079714,39.625793685079714,38.22988573099352,38.410003662109375,124100,0.0,0.0
2017-09-08 00:00:00-04:00,38.4100120402568,39.17550912014274,38.31995133732258,38.725215911865234,112900,0.0,0.0
2017-09-11 00:00:00-04:00,39.17551279753564,40.076099298628414,39.130484159573975,39.98604202270508,84200,0.0,0.0
2017-09-12 00:00:00-04:00,40.12112485489245,40.391300097375186,40.12112485489245,40.30124282836914,83000,0.0,0.0
2017-09-13 00:00:00-04:00,39.98603895138338,40.52638943634886,39.98603895138338,40.30124282836914,72800,0.0,0.0
2017-09-14 00:00:00-04:00,40.25621748062257,40.34627475698142,39.98604221608112,40.16615676879883,52000,0.0,0.0
2017-09-15 00:00:00-04:00,40.25621284812318,40.3912987471164,39.8059196472168,39.8059196472168,253200,0.0,0.0
2017-09-18 00:00:00-04:00,39.89597824691273,40.34627146287216,39.355627761947254,40.30124282836914,174600,0.0,0.0
2017-09-19 00:00:00-04:00,40.391300097375186,40.391300097375186,40.16615348939547,40.30124282836914,116400,0.0,0.0
2017-09-20 00:00:00-04:00,40.30123413586226,41.24684899832603,40.256205511071386,41.201820373535156,65900,0.0,0.0
2017-09-21 00:00:00-04:00,39.83293262356456,41.697146035911416,39.83293262356456,41.24685287475586,102800,0.0,0.0
2017-09-22 00:00:00-04:00,41.201821615008036,41.787204061319414,41.06673230110111,41.56205749511719,70200,0.0,0.0
2017-09-25 00:00:00-04:00,41.60709819420485,42.01236281805543,41.47200884109968,41.78721618652344,84800,0.0,0.0
2017-09-26 00:00:00-04:00,41.96732004412778,42.32755593692555,41.6521162145278,42.10240936279297,86400,0.0,0.0
2017-09-27 00:00:00-04:00,42.46264914918447,43.45329279201883,41.29188410797099,43.40826416015625,121900,0.0,0.0
2017-09-28 00:00:00-04:00,43.45329360265829,43.81352953520808,43.003000404703286,43.768497467041016,74800,0.0,0.0
2017-09-29 00:00:00-04:00,43.813526267921915,44.53399464382987,43.813526267921915,43.90358352661133,114200,0.0,0.0
2017-10-02 00:00:00-04:00,44.03866646923314,44.308841641619225,43.40825544335649,44.26381301879883,82000,0.0,0.0
2017-10-03 00:00:00-04:00,44.30884703536758,44.89422607421875,44.08370045839464,44.89422607421875,92500,0.0,0.0
2017-10-04 00:00:00-04:00,44.849206177385945,44.849206177385945,43.49832645255224,43.813533782958984,72800,0.0,0.0
2017-10-05 00:00:00-04:00,43.76849491879176,44.488966741944694,43.76849491879176,44.17375946044922,105000,0.0,0.0
2017-10-06 00:00:00-04:00,44.2638181765244,44.714111328125,44.2638181765244,44.714111328125,55800,0.0,0.0
2017-10-09 00:00:00-04:00,44.71411071258753,44.78615582941051,44.353874822080435,44.533992767333984,51700,0.0,0.0
2017-10-10 00:00:00-04:00,44.849197445916985,44.89422607421875,44.44393292027287,44.89422607421875,57400,0.0,0.0
2017-10-11 00:00:00-04:00,44.93926640458851,45.299498932731716,44.57903044098054,45.119380950927734,52900,0.0,0.0
2017-10-12 00:00:00-04:00,45.20943013108368,45.389548066957296,44.939254945005196,45.0743408203125,57300,0.0,0.0
2017-10-13 00:00:00-04:00,45.029320355459866,45.389556292489345,44.696104346759526,45.20943832397461,48700,0.0,0.0
2017-10-16 00:00:00-04:00,45.254471496891,45.929911369978925,45.20944285911144,45.5246467590332,44400,0.0,0.0
2017-10-17 00:00:00-04:00,45.524644759060465,45.74979137353204,44.579029665372765,44.75914764404297,85900,0.0,0.0
2017-10-18 00:00:00-04:00,44.89422288443888,45.56966256736703,44.53399044815553,45.0743408203125,88000,0.0,0.0
2017-10-19 00:00:00-04:00,44.939262571766655,46.47025669786177,44.939262571766655,46.38019943237305,84600,0.0,0.0
2017-10-20 00:00:00-04:00,46.96557212655955,46.96557212655955,45.52463213232256,45.704750061035156,94000,0.0,0.0
2017-10-23 00:00:00-04:00,46.06499226901574,46.33516748159931,45.0293166127371,45.25446319580078,81700,0.0,0.0
2017-10-24 00:00:00-04:00,45.9298968317473,45.9298968317473,44.35387096006969,44.48896026611328,86700,0.0,0.0
2017-10-25 00:00:00-04:00,44.75914961038616,45.7948220211754,44.75914961038616,45.5246467590332,92800,0.0,0.0
2017-10-26 00:00:00-04:00,45.47960350901035,46.24510041170918,45.10135895063128,45.704750061035156,71500,0.0,0.0
2017-10-27 00:00:00-04:00,45.74979901155329,46.335181681096095,45.29950570743276,46.20009231567383,80000,0.0,0.0
2017-10-30 00:00:00-04:00,45.974932832327546,46.695401230749596,44.200780045362805,44.39890670776367,64400,0.0,0.0
2017-10-31 00:00:00-04:00,44.30885441509981,45.074351530117305,43.45329659301487,44.75914764404297,99900,0.0,0.0
2017-11-01 00:00:00-04:00,45.25446443390549,45.29949306465731,44.08370285703662,44.39890670776367,54700,0.0,0.0
2017-11-02 00:00:00-04:00,44.35387251228191,45.47960531716217,43.72346145445619,45.0743408203125,125900,0.0,0.0
2017-11-03 00:00:00-04:00,44.669079264593655,44.87621713753834,44.53399338039194,44.714111328125,56600,0.0,0.0
2017-11-06 00:00:00-05:00,44.4795395181061,45.02087472965694,44.38931870369936,44.65998458862305,41900,0.09,0.0
2017-11-07 00:00:00-05:00,44.65997645240811,44.65997645240811,43.171309193980036,43.21642303466797,74000,0.0,0.0
2017-11-08 00:00:00-05:00,42.945758262352285,43.03598251148982,42.359316130622695,42.629981994628906,56600,0.0,0.0
2017-11-09 00:00:00-05:00,42.40442343585473,42.49464423669665,41.27664621681604,41.81797790527344,159200,0.0,0.0
2017-11-10 00:00:00-05:00,41.727757057271596,42.53975803074292,41.484156765230196,42.26908874511719,151700,0.0,0.0
2017-11-13 00:00:00-05:00,42.08864585152635,43.306643832638166,41.95331121286822,43.21642303466797,62500,0.0,0.0
2017-11-14 00:00:00-05:00,42.85553571421519,43.66753671495523,42.13375895894797,43.57731246948242,97200,0.0,0.0
2017-11-15 00:00:00-05:00,43.30664607423273,43.82993636631382,42.72020053196296,43.035980224609375,125900,0.0,0.0
2017-11-16 00:00:00-05:00,43.30664123746563,44.02841790308286,43.12619621063566,43.3968620300293,90600,0.0,0.0
2017-11-17 00:00:00-05:00,43.17130004211095,43.93819042909612,42.945744653298036,43.7126350402832,63900,0.0,0.0
2017-11-20 00:00:00-05:00,43.667535973747725,44.65997856518168,43.667535973747725,44.6148681640625,54500,0.0,0.0
2017-11-21 00:00:00-05:00,44.93064281739487,45.1110878571641,44.11864530098764,44.43442153930664,84000,0.0,0.0
2017-11-22 00:00:00-05:00,44.47953134739246,44.56975558692883,44.073530873735876,44.11864471435547,52700,0.0,0.0
2017-11-24 00:00:00-05:00,44.38931506847514,44.38931506847514,43.532203634989635,43.75775909423828,34000,0.0,0.0
2017-11-27 00:00:00-05:00,43.71263947201855,44.16375029537952,43.622415242324884,43.802860260009766,36500,0.0,0.0
2017-11-28 00:00:00-05:00,43.938196489121765,45.336639404296875,43.66753067355603,45.336639404296875,82400,0.0,0.0
2017-11-29 00:00:00-05:00,45.336645224720854,47.005754169745785,44.930644728397674,46.96064376831055,120000,0.0,0.0
2017-11-30 00:00:00-05:00,47.276429879074925,47.36665069419199,45.56220685822277,45.652427673339844,105700,0.0,0.0
2017-12-01 00:00:00-05:00,45.742639848496765,46.0133056640625,43.441975253634155,45.336639404296875,94200,0.0,0.0
2017-12-04 00:00:00-05:00,46.2388693919635,46.9155357733093,45.42686835766725,45.87797927856445,97400,0.0,0.0
2017-12-05 00:00:00-05:00,45.87796880365327,46.1035242126028,45.336637198855364,45.51708221435547,75500,0.0,0.0
2017-12-06 00:00:00-05:00,45.33664384599465,45.83286513009779,45.111088403974776,45.20130920410156,29500,0.0,0.0
2017-12-07 00:00:00-05:00,45.15618991590297,46.103521897581615,44.659968729471515,44.79530334472656,68200,0.0,0.0
2017-12-08 00:00:00-05:00,44.97576159775702,44.97576159775702,44.16376393004102,44.299095153808594,41000,0.0,0.0
2017-12-11 00:00:00-05:00,44.43441995924684,44.43441995924684,43.757753665451204,44.028419494628906,61800,0.0,0.0
2017-12-12 00:00:00-05:00,44.07353089016795,44.569755603545914,43.712644256996406,43.893089294433594,58800,0.0,0.0
2017-12-13 00:00:00-05:00,43.712651910738316,44.11865245563378,43.48709643487455,43.66754150390625,89300,0.0,0.0
2017-12-14 00:00:00-05:00,43.71264271206327,43.71264271206327,42.40442053900863,42.58486557006836,114700,0.0,0.0
2017-12-15 00:00:00-05:00,42.67509363431217,44.524647773908896,42.44953816749054,44.38931655883789,240900,0.0,0.0
2017-12-18 00:00:00-05:00,44.65998458862305,45.42687183619075,44.38931870369936,44.65998458862305,65400,0.0,0.0
2017-12-19 00:00:00-05:00,44.70508192338251,45.336637764663585,43.80286027632452,44.253971099853516,67100,0.0,0.0
2017-12-20 00:00:00-05:00,44.61486496984386,44.88553079888351,43.847974438911635,44.479530334472656,76100,0.0,0.0
2017-12-21 00:00:00-05:00,44.61486495863822,45.11108621870341,44.52464072117917,44.70508575439453,62800,0.0,0.0
2017-12-22 00:00:00-05:00,44.659990193227856,45.11110120528066,44.16376876831055,44.16376876831055,52200,0.0,0.0
2017-12-26 00:00:00-05:00,44.073538607098286,44.43442874516168,43.48709643487455,43.66754150390625,44500,0.0,0.0
2017-12-27 00:00:00-05:00,43.53220307514502,43.93820358491187,43.26153721586816,43.44198226928711,144900,0.0,0.0
2017-12-28 00:00:00-05:00,43.71263947201855,44.14570544944079,43.441973666342456,43.802860260009766,72800,0.0,0.0
2017-12-29 00:00:00-05:00,43.84797287949282,43.98330751005095,43.126196213822254,43.17130661010742,107700,0.0,0.0
2018-01-02 00:00:00-05:00,43.26153624572584,43.6224229027677,43.12620159827074,43.35175704956055,135500,0.0,0.0
2018-01-03 00:00:00-05:00,43.171309193980036,44.208865579151464,42.900643358366615,43.21642303466797,81600,0.0,0.0
2018-01-04 00:00:00-05:00,43.48708626429559,43.893086714237356,43.1713066069175,43.3968620300293,89200,0.0,0.0
2018-01-05 00:00:00-05:00,43.4419812950983,43.66753674638811,43.081091196353384,43.35175704956055,79100,0.0,0.0
2018-01-08 00:00:00-05:00,43.35175262445946,43.487087258100374,42.539755147722076,43.261531829833984,110800,0.0,0.0
2018-01-09 00:00:00-05:00,43.351757081092536,43.847978385950434,43.12620162963867,43.12620162963867,82900,0.0,0.0
2018-01-10 00:00:00-05:00,43.08109216244921,44.02842439076977,41.24055881264159,43.44198226928711,139500,0.0,0.0
2018-01-11 00:00:00-05:00,43.577304911325776,45.67948300324404,43.39685989338005,45.607303619384766,123300,0.0,0.0
2018-01-12 00:00:00-05:00,45.60731667528501,46.23887269803793,45.15620572213343,45.56220626831055,84700,0.0,0.0
2018-01-16 00:00:00-05:00,45.69752882988676,45.87797041000235,45.0208625793457,45.0208625793457,101700,0.0,0.0
2018-01-17 00:00:00-05:00,45.24641641195651,45.968193032254526,44.75019175890562,45.51708221435547,102300,0.0,0.0
2018-01-18 00:00:00-05:00,45.51709212663409,45.60731293318037,44.97575696224696,45.11109161376953,76600,0.0,0.0
2018-01-19 00:00:00-05:00,45.156202493469564,46.013313931514894,44.705091572572364,45.87797927856445,65200,0.0,0.0
2018-01-22 00:00:00-05:00,45.697527229855574,45.87796880365327,45.065971396456405,45.51708221435547,126400,0.0,0.0
2018-01-23 00:00:00-05:00,45.51708221435547,45.968193032254526,44.84041598750688,45.51708221435547,79200,0.0,0.0
2018-01-24 00:00:00-05:00,46.915522969983364,47.59218916666582,46.10352215728352,47.50196838378906,139700,0.0,0.0
2018-01-25 00:00:00-05:00,47.682427414736786,47.77265167236328,47.231316451714854,47.77265167236328,135000,0.0,0.0
2018-01-26 00:00:00-05:00,47.817754574777474,47.817754574777474,46.644866943359375,46.644866943359375,55600,0.0,0.0
2018-01-29 00:00:00-05:00,46.644866943359375,47.09597783557426,46.10353180767973,46.644866943359375,101400,0.0,0.0
2018-01-30 00:00:00-05:00,46.32909274796908,46.7350932874508,46.148651123046875,46.148651123046875,67100,0.0,0.0
2018-01-31 00:00:00-05:00,46.50953521527756,46.599759464399604,45.92309308364862,46.10353469848633,51500,0.0,0.0
2018-02-01 00:00:00-05:00,45.78775400328405,46.464420318603516,45.45393291806991,46.464420318603516,97100,0.0,0.0
2018-02-02 00:00:00-05:00,46.058423696580576,46.726069364599724,45.742647433012614,46.01331329345703,69100,0.0,0.0
2018-02-05 00:00:00-05:00,45.51709621131856,46.19376264624886,44.2088737487793,44.2088737487793,96700,0.0,0.0
2018-02-06 00:00:00-05:00,43.351763003661496,45.10207574875517,43.12620752139301,43.62242889404297,173500,0.0,0.0
2018-02-07 00:00:00-05:00,43.56819967482926,45.22234319597428,43.297029001475245,44.24612808227539,115100,0.09,0.0
2018-02-08 00:00:00-05:00,44.291312590923944,44.291312590923944,43.025845137648986,43.11623764038086,70300,0.0,0.0
2018-02-09 00:00:00-05:00,43.56818516677779,43.56818516677779,42.528693908925085,42.93545150756836,186400,0.0,0.0
2018-02-12 00:00:00-05:00,42.98065032666967,44.020141688436375,42.84506674564883,43.52299499511719,123000,0.0,0.0
2018-02-13 00:00:00-05:00,43.387406365173945,43.839358514811174,43.25181934103428,43.65857696533203,64400,0.0,0.0
2018-02-14 00:00:00-05:00,43.34220506594135,44.42689074517093,43.34220506594135,44.33649826049805,87500,0.0,0.0
2018-02-15 00:00:00-05:00,44.5624748835079,44.96923244956024,43.974939241984096,44.4268913269043,52100,0.0,0.0
2018-02-16 00:00:00-05:00,44.155725850538374,45.82795095677266,44.155725850538374,44.69807052612305,41400,0.0,0.0
2018-02-20 00:00:00-05:00,44.472096863412176,44.472096863412176,43.65858152976497,43.83936309814453,54100,0.0,0.0
2018-02-21 00:00:00-05:00,43.97494896971787,44.83365536252477,42.53774088382084,44.56248474121094,62700,0.0,0.0
2018-02-22 00:00:00-05:00,44.78845792051763,44.78845792051763,43.74897003173828,43.74897003173828,109700,0.0,0.0
2018-02-23 00:00:00-05:00,44.020133184444745,44.42689074517093,43.568181105442484,44.33649826049805,82500,0.0,0.0
2018-02-26 00:00:00-05:00,44.472096433439425,44.815581065227484,44.20092580755267,44.74326705932617,49400,0.0,0.0
2018-02-27 00:00:00-05:00,44.5624802103709,45.240408418788675,43.83935747768284,43.884552001953125,76900,0.0,0.0
2018-02-28 00:00:00-05:00,44.065336506276374,45.538701543652536,43.071043113075625,43.11623764038086,137500,0.0,0.0
2018-03-01 00:00:00-05:00,43.1162373558119,43.65857857613803,43.07104282880495,43.52299499511719,77700,0.0,0.0
2018-03-02 00:00:00-05:00,43.20663470379077,44.381709872146274,42.98065857725617,44.29132080078125,60500,0.0,0.0
2018-03-05 00:00:00-05:00,43.97494896971787,44.78846083365939,43.504918283650504,44.56248474121094,66600,0.0,0.0
2018-03-06 00:00:00-05:00,44.743259193286626,45.24040582803228,44.07436854877941,45.15001678466797,65400,0.0,0.0
2018-03-07 00:00:00-05:00,44.83365853623979,45.64717390589051,44.65288040798121,45.37600326538086,75600,0.0,0.0
2018-03-08 00:00:00-05:00,45.55678701560129,45.55678701560129,44.698077072910735,44.92405319213867,51700,0.0,0.0
2018-03-09 00:00:00-05:00,45.285599106803566,45.87313821690888,44.743257965260874,45.78274917602539,53100,0.0,0.0
2018-03-12 00:00:00-04:00,45.73756241033412,46.55107777002994,44.96924503027164,45.28561019897461,58300,0.0,0.0
2018-03-13 00:00:00-04:00,45.737560078923565,46.0539286796218,44.969242738025024,45.64717102050781,72200,0.0,0.0
2018-03-14 00:00:00-04:00,45.8731469200332,45.91834144904932,43.65858051702798,45.55678176879883,131000,0.0,0.0
2018-03-15 00:00:00-04:00,45.601966857910156,46.09911347041795,45.24040380438404,45.601966857910156,43100,0.0,0.0
2018-03-16 00:00:00-04:00,45.5567723382496,46.189502509739064,45.2855983240446,45.601966857910156,140500,0.0,0.0
2018-03-19 00:00:00-04:00,45.42120340934819,46.05393728079439,45.10483819768618,45.91835021972656,48300,0.0,0.0
2018-03-20 00:00:00-04:00,45.91834398450227,45.96353851601388,45.150026604439795,45.28561019897461,34400,0.0,0.0
2018-03-21 00:00:00-04:00,45.421187362881874,45.601968897731474,45.01442977150053,45.15001678466797,41400,0.0,0.0
2018-03-22 00:00:00-04:00,44.78846053251343,45.014436623442485,44.110532259726284,44.27323532104492,88000,0.0,0.0
2018-03-23 00:00:00-04:00,44.291310880399394,44.291310880399394,42.167137145996094,42.167137145996094,141000,0.0,0.0
2018-03-26 00:00:00-04:00,42.98065032666967,43.595305548704026,42.57389268736438,43.52299499511719,69600,0.0,0.0
2018-03-27 00:00:00-04:00,43.6585828643789,43.974951480744714,42.53774331278123,42.61909484863281,80300,0.0,0.0
2018-03-28 00:00:00-04:00,42.799871973594016,43.70377637386524,42.754677443204784,43.4326057434082,71900,0.0,0.0
2018-03-29 00:00:00-04:00,43.794166663831845,44.11053180864874,43.20662745417593,43.297019958496094,73500,0.0,0.0
2018-04-02 00:00:00-04:00,43.25182277907607,43.568191377842695,42.167140292223465,42.57389450073242,58400,0.0,0.0
2018-04-03 00:00:00-04:00,42.70948074884018,43.34221448659544,42.57389371642067,43.297019958496094,57100,0.0,0.0
2018-04-04 00:00:00-04:00,42.75467089846231,43.83935670237202,42.75467089846231,43.70376968383789,49300,0.0,0.0
2018-04-05 00:00:00-04:00,43.839358740142984,44.78845756963523,43.47779563932629,44.65287399291992,220100,0.0,0.0
2018-04-06 00:00:00-04:00,44.60766694903698,44.74325394630432,42.96256172625483,43.38739776611328,92900,0.0,0.0
2018-04-09 00:00:00-04:00,43.477797306944126,43.74897136701834,43.025845137648986,43.11623764038086,66100,0.0,0.0
2018-04-10 00:00:00-04:00,43.56818764813286,44.29131039350461,43.16143002632337,44.06533432006836,78700,0.0,0.0
2018-04-11 00:00:00-04:00,43.839351663219695,44.42689074517093,43.43259410249352,44.33649826049805,77300,0.0,0.0
2018-04-12 00:00:00-04:00,44.56248568398438,45.150024916029075,44.33650958675512,44.833656311035156,141600,0.0,0.0
2018-04-13 00:00:00-04:00,45.10482973973151,45.10482973973151,44.0201437989533,44.15572738647461,46500,0.0,0.0
2018-04-16 00:00:00-04:00,44.472096433439425,44.83365611858123,44.15572782980356,44.74326705932617,86900,0.0,0.0
2018-04-17 00:00:00-04:00,44.96924807940643,45.276575741894085,44.155732664550285,44.517295837402344,94600,0.0,0.0
2018-04-18 00:00:00-04:00,44.517289455508276,44.74326554411491,44.29131336690163,44.3817024230957,108800,0.0,0.0
2018-04-19 00:00:00-04:00,44.29131505693359,44.969243348621355,44.11053348952587,44.833656311035156,44500,0.0,0.0
2018-04-20 00:00:00-04:00,44.60768021380591,45.330806483436795,44.60768021380591,44.833656311035156,114300,0.0,0.0
2018-04-23 00:00:00-04:00,44.83364623119736,45.64716137757072,44.83364623119736,45.601966857910156,45700,0.0,0.0
2018-04-24 00:00:00-04:00,45.737560409438544,47.1838094913925,45.737560409438544,46.73185729980469,91500,0.0,0.0
2018-04-25 00:00:00-04:00,46.82224686321202,47.04822296144,46.27990560671353,46.415489196777344,95500,0.0,0.0
2018-04-26 00:00:00-04:00,46.14432398715265,46.551081701351976,45.96354239771717,46.279911041259766,64700,0.0,0.0
2018-04-27 00:00:00-04:00,46.23471213933796,46.82224793936148,46.00873603591621,46.18951416015625,60700,0.0,0.0
2018-04-30 00:00:00-04:00,46.23471260132697,46.32510166435018,45.28561019897461,45.28561019897461,66300,0.0,0.0
2018-05-01 00:00:00-04:00,45.2856098767572,45.873149126592786,44.74326860623336,45.69236755371094,104100,0.0,0.0
2018-05-02 00:00:00-04:00,45.737565202787714,46.59627514642267,45.33081094622763,46.50588607788086,76300,0.0,0.0
2018-05-03 00:00:00-04:00,46.279895797126336,46.957823948115134,45.60196764613754,45.78274917602539,39400,0.0,0.0
2018-05-04 00:00:00-04:00,45.55678081396993,47.04822092897186,43.93879119300508,46.37029266357422,65500,0.0,0.0
2018-05-07 00:00:00-04:00,46.37028663053128,46.532989668907824,45.466382394270944,46.234703063964844,41600,0.0,0.0
2018-05-08 00:00:00-04:00,46.279909958404396,46.86744580017004,45.91834678799327,46.50588607788086,54200,0.0,0.0
2018-05-09 00:00:00-04:00,46.55107573354525,46.9578333955986,46.3702941672858,46.73185729980469,43100,0.0,0.0
2018-05-10 00:00:00-04:00,46.83150000075643,47.01266703347463,46.45104888650084,46.78620910644531,70700,0.11,0.0
2018-05-11 00:00:00-04:00,46.87679133368927,47.14854015757243,46.46916637012765,46.650333404541016,46400,0.0,0.0
2018-05-14 00:00:00-04:00,46.65033509183034,46.92208392554234,45.472754508762414,46.24271011352539,41000,0.0,0.0
2018-05-15 00:00:00-04:00,46.01624138922169,46.605033270470095,45.74449261921208,46.423866271972656,64200,0.0,0.0
2018-05-16 00:00:00-04:00,46.42386989590164,47.012661823112175,46.33328811731849,46.740909576416016,57400,0.0,0.0
2018-05-17 00:00:00-04:00,46.55974400559163,47.35687329797376,46.55974400559163,47.28440856933594,100000,0.0,0.0
2018-05-18 00:00:00-04:00,47.46557557414032,47.78261524094307,47.05795067719877,47.28440856933594,114600,0.0,0.0
2018-05-21 00:00:00-04:00,47.37499658412145,47.91849767012323,47.103247768857386,47.80979537963867,48800,0.0,0.0
2018-05-22 00:00:00-04:00,48.009081663097824,48.19024870009107,47.60145669373147,47.64674758911133,57100,0.0,0.0
2018-05-23 00:00:00-04:00,47.55616735874973,47.963792341490944,47.55616735874973,47.873207092285156,51400,0.0,0.0
2018-05-24 00:00:00-04:00,47.782622853800184,47.963789887468586,47.05795817460034,47.91849899291992,47900,0.0,0.0
2018-05-25 00:00:00-04:00,47.82791036766566,48.0090773885284,47.13041958340192,47.78261947631836,29900,0.0,0.0
2018-05-29 00:00:00-04:00,47.23911768200315,47.82790612827586,46.7862018977288,47.28440856933594,51200,0.0,0.0
2018-05-30 00:00:00-04:00,47.556161934974796,48.41670269917857,46.9673699764476,48.280826568603516,115600,0.0,0.0
2018-05-31 00:00:00-04:00,48.23554187794455,48.55258161607947,47.37500100311178,47.420291900634766,115900,0.0,0.0
2018-06-01 00:00:00-04:00,47.646740552019715,48.23553247141885,47.646740552019715,47.82790756225586,145600,0.0,0.0
2018-06-04 00:00:00-04:00,48.05436444301533,48.68844723767034,47.78261566115554,48.41669845581055,99500,0.0,0.0
2018-06-05 00:00:00-04:00,48.416701260227505,49.41311466991925,47.82790931919928,48.37141036987305,61400,0.0,0.0
2018-06-06 00:00:00-04:00,48.50728952395494,49.59428831510686,48.37141683473214,49.458412170410156,176200,0.0,0.0
2018-06-07 00:00:00-04:00,49.50370551622352,49.684869098172115,48.78809761891553,49.41312026977539,75400,0.0,0.0
2018-06-08 00:00:00-04:00,49.277243199470526,49.68486467806554,48.96020004831787,49.23194885253906,59400,0.0,0.0
2018-06-11 00:00:00-04:00,49.05078840259071,49.494644004736806,48.14495669399605,48.235538482666016,70100,0.0,0.0
2018-06-12 00:00:00-04:00,48.416703559201544,48.416703559201544,47.37499575421841,47.51087188720703,75400,0.0,0.0
2018-06-13 00:00:00-04:00,47.46558142661062,47.827912025421256,47.0126655864921,47.374996185302734,87200,0.0,0.0
2018-06-14 00:00:00-04:00,47.87319883408742,49.00548833778365,47.148534242816496,48.96019744873047,222200,0.0,0.0
2018-06-15 00:00:00-04:00,49.00549093977582,49.23194885253906,48.37141154841756,49.23194885253906,215500,0.0,0.0
2018-06-18 00:00:00-04:00,48.8696237226468,49.86603726788462,48.68845668111068,49.775455474853516,115400,0.0,0.0
2018-06-19 00:00:00-04:00,49.775450016285795,50.27365673426944,49.503701211519584,50.183074951171875,148000,0.0,0.0
2018-06-20 00:00:00-04:00,50.04719325167845,50.998315690253726,50.04719325167845,50.90773391723633,85300,0.0,0.0
2018-06-21 00:00:00-04:00,50.95303005967927,51.36065499125141,50.50011423692657,50.81715393066406,86200,0.0,0.0
2018-06-22 00:00:00-04:00,51.04361184204041,51.22477886223619,50.16495749562215,50.81715393066406,210500,0.0,0.0
2018-06-25 00:00:00-04:00,50.590697076353294,50.70845616026209,49.59428362766722,49.730159759521484,117600,0.0,0.0
2018-06-26 00:00:00-04:00,49.956617037954445,50.45482375593809,49.503701211519584,50.183074951171875,59400,0.0,0.0
2018-06-27 00:00:00-04:00,50.04720468334404,50.04720468334404,48.733747941736155,48.82433319091797,81900,0.0,0.0
2018-06-28 00:00:00-04:00,48.779028417631395,49.141362426003184,48.779028417631395,48.86961364746094,52800,0.0,0.0
2018-06-29 00:00:00-04:00,48.960200310531725,49.30441730730794,48.1902447852025,48.280826568603516,101900,0.0,0.0
2018-07-02 00:00:00-04:00,48.14495341774421,49.27724297643553,47.9637863972589,49.050785064697266,79700,0.0,0.0
2018-07-03 00:00:00-04:00,49.141362426003184,49.32252943018908,48.86961364746094,48.86961364746094,52200,0.0,0.0
2018-07-05 00:00:00-04:00,48.824329590007984,49.14136930007707,48.59787166696615,49.0054931640625,94000,0.0,0.0
2018-07-06 00:00:00-04:00,48.914909156859935,49.413115873844355,48.86961826540199,49.23194885253906,74000,0.0,0.0
2018-07-09 00:00:00-04:00,49.50370428145687,49.82074399743286,49.05078842693475,49.68486785888672,107700,0.0,0.0
2018-07-10 00:00:00-04:00,49.73015432573904,49.73015432573904,48.68844664327504,48.86961364746094,65400,0.0,0.0
2018-07-11 00:00:00-04:00,48.77903747558594,49.23195334241765,48.10872392774035,48.77903747558594,155400,0.0,0.0
2018-07-12 00:00:00-04:00,49.00548465630668,49.09606988308127,47.96378046444689,48.009071350097656,219000,0.0,0.0
2018-07-13 00:00:00-04:00,48.009079196590726,48.23553711732936,47.64674514121945,47.692039489746094,119900,0.0,0.0
2018-07-16 00:00:00-04:00,47.827921875636896,48.9420946571368,47.827921875636896,48.914920806884766,218100,0.0,0.0
2018-07-17 00:00:00-04:00,49.00549540900179,49.367829484656696,48.760923881729646,48.77903747558594,68900,0.0,0.0
2018-07-18 00:00:00-04:00,48.77903280623255,49.14136684720317,48.643160132473696,49.050785064697266,85300,0.0,0.0
2018-07-19 00:00:00-04:00,48.91490453463911,49.05078065164683,48.59786486891869,48.86961364746094,88100,0.0,0.0
2018-07-20 00:00:00-04:00,48.82434052895768,49.277256476515824,48.82434052895768,49.141380310058594,110900,0.0,0.0
2018-07-23 00:00:00-04:00,49.0054887122558,50.228363458876245,48.91490693345726,50.09248733520508,237000,0.0,0.0
2018-07-24 00:00:00-04:00,51.632398467794964,52.04002335731955,50.09248413818715,50.90773391723633,327000,0.0,0.0
2018-07-25 00:00:00-04:00,51.17948490208181,51.451233688343336,50.54540209715605,51.31536102294922,239200,0.0,0.0
2018-07-26 00:00:00-04:00,51.40594641367595,52.26648717689386,51.40594641367595,51.63240432739258,88900,0.0,0.0
2018-07-27 00:00:00-04:00,51.58710758128626,51.632398467794964,50.862443030727626,50.90773391723633,83100,0.0,0.0
2018-07-30 00:00:00-04:00,50.95302480374503,51.22477357827037,50.862443030727626,50.90773391723633,71900,0.0,0.0
2018-07-31 00:00:00-04:00,51.13419881920195,51.36065673828125,50.90774090012264,51.36065673828125,95400,0.0,0.0
2018-08-01 00:00:00-04:00,51.58712135490915,52.22120430174883,50.90774750946822,52.130619049072266,125000,0.0,0.0
2018-08-02 00:00:00-04:00,51.94943797391917,52.085314088513236,51.4784086090655,51.858856201171875,131200,0.0,0.0
2018-08-03 00:00:00-04:00,51.94945444132228,52.130621499717954,50.36424872744005,50.454833984375,67800,0.0,0.0
2018-08-06 00:00:00-04:00,50.40954536248404,50.50012716803965,50.00192032653503,50.22837829589844,93800,0.0,0.0
2018-08-07 00:00:00-04:00,50.36424097480417,50.54540800531255,49.86603423251138,50.13778305053711,62700,0.0,0.0
2018-08-08 00:00:00-04:00,48.91490576684719,48.91490576684719,45.744495207884874,46.0615348815918,1080900,0.0,0.0
2018-08-09 00:00:00-04:00,46.29755016289022,46.38832828782814,45.480533186595,45.79826354980469,536800,0.11,0.0
2018-08-10 00:00:00-04:00,45.75288992606904,46.9784123410854,45.389770377860295,45.88905715942383,583600,0.0,0.0
2018-08-13 00:00:00-04:00,45.93444230277478,46.29756181988116,45.16281765762917,45.298988342285156,386600,0.0,0.0
2018-08-14 00:00:00-04:00,45.48054759871546,45.979837832982255,45.29899129130709,45.61671829223633,405900,0.0,0.0
2018-08-15 00:00:00-04:00,45.525942475238935,45.84366949247613,44.89048497779978,45.25360107421875,470400,0.0,0.0
2018-08-16 00:00:00-04:00,45.389766490079566,45.75288600718595,45.19005040937462,45.298988342285156,192300,0.0,0.0
2018-08-17 00:00:00-04:00,45.162816134366125,45.48054310389456,44.79969662950713,44.93586730957031,162100,0.0,0.0
2018-08-20 00:00:00-04:00,45.07203597110507,45.2989847857371,44.663527412174616,44.89047622680664,167700,0.0,0.0
2018-08-21 00:00:00-04:00,45.02666137207859,45.934456992184735,44.98127228366638,45.7075080871582,213400,0.0,0.0
2018-08-22 00:00:00-04:00,45.662107369088424,45.7528889857572,45.29899129130709,45.61671829223633,128700,0.0,0.0
2018-08-23 00:00:00-04:00,45.571322670702706,45.571322670702706,44.79969462317538,44.89047622680664,184000,0.0,0.0
2018-08-24 00:00:00-04:00,45.02664852363675,45.1900519656656,44.66353245698945,44.754310607910156,119400,0.0,0.0
2018-08-27 00:00:00-04:00,44.84509786100985,45.16282489215057,44.57275644807218,44.708927154541016,157700,0.0,0.0
2018-08-28 00:00:00-04:00,44.52736644781571,44.84509693536308,44.073468719575054,44.436588287353516,108400,0.0,0.0
2018-08-29 00:00:00-04:00,44.43659010137111,44.572757347623096,43.982692354601156,44.39120101928711,142300,0.0,0.0
2018-08-30 00:00:00-04:00,44.39119186489687,44.61814069148026,43.96452696277153,44.028072357177734,124200,0.0,0.0
2018-08-31 00:00:00-04:00,44.07346998313296,44.481978642854195,43.846521112506146,44.300418853759766,161200,0.0,0.0
2018-09-04 00:00:00-04:00,44.255030310070126,44.98126601230905,43.89191072746817,44.39120101928711,220400,0.0,0.0
2018-09-05 00:00:00-04:00,44.48197461573584,44.618145310969865,44.02807691557527,44.20963668823242,119300,0.0,0.0
2018-09-06 00:00:00-04:00,44.16424961203638,44.61814733276454,43.98268983115216,44.255027770996094,149100,0.0,0.0
2018-09-07 00:00:00-04:00,44.20963457857919,44.708921332337276,43.98268573932875,44.66353225708008,108400,0.0,0.0
2018-09-10 00:00:00-04:00,44.79969462317538,44.89047622680664,44.52735673820977,44.89047622680664,101100,0.0,0.0
2018-09-11 00:00:00-04:00,44.663527412174616,45.4169956760116,44.663527412174616,44.89047622680664,151700,0.0,0.0
2018-09-12 00:00:00-04:00,44.79970243108968,45.16282198297282,44.34580472271809,44.98126220703125,184800,0.0,0.0
2018-09-13 00:00:00-04:00,45.026645808958946,45.162816490094684,43.93729421173009,44.028072357177734,116700,0.0,0.0
2018-09-14 00:00:00-04:00,44.02807891063201,44.52736571084004,41.50440869153215,44.255027770996094,96200,0.0,0.0
2018-09-17 00:00:00-04:00,44.20963701319132,44.2822588450092,43.57417953570272,43.80112838745117,141500,0.0,0.0
2018-09-18 00:00:00-04:00,43.80113310840159,43.9373038193132,43.43801352128064,43.48340606689453,153100,0.0,0.0
2018-09-19 00:00:00-04:00,43.34723300905084,43.755741656702924,42.938724361398755,43.438011169433594,192600,0.0,0.0
2018-09-20 00:00:00-04:00,43.52879676550419,44.20964341940791,43.392626049537384,43.93730545043945,164800,0.0,0.0
2018-09-21 00:00:00-04:00,43.84651943099522,44.48197693697352,43.25645446777344,43.25645446777344,458800,0.0,0.0
2018-09-24 00:00:00-04:00,43.438011169433594,43.755741656702924,43.120284145129105,43.438011169433594,246200,0.0,0.0
2018-09-25 00:00:00-04:00,43.483398737633166,43.483398737633166,43.02950106172035,43.07489013671875,130300,0.0,0.0
2018-09-26 00:00:00-04:00,43.211064660510964,43.438013536801385,42.48482894897461,42.48482894897461,220000,0.0,0.0
2018-09-27 00:00:00-04:00,42.53021784554395,43.12028630650316,42.12171264038067,42.39405059814453,268300,0.0,0.0
2018-09-28 00:00:00-04:00,42.348661152226526,42.893337063079635,42.348661152226526,42.80255889892578,238200,0.0,0.0
2018-10-01 00:00:00-04:00,42.93872966455745,42.97504231838129,41.976468578982505,42.058170318603516,128000,0.0,0.0
2018-10-02 00:00:00-04:00,42.094479138944536,42.26696251160695,41.66781758064832,42.18526077270508,179800,0.0,0.0
2018-10-03 00:00:00-04:00,42.312345853197314,43.73758441159509,42.158018828236564,43.44709014892578,182700,0.0,0.0
2018-10-04 00:00:00-04:00,43.43800841986869,43.78297164082419,43.03857969131706,43.2110595703125,134800,0.0,0.0
2018-10-05 00:00:00-04:00,43.201985482957795,43.36538894053709,42.60284062615531,42.97503662109375,191700,0.0,0.0
2018-10-08 00:00:00-04:00,43.00225989742357,43.67402990416806,42.711765695308124,43.51970291137695,158200,0.0,0.0
2018-10-09 00:00:00-04:00,43.401700543134595,43.846518362403295,43.29276259873168,43.637725830078125,228100,0.0,0.0
2018-10-10 00:00:00-04:00,43.501551498126595,44.45473938574287,43.501551498126595,43.57417678833008,159700,0.0,0.0
2018-10-11 00:00:00-04:00,44.84509222072316,44.84509222072316,42.303262439430426,42.32141876220703,182600,0.0,0.0
2018-10-12 00:00:00-04:00,42.775306224744305,42.775306224744305,40.03376447372581,40.62383270263672,335300,0.0,0.0
2018-10-15 00:00:00-04:00,40.623857192975215,41.09591136809193,40.37875194072428,40.79633712768555,316900,0.0,0.0
2018-10-16 00:00:00-04:00,41.05051114363351,41.277460004953085,40.3333519107521,41.104976654052734,208500,0.0,0.0
2018-10-17 00:00:00-04:00,41.095895697870226,41.61333876766142,40.74185606727251,41.204830169677734,125900,0.0,0.0
2018-10-18 00:00:00-04:00,41.30469383780989,41.740435247356274,40.69647253582793,40.72370529174805,262400,0.0,0.0
2018-10-19 00:00:00-04:00,40.605691436960214,40.92342193299047,39.443714329789955,39.53449249267578,336600,0.0,0.0
2018-10-22 00:00:00-04:00,39.53448842650944,40.24257118345854,38.64484936246197,39.00796890258789,290000,0.0,0.0
2018-10-23 00:00:00-04:00,39.32569383312765,39.507253593634495,37.637193947453476,38.68115997314453,229400,0.0,0.0
2018-10-24 00:00:00-04:00,38.218177420733355,38.690231351231496,36.34812148168128,36.41166687011719,238500,0.0,0.0
2018-10-25 00:00:00-04:00,36.62954675952188,38.58130845477285,36.38444502380663,38.190956115722656,407700,0.0,0.0
2018-10-26 00:00:00-04:00,37.91860539446937,38.39973573565837,37.59179857292068,37.764278411865234,266100,0.0,0.0
2018-10-29 00:00:00-04:00,38.24542119724683,39.38016544800688,37.873225221516115,39.253074645996094,237900,0.0,0.0
2018-10-30 00:00:00-04:00,39.24400113359865,39.57080808502898,38.52684181940044,38.98073959350586,271500,0.0,0.0
2018-10-31 00:00:00-04:00,39.25308474276766,39.89761881187644,38.55408168894449,38.60854721069336,279900,0.0,0.0
2018-11-01 00:00:00-04:00,38.83547066736837,39.39830608498476,38.59036559123799,38.880863189697266,231000,0.0,0.0
2018-11-02 00:00:00-04:00,38.95349552313441,39.234913308023664,38.327118023436086,38.76285934448242,106600,0.0,0.0
2018-11-05 00:00:00-05:00,38.872085952733556,38.99950502143878,37.998352219975565,38.37150955200195,153800,0.11,0.0
2018-11-06 00:00:00-05:00,38.38061076795997,39.38176707633499,38.08936618019143,39.154232025146484,113800,0.0,0.0
2018-11-07 00:00:00-05:00,39.19973873016476,39.70941849977431,38.626349423342695,39.60930252075195,135100,0.0,0.0
2018-11-08 00:00:00-05:00,39.527388148478934,40.06437099156273,39.381765859095665,39.8459358215332,85600,0.0,0.0
2018-11-09 00:00:00-05:00,39.64569366113845,40.02795073687984,38.98129197812982,39.31804275512695,111600,0.0,0.0
2018-11-12 00:00:00-05:00,39.32714513812231,39.80952165696558,39.13601658804334,39.19972610473633,87100,0.0,0.0
2018-11-13 00:00:00-05:00,39.30893247146569,40.09165317053103,38.963081884549666,38.981285095214844,122000,0.0,0.0
2018-11-14 00:00:00-05:00,39.19064644385467,39.29986231852143,37.57969753690215,37.9073486328125,136800,0.0,0.0
2018-11-15 00:00:00-05:00,37.90733360217573,38.50802588252753,37.670695250332145,38.28049087524414,225800,0.0,0.0
2018-11-16 00:00:00-05:00,38.016550900587596,38.33509853431355,37.81631897544054,38.27138900756836,109400,0.0,0.0
2018-11-19 00:00:00-05:00,38.1621704251663,38.69004981904644,37.61608781468221,37.87092590332031,136700,0.0,0.0
2018-11-20 00:00:00-05:00,37.634295849294666,37.93464378155623,36.81517175313549,37.16102600097656,131900,0.0,0.0
2018-11-21 00:00:00-05:00,37.170120756502534,37.9073354662398,36.733253937664884,37.188323974609375,65700,0.0,0.0
2018-11-23 00:00:00-05:00,36.91528239924787,37.515974705109635,36.72415034636231,37.10641098022461,30000,0.0,0.0
2018-11-26 00:00:00-05:00,37.36124801635742,37.816318037194684,37.14281635062443,37.36124801635742,94800,0.0,0.0
2018-11-27 00:00:00-05:00,37.26112772554739,37.49776605314807,36.81516110122878,36.90617370605469,73000,0.0,0.0
2018-11-28 00:00:00-05:00,36.9152773164313,37.625185360546475,36.46020734519678,37.57057571411133,170100,0.0,0.0
2018-11-29 00:00:00-05:00,37.43405431971698,38.08025280269496,37.179212791853175,37.83451461791992,169100,0.0,0.0
2018-11-30 00:00:00-05:00,37.7890163951964,38.67185338046567,37.7890163951964,38.28959274291992,195500,0.0,0.0
2018-12-03 00:00:00-05:00,38.68094528815177,38.69914850256341,37.90732777115199,38.353294372558594,253500,0.0,0.0
2018-12-04 00:00:00-05:00,38.19858444420727,38.38060970257788,35.83221789438766,35.89592742919922,234000,0.0,0.0
2018-12-06 00:00:00-05:00,35.35893084979607,36.023335978026076,34.55801030272466,36.01423263549805,185300,0.0,0.0
2018-12-07 00:00:00-05:00,36.01424757655189,36.38740492112926,35.732102863565345,36.22357940673828,152000,0.0,0.0
2018-12-10 00:00:00-05:00,36.01424830266076,36.35099921262754,35.14051452289913,35.513671875,203100,0.0,0.0
2018-12-11 00:00:00-05:00,35.9232357748248,36.50572496304468,35.46816566253935,36.03245162963867,173900,0.0,0.0
2018-12-12 00:00:00-05:00,36.2690793723799,36.82426535484383,35.94143187287329,36.34189224243164,240200,0.0,0.0
2018-12-13 00:00:00-05:00,36.35098978730797,36.35098978730797,35.65018158152922,36.041542053222656,220300,0.0,0.0
2018-12-14 00:00:00-05:00,35.85952623685759,36.66955048122019,35.76851013125484,36.03245162963867,270300,0.0,0.0
2018-12-17 00:00:00-05:00,35.79581827879316,36.487523352356355,35.65019250340135,35.94144058227539,230400,0.0,0.0
2018-12-18 00:00:00-05:00,36.21447331345079,36.56942737637402,35.113204689532886,35.17691421508789,315500,0.0,0.0
2018-12-19 00:00:00-05:00,35.25883168039073,35.41355384262928,34.130256343008526,34.3395881652832,178200,0.0,0.0
2018-12-20 00:00:00-05:00,34.339574679151575,34.903860390276954,33.84809834757083,34.03923034667969,277800,0.0,0.0
2018-12-21 00:00:00-05:00,34.011919760627364,34.658121589008374,33.38392461485963,33.53864669799805,406600,0.0,0.0
2018-12-24 00:00:00-05:00,33.35663582298635,33.85721218014133,30.717228162483458,33.12910079956055,95900,0.0,0.0
2018-12-26 00:00:00-05:00,33.302018572241586,34.18485537279481,32.91065814345458,34.1484489440918,190300,0.0,0.0
2018-12-27 00:00:00-05:00,33.56596544796964,34.22126391197957,32.992576254040834,33.93001937866211,283000,0.0,0.0
2018-12-28 00:00:00-05:00,33.95732471039664,34.63082636732797,33.62967375430742,34.166656494140625,124500,0.0,0.0
2018-12-31 00:00:00-05:00,34.17576313309079,34.56712368902764,33.79350592324136,34.503414154052734,125000,0.0,0.0
2019-01-02 00:00:00-05:00,34.26677241071525,34.92207085023722,34.093843588582985,34.89476776123047,165900,0.0,0.0
2019-01-03 00:00:00-05:00,34.85835452002594,35.74119125918204,34.53980697079843,35.140499114990234,145500,0.0,0.0
2019-01-04 00:00:00-05:00,35.468159222265115,36.27818331954432,35.14050824540863,35.63198471069336,178300,0.0,0.0
2019-01-07 00:00:00-05:00,35.63198848936229,35.81401374300022,35.258831164349886,35.42265319824219,147600,0.0,0.0
2019-01-08 00:00:00-05:00,35.69569286369978,36.59672954347892,35.42264807888559,36.53302001953125,173800,0.0,0.0
2019-01-09 00:00:00-05:00,36.66954475795155,36.91528299686076,36.187168153318396,36.5421257019043,170100,0.0,0.0
2019-01-10 00:00:00-05:00,36.54213165508175,36.92438888549805,36.21448061649094,36.92438888549805,145400,0.0,0.0
2019-01-11 00:00:00-05:00,36.72414449755852,36.96988269335249,36.55121916210718,36.59672546386719,129200,0.0,0.0
2019-01-14 00:00:00-05:00,36.4146998175616,36.89707637773352,36.34189042306362,36.350990295410156,144800,0.0,0.0
2019-01-15 00:00:00-05:00,36.32369055445981,36.56942879336903,35.86862051320028,36.5421257019043,121100,0.0,0.0
2019-01-16 00:00:00-05:00,36.76966039326254,37.26113339477096,36.705950865809434,37.042701721191406,71700,0.0,0.0
2019-01-17 00:00:00-05:00,37.03359196672748,37.288433504343004,36.85156676088414,37.0973014831543,86400,0.0,0.0
2019-01-18 00:00:00-05:00,37.04269541595199,37.83451617373822,36.82426030764462,37.74350357055664,199100,0.0,0.0
2019-01-22 00:00:00-05:00,37.561473070733236,38.04384609363772,37.15190943246145,37.60697937011719,222400,0.0,0.0
2019-01-23 00:00:00-05:00,36.660442281010845,40.710566438513204,36.660442281010845,39.136024475097656,451700,0.0,0.0
2019-01-24 00:00:00-05:00,38.94489158253695,39.19062980010791,38.14396740733254,38.97219467163086,278500,0.0,0.0
2019-01-25 00:00:00-05:00,39.15420610033955,39.35443792381881,38.68093309060216,38.690032958984375,181200,0.0,0.0
2019-01-28 00:00:00-05:00,38.43521799052621,38.88118819018863,38.19858307995026,38.626346588134766,115900,0.0,0.0
2019-01-29 00:00:00-05:00,38.626340523020936,38.953991479993014,38.48982160555496,38.53532791137695,75200,0.0,0.0
2019-01-30 00:00:00-05:00,38.61723838991274,38.75376077129509,38.04384924877861,38.29869079589844,105000,0.0,0.0
2019-01-31 00:00:00-05:00,38.17128337955041,38.50803779427279,37.898241980731804,38.380615234375,126600,0.0,0.0
2019-02-01 00:00:00-05:00,38.40791588714752,38.93579538061264,38.025655210167955,38.80837631225586,135900,0.0,0.0
2019-02-04 00:00:00-05:00,38.79926656252278,39.30894270622083,38.71735382915583,39.299842834472656,151400,0.0,0.0
2019-02-05 00:00:00-05:00,39.35445248068674,39.40905865499248,38.75376025996522,39.299842834472656,149300,0.0,0.0
2019-02-06 00:00:00-05:00,39.290746107348674,39.37265885450967,38.80837296957222,39.117820739746094,167100,0.0,0.0
2019-02-07 00:00:00-05:00,39.099574775557116,39.51931616163744,38.807582886607776,39.26382064819336,194800,0.11,0.0
2019-02-08 00:00:00-05:00,39.099561681042296,39.4645531604016,38.469955034005054,38.48820495605469,126500,0.0,0.0
2019-02-11 00:00:00-05:00,38.47907825462151,38.6524507736847,38.07759041197965,38.48820495605469,144200,0.0,0.0
2019-02-12 00:00:00-05:00,38.51558449257794,39.02657195234513,38.40608842291972,38.54296112060547,221300,0.0,0.0
2019-02-13 00:00:00-05:00,38.579458855880056,38.771081335588086,38.29659370917984,38.406089782714844,122800,0.0,0.0
2019-02-14 00:00:00-05:00,38.21447710522142,38.40609613580945,37.42062086852589,37.7764892578125,220100,0.0,0.0
2019-02-15 00:00:00-05:00,37.9498482238435,39.16343857425461,37.9498482238435,39.02656936645508,181400,0.0,0.0
2019-02-19 00:00:00-05:00,38.81670071236814,39.67442625486293,38.58858188375406,39.40068435668945,87000,0.0,0.0
2019-02-20 00:00:00-05:00,39.3915547230916,39.993791727403654,39.209062458433586,39.90254211425781,86300,0.0,0.0
2019-02-21 00:00:00-05:00,39.92991937095254,40.103291913380225,39.519308252358336,39.9664192199707,182000,0.0,0.0
2019-02-22 00:00:00-05:00,40.02117355302529,40.61428050346455,39.710931762660074,40.24016571044922,179300,0.0,0.0
2019-02-25 00:00:00-05:00,40.377025275394836,40.60514406226147,39.647045853584885,39.69266891479492,110700,0.0,0.0
2019-02-26 00:00:00-05:00,39.619673751459,40.05766493532127,38.78932141178222,39.73829650878906,121500,0.0,0.0
2019-02-27 00:00:00-05:00,39.74742899484289,40.39528568232647,39.628806220250134,40.20366668701172,270100,0.0,0.0
2019-02-28 00:00:00-05:00,40.212780506354015,40.212780506354015,39.36417831888297,39.49192428588867,710200,0.0,0.0
2019-03-01 00:00:00-05:00,39.765679382102185,39.957298379642566,38.04109796178658,39.10869598388672,1450100,0.0,0.0
2019-03-04 00:00:00-05:00,39.19993968688637,41.180012980462344,39.19993968688637,40.5869026184082,833200,0.0,0.0
2019-03-05 00:00:00-05:00,40.386156390318234,40.46827930887693,39.61055375567726,40.1489143371582,624400,0.0,0.0
2019-03-06 00:00:00-05:00,40.14891449317823,40.55040238501584,39.19081609348173,39.21818923950195,452900,0.0,0.0
2019-03-07 00:00:00-05:00,39.14518970276234,39.1816860674212,38.02284207969396,38.26921081542969,411900,0.0,0.0
2019-03-08 00:00:00-05:00,38.04109917435908,38.460840514830245,37.93160309810541,38.28746795654297,286800,0.0,0.0
2019-03-11 00:00:00-04:00,38.342213271472545,38.72545123415453,38.232717207965855,38.4699592590332,358100,0.0,0.0
2019-03-12 00:00:00-04:00,38.46996067481616,38.86232535437359,37.96809992772233,38.56120681762695,231400,0.0,0.0
2019-03-13 00:00:00-04:00,38.61595452871952,39.52842983134676,38.47908184099862,38.6524543762207,549100,0.0,0.0
2019-03-14 00:00:00-04:00,38.74370411673552,39.008322814499046,38.232720127473385,38.278343200683594,444300,0.0,0.0
2019-03-15 00:00:00-04:00,38.32395928983284,38.55207809512947,37.39323414652461,37.47535705566406,910500,0.0,0.0
2019-03-18 00:00:00-04:00,37.493609963402726,38.442585104399605,37.44798689487378,38.3604621887207,436900,0.0,0.0
2019-03-19 00:00:00-04:00,38.415209634429445,38.415209634429445,37.42061139497908,37.53923416137695,440500,0.0,0.0
2019-03-20 00:00:00-04:00,37.54835382394036,37.72172284938851,36.68150173506667,36.73624801635742,176600,0.0,0.0
2019-03-21 00:00:00-04:00,36.49901139432638,36.67238044535532,35.933277692343076,36.37126541137695,273800,0.0,0.0
2019-03-22 00:00:00-04:00,36.061037187577966,36.11578697827864,34.11746312793256,34.226959228515625,256600,0.0,0.0
2019-03-25 00:00:00-04:00,34.21782941296016,34.60106743159286,33.934960770052015,34.272579193115234,230900,0.0,0.0
2019-03-26 00:00:00-04:00,34.51894402613144,35.440542594463295,34.281698486802746,35.431419372558594,260800,0.0,0.0
2019-03-27 00:00:00-04:00,35.28541759314473,35.63215917600456,35.02992562725694,35.52266311645508,315400,0.0,0.0
2019-03-28 00:00:00-04:00,35.47704444069779,35.851159214558926,35.075553037947124,35.650413513183594,184500,0.0,0.0
2019-03-29 00:00:00-04:00,35.83290645122509,35.98802558577282,35.002554044226315,35.2215461730957,136200,0.0,0.0
2019-04-01 00:00:00-04:00,35.47704361769609,36.115777077495025,35.32192099364532,35.686912536621094,143900,0.0,0.0
2019-04-02 00:00:00-04:00,35.686907048164024,35.87852601238853,35.30366563889823,35.82377624511719,190400,0.0,0.0
2019-04-03 00:00:00-04:00,36.09753132612411,36.42601957580372,35.77816281888827,35.97890853881836,127700,0.0,0.0
2019-04-04 00:00:00-04:00,35.93328690835858,36.99175837103359,35.87853712413099,36.754512786865234,187900,0.0,0.0
2019-04-05 00:00:00-04:00,36.76363550995204,37.384119074063946,36.48076687663654,37.37499237060547,220200,0.0,0.0
2019-04-08 00:00:00-04:00,37.20162738890236,37.92248388550177,37.055631444853425,37.666988372802734,219200,0.0,0.0
2019-04-09 00:00:00-04:00,37.58486469630677,37.904233210684566,37.10125379382511,37.16512680053711,257000,0.0,0.0
2019-04-10 00:00:00-04:00,37.137747440408525,37.803854028196916,37.028251373039566,37.79472732543945,167800,0.0,0.0
2019-04-11 00:00:00-04:00,37.94073146384332,38.19622347990121,37.575739885916924,37.922481536865234,173200,0.0,0.0
2019-04-12 00:00:00-04:00,38.004595143978676,38.63420180657826,37.703476643941826,38.05934143066406,391000,0.0,0.0
2019-04-15 00:00:00-04:00,38.06846356650682,38.29658234918087,36.991742633819996,37.39323043823242,155300,0.0,0.0
2019-04-16 00:00:00-04:00,37.42061758573215,38.497338921461754,37.41149436256936,38.44259262084961,237800,0.0,0.0
2019-04-17 00:00:00-04:00,38.342217362957506,38.73458206994412,38.022848879159056,38.533836364746094,228800,0.0,0.0
2019-04-18 00:00:00-04:00,38.396975023703035,38.789336330422344,38.12322955830055,38.369598388671875,189800,0.0,0.0
2019-04-22 00:00:00-04:00,38.433463266114586,38.72545511863299,38.278344117321815,38.698081970214844,332600,0.0,0.0
2019-04-23 00:00:00-04:00,38.70720383140638,39.03569552414082,38.241842920577476,38.83495330810547,233100,0.0,0.0
2019-04-24 00:00:00-04:00,38.76195440623474,39.58318365500096,38.61595848210046,39.336814880371094,244500,0.0,0.0
2019-04-25 00:00:00-04:00,39.336811110611244,39.336811110611244,38.40608587814275,39.02656936645508,243100,0.0,0.0
2019-04-26 00:00:00-04:00,39.70180779357935,39.70180779357935,37.603114822819904,39.44631576538086,552300,0.0,0.0
2019-04-29 00:00:00-04:00,39.23643581660056,40.03941501259227,38.679825356225074,39.73829650878906,495200,0.0,0.0
2019-04-30 00:00:00-04:00,39.765675874798816,40.0394177729723,39.3185614391557,39.40068435668945,312900,0.0,0.0
2019-05-01 00:00:00-04:00,39.48281630531431,39.975553923223025,38.93532890292088,39.26382064819336,250100,0.0,0.0
2019-05-02 00:00:00-04:00,39.26381731846519,39.81130467442951,39.227320946054974,39.701805114746094,157300,0.0,0.0
2019-05-03 00:00:00-04:00,39.79304958109238,40.50477922253579,39.79304958109238,40.37703323364258,172400,0.0,0.0
2019-05-06 00:00:00-04:00,39.911670646740134,40.45003120613643,39.24556062307976,40.2219123840332,168600,0.0,0.0
2019-05-07 00:00:00-04:00,39.9572954050793,40.22191408530775,39.61967702789798,39.83867263793945,166700,0.0,0.0
2019-05-08 00:00:00-04:00,39.82037883112567,39.82952719847263,39.317134857177734,39.317134857177734,98500,0.12,0.0
2019-05-09 00:00:00-04:00,39.06091957012614,39.637364213892106,38.94197339014384,39.2622184753418,231600,0.0,0.0
2019-05-10 00:00:00-04:00,39.198173171847905,39.66481655311789,38.96027729893595,39.62821960449219,131300,0.0,0.0
2019-05-13 00:00:00-04:00,39.15243626631112,39.15243626631112,38.255746179901266,38.29234313964844,289200,0.0,0.0
2019-05-14 00:00:00-04:00,38.237436764747805,38.66747973431058,37.95378857981092,38.502784729003906,259100,0.0,0.0
2019-05-15 00:00:00-04:00,38.145939139218356,38.31063764995127,37.24924918656724,38.08189010620117,162000,0.0,0.0
2019-05-16 00:00:00-04:00,38.081888847624604,38.75898309052808,38.081888847624604,38.4661865234375,226900,0.0,0.0
2019-05-17 00:00:00-04:00,38.19168847426382,38.74982950572302,37.898888429825384,38.12763595581055,124800,0.0,0.0
2019-05-20 00:00:00-04:00,37.862300320979536,38.566843284406474,37.606100658562696,37.99039840698242,173200,0.0,0.0
2019-05-21 00:00:00-04:00,38.03613853979346,38.35638368167745,37.80739101261626,38.246585845947266,217100,0.0,0.0
2019-05-22 00:00:00-04:00,38.19169694333056,38.20084531061813,37.52375094777482,37.93549728393555,126400,0.0,0.0
2019-05-23 00:00:00-04:00,37.59694380267703,37.59694380267703,36.48980660600453,36.61790466308594,229700,0.0,0.0
2019-05-24 00:00:00-04:00,36.846658403639786,37.29500167902081,36.52640971652819,37.12115478515625,173500,0.0,0.0
2019-05-28 00:00:00-04:00,37.08454868511118,37.12114912784499,36.590456669846155,36.72770309448242,258400,0.0,0.0
2019-05-29 00:00:00-04:00,36.45321358317965,37.359055513265886,36.25191460084693,37.221805572509766,252100,0.0,0.0
2019-05-30 00:00:00-04:00,37.34075272139162,37.4688507957384,36.306812779232864,36.599609375,230200,0.0,0.0
2019-05-31 00:00:00-04:00,36.21531393995199,36.60875651638812,35.97741453234619,36.31595993041992,228900,0.0,0.0
2019-06-03 00:00:00-04:00,36.35255865252483,36.81005373270824,35.7761138741788,36.645355224609375,223600,0.0,0.0
2019-06-04 00:00:00-04:00,37.011348247118065,37.651841980659285,36.64535083069164,37.560340881347656,174800,0.0,0.0
2019-06-05 00:00:00-04:00,37.52374205882108,37.70674077492117,36.75515024352885,36.99304962158203,166800,0.0,0.0
2019-06-06 00:00:00-04:00,37.09369974982428,37.212645950556634,36.29765584418944,36.91984939575195,168600,0.0,0.0
2019-06-07 00:00:00-04:00,36.92900123973673,36.993050267929306,36.471506186698186,36.49895477294922,125500,0.0,0.0
2019-06-10 00:00:00-04:00,36.59046379423189,37.58780336524897,36.553863344371756,37.15775680541992,274900,0.0,0.0
2019-06-11 00:00:00-04:00,37.34990180551657,37.5146003301011,36.974755941831994,37.24925231933594,158000,0.0,0.0
2019-06-12 00:00:00-04:00,37.17605451666448,37.48715133861857,36.91070650873672,37.25840377807617,207700,0.0,0.0
2019-06-13 00:00:00-04:00,37.459703442975666,37.97209929238478,37.459703442975666,37.73420333862305,212000,0.0,0.0
2019-06-14 00:00:00-04:00,37.67014416966404,38.32893821854694,37.487148925339284,37.834842681884766,268000,0.0,0.0
2019-06-17 00:00:00-04:00,37.862293846415234,38.21913945080478,37.404798765831615,37.55119705200195,314000,0.0,0.0
2019-06-18 00:00:00-04:00,37.761642527119406,38.53023436460223,36.96560210307264,37.99953842163086,256600,0.0,0.0
2019-06-19 00:00:00-04:00,38.219137783571014,38.42958509260988,37.93548958943499,38.11848831176758,408500,0.0,0.0
2019-06-20 00:00:00-04:00,38.22828799551241,38.43873531471634,37.47799633907737,38.091041564941406,517200,0.0,0.0
2019-06-21 00:00:00-04:00,37.81654686952402,38.21914130340483,37.0022026546666,37.03880310058594,838100,0.0,0.0
2019-06-24 00:00:00-04:00,36.99306288788974,37.11201261957362,36.370869124266854,36.4257698059082,479600,0.0,0.0
2019-06-25 00:00:00-04:00,36.60875405100554,36.947302916690646,36.05976136188922,36.901554107666016,501600,0.0,0.0
2019-06-26 00:00:00-04:00,37.01135069007043,37.22179799676279,36.59045607668571,36.61790466308594,222600,0.0,0.0
2019-06-27 00:00:00-04:00,36.66366022057405,37.24925344099217,36.66366022057405,37.230953216552734,162400,0.0,0.0
2019-06-28 00:00:00-04:00,37.404798824680306,38.17339070088642,37.404798824680306,37.789093017578125,919300,0.0,0.0
2019-07-01 00:00:00-04:00,38.063597782174305,38.22829632708271,37.45055591311288,37.77995300292969,247900,0.0,0.0
2019-07-02 00:00:00-04:00,37.74335283005737,37.99040064924892,37.496305010865825,37.715904235839844,278900,0.0,0.0
2019-07-03 00:00:00-04:00,37.743335555682165,38.56682790942455,37.743335555682165,38.22827911376953,119100,0.0,0.0
2019-07-05 00:00:00-04:00,38.31977939910448,38.88707218066061,38.30147918158208,38.78642272949219,149600,0.0,0.0
2019-07-08 00:00:00-04:00,38.49364483036972,38.585142471784486,38.2282967836911,38.310646057128906,238200,0.0,0.0
2019-07-09 00:00:00-04:00,38.091045287807844,38.31979285152688,37.6518503843166,38.274044036865234,183000,0.0,0.0
2019-07-10 00:00:00-04:00,37.83484645089335,37.83484645089335,36.55386216095897,36.874107360839844,695500,0.0,0.0
2019-07-11 00:00:00-04:00,37.13945808929613,37.15775831496965,36.773460556648004,36.89241027832031,335400,0.0,0.0
2019-07-12 00:00:00-04:00,37.05709705156885,37.59694132107231,36.88325019849183,37.560340881347656,221900,0.0,0.0
2019-07-15 00:00:00-04:00,37.55119300082978,37.55119300082978,36.901550894185526,37.011348724365234,327200,0.0,0.0
2019-07-16 00:00:00-04:00,36.81005399926771,36.98390087444855,36.50810905917356,36.58130645751953,378500,0.0,0.0
2019-07-17 00:00:00-04:00,36.19700739215941,36.34340565956268,35.49246463952808,35.99570846557617,316900,0.0,0.0
2019-07-18 00:00:00-04:00,36.0689058045934,36.51725246125648,35.913359172745196,36.178707122802734,286200,0.0,0.0
2019-07-19 00:00:00-04:00,36.03231369604537,36.480656922527174,35.70291667798744,36.34341049194336,372400,0.0,0.0
2019-07-22 00:00:00-04:00,36.334265184759886,36.334265184759886,35.74867193173301,35.87677001953125,225400,0.0,0.0
2019-07-23 00:00:00-04:00,36.59961659138294,37.12116084857723,36.096372561333716,37.08456039428711,442100,0.0,0.0
2019-07-24 00:00:00-04:00,37.047953031212415,37.72504379346623,36.83750222332251,37.670143127441406,332600,0.0,0.0
2019-07-25 00:00:00-04:00,37.624403104429305,37.8165537351858,37.42310759614866,37.715904235839844,276800,0.0,0.0
2019-07-26 00:00:00-04:00,37.78909390431268,38.46618817631057,37.69759628206916,38.31978988647461,256300,0.0,0.0
2019-07-29 00:00:00-04:00,38.38384098252998,38.44789001962397,38.054443940097606,38.164241790771484,332600,0.0,0.0
2019-07-30 00:00:00-04:00,37.92635006876923,38.960290124223704,37.92635006876923,38.94198989868164,201100,0.0,0.0
2019-07-31 00:00:00-04:00,38.97857473405824,39.3903209546426,38.722378636988,38.76812744140625,330300,0.0,0.0
2019-08-01 00:00:00-04:00,38.5851315377301,39.26222575972628,37.93548939270815,37.99953842163086,242400,0.0,0.0
2019-08-02 00:00:00-04:00,37.862300320979536,38.05444744998386,37.313304036152935,37.99039840698242,244000,0.0,0.0
2019-08-05 00:00:00-04:00,37.359050637460314,37.67014394713894,36.846654881310386,37.05710220336914,526800,0.0,0.0
2019-08-06 00:00:00-04:00,37.13030170758556,37.47799544910396,36.56300530538319,37.13945007324219,247500,0.0,0.0
2019-08-07 00:00:00-04:00,36.58882620275848,36.91002442847254,36.0290266814728,36.75401306152344,196000,0.12,0.0
2019-08-08 00:00:00-04:00,36.9192036751757,38.04797832436556,36.9192036751757,37.901145935058594,233600,0.0,0.0
2019-08-09 00:00:00-04:00,37.68090543048208,38.48848195693334,37.55242400509307,38.259056091308594,217300,0.0,0.0
2019-08-12 00:00:00-04:00,37.85526221991337,38.561894201443,37.83690773329126,38.4517707824707,176700,0.0,0.0
2019-08-13 00:00:00-04:00,38.35082566120746,39.066633188018365,37.616663646432094,38.42424011230469,230000,0.0,0.0
2019-08-14 00:00:00-04:00,37.71759584560315,38.78213129694143,37.056851996994226,37.286277770996094,156000,0.0,0.0
2019-08-15 00:00:00-04:00,37.378043299483906,37.772655875135534,37.332158848985635,37.38722229003906,111700,0.0,0.0
2019-08-16 00:00:00-04:00,37.50653446219281,39.0023918840774,37.44229550856222,38.653663635253906,207700,0.0,0.0
2019-08-19 00:00:00-04:00,39.00237826864008,39.351106395725196,38.6995345923074,39.19509506225586,140100,0.0,0.0
2019-08-20 00:00:00-04:00,38.956498172429676,39.11250602257832,37.91031717499181,38.77295684814453,143500,0.0,0.0
2019-08-21 00:00:00-04:00,39.18593392782966,39.24099388859965,38.73625774389875,38.892269134521484,179200,0.0,0.0
2019-08-22 00:00:00-04:00,39.158398410470575,39.42453320955491,38.8096736745259,39.048274993896484,170600,0.0,0.0
2019-08-23 00:00:00-04:00,38.8463856617532,39.36947630702643,37.598308507851975,37.7359619140625,280500,0.0,0.0
2019-08-26 00:00:00-04:00,38.19479953283602,38.53435217807823,37.92866831189495,38.52517318725586,111600,0.0,0.0
2019-08-27 00:00:00-04:00,38.681193767601904,38.681193767601904,37.23122093800026,37.258750915527344,174900,0.0,0.0
2019-08-28 00:00:00-04:00,37.185337976211294,37.90114542689036,36.708131842171824,37.69925308227539,193200,0.0,0.0
2019-08-29 00:00:00-04:00,38.01126719312863,38.516006784669145,37.81855034950049,38.0938606262207,156100,0.0,0.0
2019-08-30 00:00:00-04:00,38.3141137270239,38.3141137270239,37.2404025197094,37.82773208618164,178000,0.0,0.0
2019-09-03 00:00:00-04:00,37.680901485722686,37.72678595389188,37.121101872081184,37.322994232177734,180900,0.0,0.0
2019-09-04 00:00:00-04:00,37.87361716992255,37.89197165676923,37.31381757376024,37.543243408203125,190100,0.0,0.0
2019-09-05 00:00:00-04:00,38.15810878872154,39.15840212708005,37.97456740983755,38.42424011230469,181200,0.0,0.0
2019-09-06 00:00:00-04:00,38.571068599712184,38.616956565345326,37.956209068743064,38.11221694946289,130800,0.0,0.0
2019-09-09 00:00:00-04:00,38.451761877395555,39.562181805167455,38.167272651778475,39.47040939331055,226200,0.0,0.0
2019-09-10 00:00:00-04:00,39.47042232140006,40.094460923385576,39.204290991745616,39.69984817504883,152000,0.0,0.0
2019-09-11 00:00:00-04:00,39.97517014962015,41.0855906674748,39.470430368084926,41.01217269897461,179200,0.0,0.0
2019-09-12 00:00:00-04:00,40.85615476632723,41.406775392252605,40.388124083606165,41.14064407348633,202600,0.0,0.0
2019-09-13 00:00:00-04:00,41.51689077909364,42.07668674286857,41.37005841960587,41.97574234008789,148500,0.0,0.0
2019-09-16 00:00:00-04:00,41.6453734016289,42.168463960708856,41.21405176490123,41.92985916137695,163400,0.0,0.0
2019-09-17 00:00:00-04:00,41.67291076228879,41.76467970090178,41.2324135555773,41.65455627441406,149900,0.0,0.0
2019-09-18 00:00:00-04:00,41.62701908663903,41.94821381694087,41.379238794366174,41.755496978759766,144500,0.0,0.0
2019-09-19 00:00:00-04:00,41.84726937057919,42.260236558601804,41.241585328399445,41.305824279785156,183500,0.0,0.0
2019-09-20 00:00:00-04:00,41.27828598359856,41.62701414996958,40.498239730653474,40.79190444946289,502300,0.0,0.0
2019-09-23 00:00:00-04:00,40.782729408440886,41.12228211682386,40.59001257444617,40.75519943237305,231600,0.0,0.0
2019-09-24 00:00:00-04:00,40.71849093881226,40.98462571310593,40.277993812788246,40.36976623535156,221700,0.0,0.0
2019-09-25 00:00:00-04:00,40.534951828328474,41.47100958550068,40.32388049594065,41.42512512207031,223700,0.0,0.0
2019-09-26 00:00:00-04:00,41.25077104273074,41.25077104273074,40.63590790688398,40.69097137451172,162100,0.0,0.0
2019-09-27 00:00:00-04:00,40.61754538936892,41.21405391810289,40.44318302748616,40.59001541137695,132600,0.0,0.0
2019-09-30 00:00:00-04:00,40.64508426960416,40.89286460674091,40.452367396529134,40.47071838378906,170900,0.0,0.0
2019-10-01 00:00:00-04:00,40.58085079145803,40.93875460428455,39.397012409984846,39.58972930908203,160400,0.0,0.0
2019-10-02 00:00:00-04:00,39.296055110016596,39.9017391492821,38.984035847318594,39.433712005615234,179800,0.0,0.0
2019-10-03 00:00:00-04:00,39.21347071071836,39.69985245261685,39.00239932271032,39.66314697265625,128500,0.0,0.0
2019-10-04 00:00:00-04:00,39.617248492216234,40.03021566393791,39.45206512428772,39.96597671508789,231600,0.0,0.0
2019-10-07 00:00:00-04:00,39.80079139574129,40.35141547972462,39.62642902789807,40.0577507019043,162700,0.0,0.0
2019-10-08 00:00:00-04:00,39.709026926688644,40.03022171952763,38.80049901146299,39.112518310546875,126000,0.0,0.0
2019-10-09 00:00:00-04:00,39.553007984948046,39.553007984948046,38.80049161313166,38.938148498535156,139700,0.0,0.0
2019-10-10 00:00:00-04:00,39.112509595140516,39.277696452009465,38.77296038969208,38.846378326416016,138800,0.0,0.0
2019-10-11 00:00:00-04:00,39.00238696788978,39.92009019066365,39.00238696788978,39.32358169555664,207100,0.0,0.0
2019-10-14 00:00:00-04:00,39.16757438135826,39.43370915990469,38.873909625982904,39.387821197509766,120100,0.0,0.0
2019-10-15 00:00:00-04:00,39.59890148127854,39.95680523243334,39.36947564071669,39.79161834716797,125200,0.0,0.0
2019-10-16 00:00:00-04:00,39.74572316056613,40.22292920033292,39.73654416899316,40.16786575317383,145200,0.0,0.0
2019-10-17 00:00:00-04:00,40.36058356274609,40.44317698514244,40.05774334779922,40.33305358886719,174400,0.0,0.0
2019-10-18 00:00:00-04:00,40.16786855070704,40.773552508602315,40.121984091925235,40.48906326293945,252000,0.0,0.0
2019-10-21 00:00:00-04:00,40.608375693932366,41.00298843836363,40.48907327100274,40.5716667175293,191000,0.0,0.0
2019-10-22 00:00:00-04:00,41.74632037181927,42.15010852209425,39.727372618924555,41.627017974853516,494000,0.0,0.0
2019-10-23 00:00:00-04:00,41.4801949877687,41.4801949877687,39.1033430069213,40.360595703125,246600,0.0,0.0
2019-10-24 00:00:00-04:00,40.22295309053846,40.22295309053846,39.70903778076172,39.70903778076172,305400,0.0,0.0
2019-10-25 00:00:00-04:00,39.62642748534347,40.1862270402595,39.351117204449075,39.96597671508789,185000,0.0,0.0
2019-10-28 00:00:00-04:00,39.96598107587898,40.46154173601689,39.901742120019684,40.03022003173828,197700,0.0,0.0
2019-10-29 00:00:00-04:00,39.837492485765175,40.213750626697156,39.8099625122793,39.92008590698242,205900,0.0,0.0
2019-10-30 00:00:00-04:00,39.764084599352095,39.764084599352095,39.029919178499554,39.44288635253906,348800,0.0,0.0
2019-10-31 00:00:00-04:00,39.341947585688644,39.341947585688644,38.249881694261575,38.699554443359375,210000,0.0,0.0
2019-11-01 00:00:00-04:00,38.88308179512764,39.18592551740551,38.8004883709391,39.002384185791016,216200,0.0,0.0
2019-11-04 00:00:00-05:00,39.14921529100529,39.78242918889907,39.075800861178,39.745723724365234,203200,0.0,0.0
2019-11-05 00:00:00-05:00,39.8191385716499,40.51659491649905,39.736545149253544,40.33305358886719,172300,0.0,0.0
2019-11-06 00:00:00-05:00,40.22263090502317,40.68273879506556,40.22263090502317,40.48949432373047,167700,0.12,0.0
2019-11-07 00:00:00-05:00,40.728747020638195,41.188854889652994,40.645927463801755,40.82997131347656,183000,0.0,0.0
2019-11-08 00:00:00-05:00,40.71954276594231,41.188851205811915,40.64592382851892,40.89438247680664,112000,0.0,0.0
2019-11-11 00:00:00-05:00,40.57230796699108,41.01401105576923,40.498689030356005,40.88518142700195,149000,0.0,0.0
2019-11-12 00:00:00-05:00,40.93119536195839,41.37289849233432,40.75635563650056,41.06922912597656,178100,0.0,0.0
2019-11-13 00:00:00-05:00,40.59071101782192,41.05081882167781,39.84533511185154,40.185813903808594,150700,0.0,0.0
2019-11-14 00:00:00-05:00,40.02018958213125,40.314658378609366,39.790135615486165,40.30545425415039,98300,0.0,0.0
2019-11-15 00:00:00-05:00,40.43428568784846,40.599924831927844,40.0385925670305,40.0846061706543,108700,0.0,0.0
2019-11-18 00:00:00-05:00,39.87295561035251,39.93737044087449,39.51406846985795,39.81774139404297,130500,0.0,0.0
2019-11-19 00:00:00-05:00,39.97417627354225,40.51710377921818,39.73492169102937,40.43428421020508,175200,0.0,0.0
2019-11-20 00:00:00-05:00,40.25023228635129,40.75635016928455,39.96496418380812,40.36985778808594,284400,0.0,0.0
2019-11-21 00:00:00-05:00,40.59991979978097,40.59991979978097,40.05699234155712,40.250240325927734,172800,0.0,0.0
2019-11-22 00:00:00-05:00,40.45268836423762,40.471093102679525,40.066199387992484,40.36066818237305,119200,0.0,0.0
2019-11-25 00:00:00-05:00,40.4434931551011,40.940410628406234,40.195034418448536,40.75636672973633,141300,0.0,0.0
2019-11-26 00:00:00-05:00,40.65514021015587,40.97721438264217,40.471096321444335,40.78396987915039,129900,0.0,0.0
2019-11-27 00:00:00-05:00,41.05083156911117,41.299290281588014,40.912797780953454,41.18886184692383,144200,0.0,0.0
2019-11-29 00:00:00-05:00,40.98641483628772,41.30848897992326,40.93120062151667,41.03242492675781,80600,0.0,0.0
2019-12-02 00:00:00-05:00,41.26247930395663,41.40971370114691,40.25024326206657,40.36066818237305,190300,0.0,0.0
2019-12-03 00:00:00-05:00,40.047795363148595,40.047795363148595,39.58768742493734,39.81774139404297,154700,0.0,0.0
2019-12-04 00:00:00-05:00,39.98337951316144,40.31465778188206,39.62449589216239,40.047794342041016,137900,0.0,0.0
2019-12-05 00:00:00-05:00,40.14900863168027,40.31464772471914,39.95576068290557,40.0109748840332,248900,0.0,0.0
2019-12-06 00:00:00-05:00,40.53550109182008,41.39130197805777,40.04778789161696,40.066192626953125,229500,0.0,0.0
2019-12-09 00:00:00-05:00,40.029389603740434,40.250242953002484,39.95577065053812,40.047794342041016,179400,0.0,0.0
2019-12-10 00:00:00-05:00,39.97417332255431,40.09380236015194,39.817738320602935,39.95576858520508,223400,0.0,0.0
2019-12-11 00:00:00-05:00,40.0477894378111,40.0477894378111,39.550872095582385,39.725711822509766,300800,0.0,0.0
2019-12-12 00:00:00-05:00,39.725716982245956,40.47109309240148,39.725716982245956,40.1766242980957,258500,0.0,0.0
2019-12-13 00:00:00-05:00,40.23183300484371,40.369863258706346,39.56927655320082,39.78092575073242,183400,0.0,0.0
2019-12-16 00:00:00-05:00,39.94655945038495,40.58150695693643,39.89134525011544,40.36985778808594,349500,0.0,0.0
2019-12-17 00:00:00-05:00,40.425076485321476,40.848374870111016,40.195022557456156,40.81156539916992,243200,0.0,0.0
2019-12-18 00:00:00-05:00,40.9956203025109,41.31769799461265,40.498702841790696,40.80237579345703,302200,0.0,0.0
2019-12-19 00:00:00-05:00,40.9035979004212,40.9035979004212,40.4710952994229,40.64593505859375,158000,0.0,0.0
2019-12-20 00:00:00-05:00,40.68274351284707,41.09684136397508,40.636733420576185,40.8759880065918,615200,0.0,0.0
2019-12-23 00:00:00-05:00,40.921984452944145,40.94958979466432,40.32384297315432,40.59990692138672,160300,0.0,0.0
2019-12-24 00:00:00-05:00,40.62753442448923,40.75636409211711,40.461895277440476,40.59072494506836,49700,0.0,0.0
2019-12-26 00:00:00-05:00,40.61832046508789,40.82076904254133,40.51709617636117,40.61832046508789,79000,0.0,0.0
2019-12-27 00:00:00-05:00,40.71955417660675,40.78396900973083,40.333065177862245,40.39748001098633,81100,0.0,0.0
2019-12-30 00:00:00-05:00,40.452672581639874,40.82076018617877,40.268628779370424,40.59990692138672,128100,0.0,0.0
2019-12-31 00:00:00-05:00,40.50790244101902,40.86678606354632,40.44348761186514,40.48029708862305,136000,0.0,0.0
2020-01-02 00:00:00-05:00,40.62752809488103,41.13364607185874,40.10300538106028,40.48949432373047,156200,0.0,0.0
2020-01-03 00:00:00-05:00,39.90975739938056,40.664334058222515,39.90975739938056,40.48949432373047,158900,0.0,0.0
2020-01-06 00:00:00-05:00,40.066185340034984,40.305439835202726,39.7257030637567,40.19501495361328,204100,0.0,0.0
2020-01-07 00:00:00-05:00,40.04778815469345,40.167417179992185,38.76868887835455,39.210391998291016,323800,0.0,0.0
2020-01-08 00:00:00-05:00,39.15518162325674,39.57848004915591,38.92512767304918,39.394439697265625,142100,0.0,0.0
2020-01-09 00:00:00-05:00,39.550870708668576,39.73491455233777,39.21039187960439,39.330020904541016,232200,0.0,0.0
2020-01-10 00:00:00-05:00,39.412845730267954,39.412845730267954,38.86071412541102,39.10917282104492,138900,0.0,0.0
2020-01-13 00:00:00-05:00,39.09075553770375,39.2932040788802,38.77788211513272,39.27479934692383,168400,0.0,0.0
2020-01-14 00:00:00-05:00,39.2932040788802,39.357618885555674,39.053946073790996,39.27479934692383,227200,0.0,0.0
2020-01-15 00:00:00-05:00,39.22879464832703,39.28400534141884,38.7502820829144,39.11836624145508,224200,0.0,0.0
2020-01-16 00:00:00-05:00,39.37602799066219,39.91895535747057,39.099964001343906,39.65209197998047,208600,0.0,0.0
2020-01-17 00:00:00-05:00,40.01097443293805,40.0201785548609,39.403632268757555,39.51405715942383,143500,0.0,0.0
2020-01-21 00:00:00-05:00,39.21039991408443,39.5416781985013,38.87912162966755,38.97114181518555,153600,0.0,0.0
2020-01-22 00:00:00-05:00,39.09997181730718,39.21039673303927,37.15831587143187,37.931297302246094,608200,0.0,0.0
2020-01-23 00:00:00-05:00,37.64603848927078,37.922102602379,37.231940564435625,37.65523910522461,297800,0.0,0.0
2020-01-24 00:00:00-05:00,37.88528064182853,38.09693335286908,37.41597215512762,38.0693244934082,220500,0.0,0.0
2020-01-27 00:00:00-05:00,37.48039030299402,38.28097709152111,37.48039030299402,38.06012725830078,163700,0.0,0.0
2020-01-28 00:00:00-05:00,38.07854112827275,38.2717856562714,37.82087824726223,37.83928298950195,179300,0.0,0.0
2020-01-29 00:00:00-05:00,38.05091761821866,38.08772708853429,37.4527795221391,37.6644287109375,177400,0.0,0.0
2020-01-30 00:00:00-05:00,37.45277999744216,37.87607838041091,37.287140889264066,37.85767364501953,124200,0.0,0.0
2020-01-31 00:00:00-05:00,37.590807446533944,37.590807446533944,36.661391195756615,36.707401275634766,162800,0.0,0.0
2020-02-03 00:00:00-05:00,36.817836622142714,37.54480802577746,36.72581643626152,37.3055534362793,162300,0.0,0.0
2020-02-04 00:00:00-05:00,37.719657430462206,38.152156586886,37.48039929169141,37.83928298950195,204100,0.0,0.0
2020-02-05 00:00:00-05:00,38.199206516669214,38.679119663994484,37.80235532793138,38.48530960083008,168400,0.12,0.0
2020-02-06 00:00:00-05:00,38.70680982260087,38.80833039591191,38.365334411061184,38.59606170654297,124000,0.0,0.0
2020-02-07 00:00:00-05:00,38.52221773069544,38.743713887649385,38.383779992135764,38.44838333129883,119400,0.0,0.0
2020-02-10 00:00:00-05:00,38.28226160771116,38.68834026539185,38.125368781090714,38.40224075317383,74200,0.0,0.0
2020-02-11 00:00:00-05:00,38.52223440143411,38.88216845271145,38.273048476560696,38.58683776855469,208600,0.0,0.0
2020-02-12 00:00:00-05:00,38.75295172032469,38.98367897783393,38.1807455868564,38.319183349609375,101600,0.0,0.0
2020-02-13 00:00:00-05:00,38.18997614475031,38.457617084259155,38.060769445549106,38.30995178222656,94700,0.0,0.0
2020-02-14 00:00:00-05:00,38.16228539916611,38.189975062938075,37.74697916938911,37.8669548034668,97600,0.0,0.0
2020-02-18 00:00:00-05:00,37.67315047566257,37.710067685880404,37.027113379326174,37.1932373046875,91300,0.0,0.0
2020-02-19 00:00:00-05:00,37.27629764643522,37.470107710722765,36.860987851091345,37.045570373535156,165500,0.0,0.0
2020-02-20 00:00:00-05:00,36.90712891379646,37.68237254015179,36.8425220510336,37.67314147949219,295600,0.0,0.0
2020-02-21 00:00:00-05:00,37.60855190488576,37.77467585139125,37.19324203862204,37.73775863647461,163900,0.0,0.0
2020-02-24 00:00:00-05:00,36.870218728082,37.20246656268576,36.62103285212918,36.93482208251953,132400,0.0,0.0
2020-02-25 00:00:00-05:00,36.91636696839944,37.331676800917755,35.68889607680299,35.99345779418945,191100,0.0,0.0
2020-02-26 00:00:00-05:00,36.1780328260029,36.32569812241032,35.29204104755835,35.37510299682617,200700,0.0,0.0
2020-02-27 00:00:00-05:00,34.793677761641156,34.98748784990418,33.22473140770884,33.32625198364258,267800,0.0,0.0
2020-02-28 00:00:00-05:00,32.301813686018306,33.086284895860004,31.08357413722365,31.803442001342773,340900,0.0,0.0
2020-03-02 00:00:00-05:00,31.895745975551534,33.64004395097819,31.268167383672594,33.61235427856445,307800,0.0,0.0
2020-03-03 00:00:00-05:00,33.446236378207495,33.778480786739216,31.96957930649193,32.63407516479492,356800,0.0,0.0
2020-03-04 00:00:00-05:00,33.0770599449881,33.335473348110185,32.14492336899875,33.26164245605469,237300,0.0,0.0
2020-03-05 00:00:00-05:00,32.338727526270254,32.68020282109338,31.323525660775804,31.81266975402832,246600,0.0,0.0
2020-03-06 00:00:00-05:00,30.825166263279527,31.951113004681982,30.474459809095684,31.332765579223633,247600,0.0,0.0
2020-03-09 00:00:00-04:00,29.274675013632937,29.50540228071478,27.991831971956877,28.176414489746094,273900,0.0,0.0
2020-03-10 00:00:00-04:00,29.154698243046884,29.256218806068723,27.742646704099673,28.45328712463379,367000,0.0,0.0
2020-03-11 00:00:00-04:00,27.622667742357656,27.90876905076807,25.444601853055634,25.61995506286621,396300,0.0,0.0
2020-03-12 00:00:00-04:00,23.84796797879849,24.484775662404946,22.491292423584813,22.685102462768555,407200,0.0,0.0
2020-03-13 00:00:00-04:00,24.115616026228846,24.623217129885717,22.6205041449054,24.014097213745117,422000,0.0,0.0
2020-03-16 00:00:00-04:00,25.02006855285859,25.02006855285859,19.261115453330284,19.454925537109375,381500,0.0,0.0
2020-03-17 00:00:00-04:00,19.648735091675967,22.66664643523112,18.919636075994042,22.445148468017578,401500,0.0,0.0
2020-03-18 00:00:00-04:00,21.00540902926458,21.38380157804403,19.639504133167588,19.814855575561523,371800,0.0,0.0
2020-03-19 00:00:00-04:00,19.64874125171945,22.749715525199523,18.651997446307025,21.697599411010742,743900,0.0,0.0
2020-03-20 00:00:00-04:00,21.42995389827255,22.435925203604775,18.633539769405225,19.067306518554688,790700,0.0,0.0
2020-03-23 00:00:00-04:00,19.242656252370104,19.242656252370104,16.464699481903814,17.987499237060547,327800,0.0,0.0
2020-03-24 00:00:00-04:00,18.836577413745726,20.340920458017422,18.56893464998743,20.267086029052734,346200,0.0,0.0
2020-03-25 00:00:00-04:00,20.49781281541588,21.605304577281174,19.325719450474843,21.134620666503906,459800,0.0,0.0
2020-03-26 00:00:00-04:00,21.411496858909086,23.331148167891225,21.18999707375246,23.07273292541504,380800,0.0,0.0
2020-03-27 00:00:00-04:00,22.01138541027153,23.460352614634104,21.356118943911397,22.33440399169922,324500,0.0,0.0
2020-03-30 00:00:00-04:00,22.371310931017277,22.786620629118364,21.577608734783635,22.62049674987793,386000,0.0,0.0
2020-03-31 00:00:00-04:00,22.260572735730783,23.229626781161365,22.251343431640713,22.998899459838867,428100,0.0,0.0
2020-04-01 00:00:00-04:00,21.76219971734881,22.28825770028891,21.614534380394034,21.872949600219727,271700,0.0,0.0
2020-04-02 00:00:00-04:00,21.577616509608887,22.712796173342337,21.171537725491014,22.011384963989258,247700,0.0,0.0
2020-04-03 00:00:00-04:00,21.85449066777139,22.64819316232321,20.211711618211233,20.516271591186523,295200,0.0,0.0
2020-04-06 00:00:00-04:00,21.596071033093292,23.054267235695672,21.596071033093292,22.878915786743164,310600,0.0,0.0
2020-04-07 00:00:00-04:00,23.894118104099988,24.32788654524726,23.40497736535545,23.81105613708496,466600,0.0,0.0
2020-04-08 00:00:00-04:00,24.34634385776525,24.853944972622948,23.5895585973948,24.134075164794922,246900,0.0,0.0
2020-04-09 00:00:00-04:00,24.22637001765504,25.472297970624982,24.014101293308045,25.16773796081543,378200,0.0,0.0
2020-04-13 00:00:00-04:00,25.029293836515986,25.435372545025125,23.045038000419854,23.45111846923828,282600,0.0,0.0
2020-04-14 00:00:00-04:00,24.069470377687225,24.069470377687225,22.371317413837033,22.95275115966797,159800,0.0,0.0
2020-04-15 00:00:00-04:00,21.79911264603333,22.103672563664734,21.20844965402899,21.448406219482422,215600,0.0,0.0
2020-04-16 00:00:00-04:00,21.448406089862083,21.448406089862083,19.381090031113736,19.842544555664062,335100,0.0,0.0
2020-04-17 00:00:00-04:00,20.848514971911566,21.826798043476145,20.59009981174143,21.53146743774414,354500,0.0,0.0
2020-04-20 00:00:00-04:00,20.78390976668126,21.10692824798253,20.41474654246942,20.913116455078125,270200,0.0,0.0
2020-04-21 00:00:00-04:00,20.008674142775657,20.885436931980443,19.768717510694717,20.830062866210938,203900,0.0,0.0
2020-04-22 00:00:00-04:00,21.365347785687643,21.48532696834688,20.719312397103447,20.765457153320312,183600,0.0,0.0
2020-04-23 00:00:00-04:00,20.922346758646384,21.59606989516692,20.885429554301,21.19921875,192300,0.0,0.0
2020-04-24 00:00:00-04:00,21.291514601187707,21.522241897273936,20.857747918257044,21.374576568603516,171400,0.0,0.0
2020-04-27 00:00:00-04:00,21.59606685328684,23.321907186540805,21.503775615732106,22.91582679748535,761600,0.0,0.0
2020-04-28 00:00:00-04:00,23.977180134034544,25.3800025136256,23.08195886090174,25.056983947753906,466000,0.0,0.0
2020-04-29 00:00:00-04:00,26.24753847306219,28.19487571269617,25.66610468393048,27.465778350830078,441000,0.0,0.0
2020-04-30 00:00:00-04:00,26.441340497671796,27.77032985002139,25.89682408803929,26.930482864379883,396400,0.0,0.0
2020-05-01 00:00:00-04:00,25.90606365913453,25.97989633240802,24.438637737552828,25.29694366455078,255100,0.0,0.0
2020-05-04 00:00:00-04:00,24.724740694770308,25.05698684176623,24.28174289825947,25.029300689697266,207000,0.0,0.0
2020-05-05 00:00:00-04:00,25.712248530726576,25.98912056135615,24.420174360296734,24.43863296508789,320800,0.0,0.0
2020-05-06 00:00:00-04:00,24.54015556471865,25.020068767201405,23.829515064154904,23.92180633544922,305600,0.0,0.0
2020-05-07 00:00:00-04:00,24.27414831322455,24.867557019244618,23.606561750454528,23.69001007080078,220900,0.12,0.0
2020-05-08 00:00:00-04:00,24.39468199179381,25.090083430989164,24.30196144620163,24.98809242248535,156900,0.0,0.0
2020-05-11 00:00:00-04:00,24.39467465179927,24.50593962673137,23.402569180016574,23.65291404724121,357000,0.0,0.0
2020-05-12 00:00:00-04:00,23.884719554886075,23.893991785484097,22.484644567533408,22.531003952026367,493200,0.0,0.0
2020-05-13 00:00:00-04:00,22.252837283222966,22.252837283222966,20.99184260458808,21.640884399414062,299800,0.0,0.0
2020-05-14 00:00:00-04:00,20.926946570715884,22.132310100125196,20.194457990360892,22.085948944091797,386700,0.0,0.0
2020-05-15 00:00:00-04:00,21.94686988379591,22.45683024091665,21.622348852674826,22.271390914916992,200900,0.0,0.0
2020-05-18 00:00:00-04:00,23.495295514776288,24.55230508009467,23.37475828138199,24.357593536376953,361700,0.0,0.0
2020-05-19 00:00:00-04:00,24.033072033910127,24.0794314190328,22.772076951404937,22.781349182128906,364700,0.0,0.0
2020-05-20 00:00:00-04:00,23.34693617870361,24.366858275267067,23.040959726584244,24.070152282714844,322100,0.0,0.0
2020-05-21 00:00:00-04:00,23.95889441192362,24.672840215164843,23.856901649032853,24.301958084106445,171700,0.0,0.0
2020-05-22 00:00:00-04:00,24.487399499393728,24.682112797830218,23.47674939166814,24.0145263671875,124800,0.0,0.0
2020-05-26 00:00:00-04:00,25.358966971695303,26.304713134721613,25.052990479951134,25.980192184448242,195900,0.0,0.0
2020-05-27 00:00:00-04:00,26.888845108272164,28.1498397896135,26.56432421016266,28.0293025970459,475500,0.0,0.0
2020-05-28 00:00:00-04:00,28.576357350018114,28.576357350018114,26.184176931040852,26.332529067993164,206400,0.0,0.0
2020-05-29 00:00:00-04:00,25.766938975302523,26.193450956152418,25.30333807342372,25.65567398071289,200000,0.0,0.0
2020-06-01 00:00:00-04:00,25.878198538030187,26.369616061114716,25.331149409774703,25.85038185119629,262900,0.0,0.0
2020-06-02 00:00:00-04:00,26.313986913951766,26.555059599742368,25.88747492497409,26.156362533569336,235000,0.0,0.0
2020-06-03 00:00:00-04:00,26.953757169858964,27.621343625605963,26.907397785319716,27.16701316833496,451800,0.0,0.0
2020-06-04 00:00:00-04:00,26.82394767655428,27.231916953385085,26.490154471102077,27.194828033447266,333200,0.0,0.0
2020-06-05 00:00:00-04:00,27.945860766382417,30.328769031001354,27.945860766382417,29.689001083374023,270300,0.0,0.0
2020-06-08 00:00:00-04:00,30.33804378969129,30.56984423787171,29.364480846235292,30.41221809387207,169700,0.0,0.0
2020-06-09 00:00:00-04:00,29.614827726337158,30.89436550734047,29.36448280119612,30.356590270996094,333100,0.0,0.0
2020-06-10 00:00:00-04:00,30.161873480186276,30.161873480186276,28.288927184640947,28.37237548828125,383700,0.0,0.0
2020-06-11 00:00:00-04:00,26.88885083225787,27.352451708676107,26.082184529151455,26.10072898864746,494400,0.0,0.0
2020-06-12 00:00:00-04:00,27.31536278968409,27.43590000791115,25.03444732658491,26.10072898864746,345500,0.0,0.0
2020-06-15 00:00:00-04:00,24.94172483223987,26.378888496988758,24.7099244122962,25.961647033691406,288900,0.0,0.0
2020-06-16 00:00:00-04:00,27.259729196639363,27.769691184699603,26.08218263176031,26.58287239074707,314300,0.0,0.0
2020-06-17 00:00:00-04:00,26.65705211195318,26.70341149518382,25.229160471686466,25.284793853759766,264200,0.0,0.0
2020-06-18 00:00:00-04:00,25.034446648030265,25.729847943808885,25.034446648030265,25.54440689086914,251500,0.0,0.0
2020-06-19 00:00:00-04:00,25.82257031305685,26.174906216589804,24.709927453010664,24.92318344116211,527300,0.0,0.0
2020-06-22 00:00:00-04:00,24.533755970067975,25.368238909319444,24.366861150714566,25.219886779785156,192600,0.0,0.0
2020-06-23 00:00:00-04:00,25.729850789899817,25.78548240453662,24.64502457774794,25.136442184448242,335400,0.0,0.0
2020-06-24 00:00:00-04:00,24.821192197487107,24.821192197487107,23.699277118534017,24.10724639892578,326500,0.0,0.0
2020-06-25 00:00:00-04:00,23.912538338009654,25.006635116805935,23.67146562686892,24.98809242248535,382200,0.0,0.0
2020-06-26 00:00:00-04:00,24.478121138314112,24.55229719330762,23.254215346672904,23.7919921875,576500,0.0,0.0
2020-06-29 00:00:00-04:00,24.255592978075573,25.664939791724404,23.884712703035525,25.637123107910156,255400,0.0,0.0
2020-06-30 00:00:00-04:00,25.460953863488804,26.87030065219595,25.442411176437446,26.610685348510742,331300,0.0,0.0
2020-07-01 00:00:00-04:00,26.59214404098713,27.02792818697377,25.10862102296265,25.173524856567383,216000,0.0,0.0
2020-07-02 00:00:00-04:00,25.95237420526557,26.33252674371326,24.83973327633214,24.97881317138672,124000,0.0,0.0
2020-07-06 00:00:00-04:00,25.831840054555375,26.100727629255164,25.108622088351034,25.498046875,307100,0.0,0.0
2020-07-07 00:00:00-04:00,25.10861968778262,25.219884659828963,24.097969784973877,24.17214584350586,191800,0.0,0.0
2020-07-08 00:00:00-04:00,24.06088329613457,24.60793240591312,23.680730764728697,24.135059356689453,458500,0.0,0.0
2020-07-09 00:00:00-04:00,23.96816258726132,25.136436858060744,23.059505410582915,23.08732032775879,212600,0.0,0.0
2020-07-10 00:00:00-04:00,23.170774506749545,24.376137998206417,23.170774506749545,24.357593536376953,172600,0.0,0.0
2020-07-13 00:00:00-04:00,24.77482934095969,25.396054564581473,24.097972509273898,24.811918258666992,202800,0.0,0.0
2020-07-14 00:00:00-04:00,24.830462687922996,25.17352633382191,24.339045139868656,24.75628662109375,161800,0.0,0.0
2020-07-15 00:00:00-04:00,25.414596542953376,26.221262739386617,25.368237168840892,25.924556732177734,337500,0.0,0.0
2020-07-16 00:00:00-04:00,25.60931313712468,26.230538380946406,25.377512699407575,25.989465713500977,267900,0.0,0.0
2020-07-17 00:00:00-04:00,25.83183999273164,25.952375435895433,24.849004914947923,24.904638290405273,238500,0.0,0.0
2020-07-20 00:00:00-04:00,24.747016345552126,24.978816793757193,24.09797438317911,24.27414321899414,184400,0.0,0.0
2020-07-21 00:00:00-04:00,24.64502029106694,25.850381753357777,24.64502029106694,25.683486938476562,208800,0.0,0.0
2020-07-22 00:00:00-04:00,25.349692639671137,25.69275625151964,24.895364054373783,25.38677978515625,172500,0.0,0.0
2020-07-23 00:00:00-04:00,25.46096271025478,27.259734847994782,25.09008231291077,26.92594337463379,426700,0.0,0.0
2020-07-24 00:00:00-04:00,25.7020317873115,27.259731005057105,25.062263855270757,25.906017303466797,476100,0.0,0.0
2020-07-27 00:00:00-04:00,25.896741902726827,26.490150382158777,25.35896502611743,26.378887176513672,755500,0.0,0.0
2020-07-28 00:00:00-04:00,26.415976062082777,26.89812136762548,26.313983309776507,26.32325553894043,293600,0.0,0.0
2020-07-29 00:00:00-04:00,26.360343265512096,26.91666461075319,25.952374043202383,26.823944091796875,255100,0.0,0.0
2020-07-30 00:00:00-04:00,26.21198839671232,26.898117335517917,25.850378587513237,26.610685348510742,169700,0.0,0.0
2020-07-31 00:00:00-04:00,26.33252675882959,26.647775464332568,25.82256655383779,26.45306396484375,310500,0.0,0.0
2020-08-03 00:00:00-04:00,26.67559937530269,26.67559937530269,25.961653480158965,26.091461181640625,147800,0.0,0.0
2020-08-04 00:00:00-04:00,25.980192038032197,26.008006957172334,25.49804672997166,25.84111213684082,128500,0.0,0.0
2020-08-05 00:00:00-04:00,26.232219488865013,26.753697261831366,25.915607539813625,26.716449737548828,144800,0.12,0.0
2020-08-06 00:00:00-04:00,26.5860848596943,26.912009206151044,26.20428832634762,26.81888771057129,123800,0.0,0.0
2020-08-07 00:00:00-04:00,26.614016657888392,28.69061725699942,26.288092374908384,28.681304931640625,258300,0.0,0.0
2020-08-10 00:00:00-04:00,28.709243526818447,29.677704105017487,28.448503730500732,29.19347381591797,366500,0.0,0.0
2020-08-11 00:00:00-04:00,29.826699235434557,30.571671178038354,29.37971820124597,29.575273513793945,275500,0.0,0.0
2020-08-12 00:00:00-04:00,30.282987105786738,30.525100442431434,28.848921078377423,29.379711151123047,248300,0.0,0.0
2020-08-13 00:00:00-04:00,29.156228411317887,29.286599214982942,28.62543819796276,28.765119552612305,226700,0.0,0.0
2020-08-14 00:00:00-04:00,28.439189910286075,29.230717981809242,28.159825494327002,29.053789138793945,230800,0.0,0.0
2020-08-17 00:00:00-04:00,28.951361604920102,28.951361604920102,28.271577731810314,28.485755920410156,333400,0.0,0.0
2020-08-18 00:00:00-04:00,28.485753798170347,28.485753798170347,27.526605520126022,27.58247947692871,233400,0.0,0.0
2020-08-19 00:00:00-04:00,27.619726785576034,27.936338767027245,26.85613381012709,27.237930297851562,268900,0.0,0.0
2020-08-20 00:00:00-04:00,26.98650714288778,27.34036848522669,26.89338564352781,27.070316314697266,170900,0.0,0.0
2020-08-21 00:00:00-04:00,27.05168508075025,27.32173718560424,26.735073125611855,27.135494232177734,253800,0.0,0.0
2020-08-24 00:00:00-04:00,27.31242913580965,27.93634081846789,26.744389637467826,27.796659469604492,177300,0.0,0.0
2020-08-25 00:00:00-04:00,28.08533017000154,28.28088544921799,27.610412236069532,27.936336517333984,102300,0.0,0.0
2020-08-26 00:00:00-04:00,28.215699510728083,28.215699510728083,27.05168547520061,27.209991455078125,378500,0.0,0.0
2020-08-27 00:00:00-04:00,27.331046086064774,28.094638902368427,27.20067532454507,27.852523803710938,143600,0.0,0.0
2020-08-28 00:00:00-04:00,28.141205588549337,28.141205588549337,27.461421747901092,27.51729393005371,244400,0.0,0.0
2020-08-31 00:00:00-04:00,27.219304175226803,27.507980939047943,27.10755982083658,27.284488677978516,247300,0.0,0.0
2020-09-01 00:00:00-04:00,27.284492875806226,27.5638573570521,26.81888718320786,27.358989715576172,256300,0.0,0.0
2020-09-02 00:00:00-04:00,27.340362516811943,27.656974479832368,27.098247381787825,27.52660369873047,201400,0.0,0.0
2020-09-03 00:00:00-04:00,27.62903859872086,28.653371356391382,27.62903859872086,27.80596923828125,223800,0.0,0.0
2020-09-04 00:00:00-04:00,28.420566160656815,28.895484084296594,28.085329561347695,28.3460693359375,164900,0.0,0.0
2020-09-08 00:00:00-04:00,28.048088960454347,28.048088960454347,26.49296580644549,26.65127182006836,171900,0.0,0.0
2020-09-09 00:00:00-04:00,26.893380229041327,26.92131720606818,26.05529045582527,26.399839401245117,143500,0.0,0.0
2020-09-10 00:00:00-04:00,26.427773922451074,26.707138357101332,25.943545432783996,26.008729934692383,116300,0.0,0.0
2020-09-11 00:00:00-04:00,25.88767259760996,26.00873105736057,25.580372949531196,25.859737396240234,145000,0.0,0.0
2020-09-14 00:00:00-04:00,26.027353520593508,26.790946413666624,25.971479570262993,26.558143615722656,108800,0.0,0.0
2020-09-15 00:00:00-04:00,26.6326450867919,27.00512927326314,25.766618243155825,25.906299591064453,125500,0.0,0.0
2020-09-16 00:00:00-04:00,25.98079775481519,26.39984359608027,25.5617536896949,26.101856231689453,292900,0.0,0.0
2020-09-17 00:00:00-04:00,24.220807924963992,25.80386618684752,24.220807924963992,25.58037567138672,150900,0.0,0.0
2020-09-18 00:00:00-04:00,25.924924718939263,26.111167703656122,25.04958553260161,25.394134521484375,602300,0.0,0.0
2020-09-21 00:00:00-04:00,24.71435022574858,25.328949578242963,23.4944620713068,23.960067749023438,325800,0.0,0.0
2020-09-22 00:00:00-04:00,24.08112030889511,24.21148929828896,23.53170560195778,23.801755905151367,232800,0.0,0.0
2020-09-23 00:00:00-04:00,23.932132150295544,24.230119494935277,23.08472997292205,23.1126651763916,270600,0.0,0.0
2020-09-24 00:00:00-04:00,23.08473043269188,23.932132626942764,22.898487450510377,23.37340545654297,321800,0.0,0.0
2020-09-25 00:00:00-04:00,23.205783598575575,24.025248688028128,23.187158947961,23.87625503540039,359700,0.0,0.0
2020-09-28 00:00:00-04:00,24.29530214208494,24.872652134028737,24.29530214208494,24.65847396850586,169100,0.0,0.0
2020-09-29 00:00:00-04:00,24.602600282793077,24.751593934565246,23.84831969867842,24.732969284057617,204900,0.0,0.0
2020-09-30 00:00:00-04:00,25.003020819022243,25.45000176416736,24.844714845598634,25.114765167236328,318800,0.0,0.0
2020-10-01 00:00:00-04:00,25.18926378493675,25.394131398156738,24.658473652765903,25.356882095336914,210200,0.0,0.0
2020-10-02 00:00:00-04:00,24.984395106339676,26.418461131202534,24.75159231862643,26.30671501159668,258400,0.0,0.0
2020-10-05 00:00:00-04:00,26.660581504420986,27.666289741750976,26.520900150153306,27.461423873901367,273600,0.0,0.0
2020-10-06 00:00:00-04:00,27.917715083794214,28.830301755580457,27.293803425298588,27.51729393005371,258900,0.0,0.0
2020-10-07 00:00:00-04:00,27.656974322589427,28.541623927997865,27.656974322589427,28.383317947387695,340500,0.0,0.0
2020-10-08 00:00:00-04:00,28.727863630072406,29.10966005014248,28.215696444412945,29.044475555419922,169000,0.0,0.0
2020-10-09 00:00:00-04:00,29.426273488676628,29.426273488676628,28.467125338902278,28.541622161865234,222800,0.0,0.0
2020-10-12 00:00:00-04:00,28.653368129655345,29.146908913065687,28.392628362620805,28.997915267944336,146100,0.0,0.0
2020-10-13 00:00:00-04:00,28.737181755980345,28.774429284993843,28.206391590489474,28.401945114135742,185200,0.0,0.0
2020-10-14 00:00:00-04:00,28.364695467337082,28.6161229456922,27.71284862022278,27.740785598754883,125600,0.0,0.0
2020-10-15 00:00:00-04:00,27.48936066798534,28.52300410344195,27.30311767946706,28.476444244384766,193500,0.0,0.0
2020-10-16 00:00:00-04:00,28.336758283742626,28.476439614347903,27.610412877992907,27.927024841308594,175900,0.0,0.0
2020-10-19 00:00:00-04:00,28.187765304194954,28.271574459798668,27.26586636869863,27.331050872802734,221100,0.0,0.0
2020-10-20 00:00:00-04:00,27.70353780307008,28.38332166574463,27.358988820318142,27.824594497680664,255100,0.0,0.0
2020-10-21 00:00:00-04:00,27.982895198389187,28.411253264016523,27.945647674851017,28.29950714111328,278700,0.0,0.0
2020-10-22 00:00:00-04:00,28.513689361851288,29.929129117210998,28.22501259446069,29.789447784423828,217700,0.0,0.0
2020-10-23 00:00:00-04:00,30.152620549615893,31.512188089600937,29.13760016926236,29.82669448852539,247200,0.0,0.0
2020-10-26 00:00:00-04:00,29.86394111599004,29.919815063476562,29.081723612621744,29.919815063476562,625400,0.0,0.0
2020-10-27 00:00:00-04:00,29.724262132909008,30.28298921862405,28.476438959398383,28.522998809814453,370500,0.0,0.0
2020-10-28 00:00:00-04:00,27.796656873269374,28.485753002622815,27.656975537452855,27.992210388183594,289500,0.0,0.0
2020-10-29 00:00:00-04:00,27.833907592000852,29.10035563772078,27.414863536504523,28.960674285888672,272800,0.0,0.0
2020-10-30 00:00:00-04:00,28.727870296444202,29.565960150197235,27.7966589531309,29.510087966918945,237300,0.0,0.0
2020-11-02 00:00:00-05:00,30.022254915543936,30.81378312706171,29.826697836026362,30.73928451538086,395700,0.0,0.0
2020-11-03 00:00:00-05:00,31.465630362460676,32.21990923439449,31.28869794377859,32.015045166015625,270000,0.0,0.0
2020-11-04 00:00:00-05:00,31.388944479899934,31.73469845065895,29.445240942334593,29.622791290283203,256900,0.12,0.0
2020-11-05 00:00:00-05:00,29.62279402315976,30.884331113632715,29.62279402315976,30.258235931396484,298200,0.0,0.0
2020-11-06 00:00:00-05:00,30.66005992265733,31.06188359140556,29.86575574652944,29.921825408935547,314600,0.0,0.0
2020-11-09 00:00:00-05:00,32.82802946686848,36.11737405091224,32.82802946686848,34.99600601196289,448200,0.0,0.0
2020-11-10 00:00:00-05:00,35.37914508932071,36.26689507043958,34.99601133722493,35.97720718383789,412300,0.0,0.0
2020-11-11 00:00:00-05:00,36.04261358486521,36.04261358486521,34.47269908393168,34.92124557495117,329900,0.0,0.0
2020-11-12 00:00:00-05:00,34.49139871525902,34.668947304158046,33.594305479666616,34.1082649230957,425500,0.0,0.0
2020-11-13 00:00:00-05:00,34.22040370538779,35.37915191047159,33.96809554223086,35.07077407836914,333300,0.0,0.0
2020-11-16 00:00:00-05:00,36.31361638726393,36.81823259383207,35.41652328540797,36.743473052978516,283400,0.0,0.0
2020-11-17 00:00:00-05:00,36.201489815740054,36.69675942285871,35.45390847665949,36.51921081542969,255800,0.0,0.0
2020-11-18 00:00:00-05:00,36.79954335726398,37.36022566462401,35.93982644594993,35.986549377441406,297600,0.0,0.0
2020-11-19 00:00:00-05:00,35.80899311290057,36.23884969377228,35.34175676897992,36.154747009277344,193700,0.0,0.0
2020-11-20 00:00:00-05:00,35.706204759702985,36.294923620627934,35.36979398203158,36.19213104248047,274700,0.0,0.0
2020-11-23 00:00:00-05:00,36.388371204944974,37.40694674589555,34.94928573663919,37.005123138427734,471300,0.0,0.0
2020-11-24 00:00:00-05:00,37.425641409297015,39.01424615739471,37.173333281828725,38.575042724609375,366400,0.0,0.0
2020-11-25 00:00:00-05:00,38.12648947763776,38.49093329880847,37.696632845730306,38.02369689941406,286600,0.0,0.0
2020-11-27 00:00:00-05:00,37.780738465794045,38.36945737274358,36.44444197487031,37.369571685791016,179100,0.0,0.0
2020-11-30 00:00:00-05:00,37.0238171625749,37.491053636081965,35.35111329661547,35.63145446777344,381700,0.0,0.0
2020-12-01 00:00:00-05:00,36.556578497818776,36.79019672056893,35.855723829568326,36.44444274902344,264700,0.0,0.0
2020-12-02 00:00:00-05:00,36.41641852980388,37.76205853570458,36.061317747027786,37.50975036621094,323100,0.0,0.0
2020-12-03 00:00:00-05:00,37.50974841445035,38.22929310525509,36.68741111571181,37.78074645996094,315900,0.0,0.0
2020-12-04 00:00:00-05:00,38.313386025583796,39.26654873984164,37.73401386917524,39.13572311401367,265800,0.0,0.0
2020-12-07 00:00:00-05:00,38.967514065068116,39.602955814981414,37.94893863341863,39.257198333740234,304200,0.0,0.0
2020-12-08 00:00:00-05:00,38.87407774630986,39.71510492352427,38.87407774630986,39.61231231689453,278700,0.0,0.0
2020-12-09 00:00:00-05:00,40.16364637380488,40.16364637380488,38.8366965153498,39.21048355102539,553400,0.0,0.0
2020-12-10 00:00:00-05:00,38.8180067044952,39.303933060078535,38.78062693143539,39.126380920410156,320500,0.0,0.0
2020-12-11 00:00:00-05:00,38.87407142422533,39.48148023840091,38.57504037978754,39.35065460205078,243800,0.0,0.0
2020-12-14 00:00:00-05:00,39.77116240215289,40.15429609553002,38.22928090468865,38.621761322021484,334100,0.0,0.0
2020-12-15 00:00:00-05:00,39.042284747895714,39.537557912003514,38.42553264810867,39.472145080566406,299500,0.0,0.0
2020-12-16 00:00:00-05:00,39.920689412841696,40.04216834144496,39.22917779470209,39.62165832519531,403700,0.0,0.0
2020-12-17 00:00:00-05:00,39.780505743778185,39.83657539357731,38.96751542770988,39.65902328491211,315300,0.0,0.0
2020-12-18 00:00:00-05:00,39.3786962737029,39.771176833450525,38.640461661479804,38.883426666259766,1470800,0.0,0.0
2020-12-21 00:00:00-05:00,39.098341740043566,39.51885520917649,38.406830305832656,39.35999298095703,503400,0.0,0.0
2020-12-22 00:00:00-05:00,39.593621815397846,39.87396301522131,39.182454959972226,39.74313735961914,327700,0.0,0.0
2020-12-23 00:00:00-05:00,39.92069283564002,41.32240251593938,39.864623165124506,41.2850227355957,311300,0.0,0.0
2020-12-24 00:00:00-05:00,41.46255905983066,41.66814422607422,40.82711724119692,41.66814422607422,215300,0.0,0.0
2020-12-28 00:00:00-05:00,42.05127959731504,42.49982615191866,41.285012120942454,42.27555465698242,338600,0.0,0.0
2020-12-29 00:00:00-05:00,42.29424064540249,42.3503103010617,41.350424612557994,41.52797317504883,281200,0.0,0.0
2020-12-30 00:00:00-05:00,41.247641793700716,42.238184556521695,40.677612636074116,41.92046356201172,293300,0.0,0.0
2020-12-31 00:00:00-05:00,42.07931675607202,42.453107370477035,41.58404722200713,41.93914794921875,249200,0.0,0.0
2021-01-04 00:00:00-05:00,42.37834559704871,42.425072094945044,40.593502458186634,41.462562561035156,323900,0.0,0.0
2021-01-05 00:00:00-05:00,41.135497801870336,42.12604036678532,41.0981180300476,41.677490234375,383100,0.0,0.0
2021-01-06 00:00:00-05:00,42.83624735973293,44.649123903681996,42.83624735973293,43.78006362915039,589300,0.0,0.0
2021-01-07 00:00:00-05:00,44.041699755309644,44.37811050076915,43.378221422995416,43.527740478515625,225500,0.0,0.0
2021-01-08 00:00:00-05:00,42.67738000488495,43.406271365588346,42.58393413120247,43.25675582885742,383800,0.0,0.0
2021-01-11 00:00:00-05:00,42.873621882077266,43.873507698595105,42.873621882077266,43.42496109008789,191700,0.0,0.0
2021-01-12 00:00:00-05:00,44.013663413633076,44.013663413633076,43.17264010967791,43.481014251708984,220700,0.0,0.0
2021-01-13 00:00:00-05:00,43.44364612224568,43.826779863653925,42.89230697585517,43.518402099609375,252900,0.0,0.0
2021-01-14 00:00:00-05:00,43.73332737659449,44.396802224981585,43.312813893556566,44.051048278808594,224600,0.0,0.0
2021-01-15 00:00:00-05:00,43.31281781274138,43.836123923954766,42.95772067469456,43.593162536621094,208300,0.0,0.0
2021-01-19 00:00:00-05:00,43.69594331686139,44.219249329330175,43.303466481057725,44.0977668762207,276000,0.0,0.0
2021-01-20 00:00:00-05:00,44.135157533717084,44.135157533717084,43.481025747871385,43.93891906738281,163500,0.0,0.0
2021-01-21 00:00:00-05:00,44.107123031271406,44.18187901204895,42.89230893460279,43.16330337524414,148600,0.0,0.0
2021-01-22 00:00:00-05:00,42.948379452233574,43.920232255551596,42.50917955369561,43.49037551879883,186800,0.0,0.0
2021-01-25 00:00:00-05:00,43.31281487366787,43.47167711073522,41.92045233299501,43.12592315673828,188700,0.0,0.0
2021-01-26 00:00:00-05:00,44.01367797932692,44.01367797932692,42.2288346470973,42.45310974121094,267100,0.0,0.0
2021-01-27 00:00:00-05:00,41.48124870088579,42.09800063126389,40.85515361061103,41.08877182006836,295100,0.0,0.0
2021-01-28 00:00:00-05:00,41.88307714404127,42.04193939848177,40.89253453822631,41.369117736816406,211800,0.0,0.0
2021-01-29 00:00:00-05:00,41.172884091758604,41.77094627667639,40.07020560154199,40.1543083190918,745800,0.0,0.0
2021-02-01 00:00:00-05:00,40.41595854844751,41.677495713084404,39.69641388756284,41.453224182128906,184900,0.0,0.0
2021-02-02 00:00:00-05:00,41.948489697444096,42.44375921482617,41.44387345441441,41.911109924316406,293600,0.0,0.0
2021-02-03 00:00:00-05:00,41.67748790383257,42.20079398589462,40.95794694250243,41.621421813964844,150600,0.0,0.0
2021-02-04 00:00:00-05:00,41.77094363915696,42.7895193475084,41.77094363915696,42.509178161621094,246800,0.0,0.0
2021-02-05 00:00:00-05:00,42.68673488986981,42.892320128942984,41.03271694348759,42.294254302978516,109300,0.0,0.0
2021-02-08 00:00:00-05:00,42.45309966692814,43.1539542682117,41.808314717050365,43.14460754394531,276500,0.0,0.0
2021-02-09 00:00:00-05:00,42.93903426765751,43.76137149055156,42.518520712499665,43.38758087158203,120000,0.0,0.0
2021-02-10 00:00:00-05:00,43.546839800649046,43.79980165082403,42.59120733575496,42.666160583496094,127900,0.12,0.0
2021-02-11 00:00:00-05:00,42.70364942744404,43.12524905774641,41.644957730934436,41.991607666015625,214700,0.0,0.0
2021-02-12 00:00:00-05:00,41.635588235422155,42.66617427886404,38.07539002618814,42.394474029541016,122200,0.0,0.0
2021-02-16 00:00:00-05:00,42.54437852871911,42.95661081653512,42.08529865735929,42.40384292602539,177100,0.0,0.0
2021-02-17 00:00:00-05:00,42.02907438656412,42.79732734469658,42.02907438656412,42.460044860839844,119800,0.0,0.0
2021-02-18 00:00:00-05:00,42.21646482613476,42.703650364654656,41.40136408866582,41.448211669921875,184500,0.0,0.0
2021-02-19 00:00:00-05:00,41.6824287563164,43.02218431009069,41.6824287563164,42.900390625,148700,0.0,0.0
2021-02-22 00:00:00-05:00,42.816065900496774,44.03402765269259,42.63805371413588,43.94970703125,193800,0.0,0.0
2021-02-23 00:00:00-05:00,43.58432604071378,45.08335558659807,43.44379045717598,43.771705627441406,291600,0.0,0.0
2021-02-24 00:00:00-05:00,49.233795202488025,51.4073897125381,48.65292173186296,50.789039611816406,3236700,0.0,0.0
2021-02-25 00:00:00-05:00,51.48234369628439,51.60414095882613,48.88714599609375,48.88714599609375,1172700,0.0,0.0
2021-02-26 00:00:00-05:00,47.828465584501856,50.985799185722485,46.99463001517386,49.78657531738281,11161300,0.0,0.0
2021-03-01 00:00:00-05:00,49.58045504910605,50.17069958272937,48.94337007941109,49.22443771362305,1298800,0.0,0.0
2021-03-02 00:00:00-05:00,49.18696167937387,49.23380568998901,47.650455257796075,47.912784576416016,783300,0.0,0.0
2021-03-03 00:00:00-05:00,47.99710115693845,49.758463683734604,47.99710115693845,48.568607330322266,538700,0.0,0.0
2021-03-04 00:00:00-05:00,48.79346424247984,49.43054917482696,47.53802554755976,48.35312271118164,590100,0.0,0.0
2021-03-05 00:00:00-05:00,49.5336077828162,49.861522979480995,47.41622793204536,48.812198638916016,573900,0.0,0.0
2021-03-08 00:00:00-05:00,49.599187942451394,51.69783295801111,48.43744089506265,51.40739440917969,809800,0.0,0.0
2021-03-09 00:00:00-05:00,51.276230663566395,51.65098985739604,50.180065918662784,50.53608322143555,543700,0.0,0.0
2021-03-10 00:00:00-05:00,49.271276594994035,50.92958011039055,49.11200268867253,50.68598556518555,943500,0.0,0.0
2021-03-11 00:00:00-05:00,50.32996567992173,51.0045271823504,48.50302098065876,48.896514892578125,729600,0.0,0.0
2021-03-12 00:00:00-05:00,49.65540111153561,50.639139475366704,48.29690357387917,49.27127456665039,640900,0.0,0.0
2021-03-15 00:00:00-04:00,49.13073721541498,49.27127279403558,47.21010456008679,47.70665740966797,524500,0.0,0.0
2021-03-16 00:00:00-04:00,47.16326627770644,47.453704840890026,46.544916089935484,47.125789642333984,496700,0.0,0.0
2021-03-17 00:00:00-04:00,47.463065702985276,49.243166325373444,46.573015391791195,46.89155960083008,468400,0.0,0.0
2021-03-18 00:00:00-04:00,47.1632670129962,49.32749449091987,47.09768468705628,47.809722900390625,376700,0.0,0.0
2021-03-19 00:00:00-04:00,45.48621707226786,48.73724140277809,45.16767287065618,48.681026458740234,1835200,0.0,0.0
2021-03-22 00:00:00-04:00,48.25942443859841,48.39996001498575,46.338791813791076,46.89155960083008,417900,0.0,0.0
2021-03-23 00:00:00-04:00,46.460594417612754,47.17263260406511,45.8328732979267,46.13268280029297,684400,0.0,0.0
2021-03-24 00:00:00-04:00,46.81661085383328,47.80034918638147,46.11394010573197,46.21699905395508,605600,0.0,0.0
2021-03-25 00:00:00-04:00,46.02961965795447,46.92903736138576,44.89597479691335,46.72291946411133,282500,0.0,0.0
2021-03-26 00:00:00-04:00,47.584870909112,47.93152086171838,46.76040277618581,47.59423828125,288500,0.0,0.0
2021-03-29 00:00:00-04:00,46.751023486778266,47.416217532044136,45.476846762683294,46.05772018432617,444000,0.0,0.0
2021-03-30 00:00:00-04:00,46.4699645786799,47.26632702763834,46.273217596478055,46.807247161865234,219600,0.0,0.0
2021-03-31 00:00:00-04:00,46.76039460809761,47.24758007545404,46.366900715599044,46.64796829223633,563600,0.0,0.0
2021-04-01 00:00:00-04:00,46.54491604108708,47.50054879826994,46.37627475605665,47.19137191772461,285000,0.0,0.0
2021-04-05 00:00:00-04:00,48.006477792980775,48.193853841769766,46.779144659186244,47.219486236572266,252400,0.0,0.0
2021-04-06 00:00:00-04:00,46.89155903916068,47.81908596947718,46.69481209374959,46.97587966918945,193200,0.0,0.0
2021-04-07 00:00:00-04:00,47.19137269542524,47.884676164638954,46.6011317620604,46.844722747802734,204800,0.0,0.0
2021-04-08 00:00:00-04:00,46.994624091105536,47.14452705575146,46.067097040255454,46.96651840209961,208700,0.0,0.0
2021-04-09 00:00:00-04:00,47.26631863172205,47.60360115499589,46.825977162562516,47.48180389404297,281500,0.0,0.0
2021-04-12 00:00:00-04:00,47.481798082735494,47.9034011852277,46.81660406211875,46.90092468261719,282600,0.0,0.0
2021-04-13 00:00:00-04:00,46.769768731392205,46.994624969548504,45.917194933912725,46.160789489746094,191200,0.0,0.0
2021-04-14 00:00:00-04:00,45.99213664745672,47.303789963503334,45.99213664745672,46.94776916503906,248100,0.0,0.0
2021-04-15 00:00:00-04:00,47.107046482277056,48.04394082646852,45.95466686779775,46.7697639465332,244400,0.0,0.0
2021-04-16 00:00:00-04:00,47.25694728466944,47.95025064037879,46.779132763413635,46.91029739379883,209000,0.0,0.0
2021-04-19 00:00:00-04:00,47.078944351310895,47.86593580282886,46.80724411322251,47.819091796875,549000,0.0,0.0
2021-04-20 00:00:00-04:00,47.3693764306972,47.79097600061354,44.18393442575725,44.34320831298828,367200,0.0,0.0
2021-04-21 00:00:00-04:00,44.36194855673371,45.8984583799352,44.0434043167243,45.51433181762695,341200,0.0,0.0
2021-04-22 00:00:00-04:00,45.2332623553556,46.61986569571212,44.33384455198412,44.93345642089844,285900,0.0,0.0
2021-04-23 00:00:00-04:00,45.373789311956706,47.238206888519734,45.10208911871913,46.52616882324219,333200,0.0,0.0
2021-04-26 00:00:00-04:00,47.33190366309951,48.46554498494746,47.07894175613067,47.58486557006836,329900,0.0,0.0
2021-04-27 00:00:00-04:00,47.425584032535234,47.89403113875063,46.99461355256935,47.65044021606445,269600,0.0,0.0
2021-04-28 00:00:00-04:00,47.519280001872986,48.062676836977346,46.99461790766178,47.50054168701172,238700,0.0,0.0
2021-04-29 00:00:00-04:00,47.80971651494883,48.381222628068436,47.2756870327806,47.837825775146484,223100,0.0,0.0
2021-04-30 00:00:00-04:00,47.78161944613045,48.36249303476428,47.603610777959936,47.86594009399414,363800,0.0,0.0
2021-05-03 00:00:00-04:00,48.64355176983165,48.999572615004006,47.70665744230207,48.03457260131836,393800,0.0,0.0
2021-05-04 00:00:00-04:00,47.57549969274867,48.45618277540638,47.57549969274867,48.250064849853516,260300,0.0,0.0
2021-05-05 00:00:00-04:00,48.35311564382065,48.53112427510875,47.734765545595295,48.268795013427734,277800,0.0,0.0
2021-05-06 00:00:00-04:00,48.550578936624376,49.32077551176996,47.902487745248585,49.292598724365234,252700,0.13,0.0
2021-05-07 00:00:00-04:00,48.484822500132175,49.4710493053929,48.484822500132175,49.151702880859375,187300,0.0,0.0
2021-05-10 00:00:00-04:00,49.28320224472663,49.89372193051872,48.231223579007214,48.268795013427734,258200,0.0,0.0
2021-05-11 00:00:00-04:00,47.35771356290395,48.61632811477021,47.35771356290395,48.03398513793945,200800,0.0,0.0
2021-05-12 00:00:00-04:00,48.25001444280771,48.56936450342724,47.22621603520477,47.45164108276367,430000,0.0,0.0
2021-05-13 00:00:00-04:00,47.37649193439628,49.68708492972205,47.132284782960085,49.30198669433594,247300,0.0,0.0
2021-05-14 00:00:00-04:00,49.66829989167602,50.1567177842314,49.179881999120646,50.05339813232422,177100,0.0,0.0
2021-05-17 00:00:00-04:00,49.80919326452518,50.429107666015625,49.367741403909434,50.429107666015625,157100,0.0,0.0
2021-05-18 00:00:00-04:00,50.382144628618974,50.65453217960299,49.161101557702786,49.283206939697266,138900,0.0,0.0
2021-05-19 00:00:00-04:00,48.80417656597337,49.08595516476352,47.554956797566966,48.851139068603516,203200,0.0,0.0
2021-05-20 00:00:00-04:00,48.531788095422186,48.84174705620019,47.9118737568754,48.66328811645508,174900,0.0,0.0
2021-05-21 00:00:00-04:00,49.18927190538304,49.856152302044954,48.88870760675051,49.734046936035156,251100,0.0,0.0
2021-05-24 00:00:00-04:00,49.85614821587107,49.85614821587107,48.635101821867316,49.20805358886719,154300,0.0,0.0
2021-05-25 00:00:00-04:00,49.311388185627074,50.1755098397019,47.69585203564909,47.714637756347656,232000,0.0,0.0
2021-05-26 00:00:00-04:00,47.94944213204753,49.18927073003398,47.883693917230744,49.151702880859375,188900,0.0,0.0
2021-05-27 00:00:00-04:00,49.73404264486745,50.20367476883597,49.33954979756934,49.77161407470703,251900,0.0,0.0
2021-05-28 00:00:00-04:00,50.090978176258275,50.72028367984875,49.06717971421501,49.97826385498047,105500,0.0,0.0
2021-06-01 00:00:00-04:00,50.08156993651908,50.99265741309812,48.75720747641379,50.73905563354492,266000,0.0,0.0
2021-06-02 00:00:00-04:00,50.98327578374525,50.98327578374525,50.09097737742286,50.36336135864258,162500,0.0,0.0
2021-06-03 00:00:00-04:00,50.447895536677684,50.626358085163325,50.03462044572887,50.41032409667969,180500,0.0,0.0
2021-06-04 00:00:00-04:00,50.250650419088366,50.66392550648336,49.37713415319988,50.18490219116211,114100,0.0,0.0
2021-06-07 00:00:00-04:00,50.419708728300044,50.804806954224844,49.874933705621096,50.6451301574707,157400,0.0,0.0
2021-06-08 00:00:00-04:00,50.551214083814585,51.772257192585975,50.26004080480363,51.22748565673828,276400,0.0,0.0
2021-06-09 00:00:00-04:00,51.02084341108866,51.678329226888096,49.921905750845866,49.968868255615234,186800,0.0,0.0
2021-06-10 00:00:00-04:00,50.109762553615234,50.88935385376103,48.72904609483004,48.77600860595703,174900,0.0,0.0
2021-06-11 00:00:00-04:00,49.09535028407423,49.36773781814402,48.57875558418935,48.89810562133789,202400,0.0,0.0
2021-06-14 00:00:00-04:00,49.00141692563152,49.03898835764144,47.72402048437482,48.14668655395508,226000,0.0,0.0
2021-06-15 00:00:00-04:00,48.41907643005465,49.28320149350891,47.855519254373846,48.653892517089844,270000,0.0,0.0
2021-06-16 00:00:00-04:00,48.456650442390874,49.283204115980105,47.48920925888907,48.945068359375,209400,0.0,0.0
2021-06-17 00:00:00-04:00,49.19867214712297,49.19867214712297,46.83172533910574,46.95383071899414,267600,0.0,0.0
2021-06-18 00:00:00-04:00,45.99578170991653,46.60630145854207,44.342674255371094,44.342674255371094,466500,0.0,0.0
2021-06-21 00:00:00-04:00,44.831088429266536,46.45601537677167,44.831088429266536,46.13666534423828,137300,0.0,0.0
2021-06-22 00:00:00-04:00,46.127281307851,46.127281307851,45.13165962337078,45.64825439453125,103100,0.0,0.0
2021-06-23 00:00:00-04:00,45.79852943377958,46.16484555043964,45.13165258620968,45.2161865234375,294700,0.0,0.0
2021-06-24 00:00:00-04:00,45.44160676426908,45.87366747214506,44.962579976094915,45.554317474365234,182400,0.0,0.0
2021-06-25 00:00:00-04:00,45.779750631469526,46.04274352953891,45.244366601384755,45.516754150390625,602500,0.0,0.0
2021-06-28 00:00:00-04:00,45.23496842302164,46.06152200804116,43.50672197234935,44.079673767089844,339700,0.0,0.0
2021-06-29 00:00:00-04:00,44.53991948931732,44.70898738071661,43.72276040289381,43.910614013671875,327300,0.0,0.0
2021-06-30 00:00:00-04:00,43.7415444815212,44.032717746455724,43.534905159115446,43.76033020019531,216300,0.0,0.0
2021-07-01 00:00:00-04:00,44.1266405667512,44.47416738745035,43.84486196664353,44.04210662841797,177900,0.0,0.0
2021-07-02 00:00:00-04:00,44.25813955766512,44.25813955766512,43.0089197114496,43.06527328491211,172200,0.0,0.0
2021-07-06 00:00:00-04:00,42.27628493416322,42.88680816767667,41.13977598120087,41.63758850097656,166200,0.0,0.0
2021-07-07 00:00:00-04:00,41.252488341064726,42.52049735749651,41.17734905657755,41.787872314453125,242300,0.0,0.0
2021-07-08 00:00:00-04:00,40.754676341274106,41.50608704508359,40.36018706540245,40.7922477722168,325200,0.0,0.0
2021-07-09 00:00:00-04:00,41.656373682531516,42.43596483520708,41.196136144333266,42.285682678222656,210500,0.0,0.0
2021-07-12 00:00:00-04:00,42.107226992230984,42.83045746531996,41.53427510473676,42.71774673461914,220200,0.0,0.0
2021-07-13 00:00:00-04:00,42.558070002676125,42.81167181318135,41.48730560842875,41.89118957519531,240600,0.0,0.0
2021-07-14 00:00:00-04:00,41.994515612545285,42.642610421126754,41.90059059423395,42.182369232177734,197000,0.0,0.0
2021-07-15 00:00:00-04:00,41.75030178651469,42.586246498997504,41.60941069840691,42.454750061035156,131600,0.0,0.0
2021-07-16 00:00:00-04:00,42.50171335047915,43.00891697745681,41.543663249413314,41.72212219238281,180700,0.0,0.0
2021-07-19 00:00:00-04:00,40.63257841039,41.693948238995894,40.07841224320741,40.397762298583984,198600,0.0,0.0
2021-07-20 00:00:00-04:00,40.34140790429632,42.22932782829057,40.10659179726667,41.13039016723633,276200,0.0,0.0
2021-07-21 00:00:00-04:00,41.72212170152516,42.48292713304084,41.37459488698506,41.89118957519531,191200,0.0,0.0
2021-07-22 00:00:00-04:00,41.80665353283966,41.80665353283966,40.153549897220756,40.51047134399414,225200,0.0,0.0
2021-07-23 00:00:00-04:00,42.3796132971024,43.0934563246043,40.519870014415446,40.64197540283203,244400,0.0,0.0
2021-07-26 00:00:00-04:00,40.48229962281276,41.82544818114969,40.48229962281276,41.22431945800781,237100,0.0,0.0
2021-07-27 00:00:00-04:00,40.76407958495788,41.10221178570518,40.350800923472924,40.71711349487305,162300,0.0,0.0
2021-07-28 00:00:00-04:00,40.914359530111774,41.53427390558274,40.388370163678154,41.21492385864258,178400,0.0,0.0
2021-07-29 00:00:00-04:00,41.54366804374006,41.881803834080905,40.96132506204733,41.468528747558594,138100,0.0,0.0
2021-07-30 00:00:00-04:00,41.14916730188801,41.98511189525087,40.94252802424463,41.12098693847656,167200,0.0,0.0
2021-08-02 00:00:00-04:00,41.290057414970285,42.182359208941214,40.41654133679977,40.53864669799805,269700,0.0,0.0
2021-08-03 00:00:00-04:00,40.56682348107605,41.412162777068765,40.07840561928124,41.149169921875,194400,0.0,0.0
2021-08-04 00:00:00-04:00,40.61220359478415,40.98902540536088,40.22595917258081,40.32016372680664,130000,0.13,0.0
2021-08-05 00:00:00-04:00,40.43320879725689,41.064390792944806,40.339004245625034,41.00786590576172,201700,0.0,0.0
2021-08-06 00:00:00-04:00,41.639038121179745,43.05212762578762,41.54482999800242,42.552833557128906,256100,0.0,0.0
2021-08-09 00:00:00-04:00,42.60937096522797,42.74125878280058,41.789779817688526,41.949928283691406,133200,0.0,0.0
2021-08-10 00:00:00-04:00,41.987601307405754,42.835456490340576,41.61077598306302,42.590518951416016,144200,0.0,0.0
2021-08-11 00:00:00-04:00,42.8448881743338,43.6456413269043,42.47748535098883,43.6456413269043,162800,0.0,0.0
2021-08-12 00:00:00-04:00,43.749251765974435,43.96592506866418,43.184017375798824,43.34416580200195,215000,0.0,0.0
2021-08-13 00:00:00-04:00,43.60794881484207,44.72899867824466,42.769516171475864,42.929664611816406,192600,0.0,0.0
2021-08-16 00:00:00-04:00,42.562257779716276,43.231119308104226,41.97818176856572,42.939083099365234,147900,0.0,0.0
2021-08-17 00:00:00-04:00,42.59052879167923,43.22171081673289,41.968769378431126,42.543426513671875,188300,0.0,0.0
2021-08-18 00:00:00-04:00,42.41153284192324,42.84487948963529,41.94050293953894,42.006446838378906,181200,0.0,0.0
2021-08-19 00:00:00-04:00,41.51657525959055,41.89340061852182,41.30932095281106,41.676727294921875,227000,0.0,0.0
2021-08-20 00:00:00-04:00,41.30931637434215,42.289059324036415,41.30931637434215,42.110069274902344,189000,0.0,0.0
2021-08-23 00:00:00-04:00,42.402103322202414,42.948499644898604,41.902812857007355,42.57167434692383,189300,0.0,0.0
2021-08-24 00:00:00-04:00,42.55284192411396,42.882565029557995,42.07239297929453,42.289066314697266,152400,0.0,0.0
2021-08-25 00:00:00-04:00,42.27022758484268,42.93909285892862,42.110079123479146,42.392696380615234,204400,0.0,0.0
2021-08-26 00:00:00-04:00,42.486902165907615,42.75068139472634,41.86514274472709,41.949928283691406,149100,0.0,0.0
2021-08-27 00:00:00-04:00,41.98759736669074,43.54199719162666,41.949914119058676,43.42894744873047,179400,0.0,0.0
2021-08-30 00:00:00-04:00,43.174604878321595,43.457222116078505,42.23254502334977,42.289066314697266,94000,0.0,0.0
2021-08-31 00:00:00-04:00,42.4115355213734,42.99561163100191,42.19486218382852,42.77893829345703,177100,0.0,0.0
2021-09-01 00:00:00-04:00,42.77894003096671,42.77894003096671,41.86514077551949,42.326751708984375,122700,0.0,0.0
2021-09-02 00:00:00-04:00,41.95935028075306,42.79778304618429,41.95935028075306,42.298492431640625,111200,0.0,0.0
2021-09-03 00:00:00-04:00,42.37385881350708,42.61879642853517,41.94993109032287,42.138343811035156,125100,0.0,0.0
2021-09-07 00:00:00-04:00,42.25138238721558,42.656468405915994,41.66730629263458,41.72383117675781,117600,0.0,0.0
2021-09-08 00:00:00-04:00,41.69557312247574,41.85572518774337,41.281068025108674,41.507164001464844,138700,0.0,0.0
2021-09-09 00:00:00-04:00,41.38468456273809,41.95934157769611,41.177430270478425,41.573097229003906,176200,0.0,0.0
2021-09-10 00:00:00-04:00,41.67672703460536,42.30790537414893,40.6404591008535,40.932498931884766,246900,0.0,0.0
2021-09-13 00:00:00-04:00,41.31874386897319,41.789773774285386,40.82887233620776,41.66730499267578,208700,0.0,0.0
2021-09-14 00:00:00-04:00,41.71441268041105,41.8274624598082,40.649887543638755,41.05497360229492,224000,0.0,0.0
2021-09-15 00:00:00-04:00,41.1962661523714,41.921652480465056,41.0172761208959,41.78034210205078,319400,0.0,0.0
2021-09-16 00:00:00-04:00,42.11949500107872,42.11949500107872,41.11149124978908,41.215118408203125,140400,0.0,0.0
2021-09-17 00:00:00-04:00,41.262224202204294,41.91224785364954,40.87597977477349,41.88398361206055,775800,0.0,0.0
2021-09-20 00:00:00-04:00,40.744085078256475,41.13032944045372,40.11290675692043,40.70640182495117,267900,0.0,0.0
2021-09-21 00:00:00-04:00,41.054973451636386,41.09265311762371,40.41437241209712,40.640464782714844,188500,0.0,0.0
2021-09-22 00:00:00-04:00,41.111494379655795,42.43037970659585,40.91366265871681,41.97819137573242,205000,0.0,0.0
2021-09-23 00:00:00-04:00,41.82745873959121,44.03187893034186,41.82745873959121,43.626792907714844,202000,0.0,0.0
2021-09-24 00:00:00-04:00,43.57968247084749,44.550006457424885,42.910820910567054,44.389854431152344,276600,0.0,0.0
2021-09-27 00:00:00-04:00,44.74785029388924,47.63997422538987,44.35218681625403,47.442142486572266,355400,0.0,0.0
2021-09-28 00:00:00-04:00,47.781270045864396,48.19577502805296,46.321074608059014,48.007362365722656,360000,0.0,0.0
2021-09-29 00:00:00-04:00,48.007372383847795,49.24147216565286,46.782695213645496,49.034217834472656,317400,0.0,0.0
2021-09-30 00:00:00-04:00,49.43930167916923,49.43930167916923,48.092155773956506,48.337093353271484,271400,0.0,0.0
2021-10-01 00:00:00-04:00,48.48782156846711,49.82554482882086,48.12983781968906,49.194366455078125,398500,0.0,0.0
2021-10-04 00:00:00-04:00,49.260305948616924,50.16468246006335,48.91174124830445,49.70307159423828,235600,0.0,0.0
2021-10-05 00:00:00-04:00,49.740754364502955,50.6828141198673,45.915994057674276,50.38135528564453,354400,0.0,0.0
2021-10-06 00:00:00-04:00,49.948013273626984,50.419043194811316,49.260310019938636,50.362518310546875,250300,0.0,0.0
2021-10-07 00:00:00-04:00,50.908911227014244,52.10532757540814,49.33566953023682,51.43646240234375,275100,0.0,0.0
2021-10-08 00:00:00-04:00,51.012538377503354,51.907492290986724,51.012538377503354,51.43646240234375,242800,0.0,0.0
2021-10-11 00:00:00-04:00,51.4364710986186,51.76619423261811,50.75819038799451,50.833553314208984,316500,0.0,0.0
2021-10-12 00:00:00-04:00,50.71109156733202,51.6531515681191,50.57920014853591,51.502418518066406,269000,0.0,0.0
2021-10-13 00:00:00-04:00,51.26689357397076,51.35167910134326,50.14584368419927,50.974857330322266,187400,0.0,0.0
2021-10-14 00:00:00-04:00,51.58719631996414,51.79445063900931,50.9277572933171,51.257476806640625,217700,0.0,0.0
2021-10-15 00:00:00-04:00,51.954607703484676,52.35027115770047,50.76761015349026,51.483577728271484,490600,0.0,0.0
2021-10-18 00:00:00-04:00,51.483572935844606,51.78503180442541,50.588615347513326,50.67340087890625,291400,0.0,0.0
2021-10-19 00:00:00-04:00,50.70166549807856,51.59662315654372,50.26831878974333,50.833553314208984,238500,0.0,0.0
2021-10-20 00:00:00-04:00,50.607455410149534,52.397366937756765,50.50382825346752,52.36910629272461,323700,0.0,0.0
2021-10-21 00:00:00-04:00,52.293748852037446,52.830726356505025,52.14301939626502,52.25606918334961,309400,0.0,0.0
2021-10-22 00:00:00-04:00,52.519832143721516,52.519832143721516,50.475564169099265,52.44446563720703,246300,0.0,0.0
2021-10-25 00:00:00-04:00,51.65313816756867,52.171270314846026,48.75159239293903,49.88206481933594,535200,0.0,0.0
2021-10-26 00:00:00-04:00,49.9103300174507,51.08790482041152,49.46756074156203,50.362518310546875,308800,0.0,0.0
2021-10-27 00:00:00-04:00,50.12701604137633,50.268326490978595,48.139268695722436,48.27116012573242,325500,0.0,0.0
2021-10-28 00:00:00-04:00,48.299409884619386,49.26031138163833,48.299409884619386,48.59144973754883,285600,0.0,0.0
2021-10-29 00:00:00-04:00,48.770437472134304,49.11899860044576,48.384193088418094,48.80812072753906,428400,0.0,0.0
2021-11-01 00:00:00-04:00,49.260314942065854,50.871236570999194,48.958856049879735,50.50383377075195,302200,0.0,0.0
2021-11-02 00:00:00-04:00,50.569773719017874,51.16327243876835,48.506663913354274,50.67340087890625,247000,0.0,0.0
2021-11-03 00:00:00-04:00,50.43731328410951,51.66495733908142,49.71961484658695,51.3155517578125,286000,0.13,0.0
2021-11-04 00:00:00-04:00,51.39110529168631,51.485541681377455,49.95570819218014,50.427879333496094,264100,0.0,0.0
2021-11-05 00:00:00-04:00,50.90948236705444,52.174900922667696,50.90948236705444,51.56107711791992,249200,0.0,0.0
2021-11-08 00:00:00-05:00,51.62718350285985,52.25989461526746,51.41943067991446,51.787723541259766,209100,0.0,0.0
2021-11-09 00:00:00-05:00,51.57052378511965,51.9010420863957,51.15501094651055,51.62718200683594,240300,0.0,0.0
2021-11-10 00:00:00-05:00,51.37221172907423,52.18434290983644,51.37221172907423,51.853824615478516,208800,0.0,0.0
2021-11-11 00:00:00-05:00,52.21268239868803,52.70374078716352,51.5894166753114,52.56208801269531,199600,0.0,0.0
2021-11-12 00:00:00-05:00,52.79816499342381,52.79816499342381,51.35332277898062,51.79716110229492,146000,0.0,0.0
2021-11-15 00:00:00-05:00,51.8254901768553,52.16545387460159,51.61773378325948,52.08990478515625,217100,0.0,0.0
2021-11-16 00:00:00-05:00,52.1937867395457,52.222115848937776,51.42886836454772,51.99547576904297,200600,0.0,0.0
2021-11-17 00:00:00-05:00,51.81605193657982,52.03325019533506,50.7111733678189,51.3155517578125,161000,0.0,0.0
2021-11-18 00:00:00-05:00,51.324995863996655,52.486539911461136,50.68284289563399,51.06058120727539,186500,0.0,0.0
2021-11-19 00:00:00-05:00,51.40998771661693,51.40998771661693,50.16345630940345,50.93781661987305,186200,0.0,0.0
2021-11-22 00:00:00-05:00,51.37220675752983,52.628179756922385,51.05113033020606,51.09834671020508,224900,0.0,0.0
2021-11-23 00:00:00-05:00,51.438312417405974,51.995474368847205,50.9283668478064,51.63662338256836,172100,0.0,0.0
2021-11-24 00:00:00-05:00,51.494980715345754,51.67440804479947,50.54119664686655,50.692291259765625,201500,0.0,0.0
2021-11-26 00:00:00-05:00,48.898021003984425,49.474070122574595,47.46262092553732,48.02922821044922,193900,0.0,0.0
2021-11-29 00:00:00-05:00,48.99246031843587,49.23798763509593,47.34930377581413,47.75537109375,225300,0.0,0.0
2021-11-30 00:00:00-05:00,47.07545965251276,47.81204905605083,46.44275207508292,46.95269775390625,259000,0.0,0.0
2021-12-01 00:00:00-05:00,48.029235419437796,48.49196098907176,45.80058768950596,45.876136779785156,217200,0.0,0.0
2021-12-02 00:00:00-05:00,46.310539448581764,48.01979641787665,45.980017537879995,47.67983627319336,250600,0.0,0.0
2021-12-03 00:00:00-05:00,47.88758396657251,48.04812398655174,46.66938187084053,47.1226692199707,215600,0.0,0.0
2021-12-06 00:00:00-05:00,47.840359115478584,48.69026824165726,47.63260275077305,48.02922821044922,161400,0.0,0.0
2021-12-07 00:00:00-05:00,48.255875231220756,48.66194258338433,46.88658219972562,47.3587532043457,248100,0.0,0.0
2021-12-08 00:00:00-05:00,47.557066057563084,47.623169712654786,46.56550762880851,46.914913177490234,180400,0.0,0.0
2021-12-09 00:00:00-05:00,46.46163358061499,47.009350143533844,46.2727644338784,46.70716094970703,168900,0.0,0.0
2021-12-10 00:00:00-05:00,47.20766823781792,47.20766823781792,46.452191594717654,47.00935363769531,141700,0.0,0.0
2021-12-13 00:00:00-05:00,46.754369533133755,47.43429690696322,45.951680296435214,46.12166213989258,272600,0.0,0.0
2021-12-14 00:00:00-05:00,46.28219942953281,46.98101408845806,45.847802977908934,45.998897552490234,190100,0.0,0.0
2021-12-15 00:00:00-05:00,46.216103443355074,46.216103443355074,44.45018463460824,45.016788482666016,604200,0.0,0.0
2021-12-16 00:00:00-05:00,45.43229562753091,46.3199758386371,45.13010646620204,45.16788101196289,346700,0.0,0.0
2021-12-17 00:00:00-05:00,45.32841796875,45.44173800500575,44.110215871268885,44.85624694824219,1672300,0.0,0.0
2021-12-20 00:00:00-05:00,44.97902655973906,46.461643741949324,44.55407178723737,45.7628288269043,780900,0.0,0.0
2021-12-21 00:00:00-05:00,46.27275768413693,47.849807084229965,46.26331584924807,46.88658142089844,465400,0.0,0.0
2021-12-22 00:00:00-05:00,46.72604461800647,47.56650847361369,46.59383730620925,47.490962982177734,367100,0.0,0.0
2021-12-23 00:00:00-05:00,47.85924945052176,48.340862251283966,47.405965754987164,47.651493072509766,246400,0.0,0.0
2021-12-27 00:00:00-05:00,47.36819795445255,48.30309818618122,47.2832070242954,48.265323638916016,193200,0.0,0.0
2021-12-28 00:00:00-05:00,48.05757448370278,49.322993189018476,47.75538526473601,48.56752014160156,846300,0.0,0.0
2021-12-29 00:00:00-05:00,48.51085216537393,49.21910873303074,47.878144694075864,48.236995697021484,445400,0.0,0.0
2021-12-30 00:00:00-05:00,48.359762449785734,48.96414087206129,47.8403749682914,47.915924072265625,697500,0.0,0.0
2021-12-31 00:00:00-05:00,47.74593424571109,48.52029442069445,46.99045774119947,47.330421447753906,4995700,0.0,0.0
2022-01-03 00:00:00-05:00,47.59483536682863,49.79515022072059,47.54761538777704,49.71015930175781,540600,0.0,0.0
2022-01-04 00:00:00-05:00,49.72905371753289,51.49497239593936,49.72905371753289,50.116233825683594,616300,0.0,0.0
2022-01-05 00:00:00-05:00,50.41842651141931,50.720615709426674,48.58640404820225,49.9273681640625,476800,0.0,0.0
2022-01-06 00:00:00-05:00,50.59785383525107,52.46765084921593,50.210670097692784,52.382659912109375,420000,0.0,0.0
2022-01-07 00:00:00-05:00,52.41099277602901,52.76984382532398,51.919934393409484,52.184349060058594,441200,0.0,0.0
2022-01-10 00:00:00-05:00,52.74150061195974,52.8076042654651,50.98502747290138,52.35432052612305,530800,0.0,0.0
2022-01-11 00:00:00-05:00,52.25988809319467,52.25988809319467,51.39109155220966,51.7593879699707,290000,0.0,0.0
2022-01-12 00:00:00-05:00,51.882153048750936,52.477089573211295,51.64606752661038,52.36376953125,507800,0.0,0.0
2022-01-13 00:00:00-05:00,52.38265820445417,52.95870747024413,51.655514344553666,51.834938049316406,425700,0.0,0.0
2022-01-14 00:00:00-05:00,51.29666619588437,53.00592681409914,51.079467929875776,52.939823150634766,326400,0.0,0.0
2022-01-18 00:00:00-05:00,52.968145829315795,53.16645679562192,51.901038302120526,52.11823654174805,610200,0.0,0.0
2022-01-19 00:00:00-05:00,52.27877627646303,52.27877627646303,51.00391235211814,51.23999786376953,362500,0.0,0.0
2022-01-20 00:00:00-05:00,51.29665744654932,51.77827388664873,49.95569352798627,50.02179718017578,408600,0.0,0.0
2022-01-21 00:00:00-05:00,49.58740482063504,50.541192411567565,48.65250810740905,48.84137725830078,484600,0.0,0.0
2022-01-24 00:00:00-05:00,48.067017483236675,49.681841715567515,47.98202654456772,49.41742706298828,483100,0.0,0.0
2022-01-25 00:00:00-05:00,47.302095069855866,50.928368811773375,47.207662302530906,50.503414154052734,468600,0.0,0.0
2022-01-26 00:00:00-05:00,50.730064705460805,51.27778131436347,49.08690767399349,49.738502502441406,494000,0.0,0.0
2022-01-27 00:00:00-05:00,50.23899694022657,50.39009152160435,47.86869641703768,48.20866012573242,636600,0.0,0.0
2022-01-28 00:00:00-05:00,48.010352858468195,48.907478580491144,47.45319087130694,48.898033142089844,363400,0.0,0.0
2022-01-31 00:00:00-05:00,48.04813208742959,49.6818436591979,47.9820284216987,49.46464538574219,491200,0.0,0.0
2022-02-01 00:00:00-05:00,49.1152342246333,50.32399464072683,48.501413981210135,50.29566192626953,427600,0.0,0.0
2022-02-02 00:00:00-05:00,50.4089765586201,50.4184183934966,48.5391798461152,48.954689025878906,561800,0.0,0.0
2022-02-03 00:00:00-05:00,49.106171049774034,49.967682695860034,48.57601225922012,49.399654388427734,470300,0.13,0.0
2022-02-04 00:00:00-05:00,49.655261029799114,50.29902827789618,48.89788885893062,49.9298095703125,387000,0.0,0.0
2022-02-07 00:00:00-05:00,50.08128119079753,50.317960206611446,49.32390545104488,49.891937255859375,389000,0.0,0.0
2022-02-08 00:00:00-05:00,50.19489385772641,50.819726411497456,49.749936083631546,50.60198211669922,417200,0.0,0.0
2022-02-09 00:00:00-05:00,50.601969268134084,50.9427875948225,50.24221618869245,50.58303451538086,336700,0.0,0.0
2022-02-10 00:00:00-05:00,50.61144241758616,51.16053949534958,49.484851545829464,49.901405334472656,419400,0.0,0.0
2022-02-11 00:00:00-05:00,49.873006846536946,50.630379040842435,49.23870515094419,49.76886749267578,395400,0.0,0.0
2022-02-14 00:00:00-05:00,49.967682695860034,50.60198446354748,49.06830514433154,49.399654388427734,457500,0.0,0.0
2022-02-15 00:00:00-05:00,50.02448270343442,50.601980146536185,49.778338087596026,50.46944046020508,248800,0.0,0.0
2022-02-16 00:00:00-05:00,50.213831935137236,51.03747408059998,49.96768368200568,50.516780853271484,422400,0.0,0.0
2022-02-17 00:00:00-05:00,49.958212332541024,50.469439927076934,49.34284538229199,49.465919494628906,304200,0.0,0.0
2022-02-18 00:00:00-05:00,49.276575539826474,49.939277575917224,49.162970611519235,49.465919494628906,337500,0.0,0.0
2022-02-22 00:00:00-05:00,49.24817333728204,49.53218745296444,48.60440608230302,48.91682052612305,358900,0.0,0.0
2022-02-23 00:00:00-05:00,49.18190945748794,49.60793248835722,48.15945418340168,48.339332580566406,315100,0.0,0.0
2022-02-24 00:00:00-05:00,47.032857574691704,47.88490353531256,45.63171813723164,47.10859298706055,460800,0.0,0.0
2022-02-25 00:00:00-05:00,47.59142356167834,48.95469358252351,47.59142356167834,48.83162307739258,246700,0.0,0.0
2022-02-28 00:00:00-05:00,47.44941836532797,48.519208759919486,47.44941836532797,48.12158966064453,359500,0.0,0.0
2022-03-01 00:00:00-05:00,47.865969631847015,47.865969631847015,45.80212814508463,46.568965911865234,590800,0.0,0.0
2022-03-02 00:00:00-05:00,46.9571176997009,49.08722895120531,46.9571176997009,48.74641418457031,329700,0.0,0.0
2022-03-03 00:00:00-05:00,48.47186870390356,49.238706491512694,48.42453361761488,48.86948776245117,369600,0.0,0.0
2022-03-04 00:00:00-05:00,47.97010592979365,48.036379383287894,47.08019404255134,47.572486877441406,422800,0.0,0.0
2022-03-07 00:00:00-05:00,47.49674672128382,47.790230023014686,45.78319282962984,46.01040267944336,520000,0.0,0.0
2022-03-08 00:00:00-05:00,46.53110371036099,47.45888517364121,46.010406899621664,46.303890228271484,642000,0.0,0.0
2022-03-09 00:00:00-05:00,47.71449774633672,48.18785584456849,47.146465861597186,47.941707611083984,386500,0.0,0.0
2022-03-10 00:00:00-05:00,47.402083535989014,48.254129626906796,47.15593889385497,48.206790924072266,339300,0.0,0.0
2022-03-11 00:00:00-05:00,48.5381485553095,49.14404645218301,48.30146946362851,48.37720489501953,299000,0.0,0.0
2022-03-14 00:00:00-04:00,49.13457634767023,49.33338589960864,48.036385607973706,48.23519515991211,316900,0.0,0.0
2022-03-15 00:00:00-04:00,48.56653384812466,48.74641221340768,47.477812530463886,47.960636138916016,228000,0.0,0.0
2022-03-16 00:00:00-04:00,48.424536840372504,49.05883498401302,47.828104601421636,48.75588607788086,313600,0.0,0.0
2022-03-17 00:00:00-04:00,48.310918631893784,48.718006820252995,47.7239556950595,48.14997863769531,213000,0.0,0.0
2022-03-18 00:00:00-04:00,48.14997986066808,48.14997986066808,46.79617559270374,47.45887756347656,707900,0.0,0.0
2022-03-21 00:00:00-04:00,47.46834840928529,48.112115696828745,47.013925078919726,47.26953887939453,231700,0.0,0.0
2022-03-22 00:00:00-04:00,47.74289705905124,48.329860077146996,46.947655326513015,47.29793930053711,212400,0.0,0.0
2022-03-23 00:00:00-04:00,46.568970402465936,47.108598368693826,45.4045098642144,45.499183654785156,213900,0.0,0.0
2022-03-24 00:00:00-04:00,45.60332136716942,46.01040965552967,45.111032080787545,45.6317253112793,200500,0.0,0.0
2022-03-25 00:00:00-04:00,45.79266584021892,46.95712644110849,45.79266584021892,46.900325775146484,182100,0.0,0.0
2022-03-28 00:00:00-04:00,47.288473954055284,47.288473954055284,45.62225145341486,46.171348571777344,207000,0.0,0.0
2022-03-29 00:00:00-04:00,46.77723964330035,47.60088159132437,46.49322555206121,47.496742248535156,297600,0.0,0.0
2022-03-30 00:00:00-04:00,47.28847481556066,47.69556306964284,45.04475843735208,45.395042419433594,268600,0.0,0.0
2022-03-31 00:00:00-04:00,45.17728834942886,45.66958109924615,44.03175925301031,44.13589859008789,403600,0.0,0.0
2022-04-01 00:00:00-04:00,44.42939065736648,46.02933970292797,43.29333051802966,43.388004302978516,452800,0.0,0.0
2022-04-04 00:00:00-04:00,43.132387711866926,43.492137237104586,41.75017943247113,42.4602165222168,748700,0.0,0.0
2022-04-05 00:00:00-04:00,42.677969500898044,43.34066797459735,41.65551423615771,41.740718841552734,311800,0.0,0.0
2022-04-06 00:00:00-04:00,41.49457810170461,41.6365833830572,40.6709323018277,40.82240676879883,322600,0.0,0.0
2022-04-07 00:00:00-04:00,41.002276404989274,41.22002067893914,39.733676661350856,39.941951751708984,340700,0.0,0.0
2022-04-08 00:00:00-04:00,40.15023129273669,40.35850999888372,39.052040716440864,39.40232467651367,573500,0.0,0.0
2022-04-11 00:00:00-04:00,39.411796750947225,40.481583465772644,39.298188205751465,39.468597412109375,395800,0.0,0.0
2022-04-12 00:00:00-04:00,39.67687693307413,40.1407694733822,38.76803022180798,38.900569915771484,327500,0.0,0.0
2022-04-13 00:00:00-04:00,38.80589851508746,39.74314552797978,38.53134995113489,39.62007141113281,264600,0.0,0.0
2022-04-14 00:00:00-04:00,39.69580753932333,40.24490101566351,39.29818488758317,39.55379867553711,317500,0.0,0.0
2022-04-18 00:00:00-04:00,39.572736323556505,40.08396393682632,39.364461215933595,39.62007141113281,313500,0.0,0.0
2022-04-19 00:00:00-04:00,39.923012305396256,40.888663066481584,39.695802485984984,40.66145324707031,312100,0.0,0.0
2022-04-20 00:00:00-04:00,40.95493684596984,41.693377858826324,40.95493684596984,41.13481521606445,231700,0.0,0.0
2022-04-21 00:00:00-04:00,41.541907703921574,41.57030803415053,40.49105214822225,40.746665954589844,377600,0.0,0.0
2022-04-22 00:00:00-04:00,40.07449114388341,40.727723902192785,39.55379444004799,39.70526885986328,481300,0.0,0.0
2022-04-25 00:00:00-04:00,39.979827421999275,40.53839016258907,38.9952416400383,40.13130187988281,453600,0.0,0.0
2022-04-26 00:00:00-04:00,39.78101440822858,40.07449772481865,38.90056806989402,39.03310775756836,405500,0.0,0.0
2022-04-27 00:00:00-04:00,39.14671317077175,39.14671317077175,38.2662668215843,38.436676025390625,329300,0.0,0.0
2022-04-28 00:00:00-04:00,38.77750061522572,39.108853502758606,38.21893782735122,38.86270523071289,284800,0.0,0.0
2022-04-29 00:00:00-04:00,38.815371602163346,39.09938579403824,37.77398502814327,37.9349250793457,368000,0.0,0.0
2022-05-02 00:00:00-04:00,38.28519646451652,38.55027941915737,37.08286662557842,37.94438171386719,562300,0.0,0.0
2022-05-03 00:00:00-04:00,37.96332075709767,38.59762253217953,37.5846364182069,38.02959060668945,398100,0.0,0.0
2022-05-04 00:00:00-04:00,38.19053512891142,39.449665911582535,37.821316355131444,39.35499572753906,345000,0.0,0.0
2022-05-05 00:00:00-04:00,38.927636426446796,39.317007598474376,37.702540437836184,38.08241271972656,300200,0.13,0.0
2022-05-06 00:00:00-04:00,37.99693606488738,38.139390416988384,37.30366570504279,37.83549118041992,322800,0.0,0.0
2022-05-09 00:00:00-04:00,37.43662184184156,38.025429793207216,36.94278829060512,37.45561599731445,318500,0.0,0.0
2022-05-10 00:00:00-04:00,37.67405094223277,38.01593856410407,35.93612702807425,36.28750991821289,403200,0.0,0.0
2022-05-11 00:00:00-04:00,36.382475524689724,37.142223674487965,35.64171790871712,35.86964416503906,288300,0.0,0.0
2022-05-12 00:00:00-04:00,35.765184184296565,36.382481698564355,35.16688082984253,36.35398864746094,315800,0.0,0.0
2022-05-13 00:00:00-04:00,36.55342365861601,37.161222250741375,36.26851489863755,36.486942291259766,293100,0.0,0.0
2022-05-16 00:00:00-04:00,36.46794450970689,37.360648061682575,35.35680998574158,36.11655807495117,380800,0.0,0.0
2022-05-17 00:00:00-04:00,36.7718444902125,38.19637354487138,36.7718444902125,38.0919075012207,387600,0.0,0.0
2022-05-18 00:00:00-04:00,37.50310278533658,38.034924641675744,37.25618238966652,37.74052429199219,706800,0.0,0.0
2022-05-19 00:00:00-04:00,37.21819903752691,38.28185013743937,37.21819903752691,37.351158142089844,593700,0.0,0.0
2022-05-20 00:00:00-04:00,37.645560923569484,37.968454381070714,36.66738528294754,37.655059814453125,457000,0.0,0.0
2022-05-23 00:00:00-04:00,38.25335239091795,39.40247524838362,38.034925037254816,38.81366729736328,380000,0.0,0.0
2022-05-24 00:00:00-04:00,38.54775548974803,38.85165472469522,37.79750266851261,38.471778869628906,345800,0.0,0.0
2022-05-25 00:00:00-04:00,38.46228964778153,39.411975811924286,38.300844738804564,39.05109405517578,314700,0.0,0.0
2022-05-26 00:00:00-04:00,39.24102374890759,40.43763009248623,39.11756355919388,40.1527214050293,273600,0.0,0.0
2022-05-27 00:00:00-04:00,40.11473620280746,40.91247254732467,39.93429355337483,40.89347839355469,255600,0.0,0.0
2022-05-31 00:00:00-04:00,40.39965225891237,40.978961426884965,39.92480915372374,40.6275749206543,359100,0.0,0.0
2022-06-01 00:00:00-04:00,40.5515916208141,41.377817399876754,39.620899805467715,40.23819351196289,225200,0.0,0.0
2022-06-02 00:00:00-04:00,40.2477047501259,40.846004486083984,39.91531238516138,40.846004486083984,186100,0.0,0.0
2022-06-03 00:00:00-04:00,40.580095437690616,41.282864898442696,40.076762854584274,40.53261184692383,193300,0.0,0.0
2022-06-06 00:00:00-04:00,40.95046956950267,41.491790435358844,40.494620609979876,40.77952575683594,594400,0.0,0.0
2022-06-07 00:00:00-04:00,40.44712844279691,41.46329221211493,40.257190510928226,41.34933090209961,247600,0.0,0.0
2022-06-08 00:00:00-04:00,41.24486810339246,41.35882942237374,39.97228856934565,40.456626892089844,280300,0.0,0.0
2022-06-09 00:00:00-04:00,40.35215644785549,40.87448298076584,39.89630401694594,39.92479705810547,447200,0.0,0.0
2022-06-10 00:00:00-04:00,39.07958745683826,39.72537434411411,38.661723222268456,38.77568817138672,252200,0.0,0.0
2022-06-13 00:00:00-04:00,37.74053292984278,38.813675777150735,37.436629998824415,38.253360748291016,395700,0.0,0.0
2022-06-14 00:00:00-04:00,38.74719942122045,41.17839759730776,38.09191719353903,38.49078369140625,379700,0.0,0.0
2022-06-15 00:00:00-04:00,38.794679282663715,39.563926398186844,38.1393971179505,38.67122268676758,294100,0.0,0.0
2022-06-16 00:00:00-04:00,37.67404576111249,37.996939179277774,37.09474028457223,37.218196868896484,327500,0.0,0.0
2022-06-17 00:00:00-04:00,37.64555698559912,38.23436136200316,37.37014714302956,38.015933990478516,1106400,0.0,0.0
2022-06-21 00:00:00-04:00,38.65222514994178,38.81367004866363,38.01593357654599,38.38631057739258,346200,0.0,0.0
2022-06-22 00:00:00-04:00,37.77851984986957,38.6902214510546,37.2277036797784,37.93046951293945,330400,0.0,0.0
2022-06-23 00:00:00-04:00,37.75001648797998,37.98743797532576,37.33215597444658,37.9019660949707,202800,0.0,0.0
2022-06-24 00:00:00-04:00,37.91146975181985,38.880150069331286,37.91146975181985,38.42430114746094,836900,0.0,0.0
2022-06-27 00:00:00-04:00,38.756689930768275,39.09857387381501,38.348324629689394,38.87065124511719,250400,0.0,0.0
2022-06-28 00:00:00-04:00,39.117569874649824,39.48795050358818,37.6455571171147,38.73769760131836,189300,0.0,0.0
2022-06-29 00:00:00-04:00,38.747188503492865,38.842159278200775,37.702535341058265,38.205867767333984,246200,0.0,0.0
2022-06-30 00:00:00-04:00,37.522094472220864,38.481279417367524,36.876311287193296,38.072914123535156,308200,0.0,0.0
2022-07-01 00:00:00-04:00,37.76901554570471,38.889645401302815,37.75002138951908,38.87065124511719,250500,0.0,0.0
2022-07-05 00:00:00-04:00,38.04442214689827,38.975113984404395,37.59806857133627,38.94662094116211,425800,0.0,0.0
2022-07-06 00:00:00-04:00,38.51927157305844,38.994114648364935,37.911469393543385,38.61423873901367,277700,0.0,0.0
2022-07-07 00:00:00-04:00,38.775679640868006,39.44995580570232,37.2941682331453,38.43379211425781,212200,0.0,0.0
2022-07-08 00:00:00-04:00,38.61423931215495,38.72820063754576,37.987446588357656,38.50977325439453,245900,0.0,0.0
2022-07-11 00:00:00-04:00,38.091907450670284,38.196373494182325,37.48410896779811,37.55058670043945,202200,0.0,0.0
2022-07-12 00:00:00-04:00,37.2656846268204,38.01593390195719,37.07574667987798,37.569583892822266,239600,0.0,0.0
2022-07-13 00:00:00-04:00,37.389138262509974,37.389138262509974,36.648384312930844,36.733856201171875,175200,0.0,0.0
2022-07-14 00:00:00-04:00,36.097566740417825,36.183038633555185,35.51826126778123,36.05008316040039,156600,0.0,0.0
2022-07-15 00:00:00-04:00,36.91429593798973,37.56958163441181,36.334986864883454,37.531593322753906,283500,0.0,0.0
2022-07-18 00:00:00-04:00,37.72153653544634,38.46229060258153,37.56958689032206,38.12990188598633,208100,0.0,0.0
2022-07-19 00:00:00-04:00,38.48128616832952,40.18122537597535,38.48128616832952,39.715877532958984,293000,0.0,0.0
2022-07-20 00:00:00-04:00,39.42146606636825,40.72253855417894,39.354988333153365,40.618072509765625,336300,0.0,0.0
2022-07-21 00:00:00-04:00,40.9409669654078,40.9409669654078,39.92480316261083,40.504112243652344,197000,0.0,0.0
2022-07-22 00:00:00-04:00,40.494618976978,40.808017161817304,39.75386490047108,40.01028060913086,266100,0.0,0.0
2022-07-25 00:00:00-04:00,40.0387689461705,41.225876663529405,40.02927367844834,40.66556167602539,311500,0.0,0.0
2022-07-26 00:00:00-04:00,41.15939994863746,43.22971614921375,40.32367508038038,41.99512481689453,690100,0.0,0.0
2022-07-27 00:00:00-04:00,42.57443039834793,44.32184937718174,42.57443039834793,43.52411651611328,531800,0.0,0.0
2022-07-28 00:00:00-04:00,43.210728874889895,44.87267998546258,43.00179671884709,44.79670333862305,542500,0.0,0.0
2022-07-29 00:00:00-04:00,44.57826924224944,45.57544265758503,44.51179149759579,45.319026947021484,283500,0.0,0.0
2022-08-01 00:00:00-04:00,44.768198164098486,45.670400602833716,44.59725439159014,45.442474365234375,307900,0.0,0.0
2022-08-02 00:00:00-04:00,45.347511351250596,46.07877008421198,44.73021393610664,45.16707229614258,231800,0.0,0.0
2022-08-03 00:00:00-04:00,45.30003039710233,45.727389892151116,44.644744630439135,45.0151252746582,270700,0.0,0.0
2022-08-04 00:00:00-04:00,44.87221038544613,45.43430405491653,44.82457606788399,45.24376678466797,204500,0.15,0.0
2022-08-05 00:00:00-04:00,45.15802831498041,46.205997948771994,44.986541846284936,46.0726203918457,227000,0.0,0.0
2022-08-08 00:00:00-04:00,46.272683384127745,46.58707643211047,45.72011874045967,45.8916015625,224500,0.0,0.0
2022-08-09 00:00:00-04:00,45.739165828602765,46.05355885093252,45.32950781003765,45.901126861572266,296900,0.0,0.0
2022-08-10 00:00:00-04:00,46.58707706283326,47.23491398781186,46.48227937875354,46.89194107055664,331200,0.0,0.0
2022-08-11 00:00:00-04:00,47.19680757791265,47.58741483563714,47.19680757791265,47.28255081176758,376600,0.0,0.0
2022-08-12 00:00:00-04:00,47.49213941829088,48.244774017473055,47.26349323263149,48.21619415283203,349700,0.0,0.0
2022-08-15 00:00:00-04:00,47.844636335624784,48.67348503129644,47.66362085392433,48.60679626464844,197800,0.0,0.0
2022-08-16 00:00:00-04:00,48.41626536531991,49.08315680368909,48.41626536531991,48.987884521484375,277900,0.0,0.0
2022-08-17 00:00:00-04:00,48.6353803718846,49.09267636921826,48.425788644522626,48.49247741699219,327800,0.0,0.0
2022-08-18 00:00:00-04:00,48.5210602691709,48.73065564370584,48.14950747559771,48.70207214355469,223600,0.0,0.0
2022-08-19 00:00:00-04:00,48.34957158883953,48.530583454925186,47.98754422240262,48.2257194519043,266000,0.0,0.0
2022-08-22 00:00:00-04:00,47.70174535841466,47.70174535841466,47.206340333975135,47.32066345214844,234400,0.0,0.0
2022-08-23 00:00:00-04:00,47.48261034152909,48.25429933563684,47.00625991821289,47.00625991821289,204000,0.0,0.0
2022-08-24 00:00:00-04:00,47.05390870675504,47.463570487553895,46.558503678015335,47.22539520263672,306100,0.0,0.0
2022-08-25 00:00:00-04:00,47.330179713101,48.07328523188809,47.19680217221772,47.777950286865234,232300,0.0,0.0
2022-08-26 00:00:00-04:00,48.00658815437302,48.00658815437302,46.72996905869391,46.75855255126953,203700,0.0,0.0
2022-08-29 00:00:00-04:00,46.43465428154845,46.69188038631295,46.05357237907316,46.41559982299805,244300,0.0,0.0
2022-08-30 00:00:00-04:00,46.47275029270529,47.52072349830029,46.18694074000325,46.91099548339844,341200,0.0,0.0
2022-08-31 00:00:00-04:00,46.71092437177512,46.89193987028514,45.986873280531704,46.063087463378906,314100,0.0,0.0
2022-09-01 00:00:00-04:00,45.95829427666605,46.12977709984911,45.224714127416874,45.834442138671875,312000,0.0,0.0
2022-09-02 00:00:00-04:00,46.196465785102504,46.83477360973407,45.529574463689364,45.77727508544922,277300,0.0,0.0
2022-09-06 00:00:00-04:00,45.90113184461884,46.167886946392,44.00525536400984,44.42444610595703,403300,0.0,0.0
2022-09-07 00:00:00-04:00,44.28154024289942,45.38667321258156,43.81471880707456,45.319984436035156,337300,0.0,0.0
2022-09-08 00:00:00-04:00,45.07228686392258,46.67282487889523,44.710259456323385,46.625186920166016,246300,0.0,0.0
2022-09-09 00:00:00-04:00,46.71092431364534,47.43497903825326,46.56802135813509,47.263492584228516,204000,0.0,0.0
2022-09-12 00:00:00-04:00,47.349239152256544,47.777955317569095,46.89194312067843,47.396873474121094,345000,0.0,0.0
2022-09-13 00:00:00-04:00,46.60612932463797,46.80619928873448,45.977346834980054,46.44417190551758,330700,0.0,0.0
2022-09-14 00:00:00-04:00,46.45369417585682,46.52991199212532,45.872549681004294,46.215518951416016,393600,0.0,0.0
2022-09-15 00:00:00-04:00,46.110728529322216,47.577885265140715,46.110728529322216,47.43498229980469,311700,0.0,0.0
2022-09-16 00:00:00-04:00,47.01578812064778,47.57788179892354,46.596601031562585,47.311126708984375,967000,0.0,0.0
2022-09-19 00:00:00-04:00,46.8347879188556,48.9021512834376,46.8347879188556,48.30194854736328,392000,0.0,0.0
2022-09-20 00:00:00-04:00,48.0447069936643,48.57822080950806,47.86369512980962,48.416259765625,264800,0.0,0.0
2022-09-21 00:00:00-04:00,48.64491505235955,49.31180285432432,47.9303892923122,47.93991470336914,246300,0.0,0.0
2022-09-22 00:00:00-04:00,48.25430366692093,48.25430366692093,46.82525226870134,46.86335754394531,191600,0.0,0.0
2022-09-23 00:00:00-04:00,46.40606801315026,46.43465151640692,45.596273561445756,46.082149505615234,199900,0.0,0.0
2022-09-26 00:00:00-04:00,45.68201013585813,46.53943878883587,45.6629556812232,45.834442138671875,236600,0.0,0.0
2022-09-27 00:00:00-04:00,45.99640586587221,46.215526672855404,44.72931534996661,45.11992263793945,222400,0.0,0.0
2022-09-28 00:00:00-04:00,45.18661075436408,45.891607490903546,44.52924834311522,45.32951736450195,379300,0.0,0.0
2022-09-29 00:00:00-04:00,44.795998696126155,44.80552410646228,44.024309625335995,44.47208023071289,273400,0.0,0.0
2022-09-30 00:00:00-04:00,44.64356733991759,45.739171257783255,44.205325772771324,44.26248550415039,377600,0.0,0.0
2022-10-03 00:00:00-04:00,45.00558796450005,45.462883918214715,44.329167625840164,45.14849090576172,306300,0.0,0.0
2022-10-04 00:00:00-04:00,45.805867286705855,46.701404946958334,45.73917487105221,46.577552795410156,478000,0.0,0.0
2022-10-05 00:00:00-04:00,45.89160856572413,46.15836733527813,45.329518426157904,46.082149505615234,339100,0.0,0.0
2022-10-06 00:00:00-04:00,45.92019334999168,46.43465281176941,45.55816591752591,45.729652404785156,275100,0.0,0.0
2022-10-07 00:00:00-04:00,45.491465830092615,45.57720905242047,43.30025459026059,43.366943359375,418800,0.0,0.0
2022-10-10 00:00:00-04:00,43.7861336747818,44.138635633976804,43.29072875728518,43.55748748779297,329100,0.0,0.0
2022-10-11 00:00:00-04:00,43.30978795013349,43.55749225311421,42.71911432914765,43.26215362548828,392900,0.0,0.0
2022-10-12 00:00:00-04:00,43.19546043655556,43.84329736157131,42.814378609746655,43.45269012451172,254400,0.0,0.0
2022-10-13 00:00:00-04:00,42.92870415989082,46.13930519755037,42.62384016051893,46.1011962890625,310900,0.0,0.0
2022-10-14 00:00:00-04:00,46.51085517557714,47.1015286845932,45.54862891678863,45.77727508544922,276200,0.0,0.0
2022-10-17 00:00:00-04:00,46.24410305347955,47.292072600996676,46.24410305347955,47.23491287231445,276700,0.0,0.0
2022-10-18 00:00:00-04:00,47.76843027521309,48.27336067096451,47.10153881043233,47.3682975769043,253000,0.0,0.0
2022-10-19 00:00:00-04:00,46.78713775303377,47.492134323158794,46.644231176629,47.425445556640625,287900,0.0,0.0
2022-10-20 00:00:00-04:00,47.29206784829143,47.48260873803639,44.87220690734044,45.13896560668945,242200,0.0,0.0
2022-10-21 00:00:00-04:00,45.500999723033935,46.83478262253087,45.348567703171376,46.56802749633789,304700,0.0,0.0
2022-10-24 00:00:00-04:00,46.863365376299384,47.25397267839164,46.415598334655144,46.815731048583984,266100,0.0,0.0
2022-10-25 00:00:00-04:00,45.42479057777355,46.24411413842664,43.567022630708166,44.00526428222656,408400,0.0,0.0
2022-10-26 00:00:00-04:00,44.37680757409583,44.710251419667856,43.34788890616155,43.366943359375,335900,0.0,0.0
2022-10-27 00:00:00-04:00,43.824242752493014,44.272013352276964,43.21451473915822,43.48126983642578,342200,0.0,0.0
2022-10-28 00:00:00-04:00,43.88140019044467,44.73882873055207,43.25261780732652,44.12910079956055,390500,0.0,0.0
2022-10-31 00:00:00-04:00,43.91951614604944,44.76742311778697,43.738504258204,44.35776138305664,371700,0.0,0.0
2022-11-01 00:00:00-04:00,44.54829733673863,45.2723521347851,44.28154221865093,44.74836730957031,347500,0.0,0.0
2022-11-02 00:00:00-04:00,44.710256443350225,45.24377029047688,43.9576218110463,44.15768814086914,294300,0.0,0.0
2022-11-03 00:00:00-04:00,43.85183293954242,44.22459204336189,43.08719841298133,44.18635940551758,209800,0.15,0.0
2022-11-04 00:00:00-04:00,44.6738223154471,45.38110797853428,44.29150317870529,44.9605598449707,212100,0.0,0.0
2022-11-07 00:00:00-05:00,45.38110820386277,45.63917307553503,44.951000084409024,45.36199188232422,187500,0.0,0.0
2022-11-08 00:00:00-05:00,45.371542862301126,45.772974596751546,44.90320219271084,45.228172302246094,167500,0.0,0.0
2022-11-09 00:00:00-05:00,44.750280316059545,45.43845324780631,43.41216709234421,45.037017822265625,215200,0.0,0.0
2022-11-10 00:00:00-05:00,46.222208786348325,47.58899480446571,43.81360692881417,47.06330871582031,298100,0.0,0.0
2022-11-11 00:00:00-05:00,47.158873345147356,47.54119238119218,45.75385508065684,46.11705780029297,220300,0.0,0.0
2022-11-14 00:00:00-05:00,46.09795185414599,47.56031575077353,45.53403315445541,46.222206115722656,220400,0.0,0.0
2022-11-15 00:00:00-05:00,46.728769284941635,47.350036859432265,45.524470418069384,46.853023529052734,295800,0.0,0.0
2022-11-16 00:00:00-05:00,46.7478911597334,46.95816703690624,45.945023937696064,46.078834533691406,180000,0.0,0.0
2022-11-17 00:00:00-05:00,45.67739989597713,45.8876721139662,44.5973515661515,44.75027847290039,202800,0.0,0.0
2022-11-18 00:00:00-05:00,45.60093461957016,46.34645648027793,44.60690790266984,44.75027847290039,351400,0.0,0.0
2022-11-21 00:00:00-05:00,44.673822042664675,44.998792213091264,44.2341539442766,44.72161102294922,181800,0.0,0.0
2022-11-22 00:00:00-05:00,44.95099754056674,46.26043814636339,43.49819000044252,45.90679168701172,340000,0.0,0.0
2022-11-23 00:00:00-05:00,45.830322995381984,45.9545772361884,44.44442096719208,45.486236572265625,135100,0.0,0.0
2022-11-25 00:00:00-05:00,45.73475245181759,46.29867119341871,45.323760641189715,45.82077407836914,86100,0.0,0.0
2022-11-28 00:00:00-05:00,45.26640337875982,45.46711923907237,44.740717420104,45.180381774902344,194800,0.0,0.0
2022-11-29 00:00:00-05:00,45.31419614992864,45.70607156791785,44.46354002156657,45.34286880493164,194600,0.0,0.0
2022-11-30 00:00:00-05:00,45.51491390490153,46.47070800246138,44.08122275856177,46.365570068359375,261300,0.0,0.0
2022-12-01 00:00:00-05:00,46.88169961779261,47.64633416437173,46.16485404673748,47.02507019042969,211100,0.0,0.0
2022-12-02 00:00:00-05:00,46.575846282280814,47.26401920437283,46.298665116875405,47.17799758911133,176700,0.0,0.0
2022-12-05 00:00:00-05:00,47.369156137965454,47.369156137965454,44.176803750057154,44.253265380859375,376700,0.0,0.0
2022-12-06 00:00:00-05:00,44.100342596262706,44.434872744735756,43.6893508098388,44.329734802246094,231200,0.0,0.0
2022-12-07 00:00:00-05:00,44.11945931321515,44.39664050116356,43.63200588446577,44.157691955566406,171400,0.0,0.0
2022-12-08 00:00:00-05:00,44.291492453662336,44.7885057526503,43.77536283785968,44.453975677490234,138800,0.0,0.0
2022-12-09 00:00:00-05:00,44.32017481871135,44.606912341641525,43.52686755040236,44.329734802246094,184900,0.0,0.0
2022-12-12 00:00:00-05:00,44.08122701972677,45.142159153944895,43.65111890503489,44.72161102294922,265400,0.0,0.0
2022-12-13 00:00:00-05:00,45.32375404107869,45.97369431458611,44.243709343511604,44.49221420288086,326900,0.0,0.0
2022-12-14 00:00:00-05:00,44.55912352212746,44.9318826678814,43.05852695554263,43.18278121948242,335000,0.0,0.0
2022-12-15 00:00:00-05:00,42.819576888524004,42.97250380560188,41.99759334195593,42.39902877807617,308200,0.0,0.0
2022-12-16 00:00:00-05:00,42.10273481573845,42.81958048335965,41.80644093993702,42.64753723144531,1747000,0.0,0.0
2022-12-19 00:00:00-05:00,43.00117671458455,43.28791420571151,42.37990911208863,42.71443557739258,279400,0.0,0.0
2022-12-20 00:00:00-05:00,42.8960422220102,43.890065361186764,42.389468846148596,42.88648223876953,459400,0.0,0.0
2022-12-21 00:00:00-05:00,43.287918609729715,44.358407053676515,43.22101330986212,43.92829895019531,200500,0.0,0.0
2022-12-22 00:00:00-05:00,43.74669776937405,43.74669776937405,39.96175388947863,43.3930549621582,232900,0.0,0.0
2022-12-23 00:00:00-05:00,43.49818812255573,43.88050722305452,43.326148538002954,43.823158264160156,92700,0.0,0.0
2022-12-27 00:00:00-05:00,43.94741232659576,44.2245934909423,43.488631595642076,43.9091796875,113800,0.0,0.0
2022-12-28 00:00:00-05:00,43.995209844990406,44.12902046174245,43.32615676123018,43.402618408203125,150700,0.0,0.0
2022-12-29 00:00:00-05:00,43.526858873937144,44.40618758844996,43.35481566526034,44.272377014160156,152800,0.0,0.0
2022-12-30 00:00:00-05:00,43.99520529512398,44.26283014701688,43.14454905140213,43.33570861816406,213300,0.0,0.0
2023-01-03 00:00:00-05:00,43.67978640118644,43.880502265542596,42.78133771033837,43.02984619140625,247700,0.0,0.0
2023-01-04 00:00:00-05:00,43.221010652922295,43.84227463436807,42.523281392862486,42.762229919433594,220100,0.0,0.0
2023-01-05 00:00:00-05:00,42.465939857323804,42.60931045675498,41.84467212120977,42.2747802734375,228600,0.0,0.0
2023-01-06 00:00:00-05:00,42.38946658184155,44.01431726975705,42.38946658184155,43.918739318847656,173600,0.0,0.0
2023-01-09 00:00:00-05:00,43.966530273486626,44.02387923425294,43.335706289318345,43.63200378417969,176600,0.0,0.0
2023-01-10 00:00:00-05:00,43.6989020476053,44.82673923866537,43.44083723479684,44.68336868286133,208600,0.0,0.0
2023-01-11 00:00:00-05:00,44.75028245528229,45.40022277832031,44.37752331478865,45.40022277832031,223900,0.0,0.0
2023-01-12 00:00:00-05:00,45.505360370918964,46.99639692146519,45.36198978902859,46.05971908569336,257000,0.0,0.0
2023-01-13 00:00:00-05:00,45.65828784524238,46.77656527174865,45.14215811944006,46.53761672973633,169600,0.0,0.0
2023-01-17 00:00:00-05:00,46.58540790632914,46.58540790632914,45.73474806052322,46.078834533691406,176300,0.0,0.0
2023-01-18 00:00:00-05:00,45.90680408819033,46.25089065723188,44.96056966939236,45.07526397705078,178200,0.0,0.0
2023-01-19 00:00:00-05:00,44.89365089219519,45.16127207851218,43.99520208773353,45.037017822265625,170300,0.0,0.0
2023-01-20 00:00:00-05:00,45.56270706595023,46.289112688619696,45.09436995692099,46.03104782104492,306500,0.0,0.0
2023-01-23 00:00:00-05:00,45.91634935277915,46.442035377578364,45.553146574563364,46.203086853027344,178600,0.0,0.0
2023-01-24 00:00:00-05:00,45.839887945032714,46.0023748513999,45.25685291253268,45.30464553833008,152600,0.0,0.0
2023-01-25 00:00:00-05:00,45.09437287487961,45.323761452412334,44.50178146251009,44.989234924316406,214500,0.0,0.0
2023-01-26 00:00:00-05:00,45.31419645994506,45.76342083707861,44.39663503292186,44.52088928222656,189800,0.0,0.0
2023-01-27 00:00:00-05:00,46.83391232331232,48.31539249412241,45.40022112974153,45.763423919677734,544700,0.0,0.0
2023-01-30 00:00:00-05:00,45.648731016987654,46.136188118182254,43.842280497883806,44.75984573364258,275800,0.0,0.0
2023-01-31 00:00:00-05:00,44.826749718498704,46.59496754112013,44.58780116700578,46.17441940307617,437300,0.0,0.0
2023-02-01 00:00:00-05:00,45.209057863123775,47.14932226512117,45.075247279413254,46.49938201904297,373900,0.0,0.0
2023-02-02 00:00:00-05:00,46.74789843586915,48.22937885164991,46.42292823241495,47.63678741455078,364700,0.0,0.0
2023-02-03 00:00:00-05:00,47.47428966588316,49.080023993784806,47.28313376889989,48.277156829833984,383800,0.0,0.0
2023-02-06 00:00:00-05:00,47.933080984505295,48.53522871031377,47.12065372015276,48.04777526855469,196800,0.0,0.0
2023-02-07 00:00:00-05:00,47.875735657460865,48.61169769099487,47.73236505695542,48.458770751953125,190600,0.0,0.0
2023-02-08 00:00:00-05:00,48.03821583941398,48.61169455841445,47.665456677399746,47.95219421386719,248800,0.0,0.0
2023-02-09 00:00:00-05:00,48.07681442056317,48.51779727091082,47.933013916015625,47.933013916015625,270800,0.15,0.0
2023-02-10 00:00:00-05:00,47.93302011732935,48.57532083154194,47.74128730546019,48.364418029785156,308000,0.0,0.0
2023-02-13 00:00:00-05:00,48.27813547552969,49.14092759033285,47.97136445822203,49.04506301879883,178100,0.0,0.0
2023-02-14 00:00:00-05:00,49.006710959785195,49.62984158513227,48.517795841327235,48.62324905395508,193100,0.0,0.0
2023-02-15 00:00:00-05:00,48.23020052363547,48.98753937368672,47.82756130005237,48.508209228515625,202800,0.0,0.0
2023-02-16 00:00:00-05:00,47.99053957228485,48.82457307254635,47.93301863340509,48.354827880859375,182400,0.0,0.0
2023-02-17 00:00:00-05:00,48.5178063809393,49.32308131221213,48.09599343879674,48.74788284301758,223900,0.0,0.0
2023-02-21 00:00:00-05:00,48.29731254706803,48.54656264493572,47.779635047266765,47.95219421386719,238600,0.0,0.0
2023-02-22 00:00:00-05:00,47.77963896537546,48.48904933701807,47.539973842888024,47.693359375,352400,0.0,0.0
2023-02-23 00:00:00-05:00,47.798807909123866,48.01929936126914,47.33865135808166,47.635833740234375,169600,0.0,0.0
2023-02-24 00:00:00-05:00,47.38657830787889,47.45368423544993,46.840142236515426,47.2619514465332,210300,0.0,0.0
2023-02-27 00:00:00-05:00,47.57831257600244,47.942600863571265,47.28112656109209,47.89466857910156,202400,0.0,0.0
2023-02-28 00:00:00-05:00,47.83715572767482,48.44110915048449,47.49203739635544,47.84674072265625,198000,0.0,0.0
2023-03-01 00:00:00-05:00,47.71252705956692,47.80839163377899,47.13732864329722,47.185264587402344,249700,0.0,0.0
2023-03-02 00:00:00-05:00,46.83055885607102,46.83055885607102,46.06363127109222,46.20743179321289,191500,0.0,0.0
2023-03-03 00:00:00-05:00,46.30328924782973,47.338644071047625,46.00610691142353,47.300296783447266,196800,0.0,0.0
2023-03-06 00:00:00-05:00,47.242787395642054,47.52079981317798,45.75686437953553,46.05405044555664,272700,0.0,0.0
2023-03-07 00:00:00-05:00,46.04445755057,46.04445755057,44.28052227944536,44.52018737792969,291900,0.0,0.0
2023-03-08 00:00:00-05:00,44.65440076990832,45.09538365235506,44.25176152206638,44.894065856933594,194700,0.0,0.0
2023-03-09 00:00:00-05:00,44.60646154659458,44.63522384168179,42.24815814137266,42.38236999511719,230800,0.0,0.0
2023-03-10 00:00:00-05:00,41.45247026230573,42.506995060342305,40.119929460825055,41.203216552734375,376800,0.0,0.0
2023-03-13 00:00:00-04:00,39.96654966362289,40.158282469765545,36.9947039679087,37.09056854248047,576500,0.0,0.0
2023-03-14 00:00:00-04:00,40.0720075783913,40.714312005570775,37.64659771935431,37.92461013793945,405500,0.0,0.0
2023-03-15 00:00:00-04:00,36.419511338875694,38.04923114401204,35.85390153898741,37.85750198364258,432200,0.0,0.0
2023-03-16 00:00:00-04:00,37.41651993101552,40.04325143549485,36.69752452169086,39.2667350769043,319800,0.0,0.0
2023-03-17 00:00:00-04:00,38.12592668394652,38.47104503241162,36.4866181857367,37.03305435180664,1431700,0.0,0.0
2023-03-20 00:00:00-04:00,37.7232864976912,38.62442964332608,36.94677388904758,36.97553253173828,405400,0.0,0.0
2023-03-21 00:00:00-04:00,38.356000128567864,38.710707101595474,37.761631717952724,38.336830139160156,361700,0.0,0.0
2023-03-22 00:00:00-04:00,38.08757038502793,38.308061798427964,36.50578320446286,36.61123275756836,326300,0.0,0.0
2023-03-23 00:00:00-04:00,36.95636236395154,37.85750559443471,35.192426858515994,35.51837158203125,299100,0.0,0.0
2023-03-24 00:00:00-04:00,34.962335601131194,36.52494895718916,33.39013359599417,36.400325775146484,360800,0.0,0.0
2023-03-27 00:00:00-04:00,37.00427946874341,37.00427946874341,36.256525739329895,36.35239028930664,258100,0.0,0.0
2023-03-28 00:00:00-04:00,35.921006753038036,36.735866639194256,34.598054362538036,36.294883728027344,300400,0.0,0.0
2023-03-29 00:00:00-04:00,36.75503325443725,36.78379189101161,35.91141123060341,36.61123275756836,306400,0.0,0.0
2023-03-30 00:00:00-04:00,37.052227703336904,37.397342392041985,35.7676225593255,35.940181732177734,231900,0.0,0.0
2023-03-31 00:00:00-04:00,36.23736956788081,36.630420263471315,35.805971571013195,36.05522537231445,270200,0.0,0.0
2023-04-03 00:00:00-04:00,36.160668101691165,36.69751553537978,35.33621964909923,35.85389709472656,210200,0.0,0.0
2023-04-04 00:00:00-04:00,36.21818295067761,36.59205986177693,34.62680708740958,35.163658142089844,290500,0.0,0.0
2023-04-05 00:00:00-04:00,34.75143530223869,35.767616520009916,34.53094387571261,34.732261657714844,267500,0.0,0.0
2023-04-06 00:00:00-04:00,34.85688938441851,35.42249911242526,34.68433023641653,35.41291046142578,241600,0.0,0.0
2023-04-10 00:00:00-04:00,35.096559871419004,35.978525735381744,35.096559871419004,35.78679656982422,341900,0.0,0.0
2023-04-11 00:00:00-04:00,35.949770813612446,36.131915002548155,35.34581363998382,35.422508239746094,133000,0.0,0.0
2023-04-12 00:00:00-04:00,35.72927706662226,35.82514165326644,34.77061657218216,34.91441345214844,224000,0.0,0.0
2023-04-13 00:00:00-04:00,34.91440349603386,36.02645286319441,34.53094160180472,35.80595779418945,219000,0.0,0.0
2023-04-14 00:00:00-04:00,36.28529812922822,36.67834878434141,34.799375099263706,35.17325210571289,281800,0.0,0.0
2023-04-17 00:00:00-04:00,35.067796921867114,36.23736004755011,34.780195894847694,36.199012756347656,303800,0.0,0.0
2023-04-18 00:00:00-04:00,36.21819006416204,36.659176643582775,35.32663556704958,35.65258026123047,237000,0.0,0.0
2023-04-19 00:00:00-04:00,35.67175015306044,36.889249216169056,35.47043236058551,36.71669006347656,288000,0.0,0.0
2023-04-20 00:00:00-04:00,36.30446597865491,36.73586386218506,36.036042254235696,36.199012756347656,241200,0.0,0.0
2023-04-21 00:00:00-04:00,36.17025819131445,36.342817364166685,35.42250421362104,35.940181732177734,232300,0.0,0.0
2023-04-24 00:00:00-04:00,35.78679285045313,36.44826717967724,35.47043317756397,35.71009826660156,261000,0.0,0.0
2023-04-25 00:00:00-04:00,33.55311307282127,34.655573965156464,32.69990592551795,32.91081237792969,536100,0.0,0.0
2023-04-26 00:00:00-04:00,32.7382510735018,33.68732273318405,32.03842582852544,32.58486557006836,459500,0.0,0.0
2023-04-27 00:00:00-04:00,32.728664036007245,33.131303287994534,32.15346928402432,32.69990539550781,364000,0.0,0.0
2023-04-28 00:00:00-04:00,32.63279624719881,33.83112157657304,32.63279624719881,33.71607971191406,313400,0.0,0.0
2023-05-01 00:00:00-04:00,33.78318672570874,34.06119540166301,33.2559206952818,33.36137390136719,231200,0.0,0.0
2023-05-02 00:00:00-04:00,33.23675635016898,33.23675635016898,31.031838026399672,31.204397201538086,405400,0.0,0.0
2023-05-03 00:00:00-04:00,31.338616067610634,32.958754944621255,31.338616067610634,31.837120056152344,353200,0.0,0.0
2023-05-04 00:00:00-04:00,30.2481432485375,30.893361843777154,28.75547851802194,30.17110252380371,402000,0.15,0.0
2023-05-05 00:00:00-04:00,30.777803919671324,32.01045942602777,30.48890160556624,31.172637939453125,283100,0.0,0.0
2023-05-08 00:00:00-04:00,31.615620956432853,31.779330897733516,30.10369367081398,30.199995040893555,339100,0.0,0.0
2023-05-09 00:00:00-04:00,30.103694372016992,30.286666795750563,29.3236567461152,29.85331153869629,243300,0.0,0.0
2023-05-10 00:00:00-04:00,30.60445797715549,30.60445797715549,29.18883212399807,29.419954299926758,218200,0.0,0.0
2023-05-11 00:00:00-04:00,28.89029961617954,29.323654845140545,28.543615433010736,28.83251953125,257000,0.0,0.0
2023-05-12 00:00:00-04:00,29.179204469212646,29.26587552270265,28.495468199231432,29.21772575378418,229200,0.0,0.0
2023-05-15 00:00:00-04:00,29.333285530570745,30.34444719511857,29.275505441303874,30.122955322265625,198400,0.0,0.0
2023-05-16 00:00:00-04:00,30.228882928250943,30.479265745486018,29.708858489990234,29.708858489990234,210800,0.0,0.0
2023-05-17 00:00:00-04:00,30.354073227528744,32.52084555525939,30.04591034591658,32.35713195800781,430000,0.0,0.0
2023-05-18 00:00:00-04:00,32.376400848143305,32.79049551463634,31.72155363943768,32.31862258911133,394400,0.0,0.0
2023-05-19 00:00:00-04:00,32.877161977047344,33.32014571108006,31.15337313431235,31.345975875854492,385200,0.0,0.0
2023-05-22 00:00:00-04:00,31.702289299562032,32.491960925668906,31.326715965267297,32.30898666381836,209400,0.0,0.0
2023-05-23 00:00:00-04:00,32.5015826472562,34.19647837781453,32.33787273502336,33.71497344970703,310500,0.0,0.0
2023-05-24 00:00:00-04:00,33.37792170952435,33.474221226402015,32.68455343251366,32.81937789916992,211500,0.0,0.0
2023-05-25 00:00:00-04:00,32.52084351910341,33.300882830740434,32.02007794943914,32.81937789916992,231000,0.0,0.0
2023-05-26 00:00:00-04:00,32.75196924000081,34.01351369162818,32.270464228880826,32.98309326171875,128100,0.0,0.0
2023-05-30 00:00:00-04:00,33.175689631034174,33.49348096708861,32.38602185830377,32.88678741455078,202300,0.0,0.0
2023-05-31 00:00:00-04:00,32.67493289956868,32.67493289956868,31.548209175311836,32.20305633544922,306300,0.0,0.0
2023-06-01 00:00:00-04:00,32.386026536132796,33.30088674846486,31.88526090755533,32.809749603271484,213900,0.0,0.0
2023-06-02 00:00:00-04:00,33.320142530179886,35.54469681912117,33.17569324300691,35.24616241455078,315900,0.0,0.0
2023-06-05 00:00:00-04:00,35.0054097861613,35.08245234454562,33.41644559219408,34.090553283691406,315200,0.0,0.0
2023-06-06 00:00:00-04:00,34.04240482491398,37.30701207870429,34.003887213681914,36.613643646240234,324500,0.0,0.0
2023-06-07 00:00:00-04:00,37.11440637160311,39.040426376270524,36.73883305846763,38.29890823364258,443200,0.0,0.0
2023-06-08 00:00:00-04:00,38.1063019363469,38.23149425355318,37.10477074587924,37.981109619140625,284900,0.0,0.0
2023-06-09 00:00:00-04:00,37.9137093339236,38.058162328744785,37.12404128904354,37.509246826171875,185600,0.0,0.0
2023-06-12 00:00:00-04:00,37.576651400035686,38.43372972957758,37.23959568907079,37.66332244873047,287600,0.0,0.0
2023-06-13 00:00:00-04:00,37.759621309842714,38.520400093348336,37.36478735582956,38.29890823364258,273800,0.0,0.0
2023-06-14 00:00:00-04:00,38.347057107628146,38.520399197906045,36.960324058996484,37.191444396972656,290000,0.0,0.0
2023-06-15 00:00:00-04:00,36.902545450174436,37.904076800882,36.51733995418172,37.80777359008789,226000,0.0,0.0
2023-06-16 00:00:00-04:00,38.029264545557254,38.164085350795666,36.31510433634935,36.98921203613281,842700,0.0,0.0
2023-06-20 00:00:00-04:00,36.96995573159837,36.96995573159837,35.79508227916345,36.07435607910156,296100,0.0,0.0
2023-06-21 00:00:00-04:00,35.833607208582464,35.833607208582464,35.13061023189462,35.22691345214844,240600,0.0,0.0
2023-06-22 00:00:00-04:00,35.14986881005491,35.38099285148781,33.801653194479016,34.21574783325195,195700,0.0,0.0
2023-06-23 00:00:00-04:00,33.64756486364703,34.360193811960315,33.310512865277325,33.869056701660156,490800,0.0,0.0
2023-06-26 00:00:00-04:00,34.90910751202318,35.95878840898352,34.687615684501964,35.4772834777832,396000,0.0,0.0
2023-06-27 00:00:00-04:00,35.650629003604855,36.70993848552028,35.06319234280775,36.38251495361328,191800,0.0,0.0
2023-06-28 00:00:00-04:00,36.18028481577105,36.4402979523595,35.19801419096744,36.305477142333984,163200,0.0,0.0
2023-06-29 00:00:00-04:00,36.72919849149795,37.45145594586225,36.10324423520372,37.01810073852539,161500,0.0,0.0
2023-06-30 00:00:00-04:00,37.547760661824114,37.547760661824114,36.28621626804285,36.324737548828125,182300,0.0,0.0
2023-07-03 00:00:00-04:00,36.276586754595165,37.38404977952981,36.16102657740978,37.287750244140625,105500,0.0,0.0
2023-07-05 00:00:00-04:00,37.085511067740185,37.1144038639003,36.22843281134791,36.4402961730957,206000,0.0,0.0
2023-07-06 00:00:00-04:00,35.88174717408366,35.949161246630645,35.08245086921194,35.380985260009766,207400,0.0,0.0
2023-07-07 00:00:00-04:00,35.44839953067979,36.67142267524339,35.44839953067979,36.24769592285156,216300,0.0,0.0
2023-07-10 00:00:00-04:00,35.98767794319361,37.10476924948215,35.98767794319361,36.62326431274414,164700,0.0,0.0
2023-07-11 00:00:00-04:00,36.66178832064079,37.12403265351545,36.44992495714312,36.99884033203125,104000,0.0,0.0
2023-07-12 00:00:00-04:00,37.82703079081527,38.3566892180159,37.567017655714466,37.78851318359375,179500,0.0,0.0
2023-07-13 00:00:00-04:00,38.20260258440359,38.58780803012174,37.5284985647839,37.894439697265625,236200,0.0,0.0
2023-07-14 00:00:00-04:00,38.173713628261744,38.173713628261744,36.93142991767228,37.2973747253418,174100,0.0,0.0
2023-07-17 00:00:00-04:00,37.17218791956268,38.50114286932954,37.17218791956268,38.03889846801758,131500,0.0,0.0
2023-07-18 00:00:00-04:00,38.048517087525504,39.61822415225769,37.69220447602861,39.396732330322266,322600,0.0,0.0
2023-07-19 00:00:00-04:00,39.454522932432795,40.93755561781814,39.29080931363027,40.77384567260742,208300,0.0,0.0
2023-07-20 00:00:00-04:00,40.783472390593374,40.783472390593374,39.618231161968794,40.32122802734375,162700,0.0,0.0
2023-07-21 00:00:00-04:00,40.64864698092104,40.64864698092104,39.79156875804179,40.09010314941406,229600,0.0,0.0
2023-07-24 00:00:00-04:00,39.92638844784048,41.82351907295837,39.92638844784048,41.650177001953125,230700,0.0,0.0
2023-07-25 00:00:00-04:00,43.72065604429665,43.72065604429665,39.753052147142746,40.02269744873047,287500,0.0,0.0
2023-07-26 00:00:00-04:00,40.87977062455912,42.70948721406041,40.87977062455912,42.46873474121094,266300,0.0,0.0
2023-07-27 00:00:00-04:00,42.87320624054311,43.30656148132323,41.467212502538004,41.765743255615234,260800,0.0,0.0
2023-07-28 00:00:00-04:00,42.24725229761193,42.757650151544524,41.794640046091644,42.045021057128906,136400,0.0,0.0
2023-07-31 00:00:00-04:00,41.9968701556458,42.478375195405846,41.76574612018054,42.131690979003906,233300,0.0,0.0
2023-08-01 00:00:00-04:00,41.862041233341806,42.04501179055867,40.8893991839897,41.28423309326172,236300,0.0,0.0
2023-08-02 00:00:00-04:00,40.59086971139558,42.04501307829791,40.04195434934179,40.89903259277344,194600,0.0,0.0
2023-08-03 00:00:00-04:00,40.715421267784635,41.14064626160172,40.13556498172907,40.92803192138672,144500,0.15,0.0
2023-08-04 00:00:00-04:00,40.8507145330746,41.855795679378225,40.34817395992279,41.72049331665039,240400,0.0,0.0
2023-08-07 00:00:00-04:00,41.797813011893936,43.20879032357774,41.681843233476684,42.754573822021484,222400,0.0,0.0
2023-08-08 00:00:00-04:00,41.83646449523411,42.570944562751436,40.74440516130088,42.416316986083984,176300,0.0,0.0
2023-08-09 00:00:00-04:00,42.155385694452086,42.281021762798765,41.37258513667572,41.855796813964844,125100,0.0,0.0
2023-08-10 00:00:00-04:00,42.203701165245356,42.47430217962381,41.73981845195497,42.2133674621582,200100,0.0,0.0
2023-08-11 00:00:00-04:00,41.923449122355215,42.33901148917784,41.82680456808671,42.25203323364258,184100,0.0,0.0
2023-08-14 00:00:00-04:00,41.894445284421316,42.43564361702442,41.05365811181945,41.62384796142578,167800,0.0,0.0
2023-08-15 00:00:00-04:00,40.899032298253836,41.159967022314575,39.681340605915885,39.85529708862305,215200,0.0,0.0
2023-08-16 00:00:00-04:00,39.72966963560311,40.41582941786729,39.642691375413776,40.000267028808594,228400,0.0,0.0
2023-08-17 00:00:00-04:00,40.30950684965462,40.54145001710694,39.71032555643586,39.9905891418457,225400,0.0,0.0
2023-08-18 00:00:00-04:00,39.51704463513838,40.32884028245605,39.304430348318135,40.077571868896484,201600,0.0,0.0
2023-08-21 00:00:00-04:00,40.18388315705191,40.68642003600494,39.304434402353166,39.623355865478516,169300,0.0,0.0
2023-08-22 00:00:00-04:00,39.48806325192508,40.19355193687633,38.33801697257454,38.3863410949707,173600,0.0,0.0
2023-08-23 00:00:00-04:00,38.35734174965353,38.80189929613372,38.048086570040155,38.347679138183594,186400,0.0,0.0
2023-08-24 00:00:00-04:00,38.164055216385684,39.024171306672244,35.86396688217488,38.21237564086914,203900,0.0,0.0
2023-08-25 00:00:00-04:00,38.18338197335457,38.26069760492887,36.87871202674215,36.9173698425293,147200,0.0,0.0
2023-08-28 00:00:00-04:00,37.24595792515678,38.20271500621588,36.540469300620614,37.96110916137695,185100,0.0,0.0
2023-08-29 00:00:00-04:00,38.067417802142685,38.67626558704622,37.506894137374765,38.154396057128906,195800,0.0,0.0
2023-08-30 00:00:00-04:00,38.14472776650153,38.14472776650153,37.43923921957771,37.90312194824219,129600,0.0,0.0
2023-08-31 00:00:00-04:00,37.94177660148215,38.395996725800416,37.69050816913067,37.98043441772461,242500,0.0,0.0
2023-09-01 00:00:00-04:00,38.42498851128088,39.99059690045291,38.42498851128088,39.50738525390625,203900,0.0,0.0
2023-09-05 00:00:00-04:00,39.1691349532923,39.1691349532923,36.36650961071431,38.01909255981445,239400,0.0,0.0
2023-09-06 00:00:00-04:00,38.02875187849304,38.38633112092637,36.86904697457385,37.10098648071289,197700,0.0,0.0
2023-09-07 00:00:00-04:00,36.94636368632162,37.28461406582899,35.206802419153206,36.72408676147461,167000,0.0,0.0
2023-09-08 00:00:00-04:00,36.936697421070356,37.14930802702337,36.14423065901579,36.753074645996094,167400,0.0,0.0
2023-09-11 00:00:00-04:00,37.004355129812446,38.299362712334,36.2312170999368,36.327857971191406,193900,0.0,0.0
2023-09-12 00:00:00-04:00,36.42449535320312,37.17830808590756,36.22154733104186,36.87871551513672,169500,0.0,0.0
2023-09-13 00:00:00-04:00,36.84006353283308,36.91737918397106,35.85431110050282,36.637115478515625,182300,0.0,0.0
2023-09-14 00:00:00-04:00,37.09133113843875,37.593871749024494,36.78207594524948,37.555213928222656,213400,0.0,0.0
2023-09-15 00:00:00-04:00,37.21696238145617,37.4585682241176,36.5694604926976,36.89804458618164,1120000,0.0,0.0
2023-09-18 00:00:00-04:00,36.94636299511506,36.97535451493154,36.05725531236079,36.13456726074219,179000,0.0,0.0
2023-09-19 00:00:00-04:00,36.26987243102483,36.64677700258931,35.46774285067712,35.97028350830078,163900,0.0,0.0
2023-09-20 00:00:00-04:00,36.231212447266,36.47281828098938,35.18747347600707,35.21646499633789,134200,0.0,0.0
2023-09-21 00:00:00-04:00,34.94586628192745,35.53538508312196,34.62694851086576,35.0231819152832,147300,0.0,0.0
2023-09-22 00:00:00-04:00,35.11016418711263,35.380761561674305,34.404671854955,34.54963684082031,147300,0.0,0.0
2023-09-25 00:00:00-04:00,34.27903616467502,34.829897159326705,34.21138682755024,34.60762023925781,201800,0.0,0.0
2023-09-26 00:00:00-04:00,34.124409564600874,34.578626028862345,33.84414591037599,34.240379333496094,293100,0.0,0.0
2023-09-27 00:00:00-04:00,34.588284904207086,37.448896500489965,34.52063557965126,34.76224136352539,238500,0.0,0.0
2023-09-28 00:00:00-04:00,34.88788091500961,35.834979027424176,34.23071275235305,35.21646499633789,357700,0.0,0.0
2023-09-29 00:00:00-04:00,35.64169025962992,36.298858360269776,35.129483433576674,35.27444839477539,234800,0.0,0.0
2023-10-02 00:00:00-04:00,35.052180274867766,35.36143549541685,34.646280493763946,34.926544189453125,232400,0.0,0.0
2023-10-03 00:00:00-04:00,34.73325263304403,35.05217409674357,34.25004097527797,34.61728286743164,234200,0.0,0.0
2023-10-04 00:00:00-04:00,34.69460365127912,35.41942124549849,34.25971235742491,34.800907135009766,183100,0.0,0.0
2023-10-05 00:00:00-04:00,34.665602194545826,35.60303396054537,34.665602194545826,35.467735290527344,236000,0.0,0.0
2023-10-06 00:00:00-04:00,35.05217661029759,35.767327850571164,34.54963600779076,35.458072662353516,199000,0.0,0.0
2023-10-09 00:00:00-04:00,35.07150601330323,35.79632356211522,35.07150601330323,35.52572250366211,128900,0.0,0.0
2023-10-10 00:00:00-04:00,35.690008401539885,36.617773771352184,35.21645942031235,36.4631462097168,272600,0.0,0.0
2023-10-11 00:00:00-04:00,36.55979073987133,37.284608126276915,36.11523327438422,36.4631462097168,142500,0.0,0.0
2023-10-12 00:00:00-04:00,36.356848583077934,36.482484661847145,34.63661604893741,35.187477111816406,306300,0.0,0.0
2023-10-13 00:00:00-04:00,35.56438106112129,35.56438106112129,34.09541702270508,34.09541702270508,176100,0.0,0.0
2023-10-16 00:00:00-04:00,34.549628969883265,35.26478375108938,34.501308547807206,35.013511657714844,213000,0.0,0.0
2023-10-17 00:00:00-04:00,34.71392376703991,36.1442335200057,34.71392376703991,35.62236404418945,237000,0.0,0.0
2023-10-18 00:00:00-04:00,35.187474282573454,35.27445253217208,34.617284354451925,34.810569763183594,241300,0.0,0.0
2023-10-19 00:00:00-04:00,34.85889037431902,35.16814555524694,34.250042623974174,34.33702087402344,224200,0.0,0.0
2023-10-20 00:00:00-04:00,34.40466918092549,34.40466918092549,33.07100763571658,33.19664001464844,256700,0.0,0.0
2023-10-23 00:00:00-04:00,32.945375165768056,33.65086383347606,32.87772582000242,33.157989501953125,323300,0.0,0.0
2023-10-24 00:00:00-04:00,33.96011617574799,35.15848276055959,32.94537238820179,33.302947998046875,346800,0.0,0.0
2023-10-25 00:00:00-04:00,33.177314613210726,33.4575745764495,32.00793958473802,33.16764831542969,220800,0.0,0.0
2023-10-26 00:00:00-04:00,33.341605976649696,34.25970890753212,32.916381024707725,33.8248176574707,195300,0.0,0.0
2023-10-27 00:00:00-04:00,33.78615591545033,33.78615591545033,32.56846424327193,32.819732666015625,319500,0.0,0.0
2023-10-30 00:00:00-04:00,33.20630047376455,34.25003557286784,32.93570316781403,33.91178894042969,194300,0.0,0.0
2023-10-31 00:00:00-04:00,33.88280355194632,34.36601522086768,33.50589535343319,34.211387634277344,191500,0.0,0.0
2023-11-01 00:00:00-04:00,34.0664205367963,34.501311749056576,33.38992350512613,34.43366241455078,183200,0.0,0.0
2023-11-02 00:00:00-04:00,34.84128161023196,36.17087817186736,34.65688249362204,36.03500747680664,209300,0.15,0.0
2023-11-03 00:00:00-04:00,37.238434511220234,37.878970392883964,35.54975068783338,37.43253707885742,224800,0.0,0.0
2023-11-06 00:00:00-05:00,37.42282525176748,37.946897254389924,35.821484054438415,37.7722053527832,317000,0.0,0.0
2023-11-07 00:00:00-05:00,37.34519003127927,37.63634202323727,36.743475420939625,36.76288604736328,320500,0.0,0.0
2023-11-08 00:00:00-05:00,36.908466170191105,36.908466170191105,35.83120029348656,36.02530288696289,208400,0.0,0.0
2023-11-09 00:00:00-05:00,36.161165948994075,36.76288423181611,35.16154280183224,35.36534881591797,177000,0.0,0.0
2023-11-10 00:00:00-05:00,35.569157103509625,35.569157103509625,34.055161697831444,35.25859451293945,245900,0.0,0.0
2023-11-13 00:00:00-05:00,35.01597132481839,35.607978786593996,34.51130613097483,35.355648040771484,209200,0.0,0.0
2023-11-14 00:00:00-05:00,36.98609883302754,39.15033347343203,36.69494687149384,38.616554260253906,420200,0.0,0.0
2023-11-15 00:00:00-05:00,38.52921716831258,39.40267325392234,38.31570395302626,39.13093185424805,291600,0.0,0.0
2023-11-16 00:00:00-05:00,38.97564650868791,38.97564650868791,36.85993630933047,38.373931884765625,203800,0.0,0.0
2023-11-17 00:00:00-05:00,38.72331350600758,39.218271504429175,38.43215782225548,38.73301696777344,244800,0.0,0.0
2023-11-20 00:00:00-05:00,38.75242981418352,38.80095453019011,38.34481405489145,38.50009536743164,195000,0.0,0.0
2023-11-21 00:00:00-05:00,38.32540903046278,38.32540903046278,37.41312803463359,37.665462493896484,162400,0.0,0.0
2023-11-22 00:00:00-05:00,38.09248341205523,38.2865859787984,36.966692967583064,37.713985443115234,115400,0.0,0.0
2023-11-24 00:00:00-05:00,37.78192103366824,38.014841153527165,37.180206404801034,37.5587043762207,75900,0.0,0.0
2023-11-27 00:00:00-05:00,37.33548430588973,37.63633974172248,36.94727920534643,37.121971130371094,153900,0.0,0.0
2023-11-28 00:00:00-05:00,37.12197168324062,37.12197168324062,36.60760306422858,36.93757629394531,195300,0.0,0.0
2023-11-29 00:00:00-05:00,37.35489795418829,38.28658582825384,36.102940290926036,37.46165084838867,391700,0.0,0.0
2023-11-30 00:00:00-05:00,37.59752555711852,38.36422496087766,36.869643705127984,37.43253707885742,263100,0.0,0.0
2023-12-01 00:00:00-05:00,37.14138910460943,40.03350619909209,35.99618790382919,39.85881423950195,371900,0.0,0.0
2023-12-04 00:00:00-05:00,39.26680261326348,40.67404173920986,38.907715234267144,40.42171096801758,402500,0.0,0.0
2023-12-05 00:00:00-05:00,40.11114034131085,40.56727707194578,38.917410965930664,39.004756927490234,337000,0.0,0.0
2023-12-06 00:00:00-05:00,39.4511955245169,40.60609999521698,38.83977376840588,39.2376823425293,405800,0.0,0.0
2023-12-07 00:00:00-05:00,39.31532842802622,40.4314155560434,38.810666871603495,40.17908477783203,370900,0.0,0.0
2023-12-08 00:00:00-05:00,40.32465684495432,40.6643372890146,39.57736431066029,40.25672149658203,329400,0.0,0.0
2023-12-11 00:00:00-05:00,40.20818504514929,40.615797016454714,39.606470548470824,40.15966033935547,287600,0.0,0.0
2023-12-12 00:00:00-05:00,40.217897167232344,40.33436092885783,39.74234976495649,39.79087448120117,320300,0.0,0.0
2023-12-13 00:00:00-05:00,39.85881316199191,42.76063734367237,39.402672646259816,42.4306640625,420200,0.0,0.0
2023-12-14 00:00:00-05:00,43.663204083743835,45.15778521718044,43.595265043762026,44.856929779052734,584700,0.0,0.0
2023-12-15 00:00:00-05:00,45.13836786252428,45.50716228565364,43.77965760721232,44.08051300048828,1447400,0.0,0.0
2023-12-18 00:00:00-05:00,44.54636986150029,44.81811122900972,43.75055268333828,44.313446044921875,336200,0.0,0.0
2023-12-19 00:00:00-05:00,44.459024193616195,45.55569683544939,44.41049577577704,45.19660949707031,280500,0.0,0.0
2023-12-20 00:00:00-05:00,45.20631161151973,46.555318547504356,44.32314485540522,44.400787353515625,391200,0.0,0.0
2023-12-21 00:00:00-05:00,45.021913614132615,45.16749145049739,44.07081520255775,44.81810760498047,230200,0.0,0.0
2023-12-22 00:00:00-05:00,44.963689306354475,46.332107017457375,44.76958674191607,45.07044219970703,185600,0.0,0.0
2023-12-26 00:00:00-05:00,45.33247546407752,46.050653768294694,44.81810686785861,45.691566467285156,160000,0.0,0.0
2023-12-27 00:00:00-05:00,45.90507904727132,45.9536037611527,45.42953166815614,45.62363052368164,180000,0.0,0.0
2023-12-28 00:00:00-05:00,45.371298381380896,45.6915681470105,42.81885852673262,45.516876220703125,127900,0.0,0.0
2023-12-29 00:00:00-05:00,45.34218446059899,45.39070917315152,44.55607078933426,44.57548141479492,132400,0.0,0.0
2024-01-02 00:00:00-05:00,44.08051926857205,45.01221077012914,43.49821531952231,44.226097106933594,235500,0.0,0.0
2024-01-03 00:00:00-05:00,43.983472458819584,43.983472458819584,42.508298171051955,42.644168853759766,266300,0.0,0.0
2024-01-04 00:00:00-05:00,42.89650653157119,43.216772636090155,42.45007319693327,42.576236724853516,222500,0.0,0.0
2024-01-05 00:00:00-05:00,42.12979416450486,43.284698503954694,42.12979416450486,43.15853500366211,267600,0.0,0.0
2024-01-08 00:00:00-05:00,43.090603671269726,43.88642080293441,42.993550544116566,43.78936767578125,245000,0.0,0.0
2024-01-09 00:00:00-05:00,43.04207279276241,43.556445081734644,42.99354808306263,43.26529312133789,260100,0.0,0.0
2024-01-10 00:00:00-05:00,42.9935490639254,43.65349549705313,42.877089017549366,43.55644607543945,152400,0.0,0.0
2024-01-11 00:00:00-05:00,43.168242251232186,43.44969076524748,42.35301449828327,43.28470230102539,279200,0.0,0.0
2024-01-12 00:00:00-05:00,43.886423627998205,44.42990636624807,42.76063319593971,43.245887756347656,336100,0.0,0.0
2024-01-16 00:00:00-05:00,41.53778886248479,42.906206549446466,41.50867477410212,42.67328643798828,451400,0.0,0.0
2024-01-17 00:00:00-05:00,41.7221889557187,42.58594148550717,41.59602173272308,42.30449295043945,240700,0.0,0.0
2024-01-18 00:00:00-05:00,42.556828453310565,42.74122757727879,41.94541030113918,42.343318939208984,207700,0.0,0.0
2024-01-19 00:00:00-05:00,42.56653035575206,43.53703947028467,42.139503975950696,43.5273323059082,260700,0.0,0.0
2024-01-22 00:00:00-05:00,44.061111741159245,44.87633947996601,43.87671265480411,44.81810760498047,268100,0.0,0.0
2024-01-23 00:00:00-05:00,45.25484610622656,45.25484610622656,44.012591783260554,44.070823669433594,295500,0.0,0.0
2024-01-24 00:00:00-05:00,44.41049523244095,44.83752161013073,44.12905040428903,44.468727111816406,268300,0.0,0.0
2024-01-25 00:00:00-05:00,45.13837714215558,45.33247970487488,43.983472632383354,44.59489440917969,348500,0.0,0.0
2024-01-26 00:00:00-05:00,43.87671618944691,45.303365772837054,43.78937022103122,45.22572326660156,260600,0.0,0.0
2024-01-29 00:00:00-05:00,45.487757966942304,45.90507715305906,42.05215875644834,45.82743835449219,309800,0.0,0.0
2024-01-30 00:00:00-05:00,45.70127758093046,46.30299223784555,45.6527528622145,45.943904876708984,263600,0.0,0.0
2024-01-31 00:00:00-05:00,45.19661518189669,45.633345081991465,43.10031536364071,43.197364807128906,674400,0.0,0.0
2024-02-01 00:00:00-05:00,43.342941935877846,43.69232584999921,40.74197691097313,42.372432708740234,377400,0.0,0.0
2024-02-02 00:00:00-05:00,41.30486760621863,42.30449076976775,40.606099886814334,41.87746810913086,281700,0.0,0.0
2024-02-05 00:00:00-05:00,41.23693682756582,41.528088842117356,40.567283121678685,40.877845764160156,384600,0.0,0.0
2024-02-06 00:00:00-05:00,40.897255193643524,41.78041837648239,40.3634758989077,40.741973876953125,318300,0.0,0.0
2024-02-07 00:00:00-05:00,40.790498746884175,42.576235746604794,39.684118898550494,40.208194732666016,282500,0.0,0.0
2024-02-08 00:00:00-05:00,40.41274388622577,40.67573026233976,40.062090430538554,40.61729049682617,232500,0.15,0.0
2024-02-09 00:00:00-05:00,40.578326799353555,41.191970325987164,40.02312675190214,41.172489166259766,355800,0.0,0.0
2024-02-12 00:00:00-05:00,41.16274955510677,42.26341100355102,40.9095018925633,41.59132766723633,358100,0.0,0.0
2024-02-13 00:00:00-05:00,40.042607471156614,40.451700673978095,39.15623514939216,39.935462951660156,570500,0.0,0.0
2024-02-14 00:00:00-05:00,40.539361048101306,40.76338879252475,39.730913423934155,40.57832336425781,676300,0.0,0.0
2024-02-15 00:00:00-05:00,40.76338821875785,42.99393062603358,40.5783227930958,42.6822395324707,351900,0.0,0.0
2024-02-16 00:00:00-05:00,42.20497009140374,42.72120784084859,41.80561187387672,42.312110900878906,279500,0.0,0.0
2024-02-20 00:00:00-05:00,41.62054447222905,42.08808115625241,41.21145126707784,41.3185920715332,256700,0.0,0.0
2024-02-21 00:00:00-05:00,41.12378987056628,41.34781764346495,40.773136411889595,40.938720703125,271200,0.0,0.0
2024-02-22 00:00:00-05:00,40.704955058739785,41.24067398040586,40.383521476349216,40.665992736816406,267900,0.0,0.0
2024-02-23 00:00:00-05:00,40.73417289891084,41.610806519952504,40.46144409043181,40.890018463134766,210300,0.0,0.0
2024-02-26 00:00:00-05:00,40.948457828059,41.2796300832108,40.25689343854085,40.724430084228516,247900,0.0,0.0
2024-02-27 00:00:00-05:00,40.9776799207847,41.26015115395364,40.6270264886648,40.812095642089844,180500,0.0,0.0
2024-02-28 00:00:00-05:00,40.383520412662655,40.66599166568965,40.188712523828464,40.47118377685547,273300,0.0,0.0
2024-02-29 00:00:00-05:00,41.38678493434175,41.932242632758864,40.80236119448525,41.28937911987305,275500,0.0,0.0
2024-03-01 00:00:00-05:00,41.00689867450505,41.26015001992046,40.31533426663795,41.07508087158203,178100,0.0,0.0
2024-03-04 00:00:00-05:00,41.00689941360772,41.85431310509709,40.38351719158184,40.646507263183594,307500,0.0,0.0
2024-03-05 00:00:00-05:00,40.32508199723459,42.302373403329405,40.32508199723459,42.20497131347656,215600,0.0,0.0
2024-03-06 00:00:00-05:00,42.21470799370486,43.023155704192256,41.201709959380885,42.42899703979492,280900,0.0,0.0
2024-03-07 00:00:00-05:00,43.042630954130175,43.31536344324604,42.438729934750164,42.653018951416016,220400,0.0,0.0
2024-03-08 00:00:00-05:00,43.34458465332137,43.490691481109806,42.40951135929809,42.55561447143555,240200,0.0,0.0
2024-03-11 00:00:00-04:00,42.58483675804977,42.91600900396478,42.166001161285166,42.653018951416016,187000,0.0,0.0
2024-03-12 00:00:00-04:00,42.399769466204354,42.69198312552884,41.69846634451824,41.81534957885742,371300,0.0,0.0
2024-03-13 00:00:00-04:00,41.57184508577394,42.39003524429593,41.45496183902835,41.68872833251953,206800,0.0,0.0
2024-03-14 00:00:00-04:00,41.44521747721519,41.7276887164192,39.93546291502146,40.2374153137207,265800,0.0,0.0
2024-03-15 00:00:00-04:00,40.062087934653505,41.0458623212407,40.062087934653505,40.821834564208984,860700,0.0,0.0
2024-03-18 00:00:00-04:00,40.899761823846276,41.18222936086566,40.519884769055494,40.773136138916016,280700,0.0,0.0
2024-03-19 00:00:00-04:00,40.73417018335817,41.29911263828996,40.67572670730109,41.08482360839844,228200,0.0,0.0
2024-03-20 00:00:00-04:00,40.88027488063709,42.92574813234243,40.76338793462754,42.51665496826172,232400,0.0,0.0
2024-03-21 00:00:00-04:00,42.828346040557925,43.58809261102675,42.73094025226006,43.27640151977539,255700,0.0,0.0
2024-03-22 00:00:00-04:00,43.46146779074468,43.46146779074468,42.204964680256765,42.3997688293457,185700,0.0,0.0
2024-03-25 00:00:00-04:00,42.59457881828377,43.071857924915975,42.29262642709595,42.33158874511719,202400,0.0,0.0
2024-03-26 00:00:00-04:00,42.68224445718518,42.83809002194821,41.864054313266394,41.96146011352539,223200,0.0,0.0
2024-03-27 00:00:00-04:00,42.32184882097073,43.890046778083025,42.32184882097073,43.80238342285156,212800,0.0,0.0
2024-03-28 00:00:00-04:00,43.78289875532974,44.25043537387558,43.578352181400454,43.96796417236328,293000,0.0,0.0
2024-04-01 00:00:00-04:00,44.23096142619978,44.318624788693576,42.555618816607755,43.03289794921875,208700,0.0,0.0
2024-04-02 00:00:00-04:00,42.37055298247675,42.65302422744958,41.77639061051712,42.25366973876953,264300,0.0,0.0
2024-04-03 00:00:00-04:00,41.94197671185833,42.50691546056158,41.94197671185833,42.33158874511719,185100,0.0,0.0
2024-04-04 00:00:00-04:00,42.954971306622056,43.21796138184438,41.932234602302714,42.03937911987305,159600,0.0,0.0
2024-04-05 00:00:00-04:00,41.83483091810001,42.380288491142316,41.70820524622188,42.12704086303711,115900,0.0,0.0
2024-04-08 00:00:00-04:00,42.204969497176855,43.17900521639366,42.204969497176855,42.89653396606445,113000,0.0,0.0
2024-04-09 00:00:00-04:00,43.208222688077655,43.75368028238734,43.06211585208688,43.7147216796875,139300,0.0,0.0
2024-04-10 00:00:00-04:00,42.28288977359165,42.28288977359165,40.52962624904184,41.19197082519531,323100,0.0,0.0
2024-04-11 00:00:00-04:00,41.61080551147461,41.864053153831534,41.153007552064544,41.61080551147461,208800,0.0,0.0
2024-04-12 00:00:00-04:00,41.114045923814714,41.659507252368876,40.83157467961785,41.6400260925293,208000,0.0,0.0
2024-04-15 00:00:00-04:00,41.78613511987193,42.27315299438954,40.8120993708367,41.269893646240234,176000,0.0,0.0
2024-04-16 00:00:00-04:00,40.782871545908584,41.10430509329684,40.256895119825,40.7926139831543,250600,0.0,0.0
2024-04-17 00:00:00-04:00,41.12379052852941,41.46470155455759,40.58806789384012,40.656253814697266,251300,0.0,0.0
2024-04-18 00:00:00-04:00,40.55884299706853,41.36729435265129,40.55884299706853,40.763389587402344,226100,0.0,0.0
2024-04-19 00:00:00-04:00,40.50040363061237,42.185484839267254,40.50040363061237,42.146522521972656,270200,0.0,0.0
2024-04-22 00:00:00-04:00,42.078344229582726,43.227706686881454,41.26989279112199,42.760169982910156,240500,0.0,0.0
2024-04-23 00:00:00-04:00,42.75042659135724,43.95823250308294,41.48418091522071,43.79264450073242,231500,0.0,0.0
2024-04-24 00:00:00-04:00,43.256924795938986,44.055633763594415,42.78938811113956,43.90953063964844,232100,0.0,0.0
2024-04-25 00:00:00-04:00,43.510170395290466,43.79264162355564,42.61405938711957,43.37380599975586,454500,0.0,0.0
2024-04-26 00:00:00-04:00,42.750424741140215,43.21796141444889,41.523141438161346,41.7374267578125,294300,0.0,0.0
2024-04-29 00:00:00-04:00,42.068597798656576,42.84782928030068,41.69846693209181,41.99067687988281,287100,0.0,0.0
2024-04-30 00:00:00-04:00,41.75690883518424,41.971197875198584,41.37703551199609,41.62054443359375,241500,0.0,0.0
2024-05-01 00:00:00-04:00,41.87379468136762,43.68549788881926,41.79587004501211,42.643280029296875,233200,0.0,0.0
2024-05-02 00:00:00-04:00,42.98419463657072,43.75367998265066,42.63354120511599,43.704978942871094,235400,0.0,0.0
2024-05-03 00:00:00-04:00,44.46473563655362,44.93227237341672,44.114082154993376,44.87382888793945,239400,0.0,0.0
2024-05-06 00:00:00-04:00,45.18550983392891,46.02318102486444,45.01992556930953,45.078365325927734,274600,0.0,0.0
2024-05-07 00:00:00-04:00,45.292658219373315,45.73097500978781,44.59135135471013,44.620574951171875,217000,0.0,0.0
2024-05-08 00:00:00-04:00,44.026412071907416,45.07836864054492,44.026412071907416,45.05888748168945,160500,0.0,0.0
2024-05-09 00:00:00-04:00,45.21524968324073,45.51818440026749,44.9807189784879,45.440006256103516,196800,0.15,0.0
2024-05-10 00:00:00-04:00,45.381367934419366,45.53772047876858,44.853680427077464,45.127296447753906,152400,0.0,0.0
2024-05-13 00:00:00-04:00,45.66475229633032,45.66475229633032,44.785270743773744,44.82435607910156,190700,0.0,0.0
2024-05-14 00:00:00-04:00,45.47908815352745,45.664755625017854,44.91230788096964,45.596351623535156,159200,0.0,0.0
2024-05-15 00:00:00-04:00,46.07518261526255,46.466062084869044,45.25433088302893,45.361820220947266,246800,0.0,0.0
2024-05-16 00:00:00-04:00,45.361822331965264,45.625667943291,45.17615485484209,45.42045593261719,194800,0.0,0.0
2024-05-17 00:00:00-04:00,45.70384093522813,45.811333993793006,45.12729030743866,45.312957763671875,158900,0.0,0.0
2024-05-20 00:00:00-04:00,45.40090776506561,45.43999682903811,44.462792596155566,44.53119659423828,109500,0.0,0.0
2024-05-21 00:00:00-04:00,44.38461071898408,44.765723468915354,44.12076887880258,44.247802734375,122400,0.0,0.0
2024-05-22 00:00:00-04:00,44.05237379504799,44.150092738747816,43.524682552495925,43.710350036621094,186400,0.0,0.0
2024-05-23 00:00:00-04:00,43.92533445100275,43.92533445100275,42.45952798697199,42.80154800415039,293000,0.0,0.0
2024-05-24 00:00:00-04:00,43.14357515786888,43.221749570369724,42.567024420686934,42.96767807006836,177100,0.0,0.0
2024-05-28 00:00:00-04:00,43.01653229726528,43.17288483093606,42.54747469625292,42.82109069824219,201700,0.0,0.0
2024-05-29 00:00:00-04:00,41.97092733796713,42.049101747095804,41.64844811499716,41.69730758666992,236900,0.0,0.0
2024-05-30 00:00:00-04:00,42.13705120966077,42.65497205839878,41.980698660241835,42.33249282836914,215300,0.0,0.0
2024-05-31 00:00:00-04:00,42.74292081511883,43.17288939624583,42.06864741357515,43.055625915527344,303600,0.0,0.0
2024-06-03 00:00:00-04:00,43.74943553533198,44.0523702004646,42.361803536042125,42.49861526489258,232600,0.0,0.0
2024-06-04 00:00:00-04:00,42.04909795483163,42.488840615705094,41.94160489020274,42.01978302001953,221900,0.0,0.0
2024-06-05 00:00:00-04:00,42.28363079040535,42.55724680335431,41.707080100449595,42.11750411987305,221200,0.0,0.0
2024-06-06 00:00:00-04:00,41.941606175724516,42.909040059298256,41.941606175724516,42.77223205566406,230200,0.0,0.0
2024-06-07 00:00:00-04:00,42.22499826295583,42.840638035472864,42.22499826295583,42.791778564453125,161700,0.0,0.0
2024-06-10 00:00:00-04:00,42.27385773276034,42.32272093151737,41.43346513912441,41.824344635009766,281200,0.0,0.0
2024-06-11 00:00:00-04:00,41.47255143482653,42.23477336568121,41.24779488077283,41.8145751953125,308400,0.0,0.0
2024-06-12 00:00:00-04:00,43.280383805807446,44.1403209945338,42.9383600288863,43.52468490600586,281100,0.0,0.0
2024-06-13 00:00:00-04:00,43.36833126958633,43.36833126958633,42.31294875373078,42.81132507324219,176700,0.0,0.0
2024-06-14 00:00:00-04:00,42.23476878943685,42.51815518826228,41.89274506601002,42.22499465942383,172100,0.0,0.0
2024-06-17 00:00:00-04:00,42.000236681058034,43.00675582885742,41.804795092660754,43.00675582885742,196300,0.0,0.0
2024-06-18 00:00:00-04:00,43.06539165813199,44.4432495226021,42.86017965714969,44.0719108581543,272400,0.0,0.0
2024-06-20 00:00:00-04:00,43.68103624173218,44.159864297221475,43.58331356773723,43.77875518798828,207800,0.0,0.0
2024-06-21 00:00:00-04:00,43.76898041101705,43.76898041101705,42.987217735866196,43.260833740234375,978500,0.0,0.0
2024-06-24 00:00:00-04:00,43.55399771498393,44.746188218520146,43.29992622340903,44.4334831237793,199100,0.0,0.0
2024-06-25 00:00:00-04:00,44.169639143761174,44.51165918893496,43.9546529852297,44.01328659057617,248700,0.0,0.0
2024-06-26 00:00:00-04:00,43.58331139514683,44.64846425829234,43.514907390629666,44.32598876953125,217600,0.0,0.0
2024-06-27 00:00:00-04:00,44.49210791774307,45.010028700543394,44.2673513895513,44.97093963623047,141600,0.0,0.0
2024-06-28 00:00:00-04:00,45.567039562794236,46.436750831720275,45.00025925447822,45.92860412597656,512300,0.0,0.0
2024-07-01 00:00:00-04:00,45.78202414925972,46.485612502457535,45.010035514766464,45.34228515625,229300,0.0,0.0
2024-07-02 00:00:00-04:00,45.35205272993377,46.241308519628994,45.35205272993377,46.01655197143555,128000,0.0,0.0
2024-07-03 00:00:00-04:00,46.153359165942476,46.153359165942476,45.26410339195067,45.42045593261719,94300,0.0,0.0
2024-07-05 00:00:00-04:00,45.39114179352868,45.39114179352868,44.88299509550144,45.04911804199219,140900,0.0,0.0
2024-07-08 00:00:00-04:00,45.46931982278727,45.81134360156438,44.56051942689854,44.60938262939453,222000,0.0,0.0
2024-07-09 00:00:00-04:00,44.43348063703174,45.28364733279464,44.38461743992539,45.225013732910156,224500,0.0,0.0
2024-07-10 00:00:00-04:00,45.400915397427575,45.99701067613382,45.02958041047856,45.82111358642578,204100,0.0,0.0
2024-07-11 00:00:00-04:00,46.90581098272482,48.20549461801918,46.417208784988105,47.795066833496094,407100,0.0,0.0
2024-07-12 00:00:00-04:00,48.26412030562624,49.30972861978231,47.80483308675333,48.32275390625,495100,0.0,0.0
2024-07-15 00:00:00-04:00,49.075200642369076,50.29670600501077,48.79181050357895,49.58334732055664,499700,0.0,0.0
2024-07-16 00:00:00-04:00,50.08171713374486,53.27717543526557,49.67129314362174,53.12082290649414,576100,0.0,0.0
2024-07-17 00:00:00-04:00,52.62245178347663,55.55406477927451,52.12407921439601,54.55731964111328,771600,0.0,0.0
2024-07-18 00:00:00-04:00,54.27392897405458,55.700646390450956,53.20877611326799,53.75600814819336,514100,0.0,0.0
2024-07-19 00:00:00-04:00,53.80486987410122,55.143638715713976,53.51170560314113,53.57033920288086,319200,0.0,0.0
2024-07-22 00:00:00-04:00,53.296723051004356,55.006830564271816,52.573590233760584,54.82115936279297,175200,0.0,0.0
2024-07-23 00:00:00-04:00,54.254383161822176,56.7951128497196,53.91235942031461,55.90585708618164,349600,0.0,0.0
2024-07-24 00:00:00-04:00,55.544289430517225,56.29673714643633,54.79184171459813,54.8504753112793,260100,0.0,0.0
2024-07-25 00:00:00-04:00,55.26090585744663,56.84397587816873,54.97751569815858,55.788597106933594,387200,0.0,0.0
2024-07-26 00:00:00-04:00,56.80489280860981,57.25440593789582,54.117580708948395,55.5638427734375,520300,0.0,0.0
2024-07-29 00:00:00-04:00,56.11106826295226,56.306509865526316,54.84070343782865,55.30976104736328,375300,0.0,0.0
2024-07-30 00:00:00-04:00,55.54429286907562,56.37491503758558,55.006831246643365,55.37816619873047,317400,0.0,0.0
2024-07-31 00:00:00-04:00,55.3781714994992,56.77557408822483,55.036151450960325,55.20227813720703,362700,0.0,0.0
2024-08-01 00:00:00-04:00,55.13386267501349,55.13386267501349,52.18270908406083,52.94492721557617,344200,0.0,0.0
2024-08-02 00:00:00-04:00,50.716905574673184,51.44003468216551,49.67129725305743,50.736446380615234,420600,0.0,0.0
2024-08-05 00:00:00-04:00,48.049133701016885,49.60288868904502,46.51492324634152,48.81135559082031,398500,0.0,0.0
2024-08-06 00:00:00-04:00,48.66477878586402,49.52471970890087,48.14686164236202,48.67455291748047,271500,0.0,0.0
2024-08-07 00:00:00-04:00,49.583351031948474,50.1403572207868,48.205493028863344,48.57682800292969,246000,0.0,0.0
2024-08-08 00:00:00-04:00,49.544253757000845,49.544253757000845,48.72340207870748,49.06542205810547,282400,0.0,0.0
2024-08-09 00:00:00-04:00,49.036020995487,49.359466470421594,48.477345846880205,48.99681854248047,190400,0.15,0.0
2024-08-12 00:00:00-04:00,49.41827345023484,50.11417029069227,48.07549311899495,48.202911376953125,183200,0.0,0.0
2024-08-13 00:00:00-04:00,48.77138946314001,49.63390707304223,47.64423937982724,48.663578033447266,167700,0.0,0.0
2024-08-14 00:00:00-04:00,48.879209756607096,49.09484011641812,47.86967441550821,48.2225227355957,158200,0.0,0.0
2024-08-15 00:00:00-04:00,49.46728442667331,50.28079239092287,49.26145377693274,49.5652961730957,191200,0.0,0.0
2024-08-16 00:00:00-04:00,49.408473010439465,50.819862288324444,49.408473010439465,50.45721435546875,244400,0.0,0.0
2024-08-19 00:00:00-04:00,50.50622424396375,51.162914933491734,50.339603521176834,51.06489944458008,177500,0.0,0.0
2024-08-20 00:00:00-04:00,50.947282035107534,50.947282035107534,49.98675272552142,50.14357376098633,172500,0.0,0.0
2024-08-21 00:00:00-04:00,50.66303778371763,50.66303778371763,49.849529910235134,50.46701431274414,134300,0.0,0.0
2024-08-22 00:00:00-04:00,50.35920368670031,51.260923698731595,50.13377368369249,50.731651306152344,163400,0.0,0.0
2024-08-23 00:00:00-04:00,51.10410448183953,54.81880730195176,50.67284755712875,54.26993179321289,308500,0.0,0.0
2024-08-26 00:00:00-04:00,54.877616052988714,54.877616052988714,53.06436882563652,53.172183990478516,253800,0.0,0.0
2024-08-27 00:00:00-04:00,52.83893238710124,52.83893238710124,52.054827291267074,52.133235931396484,222200,0.0,0.0
2024-08-28 00:00:00-04:00,52.07443756034741,53.19178794321251,52.07443756034741,52.83893966674805,126300,0.0,0.0
2024-08-29 00:00:00-04:00,53.28000206725669,53.60344384055141,52.162651641297096,53.142784118652344,222100,0.0,0.0
2024-08-30 00:00:00-04:00,53.407417455401756,53.75046230840872,52.67231813703671,53.65245056152344,177000,0.0,0.0
2024-09-03 00:00:00-04:00,53.0545638827403,53.65244520015765,52.23125257888671,52.407676696777344,205200,0.0,0.0
2024-09-04 00:00:00-04:00,52.221450986276814,52.927147482494036,51.8195968679105,51.98622131347656,147400,0.0,0.0
2024-09-05 00:00:00-04:00,52.368469116744876,52.37826879463071,50.9864827225456,51.40793991088867,151500,0.0,0.0
2024-09-06 00:00:00-04:00,51.623571782859734,51.92741417327602,49.95734969174208,50.01615524291992,217200,0.0,0.0
2024-09-09 00:00:00-04:00,50.13377162466256,50.349398201039804,49.55549338368554,50.065162658691406,202800,0.0,0.0
2024-09-10 00:00:00-04:00,50.35920371192948,50.35920371192948,48.86940201664986,50.25138854980469,209800,0.0,0.0
2024-09-11 00:00:00-04:00,49.55549487653926,49.55549487653926,48.17350835920377,49.15364074707031,241000,0.0,0.0
2024-09-12 00:00:00-04:00,49.457482521247066,49.78092802436815,48.56556214145516,49.7319221496582,186000,0.0,0.0
2024-09-13 00:00:00-04:00,50.5062240693082,50.986490616043,49.937749191220846,50.93748474121094,209200,0.0,0.0
2024-09-16 00:00:00-04:00,51.17271140563716,51.82940205400652,50.290594494171266,51.202117919921875,255000,0.0,0.0
2024-09-17 00:00:00-04:00,51.927410859074506,52.9565490669956,51.36873572509139,51.7117805480957,250500,0.0,0.0
2024-09-18 00:00:00-04:00,51.73138791120867,53.86807688509773,50.87867375303173,51.603973388671875,324700,0.0,0.0
2024-09-19 00:00:00-04:00,53.05456802632387,53.309400806008384,52.07443562323077,52.41748046875,360800,0.0,0.0
2024-09-20 00:00:00-04:00,52.26065748303364,52.26065748303364,51.153106861986565,51.39813995361328,1283900,0.0,0.0
2024-09-23 00:00:00-04:00,51.574567151964736,51.692185734968255,50.40821091232674,50.65324401855469,347900,0.0,0.0
2024-09-24 00:00:00-04:00,50.721856850250134,50.937487196595725,49.28106087950237,49.33007049560547,295100,0.0,0.0
2024-09-25 00:00:00-04:00,49.41827751061831,49.41827751061831,48.37933948179015,48.44794845581055,266300,0.0,0.0
2024-09-26 00:00:00-04:00,49.19283966271891,52.95654791097033,48.467543841654724,49.16343688964844,311800,0.0,0.0
2024-09-27 00:00:00-04:00,49.702514712845264,50.016156791868234,48.84980054418336,49.10463333129883,222600,0.0,0.0
2024-09-30 00:00:00-04:00,48.87920064375192,50.074963341357346,48.4675468396697,49.976951599121094,191600,0.0,0.0
2024-10-01 00:00:00-04:00,49.77112226438625,50.074964655546076,48.134302944852,48.34012985229492,257200,0.0,0.0
2024-10-02 00:00:00-04:00,48.144097537578666,49.006615008624706,47.70303725471945,47.820655822753906,228600,0.0,0.0
2024-10-03 00:00:00-04:00,47.60503005981445,48.026487288190836,47.12476728072123,47.60503005981445,214200,0.0,0.0
2024-10-04 00:00:00-04:00,48.447944119023575,48.97721650458233,48.03628657284177,48.19310760498047,186700,0.0,0.0
2024-10-07 00:00:00-04:00,47.879467306120475,48.565560749115654,47.61483484249187,48.487152099609375,230200,0.0,0.0
2024-10-08 00:00:00-04:00,48.71258180717274,48.810593553177554,47.85006423447829,47.87946701049805,254800,0.0,0.0
2024-10-09 00:00:00-04:00,47.63443469069292,48.77138816204311,47.50702016657097,48.14410400390625,287900,0.0,0.0
2024-10-10 00:00:00-04:00,47.644244375209865,48.84000729574882,47.23258675547146,48.2225227355957,461400,0.0,0.0
2024-10-11 00:00:00-04:00,48.379333994936374,50.08476221132356,48.29112193278475,49.71231460571289,426100,0.0,0.0
2024-10-14 00:00:00-04:00,49.65350494624594,50.457213178095735,49.44767804906914,50.300392150878906,134400,0.0,0.0
2024-10-15 00:00:00-04:00,50.43761071729319,51.82940062290862,50.26118659208971,50.31999588012695,305600,0.0,0.0
2024-10-16 00:00:00-04:00,51.006092506528354,51.84900699376032,50.81006527293116,51.26092529296875,375000,0.0,0.0
2024-10-17 00:00:00-04:00,51.44715416426021,51.79019902765465,50.898278643920506,51.66278076171875,195300,0.0,0.0
2024-10-18 00:00:00-04:00,51.7411930529642,51.7411930529642,50.86887576866434,50.93748474121094,213200,0.0,0.0
2024-10-21 00:00:00-04:00,50.91788038687181,51.01589213411705,48.8203975889922,48.97721862792969,195800,0.0,0.0
2024-10-22 00:00:00-04:00,49.00661784748978,49.73191743675224,48.830193724126154,49.584896087646484,157200,0.0,0.0
2024-10-23 00:00:00-04:00,49.32026558038324,50.016158736591315,49.03602626680801,49.64371109008789,134700,0.0,0.0
2024-10-24 00:00:00-04:00,49.89854251651327,50.32979944536517,48.94781285048706,49.72211837768555,217900,0.0,0.0
2024-10-25 00:00:00-04:00,50.53563287265526,51.025699120974195,48.00688923665338,48.12450408935547,280900,0.0,0.0
2024-10-28 00:00:00-04:00,47.13456582262152,49.29085778439243,46.918935504771945,49.00661849975586,276900,0.0,0.0
2024-10-29 00:00:00-04:00,48.653769355855985,48.94780831367918,48.271518336795,48.859596252441406,203300,0.0,0.0
2024-10-30 00:00:00-04:00,48.62436747368309,50.114169124744656,48.62436747368309,49.00661849975586,197400,0.0,0.0
2024-10-31 00:00:00-04:00,48.94780999055684,49.20264650459995,48.19310760498047,48.19310760498047,187400,0.0,0.0
2024-11-01 00:00:00-04:00,48.5067528340234,48.879200444126695,48.29112251529433,48.653770446777344,212000,0.0,0.0
2024-11-04 00:00:00-05:00,48.32052902826451,48.7125835037553,47.624635886231516,48.2911262512207,207300,0.0,0.0
2024-11-05 00:00:00-05:00,48.48715361332207,49.76132505357215,48.34013224990882,49.49668884277344,219500,0.0,0.0
2024-11-06 00:00:00-05:00,53.770062430385146,58.082642616159816,53.76025901289397,57.51416778564453,737800,0.0,0.0
2024-11-07 00:00:00-05:00,57.22993249161869,57.22993249161869,54.01509928946198,54.87761688232422,386700,0.0,0.0
2024-11-08 00:00:00-05:00,55.221579999206796,56.92176349191086,54.52381754679887,54.99554443359375,285800,0.15,0.0
2024-11-11 00:00:00-05:00,55.99796469302286,57.31487030615191,54.297781224027105,56.45986557006836,266100,0.0,0.0
2024-11-12 00:00:00-05:00,56.420558378892075,58.11091597412591,56.09624776408109,57.45246124267578,495800,0.0,0.0
2024-11-13 00:00:00-05:00,58.081424476461066,59.5064348314166,57.206764008295444,57.53107833862305,464700,0.0,0.0
2024-11-14 00:00:00-05:00,57.68832316041379,58.00280775268501,55.71296283194862,56.52865982055664,323700,0.0,0.0
2024-11-15 00:00:00-05:00,56.862792889139094,57.226414949474886,55.526231668611075,56.479515075683594,258300,0.0,0.0
2024-11-18 00:00:00-05:00,56.626938675770845,57.33453093066543,56.469696369011196,56.91194152832031,212200,0.0,0.0
2024-11-19 00:00:00-05:00,55.87020376430338,56.862798780453915,54.66140293933896,56.509002685546875,308700,0.0,0.0
2024-11-20 00:00:00-05:00,56.67607098094633,57.560561218213934,55.5852046869189,56.509002685546875,186400,0.0,0.0
2024-11-21 00:00:00-05:00,56.97090640245441,58.199363043880794,56.57779877761711,57.698150634765625,326100,0.0,0.0
2024-11-22 00:00:00-05:00,57.74728373479036,59.55557192265118,57.59004144666993,59.43764114379883,255600,0.0,0.0
2024-11-25 00:00:00-05:00,60.440065885797495,61.66852250949256,59.870060212905976,60.037132263183594,428900,0.0,0.0
2024-11-26 00:00:00-05:00,59.46712628997904,59.68333585432217,58.769363830992496,59.1035041809082,280000,0.0,0.0
2024-11-27 00:00:00-05:00,59.702992441559005,60.194375095398996,59.300058815368295,59.38850784301758,320600,0.0,0.0
2024-11-29 00:00:00-05:00,60.046961255894004,60.046961255894004,58.64160650850926,58.98557662963867,186600,0.0,0.0
2024-12-02 00:00:00-05:00,59.3098818336803,59.35902309575259,58.03228774779149,58.79884719848633,275300,0.0,0.0
2024-12-03 00:00:00-05:00,58.75953487090639,59.46712329768925,57.90452640890961,58.0224609375,299400,0.0,0.0
2024-12-04 00:00:00-05:00,58.0617771168131,59.16247322952006,57.85539354965689,59.07402420043945,227700,0.0,0.0
2024-12-05 00:00:00-05:00,59.19194894729746,59.51626327047135,58.14039045832146,58.277976989746094,285800,0.0,0.0
2024-12-06 00:00:00-05:00,58.82832877526354,58.82832877526354,57.61952796125905,58.5236701965332,275300,0.0,0.0
2024-12-09 00:00:00-05:00,58.759532272846066,59.132980350014556,58.130563143981526,58.15021514892578,200400,0.0,0.0
2024-12-10 00:00:00-05:00,58.445054292831635,58.83815816818318,57.37383995300383,57.80625534057617,443400,0.0,0.0
2024-12-11 00:00:00-05:00,58.63178164161199,58.77919794623375,58.061779678242694,58.07160568237305,378000,0.0,0.0
2024-12-12 00:00:00-05:00,57.98315286822299,58.08142789892727,57.11831835200731,57.19694137573242,256800,0.0,0.0
2024-12-13 00:00:00-05:00,57.128143310546875,57.462283635435035,56.40089539792496,57.128143310546875,211000,0.0,0.0
2024-12-16 00:00:00-05:00,56.94141971964317,57.08883601315548,56.282968772912895,57.079010009765625,238200,0.0,0.0
2024-12-17 00:00:00-05:00,56.61710793824881,57.403319406315255,55.45744461699379,55.47710037231445,655900,0.0,0.0
2024-12-18 00:00:00-05:00,56.13555099904817,56.26331153345952,52.08655914887956,52.30276870727539,419600,0.0,0.0
2024-12-19 00:00:00-05:00,53.216744742977006,54.41571591034585,51.683629460580455,51.703285217285156,411100,0.0,0.0
2024-12-20 00:00:00-05:00,51.241385108740054,52.892431208242,51.241385108740054,51.98828887939453,872500,0.0,0.0
2024-12-23 00:00:00-05:00,51.60500486563712,52.803979745524906,51.496903830474515,52.774497985839844,340900,0.0,0.0
2024-12-24 00:00:00-05:00,52.676214145344204,53.24621977084958,52.19466128830173,53.03001022338867,134800,0.0,0.0
2024-12-26 00:00:00-05:00,52.72535897373833,53.51157045096239,52.12587155080748,53.35432815551758,147500,0.0,0.0
2024-12-27 00:00:00-05:00,52.990705434952396,53.45260634530316,51.79173426714,52.46984100341797,223900,0.0,0.0
2024-12-30 00:00:00-05:00,52.106214904092994,52.587767785490286,51.46741598098821,52.30276870727539,205800,0.0,0.0
2024-12-31 00:00:00-05:00,52.401041364432004,52.94156148702333,51.96862601614931,52.214317321777344,148500,0.0,0.0
2025-01-02 00:00:00-05:00,52.61725318072671,52.89242625522484,51.02517075239678,51.04482650756836,196500,0.0,0.0
2025-01-03 00:00:00-05:00,51.34948616121774,52.41087446892745,50.38637663141747,52.37156295776367,218800,0.0,0.0
2025-01-06 00:00:00-05:00,52.47966595789161,53.60001774537155,52.21431888996974,52.40104293823242,255100,0.0,0.0
2025-01-07 00:00:00-05:00,52.401040644139535,52.853111740532626,50.98586009279742,51.713104248046875,229500,0.0,0.0
2025-01-08 00:00:00-05:00,51.22172040414591,51.91948653485791,50.85809833531966,51.58534622192383,260400,0.0,0.0
2025-01-10 00:00:00-05:00,50.43550763807792,50.56326815839892,49.03998291240025,49.4920539855957,241700,0.0,0.0
2025-01-13 00:00:00-05:00,49.06947402057783,50.68120858801735,49.02033650307341,50.6124153137207,276800,0.0,0.0
2025-01-14 00:00:00-05:00,51.22172730043534,52.479669456172964,50.79913791397732,52.342079162597656,612600,0.0,0.0
2025-01-15 00:00:00-05:00,53.83588267410883,54.40588835543844,52.77449808497915,53.0496711730957,282200,0.0,0.0
2025-01-16 00:00:00-05:00,52.85311848253902,53.07915405956893,52.06690696483666,52.518978118896484,290500,0.0,0.0
2025-01-17 00:00:00-05:00,53.03001736808422,53.285538458409974,52.381392387264526,53.187259674072266,269000,0.0,0.0
2025-01-21 00:00:00-05:00,52.30276783357489,54.54347140514882,51.71310643387781,53.87519073486328,279300,0.0,0.0
2025-01-22 00:00:00-05:00,53.53122813212344,53.698296436876774,52.70570511410467,52.72536087036133,319800,0.0,0.0
2025-01-23 00:00:00-05:00,52.40104522078323,53.34449900407808,52.21432116438699,52.597599029541016,205300,0.0,0.0
2025-01-24 00:00:00-05:00,52.22414999341895,53.26588261193237,52.03742592691987,52.912086486816406,181400,0.0,0.0
2025-01-27 00:00:00-05:00,53.02018401051749,55.172438478151435,52.705699442158696,53.845706939697266,268100,0.0,0.0
2025-01-28 00:00:00-05:00,52.76466714240037,56.06675912113376,52.76466714240037,54.56312942504883,253400,0.0,0.0
2025-01-29 00:00:00-05:00,54.435373011248615,56.00779984588324,53.82605953416578,54.622100830078125,253200,0.0,0.0
2025-01-30 00:00:00-05:00,55.074161786393844,55.41812810105883,53.93415432342349,54.64174270629883,289900,0.0,0.0
2025-01-31 00:00:00-05:00,54.45502323209257,55.427962494846206,52.88260030627576,55.034854888916016,330500,0.0,0.0
2025-02-03 00:00:00-05:00,53.79657609950775,54.89727222524806,52.97105306796446,54.54347610473633,215500,0.0,0.0
2025-02-04 00:00:00-05:00,54.47468247470691,56.30262658608736,54.071748839861385,56.23383331298828,185400,0.0,0.0
2025-02-05 00:00:00-05:00,56.56796884845461,57.66866487308255,54.76950665071479,57.53107833862305,292600,0.0,0.0
2025-02-06 00:00:00-05:00,57.63918769473649,58.405743447027824,57.422978124007265,58.30746841430664,225600,0.0,0.0
2025-02-07 00:00:00-05:00,58.248348182991265,58.258202850180915,56.21872272262329,56.307395935058594,287200,0.15,0.0
2025-02-10 00:00:00-05:00,56.49459421516613,56.99707325508176,55.499487044235266,55.962554931640625,195900,0.0,0.0
2025-02-11 00:00:00-05:00,55.48963321101773,57.676903348310525,55.203907988704735,57.58823013305664,228500,0.0,0.0
2025-02-12 00:00:00-05:00,56.67193872853435,56.937958361310514,55.075824690331615,55.46992492675781,257000,0.0,0.0
2025-02-13 00:00:00-05:00,55.80491240977081,55.972407923698995,54.97729702409818,55.637420654296875,133400,0.0,0.0
2025-02-14 00:00:00-05:00,55.77535998340445,56.45518548027454,54.74084161566144,55.21376419067383,140200,0.0,0.0
2025-02-18 00:00:00-05:00,56.06108433171241,56.33695488984937,54.77039724044185,55.92314529418945,219800,0.0,0.0
2025-02-19 00:00:00-05:00,56.149760298893966,56.50444942310918,55.20391135895611,55.70639419555664,201400,0.0,0.0
2025-02-20 00:00:00-05:00,55.4108127420086,56.04137613597072,54.27776655954559,55.3516960144043,240300,0.0,0.0
2025-02-21 00:00:00-05:00,55.9428479223857,56.71135034283294,53.804843692603534,53.83440017700195,276300,0.0,0.0
2025-02-24 00:00:00-05:00,54.070865352743645,54.38614705964966,52.681654157172005,52.7506217956543,301600,0.0,0.0
2025-02-25 00:00:00-05:00,53.046195406183806,54.70142616803809,52.356515295668814,52.93781661987305,232700,0.0,0.0
2025-02-26 00:00:00-05:00,52.78017713068164,53.39103495469005,51.70624766542504,52.53386306762695,222700,0.0,0.0
2025-02-27 00:00:00-05:00,52.326964153059,52.96737851083898,52.326964153059,52.70136260986328,181600,0.0,0.0
2025-02-28 00:00:00-05:00,52.99693486076005,54.1201263901557,52.405778852662,53.48956298828125,332300,0.0,0.0
2025-03-03 00:00:00-05:00,53.410737432626775,54.6028965266305,52.898403760176734,53.203834533691406,341600,0.0,0.0
2025-03-04 00:00:00-05:00,52.7013565119822,54.20879731587887,51.50919363726393,51.67668914794922,409600,0.0,0.0
2025-03-05 00:00:00-05:00,51.88359551859861,53.00678707566952,50.78010953812861,51.53875732421875,291500,0.0,0.0
2025-03-06 00:00:00-05:00,51.046126162632156,51.883592447093555,50.336740480812665,50.829368591308594,232700,0.0,0.0
2025-03-07 00:00:00-05:00,50.701286250730604,51.883594514728344,50.32689157792056,51.68654251098633,339900,0.0,0.0
2025-03-10 00:00:00-04:00,50.898335290614106,51.60772095939542,49.61750297855662,49.79484939575195,438300,0.0,0.0
2025-03-11 00:00:00-04:00,50.15939566806635,50.652023794352,48.99679298935588,49.21355056762695,399800,0.0,0.0
2025-03-12 00:00:00-04:00,49.597800992815245,50.19880792142085,48.91797551667113,49.82440948486328,360300,0.0,0.0
2025-03-13 00:00:00-04:00,50.021462432642046,50.789961138261795,49.85396690848253,49.87367248535156,463900,0.0,0.0
2025-03-14 00:00:00-04:00,50.44512545121017,51.59787356704328,50.287484586862355,51.23332977294922,444200,0.0,0.0
2025-03-17 00:00:00-04:00,51.154503288079,51.548607296022666,50.740697462347086,51.292442321777344,344100,0.0,0.0
2025-03-18 00:00:00-04:00,51.02642512112971,51.4599365438421,50.87863517146744,51.30229568481445,308500,0.0,0.0
2025-03-19 00:00:00-04:00,51.32199853700137,52.563419766122614,50.91804362228806,51.913150787353516,468600,0.0,0.0
2025-03-20 00:00:00-04:00,51.420524094928666,52.11020424523195,50.80966625138208,50.91804504394531,479700,0.0,0.0
2025-03-21 00:00:00-04:00,50.77025146217771,52.06093845447984,49.82440639955918,51.28258514404297,1086500,0.0,0.0
2025-03-24 00:00:00-04:00,51.76536439360172,52.8885559197784,51.76536439360172,52.53386306762695,251800,0.0,0.0
2025-03-25 00:00:00-04:00,52.287549580286104,52.927967654661366,51.74565938729016,52.248138427734375,233300,0.0,0.0
2025-03-26 00:00:00-04:00,52.42548066631528,53.0264875401109,51.85403403379842,52.3072509765625,258200,0.0,0.0
2025-03-27 00:00:00-04:00,52.34666594451565,52.58312534127031,51.755509935720305,52.11020278930664,241900,0.0,0.0
2025-03-28 00:00:00-04:00,51.97226699183192,52.17916990152393,50.730845775225596,51.01656723022461,207600,0.0,0.0
2025-03-31 00:00:00-04:00,50.464825570347756,51.37125950268626,50.13968920866921,51.10523986816406,255800,0.0,0.0
2025-04-01 00:00:00-04:00,51.20376738745276,51.58801671513705,50.504232608934586,51.36140823364258,318700,0.0,0.0
2025-04-02 00:00:00-04:00,50.58305894230673,52.00182667107912,50.464829237856,51.89344787597656,256400,0.0,0.0
2025-04-03 00:00:00-04:00,49.29236999268398,50.435267115714815,47.27259539057617,47.32185745239258,538900,0.0,0.0
2025-04-04 00:00:00-04:00,45.11488544121469,47.77507811812507,44.21830238712703,45.9720573425293,548200,0.0,0.0
2025-04-07 00:00:00-04:00,44.356239547941755,47.745519902881895,43.439950878537225,45.676483154296875,654300,0.0,0.0
2025-04-08 00:00:00-04:00,46.789822295776624,47.48935335112512,44.46461687835203,45.3217887878418,531400,0.0,0.0
2025-04-09 00:00:00-04:00,45.24296838854604,49.37119477276821,43.68626535809237,48.51402282714844,622000,0.0,0.0
2025-04-10 00:00:00-04:00,47.39082186769959,48.2085863203646,44.198593874257135,45.459720611572266,626100,0.0,0.0
2025-04-11 00:00:00-04:00,45.20355721110847,46.021317933515974,41.81427335002925,45.223262786865234,453300,0.0,0.0
2025-04-14 00:00:00-04:00,45.96220317936404,46.04102172087526,44.48431888110094,45.68632888793945,405500,0.0,0.0
2025-04-15 00:00:00-04:00,45.76515436267811,46.868640329563966,45.76515436267811,46.563209533691406,291800,0.0,0.0
2025-04-16 00:00:00-04:00,46.602618028366074,46.986867349301406,46.15925198172756,46.779964447021484,491500,0.0,0.0
2025-04-17 00:00:00-04:00,46.68144370184565,47.51891003831311,45.617365113037906,47.233184814453125,445200,0.0,0.0
2025-04-21 00:00:00-04:00,46.927759504318736,47.193779161338476,46.57306662829243,46.967166900634766,248100,0.0,0.0
2025-04-22 00:00:00-04:00,47.46964675374453,49.13472847470854,47.26274384184364,48.986942291259766,346200,0.0,0.0
2025-04-23 00:00:00-04:00,49.85396311541374,51.25302889903303,49.83426129849818,50.46482467651367,345100,0.0,0.0
2025-04-24 00:00:00-04:00,50.34659289007411,51.54860671822012,49.97219822102398,51.3811149597168,466400,0.0,0.0
2025-04-25 00:00:00-04:00,47.92286395717806,52.32696064871225,47.92286395717806,50.898338317871094,422300,0.0,0.0
2025-04-28 00:00:00-04:00,50.898339601421036,51.78507176249897,50.4943846743643,51.47964096069336,333200,0.0,0.0
2025-04-29 00:00:00-04:00,51.54860362747589,51.863885308011504,50.67172621858284,51.459930419921875,323700,0.0,0.0
2025-04-30 00:00:00-04:00,50.592906952096534,51.1840629573792,49.381042215180415,50.78995895385742,386500,0.0,0.0
2025-05-01 00:00:00-04:00,51.09539089251165,51.775216367483864,50.31703753521812,51.20376968383789,338800,0.0,0.0
2025-05-02 00:00:00-04:00,51.77521792959042,52.66195010496372,51.64713355793549,52.51416015625,213900,0.0,0.0
2025-05-05 00:00:00-04:00,52.03138445180706,53.134870410812965,50.11998490169638,52.2776985168457,279100,0.0,0.0
2025-05-06 00:00:00-04:00,51.70624616484619,52.55356711851671,50.8687798781463,52.179168701171875,259400,0.0,0.0
2025-05-07 00:00:00-04:00,52.71120896861958,52.92796654465386,51.76536387794067,52.0313835144043,242200,0.0,0.0
2025-05-08 00:00:00-04:00,52.58312641916352,53.735878216949196,52.44519114182007,53.11516571044922,274500,0.0,0.0
2025-05-09 00:00:00-04:00,53.15469502845884,53.30295247626239,52.61109067041834,52.72969436645508,299300,0.17,0.0
2025-05-12 00:00:00-04:00,54.864582801556956,55.53667673375814,53.886095656673035,54.29132843017578,493900,0.0,0.0
2025-05-13 00:00:00-04:00,54.72620992856838,54.844817398825555,54.054116011818984,54.449466705322266,418400,0.0,0.0
2025-05-14 00:00:00-04:00,54.844821793484655,56.39656716875779,54.202377807649356,54.61749267578125,376100,0.0,0.0
2025-05-15 00:00:00-04:00,54.75586665693447,55.12156361757493,54.23202639402372,54.7953987121582,243700,0.0,0.0
2025-05-16 00:00:00-04:00,54.50876922914018,54.6471408376883,54.1134185444225,54.360511779785156,298900,0.0,0.0
2025-05-19 00:00:00-04:00,53.66865476970417,54.55819200475509,52.87795709984996,54.46923828125,307900,0.0,0.0
2025-05-20 00:00:00-04:00,54.40005147209142,54.637258883521014,53.01632774749146,54.11342239379883,286100,0.0,0.0
2025-05-21 00:00:00-04:00,53.47097818341532,54.4395870484107,52.3640014710055,52.46284103393555,294400,0.0,0.0
2025-05-22 00:00:00-04:00,52.02795555121586,52.85818904492011,51.55353695057685,52.324466705322266,528800,0.0,0.0
2025-05-23 00:00:00-04:00,51.30644132796136,52.32446429257713,51.14830180170703,52.14655685424805,288900,0.0,0.0
2025-05-27 00:00:00-04:00,52.690164640914674,53.44132644276872,52.19597815354278,53.401790618896484,196400,0.0,0.0
2025-05-28 00:00:00-04:00,53.17447030545741,53.579703112532236,52.25528305057042,52.29481887817383,277200,0.0,0.0
2025-05-29 00:00:00-04:00,52.33435143653689,53.58958560695236,51.95876863845464,52.70993423461914,271000,0.0,0.0
2025-05-30 00:00:00-04:00,52.53202255987159,52.6802762366638,51.91922863069793,52.27504348754883,292700,0.0,0.0
2025-06-02 00:00:00-04:00,52.04772043765839,52.12679208500553,51.079115379717884,51.50411605834961,243000,0.0,0.0
2025-06-03 00:00:00-04:00,51.34597607631554,52.61109225984361,51.02969703043352,52.53202438354492,219300,0.0,0.0
2025-06-04 00:00:00-04:00,52.29481868226619,52.541911948345756,51.2965635462561,51.36574935913086,220000,0.0,0.0
2025-06-05 00:00:00-04:00,51.36574630103501,51.523885831097225,50.98028143215485,51.26690673828125,288000,0.0,0.0
2025-06-06 00:00:00-04:00,51.90935079255873,52.49249101764266,51.68202545333535,52.46284103393555,350900,0.0,0.0
2025-06-09 00:00:00-04:00,52.46284358574309,53.09540173788793,52.1663286528742,52.6209831237793,306100,0.0,0.0
2025-06-10 00:00:00-04:00,52.65062568944563,53.56981280298252,52.49248617369431,53.32271957397461,266900,0.0,0.0
2025-06-11 00:00:00-04:00,53.63899853964511,53.67853436112028,52.39364655558137,52.6012077331543,232900,0.0,0.0
2025-06-12 00:00:00-04:00,52.472723105056644,52.64074470652201,51.84016498367961,52.46284103393555,269900,0.0,0.0
2025-06-13 00:00:00-04:00,51.89946613286049,52.097141492877896,50.95062892918962,51.108768463134766,537500,0.0,0.0
2025-06-16 00:00:00-04:00,51.820395542770335,52.16632457696358,50.64423305616959,50.72330093383789,385600,0.0,0.0
2025-06-17 00:00:00-04:00,50.28841932327993,50.8023737360031,50.130279794006945,50.33783721923828,304900,0.0,0.0
2025-06-18 00:00:00-04:00,50.16981234873636,51.33609280263083,49.97214076293226,50.752952575683594,397800,0.0,0.0
2025-06-20 00:00:00-04:00,50.8320235718712,51.1779526129187,49.695393116411495,51.07911682128906,1061100,0.0,0.0
2025-06-23 00:00:00-04:00,51.14830112951226,52.759350124167035,51.00004367607186,52.71981430053711,424300,0.0,0.0
2025-06-24 00:00:00-04:00,53.21399848615475,54.30120719660716,51.197716812251215,53.73783493041992,394500,0.0,0.0
2025-06-25 00:00:00-04:00,53.64888517558889,54.01458589984173,53.14481660508417,53.71807098388672,273200,0.0,0.0
2025-06-26 00:00:00-04:00,53.99481823595506,54.9930733105213,53.055863128577755,54.89423751831055,258700,0.0,0.0
2025-06-27 00:00:00-04:00,55.1808609450465,55.28957879721078,54.19248804274878,54.390159606933594,547400,0.0,0.0
2025-06-30 00:00:00-04:00,54.50876922914018,54.86458032097382,54.24190808250728,54.360511779785156,546100,0.0,0.0
2025-07-01 00:00:00-04:00,53.97504678122223,57.14772300930581,53.16458127318238,56.56458282470703,265300,0.0,0.0
2025-07-02 00:00:00-04:00,56.65353640623569,57.63202727210911,56.42621108333133,57.552955627441406,265600,0.0,0.0
2025-07-03 00:00:00-04:00,57.86923198482973,58.808186984875405,57.55295296149652,58.38318634033203,233300,0.0,0.0
2025-07-07 00:00:00-04:00,57.94830676345929,58.97621175977669,57.28609493038872,57.49365234375,293100,0.0,0.0
2025-07-08 00:00:00-04:00,57.67155989847052,58.33377173295539,57.49365246653988,57.968074798583984,401500,0.0,0.0
2025-07-09 00:00:00-04:00,58.304124575707085,58.383192454649276,56.940168788274555,57.61226272583008,346800,0.0,0.0
2025-07-10 00:00:00-04:00,57.57272640441336,58.304124072622386,57.21691152638431,57.67156219482422,305700,0.0,0.0
2025-07-11 00:00:00-04:00,57.0983049816327,57.69132723526636,56.732608050903394,57.552955627441406,450400,0.0,0.0
2025-07-14 00:00:00-04:00,57.38493769463096,58.32388902765738,56.574472136861424,58.29423904418945,265200,0.0,0.0
2025-07-15 00:00:00-04:00,58.32388798284429,58.46226336735126,56.396563685079244,56.495399475097656,314400,0.0,0.0
2025-07-16 00:00:00-04:00,56.70295545523158,57.6122605357345,55.91225784414879,56.9203987121582,268300,0.0,0.0
2025-07-17 00:00:00-04:00,56.791908242273024,58.165746025975004,56.77214033102666,58.007606506347656,287000,0.0,0.0
2025-07-18 00:00:00-04:00,58.234932051763344,58.422725324146604,57.23667703725655,57.49365234375,299800,0.0,0.0
2025-07-21 00:00:00-04:00,57.81981558320653,58.32388411139105,57.14772169873152,57.2169075012207,238000,0.0,0.0
2025-07-22 00:00:00-04:00,57.4047038400798,57.75063287103686,56.74249199037728,57.31575012207031,303100,0.0,0.0
2025-07-23 00:00:00-04:00,57.80993717049682,57.829701312164055,56.65353882509149,57.48377227783203,252900,0.0,0.0
2025-07-24 00:00:00-04:00,57.266331646539015,57.33551745658342,55.754122126505905,55.95179748535156,315700,0.0,0.0
2025-07-25 00:00:00-04:00,56.969816648652305,56.969816648652305,54.45934843253034,55.7047004699707,491600,0.0,0.0
2025-07-28 00:00:00-04:00,55.951792543241346,56.37679320759969,55.3488844486705,56.337257385253906,474300,0.0,0.0
2025-07-29 00:00:00-04:00,56.84132783430293,56.940167393489226,55.66516535756349,55.85295486450195,371700,0.0,0.0
2025-07-30 00:00:00-04:00,55.872725243468686,56.10993642564649,54.676794802084196,55.062259674072266,354600,0.0,0.0
2025-07-31 00:00:00-04:00,54.57795628671078,55.536675498099754,54.02446606946471,54.20237350463867,360700,0.0,0.0
2025-08-01 00:00:00-04:00,53.49074453244233,53.50063037361827,52.18609250265181,53.13492965698242,441500,0.0,0.0
2025-08-04 00:00:00-04:00,53.03609938558138,53.67854339648936,51.968658418480345,53.639007568359375,356400,0.0,0.0
2025-08-05 00:00:00-04:00,53.905864217708235,54.70644393309652,52.83841957006548,53.96516418457031,337200,0.0,0.0
2025-08-06 00:00:00-04:00,54.01458381711806,54.49888445652893,53.39190779610331,53.50062942504883,283000,0.0,0.0
2025-08-07 00:00:00-04:00,54.04423217459312,54.04423217459312,52.61109067041834,52.72969436645508,185200,0.0,0.0
2025-08-08 00:00:00-04:00,53.29487414781077,54.266575585362354,52.69995613539846,53.01724624633789,214100,0.17,0.0
2025-08-11 00:00:00-04:00,53.24529611695922,54.15750420330175,52.699953997306935,52.888343811035156,261400,0.0,0.0
2025-08-12 00:00:00-04:00,53.3444530742067,55.04989035499706,53.08665626269956,54.87141418457031,840400,0.0,0.0
2025-08-13 00:00:00-04:00,55.20853202177331,55.99184363461587,55.10938028092589,55.78361892700195,367500,0.0,0.0
2025-08-14 00:00:00-04:00,55.039969876849185,55.575398358614535,53.65182658409026,55.48616027832031,295800,0.0,0.0
2025-08-15 00:00:00-04:00,55.58531448132179,55.6249729075351,54.544202308497034,54.66318893432617,370300,0.0,0.0
2025-08-18 00:00:00-04:00,54.69293427606697,54.97056217446845,54.33598195960996,54.821834564208984,206000,0.0,0.0
2025-08-19 00:00:00-04:00,54.86149369400441,55.46632532694624,54.653268999493974,54.83174514770508,197500,0.0,0.0
2025-08-20 00:00:00-04:00,54.83174539319741,55.31759797270205,54.62352448015095,55.28784942626953,263200,0.0,0.0
2025-08-21 00:00:00-04:00,55.0697164798927,55.33743071131846,54.82183335254251,55.20853042602539,167300,0.0,0.0
2025-08-22 00:00:00-04:00,55.50598778188686,57.73693586210287,55.486156678397386,57.35023880004883,472800,0.0,0.0
2025-08-25 00:00:00-04:00,57.052783391653605,57.31058018839687,56.85447612671453,56.89413833618164,231100,0.0,0.0
2025-08-26 00:00:00-04:00,56.79497728376204,57.98481697517412,56.64624968633309,57.77659606933594,266700,0.0,0.0
2025-08-27 00:00:00-04:00,57.67744333648968,58.73838658443391,57.50888462812986,58.668975830078125,310300,0.0,0.0
2025-08-28 00:00:00-04:00,58.78796343491527,58.78796343491527,57.5088855890391,57.826175689697266,307700,0.0,0.0
2025-08-29 00:00:00-04:00,57.984822315502754,58.42109527016239,57.66753220622366,57.79643249511719,298600,0.0,0.0
2025-09-02 00:00:00-04:00,57.23125942137339,57.42956290346386,56.428116702279695,56.993289947509766,257400,0.0,0.0
2025-09-03 00:00:00-04:00,56.90405286583145,57.34032961183526,56.20997931914984,56.804901123046875,216500,0.0,0.0
2025-09-04 00:00:00-04:00,57.06269811016832,57.935247822630316,56.55701816848031,57.9154167175293,224200,0.0,0.0
2025-09-05 00:00:00-04:00,58.11372260439628,58.62931997757392,57.231259251564026,57.79643249511719,297100,0.0,0.0
2025-09-08 00:00:00-04:00,57.83609181196446,57.935243547756876,57.22133894638341,57.657615661621094,290100,0.0,0.0
2025-09-09 00:00:00-04:00,57.48905527859928,57.59812446140557,56.328964041251844,56.477691650390625,264900,0.0,0.0
2025-09-10 00:00:00-04:00,56.42811577918505,56.81481285829063,55.03996873288132,55.823280334472656,237400,0.0,0.0
2025-09-11 00:00:00-04:00,55.95217947267413,56.33887654383898,55.287850728511806,56.160400390625,226900,0.0,0.0
2025-09-12 00:00:00-04:00,56.100910909807574,56.259555959202444,55.426668504280286,55.45641326904297,206700,0.0,0.0
2025-09-15 00:00:00-04:00,55.71420838328677,55.76378803293123,54.66318638099763,54.88132095336914,299100,0.0,0.0
2025-09-16 00:00:00-04:00,54.673103534573926,54.75242795315616,53.384111991784366,53.869964599609375,532900,0.0,0.0
2025-09-17 00:00:00-04:00,54.1971679494635,55.46632837775328,53.780726102329574,54.21699905395508,402500,0.0,0.0
2025-09-18 00:00:00-04:00,54.46488145798097,55.57539681788024,54.07818438155868,55.515907287597656,348100,0.0,0.0
2025-09-19 00:00:00-04:00,55.367171919755904,55.51590329957088,54.643353688274956,54.96064376831055,1207500,0.0,0.0
2025-09-22 00:00:00-04:00,54.772260067620884,55.09946384431399,53.82038593906701,54.940818786621094,323200,0.0,0.0
2025-09-23 00:00:00-04:00,55.12920914315127,55.84311380086348,54.37564605743016,54.49462890625,263000,0.0,0.0
2025-09-24 00:00:00-04:00,54.45496085053084,54.80199948073198,53.879873990968846,54.266571044921875,202100,0.0,0.0
2025-09-25 00:00:00-04:00,54.26657670502615,54.891243278625154,54.018693564340445,54.64336013793945,280100,0.0,0.0
2025-09-26 00:00:00-04:00,54.663186656767564,55.10937702904517,54.177334077532784,54.63343811035156,225200,0.0,0.0
2025-09-29 00:00:00-04:00,54.67310356753887,54.67310356753887,53.602250392808315,53.82038497924805,292700,0.0,0.0
2025-09-30 00:00:00-04:00,53.94928184459223,54.04843357919097,52.91808716222196,53.47334671020508,176800,0.0,0.0
2025-10-01 00:00:00-04:00,53.185805702205975,53.64190977022125,52.42232518014744,53.02716064453125,211200,0.0,0.0
2025-10-02 00:00:00-04:00,52.83876909610033,53.36428012329798,52.57105486081198,53.20563507080078,357900,0.0,0.0
2025-10-03 00:00:00-04:00,53.22546812175809,54.09801783360234,53.22546812175809,53.4832649230957,214100,0.0,0.0
2025-10-06 00:00:00-04:00,53.49318091988517,54.772258795422935,53.44360504970699,54.068267822265625,258700,0.0,0.0
2025-10-07 00:00:00-04:00,53.969114532742644,54.564032522596726,53.344447995718426,53.443603515625,243200,0.0,0.0
2025-10-08 00:00:00-04:00,53.79063462736895,54.157500569443236,53.205630339111856,53.344444274902344,174300,0.0,0.0
2025-10-09 00:00:00-04:00,53.394023659328035,53.394023659328035,52.40249115844992,52.93791961669922,182500,0.0,0.0
2025-10-10 00:00:00-04:00,53.02716056995945,53.562589057257384,51.09367133187017,51.16307830810547,391700,0.0,0.0
2025-10-13 00:00:00-04:00,51.7381711437368,52.630551992782685,51.54978131222564,52.55122756958008,255100,0.0,0.0
2025-10-14 00:00:00-04:00,52.32316865491333,54.167419645806554,51.9265541557807,53.969112396240234,275000,0.0,0.0
2025-10-15 00:00:00-04:00,54.10792745291126,54.15750332072696,52.699953138485036,52.97758102416992,345300,0.0,0.0
2025-10-16 00:00:00-04:00,52.789192404426906,52.82885083013639,49.49730099717349,49.92366027832031,522800,0.0,0.0
2025-10-17 00:00:00-04:00,50.389683689046855,51.093670888986445,49.88400375480199,50.90528106689453,330100,0.0,0.0
2025-10-20 00:00:00-04:00,51.06392770009893,52.30334342097512,50.96477595538748,52.13478469848633,290600,0.0,0.0
2025-10-21 00:00:00-04:00,51.95630616764262,52.44215498997381,50.97468729712603,52.20418930053711,196300,0.0,0.0
2025-10-22 00:00:00-04:00,52.263681778714776,53.58242193562415,51.81749135786587,52.29343032836914,313300,0.0,0.0
2025-10-23 00:00:00-04:00,52.263678638720926,52.61071729292967,51.688591739375305,52.3529167175293,295200,0.0,0.0
2025-10-24 00:00:00-04:00,53.77080594447203,54.01868906450872,51.163074462615064,52.57105255126953,285000,0.0,0.0
2025-10-27 00:00:00-04:00,52.888347161532295,53.57250326963075,52.72970210244875,53.28496170043945,332000,0.0,0.0
2025-10-28 00:00:00-04:00,53.195725156283686,53.3742013257123,52.23393733018469,53.25521469116211,288200,0.0,0.0
2025-10-29 00:00:00-04:00,52.89825710796576,53.43368556316916,51.80757287616296,52.53139114379883,522100,0.0,0.0
2025-10-30 00:00:00-04:00,52.313252972086495,53.483261623254435,51.738166089632394,52.38266372680664,409600,0.0,0.0
2025-10-31 00:00:00-04:00,52.35291291719286,52.55122016486025,51.30189093462919,51.64892578125,375300,0.0,0.0
2025-11-03 00:00:00-05:00,51.22256840919366,51.976131439208984,50.36984986049456,51.976131439208984,389400,0.0,0.0
2025-11-04 00:00:00-05:00,51.738166974531424,52.52147856975064,51.510114949796034,52.24384689331055,361100,0.0,0.0
2025-11-05 00:00:00-05:00,52.16452858518238,53.76089661191683,52.16452858518238,53.4832649230957,381800,0.0,0.0
2025-11-06 00:00:00-05:00,53.1560544738147,53.80054828746995,53.1560544738147,53.344444274902344,342900,0.0,0.0
2025-11-07 00:00:00-05:00,53.28477325448542,54.160088872281776,52.707863361528254,54.08051300048828,294200,0.17,0.0
2025-11-10 00:00:00-05:00,54.13024604150065,54.935934668943794,53.821899024162455,54.548011779785156,293200,0.0,0.0
2025-11-11 00:00:00-05:00,54.66736955905038,55.343749264337056,54.18992573079854,55.154762268066406,269600,0.0,0.0
2025-11-12 00:00:00-05:00,54.98566227775635,55.821189877673,54.26949847381781,54.40875244140625,464800,0.0,0.0
2025-11-13 00:00:00-05:00,54.05067030341176,54.81657094307303,53.7622134791784,54.07056427001953,314400,0.0,0.0
2025-11-14 00:00:00-05:00,53.881574220017825,54.62758090325564,53.225088490543996,54.259552001953125,360300,0.0,0.0
2025-11-17 00:00:00-05:00,54.15013587334362,54.27944475798173,51.76291681686776,51.98174285888672,510700,0.0,0.0
2025-11-18 00:00:00-05:00,51.56398230226655,53.18530456271361,51.12632641233865,52.83716583251953,308600,0.0,0.0
2025-11-19 00:00:00-05:00,52.92668718462607,53.89152372024332,52.76753924214772,53.75226974487305,329400,0.0,0.0
2025-11-20 00:00:00-05:00,54.26950133432517,55.13486803165621,53.72242672655463,53.76221466064453,356700,0.0,0.0
2025-11-21 00:00:00-05:00,53.891524382344386,56.23895940852985,53.67269453585331,55.35369873046875,544900,0.0,0.0
2025-11-24 00:00:00-05:00,55.164708640138244,55.423326424626865,54.69721368175493,55.07518768310547,264400,0.0,0.0
2025-11-25 00:00:00-05:00,55.39348180003657,56.80592309967051,55.284070673292234,56.35831832885742,391100,0.0,0.0
2025-11-26 00:00:00-05:00,56.268793945076204,56.7263437742922,55.96044316744665,56.099700927734375,595600,0.0,0.0
2025-11-28 00:00:00-05:00,56.089757788803325,56.30858764012523,55.29401804906872,55.512847900390625,250700,0.0,0.0
2025-12-01 00:00:00-05:00,55.075186528956436,56.16933195802675,55.075186528956436,55.851036071777344,354900,0.0,0.0
2025-12-02 00:00:00-05:00,56.10965123228727,56.3782141033856,54.975721639462975,55.07518768310547,411000,0.0,0.0
2025-12-03 00:00:00-05:00,55.24428042456763,56.000232165743114,55.24428042456763,55.56257629394531,552900,0.0,0.0
2025-12-04 00:00:00-05:00,55.51284433675065,56.13948720722206,55.13486656174606,55.73167037963867,403100,0.0,0.0
2025-12-05 00:00:00-05:00,55.542682817895496,56.10964757737627,55.1945478934375,55.532737731933594,282900,0.0,0.0
2025-12-08 00:00:00-05:00,55.82119269201326,55.98034063362182,55.214439978884926,55.41337585449219,377100,0.0,0.0
2025-12-09 00:00:00-05:00,55.333802501524175,56.2290082294797,55.333802501524175,55.492950439453125,309900,0.0,0.0
2025-12-10 00:00:00-05:00,55.36364190008019,57.024752069830036,55.1050279222245,56.64677429199219,468400,0.0,0.0
2025-12-11 00:00:00-05:00,56.57714655114213,57.691182108744954,55.90076687114389,57.164005279541016,344500,0.0,0.0
2025-12-12 00:00:00-05:00,57.42261982703668,58.36756237126372,56.766134106884884,57.362937927246094,461700,0.0,0.0
2025-12-15 00:00:00-05:00,57.69118403509154,58.526711679789,57.6215570475656,57.7508659362793,654600,0.0,0.0
2025-12-16 00:00:00-05:00,57.80060062200079,58.158684450671416,56.9451789855957,56.9451789855957,491700,0.0,0.0
2025-12-17 00:00:00-05:00,56.84570975597282,58.1387872247366,56.77608277034304,57.61160659790039,563700,0.0,0.0
2025-12-18 00:00:00-05:00,57.98958405075299,58.54660372708178,57.432568168810306,57.631500244140625,526300,0.0,0.0
2025-12-19 00:00:00-05:00,57.49225104675827,57.71108090105258,56.38816048283542,57.10432815551758,1301800,0.0,0.0
2025-12-22 00:00:00-05:00,57.19384546462413,57.711077218065334,56.855655617927425,57.09437942504883,311400,0.0,0.0
2025-12-23 00:00:00-05:00,57.08443238076906,57.382834303480244,56.68656441528291,56.74624252319336,331000,0.0,0.0
2025-12-24 00:00:00-05:00,56.78602949481926,57.183901247942785,56.477678696429216,56.80592346191406,172900,0.0,0.0
2025-12-26 00:00:00-05:00,56.766134769307676,56.91533762333216,56.298636034791436,56.6169319152832,222300,0.0,0.0
2025-12-29 00:00:00-05:00,56.69650785600151,56.795973895889134,56.24890308773478,56.378211975097656,236900,0.0,0.0
2025-12-30 00:00:00-05:00,56.358317765847346,56.358317765847346,55.41337521343425,55.453163146972656,247700,0.0,0.0
2025-12-31 00:00:00-05:00,55.602366623081636,55.602366623081636,54.906092955908704,54.94588088989258,256500,0.0,0.0
2026-01-02 00:00:00-05:00,54.98566426892524,55.07518522195759,54.020831546672326,54.75688934326172,287100,0.0,0.0
2026-01-05 00:00:00-05:00,54.557956045864344,56.91533998886676,54.557956045864344,56.23896026611328,414300,0.0,0.0
2026-01-06 00:00:00-05:00,55.990288371616856,56.388156320325116,55.55262869533578,56.18922424316406,304600,0.0,0.0
2026-01-07 00:00:00-05:00,56.22900917395268,56.56719902203051,55.602366292174004,56.139488220214844,271800,0.0,0.0
2026-01-08 00:00:00-05:00,55.84108564714756,57.3032599428215,55.761513574978274,56.885494232177734,377400,0.0,0.0
2026-01-09 00:00:00-05:00,56.90538854521581,57.134163471376084,55.87092504001491,56.15938186645508,273900,0.0,0.0
2026-01-12 00:00:00-05:00,55.77145838223225,56.4179990144108,55.492950439453125,55.492950439453125,436000,0.0,0.0
2026-01-13 00:00:00-05:00,55.81124696004593,55.81124696004593,54.89614346059354,55.453163146972656,314400,0.0,0.0
2026-01-14 00:00:00-05:00,55.413376382394716,55.99029004771318,54.82651763067494,55.851036071777344,459500,0.0,0.0
2026-01-15 00:00:00-05:00,55.920661513703,57.243578042904915,55.920661513703,56.885494232177734,343100,0.0,0.0
2026-01-16 00:00:00-05:00,56.86560185387453,56.99491074344583,56.099704986009684,56.31853103637695,279500,0.0,0.0
2026-01-20 00:00:00-05:00,55.7615131778802,56.33842302875415,55.61231032634434,55.970394134521484,270100,0.0,0.0
2026-01-21 00:00:00-05:00,56.358319521142946,58.97431741978317,55.93060870824939,58.86490249633789,355400,0.0,0.0
2026-01-22 00:00:00-05:00,58.89473758325906,60.02866708733883,58.576441715250205,59.5810661315918,532700,0.0,0.0
2026-01-23 00:00:00-05:00,59.29260980181682,59.3920758384907,57.29330983295161,57.43256759643555,308200,0.0,0.0
2026-01-26 00:00:00-05:00,57.56187357879142,58.208414210366385,57.024751660274006,57.61160659790039,375700,0.0,0.0
2026-01-27 00:00:00-05:00,58.31782962867842,61.5107372920947,58.31782962867842,61.34164047241211,679300,0.0,0.0
2026-01-28 00:00:00-05:00,62.12743750141808,63.76865377069225,61.17254982936846,61.89866256713867,833100,0.0,0.0
2026-01-29 00:00:00-05:00,62.32637130966853,64.40524341092399,62.28658337605928,64.37540435791016,718100,0.0,0.0
2026-01-30 00:00:00-05:00,63.977532461414384,64.74342931248239,63.66918546262721,64.3853530883789,567100,0.0,0.0
2026-02-02 00:00:00-05:00,64.3853571677491,66.32497161974104,64.365459405344,66.00667572021484,663300,0.0,0.0
2026-02-03 00:00:00-05:00,65.97683812401168,67.63794464923893,65.75800826535458,67.31964874267578,568400,0.0,0.0
2026-02-04 00:00:00-05:00,67.6379428986525,69.48804017915865,67.44895210038132,68.36405944824219,722400,0.0,0.0
2026-02-05 00:00:00-05:00,68.47346602198705,70.04505532252064,68.47346602198705,69.8162841796875,806000,0.0,0.0
2026-02-06 00:00:00-05:00,69.86601358078917,70.74133298516877,69.86601358078917,70.27383422851562,584400,0.0,0.0
2026-02-09 00:00:00-05:00,70.13457568056884,70.94026045369522,69.95553377667717,70.0848388671875,844600,0.0,0.0
2026-02-10 00:00:00-05:00,69.79637701939494,70.30366364202438,67.76723811764886,68.03580474853516,505600,0.0,0.0
2026-02-11 00:00:00-05:00,68.46352776761829,69.2692126269708,66.98145556448904,67.28981018066406,346600,0.0,0.0
2026-02-12 00:00:00-05:00,67.47878893777741,70.01521474864006,65.25071772271525,66.15587615966797,329400,0.0,0.0
2026-02-13 00:00:00-05:00,66.12595564139194,66.98356933925743,65.66723327410423,66.6146011352539,324700,0.17,0.0
2026-02-17 00:00:00-05:00,66.81404389470183,67.75143739292935,66.43510131007892,66.80406951904297,375600,0.0,0.0
2026-02-18 00:00:00-05:00,66.8040687709609,68.05059942667934,65.66723342160324,66.14590454101562,347000,0.0,0.0
2026-02-19 00:00:00-05:00,66.13593263114254,66.54479835340675,65.59743045480946,66.49493408203125,364500,0.0,0.0
2026-02-20 00:00:00-05:00,66.49493038137143,67.58190144124352,65.83675855529833,67.47221374511719,347800,0.0,0.0
2026-02-23 00:00:00-05:00,67.16307119946556,67.69159898797358,64.72984849718979,65.17859649658203,463800,0.0,0.0
2026-02-24 00:00:00-05:00,65.14867769341002,65.82679065026988,64.80961741087054,65.32817840576172,357200,0.0,0.0
2026-02-25 00:00:00-05:00,65.2783175246431,66.25560092219668,64.84951066779095,65.86668395996094,278400,0.0,0.0
2026-02-26 00:00:00-05:00,66.08606732554361,67.14313051804866,65.14868142575472,66.19576263427734,355600,0.0,0.0
2026-02-27 00:00:00-05:00,65.0090701240354,65.0090701240354,62.69550569405934,63.3337287902832,548500,0.0,0.0
2026-03-02 00:00:00-05:00,62.68553606367572,65.12873317732068,61.857837858007436,64.78968048095703,357800,0.0,0.0
2026-03-03 00:00:00-05:00,63.273898985809865,64.71987535618631,62.69550691601536,64.43067932128906,260200,0.0,0.0
2026-03-04 00:00:00-05:00,64.66003390527229,65.08884075108169,64.01184405705142,65.01903533935547,299200,0.0,0.0
2026-03-05 00:00:00-05:00,64.71987564910243,65.04896158080798,63.50326046513861,64.0716781616211,364500,0.0,0.0
2026-03-06 00:00:00-05:00,62.23678100771316,62.99466995530387,61.379167327472636,62.805198669433594,499500,0.0,0.0
2026-03-09 00:00:00-04:00,61.82792055531387,63.03456131768125,60.38194423311766,62.56586837768555,492600,0.0,0.0
2026-03-10 00:00:00-04:00,63.074450912867476,64.84950934179592,62.60575417098246,63.21406173706055,541200,0.0,0.0
2026-03-11 00:00:00-04:00,62.665587333122666,63.44342122085451,61.96752942674584,62.36642074584961,342300,0.0,0.0
2026-03-12 00:00:00-04:00,61.22958619382515,62.95478413281854,60.9204452274666,62.73539352416992,498000,0.0,0.0
2026-03-13 00:00:00-04:00,63.07444908887612,63.742587672224445,61.83788904557849,62.545921325683594,532700,0.0,0.0
2026-03-16 00:00:00-04:00,63.283865319109815,63.483310978236474,62.506031433036355,62.545921325683594,329900,0.0,0.0
2026-03-17 00:00:00-04:00,63.124310088352345,63.483311517005184,61.99744533821641,62.40631103515625,286100,0.0,0.0
2026-03-18 00:00:00-04:00,62.34647633042865,62.65561729557221,61.498833221141965,62.226810455322266,506700,0.0,0.0
2026-03-19 00:00:00-04:00,61.89772541352381,63.583033476349335,61.508808460880196,63.28386688232422,386800,0.0,0.0
2026-03-20 00:00:00-04:00,63.3935599469328,63.732616422605574,62.4362253582483,63.44342041015625,1493500,0.0,0.0
2026-03-23 00:00:00-04:00,64.48054229508678,65.51764911963201,63.90215023693004,63.91211700439453,622700,0.0,0.0
2026-03-24 00:00:00-04:00,63.692728094890164,64.95920367324416,63.453396343895,64.47056579589844,441100,0.0,0.0
2026-03-25 00:00:00-04:00,64.89937566512492,65.11876628386311,64.15145725118263,64.67998504638672,249300,0.0,0.0
2026-03-26 00:00:00-04:00,64.25117581036712,65.16862053826,64.04175957518846,65.01903533935547,316200,0.0,0.0
2026-03-27 00:00:00-04:00,64.81959355019201,65.03898416106158,63.2539513641546,63.28386688232422,393700,0.0,0.0
2026-03-30 00:00:00-04:00,63.92208901533741,64.54037094513762,63.313785264961716,64.25117492675781,440300,0.0,0.0
2026-03-31 00:00:00-04:00,65.21848164972809,65.5774830664301,64.41072465803913,65.27831268310547,380200,0.0,0.0
2026-04-01 00:00:00-04:00,65.54757030557818,66.43509950967868,65.33814646351472,65.84673309326172,326500,0.0,0.0
2026-04-02 00:00:00-04:00,65.2384272253795,66.35532144305316,64.79965360375935,66.1159896850586,380300,0.0,0.0
2026-04-06 00:00:00-04:00,66.02623740043396,67.22291144091481,65.70712584461633,67.18302154541016,238500,0.0,0.0
2026-04-07 00:00:00-04:00,67.08328880527412,67.7913248959069,66.46501448418516,66.56473541259766,475900,0.0,0.0
2026-04-08 00:00:00-04:00,67.62179519478877,68.86832589876715,67.62179519478877,68.44949340820312,661600,0.0,0.0
2026-04-09 00:00:00-04:00,68.30987693436191,70.25446162862184,67.99076540483672,70.09490966796875,460000,0.0,0.0
2026-04-10 00:00:00-04:00,70.04504979759636,70.2345248954712,68.95807869724375,69.08771514892578,311000,0.0,0.0
2026-04-13 00:00:00-04:00,68.92816396469561,69.27719103722139,67.71154879056049,69.16749572753906,373000,0.0,0.0
2026-04-14 00:00:00-04:00,68.98799001059596,69.49657662702327,68.08051207948485,69.04782104492188,267800,0.0,0.0
2026-04-15 00:00:00-04:00,69.0478222374348,69.15751754107285,67.93093566689342,68.8782958984375,370900,0.0,0.0
2026-04-16 00:00:00-04:00,68.8782961594706,69.12760228537113,68.39962505012512,69.09768676757812,309500,0.0,0.0
2026-04-17 00:00:00-04:00,70.35419517919311,71.94975294057468,69.78577748894405,70.21458435058594,452400,0.0,0.0
2026-04-20 00:00:00-04:00,69.79574175187241,70.85280491253259,68.48938007040532,70.44393920898438,319600,0.0,0.0
2026-04-21 00:00:00-04:00,70.23452248913216,70.53369288518772,69.31707776661663,69.42677307128906,303400,0.0,0.0
2026-04-22 00:00:00-04:00,69.7857770214444,70.02510878199345,68.89824017664516,69.1974105834961,241200,0.0,0.0
2026-04-23 00:00:00-04:00,69.51651816794957,70.3143008018949,69.1774654938652,69.9552993774414,268100,0.0,0.0
2026-04-24 00:00:00-04:00,69.04782218950268,71.47107802671886,68.95807563652612,71.19185638427734,717000,0.0,0.0
2026-04-27 00:00:00-04:00,71.40127221664665,72.63782845834922,71.23174587871547,71.441162109375,406400,0.0,0.0
2026-04-28 00:00:00-04:00,71.93977527407,72.85721999387103,71.5707994677891,72.20903015136719,356200,0.0,0.0
2026-04-29 00:00:00-04:00,72.20902723529842,72.57799541845984,70.61346200311684,70.95252227783203,361100,0.0,0.0
2026-04-30 00:00:00-04:00,70.59352319989223,72.37855596615671,70.26443728923708,71.77024841308594,453500,0.0,0.0
2026-05-01 00:00:00-04:00,71.77024997387605,72.75750011909216,71.11207813825244,71.92980194091797,400100,0.0,0.0
2026-05-04 00:00:00-04:00,71.64060834957127,72.16914375440672,70.84283327083357,71.01235961914062,301400,0.0,0.0
2026-05-05 00:00:00-04:00,71.05224816015847,71.89988749375857,70.85280629633,71.65058135986328,317500,0.0,0.0
2026-05-06 00:00:00-04:00,72.2489113788389,73.01677849803424,71.60072154582296,71.90985870361328,308900,0.0,0.0
2026-05-07 00:00:00-04:00,72.17910450750516,72.45833375042632,71.69046664677623,71.85999298095703,289100,0.0,0.0
2026-05-08 00:00:00-04:00,72.05999755859375,72.20999908447266,71.23999786376953,71.69999694824219,495800,0.2,0.0
2026-05-11 00:00:00-04:00,71.97000122070312,72.27999877929688,70.52999877929688,70.95999908447266,590600,0.0,0.0
2026-05-12 00:00:00-04:00,71.0,71.0,68.9800033569336,70.41999816894531,407500,0.0,0.0
2026-05-13 00:00:00-04:00,70.2699966430664,70.52999877929688,69.3499984741211,69.7300033569336,407900,0.0,0.0
2026-05-14 00:00:00-04:00,69.72000122070312,70.97000122070312,68.83000183105469,70.55000305175781,403000,0.0,0.0
2026-05-15 00:00:00-04:00,70.41999816894531,70.41999816894531,69.5199966430664,69.88999938964844,396300,0.0,0.0
2026-05-18 00:00:00-04:00,70.01000213623047,70.94000244140625,69.62999725341797,70.30999755859375,443600,0.0,0.0
2026-05-19 00:00:00-04:00,70.44999694824219,71.0,69.76000213623047,70.79000091552734,397600,0.0,0.0
2026-05-20 00:00:00-04:00,70.81999969482422,72.33999633789062,70.55999755859375,71.80000305175781,336900,0.0,0.0
2026-05-21 00:00:00-04:00,71.3499984741211,71.9800033569336,70.5199966430664,71.69000244140625,308400,0.0,0.0
2026-05-22 00:00:00-04:00,71.80999755859375,72.16999816894531,71.4800033569336,71.69000244140625,353500,0.0,0.0
2026-05-26 00:00:00-04:00,71.9000015258789,72.80000305175781,71.79000091552734,72.7699966430664,272100,0.0,0.0
2026-05-27 00:00:00-04:00,72.81999969482422,73.16999816894531,71.61000061035156,71.93000030517578,255000,0.0,0.0
2026-05-28 00:00:00-04:00,71.72000122070312,72.4000015258789,71.06999969482422,72.19000244140625,302500,0.0,0.0
2026-05-29 00:00:00-04:00,72.08999633789062,72.29000091552734,71.30999755859375,71.44999694824219,450700,0.0,0.0
2026-06-01 00:00:00-04:00,70.79000091552734,71.4800033569336,69.61000061035156,70.36000061035156,409900,0.0,0.0
2026-06-02 00:00:00-04:00,70.3499984741211,71.48999786376953,70.3499984741211,71.3499984741211,422500,0.0,0.0
2026-06-03 00:00:00-04:00,70.94000244140625,70.94000244140625,69.4800033569336,69.69000244140625,431800,0.0,0.0
2026-06-04 00:00:00-04:00,70.4000015258789,71.31999969482422,70.4000015258789,71.1500015258789,554200,0.0,0.0
2026-06-05 00:00:00-04:00,71.25,72.43000030517578,71.1500015258789,71.7699966430664,325600,0.0,0.0
2026-06-08 00:00:00-04:00,72.08000183105469,72.68000030517578,71.88999938964844,72.1500015258789,312800,0.0,0.0
2026-06-09 00:00:00-04:00,72.69000244140625,74.41000366210938,72.69000244140625,73.2699966430664,469800,0.0,0.0
2026-06-10 00:00:00-04:00,73.87000274658203,74.69000244140625,73.30999755859375,74.04000091552734,525900,0.0,0.0
2026-06-11 00:00:00-04:00,74.3499984741211,74.5999984741211,73.58000183105469,74.33999633789062,484400,0.0,0.0
2026-06-12 00:00:00-04:00,74.58999633789062,75.3499984741211,74.58999633789062,75.23999786376953,452700,0.0,0.0
2026-06-15 00:00:00-04:00,75.52999877929688,76.37000274658203,74.0,74.16999816894531,436600,0.0,0.0
2026-06-16 00:00:00-04:00,74.69999694824219,75.58000183105469,74.0999984741211,74.5,382900,0.0,0.0
2026-06-17 00:00:00-04:00,74.37999725341797,75.08000183105469,72.8499984741211,73.55999755859375,547100,0.0,0.0
2026-06-18 00:00:00-04:00,74.19000244140625,74.58000183105469,73.58999633789062,74.13999938964844,1105700,0.0,0.0
2026-06-22 00:00:00-04:00,74.11000061035156,75.29000091552734,74.11000061035156,75.0999984741211,490900,0.0,0.0
2026-06-23 00:00:00-04:00,75.1500015258789,76.3499984741211,75.1500015258789,76.0,415800,0.0,0.0
2026-06-24 00:00:00-04:00,76.04000091552734,77.33000183105469,75.76000213623047,76.62000274658203,574500,0.0,0.0
2026-06-25 00:00:00-04:00,76.48999786376953,77.91000366210938,76.44999694824219,77.87000274658203,479200,0.0,0.0
2026-06-26 00:00:00-04:00,,,,,1118871,0.0,0.0
