Date,Open,High,Low,Close,Volume,Dividends,Stock Splits,Capital Gains
2022-09-08 00:00:00-04:00,21.412674882917834,21.43003456262106,21.283348083496094,21.283348083496094,300,0.0,0.0,0.0
2022-09-09 00:00:00-04:00,21.143606531031843,21.143606531031843,20.7313232421875,20.7313232421875,700,0.0,0.0,0.0
2022-09-12 00:00:00-04:00,20.58377297080647,20.67490882261018,20.58377297080647,20.611547470092773,700,0.0,0.0,0.0
2022-09-13 00:00:00-04:00,21.260782863119083,21.720802809160517,21.260782863119083,21.686952590942383,2300,0.0,0.0,0.0
2022-09-14 00:00:00-04:00,21.664383901816247,21.759860485930904,21.664383901816247,21.708650588989258,700,0.0,0.0,0.0
2022-09-15 00:00:00-04:00,22.289320536951816,22.306680217975277,22.167806080808187,22.271093368530273,2500,0.0,0.0,0.0
2022-09-16 00:00:00-04:00,22.51499376955077,22.549711479704612,22.333589553833008,22.333589553833008,6100,0.0,0.0,0.0
2022-09-19 00:00:00-04:00,22.584427625964498,22.606126398656304,22.389135360717773,22.389135360717773,2900,0.0,0.0,0.0
2022-09-20 00:00:00-04:00,22.51503855902074,22.627916927044367,22.51503855902074,22.57929229736328,800,0.01,0.0,0.0
2022-09-21 00:00:00-04:00,22.343985839088166,22.858020782470703,22.124305496458746,22.858020782470703,24600,0.0,0.0,0.0
2022-09-22 00:00:00-04:00,22.73211383663261,22.818944242621072,22.48898903109536,22.74079704284668,9300,0.0,0.0,0.0
2022-09-23 00:00:00-04:00,22.85367784318366,23.20968105508162,22.85367784318366,23.016050338745117,9800,0.0,0.0,0.0
2022-09-26 00:00:00-04:00,23.07075213477301,23.07075213477301,22.71909136851926,23.02646827697754,11200,0.0,0.0,0.0
2022-09-27 00:00:00-04:00,22.818945481211994,23.287827049156558,22.698251723744082,23.16539764404297,11400,0.0,0.0,0.0
2022-09-28 00:00:00-04:00,23.24441203976034,23.24441203976034,22.59752723658559,22.675674438476562,12700,0.0,0.0,0.0
2022-09-29 00:00:00-04:00,22.8406484710197,23.287822768122265,22.818941286372866,23.01778221130371,7800,0.0,0.0,0.0
2022-09-30 00:00:00-04:00,22.940507573748302,23.45801544189453,22.758163541596176,23.45801544189453,9700,0.0,0.0,0.0
2022-10-03 00:00:00-04:00,23.174948374199246,23.261778783775444,22.645284366321526,22.71388053894043,15600,0.0,0.0,0.0
2022-10-04 00:00:00-04:00,22.271913570948218,22.271913570948218,21.863812820807308,21.965404510498047,11000,0.0,0.0,0.0
2022-10-05 00:00:00-04:00,22.193766357927444,22.332694343254673,21.844710747080313,21.9298038482666,14800,0.0,0.0,0.0
2022-10-06 00:00:00-04:00,22.072202758344066,22.132983539325384,21.872494004790564,22.12777328491211,10000,0.0,0.0,0.0
2022-10-07 00:00:00-04:00,22.810260198010983,23.28869275291001,22.801576992116065,23.237462997436523,16700,0.0,0.0,0.0
2022-10-10 00:00:00-04:00,23.321689225075154,23.845275134466654,23.321689225075154,23.74715805053711,15900,0.0,0.0,0.0
2022-10-11 00:00:00-04:00,23.956417212675966,24.27768755451917,23.808806022702758,24.154390335083008,12900,0.0,0.0,0.0
2022-10-12 00:00:00-04:00,24.025881502817644,24.234273481339123,24.018066120460293,24.104028701782227,5100,0.0,0.0,0.0
2022-10-13 00:00:00-04:00,24.746572708327946,24.746572708327946,23.07075190555154,23.185367584228516,14100,0.0,0.0,0.0
2022-10-14 00:00:00-04:00,23.113296084535406,23.791439056396484,23.00562797597612,23.791439056396484,26000,0.0,0.0,0.0
2022-10-17 00:00:00-04:00,22.96655525837147,22.997813475578635,22.766844829296552,22.884065628051758,9100,0.0,0.0,0.0
2022-10-18 00:00:00-04:00,22.28927811711007,23.02733401293863,22.28927811711007,22.792024612426758,4200,0.0,0.0,0.0
2022-10-19 00:00:00-04:00,22.905770629445236,23.088114628825206,22.697378670262466,22.952659606933594,8200,0.0,0.0,0.0
2022-10-20 00:00:00-04:00,23.018655125838173,23.03602153985726,22.575821505265825,22.97697639465332,9300,0.0,0.0,0.0
2022-10-21 00:00:00-04:00,23.13152983031279,23.13152983031279,22.385660187501834,22.421260833740234,19100,0.0,0.0,0.0
2022-10-24 00:00:00-04:00,22.271915829245046,22.36742944996049,21.9245958304876,21.933279037475586,35100,0.0,0.0,0.0
2022-10-25 00:00:00-04:00,21.950647180958274,22.001876946917143,21.631980249616042,21.643268585205078,29400,0.0,0.0,0.0
2022-10-26 00:00:00-04:00,23.33124351501465,23.357291479401262,22.76684666307006,23.33124351501465,45000,0.0,0.0,0.0
2022-10-27 00:00:00-04:00,23.30519232514086,23.806201567754872,23.218361918676997,23.783626556396484,24400,0.0,0.0,0.0
2022-10-28 00:00:00-04:00,23.38768055596504,23.49621815119285,22.7928949978393,22.83370590209961,11900,0.0,0.0,0.0
2022-10-31 00:00:00-04:00,23.05338705507924,23.253097510554884,22.988265484596866,23.199262619018555,5300,0.0,0.0,0.0
2022-11-01 00:00:00-04:00,22.897089878874144,23.604753747399723,22.897089878874144,23.58738899230957,20300,0.0,0.0,0.0
2022-11-02 00:00:00-04:00,23.461485945022492,24.35236167907715,23.35728912950185,24.35236167907715,26700,0.0,0.0,0.0
2022-11-03 00:00:00-04:00,24.569439267845777,25.075658798217773,24.49476501408361,25.075658798217773,22500,0.0,0.0,0.0
2022-11-04 00:00:00-04:00,24.885500187718645,25.08520896936451,24.27768898010254,24.27768898010254,19900,0.0,0.0,0.0
2022-11-07 00:00:00-05:00,24.156127504864102,24.16567853523829,23.496218711406744,23.541370391845703,10600,0.0,0.0,0.0
2022-11-08 00:00:00-05:00,23.478854520373776,23.697665368900658,23.27827625307178,23.43891143798828,13900,0.0,0.0,0.0
2022-11-09 00:00:00-05:00,23.609099580915718,23.913005196847095,23.487536340851747,23.872194290161133,12900,0.0,0.0,0.0
2022-11-10 00:00:00-05:00,22.732116184486014,22.732116184486014,21.935884475708008,21.935884475708008,39100,0.0,0.0,0.0
2022-11-11 00:00:00-05:00,21.86381448553018,21.947170289435295,21.51562501556116,21.533859252929688,47300,0.0,0.0,0.0
2022-11-14 00:00:00-05:00,22.046157156455948,22.19463784120426,21.881181194083737,22.03834342956543,19700,0.0,0.0,0.0
2022-11-15 00:00:00-05:00,21.63805417235185,22.132985321511974,21.63805417235185,22.034868240356445,19700,0.0,0.0,0.0
2022-11-16 00:00:00-05:00,21.86381569083987,22.09825731806153,21.841239020766224,21.957592010498047,19200,0.0,0.0,0.0
2022-11-17 00:00:00-05:00,22.315332220237842,22.315332220237842,21.868156162059837,22.007953643798828,18400,0.0,0.0,0.0
2022-11-18 00:00:00-05:00,21.837765789610796,22.2371850371157,21.837765789610796,22.06178855895996,24900,0.0,0.0,0.0
2022-11-21 00:00:00-05:00,21.742254101681578,21.98277215220871,21.73357089443421,21.957592010498047,9500,0.0,0.0,0.0
2022-11-22 00:00:00-05:00,21.916779641508903,22.028791848228735,21.691890716552734,21.691890716552734,9900,0.0,0.0,0.0
2022-11-23 00:00:00-05:00,21.70751969089132,21.70751969089132,21.442687685678077,21.49304962158203,16500,0.0,0.0,0.0
2022-11-25 00:00:00-05:00,21.499128011280032,21.559908802308495,21.44616094701103,21.495655059814453,6000,0.0,0.0,0.0
2022-11-28 00:00:00-05:00,21.59463978693663,22.07220452383346,21.59463978693663,21.981901168823242,3300,0.0,0.0,0.0
2022-11-29 00:00:00-05:00,22.04615630429811,22.25454829304404,22.04615630429811,22.1216983795166,12400,0.0,0.0,0.0
2022-11-30 00:00:00-05:00,21.841238281766095,21.994059743074683,20.80448688887338,20.83574676513672,42100,0.0,0.0,0.0
2022-12-01 00:00:00-05:00,20.84790195909085,20.94341557500873,20.717657173117946,20.791461944580078,30400,0.0,0.0,0.0
2022-12-02 00:00:00-05:00,21.143124357244005,21.143124357244005,20.791461944580078,20.791461944580078,3900,0.0,0.0,0.0
2022-12-05 00:00:00-05:00,21.056291357197555,21.325464102577286,20.934729792732924,21.179590225219727,11800,0.0,0.0,0.0
2022-12-06 00:00:00-05:00,21.073657490435256,21.724882987745477,21.073657490435256,21.625028610229492,14300,0.0,0.0,0.0
2022-12-07 00:00:00-05:00,21.63805016102185,21.82907568923938,21.533853364442905,21.693620681762695,12800,0.0,0.0,0.0
2022-12-08 00:00:00-05:00,21.538106685987497,21.542450068559297,21.320901100160984,21.43037223815918,7400,0.015,0.0,0.0
2022-12-09 00:00:00-05:00,21.65974179096263,21.65974179096263,21.412127549893874,21.61456298828125,3200,0.0,0.0,0.0
2022-12-12 00:00:00-05:00,21.381724708841947,21.381724708841947,21.00118064880371,21.00118064880371,4800,0.0,0.0,0.0
2022-12-13 00:00:00-05:00,20.17405422670134,20.90386512807373,20.134957154943994,20.619760513305664,21700,0.0,0.0,0.0
2022-12-14 00:00:00-05:00,20.591092709522158,20.76485620507903,20.2001219445114,20.576322555541992,13000,0.0,0.0,0.0
2022-12-15 00:00:00-05:00,20.90386540980439,21.373030277215687,20.895176987391537,21.25226402282715,24200,0.0,0.0,0.0
2022-12-16 00:00:00-05:00,21.303525202597154,21.72924797088436,21.257476396694628,21.624988555908203,17600,0.0,0.0,0.0
2022-12-19 00:00:00-05:00,21.668432195165273,22.17147914355121,21.65105534858772,22.000322341918945,105000,0.0,0.0,0.0
2022-12-20 00:00:00-05:00,22.148976226395668,22.200566828024566,21.832437789633907,21.90326499938965,19700,0.162,0.0,0.0
2022-12-21 00:00:00-05:00,22.035295258201767,22.035295258201767,21.57185393821344,21.6759090423584,5200,0.0,0.0,0.0
2022-12-22 00:00:00-05:00,21.930369499636022,22.594052416981867,21.930369499636022,22.209308624267578,76500,0.0,0.0,0.0
2022-12-23 00:00:00-05:00,22.411297661461546,22.5905530052458,22.198814392089844,22.198814392089844,11600,0.0,0.0,0.0
2022-12-27 00:00:00-05:00,22.235542816618945,22.455020926064087,22.235542816618945,22.355337142944336,16400,0.0,0.0,0.0
2022-12-28 00:00:00-05:00,22.350087724346576,22.594924971614244,22.20143683633001,22.58355712890625,19300,0.0,0.0,0.0
2022-12-29 00:00:00-05:00,22.472505497765578,22.472505497765578,21.912877784209872,21.963594436645508,22100,0.0,0.0,0.0
2022-12-30 00:00:00-05:00,22.236416391387774,22.315114025843776,22.101755142211914,22.101755142211914,9600,0.0,0.0,0.0
2023-01-03 00:00:00-05:00,21.790461648874317,22.288004905703644,21.56311313367356,21.947856903076172,25000,0.0,0.0,0.0
2023-01-04 00:00:00-05:00,22.848506837559327,23.353046630084187,22.848506837559327,23.092470169067383,76000,0.0,0.0,0.0
2023-01-05 00:00:00-05:00,23.294454509935637,23.827849096813477,23.294454509935637,23.73166275024414,47700,0.0,0.0,0.0
2023-01-06 00:00:00-05:00,23.731666760824375,24.055201647168605,23.42562227514149,23.504318237304688,27400,0.0,0.0,0.0
2023-01-09 00:00:00-05:00,23.364411571095346,23.364411571095346,22.865994362730532,23.2507381439209,11700,0.0,0.0,0.0
2023-01-10 00:00:00-05:00,23.18078215672076,23.220130966852768,22.919331803907898,23.075851440429688,11600,0.0,0.0,0.0
2023-01-11 00:00:00-05:00,22.79604331968014,22.829271247995,22.376323699951172,22.376323699951172,16100,0.0,0.0,0.0
2023-01-12 00:00:00-05:00,22.271388466328936,22.271388466328936,22.04403996790453,22.151594161987305,15600,0.0,0.0,0.0
2023-01-13 00:00:00-05:00,22.28887640766607,22.476876088783783,22.12798375815892,22.131481170654297,3900,0.0,0.0,0.0
2023-01-17 00:00:00-05:00,22.153340700619733,22.22766696861876,21.95659832704771,22.011686325073242,23400,0.0,0.0,0.0
2023-01-18 00:00:00-05:00,21.860412767481126,22.45501626160735,21.851668402236076,22.446271896362305,108600,0.0,0.0,0.0
2023-01-19 00:00:00-05:00,22.64738630550064,22.87473478850188,22.53371289790855,22.797786712646484,18900,0.0,0.0,0.0
2023-01-20 00:00:00-05:00,22.542458918414304,22.542458918414304,21.991575566269884,22.035297393798828,26800,0.0,0.0,0.0
2023-01-23 00:00:00-05:00,21.991577754388775,21.991577754388775,21.563113808876892,21.785215377807617,26900,0.0,0.0,0.0
2023-01-24 00:00:00-05:00,21.807951262386766,21.98195965174243,21.7458667608986,21.845550537109375,168800,0.0,0.0,0.0
2023-01-25 00:00:00-05:00,22.559946497193014,22.813528099204692,21.743241419839826,22.000320434570312,183600,0.0,0.0,0.0
2023-01-26 00:00:00-05:00,21.703019802022578,21.82543759264184,21.30078896552083,21.311281204223633,77700,0.0,0.0,0.0
2023-01-27 00:00:00-05:00,21.204601947000793,21.405717359005482,21.17836884933256,21.274555206298828,35100,0.0,0.0,0.0
2023-01-30 00:00:00-05:00,21.554366735935933,21.815817086819127,21.54562237065812,21.77646827697754,39700,0.0,0.0,0.0
2023-01-31 00:00:00-05:00,21.659298584743095,21.715260524068658,21.33576372380409,21.34188461303711,15500,0.0,0.0,0.0
2023-02-01 00:00:00-05:00,21.49315903287523,21.49315903287523,20.722797587905227,20.916044235229492,23600,0.0,0.0,0.0
2023-02-02 00:00:00-05:00,20.365161989499104,20.365161989499104,19.927953720092773,19.927953720092773,19100,0.0,0.0,0.0
2023-02-03 00:00:00-05:00,20.338932686371113,20.435119057281895,19.99791070633106,20.408885955810547,19800,0.0,0.0,0.0
2023-02-06 00:00:00-05:00,20.496324374310138,20.60125342620616,20.443858180544918,20.52430534362793,13500,0.0,0.0,0.0
2023-02-07 00:00:00-05:00,20.251489043577827,20.251489043577827,19.632401908626328,19.700607299804688,60700,0.0,0.0,0.0
2023-02-08 00:00:00-05:00,19.237165884890793,19.74345352793458,19.018561727107944,19.700607299804688,52800,0.0,0.0,0.0
2023-02-09 00:00:00-05:00,19.237168102504267,20.015398460222137,19.237168102504267,19.93670082092285,42600,0.0,0.0,0.0
2023-02-10 00:00:00-05:00,20.129069417173902,20.178910466800826,19.95855845647057,19.998781204223633,24000,0.0,0.0,0.0
2023-02-13 00:00:00-05:00,19.691864404173067,19.691864404173067,19.167214052743756,19.40330696105957,105200,0.0,0.0,0.0
2023-02-14 00:00:00-05:00,19.4295377418643,19.542338906225417,19.193446509296855,19.33335304260254,34700,0.0,0.0,0.0
2023-02-15 00:00:00-05:00,19.53446678345538,19.68049419409492,19.395434198529923,19.515230178833008,32600,0.0,0.0,0.0
2023-02-16 00:00:00-05:00,19.892978238401234,20.024140398717332,19.709351547522168,20.00490379333496,34400,0.0,0.0,0.0
2023-02-17 00:00:00-05:00,20.268977031646227,20.47009244913983,20.268977031646227,20.34417724609375,63600,0.0,0.0,0.0
2023-02-21 00:00:00-05:00,20.64497948933972,20.841721918957706,20.5575374829442,20.766523361206055,128500,0.0,0.0,0.0
2023-02-22 00:00:00-05:00,20.627486432063968,20.933532556408398,20.627486432063968,20.828601837158203,34100,0.0,0.0,0.0
2023-02-23 00:00:00-05:00,20.5575320655176,20.90555045877681,20.487578812399132,20.582889556884766,28400,0.0,0.0,0.0
2023-02-24 00:00:00-05:00,20.959766533617476,21.12590616437214,20.959766533617476,21.064697265625,24900,0.0,0.0,0.0
2023-02-27 00:00:00-05:00,20.79362842615691,21.029719652852467,20.75865095979171,20.959766387939453,20900,0.0,0.0,0.0
2023-02-28 00:00:00-05:00,21.064697265625,21.090930365581233,20.872326202731507,21.064697265625,17500,0.0,0.0,0.0
2023-03-01 00:00:00-05:00,20.82860255284239,21.327019733818037,20.82860255284239,21.274555206298828,19700,0.0,0.0,0.0
2023-03-02 00:00:00-05:00,21.36199967432135,21.36199967432135,20.890689472608802,20.92479133605957,25700,0.0,0.0,0.0
2023-03-03 00:00:00-05:00,20.873196596069956,20.873196596069956,20.54966175612897,20.56627655029297,36600,0.0,0.0,0.0
2023-03-06 00:00:00-05:00,20.47009185936408,20.487580591116334,20.212138903378733,20.450855255126953,17000,0.0,0.0,0.0
2023-03-07 00:00:00-05:00,20.43511199396091,20.714924975002322,20.39139017328761,20.661584854125977,12800,0.0,0.0,0.0
2023-03-08 00:00:00-05:00,20.706186041313973,20.898557099277337,20.693070325580692,20.723674774169922,7800,0.0,0.0,0.0
2023-03-09 00:00:00-05:00,20.557532476186744,20.87669430415408,20.245365473325855,20.80324363708496,53300,0.0,0.0,0.0
2023-03-10 00:00:00-05:00,20.907298960020043,21.21334507705089,20.811988212667377,21.145139694213867,25000,0.0,0.0,0.0
2023-03-13 00:00:00-04:00,21.315658209710897,21.345387058840235,20.435120553125923,20.697444915771484,22000,0.0,0.0,0.0
2023-03-14 00:00:00-04:00,20.443860258160502,20.443860258160502,20.142187118530273,20.142187118530273,12300,0.0,0.0,0.0
2023-03-15 00:00:00-04:00,20.13781459651982,20.13781459651982,19.70935066908118,19.753070831298828,132100,0.0,0.0,0.0
2023-03-16 00:00:00-04:00,19.83177120322651,19.901724473150058,18.98358592910882,19.00981903076172,78900,0.0,0.0,0.0
2023-03-17 00:00:00-04:00,18.861166838232293,18.974841936496585,18.53763361231756,18.803455352783203,101700,0.0,0.0,0.0
2023-03-20 00:00:00-04:00,18.95735015736794,19.412047141733947,18.95735015736794,19.271265029907227,68900,0.0,0.0,0.0
2023-03-21 00:00:00-04:00,19.060365103914776,19.403960330675318,19.060365103914776,19.139453887939453,56800,0.109,0.0,0.0
2023-03-22 00:00:00-04:00,19.14824226968819,19.222936303364175,18.673709551839483,19.185150146484375,66400,0.0,0.0,0.0
2023-03-23 00:00:00-04:00,18.89339884963088,19.042788581997822,18.65613250832335,18.842430114746094,89600,0.0,0.0,0.0
2023-03-24 00:00:00-04:00,18.91976700536923,19.042793282590175,18.708864097515907,18.715015411376953,34900,0.0,0.0,0.0
2023-03-27 00:00:00-04:00,18.700073628358943,19.00763927801539,18.68249796949084,18.981277465820312,23700,0.0,0.0,0.0
2023-03-28 00:00:00-04:00,19.034001516602967,19.252813929655208,19.007638030031753,19.06915283203125,31100,0.0,0.0,0.0
2023-03-29 00:00:00-04:00,18.813434630304368,18.82310074028726,18.66492315552824,18.7088623046875,31200,0.0,0.0,0.0
2023-03-30 00:00:00-04:00,18.506742934533534,18.638557011020435,18.454017639160156,18.454017639160156,25100,0.0,0.0,0.0
2023-03-31 00:00:00-04:00,18.489169437077393,18.506743418590233,18.172814304348805,18.207963943481445,26700,0.0,0.0,0.0
2023-04-03 00:00:00-04:00,18.26947817357799,18.454017544491588,18.217631158496516,18.287052154541016,71200,0.0,0.0,0.0
2023-04-04 00:00:00-04:00,18.2870539465041,18.366142734961876,18.102514557507337,18.313417434692383,55200,0.0,0.0,0.0
2023-04-05 00:00:00-04:00,18.312534227882708,18.541890982262565,18.28704902665831,18.471590042114258,120100,0.0,0.0,0.0
2023-04-06 00:00:00-04:00,18.594618904633787,18.62010243336454,17.97069818187336,18.032211303710938,63300,0.0,0.0,0.0
2023-04-10 00:00:00-04:00,18.172814763288272,18.40129328979485,18.15523910522461,18.15523910522461,27000,0.0,0.0,0.0
2023-04-11 00:00:00-04:00,18.374929174405015,18.629771179293265,18.374929174405015,18.568256378173828,311500,0.0,0.0,0.0
2023-04-12 00:00:00-04:00,18.39865916557312,18.594622917750822,18.304631226425215,18.506746292114258,55800,0.0,0.0,0.0
2023-04-13 00:00:00-04:00,18.54189245458728,18.54189245458728,18.14205551147461,18.14205551147461,28200,0.0,0.0,0.0
2023-04-14 00:00:00-04:00,18.322204803181098,18.484775452651586,18.234328187537823,18.36614227294922,36500,0.0,0.0,0.0
2023-04-17 00:00:00-04:00,18.093725521166654,18.34856585222594,18.014636737984507,18.207963943481445,36400,0.0,0.0,0.0
2023-04-18 00:00:00-04:00,18.10251268054258,18.291446802701234,18.10251268054258,18.216751098632812,13300,0.0,0.0,0.0
2023-04-19 00:00:00-04:00,18.364385742737024,18.42853538732307,18.20005685672064,18.213237762451172,6200,0.0,0.0,0.0
2023-04-20 00:00:00-04:00,18.436438052690864,18.436438052690864,18.199171759918222,18.383712768554688,35700,0.0,0.0,0.0
2023-04-21 00:00:00-04:00,18.454020566511524,18.56825900395991,18.401295262774358,18.406566619873047,29400,0.0,0.0,0.0
2023-04-24 00:00:00-04:00,18.664920133627053,18.848581221888203,18.49707646605949,18.673707962036133,32600,0.0,0.0,0.0
2023-04-25 00:00:00-04:00,18.823096432127485,19.09551239013672,18.691282367033132,19.09551239013672,299000,0.0,0.0,0.0
2023-04-26 00:00:00-04:00,17.619193341900964,17.899518887611624,17.425866130700207,17.724645614624023,417200,0.0,0.0,0.0
2023-04-27 00:00:00-04:00,17.654340376409873,17.671916030285537,17.135870319824104,17.165748596191406,204100,0.0,0.0,0.0
2023-04-28 00:00:00-04:00,17.206175439940917,17.236932003643187,16.933759443103515,17.03042221069336,160000,0.0,0.0,0.0
2023-05-01 00:00:00-04:00,17.074362013303258,17.12708731366428,16.95133575375852,17.11829948425293,72000,0.0,0.0,0.0
2023-05-02 00:00:00-04:00,17.01284888353089,17.197388272848,16.94254792434717,17.11829948425293,77700,0.0,0.0,0.0
2023-05-03 00:00:00-04:00,17.030421739763778,17.197387135321286,16.976818162839372,17.179811477661133,57700,0.0,0.0,0.0
2023-05-04 00:00:00-04:00,17.083146707116015,17.241324255272787,17.004057933037632,17.109508514404297,93900,0.0,0.0,0.0
2023-05-05 00:00:00-04:00,17.13587212346804,17.192112210461804,16.78436738949005,16.84588050842285,62700,0.0,0.0,0.0
2023-05-08 00:00:00-04:00,16.889819420462132,17.08314829781413,16.889819420462132,16.967151641845703,34600,0.0,0.0,0.0
2023-05-09 00:00:00-04:00,17.02163471196808,17.07436000613099,16.894213714643072,17.047996520996094,24100,0.0,0.0,0.0
2023-05-10 00:00:00-04:00,16.951330276264734,16.995267733016867,16.736032715523596,16.772062301635742,37400,0.0,0.0,0.0
2023-05-11 00:00:00-04:00,16.88102969142505,17.09193420226725,16.855546164580538,16.898605346679688,29400,0.0,0.0,0.0
2023-05-12 00:00:00-04:00,16.889818079429393,17.09193476935018,16.889818079429393,16.964513778686523,35600,0.0,0.0,0.0
2023-05-15 00:00:00-04:00,16.968904161878772,17.02602419623403,16.907391052314583,16.951330184936523,24200,0.0,0.0,0.0
2023-05-16 00:00:00-04:00,16.907399164035283,16.907399164035283,16.714071916065055,16.80194854736328,106300,0.0,0.0,0.0
2023-05-17 00:00:00-04:00,16.740428259702103,16.819517034405504,16.634977677502093,16.66485595703125,95500,0.0,0.0,0.0
2023-05-18 00:00:00-04:00,16.61740146360047,16.67803630057685,16.40649863017773,16.417922973632812,97300,0.0,0.0,0.0
2023-05-19 00:00:00-04:00,16.503164515871955,16.530406280922612,16.432863565184714,16.450437545776367,45700,0.0,0.0,0.0
2023-05-22 00:00:00-04:00,16.4451694949285,16.4451694949285,16.248325787776942,16.292264938354492,40900,0.0,0.0,0.0
2023-05-23 00:00:00-04:00,16.362560940959032,16.59543250202272,16.243927784537895,16.59103775024414,60300,0.0,0.0,0.0
2023-05-24 00:00:00-04:00,16.64376673257637,16.740429494035887,16.55676840354521,16.661340713500977,82900,0.0,0.0,0.0
2023-05-25 00:00:00-04:00,16.20438623103107,16.344988142597355,16.002269516560908,16.054996490478516,109600,0.0,0.0,0.0
2023-05-26 00:00:00-04:00,16.142872927426165,16.142872927426165,15.690308958178663,15.721065521240234,66600,0.0,0.0,0.0
2023-05-30 00:00:00-04:00,15.606826808720816,15.822122746162808,15.606826808720816,15.808941841125488,27800,0.0,0.0,0.0
2023-05-31 00:00:00-04:00,15.756217478510152,15.94954469364331,15.571676416517871,15.905607223510742,54100,0.0,0.0,0.0
2023-06-01 00:00:00-04:00,16.011055799382458,16.115629780945582,15.707004991132935,15.738639831542969,43600,0.0,0.0,0.0
2023-06-02 00:00:00-04:00,15.641973553502195,15.747425802611215,15.523342077901173,15.606823921203613,61100,0.0,0.0,0.0
2023-06-05 00:00:00-04:00,15.641975296728042,15.641975296728042,15.47940466750275,15.591886520385742,23400,0.0,0.0,0.0
2023-06-06 00:00:00-04:00,15.6331903060274,15.746550447307092,15.62440247729395,15.71227741241455,45000,0.0,0.0,0.0
2023-06-07 00:00:00-04:00,15.80893877902871,16.213170441647748,15.685912552891299,16.195594787597656,70300,0.0,0.0,0.0
2023-06-08 00:00:00-04:00,16.186810111248356,16.186810111248356,16.046208203693446,16.10772132873535,31200,0.0,0.0,0.0
2023-06-09 00:00:00-04:00,16.107718069488648,16.107718069488648,15.892420499298488,16.028629302978516,14300,0.0,0.0,0.0
2023-06-12 00:00:00-04:00,15.94954221951143,16.107719769223056,15.778183766026098,15.791364669799805,12500,0.0,0.0,0.0
2023-06-13 00:00:00-04:00,15.668341016418713,15.852882080228106,15.53652692861604,15.678007125854492,21200,0.0,0.0,0.0
2023-06-14 00:00:00-04:00,15.709644641629675,15.738642971773585,15.518073972662666,15.545315742492676,14000,0.0,0.0,0.0
2023-06-15 00:00:00-04:00,15.545313557985356,15.545313557985356,14.991692085399078,15.064629554748535,42200,0.0,0.0,0.0
2023-06-16 00:00:00-04:00,14.94775415063259,15.316834562108959,14.938966322251382,15.290471076965332,23800,0.0,0.0,0.0
2023-06-20 00:00:00-04:00,15.382742019669793,15.598039642361305,15.343197626771639,15.501375198364258,20300,0.0,0.0,0.0
2023-06-21 00:00:00-04:00,15.607973372578753,15.758989690747152,15.554673993918346,15.723457336425781,30600,0.19,0.0,0.0
2023-06-22 00:00:00-04:00,15.653277696063727,15.670155181971362,15.425864544417196,15.429417610168457,12600,0.0,0.0,0.0
2023-06-23 00:00:00-04:00,15.670158673779436,15.670158673779436,15.523584936328296,15.652393341064453,18700,0.0,0.0,0.0
2023-06-26 00:00:00-04:00,15.714572031042445,15.963303565979004,15.635509967805323,15.963303565979004,22800,0.0,0.0,0.0
2023-06-27 00:00:00-04:00,15.794523031160963,15.816730963410551,15.612415275743752,15.661272048950195,26800,0.0,0.0,0.0
2023-06-28 00:00:00-04:00,15.625741113903285,15.679040495009327,15.519140657334423,15.599090576171875,36800,0.0,0.0,0.0
2023-06-29 00:00:00-04:00,15.661274872857511,15.736783889349196,15.62129990985766,15.670158386230469,13100,0.0,0.0,0.0
2023-06-30 00:00:00-04:00,15.413431065671174,15.43208593538292,15.314826270235686,15.430310249328613,11800,0.0,0.0,0.0
2023-07-03 00:00:00-04:00,15.465842690633966,15.57688406646813,15.421426818043072,15.536909103393555,11300,0.0,0.0,0.0
2023-07-05 00:00:00-04:00,15.670159453464807,15.670159453464807,15.4569602010644,15.519143104553223,14000,0.0,0.0,0.0
2023-07-06 00:00:00-04:00,15.536908281954728,15.6346252297167,15.350359593707516,15.377008438110352,38300,0.0,0.0,0.0
2023-07-07 00:00:00-04:00,15.483603601686507,15.59020233154297,15.377003177473783,15.590202331542969,12400,0.0,0.0,0.0
2023-07-10 00:00:00-04:00,15.696804969970492,16.016604593363816,15.696804969970492,15.838937759399414,46100,0.0,0.0,0.0
2023-07-11 00:00:00-04:00,15.883356599693615,16.052139954180078,15.794524860407197,15.81229019165039,32800,0.0,0.0,0.0
2023-07-12 00:00:00-04:00,15.563562393188477,15.625745303544402,15.386783325911226,15.563562393188477,44500,0.0,0.0,0.0
2023-07-13 00:00:00-04:00,15.394776494121592,15.456959394365086,15.284622959772001,15.32904052734375,27800,0.0,0.0,0.0
2023-07-14 00:00:00-04:00,15.110508029906741,15.261524342861447,14.950608205089214,15.225990295410156,64900,0.0,0.0,0.0
2023-07-17 00:00:00-04:00,15.217108726501465,15.324597031102332,15.173580698865527,15.217108726501465,15100,0.0,0.0,0.0
2023-07-18 00:00:00-04:00,15.208225989761473,15.35924231288163,14.293244538579733,14.59971809387207,462200,0.0,0.0,0.0
2023-07-19 00:00:00-04:00,14.524209960500322,14.892866387873761,14.515326448540442,14.790708541870117,99900,0.0,0.0,0.0
2023-07-20 00:00:00-04:00,14.817358782625991,15.177131690873797,14.728525359153174,15.128274917602539,39400,0.0,0.0,0.0
2023-07-21 00:00:00-04:00,15.03855708421051,15.377009980311481,15.03855708421051,15.288176536560059,49800,0.0,0.0,0.0
2023-07-24 00:00:00-04:00,15.20822496604115,15.30594020781892,15.146040383001393,15.225990295410156,27600,0.0,0.0,0.0
2023-07-25 00:00:00-04:00,15.15492390781552,15.190457955297179,14.949720374985866,14.959491729736328,120100,0.0,0.0,0.0
2023-07-26 00:00:00-04:00,15.368122942893992,15.71812619049295,15.288173031284346,15.528022766113281,85000,0.0,0.0,0.0
2023-07-27 00:00:00-04:00,15.4125420334358,15.936657419692875,15.4125420334358,15.87447452545166,52500,0.0,0.0,0.0
2023-07-28 00:00:00-04:00,15.741223973462642,15.741223973462642,15.456958337861206,15.510257720947266,50700,0.0,0.0,0.0
2023-07-31 00:00:00-04:00,15.545792984253476,15.714576353931037,15.545792984253476,15.62574291229248,40000,0.0,0.0,0.0
2023-08-01 00:00:00-04:00,15.661273469855054,15.70124842927378,15.511146682064743,15.599090576171875,24500,0.0,0.0,0.0
2023-08-02 00:00:00-04:00,15.758991403497784,16.052140559525697,15.758991403497784,16.02549171447754,99900,0.0,0.0,0.0
2023-08-03 00:00:00-04:00,16.10544149510274,16.10544149510274,15.910009270380906,16.061025619506836,56500,0.0,0.0,0.0
2023-08-04 00:00:00-04:00,15.803408064579829,16.02993170630728,15.6968076074184,16.0166072845459,54900,0.0,0.0,0.0
2023-08-07 00:00:00-04:00,15.96330785466376,16.025492449460852,15.874476107953267,15.901124954223633,42200,0.0,0.0,0.0
2023-08-08 00:00:00-04:00,16.043254356198336,16.24757173532918,15.989954980682574,16.114320755004883,58500,0.0,0.0,0.0
2023-08-09 00:00:00-04:00,16.096556190394043,16.358613866128504,16.078789166259615,16.291988372802734,38100,0.0,0.0,0.0
2023-08-10 00:00:00-04:00,16.1054399665487,16.354173251606998,16.00772471064038,16.27422332763672,107700,0.0,0.0,0.0
2023-08-11 00:00:00-04:00,16.425236171294973,16.46077021633217,16.30087040237784,16.371936798095703,48300,0.0,0.0,0.0
2023-08-14 00:00:00-04:00,16.354172691112826,16.411914677413943,16.229806900024414,16.229806900024414,27300,0.0,0.0,0.0
2023-08-15 00:00:00-04:00,16.283104505473062,16.371937929850375,16.194271081095746,16.3275203704834,29400,0.0,0.0,0.0
2023-08-16 00:00:00-04:00,16.37194152889835,16.398590376020117,16.20760075900506,16.38082504272461,94500,0.0,0.0,0.0
2023-08-17 00:00:00-04:00,16.389706217234746,16.58957931954801,16.32752162932658,16.547828674316406,87800,0.0,0.0,0.0
2023-08-18 00:00:00-04:00,16.709506029005464,16.8338735240964,16.496306787308516,16.585140228271484,87400,0.0,0.0,0.0
2023-08-21 00:00:00-04:00,16.531838042952504,16.55848688468045,16.275109120100378,16.309755325317383,19100,0.0,0.0,0.0
2023-08-22 00:00:00-04:00,16.1232060120065,16.316862520383783,16.114322499399453,16.283105850219727,22100,0.0,0.0,0.0
2023-08-23 00:00:00-04:00,16.23868958140248,16.23868958140248,15.95442226805207,16.06990623474121,41400,0.0,0.0,0.0
2023-08-24 00:00:00-04:00,15.77675659317331,16.407470703125,15.77675659317331,16.407470703125,66100,0.0,0.0,0.0
2023-08-25 00:00:00-04:00,16.34795404039874,16.47054414282438,16.1773950029088,16.265338897705078,24300,0.0,0.0,0.0
2023-08-28 00:00:00-04:00,16.16761960628121,16.323076802851535,16.132085564575785,16.234243392944336,16800,0.0,0.0,0.0
2023-08-29 00:00:00-04:00,16.31863993642036,16.31863993642036,15.989956746666344,16.0166072845459,33500,0.0,0.0,0.0
2023-08-30 00:00:00-04:00,16.007724835882172,16.06102422082707,15.94554193772031,15.989957809448242,19200,0.0,0.0,0.0
2023-08-31 00:00:00-04:00,15.989959201939167,16.09122922820343,15.918892784371495,16.061025619506836,61300,0.0,0.0,0.0
2023-09-01 00:00:00-04:00,15.892239802131435,16.09211460033612,15.883356289504917,16.0166072845459,5200,0.0,0.0,0.0
2023-09-05 00:00:00-04:00,15.936654185936549,15.99883706756004,15.723455008503246,15.776754379272461,9700,0.0,0.0,0.0
2023-09-06 00:00:00-04:00,15.838940730050407,15.918890650893635,15.803408373207203,15.81229019165039,24800,0.0,0.0,0.0
2023-09-07 00:00:00-04:00,15.941096516934167,15.989954983815101,15.838938674527029,15.981071472167969,30500,0.0,0.0,0.0
2023-09-08 00:00:00-04:00,15.874473884630206,15.874473884630206,15.679927845705006,15.774091720581055,23300,0.0,0.0,0.0
2023-09-11 00:00:00-04:00,15.63462462648042,15.705691032740736,15.581325245374378,15.599090576171875,25600,0.0,0.0,0.0
2023-09-12 00:00:00-04:00,15.705693718688007,15.892242431640625,15.705693718688007,15.892242431640625,50300,0.0,0.0,0.0
2023-09-13 00:00:00-04:00,15.767874305832017,15.8344998045853,15.647949424690195,15.6879243850708,21700,0.0,0.0,0.0
2023-09-14 00:00:00-04:00,15.54579151646614,15.61241701499372,15.474725108736568,15.572442054748535,30200,0.0,0.0,0.0
2023-09-15 00:00:00-04:00,15.670154475263413,15.981070588290617,15.670154475263413,15.963303565979004,22400,0.0,0.0,0.0
2023-09-18 00:00:00-04:00,16.034372274008188,16.14985624133703,15.976631984700514,16.032596588134766,18200,0.0,0.0,0.0
2023-09-19 00:00:00-04:00,16.179189324875125,16.219659850903838,16.017307220760276,16.053281784057617,60200,0.221,0.0,0.0
2023-09-20 00:00:00-04:00,16.017302397364087,16.43999481201172,16.008308759248067,16.43999481201172,16600,0.0,0.0,0.0
2023-09-21 00:00:00-04:00,16.52094078063965,16.63785468039141,16.215163854690015,16.52094078063965,58400,0.0,0.0,0.0
2023-09-22 00:00:00-04:00,16.4130197841697,16.682822162970275,16.4130197841697,16.649547576904297,34700,0.0,0.0,0.0
2023-09-25 00:00:00-04:00,16.65584238118594,16.745777076145412,16.61087417602539,16.61087417602539,41200,0.0,0.0,0.0
2023-09-26 00:00:00-04:00,16.787145391174302,17.006584729325706,16.787145391174302,16.898664474487305,51800,0.0,0.0,0.0
2023-09-27 00:00:00-04:00,16.89866786222413,17.028172537064783,16.826718724092594,16.871686935424805,62000,0.0,0.0,0.0
2023-09-28 00:00:00-04:00,17.019176536311132,17.019176536311132,16.77275626151708,16.844703674316406,72100,0.0,0.0,0.0
2023-09-29 00:00:00-04:00,16.610872825126417,16.759265317045593,16.547020208961445,16.73678207397461,28800,0.0,0.0,0.0
2023-10-02 00:00:00-04:00,16.65674049338775,16.65674049338775,16.430105209350586,16.430105209350586,8200,0.0,0.0,0.0
2023-10-03 00:00:00-04:00,16.457985687259434,16.943632010176085,16.457985687259434,16.844703674316406,24500,0.0,0.0,0.0
2023-10-04 00:00:00-04:00,16.691814555159283,16.70080819582781,16.493959606536357,16.556913375854492,36200,0.0,0.0,0.0
2023-10-05 00:00:00-04:00,16.646849057327003,16.768260640531306,16.529933437043603,16.53892707824707,37700,0.0,0.0,0.0
2023-10-06 00:00:00-04:00,16.68282183374436,16.68282183374436,16.053282390512713,16.143217086791992,109900,0.0,0.0,0.0
2023-10-09 00:00:00-04:00,16.26012850232301,16.323082265473907,15.999319809931961,16.017305374145508,52700,0.0,0.0,0.0
2023-10-10 00:00:00-04:00,16.069471796604535,16.11623770591718,15.981336506266585,16.080263137817383,25300,0.0,0.0,0.0
2023-10-11 00:00:00-04:00,15.892299186730371,16.03529516563698,15.891400337219238,15.891400337219238,33200,0.0,0.0,0.0
2023-10-12 00:00:00-04:00,15.999321336576871,16.062275105734777,15.864418442253871,15.970541000366211,26400,0.0,0.0,0.0
2023-10-13 00:00:00-04:00,15.936367257063635,16.19807656223175,15.891400765232603,16.13422393798828,21500,0.0,0.0,0.0
2023-10-16 00:00:00-04:00,15.98133453892161,15.990328179839418,15.765492302979052,15.90039348602295,15300,0.0,0.0,0.0
2023-10-17 00:00:00-04:00,16.062276794615876,16.08925600402798,15.865320675243515,15.927373886108398,13500,0.0,0.0,0.0
2023-10-18 00:00:00-04:00,15.85992096626827,16.0802591372964,15.778979923542435,16.017305374145508,35600,0.0,0.0,0.0
2023-10-19 00:00:00-04:00,15.909388400147094,15.998422536243934,15.736713225284804,15.96694564819336,36900,0.0,0.0,0.0
2023-10-20 00:00:00-04:00,16.03529339527664,16.242141973870027,15.97233962921443,16.20616912841797,41700,0.0,0.0,0.0
2023-10-23 00:00:00-04:00,16.161204200680103,16.314092684380594,15.945361938166789,16.080263137817383,32900,0.0,0.0,0.0
2023-10-24 00:00:00-04:00,16.035293145531725,16.15220703563186,15.972339380450004,16.008312225341797,99700,0.0,0.0,0.0
2023-10-25 00:00:00-04:00,15.342799739700155,15.68365066790895,15.279845968706658,15.537958145141602,166400,0.0,0.0,0.0
2023-10-26 00:00:00-04:00,15.54065596251027,16.161201729072417,15.518171003205717,16.125228881835938,167000,0.0,0.0,0.0
2023-10-27 00:00:00-04:00,15.990328504014723,16.088356275891428,15.711530775995385,16.044288635253906,55100,0.0,0.0,0.0
2023-10-30 00:00:00-04:00,15.873412084677147,15.927372213195456,15.630588933302421,15.675557136535645,29400,0.0,0.0,0.0
2023-10-31 00:00:00-04:00,15.711528127936806,15.729515407105461,15.639580726623535,15.639580726623535,13200,0.0,0.0,0.0
2023-11-01 00:00:00-04:00,15.549651247003744,15.554147210123014,15.216893369240347,15.279847145080566,59600,0.0,0.0,0.0
2023-11-02 00:00:00-04:00,15.234880048565154,15.33380667152353,15.17192627522028,15.189911842346191,52600,0.0,0.0,0.0
2023-11-03 00:00:00-04:00,15.126958996497864,15.216893699088386,14.938097664883365,14.992057800292969,39800,0.0,0.0,0.0
2023-11-06 00:00:00-05:00,14.965076561225827,14.965076561225827,14.812188084635151,14.848162651062012,25100,0.0,0.0,0.0
2023-11-07 00:00:00-05:00,14.735744452485694,14.785208622797418,14.597246147902238,14.668292999267578,41700,0.0,0.0,0.0
2023-11-08 00:00:00-05:00,14.623325751375683,14.668292240955301,14.569365620807813,14.582855224609375,30900,0.0,0.0,0.0
2023-11-09 00:00:00-05:00,14.623325526287891,14.696171787201317,14.524397192301523,14.686279296875,43600,0.0,0.0,0.0
2023-11-10 00:00:00-05:00,14.659299003219726,14.663796681518386,14.317549213073434,14.326542854309082,58600,0.0,0.0,0.0
2023-11-13 00:00:00-05:00,14.38949602791969,14.470437080305667,14.38949602791969,14.452449798583984,16700,0.0,0.0,0.0
2023-11-14 00:00:00-05:00,14.27258140478228,14.398489804982692,14.250098160098295,14.317548751831055,127000,0.0,0.0,0.0
2023-11-15 00:00:00-05:00,14.227614088189585,14.398489835804556,14.182647598725358,14.299561500549316,51100,0.0,0.0,0.0
2023-11-16 00:00:00-05:00,14.245601020686447,14.245601020686447,14.05673885345459,14.05673885345459,108500,0.0,0.0,0.0
2023-11-17 00:00:00-05:00,14.1736544149219,14.388596951765084,14.1331838869541,14.308555603027344,137700,0.0,0.0,0.0
2023-11-20 00:00:00-05:00,14.23660816793206,14.245601809174417,13.957812150865708,13.993785858154297,108700,0.0,0.0,0.0
2023-11-21 00:00:00-05:00,14.08371845146388,14.236606908333627,14.056738387804737,14.16465950012207,55500,0.0,0.0,0.0
2023-11-22 00:00:00-05:00,13.993785516051405,14.110699418620523,13.939824527597278,13.998281478881836,66900,0.0,0.0,0.0
2023-11-24 00:00:00-05:00,14.061234381727564,14.108899129468368,14.029757499694824,14.029757499694824,22500,0.0,0.0,0.0
2023-11-27 00:00:00-05:00,14.047747690744025,14.061238154240595,13.912846486502069,13.980297088623047,23300,0.0,0.0,0.0
2023-11-28 00:00:00-05:00,13.97579825666326,13.97579825666326,13.831903430793396,13.841795921325684,73300,0.0,0.0,0.0
2023-11-29 00:00:00-05:00,13.795928672448396,14.020764535147539,13.705993984296438,13.966803550720215,79900,0.0,0.0,0.0
2023-11-30 00:00:00-05:00,14.002778641715818,14.110699763581582,13.948818509623353,13.993785858154297,76600,0.0,0.0,0.0
2023-12-01 00:00:00-05:00,14.056738387804737,14.261788415439595,14.025261503922275,14.16465950012207,45700,0.0,0.0,0.0
2023-12-04 00:00:00-05:00,14.362516403198242,14.57835778670792,14.353522762061765,14.362516403198242,46000,0.0,0.0,0.0
2023-12-05 00:00:00-05:00,14.46144148934358,14.46144148934358,14.209625582962564,14.236605644226074,87600,0.0,0.0,0.0
2023-12-06 00:00:00-05:00,14.182647868872822,14.389496468926849,14.164660586599867,14.362516403198242,46600,0.0,0.0,0.0
2023-12-07 00:00:00-05:00,14.398490300218196,14.470437714898544,14.281575536942423,14.308555603027344,27700,0.0,0.0,0.0
2023-12-08 00:00:00-05:00,14.371507087930464,14.38949436757667,14.164658518083286,14.182645797729492,24400,0.0,0.0,0.0
2023-12-11 00:00:00-05:00,14.407483108259967,14.461443237309187,14.28607153137804,14.290568351745605,37900,0.0,0.0,0.0
2023-12-12 00:00:00-05:00,14.28157326274153,14.317546964353243,14.17814897781794,14.182645797729492,31600,0.0,0.0,0.0
2023-12-13 00:00:00-05:00,14.092711114859858,14.28157326274153,14.065731053071248,14.182645797729492,46900,0.0,0.0,0.0
2023-12-14 00:00:00-05:00,14.24110410631349,14.569365129876951,14.24110410631349,14.506409645080566,42200,0.0,0.0,0.0
2023-12-15 00:00:00-05:00,14.452450113900511,14.452450113900511,14.2590911195778,14.380502700805664,25200,0.0,0.0,0.0
2023-12-18 00:00:00-05:00,14.317548109355622,14.380501877790481,14.241103880107248,14.245600700378418,14500,0.0,0.0,0.0
2023-12-19 00:00:00-05:00,14.281572984785711,14.361614319219843,14.236605644226074,14.236605644226074,18200,0.0,0.0,0.0
2023-12-20 00:00:00-05:00,14.227614516078619,14.326542854309082,14.137680676764639,14.326542854309082,49600,0.0,0.0,0.0
2023-12-21 00:00:00-05:00,14.2801840530178,14.361993011683236,14.223826616270063,14.234734535217285,20900,0.169,0.0,0.0
2023-12-22 00:00:00-05:00,14.225643763735722,14.271093279317231,14.180195115031621,14.189284324645996,19200,0.0,0.0,0.0
2023-12-26 00:00:00-05:00,14.180197366585917,14.225646022506428,14.11656768791762,14.198376655578613,11800,0.0,0.0,0.0
2023-12-27 00:00:00-05:00,14.225646018981934,14.252916252780539,14.216556807926612,14.225646018981934,11800,0.0,0.0,0.0
2023-12-28 00:00:00-05:00,14.180194854736328,14.225643502606163,14.157469663924019,14.180194854736328,19400,0.0,0.0,0.0
2023-12-29 00:00:00-05:00,14.166559722119102,14.252913713340579,14.13020028374333,14.165650367736816,43500,0.0,0.0,0.0
2024-01-02 00:00:00-05:00,14.252916407600537,14.511977563358478,14.252916407600537,14.361994743347168,24300,0.0,0.0,0.0
2024-01-03 00:00:00-05:00,14.443801183677465,14.443801183677465,14.280183275257924,14.371082305908203,32500,0.0,0.0,0.0
2024-01-04 00:00:00-05:00,14.35290172807633,14.516519631651585,14.289272928631455,14.493794441223145,77700,0.0,0.0,0.0
2024-01-05 00:00:00-05:00,14.452890484489137,14.543789515713309,14.343812167146577,14.507430076599121,44800,0.0,0.0,0.0
2024-01-08 00:00:00-05:00,14.44380038773685,14.44380038773685,14.21655369051122,14.243823051452637,25900,0.0,0.0,0.0
2024-01-09 00:00:00-05:00,14.316545068102542,14.361994590900599,14.198376655578613,14.198376655578613,18600,0.0,0.0,0.0
2024-01-10 00:00:00-05:00,14.171105118573625,14.171105118573625,13.880229604213048,13.925678253173828,35600,0.0,0.0,0.0
2024-01-11 00:00:00-05:00,13.79387750623721,14.00839848761888,13.662073978882951,13.87114143371582,25900,0.0,0.0,0.0
2024-01-12 00:00:00-05:00,13.862049971147096,13.880230124915348,13.739336533843732,13.752971649169922,28500,0.0,0.0,0.0
2024-01-16 00:00:00-05:00,13.57117470481125,13.762061988632778,13.552994550696123,13.680253028869629,71300,0.0,0.0,0.0
2024-01-17 00:00:00-05:00,13.75297191068035,13.866595273260117,13.698432315215978,13.70752239227295,28800,0.0,0.0,0.0
2024-01-18 00:00:00-05:00,13.642983190669964,13.688432705607758,13.571173667907715,13.571173667907715,26600,0.0,0.0,0.0
2024-01-19 00:00:00-05:00,13.543903606875139,13.552993683350968,13.416646003723145,13.416646003723145,34400,0.0,0.0,0.0
2024-01-22 00:00:00-05:00,13.3711962327278,13.563901342570718,13.36210615642566,13.489364624023438,15900,0.0,0.0,0.0
2024-01-23 00:00:00-05:00,13.507542857366035,13.534813084147803,13.389374475276998,13.407554626464844,18300,0.0,0.0,0.0
2024-01-24 00:00:00-05:00,13.30756785612509,13.325747142430867,13.198489537658173,13.289387702941895,18800,0.0,0.0,0.0
2024-01-25 00:00:00-05:00,13.253028522842204,13.280297886273296,13.153040279009906,13.216669082641602,29100,0.0,0.0,0.0
2024-01-26 00:00:00-05:00,13.253027568485534,13.289387006067876,13.18030869332085,13.243937492370605,29200,0.0,0.0,0.0
2024-01-29 00:00:00-05:00,13.216670047913826,13.216670047913826,13.057597160339355,13.057597160339355,59600,0.0,0.0,0.0
2024-01-30 00:00:00-05:00,12.971242048468815,13.16212844421309,12.953061896372771,13.107589721679688,98400,0.0,0.0,0.0
2024-01-31 00:00:00-05:00,13.162128133536529,13.471183776855469,12.907612078341016,13.471183776855469,222100,0.0,0.0,0.0
2024-02-01 00:00:00-05:00,13.298477778516737,13.298477778516737,13.112135542790325,13.234848976135254,87800,0.0,0.0,0.0
2024-02-02 00:00:00-05:00,13.125769261381945,13.179399497476753,12.97124229995641,13.007601737976074,81200,0.0,0.0,0.0
2024-02-05 00:00:00-05:00,13.071232609816313,13.23485054027987,13.043963243698226,13.198491096496582,44600,0.0,0.0,0.0
2024-02-06 00:00:00-05:00,13.153038983891289,13.271207369627112,13.139403870079612,13.2075777053833,13200,0.0,0.0,0.0
2024-02-07 00:00:00-05:00,13.153039396823269,13.153039396823269,12.916702617931968,12.925792694091797,28500,0.0,0.0,0.0
2024-02-08 00:00:00-05:00,12.916703363124405,12.980332166159341,12.889433999949066,12.942154884338379,37400,0.0,0.0,0.0
2024-02-09 00:00:00-05:00,12.878526114440795,12.879434601985103,12.725816119886593,12.734906196594238,34200,0.0,0.0,0.0
2024-02-12 00:00:00-05:00,12.734906762341582,12.907613893072192,12.734906762341582,12.90579605102539,43400,0.0,0.0,0.0
2024-02-13 00:00:00-05:00,13.216669239100476,13.262118756608618,13.073049318576311,13.179400444030762,155700,0.0,0.0,0.0
2024-02-14 00:00:00-05:00,13.089410174425415,13.198489358287334,13.062140811898638,13.0712308883667,60800,0.0,0.0,0.0
2024-02-15 00:00:00-05:00,13.089411470644077,13.224850676047284,13.089411470644077,13.162130355834961,66200,0.0,0.0,0.0
2024-02-16 00:00:00-05:00,13.134859523994487,13.262117992307843,13.125769447641234,13.25302791595459,59900,0.0,0.0,0.0
2024-02-20 00:00:00-05:00,13.289388447908356,13.42573700379339,13.243938929280013,13.305749893188477,65700,0.0,0.0,0.0
2024-02-21 00:00:00-05:00,13.380285515108778,13.466638634223155,13.30756664276123,13.30756664276123,47800,0.0,0.0,0.0
2024-02-22 00:00:00-05:00,13.053051602971443,13.093956082918934,12.980332720148676,13.016692161560059,62000,0.0,0.0,0.0
2024-02-23 00:00:00-05:00,12.889434634902777,13.089411130542992,12.889434634902777,13.043962478637695,25400,0.0,0.0,0.0
2024-02-26 00:00:00-05:00,13.025781718875631,13.139405077112073,13.025781718875631,13.134860038757324,22700,0.0,0.0,0.0
2024-02-27 00:00:00-05:00,13.13486052408245,13.253028925039892,13.13486052408245,13.142132759094238,58700,0.0,0.0,0.0
2024-02-28 00:00:00-05:00,13.134860038757324,13.216668995387952,13.107590675506259,13.134860038757324,25600,0.0,0.0,0.0
2024-02-29 00:00:00-05:00,13.125768908257037,13.171218421278226,12.943971723049641,12.97124195098877,19200,0.0,0.0,0.0
2024-03-01 00:00:00-05:00,13.053050554562253,13.053050554562253,12.89397855296238,12.907612800598145,28500,0.0,0.0,0.0
2024-03-04 00:00:00-05:00,12.95306224657124,12.980331608575195,12.853074007971813,12.92215633392334,30600,0.0,0.0,0.0
2024-03-05 00:00:00-05:00,12.97124164143449,13.371195439346,12.97124164143449,13.30756664276123,61800,0.0,0.0,0.0
2024-03-06 00:00:00-05:00,13.307568203149357,13.434825811240573,13.230304283860786,13.3257474899292,49600,0.0,0.0,0.0
2024-03-07 00:00:00-05:00,13.189398672357157,13.284841870229295,13.089409569583644,13.107589721679688,42700,0.0,0.0,0.0
2024-03-08 00:00:00-05:00,13.162128762253175,13.253027791175084,13.080320676476319,13.19212532043457,37100,0.0,0.0,0.0
2024-03-11 00:00:00-04:00,13.280297625843659,13.366651619705705,13.236666818585006,13.262118339538574,85900,0.0,0.0,0.0
2024-03-12 00:00:00-04:00,13.143949584228517,13.143949584228517,12.903067762427092,12.907612800598145,41900,0.0,0.0,0.0
2024-03-13 00:00:00-04:00,12.8530740763003,12.998511830264409,12.843983999958196,12.907612800598145,26500,0.0,0.0,0.0
2024-03-14 00:00:00-04:00,12.780355888111455,12.825804538516634,12.534929014911773,12.607647895812988,125500,0.0,0.0,0.0
2024-03-15 00:00:00-04:00,12.762174701091114,12.98487636417856,12.74399541577651,12.87125301361084,71300,0.0,0.0,0.0
2024-03-18 00:00:00-04:00,12.962155274546472,12.962155274546472,12.780358041659776,12.853076934814453,23200,0.0,0.0,0.0
2024-03-19 00:00:00-04:00,12.83380887598553,12.842982644983765,12.723726272583008,12.723726272583008,17500,0.129,0.0,0.0
2024-03-20 00:00:00-04:00,12.71455344176469,12.751247645606451,12.595297060564256,12.61364459991455,30400,0.0,0.0,0.0
2024-03-21 00:00:00-04:00,12.476041915299817,12.548512598169715,12.47145503032949,12.494388580322266,52300,0.0,0.0,0.0
2024-03-22 00:00:00-04:00,12.563188515516826,12.586122937466522,12.494386999385226,12.531081199645996,18300,0.0,0.0,0.0
2024-03-25 00:00:00-04:00,12.677860082573591,12.705381393432617,12.641165876287113,12.705381393432617,18000,0.0,0.0,0.0
2024-03-26 00:00:00-04:00,12.631991207176952,12.732900041581242,12.622817438178718,12.723726272583008,21600,0.0,0.0,0.0
2024-03-27 00:00:00-04:00,12.668687334956427,12.815464161814845,12.668687334956427,12.761340141296387,18000,0.0,0.0,0.0
2024-03-28 00:00:00-04:00,12.806288719177246,12.806288719177246,12.751246978863238,12.806288719177246,15100,0.0,0.0,0.0
2024-04-01 00:00:00-04:00,12.714553510375222,12.732901049824525,12.577868190856783,12.67785930633545,1121100,0.0,0.0,0.0
2024-04-02 00:00:00-04:00,12.7604202211482,12.852156159597275,12.732899789556976,12.751246452331543,1585200,0.0,0.0,0.0
2024-04-03 00:00:00-04:00,12.824635759463828,12.833809528928793,12.709966265728168,12.797115325927734,46700,0.0,0.0,0.0
2024-04-04 00:00:00-04:00,12.659511612508767,12.888850587826468,12.558601903459373,12.879676818847656,83500,0.0,0.0,0.0
2024-04-05 00:00:00-04:00,12.824636380568558,12.851239963361866,12.622818691717992,12.650339126586914,23200,0.0,0.0,0.0
2024-04-08 00:00:00-04:00,12.668686411469633,12.719140395237547,12.609057783118232,12.67785930633545,53400,0.0,0.0,0.0
2024-04-09 00:00:00-04:00,12.63657789491783,12.769594927953863,12.604470576559837,12.641164779663086,23000,0.0,0.0,0.0
2024-04-10 00:00:00-04:00,12.795280676780385,12.822801110165432,12.705380186121788,12.732900619506836,35800,0.0,0.0,0.0
2024-04-11 00:00:00-04:00,12.641163373922117,12.751245970990299,12.549428313794657,12.586122512817383,85000,0.0,0.0,0.0
2024-04-12 00:00:00-04:00,12.705380713411818,12.838396876008897,12.677859404025797,12.779685974121094,42000,0.0,0.0,0.0
2024-04-15 00:00:00-04:00,12.631991518658397,13.028288550735926,12.631991518658397,13.026453971862793,85300,0.0,0.0,0.0
2024-04-16 00:00:00-04:00,13.008107561517297,13.012694446218816,12.881511993359997,12.998933792114258,64000,0.0,0.0,0.0
2024-04-17 00:00:00-04:00,12.907197744796608,13.131949844224648,12.902610860131693,13.090669631958008,77600,0.0,0.0,0.0
2024-04-18 00:00:00-04:00,13.121859862583094,13.356703469666364,13.1071823558551,13.352116584777832,160800,0.0,0.0,0.0
2024-04-19 00:00:00-04:00,13.365875787901794,13.558520570614052,13.329181585235593,13.531000137329102,211600,0.0,0.0,0.0
2024-04-22 00:00:00-04:00,13.485132094715897,13.622736010138192,13.40256992043428,13.466785430908203,141700,0.0,0.0,0.0
2024-04-23 00:00:00-04:00,13.356703667459891,13.393397872252685,13.218182891266794,13.246620178222656,87300,0.0,0.0,0.0
2024-04-24 00:00:00-04:00,13.173230748924652,13.264966691234974,13.118189883425485,13.182404518127441,90000,0.0,0.0,0.0
2024-04-25 00:00:00-04:00,13.68695013277981,13.852074475154346,13.494305358295772,13.521825790405273,601000,0.0,0.0,0.0
2024-04-26 00:00:00-04:00,13.07232368971116,13.274142265319824,13.063149919261015,13.274142265319824,252500,0.0,0.0,0.0
2024-04-29 00:00:00-04:00,13.283313967549555,13.503480064278977,13.283313967549555,13.411744117736816,71400,0.0,0.0,0.0
2024-04-30 00:00:00-04:00,13.457612227453849,13.852075576782227,13.439264688015863,13.852075576782227,91400,0.0,0.0,0.0
2024-05-01 00:00:00-04:00,13.741992565073563,13.815381850504496,13.411744717499248,13.638331413269043,111800,0.0,0.0,0.0
2024-05-02 00:00:00-04:00,13.54017261808893,13.668601877768593,13.529164270850856,13.56677532196045,153200,0.0,0.0,0.0
2024-05-03 00:00:00-04:00,13.402570386472682,13.412661883033675,13.24661980181993,13.255793571472168,170700,0.0,0.0,0.0
2024-05-06 00:00:00-04:00,13.191578522461826,13.264966927674674,13.031041057986675,13.044801712036133,41900,0.0,0.0,0.0
2024-05-07 00:00:00-04:00,13.03562873686571,13.182405556233784,13.03562873686571,13.174149513244629,92600,0.0,0.0,0.0
2024-05-08 00:00:00-04:00,13.228272162523195,13.242032815987468,13.086082242827418,13.145709991455078,93500,0.0,0.0,0.0
2024-05-09 00:00:00-04:00,13.145709084717248,13.1824032832322,13.081494456030763,13.099841117858887,63300,0.0,0.0,0.0
2024-05-10 00:00:00-04:00,13.072321362984116,13.104428678985975,12.99893296216308,13.017279624938965,59300,0.0,0.0,0.0
2024-05-13 00:00:00-04:00,12.916371565484251,13.136536781122793,12.916371565484251,13.044801712036133,59600,0.0,0.0,0.0
2024-05-14 00:00:00-04:00,13.10901762045742,13.10901762045742,12.944810982238696,12.971414566040039,69600,0.0,0.0,0.0
2024-05-15 00:00:00-04:00,12.88884985496218,12.916370285475029,12.714551753710468,12.742073059082031,297300,0.0,0.0,0.0
2024-05-16 00:00:00-04:00,12.778766960636434,12.8338078203811,12.67785725967339,12.815461158752441,89300,0.0,0.0,0.0
2024-05-17 00:00:00-04:00,12.797115273571242,12.90719788212404,12.797115273571242,12.84298324584961,30100,0.0,0.0,0.0
2024-05-20 00:00:00-04:00,12.842983864988383,12.842983864988383,12.650339072019204,12.696207046508789,48500,0.0,0.0,0.0
2024-05-21 00:00:00-04:00,12.696205109885565,12.696205109885565,12.466866147278843,12.586122512817383,49900,0.0,0.0,0.0
2024-05-22 00:00:00-04:00,12.503560393733581,12.63199052822968,12.48979974097584,12.540254592895508,58000,0.0,0.0,0.0
2024-05-23 00:00:00-04:00,12.466866792606167,12.696205767084253,12.466866792606167,12.65951156616211,78700,0.0,0.0,0.0
2024-05-24 00:00:00-04:00,12.677858912502153,12.723726884841703,12.540255870342307,12.576950073242188,55200,0.0,0.0,0.0
2024-05-28 00:00:00-04:00,12.5769494953365,12.668685435800372,12.56318884180929,12.56777572631836,21200,0.0,0.0,0.0
2024-05-29 00:00:00-04:00,12.687030884071847,12.687030884071847,12.554014745481457,12.595294952392578,25200,0.0,0.0,0.0
2024-05-30 00:00:00-04:00,12.769594189287922,13.044801134072156,12.769594189287922,13.035627365112305,140700,0.0,0.0,0.0
2024-05-31 00:00:00-04:00,12.989759769823808,13.356702665072447,12.989759769823808,13.026453971862793,153900,0.0,0.0,0.0
2024-06-03 00:00:00-04:00,13.008105935029379,13.219097355764847,12.994345282645403,13.081494331359863,67200,0.0,0.0,0.0
2024-06-04 00:00:00-04:00,13.155800844131381,13.200751962962908,13.003520300794888,13.00810718536377,48300,0.0,0.0,0.0
2024-06-05 00:00:00-04:00,12.93471794853257,12.989758810095045,12.760419845581055,12.760419845581055,52300,0.0,0.0,0.0
2024-06-06 00:00:00-04:00,12.760421052891884,12.850322418409284,12.723726850092218,12.732900619506836,61100,0.0,0.0,0.0
2024-06-07 00:00:00-04:00,12.723727172801578,12.779685767875923,12.696206738718535,12.7695951461792,45600,0.0,0.0,0.0
2024-06-10 00:00:00-04:00,12.732901306052533,12.760421740921455,12.650339126586914,12.650339126586914,55900,0.0,0.0,0.0
2024-06-11 00:00:00-04:00,12.714553044211213,12.723726813599518,12.512735366821289,12.512735366821289,95200,0.0,0.0,0.0
2024-06-12 00:00:00-04:00,12.43017295110555,12.476040922299203,12.210007739206558,12.274222373962402,100100,0.0,0.0,0.0
2024-06-13 00:00:00-04:00,12.310916575945567,12.310916575945567,12.219180633558262,12.274222373962402,96300,0.0,0.0,0.0
2024-06-14 00:00:00-04:00,12.393478040074916,12.393478040074916,12.220097661294679,12.24670124053955,40500,0.0,0.0,0.0
2024-06-17 00:00:00-04:00,12.214594999206152,12.292570295759068,12.012777305070617,12.090752601623535,29600,0.0,0.0,0.0
2024-06-18 00:00:00-04:00,12.072403604822227,12.180651629921535,12.072403604822227,12.145792007446289,22500,0.0,0.0,0.0
2024-06-20 00:00:00-04:00,12.24670288080526,12.271471009743344,12.164140701293945,12.164140701293945,31100,0.0,0.0,0.0
2024-06-21 00:00:00-04:00,12.136618921279684,12.136618921279684,12.035710080708578,12.063230514526367,31200,0.0,0.0,0.0
2024-06-24 00:00:00-04:00,12.063229137810678,12.14579130470046,11.989840739432811,12.118270874023438,41100,0.0,0.0,0.0
2024-06-25 00:00:00-04:00,12.111739814144114,12.139733691163425,12.02309520655935,12.037091255187988,18600,0.223,0.0,0.0
2024-06-26 00:00:00-04:00,12.109873516776394,12.109873516776394,11.967108128082566,12.009098052978516,22900,0.0,0.0,0.0
2024-06-27 00:00:00-04:00,11.990436553955078,12.009098248723568,11.911122348956706,11.990436553955078,30000,0.0,0.0,0.0
2024-06-28 00:00:00-04:00,11.999767351985792,12.158395767211914,11.925118790688916,12.158395767211914,57800,0.0,0.0,0.0
2024-07-01 00:00:00-04:00,12.121070498460988,12.18638865168184,11.8784622490829,11.88779354095459,55400,0.0,0.0,0.0
2024-07-02 00:00:00-04:00,11.971773498828712,11.971773498828712,11.817810741044903,11.822476387023926,18400,0.0,0.0,0.0
2024-07-03 00:00:00-04:00,11.822478082169965,11.855136718824843,11.789819445515088,11.794485092163086,8800,0.0,0.0,0.0
2024-07-05 00:00:00-04:00,11.822476657758964,11.822476657758964,11.599463580211998,11.626523971557617,83100,0.0,0.0,0.0
2024-07-08 00:00:00-04:00,11.645185339458694,11.701172201038062,11.645185339458694,11.663847923278809,32000,0.0,0.0,0.0
2024-07-09 00:00:00-04:00,11.635854463805353,11.859800121245417,11.635854463805353,11.831807136535645,17300,0.0,0.0,0.0
2024-07-10 00:00:00-04:00,11.794483340376683,11.831807618135935,11.654516631368752,11.663847923278809,30900,0.0,0.0,0.0
2024-07-11 00:00:00-04:00,11.724499447980483,12.027760203486263,11.724499447980483,11.95311164855957,99200,0.0,0.0,0.0
2024-07-12 00:00:00-04:00,11.999766956398815,12.055753820466318,11.911122348956706,11.990436553955078,98700,0.0,0.0,0.0
2024-07-15 00:00:00-04:00,11.995101853683575,12.036159185820217,11.906457242225356,11.98110580444336,48700,0.0,0.0,0.0
2024-07-16 00:00:00-04:00,11.990436524811138,12.172392275296486,11.990436524811138,12.102409362792969,47400,0.0,0.0,0.0
2024-07-17 00:00:00-04:00,12.289032116388995,12.37767762328493,12.24237653960792,12.270369529724121,61900,0.0,0.0,0.0
2024-07-18 00:00:00-04:00,12.261037561395598,12.51297622004868,12.261037561395598,12.358080863952637,80800,0.0,0.0,0.0
2024-07-19 00:00:00-04:00,12.58762380873384,12.596955100157231,12.354346862434632,12.456989288330078,276000,0.0,0.0,0.0
2024-07-22 00:00:00-04:00,12.317024427688873,12.383275182888188,12.247041511314716,12.298362731933594,71000,0.0,0.0,0.0
2024-07-23 00:00:00-04:00,12.251705711882988,12.270367405435975,12.147197202391006,12.242374420166016,15900,0.0,0.0,0.0
2024-07-24 00:00:00-04:00,12.38234163159914,12.713594492141414,12.339418221877944,12.680935859680176,98900,0.0,0.0,0.0
2024-07-25 00:00:00-04:00,12.690267794455837,13.00752373291835,12.662273916744791,12.988862037658691,235500,0.0,0.0,0.0
2024-07-26 00:00:00-04:00,13.007524016706466,13.02618660225433,12.690268071322306,12.792909622192383,66600,0.0,0.0,0.0
2024-07-29 00:00:00-04:00,12.587624073492494,12.788242393910416,12.587624073492494,12.755583763122559,73100,0.0,0.0,0.0
2024-07-30 00:00:00-04:00,12.727591570447368,13.021520155716326,12.718260278246827,12.88621997833252,230600,0.0,0.0,0.0
2024-07-31 00:00:00-04:00,12.951537561866738,13.189480179534714,12.91421328202947,13.007523536682129,233200,0.0,0.0,0.0
2024-08-01 00:00:00-04:00,12.951537236097685,13.166151617293547,12.736921965020821,13.04484748840332,160500,0.0,0.0,0.0
2024-08-02 00:00:00-04:00,13.212806140737793,13.446083087826754,13.142823234587292,13.334110260009766,191800,0.0,0.0,0.0
2024-08-05 00:00:00-04:00,13.959293636421181,14.071266472957593,13.58605084796647,13.763340950012207,516100,0.0,0.0,0.0
2024-08-06 00:00:00-04:00,13.595381062805986,13.642036633189761,13.418090963204829,13.623374938964844,346200,0.0,0.0,0.0
2024-08-07 00:00:00-04:00,13.278124462081296,13.688692420095519,13.264128413661473,13.651368141174316,49700,0.0,0.0,0.0
2024-08-08 00:00:00-04:00,13.520732468479595,13.586050622787317,13.42275657183949,13.511401176452637,89800,0.0,0.0,0.0
2024-08-09 00:00:00-04:00,13.492739922018403,13.52539855529614,13.352774096576377,13.408760070800781,176200,0.0,0.0,0.0
2024-08-12 00:00:00-04:00,13.371435576410239,13.471278445009494,13.32944565147642,13.380766868591309,253000,0.0,0.0,0.0
2024-08-13 00:00:00-04:00,13.278125452723074,13.296788038516537,13.119497922883987,13.156822204589844,149500,0.0,0.0,0.0
2024-08-14 00:00:00-04:00,13.128827618890421,13.19414577576898,13.043915171793621,13.07284164428711,56400,0.0,0.0,0.0
2024-08-15 00:00:00-04:00,12.960868752442188,13.016854726817607,12.914213180541992,12.914213180541992,42200,0.0,0.0,0.0
2024-08-16 00:00:00-04:00,12.932874977007591,13.044847816519399,12.932874977007591,13.007523536682129,53900,0.0,0.0,0.0
2024-08-19 00:00:00-04:00,12.979530447273655,13.063510298717803,12.90954753436387,12.914213180541992,30800,0.0,0.0,0.0
2024-08-20 00:00:00-04:00,12.895549055278789,12.895549055278789,12.791041440993,12.811569213867188,44000,0.0,0.0,0.0
2024-08-21 00:00:00-04:00,12.839565687154893,12.909548605873352,12.78357881825147,12.848896980285645,9100,0.0,0.0,0.0
2024-08-22 00:00:00-04:00,12.806905848593171,13.128827422447957,12.76491592332846,13.091503143310547,52600,0.0,0.0,0.0
2024-08-23 00:00:00-04:00,13.044847225770841,13.198810874243335,13.007522947623837,13.082172393798828,187500,0.0,0.0,0.0
2024-08-26 00:00:00-04:00,13.08217290666707,13.231470025108067,13.08217290666707,13.184814453125,96500,0.0,0.0,0.0
2024-08-27 00:00:00-04:00,13.212808245523126,13.278125516351103,13.166152670696967,13.177350044250488,46600,0.0,0.0,0.0
2024-08-28 00:00:00-04:00,13.147489330273967,13.376100639459422,13.147489330273967,13.27812385559082,49100,0.0,0.0,0.0
2024-08-29 00:00:00-04:00,13.147489978503987,13.212807244382848,12.918878658046973,13.203475952148438,156400,0.0,0.0,0.0
2024-08-30 00:00:00-04:00,13.128827422447957,13.231469857486593,13.072841448682347,13.091503143310547,48100,0.0,0.0,0.0
2024-09-03 00:00:00-04:00,13.054179805649055,13.399429635039995,13.00752423089221,13.315450668334961,44300,0.0,0.0,0.0
2024-09-04 00:00:00-04:00,13.44608542474546,13.49274100024814,13.278125708888247,13.343443870544434,78600,0.0,0.0,0.0
2024-09-05 00:00:00-04:00,13.37143611907959,13.427422984557198,13.222138997647352,13.37143611907959,127100,0.0,0.0,0.0
2024-09-06 00:00:00-04:00,13.334112030564574,13.618710228565051,13.306119042363543,13.597248077392578,98700,0.0,0.0,0.0
2024-09-09 00:00:00-04:00,13.42742065273638,13.576717748241517,13.371433796981512,13.467543601989746,87800,0.0,0.0,0.0
2024-09-10 00:00:00-04:00,13.25479736615909,13.362104558803429,13.114831540090911,13.184814453125,182300,0.0,0.0,0.0
2024-09-11 00:00:00-04:00,13.147490150161952,13.31544985305025,12.876888900998038,12.914213180541992,278900,0.0,0.0,0.0
2024-09-12 00:00:00-04:00,12.970199735491796,13.007524016706466,12.77424703664452,12.792909622192383,94000,0.0,0.0,0.0
2024-09-13 00:00:00-04:00,12.82090209694294,12.82090209694294,12.653875878458392,12.690267562866211,43000,0.0,0.0,0.0
2024-09-16 00:00:00-04:00,12.713594624172194,12.750918903069936,12.601621787478965,12.662273406982422,17500,0.0,0.0,0.0
2024-09-17 00:00:00-04:00,12.428996875683428,12.64361215425508,12.368345254060742,12.559632301330566,167000,0.0,0.0,0.0
2024-09-18 00:00:00-04:00,12.624949405946824,12.694932319185218,12.568963431308518,12.690267562866211,37200,0.0,0.0,0.0
2024-09-19 00:00:00-04:00,12.373011683718278,12.503646227755508,12.373011683718278,12.46632194519043,214200,0.0,0.0,0.0
2024-09-20 00:00:00-04:00,12.503645844618378,12.587625700286763,12.461655916784185,12.568964004516602,25700,0.0,0.0,0.0
2024-09-23 00:00:00-04:00,12.587625088771588,12.699597927596034,12.531639114299876,12.617485046386719,45300,0.0,0.0,0.0
2024-09-24 00:00:00-04:00,12.615603786715514,12.822571440211997,12.615603786715514,12.747310638427734,70000,0.11,0.0,0.0
2024-09-25 00:00:00-04:00,12.728493541369,12.766123937980208,12.634417998430687,12.662640571594238,127600,0.0,0.0,0.0
2024-09-26 00:00:00-04:00,12.568565536039824,12.737902788303769,12.568565536039824,12.690864562988281,38800,0.0,0.0,0.0
2024-09-27 00:00:00-04:00,12.700272266997386,12.803755643966072,12.686160530382763,12.79434871673584,76700,0.0,0.0,0.0
2024-09-30 00:00:00-04:00,12.7943485168248,12.860201492305059,12.723790732033663,12.728494644165039,51900,0.0,0.0,0.0
2024-10-01 00:00:00-04:00,12.803756573582756,13.062466380557371,12.789645733123132,13.020132064819336,60100,0.0,0.0,0.0
2024-10-02 00:00:00-04:00,12.96368505785365,13.13302230834961,12.96368505785365,13.13302230834961,125400,0.0,0.0,0.0
2024-10-03 00:00:00-04:00,13.114205880281386,13.208282324339974,13.053056819668928,13.14242935180664,97000,0.0,0.0,0.0
2024-10-04 00:00:00-04:00,13.09539064227868,13.189467082835108,13.048352422000464,13.17065143585205,150200,0.0,0.0,0.0
2024-10-07 00:00:00-04:00,13.161244107512799,13.387026496727298,13.137725445078587,13.36821174621582,158300,0.0,0.0,0.0
2024-10-08 00:00:00-04:00,13.349396416086279,13.396434639253131,13.198874819695938,13.217690467834473,127200,0.0,0.0,0.0
2024-10-09 00:00:00-04:00,13.19887528479603,13.222394845797977,13.034241946500462,13.13302230834961,42500,0.0,0.0,0.0
2024-10-10 00:00:00-04:00,13.217689830265844,13.260964383409908,13.14431042098816,13.180059432983398,42200,0.0,0.0,0.0
2024-10-11 00:00:00-04:00,13.19887400914721,13.269430890974816,13.151835788868993,13.17065143585205,18500,0.0,0.0,0.0
2024-10-14 00:00:00-04:00,13.133022282022159,13.133022282022159,12.935462455899422,13.076576232910156,81100,0.0,0.0,0.0
2024-10-15 00:00:00-04:00,12.991907378095748,13.18664466057653,12.991907378095748,13.11514663696289,34000,0.0,0.0,0.0
2024-10-16 00:00:00-04:00,13.189466866380481,13.354099288883278,13.180059043043347,13.184762954711914,52700,0.0,0.0,0.0
2024-10-17 00:00:00-04:00,12.982499451918622,13.19887400914721,12.982499451918622,13.17065143585205,67600,0.0,0.0,0.0
2024-10-18 00:00:00-04:00,13.151836395263672,13.180059867039564,13.09068733410818,13.151836395263672,38800,0.0,0.0,0.0
2024-10-21 00:00:00-04:00,13.180060185978094,13.272254350574457,13.095391562960499,13.114206314086914,15300,0.0,0.0,0.0
2024-10-22 00:00:00-04:00,13.133022789268631,13.133022789268631,12.766125698818467,12.8385648727417,165100,0.0,0.0,0.0
2024-10-23 00:00:00-04:00,12.775533519756175,13.029539404725867,12.756718767450762,12.935462951660156,237000,0.0,0.0,0.0
2024-10-24 00:00:00-04:00,12.897832721632232,12.991909175950774,12.897832721632232,12.944870948791504,15000,0.0,0.0,0.0
2024-10-25 00:00:00-04:00,12.832917252315477,12.850791756884625,12.700270179784033,12.841383934020996,120100,0.0,0.0,0.0
2024-10-28 00:00:00-04:00,12.719086458132699,12.87901496887207,12.719086458132699,12.87901496887207,82400,0.0,0.0,0.0
2024-10-29 00:00:00-04:00,12.860200843345103,12.88842341752967,12.700271427666795,12.72284984588623,26400,0.0,0.0,0.0
2024-10-30 00:00:00-04:00,12.577973073912736,12.719087746643487,12.54034267395377,12.672049522399902,203600,0.0,0.0,0.0
2024-10-31 00:00:00-04:00,13.217690325732459,13.490510940551758,13.217690325732459,13.490510940551758,181900,0.0,0.0,0.0
2024-11-01 00:00:00-04:00,13.405843273755963,13.438769762809445,13.19887561761753,13.377620697021484,78200,0.0,0.0,0.0
2024-11-04 00:00:00-05:00,13.387026526190573,13.50462163297937,13.368211775637686,13.424657821655273,28300,0.0,0.0,0.0
2024-11-05 00:00:00-05:00,13.434065038261867,13.434065038261867,13.217690467747053,13.330581665039062,29500,0.0,0.0,0.0
2024-11-06 00:00:00-05:00,13.264728662419936,13.292951237387443,13.038945371141434,13.04835319519043,107900,0.0,0.0,0.0
2024-11-07 00:00:00-05:00,13.016366856846302,13.016366856846302,12.850792396056818,12.87901496887207,28900,0.0,0.0,0.0
2024-11-08 00:00:00-05:00,12.883720494351172,12.987204769601881,12.860201830255754,12.973093032836914,17700,0.0,0.0,0.0
2024-11-11 00:00:00-05:00,12.954278130632389,13.160304640240062,12.954278130632389,13.13302230834961,20300,0.0,0.0,0.0
2024-11-12 00:00:00-05:00,13.13302246078844,13.13302246078844,12.935462631976527,12.973093032836914,157400,0.0,0.0,0.0
2024-11-13 00:00:00-05:00,13.020130153266875,13.114205698844453,12.789643855409555,12.907238960266113,36700,0.0,0.0,0.0
2024-11-14 00:00:00-05:00,12.926053854312874,13.057760696202067,12.831978307688702,12.860200881958008,35800,0.0,0.0,0.0
2024-11-15 00:00:00-05:00,13.067168100270312,13.250616172897207,12.990966165293564,13.227097511291504,133000,0.0,0.0,0.0
2024-11-18 00:00:00-05:00,13.245913652578137,13.302359702412494,13.115147942406363,13.198875427246094,29200,0.0,0.0,0.0
2024-11-19 00:00:00-05:00,13.29295094455681,13.308944065651895,13.127377371967516,13.14242935180664,25200,0.0,0.0,0.0
2024-11-20 00:00:00-05:00,13.180060068736887,13.354100328120913,13.17065224466762,13.217690467834473,237100,0.0,0.0,0.0
2024-11-21 00:00:00-05:00,13.048354132948395,13.330582594445081,13.048354132948395,13.274136543273926,69200,0.0,0.0,0.0
2024-11-22 00:00:00-05:00,13.227098089486582,13.29765497456737,13.133021644592548,13.151836395263672,11600,0.0,0.0,0.0
2024-11-25 00:00:00-05:00,13.13302167209907,13.198874645355136,13.038945227007998,13.095391273498535,13200,0.0,0.0,0.0
2024-11-26 00:00:00-05:00,12.987203957483215,13.006959849411075,12.784940229064313,12.813162803649902,43700,0.0,0.0,0.0
2024-11-27 00:00:00-05:00,12.879015597572337,12.973092041121486,12.83197827297722,12.964625358581543,42200,0.0,0.0,0.0
2024-11-29 00:00:00-05:00,13.07657527480433,13.123613496087977,12.916645860747606,12.96368408203125,40800,0.0,0.0,0.0
2024-12-02 00:00:00-05:00,12.991908340445077,12.991908340445077,12.672049492947533,12.728494644165039,46800,0.0,0.0,0.0
2024-12-03 00:00:00-05:00,12.766125044036544,12.784940692562047,12.690864244293534,12.728494644165039,28100,0.0,0.0,0.0
2024-12-04 00:00:00-05:00,12.570446232420277,12.573267861670296,12.474488408434311,12.5403413772583,21800,0.0,0.0,0.0
2024-12-05 00:00:00-05:00,12.483896714731669,12.568564436275592,12.342782051132907,12.3992280960083,29400,0.0,0.0,0.0
2024-12-06 00:00:00-05:00,12.389821661424032,12.410518696395375,12.305153033207993,12.37100601196289,19200,0.0,0.0,0.0
2024-12-09 00:00:00-05:00,12.408635485251462,12.446265884178567,12.25811388954304,12.314559936523438,19900,0.0,0.0,0.0
2024-12-10 00:00:00-05:00,12.380413055419922,12.436859103061733,12.21577972174242,12.380413055419922,66800,0.0,0.0,0.0
2024-12-11 00:00:00-05:00,12.342782015610702,12.355952609847149,12.201668249597507,12.229890823364258,27100,0.0,0.0,0.0
2024-12-12 00:00:00-05:00,12.145222980271393,12.220483779907227,12.05114742931635,12.220483779907227,22300,0.0,0.0,0.0
2024-12-13 00:00:00-05:00,12.23929867762186,12.319263384477171,12.173444809095495,12.286336898803711,23100,0.0,0.0,0.0
2024-12-16 00:00:00-05:00,12.258114326498093,12.323968199852578,12.173445701599121,12.173445701599121,18400,0.0,0.0,0.0
2024-12-17 00:00:00-05:00,12.18285320826231,12.18285320826231,12.088777658634111,12.098184585571289,7300,0.0,0.0,0.0
2024-12-18 00:00:00-05:00,12.201668150390796,12.559157371520996,12.154629929709031,12.559157371520996,45600,0.0,0.0,0.0
2024-12-19 00:00:00-05:00,12.408635943017332,12.577973193026054,12.390761435579089,12.568565368652344,26500,0.0,0.0,0.0
2024-12-20 00:00:00-05:00,12.662641818030414,12.77553301897639,12.399229015823137,12.568565368652344,67700,0.0,0.0,0.0
2024-12-23 00:00:00-05:00,12.587593712310237,12.663710006787618,12.57807996944668,12.625652313232422,12800,0.15,0.0,0.0
2024-12-24 00:00:00-05:00,12.625652413007106,12.633263407358099,12.5029156017439,12.511478424072266,14500,0.0,0.0,0.0
2024-12-26 00:00:00-05:00,12.50196420395894,12.559050288880506,12.473420254131197,12.540021896362305,15100,0.0,0.0,0.0
2024-12-27 00:00:00-05:00,12.765513190941187,12.868268867412471,12.75409579273694,12.768367767333984,30100,0.0,0.0,0.0
2024-12-30 00:00:00-05:00,12.91108465018588,13.006229338413025,12.8549494837526,12.939628601074219,25700,0.0,0.0,0.0
2024-12-31 00:00:00-05:00,12.901570762992451,13.053801536560059,12.901570762992451,13.053801536560059,11400,0.0,0.0,0.0
2025-01-02 00:00:00-05:00,12.949141633738996,13.239332100284464,12.92535591667036,13.13943099975586,23800,0.0,0.0,0.0
2025-01-03 00:00:00-05:00,13.044285978576575,13.110886710535699,12.977685246617451,12.996713638305664,15400,0.0,0.0,0.0
2025-01-06 00:00:00-05:00,12.844484705833553,12.911085447284123,12.665613624585136,12.86256217956543,34400,0.0,0.0,0.0
2025-01-07 00:00:00-05:00,12.815941352073272,13.044287523579314,12.806426701418763,13.034772872924805,118500,0.0,0.0,0.0
2025-01-08 00:00:00-05:00,12.996714800579912,13.044287145105137,12.901571018896464,12.949142456054688,24800,0.0,0.0,0.0
2025-01-10 00:00:00-05:00,13.044287501592205,13.244090628164965,13.025258200315262,13.125160217285156,23200,0.0,0.0,0.0
2025-01-13 00:00:00-05:00,13.272632533334363,13.32020487507588,13.167974107396581,13.206031799316406,53800,0.0,0.0,0.0
2025-01-14 00:00:00-05:00,13.158459253236174,13.377291658902111,13.12040156190735,13.2536039352417,45600,0.0,0.0,0.0
2025-01-15 00:00:00-05:00,13.09185986164346,13.139432207520482,12.848289886289278,12.91108512878418,195500,0.0,0.0,0.0
2025-01-16 00:00:00-05:00,12.844484337526257,12.968172073364258,12.844484337526257,12.968172073364258,116100,0.0,0.0,0.0
2025-01-17 00:00:00-05:00,12.720797115392749,12.844484856225636,12.682739418780097,12.81594181060791,126900,0.0,0.0,0.0
2025-01-21 00:00:00-05:00,12.911085227473576,12.915842552834345,12.777883746840184,12.853999137878418,14800,0.0,0.0,0.0
2025-01-22 00:00:00-05:00,12.597108223922882,12.616137524174578,12.302161328957439,12.311675071716309,52000,0.0,0.0,0.0
2025-01-23 00:00:00-05:00,12.406819758240825,12.430605476188466,12.311675071716309,12.311675071716309,18900,0.0,0.0,0.0
2025-01-24 00:00:00-05:00,12.39730453491211,12.444876875974808,12.321189152158563,12.39730453491211,111700,0.0,0.0,0.0
2025-01-27 00:00:00-05:00,12.968171994838077,12.968171994838077,12.644681134969378,12.654195785522461,253400,0.0,0.0,0.0
2025-01-28 00:00:00-05:00,12.72079666016778,12.72079666016778,12.259346991831865,12.292647361755371,59900,0.0,0.0,0.0
2025-01-29 00:00:00-05:00,12.373518930046517,12.473420030552065,12.349732305616428,12.463906288146973,445700,0.0,0.0,0.0
2025-01-30 00:00:00-05:00,13.09185856598351,13.24408933183056,12.990053810323998,13.196516990661621,200500,0.0,0.0,0.0
2025-01-31 00:00:00-05:00,13.072829266569158,13.201274315515208,13.025256925400221,13.196516990661621,93100,0.0,0.0,0.0
2025-02-03 00:00:00-05:00,13.329719702163592,13.396320437067242,13.206031974937558,13.339234352111816,77800,0.0,0.0,0.0
2025-02-04 00:00:00-05:00,13.29166316986084,13.367778561356218,13.251702725430821,13.29166316986084,54200,0.0,0.0,0.0
2025-02-05 00:00:00-05:00,13.258361372711725,13.348747823281203,13.25360404783434,13.263117790222168,60700,0.0,0.0,0.0
2025-02-06 00:00:00-05:00,13.196517673733034,13.225060716965054,13.10327664240385,13.177489280700684,158100,0.0,0.0,0.0
2025-02-07 00:00:00-05:00,13.17748951218862,13.435330548506986,13.110887866987946,13.37729263305664,49700,0.0,0.0,0.0
2025-02-10 00:00:00-05:00,13.26311742688312,13.343039212320027,13.197468523054308,13.301175117492676,64100,0.0,0.0,0.0
2025-02-11 00:00:00-05:00,13.404882939642903,13.404882939642903,13.30212726327818,13.320204734802246,57000,0.0,0.0,0.0
2025-02-12 00:00:00-05:00,13.46292246506325,13.553309833519025,13.377293329405571,13.424864768981934,88300,0.0,0.0,0.0
2025-02-13 00:00:00-05:00,13.435331347912722,13.491466518103161,13.348749476210301,13.367778778076172,112400,0.0,0.0,0.0
2025-02-14 00:00:00-05:00,13.472437274165042,13.520009621667208,13.425816754707082,13.434379577636719,107800,0.0,0.0,0.0
2025-02-18 00:00:00-05:00,13.434378991559944,13.500979730737276,13.386806646133127,13.396321296691895,245500,0.0,0.0,0.0
2025-02-19 00:00:00-05:00,13.439135873445775,13.45816517393548,13.225060779771523,13.24409008026123,172400,0.0,0.0,0.0
2025-02-20 00:00:00-05:00,13.187003819901697,13.263119211361706,13.082345383485944,13.167975425720215,182000,0.0,0.0,0.0
2025-02-21 00:00:00-05:00,13.148944266806975,13.424862748716182,13.148944266806975,13.415349006652832,102200,0.0,0.0,0.0
2025-02-24 00:00:00-05:00,13.386806448281094,13.716957377381254,13.386806448281094,13.567581176757812,128000,0.0,0.0,0.0
2025-02-25 00:00:00-05:00,13.662724083433394,13.795926458651788,13.63418104137479,13.757868766784668,209800,0.0,0.0,0.0
2025-02-26 00:00:00-05:00,13.786411856040498,13.900584932032725,13.586608746212363,13.70078182220459,113400,0.0,0.0,0.0
2025-02-27 00:00:00-05:00,13.653210578898435,13.962429444127778,13.539036593940649,13.957672119140625,67100,0.0,0.0,0.0
2025-02-28 00:00:00-05:00,13.957672792066463,14.157475914325028,13.79117003895649,13.814956665039062,81500,0.0,0.0,0.0
2025-03-03 00:00:00-05:00,13.776898611922052,14.186019523163969,13.776898611922052,14.10038948059082,71600,0.0,0.0,0.0
2025-03-04 00:00:00-05:00,14.290679027226087,14.366794419838799,13.969090903648793,14.109904289245605,114400,0.0,0.0,0.0
2025-03-05 00:00:00-05:00,14.005244639421303,14.049010578071528,13.634181452015806,13.662724494934082,84400,0.0,0.0,0.0
2025-03-06 00:00:00-05:00,13.910101248751177,13.910101248751177,13.629425396373687,13.805442810058594,102800,0.0,0.0,0.0
2025-03-07 00:00:00-05:00,13.96718645110408,14.186017951328965,13.883459166497031,13.938642501831055,85000,0.0,0.0,0.0
2025-03-10 00:00:00-04:00,14.205047530350138,14.49999441970607,14.190775555432802,14.385821342468262,65200,0.0,0.0,0.0
2025-03-11 00:00:00-04:00,14.376307009314175,14.509509389376962,14.205047843367142,14.404850959777832,76100,0.0,0.0,0.0
2025-03-12 00:00:00-04:00,14.300191608560366,14.433393988490407,14.224076222133768,14.281163215637207,86800,0.0,0.0,0.0
2025-03-13 00:00:00-04:00,14.290677785864961,14.485723575913248,14.214561492497046,14.461936950683594,34800,0.0,0.0,0.0
2025-03-14 00:00:00-04:00,14.38582059223593,14.4143636332151,14.052816027833856,14.090873718261719,89300,0.0,0.0,0.0
2025-03-17 00:00:00-04:00,14.176502841199227,14.195532140096615,13.948156698632049,14.090873718261719,34300,0.0,0.0,0.0
2025-03-18 00:00:00-04:00,14.200290504138072,14.347763951918736,14.200290504138072,14.281163215637207,27700,0.0,0.0,0.0
2025-03-19 00:00:00-04:00,14.224076576327,14.224076576327,14.062331149301114,14.119418144226074,21800,0.0,0.0,0.0
2025-03-20 00:00:00-04:00,14.205047814806713,14.205047814806713,13.995730048662322,14.157475471496582,21200,0.0,0.0,0.0
2025-03-21 00:00:00-04:00,14.214561914492991,14.300191953127944,13.986215749711121,13.99573040008545,33800,0.0,0.0,0.0
2025-03-24 00:00:00-04:00,13.853014481095107,14.005245259892797,13.853014481095107,13.948158264160156,48300,0.0,0.0,0.0
2025-03-25 00:00:00-04:00,13.925157614750276,13.949117485005322,13.829320875656876,13.867655754089355,25000,0.106,0.0,0.0
2025-03-26 00:00:00-04:00,13.886821636624802,14.096705147970185,13.882029662953267,14.05932903289795,29700,0.0,0.0,0.0
2025-03-27 00:00:00-04:00,14.108206654857511,14.11683184245861,13.992244174486135,14.040162086486816,44700,0.0,0.0,0.0
2025-03-28 00:00:00-04:00,14.155166400789293,14.527973353753866,14.107247578989178,14.461845397949219,58500,0.0,0.0,0.0
2025-03-31 00:00:00-04:00,14.701439916633367,14.907490229142956,14.538516456229301,14.605602264404297,198700,0.0,0.0,0.0
2025-04-01 00:00:00-04:00,14.634354819368273,14.678439520031798,14.313299856972895,14.327674865722656,59000,0.0,0.0,0.0
2025-04-02 00:00:00-04:00,14.409134205310332,14.44267710545298,14.236626817176166,14.33725643157959,36100,0.0,0.0,0.0
2025-04-03 00:00:00-04:00,14.672688484191895,14.816444043638015,14.51359824285173,14.672688484191895,96500,0.0,0.0,0.0
2025-04-04 00:00:00-04:00,15.027286850231931,15.228545188903809,14.643937154964952,15.228545188903809,324800,0.0,0.0,0.0
2025-04-07 00:00:00-04:00,15.631060851361367,15.84190405067386,14.768525642036277,15.324381828308105,171700,0.0,0.0,0.0
2025-04-08 00:00:00-04:00,14.835610937003038,15.611894243717376,14.634353520563018,15.429802894592285,220400,0.0,0.0,0.0
2025-04-09 00:00:00-04:00,15.477720993399622,15.477720993399622,13.789067969654594,13.896406173706055,249700,0.0,0.0,0.0
2025-04-10 00:00:00-04:00,14.13599914053479,14.624769499663344,14.126415192949787,14.203084945678711,247800,0.0,0.0,0.0
2025-04-11 00:00:00-04:00,14.22225302325174,14.279754881548133,13.925157042135186,13.973075866699219,118200,0.0,0.0,0.0
2025-04-14 00:00:00-04:00,13.781401950733269,14.078497027970041,13.762234054666076,13.963492393493652,234100,0.0,0.0,0.0
2025-04-15 00:00:00-04:00,13.973075334761376,14.088079960951633,13.83890281388498,14.05932903289795,50600,0.0,0.0,0.0
2025-04-16 00:00:00-04:00,14.231837462329517,14.687064026466127,14.222253514290703,14.567267417907715,66900,0.0,0.0,0.0
2025-04-17 00:00:00-04:00,14.519347998734219,14.749358172394443,14.519347998734219,14.73019027709961,57500,0.0,0.0,0.0
2025-04-21 00:00:00-04:00,14.94103276165583,15.199792953878164,14.873946955149217,15.08478832244873,92100,0.0,0.0,0.0
2025-04-22 00:00:00-04:00,14.893114179567116,15.037828503087795,14.73019072055837,14.758941650390625,54900,0.0,0.0,0.0
2025-04-23 00:00:00-04:00,14.375591701504112,14.48101237828396,14.231836150079273,14.461845397949219,118200,0.0,0.0,0.0
2025-04-24 00:00:00-04:00,14.404344480443372,14.404344480443372,13.925158028801437,13.953909873962402,101700,0.0,0.0,0.0
2025-04-25 00:00:00-04:00,13.973075504745065,14.037286855954136,13.790985072889226,13.810152053833008,111300,0.0,0.0,0.0
2025-04-28 00:00:00-04:00,13.790986466608524,13.982660865294669,13.773735176642614,13.83890438079834,76200,0.0,0.0,0.0
2025-04-29 00:00:00-04:00,13.82932049028312,13.848487471977446,13.695147962520554,13.743066787719727,96300,0.0,0.0,0.0
2025-04-30 00:00:00-04:00,13.867654859340055,14.059329239135506,13.652020610835462,13.790985107421875,665700,0.0,0.0,0.0
2025-05-01 00:00:00-04:00,12.4492634170154,12.66010570526123,12.286339955276658,12.66010570526123,1293100,0.0,0.0,0.0
2025-05-02 00:00:00-04:00,12.458846625824881,12.516349397016388,12.238421316537778,12.37259292602539,454100,0.0,0.0,0.0
2025-05-05 00:00:00-04:00,12.449263670779015,12.449263670779015,12.248005326527306,12.334259033203125,213500,0.0,0.0,0.0
2025-05-06 00:00:00-04:00,12.468431024800532,12.468431024800532,12.30550756683038,12.420512199401855,205300,0.0,0.0,0.0
2025-05-07 00:00:00-04:00,12.40134383008082,12.478014496176216,12.324674077960966,12.430095672607422,102600,0.0,0.0,0.0
2025-05-08 00:00:00-04:00,12.286340238389164,12.353426962635197,12.123416772896197,12.295924186706543,194000,0.0,0.0,0.0
2025-05-09 00:00:00-04:00,12.22883651263881,12.351507559297612,12.22883651263881,12.276755332946777,66000,0.0,0.0,0.0
2025-05-12 00:00:00-04:00,12.065913738014132,12.238421135055011,11.994035960572276,11.998827934265137,138800,0.0,0.0,0.0
2025-05-13 00:00:00-04:00,12.037162809832495,12.075497685399855,11.950909111312056,11.998827934265137,115400,0.0,0.0,0.0
2025-05-14 00:00:00-04:00,12.008411983091435,12.008411983091435,11.87424036424806,11.90299129486084,70600,0.0,0.0,0.0
2025-05-15 00:00:00-04:00,11.931740339835375,11.931740339835375,11.78798479551435,11.864654541015625,162600,0.0,0.0,0.0
2025-05-16 00:00:00-04:00,11.883823427180335,11.987328422792501,11.840696574169167,11.845488548278809,64400,0.0,0.0,0.0
2025-05-19 00:00:00-04:00,11.941325813901093,11.941325813901093,11.711316547977374,11.72089958190918,106100,0.0,0.0,0.0
2025-05-20 00:00:00-04:00,11.807152812391084,11.83590465496207,11.749650955200195,11.749650955200195,49900,0.0,0.0,0.0
2025-05-21 00:00:00-04:00,11.816737113448934,11.902990815791352,11.7592352545377,11.893406867980957,56500,0.0,0.0,0.0
2025-05-22 00:00:00-04:00,11.80715275324206,11.855071576644773,11.701732072936517,11.82632064819336,161800,0.0,0.0,0.0
2025-05-23 00:00:00-04:00,11.979660508735245,11.989244456496367,11.864655877528454,11.970076560974121,171500,0.0,0.0,0.0
2025-05-27 00:00:00-04:00,11.807152837217295,11.807152837217295,11.68256426107435,11.692148208618164,109300,0.0,0.0,0.0
2025-05-28 00:00:00-04:00,11.672981643677378,11.778402328491211,11.639438740053686,11.778402328491211,145700,0.0,0.0,0.0
2025-05-29 00:00:00-04:00,11.663397255438323,11.816736759914745,11.663397255438323,11.749650955200195,275500,0.0,0.0,0.0
2025-05-30 00:00:00-04:00,11.730483089823876,11.816736789803919,11.672981232487544,11.711316108703613,246800,0.0,0.0,0.0
2025-06-02 00:00:00-04:00,11.787985886150318,11.787985886150318,11.653813362121582,11.653813362121582,128400,0.0,0.0,0.0
2025-06-03 00:00:00-04:00,11.653813872493188,11.672981768469116,11.605895046528955,11.625062942504883,60000,0.0,0.0,0.0
2025-06-04 00:00:00-04:00,11.605895042419434,11.62985491238086,11.572352138449023,11.605895042419434,101000,0.0,0.0,0.0
2025-06-05 00:00:00-04:00,11.538808822631836,11.605894628178211,11.471723017085461,11.538808822631836,271500,0.0,0.0,0.0
2025-06-06 00:00:00-04:00,11.455430075235423,11.500473530757988,11.395052852423893,11.471722602844238,172200,0.0,0.0,0.0
2025-06-09 00:00:00-04:00,11.500474032248938,11.500474032248938,11.390261375460687,11.40463638305664,83800,0.0,0.0,0.0
2025-06-10 00:00:00-04:00,11.462139129638672,11.537850122870683,11.414220305150083,11.462139129638672,141200,0.0,0.0,0.0
2025-06-11 00:00:00-04:00,11.471723103081473,11.471723103081473,11.347134524721708,11.40463638305664,93100,0.0,0.0,0.0
2025-06-12 00:00:00-04:00,11.36630114990259,11.385469044730463,11.227337568302632,11.260880470275879,133200,0.0,0.0,0.0
2025-06-13 00:00:00-04:00,11.327967172507035,11.404636929947223,11.28004925958862,11.356719017028809,146500,0.0,0.0,0.0
2025-06-16 00:00:00-04:00,11.289631878823503,11.308799774466813,11.227338045933884,11.270464897155762,205100,0.0,0.0,0.0
2025-06-17 00:00:00-04:00,11.35671808713203,11.380677041629461,11.280048335969623,11.299215316772461,49700,0.0,0.0,0.0
2025-06-18 00:00:00-04:00,11.299215857643672,11.356718630755786,11.231171290284156,11.23213005065918,78400,0.0,0.0,0.0
2025-06-20 00:00:00-04:00,11.212961148055772,11.327965769977183,11.184210221069291,11.308798789978027,122300,0.0,0.0,0.0
2025-06-23 00:00:00-04:00,11.308799412219688,11.414220092954315,11.073998181963784,11.10754108428955,142600,0.0,0.0,0.0
2025-06-24 00:00:00-04:00,11.058285803915627,11.087259221100153,10.981022744058006,11.019654273986816,122800,0.089,0.0,0.0
2025-06-25 00:00:00-04:00,10.990681201069206,11.019654619161283,10.930802005437009,10.971364974975586,101400,0.0,0.0,0.0
2025-06-26 00:00:00-04:00,10.91341736761197,10.961707008385355,10.845811502109916,10.8941011428833,167900,0.0,0.0,0.0
2025-06-27 00:00:00-04:00,10.87478583920292,10.942390783656686,10.826496198429535,10.8941011428833,234900,0.0,0.0,0.0
2025-06-30 00:00:00-04:00,10.882512130387994,10.913417907272475,10.797523316314424,10.874786376953125,91900,0.0,0.0,0.0
2025-07-01 00:00:00-04:00,10.894101410659397,11.000338807181809,10.855469881300788,10.990680694580078,176900,0.0,0.0,0.0
2025-07-02 00:00:00-04:00,11.029312640116906,11.058286057967063,10.956878634967339,11.00999641418457,112200,0.0,0.0,0.0
2025-07-03 00:00:00-04:00,10.952048986014685,10.952048986014685,10.821667231169677,10.855469703674316,88100,0.0,0.0,0.0
2025-07-07 00:00:00-04:00,10.88444474328458,10.923076274503627,10.855470404084027,10.865128517150879,81600,0.0,0.0,0.0
2025-07-08 00:00:00-04:00,10.873820358734282,10.942391487252923,10.873820358734282,10.903759956359863,26700,0.0,0.0,0.0
2025-07-09 00:00:00-04:00,10.8168391506312,10.826497263946061,10.681629248416652,10.749234199523926,184800,0.0,0.0,0.0
2025-07-10 00:00:00-04:00,10.758892632425464,10.8651291188995,10.758892632425464,10.807181358337402,40900,0.0,0.0,0.0
2025-07-11 00:00:00-04:00,10.865128251666022,10.865128251666022,10.729917435179,10.768548965454102,67100,0.0,0.0,0.0
2025-07-14 00:00:00-04:00,10.807180495729202,10.807180495729202,10.758891773671577,10.768548965454102,80400,0.0,0.0,0.0
2025-07-15 00:00:00-04:00,10.768548894109824,10.77144651214955,10.654585742396058,10.700943946838379,55000,0.0,0.0,0.0
2025-07-16 00:00:00-04:00,10.739575223208613,10.78786486485413,10.700943694101861,10.710601806640625,69400,0.0,0.0,0.0
2025-07-17 00:00:00-04:00,10.690320491584988,10.69128575022511,10.556075856742602,10.587946891784668,175000,0.0,0.0,0.0
2025-07-18 00:00:00-04:00,10.556076467878365,10.652654837236009,10.546418354628088,10.628510475158691,90200,0.0,0.0,0.0
2025-07-21 00:00:00-04:00,10.710601596956211,10.720259709305896,10.585048899555169,10.636235237121582,310100,0.0,0.0,0.0
2025-07-22 00:00:00-04:00,10.62368038542875,10.807179914097638,10.62368038542875,10.720259666442871,188400,0.0,0.0,0.0
2025-07-23 00:00:00-04:00,10.700943898981135,10.826496601243978,10.700943898981135,10.724123001098633,80000,0.0,0.0,0.0
2025-07-24 00:00:00-04:00,10.67196979599979,10.69128509915748,10.570561461015057,10.608227729797363,72100,0.0,0.0,0.0
2025-07-25 00:00:00-04:00,10.59470743437332,10.623680851529414,10.469154731965808,10.564767837524414,80300,0.0,0.0,0.0
2025-07-28 00:00:00-04:00,10.565733714535439,10.638168643237465,10.541589352333682,10.597604751586914,110200,0.0,0.0,0.0
2025-07-29 00:00:00-04:00,10.536760333656359,10.61209195978118,10.498128801365299,10.589879035949707,69300,0.0,0.0,0.0
2025-07-30 00:00:00-04:00,10.556076463964162,10.671971059779386,10.556076463964162,10.57539176940918,1178100,0.0,0.0,0.0
2025-07-31 00:00:00-04:00,9.725496295538665,10.189075559323062,9.71583910418455,10.150444030761719,2516000,0.0,0.0,0.0
2025-08-01 00:00:00-04:00,10.14078548035756,10.401548977669915,10.14078548035756,10.34360122680664,1554400,0.0,0.0,0.0
2025-08-04 00:00:00-04:00,10.275997241272535,10.275997241272535,10.068352419507764,10.131128311157227,509300,0.0,0.0,0.0
2025-08-05 00:00:00-04:00,10.10215481548956,10.28372291527408,10.097325759084866,10.275997161865234,382000,0.0,0.0,0.0
2025-08-06 00:00:00-04:00,10.21804938006003,10.338773026725246,10.208391267275214,10.32911491394043,375400,0.0,0.0,0.0
2025-08-07 00:00:00-04:00,10.295312606947265,10.473984012166161,10.2759973021132,10.41120719909668,504300,0.0,0.0,0.0
2025-08-08 00:00:00-04:00,10.382233931898453,10.440181689337768,10.348431457162334,10.39478874206543,372700,0.0,0.0,0.0
2025-08-11 00:00:00-04:00,10.382233781321412,10.436317740114802,10.28565449400606,10.41120719909668,161800,0.0,0.0,0.0
2025-08-12 00:00:00-04:00,10.324286040596169,10.367746627850064,10.21804956122462,10.251852035522461,226700,0.0,0.0,0.0
2025-08-13 00:00:00-04:00,10.227706960338722,10.445008960393272,10.196801185246086,10.417001724243164,266100,0.0,0.0,0.0
2025-08-14 00:00:00-04:00,10.391891030490225,10.42665876051132,10.319457031548588,10.372574806213379,300700,0.0,0.0,0.0
2025-08-15 00:00:00-04:00,10.382234226646526,10.445010121360308,10.314629275255008,10.430523872375488,309000,0.0,0.0,0.0
2025-08-18 00:00:00-04:00,10.420864879093914,10.56090474777826,10.390925282849054,10.498127937316895,368800,0.0,0.0,0.0
2025-08-19 00:00:00-04:00,10.55607561786834,10.671970204394324,10.551246561632054,10.642996788024902,197000,0.0,0.0,0.0
2025-08-20 00:00:00-04:00,10.642998219123537,10.758892821233156,10.625613430125618,10.729918479919434,370700,0.0,0.0,0.0
2025-08-21 00:00:00-04:00,10.778207618420131,10.787865731734993,10.686457384025703,10.749234199523926,134400,0.0,0.0,0.0
2025-08-22 00:00:00-04:00,10.768549148902556,10.793659690061562,10.6236811381651,10.691286087036133,215600,0.0,0.0,0.0
2025-08-25 00:00:00-04:00,10.720260528025381,10.758892059326172,10.673902322045091,10.758892059326172,195300,0.0,0.0,0.0
2025-08-26 00:00:00-04:00,10.76854767347869,10.880579374149784,10.749232371182693,10.816837310791016,449000,0.0,0.0,0.0
2025-08-27 00:00:00-04:00,10.816838281422118,10.854504551903979,10.700943694101861,10.710601806640625,176900,0.0,0.0,0.0
2025-08-28 00:00:00-04:00,10.710602405250098,10.729917710358842,10.618852173100578,10.652654647827148,244800,0.0,0.0,0.0
2025-08-29 00:00:00-04:00,10.6816282406327,10.758891297765265,10.66231201582541,10.727020263671875,159200,0.0,0.0,0.0
2025-09-02 00:00:00-04:00,10.865128796157128,10.923076554997921,10.749234199523926,10.749234199523926,295300,0.0,0.0,0.0
2025-09-03 00:00:00-04:00,10.783036675077563,10.813941532427064,10.705773610655426,10.749234199523926,169400,0.0,0.0,0.0
2025-09-04 00:00:00-04:00,10.778207359602,10.797523585767882,10.69611524049372,10.70577335357666,62800,0.0,0.0,0.0
2025-09-05 00:00:00-04:00,10.671969665960207,11.02931151998172,10.623680027082003,10.981021881103516,592800,0.0,0.0,0.0
2025-09-08 00:00:00-04:00,10.908588759781463,10.9713646506332,10.8458119478814,10.91341781616211,281400,0.0,0.0,0.0
2025-09-09 00:00:00-04:00,10.8458121994961,10.918247125837892,10.826496894573745,10.903759956359863,210500,0.0,0.0,0.0
2025-09-10 00:00:00-04:00,10.826496733791853,10.947220381170865,10.801386193031858,10.874786376953125,427900,0.0,0.0,0.0
2025-09-11 00:00:00-04:00,10.836155605076875,10.91824772788232,10.807181264523141,10.845812797546387,318500,0.0,0.0,0.0
2025-09-12 00:00:00-04:00,10.749233936515944,10.787865467781792,10.606297362937147,10.652654647827148,440400,0.0,0.0,0.0
2025-09-15 00:00:00-04:00,10.68162921714567,10.720260749243641,10.55124745092187,10.55993938446045,243300,0.0,0.0,0.0
2025-09-16 00:00:00-04:00,10.527102243609335,10.691286486471634,10.527102243609335,10.67293643951416,167600,0.0,0.0,0.0
2025-09-17 00:00:00-04:00,10.671970717701363,10.7492337791016,10.642997299938362,10.676799774169922,268900,0.0,0.0,0.0
2025-09-18 00:00:00-04:00,10.652653955121071,10.710601708775874,10.604364313916784,10.696114540100098,192500,0.0,0.0,0.0
2025-09-19 00:00:00-04:00,10.657482853694553,10.662311909848377,10.478812381244481,10.50778579711914,384600,0.0,0.0,0.0
2025-09-22 00:00:00-04:00,10.546418001402236,10.612091511417473,10.522273640133573,10.570562362670898,207600,0.0,0.0,0.0
2025-09-23 00:00:00-04:00,10.59201916868126,10.723688142649742,10.59201916868126,10.684675216674805,170800,0.107,0.0,0.0
2025-09-24 00:00:00-04:00,10.660292983639476,10.728565374742535,10.63103259018825,10.665169715881348,144000,0.0,0.0,0.0
2025-09-25 00:00:00-04:00,10.709057808812119,10.785133153005608,10.670044883339164,10.74026870727539,148300,0.0,0.0,0.0
2025-09-26 00:00:00-04:00,10.709058678719941,10.748072537503546,10.601773357489796,10.647613525390625,234600,0.0,0.0,0.0
2025-09-29 00:00:00-04:00,10.660292660779849,10.699305587391697,10.543253880944304,10.582266807556152,245200,0.0,0.0,0.0
2025-09-30 00:00:00-04:00,10.621279868690348,10.679798794278513,10.513993621542792,10.51887035369873,149700,0.0,0.0,0.0
2025-10-01 00:00:00-04:00,10.601773561039707,10.635909757989173,10.469129787138463,10.474981307983398,136300,0.0,0.0,0.0
2025-10-02 00:00:00-04:00,10.54325340206488,10.665168908457138,10.455474088639813,10.562759399414062,114100,0.0,0.0,0.0
2025-10-03 00:00:00-04:00,10.553006542446752,10.58226693536519,10.484734152586832,10.542278289794922,131700,0.0,0.0,0.0
2025-10-06 00:00:00-04:00,10.504241663343807,10.513994198048888,10.270163157731435,10.304299354553223,154500,0.0,0.0,0.0
2025-10-07 00:00:00-04:00,10.318927737988599,10.445719968283452,10.318927737988599,10.396953582763672,58400,0.0,0.0,0.0
2025-10-08 00:00:00-04:00,10.363793703479585,10.406707641519606,10.3579412532087,10.392077445983887,38900,0.0,0.0,0.0
2025-10-09 00:00:00-04:00,10.435967451388787,10.523746767255126,10.396954525463917,10.443770408630371,165900,0.0,0.0,0.0
2025-10-10 00:00:00-04:00,10.474980163727173,10.689551717009573,10.421337973012701,10.6710205078125,212900,0.0,0.0,0.0
2025-10-13 00:00:00-04:00,10.572512853521138,10.658341660147192,10.56275938978469,10.609575271606445,78200,0.0,0.0,0.0
2025-10-14 00:00:00-04:00,10.699305208419032,10.776355340438139,10.586167446209584,10.616402626037598,223800,0.0,0.0,0.0
2025-10-15 00:00:00-04:00,10.592019312273813,10.689552093604137,10.553006385769992,10.636884689331055,169200,0.0,0.0,0.0
2025-10-16 00:00:00-04:00,10.640786169655575,10.732466504453681,10.557883580931064,10.6719970703125,142600,0.0,0.0,0.0
2025-10-17 00:00:00-04:00,10.738318496132464,10.755873987529041,10.596896056061412,10.6212797164917,172800,0.0,0.0,0.0
2025-10-20 00:00:00-04:00,10.611526635886726,10.631032634794488,10.523747315447872,10.563735961914062,106500,0.0,0.0,0.0
2025-10-21 00:00:00-04:00,10.543254360930089,10.649563962941622,10.533500896297712,10.539352416992188,176400,0.0,0.0,0.0
2025-10-22 00:00:00-04:00,10.474980233402004,10.53350008655609,10.398904889372448,10.491560935974121,177100,0.0,0.0,0.0
2025-10-23 00:00:00-04:00,10.465227605893107,10.529598984436362,10.426214677386334,10.484734535217285,130700,0.0,0.0,0.0
2025-10-24 00:00:00-04:00,10.474981462279905,10.484734927306738,10.401832334861902,10.434993743896484,31300,0.0,0.0,0.0
2025-10-27 00:00:00-04:00,10.270163061029859,10.328682919417341,10.22139666739722,10.28966999053955,165100,0.0,0.0,0.0
2025-10-28 00:00:00-04:00,9.948306025496652,10.094605204339322,9.880033633455023,10.06534481048584,408900,0.0,0.0,0.0
2025-10-29 00:00:00-04:00,10.036084655360185,10.177507092150954,10.0263311914143,10.055591583251953,376600,0.0,0.0,0.0
2025-10-30 00:00:00-04:00,10.29942328884063,10.455475001829772,10.213594474639972,10.376473426818848,350400,0.0,0.0,0.0
2025-10-31 00:00:00-04:00,10.33843580102963,10.59201935936102,10.33843580102963,10.543253898620605,338600,0.0,0.0,0.0
2025-11-03 00:00:00-05:00,10.479857052733719,10.60177256185832,10.406707933287262,10.553006172180176,271300,0.0,0.0,0.0
2025-11-04 00:00:00-05:00,10.67004601959423,10.738319344048474,10.601773625281597,10.614453315734863,181700,0.0,0.0,0.0
2025-11-05 00:00:00-05:00,10.631032414903679,10.784158828320665,10.616403148560842,10.767578125,173200,0.0,0.0,0.0
2025-11-06 00:00:00-05:00,10.816344665390181,11.001655839369356,10.816344665390181,10.991903305053711,311000,0.0,0.0,0.0
2025-11-07 00:00:00-05:00,10.996778846500263,11.070903686391686,10.952889187624633,11.001655578613281,557900,0.0,0.0,0.0
2025-11-10 00:00:00-05:00,10.913875398449637,10.943135788815603,10.778305418901663,10.790985107421875,153600,0.0,0.0,0.0
2025-11-11 00:00:00-05:00,10.835849804243164,10.86998692713432,10.721737255602642,10.742218971252441,641400,0.0,0.0,0.0
2025-11-12 00:00:00-05:00,10.748072401762492,10.943137042509031,10.67979907989502,10.67979907989502,186500,0.0,0.0,0.0
2025-11-13 00:00:00-05:00,10.709057999371977,10.894370096272143,10.650539075191999,10.85535717010498,672100,0.0,0.0,0.0
2025-11-14 00:00:00-05:00,10.972395752449067,10.98800073660865,10.684675078306858,10.709057807922363,419600,0.0,0.0,0.0
2025-11-17 00:00:00-05:00,10.767578125,10.824146543818182,10.6749220742153,10.767578125,198000,0.0,0.0,0.0
2025-11-18 00:00:00-05:00,11.011408317888533,11.206472938859248,10.92362900591634,11.069928169250488,491900,0.0,0.0,0.0
2025-11-19 00:00:00-05:00,11.177214367011256,11.304006613259546,11.04066865640351,11.225980758666992,384900,0.0,0.0,0.0
2025-11-20 00:00:00-05:00,11.060176321114973,11.445428887534407,11.032867363204478,11.398613929748535,415400,0.0,0.0,0.0
2025-11-21 00:00:00-05:00,11.382032089354368,11.640493305435815,11.382032089354368,11.547837257385254,674000,0.0,0.0,0.0
2025-11-24 00:00:00-05:00,11.469811422392922,11.655122588627266,11.440551030244189,11.508824348449707,127900,0.0,0.0,0.0
2025-11-25 00:00:00-05:00,11.51857880800248,11.728272722342222,11.391786554824419,11.43079948425293,286800,0.0,0.0,0.0
2025-11-26 00:00:00-05:00,11.21622765211519,11.338143170072964,11.172337991239065,11.230857849121094,365300,0.0,0.0,0.0
2025-11-28 00:00:00-05:00,11.206473401128564,11.206473401128564,11.079681159732024,11.089434623718262,99100,0.0,0.0,0.0
2025-12-01 00:00:00-05:00,11.186967958485846,11.247437391890164,11.143078298511131,11.217203140258789,68000,0.0,0.0,0.0
2025-12-02 00:00:00-05:00,11.216227325499599,11.222078846046614,11.060175615880516,11.140151977539062,111200,0.0,0.0,0.0
2025-12-03 00:00:00-05:00,11.440552257068392,11.474689384902598,11.274748001153233,11.421046257019043,469900,0.0,0.0,0.0
2025-12-04 00:00:00-05:00,11.401537575391822,11.440550499639214,11.352772117688696,11.357648849487305,117400,0.0,0.0,0.0
2025-12-05 00:00:00-05:00,11.323511613291977,11.396661659395743,11.289375421185673,11.296202659606934,93700,0.0,0.0,0.0
2025-12-08 00:00:00-05:00,11.264994922518133,11.264994922518133,11.091386772400778,11.130399703979492,331400,0.0,0.0,0.0
2025-12-09 00:00:00-05:00,11.16746047532513,11.17233720731825,11.089434623718262,11.089434623718262,170900,0.0,0.0,0.0
2025-12-10 00:00:00-05:00,11.294253786499848,11.474689166769805,11.294253786499848,11.391786575317383,270700,0.0,0.0,0.0
2025-12-11 00:00:00-05:00,11.460058044867047,11.460058044867047,11.225980486759049,11.282548904418945,370700,0.0,0.0,0.0
2025-12-12 00:00:00-05:00,11.382032849645293,11.450305242168485,11.333266456353762,11.401538848876953,200500,0.0,0.0,0.0
2025-12-15 00:00:00-05:00,11.372279356881792,11.534183521770307,11.372279356881792,11.495170593261719,110100,0.0,0.0,0.0
2025-12-16 00:00:00-05:00,11.577096403080848,11.586849866849516,11.430798167116835,11.449329376220703,295200,0.0,0.0,0.0
2025-12-17 00:00:00-05:00,11.440551283748876,11.484440942802975,11.382032358437774,11.460058212280273,342700,0.0,0.0,0.0
2025-12-18 00:00:00-05:00,11.41129263743246,11.421046102395902,11.14795559441085,11.274747848510742,492300,0.0,0.0,0.0
2025-12-19 00:00:00-05:00,11.216227057593649,11.31375983884673,11.196720129286417,11.235733985900879,410800,0.0,0.0,0.0
2025-12-22 00:00:00-05:00,11.235734918798592,11.313760778222893,11.186968524123001,11.274747848510742,204900,0.0,0.0,0.0
2025-12-23 00:00:00-05:00,11.257065481546386,11.261977053578608,11.203039125978508,11.216791152954102,110500,0.082,0.0,0.0
2025-12-24 00:00:00-05:00,11.247242698040072,11.266888986798774,11.173570988768153,11.193217277526855,102900,0.0,0.0,0.0
2025-12-26 00:00:00-05:00,11.217774540782969,11.247243038025196,11.203039823768536,11.212862968444824,104300,0.0,0.0,0.0
2025-12-29 00:00:00-05:00,11.266888748919806,11.291445672563103,11.202057496243448,11.225632667541504,86500,0.0,0.0,0.0
2025-12-30 00:00:00-05:00,11.257066182701486,11.257066182701486,11.173571326526307,11.212862968444824,124700,0.0,0.0,0.0
2025-12-31 00:00:00-05:00,11.227597521751234,11.324844404340618,11.222685949484704,11.311092376708984,76200,0.0,0.0,0.0
2026-01-02 00:00:00-05:00,11.2865344193948,11.630336980835141,11.2865344193948,11.561576843261719,378700,0.0,0.0,0.0
2026-01-05 00:00:00-05:00,11.532106946316636,11.649981864612423,11.497726878912022,11.576310157775879,137800,0.0,0.0,0.0
2026-01-06 00:00:00-05:00,11.55175397407614,11.645071038210382,11.428967475891113,11.428967475891113,491400,0.0,0.0,0.0
2026-01-07 00:00:00-05:00,11.414232114813865,11.443700610415243,11.169641821427915,11.325825691223145,461300,0.0,0.0,0.0
2026-01-08 00:00:00-05:00,11.384763163054172,11.491833181485946,11.345471524897787,11.433877944946289,415400,0.0,0.0,0.0
2026-01-09 00:00:00-05:00,11.532107023785132,11.581221807601622,11.414232104697506,11.419143676757812,273200,0.0,0.0,0.0
2026-01-12 00:00:00-05:00,11.484957866298577,11.49281563233553,11.394586999367384,11.473170280456543,163000,0.0,0.0,0.0
2026-01-13 00:00:00-05:00,11.541930188465203,11.738388387294528,11.512461692837451,11.635248184204102,428700,0.0,0.0,0.0
2026-01-14 00:00:00-05:00,11.748211484597928,11.964315970841968,11.699096700889747,11.915201187133789,689900,0.0,0.0,0.0
2026-01-15 00:00:00-05:00,11.767857412627313,12.003608198620908,11.75803520483366,11.988873481750488,699400,0.0,0.0,0.0
2026-01-16 00:00:00-05:00,11.98396132225329,11.993784466352244,11.829741894403384,11.915201187133789,381600,0.0,0.0,0.0
2026-01-20 00:00:00-05:00,12.150950604465757,12.180419098956664,11.993784051465525,12.052721977233887,400300,0.0,0.0,0.0
2026-01-21 00:00:00-05:00,12.111659076694254,12.465283824170426,12.111659076694254,12.327763557434082,557100,0.0,0.0,0.0
2026-01-22 00:00:00-05:00,12.200065662728978,12.303205864175895,12.087102317300475,12.136216163635254,301600,0.0,0.0,0.0
2026-01-23 00:00:00-05:00,12.131305385064184,12.150950736008614,11.600867794552752,11.738388061523438,963700,0.0,0.0,0.0
2026-01-26 00:00:00-05:00,11.767856370855146,11.826794296332608,11.541929686229055,11.620512962341309,497600,0.0,0.0,0.0
2026-01-27 00:00:00-05:00,11.551753466382225,11.551753466382225,11.335648976774005,11.371011734008789,320500,0.0,0.0,0.0
2026-01-28 00:00:00-05:00,11.316003541344188,11.433878461134867,11.316003541344188,11.355295181274414,943600,0.0,0.0,0.0
2026-01-29 00:00:00-05:00,12.347408876970805,12.776670706847788,12.29829503142494,12.514398574829102,1578900,0.0,0.0,0.0
2026-01-30 00:00:00-05:00,12.337587101332304,12.701035004442124,12.317940812997756,12.592982292175293,1580100,0.0,0.0,0.0
2026-02-02 00:00:00-05:00,12.612628894274422,12.82873338739753,12.583160397826102,12.799263954162598,765300,0.0,0.0,0.0
2026-02-03 00:00:00-05:00,12.858201817372262,13.246206651760195,12.858201817372262,13.172534942626953,1736800,0.0,0.0,0.0
2026-02-04 00:00:00-05:00,13.197092451507704,13.221649374968214,12.936784753608023,13.066447257995605,1048100,0.0,0.0,0.0
2026-02-05 00:00:00-05:00,13.28058755286969,13.766821953479708,13.270764408585869,13.732440948486328,2230900,0.0,0.0,0.0
2026-02-06 00:00:00-05:00,13.570363075003199,13.752087500589964,13.447576579462218,13.477046012878418,1392100,0.0,0.0,0.0
2026-02-09 00:00:00-05:00,13.388639252887605,13.467222533134542,13.015368203321355,13.054659843444824,993300,0.0,0.0,0.0
2026-02-10 00:00:00-05:00,12.86802449277922,13.08412804012298,12.745238003103033,13.064482688903809,1151500,0.0,0.0,0.0
2026-02-11 00:00:00-05:00,12.980987650857768,13.457398886673356,12.980987650857768,13.349347114562988,1117500,0.0,0.0,0.0
2026-02-12 00:00:00-05:00,13.35917134732301,13.555629556621687,13.300233416140088,13.43775463104248,935500,0.0,0.0,0.0
2026-02-13 00:00:00-05:00,13.388639586203052,13.565452439553784,13.31987944847182,13.477046012878418,1221000,0.0,0.0,0.0
2026-02-17 00:00:00-05:00,13.575273678764955,13.68332638667586,13.511425117824778,13.6135835647583,670200,0.0,0.0,0.0
2026-02-18 00:00:00-05:00,13.585097402866538,13.629300614938998,13.437753987149401,13.514372825622559,549100,0.0,0.0,0.0
2026-02-19 00:00:00-05:00,13.486868023757072,13.58804472412703,13.347383308792946,13.53892993927002,376500,0.0,0.0,0.0
2026-02-20 00:00:00-05:00,13.604743878597068,13.644035519115157,13.506514308908546,13.58215045928955,383200,0.0,0.0,0.0
2026-02-23 00:00:00-05:00,13.673503448047732,14.061508264968747,13.673503448047732,14.034004211425781,498100,0.0,0.0,0.0
2026-02-24 00:00:00-05:00,14.027128748574818,14.115535173739298,13.845405262880364,13.85522747039795,472600,0.0,0.0,0.0
2026-02-25 00:00:00-05:00,13.820847055392234,13.820847055392234,13.427930660947975,13.439718246459961,889900,0.0,0.0,0.0
2026-02-26 00:00:00-05:00,13.319878702380038,13.501602181001234,13.22164913673478,13.408284187316895,895700,0.0,0.0,0.0
2026-02-27 00:00:00-05:00,13.77173288537652,13.81102452389855,13.594920043634108,13.722618103027344,612900,0.0,0.0,0.0
2026-03-02 00:00:00-05:00,13.742264092518539,13.78646730500833,13.427930969734772,13.516337394714355,809200,0.0,0.0,0.0
2026-03-03 00:00:00-05:00,13.707884721058546,13.713778982642966,13.246207220913735,13.33952522277832,717300,0.0,0.0,0.0
2026-03-04 00:00:00-05:00,13.427930650972762,13.447576002287093,13.113597535650865,13.31005573272705,564800,0.0,0.0,0.0
2026-03-05 00:00:00-05:00,13.319879047395627,13.319879047395627,13.09886298736225,13.118508338928223,724500,0.0,0.0,0.0
2026-03-06 00:00:00-05:00,13.182357788085938,13.19709250429313,13.054659724650044,13.182357788085938,707900,0.0,0.0,0.0
2026-03-09 00:00:00-04:00,13.310056153319184,13.339524649615159,13.151906901541109,13.172534942626953,4954400,0.0,0.0,0.0
2026-03-10 00:00:00-04:00,13.162711677834084,13.378816167862743,13.15780104248519,13.300232887268066,2539100,0.0,0.0,0.0
2026-03-11 00:00:00-04:00,13.28058677412912,13.424983052130553,13.19218035433185,13.324789047241211,1027700,0.0,0.0,0.0
2026-03-12 00:00:00-04:00,13.359170298349486,13.42793043200826,13.290409227904151,13.422036170959473,1231900,0.0,0.0,0.0
2026-03-13 00:00:00-04:00,13.457399346763522,13.678415407257514,13.329701282565502,13.644035339355469,1584500,0.0,0.0,0.0
2026-03-16 00:00:00-04:00,13.545805833328375,13.668592325993348,13.467222552965719,13.486867904663086,2921000,0.0,0.0,0.0
2026-03-17 00:00:00-04:00,13.49669100045924,13.555628928912974,13.348364895369484,13.50749683380127,2370100,0.0,0.0,0.0
2026-03-18 00:00:00-04:00,13.624389080465503,13.791378785025561,13.555628944512513,13.76682186126709,2265700,0.0,0.0,0.0
2026-03-19 00:00:00-04:00,13.840493243412867,13.928899665720113,13.74619349678554,13.869961738586426,1469700,0.0,0.0,0.0
2026-03-20 00:00:00-04:00,13.968191825855863,14.184295380904123,13.968191825855863,14.144021987915039,991000,0.0,0.0,0.0
2026-03-23 00:00:00-04:00,14.036951165507245,14.135180729885818,13.938721601128671,14.0958890914917,6039400,0.0,0.0,0.0
2026-03-24 00:00:00-04:00,14.126513974100916,14.501903963975716,14.126513974100916,14.48609733581543,1053400,0.081,0.0,0.0
2026-03-25 00:00:00-04:00,14.324087030002996,14.595750372695774,14.324087030002996,14.55129623413086,3030800,0.0,0.0,0.0
2026-03-26 00:00:00-04:00,14.551296478402246,14.773567174958055,14.403116642101324,14.748870849609375,3034600,0.0,0.0,0.0
2026-03-27 00:00:00-04:00,14.926686530329619,15.12919941381268,14.904954065400716,15.124260902404785,4435900,0.0,0.0,0.0
2026-03-30 00:00:00-04:00,14.911869194728498,15.144017858470585,14.768627868388776,15.03535270690918,7767900,0.0,0.0,0.0
2026-03-31 00:00:00-04:00,14.808142367617382,14.857535960286839,14.462389103140017,14.561175346374512,4169300,0.0,0.0,0.0
2026-04-01 00:00:00-04:00,14.43275255464665,14.640204892652449,14.43275255464665,14.60661792755127,1619300,0.0,0.0,0.0
2026-04-02 00:00:00-04:00,14.719233699106049,14.813081428480182,14.452509813127454,14.46337604522705,672300,0.0,0.0,0.0
2026-04-06 00:00:00-04:00,14.492024964901619,14.60069011571326,14.45251027896062,14.472267150878906,472200,0.0,0.0,0.0
2026-04-07 00:00:00-04:00,14.551295901216825,14.71923354481889,14.506842705773348,14.520672798156738,444000,0.0,0.0,0.0
2026-04-08 00:00:00-04:00,14.017847743543609,14.531539601123441,14.007969778670475,14.422874450683594,654400,0.0,0.0,0.0
2026-04-09 00:00:00-04:00,14.521660743831262,14.704416755123647,14.462389185971976,14.472267150878906,616600,0.0,0.0,0.0
2026-04-10 00:00:00-04:00,14.52166070653396,14.598714485236668,14.388298288536456,14.568090438842773,696700,0.0,0.0,0.0
2026-04-13 00:00:00-04:00,14.472266435533914,14.551295803509595,14.032665458406145,14.0425443649292,694500,0.0,0.0,0.0
2026-04-14 00:00:00-04:00,13.919061426953395,13.948697205625939,13.67209440643855,13.721487998962402,3736800,0.0,0.0,0.0
2026-04-15 00:00:00-04:00,13.60294335079846,13.60294335079846,12.990464337496444,13.089251518249512,1337800,0.0,0.0,0.0
2026-04-16 00:00:00-04:00,12.842284550674922,13.06949374820753,12.797830413400389,12.81264877319336,1109500,0.0,0.0,0.0
2026-04-17 00:00:00-04:00,12.674347191548362,12.802770152979624,12.471834313704093,12.733619689941406,1474600,0.0,0.0,0.0
2026-04-20 00:00:00-04:00,12.773134548466725,12.93119329019088,12.728680409593753,12.881799697875977,1533200,0.0,0.0,0.0
2026-04-21 00:00:00-04:00,12.822526630336824,12.901556939800408,12.605196341151176,12.696080207824707,2350600,0.0,0.0,0.0
2026-04-22 00:00:00-04:00,12.624953232658017,12.703982600146926,12.417500907473535,12.43725872039795,1172500,0.0,0.0,0.0
2026-04-23 00:00:00-04:00,12.832405962745499,13.049737201249675,12.723740814545613,12.921314239501953,1650500,0.0,0.0,0.0
2026-04-24 00:00:00-04:00,12.901557235247287,12.911435199815115,12.654590221068087,12.659528732299805,1786800,0.0,0.0,0.0
2026-04-27 00:00:00-04:00,12.753376850108793,12.881799814447918,12.59531810695431,12.654590606689453,1895900,0.0,0.0,0.0
2026-04-28 00:00:00-04:00,12.674347708436992,12.738559662823533,12.506410055262954,12.526167869567871,2336700,0.0,0.0,0.0
2026-04-29 00:00:00-04:00,12.684226579507502,12.787952277999938,12.605197206721522,12.664468765258789,1478200,0.0,0.0,0.0
2026-04-30 00:00:00-04:00,13.089251719688624,13.454762786733063,12.980586572871431,13.159390449523926,2539800,0.0,0.0,0.0
2026-05-01 00:00:00-04:00,13.029979243571645,13.089251741455111,12.881799412019571,12.96082878112793,1657100,0.0,0.0,0.0
2026-05-04 00:00:00-04:00,13.059616047330694,13.069494011954301,12.783012311572893,12.992441177368164,1683200,0.0,0.0,0.0
2026-05-05 00:00:00-04:00,12.950949998722294,13.1386454587338,12.896617895754249,13.059616088867188,4607900,0.0,0.0,0.0
2026-05-06 00:00:00-04:00,13.178159872344962,13.257189240584456,12.852163492830948,13.000343322753906,5410500,0.0,0.0,0.0
2026-05-07 00:00:00-04:00,12.792891204480037,12.792891204480037,12.54592418917307,12.769182205200195,4236900,0.0,0.0,0.0
2026-05-08 00:00:00-04:00,12.901557225348856,12.990464559017466,12.847224180797713,12.96082878112793,1231000,0.0,0.0,0.0
2026-05-11 00:00:00-04:00,13.18803901311998,13.24731056930007,13.029979331729475,13.034918785095215,2027900,0.0,0.0,0.0
2026-05-12 00:00:00-04:00,12.980586341187964,13.217674443887121,12.950949621772288,13.185074806213379,1292800,0.0,0.0,0.0
2026-05-13 00:00:00-04:00,13.355976377893326,13.39549106188277,13.237431383820615,13.276946067810059,1541600,0.0,0.0,0.0
2026-05-14 00:00:00-04:00,13.306583458245331,13.40536970214716,13.057640842350704,13.132718086242676,1419000,0.0,0.0,0.0
2026-05-15 00:00:00-04:00,12.970707799304785,13.020101390948255,12.540984776742311,12.733619689941406,3767700,0.0,0.0,0.0
2026-05-18 00:00:00-04:00,12.901557481875829,12.926253806924091,12.646687149065825,12.69410514831543,3988000,0.0,0.0,0.0
2026-05-19 00:00:00-04:00,12.516288422426765,12.899580770782316,12.427380146099274,12.871920585632324,5930400,0.0,0.0,0.0
2026-05-20 00:00:00-04:00,12.99046452499396,13.059615929360954,12.738559000436082,12.773134231567383,2331900,0.0,0.0,0.0
2026-05-21 00:00:00-04:00,12.62495331756658,12.901557047742426,12.600256993349342,12.81264877319336,2275800,0.0,0.0,0.0
2026-05-22 00:00:00-04:00,12.792891266742389,12.881799543422312,12.654590340444198,12.818575859069824,2055200,0.0,0.0,0.0
2026-05-26 00:00:00-04:00,12.871920815917573,12.995404325891737,12.792891444902462,12.906496047973633,2835500,0.0,0.0,0.0
2026-05-27 00:00:00-04:00,13.049737700884634,13.094191840964875,12.911435827067834,13.015162467956543,1037500,0.0,0.0,0.0
2026-05-28 00:00:00-04:00,13.000343792951439,13.005283246408105,12.496530845624422,12.562718391418457,1192800,0.0,0.0,0.0
2026-05-29 00:00:00-04:00,12.417501196167557,12.417501196167557,11.8840524821631,11.89393138885498,2755600,0.0,0.0,0.0
2026-06-01 00:00:00-04:00,11.498784385736492,11.671660539969766,11.469147666064176,11.607449531555176,3287900,0.0,0.0,0.0
2026-06-02 00:00:00-04:00,11.963081717411313,12.121141396396753,11.80502298053026,12.096444129943848,1329900,0.0,0.0,0.0
2026-06-03 00:00:00-04:00,12.18041368683683,12.566669913271083,12.160656814586446,12.490604400634766,1849400,0.0,0.0,0.0
2026-06-04 00:00:00-04:00,12.249563659365192,12.50640958300362,12.239685694690179,12.457015991210938,1322000,0.0,0.0,0.0
2026-06-05 00:00:00-04:00,12.486652304204338,12.871920234989203,12.437258714022994,12.798818588256836,1232100,0.0,0.0,0.0
2026-06-08 00:00:00-04:00,12.881799412019571,13.054676510233254,12.792891136246569,12.96082878112793,977900,0.0,0.0,0.0
2026-06-09 00:00:00-04:00,13.039857912821445,13.375733196468932,12.95292617364764,13.227553367614746,1075300,0.0,0.0,0.0
2026-06-10 00:00:00-04:00,13.395491646057776,13.4448842966203,13.178160403585869,13.402406692504883,636700,0.0,0.0,0.0
2026-06-11 00:00:00-04:00,13.514035400274206,13.869667563716643,13.4547629019816,13.662215232849121,964700,0.0,0.0,0.0
2026-06-12 00:00:00-04:00,13.63257910191412,13.938817665870664,13.63257910191412,13.649373054504395,2616900,0.0,0.0,0.0
2026-06-15 00:00:00-04:00,13.425127042856662,13.54367109662197,13.276946269071729,13.347084999084473,626800,0.0,0.0,0.0
2026-06-16 00:00:00-04:00,13.474520938557918,13.642458587379206,13.464642031661509,13.533792495727539,454300,0.0,0.0,0.0
2026-06-17 00:00:00-04:00,13.710620631013475,14.094901249216793,13.672094213493306,14.037605285644531,435200,0.0,0.0,0.0
2026-06-18 00:00:00-04:00,14.077120176575947,14.259876186376738,13.95857611972047,14.047484397888184,352900,0.0,0.0,0.0
2026-06-22 00:00:00-04:00,14.220361496135103,14.501903748838384,13.988211893860568,14.494000434875488,626800,0.0,0.0,0.0
2026-06-23 00:00:00-04:00,14.270000457763672,14.350000381469727,14.100000381469727,14.220000267028809,578800,0.178,0.0,0.0
2026-06-24 00:00:00-04:00,14.34000015258789,14.569999694824219,14.045000076293945,14.550000190734863,747500,0.0,0.0,0.0
2026-06-25 00:00:00-04:00,14.65999984741211,15.1899995803833,14.609999656677246,15.069999694824219,1381800,0.0,0.0,0.0
2026-06-26 00:00:00-04:00,14.880000114440918,14.920000076293945,14.0600004196167,14.260000228881836,2749800,0.0,0.0,0.0
2026-06-29 00:00:00-04:00,14.100000381469727,14.4350004196167,13.930000305175781,14.390000343322754,1485600,0.0,0.0,0.0
2026-06-30 00:00:00-04:00,14.319999694824219,14.420000076293945,14.164999961853027,14.210000038146973,1330500,0.0,0.0,0.0
2026-07-01 00:00:00-04:00,13.9399995803833,14.130000114440918,13.609999656677246,13.770000457763672,1482000,0.0,0.0,0.0
2026-07-02 00:00:00-04:00,13.800000190734863,13.800000190734863,13.505000114440918,13.557000160217285,832300,0.0,0.0,0.0
