Date,Open,High,Low,Close,Volume,Dividends,Stock Splits
2015-07-01 00:00:00-04:00,18.0,18.0,18.0,18.0,0,0.0,0.0
2015-07-02 00:00:00-04:00,18.0,18.0,18.0,18.0,0,0.0,0.0
2015-07-06 00:00:00-04:00,22.0,23.239999771118164,21.649999618530273,22.0,776000,0.0,0.0
2015-07-07 00:00:00-04:00,21.790000915527344,22.510000228881836,21.579999923706055,22.0,583000,0.0,0.0
2015-07-08 00:00:00-04:00,22.649999618530273,22.649999618530273,21.0,21.469999313354492,295300,0.0,0.0
2015-07-09 00:00:00-04:00,21.579999923706055,22.079999923706055,21.040000915527344,21.25,255100,0.0,0.0
2015-07-10 00:00:00-04:00,21.780000686645508,21.899999618530273,21.170000076293945,21.75,193700,0.0,0.0
2015-07-13 00:00:00-04:00,21.940000534057617,21.950000762939453,21.05500030517578,21.09000015258789,413100,0.0,0.0
2015-07-14 00:00:00-04:00,20.950000762939453,21.139999389648438,20.010000228881836,20.68000030517578,605900,0.0,0.0
2015-07-15 00:00:00-04:00,20.5,20.67799949645996,20.040000915527344,20.530000686645508,348900,0.0,0.0
2015-07-16 00:00:00-04:00,20.530000686645508,22.100000381469727,20.110000610351562,21.8799991607666,713500,0.0,0.0
2015-07-17 00:00:00-04:00,22.100000381469727,22.139999389648438,20.600000381469727,20.8799991607666,281000,0.0,0.0
2015-07-20 00:00:00-04:00,21.079999923706055,22.399999618530273,20.860000610351562,21.43000030517578,338900,0.0,0.0
2015-07-21 00:00:00-04:00,21.200000762939453,21.3700008392334,20.309999465942383,20.600000381469727,254200,0.0,0.0
2015-07-22 00:00:00-04:00,20.18000030517578,20.979999542236328,20.142000198364258,20.770000457763672,187600,0.0,0.0
2015-07-23 00:00:00-04:00,20.739999771118164,21.209999084472656,20.290000915527344,20.420000076293945,98200,0.0,0.0
2015-07-24 00:00:00-04:00,20.65999984741211,20.750999450683594,19.0,19.219999313354492,514300,0.0,0.0
2015-07-27 00:00:00-04:00,18.770000457763672,18.8799991607666,17.610000610351562,18.0,932600,0.0,0.0
2015-07-28 00:00:00-04:00,18.0,18.13800048828125,17.799999237060547,18.040000915527344,430500,0.0,0.0
2015-07-29 00:00:00-04:00,18.0,18.639999389648438,18.0,18.209999084472656,567700,0.0,0.0
2015-07-30 00:00:00-04:00,18.0,18.790000915527344,18.0,18.1299991607666,247800,0.0,0.0
2015-07-31 00:00:00-04:00,18.077999114990234,18.479999542236328,18.0,18.09000015258789,250800,0.0,0.0
2015-08-03 00:00:00-04:00,17.90999984741211,17.920000076293945,15.829999923706055,16.860000610351562,491100,0.0,0.0
2015-08-04 00:00:00-04:00,17.059999465942383,17.579999923706055,16.600000381469727,17.200000762939453,154900,0.0,0.0
2015-08-05 00:00:00-04:00,17.25,17.649999618530273,16.469999313354492,17.489999771118164,119400,0.0,0.0
2015-08-06 00:00:00-04:00,17.5,18.540000915527344,17.5,17.829999923706055,258600,0.0,0.0
2015-08-07 00:00:00-04:00,17.940000534057617,18.149999618530273,16.780000686645508,17.059999465942383,112200,0.0,0.0
2015-08-10 00:00:00-04:00,17.18000030517578,17.3799991607666,16.309999465942383,17.15999984741211,134200,0.0,0.0
2015-08-11 00:00:00-04:00,17.030000686645508,17.030000686645508,16.450000762939453,16.670000076293945,58800,0.0,0.0
2015-08-12 00:00:00-04:00,16.520000457763672,16.549999237060547,15.800000190734863,16.350000381469727,171900,0.0,0.0
2015-08-13 00:00:00-04:00,15.989999771118164,15.989999771118164,14.170000076293945,15.5600004196167,912700,0.0,0.0
2015-08-14 00:00:00-04:00,16.059999465942383,17.770000457763672,15.630000114440918,15.760000228881836,678600,0.0,0.0
2015-08-17 00:00:00-04:00,15.579999923706055,17.440000534057617,15.0,15.229999542236328,156500,0.0,0.0
2015-08-18 00:00:00-04:00,15.1899995803833,15.859999656677246,14.65999984741211,15.579999923706055,150400,0.0,0.0
2015-08-19 00:00:00-04:00,15.449999809265137,15.449999809265137,14.359999656677246,14.720000267028809,123700,0.0,0.0
2015-08-20 00:00:00-04:00,14.630000114440918,14.890000343322754,14.130000114440918,14.34000015258789,221000,0.0,0.0
2015-08-21 00:00:00-04:00,14.020000457763672,14.479999542236328,13.489999771118164,14.220000267028809,384000,0.0,0.0
2015-08-24 00:00:00-04:00,13.649999618530273,14.78499984741211,13.470000267028809,14.270000457763672,173900,0.0,0.0
2015-08-25 00:00:00-04:00,14.680000305175781,14.795000076293945,13.930000305175781,14.350000381469727,106100,0.0,0.0
2015-08-26 00:00:00-04:00,14.800000190734863,15.170000076293945,14.350000381469727,15.15999984741211,151800,0.0,0.0
2015-08-27 00:00:00-04:00,15.329999923706055,15.890000343322754,14.694999694824219,15.34000015258789,223300,0.0,0.0
2015-08-28 00:00:00-04:00,15.329999923706055,16.25,15.329999923706055,15.989999771118164,166100,0.0,0.0
2015-08-31 00:00:00-04:00,15.979999542236328,16.290000915527344,15.510000228881836,15.819999694824219,74600,0.0,0.0
2015-09-01 00:00:00-04:00,15.59000015258789,15.979999542236328,15.460000038146973,15.760000228881836,148400,0.0,0.0
2015-09-02 00:00:00-04:00,15.850000381469727,16.1299991607666,15.0,15.3100004196167,214900,0.0,0.0
2015-09-03 00:00:00-04:00,15.399999618530273,15.763999938964844,15.28499984741211,15.300000190734863,93000,0.0,0.0
2015-09-04 00:00:00-04:00,15.140000343322754,15.619999885559082,15.050000190734863,15.260000228881836,98700,0.0,0.0
2015-09-08 00:00:00-04:00,15.4399995803833,16.084999084472656,15.390000343322754,15.850000381469727,169100,0.0,0.0
2015-09-09 00:00:00-04:00,15.979999542236328,16.209999084472656,15.59000015258789,15.720000267028809,55000,0.0,0.0
2015-09-10 00:00:00-04:00,15.6899995803833,16.09000015258789,15.470000267028809,15.949999809265137,66000,0.0,0.0
2015-09-11 00:00:00-04:00,15.869999885559082,16.270000457763672,15.824999809265137,16.260000228881836,185200,0.0,0.0
2015-09-14 00:00:00-04:00,16.229999542236328,16.440000534057617,15.84000015258789,16.010000228881836,103600,0.0,0.0
2015-09-15 00:00:00-04:00,16.010000228881836,16.610000610351562,15.770000457763672,16.520000457763672,98400,0.0,0.0
2015-09-16 00:00:00-04:00,16.579999923706055,16.790000915527344,15.399999618530273,15.770000457763672,212000,0.0,0.0
2015-09-17 00:00:00-04:00,15.954999923706055,16.139999389648438,15.59000015258789,15.800000190734863,157900,0.0,0.0
2015-09-18 00:00:00-04:00,15.65999984741211,16.209999084472656,15.029999732971191,15.130000114440918,847700,0.0,0.0
2015-09-21 00:00:00-04:00,15.3100004196167,15.470000267028809,14.09000015258789,14.4399995803833,240000,0.0,0.0
2015-09-22 00:00:00-04:00,14.369999885559082,14.59000015258789,13.09000015258789,13.149999618530273,342400,0.0,0.0
2015-09-23 00:00:00-04:00,13.210000038146973,13.859999656677246,12.770000457763672,12.9399995803833,299900,0.0,0.0
2015-09-24 00:00:00-04:00,12.930000305175781,13.949999809265137,12.789999961853027,13.819999694824219,182500,0.0,0.0
2015-09-25 00:00:00-04:00,13.899999618530273,14.0,12.609999656677246,12.9399995803833,164900,0.0,0.0
2015-09-28 00:00:00-04:00,13.1899995803833,13.350000381469727,11.729999542236328,12.210000038146973,406900,0.0,0.0
2015-09-29 00:00:00-04:00,12.210000038146973,13.23799991607666,10.899999618530273,11.100000381469727,382500,0.0,0.0
2015-09-30 00:00:00-04:00,11.260000228881836,12.640000343322754,10.25,10.850000381469727,1693300,0.0,0.0
2015-10-01 00:00:00-04:00,10.899999618530273,11.220000267028809,9.960000038146973,10.359999656677246,293900,0.0,0.0
2015-10-02 00:00:00-04:00,10.260000228881836,10.260000228881836,9.619999885559082,9.739999771118164,480100,0.0,0.0
2015-10-05 00:00:00-04:00,9.869999885559082,9.869999885559082,9.170000076293945,9.4399995803833,627800,0.0,0.0
2015-10-06 00:00:00-04:00,9.399999618530273,10.15999984741211,9.15999984741211,9.329999923706055,242600,0.0,0.0
2015-10-07 00:00:00-04:00,9.4399995803833,9.600000381469727,9.069999694824219,9.239999771118164,538300,0.0,0.0
2015-10-08 00:00:00-04:00,9.25,9.430000305175781,8.970000267028809,9.399999618530273,323700,0.0,0.0
2015-10-09 00:00:00-04:00,9.399999618530273,9.930000305175781,9.270000457763672,9.479999542236328,321800,0.0,0.0
2015-10-12 00:00:00-04:00,9.470000267028809,10.550000190734863,8.930000305175781,9.199999809265137,466100,0.0,0.0
2015-10-13 00:00:00-04:00,9.25,9.369999885559082,9.0,9.140000343322754,219800,0.0,0.0
2015-10-14 00:00:00-04:00,9.149999618530273,9.375,8.920000076293945,8.920000076293945,209200,0.0,0.0
2015-10-15 00:00:00-04:00,8.949999809265137,9.289999961853027,8.8100004196167,9.180000305175781,123800,0.0,0.0
2015-10-16 00:00:00-04:00,9.210000038146973,9.319999694824219,8.529999732971191,8.600000381469727,213900,0.0,0.0
2015-10-19 00:00:00-04:00,8.619999885559082,8.880000114440918,8.260000228881836,8.539999961853027,75900,0.0,0.0
2015-10-20 00:00:00-04:00,8.489999771118164,8.489999771118164,8.010000228881836,8.25,80600,0.0,0.0
2015-10-21 00:00:00-04:00,8.260000228881836,8.289999961853027,7.829999923706055,8.0600004196167,115200,0.0,0.0
2015-10-22 00:00:00-04:00,8.079999923706055,8.210000038146973,7.900000095367432,8.050000190734863,138300,0.0,0.0
2015-10-23 00:00:00-04:00,8.25,8.996000289916992,7.739999771118164,8.550000190734863,312800,0.0,0.0
2015-10-26 00:00:00-04:00,8.5,8.75,8.270000457763672,8.5,110000,0.0,0.0
2015-10-27 00:00:00-04:00,8.489999771118164,8.65999984741211,8.300000190734863,8.630000114440918,123600,0.0,0.0
2015-10-28 00:00:00-04:00,8.630000114440918,8.989999771118164,8.460000038146973,8.989999771118164,118000,0.0,0.0
2015-10-29 00:00:00-04:00,8.960000038146973,9.149999618530273,8.65999984741211,8.760000228881836,131000,0.0,0.0
2015-10-30 00:00:00-04:00,8.800000190734863,8.800000190734863,8.029999732971191,8.25,164400,0.0,0.0
2015-11-02 00:00:00-05:00,8.300000190734863,8.710000038146973,8.0,8.5,102800,0.0,0.0
2015-11-03 00:00:00-05:00,8.510000228881836,8.960000038146973,8.420000076293945,8.720000267028809,84300,0.0,0.0
2015-11-04 00:00:00-05:00,8.720000267028809,8.819999694824219,8.395000457763672,8.699999809265137,111600,0.0,0.0
2015-11-05 00:00:00-05:00,8.739999771118164,8.760000228881836,8.40999984741211,8.65999984741211,100100,0.0,0.0
2015-11-06 00:00:00-05:00,8.65999984741211,9.170000076293945,8.359999656677246,9.020000457763672,131800,0.0,0.0
2015-11-09 00:00:00-05:00,9.130000114440918,9.491000175476074,9.0,9.15999984741211,145800,0.0,0.0
2015-11-10 00:00:00-05:00,9.180000305175781,9.850000381469727,8.960000038146973,9.760000228881836,250100,0.0,0.0
2015-11-11 00:00:00-05:00,9.84000015258789,9.989999771118164,9.300000190734863,9.319999694824219,123700,0.0,0.0
2015-11-12 00:00:00-05:00,9.229999542236328,9.609999656677246,8.880000114440918,9.010000228881836,132200,0.0,0.0
2015-11-13 00:00:00-05:00,9.149999618530273,10.9350004196167,8.300000190734863,9.970000267028809,462500,0.0,0.0
2015-11-16 00:00:00-05:00,9.859999656677246,10.800000190734863,8.880000114440918,9.25,122000,0.0,0.0
2015-11-17 00:00:00-05:00,9.350000381469727,9.4399995803833,8.819999694824219,9.279999732971191,43100,0.0,0.0
2015-11-18 00:00:00-05:00,9.350000381469727,9.989999771118164,9.0600004196167,9.739999771118164,85700,0.0,0.0
2015-11-19 00:00:00-05:00,9.770000457763672,9.895999908447266,9.0,9.020000457763672,120300,0.0,0.0
2015-11-20 00:00:00-05:00,9.050000190734863,9.210000038146973,8.630000114440918,8.779999732971191,141200,0.0,0.0
2015-11-23 00:00:00-05:00,8.779999732971191,9.449999809265137,8.649999618530273,8.890000343322754,83500,0.0,0.0
2015-11-24 00:00:00-05:00,8.890000343322754,8.960000038146973,8.520000457763672,8.729999542236328,79900,0.0,0.0
2015-11-25 00:00:00-05:00,8.770000457763672,9.010000228881836,8.550000190734863,8.899999618530273,95400,0.0,0.0
2015-11-27 00:00:00-05:00,8.930000305175781,9.260000228881836,8.579999923706055,8.619999885559082,52900,0.0,0.0
2015-11-30 00:00:00-05:00,8.680000305175781,9.210000038146973,8.239999771118164,8.890000343322754,102000,0.0,0.0
2015-12-01 00:00:00-05:00,9.010000228881836,9.020000457763672,8.720000267028809,8.970000267028809,215600,0.0,0.0
2015-12-02 00:00:00-05:00,9.039999961853027,10.109999656677246,8.770000457763672,9.640000343322754,134100,0.0,0.0
2015-12-03 00:00:00-05:00,9.65999984741211,9.699999809265137,9.029999732971191,9.140000343322754,80900,0.0,0.0
2015-12-04 00:00:00-05:00,9.149999618530273,9.479999542236328,8.779999732971191,9.300000190734863,178300,0.0,0.0
2015-12-07 00:00:00-05:00,9.319999694824219,9.760000228881836,9.130000114440918,9.699999809265137,135600,0.0,0.0
2015-12-08 00:00:00-05:00,9.569999694824219,10.170000076293945,9.520000457763672,9.920000076293945,76300,0.0,0.0
2015-12-09 00:00:00-05:00,9.930000305175781,10.196000099182129,9.350000381469727,10.0,73900,0.0,0.0
2015-12-10 00:00:00-05:00,10.039999961853027,10.75,9.963000297546387,10.680000305175781,246000,0.0,0.0
2015-12-11 00:00:00-05:00,10.520000457763672,10.789999961853027,10.279999732971191,10.390000343322754,195100,0.0,0.0
2015-12-14 00:00:00-05:00,10.4399995803833,10.5600004196167,10.109999656677246,10.289999961853027,128500,0.0,0.0
2015-12-15 00:00:00-05:00,10.359999656677246,10.699999809265137,10.300000190734863,10.65999984741211,93900,0.0,0.0
2015-12-16 00:00:00-05:00,10.729999542236328,11.0,10.520000457763672,10.75,132800,0.0,0.0
2015-12-17 00:00:00-05:00,10.850000381469727,11.270000457763672,10.515000343322754,10.90999984741211,160000,0.0,0.0
2015-12-18 00:00:00-05:00,10.880000114440918,12.140000343322754,10.770000457763672,11.640000343322754,346800,0.0,0.0
2015-12-21 00:00:00-05:00,11.680000305175781,11.829999923706055,11.399999618530273,11.569999694824219,173200,0.0,0.0
2015-12-22 00:00:00-05:00,11.520000457763672,11.949999809265137,10.829999923706055,11.210000038146973,296600,0.0,0.0
2015-12-23 00:00:00-05:00,11.34000015258789,11.4399995803833,10.800000190734863,11.199999809265137,152500,0.0,0.0
2015-12-24 00:00:00-05:00,11.279999732971191,11.369999885559082,11.020000457763672,11.270000457763672,37300,0.0,0.0
2015-12-28 00:00:00-05:00,11.210000038146973,11.989999771118164,11.0,11.34000015258789,109400,0.0,0.0
2015-12-29 00:00:00-05:00,11.1899995803833,11.270000457763672,10.0600004196167,10.800000190734863,896500,0.0,0.0
2015-12-30 00:00:00-05:00,10.8100004196167,11.149999618530273,10.380000114440918,11.100000381469727,377400,0.0,0.0
2015-12-31 00:00:00-05:00,10.890000343322754,11.020000457763672,10.220000267028809,10.800000190734863,453900,0.0,0.0
2016-01-04 00:00:00-05:00,10.0600004196167,10.789999961853027,10.0600004196167,10.34000015258789,803600,0.0,0.0
2016-01-05 00:00:00-05:00,10.130000114440918,10.5,9.720000267028809,10.369999885559082,592300,0.0,0.0
2016-01-06 00:00:00-05:00,9.979999542236328,10.600000381469727,9.9399995803833,10.460000038146973,540800,0.0,0.0
2016-01-07 00:00:00-05:00,10.199999809265137,10.25,9.75,9.890000343322754,188100,0.0,0.0
2016-01-08 00:00:00-05:00,9.859999656677246,10.149999618530273,9.75,9.779999732971191,569400,0.0,0.0
2016-01-11 00:00:00-05:00,9.75,9.760000228881836,7.949999809265137,8.739999771118164,544500,0.0,0.0
2016-01-12 00:00:00-05:00,8.609999656677246,9.25,7.900000095367432,9.050000190734863,304800,0.0,0.0
2016-01-13 00:00:00-05:00,9.020000457763672,10.1899995803833,8.100000381469727,8.930000305175781,374800,0.0,0.0
2016-01-14 00:00:00-05:00,8.84000015258789,8.859999656677246,8.199999809265137,8.760000228881836,262700,0.0,0.0
2016-01-15 00:00:00-05:00,8.5600004196167,8.920000076293945,7.960000038146973,8.819999694824219,595100,0.0,0.0
2016-01-19 00:00:00-05:00,8.880000114440918,9.0,8.25,8.630000114440918,329200,0.0,0.0
2016-01-20 00:00:00-05:00,8.579999923706055,8.989999771118164,7.820000171661377,8.760000228881836,504100,0.0,0.0
2016-01-21 00:00:00-05:00,8.699999809265137,8.859999656677246,8.40999984741211,8.579999923706055,161800,0.0,0.0
2016-01-22 00:00:00-05:00,8.670000076293945,9.164999961853027,8.555000305175781,9.0600004196167,205600,0.0,0.0
2016-01-25 00:00:00-05:00,8.989999771118164,9.420000076293945,8.949999809265137,9.180000305175781,233500,0.0,0.0
2016-01-26 00:00:00-05:00,9.15999984741211,9.350000381469727,8.640000343322754,9.140000343322754,315100,0.0,0.0
2016-01-27 00:00:00-05:00,9.079999923706055,9.199999809265137,8.8100004196167,8.850000381469727,226600,0.0,0.0
2016-01-28 00:00:00-05:00,8.850000381469727,9.1899995803833,8.65999984741211,8.9399995803833,293100,0.0,0.0
2016-01-29 00:00:00-05:00,8.859999656677246,9.079999923706055,8.1899995803833,8.550000190734863,272500,0.0,0.0
2016-02-01 00:00:00-05:00,8.460000038146973,8.460000038146973,7.809999942779541,8.039999961853027,149800,0.0,0.0
2016-02-02 00:00:00-05:00,7.949999809265137,8.109999656677246,7.610000133514404,7.730000019073486,107600,0.0,0.0
2016-02-03 00:00:00-05:00,7.760000228881836,7.760000228881836,7.199999809265137,7.519999980926514,166200,0.0,0.0
2016-02-04 00:00:00-05:00,7.519999980926514,8.079999923706055,7.199999809265137,7.519999980926514,94100,0.0,0.0
2016-02-05 00:00:00-05:00,7.449999809265137,7.824999809265137,7.039999961853027,7.179999828338623,134700,0.0,0.0
2016-02-08 00:00:00-05:00,7.099999904632568,7.099999904632568,6.519999980926514,6.610000133514404,130900,0.0,0.0
2016-02-09 00:00:00-05:00,6.579999923706055,7.21999979019165,6.579999923706055,6.659999847412109,134100,0.0,0.0
2016-02-10 00:00:00-05:00,6.670000076293945,7.090000152587891,6.670000076293945,6.849999904632568,384600,0.0,0.0
2016-02-11 00:00:00-05:00,6.71999979019165,7.110000133514404,6.699999809265137,6.980000019073486,252500,0.0,0.0
2016-02-12 00:00:00-05:00,7.059999942779541,7.070000171661377,6.579999923706055,7.0,157800,0.0,0.0
2016-02-16 00:00:00-05:00,7.079999923706055,7.449999809265137,6.900000095367432,7.079999923706055,121100,0.0,0.0
2016-02-17 00:00:00-05:00,7.099999904632568,7.369999885559082,7.050000190734863,7.210000038146973,192500,0.0,0.0
2016-02-18 00:00:00-05:00,7.199999809265137,7.394999980926514,7.050000190734863,7.099999904632568,199000,0.0,0.0
2016-02-19 00:00:00-05:00,7.070000171661377,7.130000114440918,6.940000057220459,6.989999771118164,578000,0.0,0.0
2016-02-22 00:00:00-05:00,6.900000095367432,7.659999847412109,6.739999771118164,7.480000019073486,297900,0.0,0.0
2016-02-23 00:00:00-05:00,7.429999828338623,7.800000190734863,7.300000190734863,7.71999979019165,96000,0.0,0.0
2016-02-24 00:00:00-05:00,7.639999866485596,8.069999694824219,7.349999904632568,7.860000133514404,88700,0.0,0.0
2016-02-25 00:00:00-05:00,7.860000133514404,8.069999694824219,7.199999809265137,7.760000228881836,234100,0.0,0.0
2016-02-26 00:00:00-05:00,7.739999771118164,7.949999809265137,7.519999980926514,7.519999980926514,151800,0.0,0.0
2016-02-29 00:00:00-05:00,7.409999847412109,8.039999961853027,6.730000019073486,6.75,229800,0.0,0.0
2016-03-01 00:00:00-05:00,6.78000020980835,7.429999828338623,6.769999980926514,7.300000190734863,186700,0.0,0.0
2016-03-02 00:00:00-05:00,7.329999923706055,8.270000457763672,7.300000190734863,8.180000305175781,178700,0.0,0.0
2016-03-03 00:00:00-05:00,8.109999656677246,8.729999542236328,8.100000381469727,8.699999809265137,121500,0.0,0.0
2016-03-04 00:00:00-05:00,8.600000381469727,8.989999771118164,8.399999618530273,8.90999984741211,166600,0.0,0.0
2016-03-07 00:00:00-05:00,8.90999984741211,9.970000267028809,8.835000038146973,9.770000457763672,498200,0.0,0.0
2016-03-08 00:00:00-05:00,9.670000076293945,9.90999984741211,9.319999694824219,9.5,433800,0.0,0.0
2016-03-09 00:00:00-05:00,9.5,9.5,7.579999923706055,8.420000076293945,681800,0.0,0.0
2016-03-10 00:00:00-05:00,8.4399995803833,8.9399995803833,8.279999732971191,8.420000076293945,337700,0.0,0.0
2016-03-11 00:00:00-05:00,8.470000267028809,9.0600004196167,8.399999618530273,8.970000267028809,302300,0.0,0.0
2016-03-14 00:00:00-04:00,8.989999771118164,9.805000305175781,8.989999771118164,9.609999656677246,271200,0.0,0.0
2016-03-15 00:00:00-04:00,9.5600004196167,9.5600004196167,8.510000228881836,8.710000038146973,141200,0.0,0.0
2016-03-16 00:00:00-04:00,8.649999618530273,8.949999809265137,8.510000228881836,8.890000343322754,127400,0.0,0.0
2016-03-17 00:00:00-04:00,8.920000076293945,9.029999732971191,8.279999732971191,8.720000267028809,117600,0.0,0.0
2016-03-18 00:00:00-04:00,8.779999732971191,8.930000305175781,8.350000381469727,8.8100004196167,664600,0.0,0.0
2016-03-21 00:00:00-04:00,8.8100004196167,9.375,8.8100004196167,9.239999771118164,148600,0.0,0.0
2016-03-22 00:00:00-04:00,9.229999542236328,9.489999771118164,9.1899995803833,9.239999771118164,118400,0.0,0.0
2016-03-23 00:00:00-04:00,9.260000228881836,9.359999656677246,8.720000267028809,8.770000457763672,162600,0.0,0.0
2016-03-24 00:00:00-04:00,8.75,9.010000228881836,8.59000015258789,8.850000381469727,90700,0.0,0.0
2016-03-28 00:00:00-04:00,8.930000305175781,9.1899995803833,8.574999809265137,8.779999732971191,70100,0.0,0.0
2016-03-29 00:00:00-04:00,8.800000190734863,9.199999809265137,8.710000038146973,9.079999923706055,138900,0.0,0.0
2016-03-30 00:00:00-04:00,9.100000381469727,9.460000038146973,9.100000381469727,9.399999618530273,98200,0.0,0.0
2016-03-31 00:00:00-04:00,9.430000305175781,9.710000038146973,9.329999923706055,9.520000457763672,158700,0.0,0.0
2016-04-01 00:00:00-04:00,9.460000038146973,9.699999809265137,9.4399995803833,9.579999923706055,75000,0.0,0.0
2016-04-04 00:00:00-04:00,9.5600004196167,9.850000381469727,9.449999809265137,9.630000114440918,135800,0.0,0.0
2016-04-05 00:00:00-04:00,9.529999732971191,9.739999771118164,9.199999809265137,9.449999809265137,79600,0.0,0.0
2016-04-06 00:00:00-04:00,9.380000114440918,9.75,9.380000114440918,9.600000381469727,103800,0.0,0.0
2016-04-07 00:00:00-04:00,9.479999542236328,9.800000190734863,9.477999687194824,9.649999618530273,121700,0.0,0.0
2016-04-08 00:00:00-04:00,9.739999771118164,9.744999885559082,9.5,9.59000015258789,98600,0.0,0.0
2016-04-11 00:00:00-04:00,9.579999923706055,9.800000190734863,9.555000305175781,9.630000114440918,59100,0.0,0.0
2016-04-12 00:00:00-04:00,9.699999809265137,9.899999618530273,9.550000190734863,9.739999771118164,98300,0.0,0.0
2016-04-13 00:00:00-04:00,9.739999771118164,10.119999885559082,9.720000267028809,9.989999771118164,207900,0.0,0.0
2016-04-14 00:00:00-04:00,9.989999771118164,10.149999618530273,9.710000038146973,10.130000114440918,90600,0.0,0.0
2016-04-15 00:00:00-04:00,10.050000190734863,10.40999984741211,9.979999542236328,10.15999984741211,85000,0.0,0.0
2016-04-18 00:00:00-04:00,10.170000076293945,10.3100004196167,9.979999542236328,10.300000190734863,78500,0.0,0.0
2016-04-19 00:00:00-04:00,10.489999771118164,10.489999771118164,10.1899995803833,10.329999923706055,80900,0.0,0.0
2016-04-20 00:00:00-04:00,10.350000381469727,10.5,10.210000038146973,10.329999923706055,58800,0.0,0.0
2016-04-21 00:00:00-04:00,10.350000381469727,10.770000457763672,10.274999618530273,10.470000267028809,84700,0.0,0.0
2016-04-22 00:00:00-04:00,10.510000228881836,10.680000305175781,10.270000457763672,10.489999771118164,88500,0.0,0.0
2016-04-25 00:00:00-04:00,10.4399995803833,10.715999603271484,10.350000381469727,10.59000015258789,90300,0.0,0.0
2016-04-26 00:00:00-04:00,10.59000015258789,10.670000076293945,10.319999694824219,10.350000381469727,64400,0.0,0.0
2016-04-27 00:00:00-04:00,10.319999694824219,10.390000343322754,9.949999809265137,10.0600004196167,88200,0.0,0.0
2016-04-28 00:00:00-04:00,10.079999923706055,10.359999656677246,9.880000114440918,10.0600004196167,79900,0.0,0.0
2016-04-29 00:00:00-04:00,10.050000190734863,10.220000267028809,9.729000091552734,9.819999694824219,91200,0.0,0.0
2016-05-02 00:00:00-04:00,9.6899995803833,9.869999885559082,9.539999961853027,9.710000038146973,145300,0.0,0.0
2016-05-03 00:00:00-04:00,9.59000015258789,9.899999618530273,9.359999656677246,9.649999618530273,76200,0.0,0.0
2016-05-04 00:00:00-04:00,9.524999618530273,9.819999694824219,9.40999984741211,9.595000267028809,75700,0.0,0.0
2016-05-05 00:00:00-04:00,9.5600004196167,9.649999618530273,9.289999961853027,9.369999885559082,80400,0.0,0.0
2016-05-06 00:00:00-04:00,9.270000457763672,9.600000381469727,9.260000228881836,9.569999694824219,86400,0.0,0.0
2016-05-09 00:00:00-04:00,9.5,10.329999923706055,9.470000267028809,10.039999961853027,89900,0.0,0.0
2016-05-10 00:00:00-04:00,10.010000228881836,10.010000228881836,9.5600004196167,9.680000305175781,199500,0.0,0.0
2016-05-11 00:00:00-04:00,10.869999885559082,12.069999694824219,10.869999885559082,11.59000015258789,713100,0.0,0.0
2016-05-12 00:00:00-04:00,11.539999961853027,11.850000381469727,10.890000343322754,11.289999961853027,315700,0.0,0.0
2016-05-13 00:00:00-04:00,11.1899995803833,11.670000076293945,10.960000038146973,11.34000015258789,119100,0.0,0.0
2016-05-16 00:00:00-04:00,11.4399995803833,11.5,11.104999542236328,11.239999771118164,149800,0.0,0.0
2016-05-17 00:00:00-04:00,11.239999771118164,11.380000114440918,11.069999694824219,11.199999809265137,257200,0.0,0.0
2016-05-18 00:00:00-04:00,11.119999885559082,11.40999984741211,11.09000015258789,11.130000114440918,216100,0.0,0.0
2016-05-19 00:00:00-04:00,11.069999694824219,11.260000228881836,10.859999656677246,11.119999885559082,187900,0.0,0.0
2016-05-20 00:00:00-04:00,11.239999771118164,11.289999961853027,10.949999809265137,11.0,366800,0.0,0.0
2016-05-23 00:00:00-04:00,11.0600004196167,12.220000267028809,11.0600004196167,12.119999885559082,630400,0.0,0.0
2016-05-24 00:00:00-04:00,12.069999694824219,12.449999809265137,11.899999618530273,12.399999618530273,560600,0.0,0.0
2016-05-25 00:00:00-04:00,12.5,13.520000457763672,12.329999923706055,13.130000114440918,376800,0.0,0.0
2016-05-26 00:00:00-04:00,13.09000015258789,13.420000076293945,12.5600004196167,13.180000305175781,201400,0.0,0.0
2016-05-27 00:00:00-04:00,13.079999923706055,13.6899995803833,12.8100004196167,13.449999809265137,143800,0.0,0.0
2016-05-31 00:00:00-04:00,13.350000381469727,13.800000190734863,13.350000381469727,13.789999961853027,472400,0.0,0.0
2016-06-01 00:00:00-04:00,13.199999809265137,13.25,11.84000015258789,12.119999885559082,712600,0.0,0.0
2016-06-02 00:00:00-04:00,12.039999961853027,12.569999694824219,12.039999961853027,12.34000015258789,250500,0.0,0.0
2016-06-03 00:00:00-04:00,12.300000190734863,12.350000381469727,11.819999694824219,12.109999656677246,260500,0.0,0.0
2016-06-06 00:00:00-04:00,12.229999542236328,12.390000343322754,11.890000343322754,12.270000457763672,155200,0.0,0.0
2016-06-07 00:00:00-04:00,12.350000381469727,12.739999771118164,12.140000343322754,12.479999542236328,271500,0.0,0.0
2016-06-08 00:00:00-04:00,12.4399995803833,12.4399995803833,11.960000038146973,12.170000076293945,178700,0.0,0.0
2016-06-09 00:00:00-04:00,12.210000038146973,12.210000038146973,11.5600004196167,11.760000228881836,183400,0.0,0.0
2016-06-10 00:00:00-04:00,11.680000305175781,11.850000381469727,11.40999984741211,11.800000190734863,246700,0.0,0.0
2016-06-13 00:00:00-04:00,11.6899995803833,11.8100004196167,11.369999885559082,11.579999923706055,205200,0.0,0.0
2016-06-14 00:00:00-04:00,11.539999961853027,11.835000038146973,11.5,11.770000457763672,288000,0.0,0.0
2016-06-15 00:00:00-04:00,11.789999961853027,11.930000305175781,11.59000015258789,11.640000343322754,192200,0.0,0.0
2016-06-16 00:00:00-04:00,11.630000114440918,11.9399995803833,11.5,11.869999885559082,239400,0.0,0.0
2016-06-17 00:00:00-04:00,11.9399995803833,12.15999984741211,11.449999809265137,11.460000038146973,166600,0.0,0.0
2016-06-20 00:00:00-04:00,11.649999618530273,11.861000061035156,11.520000457763672,11.600000381469727,187500,0.0,0.0
2016-06-21 00:00:00-04:00,11.550000190734863,11.550000190734863,11.180000305175781,11.460000038146973,144900,0.0,0.0
2016-06-22 00:00:00-04:00,11.619999885559082,12.039999961853027,11.489999771118164,11.979999542236328,458000,0.0,0.0
2016-06-23 00:00:00-04:00,12.140000343322754,13.739999771118164,12.119999885559082,13.619999885559082,1519700,0.0,0.0
2016-06-24 00:00:00-04:00,12.869999885559082,13.720000267028809,12.869999885559082,13.470000267028809,2214400,0.0,0.0
2016-06-27 00:00:00-04:00,13.319999694824219,13.5600004196167,12.550000190734863,12.819999694824219,365600,0.0,0.0
2016-06-28 00:00:00-04:00,12.75,12.75,11.020000457763672,11.800000190734863,990700,0.0,0.0
2016-06-29 00:00:00-04:00,11.789999961853027,12.539999961853027,11.789999961853027,12.369999885559082,376400,0.0,0.0
2016-06-30 00:00:00-04:00,12.470000267028809,12.470000267028809,11.829999923706055,12.0649995803833,302400,0.0,0.0
2016-07-01 00:00:00-04:00,12.100000381469727,12.329999923706055,11.75,12.279999732971191,296100,0.0,0.0
2016-07-05 00:00:00-04:00,12.109999656677246,12.279999732971191,11.9399995803833,12.140000343322754,140200,0.0,0.0
2016-07-06 00:00:00-04:00,12.100000381469727,12.359999656677246,12.039999961853027,12.260000228881836,170500,0.0,0.0
2016-07-07 00:00:00-04:00,12.199999809265137,12.329999923706055,11.979999542236328,12.180000305175781,192300,0.0,0.0
2016-07-08 00:00:00-04:00,12.149999618530273,12.630000114440918,12.119999885559082,12.520000457763672,281000,0.0,0.0
2016-07-11 00:00:00-04:00,12.520000457763672,12.600000381469727,12.430000305175781,12.5,250900,0.0,0.0
2016-07-12 00:00:00-04:00,12.529999732971191,12.8100004196167,12.319999694824219,12.699999809265137,289700,0.0,0.0
2016-07-13 00:00:00-04:00,12.670000076293945,12.680000305175781,11.949999809265137,12.149999618530273,239400,0.0,0.0
2016-07-14 00:00:00-04:00,12.239999771118164,12.430000305175781,12.015000343322754,12.050000190734863,131300,0.0,0.0
2016-07-15 00:00:00-04:00,12.100000381469727,12.539999961853027,12.100000381469727,12.470000267028809,168400,0.0,0.0
2016-07-18 00:00:00-04:00,12.289999961853027,12.699999809265137,12.1899995803833,12.649999618530273,197200,0.0,0.0
2016-07-19 00:00:00-04:00,12.720000267028809,12.9399995803833,12.59000015258789,12.84000015258789,206300,0.0,0.0
2016-07-20 00:00:00-04:00,12.9399995803833,13.104999542236328,12.711000442504883,13.0,138000,0.0,0.0
2016-07-21 00:00:00-04:00,13.029999732971191,13.210000038146973,12.819999694824219,12.880000114440918,110500,0.0,0.0
2016-07-22 00:00:00-04:00,12.859999656677246,13.0,12.729999542236328,12.819999694824219,78500,0.0,0.0
2016-07-25 00:00:00-04:00,12.8100004196167,13.239999771118164,12.279999732971191,12.779999732971191,104700,0.0,0.0
2016-07-26 00:00:00-04:00,12.779999732971191,12.890000343322754,12.579999923706055,12.84000015258789,53000,0.0,0.0
2016-07-27 00:00:00-04:00,12.880000114440918,13.260000228881836,12.880000114440918,13.25,238100,0.0,0.0
2016-07-28 00:00:00-04:00,13.180000305175781,13.359999656677246,12.949999809265137,13.279999732971191,210500,0.0,0.0
2016-07-29 00:00:00-04:00,13.149999618530273,13.34000015258789,12.904000282287598,13.100000381469727,201200,0.0,0.0
2016-08-01 00:00:00-04:00,13.1899995803833,13.399999618530273,12.90999984741211,13.039999961853027,161000,0.0,0.0
2016-08-02 00:00:00-04:00,12.979999542236328,13.359999656677246,12.899999618530273,13.050000190734863,123500,0.0,0.0
2016-08-03 00:00:00-04:00,12.960000038146973,13.239999771118164,12.916000366210938,12.970000267028809,122300,0.0,0.0
2016-08-04 00:00:00-04:00,12.949999809265137,13.390000343322754,12.949999809265137,13.100000381469727,159200,0.0,0.0
2016-08-05 00:00:00-04:00,13.079999923706055,13.079999923706055,11.029999732971191,12.220000267028809,382300,0.0,0.0
2016-08-08 00:00:00-04:00,12.180000305175781,12.369999885559082,11.300000190734863,11.4399995803833,339700,0.0,0.0
2016-08-09 00:00:00-04:00,11.369999885559082,11.529999732971191,10.6899995803833,10.739999771118164,310800,0.0,0.0
2016-08-10 00:00:00-04:00,10.8100004196167,10.8100004196167,10.40999984741211,10.420000076293945,206800,0.0,0.0
2016-08-11 00:00:00-04:00,10.460000038146973,11.079999923706055,10.430000305175781,10.970000267028809,205800,0.0,0.0
2016-08-12 00:00:00-04:00,10.869999885559082,11.140000343322754,10.779999732971191,11.0,110200,0.0,0.0
2016-08-15 00:00:00-04:00,10.989999771118164,11.239999771118164,10.90999984741211,11.050000190734863,122600,0.0,0.0
2016-08-16 00:00:00-04:00,10.789999961853027,11.220000267028809,10.600000381469727,10.699999809265137,194500,0.0,0.0
2016-08-17 00:00:00-04:00,11.180000305175781,11.90999984741211,10.180000305175781,10.4399995803833,405700,0.0,0.0
2016-08-18 00:00:00-04:00,10.460000038146973,10.515000343322754,10.154999732971191,10.25,178700,0.0,0.0
2016-08-19 00:00:00-04:00,10.25,10.600000381469727,9.40999984741211,9.720000267028809,399100,0.0,0.0
2016-08-22 00:00:00-04:00,9.760000228881836,9.899999618530273,9.510000228881836,9.529999732971191,385700,0.0,0.0
2016-08-23 00:00:00-04:00,9.609999656677246,10.149999618530273,9.609999656677246,10.039999961853027,294200,0.0,0.0
2016-08-24 00:00:00-04:00,10.010000228881836,10.119999885559082,9.65999984741211,9.699999809265137,238900,0.0,0.0
2016-08-25 00:00:00-04:00,9.720000267028809,9.854999542236328,9.420000076293945,9.640000343322754,296800,0.0,0.0
2016-08-26 00:00:00-04:00,9.619999885559082,10.020000457763672,9.619999885559082,9.829999923706055,183900,0.0,0.0
2016-08-29 00:00:00-04:00,9.90999984741211,10.109999656677246,9.65999984741211,10.0600004196167,151700,0.0,0.0
2016-08-30 00:00:00-04:00,10.020000457763672,10.40999984741211,9.899999618530273,10.109999656677246,164900,0.0,0.0
2016-08-31 00:00:00-04:00,10.119999885559082,10.220000267028809,9.739999771118164,9.949999809265137,181700,0.0,0.0
2016-09-01 00:00:00-04:00,9.880000114440918,10.220000267028809,9.600000381469727,10.0600004196167,211500,0.0,0.0
2016-09-02 00:00:00-04:00,10.0600004196167,10.210000038146973,9.859999656677246,10.210000038146973,98500,0.0,0.0
2016-09-06 00:00:00-04:00,10.210000038146973,10.640000343322754,10.210000038146973,10.529999732971191,218300,0.0,0.0
2016-09-07 00:00:00-04:00,10.579999923706055,10.779999732971191,10.380000114440918,10.670000076293945,124900,0.0,0.0
2016-09-08 00:00:00-04:00,10.6899995803833,10.710000038146973,10.482000350952148,10.59000015258789,141200,0.0,0.0
2016-09-09 00:00:00-04:00,10.670000076293945,10.670000076293945,9.970000267028809,10.0,158500,0.0,0.0
2016-09-12 00:00:00-04:00,9.970000267028809,10.444999694824219,9.949999809265137,10.40999984741211,145200,0.0,0.0
2016-09-13 00:00:00-04:00,10.3100004196167,10.375,9.90999984741211,10.069999694824219,120000,0.0,0.0
2016-09-14 00:00:00-04:00,10.119999885559082,10.40999984741211,10.020000457763672,10.239999771118164,115700,0.0,0.0
2016-09-15 00:00:00-04:00,10.289999961853027,10.369999885559082,10.069999694824219,10.15999984741211,128700,0.0,0.0
2016-09-16 00:00:00-04:00,10.210000038146973,10.380000114440918,10.09000015258789,10.220000267028809,613400,0.0,0.0
2016-09-19 00:00:00-04:00,10.3100004196167,10.40999984741211,10.020000457763672,10.229999542236328,116600,0.0,0.0
2016-09-20 00:00:00-04:00,10.34000015258789,10.350000381469727,10.140000343322754,10.239999771118164,112400,0.0,0.0
2016-09-21 00:00:00-04:00,10.279999732971191,10.300000190734863,9.8100004196167,10.270000457763672,169200,0.0,0.0
2016-09-22 00:00:00-04:00,10.3100004196167,10.75,10.210000038146973,10.720000267028809,151100,0.0,0.0
2016-09-23 00:00:00-04:00,10.720000267028809,10.829999923706055,10.5,10.59000015258789,111100,0.0,0.0
2016-09-26 00:00:00-04:00,10.539999961853027,10.96500015258789,10.539999961853027,10.75,92500,0.0,0.0
2016-09-27 00:00:00-04:00,10.710000038146973,10.920000076293945,10.670000076293945,10.729999542236328,128900,0.0,0.0
2016-09-28 00:00:00-04:00,10.789999961853027,10.9399995803833,10.260000228881836,10.420000076293945,171300,0.0,0.0
2016-09-29 00:00:00-04:00,10.399999618530273,10.920000076293945,10.399999618530273,10.649999618530273,418100,0.0,0.0
2016-09-30 00:00:00-04:00,10.649999618530273,11.15999984741211,10.329999923706055,11.109999656677246,194700,0.0,0.0
2016-10-03 00:00:00-04:00,11.100000381469727,11.40999984741211,11.029999732971191,11.350000381469727,179300,0.0,0.0
2016-10-04 00:00:00-04:00,11.359999656677246,11.899999618530273,10.9399995803833,11.0,115700,0.0,0.0
2016-10-05 00:00:00-04:00,11.420000076293945,12.0,11.050000190734863,11.694999694824219,364700,0.0,0.0
2016-10-06 00:00:00-04:00,11.529999732971191,11.640000343322754,11.1899995803833,11.449999809265137,284400,0.0,0.0
2016-10-07 00:00:00-04:00,11.510000228881836,11.65999984741211,11.050000190734863,11.460000038146973,108600,0.0,0.0
2016-10-10 00:00:00-04:00,11.5,11.739999771118164,11.498000144958496,11.65999984741211,126200,0.0,0.0
2016-10-11 00:00:00-04:00,11.59000015258789,11.710000038146973,11.229999542236328,11.539999961853027,284000,0.0,0.0
2016-10-12 00:00:00-04:00,11.520000457763672,11.520000457763672,11.0,11.130000114440918,305400,0.0,0.0
2016-10-13 00:00:00-04:00,11.0600004196167,11.489999771118164,10.50100040435791,10.989999771118164,378800,0.0,0.0
2016-10-14 00:00:00-04:00,11.010000228881836,11.010000228881836,10.729999542236328,10.829999923706055,160300,0.0,0.0
2016-10-17 00:00:00-04:00,10.800000190734863,10.800000190734863,10.220000267028809,10.359999656677246,194200,0.0,0.0
2016-10-18 00:00:00-04:00,10.460000038146973,10.739999771118164,10.170000076293945,10.234999656677246,171900,0.0,0.0
2016-10-19 00:00:00-04:00,10.300000190734863,10.470000267028809,10.0,10.100000381469727,145300,0.0,0.0
2016-10-20 00:00:00-04:00,10.100000381469727,10.529999732971191,10.029999732971191,10.300000190734863,205800,0.0,0.0
2016-10-21 00:00:00-04:00,10.229999542236328,10.279999732971191,9.989999771118164,9.989999771118164,160800,0.0,0.0
2016-10-24 00:00:00-04:00,10.09000015258789,10.239999771118164,9.8100004196167,9.949999809265137,150700,0.0,0.0
2016-10-25 00:00:00-04:00,9.970000267028809,9.970000267028809,9.399999618530273,9.420000076293945,158000,0.0,0.0
2016-10-26 00:00:00-04:00,9.380000114440918,9.62600040435791,9.130000114440918,9.194999694824219,206600,0.0,0.0
2016-10-27 00:00:00-04:00,9.239999771118164,9.279999732971191,8.989999771118164,9.0,118500,0.0,0.0
2016-10-28 00:00:00-04:00,9.0,9.069999694824219,8.484999656677246,8.510000228881836,313200,0.0,0.0
2016-10-31 00:00:00-04:00,8.5600004196167,8.59000015258789,8.260000228881836,8.479999542236328,298600,0.0,0.0
2016-11-01 00:00:00-04:00,8.470000267028809,8.75,8.25,8.350000381469727,199200,0.0,0.0
2016-11-02 00:00:00-04:00,8.270000457763672,8.479999542236328,7.989999771118164,8.020000457763672,126800,0.0,0.0
2016-11-03 00:00:00-04:00,7.980000019073486,8.350000381469727,7.880000114440918,8.130000114440918,208000,0.0,0.0
2016-11-04 00:00:00-04:00,8.170000076293945,8.65999984741211,8.09000015258789,8.449999809265137,170100,0.0,0.0
2016-11-07 00:00:00-05:00,8.710000038146973,9.039999961853027,8.600000381469727,9.0,196200,0.0,0.0
2016-11-08 00:00:00-05:00,8.970000267028809,9.270000457763672,8.770000457763672,9.239999771118164,113000,0.0,0.0
2016-11-09 00:00:00-05:00,9.180000305175781,9.619999885559082,9.180000305175781,9.550000190734863,181500,0.0,0.0
2016-11-10 00:00:00-05:00,10.0,11.338000297546387,9.529999732971191,10.350000381469727,654900,0.0,0.0
2016-11-11 00:00:00-05:00,10.40999984741211,11.270000457763672,10.100000381469727,11.149999618530273,540800,0.0,0.0
2016-11-14 00:00:00-05:00,11.149999618530273,11.600000381469727,10.859999656677246,11.600000381469727,348500,0.0,0.0
2016-11-15 00:00:00-05:00,11.510000228881836,11.779999732971191,11.430000305175781,11.699999809265137,209700,0.0,0.0
2016-11-16 00:00:00-05:00,11.569999694824219,11.8100004196167,11.14799976348877,11.720000267028809,179000,0.0,0.0
2016-11-17 00:00:00-05:00,11.630000114440918,12.0,11.630000114440918,11.90999984741211,221700,0.0,0.0
2016-11-18 00:00:00-05:00,11.899999618530273,11.989999771118164,11.706999778747559,11.979999542236328,250500,0.0,0.0
2016-11-21 00:00:00-05:00,11.949999809265137,12.020000457763672,11.711999893188477,12.0,271900,0.0,0.0
2016-11-22 00:00:00-05:00,12.029999732971191,12.850000381469727,11.944999694824219,12.800000190734863,534100,0.0,0.0
2016-11-23 00:00:00-05:00,12.59000015258789,12.949999809265137,12.380000114440918,12.859999656677246,337900,0.0,0.0
2016-11-25 00:00:00-05:00,12.859999656677246,12.890000343322754,11.949999809265137,12.170000076293945,254100,0.0,0.0
2016-11-28 00:00:00-05:00,12.109999656677246,12.210000038146973,11.800000190734863,12.0,226900,0.0,0.0
2016-11-29 00:00:00-05:00,12.0,12.069999694824219,11.770000457763672,11.9399995803833,144200,0.0,0.0
2016-11-30 00:00:00-05:00,11.949999809265137,12.15999984741211,11.880000114440918,12.0,203500,0.0,0.0
2016-12-01 00:00:00-05:00,12.0,12.130000114440918,11.649999618530273,11.739999771118164,103400,0.0,0.0
2016-12-02 00:00:00-05:00,11.710000038146973,11.960000038146973,11.630000114440918,11.859999656677246,93700,0.0,0.0
2016-12-05 00:00:00-05:00,11.90999984741211,12.119999885559082,11.8100004196167,11.869999885559082,214800,0.0,0.0
2016-12-06 00:00:00-05:00,11.829999923706055,11.949999809265137,11.630000114440918,11.84000015258789,92500,0.0,0.0
2016-12-07 00:00:00-05:00,11.729999542236328,11.729999542236328,11.380000114440918,11.489999771118164,160400,0.0,0.0
2016-12-08 00:00:00-05:00,11.449999809265137,11.739999771118164,11.265000343322754,11.600000381469727,278500,0.0,0.0
2016-12-09 00:00:00-05:00,11.510000228881836,11.920000076293945,11.510000228881836,11.720000267028809,156700,0.0,0.0
2016-12-12 00:00:00-05:00,11.779999732971191,11.859999656677246,11.319999694824219,11.739999771118164,103600,0.0,0.0
2016-12-13 00:00:00-05:00,11.739999771118164,12.0600004196167,11.739999771118164,11.890000343322754,90400,0.0,0.0
2016-12-14 00:00:00-05:00,11.899999618530273,11.970000267028809,11.680000305175781,11.710000038146973,86100,0.0,0.0
2016-12-15 00:00:00-05:00,11.739999771118164,11.899999618530273,11.649999618530273,11.84000015258789,81100,0.0,0.0
2016-12-16 00:00:00-05:00,11.850000381469727,11.970000267028809,11.729999542236328,11.760000228881836,166400,0.0,0.0
2016-12-19 00:00:00-05:00,11.779999732971191,11.920000076293945,11.609999656677246,11.760000228881836,127300,0.0,0.0
2016-12-20 00:00:00-05:00,11.760000228881836,12.0,11.75,11.970000267028809,121600,0.0,0.0
2016-12-21 00:00:00-05:00,11.9399995803833,11.979999542236328,11.710000038146973,11.819999694824219,113900,0.0,0.0
2016-12-22 00:00:00-05:00,11.8100004196167,12.0600004196167,11.699999809265137,12.029999732971191,429400,0.0,0.0
2016-12-23 00:00:00-05:00,12.020000457763672,12.369999885559082,11.970000267028809,12.0600004196167,287700,0.0,0.0
2016-12-27 00:00:00-05:00,12.0,12.229999542236328,11.800000190734863,11.829999923706055,468700,0.0,0.0
2016-12-28 00:00:00-05:00,11.890000343322754,12.0600004196167,11.720000267028809,11.989999771118164,253400,0.0,0.0
2016-12-29 00:00:00-05:00,12.0,12.09000015258789,11.260000228881836,11.510000228881836,242100,0.0,0.0
2016-12-30 00:00:00-05:00,11.479999542236328,12.0,11.470000267028809,11.710000038146973,162900,0.0,0.0
2017-01-03 00:00:00-05:00,11.800000190734863,11.90999984741211,11.550000190734863,11.890000343322754,149000,0.0,0.0
2017-01-04 00:00:00-05:00,11.869999885559082,12.005000114440918,11.8100004196167,11.899999618530273,247100,0.0,0.0
2017-01-05 00:00:00-05:00,11.800000190734863,12.029999732971191,11.609999656677246,11.619999885559082,110400,0.0,0.0
2017-01-06 00:00:00-05:00,11.949999809265137,12.130000114440918,11.460000038146973,11.489999771118164,195300,0.0,0.0
2017-01-09 00:00:00-05:00,11.420000076293945,11.899999618530273,11.289999961853027,11.670000076293945,184200,0.0,0.0
2017-01-10 00:00:00-05:00,11.600000381469727,11.859999656677246,11.529999732971191,11.829999923706055,108900,0.0,0.0
2017-01-11 00:00:00-05:00,11.829999923706055,11.829999923706055,10.770000457763672,11.029999732971191,233500,0.0,0.0
2017-01-12 00:00:00-05:00,10.960000038146973,10.989999771118164,10.5,10.710000038146973,162800,0.0,0.0
2017-01-13 00:00:00-05:00,10.729999542236328,10.890000343322754,10.649999618530273,10.699999809265137,83700,0.0,0.0
2017-01-17 00:00:00-05:00,10.600000381469727,10.8100004196167,9.800000190734863,9.850000381469727,143000,0.0,0.0
2017-01-18 00:00:00-05:00,9.949999809265137,10.670000076293945,9.670000076293945,9.819999694824219,184300,0.0,0.0
2017-01-19 00:00:00-05:00,9.850000381469727,9.90999984741211,9.6899995803833,9.710000038146973,117600,0.0,0.0
2017-01-20 00:00:00-05:00,9.680000305175781,9.8100004196167,9.489999771118164,9.5,230700,0.0,0.0
2017-01-23 00:00:00-05:00,9.40999984741211,9.59000015258789,8.920000076293945,9.020000457763672,515800,0.0,0.0
2017-01-24 00:00:00-05:00,9.0,9.170000076293945,8.470000267028809,9.149999618530273,451100,0.0,0.0
2017-01-25 00:00:00-05:00,9.279999732971191,9.649999618530273,9.25,9.489999771118164,159700,0.0,0.0
2017-01-26 00:00:00-05:00,9.5,9.649999618530273,8.970000267028809,9.050000190734863,253400,0.0,0.0
2017-01-27 00:00:00-05:00,9.079999923706055,9.140000343322754,8.899999618530273,8.899999618530273,145100,0.0,0.0
2017-01-30 00:00:00-05:00,8.859999656677246,8.859999656677246,8.595000267028809,8.680000305175781,147000,0.0,0.0
2017-01-31 00:00:00-05:00,8.65999984741211,9.020000457763672,8.600000381469727,8.960000038146973,177200,0.0,0.0
2017-02-01 00:00:00-05:00,9.029999732971191,9.140000343322754,8.819999694824219,8.979999542236328,183000,0.0,0.0
2017-02-02 00:00:00-05:00,8.949999809265137,9.3100004196167,8.859999656677246,9.289999961853027,112800,0.0,0.0
2017-02-03 00:00:00-05:00,9.420000076293945,9.550000190734863,9.210000038146973,9.390000343322754,144100,0.0,0.0
2017-02-06 00:00:00-05:00,9.390000343322754,9.430000305175781,9.020000457763672,9.149999618530273,111600,0.0,0.0
2017-02-07 00:00:00-05:00,9.1899995803833,9.369999885559082,8.970000267028809,9.1899995803833,108700,0.0,0.0
2017-02-08 00:00:00-05:00,9.119999885559082,9.359999656677246,8.859999656677246,9.239999771118164,114100,0.0,0.0
2017-02-09 00:00:00-05:00,9.289999961853027,9.550000190734863,9.210000038146973,9.350000381469727,102600,0.0,0.0
2017-02-10 00:00:00-05:00,9.430000305175781,9.520000457763672,9.270000457763672,9.369999885559082,80000,0.0,0.0
2017-02-13 00:00:00-05:00,9.5,9.520000457763672,9.34000015258789,9.505000114440918,207700,0.0,0.0
2017-02-14 00:00:00-05:00,9.479999542236328,9.90999984741211,9.479999542236328,9.869999885559082,168000,0.0,0.0
2017-02-15 00:00:00-05:00,9.649999618530273,9.9399995803833,9.513999938964844,9.90999984741211,105000,0.0,0.0
2017-02-16 00:00:00-05:00,9.949999809265137,9.989999771118164,9.600000381469727,9.829999923706055,126300,0.0,0.0
2017-02-17 00:00:00-05:00,9.819999694824219,10.020000457763672,9.8100004196167,9.949999809265137,161200,0.0,0.0
2017-02-21 00:00:00-05:00,9.90999984741211,10.0,9.75,9.779999732971191,109000,0.0,0.0
2017-02-22 00:00:00-05:00,9.789999961853027,9.850000381469727,9.579999923706055,9.760000228881836,106100,0.0,0.0
2017-02-23 00:00:00-05:00,9.779999732971191,9.84000015258789,9.651000022888184,9.739999771118164,66100,0.0,0.0
2017-02-24 00:00:00-05:00,9.670000076293945,9.779999732971191,9.569999694824219,9.699999809265137,267700,0.0,0.0
2017-02-27 00:00:00-05:00,9.75,10.149999618530273,9.510000228881836,9.90999984741211,203900,0.0,0.0
2017-02-28 00:00:00-05:00,9.949999809265137,10.020000457763672,9.510000228881836,9.5600004196167,229600,0.0,0.0
2017-03-01 00:00:00-05:00,9.680000305175781,10.109999656677246,9.510000228881836,9.850000381469727,329500,0.0,0.0
2017-03-02 00:00:00-05:00,9.779999732971191,9.9350004196167,9.640000343322754,9.760000228881836,113800,0.0,0.0
2017-03-03 00:00:00-05:00,9.729999542236328,9.899999618530273,9.579999923706055,9.729999542236328,150500,0.0,0.0
2017-03-06 00:00:00-05:00,9.699999809265137,9.725000381469727,9.449999809265137,9.510000228881836,208000,0.0,0.0
2017-03-07 00:00:00-05:00,9.460000038146973,9.90999984741211,9.229999542236328,9.869999885559082,199700,0.0,0.0
2017-03-08 00:00:00-05:00,8.600000381469727,8.989999771118164,8.085000038146973,8.100000381469727,1803900,0.0,0.0
2017-03-09 00:00:00-05:00,8.130000114440918,8.170000076293945,7.554999828338623,7.860000133514404,413700,0.0,0.0
2017-03-10 00:00:00-05:00,8.0,8.069999694824219,7.889999866485596,8.0,365800,0.0,0.0
2017-03-13 00:00:00-04:00,8.15999984741211,8.59000015258789,8.0,8.40999984741211,251900,0.0,0.0
2017-03-14 00:00:00-04:00,8.3100004196167,8.84000015258789,8.270000457763672,8.470000267028809,158900,0.0,0.0
2017-03-15 00:00:00-04:00,8.470000267028809,8.84000015258789,8.390000343322754,8.800000190734863,194100,0.0,0.0
2017-03-16 00:00:00-04:00,8.859999656677246,8.859999656677246,8.6899995803833,8.75,135500,0.0,0.0
2017-03-17 00:00:00-04:00,8.760000228881836,8.869999885559082,8.645000457763672,8.760000228881836,618500,0.0,0.0
2017-03-20 00:00:00-04:00,8.75,8.949999809265137,8.71500015258789,8.760000228881836,123300,0.0,0.0
2017-03-21 00:00:00-04:00,8.800000190734863,8.859999656677246,8.4399995803833,8.640000343322754,223400,0.0,0.0
2017-03-22 00:00:00-04:00,8.670000076293945,8.75,8.380000114440918,8.59000015258789,249200,0.0,0.0
2017-03-23 00:00:00-04:00,8.640000343322754,8.899999618530273,8.5,8.779999732971191,82200,0.0,0.0
2017-03-24 00:00:00-04:00,8.760000228881836,8.960000038146973,8.619999885559082,8.699999809265137,263100,0.0,0.0
2017-03-27 00:00:00-04:00,8.579999923706055,9.130000114440918,8.579999923706055,8.960000038146973,148100,0.0,0.0
2017-03-28 00:00:00-04:00,8.899999618530273,9.09000015258789,8.75,8.829999923706055,178500,0.0,0.0
2017-03-29 00:00:00-04:00,8.800000190734863,8.982999801635742,8.779999732971191,8.8100004196167,107700,0.0,0.0
2017-03-30 00:00:00-04:00,8.800000190734863,9.079999923706055,8.760000228881836,8.930000305175781,241300,0.0,0.0
2017-03-31 00:00:00-04:00,8.930000305175781,8.9399995803833,8.75,8.869999885559082,142400,0.0,0.0
2017-04-03 00:00:00-04:00,8.899999618530273,8.9399995803833,8.550000190734863,8.630000114440918,127900,0.0,0.0
2017-04-04 00:00:00-04:00,8.640000343322754,8.640000343322754,8.319999694824219,8.609999656677246,137300,0.0,0.0
2017-04-05 00:00:00-04:00,8.550000190734863,8.861000061035156,8.4399995803833,8.520000457763672,352800,0.0,0.0
2017-04-06 00:00:00-04:00,8.539999961853027,8.539999961853027,8.369999885559082,8.479999542236328,282600,0.0,0.0
2017-04-07 00:00:00-04:00,8.449999809265137,8.520000457763672,8.390000343322754,8.4399995803833,224200,0.0,0.0
2017-04-10 00:00:00-04:00,8.479999542236328,8.550000190734863,8.229999542236328,8.239999771118164,263200,0.0,0.0
2017-04-11 00:00:00-04:00,8.229999542236328,8.229999542236328,7.625,7.679999828338623,394000,0.0,0.0
2017-04-12 00:00:00-04:00,7.659999847412109,7.71999979019165,7.465000152587891,7.510000228881836,193600,0.0,0.0
2017-04-13 00:00:00-04:00,7.429999828338623,7.550000190734863,7.349999904632568,7.5,144600,0.0,0.0
2017-04-17 00:00:00-04:00,7.5,7.869999885559082,7.489999771118164,7.860000133514404,121200,0.0,0.0
2017-04-18 00:00:00-04:00,7.900000095367432,8.239999771118164,7.800000190734863,8.149999618530273,178200,0.0,0.0
2017-04-19 00:00:00-04:00,8.149999618530273,8.359999656677246,8.140000343322754,8.220000267028809,149500,0.0,0.0
2017-04-20 00:00:00-04:00,8.239999771118164,8.470000267028809,8.149999618530273,8.3100004196167,102500,0.0,0.0
2017-04-21 00:00:00-04:00,8.3100004196167,8.40999984741211,8.029999732971191,8.390000343322754,214800,0.0,0.0
2017-04-24 00:00:00-04:00,8.5,8.5,8.3100004196167,8.359999656677246,129700,0.0,0.0
2017-04-25 00:00:00-04:00,8.420000076293945,8.649999618530273,8.40999984741211,8.619999885559082,146000,0.0,0.0
2017-04-26 00:00:00-04:00,8.609999656677246,9.34000015258789,8.5600004196167,9.229999542236328,242000,0.0,0.0
2017-04-27 00:00:00-04:00,9.239999771118164,9.239999771118164,8.930000305175781,9.0,115700,0.0,0.0
2017-04-28 00:00:00-04:00,9.010000228881836,9.140000343322754,8.920000076293945,9.050000190734863,94900,0.0,0.0
2017-05-01 00:00:00-04:00,9.09000015258789,9.359999656677246,9.050000190734863,9.239999771118164,132800,0.0,0.0
2017-05-02 00:00:00-04:00,9.210000038146973,9.75,9.210000038146973,9.489999771118164,182100,0.0,0.0
2017-05-03 00:00:00-04:00,9.420000076293945,9.473999977111816,9.119999885559082,9.199999809265137,132200,0.0,0.0
2017-05-04 00:00:00-04:00,9.260000228881836,9.529999732971191,9.0,9.180000305175781,86600,0.0,0.0
2017-05-05 00:00:00-04:00,9.1899995803833,9.350000381469727,9.050000190734863,9.270000457763672,86900,0.0,0.0
2017-05-08 00:00:00-04:00,9.25,9.489999771118164,9.25,9.380000114440918,154900,0.0,0.0
2017-05-09 00:00:00-04:00,9.359999656677246,9.640000343322754,9.0600004196167,9.15999984741211,188200,0.0,0.0
2017-05-10 00:00:00-04:00,9.229999542236328,11.236000061035156,9.199999809265137,10.670000076293945,1023400,0.0,0.0
2017-05-11 00:00:00-04:00,10.600000381469727,10.661999702453613,10.1899995803833,10.430000305175781,350600,0.0,0.0
2017-05-12 00:00:00-04:00,10.390000343322754,10.680000305175781,10.130000114440918,10.460000038146973,247600,0.0,0.0
2017-05-15 00:00:00-04:00,10.479999542236328,10.649999618530273,10.472000122070312,10.5600004196167,175300,0.0,0.0
2017-05-16 00:00:00-04:00,10.5,10.600000381469727,10.359999656677246,10.529999732971191,153700,0.0,0.0
2017-05-17 00:00:00-04:00,10.5,10.739999771118164,10.300000190734863,10.40999984741211,152500,0.0,0.0
2017-05-18 00:00:00-04:00,10.359999656677246,10.489999771118164,10.260000228881836,10.350000381469727,140200,0.0,0.0
2017-05-19 00:00:00-04:00,10.329999923706055,10.630000114440918,10.149999618530273,10.180000305175781,124800,0.0,0.0
2017-05-22 00:00:00-04:00,10.15999984741211,10.420000076293945,10.119999885559082,10.350000381469727,113900,0.0,0.0
2017-05-23 00:00:00-04:00,10.399999618530273,10.399999618530273,10.149999618530273,10.229999542236328,72400,0.0,0.0
2017-05-24 00:00:00-04:00,10.210000038146973,10.369999885559082,10.109999656677246,10.3100004196167,77400,0.0,0.0
2017-05-25 00:00:00-04:00,10.380000114440918,10.399999618530273,10.180000305175781,10.319999694824219,65700,0.0,0.0
2017-05-26 00:00:00-04:00,10.329999923706055,10.4399995803833,10.260000228881836,10.430000305175781,90600,0.0,0.0
2017-05-30 00:00:00-04:00,10.449999809265137,10.479999542236328,10.279999732971191,10.319999694824219,87600,0.0,0.0
2017-05-31 00:00:00-04:00,10.350000381469727,10.539999961853027,10.156000137329102,10.239999771118164,98800,0.0,0.0
2017-06-01 00:00:00-04:00,10.15999984741211,10.6899995803833,10.15999984741211,10.569999694824219,153000,0.0,0.0
2017-06-02 00:00:00-04:00,10.550000190734863,10.95300006866455,10.550000190734863,10.920000076293945,263500,0.0,0.0
2017-06-05 00:00:00-04:00,10.9399995803833,10.979999542236328,10.470000267028809,10.470000267028809,104100,0.0,0.0
2017-06-06 00:00:00-04:00,10.350000381469727,10.5,10.199999809265137,10.25,141500,0.0,0.0
2017-06-07 00:00:00-04:00,10.210000038146973,10.3100004196167,9.869999885559082,9.90999984741211,150500,0.0,0.0
2017-06-08 00:00:00-04:00,9.880000114440918,10.300000190734863,9.859999656677246,10.050000190734863,98800,0.0,0.0
2017-06-09 00:00:00-04:00,10.050000190734863,10.430000305175781,9.949999809265137,10.40999984741211,167500,0.0,0.0
2017-06-12 00:00:00-04:00,10.369999885559082,10.600000381469727,10.343000411987305,10.550000190734863,183200,0.0,0.0
2017-06-13 00:00:00-04:00,10.59000015258789,10.90999984741211,10.5,10.710000038146973,109500,0.0,0.0
2017-06-14 00:00:00-04:00,10.710000038146973,10.78499984741211,10.4399995803833,10.680000305175781,152100,0.0,0.0
2017-06-15 00:00:00-04:00,10.550000190734863,10.680000305175781,10.449999809265137,10.520000457763672,114400,0.0,0.0
2017-06-16 00:00:00-04:00,10.5,10.680999755859375,10.420000076293945,10.449999809265137,411300,0.0,0.0
2017-06-19 00:00:00-04:00,10.460000038146973,10.850000381469727,10.456000328063965,10.770000457763672,129600,0.0,0.0
2017-06-20 00:00:00-04:00,10.680000305175781,10.890000343322754,10.600000381469727,10.65999984741211,119400,0.0,0.0
2017-06-21 00:00:00-04:00,10.720000267028809,10.890000343322754,10.699999809265137,10.779999732971191,183700,0.0,0.0
2017-06-22 00:00:00-04:00,10.800000190734863,10.90999984741211,10.649999618530273,10.760000228881836,225100,0.0,0.0
2017-06-23 00:00:00-04:00,10.75,10.880000114440918,10.65999984741211,10.869999885559082,740700,0.0,0.0
2017-06-26 00:00:00-04:00,10.880000114440918,12.069999694824219,10.75,11.9399995803833,541800,0.0,0.0
2017-06-27 00:00:00-04:00,12.0,12.0,11.010000228881836,11.039999961853027,173400,0.0,0.0
2017-06-28 00:00:00-04:00,11.119999885559082,11.399999618530273,11.039999961853027,11.319999694824219,177100,0.0,0.0
2017-06-29 00:00:00-04:00,11.399999618530273,11.399999618530273,10.770000457763672,11.09000015258789,130100,0.0,0.0
2017-06-30 00:00:00-04:00,11.079999923706055,11.199999809265137,10.770999908447266,10.859999656677246,88600,0.0,0.0
2017-07-03 00:00:00-04:00,10.9399995803833,11.130000114440918,10.760000228881836,11.100000381469727,71200,0.0,0.0
2017-07-05 00:00:00-04:00,11.100000381469727,11.15999984741211,10.779999732971191,10.880000114440918,126000,0.0,0.0
2017-07-06 00:00:00-04:00,10.800000190734863,10.8100004196167,10.609999656677246,10.739999771118164,102900,0.0,0.0
2017-07-07 00:00:00-04:00,10.739999771118164,10.989999771118164,10.704999923706055,10.960000038146973,75900,0.0,0.0
2017-07-10 00:00:00-04:00,10.869999885559082,10.949999809265137,10.539999961853027,10.710000038146973,106700,0.0,0.0
2017-07-11 00:00:00-04:00,10.779999732971191,11.180000305175781,10.725000381469727,10.970000267028809,110000,0.0,0.0
2017-07-12 00:00:00-04:00,11.0,11.180000305175781,10.760000228881836,11.010000228881836,92000,0.0,0.0
2017-07-13 00:00:00-04:00,10.989999771118164,11.0600004196167,10.743000030517578,11.0,96400,0.0,0.0
2017-07-14 00:00:00-04:00,10.960000038146973,11.170000076293945,10.5,10.729999542236328,164500,0.0,0.0
2017-07-17 00:00:00-04:00,10.720000267028809,10.90999984741211,10.630000114440918,10.859999656677246,78100,0.0,0.0
2017-07-18 00:00:00-04:00,10.8100004196167,11.1899995803833,10.789999961853027,11.130000114440918,230500,0.0,0.0
2017-07-19 00:00:00-04:00,11.149999618530273,11.25,10.470000267028809,10.710000038146973,312400,0.0,0.0
2017-07-20 00:00:00-04:00,10.770000457763672,10.899999618530273,9.704999923706055,9.75,275900,0.0,0.0
2017-07-21 00:00:00-04:00,9.890000343322754,10.010000228881836,9.569999694824219,9.6899995803833,199700,0.0,0.0
2017-07-24 00:00:00-04:00,9.729999542236328,9.729999542236328,9.15999984741211,9.229999542236328,182400,0.0,0.0
2017-07-25 00:00:00-04:00,9.15999984741211,9.420000076293945,8.930000305175781,8.930000305175781,169500,0.0,0.0
2017-07-26 00:00:00-04:00,8.930000305175781,9.0,8.744999885559082,8.75,179600,0.0,0.0
2017-07-27 00:00:00-04:00,8.760000228881836,8.880000114440918,8.359999656677246,8.520000457763672,166800,0.0,0.0
2017-07-28 00:00:00-04:00,8.479999542236328,8.65999984741211,8.100000381469727,8.180000305175781,202700,0.0,0.0
2017-07-31 00:00:00-04:00,8.220000267028809,8.222000122070312,8.0,8.069999694824219,257800,0.0,0.0
2017-08-01 00:00:00-04:00,8.119999885559082,8.279999732971191,8.0,8.220000267028809,216200,0.0,0.0
2017-08-02 00:00:00-04:00,8.1899995803833,8.25,8.069999694824219,8.100000381469727,119100,0.0,0.0
2017-08-03 00:00:00-04:00,8.119999885559082,8.300000190734863,8.029999732971191,8.140000343322754,163600,0.0,0.0
2017-08-04 00:00:00-04:00,8.180000305175781,8.319999694824219,8.130000114440918,8.289999961853027,74800,0.0,0.0
2017-08-07 00:00:00-04:00,8.180000305175781,8.220000267028809,7.78000020980835,8.020000457763672,141400,0.0,0.0
2017-08-08 00:00:00-04:00,7.989999771118164,8.329999923706055,7.940000057220459,8.15999984741211,210900,0.0,0.0
2017-08-09 00:00:00-04:00,8.5,10.829999923706055,8.454999923706055,10.350000381469727,1117600,0.0,0.0
2017-08-10 00:00:00-04:00,10.140000343322754,10.140000343322754,9.729999542236328,10.109999656677246,713200,0.0,0.0
2017-08-11 00:00:00-04:00,10.119999885559082,10.640000343322754,10.0,10.619999885559082,278300,0.0,0.0
2017-08-14 00:00:00-04:00,10.619999885559082,11.149999618530273,10.451000213623047,11.010000228881836,312900,0.0,0.0
2017-08-15 00:00:00-04:00,10.920000076293945,11.079999923706055,10.680000305175781,10.779999732971191,202200,0.0,0.0
2017-08-16 00:00:00-04:00,10.859999656677246,11.279999732971191,10.779999732971191,11.270000457763672,389500,0.0,0.0
2017-08-17 00:00:00-04:00,11.180000305175781,11.399999618530273,10.979999542236328,11.119999885559082,209400,0.0,0.0
2017-08-18 00:00:00-04:00,10.970000267028809,11.25,10.600000381469727,11.1899995803833,167900,0.0,0.0
2017-08-21 00:00:00-04:00,11.25,11.34000015258789,10.979999542236328,11.34000015258789,313200,0.0,0.0
2017-08-22 00:00:00-04:00,11.380000114440918,11.779999732971191,11.3100004196167,11.640000343322754,401500,0.0,0.0
2017-08-23 00:00:00-04:00,11.529999732971191,11.680000305175781,11.329999923706055,11.350000381469727,132500,0.0,0.0
2017-08-24 00:00:00-04:00,11.380000114440918,11.680000305175781,11.380000114440918,11.640000343322754,92500,0.0,0.0
2017-08-25 00:00:00-04:00,11.6899995803833,11.6899995803833,11.420000076293945,11.600000381469727,73900,0.0,0.0
2017-08-28 00:00:00-04:00,11.699999809265137,12.399999618530273,11.6899995803833,12.229999542236328,312100,0.0,0.0
2017-08-29 00:00:00-04:00,12.039999961853027,12.170000076293945,11.989999771118164,12.0,116600,0.0,0.0
2017-08-30 00:00:00-04:00,12.0,12.149999618530273,11.859999656677246,12.020000457763672,138700,0.0,0.0
2017-08-31 00:00:00-04:00,12.100000381469727,12.470000267028809,12.039999961853027,12.350000381469727,199100,0.0,0.0
2017-09-01 00:00:00-04:00,12.399999618530273,12.449999809265137,12.15999984741211,12.420000076293945,155100,0.0,0.0
2017-09-05 00:00:00-04:00,12.350000381469727,12.75,12.100000381469727,12.5,356200,0.0,0.0
2017-09-06 00:00:00-04:00,12.5,12.829999923706055,12.414999961853027,12.779999732971191,250000,0.0,0.0
2017-09-07 00:00:00-04:00,12.75,13.25,12.569999694824219,13.149999618530273,225300,0.0,0.0
2017-09-08 00:00:00-04:00,13.149999618530273,13.25,12.960000038146973,13.100000381469727,160800,0.0,0.0
2017-09-11 00:00:00-04:00,13.220000267028809,13.489999771118164,12.597000122070312,13.329999923706055,172200,0.0,0.0
2017-09-12 00:00:00-04:00,13.289999961853027,13.369999885559082,13.09000015258789,13.210000038146973,146200,0.0,0.0
2017-09-13 00:00:00-04:00,13.180000305175781,13.300000190734863,13.010000228881836,13.260000228881836,372300,0.0,0.0
2017-09-14 00:00:00-04:00,13.25,13.25,12.970000267028809,13.039999961853027,324500,0.0,0.0
2017-09-15 00:00:00-04:00,13.069999694824219,13.069999694824219,12.779999732971191,12.989999771118164,462800,0.0,0.0
2017-09-18 00:00:00-04:00,12.970000267028809,13.039999961853027,12.600000381469727,12.699999809265137,190000,0.0,0.0
2017-09-19 00:00:00-04:00,12.670000076293945,12.744999885559082,12.295000076293945,12.630000114440918,281500,0.0,0.0
2017-09-20 00:00:00-04:00,12.609999656677246,12.630000114440918,12.279999732971191,12.319999694824219,136200,0.0,0.0
2017-09-21 00:00:00-04:00,12.319999694824219,12.34000015258789,11.949999809265137,12.15999984741211,146400,0.0,0.0
2017-09-22 00:00:00-04:00,12.119999885559082,12.640000343322754,12.104999542236328,12.460000038146973,149300,0.0,0.0
2017-09-25 00:00:00-04:00,12.420000076293945,12.609999656677246,12.25,12.319999694824219,100100,0.0,0.0
2017-09-26 00:00:00-04:00,12.34000015258789,12.449999809265137,12.199999809265137,12.270000457763672,86200,0.0,0.0
2017-09-27 00:00:00-04:00,12.3100004196167,12.960000038146973,12.300000190734863,12.930000305175781,231200,0.0,0.0
2017-09-28 00:00:00-04:00,12.960000038146973,13.050000190734863,12.829999923706055,12.920000076293945,147600,0.0,0.0
2017-09-29 00:00:00-04:00,12.869999885559082,12.979999542236328,12.6899995803833,12.890000343322754,72000,0.0,0.0
2017-10-02 00:00:00-04:00,12.859999656677246,13.420000076293945,12.779999732971191,13.420000076293945,126300,0.0,0.0
2017-10-03 00:00:00-04:00,13.34000015258789,13.949999809265137,13.34000015258789,13.800000190734863,284600,0.0,0.0
2017-10-04 00:00:00-04:00,13.729999542236328,14.050000190734863,13.489999771118164,13.779999732971191,132200,0.0,0.0
2017-10-05 00:00:00-04:00,13.6899995803833,13.979999542236328,13.460000038146973,13.5600004196167,104500,0.0,0.0
2017-10-06 00:00:00-04:00,13.84000015258789,14.760000228881836,13.75,14.3100004196167,214200,0.0,0.0
2017-10-09 00:00:00-04:00,14.270000457763672,14.270000457763672,13.229999542236328,13.25,237700,0.0,0.0
2017-10-10 00:00:00-04:00,13.430000305175781,13.84000015258789,13.210000038146973,13.319999694824219,123000,0.0,0.0
2017-10-11 00:00:00-04:00,13.359999656677246,13.600000381469727,12.5,13.180000305175781,73300,0.0,0.0
2017-10-12 00:00:00-04:00,13.180000305175781,13.470000267028809,13.079999923706055,13.390000343322754,127100,0.0,0.0
2017-10-13 00:00:00-04:00,13.4399995803833,13.460000038146973,13.100000381469727,13.210000038146973,128800,0.0,0.0
2017-10-16 00:00:00-04:00,13.300000190734863,13.39799976348877,13.050000190734863,13.15999984741211,70800,0.0,0.0
2017-10-17 00:00:00-04:00,13.109999656677246,13.140000343322754,12.90999984741211,12.989999771118164,49900,0.0,0.0
2017-10-18 00:00:00-04:00,12.949999809265137,13.220000267028809,12.392000198364258,13.100000381469727,69900,0.0,0.0
2017-10-19 00:00:00-04:00,13.09000015258789,13.279999732971191,12.920000076293945,13.020000457763672,79900,0.0,0.0
2017-10-20 00:00:00-04:00,13.100000381469727,13.300000190734863,13.039999961853027,13.199999809265137,70500,0.0,0.0
2017-10-23 00:00:00-04:00,13.220000267028809,13.449999809265137,12.739999771118164,12.760000228881836,93900,0.0,0.0
2017-10-24 00:00:00-04:00,12.859999656677246,13.359000205993652,12.470000267028809,12.529999732971191,105500,0.0,0.0
2017-10-25 00:00:00-04:00,12.260000228881836,12.3100004196167,11.399999618530273,11.520000457763672,255900,0.0,0.0
2017-10-26 00:00:00-04:00,11.569999694824219,11.779000282287598,11.029999732971191,11.119999885559082,112900,0.0,0.0
2017-10-27 00:00:00-04:00,11.079999923706055,11.239999771118164,10.979999542236328,11.140000343322754,141300,0.0,0.0
2017-10-30 00:00:00-04:00,11.1899995803833,11.270000457763672,10.569999694824219,10.680000305175781,129100,0.0,0.0
2017-10-31 00:00:00-04:00,10.789999961853027,11.029999732971191,10.739999771118164,10.989999771118164,235200,0.0,0.0
2017-11-01 00:00:00-04:00,11.170000076293945,11.170000076293945,10.300000190734863,10.569999694824219,203400,0.0,0.0
2017-11-02 00:00:00-04:00,10.470000267028809,10.859999656677246,10.3100004196167,10.850000381469727,230700,0.0,0.0
2017-11-03 00:00:00-04:00,10.739999771118164,11.069999694824219,10.489999771118164,10.880000114440918,221200,0.0,0.0
2017-11-06 00:00:00-05:00,10.989999771118164,11.1899995803833,10.71500015258789,10.970000267028809,103900,0.0,0.0
2017-11-07 00:00:00-05:00,10.899999618530273,11.15999984741211,10.649999618530273,10.789999961853027,149000,0.0,0.0
2017-11-08 00:00:00-05:00,10.65999984741211,10.756999969482422,10.420000076293945,10.640000343322754,112900,0.0,0.0
2017-11-09 00:00:00-05:00,10.0,10.1899995803833,8.65999984741211,9.40999984741211,529600,0.0,0.0
2017-11-10 00:00:00-05:00,9.420000076293945,9.5,9.130000114440918,9.1899995803833,110500,0.0,0.0
2017-11-13 00:00:00-05:00,9.25,9.418999671936035,9.0600004196167,9.34000015258789,126700,0.0,0.0
2017-11-14 00:00:00-05:00,9.260000228881836,9.390000343322754,9.020000457763672,9.359999656677246,149500,0.0,0.0
2017-11-15 00:00:00-05:00,9.279999732971191,9.579999923706055,9.130000114440918,9.399999618530273,176800,0.0,0.0
2017-11-16 00:00:00-05:00,9.430000305175781,9.84000015258789,9.430000305175781,9.649999618530273,134000,0.0,0.0
2017-11-17 00:00:00-05:00,9.5600004196167,9.699999809265137,9.4399995803833,9.619999885559082,213500,0.0,0.0
2017-11-20 00:00:00-05:00,9.5600004196167,9.8100004196167,9.359999656677246,9.550000190734863,137100,0.0,0.0
2017-11-21 00:00:00-05:00,9.529999732971191,9.96500015258789,9.520000457763672,9.920000076293945,78000,0.0,0.0
2017-11-22 00:00:00-05:00,9.850000381469727,10.25,9.760000228881836,9.890000343322754,96800,0.0,0.0
2017-11-24 00:00:00-05:00,9.979999542236328,10.0600004196167,9.479999542236328,9.569999694824219,75900,0.0,0.0
2017-11-27 00:00:00-05:00,9.579999923706055,9.84000015258789,9.5,9.619999885559082,87000,0.0,0.0
2017-11-28 00:00:00-05:00,9.5,9.630000114440918,9.1899995803833,9.479999542236328,278300,0.0,0.0
2017-11-29 00:00:00-05:00,9.479999542236328,9.84000015258789,9.420000076293945,9.5,142200,0.0,0.0
2017-11-30 00:00:00-05:00,9.600000381469727,9.770000457763672,9.529999732971191,9.729999542236328,96200,0.0,0.0
2017-12-01 00:00:00-05:00,9.680000305175781,9.8100004196167,9.279999732971191,9.680000305175781,96800,0.0,0.0
2017-12-04 00:00:00-05:00,9.739999771118164,10.149999618530273,9.5,9.569999694824219,131000,0.0,0.0
2017-12-05 00:00:00-05:00,9.609999656677246,9.720000267028809,9.489999771118164,9.5,74500,0.0,0.0
2017-12-06 00:00:00-05:00,9.5,9.859999656677246,9.430000305175781,9.779999732971191,106600,0.0,0.0
2017-12-07 00:00:00-05:00,9.739999771118164,9.970000267028809,9.520000457763672,9.729999542236328,71700,0.0,0.0
2017-12-08 00:00:00-05:00,9.760000228881836,9.760000228881836,9.430000305175781,9.510000228881836,105300,0.0,0.0
2017-12-11 00:00:00-05:00,9.489999771118164,9.6899995803833,9.350000381469727,9.5,113800,0.0,0.0
2017-12-12 00:00:00-05:00,9.520000457763672,9.649999618530273,9.40999984741211,9.5,86900,0.0,0.0
2017-12-13 00:00:00-05:00,9.5600004196167,9.84000015258789,9.5,9.59000015258789,97800,0.0,0.0
2017-12-14 00:00:00-05:00,9.619999885559082,9.805000305175781,9.489999771118164,9.529999732971191,85700,0.0,0.0
2017-12-15 00:00:00-05:00,9.59000015258789,9.890000343322754,9.420000076293945,9.869999885559082,272000,0.0,0.0
2017-12-18 00:00:00-05:00,9.970000267028809,9.979999542236328,9.579999923706055,9.640000343322754,80500,0.0,0.0
2017-12-19 00:00:00-05:00,9.640000343322754,9.84000015258789,9.449999809265137,9.680000305175781,68800,0.0,0.0
2017-12-20 00:00:00-05:00,9.640000343322754,9.899999618530273,9.449999809265137,9.850000381469727,101900,0.0,0.0
2017-12-21 00:00:00-05:00,9.829999923706055,9.890000343322754,9.550000190734863,9.609999656677246,92600,0.0,0.0
2017-12-22 00:00:00-05:00,9.579999923706055,9.649999618530273,9.229999542236328,9.5,92100,0.0,0.0
2017-12-26 00:00:00-05:00,9.460000038146973,9.630000114440918,9.460000038146973,9.529999732971191,70800,0.0,0.0
2017-12-27 00:00:00-05:00,9.529999732971191,9.720000267028809,9.430000305175781,9.479999542236328,98700,0.0,0.0
2017-12-28 00:00:00-05:00,9.5,9.569999694824219,9.239999771118164,9.369999885559082,134500,0.0,0.0
2017-12-29 00:00:00-05:00,9.350000381469727,9.5600004196167,8.960000038146973,8.989999771118164,113900,0.0,0.0
2018-01-02 00:00:00-05:00,9.079999923706055,9.5,8.819999694824219,9.470000267028809,133300,0.0,0.0
2018-01-03 00:00:00-05:00,9.460000038146973,9.600000381469727,9.319999694824219,9.510000228881836,86600,0.0,0.0
2018-01-04 00:00:00-05:00,9.59000015258789,9.789999961853027,9.449999809265137,9.720000267028809,142100,0.0,0.0
2018-01-05 00:00:00-05:00,9.739999771118164,10.0,9.699999809265137,9.899999618530273,128300,0.0,0.0
2018-01-08 00:00:00-05:00,9.880000114440918,9.979999542236328,9.739999771118164,9.789999961853027,71400,0.0,0.0
2018-01-09 00:00:00-05:00,9.770000457763672,9.9399995803833,9.739999771118164,9.770000457763672,81700,0.0,0.0
2018-01-10 00:00:00-05:00,9.710000038146973,9.760000228881836,9.569999694824219,9.710000038146973,60200,0.0,0.0
2018-01-11 00:00:00-05:00,9.760000228881836,10.180000305175781,9.640000343322754,10.100000381469727,109900,0.0,0.0
2018-01-12 00:00:00-05:00,9.779999732971191,10.220000267028809,9.779999732971191,10.180000305175781,97900,0.0,0.0
2018-01-16 00:00:00-05:00,10.09000015258789,10.380000114440918,9.770000457763672,9.869999885559082,93900,0.0,0.0
2018-01-17 00:00:00-05:00,9.880000114440918,10.239999771118164,9.529999732971191,10.210000038146973,146600,0.0,0.0
2018-01-18 00:00:00-05:00,10.140000343322754,10.350000381469727,9.789999961853027,10.300000190734863,69000,0.0,0.0
2018-01-19 00:00:00-05:00,10.239999771118164,11.15999984741211,10.239999771118164,11.109999656677246,216600,0.0,0.0
2018-01-22 00:00:00-05:00,11.210000038146973,11.649999618530273,11.1899995803833,11.539999961853027,133700,0.0,0.0
2018-01-23 00:00:00-05:00,11.649999618530273,11.8149995803833,11.479999542236328,11.65999984741211,87200,0.0,0.0
2018-01-24 00:00:00-05:00,11.609999656677246,11.699999809265137,11.329999923706055,11.449999809265137,87100,0.0,0.0
2018-01-25 00:00:00-05:00,11.579999923706055,11.800000190734863,11.470000267028809,11.670000076293945,142200,0.0,0.0
2018-01-26 00:00:00-05:00,11.670000076293945,11.979999542236328,11.34000015258789,11.949999809265137,111800,0.0,0.0
2018-01-29 00:00:00-05:00,11.829999923706055,12.0600004196167,11.569999694824219,11.59000015258789,76000,0.0,0.0
2018-01-30 00:00:00-05:00,11.34000015258789,11.454999923706055,10.550000190734863,10.59000015258789,129700,0.0,0.0
2018-01-31 00:00:00-05:00,10.670000076293945,10.819999694824219,10.220000267028809,10.40999984741211,139500,0.0,0.0
2018-02-01 00:00:00-05:00,10.289999961853027,10.800000190734863,10.289999961853027,10.539999961853027,87700,0.0,0.0
2018-02-02 00:00:00-05:00,10.399999618530273,10.539999961853027,10.100000381469727,10.130000114440918,59400,0.0,0.0
2018-02-05 00:00:00-05:00,10.050000190734863,10.279999732971191,9.59000015258789,9.609999656677246,173700,0.0,0.0
2018-02-06 00:00:00-05:00,9.359999656677246,9.630000114440918,8.90999984741211,9.0600004196167,222600,0.0,0.0
2018-02-07 00:00:00-05:00,9.0600004196167,9.439000129699707,9.050000190734863,9.15999984741211,113800,0.0,0.0
2018-02-08 00:00:00-05:00,9.210000038146973,9.229999542236328,8.970000267028809,9.0,115700,0.0,0.0
2018-02-09 00:00:00-05:00,9.140000343322754,9.1899995803833,8.8100004196167,9.069999694824219,155000,0.0,0.0
2018-02-12 00:00:00-05:00,9.069999694824219,9.300000190734863,8.970000267028809,9.130000114440918,147100,0.0,0.0
2018-02-13 00:00:00-05:00,9.0,9.4399995803833,8.930000305175781,9.239999771118164,134400,0.0,0.0
2018-02-14 00:00:00-05:00,9.100000381469727,9.529999732971191,9.100000381469727,9.359999656677246,146400,0.0,0.0
2018-02-15 00:00:00-05:00,9.380000114440918,9.5,9.270000457763672,9.399999618530273,162300,0.0,0.0
2018-02-16 00:00:00-05:00,9.380000114440918,9.510000228881836,9.220000267028809,9.260000228881836,73700,0.0,0.0
2018-02-20 00:00:00-05:00,9.180000305175781,9.569999694824219,8.970000267028809,9.0600004196167,106100,0.0,0.0
2018-02-21 00:00:00-05:00,9.119999885559082,9.729999542236328,9.09000015258789,9.319999694824219,206100,0.0,0.0
2018-02-22 00:00:00-05:00,9.34000015258789,9.510000228881836,9.1899995803833,9.220000267028809,111100,0.0,0.0
2018-02-23 00:00:00-05:00,9.229999542236328,9.319999694824219,9.09000015258789,9.25,60600,0.0,0.0
2018-02-26 00:00:00-05:00,9.270000457763672,9.319999694824219,9.15999984741211,9.239999771118164,71400,0.0,0.0
2018-02-27 00:00:00-05:00,9.25,9.5,9.119999885559082,9.170000076293945,77600,0.0,0.0
2018-02-28 00:00:00-05:00,9.149999618530273,9.270000457763672,8.994999885559082,9.0,77200,0.0,0.0
2018-03-01 00:00:00-05:00,9.0,9.104999542236328,8.84000015258789,9.020000457763672,167100,0.0,0.0
2018-03-02 00:00:00-05:00,8.930000305175781,9.350000381469727,8.890000343322754,9.239999771118164,84400,0.0,0.0
2018-03-05 00:00:00-05:00,9.180000305175781,9.300000190734863,9.029999732971191,9.199999809265137,80200,0.0,0.0
2018-03-06 00:00:00-05:00,9.260000228881836,9.270000457763672,9.010000228881836,9.1899995803833,63500,0.0,0.0
2018-03-07 00:00:00-05:00,9.069999694824219,9.289999961853027,9.0600004196167,9.229999542236328,74600,0.0,0.0
2018-03-08 00:00:00-05:00,9.210000038146973,9.279999732971191,9.03499984741211,9.210000038146973,68000,0.0,0.0
2018-03-09 00:00:00-05:00,9.289999961853027,9.350000381469727,9.1850004196167,9.289999961853027,123900,0.0,0.0
2018-03-12 00:00:00-04:00,9.25,9.350000381469727,9.130000114440918,9.239999771118164,84800,0.0,0.0
2018-03-13 00:00:00-04:00,9.329999923706055,10.345000267028809,9.25,9.550000190734863,349300,0.0,0.0
2018-03-14 00:00:00-04:00,9.680000305175781,9.829999923706055,8.890000343322754,9.270000457763672,518000,0.0,0.0
2018-03-15 00:00:00-04:00,9.300000190734863,9.739999771118164,9.239999771118164,9.649999618530273,283800,0.0,0.0
2018-03-16 00:00:00-04:00,9.619999885559082,10.890000343322754,9.619999885559082,10.84000015258789,270600,0.0,0.0
2018-03-19 00:00:00-04:00,10.729999542236328,11.050000190734863,10.289999961853027,10.59000015258789,293700,0.0,0.0
2018-03-20 00:00:00-04:00,10.529999732971191,10.84000015258789,10.350000381469727,10.550000190734863,110500,0.0,0.0
2018-03-21 00:00:00-04:00,10.550000190734863,10.65999984741211,10.15999984741211,10.229999542236328,114000,0.0,0.0
2018-03-22 00:00:00-04:00,10.130000114440918,10.399999618530273,9.930000305175781,9.949999809265137,89400,0.0,0.0
2018-03-23 00:00:00-04:00,9.869999885559082,10.0600004196167,9.510000228881836,9.520000457763672,101700,0.0,0.0
2018-03-26 00:00:00-04:00,9.699999809265137,9.699999809265137,9.140000343322754,9.350000381469727,162200,0.0,0.0
2018-03-27 00:00:00-04:00,9.350000381469727,9.420000076293945,9.069999694824219,9.069999694824219,110700,0.0,0.0
2018-03-28 00:00:00-04:00,9.09000015258789,9.289999961853027,8.970000267028809,9.15999984741211,89900,0.0,0.0
2018-03-29 00:00:00-04:00,9.220000267028809,9.494999885559082,9.130000114440918,9.270000457763672,170500,0.0,0.0
2018-04-02 00:00:00-04:00,9.270000457763672,9.350000381469727,8.739999771118164,8.84000015258789,129700,0.0,0.0
2018-04-03 00:00:00-04:00,8.850000381469727,9.029999732971191,8.600000381469727,8.789999961853027,182500,0.0,0.0
2018-04-04 00:00:00-04:00,8.680000305175781,9.020000457763672,8.680000305175781,8.979999542236328,111500,0.0,0.0
2018-04-05 00:00:00-04:00,9.029999732971191,9.079999923706055,8.765000343322754,8.890000343322754,130100,0.0,0.0
2018-04-06 00:00:00-04:00,8.84000015258789,8.930000305175781,8.729999542236328,8.800000190734863,142700,0.0,0.0
2018-04-09 00:00:00-04:00,9.65999984741211,9.869999885559082,9.25,9.520000457763672,211100,0.0,0.0
2018-04-10 00:00:00-04:00,9.65999984741211,10.34000015258789,9.65999984741211,10.220000267028809,217400,0.0,0.0
2018-04-11 00:00:00-04:00,10.149999618530273,10.279999732971191,9.151000022888184,10.050000190734863,152100,0.0,0.0
2018-04-12 00:00:00-04:00,10.130000114440918,10.329999923706055,10.010000228881836,10.170000076293945,66500,0.0,0.0
2018-04-13 00:00:00-04:00,10.239999771118164,10.489999771118164,10.039999961853027,10.289999961853027,76000,0.0,0.0
2018-04-16 00:00:00-04:00,10.329999923706055,10.739999771118164,10.286999702453613,10.640000343322754,73100,0.0,0.0
2018-04-17 00:00:00-04:00,10.75,11.0,10.640000343322754,10.899999618530273,79800,0.0,0.0
2018-04-18 00:00:00-04:00,10.930000305175781,11.279999732971191,10.899999618530273,11.069999694824219,335400,0.0,0.0
2018-04-19 00:00:00-04:00,11.210000038146973,11.449999809265137,10.949999809265137,11.09000015258789,83700,0.0,0.0
2018-04-20 00:00:00-04:00,11.010000228881836,11.130000114440918,10.8100004196167,10.960000038146973,69100,0.0,0.0
2018-04-23 00:00:00-04:00,10.989999771118164,11.022000312805176,10.789999961853027,11.0,47400,0.0,0.0
2018-04-24 00:00:00-04:00,10.899999618530273,11.09000015258789,10.829999923706055,10.949999809265137,72500,0.0,0.0
2018-04-25 00:00:00-04:00,10.949999809265137,11.079999923706055,10.770000457763672,11.010000228881836,55000,0.0,0.0
2018-04-26 00:00:00-04:00,11.020000457763672,11.279999732971191,11.0,11.180000305175781,86000,0.0,0.0
2018-04-27 00:00:00-04:00,11.220000267028809,11.300000190734863,10.930000305175781,11.079999923706055,61200,0.0,0.0
2018-04-30 00:00:00-04:00,11.130000114440918,11.199999809265137,11.029999732971191,11.130000114440918,71600,0.0,0.0
2018-05-01 00:00:00-04:00,11.109999656677246,11.34000015258789,11.074999809265137,11.220000267028809,127100,0.0,0.0
2018-05-02 00:00:00-04:00,11.199999809265137,11.3100004196167,11.130000114440918,11.260000228881836,99000,0.0,0.0
2018-05-03 00:00:00-04:00,11.180000305175781,11.390000343322754,11.149999618530273,11.25,147700,0.0,0.0
2018-05-04 00:00:00-04:00,11.180000305175781,11.4399995803833,11.180000305175781,11.399999618530273,102700,0.0,0.0
2018-05-07 00:00:00-04:00,11.34000015258789,11.880000114440918,11.34000015258789,11.829999923706055,80000,0.0,0.0
2018-05-08 00:00:00-04:00,11.8100004196167,12.069999694824219,11.720000267028809,11.729999542236328,240000,0.0,0.0
2018-05-09 00:00:00-04:00,12.100000381469727,13.0,11.880000114440918,12.0,746400,0.0,0.0
2018-05-10 00:00:00-04:00,12.0600004196167,12.229999542236328,11.664999961853027,11.920000076293945,265400,0.0,0.0
2018-05-11 00:00:00-04:00,11.960000038146973,12.079999923706055,11.600000381469727,11.720000267028809,122300,0.0,0.0
2018-05-14 00:00:00-04:00,11.75,11.960000038146973,11.380000114440918,11.470000267028809,246500,0.0,0.0
2018-05-15 00:00:00-04:00,11.289999961853027,11.710000038146973,11.289999961853027,11.59000015258789,213900,0.0,0.0
2018-05-16 00:00:00-04:00,11.640000343322754,11.779999732971191,11.520000457763672,11.6899995803833,132500,0.0,0.0
2018-05-17 00:00:00-04:00,11.710000038146973,11.850000381469727,11.6899995803833,11.779999732971191,118800,0.0,0.0
2018-05-18 00:00:00-04:00,11.829999923706055,11.84000015258789,11.649999618530273,11.649999618530273,116000,0.0,0.0
2018-05-21 00:00:00-04:00,11.649999618530273,11.84000015258789,11.609999656677246,11.739999771118164,153600,0.0,0.0
2018-05-22 00:00:00-04:00,11.770000457763672,11.880000114440918,11.65999984741211,11.65999984741211,186600,0.0,0.0
2018-05-23 00:00:00-04:00,11.619999885559082,11.760000228881836,11.380000114440918,11.4399995803833,93800,0.0,0.0
2018-05-24 00:00:00-04:00,11.399999618530273,11.449999809265137,11.260000228881836,11.369999885559082,119500,0.0,0.0
2018-05-25 00:00:00-04:00,11.390000343322754,11.710000038146973,11.369999885559082,11.619999885559082,166500,0.0,0.0
2018-05-29 00:00:00-04:00,11.520000457763672,11.680000305175781,11.270000457763672,11.630000114440918,181400,0.0,0.0
2018-05-30 00:00:00-04:00,11.699999809265137,11.850000381469727,11.630000114440918,11.739999771118164,242300,0.0,0.0
2018-05-31 00:00:00-04:00,11.729999542236328,11.829999923706055,11.529999732971191,11.65999984741211,194800,0.0,0.0
2018-06-01 00:00:00-04:00,11.75,11.75,11.529999732971191,11.6899995803833,122300,0.0,0.0
2018-06-04 00:00:00-04:00,11.710000038146973,11.84000015258789,11.354999542236328,11.420000076293945,133200,0.0,0.0
2018-06-05 00:00:00-04:00,11.460000038146973,11.699999809265137,11.329999923706055,11.65999984741211,179800,0.0,0.0
2018-06-06 00:00:00-04:00,11.619999885559082,12.569999694824219,11.619999885559082,12.510000228881836,414400,0.0,0.0
2018-06-07 00:00:00-04:00,12.470000267028809,12.5600004196167,12.210000038146973,12.25,229700,0.0,0.0
2018-06-08 00:00:00-04:00,12.210000038146973,12.369999885559082,12.079999923706055,12.289999961853027,241000,0.0,0.0
2018-06-11 00:00:00-04:00,12.289999961853027,12.479999542236328,12.1899995803833,12.40999984741211,213400,0.0,0.0
2018-06-12 00:00:00-04:00,12.449999809265137,12.942999839782715,12.425000190734863,12.829999923706055,234000,0.0,0.0
2018-06-13 00:00:00-04:00,12.8100004196167,13.506999969482422,12.8100004196167,13.479999542236328,326700,0.0,0.0
2018-06-14 00:00:00-04:00,13.550000190734863,14.489999771118164,13.430000305175781,14.350000381469727,296100,0.0,0.0
2018-06-15 00:00:00-04:00,14.260000228881836,14.989999771118164,13.644000053405762,14.25,523800,0.0,0.0
2018-06-18 00:00:00-04:00,14.149999618530273,14.90999984741211,13.6899995803833,14.40999984741211,330300,0.0,0.0
2018-06-19 00:00:00-04:00,14.300000190734863,14.84000015258789,14.229999542236328,14.609999656677246,291500,0.0,0.0
2018-06-20 00:00:00-04:00,14.649999618530273,14.850000381469727,14.550000190734863,14.569999694824219,165700,0.0,0.0
2018-06-21 00:00:00-04:00,14.609999656677246,14.649999618530273,14.010000228881836,14.039999961853027,270800,0.0,0.0
2018-06-22 00:00:00-04:00,13.949999809265137,16.1200008392334,13.562999725341797,16.06999969482422,986000,0.0,0.0
2018-06-25 00:00:00-04:00,16.350000381469727,19.030000686645508,15.979999542236328,19.0,2506700,0.0,0.0
2018-06-26 00:00:00-04:00,18.770000457763672,20.0,18.5,19.979999542236328,1481100,0.0,0.0
2018-06-27 00:00:00-04:00,19.75,19.829999923706055,17.889999389648438,18.0,1017300,0.0,0.0
2018-06-28 00:00:00-04:00,18.200000762939453,19.860000610351562,17.90999984741211,18.969999313354492,992800,0.0,0.0
2018-06-29 00:00:00-04:00,18.959999084472656,19.43000030517578,18.5,18.81999969482422,445700,0.0,0.0
2018-07-02 00:00:00-04:00,18.81999969482422,19.059999465942383,17.739999771118164,18.81999969482422,773100,0.0,0.0
2018-07-03 00:00:00-04:00,18.899999618530273,19.34000015258789,18.865999221801758,19.25,181000,0.0,0.0
2018-07-05 00:00:00-04:00,19.360000610351562,20.0,18.670000076293945,19.84000015258789,536900,0.0,0.0
2018-07-06 00:00:00-04:00,19.84000015258789,20.239999771118164,19.450000762939453,19.93000030517578,516100,0.0,0.0
2018-07-09 00:00:00-04:00,20.25,21.639999389648438,19.570999145507812,19.84000015258789,502000,0.0,0.0
2018-07-10 00:00:00-04:00,20.079999923706055,21.889999389648438,19.6299991607666,21.040000915527344,684900,0.0,0.0
2018-07-11 00:00:00-04:00,19.010000228881836,22.540000915527344,19.000999450683594,20.579999923706055,1675100,0.0,0.0
2018-07-12 00:00:00-04:00,21.850000381469727,23.850000381469727,21.549999237060547,21.8700008392334,4584700,0.0,0.0
2018-07-13 00:00:00-04:00,21.889999389648438,22.229000091552734,21.290000915527344,21.59000015258789,558000,0.0,0.0
2018-07-16 00:00:00-04:00,21.93000030517578,22.790000915527344,21.559999465942383,22.760000228881836,492900,0.0,0.0
2018-07-17 00:00:00-04:00,22.860000610351562,23.290000915527344,22.530000686645508,22.719999313354492,510500,0.0,0.0
2018-07-18 00:00:00-04:00,22.709999084472656,23.09000015258789,22.299999237060547,22.8799991607666,336000,0.0,0.0
2018-07-19 00:00:00-04:00,22.700000762939453,23.979999542236328,22.190000534057617,23.639999389648438,571600,0.0,0.0
2018-07-20 00:00:00-04:00,22.270000457763672,22.670000076293945,21.149999618530273,22.639999389648438,864900,0.0,0.0
2018-07-23 00:00:00-04:00,22.389999389648438,24.069000244140625,22.270000457763672,23.31999969482422,328700,0.0,0.0
2018-07-24 00:00:00-04:00,23.440000534057617,23.93000030517578,22.53499984741211,22.600000381469727,740800,0.0,0.0
2018-07-25 00:00:00-04:00,22.549999237060547,23.360000610351562,22.540000915527344,22.729999542236328,566900,0.0,0.0
2018-07-26 00:00:00-04:00,22.760000228881836,23.334999084472656,22.200000762939453,22.940000534057617,347000,0.0,0.0
2018-07-27 00:00:00-04:00,22.950000762939453,23.139999389648438,22.329999923706055,22.8700008392334,1006200,0.0,0.0
2018-07-30 00:00:00-04:00,22.90999984741211,23.05299949645996,22.389999389648438,22.520000457763672,453300,0.0,0.0
2018-07-31 00:00:00-04:00,22.489999771118164,23.216999053955078,22.231000900268555,22.959999084472656,287400,0.0,0.0
2018-08-01 00:00:00-04:00,23.139999389648438,25.6299991607666,22.989999771118164,24.079999923706055,737700,0.0,0.0
2018-08-02 00:00:00-04:00,24.049999237060547,24.440000534057617,23.270000457763672,23.850000381469727,520200,0.0,0.0
2018-08-03 00:00:00-04:00,23.8799991607666,24.198999404907227,23.530000686645508,23.639999389648438,296500,0.0,0.0
2018-08-06 00:00:00-04:00,23.520000457763672,24.26799964904785,23.06999969482422,23.739999771118164,270300,0.0,0.0
2018-08-07 00:00:00-04:00,23.889999389648438,24.3799991607666,23.34000015258789,24.219999313354492,498300,0.0,0.0
2018-08-08 00:00:00-04:00,24.31999969482422,24.899999618530273,23.139999389648438,23.479999542236328,605500,0.0,0.0
2018-08-09 00:00:00-04:00,24.06999969482422,24.65999984741211,22.93000030517578,24.280000686645508,662000,0.0,0.0
2018-08-10 00:00:00-04:00,24.06999969482422,25.489999771118164,23.5,25.219999313354492,941000,0.0,0.0
2018-08-13 00:00:00-04:00,25.18000030517578,26.06999969482422,24.825000762939453,25.489999771118164,822500,0.0,0.0
2018-08-14 00:00:00-04:00,25.690000534057617,26.209999084472656,25.020000457763672,25.149999618530273,602500,0.0,0.0
2018-08-15 00:00:00-04:00,25.079999923706055,25.079999923706055,23.760000228881836,24.6200008392334,620300,0.0,0.0
2018-08-16 00:00:00-04:00,25.110000610351562,25.93000030517578,24.670000076293945,25.219999313354492,387500,0.0,0.0
2018-08-17 00:00:00-04:00,25.040000915527344,25.299999237060547,24.610000610351562,25.219999313354492,399500,0.0,0.0
2018-08-20 00:00:00-04:00,25.09000015258789,25.600000381469727,24.7450008392334,24.979999542236328,434800,0.0,0.0
2018-08-21 00:00:00-04:00,25.049999237060547,26.059999465942383,24.93000030517578,25.979999542236328,425100,0.0,0.0
2018-08-22 00:00:00-04:00,25.860000610351562,26.649999618530273,25.600000381469727,26.610000610351562,396600,0.0,0.0
2018-08-23 00:00:00-04:00,26.68000030517578,28.149999618530273,26.479999542236328,27.81999969482422,674600,0.0,0.0
2018-08-24 00:00:00-04:00,27.889999389648438,29.059999465942383,27.889999389648438,28.959999084472656,623200,0.0,0.0
2018-08-27 00:00:00-04:00,28.989999771118164,29.6200008392334,28.18000030517578,28.93000030517578,889700,0.0,0.0
2018-08-28 00:00:00-04:00,28.90999984741211,29.440000534057617,28.170000076293945,28.229999542236328,729100,0.0,0.0
2018-08-29 00:00:00-04:00,28.0,28.0,26.8700008392334,27.56999969482422,1500700,0.0,0.0
2018-08-30 00:00:00-04:00,27.479999542236328,28.43000030517578,27.239999771118164,27.459999084472656,910100,0.0,0.0
2018-08-31 00:00:00-04:00,27.350000381469727,27.940000534057617,27.31999969482422,27.639999389648438,519800,0.0,0.0
2018-09-04 00:00:00-04:00,27.670000076293945,27.950000762939453,27.399999618530273,27.739999771118164,683800,0.0,0.0
2018-09-05 00:00:00-04:00,27.739999771118164,27.809999465942383,27.0,27.149999618530273,545000,0.0,0.0
2018-09-06 00:00:00-04:00,27.149999618530273,27.3700008392334,26.09000015258789,26.469999313354492,566400,0.0,0.0
2018-09-07 00:00:00-04:00,26.360000610351562,26.54800033569336,25.889999389648438,26.25,574800,0.0,0.0
2018-09-10 00:00:00-04:00,26.469999313354492,26.469999313354492,25.170000076293945,25.5,1037800,0.0,0.0
2018-09-11 00:00:00-04:00,25.579999923706055,25.670000076293945,24.5,25.170000076293945,1394000,0.0,0.0
2018-09-12 00:00:00-04:00,25.1200008392334,25.290000915527344,24.549999237060547,24.979999542236328,495500,0.0,0.0
2018-09-13 00:00:00-04:00,25.020000457763672,25.549999237060547,24.170000076293945,25.389999389648438,1353700,0.0,0.0
2018-09-14 00:00:00-04:00,25.1299991607666,25.31999969482422,22.90999984741211,24.420000076293945,1412400,0.0,0.0
2018-09-17 00:00:00-04:00,24.420000076293945,24.700000762939453,23.649999618530273,23.729999542236328,727300,0.0,0.0
2018-09-18 00:00:00-04:00,23.790000915527344,24.719999313354492,23.68000030517578,24.469999313354492,516000,0.0,0.0
2018-09-19 00:00:00-04:00,24.399999618530273,24.459999084472656,22.920000076293945,23.489999771118164,889300,0.0,0.0
2018-09-20 00:00:00-04:00,23.59000015258789,24.34000015258789,23.170000076293945,23.979999542236328,611600,0.0,0.0
2018-09-21 00:00:00-04:00,23.8799991607666,24.579999923706055,23.709999084472656,24.049999237060547,3069500,0.0,0.0
2018-09-24 00:00:00-04:00,23.780000686645508,24.56999969482422,23.301000595092773,23.84000015258789,554800,0.0,0.0
2018-09-25 00:00:00-04:00,24.1200008392334,25.350000381469727,23.899999618530273,25.200000762939453,1114700,0.0,0.0
2018-09-26 00:00:00-04:00,25.200000762939453,25.229999542236328,24.479999542236328,24.780000686645508,1242100,0.0,0.0
2018-09-27 00:00:00-04:00,24.719999313354492,24.850000381469727,21.989999771118164,22.139999389648438,1094500,0.0,0.0
2018-09-28 00:00:00-04:00,22.889999389648438,24.34000015258789,22.75,23.940000534057617,1278700,0.0,0.0
2018-10-01 00:00:00-04:00,23.860000610351562,24.479999542236328,23.479999542236328,24.3799991607666,844600,0.0,0.0
2018-10-02 00:00:00-04:00,24.3799991607666,24.639999389648438,23.549999237060547,23.81999969482422,671200,0.0,0.0
2018-10-03 00:00:00-04:00,23.829999923706055,24.420000076293945,23.479999542236328,24.170000076293945,671800,0.0,0.0
2018-10-04 00:00:00-04:00,24.0,24.18000030517578,23.110000610351562,23.399999618530273,557000,0.0,0.0
2018-10-05 00:00:00-04:00,23.059999465942383,23.65399932861328,21.559999465942383,21.639999389648438,836100,0.0,0.0
2018-10-08 00:00:00-04:00,21.639999389648438,21.969999313354492,20.459999084472656,21.299999237060547,778600,0.0,0.0
2018-10-09 00:00:00-04:00,21.190000534057617,21.950000762939453,21.190000534057617,21.649999618530273,620400,0.0,0.0
2018-10-10 00:00:00-04:00,21.739999771118164,21.959999084472656,20.510000228881836,20.860000610351562,1159100,0.0,0.0
2018-10-11 00:00:00-04:00,20.809999465942383,21.09000015258789,20.049999237060547,20.110000610351562,950900,0.0,0.0
2018-10-12 00:00:00-04:00,20.639999389648438,20.959999084472656,20.399999618530273,20.770000457763672,461900,0.0,0.0
2018-10-15 00:00:00-04:00,20.639999389648438,20.829999923706055,19.90999984741211,20.260000228881836,628600,0.0,0.0
2018-10-16 00:00:00-04:00,20.3799991607666,21.43000030517578,20.0,21.219999313354492,600800,0.0,0.0
2018-10-17 00:00:00-04:00,21.020000457763672,21.420000076293945,20.729999542236328,21.329999923706055,284700,0.0,0.0
2018-10-18 00:00:00-04:00,21.260000228881836,21.93000030517578,21.18000030517578,21.399999618530273,394000,0.0,0.0
2018-10-19 00:00:00-04:00,21.510000228881836,22.09000015258789,21.290000915527344,21.360000610351562,354700,0.0,0.0
2018-10-22 00:00:00-04:00,21.360000610351562,22.059999465942383,20.829999923706055,21.760000228881836,272100,0.0,0.0
2018-10-23 00:00:00-04:00,21.290000915527344,21.420000076293945,20.1200008392334,21.15999984741211,393000,0.0,0.0
2018-10-24 00:00:00-04:00,21.209999084472656,21.709999084472656,19.790000915527344,19.81999969482422,561600,0.0,0.0
2018-10-25 00:00:00-04:00,19.989999771118164,21.110000610351562,19.780000686645508,20.420000076293945,516700,0.0,0.0
2018-10-26 00:00:00-04:00,20.049999237060547,20.812000274658203,19.649999618530273,20.270000457763672,292400,0.0,0.0
2018-10-29 00:00:00-04:00,20.540000915527344,20.790000915527344,19.280000686645508,19.700000762939453,309400,0.0,0.0
2018-10-30 00:00:00-04:00,19.6299991607666,20.790000915527344,19.260000228881836,20.770000457763672,391300,0.0,0.0
2018-10-31 00:00:00-04:00,20.950000762939453,22.31999969482422,20.950000762939453,21.959999084472656,508900,0.0,0.0
2018-11-01 00:00:00-04:00,21.959999084472656,22.184999465942383,21.329999923706055,22.15999984741211,423900,0.0,0.0
2018-11-02 00:00:00-04:00,22.170000076293945,22.827999114990234,21.979000091552734,22.34000015258789,356600,0.0,0.0
2018-11-05 00:00:00-05:00,21.5,21.922000885009766,20.899999618530273,21.479999542236328,200000,0.0,0.0
2018-11-06 00:00:00-05:00,21.440000534057617,21.68000030517578,20.514999389648438,21.110000610351562,452900,0.0,0.0
2018-11-07 00:00:00-05:00,21.219999313354492,22.149999618530273,20.950000762939453,21.309999465942383,782800,0.0,0.0
2018-11-08 00:00:00-05:00,21.280000686645508,21.989999771118164,20.170000076293945,20.6299991607666,668100,0.0,0.0
2018-11-09 00:00:00-05:00,14.5600004196167,18.079999923706055,13.70300006866455,16.799999237060547,4391500,0.0,0.0
2018-11-12 00:00:00-05:00,16.549999237060547,16.84000015258789,15.75,15.904999732971191,619000,0.0,0.0
2018-11-13 00:00:00-05:00,15.880000114440918,16.6299991607666,15.800000190734863,15.949999809265137,454600,0.0,0.0
2018-11-14 00:00:00-05:00,15.920000076293945,16.25,15.149999618530273,15.420000076293945,439500,0.0,0.0
2018-11-15 00:00:00-05:00,15.399999618530273,16.149999618530273,15.229999542236328,16.079999923706055,573400,0.0,0.0
2018-11-16 00:00:00-05:00,15.789999961853027,16.93000030517578,15.680000305175781,16.780000686645508,697000,0.0,0.0
2018-11-19 00:00:00-05:00,16.450000762939453,16.65999984741211,15.399999618530273,15.479999542236328,686500,0.0,0.0
2018-11-20 00:00:00-05:00,15.220000267028809,15.630000114440918,14.630000114440918,14.8100004196167,709300,0.0,0.0
2018-11-21 00:00:00-05:00,15.069999694824219,15.6899995803833,14.630000114440918,15.420000076293945,393200,0.0,0.0
2018-11-23 00:00:00-05:00,15.279999732971191,16.200000762939453,15.279999732971191,16.1200008392334,211500,0.0,0.0
2018-11-26 00:00:00-05:00,16.290000915527344,16.510000228881836,15.819999694824219,16.149999618530273,443900,0.0,0.0
2018-11-27 00:00:00-05:00,15.979999542236328,16.510000228881836,15.760000228881836,15.800000190734863,608100,0.0,0.0
2018-11-28 00:00:00-05:00,16.0,17.399999618530273,15.760000228881836,17.3700008392334,507100,0.0,0.0
2018-11-29 00:00:00-05:00,17.530000686645508,17.649999618530273,16.989999771118164,17.219999313354492,492200,0.0,0.0
2018-11-30 00:00:00-05:00,17.25,17.329999923706055,16.600000381469727,17.31999969482422,588900,0.0,0.0
2018-12-03 00:00:00-05:00,17.469999313354492,18.510000228881836,17.299999237060547,18.479999542236328,706300,0.0,0.0
2018-12-04 00:00:00-05:00,18.329999923706055,18.549999237060547,17.43000030517578,17.450000762939453,969200,0.0,0.0
2018-12-06 00:00:00-05:00,17.09000015258789,17.719999313354492,16.650999069213867,17.690000534057617,520600,0.0,0.0
2018-12-07 00:00:00-05:00,17.690000534057617,17.739999771118164,16.610000610351562,16.969999313354492,458100,0.0,0.0
2018-12-10 00:00:00-05:00,17.1299991607666,17.43000030517578,16.59000015258789,17.1200008392334,478400,0.0,0.0
2018-12-11 00:00:00-05:00,17.420000076293945,17.420000076293945,16.65999984741211,17.0,570700,0.0,0.0
2018-12-12 00:00:00-05:00,17.31999969482422,17.639999389648438,16.860000610351562,16.899999618530273,389600,0.0,0.0
2018-12-13 00:00:00-05:00,17.030000686645508,17.040000915527344,16.489999771118164,16.5,438800,0.0,0.0
2018-12-14 00:00:00-05:00,16.350000381469727,16.770000457763672,15.239999771118164,15.300000190734863,543700,0.0,0.0
2018-12-17 00:00:00-05:00,15.380000114440918,15.659000396728516,13.109999656677246,13.300000190734863,990000,0.0,0.0
2018-12-18 00:00:00-05:00,13.569999694824219,14.039999961853027,12.90999984741211,13.760000228881836,837400,0.0,0.0
2018-12-19 00:00:00-05:00,13.819999694824219,14.369999885559082,13.300000190734863,13.390000343322754,558300,0.0,0.0
2018-12-20 00:00:00-05:00,13.34000015258789,13.489999771118164,12.609999656677246,12.989999771118164,546000,0.0,0.0
2018-12-21 00:00:00-05:00,13.010000228881836,13.329999923706055,12.359999656677246,12.5600004196167,1292100,0.0,0.0
2018-12-24 00:00:00-05:00,12.390000343322754,12.90999984741211,12.020000457763672,12.319999694824219,256400,0.0,0.0
2018-12-26 00:00:00-05:00,12.5,13.569999694824219,12.210000038146973,13.550000190734863,592600,0.0,0.0
2018-12-27 00:00:00-05:00,13.15999984741211,13.229999542236328,12.329999923706055,12.869999885559082,387300,0.0,0.0
2018-12-28 00:00:00-05:00,12.930000305175781,13.65999984741211,12.479999542236328,13.039999961853027,385300,0.0,0.0
2018-12-31 00:00:00-05:00,13.3100004196167,14.029999732971191,13.039999961853027,13.960000038146973,526300,0.0,0.0
2019-01-02 00:00:00-05:00,13.649999618530273,13.729999542236328,12.805999755859375,12.949999809265137,478900,0.0,0.0
2019-01-03 00:00:00-05:00,12.899999618530273,12.918999671936035,11.640000343322754,12.100000381469727,1013900,0.0,0.0
2019-01-04 00:00:00-05:00,12.15999984741211,12.779999732971191,11.789999961853027,12.680000305175781,880900,0.0,0.0
2019-01-07 00:00:00-05:00,12.8100004196167,13.220000267028809,12.550000190734863,12.899999618530273,874400,0.0,0.0
2019-01-08 00:00:00-05:00,13.020000457763672,13.020000457763672,11.079999923706055,11.460000038146973,856900,0.0,0.0
2019-01-09 00:00:00-05:00,11.670000076293945,11.694999694824219,11.119999885559082,11.34000015258789,752500,0.0,0.0
2019-01-10 00:00:00-05:00,11.4399995803833,13.140000343322754,11.260000228881836,12.920000076293945,1370600,0.0,0.0
2019-01-11 00:00:00-05:00,12.920000076293945,13.6899995803833,12.539999961853027,13.010000228881836,482300,0.0,0.0
2019-01-14 00:00:00-05:00,12.829999923706055,13.770000457763672,12.513999938964844,13.279999732971191,776900,0.0,0.0
2019-01-15 00:00:00-05:00,13.350000381469727,14.239999771118164,13.199999809265137,14.210000038146973,592200,0.0,0.0
2019-01-16 00:00:00-05:00,14.180000305175781,14.489999771118164,14.053000450134277,14.270000457763672,547100,0.0,0.0
2019-01-17 00:00:00-05:00,14.180000305175781,14.569999694824219,13.960000038146973,14.5600004196167,530900,0.0,0.0
2019-01-18 00:00:00-05:00,14.619999885559082,15.180000305175781,14.3100004196167,14.600000381469727,1016700,0.0,0.0
2019-01-22 00:00:00-05:00,14.460000038146973,14.5,13.789999961853027,13.979999542236328,1022300,0.0,0.0
2019-01-23 00:00:00-05:00,14.020000457763672,14.5600004196167,12.579999923706055,12.739999771118164,617200,0.0,0.0
2019-01-24 00:00:00-05:00,12.75,13.289999961853027,12.510000228881836,13.1899995803833,477300,0.0,0.0
2019-01-25 00:00:00-05:00,13.350000381469727,13.680000305175781,13.0600004196167,13.600000381469727,657400,0.0,0.0
2019-01-28 00:00:00-05:00,13.34000015258789,14.020000457763672,13.170000076293945,13.989999771118164,482400,0.0,0.0
2019-01-29 00:00:00-05:00,14.0,14.25,13.84000015258789,14.050000190734863,319700,0.0,0.0
2019-01-30 00:00:00-05:00,14.140000343322754,14.640000343322754,13.970000267028809,14.600000381469727,424100,0.0,0.0
2019-01-31 00:00:00-05:00,14.619999885559082,15.100000381469727,13.470000267028809,13.59000015258789,463200,0.0,0.0
2019-02-01 00:00:00-05:00,14.25,14.800000190734863,13.75,14.350000381469727,583700,0.0,0.0
2019-02-04 00:00:00-05:00,14.319999694824219,14.479999542236328,13.890000343322754,13.989999771118164,315600,0.0,0.0
2019-02-05 00:00:00-05:00,14.039999961853027,14.25,13.795000076293945,13.90999984741211,330500,0.0,0.0
2019-02-06 00:00:00-05:00,13.850000381469727,14.680000305175781,13.630000114440918,14.479999542236328,322800,0.0,0.0
2019-02-07 00:00:00-05:00,14.40999984741211,14.40999984741211,14.0,14.34000015258789,473200,0.0,0.0
2019-02-08 00:00:00-05:00,14.220000267028809,14.890000343322754,14.119999885559082,14.75,342400,0.0,0.0
2019-02-11 00:00:00-05:00,14.880000114440918,15.239999771118164,14.5,15.220000267028809,298400,0.0,0.0
2019-02-12 00:00:00-05:00,15.020000457763672,15.550000190734863,15.020000457763672,15.4399995803833,440500,0.0,0.0
2019-02-13 00:00:00-05:00,15.479999542236328,15.930000305175781,14.96399974822998,15.470000267028809,428900,0.0,0.0
2019-02-14 00:00:00-05:00,15.40999984741211,16.3799991607666,15.0600004196167,16.170000076293945,551700,0.0,0.0
2019-02-15 00:00:00-05:00,16.329999923706055,16.739999771118164,15.979999542236328,16.549999237060547,448500,0.0,0.0
2019-02-19 00:00:00-05:00,16.510000228881836,16.799999237060547,16.299999237060547,16.450000762939453,562400,0.0,0.0
2019-02-20 00:00:00-05:00,16.469999313354492,16.469999313354492,15.756999969482422,16.170000076293945,280700,0.0,0.0
2019-02-21 00:00:00-05:00,16.030000686645508,16.09000015258789,15.5,15.989999771118164,258800,0.0,0.0
2019-02-22 00:00:00-05:00,15.979999542236328,16.84000015258789,15.85099983215332,16.760000228881836,393700,0.0,0.0
2019-02-25 00:00:00-05:00,16.889999389648438,17.270000457763672,16.350000381469727,16.579999923706055,498400,0.0,0.0
2019-02-26 00:00:00-05:00,16.59000015258789,16.780000686645508,16.18000030517578,16.290000915527344,385900,0.0,0.0
2019-02-27 00:00:00-05:00,16.229999542236328,16.386999130249023,15.869999885559082,16.100000381469727,343600,0.0,0.0
2019-02-28 00:00:00-05:00,16.100000381469727,16.1200008392334,14.850000381469727,15.84000015258789,585700,0.0,0.0
2019-03-01 00:00:00-05:00,15.90999984741211,16.6299991607666,15.90999984741211,16.479999542236328,390200,0.0,0.0
2019-03-04 00:00:00-05:00,16.520000457763672,16.90999984741211,15.260000228881836,15.369999885559082,619800,0.0,0.0
2019-03-05 00:00:00-05:00,15.520000457763672,15.520000457763672,14.994999885559082,15.300000190734863,466100,0.0,0.0
2019-03-06 00:00:00-05:00,15.359999656677246,15.670000076293945,14.850000381469727,14.859999656677246,529000,0.0,0.0
2019-03-07 00:00:00-05:00,14.819999694824219,15.260000228881836,14.710000038146973,15.109999656677246,433500,0.0,0.0
2019-03-08 00:00:00-05:00,15.0,15.970000267028809,14.859999656677246,15.569999694824219,515300,0.0,0.0
2019-03-11 00:00:00-04:00,15.579999923706055,16.700000762939453,15.4399995803833,16.59000015258789,763200,0.0,0.0
2019-03-12 00:00:00-04:00,16.700000762939453,16.860000610351562,16.229999542236328,16.65999984741211,512600,0.0,0.0
2019-03-13 00:00:00-04:00,17.31999969482422,20.780000686645508,17.229999542236328,19.84000015258789,2903300,0.0,0.0
2019-03-14 00:00:00-04:00,19.770000457763672,19.815000534057617,18.523000717163086,18.920000076293945,935600,0.0,0.0
2019-03-15 00:00:00-04:00,18.899999618530273,19.760000228881836,18.540000915527344,19.399999618530273,1882600,0.0,0.0
2019-03-18 00:00:00-04:00,19.510000228881836,20.040000915527344,18.770000457763672,19.75,581000,0.0,0.0
2019-03-19 00:00:00-04:00,19.81999969482422,20.479999542236328,19.200000762939453,19.559999465942383,624300,0.0,0.0
2019-03-20 00:00:00-04:00,19.6200008392334,20.530000686645508,19.6200008392334,20.299999237060547,849000,0.0,0.0
2019-03-21 00:00:00-04:00,20.3700008392334,20.510000228881836,20.200000762939453,20.489999771118164,558300,0.0,0.0
2019-03-22 00:00:00-04:00,20.200000762939453,20.5,19.610000610351562,19.68000030517578,541400,0.0,0.0
2019-03-25 00:00:00-04:00,19.5,19.722000122070312,18.920000076293945,19.209999084472656,301500,0.0,0.0
2019-03-26 00:00:00-04:00,19.56999969482422,19.684999465942383,18.829999923706055,18.93000030517578,405800,0.0,0.0
2019-03-27 00:00:00-04:00,18.899999618530273,18.951000213623047,17.940000534057617,18.18000030517578,607400,0.0,0.0
2019-03-28 00:00:00-04:00,18.209999084472656,20.399999618530273,18.040000915527344,19.950000762939453,718600,0.0,0.0
2019-03-29 00:00:00-04:00,20.329999923706055,21.309999465942383,19.829999923706055,20.6200008392334,1213700,0.0,0.0
2019-04-01 00:00:00-04:00,20.809999465942383,21.90999984741211,20.350000381469727,20.459999084472656,1000100,0.0,0.0
2019-04-02 00:00:00-04:00,20.329999923706055,21.09000015258789,20.100000381469727,20.989999771118164,392700,0.0,0.0
2019-04-03 00:00:00-04:00,21.1200008392334,21.479999542236328,20.700000762939453,20.860000610351562,676000,0.0,0.0
2019-04-04 00:00:00-04:00,20.93000030517578,21.329999923706055,20.479999542236328,20.760000228881836,530000,0.0,0.0
2019-04-05 00:00:00-04:00,20.889999389648438,21.299999237060547,20.639999389648438,21.18000030517578,331500,0.0,0.0
2019-04-08 00:00:00-04:00,21.100000381469727,21.350000381469727,20.350000381469727,20.450000762939453,311500,0.0,0.0
2019-04-09 00:00:00-04:00,20.3799991607666,20.549999237060547,19.8700008392334,20.0,306400,0.0,0.0
2019-04-10 00:00:00-04:00,20.09000015258789,21.097999572753906,19.889999389648438,20.829999923706055,490300,0.0,0.0
2019-04-11 00:00:00-04:00,20.809999465942383,21.020000457763672,20.3799991607666,20.389999389648438,533400,0.0,0.0
2019-04-12 00:00:00-04:00,20.600000381469727,20.844999313354492,20.190000534057617,20.270000457763672,379700,0.0,0.0
2019-04-15 00:00:00-04:00,20.25,20.3799991607666,19.899999618530273,20.280000686645508,244500,0.0,0.0
2019-04-16 00:00:00-04:00,20.420000076293945,20.829999923706055,20.079999923706055,20.6299991607666,330800,0.0,0.0
2019-04-17 00:00:00-04:00,19.200000762939453,20.09000015258789,18.610000610351562,19.309999465942383,1367900,0.0,0.0
2019-04-18 00:00:00-04:00,19.25,19.260000228881836,18.06999969482422,18.540000915527344,3383100,0.0,0.0
2019-04-22 00:00:00-04:00,18.530000686645508,18.75,17.7450008392334,18.1299991607666,1012900,0.0,0.0
2019-04-23 00:00:00-04:00,18.200000762939453,19.299999237060547,18.1299991607666,19.0,1074700,0.0,0.0
2019-04-24 00:00:00-04:00,19.31999969482422,19.31999969482422,18.520000457763672,18.8799991607666,463500,0.0,0.0
2019-04-25 00:00:00-04:00,18.850000381469727,19.1200008392334,18.399999618530273,18.860000610351562,336900,0.0,0.0
2019-04-26 00:00:00-04:00,18.93000030517578,19.209999084472656,18.530000686645508,19.09000015258789,377700,0.0,0.0
2019-04-29 00:00:00-04:00,19.06999969482422,19.59000015258789,18.90999984741211,19.440000534057617,439700,0.0,0.0
2019-04-30 00:00:00-04:00,19.459999084472656,19.6200008392334,18.989999771118164,19.110000610351562,436200,0.0,0.0
2019-05-01 00:00:00-04:00,19.18000030517578,19.329999923706055,18.809999465942383,18.809999465942383,472400,0.0,0.0
2019-05-02 00:00:00-04:00,18.770000457763672,19.59000015258789,18.65999984741211,19.559999465942383,462200,0.0,0.0
2019-05-03 00:00:00-04:00,19.6200008392334,20.1200008392334,18.920000076293945,19.850000381469727,1656900,0.0,0.0
2019-05-06 00:00:00-04:00,19.309999465942383,19.639999389648438,18.760000228881836,19.5,890000,0.0,0.0
2019-05-07 00:00:00-04:00,19.290000915527344,19.309999465942383,18.489999771118164,18.829999923706055,713600,0.0,0.0
2019-05-08 00:00:00-04:00,18.81999969482422,19.239999771118164,18.040000915527344,18.110000610351562,474200,0.0,0.0
2019-05-09 00:00:00-04:00,17.8799991607666,18.209999084472656,17.332000732421875,17.75,1239900,0.0,0.0
2019-05-10 00:00:00-04:00,19.049999237060547,21.8700008392334,17.809999465942383,21.700000762939453,1294400,0.0,0.0
2019-05-13 00:00:00-04:00,20.90999984741211,21.360000610351562,20.1200008392334,21.149999618530273,959700,0.0,0.0
2019-05-14 00:00:00-04:00,21.149999618530273,23.229999542236328,21.149999618530273,22.969999313354492,872800,0.0,0.0
2019-05-15 00:00:00-04:00,22.709999084472656,23.3799991607666,22.290000915527344,23.149999618530273,846800,0.0,0.0
2019-05-16 00:00:00-04:00,23.350000381469727,23.540000915527344,22.489999771118164,22.690000534057617,617200,0.0,0.0
2019-05-17 00:00:00-04:00,22.360000610351562,23.600000381469727,22.020000457763672,22.790000915527344,523400,0.0,0.0
2019-05-20 00:00:00-04:00,22.3700008392334,22.950000762939453,22.360000610351562,22.540000915527344,364300,0.0,0.0
2019-05-21 00:00:00-04:00,22.739999771118164,23.59000015258789,22.549999237060547,23.520000457763672,491700,0.0,0.0
2019-05-22 00:00:00-04:00,23.399999618530273,23.709999084472656,22.56999969482422,22.850000381469727,306600,0.0,0.0
2019-05-23 00:00:00-04:00,22.5,22.829999923706055,21.690000534057617,22.729999542236328,554800,0.0,0.0
2019-05-24 00:00:00-04:00,22.84000015258789,23.30500030517578,22.670000076293945,22.829999923706055,400300,0.0,0.0
2019-05-28 00:00:00-04:00,22.850000381469727,23.299999237060547,22.479999542236328,22.709999084472656,468600,0.0,0.0
2019-05-29 00:00:00-04:00,22.399999618530273,23.43000030517578,22.010000228881836,23.360000610351562,782500,0.0,0.0
2019-05-30 00:00:00-04:00,23.5,24.15999984741211,22.81999969482422,23.75,651700,0.0,0.0
2019-05-31 00:00:00-04:00,23.31999969482422,23.399999618530273,22.34000015258789,22.899999618530273,414400,0.0,0.0
2019-06-03 00:00:00-04:00,23.0,23.270000457763672,22.030000686645508,22.34000015258789,659200,0.0,0.0
2019-06-04 00:00:00-04:00,22.670000076293945,22.850000381469727,21.649999618530273,22.549999237060547,642000,0.0,0.0
2019-06-05 00:00:00-04:00,22.690000534057617,23.420000076293945,22.309999465942383,23.40999984741211,590900,0.0,0.0
2019-06-06 00:00:00-04:00,23.3700008392334,23.3700008392334,22.700000762939453,23.219999313354492,581400,0.0,0.0
2019-06-07 00:00:00-04:00,23.270000457763672,24.540000915527344,23.25,24.31999969482422,602600,0.0,0.0
2019-06-10 00:00:00-04:00,24.90999984741211,25.280000686645508,24.420000076293945,24.8700008392334,877600,0.0,0.0
2019-06-11 00:00:00-04:00,25.0,25.364999771118164,23.760000228881836,24.200000762939453,1107700,0.0,0.0
2019-06-12 00:00:00-04:00,24.18000030517578,24.655000686645508,23.3799991607666,24.59000015258789,644900,0.0,0.0
2019-06-13 00:00:00-04:00,24.700000762939453,25.290000915527344,24.549999237060547,25.15999984741211,679000,0.0,0.0
2019-06-14 00:00:00-04:00,25.040000915527344,25.559999465942383,24.40999984741211,24.760000228881836,610200,0.0,0.0
2019-06-17 00:00:00-04:00,24.969999313354492,25.420000076293945,24.389999389648438,25.34000015258789,696300,0.0,0.0
2019-06-18 00:00:00-04:00,25.5,26.389999389648438,25.427000045776367,26.309999465942383,633200,0.0,0.0
2019-06-19 00:00:00-04:00,26.299999237060547,26.315000534057617,25.440000534057617,26.059999465942383,846500,0.0,0.0
2019-06-20 00:00:00-04:00,26.59000015258789,26.59000015258789,25.329999923706055,25.399999618530273,673100,0.0,0.0
2019-06-21 00:00:00-04:00,25.170000076293945,25.399999618530273,24.113000869750977,25.31999969482422,1438200,0.0,0.0
2019-06-24 00:00:00-04:00,25.190000534057617,25.405000686645508,24.459999084472656,24.670000076293945,837200,0.0,0.0
2019-06-25 00:00:00-04:00,25.43000030517578,26.6200008392334,25.15999984741211,26.079999923706055,1111600,0.0,0.0
2019-06-26 00:00:00-04:00,26.420000076293945,26.559999465942383,25.15999984741211,25.329999923706055,854900,0.0,0.0
2019-06-27 00:00:00-04:00,25.489999771118164,27.059999465942383,25.489999771118164,27.010000228881836,993900,0.0,0.0
2019-06-28 00:00:00-04:00,27.229999542236328,27.969999313354492,26.700000762939453,27.579999923706055,4023600,0.0,0.0
2019-07-01 00:00:00-04:00,27.709999084472656,27.81999969482422,26.389999389648438,27.0,754000,0.0,0.0
2019-07-02 00:00:00-04:00,26.8700008392334,27.309999465942383,26.510000228881836,27.25,424700,0.0,0.0
2019-07-03 00:00:00-04:00,27.139999389648438,27.440000534057617,26.43000030517578,26.709999084472656,303900,0.0,0.0
2019-07-05 00:00:00-04:00,26.610000610351562,26.6200008392334,26.079999923706055,26.31999969482422,327700,0.0,0.0
2019-07-08 00:00:00-04:00,26.15999984741211,26.450000762939453,25.639999389648438,26.0,279600,0.0,0.0
2019-07-09 00:00:00-04:00,25.8700008392334,26.780000686645508,25.8700008392334,26.719999313354492,307400,0.0,0.0
2019-07-10 00:00:00-04:00,26.799999237060547,26.989999771118164,26.149999618530273,26.459999084472656,403000,0.0,0.0
2019-07-11 00:00:00-04:00,26.68000030517578,26.860000610351562,25.68000030517578,25.780000686645508,275800,0.0,0.0
2019-07-12 00:00:00-04:00,25.729999542236328,25.969999313354492,25.1200008392334,25.639999389648438,341400,0.0,0.0
2019-07-15 00:00:00-04:00,25.84000015258789,25.850000381469727,25.190000534057617,25.65999984741211,380000,0.0,0.0
2019-07-16 00:00:00-04:00,25.690000534057617,25.93000030517578,25.0,25.3799991607666,399100,0.0,0.0
2019-07-17 00:00:00-04:00,25.350000381469727,25.799999237060547,25.09000015258789,25.530000686645508,307700,0.0,0.0
2019-07-18 00:00:00-04:00,25.5,26.540000915527344,25.2549991607666,26.329999923706055,572100,0.0,0.0
2019-07-19 00:00:00-04:00,26.329999923706055,26.8799991607666,26.049999237060547,26.100000381469727,406200,0.0,0.0
2019-07-22 00:00:00-04:00,26.260000228881836,26.440000534057617,25.290000915527344,26.18000030517578,377200,0.0,0.0
2019-07-23 00:00:00-04:00,26.260000228881836,26.260000228881836,25.709999084472656,26.149999618530273,257200,0.0,0.0
2019-07-24 00:00:00-04:00,26.149999618530273,26.979999542236328,25.905000686645508,26.93000030517578,359900,0.0,0.0
2019-07-25 00:00:00-04:00,26.799999237060547,27.329999923706055,26.43000030517578,26.530000686645508,538800,0.0,0.0
2019-07-26 00:00:00-04:00,26.729999542236328,27.200000762939453,26.591999053955078,27.030000686645508,521900,0.0,0.0
2019-07-29 00:00:00-04:00,27.06999969482422,27.3700008392334,26.520000457763672,27.280000686645508,571700,0.0,0.0
2019-07-30 00:00:00-04:00,27.170000076293945,28.149999618530273,26.9060001373291,28.1200008392334,517400,0.0,0.0
2019-07-31 00:00:00-04:00,28.0,28.420000076293945,27.209999084472656,27.579999923706055,475900,0.0,0.0
2019-08-01 00:00:00-04:00,27.670000076293945,28.540000915527344,27.34000015258789,28.079999923706055,1184300,0.0,0.0
2019-08-02 00:00:00-04:00,27.700000762939453,27.739999771118164,26.75,27.690000534057617,745000,0.0,0.0
2019-08-05 00:00:00-04:00,27.020000457763672,27.641000747680664,25.80500030517578,25.950000762939453,788600,0.0,0.0
2019-08-06 00:00:00-04:00,26.18000030517578,26.799999237060547,25.770000457763672,26.739999771118164,506400,0.0,0.0
2019-08-07 00:00:00-04:00,26.5,27.65999984741211,26.2549991607666,27.09000015258789,463100,0.0,0.0
2019-08-08 00:00:00-04:00,29.0,32.0,27.1299991607666,31.889999389648438,2536300,0.0,0.0
2019-08-09 00:00:00-04:00,31.610000610351562,33.25,31.545000076293945,32.380001068115234,1324400,0.0,0.0
2019-08-12 00:00:00-04:00,31.389999389648438,31.649999618530273,27.65999984741211,29.309999465942383,1397400,0.0,0.0
2019-08-13 00:00:00-04:00,29.1200008392334,29.809999465942383,28.594999313354492,29.68000030517578,655000,0.0,0.0
2019-08-14 00:00:00-04:00,28.56999969482422,28.649999618530273,26.489999771118164,27.399999618530273,932800,0.0,0.0
2019-08-15 00:00:00-04:00,27.690000534057617,27.989999771118164,26.600000381469727,27.719999313354492,450900,0.0,0.0
2019-08-16 00:00:00-04:00,27.889999389648438,28.329999923706055,26.940000534057617,28.260000228881836,471700,0.0,0.0
2019-08-19 00:00:00-04:00,28.84000015258789,28.979999542236328,28.479999542236328,28.860000610351562,409500,0.0,0.0
2019-08-20 00:00:00-04:00,28.920000076293945,29.760000228881836,28.04599952697754,29.56999969482422,634800,0.0,0.0
2019-08-21 00:00:00-04:00,30.0,30.690000534057617,29.469999313354492,30.40999984741211,404700,0.0,0.0
2019-08-22 00:00:00-04:00,30.479999542236328,32.0,29.90999984741211,30.989999771118164,828300,0.0,0.0
2019-08-23 00:00:00-04:00,31.43000030517578,32.43000030517578,31.040000915527344,32.31999969482422,851700,0.0,0.0
2019-08-26 00:00:00-04:00,32.43000030517578,32.45000076293945,31.290000915527344,32.099998474121094,659700,0.0,0.0
2019-08-27 00:00:00-04:00,32.41999816894531,32.5,31.690000534057617,31.8799991607666,535500,0.0,0.0
2019-08-28 00:00:00-04:00,31.6200008392334,32.45000076293945,31.184999465942383,32.189998626708984,391500,0.0,0.0
2019-08-29 00:00:00-04:00,32.060001373291016,32.97999954223633,32.060001373291016,32.7400016784668,414700,0.0,0.0
2019-08-30 00:00:00-04:00,32.970001220703125,33.52000045776367,32.689998626708984,32.95000076293945,571900,0.0,0.0
2019-09-03 00:00:00-04:00,32.63999938964844,32.82500076293945,31.170000076293945,31.950000762939453,659400,0.0,0.0
2019-09-04 00:00:00-04:00,32.4900016784668,33.029998779296875,32.224998474121094,32.619998931884766,1052900,0.0,0.0
2019-09-05 00:00:00-04:00,32.619998931884766,33.0099983215332,31.825000762939453,32.45000076293945,747600,0.0,0.0
2019-09-06 00:00:00-04:00,32.709999084472656,33.54999923706055,31.979999542236328,32.040000915527344,399800,0.0,0.0
2019-09-09 00:00:00-04:00,32.09000015258789,32.220001220703125,29.5,29.6200008392334,641800,0.0,0.0
2019-09-10 00:00:00-04:00,29.549999237060547,30.290000915527344,28.479999542236328,30.0,686800,0.0,0.0
2019-09-11 00:00:00-04:00,30.190000534057617,30.75,29.600000381469727,30.549999237060547,566700,0.0,0.0
2019-09-12 00:00:00-04:00,30.520000457763672,33.0099983215332,30.520000457763672,32.52000045776367,662200,0.0,0.0
2019-09-13 00:00:00-04:00,33.06999969482422,33.06999969482422,32.25,32.7599983215332,597600,0.0,0.0
2019-09-16 00:00:00-04:00,32.79999923706055,34.525001525878906,32.724998474121094,33.77000045776367,858900,0.0,0.0
2019-09-17 00:00:00-04:00,33.7599983215332,34.46500015258789,32.33000183105469,33.86000061035156,606400,0.0,0.0
2019-09-18 00:00:00-04:00,33.900001525878906,34.31999969482422,33.0099983215332,33.459999084472656,517000,0.0,0.0
2019-09-19 00:00:00-04:00,33.54999923706055,34.27000045776367,33.31999969482422,33.5,444000,0.0,0.0
2019-09-20 00:00:00-04:00,33.349998474121094,33.83000183105469,32.70000076293945,33.720001220703125,838000,0.0,0.0
2019-09-23 00:00:00-04:00,33.529998779296875,34.06999969482422,33.52000045776367,34.0099983215332,506900,0.0,0.0
2019-09-24 00:00:00-04:00,34.349998474121094,34.95000076293945,33.810001373291016,34.88999938964844,624000,0.0,0.0
2019-09-25 00:00:00-04:00,35.0,36.52000045776367,33.439998626708984,34.09000015258789,1212000,0.0,0.0
2019-09-26 00:00:00-04:00,34.13999938964844,34.31999969482422,32.54999923706055,32.68000030517578,375900,0.0,0.0
2019-09-27 00:00:00-04:00,32.68000030517578,33.04999923706055,31.790000915527344,32.150001525878906,616800,0.0,0.0
2019-09-30 00:00:00-04:00,32.0099983215332,33.255001068115234,31.520000457763672,32.79999923706055,365600,0.0,0.0
2019-10-01 00:00:00-04:00,32.70000076293945,33.56999969482422,31.84000015258789,32.099998474121094,414500,0.0,0.0
2019-10-02 00:00:00-04:00,31.770000457763672,32.849998474121094,31.540000915527344,32.70000076293945,404200,0.0,0.0
2019-10-03 00:00:00-04:00,32.4900016784668,34.040000915527344,32.11000061035156,33.560001373291016,429200,0.0,0.0
2019-10-04 00:00:00-04:00,33.7599983215332,36.369998931884766,33.400001525878906,35.470001220703125,888000,0.0,0.0
2019-10-07 00:00:00-04:00,35.86000061035156,37.41999816894531,35.2400016784668,37.0099983215332,752800,0.0,0.0
2019-10-08 00:00:00-04:00,36.709999084472656,37.0099983215332,34.65999984741211,34.7599983215332,531100,0.0,0.0
2019-10-09 00:00:00-04:00,35.310001373291016,35.880001068115234,33.117000579833984,34.040000915527344,566300,0.0,0.0
2019-10-10 00:00:00-04:00,34.0,36.119998931884766,33.630001068115234,35.59000015258789,508400,0.0,0.0
2019-10-11 00:00:00-04:00,36.33000183105469,37.38999938964844,35.91999816894531,37.060001373291016,640100,0.0,0.0
2019-10-14 00:00:00-04:00,37.099998474121094,38.869998931884766,37.02000045776367,38.189998626708984,700800,0.0,0.0
2019-10-15 00:00:00-04:00,38.22999954223633,39.529998779296875,38.16999816894531,39.220001220703125,659500,0.0,0.0
2019-10-16 00:00:00-04:00,37.45000076293945,37.849998474121094,34.37799835205078,36.29999923706055,1412800,0.0,0.0
2019-10-17 00:00:00-04:00,37.29999923706055,38.41999816894531,36.380001068115234,37.9900016784668,3583800,0.0,0.0
2019-10-18 00:00:00-04:00,38.15999984741211,38.84000015258789,37.375,38.5099983215332,847300,0.0,0.0
2019-10-21 00:00:00-04:00,38.72999954223633,40.91999816894531,38.584999084472656,39.86000061035156,954000,0.0,0.0
2019-10-22 00:00:00-04:00,40.38999938964844,40.91999816894531,37.52000045776367,37.560001373291016,1081800,0.0,0.0
2019-10-23 00:00:00-04:00,37.5,39.0,36.9900016784668,37.310001373291016,663900,0.0,0.0
2019-10-24 00:00:00-04:00,37.380001068115234,37.709999084472656,36.88999938964844,37.150001525878906,425800,0.0,0.0
2019-10-25 00:00:00-04:00,37.290000915527344,39.380001068115234,37.2599983215332,38.619998931884766,798000,0.0,0.0
2019-10-28 00:00:00-04:00,38.66999816894531,39.13999938964844,38.439998626708984,38.970001220703125,312300,0.0,0.0
2019-10-29 00:00:00-04:00,38.95000076293945,38.97999954223633,38.04999923706055,38.58000183105469,245700,0.0,0.0
2019-10-30 00:00:00-04:00,38.25,38.37300109863281,36.79999923706055,37.86000061035156,454300,0.0,0.0
2019-10-31 00:00:00-04:00,37.86000061035156,38.77000045776367,37.560001373291016,38.52000045776367,396600,0.0,0.0
2019-11-01 00:00:00-04:00,38.900001525878906,39.150001525878906,38.11000061035156,38.939998626708984,351300,0.0,0.0
2019-11-04 00:00:00-05:00,39.61000061035156,39.946998596191406,38.31999969482422,38.380001068115234,352000,0.0,0.0
2019-11-05 00:00:00-05:00,38.4900016784668,38.70199966430664,36.84000015258789,37.220001220703125,521000,0.0,0.0
2019-11-06 00:00:00-05:00,37.45000076293945,37.7400016784668,36.540000915527344,36.619998931884766,520300,0.0,0.0
2019-11-07 00:00:00-05:00,38.0099983215332,38.599998474121094,35.310001373291016,35.86000061035156,876700,0.0,0.0
2019-11-08 00:00:00-05:00,35.630001068115234,37.11000061035156,35.38999938964844,36.880001068115234,735200,0.0,0.0
2019-11-11 00:00:00-05:00,36.9900016784668,37.45000076293945,36.16999816894531,37.34000015258789,355800,0.0,0.0
2019-11-12 00:00:00-05:00,37.380001068115234,39.290000915527344,37.380001068115234,39.0099983215332,657700,0.0,0.0
2019-11-13 00:00:00-05:00,38.810001373291016,39.58000183105469,38.29999923706055,39.52000045776367,508400,0.0,0.0
2019-11-14 00:00:00-05:00,39.040000915527344,40.02000045776367,38.209999084472656,38.310001373291016,336500,0.0,0.0
2019-11-15 00:00:00-05:00,38.68000030517578,40.400001525878906,38.58000183105469,39.83000183105469,422300,0.0,0.0
2019-11-18 00:00:00-05:00,39.0,39.71500015258789,37.709999084472656,39.52000045776367,679000,0.0,0.0
2019-11-19 00:00:00-05:00,39.68000030517578,40.849998474121094,39.36000061035156,40.400001525878906,760000,0.0,0.0
2019-11-20 00:00:00-05:00,40.20000076293945,40.220001220703125,37.939998626708984,39.02000045776367,940100,0.0,0.0
2019-11-21 00:00:00-05:00,39.130001068115234,39.400001525878906,38.22600173950195,38.36000061035156,633100,0.0,0.0
2019-11-22 00:00:00-05:00,38.720001220703125,39.130001068115234,37.939998626708984,39.08000183105469,401800,0.0,0.0
2019-11-25 00:00:00-05:00,38.970001220703125,39.66999816894531,37.279998779296875,39.45000076293945,706400,0.0,0.0
2019-11-26 00:00:00-05:00,39.13999938964844,39.13999938964844,37.0,38.47999954223633,687700,0.0,0.0
2019-11-27 00:00:00-05:00,38.439998626708984,38.69499969482422,37.571998596191406,37.75,526400,0.0,0.0
2019-11-29 00:00:00-05:00,37.5,37.869998931884766,36.380001068115234,36.4900016784668,387500,0.0,0.0
2019-12-02 00:00:00-05:00,36.36000061035156,36.46799850463867,34.810001373291016,35.45000076293945,826400,0.0,0.0
2019-12-03 00:00:00-05:00,35.27000045776367,35.380001068115234,33.599998474121094,34.119998931884766,1013600,0.0,0.0
2019-12-04 00:00:00-05:00,34.150001525878906,35.099998474121094,33.810001373291016,34.63999938964844,655300,0.0,0.0
2019-12-05 00:00:00-05:00,34.63999938964844,36.404998779296875,34.09000015258789,36.15999984741211,901400,0.0,0.0
2019-12-06 00:00:00-05:00,36.5,38.10499954223633,36.29999923706055,36.720001220703125,851000,0.0,0.0
2019-12-09 00:00:00-05:00,37.560001373291016,37.74300003051758,35.84000015258789,36.380001068115234,684100,0.0,0.0
2019-12-10 00:00:00-05:00,36.130001068115234,38.28499984741211,36.130001068115234,37.439998626708984,745200,0.0,0.0
2019-12-11 00:00:00-05:00,37.79999923706055,38.0,36.689998626708984,37.15999984741211,823600,0.0,0.0
2019-12-12 00:00:00-05:00,37.040000915527344,37.33000183105469,34.91999816894531,35.16999816894531,914500,0.0,0.0
2019-12-13 00:00:00-05:00,34.959999084472656,36.61000061035156,34.68000030517578,36.58000183105469,711600,0.0,0.0
2019-12-16 00:00:00-05:00,37.0,38.08000183105469,36.900001525878906,37.880001068115234,1230800,0.0,0.0
2019-12-17 00:00:00-05:00,37.90999984741211,38.4900016784668,36.540000915527344,36.72999954223633,856700,0.0,0.0
2019-12-18 00:00:00-05:00,36.529998779296875,37.209999084472656,34.20000076293945,34.290000915527344,1284000,0.0,0.0
2019-12-19 00:00:00-05:00,34.189998626708984,36.36000061035156,34.130001068115234,36.22999954223633,1275500,0.0,0.0
2019-12-20 00:00:00-05:00,36.540000915527344,37.459999084472656,36.17499923706055,37.02000045776367,2015900,0.0,0.0
2019-12-23 00:00:00-05:00,36.93000030517578,36.93000030517578,34.0099983215332,34.18000030517578,819000,0.0,0.0
2019-12-24 00:00:00-05:00,34.38999938964844,34.7599983215332,34.15999984741211,34.7599983215332,255300,0.0,0.0
2019-12-26 00:00:00-05:00,34.59000015258789,34.59000015258789,33.400001525878906,33.724998474121094,589600,0.0,0.0
2019-12-27 00:00:00-05:00,33.560001373291016,33.959999084472656,32.68000030517578,33.650001525878906,471400,0.0,0.0
2019-12-30 00:00:00-05:00,33.630001068115234,33.72999954223633,32.810001373291016,33.529998779296875,574800,0.0,0.0
2019-12-31 00:00:00-05:00,33.369998931884766,33.79999923706055,32.67499923706055,33.689998626708984,778600,0.0,0.0
2020-01-02 00:00:00-05:00,33.86000061035156,33.869998931884766,32.66999816894531,33.290000915527344,538400,0.0,0.0
2020-01-03 00:00:00-05:00,32.0,33.209999084472656,31.549999237060547,32.86000061035156,779400,0.0,0.0
2020-01-06 00:00:00-05:00,32.70000076293945,33.810001373291016,32.45000076293945,33.77000045776367,575600,0.0,0.0
2020-01-07 00:00:00-05:00,33.43000030517578,35.0,33.34000015258789,34.97999954223633,841700,0.0,0.0
2020-01-08 00:00:00-05:00,34.9900016784668,34.9900016784668,34.18000030517578,34.369998931884766,595100,0.0,0.0
2020-01-09 00:00:00-05:00,34.7400016784668,34.7400016784668,33.459999084472656,33.654998779296875,455600,0.0,0.0
2020-01-10 00:00:00-05:00,33.790000915527344,34.2400016784668,33.400001525878906,33.5,940400,0.0,0.0
2020-01-13 00:00:00-05:00,33.56999969482422,33.849998474121094,32.7599983215332,33.45000076293945,743700,0.0,0.0
2020-01-14 00:00:00-05:00,33.47999954223633,34.38999938964844,33.0,33.869998931884766,694200,0.0,0.0
2020-01-15 00:00:00-05:00,34.119998931884766,34.959999084472656,34.040000915527344,34.84000015258789,869000,0.0,0.0
2020-01-16 00:00:00-05:00,35.0,37.349998474121094,34.779998779296875,37.34000015258789,1076300,0.0,0.0
2020-01-17 00:00:00-05:00,37.2599983215332,38.25,37.095001220703125,37.63999938964844,688000,0.0,0.0
2020-01-21 00:00:00-05:00,37.310001373291016,37.75,36.599998474121094,37.150001525878906,747400,0.0,0.0
2020-01-22 00:00:00-05:00,37.43000030517578,38.14899826049805,36.9900016784668,37.150001525878906,579400,0.0,0.0
2020-01-23 00:00:00-05:00,37.040000915527344,37.11000061035156,36.1349983215332,36.83000183105469,651100,0.0,0.0
2020-01-24 00:00:00-05:00,37.15999984741211,37.15999984741211,35.61000061035156,35.709999084472656,558500,0.0,0.0
2020-01-27 00:00:00-05:00,34.810001373291016,35.75,34.0,35.349998474121094,428600,0.0,0.0
2020-01-28 00:00:00-05:00,35.83000183105469,36.404998779296875,35.36000061035156,35.45000076293945,476400,0.0,0.0
2020-01-29 00:00:00-05:00,35.40999984741211,37.025001525878906,35.2599983215332,36.040000915527344,452400,0.0,0.0
2020-01-30 00:00:00-05:00,35.689998626708984,35.97999954223633,34.810001373291016,35.439998626708984,464200,0.0,0.0
2020-01-31 00:00:00-05:00,35.2400016784668,35.40999984741211,34.84000015258789,35.0099983215332,534700,0.0,0.0
2020-02-03 00:00:00-05:00,35.220001220703125,36.16999816894531,34.970001220703125,36.11000061035156,613300,0.0,0.0
2020-02-04 00:00:00-05:00,36.720001220703125,38.029998779296875,35.83700180053711,37.38999938964844,737900,0.0,0.0
2020-02-05 00:00:00-05:00,37.869998931884766,38.54999923706055,37.29999923706055,37.47999954223633,468800,0.0,0.0
2020-02-06 00:00:00-05:00,37.689998626708984,37.75,37.09000015258789,37.33000183105469,348200,0.0,0.0
2020-02-07 00:00:00-05:00,37.150001525878906,37.36000061035156,35.47999954223633,35.560001373291016,428100,0.0,0.0
2020-02-10 00:00:00-05:00,35.40999984741211,35.72999954223633,34.974998474121094,35.400001525878906,673500,0.0,0.0
2020-02-11 00:00:00-05:00,35.810001373291016,35.81999969482422,34.70000076293945,34.95000076293945,814500,0.0,0.0
2020-02-12 00:00:00-05:00,35.0,36.83000183105469,34.849998474121094,36.5099983215332,554300,0.0,0.0
2020-02-13 00:00:00-05:00,36.22999954223633,36.540000915527344,34.91999816894531,35.0099983215332,442900,0.0,0.0
2020-02-14 00:00:00-05:00,35.029998779296875,35.939998626708984,34.95500183105469,35.63999938964844,340300,0.0,0.0
2020-02-18 00:00:00-05:00,35.45000076293945,36.08000183105469,35.13199996948242,36.0099983215332,267900,0.0,0.0
2020-02-19 00:00:00-05:00,36.2400016784668,37.459999084472656,36.040000915527344,37.130001068115234,405100,0.0,0.0
2020-02-20 00:00:00-05:00,37.2400016784668,37.95000076293945,36.39099884033203,37.90999984741211,395800,0.0,0.0
2020-02-21 00:00:00-05:00,38.0,38.709999084472656,36.83000183105469,37.11000061035156,743400,0.0,0.0
2020-02-24 00:00:00-05:00,35.72999954223633,37.369998931884766,35.321998596191406,36.880001068115234,564300,0.0,0.0
2020-02-25 00:00:00-05:00,37.13999938964844,37.560001373291016,34.310001373291016,35.0099983215332,1028900,0.0,0.0
2020-02-26 00:00:00-05:00,35.290000915527344,35.869998931884766,34.290000915527344,34.77000045776367,623800,0.0,0.0
2020-02-27 00:00:00-05:00,33.849998474121094,40.0,33.2599983215332,37.25,2078100,0.0,0.0
2020-02-28 00:00:00-05:00,36.540000915527344,37.91999816894531,34.060001373291016,37.904998779296875,1638100,0.0,0.0
2020-03-02 00:00:00-05:00,37.540000915527344,37.63999938964844,35.11000061035156,36.959999084472656,1398700,0.0,0.0
2020-03-03 00:00:00-05:00,37.27000045776367,38.5,36.130001068115234,36.560001373291016,827000,0.0,0.0
2020-03-04 00:00:00-05:00,37.5099983215332,40.27000045776367,37.5099983215332,40.16999816894531,1548800,0.0,0.0
2020-03-05 00:00:00-05:00,38.95000076293945,41.79999923706055,38.5099983215332,39.43000030517578,1108500,0.0,0.0
2020-03-06 00:00:00-05:00,38.11000061035156,39.61000061035156,36.869998931884766,38.290000915527344,774400,0.0,0.0
2020-03-09 00:00:00-04:00,35.22999954223633,36.16999816894531,33.25,33.27000045776367,750100,0.0,0.0
2020-03-10 00:00:00-04:00,33.36000061035156,34.31999969482422,29.97100067138672,31.06999969482422,1093500,0.0,0.0
2020-03-11 00:00:00-04:00,30.059999465942383,31.56599998474121,29.9950008392334,31.020000457763672,1058400,0.0,0.0
2020-03-12 00:00:00-04:00,28.600000381469727,30.6299991607666,27.809999465942383,28.309999465942383,1350500,0.0,0.0
2020-03-13 00:00:00-04:00,29.510000228881836,30.799999237060547,27.139999389648438,30.799999237060547,1517700,0.0,0.0
2020-03-16 00:00:00-04:00,25.0,26.0,22.0,22.190000534057617,1762800,0.0,0.0
2020-03-17 00:00:00-04:00,22.75,23.242000579833984,19.700000762939453,22.709999084472656,1904400,0.0,0.0
2020-03-18 00:00:00-04:00,21.020000457763672,22.459999084472656,16.8700008392334,17.270000457763672,1554400,0.0,0.0
2020-03-19 00:00:00-04:00,18.020000457763672,24.34000015258789,17.5,24.170000076293945,1514800,0.0,0.0
2020-03-20 00:00:00-04:00,24.649999618530273,25.690000534057617,23.5049991607666,25.100000381469727,1364200,0.0,0.0
2020-03-23 00:00:00-04:00,24.139999389648438,25.0,20.530000686645508,23.239999771118164,1055500,0.0,0.0
2020-03-24 00:00:00-04:00,24.010000228881836,26.59000015258789,24.0,26.389999389648438,753600,0.0,0.0
2020-03-25 00:00:00-04:00,26.139999389648438,26.756000518798828,24.84000015258789,26.09000015258789,1018700,0.0,0.0
2020-03-26 00:00:00-04:00,26.09000015258789,26.989999771118164,24.350000381469727,25.899999618530273,1155800,0.0,0.0
2020-03-27 00:00:00-04:00,25.049999237060547,26.610000610351562,24.850000381469727,25.459999084472656,1982700,0.0,0.0
2020-03-30 00:00:00-04:00,25.5,29.139999389648438,24.915000915527344,28.790000915527344,1607700,0.0,0.0
2020-03-31 00:00:00-04:00,28.0,30.469999313354492,27.121000289916992,29.860000610351562,1521700,0.0,0.0
2020-04-01 00:00:00-04:00,28.700000762939453,29.235000610351562,26.229999542236328,26.360000610351562,959300,0.0,0.0
2020-04-02 00:00:00-04:00,26.049999237060547,27.950000762939453,25.709999084472656,27.709999084472656,607200,0.0,0.0
2020-04-03 00:00:00-04:00,27.5,28.219999313354492,26.829999923706055,27.209999084472656,549100,0.0,0.0
2020-04-06 00:00:00-04:00,29.010000228881836,30.0,28.479999542236328,29.920000076293945,1050900,0.0,0.0
2020-04-07 00:00:00-04:00,30.5,31.81999969482422,29.309999465942383,29.780000686645508,786600,0.0,0.0
2020-04-08 00:00:00-04:00,30.209999084472656,31.540000915527344,29.6200008392334,31.299999237060547,735000,0.0,0.0
2020-04-09 00:00:00-04:00,32.16999816894531,32.880001068115234,31.290000915527344,32.16999816894531,648400,0.0,0.0
2020-04-13 00:00:00-04:00,28.8799991607666,30.547000885009766,28.302000045776367,29.84000015258789,5268100,0.0,0.0
2020-04-14 00:00:00-04:00,30.440000534057617,32.290000915527344,30.280000686645508,31.190000534057617,5144900,0.0,0.0
2020-04-15 00:00:00-04:00,31.25,32.694000244140625,30.170000076293945,32.130001068115234,1446100,0.0,0.0
2020-04-16 00:00:00-04:00,32.43000030517578,35.130001068115234,32.26900100708008,33.560001373291016,1453100,0.0,0.0
2020-04-17 00:00:00-04:00,34.54999923706055,35.060001373291016,32.66999816894531,33.65999984741211,965100,0.0,0.0
2020-04-20 00:00:00-04:00,32.91999816894531,36.0,32.79999923706055,34.97999954223633,1362400,0.0,0.0
2020-04-21 00:00:00-04:00,34.34000015258789,35.720001220703125,33.61000061035156,35.09000015258789,1042100,0.0,0.0
2020-04-22 00:00:00-04:00,36.189998626708984,36.43000030517578,35.06700134277344,36.06999969482422,572200,0.0,0.0
2020-04-23 00:00:00-04:00,36.529998779296875,37.542999267578125,36.0,36.099998474121094,560900,0.0,0.0
2020-04-24 00:00:00-04:00,36.33000183105469,37.0,35.939998626708984,36.849998474121094,580300,0.0,0.0
2020-04-27 00:00:00-04:00,37.0099983215332,37.619998931884766,36.869998931884766,37.439998626708984,620500,0.0,0.0
2020-04-28 00:00:00-04:00,37.810001373291016,37.810001373291016,36.25,36.38999938964844,427200,0.0,0.0
2020-04-29 00:00:00-04:00,37.22999954223633,37.22999954223633,35.5099983215332,36.56999969482422,717300,0.0,0.0
2020-04-30 00:00:00-04:00,35.79999923706055,37.93000030517578,35.27000045776367,37.040000915527344,1134100,0.0,0.0
2020-05-01 00:00:00-04:00,36.029998779296875,36.97999954223633,34.54999923706055,35.06999969482422,672500,0.0,0.0
2020-05-04 00:00:00-04:00,34.95000076293945,36.08000183105469,34.529998779296875,36.06999969482422,1174200,0.0,0.0
2020-05-05 00:00:00-04:00,36.81999969482422,37.189998626708984,35.5099983215332,36.310001373291016,759100,0.0,0.0
2020-05-06 00:00:00-04:00,36.709999084472656,37.13999938964844,35.83000183105469,35.849998474121094,478000,0.0,0.0
2020-05-07 00:00:00-04:00,39.0,43.80500030517578,38.75,43.5099983215332,2992000,0.0,0.0
2020-05-08 00:00:00-04:00,44.25,44.5,42.689998626708984,43.56999969482422,1373600,0.0,0.0
2020-05-11 00:00:00-04:00,43.689998626708984,47.4900016784668,43.5,46.56999969482422,1685500,0.0,0.0
2020-05-12 00:00:00-04:00,47.0,49.220001220703125,46.06999969482422,46.06999969482422,1657100,0.0,0.0
2020-05-13 00:00:00-04:00,46.34000015258789,47.81999969482422,44.7400016784668,46.95000076293945,1030800,0.0,0.0
2020-05-14 00:00:00-04:00,47.27000045776367,47.5,44.5099983215332,45.119998931884766,933800,0.0,0.0
2020-05-15 00:00:00-04:00,44.459999084472656,45.34000015258789,43.15999984741211,45.22999954223633,760000,0.0,0.0
2020-05-18 00:00:00-04:00,46.650001525878906,46.849998474121094,45.060001373291016,45.93000030517578,714600,0.0,0.0
2020-05-19 00:00:00-04:00,45.970001220703125,46.86000061035156,45.22999954223633,45.95000076293945,581900,0.0,0.0
2020-05-20 00:00:00-04:00,46.29999923706055,48.310001373291016,45.880001068115234,46.529998779296875,615800,0.0,0.0
2020-05-21 00:00:00-04:00,46.689998626708984,47.16999816894531,44.59000015258789,45.5,699200,0.0,0.0
2020-05-22 00:00:00-04:00,45.2599983215332,46.41999816894531,44.867000579833984,45.470001220703125,417600,0.0,0.0
2020-05-26 00:00:00-04:00,46.47999954223633,46.4900016784668,42.810001373291016,43.26499938964844,589400,0.0,0.0
2020-05-27 00:00:00-04:00,42.91999816894531,43.43000030517578,41.529998779296875,43.27000045776367,795400,0.0,0.0
2020-05-28 00:00:00-04:00,43.810001373291016,44.790000915527344,43.41999816894531,43.439998626708984,390900,0.0,0.0
2020-05-29 00:00:00-04:00,43.91999816894531,44.02000045776367,42.150001525878906,43.849998474121094,600700,0.0,0.0
2020-06-01 00:00:00-04:00,43.779998779296875,44.029998779296875,42.7599983215332,43.47999954223633,450900,0.0,0.0
2020-06-02 00:00:00-04:00,43.290000915527344,45.400001525878906,42.358001708984375,45.0099983215332,609900,0.0,0.0
2020-06-03 00:00:00-04:00,44.79999923706055,45.130001068115234,43.279998779296875,43.349998474121094,622300,0.0,0.0
2020-06-04 00:00:00-04:00,43.25,43.88999938964844,41.099998474121094,41.20000076293945,923500,0.0,0.0
2020-06-05 00:00:00-04:00,41.720001220703125,42.59000015258789,40.459999084472656,40.540000915527344,582200,0.0,0.0
2020-06-08 00:00:00-04:00,40.560001373291016,41.68000030517578,40.22999954223633,41.22999954223633,628200,0.0,0.0
2020-06-09 00:00:00-04:00,39.560001373291016,43.29999923706055,39.2140007019043,41.900001525878906,878000,0.0,0.0
2020-06-10 00:00:00-04:00,42.189998626708984,43.7599983215332,41.400001525878906,42.380001068115234,549900,0.0,0.0
2020-06-11 00:00:00-04:00,41.84000015258789,42.13999938964844,39.459999084472656,39.52000045776367,643500,0.0,0.0
2020-06-12 00:00:00-04:00,40.38999938964844,41.900001525878906,39.43000030517578,40.93000030517578,788400,0.0,0.0
2020-06-15 00:00:00-04:00,40.540000915527344,43.349998474121094,39.904998779296875,43.290000915527344,688800,0.0,0.0
2020-06-16 00:00:00-04:00,44.83000183105469,45.22999954223633,43.28900146484375,44.59000015258789,724000,0.0,0.0
2020-06-17 00:00:00-04:00,44.9900016784668,45.90999984741211,44.709999084472656,45.43000030517578,674000,0.0,0.0
2020-06-18 00:00:00-04:00,45.13999938964844,46.400001525878906,44.81999969482422,45.9900016784668,410600,0.0,0.0
2020-06-19 00:00:00-04:00,45.70000076293945,47.2599983215332,45.130001068115234,46.470001220703125,1421100,0.0,0.0
2020-06-22 00:00:00-04:00,46.470001220703125,46.470001220703125,43.20000076293945,46.31999969482422,952600,0.0,0.0
2020-06-23 00:00:00-04:00,45.5099983215332,48.26499938964844,45.310001373291016,46.630001068115234,1021500,0.0,0.0
2020-06-24 00:00:00-04:00,45.470001220703125,47.27000045776367,44.810001373291016,45.04999923706055,517600,0.0,0.0
2020-06-25 00:00:00-04:00,45.220001220703125,47.599998474121094,44.56999969482422,47.529998779296875,1062600,0.0,0.0
2020-06-26 00:00:00-04:00,47.09000015258789,47.90999984741211,45.72999954223633,45.900001525878906,2067800,0.0,0.0
2020-06-29 00:00:00-04:00,45.95000076293945,47.849998474121094,45.11000061035156,47.70000076293945,969800,0.0,0.0
2020-06-30 00:00:00-04:00,48.0,49.970001220703125,47.650001525878906,49.86000061035156,920500,0.0,0.0
2020-07-01 00:00:00-04:00,50.0,50.56999969482422,48.75,49.560001373291016,567900,0.0,0.0
2020-07-02 00:00:00-04:00,50.0,50.0,47.95000076293945,48.08000183105469,751900,0.0,0.0
2020-07-06 00:00:00-04:00,48.36000061035156,48.58000183105469,46.31999969482422,46.59000015258789,632800,0.0,0.0
2020-07-07 00:00:00-04:00,47.400001525878906,48.70000076293945,46.38999938964844,47.13999938964844,735400,0.0,0.0
2020-07-08 00:00:00-04:00,47.0,48.65999984741211,46.97999954223633,48.45000076293945,502400,0.0,0.0
2020-07-09 00:00:00-04:00,48.79999923706055,50.06999969482422,47.400001525878906,49.189998626708984,847200,0.0,0.0
2020-07-10 00:00:00-04:00,49.220001220703125,49.900001525878906,46.81999969482422,46.91999816894531,602600,0.0,0.0
2020-07-13 00:00:00-04:00,47.18000030517578,48.7599983215332,45.77000045776367,45.88999938964844,728200,0.0,0.0
2020-07-14 00:00:00-04:00,45.97999954223633,48.334999084472656,45.15999984741211,48.290000915527344,485700,0.0,0.0
2020-07-15 00:00:00-04:00,48.790000915527344,50.117000579833984,47.880001068115234,48.72999954223633,874700,0.0,0.0
2020-07-16 00:00:00-04:00,48.189998626708984,48.709999084472656,46.345001220703125,46.970001220703125,481500,0.0,0.0
2020-07-17 00:00:00-04:00,47.18000030517578,48.34000015258789,46.9900016784668,48.099998474121094,464300,0.0,0.0
2020-07-20 00:00:00-04:00,48.790000915527344,50.130001068115234,48.0,49.810001373291016,747600,0.0,0.0
2020-07-21 00:00:00-04:00,49.79999923706055,51.869998931884766,48.400001525878906,49.22999954223633,1210600,0.0,0.0
2020-07-22 00:00:00-04:00,49.029998779296875,49.68000030517578,48.189998626708984,49.5,569200,0.0,0.0
2020-07-23 00:00:00-04:00,49.900001525878906,49.970001220703125,47.66999816894531,48.40999984741211,660700,0.0,0.0
2020-07-24 00:00:00-04:00,47.86000061035156,47.86000061035156,45.380001068115234,46.52000045776367,480400,0.0,0.0
2020-07-27 00:00:00-04:00,46.7599983215332,47.6349983215332,45.90999984741211,47.540000915527344,467000,0.0,0.0
2020-07-28 00:00:00-04:00,47.58000183105469,47.7599983215332,46.060001373291016,46.09000015258789,425100,0.0,0.0
2020-07-29 00:00:00-04:00,46.5099983215332,47.150001525878906,45.95000076293945,46.68000030517578,364500,0.0,0.0
2020-07-30 00:00:00-04:00,46.34000015258789,48.20000076293945,46.34000015258789,47.54999923706055,711600,0.0,0.0
2020-07-31 00:00:00-04:00,47.5099983215332,48.099998474121094,46.0,48.02000045776367,579700,0.0,0.0
2020-08-03 00:00:00-04:00,48.33000183105469,50.08000183105469,48.11800003051758,49.779998779296875,621500,0.0,0.0
2020-08-04 00:00:00-04:00,49.83000183105469,50.220001220703125,47.9900016784668,49.349998474121094,544400,0.0,0.0
2020-08-05 00:00:00-04:00,49.470001220703125,51.439998626708984,48.900001525878906,51.20000076293945,1236900,0.0,0.0
2020-08-06 00:00:00-04:00,55.0,56.5099983215332,52.709999084472656,55.16999816894531,1522400,0.0,0.0
2020-08-07 00:00:00-04:00,52.81999969482422,54.79999923706055,52.354000091552734,52.869998931884766,551700,0.0,0.0
2020-08-10 00:00:00-04:00,53.0,53.0099983215332,51.02000045776367,51.33000183105469,433000,0.0,0.0
2020-08-11 00:00:00-04:00,51.189998626708984,52.099998474121094,49.15999984741211,50.369998931884766,503400,0.0,0.0
2020-08-12 00:00:00-04:00,50.66999816894531,53.779998779296875,50.654998779296875,53.4900016784668,531000,0.0,0.0
2020-08-13 00:00:00-04:00,53.70000076293945,57.70000076293945,53.70000076293945,56.380001068115234,724600,0.0,0.0
2020-08-14 00:00:00-04:00,56.189998626708984,56.41999816894531,54.400001525878906,54.630001068115234,504400,0.0,0.0
2020-08-17 00:00:00-04:00,55.34000015258789,63.0099983215332,54.56999969482422,62.779998779296875,1745700,0.0,0.0
2020-08-18 00:00:00-04:00,62.5,65.66000366210938,61.310001373291016,65.27999877929688,1160000,0.0,0.0
2020-08-19 00:00:00-04:00,65.73999786376953,66.84500122070312,64.6500015258789,65.94999694824219,623100,0.0,0.0
2020-08-20 00:00:00-04:00,65.54000091552734,66.75,65.01000213623047,66.01000213623047,393100,0.0,0.0
2020-08-21 00:00:00-04:00,66.27999877929688,66.7300033569336,64.30999755859375,65.87999725341797,477000,0.0,0.0
2020-08-24 00:00:00-04:00,66.66000366210938,66.66000366210938,64.0,65.48999786376953,492300,0.0,0.0
2020-08-25 00:00:00-04:00,65.23999786376953,65.91999816894531,64.01000213623047,65.45999908447266,388000,0.0,0.0
2020-08-26 00:00:00-04:00,65.77999877929688,66.93399810791016,64.69000244140625,64.83000183105469,448100,0.0,0.0
2020-08-27 00:00:00-04:00,64.83999633789062,64.97000122070312,63.3650016784668,64.33999633789062,414900,0.0,0.0
2020-08-28 00:00:00-04:00,64.8499984741211,64.8499984741211,63.68000030517578,64.38999938964844,1203500,0.0,0.0
2020-08-31 00:00:00-04:00,64.51000213623047,64.73999786376953,63.150001525878906,63.709999084472656,460300,0.0,0.0
2020-09-01 00:00:00-04:00,64.23999786376953,64.80000305175781,63.70000076293945,64.12000274658203,372500,0.0,0.0
2020-09-02 00:00:00-04:00,64.70999908447266,64.97000122070312,62.2599983215332,64.31999969482422,450500,0.0,0.0
2020-09-03 00:00:00-04:00,64.23999786376953,64.88999938964844,62.79999923706055,64.06999969482422,975300,0.0,0.0
2020-09-04 00:00:00-04:00,61.560001373291016,65.5199966430664,59.400001525878906,64.7300033569336,1129900,0.0,0.0
2020-09-08 00:00:00-04:00,63.43000030517578,64.3499984741211,61.68000030517578,61.790000915527344,530500,0.0,0.0
2020-09-09 00:00:00-04:00,62.75,64.20999908447266,62.650001525878906,63.119998931884766,534300,0.0,0.0
2020-09-10 00:00:00-04:00,60.7599983215332,63.720001220703125,60.50600051879883,61.7400016784668,939900,0.0,0.0
2020-09-11 00:00:00-04:00,59.560001373291016,60.75,58.029998779296875,59.61000061035156,3131100,0.0,0.0
2020-09-14 00:00:00-04:00,61.54999923706055,62.999000549316406,60.029998779296875,61.70000076293945,1115200,0.0,0.0
2020-09-15 00:00:00-04:00,62.65999984741211,64.52999877929688,61.130001068115234,61.33000183105469,1220700,0.0,0.0
2020-09-16 00:00:00-04:00,61.779998779296875,62.849998474121094,60.790000915527344,61.150001525878906,664200,0.0,0.0
2020-09-17 00:00:00-04:00,61.16999816894531,62.849998474121094,60.099998474121094,60.939998626708984,611900,0.0,0.0
2020-09-18 00:00:00-04:00,61.380001068115234,62.22999954223633,58.650001525878906,60.52000045776367,1525500,0.0,0.0
2020-09-21 00:00:00-04:00,59.68000030517578,62.810001373291016,58.70000076293945,62.7599983215332,715600,0.0,0.0
2020-09-22 00:00:00-04:00,62.689998626708984,64.33000183105469,62.54999923706055,64.01000213623047,880800,0.0,0.0
2020-09-23 00:00:00-04:00,63.310001373291016,64.75,61.834999084472656,62.33000183105469,524400,0.0,0.0
2020-09-24 00:00:00-04:00,63.41999816894531,66.87000274658203,62.33000183105469,64.87999725341797,1607800,0.0,0.0
2020-09-25 00:00:00-04:00,65.18000030517578,71.08000183105469,64.41999816894531,68.62000274658203,1986800,0.0,0.0
2020-09-28 00:00:00-04:00,70.16000366210938,70.97000122070312,68.55999755859375,70.05000305175781,884600,0.0,0.0
2020-09-29 00:00:00-04:00,69.58999633789062,73.98999786376953,69.44000244140625,72.66999816894531,795000,0.0,0.0
2020-09-30 00:00:00-04:00,72.45999908447266,73.91999816894531,71.12000274658203,72.23999786376953,636300,0.0,0.0
2020-10-01 00:00:00-04:00,73.26000213623047,73.58999633789062,71.80999755859375,72.88999938964844,470700,0.0,0.0
2020-10-02 00:00:00-04:00,72.12999725341797,73.26000213623047,70.1449966430664,70.77999877929688,557200,0.0,0.0
2020-10-05 00:00:00-04:00,71.23999786376953,72.29000091552734,69.43000030517578,70.72000122070312,713400,0.0,0.0
2020-10-06 00:00:00-04:00,70.98999786376953,73.58000183105469,69.91999816894531,71.41000366210938,961300,0.0,0.0
2020-10-07 00:00:00-04:00,71.91999816894531,74.47000122070312,70.3499984741211,72.55999755859375,860500,0.0,0.0
2020-10-08 00:00:00-04:00,74.26000213623047,74.43000030517578,70.80000305175781,71.4000015258789,637800,0.0,0.0
2020-10-09 00:00:00-04:00,71.48999786376953,74.16999816894531,70.54000091552734,73.58000183105469,424800,0.0,0.0
2020-10-12 00:00:00-04:00,74.5,75.0,73.11000061035156,73.5999984741211,310200,0.0,0.0
2020-10-13 00:00:00-04:00,73.0,74.98999786376953,72.9000015258789,73.0,522100,0.0,0.0
2020-10-14 00:00:00-04:00,73.44999694824219,74.12000274658203,71.58999633789062,71.91000366210938,582600,0.0,0.0
2020-10-15 00:00:00-04:00,71.0,72.62000274658203,69.19999694824219,71.69999694824219,483500,0.0,0.0
2020-10-16 00:00:00-04:00,71.69999694824219,72.69999694824219,71.0,71.08000183105469,259200,0.0,0.0
2020-10-19 00:00:00-04:00,71.44000244140625,74.48999786376953,71.30000305175781,72.55000305175781,345400,0.0,0.0
2020-10-20 00:00:00-04:00,73.18000030517578,73.97000122070312,69.77999877929688,70.3499984741211,357700,0.0,0.0
2020-10-21 00:00:00-04:00,70.61000061035156,71.70999908447266,67.69000244140625,67.98999786376953,298400,0.0,0.0
2020-10-22 00:00:00-04:00,68.41999816894531,71.72000122070312,67.95999908447266,71.38999938964844,459500,0.0,0.0
2020-10-23 00:00:00-04:00,71.77999877929688,72.9800033569336,69.98999786376953,71.19000244140625,205600,0.0,0.0
2020-10-26 00:00:00-04:00,70.05000305175781,71.76000213623047,67.55999755859375,68.87000274658203,349900,0.0,0.0
2020-10-27 00:00:00-04:00,69.5199966430664,71.41999816894531,68.8499984741211,70.63999938964844,474900,0.0,0.0
2020-10-28 00:00:00-04:00,69.54000091552734,70.16999816894531,66.44999694824219,66.66000366210938,349000,0.0,0.0
2020-10-29 00:00:00-04:00,67.00199890136719,68.66999816894531,66.2300033569336,68.33000183105469,546500,0.0,0.0
2020-10-30 00:00:00-04:00,68.08000183105469,69.97000122070312,65.61000061035156,67.26000213623047,502700,0.0,0.0
2020-11-02 00:00:00-05:00,67.63999938964844,69.26000213623047,65.94999694824219,67.5199966430664,400700,0.0,0.0
2020-11-03 00:00:00-05:00,68.3499984741211,72.2699966430664,67.80999755859375,71.5,379500,0.0,0.0
2020-11-04 00:00:00-05:00,72.77999877929688,75.55999755859375,71.875,75.06999969482422,587400,0.0,0.0
2020-11-05 00:00:00-05:00,76.88999938964844,77.29000091552734,74.58000183105469,76.38999938964844,551900,0.0,0.0
2020-11-06 00:00:00-05:00,79.0,90.02999877929688,78.62999725341797,82.08000183105469,1347700,0.0,0.0
2020-11-09 00:00:00-05:00,81.68000030517578,84.79000091552734,78.18000030517578,78.54000091552734,993900,0.0,0.0
2020-11-10 00:00:00-05:00,78.80999755859375,79.83300018310547,74.25,76.80000305175781,636100,0.0,0.0
2020-11-11 00:00:00-05:00,77.05000305175781,79.44000244140625,75.95999908447266,78.97000122070312,618000,0.0,0.0
2020-11-12 00:00:00-05:00,79.72000122070312,84.86000061035156,79.55999755859375,83.4800033569336,716800,0.0,0.0
2020-11-13 00:00:00-05:00,83.73999786376953,85.43800354003906,82.48999786376953,82.80999755859375,923500,0.0,0.0
2020-11-16 00:00:00-05:00,82.30999755859375,83.77999877929688,80.9800033569336,81.83999633789062,351700,0.0,0.0
2020-11-17 00:00:00-05:00,81.11000061035156,83.44999694824219,79.77999877929688,83.08000183105469,475000,0.0,0.0
2020-11-18 00:00:00-05:00,83.48999786376953,85.4000015258789,80.5,80.83000183105469,502000,0.0,0.0
2020-11-19 00:00:00-05:00,81.19000244140625,83.86000061035156,80.2699966430664,82.86000061035156,368300,0.0,0.0
2020-11-20 00:00:00-05:00,81.75,86.47699737548828,81.5,85.4000015258789,453500,0.0,0.0
2020-11-23 00:00:00-05:00,85.69999694824219,88.30000305175781,84.86000061035156,85.98999786376953,711700,0.0,0.0
2020-11-24 00:00:00-05:00,86.44000244140625,87.37999725341797,82.58000183105469,83.0199966430664,507000,0.0,0.0
2020-11-25 00:00:00-05:00,83.25,85.2699966430664,82.2699966430664,84.55000305175781,287600,0.0,0.0
2020-11-27 00:00:00-05:00,85.37000274658203,88.41000366210938,85.37000274658203,88.12999725341797,222600,0.0,0.0
2020-11-30 00:00:00-05:00,88.58000183105469,89.875,86.0199966430664,88.2699966430664,459600,0.0,0.0
2020-12-01 00:00:00-05:00,90.0,93.63500213623047,89.29499816894531,91.19000244140625,1287300,0.0,0.0
2020-12-02 00:00:00-05:00,90.33999633789062,91.3550033569336,88.98999786376953,90.76000213623047,523900,0.0,0.0
2020-12-03 00:00:00-05:00,90.62999725341797,92.4800033569336,87.6500015258789,88.97000122070312,1156500,0.0,0.0
2020-12-04 00:00:00-05:00,89.26000213623047,89.58999633789062,86.76000213623047,87.47000122070312,505300,0.0,0.0
2020-12-07 00:00:00-05:00,88.25,91.18000030517578,87.80999755859375,90.36000061035156,436500,0.0,0.0
2020-12-08 00:00:00-05:00,90.01000213623047,92.73999786376953,89.69499969482422,92.62999725341797,692000,0.0,0.0
2020-12-09 00:00:00-05:00,93.52999877929688,97.66000366210938,92.94999694824219,94.48999786376953,604200,0.0,0.0
2020-12-10 00:00:00-05:00,92.58999633789062,99.69999694824219,92.58999633789062,98.81999969482422,648100,0.0,0.0
2020-12-11 00:00:00-05:00,99.2300033569336,101.3499984741211,95.3499984741211,96.55999755859375,738300,0.0,0.0
2020-12-14 00:00:00-05:00,97.33999633789062,103.52999877929688,97.0,98.47000122070312,884700,0.0,0.0
2020-12-15 00:00:00-05:00,103.37999725341797,103.37999725341797,97.85600280761719,98.80000305175781,880600,0.0,0.0
2020-12-16 00:00:00-05:00,99.25,100.18000030517578,95.0999984741211,95.80000305175781,755800,0.0,0.0
2020-12-17 00:00:00-05:00,96.16999816894531,101.6500015258789,95.47699737548828,101.3499984741211,708700,0.0,0.0
2020-12-18 00:00:00-05:00,101.8499984741211,103.80000305175781,99.45999908447266,101.66999816894531,1872300,0.0,0.0
2020-12-21 00:00:00-05:00,100.81999969482422,105.63999938964844,98.82499694824219,105.61000061035156,733100,0.0,0.0
2020-12-22 00:00:00-05:00,105.4749984741211,111.7300033569336,104.80000305175781,111.31999969482422,997900,0.0,0.0
2020-12-23 00:00:00-05:00,110.83000183105469,111.5999984741211,107.58999633789062,110.04000091552734,609000,0.0,0.0
2020-12-24 00:00:00-05:00,110.63999938964844,112.38999938964844,108.69999694824219,111.73999786376953,601400,0.0,0.0
2020-12-28 00:00:00-05:00,112.93000030517578,112.93000030517578,105.86000061035156,106.26000213623047,961700,0.0,0.0
2020-12-29 00:00:00-05:00,105.88999938964844,108.0,97.19000244140625,99.38999938964844,960800,0.0,0.0
2020-12-30 00:00:00-05:00,99.44000244140625,101.1719970703125,98.41000366210938,98.8499984741211,740400,0.0,0.0
2020-12-31 00:00:00-05:00,99.13999938964844,100.47000122070312,96.51000213623047,99.5199966430664,738900,0.0,0.0
2021-01-04 00:00:00-05:00,99.48999786376953,99.48999786376953,94.23999786376953,96.30999755859375,1315000,0.0,0.0
2021-01-05 00:00:00-05:00,96.5999984741211,101.51000213623047,96.29000091552734,100.04000091552734,1064000,0.0,0.0
2021-01-06 00:00:00-05:00,98.70999908447266,103.44000244140625,97.55999755859375,103.20999908447266,1220500,0.0,0.0
2021-01-07 00:00:00-05:00,103.13999938964844,109.69999694824219,102.27999877929688,108.77999877929688,1075700,0.0,0.0
2021-01-08 00:00:00-05:00,109.31999969482422,113.91000366210938,109.01000213623047,111.16999816894531,740200,0.0,0.0
2021-01-11 00:00:00-05:00,110.37000274658203,113.80000305175781,108.43099975585938,110.30999755859375,563400,0.0,0.0
2021-01-12 00:00:00-05:00,110.95999908447266,112.12000274658203,109.1500015258789,110.83000183105469,540100,0.0,0.0
2021-01-13 00:00:00-05:00,111.0,117.05000305175781,109.56999969482422,113.27999877929688,746300,0.0,0.0
2021-01-14 00:00:00-05:00,114.27999877929688,119.7300033569336,113.84500122070312,115.91000366210938,876900,0.0,0.0
2021-01-15 00:00:00-05:00,115.93000030517578,122.9800033569336,115.80000305175781,120.16000366210938,1051200,0.0,0.0
2021-01-19 00:00:00-05:00,122.52999877929688,125.3239974975586,121.43000030517578,123.9000015258789,744400,0.0,0.0
2021-01-20 00:00:00-05:00,125.80999755859375,127.19000244140625,123.13999938964844,123.37999725341797,1085200,0.0,0.0
2021-01-21 00:00:00-05:00,125.23999786376953,125.47000122070312,118.76000213623047,119.98999786376953,693900,0.0,0.0
2021-01-22 00:00:00-05:00,119.05000305175781,120.80500030517578,117.79000091552734,119.75,796900,0.0,0.0
2021-01-25 00:00:00-05:00,119.75,120.87999725341797,112.2699966430664,119.0,1490200,0.0,0.0
2021-01-26 00:00:00-05:00,120.02999877929688,120.02999877929688,108.86000061035156,109.58999633789062,892100,0.0,0.0
2021-01-27 00:00:00-05:00,106.72000122070312,107.0,98.7030029296875,100.19999694824219,1702200,0.0,0.0
2021-01-28 00:00:00-05:00,104.41999816894531,109.88999938964844,103.3499984741211,108.63999938964844,1047000,0.0,0.0
2021-01-29 00:00:00-05:00,108.77999877929688,111.05500030517578,103.06999969482422,106.63999938964844,870700,0.0,0.0
2021-02-01 00:00:00-05:00,107.4000015258789,111.72000122070312,106.3550033569336,111.55000305175781,556600,0.0,0.0
2021-02-02 00:00:00-05:00,113.86000061035156,119.16999816894531,112.51000213623047,119.02999877929688,674900,0.0,0.0
2021-02-03 00:00:00-05:00,120.37000274658203,120.80000305175781,113.6500015258789,114.63999938964844,510100,0.0,0.0
2021-02-04 00:00:00-05:00,116.83000183105469,119.75,114.0999984741211,116.44000244140625,454700,0.0,0.0
2021-02-05 00:00:00-05:00,117.73999786376953,120.05999755859375,116.43000030517578,119.06999969482422,540900,0.0,0.0
2021-02-08 00:00:00-05:00,120.37999725341797,120.37999725341797,117.18000030517578,118.55999755859375,485900,0.0,0.0
2021-02-09 00:00:00-05:00,119.4800033569336,119.83499908447266,117.95500183105469,119.04000091552734,471700,0.0,0.0
2021-02-10 00:00:00-05:00,119.12999725341797,119.7300033569336,113.43199920654297,118.29000091552734,551300,0.0,0.0
2021-02-11 00:00:00-05:00,120.06999969482422,121.54000091552734,116.11799621582031,117.73999786376953,933900,0.0,0.0
2021-02-12 00:00:00-05:00,119.0999984741211,125.30000305175781,117.4800033569336,124.36000061035156,992700,0.0,0.0
2021-02-16 00:00:00-05:00,124.56700134277344,125.7300033569336,119.16000366210938,119.86000061035156,778100,0.0,0.0
2021-02-17 00:00:00-05:00,117.76000213623047,119.27999877929688,110.66999816894531,114.83999633789062,795100,0.0,0.0
2021-02-18 00:00:00-05:00,114.16000366210938,115.16999816894531,110.12999725341797,114.05000305175781,525200,0.0,0.0
2021-02-19 00:00:00-05:00,115.0,121.30999755859375,114.58999633789062,119.61000061035156,646100,0.0,0.0
2021-02-22 00:00:00-05:00,117.72000122070312,118.23999786376953,110.37000274658203,111.01000213623047,590600,0.0,0.0
2021-02-23 00:00:00-05:00,106.80999755859375,111.81999969482422,102.41999816894531,111.08999633789062,1179700,0.0,0.0
2021-02-24 00:00:00-05:00,110.95999908447266,114.93000030517578,107.97000122070312,112.83000183105469,593800,0.0,0.0
2021-02-25 00:00:00-05:00,106.68000030517578,112.19999694824219,105.02999877929688,108.76000213623047,1112300,0.0,0.0
2021-02-26 00:00:00-05:00,115.08000183105469,123.77999877929688,108.29000091552734,116.08999633789062,1436700,0.0,0.0
2021-03-01 00:00:00-05:00,117.58999633789062,124.19999694824219,117.47000122070312,123.48999786376953,825600,0.0,0.0
2021-03-02 00:00:00-05:00,123.27999877929688,124.86499786376953,117.80999755859375,118.0199966430664,782300,0.0,0.0
2021-03-03 00:00:00-05:00,119.81999969482422,119.98999786376953,107.81500244140625,108.69999694824219,961800,0.0,0.0
2021-03-04 00:00:00-05:00,105.83999633789062,109.5999984741211,101.1500015258789,102.1500015258789,1800400,0.0,0.0
2021-03-05 00:00:00-05:00,104.18000030517578,104.18000030517578,92.94000244140625,102.98999786376953,1382700,0.0,0.0
2021-03-08 00:00:00-05:00,102.44999694824219,103.72000122070312,92.79000091552734,93.2699966430664,940700,0.0,0.0
2021-03-09 00:00:00-05:00,95.43000030517578,102.75,95.19999694824219,99.30000305175781,1284700,0.0,0.0
2021-03-10 00:00:00-05:00,97.30999755859375,104.9000015258789,95.93000030517578,98.70999908447266,942000,0.0,0.0
2021-03-11 00:00:00-05:00,104.83000183105469,104.83000183105469,100.05000305175781,103.9800033569336,1615800,0.0,0.0
2021-03-12 00:00:00-05:00,100.87000274658203,104.2750015258789,99.37999725341797,104.04000091552734,1083400,0.0,0.0
2021-03-15 00:00:00-04:00,104.0999984741211,109.2699966430664,103.27999877929688,109.05999755859375,429500,0.0,0.0
2021-03-16 00:00:00-04:00,110.2300033569336,111.19000244140625,102.44999694824219,104.19000244140625,543900,0.0,0.0
2021-03-17 00:00:00-04:00,101.72000122070312,106.70999908447266,99.43000030517578,106.0,737500,0.0,0.0
2021-03-18 00:00:00-04:00,104.9800033569336,104.9800033569336,98.80000305175781,98.83999633789062,542600,0.0,0.0
2021-03-19 00:00:00-04:00,98.69999694824219,104.48999786376953,98.47000122070312,103.31999969482422,2031500,0.0,0.0
2021-03-22 00:00:00-04:00,105.04000091552734,106.25,103.04399871826172,104.30999755859375,446500,0.0,0.0
2021-03-23 00:00:00-04:00,101.69000244140625,103.79000091552734,99.54000091552734,100.3499984741211,533400,0.0,0.0
2021-03-24 00:00:00-04:00,101.94999694824219,102.01000213623047,96.41999816894531,96.61000061035156,888300,0.0,0.0
2021-03-25 00:00:00-04:00,93.20999908447266,98.48999786376953,90.94000244140625,94.9800033569336,1016400,0.0,0.0
2021-03-26 00:00:00-04:00,95.80000305175781,95.80000305175781,90.41000366210938,93.63999938964844,748900,0.0,0.0
2021-03-29 00:00:00-04:00,83.9800033569336,94.3499984741211,83.19000244140625,91.47000122070312,1343200,0.0,0.0
2021-03-30 00:00:00-04:00,90.22000122070312,97.9800033569336,90.01000213623047,97.1500015258789,901800,0.0,0.0
2021-03-31 00:00:00-04:00,98.13999938964844,103.2300033569336,98.13999938964844,101.54000091552734,1330600,0.0,0.0
2021-04-01 00:00:00-04:00,102.52999877929688,106.18000030517578,101.12000274658203,102.91999816894531,522500,0.0,0.0
2021-04-05 00:00:00-04:00,104.08999633789062,106.33999633789062,103.0,105.98999786376953,690400,0.0,0.0
2021-04-06 00:00:00-04:00,105.22000122070312,108.06999969482422,103.7699966430664,104.83000183105469,510300,0.0,0.0
2021-04-07 00:00:00-04:00,104.66999816894531,105.19000244140625,100.58000183105469,101.41999816894531,468500,0.0,0.0
2021-04-08 00:00:00-04:00,102.51000213623047,106.61000061035156,102.51000213623047,105.70999908447266,821700,0.0,0.0
2021-04-09 00:00:00-04:00,104.87000274658203,105.94999694824219,102.90499877929688,104.9800033569336,383900,0.0,0.0
2021-04-12 00:00:00-04:00,104.5,105.91500091552734,99.05999755859375,103.75,617700,0.0,0.0
2021-04-13 00:00:00-04:00,104.6500015258789,107.75,103.02999877929688,107.31999969482422,1029600,0.0,0.0
2021-04-14 00:00:00-04:00,108.52999877929688,110.0,100.81999969482422,101.23999786376953,579200,0.0,0.0
2021-04-15 00:00:00-04:00,101.88999938964844,106.8499984741211,101.23999786376953,106.3499984741211,663800,0.0,0.0
2021-04-16 00:00:00-04:00,106.48999786376953,107.1500015258789,103.80000305175781,106.94999694824219,1258700,0.0,0.0
2021-04-19 00:00:00-04:00,105.19999694824219,107.69999694824219,102.76000213623047,104.92500305175781,860600,0.0,0.0
2021-04-20 00:00:00-04:00,104.75,106.04000091552734,101.54000091552734,104.05999755859375,531500,0.0,0.0
2021-04-21 00:00:00-04:00,103.48999786376953,109.6500015258789,102.6500015258789,109.61000061035156,530300,0.0,0.0
2021-04-22 00:00:00-04:00,110.0,111.49500274658203,106.19000244140625,106.94000244140625,1000700,0.0,0.0
2021-04-23 00:00:00-04:00,107.54000091552734,112.31999969482422,106.77999877929688,111.79000091552734,796000,0.0,0.0
2021-04-26 00:00:00-04:00,112.12000274658203,116.33000183105469,110.6500015258789,115.91999816894531,463900,0.0,0.0
2021-04-27 00:00:00-04:00,116.5199966430664,117.54000091552734,113.58999633789062,115.11000061035156,560900,0.0,0.0
2021-04-28 00:00:00-04:00,113.61000061035156,115.88999938964844,111.23999786376953,113.13999938964844,385000,0.0,0.0
2021-04-29 00:00:00-04:00,114.30999755859375,114.30999755859375,108.5979995727539,109.33999633789062,433700,0.0,0.0
2021-04-30 00:00:00-04:00,108.01000213623047,110.97000122070312,107.0,110.0199966430664,641800,0.0,0.0
2021-05-03 00:00:00-04:00,111.41999816894531,112.4800033569336,107.48999786376953,109.55000305175781,644200,0.0,0.0
2021-05-04 00:00:00-04:00,107.37999725341797,108.58000183105469,103.12000274658203,106.83999633789062,943500,0.0,0.0
2021-05-05 00:00:00-04:00,107.80000305175781,108.79000091552734,104.0,104.91999816894531,898400,0.0,0.0
2021-05-06 00:00:00-04:00,103.05000305175781,104.97000122070312,93.05000305175781,96.30999755859375,1724800,0.0,0.0
2021-05-07 00:00:00-04:00,101.1500015258789,104.79000091552734,100.25,101.83000183105469,1386300,0.0,0.0
2021-05-10 00:00:00-04:00,99.25,100.62000274658203,90.58000183105469,90.58999633789062,1431700,0.0,0.0
2021-05-11 00:00:00-04:00,89.0,93.98500061035156,87.5,90.25,1282200,0.0,0.0
2021-05-12 00:00:00-04:00,87.01000213623047,90.31999969482422,86.01000213623047,87.16000366210938,881100,0.0,0.0
2021-05-13 00:00:00-04:00,89.95999908447266,90.98999786376953,84.01000213623047,88.91999816894531,1147800,0.0,0.0
2021-05-14 00:00:00-04:00,89.51000213623047,94.52999877929688,89.51000213623047,93.19000244140625,1683700,0.0,0.0
2021-05-17 00:00:00-04:00,91.44000244140625,92.55000305175781,89.01000213623047,91.80999755859375,789800,0.0,0.0
2021-05-18 00:00:00-04:00,92.16000366210938,94.36499786376953,89.9000015258789,90.19000244140625,600200,0.0,0.0
2021-05-19 00:00:00-04:00,86.08999633789062,89.48999786376953,85.75,86.75,949300,0.0,0.0
2021-05-20 00:00:00-04:00,88.1500015258789,89.35900115966797,86.15499877929688,88.02999877929688,945800,0.0,0.0
2021-05-21 00:00:00-04:00,89.05000305175781,89.58000183105469,86.02999877929688,86.05000305175781,590400,0.0,0.0
2021-05-24 00:00:00-04:00,87.19000244140625,87.56999969482422,85.01000213623047,86.41999816894531,976500,0.0,0.0
2021-05-25 00:00:00-04:00,87.33999633789062,90.6500015258789,87.33999633789062,90.51000213623047,1332400,0.0,0.0
2021-05-26 00:00:00-04:00,90.33000183105469,91.77999877929688,88.73999786376953,89.56999969482422,965100,0.0,0.0
2021-05-27 00:00:00-04:00,89.91000366210938,93.72000122070312,88.05999755859375,92.56999969482422,1272400,0.0,0.0
2021-05-28 00:00:00-04:00,92.80000305175781,95.44000244140625,92.30000305175781,94.13999938964844,882300,0.0,0.0
2021-06-01 00:00:00-04:00,94.0199966430664,96.4000015258789,90.62000274658203,92.0,711700,0.0,0.0
2021-06-02 00:00:00-04:00,91.83000183105469,93.95999908447266,90.05799865722656,93.44999694824219,822100,0.0,0.0
2021-06-03 00:00:00-04:00,92.27999877929688,94.83999633789062,90.80999755859375,94.66999816894531,783800,0.0,0.0
2021-06-04 00:00:00-04:00,96.0,98.94000244140625,95.4000015258789,97.51000213623047,1174500,0.0,0.0
2021-06-07 00:00:00-04:00,97.66999816894531,103.98999786376953,97.22000122070312,102.16999816894531,903800,0.0,0.0
2021-06-08 00:00:00-04:00,103.69999694824219,105.72000122070312,102.26000213623047,104.58000183105469,1087300,0.0,0.0
2021-06-09 00:00:00-04:00,105.9000015258789,107.05999755859375,103.66999816894531,104.2699966430664,1007800,0.0,0.0
2021-06-10 00:00:00-04:00,102.5999984741211,106.2750015258789,102.5999984741211,105.55999755859375,1041100,0.0,0.0
2021-06-11 00:00:00-04:00,105.61000061035156,106.41699981689453,102.75,103.87999725341797,1059600,0.0,0.0
2021-06-14 00:00:00-04:00,103.72000122070312,104.56999969482422,102.54000091552734,103.75,838800,0.0,0.0
2021-06-15 00:00:00-04:00,103.37000274658203,103.63999938964844,100.5,101.31999969482422,495000,0.0,0.0
2021-06-16 00:00:00-04:00,100.01000213623047,101.51000213623047,98.16999816894531,100.94999694824219,847800,0.0,0.0
2021-06-17 00:00:00-04:00,100.05000305175781,104.2300033569336,100.05000305175781,103.26000213623047,825400,0.0,0.0
2021-06-18 00:00:00-04:00,101.94000244140625,105.5999984741211,101.93000030517578,102.87999725341797,2501900,0.0,0.0
2021-06-21 00:00:00-04:00,105.62000274658203,110.81999969482422,103.41999816894531,109.30000305175781,1260200,0.0,0.0
2021-06-22 00:00:00-04:00,108.54000091552734,111.59500122070312,108.01000213623047,110.86000061035156,1073200,0.0,0.0
2021-06-23 00:00:00-04:00,111.6500015258789,116.9800033569336,111.20999908447266,114.95999908447266,1576100,0.0,0.0
2021-06-24 00:00:00-04:00,115.25,120.30000305175781,115.25,119.72000122070312,1681000,0.0,0.0
2021-06-25 00:00:00-04:00,120.9000015258789,122.29000091552734,113.7300033569336,115.1500015258789,11430700,0.0,0.0
2021-06-28 00:00:00-04:00,116.7300033569336,118.80999755859375,115.63999938964844,116.62999725341797,760600,0.0,0.0
2021-06-29 00:00:00-04:00,116.51000213623047,117.72000122070312,115.20999908447266,116.37999725341797,1063800,0.0,0.0
2021-06-30 00:00:00-04:00,116.0,116.82099914550781,112.68099975585938,113.52999877929688,1113400,0.0,0.0
2021-07-01 00:00:00-04:00,113.30999755859375,116.44000244140625,112.11000061035156,116.05999755859375,884900,0.0,0.0
2021-07-02 00:00:00-04:00,116.58999633789062,117.48999786376953,115.03099822998047,116.86000061035156,504600,0.0,0.0
2021-07-06 00:00:00-04:00,118.58999633789062,118.58999633789062,115.75,117.88999938964844,802700,0.0,0.0
2021-07-07 00:00:00-04:00,117.9800033569336,118.75,115.52999877929688,116.5199966430664,1752100,0.0,0.0
2021-07-08 00:00:00-04:00,113.33999633789062,117.9000015258789,112.87999725341797,117.29000091552734,736500,0.0,0.0
2021-07-09 00:00:00-04:00,117.9000015258789,121.0,115.62000274658203,120.94000244140625,804100,0.0,0.0
2021-07-12 00:00:00-04:00,121.7699966430664,123.0999984741211,118.9000015258789,119.51000213623047,978900,0.0,0.0
2021-07-13 00:00:00-04:00,118.13999938964844,119.08000183105469,116.11000061035156,116.5,583100,0.0,0.0
2021-07-14 00:00:00-04:00,116.19999694824219,116.86000061035156,112.75,113.47000122070312,1422800,0.0,0.0
2021-07-15 00:00:00-04:00,112.94999694824219,115.3499984741211,112.0,112.47000122070312,1348300,0.0,0.0
2021-07-16 00:00:00-04:00,112.69999694824219,114.5,112.01000213623047,113.12000274658203,576900,0.0,0.0
2021-07-19 00:00:00-04:00,111.83000183105469,111.88999938964844,104.69000244140625,106.58000183105469,1531500,0.0,0.0
2021-07-20 00:00:00-04:00,108.0,108.56999969482422,105.92900085449219,107.25,1226700,0.0,0.0
2021-07-21 00:00:00-04:00,106.44999694824219,117.94000244140625,102.83000183105469,117.08999633789062,1763300,0.0,0.0
2021-07-22 00:00:00-04:00,117.33000183105469,125.66000366210938,115.98999786376953,116.81999969482422,3544600,0.0,0.0
2021-07-23 00:00:00-04:00,117.4800033569336,117.4800033569336,112.61000061035156,114.0,1096600,0.0,0.0
2021-07-26 00:00:00-04:00,113.3499984741211,114.93000030517578,110.37999725341797,110.54000091552734,854800,0.0,0.0
2021-07-27 00:00:00-04:00,111.33000183105469,111.69999694824219,105.83999633789062,108.95999908447266,1153800,0.0,0.0
2021-07-28 00:00:00-04:00,108.91999816894531,112.7249984741211,108.91999816894531,110.97000122070312,895900,0.0,0.0
2021-07-29 00:00:00-04:00,110.80999755859375,115.23999786376953,109.2699966430664,112.16000366210938,747300,0.0,0.0
2021-07-30 00:00:00-04:00,111.48999786376953,114.73999786376953,111.41799926757812,114.5199966430664,572400,0.0,0.0
2021-08-02 00:00:00-04:00,115.37000274658203,116.22699737548828,112.26000213623047,112.33000183105469,772100,0.0,0.0
2021-08-03 00:00:00-04:00,112.36000061035156,112.36000061035156,109.18000030517578,110.83999633789062,381800,0.0,0.0
2021-08-04 00:00:00-04:00,110.9800033569336,114.75,110.75,114.5199966430664,570200,0.0,0.0
2021-08-05 00:00:00-04:00,115.20999908447266,120.0,112.93000030517578,119.63999938964844,1182900,0.0,0.0
2021-08-06 00:00:00-04:00,117.3499984741211,121.5,114.4800033569336,117.30000305175781,1008400,0.0,0.0
2021-08-09 00:00:00-04:00,117.08999633789062,118.4800033569336,114.30999755859375,114.83000183105469,730700,0.0,0.0
2021-08-10 00:00:00-04:00,114.44000244140625,115.0,105.08000183105469,105.66999816894531,881500,0.0,0.0
2021-08-11 00:00:00-04:00,105.63999938964844,106.0,100.56999969482422,102.55999755859375,967000,0.0,0.0
2021-08-12 00:00:00-04:00,102.0199966430664,102.72000122070312,100.44999694824219,102.08999633789062,686600,0.0,0.0
2021-08-13 00:00:00-04:00,102.02999877929688,102.58000183105469,100.0199966430664,100.91000366210938,394800,0.0,0.0
2021-08-16 00:00:00-04:00,100.94000244140625,101.91999816894531,98.41999816894531,101.0999984741211,466700,0.0,0.0
2021-08-17 00:00:00-04:00,100.0,101.30000305175781,97.72000122070312,100.16999816894531,391600,0.0,0.0
2021-08-18 00:00:00-04:00,100.54000091552734,102.5199966430664,98.29000091552734,100.94000244140625,642100,0.0,0.0
2021-08-19 00:00:00-04:00,100.0,104.63999938964844,100.0,103.30999755859375,775300,0.0,0.0
2021-08-20 00:00:00-04:00,104.0250015258789,108.73999786376953,102.25,108.0199966430664,581300,0.0,0.0
2021-08-23 00:00:00-04:00,108.48999786376953,110.91999816894531,107.20999908447266,110.68000030517578,430000,0.0,0.0
2021-08-24 00:00:00-04:00,110.68000030517578,114.81999969482422,109.70999908447266,114.76000213623047,1273000,0.0,0.0
2021-08-25 00:00:00-04:00,115.29000091552734,117.08000183105469,113.5,115.16999816894531,457200,0.0,0.0
2021-08-26 00:00:00-04:00,114.95999908447266,116.76000213623047,113.5199966430664,114.97000122070312,337600,0.0,0.0
2021-08-27 00:00:00-04:00,115.87000274658203,119.94999694824219,115.27999877929688,117.97000122070312,460000,0.0,0.0
2021-08-30 00:00:00-04:00,117.68000030517578,121.66999816894531,117.51000213623047,119.80999755859375,691300,0.0,0.0
2021-08-31 00:00:00-04:00,120.5999984741211,121.00800323486328,116.44000244140625,118.43000030517578,538000,0.0,0.0
2021-09-01 00:00:00-04:00,118.44999694824219,122.0999984741211,117.4000015258789,121.81999969482422,537200,0.0,0.0
2021-09-02 00:00:00-04:00,122.58999633789062,123.80999755859375,120.36000061035156,123.56999969482422,458700,0.0,0.0
2021-09-03 00:00:00-04:00,123.08000183105469,124.2699966430664,120.5999984741211,123.76000213623047,249500,0.0,0.0
2021-09-07 00:00:00-04:00,123.5999984741211,124.98100280761719,122.01000213623047,122.4800033569336,368400,0.0,0.0
2021-09-08 00:00:00-04:00,122.54000091552734,123.12000274658203,118.38500213623047,118.97000122070312,607600,0.0,0.0
2021-09-09 00:00:00-04:00,119.19000244140625,123.13999938964844,119.0199966430664,120.05999755859375,454900,0.0,0.0
2021-09-10 00:00:00-04:00,120.30999755859375,121.06999969482422,117.5,120.1500015258789,513200,0.0,0.0
2021-09-13 00:00:00-04:00,120.91999816894531,121.1050033569336,115.48999786376953,120.25,510600,0.0,0.0
2021-09-14 00:00:00-04:00,121.0,124.08000183105469,118.9749984741211,120.05999755859375,922900,0.0,0.0
2021-09-15 00:00:00-04:00,119.62999725341797,122.0,119.30000305175781,120.23999786376953,472700,0.0,0.0
2021-09-16 00:00:00-04:00,120.27999877929688,121.93000030517578,119.58499908447266,120.37000274658203,334700,0.0,0.0
2021-09-17 00:00:00-04:00,120.98999786376953,126.5199966430664,119.79499816894531,126.36000061035156,1222500,0.0,0.0
2021-09-20 00:00:00-04:00,122.41000366210938,123.97000122070312,117.7300033569336,119.68000030517578,700800,0.0,0.0
2021-09-21 00:00:00-04:00,120.30000305175781,126.1500015258789,120.30000305175781,123.69999694824219,624600,0.0,0.0
2021-09-22 00:00:00-04:00,123.87999725341797,126.36000061035156,122.53500366210938,125.68000030517578,475000,0.0,0.0
2021-09-23 00:00:00-04:00,125.66999816894531,129.08999633789062,122.0250015258789,123.54000091552734,624800,0.0,0.0
2021-09-24 00:00:00-04:00,121.9000015258789,123.27999877929688,116.0999984741211,118.12000274658203,774800,0.0,0.0
2021-09-27 00:00:00-04:00,116.9000015258789,118.15799713134766,112.81999969482422,115.12000274658203,388100,0.0,0.0
2021-09-28 00:00:00-04:00,113.3499984741211,113.3499984741211,107.05000305175781,107.26000213623047,1255100,0.0,0.0
2021-09-29 00:00:00-04:00,107.76000213623047,109.25499725341797,106.87000274658203,107.62000274658203,340500,0.0,0.0
2021-09-30 00:00:00-04:00,107.6500015258789,112.71900177001953,107.6500015258789,111.44000244140625,845500,0.0,0.0
2021-10-01 00:00:00-04:00,111.12000274658203,112.95999908447266,108.08000183105469,112.38999938964844,529200,0.0,0.0
2021-10-04 00:00:00-04:00,111.54000091552734,111.54000091552734,105.01000213623047,109.45999908447266,451600,0.0,0.0
2021-10-05 00:00:00-04:00,110.91000366210938,113.5199966430664,109.75,111.06999969482422,412700,0.0,0.0
2021-10-06 00:00:00-04:00,109.5999984741211,112.33999633789062,109.31999969482422,111.0,366600,0.0,0.0
2021-10-07 00:00:00-04:00,111.63999938964844,117.12000274658203,111.54499816894531,116.58000183105469,771600,0.0,0.0
2021-10-08 00:00:00-04:00,117.08000183105469,117.44999694824219,112.87999725341797,114.06999969482422,292600,0.0,0.0
2021-10-11 00:00:00-04:00,113.63999938964844,114.98999786376953,111.5999984741211,111.70999908447266,457300,0.0,0.0
2021-10-12 00:00:00-04:00,113.51000213623047,115.23999786376953,108.66999816894531,108.88999938964844,494200,0.0,0.0
2021-10-13 00:00:00-04:00,110.08000183105469,112.19999694824219,108.83999633789062,110.8499984741211,658500,0.0,0.0
2021-10-14 00:00:00-04:00,112.19000244140625,114.45999908447266,112.05000305175781,113.37000274658203,322000,0.0,0.0
2021-10-15 00:00:00-04:00,114.58999633789062,115.16000366210938,110.3499984741211,110.7699966430664,509100,0.0,0.0
2021-10-18 00:00:00-04:00,110.45999908447266,112.43000030517578,109.5199966430664,111.38999938964844,351000,0.0,0.0
2021-10-19 00:00:00-04:00,111.72000122070312,115.68499755859375,111.72000122070312,113.66999816894531,360100,0.0,0.0
2021-10-20 00:00:00-04:00,114.70999908447266,114.98999786376953,112.23999786376953,112.43000030517578,257400,0.0,0.0
2021-10-21 00:00:00-04:00,112.7300033569336,114.11000061035156,110.80000305175781,112.31999969482422,249200,0.0,0.0
2021-10-22 00:00:00-04:00,112.27999877929688,116.69999694824219,111.87000274658203,114.93000030517578,561600,0.0,0.0
2021-10-25 00:00:00-04:00,114.43000030517578,116.11000061035156,113.52999877929688,116.0,360600,0.0,0.0
2021-10-26 00:00:00-04:00,116.75,118.47000122070312,113.68000030517578,115.97000122070312,310400,0.0,0.0
2021-10-27 00:00:00-04:00,116.08999633789062,116.08999633789062,112.74500274658203,113.9800033569336,326700,0.0,0.0
2021-10-28 00:00:00-04:00,114.20999908447266,118.66000366210938,114.19999694824219,117.19999694824219,673500,0.0,0.0
2021-10-29 00:00:00-04:00,116.36000061035156,116.55000305175781,112.1500015258789,114.56999969482422,682500,0.0,0.0
2021-11-01 00:00:00-04:00,114.5999984741211,120.5999984741211,113.01000213623047,119.0,887000,0.0,0.0
2021-11-02 00:00:00-04:00,119.31999969482422,119.31999969482422,113.86000061035156,114.11000061035156,322500,0.0,0.0
2021-11-03 00:00:00-04:00,113.31999969482422,114.30999755859375,111.19999694824219,111.91000366210938,355900,0.0,0.0
2021-11-04 00:00:00-04:00,111.47000122070312,113.06999969482422,107.83999633789062,110.66999816894531,930900,0.0,0.0
2021-11-05 00:00:00-04:00,110.66999816894531,121.0,107.57499694824219,115.97000122070312,1012200,0.0,0.0
2021-11-08 00:00:00-05:00,115.81999969482422,121.05000305175781,115.55999755859375,116.77999877929688,669400,0.0,0.0
2021-11-09 00:00:00-05:00,116.2300033569336,118.94000244140625,112.94000244140625,113.20999908447266,430000,0.0,0.0
2021-11-10 00:00:00-05:00,111.04000091552734,113.0,106.7300033569336,107.0,584800,0.0,0.0
2021-11-11 00:00:00-05:00,108.06999969482422,113.66999816894531,107.48999786376953,113.20999908447266,704400,0.0,0.0
2021-11-12 00:00:00-05:00,113.16000366210938,116.44000244140625,113.05000305175781,115.04000091552734,1928800,0.0,0.0
2021-11-15 00:00:00-05:00,115.0,116.0,113.2699966430664,115.8499984741211,472700,0.0,0.0
2021-11-16 00:00:00-05:00,116.0199966430664,118.0,114.1500015258789,115.0,514200,0.0,0.0
2021-11-17 00:00:00-05:00,115.30999755859375,115.34500122070312,112.05999755859375,112.48999786376953,494800,0.0,0.0
2021-11-18 00:00:00-05:00,113.62000274658203,113.62000274658203,103.47000122070312,105.08000183105469,1209300,0.0,0.0
2021-11-19 00:00:00-05:00,104.93000030517578,107.4800033569336,101.80000305175781,103.18000030517578,718000,0.0,0.0
2021-11-22 00:00:00-05:00,103.6500015258789,103.94000244140625,98.75499725341797,99.06999969482422,752900,0.0,0.0
2021-11-23 00:00:00-05:00,98.5,100.29000091552734,94.44999694824219,95.52999877929688,1147700,0.0,0.0
2021-11-24 00:00:00-05:00,95.52999877929688,97.0999984741211,93.72000122070312,96.0999984741211,601900,0.0,0.0
2021-11-26 00:00:00-05:00,94.88999938964844,99.62999725341797,93.70999908447266,94.66000366210938,719700,0.0,0.0
2021-11-29 00:00:00-05:00,95.7699966430664,96.05999755859375,89.81999969482422,91.19999694824219,1163000,0.0,0.0
2021-11-30 00:00:00-05:00,91.02999877929688,96.0,90.9800033569336,91.45999908447266,1106300,0.0,0.0
2021-12-01 00:00:00-05:00,91.6500015258789,93.2750015258789,89.04000091552734,89.0999984741211,786200,0.0,0.0
2021-12-02 00:00:00-05:00,88.77999877929688,92.45999908447266,87.55000305175781,91.77999877929688,637000,0.0,0.0
2021-12-03 00:00:00-05:00,91.69000244140625,91.69000244140625,85.76000213623047,86.55999755859375,1423200,0.0,0.0
2021-12-06 00:00:00-05:00,85.88999938964844,87.81999969482422,82.62999725341797,86.26000213623047,866100,0.0,0.0
2021-12-07 00:00:00-05:00,88.0,94.3499984741211,87.79000091552734,92.55999755859375,1529500,0.0,0.0
2021-12-08 00:00:00-05:00,93.26000213623047,98.69999694824219,90.12000274658203,96.58999633789062,827900,0.0,0.0
2021-12-09 00:00:00-05:00,96.3499984741211,97.26000213623047,91.01000213623047,91.58000183105469,617300,0.0,0.0
2021-12-10 00:00:00-05:00,91.33000183105469,93.74500274658203,89.37000274658203,89.41000366210938,606800,0.0,0.0
2021-12-13 00:00:00-05:00,92.77899932861328,92.77899932861328,87.28500366210938,90.05000305175781,543700,0.0,0.0
2021-12-14 00:00:00-05:00,87.25499725341797,90.54000091552734,86.3949966430664,88.19000244140625,1007700,0.0,0.0
2021-12-15 00:00:00-05:00,88.37999725341797,93.52999877929688,87.02999877929688,93.04000091552734,809800,0.0,0.0
2021-12-16 00:00:00-05:00,93.98999786376953,94.55000305175781,89.08999633789062,89.2300033569336,823500,0.0,0.0
2021-12-17 00:00:00-05:00,88.94999694824219,96.80000305175781,86.41999816894531,95.63999938964844,1240000,0.0,0.0
2021-12-20 00:00:00-05:00,93.98999786376953,95.26000213623047,91.41999816894531,91.98999786376953,492300,0.0,0.0
2021-12-21 00:00:00-05:00,93.11000061035156,95.13999938964844,91.87000274658203,95.0,481400,0.0,0.0
2021-12-22 00:00:00-05:00,94.66999816894531,96.8949966430664,92.7699966430664,93.87000274658203,334700,0.0,0.0
2021-12-23 00:00:00-05:00,92.98999786376953,95.08000183105469,90.08000183105469,93.80000305175781,778000,0.0,0.0
2021-12-27 00:00:00-05:00,93.80000305175781,93.80000305175781,90.19999694824219,91.25,440100,0.0,0.0
2021-12-28 00:00:00-05:00,91.47000122070312,93.23999786376953,89.91999816894531,90.33999633789062,447300,0.0,0.0
2021-12-29 00:00:00-05:00,89.83999633789062,90.9000015258789,88.7699966430664,90.05000305175781,494200,0.0,0.0
2021-12-30 00:00:00-05:00,90.48999786376953,94.9000015258789,89.86000061035156,93.1500015258789,420200,0.0,0.0
2021-12-31 00:00:00-05:00,92.87000274658203,95.51000213623047,92.87000274658203,93.38999938964844,651300,0.0,0.0
2022-01-03 00:00:00-05:00,91.25,91.45999908447266,85.33000183105469,91.33000183105469,1267600,0.0,0.0
2022-01-04 00:00:00-05:00,91.5199966430664,92.06500244140625,85.09300231933594,88.04000091552734,1058000,0.0,0.0
2022-01-05 00:00:00-05:00,87.62000274658203,89.51000213623047,82.25,82.38999938964844,1312100,0.0,0.0
2022-01-06 00:00:00-05:00,82.61000061035156,84.87999725341797,80.4800033569336,82.44000244140625,988700,0.0,0.0
2022-01-07 00:00:00-05:00,81.87999725341797,83.27999877929688,74.87000274658203,75.1500015258789,1808600,0.0,0.0
2022-01-10 00:00:00-05:00,74.45999908447266,74.48999786376953,69.30999755859375,74.41999816894531,2408100,0.0,0.0
2022-01-11 00:00:00-05:00,74.77999877929688,77.95999908447266,73.16999816894531,76.54000091552734,1616500,0.0,0.0
2022-01-12 00:00:00-05:00,76.62999725341797,78.5,73.54000091552734,73.5999984741211,1976600,0.0,0.0
2022-01-13 00:00:00-05:00,73.47000122070312,73.5,68.0999984741211,68.3499984741211,1549200,0.0,0.0
2022-01-14 00:00:00-05:00,67.69999694824219,68.16999816894531,63.90999984741211,67.37000274658203,1942600,0.0,0.0
2022-01-18 00:00:00-05:00,65.6500015258789,65.73999786376953,61.029998779296875,61.08000183105469,1947900,0.0,0.0
2022-01-19 00:00:00-05:00,61.54999923706055,65.95999908447266,61.02000045776367,61.16999816894531,1235400,0.0,0.0
2022-01-20 00:00:00-05:00,63.06999969482422,66.5999984741211,62.93000030517578,63.06999969482422,1328000,0.0,0.0
2022-01-21 00:00:00-05:00,63.06999969482422,64.5999984741211,61.685001373291016,62.7400016784668,1790000,0.0,0.0
2022-01-24 00:00:00-05:00,61.720001220703125,64.45999908447266,58.02000045776367,64.4000015258789,1546100,0.0,0.0
2022-01-25 00:00:00-05:00,62.529998779296875,64.52999877929688,60.939998626708984,62.880001068115234,1348900,0.0,0.0
2022-01-26 00:00:00-05:00,64.01000213623047,68.19000244140625,62.89500045776367,63.2400016784668,1834200,0.0,0.0
2022-01-27 00:00:00-05:00,64.20999908447266,65.875,61.72999954223633,61.900001525878906,1155200,0.0,0.0
2022-01-28 00:00:00-05:00,62.0099983215332,65.5,60.25,65.47000122070312,1233100,0.0,0.0
2022-01-31 00:00:00-05:00,65.62999725341797,70.7699966430664,65.62999725341797,70.6500015258789,1582500,0.0,0.0
2022-02-01 00:00:00-05:00,70.93000030517578,73.02999877929688,69.18000030517578,72.80999755859375,897800,0.0,0.0
2022-02-02 00:00:00-05:00,74.69999694824219,74.69999694824219,70.04000091552734,71.19999694824219,883700,0.0,0.0
2022-02-03 00:00:00-05:00,68.76000213623047,70.12000274658203,67.80000305175781,68.26000213623047,1278300,0.0,0.0
2022-02-04 00:00:00-05:00,68.61000061035156,70.77999877929688,67.79000091552734,69.75,821200,0.0,0.0
2022-02-07 00:00:00-05:00,69.63999938964844,73.91500091552734,69.41000366210938,69.9800033569336,534300,0.0,0.0
2022-02-08 00:00:00-05:00,69.36000061035156,70.91300201416016,67.86000061035156,70.19999694824219,1096600,0.0,0.0
2022-02-09 00:00:00-05:00,71.86000061035156,74.79000091552734,71.80999755859375,73.41999816894531,664800,0.0,0.0
2022-02-10 00:00:00-05:00,70.69999694824219,74.81999969482422,70.12999725341797,71.05000305175781,700500,0.0,0.0
2022-02-11 00:00:00-05:00,71.45999908447266,73.38500213623047,68.7699966430664,69.58000183105469,519100,0.0,0.0
2022-02-14 00:00:00-05:00,69.26000213623047,70.77999877929688,67.06999969482422,67.19999694824219,767800,0.0,0.0
2022-02-15 00:00:00-05:00,68.51000213623047,70.83000183105469,67.55999755859375,70.11000061035156,514000,0.0,0.0
2022-02-16 00:00:00-05:00,69.58999633789062,72.37000274658203,68.96499633789062,71.5,1331000,0.0,0.0
2022-02-17 00:00:00-05:00,70.41000366210938,71.0,65.33999633789062,65.69999694824219,821500,0.0,0.0
2022-02-18 00:00:00-05:00,66.06999969482422,66.06999969482422,63.41999816894531,63.88999938964844,788600,0.0,0.0
2022-02-22 00:00:00-05:00,63.150001525878906,64.7300033569336,62.380001068115234,62.9900016784668,975700,0.0,0.0
2022-02-23 00:00:00-05:00,63.84000015258789,64.19000244140625,60.7400016784668,60.7599983215332,736200,0.0,0.0
2022-02-24 00:00:00-05:00,57.86000061035156,66.04000091552734,57.18899917602539,65.2300033569336,1376700,0.0,0.0
2022-02-25 00:00:00-05:00,64.80999755859375,66.98999786376953,63.150001525878906,66.94000244140625,1184900,0.0,0.0
2022-02-28 00:00:00-05:00,66.12999725341797,68.16000366210938,64.9000015258789,65.75,1104900,0.0,0.0
2022-03-01 00:00:00-05:00,65.5999984741211,67.55000305175781,63.81999969482422,64.36000061035156,678900,0.0,0.0
2022-03-02 00:00:00-05:00,65.0,65.63999938964844,61.369998931884766,63.13999938964844,856500,0.0,0.0
2022-03-03 00:00:00-05:00,63.650001525878906,63.650001525878906,59.25,60.04999923706055,841700,0.0,0.0
2022-03-04 00:00:00-05:00,59.75,60.66999816894531,56.07500076293945,56.47999954223633,1137500,0.0,0.0
2022-03-07 00:00:00-05:00,56.599998474121094,57.099998474121094,52.45000076293945,52.529998779296875,1626000,0.0,0.0
2022-03-08 00:00:00-05:00,52.630001068115234,57.150001525878906,52.20000076293945,54.75,1603000,0.0,0.0
2022-03-09 00:00:00-05:00,45.45000076293945,45.529998779296875,26.100000381469727,36.79999923706055,41733200,0.0,0.0
2022-03-10 00:00:00-05:00,42.15999984741211,46.0,39.650001525878906,42.61000061035156,17114800,0.0,0.0
2022-03-11 00:00:00-05:00,42.45000076293945,42.45000076293945,38.790000915527344,38.97999954223633,4434700,0.0,0.0
2022-03-14 00:00:00-04:00,38.439998626708984,39.130001068115234,34.45000076293945,35.88999938964844,3890600,0.0,0.0
2022-03-15 00:00:00-04:00,31.25,31.5,28.920000076293945,30.31999969482422,8020000,0.0,0.0
2022-03-16 00:00:00-04:00,31.43000030517578,35.04999923706055,31.15999984741211,35.02000045776367,5470700,0.0,0.0
2022-03-17 00:00:00-04:00,34.75,38.06999969482422,34.209999084472656,37.5099983215332,4468400,0.0,0.0
2022-03-18 00:00:00-04:00,37.0,40.38999938964844,37.0,39.630001068115234,4358500,0.0,0.0
2022-03-21 00:00:00-04:00,39.97999954223633,41.15999984741211,38.5099983215332,39.25,2587900,0.0,0.0
2022-03-22 00:00:00-04:00,39.310001373291016,42.779998779296875,39.099998474121094,41.59000015258789,2704100,0.0,0.0
2022-03-23 00:00:00-04:00,40.61000061035156,42.16999816894531,38.810001373291016,38.849998474121094,2214600,0.0,0.0
2022-03-24 00:00:00-04:00,39.13999938964844,40.720001220703125,37.04999923706055,40.650001525878906,1857400,0.0,0.0
2022-03-25 00:00:00-04:00,40.5,40.959999084472656,39.154998779296875,39.70000076293945,1742500,0.0,0.0
2022-03-28 00:00:00-04:00,40.290000915527344,41.13999938964844,38.685001373291016,40.25,1316300,0.0,0.0
2022-03-29 00:00:00-04:00,40.720001220703125,42.72800064086914,40.279998779296875,42.43000030517578,1209700,0.0,0.0
2022-03-30 00:00:00-04:00,41.90999984741211,43.06999969482422,40.91999816894531,41.45000076293945,1004000,0.0,0.0
2022-03-31 00:00:00-04:00,41.40999984741211,41.95000076293945,40.5,40.68000030517578,902700,0.0,0.0
2022-04-01 00:00:00-04:00,40.66999816894531,42.9900016784668,40.66999816894531,42.900001525878906,1190700,0.0,0.0
2022-04-04 00:00:00-04:00,43.09000015258789,44.959999084472656,42.7400016784668,44.540000915527344,1537300,0.0,0.0
2022-04-05 00:00:00-04:00,44.470001220703125,44.84000015258789,42.459999084472656,42.79999923706055,1187100,0.0,0.0
2022-04-06 00:00:00-04:00,42.400001525878906,42.564998626708984,40.5,42.290000915527344,1308200,0.0,0.0
2022-04-07 00:00:00-04:00,42.2599983215332,43.709999084472656,40.275001525878906,42.36000061035156,1649500,0.0,0.0
2022-04-08 00:00:00-04:00,41.90999984741211,43.56999969482422,41.22999954223633,42.86000061035156,1988200,0.0,0.0
2022-04-11 00:00:00-04:00,41.790000915527344,42.36000061035156,40.57500076293945,40.779998779296875,1141300,0.0,0.0
2022-04-12 00:00:00-04:00,41.70000076293945,43.68000030517578,39.79999923706055,40.02000045776367,885600,0.0,0.0
2022-04-13 00:00:00-04:00,40.400001525878906,41.858001708984375,39.90999984741211,41.650001525878906,1512600,0.0,0.0
2022-04-14 00:00:00-04:00,41.45000076293945,41.619998931884766,39.06999969482422,39.52000045776367,1428900,0.0,0.0
2022-04-18 00:00:00-04:00,39.900001525878906,39.939998626708984,37.599998474121094,37.939998626708984,1443400,0.0,0.0
2022-04-19 00:00:00-04:00,37.5,39.630001068115234,35.47999954223633,37.40999984741211,5509200,0.0,0.0
2022-04-20 00:00:00-04:00,37.88999938964844,39.060001373291016,37.08000183105469,38.099998474121094,1786200,0.0,0.0
2022-04-21 00:00:00-04:00,38.91999816894531,40.63999938964844,36.61000061035156,36.650001525878906,1925100,0.0,0.0
2022-04-22 00:00:00-04:00,36.13999938964844,37.97999954223633,35.54999923706055,36.290000915527344,1630800,0.0,0.0
2022-04-25 00:00:00-04:00,36.630001068115234,39.75,36.029998779296875,39.66999816894531,1162400,0.0,0.0
2022-04-26 00:00:00-04:00,39.47999954223633,40.400001525878906,37.33000183105469,37.40999984741211,1293000,0.0,0.0
2022-04-27 00:00:00-04:00,37.25,38.400001525878906,35.91999816894531,36.220001220703125,1224200,0.0,0.0
2022-04-28 00:00:00-04:00,37.2599983215332,37.2599983215332,33.88999938964844,36.34000015258789,1145900,0.0,0.0
2022-04-29 00:00:00-04:00,36.27000045776367,37.29999923706055,35.040000915527344,35.119998931884766,966200,0.0,0.0
2022-05-02 00:00:00-04:00,34.880001068115234,37.63999938964844,34.70000076293945,37.560001373291016,1131100,0.0,0.0
2022-05-03 00:00:00-04:00,37.099998474121094,38.58000183105469,35.90999984741211,35.95000076293945,1029100,0.0,0.0
2022-05-04 00:00:00-04:00,36.0099983215332,37.290000915527344,33.310001373291016,36.810001373291016,1284200,0.0,0.0
2022-05-05 00:00:00-04:00,36.22999954223633,36.43000030517578,33.279998779296875,34.099998474121094,1559800,0.0,0.0
2022-05-06 00:00:00-04:00,35.630001068115234,36.61000061035156,32.939998626708984,36.08000183105469,2913100,0.0,0.0
2022-05-09 00:00:00-04:00,35.779998779296875,36.119998931884766,29.43000030517578,29.790000915527344,2395700,0.0,0.0
2022-05-10 00:00:00-04:00,31.309999465942383,31.799999237060547,28.139999389648438,30.010000228881836,2910500,0.0,0.0
2022-05-11 00:00:00-04:00,29.940000534057617,31.059999465942383,27.725000381469727,28.1299991607666,1857600,0.0,0.0
2022-05-12 00:00:00-04:00,27.40999984741211,29.8700008392334,27.350000381469727,28.90999984741211,2734000,0.0,0.0
2022-05-13 00:00:00-04:00,29.290000915527344,34.35499954223633,29.209999084472656,34.20000076293945,1916600,0.0,0.0
2022-05-16 00:00:00-04:00,33.95000076293945,36.11000061035156,33.29499816894531,33.91999816894531,1411600,0.0,0.0
2022-05-17 00:00:00-04:00,34.7400016784668,36.720001220703125,33.84000015258789,36.66999816894531,1280600,0.0,0.0
2022-05-18 00:00:00-04:00,35.400001525878906,38.58000183105469,35.400001525878906,35.93000030517578,1378500,0.0,0.0
2022-05-19 00:00:00-04:00,35.810001373291016,39.849998474121094,35.61000061035156,38.970001220703125,1298500,0.0,0.0
2022-05-20 00:00:00-04:00,38.93000030517578,40.0,37.2599983215332,39.959999084472656,999700,0.0,0.0
2022-05-23 00:00:00-04:00,39.400001525878906,40.560001373291016,37.900001525878906,39.04999923706055,1718300,0.0,0.0
2022-05-24 00:00:00-04:00,38.18000030517578,38.2599983215332,36.775001525878906,37.34000015258789,782100,0.0,0.0
2022-05-25 00:00:00-04:00,37.33000183105469,37.75600051879883,35.07500076293945,37.529998779296875,1424500,0.0,0.0
2022-05-26 00:00:00-04:00,37.58000183105469,39.18000030517578,36.720001220703125,39.119998931884766,1242100,0.0,0.0
2022-05-27 00:00:00-04:00,39.63999938964844,41.790000915527344,39.375,41.189998626708984,1440000,0.0,0.0
2022-05-31 00:00:00-04:00,41.20000076293945,41.34000015258789,36.099998474121094,36.689998626708984,2408200,0.0,0.0
2022-06-01 00:00:00-04:00,36.61000061035156,37.880001068115234,34.619998931884766,35.459999084472656,1089500,0.0,0.0
2022-06-02 00:00:00-04:00,35.40999984741211,39.970001220703125,35.099998474121094,38.939998626708984,1802700,0.0,0.0
2022-06-03 00:00:00-04:00,38.150001525878906,38.349998474121094,35.91999816894531,36.97999954223633,1250400,0.0,0.0
2022-06-06 00:00:00-04:00,37.869998931884766,38.540000915527344,35.404998779296875,35.77000045776367,1313500,0.0,0.0
2022-06-07 00:00:00-04:00,35.06999969482422,37.16999816894531,35.06999969482422,37.150001525878906,974900,0.0,0.0
2022-06-08 00:00:00-04:00,37.2400016784668,39.459999084472656,37.08000183105469,38.869998931884766,782000,0.0,0.0
2022-06-09 00:00:00-04:00,38.150001525878906,38.19499969482422,35.63999938964844,35.7400016784668,915100,0.0,0.0
2022-06-10 00:00:00-04:00,34.41999816894531,35.029998779296875,33.33000183105469,34.20000076293945,975400,0.0,0.0
2022-06-13 00:00:00-04:00,32.38999938964844,33.06999969482422,31.030000686645508,31.690000534057617,820400,0.0,0.0
2022-06-14 00:00:00-04:00,31.989999771118164,32.599998474121094,30.459999084472656,32.45000076293945,1452400,0.0,0.0
2022-06-15 00:00:00-04:00,32.84000015258789,34.599998474121094,32.77000045776367,33.93000030517578,1679300,0.0,0.0
2022-06-16 00:00:00-04:00,32.02000045776367,33.39500045776367,31.889999389648438,32.959999084472656,1827400,0.0,0.0
2022-06-17 00:00:00-04:00,33.63999938964844,34.83000183105469,33.06999969482422,33.529998779296875,2213700,0.0,0.0
2022-06-21 00:00:00-04:00,33.7599983215332,35.084999084472656,33.560001373291016,33.630001068115234,1092500,0.0,0.0
2022-06-22 00:00:00-04:00,33.029998779296875,35.849998474121094,32.95000076293945,35.5,1091900,0.0,0.0
2022-06-23 00:00:00-04:00,35.7599983215332,38.939998626708984,35.12300109863281,38.849998474121094,1027300,0.0,0.0
2022-06-24 00:00:00-04:00,39.279998779296875,41.79999923706055,38.209999084472656,41.380001068115234,1645000,0.0,0.0
2022-06-27 00:00:00-04:00,40.97999954223633,41.63999938964844,38.959999084472656,39.709999084472656,1156900,0.0,0.0
2022-06-28 00:00:00-04:00,39.41999816894531,40.025001525878906,37.2400016784668,37.720001220703125,872200,0.0,0.0
2022-06-29 00:00:00-04:00,37.619998931884766,38.125,36.18000030517578,36.869998931884766,1306000,0.0,0.0
2022-06-30 00:00:00-04:00,36.310001373291016,37.15999984741211,34.810001373291016,35.439998626708984,1039600,0.0,0.0
2022-07-01 00:00:00-04:00,35.58000183105469,37.5099983215332,35.13999938964844,36.93000030517578,743900,0.0,0.0
2022-07-05 00:00:00-04:00,36.349998474121094,38.79999923706055,35.56999969482422,38.790000915527344,819800,0.0,0.0
2022-07-06 00:00:00-04:00,38.529998779296875,39.959999084472656,37.369998931884766,37.709999084472656,954100,0.0,0.0
2022-07-07 00:00:00-04:00,37.61000061035156,40.44499969482422,37.52000045776367,40.33000183105469,1330000,0.0,0.0
2022-07-08 00:00:00-04:00,39.52000045776367,41.20000076293945,39.025001525878906,40.47999954223633,664900,0.0,0.0
2022-07-11 00:00:00-04:00,40.45000076293945,40.459999084472656,37.52000045776367,37.59000015258789,887200,0.0,0.0
2022-07-12 00:00:00-04:00,37.5099983215332,38.7599983215332,35.9900016784668,38.45000076293945,792600,0.0,0.0
2022-07-13 00:00:00-04:00,37.0099983215332,41.369998931884766,36.459999084472656,40.369998931884766,1121900,0.0,0.0
2022-07-14 00:00:00-04:00,40.58000183105469,44.630001068115234,39.45000076293945,43.56999969482422,2717900,0.0,0.0
2022-07-15 00:00:00-04:00,43.54999923706055,45.869998931884766,43.52000045776367,45.81999969482422,1785100,0.0,0.0
2022-07-18 00:00:00-04:00,46.20000076293945,48.459999084472656,43.349998474121094,43.58000183105469,2355600,0.0,0.0
2022-07-19 00:00:00-04:00,43.81999969482422,45.45000076293945,43.81999969482422,45.11000061035156,1452400,0.0,0.0
2022-07-20 00:00:00-04:00,45.52000045776367,47.720001220703125,45.279998779296875,46.130001068115234,1398000,0.0,0.0
2022-07-21 00:00:00-04:00,46.029998779296875,48.06999969482422,45.79999923706055,46.5,779200,0.0,0.0
2022-07-22 00:00:00-04:00,46.2599983215332,47.2599983215332,44.310001373291016,44.79999923706055,788200,0.0,0.0
2022-07-25 00:00:00-04:00,44.790000915527344,45.54999923706055,43.75,45.2400016784668,1018900,0.0,0.0
2022-07-26 00:00:00-04:00,45.34000015258789,45.880001068115234,44.255001068115234,44.88999938964844,1197800,0.0,0.0
2022-07-27 00:00:00-04:00,45.5099983215332,47.310001373291016,44.52000045776367,47.029998779296875,1064800,0.0,0.0
2022-07-28 00:00:00-04:00,47.029998779296875,48.25,46.209999084472656,47.83000183105469,756600,0.0,0.0
2022-07-29 00:00:00-04:00,47.349998474121094,47.93000030517578,46.4900016784668,47.0,1068700,0.0,0.0
2022-08-01 00:00:00-04:00,46.5,48.79999923706055,45.54999923706055,47.7599983215332,1216300,0.0,0.0
2022-08-02 00:00:00-04:00,47.34000015258789,50.459999084472656,47.20000076293945,49.59000015258789,1520400,0.0,0.0
2022-08-03 00:00:00-04:00,49.38999938964844,51.099998474121094,48.29999923706055,48.9900016784668,1375900,0.0,0.0
2022-08-04 00:00:00-04:00,49.15999984741211,51.15999984741211,48.81999969482422,50.9900016784668,1837300,0.0,0.0
2022-08-05 00:00:00-04:00,49.38999938964844,54.77000045776367,45.72999954223633,51.470001220703125,2438400,0.0,0.0
2022-08-08 00:00:00-04:00,51.41999816894531,53.849998474121094,51.05500030517578,52.15999984741211,1269600,0.0,0.0
2022-08-09 00:00:00-04:00,51.029998779296875,51.68000030517578,50.04999923706055,50.81999969482422,1492700,0.0,0.0
2022-08-10 00:00:00-04:00,52.4900016784668,56.08000183105469,52.0,55.290000915527344,1379400,0.0,0.0
2022-08-11 00:00:00-04:00,55.290000915527344,57.880001068115234,52.72999954223633,53.59000015258789,3826600,0.0,0.0
2022-08-12 00:00:00-04:00,54.209999084472656,56.439998626708984,53.4900016784668,55.16999816894531,1287500,0.0,0.0
2022-08-15 00:00:00-04:00,54.7599983215332,56.83000183105469,53.869998931884766,56.68000030517578,1392900,0.0,0.0
2022-08-16 00:00:00-04:00,56.599998474121094,56.90999984741211,53.47999954223633,55.119998931884766,1082300,0.0,0.0
2022-08-17 00:00:00-04:00,54.27000045776367,54.75,51.5099983215332,52.56999969482422,932000,0.0,0.0
2022-08-18 00:00:00-04:00,52.83000183105469,52.88999938964844,50.720001220703125,52.029998779296875,966200,0.0,0.0
2022-08-19 00:00:00-04:00,51.20000076293945,51.619998931884766,49.189998626708984,50.369998931884766,957800,0.0,0.0
2022-08-22 00:00:00-04:00,49.65999984741211,50.7400016784668,48.58399963378906,49.060001373291016,849300,0.0,0.0
2022-08-23 00:00:00-04:00,49.33000183105469,50.54999923706055,47.80500030517578,50.2400016784668,840800,0.0,0.0
2022-08-24 00:00:00-04:00,50.2599983215332,52.86000061035156,50.209999084472656,52.060001373291016,856700,0.0,0.0
2022-08-25 00:00:00-04:00,53.380001068115234,53.45000076293945,50.959999084472656,52.7599983215332,845400,0.0,0.0
2022-08-26 00:00:00-04:00,52.77000045776367,52.77000045776367,48.2599983215332,48.540000915527344,1234800,0.0,0.0
2022-08-29 00:00:00-04:00,47.31999969482422,49.380001068115234,47.0099983215332,48.279998779296875,1591600,0.0,0.0
2022-08-30 00:00:00-04:00,49.02000045776367,49.61000061035156,46.86000061035156,47.52000045776367,705900,0.0,0.0
2022-08-31 00:00:00-04:00,48.58000183105469,49.90999984741211,48.16999816894531,49.2599983215332,959700,0.0,0.0
2022-09-01 00:00:00-04:00,48.58000183105469,49.14500045776367,46.79999923706055,49.04999923706055,863100,0.0,0.0
2022-09-02 00:00:00-04:00,49.65999984741211,49.65999984741211,47.040000915527344,47.650001525878906,942600,0.0,0.0
2022-09-06 00:00:00-04:00,47.970001220703125,48.560001373291016,46.68000030517578,47.7400016784668,881900,0.0,0.0
2022-09-07 00:00:00-04:00,47.86000061035156,50.7400016784668,47.86000061035156,50.27000045776367,924800,0.0,0.0
2022-09-08 00:00:00-04:00,49.599998474121094,51.849998474121094,49.2599983215332,51.77000045776367,1001900,0.0,0.0
2022-09-09 00:00:00-04:00,52.08000183105469,53.54999923706055,51.56999969482422,52.91999816894531,1618100,0.0,0.0
2022-09-12 00:00:00-04:00,53.58000183105469,53.58000183105469,51.90999984741211,53.310001373291016,658900,0.0,0.0
2022-09-13 00:00:00-04:00,51.47999954223633,51.65999984741211,49.95000076293945,50.54999923706055,1023800,0.0,0.0
2022-09-14 00:00:00-04:00,50.849998474121094,51.400001525878906,48.75,49.380001068115234,1071600,0.0,0.0
2022-09-15 00:00:00-04:00,49.0099983215332,52.119998931884766,49.0099983215332,50.689998626708984,1066900,0.0,0.0
2022-09-16 00:00:00-04:00,49.20000076293945,49.689998626708984,46.81800079345703,48.54999923706055,2454700,0.0,0.0
2022-09-19 00:00:00-04:00,48.279998779296875,48.90999984741211,46.65999984741211,48.88999938964844,946100,0.0,0.0
2022-09-20 00:00:00-04:00,48.47999954223633,50.119998931884766,47.619998931884766,48.93000030517578,829700,0.0,0.0
2022-09-21 00:00:00-04:00,49.43000030517578,50.970001220703125,47.939998626708984,48.5099983215332,999700,0.0,0.0
2022-09-22 00:00:00-04:00,47.95000076293945,48.279998779296875,45.19499969482422,46.16999816894531,1580300,0.0,0.0
2022-09-23 00:00:00-04:00,45.29999923706055,45.358001708984375,43.06999969482422,43.63999938964844,1682000,0.0,0.0
2022-09-26 00:00:00-04:00,43.220001220703125,45.130001068115234,42.52000045776367,42.54999923706055,1137900,0.0,0.0
2022-09-27 00:00:00-04:00,43.58000183105469,44.630001068115234,42.540000915527344,43.119998931884766,924200,0.0,0.0
2022-09-28 00:00:00-04:00,43.5099983215332,46.388999938964844,43.349998474121094,46.04999923706055,1041500,0.0,0.0
2022-09-29 00:00:00-04:00,45.439998626708984,45.71500015258789,43.31999969482422,44.470001220703125,1053400,0.0,0.0
2022-09-30 00:00:00-04:00,44.5,45.849998474121094,43.720001220703125,43.81999969482422,988800,0.0,0.0
2022-10-03 00:00:00-04:00,44.43000030517578,44.97999954223633,43.040000915527344,44.06999969482422,813700,0.0,0.0
2022-10-04 00:00:00-04:00,45.81999969482422,48.2599983215332,45.5,47.90999984741211,1641400,0.0,0.0
2022-10-05 00:00:00-04:00,47.41999816894531,47.5099983215332,44.93000030517578,46.63999938964844,1452400,0.0,0.0
2022-10-06 00:00:00-04:00,46.849998474121094,47.66999816894531,45.650001525878906,47.029998779296875,1641300,0.0,0.0
2022-10-07 00:00:00-04:00,45.720001220703125,45.900001525878906,42.689998626708984,42.77000045776367,1748600,0.0,0.0
2022-10-10 00:00:00-04:00,42.119998931884766,42.650001525878906,40.22999954223633,40.279998779296875,1129700,0.0,0.0
2022-10-11 00:00:00-04:00,40.01100158691406,41.3650016784668,38.09000015258789,40.68000030517578,1032300,0.0,0.0
2022-10-12 00:00:00-04:00,40.68000030517578,42.369998931884766,39.970001220703125,42.209999084472656,835300,0.0,0.0
2022-10-13 00:00:00-04:00,40.45000076293945,43.040000915527344,39.29999923706055,42.849998474121094,1221200,0.0,0.0
2022-10-14 00:00:00-04:00,44.0099983215332,44.279998779296875,41.31999969482422,41.5099983215332,998500,0.0,0.0
2022-10-17 00:00:00-04:00,42.68000030517578,44.22999954223633,42.44499969482422,43.40999984741211,812800,0.0,0.0
2022-10-18 00:00:00-04:00,45.060001373291016,46.189998626708984,43.470001220703125,43.91999816894531,820100,0.0,0.0
2022-10-19 00:00:00-04:00,42.90999984741211,43.1150016784668,41.040000915527344,41.540000915527344,1163800,0.0,0.0
2022-10-20 00:00:00-04:00,41.75,44.779998779296875,41.2599983215332,42.79999923706055,836400,0.0,0.0
2022-10-21 00:00:00-04:00,42.70000076293945,43.779998779296875,41.665000915527344,43.58000183105469,711100,0.0,0.0
2022-10-24 00:00:00-04:00,43.720001220703125,44.095001220703125,41.54999923706055,42.66999816894531,562900,0.0,0.0
2022-10-25 00:00:00-04:00,43.189998626708984,45.869998931884766,42.7599983215332,45.310001373291016,983400,0.0,0.0
2022-10-26 00:00:00-04:00,45.310001373291016,47.89699935913086,44.81999969482422,46.32500076293945,839800,0.0,0.0
2022-10-27 00:00:00-04:00,46.68000030517578,47.13999938964844,45.42499923706055,46.650001525878906,707900,0.0,0.0
2022-10-28 00:00:00-04:00,46.619998931884766,47.720001220703125,45.400001525878906,47.65999984741211,731800,0.0,0.0
2022-10-31 00:00:00-04:00,47.2599983215332,48.25,46.779998779296875,46.959999084472656,745500,0.0,0.0
2022-11-01 00:00:00-04:00,47.619998931884766,48.130001068115234,46.38999938964844,46.66999816894531,677100,0.0,0.0
2022-11-02 00:00:00-04:00,46.47999954223633,47.75,44.939998626708984,45.45000076293945,1232400,0.0,0.0
2022-11-03 00:00:00-04:00,44.650001525878906,46.75,43.970001220703125,45.040000915527344,1022700,0.0,0.0
2022-11-04 00:00:00-04:00,46.029998779296875,46.04999923706055,43.61000061035156,44.439998626708984,1541600,0.0,0.0
2022-11-07 00:00:00-05:00,44.61000061035156,44.81999969482422,42.43000030517578,42.689998626708984,1469800,0.0,0.0
2022-11-08 00:00:00-05:00,42.65999984741211,44.220001220703125,41.20000076293945,42.439998626708984,1638100,0.0,0.0
2022-11-09 00:00:00-05:00,43.7400016784668,43.93000030517578,36.099998474121094,37.06999969482422,4189000,0.0,0.0
2022-11-10 00:00:00-05:00,40.040000915527344,40.79999923706055,35.43000030517578,38.130001068115234,3480300,0.0,0.0
2022-11-11 00:00:00-05:00,37.79999923706055,41.75,37.650001525878906,40.439998626708984,2285500,0.0,0.0
2022-11-14 00:00:00-05:00,39.869998931884766,39.95500183105469,35.35499954223633,35.459999084472656,2109900,0.0,0.0
2022-11-15 00:00:00-05:00,36.189998626708984,36.97999954223633,34.00199890136719,34.16999816894531,1548900,0.0,0.0
2022-11-16 00:00:00-05:00,36.65999984741211,39.65999984741211,36.20000076293945,36.72999954223633,8988100,0.0,0.0
2022-11-17 00:00:00-05:00,35.130001068115234,37.310001373291016,35.119998931884766,35.849998474121094,3031100,0.0,0.0
2022-11-18 00:00:00-05:00,36.70000076293945,37.97999954223633,35.0,35.619998931884766,1838400,0.0,0.0
2022-11-21 00:00:00-05:00,35.34000015258789,36.369998931884766,35.0,35.290000915527344,1712900,0.0,0.0
2022-11-22 00:00:00-05:00,35.349998474121094,35.66999816894531,34.70000076293945,35.41999816894531,1869400,0.0,0.0
2022-11-23 00:00:00-05:00,35.47999954223633,37.970001220703125,35.459999084472656,37.22999954223633,1488700,0.0,0.0
2022-11-25 00:00:00-05:00,37.02000045776367,37.65999984741211,36.68000030517578,37.58000183105469,451700,0.0,0.0
2022-11-28 00:00:00-05:00,37.27000045776367,37.880001068115234,36.974998474121094,37.5099983215332,1134400,0.0,0.0
2022-11-29 00:00:00-05:00,37.72999954223633,37.83000183105469,36.58000183105469,37.189998626708984,1218200,0.0,0.0
2022-11-30 00:00:00-05:00,37.779998779296875,41.29999923706055,37.779998779296875,41.119998931884766,2447500,0.0,0.0
2022-12-01 00:00:00-05:00,40.900001525878906,41.834999084472656,40.0099983215332,41.25,1159800,0.0,0.0
2022-12-02 00:00:00-05:00,40.099998474121094,42.18000030517578,39.900001525878906,41.84000015258789,1113700,0.0,0.0
2022-12-05 00:00:00-05:00,41.61000061035156,41.61000061035156,40.0,40.38999938964844,901600,0.0,0.0
2022-12-06 00:00:00-05:00,40.279998779296875,40.470001220703125,37.86000061035156,38.79999923706055,1506400,0.0,0.0
2022-12-07 00:00:00-05:00,38.33000183105469,39.06999969482422,37.685001373291016,38.459999084472656,1193400,0.0,0.0
2022-12-08 00:00:00-05:00,38.900001525878906,39.310001373291016,37.77000045776367,38.7599983215332,1387900,0.0,0.0
2022-12-09 00:00:00-05:00,38.630001068115234,39.308998107910156,38.11000061035156,38.13999938964844,671700,0.0,0.0
2022-12-12 00:00:00-05:00,37.93000030517578,39.2400016784668,37.38999938964844,39.220001220703125,951800,0.0,0.0
2022-12-13 00:00:00-05:00,41.290000915527344,42.0,39.43000030517578,40.56999969482422,1534300,0.0,0.0
2022-12-14 00:00:00-05:00,40.5099983215332,40.529998779296875,37.81999969482422,38.93000030517578,2068600,0.0,0.0
2022-12-15 00:00:00-05:00,38.34000015258789,39.185001373291016,37.875,38.13999938964844,1251000,0.0,0.0
2022-12-16 00:00:00-05:00,37.7400016784668,43.81999969482422,36.189998626708984,43.31999969482422,6552900,0.0,0.0
2022-12-19 00:00:00-05:00,43.15999984741211,43.720001220703125,40.54999923706055,41.040000915527344,2471700,0.0,0.0
2022-12-20 00:00:00-05:00,40.88999938964844,43.04499816894531,40.86000061035156,41.619998931884766,1422700,0.0,0.0
2022-12-21 00:00:00-05:00,41.75,42.97999954223633,40.97999954223633,41.54999923706055,924900,0.0,0.0
2022-12-22 00:00:00-05:00,40.83000183105469,42.7599983215332,40.68000030517578,42.7400016784668,960100,0.0,0.0
2022-12-23 00:00:00-05:00,42.29999923706055,42.58000183105469,40.79999923706055,41.540000915527344,764100,0.0,0.0
2022-12-27 00:00:00-05:00,41.279998779296875,41.494998931884766,40.10300064086914,40.31999969482422,683700,0.0,0.0
2022-12-28 00:00:00-05:00,40.16999816894531,40.5099983215332,38.994998931884766,39.84000015258789,769800,0.0,0.0
2022-12-29 00:00:00-05:00,40.470001220703125,41.64500045776367,39.58000183105469,40.630001068115234,1187300,0.0,0.0
2022-12-30 00:00:00-05:00,39.939998626708984,40.630001068115234,39.119998931884766,40.16999816894531,651000,0.0,0.0
2023-01-03 00:00:00-05:00,40.65999984741211,41.02000045776367,38.369998931884766,38.4900016784668,1097800,0.0,0.0
2023-01-04 00:00:00-05:00,38.83000183105469,40.02000045776367,38.290000915527344,39.880001068115234,1086500,0.0,0.0
2023-01-05 00:00:00-05:00,39.34000015258789,39.849998474121094,38.0099983215332,38.7599983215332,1522500,0.0,0.0
2023-01-06 00:00:00-05:00,38.75,39.06999969482422,36.849998474121094,36.93000030517578,1324900,0.0,0.0
2023-01-09 00:00:00-05:00,37.619998931884766,38.13999938964844,36.400001525878906,36.56999969482422,1673300,0.0,0.0
2023-01-10 00:00:00-05:00,36.31999969482422,37.77000045776367,35.02000045776367,37.75,2070800,0.0,0.0
2023-01-11 00:00:00-05:00,38.0,41.619998931884766,37.27000045776367,41.25,2453200,0.0,0.0
2023-01-12 00:00:00-05:00,41.220001220703125,41.220001220703125,38.88999938964844,40.75,1551400,0.0,0.0
2023-01-13 00:00:00-05:00,39.9900016784668,41.93000030517578,39.9900016784668,41.81999969482422,1105200,0.0,0.0
2023-01-17 00:00:00-05:00,41.380001068115234,41.959999084472656,39.35499954223633,40.0,2046500,0.0,0.0
2023-01-18 00:00:00-05:00,42.13999938964844,43.599998474121094,40.81999969482422,40.97999954223633,2446100,0.0,0.0
2023-01-19 00:00:00-05:00,40.349998474121094,40.9900016784668,38.20000076293945,39.720001220703125,1197400,0.0,0.0
2023-01-20 00:00:00-05:00,39.72999954223633,40.970001220703125,39.099998474121094,40.90999984741211,1067100,0.0,0.0
2023-01-23 00:00:00-05:00,40.709999084472656,44.400001525878906,40.5099983215332,43.22999954223633,1566400,0.0,0.0
2023-01-24 00:00:00-05:00,42.560001373291016,44.189998626708984,42.400001525878906,42.939998626708984,1481800,0.0,0.0
2023-01-25 00:00:00-05:00,42.11000061035156,42.16999816894531,39.47999954223633,42.0,853100,0.0,0.0
2023-01-26 00:00:00-05:00,42.65999984741211,43.040000915527344,41.290000915527344,42.7599983215332,823300,0.0,0.0
2023-01-27 00:00:00-05:00,42.5099983215332,44.209999084472656,41.88999938964844,43.7400016784668,659200,0.0,0.0
2023-01-30 00:00:00-05:00,43.13999938964844,43.15999984741211,41.31999969482422,41.97999954223633,899400,0.0,0.0
2023-01-31 00:00:00-05:00,42.119998931884766,42.939998626708984,41.7599983215332,42.93000030517578,1142400,0.0,0.0
2023-02-01 00:00:00-05:00,43.33000183105469,44.650001525878906,42.08000183105469,43.970001220703125,1515900,0.0,0.0
2023-02-02 00:00:00-05:00,45.0,47.2599983215332,44.65999984741211,46.54999923706055,1853600,0.0,0.0
2023-02-03 00:00:00-05:00,45.439998626708984,46.20500183105469,44.4900016784668,44.790000915527344,663400,0.0,0.0
2023-02-06 00:00:00-05:00,44.27000045776367,44.75899887084961,43.31999969482422,43.779998779296875,586200,0.0,0.0
2023-02-07 00:00:00-05:00,43.790000915527344,46.11000061035156,42.84000015258789,45.91999816894531,1240300,0.0,0.0
2023-02-08 00:00:00-05:00,46.060001373291016,46.43000030517578,43.689998626708984,43.880001068115234,812900,0.0,0.0
2023-02-09 00:00:00-05:00,44.20000076293945,45.93000030517578,43.79999923706055,44.029998779296875,1320800,0.0,0.0
2023-02-10 00:00:00-05:00,43.34000015258789,44.130001068115234,42.141998291015625,42.77000045776367,1848200,0.0,0.0
2023-02-13 00:00:00-05:00,42.560001373291016,43.209999084472656,41.61000061035156,42.70000076293945,612800,0.0,0.0
2023-02-14 00:00:00-05:00,42.40999984741211,43.11000061035156,40.91999816894531,42.06999969482422,695900,0.0,0.0
2023-02-15 00:00:00-05:00,41.939998626708984,42.91999816894531,41.290000915527344,42.34000015258789,895500,0.0,0.0
2023-02-16 00:00:00-05:00,47.25,50.83000183105469,47.25,49.5099983215332,3572600,0.0,0.0
2023-02-17 00:00:00-05:00,49.400001525878906,51.529998779296875,48.69499969482422,49.91999816894531,2100400,0.0,0.0
2023-02-21 00:00:00-05:00,49.189998626708984,49.90999984741211,47.18000030517578,47.36000061035156,1077800,0.0,0.0
2023-02-22 00:00:00-05:00,47.439998626708984,48.81999969482422,46.7400016784668,47.90999984741211,910700,0.0,0.0
2023-02-23 00:00:00-05:00,47.90999984741211,48.16999816894531,46.0,47.380001068115234,1014400,0.0,0.0
2023-02-24 00:00:00-05:00,46.400001525878906,47.959999084472656,46.16999816894531,47.72999954223633,684200,0.0,0.0
2023-02-27 00:00:00-05:00,48.209999084472656,48.65999984741211,47.095001220703125,47.56999969482422,1443000,0.0,0.0
2023-02-28 00:00:00-05:00,47.34000015258789,49.775001525878906,46.994998931884766,48.54999923706055,2663900,0.0,0.0
2023-03-01 00:00:00-05:00,48.93000030517578,54.4900016784668,48.93000030517578,54.279998779296875,2984600,0.0,0.0
2023-03-02 00:00:00-05:00,53.08000183105469,56.939998626708984,52.83000183105469,56.470001220703125,3493300,0.0,0.0
2023-03-03 00:00:00-05:00,56.650001525878906,58.18000030517578,55.88199996948242,58.119998931884766,1890500,0.0,0.0
2023-03-06 00:00:00-05:00,58.290000915527344,58.70000076293945,56.5,56.72999954223633,1161900,0.0,0.0
2023-03-07 00:00:00-05:00,57.18000030517578,58.5099983215332,56.0,57.25,982800,0.0,0.0
2023-03-08 00:00:00-05:00,57.119998931884766,58.869998931884766,55.770999908447266,57.72999954223633,1422800,0.0,0.0
2023-03-09 00:00:00-05:00,58.11000061035156,59.75,57.189998626708984,57.52000045776367,1394400,0.0,0.0
2023-03-10 00:00:00-05:00,55.56999969482422,56.7400016784668,52.650001525878906,54.130001068115234,2333300,0.0,0.0
2023-03-13 00:00:00-04:00,53.34000015258789,56.25,52.4900016784668,55.18000030517578,2186700,0.0,0.0
2023-03-14 00:00:00-04:00,55.779998779296875,57.16999816894531,55.349998474121094,56.43000030517578,1116500,0.0,0.0
2023-03-15 00:00:00-04:00,55.790000915527344,57.439998626708984,55.41999816894531,57.040000915527344,1333200,0.0,0.0
2023-03-16 00:00:00-04:00,57.20000076293945,59.415000915527344,56.6349983215332,58.290000915527344,1101200,0.0,0.0
2023-03-17 00:00:00-04:00,57.97999954223633,58.013999938964844,56.34000015258789,56.630001068115234,1966300,0.0,0.0
2023-03-20 00:00:00-04:00,56.5,57.06800079345703,55.15999984741211,56.2599983215332,1090100,0.0,0.0
2023-03-21 00:00:00-04:00,56.630001068115234,57.59000015258789,56.0,56.630001068115234,1204400,0.0,0.0
2023-03-22 00:00:00-04:00,56.630001068115234,57.415000915527344,55.439998626708984,55.68000030517578,1352000,0.0,0.0
2023-03-23 00:00:00-04:00,56.08000183105469,56.81999969482422,55.060001373291016,55.70000076293945,750600,0.0,0.0
2023-03-24 00:00:00-04:00,55.09000015258789,56.720001220703125,54.31999969482422,56.650001525878906,929500,0.0,0.0
2023-03-27 00:00:00-04:00,56.709999084472656,57.45000076293945,55.540000915527344,55.9900016784668,679700,0.0,0.0
2023-03-28 00:00:00-04:00,55.79999923706055,55.88999938964844,54.060001373291016,54.150001525878906,887300,0.0,0.0
2023-03-29 00:00:00-04:00,55.0,57.415000915527344,54.529998779296875,56.900001525878906,1281100,0.0,0.0
2023-03-30 00:00:00-04:00,57.209999084472656,57.310001373291016,51.755001068115234,54.2599983215332,1978700,0.0,0.0
2023-03-31 00:00:00-04:00,54.459999084472656,56.255001068115234,53.900001525878906,55.52000045776367,963900,0.0,0.0
2023-04-03 00:00:00-04:00,54.720001220703125,54.790000915527344,53.099998474121094,54.27000045776367,1011400,0.0,0.0
2023-04-04 00:00:00-04:00,54.709999084472656,55.150001525878906,53.40999984741211,53.72999954223633,675500,0.0,0.0
2023-04-05 00:00:00-04:00,53.130001068115234,53.83000183105469,52.7400016784668,53.0,1291900,0.0,0.0
2023-04-06 00:00:00-04:00,52.720001220703125,52.77000045776367,51.56999969482422,51.90999984741211,3914300,0.0,0.0
2023-04-10 00:00:00-04:00,51.59000015258789,52.244998931884766,50.7599983215332,51.470001220703125,1591500,0.0,0.0
2023-04-11 00:00:00-04:00,51.54999923706055,52.76499938964844,51.41999816894531,51.970001220703125,842100,0.0,0.0
2023-04-12 00:00:00-04:00,52.58000183105469,53.310001373291016,50.34000015258789,51.16999816894531,916300,0.0,0.0
2023-04-13 00:00:00-04:00,51.470001220703125,52.400001525878906,51.31999969482422,52.04999923706055,1312300,0.0,0.0
2023-04-14 00:00:00-04:00,51.599998474121094,52.595001220703125,51.15999984741211,51.400001525878906,829700,0.0,0.0
2023-04-17 00:00:00-04:00,51.59000015258789,51.59000015258789,50.81999969482422,51.0,809200,0.0,0.0
2023-04-18 00:00:00-04:00,51.36000061035156,51.36000061035156,49.75,50.209999084472656,939700,0.0,0.0
2023-04-19 00:00:00-04:00,49.52000045776367,53.18000030517578,49.31999969482422,53.130001068115234,1138900,0.0,0.0
2023-04-20 00:00:00-04:00,52.470001220703125,54.33000183105469,51.849998474121094,54.2400016784668,1522400,0.0,0.0
2023-04-21 00:00:00-04:00,54.27000045776367,55.72999954223633,54.18000030517578,55.15999984741211,1086700,0.0,0.0
2023-04-24 00:00:00-04:00,54.900001525878906,56.060001373291016,52.880001068115234,53.0,1159300,0.0,0.0
2023-04-25 00:00:00-04:00,52.709999084472656,52.88999938964844,50.45199966430664,50.689998626708984,784200,0.0,0.0
2023-04-26 00:00:00-04:00,50.54999923706055,50.63999938964844,49.369998931884766,49.77000045776367,785400,0.0,0.0
2023-04-27 00:00:00-04:00,49.84000015258789,50.38999938964844,49.380001068115234,50.22999954223633,873300,0.0,0.0
2023-04-28 00:00:00-04:00,49.880001068115234,51.540000915527344,49.619998931884766,50.720001220703125,728800,0.0,0.0
2023-05-01 00:00:00-04:00,50.689998626708984,52.7599983215332,50.32600021362305,52.47999954223633,1001800,0.0,0.0
2023-05-02 00:00:00-04:00,52.33000183105469,52.630001068115234,50.1349983215332,50.31999969482422,1106100,0.0,0.0
2023-05-03 00:00:00-04:00,50.599998474121094,52.790000915527344,50.33000183105469,52.13999938964844,1059300,0.0,0.0
2023-05-04 00:00:00-04:00,52.16999816894531,53.099998474121094,51.45000076293945,52.93000030517578,1129100,0.0,0.0
2023-05-05 00:00:00-04:00,54.0,55.0099983215332,53.29499816894531,54.099998474121094,915900,0.0,0.0
2023-05-08 00:00:00-04:00,54.060001373291016,54.2599983215332,52.34000015258789,53.099998474121094,1434500,0.0,0.0
2023-05-09 00:00:00-04:00,52.40999984741211,53.68000030517578,51.665000915527344,53.0,1450700,0.0,0.0
2023-05-10 00:00:00-04:00,54.38999938964844,55.20000076293945,50.54999923706055,51.209999084472656,2173600,0.0,0.0
2023-05-11 00:00:00-04:00,51.369998931884766,52.720001220703125,50.86000061035156,51.619998931884766,1125900,0.0,0.0
2023-05-12 00:00:00-04:00,51.72999954223633,51.790000915527344,50.14500045776367,51.099998474121094,896500,0.0,0.0
2023-05-15 00:00:00-04:00,51.099998474121094,52.97999954223633,50.689998626708984,52.16999816894531,1051200,0.0,0.0
2023-05-16 00:00:00-04:00,51.27000045776367,51.27000045776367,48.939998626708984,51.0,1474300,0.0,0.0
2023-05-17 00:00:00-04:00,51.22999954223633,51.52000045776367,49.18000030517578,49.63999938964844,849400,0.0,0.0
2023-05-18 00:00:00-04:00,49.220001220703125,50.75,48.7599983215332,49.63999938964844,872200,0.0,0.0
2023-05-19 00:00:00-04:00,49.68000030517578,50.845001220703125,49.119998931884766,50.72999954223633,693400,0.0,0.0
2023-05-22 00:00:00-04:00,50.81999969482422,53.775001525878906,50.779998779296875,53.08000183105469,943500,0.0,0.0
2023-05-23 00:00:00-04:00,53.060001373291016,53.689998626708984,51.279998779296875,51.91999816894531,951400,0.0,0.0
2023-05-24 00:00:00-04:00,51.439998626708984,51.439998626708984,49.540000915527344,50.880001068115234,818100,0.0,0.0
2023-05-25 00:00:00-04:00,51.0,51.0,47.33000183105469,48.2400016784668,1094300,0.0,0.0
2023-05-26 00:00:00-04:00,48.4900016784668,49.720001220703125,48.31999969482422,48.619998931884766,912000,0.0,0.0
2023-05-30 00:00:00-04:00,48.68000030517578,49.25,46.90999984741211,47.08000183105469,659500,0.0,0.0
2023-05-31 00:00:00-04:00,47.08000183105469,48.189998626708984,46.66999816894531,47.11000061035156,811800,0.0,0.0
2023-06-01 00:00:00-04:00,46.9900016784668,49.54999923706055,46.650001525878906,49.290000915527344,895800,0.0,0.0
2023-06-02 00:00:00-04:00,49.81999969482422,50.01499938964844,48.220001220703125,48.810001373291016,786800,0.0,0.0
2023-06-05 00:00:00-04:00,48.52000045776367,48.720001220703125,46.31999969482422,47.75,1555100,0.0,0.0
2023-06-06 00:00:00-04:00,47.75,48.5,47.08000183105469,48.33000183105469,981800,0.0,0.0
2023-06-07 00:00:00-04:00,48.189998626708984,50.290000915527344,48.13999938964844,49.560001373291016,832100,0.0,0.0
2023-06-08 00:00:00-04:00,49.369998931884766,49.525001525878906,47.86000061035156,48.81999969482422,843900,0.0,0.0
2023-06-09 00:00:00-04:00,49.119998931884766,49.349998474121094,47.650001525878906,48.380001068115234,670100,0.0,0.0
2023-06-12 00:00:00-04:00,49.099998474121094,50.18000030517578,48.345001220703125,49.470001220703125,709100,0.0,0.0
2023-06-13 00:00:00-04:00,49.63999938964844,50.81999969482422,49.56999969482422,50.720001220703125,672300,0.0,0.0
2023-06-14 00:00:00-04:00,50.95000076293945,51.2599983215332,49.56999969482422,50.470001220703125,1420400,0.0,0.0
2023-06-15 00:00:00-04:00,50.040000915527344,51.2599983215332,48.70000076293945,50.720001220703125,1453800,0.0,0.0
2023-06-16 00:00:00-04:00,51.099998474121094,51.5,49.880001068115234,50.25,2237300,0.0,0.0
2023-06-20 00:00:00-04:00,49.63999938964844,52.220001220703125,49.18000030517578,52.099998474121094,1146100,0.0,0.0
2023-06-21 00:00:00-04:00,52.0099983215332,53.5099983215332,51.31999969482422,52.68000030517578,1167000,0.0,0.0
2023-06-22 00:00:00-04:00,52.560001373291016,53.33000183105469,51.005001068115234,53.029998779296875,797300,0.0,0.0
2023-06-23 00:00:00-04:00,52.650001525878906,52.810001373291016,51.290000915527344,51.369998931884766,1664100,0.0,0.0
2023-06-26 00:00:00-04:00,51.09000015258789,51.09000015258789,48.90999984741211,49.849998474121094,1200700,0.0,0.0
2023-06-27 00:00:00-04:00,49.939998626708984,50.81999969482422,48.76499938964844,50.790000915527344,1086100,0.0,0.0
2023-06-28 00:00:00-04:00,50.72999954223633,51.55500030517578,50.04999923706055,51.47999954223633,989600,0.0,0.0
2023-06-29 00:00:00-04:00,50.41999816894531,51.45000076293945,48.41999816894531,49.029998779296875,1253700,0.0,0.0
2023-06-30 00:00:00-04:00,49.72999954223633,50.47999954223633,48.54999923706055,48.65999984741211,1188400,0.0,0.0
2023-07-03 00:00:00-04:00,48.630001068115234,49.119998931884766,47.79600143432617,48.75,494900,0.0,0.0
2023-07-05 00:00:00-04:00,48.52000045776367,48.810001373291016,47.095001220703125,48.04999923706055,773700,0.0,0.0
2023-07-06 00:00:00-04:00,47.41999816894531,47.5,46.439998626708984,47.099998474121094,908100,0.0,0.0
2023-07-07 00:00:00-04:00,46.9900016784668,47.59000015258789,46.189998626708984,46.88999938964844,993300,0.0,0.0
2023-07-10 00:00:00-04:00,46.7400016784668,49.11000061035156,46.63999938964844,48.310001373291016,980900,0.0,0.0
2023-07-11 00:00:00-04:00,48.06999969482422,49.369998931884766,47.900001525878906,49.0,682700,0.0,0.0
2023-07-12 00:00:00-04:00,49.720001220703125,51.15999984741211,49.43000030517578,51.119998931884766,752400,0.0,0.0
2023-07-13 00:00:00-04:00,51.25,51.70000076293945,50.689998626708984,50.790000915527344,822800,0.0,0.0
2023-07-14 00:00:00-04:00,50.79999923706055,51.03499984741211,49.189998626708984,49.560001373291016,587200,0.0,0.0
2023-07-17 00:00:00-04:00,49.380001068115234,50.099998474121094,48.75,49.25,500900,0.0,0.0
2023-07-18 00:00:00-04:00,49.189998626708984,49.439998626708984,48.40999984741211,48.66999816894531,429500,0.0,0.0
2023-07-19 00:00:00-04:00,49.099998474121094,50.45000076293945,48.220001220703125,48.33000183105469,894500,0.0,0.0
2023-07-20 00:00:00-04:00,48.20000076293945,48.880001068115234,47.44499969482422,47.47999954223633,648400,0.0,0.0
2023-07-21 00:00:00-04:00,47.560001373291016,49.599998474121094,46.959999084472656,49.310001373291016,675800,0.0,0.0
2023-07-24 00:00:00-04:00,48.970001220703125,49.119998931884766,46.75,46.790000915527344,1094500,0.0,0.0
2023-07-25 00:00:00-04:00,46.58000183105469,47.849998474121094,46.58000183105469,47.09000015258789,547800,0.0,0.0
2023-07-26 00:00:00-04:00,46.81999969482422,47.150001525878906,46.13999938964844,47.119998931884766,435500,0.0,0.0
2023-07-27 00:00:00-04:00,47.70000076293945,47.88999938964844,44.91999816894531,45.31999969482422,1130100,0.0,0.0
2023-07-28 00:00:00-04:00,46.04999923706055,46.474998474121094,45.400001525878906,45.880001068115234,702700,0.0,0.0
2023-07-31 00:00:00-04:00,45.90999984741211,45.91999816894531,44.61000061035156,45.220001220703125,925800,0.0,0.0
2023-08-01 00:00:00-04:00,45.029998779296875,45.66999816894531,44.54999923706055,45.36000061035156,898100,0.0,0.0
2023-08-02 00:00:00-04:00,44.599998474121094,44.92499923706055,43.540000915527344,43.93000030517578,896700,0.0,0.0
2023-08-03 00:00:00-04:00,43.83000183105469,44.34000015258789,43.189998626708984,43.400001525878906,1544100,0.0,0.0
2023-08-04 00:00:00-04:00,49.4900016784668,52.54999923706055,49.185001373291016,51.02000045776367,2889100,0.0,0.0
2023-08-07 00:00:00-04:00,50.7400016784668,51.18000030517578,48.48500061035156,51.02000045776367,2058500,0.0,0.0
2023-08-08 00:00:00-04:00,51.369998931884766,53.41999816894531,50.07500076293945,52.720001220703125,1977800,0.0,0.0
2023-08-09 00:00:00-04:00,52.90999984741211,53.018001556396484,51.505001068115234,52.25,1354000,0.0,0.0
2023-08-10 00:00:00-04:00,52.439998626708984,54.21500015258789,52.22999954223633,53.34000015258789,961700,0.0,0.0
2023-08-11 00:00:00-04:00,53.58000183105469,56.58000183105469,53.2599983215332,56.209999084472656,2269500,0.0,0.0
2023-08-14 00:00:00-04:00,55.58000183105469,57.22999954223633,55.38999938964844,56.90999984741211,1162100,0.0,0.0
2023-08-15 00:00:00-04:00,56.38999938964844,56.470001220703125,54.709999084472656,54.81999969482422,1062200,0.0,0.0
2023-08-16 00:00:00-04:00,54.939998626708984,55.09000015258789,53.040000915527344,53.310001373291016,740700,0.0,0.0
2023-08-17 00:00:00-04:00,53.38999938964844,53.400001525878906,51.869998931884766,51.970001220703125,540600,0.0,0.0
2023-08-18 00:00:00-04:00,51.369998931884766,53.06999969482422,51.189998626708984,52.599998474121094,711400,0.0,0.0
2023-08-21 00:00:00-04:00,52.22999954223633,55.5,52.12200164794922,54.91999816894531,906700,0.0,0.0
2023-08-22 00:00:00-04:00,55.0,55.18000030517578,53.5,53.75,520700,0.0,0.0
2023-08-23 00:00:00-04:00,54.310001373291016,55.474998474121094,53.917999267578125,55.11000061035156,671000,0.0,0.0
2023-08-24 00:00:00-04:00,55.11000061035156,56.790000915527344,54.279998779296875,55.45000076293945,1070700,0.0,0.0
2023-08-25 00:00:00-04:00,55.25,58.08399963378906,55.150001525878906,57.380001068115234,870400,0.0,0.0
2023-08-28 00:00:00-04:00,57.34000015258789,57.380001068115234,55.349998474121094,55.5099983215332,608700,0.0,0.0
2023-08-29 00:00:00-04:00,55.36000061035156,56.599998474121094,54.70000076293945,55.88999938964844,426000,0.0,0.0
2023-08-30 00:00:00-04:00,55.66999816894531,59.88999938964844,55.54999923706055,59.099998474121094,887300,0.0,0.0
2023-08-31 00:00:00-04:00,59.2599983215332,59.65999984741211,58.15999984741211,58.72999954223633,1102300,0.0,0.0
2023-09-01 00:00:00-04:00,59.47999954223633,63.0,59.47999954223633,62.52000045776367,1642600,0.0,0.0
2023-09-05 00:00:00-04:00,62.15999984741211,62.15999984741211,58.459999084472656,59.43000030517578,1156600,0.0,0.0
2023-09-06 00:00:00-04:00,59.650001525878906,59.71500015258789,57.06999969482422,58.0,1177800,0.0,0.0
2023-09-07 00:00:00-04:00,56.36000061035156,56.9900016784668,54.869998931884766,55.25,3183100,0.0,0.0
2023-09-08 00:00:00-04:00,55.5,55.5,53.88999938964844,54.20000076293945,1399900,0.0,0.0
2023-09-11 00:00:00-04:00,54.130001068115234,55.18000030517578,53.31999969482422,54.59000015258789,891800,0.0,0.0
2023-09-12 00:00:00-04:00,54.25,55.0,53.68000030517578,54.56999969482422,588900,0.0,0.0
2023-09-13 00:00:00-04:00,54.38999938964844,56.04999923706055,53.84000015258789,55.5,1300100,0.0,0.0
2023-09-14 00:00:00-04:00,55.68000030517578,55.90999984741211,52.470001220703125,52.61000061035156,1374600,0.0,0.0
2023-09-15 00:00:00-04:00,52.540000915527344,52.6150016784668,51.150001525878906,51.5,1752200,0.0,0.0
2023-09-18 00:00:00-04:00,51.5,51.599998474121094,50.310001373291016,51.060001373291016,997300,0.0,0.0
2023-09-19 00:00:00-04:00,51.099998474121094,51.119998931884766,49.709999084472656,50.529998779296875,1370900,0.0,0.0
2023-09-20 00:00:00-04:00,51.029998779296875,51.310001373291016,48.880001068115234,49.15999984741211,1076600,0.0,0.0
2023-09-21 00:00:00-04:00,48.439998626708984,48.68000030517578,46.5,47.290000915527344,1617900,0.0,0.0
2023-09-22 00:00:00-04:00,47.400001525878906,47.599998474121094,45.7400016784668,45.81999969482422,1040000,0.0,0.0
2023-09-25 00:00:00-04:00,45.75,46.15999984741211,44.93000030517578,45.20000076293945,819100,0.0,0.0
2023-09-26 00:00:00-04:00,44.68000030517578,45.540000915527344,44.64500045776367,44.970001220703125,1012400,0.0,0.0
2023-09-27 00:00:00-04:00,45.20000076293945,47.06999969482422,45.20000076293945,46.619998931884766,1469700,0.0,0.0
2023-09-28 00:00:00-04:00,46.41999816894531,46.540000915527344,45.209999084472656,45.31999969482422,1362700,0.0,0.0
2023-09-29 00:00:00-04:00,45.7599983215332,46.54999923706055,43.439998626708984,44.25,1625600,0.0,0.0
2023-10-02 00:00:00-04:00,43.630001068115234,44.23400115966797,43.0,43.68000030517578,1284700,0.0,0.0
2023-10-03 00:00:00-04:00,43.54999923706055,43.9900016784668,43.02000045776367,43.95000076293945,1368900,0.0,0.0
2023-10-04 00:00:00-04:00,44.25,44.35499954223633,42.119998931884766,43.15999984741211,1833800,0.0,0.0
2023-10-05 00:00:00-04:00,43.16999816894531,43.630001068115234,42.31999969482422,43.11000061035156,1226900,0.0,0.0
2023-10-06 00:00:00-04:00,42.15999984741211,44.12300109863281,42.0099983215332,43.54999923706055,863200,0.0,0.0
2023-10-09 00:00:00-04:00,43.02000045776367,43.540000915527344,42.27000045776367,43.0099983215332,940000,0.0,0.0
2023-10-10 00:00:00-04:00,43.040000915527344,46.11000061035156,42.62900161743164,45.88999938964844,1866200,0.0,0.0
2023-10-11 00:00:00-04:00,46.04999923706055,46.47999954223633,44.369998931884766,44.810001373291016,1332700,0.0,0.0
2023-10-12 00:00:00-04:00,44.779998779296875,45.375,38.75,39.38999938964844,2626600,0.0,0.0
2023-10-13 00:00:00-04:00,39.540000915527344,42.0099983215332,38.470001220703125,41.540000915527344,2103900,0.0,0.0
2023-10-16 00:00:00-04:00,41.2400016784668,42.474998474121094,40.13999938964844,42.33000183105469,1573600,0.0,0.0
2023-10-17 00:00:00-04:00,41.869998931884766,43.415000915527344,41.869998931884766,42.5,1014600,0.0,0.0
2023-10-18 00:00:00-04:00,42.38999938964844,42.38999938964844,40.83000183105469,41.880001068115234,857800,0.0,0.0
2023-10-19 00:00:00-04:00,41.599998474121094,42.11000061035156,41.09000015258789,41.43000030517578,697800,0.0,0.0
2023-10-20 00:00:00-04:00,41.66999816894531,41.66999816894531,40.68000030517578,40.7599983215332,461400,0.0,0.0
2023-10-23 00:00:00-04:00,40.36000061035156,41.189998626708984,39.44499969482422,40.08000183105469,718600,0.0,0.0
2023-10-24 00:00:00-04:00,40.349998474121094,41.32500076293945,40.18000030517578,40.790000915527344,993000,0.0,0.0
2023-10-25 00:00:00-04:00,39.81999969482422,40.61000061035156,38.83000183105469,40.060001373291016,1046600,0.0,0.0
2023-10-26 00:00:00-04:00,40.08000183105469,40.560001373291016,38.810001373291016,39.04999923706055,1229200,0.0,0.0
2023-10-27 00:00:00-04:00,39.459999084472656,39.459999084472656,37.875,38.2599983215332,803200,0.0,0.0
2023-10-30 00:00:00-04:00,38.349998474121094,38.630001068115234,36.900001525878906,37.54999923706055,1199400,0.0,0.0
2023-10-31 00:00:00-04:00,37.68000030517578,39.599998474121094,37.665000915527344,39.470001220703125,867900,0.0,0.0
2023-11-01 00:00:00-04:00,38.880001068115234,39.73500061035156,38.0,39.689998626708984,873400,0.0,0.0
2023-11-02 00:00:00-04:00,40.529998779296875,41.56999969482422,40.165000915527344,40.54999923706055,940600,0.0,0.0
2023-11-03 00:00:00-04:00,40.939998626708984,42.9900016784668,40.939998626708984,42.7400016784668,993700,0.0,0.0
2023-11-06 00:00:00-05:00,42.290000915527344,43.380001068115234,42.119998931884766,43.099998474121094,1788200,0.0,0.0
2023-11-07 00:00:00-05:00,43.380001068115234,44.59000015258789,42.75,43.63999938964844,1418300,0.0,0.0
2023-11-08 00:00:00-05:00,43.599998474121094,43.599998474121094,40.61000061035156,41.34000015258789,1994500,0.0,0.0
2023-11-09 00:00:00-05:00,47.5,48.59000015258789,45.099998474121094,45.38999938964844,3587400,0.0,0.0
2023-11-10 00:00:00-05:00,45.459999084472656,47.44499969482422,44.77000045776367,46.7400016784668,1404700,0.0,0.0
2023-11-13 00:00:00-05:00,48.18000030517578,48.9900016784668,46.959999084472656,48.540000915527344,1797200,0.0,0.0
2023-11-14 00:00:00-05:00,49.970001220703125,52.16999816894531,49.970001220703125,52.119998931884766,1711500,0.0,0.0
2023-11-15 00:00:00-05:00,52.189998626708984,54.15999984741211,52.03499984741211,52.970001220703125,1227900,0.0,0.0
2023-11-16 00:00:00-05:00,52.63999938964844,53.35499954223633,52.01499938964844,52.810001373291016,822200,0.0,0.0
2023-11-17 00:00:00-05:00,53.63999938964844,54.11000061035156,53.060001373291016,53.52000045776367,872100,0.0,0.0
2023-11-20 00:00:00-05:00,53.52000045776367,55.20500183105469,53.310001373291016,54.790000915527344,955700,0.0,0.0
2023-11-21 00:00:00-05:00,54.13999938964844,54.61000061035156,53.720001220703125,53.95000076293945,979600,0.0,0.0
2023-11-22 00:00:00-05:00,54.72999954223633,55.2400016784668,54.2599983215332,54.650001525878906,1222600,0.0,0.0
2023-11-24 00:00:00-05:00,54.189998626708984,55.79499816894531,53.61800003051758,55.0,425000,0.0,0.0
2023-11-27 00:00:00-05:00,54.459999084472656,55.32500076293945,54.202999114990234,55.040000915527344,880800,0.0,0.0
2023-11-28 00:00:00-05:00,54.75,55.189998626708984,53.880001068115234,55.0099983215332,787200,0.0,0.0
2023-11-29 00:00:00-05:00,55.20000076293945,57.31999969482422,55.20000076293945,56.63999938964844,1339100,0.0,0.0
2023-11-30 00:00:00-05:00,56.970001220703125,58.560001373291016,55.790000915527344,55.95000076293945,1962200,0.0,0.0
2023-12-01 00:00:00-05:00,56.04999923706055,58.790000915527344,55.630001068115234,58.459999084472656,2471700,0.0,0.0
2023-12-04 00:00:00-05:00,58.040000915527344,59.369998931884766,57.86000061035156,59.310001373291016,2188500,0.0,0.0
2023-12-05 00:00:00-05:00,57.970001220703125,58.720001220703125,56.900001525878906,58.279998779296875,1317200,0.0,0.0
2023-12-06 00:00:00-05:00,58.90999984741211,59.17499923706055,57.65999984741211,57.900001525878906,826600,0.0,0.0
2023-12-07 00:00:00-05:00,58.0099983215332,58.060001373291016,56.84000015258789,57.939998626708984,678700,0.0,0.0
2023-12-08 00:00:00-05:00,57.52000045776367,58.65999984741211,57.02000045776367,58.150001525878906,942000,0.0,0.0
2023-12-11 00:00:00-05:00,57.91999816894531,57.91999816894531,55.560001373291016,56.70000076293945,1409000,0.0,0.0
2023-12-12 00:00:00-05:00,57.70000076293945,58.775001525878906,56.0,58.52000045776367,1103700,0.0,0.0
2023-12-13 00:00:00-05:00,58.560001373291016,60.650001525878906,58.13999938964844,60.08000183105469,2221100,0.0,0.0
2023-12-14 00:00:00-05:00,60.47999954223633,62.70000076293945,60.060001373291016,60.27000045776367,2765200,0.0,0.0
2023-12-15 00:00:00-05:00,60.0,60.185001373291016,58.36000061035156,59.0099983215332,2356700,0.0,0.0
2023-12-18 00:00:00-05:00,58.95000076293945,59.279998779296875,57.4900016784668,57.54999923706055,1251200,0.0,0.0
2023-12-19 00:00:00-05:00,58.099998474121094,59.58000183105469,58.02000045776367,59.27000045776367,1684800,0.0,0.0
2023-12-20 00:00:00-05:00,59.0,59.7400016784668,57.220001220703125,57.279998779296875,1209700,0.0,0.0
2023-12-21 00:00:00-05:00,58.209999084472656,61.33000183105469,58.209999084472656,60.290000915527344,1748100,0.0,0.0
2023-12-22 00:00:00-05:00,60.29999923706055,61.70500183105469,60.029998779296875,60.84000015258789,673600,0.0,0.0
2023-12-26 00:00:00-05:00,61.16999816894531,61.81999969482422,60.630001068115234,61.16999816894531,480700,0.0,0.0
2023-12-27 00:00:00-05:00,61.099998474121094,62.040000915527344,61.09000015258789,61.220001220703125,683100,0.0,0.0
2023-12-28 00:00:00-05:00,61.9900016784668,63.939998626708984,61.57500076293945,62.040000915527344,1697200,0.0,0.0
2023-12-29 00:00:00-05:00,62.290000915527344,62.779998779296875,61.720001220703125,62.63999938964844,1292900,0.0,0.0
2024-01-02 00:00:00-05:00,61.68000030517578,63.38999938964844,61.68000030517578,61.91999816894531,844200,0.0,0.0
2024-01-03 00:00:00-05:00,61.25,61.25,58.75,59.209999084472656,1214400,0.0,0.0
2024-01-04 00:00:00-05:00,59.06999969482422,60.0,58.625,59.689998626708984,1824100,0.0,0.0
2024-01-05 00:00:00-05:00,59.36000061035156,62.599998474121094,58.529998779296875,62.22999954223633,1101900,0.0,0.0
2024-01-08 00:00:00-05:00,61.810001373291016,65.0999984741211,61.16999816894531,64.8499984741211,1282800,0.0,0.0
2024-01-09 00:00:00-05:00,64.6500015258789,68.0999984741211,63.79999923706055,66.0999984741211,2865500,0.0,0.0
2024-01-10 00:00:00-05:00,66.27999877929688,66.7699966430664,62.650001525878906,63.88999938964844,1557700,0.0,0.0
2024-01-11 00:00:00-05:00,63.41999816894531,63.52000045776367,62.084999084472656,63.0099983215332,1466100,0.0,0.0
2024-01-12 00:00:00-05:00,63.47999954223633,63.959999084472656,60.290000915527344,60.88999938964844,1274700,0.0,0.0
2024-01-16 00:00:00-05:00,60.29999923706055,62.91999816894531,59.79999923706055,62.90999984741211,1010500,0.0,0.0
2024-01-17 00:00:00-05:00,68.23999786376953,68.58999633789062,64.57599639892578,67.5,3808800,0.0,0.0
2024-01-18 00:00:00-05:00,67.88999938964844,68.22000122070312,65.93000030517578,67.55999755859375,2105800,0.0,0.0
2024-01-19 00:00:00-05:00,68.2300033569336,68.2300033569336,66.12999725341797,66.62999725341797,2693100,0.0,0.0
2024-01-22 00:00:00-05:00,68.16000366210938,68.9219970703125,65.94999694824219,66.68000030517578,1374800,0.0,0.0
2024-01-23 00:00:00-05:00,66.80999755859375,67.375,65.26000213623047,66.5199966430664,1068000,0.0,0.0
2024-01-24 00:00:00-05:00,67.0,67.19499969482422,65.31999969482422,65.61000061035156,676400,0.0,0.0
2024-01-25 00:00:00-05:00,66.0,66.41999816894531,63.970001220703125,64.62000274658203,996400,0.0,0.0
2024-01-26 00:00:00-05:00,64.70999908447266,66.12999725341797,64.0,65.44000244140625,957400,0.0,0.0
2024-01-29 00:00:00-05:00,65.1500015258789,66.47000122070312,62.959999084472656,66.41000366210938,2619300,0.0,0.0
2024-01-30 00:00:00-05:00,65.69999694824219,66.83499908447266,65.16999816894531,66.0,930700,0.0,0.0
2024-01-31 00:00:00-05:00,65.5,66.94000244140625,65.5,65.94000244140625,1423700,0.0,0.0
2024-02-01 00:00:00-05:00,66.58000183105469,68.61000061035156,66.0,68.19000244140625,1849300,0.0,0.0
2024-02-02 00:00:00-05:00,67.27999877929688,68.06999969482422,64.73999786376953,67.7300033569336,1034400,0.0,0.0
2024-02-05 00:00:00-05:00,67.12999725341797,68.97000122070312,66.68000030517578,68.81999969482422,886600,0.0,0.0
2024-02-06 00:00:00-05:00,68.87999725341797,70.4000015258789,68.30000305175781,70.22000122070312,1264500,0.0,0.0
2024-02-07 00:00:00-05:00,70.33000183105469,71.29000091552734,69.83000183105469,69.91999816894531,1510500,0.0,0.0
2024-02-08 00:00:00-05:00,69.81999969482422,70.4749984741211,69.16999816894531,69.6500015258789,685100,0.0,0.0
2024-02-09 00:00:00-05:00,69.3499984741211,70.29000091552734,69.3499984741211,69.73999786376953,605100,0.0,0.0
2024-02-12 00:00:00-05:00,69.30999755859375,71.12999725341797,69.30999755859375,70.97000122070312,813700,0.0,0.0
2024-02-13 00:00:00-05:00,68.41000366210938,70.0,67.33000183105469,68.4000015258789,1505300,0.0,0.0
2024-02-14 00:00:00-05:00,69.13999938964844,70.08499908447266,68.73999786376953,69.66999816894531,1176800,0.0,0.0
2024-02-15 00:00:00-05:00,69.94000244140625,70.66500091552734,68.7300033569336,69.69999694824219,905800,0.0,0.0
2024-02-16 00:00:00-05:00,68.87999725341797,70.23999786376953,68.08000183105469,70.01000213623047,1500000,0.0,0.0
2024-02-20 00:00:00-05:00,68.70999908447266,70.63999938964844,68.02999877929688,70.41000366210938,978400,0.0,0.0
2024-02-21 00:00:00-05:00,70.41000366210938,70.95999908447266,69.13999938964844,69.76000213623047,781000,0.0,0.0
2024-02-22 00:00:00-05:00,70.02999877929688,71.73500061035156,69.73999786376953,71.1500015258789,933400,0.0,0.0
2024-02-23 00:00:00-05:00,71.5199966430664,71.73999786376953,69.90499877929688,70.45999908447266,564900,0.0,0.0
2024-02-26 00:00:00-05:00,71.0,74.79000091552734,70.70999908447266,74.19000244140625,1751700,0.0,0.0
2024-02-27 00:00:00-05:00,74.30000305175781,76.56999969482422,73.93000030517578,76.16000366210938,2305600,0.0,0.0
2024-02-28 00:00:00-05:00,75.79000091552734,76.93000030517578,75.18499755859375,76.55000305175781,2350700,0.0,0.0
2024-02-29 00:00:00-05:00,85.7300033569336,90.5999984741211,83.7699966430664,86.48999786376953,3878700,0.0,0.0
2024-03-01 00:00:00-05:00,86.73999786376953,90.37999725341797,86.61000061035156,89.41000366210938,3069300,0.0,0.0
2024-03-04 00:00:00-05:00,90.05000305175781,90.9000015258789,87.72000122070312,90.20999908447266,1732300,0.0,0.0
2024-03-05 00:00:00-05:00,89.2699966430664,89.95999908447266,86.1500015258789,87.62000274658203,1971900,0.0,0.0
2024-03-06 00:00:00-05:00,88.04000091552734,91.12000274658203,87.95500183105469,90.22000122070312,1431400,0.0,0.0
2024-03-07 00:00:00-05:00,90.25,91.98999786376953,89.26000213623047,91.66000366210938,1308500,0.0,0.0
2024-03-08 00:00:00-05:00,92.13999938964844,93.4800033569336,87.62000274658203,89.05999755859375,1068000,0.0,0.0
2024-03-11 00:00:00-04:00,89.06999969482422,90.83999633789062,87.9000015258789,89.27999877929688,1714600,0.0,0.0
2024-03-12 00:00:00-04:00,89.33999633789062,90.83999633789062,88.51000213623047,90.80999755859375,1509800,0.0,0.0
2024-03-13 00:00:00-04:00,90.7699966430664,91.9800033569336,88.5199966430664,88.95999908447266,863100,0.0,0.0
2024-03-14 00:00:00-04:00,88.5,89.16500091552734,86.51000213623047,87.70999908447266,1420100,0.0,0.0
2024-03-15 00:00:00-04:00,87.44000244140625,89.9749984741211,87.3499984741211,89.5199966430664,2078000,0.0,0.0
2024-03-18 00:00:00-04:00,89.69000244140625,91.0,88.69999694824219,90.12000274658203,840300,0.0,0.0
2024-03-19 00:00:00-04:00,89.37000274658203,91.67500305175781,88.0,91.26000213623047,757700,0.0,0.0
2024-03-20 00:00:00-04:00,91.18000030517578,93.45999908447266,90.30000305175781,92.9000015258789,6147000,0.0,0.0
2024-03-21 00:00:00-04:00,93.47000122070312,96.23999786376953,91.81999969482422,91.87000274658203,1517000,0.0,0.0
2024-03-22 00:00:00-04:00,92.30999755859375,92.8550033569336,91.13999938964844,92.31999969482422,452400,0.0,0.0
2024-03-25 00:00:00-04:00,92.0,93.0,91.09500122070312,91.38999938964844,1066900,0.0,0.0
2024-03-26 00:00:00-04:00,92.55999755859375,92.62000274658203,89.91000366210938,90.0,1391400,0.0,0.0
2024-03-27 00:00:00-04:00,90.4000015258789,90.8550033569336,87.88999938964844,90.45999908447266,1617200,0.0,0.0
2024-03-28 00:00:00-04:00,90.12999725341797,92.41999816894531,89.19999694824219,91.45999908447266,971300,0.0,0.0
2024-04-01 00:00:00-04:00,90.91000366210938,93.5,89.5199966430664,92.95999908447266,1092700,0.0,0.0
2024-04-02 00:00:00-04:00,91.8499984741211,92.8499984741211,89.94999694824219,91.91000366210938,972600,0.0,0.0
2024-04-03 00:00:00-04:00,91.29000091552734,93.91999816894531,91.08999633789062,92.61000061035156,1282200,0.0,0.0
2024-04-04 00:00:00-04:00,92.70999908447266,96.80000305175781,92.12999725341797,92.36000061035156,1977300,0.0,0.0
2024-04-05 00:00:00-04:00,94.62000274658203,98.81999969482422,94.43000030517578,96.75,1540900,0.0,0.0
2024-04-08 00:00:00-04:00,97.63999938964844,97.8949966430664,94.75,95.43000030517578,1265300,0.0,0.0
2024-04-09 00:00:00-04:00,95.6500015258789,97.5999984741211,95.1500015258789,97.4800033569336,1197300,0.0,0.0
2024-04-10 00:00:00-04:00,94.7300033569336,97.9800033569336,92.80999755859375,96.5,1041400,0.0,0.0
2024-04-11 00:00:00-04:00,96.12999725341797,96.7699966430664,94.94000244140625,96.70999908447266,1060900,0.0,0.0
2024-04-12 00:00:00-04:00,96.68000030517578,97.16000366210938,93.81999969482422,94.47000122070312,959900,0.0,0.0
2024-04-15 00:00:00-04:00,94.30000305175781,94.5999984741211,90.125,90.41999816894531,1182100,0.0,0.0
2024-04-16 00:00:00-04:00,90.70999908447266,91.49500274658203,89.72000122070312,90.31999969482422,1389500,0.0,0.0
2024-04-17 00:00:00-04:00,91.05999755859375,91.05999755859375,89.05999755859375,90.33000183105469,694100,0.0,0.0
2024-04-18 00:00:00-04:00,89.63999938964844,90.33000183105469,87.19000244140625,87.27999877929688,1172400,0.0,0.0
2024-04-19 00:00:00-04:00,87.01000213623047,87.19499969482422,83.12999725341797,85.27999877929688,2526100,0.0,0.0
2024-04-22 00:00:00-04:00,86.45999908447266,89.27999877929688,85.09500122070312,88.61000061035156,1120900,0.0,0.0
2024-04-23 00:00:00-04:00,89.44000244140625,93.05000305175781,89.44000244140625,91.04000091552734,1178400,0.0,0.0
2024-04-24 00:00:00-04:00,91.87000274658203,93.63999938964844,91.41000366210938,91.5,847300,0.0,0.0
2024-04-25 00:00:00-04:00,89.55000305175781,91.36499786376953,87.19999694824219,91.27999877929688,840800,0.0,0.0
2024-04-26 00:00:00-04:00,92.0,92.83000183105469,91.05000305175781,91.66000366210938,568900,0.0,0.0
2024-04-29 00:00:00-04:00,91.5199966430664,94.87999725341797,90.88200378417969,94.04000091552734,1538700,0.0,0.0
2024-04-30 00:00:00-04:00,93.05999755859375,94.95999908447266,92.0999984741211,92.87999725341797,621700,0.0,0.0
2024-05-01 00:00:00-04:00,93.0,95.9800033569336,92.01000213623047,94.1500015258789,1029400,0.0,0.0
2024-05-02 00:00:00-04:00,95.02999877929688,95.91999816894531,92.7699966430664,93.72000122070312,623100,0.0,0.0
2024-05-03 00:00:00-04:00,95.87999725341797,97.44000244140625,94.9800033569336,96.9800033569336,1069800,0.0,0.0
2024-05-06 00:00:00-04:00,96.55000305175781,97.7699966430664,95.66999816894531,97.20999908447266,1034600,0.0,0.0
2024-05-07 00:00:00-04:00,96.94999694824219,98.16500091552734,95.37999725341797,97.1500015258789,774300,0.0,0.0
2024-05-08 00:00:00-04:00,97.01000213623047,97.79000091552734,94.30000305175781,95.66000366210938,1241400,0.0,0.0
2024-05-09 00:00:00-04:00,94.9800033569336,96.11000061035156,93.05000305175781,95.55000305175781,3191500,0.0,0.0
2024-05-10 00:00:00-04:00,108.11000061035156,108.31500244140625,101.0199966430664,105.29000091552734,3499300,0.0,0.0
2024-05-13 00:00:00-04:00,105.0999984741211,105.75499725341797,102.0,103.33000183105469,1679600,0.0,0.0
2024-05-14 00:00:00-04:00,104.06999969482422,107.55999755859375,103.66999816894531,105.5199966430664,1303900,0.0,0.0
2024-05-15 00:00:00-04:00,106.87000274658203,108.30000305175781,105.875,107.30999755859375,1158700,0.0,0.0
2024-05-16 00:00:00-04:00,106.70999908447266,108.66999816894531,106.0,108.5,1051600,0.0,0.0
2024-05-17 00:00:00-04:00,108.62999725341797,108.75,106.4000015258789,106.45999908447266,938900,0.0,0.0
2024-05-20 00:00:00-04:00,106.41999816894531,108.04499816894531,105.6500015258789,106.30999755859375,1004000,0.0,0.0
2024-05-21 00:00:00-04:00,106.19499969482422,108.47000122070312,105.86000061035156,108.26000213623047,764200,0.0,0.0
2024-05-22 00:00:00-04:00,108.5,110.08999633789062,107.87000274658203,108.51000213623047,735100,0.0,0.0
2024-05-23 00:00:00-04:00,109.0,109.58999633789062,106.37000274658203,107.51000213623047,807700,0.0,0.0
2024-05-24 00:00:00-04:00,108.4000015258789,110.08999633789062,107.41000366210938,109.51000213623047,652300,0.0,0.0
2024-05-28 00:00:00-04:00,110.0,110.66000366210938,108.5199966430664,109.56999969482422,1003300,0.0,0.0
2024-05-29 00:00:00-04:00,108.30000305175781,110.28500366210938,107.8499984741211,109.81999969482422,881500,0.0,0.0
2024-05-30 00:00:00-04:00,109.31999969482422,110.70999908447266,109.2030029296875,110.12000274658203,694000,0.0,0.0
2024-05-31 00:00:00-04:00,110.6500015258789,110.73999786376953,105.2699966430664,106.52999877929688,1297900,0.0,0.0
2024-06-03 00:00:00-04:00,107.75,108.48999786376953,105.69499969482422,108.30999755859375,1107200,0.0,0.0
2024-06-04 00:00:00-04:00,109.0,109.0,104.78500366210938,105.94000244140625,848100,0.0,0.0
2024-06-05 00:00:00-04:00,106.97000122070312,112.05000305175781,106.2300033569336,110.79000091552734,1069400,0.0,0.0
2024-06-06 00:00:00-04:00,110.83000183105469,111.3949966430664,108.87000274658203,109.22000122070312,691900,0.0,0.0
2024-06-07 00:00:00-04:00,109.1500015258789,111.5999984741211,107.16999816894531,111.19000244140625,906800,0.0,0.0
2024-06-10 00:00:00-04:00,110.2300033569336,112.72000122070312,109.5,111.66000366210938,1370500,0.0,0.0
2024-06-11 00:00:00-04:00,111.4000015258789,112.58499908447266,108.9229965209961,112.47000122070312,824700,0.0,0.0
2024-06-12 00:00:00-04:00,113.91999816894531,117.2300033569336,111.54000091552734,112.5999984741211,1041200,0.0,0.0
2024-06-13 00:00:00-04:00,112.2699966430664,112.66000366210938,110.20999908447266,110.79000091552734,646400,0.0,0.0
2024-06-14 00:00:00-04:00,109.68000030517578,110.9000015258789,108.62000274658203,110.19999694824219,806200,0.0,0.0
2024-06-17 00:00:00-04:00,110.37999725341797,113.06999969482422,110.01499938964844,110.41999816894531,792100,0.0,0.0
2024-06-18 00:00:00-04:00,111.28500366210938,111.87000274658203,107.8499984741211,107.98999786376953,847300,0.0,0.0
2024-06-20 00:00:00-04:00,107.98999786376953,109.05000305175781,107.0250015258789,107.19999694824219,936300,0.0,0.0
2024-06-21 00:00:00-04:00,107.2300033569336,109.08000183105469,106.05000305175781,107.11000061035156,2507600,0.0,0.0
2024-06-24 00:00:00-04:00,107.27999877929688,111.12999725341797,107.0999984741211,107.41000366210938,1503400,0.0,0.0
2024-06-25 00:00:00-04:00,107.43000030517578,111.84500122070312,107.43000030517578,111.3499984741211,1183200,0.0,0.0
2024-06-26 00:00:00-04:00,111.3499984741211,112.44000244140625,110.31999969482422,111.38999938964844,847900,0.0,0.0
2024-06-27 00:00:00-04:00,111.01000213623047,112.36000061035156,109.55000305175781,110.01000213623047,949500,0.0,0.0
2024-06-28 00:00:00-04:00,110.16999816894531,110.6500015258789,107.45999908447266,108.29000091552734,1678500,0.0,0.0
2024-07-01 00:00:00-04:00,108.5199966430664,109.83000183105469,106.5999984741211,107.80999755859375,903100,0.0,0.0
2024-07-02 00:00:00-04:00,107.16999816894531,111.79000091552734,107.0,110.69999694824219,1114700,0.0,0.0
2024-07-03 00:00:00-04:00,111.44000244140625,113.18000030517578,110.7300033569336,111.63999938964844,559600,0.0,0.0
2024-07-05 00:00:00-04:00,111.37999725341797,114.30000305175781,110.52799987792969,112.73999786376953,826400,0.0,0.0
2024-07-08 00:00:00-04:00,112.91999816894531,113.57499694824219,109.3499984741211,109.5199966430664,788100,0.0,0.0
2024-07-09 00:00:00-04:00,109.54000091552734,110.95999908447266,108.63999938964844,109.43000030517578,825400,0.0,0.0
2024-07-10 00:00:00-04:00,109.69999694824219,111.6500015258789,109.45999908447266,111.58000183105469,1084800,0.0,0.0
2024-07-11 00:00:00-04:00,113.51000213623047,113.88999938964844,110.06800079345703,110.80999755859375,1459100,0.0,0.0
2024-07-12 00:00:00-04:00,111.0999984741211,112.68000030517578,109.06500244140625,111.5999984741211,1185700,0.0,0.0
2024-07-15 00:00:00-04:00,111.72000122070312,114.87000274658203,111.01000213623047,112.66000366210938,923400,0.0,0.0
2024-07-16 00:00:00-04:00,113.33999633789062,114.75,112.37999725341797,114.44000244140625,1106600,0.0,0.0
2024-07-17 00:00:00-04:00,112.30000305175781,113.75,109.94000244140625,110.37000274658203,1911800,0.0,0.0
2024-07-18 00:00:00-04:00,111.44000244140625,111.4800033569336,99.20999908447266,101.1500015258789,2942500,0.0,0.0
2024-07-19 00:00:00-04:00,101.94999694824219,107.45999908447266,101.4000015258789,105.9800033569336,1717500,0.0,0.0
2024-07-22 00:00:00-04:00,105.16000366210938,107.72000122070312,104.4000015258789,105.51000213623047,1670900,0.0,0.0
2024-07-23 00:00:00-04:00,106.30000305175781,109.18000030517578,105.41000366210938,106.5199966430664,895400,0.0,0.0
2024-07-24 00:00:00-04:00,105.52999877929688,107.7300033569336,105.19999694824219,106.0999984741211,780200,0.0,0.0
2024-07-25 00:00:00-04:00,105.29000091552734,106.95999908447266,102.01499938964844,102.1500015258789,2998500,0.0,0.0
2024-07-26 00:00:00-04:00,102.18000030517578,104.58000183105469,101.15499877929688,102.66999816894531,1047600,0.0,0.0
2024-07-29 00:00:00-04:00,103.31999969482422,104.86499786376953,101.55999755859375,103.7699966430664,7636700,0.0,0.0
2024-07-30 00:00:00-04:00,103.69999694824219,105.55000305175781,96.75,97.75,2545100,0.0,0.0
2024-07-31 00:00:00-04:00,99.6500015258789,103.36000061035156,98.0,102.38999938964844,1370400,0.0,0.0
2024-08-01 00:00:00-04:00,103.08000183105469,106.0,102.29000091552734,103.0,1112300,0.0,0.0
2024-08-02 00:00:00-04:00,100.27999877929688,101.26000213623047,97.2699966430664,99.62000274658203,1177100,0.0,0.0
2024-08-05 00:00:00-04:00,92.2300033569336,100.40499877929688,92.13999938964844,97.91000366210938,1121600,0.0,0.0
2024-08-06 00:00:00-04:00,99.1500015258789,103.12999725341797,97.23999786376953,100.91999816894531,1230600,0.0,0.0
2024-08-07 00:00:00-04:00,103.83000183105469,105.4000015258789,100.22000122070312,100.36000061035156,1078900,0.0,0.0
2024-08-08 00:00:00-04:00,101.69999694824219,108.8499984741211,101.36000061035156,107.69999694824219,2545600,0.0,0.0
2024-08-09 00:00:00-04:00,105.55000305175781,117.38999938964844,104.0,114.56999969482422,4125200,0.0,0.0
2024-08-12 00:00:00-04:00,114.63999938964844,116.9800033569336,112.29000091552734,115.25,1828700,0.0,0.0
2024-08-13 00:00:00-04:00,116.66999816894531,119.2300033569336,115.25,119.0199966430664,1057500,0.0,0.0
2024-08-14 00:00:00-04:00,119.73999786376953,119.9000015258789,116.20999908447266,118.5,830700,0.0,0.0
2024-08-15 00:00:00-04:00,120.0,122.4800033569336,118.02999877929688,122.25,1251800,0.0,0.0
2024-08-16 00:00:00-04:00,122.4000015258789,124.29000091552734,121.2300033569336,123.9800033569336,1020100,0.0,0.0
2024-08-19 00:00:00-04:00,123.04000091552734,123.95999908447266,121.2699966430664,123.77999877929688,1356900,0.0,0.0
2024-08-20 00:00:00-04:00,123.6500015258789,124.72000122070312,118.20999908447266,118.44999694824219,1038800,0.0,0.0
2024-08-21 00:00:00-04:00,118.48999786376953,122.04000091552734,118.48999786376953,121.91000366210938,1482500,0.0,0.0
2024-08-22 00:00:00-04:00,122.8499984741211,124.73999786376953,120.55000305175781,122.61000061035156,3548100,0.0,0.0
2024-08-23 00:00:00-04:00,122.81999969482422,124.83000183105469,121.12999725341797,122.70999908447266,748200,0.0,0.0
2024-08-26 00:00:00-04:00,122.44000244140625,123.19499969482422,117.30999755859375,118.11000061035156,907200,0.0,0.0
2024-08-27 00:00:00-04:00,117.93000030517578,120.44999694824219,116.73999786376953,120.2699966430664,683000,0.0,0.0
2024-08-28 00:00:00-04:00,119.79000091552734,120.66600036621094,117.6500015258789,118.80999755859375,808300,0.0,0.0
2024-08-29 00:00:00-04:00,119.30000305175781,120.80000305175781,115.93000030517578,116.25,882900,0.0,0.0
2024-08-30 00:00:00-04:00,117.58999633789062,119.0,114.66999816894531,118.26000213623047,870800,0.0,0.0
2024-09-03 00:00:00-04:00,118.16000366210938,118.7699966430664,113.51000213623047,113.9800033569336,920200,0.0,0.0
2024-09-04 00:00:00-04:00,113.01000213623047,116.20999908447266,111.62999725341797,113.23999786376953,1083500,0.0,0.0
2024-09-05 00:00:00-04:00,113.04000091552734,118.06999969482422,112.37999725341797,117.5,1041700,0.0,0.0
2024-09-06 00:00:00-04:00,117.4800033569336,118.5199966430664,110.56999969482422,112.9000015258789,946400,0.0,0.0
2024-09-09 00:00:00-04:00,115.22000122070312,117.94999694824219,114.77999877929688,117.66000366210938,1200200,0.0,0.0
2024-09-10 00:00:00-04:00,117.87999725341797,119.01000213623047,114.62000274658203,118.7300033569336,981800,0.0,0.0
2024-09-11 00:00:00-04:00,118.79000091552734,124.97000122070312,117.54000091552734,123.83000183105469,1633300,0.0,0.0
2024-09-12 00:00:00-04:00,123.75,125.44000244140625,122.30999755859375,125.12000274658203,1154700,0.0,0.0
2024-09-13 00:00:00-04:00,125.0,128.27999877929688,124.80999755859375,126.51000213623047,1020700,0.0,0.0
2024-09-16 00:00:00-04:00,127.79000091552734,132.00999450683594,126.18000030517578,129.6699981689453,1343900,0.0,0.0
2024-09-17 00:00:00-04:00,129.47000122070312,130.2550048828125,125.7300033569336,127.20999908447266,908000,0.0,0.0
2024-09-18 00:00:00-04:00,127.73999786376953,130.46499633789062,126.69000244140625,127.0999984741211,867300,0.0,0.0
2024-09-19 00:00:00-04:00,130.0,130.27000427246094,126.83499908447266,127.12999725341797,755700,0.0,0.0
2024-09-20 00:00:00-04:00,126.48999786376953,128.39999389648438,124.79000091552734,127.77999877929688,2190400,0.0,0.0
2024-09-23 00:00:00-04:00,127.88999938964844,127.88999938964844,123.41000366210938,123.54000091552734,655500,0.0,0.0
2024-09-24 00:00:00-04:00,123.08999633789062,124.23999786376953,121.45999908447266,123.08000183105469,1052300,0.0,0.0
2024-09-25 00:00:00-04:00,123.41999816894531,125.12000274658203,122.41000366210938,124.98999786376953,977000,0.0,0.0
2024-09-26 00:00:00-04:00,125.77999877929688,127.0999984741211,120.5199966430664,123.8499984741211,977400,0.0,0.0
2024-09-27 00:00:00-04:00,123.8499984741211,126.13999938964844,121.91500091552734,125.72000122070312,1350500,0.0,0.0
2024-09-30 00:00:00-04:00,124.95999908447266,130.80999755859375,124.95999908447266,126.94999694824219,1416700,0.0,0.0
2024-10-01 00:00:00-04:00,126.7699966430664,127.5199966430664,124.06999969482422,127.19000244140625,1368200,0.0,0.0
2024-10-02 00:00:00-04:00,127.06999969482422,131.25,126.58999633789062,131.11000061035156,1117800,0.0,0.0
2024-10-03 00:00:00-04:00,131.0,131.00999450683594,126.16000366210938,126.30000305175781,1135800,0.0,0.0
2024-10-04 00:00:00-04:00,127.58000183105469,130.85000610351562,127.58000183105469,129.83999633789062,1138200,0.0,0.0
2024-10-07 00:00:00-04:00,129.50999450683594,130.4499969482422,126.95999908447266,128.1999969482422,962200,0.0,0.0
2024-10-08 00:00:00-04:00,128.8800048828125,133.53900146484375,128.6300048828125,131.92999267578125,1248300,0.0,0.0
2024-10-09 00:00:00-04:00,131.0500030517578,132.1300048828125,127.08200073242188,127.4800033569336,1144600,0.0,0.0
2024-10-10 00:00:00-04:00,126.0199966430664,128.07000732421875,124.5,125.75,892800,0.0,0.0
2024-10-11 00:00:00-04:00,125.94000244140625,131.54299926757812,125.84300231933594,130.05999755859375,963200,0.0,0.0
2024-10-14 00:00:00-04:00,130.00999450683594,133.0,128.5800018310547,131.86000061035156,590400,0.0,0.0
2024-10-15 00:00:00-04:00,130.8800048828125,131.25,128.0,129.0,1471900,0.0,0.0
2024-10-16 00:00:00-04:00,127.51000213623047,129.0,123.0,126.7699966430664,1094100,0.0,0.0
2024-10-17 00:00:00-04:00,127.79000091552734,127.79000091552734,122.31999969482422,122.3499984741211,734800,0.0,0.0
2024-10-18 00:00:00-04:00,123.43000030517578,124.47000122070312,121.63999938964844,122.4000015258789,985400,0.0,0.0
2024-10-21 00:00:00-04:00,120.76000213623047,121.44999694824219,118.27999877929688,120.5,993800,0.0,0.0
2024-10-22 00:00:00-04:00,120.06999969482422,121.24500274658203,118.62999725341797,119.94999694824219,718800,0.0,0.0
2024-10-23 00:00:00-04:00,119.08999633789062,120.68000030517578,118.14700317382812,118.6500015258789,632700,0.0,0.0
2024-10-24 00:00:00-04:00,119.19000244140625,120.94999694824219,117.72000122070312,119.16999816894531,597300,0.0,0.0
2024-10-25 00:00:00-04:00,118.80999755859375,119.87899780273438,117.56999969482422,117.66999816894531,404900,0.0,0.0
2024-10-28 00:00:00-04:00,117.8499984741211,121.08000183105469,117.2699966430664,120.70999908447266,780200,0.0,0.0
2024-10-29 00:00:00-04:00,119.93000030517578,125.81500244140625,119.29000091552734,124.73999786376953,985400,0.0,0.0
2024-10-30 00:00:00-04:00,122.79000091552734,127.48999786376953,122.79000091552734,126.7300033569336,795100,0.0,0.0
2024-10-31 00:00:00-04:00,126.44999694824219,126.44999694824219,120.66999816894531,120.95999908447266,985900,0.0,0.0
2024-11-01 00:00:00-04:00,120.80000305175781,124.29000091552734,120.80000305175781,124.16000366210938,1272200,0.0,0.0
2024-11-04 00:00:00-05:00,122.2300033569336,124.76000213623047,121.01000213623047,123.44000244140625,790100,0.0,0.0
2024-11-05 00:00:00-05:00,123.38999938964844,125.26000213623047,122.08499908447266,124.38999938964844,609000,0.0,0.0
2024-11-06 00:00:00-05:00,124.83999633789062,127.0199966430664,123.61499786376953,126.97000122070312,1149800,0.0,0.0
2024-11-07 00:00:00-05:00,128.60000610351562,131.3000030517578,127.56999969482422,130.38999938964844,850700,0.0,0.0
2024-11-08 00:00:00-05:00,131.3699951171875,134.3300018310547,129.41000366210938,134.11000061035156,1228700,0.0,0.0
2024-11-11 00:00:00-05:00,135.0,140.0,133.41000366210938,133.97000122070312,1841400,0.0,0.0
2024-11-12 00:00:00-05:00,133.4600067138672,137.3000030517578,133.00999450683594,135.1199951171875,2496300,0.0,0.0
2024-11-13 00:00:00-05:00,155.55999755859375,167.7899932861328,152.0,160.97000122070312,4524100,0.0,0.0
2024-11-14 00:00:00-05:00,160.7899932861328,162.0500030517578,149.83999633789062,151.11000061035156,2708000,0.0,0.0
2024-11-15 00:00:00-05:00,150.0,150.5,143.1999969482422,146.05999755859375,2242800,0.0,0.0
2024-11-18 00:00:00-05:00,150.60000610351562,155.22999572753906,148.5800018310547,153.4199981689453,1761100,0.0,0.0
2024-11-19 00:00:00-05:00,153.4199981689453,162.1999969482422,152.0,162.10000610351562,2111300,0.0,0.0
2024-11-20 00:00:00-05:00,163.8300018310547,169.7100067138672,160.17999267578125,167.8800048828125,2035000,0.0,0.0
2024-11-21 00:00:00-05:00,170.0,171.9499969482422,164.39999389648438,169.36000061035156,1292700,0.0,0.0
2024-11-22 00:00:00-05:00,169.82000732421875,170.58999633789062,163.07000732421875,167.25999450683594,1481300,0.0,0.0
2024-11-25 00:00:00-05:00,169.94000244140625,169.9600067138672,161.2550048828125,164.38999938964844,2126300,0.0,0.0
2024-11-26 00:00:00-05:00,162.89999389648438,168.47999572753906,162.89999389648438,168.32000732421875,969300,0.0,0.0
2024-11-27 00:00:00-05:00,170.8800048828125,170.93499755859375,166.5800018310547,168.4499969482422,943100,0.0,0.0
2024-11-29 00:00:00-05:00,167.61000061035156,168.8000030517578,165.9199981689453,167.77999877929688,470300,0.0,0.0
2024-12-02 00:00:00-05:00,165.72999572753906,170.97000122070312,165.25999450683594,169.82000732421875,1136400,0.0,0.0
2024-12-03 00:00:00-05:00,168.72999572753906,169.8459930419922,165.49000549316406,169.1699981689453,1139700,0.0,0.0
2024-12-04 00:00:00-05:00,170.58999633789062,174.14500427246094,168.36000061035156,174.0,1040100,0.0,0.0
2024-12-05 00:00:00-05:00,174.6300048828125,175.6300048828125,168.77999877929688,169.02000427246094,1046800,0.0,0.0
2024-12-06 00:00:00-05:00,169.94000244140625,172.50999450683594,168.72000122070312,171.64999389648438,814400,0.0,0.0
2024-12-09 00:00:00-05:00,171.52999877929688,172.75,164.4499969482422,167.8000030517578,1048600,0.0,0.0
2024-12-10 00:00:00-05:00,168.1999969482422,171.27999877929688,166.1300048828125,166.4499969482422,1105700,0.0,0.0
2024-12-11 00:00:00-05:00,168.13999938964844,171.10000610351562,167.07000732421875,167.1199951171875,735400,0.0,0.0
2024-12-12 00:00:00-05:00,167.22000122070312,169.25,164.94000244140625,166.4499969482422,985400,0.0,0.0
2024-12-13 00:00:00-05:00,168.1999969482422,168.98500061035156,163.80999755859375,166.5500030517578,1211200,0.0,0.0
2024-12-16 00:00:00-05:00,168.47000122070312,172.8000030517578,165.5800018310547,170.8000030517578,1378800,0.0,0.0
2024-12-17 00:00:00-05:00,169.13999938964844,170.10499572753906,164.66000366210938,168.2100067138672,1172400,0.0,0.0
2024-12-18 00:00:00-05:00,168.2100067138672,168.75599670410156,154.4199981689453,155.1999969482422,1587100,0.0,0.0
2024-12-19 00:00:00-05:00,156.3300018310547,159.1199951171875,153.52499389648438,158.08999633789062,1596700,0.0,0.0
2024-12-20 00:00:00-05:00,154.67999267578125,163.0500030517578,154.00999450683594,161.8800048828125,3137900,0.0,0.0
2024-12-23 00:00:00-05:00,161.5,162.77499389648438,157.86000061035156,161.99000549316406,641800,0.0,0.0
2024-12-24 00:00:00-05:00,161.99000549316406,163.61500549316406,160.96499633789062,162.38999938964844,286700,0.0,0.0
2024-12-26 00:00:00-05:00,162.0800018310547,162.64500427246094,159.42999267578125,159.63999938964844,519200,0.0,0.0
2024-12-27 00:00:00-05:00,158.5800018310547,161.14999389648438,157.27000427246094,160.25999450683594,684700,0.0,0.0
2024-12-30 00:00:00-05:00,157.4199981689453,161.52999877929688,155.1199951171875,158.5500030517578,774700,0.0,0.0
2024-12-31 00:00:00-05:00,157.42999267578125,159.89999389648438,156.7899932861328,158.3000030517578,759200,0.0,0.0
2025-01-02 00:00:00-05:00,158.8800048828125,163.11000061035156,158.22999572753906,160.60000610351562,805900,0.0,0.0
2025-01-03 00:00:00-05:00,162.64999389648438,167.77000427246094,161.9499969482422,167.60000610351562,1125500,0.0,0.0
2025-01-06 00:00:00-05:00,168.6999969482422,173.85000610351562,167.60000610351562,172.25999450683594,1345800,0.0,0.0
2025-01-07 00:00:00-05:00,172.6199951171875,174.46499633789062,165.49000549316406,170.39999389648438,1260500,0.0,0.0
2025-01-08 00:00:00-05:00,170.4600067138672,177.0,168.94000244140625,176.61000061035156,1365200,0.0,0.0
2025-01-10 00:00:00-05:00,173.02000427246094,176.33999633789062,168.42999267578125,175.0,1556300,0.0,0.0
2025-01-13 00:00:00-05:00,182.38999938964844,183.0,166.16000366210938,169.3000030517578,1734000,0.0,0.0
2025-01-14 00:00:00-05:00,171.75999450683594,171.97000122070312,163.4199981689453,165.75999450683594,1375300,0.0,0.0
2025-01-15 00:00:00-05:00,170.3300018310547,173.8699951171875,167.3699951171875,170.35000610351562,1080000,0.0,0.0
2025-01-16 00:00:00-05:00,171.74000549316406,174.14999389648438,168.0800018310547,168.5,906600,0.0,0.0
2025-01-17 00:00:00-05:00,168.9199981689453,169.5500030517578,157.50999450683594,158.36000061035156,2384600,0.0,0.0
2025-01-21 00:00:00-05:00,160.25,168.05999755859375,155.19000244140625,167.4600067138672,1991800,0.0,0.0
2025-01-22 00:00:00-05:00,168.35000610351562,173.1699981689453,167.1699981689453,171.92999267578125,2052000,0.0,0.0
2025-01-23 00:00:00-05:00,171.08999633789062,173.10000610351562,168.77000427246094,171.82000732421875,1005600,0.0,0.0
2025-01-24 00:00:00-05:00,171.8000030517578,173.3000030517578,167.0,167.61000061035156,909100,0.0,0.0
2025-01-27 00:00:00-05:00,161.8699951171875,170.42999267578125,159.0,165.25999450683594,1574200,0.0,0.0
2025-01-28 00:00:00-05:00,165.49000549316406,170.4600067138672,162.33999633789062,168.0800018310547,1544500,0.0,0.0
2025-01-29 00:00:00-05:00,167.52999877929688,169.52999877929688,164.25,168.22000122070312,1360600,0.0,0.0
2025-01-30 00:00:00-05:00,169.75999450683594,177.89999389648438,169.0399932861328,176.27000427246094,1598800,0.0,0.0
2025-01-31 00:00:00-05:00,176.60000610351562,182.1199951171875,175.57000732421875,176.9199981689453,1237500,0.0,0.0
2025-02-03 00:00:00-05:00,172.58999633789062,178.8300018310547,172.5,176.55999755859375,1423800,0.0,0.0
2025-02-04 00:00:00-05:00,175.0850067138672,176.5500030517578,172.13999938964844,174.24000549316406,1124900,0.0,0.0
2025-02-05 00:00:00-05:00,174.86000061035156,178.22999572753906,174.3000030517578,177.0,930600,0.0,0.0
2025-02-06 00:00:00-05:00,177.77000427246094,179.27000427246094,173.02000427246094,175.13999938964844,742700,0.0,0.0
2025-02-07 00:00:00-05:00,176.6300048828125,177.83999633789062,171.1699981689453,172.82000732421875,858000,0.0,0.0
2025-02-10 00:00:00-05:00,175.0,175.25999450683594,168.67999267578125,172.19000244140625,1477600,0.0,0.0
2025-02-11 00:00:00-05:00,169.13999938964844,172.9600067138672,164.83999633789062,169.7100067138672,1553300,0.0,0.0
2025-02-12 00:00:00-05:00,166.88999938964844,171.9600067138672,165.52999877929688,171.9499969482422,989400,0.0,0.0
2025-02-13 00:00:00-05:00,172.13999938964844,175.72999572753906,168.3000030517578,170.72999572753906,1322900,0.0,0.0
2025-02-14 00:00:00-05:00,171.52000427246094,175.8300018310547,168.14999389648438,173.38999938964844,1572300,0.0,0.0
2025-02-18 00:00:00-05:00,178.0,180.41000366210938,169.0,169.3800048828125,1176200,0.0,0.0
2025-02-19 00:00:00-05:00,170.44000244140625,175.72000122070312,170.0,172.61000061035156,1200200,0.0,0.0
2025-02-20 00:00:00-05:00,171.9600067138672,173.90499877929688,165.33999633789062,168.19000244140625,1458300,0.0,0.0
2025-02-21 00:00:00-05:00,167.5,168.88099670410156,159.1999969482422,162.30999755859375,1605700,0.0,0.0
2025-02-24 00:00:00-05:00,162.3300018310547,164.02000427246094,157.00999450683594,158.3699951171875,1158700,0.0,0.0
2025-02-25 00:00:00-05:00,154.88999938964844,157.9199981689453,149.6300048828125,156.0,2235400,0.0,0.0
2025-02-26 00:00:00-05:00,155.30999755859375,162.97999572753906,155.30999755859375,160.55999755859375,1812800,0.0,0.0
2025-02-27 00:00:00-05:00,162.1999969482422,165.5,156.10000610351562,156.61000061035156,2327800,0.0,0.0
2025-02-28 00:00:00-05:00,159.94000244140625,165.0,150.0,155.58999633789062,9860500,0.0,0.0
2025-03-03 00:00:00-05:00,153.86000061035156,157.97999572753906,142.25999450683594,143.11000061035156,2862800,0.0,0.0
2025-03-04 00:00:00-05:00,140.3699951171875,145.3300018310547,134.30999755859375,142.35000610351562,4311200,0.0,0.0
2025-03-05 00:00:00-05:00,142.08999633789062,148.27999877929688,141.0399932861328,147.9199981689453,1653200,0.0,0.0
2025-03-06 00:00:00-05:00,143.9499969482422,148.27999877929688,140.5,141.5,2079000,0.0,0.0
2025-03-07 00:00:00-05:00,141.52999877929688,143.41000366210938,132.02999877929688,140.66000366210938,1923100,0.0,0.0
2025-03-10 00:00:00-04:00,136.02999877929688,137.24000549316406,127.75,132.6300048828125,2613000,0.0,0.0
2025-03-11 00:00:00-04:00,131.78799438476562,142.17999267578125,131.3000030517578,140.02000427246094,2219500,0.0,0.0
2025-03-12 00:00:00-04:00,145.52999877929688,149.77000427246094,143.35000610351562,144.5,2561500,0.0,0.0
2025-03-13 00:00:00-04:00,144.39999389648438,144.39999389648438,137.24000549316406,142.50999450683594,2025400,0.0,0.0
2025-03-14 00:00:00-04:00,144.30999755859375,150.0500030517578,143.75999450683594,148.22000122070312,1653900,0.0,0.0
2025-03-17 00:00:00-04:00,146.22999572753906,151.8300018310547,145.0500030517578,149.25,1333200,0.0,0.0
2025-03-18 00:00:00-04:00,148.0,148.0,144.03500366210938,146.27999877929688,1082800,0.0,0.0
2025-03-19 00:00:00-04:00,147.63999938964844,153.58999633789062,143.3000030517578,150.8699951171875,2163000,0.0,0.0
2025-03-20 00:00:00-04:00,147.89999389648438,153.13999938964844,147.75,149.6300048828125,1009400,0.0,0.0
2025-03-21 00:00:00-04:00,149.44000244140625,152.10000610351562,146.35000610351562,151.14999389648438,3420500,0.0,0.0
2025-03-24 00:00:00-04:00,152.6999969482422,154.99000549316406,151.7899932861328,153.8300018310547,1051100,0.0,0.0
2025-03-25 00:00:00-04:00,153.74000549316406,155.63999938964844,152.2550048828125,154.5800018310547,1081600,0.0,0.0
2025-03-26 00:00:00-04:00,154.6999969482422,154.6999969482422,148.77999877929688,149.83999633789062,1092000,0.0,0.0
2025-03-27 00:00:00-04:00,148.75,152.75,146.16000366210938,148.3000030517578,641900,0.0,0.0
2025-03-28 00:00:00-04:00,147.19000244140625,148.99000549316406,141.11000061035156,143.94000244140625,1258500,0.0,0.0
2025-03-31 00:00:00-04:00,140.0800018310547,142.9199981689453,136.55999755859375,141.41000366210938,2304300,0.0,0.0
2025-04-01 00:00:00-04:00,142.41000366210938,144.22000122070312,138.57000732421875,140.64999389648438,1591000,0.0,0.0
2025-04-02 00:00:00-04:00,138.5,146.7899932861328,137.25,143.1999969482422,1582600,0.0,0.0
2025-04-03 00:00:00-04:00,137.00999450683594,141.66000366210938,136.0,138.7100067138672,1459300,0.0,0.0
2025-04-04 00:00:00-04:00,134.16000366210938,136.39500427246094,126.40699768066406,133.8699951171875,3247800,0.0,0.0
2025-04-07 00:00:00-04:00,127.16000366210938,141.39999389648438,125.37999725341797,138.25999450683594,2129300,0.0,0.0
2025-04-08 00:00:00-04:00,143.5800018310547,144.75,130.2899932861328,132.22999572753906,1848800,0.0,0.0
2025-04-09 00:00:00-04:00,131.02999877929688,153.0,131.02999877929688,151.97000122070312,2969900,0.0,0.0
2025-04-10 00:00:00-04:00,146.24000549316406,147.24000549316406,137.80999755859375,143.27999877929688,1849100,0.0,0.0
2025-04-11 00:00:00-04:00,143.27999877929688,148.97999572753906,141.17999267578125,148.0399932861328,1364900,0.0,0.0
2025-04-14 00:00:00-04:00,152.0,152.5,146.72000122070312,148.4499969482422,887300,0.0,0.0
2025-04-15 00:00:00-04:00,148.99000549316406,152.66000366210938,148.99000549316406,151.74000549316406,827900,0.0,0.0
2025-04-16 00:00:00-04:00,149.89999389648438,152.0,147.83999633789062,150.1699981689453,622200,0.0,0.0
2025-04-17 00:00:00-04:00,150.08999633789062,150.08999633789062,147.1300048828125,148.0800018310547,602600,0.0,0.0
2025-04-21 00:00:00-04:00,145.5399932861328,147.05999755859375,140.85000610351562,142.22999572753906,812500,0.0,0.0
2025-04-22 00:00:00-04:00,145.32000732421875,147.47000122070312,142.8000030517578,144.6199951171875,668300,0.0,0.0
2025-04-23 00:00:00-04:00,150.74000549316406,153.49000549316406,147.52999877929688,148.55999755859375,811200,0.0,0.0
2025-04-24 00:00:00-04:00,148.35000610351562,154.55999755859375,148.35000610351562,154.47999572753906,793400,0.0,0.0
2025-04-25 00:00:00-04:00,153.82000732421875,155.5,151.2899932861328,153.7899932861328,807000,0.0,0.0
2025-04-28 00:00:00-04:00,152.8000030517578,155.44000244140625,149.99000549316406,152.99000549316406,1076900,0.0,0.0
2025-04-29 00:00:00-04:00,153.10000610351562,155.9550018310547,150.5399932861328,154.88999938964844,931700,0.0,0.0
2025-04-30 00:00:00-04:00,150.0,152.52000427246094,148.0019989013672,150.92999267578125,985700,0.0,0.0
2025-05-01 00:00:00-04:00,152.0399932861328,153.6999969482422,146.33999633789062,151.36000061035156,880600,0.0,0.0
2025-05-02 00:00:00-04:00,154.05999755859375,158.52999877929688,152.3249969482422,156.66000366210938,1072100,0.0,0.0
2025-05-05 00:00:00-04:00,156.6699981689453,159.14999389648438,155.56500244140625,157.3800048828125,883900,0.0,0.0
2025-05-06 00:00:00-04:00,155.8000030517578,158.4459991455078,153.3979949951172,155.5,1421400,0.0,0.0
2025-05-07 00:00:00-04:00,154.5,160.2100067138672,153.63499450683594,160.10000610351562,1248600,0.0,0.0
2025-05-08 00:00:00-04:00,160.63999938964844,163.8000030517578,158.3300018310547,162.57000732421875,2526900,0.0,0.0
2025-05-09 00:00:00-04:00,164.75,166.0,147.6320037841797,151.9499969482422,4379800,0.0,0.0
2025-05-12 00:00:00-04:00,155.49000549316406,160.66000366210938,153.75999450683594,157.2899932861328,1935400,0.0,0.0
2025-05-13 00:00:00-04:00,155.88999938964844,156.52499389648438,151.61000061035156,152.27999877929688,1781600,0.0,0.0
2025-05-14 00:00:00-04:00,152.27999877929688,154.6929931640625,150.24000549316406,151.33999633789062,1189800,0.0,0.0
2025-05-15 00:00:00-04:00,151.33999633789062,151.66000366210938,147.66000366210938,149.39999389648438,811500,0.0,0.0
2025-05-16 00:00:00-04:00,151.25,153.39999389648438,149.13999938964844,152.58999633789062,911000,0.0,0.0
2025-05-19 00:00:00-04:00,150.52999877929688,153.58999633789062,149.60000610351562,153.27000427246094,752300,0.0,0.0
2025-05-20 00:00:00-04:00,153.27000427246094,154.7949981689453,150.77999877929688,154.52999877929688,879400,0.0,0.0
2025-05-21 00:00:00-04:00,153.77999877929688,155.02000427246094,150.41000366210938,151.08999633789062,1342700,0.0,0.0
2025-05-22 00:00:00-04:00,150.35000610351562,154.08999633789062,150.30999755859375,152.47999572753906,1027600,0.0,0.0
2025-05-23 00:00:00-04:00,150.0,154.2899932861328,149.77000427246094,153.32000732421875,1085200,0.0,0.0
2025-05-27 00:00:00-04:00,155.88999938964844,158.3800048828125,154.6999969482422,157.16000366210938,1040300,0.0,0.0
2025-05-28 00:00:00-04:00,156.7899932861328,161.9600067138672,155.875,161.2100067138672,1443800,0.0,0.0
2025-05-29 00:00:00-04:00,164.0,165.91000366210938,156.82000732421875,158.0500030517578,1659700,0.0,0.0
2025-05-30 00:00:00-04:00,157.5,158.05999755859375,153.9250030517578,157.72999572753906,2768200,0.0,0.0
2025-06-02 00:00:00-04:00,157.5399932861328,160.89999389648438,155.3699951171875,160.69000244140625,1434700,0.0,0.0
2025-06-03 00:00:00-04:00,160.6999969482422,162.4199981689453,158.39999389648438,160.14999389648438,931800,0.0,0.0
2025-06-04 00:00:00-04:00,161.6300048828125,169.42999267578125,161.46499633789062,167.22000122070312,1334500,0.0,0.0
2025-06-05 00:00:00-04:00,167.22000122070312,168.22000122070312,164.1999969482422,165.50999450683594,1045300,0.0,0.0
2025-06-06 00:00:00-04:00,168.44000244140625,169.92999267578125,163.74000549316406,163.75999450683594,1016900,0.0,0.0
2025-06-09 00:00:00-04:00,165.30999755859375,165.8699951171875,161.38999938964844,164.19000244140625,785500,0.0,0.0
2025-06-10 00:00:00-04:00,164.0,166.58999633789062,162.83999633789062,165.22000122070312,1188900,0.0,0.0
2025-06-11 00:00:00-04:00,165.9980010986328,168.0,164.8800048828125,166.75999450683594,1208800,0.0,0.0
2025-06-12 00:00:00-04:00,164.02999877929688,166.44000244140625,162.39500427246094,164.35000610351562,1101800,0.0,0.0
2025-06-13 00:00:00-04:00,162.3800048828125,166.99000549316406,161.38999938964844,165.33999633789062,729300,0.0,0.0
2025-06-16 00:00:00-04:00,165.5,169.16900634765625,162.0,168.25,1153500,0.0,0.0
2025-06-17 00:00:00-04:00,166.97999572753906,168.0,165.45399475097656,167.5500030517578,899600,0.0,0.0
2025-06-18 00:00:00-04:00,167.5500030517578,172.72999572753906,166.72000122070312,170.97999572753906,1980700,0.0,0.0
2025-06-20 00:00:00-04:00,171.22000122070312,173.5,169.89999389648438,171.86000061035156,1516400,0.0,0.0
2025-06-23 00:00:00-04:00,170.08999633789062,173.38699340820312,168.93499755859375,170.3699951171875,767200,0.0,0.0
2025-06-24 00:00:00-04:00,171.0800018310547,172.125,167.63999938964844,171.8699951171875,935400,0.0,0.0
2025-06-25 00:00:00-04:00,172.82000732421875,172.82000732421875,159.4969940185547,164.16000366210938,2468000,0.0,0.0
2025-06-26 00:00:00-04:00,166.49000549316406,168.3000030517578,163.7100067138672,168.1699981689453,1444600,0.0,0.0
2025-06-27 00:00:00-04:00,168.49000549316406,170.47999572753906,166.25999450683594,167.9600067138672,3082500,0.0,0.0
2025-06-30 00:00:00-04:00,168.41000366210938,170.14500427246094,166.81500244140625,168.94000244140625,1058700,0.0,0.0
2025-07-01 00:00:00-04:00,166.8000030517578,167.83999633789062,159.57000732421875,160.72000122070312,1362000,0.0,0.0
2025-07-02 00:00:00-04:00,158.0,163.22999572753906,158.0,161.57000732421875,1086900,0.0,0.0
2025-07-03 00:00:00-04:00,161.72999572753906,163.1699981689453,160.72000122070312,161.75999450683594,468900,0.0,0.0
2025-07-07 00:00:00-04:00,160.3000030517578,161.43499755859375,158.67999267578125,158.69000244140625,754200,0.0,0.0
2025-07-08 00:00:00-04:00,159.00999450683594,160.3300018310547,155.86000061035156,158.47999572753906,1057100,0.0,0.0
2025-07-09 00:00:00-04:00,160.02000427246094,164.6300048828125,158.44000244140625,161.75,1186100,0.0,0.0
2025-07-10 00:00:00-04:00,162.8800048828125,163.6199951171875,159.14999389648438,163.36000061035156,1156800,0.0,0.0
2025-07-11 00:00:00-04:00,162.57000732421875,163.39500427246094,160.24000549316406,160.42999267578125,710000,0.0,0.0
2025-07-14 00:00:00-04:00,160.1699981689453,161.4199981689453,157.3699951171875,158.17999267578125,785900,0.0,0.0
2025-07-15 00:00:00-04:00,157.77499389648438,158.2100067138672,148.77999877929688,149.85000610351562,1544900,0.0,0.0
2025-07-16 00:00:00-04:00,149.6699981689453,151.08700561523438,146.83999633789062,148.39999389648438,1539500,0.0,0.0
2025-07-17 00:00:00-04:00,148.1699981689453,149.0,142.93499755859375,143.3800048828125,1346800,0.0,0.0
2025-07-18 00:00:00-04:00,144.0,144.0749969482422,138.5,138.89999389648438,1384600,0.0,0.0
2025-07-21 00:00:00-04:00,139.2899932861328,144.0,139.0,140.6300048828125,1287700,0.0,0.0
2025-07-22 00:00:00-04:00,140.9499969482422,142.38499450683594,138.8249969482422,139.9199981689453,1131400,0.0,0.0
2025-07-23 00:00:00-04:00,141.27999877929688,142.49000549316406,136.9600067138672,137.82000732421875,1861100,0.0,0.0
2025-07-24 00:00:00-04:00,139.14999389648438,141.17999267578125,136.91000366210938,141.06500244140625,1421500,0.0,0.0
2025-07-25 00:00:00-04:00,142.0500030517578,143.36000061035156,138.24000549316406,138.89999389648438,1203100,0.0,0.0
2025-07-28 00:00:00-04:00,139.39999389648438,141.1999969482422,137.89999389648438,138.0,1725900,0.0,0.0
2025-07-29 00:00:00-04:00,138.0,138.44000244140625,134.80999755859375,135.83999633789062,1276000,0.0,0.0
2025-07-30 00:00:00-04:00,136.8300018310547,141.0,136.22000122070312,140.9600067138672,1161600,0.0,0.0
2025-07-31 00:00:00-04:00,140.41000366210938,140.41000366210938,133.22999572753906,133.66000366210938,1511600,0.0,0.0
2025-08-01 00:00:00-04:00,132.22999572753906,136.27999877929688,131.81100463867188,134.5800018310547,1165800,0.0,0.0
2025-08-04 00:00:00-04:00,135.1699981689453,137.0800018310547,133.00999450683594,136.57000732421875,1354100,0.0,0.0
2025-08-05 00:00:00-04:00,136.57000732421875,141.4499969482422,134.85000610351562,140.1199951171875,2254400,0.0,0.0
2025-08-06 00:00:00-04:00,139.99000549316406,140.74000549316406,135.75,138.1300048828125,2241800,0.0,0.0
2025-08-07 00:00:00-04:00,139.1300048828125,141.6199951171875,136.2100067138672,141.0800018310547,3319800,0.0,0.0
2025-08-08 00:00:00-04:00,162.0,165.08999633789062,151.82000732421875,151.9499969482422,3849500,0.0,0.0
2025-08-11 00:00:00-04:00,151.0500030517578,157.9199981689453,149.375,157.0399932861328,1971800,0.0,0.0
2025-08-12 00:00:00-04:00,158.10000610351562,161.9199981689453,157.2899932861328,159.80999755859375,1837700,0.0,0.0
2025-08-13 00:00:00-04:00,159.85000610351562,161.3800048828125,155.27000427246094,157.6999969482422,1202700,0.0,0.0
2025-08-14 00:00:00-04:00,155.4600067138672,158.5,152.6199951171875,158.44000244140625,714100,0.0,0.0
2025-08-15 00:00:00-04:00,158.4600067138672,163.8699951171875,157.83999633789062,163.02000427246094,1502900,0.0,0.0
2025-08-18 00:00:00-04:00,164.74000549316406,165.27999877929688,160.94000244140625,161.14999389648438,1495200,0.0,0.0
2025-08-19 00:00:00-04:00,161.02999877929688,163.5850067138672,159.0800018310547,160.1199951171875,977500,0.0,0.0
2025-08-20 00:00:00-04:00,159.6300048828125,161.30299377441406,156.7100067138672,160.63999938964844,1349700,0.0,0.0
2025-08-21 00:00:00-04:00,160.86000061035156,165.0,158.6999969482422,161.9499969482422,993800,0.0,0.0
2025-08-22 00:00:00-04:00,162.88999938964844,166.30999755859375,161.86000061035156,165.60000610351562,839900,0.0,0.0
2025-08-25 00:00:00-04:00,165.3000030517578,168.52000427246094,161.88999938964844,162.47000122070312,1089900,0.0,0.0
2025-08-26 00:00:00-04:00,162.77000427246094,165.86000061035156,162.16000366210938,165.7100067138672,1012200,0.0,0.0
2025-08-27 00:00:00-04:00,164.82000732421875,166.57000732421875,162.52999877929688,163.0399932861328,752800,0.0,0.0
2025-08-28 00:00:00-04:00,163.02000427246094,168.3300018310547,162.69000244140625,167.8800048828125,842700,0.0,0.0
2025-08-29 00:00:00-04:00,165.83999633789062,168.47999572753906,164.47999572753906,168.25,773700,0.0,0.0
2025-09-02 00:00:00-04:00,166.05999755859375,169.7790069580078,164.92999267578125,169.33999633789062,1041900,0.0,0.0
2025-09-03 00:00:00-04:00,169.89999389648438,170.72000122070312,165.57000732421875,167.52999877929688,1105700,0.0,0.0
2025-09-04 00:00:00-04:00,167.44000244140625,168.55799865722656,166.1199951171875,166.55999755859375,880400,0.0,0.0
2025-09-05 00:00:00-04:00,167.14999389648438,168.94000244140625,164.8300018310547,168.02000427246094,776000,0.0,0.0
2025-09-08 00:00:00-04:00,166.24000549316406,168.2550048828125,165.40499877929688,167.38999938964844,841000,0.0,0.0
2025-09-09 00:00:00-04:00,167.6300048828125,176.55999755859375,167.35000610351562,176.3699951171875,1297000,0.0,0.0
2025-09-10 00:00:00-04:00,176.49000549316406,176.82000732421875,167.49000549316406,169.7899932861328,1298600,0.0,0.0
2025-09-11 00:00:00-04:00,170.5,174.2100067138672,169.57000732421875,173.80999755859375,697800,0.0,0.0
2025-09-12 00:00:00-04:00,172.63999938964844,172.63999938964844,167.58999633789062,168.50999450683594,853100,0.0,0.0
2025-09-15 00:00:00-04:00,168.2899932861328,172.97999572753906,167.0,172.16000366210938,795500,0.0,0.0
2025-09-16 00:00:00-04:00,173.0,175.39999389648438,171.57699584960938,175.00999450683594,800900,0.0,0.0
2025-09-17 00:00:00-04:00,175.00999450683594,177.49000549316406,173.77000427246094,175.42999267578125,618400,0.0,0.0
2025-09-18 00:00:00-04:00,177.10000610351562,180.60000610351562,175.9600067138672,179.86000061035156,856300,0.0,0.0
2025-09-19 00:00:00-04:00,180.0,181.85000610351562,178.4600067138672,181.11000061035156,1489000,0.0,0.0
2025-09-22 00:00:00-04:00,179.38999938964844,180.8300018310547,178.16000366210938,179.19000244140625,1414100,0.0,0.0
2025-09-23 00:00:00-04:00,179.19000244140625,179.64500427246094,171.86000061035156,172.8300018310547,1752800,0.0,0.0
2025-09-24 00:00:00-04:00,173.14999389648438,173.14999389648438,163.64999389648438,163.91000366210938,1100500,0.0,0.0
2025-09-25 00:00:00-04:00,161.30999755859375,166.35000610351562,160.07000732421875,163.66000366210938,1481200,0.0,0.0
2025-09-26 00:00:00-04:00,163.5800018310547,164.69400024414062,160.02000427246094,162.97000122070312,1220300,0.0,0.0
2025-09-29 00:00:00-04:00,163.22000122070312,164.88499450683594,162.38999938964844,163.08999633789062,1087900,0.0,0.0
2025-09-30 00:00:00-04:00,162.44000244140625,164.63999938964844,159.9499969482422,160.97000122070312,1214000,0.0,0.0
2025-10-01 00:00:00-04:00,160.11000061035156,163.39999389648438,157.7899932861328,161.61000061035156,1583800,0.0,0.0
2025-10-02 00:00:00-04:00,161.91000366210938,161.91000366210938,157.4250030517578,160.2100067138672,1042400,0.0,0.0
2025-10-03 00:00:00-04:00,161.5399932861328,167.91000366210938,160.58999633789062,167.35000610351562,1145300,0.0,0.0
2025-10-06 00:00:00-04:00,167.36000061035156,172.67999267578125,167.21499633789062,170.3800048828125,1424700,0.0,0.0
2025-10-07 00:00:00-04:00,170.4600067138672,173.6199951171875,167.3300018310547,168.52999877929688,1052900,0.0,0.0
2025-10-08 00:00:00-04:00,170.5800018310547,173.16000366210938,169.16000366210938,172.08999633789062,946500,0.0,0.0
2025-10-09 00:00:00-04:00,171.4600067138672,174.75,171.02000427246094,173.05499267578125,859800,0.0,0.0
2025-10-10 00:00:00-04:00,173.1699981689453,173.77999877929688,167.98500061035156,169.27000427246094,971300,0.0,0.0
2025-10-13 00:00:00-04:00,170.0,174.57000732421875,169.0800018310547,174.1699981689453,1202700,0.0,0.0
2025-10-14 00:00:00-04:00,173.0,176.36000061035156,170.81500244140625,172.80999755859375,882000,0.0,0.0
2025-10-15 00:00:00-04:00,173.24000549316406,181.8800048828125,172.82000732421875,179.4199981689453,1278300,0.0,0.0
2025-10-16 00:00:00-04:00,179.5800018310547,187.33999633789062,179.14999389648438,180.5399932861328,1189400,0.0,0.0
2025-10-17 00:00:00-04:00,179.08999633789062,182.4199981689453,178.00999450683594,181.69000244140625,998200,0.0,0.0
2025-10-20 00:00:00-04:00,184.72000122070312,196.6300048828125,183.4550018310547,188.60000610351562,1737000,0.0,0.0
2025-10-21 00:00:00-04:00,187.9499969482422,190.1999969482422,185.64999389648438,186.8800048828125,782500,0.0,0.0
2025-10-22 00:00:00-04:00,186.67999267578125,189.02000427246094,183.8800048828125,188.02000427246094,1333600,0.0,0.0
2025-10-23 00:00:00-04:00,187.16000366210938,195.07000732421875,187.16000366210938,195.0,936800,0.0,0.0
2025-10-24 00:00:00-04:00,196.77000427246094,198.99000549316406,191.75,192.50999450683594,1086100,0.0,0.0
2025-10-27 00:00:00-04:00,194.72000122070312,195.43499755859375,189.3800048828125,192.22000122070312,1108800,0.0,0.0
2025-10-28 00:00:00-04:00,191.97000122070312,192.69500732421875,189.00999450683594,189.57000732421875,946600,0.0,0.0
2025-10-29 00:00:00-04:00,188.05999755859375,195.1199951171875,188.05999755859375,192.80999755859375,893300,0.0,0.0
2025-10-30 00:00:00-04:00,194.3000030517578,198.55999755859375,190.55999755859375,193.22000122070312,1044700,0.0,0.0
2025-10-31 00:00:00-04:00,193.41000366210938,199.2100067138672,192.2899932861328,198.92999267578125,1921000,0.0,0.0
2025-11-03 00:00:00-05:00,198.7100067138672,200.75999450683594,194.07000732421875,198.22999572753906,1636700,0.0,0.0
2025-11-04 00:00:00-05:00,196.4499969482422,203.22500610351562,195.62100219726562,196.4499969482422,1849000,0.0,0.0
2025-11-05 00:00:00-05:00,196.6300048828125,202.0,193.1840057373047,199.9199981689453,1230600,0.0,0.0
2025-11-06 00:00:00-05:00,198.69000244140625,201.0800018310547,195.8699951171875,198.47999572753906,1928800,0.0,0.0
2025-11-07 00:00:00-05:00,186.27499389648438,201.1999969482422,182.1999969482422,199.57000732421875,2707200,0.0,0.0
2025-11-10 00:00:00-05:00,201.0,210.89999389648438,199.72999572753906,206.6300048828125,1452700,0.0,0.0
2025-11-11 00:00:00-05:00,207.44000244140625,210.08999633789062,205.67999267578125,206.72000122070312,1230700,0.0,0.0
2025-11-12 00:00:00-05:00,206.72000122070312,212.2100067138672,206.72000122070312,209.5,1538100,0.0,0.0
2025-11-13 00:00:00-05:00,206.4600067138672,209.0,200.33999633789062,200.6699981689453,1490300,0.0,0.0
2025-11-14 00:00:00-05:00,196.27000427246094,205.8000030517578,195.13999938964844,204.27999877929688,1289000,0.0,0.0
2025-11-17 00:00:00-05:00,204.27999877929688,208.5399932861328,203.0,206.0399932861328,1076200,0.0,0.0
2025-11-18 00:00:00-05:00,204.72999572753906,215.80999755859375,204.35000610351562,213.64999389648438,2172000,0.0,0.0
2025-11-19 00:00:00-05:00,214.44000244140625,220.52999877929688,212.3300018310547,218.35000610351562,2143800,0.0,0.0
2025-11-20 00:00:00-05:00,220.0,229.9499969482422,220.0,225.5500030517578,3444900,0.0,0.0
2025-11-21 00:00:00-05:00,225.0,235.88999938964844,223.60000610351562,230.6300048828125,2871400,0.0,0.0
2025-11-24 00:00:00-05:00,230.6300048828125,239.39999389648438,227.7100067138672,238.5800018310547,2404000,0.0,0.0
2025-11-25 00:00:00-05:00,240.39999389648438,240.39999389648438,233.2100067138672,236.49000549316406,1862800,0.0,0.0
2025-11-26 00:00:00-05:00,238.38999938964844,241.27999877929688,236.52999877929688,237.1199951171875,1320800,0.0,0.0
2025-11-28 00:00:00-05:00,236.99000549316406,239.75999450683594,235.77000427246094,238.80999755859375,500600,0.0,0.0
2025-12-01 00:00:00-05:00,239.63999938964844,240.1750030517578,233.6699981689453,234.25,824100,0.0,0.0
2025-12-02 00:00:00-05:00,236.9499969482422,238.72999572753906,233.8300018310547,236.63999938964844,1063100,0.0,0.0
2025-12-03 00:00:00-05:00,237.8000030517578,239.17999267578125,234.6300048828125,238.2100067138672,1576200,0.0,0.0
2025-12-04 00:00:00-05:00,239.11000061035156,243.72999572753906,237.86000061035156,242.05999755859375,1234800,0.0,0.0
2025-12-05 00:00:00-05:00,242.22000122070312,245.58999633789062,239.0,244.5500030517578,1369800,0.0,0.0
2025-12-08 00:00:00-05:00,245.3300018310547,246.89999389648438,238.05999755859375,239.13999938964844,1403700,0.0,0.0
2025-12-09 00:00:00-05:00,239.5,241.4499969482422,234.05999755859375,235.52999877929688,1082300,0.0,0.0
2025-12-10 00:00:00-05:00,235.5800018310547,239.21499633789062,231.67999267578125,233.1300048828125,1299800,0.0,0.0
2025-12-11 00:00:00-05:00,230.00999450683594,234.8249969482422,227.44000244140625,231.0500030517578,1116800,0.0,0.0
2025-12-12 00:00:00-05:00,231.5,232.22999572753906,225.5800018310547,231.9499969482422,1362700,0.0,0.0
2025-12-15 00:00:00-05:00,229.2899932861328,232.75999450683594,227.0,228.39999389648438,1141600,0.0,0.0
2025-12-16 00:00:00-05:00,227.80999755859375,229.22000122070312,225.8000030517578,227.39999389648438,898300,0.0,0.0
2025-12-17 00:00:00-05:00,227.7899932861328,228.3800048828125,221.83999633789062,225.49000549316406,1870900,0.0,0.0
2025-12-18 00:00:00-05:00,225.49000549316406,228.7100067138672,223.97799682617188,224.74000549316406,1288900,0.0,0.0
2025-12-19 00:00:00-05:00,227.0500030517578,232.38999938964844,224.74000549316406,231.9600067138672,2218200,0.0,0.0
2025-12-22 00:00:00-05:00,233.91000366210938,237.0399932861328,231.0659942626953,235.57000732421875,1462900,0.0,0.0
2025-12-23 00:00:00-05:00,234.7100067138672,236.99000549316406,232.0500030517578,235.39999389648438,1003800,0.0,0.0
2025-12-24 00:00:00-05:00,234.67999267578125,236.36500549316406,232.69500732421875,235.5399932861328,468100,0.0,0.0
2025-12-26 00:00:00-05:00,233.4499969482422,236.3300018310547,233.36000061035156,233.74000549316406,410900,0.0,0.0
2025-12-29 00:00:00-05:00,232.64999389648438,233.66000366210938,230.08999633789062,231.3000030517578,491800,0.0,0.0
2025-12-30 00:00:00-05:00,230.6300048828125,232.60000610351562,227.88999938964844,229.97999572753906,660400,0.0,0.0
2025-12-31 00:00:00-05:00,229.97999572753906,231.91000366210938,228.80999755859375,229.08999633789062,621500,0.0,0.0
2026-01-02 00:00:00-05:00,228.9499969482422,230.06500244140625,225.8249969482422,228.83999633789062,827100,0.0,0.0
2026-01-05 00:00:00-05:00,229.8800048828125,237.5,227.69000244140625,237.4199981689453,1088500,0.0,0.0
2026-01-06 00:00:00-05:00,237.5,249.14999389648438,237.4199981689453,248.74000549316406,1550700,0.0,0.0
2026-01-07 00:00:00-05:00,253.0800018310547,256.3599853515625,250.25999450683594,254.39999389648438,1199500,0.0,0.0
2026-01-08 00:00:00-05:00,252.47999572753906,256.0,232.29100036621094,239.55999755859375,1977700,0.0,0.0
2026-01-09 00:00:00-05:00,241.83999633789062,241.89999389648438,232.36000061035156,234.30999755859375,1016100,0.0,0.0
2026-01-12 00:00:00-05:00,236.0,243.47000122070312,226.1199951171875,235.4499969482422,1738600,0.0,0.0
2026-01-13 00:00:00-05:00,236.83999633789062,239.42999267578125,230.9600067138672,237.88999938964844,1144000,0.0,0.0
2026-01-14 00:00:00-05:00,235.86000061035156,239.3800048828125,233.4499969482422,239.19000244140625,904100,0.0,0.0
2026-01-15 00:00:00-05:00,240.24000549316406,243.02999877929688,234.51499938964844,240.33999633789062,1013600,0.0,0.0
2026-01-16 00:00:00-05:00,239.35000610351562,241.0,230.1300048828125,231.25,1470400,0.0,0.0
2026-01-20 00:00:00-05:00,228.0800018310547,235.4600067138672,226.66000366210938,234.85000610351562,1473800,0.0,0.0
2026-01-21 00:00:00-05:00,235.0,243.69000244140625,234.0399932861328,242.77999877929688,1416200,0.0,0.0
2026-01-22 00:00:00-05:00,243.1199951171875,250.0,242.2100067138672,242.91000366210938,971300,0.0,0.0
2026-01-23 00:00:00-05:00,243.6300048828125,249.25999450683594,240.57000732421875,241.5800018310547,961100,0.0,0.0
2026-01-26 00:00:00-05:00,241.14999389648438,246.26499938964844,239.0,241.38999938964844,656000,0.0,0.0
2026-01-27 00:00:00-05:00,240.4600067138672,244.3300018310547,238.8699951171875,240.33999633789062,578700,0.0,0.0
2026-01-28 00:00:00-05:00,240.9600067138672,240.99000549316406,235.61000061035156,235.92999267578125,871600,0.0,0.0
2026-01-29 00:00:00-05:00,234.9199981689453,235.00999450683594,229.13999938964844,231.47999572753906,947100,0.0,0.0
2026-01-30 00:00:00-05:00,231.47000122070312,235.6199951171875,229.30099487304688,231.13999938964844,666000,0.0,0.0
2026-02-02 00:00:00-05:00,228.5,234.22000122070312,226.23699951171875,231.10000610351562,1250300,0.0,0.0
2026-02-03 00:00:00-05:00,232.44000244140625,236.5800018310547,224.2100067138672,227.67999267578125,937200,0.0,0.0
2026-02-04 00:00:00-05:00,226.36000061035156,226.75,204.86000061035156,205.61000061035156,2452200,0.0,0.0
2026-02-05 00:00:00-05:00,204.52999877929688,209.75999450683594,195.46099853515625,197.0800018310547,1783100,0.0,0.0
2026-02-06 00:00:00-05:00,199.72999572753906,203.67999267578125,194.02000427246094,203.0399932861328,1564000,0.0,0.0
2026-02-09 00:00:00-05:00,207.30999755859375,213.49000549316406,207.2949981689453,210.5800018310547,1183800,0.0,0.0
2026-02-10 00:00:00-05:00,210.14999389648438,214.36000061035156,209.9429931640625,211.64999389648438,1054500,0.0,0.0
2026-02-11 00:00:00-05:00,212.58999633789062,212.77000427246094,203.86000061035156,212.4600067138672,898300,0.0,0.0
2026-02-12 00:00:00-05:00,211.3300018310547,213.9550018310547,204.05999755859375,207.8350067138672,931200,0.0,0.0
2026-02-13 00:00:00-05:00,208.8300018310547,213.3000030517578,204.0399932861328,206.22999572753906,790400,0.0,0.0
2026-02-17 00:00:00-05:00,206.06500244140625,211.50999450683594,204.24000549316406,211.25,791000,0.0,0.0
2026-02-18 00:00:00-05:00,211.75999450683594,220.64999389648438,210.57000732421875,215.52999877929688,1002100,0.0,0.0
2026-02-19 00:00:00-05:00,216.72999572753906,218.5,213.1999969482422,216.36000061035156,744500,0.0,0.0
2026-02-20 00:00:00-05:00,216.36000061035156,218.2550048828125,208.57000732421875,212.1199951171875,1180400,0.0,0.0
2026-02-23 00:00:00-05:00,211.74000549316406,212.875,207.00999450683594,209.35000610351562,776300,0.0,0.0
2026-02-24 00:00:00-05:00,208.39999389648438,212.47999572753906,207.22000122070312,209.52999877929688,693400,0.0,0.0
2026-02-25 00:00:00-05:00,211.64999389648438,214.38999938964844,209.02000427246094,211.8300018310547,1014000,0.0,0.0
2026-02-26 00:00:00-05:00,212.6699981689453,216.63999938964844,211.1999969482422,216.10000610351562,1202700,0.0,0.0
2026-02-27 00:00:00-05:00,211.02000427246094,212.99000549316406,196.22000122070312,208.0399932861328,2761800,0.0,0.0
2026-03-02 00:00:00-05:00,200.1699981689453,203.91000366210938,196.22000122070312,200.1699981689453,1486700,0.0,0.0
2026-03-03 00:00:00-05:00,195.6699981689453,210.50999450683594,192.59500122070312,207.0399932861328,1543000,0.0,0.0
2026-03-04 00:00:00-05:00,207.1699981689453,208.5959930419922,201.85000610351562,203.02999877929688,859300,0.0,0.0
2026-03-05 00:00:00-05:00,201.00999450683594,203.27999877929688,193.85000610351562,197.13999938964844,1464900,0.0,0.0
2026-03-06 00:00:00-05:00,193.27000427246094,198.33999633789062,193.27000427246094,198.1300048828125,1226100,0.0,0.0
2026-03-09 00:00:00-04:00,194.19000244140625,205.6199951171875,194.19000244140625,205.22000122070312,1422500,0.0,0.0
2026-03-10 00:00:00-04:00,205.97999572753906,207.0800018310547,198.4499969482422,198.9499969482422,902900,0.0,0.0
2026-03-11 00:00:00-04:00,196.36000061035156,201.27000427246094,194.5500030517578,196.61000061035156,1404600,0.0,0.0
2026-03-12 00:00:00-04:00,193.75,195.39999389648438,186.07000732421875,190.30999755859375,1758700,0.0,0.0
2026-03-13 00:00:00-04:00,191.3800048828125,192.36000061035156,187.00999450683594,187.85000610351562,1261700,0.0,0.0
2026-03-16 00:00:00-04:00,191.44000244140625,198.17999267578125,190.6649932861328,197.67999267578125,1574900,0.0,0.0
2026-03-17 00:00:00-04:00,199.52999877929688,203.2899932861328,197.75,198.3800048828125,1143100,0.0,0.0
2026-03-18 00:00:00-04:00,197.5399932861328,200.42999267578125,195.2899932861328,197.7899932861328,1450800,0.0,0.0
2026-03-19 00:00:00-04:00,196.6300048828125,204.343994140625,196.0,202.72999572753906,1220200,0.0,0.0
2026-03-20 00:00:00-04:00,200.6300048828125,201.2899932861328,194.02000427246094,195.27999877929688,2362700,0.0,0.0
2026-03-23 00:00:00-04:00,197.10000610351562,201.8699951171875,196.74000549316406,200.08999633789062,853800,0.0,0.0
2026-03-24 00:00:00-04:00,198.77000427246094,198.77000427246094,191.4969940185547,194.52000427246094,787200,0.0,0.0
2026-03-25 00:00:00-04:00,196.39999389648438,202.8800048828125,195.78500366210938,197.3699951171875,666700,0.0,0.0
2026-03-26 00:00:00-04:00,195.36000061035156,198.52000427246094,194.55499267578125,196.14999389648438,643500,0.0,0.0
2026-03-27 00:00:00-04:00,195.69000244140625,195.99000549316406,181.0,182.64999389648438,1063200,0.0,0.0
2026-03-30 00:00:00-04:00,184.02999877929688,187.0,181.47999572753906,186.83999633789062,995200,0.0,0.0
2026-03-31 00:00:00-04:00,190.33999633789062,200.55999755859375,190.2899932861328,199.99000549316406,1419700,0.0,0.0
2026-04-01 00:00:00-04:00,201.0,205.97999572753906,199.65499877929688,203.2100067138672,1294500,0.0,0.0
2026-04-02 00:00:00-04:00,198.19000244140625,210.99000549316406,198.02000427246094,207.97999572753906,1279900,0.0,0.0
2026-04-06 00:00:00-04:00,206.33999633789062,208.32000732421875,203.13999938964844,204.8699951171875,808800,0.0,0.0
2026-04-07 00:00:00-04:00,205.27999877929688,209.75,203.1699981689453,209.27000427246094,906500,0.0,0.0
2026-04-08 00:00:00-04:00,215.9600067138672,220.0,209.86000061035156,210.8300018310547,1094600,0.0,0.0
2026-04-09 00:00:00-04:00,209.35000610351562,209.38999938964844,199.54299926757812,203.0,1490700,0.0,0.0
2026-04-10 00:00:00-04:00,202.9199981689453,205.5800018310547,184.0,193.02999877929688,2871600,0.0,0.0
2026-04-13 00:00:00-04:00,193.72999572753906,202.80999755859375,193.72999572753906,201.89999389648438,1203900,0.0,0.0
2026-04-14 00:00:00-04:00,207.52000427246094,215.0,206.36000061035156,214.63999938964844,1734400,0.0,0.0
2026-04-15 00:00:00-04:00,217.6199951171875,219.46499633789062,206.25999450683594,207.19000244140625,1381700,0.0,0.0
2026-04-16 00:00:00-04:00,205.00999450683594,205.66099548339844,194.2899932861328,196.11000061035156,1848700,0.0,0.0
2026-04-17 00:00:00-04:00,200.13999938964844,209.27499389648438,198.27999877929688,208.39999389648438,1427000,0.0,0.0
2026-04-20 00:00:00-04:00,206.32000732421875,210.8699951171875,206.1300048828125,207.74000549316406,824800,0.0,0.0
2026-04-21 00:00:00-04:00,208.0,212.77000427246094,205.2050018310547,205.4199981689453,769900,0.0,0.0
2026-04-22 00:00:00-04:00,207.41000366210938,209.3300018310547,203.47000122070312,207.77999877929688,1001500,0.0,0.0
2026-04-23 00:00:00-04:00,204.88999938964844,204.92999267578125,192.7949981689453,201.13999938964844,1166300,0.0,0.0
2026-04-24 00:00:00-04:00,201.13999938964844,206.44000244140625,198.63999938964844,203.75,1000400,0.0,0.0
2026-04-27 00:00:00-04:00,202.60000610351562,207.79200744628906,201.94000244140625,204.38999938964844,1064400,0.0,0.0
2026-04-28 00:00:00-04:00,200.9600067138672,202.99000549316406,195.97000122070312,200.1699981689453,1664700,0.0,0.0
2026-04-29 00:00:00-04:00,197.52000427246094,199.80999755859375,189.52999877929688,194.75,963700,0.0,0.0
2026-04-30 00:00:00-04:00,196.74000549316406,209.91000366210938,196.69000244140625,206.16000366210938,1772700,0.0,0.0
2026-05-01 00:00:00-04:00,205.2899932861328,208.66200256347656,200.07000732421875,207.27999877929688,946700,0.0,0.0
2026-05-04 00:00:00-04:00,206.8699951171875,212.0,204.52000427246094,211.55999755859375,1291300,0.0,0.0
2026-05-05 00:00:00-04:00,213.0,213.83999633789062,205.0050048828125,206.77000427246094,1065500,0.0,0.0
2026-05-06 00:00:00-04:00,208.5399932861328,218.08999633789062,206.4199981689453,215.08999633789062,2136300,0.0,0.0
2026-05-07 00:00:00-04:00,215.5,221.55999755859375,209.88999938964844,219.82000732421875,2765900,0.0,0.0
2026-05-08 00:00:00-04:00,210.0,217.64500427246094,192.52000427246094,194.24000549316406,3925700,0.0,0.0
2026-05-11 00:00:00-04:00,194.1199951171875,202.4199981689453,190.57000732421875,199.13999938964844,2041700,0.0,0.0
2026-05-12 00:00:00-04:00,199.4600067138672,206.0,198.00999450683594,204.2100067138672,1566700,0.0,0.0
2026-05-13 00:00:00-04:00,204.0800018310547,204.0800018310547,194.02999877929688,195.32000732421875,1664200,0.0,0.0
2026-05-14 00:00:00-04:00,195.50999450683594,200.51499938964844,195.0800018310547,196.91000366210938,1382200,0.0,0.0
2026-05-15 00:00:00-04:00,197.61000061035156,198.64500427246094,184.80999755859375,186.36000061035156,2240000,0.0,0.0
2026-05-18 00:00:00-04:00,190.0,197.52499389648438,188.5,192.5399932861328,2145000,0.0,0.0
2026-05-19 00:00:00-04:00,193.4499969482422,198.11000061035156,190.0500030517578,196.0399932861328,1273600,0.0,0.0
2026-05-20 00:00:00-04:00,199.75,205.36000061035156,197.15499877929688,204.9199981689453,1513900,0.0,0.0
2026-05-21 00:00:00-04:00,204.75,210.0,198.97000122070312,203.69000244140625,1493400,0.0,0.0
2026-05-22 00:00:00-04:00,204.3699951171875,210.6699981689453,202.2550048828125,203.19000244140625,1036200,0.0,0.0
2026-05-26 00:00:00-04:00,205.47000122070312,209.0,197.6300048828125,200.91000366210938,1466300,0.0,0.0
2026-05-27 00:00:00-04:00,200.52000427246094,204.63999938964844,196.44000244140625,203.11000061035156,1273000,0.0,0.0
2026-05-28 00:00:00-04:00,202.64999389648438,214.16000366210938,200.1699981689453,213.94000244140625,1861900,0.0,0.0
2026-05-29 00:00:00-04:00,214.97000122070312,225.6999969482422,211.39700317382812,223.3699951171875,2690800,0.0,0.0
2026-06-01 00:00:00-04:00,220.8300018310547,225.10000610351562,216.60000610351562,218.80999755859375,1334300,0.0,0.0
2026-06-02 00:00:00-04:00,214.8000030517578,216.96499633789062,210.7899932861328,212.72999572753906,1174600,0.0,0.0
2026-06-03 00:00:00-04:00,209.46499633789062,213.25999450683594,204.16000366210938,211.85000610351562,1463500,0.0,0.0
2026-06-04 00:00:00-04:00,213.9499969482422,227.89999389648438,212.1699981689453,222.10000610351562,1266700,0.0,0.0
2026-06-05 00:00:00-04:00,218.19000244140625,222.13499450683594,214.82000732421875,215.30999755859375,849100,0.0,0.0
2026-06-08 00:00:00-04:00,215.86000061035156,220.08999633789062,212.02999877929688,213.47000122070312,1115200,0.0,0.0
2026-06-09 00:00:00-04:00,216.60000610351562,222.97999572753906,211.25,222.82000732421875,1210900,0.0,0.0
2026-06-10 00:00:00-04:00,221.66000366210938,224.6999969482422,215.50999450683594,216.5,1026300,0.0,0.0
2026-06-11 00:00:00-04:00,216.67999267578125,221.6199951171875,213.07000732421875,219.22999572753906,736000,0.0,0.0
2026-06-12 00:00:00-04:00,223.7100067138672,223.7100067138672,208.79400634765625,212.07000732421875,811700,0.0,0.0
2026-06-15 00:00:00-04:00,213.63999938964844,219.44000244140625,209.57000732421875,216.97000122070312,1017200,0.0,0.0
2026-06-16 00:00:00-04:00,216.77999877929688,223.92599487304688,214.77000427246094,220.11000061035156,1378800,0.0,0.0
2026-06-17 00:00:00-04:00,219.17999267578125,231.88999938964844,217.72000122070312,226.44000244140625,1777300,0.0,0.0
2026-06-18 00:00:00-04:00,232.63999938964844,237.1529998779297,227.92999267578125,231.41000366210938,2630800,0.0,0.0
2026-06-22 00:00:00-04:00,231.52000427246094,234.13499450683594,219.5,228.8000030517578,1577700,0.0,0.0
2026-06-23 00:00:00-04:00,225.7100067138672,240.72000122070312,224.35000610351562,234.75999450683594,2063000,0.0,0.0
2026-06-24 00:00:00-04:00,243.0,264.6499938964844,239.0,259.9700012207031,2941700,0.0,0.0
2026-06-25 00:00:00-04:00,258.92999267578125,271.4700012207031,258.5,260.739990234375,2466700,0.0,0.0
2026-06-26 00:00:00-04:00,262.4200134277344,270.42999267578125,257.07000732421875,261.9100036621094,3411700,0.0,0.0
2026-06-29 00:00:00-04:00,265.0,274.8599853515625,263.0,272.30999755859375,1784100,0.0,0.0
2026-06-30 00:00:00-04:00,271.45001220703125,275.239990234375,265.3890075683594,271.45001220703125,1371600,0.0,0.0
2026-07-01 00:00:00-04:00,273.0,279.4200134277344,266.3299865722656,276.2699890136719,1861700,0.0,0.0
2026-07-02 00:00:00-04:00,278.4700012207031,279.6300048828125,271.6400146484375,279.32000732421875,1274000,0.0,0.0
