Date,Open,High,Low,Close,Volume,Dividends,Stock Splits
2020-12-04 00:00:00-05:00,29.0,29.299999237060547,24.6299991607666,25.0,3564300,0.0,0.0
2020-12-07 00:00:00-05:00,24.920000076293945,30.0,24.219999313354492,29.399999618530273,821700,0.0,0.0
2020-12-08 00:00:00-05:00,28.290000915527344,32.7400016784668,27.93899917602539,31.329999923706055,438800,0.0,0.0
2020-12-09 00:00:00-05:00,31.780000686645508,32.88999938964844,29.700000762939453,31.709999084472656,315400,0.0,0.0
2020-12-10 00:00:00-05:00,31.489999771118164,32.91400146484375,30.55500030517578,31.850000381469727,401100,0.0,0.0
2020-12-11 00:00:00-05:00,32.0,32.9900016784668,31.069000244140625,31.799999237060547,189900,0.0,0.0
2020-12-14 00:00:00-05:00,32.119998931884766,32.75,28.170000076293945,30.59000015258789,355200,0.0,0.0
2020-12-15 00:00:00-05:00,30.209999084472656,30.260000228881836,29.010000228881836,30.25,159300,0.0,0.0
2020-12-16 00:00:00-05:00,30.200000762939453,32.72999954223633,30.010000228881836,32.290000915527344,187300,0.0,0.0
2020-12-17 00:00:00-05:00,32.09000015258789,33.849998474121094,31.389999389648438,32.650001525878906,67700,0.0,0.0
2020-12-18 00:00:00-05:00,33.20000076293945,33.900001525878906,30.5,32.0,160400,0.0,0.0
2020-12-21 00:00:00-05:00,32.290000915527344,32.95000076293945,30.06999969482422,31.860000610351562,178900,0.0,0.0
2020-12-22 00:00:00-05:00,31.90999984741211,32.25,30.600000381469727,32.0,383900,0.0,0.0
2020-12-23 00:00:00-05:00,31.229999542236328,35.96500015258789,30.350000381469727,34.20000076293945,240000,0.0,0.0
2020-12-24 00:00:00-05:00,34.0,36.5,33.9900016784668,35.77000045776367,142900,0.0,0.0
2020-12-28 00:00:00-05:00,35.779998779296875,36.70000076293945,34.43000030517578,36.5,141200,0.0,0.0
2020-12-29 00:00:00-05:00,37.5,38.77000045776367,35.29999923706055,37.0,103300,0.0,0.0
2020-12-30 00:00:00-05:00,36.52000045776367,44.36000061035156,35.5,42.040000915527344,112300,0.0,0.0
2020-12-31 00:00:00-05:00,42.68000030517578,49.85499954223633,42.04999923706055,46.34000015258789,196200,0.0,0.0
2021-01-04 00:00:00-05:00,45.0099983215332,45.30500030517578,39.119998931884766,39.540000915527344,324800,0.0,0.0
2021-01-05 00:00:00-05:00,39.70000076293945,40.310001373291016,33.869998931884766,38.0,377600,0.0,0.0
2021-01-06 00:00:00-05:00,38.45000076293945,39.08000183105469,35.31999969482422,37.619998931884766,166900,0.0,0.0
2021-01-07 00:00:00-05:00,38.060001373291016,41.224998474121094,37.65999984741211,40.56999969482422,272600,0.0,0.0
2021-01-08 00:00:00-05:00,40.06999969482422,42.71500015258789,39.0099983215332,41.0,243100,0.0,0.0
2021-01-11 00:00:00-05:00,41.29999923706055,42.779998779296875,39.32600021362305,41.779998779296875,108100,0.0,0.0
2021-01-12 00:00:00-05:00,41.459999084472656,47.189998626708984,40.95000076293945,46.380001068115234,176600,0.0,0.0
2021-01-13 00:00:00-05:00,46.90999984741211,49.15999984741211,44.34000015258789,46.970001220703125,223900,0.0,0.0
2021-01-14 00:00:00-05:00,47.41999816894531,50.83000183105469,46.93000030517578,49.779998779296875,265300,0.0,0.0
2021-01-15 00:00:00-05:00,50.0,54.40999984741211,48.20000076293945,48.31999969482422,98900,0.0,0.0
2021-01-19 00:00:00-05:00,48.5,50.0,46.04999923706055,46.56999969482422,90200,0.0,0.0
2021-01-20 00:00:00-05:00,46.52000045776367,47.30500030517578,45.04999923706055,45.68000030517578,64400,0.0,0.0
2021-01-21 00:00:00-05:00,46.2599983215332,46.35499954223633,42.0,44.939998626708984,84100,0.0,0.0
2021-01-22 00:00:00-05:00,44.7599983215332,47.150001525878906,43.88999938964844,45.63999938964844,213000,0.0,0.0
2021-01-25 00:00:00-05:00,45.9900016784668,49.13999938964844,45.29999923706055,47.209999084472656,206600,0.0,0.0
2021-01-26 00:00:00-05:00,47.380001068115234,49.56999969482422,47.189998626708984,47.599998474121094,73000,0.0,0.0
2021-01-27 00:00:00-05:00,47.470001220703125,48.810001373291016,45.29999923706055,45.29999923706055,175900,0.0,0.0
2021-01-28 00:00:00-05:00,45.400001525878906,47.970001220703125,45.17499923706055,45.29999923706055,211500,0.0,0.0
2021-01-29 00:00:00-05:00,45.75,47.439998626708984,43.560001373291016,43.91999816894531,75700,0.0,0.0
2021-02-01 00:00:00-05:00,44.779998779296875,47.70000076293945,43.77000045776367,46.040000915527344,86700,0.0,0.0
2021-02-02 00:00:00-05:00,47.599998474121094,49.31999969482422,46.16999816894531,48.06999969482422,156900,0.0,0.0
2021-02-03 00:00:00-05:00,49.560001373291016,49.560001373291016,46.59000015258789,46.59000015258789,79500,0.0,0.0
2021-02-04 00:00:00-05:00,46.40999984741211,47.75,43.02000045776367,43.11000061035156,333700,0.0,0.0
2021-02-05 00:00:00-05:00,43.380001068115234,45.369998931884766,41.66999816894531,42.38999938964844,253300,0.0,0.0
2021-02-08 00:00:00-05:00,42.720001220703125,44.869998931884766,41.720001220703125,43.91999816894531,238700,0.0,0.0
2021-02-09 00:00:00-05:00,43.869998931884766,44.70000076293945,42.81999969482422,43.06999969482422,219400,0.0,0.0
2021-02-10 00:00:00-05:00,43.52000045776367,44.13800048828125,40.0,42.529998779296875,314300,0.0,0.0
2021-02-11 00:00:00-05:00,42.5,44.584999084472656,40.22999954223633,43.20000076293945,286900,0.0,0.0
2021-02-12 00:00:00-05:00,43.11000061035156,46.540000915527344,41.54999923706055,44.7599983215332,192400,0.0,0.0
2021-02-16 00:00:00-05:00,45.68000030517578,48.0,42.02000045776367,47.91999816894531,166200,0.0,0.0
2021-02-17 00:00:00-05:00,47.529998779296875,53.880001068115234,47.5,51.7599983215332,257000,0.0,0.0
2021-02-18 00:00:00-05:00,51.7599983215332,52.599998474121094,46.30500030517578,48.400001525878906,232900,0.0,0.0
2021-02-19 00:00:00-05:00,49.34000015258789,53.279998779296875,48.400001525878906,51.34000015258789,132100,0.0,0.0
2021-02-22 00:00:00-05:00,50.7400016784668,54.150001525878906,49.755001068115234,51.13999938964844,108100,0.0,0.0
2021-02-23 00:00:00-05:00,49.880001068115234,49.880001068115234,44.7400016784668,47.29999923706055,243100,0.0,0.0
2021-02-24 00:00:00-05:00,47.04999923706055,50.2400016784668,46.0,48.0099983215332,87600,0.0,0.0
2021-02-25 00:00:00-05:00,48.02000045776367,51.58000183105469,46.560001373291016,49.599998474121094,156400,0.0,0.0
2021-02-26 00:00:00-05:00,49.529998779296875,51.40999984741211,47.220001220703125,48.060001373291016,141300,0.0,0.0
2021-03-01 00:00:00-05:00,49.09000015258789,52.95000076293945,47.845001220703125,52.029998779296875,132900,0.0,0.0
2021-03-02 00:00:00-05:00,51.52000045776367,53.709999084472656,50.064998626708984,52.79999923706055,146000,0.0,0.0
2021-03-03 00:00:00-05:00,52.75,54.029998779296875,50.54999923706055,51.34000015258789,176300,0.0,0.0
2021-03-04 00:00:00-05:00,51.04999923706055,51.2400016784668,44.7599983215332,46.2599983215332,341700,0.0,0.0
2021-03-05 00:00:00-05:00,46.650001525878906,46.650001525878906,38.439998626708984,44.029998779296875,342900,0.0,0.0
2021-03-08 00:00:00-05:00,44.2400016784668,50.689998626708984,43.0,46.81999969482422,202100,0.0,0.0
2021-03-09 00:00:00-05:00,47.86000061035156,54.779998779296875,47.86000061035156,49.15999984741211,273300,0.0,0.0
2021-03-10 00:00:00-05:00,50.849998474121094,53.5099983215332,47.20000076293945,48.36000061035156,201000,0.0,0.0
2021-03-11 00:00:00-05:00,48.88999938964844,52.70000076293945,47.56999969482422,48.650001525878906,216200,0.0,0.0
2021-03-12 00:00:00-05:00,49.22999954223633,56.880001068115234,45.02000045776367,55.5099983215332,214400,0.0,0.0
2021-03-15 00:00:00-04:00,56.2599983215332,60.0,52.92499923706055,53.060001373291016,246100,0.0,0.0
2021-03-16 00:00:00-04:00,53.0099983215332,57.150001525878906,53.0099983215332,55.63999938964844,192300,0.0,0.0
2021-03-17 00:00:00-04:00,56.599998474121094,62.849998474121094,55.18000030517578,60.40999984741211,322200,0.0,0.0
2021-03-18 00:00:00-04:00,60.97999954223633,63.40999984741211,56.630001068115234,59.16999816894531,358800,0.0,0.0
2021-03-19 00:00:00-04:00,60.54999923706055,62.939998626708984,57.58000183105469,60.13999938964844,2662900,0.0,0.0
2021-03-22 00:00:00-04:00,58.36000061035156,61.0,48.270999908447266,51.5099983215332,550000,0.0,0.0
2021-03-23 00:00:00-04:00,51.599998474121094,51.72999954223633,46.540000915527344,47.880001068115234,445500,0.0,0.0
2021-03-24 00:00:00-04:00,47.9900016784668,51.939998626708984,46.345001220703125,50.22999954223633,261100,0.0,0.0
2021-03-25 00:00:00-04:00,50.22999954223633,53.439998626708984,49.560001373291016,50.0099983215332,163700,0.0,0.0
2021-03-26 00:00:00-04:00,50.65999984741211,52.0,45.790000915527344,47.310001373291016,229600,0.0,0.0
2021-03-29 00:00:00-04:00,47.0,47.38999938964844,42.83000183105469,43.0,91200,0.0,0.0
2021-03-30 00:00:00-04:00,43.0099983215332,46.005001068115234,39.119998931884766,40.56999969482422,176800,0.0,0.0
2021-03-31 00:00:00-04:00,40.560001373291016,44.13999938964844,40.0099983215332,43.630001068115234,170900,0.0,0.0
2021-04-01 00:00:00-04:00,44.18000030517578,46.54999923706055,43.70000076293945,44.279998779296875,116300,0.0,0.0
2021-04-05 00:00:00-04:00,44.790000915527344,45.5,41.720001220703125,41.86000061035156,96700,0.0,0.0
2021-04-06 00:00:00-04:00,42.58000183105469,42.75,39.220001220703125,39.79999923706055,57100,0.0,0.0
2021-04-07 00:00:00-04:00,40.02000045776367,42.290000915527344,38.130001068115234,38.65999984741211,75200,0.0,0.0
2021-04-08 00:00:00-04:00,38.2400016784668,40.84000015258789,38.2400016784668,40.11000061035156,100500,0.0,0.0
2021-04-09 00:00:00-04:00,39.41999816894531,40.7400016784668,36.93000030517578,38.06999969482422,94000,0.0,0.0
2021-04-12 00:00:00-04:00,38.06999969482422,39.86000061035156,34.36000061035156,35.150001525878906,185500,0.0,0.0
2021-04-13 00:00:00-04:00,35.349998474121094,36.935001373291016,33.5,34.08000183105469,236600,0.0,0.0
2021-04-14 00:00:00-04:00,34.08000183105469,41.459999084472656,32.68000030517578,38.290000915527344,460000,0.0,0.0
2021-04-15 00:00:00-04:00,38.52000045776367,40.095001220703125,36.900001525878906,38.939998626708984,127100,0.0,0.0
2021-04-16 00:00:00-04:00,39.36000061035156,39.36000061035156,36.58000183105469,37.63999938964844,132000,0.0,0.0
2021-04-19 00:00:00-04:00,37.599998474121094,38.31999969482422,35.84000015258789,37.7599983215332,92500,0.0,0.0
2021-04-20 00:00:00-04:00,37.18000030517578,38.15999984741211,35.32500076293945,37.290000915527344,120300,0.0,0.0
2021-04-21 00:00:00-04:00,36.91999816894531,38.9900016784668,35.880001068115234,38.130001068115234,65700,0.0,0.0
2021-04-22 00:00:00-04:00,38.08000183105469,38.15999984741211,36.16999816894531,36.66999816894531,134200,0.0,0.0
2021-04-23 00:00:00-04:00,36.529998779296875,38.02000045776367,34.25,34.790000915527344,98400,0.0,0.0
2021-04-26 00:00:00-04:00,34.790000915527344,37.88999938964844,34.130001068115234,36.79999923706055,127400,0.0,0.0
2021-04-27 00:00:00-04:00,36.689998626708984,37.90999984741211,34.040000915527344,35.029998779296875,153200,0.0,0.0
2021-04-28 00:00:00-04:00,34.630001068115234,36.209999084472656,34.29999923706055,34.720001220703125,89700,0.0,0.0
2021-04-29 00:00:00-04:00,34.90999984741211,35.369998931884766,33.22999954223633,34.040000915527344,109300,0.0,0.0
2021-04-30 00:00:00-04:00,33.5,35.349998474121094,31.139999389648438,32.04999923706055,437500,0.0,0.0
2021-05-03 00:00:00-04:00,32.58000183105469,32.779998779296875,30.8799991607666,31.0,149500,0.0,0.0
2021-05-04 00:00:00-04:00,30.65999984741211,30.899999618530273,27.969999313354492,29.1200008392334,211000,0.0,0.0
2021-05-05 00:00:00-04:00,29.270000457763672,31.625,28.450000762939453,28.93000030517578,127500,0.0,0.0
2021-05-06 00:00:00-04:00,28.950000762939453,29.59000015258789,26.940000534057617,28.020000457763672,84500,0.0,0.0
2021-05-07 00:00:00-04:00,28.15999984741211,29.23699951171875,27.760000228881836,28.15999984741211,40800,0.0,0.0
2021-05-10 00:00:00-04:00,28.0,28.100000381469727,26.149999618530273,26.5,106700,0.0,0.0
2021-05-11 00:00:00-04:00,25.969999313354492,27.299999237060547,25.0,26.84000015258789,207400,0.0,0.0
2021-05-12 00:00:00-04:00,26.559999465942383,27.020000457763672,25.829999923706055,26.459999084472656,123500,0.0,0.0
2021-05-13 00:00:00-04:00,26.59000015258789,27.132999420166016,23.690000534057617,24.709999084472656,131400,0.0,0.0
2021-05-14 00:00:00-04:00,24.850000381469727,28.09000015258789,24.780000686645508,26.520000457763672,183700,0.0,0.0
2021-05-17 00:00:00-04:00,25.799999237060547,28.690000534057617,24.600000381469727,28.489999771118164,137200,0.0,0.0
2021-05-18 00:00:00-04:00,28.559999465942383,29.739999771118164,26.725000381469727,27.190000534057617,136000,0.0,0.0
2021-05-19 00:00:00-04:00,27.049999237060547,28.93000030517578,25.959999084472656,28.75,121900,0.0,0.0
2021-05-20 00:00:00-04:00,28.719999313354492,30.260000228881836,28.1299991607666,29.729999542236328,182600,0.0,0.0
2021-05-21 00:00:00-04:00,30.1200008392334,30.440000534057617,28.0,28.15999984741211,97600,0.0,0.0
2021-05-24 00:00:00-04:00,28.190000534057617,28.382999420166016,25.34000015258789,26.510000228881836,91300,0.0,0.0
2021-05-25 00:00:00-04:00,26.65999984741211,26.847000122070312,25.020000457763672,25.059999465942383,67600,0.0,0.0
2021-05-26 00:00:00-04:00,25.06999969482422,27.399999618530273,24.815000534057617,26.889999389648438,76000,0.0,0.0
2021-05-27 00:00:00-04:00,27.739999771118164,28.16699981689453,26.28499984741211,26.860000610351562,213900,0.0,0.0
2021-05-28 00:00:00-04:00,27.0,28.0,26.860000610351562,27.530000686645508,104600,0.0,0.0
2021-06-01 00:00:00-04:00,27.799999237060547,29.114999771118164,27.479999542236328,28.829999923706055,76000,0.0,0.0
2021-06-02 00:00:00-04:00,29.34000015258789,30.270000457763672,28.674999237060547,29.31999969482422,151200,0.0,0.0
2021-06-03 00:00:00-04:00,28.729999542236328,29.40999984741211,27.885000228881836,29.079999923706055,126900,0.0,0.0
2021-06-04 00:00:00-04:00,29.1200008392334,29.610000610351562,28.18000030517578,28.829999923706055,126800,0.0,0.0
2021-06-07 00:00:00-04:00,28.940000534057617,30.75,28.1299991607666,28.59000015258789,146400,0.0,0.0
2021-06-08 00:00:00-04:00,28.5,29.760000228881836,28.360000610351562,29.559999465942383,111000,0.0,0.0
2021-06-09 00:00:00-04:00,29.43000030517578,32.45000076293945,29.399999618530273,32.130001068115234,134500,0.0,0.0
2021-06-10 00:00:00-04:00,32.18000030517578,33.540000915527344,31.8700008392334,32.4900016784668,115000,0.0,0.0
2021-06-11 00:00:00-04:00,32.36000061035156,33.540000915527344,31.950000762939453,33.22999954223633,103100,0.0,0.0
2021-06-14 00:00:00-04:00,33.22999954223633,33.959999084472656,33.00400161743164,33.380001068115234,82900,0.0,0.0
2021-06-15 00:00:00-04:00,33.540000915527344,33.56999969482422,31.579999923706055,32.47999954223633,96500,0.0,0.0
2021-06-16 00:00:00-04:00,32.060001373291016,32.84000015258789,31.420000076293945,32.43000030517578,124200,0.0,0.0
2021-06-17 00:00:00-04:00,32.310001373291016,33.15999984741211,30.440000534057617,30.940000534057617,118000,0.0,0.0
2021-06-18 00:00:00-04:00,30.389999389648438,32.380001068115234,30.18000030517578,31.8799991607666,202200,0.0,0.0
2021-06-21 00:00:00-04:00,32.189998626708984,32.34000015258789,29.5,30.920000076293945,132500,0.0,0.0
2021-06-22 00:00:00-04:00,30.920000076293945,31.264999389648438,29.399999618530273,29.6200008392334,141100,0.0,0.0
2021-06-23 00:00:00-04:00,29.649999618530273,31.100000381469727,29.649999618530273,31.010000228881836,70900,0.0,0.0
2021-06-24 00:00:00-04:00,31.030000686645508,33.849998474121094,31.030000686645508,33.150001525878906,105400,0.0,0.0
2021-06-25 00:00:00-04:00,33.09000015258789,33.275001525878906,31.479999542236328,32.0,553600,0.0,0.0
2021-06-28 00:00:00-04:00,31.739999771118164,32.5099983215332,31.510000228881836,32.029998779296875,81400,0.0,0.0
2021-06-29 00:00:00-04:00,32.220001220703125,32.220001220703125,30.989999771118164,31.540000915527344,73600,0.0,0.0
2021-06-30 00:00:00-04:00,31.309999465942383,32.720001220703125,30.850000381469727,30.889999389648438,53100,0.0,0.0
2021-07-01 00:00:00-04:00,31.010000228881836,32.54999923706055,30.96500015258789,32.369998931884766,69700,0.0,0.0
2021-07-02 00:00:00-04:00,32.45000076293945,32.75,31.139999389648438,31.219999313354492,97400,0.0,0.0
2021-07-06 00:00:00-04:00,31.389999389648438,31.610000610351562,28.270000457763672,28.540000915527344,59600,0.0,0.0
2021-07-07 00:00:00-04:00,28.59000015258789,29.360000610351562,26.709999084472656,28.56999969482422,156600,0.0,0.0
2021-07-08 00:00:00-04:00,28.059999465942383,29.190000534057617,27.440000534057617,28.420000076293945,238500,0.0,0.0
2021-07-09 00:00:00-04:00,28.65999984741211,31.469999313354492,28.65999984741211,30.989999771118164,106800,0.0,0.0
2021-07-12 00:00:00-04:00,30.760000228881836,32.7140007019043,30.1200008392334,30.93000030517578,78900,0.0,0.0
2021-07-13 00:00:00-04:00,30.389999389648438,30.450000762939453,28.110000610351562,28.670000076293945,99600,0.0,0.0
2021-07-14 00:00:00-04:00,28.979999542236328,29.239999771118164,27.459999084472656,28.06999969482422,101300,0.0,0.0
2021-07-15 00:00:00-04:00,27.780000686645508,30.209999084472656,26.719999313354492,30.010000228881836,139100,0.0,0.0
2021-07-16 00:00:00-04:00,30.389999389648438,31.290000915527344,29.56999969482422,30.600000381469727,98000,0.0,0.0
2021-07-19 00:00:00-04:00,29.950000762939453,31.420000076293945,29.829999923706055,31.100000381469727,90600,0.0,0.0
2021-07-20 00:00:00-04:00,31.309999465942383,33.25,31.309999465942383,32.63999938964844,315000,0.0,0.0
2021-07-21 00:00:00-04:00,32.65999984741211,35.5,32.400001525878906,35.220001220703125,141700,0.0,0.0
2021-07-22 00:00:00-04:00,34.959999084472656,35.630001068115234,33.11000061035156,33.369998931884766,196600,0.0,0.0
2021-07-23 00:00:00-04:00,33.40999984741211,34.20000076293945,32.0,32.650001525878906,127300,0.0,0.0
2021-07-26 00:00:00-04:00,32.91999816894531,33.209999084472656,31.350000381469727,31.739999771118164,82700,0.0,0.0
2021-07-27 00:00:00-04:00,31.309999465942383,32.29999923706055,28.479999542236328,29.18000030517578,130400,0.0,0.0
2021-07-28 00:00:00-04:00,29.280000686645508,31.100000381469727,28.5049991607666,30.469999313354492,90600,0.0,0.0
2021-07-29 00:00:00-04:00,31.010000228881836,31.850000381469727,29.825000762939453,31.040000915527344,92000,0.0,0.0
2021-07-30 00:00:00-04:00,30.75,31.079999923706055,30.165000915527344,30.280000686645508,49400,0.0,0.0
2021-08-02 00:00:00-04:00,30.709999084472656,31.100000381469727,29.81999969482422,29.979999542236328,40700,0.0,0.0
2021-08-03 00:00:00-04:00,29.860000610351562,29.929000854492188,28.170000076293945,29.559999465942383,62500,0.0,0.0
2021-08-04 00:00:00-04:00,29.360000610351562,30.40999984741211,28.309999465942383,29.270000457763672,64200,0.0,0.0
2021-08-05 00:00:00-04:00,29.389999389648438,30.674999237060547,29.31999969482422,29.950000762939453,73300,0.0,0.0
2021-08-06 00:00:00-04:00,30.079999923706055,30.5,29.309999465942383,29.90999984741211,40000,0.0,0.0
2021-08-09 00:00:00-04:00,29.940000534057617,30.329999923706055,28.809999465942383,28.950000762939453,101300,0.0,0.0
2021-08-10 00:00:00-04:00,28.860000610351562,30.5,28.68000030517578,29.8700008392334,126200,0.0,0.0
2021-08-11 00:00:00-04:00,30.190000534057617,30.209999084472656,28.190000534057617,28.309999465942383,144500,0.0,0.0
2021-08-12 00:00:00-04:00,28.170000076293945,28.985000610351562,27.850000381469727,28.110000610351562,137600,0.0,0.0
2021-08-13 00:00:00-04:00,28.3700008392334,29.125,27.65999984741211,28.979999542236328,101800,0.0,0.0
2021-08-16 00:00:00-04:00,28.479999542236328,30.110000610351562,28.479999542236328,29.940000534057617,168400,0.0,0.0
2021-08-17 00:00:00-04:00,29.81999969482422,31.719999313354492,29.739999771118164,30.90999984741211,90700,0.0,0.0
2021-08-18 00:00:00-04:00,31.139999389648438,31.15999984741211,29.770000457763672,30.079999923706055,147600,0.0,0.0
2021-08-19 00:00:00-04:00,29.889999389648438,30.940000534057617,28.6200008392334,28.829999923706055,159400,0.0,0.0
2021-08-20 00:00:00-04:00,28.600000381469727,28.600000381469727,27.549999237060547,27.709999084472656,165800,0.0,0.0
2021-08-23 00:00:00-04:00,28.5,29.1299991607666,26.5,27.6200008392334,396300,0.0,0.0
2021-08-24 00:00:00-04:00,28.1299991607666,28.84000015258789,25.700000762939453,26.020000457763672,226800,0.0,0.0
2021-08-25 00:00:00-04:00,25.969999313354492,27.969999313354492,24.290000915527344,25.0,183500,0.0,0.0
2021-08-26 00:00:00-04:00,25.010000228881836,26.520000457763672,24.600000381469727,24.600000381469727,286500,0.0,0.0
2021-08-27 00:00:00-04:00,24.899999618530273,26.790000915527344,24.600000381469727,24.610000610351562,735800,0.0,0.0
2021-08-30 00:00:00-04:00,24.649999618530273,26.763999938964844,22.549999237060547,23.0,315100,0.0,0.0
2021-08-31 00:00:00-04:00,22.700000762939453,24.09000015258789,21.809999465942383,22.0,337900,0.0,0.0
2021-09-01 00:00:00-04:00,22.219999313354492,23.489999771118164,21.600000381469727,22.459999084472656,778600,0.0,0.0
2021-09-02 00:00:00-04:00,22.65999984741211,23.610000610351562,22.15999984741211,22.75,297300,0.0,0.0
2021-09-03 00:00:00-04:00,22.6200008392334,23.329999923706055,20.90999984741211,21.0,547100,0.0,0.0
2021-09-07 00:00:00-04:00,21.100000381469727,22.149999618530273,20.399999618530273,20.5,504900,0.0,0.0
2021-09-08 00:00:00-04:00,20.600000381469727,20.989999771118164,19.350000381469727,19.799999237060547,517800,0.0,0.0
2021-09-09 00:00:00-04:00,19.780000686645508,22.1200008392334,19.65999984741211,21.350000381469727,854800,0.0,0.0
2021-09-10 00:00:00-04:00,21.40999984741211,21.6200008392334,19.40999984741211,19.440000534057617,332400,0.0,0.0
2021-09-13 00:00:00-04:00,14.789999961853027,15.529999732971191,14.100000381469727,14.899999618530273,1139400,0.0,0.0
2021-09-14 00:00:00-04:00,15.069999694824219,17.450000762939453,14.71399974822998,16.280000686645508,1250800,0.0,0.0
2021-09-15 00:00:00-04:00,15.930000305175781,16.43000030517578,15.079999923706055,16.25,583300,0.0,0.0
2021-09-16 00:00:00-04:00,14.890000343322754,15.0,11.310999870300293,12.5,2112400,0.0,0.0
2021-09-17 00:00:00-04:00,12.539999961853027,13.430000305175781,12.010000228881836,12.550000190734863,2316300,0.0,0.0
2021-09-20 00:00:00-04:00,12.3100004196167,12.359999656677246,11.59000015258789,11.920000076293945,512800,0.0,0.0
2021-09-21 00:00:00-04:00,11.960000038146973,12.0,11.5,11.699999809265137,409000,0.0,0.0
2021-09-22 00:00:00-04:00,11.779999732971191,11.9399995803833,11.170000076293945,11.25,263400,0.0,0.0
2021-09-23 00:00:00-04:00,11.149999618530273,11.65999984741211,10.770000457763672,11.460000038146973,352300,0.0,0.0
2021-09-24 00:00:00-04:00,11.279999732971191,11.4399995803833,10.5,10.59000015258789,283000,0.0,0.0
2021-09-27 00:00:00-04:00,10.550000190734863,11.199999809265137,10.34000015258789,10.920000076293945,589200,0.0,0.0
2021-09-28 00:00:00-04:00,10.789999961853027,11.414999961853027,10.75,10.8100004196167,363700,0.0,0.0
2021-09-29 00:00:00-04:00,10.859999656677246,11.399999618530273,10.279999732971191,10.550000190734863,322000,0.0,0.0
2021-09-30 00:00:00-04:00,10.520000457763672,11.0600004196167,9.859999656677246,9.979999542236328,741400,0.0,0.0
2021-10-01 00:00:00-04:00,10.300000190734863,11.850000381469727,10.125,11.670000076293945,987900,0.0,0.0
2021-10-04 00:00:00-04:00,11.0,11.140000343322754,9.779999732971191,10.050000190734863,644900,0.0,0.0
2021-10-05 00:00:00-04:00,10.15999984741211,11.1899995803833,9.875,10.470000267028809,549400,0.0,0.0
2021-10-06 00:00:00-04:00,10.600000381469727,11.100000381469727,10.260000228881836,10.390000343322754,350000,0.0,0.0
2021-10-07 00:00:00-04:00,10.289999961853027,10.800000190734863,9.539999961853027,10.140000343322754,414700,0.0,0.0
2021-10-08 00:00:00-04:00,9.998000144958496,10.069999694824219,9.5,9.640000343322754,307900,0.0,0.0
2021-10-11 00:00:00-04:00,9.760000228881836,10.270000457763672,9.270000457763672,9.329999923706055,322400,0.0,0.0
2021-10-12 00:00:00-04:00,9.449999809265137,9.65999984741211,9.100000381469727,9.220000267028809,267800,0.0,0.0
2021-10-13 00:00:00-04:00,9.329999923706055,9.78499984741211,9.156999588012695,9.579999923706055,288100,0.0,0.0
2021-10-14 00:00:00-04:00,9.699999809265137,9.8100004196167,9.119999885559082,9.710000038146973,703700,0.0,0.0
2021-10-15 00:00:00-04:00,10.0,10.449999809265137,9.510000228881836,9.859999656677246,771900,0.0,0.0
2021-10-18 00:00:00-04:00,9.699999809265137,9.729999542236328,9.130000114440918,9.380000114440918,451300,0.0,0.0
2021-10-19 00:00:00-04:00,9.329999923706055,9.619999885559082,9.270000457763672,9.5,208100,0.0,0.0
2021-10-20 00:00:00-04:00,9.550000190734863,9.609999656677246,9.170000076293945,9.1899995803833,302500,0.0,0.0
2021-10-21 00:00:00-04:00,9.279999732971191,9.579999923706055,9.1899995803833,9.289999961853027,531600,0.0,0.0
2021-10-22 00:00:00-04:00,9.220000267028809,9.229999542236328,8.880000114440918,9.199999809265137,335500,0.0,0.0
2021-10-25 00:00:00-04:00,9.180000305175781,9.539999961853027,8.899999618530273,9.029999732971191,644300,0.0,0.0
2021-10-26 00:00:00-04:00,9.204999923706055,9.550000190734863,8.789999961853027,9.0,699500,0.0,0.0
2021-10-27 00:00:00-04:00,8.989999771118164,9.09000015258789,8.5600004196167,8.649999618530273,435500,0.0,0.0
2021-10-28 00:00:00-04:00,8.600000381469727,8.920000076293945,8.399999618530273,8.84000015258789,283600,0.0,0.0
2021-10-29 00:00:00-04:00,8.75,8.84000015258789,8.420000076293945,8.630000114440918,236100,0.0,0.0
2021-11-01 00:00:00-04:00,8.609999656677246,9.050000190734863,8.539999961853027,8.9399995803833,305600,0.0,0.0
2021-11-02 00:00:00-04:00,9.029999732971191,9.050000190734863,8.539999961853027,9.010000228881836,349900,0.0,0.0
2021-11-03 00:00:00-04:00,9.0600004196167,9.289999961853027,8.899999618530273,9.100000381469727,305100,0.0,0.0
2021-11-04 00:00:00-04:00,9.100000381469727,9.119999885559082,8.65999984741211,9.0,351700,0.0,0.0
2021-11-05 00:00:00-04:00,8.960000038146973,8.979999542236328,8.539999961853027,8.8100004196167,355200,0.0,0.0
2021-11-08 00:00:00-05:00,8.789999961853027,8.930000305175781,8.600000381469727,8.800000190734863,233600,0.0,0.0
2021-11-09 00:00:00-05:00,8.75,8.75,8.319999694824219,8.399999618530273,377700,0.0,0.0
2021-11-10 00:00:00-05:00,8.329999923706055,8.550000190734863,8.180000305175781,8.229999542236328,288700,0.0,0.0
2021-11-11 00:00:00-05:00,8.420000076293945,8.46500015258789,8.010000228881836,8.420000076293945,324600,0.0,0.0
2021-11-12 00:00:00-05:00,8.5,8.670000076293945,8.15999984741211,8.449999809265137,396400,0.0,0.0
2021-11-15 00:00:00-05:00,8.5600004196167,8.970000267028809,8.289999961853027,8.6899995803833,882200,0.0,0.0
2021-11-16 00:00:00-05:00,8.569999694824219,8.800000190734863,8.270000457763672,8.520000457763672,341900,0.0,0.0
2021-11-17 00:00:00-05:00,8.380000114440918,8.680000305175781,8.279999732971191,8.510000228881836,324600,0.0,0.0
2021-11-18 00:00:00-05:00,8.364999771118164,8.550000190734863,8.020000457763672,8.119999885559082,411200,0.0,0.0
2021-11-19 00:00:00-05:00,8.039999961853027,8.4399995803833,7.920000076293945,8.220000267028809,339400,0.0,0.0
2021-11-22 00:00:00-05:00,8.319999694824219,8.319999694824219,7.28000020980835,7.320000171661377,352900,0.0,0.0
2021-11-23 00:00:00-05:00,7.28000020980835,7.340000152587891,6.942999839782715,7.070000171661377,331400,0.0,0.0
2021-11-24 00:00:00-05:00,7.099999904632568,7.460000038146973,6.949999809265137,7.300000190734863,444500,0.0,0.0
2021-11-26 00:00:00-05:00,7.099999904632568,7.360000133514404,6.960000038146973,7.190000057220459,177300,0.0,0.0
2021-11-29 00:00:00-05:00,7.230000019073486,7.409999847412109,6.929999828338623,6.96999979019165,248700,0.0,0.0
2021-11-30 00:00:00-05:00,6.96999979019165,7.190000057220459,6.949999809265137,7.03000020980835,549800,0.0,0.0
2021-12-01 00:00:00-05:00,7.150000095367432,7.260000228881836,6.550000190734863,6.579999923706055,324900,0.0,0.0
2021-12-02 00:00:00-05:00,6.550000190734863,7.420000076293945,6.48199987411499,7.190000057220459,418100,0.0,0.0
2021-12-03 00:00:00-05:00,7.300000190734863,7.300000190734863,6.710000038146973,6.78000020980835,2493100,0.0,0.0
2021-12-06 00:00:00-05:00,6.699999809265137,7.059999942779541,6.519999980926514,6.860000133514404,238300,0.0,0.0
2021-12-07 00:00:00-05:00,7.039999961853027,7.329999923706055,6.949999809265137,7.019999980926514,213400,0.0,0.0
2021-12-08 00:00:00-05:00,7.059999942779541,7.239999771118164,6.860000133514404,7.21999979019165,179400,0.0,0.0
2021-12-09 00:00:00-05:00,7.170000076293945,7.545000076293945,6.880000114440918,6.909999847412109,299900,0.0,0.0
2021-12-10 00:00:00-05:00,7.039999961853027,7.204999923706055,6.889999866485596,6.960000038146973,108100,0.0,0.0
2021-12-13 00:00:00-05:00,6.940000057220459,7.150000095367432,6.630000114440918,6.829999923706055,229500,0.0,0.0
2021-12-14 00:00:00-05:00,6.644999980926514,6.920000076293945,5.869999885559082,6.03000020980835,877400,0.0,0.0
2021-12-15 00:00:00-05:00,5.880000114440918,6.71999979019165,5.880000114440918,6.579999923706055,789800,0.0,0.0
2021-12-16 00:00:00-05:00,6.539999961853027,6.699999809265137,6.210000038146973,6.309999942779541,492400,0.0,0.0
2021-12-17 00:00:00-05:00,6.28000020980835,6.929999828338623,6.139999866485596,6.809999942779541,977900,0.0,0.0
2021-12-20 00:00:00-05:00,6.650000095367432,7.010000228881836,6.480000019073486,6.670000076293945,552100,0.0,0.0
2021-12-21 00:00:00-05:00,6.809999942779541,6.880000114440918,6.239999771118164,6.769999980926514,360200,0.0,0.0
2021-12-22 00:00:00-05:00,6.760000228881836,6.760000228881836,6.460000038146973,6.550000190734863,302100,0.0,0.0
2021-12-23 00:00:00-05:00,6.679999828338623,6.789999961853027,6.420000076293945,6.650000095367432,306600,0.0,0.0
2021-12-27 00:00:00-05:00,6.840000152587891,6.840000152587891,6.449999809265137,6.539999961853027,222200,0.0,0.0
2021-12-28 00:00:00-05:00,6.480000019073486,6.98199987411499,6.414999961853027,6.480000019073486,354700,0.0,0.0
2021-12-29 00:00:00-05:00,6.449999809265137,6.550000190734863,6.110000133514404,6.190000057220459,336300,0.0,0.0
2021-12-30 00:00:00-05:00,6.260000228881836,6.880000114440918,6.079999923706055,6.599999904632568,454500,0.0,0.0
2021-12-31 00:00:00-05:00,6.670000076293945,6.90500020980835,6.519999980926514,6.659999847412109,230100,0.0,0.0
2022-01-03 00:00:00-05:00,6.960000038146973,6.960000038146973,6.590000152587891,6.739999771118164,316700,0.0,0.0
2022-01-04 00:00:00-05:00,6.679999828338623,6.760000228881836,5.965000152587891,6.03000020980835,656600,0.0,0.0
2022-01-05 00:00:00-05:00,6.050000190734863,6.099999904632568,5.630000114440918,5.659999847412109,412100,0.0,0.0
2022-01-06 00:00:00-05:00,5.659999847412109,5.789000034332275,5.369999885559082,5.630000114440918,199900,0.0,0.0
2022-01-07 00:00:00-05:00,5.590000152587891,5.760000228881836,5.460000038146973,5.5,117900,0.0,0.0
2022-01-10 00:00:00-05:00,5.400000095367432,5.460000038146973,5.210000038146973,5.429999828338623,255500,0.0,0.0
2022-01-11 00:00:00-05:00,5.400000095367432,5.5,5.230000019073486,5.28000020980835,230100,0.0,0.0
2022-01-12 00:00:00-05:00,5.369999885559082,5.480000019073486,5.110000133514404,5.119999885559082,403600,0.0,0.0
2022-01-13 00:00:00-05:00,5.210000038146973,5.360000133514404,4.760000228881836,4.800000190734863,318500,0.0,0.0
2022-01-14 00:00:00-05:00,4.71999979019165,4.954999923706055,4.681000232696533,4.909999847412109,172000,0.0,0.0
2022-01-18 00:00:00-05:00,4.809999942779541,4.953999996185303,4.480000019073486,4.489999771118164,316700,0.0,0.0
2022-01-19 00:00:00-05:00,4.5,4.869999885559082,4.389999866485596,4.53000020980835,286800,0.0,0.0
2022-01-20 00:00:00-05:00,4.599999904632568,4.679999828338623,4.239999771118164,4.269999980926514,316900,0.0,0.0
2022-01-21 00:00:00-05:00,4.320000171661377,4.480000019073486,4.195000171661377,4.300000190734863,279600,0.0,0.0
2022-01-24 00:00:00-05:00,4.210000038146973,4.699999809265137,4.070000171661377,4.610000133514404,871200,0.0,0.0
2022-01-25 00:00:00-05:00,4.489999771118164,4.690000057220459,4.409999847412109,4.570000171661377,511400,0.0,0.0
2022-01-26 00:00:00-05:00,4.570000171661377,4.650000095367432,4.179999828338623,4.210000038146973,295200,0.0,0.0
2022-01-27 00:00:00-05:00,4.21999979019165,4.329999923706055,4.090000152587891,4.159999847412109,249300,0.0,0.0
2022-01-28 00:00:00-05:00,4.230000019073486,4.572000026702881,4.110000133514404,4.53000020980835,289800,0.0,0.0
2022-01-31 00:00:00-05:00,4.46999979019165,4.880000114440918,4.389999866485596,4.869999885559082,160300,0.0,0.0
2022-02-01 00:00:00-05:00,4.909999847412109,5.0,4.75,4.849999904632568,301800,0.0,0.0
2022-02-02 00:00:00-05:00,4.900000095367432,4.960000038146973,4.75,4.849999904632568,432300,0.0,0.0
2022-02-03 00:00:00-05:00,4.690000057220459,4.840000152587891,4.320000171661377,4.360000133514404,354600,0.0,0.0
2022-02-04 00:00:00-05:00,4.360000133514404,4.440000057220459,4.25,4.340000152587891,136300,0.0,0.0
2022-02-07 00:00:00-05:00,4.429999828338623,4.449999809265137,4.110000133514404,4.190000057220459,249800,0.0,0.0
2022-02-08 00:00:00-05:00,4.190000057220459,4.199999809265137,4.0,4.110000133514404,182800,0.0,0.0
2022-02-09 00:00:00-05:00,4.159999847412109,4.340000152587891,4.119999885559082,4.309999942779541,373200,0.0,0.0
2022-02-10 00:00:00-05:00,4.190000057220459,4.619999885559082,4.190000057220459,4.5,424600,0.0,0.0
2022-02-11 00:00:00-05:00,4.599999904632568,4.820000171661377,4.349999904632568,4.400000095367432,272700,0.0,0.0
2022-02-14 00:00:00-05:00,4.380000114440918,4.440000057220459,4.21999979019165,4.239999771118164,161600,0.0,0.0
2022-02-15 00:00:00-05:00,4.28000020980835,4.440000057220459,4.130000114440918,4.420000076293945,166100,0.0,0.0
2022-02-16 00:00:00-05:00,4.420000076293945,4.420000076293945,4.110000133514404,4.190000057220459,110100,0.0,0.0
2022-02-17 00:00:00-05:00,4.130000114440918,4.218999862670898,3.7699999809265137,3.8399999141693115,356200,0.0,0.0
2022-02-18 00:00:00-05:00,3.8499999046325684,3.9100000858306885,3.7699999809265137,3.880000114440918,245900,0.0,0.0
2022-02-22 00:00:00-05:00,3.869999885559082,4.195000171661377,3.8399999141693115,4.099999904632568,409300,0.0,0.0
2022-02-23 00:00:00-05:00,4.199999809265137,4.199999809265137,3.9700000286102295,4.0,268000,0.0,0.0
2022-02-24 00:00:00-05:00,3.859999895095825,4.269999980926514,3.8299999237060547,4.230000019073486,308400,0.0,0.0
2022-02-25 00:00:00-05:00,4.28000020980835,4.586999893188477,4.190000057220459,4.539999961853027,449700,0.0,0.0
2022-02-28 00:00:00-05:00,4.489999771118164,4.583000183105469,4.210000038146973,4.300000190734863,313600,0.0,0.0
2022-03-01 00:00:00-05:00,4.28000020980835,4.46999979019165,4.28000020980835,4.409999847412109,189000,0.0,0.0
2022-03-02 00:00:00-05:00,4.440000057220459,4.440000057220459,4.039999961853027,4.059999942779541,248500,0.0,0.0
2022-03-03 00:00:00-05:00,4.110000133514404,4.139999866485596,3.8350000381469727,3.9100000858306885,251800,0.0,0.0
2022-03-04 00:00:00-05:00,3.9600000381469727,3.990000009536743,3.819999933242798,3.950000047683716,166900,0.0,0.0
2022-03-07 00:00:00-05:00,3.950000047683716,4.019999980926514,3.700000047683716,3.759999990463257,258700,0.0,0.0
2022-03-08 00:00:00-05:00,3.740000009536743,3.9489998817443848,3.609999895095825,3.690000057220459,266700,0.0,0.0
2022-03-09 00:00:00-05:00,3.819999933242798,3.940000057220459,3.799999952316284,3.9000000953674316,160800,0.0,0.0
2022-03-10 00:00:00-05:00,3.950000047683716,3.950000047683716,3.7300000190734863,3.819999933242798,142900,0.0,0.0
2022-03-11 00:00:00-05:00,3.9000000953674316,3.9000000953674316,3.5,3.5199999809265137,300600,0.0,0.0
2022-03-14 00:00:00-04:00,3.509999990463257,3.6600000858306885,3.490000009536743,3.5999999046325684,154900,0.0,0.0
2022-03-15 00:00:00-04:00,3.5899999141693115,3.7699999809265137,3.559999942779541,3.75,136100,0.0,0.0
2022-03-16 00:00:00-04:00,3.809999942779541,3.859999895095825,3.690000057220459,3.819999933242798,226600,0.0,0.0
2022-03-17 00:00:00-04:00,3.8399999141693115,4.079999923706055,3.7699999809265137,3.9800000190734863,967900,0.0,0.0
2022-03-18 00:00:00-04:00,3.9800000190734863,4.369999885559082,3.950000047683716,4.230000019073486,393300,0.0,0.0
2022-03-21 00:00:00-04:00,4.144999980926514,4.340000152587891,4.130000114440918,4.210000038146973,199400,0.0,0.0
2022-03-22 00:00:00-04:00,4.199999809265137,4.341000080108643,4.0,4.239999771118164,262300,0.0,0.0
2022-03-23 00:00:00-04:00,4.25,4.289999961853027,3.9800000190734863,3.990000009536743,306700,0.0,0.0
2022-03-24 00:00:00-04:00,4.019999980926514,4.019999980926514,3.809999942779541,3.8499999046325684,133600,0.0,0.0
2022-03-25 00:00:00-04:00,3.9000000953674316,3.9000000953674316,3.6600000858306885,3.690000057220459,121200,0.0,0.0
2022-03-28 00:00:00-04:00,3.700000047683716,3.799999952316284,3.559999942779541,3.5899999141693115,105600,0.0,0.0
2022-03-29 00:00:00-04:00,3.700000047683716,3.799999952316284,3.509999990463257,3.630000114440918,295700,0.0,0.0
2022-03-30 00:00:00-04:00,3.630000114440918,3.7190001010894775,3.509999990463257,3.5199999809265137,131300,0.0,0.0
2022-03-31 00:00:00-04:00,3.4800000190734863,3.5199999809265137,3.359999895095825,3.509999990463257,335800,0.0,0.0
2022-04-01 00:00:00-04:00,3.200000047683716,3.509999990463257,3.059999942779541,3.2100000381469727,1657400,0.0,0.0
2022-04-04 00:00:00-04:00,3.2100000381469727,3.305000066757202,3.1500000953674316,3.240000009536743,1956700,0.0,0.0
2022-04-05 00:00:00-04:00,3.359999895095825,3.5799999237060547,3.25,3.359999895095825,1323600,0.0,0.0
2022-04-06 00:00:00-04:00,3.359999895095825,3.4000000953674316,3.2200000286102295,3.2799999713897705,839200,0.0,0.0
2022-04-07 00:00:00-04:00,3.2799999713897705,3.359999895095825,3.2239999771118164,3.2799999713897705,599800,0.0,0.0
2022-04-08 00:00:00-04:00,3.2899999618530273,3.4200000762939453,3.240000009536743,3.2799999713897705,360600,0.0,0.0
2022-04-11 00:00:00-04:00,3.319999933242798,3.319999933242798,3.0799999237060547,3.0999999046325684,1049800,0.0,0.0
2022-04-12 00:00:00-04:00,3.1500000953674316,3.178999900817871,3.069999933242798,3.0999999046325684,554100,0.0,0.0
2022-04-13 00:00:00-04:00,3.130000114440918,3.2100000381469727,3.059999942779541,3.180000066757202,419800,0.0,0.0
2022-04-14 00:00:00-04:00,3.200000047683716,3.25,3.1649999618530273,3.2100000381469727,213100,0.0,0.0
2022-04-18 00:00:00-04:00,3.200000047683716,3.200000047683716,3.0899999141693115,3.1700000762939453,196900,0.0,0.0
2022-04-19 00:00:00-04:00,3.200000047683716,3.3299999237060547,3.119999885559082,3.2899999618530273,265600,0.0,0.0
2022-04-20 00:00:00-04:00,3.2899999618530273,3.5,3.259999990463257,3.390000104904175,492800,0.0,0.0
2022-04-21 00:00:00-04:00,3.4200000762939453,3.490000009536743,3.140000104904175,3.1500000953674316,474000,0.0,0.0
2022-04-22 00:00:00-04:00,3.200000047683716,3.240000009536743,3.119999885559082,3.2200000286102295,361600,0.0,0.0
2022-04-25 00:00:00-04:00,3.200000047683716,3.2300000190734863,3.1500000953674316,3.190000057220459,221900,0.0,0.0
2022-04-26 00:00:00-04:00,3.180000066757202,3.2200000286102295,3.109999895095825,3.130000114440918,307400,0.0,0.0
2022-04-27 00:00:00-04:00,3.1500000953674316,3.319999933242798,3.119999885559082,3.2100000381469727,324900,0.0,0.0
2022-04-28 00:00:00-04:00,3.2200000286102295,3.3399999141693115,3.130000114440918,3.2699999809265137,640100,0.0,0.0
2022-04-29 00:00:00-04:00,3.25,3.2799999713897705,3.0799999237060547,3.109999895095825,348600,0.0,0.0
2022-05-02 00:00:00-04:00,3.1700000762939453,3.2249999046325684,3.0199999809265137,3.1500000953674316,547000,0.0,0.0
2022-05-03 00:00:00-04:00,3.1600000858306885,3.2149999141693115,3.109999895095825,3.1500000953674316,265600,0.0,0.0
2022-05-04 00:00:00-04:00,3.1500000953674316,3.200000047683716,3.0350000858306885,3.200000047683716,330100,0.0,0.0
2022-05-05 00:00:00-04:00,3.180000066757202,3.2200000286102295,3.049999952316284,3.119999885559082,242000,0.0,0.0
2022-05-06 00:00:00-04:00,3.0899999141693115,3.109999895095825,3.009999990463257,3.0199999809265137,256500,0.0,0.0
2022-05-09 00:00:00-04:00,3.0299999713897705,3.0350000858306885,2.9000000953674316,2.940000057220459,530400,0.0,0.0
2022-05-10 00:00:00-04:00,3.0,3.140000104904175,2.930000066757202,2.9800000190734863,368700,0.0,0.0
2022-05-11 00:00:00-04:00,2.9800000190734863,3.049999952316284,2.880000114440918,2.9000000953674316,797400,0.0,0.0
2022-05-12 00:00:00-04:00,2.8499999046325684,3.0299999713897705,2.799999952316284,3.0299999713897705,563500,0.0,0.0
2022-05-13 00:00:00-04:00,3.0899999141693115,3.119999885559082,2.9200000762939453,2.9600000381469727,358500,0.0,0.0
2022-05-16 00:00:00-04:00,2.990000009536743,3.130000114440918,2.9800000190734863,3.0299999713897705,363500,0.0,0.0
2022-05-17 00:00:00-04:00,3.059999942779541,3.259999990463257,3.049999952316284,3.240000009536743,318500,0.0,0.0
2022-05-18 00:00:00-04:00,3.1600000858306885,3.180000066757202,3.0850000381469727,3.119999885559082,187000,0.0,0.0
2022-05-19 00:00:00-04:00,3.0899999141693115,3.2300000190734863,3.0899999141693115,3.200000047683716,232200,0.0,0.0
2022-05-20 00:00:00-04:00,3.190000057220459,3.359999895095825,3.1500000953674316,3.359999895095825,211100,0.0,0.0
2022-05-23 00:00:00-04:00,3.359999895095825,3.430000066757202,3.190000057220459,3.2100000381469727,177000,0.0,0.0
2022-05-24 00:00:00-04:00,3.1700000762939453,3.25,3.119999885559082,3.25,184400,0.0,0.0
2022-05-25 00:00:00-04:00,3.240000009536743,3.319999933242798,3.194999933242798,3.259999990463257,229200,0.0,0.0
2022-05-26 00:00:00-04:00,3.2899999618530273,3.375,3.190000057220459,3.3399999141693115,168900,0.0,0.0
2022-05-27 00:00:00-04:00,3.299999952316284,3.4700000286102295,3.2699999809265137,3.4700000286102295,196700,0.0,0.0
2022-05-31 00:00:00-04:00,3.4600000381469727,3.5799999237060547,3.3399999141693115,3.490000009536743,305000,0.0,0.0
2022-06-01 00:00:00-04:00,3.4700000286102295,3.490000009536743,3.319999933242798,3.4600000381469727,286700,0.0,0.0
2022-06-02 00:00:00-04:00,3.4600000381469727,3.619999885559082,3.375,3.609999895095825,245400,0.0,0.0
2022-06-03 00:00:00-04:00,3.5799999237060547,3.7100000381469727,3.559999942779541,3.609999895095825,224900,0.0,0.0
2022-06-06 00:00:00-04:00,3.619999885559082,3.75,3.559999942779541,3.7100000381469727,318900,0.0,0.0
2022-06-07 00:00:00-04:00,3.700000047683716,3.990000009536743,3.680000066757202,3.9700000286102295,552000,0.0,0.0
2022-06-08 00:00:00-04:00,3.9100000858306885,4.099999904632568,3.890000104904175,4.050000190734863,374600,0.0,0.0
2022-06-09 00:00:00-04:00,4.070000171661377,4.28000020980835,3.950000047683716,4.260000228881836,621500,0.0,0.0
2022-06-10 00:00:00-04:00,4.159999847412109,4.199999809265137,4.039999961853027,4.179999828338623,439900,0.0,0.0
2022-06-13 00:00:00-04:00,4.070000171661377,4.110000133514404,3.8299999237060547,4.03000020980835,702400,0.0,0.0
2022-06-14 00:00:00-04:00,4.03000020980835,4.050000190734863,3.884999990463257,4.010000228881836,378000,0.0,0.0
2022-06-15 00:00:00-04:00,4.0,4.03000020980835,3.9100000858306885,4.010000228881836,323800,0.0,0.0
2022-06-16 00:00:00-04:00,3.9600000381469727,3.990000009536743,3.75,3.9800000190734863,598400,0.0,0.0
2022-06-17 00:00:00-04:00,3.9800000190734863,4.130000114440918,3.930000066757202,4.03000020980835,437900,0.0,0.0
2022-06-21 00:00:00-04:00,4.090000152587891,4.179999828338623,4.050000190734863,4.170000076293945,421900,0.0,0.0
2022-06-22 00:00:00-04:00,4.119999885559082,4.389999866485596,4.070000171661377,4.320000171661377,962800,0.0,0.0
2022-06-23 00:00:00-04:00,4.28000020980835,4.349999904632568,4.150000095367432,4.28000020980835,445000,0.0,0.0
2022-06-24 00:00:00-04:00,4.289999961853027,4.449999809265137,4.260000228881836,4.349999904632568,2710800,0.0,0.0
2022-06-27 00:00:00-04:00,4.320000171661377,4.449999809265137,4.130000114440918,4.440000057220459,268400,0.0,0.0
2022-06-28 00:00:00-04:00,4.440000057220459,4.480000019073486,4.114999771118164,4.289999961853027,649200,0.0,0.0
2022-06-29 00:00:00-04:00,4.28000020980835,4.5289998054504395,4.179999828338623,4.409999847412109,688100,0.0,0.0
2022-06-30 00:00:00-04:00,4.329999923706055,4.429999828338623,4.239999771118164,4.239999771118164,252400,0.0,0.0
2022-07-01 00:00:00-04:00,4.199999809265137,4.309999942779541,4.03000020980835,4.119999885559082,262100,0.0,0.0
2022-07-05 00:00:00-04:00,4.110000133514404,4.210000038146973,4.039999961853027,4.159999847412109,202700,0.0,0.0
2022-07-06 00:00:00-04:00,4.179999828338623,4.429999828338623,4.179999828338623,4.329999923706055,259800,0.0,0.0
2022-07-07 00:00:00-04:00,4.329999923706055,4.525000095367432,4.309999942779541,4.5,300700,0.0,0.0
2022-07-08 00:00:00-04:00,4.449999809265137,4.599999904632568,4.389999866485596,4.570000171661377,233000,0.0,0.0
2022-07-11 00:00:00-04:00,4.489999771118164,4.574999809265137,4.409999847412109,4.570000171661377,166800,0.0,0.0
2022-07-12 00:00:00-04:00,4.519999980926514,4.710000038146973,4.510000228881836,4.710000038146973,194700,0.0,0.0
2022-07-13 00:00:00-04:00,4.579999923706055,4.849999904632568,4.53000020980835,4.820000171661377,307700,0.0,0.0
2022-07-14 00:00:00-04:00,4.769999980926514,4.769999980926514,4.303999900817871,4.389999866485596,270700,0.0,0.0
2022-07-15 00:00:00-04:00,4.460000038146973,4.46999979019165,4.329999923706055,4.409999847412109,142000,0.0,0.0
2022-07-18 00:00:00-04:00,4.440000057220459,4.489999771118164,4.300000190734863,4.340000152587891,108000,0.0,0.0
2022-07-19 00:00:00-04:00,4.349999904632568,4.46999979019165,4.275000095367432,4.300000190734863,175600,0.0,0.0
2022-07-20 00:00:00-04:00,4.269999980926514,4.46999979019165,4.25,4.440000057220459,203200,0.0,0.0
2022-07-21 00:00:00-04:00,4.380000114440918,4.440000057220459,4.329999923706055,4.400000095367432,334700,0.0,0.0
2022-07-22 00:00:00-04:00,3.990000009536743,4.019999980926514,3.680000066757202,3.9100000858306885,2728200,0.0,0.0
2022-07-25 00:00:00-04:00,3.819999933242798,4.070000171661377,3.819999933242798,4.070000171661377,418800,0.0,0.0
2022-07-26 00:00:00-04:00,4.03000020980835,4.159999847412109,3.9600000381469727,4.139999866485596,323800,0.0,0.0
2022-07-27 00:00:00-04:00,4.159999847412109,4.369999885559082,4.070000171661377,4.360000133514404,632200,0.0,0.0
2022-07-28 00:00:00-04:00,4.300000190734863,4.800000190734863,4.300000190734863,4.800000190734863,787600,0.0,0.0
2022-07-29 00:00:00-04:00,4.840000152587891,5.369999885559082,4.75,5.159999847412109,1770700,0.0,0.0
2022-08-01 00:00:00-04:00,5.070000171661377,5.260000228881836,5.0229997634887695,5.199999809265137,422200,0.0,0.0
2022-08-02 00:00:00-04:00,5.090000152587891,5.190000057220459,4.949999809265137,5.059999942779541,226700,0.0,0.0
2022-08-03 00:00:00-04:00,5.110000133514404,5.199999809265137,5.025000095367432,5.070000171661377,370800,0.0,0.0
2022-08-04 00:00:00-04:00,5.099999904632568,5.170000076293945,4.920000076293945,5.03000020980835,371700,0.0,0.0
2022-08-05 00:00:00-04:00,4.960000038146973,5.340000152587891,4.889999866485596,5.199999809265137,332900,0.0,0.0
2022-08-08 00:00:00-04:00,5.079999923706055,5.289999961853027,4.949999809265137,4.980000019073486,204300,0.0,0.0
2022-08-09 00:00:00-04:00,4.980000019073486,4.989999771118164,4.71999979019165,4.809999942779541,443400,0.0,0.0
2022-08-10 00:00:00-04:00,4.75,5.039999961853027,4.730000019073486,5.03000020980835,178300,0.0,0.0
2022-08-11 00:00:00-04:00,5.0,5.269999980926514,4.96999979019165,5.179999828338623,209900,0.0,0.0
2022-08-12 00:00:00-04:00,5.320000171661377,5.324999809265137,5.0,5.079999923706055,236900,0.0,0.0
2022-08-15 00:00:00-04:00,5.079999923706055,5.25,5.03000020980835,5.199999809265137,120100,0.0,0.0
2022-08-16 00:00:00-04:00,5.190000057220459,5.46999979019165,5.070000171661377,5.389999866485596,238700,0.0,0.0
2022-08-17 00:00:00-04:00,5.329999923706055,5.539999961853027,5.150000095367432,5.510000228881836,320700,0.0,0.0
2022-08-18 00:00:00-04:00,5.53000020980835,5.570000171661377,5.324999809265137,5.460000038146973,156800,0.0,0.0
2022-08-19 00:00:00-04:00,5.340000152587891,5.389999866485596,5.170000076293945,5.309999942779541,140000,0.0,0.0
2022-08-22 00:00:00-04:00,5.260000228881836,5.34499979019165,5.139999866485596,5.300000190734863,148600,0.0,0.0
2022-08-23 00:00:00-04:00,5.409999847412109,5.570000171661377,5.28000020980835,5.5,163700,0.0,0.0
2022-08-24 00:00:00-04:00,5.480000019073486,5.65500020980835,5.389999866485596,5.519999980926514,132100,0.0,0.0
2022-08-25 00:00:00-04:00,5.519999980926514,5.570000171661377,5.400000095367432,5.519999980926514,115800,0.0,0.0
2022-08-26 00:00:00-04:00,5.519999980926514,5.519999980926514,5.179999828338623,5.239999771118164,82100,0.0,0.0
2022-08-29 00:00:00-04:00,5.21999979019165,5.309999942779541,5.099999904632568,5.159999847412109,69600,0.0,0.0
2022-08-30 00:00:00-04:00,5.110000133514404,5.369999885559082,5.110000133514404,5.260000228881836,138100,0.0,0.0
2022-08-31 00:00:00-04:00,5.25,5.480000019073486,5.25,5.440000057220459,118300,0.0,0.0
2022-09-01 00:00:00-04:00,5.429999828338623,5.429999828338623,4.980000019073486,5.159999847412109,179300,0.0,0.0
2022-09-02 00:00:00-04:00,5.199999809265137,5.210000038146973,4.769999980926514,5.170000076293945,120600,0.0,0.0
2022-09-06 00:00:00-04:00,5.090000152587891,5.199999809265137,4.980000019073486,5.099999904632568,86000,0.0,0.0
2022-09-07 00:00:00-04:00,5.099999904632568,5.300000190734863,5.002999782562256,5.21999979019165,164500,0.0,0.0
2022-09-08 00:00:00-04:00,5.210000038146973,5.449999809265137,5.130000114440918,5.369999885559082,93400,0.0,0.0
2022-09-09 00:00:00-04:00,5.190000057220459,5.429999828338623,4.980000019073486,5.190000057220459,92400,0.0,0.0
2022-09-12 00:00:00-04:00,5.21999979019165,5.340000152587891,5.135000228881836,5.260000228881836,74300,0.0,0.0
2022-09-13 00:00:00-04:00,5.170000076293945,5.300000190734863,5.019999980926514,5.199999809265137,85500,0.0,0.0
2022-09-14 00:00:00-04:00,5.230000019073486,5.320000171661377,5.010000228881836,5.110000133514404,157600,0.0,0.0
2022-09-15 00:00:00-04:00,5.079999923706055,5.150000095367432,5.019999980926514,5.079999923706055,82600,0.0,0.0
2022-09-16 00:00:00-04:00,5.03000020980835,5.03000020980835,4.840000152587891,4.889999866485596,303400,0.0,0.0
2022-09-19 00:00:00-04:00,4.78000020980835,4.96999979019165,4.664999961853027,4.909999847412109,129600,0.0,0.0
2022-09-20 00:00:00-04:00,4.869999885559082,4.960000038146973,4.75,4.800000190734863,63500,0.0,0.0
2022-09-21 00:00:00-04:00,4.78000020980835,4.900000095367432,4.710000038146973,4.75,156900,0.0,0.0
2022-09-22 00:00:00-04:00,4.730000019073486,4.760000228881836,4.460000038146973,4.71999979019165,351400,0.0,0.0
2022-09-23 00:00:00-04:00,4.599999904632568,4.71999979019165,4.449999809265137,4.659999847412109,371700,0.0,0.0
2022-09-26 00:00:00-04:00,4.559999942779541,4.960000038146973,4.559999942779541,4.929999828338623,141900,0.0,0.0
2022-09-27 00:00:00-04:00,4.960000038146973,5.179999828338623,4.75,4.980000019073486,269200,0.0,0.0
2022-09-28 00:00:00-04:00,4.960000038146973,5.389999866485596,4.909999847412109,5.349999904632568,137500,0.0,0.0
2022-09-29 00:00:00-04:00,5.230000019073486,5.429999828338623,5.139999866485596,5.289999961853027,521200,0.0,0.0
2022-09-30 00:00:00-04:00,5.28000020980835,5.5,5.130000114440918,5.28000020980835,274700,0.0,0.0
2022-10-03 00:00:00-04:00,5.369999885559082,5.579999923706055,5.25,5.429999828338623,125300,0.0,0.0
2022-10-04 00:00:00-04:00,5.440000057220459,5.519999980926514,5.28000020980835,5.480000019073486,161600,0.0,0.0
2022-10-05 00:00:00-04:00,5.429999828338623,5.429999828338623,4.940000057220459,5.099999904632568,164800,0.0,0.0
2022-10-06 00:00:00-04:00,5.019999980926514,5.329999923706055,5.019999980926514,5.269999980926514,87900,0.0,0.0
2022-10-07 00:00:00-04:00,5.159999847412109,5.309999942779541,4.78000020980835,5.25,82800,0.0,0.0
2022-10-10 00:00:00-04:00,5.199999809265137,5.230000019073486,5.039999961853027,5.039999961853027,103500,0.0,0.0
2022-10-11 00:00:00-04:00,5.039999961853027,5.349999904632568,4.914999961853027,5.230000019073486,118300,0.0,0.0
2022-10-12 00:00:00-04:00,5.239999771118164,5.244999885559082,4.960000038146973,5.03000020980835,48900,0.0,0.0
2022-10-13 00:00:00-04:00,4.96999979019165,5.170000076293945,4.909999847412109,5.170000076293945,58500,0.0,0.0
2022-10-14 00:00:00-04:00,5.110000133514404,5.239999771118164,5.039999961853027,5.239999771118164,55600,0.0,0.0
2022-10-17 00:00:00-04:00,5.260000228881836,5.579999923706055,5.260000228881836,5.5,159800,0.0,0.0
2022-10-18 00:00:00-04:00,5.349999904632568,5.730000019073486,5.349999904632568,5.619999885559082,456100,0.0,0.0
2022-10-19 00:00:00-04:00,5.590000152587891,5.619999885559082,5.199999809265137,5.260000228881836,51300,0.0,0.0
2022-10-20 00:00:00-04:00,5.789999961853027,6.119999885559082,5.75,5.900000095367432,595000,0.0,0.0
2022-10-21 00:00:00-04:00,6.019999980926514,6.03000020980835,5.449999809265137,5.730000019073486,187300,0.0,0.0
2022-10-24 00:00:00-04:00,5.75,5.96999979019165,5.510000228881836,5.829999923706055,198200,0.0,0.0
2022-10-25 00:00:00-04:00,5.840000152587891,6.400000095367432,5.840000152587891,6.130000114440918,306600,0.0,0.0
2022-10-26 00:00:00-04:00,6.119999885559082,6.400000095367432,6.079999923706055,6.139999866485596,290200,0.0,0.0
2022-10-27 00:00:00-04:00,6.179999828338623,6.179999828338623,5.545000076293945,5.78000020980835,230500,0.0,0.0
2022-10-28 00:00:00-04:00,5.820000171661377,6.150000095367432,5.630000114440918,6.139999866485596,206800,0.0,0.0
2022-10-31 00:00:00-04:00,6.139999866485596,6.5,6.079999923706055,6.21999979019165,372500,0.0,0.0
2022-11-01 00:00:00-04:00,6.269999980926514,6.320000171661377,6.130000114440918,6.150000095367432,47800,0.0,0.0
2022-11-02 00:00:00-04:00,6.159999847412109,6.460000038146973,5.889999866485596,6.230000019073486,140800,0.0,0.0
2022-11-03 00:00:00-04:00,6.199999809265137,6.409999847412109,6.050000190734863,6.059999942779541,94200,0.0,0.0
2022-11-04 00:00:00-04:00,6.099999904632568,6.099999904632568,5.860000133514404,6.010000228881836,130900,0.0,0.0
2022-11-07 00:00:00-05:00,6.050000190734863,6.135000228881836,5.800000190734863,5.809999942779541,158800,0.0,0.0
2022-11-08 00:00:00-05:00,5.820000171661377,6.150000095367432,5.71999979019165,5.869999885559082,116700,0.0,0.0
2022-11-09 00:00:00-05:00,5.28000020980835,6.5,4.25,6.059999942779541,640800,0.0,0.0
2022-11-10 00:00:00-05:00,6.420000076293945,6.420000076293945,5.809999942779541,6.0,223300,0.0,0.0
2022-11-11 00:00:00-05:00,6.059999942779541,6.230000019073486,5.879000186920166,6.159999847412109,102100,0.0,0.0
2022-11-14 00:00:00-05:00,6.050000190734863,6.21999979019165,5.829999923706055,6.039999961853027,250400,0.0,0.0
2022-11-15 00:00:00-05:00,6.119999885559082,6.699999809265137,6.060999870300293,6.5,223300,0.0,0.0
2022-11-16 00:00:00-05:00,6.510000228881836,6.610000133514404,5.940000057220459,6.039999961853027,155500,0.0,0.0
2022-11-17 00:00:00-05:00,6.010000228881836,6.083000183105469,5.860000133514404,6.050000190734863,118800,0.0,0.0
2022-11-18 00:00:00-05:00,6.070000171661377,6.400000095367432,5.920000076293945,5.940000057220459,193500,0.0,0.0
2022-11-21 00:00:00-05:00,6.050000190734863,6.400000095367432,5.869999885559082,6.28000020980835,126700,0.0,0.0
2022-11-22 00:00:00-05:00,6.079999923706055,6.5,6.079999923706055,6.300000190734863,217800,0.0,0.0
2022-11-23 00:00:00-05:00,6.309999942779541,6.46999979019165,6.110000133514404,6.46999979019165,92900,0.0,0.0
2022-11-25 00:00:00-05:00,6.53000020980835,6.53000020980835,6.113999843597412,6.179999828338623,48800,0.0,0.0
2022-11-28 00:00:00-05:00,6.179999828338623,6.360000133514404,6.0,6.130000114440918,106100,0.0,0.0
2022-11-29 00:00:00-05:00,6.050000190734863,6.329999923706055,5.980000019073486,6.039999961853027,72600,0.0,0.0
2022-11-30 00:00:00-05:00,6.079999923706055,6.329999923706055,5.960000038146973,6.21999979019165,69900,0.0,0.0
2022-12-01 00:00:00-05:00,6.130000114440918,6.539999961853027,6.130000114440918,6.480000019073486,115000,0.0,0.0
2022-12-02 00:00:00-05:00,6.590000152587891,7.380000114440918,6.539999961853027,6.980000019073486,238400,0.0,0.0
2022-12-05 00:00:00-05:00,7.090000152587891,7.789999961853027,6.989999771118164,7.199999809265137,250800,0.0,0.0
2022-12-06 00:00:00-05:00,7.269999980926514,7.380000114440918,7.03000020980835,7.059999942779541,104900,0.0,0.0
2022-12-07 00:00:00-05:00,7.110000133514404,7.599999904632568,6.863999843597412,7.340000152587891,120800,0.0,0.0
2022-12-08 00:00:00-05:00,7.489999771118164,7.739999771118164,7.320000171661377,7.539999961853027,169800,0.0,0.0
2022-12-09 00:00:00-05:00,7.53000020980835,7.929999828338623,7.130000114440918,7.199999809265137,227200,0.0,0.0
2022-12-12 00:00:00-05:00,7.380000114440918,7.380000114440918,7.010000228881836,7.119999885559082,135900,0.0,0.0
2022-12-13 00:00:00-05:00,7.429999828338623,8.279999732971191,7.179999828338623,8.239999771118164,463500,0.0,0.0
2022-12-14 00:00:00-05:00,8.350000381469727,9.170000076293945,8.260000228881836,9.029999732971191,636700,0.0,0.0
2022-12-15 00:00:00-05:00,8.850000381469727,9.029999732971191,8.260000228881836,8.470000267028809,505600,0.0,0.0
2022-12-16 00:00:00-05:00,8.260000228881836,8.4350004196167,7.380000114440918,8.079999923706055,918500,0.0,0.0
2022-12-19 00:00:00-05:00,8.069999694824219,8.130000114440918,7.53000020980835,7.860000133514404,279400,0.0,0.0
2022-12-20 00:00:00-05:00,7.849999904632568,8.119999885559082,7.53000020980835,7.949999809265137,185500,0.0,0.0
2022-12-21 00:00:00-05:00,7.960000038146973,8.15999984741211,7.659999847412109,7.880000114440918,147700,0.0,0.0
2022-12-22 00:00:00-05:00,7.869999885559082,8.260000228881836,7.710000038146973,8.239999771118164,99000,0.0,0.0
2022-12-23 00:00:00-05:00,8.380000114440918,8.5,8.010000228881836,8.079999923706055,129800,0.0,0.0
2022-12-27 00:00:00-05:00,8.079999923706055,8.199999809265137,7.65500020980835,7.75,151300,0.0,0.0
2022-12-28 00:00:00-05:00,7.75,8.220000267028809,7.650000095367432,8.220000267028809,197000,0.0,0.0
2022-12-29 00:00:00-05:00,8.260000228881836,8.680000305175781,7.96999979019165,8.5,190300,0.0,0.0
2022-12-30 00:00:00-05:00,8.489999771118164,8.71500015258789,8.239999771118164,8.529999732971191,363700,0.0,0.0
2023-01-03 00:00:00-05:00,8.899999618530273,8.989999771118164,8.28499984741211,8.420000076293945,226800,0.0,0.0
2023-01-04 00:00:00-05:00,8.630000114440918,8.710000038146973,7.920000076293945,8.020000457763672,197800,0.0,0.0
2023-01-05 00:00:00-05:00,7.869999885559082,8.010000228881836,7.150000095367432,7.150000095367432,473500,0.0,0.0
2023-01-06 00:00:00-05:00,7.210000038146973,7.429999828338623,7.019999980926514,7.230000019073486,165800,0.0,0.0
2023-01-09 00:00:00-05:00,7.210000038146973,7.28000020980835,6.670000076293945,6.909999847412109,421500,0.0,0.0
2023-01-10 00:00:00-05:00,6.869999885559082,7.210000038146973,6.710000038146973,7.099999904632568,628200,0.0,0.0
2023-01-11 00:00:00-05:00,7.090000152587891,7.579999923706055,6.659999847412109,7.25,167100,0.0,0.0
2023-01-12 00:00:00-05:00,7.230000019073486,7.550000190734863,7.130000114440918,7.320000171661377,271800,0.0,0.0
2023-01-13 00:00:00-05:00,7.309999942779541,7.730000019073486,7.289999961853027,7.449999809265137,114600,0.0,0.0
2023-01-17 00:00:00-05:00,7.380000114440918,7.639999866485596,7.28000020980835,7.610000133514404,190000,0.0,0.0
2023-01-18 00:00:00-05:00,7.650000095367432,7.804999828338623,6.909999847412109,7.079999923706055,246600,0.0,0.0
2023-01-19 00:00:00-05:00,7.019999980926514,7.440000057220459,6.75,6.75,75500,0.0,0.0
2023-01-20 00:00:00-05:00,6.75,6.820000171661377,6.559999942779541,6.690000057220459,146900,0.0,0.0
2023-01-23 00:00:00-05:00,6.679999828338623,6.679999828338623,6.329999923706055,6.349999904632568,172400,0.0,0.0
2023-01-24 00:00:00-05:00,6.269999980926514,6.550000190734863,6.269999980926514,6.489999771118164,129000,0.0,0.0
2023-01-25 00:00:00-05:00,6.449999809265137,6.545000076293945,6.309999942779541,6.480000019073486,164700,0.0,0.0
2023-01-26 00:00:00-05:00,6.510000228881836,6.650000095367432,6.324999809265137,6.400000095367432,145500,0.0,0.0
2023-01-27 00:00:00-05:00,6.360000133514404,6.434999942779541,6.159999847412109,6.320000171661377,278400,0.0,0.0
2023-01-30 00:00:00-05:00,6.25,6.389999866485596,5.96999979019165,6.340000152587891,295600,0.0,0.0
2023-01-31 00:00:00-05:00,6.739999771118164,6.889999866485596,6.400000095367432,6.860000133514404,216300,0.0,0.0
2023-02-01 00:00:00-05:00,6.880000114440918,7.139999866485596,6.760000228881836,6.949999809265137,164900,0.0,0.0
2023-02-02 00:00:00-05:00,6.980000019073486,7.119999885559082,6.800000190734863,7.050000190734863,149900,0.0,0.0
2023-02-03 00:00:00-05:00,6.960000038146973,7.230000019073486,6.960000038146973,7.119999885559082,200800,0.0,0.0
2023-02-06 00:00:00-05:00,7.039999961853027,7.190000057220459,6.900000095367432,7.010000228881836,315300,0.0,0.0
2023-02-07 00:00:00-05:00,7.039999961853027,7.699999809265137,6.989999771118164,7.650000095367432,350900,0.0,0.0
2023-02-08 00:00:00-05:00,7.619999885559082,7.885000228881836,7.239999771118164,7.46999979019165,259800,0.0,0.0
2023-02-09 00:00:00-05:00,7.53000020980835,7.96999979019165,7.480000019073486,7.900000095367432,206900,0.0,0.0
2023-02-10 00:00:00-05:00,7.900000095367432,7.989999771118164,7.440000057220459,7.670000076293945,387700,0.0,0.0
2023-02-13 00:00:00-05:00,7.630000114440918,8.050000190734863,7.599999904632568,7.800000190734863,206100,0.0,0.0
2023-02-14 00:00:00-05:00,7.840000152587891,8.114999771118164,7.75,7.860000133514404,159400,0.0,0.0
2023-02-15 00:00:00-05:00,7.900000095367432,8.359999656677246,7.75,8.305000305175781,259100,0.0,0.0
2023-02-16 00:00:00-05:00,8.279999732971191,8.3100004196167,8.0600004196167,8.289999961853027,192600,0.0,0.0
2023-02-17 00:00:00-05:00,8.229999542236328,8.710000038146973,8.210000038146973,8.630000114440918,236200,0.0,0.0
2023-02-21 00:00:00-05:00,8.449999809265137,8.75,8.180000305175781,8.300000190734863,204200,0.0,0.0
2023-02-22 00:00:00-05:00,8.25,8.59000015258789,8.119999885559082,8.430000305175781,175300,0.0,0.0
2023-02-23 00:00:00-05:00,8.420000076293945,9.229999542236328,8.279999732971191,8.289999961853027,431600,0.0,0.0
2023-02-24 00:00:00-05:00,8.199999809265137,8.479999542236328,8.0,8.270000457763672,170800,0.0,0.0
2023-02-27 00:00:00-05:00,8.420000076293945,8.625,8.3100004196167,8.5,180400,0.0,0.0
2023-02-28 00:00:00-05:00,8.470000267028809,8.979999542236328,8.0,8.920000076293945,455600,0.0,0.0
2023-03-01 00:00:00-05:00,9.0600004196167,9.170000076293945,8.86400032043457,9.069999694824219,263400,0.0,0.0
2023-03-02 00:00:00-05:00,9.029999732971191,9.199999809265137,8.75,9.0,215800,0.0,0.0
2023-03-03 00:00:00-05:00,9.010000228881836,9.210000038146973,8.765000343322754,9.109999656677246,146100,0.0,0.0
2023-03-06 00:00:00-05:00,9.079999923706055,9.079999923706055,8.59000015258789,8.819999694824219,218200,0.0,0.0
2023-03-07 00:00:00-05:00,8.869999885559082,8.970000267028809,8.739999771118164,8.890000343322754,142300,0.0,0.0
2023-03-08 00:00:00-05:00,8.859999656677246,9.050000190734863,8.729999542236328,9.029999732971191,222200,0.0,0.0
2023-03-09 00:00:00-05:00,9.0600004196167,9.119999885559082,8.609999656677246,8.970000267028809,325800,0.0,0.0
2023-03-10 00:00:00-05:00,8.90999984741211,8.90999984741211,7.860000133514404,7.860000133514404,267300,0.0,0.0
2023-03-13 00:00:00-04:00,7.840000152587891,8.270000457763672,7.739999771118164,8.079999923706055,199700,0.0,0.0
2023-03-14 00:00:00-04:00,8.289999961853027,8.65999984741211,8.0600004196167,8.300000190734863,185900,0.0,0.0
2023-03-15 00:00:00-04:00,8.180000305175781,8.25,8.001999855041504,8.1899995803833,86400,0.0,0.0
2023-03-16 00:00:00-04:00,8.109999656677246,8.350000381469727,7.920000076293945,8.289999961853027,108200,0.0,0.0
2023-03-17 00:00:00-04:00,8.25,8.600000381469727,8.0,8.40999984741211,218300,0.0,0.0
2023-03-20 00:00:00-04:00,8.399999618530273,8.449999809265137,8.029999732971191,8.395000457763672,156500,0.0,0.0
2023-03-21 00:00:00-04:00,8.430000305175781,8.6899995803833,8.324999809265137,8.460000038146973,125600,0.0,0.0
2023-03-22 00:00:00-04:00,8.460000038146973,8.460000038146973,7.96999979019165,7.989999771118164,107800,0.0,0.0
2023-03-23 00:00:00-04:00,8.010000228881836,8.140000343322754,7.78000020980835,7.909999847412109,117700,0.0,0.0
2023-03-24 00:00:00-04:00,7.880000114440918,8.279999732971191,7.539999961853027,7.590000152587891,194300,0.0,0.0
2023-03-27 00:00:00-04:00,7.559999942779541,7.559999942779541,6.480000019073486,6.659999847412109,542700,0.0,0.0
2023-03-28 00:00:00-04:00,6.699999809265137,6.699999809265137,6.300000190734863,6.635000228881836,546900,0.0,0.0
2023-03-29 00:00:00-04:00,6.630000114440918,7.090000152587891,6.570000171661377,6.760000228881836,317500,0.0,0.0
2023-03-30 00:00:00-04:00,6.800000190734863,7.025000095367432,6.650000095367432,6.730000019073486,369500,0.0,0.0
2023-03-31 00:00:00-04:00,6.710000038146973,6.9770002365112305,6.409999847412109,6.510000228881836,489300,0.0,0.0
2023-04-03 00:00:00-04:00,6.579999923706055,6.670000076293945,6.289999961853027,6.329999923706055,306800,0.0,0.0
2023-04-04 00:00:00-04:00,6.320000171661377,6.340000152587891,5.71999979019165,5.880000114440918,517200,0.0,0.0
2023-04-05 00:00:00-04:00,5.809999942779541,5.840000152587891,5.489999771118164,5.78000020980835,387000,0.0,0.0
2023-04-06 00:00:00-04:00,5.769999980926514,5.900000095367432,5.610000133514404,5.820000171661377,135500,0.0,0.0
2023-04-10 00:00:00-04:00,5.769999980926514,5.920000076293945,5.679999828338623,5.880000114440918,187600,0.0,0.0
2023-04-11 00:00:00-04:00,5.869999885559082,6.050000190734863,5.820000171661377,5.960000038146973,217000,0.0,0.0
2023-04-12 00:00:00-04:00,5.989999771118164,6.0,5.789999961853027,5.869999885559082,145300,0.0,0.0
2023-04-13 00:00:00-04:00,5.900000095367432,6.289999961853027,5.900000095367432,6.110000133514404,250300,0.0,0.0
2023-04-14 00:00:00-04:00,6.110000133514404,6.28000020980835,5.900000095367432,5.980000019073486,159100,0.0,0.0
2023-04-17 00:00:00-04:00,6.010000228881836,6.510000228881836,6.010000228881836,6.489999771118164,594200,0.0,0.0
2023-04-18 00:00:00-04:00,6.599999904632568,6.960000038146973,6.545000076293945,6.860000133514404,360700,0.0,0.0
2023-04-19 00:00:00-04:00,6.809999942779541,7.090000152587891,6.570000171661377,6.599999904632568,264700,0.0,0.0
2023-04-20 00:00:00-04:00,6.590000152587891,6.810999870300293,6.5,6.599999904632568,189600,0.0,0.0
2023-04-21 00:00:00-04:00,6.550000190734863,6.695000171661377,6.474999904632568,6.539999961853027,252600,0.0,0.0
2023-04-24 00:00:00-04:00,6.480000019073486,6.650000095367432,6.329999923706055,6.53000020980835,244400,0.0,0.0
2023-04-25 00:00:00-04:00,6.5,6.71999979019165,6.150000095367432,6.5,385900,0.0,0.0
2023-04-26 00:00:00-04:00,6.519999980926514,6.519999980926514,6.329999923706055,6.460000038146973,249300,0.0,0.0
2023-04-27 00:00:00-04:00,6.440000057220459,6.440000057220459,6.2210001945495605,6.320000171661377,229900,0.0,0.0
2023-04-28 00:00:00-04:00,6.289999961853027,6.559999942779541,6.275000095367432,6.5,186200,0.0,0.0
2023-05-01 00:00:00-04:00,6.559999942779541,6.659999847412109,6.46999979019165,6.510000228881836,222700,0.0,0.0
2023-05-02 00:00:00-04:00,6.510000228881836,6.550000190734863,6.400000095367432,6.519999980926514,162700,0.0,0.0
2023-05-03 00:00:00-04:00,6.519999980926514,6.739999771118164,6.315000057220459,6.599999904632568,179500,0.0,0.0
2023-05-04 00:00:00-04:00,6.599999904632568,6.599999904632568,5.965000152587891,6.119999885559082,341100,0.0,0.0
2023-05-05 00:00:00-04:00,6.210000038146973,6.440000057220459,6.090000152587891,6.309999942779541,267000,0.0,0.0
2023-05-08 00:00:00-04:00,6.409999847412109,6.453000068664551,6.0,6.010000228881836,609500,0.0,0.0
2023-05-09 00:00:00-04:00,5.909999847412109,5.980000019073486,4.864999771118164,5.150000095367432,2164600,0.0,0.0
2023-05-10 00:00:00-04:00,5.190000057220459,5.190000057220459,3.990000009536743,4.519999980926514,1778800,0.0,0.0
2023-05-11 00:00:00-04:00,4.519999980926514,4.519999980926514,4.519999980926514,4.519999980926514,400,0.0,0.0
2023-05-12 00:00:00-04:00,6.960000038146973,9.649999618530273,6.510000228881836,8.039999961853027,57684100,0.0,0.0
2023-05-15 00:00:00-04:00,8.109999656677246,8.390000343322754,7.670000076293945,7.809999942779541,4074800,0.0,0.0
2023-05-16 00:00:00-04:00,7.710000038146973,8.454999923706055,7.5329999923706055,8.170000076293945,1562900,0.0,0.0
2023-05-17 00:00:00-04:00,8.109999656677246,9.1899995803833,8.04699993133545,8.289999961853027,1986000,0.0,0.0
2023-05-18 00:00:00-04:00,8.289999961853027,8.529999732971191,7.739999771118164,7.75,793000,0.0,0.0
2023-05-19 00:00:00-04:00,7.849999904632568,8.619999885559082,7.670000076293945,8.569999694824219,808400,0.0,0.0
2023-05-22 00:00:00-04:00,8.640000343322754,9.270000457763672,8.15999984741211,9.09000015258789,1190400,0.0,0.0
2023-05-23 00:00:00-04:00,9.039999961853027,9.199999809265137,8.329999923706055,8.399999618530273,1118500,0.0,0.0
2023-05-24 00:00:00-04:00,8.479999542236328,8.720000267028809,8.069999694824219,8.510000228881836,881400,0.0,0.0
2023-05-25 00:00:00-04:00,8.520000457763672,8.569999694824219,7.454999923706055,7.630000114440918,1282400,0.0,0.0
2023-05-26 00:00:00-04:00,7.579999923706055,7.789000034332275,6.96999979019165,7.369999885559082,1256400,0.0,0.0
2023-05-30 00:00:00-04:00,7.349999904632568,7.389999866485596,6.739999771118164,6.920000076293945,902600,0.0,0.0
2023-05-31 00:00:00-04:00,6.949999809265137,7.519999980926514,6.75,6.960000038146973,1871600,0.0,0.0
2023-06-01 00:00:00-04:00,6.900000095367432,7.070000171661377,6.599999904632568,6.869999885559082,812900,0.0,0.0
2023-06-02 00:00:00-04:00,7.0,7.400000095367432,6.71999979019165,7.239999771118164,770000,0.0,0.0
2023-06-05 00:00:00-04:00,7.230000019073486,7.230000019073486,6.760000228881836,6.940000057220459,863100,0.0,0.0
2023-06-06 00:00:00-04:00,6.900000095367432,7.119999885559082,6.769999980926514,6.820000171661377,587200,0.0,0.0
2023-06-07 00:00:00-04:00,6.849999904632568,7.019999980926514,6.619999885559082,6.619999885559082,552500,0.0,0.0
2023-06-08 00:00:00-04:00,6.650000095367432,6.809999942779541,6.480000019073486,6.789999961853027,323000,0.0,0.0
2023-06-09 00:00:00-04:00,6.789999961853027,6.800000190734863,6.510000228881836,6.610000133514404,491700,0.0,0.0
2023-06-12 00:00:00-04:00,6.650000095367432,6.658999919891357,6.110000133514404,6.255000114440918,924100,0.0,0.0
2023-06-13 00:00:00-04:00,6.260000228881836,6.559999942779541,6.239999771118164,6.309999942779541,698500,0.0,0.0
2023-06-14 00:00:00-04:00,6.309999942779541,6.510000228881836,6.139999866485596,6.139999866485596,658200,0.0,0.0
2023-06-15 00:00:00-04:00,6.190000057220459,6.308000087738037,5.96999979019165,6.050000190734863,447500,0.0,0.0
2023-06-16 00:00:00-04:00,6.079999923706055,6.460000038146973,6.050000190734863,6.21999979019165,809700,0.0,0.0
2023-06-20 00:00:00-04:00,6.230000019073486,6.505000114440918,6.019999980926514,6.260000228881836,933200,0.0,0.0
2023-06-21 00:00:00-04:00,6.239999771118164,6.360000133514404,5.989999771118164,6.349999904632568,667200,0.0,0.0
2023-06-22 00:00:00-04:00,6.380000114440918,6.599999904632568,6.199999809265137,6.420000076293945,1009500,0.0,0.0
2023-06-23 00:00:00-04:00,6.360000133514404,6.570000171661377,6.25,6.28000020980835,3788400,0.0,0.0
2023-06-26 00:00:00-04:00,6.210000038146973,6.400000095367432,6.150000095367432,6.329999923706055,830100,0.0,0.0
2023-06-27 00:00:00-04:00,6.320000171661377,6.570000171661377,6.099999904632568,6.5,511700,0.0,0.0
2023-06-28 00:00:00-04:00,6.510000228881836,6.679999828338623,6.429999828338623,6.579999923706055,508100,0.0,0.0
2023-06-29 00:00:00-04:00,6.559999942779541,6.679999828338623,6.300000190734863,6.610000133514404,484500,0.0,0.0
2023-06-30 00:00:00-04:00,6.639999866485596,6.820000171661377,6.510000228881836,6.699999809265137,757000,0.0,0.0
2023-07-03 00:00:00-04:00,6.699999809265137,6.809999942779541,6.619999885559082,6.730000019073486,328200,0.0,0.0
2023-07-05 00:00:00-04:00,6.670000076293945,6.75,6.199999809265137,6.489999771118164,382900,0.0,0.0
2023-07-06 00:00:00-04:00,6.389999866485596,6.454999923706055,6.090000152587891,6.429999828338623,385200,0.0,0.0
2023-07-07 00:00:00-04:00,6.389999866485596,6.570000171661377,6.079999923706055,6.130000114440918,341400,0.0,0.0
2023-07-10 00:00:00-04:00,6.21999979019165,6.440000057220459,6.099999904632568,6.320000171661377,521500,0.0,0.0
2023-07-11 00:00:00-04:00,6.320000171661377,6.510000228881836,6.199999809265137,6.480000019073486,584400,0.0,0.0
2023-07-12 00:00:00-04:00,6.519999980926514,6.820000171661377,6.389999866485596,6.699999809265137,566400,0.0,0.0
2023-07-13 00:00:00-04:00,6.739999771118164,6.940000057220459,6.53000020980835,6.880000114440918,592900,0.0,0.0
2023-07-14 00:00:00-04:00,6.840000152587891,6.920000076293945,6.670000076293945,6.829999923706055,616600,0.0,0.0
2023-07-17 00:00:00-04:00,6.860000133514404,6.960000038146973,6.809999942779541,6.940000057220459,465600,0.0,0.0
2023-07-18 00:00:00-04:00,6.960000038146973,7.199999809265137,6.860000133514404,7.050000190734863,276500,0.0,0.0
2023-07-19 00:00:00-04:00,7.050000190734863,7.335000038146973,7.03000020980835,7.309999942779541,495200,0.0,0.0
2023-07-20 00:00:00-04:00,7.300000190734863,7.510000228881836,7.139999866485596,7.289999961853027,359700,0.0,0.0
2023-07-21 00:00:00-04:00,7.409999847412109,7.445000171661377,7.03000020980835,7.230000019073486,411400,0.0,0.0
2023-07-24 00:00:00-04:00,7.239999771118164,7.369999885559082,7.019999980926514,7.360000133514404,639700,0.0,0.0
2023-07-25 00:00:00-04:00,7.340000152587891,7.340000152587891,7.090000152587891,7.099999904632568,432600,0.0,0.0
2023-07-26 00:00:00-04:00,7.079999923706055,7.130000114440918,6.75,7.0,295500,0.0,0.0
2023-07-27 00:00:00-04:00,7.059999942779541,7.070000171661377,6.650000095367432,6.659999847412109,232500,0.0,0.0
2023-07-28 00:00:00-04:00,6.710000038146973,7.110000133514404,6.699999809265137,7.099999904632568,198700,0.0,0.0
2023-07-31 00:00:00-04:00,7.139999866485596,7.360000133514404,7.050000190734863,7.349999904632568,299200,0.0,0.0
2023-08-01 00:00:00-04:00,7.329999923706055,7.329999923706055,7.110000133514404,7.184999942779541,242900,0.0,0.0
2023-08-02 00:00:00-04:00,7.119999885559082,7.25,6.929999828338623,7.034999847412109,398700,0.0,0.0
2023-08-03 00:00:00-04:00,6.989999771118164,7.099999904632568,6.889999866485596,7.0,298200,0.0,0.0
2023-08-04 00:00:00-04:00,7.050000190734863,7.21999979019165,6.965000152587891,7.03000020980835,276800,0.0,0.0
2023-08-07 00:00:00-04:00,7.010000228881836,7.019999980926514,6.840000152587891,6.90500020980835,280800,0.0,0.0
2023-08-08 00:00:00-04:00,6.840000152587891,7.010000228881836,6.78000020980835,7.0,242500,0.0,0.0
2023-08-09 00:00:00-04:00,7.010000228881836,7.065000057220459,6.869999885559082,6.889999866485596,271600,0.0,0.0
2023-08-10 00:00:00-04:00,6.960000038146973,7.099999904632568,6.809999942779541,6.849999904632568,353200,0.0,0.0
2023-08-11 00:00:00-04:00,6.809999942779541,7.079999923706055,6.510000228881836,6.829999923706055,509600,0.0,0.0
2023-08-14 00:00:00-04:00,6.769999980926514,6.920000076293945,6.53000020980835,6.920000076293945,331600,0.0,0.0
2023-08-15 00:00:00-04:00,6.900000095367432,7.059999942779541,6.800000190734863,7.039999961853027,250900,0.0,0.0
2023-08-16 00:00:00-04:00,6.989999771118164,7.070000171661377,6.690000057220459,6.860000133514404,409400,0.0,0.0
2023-08-17 00:00:00-04:00,6.860000133514404,6.860000133514404,6.480000019073486,6.730000019073486,356200,0.0,0.0
2023-08-18 00:00:00-04:00,6.639999866485596,6.829999923706055,6.590000152587891,6.679999828338623,278500,0.0,0.0
2023-08-21 00:00:00-04:00,6.659999847412109,7.090000152587891,6.659999847412109,7.010000228881836,315300,0.0,0.0
2023-08-22 00:00:00-04:00,7.050000190734863,7.539999961853027,6.989999771118164,7.03000020980835,667400,0.0,0.0
2023-08-23 00:00:00-04:00,7.059999942779541,7.099999904632568,6.860000133514404,6.989999771118164,317000,0.0,0.0
2023-08-24 00:00:00-04:00,6.960000038146973,7.050000190734863,6.885000228881836,6.900000095367432,177000,0.0,0.0
2023-08-25 00:00:00-04:00,6.909999847412109,7.0,6.849999904632568,6.940000057220459,126000,0.0,0.0
2023-08-28 00:00:00-04:00,6.980000019073486,6.980000019073486,6.869999885559082,6.96999979019165,179200,0.0,0.0
2023-08-29 00:00:00-04:00,6.980000019073486,7.114999771118164,6.940000057220459,7.090000152587891,273600,0.0,0.0
2023-08-30 00:00:00-04:00,7.110000133514404,7.235000133514404,7.0,7.110000133514404,503100,0.0,0.0
2023-08-31 00:00:00-04:00,7.110000133514404,7.150000095367432,7.010000228881836,7.090000152587891,377600,0.0,0.0
2023-09-01 00:00:00-04:00,7.599999904632568,8.0,7.090000152587891,7.110000133514404,1588000,0.0,0.0
2023-09-05 00:00:00-04:00,7.150000095367432,7.380000114440918,7.0,7.079999923706055,998800,0.0,0.0
2023-09-06 00:00:00-04:00,7.090000152587891,7.454999923706055,6.949999809265137,7.380000114440918,556500,0.0,0.0
2023-09-07 00:00:00-04:00,7.340000152587891,7.480000019073486,7.210000038146973,7.320000171661377,381200,0.0,0.0
2023-09-08 00:00:00-04:00,7.289999961853027,7.489999771118164,7.21999979019165,7.369999885559082,318300,0.0,0.0
2023-09-11 00:00:00-04:00,7.440000057220459,7.610000133514404,7.271999835968018,7.480000019073486,476200,0.0,0.0
2023-09-12 00:00:00-04:00,7.539999961853027,7.539999961853027,7.309999942779541,7.349999904632568,552500,0.0,0.0
2023-09-13 00:00:00-04:00,7.389999866485596,7.492000102996826,7.28000020980835,7.400000095367432,407600,0.0,0.0
2023-09-14 00:00:00-04:00,7.429999828338623,7.539999961853027,7.255000114440918,7.28000020980835,399900,0.0,0.0
2023-09-15 00:00:00-04:00,7.28000020980835,7.320000171661377,6.889999866485596,7.260000228881836,2250200,0.0,0.0
2023-09-18 00:00:00-04:00,7.349999904632568,7.570000171661377,7.199999809265137,7.440000057220459,862700,0.0,0.0
2023-09-19 00:00:00-04:00,7.78000020980835,7.78000020980835,6.570000171661377,6.605000019073486,1705800,0.0,0.0
2023-09-20 00:00:00-04:00,2.7899999618530273,3.059999942779541,2.549999952316284,2.9200000762939453,18991200,0.0,0.0
2023-09-21 00:00:00-04:00,2.799999952316284,3.9100000858306885,2.75,3.6700000762939453,14670400,0.0,0.0
2023-09-22 00:00:00-04:00,3.6600000858306885,4.010000228881836,3.4700000286102295,3.9600000381469727,3848800,0.0,0.0
2023-09-25 00:00:00-04:00,3.890000104904175,3.9000000953674316,3.5799999237060547,3.5999999046325684,2266100,0.0,0.0
2023-09-26 00:00:00-04:00,3.869999885559082,4.485000133514404,3.7200000286102295,3.75,4192200,0.0,0.0
2023-09-27 00:00:00-04:00,3.7699999809265137,3.809999942779541,3.549999952316284,3.640000104904175,1631200,0.0,0.0
2023-09-28 00:00:00-04:00,3.619999885559082,3.7300000190734863,3.559999942779541,3.6500000953674316,1483600,0.0,0.0
2023-09-29 00:00:00-04:00,3.700000047683716,3.859999895095825,3.630000114440918,3.7799999713897705,962800,0.0,0.0
2023-10-02 00:00:00-04:00,3.7899999618530273,3.9600000381469727,3.740000009536743,3.8399999141693115,765100,0.0,0.0
2023-10-03 00:00:00-04:00,4.019999980926514,4.15500020980835,3.8399999141693115,3.9200000762939453,1372900,0.0,0.0
2023-10-04 00:00:00-04:00,3.869999885559082,4.050000190734863,3.7100000381469727,4.0,956600,0.0,0.0
2023-10-05 00:00:00-04:00,3.9600000381469727,4.139999866485596,3.884999990463257,3.990000009536743,802600,0.0,0.0
2023-10-06 00:00:00-04:00,3.9600000381469727,4.369999885559082,3.940000057220459,4.269999980926514,1143000,0.0,0.0
2023-10-09 00:00:00-04:00,4.190000057220459,4.260000228881836,4.039999961853027,4.110000133514404,732100,0.0,0.0
2023-10-10 00:00:00-04:00,4.099999904632568,4.150000095367432,3.990000009536743,4.03000020980835,661800,0.0,0.0
2023-10-11 00:00:00-04:00,4.059999942779541,4.119999885559082,3.9049999713897705,3.9749999046325684,706200,0.0,0.0
2023-10-12 00:00:00-04:00,3.9600000381469727,4.0,3.615000009536743,3.75,1144900,0.0,0.0
2023-10-13 00:00:00-04:00,3.759999990463257,3.859999895095825,3.7100000381469727,3.7300000190734863,522700,0.0,0.0
2023-10-16 00:00:00-04:00,3.6700000762939453,3.75,3.5799999237060547,3.6700000762939453,671400,0.0,0.0
2023-10-17 00:00:00-04:00,3.6600000858306885,3.799999952316284,3.6510000228881836,3.6700000762939453,481000,0.0,0.0
2023-10-18 00:00:00-04:00,3.6600000858306885,3.700000047683716,3.5299999713897705,3.5899999141693115,467200,0.0,0.0
2023-10-19 00:00:00-04:00,3.5399999618530273,3.559999942779541,3.3499999046325684,3.380000114440918,1002300,0.0,0.0
2023-10-20 00:00:00-04:00,3.3499999046325684,3.549999952316284,3.3499999046325684,3.509999990463257,649300,0.0,0.0
2023-10-23 00:00:00-04:00,3.4800000190734863,3.5399999618530273,3.4000000953674316,3.4100000858306885,429700,0.0,0.0
2023-10-24 00:00:00-04:00,3.4000000953674316,3.5399999618530273,3.4000000953674316,3.4800000190734863,510100,0.0,0.0
2023-10-25 00:00:00-04:00,3.4800000190734863,3.5280001163482666,3.4000000953674316,3.4800000190734863,284700,0.0,0.0
2023-10-26 00:00:00-04:00,3.450000047683716,3.5899999141693115,3.4200000762939453,3.5199999809265137,324900,0.0,0.0
2023-10-27 00:00:00-04:00,3.5899999141693115,3.5999999046325684,3.430000066757202,3.4700000286102295,258600,0.0,0.0
2023-10-30 00:00:00-04:00,3.450000047683716,3.619999885559082,3.450000047683716,3.4800000190734863,373300,0.0,0.0
2023-10-31 00:00:00-04:00,3.4700000286102295,3.690000057220459,3.4700000286102295,3.569999933242798,355200,0.0,0.0
2023-11-01 00:00:00-04:00,3.549999952316284,3.6600000858306885,3.5250000953674316,3.559999942779541,423700,0.0,0.0
2023-11-02 00:00:00-04:00,3.4000000953674316,3.6500000953674316,3.4000000953674316,3.6500000953674316,431300,0.0,0.0
2023-11-03 00:00:00-04:00,3.7200000286102295,3.9000000953674316,3.6449999809265137,3.7699999809265137,976000,0.0,0.0
2023-11-06 00:00:00-05:00,3.799999952316284,3.940000057220459,3.549999952316284,3.5799999237060547,3111700,0.0,0.0
2023-11-07 00:00:00-05:00,3.5899999141693115,3.75,3.549999952316284,3.5899999141693115,551000,0.0,0.0
2023-11-08 00:00:00-05:00,3.5999999046325684,3.5999999046325684,3.4700000286102295,3.5799999237060547,502200,0.0,0.0
2023-11-09 00:00:00-05:00,3.5999999046325684,3.640000104904175,3.380000114440918,3.430000066757202,386200,0.0,0.0
2023-11-10 00:00:00-05:00,3.5799999237060547,4.098999977111816,3.5,3.7300000190734863,1813400,0.0,0.0
2023-11-13 00:00:00-05:00,3.9000000953674316,4.010000228881836,3.759999990463257,4.0,928000,0.0,0.0
2023-11-14 00:00:00-05:00,4.090000152587891,4.284999847412109,4.010000228881836,4.230000019073486,744400,0.0,0.0
2023-11-15 00:00:00-05:00,4.269999980926514,4.630000114440918,4.269999980926514,4.53000020980835,1302400,0.0,0.0
2023-11-16 00:00:00-05:00,4.5,4.579999923706055,4.28000020980835,4.510000228881836,795800,0.0,0.0
2023-11-17 00:00:00-05:00,4.570000171661377,4.739999771118164,4.53000020980835,4.710000038146973,541400,0.0,0.0
2023-11-20 00:00:00-05:00,4.769999980926514,5.010000228881836,4.730000019073486,4.78000020980835,635800,0.0,0.0
2023-11-21 00:00:00-05:00,4.760000228881836,4.840000152587891,4.639999866485596,4.699999809265137,519300,0.0,0.0
2023-11-22 00:00:00-05:00,4.739999771118164,4.78000020980835,4.650000095367432,4.730000019073486,309300,0.0,0.0
2023-11-24 00:00:00-05:00,4.75,4.789999961853027,4.670000076293945,4.760000228881836,274800,0.0,0.0
2023-11-27 00:00:00-05:00,4.809999942779541,4.809999942779541,4.659999847412109,4.679999828338623,378000,0.0,0.0
2023-11-28 00:00:00-05:00,4.670000076293945,4.889999866485596,4.6529998779296875,4.815000057220459,446500,0.0,0.0
2023-11-29 00:00:00-05:00,4.829999923706055,4.949999809265137,4.769999980926514,4.800000190734863,483700,0.0,0.0
2023-11-30 00:00:00-05:00,4.889999866485596,4.960000038146973,4.764999866485596,4.829999923706055,625600,0.0,0.0
2023-12-01 00:00:00-05:00,4.829999923706055,4.949999809265137,4.78000020980835,4.949999809265137,443800,0.0,0.0
2023-12-04 00:00:00-05:00,4.940000057220459,5.210000038146973,4.940000057220459,5.210000038146973,743900,0.0,0.0
2023-12-05 00:00:00-05:00,5.170000076293945,5.360000133514404,5.110000133514404,5.210000038146973,560700,0.0,0.0
2023-12-06 00:00:00-05:00,5.269999980926514,5.340000152587891,5.150000095367432,5.199999809265137,485300,0.0,0.0
2023-12-07 00:00:00-05:00,5.210000038146973,5.329999923706055,5.125,5.21999979019165,324200,0.0,0.0
2023-12-08 00:00:00-05:00,5.199999809265137,5.385000228881836,5.130000114440918,5.320000171661377,397300,0.0,0.0
2023-12-11 00:00:00-05:00,5.349999904632568,5.349999904632568,5.010000228881836,5.130000114440918,386400,0.0,0.0
2023-12-12 00:00:00-05:00,5.130000114440918,5.210000038146973,5.010000228881836,5.170000076293945,286000,0.0,0.0
2023-12-13 00:00:00-05:00,5.130000114440918,5.329999923706055,5.090000152587891,5.320000171661377,319600,0.0,0.0
2023-12-14 00:00:00-05:00,5.420000076293945,5.519999980926514,5.159999847412109,5.210000038146973,533900,0.0,0.0
2023-12-15 00:00:00-05:00,5.349999904632568,5.349999904632568,5.090000152587891,5.210000038146973,607300,0.0,0.0
2023-12-18 00:00:00-05:00,5.230000019073486,5.309999942779541,5.170000076293945,5.21999979019165,297100,0.0,0.0
2023-12-19 00:00:00-05:00,5.099999904632568,5.315000057220459,5.039999961853027,5.239999771118164,394600,0.0,0.0
2023-12-20 00:00:00-05:00,5.260000228881836,5.340000152587891,5.019999980926514,5.039999961853027,363800,0.0,0.0
2023-12-21 00:00:00-05:00,5.070000171661377,5.289999961853027,5.019999980926514,5.099999904632568,229200,0.0,0.0
2023-12-22 00:00:00-05:00,5.099999904632568,5.409999847412109,5.099999904632568,5.159999847412109,444300,0.0,0.0
2023-12-26 00:00:00-05:00,5.21999979019165,5.659999847412109,5.184999942779541,5.53000020980835,368600,0.0,0.0
2023-12-27 00:00:00-05:00,5.670000076293945,5.670000076293945,5.460000038146973,5.639999866485596,241400,0.0,0.0
2023-12-28 00:00:00-05:00,5.659999847412109,5.789999961853027,5.53000020980835,5.630000114440918,307400,0.0,0.0
2023-12-29 00:00:00-05:00,5.670000076293945,5.75,5.480000019073486,5.480000019073486,379200,0.0,0.0
2024-01-02 00:00:00-05:00,5.510000228881836,5.760000228881836,5.449999809265137,5.579999923706055,300900,0.0,0.0
2024-01-03 00:00:00-05:00,5.559999942779541,5.590000152587891,5.380000114440918,5.5,372300,0.0,0.0
2024-01-04 00:00:00-05:00,5.5,5.71999979019165,5.190000057220459,5.639999866485596,286100,0.0,0.0
2024-01-05 00:00:00-05:00,5.739999771118164,5.739999771118164,5.480000019073486,5.679999828338623,352000,0.0,0.0
2024-01-08 00:00:00-05:00,5.670000076293945,6.070000171661377,5.619999885559082,5.989999771118164,290800,0.0,0.0
2024-01-09 00:00:00-05:00,5.949999809265137,6.090000152587891,5.769999980926514,5.909999847412109,325800,0.0,0.0
2024-01-10 00:00:00-05:00,5.909999847412109,6.039999961853027,5.679999828338623,5.929999828338623,296100,0.0,0.0
2024-01-11 00:00:00-05:00,5.929999828338623,5.949999809265137,5.739999771118164,5.849999904632568,158200,0.0,0.0
2024-01-12 00:00:00-05:00,5.849999904632568,6.0,5.829999923706055,5.909999847412109,164800,0.0,0.0
2024-01-16 00:00:00-05:00,5.909999847412109,6.139999866485596,5.75,5.940000057220459,323000,0.0,0.0
2024-01-17 00:00:00-05:00,5.920000076293945,6.130000114440918,5.804999828338623,6.090000152587891,344800,0.0,0.0
2024-01-18 00:00:00-05:00,6.090000152587891,6.139999866485596,5.909999847412109,6.079999923706055,207000,0.0,0.0
2024-01-19 00:00:00-05:00,6.119999885559082,6.210000038146973,5.994999885559082,6.050000190734863,293200,0.0,0.0
2024-01-22 00:00:00-05:00,6.079999923706055,6.434999942779541,6.039999961853027,6.420000076293945,472800,0.0,0.0
2024-01-23 00:00:00-05:00,6.46999979019165,6.800000190734863,6.375,6.769999980926514,486600,0.0,0.0
2024-01-24 00:00:00-05:00,6.829999923706055,7.0,6.260000228881836,6.380000114440918,478500,0.0,0.0
2024-01-25 00:00:00-05:00,6.409999847412109,6.619999885559082,6.349999904632568,6.519999980926514,284300,0.0,0.0
2024-01-26 00:00:00-05:00,6.579999923706055,6.630000114440918,6.244999885559082,6.284999847412109,212100,0.0,0.0
2024-01-29 00:00:00-05:00,6.28000020980835,6.539999961853027,6.25,6.480000019073486,178000,0.0,0.0
2024-01-30 00:00:00-05:00,6.519999980926514,6.519999980926514,6.199999809265137,6.25,258800,0.0,0.0
2024-01-31 00:00:00-05:00,6.210000038146973,6.400000095367432,6.130000114440918,6.210000038146973,273100,0.0,0.0
2024-02-01 00:00:00-05:00,6.320000171661377,6.400000095367432,6.170000076293945,6.400000095367432,229500,0.0,0.0
2024-02-02 00:00:00-05:00,6.25,6.440000057220459,6.179999828338623,6.349999904632568,172200,0.0,0.0
2024-02-05 00:00:00-05:00,6.360000133514404,6.5,6.260000228881836,6.369999885559082,355900,0.0,0.0
2024-02-06 00:00:00-05:00,6.409999847412109,6.539999961853027,6.375,6.5,331200,0.0,0.0
2024-02-07 00:00:00-05:00,6.550000190734863,6.590000152587891,6.289999961853027,6.300000190734863,319200,0.0,0.0
2024-02-08 00:00:00-05:00,6.329999923706055,6.539999961853027,6.329999923706055,6.489999771118164,268400,0.0,0.0
2024-02-09 00:00:00-05:00,6.539999961853027,7.105000019073486,6.489999771118164,7.079999923706055,406200,0.0,0.0
2024-02-12 00:00:00-05:00,7.179999828338623,7.869999885559082,7.159999847412109,7.460000038146973,731500,0.0,0.0
2024-02-13 00:00:00-05:00,7.25,7.25,6.960000038146973,7.010000228881836,494000,0.0,0.0
2024-02-14 00:00:00-05:00,7.119999885559082,7.329999923706055,7.019999980926514,7.099999904632568,302300,0.0,0.0
2024-02-15 00:00:00-05:00,7.130000114440918,7.320000171661377,7.059999942779541,7.260000228881836,289300,0.0,0.0
2024-02-16 00:00:00-05:00,7.199999809265137,7.25,7.090000152587891,7.170000076293945,248700,0.0,0.0
2024-02-20 00:00:00-05:00,6.900000095367432,7.889999866485596,6.699999809265137,7.519999980926514,1277700,0.0,0.0
2024-02-21 00:00:00-05:00,7.570000171661377,7.675000190734863,7.179999828338623,7.460000038146973,727500,0.0,0.0
2024-02-22 00:00:00-05:00,7.5,7.789999961853027,7.5,7.599999904632568,504900,0.0,0.0
2024-02-23 00:00:00-05:00,7.659999847412109,8.5,7.659999847412109,8.350000381469727,992600,0.0,0.0
2024-02-26 00:00:00-05:00,8.569999694824219,9.149999618530273,8.196000099182129,8.75,1403900,0.0,0.0
2024-02-27 00:00:00-05:00,8.779999732971191,8.960000038146973,8.460000038146973,8.819999694824219,1962200,0.0,0.0
2024-02-28 00:00:00-05:00,8.869999885559082,9.1899995803833,8.829999923706055,9.020000457763672,1173300,0.0,0.0
2024-02-29 00:00:00-05:00,9.050000190734863,9.100000381469727,8.119999885559082,8.369999885559082,972000,0.0,0.0
2024-03-01 00:00:00-05:00,8.430000305175781,8.869999885559082,8.420000076293945,8.710000038146973,658400,0.0,0.0
2024-03-04 00:00:00-05:00,8.75,8.75,8.460000038146973,8.649999618530273,332400,0.0,0.0
2024-03-05 00:00:00-05:00,9.319999694824219,9.319999694824219,8.720000267028809,8.880000114440918,1012000,0.0,0.0
2024-03-06 00:00:00-05:00,9.0,9.039999961853027,8.6899995803833,8.920000076293945,549600,0.0,0.0
2024-03-07 00:00:00-05:00,8.9399995803833,9.0600004196167,8.609999656677246,8.949999809265137,607600,0.0,0.0
2024-03-08 00:00:00-05:00,9.020000457763672,9.100000381469727,8.630000114440918,8.6899995803833,521500,0.0,0.0
2024-03-11 00:00:00-04:00,8.59000015258789,8.779999732971191,8.25,8.289999961853027,471300,0.0,0.0
2024-03-12 00:00:00-04:00,8.3100004196167,8.489999771118164,8.244999885559082,8.460000038146973,388200,0.0,0.0
2024-03-13 00:00:00-04:00,8.420000076293945,9.029999732971191,8.369999885559082,9.0,661000,0.0,0.0
2024-03-14 00:00:00-04:00,8.9399995803833,9.0,8.779999732971191,9.0,580600,0.0,0.0
2024-03-15 00:00:00-04:00,8.9399995803833,9.295000076293945,8.9399995803833,9.15999984741211,2417800,0.0,0.0
2024-03-18 00:00:00-04:00,9.170000076293945,9.390000343322754,8.949999809265137,9.119999885559082,1157100,0.0,0.0
2024-03-19 00:00:00-04:00,9.079999923706055,9.079999923706055,8.399999618530273,8.460000038146973,1145700,0.0,0.0
2024-03-20 00:00:00-04:00,8.539999961853027,8.850000381469727,8.40999984741211,8.699999809265137,627000,0.0,0.0
2024-03-21 00:00:00-04:00,8.850000381469727,9.0,8.699999809265137,9.0,731500,0.0,0.0
2024-03-22 00:00:00-04:00,9.0,9.100000381469727,8.5600004196167,8.649999618530273,769100,0.0,0.0
2024-03-25 00:00:00-04:00,8.65999984741211,9.390000343322754,8.65999984741211,9.130000114440918,1290900,0.0,0.0
2024-03-26 00:00:00-04:00,9.199999809265137,10.149999618530273,9.175000190734863,10.0,2377300,0.0,0.0
2024-03-27 00:00:00-04:00,10.130000114440918,10.199999809265137,9.649999618530273,9.960000038146973,1185600,0.0,0.0
2024-03-28 00:00:00-04:00,10.479999542236328,11.270000457763672,10.154999732971191,10.220000267028809,1644900,0.0,0.0
2024-04-01 00:00:00-04:00,10.220000267028809,10.220000267028809,9.404999732971191,9.470000267028809,723000,0.0,0.0
2024-04-02 00:00:00-04:00,9.420000076293945,9.619999885559082,9.270000457763672,9.279999732971191,510500,0.0,0.0
2024-04-03 00:00:00-04:00,9.3100004196167,9.6850004196167,9.210000038146973,9.399999618530273,551900,0.0,0.0
2024-04-04 00:00:00-04:00,9.5,9.699999809265137,9.350000381469727,9.529999732971191,633600,0.0,0.0
2024-04-05 00:00:00-04:00,9.460000038146973,10.0,9.430000305175781,9.869999885559082,442900,0.0,0.0
2024-04-08 00:00:00-04:00,9.850000381469727,10.100000381469727,9.649999618530273,9.930000305175781,476500,0.0,0.0
2024-04-09 00:00:00-04:00,9.989999771118164,9.989999771118164,9.125,9.329999923706055,801100,0.0,0.0
2024-04-10 00:00:00-04:00,9.199999809265137,9.420000076293945,9.029999732971191,9.270000457763672,390700,0.0,0.0
2024-04-11 00:00:00-04:00,9.319999694824219,9.4399995803833,9.170000076293945,9.239999771118164,442500,0.0,0.0
2024-04-12 00:00:00-04:00,9.239999771118164,9.239999771118164,8.930000305175781,9.020000457763672,690000,0.0,0.0
2024-04-15 00:00:00-04:00,9.0,9.300000190734863,8.946999549865723,9.239999771118164,459600,0.0,0.0
2024-04-16 00:00:00-04:00,9.140000343322754,9.470000267028809,9.050000190734863,9.180000305175781,477200,0.0,0.0
2024-04-17 00:00:00-04:00,9.279999732971191,9.279999732971191,8.880000114440918,9.0600004196167,456600,0.0,0.0
2024-04-18 00:00:00-04:00,9.020000457763672,9.1899995803833,8.380000114440918,8.4399995803833,918100,0.0,0.0
2024-04-19 00:00:00-04:00,8.40999984741211,8.649999618530273,8.25,8.470000267028809,487900,0.0,0.0
2024-04-22 00:00:00-04:00,8.569999694824219,8.600000381469727,8.145000457763672,8.210000038146973,394500,0.0,0.0
2024-04-23 00:00:00-04:00,8.4399995803833,8.829999923706055,8.309000015258789,8.5,510300,0.0,0.0
2024-04-24 00:00:00-04:00,8.460000038146973,8.545000076293945,8.154999732971191,8.260000228881836,334700,0.0,0.0
2024-04-25 00:00:00-04:00,8.09000015258789,8.1899995803833,7.659999847412109,8.09000015258789,534700,0.0,0.0
2024-04-26 00:00:00-04:00,8.170000076293945,8.65999984741211,8.100000381469727,8.350000381469727,520300,0.0,0.0
2024-04-29 00:00:00-04:00,8.470000267028809,8.720000267028809,8.40999984741211,8.600000381469727,364600,0.0,0.0
2024-04-30 00:00:00-04:00,8.579999923706055,8.789999961853027,8.510000228881836,8.699999809265137,335300,0.0,0.0
2024-05-01 00:00:00-04:00,8.729999542236328,9.619999885559082,8.670000076293945,9.329999923706055,1110400,0.0,0.0
2024-05-02 00:00:00-04:00,9.350000381469727,9.510000228881836,8.9399995803833,9.460000038146973,575500,0.0,0.0
2024-05-03 00:00:00-04:00,9.65999984741211,9.760000228881836,9.390000343322754,9.75,364200,0.0,0.0
2024-05-06 00:00:00-04:00,9.75,9.800000190734863,9.100000381469727,9.449999809265137,401200,0.0,0.0
2024-05-07 00:00:00-04:00,9.4399995803833,9.510000228881836,9.140000343322754,9.470000267028809,474000,0.0,0.0
2024-05-08 00:00:00-04:00,9.350000381469727,9.553000450134277,8.979999542236328,9.0600004196167,352700,0.0,0.0
2024-05-09 00:00:00-04:00,9.0600004196167,9.1899995803833,8.720000267028809,8.800000190734863,332200,0.0,0.0
2024-05-10 00:00:00-04:00,8.930000305175781,9.0,8.59000015258789,8.739999771118164,305900,0.0,0.0
2024-05-13 00:00:00-04:00,8.720000267028809,9.020000457763672,8.720000267028809,8.890000343322754,322400,0.0,0.0
2024-05-14 00:00:00-04:00,8.9399995803833,9.0600004196167,8.880000114440918,8.979999542236328,357000,0.0,0.0
2024-05-15 00:00:00-04:00,9.149999618530273,9.15999984741211,8.829999923706055,8.880000114440918,301200,0.0,0.0
2024-05-16 00:00:00-04:00,8.920000076293945,9.140000343322754,8.789999961853027,9.100000381469727,404500,0.0,0.0
2024-05-17 00:00:00-04:00,9.130000114440918,9.25,8.989999771118164,9.029999732971191,292500,0.0,0.0
2024-05-20 00:00:00-04:00,9.09000015258789,9.3100004196167,9.074999809265137,9.1899995803833,315100,0.0,0.0
2024-05-21 00:00:00-04:00,9.130000114440918,9.149999618530273,8.8100004196167,8.829999923706055,264900,0.0,0.0
2024-05-22 00:00:00-04:00,8.819999694824219,9.050000190734863,8.819999694824219,8.930000305175781,230500,0.0,0.0
2024-05-23 00:00:00-04:00,9.09000015258789,9.09000015258789,8.729999542236328,8.800000190734863,276300,0.0,0.0
2024-05-24 00:00:00-04:00,8.800000190734863,9.140000343322754,8.760000228881836,8.979999542236328,279100,0.0,0.0
2024-05-28 00:00:00-04:00,9.100000381469727,9.229999542236328,8.770000457763672,8.979999542236328,613800,0.0,0.0
2024-05-29 00:00:00-04:00,8.850000381469727,8.989999771118164,8.800000190734863,8.819999694824219,324000,0.0,0.0
2024-05-30 00:00:00-04:00,8.859999656677246,9.020000457763672,8.821999549865723,8.90999984741211,330100,0.0,0.0
2024-05-31 00:00:00-04:00,8.930000305175781,9.300000190734863,8.84000015258789,8.880000114440918,604300,0.0,0.0
2024-06-03 00:00:00-04:00,9.0,9.25,8.770000457763672,9.039999961853027,531700,0.0,0.0
2024-06-04 00:00:00-04:00,9.0,9.1899995803833,8.920000076293945,8.9399995803833,364700,0.0,0.0
2024-06-05 00:00:00-04:00,8.960000038146973,9.1899995803833,8.850000381469727,9.109999656677246,371600,0.0,0.0
2024-06-06 00:00:00-04:00,9.050000190734863,9.149999618530273,8.800000190734863,8.819999694824219,390700,0.0,0.0
2024-06-07 00:00:00-04:00,8.739999771118164,8.899999618530273,8.680000305175781,8.8100004196167,308700,0.0,0.0
2024-06-10 00:00:00-04:00,8.75,9.109999656677246,8.699999809265137,9.069999694824219,368900,0.0,0.0
2024-06-11 00:00:00-04:00,8.989999771118164,9.020000457763672,8.84000015258789,8.970000267028809,315600,0.0,0.0
2024-06-12 00:00:00-04:00,9.149999618530273,9.369999885559082,9.0,9.100000381469727,607400,0.0,0.0
2024-06-13 00:00:00-04:00,9.100000381469727,9.229999542236328,8.800000190734863,8.9399995803833,331800,0.0,0.0
2024-06-14 00:00:00-04:00,8.84000015258789,8.979999542236328,8.600000381469727,8.65999984741211,461300,0.0,0.0
2024-06-17 00:00:00-04:00,8.569999694824219,8.640000343322754,8.350000381469727,8.40999984741211,388000,0.0,0.0
2024-06-18 00:00:00-04:00,8.40999984741211,8.40999984741211,7.880000114440918,8.079999923706055,657500,0.0,0.0
2024-06-20 00:00:00-04:00,8.0600004196167,8.0600004196167,7.579999923706055,7.730000019073486,641300,0.0,0.0
2024-06-21 00:00:00-04:00,7.849999904632568,8.199999809265137,7.690000057220459,8.170000076293945,809500,0.0,0.0
2024-06-24 00:00:00-04:00,8.239999771118164,8.579999923706055,8.119999885559082,8.239999771118164,369700,0.0,0.0
2024-06-25 00:00:00-04:00,8.239999771118164,8.239999771118164,7.550000190734863,7.650000095367432,814700,0.0,0.0
2024-06-26 00:00:00-04:00,7.690000057220459,8.109999656677246,7.659999847412109,8.079999923706055,481200,0.0,0.0
2024-06-27 00:00:00-04:00,8.100000381469727,8.244999885559082,7.889999866485596,8.050000190734863,439200,0.0,0.0
2024-06-28 00:00:00-04:00,8.329999923706055,8.65999984741211,8.020000457763672,8.510000228881836,4758200,0.0,0.0
2024-07-01 00:00:00-04:00,8.550000190734863,8.829999923706055,8.350000381469727,8.729999542236328,633000,0.0,0.0
2024-07-02 00:00:00-04:00,8.65999984741211,9.140000343322754,8.649999618530273,8.65999984741211,548000,0.0,0.0
2024-07-03 00:00:00-04:00,8.770000457763672,9.619999885559082,8.770000457763672,9.09000015258789,698400,0.0,0.0
2024-07-05 00:00:00-04:00,9.039999961853027,9.1899995803833,8.854999542236328,9.100000381469727,529200,0.0,0.0
2024-07-08 00:00:00-04:00,9.1899995803833,9.770000457763672,9.1899995803833,9.479999542236328,665900,0.0,0.0
2024-07-09 00:00:00-04:00,9.479999542236328,9.84000015258789,9.380000114440918,9.760000228881836,819800,0.0,0.0
2024-07-10 00:00:00-04:00,9.84000015258789,10.670000076293945,9.812000274658203,10.460000038146973,941600,0.0,0.0
2024-07-11 00:00:00-04:00,10.949999809265137,11.1899995803833,10.59000015258789,11.109999656677246,944300,0.0,0.0
2024-07-12 00:00:00-04:00,11.119999885559082,11.40999984741211,10.699999809265137,11.350000381469727,870800,0.0,0.0
2024-07-15 00:00:00-04:00,11.460000038146973,11.899999618530273,11.430000305175781,11.65999984741211,697600,0.0,0.0
2024-07-16 00:00:00-04:00,11.829999923706055,11.835000038146973,11.09000015258789,11.34000015258789,991200,0.0,0.0
2024-07-17 00:00:00-04:00,11.079999923706055,11.390000343322754,11.020000457763672,11.329999923706055,477600,0.0,0.0
2024-07-18 00:00:00-04:00,11.34000015258789,11.619000434875488,10.140000343322754,10.444999694824219,1170200,0.0,0.0
2024-07-19 00:00:00-04:00,10.479999542236328,10.720000267028809,10.25,10.539999961853027,372000,0.0,0.0
2024-07-22 00:00:00-04:00,10.619999885559082,10.800000190734863,10.484999656677246,10.75,481500,0.0,0.0
2024-07-23 00:00:00-04:00,10.720000267028809,10.850000381469727,10.289999961853027,10.319999694824219,467300,0.0,0.0
2024-07-24 00:00:00-04:00,10.149999618530273,10.430000305175781,10.079999923706055,10.399999618530273,513100,0.0,0.0
2024-07-25 00:00:00-04:00,10.819999694824219,11.380000114440918,10.664999961853027,11.1899995803833,1001200,0.0,0.0
2024-07-26 00:00:00-04:00,11.25,11.345000267028809,10.930000305175781,10.979999542236328,594000,0.0,0.0
2024-07-29 00:00:00-04:00,11.039999961853027,11.279999732971191,10.829999923706055,10.960000038146973,332100,0.0,0.0
2024-07-30 00:00:00-04:00,11.050000190734863,11.09000015258789,10.774999618530273,10.970000267028809,385400,0.0,0.0
2024-07-31 00:00:00-04:00,11.140000343322754,11.170000076293945,10.729999542236328,10.869999885559082,389200,0.0,0.0
2024-08-01 00:00:00-04:00,10.869999885559082,11.039999961853027,10.130000114440918,10.489999771118164,599600,0.0,0.0
2024-08-02 00:00:00-04:00,10.199999809265137,10.220000267028809,9.739999771118164,9.899999618530273,600000,0.0,0.0
2024-08-05 00:00:00-04:00,9.229999542236328,9.479999542236328,8.906000137329102,9.319999694824219,746600,0.0,0.0
2024-08-06 00:00:00-04:00,9.510000228881836,10.0,9.300000190734863,9.779999732971191,448800,0.0,0.0
2024-08-07 00:00:00-04:00,9.680000305175781,10.270000457763672,9.449999809265137,9.5649995803833,742800,0.0,0.0
2024-08-08 00:00:00-04:00,9.619999885559082,10.15999984741211,9.520000457763672,9.890000343322754,369700,0.0,0.0
2024-08-09 00:00:00-04:00,9.920000076293945,11.388999938964844,9.670000076293945,10.880000114440918,3647800,0.0,0.0
2024-08-12 00:00:00-04:00,11.449999809265137,12.020000457763672,10.65999984741211,10.850000381469727,2588500,0.0,0.0
2024-08-13 00:00:00-04:00,12.0,13.100000381469727,11.279999732971191,13.0600004196167,4358300,0.0,0.0
2024-08-14 00:00:00-04:00,13.239999771118164,13.388999938964844,12.199999809265137,13.0,1959700,0.0,0.0
2024-08-15 00:00:00-04:00,13.25,13.6899995803833,12.960000038146973,13.539999961853027,1446900,0.0,0.0
2024-08-16 00:00:00-04:00,13.649999618530273,13.718000411987305,13.267000198364258,13.329999923706055,1083900,0.0,0.0
2024-08-19 00:00:00-04:00,13.390000343322754,14.350000381469727,13.229999542236328,14.239999771118164,1693400,0.0,0.0
2024-08-20 00:00:00-04:00,14.880000114440918,16.5,14.0,14.890000343322754,4499500,0.0,0.0
2024-08-21 00:00:00-04:00,15.0,15.0,13.239999771118164,13.399999618530273,2433900,0.0,0.0
2024-08-22 00:00:00-04:00,13.489999771118164,13.609999656677246,12.729999542236328,12.8100004196167,1526800,0.0,0.0
2024-08-23 00:00:00-04:00,13.020000457763672,13.270000457763672,12.720000267028809,12.960000038146973,917300,0.0,0.0
2024-08-26 00:00:00-04:00,13.109999656677246,13.369999885559082,12.560999870300293,13.199999809265137,877600,0.0,0.0
2024-08-27 00:00:00-04:00,13.270000457763672,14.050000190734863,13.210000038146973,13.960000038146973,1135900,0.0,0.0
2024-08-28 00:00:00-04:00,13.819999694824219,14.173999786376953,13.630000114440918,13.739999771118164,981000,0.0,0.0
2024-08-29 00:00:00-04:00,13.699999809265137,13.949999809265137,12.944999694824219,12.979999542236328,1218100,0.0,0.0
2024-08-30 00:00:00-04:00,13.0600004196167,13.095999717712402,12.529999732971191,12.979999542236328,946800,0.0,0.0
2024-09-03 00:00:00-04:00,12.8100004196167,12.8100004196167,11.779999732971191,11.9399995803833,1325800,0.0,0.0
2024-09-04 00:00:00-04:00,11.9399995803833,12.145000457763672,11.630000114440918,11.930000305175781,838600,0.0,0.0
2024-09-05 00:00:00-04:00,11.949999809265137,12.149999618530273,11.729999542236328,11.75,710300,0.0,0.0
2024-09-06 00:00:00-04:00,11.760000228881836,11.760000228881836,11.0,11.359999656677246,1097500,0.0,0.0
2024-09-09 00:00:00-04:00,11.489999771118164,12.024999618530273,11.420000076293945,11.710000038146973,769700,0.0,0.0
2024-09-10 00:00:00-04:00,11.71500015258789,11.920000076293945,11.270000457763672,11.510000228881836,802900,0.0,0.0
2024-09-11 00:00:00-04:00,11.520000457763672,12.079999923706055,11.359999656677246,12.0,955300,0.0,0.0
2024-09-12 00:00:00-04:00,12.020000457763672,12.640000343322754,12.020000457763672,12.630000114440918,673900,0.0,0.0
2024-09-13 00:00:00-04:00,12.720000267028809,13.3100004196167,12.699999809265137,13.300000190734863,1209800,0.0,0.0
2024-09-16 00:00:00-04:00,13.430000305175781,13.510000228881836,12.890000343322754,12.949999809265137,874400,0.0,0.0
2024-09-17 00:00:00-04:00,12.975000381469727,13.3100004196167,12.619999885559082,13.050000190734863,1265700,0.0,0.0
2024-09-18 00:00:00-04:00,13.100000381469727,14.319999694824219,13.100000381469727,14.050000190734863,1133500,0.0,0.0
2024-09-19 00:00:00-04:00,14.5,15.100000381469727,14.119999885559082,14.859999656677246,2134500,0.0,0.0
2024-09-20 00:00:00-04:00,14.970000267028809,15.1899995803833,14.670000076293945,14.770000457763672,1414200,0.0,0.0
2024-09-23 00:00:00-04:00,14.779999732971191,15.1899995803833,14.09000015258789,14.09000015258789,756300,0.0,0.0
2024-09-24 00:00:00-04:00,14.09000015258789,14.229999542236328,13.300000190734863,13.680000305175781,655000,0.0,0.0
2024-09-25 00:00:00-04:00,13.710000038146973,14.229999542236328,13.640000343322754,14.050000190734863,673900,0.0,0.0
2024-09-26 00:00:00-04:00,14.210000038146973,15.220000267028809,14.210000038146973,14.510000228881836,1280700,0.0,0.0
2024-09-27 00:00:00-04:00,14.550000190734863,14.989999771118164,13.829999923706055,14.319999694824219,616000,0.0,0.0
2024-09-30 00:00:00-04:00,14.329999923706055,15.079999923706055,14.329999923706055,14.5,1130600,0.0,0.0
2024-10-01 00:00:00-04:00,14.460000038146973,14.649999618530273,13.579999923706055,14.460000038146973,1274400,0.0,0.0
2024-10-02 00:00:00-04:00,14.430000305175781,14.869999885559082,14.010000228881836,14.449999809265137,1130300,0.0,0.0
2024-10-03 00:00:00-04:00,14.3100004196167,14.579999923706055,13.760000228881836,14.0,837700,0.0,0.0
2024-10-04 00:00:00-04:00,14.180000305175781,14.390000343322754,13.850000381469727,14.1899995803833,684900,0.0,0.0
2024-10-07 00:00:00-04:00,14.15999984741211,14.234999656677246,13.619999885559082,13.65999984741211,428900,0.0,0.0
2024-10-08 00:00:00-04:00,13.699999809265137,14.039999961853027,13.600000381469727,13.880000114440918,654900,0.0,0.0
2024-10-09 00:00:00-04:00,13.84000015258789,13.869999885559082,13.300000190734863,13.710000038146973,671800,0.0,0.0
2024-10-10 00:00:00-04:00,13.510000228881836,13.930000305175781,13.289999961853027,13.90999984741211,432600,0.0,0.0
2024-10-11 00:00:00-04:00,13.880000114440918,14.579999923706055,13.802000045776367,14.520000457763672,683900,0.0,0.0
2024-10-14 00:00:00-04:00,14.579999923706055,15.020000457763672,14.399999618530273,14.949999809265137,960600,0.0,0.0
2024-10-15 00:00:00-04:00,15.050000190734863,15.5,14.220000267028809,15.229999542236328,1025800,0.0,0.0
2024-10-16 00:00:00-04:00,15.260000228881836,16.65999984741211,15.020000457763672,16.520000457763672,1831600,0.0,0.0
2024-10-17 00:00:00-04:00,16.700000762939453,16.889999389648438,15.960000038146973,16.1299991607666,966000,0.0,0.0
2024-10-18 00:00:00-04:00,16.100000381469727,16.399999618530273,15.899999618530273,15.989999771118164,715500,0.0,0.0
2024-10-21 00:00:00-04:00,15.989999771118164,16.75,15.75,16.719999313354492,916800,0.0,0.0
2024-10-22 00:00:00-04:00,16.549999237060547,17.079999923706055,16.540000915527344,16.790000915527344,880600,0.0,0.0
2024-10-23 00:00:00-04:00,16.540000915527344,16.684999465942383,15.539999961853027,16.049999237060547,1023700,0.0,0.0
2024-10-24 00:00:00-04:00,16.190000534057617,16.450000762939453,15.359999656677246,15.399999618530273,1005800,0.0,0.0
2024-10-25 00:00:00-04:00,15.479999542236328,15.75,14.760000228881836,14.770000457763672,838900,0.0,0.0
2024-10-28 00:00:00-04:00,15.029999732971191,15.239999771118164,14.835000038146973,14.989999771118164,789900,0.0,0.0
2024-10-29 00:00:00-04:00,14.850000381469727,15.180000305175781,14.59000015258789,15.170000076293945,595800,0.0,0.0
2024-10-30 00:00:00-04:00,15.020000457763672,15.380000114440918,14.229999542236328,14.270000457763672,895800,0.0,0.0
2024-10-31 00:00:00-04:00,14.199999809265137,15.069999694824219,14.100000381469727,14.720000267028809,825200,0.0,0.0
2024-11-01 00:00:00-04:00,14.84000015258789,15.460000038146973,14.329999923706055,15.260000228881836,1069100,0.0,0.0
2024-11-04 00:00:00-05:00,15.470000267028809,16.260000228881836,15.119999885559082,15.199999809265137,1614100,0.0,0.0
2024-11-05 00:00:00-05:00,15.399999618530273,15.609999656677246,14.666999816894531,15.319999694824219,574300,0.0,0.0
2024-11-06 00:00:00-05:00,16.0,16.440000534057617,15.369999885559082,15.720000267028809,926500,0.0,0.0
2024-11-07 00:00:00-05:00,15.640000343322754,16.239999771118164,15.279999732971191,16.139999389648438,588000,0.0,0.0
2024-11-08 00:00:00-05:00,16.190000534057617,17.06999969482422,15.84000015258789,17.040000915527344,1499300,0.0,0.0
2024-11-11 00:00:00-05:00,18.399999618530273,18.510000228881836,16.889999389648438,17.489999771118164,3404300,0.0,0.0
2024-11-12 00:00:00-05:00,17.270000457763672,17.899999618530273,16.3799991607666,16.610000610351562,1708800,0.0,0.0
2024-11-13 00:00:00-05:00,16.110000610351562,16.506999969482422,13.795000076293945,14.079999923706055,3202100,0.0,0.0
2024-11-14 00:00:00-05:00,14.510000228881836,15.25,13.984999656677246,14.109999656677246,1836000,0.0,0.0
2024-11-15 00:00:00-05:00,14.1899995803833,14.375,13.359999656677246,14.010000228881836,1533800,0.0,0.0
2024-11-18 00:00:00-05:00,14.010000228881836,14.369999885559082,13.579999923706055,13.779999732971191,1056500,0.0,0.0
2024-11-19 00:00:00-05:00,13.699999809265137,14.279999732971191,13.5,13.789999961853027,1125300,0.0,0.0
2024-11-20 00:00:00-05:00,13.609999656677246,13.869999885559082,13.149999618530273,13.550000190734863,1144200,0.0,0.0
2024-11-21 00:00:00-05:00,13.550000190734863,13.739999771118164,13.010000228881836,13.380000114440918,768400,0.0,0.0
2024-11-22 00:00:00-05:00,13.34000015258789,14.039999961853027,13.25,14.0,1016600,0.0,0.0
2024-11-25 00:00:00-05:00,14.170000076293945,14.670000076293945,13.680000305175781,13.710000038146973,1339700,0.0,0.0
2024-11-26 00:00:00-05:00,13.710000038146973,14.449999809265137,13.619999885559082,14.369999885559082,653800,0.0,0.0
2024-11-27 00:00:00-05:00,14.300000190734863,14.899999618530273,14.164999961853027,14.529999732971191,674200,0.0,0.0
2024-11-29 00:00:00-05:00,14.520000457763672,14.899999618530273,14.390000343322754,14.510000228881836,383100,0.0,0.0
2024-12-02 00:00:00-05:00,14.350000381469727,14.395000457763672,13.260000228881836,13.319999694824219,1188000,0.0,0.0
2024-12-03 00:00:00-05:00,13.020000457763672,13.630000114440918,12.90999984741211,13.609999656677246,1224700,0.0,0.0
2024-12-04 00:00:00-05:00,13.399999618530273,14.449999809265137,13.390000343322754,14.420000076293945,974900,0.0,0.0
2024-12-05 00:00:00-05:00,14.390000343322754,14.399999618530273,13.75,14.0,889700,0.0,0.0
2024-12-06 00:00:00-05:00,14.0,14.5,13.935999870300293,14.020000457763672,727200,0.0,0.0
2024-12-09 00:00:00-05:00,14.010000228881836,14.470000267028809,13.229999542236328,13.3100004196167,699800,0.0,0.0
2024-12-10 00:00:00-05:00,13.329999923706055,13.600000381469727,12.930000305175781,12.949999809265137,869300,0.0,0.0
2024-12-11 00:00:00-05:00,12.989999771118164,13.0,12.220000267028809,12.270000457763672,1445400,0.0,0.0
2024-12-12 00:00:00-05:00,12.119999885559082,12.779000282287598,11.819999694824219,12.640000343322754,1618500,0.0,0.0
2024-12-13 00:00:00-05:00,12.65999984741211,12.65999984741211,11.760000228881836,11.899999618530273,984700,0.0,0.0
2024-12-16 00:00:00-05:00,11.9399995803833,12.390000343322754,11.869999885559082,11.885000228881836,940300,0.0,0.0
2024-12-17 00:00:00-05:00,11.75,12.010000228881836,11.550000190734863,11.760000228881836,989800,0.0,0.0
2024-12-18 00:00:00-05:00,11.829999923706055,11.890000343322754,10.628000259399414,10.960000038146973,1971400,0.0,0.0
2024-12-19 00:00:00-05:00,11.5,11.604999542236328,10.670000076293945,11.319999694824219,1268100,0.0,0.0
2024-12-20 00:00:00-05:00,11.180000305175781,11.5649995803833,10.829999923706055,11.180000305175781,2578100,0.0,0.0
2024-12-23 00:00:00-05:00,11.170000076293945,11.520000457763672,10.800000190734863,11.199999809265137,1382000,0.0,0.0
2024-12-24 00:00:00-05:00,11.15999984741211,11.46500015258789,11.020000457763672,11.40999984741211,497600,0.0,0.0
2024-12-26 00:00:00-05:00,11.199999809265137,11.295000076293945,10.670000076293945,11.149999618530273,1805400,0.0,0.0
2024-12-27 00:00:00-05:00,11.029999732971191,11.239999771118164,10.199999809265137,10.789999961853027,2059800,0.0,0.0
2024-12-30 00:00:00-05:00,10.550000190734863,10.6899995803833,10.300000190734863,10.619999885559082,1802400,0.0,0.0
2024-12-31 00:00:00-05:00,10.520000457763672,10.800000190734863,10.380000114440918,10.550000190734863,833700,0.0,0.0
2025-01-02 00:00:00-05:00,10.789999961853027,11.09000015258789,10.404999732971191,10.710000038146973,1753200,0.0,0.0
2025-01-03 00:00:00-05:00,10.529999732971191,11.40999984741211,10.529999732971191,11.1899995803833,1268500,0.0,0.0
2025-01-06 00:00:00-05:00,11.300000190734863,11.579999923706055,10.6850004196167,11.079999923706055,1144700,0.0,0.0
2025-01-07 00:00:00-05:00,11.039999961853027,11.399999618530273,10.890000343322754,11.34000015258789,923400,0.0,0.0
2025-01-08 00:00:00-05:00,11.15999984741211,11.600000381469727,10.859999656677246,11.430000305175781,1308500,0.0,0.0
2025-01-10 00:00:00-05:00,11.170000076293945,11.305000305175781,10.699999809265137,11.239999771118164,1354600,0.0,0.0
2025-01-13 00:00:00-05:00,11.399999618530273,12.479999542236328,11.229999542236328,11.260000228881836,2155500,0.0,0.0
2025-01-14 00:00:00-05:00,11.90999984741211,11.979999542236328,11.029999732971191,11.359999656677246,899600,0.0,0.0
2025-01-15 00:00:00-05:00,11.850000381469727,12.085000038146973,11.0,12.010000228881836,1804000,0.0,0.0
2025-01-16 00:00:00-05:00,11.979999542236328,12.369999885559082,11.210000038146973,12.180000305175781,1601000,0.0,0.0
2025-01-17 00:00:00-05:00,12.260000228881836,12.989999771118164,12.1899995803833,12.569999694824219,1679800,0.0,0.0
2025-01-21 00:00:00-05:00,12.739999771118164,13.5,12.449999809265137,13.479999542236328,1487700,0.0,0.0
2025-01-22 00:00:00-05:00,13.479999542236328,13.680000305175781,13.149999618530273,13.550000190734863,1135100,0.0,0.0
2025-01-23 00:00:00-05:00,13.5,14.0600004196167,13.288999557495117,13.890000343322754,1002200,0.0,0.0
2025-01-24 00:00:00-05:00,13.789999961853027,14.25,13.579999923706055,14.079999923706055,1108800,0.0,0.0
2025-01-27 00:00:00-05:00,13.960000038146973,15.1899995803833,13.880000114440918,14.449999809265137,2551100,0.0,0.0
2025-01-28 00:00:00-05:00,14.619999885559082,15.170000076293945,14.39799976348877,14.880000114440918,1418000,0.0,0.0
2025-01-29 00:00:00-05:00,14.720000267028809,14.859999656677246,14.1899995803833,14.319999694824219,778800,0.0,0.0
2025-01-30 00:00:00-05:00,14.449999809265137,14.869999885559082,14.0649995803833,14.289999961853027,872600,0.0,0.0
2025-01-31 00:00:00-05:00,14.300000190734863,14.579999923706055,12.75,13.020000457763672,2017200,0.0,0.0
2025-02-03 00:00:00-05:00,12.630000114440918,12.760000228881836,11.890000343322754,12.3100004196167,2168800,0.0,0.0
2025-02-04 00:00:00-05:00,12.220000267028809,12.550000190734863,11.90999984741211,12.520000457763672,1213200,0.0,0.0
2025-02-05 00:00:00-05:00,12.390000343322754,13.069000244140625,12.25,12.75,684700,0.0,0.0
2025-02-06 00:00:00-05:00,12.75,13.010000228881836,12.3100004196167,12.800000190734863,883000,0.0,0.0
2025-02-07 00:00:00-05:00,12.890000343322754,13.130000114440918,11.890000343322754,11.920000076293945,1370000,0.0,0.0
2025-02-10 00:00:00-05:00,12.720000267028809,12.720000267028809,11.649999618530273,11.739999771118164,1444000,0.0,0.0
2025-02-11 00:00:00-05:00,11.739999771118164,12.029999732971191,11.329999923706055,11.550000190734863,978400,0.0,0.0
2025-02-12 00:00:00-05:00,11.359999656677246,11.770000457763672,11.260000228881836,11.630000114440918,1148100,0.0,0.0
2025-02-13 00:00:00-05:00,11.800000190734863,12.010000228881836,11.600000381469727,11.920000076293945,776000,0.0,0.0
2025-02-14 00:00:00-05:00,11.90999984741211,12.199999809265137,11.744999885559082,12.020000457763672,1088600,0.0,0.0
2025-02-18 00:00:00-05:00,12.119999885559082,12.430000305175781,11.640000343322754,11.770000457763672,1033800,0.0,0.0
2025-02-19 00:00:00-05:00,11.609999656677246,12.020000457763672,11.579999923706055,12.0,843100,0.0,0.0
2025-02-20 00:00:00-05:00,11.949999809265137,12.149999618530273,11.729999542236328,11.779999732971191,847900,0.0,0.0
2025-02-21 00:00:00-05:00,12.149999618530273,12.187999725341797,11.229999542236328,11.239999771118164,1390600,0.0,0.0
2025-02-24 00:00:00-05:00,11.25,11.383999824523926,10.550000190734863,10.829999923706055,1237400,0.0,0.0
2025-02-25 00:00:00-05:00,10.819999694824219,10.979999542236328,10.40999984741211,10.5600004196167,1869500,0.0,0.0
2025-02-26 00:00:00-05:00,10.609999656677246,11.010000228881836,10.079999923706055,10.229999542236328,1936800,0.0,0.0
2025-02-27 00:00:00-05:00,10.359999656677246,10.800000190734863,10.020000457763672,10.199999809265137,1256900,0.0,0.0
2025-02-28 00:00:00-05:00,10.199999809265137,10.630000114440918,10.109999656677246,10.479999542236328,905400,0.0,0.0
2025-03-03 00:00:00-05:00,10.5,10.640000343322754,10.010000228881836,10.180000305175781,1582700,0.0,0.0
2025-03-04 00:00:00-05:00,10.0,10.720000267028809,10.0,10.510000228881836,1400600,0.0,0.0
2025-03-05 00:00:00-05:00,10.529999732971191,11.0,10.515000343322754,10.869999885559082,1303200,0.0,0.0
2025-03-06 00:00:00-05:00,10.819999694824219,11.550000190734863,10.760000228881836,10.789999961853027,1923000,0.0,0.0
2025-03-07 00:00:00-05:00,11.029999732971191,11.15999984741211,10.460000038146973,10.850000381469727,1415300,0.0,0.0
2025-03-10 00:00:00-04:00,10.600000381469727,10.949999809265137,10.460000038146973,10.829999923706055,1310500,0.0,0.0
2025-03-11 00:00:00-04:00,10.800000190734863,11.640000343322754,10.680000305175781,11.529999732971191,1208700,0.0,0.0
2025-03-12 00:00:00-04:00,11.729999542236328,12.350000381469727,11.649999618530273,12.3100004196167,1521900,0.0,0.0
2025-03-13 00:00:00-04:00,12.199999809265137,12.5,11.899999618530273,11.949999809265137,900700,0.0,0.0
2025-03-14 00:00:00-04:00,12.010000228881836,12.255000114440918,11.8149995803833,11.869999885559082,819300,0.0,0.0
2025-03-17 00:00:00-04:00,11.710000038146973,12.079999923706055,11.430000305175781,11.4399995803833,1069600,0.0,0.0
2025-03-18 00:00:00-04:00,11.300000190734863,11.756999969482422,11.069999694824219,11.529999732971191,778100,0.0,0.0
2025-03-19 00:00:00-04:00,11.489999771118164,11.954999923706055,11.4399995803833,11.649999618530273,1284600,0.0,0.0
2025-03-20 00:00:00-04:00,12.300000190734863,15.086999893188477,12.281000137329102,14.3100004196167,8868800,0.0,0.0
2025-03-21 00:00:00-04:00,14.25,14.25,12.25,12.359999656677246,4452600,0.0,0.0
2025-03-24 00:00:00-04:00,12.449999809265137,12.989999771118164,12.074999809265137,12.890000343322754,4074100,0.0,0.0
2025-03-25 00:00:00-04:00,12.800000190734863,13.220000267028809,12.670000076293945,13.149999618530273,1794300,0.0,0.0
2025-03-26 00:00:00-04:00,13.039999961853027,13.201000213623047,12.3100004196167,12.600000381469727,2419100,0.0,0.0
2025-03-27 00:00:00-04:00,12.489999771118164,12.779999732971191,12.270000457763672,12.630000114440918,1549800,0.0,0.0
2025-03-28 00:00:00-04:00,12.630000114440918,12.779999732971191,12.210000038146973,12.489999771118164,1191100,0.0,0.0
2025-03-31 00:00:00-04:00,12.100000381469727,12.770000457763672,11.850000381469727,12.579999923706055,1778600,0.0,0.0
2025-04-01 00:00:00-04:00,12.4399995803833,12.850000381469727,12.229000091552734,12.529999732971191,1511000,0.0,0.0
2025-04-02 00:00:00-04:00,12.329999923706055,13.25,12.289999961853027,13.050000190734863,1535400,0.0,0.0
2025-04-03 00:00:00-04:00,12.460000038146973,13.600000381469727,12.4399995803833,13.399999618530273,2623200,0.0,0.0
2025-04-04 00:00:00-04:00,13.079999923706055,13.729999542236328,12.470000267028809,12.800000190734863,2802300,0.0,0.0
2025-04-07 00:00:00-04:00,12.140000343322754,13.78499984741211,12.0,12.829999923706055,2978500,0.0,0.0
2025-04-08 00:00:00-04:00,13.289999961853027,13.420000076293945,12.029999732971191,12.329999923706055,1485500,0.0,0.0
2025-04-09 00:00:00-04:00,12.029999732971191,13.680000305175781,11.800000190734863,13.34000015258789,3310700,0.0,0.0
2025-04-10 00:00:00-04:00,13.34000015258789,13.663000106811523,12.800000190734863,13.239999771118164,2063300,0.0,0.0
2025-04-11 00:00:00-04:00,13.229999542236328,14.5,13.220000267028809,14.050000190734863,2203500,0.0,0.0
2025-04-14 00:00:00-04:00,14.369999885559082,14.600000381469727,13.90999984741211,14.470000267028809,778800,0.0,0.0
2025-04-15 00:00:00-04:00,14.569999694824219,15.0,14.449999809265137,14.989999771118164,1258200,0.0,0.0
2025-04-16 00:00:00-04:00,14.899999618530273,15.119999885559082,14.529999732971191,14.880000114440918,1809100,0.0,0.0
2025-04-17 00:00:00-04:00,14.789999961853027,15.09000015258789,14.430000305175781,14.880000114440918,1550200,0.0,0.0
2025-04-21 00:00:00-04:00,14.680000305175781,14.920000076293945,13.770000457763672,14.319999694824219,2460800,0.0,0.0
2025-04-22 00:00:00-04:00,14.479999542236328,15.199000358581543,14.392000198364258,15.0,1249700,0.0,0.0
2025-04-23 00:00:00-04:00,15.25,15.4399995803833,14.319999694824219,14.380000114440918,1110400,0.0,0.0
2025-04-24 00:00:00-04:00,14.460000038146973,14.729999542236328,14.199999809265137,14.640000343322754,821400,0.0,0.0
2025-04-25 00:00:00-04:00,14.470000267028809,14.470000267028809,13.65999984741211,13.770000457763672,970600,0.0,0.0
2025-04-28 00:00:00-04:00,13.890000343322754,14.270000457763672,13.824999809265137,14.140000343322754,992400,0.0,0.0
2025-04-29 00:00:00-04:00,14.010000228881836,14.234999656677246,13.720000267028809,13.920000076293945,665300,0.0,0.0
2025-04-30 00:00:00-04:00,13.770000457763672,14.09000015258789,13.550000190734863,13.970000267028809,1025600,0.0,0.0
2025-05-01 00:00:00-04:00,13.829999923706055,14.239999771118164,13.449999809265137,14.15999984741211,931500,0.0,0.0
2025-05-02 00:00:00-04:00,14.59000015258789,15.055000305175781,14.440999984741211,14.460000038146973,1028200,0.0,0.0
2025-05-05 00:00:00-04:00,14.34000015258789,14.350000381469727,14.029999732971191,14.260000228881836,708100,0.0,0.0
2025-05-06 00:00:00-04:00,14.079999923706055,14.350000381469727,13.710000038146973,14.020000457763672,1148100,0.0,0.0
2025-05-07 00:00:00-04:00,13.979999542236328,14.045000076293945,13.100000381469727,13.489999771118164,1470100,0.0,0.0
2025-05-08 00:00:00-04:00,13.550000190734863,13.84000015258789,13.0600004196167,13.489999771118164,1196200,0.0,0.0
2025-05-09 00:00:00-04:00,13.449999809265137,14.0,13.359999656677246,13.4399995803833,1086500,0.0,0.0
2025-05-12 00:00:00-04:00,13.210000038146973,13.654999732971191,12.960000038146973,13.289999961853027,1993300,0.0,0.0
2025-05-13 00:00:00-04:00,13.270000457763672,13.53499984741211,12.949999809265137,13.350000381469727,1436600,0.0,0.0
2025-05-14 00:00:00-04:00,12.260000228881836,13.010000228881836,11.800000190734863,12.100000381469727,3524700,0.0,0.0
2025-05-15 00:00:00-04:00,12.15999984741211,12.420000076293945,11.649999618530273,12.194999694824219,1774700,0.0,0.0
2025-05-16 00:00:00-04:00,12.399999618530273,13.770000457763672,12.399999618530273,13.600000381469727,2214400,0.0,0.0
2025-05-19 00:00:00-04:00,13.569999694824219,14.300000190734863,13.34000015258789,14.260000228881836,1357000,0.0,0.0
2025-05-20 00:00:00-04:00,14.149999618530273,14.399999618530273,13.800000190734863,14.329999923706055,1544600,0.0,0.0
2025-05-21 00:00:00-04:00,14.0600004196167,14.930000305175781,14.0,14.220000267028809,1452700,0.0,0.0
2025-05-22 00:00:00-04:00,14.1899995803833,14.569999694824219,14.029999732971191,14.520000457763672,875800,0.0,0.0
2025-05-23 00:00:00-04:00,14.520000457763672,15.289999961853027,14.4399995803833,14.979999542236328,2307800,0.0,0.0
2025-05-27 00:00:00-04:00,15.34000015258789,15.489999771118164,14.5,14.619999885559082,1231500,0.0,0.0
2025-05-28 00:00:00-04:00,14.5600004196167,14.850000381469727,14.3149995803833,14.850000381469727,963000,0.0,0.0
2025-05-29 00:00:00-04:00,15.020000457763672,15.5,14.699999809265137,15.489999771118164,1466000,0.0,0.0
2025-05-30 00:00:00-04:00,15.399999618530273,15.399999618530273,14.399999618530273,14.430000305175781,1860900,0.0,0.0
2025-06-02 00:00:00-04:00,14.430000305175781,14.789999961853027,14.039999961853027,14.460000038146973,982200,0.0,0.0
2025-06-03 00:00:00-04:00,14.479999542236328,14.869999885559082,14.199999809265137,14.529999732971191,1157000,0.0,0.0
2025-06-04 00:00:00-04:00,14.5,14.699999809265137,13.78499984741211,13.819999694824219,847800,0.0,0.0
2025-06-05 00:00:00-04:00,13.75,13.850000381469727,13.279999732971191,13.4399995803833,1237000,0.0,0.0
2025-06-06 00:00:00-04:00,13.670000076293945,14.539999961853027,13.539999961853027,14.489999771118164,1273300,0.0,0.0
2025-06-09 00:00:00-04:00,14.5600004196167,14.869999885559082,14.210000038146973,14.529999732971191,1067400,0.0,0.0
2025-06-10 00:00:00-04:00,14.569999694824219,14.779999732971191,14.359999656677246,14.6899995803833,545000,0.0,0.0
2025-06-11 00:00:00-04:00,14.770000457763672,14.800000190734863,14.300000190734863,14.34000015258789,559900,0.0,0.0
2025-06-12 00:00:00-04:00,14.300000190734863,14.510000228881836,14.100000381469727,14.399999618530273,588600,0.0,0.0
2025-06-13 00:00:00-04:00,14.149999618530273,15.430000305175781,14.149999618530273,15.390000343322754,1170700,0.0,0.0
2025-06-16 00:00:00-04:00,15.635000228881836,15.680000305175781,14.859999656677246,15.15999984741211,1435300,0.0,0.0
2025-06-17 00:00:00-04:00,15.020000457763672,15.119999885559082,14.770000457763672,14.819999694824219,1004600,0.0,0.0
2025-06-18 00:00:00-04:00,14.930000305175781,16.229999542236328,14.800000190734863,15.90999984741211,2728400,0.0,0.0
2025-06-20 00:00:00-04:00,15.989999771118164,16.110000610351562,15.449999809265137,15.800000190734863,1338200,0.0,0.0
2025-06-23 00:00:00-04:00,15.8100004196167,16.59000015258789,15.670000076293945,16.56999969482422,1408300,0.0,0.0
2025-06-24 00:00:00-04:00,16.700000762939453,17.5,16.299999237060547,16.780000686645508,1940800,0.0,0.0
2025-06-25 00:00:00-04:00,17.079999923706055,17.540000915527344,16.850000381469727,17.260000228881836,1399200,0.0,0.0
2025-06-26 00:00:00-04:00,17.299999237060547,18.209999084472656,17.273000717163086,18.079999923706055,1802500,0.0,0.0
2025-06-27 00:00:00-04:00,18.190000534057617,18.899999618530273,18.110000610351562,18.200000762939453,3884200,0.0,0.0
2025-06-30 00:00:00-04:00,18.43000030517578,18.5,16.15999984741211,17.450000762939453,3160400,0.0,0.0
2025-07-01 00:00:00-04:00,17.139999389648438,17.40999984741211,16.0,16.09000015258789,1866200,0.0,0.0
2025-07-02 00:00:00-04:00,15.859999656677246,16.760000228881836,15.75,16.75,1285300,0.0,0.0
2025-07-03 00:00:00-04:00,16.75,16.809999465942383,16.149999618530273,16.520000457763672,881500,0.0,0.0
2025-07-07 00:00:00-04:00,16.579999923706055,17.899999618530273,16.440000534057617,17.09000015258789,1657100,0.0,0.0
2025-07-08 00:00:00-04:00,17.440000534057617,17.440000534057617,16.399999618530273,16.950000762939453,1297100,0.0,0.0
2025-07-09 00:00:00-04:00,17.1200008392334,17.940000534057617,16.959999084472656,17.899999618530273,1209000,0.0,0.0
2025-07-10 00:00:00-04:00,17.93000030517578,18.049999237060547,17.288000106811523,17.979999542236328,1430900,0.0,0.0
2025-07-11 00:00:00-04:00,17.979999542236328,18.045000076293945,17.459999084472656,17.690000534057617,1113000,0.0,0.0
2025-07-14 00:00:00-04:00,17.6299991607666,18.219999313354492,17.610000610351562,17.899999618530273,927000,0.0,0.0
2025-07-15 00:00:00-04:00,18.0,18.0,17.190000534057617,17.559999465942383,972800,0.0,0.0
2025-07-16 00:00:00-04:00,17.639999389648438,17.989999771118164,17.56999969482422,17.8700008392334,900500,0.0,0.0
2025-07-17 00:00:00-04:00,17.8799991607666,18.440000534057617,17.75,18.350000381469727,1808800,0.0,0.0
2025-07-18 00:00:00-04:00,18.43000030517578,18.610000610351562,17.75,17.920000076293945,1337300,0.0,0.0
2025-07-21 00:00:00-04:00,18.0,18.149999618530273,17.610000610351562,17.850000381469727,717700,0.0,0.0
2025-07-22 00:00:00-04:00,17.950000762939453,17.9950008392334,17.520000457763672,17.59000015258789,748400,0.0,0.0
2025-07-23 00:00:00-04:00,17.579999923706055,18.170000076293945,17.43000030517578,18.0,1146400,0.0,0.0
2025-07-24 00:00:00-04:00,17.979999542236328,18.158000946044922,17.69499969482422,17.920000076293945,1285200,0.0,0.0
2025-07-25 00:00:00-04:00,17.8700008392334,18.049999237060547,17.40999984741211,17.8700008392334,2727900,0.0,0.0
2025-07-28 00:00:00-04:00,17.940000534057617,18.6299991607666,17.780000686645508,18.350000381469727,2062700,0.0,0.0
2025-07-29 00:00:00-04:00,18.5,18.5,17.700000762939453,17.75,728700,0.0,0.0
2025-07-30 00:00:00-04:00,17.969999313354492,18.415000915527344,17.729999542236328,17.8799991607666,1111900,0.0,0.0
2025-07-31 00:00:00-04:00,17.75,17.90999984741211,17.510000228881836,17.68000030517578,1088800,0.0,0.0
2025-08-01 00:00:00-04:00,17.59000015258789,17.700000762939453,17.06999969482422,17.18000030517578,1181400,0.0,0.0
2025-08-04 00:00:00-04:00,17.350000381469727,17.614999771118164,17.08300018310547,17.3799991607666,1203800,0.0,0.0
2025-08-05 00:00:00-04:00,17.329999923706055,18.0,17.229999542236328,17.799999237060547,942900,0.0,0.0
2025-08-06 00:00:00-04:00,17.440000534057617,18.0,17.389999389648438,17.979999542236328,1025300,0.0,0.0
2025-08-07 00:00:00-04:00,17.979999542236328,18.0,17.34000015258789,17.649999618530273,741300,0.0,0.0
2025-08-08 00:00:00-04:00,17.760000228881836,17.899999618530273,17.399999618530273,17.5,715600,0.0,0.0
2025-08-11 00:00:00-04:00,17.479999542236328,17.53499984741211,15.897000312805176,16.3799991607666,2294800,0.0,0.0
2025-08-12 00:00:00-04:00,16.579999923706055,17.459999084472656,16.094999313354492,16.65999984741211,2081300,0.0,0.0
2025-08-13 00:00:00-04:00,16.5,16.649999618530273,14.5,15.819999694824219,4312400,0.0,0.0
2025-08-14 00:00:00-04:00,15.680000305175781,15.71500015258789,14.3100004196167,14.470000267028809,3417100,0.0,0.0
2025-08-15 00:00:00-04:00,14.479999542236328,14.914999961853027,14.260000228881836,14.529999732971191,2890100,0.0,0.0
2025-08-18 00:00:00-04:00,14.569999694824219,14.621000289916992,14.010000228881836,14.029999732971191,1671600,0.0,0.0
2025-08-19 00:00:00-04:00,14.0,14.130000114440918,13.510000228881836,13.789999961853027,2175300,0.0,0.0
2025-08-20 00:00:00-04:00,13.760000228881836,14.739999771118164,13.649999618530273,14.600000381469727,2159800,0.0,0.0
2025-08-21 00:00:00-04:00,14.529999732971191,15.09000015258789,14.300000190734863,14.869999885559082,1520400,0.0,0.0
2025-08-22 00:00:00-04:00,14.899999618530273,14.970000267028809,13.454999923706055,13.5,3133700,0.0,0.0
2025-08-25 00:00:00-04:00,13.460000038146973,13.755999565124512,13.319999694824219,13.510000228881836,2782600,0.0,0.0
2025-08-26 00:00:00-04:00,13.619999885559082,13.90999984741211,13.449999809265137,13.890000343322754,1587100,0.0,0.0
2025-08-27 00:00:00-04:00,13.800000190734863,13.99899959564209,13.404999732971191,13.4399995803833,1599700,0.0,0.0
2025-08-28 00:00:00-04:00,13.460000038146973,13.460000038146973,12.84000015258789,12.859999656677246,2551100,0.0,0.0
2025-08-29 00:00:00-04:00,12.699999809265137,12.699999809265137,10.979999542236328,11.619999885559082,7183200,0.0,0.0
2025-09-02 00:00:00-04:00,11.75,11.800000190734863,11.0,11.119999885559082,4875500,0.0,0.0
2025-09-03 00:00:00-04:00,11.1899995803833,11.239999771118164,10.739999771118164,10.880000114440918,4294600,0.0,0.0
2025-09-04 00:00:00-04:00,10.949999809265137,11.026000022888184,10.329999923706055,10.6899995803833,4265000,0.0,0.0
2025-09-05 00:00:00-04:00,10.699999809265137,10.727999687194824,9.970000267028809,10.069999694824219,5213700,0.0,0.0
2025-09-08 00:00:00-04:00,10.1850004196167,10.774999618530273,10.029999732971191,10.699999809265137,5079600,0.0,0.0
2025-09-09 00:00:00-04:00,10.609999656677246,10.729999542236328,10.149999618530273,10.319999694824219,2283300,0.0,0.0
2025-09-10 00:00:00-04:00,10.399999618530273,10.680000305175781,10.329999923706055,10.5,2273400,0.0,0.0
2025-09-11 00:00:00-04:00,10.479999542236328,10.625,10.09000015258789,10.149999618530273,2497300,0.0,0.0
2025-09-12 00:00:00-04:00,10.100000381469727,10.170000076293945,9.789999961853027,10.029999732971191,2273800,0.0,0.0
2025-09-15 00:00:00-04:00,10.039999961853027,10.109999656677246,9.779999732971191,9.960000038146973,2795900,0.0,0.0
2025-09-16 00:00:00-04:00,9.899999618530273,10.149999618530273,9.380000114440918,9.40999984741211,2312000,0.0,0.0
2025-09-17 00:00:00-04:00,9.5,9.800000190734863,9.449999809265137,9.569999694824219,1764500,0.0,0.0
2025-09-18 00:00:00-04:00,9.670000076293945,9.979999542236328,9.609999656677246,9.930000305175781,2283700,0.0,0.0
2025-09-19 00:00:00-04:00,10.149999618530273,10.569999694824219,9.779999732971191,9.789999961853027,6340300,0.0,0.0
2025-09-22 00:00:00-04:00,9.84000015258789,9.9399995803833,9.5,9.789999961853027,1628200,0.0,0.0
2025-09-23 00:00:00-04:00,9.90999984741211,10.119999885559082,9.8100004196167,9.9399995803833,1647700,0.0,0.0
2025-09-24 00:00:00-04:00,9.989999771118164,9.989999771118164,9.520000457763672,9.630000114440918,1242400,0.0,0.0
2025-09-25 00:00:00-04:00,9.649999618530273,9.699999809265137,9.335000038146973,9.539999961853027,1935200,0.0,0.0
2025-09-26 00:00:00-04:00,9.470000267028809,9.925000190734863,9.399999618530273,9.800000190734863,2505200,0.0,0.0
2025-09-29 00:00:00-04:00,9.829999923706055,9.930000305175781,9.569999694824219,9.720000267028809,3268100,0.0,0.0
2025-09-30 00:00:00-04:00,9.890000343322754,10.399999618530273,9.524999618530273,10.050000190734863,3819600,0.0,0.0
2025-10-01 00:00:00-04:00,10.0,10.989999771118164,9.899999618530273,10.09000015258789,7453300,0.0,0.0
2025-10-02 00:00:00-04:00,10.100000381469727,10.5,9.722999572753906,10.279999732971191,2935300,0.0,0.0
2025-10-03 00:00:00-04:00,10.220000267028809,11.029999732971191,10.199999809265137,10.3100004196167,3054900,0.0,0.0
2025-10-06 00:00:00-04:00,10.449999809265137,10.479999542236328,10.050000190734863,10.270000457763672,2423900,0.0,0.0
2025-10-07 00:00:00-04:00,10.359999656677246,10.513999938964844,10.0,10.329999923706055,1939200,0.0,0.0
2025-10-08 00:00:00-04:00,10.420000076293945,11.109999656677246,10.380000114440918,11.109999656677246,2311700,0.0,0.0
2025-10-09 00:00:00-04:00,11.15999984741211,11.6850004196167,10.954000473022461,11.579999923706055,2345500,0.0,0.0
2025-10-10 00:00:00-04:00,11.699999809265137,11.699999809265137,11.0,11.319999694824219,1880500,0.0,0.0
2025-10-13 00:00:00-04:00,11.199999809265137,11.300000190734863,10.920000076293945,10.930000305175781,1341300,0.0,0.0
2025-10-14 00:00:00-04:00,10.880000114440918,11.368000030517578,10.640000343322754,10.65999984741211,1655500,0.0,0.0
2025-10-15 00:00:00-04:00,10.8100004196167,11.0600004196167,10.710000038146973,10.970000267028809,1604500,0.0,0.0
2025-10-16 00:00:00-04:00,11.0,11.149999618530273,10.050000190734863,10.109999656677246,2191200,0.0,0.0
2025-10-17 00:00:00-04:00,10.010000228881836,10.170000076293945,9.75,10.050000190734863,1724200,0.0,0.0
2025-10-20 00:00:00-04:00,10.149999618530273,10.375,9.800000190734863,10.010000228881836,2757900,0.0,0.0
2025-10-21 00:00:00-04:00,10.050000190734863,10.100000381469727,9.664999961853027,9.899999618530273,1727200,0.0,0.0
2025-10-22 00:00:00-04:00,9.859999656677246,9.9399995803833,9.635000228881836,9.720000267028809,1170300,0.0,0.0
2025-10-23 00:00:00-04:00,9.699999809265137,9.899999618530273,9.579999923706055,9.649999618530273,958400,0.0,0.0
2025-10-24 00:00:00-04:00,9.670000076293945,9.758999824523926,9.079999923706055,9.109999656677246,1924000,0.0,0.0
2025-10-27 00:00:00-04:00,9.210000038146973,9.654999732971191,9.149999618530273,9.5600004196167,1694200,0.0,0.0
2025-10-28 00:00:00-04:00,9.520000457763672,9.579999923706055,9.3149995803833,9.390000343322754,890700,0.0,0.0
2025-10-29 00:00:00-04:00,9.329999923706055,9.460000038146973,8.899999618530273,8.979999542236328,1518700,0.0,0.0
2025-10-30 00:00:00-04:00,8.899999618530273,9.0,8.59000015258789,8.619999885559082,1454600,0.0,0.0
2025-10-31 00:00:00-04:00,8.619999885559082,8.979999542236328,8.45199966430664,8.960000038146973,2080000,0.0,0.0
2025-11-03 00:00:00-05:00,8.930000305175781,9.005000114440918,8.317999839782715,8.619999885559082,1461400,0.0,0.0
2025-11-04 00:00:00-05:00,8.619999885559082,8.779999732971191,8.329999923706055,8.710000038146973,1797400,0.0,0.0
2025-11-05 00:00:00-05:00,8.729999542236328,9.199999809265137,8.520000457763672,9.050000190734863,1821600,0.0,0.0
2025-11-06 00:00:00-05:00,9.0,9.0,8.140000343322754,8.194999694824219,2552300,0.0,0.0
2025-11-07 00:00:00-05:00,8.210000038146973,8.850000381469727,8.050000190734863,8.850000381469727,2642700,0.0,0.0
2025-11-10 00:00:00-05:00,10.0,10.307000160217285,8.420000076293945,8.880000114440918,4106000,0.0,0.0
2025-11-11 00:00:00-05:00,8.729999542236328,9.25,8.484999656677246,8.770000457763672,3148900,0.0,0.0
2025-11-12 00:00:00-05:00,8.770000457763672,9.069999694824219,8.600000381469727,8.944999694824219,2335900,0.0,0.0
2025-11-13 00:00:00-05:00,8.899999618530273,9.239999771118164,8.324999809265137,8.40999984741211,2496900,0.0,0.0
2025-11-14 00:00:00-05:00,8.470000267028809,8.664999961853027,8.1899995803833,8.210000038146973,1965600,0.0,0.0
2025-11-17 00:00:00-05:00,8.100000381469727,8.15999984741211,7.289999961853027,7.320000171661377,3033600,0.0,0.0
2025-11-18 00:00:00-05:00,7.230000019073486,7.360000133514404,6.949999809265137,7.085000038146973,2346400,0.0,0.0
2025-11-19 00:00:00-05:00,7.090000152587891,7.400000095367432,6.934999942779541,7.090000152587891,2513200,0.0,0.0
2025-11-20 00:00:00-05:00,7.21999979019165,7.396999835968018,6.730000019073486,6.730000019073486,1781300,0.0,0.0
2025-11-21 00:00:00-05:00,6.690000057220459,7.699999809265137,6.659999847412109,7.590000152587891,3898500,0.0,0.0
2025-11-24 00:00:00-05:00,7.559999942779541,8.09000015258789,7.559999942779541,8.029999732971191,2648700,0.0,0.0
2025-11-25 00:00:00-05:00,8.010000228881836,9.324999809265137,7.96999979019165,9.279999732971191,3861100,0.0,0.0
2025-11-26 00:00:00-05:00,9.399999618530273,9.760000228881836,9.25,9.569999694824219,2749900,0.0,0.0
2025-11-28 00:00:00-05:00,9.59000015258789,9.6899995803833,9.329000473022461,9.539999961853027,848600,0.0,0.0
2025-12-01 00:00:00-05:00,9.399999618530273,9.449999809265137,9.140000343322754,9.399999618530273,1146700,0.0,0.0
2025-12-02 00:00:00-05:00,9.369999885559082,9.600000381469727,9.020000457763672,9.039999961853027,2133700,0.0,0.0
2025-12-03 00:00:00-05:00,9.119999885559082,9.8100004196167,9.029999732971191,9.550000190734863,1593700,0.0,0.0
2025-12-04 00:00:00-05:00,9.5,10.020000457763672,9.4399995803833,9.970000267028809,1432300,0.0,0.0
2025-12-05 00:00:00-05:00,9.960000038146973,10.100000381469727,9.600000381469727,9.930000305175781,1316400,0.0,0.0
2025-12-08 00:00:00-05:00,9.800000190734863,10.177000045776367,9.6899995803833,10.0,1129200,0.0,0.0
2025-12-09 00:00:00-05:00,9.949999809265137,10.359999656677246,9.885000228881836,9.930000305175781,1911200,0.0,0.0
2025-12-10 00:00:00-05:00,9.960000038146973,10.5,9.765000343322754,10.4399995803833,2394000,0.0,0.0
2025-12-11 00:00:00-05:00,10.460000038146973,11.449999809265137,10.399999618530273,11.220000267028809,2133700,0.0,0.0
2025-12-12 00:00:00-05:00,11.279999732971191,11.289999961853027,10.220000267028809,10.239999771118164,2516300,0.0,0.0
2025-12-15 00:00:00-05:00,10.229999542236328,10.71500015258789,10.020000457763672,10.59000015258789,1598400,0.0,0.0
2025-12-16 00:00:00-05:00,10.460000038146973,10.6850004196167,10.390000343322754,10.65999984741211,1238700,0.0,0.0
2025-12-17 00:00:00-05:00,10.699999809265137,10.699999809265137,10.0,10.069999694824219,1392000,0.0,0.0
2025-12-18 00:00:00-05:00,10.229999542236328,10.300000190734863,9.779999732971191,9.819999694824219,916300,0.0,0.0
2025-12-19 00:00:00-05:00,9.84000015258789,10.989999771118164,9.800000190734863,10.489999771118164,2867300,0.0,0.0
2025-12-22 00:00:00-05:00,10.5,11.5,10.324999809265137,11.359999656677246,1929400,0.0,0.0
2025-12-23 00:00:00-05:00,11.279999732971191,11.319999694824219,10.770000457763672,11.029999732971191,1274300,0.0,0.0
2025-12-24 00:00:00-05:00,11.09000015258789,11.6850004196167,10.960000038146973,11.479999542236328,985400,0.0,0.0
2025-12-26 00:00:00-05:00,11.399999618530273,11.42300033569336,10.9399995803833,11.380000114440918,1032300,0.0,0.0
2025-12-29 00:00:00-05:00,11.399999618530273,11.770000457763672,11.3100004196167,11.720000267028809,1177900,0.0,0.0
2025-12-30 00:00:00-05:00,11.699999809265137,11.989999771118164,11.484999656677246,11.640000343322754,1668800,0.0,0.0
2025-12-31 00:00:00-05:00,11.65999984741211,11.9399995803833,11.529999732971191,11.649999618530273,1043500,0.0,0.0
2026-01-02 00:00:00-05:00,11.649999618530273,11.75,11.430000305175781,11.489999771118164,1677000,0.0,0.0
2026-01-05 00:00:00-05:00,11.489999771118164,11.819999694824219,10.949999809265137,10.970000267028809,1672800,0.0,0.0
2026-01-06 00:00:00-05:00,11.149999618530273,11.380000114440918,11.0,11.149999618530273,1781200,0.0,0.0
2026-01-07 00:00:00-05:00,11.149999618530273,11.430000305175781,10.850000381469727,11.100000381469727,1302300,0.0,0.0
2026-01-08 00:00:00-05:00,11.0,11.140000343322754,10.859999656677246,10.949999809265137,1292300,0.0,0.0
2026-01-09 00:00:00-05:00,12.324999809265137,13.140000343322754,12.199999809265137,13.0600004196167,6066600,0.0,0.0
2026-01-12 00:00:00-05:00,13.050000190734863,13.149999618530273,11.199999809265137,11.380000114440918,3964000,0.0,0.0
2026-01-13 00:00:00-05:00,11.380000114440918,11.4399995803833,10.755000114440918,11.3100004196167,1944500,0.0,0.0
2026-01-14 00:00:00-05:00,11.289999961853027,11.930000305175781,11.119999885559082,11.789999961853027,1348100,0.0,0.0
2026-01-15 00:00:00-05:00,11.699999809265137,11.741000175476074,11.069999694824219,11.09000015258789,1045600,0.0,0.0
2026-01-16 00:00:00-05:00,11.149999618530273,11.170000076293945,10.600000381469727,10.630000114440918,1095700,0.0,0.0
2026-01-20 00:00:00-05:00,10.34000015258789,10.739999771118164,10.220000267028809,10.449999809265137,1205100,0.0,0.0
2026-01-21 00:00:00-05:00,10.25,10.5,10.020000457763672,10.4399995803833,1584200,0.0,0.0
2026-01-22 00:00:00-05:00,10.460000038146973,10.880000114440918,10.401000022888184,10.569999694824219,1330500,0.0,0.0
2026-01-23 00:00:00-05:00,10.5,10.880000114440918,10.210000038146973,10.210000038146973,1468200,0.0,0.0
2026-01-26 00:00:00-05:00,10.180000305175781,10.675000190734863,10.010000228881836,10.479999542236328,1219600,0.0,0.0
2026-01-27 00:00:00-05:00,10.550000190734863,10.789999961853027,10.229999542236328,10.539999961853027,794500,0.0,0.0
2026-01-28 00:00:00-05:00,10.5,10.5,10.0,10.0600004196167,1367800,0.0,0.0
2026-01-29 00:00:00-05:00,10.09000015258789,10.369999885559082,9.850000381469727,10.220000267028809,2432000,0.0,0.0
2026-01-30 00:00:00-05:00,10.239999771118164,10.270000457763672,9.84000015258789,9.989999771118164,1769600,0.0,0.0
2026-02-02 00:00:00-05:00,9.949999809265137,10.4399995803833,9.609999656677246,10.300000190734863,1659300,0.0,0.0
2026-02-03 00:00:00-05:00,10.279999732971191,10.739999771118164,10.100000381469727,10.149999618530273,1040200,0.0,0.0
2026-02-04 00:00:00-05:00,10.289999961853027,10.380000114440918,9.970000267028809,10.140000343322754,1041300,0.0,0.0
2026-02-05 00:00:00-05:00,10.119999885559082,10.274999618530273,9.600000381469727,9.670000076293945,1141500,0.0,0.0
2026-02-06 00:00:00-05:00,9.869999885559082,10.050000190734863,9.699999809265137,10.029999732971191,1151400,0.0,0.0
2026-02-09 00:00:00-05:00,9.989999771118164,10.069999694824219,9.59000015258789,9.789999961853027,934100,0.0,0.0
2026-02-10 00:00:00-05:00,9.8100004196167,10.109999656677246,9.779999732971191,9.920000076293945,742500,0.0,0.0
2026-02-11 00:00:00-05:00,9.899999618530273,9.9399995803833,9.15999984741211,9.5,1092500,0.0,0.0
2026-02-12 00:00:00-05:00,9.5,9.510000228881836,8.739999771118164,8.8100004196167,1314500,0.0,0.0
2026-02-13 00:00:00-05:00,8.90999984741211,9.180000305175781,8.609999656677246,8.850000381469727,2143100,0.0,0.0
2026-02-17 00:00:00-05:00,8.65999984741211,9.520000457763672,8.65999984741211,9.380000114440918,886200,0.0,0.0
2026-02-18 00:00:00-05:00,9.350000381469727,9.529999732971191,9.300000190734863,9.449999809265137,573400,0.0,0.0
2026-02-19 00:00:00-05:00,9.270000457763672,9.640000343322754,9.260000228881836,9.4399995803833,762100,0.0,0.0
2026-02-20 00:00:00-05:00,9.359999656677246,9.420000076293945,8.859999656677246,9.0,892500,0.0,0.0
2026-02-23 00:00:00-05:00,8.989999771118164,9.46500015258789,8.90999984741211,9.210000038146973,639400,0.0,0.0
2026-02-24 00:00:00-05:00,9.180000305175781,9.329999923706055,9.039999961853027,9.140000343322754,678000,0.0,0.0
2026-02-25 00:00:00-05:00,9.260000228881836,9.414999961853027,9.0649995803833,9.239999771118164,851300,0.0,0.0
2026-02-26 00:00:00-05:00,9.229999542236328,9.5,8.8100004196167,9.34000015258789,942000,0.0,0.0
2026-02-27 00:00:00-05:00,9.119999885559082,9.329999923706055,9.050000190734863,9.279999732971191,660800,0.0,0.0
2026-03-02 00:00:00-05:00,8.9399995803833,9.380000114440918,8.901000022888184,9.170000076293945,789600,0.0,0.0
2026-03-03 00:00:00-05:00,8.899999618530273,9.109999656677246,8.75,8.869999885559082,1041500,0.0,0.0
2026-03-04 00:00:00-05:00,8.960000038146973,9.154999732971191,8.835000038146973,9.039999961853027,804800,0.0,0.0
2026-03-05 00:00:00-05:00,8.989999771118164,9.380000114440918,8.930000305175781,9.119999885559082,1331400,0.0,0.0
2026-03-06 00:00:00-05:00,8.859999656677246,9.119999885559082,8.699999809265137,9.0600004196167,1527900,0.0,0.0
2026-03-09 00:00:00-04:00,9.34000015258789,9.496000289916992,8.569999694824219,9.050000190734863,1703600,0.0,0.0
2026-03-10 00:00:00-04:00,9.100000381469727,9.651000022888184,8.835000038146973,8.859999656677246,1270900,0.0,0.0
2026-03-11 00:00:00-04:00,8.800000190734863,8.967000007629395,8.3100004196167,8.380000114440918,1672600,0.0,0.0
2026-03-12 00:00:00-04:00,8.229999542236328,8.619999885559082,8.149999618530273,8.239999771118164,2215800,0.0,0.0
2026-03-13 00:00:00-04:00,8.3100004196167,8.5,8.229999542236328,8.390000343322754,1041600,0.0,0.0
2026-03-16 00:00:00-04:00,8.399999618530273,8.994999885559082,8.380000114440918,8.699999809265137,1398300,0.0,0.0
2026-03-17 00:00:00-04:00,8.704999923706055,9.105999946594238,8.600000381469727,8.890000343322754,1731500,0.0,0.0
2026-03-18 00:00:00-04:00,8.760000228881836,8.960000038146973,8.300000190734863,8.300000190734863,1467800,0.0,0.0
2026-03-19 00:00:00-04:00,8.149999618530273,8.404999732971191,8.0,8.25,885600,0.0,0.0
2026-03-20 00:00:00-04:00,8.220000267028809,8.484999656677246,8.09000015258789,8.170000076293945,3317600,0.0,0.0
2026-03-23 00:00:00-04:00,8.380000114440918,8.479000091552734,7.59499979019165,7.670000076293945,1767500,0.0,0.0
2026-03-24 00:00:00-04:00,7.510000228881836,7.670000076293945,7.199999809265137,7.539999961853027,2498100,0.0,0.0
2026-03-25 00:00:00-04:00,7.739999771118164,8.175000190734863,7.610000133514404,7.900000095367432,1869500,0.0,0.0
2026-03-26 00:00:00-04:00,7.869999885559082,8.704999923706055,7.824999809265137,8.5600004196167,1898300,0.0,0.0
2026-03-27 00:00:00-04:00,8.569999694824219,8.640000343322754,7.610000133514404,8.069999694824219,2382500,0.0,0.0
2026-03-30 00:00:00-04:00,8.079999923706055,8.09000015258789,7.75,7.815000057220459,1075000,0.0,0.0
2026-03-31 00:00:00-04:00,8.029999732971191,8.239999771118164,7.809999942779541,8.029999732971191,1850400,0.0,0.0
2026-04-01 00:00:00-04:00,8.079999923706055,8.289999961853027,7.869999885559082,8.109999656677246,1295800,0.0,0.0
2026-04-02 00:00:00-04:00,7.909999847412109,8.3100004196167,7.71999979019165,8.300000190734863,1277200,0.0,0.0
2026-04-06 00:00:00-04:00,8.260000228881836,8.510000228881836,8.204999923706055,8.390000343322754,1142300,0.0,0.0
2026-04-07 00:00:00-04:00,8.300000190734863,8.378999710083008,8.0600004196167,8.149999618530273,1146000,0.0,0.0
2026-04-08 00:00:00-04:00,8.470000267028809,8.5600004196167,7.973999977111816,8.1899995803833,1831100,0.0,0.0
2026-04-09 00:00:00-04:00,8.369999885559082,8.489999771118164,8.140000343322754,8.270000457763672,2094900,0.0,0.0
2026-04-10 00:00:00-04:00,8.329999923706055,8.329999923706055,8.010000228881836,8.050000190734863,722400,0.0,0.0
2026-04-13 00:00:00-04:00,8.0,8.300000190734863,8.0,8.0,854400,0.0,0.0
2026-04-14 00:00:00-04:00,8.010000228881836,8.220000267028809,8.005000114440918,8.140000343322754,836200,0.0,0.0
2026-04-15 00:00:00-04:00,8.239999771118164,8.317999839782715,7.840000152587891,8.020000457763672,1593700,0.0,0.0
2026-04-16 00:00:00-04:00,8.100000381469727,8.199999809265137,7.900000095367432,8.180000305175781,1292800,0.0,0.0
2026-04-17 00:00:00-04:00,8.350000381469727,8.350000381469727,8.050000190734863,8.180000305175781,1276200,0.0,0.0
2026-04-20 00:00:00-04:00,8.050000190734863,8.220000267028809,8.010000228881836,8.180000305175781,965200,0.0,0.0
2026-04-21 00:00:00-04:00,8.180000305175781,8.220000267028809,7.75,7.840000152587891,1481900,0.0,0.0
2026-04-22 00:00:00-04:00,7.989999771118164,8.5600004196167,7.945000171661377,8.399999618530273,3891900,0.0,0.0
2026-04-23 00:00:00-04:00,8.350000381469727,8.479999542236328,7.860000133514404,8.300000190734863,2520900,0.0,0.0
2026-04-24 00:00:00-04:00,8.25,8.40999984741211,7.949999809265137,8.289999961853027,2059200,0.0,0.0
2026-04-27 00:00:00-04:00,8.25,8.454999923706055,7.934999942779541,7.949999809265137,2009700,0.0,0.0
2026-04-28 00:00:00-04:00,7.949999809265137,8.199999809265137,7.809999942779541,7.940000057220459,1377100,0.0,0.0
2026-04-29 00:00:00-04:00,7.869999885559082,7.900000095367432,7.650000095367432,7.840000152587891,1071400,0.0,0.0
2026-04-30 00:00:00-04:00,7.820000171661377,8.260000228881836,7.715000152587891,8.260000228881836,1357300,0.0,0.0
2026-05-01 00:00:00-04:00,8.25,8.635000228881836,8.119999885559082,8.5600004196167,1492200,0.0,0.0
2026-05-04 00:00:00-04:00,8.5,8.984999656677246,8.46500015258789,8.829999923706055,1972000,0.0,0.0
2026-05-05 00:00:00-04:00,8.930000305175781,9.130000114440918,8.845000267028809,9.029999732971191,1528400,0.0,0.0
2026-05-06 00:00:00-04:00,9.050000190734863,9.569999694824219,9.050000190734863,9.279999732971191,3171200,0.0,0.0
2026-05-07 00:00:00-04:00,9.25,9.350000381469727,8.845000267028809,9.0,1479800,0.0,0.0
2026-05-08 00:00:00-04:00,9.15999984741211,9.210000038146973,8.585000038146973,8.739999771118164,1272300,0.0,0.0
2026-05-11 00:00:00-04:00,8.789999961853027,9.0600004196167,8.529999732971191,8.600000381469727,1296400,0.0,0.0
2026-05-12 00:00:00-04:00,8.640000343322754,8.760000228881836,8.380000114440918,8.630000114440918,1128800,0.0,0.0
2026-05-13 00:00:00-04:00,8.680000305175781,8.779999732971191,8.0,8.010000228881836,2508100,0.0,0.0
2026-05-14 00:00:00-04:00,8.130000114440918,8.425000190734863,7.795000076293945,7.940000057220459,2403700,0.0,0.0
2026-05-15 00:00:00-04:00,7.400000095367432,7.809999942779541,7.03000020980835,7.425000190734863,3673100,0.0,0.0
2026-05-18 00:00:00-04:00,7.449999809265137,7.489999771118164,7.079999923706055,7.300000190734863,2142800,0.0,0.0
2026-05-19 00:00:00-04:00,7.300000190734863,7.574999809265137,7.099999904632568,7.170000076293945,1604300,0.0,0.0
2026-05-20 00:00:00-04:00,7.210000038146973,7.829999923706055,7.190000057220459,7.800000190734863,1625600,0.0,0.0
2026-05-21 00:00:00-04:00,7.71999979019165,8.359999656677246,7.539999961853027,8.229999542236328,2126700,0.0,0.0
2026-05-22 00:00:00-04:00,8.229999542236328,8.289999961853027,7.909999847412109,7.940000057220459,2486000,0.0,0.0
2026-05-26 00:00:00-04:00,7.900000095367432,8.229999542236328,7.869999885559082,8.170000076293945,1059700,0.0,0.0
2026-05-27 00:00:00-04:00,8.220000267028809,8.640000343322754,8.210000038146973,8.5,794200,0.0,0.0
2026-05-28 00:00:00-04:00,8.90999984741211,9.600000381469727,8.630000114440918,9.399999618530273,2607400,0.0,0.0
2026-05-29 00:00:00-04:00,9.399999618530273,9.869000434875488,8.954999923706055,9.069999694824219,2149400,0.0,0.0
2026-06-01 00:00:00-04:00,9.079999923706055,9.5600004196167,8.770000457763672,9.430000305175781,1973300,0.0,0.0
2026-06-02 00:00:00-04:00,9.3100004196167,9.425000190734863,8.635000228881836,8.899999618530273,1853300,0.0,0.0
2026-06-03 00:00:00-04:00,8.850000381469727,9.0,8.6899995803833,8.75,1209400,0.0,0.0
2026-06-04 00:00:00-04:00,8.90999984741211,9.125,8.805000305175781,9.069999694824219,817500,0.0,0.0
2026-06-05 00:00:00-04:00,9.0,9.10099983215332,8.399999618530273,8.5600004196167,1289200,0.0,0.0
2026-06-08 00:00:00-04:00,8.729999542236328,9.130000114440918,8.5600004196167,8.989999771118164,1909500,0.0,0.0
2026-06-09 00:00:00-04:00,9.020000457763672,9.449999809265137,8.869999885559082,9.40999984741211,877500,0.0,0.0
2026-06-10 00:00:00-04:00,9.4399995803833,9.871000289916992,9.050000190734863,9.260000228881836,1481400,0.0,0.0
2026-06-11 00:00:00-04:00,9.229999542236328,9.760000228881836,9.130000114440918,9.59000015258789,989800,0.0,0.0
2026-06-12 00:00:00-04:00,9.729999542236328,10.170000076293945,9.65999984741211,9.760000228881836,1324300,0.0,0.0
2026-06-15 00:00:00-04:00,9.850000381469727,9.954999923706055,9.539999961853027,9.8100004196167,1049300,0.0,0.0
2026-06-16 00:00:00-04:00,9.8100004196167,9.90999984741211,9.569999694824219,9.699999809265137,874800,0.0,0.0
2026-06-17 00:00:00-04:00,9.729999542236328,10.154999732971191,9.711000442504883,9.899999618530273,1018600,0.0,0.0
2026-06-18 00:00:00-04:00,10.050000190734863,10.25,9.5,9.649999618530273,2278000,0.0,0.0
2026-06-22 00:00:00-04:00,9.819999694824219,10.65999984741211,9.819999694824219,9.979999542236328,2602300,0.0,0.0
2026-06-23 00:00:00-04:00,9.914999961853027,10.449999809265137,9.899999618530273,10.279999732971191,1304700,0.0,0.0
2026-06-24 00:00:00-04:00,10.40999984741211,10.869999885559082,10.375,10.539999961853027,1940600,0.0,0.0
2026-06-25 00:00:00-04:00,7.785999774932861,8.199999809265137,7.5,8.020000457763672,8082000,0.0,0.0
2026-06-26 00:00:00-04:00,8.09000015258789,8.970000267028809,7.96999979019165,8.539999961853027,5015200,0.0,0.0
2026-06-29 00:00:00-04:00,8.449999809265137,8.604999542236328,8.125,8.5600004196167,1407600,0.0,0.0
2026-06-30 00:00:00-04:00,8.630000114440918,8.640000343322754,8.0,8.010000228881836,1326700,0.0,0.0
2026-07-01 00:00:00-04:00,8.010000228881836,8.21500015258789,7.894999980926514,7.940000057220459,1148600,0.0,0.0
2026-07-02 00:00:00-04:00,8.140000343322754,8.609999656677246,8.0,8.5600004196167,1796000,0.0,0.0
