Date,Open,High,Low,Close,Volume,Dividends,Stock Splits
2002-02-15 00:00:00+09:00,2221.501953125,2221.501953125,2221.501953125,2221.501953125,0,0.0,0.0
2002-02-18 00:00:00+09:00,2488.08203125,2488.08203125,2488.08203125,2488.08203125,154124,0.0,0.0
2002-02-19 00:00:00+09:00,2190.95654296875,2190.95654296875,2190.95654296875,2190.95654296875,734072,0.0,0.0
2002-02-20 00:00:00+09:00,1957.6988525390623,1957.6988525390623,1957.6988525390623,1957.6988525390625,571196,0.0,0.0
2002-02-21 00:00:00+09:00,2190.95654296875,2190.95654296875,2190.95654296875,2190.95654296875,338736,0.0,0.0
2002-02-22 00:00:00+09:00,1929.9300537109375,1929.9300537109375,1929.9300537109375,1929.9300537109375,804796,0.0,0.0
2002-02-25 00:00:00+09:00,1943.814453125,1943.814453125,1943.814453125,1943.814453125,494784,0.0,0.0
2002-02-26 00:00:00+09:00,1804.9702148437498,1804.9702148437498,1804.9702148437498,1804.97021484375,183860,0.0,0.0
2002-02-27 00:00:00+09:00,1702.2257080078125,1702.2257080078125,1702.2257080078125,1702.2257080078125,319570,0.0,0.0
2002-02-28 00:00:00+09:00,1685.564697265625,1685.564697265625,1685.564697265625,1685.564697265625,173092,0.0,0.0
2002-03-01 00:00:00+09:00,1685.564697265625,1685.564697265625,1685.564697265625,1685.564697265625,0,0.0,0.0
2002-03-04 00:00:00+09:00,1782.7550048828125,1782.7550048828125,1782.7550048828125,1782.7550048828125,203006,0.0,0.0
2002-03-05 00:00:00+09:00,1866.0614013671877,1866.0614013671877,1866.0614013671877,1866.0614013671875,572260,0.0,0.0
2002-03-06 00:00:00+09:00,1829.9622802734373,1829.9622802734373,1829.9622802734373,1829.9622802734375,159698,0.0,0.0
2002-03-07 00:00:00+09:00,1968.8060302734375,1968.8060302734375,1968.8060302734375,1968.8060302734375,330442,0.0,0.0
2002-03-08 00:00:00+09:00,1924.3762207031252,1924.3762207031252,1924.3762207031252,1924.376220703125,183696,0.0,0.0
2002-03-11 00:00:00+09:00,2110.427001953125,2110.427001953125,2110.427001953125,2110.427001953125,307406,0.0,0.0
2002-03-12 00:00:00+09:00,2027.1204833984377,2027.1204833984377,2027.1204833984377,2027.1204833984375,177618,0.0,0.0
2002-03-13 00:00:00+09:00,1968.8060302734375,1968.8060302734375,1968.8060302734375,1968.8060302734375,120170,0.0,0.0
2002-03-14 00:00:00+09:00,1868.8387451171873,1868.8387451171873,1868.8387451171873,1868.8387451171875,100442,0.0,0.0
2002-03-15 00:00:00+09:00,1916.04541015625,1916.04541015625,1916.04541015625,1916.04541015625,253846,0.0,0.0
2002-03-18 00:00:00+09:00,1888.2769775390625,1888.2769775390625,1888.2769775390625,1888.2769775390625,149736,0.0,0.0
2002-03-19 00:00:00+09:00,1879.9459228515625,1879.9459228515625,1879.9459228515625,1879.9459228515625,236354,0.0,0.0
2002-03-20 00:00:00+09:00,1879.9459228515625,1879.9459228515625,1879.9459228515625,1879.9459228515625,239994,0.0,0.0
2002-03-21 00:00:00+09:00,1821.6317138671873,1821.6317138671873,1821.6317138671873,1821.6317138671875,223544,0.0,0.0
2002-03-22 00:00:00+09:00,1938.2606201171873,1938.2606201171873,1938.2606201171873,1938.2606201171875,373854,0.0,0.0
2002-03-25 00:00:00+09:00,1924.3762207031252,1924.3762207031252,1924.3762207031252,1924.376220703125,470548,0.0,0.0
2002-03-26 00:00:00+09:00,2004.9056396484375,2004.9056396484375,2004.9056396484375,2004.9056396484375,231800,0.0,0.0
2002-03-27 00:00:00+09:00,2243.717041015625,2243.717041015625,2243.717041015625,2243.717041015625,788570,0.0,0.0
2002-03-28 00:00:00+09:00,2157.6337890625,2157.6337890625,2157.6337890625,2157.6337890625,812194,0.0,0.0
2002-03-29 00:00:00+09:00,2235.386474609375,2235.386474609375,2235.386474609375,2235.386474609375,362782,0.0,0.0
2002-04-01 00:00:00+09:00,2193.73388671875,2193.73388671875,2193.73388671875,2193.73388671875,775920,0.0,0.0
2002-04-02 00:00:00+09:00,2082.657958984375,2082.657958984375,2082.657958984375,2082.657958984375,277766,0.0,0.0
2002-04-03 00:00:00+09:00,1985.4674072265627,1985.4674072265627,1985.4674072265627,1985.4674072265625,314970,0.0,0.0
2002-04-04 00:00:00+09:00,1935.4832763671877,1935.4832763671877,1935.4832763671877,1935.4832763671875,159136,0.0,0.0
2002-04-05 00:00:00+09:00,1935.4832763671877,1935.4832763671877,1935.4832763671877,1935.4832763671875,0,0.0,0.0
2002-04-08 00:00:00+09:00,1946.59130859375,1946.59130859375,1946.59130859375,1946.59130859375,108380,0.0,0.0
2002-04-09 00:00:00+09:00,2027.1204833984377,2027.1204833984377,2027.1204833984377,2027.1204833984375,364158,0.0,0.0
2002-04-10 00:00:00+09:00,1785.5325927734375,1785.5325927734375,1785.5325927734375,1785.5325927734375,280412,0.0,0.0
2002-04-11 00:00:00+09:00,1779.9786376953125,1779.9786376953125,1779.9786376953125,1779.9786376953125,142636,0.0,0.0
2002-04-12 00:00:00+09:00,1829.9622802734373,1829.9622802734373,1829.9622802734373,1829.9622802734375,101906,0.0,0.0
2002-04-15 00:00:00+09:00,1929.9300537109375,1929.9300537109375,1929.9300537109375,1929.9300537109375,179978,0.0,0.0
2002-04-16 00:00:00+09:00,1899.3846435546875,1899.3846435546875,1899.3846435546875,1899.3846435546875,149936,0.0,0.0
2002-04-17 00:00:00+09:00,1843.8469238281248,1843.8469238281248,1843.8469238281248,1843.846923828125,153900,0.0,0.0
2002-04-18 00:00:00+09:00,1777.201904296875,1777.201904296875,1777.201904296875,1777.201904296875,108310,0.0,0.0
2002-04-19 00:00:00+09:00,1766.0943603515625,1766.0943603515625,1766.0943603515625,1766.0943603515625,98158,0.0,0.0
2002-04-22 00:00:00+09:00,1602.258056640625,1602.258056640625,1602.258056640625,1602.258056640625,184648,0.0,0.0
2002-04-23 00:00:00+09:00,1668.9031982421877,1668.9031982421877,1668.9031982421877,1668.9031982421875,130882,0.0,0.0
2002-04-24 00:00:00+09:00,1555.0513916015623,1555.0513916015623,1555.0513916015623,1555.0513916015625,30928,0.0,0.0
2002-04-25 00:00:00+09:00,1369.000732421875,1369.000732421875,1369.000732421875,1369.000732421875,195656,0.0,0.0
2002-04-26 00:00:00+09:00,1294.02490234375,1294.02490234375,1294.02490234375,1294.02490234375,630670,0.0,0.0
2002-04-29 00:00:00+09:00,1166.2884521484375,1166.2884521484375,1166.2884521484375,1166.2884521484375,190640,0.0,0.0
2002-04-30 00:00:00+09:00,1174.6192626953125,1174.6192626953125,1174.6192626953125,1174.6192626953125,340040,0.0,0.0
2002-05-01 00:00:00+09:00,1174.6192626953125,1174.6192626953125,1174.6192626953125,1174.6192626953125,0,0.0,0.0
2002-05-02 00:00:00+09:00,1235.710693359375,1235.710693359375,1235.710693359375,1235.710693359375,584558,0.0,0.0
2002-05-03 00:00:00+09:00,1207.9417724609375,1207.9417724609375,1207.9417724609375,1207.9417724609375,230632,0.0,0.0
2002-05-06 00:00:00+09:00,1352.33935546875,1352.33935546875,1352.33935546875,1352.33935546875,735960,0.0,0.0
2002-05-07 00:00:00+09:00,1346.785888671875,1346.785888671875,1346.785888671875,1346.785888671875,703980,0.0,0.0
2002-05-08 00:00:00+09:00,1416.2073974609375,1416.2073974609375,1416.2073974609375,1416.2073974609375,570924,0.0,0.0
2002-05-09 00:00:00+09:00,1499.5139160156252,1499.5139160156252,1499.5139160156252,1499.513916015625,1088718,0.0,0.0
2002-05-10 00:00:00+09:00,1360.670166015625,1360.670166015625,1360.670166015625,1360.670166015625,429092,0.0,0.0
2002-05-13 00:00:00+09:00,1244.041015625,1244.041015625,1244.041015625,1244.041015625,301292,0.0,0.0
2002-05-14 00:00:00+09:00,1241.26416015625,1241.26416015625,1241.26416015625,1241.26416015625,202884,0.0,0.0
2002-05-15 00:00:00+09:00,1291.248046875,1291.248046875,1291.248046875,1291.248046875,208064,0.0,0.0
2002-05-16 00:00:00+09:00,1252.3717041015625,1252.3717041015625,1252.3717041015625,1252.3717041015625,177138,0.0,0.0
2002-05-17 00:00:00+09:00,1252.3717041015625,1252.3717041015625,1252.3717041015625,1252.3717041015625,171320,0.0,0.0
2002-05-20 00:00:00+09:00,1302.355712890625,1302.355712890625,1302.355712890625,1302.355712890625,240702,0.0,0.0
2002-05-21 00:00:00+09:00,1355.1162109375,1355.1162109375,1355.1162109375,1355.1162109375,419866,0.0,0.0
2002-05-22 00:00:00+09:00,1363.4468994140627,1363.4468994140627,1363.4468994140627,1363.4468994140625,471712,0.0,0.0
2002-05-23 00:00:00+09:00,1291.248046875,1291.248046875,1291.248046875,1291.248046875,296246,0.0,0.0
2002-05-24 00:00:00+09:00,1194.0572509765625,1194.0572509765625,1194.0572509765625,1194.0572509765625,205522,0.0,0.0
2002-05-27 00:00:00+09:00,1194.0572509765625,1194.0572509765625,1194.0572509765625,1194.0572509765625,414272,0.0,0.0
2002-05-28 00:00:00+09:00,1135.7427978515625,1135.7427978515625,1135.7427978515625,1135.7427978515625,605408,0.0,0.0
2002-05-29 00:00:00+09:00,1102.4205322265625,1102.4205322265625,1102.4205322265625,1102.4205322265625,144818,0.0,0.0
2002-05-30 00:00:00+09:00,1096.866943359375,1096.866943359375,1096.866943359375,1096.866943359375,88598,0.0,0.0
2002-05-31 00:00:00+09:00,1138.5198974609375,1138.5198974609375,1138.5198974609375,1138.5198974609375,229148,0.0,0.0
2002-06-03 00:00:00+09:00,1060.767333984375,1060.767333984375,1060.767333984375,1060.767333984375,62942,0.0,0.0
2002-06-04 00:00:00+09:00,1041.3289794921875,1041.3289794921875,1041.3289794921875,1041.3289794921875,75144,0.0,0.0
2002-06-05 00:00:00+09:00,1046.8826904296875,1046.8826904296875,1046.8826904296875,1046.8826904296875,85652,0.0,0.0
2002-06-06 00:00:00+09:00,1046.8826904296875,1046.8826904296875,1046.8826904296875,1046.8826904296875,0,0.0,0.0
2002-06-07 00:00:00+09:00,1021.89111328125,1021.89111328125,1021.89111328125,1021.89111328125,65788,0.0,0.0
2002-06-10 00:00:00+09:00,1013.5602416992189,1013.5602416992189,1013.5602416992189,1013.5602416992188,65156,0.0,0.0
2002-06-11 00:00:00+09:00,1016.3372802734375,1016.3372802734375,1016.3372802734375,1016.3372802734375,42508,0.0,0.0
2002-06-12 00:00:00+09:00,1027.444580078125,1027.444580078125,1027.444580078125,1027.444580078125,63296,0.0,0.0
2002-06-13 00:00:00+09:00,1027.444580078125,1027.444580078125,1027.444580078125,1027.444580078125,0,0.0,0.0
2002-06-14 00:00:00+09:00,1027.444580078125,1027.444580078125,1027.444580078125,1027.444580078125,35894,0.0,0.0
2002-06-17 00:00:00+09:00,1035.775390625,1035.775390625,1035.775390625,1035.775390625,47808,0.0,0.0
2002-06-18 00:00:00+09:00,1024.6678466796875,1024.6678466796875,1024.6678466796875,1024.6678466796875,65330,0.0,0.0
2002-06-19 00:00:00+09:00,966.353515625,966.353515625,966.353515625,966.353515625,129992,0.0,0.0
2002-06-20 00:00:00+09:00,971.9072265625,971.9072265625,971.9072265625,971.9072265625,46372,0.0,0.0
2002-06-21 00:00:00+09:00,924.7002563476562,924.7002563476562,924.7002563476562,924.7002563476562,97974,0.0,0.0
2002-06-24 00:00:00+09:00,896.9312744140626,896.9312744140626,896.9312744140626,896.9312744140625,330186,0.0,0.0
2002-06-25 00:00:00+09:00,833.0632934570311,833.0632934570311,833.0632934570311,833.0632934570312,107488,0.0,0.0
2002-06-26 00:00:00+09:00,733.095703125,733.095703125,733.095703125,733.095703125,73224,0.0,0.0
2002-06-27 00:00:00+09:00,735.8725585937499,735.8725585937499,735.8725585937499,735.87255859375,224288,0.0,0.0
2002-06-28 00:00:00+09:00,777.5256958007811,777.5256958007811,777.5256958007811,777.5256958007812,76024,0.0,0.0
2002-07-01 00:00:00+09:00,777.5256958007811,777.5256958007811,777.5256958007811,777.5256958007812,0,0.0,0.0
2002-07-02 00:00:00+09:00,794.1870117187501,794.1870117187501,794.1870117187501,794.18701171875,59818,0.0,0.0
2002-07-03 00:00:00+09:00,813.6251220703125,813.6251220703125,813.6251220703125,813.6251220703125,61250,0.0,0.0
2002-07-04 00:00:00+09:00,833.0632934570311,833.0632934570311,833.0632934570311,833.0632934570312,135198,0.0,0.0
2002-07-05 00:00:00+09:00,858.05517578125,858.05517578125,858.05517578125,858.05517578125,273674,0.0,0.0
2002-07-08 00:00:00+09:00,846.9475097656249,846.9475097656249,846.9475097656249,846.947509765625,124736,0.0,0.0
2002-07-09 00:00:00+09:00,874.7163696289061,874.7163696289061,874.7163696289061,874.7163696289062,102792,0.0,0.0
2002-07-10 00:00:00+09:00,902.4851074218749,902.4851074218749,902.4851074218749,902.485107421875,81720,0.0,0.0
2002-07-11 00:00:00+09:00,908.0390625,908.0390625,908.0390625,908.0390625,330866,0.0,0.0
2002-07-12 00:00:00+09:00,902.4851074218749,902.4851074218749,902.4851074218749,902.485107421875,163322,0.0,0.0
2002-07-15 00:00:00+09:00,888.6009521484375,888.6009521484375,888.6009521484375,888.6009521484375,113598,0.0,0.0
2002-07-16 00:00:00+09:00,830.2863159179688,830.2863159179688,830.2863159179688,830.2863159179688,145434,0.0,0.0
2002-07-17 00:00:00+09:00,830.2863159179688,830.2863159179688,830.2863159179688,830.2863159179688,0,0.0,0.0
2002-07-18 00:00:00+09:00,810.8484497070312,810.8484497070312,810.8484497070312,810.8484497070312,87954,0.0,0.0
2002-07-19 00:00:00+09:00,771.9720458984375,771.9720458984375,771.9720458984375,771.9720458984375,32872,0.0,0.0
2002-07-22 00:00:00+09:00,708.1036987304688,708.1036987304688,708.1036987304688,708.1036987304688,92274,0.0,0.0
2002-07-23 00:00:00+09:00,741.4262695312501,741.4262695312501,741.4262695312501,741.42626953125,56164,0.0,0.0
2002-07-24 00:00:00+09:00,721.9880981445312,721.9880981445312,721.9880981445312,721.9880981445312,28448,0.0,0.0
2002-07-25 00:00:00+09:00,727.5418701171875,727.5418701171875,727.5418701171875,727.5418701171875,51196,0.0,0.0
2002-07-26 00:00:00+09:00,813.6251220703125,813.6251220703125,813.6251220703125,813.6251220703125,227642,0.0,0.0
2002-07-29 00:00:00+09:00,760.864501953125,760.864501953125,760.864501953125,760.864501953125,631716,0.0,0.0
2002-07-30 00:00:00+09:00,749.7569580078126,749.7569580078126,749.7569580078126,749.7569580078125,202980,0.0,0.0
2002-07-31 00:00:00+09:00,708.1036987304688,708.1036987304688,708.1036987304688,708.1036987304688,90760,0.0,0.0
2002-08-01 00:00:00+09:00,724.7649536132814,724.7649536132814,724.7649536132814,724.7649536132812,91080,0.0,0.0
2002-08-02 00:00:00+09:00,702.5499267578125,702.5499267578125,702.5499267578125,702.5499267578125,62992,0.0,0.0
2002-08-05 00:00:00+09:00,688.6655883789062,688.6655883789062,688.6655883789062,688.6655883789062,41424,0.0,0.0
2002-08-06 00:00:00+09:00,666.4506225585936,666.4506225585936,666.4506225585936,666.4506225585938,58158,0.0,0.0
2002-08-07 00:00:00+09:00,672.0042724609375,672.0042724609375,672.0042724609375,672.0042724609375,84754,0.0,0.0
2002-08-08 00:00:00+09:00,691.4425659179688,691.4425659179688,691.4425659179688,691.4425659179688,68820,0.0,0.0
2002-08-09 00:00:00+09:00,705.326904296875,705.326904296875,705.326904296875,705.326904296875,54296,0.0,0.0
2002-08-12 00:00:00+09:00,788.6331787109375,788.6331787109375,788.6331787109375,788.6331787109375,173022,0.0,0.0
2002-08-13 00:00:00+09:00,788.6331787109375,788.6331787109375,788.6331787109375,788.6331787109375,362004,0.0,0.0
2002-08-14 00:00:00+09:00,810.8484497070312,810.8484497070312,810.8484497070312,810.8484497070312,181560,0.0,0.0
2002-08-15 00:00:00+09:00,810.8484497070312,810.8484497070312,810.8484497070312,810.8484497070312,0,0.0,0.0
2002-08-16 00:00:00+09:00,805.29443359375,805.29443359375,805.29443359375,805.29443359375,217362,0.0,0.0
2002-08-19 00:00:00+09:00,813.6251220703125,813.6251220703125,813.6251220703125,813.6251220703125,105580,0.0,0.0
2002-08-20 00:00:00+09:00,805.29443359375,805.29443359375,805.29443359375,805.29443359375,98048,0.0,0.0
2002-08-21 00:00:00+09:00,791.4102172851562,791.4102172851562,791.4102172851562,791.4102172851562,130326,0.0,0.0
2002-08-22 00:00:00+09:00,805.29443359375,805.29443359375,805.29443359375,805.29443359375,62994,0.0,0.0
2002-08-23 00:00:00+09:00,799.74072265625,799.74072265625,799.74072265625,799.74072265625,66400,0.0,0.0
2002-08-26 00:00:00+09:00,894.1547241210938,894.1547241210938,894.1547241210938,894.1547241210938,162968,0.0,0.0
2002-08-27 00:00:00+09:00,999.6759643554688,999.6759643554688,999.6759643554688,999.6759643554688,517648,0.0,0.0
2002-08-28 00:00:00+09:00,908.0390625,908.0390625,908.0390625,908.0390625,260536,0.0,0.0
2002-08-29 00:00:00+09:00,880.2704467773438,880.2704467773438,880.2704467773438,880.2704467773438,141910,0.0,0.0
2002-08-30 00:00:00+09:00,860.8321533203125,860.8321533203125,860.8321533203125,860.8321533203125,229726,0.0,0.0
2002-09-02 00:00:00+09:00,849.724609375,849.724609375,849.724609375,849.724609375,181300,0.0,0.0
2002-09-03 00:00:00+09:00,949.6923217773438,949.6923217773438,949.6923217773438,949.6923217773438,617928,0.0,0.0
2002-09-04 00:00:00+09:00,1063.544189453125,1063.544189453125,1063.544189453125,1063.544189453125,1292430,0.0,0.0
2002-09-05 00:00:00+09:00,958.022705078125,958.022705078125,958.022705078125,958.022705078125,760582,0.0,0.0
2002-09-06 00:00:00+09:00,844.170654296875,844.170654296875,844.170654296875,844.170654296875,398600,0.0,0.0
2002-09-09 00:00:00+09:00,749.7569580078126,749.7569580078126,749.7569580078126,749.7569580078125,370284,0.0,0.0
2002-09-10 00:00:00+09:00,733.095703125,733.095703125,733.095703125,733.095703125,180126,0.0,0.0
2002-09-11 00:00:00+09:00,746.9799804687501,746.9799804687501,746.9799804687501,746.97998046875,165914,0.0,0.0
2002-09-12 00:00:00+09:00,771.9720458984375,771.9720458984375,771.9720458984375,771.9720458984375,177752,0.0,0.0
2002-09-13 00:00:00+09:00,763.6412963867189,763.6412963867189,763.6412963867189,763.6412963867188,205840,0.0,0.0
2002-09-16 00:00:00+09:00,749.7569580078126,749.7569580078126,749.7569580078126,749.7569580078125,90898,0.0,0.0
2002-09-17 00:00:00+09:00,769.195068359375,769.195068359375,769.195068359375,769.195068359375,80190,0.0,0.0
2002-09-18 00:00:00+09:00,716.4345703125,716.4345703125,716.4345703125,716.4345703125,73656,0.0,0.0
2002-09-19 00:00:00+09:00,716.4345703125,716.4345703125,716.4345703125,716.4345703125,43786,0.0,0.0
2002-09-20 00:00:00+09:00,716.4345703125,716.4345703125,716.4345703125,716.4345703125,0,0.0,0.0
2002-09-23 00:00:00+09:00,669.2274780273438,669.2274780273438,669.2274780273438,669.2274780273438,65198,0.0,0.0
2002-09-24 00:00:00+09:00,669.2274780273438,669.2274780273438,669.2274780273438,669.2274780273438,40668,0.0,0.0
2002-09-25 00:00:00+09:00,660.89697265625,660.89697265625,660.89697265625,660.89697265625,8572,0.0,0.0
2002-09-26 00:00:00+09:00,674.7813110351562,674.7813110351562,674.7813110351562,674.7813110351562,25392,0.0,0.0
2002-09-27 00:00:00+09:00,680.3350830078125,680.3350830078125,680.3350830078125,680.3350830078125,29458,0.0,0.0
2002-09-30 00:00:00+09:00,652.5661621093749,652.5661621093749,652.5661621093749,652.566162109375,31342,0.0,0.0
2002-10-01 00:00:00+09:00,660.89697265625,660.89697265625,660.89697265625,660.89697265625,47034,0.0,0.0
2002-10-02 00:00:00+09:00,674.7813110351562,674.7813110351562,674.7813110351562,674.7813110351562,61968,0.0,0.0
2002-10-03 00:00:00+09:00,674.7813110351562,674.7813110351562,674.7813110351562,674.7813110351562,0,0.0,0.0
2002-10-04 00:00:00+09:00,674.7813110351562,674.7813110351562,674.7813110351562,674.7813110351562,13470,0.0,0.0
2002-10-07 00:00:00+09:00,652.5661621093749,652.5661621093749,652.5661621093749,652.566162109375,5690,0.0,0.0
2002-10-08 00:00:00+09:00,680.3350830078125,680.3350830078125,680.3350830078125,680.3350830078125,27508,0.0,0.0
2002-10-09 00:00:00+09:00,672.0042724609375,672.0042724609375,672.0042724609375,672.0042724609375,27708,0.0,0.0
2002-10-10 00:00:00+09:00,649.7893676757812,649.7893676757812,649.7893676757812,649.7893676757812,20904,0.0,0.0
2002-10-11 00:00:00+09:00,633.1281127929688,633.1281127929688,633.1281127929688,633.1281127929688,40082,0.0,0.0
2002-10-14 00:00:00+09:00,666.4506225585936,666.4506225585936,666.4506225585936,666.4506225585938,28136,0.0,0.0
2002-10-15 00:00:00+09:00,685.888671875,685.888671875,685.888671875,685.888671875,50436,0.0,0.0
2002-10-16 00:00:00+09:00,669.2274780273438,669.2274780273438,669.2274780273438,669.2274780273438,37616,0.0,0.0
2002-10-17 00:00:00+09:00,677.55810546875,677.55810546875,677.55810546875,677.55810546875,64084,0.0,0.0
2002-10-18 00:00:00+09:00,733.095703125,733.095703125,733.095703125,733.095703125,126908,0.0,0.0
2002-10-21 00:00:00+09:00,688.6655883789062,688.6655883789062,688.6655883789062,688.6655883789062,59874,0.0,0.0
2002-10-22 00:00:00+09:00,683.11181640625,683.11181640625,683.11181640625,683.11181640625,46058,0.0,0.0
2002-10-23 00:00:00+09:00,727.5418701171875,727.5418701171875,727.5418701171875,727.5418701171875,147684,0.0,0.0
2002-10-24 00:00:00+09:00,730.3186645507814,730.3186645507814,730.3186645507814,730.3186645507812,93532,0.0,0.0
2002-10-25 00:00:00+09:00,708.1036987304688,708.1036987304688,708.1036987304688,708.1036987304688,41972,0.0,0.0
2002-10-28 00:00:00+09:00,738.6495971679688,738.6495971679688,738.6495971679688,738.6495971679688,56146,0.0,0.0
2002-10-29 00:00:00+09:00,710.8806762695312,710.8806762695312,710.8806762695312,710.8806762695312,40842,0.0,0.0
2002-10-30 00:00:00+09:00,702.5499267578125,702.5499267578125,702.5499267578125,702.5499267578125,52298,0.0,0.0
2002-10-31 00:00:00+09:00,672.0042724609375,672.0042724609375,672.0042724609375,672.0042724609375,68378,0.0,0.0
2002-11-01 00:00:00+09:00,677.55810546875,677.55810546875,677.55810546875,677.55810546875,46468,0.0,0.0
2002-11-04 00:00:00+09:00,719.2113037109375,719.2113037109375,719.2113037109375,719.2113037109375,96084,0.0,0.0
2002-11-05 00:00:00+09:00,666.4506225585936,666.4506225585936,666.4506225585936,666.4506225585938,78224,0.0,0.0
2002-11-06 00:00:00+09:00,696.996337890625,696.996337890625,696.996337890625,696.996337890625,75928,0.0,0.0
2002-11-07 00:00:00+09:00,685.888671875,685.888671875,685.888671875,685.888671875,43186,0.0,0.0
2002-11-08 00:00:00+09:00,663.6737060546875,663.6737060546875,663.6737060546875,663.6737060546875,64000,0.0,0.0
2002-11-11 00:00:00+09:00,685.888671875,685.888671875,685.888671875,685.888671875,28768,0.0,0.0
2002-11-12 00:00:00+09:00,766.4182128906251,766.4182128906251,766.4182128906251,766.418212890625,380046,0.0,0.0
2002-11-13 00:00:00+09:00,746.9799804687501,746.9799804687501,746.9799804687501,746.97998046875,324106,0.0,0.0
2002-11-14 00:00:00+09:00,766.4182128906251,766.4182128906251,766.4182128906251,766.418212890625,490356,0.0,0.0
2002-11-15 00:00:00+09:00,755.310791015625,755.310791015625,755.310791015625,755.310791015625,639626,0.0,0.0
2002-11-18 00:00:00+09:00,721.9880981445312,721.9880981445312,721.9880981445312,721.9880981445312,178944,0.0,0.0
2002-11-19 00:00:00+09:00,694.2194213867188,694.2194213867188,694.2194213867188,694.2194213867188,114118,0.0,0.0
2002-11-20 00:00:00+09:00,696.996337890625,696.996337890625,696.996337890625,696.996337890625,100788,0.0,0.0
2002-11-21 00:00:00+09:00,744.203125,744.203125,744.203125,744.203125,173578,0.0,0.0
2002-11-22 00:00:00+09:00,699.7731323242188,699.7731323242188,699.7731323242188,699.7731323242188,99802,0.0,0.0
2002-11-25 00:00:00+09:00,716.4345703125,716.4345703125,716.4345703125,716.4345703125,74890,0.0,0.0
2002-11-26 00:00:00+09:00,696.996337890625,696.996337890625,696.996337890625,696.996337890625,111194,0.0,0.0
2002-11-27 00:00:00+09:00,730.3186645507814,730.3186645507814,730.3186645507814,730.3186645507812,174734,0.0,0.0
2002-11-28 00:00:00+09:00,774.748779296875,774.748779296875,774.748779296875,774.748779296875,489366,0.0,0.0
2002-11-29 00:00:00+09:00,758.08740234375,758.08740234375,758.08740234375,758.08740234375,102014,0.0,0.0
2002-12-02 00:00:00+09:00,802.5175781250001,802.5175781250001,802.5175781250001,802.517578125,134282,0.0,0.0
2002-12-03 00:00:00+09:00,860.8321533203125,860.8321533203125,860.8321533203125,860.8321533203125,263132,0.0,0.0
2002-12-04 00:00:00+09:00,860.8321533203125,860.8321533203125,860.8321533203125,860.8321533203125,290662,0.0,0.0
2002-12-05 00:00:00+09:00,849.724609375,849.724609375,849.724609375,849.724609375,238974,0.0,0.0
2002-12-06 00:00:00+09:00,849.724609375,849.724609375,849.724609375,849.724609375,110204,0.0,0.0
2002-12-09 00:00:00+09:00,810.8484497070312,810.8484497070312,810.8484497070312,810.8484497070312,193710,0.0,0.0
2002-12-10 00:00:00+09:00,796.9639282226562,796.9639282226562,796.9639282226562,796.9639282226562,110222,0.0,0.0
2002-12-11 00:00:00+09:00,769.195068359375,769.195068359375,769.195068359375,769.195068359375,181040,0.0,0.0
2002-12-12 00:00:00+09:00,794.1870117187501,794.1870117187501,794.1870117187501,794.18701171875,124232,0.0,0.0
2002-12-13 00:00:00+09:00,819.1789550781249,819.1789550781249,819.1789550781249,819.178955078125,174666,0.0,0.0
2002-12-16 00:00:00+09:00,844.170654296875,844.170654296875,844.170654296875,844.170654296875,697650,0.0,0.0
2002-12-17 00:00:00+09:00,844.170654296875,844.170654296875,844.170654296875,844.170654296875,163518,0.0,0.0
2002-12-18 00:00:00+09:00,813.6251220703125,813.6251220703125,813.6251220703125,813.6251220703125,77496,0.0,0.0
2002-12-19 00:00:00+09:00,813.6251220703125,813.6251220703125,813.6251220703125,813.6251220703125,0,0.0,0.0
2002-12-20 00:00:00+09:00,791.4102172851562,791.4102172851562,791.4102172851562,791.4102172851562,100618,0.0,0.0
2002-12-23 00:00:00+09:00,721.9880981445312,721.9880981445312,721.9880981445312,721.9880981445312,145644,0.0,0.0
2002-12-24 00:00:00+09:00,716.4345703125,716.4345703125,716.4345703125,716.4345703125,47404,0.0,0.0
2002-12-25 00:00:00+09:00,716.4345703125,716.4345703125,716.4345703125,716.4345703125,0,0.0,0.0
2002-12-26 00:00:00+09:00,694.2194213867188,694.2194213867188,694.2194213867188,694.2194213867188,85224,0.0,0.0
2002-12-27 00:00:00+09:00,700.2562255859375,700.2562255859375,700.2562255859375,700.2562255859375,55508,100.0,0.0
2002-12-30 00:00:00+09:00,730.439453125,730.439453125,730.439453125,730.439453125,91546,0.0,0.0
2002-12-31 00:00:00+09:00,730.439453125,730.439453125,730.439453125,730.439453125,0,0.0,0.0
2003-01-01 00:00:00+09:00,730.439453125,730.439453125,730.439453125,730.439453125,0,0.0,0.0
2003-01-02 00:00:00+09:00,769.6780395507812,769.6780395507812,769.6780395507812,769.6780395507812,65472,0.0,0.0
2003-01-03 00:00:00+09:00,772.6962890625,772.6962890625,772.6962890625,772.6962890625,119906,0.0,0.0
2003-01-06 00:00:00+09:00,790.8064575195312,790.8064575195312,790.8064575195312,790.8064575195312,35110,0.0,0.0
2003-01-07 00:00:00+09:00,778.7332153320312,778.7332153320312,778.7332153320312,778.7332153320312,11376,0.0,0.0
2003-01-08 00:00:00+09:00,781.7514038085938,781.7514038085938,781.7514038085938,781.7514038085938,19858,0.0,0.0
2003-01-09 00:00:00+09:00,772.6962890625,772.6962890625,772.6962890625,772.6962890625,26568,0.0,0.0
2003-01-10 00:00:00+09:00,742.5128173828125,742.5128173828125,742.5128173828125,742.5128173828125,45644,0.0,0.0
2003-01-13 00:00:00+09:00,799.8615112304688,799.8615112304688,799.8615112304688,799.8615112304688,84474,0.0,0.0
2003-01-14 00:00:00+09:00,808.9163818359375,808.9163818359375,808.9163818359375,808.9163818359375,63320,0.0,0.0
2003-01-15 00:00:00+09:00,827.0266113281251,827.0266113281251,827.0266113281251,827.026611328125,244934,0.0,0.0
2003-01-16 00:00:00+09:00,778.7332153320312,778.7332153320312,778.7332153320312,778.7332153320312,40062,0.0,0.0
2003-01-17 00:00:00+09:00,724.4028930664062,724.4028930664062,724.4028930664062,724.4028930664062,76064,0.0,0.0
2003-01-20 00:00:00+09:00,718.3662719726562,718.3662719726562,718.3662719726562,718.3662719726562,31546,0.0,0.0
2003-01-21 00:00:00+09:00,700.2562255859375,700.2562255859375,700.2562255859375,700.2562255859375,12182,0.0,0.0
2003-01-22 00:00:00+09:00,706.2927856445312,706.2927856445312,706.2927856445312,706.2927856445312,13742,0.0,0.0
2003-01-23 00:00:00+09:00,712.3294067382812,712.3294067382812,712.3294067382812,712.3294067382812,24512,0.0,0.0
2003-01-24 00:00:00+09:00,691.2009887695312,691.2009887695312,691.2009887695312,691.2009887695312,37156,0.0,0.0
2003-01-27 00:00:00+09:00,679.127685546875,679.127685546875,679.127685546875,679.127685546875,7788,0.0,0.0
2003-01-28 00:00:00+09:00,739.4944458007812,739.4944458007812,739.4944458007812,739.4944458007812,83872,0.0,0.0
2003-01-29 00:00:00+09:00,700.2562255859375,700.2562255859375,700.2562255859375,700.2562255859375,35374,0.0,0.0
2003-01-30 00:00:00+09:00,706.2927856445312,706.2927856445312,706.2927856445312,706.2927856445312,20520,0.0,0.0
2003-01-31 00:00:00+09:00,706.2927856445312,706.2927856445312,706.2927856445312,706.2927856445312,0,0.0,0.0
2003-02-03 00:00:00+09:00,751.5679931640625,751.5679931640625,751.5679931640625,751.5679931640625,36704,0.0,0.0
2003-02-04 00:00:00+09:00,736.47607421875,736.47607421875,736.47607421875,736.47607421875,19920,0.0,0.0
2003-02-05 00:00:00+09:00,718.3662719726562,718.3662719726562,718.3662719726562,718.3662719726562,26994,0.0,0.0
2003-02-06 00:00:00+09:00,706.2927856445312,706.2927856445312,706.2927856445312,706.2927856445312,8906,0.0,0.0
2003-02-07 00:00:00+09:00,718.3662719726562,718.3662719726562,718.3662719726562,718.3662719726562,25708,0.0,0.0
2003-02-10 00:00:00+09:00,721.3843994140625,733.4577784837539,679.1275726701425,721.3843994140625,2228,0.0,0.0
2003-02-11 00:00:00+09:00,712.3294067382812,739.4945112325378,688.1826471878311,712.3294067382812,17606,0.0,0.0
2003-02-12 00:00:00+09:00,703.2744140625,715.347794561427,697.2377238130364,703.2744140625,1916,0.0,0.0
2003-02-13 00:00:00+09:00,721.3843994140625,724.4027441814854,706.2926755769482,721.3843994140625,17018,0.0,0.0
2003-02-14 00:00:00+09:00,730.439453125,730.439453125,642.907452543905,730.439453125,9258,0.0,0.0
2003-02-17 00:00:00+09:00,769.6780395507812,775.714730057062,724.4028607536765,769.6780395507812,94664,0.0,0.0
2003-02-18 00:00:00+09:00,751.5679931640625,775.7147559966428,724.4028849774097,751.5679931640625,5480,0.0,0.0
2003-02-19 00:00:00+09:00,742.5128173828125,763.6412308855755,727.4210934522675,742.5128173828125,11018,0.0,0.0
2003-02-20 00:00:00+09:00,721.3843994140625,745.5311575534454,706.2926755769482,721.3843994140625,8250,0.0,0.0
2003-02-21 00:00:00+09:00,730.439453125,739.4944876678719,715.3477288868802,730.439453125,3246,0.0,0.0
2003-02-24 00:00:00+09:00,694.2194213867188,763.6413635253906,694.2194213867188,694.2194213867188,24850,0.0,0.0
2003-02-25 00:00:00+09:00,664.0359497070312,706.2927828702059,664.0359497070312,664.0359497070312,11420,0.0,0.0
2003-02-26 00:00:00+09:00,688.1827392578125,703.2744659959224,654.9809404339707,688.1827392578125,37788,0.0,0.0
2003-02-27 00:00:00+09:00,682.14599609375,685.164341209209,648.9441998237002,682.14599609375,22466,0.0,0.0
2003-02-28 00:00:00+09:00,648.9442749023438,688.1827659429506,648.9442749023438,648.9442749023438,10252,0.0,0.0
2003-03-03 00:00:00+09:00,670.0726928710938,670.0726928710938,639.8892382372607,670.0726928710938,31094,0.0,0.0
2003-03-04 00:00:00+09:00,651.9625244140625,664.0359044958044,633.8524542914496,651.9625244140625,25636,0.0,0.0
2003-03-05 00:00:00+09:00,627.8157958984375,648.944212106558,579.5222731370192,627.8157958984375,92508,0.0,0.0
2003-03-06 00:00:00+09:00,627.8157958984375,633.8524862436147,615.7424152080829,627.8157958984375,2946,0.0,0.0
2003-03-07 00:00:00+09:00,603.6691284179688,633.8525848388672,591.5957458496093,603.6691284179688,33396,0.0,0.0
2003-03-10 00:00:00+09:00,603.6691284179688,618.760856628418,552.3572525024414,603.6691284179688,28428,0.0,0.0
2003-03-11 00:00:00+09:00,597.6322631835938,606.6872974742543,555.3754364938447,597.6322631835938,6288,0.0,0.0
2003-03-12 00:00:00+09:00,591.595703125,621.7791573660714,588.5773577008929,591.595703125,25534,0.0,0.0
2003-03-13 00:00:00+09:00,612.7240600585938,633.8524759226832,588.577299071063,612.7240600585938,59966,0.0,0.0
2003-03-14 00:00:00+09:00,645.9259033203125,673.091011403877,603.6690685236565,645.9259033203125,75464,0.0,0.0
2003-03-17 00:00:00+09:00,603.6691284179688,661.0176956176757,573.4856719970703,603.6691284179688,18964,0.0,0.0
2003-03-18 00:00:00+09:00,615.7423706054688,664.0358898686428,579.5222311580883,615.7423706054688,33062,0.0,0.0
2003-03-19 00:00:00+09:00,639.88916015625,639.88916015625,621.7790895857901,639.88916015625,4160,0.0,0.0
2003-03-20 00:00:00+09:00,688.1827392578125,688.1827392578125,603.669069524397,688.1827392578125,40312,0.0,0.0
2003-03-21 00:00:00+09:00,667.0542602539062,691.2010208060839,639.8891546327064,667.0542602539062,22000,0.0,0.0
2003-03-24 00:00:00+09:00,673.0910034179688,682.1460393383899,648.9442409635125,673.0910034179688,9098,0.0,0.0
2003-03-25 00:00:00+09:00,654.9808349609375,654.9808349609375,615.7423517605126,654.9808349609375,12122,0.0,0.0
2003-03-26 00:00:00+09:00,645.9259033203125,667.0543207186405,633.8525219498393,645.9259033203125,9194,0.0,0.0
2003-03-27 00:00:00+09:00,615.7423706054688,664.0358898686428,615.7423706054688,615.7423706054688,15798,0.0,0.0
2003-03-28 00:00:00+09:00,642.907470703125,642.907470703125,603.6689865757043,642.907470703125,52388,0.0,0.0
2003-03-31 00:00:00+09:00,618.7607421875,642.9075028582316,603.6690167682926,618.7607421875,11602,0.0,0.0
2003-04-01 00:00:00+09:00,633.8524169921875,645.9257963634673,603.6689685639881,633.8524169921875,80666,0.0,0.0
2003-04-02 00:00:00+09:00,633.8524169921875,685.1642793201265,624.7973824637277,633.8524169921875,65914,0.0,0.0
2003-04-03 00:00:00+09:00,648.9442749023438,664.0360022256541,633.8525475790334,648.9442749023438,48120,0.0,0.0
2003-04-04 00:00:00+09:00,667.0542602539062,694.2193658751061,621.7790842185733,667.0542602539062,72752,0.0,0.0
2003-04-07 00:00:00+09:00,676.109375,691.2011021205357,648.9442661830357,676.109375,46168,0.0,0.0
2003-04-08 00:00:00+09:00,648.9442749023438,685.1644204782885,639.8892385083575,648.9442749023438,25648,0.0,0.0
2003-04-09 00:00:00+09:00,633.8524169921875,664.0358654203869,621.7790376209077,633.8524169921875,25198,0.0,0.0
2003-04-10 00:00:00+09:00,630.8341674804688,633.8525127794184,612.7240956867711,630.8341674804688,39356,0.0,0.0
2003-04-11 00:00:00+09:00,621.779052734375,633.8524323991202,603.6689832372573,621.779052734375,29308,0.0,0.0
2003-04-14 00:00:00+09:00,621.779052734375,627.8157425667475,615.7423629020024,621.779052734375,46564,0.0,0.0
2003-04-15 00:00:00+09:00,621.779052734375,621.779052734375,621.779052734375,621.779052734375,0,0.0,0.0
2003-04-16 00:00:00+09:00,639.88916015625,645.9258503464033,621.7790895857901,639.88916015625,69520,0.0,0.0
2003-04-17 00:00:00+09:00,633.8524169921875,645.9257963634673,612.7240030924479,633.8524169921875,33990,0.0,0.0
2003-04-18 00:00:00+09:00,624.7974243164062,645.9258396314538,618.7607342263926,624.7974243164062,135354,0.0,0.0
2003-04-21 00:00:00+09:00,667.0542602539062,670.0726053229284,618.760739149551,667.0542602539062,157824,0.0,0.0
2003-04-22 00:00:00+09:00,664.0359497070312,679.1276758367364,648.9442235773259,664.0359497070312,43088,0.0,0.0
2003-04-23 00:00:00+09:00,673.0910034179688,694.2194205656181,654.9809315771265,673.0910034179688,56570,0.0,0.0
2003-04-24 00:00:00+09:00,679.127685546875,697.2377571614584,661.0176139322917,679.127685546875,134184,0.0,0.0
2003-04-25 00:00:00+09:00,609.7056884765625,691.2010032729347,603.668998491646,609.7056884765625,477636,0.0,0.0
2003-04-28 00:00:00+09:00,621.779052734375,624.7973976505613,603.6689832372573,621.779052734375,67384,0.0,0.0
2003-04-29 00:00:00+09:00,645.9259033203125,676.1093567464953,627.8158312646028,645.9259033203125,114342,0.0,0.0
2003-04-30 00:00:00+09:00,621.779052734375,633.8524323991202,618.7607078181887,621.779052734375,75132,0.0,0.0
2003-05-01 00:00:00+09:00,621.779052734375,621.779052734375,621.779052734375,621.779052734375,0,0.0,0.0
2003-05-02 00:00:00+09:00,627.8157958984375,636.8708314162034,615.7424152080829,627.8157958984375,115466,0.0,0.0
2003-05-05 00:00:00+09:00,627.8157958984375,627.8157958984375,627.8157958984375,627.8157958984375,0,0.0,0.0
2003-05-06 00:00:00+09:00,633.8524169921875,636.8707618350074,621.7790376209077,633.8524169921875,17522,0.0,0.0
2003-05-07 00:00:00+09:00,651.9625244140625,676.1092845775463,633.8524542914496,651.9625244140625,118394,0.0,0.0
2003-05-08 00:00:00+09:00,651.9625244140625,651.9625244140625,651.9625244140625,651.9625244140625,0,0.0,0.0
2003-05-09 00:00:00+09:00,645.9259033203125,651.962594005549,633.8525219498393,645.9259033203125,26642,0.0,0.0
2003-05-12 00:00:00+09:00,657.9992065429688,661.0175515271108,642.9074816222585,657.9992065429688,103120,0.0,0.0
2003-05-13 00:00:00+09:00,642.907470703125,661.0175403003961,639.8891257702464,642.907470703125,40292,0.0,0.0
2003-05-14 00:00:00+09:00,654.9808349609375,664.0358695456509,630.8340760683684,654.9808349609375,114388,0.0,0.0
2003-05-15 00:00:00+09:00,651.9625244140625,685.1643196388527,648.944179393627,651.9625244140625,110468,0.0,0.0
2003-05-16 00:00:00+09:00,651.9625244140625,670.0725945366753,642.9074893527561,651.9625244140625,68224,0.0,0.0
2003-05-19 00:00:00+09:00,618.7607421875,651.9625381097561,618.7607421875,618.7607421875,107544,0.0,0.0
2003-05-20 00:00:00+09:00,618.7607421875,621.7790872713414,609.7057069359756,618.7607421875,35084,0.0,0.0
2003-05-21 00:00:00+09:00,612.7240600585938,618.7607503054764,603.6690246882697,612.7240600585938,142274,0.0,0.0
2003-05-22 00:00:00+09:00,606.6873779296875,621.779103748834,591.5956521105411,606.6873779296875,52010,0.0,0.0
2003-05-23 00:00:00+09:00,630.8341674804688,630.8341674804688,603.6690597899222,630.8341674804688,105168,0.0,0.0
2003-05-26 00:00:00+09:00,624.7974243164062,642.907494586447,621.7790792713994,624.7974243164062,52856,0.0,0.0
2003-05-27 00:00:00+09:00,624.7974243164062,639.8891495414401,618.7607342263926,624.7974243164062,130924,0.0,0.0
2003-05-28 00:00:00+09:00,627.8157958984375,642.9075217613807,618.7607603806715,627.8157958984375,46108,0.0,0.0
2003-05-29 00:00:00+09:00,621.779052734375,630.8340874829338,612.7240179858161,621.779052734375,71742,0.0,0.0
2003-05-30 00:00:00+09:00,621.779052734375,621.779052734375,612.7240179858161,621.779052734375,22540,0.0,0.0
2003-06-02 00:00:00+09:00,621.779052734375,657.9991917286104,609.7056730696298,621.779052734375,69558,0.0,0.0
2003-06-03 00:00:00+09:00,621.779052734375,633.8524323991202,612.7240179858161,621.779052734375,17232,0.0,0.0
2003-06-04 00:00:00+09:00,618.7607421875,624.7974323551829,609.7057069359756,618.7607421875,41048,0.0,0.0
2003-06-05 00:00:00+09:00,612.7240600585938,627.8157856758005,612.7240600585938,612.7240600585938,55128,0.0,0.0
2003-06-06 00:00:00+09:00,612.7240600585938,612.7240600585938,612.7240600585938,612.7240600585938,0,0.0,0.0
2003-06-09 00:00:00+09:00,621.779052734375,627.8157425667475,606.6873281534436,621.779052734375,24670,0.0,0.0
2003-06-10 00:00:00+09:00,621.779052734375,627.8157425667475,609.7056730696298,621.779052734375,42522,0.0,0.0
2003-06-11 00:00:00+09:00,627.8157958984375,636.8708314162034,606.687379690317,627.8157958984375,50302,0.0,0.0
2003-06-12 00:00:00+09:00,700.2562255859375,700.2562255859375,627.8159263873922,700.2562255859375,254798,0.0,0.0
2003-06-13 00:00:00+09:00,721.3843994140625,745.5311575534454,685.1642622049883,721.3843994140625,178614,0.0,0.0
2003-06-16 00:00:00+09:00,679.127685546875,715.3478287760416,667.0543044704862,679.127685546875,25854,0.0,0.0
2003-06-17 00:00:00+09:00,691.2009887695312,727.4211279190264,691.2009887695312,691.2009887695312,70994,0.0,0.0
2003-06-18 00:00:00+09:00,694.2194213867188,694.2194213867188,645.9258964206862,694.2194213867188,42106,0.0,0.0
2003-06-19 00:00:00+09:00,694.2194213867188,712.329493248981,664.0359682829484,694.2194213867188,20100,0.0,0.0
2003-06-20 00:00:00+09:00,691.2009887695312,694.2193336986559,670.0725742656591,691.2009887695312,23224,0.0,0.0
2003-06-23 00:00:00+09:00,703.2744140625,709.3111043119635,670.0726176904506,703.2744140625,11144,0.0,0.0
2003-06-24 00:00:00+09:00,664.0359497070312,694.2194019664418,639.8891878995028,664.0359497070312,18126,0.0,0.0
2003-06-25 00:00:00+09:00,670.0726928710938,679.1277292612436,648.9442746274106,670.0726928710938,33800,0.0,0.0
2003-06-26 00:00:00+09:00,706.2927856445312,709.3111308823284,654.9809166019799,706.2927856445312,83766,0.0,0.0
2003-06-27 00:00:00+09:00,673.0910034179688,787.7881250766361,670.0726581111618,673.0910034179688,539962,0.0,0.0
2003-06-30 00:00:00+09:00,679.127685546875,691.201066623264,676.1093402777778,679.127685546875,38092,0.0,0.0
2003-07-01 00:00:00+09:00,664.0359497070312,688.1827115145596,651.962568803267,664.0359497070312,49624,0.0,0.0
2003-07-02 00:00:00+09:00,682.14599609375,685.164341209209,664.0359254009956,682.14599609375,43582,0.0,0.0
2003-07-03 00:00:00+09:00,682.14599609375,694.2193765555862,673.0909607473727,682.14599609375,47478,0.0,0.0
2003-07-04 00:00:00+09:00,667.0542602539062,685.1643306680395,667.0542602539062,667.0542602539062,11488,0.0,0.0
2003-07-07 00:00:00+09:00,688.1827392578125,694.2194299530564,670.0726671720806,688.1827392578125,50992,0.0,0.0
2003-07-08 00:00:00+09:00,694.2194213867188,718.3661838697351,691.2010760763417,694.2194213867188,111820,0.0,0.0
2003-07-09 00:00:00+09:00,703.2744140625,721.3844848108905,682.1459981893777,703.2744140625,215068,0.0,0.0
2003-07-10 00:00:00+09:00,718.3662719726562,733.4580003754432,697.2378522087546,718.3662719726562,201806,0.0,0.0
2003-07-11 00:00:00+09:00,688.1827392578125,718.3661927340323,679.1277032149466,688.1827392578125,187422,0.0,0.0
2003-07-14 00:00:00+09:00,697.2376708984375,715.3477402724229,688.1826362114448,697.2376708984375,125342,0.0,0.0
2003-07-15 00:00:00+09:00,688.1827392578125,697.2377753006784,667.0543218244586,688.1827392578125,140770,0.0,0.0
2003-07-16 00:00:00+09:00,657.9992065429688,688.1826563843894,657.9992065429688,657.9992065429688,90240,0.0,0.0
2003-07-17 00:00:00+09:00,657.9992065429688,657.9992065429688,657.9992065429688,657.9992065429688,0,0.0,0.0
2003-07-18 00:00:00+09:00,651.9625244140625,664.0359044958044,639.8891443323206,651.9625244140625,56692,0.0,0.0
2003-07-21 00:00:00+09:00,657.9992065429688,661.0175515271108,639.8891366381164,657.9992065429688,50030,0.0,0.0
2003-07-22 00:00:00+09:00,641.3982543945312,661.0174951171875,641.3982543945312,641.3982543945312,30900,0.0,0.0
2003-07-23 00:00:00+09:00,617.2515869140625,654.9809015176115,617.2515869140625,617.2515869140625,65776,0.0,0.0
2003-07-24 00:00:00+09:00,636.870849609375,644.4167127564056,609.7057422800652,636.870849609375,46744,0.0,0.0
2003-07-25 00:00:00+09:00,627.8157958984375,630.8341410710261,615.7424152080829,627.8157958984375,52706,0.0,0.0
2003-07-28 00:00:00+09:00,618.7607421875,642.9075028582316,618.7607421875,618.7607421875,17606,0.0,0.0
2003-07-29 00:00:00+09:00,620.2698974609375,644.4166574594168,612.7240349614127,620.2698974609375,37238,0.0,0.0
2003-07-30 00:00:00+09:00,606.6873779296875,627.8157940764926,606.6873779296875,606.6873779296875,36544,0.0,0.0
2003-07-31 00:00:00+09:00,661.0176391601562,661.0176391601562,600.6507314742972,661.0176391601562,248978,0.0,0.0
2003-08-01 00:00:00+09:00,645.9259033203125,648.9442486629308,620.2699679080571,645.9259033203125,72062,0.0,0.0
2003-08-04 00:00:00+09:00,633.8524169921875,636.8707618350074,609.705658249628,633.8524169921875,12132,0.0,0.0
2003-08-05 00:00:00+09:00,617.2515869140625,633.8524853396241,590.0864803995072,617.2515869140625,31300,0.0,0.0
2003-08-06 00:00:00+09:00,584.0498046875,612.724084504199,582.5406320655685,584.0498046875,38450,0.0,0.0
2003-08-07 00:00:00+09:00,594.6139526367188,597.632297573961,582.5405728877498,594.6139526367188,13112,0.0,0.0
2003-08-08 00:00:00+09:00,599.1416625976562,603.6691814585957,590.0866248757773,599.1416625976562,3538,0.0,0.0
2003-08-11 00:00:00+09:00,588.577392578125,620.2700214092548,588.577392578125,588.577392578125,12788,0.0,0.0
2003-08-12 00:00:00+09:00,590.0864868164062,602.159867620834,588.5773142158528,590.0864868164062,6610,0.0,0.0
2003-08-13 00:00:00+09:00,617.2515869140625,647.4350385969017,617.2515869140625,617.2515869140625,109350,0.0,0.0
2003-08-14 00:00:00+09:00,620.2698974609375,639.889139959702,611.2148624615078,620.2698974609375,54360,0.0,0.0
2003-08-15 00:00:00+09:00,620.2698974609375,620.2698974609375,620.2698974609375,620.2698974609375,0,0.0,0.0
2003-08-18 00:00:00+09:00,632.3433837890625,656.4901478478334,612.7241379913112,632.3433837890625,27970,0.0,0.0
2003-08-19 00:00:00+09:00,617.2515869140625,633.8524853396241,614.2332417457785,617.2515869140625,18500,0.0,0.0
2003-08-20 00:00:00+09:00,623.2882690429688,627.8157867357749,603.6690257074758,623.2882690429688,45740,0.0,0.0
2003-08-21 00:00:00+09:00,633.8524169921875,642.9074515206473,603.6689685639881,633.8524169921875,26460,0.0,0.0
2003-08-22 00:00:00+09:00,620.2698974609375,647.4350024592268,600.650654962173,620.2698974609375,39394,0.0,0.0
2003-08-25 00:00:00+09:00,603.6691284179688,630.8342391967773,602.1599555969237,603.6691284179688,19426,0.0,0.0
2003-08-26 00:00:00+09:00,615.7423706054688,630.8340953752107,606.6873357436236,615.7423706054688,68754,0.0,0.0
2003-08-27 00:00:00+09:00,612.7240600585938,633.8524759226832,603.6690246882697,612.7240600585938,28614,0.0,0.0
2003-08-28 00:00:00+09:00,621.779052734375,627.8157425667475,603.6689832372573,621.779052734375,18676,0.0,0.0
2003-08-29 00:00:00+09:00,642.907470703125,654.9808504346391,615.7423663072183,642.907470703125,12784,0.0,0.0
2003-09-01 00:00:00+09:00,615.7423706054688,647.4349926219268,614.2331981284946,615.7423706054688,11130,0.0,0.0
2003-09-02 00:00:00+09:00,621.779052734375,624.7973976505613,612.7240179858161,621.779052734375,21234,0.0,0.0
2003-09-03 00:00:00+09:00,624.7974243164062,627.815769361413,612.724044136379,624.7974243164062,18168,0.0,0.0
2003-09-04 00:00:00+09:00,605.1781616210938,633.8524386056343,605.1781616210938,605.1781616210938,9692,0.0,0.0
2003-09-05 00:00:00+09:00,627.8157958984375,654.9809024517352,602.1598619314341,627.8157958984375,20468,0.0,0.0
2003-09-08 00:00:00+09:00,620.2698974609375,648.9441749591317,611.2148624615078,620.2698974609375,4392,0.0,0.0
2003-09-09 00:00:00+09:00,623.2882690429688,664.0359282782234,618.7607513501628,623.2882690429688,87942,0.0,0.0
2003-09-10 00:00:00+09:00,623.2882690429688,623.2882690429688,623.2882690429688,623.2882690429688,0,0.0,0.0
2003-09-11 00:00:00+09:00,623.2882690429688,623.2882690429688,623.2882690429688,623.2882690429688,0,0.0,0.0
2003-09-12 00:00:00+09:00,623.2882690429688,623.2882690429688,623.2882690429688,623.2882690429688,0,0.0,0.0
2003-09-15 00:00:00+09:00,603.6691284179688,642.9076217651367,603.6691284179688,603.6691284179688,19684,0.0,0.0
2003-09-16 00:00:00+09:00,587.0681762695312,623.2883208208649,584.0498308902535,587.0681762695312,49752,0.0,0.0
2003-09-17 00:00:00+09:00,603.6691284179688,617.251683807373,594.6140914916991,603.6691284179688,36816,0.0,0.0
2003-09-18 00:00:00+09:00,614.2333374023438,614.2333374023438,596.1232635722992,614.2333374023438,14942,0.0,0.0
2003-09-19 00:00:00+09:00,603.6691284179688,611.2149925231934,603.6691284179688,603.6691284179688,21014,0.0,0.0
2003-09-22 00:00:00+09:00,579.5222778320312,609.7057298024496,579.5222778320312,579.5222778320312,11860,0.0,0.0
2003-09-23 00:00:00+09:00,559.9030151367188,597.632328825177,559.9030151367188,559.9030151367188,21658,0.0,0.0
2003-09-24 00:00:00+09:00,559.9030151367188,597.632328825177,556.8846700416422,559.9030151367188,38236,0.0,0.0
2003-09-25 00:00:00+09:00,540.28369140625,582.5405164324371,523.6827958602479,540.28369140625,18730,0.0,0.0
2003-09-26 00:00:00+09:00,523.682861328125,582.5405892583753,523.682861328125,523.682861328125,26932,0.0,0.0
2003-09-29 00:00:00+09:00,543.3021240234375,558.3938496907552,517.6461903889974,543.3021240234375,292,0.0,0.0
2003-09-30 00:00:00+09:00,552.357177734375,558.3938682014173,531.2287610997267,552.357177734375,6010,0.0,0.0
2003-10-01 00:00:00+09:00,540.28369140625,579.5221717877095,532.7378297944308,540.28369140625,2332,0.0,0.0
2003-10-02 00:00:00+09:00,546.320556640625,584.0498768506129,537.2655197902279,546.320556640625,10760,0.0,0.0
2003-10-03 00:00:00+09:00,546.320556640625,546.320556640625,546.320556640625,546.320556640625,0,0.0,0.0
2003-10-06 00:00:00+09:00,564.4306030273438,564.4306030273438,546.320530202937,564.4306030273438,6804,0.0,0.0
2003-10-07 00:00:00+09:00,581.0314331054688,594.6139860871551,549.3388094815341,581.0314331054688,5020,0.0,0.0
2003-10-08 00:00:00+09:00,532.7379150390625,567.4488840076133,532.7379150390625,532.7379150390625,38572,0.0,0.0
2003-10-09 00:00:00+09:00,558.3939208984375,567.4489574535473,534.2471567514781,558.3939208984375,2644,0.0,0.0
2003-10-10 00:00:00+09:00,538.7745361328125,558.3937769443716,525.1919848017333,538.7745361328125,23930,0.0,0.0
2003-10-13 00:00:00+09:00,525.1920166015625,549.3387759855424,525.1920166015625,525.1920166015625,2024,0.0,0.0
2003-10-14 00:00:00+09:00,534.2471313476562,567.448930470957,531.2287859728108,534.2471313476562,8494,0.0,0.0
2003-10-15 00:00:00+09:00,550.8480224609375,559.9030584465967,529.7196051610659,550.8480224609375,11810,0.0,0.0
2003-10-16 00:00:00+09:00,534.2471313476562,552.3572035967294,531.2287859728108,534.2471313476562,2326,0.0,0.0
2003-10-17 00:00:00+09:00,541.7929077148438,555.3754597188371,517.6461485966335,541.7929077148438,18858,0.0,0.0
2003-10-20 00:00:00+09:00,546.320556640625,556.8847662994216,534.2471741734288,546.320556640625,560,0.0,0.0
2003-10-21 00:00:00+09:00,547.8296508789062,556.8846864306237,529.7195797754713,547.8296508789062,3896,0.0,0.0
2003-10-22 00:00:00+09:00,543.3021240234375,546.3204691569011,529.7195709228516,543.3021240234375,20958,0.0,0.0
2003-10-23 00:00:00+09:00,552.357177734375,593.1048383869108,516.1370349321209,552.357177734375,105560,0.0,0.0
2003-10-24 00:00:00+09:00,517.6461791992188,615.7423939162718,513.1186615968932,517.6461791992188,211634,0.0,0.0
2003-10-27 00:00:00+09:00,504.06365966796875,535.7562849764338,485.9535880631315,504.06365966796875,48386,0.0,0.0
2003-10-28 00:00:00+09:00,507.08200073242193,526.7012448083788,488.97192927769254,507.0820007324219,48572,0.0,0.0
2003-10-29 00:00:00+09:00,501.04541015625006,520.664658144296,493.49954554546315,501.04541015625,27702,0.0,0.0
2003-10-30 00:00:00+09:00,470.86187744140625,498.0269857553335,467.8435320731921,470.86187744140625,44560,0.0,0.0
2003-10-31 00:00:00+09:00,463.3159790039063,485.95356755458573,458.7884612937704,463.31597900390625,18850,0.0,0.0
2003-11-03 00:00:00+09:00,452.7518005371093,481.4260812377929,451.24262786865233,452.7518005371094,13564,0.0,0.0
2003-11-04 00:00:00+09:00,470.86187744140625,470.86187744140625,445.205941811586,470.86187744140625,20126,0.0,0.0
2003-11-05 00:00:00+09:00,454.2608947753906,470.86179126219895,454.2608947753906,454.2608947753906,9720,0.0,0.0
2003-11-06 00:00:00+09:00,457.279296875,463.3159872627888,437.6600531146865,457.279296875,18828,0.0,0.0
2003-11-07 00:00:00+09:00,464.8251342773438,464.8251342773438,437.66002902736915,464.82513427734375,12670,0.0,0.0
2003-11-10 00:00:00+09:00,449.7335205078125,464.82524938391356,445.20600184498215,449.7335205078125,16914,0.0,0.0
2003-11-11 00:00:00+09:00,454.2608947753906,457.27923959117396,440.67834310436564,454.2608947753906,11924,0.0,0.0
2003-11-12 00:00:00+09:00,460.2976989746093,464.82521732517927,446.71514392289953,460.2976989746094,8014,0.0,0.0
2003-11-13 00:00:00+09:00,463.3159790039063,464.8251515739516,446.715080733408,463.31597900390625,12974,0.0,0.0
2003-11-14 00:00:00+09:00,448.2241821289062,463.3159054329098,448.2241821289062,448.22418212890625,4398,0.0,0.0
2003-11-17 00:00:00+09:00,458.7884826660157,463.31600058706186,446.7151015432258,458.7884826660156,3476,0.0,0.0
2003-11-18 00:00:00+09:00,434.6417236328125,457.2793134053548,407.4766159057617,434.6417236328125,16172,0.0,0.0
2003-11-19 00:00:00+09:00,436.1509094238281,443.69677290866946,425.5867005450503,436.1509094238281,20614,0.0,0.0
2003-11-20 00:00:00+09:00,436.1509094238281,437.6600821207964,431.62339133292335,436.1509094238281,20314,0.0,0.0
2003-11-21 00:00:00+09:00,433.1325378417969,437.66005565895847,422.568329601753,433.1325378417969,27454,0.0,0.0
2003-11-24 00:00:00+09:00,410.4949645996094,434.6417272231158,410.4949645996094,410.4949645996094,16708,0.0,0.0
2003-11-25 00:00:00+09:00,431.6233825683594,452.75179989688047,415.02248323880707,431.6233825683594,20750,0.0,0.0
2003-11-26 00:00:00+09:00,424.07748413085943,436.15086446198706,422.56831158946846,424.0774841308594,6556,0.0,0.0
2003-11-27 00:00:00+09:00,428.60498046875,437.6600152673856,408.9857384050396,428.60498046875,20824,0.0,0.0
2003-11-28 00:00:00+09:00,428.60498046875,437.6600152673856,416.5316007372359,428.60498046875,50564,0.0,0.0
2003-12-01 00:00:00+09:00,407.4765319824219,427.09577241120513,407.4765319824219,407.4765319824219,52152,0.0,0.0
2003-12-02 00:00:00+09:00,398.4215393066406,416.53160927512425,387.85733182502514,398.4215393066406,107740,0.0,0.0
2003-12-03 00:00:00+09:00,404.45819091796875,412.0040526888264,398.42150150128265,404.45819091796875,30852,0.0,0.0
2003-12-04 00:00:00+09:00,412.004150390625,412.004150390625,398.42159598214283,412.004150390625,37000,0.0,0.0
2003-12-05 00:00:00+09:00,410.4949645996094,415.02248259151685,405.96744660770196,410.4949645996094,42298,0.0,0.0
2003-12-08 00:00:00+09:00,408.9858093261719,410.49498205431274,393.8940820447633,408.9858093261719,19182,0.0,0.0
2003-12-09 00:00:00+09:00,401.4399108886719,422.56832725123354,395.40322049936856,401.4399108886719,66248,0.0,0.0
2003-12-10 00:00:00+09:00,401.4399108886719,413.51329166727857,392.38487530471684,401.4399108886719,34764,0.0,0.0
2003-12-11 00:00:00+09:00,404.45819091796875,407.4765356263118,392.38481208459655,404.45819091796875,49838,0.0,0.0
2003-12-12 00:00:00+09:00,452.7518005371093,452.7518005371093,405.96744781494135,452.7518005371094,552296,0.0,0.0
2003-12-15 00:00:00+09:00,476.89849853515625,490.4810507086259,452.7517391156547,476.89849853515625,420514,0.0,0.0
2003-12-16 00:00:00+09:00,445.20584106445307,476.8984602588718,436.1508070089049,445.2058410644531,229262,0.0,0.0
2003-12-17 00:00:00+09:00,427.09588623046875,443.69678640197105,425.58671348760487,427.09588623046875,171548,0.0,0.0
2003-12-18 00:00:00+09:00,416.5315856933594,431.623309812684,413.51324086949444,416.5315856933594,117544,0.0,0.0
2003-12-19 00:00:00+09:00,427.09588623046875,434.641749944788,408.98581331610256,427.09588623046875,151794,0.0,0.0
2003-12-22 00:00:00+09:00,419.5499572753906,452.7517524554575,413.5132672426512,419.5499572753906,147106,0.0,0.0
2003-12-23 00:00:00+09:00,396.91241455078125,428.60504080768777,393.8940691929807,396.91241455078125,117626,0.0,0.0
2003-12-24 00:00:00+09:00,395.4032287597656,402.9490919040359,390.8757108732034,395.4032287597656,83636,0.0,0.0
2003-12-25 00:00:00+09:00,395.4032287597656,395.4032287597656,395.4032287597656,395.4032287597656,0,0.0,0.0
2003-12-26 00:00:00+09:00,380.3114929199219,396.91239142039467,375.78397514706563,380.3114929199219,83872,0.0,0.0
2003-12-29 00:00:00+09:00,381.8206481933594,407.4765810759171,368.2380954908288,381.8206481933594,70232,0.0,0.0
2003-12-30 00:00:00+09:00,386.34814453125,412.0040760040284,377.2931098937988,386.34814453125,37674,0.0,0.0
2003-12-31 00:00:00+09:00,386.34814453125,386.34814453125,386.34814453125,386.34814453125,0,0.0,0.0
2004-01-01 00:00:00+09:00,386.34814453125,386.34814453125,386.34814453125,386.34814453125,0,0.0,0.0
2004-01-02 00:00:00+09:00,377.2931823730469,402.94911877441405,374.2748369140625,377.2931823730469,84140,0.0,0.0
2004-01-05 00:00:00+09:00,387.85729980468756,387.85729980468756,375.78392082244045,387.8572998046875,30704,0.0,0.0
2004-01-06 00:00:00+09:00,383.32983398437494,392.38486943282476,378.80231626015006,383.329833984375,14032,0.0,0.0
2004-01-07 00:00:00+09:00,368.238037109375,389.366449074667,366.72886482613984,368.238037109375,90994,0.0,0.0
2004-01-08 00:00:00+09:00,372.765625,374.2747975708502,365.219762145749,372.765625,38022,0.0,0.0
2004-01-09 00:00:00+09:00,371.25640869140625,384.8389602288967,366.7288915122428,371.25640869140625,46070,0.0,0.0
2004-01-12 00:00:00+09:00,368.238037109375,375.7838985255507,366.72886482613984,368.238037109375,30038,0.0,0.0
2004-01-13 00:00:00+09:00,368.238037109375,374.2747262423156,362.2013479764344,368.238037109375,59752,0.0,0.0
2004-01-14 00:00:00+09:00,386.34814453125,392.38483428955084,368.23807525634766,386.34814453125,109968,0.0,0.0
2004-01-15 00:00:00+09:00,374.2748107910156,389.36653703258884,374.2748107910156,374.2748107910156,80398,0.0,0.0
2004-01-16 00:00:00+09:00,369.7472229003906,390.8756356375558,366.7288782236527,369.7472229003906,129264,0.0,0.0
2004-01-19 00:00:00+09:00,363.7106018066406,377.2931554010795,362.2014291850363,363.7106018066406,128726,0.0,0.0
2004-01-20 00:00:00+09:00,359.1831359863281,369.74734586827896,353.1464446252134,359.1831359863281,104834,0.0,0.0
2004-01-21 00:00:00+09:00,359.1831359863281,359.1831359863281,359.1831359863281,359.1831359863281,0,0.0,0.0
2004-01-22 00:00:00+09:00,359.1831359863281,359.1831359863281,359.1831359863281,359.1831359863281,0,0.0,0.0
2004-01-23 00:00:00+09:00,359.1831359863281,359.1831359863281,359.1831359863281,359.1831359863281,0,0.0,0.0
2004-01-26 00:00:00+09:00,360.69219970703125,368.2380616255884,354.6555101721856,360.69219970703125,75630,0.0,0.0
2004-01-27 00:00:00+09:00,345.6004943847656,365.21973642407545,338.0546320619541,345.6004943847656,143148,0.0,0.0
2004-01-28 00:00:00+09:00,353.1463928222656,357.6739106789613,341.07301187107703,353.1463928222656,104164,0.0,0.0
2004-01-29 00:00:00+09:00,359.1831359863281,366.7290001877216,336.5455433821478,359.1831359863281,75614,0.0,0.0
2004-01-30 00:00:00+09:00,371.25640869140625,386.3481326219512,348.6188227955888,371.25640869140625,100374,0.0,0.0
2004-02-02 00:00:00+09:00,353.1463928222656,371.25646424904846,353.1463928222656,353.1463928222656,21154,0.0,0.0
2004-02-03 00:00:00+09:00,359.1831359863281,362.2014816668855,332.01802486131174,359.1831359863281,135220,0.0,0.0
2004-02-04 00:00:00+09:00,348.61883544921875,359.18304258404356,347.10966300138665,348.61883544921875,46546,0.0,0.0
2004-02-05 00:00:00+09:00,348.61883544921875,356.16469768837936,342.5821456578903,348.61883544921875,38770,0.0,0.0
2004-02-06 00:00:00+09:00,369.7472229003906,374.27473991549743,344.0912931481186,369.7472229003906,79278,0.0,0.0
2004-02-09 00:00:00+09:00,386.34814453125,386.34814453125,357.6738681793213,386.34814453125,17500,0.0,0.0
2004-02-10 00:00:00+09:00,399.9307556152344,399.9307556152344,374.2748203493514,399.9307556152344,31530,0.0,0.0
2004-02-11 00:00:00+09:00,398.4215393066406,404.4582292961352,377.29312434340966,398.4215393066406,46658,0.0,0.0
2004-02-12 00:00:00+09:00,395.4032287597656,404.45826453289,380.3115024712249,395.4032287597656,22224,0.0,0.0
2004-02-13 00:00:00+09:00,380.3114929199219,395.40321882944255,375.78397514706563,380.3114929199219,51642,0.0,0.0
2004-02-16 00:00:00+09:00,395.4032287597656,395.4032287597656,356.16474040955984,395.4032287597656,24766,0.0,0.0
2004-02-17 00:00:00+09:00,392.3848876953125,398.4215782752404,377.2931612454928,392.3848876953125,16802,0.0,0.0
2004-02-18 00:00:00+09:00,389.3666076660156,398.4216450535974,377.2932244825733,389.3666076660156,18756,0.0,0.0
2004-02-19 00:00:00+09:00,371.25640869140625,383.32978783584224,371.25640869140625,371.25640869140625,12470,0.0,0.0
2004-02-20 00:00:00+09:00,377.2931823730469,392.38490966796877,362.201455078125,377.2931823730469,13528,0.0,0.0
2004-02-23 00:00:00+09:00,357.6739196777344,389.366545471964,356.1647470208663,357.6739196777344,16248,0.0,0.0
2004-02-24 00:00:00+09:00,350.12811279296875,368.2381875926051,350.12811279296875,350.12811279296875,19210,0.0,0.0
2004-02-25 00:00:00+09:00,344.09136962890625,354.6555783455832,341.07302428128423,344.09136962890625,39964,0.0,0.0
2004-02-26 00:00:00+09:00,344.09136962890625,344.09136962890625,344.09136962890625,344.09136962890625,0,0.0,0.0
2004-02-27 00:00:00+09:00,344.09136962890625,344.09136962890625,344.09136962890625,344.09136962890625,0,0.0,0.0
2004-03-01 00:00:00+09:00,344.09136962890625,344.09136962890625,344.09136962890625,344.09136962890625,0,0.0,0.0
2004-03-02 00:00:00+09:00,303.34368896484375,303.34368896484375,303.34368896484375,303.34368896484375,6504,0.0,0.0
2004-03-03 00:00:00+09:00,267.1235656738281,267.1235656738281,267.1235656738281,267.1235656738281,10866,0.0,0.0
2004-03-04 00:00:00+09:00,273.1602783203125,283.7244879791091,256.5593774279178,273.1602783203125,438796,0.0,0.0
2004-03-05 00:00:00+09:00,268.6326904296875,273.1602076841204,253.54096624824436,268.6326904296875,238426,0.0,0.0
2004-03-08 00:00:00+09:00,273.1602783203125,294.2886976379057,262.59606866151586,273.1602783203125,45512,0.0,0.0
2004-03-09 00:00:00+09:00,273.1602783203125,285.2336607875086,259.57772304471683,273.1602783203125,59298,0.0,0.0
2004-03-10 00:00:00+09:00,267.1235656738281,280.70611986063295,264.10522029898266,267.1235656738281,23844,0.0,0.0
2004-03-11 00:00:00+09:00,262.59600830078125,276.1785604542699,259.5776633777838,262.59600830078125,38624,0.0,0.0
2004-03-12 00:00:00+09:00,261.08685302734375,273.1602335141573,241.46760973627167,261.08685302734375,38960,0.0,0.0
2004-03-15 00:00:00+09:00,261.08685302734375,282.2152688792675,242.97678229712335,261.08685302734375,82022,0.0,0.0
2004-03-16 00:00:00+09:00,253.54100036621097,261.08686347234817,247.50430988130117,253.54100036621094,46030,0.0,0.0
2004-03-17 00:00:00+09:00,265.6143798828125,265.6143798828125,253.54099897904828,265.6143798828125,14616,0.0,0.0
2004-03-18 00:00:00+09:00,265.6143798828125,265.6143798828125,256.5593442049893,265.6143798828125,21692,0.0,0.0
2004-03-19 00:00:00+09:00,268.6326904296875,268.6326904296875,261.0868283389659,268.6326904296875,17368,0.0,0.0
2004-03-22 00:00:00+09:00,286.7427978515625,286.7427978515625,256.55934544613484,286.7427978515625,39796,0.0,0.0
2004-03-23 00:00:00+09:00,319.944580078125,319.944580078125,276.17857619951354,319.944580078125,944628,0.0,0.0
2004-03-24 00:00:00+09:00,357.6739196777344,357.6739196777344,339.56384779531743,357.6739196777344,236352,0.0,0.0
2004-03-25 00:00:00+09:00,399.9307556152344,399.9307556152344,362.20143904775944,399.9307556152344,455192,0.0,0.0
2004-03-26 00:00:00+09:00,384.8390197753906,425.58668069278497,374.27481138939953,384.8390197753906,200030,0.0,0.0
2004-03-29 00:00:00+09:00,371.25640869140625,399.9306841594417,365.21971911918826,371.25640869140625,131132,0.0,0.0
2004-03-30 00:00:00+09:00,356.1647033691406,369.7472556162689,335.03628876249667,356.1647033691406,103512,0.0,0.0
2004-03-31 00:00:00+09:00,398.4215393066406,398.4215393066406,344.0913294011896,398.4215393066406,119118,0.0,0.0
2004-04-01 00:00:00+09:00,377.2931823730469,442.18760974121096,365.2198005371094,377.2931823730469,119692,0.0,0.0
2004-04-02 00:00:00+09:00,342.5821838378906,377.2931540064875,332.017975525709,342.5821838378906,128852,0.0,0.0
2004-04-05 00:00:00+09:00,342.5821838378906,342.5821838378906,342.5821838378906,342.5821838378906,0,0.0,0.0
2004-04-06 00:00:00+09:00,344.09136962890625,362.2014417146381,327.49047021698533,344.09136962890625,75784,0.0,0.0
2004-04-07 00:00:00+09:00,335.0363464355469,357.67393741092167,310.88958272848043,335.0363464355469,111372,0.0,0.0
2004-04-08 00:00:00+09:00,345.6004943847656,354.6555291721394,325.9812523454558,345.6004943847656,31358,0.0,0.0
2004-04-09 00:00:00+09:00,345.6004943847656,369.7472538177623,328.99959727458037,345.6004943847656,86972,0.0,0.0
2004-04-12 00:00:00+09:00,330.5088195800781,362.2014461151541,330.5088195800781,330.5088195800781,37528,0.0,0.0
2004-04-13 00:00:00+09:00,319.944580078125,338.0546506485849,313.9078898879717,319.944580078125,25120,0.0,0.0
2004-04-14 00:00:00+09:00,335.0363464355469,338.0546918989302,322.9629645820136,335.0363464355469,41710,0.0,0.0
2004-04-15 00:00:00+09:00,335.0363464355469,335.0363464355469,335.0363464355469,335.0363464355469,0,0.0,0.0
2004-04-16 00:00:00+09:00,344.09136962890625,347.1097149765282,328.99964289079634,344.09136962890625,42838,0.0,0.0
2004-04-19 00:00:00+09:00,328.9996032714844,347.10967317633674,325.9812582873423,328.9996032714844,14902,0.0,0.0
2004-04-20 00:00:00+09:00,335.0363464355469,335.0363464355469,316.92627365524703,335.0363464355469,24292,0.0,0.0
2004-04-21 00:00:00+09:00,327.49041748046875,345.6004866498956,319.9445553265409,327.49041748046875,26528,0.0,0.0
2004-04-22 00:00:00+09:00,336.5455017089844,338.0546743623879,307.87122129431754,336.5455017089844,65994,0.0,0.0
2004-04-23 00:00:00+09:00,316.92620849609375,341.0729672386533,297.3069670177641,316.92620849609375,68820,0.0,0.0
2004-04-26 00:00:00+09:00,321.4537353515625,350.12801221390845,303.34366575429135,321.4537353515625,22890,0.0,0.0
2004-04-27 00:00:00+09:00,327.49041748046875,332.01793477282547,310.8895207418275,327.49041748046875,11726,0.0,0.0
2004-04-28 00:00:00+09:00,318.4354248046875,351.63722265162176,307.8712163988448,318.4354248046875,110464,0.0,0.0
2004-04-29 00:00:00+09:00,313.90789794921875,316.9262431218074,298.8161720862755,313.90789794921875,32388,0.0,0.0
2004-04-30 00:00:00+09:00,316.92620849609375,328.9995878673735,301.83448428199404,316.92620849609375,11526,0.0,0.0
2004-05-03 00:00:00+09:00,316.92620849609375,316.92620849609375,301.83448428199404,316.92620849609375,21644,0.0,0.0
2004-05-04 00:00:00+09:00,319.944580078125,319.944580078125,301.83450950766513,319.944580078125,65200,0.0,0.0
2004-05-05 00:00:00+09:00,319.944580078125,319.944580078125,319.944580078125,319.944580078125,0,0.0,0.0
2004-05-06 00:00:00+09:00,319.9445788871951,344.0913395579268,309.38037109375,309.38037109375,9512,0.0,0.0
2004-05-07 00:00:00+09:00,310.8895436356707,328.9996141387195,301.8345083841463,309.38037109375,12198,0.0,0.0
2004-05-10 00:00:00+09:00,303.34366619284384,309.3803560673283,288.2519415066327,297.3069763183594,40750,0.0,0.0
2004-05-11 00:00:00+09:00,286.74278059554973,297.30698830170155,286.74278059554973,288.251953125,15334,0.0,0.0
2004-05-12 00:00:00+09:00,292.77946669820676,312.39870931200414,291.2702941894531,291.2702941894531,10510,0.0,0.0
2004-05-13 00:00:00+09:00,301.8345642089844,301.8345642089844,301.8345642089844,301.8345642089844,1844,0.0,0.0
2004-05-14 00:00:00+09:00,335.0363217002467,335.0363217002467,286.7427978515625,286.7427978515625,16804,0.0,0.0
2004-05-17 00:00:00+09:00,303.343719639729,318.4354469849891,277.6877831527867,292.7795104980469,26530,0.0,0.0
2004-05-18 00:00:00+09:00,292.77946936565894,298.81615945567256,274.6693990956182,277.687744140625,46202,0.0,0.0
2004-05-19 00:00:00+09:00,301.834519704183,301.834519704183,259.57768694559735,289.7611389160156,16560,0.0,0.0
2004-05-20 00:00:00+09:00,286.74278059554973,288.251953125,286.74278059554973,288.251953125,400,0.0,0.0
2004-05-21 00:00:00+09:00,283.7244355366492,288.251953125,283.7244355366492,288.251953125,36,0.0,0.0
2004-05-24 00:00:00+09:00,300.3253039735736,300.3253039735736,292.7794420646899,298.8161315917969,810,0.0,0.0
2004-05-25 00:00:00+09:00,271.65104435180046,300.3253212556016,264.1051820086949,297.3069763183594,34744,0.0,0.0
2004-05-26 00:00:00+09:00,297.3069763183594,297.3069763183594,297.3069763183594,297.3069763183594,0,0.0,0.0
2004-05-27 00:00:00+09:00,294.2886215381408,294.2886215381408,262.59600075711023,268.6326904296875,33116,0.0,0.0
2004-05-28 00:00:00+09:00,268.63272578338456,282.2152793342298,264.1052079331028,276.1785888671875,19348,0.0,0.0
2004-05-31 00:00:00+09:00,268.63272578338456,276.1785888671875,268.63272578338456,276.1785888671875,4130,0.0,0.0
2004-06-01 00:00:00+09:00,280.706069774842,280.706069774842,268.6326904296875,268.6326904296875,4060,0.0,0.0
2004-06-02 00:00:00+09:00,265.6144012765786,300.3253741706769,265.6144012765786,292.7795104980469,1196,0.0,0.0
2004-06-03 00:00:00+09:00,276.1785855293274,297.30700190862024,276.1785855293274,289.7611389160156,3404,0.0,0.0
2004-06-04 00:00:00+09:00,306.36204191509046,306.36204191509046,271.65107164884864,286.7427978515625,15448,0.0,0.0
2004-06-07 00:00:00+09:00,300.3253741706769,300.3253741706769,280.70612862183873,292.7795104980469,3206,0.0,0.0
2004-06-08 00:00:00+09:00,295.7978690905449,295.7978690905449,271.65110426682696,294.2886962890625,6870,0.0,0.0
2004-06-09 00:00:00+09:00,271.65106201171875,292.77947794596355,271.65106201171875,271.65106201171875,7884,0.0,0.0
2004-06-10 00:00:00+09:00,271.6510923661013,282.2153015136719,271.6510923661013,282.2153015136719,8208,0.0,0.0
2004-06-11 00:00:00+09:00,271.65110486619017,285.2336601094997,271.65110486619017,283.7244873046875,6602,0.0,0.0
2004-06-14 00:00:00+09:00,271.6510352659761,274.6693801022647,265.61434559339887,268.6326904296875,18542,0.0,0.0
2004-06-15 00:00:00+09:00,268.63267338076116,270.141845703125,268.63267338076116,270.141845703125,2000,0.0,0.0
2004-06-16 00:00:00+09:00,259.5776814778646,271.65106201171875,259.5776814778646,271.65106201171875,6204,0.0,0.0
2004-06-17 00:00:00+09:00,265.6143287360335,270.141845703125,265.6143287360335,270.141845703125,5720,0.0,0.0
2004-06-18 00:00:00+09:00,267.1235617360761,282.21528838783183,267.1235617360761,280.70611572265625,30324,0.0,0.0
2004-06-21 00:00:00+09:00,274.66937255859375,274.66937255859375,271.6510278052026,274.66937255859375,6828,0.0,0.0
2004-06-22 00:00:00+09:00,292.77947794596355,292.77947794596355,268.6327168782552,271.65106201171875,2416,0.0,0.0
2004-06-23 00:00:00+09:00,271.6510540506114,277.687744140625,262.596018915591,277.687744140625,14354,0.0,0.0
2004-06-24 00:00:00+09:00,265.61434559339887,270.1418628478318,259.5776559208216,268.6326904296875,12980,0.0,0.0
2004-06-25 00:00:00+09:00,267.12352568527746,267.12352568527746,262.59600830078125,262.59600830078125,2180,0.0,0.0
2004-06-28 00:00:00+09:00,265.6143717447917,274.66940714518233,262.59602661132817,271.65106201171875,7028,0.0,0.0
2004-06-29 00:00:00+09:00,258.0685337611607,292.77950613839283,258.0685337611607,285.233642578125,246,0.0,0.0
2004-06-30 00:00:00+09:00,265.614377339681,292.7794841130575,265.614377339681,289.7611389160156,3574,0.0,0.0
2004-07-01 00:00:00+09:00,298.81620143615095,298.81620143615095,292.7795104980469,292.7795104980469,4,0.0,0.0
2004-07-02 00:00:00+09:00,300.3252889943677,300.3252889943677,259.57763671875,259.57763671875,34,0.0,0.0
2004-07-05 00:00:00+09:00,282.2152617081352,282.2152617081352,258.0685013480808,277.687744140625,4610,0.0,0.0
2004-07-06 00:00:00+09:00,298.8161364103618,298.8161364103618,258.0684814453125,258.0684814453125,22116,0.0,0.0
2004-07-07 00:00:00+09:00,253.54099897904828,265.6143798828125,253.54099897904828,265.6143798828125,8908,0.0,0.0
2004-07-08 00:00:00+09:00,256.5593314034598,264.1051940917969,256.5593314034598,264.1051940917969,2802,0.0,0.0
2004-07-09 00:00:00+09:00,265.6143798828125,265.6143798828125,265.6143798828125,265.6143798828125,240,0.0,0.0
2004-07-12 00:00:00+09:00,255.05018400304456,268.6327381807215,255.05018400304456,256.5593566894531,2602,0.0,0.0
2004-07-13 00:00:00+09:00,256.5593184547863,262.59600830078125,253.5409735317888,262.59600830078125,13784,0.0,0.0
2004-07-14 00:00:00+09:00,283.7244512384588,283.7244512384588,265.6143798828125,265.6143798828125,10220,0.0,0.0
2004-07-15 00:00:00+09:00,283.7244414401192,283.7244414401192,253.54099022308523,261.08685302734375,7584,0.0,0.0
2004-07-16 00:00:00+09:00,274.6693879927712,274.6693879927712,244.48593876279634,262.59600830078125,3346,0.0,0.0
2004-07-19 00:00:00+09:00,244.48593876279634,268.63269814677625,244.48593876279634,262.59600830078125,2006,0.0,0.0
2004-07-20 00:00:00+09:00,244.48592979029604,271.65103310032896,244.48592979029604,258.0684814453125,3876,0.0,0.0
2004-07-21 00:00:00+09:00,256.5593442049893,265.6143798828125,256.5593442049893,265.6143798828125,1002,0.0,0.0
2004-07-22 00:00:00+09:00,244.48596666530221,265.61438353761224,244.48596666530221,252.03182983398438,882,0.0,0.0
2004-07-23 00:00:00+09:00,274.6693801022647,274.6693801022647,247.50427657566712,268.6326904296875,23796,0.0,0.0
2004-07-26 00:00:00+09:00,286.7427978515625,286.7427978515625,286.7427978515625,286.7427978515625,2,0.0,0.0
2004-07-27 00:00:00+09:00,265.6143382984203,283.7244068187672,256.5593040382469,274.66937255859375,27812,0.0,0.0
2004-07-28 00:00:00+09:00,282.2152645438058,282.2152645438058,252.03181379045756,264.1051940917969,5036,0.0,0.0
2004-07-29 00:00:00+09:00,274.6693879927712,274.6693879927712,241.46759383979887,262.59600830078125,6346,0.0,0.0
2004-07-30 00:00:00+09:00,289.7611416903409,289.7611416903409,247.5043085271662,265.6143798828125,3124,0.0,0.0
2004-08-02 00:00:00+09:00,262.59600830078125,262.59600830078125,262.59600830078125,262.59600830078125,0,0.0,0.0
2004-08-03 00:00:00+09:00,279.1969248453776,279.1969248453776,247.50430094401045,271.65106201171875,6312,0.0,0.0
2004-08-04 00:00:00+09:00,270.141870608275,271.6510430697737,262.59600830078125,262.59600830078125,10000,0.0,0.0
2004-08-05 00:00:00+09:00,262.5960255881954,262.5960255881954,250.52264510138184,261.08685302734375,17904,0.0,0.0
2004-08-06 00:00:00+09:00,262.59600830078125,262.59600830078125,262.59600830078125,262.59600830078125,6,0.0,0.0
2004-08-09 00:00:00+09:00,242.97678324381513,277.68775227864586,242.97678324381513,271.65106201171875,1704,0.0,0.0
2004-08-10 00:00:00+09:00,280.706069774842,280.706069774842,244.4859317393785,268.6326904296875,2102,0.0,0.0
2004-08-11 00:00:00+09:00,236.94009297688805,298.81616821289066,236.94009297688805,249.0134735107422,91734,0.0,0.0
2004-08-12 00:00:00+09:00,265.6143532237787,265.6143532237787,241.46759383979887,262.59600830078125,6596,0.0,0.0
2004-08-13 00:00:00+09:00,253.54101092998798,259.57770166641626,235.43093872070312,235.43093872070312,19404,0.0,0.0
2004-08-16 00:00:00+09:00,232.41263001223646,253.54105092243978,232.41263001223646,250.522705078125,13428,0.0,0.0
2004-08-17 00:00:00+09:00,261.08686347234817,261.08686347234817,242.97679201761883,253.54100036621094,6,0.0,0.0
2004-08-18 00:00:00+09:00,244.48596263637205,255.05017089843753,241.46761741863907,255.0501708984375,3900,0.0,0.0
2004-08-19 00:00:00+09:00,265.61436662946426,265.61436662946426,242.9767785644531,264.1051940917969,4404,0.0,0.0
2004-08-20 00:00:00+09:00,276.17853209029795,276.17853209029795,259.57763671875,259.57763671875,1266,0.0,0.0
2004-08-23 00:00:00+09:00,256.5593566894531,256.5593566894531,256.5593566894531,256.5593566894531,0,0.0,0.0
2004-08-24 00:00:00+09:00,241.46761067708334,270.141889444987,226.37588500976565,249.0134735107422,31112,0.0,0.0
2004-08-25 00:00:00+09:00,255.05018400304456,256.5593566894531,255.05018400304456,256.5593566894531,2578,0.0,0.0
2004-08-26 00:00:00+09:00,256.5593566894531,256.5593566894531,256.5593566894531,256.5593566894531,20,0.0,0.0
2004-08-27 00:00:00+09:00,241.46761741863907,255.05017089843753,235.4309269831731,255.0501708984375,1182,0.0,0.0
2004-08-30 00:00:00+09:00,265.61436244419644,265.61436244419644,224.86670456923449,232.41256713867188,15618,0.0,0.0
2004-08-31 00:00:00+09:00,247.50432701110842,247.50432701110842,221.8483906745911,241.46763610839844,6074,0.0,0.0
2004-09-01 00:00:00+09:00,250.52270507812503,250.52270507812503,235.4309758565512,250.522705078125,5706,0.0,0.0
2004-09-02 00:00:00+09:00,235.4309308628836,256.5593477351937,235.4309308628836,252.03182983398438,150,0.0,0.0
2004-09-03 00:00:00+09:00,241.4675690406977,259.57763671875,241.4675690406977,259.57763671875,3802,0.0,0.0
2004-09-06 00:00:00+09:00,267.12354327075053,267.12354327075053,247.50429997967845,261.08685302734375,3344,0.0,0.0
2004-09-07 00:00:00+09:00,235.43093907973346,256.5593566894531,235.43093907973346,256.5593566894531,1004,0.0,0.0
2004-09-08 00:00:00+09:00,255.05017282586348,286.7427978515625,238.44927400287827,286.7427978515625,85414,0.0,0.0
2004-09-09 00:00:00+09:00,319.944580078125,319.944580078125,319.944580078125,319.944580078125,82014,0.0,0.0
2004-09-10 00:00:00+09:00,354.6555783455832,357.67392369320515,332.0179882384183,344.09136962890625,299086,0.0,0.0
2004-09-13 00:00:00+09:00,359.18309057500375,359.18309057500375,303.3437025444359,315.4170837402344,141014,0.0,0.0
2004-09-14 00:00:00+09:00,304.8528365348149,324.47207849002575,291.2702844119766,310.8895263671875,23566,0.0,0.0
2004-09-15 00:00:00+09:00,288.25193949579034,335.0362856966778,288.25193949579034,310.8895263671875,27162,0.0,0.0
2004-09-16 00:00:00+09:00,292.77946936565894,312.3987121582031,286.7427792756454,312.3987121582031,23188,0.0,0.0
2004-09-17 00:00:00+09:00,322.9629426929058,322.9629426929058,289.76114484597156,318.4354248046875,5824,0.0,0.0
2004-09-20 00:00:00+09:00,321.45381088256835,321.45381088256835,282.2153175354004,301.8345642089844,35018,0.0,0.0
2004-09-21 00:00:00+09:00,286.7428329143118,301.8345609624335,283.7244873046875,283.7244873046875,7548,0.0,0.0
2004-09-22 00:00:00+09:00,298.8162146935096,307.8712515024039,276.17862267127407,294.2886962890625,4454,0.0,0.0
2004-09-23 00:00:00+09:00,304.85283866146494,304.85283866146494,274.66938928904267,297.3069763183594,44,0.0,0.0
2004-09-24 00:00:00+09:00,297.3069763183594,297.3069763183594,297.3069763183594,297.3069763183594,26,0.0,0.0
2004-09-27 00:00:00+09:00,297.3069763183594,297.3069763183594,297.3069763183594,297.3069763183594,0,0.0,0.0
2004-09-28 00:00:00+09:00,297.3069763183594,297.3069763183594,297.3069763183594,297.3069763183594,0,0.0,0.0
2004-09-29 00:00:00+09:00,297.3069763183594,297.3069763183594,297.3069763183594,297.3069763183594,0,0.0,0.0
2004-09-30 00:00:00+09:00,274.66943768373466,292.7795104980469,271.65109221468265,292.7795104980469,2144,0.0,0.0
2004-10-01 00:00:00+09:00,306.3620383104487,306.3620383104487,300.3253479003906,300.3253479003906,4,0.0,0.0
2004-10-04 00:00:00+09:00,270.141881528108,297.3069869331691,267.1235364831012,277.687744140625,5032,0.0,0.0
2004-10-05 00:00:00+09:00,303.34367702318275,303.34367702318275,265.6143639605978,277.687744140625,2008,0.0,0.0
2004-10-06 00:00:00+09:00,285.233606753142,285.233606753142,259.57767387058425,277.687744140625,2330,0.0,0.0
2004-10-07 00:00:00+09:00,298.81621606310426,298.81621606310426,265.6144142783149,273.1602783203125,12064,0.0,0.0
2004-10-08 00:00:00+09:00,280.70611572265625,280.70611572265625,262.5960437405494,280.70611572265625,1702,0.0,0.0
2004-10-11 00:00:00+09:00,300.32536036993866,300.32536036993866,271.65107973160286,280.70611572265625,2374,0.0,0.0
2004-10-12 00:00:00+09:00,306.3620374997457,306.3620374997457,271.65106773376465,289.7611389160156,5360,0.0,0.0
2004-10-13 00:00:00+09:00,286.7427964643998,286.7427964643998,265.6143798828125,265.6143798828125,4840,0.0,0.0
2004-10-14 00:00:00+09:00,261.086863306949,286.7427978515625,261.086863306949,286.7427978515625,2408,0.0,0.0
2004-10-15 00:00:00+09:00,271.65106201171875,271.65106201171875,271.65106201171875,271.65106201171875,0,0.0,0.0
2004-10-18 00:00:00+09:00,300.3253407796224,300.3253407796224,261.08685404459635,271.65106201171875,4098,0.0,0.0
2004-10-19 00:00:00+09:00,256.55933634440106,283.72444254557297,256.55933634440106,271.65106201171875,6124,0.0,0.0
2004-10-20 00:00:00+09:00,285.2336514859586,285.2336514859586,256.5593690614443,279.19696044921875,1842,0.0,0.0
2004-10-21 00:00:00+09:00,253.5409735317888,288.25194014625987,253.5409735317888,262.59600830078125,9856,0.0,0.0
2004-10-22 00:00:00+09:00,289.7611126077586,289.7611126077586,255.05014599328754,262.59600830078125,9472,0.0,0.0
2004-10-25 00:00:00+09:00,247.50427460252192,285.23358475534536,247.50427460252192,258.0684814453125,7692,0.0,0.0
2004-10-26 00:00:00+09:00,282.2153015136719,282.2153015136719,241.4676376587567,282.2153015136719,2006,0.0,0.0
2004-10-27 00:00:00+09:00,256.55934174855554,292.7794841130575,256.55934174855554,289.7611389160156,21606,0.0,0.0
2004-10-28 00:00:00+09:00,256.55937625200323,294.2886962890625,256.55937625200323,294.2886962890625,4,0.0,0.0
2004-10-29 00:00:00+09:00,310.8895263671875,310.8895263671875,310.8895263671875,310.8895263671875,2,0.0,0.0
2004-11-01 00:00:00+09:00,274.66937255859375,304.85282009250517,274.66937255859375,274.66937255859375,20132,0.0,0.0
2004-11-02 00:00:00+09:00,286.7428197197736,286.7428197197736,279.1969560429374,282.2153015136719,2040,0.0,0.0
2004-11-03 00:00:00+09:00,298.81620160271143,298.81620160271143,271.6510923661013,282.2153015136719,2004,0.0,0.0
2004-11-04 00:00:00+09:00,261.0868620439009,291.2703143033114,261.0868620439009,265.6143798828125,11386,0.0,0.0
2004-11-05 00:00:00+09:00,265.61436662946426,291.27029976981026,264.1051940917969,264.1051940917969,13702,0.0,0.0
2004-11-08 00:00:00+09:00,295.79783357319076,295.79783357319076,259.5776906866776,286.7427978515625,8,0.0,0.0
2004-11-09 00:00:00+09:00,294.28865952925247,294.28865952925247,265.6143798828125,265.6143798828125,8210,0.0,0.0
2004-11-10 00:00:00+09:00,264.10517317525455,279.19689735669766,264.10517317525455,268.6326904296875,3736,0.0,0.0
2004-11-11 00:00:00+09:00,279.196919468471,279.196919468471,256.5593314034598,264.1051940917969,7006,0.0,0.0
2004-11-12 00:00:00+09:00,259.5777064732143,294.28867885044644,259.5777064732143,285.233642578125,29410,0.0,0.0
2004-11-15 00:00:00+09:00,262.5960165231339,294.2886392069604,261.08684401438023,291.2702941894531,2046,0.0,0.0
2004-11-16 00:00:00+09:00,297.3069663744294,297.3069663744294,268.6326904296875,268.6326904296875,6690,0.0,0.0
2004-11-17 00:00:00+09:00,297.3069869331691,297.3069869331691,268.6327090056046,277.687744140625,6208,0.0,0.0
2004-11-18 00:00:00+09:00,267.1235180115432,291.27027670185214,267.1235180115432,268.6326904296875,7604,0.0,0.0
2004-11-19 00:00:00+09:00,271.65107101690575,276.1785888671875,270.1418984001451,276.1785888671875,13770,0.0,0.0
2004-11-22 00:00:00+09:00,271.65106201171875,276.1785797119141,271.65106201171875,271.65106201171875,6350,0.0,0.0
2004-11-23 00:00:00+09:00,268.63268305181145,274.66937255859375,268.63268305181145,274.66937255859375,7064,0.0,0.0
2004-11-24 00:00:00+09:00,274.6693990956182,277.687744140625,274.6693990956182,277.687744140625,3022,0.0,0.0
2004-11-25 00:00:00+09:00,276.1785888671875,277.68776148394807,271.65107101690575,276.1785888671875,17102,0.0,0.0
2004-11-26 00:00:00+09:00,283.72444254557297,283.72444254557297,265.6143717447917,271.65106201171875,30134,0.0,0.0
2004-11-29 00:00:00+09:00,271.6510278052026,274.66937255859375,268.63268305181145,274.66937255859375,11840,0.0,0.0
2004-11-30 00:00:00+09:00,277.6877173119849,277.6877173119849,271.6510278052026,274.66937255859375,1022,0.0,0.0
2004-12-01 00:00:00+09:00,268.63268305181145,274.66937255859375,267.1235106751159,274.66937255859375,24980,0.0,0.0
2004-12-02 00:00:00+09:00,262.5960353163422,276.1785888671875,262.5960353163422,276.1785888671875,1352,0.0,0.0
2004-12-03 00:00:00+09:00,268.63267338076116,283.72439660439943,268.63267338076116,270.141845703125,1424,0.0,0.0
2004-12-06 00:00:00+09:00,285.23361511230473,285.23361511230473,271.65106201171875,271.65106201171875,7556,0.0,0.0
2004-12-07 00:00:00+09:00,265.6143287360335,271.65101802548884,265.6143287360335,270.141845703125,3300,0.0,0.0
2004-12-08 00:00:00+09:00,283.72444254557297,301.8345133463542,271.65106201171875,271.65106201171875,2850,0.0,0.0
2004-12-09 00:00:00+09:00,286.7427876790365,286.7427876790365,271.65106201171875,271.65106201171875,2802,0.0,0.0
2004-12-10 00:00:00+09:00,273.16023457845057,273.16023457845057,271.65106201171875,271.65106201171875,5410,0.0,0.0
2004-12-13 00:00:00+09:00,286.7427515721583,286.7427515721583,268.63268305181145,274.66937255859375,9906,0.0,0.0
2004-12-14 00:00:00+09:00,286.7428063833585,286.7428063833585,271.65107973160286,280.70611572265625,4744,0.0,0.0
2004-12-15 00:00:00+09:00,273.1602001818982,274.66937255859375,271.6510278052026,274.66937255859375,10620,0.0,0.0
2004-12-16 00:00:00+09:00,292.77946936565894,292.77946936565894,271.6510540506114,277.687744140625,8192,0.0,0.0
2004-12-17 00:00:00+09:00,271.65107973160286,286.7428063833585,271.65107973160286,280.70611572265625,9382,0.0,0.0
2004-12-20 00:00:00+09:00,280.70608918563175,280.70608918563175,277.687744140625,277.687744140625,4086,0.0,0.0
2004-12-21 00:00:00+09:00,300.3253407796224,300.3253407796224,271.65106201171875,271.65106201171875,42,0.0,0.0
2004-12-22 00:00:00+09:00,273.16026088169644,286.74281529017856,271.65108816964283,285.233642578125,6174,0.0,0.0
2004-12-23 00:00:00+09:00,273.16024426912,286.7427978515625,268.6327264083059,286.7427978515625,25296,0.0,0.0
2004-12-24 00:00:00+09:00,258.06849091628504,295.7978024537536,258.06849091628504,262.59600830078125,11122,0.0,0.0
2004-12-27 00:00:00+09:00,268.63268305181145,288.25192394885386,268.63268305181145,274.66937255859375,3230,0.0,0.0
2004-12-28 00:00:00+09:00,274.66940714518233,274.66940714518233,268.6327168782552,271.65106201171875,18596,0.0,0.0
2004-12-29 00:00:00+09:00,256.5593184547863,274.6693879927712,256.5593184547863,262.59600830078125,15664,0.0,0.0
2004-12-30 00:00:00+09:00,291.2702941894531,291.2702941894531,265.6143615406412,291.2702941894531,6008,0.0,0.0
2005-01-03 00:00:00+09:00,265.61441306089745,295.7978690905449,265.61441306089745,294.2886962890625,4988,0.0,0.0
2005-01-04 00:00:00+09:00,298.8161305857229,298.8161305857229,270.14185542850703,274.66937255859375,9030,0.0,0.0
2005-01-05 00:00:00+09:00,274.6694162504269,277.68776148394807,274.6694162504269,276.1785888671875,15144,0.0,0.0
2005-01-06 00:00:00+09:00,271.6510553010471,301.83450589005236,271.6510553010471,288.251953125,16976,0.0,0.0
2005-01-07 00:00:00+09:00,286.7428242451436,294.28868804106844,273.1602694124789,279.19696044921875,13550,0.0,0.0
2005-01-10 00:00:00+09:00,312.3987202761796,312.3987202761796,280.7060964800454,306.3620300292969,11308,0.0,0.0
2005-01-11 00:00:00+09:00,291.2703544616699,315.41711959838864,291.2703544616699,301.8345642089844,16484,0.0,0.0
2005-01-12 00:00:00+09:00,301.83450204354745,325.98126220703125,291.2702944720233,325.98126220703125,22584,0.0,0.0
2005-01-13 00:00:00+09:00,304.85288381358805,351.63723727012876,304.85288381358805,330.5088195800781,18216,0.0,0.0
2005-01-14 00:00:00+09:00,330.5087602887835,330.5087602887835,313.9078636532738,316.92620849609375,23076,0.0,0.0
2005-01-17 00:00:00+09:00,347.1097106933594,348.6188833485479,322.9629482103431,347.1097106933594,12750,0.0,0.0
2005-01-18 00:00:00+09:00,341.0730284251035,341.0730284251035,325.9813015036387,330.5088195800781,8274,0.0,0.0
2005-01-19 00:00:00+09:00,350.1280462091619,350.1280462091619,316.9262487238104,332.0179748535156,6606,0.0,0.0
2005-01-20 00:00:00+09:00,368.2381324098821,368.2381324098821,322.96295219555236,344.09136962890625,11510,0.0,0.0
2005-01-21 00:00:00+09:00,347.10968017578125,347.10968017578125,307.87119459069294,312.3987121582031,54508,0.0,0.0
2005-01-24 00:00:00+09:00,322.96293917569244,333.5271474664861,307.8712130459872,332.0179748535156,13912,0.0,0.0
2005-01-25 00:00:00+09:00,319.9445553265409,328.9995899112543,312.39869317261304,327.49041748046875,10586,0.0,0.0
2005-01-26 00:00:00+09:00,316.9262271457248,359.18305743182145,316.9262271457248,325.98126220703125,7160,0.0,0.0
2005-01-27 00:00:00+09:00,301.83449161862865,347.1096653614229,301.83449161862865,310.8895263671875,5150,0.0,0.0
2005-01-28 00:00:00+09:00,304.8528495456861,330.5087824282439,304.8528495456861,312.3987121582031,14124,0.0,0.0
2005-01-31 00:00:00+09:00,307.87118838248995,344.0913281921947,307.87118838248995,328.9996032714844,37358,0.0,0.0
2005-02-01 00:00:00+09:00,332.0179876880111,345.60054172979335,322.96295166015625,322.96295166015625,1336,0.0,0.0
2005-02-02 00:00:00+09:00,344.09136067708334,344.09136067708334,322.9629437934028,339.5638427734375,7088,0.0,0.0
2005-02-03 00:00:00+09:00,339.5638470157914,374.27481804407233,335.0363290555809,336.5455017089844,45422,0.0,0.0
2005-02-04 00:00:00+09:00,351.63723374945096,375.78399658203125,345.60054304130585,375.78399658203125,64138,0.0,0.0
2005-02-07 00:00:00+09:00,389.36654730404126,416.531655255486,365.2197846805348,410.4949645996094,0,0.0,0.0
2005-02-11 00:00:00+09:00,399.9306702790437,421.0590830485026,393.89398091634115,407.4765319824219,44792,0.0,0.0
2005-02-14 00:00:00+09:00,416.53158353784266,455.7700660450308,392.3848250718808,405.9673767089844,290472,0.0,0.0
2005-02-15 00:00:00+09:00,407.47654911310696,407.47654911310696,396.91234228424867,405.9673767089844,30484,0.0,0.0
2005-02-16 00:00:00+09:00,407.47657429088247,407.47657429088247,389.3665043223988,398.4215393066406,74532,0.0,0.0
2005-02-17 00:00:00+09:00,395.403241871881,396.91241455078125,377.29316972507723,396.91241455078125,23228,0.0,0.0
2005-02-18 00:00:00+09:00,422.5683500920865,422.5683500920865,383.3298604406785,396.91241455078125,58888,0.0,0.0
2005-02-21 00:00:00+09:00,431.6233628351886,431.6233628351886,396.91239309669436,401.4399108886719,63420,0.0,0.0
2005-02-22 00:00:00+09:00,422.56825538917826,422.56825538917826,395.4031532570168,407.4765319824219,55568,0.0,0.0
2005-02-23 00:00:00+09:00,407.4765319824219,407.4765319824219,387.8572915536386,407.4765319824219,55566,0.0,0.0
2005-02-24 00:00:00+09:00,389.36648447298285,455.7700709722513,389.36648447298285,451.2425537109375,97512,0.0,0.0
2005-02-25 00:00:00+09:00,458.7884686444257,504.0636464711782,458.7884686444257,502.5544738769531,354966,0.0,0.0
2005-02-28 00:00:00+09:00,553.8663681194347,561.4122314453125,543.3021594632057,561.4122314453125,448834,0.0,0.0
2005-03-02 00:00:00+09:00,603.6689779552577,626.3065646285798,498.0269068130876,541.7929077148438,553110,0.0,0.0
2005-03-03 00:00:00+09:00,534.2470886230469,553.86633199056,478.4077036539714,498.0269470214844,300168,0.0,0.0
2005-03-04 00:00:00+09:00,491.99025783476696,491.99025783476696,439.16921788318155,463.31597900390625,347108,0.0,0.0
2005-03-07 00:00:00+09:00,464.8251016306323,475.3893084858739,440.67834310436564,454.2608947753906,255780,0.0,0.0
2005-03-08 00:00:00+09:00,461.80682794671316,498.0269713150828,454.26096474496944,458.7884826660156,355652,0.0,0.0
2005-03-09 00:00:00+09:00,445.2059456056377,458.78849987835207,433.13256402989157,436.1509094238281,187346,0.0,0.0
2005-03-10 00:00:00+09:00,436.15084450843,440.67836192547253,410.49491247852234,439.169189453125,86358,0.0,0.0
2005-03-11 00:00:00+09:00,424.0775206378687,490.48111817547095,424.0775206378687,484.4444274902344,312402,0.0,0.0
2005-03-14 00:00:00+09:00,449.73339418821695,476.89849853515625,440.67835940590385,476.89849853515625,276412,0.0,0.0
2005-03-15 00:00:00+09:00,473.88016820836947,498.0269283718533,469.35265067771627,488.9718933105469,187986,0.0,0.0
2005-03-16 00:00:00+09:00,482.9352592983129,502.5545042073068,467.84353244524056,491.99029541015625,329750,0.0,0.0
2005-03-17 00:00:00+09:00,502.55449720408814,550.8480224609375,495.00863388270545,550.8480224609375,805396,0.0,0.0
2005-03-18 00:00:00+09:00,561.412139549684,579.5222085674156,516.1369670053546,537.265380859375,518538,0.0,0.0
2005-03-21 00:00:00+09:00,558.3938629303746,600.6506958007812,544.8113095077438,600.6506958007812,1095300,0.0,0.0
2005-03-22 00:00:00+09:00,597.632437133789,627.8158935546875,573.4856719970703,603.6691284179688,823952,0.0,0.0
2005-03-23 00:00:00+09:00,609.7057356400923,615.7424260919744,531.228759765625,531.228759765625,763934,0.0,0.0
2005-03-24 00:00:00+09:00,487.46268605878277,517.6461341119582,467.84344482421875,467.84344482421875,394826,0.0,0.0
2005-03-25 00:00:00+09:00,425.58667953700234,446.7150962516053,412.0041259347576,440.67840576171875,688310,0.0,0.0
2005-03-28 00:00:00+09:00,410.4949645996094,433.1325545591467,410.4949645996094,410.4949645996094,371674,0.0,0.0
2005-03-29 00:00:00+09:00,408.9857236336971,437.6599994604138,408.9857236336971,416.5315856933594,319398,0.0,0.0
2005-03-30 00:00:00+09:00,416.5315856933594,424.07744775302166,407.4765512217646,416.5315856933594,240302,0.0,0.0
2005-03-31 00:00:00+09:00,425.58670092080297,478.4077453613282,425.58670092080297,478.4077453613281,944270,0.0,0.0
2005-04-01 00:00:00+09:00,457.27931425587235,476.89855876189984,436.150897095535,455.7701416015625,390160,0.0,0.0
2005-04-04 00:00:00+09:00,445.20585878433724,467.84344482421875,443.69668638167843,467.84344482421875,195876,0.0,0.0
2005-04-06 00:00:00+09:00,464.8251910766217,510.10037202564325,464.8251910766217,478.4077453613281,391558,0.0,0.0
2005-04-07 00:00:00+09:00,482.93516885080646,495.0085480720766,466.33427242156,467.84344482421875,191942,0.0,0.0
2005-04-08 00:00:00+09:00,461.8068322188018,461.8068322188018,434.64172444122516,455.7701416015625,265410,0.0,0.0
2005-04-11 00:00:00+09:00,446.7150097985059,452.7516991201073,437.6599758161037,448.22418212890625,112592,0.0,0.0
2005-04-12 00:00:00+09:00,440.67845278880634,475.3894268098424,439.169280005283,460.2976989746094,109180,0.0,0.0
2005-04-13 00:00:00+09:00,473.88028670957425,473.88028670957425,445.20600184498215,449.7335205078125,68030,0.0,0.0
2005-04-14 00:00:00+09:00,442.1875777395148,449.7334408408717,422.5683336759868,430.11419677734375,268622,0.0,0.0
2005-04-15 00:00:00+09:00,434.6416330645161,434.6416330645161,408.9857033350134,421.05908203125,59272,0.0,0.0
2005-04-18 00:00:00+09:00,419.549914459684,472.3709468556874,377.2930885428813,404.45819091796875,147618,0.0,0.0
2005-04-19 00:00:00+09:00,407.4766515512935,464.82521732517927,407.4766515512935,460.2976989746094,194908,0.0,0.0
2005-04-20 00:00:00+09:00,475.3893260714374,490.4810507086259,458.78842897053005,476.89849853515625,212780,0.0,0.0
2005-04-21 00:00:00+09:00,452.7518220269795,473.8802403882385,440.67844010626004,469.35272216796875,124260,0.0,0.0
2005-04-22 00:00:00+09:00,495.0085373993348,538.7745361328125,470.861779477416,538.7745361328125,635410,0.0,0.0
2005-04-25 00:00:00+09:00,538.7746490478515,593.1048657585593,501.0453318876379,513.1187133789062,1104988,0.0,0.0
2005-04-26 00:00:00+09:00,513.1186186831656,544.8112392488904,446.7150327359323,454.2608947753906,865128,0.0,0.0
2005-04-27 00:00:00+09:00,467.8434141923426,467.8434141923426,390.875626696183,402.9490051269531,923722,0.0,0.0
2005-04-28 00:00:00+09:00,422.56831961268324,463.3159790039063,418.04080190254734,463.31597900390625,1016580,0.0,0.0
2005-04-29 00:00:00+09:00,443.6967163085937,476.8985114065157,422.56830124627976,443.69671630859375,448574,0.0,0.0
2005-05-02 00:00:00+09:00,464.8251953125,464.8251953125,410.49497767857144,412.004150390625,396790,0.0,0.0
2005-05-03 00:00:00+09:00,407.47659400912397,430.1141825651864,407.47659400912397,418.0408020019531,265892,0.0,0.0
2005-05-04 00:00:00+09:00,419.5500096530779,442.18760010198497,419.5500096530779,425.5867004394531,235198,0.0,0.0
2005-05-06 00:00:00+09:00,425.5865818568638,434.6416155133928,410.4948590959821,422.5682373046875,211298,0.0,0.0
2005-05-09 00:00:00+09:00,422.56830229176035,428.6049923244998,413.5132672426512,419.5499572753906,205744,0.0,0.0
2005-05-10 00:00:00+09:00,422.56829060299293,434.64167033450707,416.5316007372359,428.60498046875,128250,0.0,0.0
2005-05-11 00:00:00+09:00,434.64173336848154,491.9902954101562,434.64173336848154,491.99029541015625,645244,0.0,0.0
2005-05-12 00:00:00+09:00,528.2104573785302,564.4306030273438,513.118730024858,564.4306030273438,577694,0.0,0.0
2005-05-13 00:00:00+09:00,617.251628741096,648.9442551556756,502.5545045740464,513.1187133789062,2369570,0.0,0.0
2005-05-16 00:00:00+09:00,514.6278864111605,562.9214124086888,502.5545049117784,534.2471313476562,1647104,0.0,0.0
2005-05-17 00:00:00+09:00,549.3388325008538,614.2332550215591,522.1737253991632,552.357177734375,2961780,0.0,0.0
2005-05-18 00:00:00+09:00,547.8295530180691,578.0129994653456,505.57272799188195,540.28369140625,1738202,0.0,0.0
2005-05-19 00:00:00+09:00,620.2699650176584,620.2699650176584,547.8296771323844,550.8480224609375,2209878,0.0,0.0
2005-05-20 00:00:00+09:00,553.8663755077525,559.9030662489814,488.97195003954175,491.99029541015625,718444,0.0,0.0
2005-05-23 00:00:00+09:00,501.04533152199957,510.10036763384295,469.3527051305478,491.99029541015625,323182,0.0,0.0
2005-05-24 00:00:00+09:00,491.99037262330575,514.6279664556664,479.91698924604674,501.04541015625,456696,0.0,0.0
2005-05-25 00:00:00+09:00,504.0636184127242,522.1736885353371,482.9352032696759,488.9718933105469,371776,0.0,0.0
2005-05-26 00:00:00+09:00,493.4994591869437,511.6095310837123,482.93525058049534,487.4627685546875,352294,0.0,0.0
2005-05-27 00:00:00+09:00,504.0636184127242,510.1003084535952,472.3709956981518,488.9718933105469,390270,0.0,0.0
2005-05-30 00:00:00+09:00,490.48108516885543,525.192054273113,490.48108516885543,508.5911560058594,540796,0.0,0.0
2005-05-31 00:00:00+09:00,520.6645591937202,522.1737318290643,495.0086243928702,514.6278686523438,269242,0.0,0.0
2005-06-01 00:00:00+09:00,510.10031773158477,570.4672192382812,510.10031773158477,528.2103881835938,824038,0.0,0.0
2005-06-02 00:00:00+09:00,546.3204328510124,552.3571227167694,516.1369835222271,535.7562255859375,708282,0.0,0.0
2005-06-03 00:00:00+09:00,546.3205217633929,594.6140485491071,535.7563127790179,570.46728515625,1054374,0.0,0.0
2005-06-07 00:00:00+09:00,570.4671841677185,570.4671841677185,513.118631261969,541.7929077148438,731834,0.0,0.0
2005-06-08 00:00:00+09:00,543.3021135602678,564.4305290876116,520.6645254952566,528.2103881835938,729296,0.0,0.0
2005-06-09 00:00:00+09:00,528.2104218077517,534.2471123426974,496.5177964992866,504.06365966796875,456384,0.0,0.0
2005-06-10 00:00:00+09:00,504.0636464711782,517.646199819204,491.9902657173775,502.5544738769531,233906,0.0,0.0
2005-06-13 00:00:00+09:00,507.0819958459214,528.2104123395015,498.0269602058157,499.5361328125,200506,0.0,0.0
2005-06-14 00:00:00+09:00,488.9719630250143,505.57286300425864,487.46279029962847,493.4994812011719,274040,0.0,0.0
2005-06-15 00:00:00+09:00,493.4994383116026,505.5728190654033,488.97192052892734,502.5544738769531,203986,0.0,0.0
2005-06-16 00:00:00+09:00,504.0636353244671,537.2654316632045,501.0452902027637,522.1737060546875,282710,0.0,0.0
2005-06-17 00:00:00+09:00,514.6277565179869,525.1919626635174,508.59106729196947,519.1552734375,131366,0.0,0.0
2005-06-20 00:00:00+09:00,517.6462964862118,519.1554693622649,473.88028308067203,481.4261474609375,299332,0.0,0.0
2005-06-21 00:00:00+09:00,476.89858151105494,481.42609968995737,457.27933606914445,461.8068542480469,249308,0.0,0.0
2005-06-22 00:00:00+09:00,454.26096474496944,467.84351850810805,446.7151015432258,458.7884826660156,239218,0.0,0.0
2005-06-23 00:00:00+09:00,460.29774125800077,501.04541015625006,451.2427037250565,501.04541015625,420342,0.0,0.0
2005-06-24 00:00:00+09:00,485.95360428247693,505.5728491758689,470.86187744140625,470.86187744140625,215532,0.0,0.0
2005-06-27 00:00:00+09:00,467.8435239998549,496.5178045030718,460.2976607095346,487.4627685546875,188858,0.0,0.0
2005-06-28 00:00:00+09:00,487.46277283285264,495.0086361893984,476.89856413368864,484.4444274902344,155642,0.0,0.0
2005-06-29 00:00:00+09:00,487.46285385683365,511.6096206113517,484.44450801251884,501.04541015625,259174,0.0,0.0
2005-06-30 00:00:00+09:00,501.0452788100779,508.5911414427598,478.4076909120322,496.51776123046875,136010,0.0,0.0
2005-07-01 00:00:00+09:00,488.9719630250143,496.51782665194355,484.4444448488568,493.4994812011719,99578,0.0,0.0
2005-07-04 00:00:00+09:00,495.00860595703125,499.5361236944431,488.97191564048205,495.00860595703125,127786,0.0,0.0
2005-07-05 00:00:00+09:00,502.55446885271766,502.55446885271766,487.4627430613448,495.00860595703125,123424,0.0,0.0
2005-07-06 00:00:00+09:00,495.00868751728433,528.2104897288094,495.00868751728433,511.6095886230469,271548,0.0,0.0
2005-07-07 00:00:00+09:00,505.57283284027903,543.3021487238819,505.57283284027903,514.6278686523438,240148,0.0,0.0
2005-07-08 00:00:00+09:00,511.6095886230469,525.1921440732162,502.5545516562673,511.6095886230469,149832,0.0,0.0
2005-07-11 00:00:00+09:00,514.6279276642351,579.5223584254144,513.1187548558356,546.320556640625,806838,0.0,0.0
2005-07-12 00:00:00+09:00,550.8480217653802,568.958093713831,520.664568517962,529.7196044921875,430030,0.0,0.0
2005-07-13 00:00:00+09:00,534.2470886230469,588.5773010253906,534.2470886230469,543.3021240234375,962254,0.0,0.0
2005-07-14 00:00:00+09:00,550.8480750658235,561.4122847246201,538.7746925986274,546.320556640625,218882,0.0,0.0
2005-07-15 00:00:00+09:00,558.3938948567709,609.7057662760417,558.3938948567709,565.9397583007812,965152,0.0,0.0
2005-07-18 00:00:00+09:00,568.9580028715588,650.4533136276972,568.9580028715588,633.8524169921875,867664,0.0,0.0
2005-07-19 00:00:00+09:00,627.8157312067972,721.3844219155026,602.1597998834426,654.9808349609375,1139888,0.0,0.0
2005-07-20 00:00:00+09:00,667.0542537712142,753.0770874023438,654.9808736124593,753.0770874023438,1805198,0.0,0.0
2005-07-21 00:00:00+09:00,750.0586645507813,763.6412158203126,641.3982543945312,641.3982543945312,1675254,0.0,0.0
2005-07-22 00:00:00+09:00,623.2881860351563,659.5083227539063,593.1047387695313,641.3982543945312,543972,0.0,0.0
2005-07-25 00:00:00+09:00,650.4534224125376,736.4762648197642,618.7607962625068,688.1827392578125,455132,0.0,0.0
2005-07-26 00:00:00+09:00,682.1461017582575,703.2745208392654,653.4718187197466,662.52685546875,336888,0.0,0.0
2005-07-27 00:00:00+09:00,662.5266971148653,685.1642835766489,626.3065587760117,654.9808349609375,521328,0.0,0.0
2005-07-28 00:00:00+09:00,648.9442489448635,677.6185297121947,641.3983855850395,656.4901123046875,328292,0.0,0.0
2005-07-29 00:00:00+09:00,671.5817207202576,674.6000655324835,588.577238384046,602.1597900390625,588326,0.0,0.0
2005-08-01 00:00:00+09:00,593.1048111825619,645.9258503464033,593.1048111825619,639.88916015625,304424,0.0,0.0
2005-08-02 00:00:00+09:00,636.8708210461245,648.9442015398898,603.6690246882697,612.7240600585938,322474,0.0,0.0
2005-08-03 00:00:00+09:00,630.8342391967773,633.8525848388672,600.6507827758788,603.6691284179688,188636,0.0,0.0
2005-08-04 00:00:00+09:00,603.6690075311635,618.7607327194426,523.6828640332843,544.811279296875,263982,0.0,0.0
2005-08-05 00:00:00+09:00,528.21036152456,553.8662933700386,507.0819470635776,525.1920166015625,265778,0.0,0.0
2005-08-08 00:00:00+09:00,510.100261100534,558.3937769443716,510.100261100534,538.7745361328125,150876,0.0,0.0
2005-08-09 00:00:00+09:00,531.2287523674242,561.4122042064824,531.2287523674242,547.8296508789062,150894,0.0,0.0
2005-08-10 00:00:00+09:00,552.3572298616976,570.4673029719172,552.3572298616976,558.3939208984375,161924,0.0,0.0
2005-08-11 00:00:00+09:00,558.3938695004111,578.0131135639391,550.8480063990543,573.485595703125,135690,0.0,0.0
2005-08-12 00:00:00+09:00,573.4856394395472,594.6140577346883,561.4122575566093,564.4306030273438,225396,0.0,0.0
2005-08-16 00:00:00+09:00,588.5773656091025,648.9442749023438,588.5773656091025,648.9442749023438,199194,0.0,0.0
2005-08-17 00:00:00+09:00,721.384528760089,745.531291229046,668.5634858592457,683.6552124023438,1052178,0.0,0.0
2005-08-18 00:00:00+09:00,676.1092764478211,676.1092764478211,630.8341016856903,657.9992065429688,501012,0.0,0.0
2005-08-19 00:00:00+09:00,644.4166885954653,756.095458984375,611.214891993357,756.095458984375,1752106,0.0,0.0
2005-08-22 00:00:00+09:00,739.4945006522632,869.283331378987,727.4211210497773,804.388916015625,1815804,0.0,0.0
2005-08-23 00:00:00+09:00,787.788105565546,810.4256948059351,685.1643676757812,685.1643676757812,1612440,0.0,0.0
2005-08-24 00:00:00+09:00,679.1276758367364,706.2927828702059,641.3983605124733,664.0359497070312,753292,0.0,0.0
2005-08-25 00:00:00+09:00,682.1460237421541,753.077136830387,674.6001606476613,706.2927856445312,1596362,0.0,0.0
2005-08-26 00:00:00+09:00,706.2926976076469,718.3660770539315,632.3432484991539,654.9808349609375,728360,0.0,0.0
2005-08-29 00:00:00+09:00,633.8524105674342,636.8707553796601,573.4855143229166,602.1597900390625,637396,0.0,0.0
2005-08-30 00:00:00+09:00,615.7425650877676,621.7792569023536,593.1049707830703,599.1416625976562,368234,0.0,0.0
2005-08-31 00:00:00+09:00,608.1966283591397,648.944293286427,608.1966283591397,626.3067016601562,401584,0.0,0.0
2005-09-01 00:00:00+09:00,636.870849609375,656.4900937916543,624.7974685741262,636.870849609375,304584,0.0,0.0
2005-09-02 00:00:00+09:00,636.8707213137473,680.63671875,636.8707213137473,680.63671875,547110,0.0,0.0
2005-09-05 00:00:00+09:00,676.1092509920635,709.3110445675667,664.0358715100624,665.5450439453125,308480,0.0,0.0
2005-09-06 00:00:00+09:00,665.5451000033529,704.7835866248658,664.035927440987,703.2744140625,526160,0.0,0.0
2005-09-07 00:00:00+09:00,698.7468963754023,722.8936573732564,691.2010335635729,703.2744140625,306714,0.0,0.0
2005-09-08 00:00:00+09:00,709.3111470996532,713.8386650598637,633.8525144294773,673.0910034179688,422624,0.0,0.0
2005-09-09 00:00:00+09:00,662.5268029925467,677.6185297121947,656.4901123046875,656.4901123046875,223164,0.0,0.0
2005-09-12 00:00:00+09:00,653.471713084095,661.0175758217866,632.3432974185584,639.88916015625,236938,0.0,0.0
2005-09-13 00:00:00+09:00,626.3066161823496,664.0359304102019,626.3066161823496,644.4166870117188,245284,0.0,0.0
2005-09-14 00:00:00+09:00,624.7974346808668,648.94419544148,624.7974346808668,639.88916015625,269366,0.0,0.0
2005-09-15 00:00:00+09:00,642.9075401269995,673.0909927151215,629.3249864623446,636.870849609375,194786,0.0,0.0
2005-09-16 00:00:00+09:00,629.3250455490353,673.0910559109586,629.3250455490353,668.5635375976562,226528,0.0,0.0
2005-09-20 00:00:00+09:00,656.4900626123479,691.2010314401272,654.9808900546184,682.14599609375,230052,0.0,0.0
2005-09-21 00:00:00+09:00,682.1460576375325,739.4946200052897,667.054330698649,724.4028930664062,473290,0.0,0.0
2005-09-22 00:00:00+09:00,715.347753345593,754.5862377063218,700.2560285914666,722.8936157226562,333524,0.0,0.0
2005-09-23 00:00:00+09:00,721.3845563616071,721.3845563616071,664.0359933035714,676.109375,394726,0.0,0.0
2005-09-26 00:00:00+09:00,661.0175342690754,683.6551210591123,653.4716720057298,659.5083618164062,298742,0.0,0.0
2005-09-27 00:00:00+09:00,661.0175559546807,691.2010059982734,656.4900384481417,689.6918334960938,340908,0.0,0.0
2005-09-28 00:00:00+09:00,682.1460266719993,768.1688663186894,682.1460266719993,759.1138305664062,604364,0.0,0.0
2005-09-29 00:00:00+09:00,766.6595756716845,766.6595756716845,724.4027486661586,742.5128173828125,447640,0.0,0.0
2005-09-30 00:00:00+09:00,757.604486184042,792.3154486984503,734.9669019355148,736.47607421875,421670,0.0,0.0
2005-10-04 00:00:00+09:00,736.4762096956285,784.7697316428829,734.9670371347769,783.2605590820312,479470,0.0,0.0
2005-10-05 00:00:00+09:00,787.7881299288767,808.9165472066627,759.1138493375959,799.8615112304688,525226,0.0,0.0
2005-10-06 00:00:00+09:00,792.3157005979303,820.9899830957602,774.2056274414062,774.2056274414062,283140,0.0,0.0
2005-10-07 00:00:00+09:00,748.5496215820312,775.714728816863,748.5496215820312,748.5496215820312,294030,0.0,0.0
2005-10-10 00:00:00+09:00,754.5863385181351,766.6597199344252,736.4762663936998,751.5679931640625,157218,0.0,0.0
2005-10-11 00:00:00+09:00,741.0037421574668,769.6780213855561,724.402843656994,760.6229858398438,355520,0.0,0.0
2005-10-12 00:00:00+09:00,766.6596587832611,783.2605569065207,742.5128978767017,762.1321411132812,275816,0.0,0.0
2005-10-13 00:00:00+09:00,754.5862804258489,830.0449084684338,736.4762096956285,783.2605590820312,501294,0.0,0.0
2005-10-14 00:00:00+09:00,772.6963228597449,828.5357055664062,759.113770309476,828.5357055664062,374000,0.0,0.0
2005-10-17 00:00:00+09:00,822.4991100006685,875.3201537621792,793.8248291015625,793.8248291015625,355184,0.0,0.0
2005-10-18 00:00:00+09:00,771.1872121773514,793.8248015759038,759.1138311647902,769.6780395507812,286704,0.0,0.0
2005-10-19 00:00:00+09:00,754.5862822905655,766.6596628072145,707.8019327885504,713.838623046875,414890,0.0,0.0
2005-10-20 00:00:00+09:00,719.8753392146184,733.4578927847056,691.2010594555455,706.2927856445312,209116,0.0,0.0
2005-10-21 00:00:00+09:00,704.7836123650607,727.4212016273217,686.6735409552518,695.7285766601562,144052,0.0,0.0
2005-10-24 00:00:00+09:00,688.1826069724111,739.4944680185997,688.1826069724111,721.3843994140625,177958,0.0,0.0
2005-10-25 00:00:00+09:00,744.021985169734,753.0770194720026,713.8385374955054,721.3843994140625,151726,0.0,0.0
2005-10-26 00:00:00+09:00,716.8570382254464,730.4395926339286,713.8386928013392,728.930419921875,57160,0.0,0.0
2005-10-27 00:00:00+09:00,725.911935853564,778.7329706869835,725.911935853564,730.439453125,261952,0.0,0.0
2005-10-28 00:00:00+09:00,713.8385374955054,765.1503985416939,697.2376412746797,721.3843994140625,71012,0.0,0.0
2005-10-31 00:00:00+09:00,725.9120119009445,727.4211844828592,707.8019409179689,707.8019409179688,114234,0.0,0.0
2005-11-01 00:00:00+09:00,709.3111746651786,728.930419921875,697.23779296875,728.930419921875,176958,0.0,0.0
2005-11-02 00:00:00+09:00,750.0586946345559,751.5678670583678,719.8752461583161,730.439453125,91900,0.0,0.0
2005-11-03 00:00:00+09:00,748.5497184612423,766.659792294982,713.8387436132411,734.9671630859375,351988,0.0,0.0
2005-11-04 00:00:00+09:00,739.4945852205553,763.6413471869408,725.9120316144636,737.9854125976562,167022,0.0,0.0
2005-11-07 00:00:00+09:00,747.0403575897217,793.8247032165528,742.5128402709961,772.6962890625,179746,0.0,0.0
2005-11-08 00:00:00+09:00,762.1321563446758,855.7008567275864,762.1321563446758,840.609130859375,681286,0.0,0.0
2005-11-09 00:00:00+09:00,843.6275632608905,916.0678549183552,820.9899721179328,854.1917724609375,557844,0.0,0.0
2005-11-10 00:00:00+09:00,839.100010618594,890.4118817715296,830.0449745327818,846.6458740234375,321110,0.0,0.0
2005-11-11 00:00:00+09:00,846.6458670043945,973.4163711547851,846.6458670043945,905.5036010742188,1157452,0.0,0.0
2005-11-14 00:00:00+09:00,929.6501220703125,929.6501220703125,845.136474609375,845.136474609375,169952,0.0,0.0
2005-11-15 00:00:00+09:00,796.8431734751506,814.9532455995859,742.5129571018449,751.5679931640625,926700,0.0,0.0
2005-11-16 00:00:00+09:00,759.1137371063232,786.2788410186769,744.0220127105713,772.6962890625,347394,0.0,0.0
2005-11-17 00:00:00+09:00,772.6963091563787,781.751344029305,718.3660999188207,733.4578247070312,463282,0.0,0.0
2005-11-18 00:00:00+09:00,737.9852734624122,753.0769968461017,733.4577564473054,739.4944458007812,273652,0.0,0.0
2005-11-21 00:00:00+09:00,748.5496051122271,787.788092476981,742.5129147484189,760.6229858398438,282152,0.0,0.0
2005-11-22 00:00:00+09:00,760.6230823863636,769.6781190814395,728.9304539535985,747.04052734375,226940,0.0,0.0
2005-11-23 00:00:00+09:00,747.0403322829413,763.6412285558956,731.9486083984375,731.9486083984375,261698,0.0,0.0
2005-11-24 00:00:00+09:00,734.9670350934019,769.678003896581,718.3661369701423,762.1321411132812,320730,0.0,0.0
2005-11-25 00:00:00+09:00,760.6228597005208,822.498925668222,751.567825656467,814.9530639648438,188070,0.0,0.0
2005-11-28 00:00:00+09:00,825.5174464963517,825.5174464963517,784.7697846034788,799.8615112304688,242632,0.0,0.0
2005-11-29 00:00:00+09:00,784.7697930281607,810.425728569466,766.659720881357,793.8248291015625,133800,0.0,0.0
2005-11-30 00:00:00+09:00,781.7514561912566,804.3890466215054,778.7331108005568,787.7881469726562,145846,0.0,0.0
2005-12-01 00:00:00+09:00,790.806356476228,840.609046864998,784.7696667321346,810.4255981445312,178216,0.0,0.0
2005-12-02 00:00:00+09:00,816.4623557504183,873.8109130859374,816.4623557504183,873.8109130859375,263066,0.0,0.0
2005-12-05 00:00:00+09:00,914.5584791823479,946.2510997480729,875.3199965771647,908.5217895507812,422886,0.0,0.0
2005-12-06 00:00:00+09:00,890.4119168413364,1044.347536363059,879.847707658473,928.1412353515625,1393150,0.0,0.0
2005-12-07 00:00:00+09:00,890.4118743896483,991.5264431762695,834.5724856567382,905.5036010742188,1538222,0.0,0.0
2005-12-08 00:00:00+09:00,920.5950768512229,1041.328857421875,920.5950768512229,1041.328857421875,1316876,0.0,0.0
2005-12-09 00:00:00+09:00,1074.5309419721086,1110.751086083528,950.7787829247591,968.8888549804688,881100,0.0,0.0
2005-12-12 00:00:00+09:00,968.8888631967397,979.4530719854893,920.5953373053135,941.7237548828125,375742,0.0,0.0
2005-12-13 00:00:00+09:00,932.6686429829177,977.9438198267486,869.2833954015543,873.8109130859375,396044,0.0,0.0
2005-12-14 00:00:00+09:00,876.8293121539995,917.5769738203643,860.2284129565916,911.540283203125,372590,0.0,0.0
2005-12-15 00:00:00+09:00,914.5586543627676,914.5586543627676,867.7743007567515,872.3018188476562,275544,0.0,0.0
2005-12-16 00:00:00+09:00,827.0266113281251,857.2100642963048,799.8615036567633,827.026611328125,430554,0.0,0.0
2005-12-19 00:00:00+09:00,807.4071677071707,875.3199201311384,807.4071677071707,845.136474609375,214066,0.0,0.0
2005-12-20 00:00:00+09:00,848.1551402124865,894.939498480435,845.1367945177801,875.3202514648438,145296,0.0,0.0
2005-12-21 00:00:00+09:00,881.3566409538089,941.7235341698232,881.3566409538089,896.4483642578125,269856,0.0,0.0
2005-12-22 00:00:00+09:00,932.6686967167542,932.6686967167542,814.9532301408532,827.026611328125,160840,0.0,0.0
2005-12-23 00:00:00+09:00,814.9532378574587,824.0082738336528,771.1872306391878,799.8615112304688,220982,0.0,0.0
2005-12-26 00:00:00+09:00,799.8614173563602,827.0265220967649,771.1871401303774,813.4439697265625,197644,0.0,0.0
2005-12-27 00:00:00+09:00,860.2284002741542,860.2284002741542,793.8248044635178,822.4990844726562,200528,0.0,0.0
2005-12-28 00:00:00+09:00,792.3155517578125,831.5540362258184,792.3155517578125,792.3155517578125,228966,0.0,0.0
2005-12-29 00:00:00+09:00,792.3156046011047,810.4256755634157,789.2972594407196,798.352294921875,113534,0.0,0.0
2006-01-02 00:00:00+09:00,793.8248044635178,825.5174297367761,793.8248044635178,822.4990844726562,173382,0.0,0.0
2006-01-03 00:00:00+09:00,830.045008575116,854.1917724609375,814.9532811464775,854.1917724609375,217602,0.0,0.0
2006-01-04 00:00:00+09:00,854.1917724609375,863.2468089181206,831.5541813179798,854.1917724609375,172198,0.0,0.0
2006-01-05 00:00:00+09:00,855.7010044492523,884.3752885489628,822.4992018074825,875.3202514648438,516060,0.0,0.0
2006-01-06 00:00:00+09:00,875.3201378716362,900.9760729471842,860.228411356608,869.283447265625,257730,0.0,0.0
2006-01-09 00:00:00+09:00,881.3568072606647,962.8521284799727,860.2283906482515,950.7787475585938,662970,0.0,0.0
2006-01-10 00:00:00+09:00,962.8521534496585,965.8704987582782,899.4669019686465,911.540283203125,398054,0.0,0.0
2006-01-11 00:00:00+09:00,920.5951656218498,956.8153032856603,894.9392347766508,935.6868896484375,341432,0.0,0.0
2006-01-12 00:00:00+09:00,919.0861722256275,941.7237626745346,851.1734008789062,851.1734008789062,373626,0.0,0.0
2006-01-13 00:00:00+09:00,833.0633198947193,860.2284281521557,820.9899384469696,846.6458740234375,145046,0.0,0.0
2006-01-16 00:00:00+09:00,830.0449745327818,858.719255471187,827.0266291708444,846.6458740234375,283146,0.0,0.0
2006-01-17 00:00:00+09:00,848.155055696164,876.829336938561,846.6458829991958,872.3018188476562,232178,0.0,0.0
2006-01-18 00:00:00+09:00,848.1550735795796,860.2284554098939,777.2239553264831,786.2789916992188,412652,0.0,0.0
2006-01-19 00:00:00+09:00,781.7514205633425,798.3523194556143,757.6046585382201,769.6780395507812,233568,0.0,0.0
2006-01-20 00:00:00+09:00,768.1688823458514,781.7514362576641,715.3478393554688,715.3478393554688,300150,0.0,0.0
2006-01-23 00:00:00+09:00,673.0910386196402,706.292838730923,648.9442749023438,648.9442749023438,370266,0.0,0.0
2006-01-24 00:00:00+09:00,648.9442235773259,694.2194019664418,618.7607713179154,664.0359497070312,212470,0.0,0.0
2006-01-25 00:00:00+09:00,673.0909251782718,706.2927196937919,667.054235266359,674.60009765625,246654,0.0,0.0
2006-01-26 00:00:00+09:00,674.6001333051023,683.6551686514795,657.9992351700774,682.14599609375,129072,0.0,0.0
2006-01-27 00:00:00+09:00,688.1827315318433,722.8937026398091,688.1827315318433,715.3478393554688,268708,0.0,0.0
2006-01-31 00:00:00+09:00,715.3478226404468,739.4945845861158,694.2194059379863,727.4212036132812,187944,0.0,0.0
2006-02-01 00:00:00+09:00,730.4395926339286,731.9487653459821,670.0726841517857,676.109375,157112,0.0,0.0
2006-02-02 00:00:00+09:00,713.8386928013392,713.8386928013392,659.5084751674107,676.109375,89180,0.0,0.0
2006-02-03 00:00:00+09:00,662.5267931194396,662.5267931194396,576.5039520993757,630.8341674804688,157706,0.0,0.0
2006-02-06 00:00:00+09:00,657.9992099585614,657.9992099585614,600.650654962173,620.2698974609375,124046,0.0,0.0
2006-02-07 00:00:00+09:00,630.8340625351282,642.9074417224033,617.2515109494435,629.3248901367188,90116,0.0,0.0
2006-02-08 00:00:00+09:00,629.3249948309939,657.9992751710153,614.2332683362459,630.8341674804688,90692,0.0,0.0
2006-02-09 00:00:00+09:00,636.8707618350074,657.999175734747,630.8340721493676,633.8524169921875,115354,0.0,0.0
2006-02-10 00:00:00+09:00,636.870867569145,657.9992849766522,633.8525222252155,656.4901123046875,77390,0.0,0.0
2006-02-13 00:00:00+09:00,674.6000924983495,674.6000924983495,633.8524359044894,642.907470703125,64334,0.0,0.0
2006-02-14 00:00:00+09:00,633.8524759226832,639.8891661695659,605.1781972499904,612.7240600585938,384320,0.0,0.0
2006-02-15 00:00:00+09:00,636.870930480957,636.870930480957,603.6691284179688,603.6691284179688,126472,0.0,0.0
2006-02-16 00:00:00+09:00,597.6323311941965,606.6873665153207,574.994742891386,581.0314331054688,212858,0.0,0.0
2006-02-17 00:00:00+09:00,579.5224142002519,608.1967003195352,579.5224142002519,599.1416625976562,174552,0.0,0.0
2006-02-20 00:00:00+09:00,612.7240334690207,688.1826582804764,609.7056884765625,609.7056884765625,999268,0.0,0.0
2006-02-21 00:00:00+09:00,609.7056990913723,624.7974243164062,600.6506639563519,624.7974243164062,141118,0.0,0.0
2006-02-22 00:00:00+09:00,644.4166476679784,644.4166476679784,609.705680697572,615.7423706054688,124586,0.0,0.0
2006-02-23 00:00:00+09:00,606.6873779296875,707.8019409179689,605.1782053477729,707.8019409179688,341282,0.0,0.0
2006-02-24 00:00:00+09:00,713.838585678412,813.4439697265625,713.838585678412,813.4439697265625,1380650,0.0,0.0
2006-02-27 00:00:00+09:00,857.2101772966055,934.1779925116176,852.682658754546,875.3202514648438,1361236,0.0,0.0
2006-02-28 00:00:00+09:00,899.4668428261815,1003.599749126528,848.1549759535469,922.1044311523438,573148,0.0,0.0
2006-03-02 00:00:00+09:00,922.1042938746185,935.6868448482218,869.283262310606,896.4483642578125,274160,0.0,0.0
2006-03-03 00:00:00+09:00,900.9760830688476,920.595327758789,861.7375936889648,905.5036010742188,242916,0.0,0.0
2006-03-06 00:00:00+09:00,941.7237451171874,1041.3291412353515,893.4302197265624,905.5036010742188,734018,0.0,0.0
2006-03-07 00:00:00+09:00,920.595327758789,950.7787811279296,899.4669104003906,905.5036010742188,180340,0.0,0.0
2006-03-08 00:00:00+09:00,896.4485743596003,1005.1090076153095,896.4485743596003,941.7237548828125,272330,0.0,0.0
2006-03-09 00:00:00+09:00,977.9438264266305,988.5080344281528,934.1778218488955,937.1961669921875,205438,0.0,0.0
2006-03-10 00:00:00+09:00,923.6135104271674,971.907027312248,923.6135104271674,935.6868896484375,212952,0.0,0.0
2006-03-13 00:00:00+09:00,926.6320537530577,959.8338537246656,914.5586719452002,944.7421264648438,141046,0.0,0.0
2006-03-14 00:00:00+09:00,934.1779171943665,979.4530989646912,934.1779171943665,965.8705444335938,130288,0.0,0.0
2006-03-15 00:00:00+09:00,967.3796328982792,1110.751029349662,967.3796328982792,1005.1089477539062,863058,0.0,0.0
2006-03-16 00:00:00+09:00,1008.1273805577456,1047.3658714177775,950.7788169930834,986.9989624023438,206284,0.0,0.0
2006-03-17 00:00:00+09:00,996.0538567437065,1023.2189619276259,950.7786814371744,977.9437866210938,161682,0.0,0.0
2006-03-20 00:00:00+09:00,964.3611634211753,1026.2372318097014,964.3611634211753,1011.1455078125,168178,0.0,0.0
2006-03-21 00:00:00+09:00,999.0722304307022,1162.0628662109375,999.0722304307022,1162.0628662109375,861244,0.0,0.0
2006-03-22 00:00:00+09:00,1267.7051443326272,1335.617919921875,1207.3382326977403,1335.617919921875,1072054,0.0,0.0
2006-03-23 00:00:00+09:00,1373.3470430148866,1533.3193359374998,1332.5993834968626,1533.3193359375,2637568,0.0,0.0
2006-03-24 00:00:00+09:00,1599.7230925166448,1657.0716562106377,1376.3655286558303,1572.5579833984375,568334,0.0,0.0
2006-03-27 00:00:00+09:00,1617.833131716924,1807.9888916015625,1611.7964409269355,1807.9888916015625,1568396,0.0,0.0
2006-03-28 00:00:00+09:00,1937.7777435863156,2076.6216317560516,1660.0899672468436,1807.9888916015625,3607842,0.0,0.0
2006-03-29 00:00:00+09:00,1765.7316543806844,1804.970135589144,1539.3558012549556,1617.832763671875,10083502,0.0,0.0
2006-03-30 00:00:00+09:00,1651.0345554636485,1856.2819956309759,1512.1906988798683,1617.832763671875,1460248,0.0,0.0
2006-03-31 00:00:00+09:00,1632.9246600262532,1859.3005371093752,1620.8512799151533,1859.300537109375,1765050,0.0,0.0
2006-04-03 00:00:00+09:00,2037.3831280207232,2136.988525390625,1786.8604619085454,2136.988525390625,1260678,0.0,0.0
2006-04-04 00:00:00+09:00,2263.7586118374948,2384.4924044688278,1817.0435791015625,1817.0435791015625,4905164,0.0,0.0
2006-04-05 00:00:00+09:00,1599.7227859497073,1669.1447181701662,1545.392578125,1545.392578125,2170882,0.0,0.0
2006-04-06 00:00:00+09:00,1409.5672615147844,1478.9892037307159,1391.4571896323673,1430.6956787109375,8813806,0.0,0.0
2006-04-07 00:00:00+09:00,1412.5854285871478,1524.2641911036533,1358.2552197953346,1392.9661865234375,6530832,0.0,0.0
2006-04-10 00:00:00+09:00,1394.4754137052776,1418.6221741157585,1267.7049215502523,1270.7232666015625,2534234,0.0,0.0
2006-04-11 00:00:00+09:00,1275.2507841785275,1312.9800973199042,1207.3380205240499,1270.7232666015625,2210700,0.0,0.0
2006-04-12 00:00:00+09:00,1269.2142678903979,1303.9252407340116,1246.5766769054324,1297.8885498046875,2056254,0.0,0.0
2006-04-13 00:00:00+09:00,1294.8700125106259,1303.9250475631477,1131.8793815652323,1165.0811767578125,3003408,0.0,0.0
2006-04-14 00:00:00+09:00,1181.68221614376,1195.264770352309,1142.4437262079518,1184.7005615234375,1213624,0.0,0.0
2006-04-17 00:00:00+09:00,1183.1913880208335,1189.2280787760417,1131.8795166015625,1131.8795166015625,885580,0.0,0.0
2006-04-18 00:00:00+09:00,1122.8244635347955,1159.0446075197888,1092.6410102139675,1143.952880859375,717362,0.0,0.0
2006-04-19 00:00:00+09:00,1143.9529532358156,1156.026335328014,1056.420933067376,1063.966796875,1089104,0.0,0.0
2006-04-20 00:00:00+09:00,1041.3291544880901,1109.2419254329654,1041.3291544880901,1079.0584716796875,801604,0.0,0.0
2006-04-21 00:00:00+09:00,1101.6960121752572,1189.2280241015105,1095.6593216975846,1136.406982421875,3445556,0.0,0.0
2006-04-24 00:00:00+09:00,1119.806135091146,1137.9162073567709,1074.5309544270833,1131.8795166015625,805638,0.0,0.0
2006-04-25 00:00:00+09:00,1146.971225533434,1288.8334560599378,1122.824462890625,1122.824462890625,3949410,0.0,0.0
2006-04-26 00:00:00+09:00,1104.7141399703212,1122.824207838687,1059.4389702994065,1080.5673828125,784782,0.0,0.0
2006-04-27 00:00:00+09:00,1073.0215477881493,1100.1866502637988,1024.7280322758838,1045.8564453125,786310,0.0,0.0
2006-04-28 00:00:00+09:00,1030.764908841984,1056.4208436155034,1003.5998014347282,1008.1273193359375,651144,0.0,0.0
2006-05-02 00:00:00+09:00,1050.3841285705566,1159.0445556640625,1047.365783373515,1159.0445556640625,2983944,0.0,0.0
2006-05-03 00:00:00+09:00,1210.3561898164971,1231.4846021075582,1014.1637899709302,1038.310546875,2935788,0.0,0.0
2006-05-04 00:00:00+09:00,1038.3106687572226,1107.7326030055253,959.8336996069675,979.4529418945312,4057610,0.0,0.0
2006-05-08 00:00:00+09:00,985.4897627219176,993.0356261424529,934.1778914622771,941.7237548828125,905378,0.0,0.0
2006-05-09 00:00:00+09:00,944.7420728583086,950.7787634197035,905.5035842092415,917.5769653320312,1125432,0.0,0.0
2006-05-10 00:00:00+09:00,917.5769500248016,950.7787475585938,905.5035691034227,950.7787475585938,732734,0.0,0.0
2006-05-11 00:00:00+09:00,946.2512290305541,959.8337825573084,928.1411576615483,940.2145385742188,651556,0.0,0.0
2006-05-12 00:00:00+09:00,941.7237375,1002.0906437499999,940.2145648437499,943.23291015625,1799926,0.0,0.0
2006-05-15 00:00:00+09:00,929.6504093722731,935.6871003422228,860.22846321785,864.7559814453125,713054,0.0,0.0
2006-05-16 00:00:00+09:00,870.7925372226633,875.3200547472179,830.0448795016721,839.0999145507812,615202,0.0,0.0
2006-05-17 00:00:00+09:00,833.0633538530758,878.3385361276995,820.9899719131762,864.7559814453125,608026,0.0,0.0
2006-05-18 00:00:00+09:00,814.953273196062,828.5358277493298,784.769818633245,817.9716186523438,548156,0.0,0.0
2006-05-19 00:00:00+09:00,802.8798990033267,893.430263552574,795.3340352908895,864.7559814453125,963176,0.0,0.0
2006-05-22 00:00:00+09:00,875.3202514648436,890.4119799383755,839.1001031283674,875.3202514648438,859466,0.0,0.0
2006-05-23 00:00:00+09:00,896.4485819991485,938.7054175142598,869.2834734537197,872.3018188476562,1698684,0.0,0.0
2006-05-24 00:00:00+09:00,869.2833838411923,884.3751092551018,825.5173801408545,848.1549682617188,535494,0.0,0.0
2006-05-25 00:00:00+09:00,852.6825444148137,864.7559255746695,760.6230130709134,784.769775390625,444760,0.0,0.0
2006-05-26 00:00:00+09:00,807.4072340338467,811.9347512340366,771.1870964323284,801.3705444335938,441048,0.0,0.0
2006-05-29 00:00:00+09:00,805.8981525958229,870.7925731232019,796.843117173398,836.0816040039062,280744,0.0,0.0
2006-05-30 00:00:00+09:00,833.0632720122466,842.1183075775971,781.7514038085938,781.7514038085938,386120,0.0,0.0
2006-06-01 00:00:00+09:00,772.6964095744681,787.7881363239694,709.3111572265625,709.3111572265625,373278,0.0,0.0
2006-06-02 00:00:00+09:00,721.384529180112,736.4762557319973,667.0543135933254,694.2194213867188,295170,0.0,0.0
2006-06-05 00:00:00+09:00,692.7101612340936,713.8385757379657,688.1826438404066,691.2009887695312,361940,0.0,0.0
2006-06-07 00:00:00+09:00,662.5267931194396,664.0359657689145,630.8341674804688,630.8341674804688,329386,0.0,0.0
2006-06-08 00:00:00+09:00,654.9809750941603,683.6552574139506,627.815865528043,632.3433837890625,437720,0.0,0.0
2006-06-09 00:00:00+09:00,654.9809153552623,686.6735402918073,654.9809153552623,685.1643676757812,236306,0.0,0.0
2006-06-12 00:00:00+09:00,688.1827484130858,737.9854473114013,676.1093668619791,724.4028930664062,312144,0.0,0.0
2006-06-13 00:00:00+09:00,716.8569385353272,722.8936285440458,677.6184534786566,689.6918334960938,179746,0.0,0.0
2006-06-14 00:00:00+09:00,670.072667677859,724.4028839760639,667.0543223279587,709.3111572265625,156216,0.0,0.0
2006-06-15 00:00:00+09:00,737.9853387606346,741.0036837044408,706.2927168506687,712.3294067382812,149698,0.0,0.0
2006-06-16 00:00:00+09:00,736.476142820248,745.5311773631199,721.3844185821282,730.439453125,169262,0.0,0.0
2006-06-19 00:00:00+09:00,727.4212287768983,727.4212287768983,680.6368758887576,688.1827392578125,194782,0.0,0.0
2006-06-20 00:00:00+09:00,676.1093306107954,686.673538901589,657.9992592551491,664.0359497070312,149540,0.0,0.0
2006-06-21 00:00:00+09:00,657.9993370942483,676.1094105922551,641.3984363877421,662.52685546875,262178,0.0,0.0
2006-06-22 00:00:00+09:00,673.0908809588973,760.6228789311306,665.5450190647392,710.8201904296875,675162,0.0,0.0
2006-06-23 00:00:00+09:00,715.3476745267011,816.4622192382812,697.2376068171644,816.4622192382812,801596,0.0,0.0
2006-06-26 00:00:00+09:00,816.4622436067951,849.6640353985687,762.1320388566202,808.9163818359375,1385198,0.0,0.0
2006-06-27 00:00:00+09:00,808.9164585922704,872.3017034819632,787.7880436290394,796.8430786132812,1780532,0.0,0.0
2006-06-28 00:00:00+09:00,772.6964646464647,778.7331557765152,733.4579723011365,747.04052734375,689154,0.0,0.0
2006-06-29 00:00:00+09:00,757.6046752929689,808.9165457311381,751.5679846531842,757.6046752929688,563306,0.0,0.0
2006-06-30 00:00:00+09:00,769.6781766756543,813.4441906434856,768.1690037802118,789.2974243164062,616142,0.0,0.0
2006-07-03 00:00:00+09:00,789.2971858978273,799.8613929748536,759.1137371063232,772.6962890625,382558,0.0,0.0
2006-07-04 00:00:00+09:00,784.7698020241477,842.1183644797585,777.2239385431463,830.0449829101562,1023318,0.0,0.0
2006-07-05 00:00:00+09:00,804.3890378538647,822.4991100006685,772.6964115969582,793.8248291015625,419376,0.0,0.0
2006-07-06 00:00:00+09:00,790.8064196898206,793.8247648031405,750.0587606600016,762.1321411132812,418700,0.0,0.0
2006-07-07 00:00:00+09:00,771.1872121773514,807.4073552150353,763.6413490445007,769.6780395507812,449564,0.0,0.0
2006-07-10 00:00:00+09:00,756.0954955823055,798.3523296667457,748.5496323529411,795.333984375,520374,0.0,0.0
2006-07-11 00:00:00+09:00,787.7879426077511,814.9530440769839,778.7329087846736,805.8980102539062,341990,0.0,0.0
2006-07-12 00:00:00+09:00,808.9166732906372,814.9533648823583,772.6965237403101,778.7332153320312,523564,0.0,0.0
2006-07-13 00:00:00+09:00,766.6596794415237,820.9898929452537,765.1505068441979,802.8798217773438,647170,0.0,0.0
2006-07-14 00:00:00+09:00,786.2788940646896,870.7925563825831,763.6413059438252,848.1549682617188,1230762,0.0,0.0
2006-07-18 00:00:00+09:00,851.1733791481231,974.925537109375,851.1733791481231,974.925537109375,1381118,0.0,0.0
2006-07-19 00:00:00+09:00,1032.2739017110475,1066.984866242267,947.7602489393828,964.3611450195312,2983004,0.0,0.0
2006-07-20 00:00:00+09:00,988.5080750973639,1107.732713162542,976.4346940274723,1008.1273193359375,3202572,0.0,0.0
2006-07-21 00:00:00+09:00,1002.0906010567321,1153.007860252023,974.9254944015797,1095.6593017578125,3223960,0.0,0.0
2006-07-24 00:00:00+09:00,1119.8061168931933,1166.590469485766,1088.113490943386,1101.696044921875,1483082,0.0,0.0
2006-07-25 00:00:00+09:00,1101.6959583664548,1103.2051309121623,941.7236685214627,949.26953125,1595250,0.0,0.0
2006-07-26 00:00:00+09:00,964.3612894492575,985.4897058065181,896.4485225866337,914.55859375,1897218,0.0,0.0
2006-07-27 00:00:00+09:00,932.668581206223,1050.384033203125,929.6502362832256,1050.384033203125,2309096,0.0,0.0
2006-07-28 00:00:00+09:00,1095.6594234950544,1205.829034948414,1065.4759683023533,1106.2236328125,6418694,0.0,0.0
2006-07-31 00:00:00+09:00,1130.3701259853603,1248.0855730172136,1045.856471706081,1172.626953125,5092070,0.0,0.0
2006-08-01 00:00:00+09:00,1146.9710793816241,1282.7966019399744,1145.4619069087535,1210.3563232421875,3301774,0.0,0.0
2006-08-02 00:00:00+09:00,1207.3380820116206,1264.6866409071727,1168.099594346243,1201.3013916015625,1469752,0.0,0.0
2006-08-03 00:00:00+09:00,1204.3198037540212,1260.1591931511375,1021.7099086985869,1026.2374267578125,2545544,0.0,0.0
2006-08-04 00:00:00+09:00,1039.8199329480447,1159.044569672131,1033.7832424810024,1104.71435546875,2344114,0.0,0.0
2006-08-07 00:00:00+09:00,1122.824374202806,1168.0995505819515,1059.4391272720025,1109.2418212890625,1675414,0.0,0.0
2006-08-08 00:00:00+09:00,1095.6591060361382,1160.5535158977827,1080.5673828125,1080.5673828125,1455408,0.0,0.0
2006-08-09 00:00:00+09:00,1076.0401600114317,1149.9896240234375,1044.347532577715,1149.9896240234375,1644874,0.0,0.0
2006-08-10 00:00:00+09:00,1162.0628273629952,1198.282967436647,1116.7876522709305,1133.3885498046875,2574826,0.0,0.0
2006-08-11 00:00:00+09:00,1133.3886569181352,1154.5170739578873,968.8888385372074,991.5264282226562,1881446,0.0,0.0
2006-08-14 00:00:00+09:00,1005.108960979823,1026.2373775769963,923.6136398192967,940.2145385742188,1207754,0.0,0.0
2006-08-16 00:00:00+09:00,959.8339345987561,986.9990459553246,932.6688232421875,932.6688232421875,1041328,0.0,0.0
2006-08-17 00:00:00+09:00,937.1963418016155,993.0357373678954,923.6137861233312,932.6688232421875,1358818,0.0,0.0
2006-08-18 00:00:00+09:00,946.2512649108317,982.471409022251,944.7420922395224,968.8888549804688,1051948,0.0,0.0
2006-08-21 00:00:00+09:00,979.4530430443076,1002.0906326370111,902.4852384291155,907.0127563476562,1026758,0.0,0.0
2006-08-22 00:00:00+09:00,899.4667935191152,913.0493457702427,839.0998946252148,878.33837890625,870808,0.0,0.0
2006-08-23 00:00:00+09:00,885.8843551315628,885.8843551315628,848.1550384734894,863.2467651367188,488976,0.0,0.0
2006-08-24 00:00:00+09:00,866.2651116943358,913.0494644165038,864.7559390258789,905.5036010742188,759914,0.0,0.0
2006-08-25 00:00:00+09:00,914.5587698917261,947.7605734191485,894.9395223527947,899.467041015625,446018,0.0,0.0
2006-08-28 00:00:00+09:00,899.4666311939233,928.1409029937296,881.3565647940457,925.12255859375,577646,0.0,0.0
2006-08-29 00:00:00+09:00,944.742126664305,944.742126664305,917.5770175908905,923.6137084960938,438858,0.0,0.0
2006-08-30 00:00:00+09:00,932.6686649133663,950.7787360767327,882.8659692141089,914.55859375,308360,0.0,0.0
2006-08-31 00:00:00+09:00,917.5768746040962,919.0860470952214,882.8659073082176,893.4301147460938,470964,0.0,0.0
2006-09-01 00:00:00+09:00,894.9394606293224,923.6137435162653,890.4119422787525,920.5953979492188,459478,0.0,0.0
2006-09-04 00:00:00+09:00,931.1595715630674,991.5264805785013,925.122880661524,986.9989624023438,1004260,0.0,0.0
2006-09-05 00:00:00+09:00,990.0172277203587,1005.1089537526813,953.7970852427846,967.379638671875,499244,0.0,0.0
2006-09-06 00:00:00+09:00,976.4346765247357,1035.292408185423,959.8337778512084,999.072265625,785448,0.0,0.0
2006-09-07 00:00:00+09:00,999.072265625,1071.5125507458458,979.4530217381042,999.072265625,527924,0.0,0.0
2006-09-08 00:00:00+09:00,1003.5997016330714,1005.1088741167301,965.8703895416024,979.4529418945312,442812,0.0,0.0
2006-09-11 00:00:00+09:00,985.4897216615224,1014.1640014648439,971.9071680704753,1014.1640014648438,329780,0.0,0.0
2006-09-12 00:00:00+09:00,1033.7833170890808,1050.3842170715334,965.8705444335939,965.8705444335938,626614,0.0,0.0
2006-09-13 00:00:00+09:00,982.4714795489643,999.0723801250605,947.7605056171269,973.4164428710938,482912,0.0,0.0
2006-09-14 00:00:00+09:00,980.962059818097,1015.6730250116605,964.3611634211753,1011.1455078125,398634,0.0,0.0
2006-09-15 00:00:00+09:00,1020.2008953783886,1024.7284141448608,993.0357827795558,1002.0908203125,336862,0.0,0.0
2006-09-18 00:00:00+09:00,1005.1090351069739,1020.2007623608323,973.4164078738711,986.9989624023438,517472,0.0,0.0
2006-09-19 00:00:00+09:00,990.0170984100877,1033.7830981873628,976.4345467550712,1032.27392578125,722852,0.0,0.0
2006-09-20 00:00:00+09:00,1047.3657803922085,1083.5859226536106,1005.1089477539062,1005.1089477539062,1313628,0.0,0.0
2006-09-21 00:00:00+09:00,1015.6731374104819,1036.8015533447267,993.0355489095053,996.0538940429688,456074,0.0,0.0
2006-09-22 00:00:00+09:00,986.9989361909269,1018.6915625823787,977.9439000790835,983.9805908203125,387700,0.0,0.0
2006-09-25 00:00:00+09:00,968.888853149414,986.9989251708984,893.4302197265624,905.5036010742188,764268,0.0,0.0
2006-09-26 00:00:00+09:00,893.4302637753975,911.5403366897636,846.6459087466183,854.1917724609375,592832,0.0,0.0
2006-09-27 00:00:00+09:00,869.2836258944543,873.8111447793212,843.6276855468749,843.627685546875,356754,0.0,0.0
2006-09-28 00:00:00+09:00,851.173271071743,870.7925131354533,840.6090638066681,857.2099609375,322598,0.0,0.0
2006-09-29 00:00:00+09:00,864.7560415333714,900.9761898698478,864.7560415333714,875.3202514648438,366008,0.0,0.0
2006-10-02 00:00:00+09:00,878.3383228950033,891.9208742799776,860.2282543817043,861.7374267578125,267128,0.0,0.0
2006-10-04 00:00:00+09:00,857.2100731344784,869.2834544462316,814.9532385433422,820.9899291992188,239174,0.0,0.0
2006-10-09 00:00:00+09:00,810.4256192965895,819.4806541490653,698.7468561160539,722.8936157226562,570648,0.0,0.0
2006-10-10 00:00:00+09:00,724.402843656994,768.1688487946041,724.402843656994,760.6229858398438,159062,0.0,0.0
2006-10-11 00:00:00+09:00,757.6046154569316,801.3706191387065,694.2193687453954,768.1688232421875,132706,0.0,0.0
2006-10-12 00:00:00+09:00,775.7147416948197,882.8659997888514,775.7147416948197,837.5908203125,326604,0.0,0.0
2006-10-13 00:00:00+09:00,858.719255471187,872.3018095999053,833.0633198947193,846.6458740234375,172204,0.0,0.0
2006-10-16 00:00:00+09:00,848.1551021605499,973.4164428710938,848.1551021605499,973.4164428710938,653522,0.0,0.0
2006-10-17 00:00:00+09:00,999.0723509589027,1118.2969970703125,994.5448327521402,1118.2969970703125,2641756,0.0,0.0
2006-10-18 00:00:00+09:00,1205.8290313343944,1281.2876690899884,1165.0813669463735,1222.429931640625,1509138,0.0,0.0
2006-10-19 00:00:00+09:00,1222.4296843531822,1405.03955078125,1149.9894067618825,1405.03955078125,2890606,0.0,0.0
2006-10-20 00:00:00+09:00,1388.4385912346117,1504.6448646314216,1195.2645263671875,1195.2645263671875,5903280,0.0,0.0
2006-10-23 00:00:00+09:00,1174.1363328071488,1202.8106134284033,1098.677699593322,1101.696044921875,2453704,0.0,0.0
2006-10-24 00:00:00+09:00,1103.2053203176945,1162.063059705369,1062.457654587766,1134.89794921875,1827610,0.0,0.0
2006-10-25 00:00:00+09:00,1119.806003185789,1136.4069008071417,1047.36572265625,1047.36572265625,1235204,0.0,0.0
2006-10-26 00:00:00+09:00,1047.3657754717722,1092.6409530858257,1026.2373592518804,1053.4024658203125,1271730,0.0,0.0
2006-10-27 00:00:00+09:00,1053.4023189335078,1098.677490234375,1011.145492386032,1098.677490234375,1269018,0.0,0.0
2006-10-30 00:00:00+09:00,1077.549242730677,1130.3702840410042,1020.2006835937501,1020.20068359375,844858,0.0,0.0
2006-10-31 00:00:00+09:00,1012.6547893475052,1074.5308644045062,1009.6364442227735,1054.91162109375,845278,0.0,0.0
2006-11-01 00:00:00+09:00,1074.5309544270833,1156.0262796223958,1068.4942636718752,1131.8795166015625,1232088,0.0,0.0
2006-11-02 00:00:00+09:00,1121.315235821012,1136.406961740541,1091.1317839819537,1095.6593017578125,445374,0.0,0.0
2006-11-03 00:00:00+09:00,1101.6959005006602,1112.260107765735,1044.3473467759684,1071.512451171875,698354,0.0,0.0
2006-11-06 00:00:00+09:00,1088.1135759532613,1151.4988328049076,1063.9668114383483,1125.8428955078125,899928,0.0,0.0
2006-11-07 00:00:00+09:00,1145.4620715876295,1201.301461111664,1104.7144089619826,1184.7005615234375,707976,0.0,0.0
2006-11-08 00:00:00+09:00,1219.4114771792763,1251.1041022049753,1139.4253283048931,1146.97119140625,696222,0.0,0.0
2006-11-09 00:00:00+09:00,1159.0444436498856,1319.0167236328125,1153.007753839209,1319.0167236328125,2064312,0.0,0.0
2006-11-10 00:00:00+09:00,1352.2187033117532,1515.2093505859377,1343.1636673520761,1515.2093505859375,2595372,0.0,0.0
2006-11-13 00:00:00+09:00,1515.2092682220125,1515.2092682220125,1365.8011830088858,1373.3470458984375,3062924,0.0,0.0
2006-11-14 00:00:00+09:00,1388.4388039328835,1442.7690179998224,1240.5398878617718,1328.0718994140625,2946076,0.0,0.0
2006-11-15 00:00:00+09:00,1358.2555123505126,1456.3517437980497,1320.5261925629984,1325.0537109375,3646140,0.0,0.0
2006-11-16 00:00:00+09:00,1325.0533349609375,1356.745954589844,1252.6130615234376,1282.7965087890625,1118430,0.0,0.0
2006-11-17 00:00:00+09:00,1296.3794532775878,1335.6179466247559,1207.3382568359375,1207.3382568359375,1109638,0.0,0.0
2006-11-20 00:00:00+09:00,1208.8472072319944,1285.8150069433948,1205.8288621452728,1248.085693359375,781304,0.0,0.0
2006-11-21 00:00:00+09:00,1267.7051408592079,1433.7141474002945,1240.540030697939,1409.5673828125,4534930,0.0,0.0
2006-11-22 00:00:00+09:00,1409.567228578433,1602.7413241437857,1353.7278415790734,1454.8424072265625,6284690,0.0,0.0
2006-11-23 00:00:00+09:00,1460.8788720199743,1608.777766088112,1420.1312175318137,1463.897216796875,5396788,0.0,0.0
2006-11-24 00:00:00+09:00,1494.0806744253034,1509.1723984093974,1246.5764010861624,1258.6497802734375,2355944,0.0,0.0
2006-11-27 00:00:00+09:00,1237.521713256836,1243.5584045410155,1118.297060394287,1207.3382568359375,1685382,0.0,0.0
2006-11-28 00:00:00+09:00,1177.1545478504688,1370.3286274977254,1124.3335104469222,1347.6910400390625,3110204,0.0,0.0
2006-11-29 00:00:00+09:00,1373.3468086674527,1472.9521816037734,1175.6452351120283,1199.7919921875,4422400,0.0,0.0
2006-11-30 00:00:00+09:00,1207.3380975452196,1234.503204739987,1106.2235318758076,1168.099609375,1738688,0.0,0.0
2006-12-04 00:00:00+09:00,1107.7327877595462,1169.6088699096028,1107.7327877595462,1128.8612060546875,583104,0.0,0.0
2006-12-05 00:00:00+09:00,1148.480501928085,1261.668462039263,1143.9529835236378,1177.15478515625,1391224,0.0,0.0
2006-12-06 00:00:00+09:00,1177.1547154017858,1189.2280970982142,1127.352015904018,1140.9345703125,624230,0.0,0.0
2006-12-07 00:00:00+09:00,1128.8612062194247,1169.6088700802864,1103.205269714438,1118.2969970703125,462792,0.0,0.0
2006-12-08 00:00:00+09:00,1145.4618678501674,1284.3057306198848,1110.7509021577382,1267.704833984375,2445628,0.0,0.0
2006-12-11 00:00:00+09:00,1222.4298064483096,1252.613258459379,1165.081247627278,1180.1729736328125,1207378,0.0,0.0
2006-12-12 00:00:00+09:00,1165.081333705357,1196.773960658482,1116.787806919643,1140.9345703125,684848,0.0,0.0
2006-12-13 00:00:00+09:00,1171.117866792827,1267.7049073530602,1153.0077966877834,1165.0811767578125,1434888,0.0,0.0
2006-12-14 00:00:00+09:00,1180.173060825893,1214.884033203125,1160.5538155691963,1183.19140625,566768,0.0,0.0
2006-12-15 00:00:00+09:00,1181.6820743541025,1213.374697037929,1162.0628317403052,1165.0811767578125,529950,0.0,0.0
2006-12-18 00:00:00+09:00,1177.1545917461447,1189.2279721743103,1153.0078308898135,1162.0628662109375,525990,0.0,0.0
2006-12-19 00:00:00+09:00,1177.1547489872685,1228.4666226610725,1171.118057966821,1222.429931640625,923596,0.0,0.0
2006-12-20 00:00:00+09:00,1258.649823148832,1405.03955078125,1258.649823148832,1405.03955078125,1305392,0.0,0.0
2006-12-21 00:00:00+09:00,1566.5210551894716,1614.8145751953125,1527.2825701847255,1614.8145751953125,1358496,0.0,0.0
2006-12-22 00:00:00+09:00,1856.282470703125,1856.282470703125,1856.282470703125,1856.282470703125,227042,0.0,0.0
2006-12-26 00:00:00+09:00,2133.969970703125,2133.969970703125,1967.9609913697843,2133.969970703125,7789238,0.0,0.0
2006-12-27 00:00:00+09:00,2161.5250523254563,2418.703670449165,2054.367294773911,2222.758056640625,16020322,50.0,0.0
2006-12-28 00:00:00+09:00,2133.969655533283,2201.3259430823964,2045.181821945815,2094.168212890625,1964162,0.0,0.0
2007-01-02 00:00:00+09:00,2121.723599520597,2320.7308635448953,2081.922146715737,2222.758056640625,3541246,0.0,0.0
2007-01-03 00:00:00+09:00,2201.326370804398,2259.4977213541665,2182.956470630787,2231.94287109375,1718160,0.0,0.0
2007-01-04 00:00:00+09:00,2219.696270978009,2271.7443214699074,2192.1414207175926,2231.94287109375,1185660,0.0,0.0
2007-01-05 00:00:00+09:00,2219.696406424867,2250.312908582451,2176.8333034042485,2222.758056640625,1551762,0.0,0.0
2007-01-08 00:00:00+09:00,2216.6342133795397,2360.53173828125,2216.6342133795397,2360.53173828125,1110318,0.0,0.0
2007-01-09 00:00:00+09:00,2339.1008984375,2602.40283203125,2219.696533203125,2219.696533203125,1993022,0.0,0.0
2007-01-10 00:00:00+09:00,2550.354736328125,2550.354736328125,2351.3474639855945,2550.354736328125,5513616,0.0,0.0
2007-01-11 00:00:00+09:00,2434.011874393953,2510.553128305712,2170.7099609375,2170.7099609375,4758078,0.0,0.0
2007-01-12 00:00:00+09:00,2054.3671403851426,2063.552090342155,1846.1749413595246,1919.654541015625,6485688,0.0,0.0
2007-01-15 00:00:00+09:00,1944.1480690913972,1956.3946711014219,1809.4354469811271,1870.66845703125,2946266,0.0,0.0
2007-01-16 00:00:00+09:00,1836.9899345685592,1843.1132343504544,1625.7360920931749,1705.3389892578125,2420600,0.0,0.0
2007-01-17 00:00:00+09:00,1683.9074730416366,1843.113270492846,1567.5647749042146,1598.1812744140625,4528708,0.0,0.0
2007-01-18 00:00:00+09:00,1579.8116655349731,1628.7980737686157,1492.5546258687973,1567.5650634765625,1763810,0.0,0.0
2007-01-19 00:00:00+09:00,1573.6880772393724,1637.9827263094635,1500.2084783021255,1512.455078125,2246094,0.0,0.0
2007-01-22 00:00:00+09:00,1549.1948412625293,1739.017134065448,1518.5783424233489,1622.6744384765625,6806564,0.0,0.0
2007-01-23 00:00:00+09:00,1592.0579838039866,1641.044383305648,1380.8041359530732,1382.3349609375,3187174,0.0,0.0
2007-01-24 00:00:00+09:00,1396.1122070312501,1412.9512797037762,1327.2250915527345,1377.7423095703125,1636484,0.0,0.0
2007-01-25 00:00:00+09:00,1408.3589196895095,1582.8729597379922,1396.1123203878617,1428.2596435546875,6869624,0.0,0.0
2007-01-26 00:00:00+09:00,1402.2356812197859,1402.2356812197859,1331.817732162897,1385.3966064453125,1354736,0.0,0.0
2007-01-29 00:00:00+09:00,1399.1741124707985,1468.0612405464942,1377.7425615139152,1412.9515380859375,2217772,0.0,0.0
2007-01-30 00:00:00+09:00,1412.951356713328,1455.814453125,1328.7559887618297,1455.814453125,1739564,0.0,0.0
2007-01-31 00:00:00+09:00,1336.4102105963718,1469.5919841609589,1341.002685546875,1341.002685546875,3076500,0.0,0.0
2007-02-01 00:00:00+09:00,1336.4101709324134,1540.0098876953127,1336.4101709324134,1540.0098876953125,3076500,0.0,0.0
2007-02-02 00:00:00+09:00,1530.8250191285438,1592.0580198936857,1469.592018363402,1484.9002685546875,3141342,0.0,0.0
2007-02-05 00:00:00+09:00,1524.7016779478745,1576.749727195091,1475.7152786563765,1512.455078125,2383858,0.0,0.0
2007-02-06 00:00:00+09:00,1515.5165833818153,1524.701532372008,1438.975341796875,1438.975341796875,1561820,0.0,0.0
2007-02-07 00:00:00+09:00,1440.5062355343991,1466.5302589181238,1386.927363862025,1389.989013671875,1346848,0.0,0.0
2007-02-08 00:00:00+09:00,1394.5816625590787,1402.2357880396444,1348.6569096756841,1356.31103515625,946136,0.0,0.0
2007-02-09 00:00:00+09:00,1357.8416335929153,1446.6294743464543,1357.8416335929153,1432.85205078125,1842972,0.0,0.0
2007-02-12 00:00:00+09:00,1402.2356129112748,1408.3589125309747,1359.3725155733755,1389.989013671875,562130,0.0,0.0
2007-02-13 00:00:00+09:00,1373.150056928118,1389.9891323196555,1301.2012802551842,1310.38623046875,788118,0.0,0.0
2007-02-14 00:00:00+09:00,1307.324617513021,1333.3486438569569,1282.83141624814,1285.89306640625,1032138,0.0,0.0
2007-02-15 00:00:00+09:00,1307.324412279612,1365.4957561515387,1285.8928645373235,1299.6702880859375,1251206,0.0,0.0
2007-02-16 00:00:00+09:00,1321.1020242942955,1377.7425514077242,1298.1396484375,1298.1396484375,1401264,0.0,0.0
2007-02-20 00:00:00+09:00,1316.5094209558822,1316.5094209558822,1259.8688993566177,1301.201171875,645902,0.0,0.0
2007-02-21 00:00:00+09:00,1298.1396301839955,1327.2253058602878,1276.7080796856749,1310.38623046875,872874,0.0,0.0
2007-02-22 00:00:00+09:00,1311.9168329718655,1316.509307299655,1241.4988932790932,1247.6221923828125,707576,0.0,0.0
2007-02-23 00:00:00+09:00,1247.6224824979709,1331.817864752435,1224.6601055194806,1296.60888671875,2074678,0.0,0.0
2007-02-26 00:00:00+09:00,1304.2629594744492,1311.9170848234778,1249.1532569614444,1250.68408203125,669058,0.0,0.0
2007-02-27 00:00:00+09:00,1250.6841054772208,1270.584831757764,1215.4751282116442,1235.3758544921875,540442,0.0,0.0
2007-02-28 00:00:00+09:00,1089.9473673230973,1171.0810898906875,1089.9473673230973,1146.587890625,761340,0.0,0.0
2007-03-05 00:00:00+09:00,1172.6118545940217,1241.4989739892317,1137.402882458692,1145.0570068359375,405532,0.0,0.0
2007-03-06 00:00:00+09:00,1145.0572220651727,1169.5504246761923,1143.5263969019838,1163.4271240234375,297910,0.0,0.0
2007-03-07 00:00:00+09:00,1190.9818566153735,1190.9818566153735,1160.3653564453125,1160.3653564453125,325510,0.0,0.0
2007-03-08 00:00:00+09:00,1148.11884430406,1186.3894724475288,1141.995543801105,1181.7969970703125,286712,0.0,0.0
2007-03-09 00:00:00+09:00,1203.2285536728896,1213.944329596185,1169.550400771104,1178.7353515625,270600,0.0,0.0
2007-03-12 00:00:00+09:00,1284.3622335669752,1304.2629594744492,1186.389429099411,1250.68408203125,2900596,0.0,0.0
2007-03-13 00:00:00+09:00,1284.3618720463924,1437.4443359375,1258.3378531849041,1437.4443359375,2900596,0.0,0.0
2007-03-14 00:00:00+09:00,1408.3588578173676,1543.0714442172898,1380.8040105992018,1474.184326171875,2400378,0.0,0.0
2007-03-15 00:00:00+09:00,1518.578444053532,1558.3798952081606,1353.2493392573813,1386.927490234375,1690962,0.0,0.0
2007-03-16 00:00:00+09:00,1399.1742740553252,1417.5441769969707,1316.509710817921,1350.1878662109375,1135958,0.0,0.0
2007-03-19 00:00:00+09:00,1362.4342940338945,1405.2973954192305,1350.1876936380843,1383.8658447265625,870652,0.0,0.0
2007-03-20 00:00:00+09:00,1393.050758414676,1412.9514835348857,1318.040332961578,1325.6944580078125,665448,0.0,0.0
2007-03-21 00:00:00+09:00,1336.4102691337212,1382.335020650344,1328.7561438809507,1342.5335693359375,533064,0.0,0.0
2007-03-22 00:00:00+09:00,1357.841578768328,1373.1498265560206,1292.01611328125,1292.01611328125,584942,0.0,0.0
2007-03-23 00:00:00+09:00,1295.0780502208497,1304.263000931636,1224.6600947714892,1264.4615478515625,338414,0.0,0.0
2007-03-26 00:00:00+09:00,1255.2765572406672,1269.0539828689184,1239.9683065426102,1250.68408203125,228072,0.0,0.0
2007-03-27 00:00:00+09:00,1249.1532909737125,1426.72900390625,1249.1532909737125,1426.72900390625,1194852,0.0,0.0
2007-03-28 00:00:00+09:00,1426.728997069173,1448.1605485272935,1310.386289153661,1311.9171142578125,1023556,0.0,0.0
2007-03-29 00:00:00+09:00,1304.2628216911764,1334.879319852941,1299.6703469669117,1301.201171875,305286,0.0,0.0
2007-03-30 00:00:00+09:00,1316.5095895702668,1420.605696652567,1295.0780381121463,1311.9171142578125,643364,0.0,0.0
2007-04-02 00:00:00+09:00,1304.26289465668,1353.249294455992,1301.201244669223,1334.87939453125,335532,0.0,0.0
2007-04-03 00:00:00+09:00,1350.187730119035,1380.804231935793,1339.4719544831696,1359.3726806640625,415028,0.0,0.0
2007-04-04 00:00:00+09:00,1377.7426154444365,1400.7049923685106,1337.941162109375,1337.941162109375,314264,0.0,0.0
2007-04-05 00:00:00+09:00,1337.9411474399813,1460.4071563589728,1337.9411474399813,1426.72900390625,716780,0.0,0.0
2007-04-06 00:00:00+09:00,1420.6058160675082,1426.7291169988337,1370.088583384073,1394.581787109375,360422,0.0,0.0
2007-04-09 00:00:00+09:00,1405.2973132765435,1448.160412156438,1386.9274137565887,1397.6431884765625,463200,0.0,0.0
2007-04-10 00:00:00+09:00,1386.92731762885,1423.6671141223294,1362.4341199665303,1379.273193359375,380376,0.0,0.0
2007-04-11 00:00:00+09:00,1382.3350972969795,1420.6057256828315,1373.150146484375,1373.150146484375,366506,0.0,0.0
2007-04-12 00:00:00+09:00,1373.1503701045597,1469.5923693426726,1363.965417796168,1420.60595703125,1122386,0.0,0.0
2007-04-13 00:00:00+09:00,1442.0375124174975,1466.5307185732086,1394.581925490807,1420.60595703125,510840,0.0,0.0
2007-04-16 00:00:00+09:00,1431.3213977771984,1434.3830478259197,1393.0507721681824,1399.174072265625,438862,0.0,0.0
2007-04-17 00:00:00+09:00,1408.3590691414988,1408.3590691414988,1356.3110165862695,1368.5576171875,392414,0.0,0.0
2007-04-18 00:00:00+09:00,1368.5577581512416,1396.1126123422061,1365.4961076855789,1394.581787109375,276470,0.0,0.0
2007-04-19 00:00:00+09:00,1393.0506515933969,1409.8897254038666,1351.7183795131534,1354.780029296875,299776,0.0,0.0
2007-04-20 00:00:00+09:00,1383.865680130181,1509.3933192570337,1383.865680130181,1458.8760986328125,887886,0.0,0.0
2007-04-23 00:00:00+09:00,1515.5165833818153,1515.5165833818153,1438.975341796875,1438.975341796875,404476,0.0,0.0
2007-04-24 00:00:00+09:00,1549.1949978298612,1515.5168457031252,1397.6433132595487,1515.516845703125,2177752,0.0,0.0
2007-04-25 00:00:00+09:00,1549.1949066001207,1742.078857421875,1549.1949066001207,1742.078857421875,2177752,0.0,0.0
2007-04-26 00:00:00+09:00,1775.7570742420942,1959.456081922311,1536.9483642578125,1536.9483642578125,2575962,0.0,0.0
2007-04-27 00:00:00+09:00,1564.5030095838083,1717.585495844455,1549.1947609577437,1595.1195068359375,1464324,0.0,0.0
2007-04-30 00:00:00+09:00,1616.5512890625,1827.8051507013492,1595.1197378817471,1683.9075927734375,1056060,0.0,0.0
2007-05-02 00:00:00+09:00,1653.2913992745534,1791.065682547433,1653.2913992745534,1714.5244140625,585142,0.0,0.0
2007-05-03 00:00:00+09:00,1705.3390514758205,1830.8667015844537,1564.5031513539395,1579.8114013671875,486476,0.0,0.0
2007-05-04 00:00:00+09:00,1637.982683487082,1644.1059832384358,1582.8729857249,1625.736083984375,283308,0.0,0.0
2007-05-07 00:00:00+09:00,1619.6129243043613,1662.4760262708282,1585.9347727592801,1613.4896240234375,266460,0.0,0.0
2007-05-08 00:00:00+09:00,1613.4897153358759,1616.5513656496062,1555.3183593749998,1555.318359375,269864,0.0,0.0
2007-05-09 00:00:00+09:00,1558.3799151538378,1592.0580665618775,1518.578463489791,1536.9483642578125,255532,0.0,0.0
2007-05-10 00:00:00+09:00,1543.0717240931147,1757.3872413282695,1543.0717240931147,1656.352783203125,524462,0.0,0.0
2007-05-11 00:00:00+09:00,1683.9079066685267,1735.955969238281,1641.0447963169643,1714.5244140625,450470,0.0,0.0
2007-05-14 00:00:00+09:00,1714.5240998641302,1919.6546618121602,1671.660997367527,1760.4488525390625,683384,0.0,0.0
2007-05-15 00:00:00+09:00,1766.5721473277697,1836.9901012073863,1683.9075927734375,1683.9075927734375,270940,0.0,0.0
2007-05-16 00:00:00+09:00,1683.9074400211794,1754.325387512974,1653.2909411117032,1705.3389892578125,165570,0.0,0.0
2007-05-17 00:00:00+09:00,1739.017077016747,1806.373372253311,1693.092330264544,1748.2020263671875,135104,0.0,0.0
2007-05-18 00:00:00+09:00,1791.0653241131758,1794.126974239865,1699.2158203125,1699.2158203125,190640,0.0,0.0
2007-05-21 00:00:00+09:00,1683.9075425091912,1775.7570448278743,1668.599292122744,1717.585693359375,241642,0.0,0.0
2007-05-22 00:00:00+09:00,1735.9557564650909,1775.7572111988584,1693.0926513671873,1693.0926513671875,145160,0.0,0.0
2007-05-23 00:00:00+09:00,1729.8322663483796,1729.8322663483796,1641.0444155092591,1653.291015625,168272,0.0,0.0
2007-05-25 00:00:00+09:00,1653.2910910866476,1708.4007941228692,1579.8114870383522,1683.9075927734375,189902,0.0,0.0
2007-05-28 00:00:00+09:00,1760.4487712307448,1760.4487712307448,1699.215770492284,1732.8939208984375,109658,0.0,0.0
2007-05-29 00:00:00+09:00,1745.1404604704485,1809.4351090140965,1668.5992122042007,1690.03076171875,292262,0.0,0.0
2007-05-30 00:00:00+09:00,1699.2161603655134,1742.0792707170758,1653.2913992745534,1714.5244140625,135812,0.0,0.0
2007-05-31 00:00:00+09:00,1714.5242539997698,1720.6475549069119,1650.2295944747784,1662.4761962890625,263278,0.0,0.0
2007-06-01 00:00:00+09:00,1659.4141379785904,1677.7840361849953,1579.811245750835,1604.304443359375,306444,0.0,0.0
2007-06-04 00:00:00+09:00,1647.1677443525025,1647.1677443525025,1518.5784408900395,1552.256591796875,183644,0.0,0.0
2007-06-05 00:00:00+09:00,1552.2564300817087,1784.9418121057913,1512.4549831565369,1668.59912109375,371106,0.0,0.0
2007-06-07 00:00:00+09:00,1656.3527941687632,1867.6066625562767,1653.2911439022776,1806.3736572265625,601208,0.0,0.0
2007-06-08 00:00:00+09:00,1840.0516064874057,1840.0516064874057,1742.0788088042161,1775.7569580078125,172172,0.0,0.0
2007-06-11 00:00:00+09:00,1821.6818086020967,1821.6818086020967,1726.7706555488783,1791.0653076171875,173448,0.0,0.0
2007-06-12 00:00:00+09:00,1794.126931048454,1852.2982820551445,1705.3390795119265,1726.7706298828125,307312,0.0,0.0
2007-06-13 00:00:00+09:00,1690.0312081473214,1836.990443638393,1634.9214948381696,1714.5244140625,475588,0.0,0.0
2007-06-14 00:00:00+09:00,1717.5857210726351,1772.6954233530407,1686.9692198057433,1699.2158203125,208828,0.0,0.0
2007-06-15 00:00:00+09:00,1711.462487635022,1711.462487635022,1650.229482710692,1656.352783203125,258256,0.0,0.0
2007-06-18 00:00:00+09:00,1680.8457901302318,1775.7569367496071,1680.8457901302318,1705.3389892578125,416192,0.0,0.0
2007-06-19 00:00:00+09:00,1714.5241378812386,1742.078990097187,1656.352783203125,1656.352783203125,226608,0.0,0.0
2007-06-20 00:00:00+09:00,1653.2912210205543,1699.2159771600143,1601.2431640624998,1601.2431640625,237806,0.0,0.0
2007-06-21 00:00:00+09:00,1625.7360244051033,1714.5238675458716,1598.1811765338305,1668.59912109375,247884,0.0,0.0
2007-06-22 00:00:00+09:00,1674.7226515721231,1745.1406058429802,1674.7226515721231,1677.7843017578125,230430,0.0,0.0
2007-06-25 00:00:00+09:00,1637.982734526751,1699.2157339483117,1637.982734526751,1674.7225341796875,84096,0.0,0.0
2007-06-26 00:00:00+09:00,1674.7223648042443,1714.5238104028826,1592.057823945534,1619.6126708984375,162570,0.0,0.0
2007-06-27 00:00:00+09:00,1598.181324341059,1644.1060750405147,1564.503173828125,1564.503173828125,96776,0.0,0.0
2007-06-28 00:00:00+09:00,1564.50290164432,1622.67424240996,1564.50290164432,1585.9344482421875,64758,0.0,0.0
2007-06-29 00:00:00+09:00,1595.1194736069676,1625.7359702213048,1552.2563783468956,1619.6126708984375,56488,0.0,0.0
2007-07-02 00:00:00+09:00,1601.242823351744,1634.920970688014,1582.8729248046875,1582.8729248046875,73372,0.0,0.0
2007-07-03 00:00:00+09:00,1592.0581631397636,1634.921267531988,1549.1950587475392,1555.318359375,113574,0.0,0.0
2007-07-04 00:00:00+09:00,1573.6880543313189,1592.0579537982214,1526.2324807084872,1527.7633056640625,91946,0.0,0.0
2007-07-05 00:00:00+09:00,1543.071544471154,1549.1948442508015,1445.098747996795,1492.5543212890625,255036,0.0,0.0
2007-07-06 00:00:00+09:00,1504.8008226807165,1504.8008226807165,1422.136281048205,1429.7904052734375,106014,0.0,0.0
2007-07-09 00:00:00+09:00,1440.5064017085706,1452.7530023607158,1385.3966987739175,1445.098876953125,168580,0.0,0.0
2007-07-10 00:00:00+09:00,1448.1603291608765,1448.1603291608765,1400.704758120721,1411.4205322265625,86518,0.0,0.0
2007-07-11 00:00:00+09:00,1411.4210047228585,1440.5066870327655,1370.0887193350957,1420.60595703125,117692,0.0,0.0
2007-07-12 00:00:00+09:00,1438.975541744274,1442.0371918330918,1386.9274902343748,1386.927490234375,122728,0.0,0.0
2007-07-13 00:00:00+09:00,1389.9891554580113,1414.4823564352448,1316.5095525263102,1336.4102783203125,165164,0.0,0.0
2007-07-16 00:00:00+09:00,1313.4476664528918,1353.249110890858,1304.262717736438,1333.348388671875,88060,0.0,0.0
2007-07-18 00:00:00+09:00,1345.5952299943208,1345.5952299943208,1281.3005773666057,1295.0780029296875,108100,0.0,0.0
2007-07-19 00:00:00+09:00,1295.078012208191,1310.3862629435125,1278.2389363993375,1288.9547119140625,77444,0.0,0.0
2007-07-20 00:00:00+09:00,1295.0779983232608,1477.2461801205043,1295.0779983232608,1460.4071044921875,192362,0.0,0.0
2007-07-23 00:00:00+09:00,1469.5920671735491,1472.653717313494,1371.6192626953125,1371.6192626953125,117452,0.0,0.0
2007-07-24 00:00:00+09:00,1362.4343308457383,1391.5200075716584,1301.201327212222,1359.3726806640625,98978,0.0,0.0
2007-07-25 00:00:00+09:00,1314.9788183877633,1356.311097894713,1313.4479932208394,1316.5096435546875,81388,0.0,0.0
2007-07-26 00:00:00+09:00,1331.8179437873068,1438.975709379389,1321.1021672280986,1362.4344482421875,82604,0.0,0.0
2007-07-27 00:00:00+09:00,1347.1261128790047,1409.88994313814,1307.3246595439432,1337.941162109375,85048,0.0,0.0
2007-07-30 00:00:00+09:00,1316.5094655967619,1469.5919615963853,1310.386165756777,1397.6431884765625,79170,0.0,0.0
2007-07-31 00:00:00+09:00,1377.7424815478246,1435.9138307687326,1342.53350701938,1385.3966064453125,110134,0.0,0.0
2007-08-01 00:00:00+09:00,1394.581787109375,1468.0613982852806,1347.1262048916026,1394.581787109375,163494,0.0,0.0
2007-08-02 00:00:00+09:00,1396.1124451223727,1434.38307135928,1342.5335683907028,1383.8658447265625,58964,0.0,0.0
2007-08-03 00:00:00+09:00,1408.3591404544213,1409.8899656070892,1374.6809870957286,1402.23583984375,1663016,0.0,0.0
2007-08-06 00:00:00+09:00,1408.3590686638545,1610.4279785156248,1402.235768365316,1610.427978515625,1663016,0.0,0.0
2007-08-07 00:00:00+09:00,1711.462099316204,1711.462099316204,1474.1842590711133,1478.7767333984375,771982,0.0,0.0
2007-08-08 00:00:00+09:00,1500.2085418701174,1561.4415435791018,1438.975540161133,1469.592041015625,327048,0.0,0.0
2007-08-09 00:00:00+09:00,1509.3936425781249,1509.3936425781249,1388.4584521484373,1416.0133056640625,335410,0.0,0.0
2007-08-10 00:00:00+09:00,1386.927448983028,1396.1123989762932,1310.3861990391524,1331.8177490234375,189202,0.0,0.0
2007-08-13 00:00:00+09:00,1333.3483907063803,1377.7423095703125,1314.9784932454427,1377.7423095703125,113108,0.0,0.0
2007-08-14 00:00:00+09:00,1171.0812173522877,1393.0508598569697,1285.8931014064335,1302.732177734375,565822,0.0,0.0
2007-08-16 00:00:00+09:00,1171.081083519024,1172.6119084648008,1108.3172607421875,1108.3172607421875,565822,0.0,0.0
2007-08-17 00:00:00+09:00,1062.3925165826263,1149.6495388379717,1050.145916967841,1105.255615234375,244178,0.0,0.0
2007-08-20 00:00:00+09:00,1148.1188397074854,1209.3518444918848,1134.3414136309957,1184.858642578125,138676,0.0,0.0
2007-08-21 00:00:00+09:00,1198.6360734534387,1233.84505134543,1181.7969970703125,1181.7969970703125,113264,0.0,0.0
2007-08-22 00:00:00+09:00,1186.3892327262106,1275.1770720786237,1184.8584079097895,1223.1290283203125,157200,0.0,0.0
2007-08-23 00:00:00+09:00,1272.115479276662,1272.115479276662,1224.6599078475685,1227.7215576171875,105230,0.0,0.0
2007-08-24 00:00:00+09:00,1262.9306465119546,1262.9306465119546,1180.2660951038993,1192.5126953125,80908,0.0,0.0
2007-08-27 00:00:00+09:00,1221.598292692927,1255.276441113033,1203.2283935546875,1203.2283935546875,55296,0.0,0.0
2007-08-28 00:00:00+09:00,1209.3517381155148,1223.129162980122,1164.9578135517809,1172.6119384765625,75990,0.0,0.0
2007-08-29 00:00:00+09:00,1114.440718801398,1163.4271240234375,1112.9098936382093,1163.4271240234375,65726,0.0,0.0
2007-08-30 00:00:00+09:00,1178.7353563308716,1204.7593836784363,1163.4271049499512,1175.6737060546875,68398,0.0,0.0
2007-08-31 00:00:00+09:00,1175.6735974409448,1175.6735974409448,1152.7112224909263,1166.4886474609375,58848,0.0,0.0
2007-09-03 00:00:00+09:00,1194.0434066280243,1206.290005670363,1155.7727846207158,1186.3892822265625,86070,0.0,0.0
2007-09-04 00:00:00+09:00,1189.4510178491084,1197.1051428030923,1163.426993005563,1169.55029296875,65798,0.0,0.0
2007-09-05 00:00:00+09:00,1174.142822265625,1197.1051981899852,1169.5503470807528,1174.142822265625,87884,0.0,0.0
2007-09-06 00:00:00+09:00,1160.3654406643652,1186.389467697735,1160.3654406643652,1184.858642578125,40578,0.0,0.0
2007-09-07 00:00:00+09:00,1190.9818921879908,1253.7457194112653,1187.9202420795384,1218.5367431640625,135652,0.0,0.0
2007-09-10 00:00:00+09:00,1175.673798076923,1194.043701171875,1164.9580212715343,1194.043701171875,83164,0.0,0.0
2007-09-11 00:00:00+09:00,1194.0434184827302,1255.2764143023574,1189.4509437962581,1221.5982666015625,74260,0.0,0.0
2007-09-12 00:00:00+09:00,1226.191031588041,1255.2767114883814,1154.2422444661458,1194.043701171875,167500,0.0,0.0
2007-09-13 00:00:00+09:00,1194.0435997784662,1220.067626953125,1186.3894741388606,1220.067626953125,19358,0.0,0.0
2007-09-14 00:00:00+09:00,1238.43734045196,1241.4989902429413,1209.351667437637,1221.5982666015625,40356,0.0,0.0
2007-09-17 00:00:00+09:00,1243.029815138432,1243.029815138432,1186.3892940052767,1221.5982666015625,55654,0.0,0.0
2007-09-18 00:00:00+09:00,1203.228652719351,1233.8451578776042,1194.043701171875,1194.043701171875,46046,0.0,0.0
2007-09-19 00:00:00+09:00,1220.0676350593567,1221.5984601974487,1171.0812306404114,1175.6737060546875,69232,0.0,0.0
2007-09-20 00:00:00+09:00,1178.7354104704257,1178.7354104704257,1137.4031298435405,1141.99560546875,56350,0.0,0.0
2007-09-21 00:00:00+09:00,1148.11887239155,1175.6737253289473,1132.8106207596627,1163.4271240234375,28314,0.0,0.0
2007-09-27 00:00:00+09:00,1166.4887030376653,1166.4887030376653,1122.0947760191714,1129.7489013671875,79672,0.0,0.0
2007-09-28 00:00:00+09:00,1120.5638647528567,1129.7488144639456,1096.070665523286,1105.255615234375,65990,0.0,0.0
2007-10-01 00:00:00+09:00,1117.5023287518295,1137.4030551542594,1102.1940776730373,1111.3790283203125,47534,0.0,0.0
2007-10-02 00:00:00+09:00,1111.3789329208246,1131.279657614999,1093.009033203125,1093.009033203125,79558,0.0,0.0
2007-10-04 00:00:00+09:00,1093.0089277316085,1106.7863511904104,1080.7623291015625,1080.7623291015625,52352,0.0,0.0
2007-10-05 00:00:00+09:00,1080.762446689067,1102.193996623411,1076.169971703136,1083.8240966796875,43430,0.0,0.0
2007-10-08 00:00:00+09:00,1099.132480274547,1099.132480274547,1070.0468018271706,1077.700927734375,79728,0.0,0.0
2007-10-09 00:00:00+09:00,1079.2317439101403,1177.2045547048197,1079.2317439101403,1122.0948486328125,158926,0.0,0.0
2007-10-10 00:00:00+09:00,1194.0435112847222,1194.0435112847222,1106.7864854600693,1115.971435546875,131710,0.0,0.0
2007-10-11 00:00:00+09:00,1115.9715036439502,1122.0948040754672,1105.2557278887957,1111.3790283203125,164306,0.0,0.0
2007-10-12 00:00:00+09:00,1111.3789651925224,1120.5639153180805,1047.0843143136162,1071.5775146484375,130700,0.0,0.0
2007-10-15 00:00:00+09:00,1071.5775195603576,1086.8857698397912,1027.18359375,1027.18359375,151940,0.0,0.0
2007-10-16 00:00:00+09:00,1027.1835037789695,1027.1835037789695,964.419683130776,1004.2211303710938,128104,0.0,0.0
2007-10-17 00:00:00+09:00,1004.2212954912814,1010.3445960735453,942.9882896686423,976.6664428710938,67022,0.0,0.0
2007-10-18 00:00:00+09:00,965.9505246951256,1010.3444473831743,965.9505246951256,991.9745483398438,37502,0.0,0.0
2007-10-19 00:00:00+09:00,982.7897058889406,1040.9610591970088,949.1115539737433,1001.1596069335938,21408,0.0,0.0
2007-10-22 00:00:00+09:00,946.0499267578125,972.0739538692733,918.495074522148,946.0499267578125,98562,0.0,0.0
2007-10-23 00:00:00+09:00,952.173199172247,979.7280505952381,936.8649483816964,964.4197998046875,74994,0.0,0.0
2007-10-24 00:00:00+09:00,976.6663278773211,976.6663278773211,845.015380859375,845.015380859375,126862,0.0,0.0
2007-10-25 00:00:00+09:00,852.669730922154,942.988427734375,852.669730922154,857.26220703125,120942,0.0,0.0
2007-10-26 00:00:00+09:00,871.0393634001135,912.3716354770961,857.2619393744527,874.1010131835938,83100,0.0,0.0
2007-10-29 00:00:00+09:00,939.9266417832098,939.9266417832098,890.94023699972,897.0635375976562,52710,0.0,0.0
2007-10-30 00:00:00+09:00,910.8409471174115,920.0258978446459,892.4710456629427,907.779296875,34804,0.0,0.0
2007-10-31 00:00:00+09:00,910.8409471174115,927.6800234506745,889.4093954205313,907.779296875,34804,0.0,0.0
2007-11-01 00:00:00+09:00,907.7792449588484,916.9641951607929,869.508619117413,901.6559448242188,99816,0.0,0.0
2007-11-02 00:00:00+09:00,894.0018015008224,894.0018015008224,841.9537514134457,872.5702514648438,60722,0.0,0.0
2007-11-05 00:00:00+09:00,864.9161264519943,900.125101511102,864.9161264519943,872.5702514648438,30160,0.0,0.0
2007-11-06 00:00:00+09:00,1099.1323350270588,895.5326128005981,872.5702381134033,881.7551879882812,1013206,0.0,0.0
2007-11-07 00:00:00+09:00,886.3477090795235,1013.4061889648438,845.015432490323,1013.4061889648438,355686,0.0,0.0
2007-11-08 00:00:00+09:00,1099.1325224827528,1164.9580078125,1056.269415756406,1164.9580078125,1013206,0.0,0.0
2007-11-09 00:00:00+09:00,1164.9577643312055,1221.5982863814743,991.9745483398439,991.9745483398438,1307526,0.0,0.0
2007-11-12 00:00:00+09:00,991.9745483398439,1010.3444473831743,930.7415515287423,991.9745483398438,196646,0.0,0.0
2007-11-13 00:00:00+09:00,1007.2829838883519,1056.2693903996394,915.4334716796875,915.4334716796875,499510,0.0,0.0
2007-11-14 00:00:00+09:00,933.8034548170474,949.111708174704,881.7553934010152,904.7177734375,250696,0.0,0.0
2007-11-15 00:00:00+09:00,921.5566796457666,921.5566796457666,880.2244033161392,895.5326538085938,114320,0.0,0.0
2007-11-16 00:00:00+09:00,887.8784221926362,906.2483205828287,875.6318232658413,884.8167724609375,93124,0.0,0.0
2007-11-19 00:00:00+09:00,887.8785517153532,918.4950534986413,880.2244262695312,880.2244262695312,109130,0.0,0.0
2007-11-20 00:00:00+09:00,864.9161264519943,895.5326265033923,863.3853014494243,872.5702514648438,73054,0.0,0.0
2007-11-21 00:00:00+09:00,900.1250914969436,900.1250914969436,832.7687921332267,837.3612670898438,147526,0.0,0.0
2007-11-22 00:00:00+09:00,841.9537488151999,884.8168487548828,829.7071488324334,832.768798828125,80088,0.0,0.0
2007-11-23 00:00:00+09:00,849.6079833984375,849.6079833984375,789.9058007812499,803.6832275390625,90134,0.0,0.0
2007-11-26 00:00:00+09:00,812.8681146309856,835.830490750505,789.9057385114662,805.2139892578125,77350,0.0,0.0
2007-11-27 00:00:00+09:00,802.1522216796876,825.1145944376939,786.84397317435,802.1522216796875,45962,0.0,0.0
2007-11-28 00:00:00+09:00,802.1524072358986,832.7689113288718,797.5599316219526,800.62158203125,37604,0.0,0.0
2007-11-29 00:00:00+09:00,805.2140310908972,837.3613593283665,805.2140310908972,817.4606323242188,42486,0.0,0.0
2007-11-30 00:00:00+09:00,817.4605577256943,851.1387080439814,817.4605577256943,826.6455078125,43508,0.0,0.0
2007-12-03 00:00:00+09:00,829.7071533203125,851.1387034060771,826.6455033080605,829.7071533203125,34382,0.0,0.0
2007-12-04 00:00:00+09:00,832.7688344594595,864.9161607896959,817.4605838260136,849.60791015625,58532,0.0,0.0
2007-12-05 00:00:00+09:00,863.385291844007,863.385291844007,834.2996171187657,837.3612670898438,46532,0.0,0.0
2007-12-06 00:00:00+09:00,866.4469778729301,939.9265802367121,828.1763516417935,895.5326538085938,172710,0.0,0.0
2007-12-07 00:00:00+09:00,894.0018287593483,959.8273058769031,890.9401786608574,895.5326538085938,108820,0.0,0.0
2007-12-10 00:00:00+09:00,926.1492237291837,964.4198528089021,895.532720465409,930.74169921875,84436,0.0,0.0
2007-12-11 00:00:00+09:00,958.2965037196974,958.2965037196974,907.7792758878284,921.5567016601562,27088,0.0,0.0
2007-12-12 00:00:00+09:00,906.2484860785775,918.4950872418015,887.8785843337415,898.5943603515625,34232,0.0,0.0
2007-12-13 00:00:00+09:00,903.1868026069973,906.248452785326,869.5086506453804,880.2244262695312,23578,0.0,0.0
2007-12-14 00:00:00+09:00,872.5704193115234,921.5568288167317,872.5704193115234,918.4951782226562,33328,0.0,0.0
2007-12-17 00:00:00+09:00,858.7929134630176,944.5191222935506,858.7929134630176,894.0018920898438,29488,0.0,0.0
2007-12-18 00:00:00+09:00,863.3852882385254,887.8784879048666,858.7928133010864,881.7551879882812,10484,0.0,0.0
2007-12-20 00:00:00+09:00,872.570286106419,895.5326620565879,849.60791015625,849.60791015625,40290,0.0,0.0
2007-12-21 00:00:00+09:00,915.4335517681465,915.4335517681465,826.6456821986607,867.9779663085938,27760,0.0,0.0
2007-12-24 00:00:00+09:00,887.8784822162829,887.8784822162829,832.7687833200998,843.4845581054688,32876,0.0,0.0
2007-12-26 00:00:00+09:00,845.0155538655014,867.9779330466291,826.6456505205991,851.1388549804688,38676,0.0,0.0
2007-12-27 00:00:00+09:00,888.6889480369679,888.6889480369679,858.9616768878439,863.6554565429688,4252,30.0,0.0
2007-12-28 00:00:00+09:00,863.6554447194044,907.4640542341568,851.1386991437608,896.5119018554688,14028,0.0,0.0
2008-01-02 00:00:00+09:00,880.8658347155051,901.2055431547619,880.8658347155051,887.1242065429688,10048,0.0,0.0
2008-01-03 00:00:00+09:00,882.4306442673143,891.8182043127111,816.7177239495355,868.3493041992188,22036,0.0,0.0
2008-01-04 00:00:00+09:00,868.3491313955095,883.9950616909241,852.7032011000949,862.0907592773438,30362,0.0,0.0
2008-01-07 00:00:00+09:00,843.3157529015523,860.5262784709718,829.2344137993,841.7511596679688,27778,0.0,0.0
2008-01-08 00:00:00+09:00,841.7511596679686,857.3970920038046,835.4927867336344,841.7511596679688,37554,0.0,0.0
2008-01-09 00:00:00+09:00,827.6698450159143,858.9617106119792,827.6698450159143,844.88037109375,9754,0.0,0.0
2008-01-10 00:00:00+09:00,844.88037109375,857.397117332176,829.2344382957176,844.88037109375,46008,0.0,0.0
2008-01-11 00:00:00+09:00,844.8803028980448,874.6075728148278,829.2343713628958,840.1865234375,28068,0.0,0.0
2008-01-14 00:00:00+09:00,854.2678581686581,854.2678581686581,824.5405883789062,824.5405883789062,28126,0.0,0.0
2008-01-15 00:00:00+09:00,841.7511456711849,841.7511456711849,797.9425358593016,832.3635864257812,39230,0.0,0.0
2008-01-16 00:00:00+09:00,819.846860180569,829.2344196482856,790.1195885328003,804.200927734375,14542,0.0,0.0
2008-01-17 00:00:00+09:00,813.5884649634818,827.6698037801575,788.5549737338363,816.7176513671875,22596,0.0,0.0
2008-01-18 00:00:00+09:00,791.6841735839844,829.2344110662286,791.6841735839844,826.105224609375,14752,0.0,0.0
2008-01-21 00:00:00+09:00,816.7177290048618,837.0574425624542,797.9426087978535,799.5072021484375,42524,0.0,0.0
2008-01-22 00:00:00+09:00,785.4258034895306,796.3779561278309,725.9712605959008,772.9090576171875,68354,0.0,0.0
2008-01-23 00:00:00+09:00,821.4113981827445,821.4113981827445,746.3109274917507,755.698486328125,23652,0.0,0.0
2008-01-24 00:00:00+09:00,755.6985162499152,802.6363122902826,697.8085678001288,721.2774658203125,31204,0.0,0.0
2008-01-25 00:00:00+09:00,755.6984651957898,793.2486994912329,735.3587549524249,768.2152099609375,28352,0.0,0.0
2008-01-28 00:00:00+09:00,771.344536979831,791.6842509367028,766.6507568359375,766.6507568359375,45402,0.0,0.0
2008-01-29 00:00:00+09:00,801.0717098577236,812.0238621409346,763.5214734581427,769.7798461914062,138150,0.0,0.0
2008-01-30 00:00:00+09:00,801.0717367256638,883.9951782226562,771.3444652456099,883.9951782226562,138150,0.0,0.0
2008-01-31 00:00:00+09:00,923.1099607027495,1015.4209567730244,785.4257631742038,813.5884399414062,1381930,0.0,0.0
2008-02-01 00:00:00+09:00,819.846869140625,822.9760556640625,766.6506982421874,782.296630859375,215634,0.0,0.0
2008-02-04 00:00:00+09:00,786.9903673313424,786.9903673313424,754.1339106435528,780.7319946289062,119542,0.0,0.0
2008-02-05 00:00:00+09:00,766.6506208773859,799.5070760578453,763.5214346697231,783.8611450195312,143778,0.0,0.0
2008-02-11 00:00:00+09:00,771.3444393747221,797.9425234910918,763.5214734581427,769.7798461914062,62520,0.0,0.0
2008-02-12 00:00:00+09:00,777.6028467663647,805.7655253212833,763.5215074889054,793.248779296875,61792,0.0,0.0
2008-02-13 00:00:00+09:00,785.4257703939445,808.894667915676,782.2965840577136,791.6841430664062,59536,0.0,0.0
2008-02-14 00:00:00+09:00,796.3779615112779,819.846860180569,794.8133682666586,804.200927734375,38910,0.0,0.0
2008-02-15 00:00:00+09:00,790.119672671769,829.2345079525496,790.119672671769,807.3302001953125,47978,0.0,0.0
2008-02-18 00:00:00+09:00,876.1722022899683,923.1099988412166,835.4927786122198,863.6554565429688,265764,0.0,0.0
2008-02-19 00:00:00+09:00,876.1722534410444,876.1722534410444,805.7655545038176,827.6698608398438,140336,0.0,0.0
2008-02-20 00:00:00+09:00,821.4113985554555,838.6219230966175,810.4592465747161,835.4927368164062,45128,0.0,0.0
2008-02-21 00:00:00+09:00,844.8803028980448,888.6889111964618,833.9281508234404,840.1865234375,159528,0.0,0.0
2008-02-22 00:00:00+09:00,824.5406095590165,852.7032869253586,819.8468299979595,838.6219482421875,132628,0.0,0.0
2008-02-25 00:00:00+09:00,838.6220829249309,868.3493582524937,832.3637091717598,848.0096435546875,36372,0.0,0.0
2008-02-26 00:00:00+09:00,848.0096435546875,866.7847648142009,843.3158632398092,848.0096435546875,88086,0.0,0.0
2008-02-27 00:00:00+09:00,854.2678855376718,915.287020218934,852.7032923407163,896.5119018554688,127874,0.0,0.0
2008-02-28 00:00:00+09:00,901.2057065217392,919.9808254076088,885.5597741168478,899.64111328125,54394,0.0,0.0
2008-02-29 00:00:00+09:00,887.1243495941162,907.4640613132052,882.430569966634,901.2056884765625,23676,0.0,0.0
2008-03-03 00:00:00+09:00,883.9952098110266,921.5454488118489,865.2200903106154,891.8181762695312,78676,0.0,0.0
2008-03-04 00:00:00+09:00,883.9953788730742,913.7226571006643,877.737004509371,898.0767211914062,41494,0.0,0.0
2008-03-05 00:00:00+09:00,894.9472224407563,907.463966810557,885.5596641634057,893.3826293945312,28704,0.0,0.0
2008-03-06 00:00:00+09:00,891.8182393736759,929.3684810315148,887.124459166446,923.110107421875,79962,0.0,0.0
2008-03-07 00:00:00+09:00,921.5454606234817,923.1100539352364,877.7368478943519,885.559814453125,77594,0.0,0.0
2008-03-10 00:00:00+09:00,876.172227549639,883.9951938670465,863.6554814417871,866.78466796875,61258,0.0,0.0
2008-03-11 00:00:00+09:00,865.2199603945116,970.0476951981866,844.8802506564851,935.6266479492188,215520,0.0,0.0
2008-03-12 00:00:00+09:00,960.6603490797139,960.6603490797139,916.8517338122351,923.110107421875,97786,0.0,0.0
2008-03-13 00:00:00+09:00,904.334853080854,926.2391574807364,896.5118872237532,913.722412109375,35498,0.0,0.0
2008-03-14 00:00:00+09:00,916.8514557129689,1002.9040667440496,907.4638981459419,974.7413940429688,311848,0.0,0.0
2008-03-17 00:00:00+09:00,955.9664384340322,974.741556701149,912.1578291440928,934.0621337890625,61020,0.0,0.0
2008-03-18 00:00:00+09:00,918.416166924811,965.353960805125,915.2869806661233,963.7893676757812,57474,0.0,0.0
2008-03-19 00:00:00+09:00,984.129067500945,984.129067500945,946.5788328109248,970.0477294921875,88010,0.0,0.0
2008-03-20 00:00:00+09:00,957.5309169312552,959.0955099327768,923.1098708977787,927.8036499023438,97156,0.0,0.0
2008-03-21 00:00:00+09:00,913.722345154421,938.7558340627612,910.5931590408784,935.6266479492188,27490,0.0,0.0
2008-03-24 00:00:00+09:00,935.6266872231138,935.6266872231138,916.8515697537537,921.5453491210938,35240,0.0,0.0
2008-03-25 00:00:00+09:00,926.2391983695653,935.6267578125,880.8659943953804,899.64111328125,67736,0.0,0.0
2008-03-26 00:00:00+09:00,901.2057336030664,938.7559725031942,898.0765470280558,918.416259765625,89078,0.0,0.0
2008-03-27 00:00:00+09:00,910.5933655727381,945.0144206287522,910.5933655727381,912.157958984375,23792,0.0,0.0
2008-03-28 00:00:00+09:00,954.4017753215751,938.7558445785985,896.5118315725615,929.3682861328125,871534,0.0,0.0
2008-03-31 00:00:00+09:00,954.4018804904831,1068.6171875,948.1435075036602,1068.6171875,871534,0.0,0.0
2008-04-01 00:00:00+09:00,1228.2055061945023,1228.2055061945023,926.239056900822,927.8036499023438,2747756,0.0,0.0
2008-04-02 00:00:00+09:00,941.885161603961,949.7081280624657,882.4306165193257,891.8181762695312,522794,0.0,0.0
2008-04-03 00:00:00+09:00,891.8181292215983,907.4640613132052,863.6554514567057,901.2056884765625,180272,0.0,0.0
2008-04-04 00:00:00+09:00,891.8181629471368,948.1435206069559,876.1722302638536,924.6746215820312,354258,0.0,0.0
2008-04-07 00:00:00+09:00,915.287145807649,929.3684865123821,891.818244633094,912.157958984375,173066,0.0,0.0
2008-04-08 00:00:00+09:00,901.205509063612,907.4638806543315,879.3012084960938,879.3012084960938,104322,0.0,0.0
2008-04-10 00:00:00+09:00,888.6889990936938,888.6889990936938,869.9138793945312,869.9138793945312,89858,0.0,0.0
2008-04-11 00:00:00+09:00,873.0431701550577,885.5599181142701,863.6556091856486,871.4785766601562,75348,0.0,0.0
2008-04-14 00:00:00+09:00,860.5263038917824,882.4306098090278,838.6219979745371,844.88037109375,60340,0.0,0.0
2008-04-15 00:00:00+09:00,860.5263195449501,876.1722526275855,846.4449797705781,869.9138793945312,72454,0.0,0.0
2008-04-16 00:00:00+09:00,879.3013556730663,893.3826941091118,860.5262377583389,882.4305419921875,30070,0.0,0.0
2008-04-17 00:00:00+09:00,882.430575163468,898.0765073472174,860.5262701062188,863.6554565429688,28970,0.0,0.0
2008-04-18 00:00:00+09:00,860.5264221958455,877.7369506397624,855.8326417111408,871.4785766601562,11320,0.0,0.0
2008-04-21 00:00:00+09:00,876.1720916127541,888.6888357786506,846.44482421875,846.44482421875,35840,0.0,0.0
2008-04-22 00:00:00+09:00,849.5740858562685,860.5262379759627,838.6219337365744,855.8324584960938,48210,0.0,0.0
2008-04-23 00:00:00+09:00,851.1386969150641,873.0430016150842,837.057358179337,854.2678833007812,49730,0.0,0.0
2008-04-24 00:00:00+09:00,876.1722593358676,891.8181925382938,849.574172891743,874.607666015625,112386,0.0,0.0
2008-04-25 00:00:00+09:00,874.6077320056648,888.6890729502999,848.0096435546875,848.0096435546875,73792,0.0,0.0
2008-04-28 00:00:00+09:00,849.5742494903342,876.172338332573,822.9761606480954,857.397216796875,29702,0.0,0.0
2008-04-29 00:00:00+09:00,871.4784568504051,871.4784568504051,841.7511845341436,844.88037109375,34802,0.0,0.0
2008-04-30 00:00:00+09:00,869.9138658558238,935.6267837801846,860.5263061523438,860.5263061523438,320556,0.0,0.0
2008-05-02 00:00:00+09:00,883.995168381843,910.5932530942171,863.6554565429688,863.6554565429688,191518,0.0,0.0
2008-05-06 00:00:00+09:00,871.4784659580555,882.430619031137,848.009566515738,865.2200927734375,78442,0.0,0.0
2008-05-07 00:00:00+09:00,885.5595756880734,885.5595756880734,846.4447534403671,852.703125,65478,0.0,0.0
2008-05-08 00:00:00+09:00,851.1387510071362,866.7846839300615,846.4449711302586,849.5741577148438,57172,0.0,0.0
2008-05-09 00:00:00+09:00,869.9138705146466,869.9138705146466,849.5741577148438,849.5741577148438,24036,0.0,0.0
2008-05-13 00:00:00+09:00,848.0096680136288,868.3493832980885,848.0096680136288,851.1388549804688,9692,0.0,0.0
2008-05-14 00:00:00+09:00,851.1387190694702,874.6076175732239,832.3636002664672,841.7511596679688,105782,0.0,0.0
2008-05-15 00:00:00+09:00,857.3970481261639,857.3970481261639,805.7654740601723,840.1865234375,51738,0.0,0.0
2008-05-16 00:00:00+09:00,851.1387190694702,857.3970920038046,826.1052273321328,841.7511596679688,10008,0.0,0.0
2008-05-19 00:00:00+09:00,857.3971903405715,857.3971903405715,818.2823550148155,822.9761352539062,11296,0.0,0.0
2008-05-20 00:00:00+09:00,844.8803433504971,844.8803433504971,793.2487668124112,826.105224609375,33506,0.0,0.0
2008-05-21 00:00:00+09:00,822.9760556640625,832.363615234375,782.296630859375,782.296630859375,49590,0.0,0.0
2008-05-22 00:00:00+09:00,776.0382578125,813.58849609375,776.0382578125,782.296630859375,83096,0.0,0.0
2008-05-23 00:00:00+09:00,794.8133041139633,801.0716765873017,780.7319660489521,788.554931640625,27436,0.0,0.0
2008-05-26 00:00:00+09:00,813.5884474200222,813.5884474200222,791.6841430664062,791.6841430664062,9572,0.0,0.0
2008-05-27 00:00:00+09:00,807.3300490606399,807.3300490606399,779.1673729306176,788.554931640625,33840,0.0,0.0
2008-05-28 00:00:00+09:00,788.5551330687749,805.7656617667045,782.2967589968005,786.9905395507812,51588,0.0,0.0
2008-05-29 00:00:00+09:00,791.6842108166288,799.5071773266745,783.8612443065831,796.3779907226562,33542,0.0,0.0
2008-05-30 00:00:00+09:00,796.3779615112779,813.5884872020914,783.8612155543227,804.200927734375,21284,0.0,0.0
2008-06-02 00:00:00+09:00,812.023912217882,844.88037109375,804.2009458188658,844.88037109375,60802,0.0,0.0
2008-06-03 00:00:00+09:00,822.9761352539062,844.8804430363296,813.5885747757247,822.9761352539062,21058,0.0,0.0
2008-06-04 00:00:00+09:00,822.976103974853,857.397157753269,807.3301704392095,815.1531372070312,28454,0.0,0.0
2008-06-05 00:00:00+09:00,810.4592895507812,837.0573743429884,807.3301031046393,810.4592895507812,23650,0.0,0.0
2008-06-09 00:00:00+09:00,807.3302001953125,807.3302001953125,783.8612990268441,807.3302001953125,30076,0.0,0.0
2008-06-10 00:00:00+09:00,782.2966688261257,821.411502267432,777.602888813169,794.8134155273438,47174,0.0,0.0
2008-06-11 00:00:00+09:00,766.6505887431483,805.7654146994314,766.6505887431483,776.0381469726562,34472,0.0,0.0
2008-06-12 00:00:00+09:00,788.5549422554348,788.5549422554348,755.698486328125,755.698486328125,36704,0.0,0.0
2008-06-13 00:00:00+09:00,758.8277362568142,776.0382622337728,755.698549715549,771.344482421875,66968,0.0,0.0
2008-06-16 00:00:00+09:00,763.5215050066021,782.2966239821742,760.3923185106734,777.6028442382812,29320,0.0,0.0
2008-06-17 00:00:00+09:00,776.0381722201305,786.9903238442049,763.5214275069027,779.1673583984375,47438,0.0,0.0
2008-06-18 00:00:00+09:00,765.086062872816,788.5549605069514,765.086062872816,780.7319946289062,15612,0.0,0.0
2008-06-19 00:00:00+09:00,774.4736689631402,788.5550083988337,760.3923295274468,771.344482421875,18444,0.0,0.0
2008-06-20 00:00:00+09:00,782.2965591672868,879.3013325040303,771.3444073389447,788.554931640625,24688,0.0,0.0
2008-06-23 00:00:00+09:00,782.2965591672868,807.3300490606399,776.0381866939484,788.554931640625,24688,0.0,0.0
2008-06-24 00:00:00+09:00,796.3780057198661,876.172265625,796.3780057198661,821.4114990234375,250704,0.0,0.0
2008-06-25 00:00:00+09:00,829.2344010732706,854.267892426426,802.6363165105431,805.7655029296875,77454,0.0,0.0
2008-06-26 00:00:00+09:00,829.2345079525496,829.2345079525496,797.9426397279251,807.3302001953125,61914,0.0,0.0
2008-06-27 00:00:00+09:00,807.3301872702206,807.3301872702206,782.2966930912991,797.942626953125,29982,0.0,0.0
2008-06-30 00:00:00+09:00,810.4592201815072,826.1051510730422,779.1673583984375,779.1673583984375,70978,0.0,0.0
2008-07-01 00:00:00+09:00,782.2966585454252,801.0717783505154,758.8277587890625,758.8277587890625,52728,0.0,0.0
2008-07-02 00:00:00+09:00,760.392261980956,772.9090070341405,700.9377229783298,740.0525512695312,53472,0.0,0.0
2008-07-03 00:00:00+09:00,691.5501882228269,746.3109497336842,657.129138130288,716.5836791992188,32224,0.0,0.0
2008-07-04 00:00:00+09:00,744.7462832655536,744.7462832655536,680.5979689506636,685.291748046875,84020,0.0,0.0
2008-07-07 00:00:00+09:00,694.6794279579805,694.6794279579805,661.8229685275354,669.6459350585938,56950,0.0,0.0
2008-07-08 00:00:00+09:00,694.6794279579805,697.8086145704037,633.6602890157254,669.6459350585938,61046,0.0,0.0
2008-07-09 00:00:00+09:00,699.3732118606567,713.4545516967773,682.1626853942871,700.9378051757812,27222,0.0,0.0
2008-07-10 00:00:00+09:00,688.4209776761239,719.712840297766,688.4209776761239,713.4544677734375,7318,0.0,0.0
2008-07-11 00:00:00+09:00,725.9712652546558,741.6171976954889,693.1148071289062,693.1148071289062,14898,0.0,0.0
2008-07-14 00:00:00+09:00,682.1626051517956,718.1482471666839,682.1626051517956,713.4544677734375,39918,0.0,0.0
2008-07-15 00:00:00+09:00,696.2440613887769,719.712962334466,694.6794679923977,697.8086547851562,30108,0.0,0.0
2008-07-16 00:00:00+09:00,735.358771608587,735.358771608587,688.4209776761239,713.4544677734375,11766,0.0,0.0
2008-07-17 00:00:00+09:00,713.4545107785149,732.2296294832125,700.937764975383,715.0191040039062,28598,0.0,0.0
2008-07-18 00:00:00+09:00,711.8899911835179,725.9713316684665,704.0670242474353,724.40673828125,18358,0.0,0.0
2008-07-21 00:00:00+09:00,736.9233537756878,736.9233537756878,705.6314916196077,719.7128295898438,13626,0.0,0.0
2008-07-22 00:00:00+09:00,719.7129698776213,727.5359369415085,708.7608159881792,718.1483764648438,21950,0.0,0.0
2008-07-23 00:00:00+09:00,730.6651237670633,730.6651237670633,700.937848924292,718.1483764648438,37764,0.0,0.0
2008-07-24 00:00:00+09:00,708.7608159881792,730.6651237670633,708.7608159881792,718.1483764648438,8510,0.0,0.0
2008-07-25 00:00:00+09:00,721.2775632903987,721.2775632903987,696.2440686859596,718.1483764648438,17344,0.0,0.0
2008-07-28 00:00:00+09:00,721.2775632903987,721.2775632903987,707.1962225754017,718.1483764648438,17344,0.0,0.0
2008-07-29 00:00:00+09:00,716.5836393229167,716.5836393229167,694.6793359375,704.06689453125,8970,0.0,0.0
2008-07-30 00:00:00+09:00,718.1483689380868,718.1483689380868,696.2440613887769,697.8086547851562,29014,0.0,0.0
2008-07-31 00:00:00+09:00,697.8086138714801,719.7129201365042,691.5502406529018,711.8899536132812,7696,0.0,0.0
2008-08-01 00:00:00+09:00,713.4545469179259,719.7129201365042,694.679427262191,711.8899536132812,25452,0.0,0.0
2008-08-04 00:00:00+09:00,711.8898419636052,711.8898419636052,694.6793183117378,705.6314697265625,19152,0.0,0.0
2008-08-05 00:00:00+09:00,708.7608085598112,708.7608085598112,697.8086547851562,697.8086547851562,32556,0.0,0.0
2008-08-06 00:00:00+09:00,716.5836972292977,744.7463752863445,700.937764975383,715.0191040039062,38250,0.0,0.0
2008-08-07 00:00:00+09:00,732.229585611291,813.58842845699,715.0190611631624,740.0525512695312,199226,0.0,0.0
2008-08-08 00:00:00+09:00,736.9233504301476,758.8276538399609,719.7128263224372,730.6649780273438,43882,0.0,0.0
2008-08-11 00:00:00+09:00,733.7942572124933,765.0861231917041,732.2296639135328,738.488037109375,45368,0.0,0.0
2008-08-12 00:00:00+09:00,738.4879831414474,760.3922877261514,735.358796772204,743.1817626953125,21554,0.0,0.0
2008-08-13 00:00:00+09:00,743.1816788702052,760.392201959831,729.100341796875,729.100341796875,28116,0.0,0.0
2008-08-14 00:00:00+09:00,740.0527780467066,740.0527780467066,715.0192802692281,725.971435546875,29144,0.0,0.0
2008-08-18 00:00:00+09:00,719.7129201365042,727.535886659727,711.8899536132812,711.8899536132812,14894,0.0,0.0
2008-08-19 00:00:00+09:00,719.7128255208333,719.7128255208333,688.4209635416667,704.06689453125,16396,0.0,0.0
2008-08-20 00:00:00+09:00,689.9855391339559,718.1482142006479,688.4209460746952,705.6314697265625,7684,0.0,0.0
2008-08-21 00:00:00+09:00,675.90421875,724.4066048177084,675.90421875,704.06689453125,8136,0.0,0.0
2008-08-22 00:00:00+09:00,716.5836306549782,716.5836306549782,657.1290936137354,672.7750244140625,49050,0.0,0.0
2008-08-25 00:00:00+09:00,686.8564227461519,697.8085752728559,630.5310668945312,630.5310668945312,49548,0.0,0.0
2008-08-26 00:00:00+09:00,619.5789344565383,699.37319116685,616.449747918879,644.6124267578125,25636,0.0,0.0
2008-08-27 00:00:00+09:00,644.6123764935662,700.9377297794118,644.6123764935662,664.9520874023438,24502,0.0,0.0
2008-08-28 00:00:00+09:00,688.4210317069237,688.4210317069237,657.1291666293363,682.1626586914062,10064,0.0,0.0
2008-08-29 00:00:00+09:00,694.6795038187279,697.8086907728663,635.224951690098,663.3876342773438,35422,0.0,0.0
2008-09-01 00:00:00+09:00,672.7751152000235,672.7751152000235,586.722484186067,622.7081298828125,60046,0.0,0.0
2008-09-02 00:00:00+09:00,586.7224502563477,641.4832122802735,586.7224502563477,625.8372802734375,5902,0.0,0.0
2008-09-03 00:00:00+09:00,596.10996130741,625.8372297190656,531.9616452612058,619.578857421875,24048,0.0,0.0
2008-09-04 00:00:00+09:00,644.612401748285,644.612401748285,597.6746055044779,641.4832153320312,34300,0.0,0.0
2008-09-05 00:00:00+09:00,653.9998882496415,653.9998882496415,607.06209722694,647.7415161132812,1436,0.0,0.0
2008-09-08 00:00:00+09:00,672.7751216710171,685.2918681207104,636.7894756281487,669.6459350585938,18976,0.0,0.0
2008-09-09 00:00:00+09:00,650.8707315507629,685.2917798539282,650.8707315507629,666.5166625976562,2200,0.0,0.0
2008-09-10 00:00:00+09:00,650.8707315507629,668.0812557023455,650.8707315507629,666.5166625976562,6648,0.0,0.0
2008-09-11 00:00:00+09:00,666.5166625976562,666.5166625976562,641.4831729226269,666.5166625976562,4986,0.0,0.0
2008-09-12 00:00:00+09:00,682.162561982734,702.5022713996505,661.8228525658177,685.291748046875,7306,0.0,0.0
2008-09-16 00:00:00+09:00,672.7751951397589,672.7751951397589,625.8373908276827,663.3876342773438,9256,0.0,0.0
2008-09-17 00:00:00+09:00,663.3875618337471,682.162681508287,641.4832555467838,669.6459350585938,8788,0.0,0.0
2008-09-18 00:00:00+09:00,657.1291072727103,669.6458521731429,625.8372450216289,655.5645141601562,2638,0.0,0.0
2008-09-19 00:00:00+09:00,658.6937406214272,668.0812998701886,635.2248424995236,641.4832153320312,21120,0.0,0.0
2008-09-22 00:00:00+09:00,657.1291290060448,657.1291290060448,628.9664520486429,643.0477905273438,6836,0.0,0.0
2008-09-23 00:00:00+09:00,635.2248065417326,644.6123652590982,608.6267235091971,618.0142822265625,40392,0.0,0.0
2008-09-24 00:00:00+09:00,632.0955455761238,635.2247314453125,618.0142091647745,635.2247314453125,2198,0.0,0.0
2008-09-25 00:00:00+09:00,639.9185461667505,639.9185461667505,613.3204647857364,632.0955810546875,4286,0.0,0.0
2008-09-26 00:00:00+09:00,636.7894181769511,636.7894181769511,603.9329617108185,616.44970703125,65094,0.0,0.0
2008-09-29 00:00:00+09:00,618.0142569117266,632.0955944109812,607.0621055234176,614.8850708007812,32424,0.0,0.0
2008-09-30 00:00:00+09:00,594.545399347941,613.3205172220866,547.6076046625773,600.8037719726562,51046,0.0,0.0
2008-10-01 00:00:00+09:00,627.4018227933633,627.4018227933633,588.2869959359217,619.578857421875,8698,0.0,0.0
2008-10-02 00:00:00+09:00,619.5788499671994,619.5788499671994,597.6745471905813,614.8850708007812,13166,0.0,0.0
2008-10-06 00:00:00+09:00,624.2725230625698,624.2725230625698,588.2868889010682,613.3203735351562,67488,0.0,0.0
2008-10-07 00:00:00+09:00,602.3684216277375,616.4497613541001,588.2870819013747,611.7559814453125,12072,0.0,0.0
2008-10-08 00:00:00+09:00,630.5311491665775,607.0622478328339,566.382818854345,571.0765991210938,735754,0.0,0.0
2008-10-09 00:00:00+09:00,571.0764860822363,655.5645141601562,571.0764860822363,655.5645141601562,413036,0.0,0.0
2008-10-10 00:00:00+09:00,630.5309692724746,664.9520147414435,558.5596923828125,558.5596923828125,735754,0.0,0.0
2008-10-13 00:00:00+09:00,530.3971196059957,561.6889850694763,516.3157801474295,533.5263061523438,204090,0.0,0.0
2008-10-14 00:00:00+09:00,555.4305850254016,569.5119238006935,549.172212236383,556.9951782226562,94994,0.0,0.0
2008-10-15 00:00:00+09:00,553.8659739774816,553.8659739774816,524.1387041877298,531.961669921875,58098,0.0,0.0
2008-10-16 00:00:00+09:00,528.8324760437011,528.8324760437011,478.76549606323243,500.6697998046875,16654,0.0,0.0
2008-10-17 00:00:00+09:00,528.8324718844506,528.8324718844506,461.55496806483114,485.02386474609375,75104,0.0,0.0
2008-10-20 00:00:00+09:00,486.58849968006405,486.58849968006405,459.9904144885493,478.7655334472656,17318,0.0,0.0
2008-10-21 00:00:00+09:00,469.3779184848447,500.6697797171677,469.3779184848447,494.4114074707031,20216,0.0,0.0
2008-10-22 00:00:00+09:00,513.1865242100969,516.3157103333292,469.3779184848447,494.4114074707031,3892,0.0,0.0
2008-10-23 00:00:00+09:00,439.6506706429211,492.8468371975806,436.521484375,436.521484375,76524,0.0,0.0
2008-10-24 00:00:00+09:00,439.6507463214778,453.73208695099135,372.37322998046875,372.37322998046875,76524,0.0,0.0
2008-10-27 00:00:00+09:00,372.37317827382986,375.50236464587886,322.306196321046,358.2918395996094,46094,0.0,0.0
2008-10-28 00:00:00+09:00,356.727263671875,403.6650615234375,314.48324560546877,391.1483154296875,20074,0.0,0.0
2008-10-29 00:00:00+09:00,419.31096520057093,422.4401515080379,353.59805274376504,406.7942199707031,15498,0.0,0.0
2008-10-30 00:00:00+09:00,406.7942286249417,438.08609236532186,375.5023648845616,419.31097412109375,66410,0.0,0.0
2008-10-31 00:00:00+09:00,427.1339400561888,438.08609236532186,406.7942286249417,419.31097412109375,43230,0.0,0.0
2008-11-03 00:00:00+09:00,394.2775065104167,438.08611834490745,394.2775065104167,422.440185546875,121528,0.0,0.0
2008-11-04 00:00:00+09:00,430.2631392354859,430.2631392354859,397.4066813302306,420.8755798339844,59142,0.0,0.0
2008-11-05 00:00:00+09:00,436.521484375,463.11956765232975,416.18177363351253,436.521484375,119258,0.0,0.0
2008-11-06 00:00:00+09:00,409.923410046242,434.9569007360888,395.8420715332031,395.8420715332031,87014,0.0,0.0
2008-11-07 00:00:00+09:00,378.63155998318354,417.7463905599587,378.63155998318354,405.2296447753906,31616,0.0,0.0
2008-11-10 00:00:00+09:00,424.0047446617714,424.0047446617714,375.5023568960337,406.7942199707031,24266,0.0,0.0
2008-11-11 00:00:00+09:00,416.181804394904,416.181804394904,381.76075290359614,409.9234313964844,12828,0.0,0.0
2008-11-12 00:00:00+09:00,391.1483154296875,406.794248046875,377.06697607421876,391.1483154296875,38838,0.0,0.0
2008-11-13 00:00:00+09:00,405.22966861724854,406.79426193237305,362.9856491088867,400.535888671875,28206,0.0,0.0
2008-11-14 00:00:00+09:00,403.66502453031995,411.4879901219928,391.1482795836434,394.2774658203125,12286,0.0,0.0
2008-11-17 00:00:00+09:00,400.535888671875,400.535888671875,378.63158226013184,400.535888671875,972,0.0,0.0
2008-11-18 00:00:00+09:00,400.53589443897636,400.53589443897636,383.3253677248016,397.4067077636719,5076,0.0,0.0
2008-11-19 00:00:00+09:00,398.9712543252074,398.9712543252074,370.80857754931037,380.1961364746094,5416,0.0,0.0
2008-11-20 00:00:00+09:00,375.50237907247345,397.40668451836774,344.21051414976733,367.6794128417969,9734,0.0,0.0
2008-11-21 00:00:00+09:00,344.2105038694757,391.14829985167694,344.2105038694757,373.9377746582031,1806,0.0,0.0
2008-11-24 00:00:00+09:00,391.1482308415456,391.1482308415456,353.59800068075725,377.06689453125,712,0.0,0.0
2008-11-25 00:00:00+09:00,378.63152536791426,398.9712354083394,331.6937329669331,336.38751220703125,35018,0.0,0.0
2008-11-26 00:00:00+09:00,355.1626281738281,356.72722124948376,352.0334420225169,355.1626281738281,5888,0.0,0.0
2008-11-27 00:00:00+09:00,358.2918479694093,372.3731869725738,350.46888185654007,370.80859375,3754,0.0,0.0
2008-11-28 00:00:00+09:00,331.69376818068486,373.93778582633814,331.69376818068486,367.6794128417969,11644,0.0,0.0
2008-12-01 00:00:00+09:00,353.5981091411174,372.37322998046875,353.5981091411174,372.37322998046875,640,0.0,0.0
2008-12-02 00:00:00+09:00,334.82294963080165,370.80859375,330.12916996308013,370.80859375,17040,0.0,0.0
2008-12-03 00:00:00+09:00,370.80856654954994,402.1004287056301,358.2918216871179,359.8564147949219,3952,0.0,0.0
2008-12-04 00:00:00+09:00,359.8563918739941,367.6793569147331,352.0334268332551,364.5501708984375,17850,0.0,0.0
2008-12-05 00:00:00+09:00,372.37320515260853,372.37320515260853,353.5980855650821,369.2440185546875,1870,0.0,0.0
2008-12-08 00:00:00+09:00,342.64588940833227,388.01908937564565,342.64588940833227,378.63153076171875,9912,0.0,0.0
2008-12-09 00:00:00+09:00,388.0191094623348,388.0191094623348,378.63155036243967,384.8899230957031,5104,0.0,0.0
2008-12-10 00:00:00+09:00,391.14832878112793,441.2153148651123,347.3397159576416,400.535888671875,275840,0.0,0.0
2008-12-11 00:00:00+09:00,442.7798524886843,442.7798524886843,378.63153463696676,394.2774658203125,21612,0.0,0.0
2008-12-12 00:00:00+09:00,386.4545448432534,394.2775113380561,358.2918654619637,369.2440185546875,25288,0.0,0.0
2008-12-15 00:00:00+09:00,386.4544909117652,386.4544909117652,369.24396702500644,381.7607116699219,25288,0.0,0.0
2008-12-16 00:00:00+09:00,370.80856525011296,380.19612386403986,370.80856525011296,378.63153076171875,11320,0.0,0.0
2008-12-17 00:00:00+09:00,392.71282376491183,392.71282376491183,377.06689453125,377.06689453125,53468,0.0,0.0
2008-12-18 00:00:00+09:00,372.3732247488839,388.01915856186224,372.3732247488839,383.32537841796875,7062,0.0,0.0
2008-12-19 00:00:00+09:00,394.27751541137695,403.665075302124,381.76076889038086,400.535888671875,12546,0.0,0.0
2008-12-22 00:00:00+09:00,405.2296676331782,405.2296676331782,375.50239471800296,392.7129211425781,31800,0.0,0.0
2008-12-23 00:00:00+09:00,397.4066317158361,397.4066317158361,378.6315152568202,388.0190734863281,5056,0.0,0.0
2008-12-24 00:00:00+09:00,370.8085938678285,439.6506956829528,370.8085938678285,405.2296447753906,303726,0.0,0.0
2008-12-26 00:00:00+09:00,406.7942199707032,406.7942199707032,394.2774747408354,406.7942199707031,9784,0.0,0.0
2008-12-29 00:00:00+09:00,409.9234062781701,409.9234062781701,383.32532266470105,406.7942199707031,4342,0.0,0.0
2008-12-30 00:00:00+09:00,405.22961764865454,405.22961764865454,381.76072087363593,394.2774658203125,28934,0.0,0.0
2009-01-02 00:00:00+09:00,384.88996106245384,402.1004877766286,384.88996106245384,397.4067077636719,8276,0.0,0.0
2009-01-05 00:00:00+09:00,394.2774747408354,422.4401515080379,397.40666104830234,406.7942199707031,17130,0.0,0.0
2009-01-06 00:00:00+09:00,394.2774747408354,416.181778893104,394.2774747408354,406.7942199707031,17130,0.0,0.0
2009-01-07 00:00:00+09:00,406.79423799846165,428.6985431214557,403.66505155231965,405.2296447753906,87468,0.0,0.0
2009-01-08 00:00:00+09:00,560.1243511227005,453.7320162725787,397.40666252839645,441.21527099609375,329716,0.0,0.0
2009-01-09 00:00:00+09:00,453.7320238278236,506.9281921386719,447.4736510853708,506.9281921386719,616162,0.0,0.0
2009-01-12 00:00:00+09:00,560.1243811166414,582.0286865234375,560.1243811166414,582.0286865234375,329716,0.0,0.0
2009-01-13 00:00:00+09:00,600.8038145949721,652.4353924117274,539.7846771751703,560.1243896484375,1860944,0.0,0.0
2009-01-14 00:00:00+09:00,516.3157384535846,563.2535328584559,516.3157384535846,531.961669921875,362862,0.0,0.0
2009-01-15 00:00:00+09:00,506.9282830988319,516.3158438969584,466.24885297361703,483.4593811035156,263302,0.0,0.0
2009-01-16 00:00:00+09:00,485.0238700965782,527.2678845888609,461.55497315642117,481.8946838378906,286398,0.0,0.0
2009-01-19 00:00:00+09:00,499.10518665555156,505.36355890201617,488.1530352242385,494.4114074707031,77610,0.0,0.0
2009-01-20 00:00:00+09:00,485.02393814528483,500.66987163384243,469.3780046567273,486.5885314941406,95066,0.0,0.0
2009-01-21 00:00:00+09:00,485.02384988885177,500.66978053042766,459.9903608623304,475.63629150390625,110776,0.0,0.0
2009-01-22 00:00:00+09:00,485.02389376280735,521.0095374935963,475.6363345286885,477.200927734375,172176,0.0,0.0
2009-01-23 00:00:00+09:00,483.45926324252423,483.45926324252423,450.60280845905174,453.73199462890625,54306,0.0,0.0
2009-01-28 00:00:00+09:00,458.42583446837307,458.42583446837307,430.2631552177563,445.9090881347656,120854,0.0,0.0
2009-01-29 00:00:00+09:00,441.21529592594624,459.9904149015184,438.0861094300176,444.344482421875,92006,0.0,0.0
2009-01-30 00:00:00+09:00,442.7798891739106,452.1674486616967,434.9569229340889,444.344482421875,70028,0.0,0.0
2009-02-02 00:00:00+09:00,444.34447687322444,453.7320362437855,431.8277310458096,447.4736633300781,28360,0.0,0.0
2009-02-03 00:00:00+09:00,447.4736222891972,453.73199462890625,438.0860637796336,453.73199462890625,42114,0.0,0.0
2009-02-04 00:00:00+09:00,453.73198646366797,474.0716962016944,449.0382072933541,467.8133239746094,78424,0.0,0.0
2009-02-05 00:00:00+09:00,467.81338072134776,480.3301266938253,456.86122799542994,478.7655334472656,62430,0.0,0.0
2009-02-06 00:00:00+09:00,497.54062602675964,525.7033029716706,481.894694390698,502.2344055175781,69020,0.0,0.0
2009-02-09 00:00:00+09:00,511.62193197953076,511.62193197953076,475.63629150390625,475.63629150390625,108186,0.0,0.0
2009-02-10 00:00:00+09:00,503.79900248339226,503.79900248339226,478.76551167676405,491.2822570800781,10452,0.0,0.0
2009-02-11 00:00:00+09:00,491.28223387901716,516.3157235034257,489.7176407774916,495.97601318359375,12886,0.0,0.0
2009-02-12 00:00:00+09:00,505.3635791778565,517.8803241729737,488.15305480957034,500.6697998046875,36550,0.0,0.0
2009-02-13 00:00:00+09:00,521.0095749136118,527.2679481858473,486.5885219163161,508.4928283691406,47380,0.0,0.0
2009-02-16 00:00:00+09:00,508.4928020741205,510.05739531127165,489.71768322830684,497.5406494140625,61572,0.0,0.0
2009-02-17 00:00:00+09:00,488.153036017167,497.5405944021125,475.63629150390625,475.63629150390625,47216,0.0,0.0
2009-02-18 00:00:00+09:00,452.167481195359,474.0717882428851,433.39236086890816,459.9904479980469,105990,0.0,0.0
2009-02-19 00:00:00+09:00,497.5405920532635,497.5405920532635,453.73198646366797,467.8133239746094,45488,0.0,0.0
2009-02-20 00:00:00+09:00,456.86120823451455,469.37795366559715,419.31097194126676,438.0860900878906,95896,0.0,0.0
2009-02-23 00:00:00+09:00,422.44017167524856,453.7320362437855,422.44017167524856,447.4736633300781,71706,0.0,0.0
2009-02-24 00:00:00+09:00,438.0861137748195,463.1196059905235,413.05262155911555,433.392333984375,27838,0.0,0.0
2009-02-25 00:00:00+09:00,453.7320145827074,453.7320145827074,398.97125420203577,406.7942199707031,89596,0.0,0.0
2009-02-26 00:00:00+09:00,397.406702041626,438.0861282348633,391.14832878112793,400.535888671875,78130,0.0,0.0
2009-02-27 00:00:00+09:00,419.3110414624654,430.2631955305149,398.9713267646593,424.00482177734375,15820,0.0,0.0
2009-03-02 00:00:00+09:00,424.0047446617714,424.0047446617714,392.7128815871019,406.7942199707031,31356,0.0,0.0
2009-03-03 00:00:00+09:00,378.6315548483896,409.9234188854466,375.5023684446839,408.35882568359375,32794,0.0,0.0
2009-03-04 00:00:00+09:00,403.66504607803523,417.74638489471084,383.3253344539482,408.35882568359375,12076,0.0,0.0
2009-03-05 00:00:00+09:00,403.6651005618019,420.8756281051345,403.6651005618019,411.4880676269531,12076,0.0,0.0
2009-03-06 00:00:00+09:00,386.4545326524109,411.4880246460893,386.4545326524109,409.9234313964844,31496,0.0,0.0
2009-03-09 00:00:00+09:00,417.7463667674731,438.08607750896056,402.10043542786735,436.521484375,59332,0.0,0.0
2009-03-10 00:00:00+09:00,436.5215330055292,436.5215330055292,422.44019323115725,434.9569396972656,22544,0.0,0.0
2009-03-11 00:00:00+09:00,436.52161186829676,452.1675477775547,436.52161186829676,449.0383605957031,64080,0.0,0.0
2009-03-12 00:00:00+09:00,452.16739480706707,510.0573380868646,452.16739480706707,494.4114074707031,88420,0.0,0.0
2009-03-13 00:00:00+09:00,494.4114957242399,495.9760890651394,459.99044222445104,463.11962890625,72618,0.0,0.0
2009-03-16 00:00:00+09:00,474.07175370758654,480.3301266938253,447.47366851607177,478.7655334472656,27804,0.0,0.0
2009-03-17 00:00:00+09:00,478.7655029296875,527.2678904813879,474.0717234892004,505.36358642578125,167992,0.0,0.0
2009-03-18 00:00:00+09:00,505.3636896324775,525.7034046950849,478.76560070445237,483.4593811035156,48614,0.0,0.0
2009-03-19 00:00:00+09:00,499.1051790767584,506.9281442660493,485.0238417360348,489.7176208496094,45424,0.0,0.0
2009-03-20 00:00:00+09:00,500.66988031914894,514.751220703125,486.5885399351729,514.751220703125,32036,0.0,0.0
2009-03-23 00:00:00+09:00,546.0430592381678,546.0430592381678,506.92822691451676,538.2200927734375,68000,0.0,0.0
2009-03-24 00:00:00+09:00,556.995218368775,608.6267975995885,549.1722518186518,585.1578979492188,230324,0.0,0.0
2009-03-25 00:00:00+09:00,585.1578619125041,602.3683872628719,566.3827433484665,588.2870483398438,105742,0.0,0.0
2009-03-26 00:00:00+09:00,616.4497362151551,619.5789226934046,577.3349052370361,608.6267700195312,56616,0.0,0.0
2009-03-27 00:00:00+09:00,608.6268026159635,624.2727358451657,571.0765628658784,574.2057495117188,60334,0.0,0.0
2009-03-30 00:00:00+09:00,610.1913865946107,641.4832525738215,553.8660278320312,553.8660278320312,163524,0.0,0.0
2009-03-31 00:00:00+09:00,553.8659634154259,597.6745706912222,553.8659634154259,564.818115234375,77796,0.0,0.0
2009-04-01 00:00:00+09:00,569.5119810498451,583.5933212406379,556.9952342135847,567.9473876953125,38096,0.0,0.0
2009-04-02 00:00:00+09:00,566.3827894056166,591.4162828600084,566.3827894056166,578.8995361328125,42206,0.0,0.0
2009-04-03 00:00:00+09:00,603.9329773949795,603.9329773949795,563.2535540471312,572.64111328125,52482,0.0,0.0
2009-04-06 00:00:00+09:00,566.382771700219,585.1578912040936,558.5598052402712,580.464111328125,61088,0.0,0.0
2009-04-07 00:00:00+09:00,592.9808829054437,592.9808829054437,564.8182024508316,583.5933227539062,40224,0.0,0.0
2009-04-08 00:00:00+09:00,575.7702919407895,635.2248329564145,569.5119192023027,594.54541015625,96930,0.0,0.0
2009-04-09 00:00:00+09:00,621.143564133417,683.72729855492,594.5454770042783,657.1292114257812,203272,0.0,0.0
2009-04-10 00:00:00+09:00,685.2917908582642,685.2917908582642,647.7415557427429,660.25830078125,113424,0.0,0.0
2009-04-13 00:00:00+09:00,669.6459660847981,757.2631952921549,654.0000322977701,751.0048217773438,215974,0.0,0.0
2009-04-14 00:00:00+09:00,772.9090004572793,855.8324357290116,735.3587656172496,788.554931640625,289442,0.0,0.0
2009-04-15 00:00:00+09:00,788.5549650493422,797.9425241570724,693.1147807874178,743.1817626953125,119754,0.0,0.0
2009-04-16 00:00:00+09:00,776.0382518040316,841.7511682874374,749.4401665607481,819.8468627929688,119310,0.0,0.0
2009-04-17 00:00:00+09:00,843.3158089945636,858.961742371086,763.5215487742987,794.8134155273438,95876,0.0,0.0
2009-04-20 00:00:00+09:00,838.6219064078977,904.3348169846358,797.9424855746787,890.2534790039062,297006,0.0,0.0
2009-04-21 00:00:00+09:00,846.4448589456492,1020.1146913725754,846.4448589456492,998.2103881835938,584390,0.0,0.0
2009-04-22 00:00:00+09:00,1032.6314697265625,1090.521415756688,985.6936756480824,1032.6314697265625,687960,0.0,0.0
2009-04-23 00:00:00+09:00,1032.6316308748515,1032.6316308748515,938.7560280680467,987.2584228515625,346672,0.0,0.0
2009-04-24 00:00:00+09:00,1001.3395917338709,1013.8563366305443,909.0285981209047,970.0477294921875,220464,0.0,0.0
2009-04-27 00:00:00+09:00,970.0477875256147,1026.3731429303277,954.4018554687499,954.40185546875,337400,0.0,0.0
2009-04-28 00:00:00+09:00,926.239167494581,926.239167494581,812.0238647460938,812.0238647460938,337400,0.0,0.0
2009-04-29 00:00:00+09:00,788.554995288181,844.8803520944796,719.712892524927,804.200927734375,289518,0.0,0.0
2009-04-30 00:00:00+09:00,816.717639378139,924.6745687212264,816.717639378139,876.1721801757812,314016,0.0,0.0
2009-05-04 00:00:00+09:00,907.4640325451574,954.4018273319758,882.4305419921875,882.4305419921875,152336,0.0,0.0
2009-05-06 00:00:00+09:00,879.3012566349328,879.3012566349328,844.8802110015368,858.9615478515625,170680,0.0,0.0
2009-05-07 00:00:00+09:00,860.5263104355126,894.9473628529331,849.574157393606,891.8181762695312,221282,0.0,0.0
2009-05-08 00:00:00+09:00,891.8181292215983,932.4975526597765,879.3013835483126,901.2056884765625,216378,0.0,0.0
2009-05-11 00:00:00+09:00,901.2057360197368,938.7559750205592,868.3492768940173,891.8181762695312,147910,0.0,0.0
2009-05-12 00:00:00+09:00,866.7846311133153,912.1578338250231,769.7798529020778,896.5119018554688,185824,0.0,0.0
2009-05-13 00:00:00+09:00,891.818185710221,921.5454585672283,860.5263195449501,869.9138793945312,300214,0.0,0.0
2009-05-14 00:00:00+09:00,848.0095073643016,882.4305574787197,822.9760163719975,838.6219482421875,141556,0.0,0.0
2009-05-15 00:00:00+09:00,857.3970746153616,874.6075998357429,786.9903805319834,816.7176513671875,108724,0.0,0.0
2009-05-18 00:00:00+09:00,826.1052753712871,827.669868695854,777.6028823097154,790.11962890625,176306,0.0,0.0
2009-05-19 00:00:00+09:00,821.4115007347035,840.1866207514968,808.8947540568414,837.0574340820312,88786,0.0,0.0
2009-05-20 00:00:00+09:00,863.6553828798492,918.4161408523033,837.0573004360857,907.4639892578125,333954,0.0,0.0
2009-05-21 00:00:00+09:00,923.1099803412139,923.1099803412139,822.9760163719975,838.6219482421875,243460,0.0,0.0
2009-05-22 00:00:00+09:00,804.200947931463,876.1722389914772,804.200947931463,860.5263061523438,102014,0.0,0.0
2009-05-25 00:00:00+09:00,844.8804023322158,869.9138957346518,732.2296820212537,794.8134155273438,182592,0.0,0.0
2009-05-26 00:00:00+09:00,794.8134155273438,824.5406889427364,785.4258555014302,794.8134155273438,51916,0.0,0.0
2009-05-27 00:00:00+09:00,794.813337787829,826.1052014802632,740.0525763260691,743.1817626953125,69086,0.0,0.0
2009-05-28 00:00:00+09:00,727.5358062163468,810.4592421936939,707.196095504922,740.0525512695312,121188,0.0,0.0
2009-05-29 00:00:00+09:00,747.8755206311464,796.3779079524132,725.9712166796065,755.698486328125,22956,0.0,0.0
2009-06-01 00:00:00+09:00,766.6506095010726,772.9089818235304,736.9233409693984,763.5214233398438,20964,0.0,0.0
2009-06-02 00:00:00+09:00,782.2965191256616,812.0237868524367,761.9568096283944,776.0381469726562,21548,0.0,0.0
2009-06-03 00:00:00+09:00,769.7798387127903,804.2008884113296,766.6506523765594,791.6841430664062,357004,0.0,0.0
2009-06-04 00:00:00+09:00,819.8467603673623,909.0285644531251,804.2008298260005,909.028564453125,357004,0.0,0.0
2009-06-05 00:00:00+09:00,912.1578521728516,935.6267505992543,810.4592923251065,826.105224609375,506240,0.0,0.0
2009-06-08 00:00:00+09:00,826.1051815257354,840.1865198471967,790.1195391486673,824.5405883789062,83758,0.0,0.0
2009-06-09 00:00:00+09:00,830.7989683987802,899.6410674751386,788.5549530564693,802.6362915039062,180986,0.0,0.0
2009-06-10 00:00:00+09:00,777.602819207702,796.3779375789142,743.1817688604799,774.4736328125,232002,0.0,0.0
2009-06-11 00:00:00+09:00,797.9426244618941,807.330184749681,751.0048230229592,766.6507568359375,75800,0.0,0.0
2009-06-12 00:00:00+09:00,760.3922998520934,844.8803331689927,760.3922998520934,805.7655029296875,120696,0.0,0.0
2009-06-15 00:00:00+09:00,807.3300673264724,844.8803030160758,807.3300673264724,813.5884399414062,108454,0.0,0.0
2009-06-16 00:00:00+09:00,813.5884041621767,923.1099201070851,788.5549148033406,907.4639892578125,298526,0.0,0.0
2009-06-17 00:00:00+09:00,885.5598309491132,907.4641377217062,865.2201175174198,868.3493041992188,189620,0.0,0.0
2009-06-18 00:00:00+09:00,868.3492612322315,901.205719765343,838.6219892260831,866.78466796875,239564,0.0,0.0
2009-06-19 00:00:00+09:00,979.4354006047835,996.6459268134937,876.172243352522,891.8181762695312,1117138,0.0,0.0
2009-06-22 00:00:00+09:00,916.8516433071082,923.1100162989655,860.5262863803916,888.68896484375,188790,0.0,0.0
2009-06-23 00:00:00+09:00,901.2056599069149,921.5453709812028,833.9281540458084,882.4305419921875,177870,0.0,0.0
2009-06-24 00:00:00+09:00,938.755867250504,1004.4687779580393,879.3013289913054,970.0477294921875,1415650,0.0,0.0
2009-06-25 00:00:00+09:00,985.6938062242505,1115.5550537109375,985.6938062242505,1115.5550537109375,1415650,0.0,0.0
2009-06-26 00:00:00+09:00,1154.6697320231226,1270.4496238519994,1148.411359491832,1203.172119140625,1651370,0.0,0.0
2009-06-29 00:00:00+09:00,1250.1099610940005,1250.1099610940005,1154.6697763296274,1220.3826904296875,491324,0.0,0.0
2009-06-30 00:00:00+09:00,1220.3825060448135,1270.4494806517803,1170.3155314378469,1268.8848876953125,751686,0.0,0.0
2009-07-01 00:00:00+09:00,1259.497526550293,1281.4018313598633,1204.7367645263673,1251.674560546875,334310,0.0,0.0
2009-07-02 00:00:00+09:00,1251.6744746921536,1423.7797149623248,1239.157729945232,1365.8897705078125,611908,0.0,0.0
2009-07-03 00:00:00+09:00,1353.3731951942523,1533.301423457072,1351.8086019050104,1498.88037109375,671752,0.0,0.0
2009-07-06 00:00:00+09:00,1408.1337890625,1453.5069889322917,1361.1959960937502,1408.1337890625,827716,0.0,0.0
2009-07-07 00:00:00+09:00,1415.956991286505,1423.7799580891929,1273.5789954775855,1314.2584228515625,869080,0.0,0.0
2009-07-08 00:00:00+09:00,1314.258435837766,1350.2440834857048,1250.110107421875,1323.64599609375,564926,0.0,0.0
2009-07-09 00:00:00+09:00,1345.550290062314,1348.6794767833892,1301.741675967262,1314.2584228515625,314194,0.0,0.0
2009-07-10 00:00:00+09:00,1314.2583032044822,1334.5980150397895,1210.9951508098443,1261.0621337890625,241000,0.0,0.0
2009-07-13 00:00:00+09:00,1253.2390887682952,1400.3108420070214,1223.5118194966376,1236.028564453125,748788,0.0,0.0
2009-07-14 00:00:00+09:00,1253.2390151308828,1267.3203523795444,1054.5357006219913,1178.1385498046875,656758,0.0,0.0
2009-07-15 00:00:00+09:00,1164.0572809533228,1236.028564453125,1142.15297727947,1236.028564453125,482206,0.0,0.0
2009-07-16 00:00:00+09:00,1251.6744956487341,1314.258220431171,1189.0907708662976,1236.028564453125,569202,0.0,0.0
2009-07-17 00:00:00+09:00,1236.0286823754172,1301.7415996662623,1189.090884310528,1289.224853515625,313740,0.0,0.0
2009-07-20 00:00:00+09:00,1311.1291866028707,1329.9043062200956,1251.6746411483252,1308.0,495238,0.0,0.0
2009-07-21 00:00:00+09:00,1314.2584110740634,1439.425878795403,1282.9665441437287,1378.40673828125,730952,0.0,0.0
2009-07-22 00:00:00+09:00,1378.4065811096916,1583.3682861328125,1339.2917519068058,1583.3682861328125,857566,0.0,0.0
2009-07-23 00:00:00+09:00,1617.7892087540536,1717.9231636479215,1589.6265339401532,1658.4686279296875,1716944,0.0,0.0
2009-07-24 00:00:00+09:00,1658.468989353554,1689.7608570772059,1592.756067133885,1595.88525390625,526060,0.0,0.0
2009-07-27 00:00:00+09:00,1605.2724392762245,1727.3106948937152,1602.1432532347503,1692.8896484375,428846,0.0,0.0
2009-07-28 00:00:00+09:00,1746.0859441111581,1802.411297147002,1611.5309340810868,1617.789306640625,1190126,0.0,0.0
2009-07-29 00:00:00+09:00,1639.694006857294,1649.0815679652555,1553.641363367646,1573.9810791015625,406692,0.0,0.0
2009-07-30 00:00:00+09:00,1573.98072712412,1721.05248492697,1563.0285749473119,1583.3682861328125,599656,0.0,0.0
2009-07-31 00:00:00+09:00,1599.0140922114533,1699.1480471053212,1599.0140922114533,1658.4686279296875,442542,0.0,0.0
2009-08-03 00:00:00+09:00,1661.5981060976633,1749.21533203125,1627.1770530523256,1749.21533203125,256542,0.0,0.0
2009-08-04 00:00:00+09:00,1739.827708991426,1786.7655068958709,1680.3731649791291,1733.5693359375,288640,0.0,0.0
2009-08-05 00:00:00+09:00,1767.990578238005,1846.2202498414563,1742.9570833249004,1811.7991943359375,341466,0.0,0.0
2009-08-06 00:00:00+09:00,1877.5119762515549,1968.2583884370467,1858.7368564890394,1886.8995361328125,740502,0.0,0.0
2009-08-07 00:00:00+09:00,1896.2867581973524,1933.8369910329434,1880.6408278491895,1905.67431640625,136442,0.0,0.0
2009-08-10 00:00:00+09:00,1987.0335269010816,2099.6842465364184,1930.708167083413,2043.35888671875,273196,0.0,0.0
2009-08-11 00:00:00+09:00,2080.9088216145833,2328.1145312500003,1818.0571809895835,1877.51171875,1768900,0.0,0.0
2009-08-12 00:00:00+09:00,1877.5119762515549,1924.4497756578437,1783.6363774389772,1886.8995361328125,451160,0.0,0.0
2009-08-13 00:00:00+09:00,1965.1288824314024,1965.1288824314024,1886.899229468369,1924.449462890625,226266,0.0,0.0
2009-08-14 00:00:00+09:00,1940.0954797709724,1940.0954797709724,1861.8658233285946,1874.382568359375,174364,0.0,0.0
2009-08-17 00:00:00+09:00,1814.9278053362889,1864.9947792766004,1752.3440879108996,1808.66943359375,225926,0.0,0.0
2009-08-18 00:00:00+09:00,1783.6364241670972,1908.8038925297005,1777.3780507489669,1893.157958984375,134648,0.0,0.0
2009-08-19 00:00:00+09:00,1908.803535171702,1993.291560498974,1868.124115569682,1977.6456298828125,179184,0.0,0.0
2009-08-20 00:00:00+09:00,2033.9711941060673,2062.1338721783054,1930.7080411745285,1980.7750244140625,116896,0.0,0.0
2009-08-21 00:00:00+09:00,1955.7413901052166,1999.5499972435734,1896.286851846018,1940.095458984375,123334,0.0,0.0
2009-08-24 00:00:00+09:00,1946.3540548759595,1971.3875475431744,1749.215300121642,1783.6363525390625,178642,0.0,0.0
2009-08-25 00:00:00+09:00,1755.47345703125,1877.51171875,1689.760546875,1877.51171875,161178,0.0,0.0
2009-08-26 00:00:00+09:00,1877.5120939644082,1933.8374567833405,1824.31591796875,1824.31591796875,104960,0.0,0.0
2009-08-27 00:00:00+09:00,1893.157700237046,1899.416072799813,1824.3156020466079,1830.573974609375,47552,0.0,0.0
2009-08-28 00:00:00+09:00,1905.67431640625,1936.966177102576,1861.8657114313937,1905.67431640625,116084,0.0,0.0
2009-08-31 00:00:00+09:00,1905.6745041123586,1924.4496223794754,1846.2199629331553,1868.124267578125,197066,0.0,0.0
2009-09-01 00:00:00+09:00,1868.1242555890765,1868.1242555890765,1752.3443603515625,1752.3443603515625,185046,0.0,0.0
2009-09-02 00:00:00+09:00,1752.3443603515625,1799.2821557181223,1696.019005911691,1752.3443603515625,90740,0.0,0.0
2009-09-03 00:00:00+09:00,1752.344392475329,1758.602765305598,1564.593207567258,1664.7271728515625,181402,0.0,0.0
2009-09-04 00:00:00+09:00,1689.7606331961497,1846.219951084682,1614.660160609654,1752.3443603515625,123644,0.0,0.0
2009-09-07 00:00:00+09:00,1805.5405615326158,1824.3156800234228,1664.7271728515625,1664.7271728515625,46430,0.0,0.0
2009-09-08 00:00:00+09:00,1667.8563172110455,1667.8563172110455,1564.5931681154273,1583.3682861328125,273000,0.0,0.0
2009-09-09 00:00:00+09:00,1614.6602776458908,1818.0574056439198,1614.6602776458908,1699.1483154296875,1218186,0.0,0.0
2009-09-10 00:00:00+09:00,1730.4399674479168,1893.1576497395833,1624.04763671875,1877.51171875,379778,0.0,0.0
2009-09-11 00:00:00+09:00,1877.51175461707,1908.8036171940212,1824.315588236253,1874.382568359375,189748,0.0,0.0
2009-09-14 00:00:00+09:00,1915.0619229403408,1915.0619229403408,1827.4447107796716,1858.736572265625,108422,0.0,0.0
2009-09-15 00:00:00+09:00,1846.2201099806957,1930.7081489120155,1846.2201099806957,1886.8995361328125,144480,0.0,0.0
2009-09-16 00:00:00+09:00,1921.320589030758,1936.9665221661874,1864.9952297432112,1886.8995361328125,137494,0.0,0.0
2009-09-17 00:00:00+09:00,1871.2533463541668,1896.2868359375002,1846.2198567708335,1877.51171875,84790,0.0,0.0
2009-09-18 00:00:00+09:00,1893.157851331816,2021.4544991080215,1846.2200533649113,1987.033447265625,171188,0.0,0.0
2009-09-21 00:00:00+09:00,2018.3250342340273,2096.554686723718,1943.224567843924,1968.258056640625,123420,0.0,0.0
2009-09-22 00:00:00+09:00,1990.162423552725,2033.9710303604893,1915.0619547394147,1930.7078857421875,62408,0.0,0.0
2009-09-23 00:00:00+09:00,1930.7079209978872,1952.612224801753,1864.9950095862896,1874.382568359375,97120,0.0,0.0
2009-09-24 00:00:00+09:00,1886.89927734375,1940.0954427083334,1774.24857421875,1877.51171875,126024,0.0,0.0
2009-09-25 00:00:00+09:00,1880.6409049479169,1880.6409049479169,1814.9279947916668,1877.51171875,29436,0.0,0.0
2009-09-28 00:00:00+09:00,1877.5117019127156,1893.1576327619882,1814.927978515625,1814.927978515625,51264,0.0,0.0
2009-09-29 00:00:00+09:00,1814.9280220381472,1846.2198844870807,1793.0237183238937,1843.0906982421875,63918,0.0,0.0
2009-09-30 00:00:00+09:00,1877.5116711128048,2002.6791158536587,1849.348996046113,1924.449462890625,188954,0.0,0.0
2009-10-01 00:00:00+09:00,1927.5786024305555,1971.3872070312498,1896.286742001488,1971.38720703125,119700,0.0,0.0
2009-10-05 00:00:00+09:00,2065.2631025784754,2240.49754764574,2027.7128643497756,2093.42578125,978396,0.0,0.0
2009-10-06 00:00:00+09:00,2093.4255798018044,2130.9758144170833,1780.5069580078125,1780.5069580078125,1965638,0.0,0.0
2009-10-07 00:00:00+09:00,1814.928218373081,1814.928218373081,1721.0526208710253,1783.6363525390625,311770,0.0,0.0
2009-10-08 00:00:00+09:00,1783.6363792419434,1783.6363792419434,1548.9473819732666,1602.1435546875,669500,0.0,0.0
2009-10-09 00:00:00+09:00,1602.1435185185187,1689.7607421875,1602.1435185185187,1689.7607421875,494854,0.0,0.0
2009-10-12 00:00:00+09:00,1717.9234212239585,1752.3444733796298,1655.3396900318287,1689.7607421875,466992,0.0,0.0
2009-10-13 00:00:00+09:00,1652.21044921875,1711.6649918989701,1586.4975336248224,1652.21044921875,506096,0.0,0.0
2009-10-14 00:00:00+09:00,1652.2103934431364,1677.243884252881,1502.0094485846694,1561.4639892578125,663690,0.0,0.0
2009-10-15 00:00:00+09:00,1517.6555124019987,1517.6555124019987,1328.3397216796875,1328.3397216796875,1425828,0.0,0.0
2009-10-16 00:00:00+09:00,1220.3827868009869,1248.5454664963943,1129.6363744491186,1159.3636474609375,2577998,0.0,0.0
2009-10-19 00:00:00+09:00,1167.1865251519705,1214.1243210696102,1070.1817469221821,1113.9903564453125,1042908,0.0,0.0
2009-10-20 00:00:00+09:00,1129.636453055706,1189.0910032165327,948.1436157226564,948.1436157226562,2500500,0.0,0.0
2009-10-21 00:00:00+09:00,968.4831682722146,1034.1960811436734,923.1099665276358,1004.4688110351562,2793854,0.0,0.0
2009-10-22 00:00:00+09:00,1004.4689231465821,1049.8421299553843,948.1435629701383,968.4832763671875,1529802,0.0,0.0
2009-10-23 00:00:00+09:00,995.0812109375,996.6458040364583,910.59318359375,938.755859375,839738,0.0,0.0
2009-10-26 00:00:00+09:00,963.7895221498613,1004.46895003281,949.7081817288406,987.2584228515625,900780,0.0,0.0
2009-10-27 00:00:00+09:00,993.5167373508117,996.645923925145,945.0143454486462,960.6602783203125,676074,0.0,0.0
2009-10-28 00:00:00+09:00,960.66025525741,965.3540350062246,818.2822695433639,819.8468627929688,1016728,0.0,0.0
2009-10-29 00:00:00+09:00,797.9425726996528,854.2679307725695,763.5215205439815,844.88037109375,725856,0.0,0.0
2009-10-30 00:00:00+09:00,846.4449393687195,873.0430243396404,827.6698205657165,841.7511596679688,455460,0.0,0.0
2009-11-02 00:00:00+09:00,808.8947637927738,857.397157753269,782.2966767821797,815.1531372070312,388018,0.0,0.0
2009-11-03 00:00:00+09:00,824.5406076074615,860.5262508237265,769.7798461914062,769.7798461914062,340262,0.0,0.0
2009-11-04 00:00:00+09:00,782.296617896156,883.9951782226562,776.0382449529868,883.9951782226562,2441702,0.0,0.0
2009-11-05 00:00:00+09:00,935.6267550038026,946.5789076543488,854.2679067426023,883.9951782226562,1137790,0.0,0.0
2009-11-06 00:00:00+09:00,904.3349391002348,934.0622121848446,860.5263261334414,874.607666015625,603246,0.0,0.0
2009-11-09 00:00:00+09:00,880.8658909622243,976.3060674252717,879.301297905453,935.6266479492188,1756620,0.0,0.0
2009-11-10 00:00:00+09:00,951.272751266892,965.3540913349874,907.4641377217062,926.2392578125,544520,0.0,0.0
2009-11-11 00:00:00+09:00,935.6267165092573,941.885089194938,885.5597350238121,913.722412109375,306478,0.0,0.0
2009-11-12 00:00:00+09:00,929.368358991533,929.368358991533,890.2535290676469,896.5119018554688,256402,0.0,0.0
2009-11-13 00:00:00+09:00,891.8181431426434,915.2870416463971,827.6698205657165,841.7511596679688,427110,0.0,0.0
2009-11-16 00:00:00+09:00,849.5739392201835,866.7844610091744,830.7988245412845,852.703125,205674,0.0,0.0
2009-11-17 00:00:00+09:00,862.0907592773438,893.3826198681729,838.6218638342218,862.0907592773438,378696,0.0,0.0
2009-11-18 00:00:00+09:00,874.6077320056648,891.8182598268854,843.3158632398092,848.0096435546875,330742,0.0,0.0
2009-11-19 00:00:00+09:00,855.8324625806644,855.8324625806644,810.4592607253824,818.2822265625,279834,0.0,0.0
2009-11-20 00:00:00+09:00,816.7176985767006,857.3971241763063,816.7176985767006,849.5741577148438,180406,0.0,0.0
2009-11-23 00:00:00+09:00,863.6554392344916,863.6554392344916,826.1052027460355,838.6219482421875,137394,0.0,0.0
2009-11-24 00:00:00+09:00,854.2679623581292,854.2679623581292,740.0526487095149,794.8134155273438,295846,0.0,0.0
2009-11-25 00:00:00+09:00,788.5549605069514,801.0717059118236,761.9568765215979,780.7319946289062,168824,0.0,0.0
2009-11-26 00:00:00+09:00,782.2967589968005,805.7656617667045,777.6029784428197,786.9905395507812,121664,0.0,0.0
2009-11-27 00:00:00+09:00,758.8276959546839,785.4257801427863,685.2918161405187,689.985595703125,391944,0.0,0.0
2009-11-30 00:00:00+09:00,707.1960701963451,740.0525247851133,694.6793255911,710.3252563476562,135442,0.0,0.0
2009-12-01 00:00:00+09:00,710.3252709430197,735.3587606678839,708.7606778352157,719.7128295898438,119390,0.0,0.0
2009-12-02 00:00:00+09:00,735.3588048708393,826.1052105783046,724.4066524578694,816.7176513671875,736560,0.0,0.0
2009-12-03 00:00:00+09:00,813.5884139923279,813.5884139923279,769.7798070850487,783.8611450195312,329046,0.0,0.0
2009-12-04 00:00:00+09:00,780.732097267618,780.732097267618,758.8277899294483,766.6507568359375,205704,0.0,0.0
2009-12-07 00:00:00+09:00,786.9903712078808,790.1195575745124,760.3922870915111,769.7798461914062,156224,0.0,0.0
2009-12-08 00:00:00+09:00,779.1673729306176,838.6219114273314,777.6027798122831,788.554931640625,429380,0.0,0.0
2009-12-09 00:00:00+09:00,782.2965591672868,796.3778972322979,774.4735935756139,788.554931640625,133100,0.0,0.0
2009-12-10 00:00:00+09:00,790.119590221996,796.3779632138534,768.2152847504951,777.6028442382812,179214,0.0,0.0
2009-12-11 00:00:00+09:00,777.6027726042057,786.9903312271941,772.9089932927116,783.8611450195312,110480,0.0,0.0
2009-12-14 00:00:00+09:00,791.6842534083946,813.588560814951,780.7320997051164,797.942626953125,175204,0.0,0.0
2009-12-15 00:00:00+09:00,797.9425790691902,882.4306168529869,790.1196126077276,849.5741577148438,484808,0.0,0.0
2009-12-16 00:00:00+09:00,849.5741005513206,866.7846256085297,822.9760163719975,838.6219482421875,148990,0.0,0.0
2009-12-17 00:00:00+09:00,852.7031963016982,874.607498592017,830.7988940113794,846.44482421875,268598,0.0,0.0
2009-12-18 00:00:00+09:00,841.7511674048195,904.3348973233934,840.1865741568552,888.68896484375,281436,0.0,0.0
2009-12-21 00:00:00+09:00,898.0764388020834,982.5644661458334,855.8324251302084,938.755859375,1220342,0.0,0.0
2009-12-22 00:00:00+09:00,948.1433860124097,954.4017581973101,885.5596641634057,893.3826293945312,409828,0.0,0.0
2009-12-23 00:00:00+09:00,890.2535785466974,901.2057315340909,848.0095598810369,860.5263061523438,262534,0.0,0.0
2009-12-24 00:00:00+09:00,869.9138793945312,891.818185710221,862.0909128532136,869.9138793945312,157830,0.0,0.0
2009-12-28 00:00:00+09:00,868.3493442317832,882.4306849490554,819.8469484278457,822.9761352539062,169358,0.0,0.0
2009-12-29 00:00:00+09:00,842.1894850403298,859.8018126742531,819.7737953244275,838.9872436523438,135242,30.0,0.0
2009-12-30 00:00:00+09:00,838.9872170231057,838.9872170231057,818.1726486618454,829.3804931640625,108250,0.0,0.0
2010-01-04 00:00:00+09:00,838.9872111962624,899.829795214312,819.7737636116152,882.2174682617188,282186,0.0,0.0
2010-01-05 00:00:00+09:00,912.6387550749804,927.0488406814275,883.8185838620864,895.0264282226562,367810,0.0,0.0
2010-01-06 00:00:00+09:00,896.6276214816046,912.6388290080617,859.8018441707529,903.0321044921875,217406,0.0,0.0
2010-01-07 00:00:00+09:00,903.0320813519021,970.2791512398097,890.2231156589673,920.6444091796875,809156,0.0,0.0
2010-01-08 00:00:00+09:00,938.2567793630237,941.4590209308155,896.6276389817291,898.228759765625,314474,0.0,0.0
2010-01-11 00:00:00+09:00,907.8353739317299,946.2622680664062,903.0320121648954,946.2622680664062,380398,0.0,0.0
2010-01-12 00:00:00+09:00,944.6611871835057,963.8746350584245,919.0432566836141,923.8466186523438,323176,0.0,0.0
2010-01-13 00:00:00+09:00,919.0433204744082,949.4646150545716,907.8354751027691,917.4421997070312,361100,0.0,0.0
2010-01-14 00:00:00+09:00,935.0546158179512,935.0546158179512,898.2288347155319,927.0490112304688,318920,0.0,0.0
2010-01-15 00:00:00+09:00,933.4534011814558,949.4646087488907,927.0489181544817,930.2511596679688,171482,0.0,0.0
2010-01-18 00:00:00+09:00,938.2567511993705,1039.127357556982,930.251147520195,989.4926147460938,1226032,0.0,0.0
2010-01-19 00:00:00+09:00,1000.7004061154406,1007.1048887145794,963.8746311703924,970.2791137695312,355768,0.0,0.0
2010-01-20 00:00:00+09:00,979.8858178591456,1029.5205569990696,957.4701292153089,981.4869384765625,555738,0.0,0.0
2010-01-21 00:00:00+09:00,968.6779445517083,981.486909107764,938.2566537310761,978.28466796875,283926,0.0,0.0
2010-01-22 00:00:00+09:00,960.6723046875,1000.7003173828124,955.8689431640624,1000.7003173828125,449742,0.0,0.0
2010-01-25 00:00:00+09:00,983.0879928074527,1149.6045257911253,954.2678236372016,1139.997802734375,1769796,0.0,0.0
2010-01-26 00:00:00+09:00,1199.2395338920699,1205.6440173841502,1079.1554684155608,1168.8182373046875,1183474,0.0,0.0
2010-01-27 00:00:00+09:00,1175.22266588713,1296.9078465511925,1139.9980083264802,1216.851806640625,1605330,0.0,0.0
2010-01-28 00:00:00+09:00,1229.6606222385863,1263.2841548779224,1056.7395972362851,1087.160888671875,1163724,0.0,0.0
2010-01-29 00:00:00+09:00,1040.7284754088237,1080.7564936937786,955.8690766447197,962.2735595703125,578810,0.0,0.0
2010-02-01 00:00:00+09:00,960.6724077989327,1106.3743896484375,928.6499942056349,1106.3743896484375,1193112,0.0,0.0
2010-02-02 00:00:00+09:00,1120.7846171994458,1178.4249689411315,1027.9196060600632,1047.133056640625,1560028,0.0,0.0
2010-02-03 00:00:00+09:00,1067.9475724069696,1165.6159410978619,1059.941968415913,1095.1666259765625,803566,0.0,0.0
2010-02-04 00:00:00+09:00,1085.5597567900768,1164.0146654666457,1067.9474303524798,1159.2113037109375,604304,0.0,0.0
2010-02-05 00:00:00+09:00,1056.7395564488002,1111.1776548113141,992.6947348458426,1075.9530029296875,538912,0.0,0.0
2010-02-08 00:00:00+09:00,1091.9643353836984,1104.773301194651,1002.3015747070311,1002.3015747070312,395676,0.0,0.0
2010-02-09 00:00:00+09:00,992.694775390625,1130.3911474609374,970.2790869140624,1120.784423828125,548702,0.0,0.0
2010-02-10 00:00:00+09:00,1130.3911449224504,1253.6774312666837,1085.5597680700018,1087.160888671875,2434444,0.0,0.0
2010-02-11 00:00:00+09:00,1088.7620849609375,1130.3912235035616,1087.1609642477597,1088.7620849609375,577480,0.0,0.0
2010-02-12 00:00:00+09:00,1090.3631230359638,1146.40234375,1090.3631230359638,1146.40234375,536824,0.0,0.0
2010-02-16 00:00:00+09:00,1183.2283908644326,1210.4474472172005,1156.009334511665,1162.413818359375,849642,0.0,0.0
2010-02-17 00:00:00+09:00,1196.0370162963866,1196.0370162963866,1136.7955576578775,1152.8067626953125,499110,0.0,0.0
2010-02-18 00:00:00+09:00,1165.615672966842,1237.66609231232,1154.4078299575453,1180.0257568359375,1463424,0.0,0.0
2010-02-19 00:00:00+09:00,1180.026028281764,1287.3011217619244,1156.0092163085938,1216.851806640625,2287752,0.0,0.0
2010-02-22 00:00:00+09:00,1245.6718263531675,1327.3289769238766,1236.0651027566137,1293.7054443359375,1738332,0.0,0.0
2010-02-23 00:00:00+09:00,1293.7055489461313,1306.514514777281,1260.082013639363,1298.5089111328125,549806,0.0,0.0
2010-02-24 00:00:00+09:00,1272.8907893839619,1368.9580187714307,1272.8907893839619,1284.0986328125,632298,0.0,0.0
2010-02-25 00:00:00+09:00,1295.3064687472986,1316.121034994165,1152.8067459802905,1157.610107421875,1043972,0.0,0.0
2010-02-26 00:00:00+09:00,1183.228008511023,1197.638092511834,1119.1831907296416,1141.598876953125,454076,0.0,0.0
2010-03-02 00:00:00+09:00,1181.6269490389645,1184.8291900932707,1131.9922126972194,1148.00341796875,261226,0.0,0.0
2010-03-03 00:00:00+09:00,1138.3968268757706,1154.4080340048251,1027.919497685295,1055.1385498046875,650152,0.0,0.0
2010-03-04 00:00:00+09:00,1067.9475962849995,1127.1890671433878,1042.3296629408317,1077.5543212890625,592378,0.0,0.0
2010-03-05 00:00:00+09:00,1082.3576580507536,1143.20024829621,1080.7565372548204,1128.7901611328125,350296,0.0,0.0
2010-03-08 00:00:00+09:00,1120.784522899683,1128.7901266346805,1088.762107959692,1104.7733154296875,391282,0.0,0.0
2010-03-09 00:00:00+09:00,1104.773292092716,1117.582257798139,1080.7564813950482,1088.7620849609375,210104,0.0,0.0
2010-03-10 00:00:00+09:00,1101.5709228515625,1111.1776460159656,1083.9585970501566,1101.5709228515625,139966,0.0,0.0
2010-03-11 00:00:00+09:00,1101.570984460717,1111.1777081624093,936.6555609149992,1021.5149536132812,640400,0.0,0.0
2010-03-12 00:00:00+09:00,1056.7396071861529,1056.7396071861529,1002.3015062098966,1021.5149536132812,210944,0.0,0.0
2010-03-15 00:00:00+09:00,1040.7285042696221,1040.7285042696221,1008.7060887536337,1032.722900390625,134564,0.0,0.0
2010-03-16 00:00:00+09:00,1040.7283765433574,1056.7395823363322,1015.110447274598,1045.53173828125,115470,0.0,0.0
2010-03-17 00:00:00+09:00,1042.3295784968843,1088.7620789214768,1034.323974975403,1067.947509765625,296462,0.0,0.0
2010-03-18 00:00:00+09:00,1079.1554639601254,1111.177881288319,1074.3521013608963,1093.5655517578125,277772,0.0,0.0
2010-03-19 00:00:00+09:00,1096.7677122381237,1101.5710744815024,1048.7340898043371,1071.1497802734375,252004,0.0,0.0
2010-03-22 00:00:00+09:00,1058.3406224106297,1080.756308815696,1019.9137314305161,1056.739501953125,124528,0.0,0.0
2010-03-23 00:00:00+09:00,1075.953094905624,1075.953094905624,1024.7172332434513,1039.1273193359375,107762,0.0,0.0
2010-03-24 00:00:00+09:00,1058.3406949996947,1061.5429361343383,1002.3014751434326,1024.7171630859375,253720,0.0,0.0
2010-03-25 00:00:00+09:00,1008.7060576125074,1027.9195063289362,1000.7004539806621,1002.3015747070312,144130,0.0,0.0
2010-03-26 00:00:00+09:00,995.8969933691543,1151.2056884765625,995.8969933691543,1151.2056884765625,1811178,0.0,0.0
2010-03-29 00:00:00+09:00,1082.3577056929448,1119.1834856203675,1066.3464970288478,1093.5655517578125,1246292,0.0,0.0
2010-03-30 00:00:00+09:00,1109.5766245073978,1127.188951880531,1082.3575731125554,1085.559814453125,451746,0.0,0.0
2010-03-31 00:00:00+09:00,1098.3688213057687,1104.7733042288346,1018.3127847674475,1029.5206298828125,405782,0.0,0.0
2010-04-01 00:00:00+09:00,1027.919509152046,1048.7340786520097,1023.1161469597467,1029.5206298828125,182182,0.0,0.0
2010-04-02 00:00:00+09:00,1050.3349974445093,1069.548442519714,1023.1159502546365,1027.9193115234375,204244,0.0,0.0
2010-04-05 00:00:00+09:00,1018.3129294766144,1026.3185342680972,893.4254947294825,963.8748168945312,366420,0.0,0.0
2010-04-06 00:00:00+09:00,963.8745994502439,963.8745994502439,912.6387403432542,933.4533081054688,250742,0.0,0.0
2010-04-07 00:00:00+09:00,933.4534073808014,938.2567696829325,912.6388374049002,917.4421997070312,160870,0.0,0.0
2010-04-08 00:00:00+09:00,931.8521971831451,947.8634033203125,906.2342673636772,947.8634033203125,125274,0.0,0.0
2010-04-09 00:00:00+09:00,944.661288174716,976.6837047230115,928.6500799005682,968.6781005859375,230508,0.0,0.0
2010-04-12 00:00:00+09:00,968.6780861355611,976.6836901532104,954.2679989037923,967.0769653320312,133364,0.0,0.0
2010-04-13 00:00:00+09:00,975.0825547555193,975.0825547555193,938.2567768255079,965.475830078125,128342,0.0,0.0
2010-04-14 00:00:00+09:00,970.2791872186176,970.2791872186176,944.6612548828125,944.6612548828125,73272,0.0,0.0
2010-04-15 00:00:00+09:00,944.6612341427109,992.6948562177639,943.0601134068758,989.4926147460938,200942,0.0,0.0
2010-04-16 00:00:00+09:00,975.0827102782042,1031.1219465010895,960.6726209637479,1010.307373046875,469062,0.0,0.0
2010-04-19 00:00:00+09:00,1018.3127961335358,1053.537452603564,1007.1049508930724,1037.5262451171875,305772,0.0,0.0
2010-04-20 00:00:00+09:00,1063.1441533692148,1074.351998359553,1037.5262219627277,1055.1385498046875,231992,0.0,0.0
2010-04-21 00:00:00+09:00,1048.7339249795941,1075.952973414179,1047.1328044834422,1072.750732421875,193088,0.0,0.0
2010-04-22 00:00:00+09:00,1072.750877829159,1090.3632056741153,1040.7284635656022,1088.7620849609375,151760,0.0,0.0
2010-04-23 00:00:00+09:00,1104.7732177734374,1127.18890625,1066.3463232421875,1120.784423828125,440042,0.0,0.0
2010-04-26 00:00:00+09:00,1136.795615517632,1184.8292330747151,1120.7844096652711,1159.2113037109375,496678,0.0,0.0
2010-04-27 00:00:00+09:00,1178.4248033216782,1178.4248033216782,1138.3967869045016,1144.80126953125,161190,0.0,0.0
2010-04-28 00:00:00+09:00,1136.7955782096883,1208.8460021807248,1104.7731675558944,1181.626953125,324524,0.0,0.0
2010-04-29 00:00:00+09:00,1204.042715768628,1204.042715768628,1149.6046142578125,1149.6046142578125,152640,0.0,0.0
2010-04-30 00:00:00+09:00,1146.402540349332,1152.8070238149708,1088.7621891585834,1093.5655517578125,279510,0.0,0.0
2010-05-03 00:00:00+09:00,1088.7620849609375,1117.582257798139,1082.357602108226,1088.7620849609375,115442,0.0,0.0
2010-05-04 00:00:00+09:00,1082.357602108226,1127.188982077206,1074.3519985423368,1088.7620849609375,147608,0.0,0.0
2010-05-06 00:00:00+09:00,1087.1609109661538,1103.1721173132253,1027.9194474819892,1069.548583984375,86960,0.0,0.0
2010-05-07 00:00:00+09:00,1047.1329579212431,1047.1329579212431,960.6724384598562,1029.5206298828125,150586,0.0,0.0
2010-05-10 00:00:00+09:00,1024.7172279299848,1058.3407619714374,1008.7060212435788,1051.936279296875,134902,0.0,0.0
2010-05-11 00:00:00+09:00,1056.739509535132,1090.3630393839771,1031.12158203125,1031.12158203125,165838,0.0,0.0
2010-05-12 00:00:00+09:00,1050.3350276591616,1050.3350276591616,1010.3070159343459,1031.12158203125,54916,0.0,0.0
2010-05-13 00:00:00+09:00,1034.323886489868,1050.3350921630858,1019.9138013839722,1024.7171630859375,80380,0.0,0.0
2010-05-14 00:00:00+09:00,1034.323918548871,1069.5485721217426,1015.1104711454864,1021.5149536132812,285296,0.0,0.0
2010-05-17 00:00:00+09:00,1018.3126974666819,1018.3126974666819,963.8745972876454,979.8858032226562,99288,0.0,0.0
2010-05-18 00:00:00+09:00,1010.3071877799589,1010.3071877799589,949.464599609375,949.464599609375,109196,0.0,0.0
2010-05-19 00:00:00+09:00,949.4646150545716,949.4646150545716,810.167108292771,917.4421997070312,227904,0.0,0.0
2010-05-20 00:00:00+09:00,960.6724556832677,984.6892670753493,816.5715873307774,863.0040893554688,259858,0.0,0.0
2010-05-24 00:00:00+09:00,891.8242265541136,891.8242265541136,813.3693125484555,838.9872436523438,87636,0.0,0.0
2010-05-25 00:00:00+09:00,832.582746781643,832.582746781643,718.903179432611,763.7345581054688,424128,0.0,0.0
2010-05-26 00:00:00+09:00,768.5379174246362,794.1558480054574,752.5267108116229,770.1390380859375,126034,0.0,0.0
2010-05-27 00:00:00+09:00,762.13347197742,800.5603697241806,746.1222645829363,787.7514038085938,132450,0.0,0.0
2010-05-28 00:00:00+09:00,814.9704270932073,848.5939614133592,790.9536168645272,818.1726684570312,116078,0.0,0.0
2010-05-31 00:00:00+09:00,819.7737334280304,846.9927831707579,803.7625276970141,845.3916625976562,41912,0.0,0.0
2010-06-01 00:00:00+09:00,854.9984917074947,861.402974791446,824.5771970587261,850.1951293945312,53228,0.0,0.0
2010-06-03 00:00:00+09:00,858.2007234181073,906.234345997479,850.1951196548786,903.0321044921875,129626,0.0,0.0
2010-06-04 00:00:00+09:00,903.0320927060883,928.6500244140625,879.0152817298626,928.6500244140625,69228,0.0,0.0
2010-06-07 00:00:00+09:00,879.0152676490045,907.8354403588079,845.3917328209005,893.4253540039062,40218,0.0,0.0
2010-06-08 00:00:00+09:00,898.2287305108432,944.6612317315463,883.8186439251077,928.6500244140625,85570,0.0,0.0
2010-06-09 00:00:00+09:00,917.4421677564537,954.2679441236412,909.4365641983695,920.6444091796875,43148,0.0,0.0
2010-06-10 00:00:00+09:00,912.6389408111573,944.6613597869874,904.6333360671998,922.2456665039062,40134,0.0,0.0
2010-06-11 00:00:00+09:00,955.869076853785,955.869076853785,917.4421792918238,928.6500244140625,39228,0.0,0.0
2010-06-14 00:00:00+09:00,928.6500389112252,947.8634879921472,915.8410728572773,930.2511596679688,40544,0.0,0.0
2010-06-15 00:00:00+09:00,930.2511531642225,989.4926207495517,928.6500324186732,976.6836547851562,88310,0.0,0.0
2010-06-16 00:00:00+09:00,976.683648859413,1007.1049428402799,963.8746829727321,989.4926147460938,41908,0.0,0.0
2010-06-17 00:00:00+09:00,973.4814073877427,1015.1105465194554,968.6780451802374,989.4926147460938,60774,0.0,0.0
2010-06-18 00:00:00+09:00,1008.7059739056755,1008.7059739056755,970.2790796616498,979.8858032226562,39742,0.0,0.0
2010-06-21 00:00:00+09:00,995.8971397955686,995.8971397955686,965.4758445285014,967.0769653320312,58612,0.0,0.0
2010-06-22 00:00:00+09:00,989.4925106048585,1056.739574432373,973.4813049316407,1024.7171630859375,121488,0.0,0.0
2010-06-23 00:00:00+09:00,1075.9530545895375,1075.9530545895375,978.2846969556658,1021.5149536132812,51548,0.0,0.0
2010-06-24 00:00:00+09:00,1024.7172771516393,1035.9251223704853,962.2735680752113,976.6836547851562,78108,0.0,0.0
2010-06-25 00:00:00+09:00,976.6837845609037,987.8916312689797,941.4591234783794,963.8748168945312,64314,0.0,0.0
2010-06-28 00:00:00+09:00,968.6780521231638,987.891501090896,909.4365844726562,909.4365844726562,89442,0.0,0.0
2010-06-29 00:00:00+09:00,901.4310327508792,925.4478453463734,867.8074951171875,867.8074951171875,110154,0.0,0.0
2010-06-30 00:00:00+09:00,851.7961787305759,893.4253152850777,819.7737659963436,875.81298828125,67488,0.0,0.0
2010-07-01 00:00:00+09:00,874.2119728370949,907.8355102539062,861.4030062021192,907.8355102539062,28404,0.0,0.0
2010-07-02 00:00:00+09:00,907.8355102539062,920.644476888882,888.6220603014426,907.8355102539062,33558,0.0,0.0
2010-07-05 00:00:00+09:00,907.8355102539062,927.0489602063699,890.2231811308146,907.8355102539062,29406,0.0,0.0
2010-07-06 00:00:00+09:00,907.8352527550531,927.0486972578057,888.6218082523008,899.8296508789062,34546,0.0,0.0
2010-07-07 00:00:00+09:00,898.2285823300888,914.2397870062044,871.0095343806921,879.01513671875,29452,0.0,0.0
2010-07-08 00:00:00+09:00,879.01513671875,896.6274618624772,872.6106548483037,879.01513671875,40340,0.0,0.0
2010-07-09 00:00:00+09:00,879.015338579249,906.234392779335,872.6108552380523,901.4310302734375,64440,0.0,0.0
2010-07-12 00:00:00+09:00,896.6275390625,901.4309008789062,879.0152124023436,880.6163330078125,67926,0.0,0.0
2010-07-13 00:00:00+09:00,893.4253179223498,893.4253179223498,854.9984225278401,869.4085083007812,105254,0.0,0.0
2010-07-14 00:00:00+09:00,869.4084120572799,896.627459948576,869.4084120572799,885.4196166992188,77320,0.0,0.0
2010-07-15 00:00:00+09:00,896.6274485868566,898.2285690307617,832.5826308306525,871.009521484375,61102,0.0,0.0
2010-07-16 00:00:00+09:00,887.0209782353154,887.0209782353154,851.7963184497975,864.6052856445312,76056,0.0,0.0
2010-07-19 00:00:00+09:00,851.7963184497975,867.8075274432147,835.7851094563802,864.6052856445312,54976,0.0,0.0
2010-07-20 00:00:00+09:00,866.2060536795799,911.0374205983013,864.6049334324828,872.6105346679688,154960,0.0,0.0
2010-07-21 00:00:00+09:00,891.8240617860039,891.8240617860039,848.5938110351564,848.5938110351562,83268,0.0,0.0
2010-07-22 00:00:00+09:00,848.5939084566556,861.4028731126052,821.3748585627629,832.5827026367188,120458,0.0,0.0
2010-07-23 00:00:00+09:00,837.3859682478995,920.6442289532356,837.3859682478995,848.5938110351562,193960,0.0,0.0
2010-07-26 00:00:00+09:00,867.8073225350216,975.0823974609375,842.1893941945043,975.0823974609375,1376238,0.0,0.0
2010-07-27 00:00:00+09:00,933.4535181543848,1000.7005983644777,871.0098008164415,888.6221313476562,2427542,0.0,0.0
2010-07-28 00:00:00+09:00,893.4252749770436,893.4252749770436,851.7961403006939,858.2006225585938,318646,0.0,0.0
2010-07-29 00:00:00+09:00,866.2063468095196,866.2063468095196,826.178327086344,830.981689453125,248490,0.0,0.0
2010-07-30 00:00:00+09:00,832.5825985319201,837.3859596772966,806.9646724232456,821.374755859375,222964,0.0,0.0
2010-08-02 00:00:00+09:00,832.5828972763903,834.1840182326911,808.566082931879,813.3694458007812,189564,0.0,0.0
2010-08-03 00:00:00+09:00,821.3749419626412,824.5771834517743,810.1670967506753,814.970458984375,73080,0.0,0.0
2010-08-04 00:00:00+09:00,822.9760305027672,843.7905993676233,813.3693064112953,818.1726684570312,128672,0.0,0.0
2010-08-05 00:00:00+09:00,826.1783041963408,830.9816664300405,811.7682174952419,814.970458984375,85004,0.0,0.0
2010-08-06 00:00:00+09:00,819.77392578125,837.3862562179567,800.560474395752,819.77392578125,45194,0.0,0.0
2010-08-09 00:00:00+09:00,822.9761715385858,830.9817763200896,805.3638410192775,813.3694458007812,75580,0.0,0.0
2010-08-10 00:00:00+09:00,813.3692354605017,816.5714765449919,795.7569094958059,803.7625122070312,64980,0.0,0.0
2010-08-11 00:00:00+09:00,806.9649299172795,819.7738970588236,773.3413911707262,789.3526000976562,140806,0.0,0.0
2010-08-12 00:00:00+09:00,773.3414267788677,797.3582412751058,773.3414267788677,779.7459106445312,87990,0.0,0.0
2010-08-13 00:00:00+09:00,800.560324532645,896.6275634765625,779.7457560947963,896.6275634765625,1180742,0.0,0.0
2010-08-16 00:00:00+09:00,832.5826576107838,845.3916215740267,781.3468017578125,781.3468017578125,1182906,0.0,0.0
2010-08-17 00:00:00+09:00,779.7458187005459,794.1559056991186,749.3245239257812,749.3245239257812,231502,0.0,0.0
2010-08-18 00:00:00+09:00,762.1335485426047,768.538032143803,744.5212186393092,755.7290649414062,123502,0.0,0.0
2010-08-19 00:00:00+09:00,765.3355265727796,774.9422486636514,757.3299248303865,760.5321655273438,75692,0.0,0.0
2010-08-20 00:00:00+09:00,755.729096148293,789.3526364430264,755.729096148293,779.7459106445312,108768,0.0,0.0
2010-08-23 00:00:00+09:00,784.5489707545231,792.5545724969162,760.5321655273438,760.5321655273438,74890,0.0,0.0
2010-08-24 00:00:00+09:00,760.5323600769043,768.5379638671875,747.7233940124512,768.5379638671875,101082,0.0,0.0
2010-08-25 00:00:00+09:00,755.7288882048233,768.5378524116848,734.9143213686735,736.5154418945312,146778,0.0,0.0
2010-08-26 00:00:00+09:00,738.1166702303752,742.9200325095317,730.1110664317811,734.9144287109375,88644,0.0,0.0
2010-08-27 00:00:00+09:00,733.3132761129847,749.324483015015,730.1110347325787,738.1166381835938,52564,0.0,0.0
2010-08-30 00:00:00+09:00,746.1223769835746,746.1223769835746,718.9033203125,718.9033203125,135224,0.0,0.0
2010-08-31 00:00:00+09:00,714.0998648835921,725.3077102965633,704.4931402439025,722.10546875,70484,0.0,0.0
2010-09-01 00:00:00+09:00,717.3019955842391,750.9255266272503,717.3019955842391,736.5154418945312,54336,0.0,0.0
2010-09-02 00:00:00+09:00,746.1221650496773,755.7288882048233,731.7120803169582,736.5154418945312,35260,0.0,0.0
2010-09-03 00:00:00+09:00,736.5155231400041,739.7177645449607,720.5043161152214,725.3076782226562,43138,0.0,0.0
2010-09-06 00:00:00+09:00,736.5155525626717,746.1222771613153,720.5043448982658,728.5099487304688,65460,0.0,0.0
2010-09-07 00:00:00+09:00,730.1110283987863,736.5155111040388,717.3020629882812,717.3020629882812,57262,0.0,0.0
2010-09-08 00:00:00+09:00,717.3021418539325,718.9032627062851,699.6898124780547,712.498779296875,73864,0.0,0.0
2010-09-09 00:00:00+09:00,714.0997924804688,725.307636757068,704.4930688148122,714.0997924804688,47416,0.0,0.0
2010-09-10 00:00:00+09:00,714.0999573705457,730.1111671770601,704.4932314866369,718.9033203125,67458,0.0,0.0
2010-09-13 00:00:00+09:00,723.7064943543148,742.9199411070842,717.3020121033917,731.7120971679688,56068,0.0,0.0
2010-09-14 00:00:00+09:00,731.7120528032076,750.925498391038,725.3075709405974,726.90869140625,43896,0.0,0.0
2010-09-15 00:00:00+09:00,728.5098207788243,795.7568811584081,728.5098207788243,747.7232666015625,158734,0.0,0.0
2010-09-16 00:00:00+09:00,758.9312071562331,758.9312071562331,730.1110347325787,738.1166381835938,53342,0.0,0.0
2010-09-17 00:00:00+09:00,739.7176829462466,749.3244061013927,734.9143213686735,736.5154418945312,23428,0.0,0.0
2010-09-20 00:00:00+09:00,762.1333340259308,762.1333340259308,739.7176477310505,752.526611328125,13738,0.0,0.0
2010-09-24 00:00:00+09:00,765.3356198074953,765.3356198074953,744.5210527416011,757.3300170898438,36916,0.0,0.0
2010-09-27 00:00:00+09:00,768.537815824468,784.5490203208111,752.526611328125,752.526611328125,28378,0.0,0.0
2010-09-28 00:00:00+09:00,765.3356961922304,766.9368168955615,752.5267305655822,758.9312133789062,23900,0.0,0.0
2010-09-29 00:00:00+09:00,760.5322581769044,770.1389814380863,752.5266554592528,757.3300170898438,34338,0.0,0.0
2010-09-30 00:00:00+09:00,765.3357317019731,765.3357317019731,744.5211615929237,749.3245239257812,48200,0.0,0.0
2010-10-01 00:00:00+09:00,750.9254908784907,768.537815824468,744.5210090799534,752.526611328125,33614,0.0,0.0
2010-10-04 00:00:00+09:00,752.526779988173,781.3469545409115,747.7234175627166,750.9256591796875,41198,0.0,0.0
2010-10-05 00:00:00+09:00,752.5266747208624,765.3356393969622,742.9199512137876,746.1221923828125,35248,0.0,0.0
2010-10-06 00:00:00+09:00,755.729007036258,774.9424563676884,744.5211615929237,749.3245239257812,58546,0.0,0.0
2010-10-07 00:00:00+09:00,747.7234031481621,768.5379732572115,747.7234031481621,749.3245239257812,83776,0.0,0.0
2010-10-08 00:00:00+09:00,749.3245239257812,757.3301278138772,746.1222823705428,749.3245239257812,31064,0.0,0.0
2010-10-11 00:00:00+09:00,749.3243870867907,763.7344714538443,746.1221461163343,747.7232666015625,23850,0.0,0.0
2010-10-12 00:00:00+09:00,747.7232369371641,757.329959467406,744.5209960937501,744.52099609375,20510,0.0,0.0
2010-10-13 00:00:00+09:00,750.9254908784907,757.3299726770279,742.9198886303191,752.526611328125,26724,0.0,0.0
2010-10-14 00:00:00+09:00,752.5266554592528,774.9423430686772,752.5266554592528,757.3300170898438,43690,0.0,0.0
2010-10-15 00:00:00+09:00,762.1334808349609,779.745809173584,757.330118560791,768.5379638671875,42714,0.0,0.0
2010-10-18 00:00:00+09:00,768.5379174246362,786.1502446989508,762.1334347794309,770.1390380859375,28554,0.0,0.0
2010-10-19 00:00:00+09:00,794.1558959960937,794.1558959960937,768.5379638671875,768.5379638671875,66184,0.0,0.0
2010-10-20 00:00:00+09:00,765.3356300448976,774.9423534345824,758.9311477851076,771.7401123046875,30084,0.0,0.0
2010-10-21 00:00:00+09:00,776.5435676574707,787.7514129638672,768.5379638671875,768.5379638671875,24728,0.0,0.0
2010-10-22 00:00:00+09:00,768.5378397791839,784.5490447745835,768.5378397791839,774.9423217773438,29896,0.0,0.0
2010-10-25 00:00:00+09:00,774.9424349877143,813.3693325904109,766.9368313204858,794.1558837890625,216140,0.0,0.0
2010-10-26 00:00:00+09:00,794.1557338169644,802.1613359723773,778.1445295061385,784.5490112304688,49662,0.0,0.0
2010-10-27 00:00:00+09:00,782.9480210308251,790.9536245178479,762.1334519645659,765.335693359375,80654,0.0,0.0
2010-10-28 00:00:00+09:00,762.1333787204347,770.1389814380863,755.7288965463134,757.3300170898438,74032,0.0,0.0
2010-10-29 00:00:00+09:00,768.5379669445904,768.5379669445904,754.1278800643793,762.1334838867188,41696,0.0,0.0
2010-11-01 00:00:00+09:00,763.7344714538443,768.5378329095289,738.1165436901933,747.7232666015625,97804,0.0,0.0
2010-11-02 00:00:00+09:00,747.7232413155692,794.1557338169644,734.9142778669085,784.5490112304688,244704,0.0,0.0
2010-11-03 00:00:00+09:00,790.9535692762697,790.9535692762697,770.1390016637363,786.1502075195312,64750,0.0,0.0
2010-11-04 00:00:00+09:00,786.1502057589017,832.5827026367188,776.5434822669396,832.5827026367188,260302,0.0,0.0
2010-11-05 00:00:00+09:00,858.2007263183593,915.8410736083983,768.5379638671875,768.5379638671875,1088324,0.0,0.0
2010-11-08 00:00:00+09:00,768.537920106132,774.9424027736832,758.9311961048054,763.7345581054688,96702,0.0,0.0
2010-11-09 00:00:00+09:00,760.5321655273438,766.9366469212582,754.1276841334293,760.5321655273438,119834,0.0,0.0
2010-11-10 00:00:00+09:00,770.1390554515887,771.7401761489932,752.5267277801386,765.335693359375,30140,0.0,0.0
2010-11-11 00:00:00+09:00,766.9367104305584,766.9367104305584,752.5266261009654,754.1277465820312,36366,0.0,0.0
2010-11-12 00:00:00+09:00,814.9704181604218,814.9704181604218,720.5042989630448,730.1110229492188,166452,0.0,0.0
2010-11-15 00:00:00+09:00,736.5155525626717,744.5211563948747,726.9088279640282,728.5099487304688,36694,0.0,0.0
2010-11-16 00:00:00+09:00,736.515416124132,736.515416124132,715.700850016276,720.5042114257812,71920,0.0,0.0
2010-11-17 00:00:00+09:00,723.706557520178,728.5099196276127,707.6953504953952,725.3076782226562,27210,0.0,0.0
2010-11-18 00:00:00+09:00,720.5042795795086,752.5266920052646,720.5042795795086,741.31884765625,42266,0.0,0.0
2010-11-19 00:00:00+09:00,741.3189840645625,752.5268304759059,739.7178631486564,742.9201049804688,60706,0.0,0.0
2010-11-22 00:00:00+09:00,747.7232269017042,747.7232269017042,718.9030596977841,723.7064208984375,97174,0.0,0.0
2010-11-23 00:00:00+09:00,730.1111086727528,730.1111086727528,706.0942958874649,712.498779296875,94282,0.0,0.0
2010-11-24 00:00:00+09:00,667.667247073751,694.8862955156067,642.0493191284752,682.0773315429688,151540,0.0,0.0
2010-11-25 00:00:00+09:00,694.8863105148565,694.8863105148565,672.4706230788934,683.678466796875,44210,0.0,0.0
2010-11-26 00:00:00+09:00,685.2795126675429,718.9030401582402,675.6727905273438,675.6727905273438,98900,0.0,0.0
2010-11-29 00:00:00+09:00,698.088668020148,698.088668020148,666.066252055921,669.2684936523438,17220,0.0,0.0
2010-11-30 00:00:00+09:00,669.2684444490617,678.8751685320626,659.6617203660609,677.2740478515625,48836,0.0,0.0
2010-12-01 00:00:00+09:00,683.6785423777927,694.8863873348058,669.2684560044903,685.2796630859375,21536,0.0,0.0
2010-12-02 00:00:00+09:00,701.2908275929267,717.3020337023543,683.6785008725564,714.0997924804688,51322,0.0,0.0
2010-12-03 00:00:00+09:00,702.8920575961505,728.5099913581969,702.8920575961505,706.0942993164062,19276,0.0,0.0
2010-12-06 00:00:00+09:00,720.5041698551395,720.5041698551395,693.2851234383897,702.891845703125,30030,0.0,0.0
2010-12-07 00:00:00+09:00,696.4875707733497,714.0999001492276,696.4875707733497,712.498779296875,7400,0.0,0.0
2010-12-08 00:00:00+09:00,706.0942412142895,766.9368288926183,696.487516844027,699.6897583007812,32964,0.0,0.0
2010-12-09 00:00:00+09:00,717.302086312929,717.302086312929,698.0886375724041,699.6897583007812,11710,0.0,0.0
2010-12-10 00:00:00+09:00,701.2907903256623,746.1221650496773,698.088549273947,736.5154418945312,69758,0.0,0.0
2010-12-13 00:00:00+09:00,736.5154588561611,741.3188205443535,720.5042532288533,731.7120971679688,11576,0.0,0.0
2010-12-14 00:00:00+09:00,726.9087500426447,757.3300413439888,726.9087500426447,733.313232421875,39480,0.0,0.0
2010-12-15 00:00:00+09:00,733.3132277067127,752.5266747208624,733.3132277067127,746.1221923828125,52734,0.0,0.0
2010-12-16 00:00:00+09:00,736.5154588561611,750.9255439207382,728.5098560425072,731.7120971679688,14300,0.0,0.0
2010-12-17 00:00:00+09:00,730.1110311972128,742.919996656813,710.8975830078125,710.8975830078125,67594,0.0,0.0
2010-12-20 00:00:00+09:00,704.493111583674,710.8975944162529,677.274059545214,685.2796630859375,40078,0.0,0.0
2010-12-21 00:00:00+09:00,690.0829281044878,709.2963738985802,690.0829281044878,701.290771484375,18298,0.0,0.0
2010-12-22 00:00:00+09:00,694.8864499209972,715.70102100158,694.8864499209972,712.498779296875,22774,0.0,0.0
2010-12-23 00:00:00+09:00,722.1053318956164,739.7176570638021,712.4986090766059,720.5042114257812,50312,0.0,0.0
2010-12-24 00:00:00+09:00,725.3075636843417,784.5490203208111,720.5042023354388,752.526611328125,151942,0.0,0.0
2010-12-27 00:00:00+09:00,762.1333558129483,790.9535247302446,762.1333558129483,781.3468017578125,232242,0.0,0.0
2010-12-28 00:00:00+09:00,800.5602155412947,832.5826241629464,784.5490112304688,784.5490112304688,284344,0.0,0.0
2010-12-29 00:00:00+09:00,810.5922462493775,818.7307226173431,794.3152935134461,817.10302734375,79258,20.0,0.0
2010-12-30 00:00:00+09:00,836.6353245785361,841.5184101305509,813.8475920024671,835.0076293945312,75134,0.0,0.0
2011-01-03 00:00:00+09:00,846.4015152962941,856.1676866266358,805.709134753203,831.7522583007812,103790,0.0,0.0
2011-01-04 00:00:00+09:00,839.8907913483216,839.8907913483216,800.8261033786323,812.219970703125,107922,0.0,0.0
2011-01-05 00:00:00+09:00,812.2198968184622,812.2198968184622,792.6875546104029,804.0814208984375,62780,0.0,0.0
2011-01-06 00:00:00+09:00,804.0814687794652,804.0814687794652,750.3675245087722,755.2506103515625,154182,0.0,0.0
2011-01-07 00:00:00+09:00,748.7399192694211,765.0168740361477,737.3460509327125,750.3676147460938,160604,0.0,0.0
2011-01-10 00:00:00+09:00,779.6659470094603,779.6659470094603,755.2505206939239,760.1336059570312,76536,0.0,0.0
2011-01-11 00:00:00+09:00,765.016796875,778.0383593749999,758.5060156249999,773.1552734375,26036,0.0,0.0
2011-01-12 00:00:00+09:00,773.1552734374999,779.6660546874999,768.2721875,773.1552734375,46860,0.0,0.0
2011-01-13 00:00:00+09:00,779.6660645561379,797.5707132202664,771.5275878906251,771.527587890625,28022,0.0,0.0
2011-01-14 00:00:00+09:00,758.5060131992104,781.2937475013326,758.5060131992104,763.3890991210938,49058,0.0,0.0
2011-01-17 00:00:00+09:00,755.2506154805671,792.6876071961988,755.2506154805671,774.782958984375,41232,0.0,0.0
2011-01-18 00:00:00+09:00,776.4105277852809,781.2936128656916,755.2504924368351,765.0166625976562,53810,0.0,0.0
2011-01-19 00:00:00+09:00,765.0168868242685,778.0384508553199,748.7399317854542,768.2722778320312,50048,0.0,0.0
2011-01-20 00:00:00+09:00,768.2722791089174,786.176929681371,760.133801575984,778.0384521484375,64158,0.0,0.0
2011-01-21 00:00:00+09:00,774.782840966189,813.8475220233079,774.782840966189,784.5490112304688,85184,0.0,0.0
2011-01-24 00:00:00+09:00,784.5491648880477,807.3368999677834,768.2722112596649,789.4322509765625,67934,0.0,0.0
2011-01-25 00:00:00+09:00,807.3367947722567,807.3367947722567,781.2936723602484,786.1767578125,74012,0.0,0.0
2011-01-26 00:00:00+09:00,813.8476154749478,813.8476154749478,776.4106251631002,779.666015625,35244,0.0,0.0
2011-01-27 00:00:00+09:00,797.5707982274778,797.5707982274778,776.4107566418509,778.0384521484375,30434,0.0,0.0
2011-01-28 00:00:00+09:00,778.0383715311685,787.8045435587564,768.2721995035806,781.2937622070312,19912,0.0,0.0
2011-01-31 00:00:00+09:00,766.6445041656493,794.3153249104818,766.6445041656493,781.2937622070312,35954,0.0,0.0
2011-02-01 00:00:00+09:00,791.059934234619,791.059934234619,768.2721995035806,781.2937622070312,20584,0.0,0.0
2011-02-07 00:00:00+09:00,771.5275901794433,791.059934234619,771.5275901794433,781.2937622070312,33706,0.0,0.0
2011-02-08 00:00:00+09:00,781.293730345912,823.6138074063156,776.41064453125,776.41064453125,28160,0.0,0.0
2011-02-09 00:00:00+09:00,812.2199405054376,812.2199405054376,766.6444729019262,776.41064453125,97852,0.0,0.0
2011-02-10 00:00:00+09:00,776.41064453125,787.8045114321279,768.2721681734802,776.41064453125,44378,0.0,0.0
2011-02-11 00:00:00+09:00,776.4106715275691,787.8045388246194,761.7614135742188,761.7614135742188,46726,0.0,0.0
2011-02-14 00:00:00+09:00,763.3890991210938,776.4106615794493,755.2506225846216,763.3890991210938,30986,0.0,0.0
2011-02-15 00:00:00+09:00,760.1337182460687,763.3891089023688,756.8783275897686,761.7614135742188,31190,0.0,0.0
2011-02-16 00:00:00+09:00,804.0815232799899,804.0815232799899,755.2506615423388,756.8783569335938,16256,0.0,0.0
2011-02-17 00:00:00+09:00,755.2506103515625,771.5275631608633,753.6229150706324,755.2506103515625,17308,0.0,0.0
2011-02-18 00:00:00+09:00,750.3674448692748,761.7613106265089,734.0904937875118,758.5059204101562,22302,0.0,0.0
2011-02-21 00:00:00+09:00,748.7397497610986,766.6443959510378,748.7397497610986,758.5059204101562,11496,0.0,0.0
2011-02-22 00:00:00+09:00,748.7398486116748,763.3891065192945,742.2290673193993,751.9952392578125,30626,0.0,0.0
2011-02-23 00:00:00+09:00,745.4844970703124,760.1337557463667,732.4629338027087,745.4844970703125,29184,0.0,0.0
2011-02-24 00:00:00+09:00,743.856633843316,748.7397189670138,730.8350735134549,732.4627685546875,24150,0.0,0.0
2011-02-25 00:00:00+09:00,732.4629055001058,841.5184936523436,732.4629055001058,841.5184936523438,1399100,0.0,0.0
2011-02-28 00:00:00+09:00,864.3060996315695,966.8508911132811,859.4230143229166,966.8508911132812,2308334,0.0,0.0
2011-03-02 00:00:00+09:00,869.1892452428837,877.3277213219369,821.986083984375,821.986083984375,3117422,0.0,0.0
2011-03-03 00:00:00+09:00,800.8261100134489,841.5184936523436,791.0599379401142,841.5184936523438,1192630,0.0,0.0
2011-03-04 00:00:00+09:00,852.9122279288838,852.9122279288838,769.8997782640497,791.059814453125,882558,0.0,0.0
2011-03-07 00:00:00+09:00,786.1767738743832,807.3368112664474,774.7829075863486,804.0814208984375,394708,0.0,0.0
2011-03-08 00:00:00+09:00,804.0814499864753,810.5922309580257,774.7829356144985,799.1983642578125,266688,0.0,0.0
2011-03-09 00:00:00+09:00,800.8259321465549,818.7305769709698,786.1766772902156,810.5921020507812,310728,0.0,0.0
2011-03-10 00:00:00+09:00,810.5923007933561,820.3584730920712,778.0383931309723,787.8045654296875,273430,0.0,0.0
2011-03-11 00:00:00+09:00,786.1768308437669,799.1983932593986,751.9952295027335,753.6229248046875,341764,0.0,0.0
2011-03-14 00:00:00+09:00,734.0906454550253,776.4107270111908,698.2813456767313,722.69677734375,304592,0.0,0.0
2011-03-15 00:00:00+09:00,712.9304581743231,737.3458848241287,651.0780439948156,706.419677734375,308220,0.0,0.0
2011-03-16 00:00:00+09:00,688.5151100158691,716.1859300401476,688.5151100158691,703.1643676757812,76050,0.0,0.0
2011-03-17 00:00:00+09:00,691.7705352489766,691.7705352489766,662.472018461961,677.1212768554688,206338,0.0,0.0
2011-03-18 00:00:00+09:00,682.0043237595331,693.3981907435825,670.6104567754836,683.6320190429688,64640,0.0,0.0
2011-03-21 00:00:00+09:00,693.3982054057874,768.2721900270697,693.3982054057874,742.2290649414062,336786,0.0,0.0
2011-03-22 00:00:00+09:00,756.8784093048613,810.5923609329483,730.8352812427586,768.2722778320312,261018,0.0,0.0
2011-03-23 00:00:00+09:00,779.6659899852315,805.7091128239866,742.229000904521,794.3152465820312,158128,0.0,0.0
2011-03-24 00:00:00+09:00,784.5491648880477,810.5922906934601,769.8999066225032,789.4322509765625,47428,0.0,0.0
2011-03-25 00:00:00+09:00,797.5706930721507,808.9645601160386,763.3890919404871,774.782958984375,101626,0.0,0.0
2011-03-28 00:00:00+09:00,787.8045388246194,797.5707107935197,758.5060229179187,761.7614135742188,57344,0.0,0.0
2011-03-29 00:00:00+09:00,761.7612806138161,797.5705715828417,748.7397202614432,784.5490112304688,119606,0.0,0.0
2011-03-30 00:00:00+09:00,799.1984331115218,805.7092146439985,768.2722208322572,787.8045654296875,22090,0.0,0.0
2011-03-31 00:00:00+09:00,792.6877117077178,795.9431027208911,763.3891925891573,778.0384521484375,62086,0.0,0.0
2011-04-01 00:00:00+09:00,781.2937575120192,787.8045388246194,760.1337182460687,761.7614135742188,69794,0.0,0.0
2011-04-04 00:00:00+09:00,761.7613106265089,776.4105666000956,747.1120546529222,758.5059204101562,74910,0.0,0.0
2011-04-05 00:00:00+09:00,761.7614958165057,771.5276688397942,748.7399317854542,768.2722778320312,75656,0.0,0.0
2011-04-06 00:00:00+09:00,768.2722791089174,787.8046251879576,765.016888095744,778.0384521484375,39386,0.0,0.0
2011-04-07 00:00:00+09:00,778.0384521484375,786.176929681371,761.7614970825706,778.0384521484375,31660,0.0,0.0
2011-04-08 00:00:00+09:00,784.5490112304688,810.5921319352146,765.0166707019093,784.5490112304688,75654,0.0,0.0
2011-04-11 00:00:00+09:00,784.5491863476961,804.0815312360206,776.4107093108944,795.9430541992188,78588,0.0,0.0
2011-04-12 00:00:00+09:00,800.8261892406512,807.3369712669979,761.7614970825706,778.0384521484375,87180,0.0,0.0
2011-04-13 00:00:00+09:00,778.0383692230354,784.5491505554457,750.3675485602914,771.527587890625,69728,0.0,0.0
2011-04-14 00:00:00+09:00,771.5275560123905,781.2937276074841,748.7398222905056,766.6444702148438,73374,0.0,0.0
2011-04-15 00:00:00+09:00,778.0382228120844,779.6659178388879,758.5058824904422,765.0166625976562,21782,0.0,0.0
2011-04-18 00:00:00+09:00,768.2720526512633,781.2936128656916,756.8781874636386,765.0166625976562,48548,0.0,0.0
2011-04-19 00:00:00+09:00,756.878317891916,765.0167944283883,750.3675366627383,763.3890991210938,51902,0.0,0.0
2011-04-20 00:00:00+09:00,768.272177816439,778.0383495683429,751.9952248965992,774.782958984375,57684,0.0,0.0
2011-04-21 00:00:00+09:00,781.2937598892406,791.0599318878561,758.5060252258044,771.527587890625,31244,0.0,0.0
2011-04-22 00:00:00+09:00,769.8999200636341,769.8999200636341,742.2290984122984,756.8783569335938,102142,0.0,0.0
2011-04-25 00:00:00+09:00,748.7399192694211,761.7614830828023,747.1122237927484,750.3676147460938,50962,0.0,0.0
2011-04-26 00:00:00+09:00,750.3674568918954,758.505932563174,732.4628104150822,735.7182006835938,42364,0.0,0.0
2011-04-27 00:00:00+09:00,735.7182836699903,748.739846212822,725.9521117628666,742.2290649414062,35772,0.0,0.0
2011-04-28 00:00:00+09:00,751.9951090494791,751.9951090494791,719.4412082248264,732.4627685546875,46908,0.0,0.0
2011-04-29 00:00:00+09:00,729.2075491573033,732.4629400017557,708.0475086683638,724.324462890625,32146,0.0,0.0
2011-05-02 00:00:00+09:00,729.2075491573033,740.6014171128862,709.6752040905899,724.324462890625,19140,0.0,0.0
2011-05-03 00:00:00+09:00,719.4413063494079,742.2290400346833,706.4197442435362,725.9520874023438,52834,0.0,0.0
2011-05-04 00:00:00+09:00,717.8135542067806,738.9735909521052,714.5581639382691,735.7182006835938,62210,0.0,0.0
2011-05-06 00:00:00+09:00,734.0906670434134,740.6014490127563,716.1860166277204,729.2075805664062,32398,0.0,0.0
2011-05-09 00:00:00+09:00,729.2075805664062,748.7399264744349,717.8137121200562,729.2075805664062,8818,0.0,0.0
2011-05-11 00:00:00+09:00,738.9736695116771,763.3890991210938,724.3244117460272,763.3890991210938,24372,0.0,0.0
2011-05-12 00:00:00+09:00,756.8782374289183,756.8782374289183,735.7182006835938,735.7182006835938,6992,0.0,0.0
2011-05-13 00:00:00+09:00,734.0905595501005,750.367512090014,727.579778534135,747.1121215820312,25280,0.0,0.0
2011-05-16 00:00:00+09:00,737.3459554295631,791.0598992025776,724.3243933027717,766.6444702148438,68662,0.0,0.0
2011-05-17 00:00:00+09:00,766.6444537774008,791.0598822416493,766.6444537774008,779.666015625,70290,0.0,0.0
2011-05-18 00:00:00+09:00,782.9213078924951,794.3151730801197,748.739712329621,765.0166625976562,64454,0.0,0.0
2011-05-19 00:00:00+09:00,768.272224672379,774.7830062373993,747.1121845860636,756.8783569335938,60216,0.0,0.0
2011-05-20 00:00:00+09:00,751.9952416053185,765.0168042305188,738.9736789801182,761.7614135742188,33988,0.0,0.0
2011-05-23 00:00:00+09:00,745.4844970703124,784.5491868731235,745.4844970703124,745.4844970703125,13412,0.0,0.0
2011-05-24 00:00:00+09:00,738.9736328125,763.3890612093888,738.9736328125,738.9736328125,31192,0.0,0.0
2011-05-25 00:00:00+09:00,734.0906292111592,774.7830144224208,725.9521521689069,745.4844970703125,39834,0.0,0.0
2011-05-26 00:00:00+09:00,760.1337158731568,760.1337158731568,745.484457965537,751.9952392578125,18150,0.0,0.0
2011-05-27 00:00:00+09:00,755.2506615423388,761.7614431073589,748.7398799773187,756.8783569335938,6612,0.0,0.0
2011-05-30 00:00:00+09:00,750.3675245087722,765.016782037143,745.4844386659819,755.2506103515625,31722,0.0,0.0
2011-05-31 00:00:00+09:00,748.7399317854542,779.6661463592012,748.7399317854542,768.2722778320312,40362,0.0,0.0
2011-06-01 00:00:00+09:00,768.2722791089174,786.176929681371,761.7614970825706,778.0384521484375,35214,0.0,0.0
2011-06-02 00:00:00+09:00,774.7828714919193,774.7828714919193,748.7397497610986,758.5059204101562,22006,0.0,0.0
2011-06-03 00:00:00+09:00,771.527473355517,804.0813751848638,758.5059126237784,791.059814453125,133748,0.0,0.0
2011-06-07 00:00:00+09:00,778.0382537213864,791.059814453125,768.2720831725824,791.059814453125,41454,0.0,0.0
2011-06-08 00:00:00+09:00,794.3153249104818,795.9430202484131,769.899894841512,781.2937622070312,39774,0.0,0.0
2011-06-09 00:00:00+09:00,789.4322265625,791.059921875,765.016796875,773.1552734375,53676,0.0,0.0
2011-06-10 00:00:00+09:00,766.6443576244598,771.5274427048704,756.8781874636386,765.0166625976562,47436,0.0,0.0
2011-06-13 00:00:00+09:00,765.0168868242685,778.0384508553199,755.25071380098,768.2722778320312,48898,0.0,0.0
2011-06-14 00:00:00+09:00,781.293734846444,781.293734846444,755.2506103515625,755.2506103515625,8394,0.0,0.0
2011-06-15 00:00:00+09:00,750.3674568918954,766.6444082344527,735.7182006835938,735.7182006835938,35490,0.0,0.0
2011-06-16 00:00:00+09:00,716.1859328597462,763.3890966164113,716.1859328597462,753.6229248046875,35700,0.0,0.0
2011-06-17 00:00:00+09:00,758.5060523248488,760.1337477161039,730.8352306735131,756.8783569335938,28138,0.0,0.0
2011-06-20 00:00:00+09:00,761.7613788679535,761.7613788679535,737.3459500580832,747.1121215820312,16250,0.0,0.0
2011-06-21 00:00:00+09:00,755.2506299039502,755.2506299039502,719.4413327964353,751.9952392578125,23978,0.0,0.0
2011-06-22 00:00:00+09:00,755.2506201066415,755.2506201066415,722.6967140675621,753.6229248046875,10182,0.0,0.0
2011-06-23 00:00:00+09:00,753.6229248046875,787.8045261457208,729.2074952753779,753.6229248046875,98272,0.0,0.0
2011-06-24 00:00:00+09:00,743.8567214302394,756.8782832933508,743.8567214302394,748.7398071289062,8632,0.0,0.0
2011-06-27 00:00:00+09:00,745.4844482949176,771.5275731261811,745.4844482949176,753.6229248046875,60292,0.0,0.0
2011-06-28 00:00:00+09:00,748.739829227842,765.016782037143,748.739829227842,755.2506103515625,25402,0.0,0.0
2011-06-29 00:00:00+09:00,747.1120546529222,765.0167008428615,745.4843595447459,758.5059204101562,11306,0.0,0.0
2011-06-30 00:00:00+09:00,755.2506201066415,792.6876120515827,725.95210467147,753.6229248046875,91218,0.0,0.0
2011-07-01 00:00:00+09:00,745.4843104890376,745.4843104890376,696.6534604570046,714.55810546875,223138,0.0,0.0
2011-07-04 00:00:00+09:00,719.4413766239467,725.9521583128511,699.9090315572331,724.324462890625,49294,0.0,0.0
2011-07-05 00:00:00+09:00,730.8352645977355,730.8352645977355,706.419832595584,721.069091796875,9144,0.0,0.0
2011-07-06 00:00:00+09:00,721.0690659435555,820.3584858590337,699.9090256336995,745.4844970703125,145804,0.0,0.0
2011-07-07 00:00:00+09:00,745.4844970703124,779.6661006477722,740.601410844961,745.4844970703125,97408,0.0,0.0
2011-07-08 00:00:00+09:00,745.48442632804,763.3890741219449,732.4628642961092,747.1121215820312,23190,0.0,0.0
2011-07-11 00:00:00+09:00,760.1337557463667,760.1337557463667,734.0906292111592,745.4844970703125,37752,0.0,0.0
2011-07-12 00:00:00+09:00,758.5060891064344,758.5060891064344,717.8137023517974,730.8352661132812,16160,0.0,0.0
2011-07-13 00:00:00+09:00,740.6013447714492,740.6013447714492,716.1859158229399,725.9520874023438,30864,0.0,0.0
2011-07-14 00:00:00+09:00,730.8352661132811,747.112220815136,719.4413978219828,730.8352661132812,32620,0.0,0.0
2011-07-15 00:00:00+09:00,756.8783936362489,756.8783936362489,719.4413978219828,730.8352661132812,36276,0.0,0.0
2011-07-18 00:00:00+09:00,743.8567479169554,743.8567479169554,721.0690138451012,734.090576171875,48540,0.0,0.0
2011-07-19 00:00:00+09:00,740.601337761279,740.601337761279,722.6966900351822,737.345947265625,23340,0.0,0.0
2011-07-20 00:00:00+09:00,732.4627620615857,768.2720526512633,732.4627620615857,765.0166625976562,181566,0.0,0.0
2011-07-21 00:00:00+09:00,765.016934995298,878.9556274414062,753.6230657506871,878.9556274414062,600196,0.0,0.0
2011-07-22 00:00:00+09:00,844.7738425838138,885.4662242111651,823.613804137591,838.2630615234375,569774,0.0,0.0
2011-07-25 00:00:00+09:00,846.4016723632812,856.1678455059345,818.730848459097,846.4016723632812,124284,0.0,0.0
2011-07-26 00:00:00+09:00,856.1677937590317,861.0508800352239,830.1246669526734,844.77392578125,77612,0.0,0.0
2011-07-27 00:00:00+09:00,846.4016723632812,848.0293678870568,830.1247171255259,846.4016723632812,164416,0.0,0.0
2011-07-28 00:00:00+09:00,830.1245783663345,861.0507881486097,830.1245783663345,849.6569213867188,131712,0.0,0.0
2011-07-29 00:00:00+09:00,852.912353515625,874.072392820402,838.2630955353949,852.912353515625,129868,0.0,0.0
2011-08-01 00:00:00+09:00,841.5185013116575,852.9123688342526,830.1246337890625,830.1246337890625,76574,0.0,0.0
2011-08-02 00:00:00+09:00,830.1246669526734,844.77392578125,802.4538447209176,844.77392578125,122884,0.0,0.0
2011-08-03 00:00:00+09:00,813.8476394292876,839.8907638910248,813.8476394292876,826.8692016601562,31728,0.0,0.0
2011-08-04 00:00:00+09:00,846.4014956825657,895.2323512027137,823.6137631064967,835.0076293945312,147700,0.0,0.0
2011-08-05 00:00:00+09:00,807.3369421361652,813.847723927586,782.9215104183377,792.6876831054688,112626,0.0,0.0
2011-08-08 00:00:00+09:00,779.6659055114607,823.6136705402904,673.8657304420558,714.55810546875,246870,0.0,0.0
2011-08-09 00:00:00+09:00,613.641092702883,722.6966715121488,608.7580070845578,709.6751098632812,199476,0.0,0.0
2011-08-10 00:00:00+09:00,722.6966715121488,735.7182331610163,699.9089386266306,709.6751098632812,43302,0.0,0.0
2011-08-11 00:00:00+09:00,706.4198017467152,760.1337498057973,652.7058536876332,716.1859741210938,32642,0.0,0.0
2011-08-12 00:00:00+09:00,716.1859955658783,758.5060771220438,654.3335686760979,722.69677734375,36984,0.0,0.0
2011-08-16 00:00:00+09:00,743.8567796894149,830.1246337890625,721.069044644225,830.1246337890625,554672,0.0,0.0
2011-08-17 00:00:00+09:00,953.8293964650371,953.8293964650371,820.3583887685644,821.986083984375,3015420,0.0,0.0
2011-08-18 00:00:00+09:00,835.0076261441383,846.4014923878204,791.0598563470784,825.241455078125,289788,0.0,0.0
2011-08-19 00:00:00+09:00,773.1553069816148,804.0815192608793,709.6751870399664,787.8045654296875,379890,0.0,0.0
2011-08-22 00:00:00+09:00,743.8566990902549,830.1245438425165,732.4628328022204,804.0814208984375,170804,0.0,0.0
2011-08-23 00:00:00+09:00,786.1768817550566,818.7307899022638,786.1768817550566,795.9430541992188,139280,0.0,0.0
2011-08-24 00:00:00+09:00,797.5706876557448,813.8476404650457,750.3675245087722,755.2506103515625,144880,0.0,0.0
2011-08-25 00:00:00+09:00,778.0382519217579,778.0382519217579,743.856655080007,760.1336059570312,93676,0.0,0.0
2011-08-26 00:00:00+09:00,776.4107016286542,776.4107016286542,743.8567938035535,756.8783569335938,49370,0.0,0.0
2011-08-29 00:00:00+09:00,761.7614158920096,789.4322365547534,756.8783298927018,771.527587890625,83258,0.0,0.0
2011-08-30 00:00:00+09:00,786.1768076778238,791.0598934397979,747.1121215820314,747.1121215820312,102526,0.0,0.0
2011-08-31 00:00:00+09:00,756.8783252270191,756.8783252270191,742.2290673193993,751.9952392578125,58008,0.0,0.0
2011-09-01 00:00:00+09:00,751.995253452035,771.5275976975423,747.1121673906581,769.89990234375,87166,0.0,0.0
2011-09-02 00:00:00+09:00,774.7830331790618,854.5401101239653,773.1553377312067,792.6876831054688,196312,0.0,0.0
2011-09-05 00:00:00+09:00,792.6875972467899,792.6875972467899,751.9952154579403,776.41064453125,60582,0.0,0.0
2011-09-06 00:00:00+09:00,765.0168042305188,778.0383668557191,732.4628976675181,761.7614135742188,159642,0.0,0.0
2011-09-07 00:00:00+09:00,761.7613870872642,789.4322067036819,756.8783012726022,776.41064453125,77376,0.0,0.0
2011-09-08 00:00:00+09:00,787.80453125,797.5707031249999,758.5060156249999,773.1552734375,88886,0.0,0.0
2011-09-09 00:00:00+09:00,773.1552684281351,773.1552684281351,735.7182764831938,753.6229248046875,65394,0.0,0.0
2011-09-14 00:00:00+09:00,748.7398878872134,758.5060603379161,729.2075429858078,745.4844970703125,48052,0.0,0.0
2011-09-15 00:00:00+09:00,751.9952243711891,761.7613961162695,719.4413185542545,734.090576171875,78392,0.0,0.0
2011-09-16 00:00:00+09:00,732.4629338027087,748.7398878872134,721.0690659435555,745.4844970703125,39428,0.0,0.0
2011-09-19 00:00:00+09:00,745.4844654125171,758.5060281271462,722.6967306619161,740.6013793945312,62830,0.0,0.0
2011-09-20 00:00:00+09:00,730.8351566802038,755.2505850770925,722.6966805479075,738.9736328125,25246,0.0,0.0
2011-09-21 00:00:00+09:00,755.2505422946625,755.2505422946625,722.6966396095478,735.7182006835938,24584,0.0,0.0
2011-09-22 00:00:00+09:00,730.8352661132811,735.7183525238377,695.0259657692006,730.8352661132812,74170,0.0,0.0
2011-09-23 00:00:00+09:00,709.6751638896158,709.6751638896158,664.0996946489983,680.3766479492188,104980,0.0,0.0
2011-09-26 00:00:00+09:00,654.3335649714124,677.1213010649442,579.459574949808,582.7149658203125,215674,0.0,0.0
2011-09-27 00:00:00+09:00,579.4595220038232,618.5242088804854,579.4595220038232,612.013427734375,53444,0.0,0.0
2011-09-28 00:00:00+09:00,613.6411644668175,631.5458138279183,608.7580782774264,615.2688598632812,50934,0.0,0.0
2011-09-29 00:00:00+09:00,615.268808541943,628.2903706274868,595.7364654136273,613.64111328125,28478,0.0,0.0
2011-09-30 00:00:00+09:00,633.173509224382,633.173509224382,597.3642105021804,615.2688598632812,71074,0.0,0.0
2011-10-04 00:00:00+09:00,615.2688493399784,615.2688493399784,559.9272068067528,566.43798828125,54752,0.0,0.0
2011-10-05 00:00:00+09:00,577.8317324510261,584.3425125349814,545.27783203125,545.27783203125,70824,0.0,0.0
2011-10-06 00:00:00+09:00,564.810300765499,576.2041685042843,553.4164330267138,555.0441284179688,31900,0.0,0.0
2011-10-07 00:00:00+09:00,568.0656222725435,616.8964780552835,568.0656222725435,597.3641357421875,49436,0.0,0.0
2011-10-10 00:00:00+09:00,634.801142543413,686.8873901367188,620.1518854077958,686.8873901367188,209358,0.0,0.0
2011-10-11 00:00:00+09:00,699.9089843749999,725.952109375,644.56734375,651.078125,149004,0.0,0.0
2011-10-12 00:00:00+09:00,665.7274006434849,665.7274006434849,628.2904074532645,638.0565795898438,43892,0.0,0.0
2011-10-13 00:00:00+09:00,634.8011694583796,651.0781225214149,633.173474152076,641.3119506835938,63314,0.0,0.0
2011-10-14 00:00:00+09:00,629.9181354170726,660.8443487838023,613.6411810135306,652.7058715820312,71518,0.0,0.0
2011-10-17 00:00:00+09:00,690.1428667101777,690.1428667101777,644.5673943802603,652.7058715820312,35938,0.0,0.0
2011-10-18 00:00:00+09:00,644.5673315120649,644.5673315120649,625.0349881329114,642.9396362304688,20702,0.0,0.0
2011-10-19 00:00:00+09:00,664.0995683742843,664.0995683742843,625.0348878816793,639.6841430664062,83606,0.0,0.0
2011-10-20 00:00:00+09:00,642.9396381783993,642.9396381783993,610.3857324478474,612.013427734375,46258,0.0,0.0
2011-10-21 00:00:00+09:00,618.5242506562087,638.0565954137732,613.6411644668175,615.2688598632812,32758,0.0,0.0
2011-10-24 00:00:00+09:00,641.3118733348933,706.4196777343749,625.034922235023,706.419677734375,230654,0.0,0.0
2011-10-25 00:00:00+09:00,704.7919826243879,719.4412386142712,667.354995094686,706.419677734375,62208,0.0,0.0
2011-10-26 00:00:00+09:00,704.7921063509855,732.4629280783913,685.2597616022283,716.1859741210938,35472,0.0,0.0
2011-10-27 00:00:00+09:00,730.8351978558676,732.462893174032,673.8658617201095,701.5366821289062,70634,0.0,0.0
2011-10-28 00:00:00+09:00,712.9304104676822,729.2073604783599,703.1642404612757,714.55810546875,128262,0.0,0.0
2011-10-31 00:00:00+09:00,719.4412929369056,774.782930855129,719.4412929369056,748.7398071289062,123082,0.0,0.0
2011-11-01 00:00:00+09:00,745.484413718337,745.484413718337,709.6751187362336,738.9736328125,19228,0.0,0.0
2011-11-02 00:00:00+09:00,706.4198017467152,748.7398820356889,699.9090201637962,716.1859741210938,59702,0.0,0.0
2011-11-03 00:00:00+09:00,755.2505422946625,765.016713100197,703.1642979984789,735.7182006835938,59954,0.0,0.0
2011-11-04 00:00:00+09:00,735.7182860271239,758.5060205500879,719.4413327964353,751.9952392578125,53424,0.0,0.0
2011-11-07 00:00:00+09:00,755.2506299039502,755.2506299039502,722.696723442573,751.9952392578125,43852,0.0,0.0
2011-11-08 00:00:00+09:00,742.2291226773649,774.7830315667229,711.3029092324747,722.69677734375,53936,0.0,0.0
2011-11-09 00:00:00+09:00,747.1122090107685,747.1122090107685,716.1859955658783,722.69677734375,18024,0.0,0.0
2011-11-10 00:00:00+09:00,712.930551768986,716.185942416333,667.3550827061284,711.3028564453125,42410,0.0,0.0
2011-11-11 00:00:00+09:00,735.7182762111158,747.11214332058,696.6535889786672,712.9305419921875,59094,0.0,0.0
2011-11-14 00:00:00+09:00,716.1859621946838,738.9736973554238,696.6536177711924,708.0474853515625,55928,0.0,0.0
2011-11-15 00:00:00+09:00,709.6751587197289,709.6751587197289,693.3982055380836,701.5366821289062,16000,0.0,0.0
2011-11-16 00:00:00+09:00,699.9089718773251,708.0474482945033,680.3766284760974,683.6320190429688,47568,0.0,0.0
2011-11-17 00:00:00+09:00,699.9089718773251,699.9089718773251,670.6104567754836,683.6320190429688,29238,0.0,0.0
2011-11-18 00:00:00+09:00,672.238168957164,695.0259034980847,667.3550829841095,670.6104736328125,17728,0.0,0.0
2011-11-21 00:00:00+09:00,683.6320495605469,683.6320495605469,633.1734935215541,638.0565795898438,88984,0.0,0.0
2011-11-22 00:00:00+09:00,621.7795484048692,675.4934884503159,612.0133774875152,672.2380981445312,60672,0.0,0.0
2011-11-23 00:00:00+09:00,659.2166433761369,682.0043791965466,636.4289075557272,654.3335571289062,22618,0.0,0.0
2011-11-24 00:00:00+09:00,654.3334933194246,665.7273601185192,641.3119312633168,644.5673217773438,10636,0.0,0.0
2011-11-25 00:00:00+09:00,636.4288647646831,665.7273802781468,636.4288647646831,641.3119506835938,11182,0.0,0.0
2011-11-28 00:00:00+09:00,641.3120230385534,682.0044102871926,641.3120230385534,649.4505004882812,18512,0.0,0.0
2011-11-29 00:00:00+09:00,673.8658919795868,673.8658919795868,647.822765719506,655.9612426757812,27150,0.0,0.0
2011-11-30 00:00:00+09:00,654.3335452908533,673.8658899264012,638.0565914278968,646.195068359375,28956,0.0,0.0
2011-12-01 00:00:00+09:00,664.0996648615056,677.1212269176136,642.9396265203302,644.5673217773438,63356,0.0,0.0
2011-12-02 00:00:00+09:00,636.4289075557272,667.3551204548546,634.8012121399836,654.3335571289062,8698,0.0,0.0
2011-12-05 00:00:00+09:00,651.0781028053976,668.9827506325461,641.3119312633168,644.5673217773438,43150,0.0,0.0
2011-12-06 00:00:00+09:00,657.5888078694453,657.5888078694453,636.4287719726562,636.4287719726562,15000,0.0,0.0
2011-12-07 00:00:00+09:00,659.216502938429,659.216502938429,634.8010769036724,636.4287719726562,39304,0.0,0.0
2011-12-08 00:00:00+09:00,641.3120082227028,682.00439453125,641.3120082227028,682.00439453125,48358,0.0,0.0
2011-12-09 00:00:00+09:00,673.8658593749999,693.3982031249999,670.61046875,691.7705078125,46046,0.0,0.0
2011-12-12 00:00:00+09:00,706.4197732295717,706.4197732295717,675.4935619591527,680.3766479492188,27210,0.0,0.0
2011-12-13 00:00:00+09:00,675.493476385255,709.6750739854727,660.844220270876,695.0258178710938,32352,0.0,0.0
2011-12-14 00:00:00+09:00,725.9520650319923,725.9520650319923,682.0042942789345,719.4412841796875,36818,0.0,0.0
2011-12-15 00:00:00+09:00,724.3244165832094,725.952111901374,696.6535961744127,701.5366821289062,34986,0.0,0.0
2011-12-16 00:00:00+09:00,701.5366845032715,724.3244190347003,691.7705125612307,711.3028564453125,47920,0.0,0.0
2011-12-19 00:00:00+09:00,701.5366698072551,716.185927413439,670.6104593053111,693.398193359375,56234,0.0,0.0
2011-12-20 00:00:00+09:00,691.7705078125,693.3982031249999,677.1212499999999,691.7705078125,18182,0.0,0.0
2011-12-21 00:00:00+09:00,693.3981983759631,712.9305419921875,693.3981983759631,712.9305419921875,40216,0.0,0.0
2011-12-22 00:00:00+09:00,703.1643290388474,722.6966715121488,703.1643290388474,709.6751098632812,58078,0.0,0.0
2011-12-23 00:00:00+09:00,703.1644109552557,748.7398820356889,703.1644109552557,716.1859741210938,101254,0.0,0.0
2011-12-26 00:00:00+09:00,712.9305252964721,732.4628684552795,703.1643537170684,725.9520874023438,53080,0.0,0.0
2011-12-27 00:00:00+09:00,722.6966805479075,738.9736328125,709.6751187362336,738.9736328125,85730,0.0,0.0
2011-12-28 00:00:00+09:00,759.2195459314294,774.403936850058,747.4094641058294,749.0966186523438,13640,40.0,0.0
2011-12-29 00:00:00+09:00,742.3478786892362,765.9680384657119,732.2249530707466,759.2194213867188,11402,0.0,0.0
2012-01-02 00:00:00+09:00,752.4710715403675,772.7169299674625,745.7224520646691,747.4096069335938,23244,0.0,0.0
2012-01-03 00:00:00+09:00,792.962654586387,792.962654586387,738.9737078911436,762.5938720703125,39022,0.0,0.0
2012-01-04 00:00:00+09:00,765.9682356735756,791.2755562354778,752.470998040561,782.8397827148438,141872,0.0,0.0
2012-01-05 00:00:00+09:00,781.15260876412,809.8342380275974,765.9682168011026,779.4654541015625,78846,0.0,0.0
2012-01-06 00:00:00+09:00,777.7782178841709,798.0240717119584,765.9681364846281,781.1525268554688,33942,0.0,0.0
2012-01-09 00:00:00+09:00,803.0855111571749,803.0855111571749,776.0910401939085,798.0240478515625,59712,0.0,0.0
2012-01-10 00:00:00+09:00,792.9625854492188,816.5827475689827,762.5938055809507,792.9625854492188,32774,0.0,0.0
2012-01-11 00:00:00+09:00,792.9627284718983,808.1471211447645,777.7783357990322,791.2755737304688,38398,0.0,0.0
2012-01-12 00:00:00+09:00,777.7782189410666,791.2754548445993,767.6552920134171,776.091064453125,13732,0.0,0.0
2012-01-13 00:00:00+09:00,772.7168354513325,792.9626914020224,767.65537146366,779.4654541015625,34308,0.0,0.0
2012-01-16 00:00:00+09:00,767.6552725046482,787.9011258454302,765.968118059583,772.7167358398438,11454,0.0,0.0
2012-01-17 00:00:00+09:00,771.0296009893003,787.9011458687161,765.9681375254756,776.091064453125,32180,0.0,0.0
2012-01-18 00:00:00+09:00,796.336918308424,796.336918308424,767.6552920134171,776.091064453125,6398,0.0,0.0
2012-01-19 00:00:00+09:00,774.4039723335784,792.9626731956031,762.5938899668354,771.0296630859375,19308,0.0,0.0
2012-01-20 00:00:00+09:00,767.6552920134171,826.7056990913724,762.5938285495924,776.091064453125,12496,0.0,0.0
2012-01-25 00:00:00+09:00,772.7167554772419,776.091064453125,752.470901621943,776.091064453125,22636,0.0,0.0
2012-01-26 00:00:00+09:00,769.3425450818291,791.2755562354778,762.5939262653219,782.8397827148438,24512,0.0,0.0
2012-01-27 00:00:00+09:00,776.0910447299741,789.5882802904954,759.2195002793225,772.7167358398438,11016,0.0,0.0
2012-01-30 00:00:00+09:00,765.9681798913977,776.0911073789491,750.7837886600703,767.6553344726562,57398,0.0,0.0
2012-01-31 00:00:00+09:00,760.9066992296734,772.716781035899,744.0351537922085,754.1580810546875,67336,0.0,0.0
2012-02-01 00:00:00+09:00,745.7222733287413,760.9066635096432,725.4764197542053,727.16357421875,136150,0.0,0.0
2012-02-02 00:00:00+09:00,732.2250744047619,804.7727200255102,732.2250744047619,744.03515625,20418,0.0,0.0
2012-02-03 00:00:00+09:00,732.2251110076904,759.2195851462228,732.2251110076904,755.8452758789062,13358,0.0,0.0
2012-02-06 00:00:00+09:00,745.7223047624555,779.4653954756886,745.7223047624555,769.3424682617188,18846,0.0,0.0
2012-02-07 00:00:00+09:00,759.2195410477487,772.716777333042,754.1580774407637,769.3424682617188,28234,0.0,0.0
2012-02-08 00:00:00+09:00,760.9067353430149,792.9626731956031,749.0966529762719,771.0296630859375,26480,0.0,0.0
2012-02-09 00:00:00+09:00,771.0295813947786,776.0910447299741,760.9066547243876,772.7167358398438,44510,0.0,0.0
2012-02-10 00:00:00+09:00,798.0240717119584,798.0240717119584,765.9681364846281,781.1525268554688,90582,0.0,0.0
2012-02-13 00:00:00+09:00,781.1525268554688,789.5882992837136,772.716754427224,781.1525268554688,26474,0.0,0.0
2012-02-14 00:00:00+09:00,779.4654525264616,796.3369991179435,776.0911432081652,784.5269165039062,15796,0.0,0.0
2012-02-15 00:00:00+09:00,791.2754548445993,792.9626093325408,776.091064453125,776.091064453125,21336,0.0,0.0
2012-02-16 00:00:00+09:00,796.3369722885068,818.2699821184868,777.7782716631391,806.4598999023438,151216,0.0,0.0
2012-02-17 00:00:00+09:00,811.5212788816358,825.0185142892306,803.085506751889,823.3313598632812,106718,0.0,0.0
2012-02-20 00:00:00+09:00,823.3314993898961,833.4544276610833,814.8957258305734,831.7672729492188,56966,0.0,0.0
2012-02-21 00:00:00+09:00,835.141527694864,954.9295043945312,826.7057546878451,954.9295043945312,1047142,0.0,0.0
2012-02-22 00:00:00+09:00,978.5497330174301,978.5497330174301,877.320450291489,890.8176879882812,754592,0.0,0.0
2012-02-23 00:00:00+09:00,894.1918082859205,936.3706671673319,880.6945734438689,931.3092041015625,299494,0.0,0.0
2012-02-24 00:00:00+09:00,931.3094029017857,1035.9129952566964,924.5607840401785,1003.8570556640625,736980,0.0,0.0
2012-02-27 00:00:00+09:00,986.9853360887985,1013.9798068194323,941.432166730854,958.3037109375,193512,0.0,0.0
2012-02-28 00:00:00+09:00,949.8681029117467,978.5497330174301,880.694759715687,890.8176879882812,332724,0.0,0.0
2012-02-29 00:00:00+09:00,887.4432958158335,904.3148413636629,872.2589048227869,897.5662231445312,200950,0.0,0.0
2012-03-02 00:00:00+09:00,890.8175854952831,917.812057783019,890.8175854952831,894.19189453125,94848,0.0,0.0
2012-03-05 00:00:00+09:00,906.0020734998914,924.5607751916955,894.191990605107,911.0635375976562,28936,0.0,0.0
2012-03-06 00:00:00+09:00,922.8734575167829,922.8734575167829,880.6945974840232,899.2532958984375,50020,0.0,0.0
2012-03-07 00:00:00+09:00,899.2533828735352,899.2533828735352,860.4488278902494,877.3203735351562,60032,0.0,0.0
2012-03-08 00:00:00+09:00,887.4432741990729,909.3762828769968,875.6331926032678,904.3148193359375,93430,0.0,0.0
2012-03-09 00:00:00+09:00,917.8120082059352,956.6165600234656,890.8175373763489,938.057861328125,85698,0.0,0.0
2012-03-12 00:00:00+09:00,941.4323103797626,998.7955694351604,909.3763714958639,946.4937744140625,283392,0.0,0.0
2012-03-13 00:00:00+09:00,948.1807878892198,948.1807878892198,922.8734714864827,938.057861328125,71446,0.0,0.0
2012-03-14 00:00:00+09:00,961.6780581266984,995.42114788553,931.3092773437501,970.1138305664062,192770,0.0,0.0
2012-03-15 00:00:00+09:00,992.0468389096468,992.0468389096468,951.555131199049,970.1138305664062,28474,0.0,0.0
2012-03-16 00:00:00+09:00,970.1138986860003,976.8625171116421,919.4992604936873,944.8065795898438,45832,0.0,0.0
2012-03-19 00:00:00+09:00,944.8063360091744,965.0521860665139,914.4375609231652,919.4990234375,34552,0.0,0.0
2012-03-20 00:00:00+09:00,919.4992134919428,927.9349860927863,877.3203504877252,889.1304321289062,95126,0.0,0.0
2012-03-21 00:00:00+09:00,887.443346261978,887.443346261978,863.8231811523438,863.8231811523438,52998,0.0,0.0
2012-03-22 00:00:00+09:00,868.8846712758342,868.8846712758342,826.7058037381723,846.95166015625,80030,0.0,0.0
2012-03-23 00:00:00+09:00,843.5773284067749,860.4488749749104,841.8901737499614,853.7002563476562,30982,0.0,0.0
2012-03-26 00:00:00+09:00,857.0744397962414,884.068910341005,855.3872853871937,873.9459838867188,64074,0.0,0.0
2012-03-27 00:00:00+09:00,889.1304946782935,889.1304946782935,865.5103297342781,884.0690307617188,40446,0.0,0.0
2012-03-28 00:00:00+09:00,877.3202713421935,880.694580078125,865.5101907664332,880.694580078125,26182,0.0,0.0
2012-03-29 00:00:00+09:00,880.6946595280626,890.8175866490749,870.5717324070505,889.1304321289062,55744,0.0,0.0
2012-03-30 00:00:00+09:00,889.1305092499636,904.3149012485397,887.4433545834551,902.6277465820312,24754,0.0,0.0
2012-04-02 00:00:00+09:00,902.6275813623225,924.5605880122481,895.8789639315762,921.186279296875,34900,0.0,0.0
2012-04-03 00:00:00+09:00,916.1250439044711,927.935127343387,907.6892700195312,907.6892700195312,38614,0.0,0.0
2012-04-04 00:00:00+09:00,906.0019605769667,919.4991964887279,860.4487893747729,870.5717163085938,65602,0.0,0.0
2012-04-05 00:00:00+09:00,860.4488718509674,884.0690369606017,843.5773253440857,863.8231811523438,43278,0.0,0.0
2012-04-06 00:00:00+09:00,867.1974639601934,885.7561645507811,853.7002271670386,885.7561645507812,40506,0.0,0.0
2012-04-09 00:00:00+09:00,877.3203153666218,884.0689331771342,833.4542995982906,862.1359252929688,80902,0.0,0.0
2012-04-10 00:00:00+09:00,872.2588590660873,873.946013532366,823.331379544005,826.7056884765625,62056,0.0,0.0
2012-04-12 00:00:00+09:00,840.2029041227747,840.2029041227747,801.3983523259398,823.3313598632812,51324,0.0,0.0
2012-04-13 00:00:00+09:00,823.3314324326402,867.1974513737235,813.2085049846979,857.0745239257812,63270,0.0,0.0
2012-04-16 00:00:00+09:00,857.0744803968325,880.6946432424146,857.0744803968325,870.5717163085938,75452,0.0,0.0
2012-04-17 00:00:00+09:00,870.571831443093,890.8176879882811,863.8232125946969,890.8176879882812,24074,0.0,0.0
2012-04-18 00:00:00+09:00,892.5047193624206,909.3762641518804,879.0074835308528,895.8790283203125,30020,0.0,0.0
2012-04-19 00:00:00+09:00,880.6945583869921,900.9404103039344,879.0074040605801,892.504638671875,7206,0.0,0.0
2012-04-20 00:00:00+09:00,884.0690691398851,909.3763898213704,870.571831443093,890.8176879882812,22192,0.0,0.0
2012-04-23 00:00:00+09:00,890.8175500060798,899.2533222599253,843.5772253845453,867.1973876953125,68744,0.0,0.0
2012-04-24 00:00:00+09:00,850.3259069461634,857.0745252552599,826.7057428643255,852.0130615234375,65404,0.0,0.0
2012-04-25 00:00:00+09:00,852.0131242607695,860.4488977683018,838.5158866487177,846.95166015625,16672,0.0,0.0
2012-04-26 00:00:00+09:00,875.6331841605049,877.320338657924,840.2029397147041,850.3258666992188,68300,0.0,0.0
2012-04-27 00:00:00+09:00,850.325905627153,860.4488330750953,845.2644419031818,857.0745239257812,46180,0.0,0.0
2012-04-30 00:00:00+09:00,860.448857268724,922.873578286259,857.074548024533,914.4378051757812,173026,0.0,0.0
2012-05-02 00:00:00+09:00,934.683703387225,944.8066315827546,899.2534547028717,911.0635375976562,124350,0.0,0.0
2012-05-03 00:00:00+09:00,912.7504067517202,941.4320276662845,897.5660192087156,919.4990234375,52566,0.0,0.0
2012-05-04 00:00:00+09:00,909.3763328552246,954.9295072283064,897.5662506103516,944.8065795898438,87410,0.0,0.0
2012-05-07 00:00:00+09:00,941.4321263363487,976.8623676500823,924.5605828536185,961.677978515625,94844,0.0,0.0
2012-05-08 00:00:00+09:00,953.242266323762,975.1752742214769,936.3707217870583,966.739501953125,89196,0.0,0.0
2012-05-09 00:00:00+09:00,965.0522872121711,965.0522872121711,931.3092002467106,961.677978515625,41974,0.0,0.0
2012-05-10 00:00:00+09:00,958.3038135973388,973.4882050099727,943.119422184705,954.9295043945312,38134,0.0,0.0
2012-05-11 00:00:00+09:00,959.9909710475378,959.9909710475378,917.8121058872769,944.8065795898438,97876,0.0,0.0
2012-05-14 00:00:00+09:00,951.5552666657162,961.6781950345005,924.560791015625,924.560791015625,90694,0.0,0.0
2012-05-15 00:00:00+09:00,924.5605281301205,1062.907176499956,845.264278454727,900.9403686523438,3419854,0.0,0.0
2012-05-16 00:00:00+09:00,899.253432081622,907.6892053656898,816.5828538977581,853.7002563476562,875478,0.0,0.0
2012-05-17 00:00:00+09:00,853.700130978146,873.9459838867186,828.3928148424303,873.9459838867188,132812,0.0,0.0
2012-05-18 00:00:00+09:00,860.4488159179688,860.4488159179688,808.1470251464843,843.5772705078125,147290,0.0,0.0
2012-05-21 00:00:00+09:00,843.5773253440857,877.320418357849,836.828706741333,863.8231811523438,52840,0.0,0.0
2012-05-22 00:00:00+09:00,870.5718142215883,892.5048250450004,863.8231955066922,882.3818969726562,94834,0.0,0.0
2012-05-23 00:00:00+09:00,879.0074678933828,890.8175490359042,863.823077852998,872.2588500976562,63420,0.0,0.0
2012-05-24 00:00:00+09:00,875.6333368685763,887.4434204101562,858.7617889520334,887.4434204101562,94688,0.0,0.0
2012-05-25 00:00:00+09:00,894.1918095738896,927.9348967276212,885.7560377854567,921.186279296875,206974,0.0,0.0
2012-05-29 00:00:00+09:00,921.1863170596336,946.4936334623707,911.0633904985386,938.057861328125,170994,0.0,0.0
2012-05-30 00:00:00+09:00,938.0580288406707,944.8066477531934,904.3149342780565,924.560791015625,65716,0.0,0.0
2012-05-31 00:00:00+09:00,906.0019885253906,941.4322338867187,887.4432885742187,927.9349975585938,74762,0.0,0.0
2012-06-01 00:00:00+09:00,927.9349975585938,939.7450793457031,914.4377612304687,927.9349975585938,74668,0.0,0.0
2012-06-04 00:00:00+09:00,897.5662047297496,924.5606770524489,879.007505007894,889.1304321289062,125878,0.0,0.0
2012-06-05 00:00:00+09:00,906.0020734998914,911.0635375976561,882.3819077103226,911.0635375976562,53374,0.0,0.0
2012-06-07 00:00:00+09:00,926.2477410357932,954.9293650751529,911.0633518384851,931.3092041015625,201988,0.0,0.0
2012-06-08 00:00:00+09:00,931.3090820312499,931.3090820312499,899.2531534830729,926.2476196289062,111174,0.0,0.0
2012-06-11 00:00:00+09:00,941.432338296932,941.432338296932,897.5663153655338,924.560791015625,138746,0.0,0.0
2012-06-12 00:00:00+09:00,922.8734098451328,954.9293418141593,912.750483960177,953.2421875,246804,0.0,0.0
2012-06-13 00:00:00+09:00,959.9909681987426,961.6781228001464,936.3708037790899,954.9295043945312,90100,0.0,0.0
2012-06-14 00:00:00+09:00,954.929546166819,968.4267835684701,941.4323087651678,951.5552368164062,106270,0.0,0.0
2012-06-15 00:00:00+09:00,951.5551980154855,956.6166618347169,929.6221881321499,944.8065795898438,69406,0.0,0.0
2012-06-18 00:00:00+09:00,954.9293793674983,988.6724669776572,948.1807618454665,975.1752319335938,64034,0.0,0.0
2012-06-19 00:00:00+09:00,978.549808940821,978.549808940821,963.3654153538082,968.4268798828125,73478,0.0,0.0
2012-06-20 00:00:00+09:00,965.0525701968097,985.2984283128267,944.8067120807926,968.4268798828125,166254,0.0,0.0
2012-06-21 00:00:00+09:00,976.8623676500823,978.5495219983553,954.9293611225329,961.677978515625,61640,0.0,0.0
2012-06-22 00:00:00+09:00,944.8065795898438,956.6166618347169,931.3093427385603,944.8065795898438,96590,0.0,0.0
2012-06-25 00:00:00+09:00,944.8065740411931,975.1753567782315,926.2478734796697,965.0524291992188,85582,0.0,0.0
2012-06-26 00:00:00+09:00,954.9293396948116,975.1751914197899,954.9293396948116,973.488037109375,54418,0.0,0.0
2012-06-27 00:00:00+09:00,975.1752551441461,975.1752551441461,943.1193211515185,958.3037109375,78366,0.0,0.0
2012-06-28 00:00:00+09:00,954.9295043945312,968.4267412057615,939.7451129818974,954.9295043945312,59310,0.0,0.0
2012-06-29 00:00:00+09:00,949.8679388341769,965.0523286201585,948.1807844135124,958.3037109375,48680,0.0,0.0
2012-07-02 00:00:00+09:00,958.3037491508153,976.8624485181726,958.3037491508153,970.1138305664062,53346,0.0,0.0
2012-07-03 00:00:00+09:00,970.1138195238615,1051.0972340232447,944.8065024928042,1025.7899169921875,347456,0.0,0.0
2012-07-04 00:00:00+09:00,1025.7897337868249,1044.3484296283627,1010.605346280112,1030.8511962890625,100924,0.0,0.0
2012-07-05 00:00:00+09:00,1030.8514378577036,1052.784447173825,1020.7285104810321,1040.974365234375,62902,0.0,0.0
2012-07-06 00:00:00+09:00,1052.784365472561,1052.784365472561,1022.415585699314,1037.5999755859375,74270,0.0,0.0
2012-07-09 00:00:00+09:00,1029.1643320719402,1062.9074249267578,1003.8570124308268,1012.2927856445312,100940,0.0,0.0
2012-07-10 00:00:00+09:00,1010.6054861600281,1029.1641845703125,981.9238613441341,1029.1641845703125,55832,0.0,0.0
2012-07-11 00:00:00+09:00,1022.4155238224909,1096.6503143310547,1012.2925978440504,1052.7843017578125,206490,0.0,0.0
2012-07-12 00:00:00+09:00,1052.7845010878166,1073.0303568779668,1034.2257999468454,1066.28173828125,122084,0.0,0.0
2012-07-13 00:00:00+09:00,1061.2202479636023,1088.2147216796875,1025.7900012112405,1088.2147216796875,60718,0.0,0.0
2012-07-16 00:00:00+09:00,1088.2148091473916,1100.0248923474408,1057.8460237758366,1071.34326171875,47522,0.0,0.0
2012-07-17 00:00:00+09:00,1079.7788938492063,1079.7788938492063,1035.9128762865823,1062.9073486328125,74274,0.0,0.0
2012-07-18 00:00:00+09:00,1062.9074485830013,1067.9689126238727,1005.544189453125,1005.544189453125,124262,0.0,0.0
2012-07-19 00:00:00+09:00,1008.9184542018057,1019.0413818359375,990.3597535392307,1019.0413818359375,116316,0.0,0.0
2012-07-20 00:00:00+09:00,1019.0412971422029,1037.5999962623423,1012.2926792803339,1035.912841796875,64672,0.0,0.0
2012-07-23 00:00:00+09:00,1034.22558796862,1039.2870508787437,1012.2925820247503,1013.979736328125,54400,0.0,0.0
2012-07-24 00:00:00+09:00,1008.9184192328283,1019.0413465161008,988.6725646662833,997.1083374023438,42680,0.0,0.0
2012-07-25 00:00:00+09:00,985.298223136808,985.298223136808,944.8065153366651,959.9909057617188,85124,0.0,0.0
2012-07-26 00:00:00+09:00,959.9910101924382,965.0524742180573,932.9965353891358,951.5552368164062,35652,0.0,0.0
2012-07-27 00:00:00+09:00,951.5552243602519,992.0469360351562,951.5552243602519,992.0469360351562,84348,0.0,0.0
2012-07-30 00:00:00+09:00,992.0469109270484,1019.0413846937709,992.0469109270484,1008.91845703125,114138,0.0,0.0
2012-07-31 00:00:00+09:00,1012.2926812422902,1027.4770714609247,1003.8569088986045,1025.7899169921875,73998,0.0,0.0
2012-08-01 00:00:00+09:00,1032.5385149965193,1032.5385149965193,1005.5440440162181,1022.4155883789062,7906,0.0,0.0
2012-08-02 00:00:00+09:00,1032.5386677370234,1032.5386677370234,988.6726459050583,995.4212646484375,48730,0.0,0.0
2012-08-03 00:00:00+09:00,992.0469166622227,997.1083805227441,971.8010612201365,988.672607421875,72894,0.0,0.0
2012-08-06 00:00:00+09:00,1005.5441101384041,1005.5441101384041,986.9854101190712,997.1083374023438,24646,0.0,0.0
2012-08-07 00:00:00+09:00,997.10835685537,1002.1698205957525,986.9854293746048,1000.482666015625,51260,0.0,0.0
2012-08-08 00:00:00+09:00,1027.4772002969012,1027.4772002969012,983.6111786093488,1005.544189453125,43282,0.0,0.0
2012-08-09 00:00:00+09:00,990.3598214167287,1000.4827497446679,980.2368930887893,993.734130859375,59466,0.0,0.0
2012-08-10 00:00:00+09:00,993.7338877656653,1007.2311222344689,981.9238076054621,983.6109619140625,61124,0.0,0.0
2012-08-13 00:00:00+09:00,983.6111786093488,1005.544189453125,981.9240239290583,1005.544189453125,40520,0.0,0.0
2012-08-14 00:00:00+09:00,1005.544220569087,1032.5386962890625,980.23689958161,1032.5386962890625,198626,0.0,0.0
2012-08-16 00:00:00+09:00,1029.1641411414512,1061.220073406513,1000.4825175358698,1052.7843017578125,127628,0.0,0.0
2012-08-17 00:00:00+09:00,1052.7847103597267,1069.6562602052352,1035.9131605142184,1049.410400390625,59340,0.0,0.0
2012-08-20 00:00:00+09:00,1049.4100566088669,1049.4100566088669,1025.7898945630081,1037.5999755859375,104144,0.0,0.0
2012-08-21 00:00:00+09:00,1029.1642034267022,1042.6614388814785,1019.0412768356199,1037.5999755859375,58438,0.0,0.0
2012-08-22 00:00:00+09:00,1040.9744421875,1105.0863203125,1037.6001328125,1054.4716796875,754858,0.0,0.0
2012-08-23 00:00:00+09:00,1051.0972926110464,1067.968838238832,1019.0413559182537,1040.974365234375,259854,0.0,0.0
2012-08-24 00:00:00+09:00,1024.1025796194124,1044.3484296283627,1020.7282712845872,1030.8511962890625,71410,0.0,0.0
2012-08-27 00:00:00+09:00,1030.8513596508108,1044.3485951290538,1007.2311975638855,1027.47705078125,134264,0.0,0.0
2012-08-28 00:00:00+09:00,1013.9801457150572,1059.53333029793,1013.9801457150572,1049.410400390625,67068,0.0,0.0
2012-08-29 00:00:00+09:00,1042.6614557333266,1066.2816181609426,1039.2871468150959,1056.15869140625,93462,0.0,0.0
2012-08-30 00:00:00+09:00,1059.5329190767727,1073.0301537146934,1029.1641411414512,1052.7843017578125,98222,0.0,0.0
2012-08-31 00:00:00+09:00,1052.7844600256308,1069.656005859375,1039.2872233586356,1069.656005859375,43952,0.0,0.0
2012-09-03 00:00:00+09:00,1069.6559876167528,1069.6559876167528,1051.0972875161467,1061.22021484375,62200,0.0,0.0
2012-09-04 00:00:00+09:00,1056.158631056882,1064.5944028704355,1044.3485505179074,1051.09716796875,48306,0.0,0.0
2012-09-05 00:00:00+09:00,1051.0972340232447,1051.0972340232447,1025.7899169921875,1025.7899169921875,37564,0.0,0.0
2012-09-06 00:00:00+09:00,1019.0413663970278,1029.164293877793,988.6725839547323,1000.482666015625,142016,0.0,0.0
2012-09-07 00:00:00+09:00,990.3596751064161,1015.6669921875,990.3596751064161,1015.6669921875,63782,0.0,0.0
2012-09-10 00:00:00+09:00,1015.6668906314995,1015.6668906314995,995.4210389910045,1013.979736328125,83598,0.0,0.0
2012-09-11 00:00:00+09:00,1013.9798803792726,1022.4156530945744,1000.4826440347898,1007.2312622070312,41032,0.0,0.0
2012-09-12 00:00:00+09:00,1007.2313441334155,1013.9799628545775,995.4212613713822,1005.544189453125,58662,0.0,0.0
2012-09-13 00:00:00+09:00,1010.6057509578479,1010.6057509578479,966.7397250398111,968.4268798828125,256702,0.0,0.0
2012-09-14 00:00:00+09:00,970.1139094911773,1008.9184658708244,968.4267548659752,978.5496826171875,221842,0.0,0.0
2012-09-17 00:00:00+09:00,993.7341654136699,995.4213201936592,951.5552959139386,956.6167602539062,110686,0.0,0.0
2012-09-18 00:00:00+09:00,966.7395837957208,976.8625113747337,959.9909654097123,965.0524291992188,33424,0.0,0.0
2012-09-19 00:00:00+09:00,978.5496051701175,990.3596866118259,958.3037512700461,959.9909057617188,84428,0.0,0.0
2012-09-20 00:00:00+09:00,958.3038765888655,965.0524954380828,941.4323294658221,949.8681030273438,129462,0.0,0.0
2012-09-21 00:00:00+09:00,949.8682388866846,965.0526334692427,932.9966893505091,963.365478515625,109992,0.0,0.0
2012-09-24 00:00:00+09:00,963.36521261464,975.175294030231,953.2422856869905,970.1138305664062,32532,0.0,0.0
2012-09-25 00:00:00+09:00,968.4267654555429,968.4267654555429,939.7451365134797,943.1194458007812,85058,0.0,0.0
2012-09-26 00:00:00+09:00,941.4322210347879,958.3037662146227,894.1918945312501,894.19189453125,142006,0.0,0.0
2012-09-27 00:00:00+09:00,906.0020226274612,912.7506410455428,873.9460851415733,875.6332397460938,208472,0.0,0.0
2012-09-28 00:00:00+09:00,867.1974001978585,944.8065060521416,867.1974001978585,906.001953125,125596,0.0,0.0
2012-10-02 00:00:00+09:00,912.7505311089205,929.6220751220245,899.2532958984375,899.2532958984375,34802,0.0,0.0
2012-10-04 00:00:00+09:00,887.4433545834551,921.1864479136244,887.4433545834551,902.6277465820312,110538,0.0,0.0
2012-10-05 00:00:00+09:00,922.8735122405235,951.5551387635379,899.2533492215704,934.68359375,60258,0.0,0.0
2012-10-08 00:00:00+09:00,931.3094099281478,975.175432859546,924.560791015625,924.560791015625,48426,0.0,0.0
2012-10-09 00:00:00+09:00,921.1862792968749,932.996359800681,911.0633531507555,921.186279296875,70486,0.0,0.0
2012-10-10 00:00:00+09:00,922.8734323252803,959.9908281409222,916.1248149042544,931.3092041015625,78182,0.0,0.0
2012-10-11 00:00:00+09:00,931.3092847472924,961.6780657716606,927.9349757445848,934.68359375,48564,0.0,0.0
2012-10-12 00:00:00+09:00,939.7451206928974,1007.2313053028003,939.7451206928974,998.7955322265625,271934,0.0,0.0
2012-10-15 00:00:00+09:00,1005.5441732601244,1029.1643384038186,976.8625441570672,992.0469360351562,226154,0.0,0.0
2012-10-16 00:00:00+09:00,992.0469490213596,1022.4157331750748,951.5552368164062,951.5552368164062,141468,0.0,0.0
2012-10-17 00:00:00+09:00,954.929605473917,988.6727010737021,938.0580576740246,956.6167602539062,116036,0.0,0.0
2012-10-18 00:00:00+09:00,948.1808171676378,973.4881343518274,890.8175648834747,895.8790283203125,211692,0.0,0.0
2012-10-19 00:00:00+09:00,890.8176419005102,919.4992705223069,890.8176419005102,909.3763427734375,74400,0.0,0.0
2012-10-22 00:00:00+09:00,897.5662231445311,909.3763050280119,882.3818321514846,897.5662231445312,22586,0.0,0.0
2012-10-23 00:00:00+09:00,911.0635265109645,922.8736092620326,873.9461235790362,882.3818969726562,99564,0.0,0.0
2012-10-24 00:00:00+09:00,885.7560655908678,885.7560655908678,836.8285876820389,868.884521484375,179754,0.0,0.0
2012-10-25 00:00:00+09:00,863.8231842885375,875.6332668862324,843.5773284067749,853.7002563476562,69588,0.0,0.0
2012-10-26 00:00:00+09:00,858.76171875,873.9461106335953,841.8901722126719,858.76171875,132656,0.0,0.0
2012-10-29 00:00:00+09:00,865.510264078776,868.8845731005256,814.8956287525318,819.9570922851562,103612,0.0,0.0
2012-10-30 00:00:00+09:00,819.9572353716977,840.2030930351965,801.3985325134906,818.2700805664062,87962,0.0,0.0
2012-10-31 00:00:00+09:00,821.6442250777263,836.8286152742346,821.6442250777263,826.7056884765625,23056,0.0,0.0
2012-11-01 00:00:00+09:00,830.0801391601562,841.8902224408902,814.8957463706413,830.0801391601562,54142,0.0,0.0
2012-11-02 00:00:00+09:00,836.828595270876,836.828595270876,819.9570510113825,823.3313598632812,42680,0.0,0.0
2012-11-05 00:00:00+09:00,831.76721749732,831.76721749732,809.8342077053014,811.5213623046875,51984,0.0,0.0
2012-11-06 00:00:00+09:00,826.7057733950408,826.7057733950408,809.8342269992236,814.8956909179688,15168,0.0,0.0
2012-11-07 00:00:00+09:00,818.2698983473402,821.6442072065045,809.8341261994294,813.2084350585938,53966,0.0,0.0
2012-11-08 00:00:00+09:00,806.4598561981578,835.1414828830295,806.4598561981578,819.9570922851562,47758,0.0,0.0
2012-11-09 00:00:00+09:00,836.8286162891427,836.8286162891427,814.8956082009192,821.6442260742188,9664,0.0,0.0
2012-11-12 00:00:00+09:00,831.7672939145468,860.4489247391864,821.6443653882035,830.0801391601562,84090,0.0,0.0
2012-11-13 00:00:00+09:00,843.5772120831211,857.074447476451,818.2698957206275,828.392822265625,39292,0.0,0.0
2012-11-14 00:00:00+09:00,841.8902224408902,843.5773771952807,821.6443653882035,830.0801391601562,48172,0.0,0.0
2012-11-15 00:00:00+09:00,823.331465657552,831.7672388712565,799.7113006591796,809.834228515625,15750,0.0,0.0
2012-11-16 00:00:00+09:00,806.4598561981578,826.7057103286554,806.4598561981578,819.9570922851562,40990,0.0,0.0
2012-11-19 00:00:00+09:00,819.9570716058939,825.0185350108685,808.1469903276197,821.6442260742188,53166,0.0,0.0
2012-11-20 00:00:00+09:00,821.644246796031,830.0800193504051,809.8341652199074,819.9570922851562,33412,0.0,0.0
2012-11-21 00:00:00+09:00,833.4543533966321,833.4543533966321,803.0855712890625,803.0855712890625,13998,0.0,0.0
2012-11-22 00:00:00+09:00,794.6497850605085,808.1470213248059,769.3424670649509,774.4039306640625,160492,0.0,0.0
2012-11-23 00:00:00+09:00,774.4038866408328,808.1469753833527,745.7222612096907,792.9625854492188,144062,0.0,0.0
2012-11-26 00:00:00+09:00,796.336854337111,796.336854337111,782.8396195178381,786.2139282226562,20214,0.0,0.0
2012-11-27 00:00:00+09:00,782.8396195178381,794.649699984702,771.0295390509741,786.2139282226562,67004,0.0,0.0
2012-11-28 00:00:00+09:00,784.5269149389022,789.5883789062499,781.152605627337,789.58837890625,17236,0.0,0.0
2012-11-29 00:00:00+09:00,798.024192696187,798.024192696187,777.7783357990322,791.2755737304688,37068,0.0,0.0
2012-11-30 00:00:00+09:00,791.2754310120927,792.9625854492188,791.2754310120927,792.9625854492188,820,0.0,0.0
2012-12-03 00:00:00+09:00,792.962564844994,794.6497192382812,786.2139472718451,794.6497192382812,51540,0.0,0.0
2012-12-04 00:00:00+09:00,794.649699984702,794.649699984702,769.342384698565,786.2139282226562,23804,0.0,0.0
2012-12-05 00:00:00+09:00,786.2140695946848,792.9626882178151,781.152605627337,789.58837890625,49836,0.0,0.0
2012-12-06 00:00:00+09:00,796.3369913736979,838.5158574422201,781.1525995890299,809.834228515625,195408,0.0,0.0
2012-12-07 00:00:00+09:00,818.2700017293295,818.2700017293295,789.5883728027344,809.834228515625,30552,0.0,0.0
2012-12-10 00:00:00+09:00,814.8955482924281,835.1414004239169,796.3368505052299,816.5827026367188,24726,0.0,0.0
2012-12-11 00:00:00+09:00,823.331447368421,823.331447368421,792.9626644736842,801.3984375,45260,0.0,0.0
2012-12-12 00:00:00+09:00,814.8956333594986,814.8956333594986,791.2754700737161,799.7112426757812,7200,0.0,0.0
2012-12-13 00:00:00+09:00,808.1470754051608,808.1470754051608,786.2140650079435,804.7727661132812,2556,0.0,0.0
2012-12-14 00:00:00+09:00,809.834209106956,809.834209106956,789.5883538792822,806.4598999023438,13988,0.0,0.0
2012-12-17 00:00:00+09:00,806.4598209462267,806.4598209462267,774.4038866408328,792.9625854492188,41384,0.0,0.0
2012-12-18 00:00:00+09:00,784.5269149389022,806.4599254640758,759.2195951021635,789.58837890625,40286,0.0,0.0
2012-12-20 00:00:00+09:00,789.5883789062499,808.1470801198584,776.0911416599893,789.58837890625,23640,0.0,0.0
2012-12-21 00:00:00+09:00,789.5882774859475,791.27543192502,776.0910419733672,787.901123046875,11220,0.0,0.0
2012-12-24 00:00:00+09:00,787.9011194790579,808.14697265625,776.0910384590293,808.14697265625,8598,0.0,0.0
2012-12-26 00:00:00+09:00,808.1469763157454,825.0185207064708,787.901123046875,787.901123046875,20614,0.0,0.0
2012-12-27 00:00:00+09:00,819.0708652424961,846.7772792887539,796.5594038299116,832.924072265625,19156,30.0,0.0
2012-12-28 00:00:00+09:00,824.2658018617889,838.1190086157685,813.8758967963041,829.4607543945312,26570,0.0,0.0
2013-01-02 00:00:00+09:00,836.387451171875,862.362216736219,819.0709407956457,836.387451171875,14358,0.0,0.0
2013-01-03 00:00:00+09:00,846.7773345442843,846.7773345442843,825.997522653627,838.1190795898438,3022,0.0,0.0
2013-01-04 00:00:00+09:00,838.119102209498,838.119102209498,820.8025918332687,836.387451171875,17742,0.0,0.0
2013-01-07 00:00:00+09:00,851.9722128109057,851.9722128109057,813.8758943518815,848.5089111328125,54488,0.0,0.0
2013-01-08 00:00:00+09:00,838.1190282903566,848.5089335997412,829.4607738658694,846.7772827148438,18372,0.0,0.0
2013-01-09 00:00:00+09:00,845.0456284108627,845.0456284108627,825.9974687540605,832.924072265625,35106,0.0,0.0
2013-01-10 00:00:00+09:00,836.3873491577397,896.9951280822136,832.9240475049126,853.703857421875,355448,0.0,0.0
2013-01-11 00:00:00+09:00,858.8988647460938,865.8254684940462,838.1190535022366,858.8988647460938,95460,0.0,0.0
2013-01-14 00:00:00+09:00,865.8254359795795,865.8254359795795,845.0456255160697,851.9722290039062,81196,0.0,0.0
2013-01-15 00:00:00+09:00,841.5823237721513,862.3621342356613,838.1190220282331,851.9722290039062,41598,0.0,0.0
2013-01-16 00:00:00+09:00,858.8988059761598,858.8988059761598,834.6556945171552,839.8506469726562,44098,0.0,0.0
2013-01-17 00:00:00+09:00,836.3874285989557,850.2406365260605,827.7291736445152,838.1190795898438,31594,0.0,0.0
2013-01-18 00:00:00+09:00,832.9240436986549,855.4355043391591,829.4607420616543,839.8506469726562,31786,0.0,0.0
2013-01-21 00:00:00+09:00,839.8506729001922,865.8254359795795,839.8506729001922,851.9722290039062,60458,0.0,0.0
2013-01-22 00:00:00+09:00,851.9721943887776,879.6786072144289,851.9721943887776,864.09375,58534,0.0,0.0
2013-01-23 00:00:00+09:00,858.8987915525399,876.2152994467443,848.5088868160173,869.2886962890625,69818,0.0,0.0
2013-01-24 00:00:00+09:00,865.8254523026316,881.4103104440788,850.2405941611842,855.435546875,66544,0.0,0.0
2013-01-25 00:00:00+09:00,851.9723525390625,865.8255615234375,845.045748046875,865.8255615234375,48428,0.0,0.0
2013-01-28 00:00:00+09:00,864.09375,877.9469564128257,853.7038451903808,864.09375,49846,0.0,0.0
2013-01-29 00:00:00+09:00,867.5570454996421,869.2886962890625,855.435489973699,869.2886962890625,27724,0.0,0.0
2013-01-30 00:00:00+09:00,865.8255251671907,888.3369888215376,857.1672699155188,877.9470825195312,56354,0.0,0.0
2013-01-31 00:00:00+09:00,881.4103619432824,888.3369659664123,871.0204559085876,879.6787109375,33126,0.0,0.0
2013-02-01 00:00:00+09:00,867.5571223667689,883.1419808523995,858.8988676525297,872.7520751953125,29730,0.0,0.0
2013-02-04 00:00:00+09:00,883.1419088176353,883.1419088176353,864.09375,864.09375,46486,0.0,0.0
2013-02-05 00:00:00+09:00,855.435495991984,883.1419088176353,850.2405435871743,864.09375,70574,0.0,0.0
2013-02-06 00:00:00+09:00,857.1672323475714,876.2153930664062,857.1672323475714,876.2153930664062,17192,0.0,0.0
2013-02-07 00:00:00+09:00,867.5570454996421,879.6786010255852,860.6304423419604,869.2886962890625,28502,0.0,0.0
2013-02-08 00:00:00+09:00,867.5571223667689,876.2153770810081,860.6305185953776,872.7520751953125,2118,0.0,0.0
2013-02-12 00:00:00+09:00,871.0204242524646,879.6786789667038,862.3621695382254,872.7520751953125,37020,0.0,0.0
2013-02-13 00:00:00+09:00,872.7519978679035,877.9469502361648,867.5570454996421,869.2886962890625,4958,0.0,0.0
2013-02-14 00:00:00+09:00,867.5571432880971,916.0433708570926,867.5571432880971,903.9218139648438,80290,0.0,0.0
2013-02-15 00:00:00+09:00,902.1901629802367,924.7016257801274,893.5319080572018,903.9218139648438,22554,0.0,0.0
2013-02-18 00:00:00+09:00,902.1902631339381,962.7980543233581,900.4586119570974,919.5067749023438,263936,0.0,0.0
2013-02-19 00:00:00+09:00,947.2129740173563,950.676275567694,917.774910839486,945.4813232421875,141078,0.0,0.0
2013-02-20 00:00:00+09:00,945.481488811436,955.8713952818913,921.2383737137069,928.1649780273438,78714,0.0,0.0
2013-02-21 00:00:00+09:00,921.2383559774537,928.1649601577353,898.7268923915385,910.8484497070312,89970,0.0,0.0
2013-02-22 00:00:00+09:00,905.653327387302,905.653327387302,864.0937100693378,881.4102172851562,209266,0.0,0.0
2013-02-25 00:00:00+09:00,881.4102172851562,888.3368201714836,867.5570115125015,881.4102172851562,58196,0.0,0.0
2013-02-26 00:00:00+09:00,881.4103619432824,907.3851270300196,869.288804902805,879.6787109375,93572,0.0,0.0
2013-02-27 00:00:00+09:00,876.215408925935,891.8002679779773,872.7521069143701,879.6787109375,18368,0.0,0.0
2013-02-28 00:00:00+09:00,877.9468660465939,895.2633722802544,877.9468660465939,890.0684204101562,11684,0.0,0.0
2013-03-04 00:00:00+09:00,890.0685057621079,890.0685057621079,867.5570454996421,869.2886962890625,37542,0.0,0.0
2013-03-05 00:00:00+09:00,865.8255251671907,877.9470825195312,858.8989209658531,877.9470825195312,49248,0.0,0.0
2013-03-06 00:00:00+09:00,872.7520622702206,891.8002223594516,865.8254586014093,883.1419677734375,27456,0.0,0.0
2013-03-07 00:00:00+09:00,877.9470599317175,890.0686169721948,869.288804902805,879.6787109375,44168,0.0,0.0
2013-03-08 00:00:00+09:00,872.7520622702206,900.4584769454657,869.2887604358149,883.1419677734375,51446,0.0,0.0
2013-03-11 00:00:00+09:00,883.1419643825956,943.7497462519893,879.6786625614873,935.0914916992188,224834,0.0,0.0
2013-03-12 00:00:00+09:00,929.8965138974397,959.334578583206,912.5800052587538,955.8712768554688,211650,0.0,0.0
2013-03-13 00:00:00+09:00,955.8713025142553,971.4561607074226,940.2864443210881,967.9928588867188,111328,0.0,0.0
2013-03-14 00:00:00+09:00,967.992874879888,974.9194786357369,942.0181107954545,971.4561767578125,215468,0.0,0.0
2013-03-15 00:00:00+09:00,973.1878276967747,976.6511295746991,957.6029692461146,971.4561767578125,51312,0.0,0.0
2013-03-18 00:00:00+09:00,971.4561194770157,997.430882029877,959.3345636190137,985.309326171875,95168,0.0,0.0
2013-03-19 00:00:00+09:00,990.5044275571222,1023.405798402551,974.9195676829717,1011.2842407226562,83910,0.0,0.0
2013-03-20 00:00:00+09:00,1016.4791575785215,1023.40576171875,997.4309961928934,1023.40576171875,51656,0.0,0.0
2013-03-21 00:00:00+09:00,1023.405838295742,1028.600791789629,1007.820977814081,1026.869140625,60602,0.0,0.0
2013-03-22 00:00:00+09:00,1018.210884801855,1035.527396448145,1004.357675484823,1026.869140625,45690,0.0,0.0
2013-03-25 00:00:00+09:00,1030.3323138960257,1033.7956157914743,1004.3575496801593,1032.06396484375,17898,0.0,0.0
2013-03-26 00:00:00+09:00,1035.5273300069848,1064.9653979168822,1021.6741215787977,1045.917236328125,60382,0.0,0.0
2013-03-27 00:00:00+09:00,1037.2588980259038,1089.208425472944,1032.0639452812,1080.5501708984375,57776,0.0,0.0
2013-03-28 00:00:00+09:00,1080.5501708984375,1090.9400763878455,1056.3070580898186,1080.5501708984375,85082,0.0,0.0
2013-03-29 00:00:00+09:00,1082.2818963102593,1122.1098700944767,1059.7704328670059,1116.9149169921875,126082,0.0,0.0
2013-04-01 00:00:00+09:00,1104.7935034629027,1139.4265286498276,1104.7935034629027,1129.03662109375,23360,0.0,0.0
2013-04-02 00:00:00+09:00,1118.6467135376727,1139.4265286498276,1103.0618522035563,1129.03662109375,69660,0.0,0.0
2013-04-03 00:00:00+09:00,1139.426380435441,1139.426380435441,1097.866755617127,1116.9149169921875,52786,0.0,0.0
2013-04-04 00:00:00+09:00,1106.5249213235859,1125.5730811585772,1049.3804418186119,1058.0386962890625,209188,0.0,0.0
2013-04-05 00:00:00+09:00,1115.1830453013922,1115.1830453013922,1038.9904148770734,1096.1348876953125,61956,0.0,0.0
2013-04-08 00:00:00+09:00,1104.793315150454,1122.1098247923105,1052.843786224884,1120.378173828125,71040,0.0,0.0
2013-04-09 00:00:00+09:00,1122.1096522618006,1281.4215164718094,1073.6234327196241,1238.1302490234375,259330,0.0,0.0
2013-04-10 00:00:00+09:00,1229.4722762366923,1262.3736470092235,1073.623677840492,1179.25439453125,495590,0.0,0.0
2013-04-11 00:00:00+09:00,1194.839298023897,1245.057181564032,1177.5227864583333,1236.39892578125,131488,0.0,0.0
2013-04-12 00:00:00+09:00,1212.1555487101512,1316.0545957424497,1206.9605963585361,1290.079833984375,270636,0.0,0.0
2013-04-15 00:00:00+09:00,1312.5913334659851,1312.5913334659851,1267.5684117376004,1291.8115234375,58512,0.0,0.0
2013-04-16 00:00:00+09:00,1276.2266337351014,1312.5913003679875,1241.5936178942575,1284.8848876953125,82874,0.0,0.0
2013-04-17 00:00:00+09:00,1284.8849139347253,1368.0041536501792,1264.105104005862,1297.0064697265625,264310,0.0,0.0
2013-04-18 00:00:00+09:00,1297.0066276718953,1342.0295546671814,1246.7887475617686,1331.6396484375,149500,0.0,0.0
2013-04-19 00:00:00+09:00,1338.566098582988,1357.6142578125,1305.6647326411035,1357.6142578125,108964,0.0,0.0
2013-04-22 00:00:00+09:00,1357.61436511515,1560.217529296875,1345.4928082837646,1560.217529296875,1003478,0.0,0.0
2013-04-23 00:00:00+09:00,1610.4353585850777,1793.9903564453125,1579.265641967302,1793.9903564453125,1181690,0.0,0.0
2013-04-24 00:00:00+09:00,2043.3477998621322,2060.664306640625,1908.2790469898896,2060.664306640625,240406,0.0,0.0
2013-04-25 00:00:00+09:00,2320.412362014191,2368.898590474189,2001.7885749913469,2188.806884765625,1767698,0.0,0.0
2013-04-26 00:00:00+09:00,2219.976835860605,2320.4126053457185,2060.6649256428395,2199.197021484375,428804,0.0,0.0
2013-04-29 00:00:00+09:00,2199.196760621789,2528.21044921875,2119.5408149614723,2528.21044921875,318228,0.0,0.0
2013-04-30 00:00:00+09:00,2545.5267190933228,2832.9807567596436,2458.9441776275635,2659.815673828125,495376,0.0,0.0
2013-05-03 00:00:00+09:00,2718.6921354166666,2718.6921354166666,2580.1600520833335,2597.4765625,53468,0.0,0.0
2013-05-06 00:00:00+09:00,2639.0357398056403,2839.9072265625,2562.8431068978657,2839.9072265625,106260,0.0,0.0
2013-05-07 00:00:00+09:00,2874.5404545062156,3182.77431047134,2874.5404545062156,3134.2880859375,95018,0.0,0.0
2013-05-08 00:00:00+09:00,2943.8064053671096,3141.214599609375,2666.7422730972644,3141.214599609375,473572,0.0,0.0
2013-05-09 00:00:00+09:00,2916.0998248922415,3276.283176185345,2891.8567147090516,3013.072265625,194960,0.0,0.0
2013-05-10 00:00:00+09:00,3013.0724548050575,3116.9715049707493,2739.4716227020695,2923.026611328125,213392,0.0,0.0
2013-05-13 00:00:00+09:00,2916.1003054105317,2954.1966276902417,2732.545298062838,2881.46728515625,64826,0.0,0.0
2013-05-14 00:00:00+09:00,2839.9074485085225,3220.8706428206415,2808.7377326102583,3123.898193359375,133208,0.0,0.0
2013-05-15 00:00:00+09:00,3065.021903809653,3262.4300942245122,3040.778792706074,3193.1640625,90036,0.0,0.0
2013-05-16 00:00:00+09:00,3220.8706444273603,3390.572431069232,3130.824798454122,3255.503662109375,85180,0.0,0.0
2013-05-20 00:00:00+09:00,3258.966894748747,3394.035660843541,3047.70549136971,3110.044921875,69084,0.0,0.0
2013-05-21 00:00:00+09:00,3120.434871270405,3567.200796235868,3071.9486468555483,3407.888916015625,239792,0.0,0.0
2013-05-22 00:00:00+09:00,3359.403040568034,3459.8388015747073,3120.4351954142253,3324.77001953125,112546,0.0,0.0
2013-05-23 00:00:00+09:00,3220.8711511948527,3272.820685891544,2826.0546875,2826.0546875,215606,0.0,0.0
2013-05-24 00:00:00+09:00,2826.0539870689654,3127.3612136314655,2701.375134698276,3013.072265625,198628,0.0,0.0
2013-05-27 00:00:00+09:00,2957.6598566604875,3186.2377846927966,2957.6598566604875,3065.022216796875,70734,0.0,0.0
2013-05-28 00:00:00+09:00,3047.7054429945056,3151.6044921875,2874.5403610061812,3151.6044921875,83034,0.0,0.0
2013-05-29 00:00:00+09:00,3099.654964357113,3179.3109019886365,2961.122898910985,3085.8017578125,30958,0.0,0.0
2013-05-30 00:00:00+09:00,3085.801978647501,3123.898299371544,2909.1735825633004,2974.976318359375,19390,0.0,0.0
2013-05-31 00:00:00+09:00,2971.512990539198,3013.0726127845014,2742.935068190029,2995.756103515625,68488,0.0,0.0
2013-06-03 00:00:00+09:00,3078.8755622372987,3110.045281090095,2909.173759594298,2961.123291015625,45234,0.0,0.0
2013-06-04 00:00:00+09:00,2978.43995011519,3175.8481793670107,2909.173904763674,2912.63720703125,95648,0.0,0.0
2013-06-05 00:00:00+09:00,2909.1731725305945,2909.1731725305945,2476.260498046875,2476.260498046875,119904,0.0,0.0
2013-06-07 00:00:00+09:00,2562.84326171875,2666.74231286951,2327.338745777027,2562.84326171875,73386,0.0,0.0
2013-06-10 00:00:00+09:00,2493.577491697888,2767.1783553702953,2493.577491697888,2542.063720703125,35186,0.0,0.0
2013-06-11 00:00:00+09:00,2562.8431601300335,2604.4027789429533,2458.944113097735,2580.15966796875,15728,0.0,0.0
2013-06-12 00:00:00+09:00,2562.843566808445,2943.8067997124026,2406.994971529553,2455.481201171875,137148,0.0,0.0
2013-06-13 00:00:00+09:00,2455.4810402084977,2493.577361001577,2161.1003795347,2195.7333984375,79040,0.0,0.0
2013-06-14 00:00:00+09:00,2195.733782353292,2368.8989071445612,2112.614522453483,2268.463134765625,72486,0.0,0.0
2013-06-17 00:00:00+09:00,2268.46269774653,2375.8250544337707,2095.2976063154974,2292.705810546875,77114,0.0,0.0
2013-06-18 00:00:00+09:00,2292.7055388077447,2458.9440068783965,2233.8294146993885,2389.677978515625,65650,0.0,0.0
2013-06-19 00:00:00+09:00,2476.2608642578125,2476.2608642578125,2181.8802020733174,2251.146240234375,44740,0.0,0.0
2013-06-20 00:00:00+09:00,2202.660218811035,2351.5822147369386,2174.9538009643557,2216.513427734375,31890,0.0,0.0
2013-06-21 00:00:00+09:00,2213.0499395855404,2213.0499395855404,1974.0821057335806,2043.34814453125,54572,0.0,0.0
2013-06-24 00:00:00+09:00,2348.1184273514095,2348.1184273514095,2116.0772258284824,2119.54052734375,946130,0.0,0.0
2013-06-25 00:00:00+09:00,2129.930858684036,2129.930858684036,1835.5501708984375,1835.5501708984375,173848,0.0,0.0
2013-06-26 00:00:00+09:00,1870.1832247855966,1998.3254087060914,1800.9171794231672,1842.476806640625,82430,0.0,0.0
2013-06-27 00:00:00+09:00,1849.4030478143434,1970.6186033826991,1849.4030478143434,1908.2791748046875,62970,0.0,0.0
2013-06-28 00:00:00+09:00,1974.0817882664396,2192.269775390625,1963.691884117669,2192.269775390625,93156,0.0,0.0
2013-07-01 00:00:00+09:00,2517.820556640625,2517.820556640625,2462.4077245825097,2517.820556640625,492308,0.0,0.0
2013-07-02 00:00:00+09:00,2507.430425804782,2542.063442735787,2226.902988663639,2299.63232421875,498782,0.0,0.0
2013-07-03 00:00:00+09:00,2310.022281197606,2458.9442573467772,2178.41681390299,2323.87548828125,482642,0.0,0.0
2013-07-04 00:00:00+09:00,2337.7290058135986,2389.678539276123,2192.2703121185305,2216.513427734375,181824,0.0,0.0
2013-07-05 00:00:00+09:00,2219.976625711604,2296.169271211846,2199.1968133024466,2233.829833984375,65524,0.0,0.0
2013-07-08 00:00:00+09:00,2303.0955439028535,2303.0955439028535,2171.4900842512616,2230.3662109375,49488,0.0,0.0
2013-07-09 00:00:00+09:00,2230.3665183738426,2278.8527470341432,2209.5867060908563,2244.2197265625,38654,0.0,0.0
2013-07-10 00:00:00+09:00,2244.2193632260596,2251.1459661989797,2150.7102230916407,2206.123046875,48144,0.0,0.0
2013-07-11 00:00:00+09:00,2192.2701634913924,2264.9995054081687,2140.320633550838,2143.783935546875,97334,0.0,0.0
2013-07-12 00:00:00+09:00,2133.394075190355,2188.8069083121827,1925.5959509835025,2046.8115234375,193782,0.0,0.0
2013-07-15 00:00:00+09:00,2050.2747042996066,2077.9811192225743,1953.30225206922,1981.0086669921875,150880,0.0,0.0
2013-07-16 00:00:00+09:00,1908.2793790544783,2171.4903278895786,1866.7197555541993,1939.4490966796875,296190,0.0,0.0
2013-07-17 00:00:00+09:00,1942.91252437108,2005.2519636557136,1904.8162003638038,1967.1556396484375,80278,0.0,0.0
2013-07-18 00:00:00+09:00,1963.6921661489564,1984.471977430956,1863.256411619292,1877.109619140625,211378,0.0,0.0
2013-07-19 00:00:00+09:00,1884.036513689926,1908.2796305940244,1859.7933967858278,1873.6466064453125,61776,0.0,0.0
2013-07-22 00:00:00+09:00,1880.5729210209583,1949.8389586276235,1835.549996576626,1877.109619140625,105422,0.0,0.0
2013-07-23 00:00:00+09:00,1873.646389228607,1929.059221442392,1835.5500670816298,1852.8665771484375,112882,0.0,0.0
2013-07-24 00:00:00+09:00,1839.0134926757814,1890.9630263671875,1716.0662629394533,1731.651123046875,205084,0.0,0.0
2013-07-25 00:00:00+09:00,1683.16476314324,1729.9193398972188,1674.5065081887994,1676.2381591796875,79292,0.0,0.0
2013-07-26 00:00:00+09:00,1676.238082225119,1703.9444968073522,1629.4835076176,1639.8734130859375,136664,0.0,0.0
2013-07-29 00:00:00+09:00,1669.3113505990389,1691.822810721225,1624.2884303546664,1677.9696044921875,101252,0.0,0.0
2013-07-30 00:00:00+09:00,1728.1876232378286,1728.1876232378286,1624.2885677325485,1629.4835205078125,94844,0.0,0.0
2013-07-31 00:00:00+09:00,1636.410311279297,1873.6465151367188,1619.0938000488281,1731.651123046875,425058,0.0,0.0
2013-08-01 00:00:00+09:00,1731.6508390465563,1759.357252471301,1665.848107162787,1697.017822265625,127016,0.0,0.0
2013-08-02 00:00:00+09:00,1703.9442537967288,1705.6759044611565,1664.116288514895,1667.57958984375,53778,0.0,0.0
2013-08-05 00:00:00+09:00,1676.2380565807132,1707.407772508867,1672.7747548109185,1693.5545654296875,48004,0.0,0.0
2013-08-06 00:00:00+09:00,1693.554405707039,1766.2837360134763,1683.1645013775478,1762.8204345703125,96510,0.0,0.0
2013-08-07 00:00:00+09:00,1759.3572144288578,1759.3572144288578,1679.7012775551102,1728.1875,84688,0.0,0.0
2013-08-08 00:00:00+09:00,1731.6510235821759,1731.6510235821759,1681.4331438982927,1683.164794921875,45182,0.0,0.0
2013-08-09 00:00:00+09:00,1671.0432555282189,1724.7244378301616,1671.0432555282189,1700.4813232421875,40428,0.0,0.0
2013-08-12 00:00:00+09:00,1755.8939299593267,1755.8939299593267,1662.3847857603091,1679.7012939453125,25554,0.0,0.0
2013-08-13 00:00:00+09:00,1679.7012693194145,1703.9443804229936,1596.58203125,1596.58203125,48700,0.0,0.0
2013-08-14 00:00:00+09:00,1580.9972515145855,1702.2128129669632,1558.485790102001,1665.84814453125,58500,0.0,0.0
2013-08-16 00:00:00+09:00,1662.3848749340023,1674.5064313137293,1619.0936021492626,1639.8734130859375,38552,0.0,0.0
2013-08-19 00:00:00+09:00,1667.5799534442226,1721.2611357461653,1660.6533492762298,1700.4813232421875,195672,0.0,0.0
2013-08-20 00:00:00+09:00,1541.1693341980758,1617.361975439329,1333.3712217219306,1361.07763671875,193132,0.0,0.0
2013-08-21 00:00:00+09:00,1364.5408585371983,1428.6119394583611,1229.472093352044,1291.8115234375,72928,0.0,0.0
2013-08-22 00:00:00+09:00,1288.348240597439,1288.348240597439,1250.2519216550415,1276.2266845703125,22174,0.0,0.0
2013-08-23 00:00:00+09:00,1276.2267295785502,1333.3712100074404,1264.105173123937,1272.763427734375,30480,0.0,0.0
2013-08-26 00:00:00+09:00,1276.2265180657455,1297.0063256868975,1253.7150598094977,1279.6898193359375,9658,0.0,0.0
2013-08-27 00:00:00+09:00,1264.1050612758581,1290.0798228089238,1229.4720458984375,1229.4720458984375,31886,0.0,0.0
2013-08-28 00:00:00+09:00,1227.7403305951286,1227.7403305951286,1151.547700769761,1177.5224609375,26218,0.0,0.0
2013-08-29 00:00:00+09:00,1180.9858984786472,1350.6876844770452,1180.9858984786472,1232.9354248046875,76424,0.0,0.0
2013-08-30 00:00:00+09:00,1231.2038134765623,1245.0570209418402,1122.1098046875,1168.8643798828125,66908,0.0,0.0
2013-09-02 00:00:00+09:00,1203.4975636499169,1203.4975636499169,1161.9379355526535,1170.59619140625,15756,0.0,0.0
2013-09-03 00:00:00+09:00,1226.0087264069414,1226.0087264069414,1148.0844429488732,1174.0592041015625,16058,0.0,0.0
2013-09-04 00:00:00+09:00,1163.669337951031,1184.4491475572993,1161.9376871505085,1175.7908935546875,12402,0.0,0.0
2013-09-05 00:00:00+09:00,1175.7910923446677,1226.0089740501103,1156.7429303184656,1179.25439453125,12408,0.0,0.0
2013-09-06 00:00:00+09:00,1194.8391749865689,1226.0088925949142,1172.3277122694305,1208.6923828125,19084,0.0,0.0
2013-09-09 00:00:00+09:00,1208.692463117199,1215.6190674903635,1177.522743437959,1179.25439453125,12038,0.0,0.0
2013-09-10 00:00:00+09:00,1168.8642343579422,1206.9605501444232,1163.6692822052403,1189.64404296875,25564,0.0,0.0
2013-09-11 00:00:00+09:00,1208.6924878497457,1208.6924878497457,1170.5961630178053,1191.3759765625,17180,0.0,0.0
2013-09-12 00:00:00+09:00,1203.4972843653718,1298.738076653279,1172.327570525693,1229.4720458984375,114356,0.0,0.0
2013-09-13 00:00:00+09:00,1243.3255304074755,1413.02734375,1222.545716528799,1413.02734375,366698,0.0,0.0
2013-09-16 00:00:00+09:00,1477.0982361649328,1482.293188929874,1286.6166347837575,1305.664794921875,498936,0.0,0.0
2013-09-17 00:00:00+09:00,1312.591302498255,1459.781620060724,1295.274794549729,1317.7862548828125,496810,0.0,0.0
2013-09-23 00:00:00+09:00,1319.5180321909215,1374.9308629390966,1182.7176062813642,1186.180908203125,386206,0.0,0.0
2013-09-24 00:00:00+09:00,1165.401058799342,1184.44921875,1101.3299753289473,1184.44921875,408092,0.0,0.0
2013-09-25 00:00:00+09:00,1177.5225308841254,1297.0064347532498,1153.2794199541581,1257.178466796875,317700,0.0,0.0
2013-09-26 00:00:00+09:00,1245.0571461534958,1316.0548415530693,1245.0571461534958,1262.3736572265625,175482,0.0,0.0
2013-09-27 00:00:00+09:00,1246.7886962890625,1302.201527235243,1227.740535651313,1246.7886962890625,156588,0.0,0.0
2013-09-30 00:00:00+09:00,1246.788472926363,1326.4444031411028,1241.5935209558365,1302.2012939453125,117316,0.0,0.0
2013-10-01 00:00:00+09:00,1307.3963809588638,1333.3711434944705,1251.9835542162366,1291.8115234375,106676,0.0,0.0
2013-10-02 00:00:00+09:00,1284.8849200946715,1316.0546351373994,1253.7152050519437,1291.8115234375,35668,0.0,0.0
2013-10-04 00:00:00+09:00,1305.6646910392199,1305.6646910392199,1248.5202151714557,1290.079833984375,41648,0.0,0.0
2013-10-07 00:00:00+09:00,1284.8847873768907,1307.396245915839,1269.2999314653111,1302.2012939453125,36730,0.0,0.0
2013-10-08 00:00:00+09:00,1300.4698906671895,1419.9538087178369,1274.4951258735705,1362.809326171875,163728,0.0,0.0
2013-10-10 00:00:00+09:00,1350.687712382495,1357.6143160357385,1264.1051667169504,1277.9583740234375,118690,0.0,0.0
2013-10-11 00:00:00+09:00,1286.6167148728446,1336.8345947265625,1264.1052514901435,1336.8345947265625,29244,0.0,0.0
2013-10-14 00:00:00+09:00,1347.2243632548564,1419.9536990603885,1177.5225797086148,1281.421630859375,136446,0.0,0.0
2013-10-15 00:00:00+09:00,1129.0364697187997,1156.7428861536168,1089.20849609375,1089.20849609375,908798,0.0,0.0
2013-10-16 00:00:00+09:00,1077.0869033037607,1082.2818562135858,1006.0892135361494,1021.674072265625,353142,0.0,0.0
2013-10-17 00:00:00+09:00,1021.6738190388603,1094.4031417501012,1013.0155663351411,1070.1600341796875,533844,0.0,0.0
2013-10-18 00:00:00+09:00,1070.1603281528135,1106.524999497812,1058.0387710378138,1094.4034423828125,283908,0.0,0.0
2013-10-21 00:00:00+09:00,1087.4766480501034,1097.8665523308368,1047.648681640625,1047.648681640625,169710,0.0,0.0
2013-10-22 00:00:00+09:00,1047.64889132592,1082.2819125267768,1037.2589849656629,1073.6236572265625,156808,0.0,0.0
2013-10-23 00:00:00+09:00,1085.7451433879573,1087.4767943343495,1059.770379192073,1064.96533203125,70536,0.0,0.0
2013-10-24 00:00:00+09:00,1073.6236091382575,1194.8391779119318,1073.6236091382575,1142.8896484375,582268,0.0,0.0
2013-10-25 00:00:00+09:00,1142.8896456393268,1213.8873357472244,1141.1579946610852,1208.6923828125,325976,0.0,0.0
2013-10-28 00:00:00+09:00,1236.3986658110584,1388.783935546875,1201.765649962009,1388.783935546875,1001450,0.0,0.0
2013-10-29 00:00:00+09:00,1419.953761807866,1558.4858361305846,1314.323055136793,1366.2725830078125,1606770,0.0,0.0
2013-10-30 00:00:00+09:00,1298.7382609853632,1352.4194424394248,1293.5433079414217,1314.3231201171875,493384,0.0,0.0
2013-10-31 00:00:00+09:00,1322.9813102424919,1333.3712158203125,1226.0088581828327,1333.3712158203125,488116,0.0,0.0
2013-11-01 00:00:00+09:00,1333.3711098724941,1411.295395514393,1284.8848876953125,1284.8848876953125,615492,0.0,0.0
2013-11-04 00:00:00+09:00,1284.8848756188377,1359.3458589768027,1212.1555430366395,1295.2747802734375,515430,0.0,0.0
2013-11-05 00:00:00+09:00,1343.761226613898,1343.761226613898,1260.6419754831416,1316.0548095703125,183850,0.0,0.0
2013-11-06 00:00:00+09:00,1300.4698545214715,1345.4927789123615,1297.0065526452493,1328.17626953125,221066,0.0,0.0
2013-11-07 00:00:00+09:00,1328.1762438322367,1347.2244037828946,1283.1533203125,1283.1533203125,179904,0.0,0.0
2013-11-08 00:00:00+09:00,1290.0797676969353,1290.0797676969353,1129.0362530716802,1167.132568359375,318866,0.0,0.0
2013-11-11 00:00:00+09:00,1177.522593889283,1177.522593889283,1056.3070327536213,1068.4285888671875,147976,0.0,0.0
2013-11-12 00:00:00+09:00,1090.9401074369687,1134.2313815416103,1054.5754371890696,1120.378173828125,94070,0.0,0.0
2013-11-13 00:00:00+09:00,1038.9905489408052,1106.5249346219575,1038.9905489408052,1080.5501708984375,713564,0.0,0.0
2013-11-14 00:00:00+09:00,1084.0134700068722,1101.3299791124132,924.7015862358942,935.0914916992188,669100,0.0,0.0
2013-11-15 00:00:00+09:00,973.1876503317272,1006.0890121756825,845.0455042026387,890.0684204101562,1037382,0.0,0.0
2013-11-18 00:00:00+09:00,902.190226811948,967.9929688826852,758.4631849206013,796.5595092773438,1665660,0.0,0.0
2013-11-19 00:00:00+09:00,791.3644602610162,832.9240818064525,765.3896967951185,808.6809692382812,516214,0.0,0.0
2013-11-20 00:00:00+09:00,808.6810014676771,919.5066633390504,806.9493505009369,895.2635498046875,866864,0.0,0.0
2013-11-21 00:00:00+09:00,916.0434440917969,916.0434440917969,848.5090502929688,865.8255615234375,376552,0.0,0.0
2013-11-22 00:00:00+09:00,881.4102659947664,924.7015364267294,857.1671545528671,891.8001708984375,595326,0.0,0.0
2013-11-25 00:00:00+09:00,922.9699977679844,1000.8942940148123,907.3851385186188,948.9447631835938,720386,0.0,0.0
2013-11-26 00:00:00+09:00,969.7245197821101,981.8460762793865,922.969944721187,943.749755859375,234620,0.0,0.0
2013-11-27 00:00:00+09:00,935.0914517916166,948.9446584848257,884.8735775287334,900.4584350585938,445204,0.0,0.0
2013-11-28 00:00:00+09:00,931.6282216240378,969.7245429543888,922.9699667762308,942.0181274414062,664598,0.0,0.0
2013-11-29 00:00:00+09:00,950.6763719128024,983.5777399753584,921.2383057515682,966.26123046875,376772,0.0,0.0
2013-12-02 00:00:00+09:00,1006.0891029020327,1013.0157060201188,936.8230717211698,978.3826904296875,479590,0.0,0.0
2013-12-03 00:00:00+09:00,978.3827672964884,1094.403378639612,974.9194654653504,1014.7474365234375,2450368,0.0,0.0
2013-12-04 00:00:00+09:00,1014.7473902775691,1014.7473902775691,876.2153233454777,900.4584350585938,809314,0.0,0.0
2013-12-05 00:00:00+09:00,926.4333091126649,926.4333091126649,895.2635903013977,910.8484497070312,147232,0.0,0.0
2013-12-06 00:00:00+09:00,900.4584127935004,1035.5271747125255,896.9951112058332,954.1395874023438,214570,0.0,0.0
2013-12-09 00:00:00+09:00,952.4077980027606,962.7977012536999,921.238088249943,950.6761474609375,97726,0.0,0.0
2013-12-10 00:00:00+09:00,950.6764258909761,962.7979832338483,914.3117538623595,924.70166015625,107354,0.0,0.0
2013-12-11 00:00:00+09:00,926.4332930004324,942.0181521350191,900.4585277761212,907.3851318359375,123128,0.0,0.0
2013-12-12 00:00:00+09:00,907.3851226630239,916.0433776502665,893.5319146834357,898.7268676757812,48718,0.0,0.0
2013-12-13 00:00:00+09:00,912.5799909151517,912.5799909151517,893.5318317119892,900.4584350585938,132072,0.0,0.0
2013-12-16 00:00:00+09:00,891.8002998828888,910.8484616279602,884.8736956119537,886.6053466796875,74822,0.0,0.0
2013-12-17 00:00:00+09:00,876.215367144139,900.4584800690757,876.215367144139,896.9951782226562,54664,0.0,0.0
2013-12-18 00:00:00+09:00,891.8003204232256,943.7498536517629,890.0686693156076,931.6282958984375,84038,0.0,0.0
2013-12-19 00:00:00+09:00,935.0914916992189,950.6763498942058,914.3116807725695,935.0914916992188,50998,0.0,0.0
2013-12-20 00:00:00+09:00,940.2864444308811,942.0180953414352,922.9699353253401,935.0914916992188,61380,0.0,0.0
2013-12-23 00:00:00+09:00,924.7015770717442,995.6992637008481,917.774973498173,992.2359619140625,102844,0.0,0.0
2013-12-24 00:00:00+09:00,987.0409756747158,1033.7955482066761,952.4079589843749,952.407958984375,133820,0.0,0.0
2013-12-26 00:00:00+09:00,962.7979757971798,997.4309965093086,952.4080695835412,976.6511840820312,62080,0.0,0.0
2013-12-27 00:00:00+09:00,990.5044368372066,990.5044368372066,936.8232523233021,959.334716796875,21958,0.0,0.0
2013-12-30 00:00:00+09:00,969.7246234769855,990.5044368372066,940.2865545500056,959.334716796875,33352,0.0,0.0
2014-01-02 00:00:00+09:00,969.7243034209927,969.7243034209927,943.7495452936446,950.6761474609375,12222,0.0,0.0
2014-01-03 00:00:00+09:00,945.4815031231574,950.6764564370209,902.1902255076283,917.7750854492188,40512,0.0,0.0
2014-01-06 00:00:00+09:00,917.7749889522958,940.2864509454653,914.3116871071927,929.8965454101562,16248,0.0,0.0
2014-01-07 00:00:00+09:00,929.8966133031953,940.2865195970857,917.775055960323,924.70166015625,12994,0.0,0.0
2014-01-08 00:00:00+09:00,964.5296701369302,1013.0159013107794,921.2383923031363,959.334716796875,102692,0.0,0.0
2014-01-09 00:00:00+09:00,952.4080008047599,964.5295571786387,935.0914916992189,935.0914916992188,22892,0.0,0.0
2014-01-10 00:00:00+09:00,950.6765128821411,950.6765128821411,914.3118375259936,936.8233032226562,10426,0.0,0.0
2014-01-13 00:00:00+09:00,967.9929152009237,967.9929152009237,926.4332909346945,940.2864990234375,41600,0.0,0.0
2014-01-14 00:00:00+09:00,948.9447152113123,948.9447152113123,917.774998288313,938.5548095703125,50872,0.0,0.0
2014-01-15 00:00:00+09:00,962.7978651780348,962.7978651780348,884.8735775287334,900.4584350585938,105958,0.0,0.0
2014-01-16 00:00:00+09:00,896.9951782226562,924.7015929940123,895.2635272994464,896.9951782226562,65074,0.0,0.0
2014-01-17 00:00:00+09:00,890.0685057621079,914.3116168139941,865.8253947102216,869.2886962890625,94262,0.0,0.0
2014-01-20 00:00:00+09:00,869.2886962890625,890.0685057621079,836.3873312900741,869.2886962890625,41996,0.0,0.0
2014-01-21 00:00:00+09:00,888.336949887483,888.336949887483,865.825487219769,876.2153930664062,20880,0.0,0.0
2014-01-22 00:00:00+09:00,886.6051191634242,942.0179391111382,857.167058566201,890.0684204101562,124380,0.0,0.0
2014-01-23 00:00:00+09:00,917.7750164529551,917.7750164529551,876.2153930664062,876.2153930664062,35916,0.0,0.0
2014-01-24 00:00:00+09:00,890.0685616974782,890.0685616974782,857.16719463084,874.4837036132812,12364,0.0,0.0
2014-01-27 00:00:00+09:00,839.8506757771894,860.6304863118827,822.5341669982782,832.924072265625,49788,0.0,0.0
2014-01-28 00:00:00+09:00,827.7290832909948,834.6556864984508,803.4859720648988,812.1442260742188,18918,0.0,0.0
2014-01-29 00:00:00+09:00,812.1442679560832,845.045634888206,812.1442679560832,827.7291259765625,7934,0.0,0.0
2014-02-03 00:00:00+09:00,848.5089049426344,857.1671590747021,832.9240475049126,853.703857421875,2760,0.0,0.0
2014-02-04 00:00:00+09:00,822.5341796875,853.7038959703947,794.8277652138157,822.5341796875,43198,0.0,0.0
2014-02-05 00:00:00+09:00,822.5341410576542,831.1923951740506,798.2910295317445,820.802490234375,42874,0.0,0.0
2014-02-06 00:00:00+09:00,805.2177648129671,831.192531419837,796.5595092773438,796.5595092773438,42900,0.0,0.0
2014-02-07 00:00:00+09:00,822.5341699478474,822.5341699478474,808.6809628750416,813.8759155273438,20204,0.0,0.0
2014-02-10 00:00:00+09:00,813.8760203485904,813.8760203485904,791.3645559559698,796.5595092773438,55334,0.0,0.0
2014-02-11 00:00:00+09:00,810.4126265953327,810.4126265953327,796.5594193031047,803.4860229492188,15620,0.0,0.0
2014-02-12 00:00:00+09:00,803.4860102227393,846.7772823252576,803.4860102227393,813.8759155273438,69946,0.0,0.0
2014-02-13 00:00:00+09:00,813.8758808511858,829.4607381440808,805.2176267995774,825.9974365234375,20934,0.0,0.0
2014-02-14 00:00:00+09:00,839.8506887335526,839.8506887335526,817.3392269736842,822.5341796875,27026,0.0,0.0
2014-02-17 00:00:00+09:00,822.5341796875,827.7291324013157,813.8759251644736,822.5341796875,12350,0.0,0.0
2014-02-18 00:00:00+09:00,815.6076011816001,836.3874126766727,815.6076011816001,834.65576171875,33520,0.0,0.0
2014-02-19 00:00:00+09:00,841.5824458007813,903.9218862304688,839.8507946777344,865.8255615234375,139486,0.0,0.0
2014-02-20 00:00:00+09:00,855.4355037355886,926.4331872440079,855.4355037355886,891.8001708984375,137618,0.0,0.0
2014-02-21 00:00:00+09:00,910.8484290415846,910.8484290415846,865.8255028912401,879.6787109375,99494,0.0,0.0
2014-02-24 00:00:00+09:00,883.1419446991712,883.1419446991712,850.2405781319471,851.9722290039062,26598,0.0,0.0
2014-02-25 00:00:00+09:00,900.4584168336673,952.4079408817636,864.09375,864.09375,121540,0.0,0.0
2014-02-26 00:00:00+09:00,884.8736563438226,888.3369583255989,815.6076167082983,838.1190795898438,92460,0.0,0.0
2014-02-27 00:00:00+09:00,838.1190795898438,858.8988914805011,820.8025696809627,838.1190795898438,61884,0.0,0.0
2014-02-28 00:00:00+09:00,832.9241214328341,843.3140273134932,810.4126586914062,810.4126586914062,87860,0.0,0.0
2014-03-03 00:00:00+09:00,827.7290684214809,829.4607191922371,761.9263391327439,789.6327514648438,54308,0.0,0.0
2014-03-04 00:00:00+09:00,786.1696010353292,812.1443675893598,767.1214388957067,782.706298828125,26556,0.0,0.0
2014-03-05 00:00:00+09:00,779.2429131976629,827.7291389077398,779.2429131976629,817.3392333984375,48484,0.0,0.0
2014-03-06 00:00:00+09:00,824.2658665322849,827.7291684925046,810.4126586914062,810.4126586914062,17340,0.0,0.0
2014-03-07 00:00:00+09:00,825.9975069291364,838.1190636345955,813.8759502236775,834.65576171875,31814,0.0,0.0
2014-03-10 00:00:00+09:00,834.65575445266,872.7520751953125,819.0708959670293,872.7520751953125,44216,0.0,0.0
2014-03-11 00:00:00+09:00,876.2153408860913,1002.6258544921876,858.8988321729275,1002.6258544921875,569784,0.0,0.0
2014-03-12 00:00:00+09:00,1104.7933942522322,1151.5479736328125,1082.2819301060267,1151.5479736328125,522576,0.0,0.0
2014-03-13 00:00:00+09:00,1281.4216195125093,1298.7381278843,1084.0134240740958,1155.0111083984375,2995096,0.0,0.0
2014-03-14 00:00:00+09:00,1109.9880535347381,1262.373308934203,1013.0156182805332,1132.49951171875,1549722,0.0,0.0
2014-03-17 00:00:00+09:00,1115.1831825657894,1246.7886513157894,1111.719880756579,1184.44921875,814132,0.0,0.0
2014-03-19 00:00:00+09:00,1160.2063361015028,1180.9861510764551,1125.573311143249,1134.2315673828125,262848,0.0,0.0
2014-03-20 00:00:00+09:00,1094.4034209280303,1142.8896484375,1073.6236091382575,1142.8896484375,270484,0.0,0.0
2014-03-21 00:00:00+09:00,1073.6236572265625,1135.9630953881049,987.0411042244205,1073.6236572265625,310460,0.0,0.0
2014-03-24 00:00:00+09:00,1033.7956128801618,1037.2589147658575,976.651131766183,1018.2107543945312,296446,0.0,0.0
2014-03-25 00:00:00+09:00,1006.0893427151353,1075.3553904063667,969.7246676772388,1044.1856689453125,390284,0.0,0.0
2014-03-26 00:00:00+09:00,1033.795652315214,1104.7933436802455,1033.795652315214,1066.697021484375,217708,0.0,0.0
2014-03-27 00:00:00+09:00,1066.6969703851744,1080.550177792774,1009.5524898288259,1042.453857421875,166622,0.0,0.0
2014-03-28 00:00:00+09:00,1042.453850770608,1082.2818218133389,1007.8208324725811,1080.5501708984375,186684,0.0,0.0
2014-03-31 00:00:00+09:00,1080.5501121533441,1109.9881761062397,1038.9904924551386,1061.501953125,118094,0.0,0.0
2014-04-01 00:00:00+09:00,1054.5754075815246,1070.1602658216457,1007.8208328611615,1014.7474365234375,104158,0.0,0.0
2014-04-02 00:00:00+09:00,1014.747499819155,1030.3323590313946,1006.0892447012442,1028.6007080078125,58134,0.0,0.0
2014-04-03 00:00:00+09:00,1030.3323271153338,1032.0639780852755,1007.8208645060911,1021.674072265625,55586,0.0,0.0
2014-04-04 00:00:00+09:00,1023.4056350683115,1090.9400170778956,1019.9423334267943,1061.501953125,118160,0.0,0.0
2014-04-07 00:00:00+09:00,1219.0823206018517,1219.0823206018517,1103.061702021846,1122.10986328125,2058896,0.0,0.0
2014-04-08 00:00:00+09:00,1090.9401097790949,1092.6717607469982,1045.9171846136085,1054.575439453125,458434,0.0,0.0
2014-04-09 00:00:00+09:00,1090.9399684129564,1179.2541563321004,1077.0867624648554,1174.0592041015625,533016,0.0,0.0
2014-04-10 00:00:00+09:00,1180.9858962724795,1180.9858962724795,1101.3299560546875,1101.3299560546875,188262,0.0,0.0
2014-04-11 00:00:00+09:00,1090.940149526127,1092.6718005571208,1047.6488737512807,1056.30712890625,128082,0.0,0.0
2014-04-14 00:00:00+09:00,1056.307146626134,1077.0869593466482,1028.6007296654486,1073.6236572265625,98748,0.0,0.0
2014-04-15 00:00:00+09:00,1061.5020958098355,1077.086955291546,1016.4791684182275,1045.917236328125,65604,0.0,0.0
2014-04-16 00:00:00+09:00,1045.91725020903,1056.30715666806,1021.6741351379599,1035.52734375,86892,0.0,0.0
2014-04-17 00:00:00+09:00,1033.7956679290926,1049.3805272446066,1004.3576003331218,1023.40576171875,53764,0.0,0.0
2014-04-18 00:00:00+09:00,1009.5523917004954,1063.2335651871426,1009.5523917004954,1059.770263671875,64426,0.0,0.0
2014-04-21 00:00:00+09:00,1070.1601682176777,1070.1601682176777,1032.0638515497346,1059.770263671875,32564,0.0,0.0
2014-04-22 00:00:00+09:00,1058.0387426344016,1058.0387426344016,993.9676567465573,1021.674072265625,39648,0.0,0.0
2014-04-23 00:00:00+09:00,1038.9905686346476,1052.8437762164428,1021.6740591574035,1032.06396484375,53888,0.0,0.0
2014-04-24 00:00:00+09:00,1011.2840637101979,1033.7955240325139,1004.3574605341006,1006.089111328125,88710,0.0,0.0
2014-04-25 00:00:00+09:00,1019.9423072603014,1019.9423072603014,993.9675456153022,997.4308471679688,143754,0.0,0.0
2014-04-28 00:00:00+09:00,990.5042520434831,1016.4790138977703,966.2611409794819,973.187744140625,9478,0.0,0.0
2014-04-29 00:00:00+09:00,971.4559880234234,985.3091928437218,952.4078313955131,957.602783203125,18812,0.0,0.0
2014-04-30 00:00:00+09:00,952.407847697659,1000.8940653986307,919.5064856862854,980.1142578125,54356,0.0,0.0
2014-05-02 00:00:00+09:00,981.8460928796633,990.5043476669618,942.0181208580897,947.2130737304688,17980,0.0,0.0
2014-05-07 00:00:00+09:00,940.286501120065,954.1397092396977,871.0204605219019,907.3851318359375,31114,0.0,0.0
2014-05-08 00:00:00+09:00,914.3116807725695,945.4813971625434,900.4584734881366,935.0914916992188,33342,0.0,0.0
2014-05-09 00:00:00+09:00,950.6761807929759,1014.7472530868558,907.3849157295434,957.602783203125,52402,0.0,0.0
2014-05-12 00:00:00+09:00,978.3827316696579,978.3827316696579,942.0180637668919,961.0662231445312,14170,0.0,0.0
2014-05-13 00:00:00+09:00,962.79801583556,962.79801583556,903.9218781765509,931.6282958984375,56466,0.0,0.0
2014-05-14 00:00:00+09:00,935.0915170282508,948.9447246879286,919.5066584111132,947.2130737304688,33542,0.0,0.0
2014-05-15 00:00:00+09:00,945.4815047593809,950.6764580822346,924.7016914679659,931.6282958984375,19842,0.0,0.0
2014-05-16 00:00:00+09:00,919.5067381451122,943.7498536517629,919.5067381451122,931.6282958984375,13016,0.0,0.0
2014-05-19 00:00:00+09:00,931.6281966868514,940.2864513029002,798.2910755996999,896.9951782226562,96232,0.0,0.0
2014-05-20 00:00:00+09:00,869.2887024048097,886.6052104208417,864.09375,864.09375,31246,0.0,0.0
2014-05-21 00:00:00+09:00,864.0937949474189,900.458463672661,860.6304931640625,860.6304931640625,36202,0.0,0.0
2014-05-22 00:00:00+09:00,841.5824973366477,891.8003829801926,841.5824973366477,857.1673583984375,34756,0.0,0.0
2014-05-23 00:00:00+09:00,848.5089494293811,890.0685714422488,846.7772985121783,883.1419677734375,26966,0.0,0.0
2014-05-26 00:00:00+09:00,886.6053041187739,928.1649277493414,874.483747226525,903.9218139648438,36230,0.0,0.0
2014-05-27 00:00:00+09:00,890.0685585672542,909.1167183809503,879.678653214329,893.5318603515625,23252,0.0,0.0
2014-05-28 00:00:00+09:00,900.4584504690606,900.4584504690606,871.0203857421875,871.0203857421875,22920,0.0,0.0
2014-05-29 00:00:00+09:00,874.4837579201525,888.3369659664123,867.5571538970225,879.6787109375,12150,0.0,0.0
2014-05-30 00:00:00+09:00,884.8736956119537,896.9952530860901,876.2154402732849,886.6053466796875,28554,0.0,0.0
2014-06-02 00:00:00+09:00,896.9952141748715,896.9952141748715,869.2887982930222,884.8736572265625,12912,0.0,0.0
2014-06-03 00:00:00+09:00,890.0686398718719,893.5319419725407,874.4837804188626,877.9470825195312,6226,0.0,0.0
2014-06-05 00:00:00+09:00,877.9470205884461,980.1144253512041,877.9470205884461,943.749755859375,36656,0.0,0.0
2014-06-09 00:00:00+09:00,943.7497986410266,943.7497986410266,909.1167785074109,926.4332885742188,8926,0.0,0.0
2014-06-10 00:00:00+09:00,942.0181866546176,942.0181866546176,916.0434204784792,928.1649780273438,8136,0.0,0.0
2014-06-11 00:00:00+09:00,938.5547637648809,952.407970610119,877.9469838169642,909.11669921875,23876,0.0,0.0
2014-06-12 00:00:00+09:00,907.3851476168905,922.9700070225241,895.2635903013977,910.8484497070312,2988,0.0,0.0
2014-06-13 00:00:00+09:00,898.7267975941385,943.7497200169662,898.7267975941385,922.9699096679688,12244,0.0,0.0
2014-06-16 00:00:00+09:00,905.6533888213489,938.5547547632335,905.6533888213489,933.3598022460938,2434,0.0,0.0
2014-06-17 00:00:00+09:00,919.5066180956857,992.2359551202031,907.3850619249328,964.529541015625,128050,0.0,0.0
2014-06-18 00:00:00+09:00,981.8460830744782,981.8460830744782,924.7016020489795,938.5548095703125,20792,0.0,0.0
2014-06-19 00:00:00+09:00,938.5546718085421,967.9927334704337,916.043212890625,916.043212890625,25818,0.0,0.0
2014-06-20 00:00:00+09:00,955.8713933771306,955.8713933771306,914.311767578125,914.311767578125,848,0.0,0.0
2014-06-23 00:00:00+09:00,902.1901629802367,922.9699747955204,902.1901629802367,903.9218139648438,10424,0.0,0.0
2014-06-24 00:00:00+09:00,902.1900796981432,928.164842069491,900.4584288733868,905.6533813476562,29212,0.0,0.0
2014-06-25 00:00:00+09:00,903.9217753092448,961.0662553575304,903.9217753092448,935.0914916992188,32890,0.0,0.0
2014-06-26 00:00:00+09:00,929.8966133031953,969.7245874297753,922.9700091072683,924.70166015625,10712,0.0,0.0
2014-06-27 00:00:00+09:00,917.7749683491959,1063.233642578125,917.7749683491959,1063.233642578125,231616,0.0,0.0
2014-06-30 00:00:00+09:00,1129.0364081109321,1129.0364081109321,990.5043334960939,990.5043334960938,281122,0.0,0.0
2014-07-01 00:00:00+09:00,1000.8943089365171,1063.2337468633589,969.724589973096,1045.917236328125,106664,0.0,0.0
2014-07-02 00:00:00+09:00,1045.9171926573147,1054.5754475634183,1006.0892200892382,1016.4791259765625,90644,0.0,0.0
2014-07-03 00:00:00+09:00,1013.0157041549684,1047.648719681634,990.5042440626357,997.4308471679688,72494,0.0,0.0
2014-07-04 00:00:00+09:00,985.3094846725464,1142.889736175537,973.187926864624,1108.2567138671875,256644,0.0,0.0
2014-07-07 00:00:00+09:00,1125.573176443126,1156.7428951753973,1042.4539264904029,1144.621337890625,225174,0.0,0.0
2014-07-08 00:00:00+09:00,1144.621302564811,1165.401114411676,1070.160310113545,1077.0869140625,170090,0.0,0.0
2014-07-09 00:00:00+09:00,1082.2816959097368,1084.0133466231923,1047.648681640625,1047.648681640625,67420,0.0,0.0
2014-07-10 00:00:00+09:00,1077.086955291546,1077.086955291546,983.5777984012832,1045.917236328125,78760,0.0,0.0
2014-07-11 00:00:00+09:00,1033.7956475830078,1051.1121575927734,1007.8208825683595,1038.9906005859375,39802,0.0,0.0
2014-07-14 00:00:00+09:00,1047.6488603864398,1071.8919745110845,1023.4057462617948,1066.697021484375,110678,0.0,0.0
2014-07-15 00:00:00+09:00,1106.5249080812525,1106.5249080812525,1061.5019853737213,1068.4285888671875,72364,0.0,0.0
2014-07-16 00:00:00+09:00,1066.6971270369224,1090.9402435604889,1047.6489640541204,1049.380615234375,68830,0.0,0.0
2014-07-17 00:00:00+09:00,1090.9400833484738,1090.9400833484738,1042.453857421875,1042.453857421875,46844,0.0,0.0
2014-07-18 00:00:00+09:00,1070.1604020656894,1070.1604020656894,1009.5526123046875,1009.5526123046875,47954,0.0,0.0
2014-07-21 00:00:00+09:00,1028.6006308890678,1063.2336487641205,1019.9423764203045,1025.1373291015625,35462,0.0,0.0
2014-07-22 00:00:00+09:00,1025.1373602642277,1111.7199075838414,1014.7474545858739,1064.96533203125,72090,0.0,0.0
2014-07-23 00:00:00+09:00,1089.208405833291,1089.208405833291,1054.5753881597363,1063.233642578125,37856,0.0,0.0
2014-07-24 00:00:00+09:00,1066.6969331781913,1208.6923041532104,1052.8437262537993,1139.42626953125,329680,0.0,0.0
2014-07-25 00:00:00+09:00,1137.6946954900568,1156.7428562973485,1094.4034209280303,1142.8896484375,94556,0.0,0.0
2014-07-28 00:00:00+09:00,1142.8896164312596,1206.9607009887695,1116.9148524214581,1135.9630126953125,115322,0.0,0.0
2014-07-29 00:00:00+09:00,1135.9631317138671,1160.206247329712,1094.4035049438476,1108.2567138671875,49640,0.0,0.0
2014-07-30 00:00:00+09:00,1097.8668071746827,1141.1580850601197,1063.233784866333,1108.2567138671875,80594,0.0,0.0
2014-07-31 00:00:00+09:00,1129.0365272521972,1141.1580850601197,1077.0869937896728,1108.2567138671875,17498,0.0,0.0
2014-08-01 00:00:00+09:00,1127.304559830132,1141.1577648664468,1090.939896609805,1132.49951171875,21760,0.0,0.0
2014-08-04 00:00:00+09:00,1163.6695454761,1170.5961499134578,1115.183314414596,1141.1580810546875,48042,0.0,0.0
2014-08-05 00:00:00+09:00,1144.6212095697242,1177.5225756541793,1134.2313044904226,1149.816162109375,52736,0.0,0.0
2014-08-06 00:00:00+09:00,1172.3277472280859,1250.252043572641,1142.8896797201428,1243.325439453125,267568,0.0,0.0
2014-08-07 00:00:00+09:00,1232.9353558669077,1316.0545933410813,1194.839038691245,1257.178466796875,149670,0.0,0.0
2014-08-08 00:00:00+09:00,1246.7888493827695,1277.9585706173386,1167.1328951166481,1253.7154541015625,97634,0.0,0.0
2014-08-11 00:00:00+09:00,1219.0822431328234,1262.373515971347,1177.5226212078408,1245.0570068359375,47604,0.0,0.0
2014-08-12 00:00:00+09:00,1246.7887972608025,1262.3736572265625,1189.6443107196824,1262.3736572265625,117906,0.0,0.0
2014-08-13 00:00:00+09:00,1236.398815296703,1258.9102783203125,1210.4240502694615,1258.9102783203125,130614,0.0,0.0
2014-08-14 00:00:00+09:00,1260.6419754831416,1338.5662734182258,1246.7887669613488,1316.0548095703125,277096,0.0,0.0
2014-08-18 00:00:00+09:00,1317.7864606355367,1347.2245287443463,1253.715371222245,1316.0548095703125,199818,0.0,0.0
2014-08-19 00:00:00+09:00,1298.7382333489911,1385.320782238924,1281.4217235710046,1368.0042724609375,312188,0.0,0.0
2014-08-20 00:00:00+09:00,1369.735941772461,1449.391887817383,1350.6877807617188,1385.32080078125,116288,0.0,0.0
2014-08-21 00:00:00+09:00,1385.32080078125,1409.5639147949219,1350.6877807617188,1385.32080078125,307008,0.0,0.0
2014-08-22 00:00:00+09:00,1400.9053455699573,1411.2952492453835,1361.0773814808238,1409.5635986328125,169778,0.0,0.0
2014-08-25 00:00:00+09:00,1409.5638834635415,1548.0959604624154,1368.0042603638794,1537.7060546875,302920,0.0,0.0
2014-08-26 00:00:00+09:00,1568.8758858816964,1568.8758858816964,1454.5869140625,1515.1947021484375,133442,0.0,0.0
2014-08-27 00:00:00+09:00,1506.5363082595652,1523.852817549905,1364.5409320787785,1366.2725830078125,177806,0.0,0.0
2014-08-28 00:00:00+09:00,1335.102883784287,1426.8803842260086,1271.0317985702552,1416.490478515625,130932,0.0,0.0
2014-08-29 00:00:00+09:00,1419.9536498110194,1437.270157735544,1361.0775228676357,1388.783935546875,38268,0.0,0.0
2014-09-01 00:00:00+09:00,1347.2243527782207,1421.6853388572226,1347.2243527782207,1357.6142578125,56660,0.0,0.0
2014-09-02 00:00:00+09:00,1343.7610311187823,1383.5889998246225,1321.2495705459162,1340.2977294921875,51036,0.0,0.0
2014-09-03 00:00:00+09:00,1336.8344983552631,1374.930818256579,1283.1533203125,1283.1533203125,25602,0.0,0.0
2014-09-04 00:00:00+09:00,1281.421630859375,1348.9560141073691,1243.3253121040964,1281.421630859375,65800,0.0,0.0
2014-09-05 00:00:00+09:00,1342.029540846318,1342.029540846318,1248.5203857421875,1248.5203857421875,35480,0.0,0.0
2014-09-11 00:00:00+09:00,1248.5202901257546,1326.444580078125,1222.545526808298,1326.444580078125,36072,0.0,0.0
2014-09-12 00:00:00+09:00,1298.738295032132,1361.0777331936745,1265.8369248913182,1288.348388671875,5390,0.0,0.0
2014-09-15 00:00:00+09:00,1324.7128381863445,1324.7128381863445,1229.4720458984375,1229.4720458984375,22070,0.0,0.0
2014-09-16 00:00:00+09:00,1229.4721487862723,1302.2014871651786,1193.107479596819,1212.1556396484375,26944,0.0,0.0
2014-09-17 00:00:00+09:00,1267.5683628136003,1267.5683628136003,1229.4720458984375,1229.4720458984375,30592,0.0,0.0
2014-09-18 00:00:00+09:00,1238.130415619397,1345.4927733374425,1229.4721609647158,1267.5684814453125,19192,0.0,0.0
2014-09-19 00:00:00+09:00,1316.0547543878424,1316.0547543878424,1246.788714683219,1264.105224609375,2042,0.0,0.0
2014-09-22 00:00:00+09:00,1333.3712446424697,1333.3712446424697,1219.0822808159721,1246.7886962890625,1818,0.0,0.0
2014-09-23 00:00:00+09:00,1272.7635796125544,1274.495230741279,1189.6443254337755,1191.3759765625,13618,0.0,0.0
2014-09-24 00:00:00+09:00,1203.4974102791837,1269.3001463807793,1177.5226460285537,1224.2772216796875,3946,0.0,0.0
2014-09-25 00:00:00+09:00,1267.5685011994296,1267.5685011994296,1194.8391609666753,1251.983642578125,20620,0.0,0.0
2014-09-26 00:00:00+09:00,1251.9836241092737,1336.8345197957942,1201.7657470703125,1201.7657470703125,9792,0.0,0.0
2014-09-29 00:00:00+09:00,1206.96060796409,1264.1050843813282,1175.7908935546875,1175.7908935546875,21988,0.0,0.0
2014-09-30 00:00:00+09:00,1191.3757113422294,1193.1073620854593,1103.0615234375,1103.0615234375,21532,0.0,0.0
2014-10-01 00:00:00+09:00,1103.0616262335525,1184.44921875,1103.0616262335525,1184.44921875,41516,0.0,0.0
2014-10-02 00:00:00+09:00,1163.6694401625562,1175.7909968309161,1129.0364211100991,1158.4744873046875,1202,0.0,0.0
2014-10-06 00:00:00+09:00,1127.3047637939453,1177.5226411365327,1125.5731128510974,1163.66943359375,20132,0.0,0.0
2014-10-07 00:00:00+09:00,1163.669515086207,1255.447021484375,1115.1832852909483,1255.447021484375,22842,0.0,0.0
2014-10-08 00:00:00+09:00,1232.9355884023491,1290.0800749434693,1132.4998241785622,1262.3736572265625,23930,0.0,0.0
2014-10-10 00:00:00+09:00,1184.4492562033913,1272.7634551308372,1184.4492562033913,1219.082275390625,22384,0.0,0.0
2014-10-13 00:00:00+09:00,1220.8139803104245,1271.0318603515625,1125.5731733358523,1271.0318603515625,37020,0.0,0.0
2014-10-14 00:00:00+09:00,1274.4950274493244,1281.421630859375,1229.472105283995,1281.421630859375,19164,0.0,0.0
2014-10-15 00:00:00+09:00,1277.9583291543497,1305.6647427945525,1238.1303595465583,1281.421630859375,26888,0.0,0.0
2014-10-16 00:00:00+09:00,1281.4217197847681,1307.396484375,1236.3987944950331,1307.396484375,3314,0.0,0.0
2014-10-17 00:00:00+09:00,1297.0065403136398,1316.0547004517573,1271.031776488934,1305.664794921875,44298,0.0,0.0
2014-10-20 00:00:00+09:00,1291.811661253359,1312.5914734987214,1248.5203857421875,1248.5203857421875,45372,0.0,0.0
2014-10-21 00:00:00+09:00,1271.0316730425707,1271.0316730425707,1222.545451182636,1257.178466796875,9522,0.0,0.0
2014-10-22 00:00:00+09:00,1234.66715773491,1281.4217345355307,1217.3506478087543,1264.105224609375,874,0.0,0.0
2014-10-23 00:00:00+09:00,1232.9354440789473,1312.5913856907894,1179.2542660361842,1250.251953125,10378,0.0,0.0
2014-10-24 00:00:00+09:00,1222.5456364072602,1250.2520530963766,1196.5708707612137,1205.2291259765625,5126,0.0,0.0
2014-10-27 00:00:00+09:00,1168.8642211060424,1238.1302490234375,1168.8642211060424,1238.1302490234375,7114,0.0,0.0
2014-10-28 00:00:00+09:00,1196.5708358973673,1264.105224609375,1189.644231926905,1264.105224609375,3704,0.0,0.0
2014-10-29 00:00:00+09:00,1274.4951305650684,1342.0295192770761,1264.105224609375,1264.105224609375,4550,0.0,0.0
2014-10-30 00:00:00+09:00,1264.1052614409348,1333.3713031637258,1205.2291259765625,1205.2291259765625,2382,0.0,0.0
2014-10-31 00:00:00+09:00,1196.570786858111,1312.5913986084631,1189.6441831715226,1305.664794921875,2848,0.0,0.0
2014-11-03 00:00:00+09:00,1305.6648019259094,1312.5914056496542,1227.7405100337796,1267.5684814453125,4602,0.0,0.0
2014-11-04 00:00:00+09:00,1267.568519914947,1329.9079553206002,1238.130453195611,1269.3001708984375,5158,0.0,0.0
2014-11-05 00:00:00+09:00,1338.566070637162,1338.566070637162,1269.3000385213968,1312.59130859375,10734,0.0,0.0
2014-11-06 00:00:00+09:00,1236.3988244580657,1316.0547711318347,1236.3988244580657,1314.3231201171875,4024,0.0,0.0
2014-11-07 00:00:00+09:00,1342.0294836553605,1342.0294836553605,1281.4217005225378,1322.9813232421875,1574,0.0,0.0
2014-11-10 00:00:00+09:00,1342.029575548674,1342.029575548674,1277.9584861353824,1316.0548095703125,2106,0.0,0.0
2014-11-11 00:00:00+09:00,1291.8116569267745,1317.7864221464818,1291.8116569267745,1314.3231201171875,2002,0.0,0.0
2014-11-12 00:00:00+09:00,1310.8597863203643,1310.8597863203643,1281.4217197847681,1307.396484375,112,0.0,0.0
2014-11-13 00:00:00+09:00,1281.4217708333333,1314.323140625,1234.6671927083332,1298.73828125,422,0.0,0.0
2014-11-14 00:00:00+09:00,1161.9376705394072,1297.0064310492041,1161.9376705394072,1295.2747802734375,2736,0.0,0.0
2014-11-17 00:00:00+09:00,1312.591528714666,1312.591528714666,1179.25439453125,1179.25439453125,1924,0.0,0.0
2014-11-18 00:00:00+09:00,1246.7885699230205,1246.7885699230205,1180.98583984375,1180.98583984375,6498,0.0,0.0
2014-11-19 00:00:00+09:00,1167.13269145837,1262.3734897227769,1167.13269145837,1232.9354248046875,26106,0.0,0.0
2014-11-20 00:00:00+09:00,1219.0823138297872,1232.9355219414892,1177.5226894946807,1220.81396484375,7878,0.0,0.0
2014-11-21 00:00:00+09:00,1219.0821981837605,1219.0821981837605,1215.618896484375,1215.618896484375,432,0.0,0.0
2014-11-24 00:00:00+09:00,1246.788690740412,1246.788690740412,1153.279538934881,1219.082275390625,4510,0.0,0.0
2014-11-25 00:00:00+09:00,1250.2518277554898,1250.2518277554898,1168.8642434002156,1217.3504638671875,10220,0.0,0.0
2014-11-26 00:00:00+09:00,1184.4490694527788,1243.3251927881508,1172.3275146484375,1172.3275146484375,13340,0.0,0.0
2014-11-27 00:00:00+09:00,1146.352841971002,1184.4491599821229,1125.5730321467543,1165.4010009765625,5084,0.0,0.0
2014-11-28 00:00:00+09:00,1165.4012975400212,1279.6902806568733,1113.451759759634,1129.03662109375,37102,0.0,0.0
2014-12-01 00:00:00+09:00,1130.768113727811,1130.768113727811,1063.2337240870995,1094.4034423828125,1026,0.0,0.0
2014-12-02 00:00:00+09:00,1099.5985107421875,1115.1833715243602,1063.2338355837844,1099.5985107421875,3650,0.0,0.0
2014-12-03 00:00:00+09:00,1111.7197552224864,1111.7197552224864,995.6991577148438,995.6991577148438,14418,0.0,0.0
2014-12-04 00:00:00+09:00,1007.8209169449345,1139.4263975081906,974.9195468041205,1073.6236572265625,42780,0.0,0.0
2014-12-05 00:00:00+09:00,1108.2565789473683,1108.2565789473683,1061.5020045230262,1085.7451171875,5588,0.0,0.0
2014-12-08 00:00:00+09:00,1104.7933029993098,1106.5249539444499,1068.4286331513701,1097.86669921875,5748,0.0,0.0
2014-12-09 00:00:00+09:00,1080.5500956757019,1191.3757465142355,1080.5500956757019,1109.9881591796875,16096,0.0,0.0
2014-12-10 00:00:00+09:00,1120.378365522373,1220.8141386294792,1120.378365522373,1156.7430419921875,31832,0.0,0.0
2014-12-11 00:00:00+09:00,1205.2289903230233,1205.2289903230233,1146.3528614854044,1182.717529296875,124,0.0,0.0
2014-12-12 00:00:00+09:00,1161.9377130002392,1194.8390789421237,1130.7679978974013,1187.9124755859375,19826,0.0,0.0
2014-12-15 00:00:00+09:00,1144.621153721152,1201.7656288691066,1080.5500755249604,1092.671630859375,84036,0.0,0.0
2014-12-16 00:00:00+09:00,1045.917146381579,1193.1074732730262,988.7726665296052,1118.646484375,13020,0.0,0.0
2014-12-17 00:00:00+09:00,1120.3782328574312,1160.2062071321157,1078.8186075273254,1106.5250244140625,5110,0.0,0.0
2014-12-18 00:00:00+09:00,1080.5501707085925,1158.4744618654622,1054.5754069896361,1113.4515380859375,86404,0.0,0.0
2014-12-19 00:00:00+09:00,1120.3781100102108,1177.5225885733282,1056.3070279848973,1139.42626953125,41458,0.0,0.0
2014-12-22 00:00:00+09:00,1130.7679538605319,1177.522524693969,1087.4766845703125,1087.4766845703125,85530,0.0,0.0
2014-12-23 00:00:00+09:00,1097.8668595441684,1151.5480466827632,1073.6237427718995,1099.5985107421875,31614,0.0,0.0
2014-12-24 00:00:00+09:00,1094.4034491752782,1125.5731676644475,1056.3071265774047,1089.20849609375,123906,0.0,0.0
2014-12-26 00:00:00+09:00,1025.137397270698,1097.8667396446326,1025.137397270698,1066.697021484375,121948,0.0,0.0
2014-12-29 00:00:00+09:00,1106.5249468175377,1184.4492388469419,1077.0868809397628,1135.9630126953125,202,0.0,0.0
2014-12-30 00:00:00+09:00,1168.864600815459,1168.864600815459,1090.9402940944283,1156.7430419921875,92,0.0,0.0
2015-01-02 00:00:00+09:00,1203.4974052792502,1203.4974052792502,1064.965329851423,1163.66943359375,36,0.0,0.0
2015-01-05 00:00:00+09:00,1009.5525227864583,1194.8391779119318,1009.5525227864583,1142.8896484375,182,0.0,0.0
2015-01-06 00:00:00+09:00,1141.1580850601197,1141.1580850601197,1092.6718538284301,1108.2567138671875,650,0.0,0.0
2015-01-07 00:00:00+09:00,1066.6968834918478,1155.0110735212054,1045.9170740731754,1115.18310546875,3514,0.0,0.0
2015-01-08 00:00:00+09:00,1113.4513547938168,1134.2311623482892,1089.2082459802657,1132.49951171875,1006,0.0,0.0
2015-01-09 00:00:00+09:00,1151.5478515625,1151.5478515625,1077.0868626644735,1085.7451171875,25144,0.0,0.0
2015-01-12 00:00:00+09:00,1084.01349165763,1120.3781615055698,1078.8185388222103,1097.86669921875,1412,0.0,0.0
2015-01-13 00:00:00+09:00,1111.7198142292948,1111.7198142292948,1019.9423217773438,1019.9423217773438,13766,0.0,0.0
2015-01-14 00:00:00+09:00,1025.1373581659225,1056.3070751371838,988.7726883661179,1018.2107543945312,34646,0.0,0.0
2015-01-15 00:00:00+09:00,1033.7955835703256,1038.9905362515835,1014.7474237390466,1025.1373291015625,2170,0.0,0.0
2015-01-16 00:00:00+09:00,1023.4057482235396,1038.9906073335428,962.7979627957495,1033.795654296875,11450,0.0,0.0
2015-01-19 00:00:00+09:00,1007.8208645060911,1035.527280025159,1007.8208645060911,1021.674072265625,8076,0.0,0.0
2015-01-20 00:00:00+09:00,1016.4792386895688,1018.2108898628048,993.9677734374999,993.9677734375,14660,0.0,0.0
2015-01-21 00:00:00+09:00,1013.0159833184604,1014.7476345719962,997.4311220366379,1004.3577270507812,18052,0.0,0.0
2015-01-22 00:00:00+09:00,1004.3574605341006,1037.2588256205624,990.5042541819062,1006.089111328125,4012,0.0,0.0
2015-01-23 00:00:00+09:00,1004.357505363504,1004.357505363504,969.7244879371763,1002.6258544921875,19316,0.0,0.0
2015-01-26 00:00:00+09:00,987.0408863740809,1038.9904067095588,959.3344755284926,1030.3321533203125,6686,0.0,0.0
2015-01-27 00:00:00+09:00,1035.527221047199,1035.527221047199,987.04099665034,1002.6258544921875,9060,0.0,0.0
2015-01-28 00:00:00+09:00,995.6992637008481,1092.6717137308437,978.3827547669204,992.2359619140625,32988,0.0,0.0
2015-01-29 00:00:00+09:00,999.1625656952729,1049.3804416140995,987.0410094390044,1025.1373291015625,18160,0.0,0.0
2015-01-30 00:00:00+09:00,1035.5272174040197,1047.6487734605885,988.7726440429688,988.7726440429688,10344,0.0,0.0
2015-02-02 00:00:00+09:00,993.9675556605179,1019.9423175680226,938.5547302578409,954.1395874023438,39100,0.0,0.0
2015-02-03 00:00:00+09:00,957.6029914855957,969.7245483398438,874.4837444850377,969.7245483398438,68664,0.0,0.0
2015-02-04 00:00:00+09:00,1000.8942263002749,1000.8942263002749,935.0914916992189,935.0914916992188,6204,0.0,0.0
2015-02-05 00:00:00+09:00,961.0662131569602,985.3093248401988,924.7015456321022,952.407958984375,5830,0.0,0.0
2015-02-06 00:00:00+09:00,981.8461051940918,981.8461051940918,969.7245483398438,969.7245483398438,4026,0.0,0.0
2015-02-09 00:00:00+09:00,974.9195012773787,974.9195012773787,962.7979444231306,969.7245483398438,2104,0.0,0.0
2015-02-10 00:00:00+09:00,987.0410024755947,987.0410024755947,954.1396357264083,964.529541015625,4922,0.0,0.0
2015-02-11 00:00:00+09:00,969.724509910301,971.4561608208551,928.1648880570024,935.0914916992188,52146,0.0,0.0
2015-02-12 00:00:00+09:00,935.0912925845287,959.3344001700534,928.1646904172359,950.6761474609375,26006,0.0,0.0
2015-02-13 00:00:00+09:00,947.2130322002638,969.7244936602334,940.2864286741192,964.529541015625,16224,0.0,0.0
2015-02-16 00:00:00+09:00,959.3346529022365,1097.8667327437147,959.3346529022365,1071.8919677734375,247594,0.0,0.0
2015-02-17 00:00:00+09:00,1099.5984046810963,1099.5984046810963,1032.064014472336,1056.30712890625,68088,0.0,0.0
2015-02-23 00:00:00+09:00,1056.3071087912713,1203.4974436228417,1049.3805047991973,1071.8919677734375,402854,0.0,0.0
2015-02-24 00:00:00+09:00,1084.0135606935887,1135.9630923562206,1075.3553054164834,1106.5250244140625,153908,0.0,0.0
2015-02-25 00:00:00+09:00,1104.7931490446392,1113.4514025637977,1052.8436279296875,1052.8436279296875,61242,0.0,0.0
2015-02-26 00:00:00+09:00,1038.9906094560986,1087.4768378973833,990.504381014814,1000.894287109375,183448,0.0,0.0
2015-02-27 00:00:00+09:00,1007.820694508272,1030.3321533203125,995.6991397633271,1030.3321533203125,67356,0.0,0.0
2015-03-02 00:00:00+09:00,1030.3322947635586,1052.8437566659557,1014.7474365234375,1014.7474365234375,47780,0.0,0.0
2015-03-03 00:00:00+09:00,1014.7474525088355,1038.9905657087054,1011.2841506231398,1018.2107543945312,45974,0.0,0.0
2015-03-04 00:00:00+09:00,1014.7475065434644,1023.40576171875,1009.5525534382931,1023.40576171875,61230,0.0,0.0
2015-03-05 00:00:00+09:00,1025.1373844453376,1096.1350749221263,1016.4791295091438,1077.0869140625,65368,0.0,0.0
2015-03-06 00:00:00+09:00,1066.6969055872755,1108.256525285481,1045.9170957381727,1061.501953125,38072,0.0,0.0
2015-03-09 00:00:00+09:00,1052.8436518838305,1142.8894905317898,1052.8436518838305,1103.0615234375,136412,0.0,0.0
2015-03-10 00:00:00+09:00,1123.8413655345041,1130.7679687119125,1078.81844488135,1109.9881591796875,122708,0.0,0.0
2015-03-11 00:00:00+09:00,1096.13504827361,1118.6465105604298,1082.28184071249,1097.86669921875,64974,0.0,0.0
2015-03-12 00:00:00+09:00,1090.9400634765625,1125.5730813647074,1085.7451107933407,1090.9400634765625,50300,0.0,0.0
2015-03-13 00:00:00+09:00,1087.4768383170983,1099.598395432098,1059.7704220542423,1094.4034423828125,55546,0.0,0.0
2015-03-16 00:00:00+09:00,1094.40355714813,1103.061813138226,1089.2086035540724,1099.5985107421875,19064,0.0,0.0
2015-03-17 00:00:00+09:00,1109.9880932270069,1109.9880932270069,1082.2816821636181,1096.1348876953125,32390,0.0,0.0
2015-03-18 00:00:00+09:00,1116.914813923386,1116.914813923386,1087.476749060289,1101.3299560546875,29524,0.0,0.0
2015-03-19 00:00:00+09:00,1101.3299425348614,1123.8414036244105,1078.8184814453125,1078.8184814453125,96092,0.0,0.0
2015-03-20 00:00:00+09:00,1080.550099811651,1104.793211025374,1019.9423217773438,1019.9423217773438,84262,0.0,0.0
2015-03-23 00:00:00+09:00,1019.94223326588,1026.8688358687043,987.0408709024645,1007.8206787109375,70156,0.0,0.0
2015-03-24 00:00:00+09:00,1007.8207870510216,1021.673993745881,978.3827228244454,985.309326171875,29450,0.0,0.0
2015-03-25 00:00:00+09:00,995.699113502098,995.699113502098,969.7243540194346,980.1142578125,41734,0.0,0.0
2015-03-26 00:00:00+09:00,980.1144120065788,997.4309210526316,971.4561574835526,987.041015625,89458,0.0,0.0
2015-03-27 00:00:00+09:00,985.3094195556641,1038.9906005859375,978.3828155517579,1038.9906005859375,61258,0.0,0.0
2015-03-30 00:00:00+09:00,1011.2841911379816,1058.038768467991,1011.2841911379816,1033.795654296875,47752,0.0,0.0
2015-03-31 00:00:00+09:00,1059.7704447563121,1059.7704447563121,1023.405772632321,1045.917236328125,25626,0.0,0.0
2015-04-01 00:00:00+09:00,1040.7221313891062,1070.1601950057698,1004.3574645685219,1019.9423217773438,76654,0.0,0.0
2015-04-02 00:00:00+09:00,1009.5525033511157,1047.6488242322898,987.04104101224,999.16259765625,48916,0.0,0.0
2015-04-03 00:00:00+09:00,999.1625654876336,1018.2107253149543,992.2359619140626,992.2359619140625,23294,0.0,0.0
2015-04-06 00:00:00+09:00,983.5778231686108,1021.6741473054232,983.5778231686108,1011.2842407226562,43508,0.0,0.0
2015-04-07 00:00:00+09:00,1032.0639656899914,1032.0639656899914,995.6992957579614,999.16259765625,12954,0.0,0.0
2015-04-08 00:00:00+09:00,1018.2105826151738,1059.7701982321198,997.4307748067009,1007.8206787109375,51130,0.0,0.0
2015-04-09 00:00:00+09:00,1021.6740140766678,1021.6740140766678,993.9676001356056,1002.6258544921875,54038,0.0,0.0
2015-04-10 00:00:00+09:00,1002.6257267588192,1045.9169930264711,974.9193163475219,1007.8206787109375,85490,0.0,0.0
2015-04-13 00:00:00+09:00,1030.332226583225,1030.332226583225,1007.8207661704822,1019.9423217773438,40354,0.0,0.0
2015-04-14 00:00:00+09:00,1054.5753942953572,1054.5753942953572,1007.820820164036,1025.1373291015625,47950,0.0,0.0
2015-04-15 00:00:00+09:00,1028.6005026424632,1042.4537080652574,1013.0156465418198,1030.3321533203125,62488,0.0,0.0
2015-04-16 00:00:00+09:00,1052.843612132353,1066.696817555147,1021.6738999310661,1030.3321533203125,71204,0.0,0.0
2015-04-17 00:00:00+09:00,1030.3324594070664,1056.307227291278,1028.6008082147855,1044.1856689453125,64742,0.0,0.0
2015-04-20 00:00:00+09:00,1032.064027899938,1066.6970489704056,1032.064027899938,1045.917236328125,42724,0.0,0.0
2015-04-21 00:00:00+09:00,1044.1855603702104,1108.2566478224455,1028.6007012602072,1033.795654296875,228100,0.0,0.0
2015-04-22 00:00:00+09:00,1045.9171658167259,1066.6969770581177,993.967637713246,1037.2589111328125,112038,0.0,0.0
2015-04-23 00:00:00+09:00,1052.8439080944352,1052.8439080944352,1019.942535966484,1026.869140625,52168,0.0,0.0
2015-04-24 00:00:00+09:00,1047.6488233732696,1047.6488233732696,1019.9424082096791,1032.06396484375,38584,0.0,0.0
2015-04-27 00:00:00+09:00,1032.064110599347,1052.8439249067164,1032.064110599347,1044.1856689453125,41832,0.0,0.0
2015-04-28 00:00:00+09:00,1052.8439249067164,1056.307227291278,1032.064110599347,1044.1856689453125,51346,0.0,0.0
2015-04-29 00:00:00+09:00,1047.648971329874,1051.1122737144358,1032.064110599347,1044.1856689453125,74066,0.0,0.0
2015-04-30 00:00:00+09:00,1049.3803323540806,1056.306935207903,1037.2587773598916,1047.648681640625,80472,0.0,0.0
2015-05-04 00:00:00+09:00,1049.3803323540806,1049.3803323540806,1033.7954759329805,1047.648681640625,49032,0.0,0.0
2015-05-06 00:00:00+09:00,1045.9172294905786,1056.3071357437964,1035.527323237361,1051.1121826171875,92112,0.0,0.0
2015-05-07 00:00:00+09:00,1056.30712890625,1068.428686123207,1045.9172227202869,1056.30712890625,64994,0.0,0.0
2015-05-08 00:00:00+09:00,1068.4286016536032,1127.3047320526673,1056.3070453949724,1058.0386962890625,440320,0.0,0.0
2015-05-11 00:00:00+09:00,1061.5019853737213,1077.0868432340205,1045.917127513422,1068.4285888671875,132106,0.0,0.0
2015-05-12 00:00:00+09:00,1071.8916847204314,1118.6462493205147,1054.575179312993,1070.1600341796875,87454,0.0,0.0
2015-05-13 00:00:00+09:00,1080.5502409578696,1099.5984022568066,1066.697032740461,1089.20849609375,134550,0.0,0.0
2015-05-14 00:00:00+09:00,1084.0134846757098,1137.6946636292994,1084.0134846757098,1135.9630126953125,235540,0.0,0.0
2015-05-15 00:00:00+09:00,1141.1579974550189,1184.4492720170454,1125.5731386126893,1142.8896484375,276262,0.0,0.0
2015-05-18 00:00:00+09:00,1127.3047652861296,1142.8896237923896,1064.9653312610903,1097.86669921875,142548,0.0,0.0
2015-05-19 00:00:00+09:00,1080.5503475639764,1118.6466739203986,1066.6971379798229,1099.5985107421875,74676,0.0,0.0
2015-05-20 00:00:00+09:00,1084.0134473116893,1115.1831630490863,1078.8184946887898,1101.3299560546875,82778,0.0,0.0
2015-05-21 00:00:00+09:00,1129.0362607135978,1129.0362607135978,1084.0133423415832,1123.84130859375,50558,0.0,0.0
2015-05-22 00:00:00+09:00,1142.8898236223758,1142.8898236223758,1115.183403655773,1134.2315673828125,56918,0.0,0.0
2015-05-26 00:00:00+09:00,1111.7198556824658,1156.74277818674,1111.7198556824658,1139.42626953125,50246,0.0,0.0
2015-05-27 00:00:00+09:00,1198.3022870515522,1198.3022870515522,1052.8436279296875,1052.8436279296875,146580,0.0,0.0
2015-05-28 00:00:00+09:00,1035.5273165343237,1085.7451964331453,1018.2108062243852,1056.30712890625,53520,0.0,0.0
2015-05-29 00:00:00+09:00,1056.3068969307076,1066.696800834944,990.5041722038767,1007.8206787109375,149992,0.0,0.0
2015-06-01 00:00:00+09:00,1007.8208825683595,1038.9906005859375,992.2360235595704,1038.9906005859375,53314,0.0,0.0
2015-06-02 00:00:00+09:00,1038.9905362515835,1052.8437434016046,993.9676130140149,1025.1373291015625,55616,0.0,0.0
2015-06-03 00:00:00+09:00,1002.6258995545386,1037.2589185374243,976.6511353173744,999.16259765625,86024,0.0,0.0
2015-06-04 00:00:00+09:00,1032.0639456791275,1032.0639456791275,999.1625782833165,1014.7474365234375,25442,0.0,0.0
2015-06-05 00:00:00+09:00,1014.747499819155,1028.6007080078125,980.1144793475115,1028.6007080078125,36764,0.0,0.0
2015-06-08 00:00:00+09:00,1021.6740599951257,1026.8690128425585,987.04104101224,999.16259765625,24340,0.0,0.0
2015-06-09 00:00:00+09:00,999.1627054885158,1021.6741702568879,990.5044498083727,1009.5526123046875,9304,0.0,0.0
2015-06-10 00:00:00+09:00,1009.5523451861213,1037.2587560317095,995.6991397633271,1030.3321533203125,9620,0.0,0.0
2015-06-11 00:00:00+09:00,1004.3576363341449,1025.137449499679,1004.3576363341449,1011.2842407226562,8126,0.0,0.0
2015-06-12 00:00:00+09:00,1032.0639656899914,1032.0639656899914,990.5043429105286,999.16259765625,17036,0.0,0.0
2015-06-15 00:00:00+09:00,1007.8208487374442,1019.942405337379,987.04103742327,1018.2107543945312,16136,0.0,0.0
2015-06-16 00:00:00+09:00,1021.6739580366348,1021.6739580366348,981.8459901809694,997.4308471679688,13072,0.0,0.0
2015-06-17 00:00:00+09:00,1004.3575891408954,1004.3575891408954,981.8461259360132,1000.894287109375,8394,0.0,0.0
2015-06-18 00:00:00+09:00,1000.8942477847105,1032.06396484375,992.2359930460884,1032.06396484375,12072,0.0,0.0
2015-06-19 00:00:00+09:00,1032.0641034318276,1049.380615234375,997.4310798267328,1049.380615234375,52338,0.0,0.0
2015-06-22 00:00:00+09:00,1045.9172294905786,1073.623646165826,1030.3323701107522,1051.1121826171875,56832,0.0,0.0
2015-06-23 00:00:00+09:00,1054.5754847015935,1070.16034408142,1006.089255519911,1051.1121826171875,14660,0.0,0.0
2015-06-24 00:00:00+09:00,1056.3070904210283,1056.3070904210283,1016.4791181592518,1054.575439453125,9424,0.0,0.0
2015-06-25 00:00:00+09:00,1066.6970419970141,1071.8919951236228,1023.4057659419404,1051.1121826171875,13050,0.0,0.0
2015-06-26 00:00:00+09:00,1071.8920880218052,1071.8920880218052,1021.6742034456623,1044.1856689453125,31816,0.0,0.0
2015-06-29 00:00:00+09:00,1040.7224033750338,1040.7224033750338,981.8462607548155,1004.3577270507812,54210,0.0,0.0
2015-06-30 00:00:00+09:00,1025.137449499679,1025.137449499679,971.456265488716,1011.2842407226562,33936,0.0,0.0
2015-07-01 00:00:00+09:00,1011.2842407226561,1021.6741473054232,980.1145209743552,1011.2842407226562,35644,0.0,0.0
2015-07-02 00:00:00+09:00,1011.2840140964673,1011.2840140964673,990.5042055876359,995.6991577148438,7400,0.0,0.0
2015-07-03 00:00:00+09:00,997.4309430803571,1033.7956128801618,990.5043393089658,1018.2107543945312,31318,0.0,0.0
2015-07-06 00:00:00+09:00,1018.2108898628048,1021.674192209277,935.0916335474739,993.9677734375,179268,0.0,0.0
2015-07-07 00:00:00+09:00,993.967596638641,993.967596638641,957.6029284689347,988.7726440429688,34648,0.0,0.0
2015-07-08 00:00:00+09:00,988.7726440429688,990.5042949081928,952.4079758732623,988.7726440429688,33132,0.0,0.0
2015-07-09 00:00:00+09:00,988.772660127277,993.9676128074553,952.4079913660287,992.2359619140625,27876,0.0,0.0
2015-07-10 00:00:00+09:00,992.235812237743,992.235812237743,969.7243540194346,980.1142578125,43510,0.0,0.0
2015-07-13 00:00:00+09:00,997.4309210526316,997.4309210526316,973.1878083881578,987.041015625,8244,0.0,0.0
2015-07-14 00:00:00+09:00,1000.8943538497575,1000.8943538497575,966.2613312251984,981.84619140625,28008,0.0,0.0
2015-07-15 00:00:00+09:00,997.4308552046264,997.4308552046264,966.2611409794819,973.187744140625,25690,0.0,0.0
2015-07-16 00:00:00+09:00,992.2359295193048,992.2359295193048,959.3345636190137,985.309326171875,22750,0.0,0.0
2015-07-17 00:00:00+09:00,987.0411687445556,999.1627269572081,974.9196105319032,993.9677734375,8712,0.0,0.0
2015-07-20 00:00:00+09:00,993.9677734374999,999.1627269572081,983.5778663980835,993.9677734375,23278,0.0,0.0
2015-07-21 00:00:00+09:00,1002.6258936591327,1002.6258936591327,967.992874879888,971.4561767578125,65512,0.0,0.0
2015-07-22 00:00:00+09:00,980.1145402750221,985.309493668706,969.7246334876544,981.84619140625,17166,0.0,0.0
2015-07-23 00:00:00+09:00,978.3828665504992,983.5778198242188,969.7246110943001,983.5778198242188,13024,0.0,0.0
2015-07-24 00:00:00+09:00,985.3094392600635,992.2360434024893,971.456230975212,976.6511840820312,22024,0.0,0.0
2015-07-27 00:00:00+09:00,997.4309145942409,1000.8942163810265,976.6511038735275,992.2359619140625,56528,0.0,0.0
2015-07-28 00:00:00+09:00,992.2359938596729,1035.52726758828,957.6029748767872,999.16259765625,124328,0.0,0.0
2015-07-29 00:00:00+09:00,997.4309145942409,1035.527234248882,980.1144056603131,992.2359619140625,181550,0.0,0.0
2015-07-30 00:00:00+09:00,990.5042949081928,1004.3575018299857,978.382738851624,988.7726440429688,63014,0.0,0.0
2015-07-31 00:00:00+09:00,988.7727413312764,1013.0158558297666,964.5296268327862,976.6511840820312,87286,0.0,0.0
2015-08-03 00:00:00+09:00,1014.7474070213304,1014.7474070213304,971.4561353907276,988.7726440429688,14646,0.0,0.0
2015-08-04 00:00:00+09:00,992.2359049759305,1056.3069843548299,980.1143494177603,1006.089111328125,33216,0.0,0.0
2015-08-05 00:00:00+09:00,1006.0890280602314,1016.4789319644678,993.9674735052888,1007.8206787109375,15560,0.0,0.0
2015-08-06 00:00:00+09:00,990.5044710910278,1013.0159363430967,990.5044710910278,993.9677734375,12636,0.0,0.0
2015-08-07 00:00:00+09:00,1004.3575445980948,1004.3575445980948,967.992874879888,971.4561767578125,34190,0.0,0.0
2015-08-10 00:00:00+09:00,966.2613089118205,1021.6741438314948,961.0663556381011,983.5778198242188,25712,0.0,0.0
2015-08-11 00:00:00+09:00,997.4310285541372,999.1626796453771,974.9195643680196,983.5778198242188,20958,0.0,0.0
2015-08-12 00:00:00+09:00,981.84619140625,981.84619140625,962.7980289627426,981.84619140625,34288,0.0,0.0
2015-08-13 00:00:00+09:00,983.5777007125225,985.3093515940586,952.4079848448721,964.529541015625,69082,0.0,0.0
2015-08-17 00:00:00+09:00,967.992865363471,971.4561672073473,945.481403378274,962.7979125976562,27848,0.0,0.0
2015-08-18 00:00:00+09:00,973.1878181292856,973.1878181292856,931.628196002768,962.7979125976562,75144,0.0,0.0
2015-08-19 00:00:00+09:00,969.7244340945513,969.7244340945513,883.1418953361092,945.4813232421875,92724,0.0,0.0
2015-08-20 00:00:00+09:00,945.4814829826355,945.4814829826355,886.6053466796875,886.6053466796875,12424,0.0,0.0
2015-08-21 00:00:00+09:00,832.9241559346517,881.4103853861492,798.2911348978679,831.1925048828125,34284,0.0,0.0
2015-08-24 00:00:00+09:00,798.2910345081322,888.3368778799822,798.2910345081322,867.5570678710938,11196,0.0,0.0
2015-08-25 00:00:00+09:00,874.4836725088267,900.4584350585938,827.7290999192458,900.4584350585938,24194,0.0,0.0
2015-08-26 00:00:00+09:00,896.9952413464681,916.0434028422425,857.1672673098489,910.8484497070312,8428,0.0,0.0
2015-08-27 00:00:00+09:00,910.8483400785007,917.7749434251052,884.8735775287334,900.4584350585938,2710,0.0,0.0
2015-08-28 00:00:00+09:00,900.4585744030071,921.2383876584611,883.1420633567953,917.7750854492188,1574,0.0,0.0
2015-08-31 00:00:00+09:00,916.0432823403368,916.0432823403368,876.2153135429309,891.8001708984375,7214,0.0,0.0
2015-09-01 00:00:00+09:00,886.6053655660378,928.1649920769457,872.7521567290684,917.7750854492188,13154,0.0,0.0
2015-09-02 00:00:00+09:00,935.0914981778108,952.4080074033258,879.6786686561627,929.8965454101562,11718,0.0,0.0
2015-09-03 00:00:00+09:00,947.2132104672698,947.2132104672698,933.3600008077851,936.8233032226562,332,0.0,0.0
2015-09-04 00:00:00+09:00,922.9698972118144,945.4813581194197,896.9951346261162,933.3598022460938,11164,0.0,0.0
2015-09-07 00:00:00+09:00,933.3598407886647,940.2864444308811,926.4332371464483,935.0914916992188,718,0.0,0.0
2015-09-08 00:00:00+09:00,950.6763595721044,950.6763595721044,900.4584826548165,943.749755859375,31582,0.0,0.0
2015-09-09 00:00:00+09:00,943.7497527905683,950.6763564807743,912.5800361846412,929.8965454101562,22480,0.0,0.0
2015-09-10 00:00:00+09:00,929.8966431815669,948.9448053323997,917.7750854492188,917.7750854492188,38926,0.0,0.0
2015-09-11 00:00:00+09:00,935.0914185911744,945.4813232421875,916.0432600643171,945.4813232421875,32572,0.0,0.0
2015-09-14 00:00:00+09:00,950.676414211301,950.676414211301,945.4814611281791,948.9447631835938,1000,0.0,0.0
2015-09-15 00:00:00+09:00,948.9447152113123,950.676366151479,926.4332529891461,938.5548095703125,5348,0.0,0.0
2015-09-16 00:00:00+09:00,947.2130089584663,947.2130089584663,922.9698972118144,933.3598022460938,14766,0.0,0.0
2015-09-17 00:00:00+09:00,947.2130217417991,947.2130217417991,922.9699096679688,922.9699096679688,20886,0.0,0.0
2015-09-18 00:00:00+09:00,922.9699658924723,1108.2566194581282,922.9699658924723,1054.575439453125,984962,0.0,0.0
2015-09-21 00:00:00+09:00,1021.6739152607164,1064.9651828565095,997.4308054070723,1052.8436279296875,76516,0.0,0.0
2015-09-22 00:00:00+09:00,1052.8439080944352,1052.8439080944352,1004.357675484823,1026.869140625,30680,0.0,0.0
2015-09-23 00:00:00+09:00,1026.8690569842302,1052.8438223379628,1004.357593677662,1028.6007080078125,114750,0.0,0.0
2015-09-24 00:00:00+09:00,1056.30715666806,1056.30715666806,999.1626711433946,1035.52734375,29022,0.0,0.0
2015-09-25 00:00:00+09:00,1047.6488167535083,1047.6488167535083,1007.8208452075072,1037.2589111328125,22184,0.0,0.0
2015-09-30 00:00:00+09:00,1038.9905620695952,1070.160278931683,1018.2107508282032,1037.2589111328125,5582,0.0,0.0
2015-10-01 00:00:00+09:00,1049.380467690291,1066.6969770581177,1028.6006564488991,1037.2589111328125,15434,0.0,0.0
2015-10-02 00:00:00+09:00,1047.6487303847084,1103.0615557934864,987.0409525938575,1006.089111328125,26666,0.0,0.0
2015-10-05 00:00:00+09:00,997.4310319456335,1023.405798402551,988.7727764599944,1011.2842407226562,31918,0.0,0.0
2015-10-06 00:00:00+09:00,1040.7222397136527,1040.7222397136527,987.0410592958103,1016.4791259765625,49672,0.0,0.0
2015-10-07 00:00:00+09:00,1030.332452251573,1094.4035459209983,1000.8943821872423,1049.380615234375,65232,0.0,0.0
2015-10-08 00:00:00+09:00,1056.3070714374217,1070.160278931683,1018.2107508282032,1037.2589111328125,25432,0.0,0.0
2015-10-12 00:00:00+09:00,1040.722216651553,1059.7703770228793,1016.4791034516834,1018.2107543945312,33280,0.0,0.0
2015-10-13 00:00:00+09:00,1018.2108018663193,1044.185567220052,1014.747499819155,1028.6007080078125,56170,0.0,0.0
2015-10-14 00:00:00+09:00,1025.137505830224,1052.8439249067164,1011.2842962919776,1044.1856689453125,20510,0.0,0.0
2015-10-15 00:00:00+09:00,1044.1855583686333,1094.4034376268262,1040.722256350827,1066.697021484375,49268,0.0,0.0
2015-10-16 00:00:00+09:00,1064.96533203125,1089.208445280742,1045.9171716209348,1064.96533203125,18374,0.0,0.0
2015-10-19 00:00:00+09:00,1087.4767943343495,1087.4767943343495,1045.9171716209348,1064.96533203125,22504,0.0,0.0
2015-10-20 00:00:00+09:00,1064.9652871204544,1073.6235414872874,1045.917127513422,1068.4285888671875,12422,0.0,0.0
2015-10-21 00:00:00+09:00,1071.8919745110845,1073.6236255199879,1030.3323502974076,1066.697021484375,19942,0.0,0.0
2015-10-22 00:00:00+09:00,1071.891885573726,1071.891885573726,978.382738851624,988.7726440429688,250346,0.0,0.0
2015-10-23 00:00:00+09:00,992.2359049759305,1009.5524129161736,980.1143494177603,1006.089111328125,22636,0.0,0.0
2015-10-26 00:00:00+09:00,1021.673972578324,1037.258829787146,990.5042581606801,1019.9423217773438,24064,0.0,0.0
2015-10-27 00:00:00+09:00,1016.479216848802,1021.6741702568879,995.6994032164586,1009.5526123046875,200968,0.0,0.0
2015-10-28 00:00:00+09:00,1009.5524837767305,1028.6006438479897,997.4309273677475,1014.7474365234375,24478,0.0,0.0
2015-10-29 00:00:00+09:00,1021.6740401857136,1021.6740401857136,985.3093709587645,1014.7474365234375,58132,0.0,0.0
2015-10-30 00:00:00+09:00,1014.7472813137617,1026.8688358687043,997.4307748067009,1007.8206787109375,68570,0.0,0.0
2015-11-02 00:00:00+09:00,993.9676001356056,1014.7474105914023,993.9676001356056,1002.6258544921875,35594,0.0,0.0
2015-11-03 00:00:00+09:00,1028.6006438479897,1028.6006438479897,1002.6258801144545,1014.7474365234375,52008,0.0,0.0
2015-11-04 00:00:00+09:00,1019.9424017649859,1044.1855148799432,1007.8208452075072,1037.2589111328125,57326,0.0,0.0
2015-11-05 00:00:00+09:00,1040.7222180291305,1264.1051899521885,1038.9905670839905,1097.86669921875,675912,0.0,0.0
2015-11-06 00:00:00+09:00,1108.25647566719,1108.25647566719,1058.0386041135205,1103.0615234375,125448,0.0,0.0
2015-11-09 00:00:00+09:00,1085.7453324412572,1170.596243588979,1070.160471210043,1134.2315673828125,111384,0.0,0.0
2015-11-10 00:00:00+09:00,1134.2314204463253,1151.547930682147,1078.8185876916955,1122.10986328125,157000,0.0,0.0
2015-11-11 00:00:00+09:00,1129.0364881345365,1129.0364881345365,1078.8186075273254,1106.5250244140625,56448,0.0,0.0
2015-11-12 00:00:00+09:00,1092.671815970694,1120.3782328574312,1090.940164915273,1106.5250244140625,46226,0.0,0.0
2015-11-13 00:00:00+09:00,1099.5982604789135,1137.6945781647971,1085.7450540476832,1104.793212890625,53146,0.0,0.0
2015-11-16 00:00:00+09:00,1090.9400699013156,1106.5249280427631,1063.2336554276314,1085.7451171875,98520,0.0,0.0
2015-11-17 00:00:00+09:00,1096.1350161597843,1108.256572420635,1066.696950954861,1090.9400634765625,25460,0.0,0.0
2015-11-18 00:00:00+09:00,1118.64653775623,1118.64653775623,1077.0869140625,1077.0869140625,18392,0.0,0.0
2015-11-19 00:00:00+09:00,1077.0869140625,1089.2084709731712,1064.9653571518288,1077.0869140625,16650,0.0,0.0
2015-11-20 00:00:00+09:00,1084.0134473116893,1108.2565595518868,1071.8918911915905,1101.3299560546875,8288,0.0,0.0
2015-11-23 00:00:00+09:00,1104.7932522202698,1196.5707480943672,1080.5501401025836,1139.42626953125,169228,0.0,0.0
2015-11-24 00:00:00+09:00,1139.4262308849409,1177.5225486348934,1115.1831195895168,1137.694580078125,93122,0.0,0.0
2015-11-25 00:00:00+09:00,1139.426461014093,1155.0113214231005,1118.6466471354165,1148.084716796875,68208,0.0,0.0
2015-11-26 00:00:00+09:00,1151.5477719514267,1177.522533724767,1101.3298991896352,1115.18310546875,74588,0.0,0.0
2015-11-27 00:00:00+09:00,1109.9881029408223,1132.4995621268297,1097.8665479945107,1123.84130859375,16910,0.0,0.0
2015-11-30 00:00:00+09:00,1123.8412987587012,1142.8894563647807,1082.2816821636181,1096.1348876953125,21534,0.0,0.0
2015-12-01 00:00:00+09:00,1073.6236435765275,1108.2566643370606,1051.1121800821809,1084.0135498046875,28132,0.0,0.0
2015-12-02 00:00:00+09:00,1066.696950954861,1092.6717143709698,1063.2336491660467,1090.9400634765625,15296,0.0,0.0
2015-12-03 00:00:00+09:00,1092.671630859375,1109.9881384799673,1056.3069648561311,1092.671630859375,57306,0.0,0.0
2015-12-04 00:00:00+09:00,1090.9401010366587,1132.4997239332934,1090.9401010366587,1125.5731201171875,53990,0.0,0.0
2015-12-07 00:00:00+09:00,1139.4265286498276,1139.4265286498276,1108.256805981595,1129.03662109375,9960,0.0,0.0
2015-12-08 00:00:00+09:00,1129.0364286490533,1153.2795421476526,1061.5020410458123,1120.378173828125,25180,0.0,0.0
2015-12-09 00:00:00+09:00,1108.2564522342063,1139.4261649532934,1090.939945168047,1123.84130859375,10696,0.0,0.0
2015-12-10 00:00:00+09:00,1149.816148233487,1149.816148233487,1103.0615759408602,1127.3046875,24968,0.0,0.0
2015-12-11 00:00:00+09:00,1135.9629416282642,1142.8895449308757,1108.2565284178188,1127.3046875,33388,0.0,0.0
2015-12-14 00:00:00+09:00,1125.5731065538193,1264.105181206597,1092.6717388237846,1168.8643798828125,332186,0.0,0.0
2015-12-15 00:00:00+09:00,1168.8645923410663,1246.7888984971373,1123.8416598953363,1134.2315673828125,476000,0.0,0.0
2015-12-16 00:00:00+09:00,1134.2314805984497,1144.6213872909545,1099.5984582901,1108.2567138671875,211390,0.0,0.0
2015-12-17 00:00:00+09:00,1134.2312995754944,1226.0087940449619,1108.256536989796,1187.9124755859375,192804,0.0,0.0
2015-12-18 00:00:00+09:00,1187.9125386222465,1267.5684814453125,1184.449236760374,1267.5684814453125,244316,0.0,0.0
2015-12-21 00:00:00+09:00,1291.8114226810515,1646.799816313244,1272.7632649739583,1527.31591796875,1959268,0.0,0.0
2015-12-22 00:00:00+09:00,1463.2451695033483,1515.1947021484375,1411.2956368582588,1515.1947021484375,640176,0.0,0.0
2015-12-23 00:00:00+09:00,1593.1184984773452,1967.1550155111565,1535.9740305971795,1901.352294921875,2205626,0.0,0.0
2015-12-24 00:00:00+09:00,1835.5496607680266,1866.7193719886156,1710.87081588567,1780.1368408203125,657740,0.0,0.0
2015-12-28 00:00:00+09:00,1835.5500849971063,1859.7931993272568,1672.7748887803818,1683.164794921875,344254,0.0,0.0
2015-12-29 00:00:00+09:00,1683.16470703125,1707.407820095486,1530.7794249131944,1558.48583984375,316610,0.0,0.0
2015-12-30 00:00:00+09:00,1568.8757454427082,1579.2656510416666,1515.1945665147568,1558.48583984375,75724,0.0,0.0
2016-01-04 00:00:00+09:00,1558.485967462713,1574.0708271373403,1348.9561873927262,1371.4676513671875,833866,0.0,0.0
2016-01-05 00:00:00+09:00,1374.930586381392,1433.8067072088068,1347.2241765802555,1409.5635986328125,443356,0.0,0.0
2016-01-06 00:00:00+09:00,1416.4903916887097,1416.4903916887097,1271.0317206595514,1319.5179443359375,319846,0.0,0.0
2016-01-07 00:00:00+09:00,1312.5914895833334,1333.3713020833334,1274.4951666666666,1298.73828125,81894,0.0,0.0
2016-01-08 00:00:00+09:00,1271.031689324291,1333.3711182284796,1269.3000385213968,1312.59130859375,82594,0.0,0.0
2016-01-11 00:00:00+09:00,1336.8345902054398,1336.8345902054398,1284.8850594979745,1309.128173828125,65876,0.0,0.0
2016-01-12 00:00:00+09:00,1328.1761450130034,1328.1761450130034,1281.4215740673046,1295.2747802734375,37070,0.0,0.0
2016-01-13 00:00:00+09:00,1293.5432689769848,1355.882703626478,1293.5432689769848,1345.4927978515625,90182,0.0,0.0
2016-01-14 00:00:00+09:00,1340.297819072303,1366.2725830078125,1309.128102349691,1366.2725830078125,43994,0.0,0.0
2016-01-15 00:00:00+09:00,1383.5892373109475,1383.5892373109475,1335.1030062161958,1350.6878662109375,47504,0.0,0.0
2016-01-18 00:00:00+09:00,1336.8342729048295,1413.0268998579545,1336.8342729048295,1409.5635986328125,131448,0.0,0.0
2016-01-19 00:00:00+09:00,1419.9537221915662,1419.9537221915662,1368.0041957699234,1397.4422607421875,65826,0.0,0.0
2016-01-20 00:00:00+09:00,1414.7589677808264,1414.7589677808264,1298.7383425160585,1373.1993408203125,149990,0.0,0.0
2016-01-21 00:00:00+09:00,1373.199043087843,1419.95361328125,1316.054568407012,1419.95361328125,129462,0.0,0.0
2016-01-22 00:00:00+09:00,1516.9261715119658,1516.9261715119658,1316.0546693482806,1397.4422607421875,319152,0.0,0.0
2016-01-25 00:00:00+09:00,1418.2222595214844,1419.9539106320112,1343.76126176883,1350.6878662109375,76636,0.0,0.0
2016-01-26 00:00:00+09:00,1326.4445809680665,1523.8527823131833,1319.5179774120975,1425.148681640625,266942,0.0,0.0
2016-01-27 00:00:00+09:00,1425.1489018458944,1447.6603668811274,1381.8576229319851,1413.02734375,114002,0.0,0.0
2016-01-28 00:00:00+09:00,1435.5387899101702,1478.8300682548677,1395.7108138330484,1456.318603515625,91578,0.0,0.0
2016-01-29 00:00:00+09:00,1529.047654215495,1544.6325113932292,1437.2701619466147,1454.586669921875,97204,0.0,0.0
2016-02-01 00:00:00+09:00,1447.6600252477133,1468.4398342225609,1400.9054550543062,1419.95361328125,66570,0.0,0.0
2016-02-02 00:00:00+09:00,1419.9535132718374,1501.3410926910767,1414.7585613940137,1437.27001953125,107502,0.0,0.0
2016-02-03 00:00:00+09:00,1454.586766347164,1471.9032754703444,1421.685399013121,1442.4652099609375,76524,0.0,0.0
2016-02-04 00:00:00+09:00,1489.2198620691233,1489.2198620691233,1449.3918890137863,1478.8299560546875,25676,0.0,0.0
2016-02-05 00:00:00+09:00,1489.2198166891794,1489.2198166891794,1447.6601938978536,1482.293212890625,18062,0.0,0.0
2016-02-11 00:00:00+09:00,1454.586799453698,1478.8299127779262,1409.5638747087025,1416.490478515625,49098,0.0,0.0
2016-02-12 00:00:00+09:00,1433.8068896120892,1433.8068896120892,1354.1509513003064,1395.7105712890625,102696,0.0,0.0
2016-02-15 00:00:00+09:00,1395.7105028105946,1435.5384700123857,1352.4192341129954,1419.95361328125,22168,0.0,0.0
2016-02-16 00:00:00+09:00,1406.1003082643072,1440.7333207831325,1385.320500753012,1437.27001953125,18556,0.0,0.0
2016-02-17 00:00:00+09:00,1466.7080801722516,1466.7080801722516,1428.6117664015437,1437.27001953125,15362,0.0,0.0
2016-02-18 00:00:00+09:00,1464.9766718210724,1464.9766718210724,1430.3436535747112,1442.4652099609375,15316,0.0,0.0
2016-02-19 00:00:00+09:00,1478.8297810872396,1478.8297810872396,1428.6119079589844,1454.586669921875,15802,0.0,0.0
2016-02-22 00:00:00+09:00,1489.219889516219,1489.219889516219,1440.7336605552257,1458.0501708984375,10984,0.0,0.0
2016-02-23 00:00:00+09:00,1475.3664372141768,1475.3664372141768,1385.3205983231708,1419.95361328125,76496,0.0,0.0
2016-02-24 00:00:00+09:00,1402.6371236441314,1451.1233452022002,1402.6371236441314,1404.3687744140625,15490,0.0,0.0
2016-02-25 00:00:00+09:00,1430.3435690663346,1447.6600771664112,1381.8573463861198,1411.29541015625,39756,0.0,0.0
2016-02-26 00:00:00+09:00,1392.2470925071023,1439.0016590465198,1368.003983931108,1409.5635986328125,97398,0.0,0.0
2016-02-29 00:00:00+09:00,1426.8802162728657,1470.171484970465,1388.7838998189786,1419.95361328125,57572,0.0,0.0
2016-03-02 00:00:00+09:00,1482.2932979283707,1582.729058769312,1419.9538601650281,1541.16943359375,406136,0.0,0.0
2016-03-03 00:00:00+09:00,1558.4857823039993,1620.825213596159,1532.5110192655993,1572.3389892578125,161906,0.0,0.0
2016-03-04 00:00:00+09:00,1561.9491840590777,1620.8253173828125,1530.7794664171006,1620.8253173828125,107824,0.0,0.0
2016-03-07 00:00:00+09:00,1648.5316611842104,1729.9192537006577,1579.265625,1645.068359375,142556,0.0,0.0
2016-03-08 00:00:00+09:00,1645.068359375,1674.5064247532894,1586.192228618421,1645.068359375,44686,0.0,0.0
2016-03-09 00:00:00+09:00,1641.6049836988354,1653.726539485641,1532.5109816175836,1570.6072998046875,36026,0.0,0.0
2016-03-10 00:00:00+09:00,1558.485866237331,1589.6555835620777,1506.5363373627533,1537.7060546875,26434,0.0,0.0
2016-03-11 00:00:00+09:00,1527.3160717182093,1558.4857874675606,1489.2197524690023,1501.34130859375,20522,0.0,0.0
2016-03-14 00:00:00+09:00,1501.3414865550255,1539.4378103199742,1475.3667203516513,1520.3896484375,26766,0.0,0.0
2016-03-15 00:00:00+09:00,1520.3896484375,1929.0593033705863,1475.3667203516513,1520.3896484375,636164,0.0,0.0
2016-03-16 00:00:00+09:00,1492.6830417069373,1523.8527571950171,1454.5867227770618,1511.731201171875,127636,0.0,0.0
2016-03-17 00:00:00+09:00,1523.8526891252955,1523.8526891252955,1452.8550070183214,1464.9765625,134112,0.0,0.0
2016-03-18 00:00:00+09:00,1485.7563273340832,1544.6324521934757,1459.7815663667043,1539.4375,95266,0.0,0.0
2016-03-21 00:00:00+09:00,1541.1694404748275,1541.1694404748275,1482.2933045465757,1535.9744873046875,43510,0.0,0.0
2016-03-22 00:00:00+09:00,1535.9742224246365,1558.485682279789,1503.072858020952,1518.65771484375,22290,0.0,0.0
2016-03-23 00:00:00+09:00,1516.92634627705,1565.4125765233484,1496.1465333143508,1520.3896484375,122664,0.0,0.0
2016-03-24 00:00:00+09:00,1565.4123984461612,1572.3390019791088,1515.194522832291,1561.9490966796875,47472,0.0,0.0
2016-03-25 00:00:00+09:00,1535.9743777126735,1558.48583984375,1509.9996137152777,1558.48583984375,28392,0.0,0.0
2016-03-28 00:00:00+09:00,1555.0223625648102,1580.9971236321512,1496.1462374788375,1534.2425537109375,107818,0.0,0.0
2016-03-29 00:00:00+09:00,1534.2425712635315,1596.5819985383478,1506.536159141391,1589.6553955078125,112548,0.0,0.0
2016-03-30 00:00:00+09:00,1606.9719823282749,1641.604999188798,1579.2655688398563,1626.0201416015625,47394,0.0,0.0
2016-03-31 00:00:00+09:00,1641.6051971435547,1721.2611455281576,1596.5822697957358,1662.385009765625,111198,0.0,0.0
2016-04-01 00:00:00+09:00,1697.0178021303157,1697.0178021303157,1645.068277575306,1679.7012939453125,24416,0.0,0.0
2016-04-04 00:00:00+09:00,1731.6508058641778,1800.9168380987448,1665.848075241339,1690.0911865234375,50834,0.0,0.0
2016-04-05 00:00:00+09:00,1703.9447235576924,1724.7245372596155,1653.7268404447116,1688.35986328125,22738,0.0,0.0
2016-04-06 00:00:00+09:00,1702.2129561812787,1804.3803665726273,1645.068472403067,1683.164794921875,59150,0.0,0.0
2016-04-07 00:00:00+09:00,1684.8961989892118,1722.9925159242198,1593.1187081912383,1650.26318359375,62138,0.0,0.0
2016-04-08 00:00:00+09:00,1672.774682770735,1672.774682770735,1589.6554438752948,1651.994873046875,48402,0.0,0.0
2016-04-11 00:00:00+09:00,1650.263299769319,1807.8435309120348,1650.263299769319,1721.260986328125,81686,0.0,0.0
2016-04-12 00:00:00+09:00,1728.1877482337125,1776.6739776430752,1676.238216723681,1755.8941650390625,47800,0.0,0.0
2016-04-14 00:00:00+09:00,1766.2839939283288,1800.9170134171195,1714.3344646951427,1752.4307861328125,11460,0.0,0.0
2016-04-15 00:00:00+09:00,1755.894119863435,1780.1372339443897,1717.7977977362204,1759.357421875,31976,0.0,0.0
2016-04-18 00:00:00+09:00,1735.1142454696978,1800.916981325834,1665.8482077263966,1712.602783203125,69346,0.0,0.0
2016-04-19 00:00:00+09:00,1698.749531057841,1742.040803510895,1693.5545783634745,1716.0660400390625,36238,0.0,0.0
2016-04-20 00:00:00+09:00,1731.6509304334172,1755.894043459485,1688.3596571725816,1722.99267578125,41538,0.0,0.0
2016-04-21 00:00:00+09:00,1755.893828154326,1780.136938207739,1697.017703738895,1729.9190673828125,4922,0.0,0.0
2016-04-22 00:00:00+09:00,1731.6508916781943,1731.6508916781943,1691.8229211695957,1721.260986328125,21892,0.0,0.0
2016-04-25 00:00:00+09:00,1721.2610371907551,1752.4307541620162,1707.4078296479724,1745.504150390625,28156,0.0,0.0
2016-04-26 00:00:00+09:00,1745.504219890511,1755.8941259612877,1638.14185715915,1660.6533203125,51378,0.0,0.0
2016-04-27 00:00:00+09:00,1664.116455078125,1664.116455078125,1598.3137232436102,1664.116455078125,43630,0.0,0.0
2016-04-28 00:00:00+09:00,1664.1166022434709,1693.5546690885685,1648.531743325478,1676.2381591796875,8056,0.0,0.0
2016-04-29 00:00:00+09:00,1676.238204418996,1705.6762720585857,1638.1418815912914,1672.77490234375,43402,0.0,0.0
2016-05-02 00:00:00+09:00,1697.0178021303157,1728.1875168633214,1631.2150710273033,1679.7012939453125,24000,0.0,0.0
2016-05-03 00:00:00+09:00,1679.7016075721156,1722.9928861177884,1638.1419801682694,1688.35986328125,23652,0.0,0.0
2016-05-04 00:00:00+09:00,1690.0911865234375,1714.334297805536,1658.9214720178823,1690.0911865234375,29510,0.0,0.0
2016-05-09 00:00:00+09:00,1697.0178738446302,1731.6508916781943,1664.1165069027447,1721.260986328125,55680,0.0,0.0
2016-05-10 00:00:00+09:00,1729.9191386310229,1793.9902178395794,1697.0177736320345,1738.577392578125,49678,0.0,0.0
2016-05-11 00:00:00+09:00,1776.6737888101081,1776.6737888101081,1710.8710558912153,1742.040771484375,15498,0.0,0.0
2016-05-12 00:00:00+09:00,1752.4307541620162,1752.4307541620162,1676.2381126767111,1745.504150390625,144926,0.0,0.0
2016-05-13 00:00:00+09:00,1762.820843261719,1762.820843261719,1703.944705078125,1731.651123046875,13796,0.0,0.0
2016-05-16 00:00:00+09:00,1738.5774697518016,1745.5040732169482,1721.2609610889351,1742.040771484375,13852,0.0,0.0
2016-05-17 00:00:00+09:00,1742.040771484375,1901.3526511827472,1731.650866286655,1742.040771484375,75954,0.0,0.0
2016-05-18 00:00:00+09:00,1759.357522295106,1835.5501708984375,1703.9446869472288,1835.5501708984375,65856,0.0,0.0
2016-05-19 00:00:00+09:00,2316.9488035242143,2386.214836514475,1800.9168577467735,1811.3067626953125,5104870,0.0,0.0
2016-05-20 00:00:00+09:00,1728.1875,1748.9673096192384,1665.8480711422847,1728.1875,599994,0.0,0.0
2016-05-23 00:00:00+09:00,1710.8710289779976,1748.9673474370218,1665.848107162787,1697.017822265625,165688,0.0,0.0
2016-05-24 00:00:00+09:00,1724.7242684713226,2206.1232108759687,1676.2380440564662,1703.9444580078125,5418198,0.0,0.0
2016-05-25 00:00:00+09:00,1728.1876826377663,1832.086741714185,1703.9445688532685,1807.8436279296875,749184,0.0,0.0
2016-05-26 00:00:00+09:00,1766.283805208852,1807.8434241549428,1717.7975831050799,1738.577392578125,284758,0.0,0.0
2016-05-27 00:00:00+09:00,1748.967515840305,1835.550066129429,1728.1877037709153,1759.357421875,171738,0.0,0.0
2016-05-30 00:00:00+09:00,1738.5775141963254,1870.1829833984377,1738.5775141963254,1870.1829833984375,200574,0.0,0.0
2016-05-31 00:00:00+09:00,1870.182901278409,1904.8159179687498,1828.6232812499998,1904.81591796875,167088,0.0,0.0
2016-06-01 00:00:00+09:00,1911.7426184968576,1939.4490332576815,1859.7930908203125,1859.7930908203125,163796,0.0,0.0
2016-06-02 00:00:00+09:00,1877.1094940360601,1877.1094940360601,1804.3801593962864,1811.3067626953125,96880,0.0,0.0
2016-06-03 00:00:00+09:00,1800.9168866131756,1922.1324462890625,1800.9168866131756,1922.1324462890625,146752,0.0,0.0
2016-06-07 00:00:00+09:00,1929.0591473456238,1953.3022605079568,1856.3298078586256,1877.109619140625,108154,0.0,0.0
2016-06-08 00:00:00+09:00,1863.256487935946,1915.2060182687328,1811.3069576031596,1880.572998046875,81688,0.0,0.0
2016-06-09 00:00:00+09:00,1894.426340662447,1894.426340662447,1839.0135043725033,1842.476806640625,47268,0.0,0.0
2016-06-10 00:00:00+09:00,1870.1830153799585,1901.352732302958,1835.549996576626,1877.109619140625,69842,0.0,0.0
2016-06-13 00:00:00+09:00,1870.1830961504056,1946.375740808385,1814.770263671875,1814.770263671875,202122,0.0,0.0
2016-06-14 00:00:00+09:00,1776.6739102067618,1821.6968358065433,1731.6509846069803,1807.8436279296875,102440,0.0,0.0
2016-06-15 00:00:00+09:00,1825.1601377757572,1845.9399495910409,1752.430796422264,1807.8436279296875,49574,0.0,0.0
2016-06-16 00:00:00+09:00,1787.063726987933,1832.08665034228,1742.040803633586,1748.9674072265625,107954,0.0,0.0
2016-06-17 00:00:00+09:00,1729.919399284047,1800.9170923477566,1729.919399284047,1755.8941650390625,54632,0.0,0.0
2016-06-20 00:00:00+09:00,1811.3068834142932,1877.109619140625,1745.5041476879612,1877.109619140625,147116,0.0,0.0
2016-06-21 00:00:00+09:00,1901.3527129615486,1901.3527129615486,1800.9169594535615,1859.7930908203125,54470,0.0,0.0
2016-06-22 00:00:00+09:00,1859.7931382789834,1887.4995537468267,1773.210589941973,1790.527099609375,49260,0.0,0.0
2016-06-23 00:00:00+09:00,1790.5271494625179,1835.550075851324,1748.9675251036201,1814.770263671875,61480,0.0,0.0
2016-06-24 00:00:00+09:00,1856.3299446105957,1856.3299446105957,1290.0800454616547,1773.210693359375,122822,0.0,0.0
2016-06-27 00:00:00+09:00,1884.0361102764423,1884.0361102764423,1698.74947075477,1800.9168701171875,75770,0.0,0.0
2016-06-28 00:00:00+09:00,1814.7698532876339,1835.5496607680266,1766.283635833384,1780.1368408203125,224758,0.0,0.0
2016-06-29 00:00:00+09:00,1825.1602330063329,1828.62353515625,1759.3574921579072,1828.62353515625,70312,0.0,0.0
2016-06-30 00:00:00+09:00,1842.4765070734798,1942.9122565192145,1828.6233002533784,1922.1324462890625,233396,0.0,0.0
2016-07-01 00:00:00+09:00,2043.348198596994,2493.577462694637,1953.3023457774655,2001.78857421875,3000608,0.0,0.0
2016-07-04 00:00:00+09:00,1974.082070416945,1994.861881684492,1894.4261272246824,1942.912353515625,308134,0.0,0.0
2016-07-05 00:00:00+09:00,1960.2288642686233,1960.2288642686233,1870.1830153799585,1877.109619140625,168264,0.0,0.0
2016-07-06 00:00:00+09:00,1870.1831134733607,2147.247278432377,1870.1831134733607,2112.6142578125,577740,0.0,0.0
2016-07-07 00:00:00+09:00,2088.3705521370603,2154.1732726853256,2036.4210359147453,2140.320068359375,198726,0.0,0.0
2016-07-08 00:00:00+09:00,2140.320237821691,2168.0266486672795,2050.274402573529,2060.664306640625,135516,0.0,0.0
2016-07-11 00:00:00+09:00,2060.664306640625,2091.8340188419115,2029.4945944393382,2060.664306640625,62356,0.0,0.0
2016-07-12 00:00:00+09:00,2060.664601880451,2088.37101669565,2019.1049796576517,2084.90771484375,102226,0.0,0.0
2016-07-13 00:00:00+09:00,2084.907767809852,2126.4673910884535,2043.34814453125,2043.34814453125,87680,0.0,0.0
2016-07-14 00:00:00+09:00,2043.3480554005455,2223.439748418899,2008.7150375124008,2181.880126953125,196362,0.0,0.0
2016-07-15 00:00:00+09:00,2157.6370792047765,2206.1233057037603,2084.9077394563005,2129.9306640625,89272,0.0,0.0
2016-07-18 00:00:00+09:00,2143.783976370389,2171.4903928662907,2084.9078413165985,2112.6142578125,45534,0.0,0.0
2016-07-19 00:00:00+09:00,2105.6876446759256,2105.6876446759256,2043.3482078269674,2057.201416015625,77344,0.0,0.0
2016-07-20 00:00:00+09:00,2057.2012617781356,2095.2975814406936,2046.8113564156197,2050.274658203125,43808,0.0,0.0
2016-07-21 00:00:00+09:00,2036.4216256306631,2147.247292331652,2022.5684172930396,2102.224365234375,131776,0.0,0.0
2016-07-22 00:00:00+09:00,2174.9536572265624,2174.9536572265624,2050.2747851562503,2077.981201171875,109792,0.0,0.0
2016-07-25 00:00:00+09:00,2126.4675219481605,2126.4675219481605,2026.0317595108695,2071.0546875,58356,0.0,0.0
2016-07-26 00:00:00+09:00,2071.05479289629,2098.761211530354,2036.42176960371,2053.73828125,35768,0.0,0.0
2016-07-27 00:00:00+09:00,2071.0541782444693,2071.0541782444693,2012.1780561204628,2015.641357421875,73588,0.0,0.0
2016-07-28 00:00:00+09:00,2032.9580403507666,2057.2011515644895,1994.861722729202,2039.8846435546875,62860,0.0,0.0
2016-07-29 00:00:00+09:00,2036.4215539155664,2074.517875502422,1994.8619303662692,2032.958251953125,24968,0.0,0.0
2016-08-01 00:00:00+09:00,2032.958251953125,2071.054573539981,1994.8619303662692,2032.958251953125,62086,0.0,0.0
2016-08-02 00:00:00+09:00,2071.05479289629,2095.297909201096,2032.958467274452,2053.73828125,23482,0.0,0.0
2016-08-03 00:00:00+09:00,2064.128028944672,2479.7242763831964,2015.6418000768442,2112.6142578125,1487224,0.0,0.0
2016-08-04 00:00:00+09:00,2143.784004261952,2143.784004261952,2043.3482431575953,2091.83447265625,238728,0.0,0.0
2016-08-05 00:00:00+09:00,2091.8343853146293,2091.8343853146293,2022.5683460658008,2032.958251953125,109322,0.0,0.0
2016-08-08 00:00:00+09:00,2029.4945409121024,2036.4211434408128,1939.4487080388692,1960.228515625,182624,0.0,0.0
2016-08-09 00:00:00+09:00,1960.2287473226056,1991.3984623860392,1925.595730585457,1970.61865234375,31302,0.0,0.0
2016-08-10 00:00:00+09:00,2008.715010727008,2026.0315194401717,1970.6186915580474,2005.251708984375,45874,0.0,0.0
2016-08-11 00:00:00+09:00,2008.7149005466038,2050.2745191786025,1953.302075703939,1994.8616943359375,41416,0.0,0.0
2016-08-12 00:00:00+09:00,1991.398668124189,2026.0316884393924,1939.4491376513843,2001.78857421875,58284,0.0,0.0
2016-08-16 00:00:00+09:00,2001.7883674071838,2029.4947807969027,1953.3021439751758,1970.61865234375,37630,0.0,0.0
2016-08-17 00:00:00+09:00,1970.6187613960747,2022.568289376639,1946.375648338478,1981.0086669921875,50840,0.0,0.0
2016-08-18 00:00:00+09:00,2008.7149707546134,2008.7149707546134,1939.4489372803164,1970.61865234375,15978,0.0,0.0
2016-08-19 00:00:00+09:00,1970.6187818520386,1981.0086875560037,1922.132555233535,1932.5224609375,62056,0.0,0.0
2016-08-22 00:00:00+09:00,1974.0821476160922,1974.0821476160922,1818.2335570148218,1852.8665771484375,110376,0.0,0.0
2016-08-23 00:00:00+09:00,1887.499736126204,1949.8391769523905,1839.0135043725033,1842.476806640625,69194,0.0,0.0
2016-08-24 00:00:00+09:00,1842.476716116573,1925.5959664676966,1811.3069972349017,1849.4033203125,23844,0.0,0.0
2016-08-25 00:00:00+09:00,1870.1830919803176,1894.426206135618,1839.0133737806457,1880.572998046875,35218,0.0,0.0
2016-08-26 00:00:00+09:00,1904.8160532056959,1911.7426570355349,1845.9399206520654,1894.4261474609375,31470,0.0,0.0
2016-08-29 00:00:00+09:00,1918.6691296635843,1918.6691296635843,1800.9168726084185,1866.7196044921875,33694,0.0,0.0
2016-08-30 00:00:00+09:00,1818.2335053327097,1977.5453934190043,1811.306901502871,1894.4261474609375,61030,0.0,0.0
2016-08-31 00:00:00+09:00,1904.8161304780165,1922.1326407550894,1835.550089369725,1897.8895263671875,22702,0.0,0.0
2016-09-01 00:00:00+09:00,1877.1099088601839,1953.30256198735,1856.3300943709567,1873.6466064453125,23794,0.0,0.0
2016-09-02 00:00:00+09:00,1911.7425521077628,1911.7425521077628,1804.3801986379426,1845.9398193359375,47154,0.0,0.0
2016-09-05 00:00:00+09:00,1870.182957223968,1922.1324838135229,1811.3068270891395,1825.1600341796875,148260,0.0,0.0
2016-09-06 00:00:00+09:00,1828.6234290081522,1835.5500329059103,1752.4307861328125,1752.4307861328125,54036,0.0,0.0
2016-09-07 00:00:00+09:00,1735.114307794045,1783.6005359559547,1735.114307794045,1759.357421875,28624,0.0,0.0
2016-09-08 00:00:00+09:00,1766.2839089876438,1766.2839089876438,1648.5316483884676,1655.458251953125,62420,0.0,0.0
2016-09-09 00:00:00+09:00,1731.650957922718,1731.650957922718,1645.0684100265821,1669.3115234375,23090,0.0,0.0
2016-09-12 00:00:00+09:00,1693.5548604648316,1724.72458182308,1558.4860679124215,1657.190185546875,59544,0.0,0.0
2016-09-13 00:00:00+09:00,1681.4331324540535,1762.8207300084723,1627.7519510883733,1660.6533203125,13552,0.0,0.0
2016-09-19 00:00:00+09:00,1662.3848814883474,1710.8711071984244,1606.9720521054026,1634.678466796875,38968,0.0,0.0
2016-09-20 00:00:00+09:00,1634.678566261574,1688.3597479926214,1589.6556396484375,1683.164794921875,19134,0.0,0.0
2016-09-21 00:00:00+09:00,1698.7494405527584,1731.6508058641778,1664.1164244354748,1690.0911865234375,62898,0.0,0.0
2016-09-22 00:00:00+09:00,1705.6760640173366,1726.455873934299,1593.1187603004564,1707.40771484375,17746,0.0,0.0
2016-09-23 00:00:00+09:00,1707.4077791946995,1722.9926372198033,1693.554572061274,1721.260986328125,6808,0.0,0.0
2016-09-26 00:00:00+09:00,1726.4557659466107,1729.9190673828125,1703.9443066112988,1729.9190673828125,9712,0.0,0.0
2016-09-27 00:00:00+09:00,1745.50433203125,1745.50433203125,1719.529565185547,1731.651123046875,5378,0.0,0.0
2016-09-28 00:00:00+09:00,1731.6508016032064,1735.114103206413,1662.3847695390782,1728.1875,17606,0.0,0.0
2016-09-29 00:00:00+09:00,1729.9190732657191,1729.9190732657191,1684.8961544419867,1724.72412109375,6458,0.0,0.0
2016-09-30 00:00:00+09:00,1726.4560546875002,1752.4308198031597,1707.407893602683,1726.4560546875,9026,0.0,0.0
2016-10-04 00:00:00+09:00,1780.1372359265297,1780.1372359265297,1679.701477479313,1726.4560546875,14640,0.0,0.0
2016-10-05 00:00:00+09:00,1762.8205160320642,1762.8205160320642,1698.7494363727455,1728.1875,5482,0.0,0.0
2016-10-06 00:00:00+09:00,1755.8940908443758,1755.8940908443758,1679.7014478491562,1686.6280517578125,27032,0.0,0.0
2016-10-07 00:00:00+09:00,1724.72412109375,1766.283738469503,1693.5544080619352,1724.72412109375,25006,0.0,0.0
2016-10-10 00:00:00+09:00,1748.9673749495216,1748.9673749495216,1714.3343576237885,1742.040771484375,8478,0.0,0.0
2016-10-11 00:00:00+09:00,1745.5040988116198,1759.3573059450453,1679.7013649278483,1721.260986328125,21286,0.0,0.0
2016-10-12 00:00:00+09:00,1731.6512290877527,1742.0411364622792,1676.2383897569446,1714.334716796875,12586,0.0,0.0
2016-10-13 00:00:00+09:00,1728.1874403871423,1728.1874403871423,1662.3847121960487,1709.1392822265625,11450,0.0,0.0
2016-10-14 00:00:00+09:00,1697.0178801597187,1728.1875963259176,1686.627974770986,1716.0660400390625,8300,0.0,0.0
2016-10-17 00:00:00+09:00,1716.0660464638156,1716.0660464638156,1627.7518503289473,1710.87109375,16358,0.0,0.0
2016-10-18 00:00:00+09:00,1712.6027446546052,1735.1142064144735,1665.8481702302631,1710.87109375,9070,0.0,0.0
2016-10-19 00:00:00+09:00,1716.065968975818,1716.065968975818,1693.5545082324418,1707.40771484375,860,0.0,0.0
2016-10-20 00:00:00+09:00,1707.407771723321,1707.407771723321,1627.7518310546875,1627.7518310546875,34142,0.0,0.0
2016-10-21 00:00:00+09:00,1627.7520733173078,1722.9928861177884,1565.4126322115385,1688.35986328125,39186,0.0,0.0
2016-10-24 00:00:00+09:00,1688.3595357175734,1695.28613894103,1638.1416623475122,1690.0911865234375,11528,0.0,0.0
2016-10-25 00:00:00+09:00,1731.650884897431,1731.650884897431,1662.3848495015338,1693.5545654296875,6702,0.0,0.0
2016-10-26 00:00:00+09:00,1667.57958984375,1691.822699145736,1639.8731792129088,1667.57958984375,5594,0.0,0.0
2016-10-27 00:00:00+09:00,1702.2127511347824,1702.2127511347824,1593.1187497904373,1613.8985595703125,45082,0.0,0.0
2016-10-28 00:00:00+09:00,1620.8252079133065,1632.9467639553932,1530.7793630292338,1610.435302734375,30220,0.0,0.0
2016-10-31 00:00:00+09:00,1608.703584175517,1610.435234965803,1432.0752035663647,1459.7816162109375,171438,0.0,0.0
2016-11-01 00:00:00+09:00,1461.5134907753816,1541.1694393247508,1425.1488186115391,1475.36669921875,22958,0.0,0.0
2016-11-02 00:00:00+09:00,1478.8300013295923,1523.85292877054,1454.5868865536972,1475.36669921875,6136,0.0,0.0
2016-11-03 00:00:00+09:00,1473.6348761292898,1541.16925940666,1433.8069065041736,1516.9261474609375,10630,0.0,0.0
2016-11-04 00:00:00+09:00,1534.2426559935966,1534.2426559935966,1437.2702082107055,1516.9261474609375,6934,0.0,0.0
2016-11-07 00:00:00+09:00,1555.022588082946,1593.118909839989,1518.657917314859,1582.72900390625,6186,0.0,0.0
2016-11-08 00:00:00+09:00,1662.3847273284314,1662.3847273284314,1516.9260636871936,1589.6553955078125,30524,0.0,0.0
2016-11-09 00:00:00+09:00,1612.1669164730024,1612.1669164730024,1451.12338990803,1504.8045654296875,60548,0.0,0.0
2016-11-10 00:00:00+09:00,1558.4857956906583,1650.263292547997,1482.293156790226,1627.7518310546875,6660,0.0,0.0
2016-11-11 00:00:00+09:00,1651.9948343635233,1660.6530882123886,1558.4856927957767,1650.26318359375,2964,0.0,0.0
2016-11-14 00:00:00+09:00,1697.017991560219,1697.017991560219,1593.1189308524504,1660.6533203125,8846,0.0,0.0
2016-11-15 00:00:00+09:00,1693.5544528380772,1693.5544528380772,1593.1187081912383,1650.26318359375,6152,0.0,0.0
2016-11-16 00:00:00+09:00,1697.0178797719823,1697.0178797719823,1541.169298976596,1617.3619384765625,49568,0.0,0.0
2016-11-17 00:00:00+09:00,1632.9467061577575,1632.9467061577575,1598.3136901204775,1624.2884521484375,5526,0.0,0.0
2016-11-18 00:00:00+09:00,1624.2884354412424,1631.2150385774523,1534.2425946705125,1568.8756103515625,37892,0.0,0.0
2016-11-21 00:00:00+09:00,1568.8757814229448,1593.118895043167,1464.9767230505645,1466.7083740234375,77780,0.0,0.0
2016-11-22 00:00:00+09:00,1504.8047142785517,1504.8047142785517,1445.9285804632805,1484.02490234375,91762,0.0,0.0
2016-11-23 00:00:00+09:00,1496.1464488636364,1496.1464488636364,1419.9538056344697,1428.612060546875,42260,0.0,0.0
2016-11-24 00:00:00+09:00,1425.1488639635916,1435.5387706267527,1350.6878662109375,1350.6878662109375,6286,0.0,0.0
2016-11-25 00:00:00+09:00,1390.5156699572312,1404.368877129906,1354.15100112896,1387.0523681640625,3378,0.0,0.0
2016-11-28 00:00:00+09:00,1414.7588275638943,1416.490478515625,1385.3207613844743,1416.490478515625,1604,0.0,0.0
2016-11-29 00:00:00+09:00,1416.490470557607,1565.412451569776,1385.3207536015716,1487.4881591796875,14908,0.0,0.0
2016-11-30 00:00:00+09:00,1499.6097864221642,1504.8047394929108,1451.1235577618634,1496.146484375,8648,0.0,0.0
2016-12-01 00:00:00+09:00,1496.1462317210348,1546.3641029246344,1385.320584926884,1539.4375,3394,0.0,0.0
2016-12-02 00:00:00+09:00,1539.4375818952728,1555.0224393047863,1471.9031997873813,1504.8045654296875,3874,0.0,0.0
2016-12-05 00:00:00+09:00,1504.8045430501302,1516.9260986328125,1419.9536539713542,1454.586669921875,9684,0.0,0.0
2016-12-06 00:00:00+09:00,1454.586766347164,1461.5133699964363,1430.3436535747112,1442.4652099609375,4976,0.0,0.0
2016-12-07 00:00:00+09:00,1454.5867457775782,1454.5867457775782,1326.444580078125,1326.444580078125,37144,0.0,0.0
2016-12-08 00:00:00+09:00,1328.1760873945932,1418.221923828125,1267.5683128720236,1418.221923828125,41190,0.0,0.0
2016-12-09 00:00:00+09:00,1418.2221427128234,1425.1487465844366,1316.0547356065272,1406.1005859375,8788,0.0,0.0
2016-12-12 00:00:00+09:00,1419.9536539713542,1454.586669921875,1340.2977172851563,1454.586669921875,9618,0.0,0.0
2016-12-13 00:00:00+09:00,1454.5868865536972,1482.2933034404343,1426.8804696669602,1475.36669921875,9806,0.0,0.0
2016-12-14 00:00:00+09:00,1475.3667167787485,1525.584597983659,1433.807090953995,1492.6832275390625,22932,0.0,0.0
2016-12-15 00:00:00+09:00,1492.6831959544363,1503.073102190778,1437.2703626939467,1485.756591796875,30630,0.0,0.0
2016-12-16 00:00:00+09:00,1485.7565600643113,1508.268023095589,1458.050144025816,1478.8299560546875,4756,0.0,0.0
2016-12-19 00:00:00+09:00,1478.829987639314,1522.1212636240714,1464.9767793241915,1485.756591796875,37780,0.0,0.0
2016-12-20 00:00:00+09:00,1489.2197971233743,1504.804655465363,1442.4652220974078,1497.8780517578125,118868,0.0,0.0
2016-12-21 00:00:00+09:00,1525.584408055466,1529.0477097763637,1485.7564382651417,1511.731201171875,98662,0.0,0.0
2016-12-22 00:00:00+09:00,1532.510825454919,1558.4855852083924,1466.7081007461204,1530.7791748046875,88630,0.0,0.0
2016-12-23 00:00:00+09:00,1530.7793996710525,1555.0225123355262,1492.6830797697367,1546.3642578125,96954,0.0,0.0
2016-12-26 00:00:00+09:00,1546.3641079575268,1551.5590601679105,1383.58893869884,1392.2471923828125,188544,0.0,0.0
2016-12-27 00:00:00+09:00,1414.758848861501,1414.758848861501,1368.0042724609375,1368.0042724609375,59390,0.0,0.0
2016-12-28 00:00:00+09:00,1305.0271079218553,1395.994144935175,1282.2853486685253,1387.247314453125,215956,20.0,0.0
2016-12-29 00:00:00+09:00,1422.2344738942272,1483.4622802734375,1381.9990582736034,1483.4622802734375,53630,0.0,0.0
2017-01-02 00:00:00+09:00,1479.9634920445883,1479.9634920445883,1406.4901271913109,1434.47998046875,52224,0.0,0.0
2017-01-03 00:00:00+09:00,1451.9737699532216,1451.9737699532216,1402.991522292149,1416.9864501953125,21648,0.0,0.0
2017-01-04 00:00:00+09:00,1434.4802054140434,1434.4802054140434,1413.4878121640818,1423.9840087890625,14788,0.0,0.0
2017-01-05 00:00:00+09:00,1416.9864501953125,1427.4826461226853,1402.991522292149,1416.9864501953125,15498,0.0,0.0
2017-01-06 00:00:00+09:00,1451.9737699532216,1451.9737699532216,1404.7408882800444,1416.9864501953125,4568,0.0,0.0
2017-01-09 00:00:00+09:00,1430.981421705267,1467.718108570561,1409.9890292108132,1429.2320556640625,19954,0.0,0.0
2017-01-10 00:00:00+09:00,1443.2269873568173,1535.9433877567099,1429.2320589945693,1474.715576171875,125216,0.0,0.0
2017-01-11 00:00:00+09:00,1474.7156189682905,1520.199137465533,1464.2194223920037,1486.961181640625,26020,0.0,0.0
2017-01-12 00:00:00+09:00,1495.7078914230985,1644.4039975879682,1472.966134009648,1541.19140625,194442,0.0,0.0
2017-01-13 00:00:00+09:00,1574.4294393128453,1661.8977414968922,1542.9408505265883,1583.17626953125,109224,0.0,0.0
2017-01-16 00:00:00+09:00,1614.6647784584447,1637.4065359015212,1567.4318976151314,1595.4217529296875,35302,0.0,0.0
2017-01-17 00:00:00+09:00,1616.4141962536098,1616.4141962536098,1541.191457683366,1590.1737060546875,17154,0.0,0.0
2017-01-18 00:00:00+09:00,1616.4141444156044,1616.4141444156044,1572.6799954866108,1595.4217529296875,9386,0.0,0.0
2017-01-19 00:00:00+09:00,1595.4216608700167,1619.9127828570563,1555.186246177023,1579.6773681640625,17428,0.0,0.0
2017-01-20 00:00:00+09:00,1604.1686620554212,1604.1686620554212,1544.6902165702693,1583.17626953125,13922,0.0,0.0
2017-01-23 00:00:00+09:00,1583.1762460310829,1661.8977168282086,1565.6825858539437,1635.6572265625,65564,0.0,0.0
2017-01-24 00:00:00+09:00,1686.3890460265643,1686.3890460265643,1574.4296072862114,1586.6751708984375,26296,0.0,0.0
2017-01-25 00:00:00+09:00,1588.4241366299716,1639.1557445179333,1539.44189453125,1539.44189453125,15724,0.0,0.0
2017-01-26 00:00:00+09:00,1590.1736550582082,1607.6673146298058,1553.4369699578535,1595.4217529296875,5766,0.0,0.0
2017-01-31 00:00:00+09:00,1625.161116390485,1625.161116390485,1553.437105871637,1560.4345703125,2588,0.0,0.0
2017-02-01 00:00:00+09:00,1605.9181567382811,1605.9181567382811,1523.6979460991752,1574.4295654296875,9456,0.0,0.0
2017-02-02 00:00:00+09:00,1534.194152557716,1607.6675327258165,1534.194152557716,1556.9359130859375,13498,0.0,0.0
2017-02-03 00:00:00+09:00,1556.9355650297412,1583.1760520808043,1521.948248961657,1576.1785888671875,13080,0.0,0.0
2017-02-06 00:00:00+09:00,1574.4293614437706,1619.9128763299238,1574.4293614437706,1595.4217529296875,10206,0.0,0.0
2017-02-07 00:00:00+09:00,1595.421791888298,1595.421791888298,1542.9408118919723,1562.183837890625,3662,0.0,0.0
2017-02-08 00:00:00+09:00,1546.439527861926,1593.6724093690211,1525.447136080995,1542.9407958984375,3094,0.0,0.0
2017-02-09 00:00:00+09:00,1591.9229950385072,1591.9229950385072,1460.7205503924763,1476.46484375,72280,0.0,0.0
2017-02-10 00:00:00+09:00,1476.464857971784,1486.9610536445693,1436.2294412261074,1441.4775390625,28804,0.0,0.0
2017-02-13 00:00:00+09:00,1450.2244873046875,1474.7156125426436,1439.7282907741348,1450.2244873046875,17056,0.0,0.0
2017-02-14 00:00:00+09:00,1474.715576171875,1497.457334760528,1453.7231836285032,1474.715576171875,19134,0.0,0.0
2017-02-15 00:00:00+09:00,1502.7053964536358,1502.7053964536358,1434.4801223422367,1444.976318359375,15894,0.0,0.0
2017-02-16 00:00:00+09:00,1451.9736835890267,1451.9736835890267,1434.4800247506046,1446.7255859375,7198,0.0,0.0
2017-02-17 00:00:00+09:00,1446.7258544313047,1467.7182489333309,1401.2423330102479,1402.99169921875,37222,0.0,0.0
2017-02-20 00:00:00+09:00,1437.9788740636704,1437.9788740636704,1375.0016970973784,1401.2421875,17658,0.0,0.0
2017-02-21 00:00:00+09:00,1408.239501953125,1409.9888677940605,1385.4977460209627,1408.239501953125,2746,0.0,0.0
2017-02-22 00:00:00+09:00,1409.988888440679,1451.9736692379201,1395.9939615082653,1418.7357177734375,7082,0.0,0.0
2017-02-23 00:00:00+09:00,1448.4749071074693,1665.396270007622,1418.7356880001905,1434.47998046875,320150,0.0,0.0
2017-02-24 00:00:00+09:00,1441.4775902101096,1469.4674463306942,1422.2345641272077,1436.2294921875,35756,0.0,0.0
2017-02-27 00:00:00+09:00,1443.226995387999,1516.7003696986608,1443.226995387999,1457.221923828125,41426,0.0,0.0
2017-02-28 00:00:00+09:00,1465.9687425293566,1479.9636708589926,1429.2320556640625,1429.2320556640625,14284,0.0,0.0
2017-03-02 00:00:00+09:00,1457.2217454993206,1457.2217454993206,1408.239501953125,1408.239501953125,14244,0.0,0.0
2017-03-03 00:00:00+09:00,1416.9862986134958,1467.7179068354606,1404.740738008194,1432.7305908203125,27950,0.0,0.0
2017-03-06 00:00:00+09:00,1444.9762057717132,1479.9635231027473,1415.2369860403342,1418.7357177734375,32992,0.0,0.0
2017-03-07 00:00:00+09:00,1430.9815298227163,1430.9815298227163,1402.9916710486777,1409.9891357421875,55182,0.0,0.0
2017-03-08 00:00:00+09:00,1416.9864933756312,1430.981421705267,1394.2447348399728,1429.2320556640625,45598,0.0,0.0
2017-03-09 00:00:00+09:00,1450.2242729373095,1450.2242729373095,1420.4850538300304,1434.47998046875,4626,0.0,0.0
2017-03-10 00:00:00+09:00,1469.4675099763938,1469.4675099763938,1437.9789204768997,1458.9713134765625,58,0.0,0.0
2017-03-13 00:00:00+09:00,1479.9635484803398,1525.4470617906104,1437.9787669631671,1483.4622802734375,5820,0.0,0.0
2017-03-14 00:00:00+09:00,1467.7179872044978,1504.454671032024,1453.7230600321068,1483.4622802734375,7142,0.0,0.0
2017-03-15 00:00:00+09:00,1455.4726226993866,1485.211846961273,1423.984032304448,1425.7333984375,29554,0.0,0.0
2017-03-16 00:00:00+09:00,1425.7333471023073,1443.2270078029492,1401.2422221214088,1430.9814453125,6704,0.0,0.0
2017-03-17 00:00:00+09:00,1423.9839810322433,1443.2270078029492,1422.234614962179,1430.9814453125,5312,0.0,0.0
2017-03-20 00:00:00+09:00,1451.9737901874619,1451.9737901874619,1422.234567978803,1427.482666015625,3700,0.0,0.0
2017-03-21 00:00:00+09:00,1368.0043750487064,1430.981558554785,1368.0043750487064,1402.99169921875,45234,0.0,0.0
2017-03-22 00:00:00+09:00,1420.4850836399892,1423.9838153730927,1404.740790841024,1418.7357177734375,2950,0.0,0.0
2017-03-23 00:00:00+09:00,1441.4776459678658,1443.2270120430696,1399.4928601629765,1422.234619140625,5982,0.0,0.0
2017-03-24 00:00:00+09:00,1406.4902213624287,1437.9788084078561,1368.0041705291285,1378.5003662109375,18548,0.0,0.0
2017-03-27 00:00:00+09:00,1378.5003557217076,1409.9889425275335,1375.0016238543938,1404.7408447265625,9302,0.0,0.0
2017-03-28 00:00:00+09:00,1404.740971080044,1434.480194627193,1395.994140625,1395.994140625,7584,0.0,0.0
2017-03-29 00:00:00+09:00,1385.49796875,1499.2067666903408,1385.49796875,1443.22705078125,25436,0.0,0.0
2017-03-30 00:00:00+09:00,1467.7180842979283,1467.7180842979283,1416.9864699419809,1427.482666015625,9532,0.0,0.0
2017-03-31 00:00:00+09:00,1441.4774740386097,1441.4774740386097,1404.740790841024,1418.7357177734375,3380,0.0,0.0
2017-04-03 00:00:00+09:00,1418.735855436673,1455.472542198905,1399.4928290374087,1437.9788818359375,12816,0.0,0.0
2017-04-04 00:00:00+09:00,1471.2169280528449,1471.2169280528449,1436.2296051502801,1453.7232666015625,8620,0.0,0.0
2017-04-05 00:00:00+09:00,1434.4802621694712,1448.4751915564902,1409.9891357421875,1409.9891357421875,38918,0.0,0.0
2017-04-06 00:00:00+09:00,1416.9864265055237,1429.2319882160652,1399.4927669190358,1415.237060546875,8720,0.0,0.0
2017-04-07 00:00:00+09:00,1415.2369328127384,1434.47995662107,1404.740738008194,1432.7305908203125,6984,0.0,0.0
2017-04-10 00:00:00+09:00,1432.730881485849,1436.2296137971698,1390.74609375,1390.74609375,13428,0.0,0.0
2017-04-11 00:00:00+09:00,1368.0043750487064,1406.4904316357545,1368.0043750487064,1402.99169921875,5366,0.0,0.0
2017-04-12 00:00:00+09:00,1392.4952093847048,1415.236965316867,1388.9964777028338,1408.239501953125,11714,0.0,0.0
2017-04-13 00:00:00+09:00,1430.9814382670365,1430.9814382670365,1388.996652792209,1394.2447509765625,5528,0.0,0.0
2017-04-14 00:00:00+09:00,1422.2345005450863,1422.2345005450863,1395.99401160514,1413.4876708984375,8062,0.0,0.0
2017-04-17 00:00:00+09:00,1402.9914044303182,1425.7331603624805,1395.993941066576,1408.239501953125,4874,0.0,0.0
2017-04-18 00:00:00+09:00,1429.2321636493389,1429.2321636493389,1401.2423048753005,1409.9891357421875,4494,0.0,0.0
2017-04-19 00:00:00+09:00,1425.7332084495042,1430.9813061493185,1404.740817650248,1411.73828125,9632,0.0,0.0
2017-04-20 00:00:00+09:00,1429.2319402493804,1429.2319402493804,1409.988915350062,1411.73828125,8306,0.0,0.0
2017-04-21 00:00:00+09:00,1429.2319369010738,1429.2319369010738,1390.7458871925994,1420.485107421875,29882,0.0,0.0
2017-04-24 00:00:00+09:00,1427.4826779026218,1427.4826779026218,1392.4953573657929,1401.2421875,10704,0.0,0.0
2017-04-25 00:00:00+09:00,1415.237099640279,1415.237099640279,1381.9991455078125,1381.9991455078125,10018,0.0,0.0
2017-04-26 00:00:00+09:00,1381.9991731522346,1402.9915656558128,1375.001708984375,1375.001708984375,20436,0.0,0.0
2017-04-27 00:00:00+09:00,1375.001610645648,1388.996537980464,1366.2547810613883,1376.7509765625,18796,0.0,0.0
2017-04-28 00:00:00+09:00,1376.751164504717,1394.2448260613207,1364.5056014150944,1390.74609375,6976,0.0,0.0
2017-05-02 00:00:00+09:00,1388.9965345594617,1402.991461859809,1371.5028754340278,1385.497802734375,8216,0.0,0.0
2017-05-04 00:00:00+09:00,1388.9966805495349,1388.9966805495349,1378.500483971075,1387.247314453125,928,0.0,0.0
2017-05-08 00:00:00+09:00,1376.7510398864747,1404.740895843506,1376.7510398864747,1399.4927978515625,9332,0.0,0.0
2017-05-10 00:00:00+09:00,1415.23715483981,1429.2320834414397,1399.4928601629765,1422.234619140625,12000,0.0,0.0
2017-05-11 00:00:00+09:00,1430.9814453125,1436.2295435226924,1418.7358828220506,1430.9814453125,17662,0.0,0.0
2017-05-12 00:00:00+09:00,1444.9763459811245,1444.9763459811245,1418.735855436673,1437.9788818359375,4396,0.0,0.0
2017-05-15 00:00:00+09:00,1444.9763848101206,1458.9713134765625,1416.986527477237,1458.9713134765625,23196,0.0,0.0
2017-05-16 00:00:00+09:00,1458.9713885967549,1458.9713885967549,1439.7283606896033,1455.47265625,7118,0.0,0.0
2017-05-17 00:00:00+09:00,1464.219439770802,1464.219439770802,1437.978948018637,1451.973876953125,3534,0.0,0.0
2017-05-18 00:00:00+09:00,1427.482658330811,1448.4750503650878,1427.482658330811,1444.976318359375,5770,0.0,0.0
2017-05-19 00:00:00+09:00,1444.9763459811245,1444.9763459811245,1416.9864894003763,1437.9788818359375,17026,0.0,0.0
2017-05-22 00:00:00+09:00,1464.2194533646473,1464.2194533646473,1418.7359339052914,1425.7333984375,9728,0.0,0.0
2017-05-23 00:00:00+09:00,1444.9763781182733,1444.9763781182733,1415.23715483981,1422.234619140625,19506,0.0,0.0
2017-05-24 00:00:00+09:00,1422.234619140625,1434.480181667051,1415.23715483981,1422.234619140625,12884,0.0,0.0
2017-05-25 00:00:00+09:00,1434.4800247506046,1451.9736835890267,1416.9863659121827,1446.7255859375,5116,0.0,0.0
2017-05-26 00:00:00+09:00,1457.2220224233774,1458.9713885967549,1425.733431302584,1455.47265625,4416,0.0,0.0
2017-05-29 00:00:00+09:00,1455.472506728469,1469.467434677781,1441.4775787791568,1462.469970703125,23628,0.0,0.0
2017-05-30 00:00:00+09:00,1448.4750353224733,1483.462355016253,1448.4750353224733,1479.963623046875,19784,0.0,0.0
2017-05-31 00:00:00+09:00,1485.2116461699866,1525.4470617906104,1469.4673531010467,1483.4622802734375,25586,0.0,0.0
2017-06-01 00:00:00+09:00,1502.7055476592268,1504.4549138381083,1469.467590260478,1492.2093505859375,23208,0.0,0.0
2017-06-02 00:00:00+09:00,1492.2092010248778,1502.7053970461548,1476.4649069929624,1499.2066650390625,12326,0.0,0.0
2017-06-05 00:00:00+09:00,1492.2093180149725,1518.449810125435,1490.459951874275,1507.95361328125,14334,0.0,0.0
2017-06-07 00:00:00+09:00,1499.2068197918156,1539.4422420266017,1499.2068197918156,1528.946044921875,11286,0.0,0.0
2017-06-08 00:00:00+09:00,1544.6901381597615,1553.4369679341655,1528.9458445658342,1541.19140625,13528,0.0,0.0
2017-06-09 00:00:00+09:00,1541.19126032049,1546.4393576882103,1514.9507734818892,1539.44189453125,5020,0.0,0.0
2017-06-12 00:00:00+09:00,1563.9330898112753,1563.9330898112753,1434.4800152631385,1472.966064453125,34950,0.0,0.0
2017-06-13 00:00:00+09:00,1458.9713931871888,1502.7055476592268,1458.9713931871888,1492.2093505859375,6238,0.0,0.0
2017-06-14 00:00:00+09:00,1509.7029794219475,1513.2017117033427,1476.465022748695,1507.95361328125,22682,0.0,0.0
2017-06-15 00:00:00+09:00,1537.6927372831872,1537.6927372831872,1499.2066847004453,1509.702880859375,516,0.0,0.0
2017-06-16 00:00:00+09:00,1516.70031650671,1516.70031650671,1434.4801148045005,1462.469970703125,36898,0.0,0.0
2017-06-19 00:00:00+09:00,1483.462386592742,1483.462386592742,1451.9737981980845,1464.2193603515625,12924,0.0,0.0
2017-06-20 00:00:00+09:00,1486.961142601432,1486.961142601432,1434.480161097852,1465.96875,12502,0.0,0.0
2017-06-21 00:00:00+09:00,1469.4674072265625,1486.9610668364026,1434.4800880068824,1469.4674072265625,7238,0.0,0.0
2017-06-22 00:00:00+09:00,1450.224432176159,1516.7003410093246,1434.4801379788305,1464.2193603515625,17464,0.0,0.0
2017-06-23 00:00:00+09:00,1448.4750353224733,1486.9610869856308,1448.4750353224733,1479.963623046875,11724,0.0,0.0
2017-06-26 00:00:00+09:00,1453.7230600321068,1513.2015005147682,1453.7230600321068,1483.4622802734375,12222,0.0,0.0
2017-06-27 00:00:00+09:00,1500.9560824177584,1500.9560824177584,1457.2219308321594,1493.9586181640625,4266,0.0,0.0
2017-06-28 00:00:00+09:00,1478.214323593247,1511.4522787983021,1465.968761149279,1493.9586181640625,12388,0.0,0.0
2017-06-29 00:00:00+09:00,1471.2168867761948,1493.9586460248163,1451.9738597196692,1486.961181640625,29324,0.0,0.0
2017-06-30 00:00:00+09:00,1455.472716346154,1486.9613087671044,1451.9739838549372,1478.2144775390625,20772,0.0,0.0
2017-07-03 00:00:00+09:00,1476.4649850643382,1486.961181640625,1434.4801987591911,1486.961181640625,18998,0.0,0.0
2017-07-04 00:00:00+09:00,1483.4622237042681,1514.950808641387,1434.47998046875,1434.47998046875,15740,0.0,0.0
2017-07-05 00:00:00+09:00,1448.475164497535,1511.452345562645,1444.9764322161398,1507.95361328125,9816,0.0,0.0
2017-07-06 00:00:00+09:00,1520.1990570816165,1520.1990570816165,1451.973782943316,1499.2066650390625,24312,0.0,0.0
2017-07-07 00:00:00+09:00,1486.961199289345,1495.7080298733997,1450.224510836314,1451.973876953125,15004,0.0,0.0
2017-07-10 00:00:00+09:00,1451.9738491433416,1467.7181438930886,1434.4801883102891,1458.9713134765625,9000,0.0,0.0
2017-07-11 00:00:00+09:00,1458.9712857995225,1483.4624105011933,1453.7231876491646,1465.96875,18948,0.0,0.0
2017-07-12 00:00:00+09:00,1481.713044451074,1490.4598747016705,1453.7231876491646,1465.96875,6122,0.0,0.0
2017-07-13 00:00:00+09:00,1469.4675381212348,1471.2169042380458,1451.973876953125,1451.973876953125,9076,0.0,0.0
2017-07-14 00:00:00+09:00,1451.9738215990453,1485.2117765513126,1450.224455548926,1465.96875,4318,0.0,0.0
2017-07-17 00:00:00+09:00,1481.713040352999,1481.713040352999,1451.9738175832222,1474.715576171875,9314,0.0,0.0
2017-07-18 00:00:00+09:00,1474.7154778213865,1481.7129415358413,1450.224354820794,1476.46484375,11964,0.0,0.0
2017-07-19 00:00:00+09:00,1481.7129689534504,1483.4623349144345,1446.7256497337703,1469.4674072265625,20314,0.0,0.0
2017-07-20 00:00:00+09:00,1481.7130833524816,1509.7029408892463,1455.4725919117648,1486.961181640625,6204,0.0,0.0
2017-07-21 00:00:00+09:00,1486.961177357456,1502.705472176535,1467.7181503563595,1495.7080078125,7518,0.0,0.0
2017-07-24 00:00:00+09:00,1507.9536650083674,1507.9536650083674,1476.4650733956637,1502.70556640625,1132,0.0,0.0
2017-07-25 00:00:00+09:00,1493.9585343960516,1506.2040961533962,1460.7205810546875,1460.7205810546875,25152,0.0,0.0
2017-07-26 00:00:00+09:00,1460.720651849642,1476.464946300716,1451.9738215990453,1465.96875,5554,0.0,0.0
2017-07-27 00:00:00+09:00,1476.4649743096147,1476.4649743096147,1451.9738491433416,1458.9713134765625,3540,0.0,0.0
2017-07-28 00:00:00+09:00,1462.4701209435095,1467.7182194636418,1439.7283606896033,1455.47265625,9956,0.0,0.0
2017-07-31 00:00:00+09:00,1499.206810584435,1499.206810584435,1434.4802621694712,1455.47265625,14662,0.0,0.0
2017-08-01 00:00:00+09:00,1455.472609186747,1469.4675381212348,1451.973876953125,1451.973876953125,5594,0.0,0.0
2017-08-02 00:00:00+09:00,1481.713004419359,1481.713004419359,1444.976318359375,1444.976318359375,1538,0.0,0.0
2017-08-03 00:00:00+09:00,1462.469833746189,1462.469833746189,1434.47998046875,1434.47998046875,5888,0.0,0.0
2017-08-04 00:00:00+09:00,1450.2243852626777,1481.7129726387068,1423.9838957826535,1460.7205810546875,2974,0.0,0.0
2017-08-07 00:00:00+09:00,1488.7105654061559,1488.7105654061559,1441.477680252259,1451.973876953125,2022,0.0,0.0
2017-08-08 00:00:00+09:00,1492.2091514809617,1492.2091514809617,1441.4775390625,1441.4775390625,2558,0.0,0.0
2017-08-09 00:00:00+09:00,1448.4751681661778,1485.2118572138709,1434.480239005152,1453.7232666015625,4908,0.0,0.0
2017-08-10 00:00:00+09:00,1453.7230872730217,1469.4673806369897,1409.9889390397782,1413.4876708984375,5430,0.0,0.0
2017-08-11 00:00:00+09:00,1420.4852911931819,1443.22705078125,1406.490362215909,1443.22705078125,5078,0.0,0.0
2017-08-14 00:00:00+09:00,1443.227003614349,1469.4674945891554,1422.234610834504,1439.728271484375,6224,0.0,0.0
2017-08-16 00:00:00+09:00,1446.7257508934258,1469.4675099763938,1446.7257508934258,1458.9713134765625,1234,0.0,0.0
2017-08-17 00:00:00+09:00,1472.9661391485304,1472.9661391485304,1453.7231135777065,1469.4674072265625,1588,0.0,0.0
2017-08-18 00:00:00+09:00,1469.4674108813622,1469.4674108813622,1439.728189470668,1460.7205810546875,630,0.0,0.0
2017-08-21 00:00:00+09:00,1460.720467916349,1462.469833746189,1434.47998046875,1434.47998046875,4002,0.0,0.0
2017-08-22 00:00:00+09:00,1451.973802278402,1465.9687304931335,1399.4928214731585,1401.2421875,31628,0.0,0.0
2017-08-23 00:00:00+09:00,1401.2422906839622,1441.477712264151,1390.74609375,1390.74609375,22426,0.0,0.0
2017-08-24 00:00:00+09:00,1416.9865097754275,1432.7308043284877,1390.7460188536602,1394.2447509765625,4004,0.0,0.0
2017-08-25 00:00:00+09:00,1416.986520915014,1430.9814495166436,1395.994128012569,1422.234619140625,4970,0.0,0.0
2017-08-28 00:00:00+09:00,1451.9738424190882,1460.7206727951068,1422.234619140625,1422.234619140625,8262,0.0,0.0
2017-08-29 00:00:00+09:00,1399.4927199504336,1427.4825743494423,1395.9939881505577,1411.73828125,13252,0.0,0.0
2017-08-30 00:00:00+09:00,1434.4801990561948,1434.4801990561948,1381.999216163895,1387.247314453125,34760,0.0,0.0
2017-08-31 00:00:00+09:00,1387.2471959457785,1409.988953256365,1378.5003662109375,1378.5003662109375,9854,0.0,0.0
2017-09-01 00:00:00+09:00,1392.495293786683,1460.7205657184427,1364.5054386351921,1378.5003662109375,64124,0.0,0.0
2017-09-04 00:00:00+09:00,1378.5004576839915,1395.994118314499,1340.014404296875,1340.014404296875,24400,0.0,0.0
2017-09-05 00:00:00+09:00,1361.0068733255275,1381.999267258569,1334.7663809092257,1336.5157470703125,5060,0.0,0.0
2017-09-06 00:00:00+09:00,1317.2726603033,1364.5055445372827,1315.5232942205598,1359.2574462890625,6650,0.0,0.0
2017-09-07 00:00:00+09:00,1359.2574756226045,1399.4928963939299,1352.2600111406348,1397.7435302734375,4120,0.0,0.0
2017-09-08 00:00:00+09:00,1420.4853083129415,1420.4853083129415,1348.7612964399973,1362.7562255859375,14264,0.0,0.0
2017-09-11 00:00:00+09:00,1362.7562255859375,1371.5030563021503,1338.265099580542,1362.7562255859375,5278,0.0,0.0
2017-09-12 00:00:00+09:00,1366.25481173557,1368.0041776916976,1336.5155904814028,1361.0067138671875,4546,0.0,0.0
2017-09-13 00:00:00+09:00,1390.7460201253468,1390.7460201253468,1326.019475792469,1340.014404296875,20648,0.0,0.0
2017-09-14 00:00:00+09:00,1340.014372794859,1361.0067650579635,1324.27007859753,1355.7586669921875,2050,0.0,0.0
2017-09-15 00:00:00+09:00,1348.761245610464,1397.7434957753057,1343.5131473785166,1368.0042724609375,2054,0.0,0.0
2017-09-18 00:00:00+09:00,1369.7535712663519,1394.2446951459544,1329.5181534641474,1354.00927734375,11226,0.0,0.0
2017-09-19 00:00:00+09:00,1362.7562255859375,1362.7562255859375,1333.0170011508144,1362.7562255859375,5244,0.0,0.0
2017-09-20 00:00:00+09:00,1357.508056640625,1362.756154797741,1322.5207355931864,1357.508056640625,3656,0.0,0.0
2017-09-21 00:00:00+09:00,1357.5079819549326,1380.24973938459,1350.5105181304227,1361.0067138671875,968,0.0,0.0
2017-09-25 00:00:00+09:00,1361.006745138776,1361.006745138776,1298.029569271172,1345.262451171875,4238,0.0,0.0
2017-09-26 00:00:00+09:00,1345.2625304695189,1345.2625304695189,1291.0321813868725,1333.0169677734375,6466,0.0,0.0
2017-09-27 00:00:00+09:00,1347.011848851254,1347.011848851254,1298.0295998021174,1329.5181884765625,8204,0.0,0.0
2017-09-28 00:00:00+09:00,1312.024393389302,1327.7686861099737,1284.0345396636635,1301.5281982421875,28478,0.0,0.0
2017-09-29 00:00:00+09:00,1301.5282155422185,1324.2699719965851,1301.5282155422185,1320.771240234375,3612,0.0,0.0
2017-10-10 00:00:00+09:00,1294.5309030977714,1324.270126547315,1294.5309030977714,1305.027099609375,4074,0.0,0.0
2017-10-11 00:00:00+09:00,1320.7714328413588,1340.0144603397098,1294.530940798153,1326.01953125,5734,0.0,0.0
2017-10-12 00:00:00+09:00,1329.5182079185706,1345.2625024860272,1317.2726454772153,1340.014404296875,1508,0.0,0.0
2017-10-13 00:00:00+09:00,1315.5232601768091,1357.508045076069,1298.0295998021174,1329.5181884765625,6616,0.0,0.0
2017-10-16 00:00:00+09:00,1340.014353182908,1352.2599151571644,1301.5283012638167,1345.262451171875,4920,0.0,0.0
2017-10-17 00:00:00+09:00,1359.25733122148,1359.25733122148,1315.5231828552803,1341.763671875,1012,0.0,0.0
2017-10-18 00:00:00+09:00,1354.0092334175358,1354.0092334175358,1310.2750850513364,1341.763671875,6994,0.0,0.0
2017-10-19 00:00:00+09:00,1341.763817469279,1347.0119158426921,1322.5207901000977,1343.51318359375,1840,0.0,0.0
2017-10-20 00:00:00+09:00,1315.523193359375,1341.763682588618,1312.0244614621427,1315.523193359375,4916,0.0,0.0
2017-10-23 00:00:00+09:00,1362.756191463921,1362.756191463921,1319.0220389779158,1333.0169677734375,10994,0.0,0.0
2017-10-24 00:00:00+09:00,1319.0220578511558,1354.0093803405762,1319.0220578511558,1343.51318359375,9320,0.0,0.0
2017-10-25 00:00:00+09:00,1343.5130652031455,1364.5054568469445,1334.7662353515625,1334.7662353515625,1094,0.0,0.0
2017-10-26 00:00:00+09:00,1364.5055445372827,1364.5055445372827,1334.766321130701,1359.2574462890625,34086,0.0,0.0
2017-10-27 00:00:00+09:00,1378.5005060831706,1378.5005060831706,1329.518254597982,1343.51318359375,11690,0.0,0.0
2017-10-30 00:00:00+09:00,1347.0119535006008,1364.505615234375,1347.0119535006008,1364.505615234375,4718,0.0,0.0
2017-10-31 00:00:00+09:00,1336.5155706059747,1371.5028892082255,1336.5155706059747,1350.510498046875,10206,0.0,0.0
2017-11-01 00:00:00+09:00,1357.5080139160157,1418.7358238220215,1350.510549926758,1399.4927978515625,99122,0.0,0.0
2017-11-02 00:00:00+09:00,1408.239572534064,1485.2116733930688,1408.239572534064,1476.46484375,40378,0.0,0.0
2017-11-03 00:00:00+09:00,1507.9534950567934,1507.9534950567934,1451.973782943316,1499.2066650390625,89808,0.0,0.0
2017-11-06 00:00:00+09:00,1502.7052508202667,1521.9482749867661,1476.464763320495,1497.4571533203125,46538,0.0,0.0
2017-11-07 00:00:00+09:00,1488.7104382239643,1518.4496596690963,1483.4623403218823,1514.950927734375,52138,0.0,0.0
2017-11-08 00:00:00+09:00,1513.2013921384457,1513.2013921384457,1495.7077344258626,1511.4520263671875,9560,0.0,0.0
2017-11-09 00:00:00+09:00,1469.4675206801471,1513.2016730813418,1469.4675206801471,1486.961181640625,13914,0.0,0.0
2017-11-10 00:00:00+09:00,1486.9610358464001,1502.7053291671268,1485.211669921875,1485.211669921875,7292,0.0,0.0
2017-11-13 00:00:00+09:00,1486.9610869856308,1499.2066488784537,1469.4674271387412,1479.963623046875,2030,0.0,0.0
2017-11-14 00:00:00+09:00,1497.4572384348928,1497.4572384348928,1446.7256263851125,1467.718017578125,1030,0.0,0.0
2017-11-15 00:00:00+09:00,1469.467383510876,1486.9610428383867,1381.999086873324,1467.718017578125,11988,0.0,0.0
2017-11-16 00:00:00+09:00,1464.2193093436103,1511.4521902901786,1423.9838922409783,1469.4674072265625,27718,0.0,0.0
2017-11-17 00:00:00+09:00,1469.4675352515244,1506.2042236328125,1469.4675352515244,1506.2042236328125,11830,0.0,0.0
2017-11-20 00:00:00+09:00,1504.454833984375,1506.2042000704034,1486.9611731240916,1504.454833984375,5260,0.0,0.0
2017-11-21 00:00:00+09:00,1504.454833984375,1507.9535661564316,1476.4649766079215,1504.454833984375,15638,0.0,0.0
2017-11-22 00:00:00+09:00,1504.454918077257,1644.404212782118,1490.4599886067708,1574.4295654296875,72326,0.0,0.0
2017-11-23 00:00:00+09:00,1600.6698771947601,1612.9154390967967,1521.9484078245262,1534.1939697265625,63102,0.0,0.0
2017-11-24 00:00:00+09:00,1569.1813136211558,1574.4294116600227,1504.4547711417995,1535.943359375,29524,0.0,0.0
2017-11-27 00:00:00+09:00,1548.1889294039818,1658.3989887852822,1502.7054128339214,1518.44970703125,301502,0.0,0.0
2017-11-28 00:00:00+09:00,1504.45469860782,1528.9458216084124,1453.7230866780214,1476.46484375,117350,0.0,0.0
2017-11-29 00:00:00+09:00,1483.462487311485,1563.9333297835701,1455.4726290603248,1507.95361328125,103486,0.0,0.0
2017-11-30 00:00:00+09:00,1521.94854240683,1542.9409360952002,1504.454880999855,1507.95361328125,34822,0.0,0.0
2017-12-01 00:00:00+09:00,1525.447231359649,1539.4421600877192,1476.4649808114034,1495.7080078125,36232,0.0,0.0
2017-12-04 00:00:00+09:00,1465.9685313831676,1558.6849182128906,1465.9685313831676,1539.44189453125,26032,0.0,0.0
2017-12-05 00:00:00+09:00,1541.19126032049,1541.19126032049,1507.953310324929,1539.44189453125,9546,0.0,0.0
2017-12-06 00:00:00+09:00,1539.4420805431546,1815.8419086406757,1504.4547605308103,1616.4141845703125,2553874,0.0,0.0
2017-12-07 00:00:00+09:00,1619.912888234169,1987.2797419373824,1598.9204965939855,1857.82666015625,1474384,0.0,0.0
2017-12-08 00:00:00+09:00,1854.3280015882556,1906.8089827652816,1584.9256315461882,1591.923095703125,777554,0.0,0.0
2017-12-11 00:00:00+09:00,1574.4295362015846,1574.4295362015846,1469.4675671214789,1490.4599609375,232572,0.0,0.0
2017-12-12 00:00:00+09:00,1486.9612051653387,1521.948527639817,1476.465008422995,1488.7105712890625,92182,0.0,0.0
2017-12-13 00:00:00+09:00,1528.9459742864703,1530.6953403897728,1486.961187807208,1523.6978759765625,74524,0.0,0.0
2017-12-14 00:00:00+09:00,1527.1965488071357,1630.4091448891756,1490.4598620660706,1546.4395751953125,190314,0.0,0.0
2017-12-15 00:00:00+09:00,1548.188998947651,1593.6725175608024,1523.6978735405694,1577.92822265625,52816,0.0,0.0
2017-12-18 00:00:00+09:00,1597.1712988330974,1730.1231265563342,1576.1789049820597,1717.8775634765625,427990,0.0,0.0
2017-12-19 00:00:00+09:00,1766.859725801403,1766.859725801403,1579.6775568303633,1593.6724853515625,201800,0.0,0.0
2017-12-21 00:00:00+09:00,1511.4522983284885,1581.426941769622,1478.21434269395,1504.454833984375,53414,0.0,0.0
2017-12-22 00:00:00+09:00,1504.4549183441789,1551.6878053154496,1499.2068197918156,1528.946044921875,21874,0.0,0.0
2017-12-26 00:00:00+09:00,1560.4342679624203,1560.4342679624203,1444.9761270593713,1511.4520263671875,85238,0.0,0.0
2017-12-27 00:00:00+09:00,1547.2685297636312,1592.039031203551,1504.288848381308,1543.6868896484375,5876,50.0,0.0
2017-12-28 00:00:00+09:00,1575.92174936038,1575.92174936038,1491.7532013831778,1531.1512451171875,39794,0.0,0.0
2018-01-02 00:00:00+09:00,1531.1511645270782,1556.222645583662,1468.472461885619,1475.6357421875,77348,0.0,0.0
2018-01-03 00:00:00+09:00,1475.6358413605137,1559.8043905643294,1468.4725605772103,1498.91650390625,54446,0.0,0.0
2018-01-04 00:00:00+09:00,1498.9164101379536,1559.8042929870462,1498.9164101379536,1529.3603515625,67258,0.0,0.0
2018-01-05 00:00:00+09:00,1529.3604290805968,1604.5748764124294,1529.3604290805968,1584.8758544921875,22838,0.0,0.0
2018-01-08 00:00:00+09:00,1611.738230210148,1656.5087366048745,1541.896240234375,1541.896240234375,47254,0.0,0.0
2018-01-09 00:00:00+09:00,1541.896264705017,1583.0851312418527,1541.896264705017,1545.4779052734375,36146,0.0,0.0
2018-01-10 00:00:00+09:00,1568.758423821474,1608.1564664288628,1558.013503110368,1577.7125244140625,31770,0.0,0.0
2018-01-11 00:00:00+09:00,1577.7126459237763,1609.9474105396991,1540.1054205385333,1559.804443359375,42940,0.0,0.0
2018-01-12 00:00:00+09:00,1566.9677486839605,1568.7585689681707,1532.9421632839658,1545.4779052734375,18226,0.0,0.0
2018-01-15 00:00:00+09:00,1549.059257984704,1683.3707543417593,1543.6867981304217,1574.1307373046875,105836,0.0,0.0
2018-01-16 00:00:00+09:00,1590.2482622600317,1608.1564634116087,1545.4777593810893,1550.8502197265625,31970,0.0,0.0
2018-01-17 00:00:00+09:00,1536.5237286130491,1554.4319305782362,1500.707324682675,1507.87060546875,59348,0.0,0.0
2018-01-18 00:00:00+09:00,1520.4062014590993,1550.8501418887868,1504.2888212316177,1522.197021484375,27426,0.0,0.0
2018-01-19 00:00:00+09:00,1518.6153814338236,1547.2685018382354,1518.6153814338236,1522.197021484375,28874,0.0,0.0
2018-01-22 00:00:00+09:00,1543.686868861607,1566.967529296875,1523.9878484933035,1566.967529296875,18338,0.0,0.0
2018-01-23 00:00:00+09:00,1568.7585454729826,1604.5749506207676,1566.9677252155934,1586.666748046875,43084,0.0,0.0
2018-01-24 00:00:00+09:00,1611.738035745461,1638.6003363412187,1586.6665551894205,1602.783935546875,61380,0.0,0.0
2018-01-25 00:00:00+09:00,1611.738109588623,1624.273850440979,1584.875807762146,1604.5748291015625,48816,0.0,0.0
2018-01-26 00:00:00+09:00,1608.1565428598801,1611.7381832671404,1590.2483408235785,1606.36572265625,16980,0.0,0.0
2018-01-29 00:00:00+09:00,1611.7380667663706,1651.1361083984375,1606.365606543816,1651.1361083984375,102284,0.0,0.0
2018-01-30 00:00:00+09:00,1686.9527343749999,1855.28984375,1635.0189453125,1790.8203125,376472,0.0,0.0
2018-01-31 00:00:00+09:00,1760.3761720734883,1808.7283151518038,1729.9322301352895,1762.1669921875,75494,0.0,0.0
2018-02-01 00:00:00+09:00,1805.1467543658089,1926.922527477788,1774.702811087814,1826.6365966796875,167156,0.0,0.0
2018-02-02 00:00:00+09:00,1862.453125,1862.453125,1683.37109375,1683.37109375,137736,0.0,0.0
2018-02-05 00:00:00+09:00,1635.0188254735804,1681.5801501858618,1622.483084204889,1665.4627685546875,94868,0.0,0.0
2018-02-06 00:00:00+09:00,1618.9014438424058,1665.4627685546875,1579.5033998550907,1665.4627685546875,71432,0.0,0.0
2018-02-07 00:00:00+09:00,1744.2588875143201,1767.5395502840186,1677.9985396313327,1758.58544921875,192084,0.0,0.0
2018-02-08 00:00:00+09:00,1762.1671875,1762.1671875,1665.462890625,1683.37109375,159826,0.0,0.0
2018-02-09 00:00:00+09:00,1679.789379173254,1679.789379173254,1618.9014912288078,1663.6719970703125,58994,0.0,0.0
2018-02-12 00:00:00+09:00,1676.2076146509742,1719.187297077922,1642.1820327296402,1654.7177734375,38012,0.0,0.0
2018-02-13 00:00:00+09:00,1681.5800446977637,1681.5800446977637,1615.3197021484375,1615.3197021484375,18350,0.0,0.0
2018-02-14 00:00:00+09:00,1584.8757894937096,1661.8810538419914,1583.0849693925866,1654.7177734375,31548,0.0,0.0
2018-02-19 00:00:00+09:00,1618.9014923612951,1701.2792231672902,1618.9014923612951,1690.5343017578125,27618,0.0,0.0
2018-02-20 00:00:00+09:00,1690.534062581465,1790.819981548162,1654.7176629505018,1717.3963623046875,88178,0.0,0.0
2018-02-21 00:00:00+09:00,1715.6058101874671,1728.1415520155595,1685.1618657478148,1703.070068359375,28468,0.0,0.0
2018-02-22 00:00:00+09:00,1728.1412821939764,1728.1412821939764,1647.5543830243091,1717.3963623046875,26556,0.0,0.0
2018-02-23 00:00:00+09:00,1715.605527620789,1767.539306640625,1683.3707682291667,1767.539306640625,46474,0.0,0.0
2018-02-26 00:00:00+09:00,1767.5395254952566,1774.7028062470106,1722.7690207967953,1755.0037841796875,14530,0.0,0.0
2018-02-27 00:00:00+09:00,1755.0036027517178,1767.539342771373,1694.11572265625,1694.11572265625,28396,0.0,0.0
2018-02-28 00:00:00+09:00,1692.324850597402,1699.4881303882903,1647.554351904349,1677.998291015625,39236,0.0,0.0
2018-03-02 00:00:00+09:00,1635.0187777182214,1667.2535400390627,1635.0187777182214,1667.2535400390625,26950,0.0,0.0
2018-03-05 00:00:00+09:00,1667.2535647671323,1713.8148888100382,1640.3912624346865,1670.835205078125,39626,0.0,0.0
2018-03-06 00:00:00+09:00,1670.8351784373726,1670.8351784373726,1642.1820564062923,1649.3453369140625,21450,0.0,0.0
2018-03-07 00:00:00+09:00,1649.345364745576,1704.860789617577,1649.345364745576,1688.743408203125,5536,0.0,0.0
2018-03-08 00:00:00+09:00,1683.3709202677849,1708.442402059007,1658.2994384765625,1658.2994384765625,15654,0.0,0.0
2018-03-09 00:00:00+09:00,1704.8606619999325,1704.8606619999325,1651.1360613066574,1661.8809814453125,12880,0.0,0.0
2018-03-12 00:00:00+09:00,1665.4626713699538,1686.9525122908565,1647.554470602535,1669.0443115234375,48884,0.0,0.0
2018-03-13 00:00:00+09:00,1683.3707826552723,1790.819981548162,1672.6258627659834,1717.3963623046875,177052,0.0,0.0
2018-03-14 00:00:00+09:00,1735.304808026747,1762.1671115565728,1683.371021202417,1699.4884033203125,84468,0.0,0.0
2018-03-15 00:00:00+09:00,1699.4881303882903,1704.8605902314569,1642.1818920611827,1677.998291015625,47242,0.0,0.0
2018-03-16 00:00:00+09:00,1681.5800242548405,1683.3708443019702,1609.9472223696503,1647.554443359375,103154,0.0,0.0
2018-03-19 00:00:00+09:00,1647.5542706485398,1683.3706678365515,1640.3909912109375,1640.3909912109375,60768,0.0,0.0
2018-03-20 00:00:00+09:00,1622.4830359176733,1676.207639756007,1622.4830359176733,1658.2994384765625,28452,0.0,0.0
2018-03-21 00:00:00+09:00,1638.6004430449595,1683.3709469532917,1638.6004430449595,1679.789306640625,18602,0.0,0.0
2018-03-22 00:00:00+09:00,1679.789280011896,1679.789280011896,1652.926978092729,1658.2994384765625,48146,0.0,0.0
2018-03-23 00:00:00+09:00,1615.3196825110394,1658.2993636421536,1575.921641474185,1647.554443359375,54236,0.0,0.0
2018-03-26 00:00:00+09:00,1631.4370827685439,1645.7636433197495,1593.8298613216289,1615.3197021484375,16780,0.0,0.0
2018-03-27 00:00:00+09:00,1618.9015373629697,1645.763841633373,1566.9677491068567,1572.3402099609375,66382,0.0,0.0
2018-03-28 00:00:00+09:00,1570.549195581553,1579.5032958984375,1522.1970538703763,1579.5032958984375,34684,0.0,0.0
2018-03-29 00:00:00+09:00,1579.5033918709591,1588.4574927319056,1550.8502691159304,1558.0135498046875,21210,0.0,0.0
2018-03-30 00:00:00+09:00,1575.9216557716838,1604.5747767857144,1559.8042752012916,1579.5032958984375,7850,0.0,0.0
2018-04-02 00:00:00+09:00,1556.2226350745377,1599.2023165955836,1536.5236143773916,1579.5032958984375,21786,0.0,0.0
2018-04-03 00:00:00+09:00,1595.6207205513929,1604.5748211156542,1523.9879160373011,1532.9420166015625,48838,0.0,0.0
2018-04-04 00:00:00+09:00,1532.9420145814865,1550.8502156864104,1511.4521732555777,1515.0338134765625,28072,0.0,0.0
2018-04-05 00:00:00+09:00,1515.033910078968,1541.8962134491624,1489.9624269334531,1493.5440673828125,42464,0.0,0.0
2018-04-06 00:00:00+09:00,1500.7072745113671,1504.288914784664,1468.4725120516957,1491.753173828125,18800,0.0,0.0
2018-04-09 00:00:00+09:00,1491.7532013831778,1543.6869863052814,1489.9623812134503,1531.1512451171875,17550,0.0,0.0
2018-04-10 00:00:00+09:00,1531.1512212153082,1554.431883058348,1507.8705593722684,1536.523681640625,10910,0.0,0.0
2018-04-11 00:00:00+09:00,1536.5235564033942,1543.6868363866267,1502.4979764830393,1518.6153564453125,27274,0.0,0.0
2018-04-12 00:00:00+09:00,1540.1053210635257,1540.1053210635257,1482.7990765588363,1527.569580078125,5644,0.0,0.0
2018-04-13 00:00:00+09:00,1552.6411856785596,1552.6411856785596,1486.3808351940074,1500.7073974609375,21148,0.0,0.0
2018-04-16 00:00:00+09:00,1500.7073976057422,1531.1513424259065,1488.1716556209687,1509.6614990234375,9694,0.0,0.0
2018-04-17 00:00:00+09:00,1488.171558925084,1515.0338614327568,1468.4725370861236,1504.2889404296875,21850,0.0,0.0
2018-04-18 00:00:00+09:00,1540.105393224483,1540.105393224483,1493.5440673828125,1493.5440673828125,12400,0.0,0.0
2018-04-19 00:00:00+09:00,1497.1256639502515,1559.8043699768768,1493.544023605873,1558.0135498046875,15898,0.0,0.0
2018-04-20 00:00:00+09:00,1574.1309063467563,1574.1309063467563,1515.0338416033626,1554.431884765625,9260,0.0,0.0
2018-04-23 00:00:00+09:00,1554.431958510619,1574.1309810263067,1540.1053966810282,1565.1768798828125,8470,0.0,0.0
2018-04-24 00:00:00+09:00,1575.9217515265805,1575.9217515265805,1534.7328875662267,1558.0135498046875,618,0.0,0.0
2018-04-25 00:00:00+09:00,1554.4318327356557,1554.4318327356557,1506.079690473141,1529.3603515625,21422,0.0,0.0
2018-04-26 00:00:00+09:00,1507.8704300295326,1509.6612500176911,1468.4723902900437,1482.7989501953125,40466,0.0,0.0
2018-04-27 00:00:00+09:00,1482.79921875,1502.4982421875,1468.47265625,1495.3349609375,21998,0.0,0.0
2018-04-30 00:00:00+09:00,1500.7072745113671,1500.7072745113671,1473.844972461641,1491.753173828125,20042,0.0,0.0
2018-05-02 00:00:00+09:00,1556.2227274933753,1556.2227274933753,1491.7532013831778,1531.1512451171875,20376,0.0,0.0
2018-05-03 00:00:00+09:00,1523.9879878200636,1572.3401331445543,1516.82470703125,1516.82470703125,28868,0.0,0.0
2018-05-04 00:00:00+09:00,1504.2889908778375,1538.3145751953125,1504.2889908778375,1538.3145751953125,17566,0.0,0.0
2018-05-08 00:00:00+09:00,1538.3144017118566,1538.3144017118566,1495.334721105239,1522.197021484375,16974,0.0,0.0
2018-05-09 00:00:00+09:00,1520.4063720703125,1540.105394558856,1432.6561809849823,1520.4063720703125,22668,0.0,0.0
2018-05-10 00:00:00+09:00,1506.0797168476201,1550.8502197265625,1506.0797168476201,1550.8502197265625,10356,0.0,0.0
2018-05-11 00:00:00+09:00,1550.8501447810684,1572.3399851244549,1522.1970243232195,1540.105224609375,15300,0.0,0.0
2018-05-14 00:00:00+09:00,1540.105224609375,1540.105224609375,1523.987844351835,1540.105224609375,11552,0.0,0.0
2018-05-15 00:00:00+09:00,1540.1053445127588,1554.4319058570636,1486.3807394716162,1513.2430419921875,35754,0.0,0.0
2018-05-16 00:00:00+09:00,1513.2429953601873,1540.1052970529718,1495.3347942316643,1532.9420166015625,11506,0.0,0.0
2018-05-17 00:00:00+09:00,1532.9420899577015,1547.2686515460912,1497.125685986727,1534.73291015625,8054,0.0,0.0
2018-05-18 00:00:00+09:00,1534.733031806596,1561.5953369140625,1509.661547039627,1561.5953369140625,12412,0.0,0.0
2018-05-21 00:00:00+09:00,1561.5951384071993,1563.3859585200514,1532.9420166015625,1532.9420166015625,12952,0.0,0.0
2018-05-23 00:00:00+09:00,1511.4522210984005,1531.1512429373606,1504.2889404296875,1504.2889404296875,35898,0.0,0.0
2018-05-24 00:00:00+09:00,1504.288870389344,1529.3603515624998,1489.9623097189694,1529.3603515625,7780,0.0,0.0
2018-05-25 00:00:00+09:00,1511.4521507245315,1540.1052720652808,1473.8449289647979,1529.3603515625,8580,0.0,0.0
2018-05-28 00:00:00+09:00,1529.360301585478,1536.5235816865809,1504.2888212316177,1522.197021484375,10510,0.0,0.0
2018-05-29 00:00:00+09:00,1520.406370753007,1520.406370753007,1493.5440673828125,1493.5440673828125,39542,0.0,0.0
2018-05-30 00:00:00+09:00,1493.5440179663967,1502.4981187935334,1482.7990969738328,1486.3807373046875,4440,0.0,0.0
2018-05-31 00:00:00+09:00,1486.3807358160252,1495.334836634194,1468.4725341796875,1468.4725341796875,21494,0.0,0.0
2018-06-01 00:00:00+09:00,1484.5899164003313,1486.3807365648674,1457.7276139322917,1477.4266357421875,18128,0.0,0.0
2018-06-04 00:00:00+09:00,1502.498072703116,1515.0338134765625,1475.63577104573,1515.0338134765625,23558,0.0,0.0
2018-06-05 00:00:00+09:00,1520.4062738080397,1522.1970939185321,1489.962331929669,1515.0338134765625,20702,0.0,0.0
2018-06-07 00:00:00+09:00,1593.8298254678416,1593.8298254678416,1523.987844351835,1540.105224609375,14778,0.0,0.0
2018-06-08 00:00:00+09:00,1540.1052217371323,1554.4317819393382,1468.4724207261029,1522.197021484375,31440,0.0,0.0
2018-06-11 00:00:00+09:00,1516.8246325698108,1516.8246325698108,1491.7531510397314,1506.0797119140625,14742,0.0,0.0
2018-06-12 00:00:00+09:00,1504.2889639047478,1504.2889639047478,1488.1715821486255,1489.96240234375,16060,0.0,0.0
2018-06-14 00:00:00+09:00,1489.9624269334531,1506.07980895557,1468.4725842372975,1493.5440673828125,24648,0.0,0.0
2018-06-15 00:00:00+09:00,1470.2633558158414,1489.962377635542,1468.472535650414,1486.3807373046875,18112,0.0,0.0
2018-06-18 00:00:00+09:00,1486.3805901716296,1486.3805901716296,1468.4723902900437,1482.7989501953125,16898,0.0,0.0
2018-06-19 00:00:00+09:00,1461.3091804029305,1489.9623015873017,1461.3091804029305,1466.681640625,9410,0.0,0.0
2018-06-20 00:00:00+09:00,1466.681739807129,1538.314547612117,1452.3551782461313,1489.96240234375,40934,0.0,0.0
2018-06-21 00:00:00+09:00,1502.498217744304,1502.498217744304,1468.4726323603447,1500.7073974609375,19178,0.0,0.0
2018-06-22 00:00:00+09:00,1540.1053671969469,1686.9526231389814,1479.217480586835,1481.00830078125,126878,0.0,0.0
2018-06-25 00:00:00+09:00,1481.0082512411718,1488.1715317792186,1466.6816901650782,1473.844970703125,8906,0.0,0.0
2018-06-26 00:00:00+09:00,1461.3093512268795,1515.0339597278678,1450.5644295266818,1500.7073974609375,28714,0.0,0.0
2018-06-27 00:00:00+09:00,1479.217481173002,1502.498143709623,1468.4725600022537,1489.96240234375,21100,0.0,0.0
2018-06-28 00:00:00+09:00,1489.9623278601694,1489.9623278601694,1441.610185008938,1479.2174072265625,17814,0.0,0.0
2018-06-29 00:00:00+09:00,1464.8907956294945,1479.2173559779492,1452.3550553245966,1463.0999755859375,11664,0.0,0.0
2018-07-02 00:00:00+09:00,1463.1000242046282,1479.217405132219,1439.8193628647748,1461.3092041015625,17282,0.0,0.0
2018-07-03 00:00:00+09:00,1446.982470279585,1473.8447686139832,1432.6559111679057,1445.191650390625,29154,0.0,0.0
2018-07-04 00:00:00+09:00,1436.2377959208736,1489.9624017533254,1425.4928747543834,1481.00830078125,18102,0.0,0.0
2018-07-05 00:00:00+09:00,1475.6358155776513,1482.7990962357953,1446.9826929450758,1477.4266357421875,9050,0.0,0.0
2018-07-06 00:00:00+09:00,1477.4265359343924,1477.4265359343924,1418.3294744970167,1463.0999755859375,62248,0.0,0.0
2018-07-09 00:00:00+09:00,1448.773438699708,1459.5183591350583,1427.283597829008,1457.7275390625,11828,0.0,0.0
2018-07-10 00:00:00+09:00,1455.9368893444018,1457.7277096264984,1425.4929445487626,1438.0286865234375,85768,0.0,0.0
2018-07-11 00:00:00+09:00,1443.40102753954,1470.2633295408962,1438.0285671392687,1464.890869140625,21486,0.0,0.0
2018-07-12 00:00:00+09:00,1461.309303338579,1525.7788314270458,1441.610280867103,1493.5440673828125,48784,0.0,0.0
2018-07-13 00:00:00+09:00,1493.5440194266184,1550.8502647763207,1473.844997587658,1504.2889404296875,22690,0.0,0.0
2018-07-16 00:00:00+09:00,1504.2889887308902,1525.7788314270458,1489.9624269334531,1493.5440673828125,38336,0.0,0.0
2018-07-17 00:00:00+09:00,1511.4521507245315,1566.9675733222334,1497.1255900541569,1529.3603515625,41888,0.0,0.0
2018-07-18 00:00:00+09:00,1561.5952872460707,1701.2792693621182,1459.5185310843435,1509.6614990234375,185178,0.0,0.0
2018-07-19 00:00:00+09:00,1486.3807365648674,1486.3807365648674,1464.8908945904354,1477.4266357421875,68174,0.0,0.0
2018-07-20 00:00:00+09:00,1455.9367944924227,1488.1715574701147,1455.9367944924227,1486.3807373046875,27752,0.0,0.0
2018-07-23 00:00:00+09:00,1486.380786484094,1518.6155505283273,1473.8450449113366,1493.5440673828125,17394,0.0,0.0
2018-07-24 00:00:00+09:00,1529.3605209103557,1529.3605209103557,1436.2378662413412,1438.0286865234375,165348,0.0,0.0
2018-07-25 00:00:00+09:00,1438.0285921223958,1486.3807365648674,1438.0285921223958,1477.4266357421875,19760,0.0,0.0
2018-07-26 00:00:00+09:00,1463.100123130513,1484.5899658203125,1463.100123130513,1484.5899658203125,4228,0.0,0.0
2018-07-27 00:00:00+09:00,1484.5899405746272,1484.5899405746272,1466.6817386376595,1472.05419921875,5948,0.0,0.0
2018-07-30 00:00:00+09:00,1472.0541759812688,1486.3807373046875,1443.4010533344315,1486.3807373046875,14100,0.0,0.0
2018-07-31 00:00:00+09:00,1484.589867543366,1486.380687648967,1457.7275659593486,1479.2174072265625,492,0.0,0.0
2018-08-01 00:00:00+09:00,1479.21745516149,1479.21745516149,1448.773512379716,1468.4725341796875,13740,0.0,0.0
2018-08-02 00:00:00+09:00,1468.4725617067593,1609.947357285825,1450.5643597347257,1516.82470703125,40964,0.0,0.0
2018-08-03 00:00:00+09:00,1525.7786364285453,1525.7786364285453,1495.3346964998066,1518.6153564453125,9016,0.0,0.0
2018-08-06 00:00:00+09:00,1518.6153842659885,1540.105224609375,1497.1255439226018,1540.105224609375,19546,0.0,0.0
2018-08-07 00:00:00+09:00,1540.105249533244,1554.4318099940183,1513.242948669292,1543.6868896484375,11940,0.0,0.0
2018-08-08 00:00:00+09:00,1559.8043426120128,1574.130903738185,1527.569580078125,1527.569580078125,18696,0.0,0.0
2018-08-09 00:00:00+09:00,1527.5696538318994,1565.1768786038451,1507.8706313323087,1538.3145751953125,14622,0.0,0.0
2018-08-10 00:00:00+09:00,1516.8247560888844,1543.6870599157241,1511.4522953235164,1523.988037109375,23894,0.0,0.0
2018-08-13 00:00:00+09:00,1523.9878664688324,1647.5544502365756,1504.2888458681778,1525.7786865234375,28712,0.0,0.0
2018-08-14 00:00:00+09:00,1570.5492158112704,1572.3400358977142,1506.0796926992912,1547.2685546875,9170,0.0,0.0
2018-08-16 00:00:00+09:00,1532.9421639657237,1590.2484130859375,1522.1972422556835,1590.2484130859375,40834,0.0,0.0
2018-08-17 00:00:00+09:00,1586.6666473529306,1590.248287640409,1543.6869639031897,1554.431884765625,24478,0.0,0.0
2018-08-20 00:00:00+09:00,1554.4318099940183,1575.9216506851799,1522.197048957276,1543.6868896484375,41382,0.0,0.0
2018-08-21 00:00:00+09:00,1529.3603044376816,1545.4776846952216,1523.987844351835,1540.105224609375,12464,0.0,0.0
2018-08-22 00:00:00+09:00,1556.222900390625,1558.0137207593139,1531.151415228981,1556.222900390625,8358,0.0,0.0
2018-08-23 00:00:00+09:00,1572.3400630863835,1572.3400630863835,1540.1053009729953,1568.7584228515625,16988,0.0,0.0
2018-08-24 00:00:00+09:00,1583.084815609146,1611.7379344437009,1568.7582561918687,1588.457275390625,15468,0.0,0.0
2018-08-27 00:00:00+09:00,1590.2482518067452,1683.370897182816,1566.9675904627277,1672.6259765625,127590,0.0,0.0
2018-08-28 00:00:00+09:00,1672.6259086744983,1729.9321496569223,1638.600328091184,1706.6514892578125,84158,0.0,0.0
2018-08-29 00:00:00+09:00,1699.48825520315,1699.48825520315,1649.3452929843004,1686.9525146484375,32186,0.0,0.0
2018-08-30 00:00:00+09:00,1694.1157851800685,1919.7591138615576,1611.738062010636,1615.3197021484375,710166,0.0,0.0
2018-08-31 00:00:00+09:00,1615.3196771918404,1633.2278776041667,1600.9931168619792,1611.738037109375,41766,0.0,0.0
2018-09-03 00:00:00+09:00,1647.5545398925246,1672.626022021324,1593.829935330812,1635.018798828125,44404,0.0,0.0
2018-09-04 00:00:00+09:00,1663.6719244561395,1694.115867099578,1622.4830608797226,1670.835205078125,41310,0.0,0.0
2018-09-05 00:00:00+09:00,1670.8350112247365,1681.5799309110691,1652.9268117475153,1677.998291015625,20472,0.0,0.0
2018-09-06 00:00:00+09:00,1694.1158678912914,1694.1158678912914,1656.5086446082923,1679.789306640625,9714,0.0,0.0
2018-09-07 00:00:00+09:00,1679.7893293391046,1683.3709697001689,1645.763745908995,1656.5086669921875,4984,0.0,0.0
2018-09-10 00:00:00+09:00,1631.4371824830444,1651.136204444969,1593.8299587375516,1629.6463623046875,44684,0.0,0.0
2018-09-11 00:00:00+09:00,1629.6462428880775,1647.5544433593752,1609.9472223696503,1647.554443359375,9562,0.0,0.0
2018-09-12 00:00:00+09:00,1604.575,1654.71796875,1604.575,1638.6005859375,20602,0.0,0.0
2018-09-13 00:00:00+09:00,1640.3911902955674,1672.6259516769214,1620.6921694514067,1669.0443115234375,8016,0.0,0.0
2018-09-14 00:00:00+09:00,1690.5340872138397,1858.871167932167,1622.4829269234522,1720.97802734375,181080,0.0,0.0
2018-09-17 00:00:00+09:00,1753.2127619356506,1753.2127619356506,1656.50848293205,1717.3963623046875,38062,0.0,0.0
2018-09-18 00:00:00+09:00,1751.4219674736603,1826.636407794615,1658.2993270762877,1720.97802734375,319368,0.0,0.0
2018-09-19 00:00:00+09:00,1719.1874259088515,1738.8864484973906,1695.9067628496691,1699.4884033203125,44866,0.0,0.0
2018-09-20 00:00:00+09:00,1683.3709099724726,1801.565037693944,1679.7892697384887,1789.029296875,186314,0.0,0.0
2018-09-21 00:00:00+09:00,1783.6568620503542,1808.728344047046,1751.4220994831792,1801.5650634765625,56554,0.0,0.0
2018-09-27 00:00:00+09:00,1801.5651090660874,1801.5651090660874,1733.513941924426,1755.0037841796875,30632,0.0,0.0
2018-09-28 00:00:00+09:00,1749.6312742389616,1749.6312742389616,1694.1158499795883,1747.8404541015625,28314,0.0,0.0
2018-10-01 00:00:00+09:00,1747.8405530841299,1823.0550031143896,1717.396609024263,1780.0753173828125,62936,0.0,0.0
2018-10-02 00:00:00+09:00,1765.7486052336517,1805.1466471354167,1692.3249816894534,1740.6771240234375,25942,0.0,0.0
2018-10-04 00:00:00+09:00,1695.9066440693075,1738.8863267067557,1681.5800831901581,1726.3505859375,21700,0.0,0.0
2018-10-05 00:00:00+09:00,1719.187271217462,1733.513831810941,1645.763648175883,1651.1361083984375,23076,0.0,0.0
2018-10-08 00:00:00+09:00,1635.0188748487308,1699.4884033203127,1617.1106724955134,1699.4884033203125,12422,0.0,0.0
2018-10-10 00:00:00+09:00,1704.8607177734375,1830.2181234920727,1672.6259563029312,1704.8607177734375,23536,0.0,0.0
2018-10-11 00:00:00+09:00,1729.932319000477,1729.932319000477,1640.3913087002454,1642.18212890625,30372,0.0,0.0
2018-10-12 00:00:00+09:00,1642.1820358260118,1755.0037024094781,1642.1820358260118,1681.580078125,12296,0.0,0.0
2018-10-15 00:00:00+09:00,1681.579920748197,1767.539277719351,1674.416641000601,1746.0494384765625,76440,0.0,0.0
2018-10-16 00:00:00+09:00,1744.2588630520568,1755.0037841796875,1722.7690207967953,1755.0037841796875,14400,0.0,0.0
2018-10-17 00:00:00+09:00,1755.0038577190035,1789.0294427155964,1728.1415537743248,1765.748779296875,18370,0.0,0.0
2018-10-18 00:00:00+09:00,1765.748755472287,1790.820238815707,1740.6772721288671,1780.0753173828125,20718,0.0,0.0
2018-10-19 00:00:00+09:00,1772.9119118679776,1772.9119118679776,1692.3250067830693,1753.212890625,16656,0.0,0.0
2018-10-22 00:00:00+09:00,1706.6516353567024,1751.4221399568257,1636.8096481805098,1701.2791748046875,78540,0.0,0.0
2018-10-23 00:00:00+09:00,1701.2791748046875,1756.7946005088404,1658.2994903885692,1701.2791748046875,9122,0.0,0.0
2018-10-24 00:00:00+09:00,1720.978022698368,1765.748522768565,1665.462602611324,1694.11572265625,7588,0.0,0.0
2018-10-25 00:00:00+09:00,1608.1565727493712,1767.5395738347765,1608.1565727493712,1735.3048095703125,21806,0.0,0.0
2018-10-26 00:00:00+09:00,1769.3303176784318,1769.3303176784318,1667.2535685815992,1715.605712890625,15094,0.0,0.0
2018-10-29 00:00:00+09:00,1715.6056568756765,1765.748619707116,1636.8095724262716,1654.7177734375,80696,0.0,0.0
2018-10-30 00:00:00+09:00,1577.7125090892182,1654.7177734375,1565.1767683813582,1654.7177734375,14926,0.0,0.0
2018-10-31 00:00:00+09:00,1654.7177755286405,1672.6259765625,1617.1105533575349,1672.6259765625,22068,0.0,0.0
2018-11-01 00:00:00+09:00,1658.299473458636,1790.820165722069,1643.9729121328594,1787.238525390625,112694,0.0,0.0
2018-11-02 00:00:00+09:00,1787.2385983380755,1819.473362636758,1755.0038340393928,1780.0753173828125,49676,0.0,0.0
2018-11-05 00:00:00+09:00,1780.075390625,1805.146875,1728.1416015625,1790.8203125,28192,0.0,0.0
2018-11-06 00:00:00+09:00,1805.1467341066316,1930.50414619737,1772.9119709975846,1876.779541015625,215030,0.0,0.0
2018-11-07 00:00:00+09:00,1876.7795832802951,1909.0143471152621,1692.3251013357624,1758.58544921875,185422,0.0,0.0
2018-11-08 00:00:00+09:00,1758.5853519594766,1808.7283151518038,1751.4220715034298,1762.1669921875,44316,0.0,0.0
2018-11-09 00:00:00+09:00,1762.1670472853843,1876.7795381657345,1737.0955649053076,1840.963134765625,331288,0.0,0.0
2018-11-12 00:00:00+09:00,1840.9629562803475,2127.494155701413,1790.819996381661,1797.9832763671875,1808096,0.0,0.0
2018-11-13 00:00:00+09:00,1794.4018014955127,1794.4018014955127,1690.534232147469,1733.513916015625,174296,0.0,0.0
2018-11-14 00:00:00+09:00,1733.5138838502294,1733.5138838502294,1652.926978092729,1658.2994384765625,178622,0.0,0.0
2018-11-15 00:00:00+09:00,1649.345295240899,1747.8403997341125,1649.345295240899,1704.8607177734375,72038,0.0,0.0
2018-11-16 00:00:00+09:00,1704.860867352553,1787.2385983380755,1676.2077435315016,1780.0753173828125,112824,0.0,0.0
2018-11-19 00:00:00+09:00,1780.075390625,1866.0347656249999,1738.8865234375,1790.8203125,102798,0.0,0.0
2018-11-20 00:00:00+09:00,1762.1670911171013,1858.871382702796,1728.1415070406533,1785.44775390625,47728,0.0,0.0
2018-11-21 00:00:00+09:00,1785.4477273746413,1785.4477273746413,1733.513941924426,1755.0037841796875,32834,0.0,0.0
2018-11-22 00:00:00+09:00,1758.5853800536624,1880.3611497518793,1738.8863584848332,1801.5650634765625,165342,0.0,0.0
2018-11-23 00:00:00+09:00,1819.4731445312498,1862.452825110728,1790.820024144931,1819.47314453125,98916,0.0,0.0
2018-11-26 00:00:00+09:00,1848.1263339134955,1848.1263339134955,1760.3761494544244,1776.4935302734375,28888,0.0,0.0
2018-11-27 00:00:00+09:00,1783.6568106374432,1823.0548526394753,1729.9322079073997,1776.4935302734375,56352,0.0,0.0
2018-11-28 00:00:00+09:00,1787.2386224526178,1855.2897924458036,1704.8608903556033,1765.748779296875,53980,0.0,0.0
2018-11-29 00:00:00+09:00,1767.5396237987684,1783.657006386599,1713.8150151726659,1751.4222412109375,67914,0.0,0.0
2018-11-30 00:00:00+09:00,1751.4221399568257,1808.7283858449837,1654.7178500205594,1701.2791748046875,104736,0.0,0.0
2018-12-03 00:00:00+09:00,1701.279001104211,1719.1872011158343,1685.16162109375,1685.16162109375,72228,0.0,0.0
2018-12-04 00:00:00+09:00,1694.1158709755025,1844.5447643813611,1694.1158709755025,1715.605712890625,53662,0.0,0.0
2018-12-05 00:00:00+09:00,1715.6058354602026,1751.4222412109375,1685.161890572078,1751.4222412109375,32094,0.0,0.0
2018-12-06 00:00:00+09:00,1789.0292897837785,1789.0292897837785,1703.0699245088822,1726.3505859375,17204,0.0,0.0
2018-12-07 00:00:00+09:00,1726.3507325229684,1742.468114880548,1690.5343272839027,1729.932373046875,30618,0.0,0.0
2018-12-10 00:00:00+09:00,1728.1413027095996,1728.1413027095996,1642.1819425748215,1694.11572265625,31850,0.0,0.0
2018-12-11 00:00:00+09:00,1713.8148904033835,1713.8148904033835,1660.0902856885439,1688.743408203125,8242,0.0,0.0
2018-12-12 00:00:00+09:00,1717.3965807937896,1717.3965807937896,1663.6719745124406,1695.90673828125,12268,0.0,0.0
2018-12-13 00:00:00+09:00,1712.0241433791373,1712.0241433791373,1663.6719970703123,1663.6719970703125,14792,0.0,0.0
2018-12-14 00:00:00+09:00,1677.998395755748,1751.422018195434,1647.554454744171,1728.141357421875,50370,0.0,0.0
2018-12-17 00:00:00+09:00,1737.095402723639,1737.095402723639,1667.2534226141318,1694.11572265625,20590,0.0,0.0
2018-12-18 00:00:00+09:00,1694.1157210995616,1733.513761125133,1658.2993210763152,1685.16162109375,18112,0.0,0.0
2018-12-19 00:00:00+09:00,1685.161718333999,1701.2790992744942,1663.6718770800055,1681.580078125,12072,0.0,0.0
2018-12-20 00:00:00+09:00,1690.5341548069268,1694.115794965416,1658.2993933805235,1686.9525146484375,11298,0.0,0.0
2018-12-21 00:00:00+09:00,1686.9525872659583,1690.5342275786247,1674.4168461716251,1679.789306640625,4362,0.0,0.0
2018-12-24 00:00:00+09:00,1679.7891109633472,1694.115670545124,1593.8297534726855,1677.998291015625,79554,0.0,0.0
2018-12-26 00:00:00+09:00,1677.9986080281267,1677.9986080281267,1626.064819732699,1652.9271240234375,8342,0.0,0.0
2018-12-27 00:00:00+09:00,1703.469567871094,1797.0667968750001,1684.7501220703125,1684.7501220703125,25538,100.0,0.0
2018-12-28 00:00:00+09:00,1694.1099958377788,1718.4452775459458,1684.7502721038684,1699.725830078125,5352,0.0,0.0
2019-01-02 00:00:00+09:00,1699.7254731717505,1699.7254731717505,1645.4390869140625,1645.4390869140625,41850,0.0,0.0
2019-01-03 00:00:00+09:00,1643.5673538908252,1802.6826444155633,1613.6162403802862,1754.0120849609375,45286,0.0,0.0
2019-01-04 00:00:00+09:00,1746.524214874752,1770.8594933242393,1690.3658799913194,1768.987548828125,17254,0.0,0.0
2019-01-07 00:00:00+09:00,1752.1399003864606,1787.7068428088353,1731.5485126682436,1755.8837890625,3640,0.0,0.0
2019-01-08 00:00:00+09:00,1770.8592368609839,1823.273675161309,1710.9570216606123,1763.3714599609375,18800,0.0,0.0
2019-01-09 00:00:00+09:00,1746.5239619358329,1763.3714599609375,1746.5239619358329,1763.3714599609375,1166,0.0,0.0
2019-01-10 00:00:00+09:00,1746.5240517724505,1759.6276620215472,1712.8290539890593,1748.39599609375,3462,0.0,0.0
2019-01-11 00:00:00+09:00,1748.3960194689164,1830.7615707072807,1712.8290768887136,1759.627685546875,16182,0.0,0.0
2019-01-14 00:00:00+09:00,1757.7557177002475,1757.7557177002475,1725.932664238156,1748.39599609375,4026,0.0,0.0
2019-01-15 00:00:00+09:00,1748.3961556644765,1920.6150489419194,1729.6767107430153,1767.1156005859375,58272,0.0,0.0
2019-01-16 00:00:00+09:00,1768.9875563044482,1819.5300579131467,1768.9875563044482,1772.7314453125,27576,0.0,0.0
2019-01-17 00:00:00+09:00,1767.1156118004224,1800.810612872888,1767.1156118004224,1772.7314453125,4948,0.0,0.0
2019-01-18 00:00:00+09:00,1782.0912305903137,1808.298454569583,1782.0912305903137,1804.5545654296875,6956,0.0,0.0
2019-01-21 00:00:00+09:00,1804.5545018809398,1810.1703353930175,1765.2436672963966,1772.7314453125,7990,0.0,0.0
2019-01-22 00:00:00+09:00,1774.6033935546875,1815.7861727300074,1772.7314490467184,1774.6033935546875,2804,0.0,0.0
2019-01-23 00:00:00+09:00,1774.6034231784454,1821.4020366588898,1765.2437004823566,1789.5789794921875,11954,0.0,0.0
2019-01-24 00:00:00+09:00,1797.0668089561855,1834.5057008094393,1774.6034738442331,1815.7862548828125,26922,0.0,0.0
2019-01-25 00:00:00+09:00,1815.7862475686823,1864.4568067818634,1797.0668017174587,1812.0423583984375,11298,0.0,0.0
2019-01-28 00:00:00+09:00,1817.658177419322,1855.0970688182783,1785.8351197302093,1804.5545654296875,6544,0.0,0.0
2019-01-29 00:00:00+09:00,1798.938690986113,1806.4264690963569,1729.6767434663564,1783.963134765625,26140,0.0,0.0
2019-01-30 00:00:00+09:00,1785.8351197302093,1806.4265099996353,1744.6523391913574,1804.5545654296875,9676,0.0,0.0
2019-01-31 00:00:00+09:00,1789.5788204762591,1866.3285397644668,1767.1154880016616,1830.7615966796875,55424,0.0,0.0
2019-02-01 00:00:00+09:00,1830.7618284965297,1830.7618284965297,1759.6279333197729,1761.4998779296875,33628,0.0,0.0
2019-02-07 00:00:00+09:00,1763.3718225396021,1797.0668255180658,1733.4207087809677,1761.4998779296875,18810,0.0,0.0
2019-02-08 00:00:00+09:00,1772.7313022907567,1827.0176885277492,1737.1643595837616,1821.40185546875,21334,0.0,0.0
2019-02-11 00:00:00+09:00,1821.401874815272,1868.20048413735,1815.7860416966228,1830.7615966796875,19700,0.0,0.0
2019-02-12 00:00:00+09:00,1830.7616500854492,1862.5847053527832,1787.7069282531738,1797.066650390625,10802,0.0,0.0
2019-02-13 00:00:00+09:00,1797.0668017174587,1812.0423583984375,1765.2437437703788,1812.0423583984375,10778,0.0,0.0
2019-02-14 00:00:00+09:00,1812.0423583984375,1845.7373609306399,1793.3229125472142,1812.0423583984375,17338,0.0,0.0
2019-02-15 00:00:00+09:00,1819.5299111157503,1845.7371320577467,1797.0665788797535,1821.40185546875,4440,0.0,0.0
2019-02-18 00:00:00+09:00,1821.401874815272,1851.3529847814018,1813.9140973237395,1830.7615966796875,20872,0.0,0.0
2019-02-19 00:00:00+09:00,1870.0724166165865,1870.0724166165865,1806.4263083433493,1825.145751953125,7324,0.0,0.0
2019-02-20 00:00:00+09:00,1834.5057551467207,1834.5057551467207,1754.012135278038,1780.2193603515625,45026,0.0,0.0
2019-02-21 00:00:00+09:00,1780.2192026878529,1890.663927144828,1707.21336787731,1823.27392578125,91904,0.0,0.0
2019-02-22 00:00:00+09:00,1827.017828207672,1883.1761630911044,1761.4997708436674,1768.987548828125,58214,0.0,0.0
2019-02-25 00:00:00+09:00,1776.4752804454745,1868.2005583609941,1765.2436137619413,1806.4263916015625,36048,0.0,0.0
2019-02-26 00:00:00+09:00,1789.5790088701049,1806.4265099996353,1770.8595631706269,1804.5545654296875,25318,0.0,0.0
2019-02-27 00:00:00+09:00,1804.5545654296875,1804.5545654296875,1780.2192860203659,1804.5545654296875,5210,0.0,0.0
2019-02-28 00:00:00+09:00,1804.5544165727858,1843.8652492989565,1731.5485843670406,1791.4508056640625,24694,0.0,0.0
2019-03-04 00:00:00+09:00,1810.1702276095975,1879.4321701344736,1795.1946724690838,1840.121337890625,34126,0.0,0.0
2019-03-05 00:00:00+09:00,1871.944550544985,1871.944550544985,1823.2739922308153,1856.968994140625,45042,0.0,0.0
2019-03-06 00:00:00+09:00,1856.9686760769423,1901.895337594933,1849.4808991572772,1879.4320068359375,48506,0.0,0.0
2019-03-07 00:00:00+09:00,1879.4322358398438,1901.8955693359376,1836.3775133056643,1871.9444580078125,22140,0.0,0.0
2019-03-08 00:00:00+09:00,1871.9443084009945,1871.9443084009945,1782.0909815977468,1858.8406982421875,20482,0.0,0.0
2019-03-11 00:00:00+09:00,1853.2251123931085,1939.334562059859,1819.5301103495974,1860.712890625,42858,0.0,0.0
2019-03-12 00:00:00+09:00,1860.7129089538757,1879.4323547179993,1851.353186071814,1870.0726318359375,11530,0.0,0.0
2019-03-13 00:00:00+09:00,1866.3287536255616,1935.5907033589074,1853.2251415138473,1875.6884765625,31746,0.0,0.0
2019-03-14 00:00:00+09:00,1875.688384465888,1920.6150523572865,1862.5847729975635,1890.6639404296875,28170,0.0,0.0
2019-03-15 00:00:00+09:00,1871.944152522208,1890.66359404743,1821.4016604041085,1843.864990234375,22350,0.0,0.0
2019-03-18 00:00:00+09:00,1843.8654495286112,1843.8654495286112,1778.3473878702341,1828.889892578125,56204,0.0,0.0
2019-03-19 00:00:00+09:00,1828.8896829786938,1870.0724598727893,1813.9141277444774,1845.7371826171875,9676,0.0,0.0
2019-03-20 00:00:00+09:00,1845.7371516627525,1845.7371516627525,1798.9385423406745,1830.7615966796875,10836,0.0,0.0
2019-03-21 00:00:00+09:00,1830.761807940693,1830.761807940693,1761.4998581515256,1813.914306640625,32546,0.0,0.0
2019-03-22 00:00:00+09:00,1813.914195873119,1851.3530853648244,1782.0911398051696,1819.530029296875,11940,0.0,0.0
2019-03-25 00:00:00+09:00,1802.6825027070515,1817.6580582850956,1782.091113787241,1806.4263916015625,8494,0.0,0.0
2019-03-26 00:00:00+09:00,1797.06664657195,1806.4263686895124,1763.371646948726,1795.1947021484375,10172,0.0,0.0
2019-03-27 00:00:00+09:00,1793.3227385514936,1793.3227385514936,1740.9082952535375,1785.8349609375,39774,0.0,0.0
2019-03-28 00:00:00+09:00,1785.8349455180921,1785.8349455180921,1755.8838353207236,1778.34716796875,5524,0.0,0.0
2019-03-29 00:00:00+09:00,1752.1397946108677,1776.4750695360187,1703.469244760566,1763.3714599609375,69558,0.0,0.0
2019-04-01 00:00:00+09:00,1763.3717116016453,2134.016721046577,1763.3717116016453,1767.1156005859375,954682,0.0,0.0
2019-04-02 00:00:00+09:00,1759.627837490935,1795.1947831423474,1737.164503395306,1774.6033935546875,84560,0.0,0.0
2019-04-03 00:00:00+09:00,1765.2437525273897,1785.8351430658852,1754.0120849609375,1754.0120849609375,63872,0.0,0.0
2019-04-04 00:00:00+09:00,1757.7556272859026,1800.8103444611697,1755.883683060891,1763.3714599609375,55824,0.0,0.0
2019-04-05 00:00:00+09:00,1768.9875430748111,1838.2494892057825,1763.3717096047324,1827.017822265625,83136,0.0,0.0
2019-04-08 00:00:00+09:00,1827.0178130436134,1905.6394812278672,1813.914201679571,1883.1761474609375,132696,0.0,0.0
2019-04-09 00:00:00+09:00,1909.3833387060072,1946.8222277002426,1836.377505167248,1928.102783203125,363084,0.0,0.0
2019-04-10 00:00:00+09:00,1928.102991440717,1946.8224379595588,1898.15187701057,1909.383544921875,31510,0.0,0.0
2019-04-11 00:00:00+09:00,1909.3832542782739,1931.8465866815477,1879.432144407242,1886.919921875,41178,0.0,0.0
2019-04-12 00:00:00+09:00,1886.9201144366195,1898.1517817844567,1855.0970569510814,1860.712890625,26576,0.0,0.0
2019-04-15 00:00:00+09:00,1860.7128548177081,2044.1634179687499,1860.7128548177081,1965.541748046875,208390,0.0,0.0
2019-04-16 00:00:00+09:00,1980.5173265861742,1980.5173265861742,1928.1028793797348,1976.7734375,96676,0.0,0.0
2019-04-17 00:00:00+09:00,1976.7732376628862,1976.7732376628862,1913.1271296320735,1939.3343505859375,47526,0.0,0.0
2019-04-18 00:00:00+09:00,1939.3346165164648,2077.8585176962124,1920.6151704110935,1950.5662841796875,161174,0.0,0.0
2019-04-19 00:00:00+09:00,1950.5661165996662,2017.95611678929,1928.102783203125,1928.102783203125,67758,0.0,0.0
2019-04-22 00:00:00+09:00,1935.590561001972,1976.773338895631,1890.6638942088896,1928.102783203125,82358,0.0,0.0
2019-04-23 00:00:00+09:00,1931.8468380743163,1995.4929548325786,1928.102948853242,1950.5662841796875,39860,0.0,0.0
2019-04-24 00:00:00+09:00,1995.4928222656251,1995.4928222656251,1901.8955979567309,1946.822265625,65314,0.0,0.0
2019-04-25 00:00:00+09:00,1943.0780682563784,1946.8219566345217,1883.1758542060852,1916.870849609375,31520,0.0,0.0
2019-04-26 00:00:00+09:00,1901.8955609071602,1991.7488944933252,1901.8955609071602,1928.102783203125,43580,0.0,0.0
2019-04-29 00:00:00+09:00,1928.1026454278601,1950.5659772192525,1890.6637591088725,1920.6148681640625,61124,0.0,0.0
2019-04-30 00:00:00+09:00,1920.6149451873955,2010.4682759563964,1920.6149451873955,1958.0538330078125,107248,0.0,0.0
2019-05-02 00:00:00+09:00,1958.0539325420675,1976.7733774038463,1916.871153846154,1946.822265625,40086,0.0,0.0
2019-05-03 00:00:00+09:00,1946.8223583605863,2017.9562522237616,1931.8468017578125,1931.8468017578125,53724,0.0,0.0
2019-05-07 00:00:00+09:00,1920.6150428185097,1946.8222656250002,1883.176153094952,1946.822265625,51700,0.0,0.0
2019-05-08 00:00:00+09:00,1946.8222277002426,1991.7488944933252,1890.6638942088896,1928.102783203125,190156,0.0,0.0
2019-05-09 00:00:00+09:00,1928.1027162573268,1946.8221601044852,1823.273830713239,1836.37744140625,113806,0.0,0.0
2019-05-10 00:00:00+09:00,1868.2007479852184,1868.2007479852184,1797.0668517693484,1838.2496337890625,40978,0.0,0.0
2019-05-13 00:00:00+09:00,1838.2495486351752,1868.2006614438951,1802.6826021748204,1856.968994140625,26488,0.0,0.0
2019-05-14 00:00:00+09:00,1834.5055238051937,1870.0724676340699,1808.298302036548,1849.4810791015625,43128,0.0,0.0
2019-05-15 00:00:00+09:00,1860.7127105744064,1864.4565993280771,1825.1457674145333,1832.633544921875,17620,0.0,0.0
2019-05-16 00:00:00+09:00,1832.6337294980706,1879.432343632342,1823.2740066712163,1864.456787109375,28626,0.0,0.0
2019-05-17 00:00:00+09:00,1864.4568660084794,1864.4568660084794,1808.2985266708747,1841.9935302734375,31142,0.0,0.0
2019-05-20 00:00:00+09:00,1856.9690161573146,1905.6395750485344,1821.4020692752692,1868.20068359375,82170,0.0,0.0
2019-05-21 00:00:00+09:00,1868.2003887506921,1905.6392742967982,1834.5053917591968,1901.8953857421875,49110,0.0,0.0
2019-05-22 00:00:00+09:00,1901.8957454302838,1976.7735306834445,1879.4324098543354,1961.7979736328125,139148,0.0,0.0
2019-05-23 00:00:00+09:00,1991.7489486051245,1999.2367266073993,1894.4078345755506,1954.31005859375,89422,0.0,0.0
2019-05-24 00:00:00+09:00,1954.3102165670955,1980.5174416934742,1894.4079877068016,1909.383544921875,109684,0.0,0.0
2019-05-27 00:00:00+09:00,1894.4075746628132,1958.0536789499038,1823.2736934007708,1943.078125,160362,0.0,0.0
2019-05-28 00:00:00+09:00,1943.0782778796458,1980.5171657000628,1924.3588339694372,1958.0538330078125,39296,0.0,0.0
2019-05-29 00:00:00+09:00,1943.078125,1958.0536789499038,1924.3586825626205,1943.078125,72606,0.0,0.0
2019-05-30 00:00:00+09:00,1939.334673414609,2130.273029291337,1909.383558767279,1980.5174560546875,199116,0.0,0.0
2019-05-31 00:00:00+09:00,1988.0050424604274,2141.5044901833603,1913.1272630833867,2006.7244873046875,310550,0.0,0.0
2019-06-03 00:00:00+09:00,2006.7244337729358,2141.5044330561927,1976.7733228211007,2040.41943359375,113970,0.0,0.0
2019-06-04 00:00:00+09:00,2040.4195258798088,2085.3461943395478,1958.0539670369542,2025.4439697265625,82498,0.0,0.0
2019-06-05 00:00:00+09:00,2025.4439727492559,2025.4439727492559,1935.5906356956843,1965.541748046875,107330,0.0,0.0
2019-06-07 00:00:00+09:00,1965.5417848982902,1984.26123046875,1913.1273373010024,1984.26123046875,54396,0.0,0.0
2019-06-10 00:00:00+09:00,1984.261175661671,2070.370622907366,1954.3100635762119,2017.9561767578125,77142,0.0,0.0
2019-06-11 00:00:00+09:00,1991.748817941108,2051.651038029562,1988.0049291855796,2010.46826171875,65758,0.0,0.0
2019-06-12 00:00:00+09:00,2014.2122652423916,2070.3705997751717,1969.2855976161673,2006.7244873046875,37906,0.0,0.0
2019-06-13 00:00:00+09:00,2006.7244337729358,2085.346100021502,1965.5416562141627,2040.41943359375,60218,0.0,0.0
2019-06-14 00:00:00+09:00,2010.468420950689,2062.882867679385,2010.468420950689,2029.1878662109375,77276,0.0,0.0
2019-06-17 00:00:00+09:00,2021.700238694766,2021.700238694766,1935.5907840836928,1980.5174560546875,42392,0.0,0.0
2019-06-18 00:00:00+09:00,1954.31005859375,2032.9317276176364,1954.31005859375,1954.31005859375,40326,0.0,0.0
2019-06-19 00:00:00+09:00,1958.053898673222,2246.3333445581898,1958.053898673222,2171.45556640625,750268,0.0,0.0
2019-06-20 00:00:00+09:00,2193.9188534407667,2280.0282964939024,2077.858299760453,2148.9921875,384346,0.0,0.0
2019-06-21 00:00:00+09:00,2141.504528601695,2231.357865466102,2107.809527277542,2208.89453125,177468,0.0,0.0
2019-06-24 00:00:00+09:00,2201.406632665556,2396.0888518808774,2193.9188550034287,2388.60107421875,437696,0.0,0.0
2019-06-25 00:00:00+09:00,2388.6013151257243,2414.8085395863513,2160.2240733974027,2261.30908203125,241574,0.0,0.0
2019-06-26 00:00:00+09:00,2257.565019144659,2388.601131366986,2148.9922404461595,2175.199462890625,181486,0.0,0.0
2019-06-27 00:00:00+09:00,2193.91881401719,2208.894369061676,2002.9804871999945,2130.272705078125,214000,0.0,0.0
2019-06-28 00:00:00+09:00,2130.2727509341034,2171.4555281929347,2070.370529466712,2152.736083984375,100976,0.0,0.0
2019-07-01 00:00:00+09:00,2152.736232119523,2175.1995667155525,2074.1145610334183,2104.065673828125,99940,0.0,0.0
2019-07-02 00:00:00+09:00,2104.0656590053013,2126.5289934430803,2051.651211983817,2096.577880859375,93944,0.0,0.0
2019-07-03 00:00:00+09:00,2107.809606847629,2134.0168310890735,2040.4196016553421,2126.529052734375,110624,0.0,0.0
2019-07-04 00:00:00+09:00,2126.529049890807,2280.0285059568687,2089.0901581673775,2250.077392578125,321844,0.0,0.0
2019-07-05 00:00:00+09:00,2238.845474446615,2280.028250732422,2186.431031901042,2246.333251953125,76910,0.0,0.0
2019-07-08 00:00:00+09:00,2246.333472842262,2358.650146484375,2212.638470749628,2358.650146484375,302084,0.0,0.0
2019-07-09 00:00:00+09:00,2324.954945811025,2343.6743898191653,2119.0410617214816,2141.50439453125,248384,0.0,0.0
2019-07-10 00:00:00+09:00,2122.785270154374,2197.663057461407,2107.8097126929674,2182.6875,83540,0.0,0.0
2019-07-11 00:00:00+09:00,2145.2484799155704,2579.5396207012705,2119.0412559026404,2366.137939453125,1597324,0.0,0.0
2019-07-12 00:00:00+09:00,2336.186667719673,2437.271667765236,2231.3577787835343,2407.320556640625,443832,0.0,0.0
2019-07-15 00:00:00+09:00,2418.5522957094254,2422.2961847120714,2306.23562563004,2321.211181640625,165706,0.0,0.0
2019-07-16 00:00:00+09:00,2317.4673855984893,2493.43017578125,2250.0773808476447,2493.43017578125,508854,0.0,0.0
2019-07-17 00:00:00+09:00,2474.710625958589,2474.710625958589,2362.393956096626,2441.015625,258798,0.0,0.0
2019-07-18 00:00:00+09:00,2433.5278470092026,2545.8445168711655,2362.393956096626,2441.015625,177280,0.0,0.0
2019-07-19 00:00:00+09:00,2441.0157403676167,2489.686299608075,2250.077392578125,2250.077392578125,324024,0.0,0.0
2019-07-22 00:00:00+09:00,2276.2846751847287,2298.7480107951046,2152.736329327663,2280.028564453125,228450,0.0,0.0
2019-07-23 00:00:00+09:00,2280.0284606544833,2426.0401354747214,2246.33345877289,2351.162353515625,135218,0.0,0.0
2019-07-24 00:00:00+09:00,2351.161829887416,2366.1373829440236,2182.686858000579,2223.86962890625,262280,0.0,0.0
2019-07-25 00:00:00+09:00,2227.6139155122423,2238.8455823131444,2152.736136839562,2178.943359375,127684,0.0,0.0
2019-07-26 00:00:00+09:00,2178.9434262967957,2235.1017620260945,2145.2484248592164,2212.638427734375,78552,0.0,0.0
2019-07-29 00:00:00+09:00,2309.9792865560394,2673.13648395626,2216.38207073124,2444.75927734375,3559510,0.0,0.0
2019-07-30 00:00:00+09:00,2407.320502898978,2459.734946196934,2272.540505847091,2381.11328125,572938,0.0,0.0
2019-07-31 00:00:00+09:00,2354.90618266444,2403.5767396988404,2178.9433995400705,2321.211181640625,455612,0.0,0.0
2019-08-01 00:00:00+09:00,2283.7723288492593,2733.039016491736,2212.6384366392003,2463.47900390625,2775944,0.0,0.0
2019-08-02 00:00:00+09:00,2433.5277012416295,2725.551025390625,2366.137703361092,2725.551025390625,1893660,0.0,0.0
2019-08-05 00:00:00+09:00,2602.0028357872598,2654.4172814002404,2429.7839430588942,2433.52783203125,967946,0.0,0.0
2019-08-06 00:00:00+09:00,2396.0889694041866,2459.7350826539855,2253.8211868458134,2324.955078125,557852,0.0,0.0
2019-08-07 00:00:00+09:00,2354.905857699152,2470.966400765406,2328.6986382970945,2399.83251953125,316704,0.0,0.0
2019-08-08 00:00:00+09:00,2362.3938746459417,2560.8199845607355,2309.9794305175055,2519.63720703125,377458,0.0,0.0
2019-08-09 00:00:00+09:00,2508.4054001669847,2542.1003980796754,2429.783738370706,2452.2470703125,245350,0.0,0.0
2019-08-12 00:00:00+09:00,2455.9911258308716,2616.978349017956,2426.0400145402514,2534.61279296875,409532,0.0,0.0
2019-08-13 00:00:00+09:00,2489.686151198399,2620.722264419367,2369.881704824942,2426.0400390625,950942,0.0,0.0
2019-08-14 00:00:00+09:00,2429.783578371063,2452.2469088336616,2347.4180333415356,2377.369140625,269240,0.0,0.0
2019-08-16 00:00:00+09:00,2377.3694974459136,2459.7350548377403,2339.930607722356,2433.52783203125,174516,0.0,0.0
2019-08-19 00:00:00+09:00,2452.247200012207,2489.6860885620117,2366.1377563476562,2396.0888671875,163768,0.0,0.0
2019-08-20 00:00:00+09:00,2396.0890075878597,2407.320674810928,2283.7723353571787,2343.674560546875,302590,0.0,0.0
2019-08-21 00:00:00+09:00,2339.930715440195,2407.3207200448724,2321.211269716673,2366.137939453125,90266,0.0,0.0
2019-08-22 00:00:00+09:00,2369.8816452026367,2489.6860885620117,2309.979423522949,2396.0888671875,204052,0.0,0.0
2019-08-23 00:00:00+09:00,2407.3207200448724,2418.552387478985,2313.7234914272644,2366.137939453125,104256,0.0,0.0
2019-08-26 00:00:00+09:00,2328.6987641150213,2354.9059849330356,2193.9187713366596,2227.61376953125,171502,0.0,0.0
2019-08-27 00:00:00+09:00,2242.5893006195893,2313.723184946421,2104.0654206147065,2216.382080078125,212558,0.0,0.0
2019-08-28 00:00:00+09:00,2216.3821266199834,2280.02823498576,2175.1993506185986,2238.845458984375,82186,0.0,0.0
2019-08-29 00:00:00+09:00,2238.84552734375,2339.930526069973,2119.0410844089674,2152.736083984375,307664,0.0,0.0
2019-08-30 00:00:00+09:00,2152.736181142379,2272.5406294842155,2152.736181142379,2201.40673828125,78574,0.0,0.0
2019-09-02 00:00:00+09:00,2223.8699573863637,2265.052734375,2182.6871803977274,2265.052734375,45822,0.0,0.0
2019-09-03 00:00:00+09:00,2242.589378585055,2283.772155153395,2223.869934690355,2253.821044921875,37446,0.0,0.0
2019-09-04 00:00:00+09:00,2268.796860448572,2287.516306491877,2220.126300735979,2261.30908203125,29800,0.0,0.0
2019-09-05 00:00:00+09:00,2257.564933700815,2283.772155153395,2212.638268353535,2253.821044921875,49708,0.0,0.0
2019-09-06 00:00:00+09:00,2253.8212448222525,2276.284579488255,2193.919019046246,2231.35791015625,116568,0.0,0.0
2019-09-09 00:00:00+09:00,2231.357865466102,2265.052866790254,2175.1995299258474,2208.89453125,38960,0.0,0.0
2019-09-10 00:00:00+09:00,2208.8945163026146,2253.8211844308034,2163.967848174426,2201.40673828125,29850,0.0,0.0
2019-09-11 00:00:00+09:00,2201.406624483471,2268.7966231921487,2178.9432915805787,2265.052734375,46650,0.0,0.0
2019-09-16 00:00:00+09:00,2265.052734375,2354.9060659865704,2212.6382909349177,2265.052734375,71658,0.0,0.0
2019-09-17 00:00:00+09:00,2291.2602467138913,2306.2358038819557,2242.589685917681,2287.516357421875,55998,0.0,0.0
2019-09-18 00:00:00+09:00,2283.7721316125835,2283.7721316125835,2205.150468065265,2242.58935546875,81424,0.0,0.0
2019-09-19 00:00:00+09:00,2317.467177815083,2403.576620609504,2231.3577350206615,2265.052734375,232204,0.0,0.0
2019-09-20 00:00:00+09:00,2272.5403110069715,2452.246958335365,2220.125872202857,2399.83251953125,394684,0.0,0.0
2019-09-23 00:00:00+09:00,2392.345045939065,2455.991158272342,2339.930600488131,2429.783935546875,94760,0.0,0.0
2019-09-24 00:00:00+09:00,2429.783738370706,2500.917622853053,2369.8815198592556,2452.2470703125,156408,0.0,0.0
2019-09-25 00:00:00+09:00,2467.22317907579,2467.22317907579,2343.6748256471087,2354.906494140625,57790,0.0,0.0
2019-09-26 00:00:00+09:00,2354.9062352035985,2463.4790187026515,2287.516231652462,2347.41845703125,51626,0.0,0.0
2019-09-27 00:00:00+09:00,2347.4181337526593,2377.369242317286,2250.0770309176205,2309.979248046875,101734,0.0,0.0
2019-09-30 00:00:00+09:00,2309.979438956839,2324.9549944768187,2272.5405501568903,2283.772216796875,22408,0.0,0.0
2019-10-01 00:00:00+09:00,2298.74774924063,2321.211082295099,2216.382194707578,2272.54052734375,96222,0.0,0.0
2019-10-02 00:00:00+09:00,2246.333525196606,2283.772417283216,2231.357968361962,2261.30908203125,13580,0.0,0.0
2019-10-04 00:00:00+09:00,2276.284219514682,2317.4669932230067,2235.1014458063573,2295.003662109375,32728,0.0,0.0
2019-10-07 00:00:00+09:00,2265.053042930578,2321.211382837948,2257.565264276262,2298.748046875,19512,0.0,0.0
2019-10-08 00:00:00+09:00,2298.748046875,2347.4186081280536,2265.053042930578,2298.748046875,30836,0.0,0.0
2019-10-10 00:00:00+09:00,2298.7477875753166,2392.3450101964613,2272.540565241396,2291.260009765625,83280,0.0,0.0
2019-10-11 00:00:00+09:00,2306.235825529316,2396.0891693811072,2175.1996990787866,2298.748046875,49682,0.0,0.0
2019-10-14 00:00:00+09:00,2298.747734896242,2396.0888441915226,2231.3577361533553,2384.857177734375,104216,0.0,0.0
2019-10-15 00:00:00+09:00,2377.369445516014,2407.320556640625,2332.442778829097,2407.320556640625,30378,0.0,0.0
2019-10-16 00:00:00+09:00,2411.0644682420666,2418.55224609375,2366.137801131966,2418.55224609375,17454,0.0,0.0
2019-10-17 00:00:00+09:00,2407.320556640625,2422.2961122029305,2351.162223281979,2407.320556640625,29588,0.0,0.0
2019-10-18 00:00:00+09:00,2429.7837962590384,2530.8687924054084,2336.186577604992,2362.393798828125,499876,0.0,0.0
2019-10-21 00:00:00+09:00,2362.3940208094896,2396.089022691083,2309.979573438122,2351.162353515625,51900,0.0,0.0
2019-10-22 00:00:00+09:00,2347.4180333415356,2411.064136318898,2283.7719303641734,2377.369140625,87936,0.0,0.0
2019-10-23 00:00:00+09:00,2351.1623682415675,2377.3695920913938,2309.979587906126,2358.650146484375,27196,0.0,0.0
2019-10-24 00:00:00+09:00,2373.625948660714,2530.8693080357143,2369.8820591517856,2489.6865234375,227090,0.0,0.0
2019-10-25 00:00:00+09:00,2485.942360651475,2545.844586209342,2399.8329114120415,2474.710693359375,62862,0.0,0.0
2019-10-28 00:00:00+09:00,2474.7105043247766,2695.5999441964286,2448.5032826450893,2620.72216796875,533908,0.0,0.0
2019-10-29 00:00:00+09:00,2631.9538266860022,2631.9538266860022,2545.844384276645,2616.978271484375,78712,0.0,0.0
2019-10-30 00:00:00+09:00,2643.1854930872228,2673.1366034904772,2549.588273077052,2616.978271484375,68588,0.0,0.0
2019-10-31 00:00:00+09:00,2624.4660793708085,2631.953857058029,2482.1983033136175,2512.1494140625,157572,0.0,0.0
2019-11-01 00:00:00+09:00,2534.6125249211796,2575.7952985905044,2452.24697758253,2523.380859375,59502,0.0,0.0
2019-11-04 00:00:00+09:00,2523.3811487534467,2575.7955939797794,2474.710592471852,2545.844482421875,26466,0.0,0.0
2019-11-05 00:00:00+09:00,2549.588438435459,2590.7712179109217,2515.893437046444,2579.53955078125,21988,0.0,0.0
2019-11-06 00:00:00+09:00,2594.5150692588404,2665.648960046601,2523.38117847108,2560.820068359375,86692,0.0,0.0
2019-11-07 00:00:00+09:00,2560.8197445289316,2594.51474116747,2500.917528282641,2523.380859375,28902,0.0,0.0
2019-11-08 00:00:00+09:00,2523.381095550754,2650.673316988032,2508.4055400875445,2639.441650390625,51042,0.0,0.0
2019-11-11 00:00:00+09:00,2643.185791015625,2714.319686241258,2583.283563457197,2643.185791015625,107312,0.0,0.0
2019-11-12 00:00:00+09:00,2646.9293234839643,2781.709317324732,2602.002658870375,2706.83154296875,210294,0.0,0.0
2019-11-13 00:00:00+09:00,2718.0632169101777,2729.294883095757,2658.160997253755,2710.575439453125,106532,0.0,0.0
2019-11-14 00:00:00+09:00,2706.831757228464,2770.4778704689675,2650.6734220162552,2691.856201171875,62962,0.0,0.0
2019-11-15 00:00:00+09:00,2691.8560945118575,2691.8560945118575,2568.307761940381,2639.441650390625,68628,0.0,0.0
2019-11-18 00:00:00+09:00,2676.880645115286,2774.2217594831145,2658.16120004455,2691.856201171875,135990,0.0,0.0
2019-11-19 00:00:00+09:00,2733.0390541697425,2894.0262861276865,2691.8562739014315,2852.843505859375,317916,0.0,0.0
2019-11-20 00:00:00+09:00,2882.7944815030664,3025.062261109711,2699.3439235892347,2785.453369140625,579602,0.0,0.0
2019-11-21 00:00:00+09:00,2785.4536204907718,2815.4047346895973,2650.6736065960567,2789.197509765625,113844,0.0,0.0
2019-11-22 00:00:00+09:00,2789.1974479378046,3058.757469751928,2759.246334402902,2882.794677734375,519120,0.0,0.0
2019-11-25 00:00:00+09:00,2841.611626417117,2998.8549575232028,2789.1971827150887,2987.623291015625,226676,0.0,0.0
2019-11-26 00:00:00+09:00,3028.8059073311942,3148.610343715123,2946.4403573172435,3144.866455078125,328682,0.0,0.0
2019-11-27 00:00:00+09:00,3182.3054954049667,3212.2566059499545,3096.1960525881263,3099.93994140625,187628,0.0,0.0
2019-11-28 00:00:00+09:00,3099.939848058364,3144.866512522978,2987.6231868968293,3055.01318359375,192812,0.0,0.0
2019-11-29 00:00:00+09:00,3055.013136574074,3141.122575472608,2957.672031732253,3032.5498046875,87578,0.0,0.0
2019-12-02 00:00:00+09:00,3062.500984312996,3122.4032040550596,2965.159877232143,3066.244873046875,91920,0.0,0.0
2019-12-03 00:00:00+09:00,3077.476500115172,3077.476500115172,3006.3426150760133,3047.525390625,56880,0.0,0.0
2019-12-04 00:00:00+09:00,3062.501319664358,3436.890234048754,3040.0379848012944,3362.012451171875,802512,0.0,0.0
2019-12-05 00:00:00+09:00,3362.012185278436,4286.752730672393,3283.390519475711,3949.802734375,2824588,0.0,0.0
2019-12-06 00:00:00+09:00,3949.8034319196427,4099.559012276785,3683.987276785714,3800.0478515625,1168138,0.0,0.0
2019-12-09 00:00:00+09:00,3800.047306941106,3931.083420973558,3728.9134164663465,3893.64453125,591586,0.0,0.0
2019-12-10 00:00:00+09:00,3893.6446917808216,4193.155821917808,3781.328017979452,4099.55859375,457474,0.0,0.0
2019-12-11 00:00:00+09:00,4118.277251476378,5241.4437746062995,4062.1189253198822,4754.73828125,5179612,0.0,0.0
2019-12-12 00:00:00+09:00,4698.580587224443,4979.372255783673,4661.141698083212,4829.61669921875,833066,0.0,0.0
2019-12-13 00:00:00+09:00,4867.055836766479,5821.74755859375,4867.055836766479,5821.74755859375,663310,0.0,0.0
2019-12-16 00:00:00+09:00,6476.927814949464,6701.561149571989,5447.358364596225,5671.99169921875,682880,0.0,0.0
2019-12-17 00:00:00+09:00,5503.5173046875,5728.150664062499,5428.639518229166,5615.833984375,379230,0.0,0.0
2019-12-18 00:00:00+09:00,5428.638598017332,5466.07748490021,4249.31366120667,4455.2275390625,2833468,0.0,0.0
2019-12-19 00:00:00+09:00,4492.666584921524,4511.386029025364,4024.6804823255325,4174.43603515625,1794012,0.0,0.0
2019-12-20 00:00:00+09:00,4155.716860692914,4211.875196648224,3530.487387057133,3695.218505859375,3579924,0.0,0.0
2019-12-23 00:00:00+09:00,3691.474326659659,3740.1448806622707,3549.206553421254,3672.7548828125,783008,0.0,0.0
2019-12-24 00:00:00+09:00,3706.4500104293083,3968.5222333889565,3687.7305659321905,3856.20556640625,1393526,0.0,0.0
2019-12-26 00:00:00+09:00,3762.608434774709,4024.6806640624995,3725.169544876453,4024.6806640625,790598,0.0,0.0
2019-12-27 00:00:00+09:00,3948.3836904672476,4081.903911884014,3765.2702439528243,3967.4580078125,696540,100.0,0.0
2019-12-30 00:00:00+09:00,4081.903224927326,4253.572052143895,3967.4573401162793,4100.9775390625,975938,0.0,0.0
2020-01-02 00:00:00+09:00,4139.1268639197715,4139.1268639197715,3891.1607384314902,3967.4580078125,282284,0.0,0.0
2020-01-03 00:00:00+09:00,4005.60573464573,4043.7543606899753,3776.71397838026,3853.01123046875,331854,0.0,0.0
2020-01-06 00:00:00+09:00,3814.863520897239,3853.0121561062115,3662.26898006135,3730.9365234375,295090,0.0,0.0
2020-01-07 00:00:00+09:00,3776.7148389393474,3910.235060518011,3765.270248518319,3872.08642578125,229680,0.0,0.0
2020-01-08 00:00:00+09:00,3814.8626044245048,4158.20023882271,3662.2681002475247,3853.01123046875,713076,0.0,0.0
2020-01-09 00:00:00+09:00,3910.2349568304617,4081.90380859375,3891.160639967874,4081.90380859375,386092,0.0,0.0
2020-01-10 00:00:00+09:00,4062.829295949348,4081.9036118927725,3872.0861365151063,4024.6806640625,238606,0.0,0.0
2020-01-13 00:00:00+09:00,4024.6805673275353,4120.052144752358,3910.2346744177476,4043.7548828125,228608,0.0,0.0
2020-01-14 00:00:00+09:00,4120.051940041866,4196.349198190789,3986.53173828125,3986.53173828125,343180,0.0,0.0
2020-01-15 00:00:00+09:00,3967.4573170731705,4043.7545731707314,3891.1600609756097,3910.234375,213494,0.0,0.0
2020-01-16 00:00:00+09:00,3929.308989902712,4158.200775722287,3910.2346744177476,4043.7548828125,372188,0.0,0.0
2020-01-17 00:00:00+09:00,4043.754596656977,4120.051853197675,4024.6802825218024,4100.9775390625,164624,0.0,0.0
2020-01-20 00:00:00+09:00,4177.274873621323,4177.274873621323,3833.937212775735,3891.16015625,330314,0.0,0.0
2020-01-21 00:00:00+09:00,3986.531631097561,3986.531631097561,3853.011432926829,3910.234375,132206,0.0,0.0
2020-01-22 00:00:00+09:00,3891.160354393116,3948.38330078125,3814.8630925422704,3948.38330078125,137620,0.0,0.0
2020-01-23 00:00:00+09:00,3910.234375,4005.605945121951,3872.0857469512193,3910.234375,96710,0.0,0.0
2020-01-28 00:00:00+09:00,3780.5288409846844,3853.01123046875,3677.527550665223,3853.01123046875,172252,0.0,0.0
2020-01-29 00:00:00+09:00,3814.86296749498,3910.234541682354,3780.529200787525,3799.603515625,164058,0.0,0.0
2020-01-30 00:00:00+09:00,3814.8634516972534,3833.9377689557396,3666.083777081061,3715.677001953125,103234,0.0,0.0
2020-01-31 00:00:00+09:00,3650.824190764448,3784.34440672762,3494.414794921875,3494.414794921875,190760,0.0,0.0
2020-02-03 00:00:00+09:00,3391.41362809806,4043.755282096675,3353.2649933612993,3872.08642578125,686572,0.0,0.0
2020-02-04 00:00:00+09:00,3833.9369174466274,3853.01123046875,3711.861314105043,3853.01123046875,196998,0.0,0.0
2020-02-05 00:00:00+09:00,3910.2350379896848,3910.2350379896848,3715.677001953125,3715.677001953125,117702,0.0,0.0
2020-02-06 00:00:00+09:00,3738.566204202586,3929.3093778863918,3738.566204202586,3872.08642578125,124998,0.0,0.0
2020-02-07 00:00:00+09:00,3814.863184079602,3872.086131840796,3791.9740049751244,3833.9375,67364,0.0,0.0
2020-02-10 00:00:00+09:00,3803.4186914062498,3872.08623046875,3765.27005859375,3814.86328125,52188,0.0,0.0
2020-02-11 00:00:00+09:00,3872.0857469512193,3967.4573170731705,3814.862804878049,3910.234375,99832,0.0,0.0
2020-02-12 00:00:00+09:00,3948.383400288803,4139.126559723045,3910.2347684019546,4024.6806640625,310672,0.0,0.0
2020-02-13 00:00:00+09:00,4024.6803673557115,4120.051940041866,3929.3087946695573,3986.53173828125,108368,0.0,0.0
2020-02-14 00:00:00+09:00,3967.4571720157655,4234.49755859375,3929.3085453617678,4234.49755859375,244916,0.0,0.0
2020-02-17 00:00:00+09:00,4234.498042374712,4234.498042374712,4081.9035183251726,4139.12646484375,191120,0.0,0.0
2020-02-18 00:00:00+09:00,4177.27529296875,5378.9572265625,4158.2009765625,5340.80859375,9508194,0.0,0.0
2020-02-19 00:00:00+09:00,5016.544739221644,5245.436514395255,4825.801593243635,5150.06494140625,1890970,0.0,0.0
2020-02-20 00:00:00+09:00,5054.693744553038,5092.8423765874,4768.579004295319,4787.6533203125,1105684,0.0,0.0
2020-02-21 00:00:00+09:00,4615.984259354441,4711.3558349609375,4310.795217413652,4348.94384765625,806952,0.0,0.0
2020-02-24 00:00:00+09:00,4348.944140625,5130.99111328125,4234.4982421875,4577.8359375,2475290,0.0,0.0
2020-02-25 00:00:00+09:00,4463.389948020418,4844.876268364044,4348.94405191733,4787.6533203125,559084,0.0,0.0
2020-02-26 00:00:00+09:00,4635.058712230009,5264.511129940258,4577.835765165441,5188.2138671875,1491540,0.0,0.0
2020-02-27 00:00:00+09:00,5073.76785604002,5150.065117033103,4768.578812067688,4825.8017578125,873926,0.0,0.0
2020-02-28 00:00:00+09:00,4711.35584829635,4997.470575925683,4425.241120667017,4539.68701171875,780912,0.0,0.0
2020-03-02 00:00:00+09:00,5302.65976839539,5893.963555518617,5073.76797983156,5378.95703125,6656274,0.0,0.0
2020-03-03 00:00:00+09:00,5417.105859375,6618.78779296875,5321.73427734375,6103.78125,8259598,0.0,0.0
2020-03-04 00:00:00+09:00,6065.632319538739,7057.496723991614,5684.146010133786,5970.2607421875,9429222,0.0,0.0
2020-03-05 00:00:00+09:00,5932.112179026884,5932.112179026884,4844.876184800092,5188.2138671875,6800974,0.0,0.0
2020-03-06 00:00:00+09:00,5130.991493999094,5836.741253396739,4921.173997961956,5264.51171875,4573042,0.0,0.0
2020-03-09 00:00:00+09:00,5169.139653559331,5665.07187124399,5169.139653559331,5455.25439453125,2377510,0.0,0.0
2020-03-10 00:00:00+09:00,5455.254585597826,5817.666603522157,5264.5114182692305,5703.220703125,2418220,0.0,0.0
2020-03-11 00:00:00+09:00,5703.220301310222,5855.8148244222,5226.362416585286,5493.40283203125,1488492,0.0,0.0
2020-03-12 00:00:00+09:00,5417.105748879482,5531.55164498257,4787.6533203125,4787.6533203125,1358870,0.0,0.0
2020-03-13 00:00:00+09:00,4158.200788993668,4520.612784364675,3795.7887936226593,4329.86962890625,1677466,0.0,0.0
2020-03-16 00:00:00+09:00,4234.497879347542,5321.733821342181,4139.126305488363,4558.76123046875,2265612,0.0,0.0
2020-03-17 00:00:00+09:00,4196.349445372138,5054.693650107347,4196.349445372138,4997.470703125,1418834,0.0,0.0
2020-03-18 00:00:00+09:00,5169.138828995204,5321.733333172184,3853.01123046875,3853.01123046875,2203286,0.0,0.0
2020-03-19 00:00:00+09:00,4005.6060276674425,4100.977599754762,2708.5526472798897,2716.182373046875,2900362,0.0,0.0
2020-03-20 00:00:00+09:00,2731.4420414896845,3120.558086506371,2090.5450261680826,2357.58544921875,7881444,0.0,0.0
2020-03-23 00:00:00+09:00,2239.3247907909963,2307.9923312241103,1892.172225268031,1957.02490234375,2427022,0.0,0.0
2020-03-24 00:00:00+09:00,2056.2113279454848,2231.6950405345247,1998.9883781881895,2075.28564453125,2575466,0.0,0.0
2020-03-25 00:00:00+09:00,2140.138486493644,2353.77084878178,2098.1749867584745,2250.76953125,3158328,0.0,0.0
2020-03-26 00:00:00+09:00,2346.1406590096394,2449.1419562344527,2250.7690875051826,2300.3623046875,1940040,0.0,0.0
2020-03-27 00:00:00+09:00,2441.5124080882356,2746.701459099265,2330.881377096737,2594.10693359375,4070360,0.0,0.0
2020-03-30 00:00:00+09:00,2536.8837938030947,2781.0350160638436,2472.031125390083,2750.51611328125,2198366,0.0,0.0
2020-03-31 00:00:00+09:00,2864.96232421875,3051.890625,2647.5151171875,2861.1474609375,1456884,0.0,0.0
2020-04-01 00:00:00+09:00,2899.295967461551,3143.447206826734,2784.8500740091213,2914.555419921875,1535488,0.0,0.0
2020-04-02 00:00:00+09:00,2952.7040912828948,3368.5241764894004,2784.8501119334796,3261.7080078125,2354160,0.0,0.0
2020-04-03 00:00:00+09:00,3334.190221260492,3616.490079811151,3059.5200886166067,3181.595703125,2557206,0.0,0.0
2020-04-06 00:00:00+09:00,3173.9658736638958,3250.2631302423547,3097.6686170854364,3212.114501953125,636456,0.0,0.0
2020-04-07 00:00:00+09:00,3292.2266857842715,3532.5630487094268,3231.188879327089,3452.450927734375,1857434,0.0,0.0
2020-04-08 00:00:00+09:00,3490.599810644865,3536.3781688172567,3338.0052834035596,3345.635009765625,995776,0.0,0.0
2020-04-09 00:00:00+09:00,3383.7833602098567,3547.82246335419,3315.1158286610657,3391.4130859375,974826,0.0,0.0
2020-04-10 00:00:00+09:00,3395.2281371212675,3460.0808094033596,3059.520186484558,3257.89306640625,757768,0.0,0.0
2020-04-13 00:00:00+09:00,3280.78251659422,3280.78251659422,3021.371805979793,3044.260986328125,584718,0.0,0.0
2020-04-14 00:00:00+09:00,3048.0756280121636,3189.2255632267443,3048.0756280121636,3116.7431640625,371238,0.0,0.0
2020-04-16 00:00:00+09:00,3109.113612209129,3212.1149220614557,3055.7055256190333,3196.85546875,241444,0.0,0.0
2020-04-17 00:00:00+09:00,3242.6337608924277,3372.339111328125,3215.9297181556667,3372.339111328125,452200,0.0,0.0
2020-04-20 00:00:00+09:00,3421.9322608278508,3421.9322608278508,3242.633691977339,3261.7080078125,448946,0.0,0.0
2020-04-21 00:00:00+09:00,3242.633501767228,3242.633501767228,2922.1850145337608,3086.22412109375,511486,0.0,0.0
2020-04-22 00:00:00+09:00,2975.593423693833,3162.521728515625,2956.5191068752824,3162.521728515625,213720,0.0,0.0
2020-04-23 00:00:00+09:00,3200.6699736173496,3200.6699736173496,3090.0389494994674,3132.00244140625,226630,0.0,0.0
2020-04-24 00:00:00+09:00,3135.817131907273,3139.6319945981577,3013.741525798961,3029.0009765625,202142,0.0,0.0
2020-04-27 00:00:00+09:00,3029.0011683872767,3151.0767822265625,3029.0011683872767,3097.668701171875,195250,0.0,0.0
2020-04-28 00:00:00+09:00,3101.4836791534995,3124.372857597437,3006.1121023037613,3055.705322265625,170712,0.0,0.0
2020-04-29 00:00:00+09:00,3036.630789092093,3070.9645542953954,2998.4821610884237,3021.371337890625,138906,0.0,0.0
2020-05-04 00:00:00+09:00,2975.5932998657227,3025.1865215301514,2887.8514461517334,2929.81494140625,239826,0.0,0.0
2020-05-06 00:00:00+09:00,2929.814934045226,3051.8905562971104,2918.370344459112,3036.631103515625,176010,0.0,0.0
2020-05-07 00:00:00+09:00,3040.445938470497,3082.4094332298137,3017.556759510869,3070.96484375,128516,0.0,0.0
2020-05-08 00:00:00+09:00,3090.0389922437053,3196.8551549385493,3070.9646774767684,3181.595703125,342528,0.0,0.0
2020-05-11 00:00:00+09:00,3204.4850156823745,3215.9296050240973,3109.113437834685,3116.7431640625,260182,0.0,0.0
2020-05-12 00:00:00+09:00,3132.002458780675,3135.817321702454,3036.6308857361964,3109.11328125,180438,0.0,0.0
2020-05-13 00:00:00+09:00,3082.4094052326473,3120.558036485527,3021.3715952280404,3105.298583984375,147712,0.0,0.0
2020-05-14 00:00:00+09:00,3074.779601375115,3112.928231665129,3055.7052862301084,3101.483642578125,92692,0.0,0.0
2020-05-15 00:00:00+09:00,3101.483607066761,3223.5592225970645,3032.816073330966,3147.261962890625,377426,0.0,0.0
2020-05-18 00:00:00+09:00,3162.52166015625,3166.3365234375,3051.890625,3051.890625,212266,0.0,0.0
2020-05-19 00:00:00+09:00,3086.224268357935,3105.298583984375,3029.0013214786163,3105.298583984375,174380,0.0,0.0
2020-05-20 00:00:00+09:00,3124.373017967376,3269.3378222198307,3124.373017967376,3254.078369140625,504238,0.0,0.0
2020-05-21 00:00:00+09:00,3334.1901672076733,3334.1901672076733,3212.1145546783305,3250.26318359375,307690,0.0,0.0
2020-05-22 00:00:00+09:00,3265.5229885589456,3303.6716216028585,3200.6703123842935,3219.74462890625,316854,0.0,0.0
2020-05-25 00:00:00+09:00,3242.633728176574,3242.633728176574,3105.298652630272,3120.55810546875,275460,0.0,0.0
2020-05-26 00:00:00+09:00,3132.002484730965,3212.1146067520986,3124.372758824191,3181.595703125,179922,0.0,0.0
2020-05-27 00:00:00+09:00,3181.59575697955,3181.59575697955,3090.0390445484836,3112.92822265625,164346,0.0,0.0
2020-05-28 00:00:00+09:00,3116.7430070935584,3154.89163631135,2998.482256518405,3109.11328125,241746,0.0,0.0
2020-05-29 00:00:00+09:00,3112.9282590951493,3112.9282590951493,3021.3715455923507,3067.14990234375,106240,0.0,0.0
2020-06-01 00:00:00+09:00,3067.1499926787333,3154.891845703125,3032.8162241039713,3154.891845703125,198998,0.0,0.0
2020-06-02 00:00:00+09:00,3177.7810247529665,3196.8553406278343,3132.0026666532835,3154.891845703125,114262,0.0,0.0
2020-06-03 00:00:00+09:00,3170.1512762390744,3181.5958656839807,3059.5202449383123,3082.409423828125,172940,0.0,0.0
2020-06-04 00:00:00+09:00,3173.96625,4005.6064453125,3109.11357421875,4005.6064453125,7157616,0.0,0.0
2020-06-05 00:00:00+09:00,4348.944359990764,4558.761851042949,3738.566204202586,3872.08642578125,7810100,0.0,0.0
2020-06-08 00:00:00+09:00,3872.086421086238,4005.606642503005,3833.937786395733,3967.4580078125,2496190,0.0,0.0
2020-06-09 00:00:00+09:00,4501.538671875,4921.1736328125,4005.6064453125,4005.6064453125,10368914,0.0,0.0
2020-06-10 00:00:00+09:00,4043.754425323761,4558.760885152731,3967.4571720157655,4234.49755859375,4101082,0.0,0.0
2020-06-11 00:00:00+09:00,4100.977615655637,4177.274873621323,3853.011527267157,3891.16015625,1034244,0.0,0.0
2020-06-12 00:00:00+09:00,3631.7494603737114,3719.491306580219,3517.303574017397,3700.4169921875,972036,0.0,0.0
2020-06-15 00:00:00+09:00,3635.564220055868,3681.3425732989645,3162.521236543877,3280.781982421875,589410,0.0,0.0
2020-06-16 00:00:00+09:00,3318.930634550996,3505.858911669385,3315.115771752661,3471.525146484375,363454,0.0,0.0
2020-06-17 00:00:00+09:00,3471.525527854371,3585.9714243770427,3379.9688106362337,3502.04443359375,348604,0.0,0.0
2020-06-18 00:00:00+09:00,3475.3401810295118,3738.565727122856,3433.376688174051,3669.898193359375,708600,0.0,0.0
2020-06-19 00:00:00+09:00,3685.1575656903137,3730.9359205436094,3532.563049512661,3559.26708984375,434594,0.0,0.0
2020-06-22 00:00:00+09:00,3605.0457809562968,3620.3052339973815,3486.785019887889,3551.6376953125,260502,0.0,0.0
2020-06-23 00:00:00+09:00,3555.452753155048,3967.4580078125,3551.6378896859974,3967.4580078125,2830706,0.0,0.0
2020-06-24 00:00:00+09:00,3872.0855434908726,3967.457108601485,3795.788291402382,3853.01123046875,864014,0.0,0.0
2020-06-25 00:00:00+09:00,3776.7146484375,3967.4578125,3750.01060546875,3814.86328125,631062,0.0,0.0
2020-06-26 00:00:00+09:00,3910.234688930824,3910.234688930824,3719.4915333732233,3723.306396484375,412216,0.0,0.0
2020-06-29 00:00:00+09:00,3692.787729448977,3696.6025928058457,3441.0067478956375,3448.636474609375,420450,0.0,0.0
2020-06-30 00:00:00+09:00,3494.41448876901,3574.526611328125,3444.821270041939,3574.526611328125,210518,0.0,0.0
2020-07-01 00:00:00+09:00,3563.0818536444026,3643.1939724094264,3452.4508324927024,3471.525146484375,198170,0.0,0.0
2020-07-02 00:00:00+09:00,3509.673933062637,3521.1185219747977,3425.746947706791,3479.155029296875,159830,0.0,0.0
2020-07-03 00:00:00+09:00,3479.155029296875,3536.3779738576786,3448.6361255311126,3479.155029296875,140846,0.0,0.0
2020-07-06 00:00:00+09:00,3479.1548310810813,3547.822360641892,3452.450791807433,3528.748046875,133438,0.0,0.0
2020-07-07 00:00:00+09:00,3536.37811411982,3566.897019096043,3490.5997566554856,3509.674072265625,124890,0.0,0.0
2020-07-08 00:00:00+09:00,3528.7485639549845,3593.6012402655087,3498.2296574559145,3589.786376953125,199942,0.0,0.0
2020-07-09 00:00:00+09:00,3593.6011524058854,3624.120058158802,3532.563340900053,3597.416015625,141200,0.0,0.0
2020-07-10 00:00:00+09:00,3597.4159467248237,3647.0091676234692,3528.74841009593,3582.156494140625,183084,0.0,0.0
2020-07-13 00:00:00+09:00,3547.8224770457473,3711.861580823131,3547.8224770457473,3700.4169921875,449296,0.0,0.0
2020-07-14 00:00:00+09:00,3681.34329078311,4806.72802734375,3585.9717029389885,4806.72802734375,16590984,0.0,0.0
2020-07-15 00:00:00+09:00,4615.9845703125,5111.916796875,4406.16708984375,4768.5791015625,8762438,0.0,0.0
2020-07-16 00:00:00+09:00,4654.132513881715,4692.28114104468,4444.315064485408,4615.98388671875,1880088,0.0,0.0
2020-07-17 00:00:00+09:00,4539.687005431867,4978.396253855955,4444.3154296875,4444.3154296875,5123138,0.0,0.0
2020-07-20 00:00:00+09:00,4406.1666098736705,4520.612495844415,4272.646409574469,4482.4638671875,1229016,0.0,0.0
2020-07-21 00:00:00+09:00,4425.241114538627,4615.984266027361,4310.795223645387,4444.3154296875,1144666,0.0,0.0
2020-07-22 00:00:00+09:00,4387.092869424413,4482.464453542335,4310.795602130075,4463.39013671875,624080,0.0,0.0
2020-07-23 00:00:00+09:00,4425.241507393974,4673.207626342773,4234.498338971819,4272.64697265625,1448574,0.0,0.0
2020-07-24 00:00:00+09:00,4177.274998656107,4291.720889030246,4081.903423344323,4158.20068359375,556946,0.0,0.0
2020-07-27 00:00:00+09:00,4081.903423344323,4234.4979438431765,4081.903423344323,4158.20068359375,270220,0.0,0.0
2020-07-28 00:00:00+09:00,4177.2753929066885,4329.869927807389,4081.90380859375,4081.90380859375,405144,0.0,0.0
2020-07-29 00:00:00+09:00,4120.052440068493,4196.3497074771685,4081.903806364155,4177.275390625,231694,0.0,0.0
2020-07-30 00:00:00+09:00,4177.27529296875,4253.57255859375,4139.12666015625,4196.349609375,184472,0.0,0.0
2020-07-31 00:00:00+09:00,4215.4238302855365,4387.092674052821,4158.200882363109,4310.79541015625,471094,0.0,0.0
2020-08-03 00:00:00+09:00,4329.86982421875,4329.86982421875,4158.2009765625,4196.349609375,289044,0.0,0.0
2020-08-04 00:00:00+09:00,4272.646968482906,4635.05898813101,4253.572651659322,4463.39013671875,2155660,0.0,0.0
2020-08-05 00:00:00+09:00,4406.166895373114,4444.315526501886,4310.795317551186,4425.2412109375,466350,0.0,0.0
2020-08-06 00:00:00+09:00,4463.389940137987,4635.058783989448,4406.1669921875,4406.1669921875,943506,0.0,0.0
2020-08-07 00:00:00+09:00,4387.0927734375,4444.31572265625,4196.349609375,4196.349609375,438884,0.0,0.0
2020-08-10 00:00:00+09:00,4387.0925755437775,4539.687099910518,4310.795313360407,4329.86962890625,583736,0.0,0.0
2020-08-11 00:00:00+09:00,4329.870023034613,4387.092974880886,4215.4241193420685,4253.57275390625,216062,0.0,0.0
2020-08-12 00:00:00+09:00,4253.572258905533,4272.64657396789,4139.126368531393,4158.20068359375,236316,0.0,0.0
2020-08-13 00:00:00+09:00,4158.201073772831,4272.646974885844,4158.201073772831,4177.275390625,145822,0.0,0.0
2020-08-14 00:00:00+09:00,4253.572460053733,4253.572460053733,4100.977932338801,4215.423828125,182566,0.0,0.0
2020-08-18 00:00:00+09:00,4177.275503675339,4215.4241384121,3807.233746728756,3872.08642578125,304948,0.0,0.0
2020-08-19 00:00:00+09:00,3948.3830997242644,4005.6060431985293,3833.937212775735,3891.16015625,103530,0.0,0.0
2020-08-20 00:00:00+09:00,3814.8631111520235,3929.3090044865844,3692.787491595159,3723.306396484375,237894,0.0,0.0
2020-08-21 00:00:00+09:00,3723.306396484375,3776.7144800405035,3681.342902261703,3723.306396484375,168424,0.0,0.0
2020-08-24 00:00:00+09:00,3688.972438603337,3814.8629147914553,3624.1197690518825,3761.454833984375,160540,0.0,0.0
2020-08-25 00:00:00+09:00,3742.380320843447,4005.605847997573,3742.380320843447,3929.30859375,170286,0.0,0.0
2020-08-26 00:00:00+09:00,3929.3085937500005,3967.457220873787,3814.862712378641,3929.30859375,110352,0.0,0.0
2020-08-27 00:00:00+09:00,3986.5322209360124,3986.5322209360124,3807.233642578125,3807.233642578125,187954,0.0,0.0
2020-08-28 00:00:00+09:00,3833.9375,3891.160447761194,3803.4185945273634,3833.9375,212564,0.0,0.0
2020-08-31 00:00:00+09:00,3948.3833053876765,4253.57235314711,3948.3833053876765,4043.7548828125,743826,0.0,0.0
2020-09-01 00:00:00+09:00,4062.829489511986,4539.68741081621,4024.680855807648,4177.275390625,1927298,0.0,0.0
2020-09-02 00:00:00+09:00,4139.126568418561,4463.389940137987,4139.126568418561,4406.1669921875,965936,0.0,0.0
2020-09-03 00:00:00+09:00,4406.166987768665,4406.166987768665,4215.423828125,4215.423828125,329238,0.0,0.0
2020-09-04 00:00:00+09:00,4024.68076171875,4196.349609375,3986.53212890625,4196.349609375,261846,0.0,0.0
2020-09-07 00:00:00+09:00,4139.12646484375,4234.498042374712,4081.9035183251726,4139.12646484375,180664,0.0,0.0
2020-09-08 00:00:00+09:00,4177.2753929066885,4234.498343494451,4062.8294917311623,4081.90380859375,176086,0.0,0.0
2020-09-09 00:00:00+09:00,4043.754425323761,4387.092065209741,4005.6057986697633,4234.49755859375,607922,0.0,0.0
2020-09-10 00:00:00+09:00,4272.646974885844,4310.795608590182,4158.201073772831,4177.275390625,211054,0.0,0.0
2020-09-11 00:00:00+09:00,4196.349802059978,4291.7213884704315,4158.201167495796,4253.57275390625,240178,0.0,0.0
2020-09-14 00:00:00+09:00,4234.4982421875,4387.0927734375,4100.97802734375,4387.0927734375,615352,0.0,0.0
2020-09-15 00:00:00+09:00,4310.795881885593,4635.059288930085,4215.42429157839,4501.5390625,1385956,0.0,0.0
2020-09-16 00:00:00+09:00,4444.315819895166,4558.761720836672,4387.092869424413,4463.39013671875,478682,0.0,0.0
2020-09-17 00:00:00+09:00,4482.4638871173465,4902.098804209184,4425.240943877551,4673.20703125,3657188,0.0,0.0
2020-09-18 00:00:00+09:00,4654.1329977101295,4654.1329977101295,4406.166895373114,4425.2412109375,613090,0.0,0.0
2020-09-21 00:00:00+09:00,4444.315217013889,4596.9097309027775,4291.720703125,4291.720703125,654242,0.0,0.0
2020-09-22 00:00:00+09:00,4196.349802059978,4558.761830419703,4139.126850213705,4253.57275390625,437520,0.0,0.0
2020-09-23 00:00:00+09:00,4558.761517820105,4558.761517820105,4272.646778207964,4310.79541015625,369608,0.0,0.0
2020-09-24 00:00:00+09:00,4234.497610740292,4253.571924302185,3910.2342801881073,3929.30859375,364792,0.0,0.0
2020-09-25 00:00:00+09:00,3967.4578125,4348.944140625,3948.38349609375,4005.6064453125,628316,0.0,0.0
2020-09-28 00:00:00+09:00,4062.829489511986,4215.424024329338,4024.680855807648,4177.275390625,160398,0.0,0.0
2020-09-29 00:00:00+09:00,4272.64657396789,4272.64657396789,4120.052053469037,4158.20068359375,132292,0.0,0.0
2020-10-05 00:00:00+09:00,4158.200780349943,4196.349411362327,4062.8292028189803,4139.12646484375,92090,0.0,0.0
2020-10-06 00:00:00+09:00,4177.274817708333,4348.943645833334,4100.977560763889,4291.720703125,302522,0.0,0.0
2020-10-07 00:00:00+09:00,4272.646409574469,4482.4638671875,4196.349152260638,4482.4638671875,319280,0.0,0.0
2020-10-08 00:00:00+09:00,4482.464053505346,4482.464053505346,4329.869532534951,4348.94384765625,180006,0.0,0.0
2020-10-12 00:00:00+09:00,4406.166695807178,4425.2410105076415,4310.795122304858,4368.01806640625,151570,0.0,0.0
2020-10-13 00:00:00+09:00,4387.0927734375,4806.727734375,4387.0927734375,4768.5791015625,3300406,0.0,0.0
2020-10-14 00:00:00+09:00,4730.430368257262,4749.504684258299,4520.612892245851,4596.91015625,709394,0.0,0.0
2020-10-15 00:00:00+09:00,4577.836037660257,4596.910354483841,4348.944235777244,4463.39013671875,464224,0.0,0.0
2020-10-16 00:00:00+09:00,4463.389744836373,4520.612690282994,4368.018169092006,4444.3154296875,268024,0.0,0.0
2020-10-19 00:00:00+09:00,4444.31572265625,4482.46435546875,4100.97802734375,4196.349609375,350000,0.0,0.0
2020-10-20 00:00:00+09:00,4062.829298231337,4196.349509910301,4043.7549822771994,4120.05224609375,238366,0.0,0.0
2020-10-21 00:00:00+09:00,4139.12666015625,4215.42392578125,4120.05234375,4196.349609375,114266,0.0,0.0
2020-10-22 00:00:00+09:00,4177.27529296875,4329.86982421875,4081.9037109375,4196.349609375,175644,0.0,0.0
2020-10-23 00:00:00+09:00,4196.349516369048,4539.68720407197,4196.349516369048,4406.1669921875,535868,0.0,0.0
2020-10-26 00:00:00+09:00,4348.943438555743,4368.017751882742,4215.423245266751,4234.49755859375,169990,0.0,0.0
2020-10-27 00:00:00+09:00,4234.49755859375,4387.092065209741,4120.051678631757,4234.49755859375,160728,0.0,0.0
2020-10-28 00:00:00+09:00,4196.349514311394,4425.241306001107,4196.349514311394,4310.79541015625,113446,0.0,0.0
2020-10-29 00:00:00+09:00,4215.42392578125,4291.72119140625,4139.12666015625,4196.349609375,127634,0.0,0.0
2020-10-30 00:00:00+09:00,4234.498141818577,4291.72108968099,4100.977930139613,4120.05224609375,157076,0.0,0.0
2020-11-02 00:00:00+09:00,4120.052440068493,4234.4983411815065,4100.978123216324,4177.275390625,65138,0.0,0.0
2020-11-03 00:00:00+09:00,4196.348931939752,4310.794811901746,4196.348931939752,4234.49755859375,108490,0.0,0.0
2020-11-04 00:00:00+09:00,4272.647071188341,4291.7213884704315,4177.275484777887,4253.57275390625,91104,0.0,0.0
2020-11-05 00:00:00+09:00,4310.79541015625,4329.869726130393,4234.49814625968,4310.79541015625,73352,0.0,0.0
2020-11-06 00:00:00+09:00,4272.646778207964,4387.092674052821,4234.49814625968,4310.79541015625,95412,0.0,0.0
2020-11-09 00:00:00+09:00,4387.092676204004,4425.241308170996,4329.869728253518,4406.1669921875,123436,0.0,0.0
2020-11-10 00:00:00+09:00,4387.09248424088,4482.464059985247,4272.646593347639,4444.3154296875,173272,0.0,0.0
2020-11-11 00:00:00+09:00,4444.315624154491,4482.464256121482,4368.018360220509,4406.1669921875,110438,0.0,0.0
2020-11-12 00:00:00+09:00,4444.315526501886,4673.207313274515,4368.018264244343,4425.2412109375,935582,0.0,0.0
2020-11-13 00:00:00+09:00,4425.2412109375,4444.315526501886,4368.018264244343,4425.2412109375,115092,0.0,0.0
2020-11-16 00:00:00+09:00,4425.241027065899,4558.76123046875,4368.018082750392,4558.76123046875,282400,0.0,0.0
2020-11-17 00:00:00+09:00,4558.762016684323,4558.762016684323,4425.2417902542375,4501.5390625,149934,0.0,0.0
2020-11-18 00:00:00+09:00,4501.538381368173,4635.058587595195,4463.389751017595,4539.68701171875,188840,0.0,0.0
2020-11-19 00:00:00+09:00,4539.687495981224,4711.3563508712705,4444.315909931198,4635.05908203125,296054,0.0,0.0
2020-11-20 00:00:00+09:00,4635.05908203125,4673.20771645126,4520.613178771219,4635.05908203125,183856,0.0,0.0
2020-11-23 00:00:00+09:00,4635.058200300233,4692.28114104468,4596.909573137267,4615.98388671875,183032,0.0,0.0
2020-11-24 00:00:00+09:00,4654.132820343875,4768.578709368725,4615.984190668925,4749.50439453125,349634,0.0,0.0
2020-11-25 00:00:00+09:00,4749.504884813652,4806.727835233094,4577.836033555328,4654.13330078125,277270,0.0,0.0
2020-11-26 00:00:00+09:00,4615.984667168289,4749.504884813652,4615.984667168289,4654.13330078125,144370,0.0,0.0
2020-11-27 00:00:00+09:00,4692.2815453314015,4863.950382355721,4577.835653981855,4730.43017578125,419122,0.0,0.0
2020-11-30 00:00:00+09:00,4730.430079693775,4844.875968718624,4692.281450018825,4749.50439453125,211420,0.0,0.0
2020-12-01 00:00:00+09:00,4768.5791015625,4863.95068359375,4711.35615234375,4768.5791015625,197178,0.0,0.0
2020-12-02 00:00:00+09:00,4768.5791015625,4806.727734375,4692.2818359375,4768.5791015625,144240,0.0,0.0
2020-12-03 00:00:00+09:00,4768.5788062310985,4806.727436680948,4673.207230106477,4730.43017578125,109608,0.0,0.0
2020-12-04 00:00:00+09:00,4730.429768207645,4730.429768207645,4596.909573137267,4615.98388671875,184356,0.0,0.0
2020-12-07 00:00:00+09:00,4615.984970868644,4749.505197298729,4444.316108315678,4501.5390625,191158,0.0,0.0
2020-12-08 00:00:00+09:00,4558.7613268940395,4635.058587595195,4482.464066192883,4539.68701171875,133142,0.0,0.0
2020-12-09 00:00:00+09:00,4520.612696543461,4615.984272419906,4463.389751017595,4539.68701171875,130356,0.0,0.0
2020-12-10 00:00:00+09:00,4730.430272646761,4768.578903877784,4596.910063338183,4711.35595703125,394984,0.0,0.0
2020-12-11 00:00:00+09:00,4711.355944403287,4768.578891096444,4310.795317551186,4425.2412109375,485122,0.0,0.0
2020-12-14 00:00:00+09:00,4425.2411081414475,4425.2411081414475,4291.720902292353,4348.94384765625,175538,0.0,0.0
2020-12-15 00:00:00+09:00,4291.720997814565,4425.241206635463,4291.720997814565,4329.86962890625,133276,0.0,0.0
2020-12-16 00:00:00+09:00,4348.943853943133,4463.389744836373,4329.86953879426,4444.3154296875,98398,0.0,0.0
2020-12-17 00:00:00+09:00,4463.3900390625,4482.46435546875,4329.86982421875,4387.0927734375,71496,0.0,0.0
2020-12-18 00:00:00+09:00,4444.315423262747,4463.389738384046,4348.94384765625,4348.94384765625,66594,0.0,0.0
2020-12-21 00:00:00+09:00,4387.092274305555,4387.092274305555,4234.497760416667,4291.720703125,123438,0.0,0.0
2020-12-22 00:00:00+09:00,4329.869125228744,4329.869125228744,4215.423245266751,4234.49755859375,153970,0.0,0.0
2020-12-23 00:00:00+09:00,4234.49755859375,4348.943438555743,4215.423245266751,4234.49755859375,132048,0.0,0.0
2020-12-24 00:00:00+09:00,4272.646778207964,4329.869726130393,4177.275198337251,4310.79541015625,126710,0.0,0.0
2020-12-28 00:00:00+09:00,4406.166895373114,4425.2412109375,4291.7210019868,4425.2412109375,137704,0.0,0.0
2020-12-29 00:00:00+09:00,4483.983546206826,4562.306402909128,4425.241403680099,4464.40283203125,45272,150.0,0.0
2020-12-30 00:00:00+09:00,4444.821924260233,4464.402637582964,4327.3376443238385,4425.2412109375,69602,0.0,0.0
2021-01-04 00:00:00+09:00,4386.079391891892,4444.82152660473,4288.1758340371625,4346.91796875,89070,0.0,0.0
2021-01-05 00:00:00+09:00,4346.9186050622175,4366.499319499434,4209.853604001697,4327.337890625,121750,0.0,0.0
2021-01-06 00:00:00+09:00,4327.337890625,4346.9186050622175,4249.015032876131,4327.337890625,66886,0.0,0.0
2021-01-07 00:00:00+09:00,4307.757473601599,4346.918905179795,4229.434610445205,4288.1767578125,69082,0.0,0.0
2021-01-08 00:00:00+09:00,4327.338189390696,4327.338189390696,4151.111747288813,4288.1767578125,129612,0.0,0.0
2021-01-11 00:00:00+09:00,4229.434334271327,4288.176477802874,4072.788618187204,4131.53076171875,128004,0.0,0.0
2021-01-12 00:00:00+09:00,4092.368756813227,4229.433739098838,4053.2073333030526,4209.85302734375,112614,0.0,0.0
2021-01-13 00:00:00+09:00,4229.433739098838,4249.014450853924,4151.110892078488,4209.85302734375,56650,0.0,0.0
2021-01-14 00:00:00+09:00,4249.01474701071,4249.01474701071,4131.53046829152,4170.69189453125,30982,0.0,0.0
2021-01-15 00:00:00+09:00,4190.27294921875,4229.434378650701,4131.530805070824,4190.27294921875,95624,0.0,0.0
2021-01-18 00:00:00+09:00,4993.082052027926,4993.082052027926,4523.1449177194145,4601.4677734375,1559018,0.0,0.0
2021-01-19 00:00:00+09:00,4621.048545435856,4699.371402138158,4288.176404451069,4464.40283203125,311136,0.0,0.0
2021-01-20 00:00:00+09:00,4464.40283203125,4483.983546206826,4346.918546977796,4464.40283203125,153190,0.0,0.0
2021-01-21 00:00:00+09:00,4425.2412109375,4464.402637582964,4327.3376443238385,4425.2412109375,98202,0.0,0.0
2021-01-22 00:00:00+09:00,4464.403105137712,4875.598127979343,4366.499528270657,4621.048828125,834512,0.0,0.0
2021-01-25 00:00:00+09:00,4621.048636151175,4679.7907798310625,4503.564348791399,4581.88720703125,149470,0.0,0.0
2021-01-26 00:00:00+09:00,4581.887397378178,4640.629543498411,4523.145251257945,4621.048828125,78066,0.0,0.0
2021-01-27 00:00:00+09:00,4660.209717844689,4660.209717844689,4483.983299942999,4562.30615234375,63424,0.0,0.0
2021-01-28 00:00:00+09:00,4464.4027310075435,4562.306299669989,4425.241303542564,4542.7255859375,65972,0.0,0.0
2021-01-29 00:00:00+09:00,4542.725949411435,4581.88738000981,4346.918796419563,4366.49951171875,102534,0.0,0.0
2021-02-01 00:00:00+09:00,4307.756976664848,4483.9833984375,4268.595549604258,4483.9833984375,80690,0.0,0.0
2021-02-02 00:00:00+09:00,4464.4027310075435,4581.887013402478,4444.822017275054,4542.7255859375,79472,0.0,0.0
2021-02-03 00:00:00+09:00,4542.725631648936,4973.501338098404,4386.0799202127655,4601.4677734375,623956,0.0,0.0
2021-02-04 00:00:00+09:00,4621.0483868331585,4718.95195435081,4542.725532819038,4679.79052734375,136554,0.0,0.0
2021-02-05 00:00:00+09:00,4679.789839217431,4718.951260466112,4581.886286095728,4640.62841796875,56048,0.0,0.0
2021-02-08 00:00:00+09:00,4660.209868332436,4660.209868332436,4523.144872205011,4542.7255859375,40092,0.0,0.0
2021-02-09 00:00:00+09:00,4542.725966631356,4660.210258871822,4464.403105137712,4621.048828125,132372,0.0,0.0
2021-02-10 00:00:00+09:00,4562.306103515625,4640.628955078125,4464.4025390625,4503.56396484375,86926,0.0,0.0
2021-02-15 00:00:00+09:00,4581.887397378178,4621.048828125,4464.403105137712,4621.048828125,100792,0.0,0.0
2021-02-16 00:00:00+09:00,4621.0484408674565,4621.0484408674565,4464.4027310075435,4542.7255859375,91614,0.0,0.0
2021-02-17 00:00:00+09:00,4542.725733901515,4581.887162642045,4425.241447679924,4523.14501953125,77408,0.0,0.0
2021-02-18 00:00:00+09:00,4483.983444740033,4699.371295797414,4483.983444740033,4542.7255859375,179514,0.0,0.0
2021-02-19 00:00:00+09:00,4542.7255859375,4581.887013402478,4464.4027310075435,4542.7255859375,71712,0.0,0.0
2021-02-22 00:00:00+09:00,4601.466996720068,4699.370549841772,4464.402022349684,4640.62841796875,214798,0.0,0.0
2021-02-23 00:00:00+09:00,4621.048545435856,4640.629259611431,4464.40283203125,4464.40283203125,114274,0.0,0.0
2021-02-24 00:00:00+09:00,4464.4025390625,4895.17822265625,4425.241113281249,4503.56396484375,1099458,0.0,0.0
2021-02-25 00:00:00+09:00,4523.144872205011,4679.790582064925,4523.144872205011,4542.7255859375,151966,0.0,0.0
2021-02-26 00:00:00+09:00,4503.564305160985,4640.629305752841,4464.402876420454,4523.14501953125,107872,0.0,0.0
2021-03-02 00:00:00+09:00,4562.306492471287,4718.952208950988,4542.725777911324,4581.88720703125,159706,0.0,0.0
2021-03-03 00:00:00+09:00,4581.887191022029,4836.436479412141,4581.887191022029,4777.6943359375,365298,0.0,0.0
2021-03-04 00:00:00+09:00,4758.113577055239,4856.017148599585,4679.790719819762,4718.9521484375,198060,0.0,0.0
2021-03-05 00:00:00+09:00,4660.20912859309,4699.370549841772,4601.466996720068,4640.62841796875,91726,0.0,0.0
2021-03-08 00:00:00+09:00,4640.629154599947,4679.790582064925,4542.7255859375,4542.7255859375,74820,0.0,0.0
2021-03-09 00:00:00+09:00,4542.725138888889,4562.305850694444,4366.498732638889,4405.66015625,129876,0.0,0.0
2021-03-10 00:00:00+09:00,4581.8865625,4581.8865625,4405.66015625,4405.66015625,59032,0.0,0.0
2021-03-11 00:00:00+09:00,4405.660538294325,4699.37124084728,4386.079824790795,4679.79052734375,380076,0.0,0.0
2021-03-12 00:00:00+09:00,4679.79043564774,4699.3711487676055,4092.3690420517896,4170.69189453125,1132252,0.0,0.0
2021-03-15 00:00:00+09:00,4170.691795459692,4170.691795459692,4014.046094221769,4053.20751953125,221478,0.0,0.0
2021-03-16 00:00:00+09:00,4053.207568359375,4111.94970703125,3974.8847167968747,4014.046142578125,158910,0.0,0.0
2021-03-17 00:00:00+09:00,4072.7884728773583,4464.402749115566,3994.465617629717,4151.111328125,1175934,0.0,0.0
2021-03-18 00:00:00+09:00,4190.272755748821,4209.853469560731,4092.369186689269,4151.111328125,124982,0.0,0.0
2021-03-19 00:00:00+09:00,4092.3689941406246,4151.1111328125,4072.7882812499997,4111.94970703125,87768,0.0,0.0
2021-03-22 00:00:00+09:00,4170.691845703125,4170.691845703125,4092.3689941406246,4111.94970703125,92626,0.0,0.0
2021-03-23 00:00:00+09:00,4131.530567808014,4131.530567808014,4053.2077134419856,4092.369140625,75094,0.0,0.0
2021-03-24 00:00:00+09:00,4092.3695338322564,4111.950249305138,4072.788818359375,4072.788818359375,72798,0.0,0.0
2021-03-25 00:00:00+09:00,4072.7884270334926,4131.530567808014,4053.2077134419856,4092.369140625,54428,0.0,0.0
2021-03-26 00:00:00+09:00,4092.3689941406246,4151.1111328125,4053.207568359375,4111.94970703125,53212,0.0,0.0
2021-03-29 00:00:00+09:00,4111.94970703125,4151.1111328125,4072.7882812499997,4111.94970703125,50492,0.0,0.0
2021-03-30 00:00:00+09:00,4111.9500472082345,4151.1114762292655,4072.788618187204,4131.53076171875,51644,0.0,0.0
2021-03-31 00:00:00+09:00,4111.94970703125,4151.1111328125,4092.3689941406246,4111.94970703125,44896,0.0,0.0
2021-04-01 00:00:00+09:00,4111.949900501179,4170.692041936911,4092.369186689269,4151.111328125,104328,0.0,0.0
2021-04-02 00:00:00+09:00,4151.1111328125,4170.691845703125,4111.94970703125,4111.94970703125,104612,0.0,0.0
2021-04-05 00:00:00+09:00,4170.692041936911,4190.272755748821,4111.949900501179,4151.111328125,71842,0.0,0.0
2021-04-06 00:00:00+09:00,4151.111707899306,4386.08029513889,4111.950276692709,4229.4345703125,581128,0.0,0.0
2021-04-07 00:00:00+09:00,4249.014450853924,4249.014450853924,4170.691603833576,4209.85302734375,85988,0.0,0.0
2021-04-08 00:00:00+09:00,4209.853469560731,4229.434183372641,4151.111328125,4151.111328125,92526,0.0,0.0
2021-04-09 00:00:00+09:00,4151.110892078488,4229.433739098838,4131.5301803234015,4209.85302734375,77034,0.0,0.0
2021-04-12 00:00:00+09:00,4229.434610445205,4288.1767578125,4209.8538946561075,4288.1767578125,99452,0.0,0.0
2021-04-13 00:00:00+09:00,4288.1758854166665,4464.402291666667,4249.014461805556,4405.66015625,231334,0.0,0.0
2021-04-14 00:00:00+09:00,4405.660497614768,4464.402637582964,4366.499070969303,4425.2412109375,108288,0.0,0.0
2021-04-15 00:00:00+09:00,4444.82197137691,4503.564111967795,4405.660544316321,4483.9833984375,106486,0.0,0.0
2021-04-16 00:00:00+09:00,4483.983202694796,4523.144628045842,4386.07963931718,4444.82177734375,89030,0.0,0.0
2021-04-19 00:00:00+09:00,4444.822205111512,4601.467921591212,4425.241490551549,4581.88720703125,115718,0.0,0.0
2021-04-20 00:00:00+09:00,4542.7254392435625,4581.8868654439375,4523.144726143375,4562.30615234375,38128,0.0,0.0
2021-04-21 00:00:00+09:00,4523.144677734374,4542.725390625,4464.4025390625,4503.56396484375,42866,0.0,0.0
2021-04-22 00:00:00+09:00,4503.563715277778,4523.1444270833335,4366.498732638889,4405.66015625,70228,0.0,0.0
2021-04-23 00:00:00+09:00,4405.660792759487,4425.241507393973,4307.757219587053,4386.080078125,43144,0.0,0.0
2021-04-26 00:00:00+09:00,4386.079784292036,4464.402637582964,4366.499070969303,4425.2412109375,37508,0.0,0.0
2021-04-27 00:00:00+09:00,4483.983350905697,4483.983350905697,4346.918357646571,4425.2412109375,40148,0.0,0.0
2021-04-28 00:00:00+09:00,4425.241768336187,4425.241768336187,4249.015326234304,4288.1767578125,56532,0.0,0.0
2021-04-29 00:00:00+09:00,4268.595361103111,4327.337499099943,4190.272510440668,4249.0146484375,37580,0.0,0.0
2021-04-30 00:00:00+09:00,4229.434183372641,4366.499180056014,4151.111328125,4151.111328125,54520,0.0,0.0
2021-05-03 00:00:00+09:00,4249.014450853924,4268.595162609012,4170.691603833576,4209.85302734375,28368,0.0,0.0
2021-05-04 00:00:00+09:00,4190.2722761824325,4366.498680320946,4151.110853040541,4346.91796875,59352,0.0,0.0
2021-05-06 00:00:00+09:00,4288.1767578125,4386.080336757991,4268.596042023402,4288.1767578125,18918,0.0,0.0
2021-05-07 00:00:00+09:00,4327.338189390696,4386.080336757991,4268.596042023402,4288.1767578125,14702,0.0,0.0
2021-05-10 00:00:00+09:00,4307.757219587053,4444.82222202846,4307.757219587053,4386.080078125,106468,0.0,0.0
2021-05-11 00:00:00+09:00,4386.079391891892,4386.079391891892,4268.595122466217,4346.91796875,30958,0.0,0.0
2021-05-12 00:00:00+09:00,4346.91826171875,4405.660400390625,4190.27255859375,4307.7568359375,49334,0.0,0.0
2021-05-13 00:00:00+09:00,4190.273178867009,4307.757473601599,4190.273178867009,4288.1767578125,25374,0.0,0.0
2021-05-14 00:00:00+09:00,4268.596042023402,4405.66105254709,4249.015326234304,4288.1767578125,50460,0.0,0.0
2021-05-17 00:00:00+09:00,4562.306509835379,4562.306509835379,4327.33793422154,4386.080078125,209000,0.0,0.0
2021-05-18 00:00:00+09:00,4386.07963931718,4483.983202694796,4327.337501290611,4444.82177734375,64544,0.0,0.0
2021-05-20 00:00:00+09:00,4444.82197137691,4503.564111967795,4366.499117255732,4483.9833984375,77284,0.0,0.0
2021-05-21 00:00:00+09:00,4523.144628045842,4523.144628045842,4366.498926641657,4444.82177734375,29622,0.0,0.0
2021-05-24 00:00:00+09:00,4366.49951171875,4425.241657616312,4307.757365821189,4366.49951171875,27422,0.0,0.0
2021-05-25 00:00:00+09:00,4366.498680320946,4386.079391891892,4268.595122466217,4346.91796875,30446,0.0,0.0
2021-05-26 00:00:00+09:00,4346.918796419563,4366.49951171875,4307.757365821189,4366.49951171875,22668,0.0,0.0
2021-05-27 00:00:00+09:00,4366.498680320946,4366.498680320946,4288.1758340371625,4346.91796875,39652,0.0,0.0
2021-05-28 00:00:00+09:00,4346.91796875,4386.079391891892,4307.756545608108,4346.91796875,50672,0.0,0.0
2021-05-31 00:00:00+09:00,4386.07973444206,4562.30615234375,4346.918308241685,4562.30615234375,178588,0.0,0.0
2021-06-01 00:00:00+09:00,4542.725539028384,4542.725539028384,4405.660544316321,4483.9833984375,73912,0.0,0.0
2021-06-02 00:00:00+09:00,4483.983003472223,4601.467274305555,4405.66015625,4405.66015625,151732,0.0,0.0
2021-06-03 00:00:00+09:00,4444.82177734375,4444.82177734375,4386.07963931718,4444.82177734375,33516,0.0,0.0
2021-06-04 00:00:00+09:00,4444.82177734375,4523.144628045842,4425.2410646682265,4444.82177734375,81056,0.0,0.0
2021-06-07 00:00:00+09:00,4483.98359079072,4562.30644827178,4425.241447679924,4523.14501953125,55180,0.0,0.0
2021-06-08 00:00:00+09:00,4523.14482549809,4523.14482549809,4444.82197137691,4483.9833984375,28226,0.0,0.0
2021-06-09 00:00:00+09:00,4483.9833984375,4483.9833984375,4405.660544316321,4483.9833984375,37242,0.0,0.0
2021-06-10 00:00:00+09:00,4425.241257846616,4483.9833984375,4405.660544316321,4483.9833984375,45060,0.0,0.0
2021-06-11 00:00:00+09:00,4483.983251953125,4503.56396484375,4464.4025390625,4503.56396484375,27864,0.0,0.0
2021-06-14 00:00:00+09:00,4503.564111967795,4503.564111967795,4444.82197137691,4483.9833984375,26342,0.0,0.0
2021-06-15 00:00:00+09:00,4523.144974557978,4523.144974557978,4425.241403680099,4464.40283203125,45318,0.0,0.0
2021-06-16 00:00:00+09:00,4464.4025390625,4503.56396484375,4444.821826171875,4503.56396484375,62692,0.0,0.0
2021-06-17 00:00:00+09:00,4503.564348791399,4601.467921591212,4464.402919671475,4581.88720703125,90398,0.0,0.0
2021-06-18 00:00:00+09:00,4581.8868654439375,4581.8868654439375,4523.144726143375,4562.30615234375,16370,0.0,0.0
2021-06-21 00:00:00+09:00,4562.30615234375,4562.30615234375,4405.660447542248,4562.30615234375,72030,0.0,0.0
2021-06-22 00:00:00+09:00,4562.306299669989,4581.887013402478,4464.4027310075435,4542.7255859375,31650,0.0,0.0
2021-06-23 00:00:00+09:00,4542.7256887335525,4542.7256887335525,4444.822117855674,4464.40283203125,63282,0.0,0.0
2021-06-24 00:00:00+09:00,4464.402490019273,4503.563915370319,4405.660351992703,4444.82177734375,40080,0.0,0.0
2021-06-25 00:00:00+09:00,4444.82177734375,4464.402490019273,4405.660351992703,4444.82177734375,29738,0.0,0.0
2021-06-28 00:00:00+09:00,4444.821826171875,4523.144677734374,4386.0796875,4503.56396484375,87646,0.0,0.0
2021-06-29 00:00:00+09:00,4503.56396484375,4523.144677734374,4464.4025390625,4503.56396484375,28766,0.0,0.0
2021-06-30 00:00:00+09:00,4542.725532819038,4699.37124084728,4464.402678804916,4679.79052734375,224140,0.0,0.0
2021-07-01 00:00:00+09:00,4660.2099609375,4718.952103302258,4581.887104451155,4660.2099609375,155728,0.0,0.0
2021-07-02 00:00:00+09:00,4660.2099152260635,4660.2099152260635,4562.306345578458,4601.4677734375,43810,0.0,0.0
2021-07-05 00:00:00+09:00,4601.4677734375,4640.629201296542,4562.306345578458,4601.4677734375,41934,0.0,0.0
2021-07-06 00:00:00+09:00,4601.4677734375,4640.629201296542,4542.725631648936,4601.4677734375,69728,0.0,0.0
2021-07-07 00:00:00+09:00,4601.468112751589,4640.629543498411,4562.306682004767,4621.048828125,50650,0.0,0.0
2021-07-08 00:00:00+09:00,4621.048242187499,4640.628955078125,4464.4025390625,4503.56396484375,81142,0.0,0.0
2021-07-09 00:00:00+09:00,4483.98359079072,4523.14501953125,4425.241447679924,4523.14501953125,66898,0.0,0.0
2021-07-12 00:00:00+09:00,4464.402775930851,4621.048487367021,4464.402775930851,4601.4677734375,38060,0.0,0.0
2021-07-13 00:00:00+09:00,4601.4677734375,4640.629201296542,4562.306345578458,4601.4677734375,24864,0.0,0.0
2021-07-14 00:00:00+09:00,4601.46787701231,4601.46787701231,4503.564305160985,4523.14501953125,27480,0.0,0.0
2021-07-15 00:00:00+09:00,4542.725777911324,4581.88720703125,4523.145063351362,4581.88720703125,21554,0.0,0.0
2021-07-16 00:00:00+09:00,4581.88720703125,4581.88720703125,4523.145063351362,4581.88720703125,16200,0.0,0.0
2021-07-19 00:00:00+09:00,4562.306299669989,4581.887013402478,4483.983444740033,4542.7255859375,33124,0.0,0.0
2021-07-20 00:00:00+09:00,4464.402684907205,4542.725539028384,4464.402684907205,4483.9833984375,48924,0.0,0.0
2021-07-21 00:00:00+09:00,4483.983003472223,4503.563715277778,4405.66015625,4405.66015625,37974,0.0,0.0
2021-07-22 00:00:00+09:00,4405.66015625,4464.402291666667,4307.756597222223,4405.66015625,72852,0.0,0.0
2021-07-23 00:00:00+09:00,4425.241447679924,4542.725733901515,4405.660733309659,4523.14501953125,50048,0.0,0.0
2021-07-26 00:00:00+09:00,4523.144398082386,4777.69364992252,4503.563686402375,4738.5322265625,234716,0.0,0.0
2021-07-27 00:00:00+09:00,4699.370803202479,4738.5322265625,4621.047956482437,4738.5322265625,77938,0.0,0.0
2021-07-28 00:00:00+09:00,4699.37118902439,4816.85546875,4640.6290491615855,4816.85546875,125386,0.0,0.0
2021-07-29 00:00:00+09:00,4777.694291364108,4816.855719981847,4679.790719819762,4718.9521484375,47532,0.0,0.0
2021-07-30 00:00:00+09:00,4718.9521484375,4738.53286274637,4640.6292912020235,4718.9521484375,56472,0.0,0.0
2021-08-02 00:00:00+09:00,4699.370803202479,4738.5322265625,4621.047956482437,4738.5322265625,65886,0.0,0.0
2021-08-03 00:00:00+09:00,4738.532817423845,4777.694245667017,4523.144962086397,4660.2099609375,54278,0.0,0.0
2021-08-04 00:00:00+09:00,4758.113328887195,4856.016895325203,4679.790475736789,4816.85546875,102042,0.0,0.0
2021-08-05 00:00:00+09:00,4875.597748161765,4993.08203125,4797.274892769608,4993.08203125,243050,0.0,0.0
2021-08-06 00:00:00+09:00,4973.501420100847,4973.501420100847,4895.178563091385,4914.75927734375,62288,0.0,0.0
2021-08-09 00:00:00+09:00,4856.017469618056,4934.34033203125,4836.436754014757,4934.34033203125,50094,0.0,0.0
2021-08-10 00:00:00+09:00,4914.759232059602,4914.759232059602,4777.694233555948,4856.01708984375,52270,0.0,0.0
2021-08-11 00:00:00+09:00,4797.274609770369,4836.43603515625,4738.532471691548,4836.43603515625,34748,0.0,0.0
2021-08-12 00:00:00+09:00,4816.855914834105,4816.855914834105,4699.371624228395,4758.11376953125,33906,0.0,0.0
2021-08-13 00:00:00+09:00,4758.113577055239,4816.855719981847,4562.306433966546,4718.9521484375,112194,0.0,0.0
2021-08-17 00:00:00+09:00,4718.951806640624,4973.50107421875,4699.37109375,4699.37109375,222006,0.0,0.0
2021-08-18 00:00:00+09:00,4660.20966796875,4758.113232421874,4601.467529296875,4699.37109375,95182,0.0,0.0
2021-08-19 00:00:00+09:00,4660.209868332436,4718.952009529903,4523.144872205011,4542.7255859375,123760,0.0,0.0
2021-08-20 00:00:00+09:00,4542.725390625,4581.88681640625,4464.4025390625,4503.56396484375,71958,0.0,0.0
2021-08-23 00:00:00+09:00,4503.564535884534,4679.790974245233,4503.564535884534,4621.048828125,37154,0.0,0.0
2021-08-24 00:00:00+09:00,4640.629543498411,4699.371689618644,4562.306682004767,4621.048828125,43612,0.0,0.0
2021-08-25 00:00:00+09:00,4660.20912859309,4660.20912859309,4562.305575471387,4640.62841796875,22138,0.0,0.0
2021-08-26 00:00:00+09:00,4640.629154599947,4640.629154599947,4542.7255859375,4542.7255859375,56176,0.0,0.0
2021-08-27 00:00:00+09:00,4542.7254392435625,4562.30615234375,4483.983299942999,4562.30615234375,32932,0.0,0.0
2021-08-30 00:00:00+09:00,4542.725777911324,4621.048636151175,4464.402919671475,4581.88720703125,73522,0.0,0.0
2021-08-31 00:00:00+09:00,4562.306682004767,4640.629543498411,4523.145251257945,4621.048828125,41784,0.0,0.0
2021-09-01 00:00:00+09:00,4660.209905133928,4816.855616230867,4621.048477359694,4797.27490234375,122018,0.0,0.0
2021-09-02 00:00:00+09:00,4797.275005672977,4816.855719981847,4679.790719819762,4718.9521484375,32912,0.0,0.0
2021-09-03 00:00:00+09:00,4718.95195435081,4718.95195435081,4601.467673329628,4679.79052734375,34448,0.0,0.0
2021-09-06 00:00:00+09:00,4640.629246815914,4699.371389180672,4601.467818572742,4660.2099609375,42036,0.0,0.0
2021-09-07 00:00:00+09:00,4660.20912859309,4660.20912859309,4581.886286095728,4640.62841796875,34212,0.0,0.0
2021-09-08 00:00:00+09:00,4621.047707344409,4660.20912859309,4601.466996720068,4640.62841796875,30338,0.0,0.0
2021-09-09 00:00:00+09:00,4581.887013402478,4640.629154599947,4523.144872205011,4542.7255859375,45316,0.0,0.0
2021-09-10 00:00:00+09:00,4542.725631648936,4601.4677734375,4483.983489860372,4601.4677734375,27046,0.0,0.0
2021-09-13 00:00:00+09:00,4601.468112751589,4621.048828125,4523.145251257945,4621.048828125,29136,0.0,0.0
2021-09-14 00:00:00+09:00,4581.887397378178,4660.210258871822,4542.725966631356,4621.048828125,31990,0.0,0.0
2021-09-15 00:00:00+09:00,4640.62933449667,4797.275050429047,4621.048620005123,4777.6943359375,60316,0.0,0.0
2021-09-16 00:00:00+09:00,4758.113563324826,4973.501420100847,4718.952134820095,4914.75927734375,233302,0.0,0.0
2021-09-17 00:00:00+09:00,4914.759083207831,4953.920510165663,4816.855515813253,4875.59765625,76630,0.0,0.0
2021-09-23 00:00:00+09:00,4875.597757892219,4895.178471779336,4777.694188456632,4797.27490234375,104474,0.0,0.0
2021-09-24 00:00:00+09:00,4797.274840842676,5130.14697265625,4777.694127206583,5130.14697265625,425474,0.0,0.0
2021-09-27 00:00:00+09:00,5345.535243988037,6226.667427062988,4993.082370758057,5012.6630859375,2433498,0.0,0.0
2021-09-28 00:00:00+09:00,4953.9205944133255,5306.373443027713,4856.0170253537735,5188.88916015625,383664,0.0,0.0
2021-09-29 00:00:00+09:00,4993.082013494318,5639.245568181817,4973.501299715908,5384.6962890625,786084,0.0,0.0
2021-09-30 00:00:00+09:00,5267.212051062275,5737.149185729541,5247.631337117806,5443.4384765625,322846,0.0,0.0
2021-10-01 00:00:00+09:00,5365.115584463443,5482.599867334906,5169.308446344339,5188.88916015625,164276,0.0,0.0
2021-10-05 00:00:00+09:00,5169.308579493613,5443.438579921305,4993.08215064724,5365.11572265625,197812,0.0,0.0
2021-10-06 00:00:00+09:00,5325.954094636525,5639.245511968085,5325.954094636525,5521.76123046875,293596,0.0,0.0
2021-10-07 00:00:00+09:00,5717.568673270089,6011.279392787388,5306.37366594587,5482.60009765625,425200,0.0,0.0
2021-10-08 00:00:00+09:00,5560.922760229317,5580.503474173786,5325.954192895683,5443.4384765625,100590,0.0,0.0
2021-10-12 00:00:00+09:00,5423.857926615169,5423.857926615169,5188.889352176967,5228.05078125,163398,0.0,0.0
2021-10-13 00:00:00+09:00,5208.469994773328,5639.2457086267605,5149.727851975133,5560.9228515625,181234,0.0,0.0
2021-10-14 00:00:00+09:00,5560.922999944788,5639.24585909894,5443.43871121356,5541.34228515625,79548,0.0,0.0
2021-10-15 00:00:00+09:00,5541.3419992897725,5600.084140624999,5345.534861505682,5384.6962890625,80016,0.0,0.0
2021-10-18 00:00:00+09:00,5443.4382299221415,5776.310351895798,5306.373238521224,5737.14892578125,182922,0.0,0.0
2021-10-19 00:00:00+09:00,5697.988003464554,5737.14943304163,5521.761570367712,5541.34228515625,112588,0.0,0.0
2021-10-20 00:00:00+09:00,5541.34224155971,5737.149387904576,5423.85795375279,5482.60009765625,129924,0.0,0.0
2021-10-21 00:00:00+09:00,5482.59956001805,5502.1802727324,5384.695996446299,5423.857421875,51440,0.0,0.0
2021-10-22 00:00:00+09:00,5423.85795375279,5639.245814732143,5423.85795375279,5482.60009765625,116834,0.0,0.0
2021-10-25 00:00:00+09:00,5482.599796660958,5737.149072934503,5365.115515303938,5717.568359375,180868,0.0,0.0
2021-10-26 00:00:00+09:00,5717.568565691021,5756.729994223151,5502.180708764305,5560.9228515625,124742,0.0,0.0
2021-10-27 00:00:00+09:00,5639.245357428115,6167.924609687001,5541.341792194989,6128.76318359375,436252,0.0,0.0
2021-10-28 00:00:00+09:00,6128.763330704127,6246.247611803886,5972.117622571113,6109.1826171875,248386,0.0,0.0
2021-10-29 00:00:00+09:00,6050.4410503840045,6109.1831965042375,5678.407458289195,5776.31103515625,211834,0.0,0.0
2021-11-01 00:00:00+09:00,5776.310649229488,5952.537075816151,5639.245650773196,5697.98779296875,122150,0.0,0.0
2021-11-02 00:00:00+09:00,5717.568359375,5815.471927172517,5639.245505136986,5717.568359375,74092,0.0,0.0
2021-11-03 00:00:00+09:00,5678.407151716469,5776.310723297787,5365.11572265625,5365.11572265625,169506,0.0,0.0
2021-11-04 00:00:00+09:00,5463.019248371194,5639.245675738008,5228.050678548778,5306.37353515625,121138,0.0,0.0
2021-11-05 00:00:00+09:00,5306.373193359374,5365.11533203125,5169.308203125,5286.79248046875,95408,0.0,0.0
2021-11-08 00:00:00+09:00,5267.212051062275,5482.599904451439,5188.889195284398,5443.4384765625,87570,0.0,0.0
2021-11-09 00:00:00+09:00,5443.4380386732655,5541.341600519907,5306.373052087967,5502.18017578125,54326,0.0,0.0
2021-11-10 00:00:00+09:00,5482.599463411922,5658.825874735877,5404.276613934609,5502.18017578125,94150,0.0,0.0
2021-11-11 00:00:00+09:00,5482.599810431985,5482.599810431985,5286.792674345129,5325.9541015625,78208,0.0,0.0
2021-11-12 00:00:00+09:00,5325.954322735191,5835.052897702526,5286.792893891551,5619.6650390625,160552,0.0,0.0
2021-11-15 00:00:00+09:00,5639.245704681275,5639.245704681275,4875.597848839019,4914.75927734375,577728,0.0,0.0
2021-11-16 00:00:00+09:00,4895.178471779336,4973.5013273278055,4718.952046795281,4797.27490234375,201314,0.0,0.0
2021-11-17 00:00:00+09:00,4836.436182037602,4875.597608612805,4777.694042174797,4816.85546875,102690,0.0,0.0
2021-11-18 00:00:00+09:00,4836.436449455492,5247.63145123106,4699.371448863636,5169.30859375,231792,0.0,0.0
2021-11-19 00:00:00+09:00,5110.566494030899,5286.792924859551,5012.662921348315,5228.05078125,127936,0.0,0.0
2021-11-22 00:00:00+09:00,5169.3084716796875,5697.987747192383,5169.3084716796875,5639.24560546875,282332,0.0,0.0
2021-11-23 00:00:00+09:00,5580.503463745117,5756.729888916016,5521.761322021484,5639.24560546875,141570,0.0,0.0
2021-11-24 00:00:00+09:00,5580.503221323059,5795.891064953072,5580.503221323059,5737.14892578125,61764,0.0,0.0
2021-11-25 00:00:00+09:00,5737.149253443668,6030.8599660773025,5639.24568256579,5952.537109375,156360,0.0,0.0
2021-11-26 00:00:00+09:00,5952.537109375,5991.698537726152,5756.729967619243,5952.537109375,85686,0.0,0.0
2021-11-29 00:00:00+09:00,5776.310159169954,6187.5051196532395,5756.7294467659885,5893.79443359375,219496,0.0,0.0
2021-11-30 00:00:00+09:00,5893.795086880387,6050.440803475215,5658.826511988146,5678.4072265625,122644,0.0,0.0
2021-12-01 00:00:00+09:00,5619.664740214778,5913.375440922868,5521.761173312082,5854.63330078125,77848,0.0,0.0
2021-12-02 00:00:00+09:00,5717.5685392680925,6011.279251901728,5717.5685392680925,5952.537109375,78982,0.0,0.0
2021-12-03 00:00:00+09:00,5952.537109375,6011.279251901728,5795.891395970395,5952.537109375,60174,0.0,0.0
2021-12-06 00:00:00+09:00,5913.375436134708,6070.021143052184,5893.794722770024,6050.4404296875,67114,0.0,0.0
2021-12-07 00:00:00+09:00,6050.4404296875,6246.247563334345,5952.536862864077,6050.4404296875,90440,0.0,0.0
2021-12-08 00:00:00+09:00,6070.022005208333,6089.6027213541665,5815.4726953125,5874.21484375,53974,0.0,0.0
2021-12-09 00:00:00+09:00,5854.63330078125,5952.536867683946,5776.310447259092,5854.63330078125,32272,0.0,0.0
2021-12-10 00:00:00+09:00,5854.63370871242,6226.667288864715,5795.891564477848,6187.505859375,83132,0.0,0.0
2021-12-13 00:00:00+09:00,6402.893265392339,6716.184678989518,6167.924705194455,6246.24755859375,632328,0.0,0.0
2021-12-14 00:00:00+09:00,6011.278976078084,7421.09033203125,5893.79469641532,7421.09033203125,1819280,0.0,0.0
2021-12-15 00:00:00+09:00,7616.897468877032,9633.7109375,7421.090336001016,9633.7109375,3598194,0.0,0.0
2021-12-16 00:00:00+09:00,10828.135649671052,11748.42927631579,10103.64917763158,11161.0078125,3514760,0.0,0.0
2021-12-17 00:00:00+09:00,10965.200032837127,11376.395034068519,10260.294316440455,11180.587890625,401538,0.0,0.0
2021-12-20 00:00:00+09:00,11650.525783962674,14098.115234375002,11435.13791232639,14098.115234375,1478820,0.0,0.0
2021-12-21 00:00:00+09:00,14744.276920472137,14998.826190015481,12414.172068498452,12649.140625,872418,0.0,0.0
2021-12-22 00:00:00+09:00,13236.563040002246,13706.500189351436,10906.4580078125,10906.4580078125,957380,0.0,0.0
2021-12-23 00:00:00+09:00,11043.522874372718,11082.684303005246,9770.77644381558,10730.2314453125,1208628,0.0,0.0
2021-12-24 00:00:00+09:00,10886.876899509803,10886.876899509803,9692.453354779413,9986.1640625,505546,0.0,0.0
2021-12-27 00:00:00+09:00,10240.712393777412,10554.003786321273,9418.32248834978,10044.9052734375,405798,0.0,0.0
2021-12-28 00:00:00+09:00,10084.06769974962,10279.874839550583,9065.87057278461,9653.2919921875,689086,0.0,0.0
2021-12-29 00:00:00+09:00,10044.362723214286,10064.945433712675,8521.242146333432,8788.8173828125,1348954,600.0,0.0
2021-12-30 00:00:00+09:00,8912.314934561186,9015.228501934871,8644.739659389603,8809.4013671875,375618,0.0,0.0
2022-01-04 00:00:00+09:00,9200.473044680479,9241.638472173456,8850.566910990168,9159.3076171875,318688,0.0,0.0
2022-01-05 00:00:00+09:00,9118.140969402551,9138.72368039443,8685.904038573086,8871.1484375,186740,0.0,0.0
2022-01-06 00:00:00+09:00,8665.32237286434,9200.472923207506,8665.32237286434,8809.4013671875,266434,0.0,0.0
2022-01-07 00:00:00+09:00,8809.400629242082,9221.054864253394,8768.23520574095,9097.55859375,193048,0.0,0.0
2022-01-10 00:00:00+09:00,9035.81063646789,9262.220470183487,8768.235378440368,8974.0625,153536,0.0,0.0
2022-01-11 00:00:00+09:00,8912.315052229635,9797.371743328653,8912.315052229635,9159.3076171875,629534,0.0,0.0
2022-01-12 00:00:00+09:00,9241.637016059029,9591.543094618057,9056.392621527779,9262.2197265625,244762,0.0,0.0
2022-01-13 00:00:00+09:00,9241.637226390418,10044.362954295153,9138.723671530837,9344.55078125,545824,0.0,0.0
2022-01-14 00:00:00+09:00,9138.724306640624,9159.307019042968,8027.257836914063,8233.0849609375,399978,0.0,0.0
2022-01-17 00:00:00+09:00,8233.084935897436,8274.250360576923,7739.09983974359,8027.2578125,263060,0.0,0.0
2022-01-18 00:00:00+09:00,7800.8479767628205,8274.250360576923,7800.8479767628205,8027.2578125,225358,0.0,0.0
2022-01-19 00:00:00+09:00,7944.926963141025,8397.746634615385,7924.344250801282,8027.2578125,222652,0.0,0.0
2022-01-20 00:00:00+09:00,8006.675605227623,8788.81872347608,7944.927464313271,8335.9990234375,663824,0.0,0.0
2022-01-21 00:00:00+09:00,8191.919708487308,8356.58141117047,7903.761728791774,8006.67529296875,163582,0.0,0.0
2022-01-24 00:00:00+09:00,7944.926787405304,8191.91933001894,7780.265092329546,8150.75390625,119012,0.0,0.0
2022-01-25 00:00:00+09:00,8150.753357362412,8788.8173828125,8089.005225867243,8788.8173828125,411004,0.0,0.0
2022-01-26 00:00:00+09:00,8768.2353515625,8953.479760398328,8603.573654819542,8768.2353515625,243274,0.0,0.0
2022-01-27 00:00:00+09:00,8788.818100089175,8891.73166098015,8253.66758345611,8294.8330078125,175224,0.0,0.0
2022-01-28 00:00:00+09:00,8294.832454189478,8459.494140625,8130.170767753954,8459.494140625,83908,0.0,0.0
2022-02-03 00:00:00+09:00,8582.991505308013,8747.6532128439,8459.4952246561,8603.57421875,101270,0.0,0.0
2022-02-04 00:00:00+09:00,8644.739196004746,8891.731744462026,7800.847988775712,8130.17138671875,455900,0.0,0.0
2022-02-07 00:00:00+09:00,8068.423669258373,8624.156932191985,7965.510102048444,8603.57421875,293716,0.0,0.0
2022-02-08 00:00:00+09:00,8624.156366912412,8974.062472491198,8582.990942726672,8768.2353515625,418730,0.0,0.0
2022-02-09 00:00:00+09:00,8768.235953553081,9076.976656142979,8624.15695901113,9015.228515625,286716,0.0,0.0
2022-02-10 00:00:00+09:00,9138.72370858028,9612.126062853584,9097.558286469559,9550.3779296875,582370,0.0,0.0
2022-02-11 00:00:00+09:00,9591.543138586956,9632.708559782608,9056.392663043478,9468.046875,345998,0.0,0.0
2022-02-14 00:00:00+09:00,9179.88888454861,9344.55056857639,8541.824858940972,9262.2197265625,383598,0.0,0.0
2022-02-15 00:00:00+09:00,9179.889318426724,9365.133721713362,8788.817800377155,8953.4794921875,206838,0.0,0.0
2022-02-16 00:00:00+09:00,9118.142189694523,9447.465609638342,9076.976762201546,9159.3076171875,131686,0.0,0.0
2022-02-17 00:00:00+09:00,9056.393531976744,9159.307094840116,8603.573855377907,8850.56640625,214162,0.0,0.0
2022-02-18 00:00:00+09:00,8891.732247488839,9241.638377598354,8685.905112130302,9221.0556640625,149656,0.0,0.0
2022-02-21 00:00:00+09:00,9056.393170248868,9262.220287754524,8871.148764493779,9097.55859375,129354,0.0,0.0
2022-02-22 00:00:00+09:00,8891.731551460598,8932.896975309954,6915.791206691576,7574.43798828125,1190000,0.0,0.0
2022-02-23 00:00:00+09:00,7759.682487425085,7842.013336098031,6936.374000695633,7512.68994140625,593696,0.0,0.0
2022-02-24 00:00:00+09:00,7368.610523570668,7718.516609885476,7162.7834139737215,7245.1142578125,145746,0.0,0.0
2022-02-25 00:00:00+09:00,7327.445207671257,7512.689608988789,7203.948940126235,7286.27978515625,84090,0.0,0.0
2022-02-28 00:00:00+09:00,7183.366770426432,7327.4457600911455,6833.4606526692705,6915.79150390625,182694,0.0,0.0
2022-03-02 00:00:00+09:00,6915.791605029586,7018.705170580622,6668.799047707101,6956.95703125,125416,0.0,0.0
2022-03-03 00:00:00+09:00,6874.625911833573,7203.949308807637,6874.625911833573,7142.201171875,139948,0.0,0.0
2022-03-04 00:00:00+09:00,7142.200979649336,7286.279961947737,7039.287420864764,7162.78369140625,85488,0.0,0.0
2022-03-07 00:00:00+09:00,7080.452844378592,7265.697250190823,6854.043015052533,7162.78369140625,95784,0.0,0.0
2022-03-08 00:00:00+09:00,6936.373962053572,7245.114642857143,6915.79125,7203.94921875,173684,0.0,0.0
2022-03-10 00:00:00+09:00,7080.452844378592,7430.358944246139,7080.452844378592,7162.78369140625,119190,0.0,0.0
2022-03-11 00:00:00+09:00,7224.531754740169,7327.4453125,7101.035485428371,7327.4453125,76386,0.0,0.0
2022-03-14 00:00:00+09:00,7327.4453125,7368.610735603933,7121.618196980337,7327.4453125,82872,0.0,0.0
2022-03-15 00:00:00+09:00,7265.696968772195,7327.4451016512785,7162.7834139737215,7245.1142578125,49102,0.0,0.0
2022-03-16 00:00:00+09:00,7245.115048882682,7492.107607367318,7245.115048882682,7368.611328125,106682,0.0,0.0
2022-03-17 00:00:00+09:00,7348.02791892876,7533.272320246292,7203.948940126235,7286.27978515625,158988,0.0,0.0
2022-03-18 00:00:00+09:00,7286.28038434903,7533.272939750693,7265.6976713988915,7430.359375,243654,0.0,0.0
2022-03-21 00:00:00+09:00,7574.437672651934,7944.926471857735,7409.775984116022,7450.94140625,327394,0.0,0.0
2022-03-22 00:00:00+09:00,7492.10693359375,7636.1859130859375,7306.862531389509,7492.10693359375,101392,0.0,0.0
2022-03-23 00:00:00+09:00,7533.272211248224,7533.272211248224,7142.200703014028,7245.1142578125,219376,0.0,0.0
2022-03-24 00:00:00+09:00,7286.279872796474,7389.193430321848,6998.121911725427,7224.53173828125,160620,0.0,0.0
2022-03-25 00:00:00+09:00,7224.531651383739,7409.776052701271,7162.7835176112285,7286.27978515625,203834,0.0,0.0
2022-03-28 00:00:00+09:00,7327.445170557777,7409.776015170785,6977.53908095249,7080.45263671875,182042,0.0,0.0
2022-03-29 00:00:00+09:00,7101.035556135506,7265.697250190823,6854.043015052533,7162.78369140625,180582,0.0,0.0
2022-03-30 00:00:00+09:00,7183.366520411531,7574.438050176056,7121.618384132922,7306.86279296875,265346,0.0,0.0
2022-03-31 00:00:00+09:00,7327.446001519098,7512.690422905816,7162.784293619792,7409.77685546875,189670,0.0,0.0
2022-04-01 00:00:00+09:00,7368.61124541069,7595.021088146773,7306.863106482668,7533.27294921875,136700,0.0,0.0
2022-04-04 00:00:00+09:00,7553.855641838759,9406.2998046875,7553.855641838759,9406.2998046875,2503956,0.0,0.0
2022-04-05 00:00:00+09:00,9076.97611276727,9406.299509148848,8521.242881373355,9385.716796875,1325890,0.0,0.0
2022-04-06 00:00:00+09:00,9385.716413073143,9776.787930284525,9056.393030158297,9426.8818359375,972378,0.0,0.0
2022-04-07 00:00:00+09:00,9303.385190217392,10003.197350543478,9221.054347826088,9941.44921875,1090932,0.0,0.0
2022-04-08 00:00:00+09:00,9982.6148046875,10291.35546875,9756.204984375001,10291.35546875,686358,0.0,0.0
2022-04-11 00:00:00+09:00,10332.520850605868,10414.85169403699,9715.039524872449,10085.5283203125,586778,0.0,0.0
2022-04-12 00:00:00+09:00,9962.032262145749,10209.02479757085,9550.378036437247,10167.859375,523900,0.0,0.0
2022-04-13 00:00:00+09:00,10106.111037456505,10600.096098350508,9529.795133080166,9612.1259765625,703232,0.0,0.0
2022-04-14 00:00:00+09:00,9673.874862030905,9694.45757450331,9159.30705022075,9323.96875,466202,0.0,0.0
2022-04-15 00:00:00+09:00,9241.637900110376,9385.716887417218,8891.73178807947,9323.96875,353654,0.0,0.0
2022-04-18 00:00:00+09:00,9200.472242490034,9344.55122615319,8974.062411019362,9035.810546875,202496,0.0,0.0
2022-04-19 00:00:00+09:00,9035.810546875,9138.724106634396,8912.314275163724,9035.810546875,163750,0.0,0.0
2022-04-20 00:00:00+09:00,9138.724156821647,10250.190608326982,9138.724156821647,10126.6943359375,987168,0.0,0.0
2022-04-21 00:00:00+09:00,10126.693742028061,10353.103561463648,9900.283922592474,10085.5283203125,343224,0.0,0.0
2022-04-22 00:00:00+09:00,10064.946234924706,10311.93878056703,9591.543855776918,9653.2919921875,366702,0.0,0.0
2022-04-25 00:00:00+09:00,9426.882013101495,10085.528791309458,8541.825404884541,9303.3857421875,408944,0.0,0.0
2022-04-26 00:00:00+09:00,9385.716558257918,9838.536216770362,8994.645034997171,9097.55859375,478312,0.0,0.0
2022-04-27 00:00:00+09:00,8871.148990028782,9694.45748098273,8562.408305921052,9385.716796875,1024156,0.0,0.0
2022-04-28 00:00:00+09:00,9468.047006967905,9468.047006967905,8891.731102195947,9138.7236328125,230464,0.0,0.0
2022-04-29 00:00:00+09:00,9159.306467398836,9550.377979490022,8953.479355771897,9282.802734375,298244,0.0,0.0
2022-05-02 00:00:00+09:00,9138.72401725113,9426.88198175905,9097.55859375,9097.55859375,139468,0.0,0.0
2022-05-03 00:00:00+09:00,9241.637945130815,9303.386082848838,8788.818268531977,8850.56640625,166310,0.0,0.0
2022-05-04 00:00:00+09:00,8850.566807577054,9323.969218214897,8768.235953553081,9015.228515625,148810,0.0,0.0
2022-05-06 00:00:00+09:00,8788.818852177372,9241.638558846933,8788.818852177372,8891.732421875,111524,0.0,0.0
2022-05-10 00:00:00+09:00,8850.566820417132,9262.221091134208,8706.487825666156,9221.0556640625,253664,0.0,0.0
2022-05-11 00:00:00+09:00,9344.551665925876,9653.292359734,9282.803527164251,9406.2998046875,259134,0.0,0.0
2022-05-12 00:00:00+09:00,9179.890128968253,9653.29253472222,9056.393849206348,9076.9765625,276318,0.0,0.0
2022-05-13 00:00:00+09:00,9097.558042534723,9323.967858072918,9097.558042534723,9262.2197265625,168344,0.0,0.0
2022-05-16 00:00:00+09:00,9365.134765625,9715.040899725274,9262.221196771978,9365.134765625,411256,0.0,0.0
2022-05-17 00:00:00+09:00,9303.385319890203,9447.464296083192,8994.64465661951,9138.7236328125,219188,0.0,0.0
2022-05-18 00:00:00+09:00,9076.976152028003,9262.22056329388,8768.235466584872,8912.314453125,281258,0.0,0.0
2022-05-19 00:00:00+09:00,8912.314069234913,9097.558472521552,8685.90424299569,8953.4794921875,221414,0.0,0.0
2022-05-20 00:00:00+09:00,8953.479969113372,9262.220657703489,8727.070130813954,8850.56640625,313092,0.0,0.0
2022-05-23 00:00:00+09:00,8788.818747702206,9262.221162683823,8665.322465533089,8747.6533203125,275996,0.0,0.0
2022-05-24 00:00:00+09:00,8706.48654296875,9365.133279079862,8685.903832465277,9262.2197265625,533342,0.0,0.0
2022-05-25 00:00:00+09:00,9344.55111461471,10250.1904296875,9138.723997552712,10250.1904296875,1392536,0.0,0.0
2022-05-26 00:00:00+09:00,10291.35550704657,11032.333103553923,10003.197552849266,10497.1826171875,1708450,0.0,0.0
2022-05-27 00:00:00+09:00,10579.514632936507,10682.428199404761,10167.860367063491,10373.6875,1190762,0.0,0.0
2022-05-30 00:00:00+09:00,10414.8515625,10456.016983695652,10209.02445652174,10414.8515625,502110,0.0,0.0
2022-05-31 00:00:00+09:00,10497.183029961341,10723.592860019331,9673.874557023197,9982.615234375,1562516,0.0,0.0
2022-06-02 00:00:00+09:00,9673.87410917425,9920.866639621252,9550.37784395075,9612.1259765625,319142,0.0,0.0
2022-06-03 00:00:00+09:00,9632.70928005064,10064.946234924706,9612.12656791378,9653.2919921875,340018,0.0,0.0
2022-06-07 00:00:00+09:00,9653.291437368973,10023.780234538783,9591.543304507337,9817.953125,237022,0.0,0.0
2022-06-08 00:00:00+09:00,9817.953509457237,9900.284356496712,8850.56605674342,9776.7880859375,466486,0.0,0.0
2022-06-09 00:00:00+09:00,9632.71005544355,9817.954479586695,9550.379200268817,9570.9619140625,101096,0.0,0.0
2022-06-10 00:00:00+09:00,9673.873936631944,9776.787489149307,9241.637016059029,9262.2197265625,167444,0.0,0.0
2022-06-13 00:00:00+09:00,8953.479787844037,9241.637758027524,8665.321817660551,8974.0625,270298,0.0,0.0
2022-06-14 00:00:00+09:00,8706.488068315319,8809.401638862782,8068.4239309210525,8212.5029296875,386752,0.0,0.0
2022-06-15 00:00:00+09:00,8150.753306098382,8541.824803108153,7409.775732816711,7636.185546875,709088,0.0,0.0
2022-06-16 00:00:00+09:00,7677.351172365735,8850.56569468436,7677.351172365735,8191.9189453125,590812,0.0,0.0
2022-06-17 00:00:00+09:00,8027.257665884718,8438.911905160858,7677.3515625,7677.3515625,325564,0.0,0.0
2022-06-20 00:00:00+09:00,7759.682593239101,7800.8480181369205,7492.10733140327,7553.85546875,156072,0.0,0.0
2022-06-21 00:00:00+09:00,7553.855591142397,7883.178995660867,7512.690165577589,7800.84814453125,150184,0.0,0.0
2022-06-22 00:00:00+09:00,7862.595773625502,8130.17102246616,7595.0205247848435,7697.93408203125,106126,0.0,0.0
2022-06-23 00:00:00+09:00,7759.682527240953,7965.50964997944,5989.569271689967,6257.14453125,433320,0.0,0.0
2022-06-24 00:00:00+09:00,6133.648512883771,6504.137349232456,5207.426422012061,5866.0732421875,1474170,0.0,0.0
2022-06-27 00:00:00+09:00,5824.907915600501,6051.31776391006,5660.246207739003,5907.23876953125,440076,0.0,0.0
2022-06-28 00:00:00+09:00,5866.073049265188,6010.152036440122,5660.245924729567,5886.65576171875,260392,0.0,0.0
2022-06-29 00:00:00+09:00,5619.0804761803665,5742.5767503821335,5269.174365942029,5680.82861328125,312964,0.0,0.0
2022-06-30 00:00:00+09:00,5660.2462011026155,6215.979464483599,5495.584493434176,5804.3251953125,617420,0.0,0.0
2022-07-01 00:00:00+09:00,5742.5767503821335,6071.9001482535095,5454.4187772446785,5680.82861328125,367582,0.0,0.0
2022-07-04 00:00:00+09:00,5639.663299884054,5968.986704256846,5454.418884924359,5824.90771484375,291378,0.0,0.0
2022-07-05 00:00:00+09:00,5721.993756975447,5866.072736467634,5680.828334263393,5763.1591796875,158756,0.0,0.0
2022-07-06 00:00:00+09:00,5763.15905448718,5845.489898122711,5619.080078125,5619.080078125,143732,0.0,0.0
2022-07-07 00:00:00+09:00,5680.828421141697,5824.90740283732,5680.828421141697,5701.4111328125,77216,0.0,0.0
2022-07-08 00:00:00+09:00,5721.994266419492,6277.727522510593,5721.994266419492,6071.900390625,661298,0.0,0.0
2022-07-11 00:00:00+09:00,6092.483168658088,7389.194113338695,6071.90045525046,6998.12255859375,2931400,0.0,0.0
2022-07-12 00:00:00+09:00,7080.452844378592,7574.4379265445405,7059.870132621678,7162.78369140625,1106036,0.0,0.0
2022-07-13 00:00:00+09:00,7203.948873446133,7821.430205455801,6977.539051709255,7450.94140625,1025162,0.0,0.0
2022-07-14 00:00:00+09:00,7450.941581811798,7512.689716467697,7203.949043188202,7327.4453125,358740,0.0,0.0
2022-07-15 00:00:00+09:00,7348.028188688859,7512.689884793931,6833.460388360507,7101.03564453125,508378,0.0,0.0
2022-07-18 00:00:00+09:00,7080.453076774691,7080.453076774691,6586.467978395061,6668.798828125,470886,0.0,0.0
2022-07-19 00:00:00+09:00,6730.547277285447,6998.12255130597,6545.302856809702,6895.208984375,308450,0.0,0.0
2022-07-20 00:00:00+09:00,6956.956826581212,7080.4531016092815,6771.71241403911,6874.6259765625,244786,0.0,0.0
2022-07-21 00:00:00+09:00,6874.625754206731,6977.539313401442,6689.38134765625,6689.38134765625,310832,0.0,0.0
2022-07-22 00:00:00+09:00,6689.381812310988,6771.712665385585,6380.64111328125,6380.64111328125,276432,0.0,0.0
2022-07-25 00:00:00+09:00,6298.309851640108,6442.388835174358,6133.648156172392,6215.97900390625,265666,0.0,0.0
2022-07-26 00:00:00+09:00,6154.230943744686,6236.561792490434,6030.734670626063,6051.3173828125,298210,0.0,0.0
2022-07-27 00:00:00+09:00,6051.317770761986,6154.231338291952,5989.5696302440065,6010.15234375,149944,0.0,0.0
2022-07-28 00:00:00+09:00,6092.482508532423,6215.978775597269,6010.151663822526,6030.734375,145748,0.0,0.0
2022-07-29 00:00:00+09:00,6051.317473421392,6277.7273108623285,5948.403910948239,5989.5693359375,370120,0.0,0.0
2022-08-01 00:00:00+09:00,6030.734670626063,6071.900094998937,5948.403821880314,6051.3173828125,111564,0.0,0.0
2022-08-02 00:00:00+09:00,6030.735050427374,6051.31776391006,5886.656056048562,5907.23876953125,107512,0.0,0.0
2022-08-03 00:00:00+09:00,5886.65576171875,6030.734748893685,5783.74219945094,5886.65576171875,169608,0.0,0.0
2022-08-04 00:00:00+09:00,5886.655963766164,5989.569529566272,5804.325111126078,5968.98681640625,121634,0.0,0.0
2022-08-05 00:00:00+09:00,5968.98681640625,6010.152242726293,5927.8213900862065,5968.98681640625,99872,0.0,0.0
2022-08-08 00:00:00+09:00,6030.734842576744,6030.734842576744,5763.159576523852,5824.90771484375,170352,0.0,0.0
2022-08-09 00:00:00+09:00,5824.907493869753,5907.238341839644,5619.0803739450275,5639.6630859375,184298,0.0,0.0
2022-08-10 00:00:00+09:00,5557.33203125,5721.993721064815,5495.583897569444,5557.33203125,185900,0.0,0.0
2022-08-11 00:00:00+09:00,5598.4975744584835,5824.90740283732,5598.4975744584835,5701.4111328125,140724,0.0,0.0
2022-08-12 00:00:00+09:00,5701.411236069109,5783.742084243392,5680.828524025538,5742.57666015625,93028,0.0,0.0
2022-08-16 00:00:00+09:00,5845.489988425926,5845.489988425926,5454.418475115741,5557.33203125,224240,0.0,0.0
2022-08-17 00:00:00+09:00,5495.584561263272,5495.584561263272,5207.426569286921,5330.9228515625,324496,0.0,0.0
2022-08-18 00:00:00+09:00,5289.75732421875,5392.670890837792,5269.174610894942,5289.75732421875,100782,0.0,0.0
2022-08-19 00:00:00+09:00,5248.591682680192,5454.41880749118,5083.9299828314015,5104.5126953125,230456,0.0,0.0
2022-08-22 00:00:00+09:00,5022.181833526234,5166.260820553626,4939.8509837962965,5001.59912109375,227724,0.0,0.0
2022-08-23 00:00:00+09:00,4939.85107421875,5104.512776692708,4898.68564860026,4939.85107421875,170212,0.0,0.0
2022-08-24 00:00:00+09:00,4919.26835106383,5042.764627659575,4775.189361702128,4836.9375,197826,0.0,0.0
2022-08-25 00:00:00+09:00,4836.937409729517,5001.5991087841385,4816.354697347689,4898.685546875,154378,0.0,0.0
2022-08-26 00:00:00+09:00,4981.01607539736,5022.1814975080815,4692.858120622306,4775.18896484375,287056,0.0,0.0
2022-08-29 00:00:00+09:00,4589.944720376131,4651.692855627828,4528.196585124434,4548.779296875,309204,0.0,0.0
2022-08-30 00:00:00+09:00,4631.110248651205,4672.27567308366,4507.613975353839,4589.94482421875,170672,0.0,0.0
2022-08-31 00:00:00+09:00,4548.779021267362,4631.10986328125,4548.779021267362,4631.10986328125,93948,0.0,0.0
2022-09-01 00:00:00+09:00,4589.944796709947,4610.527508802817,4384.11767578125,4384.11767578125,181132,0.0,0.0
2022-09-02 00:00:00+09:00,4445.866103468899,4507.6142437948565,4281.204395933014,4301.787109375,210156,0.0,0.0
2022-09-05 00:00:00+09:00,4260.621491350446,4384.117766462054,4240.038778831845,4322.36962890625,115728,0.0,0.0
2022-09-06 00:00:00+09:00,4301.7871162200645,4425.283397068487,4198.873548846378,4404.70068359375,145268,0.0,0.0
2022-09-07 00:00:00+09:00,4404.700373722957,4445.865797776442,4219.4559654822715,4281.2041015625,79054,0.0,0.0
2022-09-08 00:00:00+09:00,4281.203890931372,4342.952023973652,4157.707624846814,4198.873046875,109260,0.0,0.0
2022-09-13 00:00:00+09:00,4198.873639292062,4342.95263671875,4198.873639292062,4342.95263671875,113014,0.0,0.0
2022-09-14 00:00:00+09:00,4198.873253455529,4301.786813589243,4157.707829402043,4281.2041015625,76066,0.0,0.0
2022-09-15 00:00:00+09:00,4322.3693129595595,4404.700157015932,4157.707624846814,4198.873046875,113330,0.0,0.0
2022-09-16 00:00:00+09:00,4198.873696259229,4219.456410456578,4034.2119826804355,4042.445068359375,200892,0.0,0.0
2022-09-19 00:00:00+09:00,3993.0460907140546,4198.873208792099,3972.46337890625,3972.46337890625,213300,0.0,0.0
2022-09-20 00:00:00+09:00,3976.5799551764835,4071.2604302997333,3976.5799551764835,4005.395751953125,101204,0.0,0.0
2022-09-21 00:00:00+09:00,3972.4634815705126,4157.707892628205,3968.346939102564,4013.62890625,165638,0.0,0.0
2022-09-22 00:00:00+09:00,3960.1138846718068,4005.3958521680543,3704.8882496929587,3770.7529296875,278430,0.0,0.0
2022-09-23 00:00:00+09:00,3746.05370364972,3824.268011747901,3581.3920023903916,3585.508544921875,277678,0.0,0.0
2022-09-26 00:00:00+09:00,3499.0610219106425,3601.9745813786026,3285.0008182172855,3338.515869140625,298632,0.0,0.0
2022-09-27 00:00:00+09:00,3293.2338690846823,3404.3805121662904,3210.903022357565,3305.58349609375,278598,0.0,0.0
2022-09-28 00:00:00+09:00,3260.301550356218,3363.21510939524,3124.4556524247087,3177.970703125,209412,0.0,0.0
2022-09-29 00:00:00+09:00,3198.5535058206738,3272.65127043428,3087.406858900264,3116.22265625,150654,0.0,0.0
2022-09-30 00:00:00+09:00,3075.057182498095,3112.106064214939,2984.4932494124746,3038.00830078125,148896,0.0,0.0
2022-10-04 00:00:00+09:00,3103.873040630994,3610.2077674182788,3091.5234131483776,3219.13623046875,638760,0.0,0.0
2022-10-05 00:00:00+09:00,3285.0010186124277,3396.147669618111,3149.155111827703,3202.670166015625,183432,0.0,0.0
2022-10-06 00:00:00+09:00,3194.436819477201,3354.9819689096894,3194.436819477201,3272.651123046875,110560,0.0,0.0
2022-10-07 00:00:00+09:00,3264.418375651042,3330.2830591446314,3194.4371494391025,3210.9033203125,94968,0.0,0.0
2022-10-11 00:00:00+09:00,3140.921789787483,3140.921789787483,2955.677385409453,2972.1435546875,141102,0.0,0.0
2022-10-12 00:00:00+09:00,2959.794246190031,2996.843131051937,2885.6964764662193,2922.745361328125,87740,0.0,0.0
2022-10-13 00:00:00+09:00,2889.8128571012126,2918.628654821595,2716.918070778918,2758.08349609375,182892,0.0,0.0
2022-10-14 00:00:00+09:00,2828.0648534215957,3441.4297197386522,2828.0648534215957,2992.7265625,2045970,0.0,0.0
2022-10-17 00:00:00+09:00,2943.3278924065667,3083.2903376398863,2889.8128398173567,3046.241455078125,215504,0.0,0.0
2022-10-18 00:00:00+09:00,3128.5724168346774,3260.301781754032,3103.8731609122983,3190.320556640625,245962,0.0,0.0
2022-10-19 00:00:00+09:00,3190.320277804657,3231.485700744072,3132.688685689476,3157.387939453125,106088,0.0,0.0
2022-10-20 00:00:00+09:00,3375.5649582435344,3453.7792682516165,2984.493408203125,2984.493408203125,693006,0.0,0.0
2022-10-21 00:00:00+09:00,3009.1924896454243,3046.241371186886,2926.8616417755084,2935.0947265625,91558,0.0,0.0
2022-10-24 00:00:00+09:00,3013.3089253880034,3149.1548195653313,2980.3765874056207,3066.823974609375,233334,0.0,0.0
2022-10-25 00:00:00+09:00,3066.824214568408,3173.8543213855605,3066.824214568408,3124.455810546875,173446,0.0,0.0
2022-10-26 00:00:00+09:00,3124.4556198120117,3194.436839228091,3025.658604165782,3029.775146484375,177274,0.0,0.0
2022-10-27 00:00:00+09:00,3029.775285050676,3107.98959268106,3017.4256575300888,3046.241455078125,83262,0.0,0.0
2022-10-28 00:00:00+09:00,2992.726420388293,3054.474558360541,2943.327910010494,3033.891845703125,95372,0.0,0.0
2022-10-31 00:00:00+09:00,3091.523318839473,3091.523318839473,2935.0947088316166,2947.4443359375,219758,0.0,0.0
2022-11-01 00:00:00+09:00,2947.4441282156426,3005.075717314831,2902.162165351994,2980.37646484375,65298,0.0,0.0
2022-11-02 00:00:00+09:00,3009.192369607779,3696.654921898475,3009.192369607779,3424.963134765625,9284356,0.0,0.0
2022-11-03 00:00:00+09:00,3396.1476584668762,3548.459735270845,3326.166433989377,3536.110107421875,1069144,0.0,0.0
2022-11-04 00:00:00+09:00,3457.895561601132,3466.128646271611,3301.4669528620334,3363.215087890625,686360,0.0,0.0
2022-11-07 00:00:00+09:00,3379.681309164005,3437.3129027429286,3359.0985971715327,3383.7978515625,363412,0.0,0.0
2022-11-08 00:00:00+09:00,3367.3319559487954,3466.128981551205,3334.3996140813256,3416.73046875,525026,0.0,0.0
2022-11-09 00:00:00+09:00,3449.662513366022,3478.4783100170507,3330.282784383188,3338.515869140625,436034,0.0,0.0
2022-11-10 00:00:00+09:00,3334.399258092609,3338.515800386551,3128.5721433955346,3157.387939453125,887808,0.0,0.0
2022-11-11 00:00:00+09:00,3231.485913117521,3235.6024556820016,3153.2716043923833,3182.08740234375,432360,0.0,0.0
2022-11-14 00:00:00+09:00,3182.0873077990964,3359.0986328125,3182.0873077990964,3359.0986328125,634620,0.0,0.0
2022-11-15 00:00:00+09:00,3392.0307065217394,4281.203804347826,3379.6810801630436,4260.62109375,14241228,0.0,0.0
2022-11-16 00:00:00+09:00,4219.455672554348,4342.951936141304,4178.290251358696,4260.62109375,3117658,0.0,0.0
2022-11-17 00:00:00+09:00,4569.362384120813,4589.945097562799,4050.678005382775,4301.787109375,3215428,0.0,0.0
2022-11-18 00:00:00+09:00,4260.6214672851565,4404.700454101562,4116.54248046875,4116.54248046875,1188578,0.0,0.0
2022-11-21 00:00:00+09:00,4116.542308073467,4116.542308073467,3853.083600356765,3894.2490234375,870104,0.0,0.0
2022-11-22 00:00:00+09:00,3886.0161783854164,4001.279370117187,3861.3169230143226,3951.880859375,623350,0.0,0.0
2022-11-23 00:00:00+09:00,3914.8318989257814,4116.54248046875,3910.7153564453124,4116.54248046875,617214,0.0,0.0
2022-11-24 00:00:00+09:00,4075.3766775603344,4219.455651009437,4071.2601354617886,4157.70751953125,517086,0.0,0.0
2022-11-25 00:00:00+09:00,4157.707855504587,4178.290567660551,4038.328125,4038.328125,331956,0.0,0.0
2022-11-28 00:00:00+09:00,4038.3281887915828,4157.7079211819555,3704.8882465977827,3828.384521484375,489188,0.0,0.0
2022-11-29 00:00:00+09:00,3832.5010376602563,4013.62890625,3832.5010376602563,4013.62890625,299488,0.0,0.0
2022-11-30 00:00:00+09:00,3984.8130253659015,3984.8130253659015,3836.6174996291534,3902.482177734375,258938,0.0,0.0
2022-12-01 00:00:00+09:00,3939.531156652114,4058.910888671875,3914.8319017514737,4058.910888671875,384698,0.0,0.0
2022-12-02 00:00:00+09:00,4042.444866346966,4054.79449424823,3960.114013671875,3960.114013671875,214404,0.0,0.0
2022-12-05 00:00:00+09:00,3960.114069775544,4013.629124772511,3873.6666732419826,3923.065185546875,220106,0.0,0.0
2022-12-06 00:00:00+09:00,3869.5499182920857,3894.249173089695,3680.18896484375,3680.18896484375,312916,0.0,0.0
2022-12-07 00:00:00+09:00,3659.6064322434686,3663.722974911909,3560.8094082009,3614.324462890625,175468,0.0,0.0
2022-12-08 00:00:00+09:00,3564.9256762975933,3614.3241845141883,3523.7602527837644,3581.391845703125,211468,0.0,0.0
2022-12-09 00:00:00+09:00,3630.7906591796877,3824.268165961372,3630.7906591796877,3704.888427734375,502810,0.0,0.0
2022-12-12 00:00:00+09:00,3746.053880149349,3746.053880149349,3622.5575983861836,3634.9072265625,145806,0.0,0.0
2022-12-13 00:00:00+09:00,3663.72263931539,3663.72263931539,3540.2263705744217,3560.80908203125,124590,0.0,0.0
2022-12-14 00:00:00+09:00,3597.8581331983023,3680.188982928241,3540.2265383873455,3667.83935546875,111782,0.0,0.0
2022-12-15 00:00:00+09:00,3663.722845805235,3737.820611226015,3618.4408780480917,3700.771728515625,165198,0.0,0.0
2022-12-16 00:00:00+09:00,3643.140318489733,3643.140318489733,3564.9260065673548,3577.275634765625,181826,0.0,0.0
2022-12-19 00:00:00+09:00,3548.4598356363276,3630.790690291463,3540.226750170814,3577.275634765625,80540,0.0,0.0
2022-12-20 00:00:00+09:00,3560.809464420181,3569.042549887048,3404.380840549699,3416.73046875,192144,0.0,0.0
2022-12-21 00:00:00+09:00,3424.9632590937113,3466.128682880895,3317.933157247033,3338.515869140625,123584,0.0,0.0
2022-12-22 00:00:00+09:00,3363.2153452997622,3429.0800277046537,3359.0988026494565,3408.497314453125,75702,0.0,0.0
2022-12-23 00:00:00+09:00,3342.6326872996797,3383.7981144831733,3173.854435847356,3210.9033203125,232620,0.0,0.0
2022-12-26 00:00:00+09:00,3169.7376559643035,3210.903080067736,3079.173722936752,3095.639892578125,181266,0.0,0.0
2022-12-27 00:00:00+09:00,3029.77532361817,3408.4972390704415,3029.77532361817,3239.718994140625,1893510,0.0,0.0
2022-12-28 00:00:00+09:00,3654.153410405396,4104.238159735816,3520.4648710003203,3912.617919921875,7736524,300.0,0.0
2022-12-29 00:00:00+09:00,3712.085171340099,3720.9977407790907,3475.902081206815,3547.20263671875,821386,0.0,0.0
2023-01-02 00:00:00+09:00,3507.095799401182,3573.940064955207,3297.65043399857,3311.019287109375,416452,0.0,0.0
2023-01-03 00:00:00+09:00,3284.2818127020473,3333.300944234914,3132.7681334186423,3230.806396484375,307008,0.0,0.0
2023-01-04 00:00:00+09:00,3181.7871731430737,3876.967563913829,3181.7871731430737,3582.852783203125,5846186,0.0,0.0
2023-01-05 00:00:00+09:00,3587.3091129351264,3698.7162282436707,3520.46484375,3520.46484375,973128,0.0,0.0
2023-01-06 00:00:00+09:00,3493.7269225457703,3542.7460502855706,3409.057520086115,3529.377197265625,250170,0.0,0.0
2023-01-09 00:00:00+09:00,3565.0275169334973,3698.7160488185036,3565.0275169334973,3618.5029296875,532566,0.0,0.0
2023-01-10 00:00:00+09:00,3605.134431271437,3689.803843130717,3547.202728420351,3654.153564453125,464712,0.0,0.0
2023-01-11 00:00:00+09:00,3671.978515625,3752.1916385391382,3654.153377199636,3671.978515625,460730,0.0,0.0
2023-01-12 00:00:00+09:00,3698.7162110586614,3738.822772383394,3582.852811676101,3591.765380859375,226968,0.0,0.0
2023-01-13 00:00:00+09:00,3640.7844381542254,3649.6970071582746,3582.8527396279032,3645.24072265625,154706,0.0,0.0
2023-01-16 00:00:00+09:00,3640.784579512002,3707.6288496376815,3640.784579512002,3689.8037109375,219728,0.0,0.0
2023-01-17 00:00:00+09:00,3712.0851088100662,3801.2108016986635,3565.027715543881,3605.13427734375,452828,0.0,0.0
2023-01-18 00:00:00+09:00,3591.7653092326,3676.4347147852295,3547.2024642049,3569.48388671875,161126,0.0,0.0
2023-01-19 00:00:00+09:00,3524.9211599042337,3565.0277217741937,3440.2517515120967,3453.62060546875,182138,0.0,0.0
2023-01-20 00:00:00+09:00,3422.4265267175574,3560.5713474574586,3422.4265267175574,3502.6396484375,143212,0.0,0.0
2023-01-25 00:00:00+09:00,3520.4646589135714,3627.41548399449,3511.5520901568284,3614.046630859375,493488,0.0,0.0
2023-01-26 00:00:00+09:00,3622.9591996161184,3654.15319026472,3596.2214933458886,3614.046630859375,161698,0.0,0.0
2023-01-27 00:00:00+09:00,3631.8721402796305,3698.7164128001145,3591.76557676734,3654.153564453125,211512,0.0,0.0
2023-01-30 00:00:00+09:00,3667.522072654808,3676.434641482645,3605.1340908599514,3622.959228515625,121414,0.0,0.0
2023-01-31 00:00:00+09:00,3600.67787823814,3614.0467317464495,3542.74617970213,3569.48388671875,114418,0.0,0.0
2023-02-01 00:00:00+09:00,3551.658817481299,3667.522216796875,3551.658817481299,3667.522216796875,180514,0.0,0.0
2023-02-02 00:00:00+09:00,3680.8910122374027,3761.1041335694526,3663.065874163614,3725.453857421875,237382,0.0,0.0
2023-02-03 00:00:00+09:00,3747.7353087359224,3765.560446946319,3685.347324999534,3734.366455078125,139406,0.0,0.0
2023-02-06 00:00:00+09:00,3743.2791270380435,3827.948535863904,3689.8037109375,3689.8037109375,192840,0.0,0.0
2023-02-07 00:00:00+09:00,3658.6096455891925,3743.279052734375,3658.6096455891925,3743.279052734375,161588,0.0,0.0
2023-02-08 00:00:00+09:00,3765.5602947034336,4077.50020077354,3747.735157213713,4064.13134765625,2899658,0.0,0.0
2023-02-09 00:00:00+09:00,4064.131740359043,4367.159106964761,4019.56889232879,4188.90771484375,2781906,0.0,0.0
2023-02-10 00:00:00+09:00,4148.8010177612305,4166.626156398228,3983.9184853690012,3992.8310546875,610976,0.0,0.0
2023-02-13 00:00:00+09:00,4041.850174680115,4064.1315979142937,3881.4239273940243,3912.617919921875,313972,0.0,0.0
2023-02-14 00:00:00+09:00,3930.443055494937,4099.781871944832,3930.443055494937,3988.374755859375,442714,0.0,0.0
2023-02-15 00:00:00+09:00,4006.1999939682905,4064.1316957720587,3787.842041015625,3787.842041015625,338142,0.0,0.0
2023-02-16 00:00:00+09:00,3872.5111450195313,3970.549401855469,3823.4920166015627,3921.5302734375,208732,0.0,0.0
2023-02-17 00:00:00+09:00,3876.9675447343384,3881.423829268516,3796.754423119145,3805.6669921875,152708,0.0,0.0
2023-02-20 00:00:00+09:00,3801.210734468965,3890.33642578125,3720.9976122879084,3890.33642578125,190136,0.0,0.0
2023-02-21 00:00:00+09:00,3899.2491593117725,4064.1316951912418,3881.4240202977758,4019.56884765625,378980,0.0,0.0
2023-02-22 00:00:00+09:00,3921.5304722455257,4032.937587934319,3917.074187617974,3983.91845703125,252092,0.0,0.0
2023-02-23 00:00:00+09:00,4064.1312270997746,4108.694069502184,3952.72412109375,3952.72412109375,481058,0.0,0.0
2023-02-24 00:00:00+09:00,4010.6558310019004,4055.218673568588,3868.0547347884994,3957.180419921875,390824,0.0,0.0
2023-02-27 00:00:00+09:00,3934.8991991843236,3934.8991991843236,3792.298095703125,3792.298095703125,199548,0.0,0.0
2023-02-28 00:00:00+09:00,3792.2978603901834,4032.93720758298,3783.3852919756355,3943.8115234375,469456,0.0,0.0
2023-03-02 00:00:00+09:00,4001.7434512867644,4001.7434512867644,3850.2297794117644,3863.5986328125,158700,0.0,0.0
2023-03-03 00:00:00+09:00,3863.5988027943686,3961.6370653796926,3863.5988027943686,3917.07421875,130598,0.0,0.0
2023-03-06 00:00:00+09:00,3934.8994140624995,3957.1808376981876,3868.055143155436,3934.8994140625,137114,0.0,0.0
2023-03-07 00:00:00+09:00,3948.2681251342356,3966.0932633966927,3881.4238566500217,3890.33642578125,121766,0.0,0.0
2023-03-08 00:00:00+09:00,3854.6861075684164,3881.4238146729376,3747.7352791503336,3801.210693359375,166812,0.0,0.0
2023-03-09 00:00:00+09:00,3810.123264186985,3841.317255823604,3649.697021484375,3649.697021484375,220372,0.0,0.0
2023-03-10 00:00:00+09:00,3569.483873013728,3609.590433384669,3346.6696487307236,3413.513916015625,362036,0.0,0.0
2023-03-13 00:00:00+09:00,3324.3883675837865,3386.7763530344205,3275.369236158288,3382.320068359375,230282,0.0,0.0
2023-03-14 00:00:00+09:00,3391.232358391684,3409.0574956237033,3195.1558488394708,3221.8935546875,185262,0.0,0.0
2023-03-15 00:00:00+09:00,3221.893669577206,3333.30078125,3221.893669577206,3257.5439453125,124878,0.0,0.0
2023-03-16 00:00:00+09:00,3235.2623783698855,3244.1749469053398,3128.311555944435,3212.98095703125,146652,0.0,0.0
2023-03-17 00:00:00+09:00,3266.4564589150787,3426.882697006406,3266.4564589150787,3391.232421875,141958,0.0,0.0
2023-03-20 00:00:00+09:00,3386.776329766687,4099.781872875464,3386.776329766687,3605.13427734375,8903296,0.0,0.0
2023-03-21 00:00:00+09:00,3622.9593162196456,3649.697023350418,3498.183349609375,3498.183349609375,624836,0.0,0.0
2023-03-22 00:00:00+09:00,3542.7463130361025,3622.9594371048443,3444.708050285418,3458.076904296875,374834,0.0,0.0
2023-03-23 00:00:00+09:00,3458.0768186891232,3533.833656211952,3431.339111328125,3431.339111328125,249440,0.0,0.0
2023-03-24 00:00:00+09:00,3435.795254262929,3556.1149324277785,3435.795254262929,3538.289794921875,210604,0.0,0.0
2023-03-27 00:00:00+09:00,3520.4649470402646,3551.658940241887,3409.057828463041,3475.902099609375,141258,0.0,0.0
2023-03-28 00:00:00+09:00,3502.6397653233594,3516.008619389479,3458.0769184362935,3462.533203125,104408,0.0,0.0
2023-03-29 00:00:00+09:00,3462.5330592564173,3511.55218879544,3431.339067731585,3493.72705078125,142684,0.0,0.0
2023-03-30 00:00:00+09:00,3547.20263671875,3578.3966297552215,3458.0769423288316,3547.20263671875,241374,0.0,0.0
2023-03-31 00:00:00+09:00,3565.027750965251,3569.4840356539576,3435.7954949927607,3462.533203125,203240,0.0,0.0
2023-04-03 00:00:00+09:00,3466.989501953125,3489.270925487528,3431.33922429808,3466.989501953125,125544,0.0,0.0
2023-04-04 00:00:00+09:00,3440.251678893345,3529.3773700563847,3431.339109777041,3507.095947265625,188856,0.0,0.0
2023-04-05 00:00:00+09:00,3489.270849064824,3645.2408103895605,3489.270849064824,3596.2216796875,444314,0.0,0.0
2023-04-06 00:00:00+09:00,3729.9103398143798,3729.9103398143798,3542.7463801104323,3556.115234375,589566,0.0,0.0
2023-04-07 00:00:00+09:00,3556.11503321044,3591.7653092326,3520.46475718828,3569.48388671875,111936,0.0,0.0
2023-04-10 00:00:00+09:00,3591.7654590974903,3596.221743786197,3458.0769184362935,3462.533203125,158336,0.0,0.0
2023-04-11 00:00:00+09:00,3462.5330875775285,3529.377355677481,3386.7762503975828,3502.6396484375,85582,0.0,0.0
2023-04-12 00:00:00+09:00,3516.008458864643,3516.008458864643,3440.2516226153416,3489.270751953125,93368,0.0,0.0
2023-04-13 00:00:00+09:00,3489.2706238641754,3542.7460357241625,3435.7952120041878,3524.9208984375,96502,0.0,0.0
2023-04-14 00:00:00+09:00,3529.377354452055,3587.309053451899,3507.095931759807,3578.396484375,143772,0.0,0.0
2023-04-17 00:00:00+09:00,3654.1533215286427,3654.1533215286427,3511.5522162982566,3578.396484375,124712,0.0,0.0
2023-04-18 00:00:00+09:00,3569.4838432673455,3582.852696612916,3480.358154296875,3480.358154296875,90592,0.0,0.0
2023-04-19 00:00:00+09:00,3475.901997626582,3556.1151206487343,3440.251720727848,3520.46484375,115640,0.0,0.0
2023-04-20 00:00:00+09:00,3533.8336119570977,3533.8336119570977,3404.601361330672,3417.97021484375,183652,0.0,0.0
2023-04-21 00:00:00+09:00,3386.7763530344205,3431.3391997848735,3342.2135062839675,3382.320068359375,112494,0.0,0.0
2023-04-24 00:00:00+09:00,3333.3006797718454,3395.6886604092865,3297.6504051218794,3302.106689453125,93824,0.0,0.0
2023-04-25 00:00:00+09:00,3302.106847895408,3333.3008397108842,3204.0685879039115,3275.369140625,98458,0.0,0.0
2023-04-26 00:00:00+09:00,3253.087890625,3297.6507384417805,3221.8938971532534,3253.087890625,50474,0.0,0.0
2023-04-27 00:00:00+09:00,3212.9811869303385,3284.281740315755,3186.243479410807,3208.52490234375,57916,0.0,0.0
2023-04-28 00:00:00+09:00,3226.3500263495307,3253.0877337502175,3119.3991967467837,3204.068603515625,102286,0.0,0.0
2023-05-02 00:00:00+09:00,3168.4182838346264,3302.106819017522,3168.4182838346264,3266.45654296875,69836,0.0,0.0
2023-05-03 00:00:00+09:00,3217.437598460005,3311.0195784706148,3195.156174647955,3248.631591796875,38070,0.0,0.0
2023-05-04 00:00:00+09:00,3235.262787109375,3342.213623046875,3212.9813629557293,3342.213623046875,69128,0.0,0.0
2023-05-08 00:00:00+09:00,3342.2134217038097,3373.4074136397116,3328.8445680169943,3355.582275390625,57638,0.0,0.0
2023-05-09 00:00:00+09:00,3342.213609030791,3355.5824634669143,3253.08791278997,3337.75732421875,39402,0.0,0.0
2023-05-10 00:00:00+09:00,3297.650620559878,3337.757182161282,3253.087774336096,3293.1943359375,31104,0.0,0.0
2023-05-11 00:00:00+09:00,3262.0002584626536,3391.2325091394528,3235.2625514260744,3266.45654296875,59272,0.0,0.0
2023-05-12 00:00:00+09:00,3253.087675508086,3284.2816669170675,3186.243408203125,3186.243408203125,49314,0.0,0.0
2023-05-15 00:00:00+09:00,3146.1369181315104,3253.0877482096353,3146.1369181315104,3208.52490234375,60666,0.0,0.0
2023-05-16 00:00:00+09:00,3137.2243210306406,3230.8062965159297,3137.2243210306406,3199.6123046875,78000,0.0,0.0
2023-05-17 00:00:00+09:00,3199.6121918052754,3324.3881547169017,3163.961916687668,3315.4755859375,111748,0.0,0.0
2023-05-18 00:00:00+09:00,3315.475900158545,3364.4950330909965,3311.0196153465035,3337.75732421875,47946,0.0,0.0
2023-05-19 00:00:00+09:00,3337.7571654465023,3462.533134248241,3337.7571654465023,3364.494873046875,126432,0.0,0.0
2023-05-22 00:00:00+09:00,3360.0386026372357,3382.320025731647,3324.3883256861773,3368.951171875,48114,0.0,0.0
2023-05-23 00:00:00+09:00,3360.038545649102,3426.88281379862,3333.300838389295,3351.1259765625,26358,0.0,0.0
2023-05-24 00:00:00+09:00,3297.6505479672933,3351.125962258655,3288.7379789187335,3346.669677734375,37654,0.0,0.0
2023-05-25 00:00:00+09:00,3346.6695766654066,3400.144989341818,3284.2815952095934,3315.4755859375,63162,0.0,0.0
2023-05-26 00:00:00+09:00,3288.738126101487,3315.475834443776,3221.893855245766,3239.718994140625,64856,0.0,0.0
2023-05-30 00:00:00+09:00,3253.0876482450044,4122.063115926889,3253.0876482450044,3707.628662109375,11708176,0.0,0.0
2023-05-31 00:00:00+09:00,3694.259748098532,3698.716032475008,3538.289794921875,3538.289794921875,1070972,0.0,0.0
2023-06-01 00:00:00+09:00,3489.2707375919117,3591.7652803308824,3484.814453125,3484.814453125,527626,0.0,0.0
2023-06-02 00:00:00+09:00,3507.095918652966,3587.309040045283,3431.3390817824443,3498.183349609375,541000,0.0,0.0
2023-06-05 00:00:00+09:00,3520.4649702508996,3578.396672293003,3489.270976843613,3560.571533203125,261436,0.0,0.0
2023-06-07 00:00:00+09:00,3582.8528283227847,3587.3091129351264,3498.183420688291,3520.46484375,216854,0.0,0.0
2023-06-08 00:00:00+09:00,3480.3580086358015,3547.2022725660668,3431.3388817536074,3435.795166015625,240898,0.0,0.0
2023-06-09 00:00:00+09:00,3449.164289952532,3542.7462668117087,3449.164289952532,3520.46484375,202850,0.0,0.0
2023-06-12 00:00:00+09:00,3516.0083442456794,3551.658618965534,3489.270638205788,3529.377197265625,135310,0.0,0.0
2023-06-13 00:00:00+09:00,3529.37732680963,3605.134163369938,3493.72705078125,3493.72705078125,236034,0.0,0.0
2023-06-14 00:00:00+09:00,3511.5522625384556,3520.4648317327155,3422.426570595855,3440.251708984375,152456,0.0,0.0
2023-06-15 00:00:00+09:00,3422.426640926641,3520.4649040781856,3417.9703562379345,3462.533203125,101858,0.0,0.0
2023-06-16 00:00:00+09:00,3466.989501953125,3516.0086337288117,3431.33922429808,3466.989501953125,141820,0.0,0.0
2023-06-19 00:00:00+09:00,3480.358293589979,3618.5031170231277,3462.533155082476,3600.677978515625,434354,0.0,0.0
2023-06-20 00:00:00+09:00,3582.8526240345204,3605.13404582578,3511.5520743024904,3533.83349609375,222774,0.0,0.0
2023-06-21 00:00:00+09:00,3654.1532922713795,3823.4921033766386,3565.02760221598,3569.48388671875,2090480,0.0,0.0
2023-06-22 00:00:00+09:00,3511.5520454725033,3560.571173010825,3484.8143395425095,3524.9208984375,243070,0.0,0.0
2023-06-23 00:00:00+09:00,3524.92105409175,3756.6478490510053,3520.464769573303,3725.453857421875,1378646,0.0,0.0
2023-06-26 00:00:00+09:00,3729.910273012908,3738.8228423629985,3596.221732761549,3689.8037109375,450314,0.0,0.0
2023-06-27 00:00:00+09:00,3694.2599782356156,3805.667094587715,3649.6971316947756,3761.104248046875,616756,0.0,0.0
2023-06-28 00:00:00+09:00,3796.754320658441,3796.754320658441,3622.959228515625,3622.959228515625,449106,0.0,0.0
2023-06-29 00:00:00+09:00,3640.7843277030706,3948.2679490145906,3640.7843277030706,3836.86083984375,2637426,0.0,0.0
2023-06-30 00:00:00+09:00,3899.249159869026,4037.393987247243,3752.191762982537,3787.842041015625,1773638,0.0,0.0
2023-07-03 00:00:00+09:00,3827.9485895630887,3908.1617148391488,3770.016887974823,3783.3857421875,340012,0.0,0.0
2023-07-04 00:00:00+09:00,3854.6863123276657,3939.3557226562502,3743.279193474265,3787.842041015625,451654,0.0,0.0
2023-07-05 00:00:00+09:00,3805.6671416133286,3823.4922804499247,3645.2408920839607,3698.71630859375,410532,0.0,0.0
2023-07-06 00:00:00+09:00,3734.3664877917568,3761.104195341579,3578.396527084464,3591.765380859375,277802,0.0,0.0
2023-07-07 00:00:00+09:00,3547.2025191035586,3694.2599099709173,3520.4648116731296,3663.06591796875,189828,0.0,0.0
2023-07-10 00:00:00+09:00,3663.065719640736,3756.647690580463,3591.765170353325,3752.19140625,214896,0.0,0.0
2023-07-11 00:00:00+09:00,3761.1041046069395,3805.666949448254,3694.2598373449678,3716.541259765625,153092,0.0,0.0
2023-07-12 00:00:00+09:00,3743.2790693264565,3756.6479231454796,3663.0659464123178,3671.978515625,127218,0.0,0.0
2023-07-13 00:00:00+09:00,3658.6097074532217,3712.0851233965086,3609.590576171875,3609.590576171875,132408,0.0,0.0
2023-07-14 00:00:00+09:00,3609.5903596698113,3631.8717816430817,3538.289809355346,3542.74609375,164942,0.0,0.0
2023-07-17 00:00:00+09:00,3538.289794921875,3582.8526386866342,3493.7269511571158,3538.289794921875,108960,0.0,0.0
2023-07-18 00:00:00+09:00,3538.289704042031,3556.114841090102,3431.3388817536074,3435.795166015625,147124,0.0,0.0
2023-07-19 00:00:00+09:00,3471.4455092602343,3471.4455092602343,3297.6504195796833,3306.56298828125,187266,0.0,0.0
2023-07-20 00:00:00+09:00,3306.563060500859,3605.1341185245215,3306.563060500859,3404.601318359375,112666,0.0,0.0
2023-07-21 00:00:00+09:00,3377.8636259191176,3386.776194852941,3208.5248161764707,3333.30078125,75406,0.0,0.0
2023-07-24 00:00:00+09:00,3328.844556548137,3328.844556548137,3186.243451046744,3199.6123046875,173790,0.0,0.0
2023-07-25 00:00:00+09:00,3199.6123046875,3253.0877192505222,3177.3308819529075,3199.6123046875,113704,0.0,0.0
2023-07-26 00:00:00+09:00,3199.6121862287355,3319.931864540958,2883.215995111409,3012.4482421875,283668,0.0,0.0
2023-07-27 00:00:00+09:00,2945.604086795649,3123.85546875,2945.604086795649,3123.85546875,84960,0.0,0.0
2023-07-28 00:00:00+09:00,3114.9430122752115,3275.36926183445,3070.380165175423,3159.505859375,75080,0.0,0.0
2023-07-31 00:00:00+09:00,3159.5055885947213,3230.806137843685,3119.399029642179,3226.349853515625,55362,0.0,0.0
2023-08-01 00:00:00+09:00,3217.437255859375,3302.1066573293588,3181.786981556224,3217.437255859375,103302,0.0,0.0
2023-08-02 00:00:00+09:00,3217.437385110294,3253.0876608455883,3132.7679802389707,3181.787109375,52812,0.0,0.0
2023-08-03 00:00:00+09:00,3123.8554544503345,3163.962015206473,3057.0111865234376,3119.399169921875,93822,0.0,0.0
2023-08-04 00:00:00+09:00,3065.9237975640112,3168.418343122111,3065.9237975640112,3132.76806640625,60608,0.0,0.0
2023-08-07 00:00:00+09:00,3181.7871806817193,3212.981172649187,3097.117773912878,3204.068603515625,60618,0.0,0.0
2023-08-08 00:00:00+09:00,3155.0494605920117,3204.068590629458,3097.1177614568473,3123.85546875,127112,0.0,0.0
2023-08-09 00:00:00+09:00,3123.8556319563354,3275.3693145333905,3061.4676450128422,3253.087890625,110066,0.0,0.0
2023-08-10 00:00:00+09:00,3253.087819908405,3262.0003892780173,3195.1561190059265,3230.806396484375,38226,0.0,0.0
2023-08-11 00:00:00+09:00,3248.6313763786766,3279.8253676470586,3208.5248161764707,3257.5439453125,34670,0.0,0.0
2023-08-14 00:00:00+09:00,3257.5439599950832,3270.912813456075,3132.7679943591565,3186.243408203125,50516,0.0,0.0
2023-08-16 00:00:00+09:00,3146.136863372892,3155.0494323909456,3039.18603515625,3039.18603515625,102482,0.0,0.0
2023-08-17 00:00:00+09:00,2985.7105372925685,3092.6613625090185,2963.429115372475,3088.205078125,59296,0.0,0.0
2023-08-18 00:00:00+09:00,2990.1671182071464,3101.5742388556987,2976.79826372932,3030.273681640625,53954,0.0,0.0
2023-08-21 00:00:00+09:00,2981.2542249400776,3083.7487648109623,2981.2542249400776,3079.29248046875,35886,0.0,0.0
2023-08-22 00:00:00+09:00,3079.2925666360293,3119.399126838235,3030.2734375,3106.0302734375,24644,0.0,0.0
2023-08-23 00:00:00+09:00,3083.7487550176966,3248.6312751559262,3039.185911737094,3226.349853515625,108482,0.0,0.0
2023-08-24 00:00:00+09:00,3226.350011969011,3248.6314347036036,3172.874597405989,3199.6123046875,43088,0.0,0.0
2023-08-25 00:00:00+09:00,3181.7869671571602,3230.8060941021586,3132.767840212162,3212.98095703125,31190,0.0,0.0
2023-08-28 00:00:00+09:00,3212.9811006433824,3288.7379365808824,3181.787109375,3257.5439453125,53378,0.0,0.0
2023-08-29 00:00:00+09:00,3230.8064387394834,3279.8255709134614,3204.0687302809497,3244.17529296875,62872,0.0,0.0
2023-08-30 00:00:00+09:00,3244.174990827866,3270.9126967962275,3221.8935691875645,3226.349853515625,52742,0.0,0.0
2023-08-31 00:00:00+09:00,3244.1751211155724,3257.5439746366533,3190.69970703125,3190.69970703125,32576,0.0,0.0
2023-09-01 00:00:00+09:00,3159.5057578478136,3235.262595483093,3159.5057578478136,3204.068603515625,35210,0.0,0.0
2023-09-04 00:00:00+09:00,3177.3309941567663,3302.106965876808,3177.3309941567663,3235.2626953125,47214,0.0,0.0
2023-09-05 00:00:00+09:00,3204.068462222935,3319.9318558499117,3204.068462222935,3311.019287109375,58838,0.0,0.0
2023-09-06 00:00:00+09:00,3284.2816953737015,3319.931971578572,3270.912841796875,3270.912841796875,54320,0.0,0.0
2023-09-07 00:00:00+09:00,3253.0876608455883,3297.650505514706,3137.2242647058824,3181.787109375,58122,0.0,0.0
2023-09-08 00:00:00+09:00,3150.5932333222518,3204.0686488807623,3137.224379432624,3141.6806640625,36834,0.0,0.0
2023-09-11 00:00:00+09:00,3155.0494873046873,3226.350040690104,3141.680633544922,3208.52490234375,39856,0.0,0.0
2023-09-12 00:00:00+09:00,3221.893816439401,3257.544093799726,3146.1369770487095,3150.59326171875,57434,0.0,0.0
2023-09-13 00:00:00+09:00,3128.3117818167675,3204.0686198379713,3128.3117818167675,3132.76806640625,62654,0.0,0.0
2023-09-14 00:00:00+09:00,3123.855567716609,3212.9812615173682,3097.1178595763813,3155.049560546875,77846,0.0,0.0
2023-09-15 00:00:00+09:00,3155.0493883130257,3204.068517227494,3150.593103866256,3177.330810546875,32226,0.0,0.0
2023-09-18 00:00:00+09:00,3155.049560546875,3172.8746993070267,3123.855567716609,3155.049560546875,33920,0.0,0.0
2023-09-19 00:00:00+09:00,3123.855425728085,3146.1368481655177,3083.7488653407054,3110.486572265625,62118,0.0,0.0
2023-09-20 00:00:00+09:00,3110.486688843659,3119.399258152667,3061.4675576441173,3070.380126953125,42524,0.0,0.0
2023-09-21 00:00:00+09:00,3030.2734960644675,3074.8363415948274,2967.8855123219637,2972.341796875,76528,0.0,0.0
2023-09-22 00:00:00+09:00,2883.2162333880647,2981.254497892759,2883.2162333880647,2936.691650390625,71936,0.0,0.0
2023-09-25 00:00:00+09:00,2901.0412323384344,2967.885500364666,2816.371826171875,2816.371826171875,66458,0.0,0.0
2023-09-26 00:00:00+09:00,2816.3718712075242,2847.5658634519114,2753.98388671875,2753.98388671875,55120,0.0,0.0
2023-09-27 00:00:00+09:00,2718.33344044693,2838.653117319171,2718.33344044693,2776.26513671875,31348,0.0,0.0
2023-10-04 00:00:00+09:00,2776.265329944578,2816.371891693376,2602.4702290331197,2606.926513671875,93104,0.0,0.0
2023-10-05 00:00:00+09:00,2606.9265560228,2718.333673801552,2548.9948547778486,2620.29541015625,80700,0.0,0.0
2023-10-06 00:00:00+09:00,2571.276327900503,2762.8965741738507,2557.907473509339,2713.87744140625,71454,0.0,0.0
2023-10-10 00:00:00+09:00,2740.614947150735,3453.6204618566176,2740.614947150735,2878.759765625,7101190,0.0,0.0
2023-10-11 00:00:00+09:00,2820.828009375,2856.478284375,2740.614890625,2785.177734375,329710,0.0,0.0
2023-10-12 00:00:00+09:00,2785.177734375,2985.71053125,2785.177734375,2785.177734375,517868,0.0,0.0
2023-10-13 00:00:00+09:00,2767.352740537773,2820.828155813865,2736.158748293386,2753.98388671875,168326,0.0,0.0
2023-10-16 00:00:00+09:00,2767.352596875,2941.1476875,2673.7706249999997,2785.177734375,378526,0.0,0.0
2023-10-17 00:00:00+09:00,2794.090303125,2852.022,2776.265165625,2785.177734375,93906,0.0,0.0
2023-10-18 00:00:00+09:00,2798.546630859375,2852.022044187898,2722.789795310634,2798.546630859375,171208,0.0,0.0
2023-10-19 00:00:00+09:00,2914.410174206595,3444.708049941434,2869.8473275061883,3150.59326171875,9495656,0.0,0.0
2023-10-20 00:00:00+09:00,3083.7488664630023,3123.8554268649777,2816.3717971164992,2883.216064453125,999998,0.0,0.0
2023-10-23 00:00:00+09:00,2883.215992199669,3146.1367704682634,2860.9345703125,2860.9345703125,1266908,0.0,0.0
2023-10-24 00:00:00+09:00,2803.003187779018,2923.3228794642855,2696.0523507254466,2807.45947265625,512124,0.0,0.0
2023-10-25 00:00:00+09:00,2811.9154260097407,2878.7596912873096,2780.721435546875,2780.721435546875,166890,0.0,0.0
2023-10-26 00:00:00+09:00,2696.0520584518845,2727.246049210832,2638.120361328125,2638.120361328125,264248,0.0,0.0
2023-10-27 00:00:00+09:00,2638.1205061431624,2696.052206446982,2562.3636672843213,2606.926513671875,135990,0.0,0.0
2023-10-30 00:00:00+09:00,2620.2953213778405,2762.8964273031656,2598.0138985770086,2745.0712890625,122418,0.0,0.0
2023-10-31 00:00:00+09:00,2798.5467054465776,3048.098640964107,2584.6450464315526,2669.314453125,892616,0.0,0.0
2023-11-01 00:00:00+09:00,2691.5959754666874,2776.2653852909707,2664.858267101124,2700.508544921875,70042,0.0,0.0
2023-11-02 00:00:00+09:00,2722.7900734975487,2887.6726147731774,2722.7900734975487,2811.915771484375,233396,0.0,0.0
2023-11-03 00:00:00+09:00,2807.4592713270144,2856.4784014612956,2767.352710308057,2820.828125,102984,0.0,0.0
2023-11-06 00:00:00+09:00,2825.284309541456,2865.390869140625,2780.7214655423795,2865.390869140625,130178,0.0,0.0
2023-11-07 00:00:00+09:00,2896.585006234031,2896.585006234031,2749.527613609842,2834.197021484375,111270,0.0,0.0
2023-11-08 00:00:00+09:00,2825.2846261823993,2852.022335578447,2767.3529224909616,2811.915771484375,50348,0.0,0.0
2023-11-09 00:00:00+09:00,2785.177777527244,2825.2843375236366,2776.2652086391568,2798.546630859375,44120,0.0,0.0
2023-11-10 00:00:00+09:00,2753.9838438452744,2985.71063976753,2709.42099847561,2740.614990234375,350238,0.0,0.0
2023-11-13 00:00:00+09:00,2749.527644502944,3204.0686813575635,2749.527644502944,2767.352783203125,6622846,0.0,0.0
2023-11-14 00:00:00+09:00,2807.4592713270144,2860.9346860189576,2767.352710308057,2820.828125,304456,0.0,0.0
2023-11-15 00:00:00+09:00,2838.653263230648,2887.672393364929,2803.0029867693524,2820.828125,273840,0.0,0.0
2023-11-16 00:00:00+09:00,2811.9154704786974,2878.7597368133734,2807.459186056386,2869.84716796875,145742,0.0,0.0
2023-11-17 00:00:00+09:00,2865.3911902764708,2878.760044974495,2803.0032016856926,2811.915771484375,105126,0.0,0.0
2023-11-20 00:00:00+09:00,2807.4593277815934,2887.672451432496,2794.090473839776,2838.6533203125,96202,0.0,0.0
2023-11-21 00:00:00+09:00,2843.109489889706,2905.4974724264707,2838.653205422794,2878.759765625,130796,0.0,0.0
2023-11-22 00:00:00+09:00,2878.7597942587768,2896.584932303723,2829.7406646351756,2887.67236328125,77240,0.0,0.0
2023-11-23 00:00:00+09:00,2887.6724224901573,2896.584991695374,2811.9155842458167,2829.74072265625,105178,0.0,0.0
2023-11-24 00:00:00+09:00,2834.197021484375,2852.0221599842766,2811.915598359498,2834.197021484375,60790,0.0,0.0
2023-11-27 00:00:00+09:00,2834.1970779418943,2878.7599250793455,2811.9156543731688,2852.022216796875,62654,0.0,0.0
2023-11-28 00:00:00+09:00,2825.2844201733255,3106.0303483608955,2820.8281355989193,2976.798095703125,3123758,0.0,0.0
2023-11-29 00:00:00+09:00,2909.953913904942,2950.0604762711664,2856.4784974166428,2927.779052734375,294744,0.0,0.0
2023-11-30 00:00:00+09:00,2941.1478611680327,3007.9921307400336,2901.0412994248322,2990.1669921875,229824,0.0,0.0
2023-12-01 00:00:00+09:00,2958.972957405502,3061.467502616837,2932.2352499590666,2976.798095703125,223666,0.0,0.0
2023-12-04 00:00:00+09:00,3003.5357859308133,3123.85546875,2945.604086795649,3123.85546875,323142,0.0,0.0
2023-12-05 00:00:00+09:00,3106.0304150183433,3195.1561084191567,3016.9047216175304,3150.59326171875,401200,0.0,0.0
2023-12-06 00:00:00+09:00,3172.8745924777354,3921.530395197201,3137.2243161577608,3502.6396484375,6931288,0.0,0.0
2023-12-07 00:00:00+09:00,3498.183145683872,3533.8334197800136,3373.407186347378,3435.795166015625,601456,0.0,0.0
2023-12-08 00:00:00+09:00,3493.7271529796512,3605.1342688272166,3373.4074678642805,3449.164306640625,695912,0.0,0.0
2023-12-11 00:00:00+09:00,3475.901898497366,3698.7161227600177,3475.901898497366,3489.270751953125,741864,0.0,0.0
2023-12-12 00:00:00+09:00,3498.1834295099434,3676.434814453125,3489.270860262784,3676.434814453125,553672,0.0,0.0
2023-12-13 00:00:00+09:00,3600.677849264706,3966.0931755514707,3520.464728860294,3636.328125,2510376,0.0,0.0
2023-12-14 00:00:00+09:00,3618.5030452210462,3654.1533215286427,3556.115061682752,3578.396484375,380118,0.0,0.0
2023-12-15 00:00:00+09:00,3551.6586625393084,3622.959212853774,3498.183249803459,3542.74609375,220344,0.0,0.0
2023-12-18 00:00:00+09:00,3489.2707375919117,3560.5712890625,3386.776194852941,3484.814453125,323434,0.0,0.0
2023-12-19 00:00:00+09:00,3493.727064175499,3654.1533069182515,3493.727064175499,3573.940185546875,462388,0.0,0.0
2023-12-20 00:00:00+09:00,3894.7924259706174,4634.53560985062,3841.3170150877254,3952.72412109375,3446760,0.0,2.0
2023-12-21 00:00:00+09:00,3957.18065238113,3961.6369368995774,3676.4347277189554,3725.453857421875,249166,0.0,0.0
2023-12-22 00:00:00+09:00,3783.3857180675827,3876.967696959714,3587.3091908650226,3698.71630859375,265435,0.0,0.0
2023-12-26 00:00:00+09:00,3716.5413026433694,3921.530391278375,3484.8145067951014,3729.91015625,263748,0.0,0.0
2023-12-27 00:00:00+09:00,3989.1318006918464,4089.940185546875,3907.5250129520614,4089.940185546875,181303,300.0,0.0
2023-12-28 00:00:00+09:00,4080.339552092072,4483.57310782823,4041.936356307676,4291.55712890625,465027,0.0,0.0
2024-01-02 00:00:00+09:00,4267.554771935438,4334.7603588950515,4061.1376119880547,4219.55078125,94956,0.0,0.0
2024-01-03 00:00:00+09:00,4176.347567471591,4243.553160511364,4099.541175426137,4224.3515625,66434,0.0,0.0
2024-01-04 00:00:00+09:00,4176.347380607359,4224.351373487903,4123.54298843876,4166.74658203125,53896,0.0,0.0
2024-01-05 00:00:00+09:00,4166.746586076184,4190.748582539756,4037.135805172892,4056.33740234375,70730,0.0,0.0
2024-01-08 00:00:00+09:00,4056.3372429944798,4061.137642098615,3941.127664495228,4008.333251953125,52065,0.0,0.0
2024-01-09 00:00:00+09:00,4008.333262567935,4387.564792798913,3974.73046875,3974.73046875,363291,0.0,0.0
2024-01-10 00:00:00+09:00,3840.319504662958,3921.926294137046,3667.505126953125,3667.505126953125,294774,0.0,0.0
2024-01-11 00:00:00+09:00,3667.504914993267,3811.516888095097,3667.504914993267,3787.514892578125,104952,0.0,0.0
2024-01-12 00:00:00+09:00,3715.509088951772,3715.509088951772,3504.291518003609,3657.904296875,422844,0.0,0.0
2024-01-15 00:00:00+09:00,3566.6967023997777,3710.708682308248,3566.6967023997777,3581.097900390625,196566,0.0,0.0
2024-01-16 00:00:00+09:00,3581.0979569354563,3638.7027498084126,3446.6867735652245,3523.4931640625,160263,0.0,0.0
2024-01-17 00:00:00+09:00,3489.8902429838154,3537.89423532197,3408.283456008953,3485.08984375,146116,0.0,0.0
2024-01-18 00:00:00+09:00,3485.0899688138625,3561.8963593111375,3437.0859747530653,3523.4931640625,143338,0.0,0.0
2024-01-19 00:00:00+09:00,3518.692663227249,4185.948161438146,3513.8922639595444,3715.509033203125,3653914,0.0,0.0
2024-01-22 00:00:00+09:00,3725.1098317385336,3768.313425147872,3648.3034434552646,3715.509033203125,257382,0.0,0.0
2024-01-23 00:00:00+09:00,3710.7085706042003,3710.7085706042003,3585.898191774046,3696.307373046875,182798,0.0,0.0
2024-01-24 00:00:00+09:00,3657.904296875,3686.706692913386,3585.8983067790355,3657.904296875,109836,0.0,0.0
2024-01-25 00:00:00+09:00,3629.101841517857,3681.906233391794,3461.087867373512,3528.29345703125,222472,0.0,0.0
2024-01-26 00:00:00+09:00,3513.8923217608253,3585.8983119608424,3475.489126987483,3547.4951171875,95202,0.0,0.0
2024-01-29 00:00:00+09:00,3581.097807433316,3595.49900505034,3384.2814400006537,3441.88623046875,186422,0.0,0.0
2024-01-30 00:00:00+09:00,3413.083803745083,3504.2913878114073,3384.28140877677,3432.285400390625,86793,0.0,0.0
2024-01-31 00:00:00+09:00,3398.6826171875,3441.8862097788665,3225.868246822034,3398.6826171875,98120,0.0,0.0
2024-02-01 00:00:00+09:00,3403.483160347007,3437.0859560062863,3249.8703801903016,3293.073974609375,133229,0.0,0.0
2024-02-02 00:00:00+09:00,3293.0738659496037,3432.285443373129,3293.0738659496037,3408.283447265625,79083,0.0,0.0
2024-02-05 00:00:00+09:00,3408.283534458705,3451.4871285574777,3206.666761997768,3360.279541015625,101656,0.0,0.0
2024-02-06 00:00:00+09:00,3317.0758845888336,3374.680675638133,3245.0698957772092,3341.077880859375,59122,0.0,0.0
2024-02-07 00:00:00+09:00,3341.0778071838017,3355.4790046285593,3168.2634378467087,3245.06982421875,149738,0.0,0.0
2024-02-08 00:00:00+09:00,3245.0698029891305,3249.870202105978,3177.864215353261,3201.8662109375,83681,0.0,0.0
2024-02-13 00:00:00+09:00,3249.870392609766,3302.674785990427,3216.267596822073,3259.47119140625,112009,0.0,0.0
2024-02-14 00:00:00+09:00,3259.4710935395337,3365.0798771299164,3216.2675002525593,3341.077880859375,155067,0.0,0.0
2024-02-15 00:00:00+09:00,3369.8802534936176,3413.083846487126,3317.075862057108,3408.283447265625,105020,0.0,0.0
2024-02-16 00:00:00+09:00,3619.5009765625,3725.109758372016,3465.888203021386,3619.5009765625,768447,0.0,0.0
2024-02-19 00:00:00+09:00,3667.5049910261823,3667.5049910261823,3499.4910189241978,3552.29541015625,146068,0.0,0.0
2024-02-20 00:00:00+09:00,3494.6907365309085,3600.2995225249742,3475.489139077442,3513.892333984375,94972,0.0,0.0
2024-02-21 00:00:00+09:00,3509.0919597487596,3509.0919597487596,3417.8843711916784,3446.686767578125,94209,0.0,0.0
2024-02-22 00:00:00+09:00,3417.884327995332,3509.091915399702,3417.884327995332,3470.688720703125,67326,0.0,0.0
2024-02-23 00:00:00+09:00,3470.6886692690045,3523.493061194259,3393.8822810140887,3417.88427734375,111905,0.0,0.0
2024-02-26 00:00:00+09:00,3398.682735770089,3413.083933803013,3331.4771449497766,3360.279541015625,72006,0.0,0.0
2024-02-27 00:00:00+09:00,3360.279381793478,3369.880180027174,3249.870202105978,3312.275390625,149752,0.0,0.0
2024-02-28 00:00:00+09:00,3297.874330468185,3336.277525000565,3264.271535252352,3317.075927734375,103425,0.0,0.0
2024-02-29 00:00:00+09:00,3317.075887830261,3331.477085606659,3177.8643093250835,3230.668701171875,182439,0.0,0.0
2024-03-04 00:00:00+09:00,3283.473058695065,3360.279446032961,3264.271461860591,3331.47705078125,93160,0.0,0.0
2024-03-05 00:00:00+09:00,3331.477073759191,3341.077872242647,3230.6686896829046,3264.271484375,83319,0.0,0.0
2024-03-06 00:00:00+09:00,3216.26738740134,3283.472974600771,3216.26738740134,3269.07177734375,59151,0.0,0.0
2024-03-07 00:00:00+09:00,3264.271527777778,3293.0739236111112,3149.061944444444,3240.26953125,119348,0.0,0.0
2024-03-08 00:00:00+09:00,3245.0699305555554,3321.8763194444446,3206.6667361111113,3240.26953125,68797,0.0,0.0
2024-03-11 00:00:00+09:00,3254.6706334956557,3273.872230153447,3192.2654443578335,3211.467041015625,53588,0.0,0.0
2024-03-12 00:00:00+09:00,3197.065894990809,3326.676674517463,3149.0619025735296,3264.271484375,274778,0.0,0.0
2024-03-13 00:00:00+09:00,3259.47119140625,3312.2755847869107,3187.4652004326213,3259.47119140625,69684,0.0,0.0
2024-03-14 00:00:00+09:00,3240.269562624054,3283.4731567923745,3187.465169751662,3249.870361328125,92544,0.0,0.0
2024-03-15 00:00:00+09:00,3240.2693715489895,3264.271366893797,3158.6625873766448,3192.265380859375,77727,0.0,0.0
2024-03-18 00:00:00+09:00,3187.4650031296364,3249.8701914439216,3168.263406725241,3235.468994140625,67652,0.0,0.0
2024-03-19 00:00:00+09:00,3211.4670195684253,3302.6746030838212,3211.4670195684253,3278.672607421875,64937,0.0,0.0
2024-03-20 00:00:00+09:00,3278.6728017897835,3307.4751982915973,3225.868408203125,3225.868408203125,69166,0.0,0.0
2024-03-21 00:00:00+09:00,3230.6686980148843,3345.8782801134835,3230.6686980148843,3341.077880859375,101997,0.0,0.0
2024-03-22 00:00:00+09:00,3321.8763896695145,3360.2795849258096,3269.0719961921086,3336.277587890625,76413,0.0,0.0
2024-03-25 00:00:00+09:00,3336.2775565363454,3350.678754622114,3288.2735629171175,3326.6767578125,58236,0.0,0.0
2024-03-26 00:00:00+09:00,3297.87439263433,3350.6787861117355,3288.2735938202563,3336.277587890625,66873,0.0,0.0
2024-03-27 00:00:00+09:00,3336.277438829017,3441.886221065331,3317.0758420587777,3365.079833984375,87752,0.0,0.0
2024-03-28 00:00:00+09:00,3365.0798008861157,4080.339273542366,3331.477006868708,3576.29736328125,5960539,0.0,0.0
2024-03-29 00:00:00+09:00,3797.115781609716,3897.924165192275,3485.0898324256054,3518.692626953125,2299118,0.0,0.0
2024-04-01 00:00:00+09:00,3557.0959158808355,3633.9023054275203,3504.29152306749,3547.4951171875,358887,0.0,0.0
2024-04-02 00:00:00+09:00,3461.087742192873,3513.8921321569806,3422.684549491704,3489.89013671875,456971,0.0,0.0
2024-04-03 00:00:00+09:00,3835.519006251031,4214.750547544938,3576.2974463792466,3638.70263671875,5898090,0.0,0.0
2024-04-04 00:00:00+09:00,3590.698590959821,3758.712562461952,3552.29539747362,3696.307373046875,753060,0.0,0.0
2024-04-05 00:00:00+09:00,3614.7005787234953,3629.10177624829,3470.688603475547,3509.091796875,337460,0.0,0.0
2024-04-08 00:00:00+09:00,3509.0919104363898,3715.5090816385305,3485.089913784978,3581.097900390625,507606,0.0,0.0
2024-04-09 00:00:00+09:00,3513.892207193111,3585.898195045429,3446.6866185309477,3475.489013671875,287648,0.0,0.0
2024-04-11 00:00:00+09:00,3470.6887712876573,3504.2915671369155,3283.4731944132195,3336.277587890625,285660,0.0,0.0
2024-04-12 00:00:00+09:00,3341.0777650017194,3566.696522121088,3341.0777650017194,3489.89013671875,245278,0.0,0.0
2024-04-15 00:00:00+09:00,3465.8882245038008,3552.29541015625,3341.0778452280406,3552.29541015625,264115,0.0,0.0
2024-04-16 00:00:00+09:00,3523.4930814407076,3537.894279321255,3422.6846962768723,3461.087890625,175598,0.0,0.0
2024-04-17 00:00:00+09:00,3480.2895073041523,3590.6986916738015,3461.0879100224743,3504.29150390625,230131,0.0,0.0
2024-04-18 00:00:00+09:00,3485.0898947644587,3581.097880846124,3480.2894954603753,3537.894287109375,119380,0.0,0.0
2024-04-19 00:00:00+09:00,3566.6966829338744,3605.0998773665406,3432.285502419543,3537.894287109375,195845,0.0,0.0
2024-04-22 00:00:00+09:00,3537.894170787526,3590.698561396295,3437.0857887162397,3465.88818359375,134163,0.0,0.0
2024-04-23 00:00:00+09:00,3475.489065157313,3533.0938562925166,3451.4870688509777,3528.29345703125,286242,0.0,0.0
2024-04-24 00:00:00+09:00,3773.11368359375,3792.3152799479167,3566.696522786458,3600.29931640625,837600,0.0,0.0
2024-04-25 00:00:00+09:00,3609.9001251261775,3653.10371704923,3552.2953358954405,3566.696533203125,124040,0.0,0.0
2024-04-26 00:00:00+09:00,3566.6966629866715,3605.0998572045632,3489.8902745508885,3494.690673828125,156951,0.0,0.0
2024-04-29 00:00:00+09:00,3523.4930349841457,3614.7006203583946,3494.690639602804,3595.4990234375,142939,0.0,0.0
2024-04-30 00:00:00+09:00,3595.498969861305,3701.107751352558,3552.295377433065,3653.103759765625,192211,0.0,0.0
2024-05-02 00:00:00+09:00,3691.506920855978,3734.7105129076085,3638.702530570652,3643.5029296875,269381,0.0,0.0
2024-05-03 00:00:00+09:00,3672.305399576823,3691.5069964373556,3600.2994113498266,3629.101806640625,126341,0.0,0.0
2024-05-07 00:00:00+09:00,3633.9021946418334,3696.307384245986,3566.696605837361,3662.70458984375,132298,0.0,0.0
2024-05-08 00:00:00+09:00,3648.303369140625,3840.3193359375,3619.500974121094,3840.3193359375,1022392,0.0,0.0
2024-05-09 00:00:00+09:00,3811.517050831588,3974.7306273155605,3705.9082660478416,3725.10986328125,781912,0.0,0.0
2024-05-10 00:00:00+09:00,3725.1098201424456,3792.315409681098,3672.305428362076,3749.11181640625,212362,0.0,0.0
2024-05-13 00:00:00+09:00,3749.1117988046562,3753.91219803488,3590.698624207276,3595.4990234375,273701,0.0,0.0
2024-05-14 00:00:00+09:00,3605.0998731111226,3686.7066611842106,3605.0998731111226,3648.303466796875,94875,0.0,0.0
2024-05-16 00:00:00+09:00,3648.3034401466434,3825.918212890625,3648.3034401466434,3825.918212890625,295823,0.0,0.0
2024-05-17 00:00:00+09:00,3792.3153663227577,3835.5189591036496,3749.1117735418657,3773.11376953125,179287,0.0,0.0
2024-05-20 00:00:00+09:00,3787.514996134691,3907.5249770008095,3758.7126007268225,3893.123779296875,359337,0.0,0.0
2024-05-21 00:00:00+09:00,3902.7245893336058,3912.3253878313512,3787.515007360658,3859.52099609375,191570,0.0,0.0
2024-05-22 00:00:00+09:00,3883.522907892863,3883.522907892863,3677.1057446797686,3686.70654296875,277161,0.0,0.0
2024-05-23 00:00:00+09:00,3720.3093689757507,3720.3093689757507,3571.4969942167204,3696.307373046875,113961,0.0,0.0
2024-05-24 00:00:00+09:00,3696.3074794020235,3701.107878725922,3609.9002915718465,3691.507080078125,88617,0.0,0.0
2024-05-27 00:00:00+09:00,3662.7046841347324,3792.315465879998,3657.904284810834,3691.507080078125,147173,0.0,0.0
2024-05-28 00:00:00+09:00,3686.706730769231,3749.1119228265225,3643.503136268029,3744.3115234375,133649,0.0,0.0
2024-05-29 00:00:00+09:00,3744.3115298877146,3840.3195178335536,3633.90234375,3633.90234375,98914,0.0,0.0
2024-05-30 00:00:00+09:00,3609.900200591216,3681.906188634924,3533.0938133445948,3552.29541015625,114576,0.0,0.0
2024-05-31 00:00:00+09:00,3547.4949792381226,3571.4969750381097,3485.0897901581557,3542.694580078125,98640,0.0,0.0
2024-06-03 00:00:00+09:00,3523.493069491544,3571.497062263908,3485.089875273652,3494.690673828125,110414,0.0,0.0
2024-06-04 00:00:00+09:00,3499.4910414514466,3542.6946345557853,3456.287448347108,3485.08984375,61031,0.0,0.0
2024-06-05 00:00:00+09:00,3528.2935252269554,3528.2935252269554,3379.481145251397,3437.0859375,203613,0.0,0.0
2024-06-07 00:00:00+09:00,3485.0898233198222,3485.0898233198222,3422.684633646051,3441.88623046875,57335,0.0,0.0
2024-06-10 00:00:00+09:00,3422.684581032556,3441.8861775600876,3350.6785940543114,3389.081787109375,98010,0.0,0.0
2024-06-11 00:00:00+09:00,3374.68078314692,3427.4851766243255,3297.87439263433,3336.277587890625,126273,0.0,0.0
2024-06-12 00:00:00+09:00,3331.47709055697,3691.5070355018875,3321.876292025105,3417.88427734375,2546073,0.0,0.0
2024-06-13 00:00:00+09:00,3422.6847201810024,3441.886317489171,3374.6807269105816,3393.88232421875,128607,0.0,0.0
2024-06-14 00:00:00+09:00,3369.8803646877277,3408.283559726904,3293.073974609375,3293.073974609375,134172,0.0,0.0
2024-06-17 00:00:00+09:00,3302.67474186769,3336.2775372064602,3269.0719465289203,3283.47314453125,94221,0.0,0.0
2024-06-18 00:00:00+09:00,3269.071840784671,3345.878227645985,3269.071840784671,3288.2734375,73104,0.0,0.0
2024-06-19 00:00:00+09:00,3345.878227645985,3345.878227645985,3269.071840784671,3288.2734375,80002,0.0,0.0
2024-06-20 00:00:00+09:00,3283.473120746776,3374.680707434187,3283.473120746776,3350.6787109375,46420,0.0,0.0
2024-06-21 00:00:00+09:00,3350.6785835597825,3369.880180027174,3245.0698029891305,3312.275390625,77670,0.0,0.0
2024-06-24 00:00:00+09:00,3283.473182091346,3307.4751790364585,3182.664794921875,3182.664794921875,76270,0.0,0.0
2024-06-25 00:00:00+09:00,3173.0639100662843,3312.2754885714617,3149.0619137722883,3230.668701171875,34438,0.0,0.0
2024-06-26 00:00:00+09:00,3211.4670195684253,3278.672607421875,3197.0658221712574,3278.672607421875,30237,0.0,0.0
2024-06-27 00:00:00+09:00,3297.874386592185,3297.874386592185,3245.069993211524,3259.47119140625,20567,0.0,0.0
2024-06-28 00:00:00+09:00,3259.4710216635076,3259.4710216635076,3206.666631032729,3245.06982421875,40696,0.0,0.0
2024-07-01 00:00:00+09:00,3240.2693828297083,3293.073772772118,3216.26738740134,3269.07177734375,25695,0.0,0.0
2024-07-02 00:00:00+09:00,3249.870255101747,3288.273448662772,3221.067859930978,3254.670654296875,34022,0.0,0.0
2024-07-03 00:00:00+09:00,3254.670665576099,3273.872262423156,3206.666673458458,3221.06787109375,30697,0.0,0.0
2024-07-04 00:00:00+09:00,3168.2634485355943,3254.6706334956557,3168.2634485355943,3211.467041015625,31205,0.0,0.0
2024-07-05 00:00:00+09:00,3177.864352106334,3235.469143987416,3177.864352106334,3206.666748046875,26964,0.0,0.0
2024-07-08 00:00:00+09:00,3187.465096507353,3278.672682100184,3187.465096507353,3264.271484375,30539,0.0,0.0
2024-07-09 00:00:00+09:00,3283.473132518542,3331.4771256840177,3269.0719345688995,3317.075927734375,35887,0.0,0.0
2024-07-10 00:00:00+09:00,3283.473132518542,3336.277525000565,3264.271535252352,3317.075927734375,39296,0.0,0.0
2024-07-11 00:00:00+09:00,3288.273520046114,3350.6787109375,3288.273520046114,3350.6787109375,38262,0.0,0.0
2024-07-12 00:00:00+09:00,3331.476966164329,3389.081755204634,3302.674571644176,3379.48095703125,39074,0.0,0.0
2024-07-15 00:00:00+09:00,3398.682735770089,3398.682735770089,3293.0739501953126,3360.279541015625,34183,0.0,0.0
2024-07-16 00:00:00+09:00,3355.4791539840367,3379.4811507936506,3312.2755597267314,3326.6767578125,36838,0.0,0.0
2024-07-17 00:00:00+09:00,3293.073888318292,3389.081873400458,3283.473089810075,3341.077880859375,20712,0.0,0.0
2024-07-18 00:00:00+09:00,3297.8742148495285,3331.4770088872965,3216.2674293292343,3245.06982421875,43015,0.0,0.0
2024-07-19 00:00:00+09:00,3264.271565008601,3264.271565008601,3096.2575873978644,3139.461181640625,75725,0.0,0.0
2024-07-22 00:00:00+09:00,3125.059995954888,3163.463190989664,3005.0500114712136,3105.8583984375,99989,0.0,0.0
2024-07-23 00:00:00+09:00,3081.8563389993196,3168.2635260740667,3081.8563389993196,3086.65673828125,23649,0.0,0.0
2024-07-24 00:00:00+09:00,2981.0480266571044,3110.6588104248044,2981.0480266571044,3072.255615234375,57212,0.0,0.0
2024-07-25 00:00:00+09:00,3029.051927247634,3057.854322752366,2971.44713623817,3043.453125,42852,0.0,0.0
2024-07-26 00:00:00+09:00,3043.4531332632214,3120.259521484375,3024.2515362079325,3120.259521484375,18513,0.0,0.0
2024-07-29 00:00:00+09:00,3072.255621189024,3168.2636093511815,3072.255621189024,3149.06201171875,22040,0.0,0.0
2024-07-30 00:00:00+09:00,3120.2593937098422,3144.261389046072,3043.4530086339078,3081.856201171875,30958,0.0,0.0
2024-07-31 00:00:00+09:00,3067.4551845060246,3091.4571812548984,3033.852389057602,3062.65478515625,24376,0.0,0.0
2024-08-01 00:00:00+09:00,3081.8562115526574,3139.4610005536415,3043.4530188853346,3048.25341796875,40269,0.0,0.0
2024-08-02 00:00:00+09:00,3014.65075704041,3038.652753513662,2851.437181022299,2865.83837890625,130787,0.0,0.0
2024-08-05 00:00:00+09:00,2813.03386977838,2813.03386977838,2217.7843819754466,2352.195556640625,319029,0.0,0.0
2024-08-06 00:00:00+09:00,2184.1817220052085,2472.2056853465547,2184.1817220052085,2433.802490234375,141674,0.0,0.0
2024-08-07 00:00:00+09:00,2409.800481061527,2501.0080689901506,2352.195688685554,2467.4052734375,72869,0.0,0.0
2024-08-08 00:00:00+09:00,2477.00602051752,2477.00602051752,2332.994042580455,2414.600830078125,61814,0.0,0.0
2024-08-09 00:00:00+09:00,2424.20161707261,2515.409202665441,2424.20161707261,2448.20361328125,33962,0.0,0.0
2024-08-12 00:00:00+09:00,2448.2035394924787,2587.415113306757,2448.2035394924787,2573.013916015625,57522,0.0,0.0
2024-08-13 00:00:00+09:00,2534.610827978972,2582.614820933119,2520.209630092728,2568.213623046875,36382,0.0,0.0
2024-08-14 00:00:00+09:00,2568.2135800962096,2621.017971462674,2568.2135800962096,2592.215576171875,23026,0.0,0.0
2024-08-16 00:00:00+09:00,2611.4171617915904,2635.4191577639394,2568.213569041362,2625.818359375,41667,0.0,0.0
2024-08-19 00:00:00+09:00,2625.8184915413535,2630.6188909774437,2549.01210056391,2553.8125,34854,0.0,0.0
2024-08-20 00:00:00+09:00,2611.4172167056076,2611.4172167056076,2539.4112272743864,2568.213623046875,28756,0.0,0.0
2024-08-21 00:00:00+09:00,2563.4132801296605,2568.2136795306524,2505.808487317758,2510.60888671875,26924,0.0,0.0
2024-08-22 00:00:00+09:00,2510.60889949355,2534.6108966206393,2448.203706963118,2477.006103515625,28674,0.0,0.0
2024-08-23 00:00:00+09:00,2404.999957540761,2467.4051460597825,2404.999957540761,2429.001953125,35648,0.0,0.0
2024-08-26 00:00:00+09:00,2433.802477884849,2563.413260730788,2429.0020785201846,2467.4052734375,41865,0.0,0.0
2024-08-28 00:00:00+09:00,2448.203507216243,2457.8043052837575,2409.8003149461842,2453.00390625,25127,0.0,0.0
2024-08-29 00:00:00+09:00,2429.001973983616,2472.20556640625,2385.7983815609828,2472.20556640625,27632,0.0,0.0
2024-08-30 00:00:00+09:00,2448.2036521218038,2534.61083984375,2443.403252803918,2534.61083984375,19823,0.0,0.0
2024-09-02 00:00:00+09:00,2510.608855322547,2510.608855322547,2448.2036638900554,2501.008056640625,18145,0.0,0.0
2024-09-03 00:00:00+09:00,2477.006052753713,2520.2096466970916,2419.401260829208,2424.20166015625,37078,0.0,0.0
2024-09-04 00:00:00+09:00,2347.3952438354495,2390.5988372802735,2289.7904525756835,2304.191650390625,56210,0.0,0.0
2024-09-05 00:00:00+09:00,2304.1916091720777,2328.193605100954,2208.1836254565746,2217.784423828125,57264,0.0,0.0
2024-09-06 00:00:00+09:00,2217.784380938556,2232.1855782173775,2126.5767981726844,2131.377197265625,45146,0.0,0.0
2024-09-09 00:00:00+09:00,2059.3713136418946,2126.576904296875,2044.9701156443991,2126.576904296875,39650,0.0,0.0
2024-09-10 00:00:00+09:00,2131.377207880435,2760.2294921875,2131.377207880435,2760.2294921875,6749643,0.0,0.0
2024-09-11 00:00:00+09:00,2736.22754491018,2736.22754491018,2323.3932135728546,2405.0,1814329,0.0,0.0
2024-09-12 00:00:00+09:00,2376.1976788991906,2467.405266574109,2328.1936853860757,2390.598876953125,550873,0.0,0.0
2024-09-13 00:00:00+09:00,2414.6008862652748,2481.806477533096,2299.3913012347252,2356.99609375,351188,0.0,0.0
2024-09-19 00:00:00+09:00,2385.798502292961,2611.417274139579,2251.387319065189,2510.60888671875,1463547,0.0,0.0
2024-09-20 00:00:00+09:00,2505.808328193531,2520.209525481999,2429.0019426550316,2462.604736328125,193042,0.0,0.0
2024-09-23 00:00:00+09:00,2462.604834771925,2496.2076297883063,2380.998046875,2380.998046875,144122,0.0,0.0
2024-09-24 00:00:00+09:00,2385.798392228254,2462.6047791007936,2371.397194689653,2438.602783203125,80927,0.0,0.0
2024-09-25 00:00:00+09:00,2472.2056982421877,2486.606896484375,2390.598908203125,2400.19970703125,115164,0.0,0.0
2024-09-26 00:00:00+09:00,2395.399117844912,2477.005901418787,2385.7983197773974,2453.00390625,94989,0.0,0.0
2024-09-27 00:00:00+09:00,2438.602709148728,2496.207497553816,2438.602709148728,2453.00390625,86891,0.0,0.0
2024-09-30 00:00:00+09:00,2481.8063107445128,2486.6067097981772,2409.800324939546,2419.401123046875,94488,0.0,0.0
2024-10-02 00:00:00+09:00,2395.3993015762203,2409.8004997820894,2304.1917129390495,2323.393310546875,48003,0.0,0.0
2024-10-04 00:00:00+09:00,2323.393204333119,2477.005978173325,2318.592805150612,2328.193603515625,35988,0.0,0.0
2024-10-07 00:00:00+09:00,2453.003948709239,2467.4051460597825,2385.7983610733695,2429.001953125,81196,0.0,0.0
2024-10-08 00:00:00+09:00,2477.0059222522636,2477.0059222522636,2385.79833984375,2385.79833984375,33213,0.0,0.0
2024-10-10 00:00:00+09:00,2390.5987168609117,2414.600712010118,2342.5947265625,2342.5947265625,55693,0.0,0.0
2024-10-11 00:00:00+09:00,2366.596721711706,2380.9979188012294,2313.792332383453,2342.5947265625,23950,0.0,0.0
2024-10-14 00:00:00+09:00,2366.596910239593,2851.4372508769134,2366.596910239593,2587.415283203125,5749671,0.0,0.0
2024-10-15 00:00:00+09:00,2573.0140023467206,2640.2195919602545,2477.0060171845294,2525.010009765625,481578,0.0,0.0
2024-10-16 00:00:00+09:00,2505.808381291746,2918.6427123091603,2443.4031917193465,2515.4091796875,2066090,0.0,0.0
2024-10-17 00:00:00+09:00,2477.00607864092,2630.6188587116744,2477.00607864092,2544.211669921875,189767,0.0,0.0
2024-10-18 00:00:00+09:00,2611.417306547619,2635.4193038504463,2448.2037248883926,2520.209716796875,166260,0.0,0.0
2024-10-21 00:00:00+09:00,2496.2075304629197,2625.8183060831097,2477.0059340747434,2573.013916015625,204470,0.0,0.0
2024-10-22 00:00:00+09:00,2563.413189565535,2736.2275618957956,2481.8064026318007,2669.02197265625,935181,0.0,0.0
2024-10-23 00:00:00+09:00,2673.8223804393847,2985.8483314780924,2621.017988725142,2745.828369140625,3112836,0.0,0.0
2024-10-24 00:00:00+09:00,2798.6328306008418,2995.4492046225137,2630.618852777464,2654.620849609375,1501399,0.0,0.0
2024-10-25 00:00:00+09:00,2640.219482421875,2813.0338485440343,2539.411102183949,2640.219482421875,338870,0.0,0.0
2024-10-28 00:00:00+09:00,2597.0159435626742,2678.622729219912,2553.8123511559015,2582.61474609375,174442,0.0,0.0
2024-10-29 00:00:00+09:00,2625.8182963987965,3033.852218142668,2601.816301002098,2717.02587890625,3956128,0.0,0.0
2024-10-30 00:00:00+09:00,2721.8263318443987,2774.630722762015,2630.6187475321526,2659.421142578125,257966,0.0,0.0
2024-10-31 00:00:00+09:00,2630.618705180154,2880.239458226446,2573.013916015625,2573.013916015625,1083463,0.0,0.0
2024-11-01 00:00:00+09:00,2558.6127599172214,2745.8283277160426,2558.6127599172214,2659.421142578125,268713,0.0,0.0
2024-11-04 00:00:00+09:00,2635.4191577639394,2640.2195569584096,2553.8123714579524,2625.818359375,127343,0.0,0.0
2024-11-05 00:00:00+09:00,2625.818370677807,2654.6207659686056,2573.0139793113426,2592.215576171875,93575,0.0,0.0
2024-11-06 00:00:00+09:00,2597.016063071197,2664.221654352152,2496.207676149764,2544.211669921875,113642,0.0,0.0
2024-11-07 00:00:00+09:00,2544.211669921875,2635.4192580888857,2510.608874281397,2544.211669921875,109794,0.0,0.0
2024-11-08 00:00:00+09:00,2534.610733695652,2582.6147248641305,2534.610733695652,2539.4111328125,50893,0.0,0.0
2024-11-11 00:00:00+09:00,2515.409114845322,2539.4111102159836,2366.5967435472207,2385.79833984375,144180,0.0,0.0
2024-11-12 00:00:00+09:00,2376.197735821759,2529.81051874357,2328.1937411586932,2332.994140625,174132,0.0,0.0
2024-11-13 00:00:00+09:00,2332.9939597413677,2342.594757929604,2188.981986917827,2241.786376953125,144337,0.0,0.0
2024-11-14 00:00:00+09:00,2241.78652735646,2294.5909209344495,2212.984130859375,2212.984130859375,31401,0.0,0.0
2024-11-15 00:00:00+09:00,2179.381219599547,2256.1876061933635,2044.9700430603677,2251.38720703125,79368,0.0,0.0
2024-11-18 00:00:00+09:00,2299.391251118978,2332.994046020508,2251.3872584025066,2304.191650390625,61099,0.0,0.0
2024-11-19 00:00:00+09:00,2308.992093441612,2313.792492804276,2241.7865023643094,2280.189697265625,31886,0.0,0.0
2024-11-20 00:00:00+09:00,2280.1895592283095,2299.3911555165478,2256.1875638680117,2275.38916015625,31404,0.0,0.0
2024-11-21 00:00:00+09:00,2275.3891813858695,2313.792374320652,2198.5827955163045,2208.18359375,54245,0.0,0.0
2024-11-22 00:00:00+09:00,2227.385201089956,2241.786398510796,2174.580810546875,2174.580810546875,30917,0.0,0.0
2024-11-25 00:00:00+09:00,2164.9799914472364,2251.3871751413612,2160.1795923531186,2241.786376953125,36714,0.0,0.0
2024-11-26 00:00:00+09:00,2443.4033017578126,2635.4192783203125,2251.3873251953123,2400.19970703125,1573643,0.0,0.0
2024-11-27 00:00:00+09:00,2390.5987300981383,2683.423072539878,2332.9939414210744,2529.810302734375,1168742,0.0,0.0
2024-11-28 00:00:00+09:00,2529.8103772811305,2529.8103772811305,2453.0039901151004,2515.4091796875,163484,0.0,0.0
2024-11-29 00:00:00+09:00,2477.006028721098,2539.411219367172,2395.399240953155,2491.4072265625,111824,0.0,0.0
2024-12-02 00:00:00+09:00,2505.8084810697114,2659.4212615184297,2433.802490234375,2433.802490234375,359898,0.0,0.0
2024-12-03 00:00:00+09:00,2438.602858137376,2505.8084487159654,2419.401260829208,2424.20166015625,117673,0.0,0.0
2024-12-04 00:00:00+09:00,2308.9919647839606,2414.600744878029,2275.3891711176657,2352.195556640625,85969,0.0,0.0
2024-12-05 00:00:00+09:00,2352.1955994281575,2366.5967969756766,2289.7904100555734,2328.193603515625,78569,0.0,0.0
2024-12-06 00:00:00+09:00,2299.3911352939294,2409.800312980277,2217.784351786629,2342.5947265625,101458,0.0,0.0
2024-12-09 00:00:00+09:00,2265.788545896172,2342.5949372824825,2068.97216796875,2068.97216796875,185369,0.0,0.0
2024-12-10 00:00:00+09:00,2102.574891814218,2270.5888671875,2078.5728953323205,2270.5888671875,72123,0.0,0.0
2024-12-11 00:00:00+09:00,2270.588762064575,2385.79833984375,2208.1835741008554,2385.79833984375,50114,0.0,0.0
2024-12-12 00:00:00+09:00,2361.796449722782,2400.199644027218,2313.7924568422377,2380.998046875,41272,0.0,0.0
2024-12-13 00:00:00+09:00,2380.998003992016,2424.2015968063874,2318.5928143712576,2405.0,68414,0.0,0.0
2024-12-16 00:00:00+09:00,2457.804389312977,2539.4111756768843,2409.800397334208,2515.4091796875,150157,0.0,0.0
2024-12-17 00:00:00+09:00,2553.8123847769584,2592.215578533003,2419.401206630803,2481.806396484375,278677,0.0,0.0
2024-12-18 00:00:00+09:00,2457.8044315992292,2505.808424403902,2424.2016366359585,2491.4072265625,104699,0.0,0.0
2024-12-19 00:00:00+09:00,2457.8045058139533,2486.606902366461,2414.6009109851925,2477.006103515625,65260,0.0,0.0
2024-12-20 00:00:00+09:00,2491.407230500252,2496.2076297883063,2352.1956511466733,2380.998046875,87711,0.0,0.0
2024-12-23 00:00:00+09:00,2380.99795169347,2467.4051354242815,2380.99795169347,2462.604736328125,62128,0.0,0.0
2024-12-24 00:00:00+09:00,2448.203624930107,2529.810412427777,2414.600830078125,2414.600830078125,128241,0.0,0.0
2024-12-26 00:00:00+09:00,2400.1996007984035,2472.2055888223554,2380.998003992016,2405.0,101100,0.0,0.0
2024-12-27 00:00:00+09:00,2505.0,2505.0,2390.0,2460.0,97516,100.0,0.0
2024-12-30 00:00:00+09:00,2460.0,2485.0,2410.0,2465.0,40422,0.0,0.0
2025-01-02 00:00:00+09:00,2470.0,2615.0,2470.0,2605.0,103266,0.0,0.0
2025-01-03 00:00:00+09:00,2630.0,2650.0,2575.0,2625.0,100697,0.0,0.0
2025-01-06 00:00:00+09:00,2735.0,2875.0,2660.0,2780.0,608997,0.0,0.0
2025-01-07 00:00:00+09:00,2780.0,3200.0,2705.0,2735.0,3609872,0.0,0.0
2025-01-08 00:00:00+09:00,2700.0,2755.0,2660.0,2715.0,295992,0.0,0.0
2025-01-09 00:00:00+09:00,2715.0,2715.0,2650.0,2680.0,137935,0.0,0.0
2025-01-10 00:00:00+09:00,2680.0,2725.0,2655.0,2685.0,87527,0.0,0.0
2025-01-13 00:00:00+09:00,2685.0,2695.0,2615.0,2635.0,92852,0.0,0.0
2025-01-14 00:00:00+09:00,2635.0,2730.0,2635.0,2680.0,89001,0.0,0.0
2025-01-15 00:00:00+09:00,2695.0,2730.0,2665.0,2695.0,76217,0.0,0.0
2025-01-16 00:00:00+09:00,2700.0,2735.0,2670.0,2705.0,56364,0.0,0.0
2025-01-17 00:00:00+09:00,2720.0,2725.0,2655.0,2700.0,39291,0.0,0.0
2025-01-20 00:00:00+09:00,2710.0,2980.0,2615.0,2795.0,1065863,0.0,0.0
2025-01-21 00:00:00+09:00,2770.0,2785.0,2655.0,2780.0,183694,0.0,0.0
2025-01-22 00:00:00+09:00,2790.0,2870.0,2725.0,2755.0,190315,0.0,0.0
2025-01-23 00:00:00+09:00,2735.0,2765.0,2660.0,2690.0,116962,0.0,0.0
2025-01-24 00:00:00+09:00,2690.0,2710.0,2650.0,2675.0,75576,0.0,0.0
2025-01-31 00:00:00+09:00,2680.0,2680.0,2605.0,2620.0,58901,0.0,0.0
2025-02-03 00:00:00+09:00,2590.0,2590.0,2465.0,2470.0,88135,0.0,0.0
2025-02-04 00:00:00+09:00,2510.0,2585.0,2490.0,2560.0,51399,0.0,0.0
2025-02-05 00:00:00+09:00,2575.0,2605.0,2550.0,2605.0,42836,0.0,0.0
2025-02-06 00:00:00+09:00,2605.0,2630.0,2575.0,2620.0,43537,0.0,0.0
2025-02-07 00:00:00+09:00,2625.0,2625.0,2550.0,2580.0,62191,0.0,0.0
2025-02-10 00:00:00+09:00,2540.0,2610.0,2515.0,2600.0,53463,0.0,0.0
2025-02-11 00:00:00+09:00,2620.0,2665.0,2605.0,2610.0,53456,0.0,0.0
2025-02-12 00:00:00+09:00,2650.0,2665.0,2550.0,2570.0,60129,0.0,0.0
2025-02-13 00:00:00+09:00,2565.0,2610.0,2545.0,2575.0,51128,0.0,0.0
2025-02-14 00:00:00+09:00,2575.0,2595.0,2535.0,2545.0,36887,0.0,0.0
2025-02-17 00:00:00+09:00,2650.0,2650.0,2575.0,2625.0,53712,0.0,0.0
2025-02-18 00:00:00+09:00,2625.0,2830.0,2610.0,2805.0,186147,0.0,0.0
2025-02-19 00:00:00+09:00,2850.0,2925.0,2760.0,2805.0,229558,0.0,0.0
2025-02-20 00:00:00+09:00,2810.0,2975.0,2800.0,2910.0,290109,0.0,0.0
2025-02-21 00:00:00+09:00,2940.0,3050.0,2835.0,3020.0,332800,0.0,0.0
2025-02-24 00:00:00+09:00,3000.0,3130.0,2950.0,2960.0,224177,0.0,0.0
2025-02-25 00:00:00+09:00,2930.0,3080.0,2855.0,3020.0,89351,0.0,0.0
2025-02-26 00:00:00+09:00,3025.0,3025.0,2935.0,2985.0,57218,0.0,0.0
2025-02-27 00:00:00+09:00,2985.0,2985.0,2800.0,2810.0,145128,0.0,0.0
2025-02-28 00:00:00+09:00,2790.0,2910.0,2760.0,2850.0,69374,0.0,0.0
2025-03-04 00:00:00+09:00,2845.0,2845.0,2720.0,2765.0,115963,0.0,0.0
2025-03-05 00:00:00+09:00,2740.0,2885.0,2740.0,2825.0,37206,0.0,0.0
2025-03-06 00:00:00+09:00,2805.0,2945.0,2790.0,2805.0,55378,0.0,0.0
2025-03-07 00:00:00+09:00,2795.0,2935.0,2755.0,2785.0,100593,0.0,0.0
2025-03-10 00:00:00+09:00,2800.0,3070.0,2755.0,2835.0,196247,0.0,0.0
2025-03-11 00:00:00+09:00,2820.0,2920.0,2750.0,2895.0,64491,0.0,0.0
2025-03-12 00:00:00+09:00,2880.0,3015.0,2850.0,2850.0,59137,0.0,0.0
2025-03-13 00:00:00+09:00,2835.0,2925.0,2835.0,2890.0,24123,0.0,0.0
2025-03-14 00:00:00+09:00,2885.0,2885.0,2775.0,2795.0,57802,0.0,0.0
2025-03-17 00:00:00+09:00,2840.0,2840.0,2750.0,2790.0,24896,0.0,0.0
2025-03-18 00:00:00+09:00,2790.0,2820.0,2760.0,2815.0,17700,0.0,0.0
2025-03-19 00:00:00+09:00,2800.0,2830.0,2750.0,2750.0,15533,0.0,0.0
2025-03-20 00:00:00+09:00,2750.0,2760.0,2705.0,2725.0,28798,0.0,0.0
2025-03-21 00:00:00+09:00,2725.0,2725.0,2600.0,2620.0,70489,0.0,0.0
2025-03-24 00:00:00+09:00,2620.0,2685.0,2575.0,2605.0,24479,0.0,0.0
2025-03-25 00:00:00+09:00,2620.0,2660.0,2550.0,2555.0,33004,0.0,0.0
2025-03-26 00:00:00+09:00,2555.0,2560.0,2500.0,2560.0,74984,0.0,0.0
2025-03-27 00:00:00+09:00,2500.0,2685.0,2500.0,2610.0,36770,0.0,0.0
2025-03-28 00:00:00+09:00,2625.0,2630.0,2540.0,2575.0,37317,0.0,0.0
2025-03-31 00:00:00+09:00,2510.0,2585.0,2420.0,2500.0,77093,0.0,0.0
2025-04-01 00:00:00+09:00,2515.0,2545.0,2485.0,2540.0,49021,0.0,0.0
2025-04-02 00:00:00+09:00,2555.0,2560.0,2435.0,2440.0,67533,0.0,0.0
2025-04-03 00:00:00+09:00,2400.0,2835.0,2365.0,2520.0,441545,0.0,0.0
2025-04-04 00:00:00+09:00,2515.0,2580.0,2465.0,2535.0,57487,0.0,0.0
2025-04-07 00:00:00+09:00,2500.0,2500.0,2330.0,2365.0,92765,0.0,0.0
2025-04-08 00:00:00+09:00,2380.0,2490.0,2380.0,2430.0,39876,0.0,0.0
2025-04-09 00:00:00+09:00,2400.0,2445.0,2350.0,2365.0,35370,0.0,0.0
2025-04-10 00:00:00+09:00,2425.0,2540.0,2425.0,2535.0,61164,0.0,0.0
2025-04-11 00:00:00+09:00,2535.0,2635.0,2480.0,2610.0,45976,0.0,0.0
2025-04-14 00:00:00+09:00,2610.0,2630.0,2560.0,2610.0,31262,0.0,0.0
2025-04-15 00:00:00+09:00,2610.0,2700.0,2510.0,2560.0,94940,0.0,0.0
2025-04-16 00:00:00+09:00,2560.0,2580.0,2525.0,2525.0,62697,0.0,0.0
2025-04-17 00:00:00+09:00,2500.0,2670.0,2500.0,2640.0,60325,0.0,0.0
2025-04-18 00:00:00+09:00,2640.0,2640.0,2530.0,2580.0,88175,0.0,0.0
2025-04-21 00:00:00+09:00,2610.0,2735.0,2520.0,2645.0,129743,0.0,0.0
2025-04-22 00:00:00+09:00,2645.0,2645.0,2555.0,2605.0,60770,0.0,0.0
2025-04-23 00:00:00+09:00,2610.0,2620.0,2565.0,2575.0,40996,0.0,0.0
2025-04-24 00:00:00+09:00,2575.0,2585.0,2460.0,2505.0,106580,0.0,0.0
2025-04-25 00:00:00+09:00,2525.0,2550.0,2510.0,2530.0,28326,0.0,0.0
2025-04-28 00:00:00+09:00,2545.0,2550.0,2455.0,2455.0,41111,0.0,0.0
2025-04-29 00:00:00+09:00,2465.0,2495.0,2445.0,2480.0,10427,0.0,0.0
2025-04-30 00:00:00+09:00,2480.0,2490.0,2395.0,2410.0,59797,0.0,0.0
2025-05-02 00:00:00+09:00,2410.0,2420.0,2360.0,2385.0,27708,0.0,0.0
