Date,Open,High,Low,Close,Volume,Dividends,Stock Splits,Capital Gains
2014-11-14 00:00:00+09:00,3455.291259765625,3455.291259765625,3455.291259765625,3455.291259765625,300,0.0,0.0,0.0
2014-11-17 00:00:00+09:00,3455.291259765625,3455.291259765625,3455.291259765625,3455.291259765625,0,0.0,0.0,0.0
2014-11-18 00:00:00+09:00,3455.291259765625,3455.291259765625,3455.291259765625,3455.291259765625,0,0.0,0.0,0.0
2014-11-19 00:00:00+09:00,3455.291259765625,3455.291259765625,3455.291259765625,3455.291259765625,0,0.0,0.0,0.0
2014-11-20 00:00:00+09:00,3455.291259765625,3455.291259765625,3455.291259765625,3455.291259765625,0,0.0,0.0,0.0
2014-11-21 00:00:00+09:00,3455.291259765625,3455.291259765625,3455.291259765625,3455.291259765625,0,0.0,0.0,0.0
2014-11-24 00:00:00+09:00,3455.291259765625,3455.291259765625,3455.291259765625,3455.291259765625,0,0.0,0.0,0.0
2014-11-25 00:00:00+09:00,3455.291259765625,3455.291259765625,3455.291259765625,3455.291259765625,0,0.0,0.0,0.0
2014-11-26 00:00:00+09:00,3455.291259765625,3455.291259765625,3455.291259765625,3455.291259765625,0,0.0,0.0,0.0
2014-11-27 00:00:00+09:00,3455.291259765625,3455.291259765625,3455.291259765625,3455.291259765625,0,0.0,0.0,0.0
2014-11-28 00:00:00+09:00,3455.291259765625,3455.291259765625,3455.291259765625,3455.291259765625,0,0.0,0.0,0.0
2014-12-01 00:00:00+09:00,3455.291259765625,3455.291259765625,3455.291259765625,3455.291259765625,0,0.0,0.0,0.0
2014-12-02 00:00:00+09:00,3455.291259765625,3455.291259765625,3455.291259765625,3455.291259765625,0,0.0,0.0,0.0
2014-12-03 00:00:00+09:00,3455.291259765625,3455.291259765625,3455.291259765625,3455.291259765625,0,0.0,0.0,0.0
2014-12-04 00:00:00+09:00,3455.291259765625,3455.291259765625,3455.291259765625,3455.291259765625,0,0.0,0.0,0.0
2014-12-05 00:00:00+09:00,3455.291259765625,3455.291259765625,3455.291259765625,3455.291259765625,0,0.0,0.0,0.0
2014-12-08 00:00:00+09:00,3455.291259765625,3455.291259765625,3455.291259765625,3455.291259765625,0,0.0,0.0,0.0
2014-12-09 00:00:00+09:00,3455.291259765625,3455.291259765625,3455.291259765625,3455.291259765625,0,0.0,0.0,0.0
2014-12-10 00:00:00+09:00,3455.291259765625,3455.291259765625,3455.291259765625,3455.291259765625,0,0.0,0.0,0.0
2014-12-11 00:00:00+09:00,3455.291259765625,3455.291259765625,3455.291259765625,3455.291259765625,0,0.0,0.0,0.0
2014-12-12 00:00:00+09:00,3455.291259765625,3455.291259765625,3455.291259765625,3455.291259765625,0,0.0,0.0,0.0
2014-12-15 00:00:00+09:00,3455.291259765625,3455.291259765625,3455.291259765625,3455.291259765625,0,0.0,0.0,0.0
2014-12-16 00:00:00+09:00,3455.291259765625,3455.291259765625,3455.291259765625,3455.291259765625,0,0.0,0.0,0.0
2014-12-17 00:00:00+09:00,3455.291259765625,3455.291259765625,3455.291259765625,3455.291259765625,0,0.0,0.0,0.0
2014-12-18 00:00:00+09:00,3455.291259765625,3455.291259765625,3455.291259765625,3455.291259765625,0,0.0,0.0,0.0
2014-12-19 00:00:00+09:00,3455.291259765625,3455.291259765625,3455.291259765625,3455.291259765625,0,0.0,0.0,0.0
2014-12-22 00:00:00+09:00,3455.291259765625,3455.291259765625,3455.291259765625,3455.291259765625,0,0.0,0.0,0.0
2014-12-23 00:00:00+09:00,3455.291259765625,3455.291259765625,3455.291259765625,3455.291259765625,0,0.0,0.0,0.0
2014-12-24 00:00:00+09:00,3455.291259765625,3455.291259765625,3455.291259765625,3455.291259765625,0,0.0,0.0,0.0
2014-12-26 00:00:00+09:00,3455.291259765625,3455.291259765625,3455.291259765625,3455.291259765625,0,0.0,0.0,0.0
2014-12-29 00:00:00+09:00,3455.291259765625,3455.291259765625,3455.291259765625,3455.291259765625,0,0.0,0.0,0.0
2014-12-30 00:00:00+09:00,3455.291259765625,3455.291259765625,3455.291259765625,3455.291259765625,0,0.0,0.0,0.0
2015-01-02 00:00:00+09:00,3455.291259765625,3455.291259765625,3455.291259765625,3455.291259765625,0,0.0,0.0,0.0
2015-01-05 00:00:00+09:00,3455.291259765625,3455.291259765625,3455.291259765625,3455.291259765625,0,0.0,0.0,0.0
2015-01-06 00:00:00+09:00,3455.291259765625,3455.291259765625,3455.291259765625,3455.291259765625,0,0.0,0.0,0.0
2015-01-07 00:00:00+09:00,3455.291259765625,3455.291259765625,3455.291259765625,3455.291259765625,0,0.0,0.0,0.0
2015-01-08 00:00:00+09:00,3455.291259765625,3455.291259765625,3455.291259765625,3455.291259765625,0,0.0,0.0,0.0
2015-01-09 00:00:00+09:00,3455.291259765625,3455.291259765625,3455.291259765625,3455.291259765625,0,0.0,0.0,0.0
2015-01-12 00:00:00+09:00,3455.291259765625,3455.291259765625,3455.291259765625,3455.291259765625,0,0.0,0.0,0.0
2015-01-13 00:00:00+09:00,3455.291259765625,3455.291259765625,3455.291259765625,3455.291259765625,0,0.0,0.0,0.0
2015-01-14 00:00:00+09:00,3455.291259765625,3455.291259765625,3455.291259765625,3455.291259765625,0,0.0,0.0,0.0
2015-01-15 00:00:00+09:00,3455.291259765625,3455.291259765625,3455.291259765625,3455.291259765625,0,0.0,0.0,0.0
2015-01-16 00:00:00+09:00,3455.291259765625,3455.291259765625,3455.291259765625,3455.291259765625,0,0.0,0.0,0.0
2015-01-19 00:00:00+09:00,3455.291259765625,3455.291259765625,3455.291259765625,3455.291259765625,0,0.0,0.0,0.0
2015-01-20 00:00:00+09:00,3455.291259765625,3455.291259765625,3455.291259765625,3455.291259765625,0,0.0,0.0,0.0
2015-01-21 00:00:00+09:00,3455.291259765625,3455.291259765625,3455.291259765625,3455.291259765625,0,0.0,0.0,0.0
2015-01-22 00:00:00+09:00,3455.291259765625,3455.291259765625,3455.291259765625,3455.291259765625,0,0.0,0.0,0.0
2015-01-23 00:00:00+09:00,3455.291259765625,3455.291259765625,3455.291259765625,3455.291259765625,0,0.0,0.0,0.0
2015-01-26 00:00:00+09:00,3541.673828125,3541.673828125,3541.673828125,3541.673828125,3,0.0,0.0,0.0
2015-01-27 00:00:00+09:00,3541.673828125,3541.673828125,3541.673828125,3541.673828125,0,0.0,0.0,0.0
2015-01-28 00:00:00+09:00,3541.673828125,3541.673828125,3541.673828125,3541.673828125,0,0.0,0.0,0.0
2015-01-29 00:00:00+09:00,3541.673828125,3541.673828125,3541.673828125,3541.673828125,0,0.0,0.0,0.0
2015-01-30 00:00:00+09:00,3541.673828125,3541.673828125,3541.673828125,3541.673828125,0,0.0,0.0,0.0
2015-02-02 00:00:00+09:00,3541.673828125,3541.673828125,3541.673828125,3541.673828125,0,0.0,0.0,0.0
2015-02-03 00:00:00+09:00,3541.673828125,3541.673828125,3541.673828125,3541.673828125,0,0.0,0.0,0.0
2015-02-04 00:00:00+09:00,3541.673828125,3541.673828125,3541.673828125,3541.673828125,0,0.0,0.0,0.0
2015-02-05 00:00:00+09:00,3541.673828125,3541.673828125,3541.673828125,3541.673828125,0,0.0,0.0,0.0
2015-02-06 00:00:00+09:00,3541.673828125,3541.673828125,3541.673828125,3541.673828125,0,0.0,0.0,0.0
2015-02-09 00:00:00+09:00,3541.673828125,3541.673828125,3541.673828125,3541.673828125,0,0.0,0.0,0.0
2015-02-10 00:00:00+09:00,3541.673828125,3541.673828125,3541.673828125,3541.673828125,0,0.0,0.0,0.0
2015-02-11 00:00:00+09:00,3541.673828125,3541.673828125,3541.673828125,3541.673828125,0,0.0,0.0,0.0
2015-02-12 00:00:00+09:00,3541.673828125,3541.673828125,3541.673828125,3541.673828125,0,0.0,0.0,0.0
2015-02-13 00:00:00+09:00,3541.673828125,3541.673828125,3541.673828125,3541.673828125,0,0.0,0.0,0.0
2015-02-16 00:00:00+09:00,3541.673828125,3541.673828125,3541.673828125,3541.673828125,0,0.0,0.0,0.0
2015-02-17 00:00:00+09:00,3541.673828125,3541.673828125,3541.673828125,3541.673828125,0,0.0,0.0,0.0
2015-02-23 00:00:00+09:00,3541.673828125,3541.673828125,3541.673828125,3541.673828125,0,0.0,0.0,0.0
2015-02-24 00:00:00+09:00,3541.673828125,3541.673828125,3541.673828125,3541.673828125,0,0.0,0.0,0.0
2015-02-25 00:00:00+09:00,3541.673828125,3541.673828125,3541.673828125,3541.673828125,0,0.0,0.0,0.0
2015-02-26 00:00:00+09:00,3541.673828125,3541.673828125,3541.673828125,3541.673828125,0,0.0,0.0,0.0
2015-02-27 00:00:00+09:00,3541.673828125,3541.673828125,3541.673828125,3541.673828125,0,0.0,0.0,0.0
2015-03-02 00:00:00+09:00,3541.673828125,3541.673828125,3541.673828125,3541.673828125,0,0.0,0.0,0.0
2015-03-03 00:00:00+09:00,3541.673828125,3541.673828125,3541.673828125,3541.673828125,0,0.0,0.0,0.0
2015-03-04 00:00:00+09:00,3541.673828125,3541.673828125,3541.673828125,3541.673828125,0,0.0,0.0,0.0
2015-03-05 00:00:00+09:00,3541.673828125,3541.673828125,3541.673828125,3541.673828125,0,0.0,0.0,0.0
2015-03-06 00:00:00+09:00,3541.673828125,3541.673828125,3541.673828125,3541.673828125,0,0.0,0.0,0.0
2015-03-09 00:00:00+09:00,3541.673828125,3541.673828125,3541.673828125,3541.673828125,0,0.0,0.0,0.0
2015-03-10 00:00:00+09:00,2505.08642578125,2505.08642578125,2505.08642578125,2505.08642578125,1,0.0,0.0,0.0
2015-03-11 00:00:00+09:00,2505.08642578125,2505.08642578125,2505.08642578125,2505.08642578125,0,0.0,0.0,0.0
2015-03-12 00:00:00+09:00,2505.08642578125,2505.08642578125,2505.08642578125,2505.08642578125,0,0.0,0.0,0.0
2015-03-13 00:00:00+09:00,2505.08642578125,2505.08642578125,2505.08642578125,2505.08642578125,0,0.0,0.0,0.0
2015-03-16 00:00:00+09:00,2133.642578125,2133.642578125,2133.642578125,2133.642578125,1,0.0,0.0,0.0
2015-03-17 00:00:00+09:00,2133.642578125,2133.642578125,2133.642578125,2133.642578125,0,0.0,0.0,0.0
2015-03-18 00:00:00+09:00,2133.642578125,2133.642578125,2133.642578125,2133.642578125,0,0.0,0.0,0.0
2015-03-19 00:00:00+09:00,2133.642578125,2133.642578125,2133.642578125,2133.642578125,0,0.0,0.0,0.0
2015-03-20 00:00:00+09:00,2133.642578125,2133.642578125,2133.642578125,2133.642578125,0,0.0,0.0,0.0
2015-03-23 00:00:00+09:00,2133.642578125,2133.642578125,2133.642578125,2133.642578125,0,0.0,0.0,0.0
2015-03-24 00:00:00+09:00,1770.8369140625,1770.8369140625,1770.8369140625,1770.8369140625,2,0.0,0.0,0.0
2015-03-25 00:00:00+09:00,1814.0279541015625,1814.0279541015625,1814.0279541015625,1814.0279541015625,297,0.0,0.0,0.0
2015-03-26 00:00:00+09:00,1554.8812255859375,1554.8812255859375,1554.8812255859375,1554.8812255859375,1,0.0,0.0,0.0
2015-03-27 00:00:00+09:00,1554.8812255859375,1554.8812255859375,1554.8812255859375,1554.8812255859375,0,0.0,0.0,0.0
2015-03-30 00:00:00+09:00,1554.8812255859375,1554.8812255859375,1554.8812255859375,1554.8812255859375,0,0.0,0.0,0.0
2015-03-31 00:00:00+09:00,1554.8812255859375,1554.8812255859375,1554.8812255859375,1554.8812255859375,0,0.0,0.0,0.0
2015-04-01 00:00:00+09:00,1554.8812255859375,1554.8812255859375,1554.8812255859375,1554.8812255859375,0,0.0,0.0,0.0
2015-04-02 00:00:00+09:00,1641.263427734375,1641.263427734375,1641.263427734375,1641.263427734375,1,0.0,0.0,0.0
2015-04-03 00:00:00+09:00,1641.263427734375,1641.263427734375,1641.263427734375,1641.263427734375,0,0.0,0.0,0.0
2015-04-06 00:00:00+09:00,1641.263427734375,1641.263427734375,1641.263427734375,1641.263427734375,0,0.0,0.0,0.0
2015-04-07 00:00:00+09:00,1641.263427734375,1641.263427734375,1641.263427734375,1641.263427734375,0,0.0,0.0,0.0
2015-04-08 00:00:00+09:00,1641.263427734375,1641.263427734375,1641.263427734375,1641.263427734375,0,0.0,0.0,0.0
2015-04-09 00:00:00+09:00,1641.263427734375,1641.263427734375,1641.263427734375,1641.263427734375,0,0.0,0.0,0.0
2015-04-10 00:00:00+09:00,1641.263427734375,1641.263427734375,1641.263427734375,1641.263427734375,0,0.0,0.0,0.0
2015-04-13 00:00:00+09:00,1641.263427734375,1641.263427734375,1641.263427734375,1641.263427734375,0,0.0,0.0,0.0
2015-04-14 00:00:00+09:00,1641.263427734375,1641.263427734375,1641.263427734375,1641.263427734375,0,0.0,0.0,0.0
2015-04-15 00:00:00+09:00,1641.263427734375,1641.263427734375,1641.263427734375,1641.263427734375,0,0.0,0.0,0.0
2015-04-16 00:00:00+09:00,1641.263427734375,1641.263427734375,1641.263427734375,1641.263427734375,0,0.0,0.0,0.0
2015-04-17 00:00:00+09:00,1641.263427734375,1641.263427734375,1641.263427734375,1641.263427734375,0,0.0,0.0,0.0
2015-04-20 00:00:00+09:00,1641.263427734375,1641.263427734375,1641.263427734375,1641.263427734375,0,0.0,0.0,0.0
2015-04-21 00:00:00+09:00,1641.263427734375,1641.263427734375,1641.263427734375,1641.263427734375,0,0.0,0.0,0.0
2015-04-22 00:00:00+09:00,1641.263427734375,1641.263427734375,1641.263427734375,1641.263427734375,0,0.0,0.0,0.0
2015-04-23 00:00:00+09:00,1641.263427734375,1641.263427734375,1641.263427734375,1641.263427734375,0,0.0,0.0,0.0
2015-04-24 00:00:00+09:00,1641.263427734375,1641.263427734375,1641.263427734375,1641.263427734375,0,0.0,0.0,0.0
2015-04-27 00:00:00+09:00,1641.263427734375,1641.263427734375,1641.263427734375,1641.263427734375,0,0.0,0.0,0.0
2015-04-28 00:00:00+09:00,1641.263427734375,1641.263427734375,1641.263427734375,1641.263427734375,0,0.0,0.0,0.0
2015-04-29 00:00:00+09:00,1641.263427734375,1641.263427734375,1641.263427734375,1641.263427734375,0,0.0,0.0,0.0
2015-04-30 00:00:00+09:00,1641.263427734375,1641.263427734375,1641.263427734375,1641.263427734375,0,0.0,0.0,0.0
2015-05-04 00:00:00+09:00,1641.263427734375,1641.263427734375,1641.263427734375,1641.263427734375,0,0.0,0.0,0.0
2015-05-06 00:00:00+09:00,1641.263427734375,1641.263427734375,1641.263427734375,1641.263427734375,0,0.0,0.0,0.0
2015-05-07 00:00:00+09:00,1641.263427734375,1641.263427734375,1641.263427734375,1641.263427734375,0,0.0,0.0,0.0
2015-05-08 00:00:00+09:00,1641.263427734375,1641.263427734375,1641.263427734375,1641.263427734375,0,0.0,0.0,0.0
2015-05-11 00:00:00+09:00,1641.263427734375,1641.263427734375,1641.263427734375,1641.263427734375,0,0.0,0.0,0.0
2015-05-12 00:00:00+09:00,1641.263427734375,1641.263427734375,1641.263427734375,1641.263427734375,0,0.0,0.0,0.0
2015-05-13 00:00:00+09:00,1986.7926025390625,1986.7926025390625,1986.7926025390625,1986.7926025390625,500,0.0,0.0,0.0
2015-05-14 00:00:00+09:00,1986.7926025390625,1986.7926025390625,1986.7926025390625,1986.7926025390625,0,0.0,0.0,0.0
2015-05-15 00:00:00+09:00,1986.7926025390625,1986.7926025390625,1986.7926025390625,1986.7926025390625,0,0.0,0.0,0.0
2015-05-18 00:00:00+09:00,1986.7926025390625,1986.7926025390625,1986.7926025390625,1986.7926025390625,0,0.0,0.0,0.0
2015-05-19 00:00:00+09:00,1986.7926025390625,1986.7926025390625,1986.7926025390625,1986.7926025390625,0,0.0,0.0,0.0
2015-05-20 00:00:00+09:00,1986.7926025390625,1986.7926025390625,1986.7926025390625,1986.7926025390625,0,0.0,0.0,0.0
2015-05-21 00:00:00+09:00,1986.7926025390625,1986.7926025390625,1986.7926025390625,1986.7926025390625,0,0.0,0.0,0.0
2015-05-22 00:00:00+09:00,2427.34228515625,2427.34228515625,2427.34228515625,2427.34228515625,400,0.0,0.0,0.0
2015-05-26 00:00:00+09:00,2427.34228515625,2427.34228515625,2427.34228515625,2427.34228515625,0,0.0,0.0,0.0
2015-05-27 00:00:00+09:00,2358.236572265625,2358.236572265625,2358.236572265625,2358.236572265625,400,0.0,0.0,0.0
2015-05-28 00:00:00+09:00,2358.236572265625,2358.236572265625,2358.236572265625,2358.236572265625,0,0.0,0.0,0.0
2015-05-29 00:00:00+09:00,2289.130615234375,2289.130615234375,2289.130615234375,2289.130615234375,400,0.0,0.0,0.0
2015-06-01 00:00:00+09:00,2289.130615234375,2289.130615234375,2289.130615234375,2289.130615234375,0,0.0,0.0,0.0
2015-06-02 00:00:00+09:00,2289.130615234375,2289.130615234375,2289.130615234375,2289.130615234375,0,0.0,0.0,0.0
2015-06-03 00:00:00+09:00,2280.492431640625,2280.492431640625,2280.492431640625,2280.492431640625,400,0.0,0.0,0.0
2015-06-04 00:00:00+09:00,2280.492431640625,2280.492431640625,2280.492431640625,2280.492431640625,0,0.0,0.0,0.0
2015-06-05 00:00:00+09:00,2280.492431640625,2280.492431640625,2280.492431640625,2280.492431640625,0,0.0,0.0,0.0
2015-06-08 00:00:00+09:00,2280.492431640625,2280.492431640625,2280.492431640625,2280.492431640625,0,0.0,0.0,0.0
2015-06-09 00:00:00+09:00,2280.492431640625,2280.492431640625,2280.492431640625,2280.492431640625,0,0.0,0.0,0.0
2015-06-10 00:00:00+09:00,2215.7060546875,2215.7060546875,2215.7060546875,2215.7060546875,400,0.0,0.0,0.0
2015-06-11 00:00:00+09:00,2215.7060546875,2215.7060546875,2215.7060546875,2215.7060546875,0,0.0,0.0,0.0
2015-06-12 00:00:00+09:00,2215.7060546875,2215.7060546875,2215.7060546875,2215.7060546875,0,0.0,0.0,0.0
2015-06-15 00:00:00+09:00,2215.7060546875,2215.7060546875,2215.7060546875,2215.7060546875,0,0.0,0.0,0.0
2015-06-16 00:00:00+09:00,2150.919189453125,2150.919189453125,2150.919189453125,2150.919189453125,1,0.0,0.0,0.0
2015-06-17 00:00:00+09:00,2150.919189453125,2150.919189453125,2150.919189453125,2150.919189453125,0,0.0,0.0,0.0
2015-06-18 00:00:00+09:00,2150.919189453125,2150.919189453125,2150.919189453125,2150.919189453125,0,0.0,0.0,0.0
2015-06-19 00:00:00+09:00,2150.919189453125,2150.919189453125,2150.919189453125,2150.919189453125,0,0.0,0.0,0.0
2015-06-22 00:00:00+09:00,2150.919189453125,2150.919189453125,2150.919189453125,2150.919189453125,0,0.0,0.0,0.0
2015-06-23 00:00:00+09:00,2090.451416015625,2090.451416015625,2090.451416015625,2090.451416015625,500,0.0,0.0,0.0
2015-06-24 00:00:00+09:00,2090.451416015625,2090.451416015625,2090.451416015625,2090.451416015625,0,0.0,0.0,0.0
2015-06-25 00:00:00+09:00,2090.451416015625,2090.451416015625,2090.451416015625,2090.451416015625,0,0.0,0.0,0.0
2015-06-26 00:00:00+09:00,2090.451416015625,2090.451416015625,2090.451416015625,2090.451416015625,0,0.0,0.0,0.0
2015-06-29 00:00:00+09:00,2090.451416015625,2090.451416015625,2090.451416015625,2090.451416015625,0,0.0,0.0,0.0
2015-06-30 00:00:00+09:00,2090.451416015625,2090.451416015625,2090.451416015625,2090.451416015625,0,0.0,0.0,0.0
2015-07-01 00:00:00+09:00,2090.451416015625,2090.451416015625,2090.451416015625,2090.451416015625,0,0.0,0.0,0.0
2015-07-02 00:00:00+09:00,2090.451416015625,2090.451416015625,2090.451416015625,2090.451416015625,0,0.0,0.0,0.0
2015-07-03 00:00:00+09:00,2090.451416015625,2090.451416015625,2090.451416015625,2090.451416015625,0,0.0,0.0,0.0
2015-07-06 00:00:00+09:00,2090.451416015625,2090.451416015625,2090.451416015625,2090.451416015625,0,0.0,0.0,0.0
2015-07-07 00:00:00+09:00,2090.451416015625,2090.451416015625,2090.451416015625,2090.451416015625,0,0.0,0.0,0.0
2015-07-08 00:00:00+09:00,2090.451416015625,2090.451416015625,2090.451416015625,2090.451416015625,0,0.0,0.0,0.0
2015-07-09 00:00:00+09:00,2090.451416015625,2090.451416015625,2090.451416015625,2090.451416015625,0,0.0,0.0,0.0
2015-07-10 00:00:00+09:00,1779.4752583246307,1779.4752583246307,1680.1356201171875,1680.1356201171875,2495,0.0,0.0,0.0
2015-07-13 00:00:00+09:00,1680.1356201171875,1680.1356201171875,1680.1356201171875,1680.1356201171875,0,0.0,0.0,0.0
2015-07-14 00:00:00+09:00,1727.6456298828125,1727.6456298828125,1727.6456298828125,1727.6456298828125,4,0.0,0.0,0.0
2015-07-15 00:00:00+09:00,1727.6456298828125,1727.6456298828125,1727.6456298828125,1727.6456298828125,0,0.0,0.0,0.0
2015-07-16 00:00:00+09:00,1727.6456298828125,1727.6456298828125,1727.6456298828125,1727.6456298828125,0,0.0,0.0,0.0
2015-07-17 00:00:00+09:00,1727.6456298828125,1727.6456298828125,1727.6456298828125,1727.6456298828125,0,0.0,0.0,0.0
2015-07-20 00:00:00+09:00,1727.6456298828125,1727.6456298828125,1727.6456298828125,1727.6456298828125,0,0.0,0.0,0.0
2015-07-21 00:00:00+09:00,2366.874755859375,2366.874755859375,2366.874755859375,2366.874755859375,400,0.0,0.0,0.0
2015-07-22 00:00:00+09:00,2297.768798828125,2297.768798828125,2297.768798828125,2297.768798828125,400,0.0,0.0,0.0
2015-07-23 00:00:00+09:00,2232.98193359375,2232.98193359375,2232.98193359375,2232.98193359375,400,0.0,0.0,0.0
2015-07-24 00:00:00+09:00,2168.195556640625,2168.195556640625,2168.195556640625,2168.195556640625,400,0.0,0.0,0.0
2015-07-27 00:00:00+09:00,2073.1748896059785,2073.1748896059785,1986.7926025390625,1986.7926025390625,841,0.0,0.0,0.0
2015-07-28 00:00:00+09:00,1986.792540258291,1986.792540258291,1693.0927734375,1693.0927734375,10,0.0,0.0,0.0
2015-07-29 00:00:00+09:00,1511.690185546875,1511.690185546875,1511.690185546875,1511.690185546875,3,0.0,0.0,0.0
2015-07-30 00:00:00+09:00,1736.283935546875,1736.283935546875,1736.283935546875,1736.283935546875,845,0.0,0.0,0.0
2015-07-31 00:00:00+09:00,1783.7943115234375,1783.7943115234375,1783.7943115234375,1783.7943115234375,1600,0.0,0.0,0.0
2015-08-03 00:00:00+09:00,1783.7943115234375,1783.7943115234375,1783.7943115234375,1783.7943115234375,0,0.0,0.0,0.0
2015-08-04 00:00:00+09:00,1783.7943115234375,1783.7943115234375,1783.7943115234375,1783.7943115234375,0,0.0,0.0,0.0
2015-08-05 00:00:00+09:00,1783.7943115234375,1783.7943115234375,1783.7943115234375,1783.7943115234375,0,0.0,0.0,0.0
2015-08-06 00:00:00+09:00,1783.7943115234375,1783.7943115234375,1783.7943115234375,1783.7943115234375,0,0.0,0.0,0.0
2015-08-07 00:00:00+09:00,1783.7943115234375,1783.7943115234375,1783.7943115234375,1783.7943115234375,0,0.0,0.0,0.0
2015-08-10 00:00:00+09:00,1783.7943115234375,1783.7943115234375,1783.7943115234375,1783.7943115234375,0,0.0,0.0,0.0
2015-08-11 00:00:00+09:00,1783.7943115234375,1783.7943115234375,1783.7943115234375,1783.7943115234375,0,0.0,0.0,0.0
2015-08-12 00:00:00+09:00,1783.7943115234375,1783.7943115234375,1783.7943115234375,1783.7943115234375,0,0.0,0.0,0.0
2015-08-13 00:00:00+09:00,1783.7943115234375,1783.7943115234375,1783.7943115234375,1783.7943115234375,0,0.0,0.0,0.0
2015-08-14 00:00:00+09:00,1783.7943115234375,1783.7943115234375,1783.7943115234375,1783.7943115234375,0,0.0,0.0,0.0
2015-08-17 00:00:00+09:00,1783.7943115234375,1783.7943115234375,1783.7943115234375,1783.7943115234375,0,0.0,0.0,0.0
2015-08-18 00:00:00+09:00,1783.7943115234375,1783.7943115234375,1783.7943115234375,1783.7943115234375,0,0.0,0.0,0.0
2015-08-19 00:00:00+09:00,2543.9584550370682,2876.5302734375,2543.9584550370682,2876.5302734375,410,0.0,0.0,0.0
2015-08-20 00:00:00+09:00,2794.466552734375,2794.466552734375,2794.466552734375,2794.466552734375,400,0.0,0.0,0.0
2015-08-21 00:00:00+09:00,2716.72314453125,2716.72314453125,2716.72314453125,2716.72314453125,400,0.0,0.0,0.0
2015-08-24 00:00:00+09:00,2716.72314453125,2716.72314453125,2716.72314453125,2716.72314453125,0,0.0,0.0,0.0
2015-08-25 00:00:00+09:00,2716.72314453125,2716.72314453125,2716.72314453125,2716.72314453125,0,0.0,0.0,0.0
2015-08-26 00:00:00+09:00,2716.72314453125,2716.72314453125,2716.72314453125,2716.72314453125,0,0.0,0.0,0.0
2015-08-27 00:00:00+09:00,2716.72314453125,2716.72314453125,2716.72314453125,2716.72314453125,0,0.0,0.0,0.0
2015-08-28 00:00:00+09:00,2716.72314453125,2716.72314453125,2716.72314453125,2716.72314453125,0,0.0,0.0,0.0
2015-08-31 00:00:00+09:00,2798.785888671875,2798.785888671875,2798.785888671875,2798.785888671875,400,0.0,0.0,0.0
2015-09-01 00:00:00+09:00,2716.72314453125,2716.72314453125,2716.72314453125,2716.72314453125,10,0.0,0.0,0.0
2015-09-02 00:00:00+09:00,2716.72314453125,2716.72314453125,2716.72314453125,2716.72314453125,400,0.0,0.0,0.0
2015-09-03 00:00:00+09:00,2716.72314453125,2716.72314453125,2716.72314453125,2716.72314453125,0,0.0,0.0,0.0
2015-09-04 00:00:00+09:00,2716.72314453125,2716.72314453125,2716.72314453125,2716.72314453125,0,0.0,0.0,0.0
2015-09-07 00:00:00+09:00,2716.72314453125,2716.72314453125,2716.72314453125,2716.72314453125,0,0.0,0.0,0.0
2015-09-08 00:00:00+09:00,2716.72314453125,2716.72314453125,2716.72314453125,2716.72314453125,0,0.0,0.0,0.0
2015-09-09 00:00:00+09:00,2716.72314453125,2716.72314453125,2716.72314453125,2716.72314453125,0,0.0,0.0,0.0
2015-09-10 00:00:00+09:00,2638.97900390625,2638.97900390625,2638.97900390625,2638.97900390625,400,0.0,0.0,0.0
2015-09-11 00:00:00+09:00,2638.97900390625,2638.97900390625,2638.97900390625,2638.97900390625,0,0.0,0.0,0.0
2015-09-14 00:00:00+09:00,2492.129150390625,2492.129150390625,2492.129150390625,2492.129150390625,5,0.0,0.0,0.0
2015-09-15 00:00:00+09:00,2492.129150390625,2492.129150390625,2492.129150390625,2492.129150390625,0,0.0,0.0,0.0
2015-09-16 00:00:00+09:00,2492.129150390625,2492.129150390625,2492.129150390625,2492.129150390625,0,0.0,0.0,0.0
2015-09-17 00:00:00+09:00,2492.129150390625,2492.129150390625,2492.129150390625,2492.129150390625,0,0.0,0.0,0.0
2015-09-18 00:00:00+09:00,2492.129150390625,2492.129150390625,2492.129150390625,2492.129150390625,0,0.0,0.0,0.0
2015-09-21 00:00:00+09:00,2492.129150390625,2492.129150390625,2492.129150390625,2492.129150390625,0,0.0,0.0,0.0
2015-09-22 00:00:00+09:00,2492.129150390625,2492.129150390625,2492.129150390625,2492.129150390625,0,0.0,0.0,0.0
2015-09-23 00:00:00+09:00,2492.129150390625,2492.129150390625,2492.129150390625,2492.129150390625,0,0.0,0.0,0.0
2015-09-24 00:00:00+09:00,2492.129150390625,2492.129150390625,2492.129150390625,2492.129150390625,0,0.0,0.0,0.0
2015-09-25 00:00:00+09:00,2492.129150390625,2492.129150390625,2492.129150390625,2492.129150390625,0,0.0,0.0,0.0
2015-09-30 00:00:00+09:00,2492.129150390625,2492.129150390625,2492.129150390625,2492.129150390625,0,0.0,0.0,0.0
2015-10-01 00:00:00+09:00,2492.129150390625,2492.129150390625,2492.129150390625,2492.129150390625,0,0.0,0.0,0.0
2015-10-02 00:00:00+09:00,2492.129150390625,2492.129150390625,2492.129150390625,2492.129150390625,0,0.0,0.0,0.0
2015-10-05 00:00:00+09:00,2492.129150390625,2492.129150390625,2492.129150390625,2492.129150390625,0,0.0,0.0,0.0
2015-10-06 00:00:00+09:00,2492.129150390625,2492.129150390625,2492.129150390625,2492.129150390625,0,0.0,0.0,0.0
2015-10-07 00:00:00+09:00,2492.129150390625,2492.129150390625,2492.129150390625,2492.129150390625,0,0.0,0.0,0.0
2015-10-08 00:00:00+09:00,2492.129150390625,2492.129150390625,2492.129150390625,2492.129150390625,0,0.0,0.0,0.0
2015-10-12 00:00:00+09:00,2492.129150390625,2492.129150390625,2492.129150390625,2492.129150390625,0,0.0,0.0,0.0
2015-10-13 00:00:00+09:00,2492.129150390625,2492.129150390625,2492.129150390625,2492.129150390625,0,0.0,0.0,0.0
2015-10-14 00:00:00+09:00,2492.129150390625,2492.129150390625,2492.129150390625,2492.129150390625,0,0.0,0.0,0.0
2015-10-15 00:00:00+09:00,2492.129150390625,2492.129150390625,2492.129150390625,2492.129150390625,0,0.0,0.0,0.0
2015-10-16 00:00:00+09:00,1256.8623046875,1256.8623046875,1256.8623046875,1256.8623046875,4,0.0,0.0,0.0
2015-10-19 00:00:00+09:00,1291.4150248281526,1291.4150248281526,1222.3092041015625,1222.3092041015625,801,0.0,0.0,0.0
2015-10-20 00:00:00+09:00,1291.4150248281526,1291.4150248281526,1222.3092041015625,1222.3092041015625,803,0.0,0.0,0.0
2015-10-21 00:00:00+09:00,1291.4150248281526,1291.4150248281526,1222.3092041015625,1222.3092041015625,803,0.0,0.0,0.0
2015-10-22 00:00:00+09:00,1343.2446509121226,1343.2446509121226,1269.8197021484375,1269.8197021484375,802,0.0,0.0,0.0
2015-10-23 00:00:00+09:00,1360.5208838546034,1360.5208838546034,1287.095947265625,1287.095947265625,703,0.0,0.0,0.0
2015-10-26 00:00:00+09:00,1364.8402099609375,1364.8402099609375,1364.8402099609375,1364.8402099609375,456,0.0,0.0,0.0
2015-10-27 00:00:00+09:00,1364.8402099609375,1364.8402099609375,1364.8402099609375,1364.8402099609375,0,0.0,0.0,0.0
2015-10-28 00:00:00+09:00,1364.8402099609375,1364.8402099609375,1364.8402099609375,1364.8402099609375,0,0.0,0.0,0.0
2015-10-29 00:00:00+09:00,1364.8402099609375,1364.8402099609375,1364.8402099609375,1364.8402099609375,0,0.0,0.0,0.0
2015-10-30 00:00:00+09:00,1364.8402099609375,1364.8402099609375,1364.8402099609375,1364.8402099609375,0,0.0,0.0,0.0
2015-11-02 00:00:00+09:00,1364.8402099609375,1364.8402099609375,1364.8402099609375,1364.8402099609375,0,0.0,0.0,0.0
2015-11-03 00:00:00+09:00,1364.8402099609375,1364.8402099609375,1364.8402099609375,1364.8402099609375,0,0.0,0.0,0.0
2015-11-04 00:00:00+09:00,1364.8402099609375,1364.8402099609375,1364.8402099609375,1364.8402099609375,0,0.0,0.0,0.0
2015-11-05 00:00:00+09:00,2721.041741327408,3295.48388671875,2721.041741327408,3295.48388671875,402,0.0,0.0,0.0
2015-11-06 00:00:00+09:00,3161.591796875,3161.591796875,3161.591796875,3161.591796875,300,0.0,0.0,0.0
2015-11-09 00:00:00+09:00,3019.061279296875,3019.061279296875,3019.061279296875,3019.061279296875,300,0.0,0.0,0.0
2015-11-10 00:00:00+09:00,2932.6785469320453,3105.443115234375,2932.6785469320453,3105.443115234375,303,0.0,0.0,0.0
2015-11-11 00:00:00+09:00,3019.0608310832104,3105.443115234375,3019.0608310832104,3105.443115234375,303,0.0,0.0,0.0
2015-11-12 00:00:00+09:00,3019.0613089896538,3196.14501953125,3019.0613089896538,3196.14501953125,303,0.0,0.0,0.0
2015-11-13 00:00:00+09:00,2716.7228657425467,3286.845947265625,2716.7228657425467,3286.845947265625,301,0.0,0.0,0.0
2015-11-16 00:00:00+09:00,3191.825439453125,3191.825439453125,3191.825439453125,3191.825439453125,300,0.0,0.0,0.0
2015-11-17 00:00:00+09:00,2716.7227006392045,3278.20751953125,2716.7227006392045,3278.20751953125,303,0.0,0.0,0.0
2015-11-18 00:00:00+09:00,2790.1476568760017,3368.908935546875,2790.1476568760017,3368.908935546875,303,0.0,0.0,0.0
2015-11-19 00:00:00+09:00,2863.5732421875,2863.5732421875,2863.5732421875,2863.5732421875,300,0.0,0.0,0.0
2015-11-20 00:00:00+09:00,2863.573144740813,3019.061279296875,2863.573144740813,3019.061279296875,4,0.0,0.0,0.0
2015-11-23 00:00:00+09:00,2932.6785469320453,3105.443115234375,2932.6785469320453,3105.443115234375,303,0.0,0.0,0.0
2015-11-24 00:00:00+09:00,2643.29833984375,2643.29833984375,2643.29833984375,2643.29833984375,300,0.0,0.0,0.0
2015-11-25 00:00:00+09:00,2487.81005859375,2487.81005859375,2487.81005859375,2487.81005859375,400,0.0,0.0,0.0
2015-11-26 00:00:00+09:00,2245.9396524234694,2245.9396524234694,2116.3662109375,2116.3662109375,410,0.0,0.0,0.0
2015-11-27 00:00:00+09:00,2116.3662109375,2116.3662109375,2116.3662109375,2116.3662109375,0,0.0,0.0,0.0
2015-11-30 00:00:00+09:00,1805.3897705078125,1805.3897705078125,1805.3897705078125,1805.3897705078125,10,0.0,0.0,0.0
2015-12-01 00:00:00+09:00,1805.3897705078125,1805.3897705078125,1805.3897705078125,1805.3897705078125,0,0.0,0.0,0.0
2015-12-02 00:00:00+09:00,1900.4102847450658,1900.4102847450658,1805.3897705078125,1805.3897705078125,503,0.0,0.0,0.0
2015-12-03 00:00:00+09:00,1900.4102847450658,1900.4102847450658,1805.3897705078125,1805.3897705078125,503,0.0,0.0,0.0
2015-12-04 00:00:00+09:00,1900.4102847450658,1900.4102847450658,1805.3897705078125,1805.3897705078125,503,0.0,0.0,0.0
2015-12-07 00:00:00+09:00,1900.4102847450658,1900.4102847450658,1805.3897705078125,1805.3897705078125,503,0.0,0.0,0.0
2015-12-08 00:00:00+09:00,1917.6866943359375,1917.6866943359375,1814.0279541015625,1814.0279541015625,502,0.0,0.0,0.0
2015-12-09 00:00:00+09:00,1917.6866943359375,1917.6866943359375,1814.0279541015625,1814.0279541015625,503,0.0,0.0,0.0
2015-12-10 00:00:00+09:00,1917.6866943359375,1917.6866943359375,1814.0279541015625,1814.0279541015625,503,0.0,0.0,0.0
2015-12-11 00:00:00+09:00,1917.6868896484375,1917.6868896484375,1917.6868896484375,1917.6868896484375,114,0.0,0.0,0.0
2015-12-14 00:00:00+09:00,1917.6868896484375,1917.6868896484375,1917.6868896484375,1917.6868896484375,0,0.0,0.0,0.0
2015-12-15 00:00:00+09:00,1917.6868896484375,1917.6868896484375,1917.6868896484375,1917.6868896484375,0,0.0,0.0,0.0
2015-12-16 00:00:00+09:00,1917.6868896484375,1917.6868896484375,1917.6868896484375,1917.6868896484375,0,0.0,0.0,0.0
2015-12-17 00:00:00+09:00,2811.743408203125,2811.743408203125,2811.743408203125,2811.743408203125,400,0.0,0.0,0.0
2015-12-18 00:00:00+09:00,2733.999408232276,2893.806640625,2733.999408232276,2893.806640625,803,0.0,0.0,0.0
2015-12-21 00:00:00+09:00,2811.743233755883,2811.743233755883,2466.214111328125,2466.214111328125,410,0.0,0.0,0.0
2015-12-22 00:00:00+09:00,2103.40869140625,2103.40869140625,2103.40869140625,2103.40869140625,4,0.0,0.0,0.0
2015-12-23 00:00:00+09:00,2163.8762390265756,2163.8762390265756,2042.9410400390625,2042.9410400390625,503,0.0,0.0,0.0
2015-12-24 00:00:00+09:00,2073.17484375,2159.55712890625,2073.17484375,2159.55712890625,600,0.0,0.0,0.0
2015-12-28 00:00:00+09:00,2159.55712890625,2159.55712890625,2159.55712890625,2159.55712890625,0,0.0,0.0,0.0
2015-12-29 00:00:00+09:00,2289.1309130776754,2552.596923828125,2289.1309130776754,2552.596923828125,103,0.0,0.0,0.0
2015-12-30 00:00:00+09:00,2552.596923828125,2552.596923828125,2552.596923828125,2552.596923828125,0,0.0,0.0,0.0
2016-01-04 00:00:00+09:00,2850.6157784598217,3023.38037109375,2850.6157784598217,3023.38037109375,402,0.0,0.0,0.0
2016-01-05 00:00:00+09:00,2936.998074776786,3023.38037109375,2936.998074776786,3023.38037109375,302,0.0,0.0,0.0
2016-01-06 00:00:00+09:00,2936.998074776786,3023.38037109375,2936.998074776786,3023.38037109375,301,0.0,0.0,0.0
2016-01-07 00:00:00+09:00,2936.998074776786,3023.38037109375,2936.998074776786,3023.38037109375,301,0.0,0.0,0.0
2016-01-08 00:00:00+09:00,2936.9978705512153,3109.762451171875,2936.9978705512153,3109.762451171875,302,0.0,0.0,0.0
2016-01-11 00:00:00+09:00,3019.061279296875,3019.061279296875,3019.061279296875,3019.061279296875,300,0.0,0.0,0.0
2016-01-12 00:00:00+09:00,2932.678955078125,2932.678955078125,2932.678955078125,2932.678955078125,300,0.0,0.0,0.0
2016-01-13 00:00:00+09:00,3364.59033203125,3364.59033203125,3364.59033203125,3364.59033203125,5,0.0,0.0,0.0
2016-01-14 00:00:00+09:00,3861.288818359375,3861.288818359375,3861.288818359375,3861.288818359375,5,0.0,0.0,0.0
2016-01-15 00:00:00+09:00,3861.288818359375,3861.288818359375,3861.288818359375,3861.288818359375,0,0.0,0.0,0.0
2016-01-18 00:00:00+09:00,4064.2863497719723,4306.15673828125,4064.2863497719723,4306.15673828125,301,0.0,0.0,0.0
2016-01-19 00:00:00+09:00,4180.90283203125,4180.90283203125,4180.90283203125,4180.90283203125,300,0.0,0.0,0.0
2016-01-20 00:00:00+09:00,4059.9675292968755,4059.9675292968755,4059.9675292968755,4059.967529296875,300,0.0,0.0,0.0
2016-01-21 00:00:00+09:00,3943.3517866953202,4176.583984375,3943.3517866953202,4176.583984375,306,0.0,0.0,0.0
2016-01-22 00:00:00+09:00,4794.21630859375,4794.21630859375,4794.21630859375,4794.21630859375,5,0.0,0.0,0.0
2016-01-25 00:00:00+09:00,5286.5966796875,5286.5966796875,5286.5966796875,5286.5966796875,60,0.0,0.0,0.0
2016-01-26 00:00:00+09:00,5139.74609375,5139.74609375,5139.74609375,5139.74609375,200,0.0,0.0,0.0
2016-01-27 00:00:00+09:00,4992.896864149306,5286.5966796875,4992.896864149306,5286.5966796875,203,0.0,0.0,0.0
2016-01-28 00:00:00+09:00,5139.74609375,5139.74609375,5139.74609375,5139.74609375,200,0.0,0.0,0.0
2016-01-29 00:00:00+09:00,4992.896864149306,5286.5966796875,4992.896864149306,5286.5966796875,202,0.0,0.0,0.0
2016-02-01 00:00:00+09:00,5286.596028645833,6064.03662109375,5286.596028645833,6064.03662109375,6,0.0,0.0,0.0
2016-02-02 00:00:00+09:00,5606.2109375,5606.2109375,5606.2109375,5606.2109375,200,0.0,0.0,0.0
2016-02-03 00:00:00+09:00,4768.302734375,4768.302734375,4768.302734375,4768.302734375,200,0.0,0.0,0.0
2016-02-04 00:00:00+09:00,4768.3020401362555,5467.99853515625,4768.3020401362555,5467.99853515625,3,0.0,0.0,0.0
2016-02-05 00:00:00+09:00,6271.35400390625,6271.35400390625,6271.35400390625,6271.35400390625,5,0.0,0.0,0.0
2016-02-11 00:00:00+09:00,6089.95076987638,6452.75634765625,6089.95076987638,6452.75634765625,202,0.0,0.0,0.0
2016-02-12 00:00:00+09:00,6271.353557532104,6642.79736328125,6271.353557532104,6642.79736328125,202,0.0,0.0,0.0
2016-02-15 00:00:00+09:00,6452.757267427504,6832.83935546875,6452.757267427504,6832.83935546875,202,0.0,0.0,0.0
2016-02-16 00:00:00+09:00,6634.160012285012,7031.5185546875,6634.160012285012,7031.5185546875,202,0.0,0.0,0.0
2016-02-17 00:00:00+09:00,6832.83935546875,6832.83935546875,6832.83935546875,6832.83935546875,200,0.0,0.0,0.0
2016-02-18 00:00:00+09:00,6634.15966796875,6634.15966796875,6634.15966796875,6634.15966796875,200,0.0,0.0,0.0
2016-02-19 00:00:00+09:00,6444.1181640625,6444.1181640625,6444.1181640625,6444.1181640625,200,0.0,0.0,0.0
2016-02-22 00:00:00+09:00,6262.7158203125,6262.7158203125,6262.7158203125,6262.7158203125,200,0.0,0.0,0.0
2016-02-23 00:00:00+09:00,6038.121811950091,6038.121811950091,5338.42529296875,5338.42529296875,205,0.0,0.0,0.0
2016-02-24 00:00:00+09:00,5338.42529296875,5338.42529296875,5338.42529296875,5338.42529296875,0,0.0,0.0,0.0
2016-02-25 00:00:00+09:00,4405.49658203125,4405.49658203125,4405.49658203125,4405.49658203125,200,0.0,0.0,0.0
2016-02-26 00:00:00+09:00,4280.24169921875,4280.24169921875,4280.24169921875,4280.24169921875,300,0.0,0.0,0.0
2016-02-29 00:00:00+09:00,4280.24169921875,4280.24169921875,4280.24169921875,4280.24169921875,0,0.0,0.0,0.0
2016-03-02 00:00:00+09:00,4159.306640625,4159.306640625,4159.306640625,4159.306640625,300,0.0,0.0,0.0
2016-03-03 00:00:00+09:00,3541.673828125,3541.673828125,3541.673828125,3541.673828125,1,0.0,0.0,0.0
2016-03-04 00:00:00+09:00,3442.334228515625,3442.334228515625,3442.334228515625,3442.334228515625,300,0.0,0.0,0.0
2016-03-07 00:00:00+09:00,3442.334228515625,3442.334228515625,3442.334228515625,3442.334228515625,0,0.0,0.0,0.0
2016-03-08 00:00:00+09:00,3442.334228515625,3442.334228515625,3442.334228515625,3442.334228515625,0,0.0,0.0,0.0
2016-03-09 00:00:00+09:00,2850.614990234375,2850.614990234375,2850.614990234375,2850.614990234375,5,0.0,0.0,0.0
2016-03-10 00:00:00+09:00,2768.5523216817724,2768.5523216817724,2427.34228515625,2427.34228515625,405,0.0,0.0,0.0
2016-03-11 00:00:00+09:00,2427.34228515625,2427.34228515625,2427.34228515625,2427.34228515625,0,0.0,0.0,0.0
2016-03-14 00:00:00+09:00,2068.855712890625,2068.855712890625,2068.855712890625,2068.855712890625,2,0.0,0.0,0.0
2016-03-15 00:00:00+09:00,2068.855712890625,2068.855712890625,2068.855712890625,2068.855712890625,0,0.0,0.0,0.0
2016-03-16 00:00:00+09:00,2068.855712890625,2068.855712890625,2068.855712890625,2068.855712890625,0,0.0,0.0,0.0
2016-03-17 00:00:00+09:00,1766.5177001953125,1766.5177001953125,1766.5177001953125,1766.5177001953125,3,0.0,0.0,0.0
2016-03-18 00:00:00+09:00,1766.5177001953125,1766.5177001953125,1766.5177001953125,1766.5177001953125,0,0.0,0.0,0.0
2016-03-21 00:00:00+09:00,1814.0279541015625,1814.0279541015625,1814.0279541015625,1814.0279541015625,600,0.0,0.0,0.0
2016-03-22 00:00:00+09:00,1541.923828125,1541.923828125,1541.923828125,1541.923828125,1,0.0,0.0,0.0
2016-03-23 00:00:00+09:00,1313.0108642578125,1313.0108642578125,1313.0108642578125,1313.0108642578125,1,0.0,0.0,0.0
2016-03-24 00:00:00+09:00,1382.11669921875,1382.11669921875,1313.0108642578125,1313.0108642578125,701,0.0,0.0,0.0
2016-03-25 00:00:00+09:00,1351.8828964233398,1351.8828964233398,1313.0108642578125,1313.0108642578125,1401,0.0,0.0,0.0
2016-03-28 00:00:00+09:00,1122.9697265625,1122.9697265625,1122.9697265625,1122.9697265625,4,0.0,0.0,0.0
2016-03-29 00:00:00+09:00,1192.0756611440374,1192.0756611440374,1127.2889404296875,1127.2889404296875,801,0.0,0.0,0.0
2016-03-30 00:00:00+09:00,1235.2667236328125,1235.2667236328125,1235.2667236328125,1235.2667236328125,800,0.0,0.0,0.0
2016-03-31 00:00:00+09:00,1313.0108642578125,1313.0108642578125,1243.905029296875,1243.905029296875,801,0.0,0.0,0.0
2016-04-01 00:00:00+09:00,1425.3077815129207,1425.3077815129207,1347.563720703125,1347.563720703125,801,0.0,0.0,0.0
2016-04-04 00:00:00+09:00,1546.2430419921875,1546.2430419921875,1546.2430419921875,1546.2430419921875,700,0.0,0.0,0.0
2016-04-05 00:00:00+09:00,1546.2430419921875,1546.2430419921875,1546.2430419921875,1546.2430419921875,0,0.0,0.0,0.0
2016-04-06 00:00:00+09:00,1697.411946296692,1697.411946296692,1658.5399169921875,1658.5399169921875,601,0.0,0.0,0.0
2016-04-07 00:00:00+09:00,1416.6694538184172,1459.860595703125,1416.6694538184172,1459.860595703125,2,0.0,0.0,0.0
2016-04-08 00:00:00+09:00,1243.905029296875,1243.905029296875,1243.905029296875,1243.905029296875,1,0.0,0.0,0.0
2016-04-11 00:00:00+09:00,1429.626953125,1429.626953125,1429.626953125,1429.626953125,800,0.0,0.0,0.0
2016-04-12 00:00:00+09:00,1472.81787109375,1472.81787109375,1472.81787109375,1472.81787109375,84,0.0,0.0,0.0
2016-04-14 00:00:00+09:00,1252.5432303738412,1688.7738037109375,1252.5432303738412,1688.7738037109375,4,0.0,0.0,0.0
2016-04-15 00:00:00+09:00,1688.7738037109375,1688.7738037109375,1688.7738037109375,1688.7738037109375,0,0.0,0.0,0.0
2016-04-18 00:00:00+09:00,1688.7738037109375,1688.7738037109375,1688.7738037109375,1688.7738037109375,0,0.0,0.0,0.0
2016-04-19 00:00:00+09:00,1658.5399169921875,1658.5399169921875,1658.5399169921875,1658.5399169921875,2,0.0,0.0,0.0
2016-04-20 00:00:00+09:00,1658.5399169921875,1658.5399169921875,1658.5399169921875,1658.5399169921875,0,0.0,0.0,0.0
2016-04-21 00:00:00+09:00,1658.5399169921875,1658.5399169921875,1658.5399169921875,1658.5399169921875,0,0.0,0.0,0.0
2016-04-22 00:00:00+09:00,1835.6234130859375,1835.6234130859375,1835.6234130859375,1835.6234130859375,2,0.0,0.0,0.0
2016-04-25 00:00:00+09:00,1567.8385112535293,2103.40869140625,1567.8385112535293,2103.40869140625,5,0.0,0.0,0.0
2016-04-26 00:00:00+09:00,2103.40869140625,2103.40869140625,2103.40869140625,2103.40869140625,0,0.0,0.0,0.0
2016-04-27 00:00:00+09:00,2759.914306640625,2759.914306640625,2759.914306640625,2759.914306640625,2,0.0,0.0,0.0
2016-04-28 00:00:00+09:00,2759.914306640625,2759.914306640625,2759.914306640625,2759.914306640625,0,0.0,0.0,0.0
2016-04-29 00:00:00+09:00,2466.2143161147387,2893.806640625,2466.2143161147387,2893.806640625,3,0.0,0.0,0.0
2016-05-02 00:00:00+09:00,2893.806640625,2893.806640625,2893.806640625,2893.806640625,0,0.0,0.0,0.0
2016-05-03 00:00:00+09:00,2461.89501953125,2461.89501953125,2461.89501953125,2461.89501953125,2,0.0,0.0,0.0
2016-05-04 00:00:00+09:00,2461.89501953125,2461.89501953125,2461.89501953125,2461.89501953125,0,0.0,0.0,0.0
2016-05-09 00:00:00+09:00,2677.850830078125,2677.850830078125,2677.850830078125,2677.850830078125,600,0.0,0.0,0.0
2016-05-10 00:00:00+09:00,2911.0830078125,2911.0830078125,2911.0830078125,2911.0830078125,1400,0.0,0.0,0.0
2016-05-11 00:00:00+09:00,2980.189010265262,3342.99462890625,2980.189010265262,3342.99462890625,1203,0.0,0.0,0.0
2016-05-12 00:00:00+09:00,3247.97412109375,3247.97412109375,3247.97412109375,3247.97412109375,300,0.0,0.0,0.0
2016-05-13 00:00:00+09:00,2764.23291015625,2764.23291015625,2764.23291015625,2764.23291015625,2,0.0,0.0,0.0
2016-05-16 00:00:00+09:00,2686.488750716743,2686.488750716743,2353.9169921875,2353.9169921875,401,0.0,0.0,0.0
2016-05-17 00:00:00+09:00,2418.7038117320417,2418.7038117320417,2284.811279296875,2284.811279296875,401,0.0,0.0,0.0
2016-05-18 00:00:00+09:00,1943.6014404296873,1943.6014404296873,1943.6014404296873,1943.6014404296875,2,0.0,0.0,0.0
2016-05-19 00:00:00+09:00,1658.5399169921875,1658.5399169921875,1658.5399169921875,1658.5399169921875,2,0.0,0.0,0.0
2016-05-20 00:00:00+09:00,1844.261962890625,1844.261962890625,1844.261962890625,1844.261962890625,600,0.0,0.0,0.0
2016-05-23 00:00:00+09:00,1567.8385009765625,1567.8385009765625,1567.8385009765625,1567.8385009765625,2,0.0,0.0,0.0
2016-05-24 00:00:00+09:00,1567.8385009765625,1567.8385009765625,1567.8385009765625,1567.8385009765625,0,0.0,0.0,0.0
2016-05-25 00:00:00+09:00,1567.8385009765625,1567.8385009765625,1567.8385009765625,1567.8385009765625,0,0.0,0.0,0.0
2016-05-26 00:00:00+09:00,1900.410400390625,1900.410400390625,1900.410400390625,1900.410400390625,2,0.0,0.0,0.0
2016-05-27 00:00:00+09:00,2159.55712890625,2159.55712890625,2159.55712890625,2159.55712890625,100,0.0,0.0,0.0
2016-05-30 00:00:00+09:00,2427.342212890625,2427.342212890625,2159.55712890625,2159.55712890625,601,0.0,0.0,0.0
2016-05-31 00:00:00+09:00,2461.8949230806325,2470.5331508809154,2099.08935546875,2099.08935546875,1001,0.0,0.0,0.0
2016-06-01 00:00:00+09:00,2384.15109201205,2410.0657777947895,2038.6219482421875,2038.6219482421875,1301,0.0,0.0,0.0
2016-06-02 00:00:00+09:00,1736.284096210846,2340.9601496176083,1736.284096210846,1844.261962890625,2406,0.0,0.0,0.0
2016-06-03 00:00:00+09:00,1900.410400390625,1900.410400390625,1900.410400390625,1900.410400390625,2,0.0,0.0,0.0
2016-06-07 00:00:00+09:00,1900.410400390625,1900.410400390625,1900.410400390625,1900.410400390625,0,0.0,0.0,0.0
2016-06-08 00:00:00+09:00,1900.410400390625,1900.410400390625,1900.410400390625,1900.410400390625,0,0.0,0.0,0.0
2016-06-09 00:00:00+09:00,1900.410400390625,1900.410400390625,1900.410400390625,1900.410400390625,0,0.0,0.0,0.0
2016-06-10 00:00:00+09:00,2764.2329764660494,2798.785888671875,2764.2329764660494,2798.785888671875,3000,0.0,0.0,0.0
2016-06-13 00:00:00+09:00,2876.530467354911,3023.38037109375,2876.530467354911,3023.38037109375,303,0.0,0.0,0.0
2016-06-14 00:00:00+09:00,3412.100341796875,3412.100341796875,3023.3800496934336,3412.100341796875,1202,0.0,0.0,0.0
2016-06-15 00:00:00+09:00,3887.2028808593745,3887.2028808593745,3887.2028808593745,3887.202880859375,1501,0.0,0.0,0.0
2016-06-16 00:00:00+09:00,4198.1787109375,4198.1787109375,4198.1787109375,4198.1787109375,1,0.0,0.0,0.0
2016-06-17 00:00:00+09:00,4077.243521733539,4198.1787109375,4077.243521733539,4198.1787109375,301,0.0,0.0,0.0
2016-06-20 00:00:00+09:00,4077.243521733539,4198.1787109375,3887.202510127315,4198.1787109375,302,0.0,0.0,0.0
2016-06-21 00:00:00+09:00,3571.907307698323,4314.794921875,3571.907307698323,4314.794921875,301,0.0,0.0,0.0
2016-06-22 00:00:00+09:00,4189.541015625,4189.541015625,4189.541015625,4189.541015625,300,0.0,0.0,0.0
2016-06-23 00:00:00+09:00,4068.6052939332562,4198.1787109375,4068.6052939332562,4198.1787109375,301,0.0,0.0,0.0
2016-06-24 00:00:00+09:00,4077.2438593750003,4319.1142578125,4077.2438593750003,4319.1142578125,301,0.0,0.0,0.0
2016-06-27 00:00:00+09:00,4193.859728869495,4314.794921875,4193.859728869495,4314.794921875,301,0.0,0.0,0.0
2016-06-28 00:00:00+09:00,3671.246826171875,3671.246826171875,3671.246826171875,3671.246826171875,300,0.0,0.0,0.0
2016-06-29 00:00:00+09:00,3567.588282814288,3774.9057617187505,3567.588282814288,3774.90576171875,301,0.0,0.0,0.0
2016-06-30 00:00:00+09:00,3666.927978515625,3666.927978515625,3666.927978515625,3666.927978515625,300,0.0,0.0,0.0
2016-07-01 00:00:00+09:00,3118.4004303363045,3770.586669921875,3118.4004303363045,3770.586669921875,301,0.0,0.0,0.0
2016-07-04 00:00:00+09:00,3662.608813807975,3818.096923828125,3662.608813807975,3818.096923828125,301,0.0,0.0,0.0
2016-07-05 00:00:00+09:00,3844.01171875,3844.01171875,3844.01171875,3844.01171875,1000,0.0,0.0,0.0
2016-07-06 00:00:00+09:00,3736.0338614817415,3844.01171875,3736.0338614817415,3844.01171875,301,0.0,0.0,0.0
2016-07-07 00:00:00+09:00,3736.0342313941387,3956.30908203125,3736.0342313941387,3956.30908203125,301,0.0,0.0,0.0
2016-07-08 00:00:00+09:00,3364.589969422387,3951.989501953125,3364.589969422387,3951.989501953125,301,0.0,0.0,0.0
2016-07-11 00:00:00+09:00,3360.2708742905497,3947.67041015625,3360.2708742905497,3947.67041015625,301,0.0,0.0,0.0
2016-07-12 00:00:00+09:00,3355.9519724291426,4526.4320039970935,3355.9519724291426,4457.326171875,4504,0.0,0.0,0.0
2016-07-13 00:00:00+09:00,3792.1817882640944,5113.83056640625,3792.1817882640944,5113.83056640625,2,0.0,0.0,0.0
2016-07-14 00:00:00+09:00,4353.667026108318,4725.11083984375,4353.667026108318,4725.11083984375,201,0.0,0.0,0.0
2016-07-15 00:00:00+09:00,4725.11083984375,4725.11083984375,4725.11083984375,4725.11083984375,0,0.0,0.0,0.0
2016-07-18 00:00:00+09:00,3416.4199042674413,4012.457763671875,3416.4199042674413,4012.457763671875,301,0.0,0.0,0.0
2016-07-19 00:00:00+09:00,3412.100239137036,3666.927978515625,3412.100239137036,3666.927978515625,4213,0.0,0.0,0.0
2016-07-20 00:00:00+09:00,3563.269168670445,3774.9057617187505,3563.269168670445,3774.90576171875,301,0.0,0.0,0.0
2016-07-21 00:00:00+09:00,3209.1015625,3209.1015625,3209.1015625,3209.1015625,2000,0.0,0.0,0.0
2016-07-22 00:00:00+09:00,2733.999270210369,3204.78271484375,2729.6801560394206,3204.78271484375,1301,0.0,0.0,0.0
2016-07-25 00:00:00+09:00,2725.361083984375,2725.361083984375,2725.361083984375,2725.361083984375,500,0.0,0.0,0.0
2016-07-26 00:00:00+09:00,2798.786453023042,2798.786453023042,2647.617431640625,2647.617431640625,401,0.0,0.0,0.0
2016-07-27 00:00:00+09:00,2332.32177734375,2332.32177734375,2332.32177734375,2332.32177734375,1,0.0,0.0,0.0
2016-07-28 00:00:00+09:00,2012.7071533203125,2012.7071533203125,2012.7071533203125,2012.7071533203125,1,0.0,0.0,0.0
2016-07-29 00:00:00+09:00,1727.6456298828125,1727.6456298828125,1727.6456298828125,1727.6456298828125,1,0.0,0.0,0.0
2016-08-01 00:00:00+09:00,1779.4749987792968,1779.4749987792968,1727.6456298828125,1727.6456298828125,501,0.0,0.0,0.0
2016-08-02 00:00:00+09:00,1731.9649658203125,1731.9649658203125,1731.9649658203125,1731.9649658203125,1,0.0,0.0,0.0
2016-08-03 00:00:00+09:00,1973.8352275647615,1991.1116846988075,1477.1370849609375,1477.1370849609375,87,0.0,0.0,0.0
2016-08-04 00:00:00+09:00,1520.3283126876877,1520.3283126876877,1438.26513671875,1438.26513671875,601,0.0,0.0,0.0
2016-08-05 00:00:00+09:00,1477.1371674408783,1477.1371674408783,1438.26513671875,1438.26513671875,601,0.0,0.0,0.0
2016-08-08 00:00:00+09:00,1477.1370849609375,1477.1370849609375,1477.1370849609375,1477.1370849609375,600,0.0,0.0,0.0
2016-08-09 00:00:00+09:00,1520.3282277960527,1520.3282277960527,1477.1370849609375,1477.1370849609375,601,0.0,0.0,0.0
2016-08-10 00:00:00+09:00,1520.328369140625,1520.328369140625,1520.328369140625,1520.328369140625,600,0.0,0.0,0.0
2016-08-11 00:00:00+09:00,1744.9222412109375,1744.9222412109375,1744.9222412109375,1744.9222412109375,600,0.0,0.0,0.0
2016-08-12 00:00:00+09:00,1796.7516147122526,1796.7516147122526,1744.9222412109375,1744.9222412109375,501,0.0,0.0,0.0
2016-08-16 00:00:00+09:00,2004.069027549342,2004.069027549342,1641.263427734375,1641.263427734375,311,0.0,0.0,0.0
2016-08-17 00:00:00+09:00,1684.4544677734375,1684.4544677734375,1684.4544677734375,1684.4544677734375,600,0.0,0.0,0.0
2016-08-18 00:00:00+09:00,1934.9632568359375,1934.9632568359375,1934.9632568359375,1934.9632568359375,400,0.0,0.0,0.0
2016-08-19 00:00:00+09:00,2224.343994140625,2224.343994140625,2224.343994140625,2224.343994140625,600,0.0,0.0,0.0
2016-08-22 00:00:00+09:00,1943.6014404296873,1943.6014404296873,1943.6014404296873,1943.6014404296875,2500,0.0,0.0,0.0
2016-08-23 00:00:00+09:00,2232.98193359375,2232.98193359375,2232.98193359375,2232.98193359375,5791,0.0,0.0,0.0
2016-08-24 00:00:00+09:00,2232.98193359375,2232.98193359375,2232.98193359375,2232.98193359375,0,0.0,0.0,0.0
2016-08-25 00:00:00+09:00,2582.830322265625,2582.830322265625,2582.830322265625,2582.830322265625,1999,0.0,0.0,0.0
2016-08-26 00:00:00+09:00,2582.830322265625,2582.830322265625,2582.830322265625,2582.830322265625,0,0.0,0.0,0.0
2016-08-29 00:00:00+09:00,2582.830322265625,2582.830322265625,2582.830322265625,2582.830322265625,0,0.0,0.0,0.0
2016-08-30 00:00:00+09:00,2967.23193359375,2967.23193359375,2967.23193359375,2967.23193359375,4000,0.0,0.0,0.0
2016-08-31 00:00:00+09:00,2967.23193359375,2967.23193359375,2967.23193359375,2967.23193359375,0,0.0,0.0,0.0
2016-09-01 00:00:00+09:00,2967.23193359375,2967.23193359375,2967.23193359375,2967.23193359375,0,0.0,0.0,0.0
2016-09-02 00:00:00+09:00,2967.23193359375,2967.23193359375,2967.23193359375,2967.23193359375,0,0.0,0.0,0.0
2016-09-05 00:00:00+09:00,3174.549178246864,3571.90771484375,3174.549178246864,3571.90771484375,301,0.0,0.0,0.0
2016-09-06 00:00:00+09:00,4107.477455210463,4107.477455210463,3351.6324976270444,3697.16162109375,5803,0.0,0.0,0.0
2016-09-07 00:00:00+09:00,3325.7178133670413,3697.16162109375,3148.634137590355,3697.16162109375,10317,0.0,0.0,0.0
2016-09-08 00:00:00+09:00,3589.183837890625,3589.183837890625,3589.183837890625,3589.183837890625,300,0.0,0.0,0.0
2016-09-09 00:00:00+09:00,3485.5255364232653,3688.52392578125,3485.5255364232653,3688.52392578125,301,0.0,0.0,0.0
2016-09-12 00:00:00+09:00,3580.54569398051,3666.927978515625,3580.54569398051,3666.927978515625,301,0.0,0.0,0.0
2016-09-13 00:00:00+09:00,3563.269168670445,3774.9057617187505,3563.269168670445,3774.90576171875,315,0.0,0.0,0.0
2016-09-19 00:00:00+09:00,3282.5267493206525,3774.9057617187505,3239.3356078822226,3774.90576171875,7501,0.0,0.0,0.0
2016-09-20 00:00:00+09:00,3239.3358094351634,3869.926513671875,3239.3358094351634,3869.926513671875,12501,0.0,0.0,0.0
2016-09-21 00:00:00+09:00,4448.687741427952,4448.687741427952,3455.2914496527774,3887.202880859375,1252,0.0,0.0,0.0
2016-09-22 00:00:00+09:00,3774.9059087456594,3887.2028808593745,3774.9059087456594,3887.202880859375,301,0.0,0.0,0.0
2016-09-23 00:00:00+09:00,3774.9059306347326,3882.8837890624995,3774.9059306347326,3882.8837890625,301,0.0,0.0,0.0
2016-09-26 00:00:00+09:00,3325.7183899048096,4310.4765625,3325.7183899048096,4310.4765625,501,0.0,0.0,0.0
2016-09-27 00:00:00+09:00,4923.7900390625,4923.7900390625,4923.7900390625,4923.7900390625,1,0.0,0.0,0.0
2016-09-28 00:00:00+09:00,4785.5783888432015,4923.7900390625,4193.859761341831,4923.7900390625,2203,0.0,0.0,0.0
2016-09-29 00:00:00+09:00,4785.5791015625,4785.5791015625,4785.5791015625,4785.5791015625,200,0.0,0.0,0.0
2016-09-30 00:00:00+09:00,4068.6051952779926,4889.23681640625,4068.6051952779926,4889.23681640625,201,0.0,0.0,0.0
2016-10-04 00:00:00+09:00,4751.0263671875,4751.0263671875,4751.0263671875,4751.0263671875,200,0.0,0.0,0.0
2016-10-05 00:00:00+09:00,4751.0263671875,4751.0263671875,4751.0263671875,4751.0263671875,1,0.0,0.0,0.0
2016-10-06 00:00:00+09:00,4271.603515625,4271.603515625,4271.603515625,4271.603515625,200,0.0,0.0,0.0
2016-10-07 00:00:00+09:00,4098.83935546875,4098.83935546875,4098.83935546875,4098.83935546875,300,0.0,0.0,0.0
2016-10-10 00:00:00+09:00,3485.5252498372392,4055.6483390299477,3485.5252498372392,3887.202880859375,1301,0.0,0.0,0.0
2016-10-11 00:00:00+09:00,3774.9057617187505,3774.9057617187505,3774.9057617187505,3774.90576171875,300,0.0,0.0,0.0
2016-10-12 00:00:00+09:00,3666.927978515625,3666.927978515625,3666.927978515625,3666.927978515625,300,0.0,0.0,0.0
2016-10-13 00:00:00+09:00,3563.269237073487,3666.927978515625,3563.269237073487,3666.927978515625,301,0.0,0.0,0.0
2016-10-14 00:00:00+09:00,3118.4004353841146,4146.349609375,3118.4004353841146,4146.349609375,1954,0.0,0.0,0.0
2016-10-17 00:00:00+09:00,4016.77685546875,4016.77685546875,4016.77685546875,4016.77685546875,300,0.0,0.0,0.0
2016-10-18 00:00:00+09:00,3900.16056060791,4008.138427734375,3900.16056060791,4008.138427734375,301,0.0,0.0,0.0
2016-10-19 00:00:00+09:00,3891.522353484021,4003.8193359375,3891.522353484021,4003.8193359375,301,0.0,0.0,0.0
2016-10-20 00:00:00+09:00,3403.4619140625,3403.4619140625,3403.4619140625,3403.4619140625,300,0.0,0.0,0.0
2016-10-21 00:00:00+09:00,3304.122802734375,3304.122802734375,3304.122802734375,3304.122802734375,300,0.0,0.0,0.0
2016-10-24 00:00:00+09:00,3671.2475934709823,3671.2475934709823,3023.38037109375,3023.38037109375,271,0.0,0.0,0.0
2016-10-25 00:00:00+09:00,3455.291259765625,3455.291259765625,3455.291259765625,3455.291259765625,1,0.0,0.0,0.0
2016-10-26 00:00:00+09:00,3757.62939453125,3757.62939453125,3757.62939453125,3757.62939453125,1,0.0,0.0,0.0
2016-10-27 00:00:00+09:00,3649.652182901199,3861.288818359375,3649.652182901199,3861.288818359375,301,0.0,0.0,0.0
2016-10-28 00:00:00+09:00,3748.9911387615484,3856.968994140625,3748.9911387615484,3856.968994140625,301,0.0,0.0,0.0
2016-10-31 00:00:00+09:00,3744.6723116788,3800.82080078125,3744.6723116788,3800.82080078125,301,0.0,0.0,0.0
2016-11-01 00:00:00+09:00,3230.697998046875,3230.697998046875,3230.697998046875,3230.697998046875,300,0.0,0.0,0.0
2016-11-02 00:00:00+09:00,3714.438232421875,3714.438232421875,3714.438232421875,3714.438232421875,1,0.0,0.0,0.0
2016-11-03 00:00:00+09:00,3157.272635176809,4103.15869140625,3157.272635176809,4103.15869140625,286,0.0,0.0,0.0
2016-11-04 00:00:00+09:00,3489.8440287207136,4055.64794921875,3489.8440287207136,4055.64794921875,301,0.0,0.0,0.0
2016-11-07 00:00:00+09:00,3623.737060546875,3623.737060546875,3623.737060546875,3623.737060546875,300,0.0,0.0,0.0
2016-11-08 00:00:00+09:00,3083.8474816216362,3731.714599609375,3083.8474816216362,3731.714599609375,141,0.0,0.0,0.0
2016-11-09 00:00:00+09:00,3174.5489129113935,3818.096923828125,3174.5489129113935,3818.096923828125,501,0.0,0.0,0.0
2016-11-10 00:00:00+09:00,3710.119069647465,3818.096923828125,3256.6120820886945,3818.096923828125,307,0.0,0.0,0.0
2016-11-11 00:00:00+09:00,3710.1194424472014,3930.394287109375,3256.6124093191966,3930.394287109375,308,0.0,0.0,0.0
2016-11-14 00:00:00+09:00,3342.994618430609,3623.737060546875,3342.994618430609,3623.737060546875,301,0.0,0.0,0.0
2016-11-15 00:00:00+09:00,3083.8474493408203,3887.202667236328,3083.8474493408203,3455.291259765625,257,0.0,0.0,0.0
2016-11-16 00:00:00+09:00,2936.9976399739585,3887.2027587890625,2936.9976399739585,3628.055908203125,464,0.0,0.0,0.0
2016-11-17 00:00:00+09:00,3083.8476905822754,3869.926513671875,3083.8476905822754,3869.926513671875,301,0.0,0.0,0.0
2016-11-18 00:00:00+09:00,3291.1652445014524,3623.737060546875,3291.1652445014524,3623.737060546875,301,0.0,0.0,0.0
2016-11-21 00:00:00+09:00,3083.847521972656,3628.055908203125,3083.847521972656,3628.055908203125,51,0.0,0.0,0.0
2016-11-22 00:00:00+09:00,3083.8477911032796,3753.310546875,3083.8477911032796,3753.310546875,51,0.0,0.0,0.0
2016-11-23 00:00:00+09:00,3191.8256111372352,3623.737060546875,3191.8256111372352,3623.737060546875,81,0.0,0.0,0.0
2016-11-24 00:00:00+09:00,3520.0782807741807,3723.07666015625,3520.0782807741807,3723.07666015625,301,0.0,0.0,0.0
2016-11-25 00:00:00+09:00,3584.865234375,3584.865234375,3455.2917921686744,3584.865234375,21,0.0,0.0,0.0
2016-11-28 00:00:00+09:00,3049.294955036958,3688.52392578125,3049.294955036958,3688.52392578125,201,0.0,0.0,0.0
2016-11-29 00:00:00+09:00,3580.5458984375,3580.5458984375,3580.5458984375,3580.5458984375,300,0.0,0.0,0.0
2016-11-30 00:00:00+09:00,3044.97559000651,3887.2028808593745,3044.97559000651,3887.202880859375,221,0.0,0.0,0.0
2016-12-01 00:00:00+09:00,3304.122802734375,3304.122802734375,3304.122802734375,3304.122802734375,300,0.0,0.0,0.0
2016-12-02 00:00:00+09:00,2811.743408203125,2811.743408203125,2811.743408203125,2811.743408203125,212,0.0,0.0,0.0
2016-12-05 00:00:00+09:00,2392.7896079799107,3023.38037109375,2392.7896079799107,3023.38037109375,251,0.0,0.0,0.0
2016-12-06 00:00:00+09:00,2569.8733602987754,3196.14501953125,2569.8733602987754,3196.14501953125,362,0.0,0.0,0.0
2016-12-07 00:00:00+09:00,2716.7227529907227,3455.291259765625,2716.7227529907227,3455.291259765625,301,0.0,0.0,0.0
2016-12-08 00:00:00+09:00,2936.9975877359925,3545.99267578125,2936.9975877359925,3545.99267578125,301,0.0,0.0,0.0
2016-12-09 00:00:00+09:00,3014.741943359375,3014.741943359375,3014.741943359375,3014.741943359375,300,0.0,0.0,0.0
2016-12-12 00:00:00+09:00,2565.5542006138394,3023.38037109375,2565.5542006138394,3023.38037109375,501,0.0,0.0,0.0
2016-12-13 00:00:00+09:00,2574.192161239496,2574.192161239496,2569.873046875,2569.873046875,274,0.0,0.0,0.0
2016-12-14 00:00:00+09:00,2936.9975142045455,2936.9975142045455,2185.4716796875,2185.4716796875,3235,0.0,0.0,0.0
2016-12-15 00:00:00+09:00,1865.8572998046875,1865.8572998046875,1865.8572998046875,1865.8572998046875,1,0.0,0.0,0.0
2016-12-16 00:00:00+09:00,2142.2806846217104,2142.2806846217104,1598.0722848992598,1641.263427734375,112,0.0,0.0,0.0
2016-12-19 00:00:00+09:00,1887.4526526248817,1887.4526526248817,1395.0736997662168,1425.3074951171875,981,0.0,0.0,0.0
2016-12-20 00:00:00+09:00,1636.9443359375,1636.9443359375,1295.7343028529024,1636.9443359375,56,0.0,0.0,0.0
2016-12-21 00:00:00+09:00,1636.9442994567169,1878.814697265625,1403.712130140984,1878.814697265625,6026,0.0,0.0,0.0
2016-12-22 00:00:00+09:00,2159.55712890625,2159.55712890625,2159.55712890625,2159.55712890625,345,0.0,0.0,0.0
2016-12-23 00:00:00+09:00,1835.6232692378228,2483.490305439407,1835.6232692378228,1839.9423828125,3,0.0,0.0,0.0
2016-12-26 00:00:00+09:00,2112.047119140625,2112.047119140625,2112.047119140625,2112.047119140625,1,0.0,0.0,0.0
2016-12-27 00:00:00+09:00,2340.9599609375,2340.9599609375,2340.9599609375,2340.9599609375,1,0.0,0.0,0.0
2016-12-28 00:00:00+09:00,2463.706889851888,2713.5846349080402,2020.9410608927408,2104.233642578125,1075,40.0,0.0,0.0
2016-12-29 00:00:00+09:00,2406.7171229013006,2406.7171229013006,2117.385009765625,2117.385009765625,2111,0.0,0.0,0.0
2017-01-02 00:00:00+09:00,2428.6364891070366,2428.6364891070366,1845.58837890625,1845.58837890625,21,0.0,0.0,0.0
2017-01-03 00:00:00+09:00,2121.769079589844,2121.769079589844,1582.5591688676313,1928.8809814453125,641,0.0,0.0,0.0
2017-01-04 00:00:00+09:00,2191.9098682892627,2191.9098682892627,1709.689697265625,1709.689697265625,202,0.0,0.0,0.0
2017-01-05 00:00:00+09:00,1494.8826626368932,1963.951416015625,1494.8826626368932,1963.951416015625,2,0.0,0.0,0.0
2017-01-06 00:00:00+09:00,2016.5572910077176,2187.5262787235893,1670.2354953781312,2165.607177734375,876,0.0,0.0,0.0
2017-01-09 00:00:00+09:00,2104.2336067091233,2104.2336067091233,1849.9720458984375,1849.9720458984375,501,0.0,0.0,0.0
2017-01-10 00:00:00+09:00,1902.5780029296875,1902.5780029296875,1902.5780029296875,1902.5780029296875,500,0.0,0.0,0.0
2017-01-11 00:00:00+09:00,1635.164817199707,1753.5279541015625,1635.164817199707,1753.5279541015625,2,0.0,0.0,0.0
2017-01-12 00:00:00+09:00,1845.58837890625,1845.58837890625,1845.58837890625,1845.58837890625,1100,0.0,0.0,0.0
2017-01-13 00:00:00+09:00,1972.7190139845675,2104.233614916872,1753.5280124307267,1779.8309326171875,123,0.0,0.0,0.0
2017-01-16 00:00:00+09:00,1968.3352361406598,1968.3352361406598,1806.1338915143695,1963.951416015625,976,0.0,0.0,0.0
2017-01-17 00:00:00+09:00,1670.2353774562025,1762.295595111269,1670.2353774562025,1735.99267578125,2000,0.0,0.0,0.0
2017-01-18 00:00:00+09:00,1788.5987795158353,1955.1839599609375,1788.5987795158353,1955.1839599609375,515,0.0,0.0,0.0
2017-01-19 00:00:00+09:00,1994.6381258964539,2244.515869140625,1665.8516216278076,2244.515869140625,585,0.0,0.0,0.0
2017-01-20 00:00:00+09:00,2191.909894790475,2411.1008842695223,1915.729248046875,1915.729248046875,202,0.0,0.0,0.0
2017-01-23 00:00:00+09:00,1972.7190399169922,2104.233642578125,1972.7190399169922,2104.233642578125,511,0.0,0.0,0.0
2017-01-24 00:00:00+09:00,2104.2338230298915,2419.868896484375,2104.2338230298915,2419.868896484375,93,0.0,0.0,0.0
2017-01-25 00:00:00+09:00,2349.7275253080984,2490.009765625,2069.1630446742956,2490.009765625,502,0.0,0.0,0.0
2017-01-26 00:00:00+09:00,2419.868896484375,2419.868896484375,2419.868896484375,2419.868896484375,400,0.0,0.0,0.0
2017-01-31 00:00:00+09:00,2349.7275253080984,2490.009765625,2349.7275253080984,2490.009765625,403,0.0,0.0,0.0
2017-02-01 00:00:00+09:00,2419.8684775270062,2560.150708108282,2130.536376953125,2130.536376953125,403,0.0,0.0,0.0
2017-02-02 00:00:00+09:00,2411.1009968891403,2411.1009968891403,1937.6484375,1937.6484375,2,0.0,0.0,0.0
2017-02-03 00:00:00+09:00,1762.295736733969,2191.910120315882,1762.295736733969,2025.324951171875,1202,0.0,0.0,0.0
2017-02-06 00:00:00+09:00,1722.841373887173,2262.05126953125,1722.841373887173,2262.05126953125,2,0.0,0.0,0.0
2017-02-07 00:00:00+09:00,2542.6158391779118,2542.6158391779118,1928.8809814453125,1928.8809814453125,2,0.0,0.0,0.0
2017-02-08 00:00:00+09:00,2104.233763818027,2104.233763818027,1933.2647705078125,1933.2647705078125,1001,0.0,0.0,0.0
2017-02-09 00:00:00+09:00,1643.9325415569804,2104.233653192935,1643.9325415569804,2016.5572509765625,183,0.0,0.0,0.0
2017-02-10 00:00:00+09:00,1762.2956423737282,2279.5864030704943,1762.2956423737282,1885.0426025390625,3,0.0,0.0,0.0
2017-02-13 00:00:00+09:00,2016.5572509765625,2016.5572509765625,2016.5572509765625,2016.5572509765625,20,0.0,0.0,0.0
2017-02-14 00:00:00+09:00,1714.0737912587851,2319.0410117030624,1714.0737912587851,2183.142578125,3125,0.0,0.0,0.0
2017-02-15 00:00:00+09:00,2029.7087113090183,2367.2628598420515,2016.5572509765625,2016.5572509765625,14,0.0,0.0,0.0
2017-02-16 00:00:00+09:00,2069.1630859375,2069.1630859375,2069.1630859375,2069.1630859375,500,0.0,0.0,0.0
2017-02-17 00:00:00+09:00,2235.7482565174932,2235.7482565174932,2016.5572509765625,2016.5572509765625,1006,0.0,0.0,0.0
2017-02-20 00:00:00+09:00,2091.082275390625,2091.082275390625,2091.082275390625,2091.082275390625,1000,0.0,0.0,0.0
2017-02-21 00:00:00+09:00,2148.072021484375,2148.072021484375,2148.072021484375,2148.072021484375,390,0.0,0.0,0.0
2017-02-22 00:00:00+09:00,2086.6982421875,2086.6982421875,2086.6982421875,2086.6982421875,1,0.0,0.0,0.0
2017-02-23 00:00:00+09:00,2016.5573187934028,2367.262939453125,1849.9721489800347,2367.262939453125,5641,0.0,0.0,0.0
2017-02-24 00:00:00+09:00,2016.5574363425926,2722.3525390625,2012.1736158288043,2722.3525390625,16,0.0,0.0,0.0
2017-02-27 00:00:00+09:00,3024.8359375,3024.8359375,3024.8359375,3024.8359375,1,0.0,0.0,0.0
2017-02-28 00:00:00+09:00,2937.1595941587934,3016.068359375,2937.1595941587934,3016.068359375,301,0.0,0.0,0.0
2017-03-02 00:00:00+09:00,2928.392014395044,3007.30078125,2928.392014395044,3007.30078125,301,0.0,0.0,0.0
2017-03-03 00:00:00+09:00,2924.0084093680966,2976.6142578125,2924.0084093680966,2976.6142578125,301,0.0,0.0,0.0
2017-03-06 00:00:00+09:00,2533.8482472170067,3064.29052734375,2533.8482472170067,3064.29052734375,421,0.0,0.0,0.0
2017-03-07 00:00:00+09:00,3287.865185136555,3287.865185136555,2608.373046875,2608.373046875,12,0.0,0.0,0.0
2017-03-08 00:00:00+09:00,2218.212890625,2801.260942903903,2218.212890625,2218.212890625,2112,0.0,0.0,0.0
2017-03-09 00:00:00+09:00,1889.4265313042536,2367.262939453125,1889.4265313042536,2367.262939453125,5,0.0,0.0,0.0
2017-03-10 00:00:00+09:00,2301.5058038884945,2411.101318359375,2104.2338778409094,2411.101318359375,901,0.0,0.0,0.0
2017-03-13 00:00:00+09:00,2340.959713346124,2481.241943359375,2340.959713346124,2481.241943359375,406,0.0,0.0,0.0
2017-03-14 00:00:00+09:00,2113.0010375976562,2805.64453125,2113.0010375976562,2805.64453125,9285,0.0,0.0,0.0
2017-03-15 00:00:00+09:00,2384.7981329449153,3226.4915916313557,2384.7981329449153,2586.453857421875,37,0.0,0.0,0.0
2017-03-16 00:00:00+09:00,2888.9375,2888.9375,2630.2921092564493,2888.9375,3002,0.0,0.0,0.0
2017-03-17 00:00:00+09:00,3314.168212890625,3314.168212890625,3314.168212890625,3314.168212890625,1,0.0,0.0,0.0
2017-03-20 00:00:00+09:00,3147.582763671875,3147.582763671875,3147.582763671875,3147.582763671875,300,0.0,0.0,0.0
2017-03-21 00:00:00+09:00,3055.522736297257,3055.522736297257,2678.514192076935,3051.138916015625,615,0.0,0.0,0.0
2017-03-22 00:00:00+09:00,2963.4620361328125,3051.138427734375,2595.22119140625,2595.22119140625,1205,0.0,0.0,0.0
2017-03-23 00:00:00+09:00,2209.445386584052,2542.61572265625,2209.445386584052,2542.61572265625,25208,0.0,0.0,0.0
2017-03-24 00:00:00+09:00,2468.09053889537,2612.756591796875,2463.706719110476,2612.756591796875,406,0.0,0.0,0.0
2017-03-27 00:00:00+09:00,2639.059736885752,2994.149169921875,2222.596821596472,2994.149169921875,17,0.0,0.0,0.0
2017-03-28 00:00:00+09:00,2625.908447265625,2625.908447265625,2546.999679234271,2625.908447265625,161,0.0,0.0,0.0
2017-03-29 00:00:00+09:00,2625.9084081177116,3007.30078125,2235.748394223761,3007.30078125,631,0.0,0.0,0.0
2017-03-30 00:00:00+09:00,2924.0078620207228,3094.9768374612145,2560.150811724291,3090.593017578125,352,0.0,0.0,0.0
2017-03-31 00:00:00+09:00,2630.2919921875,3537.7427294921877,2630.2919921875,2630.2919921875,56,0.0,0.0,0.0
2017-04-03 00:00:00+09:00,2538.231902444774,2542.61572265625,2244.5159482758622,2542.61572265625,1411,0.0,0.0,0.0
2017-04-04 00:00:00+09:00,2888.937531166888,2888.937531166888,2165.607193317819,2884.5537109375,3,0.0,0.0,0.0
2017-04-05 00:00:00+09:00,2454.939312669607,3230.87548828125,2454.939312669607,3230.87548828125,251,0.0,0.0,0.0
2017-04-06 00:00:00+09:00,3208.9564804368188,3217.72412109375,2748.655345947931,3217.72412109375,1126,0.0,0.0,0.0
2017-04-07 00:00:00+09:00,2735.50390625,2735.50390625,2735.50390625,2735.50390625,300,0.0,0.0,0.0
2017-04-10 00:00:00+09:00,2411.101248604911,3068.67431640625,2327.808660016741,3068.67431640625,1639,0.0,0.0,0.0
2017-04-11 00:00:00+09:00,3068.6743123304464,3230.8756688393414,2625.908447265625,2625.908447265625,12,0.0,0.0,0.0
2017-04-12 00:00:00+09:00,2980.9980785162,2980.9980785162,2340.960255775957,2976.6142578125,50019,0.0,0.0,0.0
2017-04-13 00:00:00+09:00,2533.8482160788885,3410.6123046875,2533.8482160788885,3410.6123046875,18166,0.0,0.0,0.0
2017-04-14 00:00:00+09:00,3914.751703745306,3914.751703745306,3064.29052734375,3064.29052734375,4,0.0,0.0,0.0
2017-04-17 00:00:00+09:00,2608.3728317260743,3511.439728088379,2608.3728317260743,3507.055908203125,262,0.0,0.0,0.0
2017-04-18 00:00:00+09:00,3327.3196062873394,3327.3196062873394,2980.997802734375,2980.997802734375,347,0.0,0.0,0.0
2017-04-19 00:00:00+09:00,3239.64306640625,3239.64306640625,3239.64306640625,3239.64306640625,1,0.0,0.0,0.0
2017-04-20 00:00:00+09:00,3717.479248046875,3717.479248046875,3717.479248046875,3717.479248046875,1,0.0,0.0,0.0
2017-04-21 00:00:00+09:00,4204.08349609375,4204.08349609375,4204.08349609375,4204.08349609375,1,0.0,0.0,0.0
2017-04-24 00:00:00+09:00,3848.993896484375,3848.993896484375,3848.993896484375,3848.993896484375,300,0.0,0.0,0.0
2017-04-25 00:00:00+09:00,3739.3984375,3739.3984375,3739.3984375,3739.3984375,300,0.0,0.0,0.0
2017-04-26 00:00:00+09:00,4291.759765625,4291.759765625,4291.759765625,4291.759765625,1,0.0,0.0,0.0
2017-04-27 00:00:00+09:00,4638.0810546875,4638.0810546875,4638.0810546875,4638.0810546875,1,0.0,0.0,0.0
2017-04-28 00:00:00+09:00,4361.9013671875,4361.9013671875,4361.9013671875,4361.9013671875,200,0.0,0.0,0.0
2017-05-02 00:00:00+09:00,4725.7587890625,4725.7587890625,4725.7587890625,4725.7587890625,1,0.0,0.0,0.0
2017-05-04 00:00:00+09:00,4594.2431640625,4594.2431640625,4594.2431640625,4594.2431640625,200,0.0,0.0,0.0
2017-05-08 00:00:00+09:00,5207.978515625,5207.978515625,5207.978515625,5207.978515625,1,0.0,0.0,0.0
2017-05-10 00:00:00+09:00,4427.658203125,4427.658203125,4427.658203125,4427.658203125,10,0.0,0.0,0.0
2017-05-11 00:00:00+09:00,3770.085205078125,3770.085205078125,3770.085205078125,3770.085205078125,20,0.0,0.0,0.0
2017-05-12 00:00:00+09:00,3204.572509765625,4331.214281324812,3204.572509765625,3204.572509765625,107,0.0,0.0,0.0
2017-05-15 00:00:00+09:00,3112.512250207245,3296.632693177251,2726.736083984375,2726.736083984375,306,0.0,0.0,0.0
2017-05-16 00:00:00+09:00,2319.0408703219505,3134.4314220797633,2319.0408703219505,2717.968505859375,1502,0.0,0.0,0.0
2017-05-17 00:00:00+09:00,3121.280029296875,3121.280029296875,3121.280029296875,3121.280029296875,60001,0.0,0.0,0.0
2017-05-18 00:00:00+09:00,2660.979053333493,3585.9651822517253,2656.595232817293,3572.813720703125,242,0.0,0.0,0.0
2017-05-19 00:00:00+09:00,3471.9856969321645,3594.732666015625,3471.9856969321645,3594.732666015625,301,0.0,0.0,0.0
2017-05-22 00:00:00+09:00,3493.904966351983,3502.672607421875,3055.5229128573806,3502.672607421875,406,0.0,0.0,0.0
2017-05-23 00:00:00+09:00,2980.997550807944,3936.6702950375497,2980.997550807944,3848.993896484375,391,0.0,0.0,0.0
2017-05-24 00:00:00+09:00,3844.6103466097666,3844.6103466097666,3274.7137159834615,3673.641357421875,721,0.0,0.0,0.0
2017-05-25 00:00:00+09:00,3125.663578186035,3507.055908203125,3125.663578186035,3507.055908203125,357,0.0,0.0,0.0
2017-05-26 00:00:00+09:00,2980.997802734375,3941.0544480267695,2980.997802734375,2980.997802734375,1928,0.0,0.0,0.0
2017-05-29 00:00:00+09:00,3068.6745143581084,3244.02734375,3068.6745143581084,3244.02734375,400,0.0,0.0,0.0
2017-05-30 00:00:00+09:00,3239.64306640625,3239.64306640625,3239.64306640625,3239.64306640625,1,0.0,0.0,0.0
2017-05-31 00:00:00+09:00,3147.582806299603,3147.582806299603,2761.806640625,2761.806640625,472,0.0,0.0,0.0
2017-06-01 00:00:00+09:00,2840.71533203125,2840.71533203125,2840.71533203125,2840.71533203125,400,0.0,0.0,0.0
2017-06-02 00:00:00+09:00,2468.090939763278,3064.29052734375,2468.090939763278,3064.29052734375,2,0.0,0.0,0.0
2017-06-05 00:00:00+09:00,2639.0597739771792,3331.703369140625,2639.0597739771792,3331.703369140625,317,0.0,0.0,0.0
2017-06-07 00:00:00+09:00,3235.25927734375,3235.25927734375,3235.25927734375,3235.25927734375,300,0.0,0.0,0.0
2017-06-08 00:00:00+09:00,3068.67431640625,3068.67431640625,3068.67431640625,3068.67431640625,552,0.0,0.0,0.0
2017-06-09 00:00:00+09:00,2639.0592758641096,2893.32080078125,2639.0592758641096,2893.32080078125,1001,0.0,0.0,0.0
2017-06-12 00:00:00+09:00,2810.02880859375,2810.02880859375,2810.02880859375,2810.02880859375,402,0.0,0.0,0.0
2017-06-13 00:00:00+09:00,2468.090594827139,2796.877086145141,2468.090594827139,2639.0595703125,207,0.0,0.0,0.0
2017-06-14 00:00:00+09:00,2796.87744140625,2796.87744140625,2520.6967536184857,2796.87744140625,107,0.0,0.0,0.0
2017-06-15 00:00:00+09:00,2459.323252193263,3208.95654296875,2459.323252193263,3208.95654296875,2,0.0,0.0,0.0
2017-06-16 00:00:00+09:00,3296.6328729342476,3296.6328729342476,3116.896240234375,3116.896240234375,606,0.0,0.0,0.0
2017-06-19 00:00:00+09:00,3208.95654296875,3208.95654296875,3208.95654296875,3208.95654296875,300,0.0,0.0,0.0
2017-06-20 00:00:00+09:00,3244.0268865231733,3244.0268865231733,2761.8066736616206,3239.64306640625,622,0.0,0.0,0.0
2017-06-21 00:00:00+09:00,2774.9579444042815,3331.7030612120916,2774.9579444042815,2818.796142578125,104,0.0,0.0,0.0
2017-06-22 00:00:00+09:00,2902.089111328125,2902.089111328125,2902.089111328125,2902.089111328125,400,0.0,0.0,0.0
2017-06-23 00:00:00+09:00,2630.2921335320725,3331.703369140625,2630.2921335320725,3331.703369140625,2,0.0,0.0,0.0
2017-06-26 00:00:00+09:00,2867.018322172619,3590.3486328125,2867.018322172619,3590.3486328125,2,0.0,0.0,0.0
2017-06-27 00:00:00+09:00,3068.67431640625,3068.67431640625,3068.67431640625,3068.67431640625,2,0.0,0.0,0.0
2017-06-28 00:00:00+09:00,3156.3505859375,3156.3505859375,3156.3505859375,3156.3505859375,300,0.0,0.0,0.0
2017-06-29 00:00:00+09:00,2682.898193359375,2682.898193359375,2682.898193359375,2682.898193359375,1,0.0,0.0,0.0
2017-06-30 00:00:00+09:00,2766.1904296875,2766.1904296875,2766.1904296875,2766.1904296875,401,0.0,0.0,0.0
2017-07-03 00:00:00+09:00,2516.312801387392,2893.3213395743533,2516.312801387392,2542.61572265625,42,0.0,0.0,0.0
2017-07-04 00:00:00+09:00,2893.3213462485924,2919.624267578125,2893.3213462485924,2919.624267578125,10,0.0,0.0,0.0
2017-07-05 00:00:00+09:00,2998.53287109375,2998.53287109375,2630.2919921875,2630.2919921875,301,0.0,0.0,0.0
2017-07-06 00:00:00+09:00,3020.4521484375,3020.4521484375,3020.4521484375,3020.4521484375,1,0.0,0.0,0.0
2017-07-07 00:00:00+09:00,2586.4540666852677,3068.67431640625,2586.4540666852677,3068.67431640625,21,0.0,0.0,0.0
2017-07-10 00:00:00+09:00,2717.968505859375,2717.968505859375,2717.968505859375,2717.968505859375,1,0.0,0.0,0.0
2017-07-11 00:00:00+09:00,2796.877329622762,3121.280029296875,2796.877329622762,3121.280029296875,700,0.0,0.0,0.0
2017-07-12 00:00:00+09:00,3033.603759765625,3033.603759765625,3033.603759765625,3033.603759765625,242,0.0,0.0,0.0
2017-07-13 00:00:00+09:00,2630.2919921875,2630.2919921875,2630.2919921875,2630.2919921875,1,0.0,0.0,0.0
2017-07-14 00:00:00+09:00,2766.1904296875,2766.1904296875,2766.1904296875,2766.1904296875,400,0.0,0.0,0.0
2017-07-17 00:00:00+09:00,2766.1904296875,2766.1904296875,2766.1904296875,2766.1904296875,720,0.0,0.0,0.0
2017-07-18 00:00:00+09:00,2840.71533203125,2840.71533203125,2840.71533203125,2840.71533203125,400,0.0,0.0,0.0
2017-07-19 00:00:00+09:00,2919.624267578125,2919.624267578125,2919.624267578125,2919.624267578125,299,0.0,0.0,0.0
2017-07-20 00:00:00+09:00,2919.624267578125,2919.624267578125,2919.624267578125,2919.624267578125,0,0.0,0.0,0.0
2017-07-21 00:00:00+09:00,3331.703369140625,3331.703369140625,3331.703369140625,3331.703369140625,25,0.0,0.0,0.0
2017-07-24 00:00:00+09:00,3235.25927734375,3235.25927734375,3235.25927734375,3235.25927734375,300,0.0,0.0,0.0
2017-07-25 00:00:00+09:00,3143.198974609375,3143.198974609375,3143.198974609375,3143.198974609375,300,0.0,0.0,0.0
2017-07-26 00:00:00+09:00,2980.997802734375,2980.997802734375,2980.997802734375,2980.997802734375,300,0.0,0.0,0.0
2017-07-27 00:00:00+09:00,2533.848132324219,2980.997802734375,2533.848132324219,2980.997802734375,257,0.0,0.0,0.0
2017-07-28 00:00:00+09:00,2533.847900390625,2533.847900390625,2533.847900390625,2533.847900390625,1,0.0,0.0,0.0
2017-07-31 00:00:00+09:00,2191.909950657895,2906.4725945723685,2191.909950657895,2498.77734375,6,0.0,0.0,0.0
2017-08-01 00:00:00+09:00,2568.9185123697916,2630.2919921875,2568.9185123697916,2630.2919921875,401,0.0,0.0,0.0
2017-08-02 00:00:00+09:00,2700.43310546875,2700.43310546875,2700.43310546875,2700.43310546875,400,0.0,0.0,0.0
2017-08-03 00:00:00+09:00,2411.101318359375,2411.101318359375,2411.101318359375,2411.101318359375,1,0.0,0.0,0.0
2017-08-04 00:00:00+09:00,2770.574462890625,2770.574462890625,2770.574462890625,2770.574462890625,100,0.0,0.0,0.0
2017-08-07 00:00:00+09:00,2428.6359448982007,2893.32080078125,2428.6359448982007,2893.32080078125,2,0.0,0.0,0.0
2017-08-08 00:00:00+09:00,2525.079971590909,2893.32080078125,2525.079971590909,2893.32080078125,2,0.0,0.0,0.0
2017-08-09 00:00:00+09:00,2810.02880859375,2810.02880859375,2810.02880859375,2810.02880859375,299,0.0,0.0,0.0
2017-08-10 00:00:00+09:00,2542.6152491714015,2893.32080078125,2542.6152491714015,2893.32080078125,400,0.0,0.0,0.0
2017-08-11 00:00:00+09:00,2459.322806980299,3327.319091796875,2459.322806980299,3327.319091796875,2,0.0,0.0,0.0
2017-08-14 00:00:00+09:00,3818.307861328125,3818.307861328125,3818.307861328125,3818.307861328125,1,0.0,0.0,0.0
2017-08-16 00:00:00+09:00,3708.7119140625,3708.7119140625,3708.7119140625,3708.7119140625,301,0.0,0.0,0.0
2017-08-17 00:00:00+09:00,4024.3469238281245,4024.3469238281245,4024.3469238281245,4024.346923828125,1,0.0,0.0,0.0
2017-08-18 00:00:00+09:00,3910.3674488336264,3910.3674488336264,3423.763427734375,3423.763427734375,325,0.0,0.0,0.0
2017-08-21 00:00:00+09:00,2937.1593515313566,3848.993896484375,2937.1593515313566,3848.993896484375,2,0.0,0.0,0.0
2017-08-22 00:00:00+09:00,3848.993896484375,3848.993896484375,3848.993896484375,3848.993896484375,0,0.0,0.0,0.0
2017-08-23 00:00:00+09:00,3848.993896484375,3848.993896484375,3848.993896484375,3848.993896484375,1826,0.0,0.0,0.0
2017-08-24 00:00:00+09:00,3739.3984375,3739.3984375,3739.3984375,3739.3984375,92,0.0,0.0,0.0
2017-08-25 00:00:00+09:00,3217.724120550007,3936.670654296875,3217.724120550007,3936.670654296875,2,0.0,0.0,0.0
2017-08-28 00:00:00+09:00,3936.670654296875,3936.670654296875,3936.670654296875,3936.670654296875,0,0.0,0.0,0.0
2017-08-29 00:00:00+09:00,3936.670654296875,3936.670654296875,3936.670654296875,3936.670654296875,0,0.0,0.0,0.0
2017-08-30 00:00:00+09:00,3936.670654296875,3936.670654296875,3936.670654296875,3936.670654296875,0,0.0,0.0,0.0
2017-08-31 00:00:00+09:00,3936.670654296875,3936.670654296875,3936.670654296875,3936.670654296875,780,0.0,0.0,0.0
2017-09-01 00:00:00+09:00,4050.64990234375,4050.64990234375,4050.64990234375,4050.64990234375,6,0.0,0.0,0.0
2017-09-04 00:00:00+09:00,3945.43798828125,3945.43798828125,3945.43798828125,3945.43798828125,2268,0.0,0.0,0.0
2017-09-05 00:00:00+09:00,3945.43798828125,3945.43798828125,3945.43798828125,3945.43798828125,0,0.0,0.0,0.0
2017-09-06 00:00:00+09:00,3831.45849609375,3831.45849609375,3831.45849609375,3831.45849609375,300,0.0,0.0,0.0
2017-09-07 00:00:00+09:00,3831.45849609375,3831.45849609375,3831.45849609375,3831.45849609375,0,0.0,0.0,0.0
2017-09-08 00:00:00+09:00,3831.45849609375,3831.45849609375,3831.45849609375,3831.45849609375,0,0.0,0.0,0.0
2017-09-11 00:00:00+09:00,3831.45849609375,3831.45849609375,3831.45849609375,3831.45849609375,0,0.0,0.0,0.0
2017-09-12 00:00:00+09:00,3831.45849609375,3831.45849609375,3831.45849609375,3831.45849609375,0,0.0,0.0,0.0
2017-09-13 00:00:00+09:00,3831.45849609375,3831.45849609375,3831.45849609375,3831.45849609375,23,0.0,0.0,0.0
2017-09-14 00:00:00+09:00,3507.055908203125,3507.055908203125,3507.055908203125,3507.055908203125,2500,0.0,0.0,0.0
2017-09-15 00:00:00+09:00,3603.500244140625,3603.500244140625,3603.500244140625,3603.500244140625,300,0.0,0.0,0.0
2017-09-18 00:00:00+09:00,3603.500244140625,3603.500244140625,3603.500244140625,3603.500244140625,0,0.0,0.0,0.0
2017-09-19 00:00:00+09:00,3603.500244140625,3603.500244140625,3603.500244140625,3603.500244140625,0,0.0,0.0,0.0
2017-09-20 00:00:00+09:00,3603.500244140625,3603.500244140625,3603.500244140625,3603.500244140625,0,0.0,0.0,0.0
2017-09-21 00:00:00+09:00,3682.40869140625,3682.40869140625,3682.40869140625,3682.40869140625,200,0.0,0.0,0.0
2017-09-25 00:00:00+09:00,3787.620361328125,3787.620361328125,3787.620361328125,3787.620361328125,0,0.0,0.0,0.0
2017-09-26 00:00:00+09:00,3787.620361328125,3787.620361328125,3787.620361328125,3787.620361328125,0,0.0,0.0,0.0
2017-09-27 00:00:00+09:00,3787.620361328125,3787.620361328125,3787.620361328125,3787.620361328125,0,0.0,0.0,0.0
2017-09-28 00:00:00+09:00,3787.620361328125,3787.620361328125,3787.620361328125,3787.620361328125,0,0.0,0.0,0.0
2017-09-29 00:00:00+09:00,3787.620361328125,3787.620361328125,3787.620361328125,3787.620361328125,0,0.0,0.0,0.0
2017-10-10 00:00:00+09:00,3678.025319692251,3892.83251953125,3678.025319692251,3892.83251953125,301,0.0,0.0,0.0
2017-10-11 00:00:00+09:00,3892.83251953125,3892.83251953125,3892.83251953125,3892.83251953125,0,0.0,0.0,0.0
2017-10-12 00:00:00+09:00,3309.7842808931423,4462.72900390625,3309.7842808931423,4462.72900390625,6,0.0,0.0,0.0
2017-10-13 00:00:00+09:00,4462.72900390625,4462.72900390625,4462.72900390625,4462.72900390625,0,0.0,0.0,0.0
2017-10-16 00:00:00+09:00,4462.72900390625,4462.72900390625,4462.72900390625,4462.72900390625,0,0.0,0.0,0.0
2017-10-17 00:00:00+09:00,4462.72900390625,4462.72900390625,4462.72900390625,4462.72900390625,0,0.0,0.0,0.0
2017-10-18 00:00:00+09:00,4462.72900390625,4462.72900390625,4462.72900390625,4462.72900390625,0,0.0,0.0,0.0
2017-10-19 00:00:00+09:00,4462.72900390625,4462.72900390625,4462.72900390625,4462.72900390625,0,0.0,0.0,0.0
2017-10-20 00:00:00+09:00,5129.0693359375,5129.0693359375,5129.0693359375,5129.0693359375,1,0.0,0.0,0.0
2017-10-23 00:00:00+09:00,5129.0693359375,5129.0693359375,5129.0693359375,5129.0693359375,0,0.0,0.0,0.0
2017-10-24 00:00:00+09:00,5129.0693359375,5129.0693359375,5129.0693359375,5129.0693359375,0,0.0,0.0,0.0
2017-10-25 00:00:00+09:00,5883.08642578125,5883.08642578125,5883.08642578125,5883.08642578125,1,0.0,0.0,0.0
2017-10-26 00:00:00+09:00,5883.08642578125,5883.08642578125,5883.08642578125,5883.08642578125,0,0.0,0.0,0.0
2017-10-27 00:00:00+09:00,5716.5009765625,5716.5009765625,5716.5009765625,5716.5009765625,25,0.0,0.0,0.0
2017-10-30 00:00:00+09:00,6558.19580078125,6558.19580078125,6558.19580078125,6558.19580078125,1,0.0,0.0,0.0
2017-10-31 00:00:00+09:00,6558.19580078125,6558.19580078125,6558.19580078125,6558.19580078125,0,0.0,0.0,0.0
2017-11-01 00:00:00+09:00,6558.19580078125,6558.19580078125,6558.19580078125,6558.19580078125,0,0.0,0.0,0.0
2017-11-02 00:00:00+09:00,6558.19580078125,6558.19580078125,6558.19580078125,6558.19580078125,0,0.0,0.0,0.0
2017-11-03 00:00:00+09:00,6558.19580078125,6558.19580078125,6558.19580078125,6558.19580078125,0,0.0,0.0,0.0
2017-11-06 00:00:00+09:00,6558.19580078125,6558.19580078125,6558.19580078125,6558.19580078125,0,0.0,0.0,0.0
2017-11-07 00:00:00+09:00,6558.19580078125,6558.19580078125,6558.19580078125,6558.19580078125,0,0.0,0.0,0.0
2017-11-08 00:00:00+09:00,6558.19580078125,6558.19580078125,6558.19580078125,6558.19580078125,0,0.0,0.0,0.0
2017-11-09 00:00:00+09:00,6558.19580078125,6558.19580078125,6558.19580078125,6558.19580078125,0,0.0,0.0,0.0
2017-11-10 00:00:00+09:00,6558.19580078125,6558.19580078125,6558.19580078125,6558.19580078125,0,0.0,0.0,0.0
2017-11-13 00:00:00+09:00,7531.4033203125,7531.4033203125,7531.4033203125,7531.4033203125,1,0.0,0.0,0.0
2017-11-14 00:00:00+09:00,7531.4033203125,7531.4033203125,7531.4033203125,7531.4033203125,0,0.0,0.0,0.0
2017-11-15 00:00:00+09:00,7531.4033203125,7531.4033203125,7531.4033203125,7531.4033203125,0,0.0,0.0,0.0
2017-11-16 00:00:00+09:00,7312.21240234375,7312.21240234375,7312.21240234375,7312.21240234375,199,0.0,0.0,0.0
2017-11-17 00:00:00+09:00,7312.21240234375,7312.21240234375,7312.21240234375,7312.21240234375,0,0.0,0.0,0.0
2017-11-20 00:00:00+09:00,7312.21240234375,7312.21240234375,7312.21240234375,7312.21240234375,0,0.0,0.0,0.0
2017-11-21 00:00:00+09:00,7312.21240234375,7312.21240234375,7312.21240234375,7312.21240234375,0,0.0,0.0,0.0
2017-11-22 00:00:00+09:00,7312.21240234375,7312.21240234375,7312.21240234375,7312.21240234375,0,0.0,0.0,0.0
2017-11-23 00:00:00+09:00,7312.21240234375,7312.21240234375,7312.21240234375,7312.21240234375,0,0.0,0.0,0.0
2017-11-24 00:00:00+09:00,7312.21240234375,7312.21240234375,7312.21240234375,7312.21240234375,0,0.0,0.0,0.0
2017-11-27 00:00:00+09:00,7312.21240234375,7312.21240234375,7312.21240234375,7312.21240234375,0,0.0,0.0,0.0
2017-11-28 00:00:00+09:00,7312.21240234375,7312.21240234375,7312.21240234375,7312.21240234375,0,0.0,0.0,0.0
2017-11-29 00:00:00+09:00,7101.78857421875,7101.78857421875,7101.78857421875,7101.78857421875,200,0.0,0.0,0.0
2017-11-30 00:00:00+09:00,6900.13330078125,6900.13330078125,6900.13330078125,6900.13330078125,200,0.0,0.0,0.0
2017-12-01 00:00:00+09:00,6707.245203427772,6900.13330078125,6707.245203427772,6900.13330078125,201,0.0,0.0,0.0
2017-12-04 00:00:00+09:00,6707.24560546875,6707.24560546875,6707.24560546875,6707.24560546875,200,0.0,0.0,0.0
2017-12-05 00:00:00+09:00,6514.35595703125,6514.35595703125,6514.35595703125,6514.35595703125,200,0.0,0.0,0.0
2017-12-06 00:00:00+09:00,6330.236328125,6330.236328125,6330.236328125,6330.236328125,200,0.0,0.0,0.0
2017-12-07 00:00:00+09:00,6146.115880908068,6330.236328125,6146.115880908068,6330.236328125,201,0.0,0.0,0.0
2017-12-08 00:00:00+09:00,6146.11572265625,6146.11572265625,6146.11572265625,6146.11572265625,200,0.0,0.0,0.0
2017-12-11 00:00:00+09:00,6146.11572265625,6146.11572265625,6146.11572265625,6146.11572265625,0,0.0,0.0,0.0
2017-12-12 00:00:00+09:00,6856.294921875,6856.294921875,6856.294921875,6856.294921875,200,0.0,0.0,0.0
2017-12-13 00:00:00+09:00,6663.40673828125,6663.40673828125,6663.40673828125,6663.40673828125,200,0.0,0.0,0.0
2017-12-14 00:00:00+09:00,6470.5185546875,6470.5185546875,6470.5185546875,6470.5185546875,200,0.0,0.0,0.0
2017-12-15 00:00:00+09:00,6470.5185546875,6470.5185546875,6470.5185546875,6470.5185546875,0,0.0,0.0,0.0
2017-12-18 00:00:00+09:00,6812.45703125,6812.45703125,6812.45703125,6812.45703125,200,0.0,0.0,0.0
2017-12-19 00:00:00+09:00,6619.56787109375,6619.56787109375,6619.56787109375,6619.56787109375,200,0.0,0.0,0.0
2017-12-21 00:00:00+09:00,6435.4482421875,6435.4482421875,6435.4482421875,6435.4482421875,200,0.0,0.0,0.0
2017-12-22 00:00:00+09:00,6251.32763671875,6251.32763671875,6251.32763671875,6251.32763671875,200,0.0,0.0,0.0
2017-12-26 00:00:00+09:00,6075.974609375,6075.974609375,6075.974609375,6075.974609375,200,0.0,0.0,0.0
2017-12-27 00:00:00+09:00,5943.5048828125,5943.5048828125,5943.5048828125,5943.5048828125,200,50.0,0.0,0.0
2017-12-28 00:00:00+09:00,5943.5048828125,5943.5048828125,5943.5048828125,5943.5048828125,0,0.0,0.0,0.0
2018-01-02 00:00:00+09:00,6632.3505859375,6632.3505859375,6632.3505859375,6632.3505859375,200,0.0,0.0,0.0
2018-01-03 00:00:00+09:00,6632.3505859375,6632.3505859375,6632.3505859375,6632.3505859375,0,0.0,0.0,0.0
2018-01-04 00:00:00+09:00,6446.8916015625,6446.8916015625,6446.8916015625,6446.8916015625,200,0.0,0.0,0.0
2018-01-05 00:00:00+09:00,6446.8916015625,6446.8916015625,6446.8916015625,6446.8916015625,0,0.0,0.0,0.0
2018-01-08 00:00:00+09:00,7056.25537109375,7056.25537109375,7056.25537109375,7056.25537109375,200,0.0,0.0,0.0
2018-01-09 00:00:00+09:00,6853.1337890625,6853.1337890625,6853.1337890625,6853.1337890625,200,0.0,0.0,0.0
2018-01-10 00:00:00+09:00,6853.1337890625,6853.1337890625,6853.1337890625,6853.1337890625,0,0.0,0.0,0.0
2018-01-11 00:00:00+09:00,6853.1337890625,6853.1337890625,6853.1337890625,6853.1337890625,0,0.0,0.0,0.0
2018-01-12 00:00:00+09:00,6853.1337890625,6853.1337890625,6853.1337890625,6853.1337890625,0,0.0,0.0,0.0
2018-01-15 00:00:00+09:00,6853.1337890625,6853.1337890625,6853.1337890625,6853.1337890625,0,0.0,0.0,0.0
2018-01-16 00:00:00+09:00,6853.1337890625,6853.1337890625,6853.1337890625,6853.1337890625,0,0.0,0.0,0.0
2018-01-17 00:00:00+09:00,6853.1337890625,6853.1337890625,6853.1337890625,6853.1337890625,0,0.0,0.0,0.0
2018-01-18 00:00:00+09:00,6853.1337890625,6853.1337890625,6853.1337890625,6853.1337890625,0,0.0,0.0,0.0
2018-01-19 00:00:00+09:00,6853.1337890625,6853.1337890625,6853.1337890625,6853.1337890625,0,0.0,0.0,0.0
2018-01-22 00:00:00+09:00,6853.1337890625,6853.1337890625,6853.1337890625,6853.1337890625,0,0.0,0.0,0.0
2018-01-23 00:00:00+09:00,6853.1337890625,6853.1337890625,6853.1337890625,6853.1337890625,0,0.0,0.0,0.0
2018-01-24 00:00:00+09:00,6853.1337890625,6853.1337890625,6853.1337890625,6853.1337890625,0,0.0,0.0,0.0
2018-01-25 00:00:00+09:00,6853.1337890625,6853.1337890625,6853.1337890625,6853.1337890625,0,0.0,0.0,0.0
2018-01-26 00:00:00+09:00,6853.1337890625,6853.1337890625,6853.1337890625,6853.1337890625,0,0.0,0.0,0.0
2018-01-29 00:00:00+09:00,6853.1337890625,6853.1337890625,6853.1337890625,6853.1337890625,0,0.0,0.0,0.0
2018-01-30 00:00:00+09:00,6853.1337890625,6853.1337890625,6853.1337890625,6853.1337890625,0,0.0,0.0,0.0
2018-01-31 00:00:00+09:00,6853.1337890625,6853.1337890625,6853.1337890625,6853.1337890625,0,0.0,0.0,0.0
2018-02-01 00:00:00+09:00,6853.1337890625,6853.1337890625,6853.1337890625,6853.1337890625,0,0.0,0.0,0.0
2018-02-02 00:00:00+09:00,6853.1337890625,6853.1337890625,6853.1337890625,6853.1337890625,0,0.0,0.0,0.0
2018-02-05 00:00:00+09:00,6853.1337890625,6853.1337890625,6853.1337890625,6853.1337890625,0,0.0,0.0,0.0
2018-02-06 00:00:00+09:00,6853.1337890625,6853.1337890625,6853.1337890625,6853.1337890625,0,0.0,0.0,0.0
2018-02-07 00:00:00+09:00,6853.1337890625,6853.1337890625,6853.1337890625,6853.1337890625,0,0.0,0.0,0.0
2018-02-08 00:00:00+09:00,6853.1337890625,6853.1337890625,6853.1337890625,6853.1337890625,0,0.0,0.0,0.0
2018-02-09 00:00:00+09:00,7338.859124200994,7771.595703125,7338.859124200994,7771.595703125,2,0.0,0.0,0.0
2018-02-12 00:00:00+09:00,7771.595703125,7771.595703125,7771.595703125,7771.595703125,0,0.0,0.0,0.0
2018-02-13 00:00:00+09:00,7771.595703125,7771.595703125,7771.595703125,7771.595703125,0,0.0,0.0,0.0
2018-02-14 00:00:00+09:00,7904.0673828125,7904.0673828125,7904.0673828125,7904.0673828125,1,0.0,0.0,0.0
2018-02-19 00:00:00+09:00,7939.390625,7939.390625,7674.449892241379,7939.390625,202,0.0,0.0,0.0
2018-02-20 00:00:00+09:00,7939.390625,7939.390625,7939.390625,7939.390625,0,0.0,0.0,0.0
2018-02-21 00:00:00+09:00,7939.390625,7939.390625,7939.390625,7939.390625,0,0.0,0.0,0.0
2018-02-22 00:00:00+09:00,7939.390625,7939.390625,7939.390625,7939.390625,0,0.0,0.0,0.0
2018-02-23 00:00:00+09:00,7939.390625,7939.390625,7939.390625,7939.390625,0,0.0,0.0,0.0
2018-02-26 00:00:00+09:00,7939.390625,7939.390625,7939.390625,7939.390625,0,0.0,0.0,0.0
2018-02-27 00:00:00+09:00,7939.390625,7939.390625,7939.390625,7939.390625,0,0.0,0.0,0.0
2018-02-28 00:00:00+09:00,7939.390625,7939.390625,7939.390625,7939.390625,0,0.0,0.0,0.0
2018-03-02 00:00:00+09:00,7939.390625,7939.390625,7939.390625,7939.390625,0,0.0,0.0,0.0
2018-03-05 00:00:00+09:00,7939.390625,7939.390625,7939.390625,7939.390625,0,0.0,0.0,0.0
2018-03-06 00:00:00+09:00,7939.390625,7939.390625,7939.390625,7939.390625,0,0.0,0.0,0.0
2018-03-07 00:00:00+09:00,7939.390625,7939.390625,7939.390625,7939.390625,0,0.0,0.0,0.0
2018-03-08 00:00:00+09:00,7851.07666015625,7851.07666015625,7851.07666015625,7851.07666015625,114,0.0,0.0,0.0
2018-03-09 00:00:00+09:00,7851.07666015625,7851.07666015625,7851.07666015625,7851.07666015625,0,0.0,0.0,0.0
2018-03-12 00:00:00+09:00,7851.07666015625,7851.07666015625,7851.07666015625,7851.07666015625,0,0.0,0.0,0.0
2018-03-13 00:00:00+09:00,7851.07666015625,7851.07666015625,7851.07666015625,7851.07666015625,0,0.0,0.0,0.0
2018-03-14 00:00:00+09:00,7851.07666015625,7851.07666015625,7851.07666015625,7851.07666015625,0,0.0,0.0,0.0
2018-03-15 00:00:00+09:00,7851.07666015625,7851.07666015625,7851.07666015625,7851.07666015625,0,0.0,0.0,0.0
2018-03-16 00:00:00+09:00,7851.07666015625,7851.07666015625,7851.07666015625,7851.07666015625,0,0.0,0.0,0.0
2018-03-19 00:00:00+09:00,7851.07666015625,7851.07666015625,7851.07666015625,7851.07666015625,0,0.0,0.0,0.0
2018-03-20 00:00:00+09:00,7851.07666015625,7851.07666015625,7851.07666015625,7851.07666015625,0,0.0,0.0,0.0
2018-03-21 00:00:00+09:00,7630.29345703125,7630.29345703125,7630.29345703125,7630.29345703125,200,0.0,0.0,0.0
2018-03-22 00:00:00+09:00,7409.508794005729,7851.07666015625,7409.508794005729,7851.07666015625,71,0.0,0.0,0.0
2018-03-23 00:00:00+09:00,7851.07666015625,7851.07666015625,7851.07666015625,7851.07666015625,0,0.0,0.0,0.0
2018-03-26 00:00:00+09:00,7630.29345703125,7630.29345703125,7630.29345703125,7630.29345703125,200,0.0,0.0,0.0
2018-03-27 00:00:00+09:00,7630.29345703125,7630.29345703125,7630.29345703125,7630.29345703125,0,0.0,0.0,0.0
2018-03-28 00:00:00+09:00,7630.29345703125,7630.29345703125,7630.29345703125,7630.29345703125,0,0.0,0.0,0.0
2018-03-29 00:00:00+09:00,7630.29345703125,7630.29345703125,7630.29345703125,7630.29345703125,0,0.0,0.0,0.0
2018-03-30 00:00:00+09:00,7630.29345703125,7630.29345703125,7630.29345703125,7630.29345703125,0,0.0,0.0,0.0
2018-04-02 00:00:00+09:00,7815.751953125,7815.751953125,7815.751953125,7815.751953125,1,0.0,0.0,0.0
2018-04-03 00:00:00+09:00,7594.96826171875,7594.96826171875,7594.96826171875,7594.96826171875,200,0.0,0.0,0.0
2018-04-04 00:00:00+09:00,7594.96826171875,7594.96826171875,7594.96826171875,7594.96826171875,0,0.0,0.0,0.0
2018-04-05 00:00:00+09:00,7374.1845703125,7374.1845703125,7374.1845703125,7374.1845703125,200,0.0,0.0,0.0
2018-04-06 00:00:00+09:00,7162.2315237558205,7586.13671875,7162.2315237558205,7586.13671875,10,0.0,0.0,0.0
2018-04-09 00:00:00+09:00,7586.13671875,7586.13671875,7586.13671875,7586.13671875,0,0.0,0.0,0.0
2018-04-10 00:00:00+09:00,7586.13671875,7586.13671875,7586.13671875,7586.13671875,0,0.0,0.0,0.0
2018-04-11 00:00:00+09:00,7586.13671875,7586.13671875,7586.13671875,7586.13671875,0,0.0,0.0,0.0
2018-04-12 00:00:00+09:00,7586.13671875,7586.13671875,7586.13671875,7586.13671875,0,0.0,0.0,0.0
2018-04-13 00:00:00+09:00,7586.13671875,7586.13671875,7586.13671875,7586.13671875,0,0.0,0.0,0.0
2018-04-16 00:00:00+09:00,7586.13671875,7586.13671875,7586.13671875,7586.13671875,0,0.0,0.0,0.0
2018-04-17 00:00:00+09:00,7586.13671875,7586.13671875,7586.13671875,7586.13671875,0,0.0,0.0,0.0
2018-04-18 00:00:00+09:00,7586.13671875,7586.13671875,7586.13671875,7586.13671875,0,0.0,0.0,0.0
2018-04-19 00:00:00+09:00,7586.13671875,7586.13671875,7586.13671875,7586.13671875,0,0.0,0.0,0.0
2018-04-20 00:00:00+09:00,7365.353515625,7365.353515625,7365.353515625,7365.353515625,200,0.0,0.0,0.0
2018-04-23 00:00:00+09:00,7365.353515625,7365.353515625,7365.353515625,7365.353515625,0,0.0,0.0,0.0
2018-04-24 00:00:00+09:00,7948.2216796875,7948.2216796875,7948.2216796875,7948.2216796875,200,0.0,0.0,0.0
2018-04-25 00:00:00+09:00,9140.456572324336,9140.456572324336,8813.6962890625,8813.6962890625,601,0.0,0.0,0.0
2018-04-26 00:00:00+09:00,8389.7900390625,8389.7900390625,8389.7900390625,8389.7900390625,200,0.0,0.0,0.0
2018-04-27 00:00:00+09:00,8389.7900390625,8389.7900390625,8389.7900390625,8389.7900390625,0,0.0,0.0,0.0
2018-04-30 00:00:00+09:00,7948.2216796875,7948.2216796875,7948.2216796875,7948.2216796875,200,0.0,0.0,0.0
2018-05-02 00:00:00+09:00,7948.2216796875,7948.2216796875,7948.2216796875,7948.2216796875,0,0.0,0.0,0.0
2018-05-03 00:00:00+09:00,7948.2216796875,7948.2216796875,7948.2216796875,7948.2216796875,0,0.0,0.0,0.0
2018-05-04 00:00:00+09:00,7948.2216796875,7948.2216796875,7948.2216796875,7948.2216796875,0,0.0,0.0,0.0
2018-05-08 00:00:00+09:00,7948.2216796875,7948.2216796875,7948.2216796875,7948.2216796875,0,0.0,0.0,0.0
2018-05-09 00:00:00+09:00,7948.2216796875,7948.2216796875,7948.2216796875,7948.2216796875,0,0.0,0.0,0.0
2018-05-10 00:00:00+09:00,7948.2216796875,7948.2216796875,7948.2216796875,7948.2216796875,0,0.0,0.0,0.0
2018-05-11 00:00:00+09:00,7948.2216796875,7948.2216796875,7948.2216796875,7948.2216796875,0,0.0,0.0,0.0
2018-05-14 00:00:00+09:00,7718.607421875,7718.607421875,7718.607421875,7718.607421875,200,0.0,0.0,0.0
2018-05-15 00:00:00+09:00,7718.607421875,7718.607421875,7718.607421875,7718.607421875,0,0.0,0.0,0.0
2018-05-16 00:00:00+09:00,7718.607421875,7718.607421875,7718.607421875,7718.607421875,0,0.0,0.0,0.0
2018-05-17 00:00:00+09:00,7718.607421875,7718.607421875,7718.607421875,7718.607421875,0,0.0,0.0,0.0
2018-05-18 00:00:00+09:00,7718.607421875,7718.607421875,7718.607421875,7718.607421875,0,0.0,0.0,0.0
2018-05-21 00:00:00+09:00,7718.607421875,7718.607421875,7718.607421875,7718.607421875,0,0.0,0.0,0.0
2018-05-23 00:00:00+09:00,8151.34375,8151.34375,8151.34375,8151.34375,60,0.0,0.0,0.0
2018-05-24 00:00:00+09:00,8151.34375,8151.34375,8151.34375,8151.34375,0,0.0,0.0,0.0
2018-05-25 00:00:00+09:00,8813.6962890625,8813.6962890625,8813.6962890625,8813.6962890625,1,0.0,0.0,0.0
2018-05-28 00:00:00+09:00,8813.6962890625,8813.6962890625,8813.6962890625,8813.6962890625,0,0.0,0.0,0.0
2018-05-29 00:00:00+09:00,8813.6962890625,8813.6962890625,8813.6962890625,8813.6962890625,0,0.0,0.0,0.0
2018-05-30 00:00:00+09:00,8813.6962890625,8813.6962890625,8813.6962890625,8813.6962890625,0,0.0,0.0,0.0
2018-05-31 00:00:00+09:00,8813.6962890625,8813.6962890625,8813.6962890625,8813.6962890625,0,0.0,0.0,0.0
2018-06-01 00:00:00+09:00,8813.6962890625,8813.6962890625,8813.6962890625,8813.6962890625,0,0.0,0.0,0.0
2018-06-04 00:00:00+09:00,8813.6962890625,8813.6962890625,8813.6962890625,8813.6962890625,0,0.0,0.0,0.0
2018-06-05 00:00:00+09:00,8557.5869140625,8557.5869140625,8557.5869140625,8557.5869140625,200,0.0,0.0,0.0
2018-06-07 00:00:00+09:00,8310.3095703125,8310.3095703125,8310.3095703125,8310.3095703125,200,0.0,0.0,0.0
2018-06-08 00:00:00+09:00,7948.2216796875,7948.2216796875,7948.2216796875,7948.2216796875,200,0.0,0.0,0.0
2018-06-11 00:00:00+09:00,7948.2216796875,7948.2216796875,7948.2216796875,7948.2216796875,0,0.0,0.0,0.0
2018-06-12 00:00:00+09:00,7948.2216796875,7948.2216796875,7948.2216796875,7948.2216796875,0,0.0,0.0,0.0
2018-06-14 00:00:00+09:00,7948.2216796875,7948.2216796875,7948.2216796875,7948.2216796875,0,0.0,0.0,0.0
2018-06-15 00:00:00+09:00,8389.7900390625,8389.7900390625,8389.7900390625,8389.7900390625,201,0.0,0.0,0.0
2018-06-18 00:00:00+09:00,8151.343374794407,8389.7900390625,8151.343374794407,8389.7900390625,201,0.0,0.0,0.0
2018-06-19 00:00:00+09:00,8389.7900390625,8389.7900390625,8389.7900390625,8389.7900390625,0,0.0,0.0,0.0
2018-06-20 00:00:00+09:00,8151.34375,8151.34375,8151.34375,8151.34375,200,0.0,0.0,0.0
2018-06-21 00:00:00+09:00,7921.728068462171,8389.7900390625,7921.728068462171,8389.7900390625,201,0.0,0.0,0.0
2018-06-22 00:00:00+09:00,8151.343374794407,8389.7900390625,8151.343374794407,8389.7900390625,201,0.0,0.0,0.0
2018-06-25 00:00:00+09:00,8151.345093940954,8310.3095703125,8151.345093940954,8310.3095703125,201,0.0,0.0,0.0
2018-06-26 00:00:00+09:00,8310.3095703125,8310.3095703125,8310.3095703125,8310.3095703125,0,0.0,0.0,0.0
2018-06-27 00:00:00+09:00,8124.85107421875,8124.85107421875,8124.85107421875,8124.85107421875,201,0.0,0.0,0.0
2018-06-28 00:00:00+09:00,7895.234853484688,8363.296875,7895.234853484688,8363.296875,201,0.0,0.0,0.0
2018-06-29 00:00:00+09:00,8124.85107421875,8124.85107421875,8124.85107421875,8124.85107421875,200,0.0,0.0,0.0
2018-07-02 00:00:00+09:00,7895.2353515625,7895.2353515625,7895.2353515625,7895.2353515625,200,0.0,0.0,0.0
2018-07-03 00:00:00+09:00,7895.2353515625,7895.2353515625,7895.2353515625,7895.2353515625,0,0.0,0.0,0.0
2018-07-04 00:00:00+09:00,8575.25,8575.25,8575.25,8575.25,200,0.0,0.0,0.0
2018-07-05 00:00:00+09:00,8327.97265625,8327.97265625,8327.97265625,8327.97265625,200,0.0,0.0,0.0
2018-07-06 00:00:00+09:00,8089.52490234375,8089.52490234375,8089.52490234375,8089.52490234375,200,0.0,0.0,0.0
2018-07-09 00:00:00+09:00,7859.910566344115,8327.97265625,7859.910566344115,8327.97265625,201,0.0,0.0,0.0
2018-07-10 00:00:00+09:00,8327.97265625,8327.97265625,8327.97265625,8327.97265625,0,0.0,0.0,0.0
2018-07-11 00:00:00+09:00,8327.97265625,8327.97265625,8327.97265625,8327.97265625,0,0.0,0.0,0.0
2018-07-12 00:00:00+09:00,8327.97265625,8327.97265625,8327.97265625,8327.97265625,0,0.0,0.0,0.0
2018-07-13 00:00:00+09:00,7497.8232421875,7497.8232421875,7497.8232421875,7497.8232421875,201,0.0,0.0,0.0
2018-07-16 00:00:00+09:00,7497.8232421875,7497.8232421875,7497.8232421875,7497.8232421875,0,0.0,0.0,0.0
2018-07-17 00:00:00+09:00,7497.8232421875,7497.8232421875,7497.8232421875,7497.8232421875,0,0.0,0.0,0.0
2018-07-18 00:00:00+09:00,7497.8232421875,7497.8232421875,7497.8232421875,7497.8232421875,0,0.0,0.0,0.0
2018-07-19 00:00:00+09:00,7815.751953125,7815.751953125,7815.751953125,7815.751953125,200,0.0,0.0,0.0
2018-07-20 00:00:00+09:00,7594.96826171875,7594.96826171875,7594.96826171875,7594.96826171875,200,0.0,0.0,0.0
2018-07-23 00:00:00+09:00,7594.96826171875,7594.96826171875,7594.96826171875,7594.96826171875,0,0.0,0.0,0.0
2018-07-24 00:00:00+09:00,7374.1845703125,7374.1845703125,7374.1845703125,7374.1845703125,200,0.0,0.0,0.0
2018-07-25 00:00:00+09:00,7374.1845703125,7374.1845703125,7374.1845703125,7374.1845703125,0,0.0,0.0,0.0
2018-07-26 00:00:00+09:00,8230.826740093848,8469.2734375,8230.826740093848,8469.2734375,201,0.0,0.0,0.0
2018-07-27 00:00:00+09:00,8230.826171875,8230.826171875,8230.826171875,8230.826171875,200,0.0,0.0,0.0
2018-07-30 00:00:00+09:00,7992.380371093751,7992.380371093751,7992.380371093751,7992.38037109375,200,0.0,0.0,0.0
2018-07-31 00:00:00+09:00,7992.380371093751,7992.380371093751,7992.380371093751,7992.38037109375,0,0.0,0.0,0.0
2018-08-01 00:00:00+09:00,7992.380371093751,7992.380371093751,7992.380371093751,7992.38037109375,0,0.0,0.0,0.0
2018-08-02 00:00:00+09:00,7992.380371093751,7992.380371093751,7992.380371093751,7992.38037109375,0,0.0,0.0,0.0
2018-08-03 00:00:00+09:00,10288.5322265625,10288.5322265625,10288.5322265625,10288.5322265625,100,0.0,0.0,0.0
2018-08-06 00:00:00+09:00,10023.5927734375,10023.5927734375,10023.5927734375,10023.5927734375,100,0.0,0.0,0.0
2018-08-07 00:00:00+09:00,9758.6513671875,9758.6513671875,9758.6513671875,9758.6513671875,100,0.0,0.0,0.0
2018-08-08 00:00:00+09:00,9758.6513671875,9758.6513671875,9758.6513671875,9758.6513671875,0,0.0,0.0,0.0
2018-08-09 00:00:00+09:00,9758.6513671875,9758.6513671875,9758.6513671875,9758.6513671875,0,0.0,0.0,0.0
2018-08-10 00:00:00+09:00,10862.5712890625,10862.5712890625,10862.5712890625,10862.5712890625,100,0.0,0.0,0.0
2018-08-13 00:00:00+09:00,10553.4736328125,10553.4736328125,10553.4736328125,10553.4736328125,100,0.0,0.0,0.0
2018-08-14 00:00:00+09:00,9007.9853515625,9007.9853515625,9007.9853515625,9007.9853515625,100,0.0,0.0,0.0
2018-08-16 00:00:00+09:00,8734.21484375,8734.21484375,8734.21484375,8734.21484375,100,0.0,0.0,0.0
2018-08-17 00:00:00+09:00,8469.2734375,8469.2734375,8469.2734375,8469.2734375,200,0.0,0.0,0.0
2018-08-20 00:00:00+09:00,8230.826171875,8230.826171875,8230.826171875,8230.826171875,200,0.0,0.0,0.0
2018-08-21 00:00:00+09:00,7497.8232421875,7497.8232421875,7497.8232421875,7497.8232421875,200,0.0,0.0,0.0
2018-08-22 00:00:00+09:00,7285.87060546875,7285.87060546875,7285.87060546875,7285.87060546875,200,0.0,0.0,0.0
2018-08-23 00:00:00+09:00,7073.91845703125,7073.91845703125,7073.91845703125,7073.91845703125,200,0.0,0.0,0.0
2018-08-24 00:00:00+09:00,6870.79736328125,6870.79736328125,6870.79736328125,6870.79736328125,200,0.0,0.0,0.0
2018-08-27 00:00:00+09:00,6349.74658203125,6349.74658203125,6349.74658203125,6349.74658203125,200,0.0,0.0,0.0
2018-08-28 00:00:00+09:00,5872.85400390625,5872.85400390625,5872.85400390625,5872.85400390625,200,0.0,0.0,0.0
2018-08-29 00:00:00+09:00,4998.54942287359,5872.85400390625,4998.54942287359,5872.85400390625,781,0.0,0.0,0.0
2018-08-30 00:00:00+09:00,5705.058175223214,5872.85400390625,5705.058175223214,5872.85400390625,205,0.0,0.0,0.0
2018-08-31 00:00:00+09:00,5872.85400390625,5872.85400390625,5872.85400390625,5872.85400390625,0,0.0,0.0,0.0
2018-09-03 00:00:00+09:00,5872.85400390625,5872.85400390625,5872.85400390625,5872.85400390625,0,0.0,0.0,0.0
2018-09-04 00:00:00+09:00,5705.05712890625,5705.05712890625,5705.05712890625,5705.05712890625,200,0.0,0.0,0.0
2018-09-05 00:00:00+09:00,5705.05712890625,5705.05712890625,5705.05712890625,5705.05712890625,0,0.0,0.0,0.0
2018-09-06 00:00:00+09:00,5537.26171875,5537.26171875,5537.26171875,5537.26171875,200,0.0,0.0,0.0
2018-09-07 00:00:00+09:00,5537.26171875,5537.26171875,5537.26171875,5537.26171875,0,0.0,0.0,0.0
2018-09-10 00:00:00+09:00,5537.26171875,5537.26171875,5537.26171875,5537.26171875,0,0.0,0.0,0.0
2018-09-11 00:00:00+09:00,5537.26171875,5537.26171875,5537.26171875,5537.26171875,0,0.0,0.0,0.0
2018-09-12 00:00:00+09:00,6358.578125,6358.578125,6358.578125,6358.578125,1,0.0,0.0,0.0
2018-09-13 00:00:00+09:00,7312.36474609375,7312.36474609375,7312.36474609375,7312.36474609375,2,0.0,0.0,0.0
2018-09-14 00:00:00+09:00,7312.36474609375,7312.36474609375,7312.36474609375,7312.36474609375,0,0.0,0.0,0.0
2018-09-17 00:00:00+09:00,8169.0068359375,8169.0068359375,8169.0068359375,8169.0068359375,200,0.0,0.0,0.0
2018-09-18 00:00:00+09:00,8169.0068359375,8169.0068359375,8169.0068359375,8169.0068359375,0,0.0,0.0,0.0
2018-09-19 00:00:00+09:00,8169.0068359375,8169.0068359375,8169.0068359375,8169.0068359375,0,0.0,0.0,0.0
2018-09-20 00:00:00+09:00,10376.8466796875,10376.8466796875,10376.8466796875,10376.8466796875,100,0.0,0.0,0.0
2018-09-21 00:00:00+09:00,10111.90625,10111.90625,10111.90625,10111.90625,100,0.0,0.0,0.0
2018-09-27 00:00:00+09:00,10111.90625,10111.90625,10111.90625,10111.90625,0,0.0,0.0,0.0
2018-09-28 00:00:00+09:00,10111.90625,10111.90625,10111.90625,10111.90625,0,0.0,0.0,0.0
2018-10-01 00:00:00+09:00,10111.90625,10111.90625,10111.90625,10111.90625,0,0.0,0.0,0.0
2018-10-02 00:00:00+09:00,11348.295198961938,12761.3125,11348.295198961938,12761.3125,101,0.0,0.0,0.0
2018-10-04 00:00:00+09:00,10862.5712890625,10862.5712890625,10862.5712890625,10862.5712890625,100,0.0,0.0,0.0
2018-10-05 00:00:00+09:00,9272.927734375,9272.927734375,9272.927734375,9272.927734375,100,0.0,0.0,0.0
2018-10-08 00:00:00+09:00,8804.86328125,8804.86328125,8804.86328125,8804.86328125,100,0.0,0.0,0.0
2018-10-10 00:00:00+09:00,8804.86328125,8804.86328125,8804.86328125,8804.86328125,0,0.0,0.0,0.0
2018-10-11 00:00:00+09:00,9228.7705078125,9228.7705078125,9228.7705078125,9228.7705078125,100,0.0,0.0,0.0
2018-10-12 00:00:00+09:00,8469.2734375,8469.2734375,8469.2734375,8469.2734375,100,0.0,0.0,0.0
2018-10-15 00:00:00+09:00,7206.38916015625,7206.38916015625,7206.38916015625,7206.38916015625,250,0.0,0.0,0.0
2018-10-16 00:00:00+09:00,7206.38916015625,7206.38916015625,7206.38916015625,7206.38916015625,0,0.0,0.0,0.0
2018-10-17 00:00:00+09:00,7003.266988699777,7418.3408203125,7003.266988699777,7418.3408203125,201,0.0,0.0,0.0
2018-10-18 00:00:00+09:00,7418.3408203125,7418.3408203125,7418.3408203125,7418.3408203125,0,0.0,0.0,0.0
2018-10-19 00:00:00+09:00,8283.814453125,8283.814453125,8283.814453125,8283.814453125,200,0.0,0.0,0.0
2018-10-22 00:00:00+09:00,8045.3671875,8045.3671875,8045.3671875,8045.3671875,200,0.0,0.0,0.0
2018-10-23 00:00:00+09:00,6844.302734375,6844.302734375,6844.302734375,6844.302734375,200,0.0,0.0,0.0
2018-10-24 00:00:00+09:00,6650.01318359375,6650.01318359375,6650.01318359375,6650.01318359375,200,0.0,0.0,0.0
2018-10-25 00:00:00+09:00,6650.01318359375,6650.01318359375,6650.01318359375,6650.01318359375,0,0.0,0.0,0.0
2018-10-26 00:00:00+09:00,7418.3408203125,7418.3408203125,7418.3408203125,7418.3408203125,200,0.0,0.0,0.0
2018-10-29 00:00:00+09:00,7418.3408203125,7418.3408203125,7418.3408203125,7418.3408203125,0,0.0,0.0,0.0
2018-10-30 00:00:00+09:00,7259.37744140625,7259.37744140625,7259.37744140625,7259.37744140625,200,0.0,0.0,0.0
2018-10-31 00:00:00+09:00,7259.37744140625,7259.37744140625,7259.37744140625,7259.37744140625,0,0.0,0.0,0.0
2018-11-01 00:00:00+09:00,8089.52490234375,8089.52490234375,8089.52490234375,8089.52490234375,200,0.0,0.0,0.0
2018-11-02 00:00:00+09:00,7859.910566344115,8327.97265625,7859.910566344115,8327.97265625,205,0.0,0.0,0.0
2018-11-05 00:00:00+09:00,8327.97265625,8327.97265625,8327.97265625,8327.97265625,0,0.0,0.0,0.0
2018-11-06 00:00:00+09:00,8327.97265625,8327.97265625,8327.97265625,8327.97265625,0,0.0,0.0,0.0
2018-11-07 00:00:00+09:00,8327.97265625,8327.97265625,8327.97265625,8327.97265625,0,0.0,0.0,0.0
2018-11-08 00:00:00+09:00,8327.97265625,8327.97265625,8327.97265625,8327.97265625,0,0.0,0.0,0.0
2018-11-09 00:00:00+09:00,8327.97265625,8327.97265625,8327.97265625,8327.97265625,0,0.0,0.0,0.0
2018-11-12 00:00:00+09:00,8566.417507738408,8566.417507738408,7506.654517090358,8380.958984375,301,0.0,0.0,0.0
2018-11-13 00:00:00+09:00,8380.958984375,8380.958984375,8380.958984375,8380.958984375,0,0.0,0.0,0.0
2018-11-14 00:00:00+09:00,7930.56005859375,7930.56005859375,7930.56005859375,7930.56005859375,201,0.0,0.0,0.0
2018-11-15 00:00:00+09:00,7700.94580078125,8124.85107421875,7700.94580078125,8124.85107421875,205,0.0,0.0,0.0
2018-11-16 00:00:00+09:00,7895.2348783052885,8036.53662109375,7895.2348783052885,8036.53662109375,201,0.0,0.0,0.0
2018-11-19 00:00:00+09:00,8036.53662109375,8036.53662109375,8036.53662109375,8036.53662109375,0,0.0,0.0,0.0
2018-11-20 00:00:00+09:00,8036.53662109375,8036.53662109375,8036.53662109375,8036.53662109375,0,0.0,0.0,0.0
2018-11-21 00:00:00+09:00,8036.53662109375,8036.53662109375,8036.53662109375,8036.53662109375,0,0.0,0.0,0.0
2018-11-22 00:00:00+09:00,8036.53662109375,8036.53662109375,8036.53662109375,8036.53662109375,0,0.0,0.0,0.0
2018-11-23 00:00:00+09:00,8036.53662109375,8036.53662109375,8036.53662109375,8036.53662109375,0,0.0,0.0,0.0
2018-11-26 00:00:00+09:00,8036.53662109375,8036.53662109375,8036.53662109375,8036.53662109375,0,0.0,0.0,0.0
2018-11-27 00:00:00+09:00,8036.53662109375,8036.53662109375,8036.53662109375,8036.53662109375,0,0.0,0.0,0.0
2018-11-28 00:00:00+09:00,8036.53662109375,8036.53662109375,8036.53662109375,8036.53662109375,0,0.0,0.0,0.0
2018-11-29 00:00:00+09:00,8036.53662109375,8036.53662109375,8036.53662109375,8036.53662109375,0,0.0,0.0,0.0
2018-11-30 00:00:00+09:00,8036.53662109375,8036.53662109375,8036.53662109375,8036.53662109375,0,0.0,0.0,0.0
2018-12-03 00:00:00+09:00,8036.53662109375,8036.53662109375,8036.53662109375,8036.53662109375,0,0.0,0.0,0.0
2018-12-04 00:00:00+09:00,8036.53662109375,8036.53662109375,8036.53662109375,8036.53662109375,0,0.0,0.0,0.0
2018-12-05 00:00:00+09:00,8036.53662109375,8036.53662109375,8036.53662109375,8036.53662109375,0,0.0,0.0,0.0
2018-12-06 00:00:00+09:00,8036.53662109375,8036.53662109375,8036.53662109375,8036.53662109375,0,0.0,0.0,0.0
2018-12-07 00:00:00+09:00,8036.53662109375,8036.53662109375,8036.53662109375,8036.53662109375,0,0.0,0.0,0.0
2018-12-10 00:00:00+09:00,8036.53662109375,8036.53662109375,8036.53662109375,8036.53662109375,0,0.0,0.0,0.0
2018-12-11 00:00:00+09:00,8036.53662109375,8036.53662109375,8036.53662109375,8036.53662109375,0,0.0,0.0,0.0
2018-12-12 00:00:00+09:00,8036.53662109375,8036.53662109375,8036.53662109375,8036.53662109375,0,0.0,0.0,0.0
2018-12-13 00:00:00+09:00,3916.7077538023605,4150.73876953125,3916.7077538023605,4150.73876953125,302,0.0,0.0,0.0
2018-12-14 00:00:00+09:00,4031.5151268701898,4159.56982421875,4031.5151268701898,4159.56982421875,309,0.0,0.0,0.0
2018-12-17 00:00:00+09:00,4040.3466720581055,4239.05224609375,4040.3466720581055,4239.05224609375,301,0.0,0.0,0.0
2018-12-18 00:00:00+09:00,4239.05224609375,4239.05224609375,4239.05224609375,4239.05224609375,0,0.0,0.0,0.0
2018-12-19 00:00:00+09:00,4239.05224609375,4239.05224609375,4239.05224609375,4239.05224609375,0,0.0,0.0,0.0
2018-12-20 00:00:00+09:00,4239.05224609375,4239.05224609375,4239.05224609375,4239.05224609375,0,0.0,0.0,0.0
2018-12-21 00:00:00+09:00,4239.05224609375,4239.05224609375,4239.05224609375,4239.05224609375,0,0.0,0.0,0.0
2018-12-24 00:00:00+09:00,4239.05224609375,4239.05224609375,4239.05224609375,4239.05224609375,0,0.0,0.0,0.0
2018-12-26 00:00:00+09:00,4239.05224609375,4239.05224609375,4239.05224609375,4239.05224609375,0,0.0,0.0,0.0
2018-12-27 00:00:00+09:00,4283.673828125,4283.673828125,4283.673828125,4283.673828125,0,50.0,0.0,0.0
2018-12-28 00:00:00+09:00,4283.673828125,4283.673828125,4283.673828125,4283.673828125,0,0.0,0.0,0.0
2019-01-02 00:00:00+09:00,4283.673828125,4283.673828125,4283.673828125,4283.673828125,0,0.0,0.0,0.0
2019-01-03 00:00:00+09:00,4283.673828125,4283.673828125,4283.673828125,4283.673828125,0,0.0,0.0,0.0
2019-01-04 00:00:00+09:00,4283.673828125,4283.673828125,4283.673828125,4283.673828125,0,0.0,0.0,0.0
2019-01-07 00:00:00+09:00,4283.673828125,4283.673828125,4283.673828125,4283.673828125,0,0.0,0.0,0.0
2019-01-08 00:00:00+09:00,4283.673828125,4283.673828125,4283.673828125,4283.673828125,0,0.0,0.0,0.0
2019-01-09 00:00:00+09:00,4283.673828125,4283.673828125,4283.673828125,4283.673828125,0,0.0,0.0,0.0
2019-01-10 00:00:00+09:00,4283.673828125,4283.673828125,4283.673828125,4283.673828125,0,0.0,0.0,0.0
2019-01-11 00:00:00+09:00,4283.673828125,4283.673828125,4283.673828125,4283.673828125,0,0.0,0.0,0.0
2019-01-14 00:00:00+09:00,4283.673828125,4283.673828125,4283.673828125,4283.673828125,0,0.0,0.0,0.0
2019-01-15 00:00:00+09:00,7032.36421747888,7130.53173828125,7032.36421747888,7130.53173828125,201,0.0,0.0,0.0
2019-01-16 00:00:00+09:00,7130.53173828125,7130.53173828125,7130.53173828125,7130.53173828125,0,0.0,0.0,0.0
2019-01-17 00:00:00+09:00,7951.569308035714,7951.569308035714,5890.051339285714,6871.7265625,20,0.0,0.0,0.0
2019-01-18 00:00:00+09:00,6675.39194961939,6960.97021484375,6675.39194961939,6960.97021484375,201,0.0,0.0,0.0
2019-01-21 00:00:00+09:00,5916.824690085757,6943.12158203125,5916.824690085757,6943.12158203125,18,0.0,0.0,0.0
2019-01-22 00:00:00+09:00,6943.12158203125,6943.12158203125,6943.12158203125,6943.12158203125,0,0.0,0.0,0.0
2019-01-23 00:00:00+09:00,6943.12158203125,6943.12158203125,6943.12158203125,6943.12158203125,0,0.0,0.0,0.0
2019-01-24 00:00:00+09:00,6943.12158203125,6943.12158203125,6943.12158203125,6943.12158203125,0,0.0,0.0,0.0
2019-01-25 00:00:00+09:00,6077.46240234375,6077.46240234375,6077.46240234375,6077.46240234375,200,0.0,0.0,0.0
2019-01-28 00:00:00+09:00,6077.46240234375,6077.46240234375,6077.46240234375,6077.46240234375,0,0.0,0.0,0.0
2019-01-29 00:00:00+09:00,6077.46240234375,6077.46240234375,6077.46240234375,6077.46240234375,0,0.0,0.0,0.0
2019-01-30 00:00:00+09:00,6077.46240234375,6077.46240234375,6077.46240234375,6077.46240234375,0,0.0,0.0,0.0
2019-01-31 00:00:00+09:00,6077.46240234375,6077.46240234375,6077.46240234375,6077.46240234375,0,0.0,0.0,0.0
2019-02-01 00:00:00+09:00,7978.34375,7978.34375,7978.34375,7978.34375,1,0.0,0.0,0.0
2019-02-07 00:00:00+09:00,7978.34375,7978.34375,7978.34375,7978.34375,0,0.0,0.0,0.0
2019-02-08 00:00:00+09:00,9102.8076171875,9102.8076171875,9102.8076171875,9102.8076171875,1,0.0,0.0,0.0
2019-02-11 00:00:00+09:00,9102.8076171875,9102.8076171875,9102.8076171875,9102.8076171875,0,0.0,0.0,0.0
2019-02-12 00:00:00+09:00,9102.8076171875,9102.8076171875,9102.8076171875,9102.8076171875,0,0.0,0.0,0.0
2019-02-13 00:00:00+09:00,9102.8076171875,9102.8076171875,9102.8076171875,9102.8076171875,0,0.0,0.0,0.0
2019-02-14 00:00:00+09:00,9102.8076171875,9102.8076171875,9102.8076171875,9102.8076171875,0,0.0,0.0,0.0
2019-02-15 00:00:00+09:00,9102.8076171875,9102.8076171875,9102.8076171875,9102.8076171875,0,0.0,0.0,0.0
2019-02-18 00:00:00+09:00,9102.8076171875,9102.8076171875,9102.8076171875,9102.8076171875,0,0.0,0.0,0.0
2019-02-19 00:00:00+09:00,9102.8076171875,9102.8076171875,9102.8076171875,9102.8076171875,0,0.0,0.0,0.0
2019-02-20 00:00:00+09:00,9102.8076171875,9102.8076171875,9102.8076171875,9102.8076171875,0,0.0,0.0,0.0
2019-02-21 00:00:00+09:00,9102.8076171875,9102.8076171875,9102.8076171875,9102.8076171875,0,0.0,0.0,0.0
2019-02-22 00:00:00+09:00,9102.8076171875,9102.8076171875,9102.8076171875,9102.8076171875,0,0.0,0.0,0.0
2019-02-25 00:00:00+09:00,9102.8076171875,9102.8076171875,9102.8076171875,9102.8076171875,0,0.0,0.0,0.0
2019-02-26 00:00:00+09:00,9102.8076171875,9102.8076171875,9102.8076171875,9102.8076171875,0,0.0,0.0,0.0
2019-02-27 00:00:00+09:00,9102.8076171875,9102.8076171875,9102.8076171875,9102.8076171875,0,0.0,0.0,0.0
2019-02-28 00:00:00+09:00,9102.8076171875,9102.8076171875,9102.8076171875,9102.8076171875,0,0.0,0.0,0.0
2019-03-04 00:00:00+09:00,9102.8076171875,9102.8076171875,9102.8076171875,9102.8076171875,0,0.0,0.0,0.0
2019-03-05 00:00:00+09:00,9102.8076171875,9102.8076171875,9102.8076171875,9102.8076171875,0,0.0,0.0,0.0
2019-03-06 00:00:00+09:00,9102.8076171875,9102.8076171875,9102.8076171875,9102.8076171875,0,0.0,0.0,0.0
2019-03-07 00:00:00+09:00,9102.8076171875,9102.8076171875,9102.8076171875,9102.8076171875,0,0.0,0.0,0.0
2019-03-08 00:00:00+09:00,9102.8076171875,9102.8076171875,9102.8076171875,9102.8076171875,0,0.0,0.0,0.0
2019-03-11 00:00:00+09:00,9102.8076171875,9102.8076171875,9102.8076171875,9102.8076171875,0,0.0,0.0,0.0
2019-03-12 00:00:00+09:00,9102.8076171875,9102.8076171875,9102.8076171875,9102.8076171875,0,0.0,0.0,0.0
2019-03-13 00:00:00+09:00,9102.8076171875,9102.8076171875,9102.8076171875,9102.8076171875,0,0.0,0.0,0.0
2019-03-14 00:00:00+09:00,9102.8076171875,9102.8076171875,9102.8076171875,9102.8076171875,0,0.0,0.0,0.0
2019-03-15 00:00:00+09:00,9102.8076171875,9102.8076171875,9102.8076171875,9102.8076171875,0,0.0,0.0,0.0
2019-03-18 00:00:00+09:00,9102.8076171875,9102.8076171875,9102.8076171875,9102.8076171875,0,0.0,0.0,0.0
2019-03-19 00:00:00+09:00,9102.8076171875,9102.8076171875,9102.8076171875,9102.8076171875,0,0.0,0.0,0.0
2019-03-20 00:00:00+09:00,9102.8076171875,9102.8076171875,9102.8076171875,9102.8076171875,0,0.0,0.0,0.0
2019-03-21 00:00:00+09:00,9102.8076171875,9102.8076171875,9102.8076171875,9102.8076171875,0,0.0,0.0,0.0
2019-03-22 00:00:00+09:00,9102.8076171875,9102.8076171875,9102.8076171875,9102.8076171875,0,0.0,0.0,0.0
2019-03-25 00:00:00+09:00,9102.8076171875,9102.8076171875,9102.8076171875,9102.8076171875,0,0.0,0.0,0.0
2019-03-26 00:00:00+09:00,9102.8076171875,9102.8076171875,9102.8076171875,9102.8076171875,0,0.0,0.0,0.0
2019-03-27 00:00:00+09:00,9102.8076171875,9102.8076171875,9102.8076171875,9102.8076171875,0,0.0,0.0,0.0
2019-03-28 00:00:00+09:00,9102.8076171875,9102.8076171875,9102.8076171875,9102.8076171875,0,0.0,0.0,0.0
2019-03-29 00:00:00+09:00,9102.8076171875,9102.8076171875,9102.8076171875,9102.8076171875,0,0.0,0.0,0.0
2019-04-01 00:00:00+09:00,9102.8076171875,9102.8076171875,9102.8076171875,9102.8076171875,0,0.0,0.0,0.0
2019-04-02 00:00:00+09:00,9102.8076171875,9102.8076171875,9102.8076171875,9102.8076171875,0,0.0,0.0,0.0
2019-04-03 00:00:00+09:00,9102.8076171875,9102.8076171875,9102.8076171875,9102.8076171875,0,0.0,0.0,0.0
2019-04-04 00:00:00+09:00,6693.240234375,6693.240234375,6693.240234375,6693.240234375,200,0.0,0.0,0.0
2019-04-05 00:00:00+09:00,6693.240234375,6693.240234375,6693.240234375,6693.240234375,0,0.0,0.0,0.0
2019-04-08 00:00:00+09:00,6693.240234375,6693.240234375,6693.240234375,6693.240234375,0,0.0,0.0,0.0
2019-04-09 00:00:00+09:00,6693.240234375,6693.240234375,6693.240234375,6693.240234375,0,0.0,0.0,0.0
2019-04-10 00:00:00+09:00,6693.240234375,6693.240234375,6693.240234375,6693.240234375,0,0.0,0.0,0.0
2019-04-11 00:00:00+09:00,5158.257237971575,6416.58642578125,5158.257237971575,6416.58642578125,381,0.0,0.0,0.0
2019-04-12 00:00:00+09:00,6416.58642578125,6416.58642578125,6416.58642578125,6416.58642578125,0,0.0,0.0,0.0
2019-04-15 00:00:00+09:00,6416.58642578125,6416.58642578125,6416.58642578125,6416.58642578125,0,0.0,0.0,0.0
2019-04-16 00:00:00+09:00,6416.58642578125,6416.58642578125,6416.58642578125,6416.58642578125,0,0.0,0.0,0.0
2019-04-17 00:00:00+09:00,6416.58642578125,6416.58642578125,6416.58642578125,6416.58642578125,0,0.0,0.0,0.0
2019-04-18 00:00:00+09:00,6416.58642578125,6416.58642578125,6416.58642578125,6416.58642578125,0,0.0,0.0,0.0
2019-04-19 00:00:00+09:00,6416.58642578125,6416.58642578125,6416.58642578125,6416.58642578125,0,0.0,0.0,0.0
2019-04-22 00:00:00+09:00,6416.58642578125,6416.58642578125,6416.58642578125,6416.58642578125,0,0.0,0.0,0.0
2019-04-23 00:00:00+09:00,6416.58642578125,6416.58642578125,6416.58642578125,6416.58642578125,0,0.0,0.0,0.0
2019-04-24 00:00:00+09:00,6416.58642578125,6416.58642578125,6416.58642578125,6416.58642578125,0,0.0,0.0,0.0
2019-04-25 00:00:00+09:00,6416.58642578125,6416.58642578125,6416.58642578125,6416.58642578125,0,0.0,0.0,0.0
2019-04-26 00:00:00+09:00,6416.58642578125,6416.58642578125,6416.58642578125,6416.58642578125,0,0.0,0.0,0.0
2019-04-29 00:00:00+09:00,6416.58642578125,6416.58642578125,6416.58642578125,6416.58642578125,0,0.0,0.0,0.0
2019-04-30 00:00:00+09:00,6068.5380859375,6068.5380859375,6068.5380859375,6068.5380859375,200,0.0,0.0,0.0
2019-05-02 00:00:00+09:00,6068.5380859375,6068.5380859375,6068.5380859375,6068.5380859375,0,0.0,0.0,0.0
2019-05-03 00:00:00+09:00,5086.86279296875,5086.86279296875,5086.86279296875,5086.86279296875,20,0.0,0.0,0.0
2019-05-07 00:00:00+09:00,4328.295626341841,5845.43017578125,4328.295626341841,5845.43017578125,563,0.0,0.0,0.0
2019-05-08 00:00:00+09:00,5845.43017578125,5845.43017578125,5845.43017578125,5845.43017578125,0,0.0,0.0,0.0
2019-05-09 00:00:00+09:00,5675.8681640625,5675.8681640625,5675.8681640625,5675.8681640625,200,0.0,0.0,0.0
2019-05-10 00:00:00+09:00,5515.230303256202,5845.43017578125,5515.230303256202,5845.43017578125,201,0.0,0.0,0.0
2019-05-13 00:00:00+09:00,5675.86845963928,6014.99267578125,5675.86845963928,6014.99267578125,201,0.0,0.0,0.0
2019-05-14 00:00:00+09:00,6014.99267578125,6014.99267578125,6014.99267578125,6014.99267578125,0,0.0,0.0,0.0
2019-05-15 00:00:00+09:00,5845.43017578125,5845.43017578125,5845.43017578125,5845.43017578125,200,0.0,0.0,0.0
2019-05-16 00:00:00+09:00,6711.08935546875,6711.08935546875,6711.08935546875,6711.08935546875,1,0.0,0.0,0.0
2019-05-17 00:00:00+09:00,6523.678525226391,6898.5,6523.678525226391,6898.5,201,0.0,0.0,0.0
2019-05-20 00:00:00+09:00,6898.5,6898.5,6898.5,6898.5,0,0.0,0.0,0.0
2019-05-21 00:00:00+09:00,6702.16455078125,6702.16455078125,6702.16455078125,6702.16455078125,200,0.0,0.0,0.0
2019-05-22 00:00:00+09:00,6514.75341796875,6514.75341796875,6514.75341796875,6514.75341796875,200,0.0,0.0,0.0
2019-05-23 00:00:00+09:00,6327.343624612559,6568.30029296875,6327.343624612559,6568.30029296875,201,0.0,0.0,0.0
2019-05-24 00:00:00+09:00,6380.88955996147,6550.45166015625,6380.88955996147,6550.45166015625,201,0.0,0.0,0.0
2019-05-27 00:00:00+09:00,5568.775855654762,7416.110153924851,5568.775855654762,5622.32177734375,109,0.0,0.0,0.0
2019-05-28 00:00:00+09:00,4783.436248867753,6157.78173828125,4783.436248867753,6157.78173828125,71,0.0,0.0,0.0
2019-05-29 00:00:00+09:00,6416.586928383598,6416.586928383598,5238.576532630281,6389.81396484375,57,0.0,0.0,0.0
2019-05-30 00:00:00+09:00,5434.911496720224,7273.321625331663,5434.911496720224,6621.84619140625,162,0.0,0.0,0.0
2019-05-31 00:00:00+09:00,5631.24658203125,5631.24658203125,5631.24658203125,5631.24658203125,200,0.0,0.0,0.0
2019-06-03 00:00:00+09:00,5782.9599609375,5782.9599609375,5782.9599609375,5782.9599609375,1,0.0,0.0,0.0
2019-06-04 00:00:00+09:00,4917.300988649349,6345.1923828125,4917.300988649349,6345.1923828125,1102,0.0,0.0,0.0
2019-06-05 00:00:00+09:00,5399.213449138485,6514.75341796875,5399.213449138485,6514.75341796875,201,0.0,0.0,0.0
2019-06-07 00:00:00+09:00,5542.00341796875,5542.00341796875,5542.00341796875,5542.00341796875,200,0.0,0.0,0.0
2019-06-10 00:00:00+09:00,4997.6197193287035,5791.884281864873,4712.041449652778,5782.9599609375,331,0.0,0.0,0.0
2019-06-11 00:00:00+09:00,5622.322184244792,5782.9599609375,5622.322184244792,5782.9599609375,201,0.0,0.0,0.0
2019-06-12 00:00:00+09:00,4952.997759650735,5613.3974609375,4952.997759650735,5613.3974609375,102,0.0,0.0,0.0
2019-06-13 00:00:00+09:00,4819.13330078125,5782.9599609375,4819.13330078125,5782.9599609375,101,0.0,0.0,0.0
2019-06-14 00:00:00+09:00,6050.689453125,6050.689453125,6050.689453125,6050.689453125,1,0.0,0.0,0.0
2019-06-17 00:00:00+09:00,5149.332991699919,6220.25146484375,5149.332991699919,6220.25146484375,201,0.0,0.0,0.0
2019-06-18 00:00:00+09:00,5292.12212145243,6220.25146484375,5292.12212145243,6220.25146484375,36,0.0,0.0,0.0
2019-06-19 00:00:00+09:00,5292.122058703016,6380.88916015625,5292.122058703016,6380.88916015625,202,0.0,0.0,0.0
2019-06-20 00:00:00+09:00,5425.987467447917,6853.87890625,5425.987467447917,6853.87890625,4,0.0,0.0,0.0
2019-06-21 00:00:00+09:00,5827.581825852094,7085.9111328125,5827.581825852094,7085.9111328125,2,0.0,0.0,0.0
2019-06-24 00:00:00+09:00,6023.91650390625,6023.91650390625,6023.91650390625,6023.91650390625,1,0.0,0.0,0.0
2019-06-25 00:00:00+09:00,5122.560444153008,6193.47900390625,5122.560444153008,6193.47900390625,202,0.0,0.0,0.0
2019-06-26 00:00:00+09:00,5265.349449744592,6496.90576171875,5265.349449744592,6496.90576171875,15,0.0,0.0,0.0
2019-06-27 00:00:00+09:00,5524.154699181998,6639.69482421875,5524.154699181998,6639.69482421875,4,0.0,0.0,0.0
2019-06-28 00:00:00+09:00,5649.095080471778,6907.42431640625,5649.095080471778,6907.42431640625,2,0.0,0.0,0.0
2019-07-01 00:00:00+09:00,5872.202735146986,6773.55908203125,5872.202735146986,6773.55908203125,4,0.0,0.0,0.0
2019-07-02 00:00:00+09:00,5765.11123285061,6952.0458984375,5765.11123285061,6952.0458984375,207,0.0,0.0,0.0
2019-07-03 00:00:00+09:00,5916.824208361038,7130.53173828125,5916.824208361038,7130.53173828125,201,0.0,0.0,0.0
2019-07-04 00:00:00+09:00,6068.538072459221,7112.68359375,6068.538072459221,7112.68359375,9,0.0,0.0,0.0
2019-07-05 00:00:00+09:00,7112.68359375,7112.68359375,7112.68359375,7112.68359375,0,0.0,0.0,0.0
2019-07-08 00:00:00+09:00,6211.3271484375,6211.3271484375,6211.3271484375,6211.3271484375,1,0.0,0.0,0.0
2019-07-09 00:00:00+09:00,6211.3271484375,6211.3271484375,6211.3271484375,6211.3271484375,0,0.0,0.0,0.0
2019-07-10 00:00:00+09:00,6211.3271484375,6211.3271484375,6211.3271484375,6211.3271484375,0,0.0,0.0,0.0
2019-07-11 00:00:00+09:00,5274.273906784717,6193.47900390625,5274.273906784717,6193.47900390625,201,0.0,0.0,0.0
2019-07-12 00:00:00+09:00,5265.349159623835,6220.25146484375,5265.349159623835,6220.25146484375,201,0.0,0.0,0.0
2019-07-15 00:00:00+09:00,6220.25146484375,6220.25146484375,6220.25146484375,6220.25146484375,0,0.0,0.0,0.0
2019-07-16 00:00:00+09:00,6220.25146484375,6220.25146484375,6220.25146484375,6220.25146484375,0,0.0,0.0,0.0
2019-07-17 00:00:00+09:00,6220.25146484375,6220.25146484375,6220.25146484375,6220.25146484375,0,0.0,0.0,0.0
2019-07-18 00:00:00+09:00,6220.25146484375,6220.25146484375,6220.25146484375,6220.25146484375,0,0.0,0.0,0.0
2019-07-19 00:00:00+09:00,6220.25146484375,6220.25146484375,6220.25146484375,6220.25146484375,0,0.0,0.0,0.0
2019-07-22 00:00:00+09:00,6220.25146484375,6220.25146484375,6220.25146484375,6220.25146484375,0,0.0,0.0,0.0
2019-07-23 00:00:00+09:00,4462.160660916527,5318.8955078125,4462.160660916527,5318.8955078125,101,0.0,0.0,0.0
2019-07-24 00:00:00+09:00,5327.8193359375,5327.8193359375,5327.8193359375,5327.8193359375,1,0.0,0.0,0.0
2019-07-25 00:00:00+09:00,5301.04638671875,5301.04638671875,5301.04638671875,5301.04638671875,1,0.0,0.0,0.0
2019-07-26 00:00:00+09:00,5524.15380859375,5524.15380859375,5524.15380859375,5524.15380859375,1,0.0,0.0,0.0
2019-07-29 00:00:00+09:00,4703.117323631835,5345.66845703125,4703.117323631835,5345.66845703125,201,0.0,0.0,0.0
2019-07-30 00:00:00+09:00,4551.403861579195,5345.66845703125,4551.403861579195,5345.66845703125,2,0.0,0.0,0.0
2019-07-31 00:00:00+09:00,6122.083984375,6122.083984375,6122.083984375,6122.083984375,1,0.0,0.0,0.0
2019-08-01 00:00:00+09:00,5211.803417517334,5791.88427734375,5211.803417517334,5791.88427734375,201,0.0,0.0,0.0
2019-08-02 00:00:00+09:00,4926.22490234375,5354.59228515625,4926.22490234375,5354.59228515625,201,0.0,0.0,0.0
2019-08-05 00:00:00+09:00,5586.625,5586.625,5586.625,5586.625,1,0.0,0.0,0.0
2019-08-06 00:00:00+09:00,4756.662668278576,5738.337890625,4756.662668278576,5738.337890625,201,0.0,0.0,0.0
2019-08-07 00:00:00+09:00,4881.60349863488,5898.97607421875,4881.60349863488,5898.97607421875,201,0.0,0.0,0.0
2019-08-08 00:00:00+09:00,5015.468649323454,6059.6142578125,5015.468649323454,6059.6142578125,201,0.0,0.0,0.0
2019-08-09 00:00:00+09:00,5158.25779236469,6059.6142578125,5158.25779236469,6059.6142578125,201,0.0,0.0,0.0
2019-08-12 00:00:00+09:00,5158.257413992433,5970.37060546875,5158.257413992433,5970.37060546875,201,0.0,0.0,0.0
2019-08-13 00:00:00+09:00,5970.37060546875,5970.37060546875,5970.37060546875,5970.37060546875,0,0.0,0.0,0.0
2019-08-14 00:00:00+09:00,5533.0791015625,5533.0791015625,5533.0791015625,5533.0791015625,200,0.0,0.0,0.0
2019-08-16 00:00:00+09:00,5336.74365234375,5336.74365234375,5336.74365234375,5336.74365234375,200,0.0,0.0,0.0
2019-08-19 00:00:00+09:00,4551.403502894511,5202.87890625,4542.479182300601,5202.87890625,308,0.0,0.0,0.0
2019-08-20 00:00:00+09:00,4988.695352450284,4988.695352450284,4462.160422585227,4908.37646484375,301,0.0,0.0,0.0
2019-08-21 00:00:00+09:00,4765.58740234375,4765.58740234375,4765.58740234375,4765.58740234375,200,0.0,0.0,0.0
2019-08-22 00:00:00+09:00,4631.722418478261,4631.722418478261,4105.1875,4105.1875,341,0.0,0.0,0.0
2019-08-23 00:00:00+09:00,3569.728100393701,4533.5546875,3569.728100393701,4533.5546875,2,0.0,0.0,0.0
2019-08-26 00:00:00+09:00,4979.77099609375,4979.77099609375,4979.77099609375,4979.77099609375,1,0.0,0.0,0.0
2019-08-27 00:00:00+09:00,5247.500861672795,5247.500861672795,4239.052566827512,4551.40380859375,102,0.0,0.0,0.0
2019-08-28 00:00:00+09:00,3926.7010869565215,4462.160326086956,3926.7010869565215,4105.1875,136,0.0,0.0,0.0
2019-08-29 00:00:00+09:00,3489.409203068451,4007.019775390625,3489.409203068451,4007.019775390625,122,0.0,0.0,0.0
2019-08-30 00:00:00+09:00,3409.090576171875,4011.4822355739734,3409.090576171875,3409.090576171875,1301,0.0,0.0,0.0
2019-09-02 00:00:00+09:00,3310.923095703125,3310.923095703125,3310.923095703125,3310.923095703125,300,0.0,0.0,0.0
2019-09-03 00:00:00+09:00,3797.298095703125,3797.298095703125,3797.298095703125,3797.298095703125,1,0.0,0.0,0.0
2019-09-04 00:00:00+09:00,4350.60546875,4350.60546875,4350.60546875,4350.60546875,1,0.0,0.0,0.0
2019-09-05 00:00:00+09:00,4225.666135004383,4453.236328125,4225.666135004383,4453.236328125,301,0.0,0.0,0.0
2019-09-06 00:00:00+09:00,4323.833168964612,4515.7060546875,4323.833168964612,4515.7060546875,302,0.0,0.0,0.0
2019-09-09 00:00:00+09:00,4386.30322265625,4386.30322265625,4386.30322265625,4386.30322265625,300,0.0,0.0,0.0
2019-09-10 00:00:00+09:00,4261.36376953125,4261.36376953125,4261.36376953125,4261.36376953125,300,0.0,0.0,0.0
2019-09-11 00:00:00+09:00,4136.4228515625,4136.4228515625,4136.4228515625,4136.4228515625,95,0.0,0.0,0.0
2019-09-16 00:00:00+09:00,3534.031206597222,4533.555184220679,3534.031206597222,3614.35009765625,97,0.0,0.0,0.0
2019-09-17 00:00:00+09:00,4100.725135675924,4100.725135675924,3569.728083286985,4011.48193359375,31,0.0,0.0,0.0
2019-09-18 00:00:00+09:00,4011.4819335937495,4011.4819335937495,4011.4819335937495,4011.48193359375,0,0.0,0.0,0.0
2019-09-19 00:00:00+09:00,4448.7734375,4448.7734375,4448.7734375,4448.7734375,1,0.0,0.0,0.0
2019-09-20 00:00:00+09:00,4448.7734375,4448.7734375,4448.7734375,4448.7734375,0,0.0,0.0,0.0
2019-09-23 00:00:00+09:00,4448.7734375,4448.7734375,4448.7734375,4448.7734375,0,0.0,0.0,0.0
2019-09-24 00:00:00+09:00,3614.3498641304345,4105.1875,3614.3498641304345,4105.1875,201,0.0,0.0,0.0
2019-09-25 00:00:00+09:00,3614.3498641304345,4105.1875,3614.3498641304345,4105.1875,301,0.0,0.0,0.0
2019-09-26 00:00:00+09:00,4105.1875,4105.1875,4105.1875,4105.1875,0,0.0,0.0,0.0
2019-09-27 00:00:00+09:00,3489.4093749999997,4105.1875,3489.4093749999997,4105.1875,211,0.0,0.0,0.0
2019-09-30 00:00:00+09:00,4533.5546875,4533.5546875,4533.5546875,4533.5546875,1,0.0,0.0,0.0
2019-10-01 00:00:00+09:00,4533.5546875,4533.5546875,4533.5546875,4533.5546875,0,0.0,0.0,0.0
2019-10-02 00:00:00+09:00,3828.5336914062495,3828.5336914062495,3828.5336914062495,3828.53369140625,4,0.0,0.0,0.0
2019-10-04 00:00:00+09:00,3828.5336914062495,3828.5336914062495,3828.5336914062495,3828.53369140625,1,0.0,0.0,0.0
2019-10-07 00:00:00+09:00,4363.99267578125,4363.99267578125,4363.99267578125,4363.99267578125,1,0.0,0.0,0.0
2019-10-08 00:00:00+09:00,4363.99267578125,4363.99267578125,4363.99267578125,4363.99267578125,0,0.0,0.0,0.0
2019-10-10 00:00:00+09:00,4363.993294679926,4970.84716796875,4363.993294679926,4970.84716796875,2,0.0,0.0,0.0
2019-10-11 00:00:00+09:00,4970.846849218749,5577.70068359375,4970.846849218749,5577.70068359375,2,0.0,0.0,0.0
2019-10-14 00:00:00+09:00,5577.70068359375,5577.70068359375,5577.70068359375,5577.70068359375,0,0.0,0.0,0.0
2019-10-15 00:00:00+09:00,5577.70068359375,5577.70068359375,5577.70068359375,5577.70068359375,0,0.0,0.0,0.0
2019-10-16 00:00:00+09:00,5577.70068359375,5577.70068359375,5577.70068359375,5577.70068359375,0,0.0,0.0,0.0
2019-10-17 00:00:00+09:00,3792.836181640625,3792.836181640625,3792.836181640625,3792.836181640625,1,0.0,0.0,0.0
2019-10-18 00:00:00+09:00,3792.836181640625,3792.836181640625,3792.836181640625,3792.836181640625,0,0.0,0.0,0.0
2019-10-21 00:00:00+09:00,3792.836181640625,3792.836181640625,3792.836181640625,3792.836181640625,0,0.0,0.0,0.0
2019-10-22 00:00:00+09:00,3899.927978515625,3899.927978515625,3899.927978515625,3899.927978515625,1,0.0,0.0,0.0
2019-10-23 00:00:00+09:00,4480.0087890625,4480.0087890625,4480.0087890625,4480.0087890625,1,0.0,0.0,0.0
2019-10-24 00:00:00+09:00,3810.68505859375,3810.68505859375,3810.68505859375,3810.68505859375,62,0.0,0.0,0.0
2019-10-25 00:00:00+09:00,3810.68505859375,3810.68505859375,3810.68505859375,3810.68505859375,0,0.0,0.0,0.0
2019-10-28 00:00:00+09:00,3810.68505859375,3810.68505859375,3810.68505859375,3810.68505859375,0,0.0,0.0,0.0
2019-10-29 00:00:00+09:00,3810.68505859375,3810.68505859375,3810.68505859375,3810.68505859375,0,0.0,0.0,0.0
2019-10-30 00:00:00+09:00,3810.68505859375,3810.68505859375,3810.68505859375,3810.68505859375,0,0.0,0.0,0.0
2019-10-31 00:00:00+09:00,3810.68505859375,3810.68505859375,3810.68505859375,3810.68505859375,0,0.0,0.0,0.0
2019-11-01 00:00:00+09:00,3810.68505859375,3810.68505859375,3810.68505859375,3810.68505859375,0,0.0,0.0,0.0
2019-11-04 00:00:00+09:00,3810.68505859375,3810.68505859375,3810.68505859375,3810.68505859375,0,0.0,0.0,0.0
2019-11-05 00:00:00+09:00,3810.68505859375,3810.68505859375,3810.68505859375,3810.68505859375,0,0.0,0.0,0.0
2019-11-06 00:00:00+09:00,4381.84130859375,4381.84130859375,4381.84130859375,4381.84130859375,1,0.0,0.0,0.0
2019-11-07 00:00:00+09:00,5024.392441289297,5024.392441289297,3725.90380859375,3725.90380859375,2,0.0,0.0,0.0
2019-11-08 00:00:00+09:00,3725.90380859375,3725.90380859375,3725.90380859375,3725.90380859375,0,0.0,0.0,0.0
2019-11-11 00:00:00+09:00,4265.8251953125,4265.8251953125,4265.8251953125,4265.8251953125,1,0.0,0.0,0.0
2019-11-12 00:00:00+09:00,4265.8251953125,4265.8251953125,4265.8251953125,4265.8251953125,0,0.0,0.0,0.0
2019-11-13 00:00:00+09:00,4265.8251953125,4265.8251953125,4265.8251953125,4265.8251953125,0,0.0,0.0,0.0
2019-11-14 00:00:00+09:00,4810.208984375,4810.208984375,4810.208984375,4810.208984375,1,0.0,0.0,0.0
2019-11-15 00:00:00+09:00,4096.2626953125,4096.2626953125,4096.2626953125,4096.2626953125,1,0.0,0.0,0.0
2019-11-18 00:00:00+09:00,4096.2626953125,4096.2626953125,4096.2626953125,4096.2626953125,0,0.0,0.0,0.0
2019-11-19 00:00:00+09:00,4676.34326171875,4676.34326171875,4676.34326171875,4676.34326171875,1,0.0,0.0,0.0
2019-11-20 00:00:00+09:00,5363.5166015625,5363.5166015625,5363.5166015625,5363.5166015625,1,0.0,0.0,0.0
2019-11-21 00:00:00+09:00,5363.5166015625,5363.5166015625,5363.5166015625,5363.5166015625,0,0.0,0.0,0.0
2019-11-22 00:00:00+09:00,3899.927978515625,3899.927978515625,3899.927978515625,3899.927978515625,2,0.0,0.0,0.0
2019-11-25 00:00:00+09:00,4002.5576171875005,4002.5576171875005,4002.5576171875005,4002.5576171875,1,0.0,0.0,0.0
2019-11-26 00:00:00+09:00,4114.111328125,4114.111328125,4114.111328125,4114.111328125,1,0.0,0.0,0.0
2019-11-27 00:00:00+09:00,3498.3334685935542,3565.265869140625,3498.3334685935542,3565.265869140625,93,0.0,0.0,0.0
2019-11-28 00:00:00+09:00,4047.1796875,4047.1796875,4047.1796875,4047.1796875,1,0.0,0.0,0.0
2019-11-29 00:00:00+09:00,4158.7333984375,4158.7333984375,4158.7333984375,4158.7333984375,1,0.0,0.0,0.0
2019-12-02 00:00:00+09:00,4158.7333984375,4158.7333984375,4158.7333984375,4158.7333984375,0,0.0,0.0,0.0
2019-12-03 00:00:00+09:00,3413.552734375,3413.552734375,3413.552734375,3413.552734375,1,0.0,0.0,0.0
2019-12-04 00:00:00+09:00,3873.155029296875,3873.155029296875,3873.155029296875,3873.155029296875,1,0.0,0.0,0.0
2019-12-05 00:00:00+09:00,3873.155029296875,3873.155029296875,3873.155029296875,3873.155029296875,0,0.0,0.0,0.0
2019-12-06 00:00:00+09:00,3873.155029296875,3873.155029296875,3873.155029296875,3873.155029296875,0,0.0,0.0,0.0
2019-12-09 00:00:00+09:00,4377.37890625,4377.37890625,4377.37890625,4377.37890625,1,0.0,0.0,0.0
2019-12-10 00:00:00+09:00,4377.37890625,4377.37890625,4377.37890625,4377.37890625,0,0.0,0.0,0.0
2019-12-11 00:00:00+09:00,4377.37890625,4377.37890625,4377.37890625,4377.37890625,0,0.0,0.0,0.0
2019-12-12 00:00:00+09:00,4377.37890625,4377.37890625,4377.37890625,4377.37890625,0,0.0,0.0,0.0
2019-12-13 00:00:00+09:00,4377.37890625,4377.37890625,4377.37890625,4377.37890625,0,0.0,0.0,0.0
2019-12-16 00:00:00+09:00,4377.37890625,4377.37890625,4377.37890625,4377.37890625,0,0.0,0.0,0.0
2019-12-17 00:00:00+09:00,4377.37890625,4377.37890625,4377.37890625,4377.37890625,0,0.0,0.0,0.0
2019-12-18 00:00:00+09:00,4377.37890625,4377.37890625,4377.37890625,4377.37890625,0,0.0,0.0,0.0
2019-12-19 00:00:00+09:00,4377.37890625,4377.37890625,4377.37890625,4377.37890625,0,0.0,0.0,0.0
2019-12-20 00:00:00+09:00,3935.62548828125,3935.62548828125,3935.62548828125,3935.62548828125,1,0.0,0.0,0.0
2019-12-23 00:00:00+09:00,3935.62548828125,3935.62548828125,3935.62548828125,3935.62548828125,0,0.0,0.0,0.0
2019-12-24 00:00:00+09:00,3935.62548828125,3935.62548828125,3935.62548828125,3935.62548828125,0,0.0,0.0,0.0
2019-12-26 00:00:00+09:00,3935.62548828125,3935.62548828125,3935.62548828125,3935.62548828125,0,0.0,0.0,0.0
2019-12-27 00:00:00+09:00,3867.92578125,3867.92578125,3867.92578125,3867.92578125,1,50.0,0.0,0.0
2019-12-30 00:00:00+09:00,3867.92578125,3867.92578125,3867.92578125,3867.92578125,0,0.0,0.0,0.0
2020-01-02 00:00:00+09:00,3867.92578125,3867.92578125,3867.92578125,3867.92578125,0,0.0,0.0,0.0
2020-01-03 00:00:00+09:00,3276.6790597098216,3822.792236328125,3276.6790597098216,3822.792236328125,16,0.0,0.0,0.0
2020-01-06 00:00:00+09:00,3822.792236328125,3822.792236328125,3822.792236328125,3822.792236328125,0,0.0,0.0,0.0
2020-01-07 00:00:00+09:00,3822.792236328125,3822.792236328125,3822.792236328125,3822.792236328125,0,0.0,0.0,0.0
2020-01-08 00:00:00+09:00,3822.792236328125,3822.792236328125,3822.792236328125,3822.792236328125,0,0.0,0.0,0.0
2020-01-09 00:00:00+09:00,4332.79833984375,4332.79833984375,4332.79833984375,4332.79833984375,1,0.0,0.0,0.0
2020-01-10 00:00:00+09:00,4332.798810422961,4481.73876953125,4332.798810422961,4481.73876953125,425,0.0,0.0,0.0
2020-01-13 00:00:00+09:00,4481.73876953125,4481.73876953125,4481.73876953125,4481.73876953125,0,0.0,0.0,0.0
2020-01-14 00:00:00+09:00,4463.685509515402,5072.9853515625,4463.685509515402,5072.9853515625,2,0.0,0.0,0.0
2020-01-15 00:00:00+09:00,4314.7451171875,4314.7451171875,4314.7451171875,4314.7451171875,1,0.0,0.0,0.0
2020-01-16 00:00:00+09:00,4061.99853515625,4061.99853515625,4061.99853515625,4061.99853515625,1,0.0,0.0,0.0
2020-01-17 00:00:00+09:00,3967.21875,3967.21875,3967.21875,3967.21875,1,0.0,0.0,0.0
2020-01-20 00:00:00+09:00,3876.9519950336316,3876.9519950336316,3375.97216796875,3375.97216796875,2,0.0,0.0,0.0
2020-01-21 00:00:00+09:00,3375.97216796875,3375.97216796875,3375.97216796875,3375.97216796875,0,0.0,0.0,0.0
2020-01-22 00:00:00+09:00,2870.4790319958693,3687.39208984375,2870.4790319958693,3687.39208984375,74,0.0,0.0,0.0
2020-01-23 00:00:00+09:00,3687.39208984375,3687.39208984375,3687.39208984375,3687.39208984375,0,0.0,0.0,0.0
2020-01-28 00:00:00+09:00,3687.39208984375,3687.39208984375,3687.39208984375,3687.39208984375,0,0.0,0.0,0.0
2020-01-29 00:00:00+09:00,3687.39208984375,3687.39208984375,3687.39208984375,3687.39208984375,0,0.0,0.0,0.0
2020-01-30 00:00:00+09:00,3687.39208984375,3687.39208984375,3687.39208984375,3687.39208984375,0,0.0,0.0,0.0
2020-01-31 00:00:00+09:00,4238.0185546875,4238.0185546875,4238.0185546875,4238.0185546875,1,0.0,0.0,0.0
2020-02-03 00:00:00+09:00,4865.3720703125,4865.3720703125,4865.3720703125,4865.3720703125,1,0.0,0.0,0.0
2020-02-04 00:00:00+09:00,4865.3720703125,4865.3720703125,4865.3720703125,4865.3720703125,0,0.0,0.0,0.0
2020-02-05 00:00:00+09:00,4865.3720703125,4865.3720703125,4865.3720703125,4865.3720703125,0,0.0,0.0,0.0
2020-02-06 00:00:00+09:00,3606.1520073784723,3606.1520073784723,3452.69873046875,3452.69873046875,6,0.0,0.0,0.0
2020-02-07 00:00:00+09:00,3452.69873046875,3452.69873046875,3452.69873046875,3452.69873046875,0,0.0,0.0,0.0
2020-02-10 00:00:00+09:00,3452.69873046875,3452.69873046875,3452.69873046875,3452.69873046875,0,0.0,0.0,0.0
2020-02-11 00:00:00+09:00,3547.47900390625,3547.47900390625,3547.47900390625,3547.47900390625,1,0.0,0.0,0.0
2020-02-12 00:00:00+09:00,3547.47900390625,3547.47900390625,3547.47900390625,3547.47900390625,0,0.0,0.0,0.0
2020-02-13 00:00:00+09:00,3547.47900390625,3547.47900390625,3547.47900390625,3547.47900390625,0,0.0,0.0,0.0
2020-02-14 00:00:00+09:00,3547.47900390625,3547.47900390625,3547.47900390625,3547.47900390625,0,0.0,0.0,0.0
2020-02-17 00:00:00+09:00,3547.47900390625,3547.47900390625,3547.47900390625,3547.47900390625,0,0.0,0.0,0.0
2020-02-18 00:00:00+09:00,3547.47900390625,3547.47900390625,3547.47900390625,3547.47900390625,0,0.0,0.0,0.0
2020-02-19 00:00:00+09:00,3547.47900390625,3547.47900390625,3547.47900390625,3547.47900390625,0,0.0,0.0,0.0
2020-02-20 00:00:00+09:00,3547.47900390625,3547.47900390625,3547.47900390625,3547.47900390625,0,0.0,0.0,0.0
2020-02-21 00:00:00+09:00,3547.47900390625,3547.47900390625,3547.47900390625,3547.47900390625,0,0.0,0.0,0.0
2020-02-24 00:00:00+09:00,4016.865234375,4016.865234375,4016.865234375,4016.865234375,1,0.0,0.0,0.0
2020-02-25 00:00:00+09:00,4016.865234375,4016.865234375,4016.865234375,4016.865234375,0,0.0,0.0,0.0
2020-02-26 00:00:00+09:00,3407.5654142738867,4003.3251953125,3407.5654142738867,4003.3251953125,3,0.0,0.0,0.0
2020-02-27 00:00:00+09:00,3403.052490234375,4540.412208455943,3403.052490234375,3403.052490234375,5,0.0,0.0,0.0
2020-02-28 00:00:00+09:00,3403.052490234375,3403.052490234375,3403.052490234375,3403.052490234375,1,0.0,0.0,0.0
2020-03-02 00:00:00+09:00,3913.058837890625,3913.058837890625,3913.058837890625,3913.058837890625,1,0.0,0.0,0.0
2020-03-03 00:00:00+09:00,3326.325248033079,4472.71142578125,3326.325248033079,4472.71142578125,2,0.0,0.0,0.0
2020-03-04 00:00:00+09:00,4472.71142578125,4472.71142578125,4472.71142578125,4472.71142578125,0,0.0,0.0,0.0
2020-03-05 00:00:00+09:00,4472.71142578125,4472.71142578125,4472.71142578125,4472.71142578125,0,0.0,0.0,0.0
2020-03-06 00:00:00+09:00,2838.885852007545,3822.792236328125,2838.885852007545,3822.792236328125,2,0.0,0.0,0.0
2020-03-09 00:00:00+09:00,3249.59912109375,3249.59912109375,3249.59912109375,3249.59912109375,1,0.0,0.0,0.0
2020-03-10 00:00:00+09:00,3249.59912109375,3249.59912109375,3249.59912109375,3249.59912109375,0,0.0,0.0,0.0
2020-03-11 00:00:00+09:00,3249.59912109375,3249.59912109375,3249.59912109375,3249.59912109375,0,0.0,0.0,0.0
2020-03-12 00:00:00+09:00,3249.59912109375,3249.59912109375,3249.59912109375,3249.59912109375,0,0.0,0.0,0.0
2020-03-13 00:00:00+09:00,3249.59912109375,3249.59912109375,3249.59912109375,3249.59912109375,0,0.0,0.0,0.0
2020-03-16 00:00:00+09:00,3249.59912109375,3249.59912109375,3249.59912109375,3249.59912109375,0,0.0,0.0,0.0
2020-03-17 00:00:00+09:00,3249.59912109375,3249.59912109375,3249.59912109375,3249.59912109375,0,0.0,0.0,0.0
2020-03-18 00:00:00+09:00,3339.865478515625,3339.865478515625,3339.865478515625,3339.865478515625,1,0.0,0.0,0.0
2020-03-19 00:00:00+09:00,3610.665283203125,3610.665283203125,3610.665283203125,3610.665283203125,1,0.0,0.0,0.0
2020-03-20 00:00:00+09:00,3610.665283203125,3610.665283203125,3610.665283203125,3610.665283203125,0,0.0,0.0,0.0
2020-03-23 00:00:00+09:00,3069.06591796875,4048.459012379366,3069.06591796875,3069.06591796875,4,0.0,0.0,0.0
2020-03-24 00:00:00+09:00,3069.06591796875,3069.06591796875,3069.06591796875,3069.06591796875,0,0.0,0.0,0.0
2020-03-25 00:00:00+09:00,3159.332275390625,3159.332275390625,3159.332275390625,3159.332275390625,1,0.0,0.0,0.0
2020-03-26 00:00:00+09:00,3628.71875,3628.71875,3628.71875,3628.71875,1,0.0,0.0,0.0
2020-03-27 00:00:00+09:00,3087.1193672891814,4161.29248046875,3087.1193672891814,4161.29248046875,7,0.0,0.0,0.0
2020-03-30 00:00:00+09:00,3538.4521484375,3538.4521484375,3538.4521484375,3538.4521484375,1,0.0,0.0,0.0
2020-03-31 00:00:00+09:00,3010.392247721354,4061.99853515625,3010.392247721354,4061.99853515625,67,0.0,0.0,0.0
2020-04-01 00:00:00+09:00,4061.99853515625,4061.99853515625,4061.99853515625,4061.99853515625,0,0.0,0.0,0.0
2020-04-02 00:00:00+09:00,4179.34521484375,4179.34521484375,4179.34521484375,4179.34521484375,1,0.0,0.0,0.0
2020-04-03 00:00:00+09:00,4784.1318359375,4784.1318359375,4784.1318359375,4784.1318359375,1,0.0,0.0,0.0
2020-04-06 00:00:00+09:00,4784.1318359375,4784.1318359375,4784.1318359375,4784.1318359375,0,0.0,0.0,0.0
2020-04-07 00:00:00+09:00,4784.1318359375,4784.1318359375,4784.1318359375,4784.1318359375,0,0.0,0.0,0.0
2020-04-08 00:00:00+09:00,4738.998046875,4738.998046875,4738.998046875,4738.998046875,1,0.0,0.0,0.0
2020-04-09 00:00:00+09:00,4738.998046875,4738.998046875,4738.998046875,4738.998046875,0,0.0,0.0,0.0
2020-04-10 00:00:00+09:00,5127.14501953125,5127.14501953125,5127.14501953125,5127.14501953125,1,0.0,0.0,0.0
2020-04-13 00:00:00+09:00,5127.144623233909,5749.984375,5127.144623233909,5749.984375,2,0.0,0.0,0.0
2020-04-14 00:00:00+09:00,5749.984375,5749.984375,5749.984375,5749.984375,0,0.0,0.0,0.0
2020-04-16 00:00:00+09:00,4161.29248046875,4161.29248046875,4161.29248046875,4161.29248046875,201,0.0,0.0,0.0
2020-04-17 00:00:00+09:00,4161.29248046875,4161.29248046875,4161.29248046875,4161.29248046875,0,0.0,0.0,0.0
2020-04-20 00:00:00+09:00,4161.292122580789,4766.07861328125,3538.452303799716,4766.07861328125,34,0.0,0.0,0.0
2020-04-21 00:00:00+09:00,4766.07861328125,4766.07861328125,4766.07861328125,4766.07861328125,0,0.0,0.0,0.0
2020-04-22 00:00:00+09:00,4043.94580078125,4043.94580078125,4043.94580078125,4043.94580078125,2,0.0,0.0,0.0
2020-04-23 00:00:00+09:00,3439.1586357421875,4513.33154296875,3439.1586357421875,4513.33154296875,170,0.0,0.0,0.0
2020-04-24 00:00:00+09:00,5145.198554460392,5145.198554460392,3881.465576171875,3881.465576171875,4,0.0,0.0,0.0
2020-04-27 00:00:00+09:00,3881.465576171875,3881.465576171875,3881.465576171875,3881.465576171875,0,0.0,0.0,0.0
2020-04-28 00:00:00+09:00,3299.2453358504304,4454.658203125,3299.2453358504304,4454.658203125,6,0.0,0.0,0.0
2020-04-29 00:00:00+09:00,4454.658203125,4454.658203125,4454.658203125,4454.658203125,0,0.0,0.0,0.0
2020-05-04 00:00:00+09:00,3786.685164550781,4513.33154296875,3786.685164550781,4513.33154296875,2,0.0,0.0,0.0
2020-05-06 00:00:00+09:00,4513.33183946017,4513.33183946017,3836.3320635411446,4504.30517578125,203,0.0,0.0,0.0
2020-05-07 00:00:00+09:00,5136.171875,5136.171875,3831.8189120166962,5136.171875,3,0.0,0.0,0.0
2020-05-08 00:00:00+09:00,5136.171875,5136.171875,5136.171875,5136.171875,0,0.0,0.0,0.0
2020-05-11 00:00:00+09:00,5136.171875,5136.171875,5136.171875,5136.171875,0,0.0,0.0,0.0
2020-05-12 00:00:00+09:00,3836.332100881657,5127.14501953125,3836.332100881657,5127.14501953125,2,0.0,0.0,0.0
2020-05-13 00:00:00+09:00,5127.14501953125,5127.14501953125,5127.14501953125,5127.14501953125,0,0.0,0.0,0.0
2020-05-14 00:00:00+09:00,5127.14501953125,5127.14501953125,5127.14501953125,5127.14501953125,0,0.0,0.0,0.0
2020-05-15 00:00:00+09:00,4359.878372355954,5894.4111328125,4359.878372355954,5894.4111328125,2,0.0,0.0,0.0
2020-05-18 00:00:00+09:00,5894.4111328125,5894.4111328125,5894.4111328125,5894.4111328125,0,0.0,0.0,0.0
2020-05-19 00:00:00+09:00,5894.4111328125,5894.4111328125,5894.4111328125,5894.4111328125,0,0.0,0.0,0.0
2020-05-20 00:00:00+09:00,5894.4111328125,5894.4111328125,5894.4111328125,5894.4111328125,0,0.0,0.0,0.0
2020-05-21 00:00:00+09:00,5894.4111328125,5894.4111328125,5894.4111328125,5894.4111328125,0,0.0,0.0,0.0
2020-05-22 00:00:00+09:00,5894.4111328125,5894.4111328125,5894.4111328125,5894.4111328125,0,0.0,0.0,0.0
2020-05-25 00:00:00+09:00,4269.612008010285,4991.7451171875,4269.612008010285,4991.7451171875,2,0.0,0.0,0.0
2020-05-26 00:00:00+09:00,4991.7451171875,4991.7451171875,4991.7451171875,4991.7451171875,0,0.0,0.0,0.0
2020-05-27 00:00:00+09:00,4991.7451171875,4991.7451171875,4991.7451171875,4991.7451171875,0,0.0,0.0,0.0
2020-05-28 00:00:00+09:00,4991.7451171875,4991.7451171875,4991.7451171875,4991.7451171875,0,0.0,0.0,0.0
2020-05-29 00:00:00+09:00,5127.14501953125,5127.14501953125,5127.14501953125,5127.14501953125,1,0.0,0.0,0.0
2020-06-01 00:00:00+09:00,5127.14501953125,5127.14501953125,5127.14501953125,5127.14501953125,0,0.0,0.0,0.0
2020-06-02 00:00:00+09:00,5127.14501953125,5127.14501953125,5127.14501953125,5127.14501953125,0,0.0,0.0,0.0
2020-06-03 00:00:00+09:00,5858.304302610607,5858.304302610607,4359.878240617755,5840.2509765625,3,0.0,0.0,0.0
2020-06-04 00:00:00+09:00,5840.2509765625,5840.2509765625,5840.2509765625,5840.2509765625,0,0.0,0.0,0.0
2020-06-05 00:00:00+09:00,6715.838458806818,6715.838458806818,4964.66552734375,4964.66552734375,5,0.0,0.0,0.0
2020-06-08 00:00:00+09:00,5668.74462890625,5668.74462890625,5668.74462890625,5668.74462890625,1,0.0,0.0,0.0
2020-06-09 00:00:00+09:00,6291.5849609375,6291.5849609375,6291.5849609375,6291.5849609375,1,0.0,0.0,0.0
2020-06-10 00:00:00+09:00,6291.5849609375,6291.5849609375,6291.5849609375,6291.5849609375,0,0.0,0.0,0.0
2020-06-11 00:00:00+09:00,6291.5849609375,6291.5849609375,6291.5849609375,6291.5849609375,0,0.0,0.0,0.0
2020-06-12 00:00:00+09:00,6273.531101536107,6679.73095703125,6273.531101536107,6679.73095703125,2,0.0,0.0,0.0
2020-06-15 00:00:00+09:00,6679.73095703125,6679.73095703125,6679.73095703125,6679.73095703125,0,0.0,0.0,0.0
2020-06-16 00:00:00+09:00,6679.73095703125,6679.73095703125,6679.73095703125,6679.73095703125,0,0.0,0.0,0.0
2020-06-17 00:00:00+09:00,6860.2646484375,6860.2646484375,6860.2646484375,6860.2646484375,1,0.0,0.0,0.0
2020-06-18 00:00:00+09:00,7645.58447265625,7645.58447265625,7645.58447265625,7645.58447265625,1,0.0,0.0,0.0
2020-06-19 00:00:00+09:00,7645.58447265625,7645.58447265625,7645.58447265625,7645.58447265625,0,0.0,0.0,0.0
2020-06-22 00:00:00+09:00,7645.58447265625,7645.58447265625,7645.58447265625,7645.58447265625,0,0.0,0.0,0.0
2020-06-23 00:00:00+09:00,7645.58447265625,7645.58447265625,7645.58447265625,7645.58447265625,0,0.0,0.0,0.0
2020-06-24 00:00:00+09:00,6490.17138671875,6490.17138671875,6490.17138671875,6490.17138671875,1,0.0,0.0,0.0
2020-06-25 00:00:00+09:00,6490.17138671875,6490.17138671875,6490.17138671875,6490.17138671875,0,0.0,0.0,0.0
2020-06-26 00:00:00+09:00,6490.17138671875,6490.17138671875,6490.17138671875,6490.17138671875,1,0.0,0.0,0.0
2020-06-29 00:00:00+09:00,6309.63818359375,6309.63818359375,6309.63818359375,6309.63818359375,4,0.0,0.0,0.0
2020-06-30 00:00:00+09:00,6309.637887137276,7194.250924246651,5370.8648681640625,6318.66455078125,109,0.0,0.0,0.0
2020-07-01 00:00:00+09:00,6318.664612432924,7149.11767578125,6318.664612432924,7149.11767578125,2,0.0,0.0,0.0
2020-07-02 00:00:00+09:00,7149.118394806831,8096.91818199713,6083.971967297733,8060.8115234375,24,0.0,0.0,0.0
2020-07-03 00:00:00+09:00,8060.8115234375,8060.8115234375,8060.8115234375,8060.8115234375,0,0.0,0.0,0.0
2020-07-06 00:00:00+09:00,8060.8115234375,8060.8115234375,8060.8115234375,8060.8115234375,0,0.0,0.0,0.0
2020-07-07 00:00:00+09:00,7573.370905671296,8548.250593171297,7573.370905671296,8530.197265625,7,0.0,0.0,0.0
2020-07-08 00:00:00+09:00,7257.437385458797,8927.3701171875,7257.437385458797,8927.3701171875,2,0.0,0.0,0.0
2020-07-09 00:00:00+09:00,8927.3718359375,9703.6650390625,8927.3718359375,9703.6650390625,9,0.0,0.0,0.0
2020-07-10 00:00:00+09:00,8259.397829217425,10651.4638671875,8259.397829217425,10651.4638671875,2,0.0,0.0,0.0
2020-07-13 00:00:00+09:00,10651.4638671875,10651.4638671875,10651.4638671875,10651.4638671875,0,0.0,0.0,0.0
2020-07-14 00:00:00+09:00,10651.4638671875,10651.4638671875,10651.4638671875,10651.4638671875,0,0.0,0.0,0.0
2020-07-15 00:00:00+09:00,10651.4638671875,10651.4638671875,10651.4638671875,10651.4638671875,0,0.0,0.0,0.0
2020-07-16 00:00:00+09:00,10651.4638671875,10651.4638671875,10651.4638671875,10651.4638671875,0,0.0,0.0,0.0
2020-07-17 00:00:00+09:00,8990.557020692568,10019.5966796875,8990.557020692568,10019.5966796875,2,0.0,0.0,0.0
2020-07-20 00:00:00+09:00,10019.597109375001,11283.330078125,10019.597109375001,11283.330078125,2,0.0,0.0,0.0
2020-07-21 00:00:00+09:00,11283.330078125,11283.330078125,11283.330078125,11283.330078125,0,0.0,0.0,0.0
2020-07-22 00:00:00+09:00,11283.330078125,11283.330078125,11283.330078125,11283.330078125,0,0.0,0.0,0.0
2020-07-23 00:00:00+09:00,9523.130859375,9523.130859375,9523.130859375,9523.130859375,3,0.0,0.0,0.0
2020-07-24 00:00:00+09:00,9523.130859375,9523.130859375,9523.130859375,9523.130859375,0,0.0,0.0,0.0
2020-07-27 00:00:00+09:00,9523.130859375,9523.130859375,9523.130859375,9523.130859375,0,0.0,0.0,0.0
2020-07-28 00:00:00+09:00,8160.1044921875,8160.1044921875,8160.1044921875,8160.1044921875,7,0.0,0.0,0.0
2020-07-29 00:00:00+09:00,6941.50439453125,6941.50439453125,6941.50439453125,6941.50439453125,20,0.0,0.0,0.0
2020-07-30 00:00:00+09:00,5903.438126369839,7979.57080078125,5903.438126369839,7979.57080078125,480,0.0,0.0,0.0
2020-07-31 00:00:00+09:00,6806.104107795877,6815.130771068816,6788.05078125,6788.05078125,13,0.0,0.0,0.0
2020-08-03 00:00:00+09:00,5867.3310546875,5867.3310546875,5867.3310546875,5867.3310546875,120,0.0,0.0,0.0
2020-08-04 00:00:00+09:00,5000.771697874494,6688.7578125,5000.771697874494,6688.7578125,103,0.0,0.0,0.0
2020-08-05 00:00:00+09:00,5695.824014210138,6562.3836106668305,5695.824014210138,5731.9306640625,201,0.0,0.0,0.0
2020-08-06 00:00:00+09:00,4874.398632263869,6426.98486328125,4874.398632263869,6426.98486328125,301,0.0,0.0,0.0
2020-08-07 00:00:00+09:00,5470.158154361038,6869.291015625,5470.158154361038,6869.291015625,223,0.0,0.0,0.0
2020-08-10 00:00:00+09:00,6869.291015625,6869.291015625,6869.291015625,6869.291015625,0,0.0,0.0,0.0
2020-08-11 00:00:00+09:00,5867.3310546875,5867.3310546875,5867.3310546875,5867.3310546875,330,0.0,0.0,0.0
2020-08-12 00:00:00+09:00,4991.7451171875,4991.7451171875,4991.7451171875,4991.7451171875,248,0.0,0.0,0.0
2020-08-13 00:00:00+09:00,4287.66537033749,5361.83837890625,4287.66537033749,5361.83837890625,601,0.0,0.0,0.0
2020-08-14 00:00:00+09:00,4558.465232906485,6002.7314453125,4558.465232906485,6002.7314453125,545,0.0,0.0,0.0
2020-08-18 00:00:00+09:00,6002.7314453125,6002.7314453125,6002.7314453125,6002.7314453125,150,0.0,0.0,0.0
2020-08-19 00:00:00+09:00,6002.7314453125,6002.7314453125,6002.7314453125,6002.7314453125,0,0.0,0.0,0.0
2020-08-20 00:00:00+09:00,6002.7314453125,6002.7314453125,6002.7314453125,6002.7314453125,0,0.0,0.0,0.0
2020-08-21 00:00:00+09:00,6002.7314453125,6002.7314453125,6002.7314453125,6002.7314453125,0,0.0,0.0,0.0
2020-08-24 00:00:00+09:00,6228.39794921875,6228.39794921875,6228.39794921875,6228.39794921875,1,0.0,0.0,0.0
2020-08-25 00:00:00+09:00,6228.39794921875,6228.39794921875,6228.39794921875,6228.39794921875,0,0.0,0.0,0.0
2020-08-26 00:00:00+09:00,6228.39794921875,6228.39794921875,6228.39794921875,6228.39794921875,0,0.0,0.0,0.0
2020-08-27 00:00:00+09:00,5325.732100372943,6580.4384765625,5325.732100372943,6580.4384765625,221,0.0,0.0,0.0
2020-08-28 00:00:00+09:00,6580.4384765625,6580.4384765625,6580.4384765625,6580.4384765625,0,0.0,0.0,0.0
2020-08-31 00:00:00+09:00,4784.13223990453,4784.13223990453,4757.05224609375,4757.05224609375,618,0.0,0.0,0.0
2020-09-01 00:00:00+09:00,4043.9451423785595,5388.91796875,4043.9451423785595,5388.91796875,534,0.0,0.0,0.0
2020-09-02 00:00:00+09:00,4585.544921875,4585.544921875,4585.544921875,4585.544921875,371,0.0,0.0,0.0
2020-09-03 00:00:00+09:00,3904.0321114018275,5163.2517172759435,3899.518779481132,4784.1318359375,1455,0.0,0.0,0.0
2020-09-04 00:00:00+09:00,4071.0252433951573,4729.9716796875,4071.0252433951573,4729.9716796875,53,0.0,0.0,0.0
2020-09-07 00:00:00+09:00,4025.892333984375,4025.892333984375,4025.892333984375,4025.892333984375,1111,0.0,0.0,0.0
2020-09-08 00:00:00+09:00,4025.892333984375,4025.892333984375,4025.892333984375,4025.892333984375,0,0.0,0.0,0.0
2020-09-09 00:00:00+09:00,3425.6193863613153,4143.2392578125,3425.6193863613153,4143.2392578125,1071,0.0,0.0,0.0
2020-09-10 00:00:00+09:00,4143.238596858117,4594.57177734375,3565.532125836505,4594.57177734375,2190,0.0,0.0,0.0
2020-09-11 00:00:00+09:00,3908.545505897672,4603.5986328125,3908.545505897672,4603.5986328125,41,0.0,0.0,0.0
2020-09-14 00:00:00+09:00,3917.571977736633,4684.83837890625,3917.571977736633,4684.83837890625,625,0.0,0.0,0.0
2020-09-15 00:00:00+09:00,3989.785170962806,4793.158203125,3989.785170962806,4793.158203125,647,0.0,0.0,0.0
2020-09-16 00:00:00+09:00,4152.265335648148,4874.3984375,4089.078689236111,4874.3984375,501,0.0,0.0,0.0
2020-09-17 00:00:00+09:00,4197.3992481107025,4197.3992481107025,4143.2392578125,4143.2392578125,714,0.0,0.0,0.0
2020-09-18 00:00:00+09:00,4242.53173828125,4242.53173828125,4242.53173828125,4242.53173828125,104,0.0,0.0,0.0
2020-09-21 00:00:00+09:00,3655.7987492911057,4332.798517678348,3606.152099609375,3606.152099609375,1179,0.0,0.0,0.0
2020-09-22 00:00:00+09:00,3610.665283203125,3610.665283203125,3610.665283203125,3610.665283203125,1,0.0,0.0,0.0
2020-09-23 00:00:00+09:00,3610.665283203125,3610.665283203125,3610.665283203125,3610.665283203125,300,0.0,0.0,0.0
2020-09-24 00:00:00+09:00,4057.48583984375,4057.48583984375,4057.48583984375,4057.48583984375,1,0.0,0.0,0.0
2020-09-25 00:00:00+09:00,4373.4189453125,4373.4189453125,4373.4189453125,4373.4189453125,1,0.0,0.0,0.0
2020-09-28 00:00:00+09:00,4373.4189453125,4373.4189453125,4373.4189453125,4373.4189453125,0,0.0,0.0,0.0
2020-09-29 00:00:00+09:00,4373.4189453125,4373.4189453125,4373.4189453125,4373.4189453125,0,0.0,0.0,0.0
2020-10-05 00:00:00+09:00,4373.4189453125,4373.4189453125,4373.4189453125,4373.4189453125,0,0.0,0.0,0.0
2020-10-06 00:00:00+09:00,4373.4189453125,4373.4189453125,4373.4189453125,4373.4189453125,0,0.0,0.0,0.0
2020-10-07 00:00:00+09:00,4373.4189453125,4373.4189453125,4373.4189453125,4373.4189453125,0,0.0,0.0,0.0
2020-10-08 00:00:00+09:00,4373.4189453125,4373.4189453125,4373.4189453125,4373.4189453125,0,0.0,0.0,0.0
2020-10-12 00:00:00+09:00,4373.4189453125,4373.4189453125,4373.4189453125,4373.4189453125,0,0.0,0.0,0.0
2020-10-13 00:00:00+09:00,4373.4189453125,4373.4189453125,4373.4189453125,4373.4189453125,0,0.0,0.0,0.0
2020-10-14 00:00:00+09:00,4513.33154296875,4513.33154296875,4513.33154296875,4513.33154296875,1,0.0,0.0,0.0
2020-10-15 00:00:00+09:00,3836.33203125,3836.33203125,3836.33203125,3836.33203125,441,0.0,0.0,0.0
2020-10-16 00:00:00+09:00,3836.33203125,3836.33203125,3836.33203125,3836.33203125,0,0.0,0.0,0.0
2020-10-19 00:00:00+09:00,3294.7322365785258,4400.49853515625,3267.652245592949,4400.49853515625,413,0.0,0.0,0.0
2020-10-20 00:00:00+09:00,3741.55224609375,3741.55224609375,3741.55224609375,3741.55224609375,859,0.0,0.0,0.0
2020-10-21 00:00:00+09:00,3741.55224609375,3741.55224609375,3741.55224609375,3741.55224609375,0,0.0,0.0,0.0
2020-10-22 00:00:00+09:00,3741.55224609375,3741.55224609375,3741.55224609375,3741.55224609375,0,0.0,0.0,0.0
2020-10-23 00:00:00+09:00,3741.55224609375,3741.55224609375,3741.55224609375,3741.55224609375,0,0.0,0.0,0.0
2020-10-26 00:00:00+09:00,3181.898980034722,4265.0986328125,3181.898980034722,4265.0986328125,8,0.0,0.0,0.0
2020-10-27 00:00:00+09:00,4265.0986328125,4265.0986328125,4265.0986328125,4265.0986328125,0,0.0,0.0,0.0
2020-10-28 00:00:00+09:00,4265.0986328125,4265.0986328125,4265.0986328125,4265.0986328125,0,0.0,0.0,0.0
2020-10-29 00:00:00+09:00,4265.0986328125,4265.0986328125,4265.0986328125,4265.0986328125,0,0.0,0.0,0.0
2020-10-30 00:00:00+09:00,3628.71875,3628.71875,3628.71875,3628.71875,200,0.0,0.0,0.0
2020-11-02 00:00:00+09:00,3628.71875,3628.71875,3628.71875,3628.71875,0,0.0,0.0,0.0
2020-11-03 00:00:00+09:00,3096.145751953125,3096.145751953125,3096.145751953125,3096.145751953125,1,0.0,0.0,0.0
2020-11-04 00:00:00+09:00,2942.692330549981,2951.718994140625,2942.692330549981,2951.718994140625,10,0.0,0.0,0.0
2020-11-05 00:00:00+09:00,2518.4391998778865,2541.005859375,2518.4391998778865,2541.005859375,20,0.0,0.0,0.0
2020-11-06 00:00:00+09:00,2161.885830782861,2834.372237435567,2161.885830782861,2188.9658203125,293,0.0,0.0,0.0
2020-11-09 00:00:00+09:00,1864.0060101548472,2513.92578125,1864.0060101548472,2513.92578125,11,0.0,0.0,0.0
2020-11-10 00:00:00+09:00,2847.9126293677864,2888.5326193270735,2392.0660753802326,2884.019287109375,20,0.0,0.0,0.0
2020-11-11 00:00:00+09:00,2744.105943042292,3308.2724609375,2744.105943042292,3308.2724609375,11,0.0,0.0,0.0
2020-11-12 00:00:00+09:00,3308.2724609375,3308.2724609375,3308.2724609375,3308.2724609375,0,0.0,0.0,0.0
2020-11-13 00:00:00+09:00,3308.2724609375,3308.2724609375,3308.2724609375,3308.2724609375,0,0.0,0.0,0.0
2020-11-16 00:00:00+09:00,3782.172119140625,3782.172119140625,3782.172119140625,3782.172119140625,1,0.0,0.0,0.0
2020-11-17 00:00:00+09:00,3885.97900390625,3885.97900390625,3885.97900390625,3885.97900390625,1,0.0,0.0,0.0
2020-11-18 00:00:00+09:00,3317.298706441394,4274.125,3317.298706441394,4274.125,21,0.0,0.0,0.0
2020-11-19 00:00:00+09:00,4274.125,4274.125,4274.125,4274.125,0,0.0,0.0,0.0
2020-11-20 00:00:00+09:00,4274.125,4274.125,4274.125,4274.125,0,0.0,0.0,0.0
2020-11-23 00:00:00+09:00,4513.33154296875,4513.33154296875,4513.33154296875,4513.33154296875,1,0.0,0.0,0.0
2020-11-24 00:00:00+09:00,3836.3323889330713,4522.35888671875,3836.3323889330713,4522.35888671875,101,0.0,0.0,0.0
2020-11-25 00:00:00+09:00,4820.23828125,4820.23828125,4820.23828125,4820.23828125,1,0.0,0.0,0.0
2020-11-26 00:00:00+09:00,4098.105265149331,4892.45166015625,4098.105265149331,4892.45166015625,46,0.0,0.0,0.0
2020-11-27 00:00:00+09:00,4161.29248046875,4161.29248046875,4161.29248046875,4161.29248046875,200,0.0,0.0,0.0
2020-11-30 00:00:00+09:00,4161.29248046875,4161.29248046875,4161.29248046875,4161.29248046875,0,0.0,0.0,0.0
2020-12-01 00:00:00+09:00,4161.29248046875,4161.29248046875,4161.29248046875,4161.29248046875,0,0.0,0.0,0.0
2020-12-02 00:00:00+09:00,4161.29248046875,4161.29248046875,4161.29248046875,4161.29248046875,0,0.0,0.0,0.0
2020-12-03 00:00:00+09:00,4513.332065316134,4513.332065316134,3881.465576171875,3881.465576171875,150,0.0,0.0,0.0
2020-12-04 00:00:00+09:00,3881.465576171875,3881.465576171875,3881.465576171875,3881.465576171875,0,0.0,0.0,0.0
2020-12-07 00:00:00+09:00,3299.246075665509,4143.2392578125,3299.246075665509,4143.2392578125,101,0.0,0.0,0.0
2020-12-08 00:00:00+09:00,4143.2392578125,4143.2392578125,4143.2392578125,4143.2392578125,0,0.0,0.0,0.0
2020-12-09 00:00:00+09:00,4711.918264905231,4711.918264905231,4702.8916015625,4702.8916015625,56,0.0,0.0,0.0
2020-12-10 00:00:00+09:00,4702.891779019117,4702.891779019117,3998.81201171875,3998.81201171875,579,0.0,0.0,0.0
2020-12-11 00:00:00+09:00,3998.81201171875,3998.81201171875,3998.81201171875,3998.81201171875,0,0.0,0.0,0.0
2020-12-14 00:00:00+09:00,3998.81201171875,3998.81201171875,3998.81201171875,3998.81201171875,0,0.0,0.0,0.0
2020-12-15 00:00:00+09:00,3998.81201171875,3998.81201171875,3998.81201171875,3998.81201171875,0,0.0,0.0,0.0
2020-12-16 00:00:00+09:00,4540.41162109375,4540.41162109375,4540.41162109375,4540.41162109375,1,0.0,0.0,0.0
2020-12-17 00:00:00+09:00,4540.412044156415,5136.171875,4540.412044156415,5136.171875,3,0.0,0.0,0.0
2020-12-18 00:00:00+09:00,5136.171875,5136.171875,5136.171875,5136.171875,0,0.0,0.0,0.0
2020-12-21 00:00:00+09:00,4991.745015591826,5659.718127985669,4251.55859375,4251.55859375,108,0.0,0.0,0.0
2020-12-22 00:00:00+09:00,4368.9052734375,4368.9052734375,4368.9052734375,4368.9052734375,1,0.0,0.0,0.0
2020-12-23 00:00:00+09:00,5000.77197265625,5000.77197265625,5000.77197265625,5000.77197265625,1,0.0,0.0,0.0
2020-12-24 00:00:00+09:00,4901.47802734375,4901.47802734375,4901.47802734375,4901.47802734375,6,0.0,0.0,0.0
2020-12-28 00:00:00+09:00,4170.318542014551,4729.9716796875,4170.318542014551,4729.9716796875,7,0.0,0.0,0.0
2020-12-29 00:00:00+09:00,4064.6775615901456,5395.267077267637,4064.6775615901456,4069.234375,12,50.0,0.0,0.0
2020-12-30 00:00:00+09:00,4547.69921875,4547.69921875,4547.69921875,4547.69921875,1,0.0,0.0,0.0
2021-01-04 00:00:00+09:00,4547.698985482034,4547.698985482034,4502.130859375,4502.130859375,35,0.0,0.0,0.0
2021-01-05 00:00:00+09:00,4502.131031534955,4502.131031534955,4488.460593180091,4497.57421875,146,0.0,0.0,0.0
2021-01-06 00:00:00+09:00,4497.574622741637,4497.574622741637,4438.336051216164,4461.1201171875,536,0.0,0.0,0.0
2021-01-07 00:00:00+09:00,4538.58544921875,4538.58544921875,4538.58544921875,4538.58544921875,1,0.0,0.0,0.0
2021-01-08 00:00:00+09:00,4543.142261918769,4543.142261918769,4101.131430016942,4538.58544921875,825,0.0,0.0,0.0
2021-01-11 00:00:00+09:00,4538.585794061242,4538.585794061242,3859.6206501705547,4529.47216796875,83,0.0,0.0,0.0
2021-01-12 00:00:00+09:00,4529.47216796875,4529.47216796875,4529.47216796875,4529.47216796875,0,0.0,0.0,0.0
2021-01-13 00:00:00+09:00,4529.47216796875,4529.47216796875,4529.47216796875,4529.47216796875,0,0.0,0.0,0.0
2021-01-14 00:00:00+09:00,4524.9150390625,4524.9150390625,4524.9150390625,4524.9150390625,6,0.0,0.0,0.0
2021-01-15 00:00:00+09:00,4538.58544921875,4538.58544921875,4538.58544921875,4538.58544921875,1,0.0,0.0,0.0
2021-01-18 00:00:00+09:00,4538.58544921875,4556.812700018825,4538.58544921875,4538.58544921875,6000,0.0,0.0,0.0
2021-01-19 00:00:00+09:00,4556.813299005682,5012.49462890625,4556.813299005682,5012.49462890625,501,0.0,0.0,0.0
2021-01-20 00:00:00+09:00,5686.90283203125,5686.90283203125,5686.90283203125,5686.90283203125,1,0.0,0.0,0.0
2021-01-21 00:00:00+09:00,6507.129022113348,6507.129022113348,4839.33544921875,4839.33544921875,503,0.0,0.0,0.0
2021-01-22 00:00:00+09:00,4146.70010209517,5012.49462890625,4146.70010209517,5012.49462890625,105,0.0,0.0,0.0
2021-01-25 00:00:00+09:00,5012.49462890625,5012.49462890625,5012.49462890625,5012.49462890625,1,0.0,0.0,0.0
2021-01-26 00:00:00+09:00,4994.26708984375,4994.26708984375,4994.26708984375,4994.26708984375,10,0.0,0.0,0.0
2021-01-27 00:00:00+09:00,4985.153463767393,4994.26708984375,4912.244455156535,4994.26708984375,111,0.0,0.0,0.0
2021-01-28 00:00:00+09:00,4985.153521896502,4985.153521896502,4246.949801103784,4966.92626953125,648,0.0,0.0,0.0
2021-01-29 00:00:00+09:00,4228.722451427902,4866.67626953125,4228.722451427902,4866.67626953125,121,0.0,0.0,0.0
2021-02-01 00:00:00+09:00,4866.67626953125,4866.67626953125,4866.67626953125,4866.67626953125,0,0.0,0.0,0.0
2021-02-02 00:00:00+09:00,3864.1773637393394,4274.29052734375,3864.1773637393394,4274.29052734375,3,0.0,0.0,0.0
2021-02-03 00:00:00+09:00,4274.290691375732,4556.813103812081,3636.336856842041,4082.904541015625,2919,0.0,0.0,0.0
2021-02-04 00:00:00+09:00,4082.904097222222,4101.13134765625,3918.858843315972,4101.13134765625,450,0.0,0.0,0.0
2021-02-05 00:00:00+09:00,4210.4951171875,4210.4951171875,4210.4951171875,4210.4951171875,1,0.0,0.0,0.0
2021-02-08 00:00:00+09:00,4465.676647258255,4830.2216796875,4465.676647258255,4830.2216796875,1202,0.0,0.0,0.0
2021-02-09 00:00:00+09:00,4729.97216796875,4729.97216796875,4110.245564073038,4729.97216796875,3743,0.0,0.0,0.0
2021-02-10 00:00:00+09:00,4287.960994944853,4647.94921875,4246.949678308823,4647.94921875,237,0.0,0.0,0.0
2021-02-15 00:00:00+09:00,4101.131937545159,5322.357892280828,4101.131937545159,4729.97216796875,3693,0.0,0.0,0.0
2021-02-16 00:00:00+09:00,4729.971852022059,5422.607421875,4729.971852022059,4957.8125,1015,0.0,0.0,0.0
2021-02-17 00:00:00+09:00,4948.698874080882,4957.8125,4611.49471507353,4957.8125,1024,0.0,0.0,0.0
2021-02-18 00:00:00+09:00,4702.630859375,4702.630859375,4702.630859375,4702.630859375,86,0.0,0.0,0.0
2021-02-19 00:00:00+09:00,4739.085669834047,4739.085669834047,4251.506663418429,4256.0634765625,1170,0.0,0.0,0.0
2021-02-22 00:00:00+09:00,4556.812798798974,4884.9033203125,4556.812798798974,4884.9033203125,51,0.0,0.0,0.0
2021-02-23 00:00:00+09:00,4884.903665303738,4884.903665303738,4875.7900390625,4875.7900390625,100,0.0,0.0,0.0
2021-02-24 00:00:00+09:00,4875.789548251295,5276.7890625,4875.789548251295,5276.7890625,1050,0.0,0.0,0.0
2021-02-25 00:00:00+09:00,5003.380547181239,5231.22119140625,5003.380547181239,5231.22119140625,156,0.0,0.0,0.0
2021-02-26 00:00:00+09:00,4456.56326171875,6005.879733072917,4456.56326171875,5468.17578125,26,0.0,0.0,0.0
2021-03-02 00:00:00+09:00,4657.063244047619,5358.8125,4657.063244047619,5358.8125,161,0.0,0.0,0.0
2021-03-03 00:00:00+09:00,5677.78857421875,5677.78857421875,5677.78857421875,5677.78857421875,99,0.0,0.0,0.0
2021-03-04 00:00:00+09:00,5641.333984375,5641.333984375,5641.333984375,5641.333984375,15,0.0,0.0,0.0
2021-03-05 00:00:00+09:00,4811.994777960526,5641.334787040844,4811.994777960526,5194.76708984375,1370,0.0,0.0,0.0
2021-03-08 00:00:00+09:00,5194.76708984375,5194.76708984375,5194.76708984375,5194.76708984375,0,0.0,0.0,0.0
2021-03-09 00:00:00+09:00,5194.76708984375,5194.76708984375,5194.76708984375,5194.76708984375,0,0.0,0.0,0.0
2021-03-10 00:00:00+09:00,5185.652706273599,5732.47021484375,5185.652706273599,5732.47021484375,301,0.0,0.0,0.0
2021-03-11 00:00:00+09:00,5732.47021484375,5732.47021484375,5732.47021484375,5732.47021484375,0,0.0,0.0,0.0
2021-03-12 00:00:00+09:00,5732.47021484375,5732.47021484375,5732.47021484375,5732.47021484375,0,0.0,0.0,0.0
2021-03-15 00:00:00+09:00,5377.039692826705,5377.039692826705,5012.49462890625,5012.49462890625,670,0.0,0.0,0.0
2021-03-16 00:00:00+09:00,5194.766643548468,5723.35693359375,5012.494129739749,5723.35693359375,405,0.0,0.0,0.0
2021-03-17 00:00:00+09:00,5723.35693359375,5723.35693359375,5723.35693359375,5723.35693359375,0,0.0,0.0,0.0
2021-03-18 00:00:00+09:00,5723.35693359375,5723.35693359375,5723.35693359375,5723.35693359375,0,0.0,0.0,0.0
2021-03-19 00:00:00+09:00,4830.221969345868,5377.03955078125,4830.221969345868,5377.03955078125,8779,0.0,0.0,0.0
2021-03-22 00:00:00+09:00,5377.03955078125,5377.03955078125,5377.03955078125,5377.03955078125,1850,0.0,0.0,0.0
2021-03-23 00:00:00+09:00,5021.607472359652,5896.515489322495,5021.607472359652,5641.333984375,1606,0.0,0.0,0.0
2021-03-24 00:00:00+09:00,5604.879195894956,5623.1064453125,5386.152202884421,5623.1064453125,1022,0.0,0.0,0.0
2021-03-25 00:00:00+09:00,5377.038960542414,5641.334095891109,5285.9027069738995,5586.65234375,1570,0.0,0.0,0.0
2021-03-26 00:00:00+09:00,5331.47138671875,5468.17578125,5285.903255208334,5468.17578125,1842,0.0,0.0,0.0
2021-03-29 00:00:00+09:00,4857.562718856112,5367.92578125,4830.221840513583,5367.92578125,202,0.0,0.0,0.0
2021-03-30 00:00:00+09:00,5367.92578125,5367.92578125,5367.92578125,5367.92578125,0,0.0,0.0,0.0
2021-03-31 00:00:00+09:00,5322.357225656878,5905.629250386399,5322.357225656878,5896.515625,370,0.0,0.0,0.0
2021-04-01 00:00:00+09:00,5203.880201879041,5377.039087755927,5194.766576306573,5285.90283203125,2906,0.0,0.0,0.0
2021-04-02 00:00:00+09:00,5012.49462890625,5276.78980024858,5012.49462890625,5012.49462890625,2596,0.0,0.0,0.0
2021-04-05 00:00:00+09:00,5258.562068713251,5258.562068713251,4647.949142190222,5231.22119140625,5,0.0,0.0,0.0
2021-04-06 00:00:00+09:00,4839.3356099300245,5067.17626953125,4839.3356099300245,5067.17626953125,3803,0.0,0.0,0.0
2021-04-07 00:00:00+09:00,5130.971362350151,5130.971362350151,4575.040184546671,4894.01708984375,2868,0.0,0.0,0.0
2021-04-08 00:00:00+09:00,4903.130859375,4903.130859375,4903.130859375,4903.130859375,1,0.0,0.0,0.0
2021-04-09 00:00:00+09:00,4647.9494870364015,4976.0400390625,4629.722234146062,4976.0400390625,4501,0.0,0.0,0.0
2021-04-12 00:00:00+09:00,4866.67646431011,5003.380859375,4848.44921163479,5003.380859375,201,0.0,0.0,0.0
2021-04-13 00:00:00+09:00,5048.94873046875,5048.94873046875,5048.94873046875,5048.94873046875,1,0.0,0.0,0.0
2021-04-14 00:00:00+09:00,5048.94873046875,5048.94873046875,5048.94873046875,5048.94873046875,0,0.0,0.0,0.0
2021-04-15 00:00:00+09:00,5130.9716796875,5130.9716796875,5130.9716796875,5130.9716796875,15,0.0,0.0,0.0
2021-04-16 00:00:00+09:00,5194.76708984375,5194.76708984375,5194.76708984375,5194.76708984375,1,0.0,0.0,0.0
2021-04-19 00:00:00+09:00,5176.539955950798,5176.539955950798,4839.335768679355,5140.08544921875,4998,0.0,0.0,0.0
2021-04-20 00:00:00+09:00,5140.08544921875,5140.08544921875,5140.08544921875,5140.08544921875,0,0.0,0.0,0.0
2021-04-21 00:00:00+09:00,5158.312113149154,5841.834036269625,4966.925974675422,5659.5615234375,468,0.0,0.0,0.0
2021-04-22 00:00:00+09:00,4966.925986153738,5513.743525913784,4966.925986153738,5103.63037109375,1146,0.0,0.0,0.0
2021-04-23 00:00:00+09:00,4875.7900337550955,5085.403437075408,4748.1992665166445,5030.7216796875,1592,0.0,0.0,0.0
2021-04-26 00:00:00+09:00,5094.517036088016,5094.517036088016,4966.92626953125,4966.92626953125,1559,0.0,0.0,0.0
2021-04-27 00:00:00+09:00,4966.92626953125,4966.92626953125,4966.92626953125,4966.92626953125,212,0.0,0.0,0.0
2021-04-28 00:00:00+09:00,4884.9033203125,4884.9033203125,4884.9033203125,4884.9033203125,1,0.0,0.0,0.0
2021-04-29 00:00:00+09:00,4921.358421646481,4985.15380859375,4921.358421646481,4985.15380859375,340,0.0,0.0,0.0
2021-04-30 00:00:00+09:00,5541.084771050348,5541.084771050348,5012.494447496202,5249.44873046875,57,0.0,0.0,0.0
2021-05-03 00:00:00+09:00,5249.448619981752,5377.0393850507535,4939.585333385607,4994.26708984375,1203,0.0,0.0,0.0
2021-05-04 00:00:00+09:00,5021.607793511285,5021.607793511285,4921.35791015625,4921.35791015625,1011,0.0,0.0,0.0
2021-05-06 00:00:00+09:00,5085.403115288329,5085.403115288329,4948.69873046875,4948.69873046875,2,0.0,0.0,0.0
2021-05-07 00:00:00+09:00,4985.153233087304,5276.789254035739,4948.69873046875,4948.69873046875,302,0.0,0.0,0.0
2021-05-10 00:00:00+09:00,4839.335578621908,5158.3125,4830.22195229682,5158.3125,1401,0.0,0.0,0.0
2021-05-11 00:00:00+09:00,5158.3125,5158.3125,5158.3125,5158.3125,0,0.0,0.0,0.0
2021-05-12 00:00:00+09:00,5805.379592056028,5805.379592056028,4739.085381270226,5632.220703125,4,0.0,0.0,0.0
2021-05-13 00:00:00+09:00,5613.9934032573665,5613.9934032573665,4793.767094339894,4948.69873046875,462,0.0,0.0,0.0
2021-05-14 00:00:00+09:00,4921.35791015625,4921.35791015625,4921.35791015625,4921.35791015625,2,0.0,0.0,0.0
2021-05-17 00:00:00+09:00,4921.35791015625,4921.35791015625,4921.35791015625,4921.35791015625,0,0.0,0.0,0.0
2021-05-18 00:00:00+09:00,4921.35791015625,4921.35791015625,4921.35791015625,4921.35791015625,0,0.0,0.0,0.0
2021-05-20 00:00:00+09:00,4921.35791015625,4921.35791015625,4921.35791015625,4921.35791015625,0,0.0,0.0,0.0
2021-05-21 00:00:00+09:00,4611.49471507353,5386.15291819853,4611.49471507353,4647.94921875,4,0.0,0.0,0.0
2021-05-24 00:00:00+09:00,4711.7448639403865,5130.9716796875,4693.5176110818165,5130.9716796875,4004,0.0,0.0,0.0
2021-05-25 00:00:00+09:00,4575.040211397059,4647.94921875,4575.040211397059,4647.94921875,3,0.0,0.0,0.0
2021-05-26 00:00:00+09:00,4976.039843370015,4976.039843370015,4684.40380859375,4684.40380859375,2,0.0,0.0,0.0
2021-05-27 00:00:00+09:00,4739.08544921875,4739.08544921875,4739.08544921875,4739.08544921875,1000,0.0,0.0,0.0
2021-05-28 00:00:00+09:00,5413.493534482759,5413.493534482759,4657.062619731801,4757.3125,6,0.0,0.0,0.0
2021-05-31 00:00:00+09:00,4793.767204402044,4793.767204402044,4739.08544921875,4739.08544921875,1504,0.0,0.0,0.0
2021-06-01 00:00:00+09:00,4684.403748418244,5295.016688387159,4684.403748418244,5176.53955078125,7,0.0,0.0,0.0
2021-06-02 00:00:00+09:00,4556.812984107906,5686.902604166667,4556.812984107906,5331.47119140625,7,0.0,0.0,0.0
2021-06-03 00:00:00+09:00,4757.312955239661,5285.903283599624,4757.312955239661,4848.44921875,14,0.0,0.0,0.0
2021-06-04 00:00:00+09:00,4839.335305498231,4848.4489313089625,4775.539924823113,4830.2216796875,137,0.0,0.0,0.0
2021-06-07 00:00:00+09:00,4684.403694035457,4739.08544921875,4675.290068171575,4739.08544921875,202,0.0,0.0,0.0
2021-06-08 00:00:00+09:00,4739.0856354349735,5185.6533203125,4602.381242105119,5185.6533203125,4,0.0,0.0,0.0
2021-06-09 00:00:00+09:00,4830.221737132353,4830.221737132353,4647.94921875,4647.94921875,5007,0.0,0.0,0.0
2021-06-10 00:00:00+09:00,4647.94921875,4647.94921875,4647.94921875,4647.94921875,0,0.0,0.0,0.0
2021-06-11 00:00:00+09:00,5194.767185396096,5194.767185396096,4675.290466856486,5076.2900390625,3,0.0,0.0,0.0
2021-06-14 00:00:00+09:00,4739.08544921875,4739.08544921875,4739.08544921875,4739.08544921875,2,0.0,0.0,0.0
2021-06-15 00:00:00+09:00,4556.812827319291,4948.69873046875,4556.812827319291,4948.69873046875,4723,0.0,0.0,0.0
2021-06-16 00:00:00+09:00,4948.69873046875,4948.69873046875,4948.69873046875,4948.69873046875,0,0.0,0.0,0.0
2021-06-17 00:00:00+09:00,5094.51708984375,5094.51708984375,5094.51708984375,5094.51708984375,1,0.0,0.0,0.0
2021-06-18 00:00:00+09:00,4921.35791015625,4921.35791015625,4912.244284396702,4921.35791015625,2630,0.0,0.0,0.0
2021-06-21 00:00:00+09:00,5522.857210286458,5522.857210286458,4921.35791015625,4921.35791015625,470,0.0,0.0,0.0
2021-06-22 00:00:00+09:00,4921.35791015625,4921.35791015625,4921.35791015625,4921.35791015625,459,0.0,0.0,0.0
2021-06-23 00:00:00+09:00,4602.381142776687,4930.4716796875,4602.381142776687,4930.4716796875,3047,0.0,0.0,0.0
2021-06-24 00:00:00+09:00,4793.76708984375,4793.76708984375,4793.76708984375,4793.76708984375,5,0.0,0.0,0.0
2021-06-25 00:00:00+09:00,4912.24462890625,5449.948586430311,4830.221991317834,4912.24462890625,3103,0.0,0.0,0.0
2021-06-28 00:00:00+09:00,4921.358237257282,4921.358237257282,4693.517578125,4693.517578125,440,0.0,0.0,0.0
2021-06-29 00:00:00+09:00,5377.039228331368,5377.039228331368,4830.2216796875,4830.2216796875,712,0.0,0.0,0.0
2021-06-30 00:00:00+09:00,4830.221823137359,4848.449075300141,4830.221823137359,4839.33544921875,2010,0.0,0.0,0.0
2021-07-01 00:00:00+09:00,4839.33544921875,4839.33544921875,4839.33544921875,4839.33544921875,0,0.0,0.0,0.0
2021-07-02 00:00:00+09:00,5012.49462890625,5012.49462890625,5012.49462890625,5012.49462890625,1,0.0,0.0,0.0
2021-07-05 00:00:00+09:00,4811.9947719754255,4821.1083984375,4811.9947719754255,4821.1083984375,2504,0.0,0.0,0.0
2021-07-06 00:00:00+09:00,4894.017032877604,4939.585161675347,4894.017032877604,4921.35791015625,1643,0.0,0.0,0.0
2021-07-07 00:00:00+09:00,4857.56298828125,4857.56298828125,4857.56298828125,4857.56298828125,600,0.0,0.0,0.0
2021-07-08 00:00:00+09:00,4857.56298828125,4857.56298828125,4857.56298828125,4857.56298828125,3,0.0,0.0,0.0
2021-07-09 00:00:00+09:00,4921.35791015625,4921.35791015625,4921.35791015625,4921.35791015625,2141,0.0,0.0,0.0
2021-07-12 00:00:00+09:00,4921.357822702892,4921.357822702892,4884.9033203125,4884.9033203125,3020,0.0,0.0,0.0
2021-07-13 00:00:00+09:00,4884.903407118056,4921.35791015625,4884.903407118056,4921.35791015625,1850,0.0,0.0,0.0
2021-07-14 00:00:00+09:00,4675.290455887957,5285.903439405488,4675.290455887957,4857.56298828125,16649,0.0,0.0,0.0
2021-07-15 00:00:00+09:00,4693.517570782425,4848.44921875,4693.517570782425,4848.44921875,607,0.0,0.0,0.0
2021-07-16 00:00:00+09:00,4784.65346419766,4793.76708984375,4711.744459028933,4793.76708984375,1746,0.0,0.0,0.0
2021-07-19 00:00:00+09:00,4793.76708984375,4793.76708984375,4793.76708984375,4793.76708984375,0,0.0,0.0,0.0
2021-07-20 00:00:00+09:00,4793.76708984375,4793.76708984375,4793.76708984375,4793.76708984375,0,0.0,0.0,0.0
2021-07-21 00:00:00+09:00,5194.76708984375,5194.76708984375,5194.76708984375,5194.76708984375,1,0.0,0.0,0.0
2021-07-22 00:00:00+09:00,5076.2900390625,5076.2900390625,5076.2900390625,5076.2900390625,1,0.0,0.0,0.0
2021-07-23 00:00:00+09:00,4921.35791015625,4921.35791015625,4921.35791015625,4921.35791015625,5,0.0,0.0,0.0
2021-07-26 00:00:00+09:00,5431.72119140625,5431.72119140625,5431.72119140625,5431.72119140625,1,0.0,0.0,0.0
2021-07-27 00:00:00+09:00,4866.676528228812,5349.69873046875,4857.562901771455,5349.69873046875,3628,0.0,0.0,0.0
2021-07-28 00:00:00+09:00,5176.53964731286,5176.53964731286,4748.19921875,4748.19921875,2,0.0,0.0,0.0
2021-07-29 00:00:00+09:00,4711.744372605364,4757.3125,4711.744372605364,4757.3125,4,0.0,0.0,0.0
2021-07-30 00:00:00+09:00,5449.94843150192,5449.94843150192,4620.608452795105,4748.19921875,767,0.0,0.0,0.0
2021-08-02 00:00:00+09:00,5285.90283203125,5285.90283203125,4766.426174400593,5285.90283203125,662,0.0,0.0,0.0
2021-08-03 00:00:00+09:00,5185.653285084155,5468.17569604656,4930.471752601982,5431.72119140625,2158,0.0,0.0,0.0
2021-08-04 00:00:00+09:00,5431.72119140625,5431.72119140625,5431.72119140625,5431.72119140625,1,0.0,0.0,0.0
2021-08-05 00:00:00+09:00,5431.721224534476,6179.03857421875,5103.630680770649,6179.03857421875,707,0.0,0.0,0.0
2021-08-06 00:00:00+09:00,5285.90283203125,5914.74299653152,5285.90283203125,5285.90283203125,7813,0.0,0.0,0.0
2021-08-09 00:00:00+09:00,4757.312548828125,5285.90283203125,4757.312548828125,5285.90283203125,5,0.0,0.0,0.0
2021-08-10 00:00:00+09:00,4994.266901800162,6060.561112585963,4994.266901800162,5632.220703125,103,0.0,0.0,0.0
2021-08-11 00:00:00+09:00,4994.266926012541,5541.08447265625,4994.266926012541,5541.08447265625,2,0.0,0.0,0.0
2021-08-12 00:00:00+09:00,5058.062362007473,6288.40185546875,5058.062362007473,6288.40185546875,2,0.0,0.0,0.0
2021-08-13 00:00:00+09:00,5349.69873046875,6816.992590103279,5349.69873046875,5349.69873046875,2484,0.0,0.0,0.0
2021-08-17 00:00:00+09:00,5285.90283203125,5285.90283203125,5285.90283203125,5285.90283203125,248,0.0,0.0,0.0
2021-08-18 00:00:00+09:00,6014.993359375,6014.993359375,5358.812265625,5468.17578125,799,0.0,0.0,0.0
2021-08-19 00:00:00+09:00,5650.447777920082,5714.24315605789,5559.3115234375,5559.3115234375,1392,0.0,0.0,0.0
2021-08-20 00:00:00+09:00,5996.7655909140485,5996.7655909140485,4894.016903223168,5222.107421875,1813,0.0,0.0,0.0
2021-08-23 00:00:00+09:00,5805.379352314438,5996.76548480832,5331.470833758157,5586.65234375,17390,0.0,0.0,0.0
2021-08-24 00:00:00+09:00,5395.266708669355,5987.652411479335,5039.835286983367,5650.4482421875,1901,0.0,0.0,0.0
2021-08-25 00:00:00+09:00,5395.266708669355,5659.561868384577,5395.266708669355,5650.4482421875,970,0.0,0.0,0.0
2021-08-26 00:00:00+09:00,5923.857028099798,6288.402075982863,5531.971101625504,5650.4482421875,1808,0.0,0.0,0.0
2021-08-27 00:00:00+09:00,5194.766881961634,6361.3110238758245,5158.312377526815,5522.857421875,16718,0.0,0.0,0.0
2021-08-30 00:00:00+09:00,5650.448014974962,5914.7431640625,5650.448014974962,5914.7431640625,251,0.0,0.0,0.0
2021-08-31 00:00:00+09:00,5340.584512679304,6014.9927958504095,5340.584512679304,5559.3115234375,277,0.0,0.0,0.0
2021-09-01 00:00:00+09:00,5832.720839665653,6005.879739593228,5650.448313426102,5996.76611328125,303,0.0,0.0,0.0
2021-09-02 00:00:00+09:00,6014.993328010949,6370.424751938869,5796.26629790146,6242.833984375,244,0.0,0.0,0.0
2021-09-03 00:00:00+09:00,5832.720871913581,5914.743509174865,5768.925487377026,5905.6298828125,1156,0.0,0.0,0.0
2021-09-06 00:00:00+09:00,6097.015859985351,6097.015859985351,5787.152572631836,5832.720703125,1560,0.0,0.0,0.0
2021-09-07 00:00:00+09:00,5878.28857033116,5878.28857033116,5723.35693359375,5723.35693359375,316,0.0,0.0,0.0
2021-09-08 00:00:00+09:00,5067.17582378036,5741.58411687343,5067.17582378036,5440.83447265625,2206,0.0,0.0,0.0
2021-09-09 00:00:00+09:00,5340.5849609375,5340.5849609375,5340.5849609375,5340.5849609375,1,0.0,0.0,0.0
2021-09-10 00:00:00+09:00,5641.334564675297,5641.334564675297,5367.92578125,5367.92578125,502,0.0,0.0,0.0
2021-09-13 00:00:00+09:00,5349.69873046875,5349.69873046875,5349.69873046875,5349.69873046875,1,0.0,0.0,0.0
2021-09-14 00:00:00+09:00,5358.8125,5358.8125,5358.8125,5358.8125,251,0.0,0.0,0.0
2021-09-15 00:00:00+09:00,5358.8119212962965,5358.8119212962965,5167.42578125,5167.42578125,202,0.0,0.0,0.0
2021-09-16 00:00:00+09:00,5167.42578125,5167.42578125,5167.42578125,5167.42578125,0,0.0,0.0,0.0
2021-09-17 00:00:00+09:00,5176.53983689693,5194.76708984375,5176.53983689693,5194.76708984375,1000,0.0,0.0,0.0
2021-09-23 00:00:00+09:00,5194.766545320681,5331.470928092278,5194.766545320681,5222.107421875,681,0.0,0.0,0.0
2021-09-24 00:00:00+09:00,5477.2890625,5477.2890625,5477.2890625,5477.2890625,4,0.0,0.0,0.0
2021-09-27 00:00:00+09:00,5249.44873046875,5249.44873046875,5249.44873046875,5249.44873046875,1,0.0,0.0,0.0
2021-09-28 00:00:00+09:00,5167.42578125,5167.42578125,5167.42578125,5167.42578125,63,0.0,0.0,0.0
2021-09-29 00:00:00+09:00,5167.42578125,5167.42578125,5167.42578125,5167.42578125,0,0.0,0.0,0.0
2021-09-30 00:00:00+09:00,5531.971502452926,5531.971502452926,5021.6083984375,5021.6083984375,4,0.0,0.0,0.0
2021-10-01 00:00:00+09:00,5058.062385110295,5112.744140625,5058.062385110295,5112.744140625,1100,0.0,0.0,0.0
2021-10-05 00:00:00+09:00,5021.607936480978,5240.3349609375,5021.607936480978,5240.3349609375,310,0.0,0.0,0.0
2021-10-06 00:00:00+09:00,4857.56292416351,5413.494140625,4739.085779671717,5413.494140625,1645,0.0,0.0,0.0
2021-10-07 00:00:00+09:00,4802.880676690464,5285.90283203125,4802.880676690464,5285.90283203125,2,0.0,0.0,0.0
2021-10-08 00:00:00+09:00,5285.90283203125,5285.90283203125,5285.90283203125,5285.90283203125,0,0.0,0.0,0.0
2021-10-12 00:00:00+09:00,5340.5849609375,5340.5849609375,5340.5849609375,5340.5849609375,1,0.0,0.0,0.0
2021-10-13 00:00:00+09:00,5231.2211497698645,5923.856702701066,4930.471501786579,5878.28857421875,3052,0.0,0.0,0.0
2021-10-14 00:00:00+09:00,5732.470760845148,5732.470760845148,5331.471216366314,5705.1298828125,353,0.0,0.0,0.0
2021-10-15 00:00:00+09:00,5468.17578125,5468.17578125,5468.17578125,5468.17578125,50,0.0,0.0,0.0
2021-10-18 00:00:00+09:00,5468.17578125,5468.17578125,5468.17578125,5468.17578125,0,0.0,0.0,0.0
2021-10-19 00:00:00+09:00,6188.1522004344115,6188.1522004344115,6179.03857421875,6179.03857421875,5,0.0,0.0,0.0
2021-10-20 00:00:00+09:00,6179.03857421875,6179.03857421875,6179.03857421875,6179.03857421875,0,0.0,0.0,0.0
2021-10-21 00:00:00+09:00,6179.03857421875,6179.03857421875,6179.03857421875,6179.03857421875,0,0.0,0.0,0.0
2021-10-22 00:00:00+09:00,5249.44873046875,5249.44873046875,5249.44873046875,5249.44873046875,14,0.0,0.0,0.0
2021-10-25 00:00:00+09:00,6024.107039856396,6024.107039856396,5067.17626953125,5067.17626953125,2,0.0,0.0,0.0
2021-10-26 00:00:00+09:00,5796.26611328125,5796.26611328125,5796.26611328125,5796.26611328125,1,0.0,0.0,0.0
2021-10-27 00:00:00+09:00,5768.9248046875,5768.9248046875,5768.9248046875,5768.9248046875,1,0.0,0.0,0.0
2021-10-28 00:00:00+09:00,5768.9248046875,5768.9248046875,5768.9248046875,5768.9248046875,0,0.0,0.0,0.0
2021-10-29 00:00:00+09:00,5768.9248046875,5768.9248046875,5768.9248046875,5768.9248046875,0,0.0,0.0,0.0
2021-11-01 00:00:00+09:00,5194.76708984375,5440.835004625823,5194.76708984375,5194.76708984375,76,0.0,0.0,0.0
2021-11-02 00:00:00+09:00,5212.994140625,5212.994140625,5212.994140625,5212.994140625,220,0.0,0.0,0.0
2021-11-03 00:00:00+09:00,5203.88037109375,5203.88037109375,5203.88037109375,5203.88037109375,120,0.0,0.0,0.0
2021-11-04 00:00:00+09:00,5212.994462682846,5768.925690346576,4894.017528777427,5140.08544921875,391,0.0,0.0,0.0
2021-11-05 00:00:00+09:00,5194.7668608268805,5194.7668608268805,5149.19873046875,5149.19873046875,660,0.0,0.0,0.0
2021-11-08 00:00:00+09:00,5559.311719090266,5686.902479856271,5185.653062561248,5231.22119140625,1917,0.0,0.0,0.0
2021-11-09 00:00:00+09:00,5650.447480930118,5787.15185546875,5650.447480930118,5787.15185546875,1006,0.0,0.0,0.0
2021-11-10 00:00:00+09:00,5787.1527731007545,5814.49365234375,5586.652991985453,5814.49365234375,8,0.0,0.0,0.0
2021-11-11 00:00:00+09:00,5814.493307719581,5823.60693359375,5814.493307719581,5823.60693359375,211,0.0,0.0,0.0
2021-11-12 00:00:00+09:00,5112.744067271671,6005.87939453125,5112.744067271671,6005.87939453125,22,0.0,0.0,0.0
2021-11-15 00:00:00+09:00,6005.879205289972,6889.90087890625,6005.879205289972,6889.90087890625,476,0.0,0.0,0.0
2021-11-16 00:00:00+09:00,6889.90087890625,6889.90087890625,6889.90087890625,6889.90087890625,0,0.0,0.0,0.0
2021-11-17 00:00:00+09:00,6889.901472915454,7828.60498046875,5942.0843390752325,7828.60498046875,39,0.0,0.0,0.0
2021-11-18 00:00:00+09:00,7828.604507704913,8603.2626953125,6671.174039161811,8603.2626953125,1401,0.0,0.0,0.0
2021-11-19 00:00:00+09:00,8603.26220486111,8603.26220486111,7382.03642578125,8202.2626953125,948,0.0,0.0,0.0
2021-11-22 00:00:00+09:00,8202.26335678275,9095.398700076874,7117.741868497032,7965.30908203125,1628,0.0,0.0,0.0
2021-11-23 00:00:00+09:00,7947.08153179677,7947.08153179677,6771.423828125,6771.423828125,2290,0.0,0.0,0.0
2021-11-24 00:00:00+09:00,6561.80997785433,6561.80997785433,5787.15185546875,5787.15185546875,857,0.0,0.0,0.0
2021-11-25 00:00:00+09:00,5759.811707823427,5759.811707823427,5121.857879425263,5212.994140625,1645,0.0,0.0,0.0
2021-11-26 00:00:00+09:00,5203.880399816177,5650.448069852941,5203.880399816177,5267.67578125,6042,0.0,0.0,0.0
2021-11-29 00:00:00+09:00,5176.539739583333,5468.17578125,5176.539739583333,5468.17578125,4606,0.0,0.0,0.0
2021-11-30 00:00:00+09:00,5987.652411479335,6005.879663873488,5295.0168205015125,5650.4482421875,1664,0.0,0.0,0.0
2021-12-01 00:00:00+09:00,5832.720766129032,5832.720766129032,5650.4482421875,5650.4482421875,11,0.0,0.0,0.0
2021-12-02 00:00:00+09:00,5650.4482421875,5650.4482421875,5285.903194304436,5650.4482421875,4000,0.0,0.0,0.0
2021-12-03 00:00:00+09:00,5477.289005911113,5832.720405629139,5477.289005911113,5504.6298828125,15,0.0,0.0,0.0
2021-12-06 00:00:00+09:00,5805.37939453125,5805.37939453125,5805.37939453125,5805.37939453125,2,0.0,0.0,0.0
2021-12-07 00:00:00+09:00,5814.49365234375,5814.49365234375,5814.49365234375,5814.49365234375,1,0.0,0.0,0.0
2021-12-08 00:00:00+09:00,5468.175603693182,6370.424578302557,5468.175603693182,6014.9931640625,1334,0.0,0.0,0.0
2021-12-09 00:00:00+09:00,6179.0384022271455,6179.0384022271455,5650.448096431903,6106.12939453125,47,0.0,0.0,0.0
2021-12-10 00:00:00+09:00,6188.152058179451,6197.265684185606,6014.9931640625,6014.9931640625,20,0.0,0.0,0.0
2021-12-13 00:00:00+09:00,5832.720703125,5832.720703125,5832.720703125,5832.720703125,1,0.0,0.0,0.0
2021-12-14 00:00:00+09:00,6005.87939453125,6005.87939453125,6005.87939453125,6005.87939453125,1,0.0,0.0,0.0
2021-12-15 00:00:00+09:00,5832.720766129032,5832.720766129032,5149.198801348286,5650.4482421875,1019,0.0,0.0,0.0
2021-12-16 00:00:00+09:00,5477.289204531496,5805.379739245529,5477.289204531496,5796.26611328125,206,0.0,0.0,0.0
2021-12-17 00:00:00+09:00,5787.152430097075,5832.720559467918,5650.448041984546,5823.60693359375,1082,0.0,0.0,0.0
2021-12-20 00:00:00+09:00,5823.60693359375,5823.60693359375,5823.60693359375,5823.60693359375,0,0.0,0.0,0.0
2021-12-21 00:00:00+09:00,5969.4248046875,5969.4248046875,5969.4248046875,5969.4248046875,1,0.0,0.0,0.0
2021-12-22 00:00:00+09:00,5969.4248046875,5969.4248046875,5969.4248046875,5969.4248046875,15,0.0,0.0,0.0
2021-12-23 00:00:00+09:00,5832.720643939394,6014.9931640625,5531.970985736269,6014.9931640625,18,0.0,0.0,0.0
2021-12-24 00:00:00+09:00,6188.15234375,6188.15234375,6188.15234375,6188.15234375,3,0.0,0.0,0.0
2021-12-27 00:00:00+09:00,6188.152486644072,6379.538646024816,6188.152486644072,6197.26611328125,374,0.0,0.0,0.0
2021-12-28 00:00:00+09:00,5923.85724748884,6379.53857421875,5923.85724748884,6379.53857421875,5472,0.0,0.0,0.0
2021-12-29 00:00:00+09:00,6471.995710197597,6647.664165188675,6471.995710197597,6638.41845703125,156,100.0,0.0,0.0
2021-12-30 00:00:00+09:00,6656.909398320896,7026.737698227613,6287.08109841418,6814.08642578125,20136,0.0,0.0,0.0
2022-01-04 00:00:00+09:00,7119.195101105993,7766.394655751992,6952.772358482735,6962.01806640625,10901,0.0,0.0,0.0
2022-01-05 00:00:00+09:00,7211.652014098192,7396.566168305838,6915.789367365958,7285.61767578125,174,0.0,0.0,0.0
2022-01-06 00:00:00+09:00,7285.6175297246555,7396.566020025031,7091.457671698999,7387.3203125,1013,0.0,0.0,0.0
2022-01-07 00:00:00+09:00,7109.94911665483,7211.651899857954,7091.457701526989,7119.19482421875,277,0.0,0.0,0.0
2022-01-10 00:00:00+09:00,7211.6521072387695,7581.480420430501,7082.212197621663,7100.70361328125,1493,0.0,0.0,0.0
2022-01-11 00:00:00+09:00,7100.703409090909,7211.651899857954,7091.457701526989,7119.19482421875,8,0.0,0.0,0.0
2022-01-12 00:00:00+09:00,7304.109152229774,7304.109152229774,6952.772256299734,6971.263671875,1598,0.0,0.0,0.0
2022-01-13 00:00:00+09:00,6952.771809895833,6952.771809895833,6869.560445149739,6878.80615234375,302,0.0,0.0,0.0
2022-01-14 00:00:00+09:00,7202.406072738323,7202.406072738323,6952.77197265625,6952.77197265625,2096,0.0,0.0,0.0
2022-01-17 00:00:00+09:00,7202.406399408976,7951.3087336222325,7072.96648979187,7100.70361328125,5666,0.0,0.0,0.0
2022-01-18 00:00:00+09:00,7054.474835431134,7211.651863219246,6934.280637710814,6989.7548828125,1342,0.0,0.0,0.0
2022-01-19 00:00:00+09:00,7951.3084560296475,8034.519823592748,7119.194780398638,7211.65185546875,272,0.0,0.0,0.0
2022-01-20 00:00:00+09:00,7146.932337816455,7304.109375,7128.440921677216,7304.109375,919,0.0,0.0,0.0
2022-01-21 00:00:00+09:00,7396.566560952971,7581.480724976795,7165.42385592319,7470.5322265625,5708,0.0,0.0,0.0
2022-01-24 00:00:00+09:00,7479.777289636357,7479.777289636357,7174.6689453125,7174.6689453125,968,0.0,0.0,0.0
2022-01-25 00:00:00+09:00,7072.966286399148,7304.108975497159,6980.509210759943,7119.19482421875,4043,0.0,0.0,0.0
2022-01-26 00:00:00+09:00,7119.19482421875,7119.19482421875,7119.19482421875,7119.19482421875,0,0.0,0.0,0.0
2022-01-27 00:00:00+09:00,6980.5093001302075,7211.6519921875,6934.28076171875,6934.28076171875,947,0.0,0.0,0.0
2022-01-28 00:00:00+09:00,6841.823874889965,7017.492325731734,6564.45263671875,6564.45263671875,62,0.0,0.0,0.0
2022-02-03 00:00:00+09:00,6564.452411852385,7026.73779296875,6564.452411852385,7026.73779296875,145,0.0,0.0,0.0
2022-02-04 00:00:00+09:00,6851.069191141331,6952.77197265625,6749.366409626413,6952.77197265625,493,0.0,0.0,0.0
2022-02-07 00:00:00+09:00,7026.73755013369,7026.73755013369,6915.7890625,6915.7890625,140,0.0,0.0,0.0
2022-02-08 00:00:00+09:00,6915.7890625,6915.7890625,6915.7890625,6915.7890625,0,0.0,0.0,0.0
2022-02-09 00:00:00+09:00,6915.7890625,6915.7890625,6915.7890625,6915.7890625,0,0.0,0.0,0.0
2022-02-10 00:00:00+09:00,7026.73779296875,7026.73779296875,7026.73779296875,7026.73779296875,1,0.0,0.0,0.0
2022-02-11 00:00:00+09:00,6851.069392578124,6934.28076171875,6841.823684895833,6934.28076171875,404,0.0,0.0,0.0
2022-02-14 00:00:00+09:00,6656.909644396552,6703.13818359375,6656.909644396552,6703.13818359375,383,0.0,0.0,0.0
2022-02-15 00:00:00+09:00,6841.823684895833,6934.28076171875,6841.823684895833,6934.28076171875,10,0.0,0.0,0.0
2022-02-16 00:00:00+09:00,6934.280739083195,6980.50927734375,6934.280739083195,6980.50927734375,304,0.0,0.0,0.0
2022-02-17 00:00:00+09:00,6980.50927734375,6980.50927734375,6980.50927734375,6980.50927734375,0,0.0,0.0,0.0
2022-02-18 00:00:00+09:00,6980.50927734375,6980.50927734375,6980.50927734375,6980.50927734375,105,0.0,0.0,0.0
2022-02-21 00:00:00+09:00,6980.50927734375,7026.737815604305,6980.50927734375,6980.50927734375,275,0.0,0.0,0.0
2022-02-22 00:00:00+09:00,6980.50927734375,6980.50927734375,6980.50927734375,6980.50927734375,0,0.0,0.0,0.0
2022-02-23 00:00:00+09:00,6980.50927734375,6980.50927734375,6980.50927734375,6980.50927734375,0,0.0,0.0,0.0
2022-02-24 00:00:00+09:00,6841.823445968835,6841.823445968835,6823.33203125,6823.33203125,9,0.0,0.0,0.0
2022-02-25 00:00:00+09:00,6934.28076171875,6934.28076171875,6934.28076171875,6934.28076171875,10,0.0,0.0,0.0
2022-02-28 00:00:00+09:00,6934.28076171875,6934.28076171875,6934.28076171875,6934.28076171875,0,0.0,0.0,0.0
2022-03-02 00:00:00+09:00,7026.737748579545,7119.19482421875,7026.737748579545,7119.19482421875,15,0.0,0.0,0.0
2022-03-03 00:00:00+09:00,7072.965921931242,7072.965921931242,7063.72021484375,7063.72021484375,93,0.0,0.0,0.0
2022-03-04 00:00:00+09:00,7072.965921931242,7119.194457368701,7063.72021484375,7063.72021484375,1052,0.0,0.0,0.0
2022-03-07 00:00:00+09:00,7072.96630859375,7072.96630859375,7072.96630859375,7072.96630859375,1,0.0,0.0,0.0
2022-03-08 00:00:00+09:00,6897.297930989583,7211.6519921875,6888.052223307292,6934.28076171875,663,0.0,0.0,0.0
2022-03-10 00:00:00+09:00,6915.7890625,6915.7890625,6915.7890625,6915.7890625,5,0.0,0.0,0.0
2022-03-11 00:00:00+09:00,6915.7887771238275,6915.7887771238275,6897.29736328125,6897.29736328125,27,0.0,0.0,0.0
2022-03-14 00:00:00+09:00,6869.5606272747245,6915.789164470381,6869.5606272747245,6906.54345703125,16,0.0,0.0,0.0
2022-03-15 00:00:00+09:00,6906.54345703125,6906.54345703125,6906.54345703125,6906.54345703125,0,0.0,0.0,0.0
2022-03-16 00:00:00+09:00,6878.8067578125,6888.052465820312,6471.99560546875,6471.99560546875,41,0.0,0.0,0.0
2022-03-17 00:00:00+09:00,6471.99560546875,6471.99560546875,6471.99560546875,6471.99560546875,0,0.0,0.0,0.0
2022-03-18 00:00:00+09:00,6999.0005314225655,7026.7376537399605,6906.54345703125,6906.54345703125,81,0.0,0.0,0.0
2022-03-21 00:00:00+09:00,6906.54345703125,6906.54345703125,6906.54345703125,6906.54345703125,0,0.0,0.0,0.0
2022-03-22 00:00:00+09:00,7211.651770019531,8126.976802368164,7072.966159057617,7396.56591796875,670,0.0,0.0,0.0
2022-03-23 00:00:00+09:00,7581.480170525657,7766.394321026283,7045.229134073842,7387.3203125,1188,0.0,0.0,0.0
2022-03-24 00:00:00+09:00,7387.320975289217,7942.0634765625,7387.320975289217,7942.0634765625,5598,0.0,0.0,0.0
2022-03-25 00:00:00+09:00,7766.394682034077,7951.308841130126,7664.69189453125,7664.69189453125,4588,0.0,0.0,0.0
2022-03-28 00:00:00+09:00,7673.937808201708,7858.851972254762,7646.20068359375,7646.20068359375,1737,0.0,0.0,0.0
2022-03-29 00:00:00+09:00,7627.708602905273,7627.708602905273,7396.56591796875,7396.56591796875,2107,0.0,0.0,0.0
2022-03-30 00:00:00+09:00,7396.5661116180045,7646.200217885113,7396.5661116180045,7599.9716796875,267,0.0,0.0,0.0
2022-03-31 00:00:00+09:00,7599.971814184131,7747.903139034431,7442.794781530689,7720.166015625,2394,0.0,0.0,0.0
2022-04-01 00:00:00+09:00,7951.309368301178,8875.880225080386,7951.309368301178,8626.24609375,27752,0.0,0.0,0.0
2022-04-04 00:00:00+09:00,8690.965926460598,8866.63438667629,8321.137589164402,8506.0517578125,9995,0.0,0.0,0.0
2022-04-05 00:00:00+09:00,8376.611304541711,8506.051214324918,8228.679979075192,8422.83984375,5187,0.0,0.0,0.0
2022-04-06 00:00:00+09:00,8136.223075082057,8681.71984943415,8136.223075082057,8450.5771484375,5517,0.0,0.0,0.0
2022-04-07 00:00:00+09:00,8441.331798785666,8552.280299974524,8395.10325662364,8506.0517578125,2014,0.0,0.0,0.0
2022-04-08 00:00:00+09:00,8607.7534375,8875.878947368421,8524.542072368422,8783.421875,5583,0.0,0.0,0.0
2022-04-11 00:00:00+09:00,9060.793493200232,10077.821334273727,9060.793493200232,9985.3642578125,48459,0.0,0.0,0.0
2022-04-12 00:00:00+09:00,10632.564719460226,11325.992853338068,9985.365127840909,10170.279296875,61821,0.0,0.0,0.0
2022-04-13 00:00:00+09:00,10170.278276323197,10586.335114900055,9892.907050605292,10262.7353515625,43887,0.0,0.0,0.0
2022-04-14 00:00:00+09:00,9800.449625651041,9800.449625651041,8737.193298339844,8875.87890625,46024,0.0,0.0,0.0
2022-04-15 00:00:00+09:00,9134.759874831989,9134.759874831989,8228.68045404906,8598.5087890625,6435,0.0,0.0,0.0
2022-04-18 00:00:00+09:00,8681.718512790812,8866.632645118625,8330.381661367968,8792.6669921875,54,0.0,0.0,0.0
2022-04-19 00:00:00+09:00,9615.535102739726,9615.535102739726,8552.27881734062,8774.17578125,1680,0.0,0.0,0.0
2022-04-20 00:00:00+09:00,9042.302190160603,9042.302190160603,8690.965295246388,8959.0908203125,173,0.0,0.0,0.0
2022-04-21 00:00:00+09:00,9042.302385377421,9042.302385377421,8506.051323667922,8589.2626953125,3166,0.0,0.0,0.0
2022-04-22 00:00:00+09:00,8690.965557474015,8690.965557474015,8321.137235879376,8450.5771484375,4801,0.0,0.0,0.0
2022-04-25 00:00:00+09:00,8589.26276903549,8589.26276903549,8321.137235879376,8450.5771484375,3518,0.0,0.0,0.0
2022-04-26 00:00:00+09:00,8413.594244062837,8690.965482878095,8413.594244062837,8589.2626953125,1520,0.0,0.0,0.0
2022-04-27 00:00:00+09:00,7766.39532282489,8506.052020236784,7766.39532282489,8395.103515625,3134,0.0,0.0,0.0
2022-04-28 00:00:00+09:00,8496.805763999932,8496.805763999932,7969.800401053254,8311.8916015625,805,0.0,0.0,0.0
2022-04-29 00:00:00+09:00,8496.806076033128,8681.720245261271,8228.680530652322,8459.8232421875,481,0.0,0.0,0.0
2022-05-02 00:00:00+09:00,8404.348682781216,8404.348682781216,8154.714563490685,8311.8916015625,1926,0.0,0.0,0.0
2022-05-03 00:00:00+09:00,8690.965279244088,8690.965279244088,8043.765737172719,8210.1884765625,2420,0.0,0.0,0.0
2022-05-04 00:00:00+09:00,8487.5600530451,8487.5600530451,8136.22314453125,8136.22314453125,310,0.0,0.0,0.0
2022-05-06 00:00:00+09:00,8126.977643653594,8126.977643653594,7858.852101371507,7942.0634765625,805,0.0,0.0,0.0
2022-05-10 00:00:00+09:00,7951.308954604503,8321.13727807448,7673.937712002021,8006.783203125,2077,0.0,0.0,0.0
2022-05-11 00:00:00+09:00,7599.971549020686,7905.079895879181,7553.743011617884,7877.3427734375,419,0.0,0.0,0.0
2022-05-12 00:00:00+09:00,7673.937034273565,7951.3082523798375,7396.565816167291,7405.8115234375,7921,0.0,0.0,0.0
2022-05-13 00:00:00+09:00,7747.902905976221,7747.902905976221,7211.651869524406,7387.3203125,5329,0.0,0.0,0.0
2022-05-16 00:00:00+09:00,6851.069181518555,7396.56591796875,6851.069181518555,7396.56591796875,153,0.0,0.0,0.0
2022-05-17 00:00:00+09:00,7211.651922487746,7211.651922487746,6666.155174504698,7072.96630859375,7731,0.0,0.0,0.0
2022-05-18 00:00:00+09:00,7507.514406738281,7507.514406738281,7211.651770019531,7396.56591796875,223,0.0,0.0,0.0
2022-05-19 00:00:00+09:00,7035.983412835537,7304.108930538862,6934.280630258414,7211.65185546875,1120,0.0,0.0,0.0
2022-05-20 00:00:00+09:00,7304.1089528729835,7304.1089528729835,7026.7377268145165,7165.42333984375,982,0.0,0.0,0.0
2022-05-23 00:00:00+09:00,7858.85135723527,7858.85135723527,7211.651833698248,7257.88037109375,452,0.0,0.0,0.0
2022-05-24 00:00:00+09:00,7304.109248635757,7544.49765428706,7211.652169539101,7359.58349609375,132,0.0,0.0,0.0
2022-05-25 00:00:00+09:00,7895.834226376721,7895.834226376721,7211.651869524406,7387.3203125,321,0.0,0.0,0.0
2022-05-26 00:00:00+09:00,7747.902821590015,7747.902821590015,7239.388913251769,7350.33740234375,1178,0.0,0.0,0.0
2022-05-27 00:00:00+09:00,7479.777414921221,7747.902934121117,7396.566046893668,7738.6572265625,1032,0.0,0.0,0.0
2022-05-30 00:00:00+09:00,7849.606679594715,7849.606679594715,7581.4811275237535,7784.88671875,629,0.0,0.0,0.0
2022-05-31 00:00:00+09:00,8126.977832726312,8126.977832726312,7405.81256429326,7794.13232421875,236,0.0,0.0,0.0
2022-06-02 00:00:00+09:00,7960.554574318303,7960.554574318303,7442.794927208169,7618.46337890625,1125,0.0,0.0,0.0
2022-06-03 00:00:00+09:00,7572.234477073464,7581.480184615679,7562.98876953125,7562.98876953125,16,0.0,0.0,0.0
2022-06-07 00:00:00+09:00,7692.428571428572,7692.428571428572,7396.565934065934,7572.234375,979,0.0,0.0,0.0
2022-06-08 00:00:00+09:00,7923.571660632622,7923.571660632622,7211.652153201219,7581.48046875,295,0.0,0.0,0.0
2022-06-09 00:00:00+09:00,8025.274255087209,8025.274255087209,7581.480287063953,7951.30859375,646,0.0,0.0,0.0
2022-06-10 00:00:00+09:00,8117.731378676471,8117.731378676471,7581.480330882353,7858.8515625,179,0.0,0.0,0.0
2022-06-13 00:00:00+09:00,8136.2224374255065,8136.2224374255065,7489.022925357569,7757.1484375,384,0.0,0.0,0.0
2022-06-14 00:00:00+09:00,7951.308784298781,7951.308784298781,7489.023389862805,7581.48046875,671,0.0,0.0,0.0
2022-06-15 00:00:00+09:00,7757.148894412879,7757.148894412879,7498.26907433712,7627.708984375,422,0.0,0.0,0.0
2022-06-16 00:00:00+09:00,7942.062479654947,7942.062479654947,7581.479899088541,7766.39404296875,165,0.0,0.0,0.0
2022-06-17 00:00:00+09:00,7942.062479654947,7942.062479654947,7396.565755208333,7766.39404296875,130,0.0,0.0,0.0
2022-06-20 00:00:00+09:00,8256.417190971724,8256.417190971724,7581.480511306622,8062.25732421875,145,0.0,0.0,0.0
2022-06-21 00:00:00+09:00,8053.011389340692,8293.399789022504,7858.851528059229,8126.97705078125,93,0.0,0.0,0.0
2022-06-22 00:00:00+09:00,8182.451481516769,8219.434313071646,6989.7551638719515,7581.48046875,3551,0.0,0.0,0.0
2022-06-23 00:00:00+09:00,7849.60529178901,7849.60529178901,6619.9262531459735,6888.0517578125,8295,0.0,0.0,0.0
2022-06-24 00:00:00+09:00,7017.492177602407,7017.492177602407,6749.366653029982,6841.82373046875,704,0.0,0.0,0.0
2022-06-27 00:00:00+09:00,7183.915049706233,7183.915049706233,6610.681158996083,6786.349609375,1202,0.0,0.0,0.0
2022-06-28 00:00:00+09:00,6730.87548828125,6730.87548828125,6471.995661808894,6730.87548828125,1127,0.0,0.0,0.0
2022-06-29 00:00:00+09:00,6703.137794535428,6915.7890625,6647.663550718583,6915.7890625,10663,0.0,0.0,0.0
2022-06-30 00:00:00+09:00,7368.829207999829,7368.829207999829,6471.995540275885,6786.349609375,163,0.0,0.0,0.0
2022-07-01 00:00:00+09:00,7572.234375,7572.234375,7378.074519230769,7572.234375,1003,0.0,0.0,0.0
2022-07-04 00:00:00+09:00,7757.148708279846,7757.148708279846,6832.577944480103,7202.40625,187,0.0,0.0,0.0
2022-07-05 00:00:00+09:00,7304.108930538862,7304.108930538862,6758.612187625201,7211.65185546875,315,0.0,0.0,0.0
2022-07-06 00:00:00+09:00,7396.566068209135,7942.062815739558,7294.863284771259,7692.4287109375,313,0.0,0.0,0.0
2022-07-07 00:00:00+09:00,7766.394196142766,7766.394196142766,6573.69794459227,7220.8974609375,1918,0.0,0.0,0.0
2022-07-08 00:00:00+09:00,7664.691750558736,7664.691750558736,7119.194991471926,7368.8291015625,366,0.0,0.0,0.0
2022-07-11 00:00:00+09:00,7294.863259111304,7535.251655482525,7257.8804289003465,7341.091796875,2566,0.0,0.0,0.0
2022-07-12 00:00:00+09:00,7590.7262495147515,7590.7262495147515,7156.177974572981,7442.794921875,29,0.0,0.0,0.0
2022-07-13 00:00:00+09:00,7489.023198866306,7489.023198866306,7378.07470703125,7378.07470703125,6,0.0,0.0,0.0
2022-07-14 00:00:00+09:00,7489.0230952753445,7489.0230952753445,7387.3203125,7387.3203125,11,0.0,0.0,0.0
2022-07-15 00:00:00+09:00,7581.480263157894,7581.480263157894,6934.2807284980745,7202.40625,1006,0.0,0.0,0.0
2022-07-18 00:00:00+09:00,7119.194457368701,7156.177285718668,6934.280315618864,7063.72021484375,815,0.0,0.0,0.0
2022-07-19 00:00:00+09:00,7202.406295716841,7202.406295716841,6934.280772513004,7109.94921875,83,0.0,0.0,0.0
2022-07-20 00:00:00+09:00,7109.949138965482,7109.949138965482,6934.280694699755,7072.96630859375,376,0.0,0.0,0.0
2022-07-21 00:00:00+09:00,7072.966104877974,7396.5658613103005,7026.7375682447855,7091.45751953125,709,0.0,0.0,0.0
2022-07-22 00:00:00+09:00,7396.5661103979455,7396.5661103979455,7202.40625,7202.40625,49,0.0,0.0,0.0
2022-07-25 00:00:00+09:00,6934.280315618864,7072.965921931242,6814.08612348147,7063.72021484375,34,0.0,0.0,0.0
2022-07-26 00:00:00+09:00,7026.737838541666,7026.737838541666,6758.612315755208,6934.28076171875,2459,0.0,0.0,0.0
2022-07-27 00:00:00+09:00,7109.94921875,7119.194926446685,6758.612326276008,7109.94921875,56,0.0,0.0,0.0
2022-07-28 00:00:00+09:00,7341.091796875,7341.091796875,7341.091796875,7341.091796875,13,0.0,0.0,0.0
2022-07-29 00:00:00+09:00,7942.062873859453,7942.062873859453,7378.07470703125,7378.07470703125,20,0.0,0.0,0.0
2022-08-01 00:00:00+09:00,7442.794996044304,7858.851859177215,6943.52676028481,7304.109375,424,0.0,0.0,0.0
2022-08-02 00:00:00+09:00,7581.480516975309,7627.7090567129635,6980.509500385802,7489.0234375,1193,0.0,0.0,0.0
2022-08-03 00:00:00+09:00,7026.738232905322,7470.5322265625,7026.738232905322,7470.5322265625,308,0.0,0.0,0.0
2022-08-04 00:00:00+09:00,7553.743237401186,7553.743237401186,6767.858078063241,7017.4921875,2177,0.0,0.0,0.0
2022-08-05 00:00:00+09:00,7276.37181583788,7276.37181583788,6814.086439990492,6989.7548828125,2127,0.0,0.0,0.0
2022-08-08 00:00:00+09:00,7470.53150066845,7470.53150066845,6915.7890625,6915.7890625,1695,0.0,0.0,0.0
2022-08-09 00:00:00+09:00,7378.074536426958,7378.074536426958,6906.54345703125,6906.54345703125,72,0.0,0.0,0.0
2022-08-10 00:00:00+09:00,7442.794378760027,7442.794378760027,6804.84057486631,6915.7890625,4070,0.0,0.0,0.0
2022-08-11 00:00:00+09:00,7350.3376563819675,7350.3376563819675,6749.366653029982,6841.82373046875,4826,0.0,0.0,0.0
2022-08-12 00:00:00+09:00,6888.05265727796,6925.035490337171,6656.909950657894,6675.4013671875,1479,0.0,0.0,0.0
2022-08-16 00:00:00+09:00,7331.84619140625,7489.023221991251,6749.366607473597,7331.84619140625,14005,0.0,0.0,0.0
2022-08-17 00:00:00+09:00,7720.16613041589,8311.891438615432,7396.566352494266,8062.25732421875,13449,0.0,0.0,0.0
2022-08-18 00:00:00+09:00,8284.154233870968,8284.154233870968,7803.3774256552415,8025.2744140625,1790,0.0,0.0,0.0
2022-08-19 00:00:00+09:00,8237.92593383789,8237.92593383789,7849.6061928489,8136.22314453125,1361,0.0,0.0,0.0
2022-08-22 00:00:00+09:00,8228.680435553697,8228.680435553697,7803.3778512441795,7942.0634765625,185,0.0,0.0,0.0
2022-08-23 00:00:00+09:00,8136.222371511959,8136.222371511959,8089.993835310187,8117.73095703125,217,0.0,0.0,0.0
2022-08-24 00:00:00+09:00,8219.43451760032,8219.43451760032,7738.657695423473,8136.22314453125,159,0.0,0.0,0.0
2022-08-25 00:00:00+09:00,8219.433936631945,8321.13671875,8200.942521701389,8321.13671875,3058,0.0,0.0,0.0
2022-08-26 00:00:00+09:00,8543.0341796875,8580.0170116342,8025.274532433712,8543.0341796875,2400,0.0,0.0,0.0
2022-08-29 00:00:00+09:00,8321.137309684373,8321.137309684373,7951.308984809511,8311.8916015625,2248,0.0,0.0,0.0
2022-08-30 00:00:00+09:00,8459.823036651445,8506.051577835333,8459.823036651445,8478.314453125,67,0.0,0.0,0.0
2022-08-31 00:00:00+09:00,8496.806076033128,8496.806076033128,8459.8232421875,8459.8232421875,127,0.0,0.0,0.0
2022-09-01 00:00:00+09:00,8459.82252726376,8459.82252726376,8126.97705078125,8126.97705078125,197,0.0,0.0,0.0
2022-09-02 00:00:00+09:00,8404.3486328125,8404.3486328125,8321.137260210397,8404.3486328125,594,0.0,0.0,0.0
2022-09-05 00:00:00+09:00,8450.5762265625,8450.5762265625,7858.8509765625,8089.99365234375,237,0.0,0.0,0.0
2022-09-06 00:00:00+09:00,8385.857102140373,8385.857102140373,7886.588873347011,8062.25732421875,148,0.0,0.0,0.0
2022-09-07 00:00:00+09:00,8404.348426828541,8404.348426828541,7211.652115430432,7276.3720703125,3353,0.0,0.0,0.0
2022-09-08 00:00:00+09:00,8108.485673452989,8108.485673452989,7359.583347854708,7461.2861328125,1036,0.0,0.0,0.0
2022-09-13 00:00:00+09:00,7729.411656792131,7729.411656792131,7461.2861328125,7461.2861328125,228,0.0,0.0,0.0
2022-09-14 00:00:00+09:00,7387.3207269991935,7526.00634765625,7378.07501895539,7526.00634765625,336,0.0,0.0,0.0
2022-09-15 00:00:00+09:00,8274.909279431413,8274.909279431413,7581.4811275237535,7784.88671875,28,0.0,0.0,0.0
2022-09-16 00:00:00+09:00,8043.7658216928,8126.977192262036,7396.566272820965,7849.60595703125,493,0.0,0.0,0.0
2022-09-19 00:00:00+09:00,7562.9884847005205,7766.39404296875,7433.548583984375,7766.39404296875,1135,0.0,0.0,0.0
2022-09-20 00:00:00+09:00,7581.480516975309,7581.480516975309,7396.566358024692,7489.0234375,27,0.0,0.0,0.0
2022-09-21 00:00:00+09:00,7285.6178626543215,7489.0234375,7276.372154706791,7489.0234375,112,0.0,0.0,0.0
2022-09-22 00:00:00+09:00,7766.394577026367,7766.394577026367,6841.823794047037,7100.70361328125,2183,0.0,0.0,0.0
2022-09-23 00:00:00+09:00,7396.566042191436,7396.566042191436,7045.229155187343,7341.091796875,412,0.0,0.0,0.0
2022-09-26 00:00:00+09:00,7757.148943155675,7757.148943155675,6952.772354294479,7535.251953125,115,0.0,0.0,0.0
2022-09-27 00:00:00+09:00,7720.165783401127,7720.165783401127,7387.3203125,7387.3203125,153,0.0,0.0,0.0
2022-09-28 00:00:00+09:00,7766.394526229113,8025.274343770084,7119.194982376687,7193.16064453125,194,0.0,0.0,0.0
2022-09-29 00:00:00+09:00,7766.39404296875,7766.39404296875,7766.39404296875,7766.39404296875,11,0.0,0.0,0.0
2022-09-30 00:00:00+09:00,7923.571711033951,7923.571711033951,7026.738040123457,7489.0234375,1155,0.0,0.0,0.0
2022-10-04 00:00:00+09:00,7757.148627917749,7757.148627917749,7294.863250807037,7562.98876953125,99,0.0,0.0,0.0
2022-10-05 00:00:00+09:00,7673.937034273565,7757.1483997054465,7248.634499843945,7405.8115234375,234,0.0,0.0,0.0
2022-10-06 00:00:00+09:00,7747.903178553427,7747.903178553427,7211.652123235887,7452.04052734375,568,0.0,0.0,0.0
2022-10-07 00:00:00+09:00,7766.394675925926,7766.394675925926,7211.652199074074,7489.0234375,334,0.0,0.0,0.0
2022-10-11 00:00:00+09:00,7757.149048751343,7757.149048751343,7211.652274166922,7526.00634765625,1605,0.0,0.0,0.0
2022-10-12 00:00:00+09:00,7766.394213867187,7766.394213867187,7396.56591796875,7396.56591796875,37,0.0,0.0,0.0
2022-10-13 00:00:00+09:00,7766.394602272727,7766.394602272727,7627.708984375,7627.708984375,39,0.0,0.0,0.0
2022-10-14 00:00:00+09:00,7951.30860543137,8025.2742668772435,7396.566144587321,7729.41162109375,235,0.0,0.0,0.0
2022-10-17 00:00:00+09:00,7766.39465107362,7803.377482745399,7442.794873945552,7535.251953125,219,0.0,0.0,0.0
2022-10-18 00:00:00+09:00,7757.148506469726,7757.148506469726,7396.56591796875,7396.56591796875,20,0.0,0.0,0.0
2022-10-19 00:00:00+09:00,7747.9034725982365,7747.9034725982365,6952.772567295792,7470.5322265625,665,0.0,0.0,0.0
2022-10-20 00:00:00+09:00,7498.26904296875,7498.26904296875,7498.26904296875,7498.26904296875,3,0.0,0.0,0.0
2022-10-21 00:00:00+09:00,7683.182953301001,7683.182953301001,7220.897577049437,7387.3203125,58,0.0,0.0,0.0
2022-10-24 00:00:00+09:00,7710.920159022805,7710.920159022805,7091.457748166057,7424.30322265625,17,0.0,0.0,0.0
2022-10-25 00:00:00+09:00,7636.955078125,7636.955078125,7636.955078125,7636.955078125,2,0.0,0.0,0.0
2022-10-26 00:00:00+09:00,7507.51442855739,7507.51442855739,7202.4060835544415,7350.33740234375,163,0.0,0.0,0.0
2022-10-27 00:00:00+09:00,7350.337460645989,7433.548828125,7350.337460645989,7433.548828125,2,0.0,0.0,0.0
2022-10-28 00:00:00+09:00,7498.268576541521,7498.268576541521,7026.737506993287,7230.14306640625,787,0.0,0.0,0.0
2022-10-31 00:00:00+09:00,7627.708837213311,7627.708837213311,7165.423453139778,7331.84619140625,238,0.0,0.0,0.0
2022-11-01 00:00:00+09:00,7590.72605426345,7590.72605426345,7072.966420842314,7239.38916015625,549,0.0,0.0,0.0
2022-11-02 00:00:00+09:00,7239.388977989784,7239.388977989784,7165.423317933694,7211.65185546875,281,0.0,0.0,0.0
2022-11-03 00:00:00+09:00,7211.651957637997,7211.651957637997,6952.772143774069,7202.40625,4077,0.0,0.0,0.0
2022-11-04 00:00:00+09:00,7553.743373511164,7553.743373511164,6841.823863400564,6962.01806640625,1681,0.0,0.0,0.0
2022-11-07 00:00:00+09:00,7100.703145478375,7100.703145478375,6841.823343299476,7054.474609375,1196,0.0,0.0,0.0
2022-11-08 00:00:00+09:00,6980.5093466269,7017.492177602407,6564.452498152449,6841.82373046875,1013,0.0,0.0,0.0
2022-11-09 00:00:00+09:00,7193.160218358847,7193.160218358847,6638.417785066391,6832.57763671875,417,0.0,0.0,0.0
2022-11-10 00:00:00+09:00,7008.246542943933,7368.829148715454,6832.578093978319,7276.3720703125,1292,0.0,0.0,0.0
2022-11-11 00:00:00+09:00,7193.160454474343,7387.3203125,6851.069276048185,7387.3203125,1237,0.0,0.0,0.0
2022-11-14 00:00:00+09:00,7535.252076740507,7535.252076740507,7082.212381329114,7304.109375,290,0.0,0.0,0.0
2022-11-15 00:00:00+09:00,7489.02299194336,7489.02299194336,6943.526255493164,7396.56591796875,35,0.0,0.0,0.0
2022-11-16 00:00:00+09:00,7572.2346968217325,7572.2346968217325,7211.652092211174,7322.6005859375,21,0.0,0.0,0.0
2022-11-17 00:00:00+09:00,7572.234567742598,7572.234567742598,6564.45243357417,7378.07470703125,3432,0.0,0.0,0.0
2022-11-18 00:00:00+09:00,7618.46312953184,7618.46312953184,7331.84619140625,7331.84619140625,19,0.0,0.0,0.0
2022-11-21 00:00:00+09:00,7590.725900798961,7590.725900798961,7304.108966664043,7341.091796875,22,0.0,0.0,0.0
2022-11-22 00:00:00+09:00,7581.48027539552,7581.48027539552,6841.82366316181,7378.07470703125,102,0.0,0.0,0.0
2022-11-23 00:00:00+09:00,7183.915045810105,7368.829204003416,7072.966550894119,7359.58349609375,943,0.0,0.0,0.0
2022-11-24 00:00:00+09:00,7396.56591796875,7572.234358520507,7387.320210571289,7396.56591796875,58,0.0,0.0,0.0
2022-11-25 00:00:00+09:00,7387.3206030868905,7581.48046875,7211.652153201219,7581.48046875,321,0.0,0.0,0.0
2022-11-28 00:00:00+09:00,7581.480516975309,7581.480516975309,7396.566358024692,7489.0234375,56,0.0,0.0,0.0
2022-11-29 00:00:00+09:00,7489.023288815089,7609.217489746688,7396.566211175396,7590.72607421875,44,0.0,0.0,0.0
2022-11-30 00:00:00+09:00,7609.2177734375,7609.2177734375,7304.109405851305,7609.2177734375,175,0.0,0.0,0.0
2022-12-01 00:00:00+09:00,7304.108988830799,7304.108988830799,7100.703422053231,7294.86328125,712,0.0,0.0,0.0
2022-12-02 00:00:00+09:00,7562.989204699088,7562.989204699088,7479.77783203125,7479.77783203125,8,0.0,0.0,0.0
2022-12-05 00:00:00+09:00,7470.531658115672,7470.531658115672,7211.651848180971,7433.548828125,65,0.0,0.0,0.0
2022-12-06 00:00:00+09:00,7368.829204003416,7368.829204003416,7331.846372364753,7359.58349609375,25,0.0,0.0,0.0
2022-12-07 00:00:00+09:00,7396.566560952971,7470.5322265625,7202.406688727955,7470.5322265625,62,0.0,0.0,0.0
2022-12-08 00:00:00+09:00,7091.457769790687,7387.320414684171,7091.457769790687,7378.07470703125,58,0.0,0.0,0.0
2022-12-09 00:00:00+09:00,6795.595201333992,7294.86342020751,6795.595201333992,7017.4921875,1477,0.0,0.0,0.0
2022-12-12 00:00:00+09:00,7331.84609818892,7331.84609818892,6925.034965376421,7119.19482421875,246,0.0,0.0,0.0
2022-12-13 00:00:00+09:00,7433.548894961977,7433.548894961977,6444.25818381654,7294.86328125,6058,0.0,0.0,0.0
2022-12-14 00:00:00+09:00,7442.794648587933,7442.794648587933,6860.3150673940945,7202.40625,248,0.0,0.0,0.0
2022-12-15 00:00:00+09:00,7285.617493531051,7285.617493531051,7248.634663614649,7257.88037109375,46,0.0,0.0,0.0
2022-12-16 00:00:00+09:00,7387.320637599174,7387.320637599174,6740.1210823652045,7137.6865234375,14,0.0,0.0,0.0
2022-12-19 00:00:00+09:00,7294.863349382267,7294.863349382267,6934.280750363372,7156.177734375,502,0.0,0.0,0.0
2022-12-20 00:00:00+09:00,7396.565967689295,7396.565967689295,7082.2119140625,7082.2119140625,55,0.0,0.0,0.0
2022-12-21 00:00:00+09:00,7387.320343572444,7387.320343572444,7026.737748579545,7119.19482421875,30,0.0,0.0,0.0
2022-12-22 00:00:00+09:00,7368.82867640996,7368.82867640996,6693.892047328496,7008.24609375,363,0.0,0.0,0.0
2022-12-23 00:00:00+09:00,7100.703043193717,7100.703043193717,7054.4745077562575,7063.72021484375,70,0.0,0.0,0.0
2022-12-26 00:00:00+09:00,7387.320507686978,7387.320507686978,6952.77224252892,7193.16064453125,820,0.0,0.0,0.0
2022-12-27 00:00:00+09:00,7359.583256935586,7359.583256935586,7248.634765625,7248.634765625,6,0.0,0.0,0.0
2022-12-28 00:00:00+09:00,7531.4166801608335,7531.4166801608335,7380.5998254892775,7390.02587890625,4,150.0,0.0,0.0
2022-12-29 00:00:00+09:00,7540.842404402314,7540.842404402314,7333.46923828125,7333.46923828125,27,0.0,0.0,0.0
2023-01-02 00:00:00+09:00,6984.705861289828,7342.8959054585375,6984.705861289828,7210.93115234375,1094,0.0,0.0,0.0
2023-01-03 00:00:00+09:00,7521.990643613332,7521.990643613332,7220.35693359375,7220.35693359375,5,0.0,0.0,0.0
2023-01-04 00:00:00+09:00,7493.712316590555,7493.712316590555,7192.07861328125,7192.07861328125,276,0.0,0.0,0.0
2023-01-05 00:00:00+09:00,7474.860037894181,7474.860037894181,7248.634765625,7248.634765625,23,0.0,0.0,0.0
2023-01-06 00:00:00+09:00,7672.80712890625,7672.80712890625,7672.80712890625,7672.80712890625,1,0.0,0.0,0.0
2023-01-09 00:00:00+09:00,7437.156154233871,7484.286421370968,7022.409803427419,7305.19140625,116,0.0,0.0,0.0
2023-01-10 00:00:00+09:00,7625.676944339757,7625.676944339757,7022.4095470125085,7229.78271484375,114,0.0,0.0,0.0
2023-01-11 00:00:00+09:00,7512.5645901752205,7512.5645901752205,7003.557704517176,7220.35693359375,822,0.0,0.0,0.0
2023-01-12 00:00:00+09:00,6994.131231337941,7201.50439453125,6984.705178465519,7201.50439453125,98,0.0,0.0,0.0
2023-01-13 00:00:00+09:00,7201.504672994032,7201.504672994032,6984.705448545259,7107.244140625,39,0.0,0.0,0.0
2023-01-16 00:00:00+09:00,7192.078344888246,7192.078344888246,7116.669921875,7116.669921875,9,0.0,0.0,0.0
2023-01-17 00:00:00+09:00,7154.374300499625,7154.374300499625,6928.149026175526,7060.11376953125,3294,0.0,0.0,0.0
2023-01-18 00:00:00+09:00,7192.078619757129,7192.078619757129,6881.018862939324,7107.244140625,154,0.0,0.0,0.0
2023-01-19 00:00:00+09:00,7182.652459790137,7182.652459790137,6843.314548303989,7060.11376953125,101,0.0,0.0,0.0
2023-01-20 00:00:00+09:00,7201.504666509666,7201.504666509666,6984.705442256102,7192.07861328125,4,0.0,0.0,0.0
2023-01-25 00:00:00+09:00,7182.652403566079,7182.652403566079,6767.906070551764,7078.9658203125,1958,0.0,0.0,0.0
2023-01-26 00:00:00+09:00,6975.279577803939,6975.279577803939,6607.663491946704,6881.01904296875,1053,0.0,0.0,0.0
2023-01-27 00:00:00+09:00,6833.888682558116,7324.04345703125,6598.237348676802,7324.04345703125,1346,0.0,0.0,0.0
2023-01-30 00:00:00+09:00,7342.895663661173,7342.895663661173,6711.350080265411,6881.01904296875,1042,0.0,0.0,0.0
2023-01-31 00:00:00+09:00,6701.92390409429,7333.469475928773,6701.92390409429,7088.39208984375,736,0.0,0.0,0.0
2023-02-01 00:00:00+09:00,7248.634779444281,7248.634779444281,6994.13134765625,6994.13134765625,1863,0.0,0.0,0.0
2023-02-02 00:00:00+09:00,7229.783283524724,7239.209337349397,7022.410099381903,7041.26220703125,270,0.0,0.0,0.0
2023-02-03 00:00:00+09:00,7229.7828261949135,7229.7828261949135,7041.261761626597,7192.07861328125,27,0.0,0.0,0.0
2023-02-06 00:00:00+09:00,7154.374448939732,7258.06103515625,7050.6878627232145,7258.06103515625,95,0.0,0.0,0.0
2023-02-07 00:00:00+09:00,7295.764920055789,7295.764920055789,7144.948074163163,7286.3388671875,69,0.0,0.0,0.0
2023-02-08 00:00:00+09:00,7314.61728038955,7540.842557102628,7314.61728038955,7531.41650390625,728,0.0,0.0,0.0
2023-02-09 00:00:00+09:00,7521.9910076935275,7531.41706158788,7163.800959708122,7427.73046875,359,0.0,0.0,0.0
2023-02-10 00:00:00+09:00,7418.303890763229,7418.303890763229,7173.226506824419,7192.07861328125,186,0.0,0.0,0.0
2023-02-13 00:00:00+09:00,7663.38146850586,7672.807521972657,7540.8427734375,7540.8427734375,13,0.0,0.0,0.0
2023-02-14 00:00:00+09:00,7870.754366787997,7870.754366787997,7324.043285023083,7465.43408203125,233,0.0,0.0,0.0
2023-02-15 00:00:00+09:00,7521.990360424136,7521.990360424136,7154.374290177844,7229.78271484375,3220,0.0,0.0,0.0
2023-02-16 00:00:00+09:00,7493.712409798426,7493.712409798426,7107.244222626431,7408.8779296875,1448,0.0,0.0,0.0
2023-02-17 00:00:00+09:00,7446.582199408083,7465.4343062420285,7390.02587890625,7390.02587890625,127,0.0,0.0,0.0
2023-02-20 00:00:00+09:00,7437.1559780458865,7446.58203125,7173.226488330696,7446.58203125,769,0.0,0.0,0.0
2023-02-21 00:00:00+09:00,7870.754627330379,7870.754627330379,7163.800618887531,7710.51171875,1028,0.0,0.0,0.0
2023-02-22 00:00:00+09:00,7785.919940208464,7785.919940208464,7286.339120800415,7531.41650390625,1446,0.0,0.0,0.0
2023-02-23 00:00:00+09:00,7512.564136026439,7512.564136026439,7022.409386875404,7286.3388671875,4342,0.0,0.0,0.0
2023-02-24 00:00:00+09:00,7437.156017801036,7437.156017801036,6758.480183476987,6937.5751953125,3287,0.0,0.0,0.0
2023-02-27 00:00:00+09:00,6928.149253970287,7248.635069800204,6739.62818583504,6899.87109375,1983,0.0,0.0,0.0
2023-02-28 00:00:00+09:00,7342.895611821389,7390.02587890625,6833.888727304887,7390.02587890625,3885,0.0,0.0,0.0
2023-03-02 00:00:00+09:00,7371.173668240209,8464.595849206788,7069.53996314598,8002.71923828125,233,0.0,0.0,0.0
2023-03-03 00:00:00+09:00,8021.571664268093,8059.27587890625,7258.061317845395,8059.27587890625,3087,0.0,0.0,0.0
2023-03-06 00:00:00+09:00,8247.79694168656,8247.79694168656,7267.487362331814,8144.1103515625,3907,0.0,0.0,0.0
2023-03-07 00:00:00+09:00,8238.37079273897,8238.37079273897,8012.1455078125,8012.1455078125,98,0.0,0.0,0.0
2023-03-08 00:00:00+09:00,8200.666810116525,8360.909724796964,8012.145734021893,8342.0576171875,2373,0.0,0.0,0.0
2023-03-09 00:00:00+09:00,8360.909517857142,8360.909517857142,8191.240553571428,8247.796875,113,0.0,0.0,0.0
2023-03-10 00:00:00+09:00,8342.056861103192,8342.056861103192,7644.52894277366,8266.6484375,35,0.0,0.0,0.0
2023-03-13 00:00:00+09:00,8360.90967909133,8360.90967909133,8266.649141559297,8276.0751953125,36,0.0,0.0,0.0
2023-03-14 00:00:00+09:00,8342.057073307145,8360.9091796875,8238.37048821519,8360.9091796875,233,0.0,0.0,0.0
2023-03-15 00:00:00+09:00,8342.057381663602,8342.057381663602,7691.6596875,8012.1455078125,1670,0.0,0.0,0.0
2023-03-16 00:00:00+09:00,8294.926544540229,8294.926544540229,8012.14495779454,8200.666015625,873,0.0,0.0,0.0
2023-03-17 00:00:00+09:00,8342.057438151041,8483.4482421875,7729.3639539930555,8483.4482421875,3807,0.0,0.0,0.0
2023-03-20 00:00:00+09:00,8587.134542471436,8898.194300870511,8153.536091369695,8662.54296875,409,0.0,0.0,0.0
2023-03-21 00:00:00+09:00,8888.768736740638,9039.585597597319,8294.927347117457,8747.3779296875,5519,0.0,0.0,0.0
2023-03-22 00:00:00+09:00,9001.881265926771,9001.881265926771,8492.874367120441,8785.08203125,2502,0.0,0.0,0.0
2023-03-23 00:00:00+09:00,8954.750620579434,8954.750620579434,8483.447956338412,8662.54296875,936,0.0,0.0,0.0
2023-03-24 00:00:00+09:00,8983.029158563573,8983.029158563573,8294.927239806868,8785.08203125,737,0.0,0.0,0.0
2023-03-27 00:00:00+09:00,8785.081775102459,8841.638095543032,8483.448066086065,8624.8388671875,291,0.0,0.0,0.0
2023-03-28 00:00:00+09:00,8926.472135780377,8926.472135780377,8342.056853395601,8436.3173828125,812,0.0,0.0,0.0
2023-03-29 00:00:00+09:00,8417.466366135312,8417.466366135312,8332.63187868266,8398.6142578125,59,0.0,0.0,0.0
2023-03-30 00:00:00+09:00,8832.21207626742,8832.21207626742,8200.666495573805,8285.5009765625,968,0.0,0.0,0.0
2023-03-31 00:00:00+09:00,8747.377953296704,8747.377953296704,8210.092885044642,8577.708984375,3107,0.0,0.0,0.0
2023-04-03 00:00:00+09:00,8728.525713141025,9190.40234375,8728.525713141025,9190.40234375,1437,0.0,0.0,0.0
2023-04-04 00:00:00+09:00,9143.270941840277,9143.270941840277,8671.968315972223,8992.4541015625,368,0.0,0.0,0.0
2023-04-05 00:00:00+09:00,8992.454833718715,8992.454833718715,8332.631103781285,8662.54296875,5885,0.0,0.0,0.0
2023-04-06 00:00:00+09:00,8653.116487937987,8653.116487937987,8200.665952620968,8474.021484375,830,0.0,0.0,0.0
2023-04-07 00:00:00+09:00,8549.43040730337,8549.43040730337,8389.1875,8389.1875,204,0.0,0.0,0.0
2023-04-10 00:00:00+09:00,8558.85607105447,8558.85607105447,8294.92658868715,8436.3173828125,689,0.0,0.0,0.0
2023-04-11 00:00:00+09:00,8474.022160714285,8483.448214285714,8106.406071428571,8247.796875,1725,0.0,0.0,0.0
2023-04-12 00:00:00+09:00,8379.761298457279,8379.761298457279,8021.57127670095,8191.240234375,1345,0.0,0.0,0.0
2023-04-13 00:00:00+09:00,8474.022721577892,8474.022721577892,8219.519258304697,8228.9453125,122,0.0,0.0,0.0
2023-04-14 00:00:00+09:00,8474.021830498417,8474.021830498417,8106.405755537975,8191.240234375,1934,0.0,0.0,0.0
2023-04-17 00:00:00+09:00,8445.743951612903,8445.743951612903,8012.145489811348,8181.814453125,944,0.0,0.0,0.0
2023-04-18 00:00:00+09:00,8417.465886745322,8417.465886745322,8181.814546130952,8313.779296875,67,0.0,0.0,0.0
2023-04-19 00:00:00+09:00,8426.89186351103,8426.89186351103,7776.494169347427,8012.1455078125,7641,0.0,0.0,0.0
2023-04-20 00:00:00+09:00,8379.761031217564,8379.761031217564,7946.16259765625,7946.16259765625,505,0.0,0.0,0.0
2023-04-21 00:00:00+09:00,8276.075334495474,8276.075334495474,7965.015555408513,8068.7021484375,1676,0.0,0.0,0.0
2023-04-24 00:00:00+09:00,8172.388522820724,8172.388522820724,8012.1456106085525,8059.27587890625,789,0.0,0.0,0.0
2023-04-25 00:00:00+09:00,8172.387863803918,8172.387863803918,7917.884435519366,8030.9970703125,912,0.0,0.0,0.0
2023-04-26 00:00:00+09:00,8059.275401125672,8059.275401125672,7776.493808103719,7889.6064453125,4128,0.0,0.0,0.0
2023-04-27 00:00:00+09:00,8012.145469171537,8012.145469171537,7729.363864377247,7861.32861328125,4915,0.0,0.0,0.0
2023-04-28 00:00:00+09:00,8276.074686932507,8276.074686932507,7785.919921875,7785.919921875,35,0.0,0.0,0.0
2023-05-02 00:00:00+09:00,8285.501139519014,8285.501139519014,7738.790029061559,7823.62451171875,1033,0.0,0.0,0.0
2023-05-03 00:00:00+09:00,8106.406110324791,8257.2229681913,7823.624501825089,7908.458984375,1901,0.0,0.0,0.0
2023-05-04 00:00:00+09:00,8191.240311104911,8191.240311104911,7823.624232700893,7917.884765625,990,0.0,0.0,0.0
2023-05-08 00:00:00+09:00,8068.7019429669035,8068.7019429669035,7804.772440159575,7974.44140625,932,0.0,0.0,0.0
2023-05-09 00:00:00+09:00,8266.648737444197,8266.648737444197,7767.067912946429,7917.884765625,3870,0.0,0.0,0.0
2023-05-10 00:00:00+09:00,7767.068189947289,7880.180833490211,7719.937921804405,7823.62451171875,3253,0.0,0.0,0.0
2023-05-11 00:00:00+09:00,7908.458783703315,7908.458783703315,7729.36376953125,7729.36376953125,1141,0.0,0.0,0.0
2023-05-12 00:00:00+09:00,7729.363664685582,7729.363664685582,7682.2333984375,7682.2333984375,531,0.0,0.0,0.0
2023-05-15 00:00:00+09:00,8012.145262174079,8012.145262174079,7540.842599693251,7682.2333984375,225,0.0,0.0,0.0
2023-05-16 00:00:00+09:00,8087.55390625,8087.55390625,7635.103338068182,7776.494140625,324,0.0,0.0,0.0
2023-05-17 00:00:00+09:00,8266.64858639564,8266.64858639564,7635.10302734375,7635.10302734375,1327,0.0,0.0,0.0
2023-05-18 00:00:00+09:00,8012.145152150849,8012.145152150849,7635.10302734375,7635.10302734375,908,0.0,0.0,0.0
2023-05-19 00:00:00+09:00,8087.553565868433,8087.553565868433,7804.77197265625,7804.77197265625,121,0.0,0.0,0.0
2023-05-22 00:00:00+09:00,7767.067755002987,7899.032498413232,7767.067755002987,7889.6064453125,103,0.0,0.0,0.0
2023-05-23 00:00:00+09:00,8238.370651915015,8238.370651915015,7635.103235756478,7729.36376953125,557,0.0,0.0,0.0
2023-05-24 00:00:00+09:00,7578.546599067107,7719.937393825822,7578.546599067107,7672.80712890625,647,0.0,0.0,0.0
2023-05-25 00:00:00+09:00,7663.381186704282,7983.8669927903165,7625.676974223572,7635.10302734375,612,0.0,0.0,0.0
2023-05-26 00:00:00+09:00,7719.9375,7719.9375,7719.9375,7719.9375,1,0.0,0.0,0.0
2023-05-30 00:00:00+09:00,8313.779521104532,8313.779521104532,7512.56494140625,7512.56494140625,2165,0.0,0.0,0.0
2023-05-31 00:00:00+09:00,7521.99065807517,7635.1032995499845,7512.564604618936,7625.67724609375,4255,0.0,0.0,0.0
2023-06-01 00:00:00+09:00,7540.842811734069,7710.5117749980855,7456.00833010206,7691.65966796875,359,0.0,0.0,0.0
2023-06-02 00:00:00+09:00,8087.553739450274,8087.553739450274,7540.842647506083,7748.2158203125,5007,0.0,0.0,0.0
2023-06-05 00:00:00+09:00,8087.554039884869,8087.554039884869,8059.27587890625,8059.27587890625,5,0.0,0.0,0.0
2023-06-07 00:00:00+09:00,7917.885074013158,8266.649059416119,7917.885074013158,8059.27587890625,1209,0.0,0.0,0.0
2023-06-08 00:00:00+09:00,8238.370860957986,8238.370860957986,7823.624501825089,7908.458984375,1222,0.0,0.0,0.0
2023-06-09 00:00:00+09:00,8068.701776825221,8266.648899854812,7399.451979915652,7456.00830078125,5590,0.0,0.0,0.0
2023-06-12 00:00:00+09:00,7795.345981032933,7795.345981032933,7474.860172864711,7701.08544921875,505,0.0,0.0,0.0
2023-06-13 00:00:00+09:00,7899.032796324552,7899.032796324552,7616.2511926375155,7625.67724609375,2442,0.0,0.0,0.0
2023-06-14 00:00:00+09:00,7625.677127290526,8021.571366284596,7625.677127290526,7748.2158203125,256,0.0,0.0,0.0
2023-06-15 00:00:00+09:00,8040.423294924209,8049.849348024941,7635.103011592742,7889.6064453125,1262,0.0,0.0,0.0
2023-06-16 00:00:00+09:00,7616.251322258641,7917.885037991657,7550.268946942044,7908.458984375,3147,0.0,0.0,0.0
2023-06-19 00:00:00+09:00,8059.275614300472,8059.275614300472,7823.6242805489965,7983.8671875,23,0.0,0.0,0.0
2023-06-20 00:00:00+09:00,8294.927302818907,8294.927302818907,8276.0751953125,8276.0751953125,3,0.0,0.0,0.0
2023-06-21 00:00:00+09:00,8351.483047248357,8351.483047248357,7653.955117794206,7889.6064453125,821,0.0,0.0,0.0
2023-06-22 00:00:00+09:00,7861.32861328125,7861.32861328125,7861.32861328125,7861.32861328125,11,0.0,0.0,0.0
2023-06-23 00:00:00+09:00,7851.90234375,7851.90234375,7851.90234375,7851.90234375,4,0.0,0.0,0.0
2023-06-26 00:00:00+09:00,8096.979778180804,8096.979778180804,7908.458712332589,7917.884765625,114,0.0,0.0,0.0
2023-06-27 00:00:00+09:00,7729.363864377247,7861.32861328125,7729.363864377247,7861.32861328125,4202,0.0,0.0,0.0
2023-06-28 00:00:00+09:00,7804.77197265625,7804.77197265625,7682.233282264304,7804.77197265625,4048,0.0,0.0,0.0
2023-06-29 00:00:00+09:00,7691.659378702607,7955.5888671875,7682.233325542432,7955.5888671875,103,0.0,0.0,0.0
2023-06-30 00:00:00+09:00,7823.624122945053,7955.5888671875,7823.624122945053,7955.5888671875,501,0.0,0.0,0.0
2023-07-03 00:00:00+09:00,7955.589223531322,8162.96240234375,7946.163169948939,8162.96240234375,1139,0.0,0.0,0.0
2023-07-04 00:00:00+09:00,8285.500887514248,9378.923075172555,8285.500887514248,9303.5146484375,16447,0.0,0.0,0.0
2023-07-05 00:00:00+09:00,8766.230310730178,9237.533015608144,8671.969769754585,8737.9521484375,1088,0.0,0.0,0.0
2023-07-06 00:00:00+09:00,8492.873783688823,8973.602488425926,8492.873783688823,8907.6201171875,70,0.0,0.0,0.0
2023-07-07 00:00:00+09:00,8907.620199836443,8907.620199836443,8294.92674693764,8464.595703125,2344,0.0,0.0,0.0
2023-07-10 00:00:00+09:00,8304.352922552796,8304.352922552796,8247.79660298944,8257.22265625,682,0.0,0.0,0.0
2023-07-11 00:00:00+09:00,8455.169952591174,8690.8212890625,8455.169952591174,8690.8212890625,332,0.0,0.0,0.0
2023-07-12 00:00:00+09:00,8323.205220720409,8521.15234375,8200.666525511615,8521.15234375,2284,0.0,0.0,0.0
2023-07-13 00:00:00+09:00,8521.152456597221,8521.152456597221,8294.927170138888,8483.4482421875,1756,0.0,0.0,0.0
2023-07-14 00:00:00+09:00,8483.447832076567,8483.447832076567,8115.831759353248,8125.2578125,1157,0.0,0.0,0.0
2023-07-17 00:00:00+09:00,8313.778586450222,8474.021484375,8313.778586450222,8474.021484375,850,0.0,0.0,0.0
2023-07-18 00:00:00+09:00,8521.152548892233,8615.4130859375,8436.318065551492,8615.4130859375,1907,0.0,0.0,0.0
2023-07-19 00:00:00+09:00,8605.987032232973,8615.4130859375,8605.987032232973,8615.4130859375,270,0.0,0.0,0.0
2023-07-20 00:00:00+09:00,8605.986550414365,8605.986550414365,8483.447859116022,8530.578125,110,0.0,0.0,0.0
2023-07-21 00:00:00+09:00,8766.229850260417,8766.229850260417,8483.4482421875,8483.4482421875,2187,0.0,0.0,0.0
2023-07-24 00:00:00+09:00,8483.447602370688,8483.447602370688,7767.067582614942,8200.666015625,4818,0.0,0.0,0.0
2023-07-25 00:00:00+09:00,7965.0152401194855,8021.571561351103,7776.494169347427,8012.1455078125,4041,0.0,0.0,0.0
2023-07-26 00:00:00+09:00,7927.310818917411,8012.145298549107,7917.884765625,7917.884765625,1229,0.0,0.0,0.0
2023-07-27 00:00:00+09:00,7917.885355029586,7965.015625,7917.885355029586,7965.015625,774,0.0,0.0,0.0
2023-07-28 00:00:00+09:00,8408.038899922665,8408.038899922665,8351.482584452333,8379.7607421875,713,0.0,0.0,0.0
2023-07-31 00:00:00+09:00,8474.02175624652,8474.02175624652,8436.31754376044,8464.595703125,25,0.0,0.0,0.0
2023-08-01 00:00:00+09:00,7965.014963549237,8106.40576171875,7785.91995253452,8106.40576171875,2572,0.0,0.0,0.0
2023-08-02 00:00:00+09:00,8068.701268651464,8426.891278241132,8059.275215767525,8370.3349609375,1045,0.0,0.0,0.0
2023-08-03 00:00:00+09:00,8370.3349609375,8370.3349609375,8370.3349609375,8370.3349609375,0,0.0,0.0,0.0
2023-08-04 00:00:00+09:00,8106.406033996654,8106.406033996654,8096.97998046875,8096.97998046875,3,0.0,0.0,0.0
2023-08-07 00:00:00+09:00,8096.979764213651,8096.979764213651,8087.5537109375,8087.5537109375,139,0.0,0.0,0.0
2023-08-08 00:00:00+09:00,8096.980093544408,8106.4061472039475,7908.459020353619,8059.27587890625,285,0.0,0.0,0.0
2023-08-09 00:00:00+09:00,8096.979517663043,8096.979517663043,7550.268444293478,7587.97265625,2373,0.0,0.0,0.0
2023-08-10 00:00:00+09:00,7917.884609941123,8059.2754065472145,7804.77197265625,7804.77197265625,1147,0.0,0.0,0.0
2023-08-11 00:00:00+09:00,7823.6239099106615,8049.849179594825,7785.919698296634,7946.16259765625,2059,0.0,0.0,0.0
2023-08-14 00:00:00+09:00,7729.36354260006,7936.736710816159,7729.36354260006,7889.6064453125,1986,0.0,0.0,0.0
2023-08-16 00:00:00+09:00,8012.145320427814,8012.145320427814,7446.582121338792,7663.38134765625,2538,0.0,0.0,0.0
2023-08-17 00:00:00+09:00,7474.860546995266,7653.95556640625,7446.582386035637,7653.95556640625,1375,0.0,0.0,0.0
2023-08-18 00:00:00+09:00,7644.529328414697,7880.1806640625,7635.103274988785,7880.1806640625,562,0.0,0.0,0.0
2023-08-21 00:00:00+09:00,7880.180623570884,7880.180623570884,7729.36376953125,7729.36376953125,3569,0.0,0.0,0.0
2023-08-22 00:00:00+09:00,7729.363817355654,7795.34619140625,7540.842748639662,7795.34619140625,92,0.0,0.0,0.0
2023-08-23 00:00:00+09:00,7946.163038043885,7946.163038043885,7635.103274988785,7880.1806640625,639,0.0,0.0,0.0
2023-08-24 00:00:00+09:00,7908.45920431599,7908.45920431599,7512.56494140625,7512.56494140625,1200,0.0,0.0,0.0
2023-08-25 00:00:00+09:00,7512.564761608105,7653.95556640625,7512.564761608105,7653.95556640625,602,0.0,0.0,0.0
2023-08-28 00:00:00+09:00,7653.955576743462,7691.659791407223,7569.12109375,7569.12109375,4056,0.0,0.0,0.0
2023-08-29 00:00:00+09:00,7569.120710618426,7719.9375616394655,7503.138338296721,7616.2509765625,492,0.0,0.0,0.0
2023-08-30 00:00:00+09:00,7616.251106847698,7983.8671875,7587.97294679752,7983.8671875,3992,0.0,0.0,0.0
2023-08-31 00:00:00+09:00,7983.867138671875,8012.145298549107,7635.103166852678,7917.884765625,4104,0.0,0.0,0.0
2023-09-01 00:00:00+09:00,7917.884654546801,8106.405717750296,7917.884654546801,7955.5888671875,9,0.0,0.0,0.0
2023-09-04 00:00:00+09:00,7955.5888671875,7955.5888671875,7955.5888671875,7955.5888671875,2,0.0,0.0,0.0
2023-09-05 00:00:00+09:00,7927.310825976798,7927.310825976798,7635.10317365185,7833.05029296875,1109,0.0,0.0,0.0
2023-09-06 00:00:00+09:00,7851.902399570359,7851.902399570359,7587.972907147826,7833.05029296875,1441,0.0,0.0,0.0
2023-09-07 00:00:00+09:00,7833.050181862836,7870.75439453125,7635.103065353667,7870.75439453125,1120,0.0,0.0,0.0
2023-09-08 00:00:00+09:00,7870.754760166384,8096.980046686136,7550.268937596735,7993.29345703125,1474,0.0,0.0,0.0
2023-09-11 00:00:00+09:00,7795.346199763141,7795.346199763141,7710.51171875,7710.51171875,4,0.0,0.0,0.0
2023-09-12 00:00:00+09:00,7691.659239130435,7691.659239130435,7587.97265625,7587.97265625,2119,0.0,0.0,0.0
2023-09-13 00:00:00+09:00,7456.008060778602,7814.198081397549,7446.582007604419,7785.919921875,383,0.0,0.0,0.0
2023-09-14 00:00:00+09:00,7785.920040792205,7785.920040792205,7663.38134765625,7663.38134765625,12,0.0,0.0,0.0
2023-09-15 00:00:00+09:00,7663.381620059459,7663.381620059459,7653.95556640625,7653.95556640625,26,0.0,0.0,0.0
2023-09-18 00:00:00+09:00,7644.529353006219,7644.529353006219,7625.67724609375,7625.67724609375,78,0.0,0.0,0.0
2023-09-19 00:00:00+09:00,7625.67724609375,7625.67724609375,7625.67724609375,7625.67724609375,28,0.0,0.0,0.0
2023-09-20 00:00:00+09:00,7625.67724609375,7625.67724609375,7625.67724609375,7625.67724609375,0,0.0,0.0,0.0
2023-09-21 00:00:00+09:00,7814.197919435374,7814.197919435374,7493.712118155757,7757.6416015625,2116,0.0,0.0,0.0
2023-09-22 00:00:00+09:00,7559.6946456946125,7785.919921875,7559.6946456946125,7785.919921875,6,0.0,0.0,0.0
2023-09-25 00:00:00+09:00,7804.77197265625,7804.77197265625,7804.77197265625,7804.77197265625,1,0.0,0.0,0.0
2023-09-26 00:00:00+09:00,7597.39902224657,7729.36376953125,7531.4166486042295,7729.36376953125,2820,0.0,0.0,0.0
2023-09-27 00:00:00+09:00,7795.345813477749,7795.345813477749,7757.6416015625,7757.6416015625,2,0.0,0.0,0.0
2023-10-04 00:00:00+09:00,7587.97282931171,7587.97282931171,7446.58203125,7446.58203125,513,0.0,0.0,0.0
2023-10-05 00:00:00+09:00,7804.772301136364,7804.772301136364,7776.494140625,7776.494140625,2,0.0,0.0,0.0
2023-10-06 00:00:00+09:00,7521.990649831907,7710.51171875,7493.712489494193,7710.51171875,8,0.0,0.0,0.0
2023-10-10 00:00:00+09:00,7701.0852878579935,7701.0852878579935,7672.80712890625,7672.80712890625,3,0.0,0.0,0.0
2023-10-11 00:00:00+09:00,7672.80712890625,7672.80712890625,7672.80712890625,7672.80712890625,1,0.0,0.0,0.0
2023-10-12 00:00:00+09:00,7814.198099797599,7814.198099797599,7531.41650390625,7531.41650390625,13,0.0,0.0,0.0
2023-10-13 00:00:00+09:00,7635.10302734375,7635.10302734375,7503.138283661266,7635.10302734375,117,0.0,0.0,0.0
2023-10-16 00:00:00+09:00,7531.41650390625,7531.41650390625,7531.41650390625,7531.41650390625,8,0.0,0.0,0.0
2023-10-17 00:00:00+09:00,7531.41650390625,7531.41650390625,7531.41650390625,7531.41650390625,5,0.0,0.0,0.0
2023-10-18 00:00:00+09:00,7540.8427734375,7540.8427734375,7540.8427734375,7540.8427734375,92,0.0,0.0,0.0
2023-10-19 00:00:00+09:00,7540.8427734375,7540.8427734375,7493.712506103516,7540.8427734375,35,0.0,0.0,0.0
2023-10-20 00:00:00+09:00,7521.99071358039,7606.8251953125,7474.86044595144,7606.8251953125,14,0.0,0.0,0.0
2023-10-23 00:00:00+09:00,7606.8249357199375,7606.8249357199375,7446.58203125,7446.58203125,24,0.0,0.0,0.0
2023-10-24 00:00:00+09:00,7493.712580754207,7493.712580754207,7352.32177734375,7352.32177734375,19,0.0,0.0,0.0
2023-10-25 00:00:00+09:00,7635.103308105469,7635.103308105469,7540.8427734375,7540.8427734375,15,0.0,0.0,0.0
2023-10-26 00:00:00+09:00,7682.233461598258,7682.233461598258,7578.546875,7578.546875,28,0.0,0.0,0.0
2023-10-27 00:00:00+09:00,7578.546875,7578.546875,7578.546875,7578.546875,3,0.0,0.0,0.0
2023-10-30 00:00:00+09:00,7635.10302734375,7635.10302734375,7635.10302734375,7635.10302734375,1,0.0,0.0,0.0
2023-10-31 00:00:00+09:00,7625.67730236408,7625.67730236408,7446.58228537407,7606.8251953125,4,0.0,0.0,0.0
2023-11-01 00:00:00+09:00,7597.398882515823,7597.398882515823,7446.58203125,7446.58203125,17,0.0,0.0,0.0
2023-11-02 00:00:00+09:00,7446.58176921425,7446.58176921425,7069.5396543173265,7201.50439453125,2047,0.0,0.0,0.0
2023-11-03 00:00:00+09:00,7201.50439453125,7210.930447403673,7201.50439453125,7201.50439453125,13,0.0,0.0,0.0
2023-11-06 00:00:00+09:00,7088.392009493671,7446.58203125,7088.392009493671,7446.58203125,504,0.0,0.0,0.0
2023-11-07 00:00:00+09:00,7446.582013320456,7701.08544921875,7446.582013320456,7701.08544921875,103,0.0,0.0,0.0
2023-11-08 00:00:00+09:00,7701.08544921875,7701.08544921875,7701.08544921875,7701.08544921875,1,0.0,0.0,0.0
2023-11-09 00:00:00+09:00,7701.08544921875,7701.08544921875,7701.08544921875,7701.08544921875,1,0.0,0.0,0.0
2023-11-10 00:00:00+09:00,7691.65966796875,7691.65966796875,7691.65966796875,7691.65966796875,5,0.0,0.0,0.0
2023-11-13 00:00:00+09:00,7182.652608816964,7418.303941127232,7069.539969308035,7258.06103515625,2380,0.0,0.0,0.0
2023-11-14 00:00:00+09:00,7258.06103515625,7540.842633928572,7258.06103515625,7258.06103515625,1060,0.0,0.0,0.0
2023-11-15 00:00:00+09:00,7531.41650390625,7531.41650390625,7531.41650390625,7531.41650390625,1,0.0,0.0,0.0
2023-11-16 00:00:00+09:00,7521.990562352595,7521.990562352595,7286.339228945559,7493.71240234375,234,0.0,0.0,0.0
2023-11-17 00:00:00+09:00,7446.582037502,7446.582037502,7361.74755859375,7361.74755859375,2,0.0,0.0,0.0
2023-11-20 00:00:00+09:00,7361.74755859375,7361.74755859375,7361.74755859375,7361.74755859375,1,0.0,0.0,0.0
2023-11-21 00:00:00+09:00,7258.061123206967,7521.990618596311,7258.061123206967,7474.8603515625,199,0.0,0.0,0.0
2023-11-22 00:00:00+09:00,7474.860042531866,7474.860042531866,7163.80029296875,7163.80029296875,1250,0.0,0.0,0.0
2023-11-23 00:00:00+09:00,7163.80029296875,7248.634770122327,7163.80029296875,7163.80029296875,311,0.0,0.0,0.0
2023-11-24 00:00:00+09:00,7446.58203125,7635.103095332279,7352.3214992088615,7446.58203125,2141,0.0,0.0,0.0
2023-11-27 00:00:00+09:00,7465.434329156479,7719.9377721959045,7446.582222264669,7710.51171875,1634,0.0,0.0,0.0
2023-11-28 00:00:00+09:00,7710.511502400169,7729.363608763006,7701.08544921875,7701.08544921875,263,0.0,0.0,0.0
2023-11-29 00:00:00+09:00,7682.233447146822,7748.2158203125,7456.008167721639,7748.2158203125,18,0.0,0.0,0.0
2023-11-30 00:00:00+09:00,7917.884758723499,8002.71923828125,7917.884758723499,8002.71923828125,12,0.0,0.0,0.0
2023-12-01 00:00:00+09:00,7993.293503289474,8181.814576480263,7965.015342310856,8059.27587890625,1120,0.0,0.0,0.0
2023-12-04 00:00:00+09:00,8181.814471507353,8181.814471507353,8012.1455078125,8012.1455078125,9269,0.0,0.0,0.0
2023-12-05 00:00:00+09:00,8115.832078503024,8181.814453125,8115.832078503024,8181.814453125,1283,0.0,0.0,0.0
2023-12-06 00:00:00+09:00,7635.103464226974,8360.909596011514,7635.103464226974,8059.27587890625,5957,0.0,0.0,0.0
2023-12-07 00:00:00+09:00,8059.275958988824,8276.0751953125,8059.275958988824,8276.0751953125,15,0.0,0.0,0.0
2023-12-08 00:00:00+09:00,8276.07474963297,8426.8916015625,8276.07474963297,8426.8916015625,26,0.0,0.0,0.0
2023-12-11 00:00:00+09:00,8426.891873862682,8426.891873862682,8417.4658203125,8417.4658203125,2,0.0,0.0,0.0
2023-12-12 00:00:00+09:00,8398.613985207048,8408.0400390625,8398.613985207048,8408.0400390625,2,0.0,0.0,0.0
2023-12-13 00:00:00+09:00,8408.039606741573,8408.039606741573,8389.1875,8389.1875,3,0.0,0.0,0.0
2023-12-14 00:00:00+09:00,8370.3349609375,8370.3349609375,8370.3349609375,8370.3349609375,201,0.0,0.0,0.0
2023-12-15 00:00:00+09:00,8370.334689609112,8379.7607421875,7917.884165846456,8379.7607421875,16475,0.0,0.0,0.0
2023-12-18 00:00:00+09:00,8389.1875,8389.1875,8332.63117977528,8389.1875,732,0.0,0.0,0.0
2023-12-19 00:00:00+09:00,8389.187725871598,8389.187725871598,8021.57163451318,8313.779296875,203,0.0,0.0,0.0
2023-12-20 00:00:00+09:00,8313.779136892064,8313.779136892064,8106.405961141923,8285.5009765625,390,0.0,0.0,0.0
2023-12-21 00:00:00+09:00,7842.475999436937,8389.187066705377,7842.475999436937,8370.3349609375,682,0.0,0.0,0.0
2023-12-22 00:00:00+09:00,8115.831857341609,8389.18740189783,8106.4058040810505,8257.22265625,2046,0.0,0.0,0.0
2023-12-26 00:00:00+09:00,8257.222594595547,8360.9091796875,7965.0149457000425,8360.9091796875,684,0.0,0.0,0.0
2023-12-27 00:00:00+09:00,8216.256771734428,8389.839661278114,8196.969784007353,8360.9091796875,1946,200.0,0.0,0.0
2023-12-28 00:00:00+09:00,8331.978931792559,8553.779296875,8331.978931792559,8553.779296875,195,0.0,0.0,0.0
2024-01-02 00:00:00+09:00,8553.779312865498,8553.779312865498,8216.25701754386,8245.1875,300,0.0,0.0,0.0
2024-01-03 00:00:00+09:00,8216.256950431034,8389.83984375,8216.256950431034,8389.83984375,126,0.0,0.0,0.0
2024-01-04 00:00:00+09:00,8389.839850611095,8466.987803260392,8235.5439453125,8235.5439453125,492,0.0,0.0,0.0
2024-01-05 00:00:00+09:00,8447.700256556442,8457.34375,8312.691348346636,8457.34375,3669,0.0,0.0,0.0
2024-01-08 00:00:00+09:00,8457.344606026785,8457.344606026785,8438.0576171875,8438.0576171875,4,0.0,0.0,0.0
2024-01-09 00:00:00+09:00,8438.0576171875,8457.344606026785,8438.0576171875,8438.0576171875,16,0.0,0.0,0.0
2024-01-10 00:00:00+09:00,8457.34375,8457.34375,8457.34375,8457.34375,9,0.0,0.0,0.0
2024-01-11 00:00:00+09:00,8457.34375,8457.34375,8457.34375,8457.34375,1,0.0,0.0,0.0
2024-01-12 00:00:00+09:00,8457.34375,8457.34375,8457.34375,8457.34375,0,0.0,0.0,0.0
2024-01-15 00:00:00+09:00,8457.34375,8457.34375,8457.34375,8457.34375,0,0.0,0.0,0.0
2024-01-16 00:00:00+09:00,8553.779296875,8553.779296875,8553.779296875,8553.779296875,1,0.0,0.0,0.0
2024-01-17 00:00:00+09:00,8563.422983409611,8563.422983409611,8216.257186784896,8428.4140625,802,0.0,0.0,0.0
2024-01-18 00:00:00+09:00,8351.265625,8351.265625,8351.265625,8351.265625,1,0.0,0.0,0.0
2024-01-19 00:00:00+09:00,8322.3349609375,8322.3349609375,8322.3349609375,8322.3349609375,4,0.0,0.0,0.0
2024-01-22 00:00:00+09:00,8322.334776980379,8389.839230559593,8052.316962663518,8293.404296875,950,0.0,0.0,0.0
2024-01-23 00:00:00+09:00,8283.76171875,8283.76171875,8139.109302240979,8283.76171875,27,0.0,0.0,0.0
2024-01-24 00:00:00+09:00,8370.552490234375,8370.552490234375,8100.53466796875,8331.978515625,673,0.0,0.0,0.0
2024-01-25 00:00:00+09:00,8283.76171875,8293.405213183934,8168.039785542783,8283.76171875,337,0.0,0.0,0.0
2024-01-26 00:00:00+09:00,8274.117432207076,8312.69140625,8119.821536035382,8312.69140625,612,0.0,0.0,0.0
2024-01-29 00:00:00+09:00,8322.3349609375,8322.3349609375,8322.3349609375,8322.3349609375,21,0.0,0.0,0.0
2024-01-30 00:00:00+09:00,8322.3349609375,8322.3349609375,8322.3349609375,8322.3349609375,1,0.0,0.0,0.0
2024-01-31 00:00:00+09:00,8071.604370555763,8100.534852170658,8052.3173828125,8052.3173828125,507,0.0,0.0,0.0
2024-02-01 00:00:00+09:00,8187.326232766543,8196.9697265625,7772.6559995404405,8196.9697265625,1311,0.0,0.0,0.0
2024-02-02 00:00:00+09:00,8293.404974819216,8293.404974819216,7907.665208548554,8168.03955078125,1502,0.0,0.0,0.0
2024-02-05 00:00:00+09:00,8158.39599609375,8158.39599609375,8158.39599609375,8158.39599609375,642,0.0,0.0,0.0
2024-02-06 00:00:00+09:00,8158.3956298828125,8274.117553710938,7955.882263183594,8100.53466796875,784,0.0,0.0,0.0
2024-02-07 00:00:00+09:00,8100.53466796875,8100.53466796875,8013.743225097656,8100.53466796875,331,0.0,0.0,0.0
2024-02-08 00:00:00+09:00,8303.0478515625,8303.0478515625,8303.0478515625,8303.0478515625,501,0.0,0.0,0.0
2024-02-13 00:00:00+09:00,8312.692202051805,8312.692202051805,8061.9613467695,8283.76171875,886,0.0,0.0,0.0
2024-02-14 00:00:00+09:00,8100.535028176229,8274.11792163715,8071.604545932743,8235.5439453125,925,0.0,0.0,0.0
2024-02-15 00:00:00+09:00,8100.535035053699,8225.900458215245,8081.248046875,8081.248046875,258,0.0,0.0,0.0
2024-02-16 00:00:00+09:00,8090.891593567251,8245.1875,8071.604605263157,8245.1875,1199,0.0,0.0,0.0
2024-02-19 00:00:00+09:00,8129.465269990808,8196.9697265625,8100.534788602941,8196.9697265625,2342,0.0,0.0,0.0
2024-02-20 00:00:00+09:00,8196.9697265625,8196.9697265625,8196.9697265625,8196.9697265625,1020,0.0,0.0,0.0
2024-02-21 00:00:00+09:00,8235.5439453125,8245.187439393663,8100.535028176229,8235.5439453125,24,0.0,0.0,0.0
2024-02-22 00:00:00+09:00,8235.543336664245,8293.404296875,8235.543336664245,8293.404296875,13,0.0,0.0,0.0
2024-02-23 00:00:00+09:00,8293.404727813613,8293.404727813613,7608.716663075512,8129.46533203125,5055,0.0,0.0,0.0
2024-02-26 00:00:00+09:00,8187.326774410652,8293.405213183934,8168.039785542783,8283.76171875,4310,0.0,0.0,0.0
2024-02-27 00:00:00+09:00,8071.604841203434,8293.405213183934,8071.604841203434,8283.76171875,492,0.0,0.0,0.0
2024-02-28 00:00:00+09:00,8274.117614252167,8380.196045204118,8274.117614252167,8341.6220703125,1187,0.0,0.0,0.0
2024-02-29 00:00:00+09:00,8331.978270348838,8331.978270348838,8110.1779228742735,8293.404296875,538,0.0,0.0,0.0
2024-03-04 00:00:00+09:00,8293.404296875,8293.404296875,8293.404296875,8293.404296875,229,0.0,0.0,0.0
2024-03-05 00:00:00+09:00,8293.404843030783,8380.1962890625,8293.404843030783,8380.1962890625,260,0.0,0.0,0.0
2024-03-06 00:00:00+09:00,8380.196160881882,8669.5009765625,8380.196160881882,8669.5009765625,6607,0.0,0.0,0.0
2024-03-07 00:00:00+09:00,8659.857177188198,8669.500670704,8438.056826324804,8621.283203125,1211,0.0,0.0,0.0
2024-03-08 00:00:00+09:00,8621.283200900483,8621.283200900483,8341.62188901445,8466.9873046875,12,0.0,0.0,0.0
2024-03-11 00:00:00+09:00,8573.06640625,8573.06640625,8573.06640625,8573.06640625,402,0.0,0.0,0.0
2024-03-12 00:00:00+09:00,8544.1357421875,8544.1357421875,8544.1357421875,8544.1357421875,1,0.0,0.0,0.0
2024-03-13 00:00:00+09:00,8544.13591376036,8775.579775984115,8524.848925241713,8727.3623046875,1386,0.0,0.0,0.0
2024-03-14 00:00:00+09:00,8727.361691365513,8727.361691365513,8129.465089305113,8322.3349609375,7554,0.0,0.0,0.0
2024-03-15 00:00:00+09:00,8322.335635881045,8322.335635881045,8274.1181640625,8274.1181640625,225,0.0,0.0,0.0
2024-03-18 00:00:00+09:00,8274.11810366832,8274.11810366832,8129.465689268523,8264.474609375,844,0.0,0.0,0.0
2024-03-19 00:00:00+09:00,8264.474609375,8264.474609375,8264.474609375,8264.474609375,1,0.0,0.0,0.0
2024-03-20 00:00:00+09:00,8148.752438544109,8380.196294786781,8110.1784625036635,8225.900390625,408,0.0,0.0,0.0
2024-03-21 00:00:00+09:00,8100.535091683884,8100.535091683884,7001.1767578125,7001.1767578125,23653,0.0,0.0,0.0
2024-03-22 00:00:00+09:00,6991.5331248748,7599.073244691507,6991.5331248748,7521.92529296875,9353,0.0,0.0,0.0
2024-03-25 00:00:00+09:00,7685.864440917969,7695.5079345703125,7329.05517578125,7329.05517578125,2829,0.0,0.0,0.0
2024-03-26 00:00:00+09:00,7338.698729833794,7512.281617004633,7338.698729833794,7415.8466796875,23,0.0,0.0,0.0
2024-03-27 00:00:00+09:00,7329.05517578125,7329.05517578125,7232.6202392578125,7329.05517578125,650,0.0,0.0,0.0
2024-03-28 00:00:00+09:00,7329.055114665678,7406.203063241107,7039.750307507823,7319.41162109375,1274,0.0,0.0,0.0
2024-03-29 00:00:00+09:00,7406.203305519897,7521.925232168646,7068.681019461048,7512.28173828125,2185,0.0,0.0,0.0
2024-04-01 00:00:00+09:00,7521.925107099144,7898.021362454101,7521.925107099144,7878.734375,876,0.0,0.0,0.0
2024-04-02 00:00:00+09:00,7878.734437090085,7878.734437090085,7811.22998046875,7811.22998046875,213,0.0,0.0,0.0
2024-04-03 00:00:00+09:00,7907.664794921875,7907.664794921875,7869.0908203125,7869.0908203125,20,0.0,0.0,0.0
2024-04-04 00:00:00+09:00,7714.794921875,7714.794921875,7714.794921875,7714.794921875,399,0.0,0.0,0.0
2024-04-05 00:00:00+09:00,7898.02136430584,7898.02136430584,7415.846677840282,7647.29052734375,244,0.0,0.0,0.0
2024-04-08 00:00:00+09:00,7647.290466308594,7647.290466308594,7232.6202392578125,7251.9072265625,451,0.0,0.0,0.0
2024-04-09 00:00:00+09:00,7521.925417877907,7521.925417877907,7329.0555353682175,7464.064453125,6,0.0,0.0,0.0
2024-04-11 00:00:00+09:00,7464.064453125,7464.064453125,7464.064453125,7464.064453125,1,0.0,0.0,0.0
2024-04-12 00:00:00+09:00,7512.281862720327,7512.281862720327,7329.055475824709,7454.4208984375,12,0.0,0.0,0.0
2024-04-15 00:00:00+09:00,7454.420593261719,7454.420593261719,7406.203125,7406.203125,21,0.0,0.0,0.0
2024-04-16 00:00:00+09:00,7367.629523437499,7367.629523437499,7232.62060546875,7232.62060546875,270,0.0,0.0,0.0
2024-04-17 00:00:00+09:00,7618.3603515625,7618.3603515625,7618.3603515625,7618.3603515625,1,0.0,0.0,0.0
2024-04-18 00:00:00+09:00,7521.92529296875,7521.92529296875,7521.92529296875,7521.92529296875,2,0.0,0.0,0.0
2024-04-19 00:00:00+09:00,7521.925112051793,7521.925112051793,7010.819944181607,7261.55078125,1149,0.0,0.0,0.0
2024-04-22 00:00:00+09:00,7329.055542958444,7329.055542958444,7309.7685546875,7309.7685546875,81,0.0,0.0,0.0
2024-04-23 00:00:00+09:00,7300.125060552029,7309.7685546875,7300.125060552029,7309.7685546875,438,0.0,0.0,0.0
2024-04-24 00:00:00+09:00,7309.7685546875,7309.7685546875,7309.7685546875,7309.7685546875,32,0.0,0.0,0.0
2024-04-25 00:00:00+09:00,7280.837825981082,7521.925171212243,7280.837825981082,7502.63818359375,715,0.0,0.0,0.0
2024-04-26 00:00:00+09:00,7492.99462890625,7492.99462890625,7492.99462890625,7492.99462890625,1,0.0,0.0,0.0
2024-04-29 00:00:00+09:00,7521.92529296875,7521.92529296875,7521.92529296875,7521.92529296875,100,0.0,0.0,0.0
2024-04-30 00:00:00+09:00,7705.151490985963,7705.151490985963,7329.055235481017,7492.99462890625,14,0.0,0.0,0.0
2024-05-02 00:00:00+09:00,7521.92529296875,7521.92529296875,7521.92529296875,7521.92529296875,1,0.0,0.0,0.0
2024-05-03 00:00:00+09:00,7521.92529296875,7521.92529296875,7521.92529296875,7521.92529296875,15,0.0,0.0,0.0
2024-05-07 00:00:00+09:00,7492.99462890625,7492.99462890625,7492.99462890625,7492.99462890625,301,0.0,0.0,0.0
2024-05-08 00:00:00+09:00,7705.151678310297,7705.151678310297,7329.055413661859,7521.92529296875,462,0.0,0.0,0.0
2024-05-09 00:00:00+09:00,7512.28173828125,7512.28173828125,7512.28173828125,7512.28173828125,1,0.0,0.0,0.0
2024-05-10 00:00:00+09:00,7512.281677402996,7512.281677402996,7502.63818359375,7502.63818359375,27,0.0,0.0,0.0
2024-05-13 00:00:00+09:00,7502.638122637146,7502.638122637146,7492.99462890625,7492.99462890625,2,0.0,0.0,0.0
2024-05-14 00:00:00+09:00,7705.151678310297,8004.0999912359775,7521.92529296875,7521.92529296875,37,0.0,0.0,0.0
2024-05-16 00:00:00+09:00,7521.925417877907,7521.925417877907,7464.064453125,7464.064453125,4,0.0,0.0,0.0
2024-05-17 00:00:00+09:00,7521.925232168646,7521.925232168646,7232.620415546775,7512.28173828125,24,0.0,0.0,0.0
2024-05-20 00:00:00+09:00,7521.925232168646,7521.925232168646,7512.28173828125,7512.28173828125,3,0.0,0.0,0.0
2024-05-21 00:00:00+09:00,7521.925232168646,7521.925232168646,7232.620415546775,7512.28173828125,34,0.0,0.0,0.0
2024-05-22 00:00:00+09:00,7512.28173828125,7512.28173828125,7512.28173828125,7512.28173828125,1,0.0,0.0,0.0
2024-05-23 00:00:00+09:00,7521.925110098938,7521.925110098938,7492.99462890625,7492.99462890625,155,0.0,0.0,0.0
2024-05-24 00:00:00+09:00,7492.99462890625,7492.99462890625,7492.99462890625,7492.99462890625,1,0.0,0.0,0.0
2024-05-27 00:00:00+09:00,7492.99462890625,7492.99462890625,7492.99462890625,7492.99462890625,0,0.0,0.0,0.0
2024-05-28 00:00:00+09:00,7599.073302835868,7608.716796875,7357.985951857573,7608.716796875,205,0.0,0.0,0.0
2024-05-29 00:00:00+09:00,7599.073057497682,7801.58642578125,7357.9857143029585,7801.58642578125,1607,0.0,0.0,0.0
2024-05-30 00:00:00+09:00,7550.855529785156,7714.794921875,7338.698669433594,7714.794921875,324,0.0,0.0,0.0
2024-05-31 00:00:00+09:00,7444.777512417866,7705.15185546875,7435.134018230796,7705.15185546875,162,0.0,0.0,0.0
2024-06-03 00:00:00+09:00,7705.15185546875,7705.15185546875,7705.15185546875,7705.15185546875,3,0.0,0.0,0.0
2024-06-04 00:00:00+09:00,7329.055528085442,7618.3603515625,7329.055528085442,7618.3603515625,896,0.0,0.0,0.0
2024-06-05 00:00:00+09:00,7618.3602301118335,7618.3602301118335,7406.203362944162,7599.0732421875,119,0.0,0.0,0.0
2024-06-07 00:00:00+09:00,7618.360169155019,7618.360169155019,7377.27282202986,7589.4296875,440,0.0,0.0,0.0
2024-06-10 00:00:00+09:00,7502.63818359375,7502.63818359375,7502.63818359375,7502.63818359375,10,0.0,0.0,0.0
2024-06-11 00:00:00+09:00,7589.429876756299,7589.429876756299,7464.064453125,7464.064453125,116,0.0,0.0,0.0
2024-06-12 00:00:00+09:00,7290.481377064803,7589.4296875,7232.620413754765,7589.4296875,59,0.0,0.0,0.0
2024-06-13 00:00:00+09:00,7589.42962662015,7589.42962662015,7579.7861328125,7579.7861328125,11,0.0,0.0,0.0
2024-06-14 00:00:00+09:00,7570.142578125,7570.142578125,7570.142578125,7570.142578125,1,0.0,0.0,0.0
2024-06-17 00:00:00+09:00,7560.4990234375,7560.4990234375,7560.4990234375,7560.4990234375,1,0.0,0.0,0.0
2024-06-18 00:00:00+09:00,7599.073181385006,7599.073181385006,7589.4296875,7589.4296875,8,0.0,0.0,0.0
2024-06-19 00:00:00+09:00,7579.786378826327,7579.786378826327,7541.21240234375,7541.21240234375,4,0.0,0.0,0.0
2024-06-20 00:00:00+09:00,7570.142640258475,7570.142640258475,7329.055295027313,7502.63818359375,25,0.0,0.0,0.0
2024-06-21 00:00:00+09:00,7483.351135175354,7492.99462890625,7483.351135175354,7492.99462890625,49,0.0,0.0,0.0
2024-06-24 00:00:00+09:00,7464.064270732004,7464.064270732004,7222.976923486138,7435.1337890625,15,0.0,0.0,0.0
2024-06-25 00:00:00+09:00,7435.133728185877,7435.133728185877,7107.254938616072,7425.490234375,22,0.0,0.0,0.0
2024-06-26 00:00:00+09:00,7377.27294921875,7377.27294921875,7136.185597937092,7377.27294921875,1042,0.0,0.0,0.0
2024-06-27 00:00:00+09:00,7329.055114665678,7329.055114665678,7145.828736799036,7319.41162109375,230,0.0,0.0,0.0
2024-06-28 00:00:00+09:00,7367.6293895232375,7521.92529296875,7319.411919696515,7521.92529296875,832,0.0,0.0,0.0
2024-07-01 00:00:00+09:00,7714.795172275642,7714.795172275642,7232.620474008414,7521.92529296875,184,0.0,0.0,0.0
2024-07-02 00:00:00+09:00,7338.698848308128,7512.28173828125,7232.620415546775,7512.28173828125,497,0.0,0.0,0.0
2024-07-03 00:00:00+09:00,7502.638433471361,7502.638433471361,6943.315773906658,7386.91650390625,217,0.0,0.0,0.0
2024-07-04 00:00:00+09:00,7492.994996219759,7492.994996219759,7464.0645136088715,7473.7080078125,4,0.0,0.0,0.0
2024-07-05 00:00:00+09:00,7242.263972896556,7415.846864390747,7232.620478924656,7367.62939453125,365,0.0,0.0,0.0
2024-07-08 00:00:00+09:00,7251.907345779221,7425.490234375,7251.907345779221,7425.490234375,2,0.0,0.0,0.0
2024-07-09 00:00:00+09:00,7415.846557458035,7415.846557458035,7136.185243847784,7396.5595703125,15,0.0,0.0,0.0
2024-07-10 00:00:00+09:00,7300.125,7300.125,7300.125,7300.125,3,0.0,0.0,0.0
2024-07-11 00:00:00+09:00,7300.125,7319.411988110965,7280.838011889036,7300.125,13,0.0,0.0,0.0
2024-07-12 00:00:00+09:00,7242.264099609375,7242.264099609375,7232.62060546875,7232.62060546875,18,0.0,0.0,0.0
2024-07-15 00:00:00+09:00,7232.62060546875,7232.62060546875,7232.62060546875,7232.62060546875,7,0.0,0.0,0.0
2024-07-16 00:00:00+09:00,7319.412052734375,7319.412052734375,7232.62060546875,7232.62060546875,20,0.0,0.0,0.0
2024-07-17 00:00:00+09:00,7232.620544841037,7232.620544841037,7222.97705078125,7222.97705078125,4,0.0,0.0,0.0
2024-07-18 00:00:00+09:00,7309.7681884765625,7309.7681884765625,7039.7503662109375,7174.75927734375,506,0.0,0.0,0.0
2024-07-19 00:00:00+09:00,7300.124817380222,7300.124817380222,7271.1943359375,7271.1943359375,2,0.0,0.0,0.0
2024-07-22 00:00:00+09:00,7280.837829751741,7280.837829751741,7271.1943359375,7271.1943359375,5,0.0,0.0,0.0
2024-07-23 00:00:00+09:00,7271.1943359375,7271.1943359375,7271.1943359375,7271.1943359375,0,0.0,0.0,0.0
2024-07-24 00:00:00+09:00,7222.97705078125,7222.97705078125,7039.750663645276,7222.97705078125,12,0.0,0.0,0.0
2024-07-25 00:00:00+09:00,7319.41186620447,7319.41186620447,7030.107049358444,7280.837890625,4,0.0,0.0,0.0
2024-07-26 00:00:00+09:00,7232.62060546875,7232.62060546875,7232.62060546875,7232.62060546875,50,0.0,0.0,0.0
2024-07-29 00:00:00+09:00,7222.97705078125,7222.97705078125,7222.97705078125,7222.97705078125,1,0.0,0.0,0.0
2024-07-30 00:00:00+09:00,7049.3940984552555,7280.837953944894,7039.7506044765205,7213.33349609375,156,0.0,0.0,0.0
2024-07-31 00:00:00+09:00,7184.402770996094,7184.402770996094,7039.7503662109375,7174.75927734375,220,0.0,0.0,0.0
2024-08-01 00:00:00+09:00,7165.116028821791,7290.481450591216,7039.750607052365,7136.185546875,1012,0.0,0.0,0.0
2024-08-02 00:00:00+09:00,7136.185546875,7213.333498733108,7039.750607052365,7136.185546875,1146,0.0,0.0,0.0
2024-08-05 00:00:00+09:00,7145.8291543844825,7309.7685546875,7136.185660249011,7309.7685546875,12,0.0,0.0,0.0
2024-08-06 00:00:00+09:00,7309.768433263062,7309.768433263062,7136.185541708002,7290.4814453125,108,0.0,0.0,0.0
2024-08-07 00:00:00+09:00,7329.055594758065,7492.994996219759,7136.185710685484,7473.7080078125,150,0.0,0.0,0.0
2024-08-08 00:00:00+09:00,7502.638429626938,7502.638429626938,7232.620594113372,7464.064453125,59,0.0,0.0,0.0
2024-08-09 00:00:00+09:00,7473.707703429383,7473.707703429383,7425.490234375,7425.490234375,97,0.0,0.0,0.0
2024-08-12 00:00:00+09:00,7473.7080078125,7473.7080078125,7473.7080078125,7473.7080078125,1,0.0,0.0,0.0
2024-08-13 00:00:00+09:00,7492.994689784503,7512.281677402996,7492.994689784503,7502.63818359375,18,0.0,0.0,0.0
2024-08-14 00:00:00+09:00,7512.281555175781,8196.969604492188,7338.698669433594,7869.0908203125,877,0.0,0.0,0.0
2024-08-16 00:00:00+09:00,7849.8039544812045,7888.3779296875,7849.8039544812045,7888.3779296875,751,0.0,0.0,0.0
2024-08-19 00:00:00+09:00,7888.3779296875,7888.3779296875,7888.3779296875,7888.3779296875,0,0.0,0.0,0.0
2024-08-20 00:00:00+09:00,7801.586739764636,7801.586739764636,7560.499386867088,7618.3603515625,301,0.0,0.0,0.0
2024-08-21 00:00:00+09:00,7898.021484375,7898.021484375,7898.021484375,7898.021484375,1,0.0,0.0,0.0
2024-08-22 00:00:00+09:00,7705.15185546875,7705.15185546875,7705.15185546875,7705.15185546875,1,0.0,0.0,0.0
2024-08-23 00:00:00+09:00,7878.734375,7878.734375,7878.734375,7878.734375,1,0.0,0.0,0.0
2024-08-26 00:00:00+09:00,7531.568542480469,7714.794921875,7531.568542480469,7714.794921875,23,0.0,0.0,0.0
2024-08-27 00:00:00+09:00,7521.92546177974,7849.804263959882,7097.611717781908,7782.2998046875,180,0.0,0.0,0.0
2024-08-28 00:00:00+09:00,7531.568542480469,7714.794921875,7531.568542480469,7714.794921875,18,0.0,0.0,0.0
2024-08-29 00:00:00+09:00,7820.87353515625,7820.87353515625,7570.1426943251,7820.87353515625,22,0.0,0.0,0.0
2024-08-30 00:00:00+09:00,7830.51708984375,7830.51708984375,7830.51708984375,7830.51708984375,1,0.0,0.0,0.0
2024-09-02 00:00:00+09:00,7830.51708984375,7830.51708984375,7830.51708984375,7830.51708984375,0,0.0,0.0,0.0
2024-09-03 00:00:00+09:00,7849.804259729678,7859.44775390625,7849.804259729678,7859.44775390625,332,0.0,0.0,0.0
2024-09-04 00:00:00+09:00,7840.160705116516,7849.80419921875,7840.160705116516,7849.80419921875,13,0.0,0.0,0.0
2024-09-05 00:00:00+09:00,7840.160705116516,7849.80419921875,7840.160705116516,7849.80419921875,15,0.0,0.0,0.0
2024-09-06 00:00:00+09:00,7521.925107675371,7859.4473881479835,7165.11583974718,7801.58642578125,546,0.0,0.0,0.0
2024-09-09 00:00:00+09:00,7329.05517578125,7714.794921875,7184.402770996094,7714.794921875,913,0.0,0.0,0.0
2024-09-10 00:00:00+09:00,7714.795043640897,7743.725525054551,7377.272760481608,7734.08203125,1356,0.0,0.0,0.0
2024-09-11 00:00:00+09:00,7734.082210226399,7859.447632586678,7570.142811755266,7840.16064453125,328,0.0,0.0,0.0
2024-09-12 00:00:00+09:00,7666.577692642588,7830.51708984375,7666.577692642588,7830.51708984375,512,0.0,0.0,0.0
2024-09-13 00:00:00+09:00,7791.943227597892,8100.535038591868,7782.29973350433,8004.10009765625,804,0.0,0.0,0.0
2024-09-19 00:00:00+09:00,7714.795100732601,7898.021484375,7714.795100732601,7898.021484375,1006,0.0,0.0,0.0
2024-09-20 00:00:00+09:00,7531.56860140316,7801.58642578125,7531.56860140316,7801.58642578125,1196,0.0,0.0,0.0
2024-09-23 00:00:00+09:00,7550.855651389552,7666.577577081345,7541.212157581902,7579.7861328125,64,0.0,0.0,0.0
2024-09-24 00:00:00+09:00,7898.021301269531,7898.021301269531,7521.925048828125,7637.64697265625,2146,0.0,0.0,0.0
2024-09-25 00:00:00+09:00,7579.786193614994,7608.716675270013,7521.925230304955,7589.4296875,1051,0.0,0.0,0.0
2024-09-26 00:00:00+09:00,7695.5081843449525,7705.151678310297,6846.880715394632,7521.92529296875,16900,0.0,0.0,0.0
2024-09-27 00:00:00+09:00,7329.055528085442,7618.3603515625,7329.055528085442,7618.3603515625,149,0.0,0.0,0.0
2024-09-30 00:00:00+09:00,7570.142517089844,7570.142517089844,7560.4990234375,7560.4990234375,5,0.0,0.0,0.0
2024-10-02 00:00:00+09:00,7550.85595703125,7550.85595703125,7550.85595703125,7550.85595703125,5,0.0,0.0,0.0
2024-10-04 00:00:00+09:00,7550.855713830833,7550.855713830833,7512.28173828125,7512.28173828125,778,0.0,0.0,0.0
2024-10-07 00:00:00+09:00,7512.28173828125,7512.28173828125,7512.28173828125,7512.28173828125,0,0.0,0.0,0.0
2024-10-08 00:00:00+09:00,7502.63818359375,7502.63818359375,7502.63818359375,7502.63818359375,1,0.0,0.0,0.0
2024-10-10 00:00:00+09:00,7502.63818359375,7502.63818359375,7502.63818359375,7502.63818359375,6,0.0,0.0,0.0
2024-10-11 00:00:00+09:00,7329.055295027313,7502.63818359375,7329.055295027313,7502.63818359375,68,0.0,0.0,0.0
2024-10-14 00:00:00+09:00,7502.63818359375,7502.63818359375,7502.63818359375,7502.63818359375,1,0.0,0.0,0.0
2024-10-15 00:00:00+09:00,7136.185418842384,7502.63818359375,7136.185418842384,7502.63818359375,10,0.0,0.0,0.0
2024-10-16 00:00:00+09:00,7136.185360863095,7492.99462890625,6991.532954899654,7492.99462890625,157,0.0,0.0,0.0
2024-10-17 00:00:00+09:00,7492.994874626052,7521.925356767464,6991.533184174887,7454.4208984375,2527,0.0,0.0,0.0
2024-10-18 00:00:00+09:00,7377.273013635802,7521.925425667876,7010.82023648788,7309.7685546875,3582,0.0,0.0,0.0
2024-10-21 00:00:00+09:00,7329.055354420732,7521.925232168646,7329.055354420732,7512.28173828125,3038,0.0,0.0,0.0
2024-10-22 00:00:00+09:00,7425.4901734192135,7425.4901734192135,7049.393917882396,7415.8466796875,105,0.0,0.0,0.0
2024-10-23 00:00:00+09:00,7386.91650390625,7386.91650390625,7386.91650390625,7386.91650390625,1,0.0,0.0,0.0
2024-10-24 00:00:00+09:00,7386.91644649934,7386.91644649934,7039.750660501982,7300.125,1216,0.0,0.0,0.0
2024-10-25 00:00:00+09:00,7329.05542652027,7454.420848289696,7136.185546875,7136.185546875,38,0.0,0.0,0.0
2024-10-28 00:00:00+09:00,7136.185302734375,7329.05517578125,7136.185302734375,7329.05517578125,31,0.0,0.0,0.0
2024-10-29 00:00:00+09:00,7049.394101034628,7319.411932538007,7039.750607052365,7136.185546875,1235,0.0,0.0,0.0
2024-10-30 00:00:00+09:00,7309.768127521821,7319.41162109375,7309.768127521821,7319.41162109375,2,0.0,0.0,0.0
2024-10-31 00:00:00+09:00,7126.542052892736,7136.185546875,6875.811209353885,7136.185546875,371,0.0,0.0,0.0
2024-11-01 00:00:00+09:00,7136.185546875,7136.185546875,7039.750607052365,7136.185546875,209,0.0,0.0,0.0
2024-11-04 00:00:00+09:00,7319.411744986007,7319.411744986007,6895.098020638992,7107.2548828125,1363,0.0,0.0,0.0
2024-11-05 00:00:00+09:00,7136.185302734375,7464.0640869140625,7136.185302734375,7329.05517578125,201,0.0,0.0,0.0
2024-11-06 00:00:00+09:00,7136.185243227108,7319.41162109375,6952.958865360466,7319.41162109375,301,0.0,0.0,0.0
2024-11-07 00:00:00+09:00,7222.976866866296,7271.1943359375,7222.976866866296,7271.1943359375,14,0.0,0.0,0.0
2024-11-08 00:00:00+09:00,7271.1943359375,7271.1943359375,7271.1943359375,7271.1943359375,1,0.0,0.0,0.0
2024-11-11 00:00:00+09:00,7261.551087890624,7521.9254296875,7232.62060546875,7232.62060546875,1200,0.0,0.0,0.0
2024-11-12 00:00:00+09:00,7136.185425135502,7213.333375677507,6798.663141514228,7116.8984375,1258,0.0,0.0,0.0
2024-11-13 00:00:00+09:00,7136.185243227108,7329.055114665678,7136.185243227108,7319.41162109375,18,0.0,0.0,0.0
2024-11-14 00:00:00+09:00,6991.532956714807,7300.124756183599,6943.315488047809,7261.55078125,665,0.0,0.0,0.0
2024-11-15 00:00:00+09:00,7126.542169921875,7714.795312499999,7126.542169921875,7232.62060546875,2975,0.0,0.0,0.0
2024-11-18 00:00:00+09:00,7521.92529296875,7521.92529296875,7521.92529296875,7521.92529296875,1,0.0,0.0,0.0
2024-11-19 00:00:00+09:00,7136.185476672818,7512.28173828125,7136.185476672818,7512.28173828125,3,0.0,0.0,0.0
2024-11-20 00:00:00+09:00,7136.185656515176,7396.559998036676,6952.959268037083,7386.91650390625,1509,0.0,0.0,0.0
2024-11-21 00:00:00+09:00,7377.27294921875,7377.27294921875,7377.27294921875,7377.27294921875,1,0.0,0.0,0.0
2024-11-22 00:00:00+09:00,7377.27294921875,7377.27294921875,7377.27294921875,7377.27294921875,0,0.0,0.0,0.0
2024-11-25 00:00:00+09:00,7502.638315455798,7502.638315455798,7213.33349609375,7213.33349609375,13,0.0,0.0,0.0
2024-11-26 00:00:00+09:00,6972.24603023374,7174.759400406504,6952.959042598239,7116.8984375,234,0.0,0.0,0.0
2024-11-27 00:00:00+09:00,7136.185302734375,7136.185302734375,6943.3154296875,6943.3154296875,211,0.0,0.0,0.0
2024-11-28 00:00:00+09:00,6943.3154296875,6943.3154296875,6943.3154296875,6943.3154296875,151,0.0,0.0,0.0
2024-11-29 00:00:00+09:00,6846.8804931640625,6943.3154296875,6750.445556640625,6943.3154296875,118,0.0,0.0,0.0
2024-12-02 00:00:00+09:00,6943.3154296875,6943.3154296875,6943.3154296875,6943.3154296875,0,0.0,0.0,0.0
2024-12-03 00:00:00+09:00,6924.02880859375,6924.02880859375,6924.02880859375,6924.02880859375,60,0.0,0.0,0.0
2024-12-04 00:00:00+09:00,6750.445795325593,6904.74169921875,6750.445795325593,6904.74169921875,901,0.0,0.0,0.0
2024-12-05 00:00:00+09:00,6557.575915459148,6904.74169921875,6557.575915459148,6904.74169921875,2,0.0,0.0,0.0
2024-12-06 00:00:00+09:00,6567.21940945247,6904.74169921875,6412.9235055593135,6904.74169921875,334,0.0,0.0,0.0
2024-12-09 00:00:00+09:00,6557.575802516118,6731.15869140625,6171.836049426934,6731.15869140625,834,0.0,0.0,0.0
2024-12-10 00:00:00+09:00,6731.15869140625,6731.15869140625,6731.15869140625,6731.15869140625,0,0.0,0.0,0.0
2024-12-11 00:00:00+09:00,6461.1408064223515,6644.3671875,6374.349362753991,6644.3671875,218,0.0,0.0,0.0
2024-12-12 00:00:00+09:00,6364.7061588166425,6692.5849609375,6171.836275216138,6692.5849609375,1550,0.0,0.0,0.0
2024-12-13 00:00:00+09:00,6364.705751219624,6567.219116031158,6364.705751219624,6547.93212890625,261,0.0,0.0,0.0
2024-12-16 00:00:00+09:00,6547.932561071596,6547.932561071596,6364.706171291978,6461.14111328125,903,0.0,0.0,0.0
2024-12-17 00:00:00+09:00,6451.49755859375,6451.49755859375,6451.49755859375,6451.49755859375,10,0.0,0.0,0.0
2024-12-18 00:00:00+09:00,6451.49755859375,6451.49755859375,6451.49755859375,6451.49755859375,5,0.0,0.0,0.0
2024-12-19 00:00:00+09:00,6364.706180117546,6364.706180117546,6104.331836385464,6306.84521484375,1108,0.0,0.0,0.0
2024-12-20 00:00:00+09:00,6364.706100354092,6364.706100354092,5361.78271484375,5361.78271484375,8750,0.0,0.0,0.0
2024-12-23 00:00:00+09:00,5207.486513305009,5573.939267944991,5014.616642441861,5390.712890625,130,0.0,0.0,0.0
2024-12-24 00:00:00+09:00,5400.3564453125,5786.09619140625,5400.3564453125,5786.09619140625,1611,0.0,0.0,0.0
2024-12-26 00:00:00+09:00,5400.356506238859,5766.8092691622105,5400.356506238859,5410.0,67,0.0,0.0,0.0
2024-12-27 00:00:00+09:00,4770.0,5080.0,4770.0,4945.0,7732,200.0,0.0,0.0
2024-12-30 00:00:00+09:00,4700.0,5200.0,4505.0,5200.0,5763,0.0,0.0,0.0
2025-01-02 00:00:00+09:00,5380.0,5600.0,5380.0,5600.0,1127,0.0,0.0,0.0
2025-01-03 00:00:00+09:00,5790.0,5790.0,5790.0,5790.0,4,0.0,0.0,0.0
2025-01-06 00:00:00+09:00,5780.0,5780.0,5400.0,5770.0,5,0.0,0.0,0.0
2025-01-07 00:00:00+09:00,5400.0,5800.0,5100.0,5750.0,1366,0.0,0.0,0.0
2025-01-08 00:00:00+09:00,5970.0,5970.0,5840.0,5840.0,216,0.0,0.0,0.0
2025-01-09 00:00:00+09:00,5700.0,5700.0,5310.0,5600.0,1338,0.0,0.0,0.0
2025-01-10 00:00:00+09:00,5600.0,5600.0,5600.0,5600.0,26,0.0,0.0,0.0
2025-01-13 00:00:00+09:00,5400.0,5590.0,5210.0,5220.0,1832,0.0,0.0,0.0
2025-01-14 00:00:00+09:00,5450.0,5450.0,5450.0,5450.0,2,0.0,0.0,0.0
2025-01-15 00:00:00+09:00,5440.0,5440.0,5440.0,5440.0,1,0.0,0.0,0.0
2025-01-16 00:00:00+09:00,5430.0,5430.0,5430.0,5430.0,872,0.0,0.0,0.0
2025-01-17 00:00:00+09:00,5200.0,5390.0,5060.0,5390.0,701,0.0,0.0,0.0
2025-01-20 00:00:00+09:00,5000.0,5400.0,4750.0,5400.0,250,0.0,0.0,0.0
2025-01-21 00:00:00+09:00,5330.0,5330.0,5330.0,5330.0,1,0.0,0.0,0.0
2025-01-22 00:00:00+09:00,5390.0,5390.0,5350.0,5350.0,12,0.0,0.0,0.0
2025-01-23 00:00:00+09:00,5000.0,5000.0,4700.0,4700.0,815,0.0,0.0,0.0
2025-01-24 00:00:00+09:00,4900.0,5100.0,4800.0,4800.0,474,0.0,0.0,0.0
2025-01-31 00:00:00+09:00,5000.0,5190.0,5000.0,5190.0,1384,0.0,0.0,0.0
2025-02-03 00:00:00+09:00,5180.0,5180.0,5180.0,5180.0,1,0.0,0.0,0.0
2025-02-04 00:00:00+09:00,5180.0,5180.0,5180.0,5180.0,0,0.0,0.0,0.0
2025-02-05 00:00:00+09:00,5180.0,5800.0,5170.0,5800.0,6567,0.0,0.0,0.0
2025-02-06 00:00:00+09:00,5800.0,5990.0,5800.0,5980.0,519,0.0,0.0,0.0
2025-02-07 00:00:00+09:00,5980.0,6290.0,5980.0,6290.0,635,0.0,0.0,0.0
2025-02-10 00:00:00+09:00,6390.0,7230.0,6390.0,7000.0,2066,0.0,0.0,0.0
2025-02-11 00:00:00+09:00,7200.0,8000.0,7000.0,7800.0,415,0.0,0.0,0.0
2025-02-12 00:00:00+09:00,7800.0,8000.0,7800.0,8000.0,121,0.0,0.0,0.0
2025-02-13 00:00:00+09:00,8000.0,8000.0,8000.0,8000.0,10,0.0,0.0,0.0
2025-02-14 00:00:00+09:00,7900.0,7900.0,7400.0,7690.0,164,0.0,0.0,0.0
2025-02-17 00:00:00+09:00,7690.0,7690.0,7690.0,7690.0,42,0.0,0.0,0.0
2025-02-18 00:00:00+09:00,7700.0,7700.0,7700.0,7700.0,1,0.0,0.0,0.0
2025-02-19 00:00:00+09:00,7800.0,8000.0,7700.0,8000.0,527,0.0,0.0,0.0
2025-02-20 00:00:00+09:00,7900.0,8000.0,7210.0,8000.0,1301,0.0,0.0,0.0
2025-02-21 00:00:00+09:00,8000.0,8000.0,7700.0,8000.0,691,0.0,0.0,0.0
2025-02-24 00:00:00+09:00,8200.0,8200.0,7600.0,7800.0,9,0.0,0.0,0.0
2025-02-25 00:00:00+09:00,7990.0,7990.0,7990.0,7990.0,1,0.0,0.0,0.0
2025-02-26 00:00:00+09:00,7990.0,8000.0,7990.0,8000.0,21,0.0,0.0,0.0
2025-02-27 00:00:00+09:00,7800.0,7990.0,7800.0,7990.0,6,0.0,0.0,0.0
2025-02-28 00:00:00+09:00,7990.0,7990.0,7990.0,7990.0,1,0.0,0.0,0.0
2025-03-04 00:00:00+09:00,7970.0,7970.0,7100.0,7790.0,529,0.0,0.0,0.0
2025-03-05 00:00:00+09:00,7400.0,7400.0,6660.0,6980.0,1532,0.0,0.0,0.0
2025-03-06 00:00:00+09:00,6800.0,6980.0,6700.0,6960.0,32,0.0,0.0,0.0
2025-03-07 00:00:00+09:00,6600.0,6900.0,6600.0,6900.0,49,0.0,0.0,0.0
2025-03-10 00:00:00+09:00,6800.0,6800.0,6800.0,6800.0,69,0.0,0.0,0.0
2025-03-11 00:00:00+09:00,6800.0,6800.0,6800.0,6800.0,0,0.0,0.0,0.0
2025-03-12 00:00:00+09:00,7000.0,7000.0,6790.0,6790.0,12,0.0,0.0,0.0
2025-03-13 00:00:00+09:00,6790.0,6790.0,6790.0,6790.0,0,0.0,0.0,0.0
2025-03-14 00:00:00+09:00,6990.0,6990.0,6990.0,6990.0,1,0.0,0.0,0.0
2025-03-17 00:00:00+09:00,6600.0,6980.0,6500.0,6900.0,1185,0.0,0.0,0.0
2025-03-18 00:00:00+09:00,6600.0,7000.0,6570.0,6990.0,775,0.0,0.0,0.0
2025-03-19 00:00:00+09:00,6800.0,6800.0,6600.0,6800.0,12,0.0,0.0,0.0
2025-03-20 00:00:00+09:00,6520.0,6780.0,6500.0,6780.0,630,0.0,0.0,0.0
2025-03-21 00:00:00+09:00,6780.0,6780.0,6780.0,6780.0,0,0.0,0.0,0.0
2025-03-24 00:00:00+09:00,6790.0,6790.0,6790.0,6790.0,1,0.0,0.0,0.0
2025-03-25 00:00:00+09:00,6770.0,6770.0,6770.0,6770.0,3,0.0,0.0,0.0
2025-03-26 00:00:00+09:00,6780.0,6780.0,6780.0,6780.0,1,0.0,0.0,0.0
2025-03-27 00:00:00+09:00,6780.0,6780.0,6780.0,6780.0,0,0.0,0.0,0.0
2025-03-28 00:00:00+09:00,6450.0,6790.0,6450.0,6790.0,165,0.0,0.0,0.0
2025-03-31 00:00:00+09:00,6400.0,6780.0,5860.0,6780.0,540,0.0,0.0,0.0
2025-04-01 00:00:00+09:00,6400.0,6780.0,6050.0,6370.0,744,0.0,0.0,0.0
2025-04-02 00:00:00+09:00,6280.0,6360.0,6280.0,6310.0,24,0.0,0.0,0.0
2025-04-03 00:00:00+09:00,6010.0,6300.0,6010.0,6300.0,453,0.0,0.0,0.0
2025-04-04 00:00:00+09:00,6010.0,6290.0,6010.0,6290.0,339,0.0,0.0,0.0
2025-04-07 00:00:00+09:00,6290.0,6290.0,6290.0,6290.0,0,0.0,0.0,0.0
2025-04-08 00:00:00+09:00,6390.0,6800.0,6010.0,6200.0,427,0.0,0.0,0.0
2025-04-09 00:00:00+09:00,6200.0,6200.0,6200.0,6200.0,0,0.0,0.0,0.0
2025-04-10 00:00:00+09:00,6390.0,6790.0,6010.0,6390.0,3106,0.0,0.0,0.0
2025-04-11 00:00:00+09:00,6030.0,6390.0,6020.0,6390.0,403,0.0,0.0,0.0
2025-04-14 00:00:00+09:00,6020.0,6340.0,6020.0,6340.0,301,0.0,0.0,0.0
2025-04-15 00:00:00+09:00,6400.0,6400.0,6400.0,6400.0,1,0.0,0.0,0.0
2025-04-16 00:00:00+09:00,6400.0,6400.0,6400.0,6400.0,0,0.0,0.0,0.0
2025-04-17 00:00:00+09:00,6400.0,6400.0,6200.0,6200.0,22,0.0,0.0,0.0
2025-04-18 00:00:00+09:00,6400.0,6400.0,6400.0,6400.0,1,0.0,0.0,0.0
2025-04-21 00:00:00+09:00,6400.0,6600.0,6200.0,6200.0,30,0.0,0.0,0.0
2025-04-22 00:00:00+09:00,6180.0,6180.0,6180.0,6180.0,1,0.0,0.0,0.0
2025-04-23 00:00:00+09:00,6400.0,6400.0,6400.0,6400.0,1,0.0,0.0,0.0
2025-04-24 00:00:00+09:00,6400.0,6400.0,6400.0,6400.0,0,0.0,0.0,0.0
2025-04-25 00:00:00+09:00,6290.0,6290.0,6290.0,6290.0,1,0.0,0.0,0.0
2025-04-28 00:00:00+09:00,6400.0,6400.0,6390.0,6390.0,14,0.0,0.0,0.0
2025-04-29 00:00:00+09:00,6400.0,6400.0,6200.0,6290.0,1167,0.0,0.0,0.0
2025-04-30 00:00:00+09:00,6290.0,6290.0,6290.0,6290.0,0,0.0,0.0,0.0
2025-05-02 00:00:00+09:00,6280.0,6280.0,6280.0,6280.0,20,0.0,0.0,0.0
