Date,Open,High,Low,Close,Volume,Dividends,Stock Splits
2021-08-09 00:00:00+09:00,65971.71966240875,76434.19502737226,65874.84489051095,66359.21875,15295470,0.0,0.0
2021-08-10 00:00:00+09:00,68393.5942839896,70524.83943164934,64518.603106426446,65196.7265625,3390798,0.0,0.0
2021-08-11 00:00:00+09:00,66456.10066756966,68296.72153154024,62193.61024574303,62581.109375,2131971,0.0,0.0
2021-08-12 00:00:00+09:00,64421.733173940374,70621.7195245151,63549.86009339081,67424.8515625,6346558,0.0,0.0
2021-08-13 00:00:00+09:00,66552.97994087839,67424.85304054055,64034.23543074325,64518.609375,1180082,0.0,0.0
2021-08-17 00:00:00+09:00,65196.728949652774,65971.72721354167,60934.23849826388,61031.11328125,1091488,0.0,0.0
2021-08-18 00:00:00+09:00,59481.11761870942,62290.486366172896,58609.24455915179,59674.8671875,800211,0.0,0.0
2021-08-19 00:00:00+09:00,59674.8637237055,62581.10708687298,59287.3646086165,59868.61328125,778229,0.0,0.0
2021-08-20 00:00:00+09:00,61709.23788239465,63162.35965356564,59287.36826377634,59771.7421875,1077416,0.0,0.0
2021-08-23 00:00:00+09:00,60256.11300269485,60740.48690143035,57252.99483053482,58415.4921875,519126,0.0,0.0
2021-08-24 00:00:00+09:00,58899.867385786805,58996.74216767132,57252.99609375,57252.99609375,566016,0.0,0.0
2021-08-25 00:00:00+09:00,57349.8756302521,58512.373109243694,57059.2512605042,57640.5,392282,0.0,0.0
2021-08-26 00:00:00+09:00,58221.74310919944,60352.98828125,57737.36920646067,60352.98828125,588703,0.0,0.0
2021-08-27 00:00:00+09:00,59481.11895954057,59481.11895954057,58027.99716085472,58512.37109375,262933,0.0,0.0
2021-08-30 00:00:00+09:00,58802.989736262585,59190.48884490353,57059.24374737836,57737.3671875,303308,0.0,0.0
2021-08-31 00:00:00+09:00,58124.86463490099,58706.11328125,57349.86643976898,58706.11328125,248312,0.0,0.0
2021-09-01 00:00:00+09:00,59093.62109375,59190.49588242828,58027.99841828894,59093.62109375,340176,0.0,0.0
2021-09-02 00:00:00+09:00,59868.616708205525,66359.22725747699,58899.86886503067,63162.359375,4416628,0.0,0.0
2021-09-03 00:00:00+09:00,63937.36139112903,64809.23450100807,61321.74206149194,63065.48828125,1066621,0.0,0.0
2021-09-06 00:00:00+09:00,62387.362641380656,63646.734868613494,61127.99041414782,62096.73828125,548215,0.0,0.0
2021-09-07 00:00:00+09:00,61321.73630934495,61612.36065204327,59868.61459585337,60449.86328125,436167,0.0,0.0
2021-09-08 00:00:00+09:00,59965.48915905898,62484.233453300556,59190.490914676964,60352.98828125,590577,0.0,0.0
2021-09-09 00:00:00+09:00,58124.86463490099,59965.48534833952,58124.86463490099,58706.11328125,428323,0.0,0.0
2021-09-10 00:00:00+09:00,58996.7435026696,59287.3678548995,57543.6217415201,57834.24609375,352292,0.0,0.0
2021-09-13 00:00:00+09:00,57640.49336948827,61031.110626516995,57156.11947562703,59868.61328125,614174,0.0,0.0
2021-09-14 00:00:00+09:00,60159.239589563396,62290.484792414274,59577.99089787679,60740.48828125,515647,0.0,0.0
2021-09-15 00:00:00+09:00,60740.4911850683,61031.11554480546,58512.37109375,58512.37109375,332656,0.0,0.0
2021-09-16 00:00:00+09:00,58899.86608623549,58996.74086598258,58221.7426280058,58415.4921875,137742,0.0,0.0
2021-09-17 00:00:00+09:00,58318.623529411765,58706.12268907563,57543.625210084036,57640.5,293547,0.0,0.0
2021-09-23 00:00:00+09:00,57156.12328178694,58899.86941580756,56284.250214776635,56381.125,403666,0.0,0.0
2021-09-24 00:00:00+09:00,57156.123771532686,57156.123771532686,54540.504548089666,54831.12890625,342147,0.0,0.0
2021-09-27 00:00:00+09:00,55121.75059759795,55121.75059759795,51634.258468400185,51924.8828125,379022,0.0,0.0
2021-09-28 00:00:00+09:00,51731.131154837916,51924.88070972495,49018.637386419454,49309.26171875,451675,0.0,0.0
2021-09-29 00:00:00+09:00,47953.01617462312,49212.38831658292,47662.391834170856,48195.203125,258807,0.0,0.0
2021-09-30 00:00:00+09:00,48631.1450167304,50762.39041586998,48388.958039555444,50665.515625,421658,0.0,0.0
2021-10-01 00:00:00+09:00,51149.88214285715,54153.00022321429,50665.508258928574,50859.2578125,600587,0.0,0.0
2021-10-05 00:00:00+09:00,60740.48853326613,66068.6015625,59190.49201567082,66068.6015625,8785092,0.0,0.0
2021-10-06 00:00:00+09:00,63065.48542024013,77790.45283018867,56478.0,56478.0,23826170,0.0,0.0
2021-10-07 00:00:00+09:00,59868.618675000005,65293.606775,58221.7472875,60546.7421875,8282257,0.0,0.0
2021-10-08 00:00:00+09:00,62193.609623203476,67424.84781580938,61127.98702841339,64034.23046875,6945439,0.0,0.0
2021-10-12 00:00:00+09:00,65777.98076378398,69168.59832892749,63162.36149924471,64131.109375,5174097,0.0,0.0
2021-10-13 00:00:00+09:00,64131.10679143592,65002.979844491696,60159.2406608485,61224.86328125,2041170,0.0,0.0
2021-10-14 00:00:00+09:00,60837.36413461538,64227.9815625,59287.36759615385,62968.609375,2804180,0.0,0.0
2021-10-15 00:00:00+09:00,60546.7430320946,63840.48585304055,60159.243876689194,60934.2421875,1994849,0.0,0.0
2021-10-18 00:00:00+09:00,60934.240840727376,63937.35922874415,59384.24425336388,62096.73828125,2647907,0.0,0.0
2021-10-19 00:00:00+09:00,61709.235034179685,63646.730639648435,61321.73591308594,61999.859375,1212938,0.0,0.0
2021-10-20 00:00:00+09:00,63356.105622056515,65681.10032378336,61418.61003728415,61709.234375,2564425,0.0,0.0
2021-10-21 00:00:00+09:00,62290.48770347669,63065.48599527733,60256.1171875,60256.1171875,1024856,0.0,0.0
2021-10-22 00:00:00+09:00,60740.483543471535,61224.85741542904,58415.4889580755,58706.11328125,746086,0.0,0.0
2021-10-25 00:00:00+09:00,59287.36192759901,59965.48534833952,58706.11328125,58706.11328125,519294,0.0,0.0
2021-10-26 00:00:00+09:00,59384.240475772465,61127.98652563202,58512.36745084269,60352.98828125,811844,0.0,0.0
2021-10-27 00:00:00+09:00,60449.86611470113,62484.23660894588,59577.993045739095,59965.4921875,1023207,0.0,0.0
2021-10-28 00:00:00+09:00,61709.23806628341,62484.23634655071,59965.491935681996,61612.36328125,881793,0.0,0.0
2021-10-29 00:00:00+09:00,62290.485015674756,63646.73196780454,60740.48849895501,60837.36328125,1626749,0.0,0.0
2021-11-01 00:00:00+09:00,60837.366949152536,60837.366949152536,56671.75105932203,57156.125,903807,0.0,0.0
2021-11-02 00:00:00+09:00,57156.12509560752,57834.248613690994,55218.629329654716,55412.37890625,546354,0.0,0.0
2021-11-03 00:00:00+09:00,55412.37519707207,55509.249978885135,53765.50390625,53765.50390625,489802,0.0,0.0
2021-11-04 00:00:00+09:00,53765.50696177405,54831.12962227768,53281.133025181494,53378.0078125,332174,0.0,0.0
2021-11-05 00:00:00+09:00,57543.62039695946,61127.98732404279,53668.629124436935,53765.50390625,2764667,0.0,0.0
2021-11-08 00:00:00+09:00,49987.391257225434,52021.761831647396,49406.1425216763,50278.015625,642467,0.0,0.0
2021-11-09 00:00:00+09:00,50278.012992058015,52603.0078125,49890.51385531768,52603.0078125,615578,0.0,0.0
2021-11-10 00:00:00+09:00,51343.63412430038,53571.75409573228,51343.63412430038,51924.8828125,464887,0.0,0.0
2021-11-11 00:00:00+09:00,52409.2580287131,53087.3815152214,52021.75889356549,52506.1328125,362520,0.0,0.0
2021-11-12 00:00:00+09:00,52893.629786931815,53571.75324573863,52118.63154829545,53281.12890625,285593,0.0,0.0
2021-11-15 00:00:00+09:00,53474.88042262969,54346.75347299866,52506.1325888864,54153.00390625,267752,0.0,0.0
2021-11-16 00:00:00+09:00,53765.502582821035,54056.12692110656,53087.37912682149,53184.25390625,225918,0.0,0.0
2021-11-17 00:00:00+09:00,53668.627803392534,55218.624274248636,51924.881773679415,53184.25390625,634892,0.0,0.0
2021-11-18 00:00:00+09:00,53668.63087729358,53765.50566227064,52506.13345756881,52796.7578125,211380,0.0,0.0
2021-11-19 00:00:00+09:00,52312.38487566021,55024.87890625,52215.510088853436,55024.87890625,368471,0.0,0.0
2021-11-22 00:00:00+09:00,54249.87868284229,56962.3726169844,53571.75519930676,55896.75,490445,0.0,0.0
2021-11-23 00:00:00+09:00,55606.125649913345,56768.623050259965,55024.876949740035,55896.75,316235,0.0,0.0
2021-11-24 00:00:00+09:00,55993.62478336222,58124.87001733103,55896.75,55896.75,457291,0.0,0.0
2021-11-25 00:00:00+09:00,56284.24808542352,58996.741969058385,55896.748959189965,58899.8671875,705137,0.0,0.0
2021-11-26 00:00:00+09:00,58609.24394146914,58609.24394146914,52796.75693900939,54153.00390625,3495796,0.0,0.0
2021-11-29 00:00:00+09:00,52215.51418585527,53862.38569078947,49890.51912006579,51537.390625,1259540,0.0,0.0
2021-11-30 00:00:00+09:00,51149.883406432746,51731.13208150585,49018.63826449805,49696.76171875,718382,0.0,0.0
2021-12-01 00:00:00+09:00,51343.64039522059,51828.01436121323,49212.39494485294,49406.14453125,737071,0.0,0.0
2021-12-02 00:00:00+09:00,48437.39192193676,50084.26324728261,48292.079746170944,49018.640625,355376,0.0,0.0
2021-12-03 00:00:00+09:00,49599.88693957115,49890.5112771077,49018.63826449805,49696.76171875,238056,0.0,0.0
2021-12-06 00:00:00+09:00,49987.38955479452,50181.139126712325,49115.516481164384,49503.015625,207567,0.0,0.0
2021-12-07 00:00:00+09:00,49793.6380536196,54540.5023816884,49309.264142592176,53862.37890625,1158263,0.0,0.0
2021-12-08 00:00:00+09:00,52990.505651745494,54346.752597128376,52312.38217905405,53765.50390625,710060,0.0,0.0
2021-12-09 00:00:00+09:00,53474.87912522604,55121.75040263336,52990.50522010624,53571.75390625,613389,0.0,0.0
2021-12-10 00:00:00+09:00,54346.75303663599,55509.25042779398,53378.005210671006,53959.25390625,993013,0.0,0.0
2021-12-13 00:00:00+09:00,54249.880189929325,55799.87676678445,53959.25583176899,54831.12890625,570412,0.0,0.0
2021-12-14 00:00:00+09:00,54831.12587719298,57156.120614035084,53571.75372807017,55218.625,761046,0.0,0.0
2021-12-15 00:00:00+09:00,55799.88076923077,58512.3749732906,54734.258046207266,56671.75390625,1232485,0.0,0.0
2021-12-16 00:00:00+09:00,57059.24964987917,57156.12443706063,54153.00603443541,55121.75390625,665562,0.0,0.0
2021-12-17 00:00:00+09:00,54443.62929553265,57156.12328178694,54443.62929553265,56381.125,782037,0.0,0.0
2021-12-20 00:00:00+09:00,56381.1230152027,57543.62039695946,53668.629124436935,53765.50390625,686527,0.0,0.0
2021-12-21 00:00:00+09:00,54056.127545646064,54249.87710674157,51343.63369030898,51731.1328125,456179,0.0,0.0
2021-12-22 00:00:00+09:00,51924.88532464664,55509.25240862412,51828.0105385932,54831.12890625,827491,0.0,0.0
2021-12-23 00:00:00+09:00,53668.63043853591,57059.247885013814,52021.7591073895,52603.0078125,1281041,0.0,0.0
2021-12-24 00:00:00+09:00,53959.2532211987,54443.627128031716,51828.008031133395,51924.8828125,652453,0.0,0.0
2021-12-27 00:00:00+09:00,51924.88346474954,53668.62955125232,51634.25911699907,52215.5078125,421207,0.0,0.0
2021-12-28 00:00:00+09:00,52603.00583742977,52699.88061797753,51246.758909761236,51731.1328125,322523,0.0,0.0
2021-12-29 00:00:00+09:00,52237.91723449248,53017.58764097744,51848.08203125,51848.08203125,283336,320.0,0.0
2021-12-30 00:00:00+09:00,51945.54547619048,52140.46309523809,50483.66333333333,51165.875,235889,0.0,0.0
2022-01-04 00:00:00+09:00,51360.7890625,51848.08307637571,50970.953851399434,51360.7890625,142777,0.0,0.0
2022-01-05 00:00:00+09:00,51653.16943737888,51750.62824763808,50191.2872834908,50288.74609375,220592,0.0,0.0
2022-01-06 00:00:00+09:00,49801.44992404514,50483.661566840274,49119.23828125,49119.23828125,249321,0.0,0.0
2022-01-07 00:00:00+09:00,49216.70058936404,50386.206345942985,49216.70058936404,49996.37109375,134355,0.0,0.0
2022-01-10 00:00:00+09:00,49996.37005362426,50093.828864644966,49021.78194341716,49411.6171875,134947,0.0,0.0
2022-01-11 00:00:00+09:00,49801.44775875994,50483.659371893635,48826.85973999751,49021.77734375,145971,0.0,0.0
2022-01-12 00:00:00+09:00,49021.78087615967,49898.91015625,49021.78087615967,49898.91015625,175993,0.0,0.0
2022-01-13 00:00:00+09:00,49996.36898858533,50093.827797529935,48729.40447230539,48826.86328125,220449,0.0,0.0
2022-01-14 00:00:00+09:00,48339.56745623069,48826.86148300721,47316.25,47316.25,346546,0.0,0.0
2022-01-17 00:00:00+09:00,47364.9863034019,47657.36276206487,45220.89227320675,46195.48046875,241765,0.0,0.0
2022-01-18 00:00:00+09:00,46195.474790335466,47072.60405850639,45610.72194488818,45756.91015625,172875,0.0,0.0
2022-01-19 00:00:00+09:00,45025.970927820796,45367.07676818308,43856.46518943584,44051.3828125,280043,0.0,0.0
2022-01-20 00:00:00+09:00,43807.73471262992,44684.86399497401,43564.08768975656,44538.67578125,164585,0.0,0.0
2022-01-21 00:00:00+09:00,44002.652356887615,44343.75818911155,43417.899501646585,43466.62890625,199212,0.0,0.0
2022-01-24 00:00:00+09:00,43369.16829994193,44636.13276713124,41858.55681983159,41956.015625,317534,0.0,0.0
2022-01-25 00:00:00+09:00,41956.017445709746,42248.393873902845,40250.48828125,40250.48828125,286341,0.0,0.0
2022-01-26 00:00:00+09:00,40055.56852513838,40786.509556619,39617.00390625,39617.00390625,196775,0.0,0.0
2022-01-27 00:00:00+09:00,39665.73474846576,39860.65236393734,37716.55859375,37716.55859375,271653,0.0,0.0
2022-01-28 00:00:00+09:00,37765.28729759856,39080.98117764393,37277.99326795213,38934.79296875,249427,0.0,0.0
2022-02-03 00:00:00+09:00,40104.302851188695,41761.10272596442,39763.196994617225,40737.78515625,259775,0.0,0.0
2022-02-04 00:00:00+09:00,40591.596932005086,41419.99686939295,40250.491075433616,40737.78515625,157479,0.0,0.0
2022-02-07 00:00:00+09:00,41127.61900195547,41127.61900195547,40006.842654745786,40494.13671875,96613,0.0,0.0
2022-02-08 00:00:00+09:00,40299.216619318184,41078.88707386364,39568.275568181816,39665.734375,184112,0.0,0.0
2022-02-09 00:00:00+09:00,39958.109735285194,40883.96837549302,39763.19212682039,40153.02734375,186465,0.0,0.0
2022-02-10 00:00:00+09:00,40883.97274231181,41712.372666768664,39811.92578125,39811.92578125,231750,0.0,0.0
2022-02-11 00:00:00+09:00,39519.5479625078,39958.11261313983,39032.25390625,39032.25390625,176235,0.0,0.0
2022-02-14 00:00:00+09:00,38447.497500598656,39324.62672114464,37814.015285759895,38155.12109375,198643,0.0,0.0
2022-02-15 00:00:00+09:00,37960.206683467746,38544.95954637097,37765.2890625,37765.2890625,184872,0.0,0.0
2022-02-16 00:00:00+09:00,38350.04184790904,39958.112217643466,38350.04184790904,39909.3828125,197742,0.0,0.0
2022-02-17 00:00:00+09:00,40055.57139970751,40932.700700431036,39080.983287792485,39568.27734375,251173,0.0,0.0
2022-02-18 00:00:00+09:00,39373.36243247299,40689.05647415216,38983.527160864345,40591.59765625,176736,0.0,0.0
2022-02-21 00:00:00+09:00,40591.591319949126,42394.57916969476,40055.56790515988,41907.28515625,319099,0.0,0.0
2022-02-22 00:00:00+09:00,40737.78477164887,41614.91410883748,40591.5965487841,41078.890625,204765,0.0,0.0
2022-02-23 00:00:00+09:00,41371.264891729435,42345.852992830245,41371.264891729435,42053.4765625,191337,0.0,0.0
2022-02-24 00:00:00+09:00,41419.99508766626,41614.91271160822,40006.84231408706,40299.21875,234062,0.0,0.0
2022-02-25 00:00:00+09:00,40981.4258133436,41712.366820715964,40835.23761186913,41517.44921875,165576,0.0,0.0
2022-02-28 00:00:00+09:00,41517.45064542007,41809.82705841598,41030.15662376021,41761.09765625,90780,0.0,0.0
2022-03-02 00:00:00+09:00,41614.90841262976,42930.6022383218,41614.90841262976,42248.390625,132100,0.0,0.0
2022-03-03 00:00:00+09:00,42784.4144256661,42979.33203125,42150.932207518425,42979.33203125,106725,0.0,0.0
2022-03-04 00:00:00+09:00,43076.79225527968,43271.70986729452,42199.6630012129,42686.95703125,121476,0.0,0.0
2022-03-07 00:00:00+09:00,42589.5007729682,42589.5007729682,41078.88918948763,41371.265625,100319,0.0,0.0
2022-03-08 00:00:00+09:00,40591.595873877246,41273.80756923653,40250.49002619761,40689.0546875,127768,0.0,0.0
2022-03-10 00:00:00+09:00,41517.451704545456,43028.06321022727,41517.451704545456,42881.875,175181,0.0,0.0
2022-03-11 00:00:00+09:00,42686.9584325953,43661.54652466368,42297.12319576794,43466.62890625,151367,0.0,0.0
2022-03-14 00:00:00+09:00,44148.839125916005,44489.94494697717,43028.06285671505,43222.98046875,172805,0.0,0.0
2022-03-15 00:00:00+09:00,43369.1671965843,43369.1671965843,41614.90874818314,41907.28515625,145431,0.0,0.0
2022-03-16 00:00:00+09:00,42394.58374297753,44148.84238061798,42394.58374297753,43369.171875,134177,0.0,0.0
2022-03-17 00:00:00+09:00,43905.195653487564,44246.30150207182,43417.90158408149,44100.11328125,135522,0.0,0.0
2022-03-18 00:00:00+09:00,44051.381031897494,44684.86328125,43271.71057115594,44684.86328125,233264,0.0,0.0
2022-03-21 00:00:00+09:00,45708.181504360466,46000.55793189369,43759.00532080565,44002.65234375,217296,0.0,0.0
2022-03-22 00:00:00+09:00,43856.46449497768,44295.02913992746,43417.899850027905,43661.546875,93180,0.0,0.0
2022-03-23 00:00:00+09:00,43856.465139038875,45805.6413674406,43710.27692190874,45123.4296875,310618,0.0,0.0
2022-03-24 00:00:00+09:00,45610.72049753289,45903.09691097862,43564.08560341283,44441.21484375,340209,0.0,0.0
2022-03-25 00:00:00+09:00,44441.21878468369,44489.94819124584,43661.54827968924,43905.1953125,104201,0.0,0.0
2022-03-28 00:00:00+09:00,44343.75710227273,44733.592329545456,43369.16903409091,43417.8984375,124003,0.0,0.0
2022-03-29 00:00:00+09:00,43515.36006000278,44489.94819124584,43320.442433754164,43905.1953125,129349,0.0,0.0
2022-03-30 00:00:00+09:00,44051.38246527778,44392.48830295139,43417.900195312504,43856.46484375,126548,0.0,0.0
2022-03-31 00:00:00+09:00,43612.81781684028,43953.92365451389,43417.900195312504,43856.46484375,73805,0.0,0.0
2022-04-01 00:00:00+09:00,43515.356534885344,43856.46235318792,43271.70952181208,43564.0859375,86768,0.0,0.0
2022-04-04 00:00:00+09:00,43564.08946656493,44002.65412562431,43222.98362062986,43905.1953125,120197,0.0,0.0
2022-04-05 00:00:00+09:00,44002.653059895834,44051.38246527778,43710.276627604166,43856.46484375,92165,0.0,0.0
2022-04-06 00:00:00+09:00,43612.81312859195,43661.542528735634,42297.11932471264,42394.578125,177498,0.0,0.0
2022-04-07 00:00:00+09:00,41907.290165441176,41956.01957261029,41030.16083639706,41419.99609375,126429,0.0,0.0
2022-04-08 00:00:00+09:00,42150.9357664571,42443.31219951923,40932.70062869822,41176.34765625,120557,0.0,0.0
2022-04-11 00:00:00+09:00,41078.88598395783,41127.61538607403,39958.109735285194,40153.02734375,119437,0.0,0.0
2022-04-12 00:00:00+09:00,39617.00497159091,40201.7578125,39568.275568181816,40201.7578125,83721,0.0,0.0
2022-04-13 00:00:00+09:00,39909.38625672043,40786.515625,39909.38625672043,40786.515625,151402,0.0,0.0
2022-04-14 00:00:00+09:00,44831.05075380562,44928.50955979215,41517.451350263465,41614.91015625,1093536,0.0,0.0
2022-04-15 00:00:00+09:00,41517.454253158845,41566.18365955926,40347.94849954874,40494.13671875,246967,0.0,0.0
2022-04-18 00:00:00+09:00,40250.48862951807,40883.970896084335,40153.02981927711,40445.40625,143892,0.0,0.0
2022-04-19 00:00:00+09:00,40445.40691254417,41809.83027826855,40445.40691254417,41371.265625,162943,0.0,0.0
2022-04-20 00:00:00+09:00,41273.80504557292,41322.53444940476,40835.240411086306,40932.69921875,112515,0.0,0.0
2022-04-21 00:00:00+09:00,40932.701721556885,41225.07816242515,40640.32528068862,40689.0546875,104057,0.0,0.0
2022-04-22 00:00:00+09:00,40396.67721464915,40445.406620215676,40006.84197011695,40104.30078125,128344,0.0,0.0
2022-04-25 00:00:00+09:00,39617.004610255004,39665.73401321965,38886.063565785356,38934.79296875,169064,0.0,0.0
2022-04-26 00:00:00+09:00,39032.25106666927,39373.35688123442,38983.52166458853,39080.98046875,80582,0.0,0.0
2022-04-27 00:00:00+09:00,38203.85157232705,38886.063207547166,38106.3927672956,38739.875,91184,0.0,0.0
2022-04-28 00:00:00+09:00,38886.06813429368,39373.36222118959,38739.87990822491,39324.6328125,78029,0.0,0.0
2022-04-29 00:00:00+09:00,39422.08806643033,39665.735087854504,39178.44104500616,39519.546875,75429,0.0,0.0
2022-05-03 00:00:00+09:00,39568.27802972561,40153.030907012195,39324.630997522865,39958.11328125,89987,0.0,0.0
2022-05-04 00:00:00+09:00,39714.462695799564,40006.83910828398,39032.25106666927,39080.98046875,84855,0.0,0.0
2022-05-06 00:00:00+09:00,38739.87677825505,38788.60618300757,38398.770944987395,38642.41796875,89389,0.0,0.0
2022-05-10 00:00:00+09:00,36985.615757625994,37472.90977287798,36449.59234084881,36741.96875,172316,0.0,0.0
2022-05-11 00:00:00+09:00,36595.78196022727,37716.55823863637,36352.134943181816,37521.640625,129100,0.0,0.0
2022-05-12 00:00:00+09:00,36839.43185240964,37716.561182228914,36352.13778028782,36400.8671875,117682,0.0,0.0
2022-05-13 00:00:00+09:00,36595.78263624841,38544.9588086185,36595.78263624841,38447.5,113465,0.0,0.0
2022-05-16 00:00:00+09:00,38642.41690340909,38934.79332386364,37911.47585227273,38057.6640625,57119,0.0,0.0
2022-05-17 00:00:00+09:00,38057.664415804145,38447.49964669586,37911.47620421975,38252.58203125,46860,0.0,0.0
2022-05-18 00:00:00+09:00,38398.76988636364,38447.49928977273,37814.017045454544,38057.6640625,75887,0.0,0.0
2022-05-19 00:00:00+09:00,36839.43003700658,37424.18289473684,36839.43003700658,37034.34765625,74531,0.0,0.0
2022-05-20 00:00:00+09:00,37814.01568294191,39470.815339153276,37716.556879635355,39422.0859375,238510,0.0,0.0
2022-05-23 00:00:00+09:00,46780.22763157895,50970.9563569079,43905.19280838816,46292.93359375,9193777,0.0,0.0
2022-05-24 00:00:00+09:00,44831.05295138889,46536.582139756945,42735.68851996528,43856.46484375,4283920,0.0,0.0
2022-05-25 00:00:00+09:00,42979.330551746534,43174.248150620675,41614.9073596276,42199.66015625,1888727,0.0,0.0
2022-05-26 00:00:00+09:00,42199.6655834341,42686.959643288996,40201.75993802902,40299.21875,1620875,0.0,0.0
2022-05-27 00:00:00+09:00,40981.428948118584,43125.52273375142,40786.51133124287,42735.6875,2868552,0.0,0.0
2022-05-30 00:00:00+09:00,42881.87535796106,45415.80435638603,42297.122512170674,42540.76953125,2798421,0.0,0.0
2022-05-31 00:00:00+09:00,42833.147269393085,46390.39385718114,42492.04143220793,45464.53515625,6254219,0.0,0.0
2022-06-02 00:00:00+09:00,45903.09653772026,47121.3315838381,44197.567473155286,44246.296875,2800753,0.0,0.0
2022-06-03 00:00:00+09:00,45123.43047655383,45464.5363224889,43564.08946656493,43905.1953125,1728027,0.0,0.0
2022-06-07 00:00:00+09:00,43222.98045502781,43369.168664007615,41468.7219472702,41614.91015625,1329336,0.0,0.0
2022-06-08 00:00:00+09:00,41225.08003535584,41858.562352684,39958.11540069951,40055.57421875,1163853,0.0,0.0
2022-06-09 00:00:00+09:00,40201.7578125,43417.8984375,39470.81676136364,42345.8515625,2872339,0.0,0.0
2022-06-10 00:00:00+09:00,41273.801561597866,42540.765954279734,40932.69576356813,42199.66015625,834861,0.0,0.0
2022-06-13 00:00:00+09:00,40981.42901367188,41078.88782226563,38691.14701171875,38983.5234375,872832,0.0,0.0
2022-06-14 00:00:00+09:00,37667.82849166927,40250.48684879537,37667.82849166927,38934.79296875,1361869,0.0,0.0
2022-06-15 00:00:00+09:00,39373.360403963416,41956.0189453125,39373.360403963416,39958.11328125,1710017,0.0,0.0
2022-06-16 00:00:00+09:00,40201.76108386321,40689.05515760701,39227.17293637562,39275.90234375,626810,0.0,0.0
2022-06-17 00:00:00+09:00,38544.9577498071,40445.40446566358,38301.3107349537,39470.81640625,691276,0.0,0.0
2022-06-20 00:00:00+09:00,39617.00534459787,40201.758191012595,37570.37038214631,37716.55859375,683489,0.0,0.0
2022-06-21 00:00:00+09:00,37862.74680035828,38593.68785828026,37083.07633857484,38252.58203125,439285,0.0,0.0
2022-06-22 00:00:00+09:00,40737.78260869565,43320.44107551487,40347.94736842105,42589.5,6879739,0.0,0.0
2022-06-23 00:00:00+09:00,40689.04876986057,41030.154567931255,37083.07319025616,37570.3671875,1906178,0.0,0.0
2022-06-24 00:00:00+09:00,37570.36828005268,38886.06211087165,36595.78025722382,38155.12109375,1137476,0.0,0.0
2022-06-27 00:00:00+09:00,37472.908427909206,38398.76702365729,36985.614430147056,38106.390625,954005,0.0,0.0
2022-06-28 00:00:00+09:00,38008.937193627455,38155.12541360294,37034.34906045752,37277.99609375,685136,0.0,0.0
2022-06-29 00:00:00+09:00,37326.72301136364,37619.099431818184,36985.6171875,36985.6171875,558990,0.0,0.0
2022-06-30 00:00:00+09:00,37472.909427357095,38106.39164134362,37083.07421875,37083.07421875,762783,0.0,0.0
2022-07-01 00:00:00+09:00,37229.26313077177,37521.639542793535,36547.05150272098,36936.88671875,438848,0.0,0.0
2022-07-04 00:00:00+09:00,37326.72301136364,38008.93465909091,36839.42897727273,37521.640625,662896,0.0,0.0
2022-07-05 00:00:00+09:00,37765.28799263535,38252.58203125,37326.72335788217,38252.58203125,530237,0.0,0.0
2022-07-06 00:00:00+09:00,38057.66370555824,38642.41654098295,37619.099078989704,37862.74609375,637539,0.0,0.0
2022-07-07 00:00:00+09:00,38447.49999023438,39373.358671875,38252.58237304688,38983.5234375,659963,0.0,0.0
2022-07-08 00:00:00+09:00,39811.92258522727,39811.92258522727,38691.146306818184,39129.7109375,505198,0.0,0.0
2022-07-11 00:00:00+09:00,39568.27699566832,40494.13569384282,39129.712349164605,39373.359375,612182,0.0,0.0
2022-07-12 00:00:00+09:00,38983.52478839178,40542.86577992745,38691.14835247884,40299.21875,666611,0.0,0.0
2022-07-13 00:00:00+09:00,40445.40696795647,40640.324591898425,39178.44241233374,40299.21875,535160,0.0,0.0
2022-07-14 00:00:00+09:00,40299.21909314831,40932.70137635379,40153.03087394705,40494.13671875,416735,0.0,0.0
2022-07-15 00:00:00+09:00,40250.48651668653,40883.96875,39811.92189362336,40883.96875,418756,0.0,0.0
2022-07-18 00:00:00+09:00,41273.80830265926,41371.26711801382,40250.4907414363,40542.8671875,383198,0.0,0.0
2022-07-19 00:00:00+09:00,40445.408325919336,41273.80825548636,40445.408325919336,41078.890625,356178,0.0,0.0
2022-07-20 00:00:00+09:00,41419.99254427693,42004.74538019614,40835.23970835773,41614.91015625,569825,0.0,0.0
2022-07-21 00:00:00+09:00,42394.58060414227,42492.039410128804,41322.533738290396,41614.91015625,573477,0.0,0.0
2022-07-22 00:00:00+09:00,41809.83135110294,42102.20779411765,41371.26668658088,41419.99609375,437172,0.0,0.0
2022-07-25 00:00:00+09:00,42199.663723235826,42540.76955009801,40299.216973575094,40396.67578125,805533,0.0,0.0
2022-07-26 00:00:00+09:00,40835.240420614304,41419.99326673288,39714.46413222035,39860.65234375,529928,0.0,0.0
2022-07-27 00:00:00+09:00,40006.84121707654,42345.852640243014,39860.65300312864,41858.55859375,1058088,0.0,0.0
2022-07-28 00:00:00+09:00,42053.4762123472,42053.4762123472,41176.346928659776,41858.55859375,406615,0.0,0.0
2022-07-29 00:00:00+09:00,42053.47759375,42979.3363125,41858.55996875,42638.23046875,588406,0.0,0.0
2022-08-01 00:00:00+09:00,43320.43853956654,43759.00315920219,42199.66228938652,42297.12109375,626182,0.0,0.0
2022-08-02 00:00:00+09:00,42345.85049593174,43076.791528657835,41419.99185447869,42297.12109375,713866,0.0,0.0
2022-08-03 00:00:00+09:00,42638.22833888173,43271.71058848797,42394.581319802404,42540.76953125,508419,0.0,0.0
2022-08-04 00:00:00+09:00,42881.87212643678,43028.06032686782,41858.55472341954,42394.578125,455218,0.0,0.0
2022-08-05 00:00:00+09:00,42833.14382706208,43222.979038229874,42589.496820082204,42979.33203125,644100,0.0,0.0
2022-08-08 00:00:00+09:00,43028.06321022727,43174.251420454544,42199.66335227273,42345.8515625,368332,0.0,0.0
2022-08-09 00:00:00+09:00,42102.207337883956,42881.87784414107,41663.64267811433,42833.1484375,367916,0.0,0.0
2022-08-10 00:00:00+09:00,42881.876448435694,43125.52347371089,42053.4765625,42053.4765625,338284,0.0,0.0
2022-08-11 00:00:00+09:00,42345.854031250004,42784.4186875,42345.854031250004,42638.23046875,218034,0.0,0.0
2022-08-12 00:00:00+09:00,42638.228691562144,42930.60511687571,42199.66405359179,42735.6875,236085,0.0,0.0
2022-08-16 00:00:00+09:00,42881.875,43028.06321022727,42394.58096590909,42881.875,250314,0.0,0.0
2022-08-17 00:00:00+09:00,42930.603308233665,43417.89732989352,41517.45064542007,41761.09765625,555509,0.0,0.0
2022-08-18 00:00:00+09:00,41761.096588419976,42345.849399459694,41371.26138106016,41712.3671875,270066,0.0,0.0
2022-08-19 00:00:00+09:00,41761.10267395956,41956.020306043385,41078.89096166618,41273.80859375,271249,0.0,0.0
2022-08-22 00:00:00+09:00,40981.430405355015,41419.995058920045,40347.9481279833,40835.2421875,251064,0.0,0.0
2022-08-23 00:00:00+09:00,40445.40374192804,40981.42716501383,39617.00390625,39617.00390625,318557,0.0,0.0
2022-08-24 00:00:00+09:00,39714.46558501093,40006.84201876561,38739.87747249532,39032.25390625,337217,0.0,0.0
2022-08-25 00:00:00+09:00,39032.2510810655,39763.19211254612,38691.14526637454,39617.00390625,227690,0.0,0.0
2022-08-26 00:00:00+09:00,39763.19499063671,40201.75964126873,39032.25390625,39032.25390625,277177,0.0,0.0
2022-08-29 00:00:00+09:00,37326.72266127735,38301.310720318535,37229.26385537323,37862.74609375,300180,0.0,0.0
2022-08-30 00:00:00+09:00,37960.20384966645,38447.497865708385,37862.74504645807,38350.0390625,248071,0.0,0.0
2022-08-31 00:00:00+09:00,38057.66372010031,39470.81640625,37862.746108217594,39470.81640625,209737,0.0,0.0
2022-09-01 00:00:00+09:00,39373.355434441655,39373.355434441655,38544.955629509095,38837.33203125,173484,0.0,0.0
2022-09-02 00:00:00+09:00,38934.79186130799,39129.70946762242,37814.015625,37814.015625,213856,0.0,0.0
2022-09-05 00:00:00+09:00,38398.76916235446,38983.521992238035,37424.18111254851,37667.828125,287965,0.0,0.0
2022-09-06 00:00:00+09:00,37619.10082697201,38301.3125,37619.10082697201,38301.3125,132272,0.0,0.0
2022-09-07 00:00:00+09:00,37960.20561824214,38008.935022116646,37131.80575237549,37180.53515625,199052,0.0,0.0
2022-09-08 00:00:00+09:00,37375.451710058216,37960.204539941784,37034.34589262613,37667.828125,219892,0.0,0.0
2022-09-13 00:00:00+09:00,38301.311430197864,38837.33487260521,38252.58202634265,38788.60546875,157934,0.0,0.0
2022-09-14 00:00:00+09:00,37424.182170542634,38106.39382469315,37326.72336280685,37716.55859375,149440,0.0,0.0
2022-09-15 00:00:00+09:00,37911.476209221575,37911.476209221575,37521.640978278425,37716.55859375,94469,0.0,0.0
2022-09-16 00:00:00+09:00,37570.36567673841,37619.09507450331,36693.236516970195,36790.6953125,222473,0.0,0.0
2022-09-19 00:00:00+09:00,36839.43380446058,37034.35144363762,34987.7162322787,35231.36328125,366619,0.0,0.0
2022-09-20 00:00:00+09:00,35085.17150962861,35621.19496324794,35036.442104754125,35426.27734375,224013,0.0,0.0
2022-09-21 00:00:00+09:00,35182.630335631984,35475.00676501397,34451.689262177024,34890.25390625,253028,0.0,0.0
2022-09-22 00:00:00+09:00,34256.76877170139,34597.874577394,32843.61614811769,33330.91015625,443340,0.0,0.0
2022-09-23 00:00:00+09:00,33233.45132568722,33574.55713108284,32551.23971489599,32794.88671875,232537,0.0,0.0
2022-09-26 00:00:00+09:00,32161.406615070093,32453.783038843456,31186.818535825543,31284.27734375,287419,0.0,0.0
2022-09-27 00:00:00+09:00,30991.901949541283,31869.03125,30943.17254396024,31869.03125,210399,0.0,0.0
2022-09-28 00:00:00+09:00,31527.924182147657,32356.324044738863,31040.6301453293,31722.841796875,177824,0.0,0.0
2022-09-29 00:00:00+09:00,32161.407683486235,32892.34876720183,31869.03125,31869.03125,161799,0.0,0.0
2022-09-30 00:00:00+09:00,31333.00725827485,32746.159996206374,31284.27785351859,32112.677734375,162573,0.0,0.0
2022-10-04 00:00:00+09:00,32599.971232638887,32989.80646412037,32210.136001157407,32892.34765625,109894,0.0,0.0
2022-10-05 00:00:00+09:00,33428.37202465121,33428.37202465121,32210.136892557504,32307.595703125,113492,0.0,0.0
2022-10-06 00:00:00+09:00,32453.78406989645,33184.72515255177,32405.054664386094,32941.078125,76118,0.0,0.0
2022-10-07 00:00:00+09:00,32599.9717819376,32746.159996206374,32063.948329618743,32112.677734375,105769,0.0,0.0
2022-10-11 00:00:00+09:00,31333.006392045456,31576.653409090908,30504.606534090908,31089.359375,200562,0.0,0.0
2022-10-12 00:00:00+09:00,31284.278359962405,32794.889931860904,31284.278359962405,32405.0546875,230392,0.0,0.0
2022-10-13 00:00:00+09:00,32551.2429529549,32551.2429529549,31333.0078125,31333.0078125,122325,0.0,0.0
2022-10-14 00:00:00+09:00,32015.21530700952,35182.62625823572,31966.485907759885,33282.1796875,680303,0.0,0.0
2022-10-17 00:00:00+09:00,32599.97158044919,33233.45383836524,32307.595153718703,33087.265625,131685,0.0,0.0
2022-10-18 00:00:00+09:00,33525.82850284495,34402.957736931014,33525.82850284495,34256.76953125,191621,0.0,0.0
2022-10-19 00:00:00+09:00,34451.690026908465,34890.25468071635,33672.01953125,33672.01953125,152770,0.0,0.0
2022-10-20 00:00:00+09:00,33672.015294815545,34695.33269161891,33525.82709527221,34013.12109375,149118,0.0,0.0
2022-10-21 00:00:00+09:00,33964.394536944244,34305.500364431486,33428.37109375,33428.37109375,102434,0.0,0.0
2022-10-24 00:00:00+09:00,34110.583444148935,34597.877493351065,34061.854039228725,34354.23046875,142114,0.0,0.0
2022-10-25 00:00:00+09:00,34549.14915678116,34695.33737606232,34061.855092510625,34402.9609375,68974,0.0,0.0
2022-10-26 00:00:00+09:00,34354.22940340909,34744.064630681816,34159.31178977273,34305.5,119188,0.0,0.0
2022-10-27 00:00:00+09:00,34208.04294135694,34890.25462394811,34208.04294135694,34744.06640625,100960,0.0,0.0
2022-10-28 00:00:00+09:00,34597.8796300389,34792.79726175743,34256.77377453147,34451.69140625,61150,0.0,0.0
2022-10-31 00:00:00+09:00,34792.79508038171,35767.383177871394,34646.60686575825,35426.27734375,151761,0.0,0.0
2022-11-01 00:00:00+09:00,35426.27840616415,35718.65484417926,35182.63137448489,35475.0078125,98416,0.0,0.0
2022-11-02 00:00:00+09:00,35669.923295454544,35864.84090909091,35133.899857954544,35377.546875,91517,0.0,0.0
2022-11-03 00:00:00+09:00,34792.7947463132,35182.62998156601,34549.1477242802,34695.3359375,74858,0.0,0.0
2022-11-04 00:00:00+09:00,34451.68999844195,34451.68999844195,33818.20772124288,34208.04296875,107942,0.0,0.0
2022-11-07 00:00:00+09:00,34110.582036744025,35085.17009493671,34110.582036744025,34646.60546875,76259,0.0,0.0
2022-11-08 00:00:00+09:00,34646.60616973459,35864.84126712329,34646.60616973459,35572.46484375,130337,0.0,0.0
2022-11-09 00:00:00+09:00,35767.38571243075,35913.573937413435,35182.6328125,35182.6328125,107832,0.0,0.0
2022-11-10 00:00:00+09:00,34792.79438673505,35572.46484918289,34695.335578929065,35036.44140625,83631,0.0,0.0
2022-11-11 00:00:00+09:00,36059.760284014745,36449.59553032841,35864.84266085791,36352.13671875,207594,0.0,0.0
2022-11-14 00:00:00+09:00,36400.8671875,36693.2436307731,36059.76133701473,36400.8671875,87843,0.0,0.0
2022-11-15 00:00:00+09:00,36449.59340323107,37424.18146214099,36400.864000285575,37326.72265625,153247,0.0,0.0
2022-11-16 00:00:00+09:00,37716.55751722441,37765.286919701444,36839.42827263779,37131.8046875,105258,0.0,0.0
2022-11-17 00:00:00+09:00,36888.16160223868,37424.18508655127,36595.78515625,36595.78515625,104988,0.0,0.0
2022-11-18 00:00:00+09:00,36352.1381179261,37083.079232897806,36352.1381179261,36595.78515625,95313,0.0,0.0
2022-11-21 00:00:00+09:00,36595.78515625,36985.62041756824,36498.32634092044,36595.78515625,104331,0.0,0.0
2022-11-22 00:00:00+09:00,36547.05471921516,36839.43115696888,36011.03125,36011.03125,88741,0.0,0.0
2022-11-23 00:00:00+09:00,36254.67896586345,36839.43185240964,36254.67896586345,36400.8671875,99557,0.0,0.0
2022-11-24 00:00:00+09:00,36595.781260252625,37277.99289493111,36547.051857775594,37131.8046875,84053,0.0,0.0
2022-11-25 00:00:00+09:00,37083.074924760884,37472.91014078991,36888.15731674637,36936.88671875,73151,0.0,0.0
2022-11-28 00:00:00+09:00,36741.97376932124,36888.16199386761,36157.22087113575,36254.6796875,75507,0.0,0.0
2022-11-29 00:00:00+09:00,36011.02494826159,36936.8835057947,35913.566152731786,36790.6953125,64603,0.0,0.0
2022-11-30 00:00:00+09:00,36741.9676813579,36985.61468189741,36498.3206808184,36693.23828125,40959,0.0,0.0
2022-12-01 00:00:00+09:00,37424.18110236221,37814.01632217848,37083.07528502297,37131.8046875,106120,0.0,0.0
2022-12-02 00:00:00+09:00,37277.99639423077,38155.12572115385,36936.8905448718,38008.9375,184891,0.0,0.0
2022-12-05 00:00:00+09:00,38691.14774173028,38691.14774173028,37814.01844783715,38301.3125,158963,0.0,0.0
2022-12-06 00:00:00+09:00,37667.83165064103,38398.77275641026,37667.83165064103,38008.9375,81046,0.0,0.0
2022-12-07 00:00:00+09:00,37911.478646491785,38593.69034450063,37765.29042548989,38544.9609375,141974,0.0,0.0
2022-12-08 00:00:00+09:00,38496.22833212677,38544.95773507883,37862.74609375,37862.74609375,129414,0.0,0.0
2022-12-09 00:00:00+09:00,37960.20490462405,38934.79296379283,37862.746098707175,38398.76953125,146784,0.0,0.0
2022-12-12 00:00:00+09:00,38301.310367506376,38496.227977519135,37716.557537468114,38203.8515625,113333,0.0,0.0
2022-12-13 00:00:00+09:00,38252.58449549621,38886.06678650442,38155.125681494945,38544.9609375,140218,0.0,0.0
2022-12-14 00:00:00+09:00,38691.14737350252,39519.5472542954,38593.68856399748,38642.41796875,138272,0.0,0.0
2022-12-15 00:00:00+09:00,38252.58131736647,38544.95773507883,37862.74609375,37862.74609375,104297,0.0,0.0
2022-12-16 00:00:00+09:00,37229.265921677215,38593.68928006329,36888.16008208069,38496.23046875,173872,0.0,0.0
2022-12-19 00:00:00+09:00,38106.394169835236,38544.9588086185,38008.93536121673,38447.5,73282,0.0,0.0
2022-12-20 00:00:00+09:00,38008.93286512306,38496.22687621438,37619.09765625,37619.09765625,97125,0.0,0.0
2022-12-21 00:00:00+09:00,38008.934302606176,38155.12251146236,37570.36967603765,37862.74609375,45188,0.0,0.0
2022-12-22 00:00:00+09:00,37960.206663486,38691.14774173028,37960.206663486,38301.3125,137608,0.0,0.0
2022-12-23 00:00:00+09:00,37814.01889242627,37960.2071097939,36352.13671875,36352.13671875,228143,0.0,0.0
2022-12-26 00:00:00+09:00,36449.59063314863,37570.366815718706,36449.59063314863,37375.44921875,153604,0.0,0.0
2022-12-27 00:00:00+09:00,37326.72336280685,37716.55859375,37277.993958938954,37716.55859375,173722,0.0,0.0
2022-12-28 00:00:00+09:00,37637.94231980847,37981.892184349796,36458.685641381046,36556.95703125,121474,320.0,0.0
2022-12-29 00:00:00+09:00,36458.68256578947,36556.95394736842,35819.91858552631,36409.546875,101289,0.0,0.0
2023-01-02 00:00:00+09:00,37195.719380208335,37834.483385416665,36851.76953125,36851.76953125,176459,0.0,0.0
2023-01-03 00:00:00+09:00,36753.49853644459,37490.533934902705,36213.005910908636,37244.85546875,128288,0.0,0.0
2023-01-04 00:00:00+09:00,36851.7701673957,37195.72002229139,36458.68461894347,36507.8203125,98442,0.0,0.0
2023-01-05 00:00:00+09:00,36556.95415805785,36556.95415805785,34296.71236871556,35672.51171875,355878,0.0,0.0
2023-01-06 00:00:00+09:00,35328.56347788397,36458.68442362991,35132.020704710754,36311.27734375,104272,0.0,0.0
2023-01-09 00:00:00+09:00,36311.27773071452,37343.12730087015,36311.27773071452,36704.36328125,97667,0.0,0.0
2023-01-10 00:00:00+09:00,36606.09106770833,37343.12645833333,36458.68398958333,36851.76953125,118739,0.0,0.0
2023-01-11 00:00:00+09:00,37048.31125895182,37785.34662882487,37048.31125895182,37736.2109375,90654,0.0,0.0
2023-01-12 00:00:00+09:00,38374.977395967224,38571.52017392352,38031.027534543704,38227.5703125,100337,0.0,0.0
2023-01-13 00:00:00+09:00,38080.1640625,38620.65671370968,37834.48558467742,38080.1640625,54315,0.0,0.0
2023-01-16 00:00:00+09:00,38227.570876186706,38866.334913963605,37687.078228837025,38817.19921875,123917,0.0,0.0
2023-01-17 00:00:00+09:00,38866.33162216635,39013.73869532248,38374.97471164591,38473.24609375,114743,0.0,0.0
2023-01-18 00:00:00+09:00,38473.246738771464,38473.246738771464,37146.583058124175,37195.71875,110485,0.0,0.0
2023-01-19 00:00:00+09:00,37244.8583580444,42109.29236522962,37244.8583580444,40389.54296875,1652515,0.0,0.0
2023-01-20 00:00:00+09:00,40536.94768186475,40536.94768186475,38817.19838627049,38964.60546875,562137,0.0,0.0
2023-01-25 00:00:00+09:00,39259.418798092025,39357.69018432004,38374.97632203989,39112.01171875,757224,0.0,0.0
2023-01-26 00:00:00+09:00,39603.36592870844,39652.501618446295,38276.70230578644,38424.109375,400333,0.0,0.0
2023-01-27 00:00:00+09:00,38522.383010786805,38915.468551713195,38276.704547707806,38718.92578125,142240,0.0,0.0
2023-01-30 00:00:00+09:00,38866.33434085797,39112.01281330334,38178.43461801093,38227.5703125,172820,0.0,0.0
2023-01-31 00:00:00+09:00,38178.43398188694,38817.19799960191,37981.891207205415,38571.51953125,138601,0.0,0.0
2023-02-01 00:00:00+09:00,38768.06269211065,39062.87685706967,38276.705750512294,38964.60546875,186399,0.0,0.0
2023-02-02 00:00:00+09:00,39161.14658459793,39406.8250449781,38964.603816293806,39259.41796875,158492,0.0,0.0
2023-02-03 00:00:00+09:00,39259.418798092025,39554.23295677607,38964.60463940798,39112.01171875,111945,0.0,0.0
2023-02-06 00:00:00+09:00,38964.60488356274,39013.74057698464,38325.84086907811,38374.9765625,103556,0.0,0.0
2023-02-07 00:00:00+09:00,38325.84327591656,39062.87872353034,38178.4361863938,38866.3359375,94299,0.0,0.0
2023-02-08 00:00:00+09:00,39112.010691823896,39357.68915094339,38768.0608490566,39062.875,120477,0.0,0.0
2023-02-09 00:00:00+09:00,38915.46730829177,39554.23129188747,38718.92454410848,39406.82421875,123452,0.0,0.0
2023-02-10 00:00:00+09:00,39652.50394095019,39652.50394095019,38374.9759329394,38718.92578125,155108,0.0,0.0
2023-02-13 00:00:00+09:00,38866.3322527384,39210.28209568299,38129.296875,38129.296875,236004,0.0,0.0
2023-02-14 00:00:00+09:00,38522.38677199504,39947.321996979554,38424.11537716853,39652.5078125,398600,0.0,0.0
2023-02-15 00:00:00+09:00,39947.316178258756,40094.723249027236,37834.48149724384,37883.6171875,352746,0.0,0.0
2023-02-16 00:00:00+09:00,38325.842540322585,38522.385322580645,37883.62128024194,38080.1640625,162267,0.0,0.0
2023-02-17 00:00:00+09:00,37687.07358236755,37736.20927152318,36999.17393418874,37097.4453125,231812,0.0,0.0
2023-02-20 00:00:00+09:00,37343.127624354005,38325.84150920543,36802.63498768572,38031.02734375,162455,0.0,0.0
2023-02-21 00:00:00+09:00,37883.62174820026,38424.11440608639,37195.72200179974,37539.671875,126015,0.0,0.0
2023-02-22 00:00:00+09:00,36950.04111405835,37146.58388594165,36606.0912632626,37048.3125,182105,0.0,0.0
2023-02-23 00:00:00+09:00,37343.12540690104,37981.88939412435,37146.58264160156,37736.2109375,150198,0.0,0.0
2023-02-24 00:00:00+09:00,37637.940614583335,37637.940614583335,36802.63383854167,36851.76953125,138654,0.0,0.0
2023-02-27 00:00:00+09:00,36606.09130527211,36606.09130527211,35819.920216836734,36114.734375,125030,0.0,0.0
2023-02-28 00:00:00+09:00,36213.00348829733,36507.81762795782,35672.510898919754,35819.91796875,189357,0.0,0.0
2023-03-02 00:00:00+09:00,35721.64907226562,36016.46323242188,35377.69921875,35377.69921875,178204,0.0,0.0
2023-03-03 00:00:00+09:00,35525.105864184334,36114.73417728283,35377.69878590971,35918.19140625,163460,0.0,0.0
2023-03-06 00:00:00+09:00,36114.73577683972,36556.95703125,35770.78591229839,36556.95703125,150698,0.0,0.0
2023-03-07 00:00:00+09:00,36458.68537961133,37588.80635499012,36409.54968502964,37293.9921875,249566,0.0,0.0
2023-03-08 00:00:00+09:00,37293.989915600716,38178.432364192035,36950.04007448187,37932.75390625,281002,0.0,0.0
2023-03-09 00:00:00+09:00,37932.75307953042,38031.02446056547,36851.76788814484,37146.58203125,208604,0.0,0.0
2023-03-10 00:00:00+09:00,36704.36562287125,36753.50131982289,35869.05877469346,36065.6015625,145824,0.0,0.0
2023-03-13 00:00:00+09:00,35869.05895367548,36360.41592564363,35082.887798526426,36262.14453125,203029,0.0,0.0
2023-03-14 00:00:00+09:00,36262.14302629249,36262.14302629249,34542.39369577727,34689.80078125,196114,0.0,0.0
2023-03-15 00:00:00+09:00,35279.42598684211,35377.69736842105,34493.25493421053,34542.390625,128558,0.0,0.0
2023-03-16 00:00:00+09:00,34345.850346721905,34493.257429755045,33412.272154178674,34100.171875,131166,0.0,0.0
2023-03-17 00:00:00+09:00,34493.257363253855,35082.88569424965,34493.257363253855,35033.75,140430,0.0,0.0
2023-03-20 00:00:00+09:00,35033.750647353045,35525.10759892882,34394.986610304535,34689.80078125,119468,0.0,0.0
2023-03-21 00:00:00+09:00,34738.936753798844,35033.75092709841,33903.62992945007,33952.765625,165875,0.0,0.0
2023-03-22 00:00:00+09:00,34149.30888097426,34296.715969669116,33068.32356387868,33412.2734375,270362,0.0,0.0
2023-03-23 00:00:00+09:00,33117.457863729505,33264.86494620902,32576.96522797131,32970.05078125,193257,0.0,0.0
2023-03-24 00:00:00+09:00,33166.59355788934,33461.40772284836,32773.50800461065,32970.05078125,101066,0.0,0.0
2023-03-27 00:00:00+09:00,32970.04892969911,33412.27015230312,32331.28494149331,33068.3203125,131675,0.0,0.0
2023-03-28 00:00:00+09:00,33363.135693215336,33608.81415929204,32970.05014749263,33314.0,115386,0.0,0.0
2023-03-29 00:00:00+09:00,33019.187684911245,33510.54464450814,33019.187684911245,33215.73046875,100589,0.0,0.0
2023-03-30 00:00:00+09:00,33412.26973684211,34100.16940789474,33068.31990131579,33608.8125,187545,0.0,0.0
2023-03-31 00:00:00+09:00,33608.81435575513,33854.49282326796,33068.3217272269,33510.54296875,130119,0.0,0.0
2023-04-03 00:00:00+09:00,33559.681551716225,33903.631435848016,33264.86736531755,33461.41015625,137851,0.0,0.0
2023-04-04 00:00:00+09:00,33461.409853178884,34394.9881016523,33215.73136673851,34198.4453125,266872,0.0,0.0
2023-04-05 00:00:00+09:00,34100.17225338319,35033.75045628561,33903.62947382479,34493.2578125,230664,0.0,0.0
2023-04-06 00:00:00+09:00,34984.615422661875,35279.42959757194,34051.03720211331,34149.30859375,240256,0.0,0.0
2023-04-07 00:00:00+09:00,34394.984375,34444.120066964286,33805.35607142857,34394.984375,117492,0.0,0.0
2023-04-10 00:00:00+09:00,35082.88214906662,35082.88214906662,33412.26871339678,33559.67578125,255535,0.0,0.0
2023-04-11 00:00:00+09:00,33264.86736531755,33756.22434264868,33068.32457438509,33461.41015625,164637,0.0,0.0
2023-04-12 00:00:00+09:00,33559.67842091105,34493.25659074605,33313.99995516499,34247.578125,282522,0.0,0.0
2023-04-13 00:00:00+09:00,34247.57851285461,34640.6640625,33756.22157579787,34640.6640625,287773,0.0,0.0
2023-04-14 00:00:00+09:00,34886.342476691985,36802.63452822859,34542.39262128798,35574.2421875,693899,0.0,0.0
2023-04-17 00:00:00+09:00,35623.375404849445,35721.646785276615,34345.84745929622,35082.8828125,479322,0.0,0.0
2023-04-18 00:00:00+09:00,35033.750647353045,36262.14302629249,34444.12230546211,34689.80078125,626525,0.0,0.0
2023-04-19 00:00:00+09:00,34886.34489026373,34935.48058729227,33903.630949692924,34001.90234375,374479,0.0,0.0
2023-04-20 00:00:00+09:00,34345.849914826125,34640.66407718515,32576.96494067199,32675.236328125,573862,0.0,0.0
2023-04-21 00:00:00+09:00,32527.827615749615,32724.370380799464,31790.792246812693,32036.470703125,322903,0.0,0.0
2023-04-24 00:00:00+09:00,32036.47320907854,32478.694465032077,31446.844867807155,31594.251953125,255156,0.0,0.0
2023-04-25 00:00:00+09:00,31594.250731656546,32036.471970513325,30955.48671997453,31348.572265625,303816,0.0,0.0
2023-04-26 00:00:00+09:00,31250.301454326924,32380.422418870192,31102.894371995193,31938.201171875,231802,0.0,0.0
2023-04-27 00:00:00+09:00,31692.521879187403,32134.74311471095,30906.350793812213,32085.607421875,248433,0.0,0.0
2023-04-28 00:00:00+09:00,32085.607022165696,32233.014098837208,31545.114407703488,31692.521484375,185602,0.0,0.0
2023-05-02 00:00:00+09:00,31741.658395432692,32036.472560096154,31495.979924879808,31938.201171875,187590,0.0,0.0
2023-05-03 00:00:00+09:00,31839.927938075154,32036.470703125,31594.249481762843,32036.470703125,160285,0.0,0.0
2023-05-04 00:00:00+09:00,31938.198416573658,33264.86204310826,31889.062726702006,33019.18359375,279355,0.0,0.0
2023-05-08 00:00:00+09:00,33264.86204310826,33608.81187220982,32724.36945452009,33019.18359375,129024,0.0,0.0
2023-05-09 00:00:00+09:00,32920.91303484679,33412.26994581465,32822.64165265321,32871.77734375,111478,0.0,0.0
2023-05-10 00:00:00+09:00,32871.778369869404,33559.678066697765,32822.64267723881,32920.9140625,153308,0.0,0.0
2023-05-11 00:00:00+09:00,33117.45683302239,33215.728218283584,32626.09990671642,32920.9140625,116056,0.0,0.0
2023-05-12 00:00:00+09:00,32773.507421282244,32871.77880785281,32233.014795144158,32380.421875,113765,0.0,0.0
2023-05-15 00:00:00+09:00,32134.7434085736,32527.828954855842,32036.472022003036,32380.421875,97034,0.0,0.0
2023-05-16 00:00:00+09:00,32282.151223838875,32576.965390266625,31987.33705741112,32134.744140625,66543,0.0,0.0
2023-05-17 00:00:00+09:00,32134.744518268504,32626.101468089124,32036.47312830438,32527.830078125,94904,0.0,0.0
2023-05-18 00:00:00+09:00,32675.237163071186,32871.779942999434,32233.015908232628,32527.830078125,80264,0.0,0.0
2023-05-19 00:00:00+09:00,32527.829150169684,32773.507618071264,32429.55776300905,32576.96484375,98076,0.0,0.0
2023-05-22 00:00:00+09:00,32429.556324294204,33264.86307810178,32429.556324294204,33068.3203125,119176,0.0,0.0
2023-05-23 00:00:00+09:00,32920.914454277285,33510.54277286136,32920.914454277285,33314.0,145729,0.0,0.0
2023-05-24 00:00:00+09:00,33363.13652777778,33510.54361111111,33019.18666666667,33166.59375,74442,0.0,0.0
2023-05-25 00:00:00+09:00,33215.728218283584,33412.27098880597,32773.50698460821,32920.9140625,68611,0.0,0.0
2023-05-26 00:00:00+09:00,32920.914698812216,33166.5931667138,32576.96484375,32576.96484375,75104,0.0,0.0
2023-05-30 00:00:00+09:00,32920.913238298665,33215.727386701335,32675.234781296433,33068.3203125,68483,0.0,0.0
2023-05-31 00:00:00+09:00,33068.321338325295,33215.7284170994,32773.50718077707,33117.45703125,91861,0.0,0.0
2023-06-01 00:00:00+09:00,32773.50636424483,33412.27035635155,32773.50636424483,33264.86328125,97530,0.0,0.0
2023-06-02 00:00:00+09:00,33412.26911272321,33412.26911272321,32871.77652413504,33019.18359375,80673,0.0,0.0
2023-06-05 00:00:00+09:00,33068.3203125,33166.59169530089,32626.099089895986,33068.3203125,79305,0.0,0.0
2023-06-07 00:00:00+09:00,32920.915827937315,33264.86569479636,32724.373046875,32724.373046875,80933,0.0,0.0
2023-06-08 00:00:00+09:00,32724.370380799464,32773.50607206192,31839.927938075154,32036.470703125,174417,0.0,0.0
2023-06-09 00:00:00+09:00,32134.744883956086,32331.287666120956,31790.795015167565,31889.06640625,98258,0.0,0.0
2023-06-12 00:00:00+09:00,31889.06394879695,31938.199640551644,31250.299955985916,31397.70703125,128272,0.0,0.0
2023-06-13 00:00:00+09:00,31397.70703125,31692.52118177817,31250.299955985916,31397.70703125,102473,0.0,0.0
2023-06-14 00:00:00+09:00,31348.570931557053,31446.842313787638,30906.34971151941,31004.62109375,144439,0.0,0.0
2023-06-15 00:00:00+09:00,31053.75805307942,31102.89374620138,30071.044190640197,30316.72265625,206730,0.0,0.0
2023-06-16 00:00:00+09:00,30414.994042493923,30857.215280591572,30316.72265625,30316.72265625,85566,0.0,0.0
2023-06-19 00:00:00+09:00,30513.265625,30513.265625,30218.45146437198,30513.265625,92261,0.0,0.0
2023-06-20 00:00:00+09:00,30414.994238123993,30709.80839875201,30414.994238123993,30513.265625,71041,0.0,0.0
2023-06-21 00:00:00+09:00,30464.131229406918,30611.538316000824,29825.3671875,29825.3671875,150489,0.0,0.0
2023-06-22 00:00:00+09:00,29825.366904768092,30021.909685030158,29383.145649178452,29530.552734375,92614,0.0,0.0
2023-06-23 00:00:00+09:00,29530.551512033348,29727.094284160026,29186.601660811662,29284.873046875,147813,0.0,0.0
2023-06-26 00:00:00+09:00,29334.009224164605,30071.04463180693,28793.516591893564,29776.23046875,104684,0.0,0.0
2023-06-27 00:00:00+09:00,29677.958984375,29972.77314647144,29383.14482227856,29677.958984375,61168,0.0,0.0
2023-06-28 00:00:00+09:00,29776.23120970258,29825.366904768092,29334.009954112935,29530.552734375,68022,0.0,0.0
2023-06-29 00:00:00+09:00,29481.416112956813,29579.6875,29088.330564784053,29579.6875,155474,0.0,0.0
2023-06-30 00:00:00+09:00,29432.28134424397,29579.688429440514,29186.602868916387,29530.552734375,77215,0.0,0.0
2023-07-03 00:00:00+09:00,29579.687789113897,30120.18042313425,29481.416401110197,29874.501953125,294435,0.0,0.0
2023-07-04 00:00:00+09:00,29874.5014632107,29874.5014632107,29284.87314485786,29383.14453125,97999,0.0,0.0
2023-07-05 00:00:00+09:00,29284.872748940677,29677.958289194918,28990.05859375,28990.05859375,145981,0.0,0.0
2023-07-06 00:00:00+09:00,29088.329254201682,29530.55047597164,28596.97234112395,29235.736328125,302594,0.0,0.0
2023-07-07 00:00:00+09:00,29039.1960522677,29039.1960522677,27417.71810011062,27761.66796875,412355,0.0,0.0
2023-07-10 00:00:00+09:00,27761.666795530335,28891.787744728914,27712.53110208692,28547.837890625,275956,0.0,0.0
2023-07-12 00:00:00+09:00,30071.043569711535,30660.671875,29825.36510917468,30660.671875,96288,0.0,0.0
2023-07-13 00:00:00+09:00,30906.350635540675,31250.300483630952,30709.807865203373,30955.486328125,178026,0.0,0.0
2023-07-14 00:00:00+09:00,30857.215772029507,31102.894241552036,30464.13022079346,30808.080078125,107969,0.0,0.0
2023-07-17 00:00:00+09:00,30808.08146926592,31348.57412662146,30414.99590028007,31250.302734375,132627,0.0,0.0
2023-07-18 00:00:00+09:00,31250.299549326464,31348.570931557053,30758.942638173532,31004.62109375,117652,0.0,0.0
2023-07-19 00:00:00+09:00,31348.57412662146,31446.845518867925,30709.810077019458,31250.302734375,140877,0.0,0.0
2023-07-20 00:00:00+09:00,30955.485096807064,31741.656146884707,30857.21371554736,31643.384765625,109512,0.0,0.0
2023-07-21 00:00:00+09:00,31446.843891402714,32773.507618071264,31348.57250424208,32576.96484375,268387,0.0,0.0
2023-07-24 00:00:00+09:00,32724.371826541224,32822.64321340771,32036.472118475795,32478.693359375,167508,0.0,0.0
2023-07-25 00:00:00+09:00,32233.01523919753,32773.507872781636,31839.9296875,31839.9296875,169936,0.0,0.0
2023-07-26 00:00:00+09:00,31594.25067742099,31741.657756786874,29923.637111274315,30316.72265625,267163,0.0,0.0
2023-07-27 00:00:00+09:00,30267.586103723406,32576.96361488412,30267.586103723406,32331.28515625,225098,0.0,0.0
2023-07-28 00:00:00+09:00,32233.015908232628,32871.779942999434,31987.33743332232,32527.830078125,135071,0.0,0.0
2023-07-31 00:00:00+09:00,32527.829343140933,32920.91489411544,32331.286567653675,32773.5078125,116886,0.0,0.0
2023-08-01 00:00:00+09:00,32429.556539703648,32822.64207351824,31594.249780347647,32331.28515625,247463,0.0,0.0
2023-08-02 00:00:00+09:00,32920.9122140067,34051.03308105469,32724.36945452009,33019.18359375,542279,0.0,0.0
2023-08-03 00:00:00+09:00,32871.775955856014,34591.52507163324,32478.690443678366,34296.7109375,449648,0.0,0.0
2023-08-04 00:00:00+09:00,34394.98688494935,34394.98688494935,33608.81575615051,33952.765625,193074,0.0,0.0
2023-08-07 00:00:00+09:00,34100.171875,34886.34298451008,33854.493403278095,34100.171875,256099,0.0,0.0
2023-08-08 00:00:00+09:00,34394.98540032097,34542.39248060806,33756.22138574358,34444.12109375,226697,0.0,0.0
2023-08-09 00:00:00+09:00,34542.38982758621,36213.00327586207,34542.38982758621,35623.375,457744,0.0,0.0
2023-08-10 00:00:00+09:00,35623.37826588115,36753.499231557376,35426.8354892418,35967.328125,376800,0.0,0.0
2023-08-11 00:00:00+09:00,35967.32689993123,36163.86966987621,35279.42720512379,35721.6484375,225769,0.0,0.0
2023-08-14 00:00:00+09:00,36311.274868184155,36311.274868184155,35377.69675925926,35819.91796875,139492,0.0,0.0
2023-08-16 00:00:00+09:00,35721.64658886317,36409.54624807099,35279.42537937243,35819.91796875,268574,0.0,0.0
2023-08-17 00:00:00+09:00,35377.69960508242,35967.32793183379,34935.47836001889,35770.78515625,189626,0.0,0.0
2023-08-18 00:00:00+09:00,35475.96793103449,35869.05344827587,35181.15379310345,35623.375,121915,0.0,0.0
2023-08-21 00:00:00+09:00,35525.10566755502,36163.86966987621,35475.96997506877,35721.6484375,118120,0.0,0.0
2023-08-22 00:00:00+09:00,35819.921495752424,36065.599969660194,35279.42885315534,35426.8359375,123349,0.0,0.0
2023-08-23 00:00:00+09:00,35426.83205764358,36507.81722445101,35230.289300042234,36360.41015625,217969,0.0,0.0
2023-08-24 00:00:00+09:00,36360.412209400274,36753.49774679919,35967.32667200135,36458.68359375,198261,0.0,0.0
2023-08-25 00:00:00+09:00,36065.60127044393,37490.53647050234,36016.465573890186,36802.63671875,239597,0.0,0.0
2023-08-28 00:00:00+09:00,37343.126052897576,37736.211590296494,36311.27651722541,36458.68359375,131753,0.0,0.0
2023-08-29 00:00:00+09:00,36311.27651722541,36655.22636244946,35181.155597203506,36458.68359375,168415,0.0,0.0
2023-08-30 00:00:00+09:00,36753.50150321816,36753.50150321816,35967.33034806911,36262.14453125,95010,0.0,0.0
2023-08-31 00:00:00+09:00,36114.73170924831,36753.49567145271,35770.78188344595,36360.41015625,151643,0.0,0.0
2023-09-01 00:00:00+09:00,36360.411393767215,36556.95415805785,35132.01911695075,35672.51171875,188505,0.0,0.0
2023-09-04 00:00:00+09:00,35475.97080024171,35869.05634927486,35181.15663846685,35574.2421875,82515,0.0,0.0
2023-09-05 00:00:00+09:00,35426.83622994652,37539.67112299465,35377.70053475936,36753.5,287404,0.0,0.0
2023-09-06 00:00:00+09:00,36507.82133631552,36802.63550592238,34837.20770854335,36556.95703125,154985,0.0,0.0
2023-09-07 00:00:00+09:00,36606.092343537704,36900.90651006284,36114.73539932915,36163.87109375,102422,0.0,0.0
2023-09-08 00:00:00+09:00,36655.22613936592,38325.83966314399,36213.004912483484,37195.71875,427376,0.0,0.0
2023-09-11 00:00:00+09:00,37244.854014453624,39112.01028430749,37244.854014453624,38669.7890625,515856,0.0,0.0
2023-09-12 00:00:00+09:00,38866.33099262322,39112.00944390402,37637.9387362192,37883.6171875,399136,0.0,0.0
2023-09-13 00:00:00+09:00,38227.567850748695,38276.70354207357,36950.039876302086,37736.2109375,186950,0.0,0.0
2023-09-14 00:00:00+09:00,37736.21298701299,37834.484375,37097.44896509741,37834.484375,195752,0.0,0.0
2023-09-15 00:00:00+09:00,37834.482744385736,37834.482744385736,36999.175982496694,37195.71875,153491,0.0,0.0
2023-09-18 00:00:00+09:00,37146.58446883159,38522.38389360313,36950.04169386423,37637.94140625,270833,0.0,0.0
2023-09-19 00:00:00+09:00,37637.93975671956,38080.16098101522,37392.26129877753,37932.75390625,228936,0.0,0.0
2023-09-20 00:00:00+09:00,37981.89258304471,39161.14927385075,37441.39993309194,39013.7421875,453342,0.0,0.0
2023-09-21 00:00:00+09:00,38866.333097509705,38866.333097509705,37490.533695827944,37981.890625,274444,0.0,0.0
2023-09-22 00:00:00+09:00,37343.12676664573,39701.64003611809,37146.5839941897,39112.01171875,427859,0.0,0.0
2023-09-25 00:00:00+09:00,39849.048090916054,42846.325444240196,39799.91239659926,40094.7265625,1636850,0.0,0.0
2023-09-26 00:00:00+09:00,40389.5414851262,41273.98399939904,39849.04883751502,40880.8984375,548956,0.0,0.0
2023-09-27 00:00:00+09:00,40389.540036742874,42060.153614904986,40045.590182415384,41372.25390625,418776,0.0,0.0
2023-10-04 00:00:00+09:00,41372.25311175847,42060.15280720339,40291.267876059326,40586.08203125,318304,0.0,0.0
2023-10-05 00:00:00+09:00,40930.03441038097,41126.57719266371,39701.64202111383,40143.86328125,291587,0.0,0.0
2023-10-06 00:00:00+09:00,40291.26921106557,42158.42558913934,40143.862128586065,41961.8828125,363646,0.0,0.0
2023-10-10 00:00:00+09:00,42158.422907366075,42354.96567150298,40930.03063151042,41273.98046875,278060,0.0,0.0
2023-10-11 00:00:00+09:00,41617.931739546526,42158.42435954064,40979.16773409894,41716.203125,241701,0.0,0.0
2023-10-12 00:00:00+09:00,41716.202299735916,42011.016450264084,41273.981073943665,41863.609375,254431,0.0,0.0
2023-10-13 00:00:00+09:00,41716.201688058034,42158.422907366075,40979.16632254465,41273.98046875,181449,0.0,0.0
2023-10-16 00:00:00+09:00,41077.4377046131,41961.880143229166,40880.894940476195,41273.98046875,196444,0.0,0.0
2023-10-17 00:00:00+09:00,41470.526780348555,41716.20525653545,40536.94857083834,40880.8984375,183625,0.0,0.0
2023-10-18 00:00:00+09:00,41028.30475451899,41028.30475451899,39898.18378523284,40094.7265625,266499,0.0,0.0
2023-10-19 00:00:00+09:00,39259.41754918981,40586.081221064815,39112.01047453703,39799.91015625,252444,0.0,0.0
2023-10-20 00:00:00+09:00,39603.366366656366,40389.53741115575,38473.2454901885,39750.7734375,295483,0.0,0.0
2023-10-23 00:00:00+09:00,39750.775833457636,41421.3894037142,39406.825980757756,41175.7109375,262532,0.0,0.0
2023-10-24 00:00:00+09:00,41175.71050500589,41961.88158863369,40340.403728651356,41716.203125,214713,0.0,0.0
2023-10-25 00:00:00+09:00,42158.422494612074,43583.357520653735,41372.251445761496,42748.05078125,476316,0.0,0.0
2023-10-26 00:00:00+09:00,42060.15458236659,43337.68264211137,41961.88319315545,42354.96875,260775,0.0,0.0
2023-10-27 00:00:00+09:00,42502.37525275735,42846.32511029412,41372.25429227942,41765.33984375,169898,0.0,0.0
2023-10-30 00:00:00+09:00,41617.93131359012,43190.27346475291,41470.5242369186,42256.6953125,194862,0.0,0.0
2023-10-31 00:00:00+09:00,42404.10649052373,43583.363217954284,42256.69939959491,42453.2421875,254950,0.0,0.0
2023-11-01 00:00:00+09:00,42846.32216235632,42993.72923401581,42011.01542295259,42748.05078125,131003,0.0,0.0
2023-11-02 00:00:00+09:00,43190.271786590645,43337.67885753464,42109.28659966801,42551.5078125,149975,0.0,0.0
2023-11-03 00:00:00+09:00,43042.867075089925,43092.00276809802,40782.62519671762,40979.16796875,345153,0.0,0.0
2023-11-06 00:00:00+09:00,40979.165300953515,41372.25081942789,39701.6373659118,41224.84375,412382,0.0,0.0
2023-11-07 00:00:00+09:00,41175.71335126769,41961.88448923939,40635.220693912146,41667.0703125,225496,0.0,0.0
2023-11-08 00:00:00+09:00,41863.611666666664,44516.93916666666,41667.06888888889,44222.125,541555,0.0,0.0
2023-11-09 00:00:00+09:00,43632.4969279661,44172.989570091806,43042.868591101695,43485.08984375,196685,0.0,0.0
2023-11-10 00:00:00+09:00,43092.00288063641,44123.85243650114,42748.053028681505,43042.8671875,130361,0.0,0.0
2023-11-13 00:00:00+09:00,43485.090584982536,43583.36197613504,41912.74832654249,42207.5625,130387,0.0,0.0
2023-11-14 00:00:00+09:00,42011.015625,42748.05098684211,41617.93009868421,42011.015625,137634,0.0,0.0
2023-11-15 00:00:00+09:00,41814.47411006242,42305.831032624854,40979.1673417063,41323.1171875,404261,0.0,0.0
2023-11-16 00:00:00+09:00,41568.79564878121,42109.28826359988,41175.71011073127,41323.1171875,143677,0.0,0.0
2023-11-17 00:00:00+09:00,41323.117386279584,42207.55985114645,41224.846001294376,41519.66015625,211897,0.0,0.0
2023-11-20 00:00:00+09:00,41519.660550080596,42060.15317262603,40586.08238386577,41912.74609375,207783,0.0,0.0
2023-11-21 00:00:00+09:00,42011.01792142963,42305.83208228177,41273.98251929929,41372.25390625,132256,0.0,0.0
2023-11-22 00:00:00+09:00,40979.16880076715,41568.797128835744,40733.49033073857,40831.76171875,138109,0.0,0.0
2023-11-23 00:00:00+09:00,40979.16899326347,42011.01857223054,40536.94774513473,41028.3046875,175519,0.0,0.0
2023-11-24 00:00:00+09:00,40880.89824879227,41372.25519889795,40242.13421365489,40684.35546875,160593,0.0,0.0
2023-11-27 00:00:00+09:00,40389.54053455973,40930.033169450435,39701.64081742611,39898.18359375,166171,0.0,0.0
2023-11-28 00:00:00+09:00,39701.64126872659,40242.133909761236,38669.79168129682,39357.69140625,353627,0.0,0.0
2023-11-29 00:00:00+09:00,39357.68852770418,39603.366982933294,38620.65316201683,39406.82421875,299483,0.0,0.0
2023-11-30 00:00:00+09:00,39308.55429292929,39505.09706439394,38669.790285669194,38915.46875,171747,0.0,0.0
2023-12-01 00:00:00+09:00,38768.06124494084,39849.04647610523,38718.92555261519,39455.9609375,181747,0.0,0.0
2023-12-04 00:00:00+09:00,39554.23295677607,40782.62528462626,39013.740332521986,39112.01171875,177376,0.0,0.0
2023-12-05 00:00:00+09:00,39112.01152146465,39357.689985795456,38571.51889993687,38915.46875,92432,0.0,0.0
2023-12-06 00:00:00+09:00,39554.2327572601,39554.2327572601,38866.33305713384,38915.46875,189113,0.0,0.0
2023-12-07 00:00:00+09:00,39112.01385505481,40586.08472898904,38964.60676766139,40340.40625,308201,0.0,0.0
2023-12-08 00:00:00+09:00,40586.08311417079,40586.08311417079,38866.33382967203,39701.640625,164218,0.0,0.0
2023-12-11 00:00:00+09:00,39898.18527062655,40045.59235906482,39455.964005311725,39603.37109375,79430,0.0,0.0
2023-12-12 00:00:00+09:00,39750.7734375,39996.45188890606,39210.280844406676,39750.7734375,130928,0.0,0.0
2023-12-13 00:00:00+09:00,39799.91413753002,41028.306549182176,39259.42147640306,40930.03515625,215463,0.0,0.0
2023-12-14 00:00:00+09:00,41175.70929924242,41372.252064393935,40242.13116477273,40536.9453125,214587,0.0,0.0
2023-12-15 00:00:00+09:00,40733.48787698722,40733.48787698722,39357.68852770418,39406.82421875,155718,0.0,0.0
2023-12-18 00:00:00+09:00,39308.55571161049,39701.64126872659,38964.6058491339,39357.69140625,117344,0.0,0.0
2023-12-19 00:00:00+09:00,39406.82784768972,40143.86328125,39357.69215211903,40143.86328125,116013,0.0,0.0
2023-12-20 00:00:00+09:00,40143.861869585395,40291.26895111386,39161.14799272896,39701.640625,312283,0.0,0.0
2023-12-21 00:00:00+09:00,39947.31903718259,41077.43999395405,39750.7762620919,40635.21875,302337,0.0,0.0
2023-12-22 00:00:00+09:00,41028.305991169305,41126.57738276492,40094.72777101096,40340.40625,123487,0.0,0.0
2023-12-26 00:00:00+09:00,40586.081630119195,41224.84562671913,40094.7247096577,40192.99609375,180339,0.0,0.0
2023-12-27 00:00:00+09:00,40955.65312320814,43580.38059059633,40658.5141646359,43184.1953125,543858,320.0,0.0
2023-12-28 00:00:00+09:00,43382.28875492126,44125.13616510827,42837.53398745079,44026.08984375,222093,0.0,0.0
2024-01-02 00:00:00+09:00,44224.18276422051,44768.93753511236,43035.62690045646,44075.61328125,214909,0.0,0.0
2024-01-03 00:00:00+09:00,43827.99684979839,46997.479107862906,43827.99684979839,46056.5390625,598457,0.0,0.0
2024-01-04 00:00:00+09:00,46106.06288184691,46403.201847787925,43877.52063728933,44075.61328125,288261,0.0,0.0
2024-01-05 00:00:00+09:00,44174.660431830904,44768.93837486002,43580.38248880179,44224.18359375,144453,0.0,0.0
2024-01-08 00:00:00+09:00,44323.22968572039,44570.845494020505,43184.196967539865,43481.3359375,122034,0.0,0.0
2024-01-09 00:00:00+09:00,43778.47265625,44224.18108827065,43481.33370156957,43778.47265625,92855,0.0,0.0
2024-01-10 00:00:00+09:00,43877.51813896648,44867.981302374305,43580.379189944135,44323.2265625,127657,0.0,0.0
2024-01-11 00:00:00+09:00,44471.79746631307,44669.89010536124,43184.1953125,43184.1953125,162284,0.0,0.0
2024-01-12 00:00:00+09:00,43382.2862658776,44026.08731776847,42887.0546875,42887.0546875,106723,0.0,0.0
2024-01-15 00:00:00+09:00,42688.96205614896,43530.85573939088,42540.39258263568,42887.0546875,93325,0.0,0.0
2024-01-16 00:00:00+09:00,42887.05635392775,43877.51954916858,42788.01003440367,43184.1953125,119832,0.0,0.0
2024-01-17 00:00:00+09:00,43530.85601828107,43530.85601828107,42243.25390625,42243.25390625,112120,0.0,0.0
2024-01-18 00:00:00+09:00,42540.394253532926,43530.85744919143,42391.82477418415,42490.87109375,84826,0.0,0.0
2024-01-19 00:00:00+09:00,42788.010071090044,43085.14902991706,41648.977395586495,41797.546875,126046,0.0,0.0
2024-01-22 00:00:00+09:00,42045.16461332256,42887.05836883079,41847.07196496768,42144.2109375,86896,0.0,0.0
2024-01-23 00:00:00+09:00,42540.394218220936,44422.27428840999,42243.255259770034,43877.51953125,229728,0.0,0.0
2024-01-24 00:00:00+09:00,44125.135063863374,44125.135063863374,42837.53291834099,43134.671875,127245,0.0,0.0
2024-01-25 00:00:00+09:00,42986.10184119678,43431.810270425776,42688.96288837744,43035.625,76490,0.0,0.0
2024-01-26 00:00:00+09:00,43184.19363452656,43481.33258155311,42490.86942479792,42887.0546875,106666,0.0,0.0
2024-01-29 00:00:00+09:00,43035.62613231228,43530.85773337456,42540.39453125,42540.39453125,104787,0.0,0.0
2024-01-30 00:00:00+09:00,42589.916570771,43283.240794016114,42292.777617951666,43035.625,104627,0.0,0.0
2024-01-31 00:00:00+09:00,43134.670457935565,43184.19361575179,41351.83677655132,41500.40625,190871,0.0,0.0
2024-02-01 00:00:00+09:00,41549.92939832372,41896.59150295813,40509.943084420505,40807.08203125,171963,0.0,0.0
2024-02-02 00:00:00+09:00,41252.79129666717,41648.9765672234,40509.94391437425,40955.65234375,205010,0.0,0.0
2024-02-05 00:00:00+09:00,40807.08433544304,40906.130656645575,39073.77371439874,39123.296875,295210,0.0,0.0
2024-02-06 00:00:00+09:00,39271.864130015434,40509.94307484568,39123.2946566358,40113.7578125,176504,0.0,0.0
2024-02-07 00:00:00+09:00,40163.282094726565,40311.85157226562,39321.388388671876,39618.52734375,101420,0.0,0.0
2024-02-08 00:00:00+09:00,39767.097933185636,39965.1905754431,39370.91264867071,39816.62109375,124828,0.0,0.0
2024-02-13 00:00:00+09:00,39816.61858776267,40410.896477132264,39420.433328182946,40064.234375,115558,0.0,0.0
2024-02-14 00:00:00+09:00,40311.85353740706,40608.99250697026,39519.48295190521,39965.19140625,139489,0.0,0.0
2024-02-15 00:00:00+09:00,39965.189738412926,40212.80553604869,39519.48130266854,39668.05078125,182921,0.0,0.0
2024-02-16 00:00:00+09:00,39668.04994419643,40311.85100446429,39420.43415178572,40212.8046875,117063,0.0,0.0
2024-02-19 00:00:00+09:00,39965.191730950886,40361.37702692066,39321.390625,39321.390625,118896,0.0,0.0
2024-02-20 00:00:00+09:00,39370.91071498588,39866.14229630646,38826.15597553325,39469.95703125,146805,0.0,0.0
2024-02-21 00:00:00+09:00,39123.29718669562,39222.343508687256,37934.741322796006,38479.49609375,286321,0.0,0.0
2024-02-22 00:00:00+09:00,38479.494140625,38628.06361607143,37984.26255580357,38132.83203125,157977,0.0,0.0
2024-02-23 00:00:00+09:00,38529.017851463104,39668.05051288168,38231.87889631043,38925.203125,238150,0.0,0.0
2024-02-26 00:00:00+09:00,39420.43386813538,40014.711765644955,38578.54017999681,38776.6328125,210792,0.0,0.0
2024-02-27 00:00:00+09:00,38727.112781494776,38826.159105744126,37885.21902537533,37934.7421875,156925,0.0,0.0
2024-02-28 00:00:00+09:00,38231.87890625,38380.44838386496,37786.170473405116,38231.87890625,91272,0.0,0.0
2024-02-29 00:00:00+09:00,38083.31167387402,38380.45064662206,37538.556890502616,37934.7421875,128989,0.0,0.0
2024-03-04 00:00:00+09:00,38380.448109313074,38380.448109313074,37489.03125,37489.03125,129308,0.0,0.0
2024-03-05 00:00:00+09:00,37489.03260409955,38628.06529880799,37340.463122181056,38429.97265625,154438,0.0,0.0
2024-03-06 00:00:00+09:00,38429.97375801282,39172.82118890224,37934.742137419875,38628.06640625,145761,0.0,0.0
2024-03-07 00:00:00+09:00,38727.10964403974,39024.24859271523,37241.414900662254,37389.984375,177153,0.0,0.0
2024-03-08 00:00:00+09:00,37389.98578355395,37637.60158344504,36052.86046414209,36944.27734375,262153,0.0,0.0
2024-03-11 00:00:00+09:00,37092.84541566369,37489.03068045048,35904.2896213033,36003.3359375,184784,0.0,0.0
2024-03-12 00:00:00+09:00,36052.861855495255,36746.18612194708,35706.19972226934,36498.5703125,110854,0.0,0.0
2024-03-13 00:00:00+09:00,36498.56808894231,36746.18388330419,35359.53543487762,35409.05859375,250151,0.0,0.0
2024-03-14 00:00:00+09:00,35409.058588391636,36201.42913022977,35409.058588391636,36102.3828125,157434,0.0,0.0
2024-03-15 00:00:00+09:00,35854.769255705396,36350.000875259335,35557.63028397303,35805.24609375,112022,0.0,0.0
2024-03-18 00:00:00+09:00,35953.814413905624,37092.84710194947,35854.76809320616,36993.80078125,179734,0.0,0.0
2024-03-19 00:00:00+09:00,36845.23130020081,37290.9397433484,36746.18497950134,36993.80078125,106485,0.0,0.0
2024-03-20 00:00:00+09:00,37241.41686163102,37241.41686163102,36795.70841514873,37043.32421875,64570,0.0,0.0
2024-03-21 00:00:00+09:00,37389.98662278872,37736.648750417226,36795.70868971128,37092.84765625,121649,0.0,0.0
2024-03-22 00:00:00+09:00,37092.84626491096,37191.89258337534,36746.18415028562,36845.23046875,86222,0.0,0.0
2024-03-25 00:00:00+09:00,37588.078125,38330.925518774704,37538.554965415016,37588.078125,183965,0.0,0.0
2024-03-26 00:00:00+09:00,37588.0789554626,37885.217919537405,36845.231545275594,37736.6484375,116266,0.0,0.0
2024-03-27 00:00:00+09:00,37835.694202302635,37885.217362253294,37241.41628289474,37637.6015625,128294,0.0,0.0
2024-03-28 00:00:00+09:00,37389.98576274671,38083.31000205592,37191.89312294408,37637.6015625,91709,0.0,0.0
2024-03-29 00:00:00+09:00,37637.600160256414,37687.12331836201,36597.6138400388,36696.66015625,153427,0.0,0.0
2024-04-01 00:00:00+09:00,36696.65961155378,37984.26170318725,36696.65961155378,37290.9375,138536,0.0,0.0
2024-04-02 00:00:00+09:00,37340.46290369813,37389.98606404786,36498.56917775268,36993.80078125,90875,0.0,0.0
2024-04-03 00:00:00+09:00,36944.27734375,37340.46262357574,36399.52258398961,36944.27734375,87914,0.0,0.0
2024-04-04 00:00:00+09:00,37340.46121162281,37340.46121162281,36597.6138400388,36696.66015625,63167,0.0,0.0
2024-04-05 00:00:00+09:00,36449.046598639456,36597.61608205782,36151.90763180272,36399.5234375,81914,0.0,0.0
2024-04-08 00:00:00+09:00,36349.99946683496,36349.99946683496,35260.48994603064,35557.62890625,132999,0.0,0.0
2024-04-09 00:00:00+09:00,35557.62722744031,35854.76617363062,35260.48828125,35260.48828125,63248,0.0,0.0
2024-04-11 00:00:00+09:00,34963.35238892807,35161.44503702398,34666.2134167842,35111.921875,85495,0.0,0.0
2024-04-12 00:00:00+09:00,35607.15180476529,35656.67496443812,34765.25809032717,34814.78125,96213,0.0,0.0
2024-04-15 00:00:00+09:00,34814.78177699061,35805.24498543985,34369.073333188455,35607.15234375,115226,0.0,0.0
2024-04-16 00:00:00+09:00,35260.49027677279,35557.62923977931,34022.41126424566,34220.50390625,93411,0.0,0.0
2024-04-17 00:00:00+09:00,34270.027066751085,34864.30499276411,34170.980745748915,34220.50390625,83331,0.0,0.0
2024-04-18 00:00:00+09:00,34071.93356164383,36349.9988869863,34071.93356164383,36151.90625,171113,0.0,0.0
2024-04-19 00:00:00+09:00,35805.24331034919,36845.2296305668,35260.48857118758,36696.66015625,175083,0.0,0.0
2024-04-22 00:00:00+09:00,36944.27622767857,37934.73939732143,36894.75306919643,37439.5078125,236871,0.0,0.0
2024-04-23 00:00:00+09:00,37439.509386660444,39915.66741487873,36845.23145988806,39816.62109375,507380,0.0,0.0
2024-04-24 00:00:00+09:00,39816.621726381745,40113.76069448907,38529.01953125,38529.01953125,264687,0.0,0.0
2024-04-25 00:00:00+09:00,38479.49641074934,38727.11221776833,37637.60266688482,37835.6953125,90634,0.0,0.0
2024-04-26 00:00:00+09:00,38033.784891165174,39271.86382642446,37885.21541893406,38677.5859375,125207,0.0,0.0
2024-04-29 00:00:00+09:00,38429.971257961784,39024.24916401274,38132.8323049363,38875.6796875,125137,0.0,0.0
2024-04-30 00:00:00+09:00,38875.68082157258,39420.43558467742,37885.217615927424,38380.44921875,151208,0.0,0.0
2024-05-02 00:00:00+09:00,39024.24860312899,39866.14229126756,38727.1096543742,38776.6328125,250970,0.0,0.0
2024-05-03 00:00:00+09:00,39222.34296977661,39271.866130091985,37340.46287779238,37687.125,222805,0.0,0.0
2024-05-07 00:00:00+09:00,38033.78684210526,38529.01844161184,37439.50892269737,37637.6015625,137499,0.0,0.0
2024-05-08 00:00:00+09:00,37637.60128458498,37934.740242094864,37290.93916749012,37588.078125,95145,0.0,0.0
2024-05-09 00:00:00+09:00,37538.55554509706,37637.60186579652,36944.27762090027,36993.80078125,155140,0.0,0.0
2024-05-10 00:00:00+09:00,37043.32282034346,37637.60072655218,36449.04491413474,37489.03125,129177,0.0,0.0
2024-05-13 00:00:00+09:00,37637.60294117647,38281.40404411765,37340.46397058824,37885.21875,122405,0.0,0.0
2024-05-14 00:00:00+09:00,37786.16935717838,38132.831461372676,37340.4609375,37340.4609375,95904,0.0,0.0
2024-05-16 00:00:00+09:00,37637.599601593625,38033.78486055777,37191.891185258966,37290.9375,106448,0.0,0.0
2024-05-17 00:00:00+09:00,37637.599601593625,38033.78486055777,37191.891185258966,37290.9375,124586,0.0,0.0
2024-05-20 00:00:00+09:00,37588.077836585166,38429.97154306994,37439.508358970204,38231.87890625,171062,0.0,0.0
2024-05-21 00:00:00+09:00,38628.065045992116,38628.065045992116,37588.07867936925,37687.125,140742,0.0,0.0
2024-05-22 00:00:00+09:00,37687.124165155015,38826.15682717678,37439.508369063326,37538.5546875,228198,0.0,0.0
2024-05-23 00:00:00+09:00,37290.940376863735,37538.556182819004,35706.19921875,35706.19921875,297476,0.0,0.0
2024-05-24 00:00:00+09:00,35458.58286248262,36052.860787552156,35260.490220792766,35607.15234375,140442,0.0,0.0
2024-05-27 00:00:00+09:00,35409.058588391636,36151.90597136488,35260.48911179698,36102.3828125,129546,0.0,0.0
2024-05-28 00:00:00+09:00,35656.67660788382,36201.431389393154,35656.67660788382,35805.24609375,140215,0.0,0.0
2024-05-29 00:00:00+09:00,35854.767554530205,37389.98550230705,35656.67491610738,36894.75390625,235777,0.0,0.0
2024-05-30 00:00:00+09:00,36449.04732375979,38231.88116024804,36151.90835101175,37934.7421875,205626,0.0,0.0
2024-05-31 00:00:00+09:00,38033.786545924966,38529.018141575034,37687.124428969924,38281.40234375,175862,0.0,0.0
2024-06-03 00:00:00+09:00,38281.40320497048,38974.72745447835,37637.60211614173,37736.6484375,183168,0.0,0.0
2024-06-04 00:00:00+09:00,38033.78514588859,38083.308303630634,37290.93777975796,37340.4609375,120118,0.0,0.0
2024-06-05 00:00:00+09:00,37389.983814741034,38033.78486055777,37043.32171314741,37290.9375,85054,0.0,0.0
2024-06-07 00:00:00+09:00,37489.03210351039,37736.64790340148,36696.661543858914,36944.27734375,105182,0.0,0.0
2024-06-10 00:00:00+09:00,36746.182737068964,36746.182737068964,35805.24274784483,35904.2890625,106457,0.0,0.0
2024-06-11 00:00:00+09:00,35953.81418654248,36250.953146761836,35458.58258617688,35557.62890625,89912,0.0,0.0
2024-06-12 00:00:00+09:00,35557.62779017857,35755.720424107145,34963.34988839286,35359.53515625,129510,0.0,0.0
2024-06-13 00:00:00+09:00,35458.58119302244,36151.90540629383,35310.01171875,35310.01171875,166425,0.0,0.0
2024-06-14 00:00:00+09:00,35607.15122923951,35904.29018247378,35260.48911713286,35409.05859375,117660,0.0,0.0
2024-06-17 00:00:00+09:00,35755.721484375004,41995.639638157896,34220.503525904605,37637.6015625,1793623,0.0,0.0
2024-06-18 00:00:00+09:00,37142.36857376203,37340.46120615543,35706.196988909905,36003.3359375,435532,0.0,0.0
2024-06-19 00:00:00+09:00,36003.33907350352,36102.38539832747,35012.875825264084,35161.4453125,217738,0.0,0.0
2024-06-20 00:00:00+09:00,35310.014799735916,35805.246423855635,35161.4453125,35161.4453125,112169,0.0,0.0
2024-06-21 00:00:00+09:00,35260.48855507868,35557.627503576536,34468.11802575107,34616.6875,169881,0.0,0.0
2024-06-24 00:00:00+09:00,35310.01284672831,35656.67496443812,34765.25809032717,34814.78125,110842,0.0,0.0
2024-06-25 00:00:00+09:00,34814.780682013035,36102.3828125,34814.780682013035,36102.3828125,145552,0.0,0.0
2024-06-26 00:00:00+09:00,36102.3828072426,37241.415460969045,35755.720695238895,36795.70703125,278921,0.0,0.0
2024-06-27 00:00:00+09:00,36845.232124999995,37191.89425520833,36250.9541875,37142.37109375,117486,0.0,0.0
2024-06-28 00:00:00+09:00,36993.801609375,37588.079546875,36350.00051041666,37142.37109375,199016,0.0,0.0
2024-07-01 00:00:00+09:00,37142.368861607145,38479.494140625,37043.32254464286,38132.83203125,226391,0.0,0.0
2024-07-02 00:00:00+09:00,38132.831461372676,38182.35461911472,36696.65988685345,37340.4609375,146083,0.0,0.0
2024-07-03 00:00:00+09:00,36993.79881198347,37142.368285123965,35755.71986914601,35953.8125,152222,0.0,0.0
2024-07-04 00:00:00+09:00,36201.43055013021,36399.523193359375,35607.15262044271,35656.67578125,86003,0.0,0.0
2024-07-05 00:00:00+09:00,35310.01447419606,36548.09352308091,35310.01447419606,35805.24609375,170992,0.0,0.0
2024-07-08 00:00:00+09:00,36151.90513085399,36597.613550275484,35508.10408057851,35953.8125,127022,0.0,0.0
2024-07-09 00:00:00+09:00,36647.138562422166,40262.329258444894,36647.138562422166,39767.09765625,1382841,0.0,0.0
2024-07-10 00:00:00+09:00,39816.62050075301,41847.07005365211,39123.29626317771,41104.22265625,764288,0.0,0.0
2024-07-11 00:00:00+09:00,41005.17635569853,41104.22267539828,40163.28263825061,40410.8984375,255468,0.0,0.0
2024-07-12 00:00:00+09:00,40757.5619480816,41500.409371193666,40410.89981729598,40658.515625,282243,0.0,0.0
2024-07-15 00:00:00+09:00,40856.606595092024,41599.45398773006,39965.18972392638,40361.375,160911,0.0,0.0
2024-07-16 00:00:00+09:00,40410.89675925926,40856.605179398146,39569.003076774694,40113.7578125,149172,0.0,0.0
2024-07-17 00:00:00+09:00,40212.80689786585,41549.9322503811,40014.714253048776,40608.9921875,222808,0.0,0.0
2024-07-18 00:00:00+09:00,40559.466519886366,41946.11494791666,40460.420203598485,40856.60546875,274459,0.0,0.0
2024-07-19 00:00:00+09:00,40708.03542181706,40955.65120905439,40064.234375,40064.234375,105503,0.0,0.0
2024-07-22 00:00:00+09:00,40658.51283617424,41054.69810132576,39767.09598958334,40856.60546875,179604,0.0,0.0
2024-07-23 00:00:00+09:00,41351.83761915744,42441.347113314885,40262.328125,40262.328125,367449,0.0,0.0
2024-07-24 00:00:00+09:00,40064.236839881305,41203.26953125,40014.713679387016,41203.26953125,121814,0.0,0.0
2024-07-25 00:00:00+09:00,40807.08399632803,41351.83875841493,40361.375554620565,40460.421875,144226,0.0,0.0
2024-07-26 00:00:00+09:00,40708.03823260073,41351.83932387057,40113.7603021978,40559.46875,139309,0.0,0.0
2024-07-29 00:00:00+09:00,40906.13119378102,41351.83964504497,39915.66796875,39915.66796875,192385,0.0,0.0
2024-07-30 00:00:00+09:00,39915.667658730155,40757.561393467644,39420.43605006105,40559.46875,186857,0.0,0.0
2024-07-31 00:00:00+09:00,40361.37702692066,41005.17813287154,39024.25165302267,39321.390625,268495,0.0,0.0
2024-08-01 00:00:00+09:00,39370.91209963373,40014.71317799252,39321.38893975998,39717.57421875,110665,0.0,0.0
2024-08-02 00:00:00+09:00,39123.296905202966,39271.86638712145,38132.83369241301,38429.97265625,171063,0.0,0.0
2024-08-05 00:00:00+09:00,38182.35821963028,38231.88138204226,34121.45890184859,35161.4453125,338583,0.0,0.0
2024-08-06 00:00:00+09:00,35607.15361639794,37736.64959067487,35260.49148105053,37241.41796875,208135,0.0,0.0
2024-08-07 00:00:00+09:00,36746.184111328126,40113.75893554687,36746.184111328126,39618.52734375,257316,0.0,0.0
2024-08-08 00:00:00+09:00,39569.0038968032,41252.79129666717,39271.86494388604,40955.65234375,257721,0.0,0.0
2024-08-09 00:00:00+09:00,40906.129740274424,41203.268697225576,40460.42130484771,41054.69921875,154128,0.0,0.0
2024-08-12 00:00:00+09:00,41104.221820208586,41500.40709076481,40559.46707319377,40955.65234375,116760,0.0,0.0
2024-08-13 00:00:00+09:00,40906.12890625,41005.17522321429,40014.71205357143,40906.12890625,120271,0.0,0.0
2024-08-14 00:00:00+09:00,41351.83932387057,41401.36248473748,40064.23714133089,40559.46875,131216,0.0,0.0
2024-08-16 00:00:00+09:00,41252.791015625,42936.57840401786,40906.12890625,41599.453125,572975,0.0,0.0
2024-08-19 00:00:00+09:00,42193.731845579794,43580.38030998852,41401.36129448909,43134.671875,550108,0.0,0.0
2024-08-20 00:00:00+09:00,42292.77934611344,43134.67308016957,40955.654003789015,41252.79296875,309957,0.0,0.0
2024-08-21 00:00:00+09:00,41054.69810132576,42045.161264204544,40113.75809659091,40856.60546875,191116,0.0,0.0
2024-08-22 00:00:00+09:00,41351.83847464767,41401.36163449755,40064.23631855086,40410.8984375,121143,0.0,0.0
2024-08-23 00:00:00+09:00,40361.373882552405,40955.65178020962,40064.2349337238,40163.28125,152962,0.0,0.0
2024-08-26 00:00:00+09:00,40509.94363839286,40658.51311383929,38875.679408482145,39519.48046875,243607,0.0,0.0
2024-08-27 00:00:00+09:00,39915.665736607145,40658.51311383929,39767.09626116072,40212.8046875,173010,0.0,0.0
2024-08-28 00:00:00+09:00,40460.42047991072,45115.597377232145,40410.89732142857,43679.42578125,1378498,0.0,0.0
2024-08-29 00:00:00+09:00,44719.41154572148,45561.30522930649,43827.99470427852,44273.703125,1134042,0.0,0.0
2024-08-30 00:00:00+09:00,45214.64581705729,48235.55862630208,44669.89104817708,47542.234375,1533183,0.0,0.0
2024-09-02 00:00:00+09:00,48136.50975520277,48235.556071571504,45561.3055296158,46403.19921875,672992,0.0,0.0
2024-09-03 00:00:00+09:00,46205.10903320312,48730.790234375,46056.53955078125,47542.234375,901489,0.0,0.0
2024-09-04 00:00:00+09:00,45313.689734561216,46997.47711267605,45214.643418201515,45709.875,530597,0.0,0.0
2024-09-05 00:00:00+09:00,45907.97109899916,46106.06374667553,43283.243517287236,44224.18359375,564060,0.0,0.0
2024-09-06 00:00:00+09:00,43580.381944444445,44768.937815656565,42837.53452493687,44125.13671875,384735,0.0,0.0
2024-09-09 00:00:00+09:00,43679.42872048046,45957.49416395222,43580.382396851244,45610.83203125,352748,0.0,0.0
2024-09-10 00:00:00+09:00,45858.4478879548,46601.29531594543,44818.46148876792,44917.5078125,271543,0.0,0.0
2024-09-11 00:00:00+09:00,45066.07479319853,45264.16742965215,43332.76422422936,43778.47265625,273062,0.0,0.0
2024-09-12 00:00:00+09:00,43877.51951388889,44967.029027777775,43530.85739583333,44570.84375,259659,0.0,0.0
2024-09-13 00:00:00+09:00,44818.460269486444,47839.37306113139,44818.460269486444,47492.7109375,614528,0.0,0.0
2024-09-19 00:00:00+09:00,48780.31254081766,49919.34521943574,47195.57142274034,47393.6640625,720988,0.0,0.0
2024-09-20 00:00:00+09:00,47641.27901439824,48285.080082160384,46947.95478757748,47938.41796875,460372,0.0,0.0
2024-09-23 00:00:00+09:00,49473.63475364264,50909.806333077715,48136.50949003068,48433.6484375,501037,0.0,0.0
2024-09-24 00:00:00+09:00,48235.556899752475,50513.622215346535,46601.29265160891,50018.390625,531883,0.0,0.0
2024-09-25 00:00:00+09:00,49473.63503481217,49820.29714216321,47789.84765625,47789.84765625,362232,0.0,0.0
2024-09-26 00:00:00+09:00,47839.373546511626,49325.06837714864,47690.804063447926,48978.40625,235038,0.0,0.0
2024-09-27 00:00:00+09:00,49126.97520554985,49226.02152652878,47938.419353802674,48186.03515625,185886,0.0,0.0
2024-09-30 00:00:00+09:00,48483.17522949719,48879.36052248593,47443.18883540174,48384.12890625,229302,0.0,0.0
2024-10-02 00:00:00+09:00,48582.22127545466,50216.485599705426,48285.082307409066,48334.60546875,356487,0.0,0.0
2024-10-04 00:00:00+09:00,48631.7421720297,50513.622215346535,48631.7421720297,50018.390625,325789,0.0,0.0
2024-10-07 00:00:00+09:00,51405.03850446429,51504.08482142857,49374.58900669643,49919.34375,266372,0.0,0.0
2024-10-08 00:00:00+09:00,49919.34487725451,50612.66911166082,49424.11328125,49424.11328125,198881,0.0,0.0
2024-10-10 00:00:00+09:00,50216.48298929664,50810.76089449541,48136.51032110092,48582.21875,372445,0.0,0.0
2024-10-11 00:00:00+09:00,48433.65183212059,48532.69815488566,45412.738987785866,47641.28125,830272,0.0,0.0
2024-10-14 00:00:00+09:00,48334.60352167182,48681.26563709365,46106.061351102944,47987.94140625,406267,0.0,0.0
2024-10-15 00:00:00+09:00,47987.94365751558,47987.94365751558,46304.15616076064,47690.8046875,334812,0.0,0.0
2024-10-16 00:00:00+09:00,47344.13923646578,50117.43609550562,46947.95397088866,48483.171875,523190,0.0,0.0
2024-10-17 00:00:00+09:00,49374.58958145016,49820.298012977786,47938.41796875,47938.41796875,325408,0.0,0.0
2024-10-18 00:00:00+09:00,48532.696159055726,50018.39093943498,47294.61717540635,47987.94140625,446997,0.0,0.0
2024-10-21 00:00:00+09:00,48532.695869399184,48928.88114180245,47839.371642693484,48631.7421875,185330,0.0,0.0
2024-10-22 00:00:00+09:00,49226.02187665169,49226.02187665169,46848.91015625,46848.91015625,312527,0.0,0.0
2024-10-23 00:00:00+09:00,46799.384202223555,47046.99999165331,45066.073676215274,46353.67578125,318195,0.0,0.0
2024-10-24 00:00:00+09:00,45858.44697223712,46650.81754627146,45165.12271995708,46155.5859375,132960,0.0,0.0
2024-10-25 00:00:00+09:00,46254.631424919266,46403.20090487083,45264.168225242196,46007.015625,163093,0.0,0.0
2024-10-28 00:00:00+09:00,45511.782922297294,46254.63030405405,45313.690287162164,45808.921875,146827,0.0,0.0
2024-10-29 00:00:00+09:00,45858.444474539545,46502.245530877575,45115.59710184182,45709.875,160060,0.0,0.0
2024-10-30 00:00:00+09:00,45957.493261099364,47839.37337308404,44967.030044265324,46848.91015625,316084,0.0,0.0
2024-10-31 00:00:00+09:00,46551.76844443044,49325.065287928424,46056.536865234375,49126.97265625,412956,0.0,0.0
2024-11-01 00:00:00+09:00,48681.26566236052,49027.92777796227,46502.246650006644,46601.29296875,280584,0.0,0.0
2024-11-04 00:00:00+09:00,46799.387777453274,47938.420495846316,45759.401382398755,47690.8046875,186864,0.0,0.0
2024-11-05 00:00:00+09:00,47690.80189616727,48879.35770666365,47690.80189616727,47888.89453125,161606,0.0,0.0
2024-11-06 00:00:00+09:00,48285.07924221144,48730.7876659857,47047.00028728294,48483.171875,184080,0.0,0.0
2024-11-07 00:00:00+09:00,48631.741341351204,48631.741341351204,45660.35185002629,47096.5234375,245987,0.0,0.0
2024-11-08 00:00:00+09:00,47690.801900249215,48235.556646773344,47146.04715372508,47195.5703125,168256,0.0,0.0
2024-11-11 00:00:00+09:00,47245.094393693566,47443.18703266084,43877.51953125,43877.51953125,328771,0.0,0.0
2024-11-12 00:00:00+09:00,43679.4289107659,43679.4289107659,40014.71492052024,42837.53515625,404552,0.0,0.0
2024-11-13 00:00:00+09:00,42193.73188706273,43233.71823639174,40955.65289976628,41054.69921875,217215,0.0,0.0
2024-11-14 00:00:00+09:00,41549.931114047184,41896.593232996325,40410.8984375,40410.8984375,196421,0.0,0.0
2024-11-15 00:00:00+09:00,40608.991039691944,42094.68583382702,40460.42156027844,41797.546875,203838,0.0,0.0
2024-11-18 00:00:00+09:00,42094.68754672548,42589.91916492225,40856.60850123355,41401.36328125,212079,0.0,0.0
2024-11-19 00:00:00+09:00,41896.594578180215,43332.766259938166,41698.5019324205,42045.1640625,199036,0.0,0.0
2024-11-20 00:00:00+09:00,41797.54745718149,42688.96434607873,40608.99160531851,41203.26953125,212562,0.0,0.0
2024-11-21 00:00:00+09:00,41302.313311186655,41698.49857076638,39668.049115420275,40064.234375,214602,0.0,0.0
2024-11-22 00:00:00+09:00,40212.80497611465,40212.80497611465,38429.971257961784,38875.6796875,410785,0.0,0.0
2024-11-25 00:00:00+09:00,39172.817540945616,40064.234375,38677.58596647096,40064.234375,170306,0.0,0.0
2024-11-26 00:00:00+09:00,39866.14480749845,40410.899581265505,39321.39003373139,39915.66796875,104003,0.0,0.0
2024-11-27 00:00:00+09:00,39420.43502964427,39420.43502964427,35508.10542243083,37588.078125,967715,0.0,0.0
2024-11-28 00:00:00+09:00,37637.60262692802,39024.25114476221,37241.417336118255,38529.01953125,245781,0.0,0.0
2024-11-29 00:00:00+09:00,38727.10936482748,38875.67883809408,37984.26199849447,38033.78515625,174170,0.0,0.0
2024-12-02 00:00:00+09:00,38330.92639747661,38578.54220107788,36696.66209370822,37043.32421875,188772,0.0,0.0
2024-12-03 00:00:00+09:00,37043.32254464286,38429.97098214286,37043.32254464286,38132.83203125,164653,0.0,0.0
2024-12-04 00:00:00+09:00,37043.32421875,37835.694790274065,36647.13893298797,37043.32421875,188753,0.0,0.0
2024-12-05 00:00:00+09:00,36993.79995719178,37043.323116438354,36102.38309075343,36151.90625,196495,0.0,0.0
2024-12-06 00:00:00+09:00,36498.569514973955,36498.569514973955,34864.30520833333,35656.67578125,248398,0.0,0.0
2024-12-09 00:00:00+09:00,35012.87333401565,35161.44281068049,33972.88699736172,34022.41015625,231606,0.0,0.0
2024-12-10 00:00:00+09:00,34220.50411783854,36399.523193359375,34220.50411783854,35656.67578125,172261,0.0,0.0
2024-12-11 00:00:00+09:00,35508.10517979452,36647.13784246575,35508.10517979452,36151.90625,137652,0.0,0.0
2024-12-12 00:00:00+09:00,36647.13840505465,36993.80052510246,36052.860484972676,36250.953125,246534,0.0,0.0
2024-12-13 00:00:00+09:00,36548.09095982143,37389.98465401786,36300.47516741072,36746.18359375,147411,0.0,0.0
2024-12-16 00:00:00+09:00,37142.371417062415,37290.94090273067,36250.95450305292,36498.5703125,152566,0.0,0.0
2024-12-17 00:00:00+09:00,36597.61552481241,36894.754487124825,36201.43024172919,36300.4765625,100406,0.0,0.0
2024-12-18 00:00:00+09:00,36449.04546979866,37290.93918309564,36102.383352558725,36894.75390625,114928,0.0,0.0
2024-12-19 00:00:00+09:00,36052.86020861833,36548.091804890566,35953.81388936389,36201.4296875,111932,0.0,0.0
2024-12-20 00:00:00+09:00,36201.42998672528,36349.99946683496,35359.53626610376,35557.62890625,129293,0.0,0.0
2024-12-23 00:00:00+09:00,35607.153171528735,36003.338464118766,35409.06052523373,35755.72265625,95017,0.0,0.0
2024-12-24 00:00:00+09:00,36102.3822536967,36151.90541179504,35458.58119841816,36003.3359375,68659,0.0,0.0
2024-12-26 00:00:00+09:00,36003.33790690104,36201.43055013021,35458.58313802083,35656.67578125,116834,0.0,0.0
2024-12-27 00:00:00+09:00,35557.62921099291,35706.19869237589,34666.212322695035,34913.828125,119092,0.0,0.0
2024-12-30 00:00:00+09:00,34913.82755295502,36003.33706524582,34468.119116108785,35508.10546875,139439,0.0,0.0
2025-01-02 00:00:00+09:00,35953.814466707234,36250.95342924201,35210.967060370305,35607.15234375,114387,0.0,0.0
2025-01-03 00:00:00+09:00,35953.81305803572,36399.521484375,35557.62779017857,36052.859375,154826,0.0,0.0
2025-01-06 00:00:00+09:00,36201.43075663385,37340.463461698935,35953.81495118491,37092.84765625,197834,0.0,0.0
2025-01-07 00:00:00+09:00,37142.36829603041,37538.55355785473,36399.5209301098,36647.13671875,297780,0.0,0.0
2025-01-08 00:00:00+09:00,37142.3691432537,38925.20286212988,36647.137554676985,36795.70703125,459886,0.0,0.0
2025-01-09 00:00:00+09:00,37538.556034829475,38578.542415741635,37142.370746862936,38479.49609375,519233,0.0,0.0
2025-01-10 00:00:00+09:00,38727.110795454544,38826.157114624504,37290.93916749012,37588.078125,297022,0.0,0.0
2025-01-13 00:00:00+09:00,37786.169921875,38281.40150669643,37340.46149553572,37439.5078125,184447,0.0,0.0
2025-01-14 00:00:00+09:00,37786.17020840343,37885.21652611878,36449.0449192463,36795.70703125,232382,0.0,0.0
2025-01-15 00:00:00+09:00,37191.89145375844,37340.460926942564,36399.5209301098,36647.13671875,179952,0.0,0.0
2025-01-16 00:00:00+09:00,36894.75446055054,37290.9397433484,36696.66181915161,36993.80078125,161521,0.0,0.0
2025-01-17 00:00:00+09:00,36993.801089918255,37043.3242506812,36300.47683923706,36350.0,150426,0.0,0.0
2025-01-20 00:00:00+09:00,36597.61612018898,36597.61612018898,35656.67605755895,35706.19921875,188148,0.0,0.0
2025-01-21 00:00:00+09:00,35805.2438593107,36449.04492455418,35805.2438593107,36102.3828125,152413,0.0,0.0
2025-01-22 00:00:00+09:00,36052.85965363512,36498.56808341907,35953.81333590535,36102.3828125,133306,0.0,0.0
2025-01-23 00:00:00+09:00,36151.90569196429,36151.90569196429,35260.48883928572,35359.53515625,171775,0.0,0.0
2025-01-24 00:00:00+09:00,35359.53626610376,35805.2447064328,35260.48994603064,35557.62890625,109711,0.0,0.0
2025-01-31 00:00:00+09:00,35607.15377420775,35953.81591109155,34913.829500440144,35161.4453125,149909,0.0,0.0
2025-02-03 00:00:00+09:00,34864.30499276411,35111.920795269536,34071.934424746745,34220.50390625,171797,0.0,0.0
2025-02-04 00:00:00+09:00,34864.30606488011,35607.15349523978,34616.69025476023,35111.921875,108630,0.0,0.0
2025-02-05 00:00:00+09:00,35458.58230910042,35805.244426647485,34913.82755295502,35508.10546875,107358,0.0,0.0
2025-02-06 00:00:00+09:00,35656.67356418919,37092.845138302364,35656.67356418919,36647.13671875,314348,0.0,0.0
2025-02-07 00:00:00+09:00,36795.705910647834,36894.752225346754,36151.90486510487,36597.61328125,128632,0.0,0.0
2025-02-10 00:00:00+09:00,36696.662404336734,36795.708726615645,36003.338148384355,36399.5234375,163501,0.0,0.0
2025-02-11 00:00:00+09:00,36498.56975977891,36597.61608205782,36003.338148384355,36399.5234375,144249,0.0,0.0
2025-02-12 00:00:00+09:00,36597.616735719326,36597.616735719326,35062.39871297602,35111.921875,264069,0.0,0.0
2025-02-13 00:00:00+09:00,35310.014799735916,35508.1074493838,34864.30633802817,35161.4453125,150336,0.0,0.0
2025-02-14 00:00:00+09:00,35260.488560659185,35656.6738253857,35161.442244477556,35310.01171875,117961,0.0,0.0
2025-02-17 00:00:00+09:00,35359.537090412625,35854.76870232316,35359.537090412625,35706.19921875,136877,0.0,0.0
2025-02-18 00:00:00+09:00,35805.24358258929,35854.76674107143,35062.396205357145,35359.53515625,155491,0.0,0.0
2025-02-19 00:00:00+09:00,35359.535989801254,35854.76758629707,34864.304393305436,35508.10546875,197728,0.0,0.0
2025-02-20 00:00:00+09:00,35458.58256489071,36349.999445013666,35260.48992486339,36250.953125,242026,0.0,0.0
2025-02-21 00:00:00+09:00,36498.569994791666,37241.41741666666,36300.47734895833,37142.37109375,289054,0.0,0.0
2025-02-24 00:00:00+09:00,37142.37169715447,37290.94118394309,36449.04742547425,36548.09375,217453,0.0,0.0
2025-02-25 00:00:00+09:00,36597.61580381471,36993.801089918255,36201.430517711175,36350.0,176153,0.0,0.0
2025-02-26 00:00:00+09:00,36399.5231293867,37142.37054019051,36250.953647225935,37043.32421875,163646,0.0,0.0
2025-02-27 00:00:00+09:00,37043.32537262872,37092.8485348916,36250.95477642276,36548.09375,123016,0.0,0.0
2025-02-28 00:00:00+09:00,36102.38422851563,36647.138997395836,35607.15262044271,35656.67578125,176188,0.0,0.0
2025-03-04 00:00:00+09:00,35854.768119031374,36696.66184558322,35508.10599633356,36300.4765625,187801,0.0,0.0
2025-03-05 00:00:00+09:00,36696.66318463265,37637.603266289894,36449.04737367021,37241.41796875,285860,0.0,0.0
2025-03-06 00:00:00+09:00,37637.600160256414,37637.600160256414,36250.9517332996,36696.66015625,179994,0.0,0.0
2025-03-07 00:00:00+09:00,36696.66043526786,36993.79938616072,36003.33621651786,36052.859375,166082,0.0,0.0
2025-03-10 00:00:00+09:00,36052.86190352697,36498.570361125516,35755.722931794604,35805.24609375,90207,0.0,0.0
2025-03-11 00:00:00+09:00,35260.490494791666,36003.33790690104,34666.212565104164,35656.67578125,203261,0.0,0.0
2025-03-12 00:00:00+09:00,35607.1533984905,36894.755607615334,35557.630236601086,36498.5703125,153343,0.0,0.0
2025-03-13 00:00:00+09:00,36795.70703660837,36894.753354338136,35953.81333590535,36102.3828125,157306,0.0,0.0
2025-03-14 00:00:00+09:00,36151.90569196429,36696.66043526786,36052.859375,36052.859375,136629,0.0,0.0
2025-03-17 00:00:00+09:00,36449.04747928177,36498.57064161775,35607.153719570095,35854.76953125,94385,0.0,0.0
2025-03-18 00:00:00+09:00,36052.861067708334,36102.38422851563,35260.490494791666,35656.67578125,82866,0.0,0.0
2025-03-19 00:00:00+09:00,35904.29264058266,36597.61691226287,35805.24631605691,36548.09375,99429,0.0,0.0
2025-03-20 00:00:00+09:00,36845.2318877551,36894.755048894556,36102.384470663266,36399.5234375,118361,0.0,0.0
2025-03-21 00:00:00+09:00,36597.613550275484,36696.65986570248,35854.766184573,35953.8125,102705,0.0,0.0
2025-03-24 00:00:00+09:00,35953.81525985054,36944.27849014946,35755.722613790764,36449.046875,103219,0.0,0.0
2025-03-25 00:00:00+09:00,36696.65987647804,36795.70619193412,36151.90514146959,36647.13671875,79107,0.0,0.0
2025-03-26 00:00:00+09:00,36894.75390625,37191.892863884226,36399.52231019295,36894.75390625,121894,0.0,0.0
2025-03-27 00:00:00+09:00,36746.185286103544,37092.84741144414,36350.0,36350.0,87893,0.0,0.0
2025-03-28 00:00:00+09:00,36600.0,36750.0,35700.0,35900.0,128092,350.0,0.0
2025-03-31 00:00:00+09:00,35250.0,35450.0,34600.0,34800.0,120508,0.0,0.0
2025-04-01 00:00:00+09:00,34900.0,37200.0,34900.0,37050.0,261380,0.0,0.0
2025-04-02 00:00:00+09:00,37100.0,37100.0,36200.0,36400.0,100287,0.0,0.0
2025-04-03 00:00:00+09:00,35450.0,36550.0,35400.0,36300.0,59346,0.0,0.0
2025-04-04 00:00:00+09:00,35850.0,36400.0,35400.0,35850.0,127854,0.0,0.0
2025-04-07 00:00:00+09:00,35100.0,35200.0,32900.0,32950.0,255715,0.0,0.0
2025-04-08 00:00:00+09:00,33600.0,34100.0,33000.0,33100.0,120925,0.0,0.0
2025-04-09 00:00:00+09:00,32300.0,33100.0,31650.0,32050.0,154098,0.0,0.0
2025-04-10 00:00:00+09:00,33550.0,34000.0,33100.0,34000.0,135761,0.0,0.0
2025-04-11 00:00:00+09:00,33500.0,35250.0,33400.0,35150.0,158848,0.0,0.0
2025-04-14 00:00:00+09:00,35900.0,37400.0,35300.0,37000.0,279167,0.0,0.0
2025-04-15 00:00:00+09:00,36950.0,37450.0,36900.0,37250.0,109021,0.0,0.0
2025-04-16 00:00:00+09:00,37250.0,37400.0,36550.0,36800.0,109713,0.0,0.0
2025-04-17 00:00:00+09:00,36850.0,37350.0,36600.0,37000.0,73297,0.0,0.0
2025-04-18 00:00:00+09:00,37300.0,37800.0,36950.0,37400.0,114657,0.0,0.0
2025-04-21 00:00:00+09:00,37750.0,37850.0,37200.0,37650.0,90323,0.0,0.0
2025-04-22 00:00:00+09:00,37400.0,37750.0,37100.0,37600.0,54641,0.0,0.0
2025-04-23 00:00:00+09:00,37900.0,38150.0,37450.0,37650.0,79455,0.0,0.0
2025-04-24 00:00:00+09:00,48900.0,48900.0,48900.0,48900.0,711805,0.0,0.0
2025-04-25 00:00:00+09:00,47850.0,47900.0,43250.0,43650.0,1485578,0.0,0.0
2025-04-28 00:00:00+09:00,43150.0,43300.0,40950.0,41150.0,567399,0.0,0.0
2025-04-29 00:00:00+09:00,42450.0,42900.0,41400.0,41400.0,547171,0.0,0.0
2025-04-30 00:00:00+09:00,41050.0,41750.0,39700.0,40300.0,421418,0.0,0.0
2025-05-02 00:00:00+09:00,40100.0,40650.0,39550.0,40150.0,178438,0.0,0.0
