Date,Open,High,Low,Close,Volume,Dividends,Stock Splits,Capital Gains
2004-07-02 00:00:00+08:00,0.2925738990306854,0.2925738990306854,0.28856604132704033,0.2925738990306854,406000,0.0,0.0,0.0
2004-07-05 00:00:00+08:00,0.2925738990306854,0.2925738990306854,0.2925738990306854,0.2925738990306854,0,0.0,0.0,0.0
2004-07-06 00:00:00+08:00,0.28856604132704033,0.30459747214162064,0.28856604132704033,0.2925738990306854,855000,0.0,0.0,0.0
2004-07-07 00:00:00+08:00,0.28856604132704033,0.2925738990306854,0.284558159734679,0.2925738990306854,605000,0.0,0.0,0.0
2004-07-08 00:00:00+08:00,0.2965817126001032,0.2965817126001032,0.28455811738967896,0.28455811738967896,358000,0.0,0.0,0.0
2004-07-09 00:00:00+08:00,0.288565993309021,0.2925738503457498,0.288565993309021,0.288565993309021,458000,0.0,0.0,0.0
2004-07-12 00:00:00+08:00,0.288565993309021,0.288565993309021,0.2845581123835799,0.288565993309021,243000,0.0,0.0,0.0
2004-07-13 00:00:00+08:00,0.2845581123835799,0.288565993309021,0.28055025534685113,0.288565993309021,405000,0.0,0.0,0.0
2004-07-14 00:00:00+08:00,0.2885659483822151,0.2885659483822151,0.2805502116680145,0.2805502116680145,337000,0.0,0.0,0.0
2004-07-15 00:00:00+08:00,0.2805502116680145,0.2805502116680145,0.2725344988425225,0.2805502116680145,392000,0.0,0.0,0.0
2004-07-16 00:00:00+08:00,0.2805502116680145,0.28455806808076056,0.2805502116680145,0.2805502116680145,230000,0.0,0.0,0.0
2004-07-19 00:00:00+08:00,0.28455811738967896,0.2885659983856288,0.2805502602824418,0.28455811738967896,494000,0.0,0.0,0.0
2004-07-20 00:00:00+08:00,0.28055028258143355,0.28055028258143355,0.27654242515563965,0.27654242515563965,155000,0.0,0.0,0.0
2004-07-21 00:00:00+08:00,0.2805502602824418,0.28455811738967896,0.2805502602824418,0.28455811738967896,400000,0.0,0.0,0.0
2004-07-22 00:00:00+08:00,0.2805502116680145,0.28455806808076056,0.2805502116680145,0.2805502116680145,313000,0.0,0.0,0.0
2004-07-23 00:00:00+08:00,0.28455811738967896,0.2965817126001032,0.28455811738967896,0.28455811738967896,7222000,0.0,0.0,0.0
2004-07-26 00:00:00+08:00,0.2885659983856288,0.2885659983856288,0.2805502602824418,0.28455811738967896,470000,0.0,0.0,0.0
2004-07-27 00:00:00+08:00,0.28455806808076056,0.2885659483822151,0.2805502116680145,0.2805502116680145,745000,0.0,0.0,0.0
2004-07-28 00:00:00+08:00,0.2805502116680145,0.2805502116680145,0.2805502116680145,0.2805502116680145,131000,0.0,0.0,0.0
2004-07-29 00:00:00+08:00,0.27654242515563965,0.27654242515563965,0.27253456772984574,0.27654242515563965,273000,0.0,0.0,0.0
2004-07-30 00:00:00+08:00,0.27654235525526855,0.2805502116680145,0.2725344988425225,0.2805502116680145,376000,0.0,0.0,0.0
2004-08-02 00:00:00+08:00,0.2805503249016789,0.2805503249016789,0.2685267508105741,0.2725346088409424,387000,0.0,0.0,0.0
2004-08-03 00:00:00+08:00,0.27654242515563965,0.27654242515563965,0.27253456772984574,0.27654242515563965,220000,0.0,0.0,0.0
2004-08-04 00:00:00+08:00,0.2725346088409424,0.2725346088409424,0.2685267508105741,0.2725346088409424,173000,0.0,0.0,0.0
2004-08-05 00:00:00+08:00,0.27253456772984574,0.27654242515563965,0.27253456772984574,0.27654242515563965,204000,0.0,0.0,0.0
2004-08-06 00:00:00+08:00,0.2704867422580719,0.27856096546894227,0.2704867422580719,0.2704867422580719,114000,0.0025,0.0,0.0
2004-08-09 00:00:00+08:00,0.2704867422580719,0.2704867422580719,0.2704867422580719,0.2704867422580719,0,0.0,0.0,0.0
2004-08-10 00:00:00+08:00,0.26644963026046753,0.27452385345945396,0.26644963026046753,0.26644963026046753,299000,0.0,0.0,0.0
2004-08-11 00:00:00+08:00,0.2624126090322461,0.2624126090322461,0.25433838231220585,0.25837549567222595,276000,0.0,0.0,0.0
2004-08-12 00:00:00+08:00,0.2583754061938951,0.2583754061938951,0.25030118227005005,0.25030118227005005,109000,0.0,0.0,0.0
2004-08-13 00:00:00+08:00,0.25030118227005005,0.2664496541808255,0.25030118227005005,0.25030118227005005,243000,0.0,0.0,0.0
2004-08-16 00:00:00+08:00,0.25030118227005005,0.25030118227005005,0.24626407030812753,0.25030118227005005,210000,0.0,0.0,0.0
2004-08-17 00:00:00+08:00,0.25837549567222595,0.26644974645535996,0.25837549567222595,0.25837549567222595,400000,0.0,0.0,0.0
2004-08-18 00:00:00+08:00,0.25837549567222595,0.25837549567222595,0.25837549567222595,0.25837549567222595,20000,0.0,0.0,0.0
2004-08-19 00:00:00+08:00,0.26241248846054077,0.26241248846054077,0.26241248846054077,0.26241248846054077,93000,0.0,0.0,0.0
2004-08-20 00:00:00+08:00,0.27048685981538007,0.27048685981538007,0.25837549567222595,0.25837549567222595,527000,0.0,0.0,0.0
2004-08-23 00:00:00+08:00,0.26644962402869593,0.26644962402869593,0.26241248846054077,0.26241248846054077,78000,0.0,0.0,0.0
2004-08-24 00:00:00+08:00,0.2624124945978911,0.26644963026046753,0.2624124945978911,0.26644963026046753,245000,0.0,0.0,0.0
2004-08-25 00:00:00+08:00,0.2704867720085273,0.27452388405799866,0.2704867720085273,0.27452388405799866,168000,0.0,0.0,0.0
2004-08-26 00:00:00+08:00,0.2745238538635071,0.2745238538635071,0.2704867422580719,0.2704867422580719,110000,0.0,0.0,0.0
2004-08-27 00:00:00+08:00,0.2745238538635071,0.2745238538635071,0.2704867422580719,0.2704867422580719,103000,0.0,0.0,0.0
2004-08-30 00:00:00+08:00,0.2704867720085273,0.27452388405799866,0.2704867720085273,0.27452388405799866,212000,0.0,0.0,0.0
2004-08-31 00:00:00+08:00,0.2704867422580719,0.2704867422580719,0.2704867422580719,0.2704867422580719,130000,0.0,0.0,0.0
2004-09-01 00:00:00+08:00,0.2704867720085273,0.27452388405799866,0.2704867720085273,0.27452388405799866,320000,0.0,0.0,0.0
2004-09-02 00:00:00+08:00,0.27452388405799866,0.27452388405799866,0.2704867720085273,0.27452388405799866,366000,0.0,0.0,0.0
2004-09-03 00:00:00+08:00,0.27856096625328064,0.27856096625328064,0.27856096625328064,0.27856096625328064,20000,0.0,0.0,0.0
2004-09-06 00:00:00+08:00,0.27452388405799866,0.27452388405799866,0.27452388405799866,0.27452388405799866,120000,0.0,0.0,0.0
2004-09-07 00:00:00+08:00,0.27452385463647827,0.27856096625328064,0.27452385463647827,0.27856096625328064,129000,0.0,0.0,0.0
2004-09-08 00:00:00+08:00,0.27856099610747004,0.2825981081569414,0.27452388405799866,0.27452388405799866,205000,0.0,0.0,0.0
2004-09-09 00:00:00+08:00,0.27856096625328064,0.27856096625328064,0.27856096625328064,0.27856096625328064,204000,0.0,0.0,0.0
2004-09-10 00:00:00+08:00,0.27856093725206726,0.2825980484485626,0.27856093725206726,0.2825980484485626,210000,0.0,0.0,0.0
2004-09-13 00:00:00+08:00,0.2825981135350493,0.2906723618507385,0.2825981135350493,0.2906723618507385,471000,0.0,0.0,0.0
2004-09-14 00:00:00+08:00,0.29067229571702646,0.29067229571702646,0.286635160446167,0.286635160446167,140000,0.0,0.0,0.0
2004-09-15 00:00:00+08:00,0.2866351596450579,0.2866351596450579,0.2825980484485626,0.2825980484485626,112000,0.0,0.0,0.0
2004-09-16 00:00:00+08:00,0.2825980484485626,0.2825980484485626,0.2825980484485626,0.2825980484485626,298000,0.0,0.0,0.0
2004-09-17 00:00:00+08:00,0.2825980484485626,0.2825980484485626,0.2825980484485626,0.2825980484485626,216000,0.0,0.0,0.0
2004-09-20 00:00:00+08:00,0.27856096625328064,0.27856096625328064,0.27452385463647827,0.27856096625328064,470000,0.0,0.0,0.0
2004-09-21 00:00:00+08:00,0.27452385463647827,0.27856096625328064,0.27452385463647827,0.27856096625328064,420000,0.0,0.0,0.0
2004-09-22 00:00:00+08:00,0.27856093725206726,0.2825980484485626,0.27856093725206726,0.2825980484485626,494000,0.0,0.0,0.0
2004-09-23 00:00:00+08:00,0.282598077870083,0.282598077870083,0.27856096625328064,0.27856096625328064,529000,0.0,0.0,0.0
2004-09-24 00:00:00+08:00,0.27856096625328064,0.282598077870083,0.27452385463647827,0.27856096625328064,530000,0.0,0.0,0.0
2004-09-27 00:00:00+08:00,0.2825980484485626,0.2825980484485626,0.27856093725206726,0.2825980484485626,488000,0.0,0.0,0.0
2004-09-28 00:00:00+08:00,0.2785609380306099,0.29067229571702646,0.2785609380306099,0.286635160446167,1612000,0.0,0.0,0.0
2004-09-29 00:00:00+08:00,0.2866351596450579,0.2866351596450579,0.2825980484485626,0.2825980484485626,655000,0.0,0.0,0.0
2004-09-30 00:00:00+08:00,0.286635160446167,0.29067229571702646,0.28259804923838844,0.286635160446167,733000,0.0,0.0,0.0
2004-10-01 00:00:00+08:00,0.2866351965503609,0.3068207791948841,0.2866351965503609,0.2947094440460205,1260000,0.0,0.0,0.0
2004-10-04 00:00:00+08:00,0.30278363890125426,0.32296921964062086,0.30278363890125426,0.30682075023651123,12473000,0.0,0.0,0.0
2004-10-05 00:00:00+08:00,0.30682075023651123,0.30682075023651123,0.29874652756599723,0.30682075023651123,1208000,0.0,0.0,0.0
2004-10-06 00:00:00+08:00,0.3027836084365845,0.3027836084365845,0.2987464975075227,0.3027836084365845,757000,0.0,0.0,0.0
2004-10-07 00:00:00+08:00,0.29874658584594727,0.29874658584594727,0.29470947372312417,0.29874658584594727,765000,0.0,0.0,0.0
2004-10-08 00:00:00+08:00,0.29470947372312417,0.3068208100915935,0.290672361600301,0.29874658584594727,2793000,0.0,0.0,0.0
2004-10-11 00:00:00+08:00,0.2987464975075227,0.3027836084365845,0.2987464975075227,0.3027836084365845,2344000,0.0,0.0,0.0
2004-10-12 00:00:00+08:00,0.3027836979687704,0.3027836979687704,0.290672361600301,0.29874658584594727,4305000,0.0,0.0,0.0
2004-10-13 00:00:00+08:00,0.29874655576230835,0.29874655576230835,0.2947094440460205,0.2947094440460205,0,0.0,0.0,0.0
2004-10-14 00:00:00+08:00,0.2906723618507385,0.2906723618507385,0.2906723618507385,0.2906723618507385,2568000,0.0,0.0,0.0
2004-10-15 00:00:00+08:00,0.28663522566135075,0.29470947397703995,0.28663522566135075,0.2906723618507385,1401000,0.0,0.0,0.0
2004-10-18 00:00:00+08:00,0.2906722949046341,0.2906722949046341,0.2825980484485626,0.2825980484485626,1634000,0.0,0.0,0.0
2004-10-19 00:00:00+08:00,0.2866351596450579,0.2906722949046341,0.2825980484485626,0.2825980484485626,1286000,0.0,0.0,0.0
2004-10-20 00:00:00+08:00,0.286635160446167,0.286635160446167,0.28259804923838844,0.286635160446167,426000,0.0,0.0,0.0
2004-10-21 00:00:00+08:00,0.282598077870083,0.2866351894868854,0.27856096625328064,0.27856096625328064,513000,0.0,0.0,0.0
2004-10-22 00:00:00+08:00,0.282598077870083,0.2866351894868854,0.27856096625328064,0.27856096625328064,1556000,0.0,0.0,0.0
2004-10-25 00:00:00+08:00,0.286635160446167,0.286635160446167,0.28259804923838844,0.286635160446167,589000,0.0,0.0,0.0
2004-10-26 00:00:00+08:00,0.286635160446167,0.29067229571702646,0.286635160446167,0.286635160446167,1064000,0.0,0.0,0.0
2004-10-27 00:00:00+08:00,0.286635160446167,0.29067229571702646,0.286635160446167,0.286635160446167,1585000,0.0,0.0,0.0
2004-10-28 00:00:00+08:00,0.2866351894868854,0.2906723251667711,0.27856096625328064,0.27856096625328064,2561000,0.0,0.0,0.0
2004-10-29 00:00:00+08:00,0.2825981081569414,0.2825981081569414,0.27452388405799866,0.27452388405799866,2074000,0.0,0.0,0.0
2004-11-01 00:00:00+08:00,0.27452384703884103,0.27452384703884103,0.26241248846054077,0.26241248846054077,1584000,0.0,0.0,0.0
2004-11-02 00:00:00+08:00,0.2704867430196759,0.27856096625328064,0.2704867430196759,0.27856096625328064,1369000,0.0,0.0,0.0
2004-11-03 00:00:00+08:00,0.27452388405799866,0.27452388405799866,0.27452388405799866,0.27452388405799866,149000,0.0,0.0,0.0
2004-11-04 00:00:00+08:00,0.27856096546894227,0.27856096546894227,0.2704867422580719,0.2704867422580719,585000,0.0,0.0,0.0
2004-11-05 00:00:00+08:00,0.27452385345945396,0.27452385345945396,0.26644963026046753,0.26644963026046753,413000,0.0,0.0,0.0
2004-11-08 00:00:00+08:00,0.2664496542182065,0.2664496542182065,0.2543382942676544,0.2543382942676544,1520000,0.0,0.0,0.0
2004-11-09 00:00:00+08:00,0.25837537695546825,0.2704867355337685,0.25837537695546825,0.26241248846054077,2588000,0.0,0.0,0.0
2004-11-10 00:00:00+08:00,0.2704867355337685,0.2704867355337685,0.25837537695546825,0.26241248846054077,136000,0.0,0.0,0.0
2004-11-11 00:00:00+08:00,0.26241248846054077,0.26241248846054077,0.26241248846054077,0.26241248846054077,0,0.0,0.0,0.0
2004-11-12 00:00:00+08:00,0.2624126090322461,0.2624126090322461,0.25837549567222595,0.25837549567222595,196000,0.0,0.0,0.0
2004-11-15 00:00:00+08:00,0.25837549567222595,0.25837549567222595,0.25837549567222595,0.25837549567222595,0,0.0,0.0,0.0
2004-11-16 00:00:00+08:00,0.26644974645535996,0.27048685981538007,0.25837549567222595,0.25837549567222595,768000,0.0,0.0,0.0
2004-11-17 00:00:00+08:00,0.2583754062301433,0.2583754062301433,0.2543382942676544,0.2543382942676544,220000,0.0,0.0,0.0
2004-11-18 00:00:00+08:00,0.2583754062301433,0.2664496542182065,0.2543382942676544,0.2543382942676544,896000,0.0,0.0,0.0
2004-11-19 00:00:00+08:00,0.25837537695546825,0.26241248846054077,0.25433826545039573,0.26241248846054077,720000,0.0,0.0,0.0
2004-11-22 00:00:00+08:00,0.25837537695546825,0.26241248846054077,0.25837537695546825,0.26241248846054077,277000,0.0,0.0,0.0
2004-11-23 00:00:00+08:00,0.2624126090322461,0.2624126090322461,0.25837549567222595,0.25837549567222595,130000,0.0,0.0,0.0
2004-11-24 00:00:00+08:00,0.2624126090322461,0.2624126090322461,0.25837549567222595,0.25837549567222595,163000,0.0,0.0,0.0
2004-11-25 00:00:00+08:00,0.26241248846054077,0.26241248846054077,0.25837537695546825,0.26241248846054077,265000,0.0,0.0,0.0
2004-11-26 00:00:00+08:00,0.2603782986237065,0.272583544254303,0.2603782986237065,0.272583544254303,456000,0.0025,0.0,0.0
2004-11-29 00:00:00+08:00,0.2725835469859548,0.2725835469859548,0.26851513981819153,0.26851513981819153,1624000,0.0,0.0,0.0
2004-11-30 00:00:00+08:00,0.272583544254303,0.28072035850828775,0.272583544254303,0.272583544254303,898000,0.0,0.0,0.0
2004-12-01 00:00:00+08:00,0.26444682938194564,0.2725836716895959,0.2603784203529358,0.2603784203529358,410000,0.0,0.0,0.0
2004-12-02 00:00:00+08:00,0.2644467055797577,0.26851513695373946,0.2563098913310326,0.2644467055797577,1268000,0.0,0.0,0.0
2004-12-03 00:00:00+08:00,0.26037830391723854,0.2644467111269423,0.2563098967075348,0.2563098967075348,492000,0.0,0.0,0.0
2004-12-06 00:00:00+08:00,0.2563098967075348,0.2563098967075348,0.2563098967075348,0.2563098967075348,282000,0.0,0.0,0.0
2004-12-07 00:00:00+08:00,0.2563098995258624,0.2563098995258624,0.24817308501698424,0.25224149227142334,1019000,0.0,0.0,0.0
2004-12-08 00:00:00+08:00,0.2563098913310326,0.2644467055797577,0.2563098913310326,0.2644467055797577,690000,0.0,0.0,0.0
2004-12-09 00:00:00+08:00,0.2603784203529358,0.26444682938194564,0.25631001132392595,0.2603784203529358,1094000,0.0,0.0,0.0
2004-12-10 00:00:00+08:00,0.2563098995258624,0.2563098995258624,0.25224149227142334,0.25224149227142334,738000,0.0,0.0,0.0
2004-12-13 00:00:00+08:00,0.25630987165714736,0.25630987165714736,0.24410465122091055,0.2481730580329895,2151000,0.0,0.0,0.0
2004-12-14 00:00:00+08:00,0.2522415288916991,0.2522415288916991,0.24003628110681113,0.24410471320152283,4704000,0.0,0.0,0.0
2004-12-15 00:00:00+08:00,0.24817312104661096,0.2522415288916991,0.24410471320152283,0.24410471320152283,858000,0.0,0.0,0.0
2004-12-16 00:00:00+08:00,0.24410471320152283,0.24410471320152283,0.24410471320152283,0.24410471320152283,527000,0.0,0.0,0.0
2004-12-17 00:00:00+08:00,0.2522416022949161,0.26444682938194564,0.2522416022949161,0.2603784203529358,2072000,0.0,0.0,0.0
2004-12-20 00:00:00+08:00,0.2603784203529358,0.26444682938194564,0.2603784203529358,0.2603784203529358,979000,0.0,0.0,0.0
2004-12-21 00:00:00+08:00,0.2603782984553951,0.2644467055797577,0.2603782984553951,0.2644467055797577,703000,0.0,0.0,0.0
2004-12-22 00:00:00+08:00,0.2644467057506989,0.272583544254303,0.2644467057506989,0.272583544254303,794000,0.0,0.0,0.0
2004-12-23 00:00:00+08:00,0.2725835469859548,0.2725835469859548,0.26851513981819153,0.26851513981819153,335000,0.0,0.0,0.0
2004-12-24 00:00:00+08:00,0.2644467055797577,0.26851513695373946,0.2644467055797577,0.2644467055797577,270000,0.0,0.0,0.0
2004-12-27 00:00:00+08:00,0.2644467055797577,0.26851513695373946,0.2603782984553951,0.2644467055797577,894000,0.0,0.0,0.0
2004-12-28 00:00:00+08:00,0.2644467057506989,0.272583544254303,0.2644467057506989,0.272583544254303,554000,0.0,0.0,0.0
2004-12-29 00:00:00+08:00,0.27258354407810204,0.27258354407810204,0.2644467055797577,0.2644467055797577,281000,0.0,0.0,0.0
2004-12-30 00:00:00+08:00,0.26851513695373946,0.26851513695373946,0.2644467055797577,0.2644467055797577,255000,0.0,0.0,0.0
2004-12-31 00:00:00+08:00,0.2644467055797577,0.27258354407810204,0.2644467055797577,0.2644467055797577,304000,0.0,0.0,0.0
2005-01-03 00:00:00+08:00,0.27258353902853405,0.2807203531265259,0.27258353902853405,0.2807203531265259,2464000,0.0,0.0,0.0
2005-01-04 00:00:00+08:00,0.28072036132148137,0.28072036132148137,0.26851513981819153,0.26851513981819153,1900000,0.0,0.0,0.0
2005-01-05 00:00:00+08:00,0.27258354407810204,0.27258354407810204,0.2644467055797577,0.2644467055797577,1967000,0.0,0.0,0.0
2005-01-06 00:00:00+08:00,0.26851513712731057,0.272583544254303,0.26851513712731057,0.272583544254303,1998000,0.0,0.0,0.0
2005-01-07 00:00:00+08:00,0.2725836003311005,0.28072041625901795,0.2725836003311005,0.2766520082950592,4140000,0.0,0.0,0.0
2005-01-10 00:00:00+08:00,0.2766520082950592,0.28072041625901795,0.2766520082950592,0.2766520082950592,1824000,0.0,0.0,0.0
2005-01-11 00:00:00+08:00,0.2766519513812954,0.2766519513812954,0.272583544254303,0.272583544254303,2096000,0.0,0.0,0.0
2005-01-12 00:00:00+08:00,0.2725835469859548,0.2725835469859548,0.26851513981819153,0.26851513981819153,1462000,0.0,0.0,0.0
2005-01-13 00:00:00+08:00,0.2725836003311005,0.2766520082950592,0.26851519236714183,0.2766520082950592,1008000,0.0,0.0,0.0
2005-01-14 00:00:00+08:00,0.276651914588471,0.292925565181775,0.276651914588471,0.28478872776031494,7752000,0.0,0.0,0.0
2005-01-17 00:00:00+08:00,0.28478875547800964,0.29699400067329407,0.28478875547800964,0.29699400067329407,6379000,0.0,0.0,0.0
2005-01-18 00:00:00+08:00,0.3091992139816284,0.31733602774442354,0.3051308071002308,0.3091992139816284,12443000,0.0,0.0,0.0
2005-01-19 00:00:00+08:00,0.309199186259832,0.309199186259832,0.3051307797431946,0.3051307797431946,1784000,0.0,0.0,0.0
2005-01-20 00:00:00+08:00,0.30106244090183976,0.3051308483330072,0.292925626039505,0.292925626039505,3348000,0.0,0.0,0.0
2005-01-24 00:00:00+08:00,0.2929255985231325,0.2929255985231325,0.27665194607752996,0.2807203531265259,3498000,0.0,0.0,0.0
2005-01-25 00:00:00+08:00,0.2807203531265259,0.2847887601755218,0.27665194607752996,0.2807203531265259,2460000,0.0,0.0,0.0
2005-01-26 00:00:00+08:00,0.28478882422297663,0.2888572321869354,0.2766520082950592,0.2766520082950592,3180000,0.0,0.0,0.0
2005-01-27 00:00:00+08:00,0.276651914588471,0.28885713434623694,0.276651914588471,0.28478872776031494,2450000,0.0,0.0,0.0
2005-01-28 00:00:00+08:00,0.2847887256407834,0.29292556300168526,0.2847887256407834,0.2888571321964264,1817000,0.0,0.0,0.0
2005-01-31 00:00:00+08:00,0.29292556300168526,0.3010623761129712,0.2888571321964264,0.2888571321964264,4833000,0.0,0.0,0.0
2005-02-01 00:00:00+08:00,0.29292556300168526,0.2969939695573282,0.2888571321964264,0.2888571321964264,2159000,0.0,0.0,0.0
2005-02-02 00:00:00+08:00,0.2888572321869354,0.2888572321869354,0.2766520082950592,0.2766520082950592,2569000,0.0,0.0,0.0
2005-02-03 00:00:00+08:00,0.28072041625901795,0.28478882422297663,0.2766520082950592,0.2766520082950592,1705000,0.0,0.0,0.0
2005-02-04 00:00:00+08:00,0.2807203531265259,0.2847887601755218,0.2807203531265259,0.2807203531265259,831000,0.0,0.0,0.0
2005-02-07 00:00:00+08:00,0.28478882422297663,0.28478882422297663,0.2766520082950592,0.2766520082950592,1282000,0.0,0.0,0.0
2005-02-08 00:00:00+08:00,0.27665194607752996,0.2807203531265259,0.27665194607752996,0.2807203531265259,510000,0.0,0.0,0.0
2005-02-11 00:00:00+08:00,0.2807203531265259,0.2847887601755218,0.2807203531265259,0.2807203531265259,781000,0.0,0.0,0.0
2005-02-14 00:00:00+08:00,0.28478872776031494,0.292925565181775,0.280720321174393,0.28478872776031494,2097000,0.0,0.0,0.0
2005-02-15 00:00:00+08:00,0.28885719435871654,0.292925626039505,0.28885719435871654,0.292925626039505,815000,0.0,0.0,0.0
2005-02-16 00:00:00+08:00,0.292925565181775,0.292925565181775,0.28478872776031494,0.28478872776031494,1318000,0.0,0.0,0.0
2005-02-17 00:00:00+08:00,0.28478872776031494,0.28478872776031494,0.28478872776031494,0.28478872776031494,223000,0.0,0.0,0.0
2005-02-18 00:00:00+08:00,0.28885716722451776,0.28885716722451776,0.2807203531265259,0.2807203531265259,398000,0.0,0.0,0.0
2005-02-21 00:00:00+08:00,0.28478882422297663,0.28478882422297663,0.2766520082950592,0.2766520082950592,2172000,0.0,0.0,0.0
2005-02-22 00:00:00+08:00,0.28072036132148137,0.28478876848924467,0.26851513981819153,0.26851513981819153,2671000,0.0,0.0,0.0
2005-02-23 00:00:00+08:00,0.26851526266058606,0.26851526266058606,0.2522416022949161,0.2603784203529358,3825000,0.0,0.0,0.0
2005-02-24 00:00:00+08:00,0.2603783067803015,0.2603783067803015,0.25224149227142334,0.25224149227142334,1733000,0.0,0.0,0.0
2005-02-25 00:00:00+08:00,0.25224149227142334,0.2563098995258624,0.24817308501698424,0.25224149227142334,1113000,0.0,0.0,0.0
2005-02-28 00:00:00+08:00,0.24817313423650644,0.24817313423650644,0.24003629386425018,0.24003629386425018,1532000,0.0,0.0,0.0
2005-03-01 00:00:00+08:00,0.23596790432929993,0.24003631271003545,0.23189949594856443,0.23596790432929993,1761000,0.0,0.0,0.0
2005-03-02 00:00:00+08:00,0.24003631271003545,0.2441047453403977,0.23596790432929993,0.23596790432929993,3589000,0.0,0.0,0.0
2005-03-03 00:00:00+08:00,0.24003629386425018,0.24817313423650644,0.24003629386425018,0.24003629386425018,1026000,0.0,0.0,0.0
2005-03-04 00:00:00+08:00,0.24410471320152283,0.24410471320152283,0.24003628110681113,0.24410471320152283,1730000,0.0,0.0,0.0
2005-03-07 00:00:00+08:00,0.24817312104661096,0.2522415288916991,0.24410471320152283,0.24410471320152283,1935000,0.0,0.0,0.0
2005-03-08 00:00:00+08:00,0.2441047453403977,0.2441047453403977,0.23189949594856443,0.23596790432929993,3239000,0.0,0.0,0.0
2005-03-09 00:00:00+08:00,0.23596790432929993,0.23596790432929993,0.23189949594856443,0.23596790432929993,1607000,0.0,0.0,0.0
2005-03-10 00:00:00+08:00,0.23596790432929993,0.23596790432929993,0.23189949594856443,0.23596790432929993,1062000,0.0,0.0,0.0
2005-03-11 00:00:00+08:00,0.23596790432929993,0.24003631271003545,0.23189949594856443,0.23596790432929993,1975000,0.0,0.0,0.0
2005-03-14 00:00:00+08:00,0.23596790432929993,0.23596790432929993,0.23189949594856443,0.23596790432929993,1842000,0.0,0.0,0.0
2005-03-15 00:00:00+08:00,0.23596790432929993,0.23596790432929993,0.23189949594856443,0.23596790432929993,984000,0.0,0.0,0.0
2005-03-16 00:00:00+08:00,0.2318994551897049,0.2318994551897049,0.20748898494607163,0.2318994551897049,5917000,0.0,0.0,0.0
2005-03-17 00:00:00+08:00,0.23189943395862958,0.23189943395862958,0.21969421207904816,0.21969421207904816,1083000,0.0,0.0,0.0
2005-03-18 00:00:00+08:00,0.22376267230039293,0.22783108055591583,0.22376267230039293,0.22783108055591583,864000,0.0,0.0,0.0
2005-03-21 00:00:00+08:00,0.22783108055591583,0.2318994888114387,0.22376267230039293,0.22783108055591583,1157000,0.0,0.0,0.0
2005-03-22 00:00:00+08:00,0.22783102666543578,0.22783102666543578,0.21969421207904816,0.21969421207904816,1098000,0.0,0.0,0.0
2005-03-23 00:00:00+08:00,0.22376267611980438,0.22376267611980438,0.22376267611980438,0.22376267611980438,345000,0.0,0.0,0.0
2005-03-24 00:00:00+08:00,0.22376267230039293,0.2318994888114387,0.22376267230039293,0.22783108055591583,411000,0.0,0.0,0.0
2005-03-28 00:00:00+08:00,0.22783108055591583,0.22783108055591583,0.22783108055591583,0.22783108055591583,170000,0.0,0.0,0.0
2005-03-29 00:00:00+08:00,0.22376267611980438,0.22783108444477104,0.21969426779483772,0.22376267611980438,165000,0.0,0.0,0.0
2005-03-30 00:00:00+08:00,0.22376261937224198,0.22376261937224198,0.21969421207904816,0.21969421207904816,505000,0.0,0.0,0.0
2005-03-31 00:00:00+08:00,0.22376267611980438,0.22783108444477104,0.21969426779483772,0.22376267611980438,389000,0.0,0.0,0.0
2005-04-01 00:00:00+08:00,0.22376261937224198,0.22376261937224198,0.21969421207904816,0.21969421207904816,106000,0.0,0.0,0.0
2005-04-04 00:00:00+08:00,0.21969426779483772,0.22376267611980438,0.21562583522024462,0.22376267611980438,670000,0.0,0.0,0.0
2005-04-05 00:00:00+08:00,0.22376267918709344,0.24003631271003545,0.21969427080635792,0.23596790432929993,3180000,0.0,0.0,0.0
2005-04-06 00:00:00+08:00,0.23596786285537338,0.23596786285537338,0.22783104752403643,0.2318994551897049,586000,0.0,0.0,0.0
2005-04-07 00:00:00+08:00,0.23189949594856443,0.23596790432929993,0.23189949594856443,0.23596790432929993,403000,0.0,0.0,0.0
2005-04-08 00:00:00+08:00,0.23596788580293449,0.24003629386425018,0.23596788580293449,0.24003629386425018,380000,0.0,0.0,0.0
2005-04-11 00:00:00+08:00,0.23596788580293449,0.24003629386425018,0.23596788580293449,0.24003629386425018,203000,0.0,0.0,0.0
2005-04-12 00:00:00+08:00,0.23596790432929993,0.23596790432929993,0.23596790432929993,0.23596790432929993,60000,0.0,0.0,0.0
2005-04-13 00:00:00+08:00,0.23596790432929993,0.24003631271003545,0.23596790432929993,0.23596790432929993,190000,0.0,0.0,0.0
2005-04-14 00:00:00+08:00,0.23596790432929993,0.23596790432929993,0.23596790432929993,0.23596790432929993,435000,0.0,0.0,0.0
2005-04-15 00:00:00+08:00,0.23596790432929993,0.23596790432929993,0.23596790432929993,0.23596790432929993,208000,0.0,0.0,0.0
2005-04-18 00:00:00+08:00,0.2318994927697377,0.2318994927697377,0.21969426779483772,0.22376267611980438,381000,0.0,0.0,0.0
2005-04-19 00:00:00+08:00,0.22376267230039293,0.22783108055591583,0.22376267230039293,0.22783108055591583,430000,0.0,0.0,0.0
2005-04-20 00:00:00+08:00,0.22783108444477104,0.22783108444477104,0.21969426779483772,0.22376267611980438,604000,0.0,0.0,0.0
2005-04-21 00:00:00+08:00,0.21969426779483772,0.22376267611980438,0.21969426779483772,0.22376267611980438,160000,0.0,0.0,0.0
2005-04-22 00:00:00+08:00,0.22376267230039293,0.22783108055591583,0.22376267230039293,0.22783108055591583,280000,0.0,0.0,0.0
2005-04-25 00:00:00+08:00,0.22376267611980438,0.22783108444477104,0.22376267611980438,0.22376267611980438,253000,0.0,0.0,0.0
2005-04-26 00:00:00+08:00,0.2318994551897049,0.2318994551897049,0.22783104752403643,0.2318994551897049,307000,0.0,0.0,0.0
2005-04-27 00:00:00+08:00,0.22783108055591583,0.22783108055591583,0.22783108055591583,0.22783108055591583,410000,0.0,0.0,0.0
2005-04-28 00:00:00+08:00,0.22783108055591583,0.22783108055591583,0.22783108055591583,0.22783108055591583,80000,0.0,0.0,0.0
2005-04-29 00:00:00+08:00,0.22376267611980438,0.22376267611980438,0.22376267611980438,0.22376267611980438,10000,0.0,0.0,0.0
2005-05-03 00:00:00+08:00,0.22581548988819122,0.22992122206345203,0.22581548988819122,0.22581548988819122,175000,0.0025,0.0,0.0
2005-05-04 00:00:00+08:00,0.22581548988819122,0.22581548988819122,0.22581548988819122,0.22581548988819122,110000,0.0,0.0,0.0
2005-05-05 00:00:00+08:00,0.22581548988819122,0.22581548988819122,0.22581548988819122,0.22581548988819122,204000,0.0,0.0,0.0
2005-05-06 00:00:00+08:00,0.22992122206345203,0.22992122206345203,0.22581548988819122,0.22581548988819122,0,0.0,0.0,0.0
2005-05-09 00:00:00+08:00,0.22992120695299076,0.22992120695299076,0.22170974314212796,0.221709743142128,674000,0.0,0.0,0.0
2005-05-10 00:00:00+08:00,0.22170975771293042,0.22581548988819122,0.22170975771293042,0.22581548988819122,322000,0.0,0.0,0.0
2005-05-11 00:00:00+08:00,0.22170975771293042,0.22581548988819122,0.22170975771293042,0.22581548988819122,215000,0.0,0.0,0.0
2005-05-12 00:00:00+08:00,0.22581548988819122,0.22992122206345203,0.22581548988819122,0.22581548988819122,164000,0.0,0.0,0.0
2005-05-13 00:00:00+08:00,0.225815504198801,0.2340269690697079,0.225815504198801,0.22992123663425446,572000,0.0,0.0,0.0
2005-05-16 00:00:00+08:00,0.23402702808380127,0.23402702808380127,0.22992129461301383,0.23402702808380127,224000,0.0,0.0,0.0
2005-05-17 00:00:00+08:00,0.23402702808380127,0.23402702808380127,0.22581556114222637,0.23402702808380127,461000,0.0,0.0,0.0
2005-05-18 00:00:00+08:00,0.22992123663425446,0.2340269690697079,0.225815504198801,0.22992123663425446,132000,0.0,0.0,0.0
2005-05-19 00:00:00+08:00,0.22992123663425446,0.22992123663425446,0.22992123663425446,0.22992123663425446,120000,0.0,0.0,0.0
2005-05-20 00:00:00+08:00,0.225815504198801,0.22992123663425446,0.225815504198801,0.22992123663425446,104000,0.0,0.0,0.0
2005-05-24 00:00:00+08:00,0.22992129461301383,0.23402702808380127,0.22992129461301383,0.23402702808380127,125000,0.0,0.0,0.0
2005-05-25 00:00:00+08:00,0.2340269690697079,0.2340269690697079,0.22992123663425446,0.22992123663425446,682000,0.0,0.0,0.0
2005-05-26 00:00:00+08:00,0.22581548988819122,0.22581548988819122,0.22581548988819122,0.22581548988819122,160000,0.0,0.0,0.0
2005-05-27 00:00:00+08:00,0.22581548988819122,0.22581548988819122,0.22581548988819122,0.22581548988819122,150000,0.0,0.0,0.0
2005-05-30 00:00:00+08:00,0.22581547504755936,0.22581547504755936,0.22170974314212796,0.221709743142128,231000,0.0,0.0,0.0
2005-05-31 00:00:00+08:00,0.22992123663425446,0.22992123663425446,0.22170977176334755,0.22992123663425446,370000,0.0,0.0,0.0
2005-06-01 00:00:00+08:00,0.22581548988819122,0.23402695423871284,0.22581548988819122,0.22581548988819122,228000,0.0,0.0,0.0
2005-06-02 00:00:00+08:00,0.22581548988819122,0.22581548988819122,0.22581548988819122,0.22581548988819122,2000,0.0,0.0,0.0
2005-06-03 00:00:00+08:00,0.22581548988819122,0.22581548988819122,0.22581548988819122,0.22581548988819122,149000,0.0,0.0,0.0
2005-06-06 00:00:00+08:00,0.22170975771293042,0.22581548988819122,0.22170975771293042,0.22581548988819122,109000,0.0,0.0,0.0
2005-06-07 00:00:00+08:00,0.22581547481796527,0.24223840242299313,0.22581547481796527,0.23813267052173615,1363000,0.0,0.0,0.0
2005-06-08 00:00:00+08:00,0.2381327437093332,0.24634423450765508,0.2381327437093332,0.24223847687244415,1205000,0.0,0.0,0.0
2005-06-09 00:00:00+08:00,0.24223847687244415,0.24634423450765508,0.2381327437093332,0.24223847687244415,1225000,0.0,0.0,0.0
2005-06-10 00:00:00+08:00,0.2545556273067985,0.2750843116648486,0.2545556273067985,0.2668728232383728,11995000,0.0,0.0,0.0
2005-06-13 00:00:00+08:00,0.27097854018211365,0.27919000293936,0.27097854018211365,0.27097854018211365,4583000,0.0,0.0,0.0
2005-06-14 00:00:00+08:00,0.2709786727502373,0.27919013952469557,0.26687291489090686,0.27508440613746643,2481000,0.0,0.0,0.0
2005-06-15 00:00:00+08:00,0.2750843116648486,0.2750843116648486,0.26276709126118136,0.2668728232383728,1409000,0.0,0.0,0.0
2005-06-16 00:00:00+08:00,0.26276710629463196,0.26276710629463196,0.2586613740825431,0.26276710629463196,928000,0.0,0.0,0.0
2005-06-17 00:00:00+08:00,0.26687283850672083,0.26687283850672083,0.26276710629463196,0.26276710629463196,1423000,0.0,0.0,0.0
2005-06-20 00:00:00+08:00,0.26276715435238096,0.26276715435238096,0.2504499554634094,0.2504499554634094,1369000,0.0,0.0,0.0
2005-06-21 00:00:00+08:00,0.2545556884263999,0.25866142138939047,0.2504499554634094,0.2504499554634094,2090000,0.0,0.0,0.0
2005-06-22 00:00:00+08:00,0.25044988105925403,0.26276707628900836,0.25044988105925403,0.2545556128025055,2828000,0.0,0.0,0.0
2005-06-23 00:00:00+08:00,0.25866134454575695,0.25866134454575695,0.2545556128025055,0.2545556128025055,637000,0.0,0.0,0.0
2005-06-24 00:00:00+08:00,0.2545556128025055,0.2545556128025055,0.2545556128025055,0.2545556128025055,693000,0.0,0.0,0.0
2005-06-27 00:00:00+08:00,0.2545556884263999,0.2545556884263999,0.2504499554634094,0.2504499554634094,465000,0.0,0.0,0.0
2005-06-28 00:00:00+08:00,0.2504499554634094,0.2545556884263999,0.2504499554634094,0.2504499554634094,715000,0.0,0.0,0.0
2005-06-29 00:00:00+08:00,0.2545556884263999,0.2545556884263999,0.2504499554634094,0.2504499554634094,924000,0.0,0.0,0.0
2005-06-30 00:00:00+08:00,0.2504499566001327,0.2504499566001327,0.24223846616478314,0.24634422361850739,763000,0.0,0.0,0.0
2005-07-01 00:00:00+08:00,0.2504499566001327,0.2504499566001327,0.24223846616478314,0.24634422361850739,637000,0.0,0.0,0.0
2005-07-04 00:00:00+08:00,0.24634414931600257,0.2545556128025055,0.24634414931600257,0.2545556128025055,657000,0.0,0.0,0.0
2005-07-05 00:00:00+08:00,0.2545556128025055,0.25866134454575695,0.2545556128025055,0.2545556128025055,794000,0.0,0.0,0.0
2005-07-06 00:00:00+08:00,0.25866134454575695,0.25866134454575695,0.25044988105925403,0.2545556128025055,330000,0.0,0.0,0.0
2005-07-07 00:00:00+08:00,0.24834699722500753,0.25248610973358154,0.2442078600453769,0.25248610973358154,558000,0.0025,0.0,0.0
2005-07-08 00:00:00+08:00,0.2483469520729809,0.2483469520729809,0.2400687038898468,0.2400687038898468,631000,0.0,0.0,0.0
2005-07-11 00:00:00+08:00,0.2400687351261924,0.24834698438644406,0.2400687351261924,0.2483469843864441,309000,0.0,0.0,0.0
2005-07-12 00:00:00+08:00,0.24834690707974688,0.2690424621105194,0.24834690707974688,0.2690424621105194,5190000,0.0,0.0,0.0
2005-07-13 00:00:00+08:00,0.2649033511043649,0.2731815977877216,0.2649033511043649,0.2690424621105194,2651000,0.0,0.0,0.0
2005-07-14 00:00:00+08:00,0.27318167519952263,0.27318167519952263,0.2607643139912897,0.2649034261703491,1300000,0.0,0.0,0.0
2005-07-15 00:00:00+08:00,0.2690424940148697,0.2690424940148697,0.2566251595238991,0.2607642710208893,1158000,0.0,0.0,0.0
2005-07-18 00:00:00+08:00,0.2607642710208893,0.2607642710208893,0.2566251595238991,0.2607642710208893,482000,0.0,0.0,0.0
2005-07-19 00:00:00+08:00,0.2607643139912897,0.27318167519952263,0.2566252018122303,0.2649034261703491,2002000,0.0,0.0,0.0
2005-07-20 00:00:00+08:00,0.26904253834940856,0.27318167519952263,0.2649034261703491,0.2649034261703491,2341000,0.0,0.0,0.0
2005-07-21 00:00:00+08:00,0.2690424621105194,0.2773207087938761,0.2690424621105194,0.2690424621105194,3441000,0.0,0.0,0.0
2005-07-22 00:00:00+08:00,0.2731818072413597,0.28146003560074234,0.2731818072413597,0.277320921421051,3406000,0.0,0.0,0.0
2005-07-25 00:00:00+08:00,0.28145993197862257,0.28145993197862257,0.2731817066669464,0.2731817066669464,592000,0.0,0.0,0.0
2005-07-26 00:00:00+08:00,0.277320921421051,0.277320921421051,0.2731818072413597,0.277320921421051,2085000,0.0,0.0,0.0
2005-07-27 00:00:00+08:00,0.2855990099091497,0.28973812206172295,0.28145989775657654,0.28145989775657654,14182000,0.0,0.0,0.0
2005-07-28 00:00:00+08:00,0.2855990446344607,0.2855990446344607,0.2731817066669464,0.2731817066669464,2535000,0.0,0.0,0.0
2005-07-29 00:00:00+08:00,0.2773208193227845,0.2773208193227845,0.2731817066669464,0.2731817066669464,2313000,0.0,0.0,0.0
2005-08-01 00:00:00+08:00,0.2731815977877216,0.2731815977877216,0.2690424621105194,0.2690424621105194,1708000,0.0,0.0,0.0
2005-08-02 00:00:00+08:00,0.26904253834940856,0.27318167519952263,0.2649034261703491,0.2649034261703491,1279000,0.0,0.0,0.0
2005-08-03 00:00:00+08:00,0.2649033825178795,0.2690424940148697,0.2607642710208893,0.2607642710208893,3012000,0.0,0.0,0.0
2005-08-04 00:00:00+08:00,0.26076433475072963,0.26076433475072963,0.25248610973358154,0.25248610973358154,1453000,0.0,0.0,0.0
2005-08-05 00:00:00+08:00,0.2607643477963664,0.2607643477963664,0.256625235080719,0.256625235080719,853000,0.0,0.0,0.0
2005-08-08 00:00:00+08:00,0.2566251595238991,0.2607642710208893,0.2524860480269088,0.2607642710208893,1146000,0.0,0.0,0.0
2005-08-10 00:00:00+08:00,0.26076433475072963,0.26076433475072963,0.25248610973358154,0.25248610973358154,1574000,0.0,0.0,0.0
2005-08-11 00:00:00+08:00,0.2524860638290219,0.2524860638290219,0.2400687038898468,0.2400687038898468,2407000,0.0,0.0,0.0
2005-08-12 00:00:00+08:00,0.24420790374279022,0.24420790374279022,0.24006879049358273,0.24420790374279022,1030000,0.0,0.0,0.0
2005-08-15 00:00:00+08:00,0.24834701874238427,0.24834701874238427,0.23179054260253906,0.23179054260253906,1396000,0.0,0.0,0.0
2005-08-16 00:00:00+08:00,0.2359296977519989,0.2400688113609889,0.23179058414300888,0.2359296977519989,1181000,0.0,0.0,0.0
2005-08-17 00:00:00+08:00,0.23592959213380582,0.2442078156458878,0.23592959213380582,0.2400687038898468,833000,0.0,0.0,0.0
2005-08-18 00:00:00+08:00,0.2400687683369323,0.2400687683369323,0.23179054260253906,0.23179054260253906,1257000,0.0,0.0,0.0
2005-08-19 00:00:00+08:00,0.2359296977519989,0.2400688113609889,0.2359296977519989,0.2359296977519989,330000,0.0,0.0,0.0
2005-08-22 00:00:00+08:00,0.23592959213380582,0.2400687038898468,0.23592959213380582,0.2400687038898468,564000,0.0,0.0,0.0
2005-08-23 00:00:00+08:00,0.2400687038898468,0.2400687038898468,0.23592959213380582,0.2400687038898468,323000,0.0,0.0,0.0
2005-08-24 00:00:00+08:00,0.2400687038898468,0.2400687038898468,0.23592959213380582,0.2400687038898468,667000,0.0,0.0,0.0
2005-08-25 00:00:00+08:00,0.24006879049358273,0.24420790374279022,0.23592967724437527,0.24420790374279022,466000,0.0,0.0,0.0
2005-08-26 00:00:00+08:00,0.24420790374279022,0.2483470416630587,0.24006879049358273,0.24420790374279022,402000,0.0,0.0,0.0
2005-08-29 00:00:00+08:00,0.2442078156458878,0.2442078156458878,0.2400687038898468,0.2400687038898468,355000,0.0,0.0,0.0
2005-08-30 00:00:00+08:00,0.24420790374279022,0.24420790374279022,0.24006879049358273,0.24420790374279022,247000,0.0,0.0,0.0
2005-08-31 00:00:00+08:00,0.24420790374279022,0.24420790374279022,0.24006879049358273,0.24420790374279022,81000,0.0,0.0,0.0
2005-09-01 00:00:00+08:00,0.2442078156458878,0.2442078156458878,0.2400687038898468,0.2400687038898468,200000,0.0,0.0,0.0
2005-09-02 00:00:00+08:00,0.24420790374279022,0.24420790374279022,0.23592967724437527,0.24420790374279022,81000,0.0,0.0,0.0
2005-09-05 00:00:00+08:00,0.2442079249699789,0.2442079249699789,0.2359296977519989,0.2359296977519989,654000,0.0,0.0,0.0
2005-09-06 00:00:00+08:00,0.2359296977519989,0.2400688113609889,0.23179058414300888,0.2359296977519989,322000,0.0,0.0,0.0
2005-09-07 00:00:00+08:00,0.24006879049358273,0.25248615491226617,0.24006879049358273,0.24420790374279022,1381000,0.0,0.0,0.0
2005-09-08 00:00:00+08:00,0.25248615491226617,0.25248615491226617,0.24420790374279022,0.24420790374279022,480000,0.0,0.0,0.0
2005-09-09 00:00:00+08:00,0.24834698438644406,0.24834698438644406,0.24420784742079057,0.2483469843864441,530000,0.0,0.0,0.0
2005-09-12 00:00:00+08:00,0.24834700964942413,0.256625235080719,0.24834700964942413,0.256625235080719,1559000,0.0,0.0,0.0
2005-09-13 00:00:00+08:00,0.2607643139912897,0.2649034261703491,0.2566252018122303,0.2649034261703491,1926000,0.0,0.0,0.0
2005-09-14 00:00:00+08:00,0.26904256934005083,0.2731817066669464,0.2649034566842127,0.2731817066669464,3593000,0.0,0.0,0.0
2005-09-15 00:00:00+08:00,0.2773208193227845,0.2773208193227845,0.2731817066669464,0.2731817066669464,2026000,0.0,0.0,0.0
2005-09-16 00:00:00+08:00,0.2731817066669464,0.2731817066669464,0.26904256934005083,0.2731817066669464,1221000,0.0,0.0,0.0
2005-09-19 00:00:00+08:00,0.2731818072413597,0.277320921421051,0.2690426683906018,0.277320921421051,614000,0.0,0.0,0.0
2005-09-20 00:00:00+08:00,0.2773207087938761,0.2773207087938761,0.2690424621105194,0.2690424621105194,592000,0.0,0.0,0.0
2005-09-21 00:00:00+08:00,0.2731815977877216,0.2773207087938761,0.2690424621105194,0.2690424621105194,13175000,0.0,0.0,0.0
2005-09-22 00:00:00+08:00,0.2731817066669464,0.2773208193227845,0.26904256934005083,0.2731817066669464,692000,0.0,0.0,0.0
2005-09-23 00:00:00+08:00,0.2731815977877216,0.2731815977877216,0.2690424621105194,0.2690424621105194,268000,0.0,0.0,0.0
2005-09-26 00:00:00+08:00,0.2731815977877216,0.2731815977877216,0.2690424621105194,0.2690424621105194,269000,0.0,0.0,0.0
2005-09-27 00:00:00+08:00,0.26904253834940856,0.26904253834940856,0.2649034261703491,0.2649034261703491,336000,0.0,0.0,0.0
2005-09-28 00:00:00+08:00,0.26490346051201386,0.26490346051201386,0.256625235080719,0.256625235080719,1020000,0.0,0.0,0.0
2005-09-29 00:00:00+08:00,0.2607644400312192,0.277320921421051,0.2607644400312192,0.277320921421051,2256,0.0,0.0,0.0
2005-09-30 00:00:00+08:00,0.2773208193227845,0.2773208193227845,0.26904256934005083,0.2731817066669464,458,0.0,0.0,0.0
2005-10-03 00:00:00+08:00,0.2731815977877216,0.2773207087938761,0.2690424621105194,0.2690424621105194,653,0.0,0.0,0.0
2005-10-04 00:00:00+08:00,0.2731818072413597,0.277320921421051,0.2731818072413597,0.277320921421051,794,0.0,0.0,0.0
2005-10-05 00:00:00+08:00,0.277320921421051,0.277320921421051,0.2731818072413597,0.277320921421051,868,0.0,0.0,0.0
2005-10-06 00:00:00+08:00,0.277320921421051,0.277320921421051,0.2690426683906018,0.277320921421051,1063,0.0,0.0,0.0
2005-10-07 00:00:00+08:00,0.2731815977877216,0.2731815977877216,0.2690424621105194,0.2690424621105194,917,0.0,0.0,0.0
2005-10-10 00:00:00+08:00,0.2690424621105194,0.2690424621105194,0.2690424621105194,0.2690424621105194,201,0.0,0.0,0.0
2005-10-11 00:00:00+08:00,0.2731815977877216,0.2731815977877216,0.2690424621105194,0.2690424621105194,1077,0.0,0.0,0.0
2005-10-12 00:00:00+08:00,0.26904256934005083,0.2855990446344607,0.2649034566842127,0.2731817066669464,3547,0.0,0.0,0.0
2005-10-13 00:00:00+08:00,0.27318167345143013,0.2855990099091497,0.27318167345143013,0.28145989775657654,6271,0.0,0.0,0.0
2005-10-14 00:00:00+08:00,0.28145985201910523,0.2855989634990692,0.28145985201910523,0.2855989634990692,1713,0.0,0.0,0.0
2005-10-17 00:00:00+08:00,0.2855990099091497,0.2938772342142961,0.28145989775657654,0.28145989775657654,4802,0.0,0.0,0.0
2005-10-18 00:00:00+08:00,0.27520523454644,0.28354477882385254,0.27520523454644,0.28354477882385254,1235000,0.0025,0.0,0.0
2005-10-19 00:00:00+08:00,0.2835447844187383,0.2835447844187383,0.26686567068099976,0.26686567068099976,3179,0.0,0.0,0.0
2005-10-20 00:00:00+08:00,0.27103539181176556,0.27103539181176556,0.2585260775068217,0.262695848941803,1555,0.0,0.0,0.0
2005-10-21 00:00:00+08:00,0.2585260775068217,0.26686562037678424,0.2543563060718404,0.262695848941803,2313,0.0,0.0,0.0
2005-10-24 00:00:00+08:00,0.2585261267034966,0.2626958989319719,0.25435635447502136,0.25435635447502136,727,0.0,0.0,0.0
2005-10-25 00:00:00+08:00,0.2585261267034966,0.2626958989319719,0.25435635447502136,0.25435635447502136,596,0.0,0.0,0.0
2005-10-26 00:00:00+08:00,0.25852617621421814,0.26269594924125267,0.2543564031871836,0.25852617621421814,497,0.0,0.0,0.0
2005-10-27 00:00:00+08:00,0.2585261267034966,0.2626958989319719,0.25435635447502136,0.25435635447502136,923,0.0,0.0,0.0
2005-10-28 00:00:00+08:00,0.25435635447502136,0.2585261267034966,0.25435635447502136,0.25435635447502136,1070,0.0,0.0,0.0
2005-10-31 00:00:00+08:00,0.2543564031871836,0.2668657222682872,0.2543564031871836,0.25852617621421814,696000,0.0,0.0,0.0
2005-11-02 00:00:00+08:00,0.26686567068099976,0.26686567068099976,0.26686567068099976,0.26686567068099976,511,0.0,0.0,0.0
2005-11-04 00:00:00+08:00,0.27520523454644,0.28354477882385254,0.27520523454644,0.28354477882385254,2095,0.0,0.0,0.0
2005-11-07 00:00:00+08:00,0.27937500668514625,0.28354477882385254,0.27520523454644,0.28354477882385254,1730,0.0,0.0,0.0
2005-11-08 00:00:00+08:00,0.2793751358985901,0.2793751358985901,0.2793751358985901,0.2793751358985901,718,0.0,0.0,0.0
2005-11-09 00:00:00+08:00,0.2793751358985901,0.2793751358985901,0.2793751358985901,0.2793751358985901,382,0.0,0.0,0.0
2005-11-10 00:00:00+08:00,0.2877145509625588,0.2877145509625588,0.27937500668514625,0.28354477882385254,744,0.0,0.0,0.0
2005-11-11 00:00:00+08:00,0.28354477882385254,0.28354477882385254,0.27937500668514625,0.28354477882385254,659,0.0,0.0,0.0
2005-11-14 00:00:00+08:00,0.2835449099658533,0.2835449099658533,0.2752053618313268,0.2793751358985901,893,0.0,0.0,0.0
2005-11-15 00:00:00+08:00,0.27520522475242615,0.27520522475242615,0.27520522475242615,0.27520522475242615,346,0.0,0.0,0.0
2005-11-16 00:00:00+08:00,0.27520522475242615,0.2793749967427384,0.27520522475242615,0.27520522475242615,120,0.0,0.0,0.0
2005-11-17 00:00:00+08:00,0.2752053618313268,0.2793751358985901,0.2752053618313268,0.2793751358985901,1593,0.0,0.0,0.0
2005-11-18 00:00:00+08:00,0.27937500668514625,0.2877145509625588,0.27937500668514625,0.28354477882385254,1245,0.0,0.0,0.0
2005-11-21 00:00:00+08:00,0.28354477882385254,0.2877145509625588,0.27937500668514625,0.28354477882385254,902,0.0,0.0,0.0
2005-11-22 00:00:00+08:00,0.28354477882385254,0.28354477882385254,0.28354477882385254,0.28354477882385254,699,0.0,0.0,0.0
2005-11-23 00:00:00+08:00,0.2835447883380377,0.29188433289527893,0.2835447883380377,0.29188433289527893,1301,0.0,0.0,0.0
2005-11-24 00:00:00+08:00,0.2918843759307191,0.3002239465713501,0.2918843759307191,0.3002239465713501,2610,0.0,0.0,0.0
2005-11-25 00:00:00+08:00,0.3002239465713501,0.3002239465713501,0.3002239465713501,0.3002239465713501,1928,0.0,0.0,0.0
2005-11-28 00:00:00+08:00,0.3002238869756013,0.31690297523837785,0.3002238869756013,0.3127332031726837,3966,0.0,0.0,0.0
2005-11-29 00:00:00+08:00,0.31273318303297426,0.31273318303297426,0.3043936394386444,0.3085634112358093,1540,0.0,0.0,0.0
2005-11-30 00:00:00+08:00,0.3085634112358093,0.3085634112358093,0.3043936394386444,0.3085634112358093,725,0.0,0.0,0.0
2005-12-01 00:00:00+08:00,0.3043937385082245,0.3043937385082245,0.30022396535394336,0.3043937385082245,1097,0.0,0.0,0.0
2005-12-02 00:00:00+08:00,0.3085634112358093,0.31273318303297426,0.3043936394386444,0.3085634112358093,2290,0.0,0.0,0.0
2005-12-05 00:00:00+08:00,0.3085635116625056,0.3085635116625056,0.3043937385082245,0.3043937385082245,573,0.0,0.0,0.0
2005-12-06 00:00:00+08:00,0.3043937385082245,0.3043937385082245,0.3043937385082245,0.3043937385082245,622,0.0,0.0,0.0
2005-12-07 00:00:00+08:00,0.3043937385082245,0.3085635116625056,0.30022396535394336,0.3043937385082245,585,0.0,0.0,0.0
2005-12-08 00:00:00+08:00,0.30022386764147946,0.3085634112358093,0.30022386764147946,0.3085634112358093,332,0.0,0.0,0.0
2005-12-09 00:00:00+08:00,0.3043936394386444,0.31273318303297426,0.3043936394386444,0.3085634112358093,2278,0.0,0.0,0.0
2005-12-12 00:00:00+08:00,0.30856346930094786,0.3252425596282607,0.30856346930094786,0.3210727870464325,4240,0.0,0.0,0.0
2005-12-13 00:00:00+08:00,0.3252425644157517,0.35860079526901245,0.3252425644157517,0.35860079526901245,11015,0.0,0.0,0.0
2005-12-14 00:00:00+08:00,0.3669402564716844,0.38778913976403456,0.3586007130962642,0.38361936807632446,10474,0.0,0.0,0.0
2005-12-15 00:00:00+08:00,0.37944962063239746,0.37944962063239746,0.37111005187034607,0.37111005187034607,3446,0.0,0.0,0.0
2005-12-16 00:00:00+08:00,0.37527990341186523,0.3794497011041004,0.37527990341186523,0.37527990341186523,1889,0.0,0.0,0.0
2005-12-19 00:00:00+08:00,0.37944959638861436,0.38361936807632446,0.3752797998471046,0.38361936807632446,1753,0.0,0.0,0.0
2005-12-20 00:00:00+08:00,0.3836193925865225,0.3836193925865225,0.3669402799162211,0.37111005187034607,1437,0.0,0.0,0.0
2005-12-21 00:00:00+08:00,0.37111013057343667,0.37527990341186523,0.37111013057343667,0.37527990341186523,1039,0.0,0.0,0.0
2005-12-22 00:00:00+08:00,0.3711101131986312,0.3711101131986312,0.35860079526901245,0.35860079526901245,1363,0.0,0.0,0.0
2005-12-23 00:00:00+08:00,0.36277057659740297,0.37111012208347466,0.36277057659740297,0.36694034934043884,812,0.0,0.0,0.0
2005-12-27 00:00:00+08:00,0.37111005187034607,0.37111005187034607,0.3669402799162211,0.37111005187034607,694,0.0,0.0,0.0
2005-12-28 00:00:00+08:00,0.37111010325004584,0.40446833320905123,0.37111010325004584,0.400298535823822,2666,0.0,0.0,0.0
2005-12-29 00:00:00+08:00,0.40029854949607785,0.4128078923714145,0.40029854949607785,0.4086381196975708,1828,0.0,0.0,0.0
2005-12-30 00:00:00+08:00,0.41697768450286476,0.41697768450286476,0.4086381387660256,0.4128079116344452,983,0.0,0.0,0.0
2006-01-03 00:00:00+08:00,0.41280786137963543,0.42948695082281824,0.41280786137963543,0.4211474061012268,3510,0.0,0.0,0.0
2006-01-04 00:00:00+08:00,0.4253171888927909,0.42948696135584896,0.41280787150361675,0.4169776439666748,2062,0.0,0.0,0.0
2006-01-05 00:00:00+08:00,0.4169776337404311,0.433656723183614,0.4169776337404311,0.4211474061012268,2396,0.0,0.0,0.0
2006-01-06 00:00:00+08:00,0.42531717760246773,0.4419962670119426,0.4169776328977303,0.4336567223072052,7999,0.0,0.0,0.0
2006-01-09 00:00:00+08:00,0.43782639503479004,0.44199616643835216,0.42948685222766586,0.43782639503479004,2869,0.0,0.0,0.0
2006-01-10 00:00:00+08:00,0.43782639503479004,0.43782639503479004,0.43782639503479004,0.43782639503479004,0,0.0,0.0,0.0
2006-01-11 00:00:00+08:00,0.4336566236312279,0.44616598754951037,0.42948685222766586,0.43782639503479004,3031,0.0,0.0,0.0
2006-01-12 00:00:00+08:00,0.44199627752736537,0.4461660996865447,0.4294869601726532,0.4294869601726532,1044,0.0,0.0,0.0
2006-01-13 00:00:00+08:00,0.42531710058257477,0.4419961869716645,0.42531710058257477,0.44199618697166443,2364,0.0,0.0,0.0
2006-01-16 00:00:00+08:00,0.4419962658617376,0.4545056325938981,0.4378264935202199,0.45033586025238037,3198,0.0,0.0,0.0
2006-01-17 00:00:00+08:00,0.44616598754951037,0.45033575895307243,0.4336566236312279,0.43782639503479004,1496,0.0,0.0,0.0
2006-01-18 00:00:00+08:00,0.4378265050757947,0.4378265050757947,0.4294869601726532,0.4294869601726532,767,0.0,0.0,0.0
2006-01-19 00:00:00+08:00,0.4336566437771196,0.44616600827653524,0.4336566437771196,0.44199618697166443,1296,0.0,0.0,0.0
2006-01-20 00:00:00+08:00,0.44616600827653524,0.44616600827653524,0.43782641537439204,0.44199618697166443,1362,0.0,0.0,0.0
2006-01-23 00:00:00+08:00,0.42733288547109505,0.46084920882021135,0.42733288547109505,0.4566596746444702,4496,0.0025,0.0,0.0
2006-01-24 00:00:00+08:00,0.4608493458385669,0.4692284166812897,0.4608493458385669,0.4692284166812897,4495,0.0,0.0,0.0
2006-01-25 00:00:00+08:00,0.4692284470495126,0.47760751843452454,0.4692284470495126,0.47760751843452454,1525,0.0,0.0,0.0
2006-01-26 00:00:00+08:00,0.4734179827420186,0.4817970541270305,0.4692284470495126,0.47760751843452454,1167,0.0,0.0,0.0
2006-01-27 00:00:00+08:00,0.47760751843452454,0.4817970541270305,0.4734179827420186,0.47760751843452454,1013,0.0,0.0,0.0
2006-01-30 00:00:00+08:00,0.47760751843452454,0.47760751843452454,0.47760751843452454,0.47760751843452454,0,0.0,0.0,0.0
2006-01-31 00:00:00+08:00,0.47760751843452454,0.47760751843452454,0.47760751843452454,0.47760751843452454,0,0.0,0.0,0.0
2006-02-01 00:00:00+08:00,0.48179689049720764,0.4859864247668469,0.48179689049720764,0.48179689049720764,1404,0.0,0.0,0.0
2006-02-02 00:00:00+08:00,0.4859864247668469,0.49017595903648614,0.4776073562275684,0.48179689049720764,1297,0.0,0.0,0.0
2006-02-03 00:00:00+08:00,0.4859864872445255,0.49855514161243825,0.481796952436286,0.4901760220527649,1739,0.0,0.0,0.0
2006-02-06 00:00:00+08:00,0.49017615618401256,0.4943656921386719,0.48598662022935324,0.4943656921386719,1600,0.0,0.0,0.0
2006-02-07 00:00:00+08:00,0.4943656921386719,0.4985552780365393,0.49017615618401256,0.4943656921386719,1686,0.0,0.0,0.0
2006-02-08 00:00:00+08:00,0.49436549330612545,0.49436549330612545,0.48179689049720764,0.48179689049720764,1009,0.0,0.0,0.0
2006-02-09 00:00:00+08:00,0.4859864872445255,0.49436555686100436,0.4859864872445255,0.4901760220527649,724,0.0,0.0,0.0
2006-02-10 00:00:00+08:00,0.49017595903648614,0.49017595903648614,0.4776073562275684,0.48179689049720764,1692,0.0,0.0,0.0
2006-02-13 00:00:00+08:00,0.4859864247668469,0.4859864247668469,0.4734178219579291,0.48179689049720764,880,0.0,0.0,0.0
2006-02-14 00:00:00+08:00,0.48179689049720764,0.48179689049720764,0.4734178219579291,0.48179689049720764,591,0.0,0.0,0.0
2006-02-15 00:00:00+08:00,0.4817968936495304,0.4817968936495304,0.45247015357017517,0.45247015357017517,875,0.0,0.0,0.0
2006-02-16 00:00:00+08:00,0.4650387763977051,0.4692283108743626,0.4566597074443899,0.4650387763977051,988,0.0,0.0,0.0
2006-02-17 00:00:00+08:00,0.4608492851257324,0.46503881999515945,0.4524702153868783,0.4608492851257324,996,0.0,0.0,0.0
2006-02-20 00:00:00+08:00,0.4608492395816935,0.4608492395816935,0.4357119829061588,0.4440910518169403,463,0.0,0.0,0.0
2006-02-21 00:00:00+08:00,0.4399015173615496,0.4440910518169403,0.4315224484507681,0.4440910518169403,859,0.0,0.0,0.0
2006-02-22 00:00:00+08:00,0.43990151429218655,0.43990151429218655,0.43152244543986906,0.43571197986602783,1132,0.0,0.0,0.0
2006-02-23 00:00:00+08:00,0.4315224484507681,0.4440910518169403,0.4315224484507681,0.4440910518169403,261,0.0,0.0,0.0
2006-02-24 00:00:00+08:00,0.44828068051745124,0.46503881999515945,0.44828068051745124,0.4608492851257324,1360,0.0,0.0,0.0
2006-02-27 00:00:00+08:00,0.46922829075837813,0.46922829075837813,0.44409103503288533,0.45247015357017517,1019,0.0,0.0,0.0
2006-02-28 00:00:00+08:00,0.4482806622982025,0.45665973169651025,0.43990154295670164,0.4482806622982025,1577,0.0,0.0,0.0
2006-03-01 00:00:00+08:00,0.4482806622982025,0.45247019699735636,0.43571200825754774,0.4482806622982025,2492,0.0,0.0,0.0
2006-03-02 00:00:00+08:00,0.4440910487183453,0.45247016751385266,0.43571197986602783,0.43571197986602783,1195,0.0,0.0,0.0
2006-03-03 00:00:00+08:00,0.4399014413356781,0.44828055874153067,0.4357119076043426,0.4399014413356781,834,0.0,0.0,0.0
2006-03-06 00:00:00+08:00,0.4399014413356781,0.44409097506701356,0.4357119076043426,0.4399014413356781,454,0.0,0.0,0.0
2006-03-07 00:00:00+08:00,0.43990151429218655,0.43990151429218655,0.43571197986602783,0.43571197986602783,652,0.0,0.0,0.0
2006-03-08 00:00:00+08:00,0.43571197986602783,0.4440910487183453,0.43152244543986906,0.43571197986602783,760,0.0,0.0,0.0
2006-03-09 00:00:00+08:00,0.43990151429218655,0.4440910487183453,0.43571197986602783,0.43571197986602783,882,0.0,0.0,0.0
2006-03-10 00:00:00+08:00,0.43990151429218655,0.43990151429218655,0.43571197986602783,0.43571197986602783,849,0.0,0.0,0.0
2006-03-13 00:00:00+08:00,0.43990151429218655,0.43990151429218655,0.43152244543986906,0.43571197986602783,604,0.0,0.0,0.0
2006-03-14 00:00:00+08:00,0.43571197986602783,0.43571197986602783,0.43571197986602783,0.43571197986602783,1276,0.0,0.0,0.0
2006-03-15 00:00:00+08:00,0.4357120259659749,0.46503881999515945,0.4357120259659749,0.4608492851257324,2337,0.0,0.0,0.0
2006-03-16 00:00:00+08:00,0.4608492851257324,0.4608492851257324,0.4524702153868783,0.4608492851257324,992,0.0,0.0,0.0
2006-03-17 00:00:00+08:00,0.45665973169651025,0.45665973169651025,0.4440910776558555,0.4482806622982025,1221,0.0,0.0,0.0
2006-03-20 00:00:00+08:00,0.4524702153868783,0.4692283548645865,0.4524702153868783,0.4608492851257324,1903,0.0,0.0,0.0
2006-03-21 00:00:00+08:00,0.46922827717169374,0.4734178113474349,0.4566596746444702,0.4566596746444702,639,0.0,0.0,0.0
2006-03-22 00:00:00+08:00,0.4566596746444702,0.46084920882021135,0.4566596746444702,0.4566596746444702,543,0.0,0.0,0.0
2006-03-23 00:00:00+08:00,0.4608492851257324,0.46503881999515945,0.45665975025630534,0.4608492851257324,678,0.0,0.0,0.0
2006-03-24 00:00:00+08:00,0.4650387763977051,0.4734178453510202,0.4650387763977051,0.4650387763977051,1359,0.0,0.0,0.0
2006-03-27 00:00:00+08:00,0.4650388812599283,0.47760748752401244,0.4650388812599283,0.4692284166812897,1364,0.0,0.0,0.0
2006-03-28 00:00:00+08:00,0.47341778007227014,0.48598638176918035,0.47341778007227014,0.4859863817691803,1593,0.0,0.0,0.0
2006-03-29 00:00:00+08:00,0.48598658981953646,0.48598658981953646,0.47760751843452454,0.47760751843452454,1143,0.0,0.0,0.0
2006-03-30 00:00:00+08:00,0.48179689049720764,0.4859864247668469,0.48179689049720764,0.48179689049720764,393,0.0,0.0,0.0
2006-03-31 00:00:00+08:00,0.48179684787021027,0.48598638176918035,0.48179684787021027,0.4859863817691803,426,0.0,0.0,0.0
2006-04-03 00:00:00+08:00,0.4859865601888771,0.5320714999398433,0.4859865601888771,0.5236924290657043,5690,0.0,0.0,0.0
2006-04-04 00:00:00+08:00,0.5404504528764239,0.5655877099565692,0.5404504528764239,0.553019106388092,3338,0.0,0.0,0.0
2006-04-05 00:00:00+08:00,0.5739667482697105,0.603293538302406,0.5236922867445101,0.5907248854637146,13480,0.0,0.0,0.0
2006-04-06 00:00:00+08:00,0.5949144008767557,0.6284307241439819,0.5949144008767557,0.6284307241439819,7505,0.0,0.0,0.0
2006-04-07 00:00:00+08:00,0.6284307311957404,0.6535679364708401,0.6116725943456739,0.6451888680458069,7226,0.0,0.0,0.0
2006-04-10 00:00:00+08:00,0.6451889009467242,0.6661366230207079,0.632620297668248,0.6535679697990417,5977,0.0,0.0,0.0
2006-04-11 00:00:00+08:00,0.6535679697990417,0.6577575541683903,0.6451889009467242,0.6535679697990417,3028,0.0,0.0,0.0
2006-04-12 00:00:00+08:00,0.6535679498515102,0.6912738084793091,0.6493784155532201,0.6912738084793091,6657,0.0,0.0,0.0
2006-04-13 00:00:00+08:00,0.6912737575363412,0.7206005454063416,0.6912737575363412,0.7206005454063416,4584,0.0,0.0,0.0
2006-04-14 00:00:00+08:00,0.7206005454063416,0.7206005454063416,0.7206005454063416,0.7206005454063416,0,0.0,0.0,0.0
2006-04-17 00:00:00+08:00,0.7373588681221008,0.7373588681221008,0.7206007279194341,0.7373588681221008,2178,0.0,0.0,0.0
2006-04-18 00:00:00+08:00,0.7331691386484567,0.7750645279884338,0.724790070769098,0.7750645279884338,4392,0.0,0.0,0.0
2006-04-19 00:00:00+08:00,0.7750643845985353,0.7876329840923338,0.7666853182693363,0.7834434509277344,2985,0.0,0.0,0.0
2006-04-20 00:00:00+08:00,0.7792540192604065,0.7834435529706898,0.7750644855501233,0.7792540192604065,2416,0.0,0.0,0.0
2006-04-21 00:00:00+08:00,0.7750645975143553,0.77925413182985,0.7499273416781983,0.7624959945678711,2738,0.0,0.0,0.0
2006-04-24 00:00:00+08:00,0.7583064428913949,0.770875096321106,0.7541169083958882,0.770875096321106,1878,0.0,0.0,0.0
2006-04-25 00:00:00+08:00,0.7708750631988606,0.7834436661453448,0.7583064103091878,0.7624959945678711,2669000,0.0,0.0,0.0
2006-04-26 00:00:00+08:00,0.7583064272235805,0.7624960115757146,0.7499273584056919,0.7541168928146362,2052000,0.0,0.0,0.0
2006-04-27 00:00:00+08:00,0.754116875993693,0.7666855288833658,0.754116875993693,0.7624959945678711,793,0.0,0.0,0.0
2006-04-28 00:00:00+08:00,0.7541170083247676,0.7583065433754343,0.7289797980207674,0.7373588681221008,1641,0.0,0.0,0.0
2006-05-01 00:00:00+08:00,0.7373588681221008,0.7373588681221008,0.7373588681221008,0.7373588681221008,0,0.0,0.0,0.0
2006-05-02 00:00:00+08:00,0.7541168336558046,0.7708750199201283,0.7499272995755202,0.7666854858398438,2390,0.0,0.0,0.0
2006-05-03 00:00:00+08:00,0.7687860564881094,0.7687860564881094,0.7561829686164856,0.7561829686164856,918,0.0025,0.0,0.0
2006-05-04 00:00:00+08:00,0.7561829686164856,0.7561829686164856,0.7477809434220833,0.7561829686164856,1162,0.0,0.0,0.0
2006-05-05 00:00:00+08:00,0.7477808417052463,0.7477808417052463,0.7015696593418865,0.7057706713676453,5112,0.0,0.0,0.0
2006-05-08 00:00:00+08:00,0.705770730465103,0.7309768548102947,0.705770730465103,0.7225748300552368,1269,0.0,0.0,0.0
2006-05-09 00:00:00+08:00,0.7309768760862678,0.7603839635848999,0.7309768760862678,0.7603839635848999,1796,0.0,0.0,0.0
2006-05-10 00:00:00+08:00,0.7351778671878237,0.7393788795653528,0.7099717929226498,0.7225748300552368,48608,0.0,0.0,0.0
2006-05-11 00:00:00+08:00,0.7351778993807597,0.8191982507705688,0.7309768868192713,0.8191982507705688,18377,0.0,0.0,0.0
2006-05-12 00:00:00+08:00,0.8191982507705688,0.8191982507705688,0.8191982507705688,0.8191982507705688,0,0.0,0.0,0.0
2006-05-15 00:00:00+08:00,0.8065952527054828,0.8065952527054828,0.7435800071953713,0.7519820332527161,7736,0.0,0.0,0.0
2006-05-16 00:00:00+08:00,0.7603838401139058,0.7603838401139058,0.6763635536809941,0.6847655773162842,12014,0.0,0.0,0.0
2006-05-17 00:00:00+08:00,0.6931677733585198,0.7351779520638896,0.6931677733585198,0.730976939201355,5912,0.0,0.0,0.0
2006-05-18 00:00:00+08:00,0.6889666737959499,0.7225748225469782,0.6847656614620735,0.7099717855453491,5485000,0.0,0.0,0.0
2006-05-19 00:00:00+08:00,0.7099717855453491,0.7267758348808546,0.7057707231314554,0.7099717855453491,4595000,0.0,0.0,0.0
2006-05-22 00:00:00+08:00,0.7141727956781617,0.7183738079990907,0.5713382265265259,0.5881422758102417,14242000,0.0,0.0,0.0
2006-05-23 00:00:00+08:00,0.5923433020557809,0.6385544887523338,0.5671372275376712,0.6301524639129639,12245,0.0,0.0,0.0
2006-05-24 00:00:00+08:00,0.6175493597984314,0.6385544196228626,0.6007452618588736,0.6175493597984314,8506,0.0,0.0,0.0
2006-05-25 00:00:00+08:00,0.6175495183278719,0.6175495183278719,0.5839413639013121,0.5923433899879456,5207,0.0,0.0,0.0
2006-05-26 00:00:00+08:00,0.6133485020923447,0.6133485020923447,0.6007454129479622,0.6091474890708923,3616,0.0,0.0,0.0
2006-05-29 00:00:00+08:00,0.5965443290182155,0.6133484291866295,0.5629362288414268,0.5671372413635254,3521000,0.0,0.0,0.0
2006-05-30 00:00:00+08:00,0.5629361528177779,0.5881422245463288,0.5629361528177779,0.5713381767272949,3438,0.0,0.0,0.0
2006-05-31 00:00:00+08:00,0.5629362253814896,0.5965443253517151,0.5545342003889332,0.5965443253517151,2745,0.0,0.0,0.0
2006-06-01 00:00:00+08:00,0.6049463994555601,0.6385544993719673,0.6049463994555601,0.6133484244346619,7323,0.0,0.0,0.0
2006-06-02 00:00:00+08:00,0.6259515598365806,0.6259515598365806,0.604946494102478,0.604946494102478,2183,0.0,0.0,0.0
2006-06-05 00:00:00+08:00,0.6049463751739746,0.6049463751739746,0.5755392388474548,0.5881422758102417,3185,0.0,0.0,0.0
2006-06-06 00:00:00+08:00,0.5797402435661947,0.5797402435661947,0.5713382190345133,0.575539231300354,2563,0.0,0.0,0.0
2006-06-07 00:00:00+08:00,0.5713382897848873,0.5713382897848873,0.5545342386406333,0.5587352514266968,2621,0.0,0.0,0.0
2006-06-08 00:00:00+08:00,0.5587352531075124,0.5587352531075124,0.4915189481682473,0.4999210238456726,4261,0.0,0.0,0.0
2006-06-09 00:00:00+08:00,0.5041219503687893,0.537730047006699,0.4957198761292975,0.5209259986877441,9040,0.0,0.0,0.0
2006-06-12 00:00:00+08:00,0.5125239413920502,0.5335290004327035,0.5125239413920502,0.5293279886245728,3395,0.0,0.0,0.0
2006-06-13 00:00:00+08:00,0.516724934574915,0.516724934574915,0.49151881455467045,0.5041218996047974,4616,0.0,0.0,0.0
2006-06-14 00:00:00+08:00,0.4999210238456726,0.5167250750404775,0.4999210238456726,0.4999210238456726,2671,0.0,0.0,0.0
2006-06-15 00:00:00+08:00,0.5167250284214333,0.5293280656804882,0.5125240160017484,0.5251270532608032,5246,0.0,0.0,0.0
2006-06-16 00:00:00+08:00,0.550333015997944,0.56293610077714,0.5461320044315482,0.5545340776443481,8090,0.0,0.0,0.0
2006-06-19 00:00:00+08:00,0.55453426495063,0.55453426495063,0.5461321888998419,0.5503332018852234,821,0.0,0.0,0.0
2006-06-20 00:00:00+08:00,0.5419311346466877,0.5461321473121643,0.5125240459883519,0.5461321473121643,1795,0.0,0.0,0.0
2006-06-21 00:00:00+08:00,0.5461320044315482,0.56293610077714,0.5461320044315482,0.5545340776443481,2404,0.0,0.0,0.0
2006-06-22 00:00:00+08:00,0.5629361945028319,0.5839412558320354,0.5629361945028319,0.575539231300354,5251,0.0,0.0,0.0
2006-06-23 00:00:00+08:00,0.5671372067686726,0.5797402435661947,0.5629361945028319,0.575539231300354,1666,0.0,0.0,0.0
2006-06-26 00:00:00+08:00,0.5755392388474548,0.5923432881311707,0.5755392388474548,0.5881422758102417,1665,0.0,0.0,0.0
2006-06-27 00:00:00+08:00,0.5923432881311707,0.6049463751739746,0.5797402511683838,0.5881422758102417,4386,0.0,0.0,0.0
2006-06-28 00:00:00+08:00,0.5713383470780637,0.6049465028167831,0.5713383470780637,0.600745439529419,3563,0.0,0.0,0.0
2006-06-29 00:00:00+08:00,0.6049465084161527,0.646956640878362,0.6049465084161527,0.6427556276321411,10831,0.0,0.0,0.0
2006-06-30 00:00:00+08:00,0.6637605428695679,0.680564590763983,0.6553584688423473,0.6637605428695679,6547,0.0,0.0,0.0
2006-07-03 00:00:00+08:00,0.6721626247829425,0.6973686987982943,0.6721626247829425,0.6931676864624023,5420,0.0,0.0,0.0
2006-07-04 00:00:00+08:00,0.6973686127692192,0.6973686127692192,0.6847655773162842,0.6847655773162842,1288,0.0,0.0,0.0
2006-07-05 00:00:00+08:00,0.6763635873794556,0.7015696595411678,0.6721625753525036,0.6763635873794556,6878,0.0,0.0,0.0
2006-07-06 00:00:00+08:00,0.676363748136363,0.6889667872126866,0.676363748136363,0.6805647611618042,2156,0.0,0.0,0.0
2006-07-07 00:00:00+08:00,0.6847656198109948,0.7057706802027374,0.6847656198109948,0.6889666318893433,3672,0.0,0.0,0.0
2006-07-10 00:00:00+08:00,0.6784318904613738,0.6952873249316925,0.6784318904613738,0.6868596076965332,1025,0.0025,0.0,0.0
2006-07-11 00:00:00+08:00,0.6826459169387817,0.6868597765925322,0.6784320572850312,0.6826459169387817,2047,0.0,0.0,0.0
2006-07-12 00:00:00+08:00,0.6742182178164993,0.6784320775964072,0.6615766384767753,0.6657904982566833,2433,0.0,0.0,0.0
2006-07-13 00:00:00+08:00,0.6700043678283691,0.6826459473528435,0.6531488782292317,0.6700043678283691,2225,0.0,0.0,0.0
2006-07-14 00:00:00+08:00,0.6489349408335081,0.6657904284182458,0.6447210814956151,0.6615765690803528,2918,0.0,0.0,0.0
2006-07-17 00:00:00+08:00,0.6405072212219238,0.6573626585488695,0.6362933618901874,0.6405072212219238,1820,0.0,0.0,0.0
2006-07-18 00:00:00+08:00,0.6489350089038805,0.6700043580365913,0.6489350089038805,0.6657904982566833,1489,0.0,0.0,0.0
2006-07-19 00:00:00+08:00,0.6657905079868777,0.6826459473528435,0.6657905079868777,0.6700043678283691,1444,0.0,0.0,0.0
2006-07-20 00:00:00+08:00,0.6910736362462827,0.6952874959000331,0.6826459169387817,0.6826459169387817,1047,0.0,0.0,0.0
2006-07-21 00:00:00+08:00,0.6742182276698606,0.6742182276698606,0.6657905079868777,0.6700043678283691,1186,0.0,0.0,0.0
2006-07-24 00:00:00+08:00,0.670004328182799,0.6826459069592443,0.670004328182799,0.678432047367096,1327,0.0,0.0,0.0
2006-07-25 00:00:00+08:00,0.6826459069592443,0.6826459069592443,0.6742181877749475,0.678432047367096,355,0.0,0.0,0.0
2006-07-26 00:00:00+08:00,0.6784319155068985,0.7163566946983337,0.6742180567337567,0.7163566946983337,7020000,0.0,0.0,0.0
2006-07-27 00:00:00+08:00,0.7163567839895396,0.7289983618846906,0.7037151558612232,0.7079290151596069,5332000,0.0,0.0,0.0
2006-07-28 00:00:00+08:00,0.7079292959793153,0.7079292959793153,0.6995015740394592,0.6995015740394592,601,0.0,0.0,0.0
2006-07-31 00:00:00+08:00,0.7037153056491166,0.7079291658444329,0.6952875852584839,0.6952875852584839,1492,0.0,0.0,0.0
2006-08-01 00:00:00+08:00,0.6952874860050046,0.7037152051925659,0.6952874860050046,0.7037152051925659,1135,0.0,0.0,0.0
2006-08-02 00:00:00+08:00,0.7037150891150141,0.7289982927404115,0.7037150891150141,0.7247844338417053,5439,0.0,0.0,0.0
2006-08-03 00:00:00+08:00,0.7332122142379434,0.7500676512718201,0.7332122142379434,0.7500676512718201,7643,0.0,0.0,0.0
2006-08-04 00:00:00+08:00,0.7500676700454779,0.7669231577344002,0.7332122325897217,0.7332122325897217,6449,0.0,0.0,0.0
2006-08-07 00:00:00+08:00,0.7205706364625358,0.7542815105302892,0.7205706364625358,0.7500676512718201,3118,0.0,0.0,0.0
2006-08-08 00:00:00+08:00,0.7500678806659121,0.7584956017603098,0.7416401595715145,0.7458540201187134,729,0.0,0.0,0.0
2006-08-09 00:00:00+08:00,0.7458540201187134,0.7458540201187134,0.7458540201187134,0.7458540201187134,0,0.0,0.0,0.0
2006-08-10 00:00:00+08:00,0.741640062209341,0.741640062209341,0.720570762239315,0.7289984822273254,2622,0.0,0.0,0.0
2006-08-11 00:00:00+08:00,0.7289984822273254,0.7332123422213306,0.720570762239315,0.7289984822273254,1351,0.0,0.0,0.0
2006-08-14 00:00:00+08:00,0.7289984822273254,0.7332123422213306,0.720570762239315,0.7289984822273254,1279,0.0,0.0,0.0
2006-08-15 00:00:00+08:00,0.7289983243934199,0.7374260425567627,0.7289983243934199,0.7374260425567627,1483,0.0,0.0,0.0
2006-08-16 00:00:00+08:00,0.7458538805566685,0.7711370893421199,0.7458538805566685,0.7627093195915222,8981,0.0,0.0,0.0
2006-08-17 00:00:00+08:00,0.7795647298687227,0.8174895140875161,0.7795647298687227,0.8006340265274048,13899,0.0,0.0,0.0
2006-08-18 00:00:00+08:00,0.8048479354120969,0.8174895644187927,0.7922063566385696,0.8174895644187927,6104,0.0,0.0,0.0
2006-08-21 00:00:00+08:00,0.8174896048800167,0.8174896048800167,0.7922063958484141,0.8132756948471069,3,0.0,0.0,0.0
2006-08-22 00:00:00+08:00,0.8174896711745534,0.8427728320233291,0.8132757607999155,0.8385589718818665,13,0.0,0.0,0.0
2006-08-23 00:00:00+08:00,0.8385589219583167,0.851200501630089,0.8259173422865445,0.8427727818489075,4818,0.0,0.0,0.0
2006-08-24 00:00:00+08:00,0.8343449514144619,0.8385588107461982,0.7964201671956683,0.8006340265274048,4920,0.0,0.0,0.0
2006-08-25 00:00:00+08:00,0.8006341276808319,0.8006341276808319,0.7669232487678528,0.7669232487678528,6953,0.0,0.0,0.0
2006-08-28 00:00:00+08:00,0.758495322872827,0.7795646680951154,0.758495322872827,0.77535080909729,1741,0.0,0.0,0.0
2006-08-29 00:00:00+08:00,0.7753508583960018,0.7964201547247662,0.771136999130249,0.771136999130249,2055,0.0,0.0,0.0
2006-08-30 00:00:00+08:00,0.7753509684960976,0.7753509684960976,0.7627093386705585,0.7669232487678528,1419,0.0,0.0,0.0
2006-08-31 00:00:00+08:00,0.7669232295834064,0.7879925283769736,0.7627093195915222,0.7627093195915222,2934,0.0,0.0,0.0
2006-09-01 00:00:00+08:00,0.7711370893421199,0.7837786686182602,0.7542816000740954,0.7627093195915222,3957,0.0,0.0,0.0
2006-09-04 00:00:00+08:00,0.779564748413329,0.7879924672772839,0.779564748413329,0.7837786078453064,2526,0.0,0.0,0.0
2006-09-05 00:00:00+08:00,0.7879923418449336,0.8174894034066105,0.7879923418449336,0.804847776889801,7457,0.0,0.0,0.0
2006-09-06 00:00:00+08:00,0.8090617451908777,0.813275604522614,0.8006340265274048,0.8006340265274048,1576,0.0,0.0,0.0
2006-09-07 00:00:00+08:00,0.8006339181285842,0.804847776889801,0.7922062006061505,0.804847776889801,2343,0.0,0.0,0.0
2006-09-08 00:00:00+08:00,0.8006340951708889,0.8427727423342346,0.8006340951708889,0.8259173035621643,4940,0.0,0.0,0.0
2006-09-11 00:00:00+08:00,0.8301311130959556,0.8385588319727605,0.8090617656707764,0.8090617656707764,3773,0.0,0.0,0.0
2006-09-12 00:00:00+08:00,0.838558882641217,0.8427727423342346,0.8217034438691467,0.8259173035621643,8184,0.0,0.0,0.0
2006-09-13 00:00:00+08:00,0.842772691411163,0.842772691411163,0.8090617656707764,0.8090617656707764,2439,0.0,0.0,0.0
2006-09-14 00:00:00+08:00,0.8174895347807482,0.8217033942191506,0.8006340467939714,0.8090617656707764,1820,0.0,0.0,0.0
2006-09-15 00:00:00+08:00,0.8006340455732162,0.8006340455732162,0.7837786078453064,0.7837786078453064,1819,0.0,0.0,0.0
2006-09-18 00:00:00+08:00,0.7922063769763311,0.7922063769763311,0.7753509381789102,0.7795647978782654,4746,0.0,0.0,0.0
2006-09-19 00:00:00+08:00,0.7837786772166955,0.79642025663152,0.7753509576068124,0.787992537021637,6320,0.0,0.0,0.0
2006-09-20 00:00:00+08:00,0.7753508889813515,0.7837786078453064,0.7753508889813515,0.7837786078453064,1661,0.0,0.0,0.0
2006-09-21 00:00:00+08:00,0.7922062450885915,0.7922062450885915,0.77535080909729,0.77535080909729,2412,0.0,0.0,0.0
2006-09-22 00:00:00+08:00,0.7753508172114041,0.7753508172114041,0.7542814717686231,0.7584953308105469,4297,0.0,0.0,0.0
2006-09-25 00:00:00+08:00,0.7584953379651194,0.7584953379651194,0.7247844653117487,0.7374260425567627,8637,0.0,0.0,0.0
2006-09-26 00:00:00+08:00,0.7542815501729015,0.7584954096528376,0.7374261122531571,0.7416399717330933,7576,0.0,0.0,0.0
2006-09-27 00:00:00+08:00,0.7458538887390503,0.787992537021637,0.7458538887390503,0.787992537021637,10447,0.0,0.0,0.0
2006-09-28 00:00:00+08:00,0.7879924361932605,0.7879924361932605,0.771136999130249,0.771136999130249,2431,0.0,0.0,0.0
2006-09-29 00:00:00+08:00,0.7753507655612831,0.8090616356510179,0.7753507655612831,0.804847776889801,5902,0.0,0.0,0.0
2006-10-02 00:00:00+08:00,0.8048479062323739,0.8174895347807482,0.8048479062323739,0.8090617656707764,2368,0.0,0.0,0.0
2006-10-03 00:00:00+08:00,0.8090618360463447,0.8090618360463447,0.787992537021637,0.787992537021637,1738,0.0,0.0,0.0
2006-10-04 00:00:00+08:00,0.7879923860907662,0.7879923860907662,0.77535080909729,0.77535080909729,806,0.0,0.0,0.0
2006-10-05 00:00:00+08:00,0.7795649532181796,0.7964203953742981,0.7795649532181796,0.7964203953742981,671,0.0,0.0,0.0
2006-10-06 00:00:00+08:00,0.8027576597183541,0.8154327687323898,0.7985326233803421,0.806982696056366,4640,0.0025,0.0,0.0
2006-10-09 00:00:00+08:00,0.8069828320507703,0.8238830306172801,0.7985327579507225,0.8154329061508179,3668,0.0,0.0,0.0
2006-10-10 00:00:00+08:00,0.8281080722808838,0.8281080722808838,0.8154329106937815,0.8281080722808838,2530,0.0,0.0,0.0
2006-10-11 00:00:00+08:00,0.8238830183830055,0.8238830183830055,0.8154328940420237,0.8196579813957214,575,0.0,0.0,0.0
2006-10-12 00:00:00+08:00,0.8154327687323898,0.8196578554368078,0.806982696056366,0.806982696056366,706,0.0,0.0,0.0
2006-10-13 00:00:00+08:00,0.8196579935672563,0.8196579935672563,0.8069828320507703,0.8154329061508179,637,0.0,0.0,0.0
2006-10-16 00:00:00+08:00,0.8196579981337588,0.8365581464280087,0.8196579981337588,0.8281080722808838,2373,0.0,0.0,0.0
2006-10-17 00:00:00+08:00,0.8196579935672563,0.8238830306172801,0.811207869100794,0.8154329061508179,597,0.0,0.0,0.0
2006-10-18 00:00:00+08:00,0.8238830352073213,0.8281080722808838,0.8112078736202191,0.8281080722808838,504,0.0,0.0,0.0
2006-10-19 00:00:00+08:00,0.8281080553702895,0.8281080553702895,0.8196579813957214,0.8196579813957214,738,0.0,0.0,0.0
2006-10-20 00:00:00+08:00,0.8196579981337588,0.8323331093544463,0.8196579981337588,0.8281080722808838,1649,0.0,0.0,0.0
2006-10-23 00:00:00+08:00,0.8323330879211426,0.8365581248859066,0.8281080509563785,0.8323330879211426,948,0.0,0.0,0.0
2006-10-24 00:00:00+08:00,0.8323330879211426,0.8323330879211426,0.8323330879211426,0.8323330879211426,0,0.0,0.0,0.0
2006-10-25 00:00:00+08:00,0.8238829312896333,0.8323330043709368,0.8069827347606177,0.8112077713012695,23840,0.0,0.0,0.0
2006-10-26 00:00:00+08:00,0.811207869100794,0.8196579935672563,0.811207869100794,0.8154329061508179,4107,0.0,0.0,0.0
2006-10-27 00:00:00+08:00,0.8154327687323898,0.8154327687323898,0.806982696056366,0.806982696056366,1656,0.0,0.0,0.0
2006-10-30 00:00:00+08:00,0.8112078570547396,0.8196579813957214,0.8069828200674556,0.8196579813957214,2439,0.0,0.0,0.0
2006-10-31 00:00:00+08:00,0.8154329639475991,0.8407832384109497,0.8154329639475991,0.8407832384109497,9363,0.0,0.0,0.0
2006-11-01 00:00:00+08:00,0.8407831325252423,0.8788084638818447,0.8407831325252423,0.8619083166122437,16106,0.0,0.0,0.0
2006-11-02 00:00:00+08:00,0.8619083166122437,0.8703583902470442,0.8619083166122437,0.8619083166122437,2684,0.0,0.0,0.0
2006-11-03 00:00:00+08:00,0.8619083336951264,0.8788084812996857,0.8534582598928467,0.870358407497406,3392,0.0,0.0,0.0
2006-11-06 00:00:00+08:00,0.8619083593858756,0.8703584334400251,0.8534582853317261,0.8534582853317261,2053,0.0,0.0,0.0
2006-11-07 00:00:00+08:00,0.8703584334400251,0.887258581548324,0.8534582853317261,0.8534582853317261,8664,0.0,0.0,0.0
2006-11-08 00:00:00+08:00,0.8619083247037894,0.8619083247037894,0.8281080298472719,0.8365581035614014,4288,0.0,0.0,0.0
2006-11-09 00:00:00+08:00,0.8365581795693231,0.8534583285330939,0.8365581795693231,0.8450082540512085,2168,0.0,0.0,0.0
2006-11-10 00:00:00+08:00,0.840783140418466,0.8450081772755307,0.8365581035614014,0.8365581035614014,622,0.0,0.0,0.0
2006-11-13 00:00:00+08:00,0.8365581248859066,0.8407831618506708,0.8323330879211426,0.8323330879211426,922,0.0,0.0,0.0
2006-11-14 00:00:00+08:00,0.8365581248859066,0.8365581248859066,0.8238830139916145,0.8323330879211426,2026,0.0,0.0,0.0
2006-11-15 00:00:00+08:00,0.8534582429774431,0.8788084638818447,0.8450081693426426,0.8619083166122437,6665,0.0,0.0,0.0
2006-11-16 00:00:00+08:00,0.870358407497406,0.8788084812996857,0.8619083336951264,0.870358407497406,3381,0.0,0.0,0.0
2006-11-17 00:00:00+08:00,0.8703582835424548,0.9041586746706045,0.8619082109436202,0.8957085013389587,9401,0.0,0.0,0.0
2006-11-20 00:00:00+08:00,0.9041587340734157,0.9802093924594204,0.9041587340734157,0.9717593193054199,8903,0.0,0.0,0.0
2006-11-21 00:00:00+08:00,0.9633093476295471,0.9802094957178645,0.9464091995412297,0.9633093476295471,3534,0.0,0.0,0.0
2006-11-22 00:00:00+08:00,0.9633093476295471,0.9971096438061818,0.9548592735853884,0.9633093476295471,3235,0.0,0.0,0.0
2006-11-23 00:00:00+08:00,0.9717593193054198,0.9971095387674214,0.9633092461514193,0.9717593193054199,4640,0.0,0.0,0.0
2006-11-24 00:00:00+08:00,0.9548592221520539,0.9717593693300476,0.9379590749740601,0.9379590749740601,2044,0.0,0.0,0.0
2006-11-27 00:00:00+08:00,0.946409285068512,0.9548593598763063,0.9379592102607175,0.946409285068512,1444,0.0,0.0,0.0
2006-11-28 00:00:00+08:00,0.9295089302606463,0.9295089302606463,0.9041587114334106,0.9041587114334106,1603,0.0,0.0,0.0
2006-11-29 00:00:00+08:00,0.9295092225074768,0.9379592981066756,0.9295092225074768,0.9295092225074768,697,0.0,0.0,0.0
2006-11-30 00:00:00+08:00,0.9295089535354173,0.9886594656134209,0.9295089535354173,0.9717593193054199,3957,0.0,0.0,0.0
2006-12-01 00:00:00+08:00,0.9717593959745392,0.9971096174366029,0.9548592483331634,0.980209469795227,3164,0.0,0.0,0.0
2006-12-04 00:00:00+08:00,0.9886595010757446,0.9886595010757446,0.9717593541615506,0.9886595010757446,1673,0.0,0.0,0.0
2006-12-05 00:00:00+08:00,0.9802094957178645,0.9802094957178645,0.9548592735853884,0.9633093476295471,4845,0.0,0.0,0.0
2006-12-06 00:00:00+08:00,0.9295091354529231,0.9633094346841008,0.8788085858733191,0.946409285068512,107843,0.0,0.0,0.0
2006-12-07 00:00:00+08:00,0.937959108954138,0.9633093306395082,0.9295090350590146,0.9548592567443848,7793000,0.0,0.0,0.0
2006-12-08 00:00:00+08:00,0.9633093306395082,0.9633093306395082,0.9295090350590146,0.9548592567443848,4801,0.0,0.0,0.0
2006-12-11 00:00:00+08:00,0.9633094045514905,1.0224600270886395,0.9548593300080169,1.014009952545166,15991,0.0,0.0,0.0
2006-12-12 00:00:00+08:00,1.0224598922903647,1.0731603328670003,1.0224598922903647,1.064710259437561,14500,0.0,0.0,0.0
2006-12-13 00:00:00+08:00,1.0731603363795363,1.0731603363795363,0.9886595010757446,0.9886595010757446,8810,0.0,0.0,0.0
2006-12-14 00:00:00+08:00,1.0055596828460693,1.0224598286530933,0.9886594363062305,1.0055596828460693,4244,0.0,0.0,0.0
2006-12-15 00:00:00+08:00,1.014009952545166,1.0393601761755864,1.0055598780016923,1.014009952545166,2007,0.0,0.0,0.0
2006-12-18 00:00:00+08:00,1.0309099728984383,1.0393600463867188,1.022459899410158,1.0393600463867188,840,0.0,0.0,0.0
2006-12-19 00:00:00+08:00,1.0309099015566052,1.0309099015566052,0.9886594363062305,1.0055596828460693,3835,0.0,0.0,0.0
2006-12-20 00:00:00+08:00,1.0055599526927161,1.0309101782061016,0.9971097767887457,1.0224601030349731,3376,0.0,0.0,0.0
2006-12-21 00:00:00+08:00,1.0140098259218773,1.0562601933632798,1.0140098259218773,1.0393600463867188,4662,0.0,0.0,0.0
2006-12-22 00:00:00+08:00,1.0393599983278452,1.0731602907180786,1.0393599983278452,1.0731602907180786,3947,0.0,0.0,0.0
2006-12-26 00:00:00+08:00,1.0647101028310093,1.0647101028310093,1.0478099584579468,1.0478099584579468,1123,0.0,0.0,0.0
2006-12-27 00:00:00+08:00,1.0478099584579468,1.056260030644478,1.0393598862714153,1.0478099584579468,1619,0.0,0.0,0.0
2006-12-28 00:00:00+08:00,1.0478100714254035,1.081610363815637,1.0478100714254035,1.0731602907180786,5371,0.0,0.0,0.0
2006-12-29 00:00:00+08:00,1.0731606339952136,1.1154111137306897,1.064710558194688,1.0985108613967896,5465,0.0,0.0,0.0
2007-01-03 00:00:00+08:00,1.1069606646265326,1.1323109865188599,1.1069606646265326,1.1323109865188599,5184,0.0,0.0,0.0
2007-01-04 00:00:00+08:00,1.1914615720006423,1.284412489069179,1.1830114977883053,1.2168118953704834,14942,0.0,0.0,0.0
2007-01-05 00:00:00+08:00,1.2337120437951574,1.2421621180074942,1.208361720425316,1.2168118953704834,3142,0.0,0.0,0.0
2007-01-08 00:00:00+08:00,1.2252619604403223,1.2252619604403223,1.1830114889610663,1.1914615631103516,3219,0.0,0.0,0.0
2007-01-09 00:00:00+08:00,1.1914615720006423,1.2421621180074942,1.1914615720006423,1.2168118953704834,8471,0.0,0.0,0.0
2007-01-10 00:00:00+08:00,1.2168117281178616,1.2168117281178616,1.1407609699272911,1.1745612621307373,3594,0.0,0.0,0.0
2007-01-11 00:00:00+08:00,1.166111382918853,1.2083617551963055,1.166111382918853,1.183011531829834,2692,0.0,0.0,0.0
2007-01-12 00:00:00+08:00,1.1999119072486408,1.2168121600827222,1.1914618311980263,1.2083619832992554,4702,0.0,0.0,0.0
2007-01-15 00:00:00+08:00,1.208361720425316,1.2337120437951574,1.208361720425316,1.2168118953704834,2825,0.0,0.0,0.0
2007-01-16 00:00:00+08:00,1.2252617659144998,1.2590620571454167,1.2252617659144998,1.233711838722229,7286,0.0,0.0,0.0
2007-01-17 00:00:00+08:00,1.2252619695828204,1.2337120437951574,1.2168118953704834,1.2168118953704834,1481,0.0,0.0,0.0
2007-01-18 00:00:00+08:00,1.2168118953704834,1.2337120437951574,1.2168118953704834,1.2168118953704834,2332,0.0,0.0,0.0
2007-01-19 00:00:00+08:00,1.2252617249522837,1.2590620150532095,1.2252617249522837,1.2421618700027466,3300,0.0,0.0,0.0
2007-01-22 00:00:00+08:00,1.2421618700027466,1.250611942527978,1.2337117974775151,1.2421618700027466,4376,0.0,0.0,0.0
2007-01-23 00:00:00+08:00,1.2379224959765784,1.2379224959765784,1.2209646701812744,1.2209646701812744,1939,0.005,0.0,0.0
2007-01-24 00:00:00+08:00,1.2294437706861137,1.2633594274520874,1.2294437706861137,1.2633594274520874,2242,0.0,0.0,0.0
2007-01-25 00:00:00+08:00,1.2803169922685598,1.2887959047145812,1.2209646051464091,1.2379224300384521,4332,0.0,0.0,0.0
2007-01-26 00:00:00+08:00,1.2040071131689698,1.2124860286712646,1.1785703666620853,1.2124860286712646,3550,0.0,0.0,0.0
2007-01-29 00:00:00+08:00,1.2209646701812744,1.2379224959765784,1.2124856562070077,1.2209646701812744,3129,0.0,0.0,0.0
2007-01-30 00:00:00+08:00,1.2294435830789263,1.2294435830789263,1.2040067433093555,1.2209646701812744,1811,0.0,0.0,0.0
2007-01-31 00:00:00+08:00,1.2209649926010557,1.2464017380110841,1.2124859763877383,1.229443907737732,6655,0.0,0.0,0.0
2007-02-01 00:00:00+08:00,1.254880464725116,1.3481486183008071,1.254880464725116,1.3396697044372559,17553,0.0,0.0,0.0
2007-02-02 00:00:00+08:00,1.3396694251792278,1.3396694251792278,1.2972747636221367,1.314232587814331,3670,0.0,0.0,0.0
2007-02-05 00:00:00+08:00,1.3142331360606454,1.3396699840367936,1.2803174735279776,1.2972753047943115,5737,0.0,0.0,0.0
2007-02-06 00:00:00+08:00,1.3057537184565717,1.3142326308301904,1.2548802442148599,1.2718380689620972,4320,0.0,0.0,0.0
2007-02-07 00:00:00+08:00,1.2718380689620972,1.297274806082953,1.2633591565884785,1.2718380689620972,3549,0.0,0.0,0.0
2007-02-08 00:00:00+08:00,1.271838407004676,1.3396698250991808,1.2633594923774425,1.3057540655136108,6488,0.0,0.0,0.0
2007-02-09 00:00:00+08:00,1.305753928522307,1.305753928522307,1.2718382735715845,1.2803171873092651,2129,0.0,0.0,0.0
2007-02-12 00:00:00+08:00,1.2803170813193765,1.2803170813193765,1.2379225161405691,1.2464014291763306,4139,0.0,0.0,0.0
2007-02-13 00:00:00+08:00,1.2464014088742306,1.2464014088742306,1.2124856562070077,1.2209646701812744,4681,0.0,0.0,0.0
2007-02-14 00:00:00+08:00,1.2379225599546424,1.2718382132980728,1.170091152191162,1.170091152191162,4384,0.0,0.0,0.0
2007-02-15 00:00:00+08:00,1.1955278304117034,1.2209646701812744,1.144654353025791,1.2209646701812744,3020000,0.0,0.0,0.0
2007-02-16 00:00:00+08:00,1.2294436031048077,1.271838168283615,1.2294436031048077,1.2464014291763306,6503,0.0,0.0,0.0
2007-02-21 00:00:00+08:00,1.2718385578948106,1.3057542204274786,1.2633596422616438,1.2972753047943115,7241,0.0,0.0,0.0
2007-02-22 00:00:00+08:00,1.297274806082953,1.297274806082953,1.2718380689620972,1.2718380689620972,766,0.0,0.0,0.0
2007-02-23 00:00:00+08:00,1.2718385578948106,1.3057542204274786,1.2718385578948106,1.2972753047943115,1816,0.0,0.0,0.0
2007-02-26 00:00:00+08:00,1.32271146774292,1.3396693925993135,1.3142325558530246,1.32271146774292,3991,0.0,0.0,0.0
2007-02-27 00:00:00+08:00,1.3227116464981838,1.3311906606105615,1.2464014291763306,1.2464014291763306,5312,0.0,0.0,0.0
2007-02-28 00:00:00+08:00,1.1022596823856126,1.1955278249069512,1.0853018566683899,1.1870489120483398,10093,0.0,0.0,0.0
2007-03-01 00:00:00+08:00,1.170091152191162,1.2124857188704499,1.153133325519447,1.170091152191162,4678,0.0,0.0,0.0
2007-03-02 00:00:00+08:00,1.1700911858422791,1.1870490130016913,1.1446544451031613,1.1616122722625732,1679,0.0,0.0,0.0
2007-03-05 00:00:00+08:00,1.1192177517619155,1.1192177517619155,1.0259495973587036,1.0259495973587036,6425,0.0,0.0,0.0
2007-03-06 00:00:00+08:00,1.0344286588182752,1.0768232345581055,1.0344286588182752,1.0768232345581055,6537,0.0,0.0,0.0
2007-03-07 00:00:00+08:00,1.1022598408176696,1.119217770048935,1.0429074422764415,1.0513863563537598,7577,0.0,0.0,0.0
2007-03-08 00:00:00+08:00,1.0513863068168559,1.1022597888838213,1.0513863068168559,1.0937808752059937,4855,0.0,0.0,0.0
2007-03-09 00:00:00+08:00,1.1107385158538818,1.1446542659408037,1.1107385158538818,1.1107385158538818,7743,0.0,0.0,0.0
2007-03-12 00:00:00+08:00,1.127696801692142,1.161612461537228,1.127696801692142,1.144654631614685,3519,0.0,0.0,0.0
2007-03-13 00:00:00+08:00,1.1616122388553045,1.1955278921987347,1.1446544121835893,1.170091152191162,4215,0.0,0.0,0.0
2007-03-14 00:00:00+08:00,1.1276964414356463,1.1446542659408037,1.102259603601303,1.1107385158538818,4308,0.0,0.0,0.0
2007-03-15 00:00:00+08:00,1.1361754988477317,1.170091152191162,1.1361754988477317,1.170091152191162,3416,0.0,0.0,0.0
2007-03-16 00:00:00+08:00,1.1785700655270197,1.1785700655270197,1.153133325519447,1.170091152191162,1046,0.0,0.0,0.0
2007-03-19 00:00:00+08:00,1.170091404120505,1.2040070647662282,1.1616124889590742,1.1955281496047974,1923,0.0,0.0,0.0
2007-03-20 00:00:00+08:00,1.2124855812701583,1.2718380689620972,1.2124855812701583,1.2718380689620972,6557,0.0,0.0,0.0
2007-03-21 00:00:00+08:00,1.297275100746667,1.3057540150461906,1.2887961864471436,1.2887961864471436,2664,0.0,0.0,0.0
2007-03-22 00:00:00+08:00,1.3142331360606454,1.3142331360606454,1.2887963891611445,1.2972753047943115,2011,0.0,0.0,0.0
2007-03-23 00:00:00+08:00,1.2972753047943115,1.3057542204274786,1.2718385578948106,1.2972753047943115,1777,0.0,0.0,0.0
2007-03-26 00:00:00+08:00,1.2972753047943115,1.2972753047943115,1.2718385578948106,1.2972753047943115,1591,0.0,0.0,0.0
2007-03-27 00:00:00+08:00,1.2887958515260394,1.3227114999104284,1.2803169394299423,1.314232587814331,1651,0.0,0.0,0.0
2007-03-28 00:00:00+08:00,1.3142326308301904,1.3142326308301904,1.2718380689620972,1.2718380689620972,3299,0.0,0.0,0.0
2007-03-29 00:00:00+08:00,1.263359359833904,1.2972750147846264,1.2294437048831817,1.2803171873092651,5796,0.0,0.0,0.0
2007-03-30 00:00:00+08:00,1.2972750506891306,1.4414167903723414,1.2887961367167804,1.4244588613510132,20605,0.0,0.0,0.0
2007-04-02 00:00:00+08:00,1.441416703676889,1.4583745306016442,1.390543121826002,1.4159798622131348,6842,0.0,0.0,0.0
2007-04-03 00:00:00+08:00,1.4329376956186395,1.5007689988397537,1.4244586816393856,1.475332260131836,9183,0.0,0.0,0.0
2007-04-04 00:00:00+08:00,1.5007689325169482,1.5177267575728173,1.4838111074610794,1.4922900199890137,3191,0.0,0.0,0.0
2007-04-05 00:00:00+08:00,1.500768944030276,1.500768944030276,1.4583743810653687,1.4583743810653687,1598,0.0,0.0,0.0
2007-04-09 00:00:00+08:00,1.4753323951314743,1.4753323951314743,1.4414167404174805,1.4414167404174805,2483,0.0,0.0,0.0
2007-04-10 00:00:00+08:00,1.4498955214239182,1.4922900859371144,1.4498955214239182,1.475332260131836,2162,0.0,0.0,0.0
2007-04-11 00:00:00+08:00,1.4753324462617428,1.4753324462617428,1.4075010334063125,1.4244588613510132,5179,0.0,0.0,0.0
2007-04-12 00:00:00+08:00,1.4075009487507573,1.4329377902145115,1.4075009487507573,1.4159798622131348,2053,0.0,0.0,0.0
2007-04-13 00:00:00+08:00,1.441416703676889,1.441416703676889,1.4159798622131348,1.4159798622131348,1631,0.0,0.0,0.0
2007-04-16 00:00:00+08:00,1.4329380989074707,1.441417014196432,1.4159801672529049,1.4329380989074707,1403,0.0,0.0,0.0
2007-04-17 00:00:00+08:00,1.4414169714905087,1.5346850369057619,1.4414169714905087,1.5007693767547607,12548,0.0,0.0,0.0
2007-04-18 00:00:00+08:00,1.5092478450448827,1.5177267575728173,1.4838111074610794,1.4922900199890137,3764,0.0,0.0,0.0
2007-04-19 00:00:00+08:00,1.4753323951314743,1.4922902224884713,1.4329378267389818,1.4414167404174805,4746,0.0,0.0,0.0
2007-04-20 00:00:00+08:00,1.441416544821407,1.4922900199890137,1.441416544821407,1.4922900199890137,2753,0.0,0.0,0.0
2007-04-23 00:00:00+08:00,1.5177272068302612,1.5177272068302612,1.4668537166037596,1.5007693767547607,1994,0.0,0.0,0.0
2007-04-24 00:00:00+08:00,1.4922902926808277,1.5940373626852762,1.4668535504488727,1.5770795345306396,8075,0.0,0.0,0.0
2007-04-25 00:00:00+08:00,1.5855586285415153,1.670347880013445,1.5686007984624575,1.6533900499343872,7198,0.0,0.0,0.0
2007-04-26 00:00:00+08:00,1.6618686761052004,1.7042632439337524,1.6279529207657362,1.695784330368042,4199,0.0,0.0,0.0
2007-04-27 00:00:00+08:00,1.695784330368042,1.7212210710651732,1.6703475896709108,1.695784330368042,2786,0.0,0.0,0.0
2007-04-30 00:00:00+08:00,1.7127421574994628,1.7466578117623044,1.6873054168023316,1.695784330368042,1413,0.0,0.0,0.0
2007-05-02 00:00:00+08:00,1.6788264513015747,1.6957842779083996,1.6703475379981623,1.6788264513015747,1388,0.0,0.0,0.0
2007-05-03 00:00:00+08:00,1.6788263442190077,1.6873052569815996,1.6364316793294351,1.6449106931686401,1483,0.0,0.0,0.0
2007-05-04 00:00:00+08:00,1.653389896401505,1.6703477249058682,1.6449109821493233,1.6618688106536865,1602,0.0,0.0,0.0
2007-05-07 00:00:00+08:00,1.6957842779083996,1.721221017818637,1.6788264513015747,1.6788264513015747,4596,0.0,0.0,0.0
2007-05-08 00:00:00+08:00,1.7042630825067835,1.7042630825067835,1.6279527665668432,1.6449106931686401,2361,0.0,0.0,0.0
2007-05-09 00:00:00+08:00,1.6533897113913374,1.6873053646049871,1.644910798087925,1.6788264513015747,2317,0.0,0.0,0.0
2007-05-10 00:00:00+08:00,1.7000772522959475,1.7850810338447443,1.691576874141068,1.7340787649154663,7476,0.005,0.0,0.0
2007-05-11 00:00:00+08:00,1.708577948395935,1.725578707869324,1.7000775686592402,1.7170783281326294,1157000,0.0,0.0,0.0
2007-05-14 00:00:00+08:00,1.7255785417798988,1.793581573128066,1.7255785417798988,1.7510796785354614,2862,0.0,0.0,0.0
2007-05-15 00:00:00+08:00,1.7510795212252257,1.7765806556898647,1.7340787649154663,1.7340787649154663,1200,0.0,0.0,0.0
2007-05-16 00:00:00+08:00,1.742579143070346,1.7595798993801053,1.717078008605707,1.7340787649154663,2987,0.0,0.0,0.0
2007-05-17 00:00:00+08:00,1.7425791382807152,1.8360835003923883,1.7340787601491996,1.7850810289382935,7293,0.0,0.0,0.0
2007-05-18 00:00:00+08:00,1.7935815636845238,1.8190829029708366,1.7850811848107588,1.8020819425582886,2236000,0.0,0.0,0.0
2007-05-21 00:00:00+08:00,1.793581945223077,1.82758367061615,1.7765811838590715,1.82758367061615,1666,0.0,0.0,0.0
2007-05-22 00:00:00+08:00,1.8275835431508494,1.853084683418274,1.8105827829725663,1.853084683418274,2480,0.0,0.0,0.0
2007-05-23 00:00:00+08:00,1.861585216251666,1.8870863586114754,1.861585216251666,1.870085597038269,2222,0.0,0.0,0.0
2007-05-24 00:00:00+08:00,1.8615846690973916,1.8615846690973916,1.8105823993682861,1.8105823993682861,1036,0.0,0.0,0.0
2007-05-25 00:00:00+08:00,1.776580572128296,1.8105822858135436,1.768080194373232,1.776580572128296,1115,0.0,0.0,0.0
2007-05-28 00:00:00+08:00,1.7765810142961438,1.8105827364439766,1.7595802545547485,1.7595802545547485,1024,0.0,0.0,0.0
2007-05-29 00:00:00+08:00,1.776580294541668,1.8190823793411255,1.7680799181147686,1.8190823793411255,1304,0.0,0.0,0.0
2007-05-30 00:00:00+08:00,1.8190827776564704,1.8275831559446547,1.7765806835505444,1.8105823993682861,2037,0.0,0.0,0.0
2007-06-01 00:00:00+08:00,1.8105827829725663,1.9040869639531228,1.8105827829725663,1.853084683418274,4540,0.0,0.0,0.0
2007-06-04 00:00:00+08:00,1.870085310298838,1.9720898640977582,1.8615849308155945,1.9040868282318115,4705,0.0,0.0,0.0
2007-06-05 00:00:00+08:00,1.9040866233914597,1.9465885162353516,1.9040866233914597,1.9465885162353516,715,0.0,0.0,0.0
2007-06-06 00:00:00+08:00,1.9635895490646365,1.9890906883513801,1.9465887895401404,1.9635895490646362,1303,0.0,0.0,0.0
2007-06-07 00:00:00+08:00,1.946588804349479,1.946588804349479,1.895586525387974,1.912587285041809,3141,0.0,0.0,0.0
2007-06-08 00:00:00+08:00,1.8870863586114754,1.8955867393980785,1.870085597038269,1.870085597038269,2792,0.0,0.0,0.0
2007-06-11 00:00:00+08:00,1.8870863586114754,1.9040871201846816,1.870085597038269,1.870085597038269,1949,0.0,0.0,0.0
2007-06-12 00:00:00+08:00,1.8700853933092692,1.8955865328909587,1.8445842537275798,1.8870861530303955,1550,0.0,0.0,0.0
2007-06-13 00:00:00+08:00,1.8955867393980785,1.8955867393980785,1.8530848354650629,1.870085597038269,522000,0.0,0.0,0.0
2007-06-14 00:00:00+08:00,1.870085520667736,1.8870862815466656,1.8615851402282715,1.8615851402282715,931,0.0,0.0,0.0
2007-06-15 00:00:00+08:00,1.8615849079345705,1.8615849079345705,1.8360837697982788,1.8360837697982788,1613,0.0,0.0,0.0
2007-06-18 00:00:00+08:00,1.8530845285558066,1.8700852873133345,1.8360837697982788,1.8360837697982788,1708,0.0,0.0,0.0
2007-06-19 00:00:00+08:00,1.8445840395921311,1.8445840395921311,1.8020819425582886,1.8020819425582886,1907,0.0,0.0,0.0
2007-06-20 00:00:00+08:00,1.8190823793411255,1.8275827557680249,1.793581047395467,1.8190823793411255,2327,0.0,0.0,0.0
2007-06-21 00:00:00+08:00,1.8105823993682861,1.8190827776564704,1.7680803052623604,1.8105823993682861,5612,0.0,0.0,0.0
2007-06-22 00:00:00+08:00,1.8190826635686075,1.8275830413236713,1.776580572128296,1.776580572128296,2462,0.0,0.0,0.0
2007-06-25 00:00:00+08:00,1.7850813941668413,1.793581774037539,1.7595802545547485,1.7595802545547485,1908,0.0,0.0,0.0
2007-06-26 00:00:00+08:00,1.7765812220210044,1.7765812220210044,1.742579698562622,1.742579698562622,1639,0.0,0.0,0.0
2007-06-27 00:00:00+08:00,1.7425794673427133,1.7680806065527972,1.708577948395935,1.7170783281326294,2306,0.0,0.0,0.0
2007-06-28 00:00:00+08:00,1.725578707869324,1.7425794673427133,1.7170783281326294,1.7170783281326294,1649,0.0,0.0,0.0
2007-06-29 00:00:00+08:00,1.7425793356630999,1.768080472946167,1.7255785774743886,1.768080472946167,2334,0.0,0.0,0.0
2007-07-02 00:00:00+08:00,1.8020814238223664,1.8190823793411255,1.8020814238223664,1.8190823793411255,2289,0.0,0.0,0.0
2007-07-03 00:00:00+08:00,1.8190826635686075,1.8190826635686075,1.759579816618168,1.776580572128296,1835,0.0,0.0,0.0
2007-07-04 00:00:00+08:00,1.776580610660148,1.8530842147799844,1.776580610660148,1.7935813665390015,2837,0.0,0.0,0.0
2007-07-05 00:00:00+08:00,1.8190827776564704,1.844583912521023,1.8105823993682861,1.8105823993682861,1900,0.0,0.0,0.0
2007-07-06 00:00:00+08:00,1.793581573128066,1.793581573128066,1.7425792996169407,1.7510796785354614,3297,0.0,0.0,0.0
2007-07-09 00:00:00+08:00,1.742579698562622,1.7680808411564088,1.7340793176980265,1.742579698562622,1382,0.0,0.0,0.0
2007-07-10 00:00:00+08:00,1.759580062291612,1.759580062291612,1.7255785465240479,1.7255785465240479,1803,0.0,0.0,0.0
2007-07-11 00:00:00+08:00,1.7255783107657696,1.7255783107657696,1.657575288521599,1.6745760440826416,6629,0.0,0.0,0.0
2007-07-12 00:00:00+08:00,1.6915772727731593,1.7170784132473216,1.666076132298997,1.7000776529312134,3362,0.0,0.0,0.0
2007-07-13 00:00:00+08:00,1.7170779329852484,1.7255783107657696,1.6745760440826416,1.6745760440826416,1689,0.0,0.0,0.0
2007-07-16 00:00:00+08:00,1.7000771774242056,1.7000771774242056,1.657575288521599,1.6745760440826416,1985,0.0,0.0,0.0
2007-07-17 00:00:00+08:00,1.6745764085915524,1.683076788222371,1.5895725109508483,1.6490752696990967,5113,0.0,0.0,0.0
2007-07-18 00:00:00+08:00,1.6490753169301535,1.6490753169301535,1.555571036980581,1.5640714168548584,11841,0.0,0.0,0.0
2007-07-19 00:00:00+08:00,1.5640714075637814,1.5810721672113464,1.1050503904169255,1.2155554294586182,76464000,0.0,0.0,0.0
2007-07-20 00:00:00+08:00,1.2920587542636952,1.4025637766327612,1.198554488977177,1.3600618839263916,106216,0.0,0.0,0.0
2007-07-23 00:00:00+08:00,1.4025639360690472,1.4280650745917076,1.3685624180388332,1.3770627975463867,29598,0.0,0.0,0.0
2007-07-24 00:00:00+08:00,1.3855632237703985,1.394063603564556,1.2750581851138338,1.2920589447021484,23940,0.0,0.0,0.0
2007-07-25 00:00:00+08:00,1.2580574255255192,1.2920589447021484,1.2155554252222127,1.2920589447021484,21252,0.0,0.0,0.0
2007-07-26 00:00:00+08:00,1.2877947462500166,1.2963231801986694,1.245152576506752,1.2963231801986694,10558,0.005,0.0,0.0
2007-07-27 00:00:00+08:00,1.253680989275093,1.279266290688801,1.2195671523898655,1.2366241216659546,15061000,0.0,0.0,0.0
2007-07-30 00:00:00+08:00,1.2451523876209223,1.253680820275838,1.168396392059745,1.1769248247146606,18416,0.0,0.0,0.0
2007-07-31 00:00:00+08:00,1.1854532984954247,1.2025101643969942,1.0404698366651435,1.0831120014190674,24315000,0.0,0.0,0.0
2007-08-01 00:00:00+08:00,1.0660550737599719,1.083111938673422,0.9551853501556122,0.9807706475257874,20040,0.0,0.0,0.0
2007-08-02 00:00:00+08:00,1.0148846283837576,1.066055230655065,1.0063560930049236,1.023413062095642,13590,0.0,0.0,0.0
2007-08-03 00:00:00+08:00,1.0660552004969253,1.2366240732432119,1.0489983335556858,1.2025102376937866,24017,0.0,0.0,0.0
2007-08-06 00:00:00+08:00,1.0916401946149223,1.1598677449034493,1.0916401946149223,1.1086970567703247,7647,0.0,0.0,0.0
2007-08-07 00:00:00+08:00,1.1683962177246767,1.193981511871871,1.1001686649985705,1.1172255277633667,11650,0.0,0.0,0.0
2007-08-08 00:00:00+08:00,1.159867968048887,1.2622092623375223,1.1428111026119374,1.228095531463623,25009,0.0,0.0,0.0
2007-08-10 00:00:00+08:00,1.142811053384804,1.211038512193672,1.125754188682587,1.193981647491455,8216,0.0,0.0,0.0
2007-08-13 00:00:00+08:00,1.2025105513573537,1.2110389870525358,1.1342830657958984,1.1342830657958984,6302,0.0,0.0,0.0
2007-08-14 00:00:00+08:00,1.1428112165850939,1.1513396501541138,1.134282783016074,1.1513396501541138,3578,0.0,0.0,0.0
2007-08-15 00:00:00+08:00,1.1342829229535303,1.1342829229535303,1.0404700404535878,1.048998475074768,13844000,0.0,0.0,0.0
2007-08-16 00:00:00+08:00,0.9978275513077637,1.0319413841304395,0.980770685729895,0.9892991185188293,8873,0.0,0.0,0.0
2007-08-17 00:00:00+08:00,1.0063563623491656,1.0489986439884462,0.9125435664100967,0.9637141823768616,15718,0.0,0.0,0.0
2007-08-20 00:00:00+08:00,1.0404698366651435,1.0831120014190674,1.0404698366651435,1.0831120014190674,10252,0.0,0.0,0.0
2007-08-21 00:00:00+08:00,1.1001684622298027,1.1086968920403513,1.0489978833665108,1.0745831727981567,8009000,0.0,0.0,0.0
2007-08-22 00:00:00+08:00,1.0745831727981567,1.0916400324192541,1.0660547429876082,1.0745831727981567,2483,0.0,0.0,0.0
2007-08-23 00:00:00+08:00,1.1172260927385615,1.1513399371862623,1.0916407856530157,1.1342830657958984,6453,0.0,0.0,0.0
2007-08-24 00:00:00+08:00,1.1342829101182412,1.1342829101182412,1.1001690703525848,1.125754475593567,2795,0.0,0.0,0.0
2007-08-27 00:00:00+08:00,1.1513396873029593,1.168396554991352,1.142811253458763,1.1598681211471558,2433,0.0,0.0,0.0
2007-08-28 00:00:00+08:00,1.1598680837231337,1.1683965172921535,1.1428112165850939,1.1513396501541138,2847,0.0,0.0,0.0
2007-08-29 00:00:00+08:00,1.1001686256926235,1.1172254878480259,1.0745833324595202,1.1086970567703247,3611,0.0,0.0,0.0
2007-08-30 00:00:00+08:00,1.2025100798425634,1.2366239109139308,1.159867918087021,1.193981647491455,14086,0.0,0.0,0.0
2007-08-31 00:00:00+08:00,1.2025101565821783,1.211038589477539,1.1854532907914572,1.211038589477539,3222,0.0,0.0,0.0
2007-09-03 00:00:00+08:00,1.228095643943986,1.2707378114419243,1.211038675277864,1.253680944442749,6041,0.0,0.0,0.0
2007-09-04 00:00:00+08:00,1.2792662966328547,1.3304368996980325,1.134282819614567,1.1598681211471558,31892,0.0,0.0,0.0
2007-09-05 00:00:00+08:00,1.1257543067048306,1.1854533394213393,1.1172257717926712,1.1683964729309082,9660,0.0,0.0,0.0
2007-09-06 00:00:00+08:00,1.1598680396856926,1.1854533394213393,1.1342827399500461,1.1683964729309082,3079,0.0,0.0,0.0
2007-09-07 00:00:00+08:00,1.1769249372819277,1.2110386711644063,1.168396503811308,1.2025102376937866,6098,0.0,0.0,0.0
2007-09-10 00:00:00+08:00,1.1683965473402937,1.2110387162820397,1.1513396797635953,1.1854534149169922,6755000,0.0,0.0,0.0
2007-09-11 00:00:00+08:00,1.1939818487053413,1.2280956855256884,1.1769249811286429,1.1854534149169922,6645,0.0,0.0,0.0
2007-09-12 00:00:00+08:00,1.2622093779423367,1.2877946784410996,1.228095643943986,1.253680944442749,16365,0.0,0.0,0.0
2007-09-13 00:00:00+08:00,1.2451525833330483,1.2792663193146816,1.2025103116890539,1.2195671796798706,5065,0.0,0.0,0.0
2007-09-14 00:00:00+08:00,1.2451523969005727,1.2451523969005727,1.2195669970782108,1.228095531463623,2508,0.0,0.0,0.0
2007-09-17 00:00:00+08:00,1.2280955223110912,1.2280955223110912,1.168396392059745,1.1769248247146606,4785,0.0,0.0,0.0
2007-09-18 00:00:00+08:00,1.1769248578960967,1.211038589477539,1.1683964250007361,1.211038589477539,1605,0.0,0.0,0.0
2007-09-19 00:00:00+08:00,1.2366240732432119,1.2366240732432119,1.2025102376937866,1.2025102376937866,3583,0.0,0.0,0.0
2007-09-20 00:00:00+08:00,1.211038555334323,1.2195669879892388,1.1769248247146606,1.1769248247146606,1527,0.0,0.0,0.0
2007-09-21 00:00:00+08:00,1.1769249372819277,1.219567104635026,1.1769249372819277,1.2025102376937866,3695,0.0,0.0,0.0
2007-09-24 00:00:00+08:00,1.2025100798425634,1.2195669445447805,1.193981647491455,1.193981647491455,4048,0.0,0.0,0.0
2007-09-25 00:00:00+08:00,1.2025101565821783,1.2280955569351997,1.2025101565821783,1.211038589477539,2063,0.0,0.0,0.0
2007-09-26 00:00:00+08:00,1.219567216008727,1.3048516601702431,1.219567216008727,1.279266357421875,14886,0.0,0.0,0.0
2007-09-27 00:00:00+08:00,1.3048513708331948,1.3304366679082928,1.296322938474829,1.3219082355499268,10047,0.0,0.0,0.0
2007-09-28 00:00:00+08:00,1.3560222997937013,1.5010057764801288,1.3560222997937013,1.4754204750061035,33476,0.0,0.0,0.0
2007-10-01 00:00:00+08:00,1.509534108231376,1.6459891418661536,1.509534108231376,1.637460708618164,16038,0.0,0.0,0.0
2007-10-02 00:00:00+08:00,1.6715742905847133,1.7227448823371785,1.5351191759109497,1.5351191759109497,14749,0.0,0.0,0.0
2007-10-03 00:00:00+08:00,1.5607049926547916,1.5862902954031597,1.4157214070801274,1.4924774169921875,12361,0.0,0.0,0.0
2007-10-04 00:00:00+08:00,1.4924774428641159,1.5777618885040283,1.4583637052749339,1.5777618885040283,6906,0.0,0.0,0.0
2007-10-05 00:00:00+08:00,1.586290088871909,1.603346955150057,1.5095340889533,1.5521763563156128,4714,0.0,0.0,0.0
2007-10-08 00:00:00+08:00,1.5607045734541107,1.5777614373715991,1.5095338800347171,1.5351191759109497,3702,0.0,0.0,0.0
2007-10-09 00:00:00+08:00,1.5180627197405556,1.5265911539900117,1.4924774169921875,1.4924774169921875,3960,0.0,0.0,0.0
2007-10-10 00:00:00+08:00,1.518062644129479,1.518062644129479,1.4668920411814284,1.4754204750061035,4141,0.0,0.0,0.0
2007-10-11 00:00:00+08:00,1.483948740905101,1.5265909052030309,1.483948740905101,1.5180624723434448,3011,0.0,0.0,0.0
2007-10-12 00:00:00+08:00,1.5436474882469051,1.5436474882469051,1.4839484691619873,1.4839484691619873,2731,0.0,0.0,0.0
2007-10-15 00:00:00+08:00,1.5180627197405556,1.5180627197405556,1.4924774169921875,1.4924774169921875,1754,0.0,0.0,0.0
2007-10-16 00:00:00+08:00,1.4924771755498296,1.4924771755498296,1.4157211780548096,1.4157211780548096,4516,0.0,0.0,0.0
2007-10-17 00:00:00+08:00,1.4157209815187788,1.4242494132046146,1.3389650963462563,1.3730788230895996,7360,0.0,0.0,0.0
2007-10-18 00:00:00+08:00,1.37307906734723,1.40719280015908,1.330436799665474,1.3474937677383423,8878000,0.0,0.0,0.0
2007-10-19 00:00:00+08:00,1.347493634291958,1.3645504990086899,1.296322938474829,1.3219082355499268,5198000,0.0,0.0,0.0
2007-10-22 00:00:00+08:00,1.253680989275093,1.2707378568842318,1.202510284780727,1.2366241216659546,5499000,0.0,0.0,0.0
2007-10-23 00:00:00+08:00,1.2707378783527108,1.3219084820446283,1.2707378783527108,1.2963231801986694,4969,0.0,0.0,0.0
2007-10-24 00:00:00+08:00,1.3389654208790351,1.3389654208790351,1.2536809816828696,1.262209415435791,2774000,0.0,0.0,0.0
2007-10-25 00:00:00+08:00,1.2877948188955082,1.3133801221847534,1.2792663844657597,1.3133801221847534,3606,0.0,0.0,0.0
2007-10-26 00:00:00+08:00,1.3133798819504294,1.4157211780548096,1.3048514490806427,1.4157211780548096,6834000,0.0,0.0,0.0
2007-10-29 00:00:00+08:00,1.4413065783311092,1.449835011200896,1.4071927451850228,1.4157211780548096,2886,0.0,0.0,0.0
2007-10-30 00:00:00+08:00,1.4242494132046146,1.4242494132046146,1.3645503914037638,1.3730788230895996,1123,0.0,0.0,0.0
2007-10-31 00:00:00+08:00,1.3645505525226835,1.4754202791963862,1.3645505525226835,1.45836341381073,4138,0.0,0.0,0.0
2007-11-01 00:00:00+08:00,1.4924770066205861,1.5095338704295413,1.415721017813359,1.4327778816223145,5228,0.0,0.0,0.0
2007-11-02 00:00:00+08:00,1.3816077602711065,1.4071930646896362,1.356022455852577,1.4071930646896362,3628,0.0,0.0,0.0
2007-11-05 00:00:00+08:00,1.3816074038460486,1.3901358364520726,1.3304367065429688,1.3304367065429688,4088,0.0,0.0,0.0
2007-11-06 00:00:00+08:00,1.3304366408980226,1.3645504713058472,1.3304366408980226,1.3645504713058472,2728,0.0,0.0,0.0
2007-11-07 00:00:00+08:00,1.3688280582427979,1.385938392398167,1.3431625570097443,1.3688280582427979,4526,0.005,0.0,0.0
2007-11-09 00:00:00+08:00,1.317497258237264,1.3602732054959543,1.3003869201280516,1.3260524272918701,3715,0.0,0.0,0.0
2007-11-12 00:00:00+08:00,1.2832765773247206,1.3174972534179688,1.2319455631848482,1.3174972534179688,5340,0.0,0.0,0.0
2007-11-13 00:00:00+08:00,1.3346073368153741,1.3346073368153741,1.300386667251587,1.300386667251587,3819,0.0,0.0,0.0
2007-11-14 00:00:00+08:00,1.3346073627471924,1.3346073627471924,1.3089418600756637,1.3346073627471924,1847,0.0,0.0,0.0
2007-11-15 00:00:00+08:00,1.3346075963464763,1.3346075963464763,1.317497258237264,1.3260524272918701,3242,0.0,0.0,0.0
2007-11-16 00:00:00+08:00,1.326052120868739,1.3688280582427979,1.30894178671337,1.3688280582427979,1535,0.0,0.0,0.0
2007-11-19 00:00:00+08:00,1.368828108364801,1.368828108364801,1.2832763324696934,1.300386667251587,1445,0.0,0.0,0.0
2007-11-20 00:00:00+08:00,1.2661657080168356,1.2661657080168356,1.2062794479952321,1.2405002117156982,4573,0.0,0.0,0.0
2007-11-21 00:00:00+08:00,1.2576109977003989,1.2747213347598894,1.2233902215957642,1.2233902215957642,3506,0.0,0.0,0.0
2007-11-22 00:00:00+08:00,1.1977247053940197,1.240500649649381,1.1891695369400779,1.2062798738479614,4066,0.0,0.0,0.0
2007-11-23 00:00:00+08:00,1.19772469997406,1.2148350368045155,1.1891695315588324,1.19772469997406,3478000,0.0,0.0,0.0
2007-11-26 00:00:00+08:00,1.2148350753203678,1.2490558520518869,1.2148350753203678,1.231945514678955,5911000,0.0,0.0,0.0
2007-11-27 00:00:00+08:00,1.2148350368045155,1.2148350368045155,1.163504026313149,1.19772469997406,5437,0.0,0.0,0.0
2007-11-28 00:00:00+08:00,1.206279760859964,1.2233900961651825,1.1891694255547458,1.2148349285125732,4561,0.0,0.0,0.0
2007-11-29 00:00:00+08:00,1.2490558520518869,1.2576110207383526,1.2233902440068338,1.231945514678955,3002,0.0,0.0,0.0
2007-11-30 00:00:00+08:00,1.2405006833654209,1.2490558520518869,1.231945514678955,1.231945514678955,1383,0.0,0.0,0.0
2007-12-03 00:00:00+08:00,1.2490556373245174,1.308941807834641,1.2490556373245174,1.2661659717559814,4336,0.0,0.0,0.0
2007-12-04 00:00:00+08:00,1.2490559058004147,1.3346075963464763,1.2490559058004147,1.3260524272918701,3756,0.0,0.0,0.0
2007-12-05 00:00:00+08:00,1.3174970626691198,1.3688281713628705,1.2918315593150669,1.360273003578186,7564000,0.0,0.0,0.0
2007-12-06 00:00:00+08:00,1.3773833632055659,1.4886006483346788,1.3688281952714532,1.3944936990737915,9330000,0.0,0.0,0.0
2007-12-07 00:00:00+08:00,1.4201593189424062,1.4201593189424062,1.3346075306236855,1.3859386444091797,6895000,0.0,0.0,0.0
2007-12-10 00:00:00+08:00,1.3944937914167415,1.4116041284180083,1.3517179489135742,1.3517179489135742,1871000,0.0,0.0,0.0
2007-12-11 00:00:00+08:00,1.385938622916108,1.3944937914167415,1.3431627804129407,1.3517179489135742,5944000,0.0,0.0,0.0
2007-12-12 00:00:00+08:00,1.3260524272918701,1.3517180364413484,1.317497258237264,1.3260524272918701,1442000,0.0,0.0,0.0
2007-12-13 00:00:00+08:00,1.3346073368153741,1.3346073368153741,1.300386667251587,1.300386667251587,2249000,0.0,0.0,0.0
2007-12-14 00:00:00+08:00,1.3431628473435797,1.3431628473435797,1.2918317317962646,1.2918317317962646,3325000,0.0,0.0,0.0
2007-12-17 00:00:00+08:00,1.2832764210355248,1.2832764210355248,1.2576109170913696,1.2576109170913696,2790000,0.0,0.0,0.0
2007-12-18 00:00:00+08:00,1.2405005811285994,1.2661660850727547,1.2233901431801824,1.2576109170913696,2198000,0.0,0.0,0.0
2007-12-19 00:00:00+08:00,1.2576105425831232,1.2576105425831232,1.2319450462819859,1.2405002117156982,397000,0.0,0.0,0.0
2007-12-21 00:00:00+08:00,1.2405005811285994,1.2576109170913696,1.2319454131472143,1.2576109170913696,2393000,0.0,0.0,0.0
2007-12-24 00:00:00+08:00,1.274721384048462,1.2832765529090027,1.2661662151879212,1.274721384048462,1025000,0.0,0.0,0.0
2007-12-26 00:00:00+08:00,1.283276357404135,1.3431626322900105,1.283276357404135,1.3346073627471924,2436000,0.0,0.0,0.0
2007-12-27 00:00:00+08:00,1.3260521694244274,1.3346073368153741,1.2918314998606402,1.300386667251587,1273000,0.0,0.0,0.0
2007-12-28 00:00:00+08:00,1.2661659976878,1.3089418346425337,1.2661659976878,1.300386667251587,965000,0.0,0.0,0.0
2007-12-31 00:00:00+08:00,1.3174970020334804,1.3174970020334804,1.2918314998606402,1.300386667251587,720000,0.0,0.0,0.0
2008-01-02 00:00:00+08:00,1.300386667251587,1.3174970020334804,1.2918314998606402,1.300386667251587,1265000,0.0,0.0,0.0
2008-01-03 00:00:00+08:00,1.2832763061874453,1.2918314734031773,1.2576108045402494,1.2661659717559814,1088000,0.0,0.0,0.0
2008-01-04 00:00:00+08:00,1.2918317317962646,1.317497238577093,1.2661662250154362,1.2918317317962646,2102000,0.0,0.0,0.0
2008-01-07 00:00:00+08:00,1.2747213686993377,1.2832765374568642,1.2405006936692313,1.2490558624267578,1577000,0.0,0.0,0.0
2008-01-08 00:00:00+08:00,1.2747211389717132,1.2832763061874453,1.2405004701087856,1.2661659717559814,1481000,0.0,0.0,0.0
2008-01-09 00:00:00+08:00,1.2405005811285994,1.2747212530541396,1.2405005811285994,1.2576109170913696,2047000,0.0,0.0,0.0
2008-01-10 00:00:00+08:00,1.2918317062143907,1.3003868749719174,1.2490558624267578,1.2490558624267578,2465000,0.0,0.0,0.0
2008-01-11 00:00:00+08:00,1.2661659717559814,1.2832763061874453,1.2490556373245174,1.2661659717559814,2709000,0.0,0.0,0.0
2008-01-14 00:00:00+08:00,1.2405005811285994,1.2747212530541396,1.2062798072174121,1.2576109170913696,3273000,0.0,0.0,0.0
2008-01-15 00:00:00+08:00,1.2576110207383526,1.2661661894248186,1.2148350753203678,1.231945514678955,2626000,0.0,0.0,0.0
2008-01-16 00:00:00+08:00,1.2148350368045155,1.2233902052197434,1.163504026313149,1.19772469997406,4202000,0.0,0.0,0.0
2008-01-17 00:00:00+08:00,1.2062798845362737,1.2490558291706535,1.1977247160065283,1.2233902215957642,5665000,0.0,0.0,0.0
2008-01-18 00:00:00+08:00,1.197724593207355,1.2405005334560437,1.197724593207355,1.2148349285125732,2146000,0.0,0.0,0.0
2008-01-21 00:00:00+08:00,1.240500644035851,1.240500644035851,1.1549488578979212,1.19772469997406,1835000,0.0,0.0,0.0
2008-01-22 00:00:00+08:00,1.1549488852881593,1.1891695597606322,1.0266212540307316,1.077952265739441,4935000,0.0,0.0,0.0
2008-01-23 00:00:00+08:00,1.1549490611164268,1.189169740798621,1.1121731095280138,1.1378387212753296,3333000,0.0,0.0,0.0
2008-01-24 00:00:00+08:00,1.1806144714355469,1.2062799790354006,1.1549489638356931,1.1806144714355469,3116000,0.0,0.0,0.0
2008-01-25 00:00:00+08:00,1.2062798738479614,1.2319454811954391,1.1891695369400779,1.2062798738479614,2139000,0.0,0.0,0.0
2008-01-28 00:00:00+08:00,1.1891695315588324,1.19772469997406,1.163504026313149,1.19772469997406,1233000,0.0,0.0,0.0
2008-01-29 00:00:00+08:00,1.2319454756206234,1.240500644035851,1.1806143631436046,1.19772469997406,1381000,0.0,0.0,0.0
2008-01-30 00:00:00+08:00,1.1720594009575238,1.1977249107191694,1.1207282794485625,1.1378387212753296,618000,0.0,0.0,0.0
2008-01-31 00:00:00+08:00,1.1549486595313374,1.1549486595313374,1.077952055033079,1.1121727228164673,1640000,0.0,0.0,0.0
2008-02-01 00:00:00+08:00,1.1378387212753296,1.1463938911958782,1.1036179396074652,1.1378387212753296,1140000,0.0,0.0,0.0
2008-02-04 00:00:00+08:00,1.1549489450003718,1.1549489450003718,1.137838606879511,1.1463937759399414,775000,0.0,0.0,0.0
2008-02-05 00:00:00+08:00,1.1292834378190806,1.1549489450003718,1.1292834378190806,1.1463937759399414,799000,0.0,0.0,0.0
2008-02-06 00:00:00+08:00,1.1121731095280138,1.1378387212753296,1.1121731095280138,1.1378387212753296,327000,0.0,0.0,0.0
2008-02-11 00:00:00+08:00,1.1378383894408468,1.1806142265686213,1.1378383894408468,1.1720590591430664,870000,0.0,0.0,0.0
2008-02-12 00:00:00+08:00,1.1806142265686213,1.206279728845286,1.1635038917175116,1.1720590591430664,760000,0.0,0.0,0.0
2008-02-13 00:00:00+08:00,1.1891693939941763,1.1891693939941763,1.1720590591430664,1.1720590591430664,1017000,0.0,0.0,0.0
2008-02-14 00:00:00+08:00,1.1891696406354981,1.1977248098354494,1.1549489638356931,1.1806144714355469,433000,0.0,0.0,0.0
2008-02-15 00:00:00+08:00,1.1891695315588324,1.19772469997406,1.1806143631436046,1.19772469997406,232000,0.0,0.0,0.0
2008-02-18 00:00:00+08:00,1.197724737947436,1.2405006833654209,1.1720592318880383,1.231945514678955,1486000,0.0,0.0,0.0
2008-02-19 00:00:00+08:00,1.2576109865572642,1.266166155011206,1.1977247053940197,1.2062798738479614,1553000,0.0,0.0,0.0
2008-02-20 00:00:00+08:00,1.2233902052197434,1.2233902052197434,1.1891695315588324,1.19772469997406,942000,0.0,0.0,0.0
2008-02-21 00:00:00+08:00,1.2062799790354006,1.2062799790354006,1.1720593022355956,1.1806144714355469,887000,0.0,0.0,0.0
2008-02-22 00:00:00+08:00,1.1891695261001587,1.1891695261001587,1.172059189348245,1.1891695261001587,407000,0.0,0.0,0.0
2008-02-25 00:00:00+08:00,1.1977248098354494,1.1977248098354494,1.1549489638356931,1.1806144714355469,1981000,0.0,0.0,0.0
2008-02-26 00:00:00+08:00,1.189169740798621,1.189169740798621,1.1121731095280138,1.1378387212753296,2140000,0.0,0.0,0.0
2008-02-27 00:00:00+08:00,1.1720589934230317,1.1720589934230317,1.1036175558706203,1.1121727228164673,2281000,0.0,0.0,0.0
2008-02-28 00:00:00+08:00,1.0693970755812283,1.0693970755812283,1.0266212333522402,1.0437315702438354,3587000,0.0,0.0,0.0
2008-02-29 00:00:00+08:00,1.0095108601331935,1.0095108601331935,0.9667350151220808,0.9838453531265259,5836000,0.0,0.0,0.0
2008-03-03 00:00:00+08:00,0.9410695081154131,0.9838453531265259,0.9325143391131906,0.9838453531265259,850000,0.0,0.0,0.0
2008-03-04 00:00:00+08:00,0.9752902158922028,0.9752902158922028,0.9068487596594358,0.9325143694877625,2070000,0.0,0.0,0.0
2008-03-05 00:00:00+08:00,0.9154038056059557,0.9154038056059557,0.8897382020950317,0.8897382020950317,2141000,0.0,0.0,0.0
2008-03-06 00:00:00+08:00,0.8982934475521122,0.8982934475521122,0.8127417173529136,0.8298521041870117,4830000,0.0,0.0,0.0
2008-03-07 00:00:00+08:00,0.7742433344079862,0.7785209689395255,0.7400226660982168,0.7485778331756592,4410000,0.0,0.0,0.0
2008-03-10 00:00:00+08:00,0.7229127287864685,0.7314679005602747,0.6886919906983976,0.7229127287864685,3630000,0.0,0.0,0.0
2008-03-11 00:00:00+08:00,0.7315183780211133,0.7874580150723977,0.7272153329630409,0.7745488286018372,8609000,0.005,0.0,0.0
2008-03-12 00:00:00+08:00,0.8261856078068884,0.843397843235776,0.8046703776412227,0.813276469707489,3524000,0.0,0.0,0.0
2008-03-13 00:00:00+08:00,0.8132763152218477,0.8132763152218477,0.7487305856892589,0.7573366761207581,1630000,0.0,0.0,0.0
2008-03-14 00:00:00+08:00,0.774548984508268,0.7917612195014954,0.7659428926598312,0.7917612195014954,1476000,0.0,0.0,0.0
2008-03-17 00:00:00+08:00,0.7573366761207581,0.7573366761207581,0.7315184048262606,0.7573366761207581,878000,0.0,0.0,0.0
2008-03-18 00:00:00+08:00,0.7573368500920556,0.7960643172264099,0.7057002443450356,0.7960643172264099,1856000,0.0,0.0,0.0
2008-03-19 00:00:00+08:00,0.8390948743533004,0.8390948743533004,0.7702460289001465,0.7702460289001465,2297000,0.0,0.0,0.0
2008-03-20 00:00:00+08:00,0.76163969342762,0.7874580150723977,0.7487305582534028,0.7745488286018372,1685000,0.0,0.0,0.0
2008-03-24 00:00:00+08:00,0.7788519202446963,0.787458062171936,0.7745488749292496,0.787458062171936,932000,0.0,0.0,0.0
2008-03-25 00:00:00+08:00,0.8046704706257083,0.8347918476347006,0.8003674240953325,0.8261857032775879,3796000,0.0,0.0,0.0
2008-03-26 00:00:00+08:00,0.8132763674393463,0.89503428308431,0.8132763674393463,0.8778221011161804,4834000,0.0,0.0,0.0
2008-03-27 00:00:00+08:00,0.860609919148051,0.8778221011161804,0.8477007826719538,0.8778221011161804,3976000,0.0,0.0,0.0
2008-03-28 00:00:00+08:00,0.8692160124953375,0.9466709341552014,0.8520038304804115,0.9208526611328125,5509000,0.0,0.0,0.0
2008-03-31 00:00:00+08:00,0.886428345257471,0.8950344377284978,0.8606100678443909,0.8606100678443909,1667000,0.0,0.0,0.0
2008-04-01 00:00:00+08:00,0.8778222527864443,0.8950344377284978,0.8477009291378508,0.8606100678443909,3006000,0.0,0.0,0.0
2008-04-02 00:00:00+08:00,0.9036403740683747,0.9208526586292012,0.8778221011161804,0.8778221011161804,3168000,0.0,0.0,0.0
2008-04-03 00:00:00+08:00,0.8778219870121005,0.9208525389317759,0.8778219870121005,0.9122463464736938,1979000,0.0,0.0,0.0
2008-04-04 00:00:00+08:00,0.9122465104765362,0.9724892529573933,0.9122465104765362,0.9638831615447998,2554000,0.0,0.0,0.0
2008-04-07 00:00:00+08:00,0.9724890546879074,1.0241256952285767,0.9638829650299093,1.0241256952285767,2378000,0.0,0.0,0.0
2008-04-08 00:00:00+08:00,1.0241256952285767,1.101580502150559,0.9983073236619014,1.0241256952285767,3553000,0.0,0.0,0.0
2008-04-09 00:00:00+08:00,1.0069134133198994,1.0413378745445727,0.9897012340039034,1.0241256952285767,2746000,0.0,0.0,0.0
2008-04-10 00:00:00+08:00,1.0155196460806752,1.0155196460806752,0.9036403621684593,0.929458737373352,2221000,0.0,0.0,0.0
2008-04-11 00:00:00+08:00,0.9294589427286731,0.9552772210451789,0.9294589427286731,0.9466711282730103,953000,0.0,0.0,0.0
2008-04-14 00:00:00+08:00,0.9208525528161571,0.9380647328064746,0.8950341802379954,0.9036402702331543,1011000,0.0,0.0,0.0
2008-04-15 00:00:00+08:00,0.9036403765251894,0.9208526611328126,0.9036403765251894,0.9208526611328125,1048000,0.0,0.0,0.0
2008-04-16 00:00:00+08:00,0.9466709341552014,0.9466709341552014,0.9208526611328126,0.9208526611328125,877000,0.0,0.0,0.0
2008-04-17 00:00:00+08:00,0.9380649346331453,0.9380649346331453,0.8950343728065491,0.8950343728065491,1045000,0.0,0.0,0.0
2008-04-18 00:00:00+08:00,0.89503428308431,0.9036403740683747,0.8692160101321157,0.8778221011161804,892000,0.0,0.0,0.0
2008-04-21 00:00:00+08:00,0.9036402566082955,0.9294586287971742,0.9036402566082955,0.9122463464736938,1395000,0.0,0.0,0.0
2008-04-22 00:00:00+08:00,0.9294589427286731,0.9552772210451789,0.903640561819449,0.9466711282730103,3623000,0.0,0.0,0.0
2008-04-23 00:00:00+08:00,0.9380650355008416,0.9983076849060218,0.9380650355008416,0.9466711282730103,3533000,0.0,0.0,0.0
2008-04-24 00:00:00+08:00,0.9810955094600241,1.0069137880422754,0.9638833237385233,0.9724894165992737,4041000,0.0,0.0,0.0
2008-04-25 00:00:00+08:00,0.972489406589516,0.9810954993616846,0.9294589427286731,0.9466711282730103,1569000,0.0,0.0,0.0
2008-04-28 00:00:00+08:00,0.9466710246533537,0.963883208313699,0.9208527491628359,0.9380649328231812,1096000,0.0,0.0,0.0
2008-04-29 00:00:00+08:00,0.9466711118903146,0.9552772045135498,0.9208528340206092,0.9552772045135498,926000,0.0,0.0,0.0
2008-04-30 00:00:00+08:00,0.9552768983933693,0.9724890781241659,0.9036402566082955,0.9122463464736938,2229000,0.0,0.0,0.0
2008-05-02 00:00:00+08:00,0.9294588409930085,0.9552771164835263,0.9208527491628359,0.9380649328231812,1922000,0.0,0.0,0.0
2008-05-05 00:00:00+08:00,0.9466709787196126,0.9724892529573933,0.9380648873070191,0.9638831615447998,1761000,0.0,0.0,0.0
2008-05-06 00:00:00+08:00,0.9466711380170224,0.9897016023207745,0.9294589522955214,0.9724894165992737,2454000,0.0,0.0,0.0
2008-05-07 00:00:00+08:00,0.972489406589516,0.9810954993616846,0.9380650355008416,0.9466711282730103,1683000,0.0,0.0,0.0
2008-05-08 00:00:00+08:00,0.9466710246533537,0.9466710246533537,0.9208527491628359,0.9380649328231812,1525000,0.0,0.0,0.0
2008-05-09 00:00:00+08:00,0.9380647328064746,0.9380647328064746,0.8950341802379954,0.9036402702331543,3230000,0.0,0.0,0.0
2008-05-12 00:00:00+08:00,0.8864280768774988,0.9122463464736938,0.8864280768774988,0.9122463464736938,1113000,0.0,0.0,0.0
2008-05-13 00:00:00+08:00,0.9122465565001047,0.9122465565001047,0.8950343728065491,0.8950343728065491,1513000,0.0,0.0,0.0
2008-05-14 00:00:00+08:00,0.8864282809597712,0.9036404646533268,0.8864282809597712,0.8950343728065491,1398000,0.0,0.0,0.0
2008-05-15 00:00:00+08:00,0.9122465565001047,0.9122465565001047,0.8950343728065491,0.8950343728065491,1282000,0.0,0.0,0.0
2008-05-16 00:00:00+08:00,0.8950341802379954,0.9552769127967922,0.8950341802379954,0.9036402702331543,7371000,0.0,0.0,0.0
2008-05-20 00:00:00+08:00,0.9122465565001047,0.9208527509395897,0.8864282809597712,0.8950343728065491,2384000,0.0,0.0,0.0
2008-05-21 00:00:00+08:00,0.8864283287055884,0.8950344210159175,0.8606100517746015,0.8692161440849304,2397000,0.0,0.0,0.0
2008-05-22 00:00:00+08:00,0.8692161440849304,0.8778222363952595,0.8606100517746015,0.8692161440849304,1347000,0.0,0.0,0.0
2008-05-23 00:00:00+08:00,0.8692160709115443,0.877822162497385,0.8433977961540222,0.8433977961540222,1513000,0.0,0.0,0.0
2008-05-26 00:00:00+08:00,0.8433979406954524,0.8477009872258283,0.821882656747212,0.8261857032775879,1366000,0.0,0.0,0.0
2008-05-27 00:00:00+08:00,0.8347917045681815,0.8606099793257036,0.8347917045681815,0.8433977961540222,1462000,0.0,0.0,0.0
2008-05-28 00:00:00+08:00,0.8520037209007457,0.8563067658510451,0.8347915410995483,0.8347915410995483,809000,0.0,0.0,0.0
2008-05-29 00:00:00+08:00,0.8477009534835815,0.8563070462017728,0.8304887167508401,0.8477009534835815,1160000,0.0,0.0,0.0
2008-05-30 00:00:00+08:00,0.8606098108013445,0.8606098108013445,0.8304884448529068,0.8347915410995483,2037000,0.0,0.0,0.0
2008-06-02 00:00:00+08:00,0.8347917675876438,0.8390948137054064,0.8003673473491869,0.8046703934669495,3397000,0.0,0.0,0.0
2008-06-03 00:00:00+08:00,0.8046702000170931,0.8046702000170931,0.7916916608810425,0.7916916608810425,3859000,0.005,0.0,0.0
2008-06-04 00:00:00+08:00,0.796018096785915,0.800344277890283,0.787365734577179,0.787365734577179,2329000,0.0,0.0,0.0
2008-06-05 00:00:00+08:00,0.7916916608810425,0.7960178405930594,0.7830392498848785,0.7916916608810425,394000,0.0,0.0,0.0
2008-06-06 00:00:00+08:00,0.7960178405930594,0.8003440203050762,0.7916916608810425,0.7916916608810425,1718000,0.0,0.0,0.0
2008-06-09 00:00:00+08:00,0.7787131823263633,0.7787131823263633,0.7700608216561806,0.774387001991272,6105000,0.0,0.0,0.0
2008-06-10 00:00:00+08:00,0.7787131083102181,0.7787131083102181,0.7614083886146545,0.7614083886146545,896000,0.0,0.0,0.0
2008-06-11 00:00:00+08:00,0.7700608216561806,0.774387001991272,0.7657346413210894,0.774387001991272,649000,0.0,0.0,0.0
2008-06-12 00:00:00+08:00,0.7700607107488279,0.8046702000170931,0.765734531036811,0.7916916608810425,1659000,0.0,0.0,0.0
2008-06-13 00:00:00+08:00,0.7960180002084641,0.7960180002084641,0.7787132263183594,0.7787132263183594,869000,0.0,0.0,0.0
2008-06-16 00:00:00+08:00,0.787365734577179,0.787365734577179,0.7743871396919281,0.787365734577179,401000,0.0,0.0,0.0
2008-06-17 00:00:00+08:00,0.7873655945686835,0.7873655945686835,0.7657346413210894,0.774387001991272,482000,0.0,0.0,0.0
2008-06-18 00:00:00+08:00,0.7657346413210894,0.7960179552388661,0.7657346413210894,0.774387001991272,1064000,0.0,0.0,0.0
2008-06-19 00:00:00+08:00,0.7743870776311341,0.7787132583887941,0.7441038123275142,0.7700608968734741,1007000,0.0,0.0,0.0
2008-06-20 00:00:00+08:00,0.7787132698242565,0.7830394506454468,0.7657347273606857,0.7830394506454468,573000,0.0,0.0,0.0
2008-06-23 00:00:00+08:00,0.7657346725463867,0.7787132140809025,0.7657346725463867,0.7657346725463867,468000,0.0,0.0,0.0
2008-06-24 00:00:00+08:00,0.7700607484624363,0.7743869283863273,0.7527560287668728,0.7614083886146545,505000,0.0,0.0,0.0
2008-06-25 00:00:00+08:00,0.7657347682042644,0.7657347682042644,0.7224729061126709,0.7224729061126709,3110000,0.0,0.0,0.0
2008-06-26 00:00:00+08:00,0.7311252901503364,0.7527561945331861,0.7311252901503364,0.7484300136566162,1096000,0.0,0.0,0.0
2008-06-27 00:00:00+08:00,0.7267989963706997,0.7787132140809025,0.7267989963706997,0.7657346725463867,1070000,0.0,0.0,0.0
2008-06-30 00:00:00+08:00,0.7570823546004942,0.7830394391464541,0.7311252700545343,0.7700608968734741,1209000,0.0,0.0,0.0
2008-07-01 00:00:00+08:00,0.7700607484624363,0.7743869283863273,0.7570822086907637,0.7614083886146545,333000,0.0,0.0,0.0
2008-07-02 00:00:00+08:00,0.7614084508345345,0.7614084508345345,0.7311251888926462,0.744103729724884,880000,0.0,0.0,0.0
2008-07-03 00:00:00+08:00,0.7397775759140153,0.7441037563462028,0.7181466221809387,0.7181466221809387,292000,0.0,0.0,0.0
2008-07-04 00:00:00+08:00,0.7267990871646157,0.7354515008406513,0.7181467250607262,0.7224729061126709,416000,0.0,0.0,0.0
2008-07-07 00:00:00+08:00,0.7354513846340641,0.7527561061075732,0.7354513846340641,0.7397775650024414,652000,0.0,0.0,0.0
2008-07-08 00:00:00+08:00,0.7484298810047445,0.7484298810047445,0.709494208444438,0.735451340675354,508000,0.0,0.0,0.0
2008-07-09 00:00:00+08:00,0.7441036989725293,0.7570822392683894,0.7397775188739093,0.7527560591697693,1840000,0.0,0.0,0.0
2008-07-10 00:00:00+08:00,0.7527561428414129,0.7787132263183594,0.7441037816824309,0.7787132263183594,1457000,0.0,0.0,0.0
2008-07-11 00:00:00+08:00,0.7787131823263633,0.7873655945686835,0.7700608216561806,0.774387001991272,1979000,0.0,0.0,0.0
2008-07-14 00:00:00+08:00,0.7700608530578921,0.7700608530578921,0.7614084920348815,0.7657346725463867,517000,0.0,0.0,0.0
2008-07-15 00:00:00+08:00,0.7441037453708187,0.7441037453708187,0.731125204265687,0.7397775650024414,989000,0.0,0.0,0.0
2008-07-16 00:00:00+08:00,0.7267989830453139,0.7354513954818277,0.7094942613165636,0.7181466221809387,1070000,0.0,0.0,0.0
2008-07-17 00:00:00+08:00,0.7311253197887065,0.7397776818925961,0.7224729061126709,0.7224729061126709,808000,0.0,0.0,0.0
2008-07-18 00:00:00+08:00,0.7354513954818277,0.7354513954818277,0.696515720020001,0.7181466221809387,1064000,0.0,0.0,0.0
2008-07-21 00:00:00+08:00,0.7181466539835928,0.726799015231132,0.7094942927360535,0.7094942927360535,667000,0.0,0.0,0.0
2008-07-22 00:00:00+08:00,0.7267990626838307,0.7311252951622009,0.7224728817776047,0.7311252951622009,1823000,0.0,0.0,0.0
2008-07-23 00:00:00+08:00,0.7224727487738285,0.735451340675354,0.7138203885542348,0.735451340675354,2390000,0.0,0.0,0.0
2008-07-24 00:00:00+08:00,0.7441037105890936,0.7484298907552518,0.7138203978538513,0.7138203978538513,3306000,0.0,0.0,0.0
2008-07-25 00:00:00+08:00,0.709494329898989,0.709494329898989,0.6705586506734911,0.6835372447967529,3259000,0.0,0.0,0.0
2008-07-28 00:00:00+08:00,0.6835373197766883,0.6835373197766883,0.661906361579895,0.661906361579895,2552000,0.0,0.0,0.0
2008-07-29 00:00:00+08:00,0.6532538563494085,0.6532538563494085,0.6229705936845988,0.6359491348266602,3353000,0.0,0.0,0.0
2008-07-30 00:00:00+08:00,0.6446015067673064,0.6489276872230221,0.6143181920051575,0.6143181920051575,2349000,0.0,0.0,0.0
2008-07-31 00:00:00+08:00,0.6143181536482046,0.6272967457771301,0.5926872527202218,0.6272967457771301,3770000,0.0,0.0,0.0
2008-08-01 00:00:00+08:00,0.6229705936845988,0.6402753152073473,0.6056658205897124,0.6359491348266602,1801000,0.0,0.0,0.0
2008-08-04 00:00:00+08:00,0.6402753310800879,0.6532538725438937,0.6272967896162823,0.6316229701042175,8181000,0.0,0.0,0.0
2008-08-05 00:00:00+08:00,0.6359491622586497,0.6359491622586497,0.6013396661481166,0.6099920272827148,3026000,0.0,0.0,0.0
2008-08-06 00:00:00+08:00,0.6229705618742658,0.6229705618742658,0.5883610690238725,0.5926872491836548,3449000,0.0,0.0,0.0
2008-08-07 00:00:00+08:00,0.5926872647345042,0.5926872647345042,0.5797087239146282,0.5883610844612122,1303000,0.0,0.0,0.0
2008-08-08 00:00:00+08:00,0.5926872491836548,0.5970134293434369,0.5883610690238725,0.5926872491836548,977000,0.0,0.0,0.0
2008-08-11 00:00:00+08:00,0.6013394615326779,0.6056656406279248,0.5624037981033325,0.5624037981033325,2478000,0.0,0.0,0.0
2008-08-12 00:00:00+08:00,0.5797089011762848,0.6186445355415344,0.5710565379840071,0.6186445355415344,5600000,0.0,0.0,0.0
2008-08-13 00:00:00+08:00,0.6186442365730992,0.6186442365730992,0.5753824415185752,0.58403480052948,1972000,0.0,0.0,0.0
2008-08-14 00:00:00+08:00,0.5883610844612122,0.5883610844612122,0.5710563633680443,0.5883610844612122,750000,0.0,0.0,0.0
2008-08-15 00:00:00+08:00,0.5883610844612122,0.5926872647345042,0.5797087239146282,0.5883610844612122,534000,0.0,0.0,0.0
2008-08-18 00:00:00+08:00,0.5883609950385839,0.5883609950385839,0.5624038657718152,0.5797086358070374,864000,0.0,0.0,0.0
2008-08-19 00:00:00+08:00,0.5710564055454165,0.5753825861382337,0.5494254510091898,0.5580778121948242,525000,0.0,0.0,0.0
2008-08-20 00:00:00+08:00,0.5364470313321931,0.5494255760647093,0.5321208497546878,0.5407732129096985,2021000,0.0,0.0,0.0
2008-08-21 00:00:00+08:00,0.5450992784904805,0.5450992784904805,0.5104897816631602,0.5234683752059937,1900000,0.0,0.0,0.0
2008-08-22 00:00:00+08:00,0.5104897037156184,0.5191421152804031,0.49318498373031616,0.49318498373031616,1096000,0.0,0.0,0.0
2008-08-25 00:00:00+08:00,0.49751110964214135,0.49751110964214135,0.44992308328372743,0.4542492628097534,2799000,0.0,0.0,0.0
2008-08-26 00:00:00+08:00,0.44559700879285413,0.44559700879285413,0.4369446477012865,0.4412708282470703,3205000,0.0,0.0,0.0
2008-08-27 00:00:00+08:00,0.4369445893633994,0.44559694929976246,0.4326184093952179,0.4326184093952179,2177000,0.0,0.0,0.0
2008-08-28 00:00:00+08:00,0.43694464591012916,0.46290178065056664,0.43694464591012916,0.44992318749427795,6806000,0.0,0.0,0.0
2008-08-29 00:00:00+08:00,0.4585754423357794,0.46290167343393335,0.44992308328372743,0.4542492628097534,5742000,0.0,0.0,0.0
2008-09-01 00:00:00+08:00,0.44992320345333725,0.45424938413483923,0.4455970227718353,0.4455970227718353,4176000,0.0,0.0,0.0
2008-09-02 00:00:00+08:00,0.45433419942855835,0.45870279349400606,0.4499656053631106,0.45433419942855835,4302000,0.005,0.0,0.0
2008-09-03 00:00:00+08:00,0.4543342324948116,0.4543342324948116,0.441228449344635,0.441228449344635,2038000,0.0,0.0,0.0
2008-09-04 00:00:00+08:00,0.44122839885084325,0.44122839885084325,0.40191102786088256,0.4193854033946991,7286000,0.0,0.0,0.0
2008-09-05 00:00:00+08:00,0.39754241560266984,0.39754241560266984,0.3713308274745941,0.3713308274745941,5774000,0.0,0.0,0.0
2008-09-08 00:00:00+08:00,0.38880522173569493,0.38880522173569493,0.36696222619168284,0.3800680339336395,8727000,0.0,0.0,0.0
2008-09-09 00:00:00+08:00,0.37569942115612803,0.38006801483766195,0.3669622077541879,0.3713308274745941,4044000,0.0,0.0,0.0
2008-09-10 00:00:00+08:00,0.3625935714721513,0.3713307838475712,0.358224978303876,0.36696216464042664,5840000,0.0,0.0,0.0
2008-09-11 00:00:00+08:00,0.3582250807575527,0.3582250807575527,0.3363820826301299,0.34511929750442505,6359000,0.0,0.0,0.0
2008-09-12 00:00:00+08:00,0.34948789192213425,0.34948789192213425,0.3320134882124207,0.34511929750442505,2504000,0.0,0.0,0.0
2008-09-15 00:00:00+08:00,0.3363820119820957,0.3451192250213732,0.3232762314814863,0.32764482498168945,2845000,0.0,0.0,0.0
2008-09-16 00:00:00+08:00,0.3232762119367199,0.34075058488105964,0.318907618700635,0.33201339840888977,5211000,0.0,0.0,0.0
2008-09-17 00:00:00+08:00,0.34511925458353837,0.3669622239555753,0.33638204079585016,0.34075063467025757,3488000,0.0,0.0,0.0
2008-09-18 00:00:00+08:00,0.3363820050572976,0.3538564047372514,0.32764481823675606,0.3494878113269806,5612000,0.0,0.0,0.0
2008-09-19 00:00:00+08:00,0.366962224495968,0.40191102762043995,0.36259363061512734,0.39317381381988525,8342000,0.0,0.0,0.0
2008-09-22 00:00:00+08:00,0.4062796958162257,0.41501688517607627,0.39317388573757156,0.3975425064563751,6380000,0.0,0.0,0.0
2008-09-23 00:00:00+08:00,0.38880522173569493,0.38880522173569493,0.3713308461315842,0.3800680339336395,2154000,0.0,0.0,0.0
2008-09-24 00:00:00+08:00,0.3756994200240983,0.3975424144048244,0.3756994200240983,0.38443660736083984,3281000,0.0,0.0,0.0
2008-09-25 00:00:00+08:00,0.38443662783466725,0.38880522173569493,0.37569944003261185,0.3800680339336395,777000,0.0,0.0,0.0
2008-09-26 00:00:00+08:00,0.3888052701950073,0.3931738646405212,0.3756994868584658,0.3888052701950073,3809000,0.0,0.0,0.0
2008-09-29 00:00:00+08:00,0.39317377468586895,0.39754239417075843,0.3713308074557758,0.37569940090179443,1897000,0.0,0.0,0.0
2008-09-30 00:00:00+08:00,0.3451192743208833,0.37133086510523994,0.3407506541577614,0.3625936508178711,804000,0.0,0.0,0.0
2008-10-02 00:00:00+08:00,0.3669622077541879,0.38443660851919587,0.36259361407265406,0.3713308274745941,931000,0.0,0.0,0.0
2008-10-03 00:00:00+08:00,0.3625935714721513,0.3756993770158465,0.3625935714721513,0.36696216464042664,672000,0.0,0.0,0.0
2008-10-06 00:00:00+08:00,0.37133089004955705,0.37133089004955705,0.3320134882124207,0.34511929750442505,2255000,0.0,0.0,0.0
2008-10-07 00:00:00+08:00,0.32327629937700225,0.34948789192213425,0.32327629937700225,0.34511929750442505,1863000,0.0,0.0,0.0
2008-10-08 00:00:00+08:00,0.3276449194080412,0.3276449194080412,0.28832754053618287,0.3014333248138428,4195000,0.0,0.0,0.0
2008-10-09 00:00:00+08:00,0.30143327509615336,0.30143327509615336,0.27085309078655806,0.27959027886390686,1933000,0.0,0.0,0.0
2008-10-10 00:00:00+08:00,0.26211594307118996,0.26648453778256337,0.2533787276095647,0.2577473223209381,1800000,0.0,0.0,0.0
2008-10-13 00:00:00+08:00,0.24901014252269243,0.3058019280433655,0.24901014252269243,0.3058019280433655,4461000,0.0,0.0,0.0
2008-10-14 00:00:00+08:00,0.3276448937947115,0.3582250807575527,0.3276448937947115,0.34511929750442505,6593000,0.0,0.0,0.0
2008-10-15 00:00:00+08:00,0.3320134469214428,0.3844366254920783,0.3320134469214428,0.34075063467025757,6121000,0.0,0.0,0.0
2008-10-16 00:00:00+08:00,0.3145391438426932,0.3363821182438141,0.29706473828291713,0.3058019280433655,2967000,0.0,0.0,0.0
2008-10-17 00:00:00+08:00,0.3145390748977661,0.3276448566657362,0.30580186101357903,0.3145390748977661,6500000,0.0,0.0,0.0
2008-10-20 00:00:00+08:00,0.3058018314418026,0.32764482498168945,0.3058018314418026,0.32764482498168945,1491000,0.0,0.0,0.0
2008-10-21 00:00:00+08:00,0.32764480517280486,0.3669621703364388,0.318907618700635,0.33201339840888977,3518000,0.0,0.0,0.0
2008-10-22 00:00:00+08:00,0.33201346970519824,0.33638206387939157,0.31453909300842475,0.3232762813568115,961000,0.0,0.0,0.0
2008-10-23 00:00:00+08:00,0.31453913992101495,0.31453913992101495,0.26211594993417914,0.28832754492759705,4028000,0.0,0.0,0.0
2008-10-24 00:00:00+08:00,0.28395897388016367,0.28395897388016367,0.24464158751171164,0.2533787786960602,3198000,0.0,0.0,0.0
2008-10-27 00:00:00+08:00,0.2533787786960602,0.2533787786960602,0.2533787786960602,0.2533787786960602,0,0.0,0.0,0.0
2008-10-29 00:00:00+08:00,0.26648447748322324,0.2708530712060839,0.24027288910718697,0.2446414828300476,8239000,0.0,0.0,0.0
2008-10-30 00:00:00+08:00,0.24464154459227416,0.30143332940486645,0.2271671392503692,0.28832754492759705,10539000,0.0,0.0,0.0
2008-10-31 00:00:00+08:00,0.29269607724441,0.3145390727472239,0.2708530817415961,0.27522167563438416,8206000,0.0,0.0,0.0
2008-11-03 00:00:00+08:00,0.28832754053618287,0.30580191957306274,0.28832754053618287,0.3014333248138428,6713000,0.0,0.0,0.0
2008-11-04 00:00:00+08:00,0.30143325438878515,0.3494878375907775,0.27959025965707296,0.310170441865921,24319000,0.0,0.0,0.0
2008-11-05 00:00:00+08:00,0.3320135233635899,0.34075071312403826,0.3058019280433655,0.3058019280433655,6508000,0.0,0.0,0.0
2008-11-06 00:00:00+08:00,0.3014333248138428,0.31017051433228265,0.28832754053618287,0.3014333248138428,1575000,0.0,0.0,0.0
2008-11-07 00:00:00+08:00,0.28395885339564086,0.31453906164336154,0.28395885339564086,0.310170441865921,4062000,0.0,0.0,0.0
2008-11-10 00:00:00+08:00,0.336382007809885,0.37569940090179443,0.32764482091784775,0.37569940090179443,20947000,0.0,0.0,0.0
2008-11-11 00:00:00+08:00,0.37133089270227515,0.44122845596271104,0.36696227221448063,0.40191107988357544,32761000,0.0,0.0,0.0
2008-11-12 00:00:00+08:00,0.41501682073962354,0.43249122278508767,0.4106482267379761,0.4106482267379761,9492000,0.0,0.0,0.0
2008-11-13 00:00:00+08:00,0.4019110294776516,0.4150168111807347,0.36696222619168284,0.3800680339336395,6819000,0.0,0.0,0.0
2008-11-14 00:00:00+08:00,0.3975424144048244,0.40627960174156597,0.38006801369246906,0.38443660736083984,3795000,0.0,0.0,0.0
2008-11-17 00:00:00+08:00,0.3844365997574176,0.406279593706131,0.3844365997574176,0.406279593706131,5315000,0.0,0.0,0.0
2008-11-18 00:00:00+08:00,0.40191100928420376,0.4106481966472716,0.3669622077541879,0.3713308274745941,9082000,0.0,0.0,0.0
2008-11-19 00:00:00+08:00,0.37569940090179443,0.39317377468586895,0.3669621879708863,0.37569940090179443,6263000,0.0,0.0,0.0
2008-11-20 00:00:00+08:00,0.36696216464042664,0.3800679701841218,0.3494877919673254,0.36696216464042664,8296000,0.0,0.0,0.0
2008-11-21 00:00:00+08:00,0.358225001078849,0.3800679943478131,0.3538564076328304,0.37569940090179443,7525000,0.0,0.0,0.0
2008-11-24 00:00:00+08:00,0.3800680978140563,0.3800680978140563,0.3494879093281858,0.35385650396347046,6350000,0.0,0.0,0.0
2008-11-25 00:00:00+08:00,0.36696229667317787,0.38006810693233345,0.35822510719299316,0.35822510719299316,14376000,0.0,0.0,0.0
2008-11-26 00:00:00+08:00,0.3670701069477418,0.3803377151489258,0.3626475796674611,0.3803377151489258,7379000,0.005,0.0,0.0
2008-11-27 00:00:00+08:00,0.4024503928614784,0.43783063877842215,0.39360531161198525,0.43340811133384705,28402000,0.0,0.0,0.0
2008-11-28 00:00:00+08:00,0.4289855557030464,0.4378306100110379,0.3980278129043939,0.42014047503471375,17218000,0.0,0.0,0.0
2008-12-01 00:00:00+08:00,0.41129542072672226,0.4378306100110379,0.41129542072672226,0.42014047503471375,8324000,0.0,0.0,0.0
2008-12-02 00:00:00+08:00,0.40245041463218006,0.4510982455144713,0.40245041463218006,0.44667571783065796,16673000,0.0,0.0,0.0
2008-12-03 00:00:00+08:00,0.45552085943275866,0.47763355475865965,0.45552085943275866,0.4687884449958801,15619000,0.0,0.0,0.0
2008-12-04 00:00:00+08:00,0.47763341665267944,0.5041685801063756,0.47321088941039674,0.47763341665267944,17666000,0.0,0.0,0.0
2008-12-05 00:00:00+08:00,0.4776335232632742,0.49532363618094155,0.46878841408374544,0.48205605149269104,9680000,0.0,0.0,0.0
2008-12-09 00:00:00+08:00,0.5041685104370117,0.5262811963134302,0.5041685104370117,0.5041685104370117,15482000,0.0,0.0,0.0
2008-12-10 00:00:00+08:00,0.504168822195382,0.5218589396588559,0.49090123409777664,0.49974629282951355,13377000,0.0,0.0,0.0
2008-12-11 00:00:00+08:00,0.49532343984810523,0.499745966324552,0.4555206488394101,0.45994317531585693,11006000,0.0,0.0,0.0
2008-12-12 00:00:00+08:00,0.4732109116118797,0.4909010214109716,0.4466756941925561,0.45552074909210205,14549000,0.0,0.0,0.0
2008-12-15 00:00:00+08:00,0.4732109116118797,0.4776334390616527,0.4510982216423291,0.45552074909210205,13477000,0.0,0.0,0.0
2008-12-16 00:00:00+08:00,0.4510982036590576,0.45994325820599075,0.43340809456519147,0.4510982036590576,10629000,0.0,0.0,0.0
2008-12-17 00:00:00+08:00,0.45994325820599075,0.4687883127529238,0.4510982036590576,0.4510982036590576,23447000,0.0,0.0,0.0
2008-12-18 00:00:00+08:00,0.45552072422018597,0.45994325142848425,0.4289855609703963,0.44225314259529114,12965000,0.0,0.0,0.0
2008-12-19 00:00:00+08:00,0.4334080881786946,0.45552072422018597,0.4334080881786946,0.44225314259529114,13102000,0.0,0.0,0.0
2008-12-22 00:00:00+08:00,0.4510982216423291,0.4776334390616527,0.4510982216423291,0.45552074909210205,39204000,0.0,0.0,0.0
2008-12-23 00:00:00+08:00,0.45552072422018597,0.4687883058450808,0.44225314259529114,0.44225314259529114,19092000,0.0,0.0,0.0
2008-12-24 00:00:00+08:00,0.44225314259529114,0.4466756698035894,0.4334080881786946,0.44225314259529114,8451000,0.0,0.0,0.0
2008-12-26 00:00:00+08:00,0.44225314259529114,0.4510981970118877,0.43783061538699286,0.44225314259529114,5715000,0.0,0.0,0.0
2008-12-29 00:00:00+08:00,0.44225318439316813,0.4466757120194448,0.43340812914061483,0.4378306567668915,7727000,0.0,0.0,0.0
2008-12-30 00:00:00+08:00,0.4378306567668915,0.45109823964572143,0.4378306567668915,0.4378306567668915,20003000,0.0,0.0,0.0
2008-12-31 00:00:00+08:00,0.4466757369998771,0.4466757369998771,0.42014054339788715,0.4289856255054474,12693000,0.0,0.0,0.0
2009-01-02 00:00:00+08:00,0.4289855609703963,0.4466756698035894,0.4289855609703963,0.44225314259529114,18008000,0.0,0.0,0.0
2009-01-05 00:00:00+08:00,0.44667580239067767,0.4732110262376192,0.44667580239067767,0.4687884449958801,44917000,0.0,0.0,0.0
2009-01-06 00:00:00+08:00,0.4732109010219574,0.4820559557235611,0.45552073889806544,0.4732109010219574,29923000,0.0,0.0,0.0
2009-01-07 00:00:00+08:00,0.4820558604187649,0.48647838689521167,0.4555206488394101,0.45994317531585693,21968000,0.0,0.0,0.0
2009-01-08 00:00:00+08:00,0.45109812236296337,0.45994317531585693,0.4466755958865166,0.45994317531585693,9463000,0.0,0.0,0.0
2009-01-09 00:00:00+08:00,0.45994328264738876,0.47321091789351455,0.45552075513890894,0.46436581015586853,11511000,0.0,0.0,0.0
2009-01-12 00:00:00+08:00,0.4643657031422858,0.48647838830947876,0.45994317665298207,0.48647838830947876,31651000,0.0,0.0,0.0
2009-01-13 00:00:00+08:00,0.4820559665114256,0.48647849396119863,0.45552074909210205,0.45552074909210205,22104000,0.0,0.0,0.0
2009-01-14 00:00:00+08:00,0.4643657017923037,0.4732108074658714,0.45994317531585693,0.45994317531585693,10872000,0.0,0.0,0.0
2009-01-15 00:00:00+08:00,0.4466757001219494,0.46436581015586853,0.44225317261346964,0.46436581015586853,14465000,0.0,0.0,0.0
2009-01-16 00:00:00+08:00,0.46878832095047096,0.4732109010219574,0.4599432662488673,0.4732109010219574,5290000,0.0,0.0,0.0
2009-01-19 00:00:00+08:00,0.4732108074658714,0.4732108074658714,0.45994317531585693,0.45994317531585693,5395000,0.0,0.0,0.0
2009-01-20 00:00:00+08:00,0.45109823964572143,0.45109823964572143,0.4289856015143382,0.4378306567668915,11118000,0.0,0.0,0.0
2009-01-21 00:00:00+08:00,0.4201404801934583,0.4466756698035894,0.4201404801934583,0.44225314259529114,5687000,0.0,0.0,0.0
2009-01-22 00:00:00+08:00,0.4466756698035894,0.4510981970118877,0.4334080881786946,0.44225314259529114,4718000,0.0,0.0,0.0
2009-01-23 00:00:00+08:00,0.4378306812526623,0.4378306812526623,0.4289856255054474,0.4289856255054474,2683000,0.0,0.0,0.0
2009-01-28 00:00:00+08:00,0.437830621838658,0.4510982036590576,0.43340809456519147,0.4510982036590576,3942000,0.0,0.0,0.0
2009-01-29 00:00:00+08:00,0.4555207309325242,0.45994325820599075,0.44225314911212454,0.4510982036590576,6772000,0.0,0.0,0.0
2009-01-30 00:00:00+08:00,0.44225317261346964,0.4687883376643483,0.44225317261346964,0.46436581015586853,8889000,0.0,0.0,0.0
2009-02-02 00:00:00+08:00,0.45994325820599075,0.4643657854794573,0.4510982036590576,0.4510982036590576,4072000,0.0,0.0,0.0
2009-02-03 00:00:00+08:00,0.45552074909210205,0.459943276541875,0.4510982216423291,0.45552074909210205,1790000,0.0,0.0,0.0
2009-02-04 00:00:00+08:00,0.459943276541875,0.46878833144142096,0.45552074909210205,0.45552074909210205,9101000,0.0,0.0,0.0
2009-02-05 00:00:00+08:00,0.4555206488394101,0.46878822826875044,0.4555206488394101,0.45994317531585693,5130000,0.0,0.0,0.0
2009-02-06 00:00:00+08:00,0.46436581015586853,0.4687883376643483,0.45994328264738876,0.46436581015586853,6165000,0.0,0.0,0.0
2009-02-09 00:00:00+08:00,0.46878833144142096,0.46878833144142096,0.4510982216423291,0.45552074909210205,4895000,0.0,0.0,0.0
2009-02-10 00:00:00+08:00,0.4555206488394101,0.4643657017923037,0.45109812236296337,0.45994317531585693,2995000,0.0,0.0,0.0
2009-02-11 00:00:00+08:00,0.4510982216423291,0.459943276541875,0.4466756941925561,0.45552074909210205,2682000,0.0,0.0,0.0
2009-02-12 00:00:00+08:00,0.45552074909210205,0.459943276541875,0.4510982216423291,0.45552074909210205,3587000,0.0,0.0,0.0
2009-02-13 00:00:00+08:00,0.45552075513890894,0.47321091789351455,0.45552075513890894,0.46436581015586853,10653000,0.0,0.0,0.0
2009-02-16 00:00:00+08:00,0.46436581015586853,0.47763344540199437,0.46436581015586853,0.46436581015586853,6407000,0.0,0.0,0.0
2009-02-17 00:00:00+08:00,0.4732108927470741,0.4732108927470741,0.4510982036590576,0.4510982036590576,4631000,0.0,0.0,0.0
2009-02-18 00:00:00+08:00,0.44225317261346964,0.4687883376643483,0.44225317261346964,0.46436581015586853,3527000,0.0,0.0,0.0
2009-02-19 00:00:00+08:00,0.459943276541875,0.46436580399164795,0.4510982216423291,0.45552074909210205,2061000,0.0,0.0,0.0
2009-02-20 00:00:00+08:00,0.45994325142848425,0.45994325142848425,0.43783061538699286,0.44225314259529114,3746000,0.0,0.0,0.0
2009-02-23 00:00:00+08:00,0.4378306567668915,0.4466757120194448,0.4289856015143382,0.4378306567668915,7134000,0.0,0.0,0.0
2009-02-24 00:00:00+08:00,0.4289855557030464,0.4334080828570422,0.42014047503471375,0.42014047503471375,7800000,0.0,0.0,0.0
2009-02-25 00:00:00+08:00,0.42456302140648006,0.43340810247518374,0.3847602488585116,0.38918277621269226,8566000,0.0,0.0,0.0
2009-02-26 00:00:00+08:00,0.4024503968980451,0.4024503968980451,0.3759152056041043,0.3847602605819702,8092000,0.0,0.0,0.0
2009-02-27 00:00:00+08:00,0.38476020126214316,0.39360525487633613,0.3714925944805145,0.3714925944805145,8427000,0.0,0.0,0.0
2009-03-02 00:00:00+08:00,0.3670701036906588,0.3670701036906588,0.30957719683647156,0.30957719683647156,14102000,0.0,0.0,0.0
2009-03-03 00:00:00+08:00,0.2963096092814681,0.336112380027771,0.29188708212747233,0.336112380027771,8555000,0.0,0.0,0.0
2009-03-04 00:00:00+08:00,0.3272673631551814,0.3714926661143163,0.32284483549530235,0.36707013845443726,12358000,0.0,0.0,0.0
2009-03-05 00:00:00+08:00,0.37591515201958614,0.38918273259516856,0.3449574112892151,0.3449574112892151,10226000,0.0,0.0,0.0
2009-03-06 00:00:00+08:00,0.33828080648132214,0.360536128282547,0.33382974742715815,0.360536128282547,4504000,0.0025,0.0,0.0
2009-03-09 00:00:00+08:00,0.36053623574235166,0.36053623574235166,0.342731967688631,0.35163411498069763,2136000,0.0,0.0,0.0
2009-03-10 00:00:00+08:00,0.3471829891204834,0.3560851354138563,0.34273192923900175,0.3471829891204834,2053000,0.0,0.0,0.0
2009-03-11 00:00:00+08:00,0.3560850978279741,0.3605361572396326,0.3338297742392744,0.34273189306259155,5822000,0.0,0.0,0.0
2009-03-12 00:00:00+08:00,0.3338298263057888,0.34273194651754496,0.32492770609403254,0.33828088641166687,5503000,0.0,0.0,0.0
2009-03-13 00:00:00+08:00,0.3516340101742189,0.360536128282547,0.3471829245896502,0.360536128282547,4944000,0.0,0.0,0.0
2009-03-16 00:00:00+08:00,0.3605361423383025,0.3738893200213776,0.35608508311061077,0.3694382607936859,4072000,0.0,0.0,0.0
2009-03-17 00:00:00+08:00,0.364987187336711,0.38724250913793584,0.360536128282547,0.360536128282547,6020000,0.0,0.0,0.0
2009-03-18 00:00:00+08:00,0.3694382971854317,0.3783404430481322,0.3694382971854317,0.37388935685157776,1967000,0.0,0.0,0.0
2009-03-19 00:00:00+08:00,0.3783404602797843,0.3783404602797843,0.36498725414276123,0.36498725414276123,1178000,0.0,0.0,0.0
2009-03-20 00:00:00+08:00,0.3649872182821009,0.38724254197024016,0.3649872182821009,0.3783404231071472,3392000,0.0,0.0,0.0
2009-03-23 00:00:00+08:00,0.37834043644144527,0.39614467479512694,0.37834043644144527,0.38724255561828613,8277000,0.0,0.0,0.0
2009-03-24 00:00:00+08:00,0.39614468171271644,0.4005957413788625,0.37388935685157776,0.37388935685157776,7966000,0.0,0.0,0.0
2009-03-25 00:00:00+08:00,0.3783404231071472,0.39169360140178666,0.37388933714519385,0.3783404231071472,3169000,0.0,0.0,0.0
2009-03-26 00:00:00+08:00,0.3827915025454888,0.4005957412022224,0.3827915025454888,0.3916936218738556,8216000,0.0,0.0,0.0
2009-03-27 00:00:00+08:00,0.396144760421215,0.4005958209717254,0.38279157876968384,0.38279157876968384,2002000,0.0,0.0,0.0
2009-03-30 00:00:00+08:00,0.38279146500716676,0.38724252423485844,0.3694382607936859,0.3694382607936859,1972000,0.0,0.0,0.0
2009-03-31 00:00:00+08:00,0.37388935685157776,0.3872425623804243,0.37388935685157776,0.37388935685157776,4608000,0.0,0.0,0.0
2009-04-01 00:00:00+08:00,0.3783404231071472,0.3827914825386937,0.3783404231071472,0.3783404231071472,3531000,0.0,0.0,0.0
2009-04-02 00:00:00+08:00,0.3827915202970608,0.431753231934445,0.3827915202970608,0.4228510856628418,21804000,0.0,0.0,0.0
2009-04-03 00:00:00+08:00,0.4317531781603985,0.4362042374766243,0.418399973681315,0.4273020923137665,10695000,0.0,0.0,0.0
2009-04-06 00:00:00+08:00,0.43620434898809546,0.4807150065898895,0.43620434898809546,0.4807150065898895,20123000,0.0,0.0,0.0
2009-04-07 00:00:00+08:00,0.476263864607668,0.476263864607668,0.4451063937017837,0.44955745339393616,8203000,0.0,0.0,0.0
2009-04-08 00:00:00+08:00,0.4406553340096312,0.44955745339393616,0.43175321462532623,0.44955745339393616,5057000,0.0,0.0,0.0
2009-04-09 00:00:00+08:00,0.4584595561027527,0.4718127346935167,0.454008496572498,0.4584595561027527,5348000,0.0,0.0,0.0
2009-04-13 00:00:00+08:00,0.46736159168659447,0.4762637622178791,0.462910532951355,0.462910532951355,5859000,0.0,0.0,0.0
2009-04-14 00:00:00+08:00,0.4629106945059935,0.4985192298760022,0.4540085739286973,0.48961710929870605,27141000,0.0,0.0,0.0
2009-04-15 00:00:00+08:00,0.4851659536361695,0.48961701304982863,0.46736166292071923,0.48516595363616943,21571000,0.0,0.0,0.0
2009-04-16 00:00:00+08:00,0.4940679971588372,0.4985190558940767,0.462910532951355,0.462910532951355,20202000,0.0,0.0,0.0
2009-04-17 00:00:00+08:00,0.4718127346935167,0.47626384728458643,0.4495574370422433,0.4584595561027527,7975000,0.0,0.0,0.0
2009-04-20 00:00:00+08:00,0.4584595727782411,0.4584595727782411,0.4362042743174787,0.44955745339393616,11788000,0.0,0.0,0.0
2009-04-21 00:00:00+08:00,0.4317532017636806,0.44510638044235556,0.42730211567371457,0.44065532088279724,8816000,0.0,0.0,0.0
2009-04-22 00:00:00+08:00,0.4451063561090758,0.4540084747415273,0.4273020923137665,0.4273020923137665,13567000,0.0,0.0,0.0
2009-04-23 00:00:00+08:00,0.427302109114357,0.44955743310092305,0.41839999013189355,0.4362042546272278,28579000,0.0,0.0,0.0
2009-04-24 00:00:00+08:00,0.4362042374766243,0.44065529679285004,0.42285103299754073,0.4273020923137665,10140000,0.0,0.0,0.0
2009-04-27 00:00:00+08:00,0.4273021500300698,0.4273021500300698,0.39614470407760316,0.40504685044288635,14643000,0.0,0.0,0.0
2009-04-28 00:00:00+08:00,0.396144760421215,0.40504690805264937,0.37388943113824946,0.38279157876968384,9843000,0.0,0.0,0.0
2009-04-29 00:00:00+08:00,0.38279152432529306,0.40504685044288635,0.38279152432529306,0.40504685044288635,22017000,0.0,0.0,0.0
2009-04-30 00:00:00+08:00,0.4094978630676692,0.41394892247105586,0.391693598923716,0.39614465832710266,15804000,0.0,0.0,0.0
2009-05-01 00:00:00+08:00,0.39614465832710266,0.39614465832710266,0.39614465832710266,0.39614465832710266,0,0.0,0.0,0.0
2009-05-04 00:00:00+08:00,0.40059569170873216,0.43620421768359213,0.40059569170873216,0.43175315856933594,31550000,0.0,0.0,0.0
2009-05-05 00:00:00+08:00,0.440655386862425,0.4673617482185364,0.43175326641038786,0.4673617482185364,33944000,0.0,0.0,0.0
2009-05-06 00:00:00+08:00,0.46291068799251783,0.471812808444555,0.4540085675404807,0.4673617482185364,19687000,0.0,0.0,0.0
2009-05-07 00:00:00+08:00,0.4762638924190058,0.5519319646650374,0.4629106595019719,0.5430298447608948,61520000,0.0,0.0,0.0
2009-05-08 00:00:00+08:00,0.5519318686570212,0.5786382237239039,0.5252254605293274,0.5252254605293274,47547000,0.0,0.0,0.0
2009-05-11 00:00:00+08:00,0.5385787740331661,0.5474808937591988,0.4985191822052002,0.4985191822052002,22073000,0.0,0.0,0.0
2009-05-12 00:00:00+08:00,0.49851919141803924,0.6097957961715228,0.48961707152749173,0.6008936762809753,44674000,0.0,0.0,0.0
2009-05-13 00:00:00+08:00,0.6142467575423048,0.6365020536971373,0.5741871714027947,0.5964425206184387,52358000,0.0,0.0,0.0
2009-05-14 00:00:00+08:00,0.5697360780625402,0.6008935438747641,0.5652850190980523,0.5786381959915161,33049000,0.0,0.0,0.0
2009-05-15 00:00:00+08:00,0.5919916347473093,0.6053448163505772,0.5430299158078332,0.5519320368766785,29554000,0.0,0.0,0.0
2009-05-18 00:00:00+08:00,0.5385787848088235,0.5652851445212511,0.5163234319876472,0.5430298447608948,21797000,0.0,0.0,0.0
2009-05-19 00:00:00+08:00,0.5697360780625402,0.5875403669813003,0.5608339601335643,0.5786381959915161,31791000,0.0,0.0,0.0
2009-05-20 00:00:00+08:00,0.5830894230369539,0.5964426568404199,0.5697362422943115,0.5697362422943115,27267000,0.0,0.0,0.0
2009-05-21 00:00:00+08:00,0.5741872259324138,0.5830893452397664,0.5385787487030029,0.5385787487030029,16521000,0.0,0.0,0.0
2009-05-22 00:00:00+08:00,0.5430297318925222,0.5741871450809732,0.5430297318925222,0.5652850270271301,15707000,0.0,0.0,0.0
2009-05-25 00:00:00+08:00,0.5697361595418692,0.583089338345003,0.56083404033978,0.5741872191429138,17705000,0.0,0.0,0.0
2009-05-26 00:00:00+08:00,0.5786382787439585,0.6053446894110419,0.5652850999408245,0.5741872191429138,51551000,0.0,0.0,0.0
2009-05-27 00:00:00+08:00,0.5919914245605469,0.6008935424686921,0.5830892535915935,0.5919914245605469,21971000,0.0,0.0,0.0
2009-05-28 00:00:00+08:00,0.5875403656064743,0.6097956603768373,0.5830892535915935,0.5919914245605469,16848000,0.0,0.0,0.0
2009-05-29 00:00:00+08:00,0.6008935798494053,0.6053446390803717,0.5875404021565057,0.5964425206184387,12831000,0.0,0.0,0.0
2009-06-01 00:00:00+08:00,0.605344702604444,0.6231489413966632,0.5964425832083343,0.6186978816986084,33674000,0.0,0.0,0.0
2009-06-02 00:00:00+08:00,0.6253985578915944,0.6343328146361017,0.5851943492889404,0.5851943492889404,36903000,0.0025,0.0,0.0
2009-06-03 00:00:00+08:00,0.5941287295268138,0.6119972451283376,0.5941287295268138,0.6030629873275757,16182000,0.0,0.0,0.0
2009-06-04 00:00:00+08:00,0.5985957384109497,0.603062866415688,0.5851943011443688,0.5985957384109497,6826000,0.0,0.0,0.0
2009-06-05 00:00:00+08:00,0.6075301162279567,0.6119972451283376,0.5985958584271948,0.6030629873275757,10925000,0.0,0.0,0.0
2009-06-08 00:00:00+08:00,0.6075299748552023,0.6075299748552023,0.56732577085495,0.56732577085495,12428000,0.0,0.0,0.0
2009-06-09 00:00:00+08:00,0.5717929831361765,0.6387999641946956,0.5717929831361765,0.6343328356742859,65793000,0.0,0.0,0.0
2009-06-10 00:00:00+08:00,0.6432670449272838,0.6790040674772235,0.6387998638561773,0.6656026840209961,52572000,0.0,0.0,0.0
2009-06-11 00:00:00+08:00,0.6611357310051098,0.6745371180046349,0.643267215005743,0.6477343440055847,23720000,0.0,0.0,0.0
2009-06-12 00:00:00+08:00,0.6522014030082975,0.6522014030082975,0.6209314501130566,0.6343328356742859,12322000,0.0,0.0,0.0
2009-06-15 00:00:00+08:00,0.6343328904727987,0.6343328904727987,0.6030629881285977,0.6075301170349121,6268000,0.0,0.0,0.0
2009-06-16 00:00:00+08:00,0.5896615309135649,0.5985957876580722,0.576260092544433,0.5851943492889404,14149000,0.0,0.0,0.0
2009-06-17 00:00:00+08:00,0.6343328356742859,0.6477342744878878,0.6298657071538761,0.6343328356742859,32510000,0.0,0.0,0.0
2009-06-18 00:00:00+08:00,0.643267215005743,0.6834713760043183,0.6343329037536815,0.6477343440055847,39057000,0.0,0.0,0.0
2009-06-19 00:00:00+08:00,0.6656027390681907,0.6745369954445634,0.6522013545036316,0.6522013545036316,12138000,0.0,0.0,0.0
2009-06-22 00:00:00+08:00,0.6700698118397386,0.6924054509334509,0.6611355562022536,0.6656026840209961,22780000,0.0,0.0,0.0
2009-06-23 00:00:00+08:00,0.6522014245051566,0.7013398931016632,0.6432671671698599,0.6968727111816406,37712000,0.0,0.0,0.0
2009-06-24 00:00:00+08:00,0.6968726486965293,0.7102740867502084,0.6790041356281167,0.687938392162323,22902000,0.0,0.0,0.0
2009-06-25 00:00:00+08:00,0.6968727185265161,0.7102741579230836,0.6924055898117852,0.7013399004936218,15873000,0.0,0.0,0.0
2009-06-26 00:00:00+08:00,0.7102741608822889,0.7236755470823155,0.7013399034156045,0.7147412896156311,25231000,0.0,0.0,0.0
2009-06-29 00:00:00+08:00,0.7192084221736823,0.7415440659591731,0.710274164659486,0.7326098084449768,21664000,0.0,0.0,0.0
2009-06-30 00:00:00+08:00,0.7370769302114689,0.7460111876409307,0.7013399004936218,0.7013399004936218,15095000,0.0,0.0,0.0
2009-07-01 00:00:00+08:00,0.7013397897734758,0.7236754298210144,0.7013397897734758,0.7236754298210144,8894000,0.0,0.0,0.0
2009-07-02 00:00:00+08:00,0.7281425561116024,0.741543940108489,0.7147411721147158,0.719208300113678,16682000,0.0,0.0,0.0
2009-07-03 00:00:00+08:00,0.7102740441157536,0.7236754281126402,0.7058069161167914,0.719208300113678,6382000,0.0,0.0,0.0
2009-07-06 00:00:00+08:00,0.7192084771003753,0.7192084771003753,0.7013399607073456,0.705807089805603,9869000,0.0,0.0,0.0
2009-07-07 00:00:00+08:00,0.7147412791046084,0.7236755364399052,0.6924055825139922,0.6968727111816406,14753000,0.0,0.0,0.0
2009-07-08 00:00:00+08:00,0.6924054585865766,0.6968725864546941,0.6700698192459895,0.6834712028503418,13222000,0.0,0.0,0.0
2009-07-09 00:00:00+08:00,0.6879384610970544,0.7013399004936218,0.6834713323823235,0.7013399004936218,12678000,0.0,0.0,0.0
2009-07-10 00:00:00+08:00,0.7058070292083527,0.7236755440672763,0.7013399004936218,0.7013399004936218,20436000,0.0,0.0,0.0
2009-07-13 00:00:00+08:00,0.7147412886355111,0.7236755460899441,0.7013399024538617,0.7102741599082947,15686000,0.0,0.0,0.0
2009-07-14 00:00:00+08:00,0.7236755470823155,0.7281426758156578,0.7102741608822889,0.7147412896156311,12411000,0.0,0.0,0.0
2009-07-15 00:00:00+08:00,0.7192084221736823,0.7370769372020749,0.710274164659486,0.7326098084449768,22924000,0.0,0.0,0.0
2009-07-16 00:00:00+08:00,0.7326098084449768,0.7326098084449768,0.7326098084449768,0.7326098084449768,0,0.0,0.0,0.0
2009-07-17 00:00:00+08:00,0.7013398488194186,0.7281426191329956,0.6924055387958554,0.7281426191329956,178679008,0.0,0.0,0.0
2009-07-20 00:00:00+08:00,0.7326097475185918,0.7460111326753802,0.7192083623618033,0.7281426191329956,31932000,0.0,0.0,0.0
2009-07-21 00:00:00+08:00,0.7326096841105646,0.7370768121095268,0.719208300113678,0.719208300113678,13689000,0.0,0.0,0.0
2009-07-22 00:00:00+08:00,0.7281426748171606,0.7281426748171606,0.7102741599082947,0.7102741599082947,12752000,0.0,0.0,0.0
2009-07-23 00:00:00+08:00,0.710274164659486,0.7415440659591731,0.710274164659486,0.7326098084449768,30747000,0.0,0.0,0.0
2009-07-24 00:00:00+08:00,0.7415440659591731,0.7415440659591731,0.7281426796878786,0.7326098084449768,19768000,0.0,0.0,0.0
2009-07-27 00:00:00+08:00,0.7370768316549692,0.7728139098466914,0.7370768316549692,0.7549453973770142,64563000,0.0,0.0,0.0
2009-07-28 00:00:00+08:00,0.7594125286556722,0.7772810411997315,0.7504782191312745,0.763879656791687,20160000,0.0,0.0,0.0
2009-07-29 00:00:00+08:00,0.7594125777719164,0.7728139630467172,0.7326097539699432,0.7504782676696777,21367000,0.0,0.0,0.0
2009-07-30 00:00:00+08:00,0.7460110878898077,0.7549453973770142,0.7370768316549692,0.7549453973770142,12195000,0.0,0.0,0.0
2009-07-31 00:00:00+08:00,0.7638797188135735,0.7951496183045824,0.759412590314858,0.7728139758110046,54675000,0.0,0.0,0.0
2009-08-03 00:00:00+08:00,0.7772811078943799,0.790682493452331,0.7683468508557457,0.7862153649330139,12886000,0.0,0.0,0.0
2009-08-04 00:00:00+08:00,0.7906824860307042,0.7951496145080912,0.7594125866889954,0.7594125866889954,14990000,0.0,0.0,0.0
2009-08-05 00:00:00+08:00,0.76387970619685,0.7772810914716509,0.746011139244744,0.7504782676696777,13423000,0.0,0.0,0.0
2009-08-06 00:00:00+08:00,0.7549454005196573,0.7728139130637167,0.7504782191312745,0.763879656791687,17902000,0.0,0.0,0.0
2009-08-07 00:00:00+08:00,0.7683469548780174,0.7683469548780174,0.7236756103846667,0.737076997756958,13077000,0.0,0.0,0.0
2009-08-11 00:00:00+08:00,0.7504782160072271,0.7594125254944335,0.7415439597723884,0.7549453973770142,12232000,0.0,0.0,0.0
2009-08-12 00:00:00+08:00,0.7594125938171117,0.7951496219716481,0.7594125938171117,0.7862153649330139,64217000,0.0,0.0,0.0
2009-08-13 00:00:00+08:00,0.8040838196035454,0.8085509477928252,0.7906824350357056,0.7906824350357056,27655000,0.0,0.0,0.0
2009-08-14 00:00:00+08:00,0.7951496207632626,0.7951496207632626,0.7728139782006207,0.7817482352256775,13763000,0.0,0.0,0.0
2009-08-17 00:00:00+08:00,0.7772810901354946,0.7772810901354946,0.7460111379623413,0.7460111379623413,19499000,0.0,0.0,0.0
2009-08-18 00:00:00+08:00,0.7460111480044624,0.7594125866889954,0.7370768910496884,0.7594125866889954,20601000,0.0,0.0,0.0
2009-08-19 00:00:00+08:00,0.7638798257539203,0.7683469548780174,0.737076997756958,0.737076997756958,12793000,0.0,0.0,0.0
2009-08-20 00:00:00+08:00,0.7504782663795958,0.7638797048837309,0.7460111379623413,0.7460111379623413,19729000,0.0,0.0,0.0
2009-08-21 00:00:00+08:00,0.7572124576680759,0.7572124576680759,0.7437707762694723,0.7482513189315796,9109000,0.0025,0.0,0.0
2009-08-24 00:00:00+08:00,0.7616932326593616,0.7706543207168579,0.7527320911895673,0.7706543207168579,22493000,0.0,0.0,0.0
2009-08-25 00:00:00+08:00,0.7706543307203492,0.7706543307203492,0.7527321009604186,0.7572126984596252,14414000,0.0,0.0,0.0
2009-08-26 00:00:00+08:00,0.7616932326593616,0.7885764968318506,0.7572126886306134,0.7706543207168579,29812000,0.0,0.0,0.0
2009-08-27 00:00:00+08:00,0.761693000793457,0.7796151714527867,0.761693000793457,0.761693000793457,10672000,0.0,0.0,0.0
2009-08-28 00:00:00+08:00,0.7661736607551575,0.7706542041059358,0.7572125740536008,0.7661736607551575,5626000,0.0,0.0,0.0
2009-08-31 00:00:00+08:00,0.7706540861231218,0.7706540861231218,0.748251319386678,0.761693000793457,9842000,0.0,0.0,0.0
2009-09-01 00:00:00+08:00,0.752731923849164,0.7616930633268006,0.7437708377838135,0.7437708377838135,8818000,0.0,0.0,0.0
2009-09-02 00:00:00+08:00,0.7348097586012241,0.7437708447505107,0.7258486724519375,0.7303292155265808,15885000,0.0,0.0,0.0
2009-09-03 00:00:00+08:00,0.7348099317151221,0.7572127057784954,0.7348099317151221,0.7392904758453369,11796000,0.0,0.0,0.0
2009-09-04 00:00:00+08:00,0.7392904192756498,0.7482515068503869,0.7303293317009126,0.7348098754882812,12378000,0.0,0.0,0.0
2009-09-07 00:00:00+08:00,0.7437710199755517,0.7482515641057665,0.7348099317151221,0.7392904758453369,8201000,0.0,0.0,0.0
2009-09-08 00:00:00+08:00,0.739290233607365,0.7527318615936869,0.7348096909452577,0.7482513189315796,9667000,0.0,0.0,0.0
2009-09-09 00:00:00+08:00,0.7482513189315796,0.7661735429922905,0.7482513189315796,0.7482513189315796,23316000,0.0,0.0,0.0
2009-09-10 00:00:00+08:00,0.7527318615936869,0.7616930003301832,0.7482513189315796,0.7482513189315796,8448000,0.0,0.0,0.0
2009-09-11 00:00:00+08:00,0.7572126886306134,0.7796154087743543,0.7482515471608191,0.7706543207168579,24311000,0.0,0.0,0.0
2009-09-14 00:00:00+08:00,0.7751347491071625,0.7751347491071625,0.75273197889328,0.75273197889328,5690000,0.0,0.0,0.0
2009-09-15 00:00:00+08:00,0.7572126984596252,0.7706543307203492,0.7527321009604186,0.7572126984596252,7007000,0.0,0.0,0.0
2009-09-16 00:00:00+08:00,0.761693162428115,0.7975375113531038,0.7572126188124915,0.7885764241218567,31097000,0.0,0.0,0.0
2009-09-17 00:00:00+08:00,0.797537584889347,0.797537584889347,0.7706543207168579,0.7706543207168579,16492000,0.0,0.0,0.0
2009-09-18 00:00:00+08:00,0.7706541989392398,0.7840958289014581,0.7616931122977609,0.7751347422599792,12153000,0.0,0.0,0.0
2009-09-21 00:00:00+08:00,0.7751347422599792,0.7751347422599792,0.7751347422599792,0.7751347422599792,0,0.0,0.0,0.0
2009-09-22 00:00:00+08:00,0.793056900305144,0.8154596698906841,0.793056900305144,0.8020179867744446,61917000,0.0,0.0,0.0
2009-09-23 00:00:00+08:00,0.8154595450308653,0.8244206301280813,0.8064984065213688,0.8109789490699768,45829000,0.0,0.0,0.0
2009-09-24 00:00:00+08:00,0.8154596698906841,0.8154596698906841,0.8020179867744446,0.8020179867744446,13791000,0.0,0.0,0.0
2009-09-25 00:00:00+08:00,0.8020179867744446,0.8154596698906841,0.7975374435397943,0.8020179867744446,13400000,0.0,0.0,0.0
2009-09-28 00:00:00+08:00,0.797537584889347,0.797537584889347,0.7616932326593616,0.7706543207168579,11820000,0.0,0.0,0.0
2009-09-29 00:00:00+08:00,0.7975374536389624,0.8064985402217367,0.784095823764801,0.784095823764801,14544000,0.0,0.0,0.0
2009-09-30 00:00:00+08:00,0.7840958341582709,0.7885763775090492,0.7616931174043791,0.7661736607551575,18976000,0.0,0.0,0.0
2009-10-01 00:00:00+08:00,0.7661735434582895,0.7796151714527867,0.761693000793457,0.761693000793457,10442000,0.0,0.0,0.0
2009-10-02 00:00:00+08:00,0.7348099317151221,0.7482515641057665,0.7348099317151221,0.7392904758453369,11703000,0.0,0.0,0.0
2009-10-05 00:00:00+08:00,0.7392903064357225,0.7437708495392134,0.7034459616077956,0.721368134021759,17710000,0.0,0.0,0.0
2009-10-06 00:00:00+08:00,0.7303292778357223,0.7348098212926298,0.7168876474649996,0.7258487343788147,10664000,0.0,0.0,0.0
2009-10-07 00:00:00+08:00,0.7392904192756498,0.7437709630630184,0.7348098754882812,0.7348098754882812,7111000,0.0,0.0,0.0
2009-10-08 00:00:00+08:00,0.7437708856025135,0.7751347422599792,0.7437708856025135,0.7751347422599792,19403000,0.0,0.0,0.0
2009-10-09 00:00:00+08:00,0.7796152855807187,0.7975374588636766,0.7751347422599792,0.7751347422599792,14682000,0.0,0.0,0.0
2009-10-12 00:00:00+08:00,0.7840957064239693,0.7840957064239693,0.7751346211822318,0.7796151638031006,3239000,0.0,0.0,0.0
2009-10-13 00:00:00+08:00,0.7796154087743543,0.7840959528031025,0.7706543207168579,0.7706543207168579,6948000,0.0,0.0,0.0
2009-10-14 00:00:00+08:00,0.7616931073078652,0.784095823764801,0.7616931073078652,0.784095823764801,6187000,0.0,0.0,0.0
2009-10-15 00:00:00+08:00,0.7930569677374802,0.806498598584351,0.7796153368906095,0.7885764241218567,27118000,0.0,0.0,0.0
2009-10-16 00:00:00+08:00,0.7930569103475753,0.7930569103475753,0.784095823764801,0.784095823764801,4596000,0.0,0.0,0.0
2009-10-19 00:00:00+08:00,0.7796152804734138,0.7885763670561882,0.7751347371820266,0.784095823764801,2684000,0.0,0.0,0.0
2009-10-20 00:00:00+08:00,0.7885764968318506,0.7885764968318506,0.7706543207168579,0.7706543207168579,3368000,0.0,0.0,0.0
2009-10-21 00:00:00+08:00,0.7706542041059358,0.7796152908074925,0.7616931174043791,0.7661736607551575,5908000,0.0,0.0,0.0
2009-10-22 00:00:00+08:00,0.7616931190262071,0.7706542057468441,0.75273197889328,0.75273197889328,6101000,0.0,0.0,0.0
2009-10-23 00:00:00+08:00,0.7616930003301832,0.7661735429922905,0.7482513189315796,0.7482513189315796,6142000,0.0,0.0,0.0
2009-10-26 00:00:00+08:00,0.7482515568735106,0.7661737866334412,0.7482515568735106,0.7572126984596252,4652000,0.0,0.0,0.0
2009-10-27 00:00:00+08:00,0.752731923849164,0.752731923849164,0.734809751718463,0.7437708377838135,9213000,0.0,0.0,0.0
2009-10-28 00:00:00+08:00,0.7437710199755517,0.7482515641057665,0.7348099317151221,0.7392904758453369,4076000,0.0,0.0,0.0
2009-10-29 00:00:00+08:00,0.7303292086857877,0.7437708377838135,0.7213681226204371,0.7437708377838135,8527000,0.0,0.0,0.0
2009-10-30 00:00:00+08:00,0.7527321082359814,0.7527321082359814,0.7392904758453369,0.7392904758453369,6382000,0.0,0.0,0.0
2009-11-02 00:00:00+08:00,0.7258486724519375,0.7348097586012241,0.7213681293772942,0.7303292155265808,6466000,0.0,0.0,0.0
2009-11-03 00:00:00+08:00,0.7303292861533252,0.734809829661261,0.7079265686136463,0.712407112121582,8469000,0.0,0.0,0.0
2009-11-04 00:00:00+08:00,0.7124070432280077,0.7303292155265808,0.7124070432280077,0.7303292155265808,4730000,0.0,0.0,0.0
2009-11-05 00:00:00+08:00,0.725848806584296,0.725848806584296,0.7079266309738159,0.7079266309738159,2966000,0.0,0.0,0.0
2009-11-06 00:00:00+08:00,0.7213681363875333,0.7258486795057184,0.712407050151163,0.7168875932693481,2818000,0.0,0.0,0.0
2009-11-09 00:00:00+08:00,0.7213682993244775,0.7392904758453369,0.7168877551942627,0.7392904758453369,7112000,0.0,0.0,0.0
2009-11-10 00:00:00+08:00,0.748251319386678,0.7706540861231218,0.7437707767218456,0.761693000793457,14621000,0.0,0.0,0.0
2009-11-11 00:00:00+08:00,0.7661736556185004,0.7751347422599792,0.7616931122977609,0.7751347422599792,10384000,0.0,0.0,0.0
2009-11-12 00:00:00+08:00,0.7751348647456061,0.7796154087743543,0.7661737766881098,0.7706543207168579,3146000,0.0,0.0,0.0
2009-11-13 00:00:00+08:00,0.7616932326593616,0.7706543207168579,0.7616932326593616,0.7706543207168579,1321000,0.0,0.0,0.0
2009-11-17 00:00:00+08:00,0.7930569677374802,0.7975375113531038,0.784095880506233,0.7885764241218567,3936000,0.0,0.0,0.0
2009-11-18 00:00:00+08:00,0.7930569677374802,0.7975375113531038,0.784095880506233,0.7885764241218567,5336000,0.0,0.0,0.0
2009-11-19 00:00:00+08:00,0.7840957064239693,0.7930567916657069,0.7796151638031006,0.7796151638031006,6005000,0.0,0.0,0.0
2009-11-20 00:00:00+08:00,0.7751347422599792,0.7796152855807187,0.7706541989392398,0.7751347422599792,1952000,0.0,0.0,0.0
2009-11-23 00:00:00+08:00,0.770654078561363,0.7840957064239693,0.770654078561363,0.7796151638031006,5684000,0.0,0.0,0.0
2009-11-24 00:00:00+08:00,0.7840957064239693,0.7840957064239693,0.770654078561363,0.7796151638031006,4157000,0.0,0.0,0.0
2009-11-25 00:00:00+08:00,0.7751347371820266,0.7930569103475753,0.7751347371820266,0.784095823764801,9557000,0.0,0.0,0.0
2009-11-26 00:00:00+08:00,0.784095823764801,0.7885763670561882,0.7796152804734138,0.784095823764801,4713000,0.0,0.0,0.0
2009-11-30 00:00:00+08:00,0.7706543207168579,0.7751348647456061,0.7616932326593616,0.7706543207168579,3813000,0.0,0.0,0.0
2009-12-01 00:00:00+08:00,0.7684075110118441,0.7729011178016663,0.763913904222022,0.7729011178016663,1273000,0.0025,0.0,0.0
2009-12-02 00:00:00+08:00,0.7729010705424644,0.7818882835725837,0.7684074640274048,0.7684074640274048,3756000,0.0,0.0,0.0
2009-12-03 00:00:00+08:00,0.7729010705424644,0.7729010705424644,0.7684074640274048,0.7684074640274048,7414000,0.0,0.0,0.0
2009-12-04 00:00:00+08:00,0.7684074640274048,0.7729010705424644,0.7639138575123452,0.7684074640274048,6155000,0.0,0.0,0.0
2009-12-07 00:00:00+08:00,0.7684072965796879,0.7729009021155221,0.7594200855080196,0.7639136910438538,2758000,0.0,0.0,0.0
2009-12-08 00:00:00+08:00,0.7639137270904616,0.8447986841201782,0.7594201213425887,0.8447986841201782,44538000,0.0,0.0,0.0
2009-12-09 00:00:00+08:00,0.8403051683290841,0.8537859870158581,0.8043562649296753,0.8088498711585999,45410000,0.0,0.0,0.0
2009-12-10 00:00:00+08:00,0.8133434293109553,0.8223306948055809,0.7953690054577214,0.8043562173843384,11588000,0.0,0.0,0.0
2009-12-11 00:00:00+08:00,0.8088499558225705,0.81334356252185,0.7998627424240112,0.7998627424240112,3054000,0.0,0.0,0.0
2009-12-14 00:00:00+08:00,0.7998626114210299,0.8133434293109553,0.7998626114210299,0.8043562173843384,6128000,0.0,0.0,0.0
2009-12-15 00:00:00+08:00,0.8043561554124511,0.8043561554124511,0.7818881273269653,0.7818881273269653,9218000,0.0,0.0,0.0
2009-12-16 00:00:00+08:00,0.7863819223261724,0.8043563491232909,0.7818883156268929,0.7998627424240112,13677000,0.0,0.0,0.0
2009-12-17 00:00:00+08:00,0.7998625869221929,0.7998625869221929,0.7863817694451688,0.7908753752708435,7158000,0.0,0.0,0.0
2009-12-18 00:00:00+08:00,0.7908754462429013,0.8088498711585999,0.781888233785052,0.8088498711585999,6737000,0.0,0.0,0.0
2009-12-21 00:00:00+08:00,0.8088497985735423,0.8088497985735423,0.7908753752708435,0.7908753752708435,4726000,0.0,0.0,0.0
2009-12-22 00:00:00+08:00,0.7953689441782568,0.7998625497953539,0.7818881273269653,0.7818881273269653,4101000,0.0,0.0,0.0
2009-12-23 00:00:00+08:00,0.7863817329440624,0.7908753385611597,0.7818881273269653,0.7818881273269653,5909000,0.0,0.0,0.0
2009-12-28 00:00:00+08:00,0.7953691265508361,0.8313180332984507,0.7953691265508361,0.826824426651001,25431000,0.0,0.0,0.0
2009-12-29 00:00:00+08:00,0.8268244019636751,0.8403052215035139,0.8178371889371159,0.8358116149902344,21235000,0.0,0.0,0.0
2009-12-30 00:00:00+08:00,0.8358115314647496,0.8358115314647496,0.8178371072078765,0.8223307132720947,7615000,0.0,0.0,0.0
2010-01-04 00:00:00+08:00,0.8223306553808141,0.8447986841201782,0.8223306553808141,0.8447986841201782,16743000,0.0,0.0,0.0
2010-01-05 00:00:00+08:00,0.8492923904768964,0.8987221131270454,0.8403051779165079,0.8762540817260742,65133000,0.0,0.0,0.0
2010-01-06 00:00:00+08:00,0.8852413296699524,0.9077093619689808,0.8762541167503409,0.8852413296699524,33323000,0.0,0.0,0.0
2010-01-07 00:00:00+08:00,0.8942285994901119,0.916696633218801,0.8852413859986363,0.9077094197273254,31301000,0.0,0.0,0.0
2010-01-08 00:00:00+08:00,0.9077094197273254,0.916696633218801,0.8987222062358498,0.9077094197273254,8052000,0.0,0.0,0.0
2010-01-11 00:00:00+08:00,0.916696633218801,0.9256838467102767,0.8987222062358498,0.9077094197273254,10570000,0.0,0.0,0.0
2010-01-12 00:00:00+08:00,0.9077091950578039,0.934670828858885,0.8897347725237498,0.9256836175918579,30562000,0.0,0.0,0.0
2010-01-13 00:00:00+08:00,0.9166966472168764,0.9706200361251831,0.9077094335881649,0.9706200361251831,40216000,0.0,0.0,0.0
2010-01-14 00:00:00+08:00,0.9796071054746646,0.9885943177797147,0.9436581491184423,0.9526453614234924,28041000,0.0,0.0,0.0
2010-01-15 00:00:00+08:00,0.952645585832434,0.9616329073905945,0.9436583714103202,0.9616329073905945,12971000,0.0,0.0,0.0
2010-01-18 00:00:00+08:00,0.9436582881030111,0.9885944633826061,0.9436582881030111,0.9706200361251831,30307000,0.0,0.0,0.0
2010-01-19 00:00:00+08:00,0.9706201218127083,0.9796073362348221,0.952645585832434,0.9616329073905945,9182000,0.0,0.0,0.0
2010-01-20 00:00:00+08:00,0.9706200361251831,0.9975816770113177,0.9616328224964715,0.9706200361251831,43156000,0.0,0.0,0.0
2010-01-21 00:00:00+08:00,0.9706197572533686,0.988594179346504,0.9256835948845236,0.9346708059310913,23586000,0.0,0.0,0.0
2010-01-22 00:00:00+08:00,0.916696477582715,0.9436581134796143,0.907709265617082,0.9436581134796143,16850000,0.0,0.0,0.0
2010-01-25 00:00:00+08:00,0.9166963838379559,0.9436580169776589,0.9166963838379559,0.9346708059310913,6886000,0.0,0.0,0.0
2010-01-26 00:00:00+08:00,0.9436581957152557,0.9436581957152557,0.8582796210333671,0.867266833782196,21081000,0.0,0.0,0.0
2010-01-27 00:00:00+08:00,0.8672667863263844,0.8987220827941026,0.8403051495552063,0.8403051495552063,19430000,0.0,0.0,0.0
2010-01-28 00:00:00+08:00,0.8627731740867093,0.8897348642349243,0.8627731740867093,0.8897348642349243,15300000,0.0,0.0,0.0
2010-01-29 00:00:00+08:00,0.8717604167095772,0.9077092645290179,0.8627731511867083,0.8987220525741577,18495000,0.0,0.0,0.0
2010-02-01 00:00:00+08:00,0.8942284703316251,0.8987220764283259,0.8762540459448218,0.8897348642349243,11152000,0.0,0.0,0.0
2010-02-02 00:00:00+08:00,0.898722064164091,0.9077092762348503,0.8672667683484236,0.8717604279518127,13268000,0.0,0.0,0.0
2010-02-03 00:00:00+08:00,0.8807476520415226,0.8987220764283259,0.8807476520415226,0.8897348642349243,14482000,0.0,0.0,0.0
2010-02-04 00:00:00+08:00,0.8897349005666569,0.8897349005666569,0.87176047544588,0.8762540817260742,6589000,0.0,0.0,0.0
2010-02-05 00:00:00+08:00,0.8447988504710124,0.8582796703691629,0.8403052438382955,0.8492924571037292,14194000,0.0,0.0,0.0
2010-02-08 00:00:00+08:00,0.8537860410433528,0.8582796475566324,0.8133435288558212,0.8358116149902344,12318000,0.0,0.0,0.0
2010-02-09 00:00:00+08:00,0.8268243541482215,0.8627732041755277,0.8223307478948082,0.8537859916687012,13071000,0.0,0.0,0.0
2010-02-10 00:00:00+08:00,0.87176047544588,0.8762540817260742,0.8582796030372849,0.8762540817260742,17521000,0.0,0.0,0.0
2010-02-11 00:00:00+08:00,0.8807476758956909,0.8897348883325021,0.8762540696772853,0.8807476758956909,4648000,0.0,0.0,0.0
2010-02-12 00:00:00+08:00,0.8852412460579518,0.8852412460579518,0.8717604279518127,0.8717604279518127,3646000,0.0,0.0,0.0
2010-02-17 00:00:00+08:00,0.8852413859986363,0.916696633218801,0.8807477792528985,0.9077094197273254,8283000,0.0,0.0,0.0
2010-02-18 00:00:00+08:00,0.9077092886217275,0.9166965008151292,0.8897348642349243,0.8897348642349243,5028000,0.0,0.0,0.0
2010-02-19 00:00:00+08:00,0.8897348520933316,0.8942284581287112,0.8627731623130439,0.8717604279518127,7017000,0.0,0.0,0.0
2010-02-22 00:00:00+08:00,0.8807476880062685,0.8897349005666569,0.87176047544588,0.8762540817260742,2988000,0.0,0.0,0.0
2010-02-23 00:00:00+08:00,0.8807477232101466,0.8852413296699524,0.8672668502627151,0.8852413296699524,2271000,0.0,0.0,0.0
2010-02-24 00:00:00+08:00,0.8717605657614228,0.916696633218801,0.8717605657614228,0.9077094197273254,9803000,0.0,0.0,0.0
2010-02-25 00:00:00+08:00,0.9077093370180448,0.9166965496906174,0.8897349116728995,0.8942285180091858,6625000,0.0,0.0,0.0
2010-02-26 00:00:00+08:00,0.8897348406192975,0.9077092645290179,0.8897348406192975,0.8987220525741577,2057000,0.0,0.0,0.0
2010-03-01 00:00:00+08:00,0.9077091950578039,0.934670828858885,0.8942283781572633,0.9256836175918579,11184000,0.0,0.0,0.0
2010-03-02 00:00:00+08:00,0.9346710345563294,0.9346710345563294,0.9077093948216736,0.9166966080665588,5316000,0.0,0.0,0.0
2010-03-03 00:00:00+08:00,0.916696633218801,0.9256838467102767,0.9077094197273254,0.9077094197273254,3176000,0.0,0.0,0.0
2010-03-04 00:00:00+08:00,0.9346708059310913,0.9706197572533686,0.9256835948845236,0.9346708059310913,28427000,0.0,0.0,0.0
2010-03-05 00:00:00+08:00,0.9436581134796143,0.9526453254452474,0.9436581134796143,0.9436581134796143,12682000,0.0,0.0,0.0
2010-03-08 00:00:00+08:00,0.961632644546898,0.961632644546898,0.9346709015139812,0.9436581134796143,6009000,0.0,0.0,0.0
2010-03-09 00:00:00+08:00,0.9436580169776589,0.9436580169776589,0.9346708059310913,0.9346708059310913,2176000,0.0,0.0,0.0
2010-03-10 00:00:00+08:00,0.9369233790167784,0.9729589679441818,0.927914508633479,0.9639500975608826,18990000,0.0025,0.0,0.0
2010-03-11 00:00:00+08:00,0.9729587429726724,0.9729587429726724,0.9459320306777954,0.9459320306777954,7438000,0.0,0.0,0.0
2010-03-12 00:00:00+08:00,0.9549408657790344,0.9549408657790344,0.9279142618179321,0.9279142618179321,5250000,0.0,0.0,0.0
2010-03-15 00:00:00+08:00,0.9279142940773317,0.9549408989780273,0.9279142940773317,0.9459320306777954,5118000,0.0,0.0,0.0
2010-03-16 00:00:00+08:00,0.9549408989780273,0.9549408989780273,0.9369231623775636,0.9459320306777954,2757000,0.0,0.0,0.0
2010-03-17 00:00:00+08:00,0.9459319542152367,0.9549408217872544,0.936923086643219,0.936923086643219,8547000,0.0,0.0,0.0
2010-03-18 00:00:00+08:00,0.9459320892096589,0.9909765408922352,0.9369232203519812,0.9729588031768799,45351000,0.0,0.0,0.0
2010-03-19 00:00:00+08:00,0.981967568397522,0.9909764363044021,0.9639498325837618,0.981967568397522,7904000,0.0,0.0,0.0
2010-03-22 00:00:00+08:00,0.9729587594067076,0.9819676278591063,0.9459320466553284,0.954940915107727,4527000,0.0,0.0,0.0
2010-03-23 00:00:00+08:00,0.9729589679441818,0.9819678383274811,0.954941119783377,0.9639500975608826,7568000,0.0,0.0,0.0
2010-03-24 00:00:00+08:00,0.9729587429726724,0.9819676112729042,0.9459320306777954,0.9459320306777954,7398000,0.0,0.0,0.0
2010-03-25 00:00:00+08:00,0.9549408989780273,0.9549408989780273,0.9279142940773317,0.9459320306777954,6089000,0.0,0.0,0.0
2010-03-26 00:00:00+08:00,0.9279142190712013,0.9459319542152367,0.9189053514991837,0.936923086643219,9421000,0.0,0.0,0.0
2010-03-29 00:00:00+08:00,0.936923086643219,0.9549408217872544,0.936923086643219,0.936923086643219,5030000,0.0,0.0,0.0
2010-03-30 00:00:00+08:00,0.9459320306777954,0.9549408989780273,0.9279142940773317,0.9459320306777954,5808000,0.0,0.0,0.0
2010-03-31 00:00:00+08:00,0.9459319977920003,0.9459319977920003,0.9279142618179321,0.9279142618179321,6992000,0.0,0.0,0.0
2010-04-01 00:00:00+08:00,0.9279142190712013,0.9459319542152367,0.9279142190712013,0.936923086643219,4587000,0.0,0.0,0.0
2010-04-05 00:00:00+08:00,0.9369231782029297,0.9639498909543089,0.9369231782029297,0.954940915107727,15718000,0.0,0.0,0.0
2010-04-06 00:00:00+08:00,0.9639500225933805,0.9909766316413879,0.9549410455165135,0.9909766316413879,26947000,0.0,0.0,0.0
2010-04-07 00:00:00+08:00,0.9909764363044021,1.0089941721181623,0.9729587004906419,0.981967568397522,24618000,0.0,0.0,0.0
2010-04-08 00:00:00+08:00,0.9729589679441818,0.9909767087107805,0.9639500975608826,0.9639500975608826,7420000,0.0,0.0,0.0
2010-04-09 00:00:00+08:00,0.9729587004906419,0.981967568397522,0.9729587004906419,0.981967568397522,3323000,0.0,0.0,0.0
2010-04-12 00:00:00+08:00,0.9999855160713196,1.0180032557023742,0.9909766462557924,0.9999855160713196,22008000,0.0,0.0,0.0
2010-04-13 00:00:00+08:00,1.008994283791204,1.0540386283110033,0.9909765459832842,1.0450297594070435,37260000,0.0,0.0,0.0
2010-04-14 00:00:00+08:00,1.045029606509651,1.054038474095531,1.0270118713378906,1.0270118713378906,16741000,0.0,0.0,0.0
2010-04-15 00:00:00+08:00,1.0360208749771118,1.0450297437460634,1.0180031374392087,1.0360208749771118,10123000,0.0,0.0,0.0
2010-04-16 00:00:00+08:00,1.0270120797242646,1.0360209491380936,1.0089943408966064,1.0089943408966064,9712000,0.0,0.0,0.0
2010-04-19 00:00:00+08:00,0.9909764363044021,0.9999853042112822,0.9729587004906419,0.981967568397522,9393000,0.0,0.0,0.0
2010-04-20 00:00:00+08:00,0.9909766462557924,1.0089943858868469,0.9909766462557924,0.9999855160713196,8370000,0.0,0.0,0.0
2010-04-21 00:00:00+08:00,1.0089941721181623,1.0270119079319224,0.981967568397522,0.981967568397522,14641000,0.0,0.0,0.0
2010-04-22 00:00:00+08:00,0.9819676720345576,0.9909765408922352,0.9639499343192022,0.9729588031768799,6968000,0.0,0.0,0.0
2010-04-23 00:00:00+08:00,0.9729588031768799,0.9819676720345576,0.9639499343192022,0.9729588031768799,4341000,0.0,0.0,0.0
2010-04-26 00:00:00+08:00,0.9819676720345576,0.9909765408922352,0.9729588031768799,0.9729588031768799,2979000,0.0,0.0,0.0
2010-04-27 00:00:00+08:00,0.9729587594067076,0.9729587594067076,0.954940915107727,0.954940915107727,5906000,0.0,0.0,0.0
2010-04-28 00:00:00+08:00,0.9369231298049663,0.9459319977920003,0.9279142618179321,0.9279142618179321,11041000,0.0,0.0,0.0
2010-04-29 00:00:00+08:00,0.9459320306777954,0.9639498746724405,0.9369231623775636,0.9459320306777954,8882000,0.0,0.0,0.0
2010-04-30 00:00:00+08:00,0.9549408989780273,0.9639498746724405,0.9369231623775636,0.9459320306777954,4914000,0.0,0.0,0.0
2010-05-03 00:00:00+08:00,0.9369231298049663,0.9459319977920003,0.9279142618179321,0.9279142618179321,2884000,0.0,0.0,0.0
2010-05-04 00:00:00+08:00,0.9459320875342437,0.9459320875342437,0.9098966121673584,0.9098966121673584,6730000,0.0,0.0,0.0
2010-05-05 00:00:00+08:00,0.9008876085281372,0.9098964760218848,0.8918787410343896,0.9008876085281372,8039000,0.0,0.0,0.0
2010-05-06 00:00:00+08:00,0.8963832775708992,0.9008877118343034,0.8693566182933823,0.8918788433074951,10782000,0.0,0.0,0.0
2010-05-07 00:00:00+08:00,0.8738610148429871,0.8783654486352015,0.8648520935614717,0.8738610148429871,8564000,0.0,0.0,0.0
2010-05-10 00:00:00+08:00,0.8693566486825184,0.9098966121673584,0.8693566486825184,0.9098966121673584,10553000,0.0,0.0,0.0
2010-05-11 00:00:00+08:00,0.9098966254004336,0.9189054943731754,0.8828700184822083,0.8828700184822083,5835000,0.0,0.0,0.0
2010-05-12 00:00:00+08:00,0.8918787410343896,0.9098964760218848,0.882869873540642,0.9008876085281372,3921000,0.0,0.0,0.0
2010-05-13 00:00:00+08:00,0.9098965279293396,0.918905395937022,0.8963832259178162,0.8963832259178162,5174000,0.0,0.0,0.0
2010-05-14 00:00:00+08:00,0.8918788433074951,0.8963832775708992,0.8873744090440909,0.8918788433074951,2344000,0.0,0.0,0.0
2010-05-17 00:00:00+08:00,0.8828698824274159,0.8873743162196304,0.8648520935614717,0.8738610148429871,6180000,0.0,0.0,0.0
2010-05-18 00:00:00+08:00,0.8783655839958374,0.8873744529685792,0.8738611495094665,0.8828700184822083,5657000,0.0,0.0,0.0
2010-05-19 00:00:00+08:00,0.8738611490957333,0.8783655835799716,0.8513389229774475,0.8513389229774475,5992000,0.0,0.0,0.0
2010-05-20 00:00:00+08:00,0.8468345708000691,0.8648523104882302,0.8153034726486873,0.828816831111908,7656000,0.0,0.0,0.0
2010-05-21 00:00:00+08:00,0.8017899647066211,0.8288166210873281,0.7927810971454142,0.8153032660484314,8619000,0.0,0.0,0.0
2010-05-24 00:00:00+08:00,0.8198077969782878,0.8243122309976392,0.8017900072037931,0.8062944412231445,5614000,0.0,0.0,0.0
2010-05-25 00:00:00+08:00,0.7995189087213209,0.8040359604436726,0.7498312859279473,0.7543483376502991,6681000,0.0025,0.0,0.0
2010-05-26 00:00:00+08:00,0.7678995414727263,0.8221042156219482,0.758865384241603,0.8221042156219482,8245000,0.0,0.0,0.0
2010-05-27 00:00:00+08:00,0.7950018520457967,0.8175871105168406,0.7769336452689616,0.8130700588226318,5839000,0.0,0.0,0.0
2010-05-31 00:00:00+08:00,0.813069983545784,0.8492064476013184,0.8040358809937751,0.8492064476013184,11095000,0.0,0.0,0.0
2010-06-01 00:00:00+08:00,0.8492065607771512,0.8492065607771512,0.8085530400276184,0.8085530400276184,7397000,0.0,0.0,0.0
2010-06-02 00:00:00+08:00,0.8130700260333218,0.8266212344169617,0.8130700260333218,0.8266212344169617,3596000,0.0,0.0,0.0
2010-06-03 00:00:00+08:00,0.8356554508209229,0.8492066071956519,0.8311383986960131,0.8356554508209229,6963000,0.0,0.0,0.0
2010-06-04 00:00:00+08:00,0.8356553374410539,0.8356553374410539,0.817587077545368,0.8266212344169617,6792000,0.0,0.0,0.0
2010-06-07 00:00:00+08:00,0.7995189362716124,0.8130700919056214,0.7950018843936094,0.8085530400276184,5285000,0.0,0.0,0.0
2010-06-08 00:00:00+08:00,0.8040359881496154,0.8175871437836244,0.8040359881496154,0.8085530400276184,6858000,0.0,0.0,0.0
2010-06-09 00:00:00+08:00,0.8085530133569653,0.8130700650859704,0.7995189098989551,0.8040359616279602,3338000,0.0,0.0,0.0
2010-06-10 00:00:00+08:00,0.8040359881496154,0.8130700919056214,0.7995189362716124,0.8085530400276184,4176000,0.0,0.0,0.0
2010-06-11 00:00:00+08:00,0.8175871168149754,0.8221042223914845,0.8040359616279602,0.8040359616279602,7422000,0.0,0.0,0.0
2010-06-14 00:00:00+08:00,0.8130700588226318,0.8175871105168406,0.808553007128423,0.8130700588226318,4329000,0.0,0.0,0.0
2010-06-15 00:00:00+08:00,0.8130701295578145,0.8446895480155945,0.8085530774706329,0.8446895480155945,14946000,0.0,0.0,0.0
2010-06-16 00:00:00+08:00,0.8537234988773228,0.8627576014293317,0.8446893963253138,0.8492064476013184,9822000,0.0,0.0,0.0
2010-06-17 00:00:00+08:00,0.8492064476013184,0.8627576014293317,0.8446893963253138,0.8492064476013184,5795000,0.0,0.0,0.0
2010-06-18 00:00:00+08:00,0.8492065276942029,0.871791786204353,0.8492065276942029,0.862757682800293,8168000,0.0,0.0,0.0
2010-06-21 00:00:00+08:00,0.8808259831655922,0.9124453465052766,0.8808259831655922,0.898894190788269,22183000,0.0,0.0,0.0
2010-06-22 00:00:00+08:00,0.8943770856256475,0.8988941372623426,0.8853429823522577,0.8898600339889526,6960000,0.0,0.0,0.0
2010-06-23 00:00:00+08:00,0.8853429823522577,0.8898600339889526,0.8763088790788678,0.8898600339889526,4786000,0.0,0.0,0.0
2010-06-24 00:00:00+08:00,0.8853430015973129,0.8943771050670807,0.8537235856056213,0.8537235856056213,13145000,0.0,0.0,0.0
2010-06-25 00:00:00+08:00,0.8537235793962329,0.871791786204353,0.8537235793962329,0.862757682800293,7634000,0.0,0.0,0.0
2010-06-28 00:00:00+08:00,0.8672747345023231,0.8808259434559169,0.858240631098263,0.862757682800293,5855000,0.0,0.0,0.0
2010-06-29 00:00:00+08:00,0.8672747325400467,0.8672747325400467,0.8221042156219482,0.8221042156219482,9942000,0.0,0.0,0.0
2010-06-30 00:00:00+08:00,0.8130700260333218,0.8356553374410539,0.8130700260333218,0.8266212344169617,8196000,0.0,0.0,0.0
2010-07-01 00:00:00+08:00,0.8221042160585531,0.8311383194469706,0.808553007128423,0.8130700588226318,9631000,0.0,0.0,0.0
2010-07-02 00:00:00+08:00,0.822104242911548,0.8311383465950531,0.81758713722229,0.81758713722229,4299000,0.0,0.0,0.0
2010-07-05 00:00:00+08:00,0.8266212677527618,0.8266212677527618,0.808553007128423,0.8130700588226318,5160000,0.0,0.0,0.0
2010-07-06 00:00:00+08:00,0.8040359550072051,0.8311383190055679,0.8040359550072051,0.8221042156219482,13271000,0.0,0.0,0.0
2010-07-07 00:00:00+08:00,0.8221042160585531,0.8221042160585531,0.808553007128423,0.8130700588226318,6508000,0.0,0.0,0.0
2010-07-08 00:00:00+08:00,0.8266212947533006,0.8311383465950531,0.81758713722229,0.81758713722229,6873000,0.0,0.0,0.0
2010-07-09 00:00:00+08:00,0.8266213137787858,0.8446895215616532,0.8221042618330688,0.8401724696159363,14804000,0.0,0.0,0.0
2010-07-12 00:00:00+08:00,0.8492064476013184,0.8582405501533272,0.8446893963253138,0.8492064476013184,11557000,0.0,0.0,0.0
2010-07-13 00:00:00+08:00,0.8537236521899578,0.8582407042771395,0.8401724959284128,0.8446895480155945,6005000,0.0,0.0,0.0
2010-07-14 00:00:00+08:00,0.8537235856056213,0.8582406373405053,0.8446894821358536,0.8537235856056213,8797000,0.0,0.0,0.0
2010-07-15 00:00:00+08:00,0.8537236521899578,0.8582407042771395,0.8401724959284128,0.8446895480155945,5313000,0.0,0.0,0.0
2010-07-16 00:00:00+08:00,0.8446895480155945,0.8537236521899578,0.8446895480155945,0.8446895480155945,2856000,0.0,0.0,0.0
2010-07-19 00:00:00+08:00,0.8356554843319597,0.84017253663801,0.8266213797198592,0.8311384320259094,7975000,0.0,0.0,0.0
2010-07-20 00:00:00+08:00,0.8356554508209229,0.8446895550707422,0.8311383986960131,0.8356554508209229,8235000,0.0,0.0,0.0
2010-07-21 00:00:00+08:00,0.8446895215616532,0.8537236254530869,0.8401724696159363,0.8401724696159363,15035000,0.0,0.0,0.0
2010-07-22 00:00:00+08:00,0.8446893963253138,0.8537234988773228,0.8401723450493094,0.8492064476013184,9984000,0.0,0.0,0.0
2010-07-23 00:00:00+08:00,0.853723605676711,0.8717918130410313,0.853723605676711,0.8672747611999512,21222000,0.0,0.0,0.0
2010-07-26 00:00:00+08:00,0.871791786204353,0.8763088917538868,0.858240631098263,0.862757682800293,5209000,0.0,0.0,0.0
2010-07-27 00:00:00+08:00,0.8672747345023231,0.8672747345023231,0.858240631098263,0.862757682800293,5594000,0.0,0.0,0.0
2010-07-28 00:00:00+08:00,0.862757682800293,0.8763088917538868,0.862757682800293,0.862757682800293,12235000,0.0,0.0,0.0
2010-07-29 00:00:00+08:00,0.8672747611999512,0.8717918130410313,0.8627577093588711,0.8672747611999512,9310000,0.0,0.0,0.0
2010-07-30 00:00:00+08:00,0.8672747408102731,0.8672747408102731,0.8537235856056213,0.8537235856056213,4504000,0.0,0.0,0.0
2010-08-02 00:00:00+08:00,0.8582406575177911,0.8672747611999512,0.853723605676711,0.8672747611999512,5559000,0.0,0.0,0.0
2010-08-03 00:00:00+08:00,0.8763088917538868,0.8763088917538868,0.858240631098263,0.862757682800293,5860000,0.0,0.0,0.0
2010-08-04 00:00:00+08:00,0.8582406373405053,0.8627576890753892,0.8492065338707374,0.8537235856056213,6204000,0.0,0.0,0.0
2010-08-05 00:00:00+08:00,0.85824054479599,0.85824054479599,0.853723493548182,0.85824054479599,4641000,0.0,0.0,0.0
2010-08-06 00:00:00+08:00,0.8582405501533272,0.8582405501533272,0.8492064476013184,0.8492064476013184,2247000,0.0,0.0,0.0
2010-08-10 00:00:00+08:00,0.8537236254530869,0.8537236254530869,0.8401724696159363,0.8401724696159363,3984000,0.0,0.0,0.0
2010-08-11 00:00:00+08:00,0.8401724223891877,0.8446894740809975,0.8221042156219482,0.8221042156219482,6137000,0.0,0.0,0.0
2010-08-12 00:00:00+08:00,0.8130700853805375,0.8266212947533006,0.8085530335387849,0.81758713722229,8927000,0.0,0.0,0.0
2010-08-13 00:00:00+08:00,0.8221042156219482,0.8311383190055679,0.8175871100826347,0.8221042156219482,8486000,0.0,0.0,0.0
2010-08-16 00:00:00+08:00,0.822104242911548,0.822104242911548,0.8130700853805375,0.81758713722229,5776000,0.0,0.0,0.0
2010-08-17 00:00:00+08:00,0.822104242911548,0.822104242911548,0.8130700853805375,0.81758713722229,5545000,0.0,0.0,0.0
2010-08-18 00:00:00+08:00,0.8221042495091333,0.8221042495091333,0.8085530400276184,0.8085530400276184,5681000,0.0,0.0,0.0
2010-08-19 00:00:00+08:00,0.8130700919056214,0.8175871437836244,0.8085530400276184,0.8085530400276184,8921000,0.0,0.0,0.0
2010-08-20 00:00:00+08:00,0.8085530466630921,0.8130700985781647,0.7950018909178741,0.7995189428329468,12456000,0.0,0.0,0.0
2010-08-23 00:00:00+08:00,0.8040359679624729,0.8085530197270652,0.7950018644332886,0.7950018644332886,4585000,0.0,0.0,0.0
2010-08-24 00:00:00+08:00,0.7950018975912647,0.804036001497244,0.7904848456382751,0.7904848456382751,5066000,0.0,0.0,0.0
2010-08-25 00:00:00+08:00,0.788219827476228,0.797279816803252,0.788219827476228,0.79274982213974,2793000,0.0025,0.0,0.0
2010-08-26 00:00:00+08:00,0.7927498040925508,0.7972797986529361,0.7882198095321655,0.7882198095321655,5193000,0.0,0.0,0.0
2010-08-27 00:00:00+08:00,0.7882198936135283,0.7927498886571394,0.7791599035263062,0.7791599035263062,6052000,0.0,0.0,0.0
2010-08-30 00:00:00+08:00,0.7882198095321655,0.7972797986529361,0.7836898149717803,0.7882198095321655,4719000,0.0,0.0,0.0
2010-08-31 00:00:00+08:00,0.7882198513298374,0.792749846130439,0.7836898565292358,0.7836898565292358,2990000,0.0,0.0,0.0
2010-09-01 00:00:00+08:00,0.7882197813681324,0.8108697533607483,0.7882197813681324,0.8108697533607483,10622000,0.0,0.0,0.0
2010-09-02 00:00:00+08:00,0.8153997477592715,0.8244597905581107,0.8108697533607483,0.8108697533607483,8672000,0.0,0.0,0.0
2010-09-03 00:00:00+08:00,0.8153997659683228,0.8244598089694858,0.8108697714686383,0.8153997659683228,5943000,0.0,0.0,0.0
2010-09-06 00:00:00+08:00,0.8244598797776445,0.8516398491100838,0.8153998359983659,0.847109854221344,16701000,0.0,0.0,0.0
2010-09-07 00:00:00+08:00,0.8516398843602523,0.8606998745127336,0.8471098892840117,0.8561698794364929,9409000,0.0,0.0,0.0
2010-09-08 00:00:00+08:00,0.8561697419685265,0.8561697419685265,0.8380497645729361,0.8516397476196289,4970000,0.0,0.0,0.0
2010-09-09 00:00:00+08:00,0.8516397709551701,0.8561697654281928,0.8425797820091248,0.8425797820091248,3287000,0.0,0.0,0.0
2010-09-13 00:00:00+08:00,0.8516398015353038,0.8697597800780351,0.847109806899621,0.8652297854423523,18237000,0.0,0.0,0.0
2010-09-14 00:00:00+08:00,0.8697597466919712,0.9241197342353314,0.865229752230174,0.9150597453117371,42641000,0.0,0.0,0.0
2010-09-15 00:00:00+08:00,0.915059871563362,0.915059871563362,0.8969398912161433,0.901469886302948,13172000,0.0,0.0,0.0
2010-09-16 00:00:00+08:00,0.9059997563881426,0.9150597453117371,0.8924097730027509,0.9150597453117371,20165000,0.0,0.0,0.0
2010-09-17 00:00:00+08:00,0.9150597812474923,0.9331797598062797,0.9150597812474923,0.924119770526886,12615000,0.0,0.0,0.0
2010-09-20 00:00:00+08:00,0.933179748621437,0.9694198133082396,0.9241197594506341,0.9512997269630432,35946000,0.0,0.0,0.0
2010-09-21 00:00:00+08:00,0.9694200158119202,0.987539997938638,0.9603599167449484,0.9694200158119202,23283000,0.0,0.0,0.0
2010-09-22 00:00:00+08:00,0.969419714900135,0.978479703151237,0.9422396421432495,0.9422396421432495,10353000,0.0,0.0,0.0
2010-09-23 00:00:00+08:00,0.9512996303943516,0.9512996303943516,0.9241196656410453,0.9422396421432495,5178000,0.0,0.0,0.0
2010-09-24 00:00:00+08:00,0.9331797598062797,0.9331797598062797,0.9150597812474923,0.924119770526886,7963000,0.0,0.0,0.0
2010-09-27 00:00:00+08:00,0.9331798519105807,0.94223984208419,0.8969398912161433,0.901469886302948,29244000,0.0,0.0,0.0
2010-09-28 00:00:00+08:00,0.8606996906238269,0.878819721059237,0.8561696965154216,0.8697596788406372,8484000,0.0,0.0,0.0
2010-09-29 00:00:00+08:00,0.878819776901086,0.9241197208635809,0.8742897285030437,0.896939754486084,17007000,0.0,0.0,0.0
2010-09-30 00:00:00+08:00,0.901469886302948,0.915059871563362,0.8924098961293386,0.901469886302948,9258000,0.0,0.0,0.0
2010-10-01 00:00:00+08:00,0.9014697973284018,0.924119770526886,0.9014697973284018,0.924119770526886,6624000,0.0,0.0,0.0
2010-10-04 00:00:00+08:00,0.924119770526886,0.9422397490856733,0.924119770526886,0.924119770526886,13527000,0.0,0.0,0.0
2010-10-05 00:00:00+08:00,0.9241197470877913,0.9331797361373901,0.9150597580381925,0.9331797361373901,8792000,0.0,0.0,0.0
2010-10-06 00:00:00+08:00,0.9512997010061148,0.9512997010061148,0.9014697619263453,0.9150597453117371,17161000,0.0,0.0,0.0
2010-10-07 00:00:00+08:00,0.9241197470877913,0.9331797361373901,0.9150597580381925,0.9331797361373901,10768000,0.0,0.0,0.0
2010-10-08 00:00:00+08:00,0.9331797598062797,0.9331797598062797,0.9059997919680987,0.924119770526886,6042000,0.0,0.0,0.0
2010-10-11 00:00:00+08:00,0.9241198188114197,0.9331798085641907,0.9059998393058777,0.9059998393058777,6116000,0.0,0.0,0.0
2010-10-12 00:00:00+08:00,0.9150597745149925,0.9150597745149925,0.8924098014831543,0.8924098014831543,9398000,0.0,0.0,0.0
2010-10-13 00:00:00+08:00,0.8969398495531067,0.9150598290586487,0.8969398495531067,0.9059998393058777,14821000,0.0,0.0,0.0
2010-10-14 00:00:00+08:00,0.9150598290586487,0.9241198188114197,0.9014698444294922,0.9059998393058777,9679000,0.0,0.0,0.0
2010-10-15 00:00:00+08:00,0.9059998813897526,0.9059998813897526,0.8969398912161433,0.901469886302948,6760000,0.0,0.0,0.0
2010-10-18 00:00:00+08:00,0.901469886302948,0.915059871563362,0.8969398912161433,0.901469886302948,5332000,0.0,0.0,0.0
2010-10-19 00:00:00+08:00,0.9059997432785829,0.9059997432785829,0.896939754486084,0.896939754486084,3593000,0.0,0.0,0.0
2010-10-20 00:00:00+08:00,0.8924098071707923,0.8969398018060312,0.8788198232650757,0.8788198232650757,9980000,0.0,0.0,0.0
2010-10-21 00:00:00+08:00,0.8878797092760474,0.8878797092760474,0.8697596788406372,0.8697596788406372,12538000,0.0,0.0,0.0
2010-10-22 00:00:00+08:00,0.8742896729490425,0.878819721059237,0.8697596788406372,0.8697596788406372,4704000,0.0,0.0,0.0
2010-10-25 00:00:00+08:00,0.8697598158355814,0.8788198594812191,0.8652298210136615,0.8742898106575012,2725000,0.0,0.0,0.0
2010-10-26 00:00:00+08:00,0.8742897747137179,0.8788198233511965,0.8606997908066695,0.8652297854423523,4335000,0.0,0.0,0.0
2010-10-27 00:00:00+08:00,0.8652298337763036,0.8697598286650435,0.847109854221344,0.847109854221344,6649000,0.0,0.0,0.0
2010-10-28 00:00:00+08:00,0.8606997907223244,0.8788198232650757,0.8606997907223244,0.8788198232650757,11677000,0.0,0.0,0.0
2010-10-29 00:00:00+08:00,0.8606998255666474,0.8878798484802246,0.8606998255666474,0.8878798484802246,8185000,0.0,0.0,0.0
2010-11-01 00:00:00+08:00,0.8924098071707923,0.8924098071707923,0.8788198232650757,0.8788198232650757,3599000,0.0,0.0,0.0
2010-11-02 00:00:00+08:00,0.8788198233511965,0.8833498179868793,0.8606997908066695,0.8652297854423523,4055000,0.0,0.0,0.0
2010-11-03 00:00:00+08:00,0.8697596788406372,0.8742896729490425,0.865229684732232,0.8697596788406372,5174000,0.0,0.0,0.0
2010-11-04 00:00:00+08:00,0.8697598158355814,0.8788198594812191,0.8697598158355814,0.8742898106575012,3435000,0.0,0.0,0.0
2010-11-08 00:00:00+08:00,0.8788198176640513,0.9059997853022572,0.8788198176640513,0.8924098014831543,11573000,0.0,0.0,0.0
2010-11-09 00:00:00+08:00,0.8924097730027509,0.9150597453117371,0.8878797785409537,0.9150597453117371,14099000,0.0,0.0,0.0
2010-11-10 00:00:00+08:00,0.915059871563362,0.9241198617369714,0.901469886302948,0.901469886302948,6453000,0.0,0.0,0.0
2010-11-11 00:00:00+08:00,0.9014697488823334,0.9059997432785829,0.896939754486084,0.896939754486084,5636000,0.0,0.0,0.0
2010-11-12 00:00:00+08:00,0.8924098071707923,0.8969398018060312,0.874289774628041,0.8788198232650757,3965000,0.0,0.0,0.0
2010-11-15 00:00:00+08:00,0.8788199004442258,0.8924098855434333,0.8697598563762869,0.8833498954772949,5903000,0.0,0.0,0.0
2010-11-16 00:00:00+08:00,0.8878797092760474,0.8878797092760474,0.8697596788406372,0.8697596788406372,4807000,0.0,0.0,0.0
2010-11-18 00:00:00+08:00,0.8697597800780351,0.8742897747137179,0.8606997908066695,0.8652297854423523,7251000,0.0,0.0,0.0
2010-11-19 00:00:00+08:00,0.8742897564580598,0.8742897564580598,0.8606997728347778,0.8606997728347778,3650000,0.0,0.0,0.0
2010-11-22 00:00:00+08:00,0.867512730299572,0.867512730299572,0.8538868886534671,0.8584288358688354,2575000,0.0025,0.0,0.0
2010-11-23 00:00:00+08:00,0.8607057961129403,0.8607057961129403,0.8424898176622637,0.8470438122749329,5175000,0.0025,0.0,0.0
2010-11-24 00:00:00+08:00,0.8424898176622637,0.8607057961129403,0.8424898176622637,0.8470438122749329,5053000,0.0,0.0,0.0
2010-11-25 00:00:00+08:00,0.8515978455543518,0.8607058351932378,0.8470438507349087,0.8515978455543518,3370000,0.0,0.0,0.0
2010-11-26 00:00:00+08:00,0.8515978626864282,0.8698138423306615,0.8515978626864282,0.8607058525085449,4828000,0.0,0.0,0.0
2010-11-29 00:00:00+08:00,0.8515978838097537,0.860705873857788,0.8515978838097537,0.8561518788337708,2824000,0.0,0.0,0.0
2010-11-30 00:00:00+08:00,0.8515978280518525,0.8515978280518525,0.8379358438743119,0.8424898386001587,4313000,0.0,0.0,0.0
2010-12-01 00:00:00+08:00,0.8424898559154658,0.8561518403737948,0.8424898559154658,0.8515978455543518,2936000,0.0,0.0,0.0
2010-12-02 00:00:00+08:00,0.860705873857788,0.8698138639058223,0.8561518788337708,0.8561518788337708,5205000,0.0,0.0,0.0
2010-12-03 00:00:00+08:00,0.8607058351932378,0.8652598300126808,0.8515978455543518,0.8515978455543518,2244000,0.0,0.0,0.0
2010-12-06 00:00:00+08:00,0.8515978455543518,0.8607058351932378,0.8470438507349087,0.8515978455543518,1608000,0.0,0.0,0.0
2010-12-07 00:00:00+08:00,0.8515978455543518,0.8515978455543518,0.8424898559154658,0.8515978455543518,5203000,0.0,0.0,0.0
2010-12-08 00:00:00+08:00,0.8470438122749329,0.851597806887602,0.8424898176622637,0.8470438122749329,2253000,0.0,0.0,0.0
2010-12-09 00:00:00+08:00,0.8470438507349087,0.8607058351932378,0.8470438507349087,0.8515978455543518,4440000,0.0,0.0,0.0
2010-12-10 00:00:00+08:00,0.8515978455543518,0.8561518403737948,0.8470438507349087,0.8515978455543518,2405000,0.0,0.0,0.0
2010-12-13 00:00:00+08:00,0.8561518575974866,0.8698138423306615,0.8515978626864282,0.8607058525085449,11525000,0.0,0.0,0.0
2010-12-14 00:00:00+08:00,0.8652598433581477,0.8743678331375122,0.8561518535787832,0.8743678331375122,5424000,0.0,0.0,0.0
2010-12-15 00:00:00+08:00,0.8698138809009607,0.8789218711269544,0.8607058906749671,0.8652598857879639,6644000,0.0,0.0,0.0
2010-12-16 00:00:00+08:00,0.8561518788337708,0.8652598688818051,0.8515978838097537,0.8561518788337708,1845000,0.0,0.0,0.0
2010-12-17 00:00:00+08:00,0.8561518535787832,0.8743678331375122,0.8515978586891009,0.8743678331375122,3761000,0.0,0.0,0.0
2010-12-20 00:00:00+08:00,0.8652597907256094,0.8698137853382787,0.8470438122749329,0.8470438122749329,5094000,0.0,0.0,0.0
2010-12-21 00:00:00+08:00,0.851597806887602,0.8607057961129403,0.8470438122749329,0.8470438122749329,4000000,0.0,0.0,0.0
2010-12-22 00:00:00+08:00,0.8515978280518525,0.8561518227776993,0.8424898386001587,0.8424898386001587,2600000,0.0,0.0,0.0
2010-12-23 00:00:00+08:00,0.8424898386001587,0.8561518227776993,0.8424898386001587,0.8424898386001587,2792000,0.0,0.0,0.0
2010-12-24 00:00:00+08:00,0.8424898176622637,0.8470438122749329,0.8424898176622637,0.8470438122749329,0,0.0,0.0,0.0
2010-12-27 00:00:00+08:00,0.8470438507349087,0.8607058351932378,0.8470438507349087,0.8515978455543518,3933000,0.0,0.0,0.0
2010-12-28 00:00:00+08:00,0.8561518575974866,0.8652598474196032,0.8515978626864282,0.8607058525085449,5336000,0.0,0.0,0.0
2010-12-29 00:00:00+08:00,0.8607058906749671,0.8698138809009607,0.8607058906749671,0.8652598857879639,3986000,0.0,0.0,0.0
2010-12-30 00:00:00+08:00,0.8652598474196032,0.8698138423306615,0.8561518575974866,0.8607058525085449,2379000,0.0,0.0,0.0
2010-12-31 00:00:00+08:00,0.8652598474196032,0.8652598474196032,0.8607058525085449,0.8607058525085449,0,0.0,0.0,0.0
2011-01-03 00:00:00+08:00,0.8652598653859751,0.8834758996963501,0.8652598653859751,0.8834758996963501,11038000,0.0,0.0,0.0
2011-01-04 00:00:00+08:00,0.8925839066505432,0.9016918968346664,0.8880299115584815,0.8925839066505432,12327000,0.0,0.0,0.0
2011-01-05 00:00:00+08:00,0.8971378029476089,0.8971378029476089,0.8834758191759148,0.8880298137664795,4921000,0.0,0.0,0.0
2011-01-06 00:00:00+08:00,0.8925838811073277,0.9199078508777632,0.8880298861455884,0.9107998609542847,25291000,0.0,0.0,0.0
2011-01-07 00:00:00+08:00,0.9107998437515428,0.919907833502994,0.9016918540000916,0.9016918540000916,7665000,0.0,0.0,0.0
2011-01-10 00:00:00+08:00,0.9062458702920065,0.9290158452087293,0.8971378803253174,0.8971378803253174,19249000,0.0,0.0,0.0
2011-01-11 00:00:00+08:00,0.9016918329056774,0.910799822444054,0.9016918329056774,0.9062458276748657,6994000,0.0,0.0,0.0
2011-01-12 00:00:00+08:00,0.9107998778163785,0.9199078679084778,0.9062458827703289,0.9199078679084778,11037000,0.0,0.0,0.0
2011-01-13 00:00:00+08:00,0.919907833502994,0.919907833502994,0.9016918540000916,0.9016918540000916,7964000,0.0,0.0,0.0
2011-01-14 00:00:00+08:00,0.9016918753086619,0.9016918753086619,0.8925838853419729,0.8971378803253174,8324000,0.0,0.0,0.0
2011-01-17 00:00:00+08:00,0.9016918753086619,0.9062458702920065,0.8971378803253174,0.8971378803253174,3666000,0.0,0.0,0.0
2011-01-18 00:00:00+08:00,0.9016918329056774,0.9199078119824305,0.8971378381364892,0.9062458276748657,15832000,0.0,0.0,0.0
2011-01-19 00:00:00+08:00,0.9107998437515428,0.9107998437515428,0.8971378591243659,0.9016918540000916,8608000,0.0,0.0,0.0
2011-01-20 00:00:00+08:00,0.9016918797188224,0.9016918797188224,0.8834758996963501,0.8834758996963501,8366000,0.0,0.0,0.0
2011-01-21 00:00:00+08:00,0.8880298720944603,0.8925838669841425,0.8743678331375122,0.8743678331375122,5621000,0.0,0.0,0.0
2011-01-24 00:00:00+08:00,0.8789218280271944,0.8834758772047779,0.8743678331375122,0.8743678331375122,3917000,0.0,0.0,0.0
2011-01-25 00:00:00+08:00,0.8834759032657766,0.8834759032657766,0.8561518788337708,0.8561518788337708,5089000,0.0,0.0,0.0
2011-01-26 00:00:00+08:00,0.8607058104807151,0.8743677945467823,0.8607058104807151,0.8698137998580933,3820000,0.0,0.0,0.0
2011-01-27 00:00:00+08:00,0.8698138639058223,0.8789218539538566,0.8561518788337708,0.8561518788337708,6818000,0.0,0.0,0.0
2011-01-28 00:00:00+08:00,0.860705873857788,0.860705873857788,0.8515978838097537,0.8561518788337708,2283000,0.0,0.0,0.0
2011-01-31 00:00:00+08:00,0.8470438333260055,0.8470438333260055,0.8424898386001587,0.8424898386001587,4796000,0.0,0.0,0.0
2011-02-01 00:00:00+08:00,0.8470438333260055,0.8561518227776993,0.8424898386001587,0.8424898386001587,4257000,0.0,0.0,0.0
2011-02-02 00:00:00+08:00,0.8470438677753699,0.8607058525085449,0.8470438677753699,0.8607058525085449,2670000,0.0,0.0,0.0
2011-02-07 00:00:00+08:00,0.8607057961129403,0.8652597907256094,0.8470438122749329,0.8470438122749329,6127000,0.0,0.0,0.0
2011-02-08 00:00:00+08:00,0.860705873857788,0.860705873857788,0.8561518788337708,0.8561518788337708,5002000,0.0,0.0,0.0
2011-02-09 00:00:00+08:00,0.8607058351932378,0.8607058351932378,0.8470438507349087,0.8515978455543518,2350000,0.0,0.0,0.0
2011-02-10 00:00:00+08:00,0.847043854605894,0.8515978494461487,0.8379358649253845,0.8379358649253845,3583000,0.0,0.0,0.0
2011-02-11 00:00:00+08:00,0.8379358438743119,0.8515978280518525,0.8288278544226182,0.8424898386001587,5941000,0.0,0.0,0.0
2011-02-14 00:00:00+08:00,0.847043854605894,0.8515978494461487,0.8379358649253845,0.8379358649253845,4741000,0.0,0.0,0.0
2011-02-15 00:00:00+08:00,0.8333817324391644,0.8333817324391644,0.7878417372703552,0.7878417372703552,21434000,0.0,0.0,0.0
2011-02-16 00:00:00+08:00,0.7832878654485608,0.7878418602475024,0.742301857970186,0.7741798758506775,31510000,0.0,0.0,0.0
2011-02-17 00:00:00+08:00,0.7741797949617463,0.7741797949617463,0.7423017804119778,0.7514097690582275,17326000,0.0,0.0,0.0
2011-02-18 00:00:00+08:00,0.7559637815796675,0.7605177760124207,0.7423017982814081,0.7605177760124207,13280000,0.0,0.0,0.0
2011-02-21 00:00:00+08:00,0.7559637842815119,0.7605177787305413,0.742301800934424,0.7468557953834534,9278000,0.0,0.0,0.0
2011-02-22 00:00:00+08:00,0.7377478986801681,0.7377478986801681,0.6876538991928101,0.6876538991928101,18301000,0.0,0.0,0.0
2011-02-23 00:00:00+08:00,0.6785457730293274,0.6876537612383827,0.655775802506689,0.6785457730293274,20612000,0.0,0.0,0.0
2011-02-24 00:00:00+08:00,0.669437906542217,0.6876538862724862,0.6603299166770824,0.6648839116096497,10178000,0.0,0.0,0.0
2011-02-25 00:00:00+08:00,0.6739918763872765,0.6876538606764484,0.6739918763872765,0.6830998659133911,6662000,0.0,0.0,0.0
2011-02-28 00:00:00+08:00,0.6785459736192551,0.6785459736192551,0.660329991816185,0.6739919781684875,10542000,0.0,0.0,0.0
2011-03-01 00:00:00+08:00,0.6785458492350468,0.7240858496826945,0.6785458492350468,0.7149778604507446,26510000,0.0,0.0,0.0
2011-03-02 00:00:00+08:00,0.6967618677452998,0.6967618677452998,0.6830998831121531,0.6922078728675842,17022000,0.0,0.0,0.0
2011-03-03 00:00:00+08:00,0.6922078728675842,0.7013158626230154,0.6922078728675842,0.6922078728675842,7304000,0.0,0.0,0.0
2011-03-04 00:00:00+08:00,0.7013158626230154,0.7058698575007311,0.6922078728675842,0.6922078728675842,3991000,0.0,0.0,0.0
2011-03-07 00:00:00+08:00,0.6922078942109423,0.7013158842472069,0.6876538991928101,0.6876538991928101,2771000,0.0,0.0,0.0
2011-03-08 00:00:00+08:00,0.6876538779898687,0.7013158626230154,0.6830998831121531,0.6922078728675842,5917000,0.0,0.0,0.0
2011-03-09 00:00:00+08:00,0.6967618892290747,0.6967618892290747,0.6830999041746778,0.6876538991928101,5733000,0.0,0.0,0.0
2011-03-10 00:00:00+08:00,0.6876539645207901,0.6922079599715576,0.66943798271772,0.6739919781684875,6354000,0.0,0.0,0.0
2011-03-11 00:00:00+08:00,0.6648839116096497,0.6739919014747843,0.6648839116096497,0.6648839116096497,6505000,0.0,0.0,0.0
2011-03-14 00:00:00+08:00,0.66032989946935,0.6648838942832433,0.6512218555536627,0.6557759046554565,5291000,0.0,0.0,0.0
2011-03-15 00:00:00+08:00,0.6557759570580671,0.6557759570580671,0.6011279606365615,0.6056819558143616,20355000,0.0,0.0,0.0
2011-03-16 00:00:00+08:00,0.6147899366433651,0.6375599121795289,0.6011279513216669,0.6330059170722961,15846000,0.0,0.0,0.0
2011-03-17 00:00:00+08:00,0.605681854723822,0.6193438379769867,0.605681854723822,0.6147898435592651,6247000,0.0,0.0,0.0
2011-03-18 00:00:00+08:00,0.6238978715421531,0.6238978715421531,0.614789882135215,0.6193438768386841,5137000,0.0,0.0,0.0
2011-03-21 00:00:00+08:00,0.6284519008387826,0.6421138857012142,0.6193439109304947,0.6375598907470703,10882000,0.0,0.0,0.0
2011-03-22 00:00:00+08:00,0.6466678400380124,0.6648838729983372,0.6375598507017993,0.6603298783302307,11392000,0.0,0.0,0.0
2011-03-23 00:00:00+08:00,0.655775802506689,0.6830997671338551,0.655775802506689,0.6785457730293274,11774000,0.0,0.0,0.0
2011-03-24 00:00:00+08:00,0.6785458711503338,0.6922078554395057,0.6785458711503338,0.6830998659133911,7337000,0.0,0.0,0.0
2011-03-25 00:00:00+08:00,0.6876538740890227,0.7104238483484338,0.6876538740890227,0.7058698534965515,10545000,0.0,0.0,0.0
2011-03-28 00:00:00+08:00,0.7058699348028606,0.7104239301792993,0.6830999579206679,0.7013159394264221,5408000,0.0,0.0,0.0
2011-03-29 00:00:00+08:00,0.6922078942109423,0.6967618892290747,0.6830999041746778,0.6876538991928101,5697000,0.0,0.0,0.0
2011-03-30 00:00:00+08:00,0.6876538779898687,0.7013158626230154,0.6876538779898687,0.6922078728675842,8246000,0.0,0.0,0.0
2011-03-31 00:00:00+08:00,0.6922078554395057,0.696761850202563,0.6830998659133911,0.6830998659133911,2792000,0.0,0.0,0.0
2011-04-01 00:00:00+08:00,0.6785458675858208,0.6967618465423584,0.6785458675858208,0.6967618465423584,7676000,0.0,0.0,0.0
2011-04-04 00:00:00+08:00,0.6967618637927872,0.7104238483484338,0.6967618637927872,0.7058698534965515,12368000,0.0,0.0,0.0
2011-04-05 00:00:00+08:00,0.7058698360206273,0.7058698360206273,0.692207851803224,0.6967618465423584,9418000,0.0,0.0,0.0
2011-04-06 00:00:00+08:00,0.6967619440499836,0.7013159394264221,0.6922079486735451,0.7013159394264221,4662000,0.0,0.0,0.0
2011-04-07 00:00:00+08:00,0.7058698510544691,0.7423018640313845,0.7058698510544691,0.7331938743591309,32514000,0.0,0.0,0.0
2011-04-08 00:00:00+08:00,0.7331939503023223,0.7423019409179688,0.7286399549944991,0.7423019409179688,7936000,0.0,0.0,0.0
2011-04-11 00:00:00+08:00,0.7468559362257919,0.7605179221492617,0.7423019409179688,0.7423019409179688,15431000,0.0,0.0,0.0
2011-04-12 00:00:00+08:00,0.7423018463146798,0.7468558410421153,0.7195318726775023,0.7240858674049377,8871000,0.0,0.0,0.0
2011-04-13 00:00:00+08:00,0.7240859596866758,0.7423019409179688,0.7240859596866758,0.7423019409179688,7392000,0.0,0.0,0.0
2011-04-14 00:00:00+08:00,0.7423018463146798,0.7423018463146798,0.7240858674049377,0.7240858674049377,7815000,0.0,0.0,0.0
2011-04-15 00:00:00+08:00,0.7286398621323733,0.7377478515872443,0.7240858674049377,0.7240858674049377,4378000,0.0,0.0,0.0
2011-04-18 00:00:00+08:00,0.7240859263585112,0.7286399214567236,0.7058698916777582,0.7104238867759705,5445000,0.0,0.0,0.0
2011-04-19 00:00:00+08:00,0.7013158586446693,0.7104238483484338,0.7013158586446693,0.7058698534965515,5178000,0.0,0.0,0.0
2011-04-20 00:00:00+08:00,0.7104238867759705,0.7195319312602989,0.7058698916777582,0.7104238867759705,6115000,0.0,0.0,0.0
2011-04-21 00:00:00+08:00,0.719531892340099,0.719531892340099,0.7058698534965515,0.7058698534965515,4593000,0.0,0.0,0.0
2011-04-25 00:00:00+08:00,0.7104239301792993,0.7104239301792993,0.7013159394264221,0.7013159394264221,1704000,0.0,0.0,0.0
2011-04-26 00:00:00+08:00,0.7013158842472069,0.7013158842472069,0.6785459091565454,0.6876538991928101,8188000,0.0,0.0,0.0
2011-04-27 00:00:00+08:00,0.6967618892290747,0.6967618892290747,0.6830999041746778,0.6876538991928101,3393000,0.0,0.0,0.0
2011-04-28 00:00:00+08:00,0.6830999304693586,0.6922079208562186,0.6694379448890686,0.6694379448890686,7887000,0.0,0.0,0.0
2011-04-29 00:00:00+08:00,0.6739919014747843,0.6785458964073516,0.6648839116096497,0.6648839116096497,2420000,0.0,0.0,0.0
2011-05-03 00:00:00+08:00,0.6694378440901855,0.6694378440901855,0.6512218117713928,0.6512218117713928,3948000,0.0,0.0,0.0
2011-05-04 00:00:00+08:00,0.6466678380966187,0.6557758816933866,0.6375598487877491,0.6466678380966187,6960000,0.0,0.0,0.0
2011-05-05 00:00:00+08:00,0.6466679023939944,0.6512218975012272,0.6330059170722961,0.6330059170722961,6349000,0.0,0.0,0.0
2011-05-06 00:00:00+08:00,0.6284518450634333,0.6284518450634333,0.6193438559634832,0.6238978505134583,6728000,0.0,0.0,0.0
2011-05-09 00:00:00+08:00,0.6330058337404969,0.6557758605670135,0.6330058337404969,0.6512218117713928,11730000,0.0,0.0,0.0
2011-05-10 00:00:00+08:00,0.6557758605670135,0.6603298550747375,0.6512218117713928,0.6512218117713928,5486000,0.0,0.0,0.0
2011-05-11 00:00:00+08:00,0.6557758605670135,0.6603298550747375,0.6512218117713928,0.6512218117713928,3358000,0.0,0.0,0.0
2011-05-12 00:00:00+08:00,0.6512218756095021,0.6512218756095021,0.6375598907470703,0.6375598907470703,3498000,0.0,0.0,0.0
2011-05-13 00:00:00+08:00,0.6421465865647856,0.6513201006376679,0.6375598295283444,0.6467333436012268,2314000,0.005,0.0,0.0
2011-05-16 00:00:00+08:00,0.6421467099579546,0.6467334678757747,0.6329731941223145,0.6329731941223145,2908000,0.0,0.0,0.0
2011-05-18 00:00:00+08:00,0.6329731924460419,0.6513202240687347,0.6329731924460419,0.6375599503517151,3914000,0.0,0.0,0.0
2011-05-19 00:00:00+08:00,0.6467334678757747,0.6513202257935948,0.6329731941223145,0.6329731941223145,2969000,0.0,0.0,0.0
2011-05-20 00:00:00+08:00,0.6375597723288482,0.6375597723288482,0.6283862590789795,0.6283862590789795,1932000,0.0,0.0,0.0
2011-05-23 00:00:00+08:00,0.6237995632971326,0.6329730774417517,0.619212806224823,0.619212806224823,2440000,0.0,0.0,0.0
2011-05-24 00:00:00+08:00,0.6192127462217362,0.6329730161052642,0.6146259895938935,0.6237995028495789,3596000,0.0,0.0,0.0
2011-05-25 00:00:00+08:00,0.6237996851411531,0.6237996851411531,0.6146261692047119,0.6146261692047119,3025000,0.0,0.0,0.0
2011-05-26 00:00:00+08:00,0.6192129271729325,0.6237996851411531,0.6146261692047119,0.6146261692047119,2811000,0.0,0.0,0.0
2011-05-27 00:00:00+08:00,0.6146260491525134,0.6237995632971326,0.6146260491525134,0.619212806224823,2574000,0.0,0.0,0.0
2011-05-30 00:00:00+08:00,0.6192127462217362,0.6283862594774215,0.6192127462217362,0.6237995028495789,2104000,0.0,0.0,0.0
2011-05-31 00:00:00+08:00,0.6237996851411531,0.6283864431093739,0.6146261692047119,0.6146261692047119,2369000,0.0,0.0,0.0
2011-06-01 00:00:00+08:00,0.6192128684369459,0.6237996259700855,0.6100393533706665,0.6100393533706665,2835000,0.0,0.0,0.0
2011-06-02 00:00:00+08:00,0.6054526535607698,0.6054526535607698,0.6008658409118652,0.6008658409118652,2988000,0.0,0.0,0.0
2011-06-03 00:00:00+08:00,0.6008658409118652,0.6054526535607698,0.5962790829414287,0.6008658409118652,1653000,0.0,0.0,0.0
2011-06-06 00:00:00+08:00,0.6008657233904287,0.6008657233904287,0.5871054521704473,0.5916922092437744,1774000,0.0,0.0,0.0
2011-06-07 00:00:00+08:00,0.5916922084063396,0.6008657225400105,0.5825186942726689,0.596278965473175,1795000,0.0,0.0,0.0
2011-06-08 00:00:00+08:00,0.5962789671742144,0.6008657242541346,0.5871054530143738,0.5871054530143738,1357000,0.0,0.0,0.0
2011-06-09 00:00:00+08:00,0.5871054530143738,0.5962789671742144,0.5779319388545331,0.5871054530143738,4186000,0.0,0.0,0.0
2011-06-10 00:00:00+08:00,0.6008657242541346,0.6008657242541346,0.5871054530143738,0.5871054530143738,3603000,0.0,0.0,0.0
2011-06-13 00:00:00+08:00,0.5871054547424137,0.5871054547424137,0.5779319405555725,0.5779319405555725,2169000,0.0,0.0,0.0
2011-06-14 00:00:00+08:00,0.5825186959344535,0.5962789671742144,0.5779319388545331,0.5871054530143738,10603000,0.0,0.0,0.0
2011-06-15 00:00:00+08:00,0.5916922715015075,0.5916922715015075,0.5825187563896179,0.5825187563896179,2759000,0.0,0.0,0.0
2011-06-16 00:00:00+08:00,0.5779319432108534,0.5779319432108534,0.5549981576383821,0.5641716718673706,7492000,0.0,0.0,0.0
2011-06-17 00:00:00+08:00,0.5687584904632373,0.5687584904632373,0.5595849752426147,0.5595849752426147,4579000,0.0,0.0,0.0
2011-06-20 00:00:00+08:00,0.5595849174524119,0.568758431725655,0.5504114031791687,0.5504114031791687,2716000,0.0,0.0,0.0
2011-06-21 00:00:00+08:00,0.559584968609894,0.5825187563896179,0.559584968609894,0.5825187563896179,10707000,0.0,0.0,0.0
2011-06-22 00:00:00+08:00,0.5871054547424137,0.5916922118358343,0.5779319405555725,0.5779319405555725,7691000,0.0,0.0,0.0
2011-06-23 00:00:00+08:00,0.5779319988336732,0.5916922715015075,0.5687584837217836,0.5825187563896179,5242000,0.0,0.0,0.0
2011-06-24 00:00:00+08:00,0.5825188090301191,0.6054526535607698,0.5825188090301191,0.6008658409118652,8148000,0.0,0.0,0.0
2011-06-27 00:00:00+08:00,0.5916922084063396,0.6008657225400105,0.5871054513395043,0.596278965473175,4218000,0.0,0.0,0.0
2011-06-28 00:00:00+08:00,0.6008657225400105,0.6054525342853031,0.5916922084063396,0.596278965473175,4171000,0.0,0.0,0.0
2011-06-29 00:00:00+08:00,0.6008657225400105,0.6008657225400105,0.5916922084063396,0.596278965473175,3123000,0.0,0.0,0.0
2011-06-30 00:00:00+08:00,0.596278965473175,0.6054525342853031,0.596278965473175,0.596278965473175,8498000,0.0,0.0,0.0
2011-07-01 00:00:00+08:00,0.6008657225400105,0.6008657225400105,0.5916922084063396,0.596278965473175,3612000,0.0,0.0,0.0
2011-07-04 00:00:00+08:00,0.6054524759543077,0.6283862590789795,0.6054524759543077,0.6283862590789795,22503000,0.0,0.0,0.0
2011-07-05 00:00:00+08:00,0.6283863203694421,0.6375598345140613,0.6146260491525134,0.619212806224823,6052000,0.0,0.0,0.0
2011-07-06 00:00:00+08:00,0.6237996259700855,0.6237996259700855,0.6100393533706665,0.6100393533706665,5166000,0.0,0.0,0.0
2011-07-07 00:00:00+08:00,0.6100393533706665,0.6192128684369459,0.6054525958375269,0.6100393533706665,3608000,0.0,0.0,0.0
2011-07-08 00:00:00+08:00,0.6146260491525134,0.6237995632971326,0.6146260491525134,0.619212806224823,5464000,0.0,0.0,0.0
2011-07-11 00:00:00+08:00,0.6146261109038061,0.6237996259700855,0.6100393533706665,0.6100393533706665,5610000,0.0,0.0,0.0
2011-07-12 00:00:00+08:00,0.6054525988478049,0.6054525988478049,0.5779319988336732,0.5825187563896179,9884000,0.0,0.0,0.0
2011-07-13 00:00:00+08:00,0.5871054521704473,0.5916922092437744,0.5825186950971201,0.5916922092437744,2921000,0.0,0.0,0.0
2011-07-14 00:00:00+08:00,0.5871055139455628,0.5871055139455628,0.5779319988336732,0.5825187563896179,2319000,0.0,0.0,0.0
2011-07-15 00:00:00+08:00,0.5825186379685192,0.5825186379685192,0.5733451247215271,0.5733451247215271,3253000,0.0,0.0,0.0
2011-07-18 00:00:00+08:00,0.5733452480735486,0.5779320056838599,0.5549982176323035,0.5595849752426147,4930000,0.0,0.0,0.0
2011-07-19 00:00:00+08:00,0.5595849138820584,0.577931942311484,0.5595849138820584,0.5687584280967712,5823000,0.0,0.0,0.0
2011-07-20 00:00:00+08:00,0.577931942311484,0.5825186994188404,0.5687584280967712,0.5687584280967712,6046000,0.0,0.0,0.0
2011-07-21 00:00:00+08:00,0.5687584280967712,0.577931942311484,0.5687584280967712,0.5687584280967712,3477000,0.0,0.0,0.0
2011-07-22 00:00:00+08:00,0.5779319988336732,0.5871055139455628,0.5779319988336732,0.5825187563896179,5992000,0.0,0.0,0.0
2011-07-25 00:00:00+08:00,0.5733452480735486,0.5733452480735486,0.5504114600219921,0.5595849752426147,18658000,0.0,0.0,0.0
2011-07-26 00:00:00+08:00,0.5595849752426147,0.5687584904632373,0.5549982176323035,0.5595849752426147,5892000,0.0,0.0,0.0
2011-07-27 00:00:00+08:00,0.5595849183825038,0.5595849183825038,0.5366510779828193,0.5458246469497681,14963000,0.0,0.0,0.0
2011-07-28 00:00:00+08:00,0.5320643841024558,0.5320643841024558,0.4999570802750945,0.5137173533439636,65869000,0.0,0.0,0.0
2011-07-29 00:00:00+08:00,0.5366510776215937,0.5458246465823676,0.5183040490569623,0.5228908061981201,82423000,0.0,0.0,0.0
2011-08-01 00:00:00+08:00,0.5320642594378048,0.5366510160527336,0.5228907462079472,0.527477502822876,22515000,0.0,0.0,0.0
2011-08-02 00:00:00+08:00,0.5228909335219367,0.5274776917799692,0.49995714223177473,0.5045439004898071,18818000,0.0,0.0,0.0
2011-08-03 00:00:00+08:00,0.4816099425678246,0.4953702688217163,0.47702318537601357,0.4953702688217163,28380000,0.0,0.0,0.0
2011-08-04 00:00:00+08:00,0.4953702973783253,0.49995705483454905,0.481609970331192,0.481609970331192,10280000,0.0,0.0,0.0
2011-08-05 00:00:00+08:00,0.44491591934907654,0.4495026768946577,0.4311556193731016,0.4403291344642639,35223000,0.0,0.0,0.0
2011-08-08 00:00:00+08:00,0.43115559731034175,0.43115559731034175,0.38987475417327105,0.3990482687950134,24831000,0.0,0.0,0.0
2011-08-10 00:00:00+08:00,0.41280854395913225,0.42198208599191606,0.37611445784568787,0.37611445784568787,27725000,0.0,0.0,0.0
2011-08-11 00:00:00+08:00,0.3485938885488116,0.38070121751102,0.3440071311741005,0.3669409453868866,41710000,0.0,0.0,0.0
2011-08-12 00:00:00+08:00,0.38070121633743026,0.3852879736980018,0.37152770161628723,0.37152770161628723,18869000,0.0,0.0,0.0
2011-08-15 00:00:00+08:00,0.3761144567417741,0.39446151341426194,0.3761144567417741,0.3807012140750885,16248000,0.0,0.0,0.0
2011-08-16 00:00:00+08:00,0.38987475722524845,0.3944615145720252,0.3715277004989111,0.37611445784568787,20265000,0.0,0.0,0.0
2011-08-17 00:00:00+08:00,0.38070121519246464,0.38070121519246464,0.3669409431521344,0.37611445784568787,9744000,0.0,0.0,0.0
2011-08-18 00:00:00+08:00,0.3761144567417741,0.3807012140750885,0.3715276994084597,0.3807012140750885,8730000,0.0,0.0,0.0
2011-08-19 00:00:00+08:00,0.36235418901028366,0.36235418901028366,0.3485938895090169,0.3531806468963623,12244000,0.0,0.0,0.0
2011-08-22 00:00:00+08:00,0.3531806459235227,0.37152770276159774,0.3531806459235227,0.3669409453868866,10602000,0.0,0.0,0.0
2011-08-23 00:00:00+08:00,0.3669409442557157,0.37611445897685875,0.3577674021953423,0.37152770161628723,10122000,0.0,0.0,0.0
2011-08-24 00:00:00+08:00,0.37611439945700204,0.38070115609172234,0.35776734557889484,0.3623541295528412,7670000,0.0,0.0,0.0
2011-08-25 00:00:00+08:00,0.3669409442557157,0.37152770161628723,0.36235418689514426,0.37152770161628723,4985000,0.0,0.0,0.0
2011-08-26 00:00:00+08:00,0.3669409453868866,0.37152770276159774,0.36235418801217545,0.3669409453868866,3372000,0.0,0.0,0.0
2011-08-29 00:00:00+08:00,0.37152766960601663,0.38987472480677815,0.37152766960601663,0.38528794050216675,9507000,0.0,0.0,0.0
2011-08-31 00:00:00+08:00,0.38987474955505685,0.44032910671621883,0.38987474955505685,0.43115559220314026,28598000,0.0,0.0,0.0
2011-09-01 00:00:00+08:00,0.43574231973854877,0.44491586096514785,0.4082217507372074,0.41280850768089294,15486000,0.0,0.0,0.0
2011-09-02 00:00:00+08:00,0.40822178232299583,0.41739532425938936,0.3944615104272506,0.40363502502441406,8728000,0.0,0.0,0.0
2011-09-05 00:00:00+08:00,0.3852879716606644,0.38987475633621216,0.3807012143243469,0.38987475633621216,5109000,0.0,0.0,0.0
2011-09-06 00:00:00+08:00,0.3852879705794898,0.39904826988905917,0.376114455932597,0.3944615125656128,6661000,0.0,0.0,0.0
2011-09-07 00:00:00+08:00,0.39446150939410923,0.4128085385403832,0.39446150939410923,0.4082217812538147,11411000,0.0,0.0,0.0
2011-09-08 00:00:00+08:00,0.4128085396215776,0.41739532425938936,0.3944615104272506,0.40363502502441406,9549000,0.0,0.0,0.0
2011-09-09 00:00:00+08:00,0.39904826988905917,0.408221784535952,0.3944615125656128,0.3944615125656128,6290000,0.0,0.0,0.0
2011-09-12 00:00:00+08:00,0.3852879716606644,0.38987475633621216,0.37611445698802937,0.38987475633621216,4639000,0.0,0.0,0.0
2011-09-13 00:00:00+08:00,0.38987472480677815,0.3944614817721615,0.3807011835367834,0.38528794050216675,3262000,0.0,0.0,0.0
2011-09-14 00:00:00+08:00,0.38987472480677815,0.3944614817721615,0.3807011835367834,0.38528794050216675,3546000,0.0,0.0,0.0
2011-09-15 00:00:00+08:00,0.3944614817721615,0.39904823873754486,0.38528794050216675,0.38528794050216675,5430000,0.0,0.0,0.0
2011-09-16 00:00:00+08:00,0.3944615125656128,0.3944615125656128,0.3852879705794898,0.3944615125656128,4842000,0.0,0.0,0.0
2011-09-19 00:00:00+08:00,0.3898747560809475,0.3898747560809475,0.3761144567417741,0.3807012140750885,5191000,0.0,0.0,0.0
2011-09-20 00:00:00+08:00,0.37611442657140004,0.38528794050216675,0.37611442657140004,0.38528794050216675,5413000,0.0,0.0,0.0
2011-09-21 00:00:00+08:00,0.38528794050216675,0.38987472480677815,0.3807011835367834,0.38528794050216675,2615000,0.0,0.0,0.0
2011-09-22 00:00:00+08:00,0.37611445784568787,0.38070121519246464,0.3715277004989111,0.37611445784568787,4483000,0.0,0.0,0.0
2011-09-23 00:00:00+08:00,0.3669409442557157,0.37611445897685875,0.3669409442557157,0.37152770161628723,5137000,0.0,0.0,0.0
2011-09-26 00:00:00+08:00,0.37611439945700204,0.37611439945700204,0.3531805889441746,0.3623541295528412,4327000,0.0,0.0,0.0
2011-09-27 00:00:00+08:00,0.3669409453868866,0.37152770276159774,0.36235418801217545,0.3669409453868866,5278000,0.0,0.0,0.0
2011-09-28 00:00:00+08:00,0.36694100634296545,0.36694100634296545,0.35318070459374634,0.3577674627304077,6548000,0.0,0.0,0.0
2011-09-29 00:00:00+08:00,0.3531806468963623,0.3577674042837077,0.3531806468963623,0.3531806468963623,834000,0.0,0.0,0.0
2011-09-30 00:00:00+08:00,0.35318067987105906,0.35776743768664687,0.3440071642398834,0.3440071642398834,5526000,0.0,0.0,0.0
2011-10-03 00:00:00+08:00,0.33483356190322894,0.33483356190322894,0.30731299479694674,0.31189975142478943,14057000,0.0,0.0,0.0
2011-10-04 00:00:00+08:00,0.3027262680062562,0.30731302508617653,0.2935527265071869,0.2935527265071869,13729000,0.0,0.0,0.0
2011-10-05 00:00:00+08:00,0.2981394827365875,0.30272626714265155,0.29355272566975216,0.2981394827365875,7226000,0.0,0.0,0.0
2011-10-06 00:00:00+08:00,0.30731299479694674,0.31189975142478943,0.30272623816910404,0.31189975142478943,4434000,0.0,0.0,0.0
2011-10-07 00:00:00+08:00,0.3164865080526321,0.3210732646804748,0.31189975142478943,0.31189975142478943,7490000,0.0,0.0,0.0
2011-10-10 00:00:00+08:00,0.31189975142478943,0.3210732646804748,0.30731299479694674,0.31189975142478943,4112000,0.0,0.0,0.0
2011-10-11 00:00:00+08:00,0.3164865080526321,0.3210732646804748,0.31189975142478943,0.31189975142478943,6068000,0.0,0.0,0.0
2011-10-12 00:00:00+08:00,0.3164865366437074,0.3256600507281188,0.30731302255929593,0.3210732936859131,8768000,0.0,0.0,0.0
2011-10-13 00:00:00+08:00,0.3256600785660624,0.34859389307673855,0.3256600785660624,0.3394203782081604,32187000,0.0,0.0,0.0
2011-10-14 00:00:00+08:00,0.3394203707360286,0.3807012140750885,0.3394203707360286,0.3807012140750885,61392000,0.0,0.0,0.0
2011-10-17 00:00:00+08:00,0.3944615136725297,0.3990482710088472,0.3852879716606644,0.38987475633621216,23199000,0.0,0.0,0.0
2011-10-18 00:00:00+08:00,0.3715277644796269,0.3715277644796269,0.34859394645708497,0.3577674627304077,17247000,0.0,0.0,0.0
2011-10-19 00:00:00+08:00,0.37152770276159774,0.38070121751102,0.36235418801217545,0.3669409453868866,35121000,0.0,0.0,0.0
2011-10-20 00:00:00+08:00,0.3623542482063041,0.36694100634296545,0.35318070459374634,0.3577674627304077,11289000,0.0,0.0,0.0
2011-10-21 00:00:00+08:00,0.35776734557889484,0.3715276428222818,0.35776734557889484,0.3623541295528412,4541000,0.0,0.0,0.0
2011-10-24 00:00:00+08:00,0.37152770161628723,0.3852879736980018,0.3669409442557157,0.37152770161628723,28239000,0.0,0.0,0.0
2011-10-25 00:00:00+08:00,0.3761144601363089,0.3761144601363089,0.36235418801217545,0.3669409453868866,7301000,0.0,0.0,0.0
2011-10-27 00:00:00+08:00,0.37152769759055626,0.3990482687950134,0.3669409402796851,0.3990482687950134,42863000,0.0,0.0,0.0
2011-10-28 00:00:00+08:00,0.4128085418593984,0.4128085418593984,0.3944615125656128,0.3944615125656128,12653000,0.0,0.0,0.0
2011-10-31 00:00:00+08:00,0.39446151341426194,0.39446151341426194,0.3807012140750885,0.3807012140750885,5897000,0.0,0.0,0.0
2011-11-01 00:00:00+08:00,0.3715276428222818,0.38070115609172234,0.3623541295528412,0.3623541295528412,10698000,0.0,0.0,0.0
2011-11-02 00:00:00+08:00,0.35318061440525517,0.38528794050216675,0.3485938574398718,0.38528794050216675,15200000,0.0,0.0,0.0
2011-11-03 00:00:00+08:00,0.37152770276159774,0.3761144601363089,0.36235418801217545,0.3669409453868866,7551000,0.0,0.0,0.0
2011-11-04 00:00:00+08:00,0.37611445897685875,0.3852879736980018,0.37152770161628723,0.37152770161628723,9862000,0.0,0.0,0.0
2011-11-08 00:00:00+08:00,0.37611445897685875,0.37611445897685875,0.3669409442557157,0.37152770161628723,4326000,0.0,0.0,0.0
2011-11-09 00:00:00+08:00,0.37152770161628723,0.3852879736980018,0.3669409442557157,0.37152770161628723,14040000,0.0,0.0,0.0
2011-11-10 00:00:00+08:00,0.34859389066696167,0.35776740547212466,0.33483361845921716,0.34859389066696167,28830000,0.0,0.0,0.0
2011-11-11 00:00:00+08:00,0.34859389433114285,0.34859389433114285,0.3302468645279654,0.33483362197875977,15024000,0.0,0.0,0.0
2011-11-14 00:00:00+08:00,0.3394203782081604,0.34400713564244945,0.33483362077387135,0.3394203782081604,8136000,0.0,0.0,0.0
2011-11-15 00:00:00+08:00,0.33483362077387135,0.3394203782081604,0.33024686333958225,0.3394203782081604,3141000,0.0,0.0,0.0
2011-11-16 00:00:00+08:00,0.33483362197875977,0.3394203794295541,0.3302468645279654,0.33483362197875977,4690000,0.0,0.0,0.0
2011-11-17 00:00:00+08:00,0.33024686450737545,0.3348336219578838,0.3256600797176361,0.3256600797176361,5750000,0.0,0.0,0.0
2011-11-18 00:00:00+08:00,0.3210733549789773,0.3210733549789773,0.3164865970611572,0.3164865970611572,6303000,0.0,0.0,0.0
2011-11-21 00:00:00+08:00,0.31648656725883484,0.3257949867325046,0.31648656725883484,0.31648656725883484,6318000,0.005,0.0,0.0
2011-11-22 00:00:00+08:00,0.31648658593464235,0.3257950059576001,0.31183237592316343,0.3211407959461212,3534000,0.0,0.0,0.0
2011-11-23 00:00:00+08:00,0.31648654802554105,0.3211407574795337,0.31183233857154846,0.31183233857154846,1692000,0.0,0.0,0.0
2011-11-24 00:00:00+08:00,0.31183233857154846,0.3211407574795337,0.3071781291175558,0.31183233857154846,3967000,0.0,0.0,0.0
2011-11-25 00:00:00+08:00,0.3118322887929692,0.3118322887929692,0.3025238436296381,0.3071780800819397,4053000,0.0,0.0,0.0
2011-11-28 00:00:00+08:00,0.31183233857154846,0.31648654802554105,0.3071781291175558,0.31183233857154846,3455000,0.0,0.0,0.0
2011-11-29 00:00:00+08:00,0.3118322887929692,0.3118322887929692,0.3071780800819397,0.3071780800819397,2562000,0.0,0.0,0.0
2011-11-30 00:00:00+08:00,0.3071781291175558,0.31183233857154846,0.3025238919222866,0.31183233857154846,2624000,0.0,0.0,0.0
2011-12-01 00:00:00+08:00,0.3211407959461212,0.3257950059576001,0.3211407959461212,0.3211407959461212,4604000,0.0,0.0,0.0
2011-12-02 00:00:00+08:00,0.3211407262254058,0.32579493522644043,0.3118323082233364,0.32579493522644043,2951000,0.0,0.0,0.0
2011-12-05 00:00:00+08:00,0.32579499383446875,0.33975765109062195,0.3211407839961773,0.33975765109062195,4604000,0.0,0.0,0.0
2011-12-06 00:00:00+08:00,0.33975760176359254,0.3490660200887513,0.3257949465345796,0.3351033926010132,21188000,0.0,0.0,0.0
2011-12-07 00:00:00+08:00,0.3351033926010132,0.33975760176359254,0.3351033926010132,0.3351033926010132,4350000,0.0,0.0,0.0
2011-12-08 00:00:00+08:00,0.3304491442274751,0.3304491442274751,0.3211407262254058,0.32579493522644043,6077000,0.0,0.0,0.0
2011-12-09 00:00:00+08:00,0.32114077699566973,0.32114077699566973,0.3118323575219999,0.31648656725883484,2027000,0.0,0.0,0.0
2011-12-12 00:00:00+08:00,0.3211407574795337,0.32579496693352633,0.31183233857154846,0.31183233857154846,1422000,0.0,0.0,0.0
2011-12-13 00:00:00+08:00,0.3071781291175558,0.3211407574795337,0.3025238919222866,0.31183233857154846,12393000,0.0,0.0,0.0
2011-12-14 00:00:00+08:00,0.3118322887929692,0.3118322887929692,0.3071780800819397,0.3071780800819397,2786000,0.0,0.0,0.0
2011-12-15 00:00:00+08:00,0.3025239109992981,0.3071781484880613,0.2978697012518133,0.3025239109992981,3488000,0.0,0.0,0.0
2011-12-16 00:00:00+08:00,0.3025239109992981,0.3071781484880613,0.3025239109992981,0.3025239109992981,1680000,0.0,0.0,0.0
2011-12-19 00:00:00+08:00,0.302523933414023,0.302523933414023,0.2885613031370437,0.2932155132293701,3422000,0.0,0.0,0.0
2011-12-20 00:00:00+08:00,0.2932155132293701,0.302523933414023,0.2932155132293701,0.2932155132293701,4621000,0.0,0.0,0.0
2011-12-21 00:00:00+08:00,0.3025238917635624,0.3025238917635624,0.2978696823120117,0.2978696823120117,3572000,0.0,0.0,0.0
2011-12-22 00:00:00+08:00,0.2978696823120117,0.2978696823120117,0.293215472860461,0.2978696823120117,2163000,0.0,0.0,0.0
2011-12-23 00:00:00+08:00,0.2978696823120117,0.3025238917635624,0.2978696823120117,0.2978696823120117,1631000,0.0,0.0,0.0
2011-12-27 00:00:00+08:00,0.3025238436296381,0.3118322887929692,0.3025238436296381,0.3071780800819397,4402000,0.0,0.0,0.0
2011-12-28 00:00:00+08:00,0.31648654802554105,0.3211407574795337,0.3071781291175558,0.31183233857154846,7898000,0.0,0.0,0.0
2011-12-29 00:00:00+08:00,0.3071780800819397,0.3118322887929692,0.3025238436296381,0.3071780800819397,1686000,0.0,0.0,0.0
2011-12-30 00:00:00+08:00,0.31648649750399865,0.31648649750399865,0.3071780800819397,0.3071780800819397,1805000,0.0,0.0,0.0
2012-01-03 00:00:00+08:00,0.3071780992223017,0.3304491442274751,0.3071780992223017,0.32579493522644043,15265000,0.0,0.0,0.0
2012-01-04 00:00:00+08:00,0.33044921596907895,0.33044921596907895,0.31648658593464235,0.3211407959461212,5243000,0.0,0.0,0.0
2012-01-05 00:00:00+08:00,0.32114077699566973,0.3257949867325046,0.31648656725883484,0.31648656725883484,2780000,0.0,0.0,0.0
2012-01-06 00:00:00+08:00,0.32114077699566973,0.32114077699566973,0.3118323575219999,0.31648656725883484,1525000,0.0,0.0,0.0
2012-01-09 00:00:00+08:00,0.31648658593464235,0.3211407959461212,0.31183237592316343,0.3211407959461212,1688000,0.0,0.0,0.0
2012-01-10 00:00:00+08:00,0.3211407453571157,0.3351034009333079,0.31648653607881005,0.3304491639137268,17950000,0.0,0.0,0.0
2012-01-11 00:00:00+08:00,0.3351033809697837,0.3351033809697837,0.32579493522644043,0.32579493522644043,6263000,0.0,0.0,0.0
2012-01-12 00:00:00+08:00,0.3257949867325046,0.33044919646933957,0.31648656725883484,0.31648656725883484,9981000,0.0,0.0,0.0
2012-01-13 00:00:00+08:00,0.31648658593464235,0.3257950059576001,0.31648658593464235,0.3211407959461212,10511000,0.0,0.0,0.0
2012-01-16 00:00:00+08:00,0.32114077699566973,0.32114077699566973,0.3118323575219999,0.31648656725883484,3691000,0.0,0.0,0.0
2012-01-17 00:00:00+08:00,0.3211407373720002,0.3351033926010132,0.3164865282094208,0.3351033926010132,29110000,0.0,0.0,0.0
2012-01-18 00:00:00+08:00,0.3304491442274751,0.3351033809697837,0.3211407262254058,0.32579493522644043,7666000,0.0,0.0,0.0
2012-01-19 00:00:00+08:00,0.33044915569715894,0.3444118109261719,0.3257949465345796,0.3351033926010132,27137000,0.0,0.0,0.0
2012-01-20 00:00:00+08:00,0.3351034412523305,0.3490660707672048,0.3351034412523305,0.33975765109062195,18025000,0.0,0.0,0.0
2012-01-25 00:00:00+08:00,0.34441184746380804,0.363028686089131,0.34441184746380804,0.3583744764328003,27833000,0.0,0.0,0.0
2012-01-26 00:00:00+08:00,0.363028686089131,0.36768292348673953,0.34906605712013883,0.3583744764328003,11133000,0.0,0.0,0.0
2012-01-27 00:00:00+08:00,0.3583744764328003,0.363028686089131,0.35372026677646956,0.3583744764328003,6656000,0.0,0.0,0.0
2012-01-30 00:00:00+08:00,0.3583744571514376,0.3583744571514376,0.34906603833959027,0.3537202477455139,4889000,0.0,0.0,0.0
2012-01-31 00:00:00+08:00,0.3583744764328003,0.3583744764328003,0.34906605712013883,0.3583744764328003,7440000,0.0,0.0,0.0
2012-02-01 00:00:00+08:00,0.3630286856496661,0.3816455519937302,0.3630286856496661,0.37233713269233704,30052000,0.0,0.0,0.0
2012-02-02 00:00:00+08:00,0.3816455200856549,0.40026238487322663,0.3769913108240808,0.386299729347229,40021000,0.0,0.0,0.0
2012-02-03 00:00:00+08:00,0.3909539684345268,0.40026241540908813,0.3909539684345268,0.40026241540908813,12012000,0.0,0.0,0.0
2012-02-06 00:00:00+08:00,0.40491659413480074,0.4095708033963748,0.386299729347229,0.386299729347229,36947000,0.0,0.0,0.0
2012-02-07 00:00:00+08:00,0.39095393860880306,0.39560817561165257,0.3816455200856549,0.386299729347229,20422000,0.0,0.0,0.0
2012-02-08 00:00:00+08:00,0.3909539684345268,0.40026241540908813,0.3862997588178849,0.40026241540908813,17584000,0.0,0.0,0.0
2012-02-09 00:00:00+08:00,0.4049166142542892,0.4049166142542892,0.3909539580345154,0.3909539580345154,23998000,0.0,0.0,0.0
2012-02-10 00:00:00+08:00,0.39095395105368724,0.3956081882046909,0.363028666854047,0.36768290400505066,28343000,0.0,0.0,0.0
2012-02-13 00:00:00+08:00,0.37233713269233704,0.3816455519937302,0.36768292304164046,0.37233713269233704,26573000,0.0,0.0,0.0
2012-02-14 00:00:00+08:00,0.3769913423430336,0.3769913423430336,0.3630286856496661,0.37233713269233704,19359000,0.0,0.0,0.0
2012-02-15 00:00:00+08:00,0.3769913108240808,0.39095393860880306,0.37233710156250677,0.386299729347229,58310000,0.0,0.0,0.0
2012-02-16 00:00:00+08:00,0.3816455519937302,0.38629976164442675,0.36768292304164046,0.37233713269233704,19456000,0.0,0.0,0.0
2012-02-17 00:00:00+08:00,0.38164554109508747,0.3909539601306603,0.37233712205951464,0.376991331577301,21822000,0.0,0.0,0.0
2012-02-20 00:00:00+08:00,0.3816455519937302,0.38629976164442675,0.37233713269233704,0.37233713269233704,14075000,0.0,0.0,0.0
2012-02-21 00:00:00+08:00,0.3769913423430336,0.3769913423430336,0.36768292304164046,0.37233713269233704,12234000,0.0,0.0,0.0
2012-02-22 00:00:00+08:00,0.37233712209551406,0.3769913316137505,0.3630286753177643,0.3630286753177643,13846000,0.0,0.0,0.0
2012-02-23 00:00:00+08:00,0.3630286774991589,0.3630286774991589,0.3490660488605499,0.3490660488605499,18420000,0.0,0.0,0.0
2012-02-24 00:00:00+08:00,0.3537202477455139,0.3583744571514376,0.34906603833959027,0.3537202477455139,11813000,0.0,0.0,0.0
2012-02-27 00:00:00+08:00,0.3583744571514376,0.3676829037045612,0.3537202477455139,0.3537202477455139,22454000,0.0,0.0,0.0
2012-02-28 00:00:00+08:00,0.3583744571514376,0.36302866655736127,0.3537202477455139,0.3537202477455139,6132000,0.0,0.0,0.0
2012-02-29 00:00:00+08:00,0.35837445744431967,0.36768290400505066,0.35372024803459234,0.36768290400505066,16310000,0.0,0.0,0.0
2012-03-01 00:00:00+08:00,0.3676829037045612,0.3676829037045612,0.3537202477455139,0.3537202477455139,12634000,0.0,0.0,0.0
2012-03-02 00:00:00+08:00,0.3676829310099056,0.386299770016148,0.3630286935170667,0.3816455602645874,37004000,0.0,0.0,0.0
2012-03-05 00:00:00+08:00,0.3816455519937302,0.3909539712951234,0.36768292304164046,0.37233713269233704,22528000,0.0,0.0,0.0
2012-03-06 00:00:00+08:00,0.3723371131104849,0.3723371131104849,0.3537202477455139,0.3537202477455139,9930000,0.0,0.0,0.0
2012-03-07 00:00:00+08:00,0.349066046763055,0.3630286753177643,0.3444118372448186,0.3630286753177643,11454000,0.0,0.0,0.0
2012-03-08 00:00:00+08:00,0.363028686089131,0.36768292348673953,0.3583744764328003,0.3583744764328003,5592000,0.0,0.0,0.0
2012-03-09 00:00:00+08:00,0.3630286753177643,0.36768291257727764,0.35837446579952786,0.3630286753177643,4955000,0.0,0.0,0.0
2012-03-12 00:00:00+08:00,0.36302866655736127,0.3676829037045612,0.3537202477455139,0.3537202477455139,8300000,0.0,0.0,0.0
2012-03-13 00:00:00+08:00,0.35837445744431967,0.37699132282450526,0.35837445744431967,0.36768290400505066,27794000,0.0,0.0,0.0
2012-03-14 00:00:00+08:00,0.37699132282450526,0.37699132282450526,0.363028666854047,0.36768290400505066,8634000,0.0,0.0,0.0
2012-03-15 00:00:00+08:00,0.36768291257727764,0.36768291257727764,0.3630286753177643,0.3630286753177643,2322000,0.0,0.0,0.0
2012-03-16 00:00:00+08:00,0.363028666854047,0.372337113414778,0.363028666854047,0.36768290400505066,6674000,0.0,0.0,0.0
2012-03-19 00:00:00+08:00,0.37233713314307026,0.37233713314307026,0.3583744764328003,0.3583744764328003,5357000,0.0,0.0,0.0
2012-03-20 00:00:00+08:00,0.363028686089131,0.36768292348673953,0.3583744764328003,0.3583744764328003,5941000,0.0,0.0,0.0
2012-03-21 00:00:00+08:00,0.3583744764328003,0.363028686089131,0.3583744764328003,0.3583744764328003,3910000,0.0,0.0,0.0
2012-03-22 00:00:00+08:00,0.3583744571514376,0.36302866655736127,0.3537202477455139,0.3537202477455139,3216000,0.0,0.0,0.0
2012-03-23 00:00:00+08:00,0.35372026677646956,0.3583744764328003,0.35372026677646956,0.3583744764328003,3840000,0.0,0.0,0.0
2012-03-26 00:00:00+08:00,0.3583744679529559,0.3583744679529559,0.34441183931434693,0.3490660488605499,16564000,0.0,0.0,0.0
2012-03-27 00:00:00+08:00,0.3537202477455139,0.3583744571514376,0.3537202477455139,0.3537202477455139,14326000,0.0,0.0,0.0
2012-03-28 00:00:00+08:00,0.3537202584067529,0.3537202584067529,0.3490660488605499,0.3490660488605499,6069000,0.0,0.0,0.0
2012-03-29 00:00:00+08:00,0.3490660488605499,0.3490660488605499,0.3490660488605499,0.3490660488605499,3532000,0.0,0.0,0.0
2012-03-30 00:00:00+08:00,0.34906603833959027,0.3537202477455139,0.34906603833959027,0.3537202477455139,3357000,0.0,0.0,0.0
2012-04-02 00:00:00+08:00,0.3537202584067529,0.3537202584067529,0.34441183931434693,0.3490660488605499,7679000,0.0,0.0,0.0
2012-04-03 00:00:00+08:00,0.3490660596658596,0.35372026935613327,0.34441184997558594,0.34441184997558594,5033000,0.0,0.0,0.0
2012-04-04 00:00:00+08:00,0.3490660596658596,0.3490660596658596,0.34441184997558594,0.34441184997558594,4302000,0.0,0.0,0.0
2012-04-05 00:00:00+08:00,0.34441184997558594,0.3490660596658596,0.3397576402853123,0.34441184997558594,4219000,0.0,0.0,0.0
2012-04-09 00:00:00+08:00,0.33975765109062195,0.34441186092891335,0.3351034412523305,0.33975765109062195,5181000,0.0,0.0,0.0
2012-04-10 00:00:00+08:00,0.33975765109062195,0.34441186092891335,0.3351034412523305,0.33975765109062195,3700000,0.0,0.0,0.0
2012-04-11 00:00:00+08:00,0.3351034412523305,0.33975765109062195,0.3351034412523305,0.33975765109062195,3853000,0.0,0.0,0.0
2012-04-12 00:00:00+08:00,0.33975765109062195,0.34441186092891335,0.3351034412523305,0.33975765109062195,3038000,0.0,0.0,0.0
2012-04-13 00:00:00+08:00,0.33975760176359254,0.3444118109261719,0.3351033926010132,0.3351033926010132,2354000,0.0,0.0,0.0
2012-04-16 00:00:00+08:00,0.3351034009333079,0.3351034009333079,0.3304491639137268,0.3304491639137268,3577000,0.0,0.0,0.0
2012-04-17 00:00:00+08:00,0.3351034009333079,0.3397576102116135,0.32579495463542124,0.3304491639137268,5564000,0.0,0.0,0.0
2012-04-18 00:00:00+08:00,0.3351034009333079,0.3351034009333079,0.3304491639137268,0.3304491639137268,3340000,0.0,0.0,0.0
2012-04-19 00:00:00+08:00,0.3304491639137268,0.3351034009333079,0.32579495463542124,0.3304491639137268,2083000,0.0,0.0,0.0
2012-04-20 00:00:00+08:00,0.3304491639137268,0.3397576102116135,0.32579495463542124,0.3304491639137268,4014000,0.0,0.0,0.0
2012-04-23 00:00:00+08:00,0.3304491639137268,0.3351034009333079,0.32579495463542124,0.3304491639137268,4590000,0.0,0.0,0.0
2012-04-24 00:00:00+08:00,0.3304491442274751,0.3304491442274751,0.32579493522644043,0.32579493522644043,3427000,0.0,0.0,0.0
2012-04-25 00:00:00+08:00,0.3304491442274751,0.3304491442274751,0.32579493522644043,0.32579493522644043,1836000,0.0,0.0,0.0
2012-04-26 00:00:00+08:00,0.32579498347321334,0.34441184997558594,0.32579498347321334,0.34441184997558594,10020000,0.0,0.0,0.0
2012-04-27 00:00:00+08:00,0.34441186092891335,0.34441186092891335,0.3351034412523305,0.33975765109062195,3972000,0.0,0.0,0.0
2012-04-30 00:00:00+08:00,0.3351034412523305,0.34441186092891335,0.3351034412523305,0.33975765109062195,2661000,0.0,0.0,0.0
2012-05-02 00:00:00+08:00,0.34441184997558594,0.34441184997558594,0.3397576402853123,0.34441184997558594,1897000,0.0,0.0,0.0
2012-05-03 00:00:00+08:00,0.34441186092891335,0.34441186092891335,0.33975765109062195,0.33975765109062195,1411000,0.0,0.0,0.0
2012-05-04 00:00:00+08:00,0.33975760176359254,0.3444118109261719,0.3351033926010132,0.3351033926010132,1036000,0.0,0.0,0.0
2012-05-07 00:00:00+08:00,0.3351033809697837,0.3351033809697837,0.32579493522644043,0.32579493522644043,2454000,0.0,0.0,0.0
2012-05-08 00:00:00+08:00,0.32579495463542124,0.3304491639137268,0.32579495463542124,0.3304491639137268,2134000,0.0,0.0,0.0
2012-05-09 00:00:00+08:00,0.3118323582355461,0.316486567983031,0.3025239109992981,0.3025239109992981,9376000,0.0,0.0,0.0
2012-05-10 00:00:00+08:00,0.3025239109992981,0.3071781484880613,0.2978697012518133,0.3025239109992981,5135000,0.0,0.0,0.0
2012-05-11 00:00:00+08:00,0.3025238919222866,0.31183233857154846,0.3025238919222866,0.31183233857154846,4603000,0.0,0.0,0.0
2012-05-14 00:00:00+08:00,0.31183233840794045,0.31183233840794045,0.2978696823120117,0.2978696823120117,1775000,0.0,0.0,0.0
2012-05-15 00:00:00+08:00,0.293141633272171,0.2978697195859774,0.2836854606445582,0.293141633272171,5506000,0.005,0.0,0.0
2012-05-16 00:00:00+08:00,0.2931415924883379,0.2931415924883379,0.2789573073387146,0.2789573073387146,5469000,0.0,0.0,0.0
2012-05-17 00:00:00+08:00,0.27895734458618976,0.2836854590551228,0.2742292582988739,0.2742292582988739,3028000,0.0,0.0,0.0
2012-05-18 00:00:00+08:00,0.2695011642731719,0.2695011642731719,0.25531690581850747,0.26004499197006226,8625000,0.0,0.0,0.0
2012-05-21 00:00:00+08:00,0.2647730930387784,0.27422926587464325,0.26004500662084595,0.2695011794567108,6133000,0.0,0.0,0.0
2012-05-22 00:00:00+08:00,0.2742292216827113,0.28368542117633133,0.2742292216827113,0.2789573073387146,7997000,0.0,0.0,0.0
2012-05-23 00:00:00+08:00,0.2789573073387146,0.28368542117633133,0.2742292216827113,0.2789573073387146,4299000,0.0,0.0,0.0
2012-05-24 00:00:00+08:00,0.28368544578552246,0.2884135318516785,0.2789573315377505,0.28368544578552246,4053000,0.0,0.0,0.0
2012-05-25 00:00:00+08:00,0.28368544578552246,0.2884135318516785,0.27422924547159444,0.28368544578552246,1877000,0.0,0.0,0.0
2012-05-28 00:00:00+08:00,0.2789573315377505,0.2884135318516785,0.27422924547159444,0.28368544578552246,3048000,0.0,0.0,0.0
2012-05-29 00:00:00+08:00,0.2836854679937157,0.2931416408663002,0.2789573533758053,0.28841355443000793,4559000,0.0,0.0,0.0
2012-05-30 00:00:00+08:00,0.28841355443000793,0.2931416408663002,0.2836854679937157,0.28841355443000793,5292000,0.0,0.0,0.0
2012-05-31 00:00:00+08:00,0.28841354695836463,0.293141633272171,0.2836854606445582,0.293141633272171,6467000,0.0,0.0,0.0
2012-06-01 00:00:00+08:00,0.28841355443000793,0.2931416408663002,0.2836854679937157,0.28841355443000793,1868000,0.0,0.0,0.0
2012-06-04 00:00:00+08:00,0.27895734458618976,0.27895734458618976,0.2742292582988739,0.2742292582988739,2715000,0.0,0.0,0.0
2012-06-05 00:00:00+08:00,0.27895734458618976,0.27895734458618976,0.2742292582988739,0.2742292582988739,1599000,0.0,0.0,0.0
2012-06-06 00:00:00+08:00,0.2789573073387146,0.2789573073387146,0.26950113602670805,0.2789573073387146,4531000,0.0,0.0,0.0
2012-06-07 00:00:00+08:00,0.2789573522925757,0.2836854668921261,0.2647730930387784,0.2695011794567108,4928000,0.0,0.0,0.0
2012-06-08 00:00:00+08:00,0.2695011794567108,0.27422926587464325,0.2647730930387784,0.2695011794567108,2846000,0.0,0.0,0.0
2012-06-11 00:00:00+08:00,0.26950117201155804,0.2742292582988739,0.26950117201155804,0.2742292582988739,3709000,0.0,0.0,0.0
2012-06-12 00:00:00+08:00,0.2695011794567108,0.27422926587464325,0.2647730930387784,0.2695011794567108,3102000,0.0,0.0,0.0
2012-06-13 00:00:00+08:00,0.27422926587464325,0.27422926587464325,0.2647730930387784,0.2695011794567108,2558000,0.0,0.0,0.0
2012-06-14 00:00:00+08:00,0.26950115683325543,0.2742292428542855,0.26477307081222534,0.26477307081222534,1774000,0.0,0.0,0.0
2012-06-15 00:00:00+08:00,0.26950115683325543,0.2789573288753156,0.26477307081222534,0.26477307081222534,8368000,0.0,0.0,0.0
2012-06-18 00:00:00+08:00,0.27422926587464325,0.2836854668921261,0.2695011794567108,0.2695011794567108,10130000,0.0,0.0,0.0
2012-06-19 00:00:00+08:00,0.2742292582988739,0.2742292582988739,0.26477308572424224,0.2742292582988739,11245000,0.0,0.0,0.0
2012-06-20 00:00:00+08:00,0.27422926587464325,0.2789573522925757,0.2647730930387784,0.2695011794567108,9566000,0.0,0.0,0.0
2012-06-21 00:00:00+08:00,0.2695011794567108,0.27422926587464325,0.2647730930387784,0.2695011794567108,2707000,0.0,0.0,0.0
2012-06-22 00:00:00+08:00,0.2647730930387784,0.2695011794567108,0.2647730930387784,0.2695011794567108,5533000,0.0,0.0,0.0
2012-06-25 00:00:00+08:00,0.26477307081222534,0.26950115683325543,0.26477307081222534,0.26477307081222534,6877000,0.0,0.0,0.0
2012-06-26 00:00:00+08:00,0.26477307081222534,0.26950115683325543,0.26004498479119526,0.26477307081222534,6403000,0.0,0.0,0.0
2012-06-27 00:00:00+08:00,0.26477307081222534,0.26950115683325543,0.26004498479119526,0.26477307081222534,22421000,0.0,0.0,0.0
2012-06-28 00:00:00+08:00,0.2695011642731719,0.2695011642731719,0.25531690581850747,0.26004499197006226,17481000,0.0,0.0,0.0
2012-06-29 00:00:00+08:00,0.26004498479119526,0.26950115683325543,0.26004498479119526,0.26477307081222534,17544000,0.0,0.0,0.0
2012-07-02 00:00:00+08:00,0.26477308572424224,0.2742292582988739,0.26477308572424224,0.2742292582988739,10598000,0.0,0.0,0.0
2012-07-03 00:00:00+08:00,0.2789573533758053,0.2931416408663002,0.2789573533758053,0.28841355443000793,53922000,0.0,0.0,0.0
2012-07-04 00:00:00+08:00,0.2931416408663002,0.2978697273025924,0.2836854679937157,0.28841355443000793,14484000,0.0,0.0,0.0
2012-07-05 00:00:00+08:00,0.28841355443000793,0.2931416408663002,0.2836854679937157,0.28841355443000793,6163000,0.0,0.0,0.0
2012-07-06 00:00:00+08:00,0.2884134932892802,0.3167820340748096,0.2884134932892802,0.31205394864082336,29670000,0.0,0.0,0.0
2012-07-09 00:00:00+08:00,0.30732587703681497,0.3167820773790665,0.2978697048761794,0.3025977909564972,26354000,0.0,0.0,0.0
2012-07-10 00:00:00+08:00,0.3025977932815889,0.3262382520464416,0.2978697071649416,0.3215101659297943,28399000,0.0,0.0,0.0
2012-07-11 00:00:00+08:00,0.31678207274951725,0.33569441679439754,0.31678207274951725,0.3262382447719574,46053000,0.0,0.0,0.0
2012-07-12 00:00:00+08:00,0.3309663307831775,0.33569441679439754,0.31678207274951725,0.3262382447719574,26460000,0.0,0.0,0.0
2012-07-13 00:00:00+08:00,0.3262382447719574,0.3309663307831775,0.3215101587607373,0.3262382447719574,10856000,0.0,0.0,0.0
2012-07-16 00:00:00+08:00,0.3309663381630889,0.33569442427973617,0.3215101659297943,0.3215101659297943,11872000,0.0,0.0,0.0
2012-07-17 00:00:00+08:00,0.3262382377053154,0.33569440952292556,0.3215101517965103,0.3309663236141205,20509000,0.0,0.0,0.0
2012-07-18 00:00:00+08:00,0.3309663381630889,0.33569442427973617,0.316782079813147,0.3215101659297943,15550000,0.0,0.0,0.0
2012-07-19 00:00:00+08:00,0.3262382447719574,0.3309663307831775,0.3215101587607373,0.3262382447719574,14290000,0.0,0.0,0.0
2012-07-20 00:00:00+08:00,0.3262382406485027,0.3498786985874176,0.3262382406485027,0.3498786985874176,32082000,0.0,0.0,0.0
2012-07-23 00:00:00+08:00,0.3546067845388775,0.36406295644179737,0.3451506126359577,0.3498786985874176,53868000,0.0,0.0,0.0
2012-07-24 00:00:00+08:00,0.3498786985874176,0.3546067845388775,0.34042252668449774,0.3498786985874176,11787000,0.0,0.0,0.0
2012-07-25 00:00:00+08:00,0.34515058994293213,0.349878675583529,0.3309663048395281,0.34515058994293213,19231000,0.0,0.0,0.0
2012-07-26 00:00:00+08:00,0.340422516447173,0.34515060225644795,0.33569440245628357,0.33569440245628357,5070000,0.0,0.0,0.0
2012-07-27 00:00:00+08:00,0.34042252361334563,0.3451506095221507,0.3262382377053154,0.3309663236141205,17348000,0.0,0.0,0.0
2012-07-30 00:00:00+08:00,0.33569440245628357,0.340422516447173,0.33096631664700854,0.33569440245628357,15330000,0.0,0.0,0.0
2012-07-31 00:00:00+08:00,0.3404225043023352,0.3546067612241259,0.335694390480125,0.34515058994293213,24187000,0.0,0.0,0.0
2012-08-01 00:00:00+08:00,0.3404225043023352,0.349878675583529,0.3404225043023352,0.34515058994293213,11931000,0.0,0.0,0.0
2012-08-02 00:00:00+08:00,0.34042251110076904,0.3451505968357885,0.33569439718413563,0.34042251110076904,4124000,0.0,0.0,0.0
2012-08-03 00:00:00+08:00,0.335694390480125,0.349878675583529,0.335694390480125,0.34515058994293213,12842000,0.0,0.0,0.0
2012-08-06 00:00:00+08:00,0.349878675583529,0.349878675583529,0.3404225043023352,0.34515058994293213,7609000,0.0,0.0,0.0
2012-08-07 00:00:00+08:00,0.349878682570808,0.349878682570808,0.34042251110076904,0.34042251110076904,9209000,0.0,0.0,0.0
2012-08-08 00:00:00+08:00,0.34042252361334563,0.34042252361334563,0.3309663236141205,0.3309663236141205,8055000,0.0,0.0,0.0
2012-08-10 00:00:00+08:00,0.3215101659297943,0.3262382520464416,0.316782079813147,0.3215101659297943,13128000,0.0,0.0,0.0
2012-08-13 00:00:00+08:00,0.3167820699181989,0.3215101558871606,0.3073258697986603,0.3073258697986603,9746000,0.0,0.0,0.0
2012-08-14 00:00:00+08:00,0.31205398673829715,0.3262382447719574,0.30732587254546145,0.3262382447719574,13052000,0.0,0.0,0.0
2012-08-15 00:00:00+08:00,0.3262382520464416,0.3309663381630889,0.3215101659297943,0.3215101659297943,9601000,0.0,0.0,0.0
2012-08-16 00:00:00+08:00,0.3262382377053154,0.33569440952292556,0.3262382377053154,0.3309663236141205,9392000,0.0,0.0,0.0
2012-08-17 00:00:00+08:00,0.33569440245628357,0.340422516447173,0.33096631664700854,0.33569440245628357,11001000,0.0,0.0,0.0
2012-08-21 00:00:00+08:00,0.33569440245628357,0.340422516447173,0.33096631664700854,0.33569440245628357,3951000,0.0,0.0,0.0
2012-08-22 00:00:00+08:00,0.3309663236141205,0.33569440952292556,0.3309663236141205,0.3309663236141205,1375000,0.0,0.0,0.0
2012-08-23 00:00:00+08:00,0.33096631664700854,0.340422516447173,0.33096631664700854,0.33569440245628357,6416000,0.0,0.0,0.0
2012-08-24 00:00:00+08:00,0.33096631664700854,0.33569440245628357,0.32623823083773357,0.33569440245628357,3580000,0.0,0.0,0.0
2012-08-27 00:00:00+08:00,0.3309663307831775,0.33569441679439754,0.3215101587607373,0.3262382447719574,5641000,0.0,0.0,0.0
2012-08-28 00:00:00+08:00,0.3262382447719574,0.3309663307831775,0.3215101587607373,0.3262382447719574,4014000,0.0,0.0,0.0
2012-08-29 00:00:00+08:00,0.3262382520464416,0.3262382520464416,0.3215101659297943,0.3215101659297943,2244000,0.0,0.0,0.0
2012-08-30 00:00:00+08:00,0.3215101733128528,0.3215101733128528,0.3167820870876312,0.3167820870876312,3129000,0.0,0.0,0.0
2012-08-31 00:00:00+08:00,0.31678206588770524,0.3309663236141205,0.31678206588770524,0.3309663236141205,6011000,0.0,0.0,0.0
2012-09-03 00:00:00+08:00,0.33569440952292556,0.33569440952292556,0.3309663236141205,0.3309663236141205,5980000,0.0,0.0,0.0
2012-09-04 00:00:00+08:00,0.33569440952292556,0.33569440952292556,0.3309663236141205,0.3309663236141205,4580000,0.0,0.0,0.0
2012-09-05 00:00:00+08:00,0.33569441679439754,0.34042253098723324,0.3262382447719574,0.3262382447719574,8927000,0.0,0.0,0.0
2012-09-06 00:00:00+08:00,0.3309663114491162,0.34042251110076904,0.3309663114491162,0.34042251110076904,8723000,0.0,0.0,0.0
2012-09-07 00:00:00+08:00,0.3498787067316771,0.3687910509777466,0.3404225346086423,0.36406296491622925,49392000,0.0,0.0,0.0
2012-09-10 00:00:00+08:00,0.368791060498588,0.3829753472309426,0.368791060498588,0.3782472610473633,40694000,0.0,0.0,0.0
2012-09-11 00:00:00+08:00,0.3782472610473633,0.3829753472309426,0.37351917486378394,0.3782472610473633,23431000,0.0,0.0,0.0
2012-09-12 00:00:00+08:00,0.38297533988952637,0.387703425982471,0.3782472537965817,0.38297533988952637,20217000,0.0,0.0,0.0
2012-09-13 00:00:00+08:00,0.387703425982471,0.387703425982471,0.373519167703637,0.38297533988952637,13248000,0.0,0.0,0.0
2012-09-14 00:00:00+08:00,0.387703425982471,0.39243151207541566,0.38297533988952637,0.38297533988952637,13634000,0.0,0.0,0.0
2012-09-17 00:00:00+08:00,0.387703425982471,0.387703425982471,0.3782472537965817,0.38297533988952637,15227000,0.0,0.0,0.0
2012-09-18 00:00:00+08:00,0.38297533988952637,0.387703425982471,0.3782472537965817,0.38297533988952637,7929000,0.0,0.0,0.0
2012-09-19 00:00:00+08:00,0.38770339956649036,0.40661577083129996,0.3829753137956915,0.4018876850605011,53738000,0.0,0.0,0.0
2012-09-20 00:00:00+08:00,0.40661578351014915,0.40661578351014915,0.39243149757385254,0.39243149757385254,17868000,0.0,0.0,0.0
2012-09-21 00:00:00+08:00,0.3971595764160156,0.3971595764160156,0.39243149058202725,0.3971595764160156,8407000,0.0,0.0,0.0
2012-09-24 00:00:00+08:00,0.39715958349207975,0.39715958349207975,0.39243149757385254,0.39243149757385254,4728000,0.0,0.0,0.0
2012-09-25 00:00:00+08:00,0.39243149757385254,0.39715958349207975,0.39243149757385254,0.39243149757385254,3084000,0.0,0.0,0.0
2012-09-26 00:00:00+08:00,0.38770338892936707,0.392431474570445,0.3829753032882891,0.38770338892936707,8516000,0.0,0.0,0.0
2012-09-27 00:00:00+08:00,0.3877034047480388,0.406615776265607,0.3829753189140504,0.3971595764160156,29820000,0.0,0.0,0.0
2012-09-28 00:00:00+08:00,0.4018876904316186,0.4018876904316186,0.39243149058202725,0.3971595764160156,12109000,0.0,0.0,0.0
2012-10-01 00:00:00+08:00,0.3924315074130557,0.4066157937049866,0.3924315074130557,0.4066157937049866,17644000,0.0,0.0,0.0
2012-10-02 00:00:00+08:00,0.4113438566020988,0.4160719423728977,0.4018876850605011,0.4018876850605011,20328000,0.0,0.0,0.0
2012-10-03 00:00:00+08:00,0.4018876850605011,0.40661577083129996,0.3924314853372892,0.4018876850605011,9343000,0.0,0.0,0.0
2012-10-04 00:00:00+08:00,0.4066157937049866,0.4113438797417583,0.40188770766821486,0.4066157937049866,19692000,0.0,0.0,0.0
2012-10-05 00:00:00+08:00,0.4113438566020988,0.4113438566020988,0.4018876850605011,0.4018876850605011,10941000,0.0,0.0,0.0
2012-10-08 00:00:00+08:00,0.40661578351014915,0.40661578351014915,0.39243149757385254,0.39243149757385254,10809000,0.0,0.0,0.0
2012-10-09 00:00:00+08:00,0.3971595764160156,0.406615776265607,0.39243149058202725,0.3971595764160156,12506000,0.0,0.0,0.0
2012-10-10 00:00:00+08:00,0.39243149757385254,0.39715958349207975,0.38770341165562533,0.39243149757385254,8401000,0.0,0.0,0.0
2012-10-11 00:00:00+08:00,0.39243149757385254,0.40188769759192194,0.39243149757385254,0.39243149757385254,11469000,0.0,0.0,0.0
2012-10-12 00:00:00+08:00,0.39715958349207975,0.40188769759192194,0.39243149757385254,0.39243149757385254,5003000,0.0,0.0,0.0
2012-10-15 00:00:00+08:00,0.39715958349207975,0.39715958349207975,0.39243149757385254,0.39243149757385254,3227000,0.0,0.0,0.0
2012-10-16 00:00:00+08:00,0.3971595711080881,0.40661577083129996,0.3924314853372892,0.4018876850605011,20459000,0.0,0.0,0.0
2012-10-17 00:00:00+08:00,0.4113438566020988,0.4160719423728977,0.4018876850605011,0.4018876850605011,23554000,0.0,0.0,0.0
2012-10-18 00:00:00+08:00,0.4066157937049866,0.4066157937049866,0.40188770766821486,0.4066157937049866,4960000,0.0,0.0,0.0
2012-10-19 00:00:00+08:00,0.406615776265607,0.406615776265607,0.3971595764160156,0.3971595764160156,5673000,0.0,0.0,0.0
2012-10-22 00:00:00+08:00,0.3971595764160156,0.4018876904316186,0.39243149058202725,0.3971595764160156,3015000,0.0,0.0,0.0
2012-10-23 00:00:00+08:00,0.3971595764160156,0.4018876904316186,0.3971595764160156,0.3971595764160156,7479000,0.0,0.0,0.0
2012-10-24 00:00:00+08:00,0.39243149757385254,0.39715958349207975,0.39243149757385254,0.39243149757385254,10548000,0.0,0.0,0.0
2012-10-25 00:00:00+08:00,0.39715958349207975,0.39715958349207975,0.39243149757385254,0.39243149757385254,6396000,0.0,0.0,0.0
2012-10-29 00:00:00+08:00,0.392431474570445,0.397159560211523,0.3829753032882891,0.38770338892936707,8898000,0.0,0.0,0.0
2012-10-30 00:00:00+08:00,0.38770338892936707,0.392431474570445,0.37824721764721114,0.38770338892936707,8535000,0.0,0.0,0.0
2012-10-31 00:00:00+08:00,0.38297533988952637,0.387703425982471,0.38297533988952637,0.38297533988952637,3391000,0.0,0.0,0.0
2012-11-01 00:00:00+08:00,0.3829753207512117,0.3829753207512117,0.3546067774295807,0.3546067774295807,18972000,0.0,0.0,0.0
2012-11-02 00:00:00+08:00,0.3593348788547119,0.3687910509777466,0.35460679279319446,0.36406296491622925,13226000,0.0,0.0,0.0
2012-11-05 00:00:00+08:00,0.36406297223057493,0.36406297223057493,0.35933488607406616,0.35933488607406616,4001000,0.0,0.0,0.0
2012-11-06 00:00:00+08:00,0.35933488607406616,0.36406297223057493,0.35933488607406616,0.35933488607406616,2560000,0.0,0.0,0.0
2012-11-07 00:00:00+08:00,0.35933486652346985,0.3735191524028778,0.35933486652346985,0.3735191524028778,16033000,0.0,0.0,0.0
2012-11-08 00:00:00+08:00,0.35933488607406616,0.36406297223057493,0.3546067999175574,0.35933488607406616,12524000,0.0,0.0,0.0
2012-11-09 00:00:00+08:00,0.3593348632862501,0.3593348632862501,0.3546067774295807,0.3546067774295807,2846000,0.0,0.0,0.0
2012-11-12 00:00:00+08:00,0.3546067999175574,0.36406297223057493,0.3546067999175574,0.35933488607406616,5674000,0.0,0.0,0.0
2012-11-14 00:00:00+08:00,0.3593348632862501,0.3640629491429195,0.3498786915729113,0.3546067774295807,6309000,0.0,0.0,0.0
2012-11-15 00:00:00+08:00,0.349878682570808,0.349878682570808,0.34042251110076904,0.34042251110076904,8428000,0.0,0.0,0.0
2012-11-16 00:00:00+08:00,0.335694390480125,0.349878675583529,0.335694390480125,0.34515058994293213,5593000,0.0,0.0,0.0
2012-11-19 00:00:00+08:00,0.349878682570808,0.349878682570808,0.34042251110076904,0.34042251110076904,3036000,0.0,0.0,0.0
2012-11-20 00:00:00+08:00,0.34515058994293213,0.349878675583529,0.3404225043023352,0.34515058994293213,5583000,0.0,0.0,0.0
2012-11-21 00:00:00+08:00,0.3451506057162419,0.3593348632862501,0.3451506057162419,0.3546067774295807,12464000,0.0,0.0,0.0
2012-11-22 00:00:00+08:00,0.3593348788547119,0.36406296491622925,0.35460679279319446,0.36406296491622925,7864000,0.0,0.0,0.0
2012-11-23 00:00:00+08:00,0.36406297223057493,0.36879105838708376,0.35933488607406616,0.35933488607406616,1976000,0.0,0.0,0.0
2012-11-26 00:00:00+08:00,0.36406295644179737,0.36879104239325733,0.3498786985874176,0.3498786985874176,9314000,0.0,0.0,0.0
2012-11-27 00:00:00+08:00,0.3546067774295807,0.3593348632862501,0.3546067774295807,0.3546067774295807,2271000,0.0,0.0,0.0
2012-11-28 00:00:00+08:00,0.3593348632862501,0.3593348632862501,0.3546067774295807,0.3546067774295807,2828000,0.0,0.0,0.0
2012-11-29 00:00:00+08:00,0.36174654960632324,0.36650636814786597,0.3569867310647805,0.36174654960632324,6101000,0.0025,0.0,0.0
2012-11-30 00:00:00+08:00,0.36174654960632324,0.36650636814786597,0.36174654960632324,0.36174654960632324,4289000,0.0,0.0,0.0
2012-12-03 00:00:00+08:00,0.36174654960632324,0.36650636814786597,0.36174654960632324,0.36174654960632324,3764000,0.0,0.0,0.0
2012-12-04 00:00:00+08:00,0.36650636814786597,0.36650636814786597,0.36174654960632324,0.36174654960632324,2002000,0.0,0.0,0.0
2012-12-05 00:00:00+08:00,0.3617464929899918,0.3807857925471105,0.3617464929899918,0.3760259747505188,13627000,0.0,0.0,0.0
2012-12-06 00:00:00+08:00,0.3807857935721264,0.39030542919093514,0.376025975762722,0.38554561138153076,10111000,0.0,0.0,0.0
2012-12-07 00:00:00+08:00,0.39030545949935913,0.39030545949935913,0.3855456413203402,0.39030545949935913,6486000,0.0,0.0,0.0
2012-12-10 00:00:00+08:00,0.3950652778148651,0.3998250959955285,0.39030545963420177,0.3950652778148651,9339000,0.0,0.0,0.0
2012-12-11 00:00:00+08:00,0.3950652470003395,0.3998250648097439,0.38554561138153076,0.38554561138153076,2344000,0.0,0.0,0.0
2012-12-12 00:00:00+08:00,0.39030545949935913,0.39506527767837807,0.3855456413203402,0.39030545949935913,2688000,0.0,0.0,0.0
2012-12-13 00:00:00+08:00,0.39030545949935913,0.39506527767837807,0.3855456413203402,0.39030545949935913,3525000,0.0,0.0,0.0
2012-12-14 00:00:00+08:00,0.3855456413203402,0.39030545949935913,0.3855456413203402,0.39030545949935913,2202000,0.0,0.0,0.0
2012-12-17 00:00:00+08:00,0.39030542919093514,0.3950652470003395,0.38554561138153076,0.38554561138153076,2397000,0.0,0.0,0.0
2012-12-18 00:00:00+08:00,0.38554564145353837,0.3950652778148651,0.38554564145353837,0.3950652778148651,4733000,0.0,0.0,0.0
2012-12-19 00:00:00+08:00,0.3950652778148651,0.3998250959955285,0.39030545963420177,0.3950652778148651,5985000,0.0,0.0,0.0
2012-12-20 00:00:00+08:00,0.39506527767837807,0.39506527767837807,0.39030545949935913,0.39030545949935913,975000,0.0,0.0,0.0
2012-12-21 00:00:00+08:00,0.3950652470003395,0.3950652470003395,0.38554561138153076,0.38554561138153076,4062000,0.0,0.0,0.0
2012-12-24 00:00:00+08:00,0.38554564158356514,0.4093447608656626,0.38554564158356514,0.3998250961303711,14952000,0.0,0.0,0.0
2012-12-26 00:00:00+08:00,0.3998250961303711,0.40458494268339396,0.3998250961303711,0.3998250961303711,5006000,0.0,0.0,0.0
2012-12-27 00:00:00+08:00,0.40458494268339396,0.4093447608656626,0.3998250961303711,0.3998250961303711,7838000,0.0,0.0,0.0
2012-12-28 00:00:00+08:00,0.40458494268339396,0.40458494268339396,0.3998250961303711,0.3998250961303711,3077000,0.0,0.0,0.0
2012-12-31 00:00:00+08:00,0.3998250961303711,0.40458494268339396,0.3998250961303711,0.3998250961303711,2644000,0.0,0.0,0.0
2013-01-02 00:00:00+08:00,0.40934476289270666,0.42838403571606226,0.4045849446868678,0.4236242175102234,33951000,0.0,0.0,0.0
2013-01-03 00:00:00+08:00,0.4283840373488226,0.4379037021675384,0.4236242191248419,0.43314388394355774,22051000,0.0,0.0,0.0
2013-01-04 00:00:00+08:00,0.4331438824035412,0.4331438824035412,0.4236242176186719,0.42838403582572937,9485000,0.0,0.0,0.0
2013-01-07 00:00:00+08:00,0.4331438553581853,0.4569429449074653,0.4283840090775767,0.4474233090877533,50349000,0.0,0.0,0.0
2013-01-08 00:00:00+08:00,0.45218312699760926,0.4569429449074653,0.4426634911778973,0.4474233090877533,19162000,0.0,0.0,0.0
2013-01-09 00:00:00+08:00,0.44266352235803735,0.475982278444674,0.44266352235803735,0.466462641954422,45958000,0.0,0.0,0.0
2013-01-10 00:00:00+08:00,0.47598224985203,0.49502152168882935,0.47598224985203,0.4902617037296295,48025000,0.0,0.0,0.0
2013-01-11 00:00:00+08:00,0.49978137009664425,0.5093010633365264,0.4902617335982715,0.4950215518474579,40410000,0.0,0.0,0.0
2013-01-14 00:00:00+08:00,0.49026164685057316,0.5188206080339314,0.4855018294435967,0.5045410990715027,37064000,0.0,0.0,0.0
2013-01-15 00:00:00+08:00,0.5093010330341207,0.5140608510001072,0.48550188646268166,0.4997813403606415,21339000,0.0,0.0,0.0
2013-01-16 00:00:00+08:00,0.4950215518474579,0.4950215518474579,0.4902617335982715,0.4950215518474579,8870000,0.0,0.0,0.0
2013-01-17 00:00:00+08:00,0.5045411883458306,0.5093010633365264,0.4950215518474579,0.4950215518474579,14319000,0.0,0.0,0.0
2013-01-18 00:00:00+08:00,0.504541158326628,0.5093010330341207,0.49502152239465486,0.4997813403606415,12970000,0.0,0.0,0.0
2013-01-21 00:00:00+08:00,0.49978137009664425,0.5045411883458306,0.4950215518474579,0.4950215518474579,7968000,0.0,0.0,0.0
2013-01-22 00:00:00+08:00,0.4997813396480292,0.4997813396480292,0.4902617037296295,0.4902617037296295,8178000,0.0,0.0,0.0
2013-01-23 00:00:00+08:00,0.49026164685057316,0.5045410990715027,0.49026164685057316,0.5045410990715027,14116000,0.0,0.0,0.0
2013-01-24 00:00:00+08:00,0.5045411356791865,0.5378599166870117,0.4997813179268548,0.5378599166870117,62439000,0.0,0.0,0.0
2013-01-25 00:00:00+08:00,0.5378600368975712,0.5426198557137122,0.5235805804491483,0.5283403992652893,26944000,0.0,0.0,0.0
2013-01-28 00:00:00+08:00,0.5331001287674492,0.552139400842231,0.5331001287674492,0.5426197648048401,28430000,0.0,0.0,0.0
2013-01-29 00:00:00+08:00,0.5426197035316063,0.5473795210128177,0.5331000685691833,0.5331000685691833,13773000,0.0,0.0,0.0
2013-01-30 00:00:00+08:00,0.5378598860503948,0.5426197035316063,0.5331000685691833,0.5331000685691833,9368000,0.0,0.0,0.0
2013-01-31 00:00:00+08:00,0.53310015786512,0.53310015786512,0.5188207030296326,0.5188207030296326,14508000,0.0,0.0,0.0
2013-02-01 00:00:00+08:00,0.5188207616330074,0.5426198557137122,0.5188207616330074,0.5283403992652893,24048000,0.0,0.0,0.0
2013-02-04 00:00:00+08:00,0.5331001275586208,0.5378599455665232,0.5235804915428162,0.5235804915428162,13478000,0.0,0.0,0.0
2013-02-05 00:00:00+08:00,0.5188206422354795,0.5235804599562314,0.4997813146109691,0.5093010067939758,18851000,0.0,0.0,0.0
2013-02-06 00:00:00+08:00,0.5188206729140102,0.5235804909162162,0.5093010369095983,0.5140608549118042,7819000,0.0,0.0,0.0
2013-02-07 00:00:00+08:00,0.5283403395866242,0.53310015786512,0.5188207030296326,0.5188207030296326,17085000,0.0,0.0,0.0
2013-02-08 00:00:00+08:00,0.5235804915428162,0.5283403095507185,0.5188206735349138,0.5235804915428162,7918000,0.0,0.0,0.0
2013-02-13 00:00:00+08:00,0.5283403992652893,0.5331002180814303,0.5235805804491483,0.5283403992652893,7780000,0.0,0.0,0.0
2013-02-14 00:00:00+08:00,0.5331001275586208,0.5331001275586208,0.5235804915428162,0.5235804915428162,5379000,0.0,0.0,0.0
2013-02-15 00:00:00+08:00,0.5235805213081284,0.5235805213081284,0.5140608847511368,0.5188207030296326,7841000,0.0,0.0,0.0
2013-02-18 00:00:00+08:00,0.5235804915428162,0.5331001275586208,0.5235804915428162,0.5235804915428162,12249000,0.0,0.0,0.0
2013-02-19 00:00:00+08:00,0.5283402811823483,0.5426197344393434,0.5283402811823483,0.5378599166870117,17901000,0.0,0.0,0.0
2013-02-20 00:00:00+08:00,0.5426197035316063,0.5473795210128177,0.5331000685691833,0.5331000685691833,8892000,0.0,0.0,0.0
2013-02-21 00:00:00+08:00,0.5331001275586208,0.5331001275586208,0.5188206735349138,0.5235804915428162,8571000,0.0,0.0,0.0
2013-02-22 00:00:00+08:00,0.5045411883458306,0.5045411883458306,0.48550191534908516,0.4950215518474579,27192000,0.0,0.0,0.0
2013-02-25 00:00:00+08:00,0.4950215518474579,0.49978137009664425,0.4902617335982715,0.4950215518474579,10082000,0.0,0.0,0.0
2013-02-26 00:00:00+08:00,0.49026167327532844,0.49502149093885567,0.48550185561180115,0.48550185561180115,9238000,0.0,0.0,0.0
2013-02-27 00:00:00+08:00,0.49026173332503475,0.49026173332503475,0.47122246033890036,0.47598227858543396,9553000,0.0,0.0,0.0
2013-02-28 00:00:00+08:00,0.48550191534908516,0.5045411883458306,0.48550191534908516,0.4950215518474579,20058000,0.0,0.0,0.0
2013-03-01 00:00:00+08:00,0.49978133890719467,0.49978133890719467,0.48074206709861755,0.48074206709861755,8694000,0.0,0.0,0.0
2013-03-04 00:00:00+08:00,0.4855018843020165,0.49026170224682014,0.4664626125228019,0.4712224304676056,15416000,0.0,0.0,0.0
2013-03-05 00:00:00+08:00,0.47598227858543396,0.48074209683196756,0.46646264209236676,0.47598227858543396,9678000,0.0,0.0,0.0
2013-03-06 00:00:00+08:00,0.48074206635721284,0.4855018843020165,0.4712224304676056,0.4712224304676056,7920000,0.0,0.0,0.0
2013-03-07 00:00:00+08:00,0.4759822783721173,0.4759822783721173,0.461702823638916,0.461702823638916,6250000,0.0,0.0,0.0
2013-03-08 00:00:00+08:00,0.46646264188331643,0.46646264188331643,0.45694297702376097,0.461702823638916,8474000,0.0,0.0,0.0
2013-03-11 00:00:00+08:00,0.471222460199548,0.485501914934926,0.466462641954422,0.466462641954422,17327000,0.0,0.0,0.0
2013-03-12 00:00:00+08:00,0.47122246033890036,0.48550191507850116,0.47122246033890036,0.47598227858543396,14776000,0.0,0.0,0.0
2013-03-13 00:00:00+08:00,0.49026167327532844,0.49502149093885567,0.48074203794827386,0.48550185561180115,15954000,0.0,0.0,0.0
2013-03-14 00:00:00+08:00,0.4902617037296295,0.4902617037296295,0.48074206781122986,0.4902617037296295,3920000,0.0,0.0,0.0
2013-03-15 00:00:00+08:00,0.4902617037296295,0.49502152168882935,0.48074206781122986,0.4902617037296295,6302000,0.0,0.0,0.0
2013-03-18 00:00:00+08:00,0.48550191507850116,0.48550191507850116,0.47598227858543396,0.47598227858543396,3844000,0.0,0.0,0.0
2013-03-19 00:00:00+08:00,0.48074206709861755,0.48550188505076186,0.4759822491464733,0.48074206709861755,3293000,0.0,0.0,0.0
2013-03-20 00:00:00+08:00,0.4902617037296295,0.49502152168882935,0.4855018857704297,0.4902617037296295,9003000,0.0,0.0,0.0
2013-03-21 00:00:00+08:00,0.4902617037296295,0.49502152168882935,0.4855018857704297,0.4902617037296295,5234000,0.0,0.0,0.0
2013-03-22 00:00:00+08:00,0.4902617037296295,0.49502152168882935,0.4855018857704297,0.4902617037296295,3269000,0.0,0.0,0.0
2013-03-25 00:00:00+08:00,0.49502146425754967,0.5045410990715027,0.49502146425754967,0.5045410990715027,7052000,0.0,0.0,0.0
2013-03-26 00:00:00+08:00,0.5045410990715027,0.5045410990715027,0.49502146425754967,0.5045410990715027,6156000,0.0,0.0,0.0
2013-03-27 00:00:00+08:00,0.5045411914526354,0.5235805213081284,0.5045411914526354,0.5188207030296326,20616000,0.0,0.0,0.0
2013-03-28 00:00:00+08:00,0.5140608549118042,0.5188206729140102,0.5045411621658858,0.5140608549118042,5526000,0.0,0.0,0.0
2013-04-01 00:00:00+08:00,0.514060790626955,0.514060790626955,0.5045410990715027,0.5045410990715027,4161000,0.0,0.0,0.0
2013-04-02 00:00:00+08:00,0.5093009732199785,0.5093009732199785,0.49502146425754967,0.5045410990715027,3465000,0.0,0.0,0.0
2013-04-03 00:00:00+08:00,0.504541158326628,0.504541158326628,0.49502152239465486,0.4997813403606415,3020000,0.0,0.0,0.0
2013-04-04 00:00:00+08:00,0.49502149093885567,0.49502149093885567,0.48550185561180115,0.48550185561180115,8198000,0.0,0.0,0.0
2013-04-05 00:00:00+08:00,0.48550191507850116,0.49026173332503475,0.47598227858543396,0.47598227858543396,9654000,0.0,0.0,0.0
2013-04-08 00:00:00+08:00,0.4759822484124092,0.4759822484124092,0.4664626125228019,0.4712224304676056,5975000,0.0,0.0,0.0
2013-04-09 00:00:00+08:00,0.471222460199548,0.475982278444674,0.461702823709296,0.466462641954422,8427000,0.0,0.0,0.0
2013-04-10 00:00:00+08:00,0.4855018857704297,0.4902617037296295,0.47598224985203,0.4902617037296295,13451000,0.0,0.0,0.0
2013-04-11 00:00:00+08:00,0.49502149093885567,0.49502149093885567,0.48550185561180115,0.48550185561180115,6373000,0.0,0.0,0.0
2013-04-12 00:00:00+08:00,0.4902617030029061,0.4902617030029061,0.48074206709861755,0.48074206709861755,5388000,0.0,0.0,0.0
2013-04-15 00:00:00+08:00,0.48074206709861755,0.48550188505076186,0.4759822491464733,0.48074206709861755,2932000,0.0,0.0,0.0
2013-04-16 00:00:00+08:00,0.47598227858543396,0.47598227858543396,0.47122246033890036,0.47598227858543396,4991000,0.0,0.0,0.0
2013-04-17 00:00:00+08:00,0.4759822484124092,0.48074206635721284,0.4712224304676056,0.4712224304676056,3127000,0.0,0.0,0.0
2013-04-18 00:00:00+08:00,0.475982278444674,0.475982278444674,0.466462641954422,0.466462641954422,4343000,0.0,0.0,0.0
2013-04-19 00:00:00+08:00,0.46646264209236676,0.47598227858543396,0.46646264209236676,0.47598227858543396,2211000,0.0,0.0,0.0
2013-04-22 00:00:00+08:00,0.4759822491464733,0.48074206709861755,0.46646261324218474,0.48074206709861755,5010000,0.0,0.0,0.0
2013-04-23 00:00:00+08:00,0.4759822484124092,0.4759822484124092,0.4664626125228019,0.4712224304676056,2581000,0.0,0.0,0.0
2013-04-24 00:00:00+08:00,0.4712224304676056,0.4759822484124092,0.4664626125228019,0.4712224304676056,3585000,0.0,0.0,0.0
2013-04-25 00:00:00+08:00,0.4759822491464733,0.48550188505076186,0.4759822491464733,0.48074206709861755,5798000,0.0,0.0,0.0
2013-04-26 00:00:00+08:00,0.48550188505076186,0.48550188505076186,0.4759822491464733,0.48074206709861755,6259000,0.0,0.0,0.0
2013-04-29 00:00:00+08:00,0.48074206635721284,0.48074206635721284,0.4712224304676056,0.4712224304676056,2936000,0.0,0.0,0.0
2013-04-30 00:00:00+08:00,0.4759822484124092,0.4759822484124092,0.4712224304676056,0.4712224304676056,2156000,0.0,0.0,0.0
2013-05-02 00:00:00+08:00,0.4759822484124092,0.4759822484124092,0.4664626125228019,0.4712224304676056,2163000,0.0,0.0,0.0
2013-05-03 00:00:00+08:00,0.4712224304676056,0.4759822484124092,0.4664626125228019,0.4712224304676056,1871000,0.0,0.0,0.0
2013-05-06 00:00:00+08:00,0.466462641954422,0.475982278444674,0.466462641954422,0.466462641954422,4838000,0.0,0.0,0.0
2013-05-07 00:00:00+08:00,0.4712224304676056,0.4759822484124092,0.4664626125228019,0.4712224304676056,4750000,0.0,0.0,0.0
2013-05-08 00:00:00+08:00,0.47598222028474657,0.48550185561180115,0.4712224026212193,0.48550185561180115,8256000,0.0,0.0,0.0
2013-05-09 00:00:00+08:00,0.48550188505076186,0.4902617030029061,0.4759822491464733,0.48074206709861755,4626000,0.0,0.0,0.0
2013-05-10 00:00:00+08:00,0.48550188505076186,0.48550188505076186,0.48074206709861755,0.48074206709861755,2749000,0.0,0.0,0.0
2013-05-13 00:00:00+08:00,0.4664626095163899,0.4664626095163899,0.4474233094891333,0.4521831274032593,22224000,0.0,0.0,0.0
2013-05-14 00:00:00+08:00,0.44979066005615653,0.4545756625268288,0.42586561918193094,0.43065062165260315,14663000,0.0025,0.0,0.0
2013-05-15 00:00:00+08:00,0.44022062171919096,0.45457562804222107,0.4354356196115143,0.45457562804222107,7178000,0.0,0.0,0.0
2013-05-16 00:00:00+08:00,0.45457562888080133,0.45457562888080133,0.44500562464779364,0.4497906267642975,4784000,0.0,0.0,0.0
2013-05-17 00:00:00+08:00,0.4497906267642975,0.4497906267642975,0.44500562464779364,0.4497906267642975,1616000,0.0,0.0,0.0
2013-05-20 00:00:00+08:00,0.44979062761189476,0.44979062761189476,0.44022062336085305,0.4450056254863739,4351000,0.0,0.0,0.0
2013-05-21 00:00:00+08:00,0.4450056564694445,0.4497906589281163,0.4402206540107727,0.4402206540107727,2230000,0.0,0.0,0.0
2013-05-22 00:00:00+08:00,0.4450056230230443,0.4641456599400403,0.4402206209240108,0.45936062932014465,13266000,0.0,0.0,0.0
2013-05-23 00:00:00+08:00,0.45457562973741555,0.45457562973741555,0.44022062336085305,0.4450056254863739,5033000,0.0,0.0,0.0
2013-05-27 00:00:00+08:00,0.44500562382686765,0.4593606301498978,0.44500562382686765,0.45457562804222107,4917000,0.0,0.0,0.0
2013-05-28 00:00:00+08:00,0.45457565576140074,0.4689306914806366,0.45457565576140074,0.4689306914806366,14792000,0.0,0.0,0.0
2013-05-29 00:00:00+08:00,0.4737156938800938,0.4785006962795511,0.4641456890811793,0.4689306914806366,10111000,0.0,0.0,0.0
2013-05-30 00:00:00+08:00,0.4737156938800938,0.4785006962795511,0.4641456890811793,0.4689306914806366,7651000,0.0,0.0,0.0
2013-05-31 00:00:00+08:00,0.4737156629562378,0.4737156629562378,0.464145658782047,0.4737156629562378,2592000,0.0,0.0,0.0
2013-06-03 00:00:00+08:00,0.4641456604003906,0.4737156646079493,0.4641456604003906,0.4641456604003906,2968000,0.0,0.0,0.0
2013-06-04 00:00:00+08:00,0.46893066086914237,0.4737156629562378,0.45936062817408946,0.4737156629562378,3874000,0.0,0.0,0.0
2013-06-05 00:00:00+08:00,0.47371566413810723,0.47371566413810723,0.45457562722111117,0.45936062932014465,7835000,0.0,0.0,0.0
2013-06-06 00:00:00+08:00,0.4737156613699406,0.48807066758315715,0.46414565722779616,0.48328566551208496,35947000,0.0,0.0,0.0
2013-06-07 00:00:00+08:00,0.48328566713042853,0.48328566713042853,0.46893066086914237,0.4737156629562378,9615000,0.0,0.0,0.0
2013-06-10 00:00:00+08:00,0.4785006962795511,0.4785006962795511,0.4689306914806366,0.4689306914806366,6184000,0.0,0.0,0.0
2013-06-11 00:00:00+08:00,0.47371566413810723,0.47371566413810723,0.45936062932014465,0.45936062932014465,6897000,0.0,0.0,0.0
2013-06-12 00:00:00+08:00,0.4689306625041699,0.4737156646079493,0.4641456604003906,0.4641456604003906,4694000,0.0,0.0,0.0
2013-06-13 00:00:00+08:00,0.4593606318629364,0.46414566250931966,0.4450056254863739,0.4450056254863739,9846000,0.0,0.0,0.0
2013-06-14 00:00:00+08:00,0.45457562888080133,0.4593606309973052,0.44500562464779364,0.4497906267642975,7596000,0.0,0.0,0.0
2013-06-17 00:00:00+08:00,0.44500562464779364,0.4497906267642975,0.44022062253128974,0.4497906267642975,9411000,0.0,0.0,0.0
2013-06-18 00:00:00+08:00,0.4497906259345444,0.45457562804222107,0.44500562382686765,0.45457562804222107,7223000,0.0,0.0,0.0
2013-06-19 00:00:00+08:00,0.45457562888080133,0.45457562888080133,0.4497906267642975,0.4497906267642975,2919000,0.0,0.0,0.0
2013-06-20 00:00:00+08:00,0.4450056254863739,0.44979062761189476,0.4450056254863739,0.4450056254863739,4401000,0.0,0.0,0.0
2013-06-21 00:00:00+08:00,0.44022062336085305,0.44979062761189476,0.43543562123533225,0.4450056254863739,10766000,0.0,0.0,0.0
2013-06-24 00:00:00+08:00,0.4450056575854843,0.4450056575854843,0.43065062165260315,0.43065062165260315,11729000,0.0,0.0,0.0
2013-06-25 00:00:00+08:00,0.43065062285875344,0.4354356538636919,0.4162956154065318,0.42586562037467957,8188000,0.0,0.0,0.0
2013-06-26 00:00:00+08:00,0.4258656228424353,0.43065062535423676,0.4162956178188324,0.4162956178188324,5530000,0.0,0.0,0.0
2013-06-27 00:00:00+08:00,0.4210805892944336,0.4258655914535513,0.4162955871353159,0.4210805892944336,7333000,0.0,0.0,0.0
2013-06-28 00:00:00+08:00,0.42108062033063387,0.4258656228424353,0.4162956178188324,0.4162956178188324,4211000,0.0,0.0,0.0
2013-07-01 00:00:00+08:00,0.4162956178188324,0.42108062033063387,0.4067256127952295,0.4162956178188324,8673000,0.0,0.0,0.0
2013-07-02 00:00:00+08:00,0.4210806178906057,0.43065062285875344,0.4162956154065318,0.42586562037467957,10821000,0.0,0.0,0.0
2013-07-03 00:00:00+08:00,0.4258656228424353,0.4258656228424353,0.4162956178188324,0.4162956178188324,2131000,0.0,0.0,0.0
2013-07-04 00:00:00+08:00,0.42586562037467957,0.43065062285875344,0.4210806178906057,0.42586562037467957,6203000,0.0,0.0,0.0
2013-07-05 00:00:00+08:00,0.42586562037467957,0.4354356538636919,0.42586562037467957,0.42586562037467957,5828000,0.0,0.0,0.0
2013-07-08 00:00:00+08:00,0.430650593612669,0.430650593612669,0.4210805892944336,0.4210805892944336,4977000,0.0,0.0,0.0
2013-07-09 00:00:00+08:00,0.42586561926869054,0.44022065520449616,0.42586561926869054,0.4354356527328491,16099000,0.0,0.0,0.0
2013-07-10 00:00:00+08:00,0.44022065511481207,0.44022065511481207,0.43065062165260315,0.43065062165260315,3788000,0.0,0.0,0.0
2013-07-11 00:00:00+08:00,0.4354356515521009,0.4450056564694445,0.4306506205725647,0.4402206540107727,8036000,0.0,0.0,0.0
2013-07-12 00:00:00+08:00,0.44022065520449616,0.4450056576761432,0.4306506217403376,0.4354356527328491,3270000,0.0,0.0,0.0
2013-07-15 00:00:00+08:00,0.4354356515521009,0.4402206540107727,0.4354356515521009,0.4402206540107727,4209000,0.0,0.0,0.0
2013-07-16 00:00:00+08:00,0.44022065511481207,0.44022065511481207,0.43065062165260315,0.43065062165260315,2314000,0.0,0.0,0.0
2013-07-17 00:00:00+08:00,0.4306506217403376,0.4497906601477903,0.4306506217403376,0.4354356527328491,9420000,0.0,0.0,0.0
2013-07-18 00:00:00+08:00,0.4354356527328491,0.44022065520449616,0.4306506217403376,0.4354356527328491,3992000,0.0,0.0,0.0
2013-07-19 00:00:00+08:00,0.4354356527328491,0.44022065520449616,0.4306506217403376,0.4354356527328491,1552000,0.0,0.0,0.0
2013-07-22 00:00:00+08:00,0.4402206540107727,0.4402206540107727,0.4306506205725647,0.4402206540107727,1218000,0.0,0.0,0.0
2013-07-23 00:00:00+08:00,0.4354356527328491,0.4450056576761432,0.4354356527328491,0.4354356527328491,4952000,0.0,0.0,0.0
2013-07-24 00:00:00+08:00,0.4402206540107727,0.4450056564694445,0.4354356515521009,0.4402206540107727,4307000,0.0,0.0,0.0
2013-07-25 00:00:00+08:00,0.4497906255681904,0.4785006667117286,0.4497906255681904,0.4641456604003906,28004000,0.0,0.0,0.0
2013-07-26 00:00:00+08:00,0.4832856986790084,0.4832856986790084,0.4689306914806366,0.4689306914806366,7680000,0.0,0.0,0.0
2013-07-29 00:00:00+08:00,0.4737156938800938,0.4737156938800938,0.459360658160858,0.4689306914806366,4943000,0.0,0.0,0.0
2013-07-30 00:00:00+08:00,0.4689306625041699,0.4737156646079493,0.4641456604003906,0.4641456604003906,3443000,0.0,0.0,0.0
2013-07-31 00:00:00+08:00,0.4641456599400403,0.46893066203907374,0.45936062932014465,0.45936062932014465,3722000,0.0,0.0,0.0
2013-08-01 00:00:00+08:00,0.464145658782047,0.48328566713042853,0.464145658782047,0.4737156629562378,17309000,0.0,0.0,0.0
2013-08-02 00:00:00+08:00,0.4785006962795511,0.4785006962795511,0.4641456890811793,0.4689306914806366,4359000,0.0,0.0,0.0
2013-08-05 00:00:00+08:00,0.4689306625041699,0.4689306625041699,0.4641456604003906,0.4641456604003906,1666000,0.0,0.0,0.0
2013-08-06 00:00:00+08:00,0.4641456604003906,0.4689306625041699,0.45936062977574904,0.4641456604003906,1628000,0.0,0.0,0.0
2013-08-07 00:00:00+08:00,0.4641456890811793,0.4689306914806366,0.459360658160858,0.4689306914806366,2679000,0.0,0.0,0.0
2013-08-12 00:00:00+08:00,0.47371569165945715,0.4832856964135104,0.46893068928243054,0.47850069403648376,9294000,0.0,0.0,0.0
2013-08-13 00:00:00+08:00,0.47850071718582504,0.5024257302284241,0.47850071718582504,0.5024257302284241,20091000,0.0,0.0,0.0
2013-08-14 00:00:00+08:00,0.5024256721792747,0.5072106742349459,0.48807066601226085,0.49285566806793213,12803000,0.0,0.0,0.0
2013-08-15 00:00:00+08:00,0.49285563875880306,0.5024256423010368,0.4832856352165693,0.48807063698768616,7393000,0.0,0.0,0.0
2013-08-16 00:00:00+08:00,0.4832856049402976,0.5072106122970581,0.4832856049402976,0.5072106122970581,23020000,0.0,0.0,0.0
2013-08-19 00:00:00+08:00,0.5072106122970581,0.5167806722814793,0.502425610825706,0.5072106122970581,11158000,0.0,0.0,0.0
2013-08-20 00:00:00+08:00,0.5024257302284241,0.5167807950957141,0.49764072761990424,0.5024257302284241,16199000,0.0,0.0,0.0
2013-08-21 00:00:00+08:00,0.5024256413051656,0.5072106430667981,0.4976406395435333,0.4976406395435333,6476000,0.0,0.0,0.0
2013-08-22 00:00:00+08:00,0.4928557011675636,0.4928557011675636,0.47371569165945715,0.47850069403648376,21301000,0.0,0.0,0.0
2013-08-23 00:00:00+08:00,0.47850069403648376,0.4832856964135104,0.47371569165945715,0.47850069403648376,8727000,0.0,0.0,0.0
2013-08-26 00:00:00+08:00,0.47850066623714066,0.47850066623714066,0.45936062932014465,0.45936062932014465,7689000,0.0,0.0,0.0
2013-08-27 00:00:00+08:00,0.46414566163467136,0.46893066375117526,0.44500562464779364,0.4497906267642975,12970000,0.0,0.0,0.0
2013-08-28 00:00:00+08:00,0.4402206540107727,0.4497906589281163,0.4306506205725647,0.4402206540107727,9193000,0.0,0.0,0.0
2013-08-29 00:00:00+08:00,0.44022062253128974,0.45457562888080133,0.44022062253128974,0.4497906267642975,6496000,0.0,0.0,0.0
2013-08-30 00:00:00+08:00,0.4497906589281163,0.4497906589281163,0.4402206540107727,0.4402206540107727,7441000,0.0,0.0,0.0
2013-09-02 00:00:00+08:00,0.44500562464779364,0.45457562888080133,0.44500562464779364,0.4497906267642975,10194000,0.0,0.0,0.0
2013-09-03 00:00:00+08:00,0.4497906589281163,0.4497906589281163,0.4354356515521009,0.4402206540107727,9311000,0.0,0.0,0.0
2013-09-04 00:00:00+08:00,0.4402206540107727,0.4450056564694445,0.4354356515521009,0.4402206540107727,4435000,0.0,0.0,0.0
2013-09-05 00:00:00+08:00,0.4450056564694445,0.4497906589281163,0.4402206540107727,0.4402206540107727,3499000,0.0,0.0,0.0
2013-09-06 00:00:00+08:00,0.4450056254863739,0.44979062761189476,0.44022062336085305,0.4450056254863739,4321000,0.0,0.0,0.0
2013-09-09 00:00:00+08:00,0.4497906259345444,0.4593606301498978,0.44500562382686765,0.45457562804222107,6862000,0.0,0.0,0.0
2013-09-10 00:00:00+08:00,0.459360658160858,0.4737156938800938,0.459360658160858,0.4689306914806366,19298000,0.0,0.0,0.0
2013-09-11 00:00:00+08:00,0.4689306914806366,0.4737156938800938,0.4641456890811793,0.4689306914806366,13119000,0.0,0.0,0.0
2013-09-12 00:00:00+08:00,0.4737156629562378,0.4737156629562378,0.464145658782047,0.4737156629562378,3641000,0.0,0.0,0.0
2013-09-13 00:00:00+08:00,0.4689306625041699,0.4737156646079493,0.4641456604003906,0.4641456604003906,4669000,0.0,0.0,0.0
2013-09-16 00:00:00+08:00,0.4689306914806366,0.4785006962795511,0.4689306914806366,0.4689306914806366,5373000,0.0,0.0,0.0
2013-09-17 00:00:00+08:00,0.4737156646079493,0.4737156646079493,0.45936062977574904,0.4641456604003906,3690000,0.0,0.0,0.0
2013-09-18 00:00:00+08:00,0.4689306625041699,0.4737156646079493,0.4641456604003906,0.4641456604003906,4885000,0.0,0.0,0.0
2013-09-19 00:00:00+08:00,0.4737156938800938,0.4737156938800938,0.4641456890811793,0.4689306914806366,3556000,0.0,0.0,0.0
2013-09-20 00:00:00+08:00,0.4689306625041699,0.4689306625041699,0.45936062977574904,0.4641456604003906,3796000,0.0,0.0,0.0
2013-09-23 00:00:00+08:00,0.45936062977574904,0.4689306625041699,0.45936062977574904,0.4641456604003906,3879000,0.0,0.0,0.0
2013-09-24 00:00:00+08:00,0.4641456604003906,0.4641456604003906,0.45936062977574904,0.4641456604003906,3360000,0.0,0.0,0.0
2013-09-25 00:00:00+08:00,0.4641456604003906,0.4689306625041699,0.45936062977574904,0.4641456604003906,4099000,0.0,0.0,0.0
2013-09-26 00:00:00+08:00,0.4641456607784368,0.46893066288611346,0.45457562804222107,0.45457562804222107,2946000,0.0,0.0,0.0
2013-09-27 00:00:00+08:00,0.45936062932014465,0.45936062932014465,0.45457562722111117,0.45936062932014465,2117000,0.0,0.0,0.0
2013-09-30 00:00:00+08:00,0.45457562973741555,0.4593606318629364,0.44022062336085305,0.4450056254863739,9459000,0.0,0.0,0.0
2013-10-01 00:00:00+08:00,0.4450056564694445,0.4545756613867881,0.4402206540107727,0.4402206540107727,6073000,0.0,0.0,0.0
2013-10-02 00:00:00+08:00,0.4450056254863739,0.44979062761189476,0.44022062336085305,0.4450056254863739,2846000,0.0,0.0,0.0
2013-10-03 00:00:00+08:00,0.4450056254863739,0.45457562973741555,0.4450056254863739,0.4450056254863739,3465000,0.0,0.0,0.0
2013-10-04 00:00:00+08:00,0.4450056564694445,0.4450056564694445,0.4354356515521009,0.4402206540107727,5029000,0.0,0.0,0.0
2013-10-07 00:00:00+08:00,0.44022065511481207,0.44022065511481207,0.43065062165260315,0.43065062165260315,6887000,0.0,0.0,0.0
2013-10-08 00:00:00+08:00,0.43065062165260315,0.43543565264413986,0.42586561918193094,0.43065062165260315,5427000,0.0,0.0,0.0
2013-10-09 00:00:00+08:00,0.43065062165260315,0.43543565264413986,0.43065062165260315,0.43065062165260315,2389000,0.0,0.0,0.0
2013-10-10 00:00:00+08:00,0.4354356527328491,0.4450056576761432,0.4306506217403376,0.4354356527328491,4379000,0.0,0.0,0.0
2013-10-11 00:00:00+08:00,0.44022065520449616,0.4450056576761432,0.4354356527328491,0.4354356527328491,5609000,0.0,0.0,0.0
2013-10-14 00:00:00+08:00,0.43543565264413986,0.43543565264413986,0.42586561918193094,0.43065062165260315,5584000,0.0,0.0,0.0
2013-10-16 00:00:00+08:00,0.43065062165260315,0.43543565264413986,0.42586561918193094,0.43065062165260315,3013000,0.0,0.0,0.0
2013-10-17 00:00:00+08:00,0.4402206540107727,0.4497906589281163,0.4402206540107727,0.4402206540107727,6231000,0.0,0.0,0.0
2013-10-18 00:00:00+08:00,0.4497906589281163,0.4497906589281163,0.4402206540107727,0.4402206540107727,3719000,0.0,0.0,0.0
2013-10-21 00:00:00+08:00,0.44500562382686765,0.45457562804222107,0.44022062171919096,0.45457562804222107,6173000,0.0,0.0,0.0
2013-10-22 00:00:00+08:00,0.4593606560075134,0.488070698790537,0.4545756536304868,0.47850069403648376,32164000,0.0,0.0,0.0
2013-10-23 00:00:00+08:00,0.488070698790537,0.4928557011675636,0.47371569165945715,0.47850069403648376,13424000,0.0,0.0,0.0
2013-10-24 00:00:00+08:00,0.47850069403648376,0.47850069403648376,0.47371569165945715,0.47850069403648376,4191000,0.0,0.0,0.0
2013-10-25 00:00:00+08:00,0.47850069403648376,0.4832856964135104,0.47371569165945715,0.47850069403648376,3447000,0.0,0.0,0.0
2013-10-28 00:00:00+08:00,0.4785006667117286,0.4785006667117286,0.4641456604003906,0.4641456604003906,7176000,0.0,0.0,0.0
2013-10-29 00:00:00+08:00,0.4641456604003906,0.4689306625041699,0.45936062977574904,0.4641456604003906,3286000,0.0,0.0,0.0
2013-10-30 00:00:00+08:00,0.4641456604003906,0.4737156646079493,0.45936062977574904,0.4641456604003906,11671000,0.0,0.0,0.0
2013-10-31 00:00:00+08:00,0.46893068928243054,0.4832856964135104,0.4641456869054039,0.47850069403648376,8955000,0.0,0.0,0.0
2013-11-01 00:00:00+08:00,0.48328566551208496,0.4928556696542294,0.4785006634410128,0.48328566551208496,9711000,0.0,0.0,0.0
2013-11-05 00:00:00+08:00,0.46893066086914237,0.47850066504333316,0.46893066086914237,0.4737156629562378,1461000,0.0,0.0,0.0
2013-11-06 00:00:00+08:00,0.47371569165945715,0.47850069403648376,0.47371569165945715,0.47850069403648376,3287000,0.0,0.0,0.0
2013-11-07 00:00:00+08:00,0.4737156938800938,0.4785006962795511,0.4689306914806366,0.4689306914806366,3918000,0.0,0.0,0.0
2013-11-08 00:00:00+08:00,0.47371569165945715,0.488070698790537,0.47371569165945715,0.47850069403648376,9173000,0.0,0.0,0.0
2013-11-11 00:00:00+08:00,0.4832856964135104,0.4832856964135104,0.47371569165945715,0.47850069403648376,6009000,0.0,0.0,0.0
2013-11-12 00:00:00+08:00,0.4832856964135104,0.4832856964135104,0.47371569165945715,0.47850069403648376,1897000,0.0,0.0,0.0
2013-11-13 00:00:00+08:00,0.4785006962795511,0.4785006962795511,0.4689306914806366,0.4689306914806366,2997000,0.0,0.0,0.0
2013-11-14 00:00:00+08:00,0.4737156629562378,0.47850066504333316,0.46893066086914237,0.4737156629562378,3720000,0.0,0.0,0.0
2013-11-15 00:00:00+08:00,0.47850066504333316,0.48328566713042853,0.4737156629562378,0.4737156629562378,7486000,0.0,0.0,0.0
2013-11-18 00:00:00+08:00,0.4832856964135104,0.488070698790537,0.47850069403648376,0.47850069403648376,8397000,0.0,0.0,0.0
2013-11-19 00:00:00+08:00,0.4832856964135104,0.4832856964135104,0.47371569165945715,0.47850069403648376,3654000,0.0,0.0,0.0
2013-11-20 00:00:00+08:00,0.47850069403648376,0.4832856964135104,0.47850069403648376,0.47850069403648376,1180000,0.0,0.0,0.0
2013-11-21 00:00:00+08:00,0.47850069403648376,0.4832856964135104,0.47371569165945715,0.47850069403648376,3192000,0.0,0.0,0.0
2013-11-22 00:00:00+08:00,0.47850066504333316,0.47850066504333316,0.4737156629562378,0.4737156629562378,3827000,0.0,0.0,0.0
2013-11-25 00:00:00+08:00,0.47850066504333316,0.47850066504333316,0.4737156629562378,0.4737156629562378,3422000,0.0,0.0,0.0
2013-11-26 00:00:00+08:00,0.47850066504333316,0.47850066504333316,0.4737156629562378,0.4737156629562378,5126000,0.0,0.0,0.0
2013-11-27 00:00:00+08:00,0.47850066504333316,0.47850066504333316,0.4737156629562378,0.4737156629562378,1747000,0.0,0.0,0.0
2013-11-28 00:00:00+08:00,0.4761202931404114,0.48092958439788835,0.4761202931404114,0.4761202931404114,2648000,0.0025,0.0,0.0
2013-11-29 00:00:00+08:00,0.4761202931404114,0.48092958439788835,0.47131100188293445,0.4761202931404114,1512000,0.0,0.0,0.0
2013-12-02 00:00:00+08:00,0.4761202931404114,0.48092958439788835,0.47131100188293445,0.4761202931404114,2288000,0.0,0.0,0.0
2013-12-03 00:00:00+08:00,0.47612032434473606,0.47612032434473606,0.4713110327720642,0.4713110327720642,1290000,0.0,0.0,0.0
2013-12-04 00:00:00+08:00,0.4713110341885201,0.4713110341885201,0.46650174260139465,0.46650174260139465,2799000,0.0,0.0,0.0
2013-12-05 00:00:00+08:00,0.4713110327720642,0.47612032434473606,0.46650174119939236,0.4713110327720642,2419000,0.0,0.0,0.0
2013-12-06 00:00:00+08:00,0.4761202931404114,0.4761202931404114,0.47131100188293445,0.4761202931404114,1014000,0.0,0.0,0.0
2013-12-09 00:00:00+08:00,0.4809296159174079,0.4809296159174079,0.4713110327720642,0.4713110327720642,1325000,0.0,0.0,0.0
2013-12-10 00:00:00+08:00,0.47612032434473606,0.4809296159174079,0.4713110327720642,0.4713110327720642,1615000,0.0,0.0,0.0
2013-12-11 00:00:00+08:00,0.4713110327720642,0.4713110327720642,0.46650174119939236,0.4713110327720642,1593000,0.0,0.0,0.0
2013-12-12 00:00:00+08:00,0.4713110327720642,0.47612032434473606,0.46650174119939236,0.4713110327720642,1255000,0.0,0.0,0.0
2013-12-13 00:00:00+08:00,0.4713110327720642,0.47612032434473606,0.46650174119939236,0.4713110327720642,1858000,0.0,0.0,0.0
2013-12-16 00:00:00+08:00,0.47612032434473606,0.47612032434473606,0.46650174119939236,0.4713110327720642,1762000,0.0,0.0,0.0
2013-12-17 00:00:00+08:00,0.47612032434473606,0.47612032434473606,0.4713110327720642,0.4713110327720642,1324000,0.0,0.0,0.0
2013-12-18 00:00:00+08:00,0.4713110327720642,0.47612032434473606,0.4713110327720642,0.4713110327720642,712000,0.0,0.0,0.0
2013-12-19 00:00:00+08:00,0.4761203215687715,0.490548196202667,0.4761203215687715,0.4809296131134033,10073000,0.0,0.0,0.0
2013-12-20 00:00:00+08:00,0.4809296131134033,0.48573890465803515,0.4761203215687715,0.4809296131134033,2006000,0.0,0.0,0.0
2013-12-23 00:00:00+08:00,0.48092958224579446,0.4857388734817505,0.48092958224579446,0.4857388734817505,1320000,0.0,0.0,0.0
2013-12-24 00:00:00+08:00,0.48573887139254784,0.4953574538230896,0.48573887139254784,0.4953574538230896,7479000,0.0,0.0,0.0
2013-12-26 00:00:00+08:00,0.4953574548779321,0.4953574548779321,0.49054816365242004,0.49054816365242004,3862000,0.0,0.0,0.0
2013-12-27 00:00:00+08:00,0.4953574548779321,0.4953574548779321,0.49054816365242004,0.49054816365242004,2564000,0.0,0.0,0.0
2013-12-30 00:00:00+08:00,0.4953574538230896,0.5001667450383604,0.4905481626078187,0.4953574538230896,5093000,0.0,0.0,0.0
2013-12-31 00:00:00+08:00,0.4953574548779321,0.4953574548779321,0.49054816365242004,0.49054816365242004,1197000,0.0,0.0,0.0
2014-01-02 00:00:00+08:00,0.4953574538230896,0.4953574538230896,0.48573887139254784,0.4953574538230896,4137000,0.0,0.0,0.0
2014-01-03 00:00:00+08:00,0.490548196202667,0.490548196202667,0.4809296131134033,0.4809296131134033,3211000,0.0,0.0,0.0
2014-01-06 00:00:00+08:00,0.4857388734817505,0.4905481647177065,0.48092958224579446,0.4857388734817505,3069000,0.0,0.0,0.0
2014-01-07 00:00:00+08:00,0.5049760362536313,0.5049760362536313,0.4905481626078187,0.4953574538230896,16779000,0.0,0.0,0.0
2014-01-08 00:00:00+08:00,0.5001667461034441,0.5001667461034441,0.49054816365242004,0.49054816365242004,3181000,0.0,0.0,0.0
2014-01-09 00:00:00+08:00,0.49054816365242004,0.4953574548779321,0.48573887242690794,0.49054816365242004,3437000,0.0,0.0,0.0
2014-01-10 00:00:00+08:00,0.4905481647177065,0.4905481647177065,0.48092958224579446,0.4857388734817505,4313000,0.0,0.0,0.0
2014-01-13 00:00:00+08:00,0.48573890465803515,0.490548196202667,0.4809296131134033,0.4809296131134033,3023000,0.0,0.0,0.0
2014-01-14 00:00:00+08:00,0.48092958439788835,0.48092958439788835,0.4761202931404114,0.4761202931404114,5232000,0.0,0.0,0.0
2014-01-15 00:00:00+08:00,0.4809296131134033,0.48573890465803515,0.4761203215687715,0.4809296131134033,5737000,0.0,0.0,0.0
2014-01-16 00:00:00+08:00,0.48092961736277107,0.48092961736277107,0.46169242234863017,0.46650174260139465,14932000,0.0,0.0,0.0
2014-01-17 00:00:00+08:00,0.46650174260139465,0.4713110341885201,0.46650174260139465,0.46650174260139465,1881000,0.0,0.0,0.0
2014-01-20 00:00:00+08:00,0.4713110341885201,0.4713110341885201,0.46650174260139465,0.46650174260139465,2092000,0.0,0.0,0.0
2014-01-21 00:00:00+08:00,0.46650174119939236,0.47612032434473606,0.46650174119939236,0.4713110327720642,4060000,0.0,0.0,0.0
2014-01-22 00:00:00+08:00,0.4713110327720642,0.47612032434473606,0.46650174119939236,0.4713110327720642,2038000,0.0,0.0,0.0
2014-01-23 00:00:00+08:00,0.46650174260139465,0.4713110341885201,0.46169242234863017,0.46650174260139465,4590000,0.0,0.0,0.0
2014-01-24 00:00:00+08:00,0.4616923939466829,0.46650171390359224,0.4520738113641386,0.45688310265541077,6361000,0.0,0.0,0.0
2014-01-27 00:00:00+08:00,0.4472645506668245,0.4520738422870636,0.4424552590465854,0.4520738422870636,7017000,0.0,0.0,0.0
2014-01-28 00:00:00+08:00,0.45207381362944277,0.45207381362944277,0.44245523099870054,0.44726452231407166,2341000,0.0,0.0,0.0
2014-01-29 00:00:00+08:00,0.45207381362944277,0.45207381362944277,0.44245523099870054,0.44726452231407166,2516000,0.0,0.0,0.0
2014-01-30 00:00:00+08:00,0.4424552619457245,0.44726455359747597,0.4424552619457245,0.4424552619457245,1984000,0.0,0.0,0.0
2014-02-03 00:00:00+08:00,0.4424552638117716,0.4424552638117716,0.4280273601300284,0.432836651802063,6105000,0.0,0.0,0.0
2014-02-04 00:00:00+08:00,0.4232180699424896,0.43283665332029725,0.4232180699424896,0.42802736163139343,4675000,0.0,0.0,0.0
2014-02-05 00:00:00+08:00,0.432836651802063,0.43764597213973705,0.4280273601300284,0.432836651802063,3694000,0.0,0.0,0.0
2014-02-06 00:00:00+08:00,0.432836651802063,0.43764597213973705,0.432836651802063,0.432836651802063,1483000,0.0,0.0,0.0
2014-02-07 00:00:00+08:00,0.43764597213973705,0.43764597213973705,0.4280273601300284,0.432836651802063,3057000,0.0,0.0,0.0
2014-02-10 00:00:00+08:00,0.42802736163139343,0.43764597367484065,0.42802736163139343,0.42802736163139343,2240000,0.0,0.0,0.0
2014-02-11 00:00:00+08:00,0.432836651802063,0.43764597213973705,0.4280273601300284,0.432836651802063,1964000,0.0,0.0,0.0
2014-02-12 00:00:00+08:00,0.43764597177505493,0.4472645551111091,0.43764597177505493,0.43764597177505493,5659000,0.0,0.0,0.0
2014-02-13 00:00:00+08:00,0.4424552619457245,0.44726455359747597,0.43764597029397306,0.4424552619457245,1832000,0.0,0.0,0.0
2014-02-14 00:00:00+08:00,0.44245523099870054,0.44726452231407166,0.4376459396833295,0.44726452231407166,1428000,0.0,0.0,0.0
2014-02-17 00:00:00+08:00,0.44726452231407166,0.45207381362944277,0.44245523099870054,0.44726452231407166,3121000,0.0,0.0,0.0
2014-02-18 00:00:00+08:00,0.4520738452492274,0.4520738452492274,0.4424552619457245,0.4424552619457245,1394000,0.0,0.0,0.0
2014-02-19 00:00:00+08:00,0.4472645551111091,0.4472645551111091,0.43764597177505493,0.43764597177505493,2566000,0.0,0.0,0.0
2014-02-20 00:00:00+08:00,0.4424552619457245,0.44726455359747597,0.43764597029397306,0.4424552619457245,2629000,0.0,0.0,0.0
2014-02-21 00:00:00+08:00,0.43764597029397306,0.44726455359747597,0.43764597029397306,0.4424552619457245,1712000,0.0,0.0,0.0
2014-02-24 00:00:00+08:00,0.44726452231407166,0.44726452231407166,0.44245523099870054,0.44726452231407166,1972000,0.0,0.0,0.0
2014-02-25 00:00:00+08:00,0.44726452231407166,0.4568831049448138,0.44726452231407166,0.44726452231407166,4897000,0.0,0.0,0.0
2014-02-26 00:00:00+08:00,0.45207381362944277,0.45207381362944277,0.44726452231407166,0.44726452231407166,2072000,0.0,0.0,0.0
2014-02-27 00:00:00+08:00,0.4520738452492274,0.4520738452492274,0.4424552619457245,0.4424552619457245,3505000,0.0,0.0,0.0
2014-02-28 00:00:00+08:00,0.44726452231407166,0.44726452231407166,0.44245523099870054,0.44726452231407166,2208000,0.0,0.0,0.0
2014-03-03 00:00:00+08:00,0.44726455548380617,0.44726455548380617,0.4280273601300284,0.432836651802063,9873000,0.0,0.0,0.0
2014-03-04 00:00:00+08:00,0.432836651802063,0.43764597213973705,0.432836651802063,0.432836651802063,5644000,0.0,0.0,0.0
2014-03-05 00:00:00+08:00,0.43764597213973705,0.4424552638117716,0.4280273601300284,0.432836651802063,5881000,0.0,0.0,0.0
2014-03-06 00:00:00+08:00,0.43283665332029725,0.43764597367484065,0.42802736163139343,0.42802736163139343,4231000,0.0,0.0,0.0
2014-03-07 00:00:00+08:00,0.432836651802063,0.43764597213973705,0.4280273601300284,0.432836651802063,3497000,0.0,0.0,0.0
2014-03-10 00:00:00+08:00,0.43764597367484065,0.43764597367484065,0.42802736163139343,0.42802736163139343,5058000,0.0,0.0,0.0
2014-03-11 00:00:00+08:00,0.432836651802063,0.432836651802063,0.4280273601300284,0.432836651802063,3326000,0.0,0.0,0.0
2014-03-12 00:00:00+08:00,0.43283665332029725,0.43283665332029725,0.4232180699424896,0.42802736163139343,3094000,0.0,0.0,0.0
2014-03-13 00:00:00+08:00,0.42802736163139343,0.43283665332029725,0.4232180699424896,0.42802736163139343,2630000,0.0,0.0,0.0
2014-03-14 00:00:00+08:00,0.42802736163139343,0.42802736163139343,0.4232180699424896,0.42802736163139343,2234000,0.0,0.0,0.0
2014-03-17 00:00:00+08:00,0.42321804286898257,0.4328366256314838,0.41840875148773193,0.41840875148773193,7300000,0.0,0.0,0.0
2014-03-18 00:00:00+08:00,0.42321807460311556,0.42321807460311556,0.4087901993775193,0.41359949111938477,9347000,0.0,0.0,0.0
2014-03-19 00:00:00+08:00,0.4184087797545674,0.42802736316688034,0.41359948804841096,0.4232180714607239,10115000,0.0,0.0,0.0
2014-03-20 00:00:00+08:00,0.42321807622976537,0.42321807622976537,0.4087902009487152,0.4087902009487152,8878000,0.0,0.0,0.0
2014-03-21 00:00:00+08:00,0.4087901993775193,0.41840878286125016,0.4087901993775193,0.41359949111938477,1405000,0.0,0.0,0.0
2014-03-24 00:00:00+08:00,0.41840878286125016,0.41840878286125016,0.41359949111938477,0.41359949111938477,2293000,0.0,0.0,0.0
2014-03-25 00:00:00+08:00,0.41840878286125016,0.41840878286125016,0.4087901993775193,0.41359949111938477,4661000,0.0,0.0,0.0
2014-03-26 00:00:00+08:00,0.41359946010648135,0.42321804286898257,0.41359946010648135,0.41840875148773193,7687000,0.0,0.0,0.0
2014-03-27 00:00:00+08:00,0.41840875148773193,0.42321804286898257,0.41359946010648135,0.41840875148773193,3183000,0.0,0.0,0.0
2014-03-28 00:00:00+08:00,0.41840875148773193,0.42321804286898257,0.41840875148773193,0.41840875148773193,1188000,0.0,0.0,0.0
2014-03-31 00:00:00+08:00,0.4232180714607239,0.42802736316688034,0.4232180714607239,0.4232180714607239,4363000,0.0,0.0,0.0
2014-04-01 00:00:00+08:00,0.42802733425023315,0.42802733425023315,0.41840875148773193,0.41840875148773193,2768000,0.0,0.0,0.0
2014-04-02 00:00:00+08:00,0.4184087797545674,0.4232180714607239,0.4184087797545674,0.4232180714607239,1186000,0.0,0.0,0.0
2014-04-03 00:00:00+08:00,0.4232180681053343,0.442455263443082,0.4232180681053343,0.43764597177505493,16873000,0.0,0.0,0.0
2014-04-04 00:00:00+08:00,0.4376459396833295,0.4568831049448138,0.4376459396833295,0.44726452231407166,20377000,0.0,0.0,0.0
2014-04-07 00:00:00+08:00,0.4520738102668819,0.47131100405091586,0.4520738102668819,0.4616923928260803,25124000,0.0,0.0,0.0
2014-04-08 00:00:00+08:00,0.46169242234863017,0.4761203257756456,0.46169242234863017,0.46650174260139465,21042000,0.0,0.0,0.0
2014-04-09 00:00:00+08:00,0.4713110341885201,0.4761203257756456,0.46169242234863017,0.46650174260139465,8644000,0.0,0.0,0.0
2014-04-10 00:00:00+08:00,0.46650174260139465,0.4713110341885201,0.46169242234863017,0.46650174260139465,5030000,0.0,0.0,0.0
2014-04-11 00:00:00+08:00,0.46650171390359224,0.46650171390359224,0.4520738113641386,0.45688310265541077,9713000,0.0,0.0,0.0
2014-04-14 00:00:00+08:00,0.45688313390730273,0.4616924255275418,0.4472645506668245,0.4520738422870636,6976000,0.0,0.0,0.0
2014-04-15 00:00:00+08:00,0.4568831049448138,0.4568831049448138,0.44726452231407166,0.44726452231407166,3855000,0.0,0.0,0.0
2014-04-16 00:00:00+08:00,0.4520738422870636,0.4616924255275418,0.4472645506668245,0.4520738422870636,10794000,0.0,0.0,0.0
2014-04-17 00:00:00+08:00,0.45688313390730273,0.4616924255275418,0.4472645506668245,0.4520738422870636,5729000,0.0,0.0,0.0
2014-04-21 00:00:00+08:00,0.45207381362944277,0.4568831049448138,0.44726452231407166,0.44726452231407166,2397000,0.0,0.0,0.0
2014-04-22 00:00:00+08:00,0.44726452231407166,0.45207381362944277,0.44726452231407166,0.44726452231407166,4156000,0.0,0.0,0.0
2014-04-23 00:00:00+08:00,0.4520738452492274,0.4520738452492274,0.4424552619457245,0.4424552619457245,3587000,0.0,0.0,0.0
2014-04-24 00:00:00+08:00,0.4472645506668245,0.4520738422870636,0.4424552590465854,0.4520738422870636,3086000,0.0,0.0,0.0
2014-04-25 00:00:00+08:00,0.4520738452492274,0.4520738452492274,0.4424552619457245,0.4424552619457245,3370000,0.0,0.0,0.0
2014-04-28 00:00:00+08:00,0.4472645506668245,0.45688313390730273,0.4424552590465854,0.4520738422870636,5213000,0.0,0.0,0.0
2014-04-29 00:00:00+08:00,0.45688313390730273,0.4616924255275418,0.4520738422870636,0.4520738422870636,11031000,0.0,0.0,0.0
2014-04-30 00:00:00+08:00,0.4520738422870636,0.45688313390730273,0.4472645506668245,0.4520738422870636,2126000,0.0,0.0,0.0
2014-05-02 00:00:00+08:00,0.45207381362944277,0.4568831049448138,0.44726452231407166,0.44726452231407166,2244000,0.0,0.0,0.0
2014-05-05 00:00:00+08:00,0.4520738422870636,0.45688313390730273,0.4472645506668245,0.4520738422870636,5793000,0.0,0.0,0.0
2014-05-06 00:00:00+08:00,0.4520738422870636,0.4520738422870636,0.4472645506668245,0.4520738422870636,1124000,0.0,0.0,0.0
2014-05-07 00:00:00+08:00,0.4472645506668245,0.4520738422870636,0.4472645506668245,0.4520738422870636,2195000,0.0,0.0,0.0
2014-05-08 00:00:00+08:00,0.45207381362944277,0.45207381362944277,0.44726452231407166,0.44726452231407166,919000,0.0,0.0,0.0
2014-05-09 00:00:00+08:00,0.45207381362944277,0.45207381362944277,0.44245523099870054,0.44726452231407166,5588000,0.0,0.0,0.0
2014-05-12 00:00:00+08:00,0.4472645551111091,0.4472645551111091,0.4328366514413884,0.43764597177505493,14665000,0.0,0.0,0.0
2014-05-14 00:00:00+08:00,0.43764597213973705,0.44726455548380617,0.432836651802063,0.432836651802063,7559000,0.0,0.0,0.0
2014-05-15 00:00:00+08:00,0.435254706946806,0.4400908946990967,0.435254706946806,0.4400908946990967,2000000,0.0025,0.0,0.0
2014-05-16 00:00:00+08:00,0.4352547228336334,0.4400909107624453,0.43041856373060355,0.4352547228336334,3988000,0.0,0.0,0.0
2014-05-19 00:00:00+08:00,0.4352547228336334,0.4400909107624453,0.43041856373060355,0.4352547228336334,1715000,0.0,0.0,0.0
2014-05-20 00:00:00+08:00,0.43041855096817017,0.435254709927802,0.4255823920085383,0.43041855096817017,5687000,0.0,0.0,0.0
2014-05-21 00:00:00+08:00,0.43041853791568174,0.43041853791568174,0.4255823791027069,0.4255823791027069,4801000,0.0,0.0,0.0
2014-05-22 00:00:00+08:00,0.43041855096817017,0.43041855096817017,0.4255823920085383,0.43041855096817017,3932000,0.0,0.0,0.0
2014-05-23 00:00:00+08:00,0.4255823920085383,0.43041855096817017,0.4255823920085383,0.43041855096817017,1489000,0.0,0.0,0.0
2014-05-26 00:00:00+08:00,0.43041855096817017,0.435254709927802,0.4255823920085383,0.43041855096817017,3687000,0.0,0.0,0.0
2014-05-27 00:00:00+08:00,0.43041855096817017,0.435254709927802,0.43041855096817017,0.43041855096817017,3963000,0.0,0.0,0.0
2014-05-28 00:00:00+08:00,0.43041854802029633,0.4449270536256064,0.43041854802029633,0.4400908946990967,9407000,0.0,0.0,0.0
2014-05-29 00:00:00+08:00,0.4400908946990967,0.4449270536256064,0.435254706946806,0.4400908946990967,4057000,0.0,0.0,0.0
2014-05-30 00:00:00+08:00,0.4400908946990967,0.4400908946990967,0.435254706946806,0.4400908946990967,2036000,0.0,0.0,0.0
2014-06-02 00:00:00+08:00,0.4400909107624453,0.4400909107624453,0.4352547228336334,0.4352547228336334,2045000,0.0,0.0,0.0
2014-06-03 00:00:00+08:00,0.43041853791568174,0.4352546967286565,0.4255823791027069,0.4255823791027069,7548000,0.0,0.0,0.0
2014-06-04 00:00:00+08:00,0.4255823960450675,0.4304185550505689,0.4159100780340646,0.42074623703956604,7833000,0.0,0.0,0.0
2014-06-05 00:00:00+08:00,0.4352547228336334,0.4449270698654751,0.4352547228336334,0.4352547228336334,10744000,0.0,0.0,0.0
2014-06-06 00:00:00+08:00,0.4400908946990967,0.4400908946990967,0.435254706946806,0.4400908946990967,3309000,0.0,0.0,0.0
2014-06-09 00:00:00+08:00,0.44492706656455994,0.4497632256317103,0.4400909074974096,0.44492706656455994,7419000,0.0,0.0,0.0
2014-06-10 00:00:00+08:00,0.4449270536256064,0.4497632125521161,0.435254706946806,0.4400908946990967,2811000,0.0,0.0,0.0
2014-06-11 00:00:00+08:00,0.4352547228336334,0.4400909107624453,0.43041856373060355,0.4352547228336334,3825000,0.0,0.0,0.0
2014-06-12 00:00:00+08:00,0.435254709927802,0.440090897713215,0.43041855096817017,0.43041855096817017,3896000,0.0,0.0,0.0
2014-06-13 00:00:00+08:00,0.43041855096817017,0.435254709927802,0.43041855096817017,0.43041855096817017,2789000,0.0,0.0,0.0
2014-06-16 00:00:00+08:00,0.435254709927802,0.435254709927802,0.43041855096817017,0.43041855096817017,1097000,0.0,0.0,0.0
2014-06-17 00:00:00+08:00,0.435254706946806,0.4400908946990967,0.43041854802029633,0.4400908946990967,4457000,0.0,0.0,0.0
2014-06-18 00:00:00+08:00,0.4352547228336334,0.4352547228336334,0.43041856373060355,0.4352547228336334,2763000,0.0,0.0,0.0
2014-06-19 00:00:00+08:00,0.435254709927802,0.440090897713215,0.43041855096817017,0.43041855096817017,2186000,0.0,0.0,0.0
2014-06-20 00:00:00+08:00,0.435254709927802,0.435254709927802,0.43041855096817017,0.43041855096817017,4188000,0.0,0.0,0.0
2014-06-23 00:00:00+08:00,0.43041855096817017,0.435254709927802,0.43041855096817017,0.43041855096817017,744000,0.0,0.0,0.0
2014-06-24 00:00:00+08:00,0.43041853791568174,0.43041853791568174,0.4255823791027069,0.4255823791027069,1602000,0.0,0.0,0.0
2014-06-25 00:00:00+08:00,0.43041855096817017,0.43041855096817017,0.4255823920085383,0.43041855096817017,2988000,0.0,0.0,0.0
2014-06-26 00:00:00+08:00,0.4255823920085383,0.43041855096817017,0.42074623304890646,0.43041855096817017,6495000,0.0,0.0,0.0
2014-06-27 00:00:00+08:00,0.4255823791027069,0.4255823791027069,0.42074622028973213,0.4255823791027069,2909000,0.0,0.0,0.0
2014-06-30 00:00:00+08:00,0.4255823960450675,0.4255823960450675,0.42074623703956604,0.42074623703956604,1315000,0.0,0.0,0.0
2014-07-01 00:00:00+08:00,0.42074623703956604,0.4255823960450675,0.42074623703956604,0.42074623703956604,1224000,0.0,0.0,0.0
2014-07-02 00:00:00+08:00,0.4255823960450675,0.4255823960450675,0.42074623703956604,0.42074623703956604,2649000,0.0,0.0,0.0
2014-07-03 00:00:00+08:00,0.4255823960450675,0.4255823960450675,0.42074623703956604,0.42074623703956604,1516000,0.0,0.0,0.0
2014-07-04 00:00:00+08:00,0.4255823960450675,0.4255823960450675,0.42074623703956604,0.42074623703956604,2218000,0.0,0.0,0.0
2014-07-07 00:00:00+08:00,0.42074622028973213,0.4255823791027069,0.42074622028973213,0.4255823791027069,1265000,0.0,0.0,0.0
2014-07-08 00:00:00+08:00,0.4255823920085383,0.440090897713215,0.4255823920085383,0.43041855096817017,9595000,0.0,0.0,0.0
2014-07-09 00:00:00+08:00,0.435254709927802,0.435254709927802,0.4255823920085383,0.43041855096817017,1861000,0.0,0.0,0.0
2014-07-10 00:00:00+08:00,0.43041855096817017,0.43041855096817017,0.4255823920085383,0.43041855096817017,840000,0.0,0.0,0.0
2014-07-11 00:00:00+08:00,0.4255823920085383,0.43041855096817017,0.42074623304890646,0.43041855096817017,5020000,0.0,0.0,0.0
2014-07-14 00:00:00+08:00,0.43041853791568174,0.43041853791568174,0.4255823791027069,0.4255823791027069,1986000,0.0,0.0,0.0
2014-07-15 00:00:00+08:00,0.4255823791027069,0.43041853791568174,0.4255823791027069,0.4255823791027069,2698000,0.0,0.0,0.0
2014-07-16 00:00:00+08:00,0.43041853791568174,0.43041853791568174,0.4255823791027069,0.4255823791027069,2878000,0.0,0.0,0.0
2014-07-17 00:00:00+08:00,0.4255823791027069,0.4255823791027069,0.42074622028973213,0.4255823791027069,4419000,0.0,0.0,0.0
2014-07-18 00:00:00+08:00,0.42074623703956604,0.4255823960450675,0.4159100780340646,0.42074623703956604,5792000,0.0,0.0,0.0
2014-07-21 00:00:00+08:00,0.42074623703956604,0.4255823960450675,0.4159100780340646,0.42074623703956604,3669000,0.0,0.0,0.0
2014-07-22 00:00:00+08:00,0.4255823791027069,0.4255823791027069,0.42074622028973213,0.4255823791027069,2013000,0.0,0.0,0.0
2014-07-23 00:00:00+08:00,0.42074623703956604,0.4255823960450675,0.42074623703956604,0.42074623703956604,1410000,0.0,0.0,0.0
2014-07-24 00:00:00+08:00,0.4255823791027069,0.43041853791568174,0.42074622028973213,0.4255823791027069,3677000,0.0,0.0,0.0
2014-07-25 00:00:00+08:00,0.43041853791568174,0.43041853791568174,0.4255823791027069,0.4255823791027069,2081000,0.0,0.0,0.0
2014-07-29 00:00:00+08:00,0.43041853791568174,0.43041853791568174,0.4255823791027069,0.4255823791027069,1671000,0.0,0.0,0.0
2014-07-30 00:00:00+08:00,0.43041853791568174,0.43041853791568174,0.42074622028973213,0.4255823791027069,1988000,0.0,0.0,0.0
2014-07-31 00:00:00+08:00,0.42074623703956604,0.4255823960450675,0.42074623703956604,0.42074623703956604,3269000,0.0,0.0,0.0
2014-08-01 00:00:00+08:00,0.4159100780340646,0.4255823960450675,0.4159100780340646,0.42074623703956604,2700000,0.0,0.0,0.0
2014-08-04 00:00:00+08:00,0.42074623703956604,0.42074623703956604,0.4159100780340646,0.42074623703956604,1248000,0.0,0.0,0.0
2014-08-05 00:00:00+08:00,0.4159100780340646,0.42074623703956604,0.41107391902856316,0.42074623703956604,8807000,0.0,0.0,0.0
2014-08-06 00:00:00+08:00,0.41591005201155395,0.4207462107144683,0.4110738933086395,0.4110738933086395,3160000,0.0,0.0,0.0
2014-08-07 00:00:00+08:00,0.4110738933086395,0.41591005201155395,0.4062377057799455,0.4110738933086395,8164000,0.0,0.0,0.0
2014-08-08 00:00:00+08:00,0.4110739091583383,0.4110739091583383,0.40623772144317627,0.40623772144317627,3453000,0.0,0.0,0.0
2014-08-11 00:00:00+08:00,0.4110738933086395,0.4110738933086395,0.4062377057799455,0.4110738933086395,3130000,0.0,0.0,0.0
2014-08-12 00:00:00+08:00,0.4110739091583383,0.41591006804771957,0.40623772144317627,0.40623772144317627,1661000,0.0,0.0,0.0
2014-08-13 00:00:00+08:00,0.40623773847214223,0.40623773847214223,0.39172926119582163,0.4014015793800354,16251000,0.0,0.0,0.0
2014-08-14 00:00:00+08:00,0.39656543731689453,0.4014015966166715,0.39172927801711754,0.39656543731689453,3387000,0.0,0.0,0.0
2014-08-15 00:00:00+08:00,0.39656543731689453,0.4014015966166715,0.38689311871734056,0.39656543731689453,14561000,0.0,0.0,0.0
2014-08-18 00:00:00+08:00,0.3917292356491089,0.39656539442582456,0.38689307687239327,0.3917292356491089,3848000,0.0,0.0,0.0
2014-08-19 00:00:00+08:00,0.3917292356491089,0.39656539442582456,0.38689307687239327,0.3917292356491089,3116000,0.0,0.0,0.0
2014-08-20 00:00:00+08:00,0.3917292356491089,0.39656539442582456,0.38689307687239327,0.3917292356491089,3375000,0.0,0.0,0.0
2014-08-21 00:00:00+08:00,0.3917292356491089,0.39656539442582456,0.38689307687239327,0.3917292356491089,2238000,0.0,0.0,0.0
2014-08-22 00:00:00+08:00,0.38689311072267085,0.39172926992251456,0.38205695152282715,0.38205695152282715,5919000,0.0,0.0,0.0
2014-08-25 00:00:00+08:00,0.3820569245317279,0.3820569245317279,0.37238457798957825,0.37238457798957825,6552000,0.0,0.0,0.0
2014-08-26 00:00:00+08:00,0.37238457798957825,0.37238457798957825,0.3675484191313937,0.37238457798957825,6163000,0.0,0.0,0.0
2014-08-27 00:00:00+08:00,0.37238460429735715,0.38689311072267085,0.37238460429735715,0.38205695152282715,4578000,0.0,0.0,0.0
2014-08-28 00:00:00+08:00,0.38205695152282715,0.38689311072267085,0.37722076349720085,0.38205695152282715,3990000,0.0,0.0,0.0
2014-08-29 00:00:00+08:00,0.3820569377057675,0.3820569377057675,0.3772207498550415,0.3772207498550415,1691000,0.0,0.0,0.0
2014-09-01 00:00:00+08:00,0.3820569377057675,0.3820569377057675,0.3723845908300971,0.3772207498550415,2356000,0.0,0.0,0.0
2014-09-02 00:00:00+08:00,0.37722076349720085,0.38205695152282715,0.37238460429735715,0.38205695152282715,3241000,0.0,0.0,0.0
2014-09-03 00:00:00+08:00,0.3772207498550415,0.3820569377057675,0.3723845908300971,0.3772207498550415,4040000,0.0,0.0,0.0
2014-09-04 00:00:00+08:00,0.37722076349720085,0.38205695152282715,0.37238460429735715,0.38205695152282715,4650000,0.0,0.0,0.0
2014-09-05 00:00:00+08:00,0.3772207498550415,0.3820569377057675,0.3723845908300971,0.3772207498550415,3541000,0.0,0.0,0.0
2014-09-08 00:00:00+08:00,0.3772207498550415,0.3772207498550415,0.3723845908300971,0.3772207498550415,1816000,0.0,0.0,0.0
2014-09-09 00:00:00+08:00,0.3820569377057675,0.3820569377057675,0.3723845908300971,0.3772207498550415,1630000,0.0,0.0,0.0
2014-09-10 00:00:00+08:00,0.3772207368477628,0.3772207368477628,0.37238457798957825,0.37238457798957825,278000,0.0,0.0,0.0
2014-09-11 00:00:00+08:00,0.3772207368477628,0.3772207368477628,0.3675484191313937,0.37238457798957825,8145000,0.0,0.0,0.0
2014-09-12 00:00:00+08:00,0.3675484191313937,0.37238457798957825,0.3675484191313937,0.37238457798957825,2669000,0.0,0.0,0.0
2014-09-15 00:00:00+08:00,0.37238459940682433,0.37238459940682433,0.35787612199783325,0.35787612199783325,6481000,0.0,0.0,0.0
2014-09-16 00:00:00+08:00,0.3627122811341636,0.367548440270494,0.3482038037251725,0.35787612199783325,5225000,0.0,0.0,0.0
2014-09-17 00:00:00+08:00,0.3578761051522861,0.36754842296966217,0.3578761051522861,0.3627122640609741,4568000,0.0,0.0,0.0
2014-09-18 00:00:00+08:00,0.3627122640609741,0.36754842296966217,0.3627122640609741,0.3627122640609741,1982000,0.0,0.0,0.0
2014-09-19 00:00:00+08:00,0.36754842296966217,0.36754842296966217,0.3578761051522861,0.3627122640609741,4247000,0.0,0.0,0.0
2014-09-22 00:00:00+08:00,0.367548440270494,0.367548440270494,0.3530399628615029,0.35787612199783325,3343000,0.0,0.0,0.0
2014-09-23 00:00:00+08:00,0.3627122811341636,0.3627122811341636,0.3530399628615029,0.35787612199783325,1681000,0.0,0.0,0.0
2014-09-24 00:00:00+08:00,0.3578761393049018,0.3578761393049018,0.34820382056448296,0.3530399799346924,3841000,0.0,0.0,0.0
2014-09-25 00:00:00+08:00,0.34820377826690674,0.3530399370496504,0.34336759065838296,0.34820377826690674,5363000,0.0,0.0,0.0
2014-09-26 00:00:00+08:00,0.34336759335672873,0.34336759335672873,0.3336952757152317,0.3385314345359802,6544000,0.0,0.0,0.0
2014-09-29 00:00:00+08:00,0.33853142478631604,0.33853142478631604,0.3191867900604451,0.32402294874191284,14975000,0.0,0.0,0.0
2014-09-30 00:00:00+08:00,0.319186806678772,0.32402296561203225,0.31435061891973065,0.319186806678772,7694000,0.0,0.0,0.0
2014-10-01 00:00:00+08:00,0.319186806678772,0.319186806678772,0.31435061891973065,0.319186806678772,5573000,0.0,0.0,0.0
2014-10-02 00:00:00+08:00,0.31435061891973065,0.3288591245452926,0.31435061891973065,0.319186806678772,5584000,0.0,0.0,0.0
2014-10-03 00:00:00+08:00,0.32402296561203225,0.3288591245452926,0.319186806678772,0.319186806678772,3232000,0.0,0.0,0.0
2014-10-07 00:00:00+08:00,0.32402296561203225,0.3288591245452926,0.319186806678772,0.319186806678772,5254000,0.0,0.0,0.0
2014-10-08 00:00:00+08:00,0.31918679255604593,0.31918679255604593,0.3095144462917065,0.31435060501098633,5890000,0.0,0.0,0.0
2014-10-09 00:00:00+08:00,0.319186806678772,0.319186806678772,0.31435061891973065,0.319186806678772,3736000,0.0,0.0,0.0
2014-10-10 00:00:00+08:00,0.319186806678772,0.319186806678772,0.31435061891973065,0.319186806678772,1637000,0.0,0.0,0.0
2014-10-13 00:00:00+08:00,0.3143506086323689,0.3143506086323689,0.2998421323073889,0.3046782910823822,5639000,0.0,0.0,0.0
2014-10-14 00:00:00+08:00,0.29984214901924133,0.30467830806378043,0.29500598997470223,0.29984214901924133,4996000,0.0,0.0,0.0
2014-10-15 00:00:00+08:00,0.2998421359881383,0.2998421359881383,0.29016981831941785,0.2950059771537781,9915000,0.0,0.0,0.0
2014-10-16 00:00:00+08:00,0.2901698052883148,0.2950059639054902,0.2853336178453603,0.2901698052883148,5213000,0.0,0.0,0.0
2014-10-17 00:00:00+08:00,0.2901698211298327,0.2901698211298327,0.2756613156604507,0.28533363342285156,10756000,0.0,0.0,0.0
2014-10-20 00:00:00+08:00,0.28533363342285156,0.2950059800110331,0.28533363342285156,0.28533363342285156,4197000,0.0,0.0,0.0
2014-10-21 00:00:00+08:00,0.28533363342285156,0.2901698211298327,0.28533363342285156,0.28533363342285156,2136000,0.0,0.0,0.0
2014-10-22 00:00:00+08:00,0.28533363342285156,0.28533363342285156,0.28533363342285156,0.28533363342285156,0,0.0,0.0,0.0
2014-10-24 00:00:00+08:00,0.30467830105321,0.3288591245452926,0.30467830105321,0.319186806678772,15214000,0.0,0.0,0.0
2014-10-27 00:00:00+08:00,0.32649643144789153,0.32649643144789153,0.31675024980672817,0.3216233551502228,5200000,0.0025,0.0,0.0
2014-10-28 00:00:00+08:00,0.3216233425229372,0.3216233425229372,0.31187716126441956,0.31187716126441956,1873000,0.0,0.0,0.0
2014-10-29 00:00:00+08:00,0.31675025820732117,0.32162336368005634,0.3118771817804126,0.31675025820732117,2541000,0.0,0.0,0.0
2014-10-30 00:00:00+08:00,0.3216233519156461,0.3216233519156461,0.30213101787518026,0.30700409412384033,3792000,0.0,0.0,0.0
2014-10-31 00:00:00+08:00,0.3118771817804126,0.3264964401069649,0.3070041053535041,0.31675025820732117,7556000,0.0,0.0,0.0
2014-11-03 00:00:00+08:00,0.31675025820732117,0.3264964401069649,0.31675025820732117,0.31675025820732117,3422000,0.0,0.0,0.0
2014-11-04 00:00:00+08:00,0.3216233425229372,0.3216233425229372,0.31187716126441956,0.31187716126441956,2934000,0.0,0.0,0.0
2014-11-05 00:00:00+08:00,0.316750237370766,0.316750237370766,0.31187716126441956,0.31187716126441956,1000000,0.0,0.0,0.0
2014-11-06 00:00:00+08:00,0.316750237370766,0.316750237370766,0.3070040851580731,0.31187716126441956,4200000,0.0,0.0,0.0
2014-11-07 00:00:00+08:00,0.316750237370766,0.316750237370766,0.31187716126441956,0.31187716126441956,1570000,0.0,0.0,0.0
2014-11-10 00:00:00+08:00,0.31187716126441956,0.3216233425229372,0.31187716126441956,0.31187716126441956,3013000,0.0,0.0,0.0
2014-11-11 00:00:00+08:00,0.3118771703725004,0.31675024662116047,0.30700409412384033,0.30700409412384033,2850000,0.0,0.0,0.0
2014-11-12 00:00:00+08:00,0.3070040851580731,0.31187716126441956,0.3070040851580731,0.31187716126441956,408000,0.0,0.0,0.0
2014-11-13 00:00:00+08:00,0.3118771817804126,0.31675025820732117,0.3070041053535041,0.31675025820732117,2602000,0.0,0.0,0.0
2014-11-14 00:00:00+08:00,0.31187716126441956,0.316750237370766,0.31187716126441956,0.31187716126441956,1765000,0.0,0.0,0.0
2014-11-17 00:00:00+08:00,0.3021309927296412,0.3021309927296412,0.28263866031146906,0.2875117361545563,9546000,0.0,0.0,0.0
2014-11-18 00:00:00+08:00,0.2923848628997803,0.29725793910713905,0.2923848628997803,0.2923848628997803,2555000,0.0,0.0,0.0
2014-11-19 00:00:00+08:00,0.29725791688655395,0.29725791688655395,0.2875117361545563,0.2875117361545563,6728000,0.0,0.0,0.0
2014-11-20 00:00:00+08:00,0.2875117753232625,0.29238488087605263,0.28263869881629944,0.28263869881629944,3193000,0.0,0.0,0.0
2014-11-21 00:00:00+08:00,0.2875117361545563,0.2923848410434667,0.28263866031146906,0.2875117361545563,3287000,0.0,0.0,0.0
2014-11-24 00:00:00+08:00,0.2875117361545563,0.2923848410434667,0.28263866031146906,0.2875117361545563,4693000,0.0,0.0,0.0
2014-11-25 00:00:00+08:00,0.2875117753232625,0.2875117753232625,0.28263869881629944,0.28263869881629944,1641000,0.0,0.0,0.0
2014-11-26 00:00:00+08:00,0.28263866031146906,0.2875117361545563,0.28263866031146906,0.2875117361545563,2675000,0.0,0.0,0.0
2014-11-27 00:00:00+08:00,0.28263865648471376,0.28751173226182253,0.2728925049304962,0.2728925049304962,9332000,0.0,0.0,0.0
2014-11-28 00:00:00+08:00,0.2728925440682357,0.277765620544232,0.2680194675922394,0.2680194675922394,8150000,0.0,0.0,0.0
2014-12-01 00:00:00+08:00,0.2680194333707202,0.2728925092245077,0.24852710090974708,0.25340017676353455,9197000,0.0,0.0,0.0
2014-12-02 00:00:00+08:00,0.25827325261732204,0.25827325261732204,0.25340017676353455,0.25340017676353455,2032000,0.0,0.0,0.0
2014-12-03 00:00:00+08:00,0.25340018564758987,0.25340018564758987,0.24365403359832077,0.24852710962295532,3616000,0.0,0.0,0.0
2014-12-04 00:00:00+08:00,0.24852710090974708,0.2631463575169327,0.24852710090974708,0.25340017676353455,5820000,0.0,0.0,0.0
2014-12-05 00:00:00+08:00,0.25340022669475615,0.2631464093685899,0.25340022669475615,0.25827330350875854,3232000,0.0,0.0,0.0
2014-12-08 00:00:00+08:00,0.25827330350875854,0.2631464093685899,0.25340022669475615,0.25827330350875854,3879000,0.0,0.0,0.0
2014-12-09 00:00:00+08:00,0.25827325261732204,0.2631463575169327,0.2436540250559596,0.25340017676353455,5397000,0.0,0.0,0.0
2014-12-10 00:00:00+08:00,0.24852710962295532,0.25827326167222436,0.24852710962295532,0.24852710962295532,1669000,0.0,0.0,0.0
2014-12-11 00:00:00+08:00,0.24852710090974708,0.25340017676353455,0.2436540250559596,0.25340017676353455,2738000,0.0,0.0,0.0
2014-12-12 00:00:00+08:00,0.2534002103842141,0.2534002103842141,0.2436540573835373,0.2436540573835373,4289000,0.0,0.0,0.0
2014-12-15 00:00:00+08:00,0.2436540573835373,0.2436540573835373,0.23390788985994693,0.2436540573835373,4964000,0.0,0.0,0.0
2014-12-16 00:00:00+08:00,0.23878097869248968,0.23878097869248968,0.21928864382414243,0.22903481125831604,9223000,0.0,0.0,0.0
2014-12-17 00:00:00+08:00,0.22903481125831604,0.23390788771394616,0.21928864382414243,0.22903481125831604,5490000,0.0,0.0,0.0
2014-12-18 00:00:00+08:00,0.2290348133596085,0.2436540573835373,0.2241617368592701,0.2436540573835373,3178000,0.0,0.0,0.0
2014-12-19 00:00:00+08:00,0.23878096918337482,0.24365404544494154,0.23390787839889526,0.23390787839889526,3791000,0.0,0.0,0.0
2014-12-22 00:00:00+08:00,0.23390788985994693,0.2436540573835373,0.23390788985994693,0.2436540573835373,3853000,0.0,0.0,0.0
2014-12-23 00:00:00+08:00,0.2436540573835373,0.2485271338838757,0.23878098088319888,0.2436540573835373,1508000,0.0,0.0,0.0
2014-12-24 00:00:00+08:00,0.24365405172904556,0.24365405172904556,0.23878097534179688,0.23878097534179688,323000,0.0,0.0,0.0
2014-12-26 00:00:00+08:00,0.23878098088319888,0.2485271338838757,0.23878098088319888,0.2436540573835373,2893000,0.0,0.0,0.0
2014-12-29 00:00:00+08:00,0.2436540573835373,0.2485271338838757,0.23878098088319888,0.2436540573835373,1394000,0.0,0.0,0.0
2014-12-30 00:00:00+08:00,0.24852710962295532,0.24852710962295532,0.23878095757368623,0.24852710962295532,1750000,0.0,0.0,0.0
2014-12-31 00:00:00+08:00,0.2436540573835373,0.2485271338838757,0.23878098088319888,0.2436540573835373,961000,0.0,0.0,0.0
2015-01-02 00:00:00+08:00,0.24852712854039916,0.31187717977439006,0.24852712854039916,0.3021310269832611,26530000,0.0,0.0,0.0
2015-01-05 00:00:00+08:00,0.3021310090517267,0.3216233425229372,0.3021310090517267,0.31187716126441956,20923000,0.0,0.0,0.0
2015-01-06 00:00:00+08:00,0.302131023008292,0.3459887390371871,0.302131023008292,0.33624258637428284,29170000,0.0,0.0,0.0
2015-01-07 00:00:00+08:00,0.3362425654597241,0.3508618225905769,0.32649641340303837,0.3313694894313812,16528000,0.0,0.0,0.0
2015-01-08 00:00:00+08:00,0.3313695165338734,0.3313695165338734,0.31675025820732117,0.31675025820732117,10839000,0.0,0.0,0.0
2015-01-09 00:00:00+08:00,0.3264964401069649,0.3313695165338734,0.31675025820732117,0.31675025820732117,7422000,0.0,0.0,0.0
2015-01-12 00:00:00+08:00,0.31675025820732117,0.3264964401069649,0.3070041053535041,0.31675025820732117,8608000,0.0,0.0,0.0
2015-01-13 00:00:00+08:00,0.3118771703725004,0.31675024662116047,0.30700409412384033,0.30700409412384033,9535000,0.0,0.0,0.0
2015-01-14 00:00:00+08:00,0.3070041103969417,0.3070041103969417,0.27776562230933644,0.28263869881629944,17827000,0.0,0.0,0.0
2015-01-15 00:00:00+08:00,0.28263866031146906,0.2875117361545563,0.2777655844683818,0.2875117361545563,9503000,0.0,0.0,0.0
2015-01-16 00:00:00+08:00,0.28263868383471435,0.30700409412384033,0.2728925313373942,0.30700409412384033,11152000,0.0,0.0,0.0
2015-01-19 00:00:00+08:00,0.30700411293725266,0.32162337162493615,0.2923848832953965,0.2972579598426819,19504300,0.0,0.0,0.0
2015-01-20 00:00:00+08:00,0.30213101787518026,0.30700409412384033,0.2923848653778601,0.30700409412384033,6390100,0.0,0.0,0.0
2015-01-21 00:00:00+08:00,0.3070041033788256,0.3070041033788256,0.29725795058769666,0.3021310269832611,6355800,0.0,0.0,0.0
2015-01-22 00:00:00+08:00,0.3021310269832611,0.3070041033788256,0.29725795058769666,0.3021310269832611,5036400,0.0,0.0,0.0
2015-01-23 00:00:00+08:00,0.30700409412384033,0.3118771703725004,0.30213101787518026,0.30700409412384033,9283700,0.0,0.0,0.0
2015-01-26 00:00:00+08:00,0.3070040886009933,0.33624257461279383,0.29725793627900143,0.326496422290802,16019400,0.0,0.0,0.0
2015-01-27 00:00:00+08:00,0.33624257461279383,0.33624257461279383,0.3216233461298061,0.326496422290802,13556100,0.0,0.0,0.0
2015-01-28 00:00:00+08:00,0.3216233551502228,0.3313695077455603,0.3216233551502228,0.3216233551502228,5202400,0.0,0.0,0.0
2015-01-29 00:00:00+08:00,0.3216233373746955,0.3459887175164098,0.3167502323005284,0.3313694894313812,23053600,0.0,0.0,0.0
2015-01-30 00:00:00+08:00,0.34111564148806695,0.3508618225905769,0.3313694894313812,0.3313694894313812,26521900,0.0,0.0,0.0
2015-02-02 00:00:00+08:00,0.33624258404322904,0.33624258404322904,0.31675024980672817,0.3216233551502228,12552000,0.0,0.0,0.0
2015-02-03 00:00:00+08:00,0.32162336368005634,0.3264964401069649,0.31675025820732117,0.31675025820732117,12052600,0.0,0.0,0.0
2015-02-04 00:00:00+08:00,0.32649643144789153,0.3313695077455603,0.31675024980672817,0.3216233551502228,7690800,0.0,0.0,0.0
2015-02-05 00:00:00+08:00,0.3216233425229372,0.3264964186292836,0.31187716126441956,0.31187716126441956,9911600,0.0,0.0,0.0
2015-02-06 00:00:00+08:00,0.31675025820732117,0.32162336368005634,0.3118771817804126,0.31675025820732117,7334800,0.0,0.0,0.0
2015-02-09 00:00:00+08:00,0.3216233425229372,0.3216233425229372,0.3070040851580731,0.31187716126441956,5937200,0.0,0.0,0.0
2015-02-10 00:00:00+08:00,0.316750237370766,0.3216233425229372,0.31187716126441956,0.31187716126441956,4753600,0.0,0.0,0.0
2015-02-11 00:00:00+08:00,0.31675024980672817,0.32649643144789153,0.3118771735090594,0.3216233551502228,15186000,0.0,0.0,0.0
2015-02-12 00:00:00+08:00,0.3216233551502228,0.32649643144789153,0.3118771735090594,0.3216233551502228,7502600,0.0,0.0,0.0
2015-02-13 00:00:00+08:00,0.316750237370766,0.316750237370766,0.31187716126441956,0.31187716126441956,5145200,0.0,0.0,0.0
2015-02-16 00:00:00+08:00,0.3167502561699545,0.3167502561699545,0.3021310269832611,0.3021310269832611,5620900,0.0,0.0,0.0
2015-02-17 00:00:00+08:00,0.3021310269832611,0.3021310269832611,0.29725795058769666,0.3021310269832611,2064400,0.0,0.0,0.0
2015-02-18 00:00:00+08:00,0.30213101787518026,0.3118771703725004,0.2972579416265202,0.30700409412384033,5200300,0.0,0.0,0.0
2015-02-23 00:00:00+08:00,0.30700409412384033,0.3118771703725004,0.30700409412384033,0.30700409412384033,1327200,0.0,0.0,0.0
2015-02-24 00:00:00+08:00,0.3070040851580731,0.316750237370766,0.3070040851580731,0.31187716126441956,5941100,0.0,0.0,0.0
2015-02-25 00:00:00+08:00,0.3118771817804126,0.31675025820732117,0.3070041053535041,0.31675025820732117,2819200,0.0,0.0,0.0
2015-02-26 00:00:00+08:00,0.3118771703725004,0.31675024662116047,0.30700409412384033,0.30700409412384033,1853400,0.0,0.0,0.0
2015-02-27 00:00:00+08:00,0.3070041033788256,0.31187717977439006,0.3021310269832611,0.3021310269832611,4124200,0.0,0.0,0.0
2015-03-02 00:00:00+08:00,0.30700409412384033,0.3118771703725004,0.2972579416265202,0.30700409412384033,4876300,0.0,0.0,0.0
2015-03-03 00:00:00+08:00,0.3118771735090594,0.32649643144789153,0.3070040972113906,0.3216233551502228,16031000,0.0,0.0,0.0
2015-03-04 00:00:00+08:00,0.32649643144789153,0.32649643144789153,0.31675024980672817,0.3216233551502228,6441200,0.0,0.0,0.0
2015-03-05 00:00:00+08:00,0.32162336368005634,0.32162336368005634,0.3118771817804126,0.31675025820732117,2458600,0.0,0.0,0.0
2015-03-06 00:00:00+08:00,0.32162336368005634,0.32162336368005634,0.3118771817804126,0.31675025820732117,1968300,0.0,0.0,0.0
2015-03-09 00:00:00+08:00,0.31187716126441956,0.316750237370766,0.3070040851580731,0.31187716126441956,8033500,0.0,0.0,0.0
2015-03-10 00:00:00+08:00,0.31187717977439006,0.31187717977439006,0.3021310269832611,0.3021310269832611,5982100,0.0,0.0,0.0
2015-03-11 00:00:00+08:00,0.29725795058769666,0.3070041033788256,0.29725795058769666,0.3021310269832611,3314100,0.0,0.0,0.0
2015-03-12 00:00:00+08:00,0.3021310269832611,0.3070041033788256,0.3021310269832611,0.3021310269832611,2390800,0.0,0.0,0.0
2015-03-13 00:00:00+08:00,0.3070041033788256,0.31187717977439006,0.2923848741921322,0.3021310269832611,8588400,0.0,0.0,0.0
2015-03-16 00:00:00+08:00,0.2972579598426819,0.30700411293725266,0.2972579598426819,0.2972579598426819,2945100,0.0,0.0,0.0
2015-03-17 00:00:00+08:00,0.29725791688655395,0.3021309927296412,0.28263866031146906,0.2875117361545563,11239700,0.0,0.0,0.0
2015-03-18 00:00:00+08:00,0.28263867802183595,0.2875117541702741,0.2728925257249597,0.2777656018733978,6388100,0.0,0.0,0.0
2015-03-19 00:00:00+08:00,0.28263869881629944,0.2875117753232625,0.27776562230933644,0.28263869881629944,3306300,0.0,0.0,0.0
2015-03-20 00:00:00+08:00,0.28263867802183595,0.28263867802183595,0.2777656018733978,0.2777656018733978,2488100,0.0,0.0,0.0
2015-03-23 00:00:00+08:00,0.27776562230933644,0.2875117753232625,0.27776562230933644,0.28263869881629944,1782900,0.0,0.0,0.0
2015-03-24 00:00:00+08:00,0.2826387011549984,0.30213103638996724,0.2826387011549984,0.2972579598426819,11308300,0.0,0.0,0.0
2015-03-25 00:00:00+08:00,0.2972579598426819,0.30213103638996724,0.2923848832953965,0.2972579598426819,1966400,0.0,0.0,0.0
2015-03-26 00:00:00+08:00,0.2923848741921322,0.3070041033788256,0.2923848741921322,0.3021310269832611,7194800,0.0,0.0,0.0
2015-03-27 00:00:00+08:00,0.3021310269832611,0.3070041033788256,0.3021310269832611,0.3021310269832611,2185900,0.0,0.0,0.0
2015-03-30 00:00:00+08:00,0.3021310269832611,0.3070041033788256,0.2923848741921322,0.3021310269832611,2750900,0.0,0.0,0.0
2015-03-31 00:00:00+08:00,0.3021310153144978,0.3070040915218566,0.2923848628997803,0.2923848628997803,6640200,0.0,0.0,0.0
2015-04-01 00:00:00+08:00,0.2923848628997803,0.29725793910713905,0.2923848628997803,0.2923848628997803,1505700,0.0,0.0,0.0
2015-04-02 00:00:00+08:00,0.2972579598426819,0.30213103638996724,0.2923848832953965,0.2972579598426819,4683900,0.0,0.0,0.0
2015-04-06 00:00:00+08:00,0.2972579598426819,0.30213103638996724,0.2972579598426819,0.2972579598426819,817600,0.0,0.0,0.0
2015-04-07 00:00:00+08:00,0.30213101787518026,0.3118771703725004,0.30213101787518026,0.30700409412384033,10328100,0.0,0.0,0.0
2015-04-08 00:00:00+08:00,0.3070040972113906,0.32649643144789153,0.2972579446160531,0.3216233551502228,21383000,0.0,0.0,0.0
2015-04-09 00:00:00+08:00,0.3216233373746955,0.34111564148806695,0.3216233373746955,0.3313694894313812,18755200,0.0,0.0,0.0
2015-04-10 00:00:00+08:00,0.3362425654597241,0.3362425654597241,0.3313694894313812,0.3313694894313812,9637900,0.0,0.0,0.0
2015-04-13 00:00:00+08:00,0.3362425974731534,0.34598875045776367,0.3362425974731534,0.34598875045776367,12938500,0.0,0.0,0.0
2015-04-14 00:00:00+08:00,0.3411156853336171,0.36060802099827416,0.3411156853336171,0.3557349443435669,21481100,0.0,0.0,0.0
2015-04-15 00:00:00+08:00,0.3606079932070047,0.3752272220444545,0.3606079932070047,0.37035414576530457,26167100,0.0,0.0,0.0
2015-04-16 00:00:00+08:00,0.37522723342187686,0.3801003098487854,0.3703541569949683,0.3801003098487854,14094300,0.0,0.0,0.0
2015-04-17 00:00:00+08:00,0.3801002983236045,0.3849734036485802,0.37035414576530457,0.37035414576530457,19092900,0.0,0.0,0.0
2015-04-20 00:00:00+08:00,0.3654810880102842,0.3703541645364223,0.355734934958008,0.3606080114841461,12433500,0.0,0.0,0.0
2015-04-21 00:00:00+08:00,0.36548107862472534,0.3703541550257228,0.3606080022237279,0.36548107862472534,3557300,0.0,0.0,0.0
2015-04-22 00:00:00+08:00,0.3703541550257228,0.3752272314267202,0.36548107862472534,0.36548107862472534,7615500,0.0,0.0,0.0
2015-04-23 00:00:00+08:00,0.3703541569949683,0.3849734153215206,0.3703541569949683,0.3801003098487854,10157000,0.0,0.0,0.0
2015-04-24 00:00:00+08:00,0.3849734153215206,0.3849734153215206,0.3703541569949683,0.3801003098487854,8169000,0.0,0.0,0.0
2015-04-27 00:00:00+08:00,0.3801003035835791,0.39959263801574707,0.3703541508904082,0.39959263801574707,28509800,0.0,0.0,0.0
2015-04-28 00:00:00+08:00,0.39959261716515565,0.40933876934977603,0.39471954107284546,0.39471954107284546,11514700,0.0,0.0,0.0
2015-04-29 00:00:00+08:00,0.39959264460224614,0.39959264460224614,0.3801003098487854,0.3801003098487854,7782100,0.0,0.0,0.0
2015-04-30 00:00:00+08:00,0.3849734153215206,0.3849734153215206,0.37522723342187686,0.3801003098487854,4442200,0.0,0.0,0.0
2015-05-04 00:00:00+08:00,0.3849734153215206,0.3898464917484291,0.37522723342187686,0.3801003098487854,6300700,0.0,0.0,0.0
2015-05-05 00:00:00+08:00,0.3801003175886985,0.3801003175886985,0.3606080114841461,0.3606080114841461,8881300,0.0,0.0,0.0
2015-05-06 00:00:00+08:00,0.3654810880102842,0.3703541645364223,0.355734934958008,0.3606080114841461,8098700,0.0,0.0,0.0
2015-05-07 00:00:00+08:00,0.36060802099827416,0.36060802099827416,0.3557349443435669,0.3557349443435669,2005000,0.0,0.0,0.0
2015-05-08 00:00:00+08:00,0.3606080114841461,0.3654810880102842,0.3606080114841461,0.3606080114841461,4058400,0.0,0.0,0.0
2015-05-11 00:00:00+08:00,0.36548103155671235,0.3752271831035614,0.36548103155671235,0.3752271831035614,6114200,0.0,0.0,0.0
2015-05-12 00:00:00+08:00,0.3752272314267202,0.38010030782771764,0.36548107862472534,0.36548107862472534,5306700,0.0,0.0,0.0
2015-05-13 00:00:00+08:00,0.36548107862472534,0.3752272314267202,0.36548107862472534,0.36548107862472534,1564500,0.0,0.0,0.0
2015-05-14 00:00:00+08:00,0.3654810880102842,0.3703541645364223,0.355734934958008,0.3606080114841461,4898100,0.0,0.0,0.0
2015-05-15 00:00:00+08:00,0.3606079932070047,0.37035414576530457,0.3606079932070047,0.37035414576530457,3285800,0.0,0.0,0.0
2015-05-18 00:00:00+08:00,0.3654810880102842,0.3703541645364223,0.3606080114841461,0.3606080114841461,3152100,0.0,0.0,0.0
2015-05-19 00:00:00+08:00,0.37035414576530457,0.3752272220444545,0.37035414576530457,0.37035414576530457,7218100,0.0,0.0,0.0
2015-05-20 00:00:00+08:00,0.37035414576530457,0.3752272220444545,0.36548106948615466,0.37035414576530457,6402500,0.0,0.0,0.0
2015-05-21 00:00:00+08:00,0.3752272314267202,0.3752272314267202,0.3606080022237279,0.36548107862472534,9839400,0.0,0.0,0.0
2015-05-22 00:00:00+08:00,0.37035414576530457,0.3752272220444545,0.36548106948615466,0.37035414576530457,12239300,0.0,0.0,0.0
2015-05-25 00:00:00+08:00,0.3703541550257228,0.3752272314267202,0.36548107862472534,0.36548107862472534,3045700,0.0,0.0,0.0
2015-05-26 00:00:00+08:00,0.3703541550257228,0.3752272314267202,0.36548107862472534,0.36548107862472534,5067900,0.0,0.0,0.0
2015-05-27 00:00:00+08:00,0.3654810880102842,0.3654810880102842,0.3606080114841461,0.3606080114841461,7426800,0.0,0.0,0.0
2015-05-28 00:00:00+08:00,0.3654810976529814,0.3654810976529814,0.3557349443435669,0.3557349443435669,2794400,0.0,0.0,0.0
2015-05-29 00:00:00+08:00,0.3557349111611495,0.36060798736130356,0.34111565351486206,0.34111565351486206,9137500,0.0,0.0,0.0
2015-06-02 00:00:00+08:00,0.3459887175164098,0.3459887175164098,0.3313694894313812,0.3313694894313812,5520700,0.0,0.0,0.0
2015-06-03 00:00:00+08:00,0.32649641340303837,0.34111564148806695,0.32649641340303837,0.3313694894313812,5858400,0.0,0.0,0.0
2015-06-04 00:00:00+08:00,0.33624258404322904,0.33624258404322904,0.3216233551502228,0.3216233551502228,5497300,0.0,0.0,0.0
2015-06-05 00:00:00+08:00,0.3216233573799265,0.33624258637428284,0.3216233573799265,0.33624258637428284,4844300,0.0,0.0,0.0
2015-06-08 00:00:00+08:00,0.33624258404322904,0.33624258404322904,0.3216233551502228,0.3216233551502228,2762200,0.0,0.0,0.0
2015-06-09 00:00:00+08:00,0.32162336368005634,0.3313695165338734,0.31675025820732117,0.31675025820732117,5600000,0.0,0.0,0.0
2015-06-10 00:00:00+08:00,0.3216233551502228,0.32649643144789153,0.31675024980672817,0.3216233551502228,4245300,0.0,0.0,0.0
2015-06-11 00:00:00+08:00,0.32649643144789153,0.32649643144789153,0.31675024980672817,0.3216233551502228,2428300,0.0,0.0,0.0
2015-06-12 00:00:00+08:00,0.32649643144789153,0.32649643144789153,0.31675024980672817,0.3216233551502228,1755500,0.0,0.0,0.0
2015-06-15 00:00:00+08:00,0.3216233373746955,0.3362425654597241,0.3216233373746955,0.3313694894313812,7965600,0.0,0.0,0.0
2015-06-16 00:00:00+08:00,0.3313695100428307,0.3459887390371871,0.3313695100428307,0.33624258637428284,7570300,0.0,0.0,0.0
2015-06-17 00:00:00+08:00,0.34111566270573496,0.3508618444144653,0.33624258637428284,0.33624258637428284,14040300,0.0,0.0,0.0
2015-06-18 00:00:00+08:00,0.34111564148806695,0.34111564148806695,0.3313694894313812,0.3313694894313812,2314200,0.0,0.0,0.0
2015-06-19 00:00:00+08:00,0.3313694894313812,0.3313694894313812,0.32649641340303837,0.3313694894313812,2111000,0.0,0.0,0.0
2015-06-22 00:00:00+08:00,0.3313695209808482,0.35086185599589587,0.32649644448854304,0.34598875045776367,36117500,0.0,0.0,0.0
2015-06-23 00:00:00+08:00,0.3459887390371871,0.3557349207459174,0.33624258637428284,0.33624258637428284,11858900,0.0,0.0,0.0
2015-06-24 00:00:00+08:00,0.34111566270573496,0.3459887390371871,0.3313695100428307,0.33624258637428284,3287200,0.0,0.0,0.0
2015-06-25 00:00:00+08:00,0.33624258637428284,0.34111566270573496,0.3313695100428307,0.33624258637428284,2072300,0.0,0.0,0.0
2015-06-26 00:00:00+08:00,0.33624257461279383,0.33624257461279383,0.326496422290802,0.326496422290802,3424500,0.0,0.0,0.0
2015-06-29 00:00:00+08:00,0.3264964401069649,0.3264964401069649,0.3118771817804126,0.31675025820732117,8536700,0.0,0.0,0.0
2015-06-30 00:00:00+08:00,0.31429481506347656,0.3241165481580133,0.31429481506347656,0.31429481506347656,3628600,0.0025,0.0,0.0
2015-07-01 00:00:00+08:00,0.314294840692663,0.3192056930048939,0.30938398838043213,0.30938398838043213,4620200,0.0,0.0,0.0
2015-07-02 00:00:00+08:00,0.31429481506347656,0.31429481506347656,0.30938396315170136,0.31429481506347656,2042300,0.0,0.0,0.0
2015-07-03 00:00:00+08:00,0.30938398838043213,0.314294840692663,0.30447313606820126,0.30938398838043213,3540900,0.0,0.0,0.0
2015-07-06 00:00:00+08:00,0.3044731318950653,0.3093839841399876,0.299562279650143,0.3044731318950653,4661400,0.0,0.0,0.0
2015-07-07 00:00:00+08:00,0.3093839841399876,0.3142948363849099,0.3044731318950653,0.3044731318950653,3901100,0.0,0.0,0.0
2015-07-08 00:00:00+08:00,0.30938397523505456,0.30938397523505456,0.28974053754976997,0.29465141892433167,6271400,0.0,0.0,0.0
2015-07-09 00:00:00+08:00,0.28974053754976997,0.29956227102790595,0.28482968544619564,0.29465141892433167,3364200,0.0,0.0,0.0
2015-07-10 00:00:00+08:00,0.2995622754096985,0.30447312758510536,0.2897405417878969,0.2995622754096985,3215200,0.0,0.0,0.0
2015-07-13 00:00:00+08:00,0.2995622837559704,0.3192056930048939,0.2995622837559704,0.30938398838043213,5211200,0.0,0.0,0.0
2015-07-14 00:00:00+08:00,0.30938396315170136,0.31920566697525177,0.30938396315170136,0.31429481506347656,3937700,0.0,0.0,0.0
2015-07-15 00:00:00+08:00,0.31429481506347656,0.3241165481580133,0.31429481506347656,0.31429481506347656,4142300,0.0,0.0,0.0
2015-07-16 00:00:00+08:00,0.31920570135116577,0.3241165830627902,0.31429484891053083,0.31920570135116577,576900,0.0,0.0,0.0
2015-07-20 00:00:00+08:00,0.31920570135116577,0.3241165830627902,0.31429484891053083,0.31920570135116577,3114200,0.0,0.0,0.0
2015-07-21 00:00:00+08:00,0.32411657053994775,0.34375997954352816,0.31920568901806434,0.33884912729263306,11945900,0.0,0.0,0.0
2015-07-22 00:00:00+08:00,0.33393826644639246,0.33393826644639246,0.3290274143218994,0.3290274143218994,3031900,0.0,0.0,0.0
2015-07-23 00:00:00+08:00,0.3290274143218994,0.33393826644639246,0.3241165621974063,0.3290274143218994,3261800,0.0,0.0,0.0
2015-07-24 00:00:00+08:00,0.3339382619533712,0.3339382619533712,0.3192056765071261,0.3241165578365326,5789900,0.0,0.0,0.0
2015-07-27 00:00:00+08:00,0.3290274000697885,0.3290274000697885,0.30938396315170136,0.31429481506347656,4450000,0.0,0.0,0.0
2015-07-28 00:00:00+08:00,0.314294840692663,0.3192056930048939,0.30938398838043213,0.30938398838043213,5210600,0.0,0.0,0.0
2015-07-29 00:00:00+08:00,0.314294840692663,0.3192056930048939,0.30938398838043213,0.30938398838043213,1827800,0.0,0.0,0.0
2015-07-30 00:00:00+08:00,0.314294840692663,0.3192056930048939,0.30938398838043213,0.30938398838043213,4248800,0.0,0.0,0.0
2015-07-31 00:00:00+08:00,0.314294840692663,0.314294840692663,0.2995622837559704,0.30938398838043213,3983100,0.0,0.0,0.0
2015-08-03 00:00:00+08:00,0.30938397976051224,0.30938397976051224,0.2995622754096985,0.2995622754096985,2658200,0.0,0.0,0.0
2015-08-04 00:00:00+08:00,0.30447314402926096,0.3241165830627902,0.299562291588626,0.31920570135116577,6345100,0.0,0.0,0.0
2015-08-05 00:00:00+08:00,0.3192056930048939,0.32411657458811344,0.30938398838043213,0.30938398838043213,3127900,0.0,0.0,0.0
2015-08-06 00:00:00+08:00,0.3142948363849099,0.3142948363849099,0.299562279650143,0.3044731318950653,4747400,0.0,0.0,0.0
2015-08-07 00:00:00+08:00,0.3044731318950653,0.3044731318950653,0.3044731318950653,0.3044731318950653,0,0.0,0.0,0.0
2015-08-11 00:00:00+08:00,0.3093839841399876,0.3142948363849099,0.299562279650143,0.3044731318950653,4276000,0.0,0.0,0.0
2015-08-12 00:00:00+08:00,0.29956226594823143,0.29956226594823143,0.28482968061634145,0.28974053263664246,6125500,0.0,0.0,0.0
2015-08-13 00:00:00+08:00,0.28974053263664246,0.29956226594823143,0.28974053263664246,0.28974053263664246,5169800,0.0,0.0,0.0
2015-08-14 00:00:00+08:00,0.28974053754976997,0.29465141892433167,0.28974053754976997,0.29465141892433167,1947900,0.0,0.0,0.0
2015-08-17 00:00:00+08:00,0.2946514401388873,0.29956229259603717,0.284829705953598,0.284829705953598,6003100,0.0,0.0,0.0
2015-08-18 00:00:00+08:00,0.2848296886471856,0.28974054080594935,0.25536454642361556,0.26518628001213074,8659200,0.0,0.0,0.0
2015-08-19 00:00:00+08:00,0.26518628001213074,0.2750079843296582,0.26027539858237925,0.26518628001213074,6163600,0.0,0.0,0.0
2015-08-20 00:00:00+08:00,0.2602753892212128,0.2651862704743376,0.2504536852569366,0.2553645372390747,4375000,0.0,0.0,0.0
2015-08-21 00:00:00+08:00,0.2504536912695343,0.2504536912695343,0.23572112033394443,0.24554283916950226,5877500,0.0,0.0,0.0
2015-08-24 00:00:00+08:00,0.23081027590464012,0.235721128167879,0.22098855674266815,0.22098855674266815,5717800,0.0,0.0,0.0
2015-08-25 00:00:00+08:00,0.2209885548966272,0.24063199305647845,0.2209885548966272,0.23572112619876862,10837000,0.0,0.0,0.0
2015-08-26 00:00:00+08:00,0.230810284614563,0.24063200414717015,0.22589943216600678,0.230810284614563,3999100,0.0,0.0,0.0
2015-08-27 00:00:00+08:00,0.24063198129266042,0.2553645372390747,0.23572111467502896,0.2553645372390747,15037500,0.0,0.0,0.0
2015-08-28 00:00:00+08:00,0.26027538454138704,0.2651862657062128,0.2504536807537079,0.2504536807537079,6783800,0.0,0.0,0.0
2015-08-31 00:00:00+08:00,0.2504536852569366,0.2553645372390747,0.24063198129266042,0.2553645372390747,2911800,0.0,0.0,0.0
2015-09-01 00:00:00+08:00,0.25045370221457774,0.2553645545292183,0.24063199758529663,0.24063199758529663,3176700,0.0,0.0,0.0
2015-09-02 00:00:00+08:00,0.23572111043669605,0.2504536807537079,0.23572111043669605,0.2504536807537079,2713900,0.0,0.0,0.0
2015-09-03 00:00:00+08:00,0.2455428288598683,0.2504536807537079,0.2455428288598683,0.2504536807537079,584000,0.0,0.0,0.0
2015-09-04 00:00:00+08:00,0.2504536912695343,0.2504536912695343,0.24554283916950226,0.24554283916950226,1228500,0.0,0.0,0.0
2015-09-07 00:00:00+08:00,0.2406319870694702,0.2504536912695343,0.2406319870694702,0.24554283916950226,1929600,0.0,0.0,0.0
2015-09-08 00:00:00+08:00,0.2455428421060881,0.26518628001213074,0.2455428421060881,0.26518628001213074,10128900,0.0,0.0,0.0
2015-09-09 00:00:00+08:00,0.2700971113994407,0.2799188149616433,0.2651862596183394,0.275007963180542,5825900,0.0,0.0,0.0
2015-09-10 00:00:00+08:00,0.26518628001213074,0.2700971321708945,0.26027539858237925,0.26518628001213074,2774200,0.0,0.0,0.0
2015-09-14 00:00:00+08:00,0.27009715805657863,0.27009715805657863,0.2602754235267639,0.2602754235267639,1690500,0.0,0.0,0.0
2015-09-15 00:00:00+08:00,0.26518628001213074,0.26518628001213074,0.26027539858237925,0.26518628001213074,907200,0.0,0.0,0.0
2015-09-16 00:00:00+08:00,0.26518628001213074,0.2700971321708945,0.25536454642361556,0.26518628001213074,6422900,0.0,0.0,0.0
2015-09-17 00:00:00+08:00,0.26518628001213074,0.2700971321708945,0.26027539858237925,0.26518628001213074,2041200,0.0,0.0,0.0
2015-09-18 00:00:00+08:00,0.26518630542716654,0.27009715805657863,0.2602754235267639,0.2602754235267639,4125900,0.0,0.0,0.0
2015-09-21 00:00:00+08:00,0.26518628001213074,0.26518628001213074,0.25536454642361556,0.26518628001213074,1528800,0.0,0.0,0.0
2015-09-22 00:00:00+08:00,0.26518630542716654,0.26518630542716654,0.2553645708973519,0.2602754235267639,1413100,0.0,0.0,0.0
2015-09-23 00:00:00+08:00,0.2553645372390747,0.2602753892212128,0.2553645372390747,0.2553645372390747,2589400,0.0,0.0,0.0
2015-09-25 00:00:00+08:00,0.2553645708973519,0.26518630542716654,0.2553645708973519,0.2602754235267639,2809000,0.0,0.0,0.0
2015-09-28 00:00:00+08:00,0.2651862704743376,0.2651862704743376,0.2553645372390747,0.2553645372390747,1556000,0.0,0.0,0.0
2015-09-29 00:00:00+08:00,0.2553645708973519,0.2602754235267639,0.24554286563852773,0.2602754235267639,3119800,0.0,0.0,0.0
2015-09-30 00:00:00+08:00,0.2602754235267639,0.26518630542716654,0.2602754235267639,0.2602754235267639,2401200,0.0,0.0,0.0
2015-10-01 00:00:00+08:00,0.2651862596183394,0.2799188149616433,0.2651862596183394,0.275007963180542,9360300,0.0,0.0,0.0
2015-10-02 00:00:00+08:00,0.2750079970817517,0.2799188494682312,0.2700971446952723,0.2799188494682312,4394100,0.0,0.0,0.0
2015-10-05 00:00:00+08:00,0.2799188534964482,0.2897405584107479,0.2799188534964482,0.284829705953598,6484500,0.0,0.0,0.0
2015-10-06 00:00:00+08:00,0.2897405584107479,0.2897405584107479,0.284829705953598,0.284829705953598,2145700,0.0,0.0,0.0
2015-10-07 00:00:00+08:00,0.2848296936443878,0.3044731318950653,0.27991884139946555,0.3044731318950653,11293900,0.0,0.0,0.0
2015-10-08 00:00:00+08:00,0.30447312313148023,0.31429482733862885,0.29465141892433167,0.29465141892433167,6947300,0.0,0.0,0.0
2015-10-09 00:00:00+08:00,0.2995622837559704,0.314294840692663,0.2995622837559704,0.30938398838043213,8109300,0.0,0.0,0.0
2015-10-12 00:00:00+08:00,0.30938398838043213,0.30938398838043213,0.2995622837559704,0.30938398838043213,6451000,0.0,0.0,0.0
2015-10-13 00:00:00+08:00,0.30447312758510536,0.3142948319359191,0.2946514232342916,0.2995622754096985,10116800,0.0,0.0,0.0
2015-10-14 00:00:00+08:00,0.2946514274052207,0.3093839841399876,0.28974054588931014,0.3044731318950653,5400500,0.0,0.0,0.0
2015-10-15 00:00:00+08:00,0.3044731318950653,0.3093839841399876,0.299562279650143,0.3044731318950653,3710700,0.0,0.0,0.0
2015-10-16 00:00:00+08:00,0.3093839841399876,0.3142948363849099,0.299562279650143,0.3044731318950653,3995000,0.0,0.0,0.0
2015-10-19 00:00:00+08:00,0.3044731318950653,0.3093839841399876,0.299562279650143,0.3044731318950653,2078300,0.0,0.0,0.0
2015-10-20 00:00:00+08:00,0.30447313606820126,0.314294840692663,0.2995622837559704,0.30938398838043213,6247400,0.0,0.0,0.0
2015-10-21 00:00:00+08:00,0.31429484891053083,0.3290274355034251,0.31429484891053083,0.31920570135116577,13090000,0.0,0.0,0.0
2015-10-22 00:00:00+08:00,0.31920568497040774,0.33884912299588976,0.31920568497040774,0.33393827080726624,9124900,0.0,0.0,0.0
2015-10-23 00:00:00+08:00,0.33884912729263306,0.33884912729263306,0.32902742279084285,0.33884912729263306,9425400,0.0,0.0,0.0
2015-10-26 00:00:00+08:00,0.33884911857088557,0.33884911857088557,0.3241165621974063,0.3290274143218994,5882800,0.0,0.0,0.0
2015-10-27 00:00:00+08:00,0.3290274355034251,0.3290274355034251,0.31920570135116577,0.31920570135116577,3021200,0.0,0.0,0.0
2015-10-28 00:00:00+08:00,0.31920570135116577,0.3290274355034251,0.31920570135116577,0.31920570135116577,1257000,0.0,0.0,0.0
2015-10-29 00:00:00+08:00,0.32411657458811344,0.3290274269003443,0.30447313606820126,0.30938398838043213,5062400,0.0,0.0,0.0
2015-10-30 00:00:00+08:00,0.30938398838043213,0.3192056930048939,0.30447313606820126,0.30938398838043213,2736100,0.0,0.0,0.0
2015-11-02 00:00:00+08:00,0.3093839841399876,0.3093839841399876,0.299562279650143,0.3044731318950653,2013000,0.0,0.0,0.0
2015-11-03 00:00:00+08:00,0.30938398838043213,0.314294840692663,0.30447313606820126,0.30938398838043213,2203100,0.0,0.0,0.0
2015-11-04 00:00:00+08:00,0.31429484891053083,0.3241165830627902,0.31429484891053083,0.31920570135116577,3735900,0.0,0.0,0.0
2015-11-05 00:00:00+08:00,0.3192056930048939,0.3192056930048939,0.30938398838043213,0.30938398838043213,1534300,0.0,0.0,0.0
2015-11-06 00:00:00+08:00,0.314294840692663,0.3192056930048939,0.30938398838043213,0.30938398838043213,2105200,0.0,0.0,0.0
2015-11-09 00:00:00+08:00,0.30938396315170136,0.31429481506347656,0.3044731112399261,0.31429481506347656,1392000,0.0,0.0,0.0
2015-11-11 00:00:00+08:00,0.3142948363849099,0.3142948363849099,0.3044731318950653,0.3044731318950653,1116400,0.0,0.0,0.0
2015-11-12 00:00:00+08:00,0.30938397976051224,0.30938397976051224,0.2995622754096985,0.2995622754096985,2040300,0.0,0.0,0.0
2015-11-13 00:00:00+08:00,0.29956227102790595,0.30447312313148023,0.28974053754976997,0.29465141892433167,4085700,0.0,0.0,0.0
2015-11-16 00:00:00+08:00,0.2995622593281509,0.31920566697525177,0.2995622593281509,0.31429481506347656,6596000,0.0,0.0,0.0
2015-11-17 00:00:00+08:00,0.314294840692663,0.32411657458811344,0.30938398838043213,0.30938398838043213,3372800,0.0,0.0,0.0
2015-11-18 00:00:00+08:00,0.30938397976051224,0.3142948319359191,0.2995622754096985,0.2995622754096985,1452900,0.0,0.0,0.0
2015-11-19 00:00:00+08:00,0.3044731318950653,0.3093839841399876,0.3044731318950653,0.3044731318950653,912000,0.0,0.0,0.0
2015-11-20 00:00:00+08:00,0.3044731318950653,0.3093839841399876,0.299562279650143,0.3044731318950653,851700,0.0,0.0,0.0
2015-11-23 00:00:00+08:00,0.2995622754096985,0.30447312758510536,0.2995622754096985,0.2995622754096985,1746800,0.0,0.0,0.0
2015-11-24 00:00:00+08:00,0.30447313606820126,0.314294840692663,0.30447313606820126,0.30938398838043213,4638400,0.0,0.0,0.0
2015-11-25 00:00:00+08:00,0.3093839841399876,0.3142948363849099,0.299562279650143,0.3044731318950653,1513500,0.0,0.0,0.0
2015-11-26 00:00:00+08:00,0.30447312758510536,0.30938397976051224,0.2995622754096985,0.2995622754096985,1203100,0.0,0.0,0.0
2015-11-27 00:00:00+08:00,0.30447312758510536,0.30447312758510536,0.2946514232342916,0.2995622754096985,1966600,0.0,0.0,0.0
2015-11-30 00:00:00+08:00,0.2995622754096985,0.2995622754096985,0.2995622754096985,0.2995622754096985,0,0.0,0.0,0.0
2015-12-01 00:00:00+08:00,0.29956227102790595,0.30447312313148023,0.28482968544619564,0.29465141892433167,7512100,0.0,0.0,0.0
2015-12-02 00:00:00+08:00,0.2995622754096985,0.2995622754096985,0.2946514232342916,0.2995622754096985,1698600,0.0,0.0,0.0
2015-12-03 00:00:00+08:00,0.29465141392793043,0.29956226594823143,0.28974053263664246,0.28974053263664246,1371300,0.0,0.0,0.0
2015-12-04 00:00:00+08:00,0.28974053263664246,0.29465141392793043,0.28482968061634145,0.28974053263664246,2747200,0.0,0.0,0.0
2015-12-07 00:00:00+08:00,0.28974053263664246,0.29465141392793043,0.28974053263664246,0.28974053263664246,665800,0.0,0.0,0.0
2015-12-08 00:00:00+08:00,0.29221696385273943,0.29221696385273943,0.2872641384601593,0.2872641384601593,1338100,0.0025,0.0,0.0
2015-12-09 00:00:00+08:00,0.287264122585001,0.287264122585001,0.2773584723472595,0.2773584723472595,3178500,0.0,0.0,0.0
2015-12-10 00:00:00+08:00,0.27735847943745207,0.27735847943745207,0.2674528289464896,0.2724056541919708,2875500,0.0,0.0,0.0
2015-12-11 00:00:00+08:00,0.27240566141346306,0.27735848679024405,0.25754715576195236,0.26745283603668213,5090700,0.0,0.0,0.0
2015-12-14 00:00:00+08:00,0.2575471625713404,0.2674528431079703,0.2575471625713404,0.26249998807907104,3256300,0.0,0.0,0.0
2015-12-15 00:00:00+08:00,0.2624999811387333,0.27240566141346306,0.2624999811387333,0.26745283603668213,2265600,0.0,0.0,0.0
2015-12-16 00:00:00+08:00,0.2674528431079703,0.27240566861570087,0.26249998807907104,0.26249998807907104,1128300,0.0,0.0,0.0
2015-12-17 00:00:00+08:00,0.2624999741798413,0.27735847943745207,0.2624999741798413,0.2724056541919708,3844700,0.0,0.0,0.0
2015-12-18 00:00:00+08:00,0.2724056541919708,0.27735847943745207,0.2724056541919708,0.2724056541919708,1018900,0.0,0.0,0.0
2015-12-21 00:00:00+08:00,0.2724056541919708,0.2724056541919708,0.2624999741798413,0.2724056541919708,1510400,0.0,0.0,0.0
2015-12-22 00:00:00+08:00,0.27240566926577053,0.2872641458244206,0.26745284374622047,0.2823113203048706,4331200,0.0,0.0,0.0
2015-12-23 00:00:00+08:00,0.2872641384601593,0.2971698187664875,0.2872641384601593,0.2872641384601593,4999600,0.0,0.0,0.0
2015-12-24 00:00:00+08:00,0.29221696385273943,0.29221696385273943,0.2823113130675792,0.2872641384601593,1879400,0.0,0.0,0.0
2015-12-28 00:00:00+08:00,0.28726413134553375,0.292216956615448,0.28231130607561944,0.292216956615448,853500,0.0,0.0,0.0
2015-12-29 00:00:00+08:00,0.28726413134553375,0.292216956615448,0.28231130607561944,0.292216956615448,461800,0.0,0.0,0.0
2015-12-30 00:00:00+08:00,0.29221696385273943,0.2971698187664875,0.2872641384601593,0.2872641384601593,1655400,0.0,0.0,0.0
2015-12-31 00:00:00+08:00,0.2872641384601593,0.29221696385273943,0.2872641384601593,0.2872641384601593,1034800,0.0,0.0,0.0
2016-01-04 00:00:00+08:00,0.2922169713439707,0.2922169713439707,0.2823113203048706,0.2823113203048706,2699900,0.0,0.0,0.0
2016-01-05 00:00:00+08:00,0.28726413134553375,0.3021226366764438,0.28726413134553375,0.292216956615448,7945400,0.0,0.0,0.0
2016-01-06 00:00:00+08:00,0.29221696385273943,0.2971698187664875,0.2872641384601593,0.2872641384601593,1401300,0.0,0.0,0.0
2016-01-07 00:00:00+08:00,0.2872641299284145,0.2922169551738957,0.2674528289464896,0.2724056541919708,5055000,0.0,0.0,0.0
2016-01-08 00:00:00+08:00,0.2724056472283887,0.28231129746613026,0.2724056472283887,0.2773584723472595,1570200,0.0,0.0,0.0
2016-01-11 00:00:00+08:00,0.28231129746613026,0.28231129746613026,0.2724056472283887,0.2773584723472595,908800,0.0,0.0,0.0
2016-01-12 00:00:00+08:00,0.27735847943745207,0.28231130468293325,0.2724056541919708,0.2724056541919708,1639600,0.0,0.0,0.0
2016-01-13 00:00:00+08:00,0.27735847943745207,0.28231130468293325,0.2724056541919708,0.2724056541919708,1455100,0.0,0.0,0.0
2016-01-14 00:00:00+08:00,0.27240566861570087,0.27240566861570087,0.26249998807907104,0.26249998807907104,3471900,0.0,0.0,0.0
2016-01-15 00:00:00+08:00,0.2674528431079703,0.27240566861570087,0.2575471625713404,0.26249998807907104,2880600,0.0,0.0,0.0
2016-01-18 00:00:00+08:00,0.2575471471778739,0.2575471471778739,0.2476414967544686,0.25259432196617126,3281500,0.0,0.0,0.0
2016-01-19 00:00:00+08:00,0.24764150500839047,0.27240566141346306,0.24764150500839047,0.26745283603668213,5541900,0.0,0.0,0.0
2016-01-20 00:00:00+08:00,0.26745283474337356,0.26745283474337356,0.24764150381088257,0.24764150381088257,4904000,0.0,0.0,0.0
2016-01-21 00:00:00+08:00,0.25259432196617126,0.2575471471778739,0.2426886715427659,0.25259432196617126,4958100,0.0,0.0,0.0
2016-01-22 00:00:00+08:00,0.25259432196617126,0.2575471471778739,0.2476414967544686,0.25259432196617126,2783200,0.0,0.0,0.0
2016-01-25 00:00:00+08:00,0.2575471471778739,0.2575471471778739,0.25259432196617126,0.25259432196617126,1717200,0.0,0.0,0.0
2016-01-26 00:00:00+08:00,0.25259433665503245,0.25259433665503245,0.24268868565559387,0.24268868565559387,1509700,0.0,0.0,0.0
2016-01-27 00:00:00+08:00,0.24268867845805175,0.24764150381088257,0.24268867845805175,0.24764150381088257,1030500,0.0,0.0,0.0
2016-01-28 00:00:00+08:00,0.24268868565559387,0.24764151115531316,0.23773584539529027,0.24268868565559387,1556200,0.0,0.0,0.0
2016-01-29 00:00:00+08:00,0.2476414967544686,0.25259432196617126,0.2377358315704798,0.25259432196617126,3629400,0.0,0.0,0.0
2016-02-01 00:00:00+08:00,0.25259432196617126,0.2575471471778739,0.2476414967544686,0.25259432196617126,2354100,0.0,0.0,0.0
2016-02-02 00:00:00+08:00,0.2525943291637134,0.2525943291637134,0.24764150381088257,0.24764150381088257,618100,0.0,0.0,0.0
2016-02-03 00:00:00+08:00,0.24764150381088257,0.24764150381088257,0.24268867845805175,0.24764150381088257,665300,0.0,0.0,0.0
2016-02-04 00:00:00+08:00,0.25259432196617126,0.25259432196617126,0.2426886715427659,0.25259432196617126,1513800,0.0,0.0,0.0
2016-02-05 00:00:00+08:00,0.24764150381088257,0.2525943291637134,0.24268867845805175,0.24764150381088257,1228100,0.0,0.0,0.0
2016-02-10 00:00:00+08:00,0.24764151115531316,0.25259433665503245,0.24268868565559387,0.24268868565559387,1799400,0.0,0.0,0.0
2016-02-11 00:00:00+08:00,0.24268868565559387,0.25259433665503245,0.24268868565559387,0.24268868565559387,693000,0.0,0.0,0.0
2016-02-12 00:00:00+08:00,0.2476415107799122,0.2476415107799122,0.2327830195426941,0.2327830195426941,3574800,0.0,0.0,0.0
2016-02-15 00:00:00+08:00,0.2377358376979828,0.24268867779792547,0.2377358376979828,0.2377358376979828,654400,0.0,0.0,0.0
2016-02-16 00:00:00+08:00,0.24268867845805175,0.2525943291637134,0.23773583834463707,0.24764150381088257,4055600,0.0,0.0,0.0
2016-02-17 00:00:00+08:00,0.24764151115531316,0.25259433665503245,0.24268868565559387,0.24268868565559387,687000,0.0,0.0,0.0
2016-02-18 00:00:00+08:00,0.2476414967544686,0.2575471471778739,0.2476414967544686,0.25259432196617126,4071400,0.0,0.0,0.0
2016-02-19 00:00:00+08:00,0.2476414899694549,0.25754714012145996,0.2476414899694549,0.25754714012145996,2535300,0.0,0.0,0.0
2016-02-22 00:00:00+08:00,0.2575471625713404,0.26249998807907104,0.25259433706360984,0.26249998807907104,2669200,0.0,0.0,0.0
2016-02-23 00:00:00+08:00,0.2624999651974625,0.2674528197946311,0.25259431504545743,0.25754714012145996,4928900,0.0,0.0,0.0
2016-02-24 00:00:00+08:00,0.2575471625713404,0.26249998807907104,0.25259433706360984,0.26249998807907104,1833600,0.0,0.0,0.0
2016-02-25 00:00:00+08:00,0.2575471471778739,0.2575471471778739,0.25259432196617126,0.25259432196617126,1477900,0.0,0.0,0.0
2016-02-26 00:00:00+08:00,0.25754714012145996,0.2624999651974625,0.25259431504545743,0.25754714012145996,1173400,0.0,0.0,0.0
2016-02-29 00:00:00+08:00,0.26249998807907104,0.27240566861570087,0.26249998807907104,0.26249998807907104,6187600,0.0,0.0,0.0
2016-03-01 00:00:00+08:00,0.2674528431079703,0.2674528431079703,0.2575471625713404,0.26249998807907104,4508000,0.0,0.0,0.0
2016-03-02 00:00:00+08:00,0.2674528431079703,0.27240566861570087,0.26249998807907104,0.26249998807907104,5797000,0.0,0.0,0.0
2016-03-03 00:00:00+08:00,0.2674528289464896,0.27735847943745207,0.2674528289464896,0.2724056541919708,7708500,0.0,0.0,0.0
2016-03-04 00:00:00+08:00,0.2724056472283887,0.28231129746613026,0.2724056472283887,0.2773584723472595,5599800,0.0,0.0,0.0
2016-03-07 00:00:00+08:00,0.2773584723472595,0.28231129746613026,0.2724056472283887,0.2773584723472595,5765400,0.0,0.0,0.0
2016-03-08 00:00:00+08:00,0.28231130468293325,0.2872641299284145,0.2724056541919708,0.2724056541919708,4525900,0.0,0.0,0.0
2016-03-09 00:00:00+08:00,0.27240566926577053,0.2823113203048706,0.27240566926577053,0.2823113203048706,2197900,0.0,0.0,0.0
2016-03-10 00:00:00+08:00,0.28231129746613026,0.28231129746613026,0.2724056472283887,0.2773584723472595,2032700,0.0,0.0,0.0
2016-03-11 00:00:00+08:00,0.2823113203048706,0.2823113203048706,0.27735849478532054,0.2823113203048706,1910700,0.0,0.0,0.0
2016-03-14 00:00:00+08:00,0.28231129746613026,0.28231129746613026,0.2773584723472595,0.2773584723472595,2763200,0.0,0.0,0.0
2016-03-15 00:00:00+08:00,0.28231130468293325,0.28231130468293325,0.2724056541919708,0.2724056541919708,1429800,0.0,0.0,0.0
2016-03-16 00:00:00+08:00,0.27240566141346306,0.27735848679024405,0.26745283603668213,0.26745283603668213,2800900,0.0,0.0,0.0
2016-03-17 00:00:00+08:00,0.2724056472283887,0.2773584723472595,0.267452822109518,0.2773584723472595,3871400,0.0,0.0,0.0
2016-03-18 00:00:00+08:00,0.27735849478532054,0.2823113203048706,0.27240566926577053,0.2823113203048706,4926400,0.0,0.0,0.0
2016-03-21 00:00:00+08:00,0.2773584723472595,0.28231129746613026,0.2773584723472595,0.2773584723472595,1362900,0.0,0.0,0.0
2016-03-22 00:00:00+08:00,0.2823113130675792,0.2971698187664875,0.27735848767499904,0.2872641384601593,9550900,0.0,0.0,0.0
2016-03-23 00:00:00+08:00,0.2872641384601593,0.29221696385273943,0.2872641384601593,0.2872641384601593,3524000,0.0,0.0,0.0
2016-03-24 00:00:00+08:00,0.2872641458244206,0.2872641458244206,0.27735849478532054,0.2823113203048706,1864800,0.0,0.0,0.0
2016-03-28 00:00:00+08:00,0.28231129746613026,0.28231129746613026,0.2773584723472595,0.2773584723472595,1024100,0.0,0.0,0.0
2016-03-29 00:00:00+08:00,0.2773584723472595,0.28231129746613026,0.2724056472283887,0.2773584723472595,2575800,0.0,0.0,0.0
2016-03-30 00:00:00+08:00,0.28231129746613026,0.287264122585001,0.2773584723472595,0.2773584723472595,3222600,0.0,0.0,0.0
2016-03-31 00:00:00+08:00,0.2773584723472595,0.28231129746613026,0.2773584723472595,0.2773584723472595,2916500,0.0,0.0,0.0
2016-04-01 00:00:00+08:00,0.27735847943745207,0.27735847943745207,0.2674528289464896,0.2724056541919708,4718700,0.0,0.0,0.0
2016-04-04 00:00:00+08:00,0.27240566141346306,0.27240566141346306,0.26745283603668213,0.26745283603668213,2240400,0.0,0.0,0.0
2016-04-05 00:00:00+08:00,0.2674528431079703,0.2674528431079703,0.2575471625713404,0.26249998807907104,2999100,0.0,0.0,0.0
2016-04-06 00:00:00+08:00,0.26249998807907104,0.2674528431079703,0.2575471625713404,0.26249998807907104,1486800,0.0,0.0,0.0
2016-04-07 00:00:00+08:00,0.2624999651974625,0.2674528197946311,0.25754714012145996,0.25754714012145996,1340200,0.0,0.0,0.0
2016-04-08 00:00:00+08:00,0.2624999811387333,0.26745283603668213,0.25754715576195236,0.26745283603668213,4566300,0.0,0.0,0.0
2016-04-11 00:00:00+08:00,0.2674528431079703,0.2674528431079703,0.26249998807907104,0.26249998807907104,1991600,0.0,0.0,0.0
2016-04-12 00:00:00+08:00,0.2624999741798413,0.2724056541919708,0.2575471489343601,0.2724056541919708,2790800,0.0,0.0,0.0
2016-04-13 00:00:00+08:00,0.2724056541919708,0.27735847943745207,0.2674528289464896,0.2724056541919708,4586300,0.0,0.0,0.0
2016-04-14 00:00:00+08:00,0.27240566141346306,0.27735848679024405,0.26745283603668213,0.26745283603668213,2133000,0.0,0.0,0.0
2016-04-15 00:00:00+08:00,0.2724056541919708,0.27735847943745207,0.2674528289464896,0.2724056541919708,2214900,0.0,0.0,0.0
2016-04-18 00:00:00+08:00,0.2724056541919708,0.2724056541919708,0.2674528289464896,0.2724056541919708,2573900,0.0,0.0,0.0
2016-04-19 00:00:00+08:00,0.27240566926577053,0.2823113203048706,0.26745284374622047,0.2823113203048706,6778700,0.0,0.0,0.0
2016-04-20 00:00:00+08:00,0.28231129746613026,0.28231129746613026,0.2724056472283887,0.2773584723472595,2858200,0.0,0.0,0.0
2016-04-21 00:00:00+08:00,0.2773584723472595,0.28231129746613026,0.2724056472283887,0.2773584723472595,1546000,0.0,0.0,0.0
2016-04-22 00:00:00+08:00,0.2773584723472595,0.2773584723472595,0.2724056472283887,0.2773584723472595,1753600,0.0,0.0,0.0
2016-04-25 00:00:00+08:00,0.27735847943745207,0.27735847943745207,0.2724056541919708,0.2724056541919708,427800,0.0,0.0,0.0
2016-04-26 00:00:00+08:00,0.27240566926577053,0.2872641458244206,0.27240566926577053,0.2823113203048706,8940400,0.0,0.0,0.0
2016-04-27 00:00:00+08:00,0.2872641458244206,0.2872641458244206,0.2823113203048706,0.2823113203048706,4528100,0.0,0.0,0.0
2016-04-28 00:00:00+08:00,0.28231129746613026,0.287264122585001,0.2773584723472595,0.2773584723472595,1690300,0.0,0.0,0.0
2016-04-29 00:00:00+08:00,0.27735849478532054,0.2823113203048706,0.27735849478532054,0.2823113203048706,2192000,0.0,0.0,0.0
2016-05-03 00:00:00+08:00,0.28231129746613026,0.28231129746613026,0.2773584723472595,0.2773584723472595,809600,0.0,0.0,0.0
2016-05-04 00:00:00+08:00,0.27735847943745207,0.28231130468293325,0.2724056541919708,0.2724056541919708,1410100,0.0,0.0,0.0
2016-05-05 00:00:00+08:00,0.2724056541919708,0.27735847943745207,0.2674528289464896,0.2724056541919708,2579500,0.0,0.0,0.0
2016-05-06 00:00:00+08:00,0.2724056541919708,0.2724056541919708,0.2674528289464896,0.2724056541919708,1657600,0.0,0.0,0.0
2016-05-09 00:00:00+08:00,0.27240566861570087,0.2773584941234315,0.26249998807907104,0.26249998807907104,1707600,0.0,0.0,0.0
2016-05-10 00:00:00+08:00,0.26249998807907104,0.2674528431079703,0.2575471625713404,0.26249998807907104,1586300,0.0,0.0,0.0
2016-05-11 00:00:00+08:00,0.26249998807907104,0.2674528431079703,0.26249998807907104,0.26249998807907104,485900,0.0,0.0,0.0
2016-05-12 00:00:00+08:00,0.26249998807907104,0.2674528431079703,0.26249998807907104,0.26249998807907104,126800,0.0,0.0,0.0
2016-05-13 00:00:00+08:00,0.2674528431079703,0.2674528431079703,0.26249998807907104,0.26249998807907104,342600,0.0,0.0,0.0
2016-05-16 00:00:00+08:00,0.2674528431079703,0.2674528431079703,0.26249998807907104,0.26249998807907104,1410000,0.0,0.0,0.0
2016-05-17 00:00:00+08:00,0.26499998569488525,0.27000001072883606,0.25999999046325684,0.27000001072883606,1837400,0.0025,0.0,0.0
2016-05-18 00:00:00+08:00,0.27000001072883606,0.27000001072883606,0.25999999046325684,0.26499998569488525,833300,0.0,0.0,0.0
2016-05-19 00:00:00+08:00,0.26499998569488525,0.27000001072883606,0.25999999046325684,0.25999999046325684,502900,0.0,0.0,0.0
2016-05-20 00:00:00+08:00,0.26499998569488525,0.27000001072883606,0.26499998569488525,0.27000001072883606,886600,0.0,0.0,0.0
2016-05-23 00:00:00+08:00,0.27000001072883606,0.27000001072883606,0.25999999046325684,0.27000001072883606,1246200,0.0,0.0,0.0
2016-05-24 00:00:00+08:00,0.27000001072883606,0.27000001072883606,0.26499998569488525,0.26499998569488525,879200,0.0,0.0,0.0
2016-05-25 00:00:00+08:00,0.26499998569488525,0.27000001072883606,0.26499998569488525,0.26499998569488525,616200,0.0,0.0,0.0
2016-05-26 00:00:00+08:00,0.27000001072883606,0.27000001072883606,0.25999999046325684,0.26499998569488525,533800,0.0,0.0,0.0
2016-05-27 00:00:00+08:00,0.26499998569488525,0.26499998569488525,0.25999999046325684,0.26499998569488525,936200,0.0,0.0,0.0
2016-05-30 00:00:00+08:00,0.26499998569488525,0.27000001072883606,0.26499998569488525,0.26499998569488525,893400,0.0,0.0,0.0
2016-05-31 00:00:00+08:00,0.27000001072883606,0.27000001072883606,0.26499998569488525,0.27000001072883606,2300000,0.0,0.0,0.0
2016-06-01 00:00:00+08:00,0.27000001072883606,0.2750000059604645,0.26499998569488525,0.26499998569488525,691300,0.0,0.0,0.0
2016-06-02 00:00:00+08:00,0.27000001072883606,0.27000001072883606,0.26499998569488525,0.26499998569488525,373900,0.0,0.0,0.0
2016-06-03 00:00:00+08:00,0.27000001072883606,0.27000001072883606,0.26499998569488525,0.27000001072883606,429600,0.0,0.0,0.0
2016-06-06 00:00:00+08:00,0.27000001072883606,0.27000001072883606,0.25999999046325684,0.26499998569488525,1797400,0.0,0.0,0.0
2016-06-07 00:00:00+08:00,0.26499998569488525,0.27000001072883606,0.25999999046325684,0.26499998569488525,2185000,0.0,0.0,0.0
2016-06-08 00:00:00+08:00,0.26499998569488525,0.27000001072883606,0.25999999046325684,0.27000001072883606,1389900,0.0,0.0,0.0
2016-06-09 00:00:00+08:00,0.26499998569488525,0.27000001072883606,0.26499998569488525,0.26499998569488525,535700,0.0,0.0,0.0
2016-06-10 00:00:00+08:00,0.26499998569488525,0.26499998569488525,0.25999999046325684,0.26499998569488525,119500,0.0,0.0,0.0
2016-06-13 00:00:00+08:00,0.25999999046325684,0.26499998569488525,0.25999999046325684,0.26499998569488525,310000,0.0,0.0,0.0
2016-06-14 00:00:00+08:00,0.25999999046325684,0.26499998569488525,0.2549999952316284,0.25999999046325684,1612900,0.0,0.0,0.0
2016-06-15 00:00:00+08:00,0.25999999046325684,0.26499998569488525,0.2549999952316284,0.25999999046325684,859800,0.0,0.0,0.0
2016-06-16 00:00:00+08:00,0.25999999046325684,0.25999999046325684,0.2549999952316284,0.2549999952316284,1284800,0.0,0.0,0.0
2016-06-17 00:00:00+08:00,0.2549999952316284,0.25999999046325684,0.2549999952316284,0.25999999046325684,136400,0.0,0.0,0.0
2016-06-20 00:00:00+08:00,0.2549999952316284,0.26499998569488525,0.2549999952316284,0.25999999046325684,1651900,0.0,0.0,0.0
2016-06-21 00:00:00+08:00,0.25999999046325684,0.25999999046325684,0.2549999952316284,0.2549999952316284,551200,0.0,0.0,0.0
2016-06-22 00:00:00+08:00,0.2549999952316284,0.25999999046325684,0.25,0.25,1071000,0.0,0.0,0.0
2016-06-23 00:00:00+08:00,0.25,0.25999999046325684,0.25,0.25999999046325684,1215000,0.0,0.0,0.0
2016-06-24 00:00:00+08:00,0.26499998569488525,0.2750000059604645,0.2549999952316284,0.26499998569488525,9889300,0.0,0.0,0.0
2016-06-27 00:00:00+08:00,0.25999999046325684,0.25999999046325684,0.25,0.2549999952316284,1648100,0.0,0.0,0.0
2016-06-28 00:00:00+08:00,0.25,0.25999999046325684,0.25,0.25999999046325684,1288300,0.0,0.0,0.0
2016-06-29 00:00:00+08:00,0.25999999046325684,0.25999999046325684,0.2549999952316284,0.2549999952316284,600500,0.0,0.0,0.0
2016-06-30 00:00:00+08:00,0.2549999952316284,0.26499998569488525,0.2549999952316284,0.25999999046325684,3147100,0.0,0.0,0.0
2016-07-01 00:00:00+08:00,0.26499998569488525,0.26499998569488525,0.2549999952316284,0.2549999952316284,1231700,0.0,0.0,0.0
2016-07-04 00:00:00+08:00,0.25999999046325684,0.27000001072883606,0.2549999952316284,0.26499998569488525,3582900,0.0,0.0,0.0
2016-07-05 00:00:00+08:00,0.25999999046325684,0.26499998569488525,0.2549999952316284,0.2549999952316284,2052000,0.0,0.0,0.0
2016-07-07 00:00:00+08:00,0.2549999952316284,0.25999999046325684,0.2549999952316284,0.25999999046325684,1283600,0.0,0.0,0.0
2016-07-08 00:00:00+08:00,0.2549999952316284,0.25999999046325684,0.2549999952316284,0.25999999046325684,1387800,0.0,0.0,0.0
2016-07-11 00:00:00+08:00,0.25999999046325684,0.26499998569488525,0.2549999952316284,0.25999999046325684,2462200,0.0,0.0,0.0
2016-07-12 00:00:00+08:00,0.2549999952316284,0.26499998569488525,0.2549999952316284,0.26499998569488525,1284100,0.0,0.0,0.0
2016-07-13 00:00:00+08:00,0.26499998569488525,0.26499998569488525,0.2549999952316284,0.26499998569488525,2108400,0.0,0.0,0.0
2016-07-14 00:00:00+08:00,0.25999999046325684,0.26499998569488525,0.2549999952316284,0.2549999952316284,685500,0.0,0.0,0.0
2016-07-15 00:00:00+08:00,0.25999999046325684,0.25999999046325684,0.2549999952316284,0.2549999952316284,1015200,0.0,0.0,0.0
2016-07-18 00:00:00+08:00,0.2549999952316284,0.25999999046325684,0.2549999952316284,0.2549999952316284,800000,0.0,0.0,0.0
2016-07-19 00:00:00+08:00,0.2549999952316284,0.25999999046325684,0.2549999952316284,0.2549999952316284,971000,0.0,0.0,0.0
2016-07-20 00:00:00+08:00,0.2549999952316284,0.2549999952316284,0.24500000476837158,0.2549999952316284,3164900,0.0,0.0,0.0
2016-07-21 00:00:00+08:00,0.25,0.2549999952316284,0.24500000476837158,0.25,3160600,0.0,0.0,0.0
2016-07-22 00:00:00+08:00,0.25,0.2549999952316284,0.24500000476837158,0.24500000476837158,528700,0.0,0.0,0.0
2016-07-25 00:00:00+08:00,0.24500000476837158,0.25,0.24500000476837158,0.24500000476837158,1006000,0.0,0.0,0.0
2016-07-26 00:00:00+08:00,0.24500000476837158,0.25,0.24500000476837158,0.25,703000,0.0,0.0,0.0
2016-07-27 00:00:00+08:00,0.25,0.2549999952316284,0.24500000476837158,0.2549999952316284,1414000,0.0,0.0,0.0
2016-07-28 00:00:00+08:00,0.25,0.2549999952316284,0.24500000476837158,0.25,931100,0.0,0.0,0.0
2016-07-29 00:00:00+08:00,0.25,0.25,0.24500000476837158,0.24500000476837158,995800,0.0,0.0,0.0
2016-08-01 00:00:00+08:00,0.24500000476837158,0.25,0.24500000476837158,0.24500000476837158,1831900,0.0,0.0,0.0
2016-08-02 00:00:00+08:00,0.24500000476837158,0.24500000476837158,0.23999999463558197,0.23999999463558197,1566800,0.0,0.0,0.0
2016-08-03 00:00:00+08:00,0.24500000476837158,0.24500000476837158,0.23499999940395355,0.23999999463558197,2342400,0.0,0.0,0.0
2016-08-04 00:00:00+08:00,0.23999999463558197,0.23999999463558197,0.23499999940395355,0.23499999940395355,1443800,0.0,0.0,0.0
2016-08-05 00:00:00+08:00,0.23499999940395355,0.23999999463558197,0.22499999403953552,0.23499999940395355,3846400,0.0,0.0,0.0
2016-08-08 00:00:00+08:00,0.23499999940395355,0.23999999463558197,0.23000000417232513,0.23499999940395355,1458600,0.0,0.0,0.0
2016-08-10 00:00:00+08:00,0.23499999940395355,0.23999999463558197,0.23499999940395355,0.23499999940395355,2404100,0.0,0.0,0.0
2016-08-11 00:00:00+08:00,0.23499999940395355,0.24500000476837158,0.23000000417232513,0.24500000476837158,4599500,0.0,0.0,0.0
2016-08-12 00:00:00+08:00,0.24500000476837158,0.24500000476837158,0.23999999463558197,0.23999999463558197,8380800,0.0,0.0,0.0
2016-08-15 00:00:00+08:00,0.24500000476837158,0.24500000476837158,0.23499999940395355,0.23999999463558197,3756600,0.0,0.0,0.0
2016-08-16 00:00:00+08:00,0.23999999463558197,0.24500000476837158,0.23499999940395355,0.23999999463558197,2912900,0.0,0.0,0.0
2016-08-17 00:00:00+08:00,0.23999999463558197,0.23999999463558197,0.23499999940395355,0.23999999463558197,1231800,0.0,0.0,0.0
2016-08-18 00:00:00+08:00,0.23999999463558197,0.23999999463558197,0.23000000417232513,0.23000000417232513,2110700,0.0,0.0,0.0
2016-08-19 00:00:00+08:00,0.23000000417232513,0.23499999940395355,0.23000000417232513,0.23000000417232513,1710700,0.0,0.0,0.0
2016-08-22 00:00:00+08:00,0.23000000417232513,0.23000000417232513,0.22499999403953552,0.23000000417232513,2453100,0.0,0.0,0.0
2016-08-23 00:00:00+08:00,0.22499999403953552,0.23000000417232513,0.22499999403953552,0.23000000417232513,740900,0.0,0.0,0.0
2016-08-24 00:00:00+08:00,0.23000000417232513,0.23999999463558197,0.22499999403953552,0.23999999463558197,4225000,0.0,0.0,0.0
2016-08-25 00:00:00+08:00,0.23999999463558197,0.24500000476837158,0.23499999940395355,0.23499999940395355,3015700,0.0,0.0,0.0
2016-08-26 00:00:00+08:00,0.23499999940395355,0.23499999940395355,0.23000000417232513,0.23000000417232513,1239500,0.0,0.0,0.0
2016-08-29 00:00:00+08:00,0.23000000417232513,0.23499999940395355,0.23000000417232513,0.23000000417232513,844800,0.0,0.0,0.0
2016-08-30 00:00:00+08:00,0.23000000417232513,0.23499999940395355,0.23000000417232513,0.23000000417232513,566500,0.0,0.0,0.0
2016-08-31 00:00:00+08:00,0.23000000417232513,0.23000000417232513,0.22499999403953552,0.22499999403953552,1912800,0.0,0.0,0.0
2016-09-01 00:00:00+08:00,0.22499999403953552,0.22499999403953552,0.2199999988079071,0.22499999403953552,4328600,0.0,0.0,0.0
2016-09-02 00:00:00+08:00,0.2199999988079071,0.2199999988079071,0.2150000035762787,0.2199999988079071,2520500,0.0,0.0,0.0
2016-09-05 00:00:00+08:00,0.2199999988079071,0.22499999403953552,0.2199999988079071,0.22499999403953552,1007100,0.0,0.0,0.0
2016-09-06 00:00:00+08:00,0.22499999403953552,0.22499999403953552,0.2199999988079071,0.2199999988079071,1344000,0.0,0.0,0.0
2016-09-07 00:00:00+08:00,0.2199999988079071,0.22499999403953552,0.2199999988079071,0.22499999403953552,552200,0.0,0.0,0.0
2016-09-08 00:00:00+08:00,0.2199999988079071,0.23000000417232513,0.2199999988079071,0.22499999403953552,3496900,0.0,0.0,0.0
2016-09-09 00:00:00+08:00,0.23000000417232513,0.23000000417232513,0.2199999988079071,0.22499999403953552,1613500,0.0,0.0,0.0
2016-09-13 00:00:00+08:00,0.2199999988079071,0.22499999403953552,0.2150000035762787,0.2199999988079071,1790100,0.0,0.0,0.0
2016-09-14 00:00:00+08:00,0.2199999988079071,0.2199999988079071,0.2150000035762787,0.2199999988079071,1508300,0.0,0.0,0.0
2016-09-15 00:00:00+08:00,0.2199999988079071,0.2199999988079071,0.2150000035762787,0.2199999988079071,623400,0.0,0.0,0.0
2016-09-16 00:00:00+08:00,0.2199999988079071,0.2199999988079071,0.2150000035762787,0.2199999988079071,1997200,0.0,0.0,0.0
2016-09-19 00:00:00+08:00,0.2199999988079071,0.23999999463558197,0.2199999988079071,0.23499999940395355,11484800,0.0,0.0,0.0
2016-09-20 00:00:00+08:00,0.23000000417232513,0.23499999940395355,0.23000000417232513,0.23000000417232513,796800,0.0,0.0,0.0
2016-09-21 00:00:00+08:00,0.23000000417232513,0.23499999940395355,0.23000000417232513,0.23499999940395355,604700,0.0,0.0,0.0
2016-09-22 00:00:00+08:00,0.23499999940395355,0.23499999940395355,0.22499999403953552,0.22499999403953552,1200800,0.0,0.0,0.0
2016-09-23 00:00:00+08:00,0.22499999403953552,0.23000000417232513,0.22499999403953552,0.22499999403953552,1565700,0.0,0.0,0.0
2016-09-26 00:00:00+08:00,0.22499999403953552,0.22499999403953552,0.2199999988079071,0.2199999988079071,1017000,0.0,0.0,0.0
2016-09-27 00:00:00+08:00,0.2199999988079071,0.23000000417232513,0.2199999988079071,0.22499999403953552,1684900,0.0,0.0,0.0
2016-09-28 00:00:00+08:00,0.22499999403953552,0.22499999403953552,0.2199999988079071,0.22499999403953552,544100,0.0,0.0,0.0
2016-09-29 00:00:00+08:00,0.22499999403953552,0.23000000417232513,0.22499999403953552,0.22499999403953552,763200,0.0,0.0,0.0
2016-09-30 00:00:00+08:00,0.22499999403953552,0.23000000417232513,0.2199999988079071,0.23000000417232513,636200,0.0,0.0,0.0
2016-10-03 00:00:00+08:00,0.22499999403953552,0.23000000417232513,0.22499999403953552,0.22499999403953552,511000,0.0,0.0,0.0
2016-10-04 00:00:00+08:00,0.22499999403953552,0.23000000417232513,0.22499999403953552,0.23000000417232513,424300,0.0,0.0,0.0
2016-10-05 00:00:00+08:00,0.22499999403953552,0.23499999940395355,0.22499999403953552,0.23499999940395355,4967900,0.0,0.0,0.0
2016-10-06 00:00:00+08:00,0.23000000417232513,0.23499999940395355,0.22499999403953552,0.23499999940395355,2642300,0.0,0.0,0.0
2016-10-07 00:00:00+08:00,0.23499999940395355,0.24500000476837158,0.23499999940395355,0.23999999463558197,14002400,0.0,0.0,0.0
2016-10-10 00:00:00+08:00,0.23999999463558197,0.24500000476837158,0.23499999940395355,0.24500000476837158,2921300,0.0,0.0,0.0
2016-10-11 00:00:00+08:00,0.24500000476837158,0.24500000476837158,0.23499999940395355,0.23499999940395355,9442500,0.0,0.0,0.0
2016-10-12 00:00:00+08:00,0.23499999940395355,0.23499999940395355,0.23000000417232513,0.23000000417232513,3089400,0.0,0.0,0.0
2016-10-13 00:00:00+08:00,0.23000000417232513,0.23000000417232513,0.2199999988079071,0.2199999988079071,2763000,0.0,0.0,0.0
2016-10-14 00:00:00+08:00,0.2199999988079071,0.22499999403953552,0.2199999988079071,0.2199999988079071,3334800,0.0,0.0,0.0
2016-10-17 00:00:00+08:00,0.2199999988079071,0.22499999403953552,0.2150000035762787,0.2199999988079071,11632300,0.0,0.0,0.0
2016-10-18 00:00:00+08:00,0.22499999403953552,0.22499999403953552,0.2150000035762787,0.2150000035762787,8637600,0.0,0.0,0.0
2016-10-19 00:00:00+08:00,0.2199999988079071,0.2199999988079071,0.2150000035762787,0.2199999988079071,1508000,0.0,0.0,0.0
2016-10-20 00:00:00+08:00,0.2199999988079071,0.2199999988079071,0.2150000035762787,0.2150000035762787,1105500,0.0,0.0,0.0
2016-10-21 00:00:00+08:00,0.2150000035762787,0.2150000035762787,0.2150000035762787,0.2150000035762787,442800,0.0,0.0,0.0
2016-10-24 00:00:00+08:00,0.2150000035762787,0.2199999988079071,0.20999999344348907,0.2199999988079071,4436100,0.0,0.0,0.0
2016-10-25 00:00:00+08:00,0.2199999988079071,0.22499999403953552,0.2150000035762787,0.2150000035762787,4777900,0.0,0.0,0.0
2016-10-26 00:00:00+08:00,0.2199999988079071,0.2199999988079071,0.2150000035762787,0.2199999988079071,895400,0.0,0.0,0.0
2016-10-27 00:00:00+08:00,0.2150000035762787,0.2199999988079071,0.2150000035762787,0.2150000035762787,1117100,0.0,0.0,0.0
2016-10-28 00:00:00+08:00,0.2150000035762787,0.22499999403953552,0.2150000035762787,0.2199999988079071,5001800,0.0,0.0,0.0
2016-10-31 00:00:00+08:00,0.2199999988079071,0.2199999988079071,0.2150000035762787,0.2150000035762787,1190800,0.0,0.0,0.0
2016-11-01 00:00:00+08:00,0.2150000035762787,0.2199999988079071,0.2150000035762787,0.2150000035762787,1081700,0.0,0.0,0.0
2016-11-02 00:00:00+08:00,0.2150000035762787,0.2199999988079071,0.2150000035762787,0.2150000035762787,844200,0.0,0.0,0.0
2016-11-03 00:00:00+08:00,0.2150000035762787,0.2150000035762787,0.20999999344348907,0.2150000035762787,1959000,0.0,0.0,0.0
2016-11-04 00:00:00+08:00,0.2150000035762787,0.2150000035762787,0.20999999344348907,0.2150000035762787,818700,0.0,0.0,0.0
2016-11-07 00:00:00+08:00,0.2150000035762787,0.2199999988079071,0.20999999344348907,0.2150000035762787,7174400,0.0,0.0,0.0
2016-11-08 00:00:00+08:00,0.2150000035762787,0.2150000035762787,0.20999999344348907,0.2150000035762787,2420700,0.0,0.0,0.0
2016-11-09 00:00:00+08:00,0.2150000035762787,0.2199999988079071,0.20499999821186066,0.2150000035762787,5677000,0.0,0.0,0.0
2016-11-10 00:00:00+08:00,0.2150000035762787,0.22499999403953552,0.20999999344348907,0.2199999988079071,6306700,0.0,0.0,0.0
2016-11-11 00:00:00+08:00,0.2199999988079071,0.22499999403953552,0.20999999344348907,0.2150000035762787,2991600,0.0,0.0,0.0
2016-11-14 00:00:00+08:00,0.2150000035762787,0.2150000035762787,0.20999999344348907,0.2150000035762787,2272400,0.0,0.0,0.0
2016-11-15 00:00:00+08:00,0.2199999988079071,0.22499999403953552,0.2150000035762787,0.2199999988079071,4555500,0.0,0.0,0.0
2016-11-16 00:00:00+08:00,0.2150000035762787,0.2199999988079071,0.2150000035762787,0.2150000035762787,1901400,0.0,0.0,0.0
2016-11-17 00:00:00+08:00,0.2199999988079071,0.23000000417232513,0.2199999988079071,0.22499999403953552,17679200,0.0,0.0,0.0
2016-11-18 00:00:00+08:00,0.22499999403953552,0.23000000417232513,0.2199999988079071,0.2199999988079071,3996900,0.0,0.0,0.0
2016-11-21 00:00:00+08:00,0.22499999403953552,0.23000000417232513,0.2199999988079071,0.23000000417232513,3748100,0.0,0.0,0.0
2016-11-22 00:00:00+08:00,0.22499999403953552,0.23000000417232513,0.2199999988079071,0.22499999403953552,6074400,0.0,0.0,0.0
2016-11-23 00:00:00+08:00,0.22499999403953552,0.23000000417232513,0.2199999988079071,0.22499999403953552,5207400,0.0,0.0,0.0
2016-11-24 00:00:00+08:00,0.22499999403953552,0.23000000417232513,0.2199999988079071,0.2199999988079071,2398900,0.0,0.0,0.0
2016-11-25 00:00:00+08:00,0.2199999988079071,0.23000000417232513,0.2199999988079071,0.22499999403953552,2874400,0.0,0.0,0.0
2016-11-28 00:00:00+08:00,0.22499999403953552,0.23000000417232513,0.2199999988079071,0.22499999403953552,1974100,0.0,0.0,0.0
2016-11-29 00:00:00+08:00,0.2199999988079071,0.22499999403953552,0.2199999988079071,0.2199999988079071,905900,0.0,0.0,0.0
2016-11-30 00:00:00+08:00,0.2199999988079071,0.23000000417232513,0.2199999988079071,0.22499999403953552,3407300,0.0,0.0,0.0
2016-12-01 00:00:00+08:00,0.22499999403953552,0.23000000417232513,0.2199999988079071,0.22499999403953552,1361600,0.0,0.0,0.0
2016-12-02 00:00:00+08:00,0.23000000417232513,0.23000000417232513,0.22499999403953552,0.22499999403953552,1431300,0.0,0.0,0.0
2016-12-05 00:00:00+08:00,0.22499999403953552,0.23000000417232513,0.22499999403953552,0.22499999403953552,2035600,0.0,0.0,0.0
2016-12-06 00:00:00+08:00,0.22499999403953552,0.23000000417232513,0.2199999988079071,0.23000000417232513,1004800,0.0,0.0,0.0
2016-12-07 00:00:00+08:00,0.22499999403953552,0.23000000417232513,0.2199999988079071,0.22499999403953552,678300,0.0,0.0,0.0
2016-12-08 00:00:00+08:00,0.22499999403953552,0.23000000417232513,0.22499999403953552,0.22499999403953552,1193900,0.0,0.0,0.0
2016-12-09 00:00:00+08:00,0.22499999403953552,0.23000000417232513,0.2199999988079071,0.22499999403953552,1397700,0.0,0.0,0.0
2016-12-12 00:00:00+08:00,0.23000000417232513,0.23000000417232513,0.2199999988079071,0.23000000417232513,1061200,0.0,0.0,0.0
2016-12-13 00:00:00+08:00,0.23000000417232513,0.23000000417232513,0.2199999988079071,0.22499999403953552,571000,0.0,0.0,0.0
2016-12-14 00:00:00+08:00,0.22499999403953552,0.23000000417232513,0.2199999988079071,0.22499999403953552,1178500,0.0,0.0,0.0
2016-12-15 00:00:00+08:00,0.22499999403953552,0.23000000417232513,0.2199999988079071,0.2199999988079071,1037000,0.0,0.0,0.0
2016-12-16 00:00:00+08:00,0.22499999403953552,0.22499999403953552,0.2199999988079071,0.2199999988079071,1042700,0.0,0.0,0.0
2016-12-19 00:00:00+08:00,0.2199999988079071,0.22499999403953552,0.2150000035762787,0.2150000035762787,2229200,0.0,0.0,0.0
2016-12-20 00:00:00+08:00,0.2150000035762787,0.2199999988079071,0.2150000035762787,0.2150000035762787,1001100,0.0,0.0,0.0
2016-12-21 00:00:00+08:00,0.2150000035762787,0.2199999988079071,0.2150000035762787,0.2150000035762787,556200,0.0,0.0,0.0
2016-12-22 00:00:00+08:00,0.2150000035762787,0.2199999988079071,0.20999999344348907,0.2150000035762787,2903300,0.0,0.0,0.0
2016-12-23 00:00:00+08:00,0.2150000035762787,0.2199999988079071,0.20999999344348907,0.2150000035762787,448900,0.0,0.0,0.0
2016-12-27 00:00:00+08:00,0.20999999344348907,0.2150000035762787,0.20999999344348907,0.2150000035762787,854800,0.0,0.0,0.0
2016-12-28 00:00:00+08:00,0.2150000035762787,0.2199999988079071,0.2150000035762787,0.2199999988079071,98000,0.0,0.0,0.0
2016-12-29 00:00:00+08:00,0.2150000035762787,0.2199999988079071,0.2150000035762787,0.2150000035762787,357500,0.0,0.0,0.0
2016-12-30 00:00:00+08:00,0.2150000035762787,0.2199999988079071,0.2150000035762787,0.2150000035762787,1368700,0.0,0.0,0.0
2017-01-03 00:00:00+08:00,0.2150000035762787,0.2199999988079071,0.2150000035762787,0.2150000035762787,233000,0.0,0.0,0.0
2017-01-04 00:00:00+08:00,0.2199999988079071,0.22499999403953552,0.2199999988079071,0.2199999988079071,3116900,0.0,0.0,0.0
2017-01-05 00:00:00+08:00,0.2199999988079071,0.23000000417232513,0.2199999988079071,0.22499999403953552,2708700,0.0,0.0,0.0
2017-01-06 00:00:00+08:00,0.22499999403953552,0.23000000417232513,0.22499999403953552,0.23000000417232513,1822700,0.0,0.0,0.0
2017-01-09 00:00:00+08:00,0.23000000417232513,0.23000000417232513,0.2199999988079071,0.22499999403953552,3123500,0.0,0.0,0.0
2017-01-10 00:00:00+08:00,0.22499999403953552,0.23000000417232513,0.22499999403953552,0.22499999403953552,1135500,0.0,0.0,0.0
2017-01-11 00:00:00+08:00,0.23000000417232513,0.23000000417232513,0.22499999403953552,0.22499999403953552,984400,0.0,0.0,0.0
2017-01-12 00:00:00+08:00,0.23000000417232513,0.23000000417232513,0.2199999988079071,0.22499999403953552,1711200,0.0,0.0,0.0
2017-01-13 00:00:00+08:00,0.22499999403953552,0.23000000417232513,0.2199999988079071,0.22499999403953552,1729500,0.0,0.0,0.0
2017-01-16 00:00:00+08:00,0.22499999403953552,0.23000000417232513,0.2199999988079071,0.2199999988079071,1761200,0.0,0.0,0.0
2017-01-17 00:00:00+08:00,0.2199999988079071,0.23000000417232513,0.2199999988079071,0.22499999403953552,630800,0.0,0.0,0.0
2017-01-18 00:00:00+08:00,0.2199999988079071,0.22499999403953552,0.2199999988079071,0.22499999403953552,332600,0.0,0.0,0.0
2017-01-19 00:00:00+08:00,0.22499999403953552,0.23000000417232513,0.22499999403953552,0.23000000417232513,461900,0.0,0.0,0.0
2017-01-20 00:00:00+08:00,0.22499999403953552,0.23000000417232513,0.22499999403953552,0.22499999403953552,273000,0.0,0.0,0.0
2017-01-23 00:00:00+08:00,0.23000000417232513,0.23000000417232513,0.22499999403953552,0.22499999403953552,444400,0.0,0.0,0.0
2017-01-24 00:00:00+08:00,0.22499999403953552,0.23000000417232513,0.22499999403953552,0.23000000417232513,1596400,0.0,0.0,0.0
2017-01-25 00:00:00+08:00,0.23000000417232513,0.23999999463558197,0.23000000417232513,0.23499999940395355,12172800,0.0,0.0,0.0
2017-01-26 00:00:00+08:00,0.23499999940395355,0.23999999463558197,0.23499999940395355,0.23999999463558197,4860300,0.0,0.0,0.0
2017-01-27 00:00:00+08:00,0.23999999463558197,0.23999999463558197,0.23499999940395355,0.23999999463558197,869100,0.0,0.0,0.0
2017-01-31 00:00:00+08:00,0.23999999463558197,0.23999999463558197,0.23000000417232513,0.23000000417232513,2878200,0.0,0.0,0.0
2017-02-01 00:00:00+08:00,0.23000000417232513,0.23499999940395355,0.23000000417232513,0.23000000417232513,4914700,0.0,0.0,0.0
2017-02-02 00:00:00+08:00,0.23499999940395355,0.23499999940395355,0.23000000417232513,0.23499999940395355,1553700,0.0,0.0,0.0
2017-02-03 00:00:00+08:00,0.23499999940395355,0.23499999940395355,0.23000000417232513,0.23000000417232513,1729600,0.0,0.0,0.0
2017-02-06 00:00:00+08:00,0.23499999940395355,0.24500000476837158,0.23499999940395355,0.24500000476837158,9196500,0.0,0.0,0.0
2017-02-07 00:00:00+08:00,0.24500000476837158,0.25999999046325684,0.24500000476837158,0.25999999046325684,15941500,0.0,0.0,0.0
2017-02-08 00:00:00+08:00,0.25999999046325684,0.25999999046325684,0.25,0.2549999952316284,4200200,0.0,0.0,0.0
2017-02-09 00:00:00+08:00,0.25,0.2549999952316284,0.25,0.2549999952316284,1204500,0.0,0.0,0.0
2017-02-10 00:00:00+08:00,0.2549999952316284,0.2549999952316284,0.25,0.25,1112100,0.0,0.0,0.0
2017-02-13 00:00:00+08:00,0.25,0.25999999046325684,0.25,0.2549999952316284,3487400,0.0,0.0,0.0
2017-02-14 00:00:00+08:00,0.25999999046325684,0.25999999046325684,0.25,0.2549999952316284,4080000,0.0,0.0,0.0
2017-02-15 00:00:00+08:00,0.2549999952316284,0.25999999046325684,0.2549999952316284,0.2549999952316284,1787100,0.0,0.0,0.0
2017-02-16 00:00:00+08:00,0.2549999952316284,0.25999999046325684,0.2549999952316284,0.25999999046325684,1958100,0.0,0.0,0.0
2017-02-17 00:00:00+08:00,0.25999999046325684,0.25999999046325684,0.2549999952316284,0.2549999952316284,2002000,0.0,0.0,0.0
2017-02-20 00:00:00+08:00,0.25999999046325684,0.25999999046325684,0.25,0.2549999952316284,2124200,0.0,0.0,0.0
2017-02-21 00:00:00+08:00,0.25,0.2549999952316284,0.24500000476837158,0.25,2813800,0.0,0.0,0.0
2017-02-22 00:00:00+08:00,0.25,0.25,0.24500000476837158,0.25,839800,0.0,0.0,0.0
2017-02-23 00:00:00+08:00,0.25,0.25,0.24500000476837158,0.25,2549000,0.0,0.0,0.0
2017-02-24 00:00:00+08:00,0.25,0.2549999952316284,0.23999999463558197,0.24500000476837158,6669000,0.0,0.0,0.0
2017-02-27 00:00:00+08:00,0.2549999952316284,0.25999999046325684,0.24500000476837158,0.2549999952316284,14292000,0.0,0.0,0.0
2017-02-28 00:00:00+08:00,0.2549999952316284,0.25999999046325684,0.25,0.25999999046325684,4395300,0.0,0.0,0.0
2017-03-01 00:00:00+08:00,0.25,0.2549999952316284,0.23999999463558197,0.24500000476837158,7097400,0.0,0.0,0.0
2017-03-02 00:00:00+08:00,0.24500000476837158,0.24500000476837158,0.23999999463558197,0.23999999463558197,2629300,0.0,0.0,0.0
2017-03-03 00:00:00+08:00,0.23999999463558197,0.24500000476837158,0.23499999940395355,0.23999999463558197,3309500,0.0,0.0,0.0
2017-03-06 00:00:00+08:00,0.23999999463558197,0.24500000476837158,0.23499999940395355,0.23999999463558197,1930600,0.0,0.0,0.0
2017-03-07 00:00:00+08:00,0.23999999463558197,0.24500000476837158,0.23999999463558197,0.23999999463558197,2639300,0.0,0.0,0.0
2017-03-08 00:00:00+08:00,0.23999999463558197,0.24500000476837158,0.23999999463558197,0.24500000476837158,2343000,0.0,0.0,0.0
2017-03-09 00:00:00+08:00,0.23999999463558197,0.23999999463558197,0.23499999940395355,0.23999999463558197,921900,0.0,0.0,0.0
2017-03-10 00:00:00+08:00,0.23999999463558197,0.23999999463558197,0.23499999940395355,0.23499999940395355,693500,0.0,0.0,0.0
2017-03-13 00:00:00+08:00,0.23499999940395355,0.23999999463558197,0.23000000417232513,0.23499999940395355,2471100,0.0,0.0,0.0
2017-03-14 00:00:00+08:00,0.23000000417232513,0.23499999940395355,0.22499999403953552,0.23000000417232513,3727600,0.0,0.0,0.0
2017-03-15 00:00:00+08:00,0.23000000417232513,0.23499999940395355,0.22499999403953552,0.23000000417232513,1633500,0.0,0.0,0.0
2017-03-16 00:00:00+08:00,0.23000000417232513,0.23499999940395355,0.23000000417232513,0.23499999940395355,773300,0.0,0.0,0.0
2017-03-17 00:00:00+08:00,0.23000000417232513,0.23499999940395355,0.23000000417232513,0.23000000417232513,520900,0.0,0.0,0.0
2017-03-20 00:00:00+08:00,0.23000000417232513,0.23499999940395355,0.22499999403953552,0.23000000417232513,2508800,0.0,0.0,0.0
2017-03-21 00:00:00+08:00,0.23000000417232513,0.23000000417232513,0.22499999403953552,0.23000000417232513,1374900,0.0,0.0,0.0
2017-03-22 00:00:00+08:00,0.22499999403953552,0.23000000417232513,0.22499999403953552,0.22499999403953552,1348300,0.0,0.0,0.0
2017-03-23 00:00:00+08:00,0.22499999403953552,0.23000000417232513,0.22499999403953552,0.23000000417232513,682600,0.0,0.0,0.0
2017-03-24 00:00:00+08:00,0.23000000417232513,0.23000000417232513,0.22499999403953552,0.22499999403953552,609800,0.0,0.0,0.0
2017-03-27 00:00:00+08:00,0.23000000417232513,0.23499999940395355,0.22499999403953552,0.23000000417232513,1961000,0.0,0.0,0.0
2017-03-28 00:00:00+08:00,0.23000000417232513,0.23000000417232513,0.22499999403953552,0.22499999403953552,1539300,0.0,0.0,0.0
2017-03-29 00:00:00+08:00,0.22499999403953552,0.23000000417232513,0.2199999988079071,0.22499999403953552,3794500,0.0,0.0,0.0
2017-03-30 00:00:00+08:00,0.22499999403953552,0.23000000417232513,0.22499999403953552,0.23000000417232513,1018500,0.0,0.0,0.0
2017-03-31 00:00:00+08:00,0.23000000417232513,0.23999999463558197,0.23000000417232513,0.23499999940395355,15793900,0.0,0.0,0.0
2017-04-03 00:00:00+08:00,0.23999999463558197,0.23999999463558197,0.23000000417232513,0.23000000417232513,3959300,0.0,0.0,0.0
2017-04-04 00:00:00+08:00,0.23499999940395355,0.23499999940395355,0.23000000417232513,0.23499999940395355,1596400,0.0,0.0,0.0
2017-04-05 00:00:00+08:00,0.23499999940395355,0.23499999940395355,0.23000000417232513,0.23000000417232513,872800,0.0,0.0,0.0
2017-04-06 00:00:00+08:00,0.23499999940395355,0.23499999940395355,0.22499999403953552,0.23499999940395355,4206400,0.0,0.0,0.0
2017-04-07 00:00:00+08:00,0.23000000417232513,0.23499999940395355,0.22499999403953552,0.22499999403953552,2630400,0.0,0.0,0.0
2017-04-10 00:00:00+08:00,0.23000000417232513,0.23499999940395355,0.22499999403953552,0.23000000417232513,4907400,0.0,0.0,0.0
2017-04-11 00:00:00+08:00,0.23499999940395355,0.23999999463558197,0.23000000417232513,0.23499999940395355,6737700,0.0,0.0,0.0
2017-04-12 00:00:00+08:00,0.23000000417232513,0.23499999940395355,0.22499999403953552,0.23000000417232513,3920600,0.0,0.0,0.0
2017-04-13 00:00:00+08:00,0.23000000417232513,0.23000000417232513,0.22499999403953552,0.22499999403953552,697100,0.0,0.0,0.0
2017-04-17 00:00:00+08:00,0.23000000417232513,0.23000000417232513,0.2199999988079071,0.2199999988079071,4458100,0.0,0.0,0.0
2017-04-18 00:00:00+08:00,0.2199999988079071,0.23000000417232513,0.2199999988079071,0.23000000417232513,3382500,0.0,0.0,0.0
2017-04-19 00:00:00+08:00,0.22499999403953552,0.23000000417232513,0.22499999403953552,0.22499999403953552,1951900,0.0,0.0,0.0
2017-04-20 00:00:00+08:00,0.2199999988079071,0.23000000417232513,0.2199999988079071,0.22499999403953552,1677200,0.0,0.0,0.0
2017-04-21 00:00:00+08:00,0.22499999403953552,0.23499999940395355,0.22499999403953552,0.23000000417232513,7046300,0.0,0.0,0.0
2017-04-24 00:00:00+08:00,0.23000000417232513,0.23499999940395355,0.23000000417232513,0.23499999940395355,6207800,0.0,0.0,0.0
2017-04-25 00:00:00+08:00,0.23499999940395355,0.23499999940395355,0.23000000417232513,0.23000000417232513,4526300,0.0,0.0,0.0
2017-04-26 00:00:00+08:00,0.23000000417232513,0.23499999940395355,0.23000000417232513,0.23000000417232513,2655000,0.0,0.0,0.0
2017-04-27 00:00:00+08:00,0.23000000417232513,0.23000000417232513,0.22499999403953552,0.23000000417232513,1638400,0.0,0.0,0.0
2017-04-28 00:00:00+08:00,0.22499999403953552,0.23000000417232513,0.22499999403953552,0.22499999403953552,1053100,0.0,0.0,0.0
2017-05-02 00:00:00+08:00,0.22499999403953552,0.23499999940395355,0.22499999403953552,0.23000000417232513,3134900,0.0,0.0,0.0
2017-05-03 00:00:00+08:00,0.23000000417232513,0.23000000417232513,0.22499999403953552,0.22499999403953552,1790400,0.0,0.0,0.0
2017-05-04 00:00:00+08:00,0.23000000417232513,0.23000000417232513,0.22499999403953552,0.22499999403953552,1309700,0.0,0.0,0.0
2017-05-05 00:00:00+08:00,0.23000000417232513,0.23000000417232513,0.22499999403953552,0.22499999403953552,759300,0.0,0.0,0.0
2017-05-08 00:00:00+08:00,0.23499999940395355,0.23999999463558197,0.23000000417232513,0.23499999940395355,12227200,0.0,0.0,0.0
2017-05-09 00:00:00+08:00,0.23499999940395355,0.23499999940395355,0.23000000417232513,0.23000000417232513,1733900,0.0,0.0,0.0
2017-05-11 00:00:00+08:00,0.23499999940395355,0.23999999463558197,0.23000000417232513,0.23499999940395355,7058300,0.0,0.0,0.0
2017-05-12 00:00:00+08:00,0.23499999940395355,0.23499999940395355,0.23000000417232513,0.23499999940395355,5134900,0.0,0.0,0.0
2017-05-15 00:00:00+08:00,0.23499999940395355,0.23999999463558197,0.23000000417232513,0.23000000417232513,5749500,0.0,0.0,0.0
2017-05-16 00:00:00+08:00,0.23499999940395355,0.23499999940395355,0.22499999403953552,0.23000000417232513,4783200,0.0,0.0,0.0
2017-05-17 00:00:00+08:00,0.22499999403953552,0.23000000417232513,0.22499999403953552,0.22499999403953552,1013800,0.0,0.0,0.0
2017-05-18 00:00:00+08:00,0.23000000417232513,0.23000000417232513,0.22499999403953552,0.22499999403953552,1693500,0.0,0.0,0.0
2017-05-19 00:00:00+08:00,0.23000000417232513,0.23000000417232513,0.2199999988079071,0.22499999403953552,5561500,0.0,0.0,0.0
2017-05-22 00:00:00+08:00,0.22499999403953552,0.23000000417232513,0.22499999403953552,0.22499999403953552,808400,0.0,0.0,0.0
2017-05-23 00:00:00+08:00,0.23000000417232513,0.23000000417232513,0.2199999988079071,0.22499999403953552,2650700,0.0,0.0,0.0
2017-05-24 00:00:00+08:00,0.22499999403953552,0.23000000417232513,0.2199999988079071,0.23000000417232513,6479600,0.0,0.0,0.0
2017-05-25 00:00:00+08:00,0.23000000417232513,0.23000000417232513,0.22499999403953552,0.22499999403953552,1341100,0.0,0.0,0.0
2017-05-26 00:00:00+08:00,0.22499999403953552,0.23000000417232513,0.22499999403953552,0.22499999403953552,745100,0.0,0.0,0.0
2017-05-29 00:00:00+08:00,0.22499999403953552,0.23000000417232513,0.22499999403953552,0.22499999403953552,1102800,0.0,0.0,0.0
2017-05-30 00:00:00+08:00,0.22499999403953552,0.23000000417232513,0.22499999403953552,0.22499999403953552,1408800,0.0,0.0,0.0
2017-05-31 00:00:00+08:00,0.22499999403953552,0.23000000417232513,0.2199999988079071,0.22499999403953552,3142100,0.0,0.0,0.0
2017-06-01 00:00:00+08:00,0.22499999403953552,0.22499999403953552,0.2199999988079071,0.2199999988079071,3524500,0.0,0.0,0.0
2017-06-02 00:00:00+08:00,0.22499999403953552,0.23000000417232513,0.2199999988079071,0.22499999403953552,2925300,0.0,0.0,0.0
2017-06-05 00:00:00+08:00,0.22499999403953552,0.22499999403953552,0.2199999988079071,0.22499999403953552,3895500,0.0,0.0,0.0
2017-06-06 00:00:00+08:00,0.22499999403953552,0.22499999403953552,0.2199999988079071,0.2199999988079071,2058500,0.0,0.0,0.0
2017-06-07 00:00:00+08:00,0.2199999988079071,0.22499999403953552,0.2199999988079071,0.22499999403953552,709900,0.0,0.0,0.0
2017-06-08 00:00:00+08:00,0.2199999988079071,0.22499999403953552,0.2199999988079071,0.2199999988079071,1053600,0.0,0.0,0.0
2017-06-09 00:00:00+08:00,0.2199999988079071,0.22499999403953552,0.2199999988079071,0.2199999988079071,727400,0.0,0.0,0.0
2017-06-12 00:00:00+08:00,0.2199999988079071,0.22499999403953552,0.2150000035762787,0.2199999988079071,1834300,0.0,0.0,0.0
2017-06-13 00:00:00+08:00,0.2199999988079071,0.22499999403953552,0.2150000035762787,0.2199999988079071,2987800,0.0,0.0,0.0
2017-06-14 00:00:00+08:00,0.2199999988079071,0.22499999403953552,0.2199999988079071,0.22499999403953552,440600,0.0,0.0,0.0
2017-06-15 00:00:00+08:00,0.2199999988079071,0.22499999403953552,0.2150000035762787,0.22499999403953552,1302700,0.0,0.0,0.0
2017-06-16 00:00:00+08:00,0.2199999988079071,0.22499999403953552,0.2199999988079071,0.22499999403953552,432000,0.0,0.0,0.0
2017-06-19 00:00:00+08:00,0.22499999403953552,0.22499999403953552,0.2150000035762787,0.2150000035762787,575400,0.0,0.0,0.0
2017-06-20 00:00:00+08:00,0.2199999988079071,0.22499999403953552,0.2150000035762787,0.2199999988079071,1096800,0.0,0.0,0.0
2017-06-21 00:00:00+08:00,0.2199999988079071,0.22499999403953552,0.2150000035762787,0.22499999403953552,683800,0.0,0.0,0.0
2017-06-22 00:00:00+08:00,0.2199999988079071,0.22499999403953552,0.2150000035762787,0.22499999403953552,1201400,0.0,0.0,0.0
2017-06-23 00:00:00+08:00,0.2199999988079071,0.22499999403953552,0.2150000035762787,0.2199999988079071,336500,0.0,0.0,0.0
2017-06-27 00:00:00+08:00,0.2199999988079071,0.22499999403953552,0.2150000035762787,0.2199999988079071,738800,0.0,0.0,0.0
2017-06-28 00:00:00+08:00,0.2199999988079071,0.22499999403953552,0.2150000035762787,0.2199999988079071,906800,0.0,0.0,0.0
2017-06-29 00:00:00+08:00,0.2199999988079071,0.22499999403953552,0.2199999988079071,0.22499999403953552,975800,0.0,0.0,0.0
2017-06-30 00:00:00+08:00,0.2199999988079071,0.22499999403953552,0.2199999988079071,0.22499999403953552,596300,0.0,0.0,0.0
2017-07-03 00:00:00+08:00,0.2199999988079071,0.22499999403953552,0.2199999988079071,0.22499999403953552,879400,0.0,0.0,0.0
2017-07-04 00:00:00+08:00,0.22499999403953552,0.22499999403953552,0.2150000035762787,0.2199999988079071,1266400,0.0,0.0,0.0
2017-07-05 00:00:00+08:00,0.2150000035762787,0.2199999988079071,0.2150000035762787,0.2150000035762787,272800,0.0,0.0,0.0
2017-07-06 00:00:00+08:00,0.2150000035762787,0.2199999988079071,0.2150000035762787,0.2199999988079071,744100,0.0,0.0,0.0
2017-07-07 00:00:00+08:00,0.2199999988079071,0.2199999988079071,0.2150000035762787,0.2199999988079071,329300,0.0,0.0,0.0
2017-07-10 00:00:00+08:00,0.2199999988079071,0.22499999403953552,0.2199999988079071,0.2199999988079071,1582200,0.0,0.0,0.0
2017-07-11 00:00:00+08:00,0.22499999403953552,0.22499999403953552,0.2199999988079071,0.22499999403953552,477500,0.0,0.0,0.0
2017-07-12 00:00:00+08:00,0.22499999403953552,0.22499999403953552,0.2150000035762787,0.2150000035762787,863900,0.0,0.0,0.0
2017-07-13 00:00:00+08:00,0.2199999988079071,0.22499999403953552,0.2150000035762787,0.22499999403953552,975700,0.0,0.0,0.0
2017-07-14 00:00:00+08:00,0.22499999403953552,0.22499999403953552,0.2199999988079071,0.22499999403953552,1152800,0.0,0.0,0.0
2017-07-17 00:00:00+08:00,0.22499999403953552,0.22499999403953552,0.2199999988079071,0.22499999403953552,753200,0.0,0.0,0.0
2017-07-18 00:00:00+08:00,0.2199999988079071,0.22499999403953552,0.2199999988079071,0.2199999988079071,201200,0.0,0.0,0.0
2017-07-19 00:00:00+08:00,0.2199999988079071,0.22499999403953552,0.2199999988079071,0.22499999403953552,847300,0.0,0.0,0.0
2017-07-20 00:00:00+08:00,0.2199999988079071,0.2199999988079071,0.2150000035762787,0.2199999988079071,731800,0.0,0.0,0.0
2017-07-21 00:00:00+08:00,0.2150000035762787,0.2199999988079071,0.2150000035762787,0.2150000035762787,1489000,0.0,0.0,0.0
2017-07-24 00:00:00+08:00,0.2199999988079071,0.2199999988079071,0.20999999344348907,0.2199999988079071,3751100,0.0,0.0,0.0
2017-07-25 00:00:00+08:00,0.2199999988079071,0.2199999988079071,0.20999999344348907,0.20999999344348907,1398700,0.0,0.0,0.0
2017-07-26 00:00:00+08:00,0.20999999344348907,0.2150000035762787,0.20499999821186066,0.2150000035762787,4286600,0.0,0.0,0.0
2017-07-27 00:00:00+08:00,0.20999999344348907,0.2150000035762787,0.20499999821186066,0.20999999344348907,1054000,0.0,0.0,0.0
2017-07-28 00:00:00+08:00,0.20999999344348907,0.2150000035762787,0.20499999821186066,0.20999999344348907,1277000,0.0,0.0,0.0
2017-07-31 00:00:00+08:00,0.2150000035762787,0.2150000035762787,0.20499999821186066,0.20499999821186066,696300,0.0,0.0,0.0
2017-08-01 00:00:00+08:00,0.20499999821186066,0.20999999344348907,0.20499999821186066,0.20999999344348907,385200,0.0,0.0,0.0
2017-08-02 00:00:00+08:00,0.20999999344348907,0.2150000035762787,0.20499999821186066,0.2150000035762787,1167100,0.0,0.0,0.0
2017-08-03 00:00:00+08:00,0.20999999344348907,0.2150000035762787,0.20499999821186066,0.20499999821186066,723900,0.0,0.0,0.0
2017-08-04 00:00:00+08:00,0.20499999821186066,0.2150000035762787,0.20499999821186066,0.20999999344348907,523800,0.0,0.0,0.0
2017-08-07 00:00:00+08:00,0.20999999344348907,0.2150000035762787,0.20999999344348907,0.2150000035762787,517200,0.0,0.0,0.0
2017-08-08 00:00:00+08:00,0.2150000035762787,0.2150000035762787,0.20499999821186066,0.20499999821186066,840100,0.0,0.0,0.0
2017-08-10 00:00:00+08:00,0.20999999344348907,0.2150000035762787,0.20499999821186066,0.2150000035762787,1418800,0.0,0.0,0.0
2017-08-11 00:00:00+08:00,0.20999999344348907,0.2150000035762787,0.20499999821186066,0.2150000035762787,911000,0.0,0.0,0.0
2017-08-14 00:00:00+08:00,0.20999999344348907,0.2150000035762787,0.20499999821186066,0.20999999344348907,885500,0.0,0.0,0.0
2017-08-15 00:00:00+08:00,0.2150000035762787,0.2199999988079071,0.20999999344348907,0.2150000035762787,3584300,0.0,0.0,0.0
2017-08-16 00:00:00+08:00,0.2150000035762787,0.2150000035762787,0.20499999821186066,0.20999999344348907,1389300,0.0,0.0,0.0
2017-08-17 00:00:00+08:00,0.20999999344348907,0.20999999344348907,0.20499999821186066,0.20999999344348907,997000,0.0,0.0,0.0
2017-08-18 00:00:00+08:00,0.20499999821186066,0.20999999344348907,0.20499999821186066,0.20999999344348907,1366500,0.0,0.0,0.0
2017-08-21 00:00:00+08:00,0.20999999344348907,0.20999999344348907,0.20499999821186066,0.20499999821186066,1321300,0.0,0.0,0.0
2017-08-22 00:00:00+08:00,0.20499999821186066,0.20999999344348907,0.20499999821186066,0.20499999821186066,1677700,0.0,0.0,0.0
2017-08-23 00:00:00+08:00,0.20999999344348907,0.20999999344348907,0.20499999821186066,0.20999999344348907,1010300,0.0,0.0,0.0
2017-08-24 00:00:00+08:00,0.20999999344348907,0.20999999344348907,0.20499999821186066,0.20999999344348907,837700,0.0,0.0,0.0
2017-08-25 00:00:00+08:00,0.20999999344348907,0.20999999344348907,0.20499999821186066,0.20999999344348907,625700,0.0,0.0,0.0
2017-08-28 00:00:00+08:00,0.20999999344348907,0.20999999344348907,0.20499999821186066,0.20999999344348907,509800,0.0,0.0,0.0
2017-08-29 00:00:00+08:00,0.20999999344348907,0.20999999344348907,0.20499999821186066,0.20499999821186066,570700,0.0,0.0,0.0
2017-08-30 00:00:00+08:00,0.20499999821186066,0.2150000035762787,0.20499999821186066,0.20999999344348907,2058400,0.0,0.0,0.0
2017-08-31 00:00:00+08:00,0.20999999344348907,0.2150000035762787,0.20499999821186066,0.2150000035762787,4026300,0.0,0.0,0.0
2017-09-04 00:00:00+08:00,0.20999999344348907,0.2150000035762787,0.20999999344348907,0.20999999344348907,1719600,0.0,0.0,0.0
2017-09-05 00:00:00+08:00,0.20999999344348907,0.2150000035762787,0.20499999821186066,0.20499999821186066,586200,0.0,0.0,0.0
2017-09-06 00:00:00+08:00,0.20499999821186066,0.20999999344348907,0.20499999821186066,0.20999999344348907,273100,0.0,0.0,0.0
2017-09-07 00:00:00+08:00,0.20999999344348907,0.20999999344348907,0.20499999821186066,0.20999999344348907,237300,0.0,0.0,0.0
2017-09-08 00:00:00+08:00,0.20999999344348907,0.20999999344348907,0.20499999821186066,0.20999999344348907,418100,0.0,0.0,0.0
2017-09-11 00:00:00+08:00,0.20499999821186066,0.20999999344348907,0.20499999821186066,0.20999999344348907,372800,0.0,0.0,0.0
2017-09-12 00:00:00+08:00,0.20499999821186066,0.20999999344348907,0.20499999821186066,0.20499999821186066,801600,0.0,0.0,0.0
2017-09-13 00:00:00+08:00,0.20499999821186066,0.2150000035762787,0.20499999821186066,0.2150000035762787,1900300,0.0,0.0,0.0
2017-09-14 00:00:00+08:00,0.2150000035762787,0.2150000035762787,0.20499999821186066,0.20999999344348907,2014100,0.0,0.0,0.0
2017-09-15 00:00:00+08:00,0.20999999344348907,0.2150000035762787,0.19900000095367432,0.19900000095367432,4457700,0.0,0.0,0.0
2017-09-18 00:00:00+08:00,0.20499999821186066,0.20499999821186066,0.19900000095367432,0.20000000298023224,4087300,0.0,0.0,0.0
2017-09-19 00:00:00+08:00,0.20000000298023224,0.20499999821186066,0.19900000095367432,0.20000000298023224,1366100,0.0,0.0,0.0
2017-09-20 00:00:00+08:00,0.20000000298023224,0.20499999821186066,0.19900000095367432,0.20499999821186066,1118200,0.0,0.0,0.0
2017-09-21 00:00:00+08:00,0.19900000095367432,0.20499999821186066,0.19900000095367432,0.20000000298023224,1043800,0.0,0.0,0.0
2017-09-22 00:00:00+08:00,0.19900000095367432,0.20499999821186066,0.19900000095367432,0.20499999821186066,1092500,0.0,0.0,0.0
2017-09-25 00:00:00+08:00,0.20000000298023224,0.20499999821186066,0.19900000095367432,0.20000000298023224,1503300,0.0,0.0,0.0
2017-09-26 00:00:00+08:00,0.19900000095367432,0.20499999821186066,0.19900000095367432,0.20000000298023224,927300,0.0,0.0,0.0
2017-09-27 00:00:00+08:00,0.20000000298023224,0.20499999821186066,0.19900000095367432,0.19900000095367432,279700,0.0,0.0,0.0
2017-09-28 00:00:00+08:00,0.20000000298023224,0.20499999821186066,0.19900000095367432,0.20000000298023224,870700,0.0,0.0,0.0
2017-09-29 00:00:00+08:00,0.20000000298023224,0.20000000298023224,0.1979999989271164,0.1979999989271164,1642600,0.0,0.0,0.0
2017-10-02 00:00:00+08:00,0.19900000095367432,0.20000000298023224,0.1979999989271164,0.19900000095367432,2255600,0.0,0.0,0.0
2017-10-03 00:00:00+08:00,0.1979999989271164,0.20000000298023224,0.1979999989271164,0.20000000298023224,427400,0.0,0.0,0.0
2017-10-04 00:00:00+08:00,0.1979999989271164,0.20000000298023224,0.1979999989271164,0.20000000298023224,827600,0.0,0.0,0.0
2017-10-05 00:00:00+08:00,0.19900000095367432,0.20499999821186066,0.19900000095367432,0.20000000298023224,637600,0.0,0.0,0.0
2017-10-06 00:00:00+08:00,0.20499999821186066,0.20499999821186066,0.19900000095367432,0.20499999821186066,691700,0.0,0.0,0.0
2017-10-09 00:00:00+08:00,0.20000000298023224,0.20499999821186066,0.1979999989271164,0.19900000095367432,417200,0.0,0.0,0.0
2017-10-10 00:00:00+08:00,0.20000000298023224,0.20000000298023224,0.1979999989271164,0.20000000298023224,1014800,0.0,0.0,0.0
2017-10-11 00:00:00+08:00,0.19900000095367432,0.20499999821186066,0.19900000095367432,0.20000000298023224,787200,0.0,0.0,0.0
2017-10-12 00:00:00+08:00,0.20499999821186066,0.2150000035762787,0.20000000298023224,0.20499999821186066,10341000,0.0,0.0,0.0
2017-10-13 00:00:00+08:00,0.20499999821186066,0.20999999344348907,0.20499999821186066,0.20499999821186066,3033000,0.0,0.0,0.0
2017-10-16 00:00:00+08:00,0.20499999821186066,0.20499999821186066,0.20000000298023224,0.20499999821186066,1280600,0.0,0.0,0.0
2017-10-17 00:00:00+08:00,0.20499999821186066,0.20499999821186066,0.20000000298023224,0.20499999821186066,1423400,0.0,0.0,0.0
2017-10-19 00:00:00+08:00,0.20499999821186066,0.20499999821186066,0.20000000298023224,0.20000000298023224,1147300,0.0,0.0,0.0
2017-10-20 00:00:00+08:00,0.20000000298023224,0.20499999821186066,0.20000000298023224,0.20000000298023224,763500,0.0,0.0,0.0
2017-10-23 00:00:00+08:00,0.20000000298023224,0.20499999821186066,0.20000000298023224,0.20000000298023224,732400,0.0,0.0,0.0
2017-10-24 00:00:00+08:00,0.20499999821186066,0.2150000035762787,0.20000000298023224,0.20999999344348907,8348000,0.0,0.0,0.0
2017-10-25 00:00:00+08:00,0.2150000035762787,0.2150000035762787,0.20499999821186066,0.2150000035762787,4797400,0.0,0.0,0.0
2017-10-26 00:00:00+08:00,0.2150000035762787,0.2150000035762787,0.20999999344348907,0.2150000035762787,583800,0.0,0.0,0.0
2017-10-27 00:00:00+08:00,0.2150000035762787,0.2150000035762787,0.20999999344348907,0.20999999344348907,551100,0.0,0.0,0.0
2017-10-30 00:00:00+08:00,0.20999999344348907,0.2150000035762787,0.20499999821186066,0.20999999344348907,1373900,0.0,0.0,0.0
2017-10-31 00:00:00+08:00,0.20999999344348907,0.20999999344348907,0.20499999821186066,0.20999999344348907,353000,0.0,0.0,0.0
2017-11-01 00:00:00+08:00,0.20999999344348907,0.20999999344348907,0.20499999821186066,0.20499999821186066,3881900,0.0,0.0,0.0
2017-11-02 00:00:00+08:00,0.20499999821186066,0.20999999344348907,0.20499999821186066,0.20999999344348907,1379500,0.0,0.0,0.0
2017-11-03 00:00:00+08:00,0.20999999344348907,0.2199999988079071,0.20499999821186066,0.2150000035762787,7526700,0.0,0.0,0.0
2017-11-06 00:00:00+08:00,0.2150000035762787,0.2150000035762787,0.20999999344348907,0.2150000035762787,4627000,0.0,0.0,0.0
2017-11-07 00:00:00+08:00,0.2150000035762787,0.2150000035762787,0.20999999344348907,0.20999999344348907,1793400,0.0,0.0,0.0
2017-11-08 00:00:00+08:00,0.20999999344348907,0.2150000035762787,0.20499999821186066,0.20999999344348907,2334700,0.0,0.0,0.0
2017-11-09 00:00:00+08:00,0.2150000035762787,0.2150000035762787,0.20499999821186066,0.20999999344348907,3523900,0.0,0.0,0.0
2017-11-10 00:00:00+08:00,0.20999999344348907,0.20999999344348907,0.20499999821186066,0.20499999821186066,1642100,0.0,0.0,0.0
2017-11-13 00:00:00+08:00,0.20999999344348907,0.2199999988079071,0.20499999821186066,0.2150000035762787,6655600,0.0,0.0,0.0
2017-11-14 00:00:00+08:00,0.20999999344348907,0.20999999344348907,0.20000000298023224,0.20499999821186066,15355900,0.0,0.0,0.0
2017-11-15 00:00:00+08:00,0.20499999821186066,0.20499999821186066,0.20000000298023224,0.20000000298023224,1370700,0.0,0.0,0.0
2017-11-16 00:00:00+08:00,0.20000000298023224,0.20000000298023224,0.19499999284744263,0.1979999989271164,5599300,0.0,0.0,0.0
2017-11-17 00:00:00+08:00,0.19900000095367432,0.20000000298023224,0.1979999989271164,0.19900000095367432,2561400,0.0,0.0,0.0
2017-11-20 00:00:00+08:00,0.19900000095367432,0.19900000095367432,0.19599999487400055,0.19599999487400055,3478700,0.0,0.0,0.0
2017-11-21 00:00:00+08:00,0.19599999487400055,0.19699999690055847,0.19300000369548798,0.19300000369548798,5706100,0.0,0.0,0.0
2017-11-22 00:00:00+08:00,0.19300000369548798,0.19499999284744263,0.17499999701976776,0.17800000309944153,16312600,0.0,0.0,0.0
2017-11-23 00:00:00+08:00,0.1770000010728836,0.1770000010728836,0.15199999511241913,0.15399999916553497,33207100,0.0,0.0,0.0
2017-11-24 00:00:00+08:00,0.15000000596046448,0.15199999511241913,0.13500000536441803,0.14800000190734863,39431300,0.0,0.0,0.0
2017-11-27 00:00:00+08:00,0.15199999511241913,0.164000004529953,0.15199999511241913,0.15700000524520874,33333000,0.0,0.0,0.0
2017-11-28 00:00:00+08:00,0.1589999943971634,0.1589999943971634,0.1469999998807907,0.14900000393390656,15691900,0.0,0.0,0.0
2017-11-29 00:00:00+08:00,0.14900000393390656,0.15000000596046448,0.1420000046491623,0.14300000667572021,12554200,0.0,0.0,0.0
2017-11-30 00:00:00+08:00,0.1420000046491623,0.15299999713897705,0.14100000262260437,0.1420000046491623,104044100,0.0,0.0,0.0
2017-12-01 00:00:00+08:00,0.14499999582767487,0.1459999978542328,0.13899999856948853,0.14000000059604645,17226400,0.0,0.0,0.0
2017-12-04 00:00:00+08:00,0.14000000059604645,0.1420000046491623,0.1340000033378601,0.1340000033378601,25686200,0.0,0.0,0.0
2017-12-05 00:00:00+08:00,0.1340000033378601,0.1340000033378601,0.11699999868869781,0.11800000071525574,41165300,0.0,0.0,0.0
2017-12-06 00:00:00+08:00,0.11800000071525574,0.12200000137090683,0.11699999868869781,0.11900000274181366,29110100,0.0,0.0,0.0
2017-12-07 00:00:00+08:00,0.11999999731779099,0.12399999797344208,0.10999999940395355,0.10999999940395355,31597300,0.0,0.0,0.0
2017-12-08 00:00:00+08:00,0.11100000143051147,0.1120000034570694,0.08799999952316284,0.09200000017881393,89876900,0.0,0.0,0.0
2017-12-11 00:00:00+08:00,0.09200000017881393,0.10199999809265137,0.09099999815225601,0.10199999809265137,38754300,0.0,0.0,0.0
2017-12-12 00:00:00+08:00,0.10400000214576721,0.11699999868869781,0.10400000214576721,0.11500000208616257,72406700,0.0,0.0,0.0
2017-12-13 00:00:00+08:00,0.12099999934434891,0.12600000202655792,0.11699999868869781,0.11800000071525574,70977600,0.0,0.0,0.0
2017-12-14 00:00:00+08:00,0.11900000274181366,0.11900000274181366,0.10999999940395355,0.11400000005960464,36607500,0.0,0.0,0.0
2017-12-15 00:00:00+08:00,0.11299999803304672,0.11400000005960464,0.10999999940395355,0.11400000005960464,14648700,0.0,0.0,0.0
2017-12-18 00:00:00+08:00,0.11400000005960464,0.11599999666213989,0.1120000034570694,0.11299999803304672,8121100,0.0,0.0,0.0
2017-12-19 00:00:00+08:00,0.11299999803304672,0.11699999868869781,0.1120000034570694,0.11299999803304672,30408600,0.0,0.0,0.0
2017-12-20 00:00:00+08:00,0.11400000005960464,0.11599999666213989,0.11100000143051147,0.1120000034570694,16418100,0.0,0.0,0.0
2017-12-21 00:00:00+08:00,0.1120000034570694,0.1120000034570694,0.1080000028014183,0.10899999737739563,23446800,0.0,0.0,0.0
2017-12-22 00:00:00+08:00,0.10899999737739563,0.10999999940395355,0.10599999874830246,0.10700000077486038,9093800,0.0,0.0,0.0
2017-12-26 00:00:00+08:00,0.1080000028014183,0.1080000028014183,0.10300000011920929,0.10400000214576721,6607000,0.0,0.0,0.0
2017-12-27 00:00:00+08:00,0.10400000214576721,0.11100000143051147,0.10400000214576721,0.10999999940395355,17603900,0.0,0.0,0.0
2017-12-28 00:00:00+08:00,0.11100000143051147,0.1120000034570694,0.1080000028014183,0.10899999737739563,19338900,0.0,0.0,0.0
2017-12-29 00:00:00+08:00,0.10899999737739563,0.10999999940395355,0.1080000028014183,0.1080000028014183,8165500,0.0,0.0,0.0
2018-01-02 00:00:00+08:00,0.10899999737739563,0.1120000034570694,0.10899999737739563,0.11100000143051147,17031200,0.0,0.0,0.0
2018-01-03 00:00:00+08:00,0.1120000034570694,0.164000004529953,0.11100000143051147,0.1589999943971634,459825800,0.0,0.0,0.0
2018-01-04 00:00:00+08:00,0.16699999570846558,0.18000000715255737,0.1550000011920929,0.15700000524520874,442409100,0.0,0.0,0.0
2018-01-05 00:00:00+08:00,0.1550000011920929,0.17100000381469727,0.15199999511241913,0.16599999368190765,198507900,0.0,0.0,0.0
2018-01-08 00:00:00+08:00,0.16699999570846558,0.1720000058412552,0.16500000655651093,0.17100000381469727,132615700,0.0,0.0,0.0
2018-01-09 00:00:00+08:00,0.17299999296665192,0.1770000010728836,0.17100000381469727,0.1720000058412552,128846400,0.0,0.0,0.0
2018-01-10 00:00:00+08:00,0.1720000058412552,0.17399999499320984,0.1679999977350235,0.17100000381469727,51350300,0.0,0.0,0.0
2018-01-11 00:00:00+08:00,0.17100000381469727,0.17100000381469727,0.16599999368190765,0.16599999368190765,35488500,0.0,0.0,0.0
2018-01-12 00:00:00+08:00,0.1679999977350235,0.16899999976158142,0.16300000250339508,0.16500000655651093,44473500,0.0,0.0,0.0
2018-01-15 00:00:00+08:00,0.164000004529953,0.16599999368190765,0.15600000321865082,0.1599999964237213,68237000,0.0,0.0,0.0
2018-01-16 00:00:00+08:00,0.1599999964237213,0.164000004529953,0.1589999943971634,0.16099999845027924,58152700,0.0,0.0,0.0
2018-01-17 00:00:00+08:00,0.16200000047683716,0.16200000047683716,0.15700000524520874,0.15800000727176666,39767600,0.0,0.0,0.0
2018-01-18 00:00:00+08:00,0.15800000727176666,0.16099999845027924,0.15700000524520874,0.15800000727176666,42045700,0.0,0.0,0.0
2018-01-19 00:00:00+08:00,0.15700000524520874,0.16200000047683716,0.15700000524520874,0.16099999845027924,34739400,0.0,0.0,0.0
2018-01-22 00:00:00+08:00,0.16099999845027924,0.16099999845027924,0.15800000727176666,0.1589999943971634,24716400,0.0,0.0,0.0
2018-01-23 00:00:00+08:00,0.1589999943971634,0.16200000047683716,0.1589999943971634,0.1599999964237213,49700600,0.0,0.0,0.0
2018-01-24 00:00:00+08:00,0.16099999845027924,0.17599999904632568,0.16099999845027924,0.1679999977350235,346482900,0.0,0.0,0.0
2018-01-25 00:00:00+08:00,0.1679999977350235,0.16899999976158142,0.16200000047683716,0.164000004529953,62736600,0.0,0.0,0.0
2018-01-26 00:00:00+08:00,0.164000004529953,0.1720000058412552,0.164000004529953,0.16899999976158142,115423600,0.0,0.0,0.0
2018-01-29 00:00:00+08:00,0.17000000178813934,0.1720000058412552,0.1679999977350235,0.17100000381469727,63090700,0.0,0.0,0.0
2018-01-30 00:00:00+08:00,0.17100000381469727,0.1809999942779541,0.17100000381469727,0.1770000010728836,317891100,0.0,0.0,0.0
2018-01-31 00:00:00+08:00,0.17599999904632568,0.18000000715255737,0.17499999701976776,0.1770000010728836,86771000,0.0,0.0,0.0
2018-02-01 00:00:00+08:00,0.1770000010728836,0.1860000044107437,0.17599999904632568,0.18299999833106995,166912800,0.0,0.0,0.0
2018-02-02 00:00:00+08:00,0.18400000035762787,0.1940000057220459,0.18400000035762787,0.1889999955892563,202658200,0.0,0.0,0.0
2018-02-05 00:00:00+08:00,0.18299999833106995,0.19900000095367432,0.18299999833106995,0.1940000057220459,194699300,0.0,0.0,0.0
2018-02-06 00:00:00+08:00,0.1889999955892563,0.1940000057220459,0.1850000023841858,0.19200000166893005,119872800,0.0,0.0,0.0
2018-02-07 00:00:00+08:00,0.19699999690055847,0.1979999989271164,0.19099999964237213,0.19200000166893005,77357200,0.0,0.0,0.0
2018-02-08 00:00:00+08:00,0.19200000166893005,0.19200000166893005,0.19200000166893005,0.19200000166893005,0,0.0,0.0,0.0
2018-02-09 00:00:00+08:00,0.19200000166893005,0.19200000166893005,0.19200000166893005,0.19200000166893005,0,0.0,0.0,0.0
2018-02-12 00:00:00+08:00,0.19200000166893005,0.19200000166893005,0.19200000166893005,0.19200000166893005,0,0.0,0.0,0.0
2018-02-13 00:00:00+08:00,0.19200000166893005,0.19200000166893005,0.19200000166893005,0.19200000166893005,0,0.0,0.0,0.0
2018-02-14 00:00:00+08:00,0.19200000166893005,0.19200000166893005,0.19200000166893005,0.19200000166893005,0,0.0,0.0,0.0
2018-02-15 00:00:00+08:00,0.19200000166893005,0.19200000166893005,0.19200000166893005,0.19200000166893005,0,0.0,0.0,0.0
2018-02-19 00:00:00+08:00,0.19200000166893005,0.19200000166893005,0.19200000166893005,0.19200000166893005,0,0.0,0.0,0.0
2018-02-20 00:00:00+08:00,0.19200000166893005,0.19200000166893005,0.19200000166893005,0.19200000166893005,0,0.0,0.0,0.0
2018-02-21 00:00:00+08:00,0.19200000166893005,0.19200000166893005,0.19200000166893005,0.19200000166893005,0,0.0,0.0,0.0
2018-02-22 00:00:00+08:00,0.19200000166893005,0.19200000166893005,0.19200000166893005,0.19200000166893005,0,0.0,0.0,0.0
2018-02-23 00:00:00+08:00,0.19200000166893005,0.19200000166893005,0.19200000166893005,0.19200000166893005,0,0.0,0.0,0.0
2018-02-26 00:00:00+08:00,0.19200000166893005,0.19200000166893005,0.19200000166893005,0.19200000166893005,0,0.0,0.0,0.0
2018-02-27 00:00:00+08:00,0.19200000166893005,0.19200000166893005,0.19200000166893005,0.19200000166893005,0,0.0,0.0,0.0
2018-02-28 00:00:00+08:00,0.19200000166893005,0.19200000166893005,0.19200000166893005,0.19200000166893005,0,0.0,0.0,0.0
2018-03-01 00:00:00+08:00,0.19200000166893005,0.19200000166893005,0.19200000166893005,0.19200000166893005,0,0.0,0.0,0.0
2018-03-02 00:00:00+08:00,0.19200000166893005,0.19200000166893005,0.19200000166893005,0.19200000166893005,0,0.0,0.0,0.0
2018-03-05 00:00:00+08:00,0.19200000166893005,0.19200000166893005,0.19200000166893005,0.19200000166893005,0,0.0,0.0,0.0
2018-03-06 00:00:00+08:00,0.19200000166893005,0.19200000166893005,0.19200000166893005,0.19200000166893005,0,0.0,0.0,0.0
2018-03-07 00:00:00+08:00,0.19200000166893005,0.19200000166893005,0.19200000166893005,0.19200000166893005,0,0.0,0.0,0.0
2018-03-08 00:00:00+08:00,0.19200000166893005,0.19200000166893005,0.19200000166893005,0.19200000166893005,0,0.0,0.0,0.0
2018-03-09 00:00:00+08:00,0.19200000166893005,0.19200000166893005,0.19200000166893005,0.19200000166893005,0,0.0,0.0,0.0
2018-03-12 00:00:00+08:00,0.19200000166893005,0.19200000166893005,0.19200000166893005,0.19200000166893005,0,0.0,0.0,0.0
2018-03-13 00:00:00+08:00,0.19200000166893005,0.19200000166893005,0.19200000166893005,0.19200000166893005,0,0.0,0.0,0.0
2018-03-14 00:00:00+08:00,0.19200000166893005,0.19200000166893005,0.19200000166893005,0.19200000166893005,0,0.0,0.0,0.0
2018-03-15 00:00:00+08:00,0.19200000166893005,0.19200000166893005,0.19200000166893005,0.19200000166893005,0,0.0,0.0,0.0
2018-03-16 00:00:00+08:00,0.19200000166893005,0.19200000166893005,0.19200000166893005,0.19200000166893005,0,0.0,0.0,0.0
2018-03-19 00:00:00+08:00,0.19200000166893005,0.19200000166893005,0.19200000166893005,0.19200000166893005,0,0.0,0.0,0.0
2018-03-20 00:00:00+08:00,0.19200000166893005,0.19200000166893005,0.19200000166893005,0.19200000166893005,0,0.0,0.0,0.0
2018-03-21 00:00:00+08:00,0.19200000166893005,0.19200000166893005,0.19200000166893005,0.19200000166893005,0,0.0,0.0,0.0
2018-03-22 00:00:00+08:00,0.19200000166893005,0.19200000166893005,0.19200000166893005,0.19200000166893005,0,0.0,0.0,0.0
2018-03-23 00:00:00+08:00,0.19200000166893005,0.19200000166893005,0.19200000166893005,0.19200000166893005,0,0.0,0.0,0.0
2018-03-26 00:00:00+08:00,0.19200000166893005,0.19200000166893005,0.19200000166893005,0.19200000166893005,0,0.0,0.0,0.0
2018-03-27 00:00:00+08:00,0.19200000166893005,0.19200000166893005,0.19200000166893005,0.19200000166893005,0,0.0,0.0,0.0
2018-03-28 00:00:00+08:00,0.19200000166893005,0.19200000166893005,0.19200000166893005,0.19200000166893005,0,0.0,0.0,0.0
2018-03-29 00:00:00+08:00,0.19200000166893005,0.19200000166893005,0.19200000166893005,0.19200000166893005,0,0.0,0.0,0.0
2018-04-02 00:00:00+08:00,0.19200000166893005,0.19200000166893005,0.19200000166893005,0.19200000166893005,0,0.0,0.0,0.0
2018-04-03 00:00:00+08:00,0.19200000166893005,0.19200000166893005,0.19200000166893005,0.19200000166893005,0,0.0,0.0,0.0
2018-04-04 00:00:00+08:00,0.19200000166893005,0.19200000166893005,0.19200000166893005,0.19200000166893005,0,0.0,0.0,0.0
2018-04-05 00:00:00+08:00,0.19200000166893005,0.19200000166893005,0.19200000166893005,0.19200000166893005,0,0.0,0.0,0.0
2018-04-06 00:00:00+08:00,0.19200000166893005,0.19200000166893005,0.19200000166893005,0.19200000166893005,0,0.0,0.0,0.0
2018-04-09 00:00:00+08:00,0.19200000166893005,0.19200000166893005,0.19200000166893005,0.19200000166893005,0,0.0,0.0,0.0
2018-04-10 00:00:00+08:00,0.19200000166893005,0.19200000166893005,0.19200000166893005,0.19200000166893005,0,0.0,0.0,0.0
2018-04-11 00:00:00+08:00,0.19200000166893005,0.19200000166893005,0.19200000166893005,0.19200000166893005,0,0.0,0.0,0.0
2018-04-12 00:00:00+08:00,0.19200000166893005,0.19200000166893005,0.19200000166893005,0.19200000166893005,0,0.0,0.0,0.0
2018-04-13 00:00:00+08:00,0.19200000166893005,0.19200000166893005,0.19200000166893005,0.19200000166893005,0,0.0,0.0,0.0
2018-04-16 00:00:00+08:00,0.19200000166893005,0.19200000166893005,0.19200000166893005,0.19200000166893005,0,0.0,0.0,0.0
2018-04-17 00:00:00+08:00,0.19200000166893005,0.19200000166893005,0.19200000166893005,0.19200000166893005,0,0.0,0.0,0.0
2018-04-18 00:00:00+08:00,0.19200000166893005,0.19200000166893005,0.19200000166893005,0.19200000166893005,0,0.0,0.0,0.0
2018-04-19 00:00:00+08:00,0.19200000166893005,0.19200000166893005,0.19200000166893005,0.19200000166893005,0,0.0,0.0,0.0
2018-04-20 00:00:00+08:00,0.19200000166893005,0.19200000166893005,0.19200000166893005,0.19200000166893005,0,0.0,0.0,0.0
2018-04-23 00:00:00+08:00,0.19200000166893005,0.19200000166893005,0.19200000166893005,0.19200000166893005,0,0.0,0.0,0.0
2018-04-24 00:00:00+08:00,0.19200000166893005,0.19200000166893005,0.19200000166893005,0.19200000166893005,0,0.0,0.0,0.0
2018-04-25 00:00:00+08:00,0.19200000166893005,0.19200000166893005,0.19200000166893005,0.19200000166893005,0,0.0,0.0,0.0
2018-04-26 00:00:00+08:00,0.19200000166893005,0.19200000166893005,0.19200000166893005,0.19200000166893005,0,0.0,0.0,0.0
2018-04-27 00:00:00+08:00,0.19200000166893005,0.19200000166893005,0.19200000166893005,0.19200000166893005,0,0.0,0.0,0.0
2018-04-30 00:00:00+08:00,0.19200000166893005,0.19200000166893005,0.19200000166893005,0.19200000166893005,0,0.0,0.0,0.0
2018-05-02 00:00:00+08:00,0.19200000166893005,0.19200000166893005,0.19200000166893005,0.19200000166893005,0,0.0,0.0,0.0
2018-05-03 00:00:00+08:00,0.19200000166893005,0.19200000166893005,0.19200000166893005,0.19200000166893005,0,0.0,0.0,0.0
2018-05-04 00:00:00+08:00,0.19200000166893005,0.19200000166893005,0.19200000166893005,0.19200000166893005,0,0.0,0.0,0.0
2018-05-07 00:00:00+08:00,0.19200000166893005,0.19200000166893005,0.19200000166893005,0.19200000166893005,0,0.0,0.0,0.0
2018-05-08 00:00:00+08:00,0.19200000166893005,0.19200000166893005,0.19200000166893005,0.19200000166893005,0,0.0,0.0,0.0
2018-05-09 00:00:00+08:00,0.19200000166893005,0.19200000166893005,0.19200000166893005,0.19200000166893005,0,0.0,0.0,0.0
2018-05-10 00:00:00+08:00,0.19200000166893005,0.19200000166893005,0.19200000166893005,0.19200000166893005,0,0.0,0.0,0.0
2018-05-11 00:00:00+08:00,0.19200000166893005,0.19200000166893005,0.19200000166893005,0.19200000166893005,0,0.0,0.0,0.0
2018-05-14 00:00:00+08:00,0.19200000166893005,0.19200000166893005,0.19200000166893005,0.19200000166893005,0,0.0,0.0,0.0
2018-05-15 00:00:00+08:00,0.19200000166893005,0.19200000166893005,0.19200000166893005,0.19200000166893005,0,0.0,0.0,0.0
2018-05-16 00:00:00+08:00,0.19200000166893005,0.19200000166893005,0.19200000166893005,0.19200000166893005,0,0.0,0.0,0.0
2018-05-17 00:00:00+08:00,0.19200000166893005,0.19200000166893005,0.19200000166893005,0.19200000166893005,0,0.0,0.0,0.0
2018-05-18 00:00:00+08:00,0.19200000166893005,0.19200000166893005,0.19200000166893005,0.19200000166893005,0,0.0,0.0,0.0
2018-05-21 00:00:00+08:00,0.19200000166893005,0.19200000166893005,0.19200000166893005,0.19200000166893005,0,0.0,0.0,0.0
2018-05-22 00:00:00+08:00,0.19200000166893005,0.19200000166893005,0.19200000166893005,0.19200000166893005,0,0.0,0.0,0.0
2018-05-23 00:00:00+08:00,0.19200000166893005,0.19200000166893005,0.19200000166893005,0.19200000166893005,0,0.0,0.0,0.0
2018-05-24 00:00:00+08:00,0.19200000166893005,0.19200000166893005,0.19200000166893005,0.19200000166893005,0,0.0,0.0,0.0
2018-05-25 00:00:00+08:00,0.19200000166893005,0.19200000166893005,0.19200000166893005,0.19200000166893005,0,0.0,0.0,0.0
2018-05-28 00:00:00+08:00,0.19200000166893005,0.19200000166893005,0.19200000166893005,0.19200000166893005,0,0.0,0.0,0.0
2018-05-30 00:00:00+08:00,0.19200000166893005,0.19200000166893005,0.19200000166893005,0.19200000166893005,0,0.0,0.0,0.0
2018-05-31 00:00:00+08:00,0.19200000166893005,0.19200000166893005,0.19200000166893005,0.19200000166893005,0,0.0,0.0,0.0
2018-06-01 00:00:00+08:00,0.19200000166893005,0.19200000166893005,0.19200000166893005,0.19200000166893005,0,0.0,0.0,0.0
2018-06-04 00:00:00+08:00,0.19200000166893005,0.19200000166893005,0.19200000166893005,0.19200000166893005,0,0.0,0.0,0.0
2018-06-05 00:00:00+08:00,0.19200000166893005,0.19200000166893005,0.19200000166893005,0.19200000166893005,0,0.0,0.0,0.0
2018-06-06 00:00:00+08:00,0.19200000166893005,0.19200000166893005,0.19200000166893005,0.19200000166893005,0,0.0,0.0,0.0
2018-06-07 00:00:00+08:00,0.19200000166893005,0.19200000166893005,0.19200000166893005,0.19200000166893005,0,0.0,0.0,0.0
2018-06-08 00:00:00+08:00,0.19200000166893005,0.19200000166893005,0.19200000166893005,0.19200000166893005,0,0.0,0.0,0.0
2018-06-11 00:00:00+08:00,0.19200000166893005,0.19200000166893005,0.19200000166893005,0.19200000166893005,0,0.0,0.0,0.0
2018-06-12 00:00:00+08:00,0.19200000166893005,0.19200000166893005,0.19200000166893005,0.19200000166893005,0,0.0,0.0,0.0
2018-06-13 00:00:00+08:00,0.19200000166893005,0.19200000166893005,0.19200000166893005,0.19200000166893005,0,0.0,0.0,0.0
2018-06-14 00:00:00+08:00,0.19200000166893005,0.19200000166893005,0.19200000166893005,0.19200000166893005,0,0.0,0.0,0.0
2018-06-18 00:00:00+08:00,0.19200000166893005,0.19200000166893005,0.19200000166893005,0.19200000166893005,0,0.0,0.0,0.0
2018-06-19 00:00:00+08:00,0.19200000166893005,0.19200000166893005,0.19200000166893005,0.19200000166893005,0,0.0,0.0,0.0
2018-06-20 00:00:00+08:00,0.19200000166893005,0.19200000166893005,0.19200000166893005,0.19200000166893005,0,0.0,0.0,0.0
2018-06-21 00:00:00+08:00,0.19200000166893005,0.19200000166893005,0.19200000166893005,0.19200000166893005,0,0.0,0.0,0.0
2018-06-22 00:00:00+08:00,0.19200000166893005,0.19200000166893005,0.19200000166893005,0.19200000166893005,0,0.0,0.0,0.0
2018-06-25 00:00:00+08:00,0.19200000166893005,0.19200000166893005,0.19200000166893005,0.19200000166893005,0,0.0,0.0,0.0
2018-06-26 00:00:00+08:00,0.19200000166893005,0.19200000166893005,0.19200000166893005,0.19200000166893005,0,0.0,0.0,0.0
2018-06-27 00:00:00+08:00,0.19200000166893005,0.19200000166893005,0.19200000166893005,0.19200000166893005,0,0.0,0.0,0.0
2018-06-28 00:00:00+08:00,0.19200000166893005,0.19200000166893005,0.19200000166893005,0.19200000166893005,0,0.0,0.0,0.0
2018-06-29 00:00:00+08:00,0.19200000166893005,0.19200000166893005,0.19200000166893005,0.19200000166893005,0,0.0,0.0,0.0
2018-07-02 00:00:00+08:00,0.19200000166893005,0.19200000166893005,0.19200000166893005,0.19200000166893005,0,0.0,0.0,0.0
2018-07-03 00:00:00+08:00,0.19200000166893005,0.19200000166893005,0.19200000166893005,0.19200000166893005,0,0.0,0.0,0.0
2018-07-04 00:00:00+08:00,0.19200000166893005,0.19200000166893005,0.19200000166893005,0.19200000166893005,0,0.0,0.0,0.0
2018-07-05 00:00:00+08:00,0.19200000166893005,0.19200000166893005,0.19200000166893005,0.19200000166893005,0,0.0,0.0,0.0
2018-07-06 00:00:00+08:00,0.19200000166893005,0.19200000166893005,0.19200000166893005,0.19200000166893005,0,0.0,0.0,0.0
2018-07-09 00:00:00+08:00,0.19200000166893005,0.19200000166893005,0.19200000166893005,0.19200000166893005,0,0.0,0.0,0.0
2018-07-10 00:00:00+08:00,0.19200000166893005,0.19200000166893005,0.19200000166893005,0.19200000166893005,0,0.0,0.0,0.0
2018-07-11 00:00:00+08:00,0.19200000166893005,0.19200000166893005,0.19200000166893005,0.19200000166893005,0,0.0,0.0,0.0
2018-07-12 00:00:00+08:00,0.19200000166893005,0.19200000166893005,0.19200000166893005,0.19200000166893005,0,0.0,0.0,0.0
2018-07-13 00:00:00+08:00,0.19200000166893005,0.19200000166893005,0.19200000166893005,0.19200000166893005,0,0.0,0.0,0.0
2018-07-16 00:00:00+08:00,0.19200000166893005,0.19200000166893005,0.19200000166893005,0.19200000166893005,0,0.0,0.0,0.0
2018-07-17 00:00:00+08:00,0.19200000166893005,0.19200000166893005,0.19200000166893005,0.19200000166893005,0,0.0,0.0,0.0
2018-07-18 00:00:00+08:00,0.19200000166893005,0.19200000166893005,0.19200000166893005,0.19200000166893005,0,0.0,0.0,0.0
2018-07-19 00:00:00+08:00,0.19200000166893005,0.19200000166893005,0.19200000166893005,0.19200000166893005,0,0.0,0.0,0.0
2018-07-20 00:00:00+08:00,0.19200000166893005,0.19200000166893005,0.19200000166893005,0.19200000166893005,0,0.0,0.0,0.0
2018-07-23 00:00:00+08:00,0.19200000166893005,0.19200000166893005,0.19200000166893005,0.19200000166893005,0,0.0,0.0,0.0
2018-07-24 00:00:00+08:00,0.19200000166893005,0.19200000166893005,0.19200000166893005,0.19200000166893005,0,0.0,0.0,0.0
2018-07-25 00:00:00+08:00,0.19200000166893005,0.19200000166893005,0.19200000166893005,0.19200000166893005,0,0.0,0.0,0.0
2018-07-26 00:00:00+08:00,0.19200000166893005,0.19200000166893005,0.19200000166893005,0.19200000166893005,0,0.0,0.0,0.0
2018-07-27 00:00:00+08:00,0.19200000166893005,0.19200000166893005,0.19200000166893005,0.19200000166893005,0,0.0,0.0,0.0
2018-07-30 00:00:00+08:00,0.19200000166893005,0.19200000166893005,0.19200000166893005,0.19200000166893005,0,0.0,0.0,0.0
2018-07-31 00:00:00+08:00,0.19200000166893005,0.19200000166893005,0.19200000166893005,0.19200000166893005,0,0.0,0.0,0.0
2018-08-01 00:00:00+08:00,0.19200000166893005,0.19200000166893005,0.19200000166893005,0.19200000166893005,0,0.0,0.0,0.0
2018-08-02 00:00:00+08:00,0.19200000166893005,0.19200000166893005,0.19200000166893005,0.19200000166893005,0,0.0,0.0,0.0
2018-08-03 00:00:00+08:00,0.19200000166893005,0.19200000166893005,0.19200000166893005,0.19200000166893005,0,0.0,0.0,0.0
2018-08-06 00:00:00+08:00,0.19200000166893005,0.19200000166893005,0.19200000166893005,0.19200000166893005,0,0.0,0.0,0.0
2018-08-07 00:00:00+08:00,0.19200000166893005,0.19200000166893005,0.19200000166893005,0.19200000166893005,0,0.0,0.0,0.0
2018-08-08 00:00:00+08:00,0.19200000166893005,0.19200000166893005,0.19200000166893005,0.19200000166893005,0,0.0,0.0,0.0
2018-08-10 00:00:00+08:00,0.19200000166893005,0.19200000166893005,0.19200000166893005,0.19200000166893005,0,0.0,0.0,0.0
2018-08-13 00:00:00+08:00,0.19200000166893005,0.19200000166893005,0.19200000166893005,0.19200000166893005,0,0.0,0.0,0.0
2018-08-14 00:00:00+08:00,0.19200000166893005,0.19200000166893005,0.19200000166893005,0.19200000166893005,0,0.0,0.0,0.0
2018-08-15 00:00:00+08:00,0.19200000166893005,0.19200000166893005,0.19200000166893005,0.19200000166893005,0,0.0,0.0,0.0
2018-08-16 00:00:00+08:00,0.19200000166893005,0.19200000166893005,0.19200000166893005,0.19200000166893005,0,0.0,0.0,0.0
2018-08-17 00:00:00+08:00,0.19200000166893005,0.19200000166893005,0.19200000166893005,0.19200000166893005,0,0.0,0.0,0.0
2018-08-20 00:00:00+08:00,0.19200000166893005,0.19200000166893005,0.19200000166893005,0.19200000166893005,0,0.0,0.0,0.0
2018-08-21 00:00:00+08:00,0.19200000166893005,0.19200000166893005,0.19200000166893005,0.19200000166893005,0,0.0,0.0,0.0
2018-08-23 00:00:00+08:00,0.19200000166893005,0.19200000166893005,0.19200000166893005,0.19200000166893005,0,0.0,0.0,0.0
2018-08-24 00:00:00+08:00,0.19200000166893005,0.19200000166893005,0.19200000166893005,0.19200000166893005,0,0.0,0.0,0.0
2018-08-27 00:00:00+08:00,0.19200000166893005,0.19200000166893005,0.19200000166893005,0.19200000166893005,0,0.0,0.0,0.0
2018-08-28 00:00:00+08:00,0.19200000166893005,0.19200000166893005,0.19200000166893005,0.19200000166893005,0,0.0,0.0,0.0
2018-08-29 00:00:00+08:00,0.19200000166893005,0.19200000166893005,0.19200000166893005,0.19200000166893005,0,0.0,0.0,0.0
2018-08-30 00:00:00+08:00,0.19200000166893005,0.19200000166893005,0.19200000166893005,0.19200000166893005,0,0.0,0.0,0.0
2018-08-31 00:00:00+08:00,0.19200000166893005,0.19200000166893005,0.19200000166893005,0.19200000166893005,0,0.0,0.0,0.0
2018-09-03 00:00:00+08:00,0.19200000166893005,0.19200000166893005,0.19200000166893005,0.19200000166893005,0,0.0,0.0,0.0
2018-09-04 00:00:00+08:00,0.19200000166893005,0.19200000166893005,0.19200000166893005,0.19200000166893005,0,0.0,0.0,0.0
2018-09-05 00:00:00+08:00,0.19200000166893005,0.19200000166893005,0.19200000166893005,0.19200000166893005,0,0.0,0.0,0.0
2018-09-06 00:00:00+08:00,0.19200000166893005,0.19200000166893005,0.19200000166893005,0.19200000166893005,0,0.0,0.0,0.0
2018-09-07 00:00:00+08:00,0.19200000166893005,0.19200000166893005,0.19200000166893005,0.19200000166893005,0,0.0,0.0,0.0
2018-09-10 00:00:00+08:00,0.19200000166893005,0.19200000166893005,0.19200000166893005,0.19200000166893005,0,0.0,0.0,0.0
2018-09-11 00:00:00+08:00,0.19200000166893005,0.19200000166893005,0.19200000166893005,0.19200000166893005,0,0.0,0.0,0.0
2018-09-12 00:00:00+08:00,0.19200000166893005,0.19200000166893005,0.19200000166893005,0.19200000166893005,0,0.0,0.0,0.0
2018-09-13 00:00:00+08:00,0.19200000166893005,0.19200000166893005,0.19200000166893005,0.19200000166893005,0,0.0,0.0,0.0
2018-09-14 00:00:00+08:00,0.19200000166893005,0.19200000166893005,0.19200000166893005,0.19200000166893005,0,0.0,0.0,0.0
2018-09-17 00:00:00+08:00,0.19200000166893005,0.19200000166893005,0.19200000166893005,0.19200000166893005,0,0.0,0.0,0.0
2018-09-18 00:00:00+08:00,0.19200000166893005,0.19200000166893005,0.19200000166893005,0.19200000166893005,0,0.0,0.0,0.0
2018-09-19 00:00:00+08:00,0.19200000166893005,0.19200000166893005,0.19200000166893005,0.19200000166893005,0,0.0,0.0,0.0
2018-09-20 00:00:00+08:00,0.19200000166893005,0.19200000166893005,0.19200000166893005,0.19200000166893005,0,0.0,0.0,0.0
2018-09-21 00:00:00+08:00,0.19200000166893005,0.19200000166893005,0.19200000166893005,0.19200000166893005,0,0.0,0.0,0.0
2018-09-24 00:00:00+08:00,0.19200000166893005,0.19200000166893005,0.19200000166893005,0.19200000166893005,0,0.0,0.0,0.0
2018-09-25 00:00:00+08:00,0.19200000166893005,0.19200000166893005,0.19200000166893005,0.19200000166893005,0,0.0,0.0,0.0
2018-09-26 00:00:00+08:00,0.19200000166893005,0.19200000166893005,0.19200000166893005,0.19200000166893005,0,0.0,0.0,0.0
2018-09-27 00:00:00+08:00,0.19200000166893005,0.19200000166893005,0.19200000166893005,0.19200000166893005,0,0.0,0.0,0.0
2018-09-28 00:00:00+08:00,0.19200000166893005,0.19200000166893005,0.19200000166893005,0.19200000166893005,0,0.0,0.0,0.0
2018-10-01 00:00:00+08:00,0.19200000166893005,0.19200000166893005,0.19200000166893005,0.19200000166893005,0,0.0,0.0,0.0
2018-10-02 00:00:00+08:00,0.19200000166893005,0.19200000166893005,0.19200000166893005,0.19200000166893005,0,0.0,0.0,0.0
2018-10-03 00:00:00+08:00,0.19200000166893005,0.19200000166893005,0.19200000166893005,0.19200000166893005,0,0.0,0.0,0.0
2018-10-04 00:00:00+08:00,0.19200000166893005,0.19200000166893005,0.19200000166893005,0.19200000166893005,0,0.0,0.0,0.0
2018-10-05 00:00:00+08:00,0.19200000166893005,0.19200000166893005,0.19200000166893005,0.19200000166893005,0,0.0,0.0,0.0
2018-10-08 00:00:00+08:00,0.19200000166893005,0.19200000166893005,0.19200000166893005,0.19200000166893005,0,0.0,0.0,0.0
2018-10-09 00:00:00+08:00,0.19200000166893005,0.19200000166893005,0.19200000166893005,0.19200000166893005,0,0.0,0.0,0.0
2018-10-10 00:00:00+08:00,0.19200000166893005,0.19200000166893005,0.19200000166893005,0.19200000166893005,0,0.0,0.0,0.0
2018-10-11 00:00:00+08:00,0.19200000166893005,0.19200000166893005,0.19200000166893005,0.19200000166893005,0,0.0,0.0,0.0
2018-10-12 00:00:00+08:00,0.19200000166893005,0.19200000166893005,0.19200000166893005,0.19200000166893005,0,0.0,0.0,0.0
2018-10-15 00:00:00+08:00,0.19200000166893005,0.19200000166893005,0.19200000166893005,0.19200000166893005,0,0.0,0.0,0.0
2018-10-16 00:00:00+08:00,0.19200000166893005,0.19200000166893005,0.19200000166893005,0.19200000166893005,0,0.0,0.0,0.0
2018-10-17 00:00:00+08:00,0.19200000166893005,0.19200000166893005,0.19200000166893005,0.19200000166893005,0,0.0,0.0,0.0
2018-10-18 00:00:00+08:00,0.19200000166893005,0.19200000166893005,0.19200000166893005,0.19200000166893005,0,0.0,0.0,0.0
2018-10-19 00:00:00+08:00,0.19200000166893005,0.19200000166893005,0.19200000166893005,0.19200000166893005,0,0.0,0.0,0.0
2018-10-22 00:00:00+08:00,0.19200000166893005,0.19200000166893005,0.19200000166893005,0.19200000166893005,0,0.0,0.0,0.0
2018-10-23 00:00:00+08:00,0.19200000166893005,0.19200000166893005,0.19200000166893005,0.19200000166893005,0,0.0,0.0,0.0
2018-10-24 00:00:00+08:00,0.19200000166893005,0.19200000166893005,0.19200000166893005,0.19200000166893005,0,0.0,0.0,0.0
2018-10-25 00:00:00+08:00,0.19200000166893005,0.19200000166893005,0.19200000166893005,0.19200000166893005,0,0.0,0.0,0.0
2018-10-26 00:00:00+08:00,0.19200000166893005,0.19200000166893005,0.19200000166893005,0.19200000166893005,0,0.0,0.0,0.0
2018-10-29 00:00:00+08:00,0.19200000166893005,0.19200000166893005,0.19200000166893005,0.19200000166893005,0,0.0,0.0,0.0
2018-10-30 00:00:00+08:00,0.19200000166893005,0.19200000166893005,0.19200000166893005,0.19200000166893005,0,0.0,0.0,0.0
2018-10-31 00:00:00+08:00,0.19200000166893005,0.19200000166893005,0.19200000166893005,0.19200000166893005,0,0.0,0.0,0.0
2018-11-01 00:00:00+08:00,0.19200000166893005,0.19200000166893005,0.19200000166893005,0.19200000166893005,0,0.0,0.0,0.0
2018-11-02 00:00:00+08:00,0.19200000166893005,0.19200000166893005,0.19200000166893005,0.19200000166893005,0,0.0,0.0,0.0
2018-11-05 00:00:00+08:00,0.19200000166893005,0.19200000166893005,0.19200000166893005,0.19200000166893005,0,0.0,0.0,0.0
2018-11-07 00:00:00+08:00,0.19200000166893005,0.19200000166893005,0.19200000166893005,0.19200000166893005,0,0.0,0.0,0.0
2018-11-08 00:00:00+08:00,0.19200000166893005,0.19200000166893005,0.19200000166893005,0.19200000166893005,0,0.0,0.0,0.0
2018-11-09 00:00:00+08:00,0.19200000166893005,0.19200000166893005,0.19200000166893005,0.19200000166893005,0,0.0,0.0,0.0
2018-11-12 00:00:00+08:00,0.19200000166893005,0.19200000166893005,0.19200000166893005,0.19200000166893005,0,0.0,0.0,0.0
2018-11-13 00:00:00+08:00,0.19200000166893005,0.19200000166893005,0.19200000166893005,0.19200000166893005,0,0.0,0.0,0.0
2018-11-14 00:00:00+08:00,0.19200000166893005,0.19200000166893005,0.19200000166893005,0.19200000166893005,0,0.0,0.0,0.0
2018-11-15 00:00:00+08:00,0.19200000166893005,0.19200000166893005,0.19200000166893005,0.19200000166893005,0,0.0,0.0,0.0
2018-11-16 00:00:00+08:00,0.19200000166893005,0.19200000166893005,0.19200000166893005,0.19200000166893005,0,0.0,0.0,0.0
2018-11-19 00:00:00+08:00,0.19200000166893005,0.19200000166893005,0.19200000166893005,0.19200000166893005,0,0.0,0.0,0.0
2018-11-20 00:00:00+08:00,0.19200000166893005,0.19200000166893005,0.19200000166893005,0.19200000166893005,0,0.0,0.0,0.0
2018-11-21 00:00:00+08:00,0.19200000166893005,0.19200000166893005,0.19200000166893005,0.19200000166893005,0,0.0,0.0,0.0
2018-11-22 00:00:00+08:00,0.19200000166893005,0.19200000166893005,0.19200000166893005,0.19200000166893005,0,0.0,0.0,0.0
2018-11-23 00:00:00+08:00,0.19200000166893005,0.19200000166893005,0.19200000166893005,0.19200000166893005,0,0.0,0.0,0.0
2018-11-26 00:00:00+08:00,0.19200000166893005,0.19200000166893005,0.19200000166893005,0.19200000166893005,0,0.0,0.0,0.0
2018-11-27 00:00:00+08:00,0.19200000166893005,0.19200000166893005,0.19200000166893005,0.19200000166893005,0,0.0,0.0,0.0
2018-11-28 00:00:00+08:00,0.19200000166893005,0.19200000166893005,0.19200000166893005,0.19200000166893005,0,0.0,0.0,0.0
2018-11-29 00:00:00+08:00,0.19200000166893005,0.19200000166893005,0.19200000166893005,0.19200000166893005,0,0.0,0.0,0.0
2018-11-30 00:00:00+08:00,0.19200000166893005,0.19200000166893005,0.19200000166893005,0.19200000166893005,0,0.0,0.0,0.0
2018-12-03 00:00:00+08:00,0.19200000166893005,0.19200000166893005,0.19200000166893005,0.19200000166893005,0,0.0,0.0,0.0
2018-12-04 00:00:00+08:00,0.19200000166893005,0.19200000166893005,0.19200000166893005,0.19200000166893005,0,0.0,0.0,0.0
2018-12-05 00:00:00+08:00,0.19200000166893005,0.19200000166893005,0.19200000166893005,0.19200000166893005,0,0.0,0.0,0.0
2018-12-06 00:00:00+08:00,0.19200000166893005,0.19200000166893005,0.19200000166893005,0.19200000166893005,0,0.0,0.0,0.0
2018-12-07 00:00:00+08:00,0.19200000166893005,0.19200000166893005,0.19200000166893005,0.19200000166893005,0,0.0,0.0,0.0
2018-12-10 00:00:00+08:00,0.19200000166893005,0.19200000166893005,0.19200000166893005,0.19200000166893005,0,0.0,0.0,0.0
2018-12-11 00:00:00+08:00,0.19200000166893005,0.19200000166893005,0.19200000166893005,0.19200000166893005,0,0.0,0.0,0.0
2018-12-12 00:00:00+08:00,0.19200000166893005,0.19200000166893005,0.19200000166893005,0.19200000166893005,0,0.0,0.0,0.0
2018-12-13 00:00:00+08:00,0.19200000166893005,0.19200000166893005,0.19200000166893005,0.19200000166893005,0,0.0,0.0,0.0
2018-12-14 00:00:00+08:00,0.19200000166893005,0.19200000166893005,0.19200000166893005,0.19200000166893005,0,0.0,0.0,0.0
2018-12-17 00:00:00+08:00,0.19200000166893005,0.19200000166893005,0.19200000166893005,0.19200000166893005,0,0.0,0.0,0.0
2018-12-18 00:00:00+08:00,0.19200000166893005,0.19200000166893005,0.19200000166893005,0.19200000166893005,0,0.0,0.0,0.0
2018-12-19 00:00:00+08:00,0.19200000166893005,0.19200000166893005,0.19200000166893005,0.19200000166893005,0,0.0,0.0,0.0
2018-12-20 00:00:00+08:00,0.19200000166893005,0.19200000166893005,0.19200000166893005,0.19200000166893005,0,0.0,0.0,0.0
2018-12-21 00:00:00+08:00,0.19200000166893005,0.19200000166893005,0.19200000166893005,0.19200000166893005,0,0.0,0.0,0.0
2018-12-24 00:00:00+08:00,0.19200000166893005,0.19200000166893005,0.19200000166893005,0.19200000166893005,0,0.0,0.0,0.0
2018-12-26 00:00:00+08:00,0.19200000166893005,0.19200000166893005,0.19200000166893005,0.19200000166893005,0,0.0,0.0,0.0
2018-12-27 00:00:00+08:00,0.19200000166893005,0.19200000166893005,0.19200000166893005,0.19200000166893005,0,0.0,0.0,0.0
2018-12-28 00:00:00+08:00,0.19200000166893005,0.19200000166893005,0.19200000166893005,0.19200000166893005,0,0.0,0.0,0.0
2018-12-31 00:00:00+08:00,0.19200000166893005,0.19200000166893005,0.19200000166893005,0.19200000166893005,0,0.0,0.0,0.0
2019-01-01 00:00:00+08:00,0.19200000166893005,0.19200000166893005,0.19200000166893005,0.19200000166893005,0,0.0,0.0,0.0
2019-01-02 00:00:00+08:00,0.19200000166893005,0.19200000166893005,0.19200000166893005,0.19200000166893005,0,0.0,0.0,0.0
2019-01-03 00:00:00+08:00,0.19200000166893005,0.19200000166893005,0.19200000166893005,0.19200000166893005,0,0.0,0.0,0.0
2019-01-04 00:00:00+08:00,0.19200000166893005,0.19200000166893005,0.19200000166893005,0.19200000166893005,0,0.0,0.0,0.0
2019-01-07 00:00:00+08:00,0.19200000166893005,0.19200000166893005,0.19200000166893005,0.19200000166893005,0,0.0,0.0,0.0
2019-01-08 00:00:00+08:00,0.19200000166893005,0.19200000166893005,0.19200000166893005,0.19200000166893005,0,0.0,0.0,0.0
2019-01-09 00:00:00+08:00,0.19200000166893005,0.19200000166893005,0.19200000166893005,0.19200000166893005,0,0.0,0.0,0.0
2019-01-10 00:00:00+08:00,0.19200000166893005,0.19200000166893005,0.19200000166893005,0.19200000166893005,0,0.0,0.0,0.0
2019-01-11 00:00:00+08:00,0.19200000166893005,0.19200000166893005,0.19200000166893005,0.19200000166893005,0,0.0,0.0,0.0
2019-01-14 00:00:00+08:00,0.19200000166893005,0.19200000166893005,0.19200000166893005,0.19200000166893005,0,0.0,0.0,0.0
2019-01-15 00:00:00+08:00,0.19200000166893005,0.19200000166893005,0.19200000166893005,0.19200000166893005,0,0.0,0.0,0.0
2019-01-16 00:00:00+08:00,0.19200000166893005,0.19200000166893005,0.19200000166893005,0.19200000166893005,0,0.0,0.0,0.0
2019-01-17 00:00:00+08:00,0.19200000166893005,0.19200000166893005,0.19200000166893005,0.19200000166893005,0,0.0,0.0,0.0
2019-01-18 00:00:00+08:00,0.19200000166893005,0.19200000166893005,0.19200000166893005,0.19200000166893005,0,0.0,0.0,0.0
2019-01-21 00:00:00+08:00,0.19200000166893005,0.19200000166893005,0.19200000166893005,0.19200000166893005,0,0.0,0.0,0.0
2019-01-22 00:00:00+08:00,0.19200000166893005,0.19200000166893005,0.19200000166893005,0.19200000166893005,0,0.0,0.0,0.0
2019-01-23 00:00:00+08:00,0.19200000166893005,0.19200000166893005,0.19200000166893005,0.19200000166893005,0,0.0,0.0,0.0
2019-01-24 00:00:00+08:00,0.19200000166893005,0.19200000166893005,0.19200000166893005,0.19200000166893005,0,0.0,0.0,0.0
2019-01-25 00:00:00+08:00,0.19200000166893005,0.19200000166893005,0.19200000166893005,0.19200000166893005,0,0.0,0.0,0.0
2019-01-28 00:00:00+08:00,0.19200000166893005,0.19200000166893005,0.19200000166893005,0.19200000166893005,0,0.0,0.0,0.0
2019-01-29 00:00:00+08:00,0.19200000166893005,0.19200000166893005,0.19200000166893005,0.19200000166893005,0,0.0,0.0,0.0
2019-01-30 00:00:00+08:00,0.19200000166893005,0.19200000166893005,0.19200000166893005,0.19200000166893005,0,0.0,0.0,0.0
2019-01-31 00:00:00+08:00,0.19200000166893005,0.19200000166893005,0.19200000166893005,0.19200000166893005,0,0.0,0.0,0.0
2019-02-01 00:00:00+08:00,0.19200000166893005,0.19200000166893005,0.19200000166893005,0.19200000166893005,0,0.0,0.0,0.0
2019-02-04 00:00:00+08:00,0.19200000166893005,0.19200000166893005,0.19200000166893005,0.19200000166893005,0,0.0,0.0,0.0
2019-02-05 00:00:00+08:00,0.19200000166893005,0.19200000166893005,0.19200000166893005,0.19200000166893005,0,0.0,0.0,0.0
2019-02-07 00:00:00+08:00,0.19200000166893005,0.19200000166893005,0.19200000166893005,0.19200000166893005,0,0.0,0.0,0.0
2019-02-08 00:00:00+08:00,0.19200000166893005,0.19200000166893005,0.19200000166893005,0.19200000166893005,0,0.0,0.0,0.0
2019-02-11 00:00:00+08:00,0.19200000166893005,0.19200000166893005,0.19200000166893005,0.19200000166893005,0,0.0,0.0,0.0
2019-02-12 00:00:00+08:00,0.19200000166893005,0.19200000166893005,0.19200000166893005,0.19200000166893005,0,0.0,0.0,0.0
2019-02-13 00:00:00+08:00,0.19200000166893005,0.19200000166893005,0.19200000166893005,0.19200000166893005,0,0.0,0.0,0.0
2019-02-14 00:00:00+08:00,0.19200000166893005,0.19200000166893005,0.19200000166893005,0.19200000166893005,0,0.0,0.0,0.0
2019-02-15 00:00:00+08:00,0.19200000166893005,0.19200000166893005,0.19200000166893005,0.19200000166893005,0,0.0,0.0,0.0
2019-02-18 00:00:00+08:00,0.19200000166893005,0.19200000166893005,0.19200000166893005,0.19200000166893005,0,0.0,0.0,0.0
2019-02-19 00:00:00+08:00,0.19200000166893005,0.19200000166893005,0.19200000166893005,0.19200000166893005,0,0.0,0.0,0.0
2019-02-20 00:00:00+08:00,0.19200000166893005,0.19200000166893005,0.19200000166893005,0.19200000166893005,0,0.0,0.0,0.0
2019-02-21 00:00:00+08:00,0.19200000166893005,0.19200000166893005,0.19200000166893005,0.19200000166893005,0,0.0,0.0,0.0
2019-02-22 00:00:00+08:00,0.19200000166893005,0.19200000166893005,0.19200000166893005,0.19200000166893005,0,0.0,0.0,0.0
2019-02-25 00:00:00+08:00,0.19200000166893005,0.19200000166893005,0.19200000166893005,0.19200000166893005,0,0.0,0.0,0.0
2019-02-26 00:00:00+08:00,0.19200000166893005,0.19200000166893005,0.19200000166893005,0.19200000166893005,0,0.0,0.0,0.0
2019-02-27 00:00:00+08:00,0.19200000166893005,0.19200000166893005,0.19200000166893005,0.19200000166893005,0,0.0,0.0,0.0
2019-02-28 00:00:00+08:00,0.19200000166893005,0.19200000166893005,0.19200000166893005,0.19200000166893005,0,0.0,0.0,0.0
2019-03-01 00:00:00+08:00,0.19200000166893005,0.19200000166893005,0.19200000166893005,0.19200000166893005,0,0.0,0.0,0.0
2019-03-04 00:00:00+08:00,0.19200000166893005,0.19200000166893005,0.19200000166893005,0.19200000166893005,0,0.0,0.0,0.0
2019-03-05 00:00:00+08:00,0.19200000166893005,0.19200000166893005,0.19200000166893005,0.19200000166893005,0,0.0,0.0,0.0
2019-03-06 00:00:00+08:00,0.19200000166893005,0.19200000166893005,0.19200000166893005,0.19200000166893005,0,0.0,0.0,0.0
2019-03-07 00:00:00+08:00,0.19200000166893005,0.19200000166893005,0.19200000166893005,0.19200000166893005,0,0.0,0.0,0.0
2019-03-08 00:00:00+08:00,0.19200000166893005,0.19200000166893005,0.19200000166893005,0.19200000166893005,0,0.0,0.0,0.0
2019-03-11 00:00:00+08:00,0.19200000166893005,0.19200000166893005,0.19200000166893005,0.19200000166893005,0,0.0,0.0,0.0
2019-03-12 00:00:00+08:00,0.19200000166893005,0.19200000166893005,0.19200000166893005,0.19200000166893005,0,0.0,0.0,0.0
2019-03-13 00:00:00+08:00,0.19200000166893005,0.19200000166893005,0.19200000166893005,0.19200000166893005,0,0.0,0.0,0.0
2019-03-14 00:00:00+08:00,0.19200000166893005,0.19200000166893005,0.19200000166893005,0.19200000166893005,0,0.0,0.0,0.0
2019-03-15 00:00:00+08:00,0.19200000166893005,0.19200000166893005,0.19200000166893005,0.19200000166893005,0,0.0,0.0,0.0
2019-03-18 00:00:00+08:00,0.19200000166893005,0.19200000166893005,0.19200000166893005,0.19200000166893005,0,0.0,0.0,0.0
2019-03-19 00:00:00+08:00,0.19200000166893005,0.19200000166893005,0.19200000166893005,0.19200000166893005,0,0.0,0.0,0.0
2019-03-20 00:00:00+08:00,0.19200000166893005,0.19200000166893005,0.19200000166893005,0.19200000166893005,0,0.0,0.0,0.0
2019-03-21 00:00:00+08:00,0.19200000166893005,0.19200000166893005,0.19200000166893005,0.19200000166893005,0,0.0,0.0,0.0
2019-03-22 00:00:00+08:00,0.19200000166893005,0.19200000166893005,0.19200000166893005,0.19200000166893005,0,0.0,0.0,0.0
2019-03-25 00:00:00+08:00,0.19200000166893005,0.19200000166893005,0.19200000166893005,0.19200000166893005,0,0.0,0.0,0.0
2019-03-26 00:00:00+08:00,0.19200000166893005,0.19200000166893005,0.19200000166893005,0.19200000166893005,0,0.0,0.0,0.0
2019-03-27 00:00:00+08:00,0.19200000166893005,0.19200000166893005,0.19200000166893005,0.19200000166893005,0,0.0,0.0,0.0
2019-03-28 00:00:00+08:00,0.19200000166893005,0.19200000166893005,0.19200000166893005,0.19200000166893005,0,0.0,0.0,0.0
2019-03-29 00:00:00+08:00,0.19200000166893005,0.19200000166893005,0.19200000166893005,0.19200000166893005,0,0.0,0.0,0.0
2019-04-01 00:00:00+08:00,0.19200000166893005,0.19200000166893005,0.19200000166893005,0.19200000166893005,0,0.0,0.0,0.0
2019-04-02 00:00:00+08:00,0.19200000166893005,0.19200000166893005,0.19200000166893005,0.19200000166893005,0,0.0,0.0,0.0
2019-04-03 00:00:00+08:00,0.19200000166893005,0.19200000166893005,0.19200000166893005,0.19200000166893005,0,0.0,0.0,0.0
2019-04-04 00:00:00+08:00,0.19200000166893005,0.19200000166893005,0.19200000166893005,0.19200000166893005,0,0.0,0.0,0.0
2019-04-05 00:00:00+08:00,0.19200000166893005,0.19200000166893005,0.19200000166893005,0.19200000166893005,0,0.0,0.0,0.0
2019-04-08 00:00:00+08:00,0.19200000166893005,0.19200000166893005,0.19200000166893005,0.19200000166893005,0,0.0,0.0,0.0
2019-04-09 00:00:00+08:00,0.19200000166893005,0.19200000166893005,0.19200000166893005,0.19200000166893005,0,0.0,0.0,0.0
2019-04-10 00:00:00+08:00,0.19200000166893005,0.19200000166893005,0.19200000166893005,0.19200000166893005,0,0.0,0.0,0.0
2019-04-11 00:00:00+08:00,0.19200000166893005,0.19200000166893005,0.19200000166893005,0.19200000166893005,0,0.0,0.0,0.0
2019-04-12 00:00:00+08:00,0.19200000166893005,0.19200000166893005,0.19200000166893005,0.19200000166893005,0,0.0,0.0,0.0
2019-04-15 00:00:00+08:00,0.19200000166893005,0.19200000166893005,0.19200000166893005,0.19200000166893005,0,0.0,0.0,0.0
2019-04-16 00:00:00+08:00,0.19200000166893005,0.19200000166893005,0.19200000166893005,0.19200000166893005,0,0.0,0.0,0.0
2019-04-17 00:00:00+08:00,0.19200000166893005,0.19200000166893005,0.19200000166893005,0.19200000166893005,0,0.0,0.0,0.0
2019-04-18 00:00:00+08:00,0.19200000166893005,0.19200000166893005,0.19200000166893005,0.19200000166893005,0,0.0,0.0,0.0
2019-04-22 00:00:00+08:00,0.19200000166893005,0.19200000166893005,0.19200000166893005,0.19200000166893005,0,0.0,0.0,0.0
2019-04-23 00:00:00+08:00,0.19200000166893005,0.19200000166893005,0.19200000166893005,0.19200000166893005,0,0.0,0.0,0.0
2019-04-24 00:00:00+08:00,0.19200000166893005,0.19200000166893005,0.19200000166893005,0.19200000166893005,0,0.0,0.0,0.0
2019-04-25 00:00:00+08:00,0.19200000166893005,0.19200000166893005,0.19200000166893005,0.19200000166893005,0,0.0,0.0,0.0
2019-04-26 00:00:00+08:00,0.19200000166893005,0.19200000166893005,0.19200000166893005,0.19200000166893005,0,0.0,0.0,0.0
2019-04-29 00:00:00+08:00,0.19200000166893005,0.19200000166893005,0.19200000166893005,0.19200000166893005,0,0.0,0.0,0.0
2019-04-30 00:00:00+08:00,0.19200000166893005,0.19200000166893005,0.19200000166893005,0.19200000166893005,0,0.0,0.0,0.0
2019-05-02 00:00:00+08:00,0.19200000166893005,0.19200000166893005,0.19200000166893005,0.19200000166893005,0,0.0,0.0,0.0
2019-05-03 00:00:00+08:00,0.19200000166893005,0.19200000166893005,0.19200000166893005,0.19200000166893005,0,0.0,0.0,0.0
2019-05-06 00:00:00+08:00,0.19200000166893005,0.19200000166893005,0.19200000166893005,0.19200000166893005,0,0.0,0.0,0.0
2019-05-07 00:00:00+08:00,0.19200000166893005,0.19200000166893005,0.19200000166893005,0.19200000166893005,0,0.0,0.0,0.0
2019-05-08 00:00:00+08:00,0.19200000166893005,0.19200000166893005,0.19200000166893005,0.19200000166893005,0,0.0,0.0,0.0
2019-05-09 00:00:00+08:00,0.19200000166893005,0.19200000166893005,0.19200000166893005,0.19200000166893005,0,0.0,0.0,0.0
2019-05-10 00:00:00+08:00,0.19200000166893005,0.19200000166893005,0.19200000166893005,0.19200000166893005,0,0.0,0.0,0.0
2019-05-13 00:00:00+08:00,0.19200000166893005,0.19200000166893005,0.19200000166893005,0.19200000166893005,0,0.0,0.0,0.0
2019-05-14 00:00:00+08:00,0.19200000166893005,0.19200000166893005,0.19200000166893005,0.19200000166893005,0,0.0,0.0,0.0
2019-05-15 00:00:00+08:00,0.19200000166893005,0.19200000166893005,0.19200000166893005,0.19200000166893005,0,0.0,0.0,0.0
2019-05-16 00:00:00+08:00,0.19200000166893005,0.19200000166893005,0.19200000166893005,0.19200000166893005,0,0.0,0.0,0.0
2019-05-17 00:00:00+08:00,0.19200000166893005,0.19200000166893005,0.19200000166893005,0.19200000166893005,0,0.0,0.0,0.0
2019-05-21 00:00:00+08:00,0.19200000166893005,0.19200000166893005,0.19200000166893005,0.19200000166893005,0,0.0,0.0,0.0
2019-05-22 00:00:00+08:00,0.19200000166893005,0.19200000166893005,0.19200000166893005,0.19200000166893005,0,0.0,0.0,0.0
2019-05-23 00:00:00+08:00,0.19200000166893005,0.19200000166893005,0.19200000166893005,0.19200000166893005,0,0.0,0.0,0.0
2019-05-24 00:00:00+08:00,0.19200000166893005,0.19200000166893005,0.19200000166893005,0.19200000166893005,0,0.0,0.0,0.0
2019-05-27 00:00:00+08:00,0.19200000166893005,0.19200000166893005,0.19200000166893005,0.19200000166893005,0,0.0,0.0,0.0
2019-05-28 00:00:00+08:00,0.19200000166893005,0.19200000166893005,0.19200000166893005,0.19200000166893005,0,0.0,0.0,0.0
2019-05-29 00:00:00+08:00,0.19200000166893005,0.19200000166893005,0.19200000166893005,0.19200000166893005,0,0.0,0.0,0.0
2019-05-30 00:00:00+08:00,0.19200000166893005,0.19200000166893005,0.19200000166893005,0.19200000166893005,0,0.0,0.0,0.0
2019-05-31 00:00:00+08:00,0.19200000166893005,0.19200000166893005,0.19200000166893005,0.19200000166893005,0,0.0,0.0,0.0
2019-06-03 00:00:00+08:00,0.19200000166893005,0.19200000166893005,0.19200000166893005,0.19200000166893005,0,0.0,0.0,0.0
2019-06-04 00:00:00+08:00,0.19200000166893005,0.19200000166893005,0.19200000166893005,0.19200000166893005,0,0.0,0.0,0.0
2019-06-06 00:00:00+08:00,0.19200000166893005,0.19200000166893005,0.19200000166893005,0.19200000166893005,0,0.0,0.0,0.0
2019-06-07 00:00:00+08:00,0.19200000166893005,0.19200000166893005,0.19200000166893005,0.19200000166893005,0,0.0,0.0,0.0
2019-06-10 00:00:00+08:00,0.19200000166893005,0.19200000166893005,0.19200000166893005,0.19200000166893005,0,0.0,0.0,0.0
2019-06-11 00:00:00+08:00,0.19200000166893005,0.19200000166893005,0.19200000166893005,0.19200000166893005,0,0.0,0.0,0.0
2019-06-12 00:00:00+08:00,0.19200000166893005,0.19200000166893005,0.19200000166893005,0.19200000166893005,0,0.0,0.0,0.0
2019-06-13 00:00:00+08:00,0.19200000166893005,0.19200000166893005,0.19200000166893005,0.19200000166893005,0,0.0,0.0,0.0
2019-06-14 00:00:00+08:00,0.19200000166893005,0.19200000166893005,0.19200000166893005,0.19200000166893005,0,0.0,0.0,0.0
2019-06-17 00:00:00+08:00,0.19200000166893005,0.19200000166893005,0.19200000166893005,0.19200000166893005,0,0.0,0.0,0.0
2019-06-18 00:00:00+08:00,0.19200000166893005,0.19200000166893005,0.19200000166893005,0.19200000166893005,0,0.0,0.0,0.0
2019-06-19 00:00:00+08:00,0.19200000166893005,0.19200000166893005,0.19200000166893005,0.19200000166893005,0,0.0,0.0,0.0
2019-06-20 00:00:00+08:00,0.19200000166893005,0.19200000166893005,0.19200000166893005,0.19200000166893005,0,0.0,0.0,0.0
2019-06-21 00:00:00+08:00,0.19200000166893005,0.19200000166893005,0.19200000166893005,0.19200000166893005,0,0.0,0.0,0.0
2019-06-24 00:00:00+08:00,0.19200000166893005,0.19200000166893005,0.19200000166893005,0.19200000166893005,0,0.0,0.0,0.0
2019-06-25 00:00:00+08:00,0.19200000166893005,0.19200000166893005,0.19200000166893005,0.19200000166893005,0,0.0,0.0,0.0
2019-06-26 00:00:00+08:00,0.19200000166893005,0.19200000166893005,0.19200000166893005,0.19200000166893005,0,0.0,0.0,0.0
2019-06-27 00:00:00+08:00,0.19200000166893005,0.19200000166893005,0.19200000166893005,0.19200000166893005,0,0.0,0.0,0.0
2019-06-28 00:00:00+08:00,0.19200000166893005,0.19200000166893005,0.19200000166893005,0.19200000166893005,0,0.0,0.0,0.0
2019-07-01 00:00:00+08:00,0.19200000166893005,0.19200000166893005,0.19200000166893005,0.19200000166893005,0,0.0,0.0,0.0
2019-07-02 00:00:00+08:00,0.19200000166893005,0.19200000166893005,0.19200000166893005,0.19200000166893005,0,0.0,0.0,0.0
2019-07-03 00:00:00+08:00,0.19200000166893005,0.19200000166893005,0.19200000166893005,0.19200000166893005,0,0.0,0.0,0.0
2019-07-04 00:00:00+08:00,0.19200000166893005,0.19200000166893005,0.19200000166893005,0.19200000166893005,0,0.0,0.0,0.0
2019-07-05 00:00:00+08:00,0.19200000166893005,0.19200000166893005,0.19200000166893005,0.19200000166893005,0,0.0,0.0,0.0
2019-07-08 00:00:00+08:00,0.19200000166893005,0.19200000166893005,0.19200000166893005,0.19200000166893005,0,0.0,0.0,0.0
2019-07-09 00:00:00+08:00,0.19200000166893005,0.19200000166893005,0.19200000166893005,0.19200000166893005,0,0.0,0.0,0.0
2019-07-10 00:00:00+08:00,0.19200000166893005,0.19200000166893005,0.19200000166893005,0.19200000166893005,0,0.0,0.0,0.0
2019-07-11 00:00:00+08:00,0.19200000166893005,0.19200000166893005,0.19200000166893005,0.19200000166893005,0,0.0,0.0,0.0
2019-07-12 00:00:00+08:00,0.19200000166893005,0.19200000166893005,0.19200000166893005,0.19200000166893005,0,0.0,0.0,0.0
2019-07-15 00:00:00+08:00,0.19200000166893005,0.19200000166893005,0.19200000166893005,0.19200000166893005,0,0.0,0.0,0.0
2019-07-16 00:00:00+08:00,0.19200000166893005,0.19200000166893005,0.19200000166893005,0.19200000166893005,0,0.0,0.0,0.0
2019-07-17 00:00:00+08:00,0.19200000166893005,0.19200000166893005,0.19200000166893005,0.19200000166893005,0,0.0,0.0,0.0
2019-07-18 00:00:00+08:00,0.19200000166893005,0.19200000166893005,0.19200000166893005,0.19200000166893005,0,0.0,0.0,0.0
2019-07-19 00:00:00+08:00,0.19200000166893005,0.19200000166893005,0.19200000166893005,0.19200000166893005,0,0.0,0.0,0.0
2019-07-22 00:00:00+08:00,0.19200000166893005,0.19200000166893005,0.19200000166893005,0.19200000166893005,0,0.0,0.0,0.0
2019-07-23 00:00:00+08:00,0.19200000166893005,0.19200000166893005,0.19200000166893005,0.19200000166893005,0,0.0,0.0,0.0
2019-07-24 00:00:00+08:00,0.19200000166893005,0.19200000166893005,0.19200000166893005,0.19200000166893005,0,0.0,0.0,0.0
2019-07-25 00:00:00+08:00,0.19200000166893005,0.19200000166893005,0.19200000166893005,0.19200000166893005,0,0.0,0.0,0.0
2019-07-26 00:00:00+08:00,0.19200000166893005,0.19200000166893005,0.19200000166893005,0.19200000166893005,0,0.0,0.0,0.0
2019-07-29 00:00:00+08:00,0.19200000166893005,0.19200000166893005,0.19200000166893005,0.19200000166893005,0,0.0,0.0,0.0
2019-07-30 00:00:00+08:00,0.19200000166893005,0.19200000166893005,0.19200000166893005,0.19200000166893005,0,0.0,0.0,0.0
2019-07-31 00:00:00+08:00,0.19200000166893005,0.19200000166893005,0.19200000166893005,0.19200000166893005,0,0.0,0.0,0.0
2019-08-01 00:00:00+08:00,0.19200000166893005,0.19200000166893005,0.19200000166893005,0.19200000166893005,0,0.0,0.0,0.0
2019-08-02 00:00:00+08:00,0.19200000166893005,0.19200000166893005,0.19200000166893005,0.19200000166893005,0,0.0,0.0,0.0
2019-08-05 00:00:00+08:00,0.19200000166893005,0.19200000166893005,0.19200000166893005,0.19200000166893005,0,0.0,0.0,0.0
2019-08-06 00:00:00+08:00,0.19200000166893005,0.19200000166893005,0.19200000166893005,0.19200000166893005,0,0.0,0.0,0.0
2019-08-07 00:00:00+08:00,0.19200000166893005,0.19200000166893005,0.19200000166893005,0.19200000166893005,0,0.0,0.0,0.0
2019-08-08 00:00:00+08:00,0.19200000166893005,0.19200000166893005,0.19200000166893005,0.19200000166893005,0,0.0,0.0,0.0
2019-08-13 00:00:00+08:00,0.19200000166893005,0.19200000166893005,0.19200000166893005,0.19200000166893005,0,0.0,0.0,0.0
2019-08-14 00:00:00+08:00,0.19200000166893005,0.19200000166893005,0.19200000166893005,0.19200000166893005,0,0.0,0.0,0.0
2019-08-15 00:00:00+08:00,0.19200000166893005,0.19200000166893005,0.19200000166893005,0.19200000166893005,0,0.0,0.0,0.0
2019-08-16 00:00:00+08:00,0.19200000166893005,0.19200000166893005,0.19200000166893005,0.19200000166893005,0,0.0,0.0,0.0
2019-08-19 00:00:00+08:00,0.19200000166893005,0.19200000166893005,0.19200000166893005,0.19200000166893005,0,0.0,0.0,0.0
2019-08-20 00:00:00+08:00,0.19200000166893005,0.19200000166893005,0.19200000166893005,0.19200000166893005,0,0.0,0.0,0.0
2019-08-21 00:00:00+08:00,0.19200000166893005,0.19200000166893005,0.19200000166893005,0.19200000166893005,0,0.0,0.0,0.0
2019-08-22 00:00:00+08:00,0.19200000166893005,0.19200000166893005,0.19200000166893005,0.19200000166893005,0,0.0,0.0,0.0
2019-08-23 00:00:00+08:00,0.19200000166893005,0.19200000166893005,0.19200000166893005,0.19200000166893005,0,0.0,0.0,0.0
2019-08-26 00:00:00+08:00,0.19200000166893005,0.19200000166893005,0.19200000166893005,0.19200000166893005,0,0.0,0.0,0.0
2019-08-27 00:00:00+08:00,0.19200000166893005,0.19200000166893005,0.19200000166893005,0.19200000166893005,0,0.0,0.0,0.0
2019-08-28 00:00:00+08:00,0.19200000166893005,0.19200000166893005,0.19200000166893005,0.19200000166893005,0,0.0,0.0,0.0
2019-08-29 00:00:00+08:00,0.19200000166893005,0.19200000166893005,0.19200000166893005,0.19200000166893005,0,0.0,0.0,0.0
2019-08-30 00:00:00+08:00,0.19200000166893005,0.19200000166893005,0.19200000166893005,0.19200000166893005,0,0.0,0.0,0.0
2019-09-02 00:00:00+08:00,0.19200000166893005,0.19200000166893005,0.19200000166893005,0.19200000166893005,0,0.0,0.0,0.0
2019-09-03 00:00:00+08:00,0.19200000166893005,0.19200000166893005,0.19200000166893005,0.19200000166893005,0,0.0,0.0,0.0
2019-09-04 00:00:00+08:00,0.19200000166893005,0.19200000166893005,0.19200000166893005,0.19200000166893005,0,0.0,0.0,0.0
2019-09-05 00:00:00+08:00,0.19200000166893005,0.19200000166893005,0.19200000166893005,0.19200000166893005,0,0.0,0.0,0.0
2019-09-06 00:00:00+08:00,0.19200000166893005,0.19200000166893005,0.19200000166893005,0.19200000166893005,0,0.0,0.0,0.0
2019-09-09 00:00:00+08:00,0.19200000166893005,0.19200000166893005,0.19200000166893005,0.19200000166893005,0,0.0,0.0,0.0
2019-09-10 00:00:00+08:00,0.19200000166893005,0.19200000166893005,0.19200000166893005,0.19200000166893005,0,0.0,0.0,0.0
2019-09-11 00:00:00+08:00,0.19200000166893005,0.19200000166893005,0.19200000166893005,0.19200000166893005,0,0.0,0.0,0.0
2019-09-12 00:00:00+08:00,0.19200000166893005,0.19200000166893005,0.19200000166893005,0.19200000166893005,0,0.0,0.0,0.0
2019-09-13 00:00:00+08:00,0.19200000166893005,0.19200000166893005,0.19200000166893005,0.19200000166893005,0,0.0,0.0,0.0
2019-09-16 00:00:00+08:00,0.19200000166893005,0.19200000166893005,0.19200000166893005,0.19200000166893005,0,0.0,0.0,0.0
2019-09-17 00:00:00+08:00,0.19200000166893005,0.19200000166893005,0.19200000166893005,0.19200000166893005,0,0.0,0.0,0.0
2019-09-18 00:00:00+08:00,0.19200000166893005,0.19200000166893005,0.19200000166893005,0.19200000166893005,0,0.0,0.0,0.0
2019-09-19 00:00:00+08:00,0.19200000166893005,0.19200000166893005,0.19200000166893005,0.19200000166893005,0,0.0,0.0,0.0
2019-09-20 00:00:00+08:00,0.19200000166893005,0.19200000166893005,0.19200000166893005,0.19200000166893005,0,0.0,0.0,0.0
2019-09-23 00:00:00+08:00,0.19200000166893005,0.19200000166893005,0.19200000166893005,0.19200000166893005,0,0.0,0.0,0.0
2019-09-24 00:00:00+08:00,0.19200000166893005,0.19200000166893005,0.19200000166893005,0.19200000166893005,0,0.0,0.0,0.0
2019-09-25 00:00:00+08:00,0.19200000166893005,0.19200000166893005,0.19200000166893005,0.19200000166893005,0,0.0,0.0,0.0
2019-09-26 00:00:00+08:00,0.19200000166893005,0.19200000166893005,0.19200000166893005,0.19200000166893005,0,0.0,0.0,0.0
2019-09-27 00:00:00+08:00,0.19200000166893005,0.19200000166893005,0.19200000166893005,0.19200000166893005,0,0.0,0.0,0.0
2019-09-30 00:00:00+08:00,0.19200000166893005,0.19200000166893005,0.19200000166893005,0.19200000166893005,0,0.0,0.0,0.0
2019-10-01 00:00:00+08:00,0.19200000166893005,0.19200000166893005,0.19200000166893005,0.19200000166893005,0,0.0,0.0,0.0
2019-10-02 00:00:00+08:00,0.19200000166893005,0.19200000166893005,0.19200000166893005,0.19200000166893005,0,0.0,0.0,0.0
2019-10-03 00:00:00+08:00,0.19200000166893005,0.19200000166893005,0.19200000166893005,0.19200000166893005,0,0.0,0.0,0.0
2019-10-04 00:00:00+08:00,0.19200000166893005,0.19200000166893005,0.19200000166893005,0.19200000166893005,0,0.0,0.0,0.0
2019-10-07 00:00:00+08:00,0.19200000166893005,0.19200000166893005,0.19200000166893005,0.19200000166893005,0,0.0,0.0,0.0
2019-10-08 00:00:00+08:00,0.19200000166893005,0.19200000166893005,0.19200000166893005,0.19200000166893005,0,0.0,0.0,0.0
2019-10-09 00:00:00+08:00,0.19200000166893005,0.19200000166893005,0.19200000166893005,0.19200000166893005,0,0.0,0.0,0.0
2019-10-10 00:00:00+08:00,0.19200000166893005,0.19200000166893005,0.19200000166893005,0.19200000166893005,0,0.0,0.0,0.0
2019-10-11 00:00:00+08:00,0.19200000166893005,0.19200000166893005,0.19200000166893005,0.19200000166893005,0,0.0,0.0,0.0
2019-10-14 00:00:00+08:00,0.19200000166893005,0.19200000166893005,0.19200000166893005,0.19200000166893005,0,0.0,0.0,0.0
2019-10-15 00:00:00+08:00,0.19200000166893005,0.19200000166893005,0.19200000166893005,0.19200000166893005,0,0.0,0.0,0.0
2019-10-16 00:00:00+08:00,0.19200000166893005,0.19200000166893005,0.19200000166893005,0.19200000166893005,0,0.0,0.0,0.0
2019-10-17 00:00:00+08:00,0.19200000166893005,0.19200000166893005,0.19200000166893005,0.19200000166893005,0,0.0,0.0,0.0
2019-10-18 00:00:00+08:00,0.19200000166893005,0.19200000166893005,0.19200000166893005,0.19200000166893005,0,0.0,0.0,0.0
2019-10-21 00:00:00+08:00,0.19200000166893005,0.19200000166893005,0.19200000166893005,0.19200000166893005,0,0.0,0.0,0.0
2019-10-22 00:00:00+08:00,0.19200000166893005,0.19200000166893005,0.19200000166893005,0.19200000166893005,0,0.0,0.0,0.0
2019-10-23 00:00:00+08:00,0.19200000166893005,0.19200000166893005,0.19200000166893005,0.19200000166893005,0,0.0,0.0,0.0
2019-10-24 00:00:00+08:00,0.19200000166893005,0.19200000166893005,0.19200000166893005,0.19200000166893005,0,0.0,0.0,0.0
2019-10-25 00:00:00+08:00,0.19200000166893005,0.19200000166893005,0.19200000166893005,0.19200000166893005,0,0.0,0.0,0.0
2019-10-29 00:00:00+08:00,0.19200000166893005,0.19200000166893005,0.19200000166893005,0.19200000166893005,0,0.0,0.0,0.0
2019-10-30 00:00:00+08:00,0.19200000166893005,0.19200000166893005,0.19200000166893005,0.19200000166893005,0,0.0,0.0,0.0
2019-10-31 00:00:00+08:00,0.19200000166893005,0.19200000166893005,0.19200000166893005,0.19200000166893005,0,0.0,0.0,0.0
2019-11-01 00:00:00+08:00,0.19200000166893005,0.19200000166893005,0.19200000166893005,0.19200000166893005,0,0.0,0.0,0.0
2019-11-04 00:00:00+08:00,0.19200000166893005,0.19200000166893005,0.19200000166893005,0.19200000166893005,0,0.0,0.0,0.0
2019-11-05 00:00:00+08:00,0.19200000166893005,0.19200000166893005,0.19200000166893005,0.19200000166893005,0,0.0,0.0,0.0
2019-11-06 00:00:00+08:00,0.19200000166893005,0.19200000166893005,0.19200000166893005,0.19200000166893005,0,0.0,0.0,0.0
2019-11-07 00:00:00+08:00,0.19200000166893005,0.19200000166893005,0.19200000166893005,0.19200000166893005,0,0.0,0.0,0.0
2019-11-08 00:00:00+08:00,0.19200000166893005,0.19200000166893005,0.19200000166893005,0.19200000166893005,0,0.0,0.0,0.0
2019-11-11 00:00:00+08:00,0.19200000166893005,0.19200000166893005,0.19200000166893005,0.19200000166893005,0,0.0,0.0,0.0
2019-11-12 00:00:00+08:00,0.19200000166893005,0.19200000166893005,0.19200000166893005,0.19200000166893005,0,0.0,0.0,0.0
2019-11-13 00:00:00+08:00,0.19200000166893005,0.19200000166893005,0.19200000166893005,0.19200000166893005,0,0.0,0.0,0.0
2019-11-14 00:00:00+08:00,0.19200000166893005,0.19200000166893005,0.19200000166893005,0.19200000166893005,0,0.0,0.0,0.0
2019-11-15 00:00:00+08:00,0.19200000166893005,0.19200000166893005,0.19200000166893005,0.19200000166893005,0,0.0,0.0,0.0
2019-11-18 00:00:00+08:00,0.19200000166893005,0.19200000166893005,0.19200000166893005,0.19200000166893005,0,0.0,0.0,0.0
2019-11-19 00:00:00+08:00,0.19200000166893005,0.19200000166893005,0.19200000166893005,0.19200000166893005,0,0.0,0.0,0.0
2019-11-20 00:00:00+08:00,0.19200000166893005,0.19200000166893005,0.19200000166893005,0.19200000166893005,0,0.0,0.0,0.0
2019-11-21 00:00:00+08:00,0.19200000166893005,0.19200000166893005,0.19200000166893005,0.19200000166893005,0,0.0,0.0,0.0
2019-11-22 00:00:00+08:00,0.19200000166893005,0.19200000166893005,0.19200000166893005,0.19200000166893005,0,0.0,0.0,0.0
2019-11-25 00:00:00+08:00,0.19200000166893005,0.19200000166893005,0.19200000166893005,0.19200000166893005,0,0.0,0.0,0.0
2019-11-26 00:00:00+08:00,0.19200000166893005,0.19200000166893005,0.19200000166893005,0.19200000166893005,0,0.0,0.0,0.0
2019-11-27 00:00:00+08:00,0.19200000166893005,0.19200000166893005,0.19200000166893005,0.19200000166893005,0,0.0,0.0,0.0
2019-11-28 00:00:00+08:00,0.19200000166893005,0.19200000166893005,0.19200000166893005,0.19200000166893005,0,0.0,0.0,0.0
2019-11-29 00:00:00+08:00,0.19200000166893005,0.19200000166893005,0.19200000166893005,0.19200000166893005,0,0.0,0.0,0.0
2019-12-02 00:00:00+08:00,0.19200000166893005,0.19200000166893005,0.19200000166893005,0.19200000166893005,0,0.0,0.0,0.0
2019-12-03 00:00:00+08:00,0.19200000166893005,0.19200000166893005,0.19200000166893005,0.19200000166893005,0,0.0,0.0,0.0
2019-12-04 00:00:00+08:00,0.19200000166893005,0.19200000166893005,0.19200000166893005,0.19200000166893005,0,0.0,0.0,0.0
2019-12-05 00:00:00+08:00,0.19200000166893005,0.19200000166893005,0.19200000166893005,0.19200000166893005,0,0.0,0.0,0.0
2019-12-06 00:00:00+08:00,0.19200000166893005,0.19200000166893005,0.19200000166893005,0.19200000166893005,0,0.0,0.0,0.0
2019-12-09 00:00:00+08:00,0.19200000166893005,0.19200000166893005,0.19200000166893005,0.19200000166893005,0,0.0,0.0,0.0
2019-12-10 00:00:00+08:00,0.19200000166893005,0.19200000166893005,0.19200000166893005,0.19200000166893005,0,0.0,0.0,0.0
2019-12-11 00:00:00+08:00,0.19200000166893005,0.19200000166893005,0.19200000166893005,0.19200000166893005,0,0.0,0.0,0.0
2019-12-12 00:00:00+08:00,0.19200000166893005,0.19200000166893005,0.19200000166893005,0.19200000166893005,0,0.0,0.0,0.0
2019-12-13 00:00:00+08:00,0.19200000166893005,0.19200000166893005,0.19200000166893005,0.19200000166893005,0,0.0,0.0,0.0
2019-12-16 00:00:00+08:00,0.19200000166893005,0.19200000166893005,0.19200000166893005,0.19200000166893005,0,0.0,0.0,0.0
2019-12-17 00:00:00+08:00,0.19200000166893005,0.19200000166893005,0.19200000166893005,0.19200000166893005,0,0.0,0.0,0.0
2019-12-18 00:00:00+08:00,0.19200000166893005,0.19200000166893005,0.19200000166893005,0.19200000166893005,0,0.0,0.0,0.0
2019-12-19 00:00:00+08:00,0.19200000166893005,0.19200000166893005,0.19200000166893005,0.19200000166893005,0,0.0,0.0,0.0
2019-12-20 00:00:00+08:00,0.19200000166893005,0.19200000166893005,0.19200000166893005,0.19200000166893005,0,0.0,0.0,0.0
2019-12-23 00:00:00+08:00,0.19200000166893005,0.19200000166893005,0.19200000166893005,0.19200000166893005,0,0.0,0.0,0.0
2019-12-24 00:00:00+08:00,0.19200000166893005,0.19200000166893005,0.19200000166893005,0.19200000166893005,0,0.0,0.0,0.0
2019-12-25 00:00:00+08:00,0.19200000166893005,0.19200000166893005,0.19200000166893005,0.19200000166893005,0,0.0,0.0,0.0
2019-12-26 00:00:00+08:00,0.19200000166893005,0.19200000166893005,0.19200000166893005,0.19200000166893005,0,0.0,0.0,0.0
2019-12-27 00:00:00+08:00,0.19200000166893005,0.19200000166893005,0.19200000166893005,0.19200000166893005,0,0.0,0.0,0.0
2019-12-30 00:00:00+08:00,0.19200000166893005,0.19200000166893005,0.19200000166893005,0.19200000166893005,0,0.0,0.0,0.0
2019-12-31 00:00:00+08:00,0.19200000166893005,0.19200000166893005,0.19200000166893005,0.19200000166893005,0,0.0,0.0,0.0
2020-01-02 00:00:00+08:00,0.19200000166893005,0.19200000166893005,0.19200000166893005,0.19200000166893005,0,0.0,0.0,0.0
2020-01-03 00:00:00+08:00,0.19200000166893005,0.19200000166893005,0.19200000166893005,0.19200000166893005,0,0.0,0.0,0.0
2020-01-06 00:00:00+08:00,0.19200000166893005,0.19200000166893005,0.19200000166893005,0.19200000166893005,0,0.0,0.0,0.0
2020-01-07 00:00:00+08:00,0.19200000166893005,0.19200000166893005,0.19200000166893005,0.19200000166893005,0,0.0,0.0,0.0
2020-01-08 00:00:00+08:00,0.19200000166893005,0.19200000166893005,0.19200000166893005,0.19200000166893005,0,0.0,0.0,0.0
2020-01-09 00:00:00+08:00,0.19200000166893005,0.19200000166893005,0.19200000166893005,0.19200000166893005,0,0.0,0.0,0.0
2020-01-10 00:00:00+08:00,0.19200000166893005,0.19200000166893005,0.19200000166893005,0.19200000166893005,0,0.0,0.0,0.0
2020-01-13 00:00:00+08:00,0.19200000166893005,0.19200000166893005,0.19200000166893005,0.19200000166893005,0,0.0,0.0,0.0
2020-01-14 00:00:00+08:00,0.19200000166893005,0.19200000166893005,0.19200000166893005,0.19200000166893005,0,0.0,0.0,0.0
2020-01-15 00:00:00+08:00,0.19200000166893005,0.19200000166893005,0.19200000166893005,0.19200000166893005,0,0.0,0.0,0.0
2020-01-16 00:00:00+08:00,0.19200000166893005,0.19200000166893005,0.19200000166893005,0.19200000166893005,0,0.0,0.0,0.0
2020-01-17 00:00:00+08:00,0.19200000166893005,0.19200000166893005,0.19200000166893005,0.19200000166893005,0,0.0,0.0,0.0
2020-01-20 00:00:00+08:00,0.19200000166893005,0.19200000166893005,0.19200000166893005,0.19200000166893005,0,0.0,0.0,0.0
2020-01-21 00:00:00+08:00,0.19200000166893005,0.19200000166893005,0.19200000166893005,0.19200000166893005,0,0.0,0.0,0.0
2020-01-22 00:00:00+08:00,0.19200000166893005,0.19200000166893005,0.19200000166893005,0.19200000166893005,0,0.0,0.0,0.0
2020-01-23 00:00:00+08:00,0.19200000166893005,0.19200000166893005,0.19200000166893005,0.19200000166893005,0,0.0,0.0,0.0
2020-01-24 00:00:00+08:00,0.19200000166893005,0.19200000166893005,0.19200000166893005,0.19200000166893005,0,0.0,0.0,0.0
2020-01-28 00:00:00+08:00,0.19200000166893005,0.19200000166893005,0.19200000166893005,0.19200000166893005,0,0.0,0.0,0.0
2020-01-29 00:00:00+08:00,0.19200000166893005,0.19200000166893005,0.19200000166893005,0.19200000166893005,0,0.0,0.0,0.0
2020-01-30 00:00:00+08:00,0.19200000166893005,0.19200000166893005,0.19200000166893005,0.19200000166893005,0,0.0,0.0,0.0
2020-01-31 00:00:00+08:00,0.19200000166893005,0.19200000166893005,0.19200000166893005,0.19200000166893005,0,0.0,0.0,0.0
2020-02-03 00:00:00+08:00,0.19200000166893005,0.19200000166893005,0.19200000166893005,0.19200000166893005,0,0.0,0.0,0.0
2020-02-04 00:00:00+08:00,0.19200000166893005,0.19200000166893005,0.19200000166893005,0.19200000166893005,0,0.0,0.0,0.0
2020-02-05 00:00:00+08:00,0.19200000166893005,0.19200000166893005,0.19200000166893005,0.19200000166893005,0,0.0,0.0,0.0
2020-02-06 00:00:00+08:00,0.19200000166893005,0.19200000166893005,0.19200000166893005,0.19200000166893005,0,0.0,0.0,0.0
2020-02-07 00:00:00+08:00,0.19200000166893005,0.19200000166893005,0.19200000166893005,0.19200000166893005,0,0.0,0.0,0.0
2020-02-10 00:00:00+08:00,0.19200000166893005,0.19200000166893005,0.19200000166893005,0.19200000166893005,0,0.0,0.0,0.0
2020-02-11 00:00:00+08:00,0.19200000166893005,0.19200000166893005,0.19200000166893005,0.19200000166893005,0,0.0,0.0,0.0
2020-02-12 00:00:00+08:00,0.19200000166893005,0.19200000166893005,0.19200000166893005,0.19200000166893005,0,0.0,0.0,0.0
2020-02-13 00:00:00+08:00,0.19200000166893005,0.19200000166893005,0.19200000166893005,0.19200000166893005,0,0.0,0.0,0.0
2020-02-14 00:00:00+08:00,0.19200000166893005,0.19200000166893005,0.19200000166893005,0.19200000166893005,0,0.0,0.0,0.0
2020-02-17 00:00:00+08:00,0.19200000166893005,0.19200000166893005,0.19200000166893005,0.19200000166893005,0,0.0,0.0,0.0
2020-02-18 00:00:00+08:00,0.19200000166893005,0.19200000166893005,0.19200000166893005,0.19200000166893005,0,0.0,0.0,0.0
2020-02-19 00:00:00+08:00,0.19200000166893005,0.19200000166893005,0.19200000166893005,0.19200000166893005,0,0.0,0.0,0.0
2020-02-20 00:00:00+08:00,0.19200000166893005,0.19200000166893005,0.19200000166893005,0.19200000166893005,0,0.0,0.0,0.0
2020-02-21 00:00:00+08:00,0.19200000166893005,0.19200000166893005,0.19200000166893005,0.19200000166893005,0,0.0,0.0,0.0
2020-02-24 00:00:00+08:00,0.19200000166893005,0.19200000166893005,0.19200000166893005,0.19200000166893005,0,0.0,0.0,0.0
2020-02-25 00:00:00+08:00,0.19200000166893005,0.19200000166893005,0.19200000166893005,0.19200000166893005,0,0.0,0.0,0.0
2020-02-26 00:00:00+08:00,0.19200000166893005,0.19200000166893005,0.19200000166893005,0.19200000166893005,0,0.0,0.0,0.0
2020-02-27 00:00:00+08:00,0.19200000166893005,0.19200000166893005,0.19200000166893005,0.19200000166893005,0,0.0,0.0,0.0
2020-02-28 00:00:00+08:00,0.19200000166893005,0.19200000166893005,0.19200000166893005,0.19200000166893005,0,0.0,0.0,0.0
2020-03-02 00:00:00+08:00,0.19200000166893005,0.19200000166893005,0.19200000166893005,0.19200000166893005,0,0.0,0.0,0.0
2020-03-03 00:00:00+08:00,0.19200000166893005,0.19200000166893005,0.19200000166893005,0.19200000166893005,0,0.0,0.0,0.0
2020-03-04 00:00:00+08:00,0.19200000166893005,0.19200000166893005,0.19200000166893005,0.19200000166893005,0,0.0,0.0,0.0
2020-03-05 00:00:00+08:00,0.19200000166893005,0.19200000166893005,0.19200000166893005,0.19200000166893005,0,0.0,0.0,0.0
2020-03-06 00:00:00+08:00,0.19200000166893005,0.19200000166893005,0.19200000166893005,0.19200000166893005,0,0.0,0.0,0.0
2020-03-09 00:00:00+08:00,0.19200000166893005,0.19200000166893005,0.19200000166893005,0.19200000166893005,0,0.0,0.0,0.0
2020-03-10 00:00:00+08:00,0.19200000166893005,0.19200000166893005,0.19200000166893005,0.19200000166893005,0,0.0,0.0,0.0
2020-03-11 00:00:00+08:00,0.19200000166893005,0.19200000166893005,0.19200000166893005,0.19200000166893005,0,0.0,0.0,0.0
2020-03-12 00:00:00+08:00,0.19200000166893005,0.19200000166893005,0.19200000166893005,0.19200000166893005,0,0.0,0.0,0.0
2020-03-13 00:00:00+08:00,0.19200000166893005,0.19200000166893005,0.19200000166893005,0.19200000166893005,0,0.0,0.0,0.0
2020-03-16 00:00:00+08:00,0.19200000166893005,0.19200000166893005,0.19200000166893005,0.19200000166893005,0,0.0,0.0,0.0
2020-03-17 00:00:00+08:00,0.19200000166893005,0.19200000166893005,0.19200000166893005,0.19200000166893005,0,0.0,0.0,0.0
2020-03-18 00:00:00+08:00,0.19200000166893005,0.19200000166893005,0.19200000166893005,0.19200000166893005,0,0.0,0.0,0.0
2020-03-19 00:00:00+08:00,0.19200000166893005,0.19200000166893005,0.19200000166893005,0.19200000166893005,0,0.0,0.0,0.0
2020-03-20 00:00:00+08:00,0.19200000166893005,0.19200000166893005,0.19200000166893005,0.19200000166893005,0,0.0,0.0,0.0
2020-03-23 00:00:00+08:00,0.19200000166893005,0.19200000166893005,0.19200000166893005,0.19200000166893005,0,0.0,0.0,0.0
2020-03-24 00:00:00+08:00,0.19200000166893005,0.19200000166893005,0.19200000166893005,0.19200000166893005,0,0.0,0.0,0.0
2020-03-25 00:00:00+08:00,0.19200000166893005,0.19200000166893005,0.19200000166893005,0.19200000166893005,0,0.0,0.0,0.0
2020-03-26 00:00:00+08:00,0.19200000166893005,0.19200000166893005,0.19200000166893005,0.19200000166893005,0,0.0,0.0,0.0
2020-03-27 00:00:00+08:00,0.19200000166893005,0.19200000166893005,0.19200000166893005,0.19200000166893005,0,0.0,0.0,0.0
2020-03-30 00:00:00+08:00,0.19200000166893005,0.19200000166893005,0.19200000166893005,0.19200000166893005,0,0.0,0.0,0.0
2020-03-31 00:00:00+08:00,0.19200000166893005,0.19200000166893005,0.19200000166893005,0.19200000166893005,0,0.0,0.0,0.0
2020-04-01 00:00:00+08:00,0.19200000166893005,0.19200000166893005,0.19200000166893005,0.19200000166893005,0,0.0,0.0,0.0
2020-04-02 00:00:00+08:00,0.19200000166893005,0.19200000166893005,0.19200000166893005,0.19200000166893005,0,0.0,0.0,0.0
2020-04-03 00:00:00+08:00,0.19200000166893005,0.19200000166893005,0.19200000166893005,0.19200000166893005,0,0.0,0.0,0.0
2020-04-06 00:00:00+08:00,0.19200000166893005,0.19200000166893005,0.19200000166893005,0.19200000166893005,0,0.0,0.0,0.0
2020-04-07 00:00:00+08:00,0.19200000166893005,0.19200000166893005,0.19200000166893005,0.19200000166893005,0,0.0,0.0,0.0
2020-04-08 00:00:00+08:00,0.19200000166893005,0.19200000166893005,0.19200000166893005,0.19200000166893005,0,0.0,0.0,0.0
2020-04-09 00:00:00+08:00,0.19200000166893005,0.19200000166893005,0.19200000166893005,0.19200000166893005,0,0.0,0.0,0.0
2020-04-13 00:00:00+08:00,0.19200000166893005,0.19200000166893005,0.19200000166893005,0.19200000166893005,0,0.0,0.0,0.0
2020-04-14 00:00:00+08:00,0.19200000166893005,0.19200000166893005,0.19200000166893005,0.19200000166893005,0,0.0,0.0,0.0
2020-04-15 00:00:00+08:00,0.19200000166893005,0.19200000166893005,0.19200000166893005,0.19200000166893005,0,0.0,0.0,0.0
2020-04-16 00:00:00+08:00,0.19200000166893005,0.19200000166893005,0.19200000166893005,0.19200000166893005,0,0.0,0.0,0.0
2020-04-17 00:00:00+08:00,0.19200000166893005,0.19200000166893005,0.19200000166893005,0.19200000166893005,0,0.0,0.0,0.0
2020-04-20 00:00:00+08:00,0.19200000166893005,0.19200000166893005,0.19200000166893005,0.19200000166893005,0,0.0,0.0,0.0
2020-04-21 00:00:00+08:00,0.19200000166893005,0.19200000166893005,0.19200000166893005,0.19200000166893005,0,0.0,0.0,0.0
2020-04-22 00:00:00+08:00,0.19200000166893005,0.19200000166893005,0.19200000166893005,0.19200000166893005,0,0.0,0.0,0.0
2020-04-23 00:00:00+08:00,0.19200000166893005,0.19200000166893005,0.19200000166893005,0.19200000166893005,0,0.0,0.0,0.0
2020-04-24 00:00:00+08:00,0.19200000166893005,0.19200000166893005,0.19200000166893005,0.19200000166893005,0,0.0,0.0,0.0
2020-04-27 00:00:00+08:00,0.19200000166893005,0.19200000166893005,0.19200000166893005,0.19200000166893005,0,0.0,0.0,0.0
2020-04-28 00:00:00+08:00,0.19200000166893005,0.19200000166893005,0.19200000166893005,0.19200000166893005,0,0.0,0.0,0.0
2020-04-29 00:00:00+08:00,0.19200000166893005,0.19200000166893005,0.19200000166893005,0.19200000166893005,0,0.0,0.0,0.0
2020-04-30 00:00:00+08:00,0.19200000166893005,0.19200000166893005,0.19200000166893005,0.19200000166893005,0,0.0,0.0,0.0
2020-05-04 00:00:00+08:00,0.19200000166893005,0.19200000166893005,0.19200000166893005,0.19200000166893005,0,0.0,0.0,0.0
2020-05-05 00:00:00+08:00,0.19200000166893005,0.19200000166893005,0.19200000166893005,0.19200000166893005,0,0.0,0.0,0.0
2020-05-06 00:00:00+08:00,0.19200000166893005,0.19200000166893005,0.19200000166893005,0.19200000166893005,0,0.0,0.0,0.0
2020-05-08 00:00:00+08:00,0.19200000166893005,0.19200000166893005,0.19200000166893005,0.19200000166893005,0,0.0,0.0,0.0
2020-05-11 00:00:00+08:00,0.19200000166893005,0.19200000166893005,0.19200000166893005,0.19200000166893005,0,0.0,0.0,0.0
2020-05-12 00:00:00+08:00,0.19200000166893005,0.19200000166893005,0.19200000166893005,0.19200000166893005,0,0.0,0.0,0.0
2020-05-13 00:00:00+08:00,0.19200000166893005,0.19200000166893005,0.19200000166893005,0.19200000166893005,0,0.0,0.0,0.0
2020-05-14 00:00:00+08:00,0.19200000166893005,0.19200000166893005,0.19200000166893005,0.19200000166893005,0,0.0,0.0,0.0
2020-05-15 00:00:00+08:00,0.19200000166893005,0.19200000166893005,0.19200000166893005,0.19200000166893005,0,0.0,0.0,0.0
2020-05-18 00:00:00+08:00,0.19200000166893005,0.19200000166893005,0.19200000166893005,0.19200000166893005,0,0.0,0.0,0.0
2020-05-19 00:00:00+08:00,0.19200000166893005,0.19200000166893005,0.19200000166893005,0.19200000166893005,0,0.0,0.0,0.0
2020-05-20 00:00:00+08:00,0.19200000166893005,0.19200000166893005,0.19200000166893005,0.19200000166893005,0,0.0,0.0,0.0
2020-05-21 00:00:00+08:00,0.19200000166893005,0.19200000166893005,0.19200000166893005,0.19200000166893005,0,0.0,0.0,0.0
2020-05-22 00:00:00+08:00,0.19200000166893005,0.19200000166893005,0.19200000166893005,0.19200000166893005,0,0.0,0.0,0.0
2020-05-26 00:00:00+08:00,0.19200000166893005,0.19200000166893005,0.19200000166893005,0.19200000166893005,0,0.0,0.0,0.0
2020-05-27 00:00:00+08:00,0.19200000166893005,0.19200000166893005,0.19200000166893005,0.19200000166893005,0,0.0,0.0,0.0
2020-05-28 00:00:00+08:00,0.19200000166893005,0.19200000166893005,0.19200000166893005,0.19200000166893005,0,0.0,0.0,0.0
2020-05-29 00:00:00+08:00,0.19200000166893005,0.19200000166893005,0.19200000166893005,0.19200000166893005,0,0.0,0.0,0.0
2020-06-01 00:00:00+08:00,0.19200000166893005,0.19200000166893005,0.19200000166893005,0.19200000166893005,0,0.0,0.0,0.0
2020-06-02 00:00:00+08:00,0.19200000166893005,0.19200000166893005,0.19200000166893005,0.19200000166893005,0,0.0,0.0,0.0
2020-06-03 00:00:00+08:00,0.19200000166893005,0.19200000166893005,0.19200000166893005,0.19200000166893005,0,0.0,0.0,0.0
2020-06-04 00:00:00+08:00,0.19200000166893005,0.19200000166893005,0.19200000166893005,0.19200000166893005,0,0.0,0.0,0.0
2020-06-05 00:00:00+08:00,0.19200000166893005,0.19200000166893005,0.19200000166893005,0.19200000166893005,0,0.0,0.0,0.0
2020-06-08 00:00:00+08:00,0.19200000166893005,0.19200000166893005,0.19200000166893005,0.19200000166893005,0,0.0,0.0,0.0
2020-06-09 00:00:00+08:00,0.19200000166893005,0.19200000166893005,0.19200000166893005,0.19200000166893005,0,0.0,0.0,0.0
2020-06-10 00:00:00+08:00,0.19200000166893005,0.19200000166893005,0.19200000166893005,0.19200000166893005,0,0.0,0.0,0.0
2020-06-11 00:00:00+08:00,0.19200000166893005,0.19200000166893005,0.19200000166893005,0.19200000166893005,0,0.0,0.0,0.0
2020-06-12 00:00:00+08:00,0.19200000166893005,0.19200000166893005,0.19200000166893005,0.19200000166893005,0,0.0,0.0,0.0
2020-06-15 00:00:00+08:00,0.19200000166893005,0.19200000166893005,0.19200000166893005,0.19200000166893005,0,0.0,0.0,0.0
2020-06-16 00:00:00+08:00,0.19200000166893005,0.19200000166893005,0.19200000166893005,0.19200000166893005,0,0.0,0.0,0.0
2020-06-17 00:00:00+08:00,0.19200000166893005,0.19200000166893005,0.19200000166893005,0.19200000166893005,0,0.0,0.0,0.0
2020-06-18 00:00:00+08:00,0.19200000166893005,0.19200000166893005,0.19200000166893005,0.19200000166893005,0,0.0,0.0,0.0
2020-06-19 00:00:00+08:00,0.19200000166893005,0.19200000166893005,0.19200000166893005,0.19200000166893005,0,0.0,0.0,0.0
2020-06-22 00:00:00+08:00,0.19200000166893005,0.19200000166893005,0.19200000166893005,0.19200000166893005,0,0.0,0.0,0.0
2020-06-23 00:00:00+08:00,0.19200000166893005,0.19200000166893005,0.19200000166893005,0.19200000166893005,0,0.0,0.0,0.0
2020-06-24 00:00:00+08:00,0.19200000166893005,0.19200000166893005,0.19200000166893005,0.19200000166893005,0,0.0,0.0,0.0
2020-06-25 00:00:00+08:00,0.19200000166893005,0.19200000166893005,0.19200000166893005,0.19200000166893005,0,0.0,0.0,0.0
2020-06-26 00:00:00+08:00,0.19200000166893005,0.19200000166893005,0.19200000166893005,0.19200000166893005,0,0.0,0.0,0.0
2020-06-29 00:00:00+08:00,0.19200000166893005,0.19200000166893005,0.19200000166893005,0.19200000166893005,0,0.0,0.0,0.0
2020-06-30 00:00:00+08:00,0.19200000166893005,0.19200000166893005,0.19200000166893005,0.19200000166893005,0,0.0,0.0,0.0
2020-07-01 00:00:00+08:00,0.19200000166893005,0.19200000166893005,0.19200000166893005,0.19200000166893005,0,0.0,0.0,0.0
2020-07-02 00:00:00+08:00,0.19200000166893005,0.19200000166893005,0.19200000166893005,0.19200000166893005,0,0.0,0.0,0.0
2020-07-03 00:00:00+08:00,0.19200000166893005,0.19200000166893005,0.19200000166893005,0.19200000166893005,0,0.0,0.0,0.0
2020-07-06 00:00:00+08:00,0.19200000166893005,0.19200000166893005,0.19200000166893005,0.19200000166893005,0,0.0,0.0,0.0
2020-07-07 00:00:00+08:00,0.19200000166893005,0.19200000166893005,0.19200000166893005,0.19200000166893005,0,0.0,0.0,0.0
2020-07-08 00:00:00+08:00,0.19200000166893005,0.19200000166893005,0.19200000166893005,0.19200000166893005,0,0.0,0.0,0.0
2020-07-09 00:00:00+08:00,0.19200000166893005,0.19200000166893005,0.19200000166893005,0.19200000166893005,0,0.0,0.0,0.0
2020-07-13 00:00:00+08:00,0.19200000166893005,0.19200000166893005,0.19200000166893005,0.19200000166893005,0,0.0,0.0,0.0
2020-07-14 00:00:00+08:00,0.19200000166893005,0.19200000166893005,0.19200000166893005,0.19200000166893005,0,0.0,0.0,0.0
2020-07-15 00:00:00+08:00,0.19200000166893005,0.19200000166893005,0.19200000166893005,0.19200000166893005,0,0.0,0.0,0.0
2020-07-16 00:00:00+08:00,0.19200000166893005,0.19200000166893005,0.19200000166893005,0.19200000166893005,0,0.0,0.0,0.0
2020-07-17 00:00:00+08:00,0.19200000166893005,0.19200000166893005,0.19200000166893005,0.19200000166893005,0,0.0,0.0,0.0
2020-07-20 00:00:00+08:00,0.19200000166893005,0.19200000166893005,0.19200000166893005,0.19200000166893005,0,0.0,0.0,0.0
2020-07-21 00:00:00+08:00,0.19200000166893005,0.19200000166893005,0.19200000166893005,0.19200000166893005,0,0.0,0.0,0.0
2020-07-22 00:00:00+08:00,0.19200000166893005,0.19200000166893005,0.19200000166893005,0.19200000166893005,0,0.0,0.0,0.0
2020-07-23 00:00:00+08:00,0.19200000166893005,0.19200000166893005,0.19200000166893005,0.19200000166893005,0,0.0,0.0,0.0
2020-07-24 00:00:00+08:00,0.19200000166893005,0.19200000166893005,0.19200000166893005,0.19200000166893005,0,0.0,0.0,0.0
2020-07-27 00:00:00+08:00,0.19200000166893005,0.19200000166893005,0.19200000166893005,0.19200000166893005,0,0.0,0.0,0.0
2020-07-28 00:00:00+08:00,0.19200000166893005,0.19200000166893005,0.19200000166893005,0.19200000166893005,0,0.0,0.0,0.0
2020-07-29 00:00:00+08:00,0.19200000166893005,0.19200000166893005,0.19200000166893005,0.19200000166893005,0,0.0,0.0,0.0
2020-07-30 00:00:00+08:00,0.19200000166893005,0.19200000166893005,0.19200000166893005,0.19200000166893005,0,0.0,0.0,0.0
2020-08-03 00:00:00+08:00,0.19200000166893005,0.19200000166893005,0.19200000166893005,0.19200000166893005,0,0.0,0.0,0.0
2020-08-04 00:00:00+08:00,0.19200000166893005,0.19200000166893005,0.19200000166893005,0.19200000166893005,0,0.0,0.0,0.0
2020-08-05 00:00:00+08:00,0.19200000166893005,0.19200000166893005,0.19200000166893005,0.19200000166893005,0,0.0,0.0,0.0
2020-08-06 00:00:00+08:00,0.19200000166893005,0.19200000166893005,0.19200000166893005,0.19200000166893005,0,0.0,0.0,0.0
2020-08-07 00:00:00+08:00,0.19200000166893005,0.19200000166893005,0.19200000166893005,0.19200000166893005,0,0.0,0.0,0.0
2020-08-11 00:00:00+08:00,0.19200000166893005,0.19200000166893005,0.19200000166893005,0.19200000166893005,0,0.0,0.0,0.0
2020-08-12 00:00:00+08:00,0.19200000166893005,0.19200000166893005,0.19200000166893005,0.19200000166893005,0,0.0,0.0,0.0
2020-08-13 00:00:00+08:00,0.19200000166893005,0.19200000166893005,0.19200000166893005,0.19200000166893005,0,0.0,0.0,0.0
2020-08-14 00:00:00+08:00,0.19200000166893005,0.19200000166893005,0.19200000166893005,0.19200000166893005,0,0.0,0.0,0.0
2020-08-17 00:00:00+08:00,0.19200000166893005,0.19200000166893005,0.19200000166893005,0.19200000166893005,0,0.0,0.0,0.0
2020-08-18 00:00:00+08:00,0.19200000166893005,0.19200000166893005,0.19200000166893005,0.19200000166893005,0,0.0,0.0,0.0
2020-08-19 00:00:00+08:00,0.19200000166893005,0.19200000166893005,0.19200000166893005,0.19200000166893005,0,0.0,0.0,0.0
2020-08-20 00:00:00+08:00,0.19200000166893005,0.19200000166893005,0.19200000166893005,0.19200000166893005,0,0.0,0.0,0.0
2020-08-21 00:00:00+08:00,0.19200000166893005,0.19200000166893005,0.19200000166893005,0.19200000166893005,0,0.0,0.0,0.0
2020-08-24 00:00:00+08:00,0.19200000166893005,0.19200000166893005,0.19200000166893005,0.19200000166893005,0,0.0,0.0,0.0
2020-08-25 00:00:00+08:00,0.19200000166893005,0.19200000166893005,0.19200000166893005,0.19200000166893005,0,0.0,0.0,0.0
2020-08-26 00:00:00+08:00,0.19200000166893005,0.19200000166893005,0.19200000166893005,0.19200000166893005,0,0.0,0.0,0.0
2020-08-27 00:00:00+08:00,0.19200000166893005,0.19200000166893005,0.19200000166893005,0.19200000166893005,0,0.0,0.0,0.0
2020-08-28 00:00:00+08:00,0.19200000166893005,0.19200000166893005,0.19200000166893005,0.19200000166893005,0,0.0,0.0,0.0
2020-08-31 00:00:00+08:00,0.19200000166893005,0.19200000166893005,0.19200000166893005,0.19200000166893005,0,0.0,0.0,0.0
2020-09-01 00:00:00+08:00,0.19200000166893005,0.19200000166893005,0.19200000166893005,0.19200000166893005,0,0.0,0.0,0.0
2020-09-02 00:00:00+08:00,0.19200000166893005,0.19200000166893005,0.19200000166893005,0.19200000166893005,0,0.0,0.0,0.0
2020-09-03 00:00:00+08:00,0.19200000166893005,0.19200000166893005,0.19200000166893005,0.19200000166893005,0,0.0,0.0,0.0
2020-09-04 00:00:00+08:00,0.19200000166893005,0.19200000166893005,0.19200000166893005,0.19200000166893005,0,0.0,0.0,0.0
2020-09-07 00:00:00+08:00,0.19200000166893005,0.19200000166893005,0.19200000166893005,0.19200000166893005,0,0.0,0.0,0.0
2020-09-08 00:00:00+08:00,0.19200000166893005,0.19200000166893005,0.19200000166893005,0.19200000166893005,0,0.0,0.0,0.0
2020-09-09 00:00:00+08:00,0.19200000166893005,0.19200000166893005,0.19200000166893005,0.19200000166893005,0,0.0,0.0,0.0
2020-09-10 00:00:00+08:00,0.19200000166893005,0.19200000166893005,0.19200000166893005,0.19200000166893005,0,0.0,0.0,0.0
2020-09-11 00:00:00+08:00,0.19200000166893005,0.19200000166893005,0.19200000166893005,0.19200000166893005,0,0.0,0.0,0.0
2020-09-14 00:00:00+08:00,0.19200000166893005,0.19200000166893005,0.19200000166893005,0.19200000166893005,0,0.0,0.0,0.0
2020-09-15 00:00:00+08:00,0.19200000166893005,0.19200000166893005,0.19200000166893005,0.19200000166893005,0,0.0,0.0,0.0
2020-09-16 00:00:00+08:00,0.19200000166893005,0.19200000166893005,0.19200000166893005,0.19200000166893005,0,0.0,0.0,0.0
2020-09-17 00:00:00+08:00,0.19200000166893005,0.19200000166893005,0.19200000166893005,0.19200000166893005,0,0.0,0.0,0.0
2020-09-18 00:00:00+08:00,0.19200000166893005,0.19200000166893005,0.19200000166893005,0.19200000166893005,0,0.0,0.0,0.0
2020-09-21 00:00:00+08:00,0.19200000166893005,0.19200000166893005,0.19200000166893005,0.19200000166893005,0,0.0,0.0,0.0
2020-09-22 00:00:00+08:00,0.19200000166893005,0.19200000166893005,0.19200000166893005,0.19200000166893005,0,0.0,0.0,0.0
2020-09-23 00:00:00+08:00,0.19200000166893005,0.19200000166893005,0.19200000166893005,0.19200000166893005,0,0.0,0.0,0.0
2020-09-24 00:00:00+08:00,0.19200000166893005,0.19200000166893005,0.19200000166893005,0.19200000166893005,0,0.0,0.0,0.0
2020-09-25 00:00:00+08:00,0.19200000166893005,0.19200000166893005,0.19200000166893005,0.19200000166893005,0,0.0,0.0,0.0
2020-09-28 00:00:00+08:00,0.19200000166893005,0.19200000166893005,0.19200000166893005,0.19200000166893005,0,0.0,0.0,0.0
2020-09-29 00:00:00+08:00,0.19200000166893005,0.19200000166893005,0.19200000166893005,0.19200000166893005,0,0.0,0.0,0.0
2020-09-30 00:00:00+08:00,0.19200000166893005,0.19200000166893005,0.19200000166893005,0.19200000166893005,0,0.0,0.0,0.0
2020-10-01 00:00:00+08:00,0.19200000166893005,0.19200000166893005,0.19200000166893005,0.19200000166893005,0,0.0,0.0,0.0
2020-10-02 00:00:00+08:00,0.19200000166893005,0.19200000166893005,0.19200000166893005,0.19200000166893005,0,0.0,0.0,0.0
2020-10-05 00:00:00+08:00,0.19200000166893005,0.19200000166893005,0.19200000166893005,0.19200000166893005,0,0.0,0.0,0.0
2020-10-06 00:00:00+08:00,0.19200000166893005,0.19200000166893005,0.19200000166893005,0.19200000166893005,0,0.0,0.0,0.0
2020-10-07 00:00:00+08:00,0.19200000166893005,0.19200000166893005,0.19200000166893005,0.19200000166893005,0,0.0,0.0,0.0
2020-10-08 00:00:00+08:00,0.19200000166893005,0.19200000166893005,0.19200000166893005,0.19200000166893005,0,0.0,0.0,0.0
2020-10-09 00:00:00+08:00,0.19200000166893005,0.19200000166893005,0.19200000166893005,0.19200000166893005,0,0.0,0.0,0.0
2020-10-12 00:00:00+08:00,0.19200000166893005,0.19200000166893005,0.19200000166893005,0.19200000166893005,0,0.0,0.0,0.0
2020-10-13 00:00:00+08:00,0.19200000166893005,0.19200000166893005,0.19200000166893005,0.19200000166893005,0,0.0,0.0,0.0
2020-10-14 00:00:00+08:00,0.19200000166893005,0.19200000166893005,0.19200000166893005,0.19200000166893005,0,0.0,0.0,0.0
2020-10-15 00:00:00+08:00,0.19200000166893005,0.19200000166893005,0.19200000166893005,0.19200000166893005,0,0.0,0.0,0.0
2020-10-16 00:00:00+08:00,0.19200000166893005,0.19200000166893005,0.19200000166893005,0.19200000166893005,0,0.0,0.0,0.0
2020-10-19 00:00:00+08:00,0.19200000166893005,0.19200000166893005,0.19200000166893005,0.19200000166893005,0,0.0,0.0,0.0
2020-10-20 00:00:00+08:00,0.19200000166893005,0.19200000166893005,0.19200000166893005,0.19200000166893005,0,0.0,0.0,0.0
2020-10-21 00:00:00+08:00,0.19200000166893005,0.19200000166893005,0.19200000166893005,0.19200000166893005,0,0.0,0.0,0.0
2020-10-22 00:00:00+08:00,0.19200000166893005,0.19200000166893005,0.19200000166893005,0.19200000166893005,0,0.0,0.0,0.0
2020-10-23 00:00:00+08:00,0.19200000166893005,0.19200000166893005,0.19200000166893005,0.19200000166893005,0,0.0,0.0,0.0
2020-10-26 00:00:00+08:00,0.19200000166893005,0.19200000166893005,0.19200000166893005,0.19200000166893005,0,0.0,0.0,0.0
2020-10-27 00:00:00+08:00,0.19200000166893005,0.19200000166893005,0.19200000166893005,0.19200000166893005,0,0.0,0.0,0.0
2020-10-28 00:00:00+08:00,0.19200000166893005,0.19200000166893005,0.19200000166893005,0.19200000166893005,0,0.0,0.0,0.0
2020-10-29 00:00:00+08:00,0.19200000166893005,0.19200000166893005,0.19200000166893005,0.19200000166893005,0,0.0,0.0,0.0
2020-10-30 00:00:00+08:00,0.19200000166893005,0.19200000166893005,0.19200000166893005,0.19200000166893005,0,0.0,0.0,0.0
2020-11-02 00:00:00+08:00,0.19200000166893005,0.19200000166893005,0.19200000166893005,0.19200000166893005,0,0.0,0.0,0.0
2020-11-03 00:00:00+08:00,0.19200000166893005,0.19200000166893005,0.19200000166893005,0.19200000166893005,0,0.0,0.0,0.0
2020-11-04 00:00:00+08:00,0.19200000166893005,0.19200000166893005,0.19200000166893005,0.19200000166893005,0,0.0,0.0,0.0
2020-11-05 00:00:00+08:00,0.19200000166893005,0.19200000166893005,0.19200000166893005,0.19200000166893005,0,0.0,0.0,0.0
2020-11-06 00:00:00+08:00,0.19200000166893005,0.19200000166893005,0.19200000166893005,0.19200000166893005,0,0.0,0.0,0.0
2020-11-09 00:00:00+08:00,0.19200000166893005,0.19200000166893005,0.19200000166893005,0.19200000166893005,0,0.0,0.0,0.0
2020-11-10 00:00:00+08:00,0.19200000166893005,0.19200000166893005,0.19200000166893005,0.19200000166893005,0,0.0,0.0,0.0
2020-11-11 00:00:00+08:00,0.19200000166893005,0.19200000166893005,0.19200000166893005,0.19200000166893005,0,0.0,0.0,0.0
2020-11-12 00:00:00+08:00,0.19200000166893005,0.19200000166893005,0.19200000166893005,0.19200000166893005,0,0.0,0.0,0.0
2020-11-13 00:00:00+08:00,0.19200000166893005,0.19200000166893005,0.19200000166893005,0.19200000166893005,0,0.0,0.0,0.0
2020-11-16 00:00:00+08:00,0.19200000166893005,0.19200000166893005,0.19200000166893005,0.19200000166893005,0,0.0,0.0,0.0
2020-11-17 00:00:00+08:00,0.19200000166893005,0.19200000166893005,0.19200000166893005,0.19200000166893005,0,0.0,0.0,0.0
2020-11-18 00:00:00+08:00,0.19200000166893005,0.19200000166893005,0.19200000166893005,0.19200000166893005,0,0.0,0.0,0.0
2020-11-19 00:00:00+08:00,0.19200000166893005,0.19200000166893005,0.19200000166893005,0.19200000166893005,0,0.0,0.0,0.0
2020-11-20 00:00:00+08:00,0.19200000166893005,0.19200000166893005,0.19200000166893005,0.19200000166893005,0,0.0,0.0,0.0
2020-11-23 00:00:00+08:00,0.19200000166893005,0.19200000166893005,0.19200000166893005,0.19200000166893005,0,0.0,0.0,0.0
2020-11-24 00:00:00+08:00,0.19200000166893005,0.19200000166893005,0.19200000166893005,0.19200000166893005,0,0.0,0.0,0.0
2020-11-25 00:00:00+08:00,0.19200000166893005,0.19200000166893005,0.19200000166893005,0.19200000166893005,0,0.0,0.0,0.0
2020-11-26 00:00:00+08:00,0.19200000166893005,0.19200000166893005,0.19200000166893005,0.19200000166893005,0,0.0,0.0,0.0
2020-11-27 00:00:00+08:00,0.19200000166893005,0.19200000166893005,0.19200000166893005,0.19200000166893005,0,0.0,0.0,0.0
2020-11-30 00:00:00+08:00,0.19200000166893005,0.19200000166893005,0.19200000166893005,0.19200000166893005,0,0.0,0.0,0.0
2020-12-01 00:00:00+08:00,0.19200000166893005,0.19200000166893005,0.19200000166893005,0.19200000166893005,0,0.0,0.0,0.0
2020-12-02 00:00:00+08:00,0.19200000166893005,0.19200000166893005,0.19200000166893005,0.19200000166893005,0,0.0,0.0,0.0
2020-12-03 00:00:00+08:00,0.19200000166893005,0.19200000166893005,0.19200000166893005,0.19200000166893005,0,0.0,0.0,0.0
2020-12-04 00:00:00+08:00,0.19200000166893005,0.19200000166893005,0.19200000166893005,0.19200000166893005,0,0.0,0.0,0.0
2020-12-07 00:00:00+08:00,0.19200000166893005,0.19200000166893005,0.19200000166893005,0.19200000166893005,0,0.0,0.0,0.0
2020-12-08 00:00:00+08:00,0.19200000166893005,0.19200000166893005,0.19200000166893005,0.19200000166893005,0,0.0,0.0,0.0
2020-12-09 00:00:00+08:00,0.19200000166893005,0.19200000166893005,0.19200000166893005,0.19200000166893005,0,0.0,0.0,0.0
2020-12-10 00:00:00+08:00,0.19200000166893005,0.19200000166893005,0.19200000166893005,0.19200000166893005,0,0.0,0.0,0.0
2020-12-11 00:00:00+08:00,0.19200000166893005,0.19200000166893005,0.19200000166893005,0.19200000166893005,0,0.0,0.0,0.0
2020-12-14 00:00:00+08:00,0.19200000166893005,0.19200000166893005,0.19200000166893005,0.19200000166893005,0,0.0,0.0,0.0
2020-12-15 00:00:00+08:00,0.19200000166893005,0.19200000166893005,0.19200000166893005,0.19200000166893005,0,0.0,0.0,0.0
2020-12-16 00:00:00+08:00,0.19200000166893005,0.19200000166893005,0.19200000166893005,0.19200000166893005,0,0.0,0.0,0.0
2020-12-17 00:00:00+08:00,0.19200000166893005,0.19200000166893005,0.19200000166893005,0.19200000166893005,0,0.0,0.0,0.0
2020-12-18 00:00:00+08:00,0.19200000166893005,0.19200000166893005,0.19200000166893005,0.19200000166893005,0,0.0,0.0,0.0
2020-12-21 00:00:00+08:00,0.19200000166893005,0.19200000166893005,0.19200000166893005,0.19200000166893005,0,0.0,0.0,0.0
2020-12-22 00:00:00+08:00,0.19200000166893005,0.19200000166893005,0.19200000166893005,0.19200000166893005,0,0.0,0.0,0.0
2020-12-23 00:00:00+08:00,0.19200000166893005,0.19200000166893005,0.19200000166893005,0.19200000166893005,0,0.0,0.0,0.0
2020-12-24 00:00:00+08:00,0.19200000166893005,0.19200000166893005,0.19200000166893005,0.19200000166893005,0,0.0,0.0,0.0
2020-12-28 00:00:00+08:00,0.19200000166893005,0.19200000166893005,0.19200000166893005,0.19200000166893005,0,0.0,0.0,0.0
2020-12-29 00:00:00+08:00,0.19200000166893005,0.19200000166893005,0.19200000166893005,0.19200000166893005,0,0.0,0.0,0.0
2020-12-30 00:00:00+08:00,0.19200000166893005,0.19200000166893005,0.19200000166893005,0.19200000166893005,0,0.0,0.0,0.0
2020-12-31 00:00:00+08:00,0.19200000166893005,0.19200000166893005,0.19200000166893005,0.19200000166893005,0,0.0,0.0,0.0
2021-01-04 00:00:00+08:00,0.19200000166893005,0.19200000166893005,0.19200000166893005,0.19200000166893005,0,0.0,0.0,0.0
2021-01-05 00:00:00+08:00,0.19200000166893005,0.19200000166893005,0.19200000166893005,0.19200000166893005,0,0.0,0.0,0.0
2021-01-06 00:00:00+08:00,0.19200000166893005,0.19200000166893005,0.19200000166893005,0.19200000166893005,0,0.0,0.0,0.0
2021-01-07 00:00:00+08:00,0.19200000166893005,0.19200000166893005,0.19200000166893005,0.19200000166893005,0,0.0,0.0,0.0
2021-01-08 00:00:00+08:00,0.19200000166893005,0.19200000166893005,0.19200000166893005,0.19200000166893005,0,0.0,0.0,0.0
2021-01-11 00:00:00+08:00,0.19200000166893005,0.19200000166893005,0.19200000166893005,0.19200000166893005,0,0.0,0.0,0.0
2021-01-12 00:00:00+08:00,0.19200000166893005,0.19200000166893005,0.19200000166893005,0.19200000166893005,0,0.0,0.0,0.0
2021-01-13 00:00:00+08:00,0.19200000166893005,0.19200000166893005,0.19200000166893005,0.19200000166893005,0,0.0,0.0,0.0
2021-01-14 00:00:00+08:00,0.19200000166893005,0.19200000166893005,0.19200000166893005,0.19200000166893005,0,0.0,0.0,0.0
2021-01-15 00:00:00+08:00,0.19200000166893005,0.19200000166893005,0.19200000166893005,0.19200000166893005,0,0.0,0.0,0.0
2021-01-18 00:00:00+08:00,0.19200000166893005,0.19200000166893005,0.19200000166893005,0.19200000166893005,0,0.0,0.0,0.0
2021-01-19 00:00:00+08:00,0.19200000166893005,0.19200000166893005,0.19200000166893005,0.19200000166893005,0,0.0,0.0,0.0
2021-01-20 00:00:00+08:00,0.19200000166893005,0.19200000166893005,0.19200000166893005,0.19200000166893005,0,0.0,0.0,0.0
2021-01-21 00:00:00+08:00,0.19200000166893005,0.19200000166893005,0.19200000166893005,0.19200000166893005,0,0.0,0.0,0.0
2021-01-22 00:00:00+08:00,0.19200000166893005,0.19200000166893005,0.19200000166893005,0.19200000166893005,0,0.0,0.0,0.0
2021-01-25 00:00:00+08:00,0.19200000166893005,0.19200000166893005,0.19200000166893005,0.19200000166893005,0,0.0,0.0,0.0
2021-01-26 00:00:00+08:00,0.19200000166893005,0.19200000166893005,0.19200000166893005,0.19200000166893005,0,0.0,0.0,0.0
2021-01-27 00:00:00+08:00,0.19200000166893005,0.19200000166893005,0.19200000166893005,0.19200000166893005,0,0.0,0.0,0.0
2021-01-28 00:00:00+08:00,0.19200000166893005,0.19200000166893005,0.19200000166893005,0.19200000166893005,0,0.0,0.0,0.0
2021-01-29 00:00:00+08:00,0.19200000166893005,0.19200000166893005,0.19200000166893005,0.19200000166893005,0,0.0,0.0,0.0
2021-02-01 00:00:00+08:00,0.19200000166893005,0.19200000166893005,0.19200000166893005,0.19200000166893005,0,0.0,0.0,0.0
2021-02-02 00:00:00+08:00,0.19200000166893005,0.19200000166893005,0.19200000166893005,0.19200000166893005,0,0.0,0.0,0.0
2021-02-03 00:00:00+08:00,0.19200000166893005,0.19200000166893005,0.19200000166893005,0.19200000166893005,0,0.0,0.0,0.0
2021-02-04 00:00:00+08:00,0.19200000166893005,0.19200000166893005,0.19200000166893005,0.19200000166893005,0,0.0,0.0,0.0
2021-02-05 00:00:00+08:00,0.19200000166893005,0.19200000166893005,0.19200000166893005,0.19200000166893005,0,0.0,0.0,0.0
2021-02-08 00:00:00+08:00,0.19200000166893005,0.19200000166893005,0.19200000166893005,0.19200000166893005,0,0.0,0.0,0.0
2021-02-09 00:00:00+08:00,0.19200000166893005,0.19200000166893005,0.19200000166893005,0.19200000166893005,0,0.0,0.0,0.0
2021-02-10 00:00:00+08:00,0.19200000166893005,0.19200000166893005,0.19200000166893005,0.19200000166893005,0,0.0,0.0,0.0
2021-02-11 00:00:00+08:00,0.19200000166893005,0.19200000166893005,0.19200000166893005,0.19200000166893005,0,0.0,0.0,0.0
2021-02-15 00:00:00+08:00,0.19200000166893005,0.19200000166893005,0.19200000166893005,0.19200000166893005,0,0.0,0.0,0.0
2021-02-16 00:00:00+08:00,0.19200000166893005,0.19200000166893005,0.19200000166893005,0.19200000166893005,0,0.0,0.0,0.0
2021-02-17 00:00:00+08:00,0.19200000166893005,0.19200000166893005,0.19200000166893005,0.19200000166893005,0,0.0,0.0,0.0
2021-02-18 00:00:00+08:00,0.19200000166893005,0.19200000166893005,0.19200000166893005,0.19200000166893005,0,0.0,0.0,0.0
2021-02-19 00:00:00+08:00,0.19200000166893005,0.19200000166893005,0.19200000166893005,0.19200000166893005,0,0.0,0.0,0.0
2021-02-22 00:00:00+08:00,0.19200000166893005,0.19200000166893005,0.19200000166893005,0.19200000166893005,0,0.0,0.0,0.0
2021-02-23 00:00:00+08:00,0.19200000166893005,0.19200000166893005,0.19200000166893005,0.19200000166893005,0,0.0,0.0,0.0
2021-02-24 00:00:00+08:00,0.19200000166893005,0.19200000166893005,0.19200000166893005,0.19200000166893005,0,0.0,0.0,0.0
2021-02-25 00:00:00+08:00,0.19200000166893005,0.19200000166893005,0.19200000166893005,0.19200000166893005,0,0.0,0.0,0.0
2021-02-26 00:00:00+08:00,0.19200000166893005,0.19200000166893005,0.19200000166893005,0.19200000166893005,0,0.0,0.0,0.0
2021-03-01 00:00:00+08:00,0.19200000166893005,0.19200000166893005,0.19200000166893005,0.19200000166893005,0,0.0,0.0,0.0
2021-03-02 00:00:00+08:00,0.19200000166893005,0.19200000166893005,0.19200000166893005,0.19200000166893005,0,0.0,0.0,0.0
2021-03-03 00:00:00+08:00,0.19200000166893005,0.19200000166893005,0.19200000166893005,0.19200000166893005,0,0.0,0.0,0.0
2021-03-04 00:00:00+08:00,0.19200000166893005,0.19200000166893005,0.19200000166893005,0.19200000166893005,0,0.0,0.0,0.0
2021-03-05 00:00:00+08:00,0.19200000166893005,0.19200000166893005,0.19200000166893005,0.19200000166893005,0,0.0,0.0,0.0
2021-03-08 00:00:00+08:00,0.19200000166893005,0.19200000166893005,0.19200000166893005,0.19200000166893005,0,0.0,0.0,0.0
2021-03-09 00:00:00+08:00,0.19200000166893005,0.19200000166893005,0.19200000166893005,0.19200000166893005,0,0.0,0.0,0.0
2021-03-10 00:00:00+08:00,0.19200000166893005,0.19200000166893005,0.19200000166893005,0.19200000166893005,0,0.0,0.0,0.0
2021-03-11 00:00:00+08:00,0.19200000166893005,0.19200000166893005,0.19200000166893005,0.19200000166893005,0,0.0,0.0,0.0
2021-03-12 00:00:00+08:00,0.19200000166893005,0.19200000166893005,0.19200000166893005,0.19200000166893005,0,0.0,0.0,0.0
2021-03-15 00:00:00+08:00,0.19200000166893005,0.19200000166893005,0.19200000166893005,0.19200000166893005,0,0.0,0.0,0.0
2021-03-16 00:00:00+08:00,0.19200000166893005,0.19200000166893005,0.19200000166893005,0.19200000166893005,0,0.0,0.0,0.0
2021-03-17 00:00:00+08:00,0.19200000166893005,0.19200000166893005,0.19200000166893005,0.19200000166893005,0,0.0,0.0,0.0
2021-03-18 00:00:00+08:00,0.19200000166893005,0.19200000166893005,0.19200000166893005,0.19200000166893005,0,0.0,0.0,0.0
2021-03-19 00:00:00+08:00,0.19200000166893005,0.19200000166893005,0.19200000166893005,0.19200000166893005,0,0.0,0.0,0.0
2021-03-22 00:00:00+08:00,0.19200000166893005,0.19200000166893005,0.19200000166893005,0.19200000166893005,0,0.0,0.0,0.0
2021-03-23 00:00:00+08:00,0.19200000166893005,0.19200000166893005,0.19200000166893005,0.19200000166893005,0,0.0,0.0,0.0
2021-03-24 00:00:00+08:00,0.19200000166893005,0.19200000166893005,0.19200000166893005,0.19200000166893005,0,0.0,0.0,0.0
2021-03-25 00:00:00+08:00,0.19200000166893005,0.19200000166893005,0.19200000166893005,0.19200000166893005,0,0.0,0.0,0.0
2021-03-26 00:00:00+08:00,0.19200000166893005,0.19200000166893005,0.19200000166893005,0.19200000166893005,0,0.0,0.0,0.0
2021-03-29 00:00:00+08:00,0.19200000166893005,0.19200000166893005,0.19200000166893005,0.19200000166893005,0,0.0,0.0,0.0
2021-03-30 00:00:00+08:00,0.19200000166893005,0.19200000166893005,0.19200000166893005,0.19200000166893005,0,0.0,0.0,0.0
2021-03-31 00:00:00+08:00,0.19200000166893005,0.19200000166893005,0.19200000166893005,0.19200000166893005,0,0.0,0.0,0.0
2021-04-01 00:00:00+08:00,0.19200000166893005,0.19200000166893005,0.19200000166893005,0.19200000166893005,0,0.0,0.0,0.0
2021-04-05 00:00:00+08:00,0.19200000166893005,0.19200000166893005,0.19200000166893005,0.19200000166893005,0,0.0,0.0,0.0
2021-04-06 00:00:00+08:00,0.19200000166893005,0.19200000166893005,0.19200000166893005,0.19200000166893005,0,0.0,0.0,0.0
2021-04-07 00:00:00+08:00,0.19200000166893005,0.19200000166893005,0.19200000166893005,0.19200000166893005,0,0.0,0.0,0.0
2021-04-08 00:00:00+08:00,0.19200000166893005,0.19200000166893005,0.19200000166893005,0.19200000166893005,0,0.0,0.0,0.0
2021-04-09 00:00:00+08:00,0.19200000166893005,0.19200000166893005,0.19200000166893005,0.19200000166893005,0,0.0,0.0,0.0
2021-04-12 00:00:00+08:00,0.19200000166893005,0.19200000166893005,0.19200000166893005,0.19200000166893005,0,0.0,0.0,0.0
2021-04-13 00:00:00+08:00,0.19200000166893005,0.19200000166893005,0.19200000166893005,0.19200000166893005,0,0.0,0.0,0.0
2021-04-14 00:00:00+08:00,0.19200000166893005,0.19200000166893005,0.19200000166893005,0.19200000166893005,0,0.0,0.0,0.0
2021-04-15 00:00:00+08:00,0.19200000166893005,0.19200000166893005,0.19200000166893005,0.19200000166893005,0,0.0,0.0,0.0
2021-04-16 00:00:00+08:00,0.19200000166893005,0.19200000166893005,0.19200000166893005,0.19200000166893005,0,0.0,0.0,0.0
2021-04-19 00:00:00+08:00,0.19200000166893005,0.19200000166893005,0.19200000166893005,0.19200000166893005,0,0.0,0.0,0.0
2021-04-20 00:00:00+08:00,0.19200000166893005,0.19200000166893005,0.19200000166893005,0.19200000166893005,0,0.0,0.0,0.0
2021-04-21 00:00:00+08:00,0.19200000166893005,0.19200000166893005,0.19200000166893005,0.19200000166893005,0,0.0,0.0,0.0
2021-04-22 00:00:00+08:00,0.19200000166893005,0.19200000166893005,0.19200000166893005,0.19200000166893005,0,0.0,0.0,0.0
2021-04-23 00:00:00+08:00,0.19200000166893005,0.19200000166893005,0.19200000166893005,0.19200000166893005,0,0.0,0.0,0.0
2021-04-26 00:00:00+08:00,0.19200000166893005,0.19200000166893005,0.19200000166893005,0.19200000166893005,0,0.0,0.0,0.0
2021-04-27 00:00:00+08:00,0.19200000166893005,0.19200000166893005,0.19200000166893005,0.19200000166893005,0,0.0,0.0,0.0
2021-04-28 00:00:00+08:00,0.19200000166893005,0.19200000166893005,0.19200000166893005,0.19200000166893005,0,0.0,0.0,0.0
2021-04-29 00:00:00+08:00,0.19200000166893005,0.19200000166893005,0.19200000166893005,0.19200000166893005,0,0.0,0.0,0.0
2021-04-30 00:00:00+08:00,0.19200000166893005,0.19200000166893005,0.19200000166893005,0.19200000166893005,0,0.0,0.0,0.0
2021-05-03 00:00:00+08:00,0.19200000166893005,0.19200000166893005,0.19200000166893005,0.19200000166893005,0,0.0,0.0,0.0
2021-05-04 00:00:00+08:00,0.19200000166893005,0.19200000166893005,0.19200000166893005,0.19200000166893005,0,0.0,0.0,0.0
2021-05-05 00:00:00+08:00,0.19200000166893005,0.19200000166893005,0.19200000166893005,0.19200000166893005,0,0.0,0.0,0.0
2021-05-06 00:00:00+08:00,0.19200000166893005,0.19200000166893005,0.19200000166893005,0.19200000166893005,0,0.0,0.0,0.0
2021-05-07 00:00:00+08:00,0.19200000166893005,0.19200000166893005,0.19200000166893005,0.19200000166893005,0,0.0,0.0,0.0
2021-05-10 00:00:00+08:00,0.19200000166893005,0.19200000166893005,0.19200000166893005,0.19200000166893005,0,0.0,0.0,0.0
2021-05-11 00:00:00+08:00,0.19200000166893005,0.19200000166893005,0.19200000166893005,0.19200000166893005,0,0.0,0.0,0.0
2021-05-12 00:00:00+08:00,0.19200000166893005,0.19200000166893005,0.19200000166893005,0.19200000166893005,0,0.0,0.0,0.0
2021-05-14 00:00:00+08:00,0.19200000166893005,0.19200000166893005,0.19200000166893005,0.19200000166893005,0,0.0,0.0,0.0
2021-05-17 00:00:00+08:00,0.19200000166893005,0.19200000166893005,0.19200000166893005,0.19200000166893005,0,0.0,0.0,0.0
2021-05-18 00:00:00+08:00,0.19200000166893005,0.19200000166893005,0.19200000166893005,0.19200000166893005,0,0.0,0.0,0.0
2021-05-19 00:00:00+08:00,0.19200000166893005,0.19200000166893005,0.19200000166893005,0.19200000166893005,0,0.0,0.0,0.0
2021-05-20 00:00:00+08:00,0.19200000166893005,0.19200000166893005,0.19200000166893005,0.19200000166893005,0,0.0,0.0,0.0
2021-05-21 00:00:00+08:00,0.19200000166893005,0.19200000166893005,0.19200000166893005,0.19200000166893005,0,0.0,0.0,0.0
2021-05-24 00:00:00+08:00,0.19200000166893005,0.19200000166893005,0.19200000166893005,0.19200000166893005,0,0.0,0.0,0.0
2021-05-25 00:00:00+08:00,0.19200000166893005,0.19200000166893005,0.19200000166893005,0.19200000166893005,0,0.0,0.0,0.0
2021-05-27 00:00:00+08:00,0.19200000166893005,0.19200000166893005,0.19200000166893005,0.19200000166893005,0,0.0,0.0,0.0
2021-05-28 00:00:00+08:00,0.19200000166893005,0.19200000166893005,0.19200000166893005,0.19200000166893005,0,0.0,0.0,0.0
2021-05-31 00:00:00+08:00,0.19200000166893005,0.19200000166893005,0.19200000166893005,0.19200000166893005,0,0.0,0.0,0.0
2021-06-01 00:00:00+08:00,0.19200000166893005,0.19200000166893005,0.19200000166893005,0.19200000166893005,0,0.0,0.0,0.0
2021-06-02 00:00:00+08:00,0.19200000166893005,0.19200000166893005,0.19200000166893005,0.19200000166893005,0,0.0,0.0,0.0
2021-06-03 00:00:00+08:00,0.19200000166893005,0.19200000166893005,0.19200000166893005,0.19200000166893005,0,0.0,0.0,0.0
2021-06-04 00:00:00+08:00,0.19200000166893005,0.19200000166893005,0.19200000166893005,0.19200000166893005,0,0.0,0.0,0.0
2021-06-07 00:00:00+08:00,0.19200000166893005,0.19200000166893005,0.19200000166893005,0.19200000166893005,0,0.0,0.0,0.0
2021-06-08 00:00:00+08:00,0.19200000166893005,0.19200000166893005,0.19200000166893005,0.19200000166893005,0,0.0,0.0,0.0
2021-06-09 00:00:00+08:00,0.19200000166893005,0.19200000166893005,0.19200000166893005,0.19200000166893005,0,0.0,0.0,0.0
2021-06-10 00:00:00+08:00,0.19200000166893005,0.19200000166893005,0.19200000166893005,0.19200000166893005,0,0.0,0.0,0.0
2021-06-11 00:00:00+08:00,0.19200000166893005,0.19200000166893005,0.19200000166893005,0.19200000166893005,0,0.0,0.0,0.0
2021-06-14 00:00:00+08:00,0.19200000166893005,0.19200000166893005,0.19200000166893005,0.19200000166893005,0,0.0,0.0,0.0
2021-06-15 00:00:00+08:00,0.19200000166893005,0.19200000166893005,0.19200000166893005,0.19200000166893005,0,0.0,0.0,0.0
2021-06-16 00:00:00+08:00,0.19200000166893005,0.19200000166893005,0.19200000166893005,0.19200000166893005,0,0.0,0.0,0.0
2021-06-17 00:00:00+08:00,0.19200000166893005,0.19200000166893005,0.19200000166893005,0.19200000166893005,0,0.0,0.0,0.0
2021-06-18 00:00:00+08:00,0.19200000166893005,0.19200000166893005,0.19200000166893005,0.19200000166893005,0,0.0,0.0,0.0
2021-06-21 00:00:00+08:00,0.19200000166893005,0.19200000166893005,0.19200000166893005,0.19200000166893005,0,0.0,0.0,0.0
2021-06-22 00:00:00+08:00,0.19200000166893005,0.19200000166893005,0.19200000166893005,0.19200000166893005,0,0.0,0.0,0.0
2021-06-23 00:00:00+08:00,0.19200000166893005,0.19200000166893005,0.19200000166893005,0.19200000166893005,0,0.0,0.0,0.0
2021-06-24 00:00:00+08:00,0.19200000166893005,0.19200000166893005,0.19200000166893005,0.19200000166893005,0,0.0,0.0,0.0
2021-06-25 00:00:00+08:00,0.19200000166893005,0.19200000166893005,0.19200000166893005,0.19200000166893005,0,0.0,0.0,0.0
2021-06-28 00:00:00+08:00,0.19200000166893005,0.19200000166893005,0.19200000166893005,0.19200000166893005,0,0.0,0.0,0.0
2021-06-29 00:00:00+08:00,0.19200000166893005,0.19200000166893005,0.19200000166893005,0.19200000166893005,0,0.0,0.0,0.0
2021-06-30 00:00:00+08:00,0.19200000166893005,0.19200000166893005,0.19200000166893005,0.19200000166893005,0,0.0,0.0,0.0
2021-07-01 00:00:00+08:00,0.19200000166893005,0.19200000166893005,0.19200000166893005,0.19200000166893005,0,0.0,0.0,0.0
2021-07-02 00:00:00+08:00,0.19200000166893005,0.19200000166893005,0.19200000166893005,0.19200000166893005,0,0.0,0.0,0.0
2021-07-05 00:00:00+08:00,0.19200000166893005,0.19200000166893005,0.19200000166893005,0.19200000166893005,0,0.0,0.0,0.0
2021-07-06 00:00:00+08:00,0.19200000166893005,0.19200000166893005,0.19200000166893005,0.19200000166893005,0,0.0,0.0,0.0
2021-07-07 00:00:00+08:00,0.19200000166893005,0.19200000166893005,0.19200000166893005,0.19200000166893005,0,0.0,0.0,0.0
2021-07-08 00:00:00+08:00,0.19200000166893005,0.19200000166893005,0.19200000166893005,0.19200000166893005,0,0.0,0.0,0.0
2021-07-09 00:00:00+08:00,0.19200000166893005,0.19200000166893005,0.19200000166893005,0.19200000166893005,0,0.0,0.0,0.0
2021-07-12 00:00:00+08:00,0.19200000166893005,0.19200000166893005,0.19200000166893005,0.19200000166893005,0,0.0,0.0,0.0
2021-07-13 00:00:00+08:00,0.19200000166893005,0.19200000166893005,0.19200000166893005,0.19200000166893005,0,0.0,0.0,0.0
2021-07-14 00:00:00+08:00,0.19200000166893005,0.19200000166893005,0.19200000166893005,0.19200000166893005,0,0.0,0.0,0.0
2021-07-15 00:00:00+08:00,0.19200000166893005,0.19200000166893005,0.19200000166893005,0.19200000166893005,0,0.0,0.0,0.0
2021-07-16 00:00:00+08:00,0.19200000166893005,0.19200000166893005,0.19200000166893005,0.19200000166893005,0,0.0,0.0,0.0
2021-07-19 00:00:00+08:00,0.19200000166893005,0.19200000166893005,0.19200000166893005,0.19200000166893005,0,0.0,0.0,0.0
2021-07-21 00:00:00+08:00,0.19200000166893005,0.19200000166893005,0.19200000166893005,0.19200000166893005,0,0.0,0.0,0.0
2021-07-22 00:00:00+08:00,0.19200000166893005,0.19200000166893005,0.19200000166893005,0.19200000166893005,0,0.0,0.0,0.0
2021-07-23 00:00:00+08:00,0.19200000166893005,0.19200000166893005,0.19200000166893005,0.19200000166893005,0,0.0,0.0,0.0
2021-07-26 00:00:00+08:00,0.19200000166893005,0.19200000166893005,0.19200000166893005,0.19200000166893005,0,0.0,0.0,0.0
2021-07-27 00:00:00+08:00,0.19200000166893005,0.19200000166893005,0.19200000166893005,0.19200000166893005,0,0.0,0.0,0.0
2021-07-28 00:00:00+08:00,0.19200000166893005,0.19200000166893005,0.19200000166893005,0.19200000166893005,0,0.0,0.0,0.0
2021-07-29 00:00:00+08:00,0.19200000166893005,0.19200000166893005,0.19200000166893005,0.19200000166893005,0,0.0,0.0,0.0
2021-07-30 00:00:00+08:00,0.19200000166893005,0.19200000166893005,0.19200000166893005,0.19200000166893005,0,0.0,0.0,0.0
2021-08-02 00:00:00+08:00,0.19200000166893005,0.19200000166893005,0.19200000166893005,0.19200000166893005,0,0.0,0.0,0.0
2021-08-03 00:00:00+08:00,0.19200000166893005,0.19200000166893005,0.19200000166893005,0.19200000166893005,0,0.0,0.0,0.0
2021-08-04 00:00:00+08:00,0.19200000166893005,0.19200000166893005,0.19200000166893005,0.19200000166893005,0,0.0,0.0,0.0
2021-08-05 00:00:00+08:00,0.19200000166893005,0.19200000166893005,0.19200000166893005,0.19200000166893005,0,0.0,0.0,0.0
2021-08-06 00:00:00+08:00,0.19200000166893005,0.19200000166893005,0.19200000166893005,0.19200000166893005,0,0.0,0.0,0.0
2021-08-10 00:00:00+08:00,0.19200000166893005,0.19200000166893005,0.19200000166893005,0.19200000166893005,0,0.0,0.0,0.0
2021-08-11 00:00:00+08:00,0.19200000166893005,0.19200000166893005,0.19200000166893005,0.19200000166893005,0,0.0,0.0,0.0
2021-08-12 00:00:00+08:00,0.19200000166893005,0.19200000166893005,0.19200000166893005,0.19200000166893005,0,0.0,0.0,0.0
2021-08-13 00:00:00+08:00,0.19200000166893005,0.19200000166893005,0.19200000166893005,0.19200000166893005,0,0.0,0.0,0.0
2021-08-16 00:00:00+08:00,0.19200000166893005,0.19200000166893005,0.19200000166893005,0.19200000166893005,0,0.0,0.0,0.0
2021-08-17 00:00:00+08:00,0.19200000166893005,0.19200000166893005,0.19200000166893005,0.19200000166893005,0,0.0,0.0,0.0
2021-08-18 00:00:00+08:00,0.19200000166893005,0.19200000166893005,0.19200000166893005,0.19200000166893005,0,0.0,0.0,0.0
2021-08-19 00:00:00+08:00,0.19200000166893005,0.19200000166893005,0.19200000166893005,0.19200000166893005,0,0.0,0.0,0.0
2021-08-20 00:00:00+08:00,0.19200000166893005,0.19200000166893005,0.19200000166893005,0.19200000166893005,0,0.0,0.0,0.0
2021-08-23 00:00:00+08:00,0.19200000166893005,0.19200000166893005,0.19200000166893005,0.19200000166893005,0,0.0,0.0,0.0
2021-08-24 00:00:00+08:00,0.19200000166893005,0.19200000166893005,0.19200000166893005,0.19200000166893005,0,0.0,0.0,0.0
2021-08-25 00:00:00+08:00,0.19200000166893005,0.19200000166893005,0.19200000166893005,0.19200000166893005,0,0.0,0.0,0.0
2021-08-26 00:00:00+08:00,0.19200000166893005,0.19200000166893005,0.19200000166893005,0.19200000166893005,0,0.0,0.0,0.0
2021-08-27 00:00:00+08:00,0.19200000166893005,0.19200000166893005,0.19200000166893005,0.19200000166893005,0,0.0,0.0,0.0
2021-08-30 00:00:00+08:00,0.19200000166893005,0.19200000166893005,0.19200000166893005,0.19200000166893005,0,0.0,0.0,0.0
2021-08-31 00:00:00+08:00,0.19200000166893005,0.19200000166893005,0.19200000166893005,0.19200000166893005,0,0.0,0.0,0.0
2021-09-01 00:00:00+08:00,0.19200000166893005,0.19200000166893005,0.19200000166893005,0.19200000166893005,0,0.0,0.0,0.0
2021-09-02 00:00:00+08:00,0.19200000166893005,0.19200000166893005,0.19200000166893005,0.19200000166893005,0,0.0,0.0,0.0
2021-09-03 00:00:00+08:00,0.19200000166893005,0.19200000166893005,0.19200000166893005,0.19200000166893005,0,0.0,0.0,0.0
2021-09-06 00:00:00+08:00,0.19200000166893005,0.19200000166893005,0.19200000166893005,0.19200000166893005,0,0.0,0.0,0.0
2021-09-07 00:00:00+08:00,0.19200000166893005,0.19200000166893005,0.19200000166893005,0.19200000166893005,0,0.0,0.0,0.0
2021-09-08 00:00:00+08:00,0.19200000166893005,0.19200000166893005,0.19200000166893005,0.19200000166893005,0,0.0,0.0,0.0
2021-09-09 00:00:00+08:00,0.19200000166893005,0.19200000166893005,0.19200000166893005,0.19200000166893005,0,0.0,0.0,0.0
2021-09-10 00:00:00+08:00,0.19200000166893005,0.19200000166893005,0.19200000166893005,0.19200000166893005,0,0.0,0.0,0.0
2021-09-13 00:00:00+08:00,0.19200000166893005,0.19200000166893005,0.19200000166893005,0.19200000166893005,0,0.0,0.0,0.0
2021-09-14 00:00:00+08:00,0.19200000166893005,0.19200000166893005,0.19200000166893005,0.19200000166893005,0,0.0,0.0,0.0
2021-09-15 00:00:00+08:00,0.19200000166893005,0.19200000166893005,0.19200000166893005,0.19200000166893005,0,0.0,0.0,0.0
2021-09-16 00:00:00+08:00,0.19200000166893005,0.19200000166893005,0.19200000166893005,0.19200000166893005,0,0.0,0.0,0.0
2021-09-17 00:00:00+08:00,0.19200000166893005,0.19200000166893005,0.19200000166893005,0.19200000166893005,0,0.0,0.0,0.0
2021-09-20 00:00:00+08:00,0.19200000166893005,0.19200000166893005,0.19200000166893005,0.19200000166893005,0,0.0,0.0,0.0
2021-09-21 00:00:00+08:00,0.19200000166893005,0.19200000166893005,0.19200000166893005,0.19200000166893005,0,0.0,0.0,0.0
2021-09-22 00:00:00+08:00,0.19200000166893005,0.19200000166893005,0.19200000166893005,0.19200000166893005,0,0.0,0.0,0.0
2021-09-23 00:00:00+08:00,0.19200000166893005,0.19200000166893005,0.19200000166893005,0.19200000166893005,0,0.0,0.0,0.0
2021-09-24 00:00:00+08:00,0.19200000166893005,0.19200000166893005,0.19200000166893005,0.19200000166893005,0,0.0,0.0,0.0
2021-09-27 00:00:00+08:00,0.19200000166893005,0.19200000166893005,0.19200000166893005,0.19200000166893005,0,0.0,0.0,0.0
2021-09-28 00:00:00+08:00,0.19200000166893005,0.19200000166893005,0.19200000166893005,0.19200000166893005,0,0.0,0.0,0.0
2021-09-29 00:00:00+08:00,0.19200000166893005,0.19200000166893005,0.19200000166893005,0.19200000166893005,0,0.0,0.0,0.0
2021-09-30 00:00:00+08:00,0.19200000166893005,0.19200000166893005,0.19200000166893005,0.19200000166893005,0,0.0,0.0,0.0
2021-10-01 00:00:00+08:00,0.19200000166893005,0.19200000166893005,0.19200000166893005,0.19200000166893005,0,0.0,0.0,0.0
2021-10-04 00:00:00+08:00,0.19200000166893005,0.19200000166893005,0.19200000166893005,0.19200000166893005,0,0.0,0.0,0.0
2021-10-05 00:00:00+08:00,0.19200000166893005,0.19200000166893005,0.19200000166893005,0.19200000166893005,0,0.0,0.0,0.0
2021-10-06 00:00:00+08:00,0.19200000166893005,0.19200000166893005,0.19200000166893005,0.19200000166893005,0,0.0,0.0,0.0
2021-10-07 00:00:00+08:00,0.19200000166893005,0.19200000166893005,0.19200000166893005,0.19200000166893005,0,0.0,0.0,0.0
2021-10-08 00:00:00+08:00,0.19200000166893005,0.19200000166893005,0.19200000166893005,0.19200000166893005,0,0.0,0.0,0.0
2021-10-11 00:00:00+08:00,0.19200000166893005,0.19200000166893005,0.19200000166893005,0.19200000166893005,0,0.0,0.0,0.0
2021-10-12 00:00:00+08:00,0.19200000166893005,0.19200000166893005,0.19200000166893005,0.19200000166893005,0,0.0,0.0,0.0
2021-10-13 00:00:00+08:00,0.19200000166893005,0.19200000166893005,0.19200000166893005,0.19200000166893005,0,0.0,0.0,0.0
2021-10-14 00:00:00+08:00,0.19200000166893005,0.19200000166893005,0.19200000166893005,0.19200000166893005,0,0.0,0.0,0.0
2021-10-15 00:00:00+08:00,0.19200000166893005,0.19200000166893005,0.19200000166893005,0.19200000166893005,0,0.0,0.0,0.0
2021-10-18 00:00:00+08:00,0.19200000166893005,0.19200000166893005,0.19200000166893005,0.19200000166893005,0,0.0,0.0,0.0
2021-10-19 00:00:00+08:00,0.19200000166893005,0.19200000166893005,0.19200000166893005,0.19200000166893005,0,0.0,0.0,0.0
2021-10-20 00:00:00+08:00,0.19200000166893005,0.19200000166893005,0.19200000166893005,0.19200000166893005,0,0.0,0.0,0.0
2021-10-21 00:00:00+08:00,0.19200000166893005,0.19200000166893005,0.19200000166893005,0.19200000166893005,0,0.0,0.0,0.0
2021-10-22 00:00:00+08:00,0.19200000166893005,0.19200000166893005,0.19200000166893005,0.19200000166893005,0,0.0,0.0,0.0
2021-10-25 00:00:00+08:00,0.19200000166893005,0.19200000166893005,0.19200000166893005,0.19200000166893005,0,0.0,0.0,0.0
2021-10-26 00:00:00+08:00,0.19200000166893005,0.19200000166893005,0.19200000166893005,0.19200000166893005,0,0.0,0.0,0.0
2021-10-27 00:00:00+08:00,0.19200000166893005,0.19200000166893005,0.19200000166893005,0.19200000166893005,0,0.0,0.0,0.0
2021-10-28 00:00:00+08:00,0.19200000166893005,0.19200000166893005,0.19200000166893005,0.19200000166893005,0,0.0,0.0,0.0
2021-10-29 00:00:00+08:00,0.19200000166893005,0.19200000166893005,0.19200000166893005,0.19200000166893005,0,0.0,0.0,0.0
2021-11-01 00:00:00+08:00,0.19200000166893005,0.19200000166893005,0.19200000166893005,0.19200000166893005,0,0.0,0.0,0.0
2021-11-02 00:00:00+08:00,0.19200000166893005,0.19200000166893005,0.19200000166893005,0.19200000166893005,0,0.0,0.0,0.0
2021-11-03 00:00:00+08:00,0.19200000166893005,0.19200000166893005,0.19200000166893005,0.19200000166893005,0,0.0,0.0,0.0
2021-11-05 00:00:00+08:00,0.19200000166893005,0.19200000166893005,0.19200000166893005,0.19200000166893005,0,0.0,0.0,0.0
2021-11-08 00:00:00+08:00,0.19200000166893005,0.19200000166893005,0.19200000166893005,0.19200000166893005,0,0.0,0.0,0.0
2021-11-09 00:00:00+08:00,0.19200000166893005,0.19200000166893005,0.19200000166893005,0.19200000166893005,0,0.0,0.0,0.0
2021-11-10 00:00:00+08:00,0.19200000166893005,0.19200000166893005,0.19200000166893005,0.19200000166893005,0,0.0,0.0,0.0
2021-11-11 00:00:00+08:00,0.19200000166893005,0.19200000166893005,0.19200000166893005,0.19200000166893005,0,0.0,0.0,0.0
2021-11-12 00:00:00+08:00,0.19200000166893005,0.19200000166893005,0.19200000166893005,0.19200000166893005,0,0.0,0.0,0.0
2021-11-15 00:00:00+08:00,0.19200000166893005,0.19200000166893005,0.19200000166893005,0.19200000166893005,0,0.0,0.0,0.0
2021-11-16 00:00:00+08:00,0.19200000166893005,0.19200000166893005,0.19200000166893005,0.19200000166893005,0,0.0,0.0,0.0
2021-11-17 00:00:00+08:00,0.19200000166893005,0.19200000166893005,0.19200000166893005,0.19200000166893005,0,0.0,0.0,0.0
2021-11-18 00:00:00+08:00,0.19200000166893005,0.19200000166893005,0.19200000166893005,0.19200000166893005,0,0.0,0.0,0.0
2021-11-19 00:00:00+08:00,0.19200000166893005,0.19200000166893005,0.19200000166893005,0.19200000166893005,0,0.0,0.0,0.0
2021-11-22 00:00:00+08:00,0.19200000166893005,0.19200000166893005,0.19200000166893005,0.19200000166893005,0,0.0,0.0,0.0
2021-11-23 00:00:00+08:00,0.19200000166893005,0.19200000166893005,0.19200000166893005,0.19200000166893005,0,0.0,0.0,0.0
2021-11-24 00:00:00+08:00,0.19200000166893005,0.19200000166893005,0.19200000166893005,0.19200000166893005,0,0.0,0.0,0.0
2021-11-25 00:00:00+08:00,0.19200000166893005,0.19200000166893005,0.19200000166893005,0.19200000166893005,0,0.0,0.0,0.0
2021-11-26 00:00:00+08:00,0.19200000166893005,0.19200000166893005,0.19200000166893005,0.19200000166893005,0,0.0,0.0,0.0
2021-11-29 00:00:00+08:00,0.19200000166893005,0.19200000166893005,0.19200000166893005,0.19200000166893005,0,0.0,0.0,0.0
2021-11-30 00:00:00+08:00,0.19200000166893005,0.19200000166893005,0.19200000166893005,0.19200000166893005,0,0.0,0.0,0.0
2021-12-01 00:00:00+08:00,0.19200000166893005,0.19200000166893005,0.19200000166893005,0.19200000166893005,0,0.0,0.0,0.0
2021-12-02 00:00:00+08:00,0.19200000166893005,0.19200000166893005,0.19200000166893005,0.19200000166893005,0,0.0,0.0,0.0
2021-12-03 00:00:00+08:00,0.19200000166893005,0.19200000166893005,0.19200000166893005,0.19200000166893005,0,0.0,0.0,0.0
2021-12-06 00:00:00+08:00,0.19200000166893005,0.19200000166893005,0.19200000166893005,0.19200000166893005,0,0.0,0.0,0.0
2021-12-07 00:00:00+08:00,0.19200000166893005,0.19200000166893005,0.19200000166893005,0.19200000166893005,0,0.0,0.0,0.0
2021-12-08 00:00:00+08:00,0.19200000166893005,0.19200000166893005,0.19200000166893005,0.19200000166893005,0,0.0,0.0,0.0
2021-12-09 00:00:00+08:00,0.19200000166893005,0.19200000166893005,0.19200000166893005,0.19200000166893005,0,0.0,0.0,0.0
2021-12-10 00:00:00+08:00,0.19200000166893005,0.19200000166893005,0.19200000166893005,0.19200000166893005,0,0.0,0.0,0.0
2021-12-13 00:00:00+08:00,0.19200000166893005,0.19200000166893005,0.19200000166893005,0.19200000166893005,0,0.0,0.0,0.0
2021-12-14 00:00:00+08:00,0.19200000166893005,0.19200000166893005,0.19200000166893005,0.19200000166893005,0,0.0,0.0,0.0
2021-12-15 00:00:00+08:00,0.19200000166893005,0.19200000166893005,0.19200000166893005,0.19200000166893005,0,0.0,0.0,0.0
2021-12-16 00:00:00+08:00,0.19200000166893005,0.19200000166893005,0.19200000166893005,0.19200000166893005,0,0.0,0.0,0.0
2021-12-17 00:00:00+08:00,0.19200000166893005,0.19200000166893005,0.19200000166893005,0.19200000166893005,0,0.0,0.0,0.0
2021-12-20 00:00:00+08:00,0.19200000166893005,0.19200000166893005,0.19200000166893005,0.19200000166893005,0,0.0,0.0,0.0
2021-12-21 00:00:00+08:00,0.19200000166893005,0.19200000166893005,0.19200000166893005,0.19200000166893005,0,0.0,0.0,0.0
2021-12-22 00:00:00+08:00,0.19200000166893005,0.19200000166893005,0.19200000166893005,0.19200000166893005,0,0.0,0.0,0.0
2021-12-23 00:00:00+08:00,0.19200000166893005,0.19200000166893005,0.19200000166893005,0.19200000166893005,0,0.0,0.0,0.0
2021-12-24 00:00:00+08:00,0.19200000166893005,0.19200000166893005,0.19200000166893005,0.19200000166893005,0,0.0,0.0,0.0
2021-12-27 00:00:00+08:00,0.19200000166893005,0.19200000166893005,0.19200000166893005,0.19200000166893005,0,0.0,0.0,0.0
2021-12-28 00:00:00+08:00,0.19200000166893005,0.19200000166893005,0.19200000166893005,0.19200000166893005,0,0.0,0.0,0.0
2021-12-29 00:00:00+08:00,0.19200000166893005,0.19200000166893005,0.19200000166893005,0.19200000166893005,0,0.0,0.0,0.0
2021-12-30 00:00:00+08:00,0.19200000166893005,0.19200000166893005,0.19200000166893005,0.19200000166893005,0,0.0,0.0,0.0
2021-12-31 00:00:00+08:00,0.19200000166893005,0.19200000166893005,0.19200000166893005,0.19200000166893005,0,0.0,0.0,0.0
2022-01-03 00:00:00+08:00,0.19200000166893005,0.19200000166893005,0.19200000166893005,0.19200000166893005,0,0.0,0.0,0.0
2022-01-04 00:00:00+08:00,0.19200000166893005,0.19200000166893005,0.19200000166893005,0.19200000166893005,0,0.0,0.0,0.0
2022-01-05 00:00:00+08:00,0.19200000166893005,0.19200000166893005,0.19200000166893005,0.19200000166893005,0,0.0,0.0,0.0
2022-01-06 00:00:00+08:00,0.19200000166893005,0.19200000166893005,0.19200000166893005,0.19200000166893005,0,0.0,0.0,0.0
2022-01-07 00:00:00+08:00,0.19200000166893005,0.19200000166893005,0.19200000166893005,0.19200000166893005,0,0.0,0.0,0.0
2022-01-10 00:00:00+08:00,0.19200000166893005,0.19200000166893005,0.19200000166893005,0.19200000166893005,0,0.0,0.0,0.0
2022-01-11 00:00:00+08:00,0.19200000166893005,0.19200000166893005,0.19200000166893005,0.19200000166893005,0,0.0,0.0,0.0
2022-01-12 00:00:00+08:00,0.19200000166893005,0.19200000166893005,0.19200000166893005,0.19200000166893005,0,0.0,0.0,0.0
2022-01-13 00:00:00+08:00,0.19200000166893005,0.19200000166893005,0.19200000166893005,0.19200000166893005,0,0.0,0.0,0.0
2022-01-14 00:00:00+08:00,0.19200000166893005,0.19200000166893005,0.19200000166893005,0.19200000166893005,0,0.0,0.0,0.0
2022-01-17 00:00:00+08:00,0.19200000166893005,0.19200000166893005,0.19200000166893005,0.19200000166893005,0,0.0,0.0,0.0
2022-01-18 00:00:00+08:00,0.19200000166893005,0.19200000166893005,0.19200000166893005,0.19200000166893005,0,0.0,0.0,0.0
2022-01-19 00:00:00+08:00,0.19200000166893005,0.19200000166893005,0.19200000166893005,0.19200000166893005,0,0.0,0.0,0.0
2022-01-20 00:00:00+08:00,0.19200000166893005,0.19200000166893005,0.19200000166893005,0.19200000166893005,0,0.0,0.0,0.0
2022-01-21 00:00:00+08:00,0.19200000166893005,0.19200000166893005,0.19200000166893005,0.19200000166893005,0,0.0,0.0,0.0
2022-01-24 00:00:00+08:00,0.19200000166893005,0.19200000166893005,0.19200000166893005,0.19200000166893005,0,0.0,0.0,0.0
2022-01-25 00:00:00+08:00,0.19200000166893005,0.19200000166893005,0.19200000166893005,0.19200000166893005,0,0.0,0.0,0.0
2022-01-26 00:00:00+08:00,0.19200000166893005,0.19200000166893005,0.19200000166893005,0.19200000166893005,0,0.0,0.0,0.0
2022-01-27 00:00:00+08:00,0.19200000166893005,0.19200000166893005,0.19200000166893005,0.19200000166893005,0,0.0,0.0,0.0
2022-01-28 00:00:00+08:00,0.19200000166893005,0.19200000166893005,0.19200000166893005,0.19200000166893005,0,0.0,0.0,0.0
2022-01-31 00:00:00+08:00,0.19200000166893005,0.19200000166893005,0.19200000166893005,0.19200000166893005,0,0.0,0.0,0.0
2022-02-03 00:00:00+08:00,0.19200000166893005,0.19200000166893005,0.19200000166893005,0.19200000166893005,0,0.0,0.0,0.0
2022-02-04 00:00:00+08:00,0.19200000166893005,0.19200000166893005,0.19200000166893005,0.19200000166893005,0,0.0,0.0,0.0
2022-02-07 00:00:00+08:00,0.19200000166893005,0.19200000166893005,0.19200000166893005,0.19200000166893005,0,0.0,0.0,0.0
2022-02-08 00:00:00+08:00,0.19200000166893005,0.19200000166893005,0.19200000166893005,0.19200000166893005,0,0.0,0.0,0.0
2022-02-09 00:00:00+08:00,0.19200000166893005,0.19200000166893005,0.19200000166893005,0.19200000166893005,0,0.0,0.0,0.0
2022-02-10 00:00:00+08:00,0.19200000166893005,0.19200000166893005,0.19200000166893005,0.19200000166893005,0,0.0,0.0,0.0
2022-02-11 00:00:00+08:00,0.19200000166893005,0.19200000166893005,0.19200000166893005,0.19200000166893005,0,0.0,0.0,0.0
2022-02-14 00:00:00+08:00,0.19200000166893005,0.19200000166893005,0.19200000166893005,0.19200000166893005,0,0.0,0.0,0.0
2022-02-15 00:00:00+08:00,0.19200000166893005,0.19200000166893005,0.19200000166893005,0.19200000166893005,0,0.0,0.0,0.0
2022-02-16 00:00:00+08:00,0.19200000166893005,0.19200000166893005,0.19200000166893005,0.19200000166893005,0,0.0,0.0,0.0
2022-02-17 00:00:00+08:00,0.19200000166893005,0.19200000166893005,0.19200000166893005,0.19200000166893005,0,0.0,0.0,0.0
2022-02-18 00:00:00+08:00,0.19200000166893005,0.19200000166893005,0.19200000166893005,0.19200000166893005,0,0.0,0.0,0.0
2022-02-21 00:00:00+08:00,0.19200000166893005,0.19200000166893005,0.19200000166893005,0.19200000166893005,0,0.0,0.0,0.0
2022-02-22 00:00:00+08:00,0.19200000166893005,0.19200000166893005,0.19200000166893005,0.19200000166893005,0,0.0,0.0,0.0
2022-02-23 00:00:00+08:00,0.19200000166893005,0.19200000166893005,0.19200000166893005,0.19200000166893005,0,0.0,0.0,0.0
2022-02-24 00:00:00+08:00,0.19200000166893005,0.19200000166893005,0.19200000166893005,0.19200000166893005,0,0.0,0.0,0.0
2022-02-25 00:00:00+08:00,0.19200000166893005,0.19200000166893005,0.19200000166893005,0.19200000166893005,0,0.0,0.0,0.0
2022-02-28 00:00:00+08:00,0.19200000166893005,0.19200000166893005,0.19200000166893005,0.19200000166893005,0,0.0,0.0,0.0
2022-03-01 00:00:00+08:00,0.19200000166893005,0.19200000166893005,0.19200000166893005,0.19200000166893005,0,0.0,0.0,0.0
2022-03-02 00:00:00+08:00,0.19200000166893005,0.19200000166893005,0.19200000166893005,0.19200000166893005,0,0.0,0.0,0.0
2022-03-03 00:00:00+08:00,0.19200000166893005,0.19200000166893005,0.19200000166893005,0.19200000166893005,0,0.0,0.0,0.0
2022-03-04 00:00:00+08:00,0.19200000166893005,0.19200000166893005,0.19200000166893005,0.19200000166893005,0,0.0,0.0,0.0
2022-03-07 00:00:00+08:00,0.19200000166893005,0.19200000166893005,0.19200000166893005,0.19200000166893005,0,0.0,0.0,0.0
2022-03-08 00:00:00+08:00,0.19200000166893005,0.19200000166893005,0.19200000166893005,0.19200000166893005,0,0.0,0.0,0.0
2022-03-09 00:00:00+08:00,0.19200000166893005,0.19200000166893005,0.19200000166893005,0.19200000166893005,0,0.0,0.0,0.0
2022-03-10 00:00:00+08:00,0.19200000166893005,0.19200000166893005,0.19200000166893005,0.19200000166893005,0,0.0,0.0,0.0
2022-03-11 00:00:00+08:00,0.19200000166893005,0.19200000166893005,0.19200000166893005,0.19200000166893005,0,0.0,0.0,0.0
2022-03-14 00:00:00+08:00,0.19200000166893005,0.19200000166893005,0.19200000166893005,0.19200000166893005,0,0.0,0.0,0.0
2022-03-15 00:00:00+08:00,0.19200000166893005,0.19200000166893005,0.19200000166893005,0.19200000166893005,0,0.0,0.0,0.0
2022-03-16 00:00:00+08:00,0.19200000166893005,0.19200000166893005,0.19200000166893005,0.19200000166893005,0,0.0,0.0,0.0
2022-03-17 00:00:00+08:00,0.19200000166893005,0.19200000166893005,0.19200000166893005,0.19200000166893005,0,0.0,0.0,0.0
2022-03-18 00:00:00+08:00,0.19200000166893005,0.19200000166893005,0.19200000166893005,0.19200000166893005,0,0.0,0.0,0.0
2022-03-21 00:00:00+08:00,0.19200000166893005,0.19200000166893005,0.19200000166893005,0.19200000166893005,0,0.0,0.0,0.0
2022-03-22 00:00:00+08:00,0.19200000166893005,0.19200000166893005,0.19200000166893005,0.19200000166893005,0,0.0,0.0,0.0
2022-03-23 00:00:00+08:00,0.19200000166893005,0.19200000166893005,0.19200000166893005,0.19200000166893005,0,0.0,0.0,0.0
2022-03-24 00:00:00+08:00,0.19200000166893005,0.19200000166893005,0.19200000166893005,0.19200000166893005,0,0.0,0.0,0.0
2022-03-25 00:00:00+08:00,0.19200000166893005,0.19200000166893005,0.19200000166893005,0.19200000166893005,0,0.0,0.0,0.0
2022-03-28 00:00:00+08:00,0.19200000166893005,0.19200000166893005,0.19200000166893005,0.19200000166893005,0,0.0,0.0,0.0
2022-03-29 00:00:00+08:00,0.19200000166893005,0.19200000166893005,0.19200000166893005,0.19200000166893005,0,0.0,0.0,0.0
2022-03-30 00:00:00+08:00,0.19200000166893005,0.19200000166893005,0.19200000166893005,0.19200000166893005,0,0.0,0.0,0.0
2022-03-31 00:00:00+08:00,0.19200000166893005,0.19200000166893005,0.19200000166893005,0.19200000166893005,0,0.0,0.0,0.0
2022-04-01 00:00:00+08:00,0.19200000166893005,0.19200000166893005,0.19200000166893005,0.19200000166893005,0,0.0,0.0,0.0
2022-04-04 00:00:00+08:00,0.19200000166893005,0.19200000166893005,0.19200000166893005,0.19200000166893005,0,0.0,0.0,0.0
2022-04-05 00:00:00+08:00,0.19200000166893005,0.19200000166893005,0.19200000166893005,0.19200000166893005,0,0.0,0.0,0.0
2022-04-06 00:00:00+08:00,0.19200000166893005,0.19200000166893005,0.19200000166893005,0.19200000166893005,0,0.0,0.0,0.0
2022-04-07 00:00:00+08:00,0.19200000166893005,0.19200000166893005,0.19200000166893005,0.19200000166893005,0,0.0,0.0,0.0
2022-04-08 00:00:00+08:00,0.19200000166893005,0.19200000166893005,0.19200000166893005,0.19200000166893005,0,0.0,0.0,0.0
2022-04-11 00:00:00+08:00,0.19200000166893005,0.19200000166893005,0.19200000166893005,0.19200000166893005,0,0.0,0.0,0.0
2022-04-12 00:00:00+08:00,0.19200000166893005,0.19200000166893005,0.19200000166893005,0.19200000166893005,0,0.0,0.0,0.0
2022-04-13 00:00:00+08:00,0.19200000166893005,0.19200000166893005,0.19200000166893005,0.19200000166893005,0,0.0,0.0,0.0
2022-04-14 00:00:00+08:00,0.19200000166893005,0.19200000166893005,0.19200000166893005,0.19200000166893005,0,0.0,0.0,0.0
2022-04-18 00:00:00+08:00,0.19200000166893005,0.19200000166893005,0.19200000166893005,0.19200000166893005,0,0.0,0.0,0.0
2022-04-19 00:00:00+08:00,0.19200000166893005,0.19200000166893005,0.19200000166893005,0.19200000166893005,0,0.0,0.0,0.0
2022-04-20 00:00:00+08:00,0.19200000166893005,0.19200000166893005,0.19200000166893005,0.19200000166893005,0,0.0,0.0,0.0
2022-04-21 00:00:00+08:00,0.19200000166893005,0.19200000166893005,0.19200000166893005,0.19200000166893005,0,0.0,0.0,0.0
2022-04-22 00:00:00+08:00,0.19200000166893005,0.19200000166893005,0.19200000166893005,0.19200000166893005,0,0.0,0.0,0.0
2022-04-25 00:00:00+08:00,0.19200000166893005,0.19200000166893005,0.19200000166893005,0.19200000166893005,0,0.0,0.0,0.0
2022-04-26 00:00:00+08:00,0.19200000166893005,0.19200000166893005,0.19200000166893005,0.19200000166893005,0,0.0,0.0,0.0
2022-04-27 00:00:00+08:00,0.19200000166893005,0.19200000166893005,0.19200000166893005,0.19200000166893005,0,0.0,0.0,0.0
2022-04-28 00:00:00+08:00,0.19200000166893005,0.19200000166893005,0.19200000166893005,0.19200000166893005,0,0.0,0.0,0.0
2022-04-29 00:00:00+08:00,0.19200000166893005,0.19200000166893005,0.19200000166893005,0.19200000166893005,0,0.0,0.0,0.0
2022-05-04 00:00:00+08:00,0.19200000166893005,0.19200000166893005,0.19200000166893005,0.19200000166893005,0,0.0,0.0,0.0
2022-05-05 00:00:00+08:00,0.19200000166893005,0.19200000166893005,0.19200000166893005,0.19200000166893005,0,0.0,0.0,0.0
2022-05-06 00:00:00+08:00,0.19200000166893005,0.19200000166893005,0.19200000166893005,0.19200000166893005,0,0.0,0.0,0.0
2022-05-09 00:00:00+08:00,0.19200000166893005,0.19200000166893005,0.19200000166893005,0.19200000166893005,0,0.0,0.0,0.0
2022-05-10 00:00:00+08:00,0.19200000166893005,0.19200000166893005,0.19200000166893005,0.19200000166893005,0,0.0,0.0,0.0
2022-05-11 00:00:00+08:00,0.19200000166893005,0.19200000166893005,0.19200000166893005,0.19200000166893005,0,0.0,0.0,0.0
2022-05-12 00:00:00+08:00,0.19200000166893005,0.19200000166893005,0.19200000166893005,0.19200000166893005,0,0.0,0.0,0.0
2022-05-13 00:00:00+08:00,0.19200000166893005,0.19200000166893005,0.19200000166893005,0.19200000166893005,0,0.0,0.0,0.0
2022-05-17 00:00:00+08:00,0.19200000166893005,0.19200000166893005,0.19200000166893005,0.19200000166893005,0,0.0,0.0,0.0
2022-05-18 00:00:00+08:00,0.19200000166893005,0.19200000166893005,0.19200000166893005,0.19200000166893005,0,0.0,0.0,0.0
2022-05-19 00:00:00+08:00,0.19200000166893005,0.19200000166893005,0.19200000166893005,0.19200000166893005,0,0.0,0.0,0.0
2022-05-20 00:00:00+08:00,0.19200000166893005,0.19200000166893005,0.19200000166893005,0.19200000166893005,0,0.0,0.0,0.0
2022-05-23 00:00:00+08:00,0.19200000166893005,0.19200000166893005,0.19200000166893005,0.19200000166893005,0,0.0,0.0,0.0
2022-05-24 00:00:00+08:00,0.19200000166893005,0.19200000166893005,0.19200000166893005,0.19200000166893005,0,0.0,0.0,0.0
2022-05-25 00:00:00+08:00,0.19200000166893005,0.19200000166893005,0.19200000166893005,0.19200000166893005,0,0.0,0.0,0.0
2022-05-26 00:00:00+08:00,0.19200000166893005,0.19200000166893005,0.19200000166893005,0.19200000166893005,0,0.0,0.0,0.0
2022-05-27 00:00:00+08:00,0.19200000166893005,0.19200000166893005,0.19200000166893005,0.19200000166893005,0,0.0,0.0,0.0
2022-05-30 00:00:00+08:00,0.19200000166893005,0.19200000166893005,0.19200000166893005,0.19200000166893005,0,0.0,0.0,0.0
2022-05-31 00:00:00+08:00,0.19200000166893005,0.19200000166893005,0.19200000166893005,0.19200000166893005,0,0.0,0.0,0.0
2022-06-01 00:00:00+08:00,0.19200000166893005,0.19200000166893005,0.19200000166893005,0.19200000166893005,0,0.0,0.0,0.0
2022-06-02 00:00:00+08:00,0.19200000166893005,0.19200000166893005,0.19200000166893005,0.19200000166893005,0,0.0,0.0,0.0
2022-06-03 00:00:00+08:00,0.19200000166893005,0.19200000166893005,0.19200000166893005,0.19200000166893005,0,0.0,0.0,0.0
2022-06-06 00:00:00+08:00,0.19200000166893005,0.19200000166893005,0.19200000166893005,0.19200000166893005,0,0.0,0.0,0.0
2022-06-07 00:00:00+08:00,0.19200000166893005,0.19200000166893005,0.19200000166893005,0.19200000166893005,0,0.0,0.0,0.0
2022-06-08 00:00:00+08:00,0.19200000166893005,0.19200000166893005,0.19200000166893005,0.19200000166893005,0,0.0,0.0,0.0
2022-06-09 00:00:00+08:00,0.19200000166893005,0.19200000166893005,0.19200000166893005,0.19200000166893005,0,0.0,0.0,0.0
2022-06-10 00:00:00+08:00,0.19200000166893005,0.19200000166893005,0.19200000166893005,0.19200000166893005,0,0.0,0.0,0.0
2022-06-13 00:00:00+08:00,0.19200000166893005,0.19200000166893005,0.19200000166893005,0.19200000166893005,0,0.0,0.0,0.0
2022-06-14 00:00:00+08:00,0.19200000166893005,0.19200000166893005,0.19200000166893005,0.19200000166893005,0,0.0,0.0,0.0
2022-06-15 00:00:00+08:00,0.19200000166893005,0.19200000166893005,0.19200000166893005,0.19200000166893005,0,0.0,0.0,0.0
2022-06-16 00:00:00+08:00,0.19200000166893005,0.19200000166893005,0.19200000166893005,0.19200000166893005,0,0.0,0.0,0.0
2022-06-17 00:00:00+08:00,0.19200000166893005,0.19200000166893005,0.19200000166893005,0.19200000166893005,0,0.0,0.0,0.0
2022-06-20 00:00:00+08:00,0.19200000166893005,0.19200000166893005,0.19200000166893005,0.19200000166893005,0,0.0,0.0,0.0
2022-06-21 00:00:00+08:00,0.19200000166893005,0.19200000166893005,0.19200000166893005,0.19200000166893005,0,0.0,0.0,0.0
2022-06-22 00:00:00+08:00,0.19200000166893005,0.19200000166893005,0.19200000166893005,0.19200000166893005,0,0.0,0.0,0.0
2022-06-23 00:00:00+08:00,0.19200000166893005,0.19200000166893005,0.19200000166893005,0.19200000166893005,0,0.0,0.0,0.0
2022-06-24 00:00:00+08:00,0.19200000166893005,0.19200000166893005,0.19200000166893005,0.19200000166893005,0,0.0,0.0,0.0
2022-06-27 00:00:00+08:00,0.19200000166893005,0.19200000166893005,0.19200000166893005,0.19200000166893005,0,0.0,0.0,0.0
2022-06-28 00:00:00+08:00,0.19200000166893005,0.19200000166893005,0.19200000166893005,0.19200000166893005,0,0.0,0.0,0.0
2022-06-29 00:00:00+08:00,0.19200000166893005,0.19200000166893005,0.19200000166893005,0.19200000166893005,0,0.0,0.0,0.0
2022-06-30 00:00:00+08:00,0.19200000166893005,0.19200000166893005,0.19200000166893005,0.19200000166893005,0,0.0,0.0,0.0
2022-07-01 00:00:00+08:00,0.19200000166893005,0.19200000166893005,0.19200000166893005,0.19200000166893005,0,0.0,0.0,0.0
2022-07-04 00:00:00+08:00,0.19200000166893005,0.19200000166893005,0.19200000166893005,0.19200000166893005,0,0.0,0.0,0.0
2022-07-05 00:00:00+08:00,0.19200000166893005,0.19200000166893005,0.19200000166893005,0.19200000166893005,0,0.0,0.0,0.0
2022-07-06 00:00:00+08:00,0.19200000166893005,0.19200000166893005,0.19200000166893005,0.19200000166893005,0,0.0,0.0,0.0
2022-07-07 00:00:00+08:00,0.19200000166893005,0.19200000166893005,0.19200000166893005,0.19200000166893005,0,0.0,0.0,0.0
2022-07-08 00:00:00+08:00,0.19200000166893005,0.19200000166893005,0.19200000166893005,0.19200000166893005,0,0.0,0.0,0.0
2022-07-12 00:00:00+08:00,0.19200000166893005,0.19200000166893005,0.19200000166893005,0.19200000166893005,0,0.0,0.0,0.0
2022-07-13 00:00:00+08:00,0.19200000166893005,0.19200000166893005,0.19200000166893005,0.19200000166893005,0,0.0,0.0,0.0
2022-07-14 00:00:00+08:00,0.19200000166893005,0.19200000166893005,0.19200000166893005,0.19200000166893005,0,0.0,0.0,0.0
2022-07-15 00:00:00+08:00,0.19200000166893005,0.19200000166893005,0.19200000166893005,0.19200000166893005,0,0.0,0.0,0.0
2022-07-18 00:00:00+08:00,0.19200000166893005,0.19200000166893005,0.19200000166893005,0.19200000166893005,0,0.0,0.0,0.0
2022-07-19 00:00:00+08:00,0.19200000166893005,0.19200000166893005,0.19200000166893005,0.19200000166893005,0,0.0,0.0,0.0
2022-07-20 00:00:00+08:00,0.19200000166893005,0.19200000166893005,0.19200000166893005,0.19200000166893005,0,0.0,0.0,0.0
2022-07-21 00:00:00+08:00,0.19200000166893005,0.19200000166893005,0.19200000166893005,0.19200000166893005,0,0.0,0.0,0.0
2022-07-22 00:00:00+08:00,0.19200000166893005,0.19200000166893005,0.19200000166893005,0.19200000166893005,0,0.0,0.0,0.0
2022-07-25 00:00:00+08:00,0.19200000166893005,0.19200000166893005,0.19200000166893005,0.19200000166893005,0,0.0,0.0,0.0
2022-07-26 00:00:00+08:00,0.19200000166893005,0.19200000166893005,0.19200000166893005,0.19200000166893005,0,0.0,0.0,0.0
2022-07-27 00:00:00+08:00,0.19200000166893005,0.19200000166893005,0.19200000166893005,0.19200000166893005,0,0.0,0.0,0.0
2022-07-28 00:00:00+08:00,0.19200000166893005,0.19200000166893005,0.19200000166893005,0.19200000166893005,0,0.0,0.0,0.0
2022-07-29 00:00:00+08:00,0.19200000166893005,0.19200000166893005,0.19200000166893005,0.19200000166893005,0,0.0,0.0,0.0
2022-08-01 00:00:00+08:00,0.19200000166893005,0.19200000166893005,0.19200000166893005,0.19200000166893005,0,0.0,0.0,0.0
2022-08-02 00:00:00+08:00,0.19200000166893005,0.19200000166893005,0.19200000166893005,0.19200000166893005,0,0.0,0.0,0.0
2022-08-03 00:00:00+08:00,0.19200000166893005,0.19200000166893005,0.19200000166893005,0.19200000166893005,0,0.0,0.0,0.0
2022-08-04 00:00:00+08:00,0.19200000166893005,0.19200000166893005,0.19200000166893005,0.19200000166893005,0,0.0,0.0,0.0
2022-08-05 00:00:00+08:00,0.19200000166893005,0.19200000166893005,0.19200000166893005,0.19200000166893005,0,0.0,0.0,0.0
2022-08-08 00:00:00+08:00,0.19200000166893005,0.19200000166893005,0.19200000166893005,0.19200000166893005,0,0.0,0.0,0.0
2022-08-10 00:00:00+08:00,0.19200000166893005,0.19200000166893005,0.19200000166893005,0.19200000166893005,0,0.0,0.0,0.0
2022-08-11 00:00:00+08:00,0.19200000166893005,0.19200000166893005,0.19200000166893005,0.19200000166893005,0,0.0,0.0,0.0
2022-08-12 00:00:00+08:00,0.19200000166893005,0.19200000166893005,0.19200000166893005,0.19200000166893005,0,0.0,0.0,0.0
2022-08-15 00:00:00+08:00,0.19200000166893005,0.19200000166893005,0.19200000166893005,0.19200000166893005,0,0.0,0.0,0.0
2022-08-16 00:00:00+08:00,0.19200000166893005,0.19200000166893005,0.19200000166893005,0.19200000166893005,0,0.0,0.0,0.0
2022-08-17 00:00:00+08:00,0.19200000166893005,0.19200000166893005,0.19200000166893005,0.19200000166893005,0,0.0,0.0,0.0
2022-08-18 00:00:00+08:00,0.19200000166893005,0.19200000166893005,0.19200000166893005,0.19200000166893005,0,0.0,0.0,0.0
2022-08-19 00:00:00+08:00,0.19200000166893005,0.19200000166893005,0.19200000166893005,0.19200000166893005,0,0.0,0.0,0.0
2022-08-22 00:00:00+08:00,0.19200000166893005,0.19200000166893005,0.19200000166893005,0.19200000166893005,0,0.0,0.0,0.0
2022-08-23 00:00:00+08:00,0.19200000166893005,0.19200000166893005,0.19200000166893005,0.19200000166893005,0,0.0,0.0,0.0
2022-08-24 00:00:00+08:00,0.19200000166893005,0.19200000166893005,0.19200000166893005,0.19200000166893005,0,0.0,0.0,0.0
2022-08-25 00:00:00+08:00,0.19200000166893005,0.19200000166893005,0.19200000166893005,0.19200000166893005,0,0.0,0.0,0.0
2022-08-26 00:00:00+08:00,0.19200000166893005,0.19200000166893005,0.19200000166893005,0.19200000166893005,0,0.0,0.0,0.0
2022-08-29 00:00:00+08:00,0.19200000166893005,0.19200000166893005,0.19200000166893005,0.19200000166893005,0,0.0,0.0,0.0
2022-08-30 00:00:00+08:00,0.19200000166893005,0.19200000166893005,0.19200000166893005,0.19200000166893005,0,0.0,0.0,0.0
2022-08-31 00:00:00+08:00,0.19200000166893005,0.19200000166893005,0.19200000166893005,0.19200000166893005,0,0.0,0.0,0.0
2022-09-01 00:00:00+08:00,0.19200000166893005,0.19200000166893005,0.19200000166893005,0.19200000166893005,0,0.0,0.0,0.0
2022-09-02 00:00:00+08:00,0.19200000166893005,0.19200000166893005,0.19200000166893005,0.19200000166893005,0,0.0,0.0,0.0
2022-09-05 00:00:00+08:00,0.19200000166893005,0.19200000166893005,0.19200000166893005,0.19200000166893005,0,0.0,0.0,0.0
2022-09-06 00:00:00+08:00,0.19200000166893005,0.19200000166893005,0.19200000166893005,0.19200000166893005,0,0.0,0.0,0.0
2022-09-07 00:00:00+08:00,0.19200000166893005,0.19200000166893005,0.19200000166893005,0.19200000166893005,0,0.0,0.0,0.0
2022-09-08 00:00:00+08:00,0.19200000166893005,0.19200000166893005,0.19200000166893005,0.19200000166893005,0,0.0,0.0,0.0
2022-09-09 00:00:00+08:00,0.19200000166893005,0.19200000166893005,0.19200000166893005,0.19200000166893005,0,0.0,0.0,0.0
2022-09-12 00:00:00+08:00,0.19200000166893005,0.19200000166893005,0.19200000166893005,0.19200000166893005,0,0.0,0.0,0.0
2022-09-13 00:00:00+08:00,0.19200000166893005,0.19200000166893005,0.19200000166893005,0.19200000166893005,0,0.0,0.0,0.0
2022-09-14 00:00:00+08:00,0.19200000166893005,0.19200000166893005,0.19200000166893005,0.19200000166893005,0,0.0,0.0,0.0
2022-09-15 00:00:00+08:00,0.19200000166893005,0.19200000166893005,0.19200000166893005,0.19200000166893005,0,0.0,0.0,0.0
2022-09-16 00:00:00+08:00,0.19200000166893005,0.19200000166893005,0.19200000166893005,0.19200000166893005,0,0.0,0.0,0.0
2022-09-19 00:00:00+08:00,0.19200000166893005,0.19200000166893005,0.19200000166893005,0.19200000166893005,0,0.0,0.0,0.0
2022-09-20 00:00:00+08:00,0.19200000166893005,0.19200000166893005,0.19200000166893005,0.19200000166893005,0,0.0,0.0,0.0
2022-09-21 00:00:00+08:00,0.19200000166893005,0.19200000166893005,0.19200000166893005,0.19200000166893005,0,0.0,0.0,0.0
2022-09-22 00:00:00+08:00,0.19200000166893005,0.19200000166893005,0.19200000166893005,0.19200000166893005,0,0.0,0.0,0.0
2022-09-23 00:00:00+08:00,0.19200000166893005,0.19200000166893005,0.19200000166893005,0.19200000166893005,0,0.0,0.0,0.0
2022-09-26 00:00:00+08:00,0.19200000166893005,0.19200000166893005,0.19200000166893005,0.19200000166893005,0,0.0,0.0,0.0
2022-09-27 00:00:00+08:00,0.19200000166893005,0.19200000166893005,0.19200000166893005,0.19200000166893005,0,0.0,0.0,0.0
2022-09-28 00:00:00+08:00,0.19200000166893005,0.19200000166893005,0.19200000166893005,0.19200000166893005,0,0.0,0.0,0.0
2022-09-29 00:00:00+08:00,0.19200000166893005,0.19200000166893005,0.19200000166893005,0.19200000166893005,0,0.0,0.0,0.0
2022-09-30 00:00:00+08:00,0.19200000166893005,0.19200000166893005,0.19200000166893005,0.19200000166893005,0,0.0,0.0,0.0
2022-10-03 00:00:00+08:00,0.19200000166893005,0.19200000166893005,0.19200000166893005,0.19200000166893005,0,0.0,0.0,0.0
2022-10-04 00:00:00+08:00,0.19200000166893005,0.19200000166893005,0.19200000166893005,0.19200000166893005,0,0.0,0.0,0.0
2022-10-05 00:00:00+08:00,0.19200000166893005,0.19200000166893005,0.19200000166893005,0.19200000166893005,0,0.0,0.0,0.0
2022-10-06 00:00:00+08:00,0.19200000166893005,0.19200000166893005,0.19200000166893005,0.19200000166893005,0,0.0,0.0,0.0
2022-10-07 00:00:00+08:00,0.19200000166893005,0.19200000166893005,0.19200000166893005,0.19200000166893005,0,0.0,0.0,0.0
2022-10-10 00:00:00+08:00,0.19200000166893005,0.19200000166893005,0.19200000166893005,0.19200000166893005,0,0.0,0.0,0.0
2022-10-11 00:00:00+08:00,0.19200000166893005,0.19200000166893005,0.19200000166893005,0.19200000166893005,0,0.0,0.0,0.0
2022-10-12 00:00:00+08:00,0.19200000166893005,0.19200000166893005,0.19200000166893005,0.19200000166893005,0,0.0,0.0,0.0
2022-10-13 00:00:00+08:00,0.19200000166893005,0.19200000166893005,0.19200000166893005,0.19200000166893005,0,0.0,0.0,0.0
2022-10-14 00:00:00+08:00,0.19200000166893005,0.19200000166893005,0.19200000166893005,0.19200000166893005,0,0.0,0.0,0.0
2022-10-17 00:00:00+08:00,0.19200000166893005,0.19200000166893005,0.19200000166893005,0.19200000166893005,0,0.0,0.0,0.0
2022-10-18 00:00:00+08:00,0.19200000166893005,0.19200000166893005,0.19200000166893005,0.19200000166893005,0,0.0,0.0,0.0
2022-10-19 00:00:00+08:00,0.19200000166893005,0.19200000166893005,0.19200000166893005,0.19200000166893005,0,0.0,0.0,0.0
2022-10-20 00:00:00+08:00,0.19200000166893005,0.19200000166893005,0.19200000166893005,0.19200000166893005,0,0.0,0.0,0.0
2022-10-21 00:00:00+08:00,0.19200000166893005,0.19200000166893005,0.19200000166893005,0.19200000166893005,0,0.0,0.0,0.0
2022-10-25 00:00:00+08:00,0.19200000166893005,0.19200000166893005,0.19200000166893005,0.19200000166893005,0,0.0,0.0,0.0
2022-10-26 00:00:00+08:00,0.19200000166893005,0.19200000166893005,0.19200000166893005,0.19200000166893005,0,0.0,0.0,0.0
2022-10-27 00:00:00+08:00,0.19200000166893005,0.19200000166893005,0.19200000166893005,0.19200000166893005,0,0.0,0.0,0.0
2022-10-28 00:00:00+08:00,0.19200000166893005,0.19200000166893005,0.19200000166893005,0.19200000166893005,0,0.0,0.0,0.0
2022-10-31 00:00:00+08:00,0.19200000166893005,0.19200000166893005,0.19200000166893005,0.19200000166893005,0,0.0,0.0,0.0
2022-11-01 00:00:00+08:00,0.19200000166893005,0.19200000166893005,0.19200000166893005,0.19200000166893005,0,0.0,0.0,0.0
2022-11-02 00:00:00+08:00,0.19200000166893005,0.19200000166893005,0.19200000166893005,0.19200000166893005,0,0.0,0.0,0.0
2022-11-03 00:00:00+08:00,0.19200000166893005,0.19200000166893005,0.19200000166893005,0.19200000166893005,0,0.0,0.0,0.0
2022-11-04 00:00:00+08:00,0.19200000166893005,0.19200000166893005,0.19200000166893005,0.19200000166893005,0,0.0,0.0,0.0
2022-11-07 00:00:00+08:00,0.19200000166893005,0.19200000166893005,0.19200000166893005,0.19200000166893005,0,0.0,0.0,0.0
2022-11-08 00:00:00+08:00,0.19200000166893005,0.19200000166893005,0.19200000166893005,0.19200000166893005,0,0.0,0.0,0.0
2022-11-09 00:00:00+08:00,0.19200000166893005,0.19200000166893005,0.19200000166893005,0.19200000166893005,0,0.0,0.0,0.0
2022-11-10 00:00:00+08:00,0.19200000166893005,0.19200000166893005,0.19200000166893005,0.19200000166893005,0,0.0,0.0,0.0
2022-11-11 00:00:00+08:00,0.19200000166893005,0.19200000166893005,0.19200000166893005,0.19200000166893005,0,0.0,0.0,0.0
2022-11-14 00:00:00+08:00,0.19200000166893005,0.19200000166893005,0.19200000166893005,0.19200000166893005,0,0.0,0.0,0.0
2022-11-15 00:00:00+08:00,0.19200000166893005,0.19200000166893005,0.19200000166893005,0.19200000166893005,0,0.0,0.0,0.0
2022-11-16 00:00:00+08:00,0.19200000166893005,0.19200000166893005,0.19200000166893005,0.19200000166893005,0,0.0,0.0,0.0
2022-11-17 00:00:00+08:00,0.19200000166893005,0.19200000166893005,0.19200000166893005,0.19200000166893005,0,0.0,0.0,0.0
2022-11-18 00:00:00+08:00,0.19200000166893005,0.19200000166893005,0.19200000166893005,0.19200000166893005,0,0.0,0.0,0.0
2022-11-21 00:00:00+08:00,0.19200000166893005,0.19200000166893005,0.19200000166893005,0.19200000166893005,0,0.0,0.0,0.0
2022-11-22 00:00:00+08:00,0.19200000166893005,0.19200000166893005,0.19200000166893005,0.19200000166893005,0,0.0,0.0,0.0
2022-11-23 00:00:00+08:00,0.19200000166893005,0.19200000166893005,0.19200000166893005,0.19200000166893005,0,0.0,0.0,0.0
2022-11-24 00:00:00+08:00,0.19200000166893005,0.19200000166893005,0.19200000166893005,0.19200000166893005,0,0.0,0.0,0.0
2022-11-25 00:00:00+08:00,0.19200000166893005,0.19200000166893005,0.19200000166893005,0.19200000166893005,0,0.0,0.0,0.0
2022-11-28 00:00:00+08:00,0.19200000166893005,0.19200000166893005,0.19200000166893005,0.19200000166893005,0,0.0,0.0,0.0
2022-11-29 00:00:00+08:00,0.19200000166893005,0.19200000166893005,0.19200000166893005,0.19200000166893005,0,0.0,0.0,0.0
2022-11-30 00:00:00+08:00,0.19200000166893005,0.19200000166893005,0.19200000166893005,0.19200000166893005,0,0.0,0.0,0.0
2022-12-01 00:00:00+08:00,0.19200000166893005,0.19200000166893005,0.19200000166893005,0.19200000166893005,0,0.0,0.0,0.0
2022-12-02 00:00:00+08:00,0.19200000166893005,0.19200000166893005,0.19200000166893005,0.19200000166893005,0,0.0,0.0,0.0
2022-12-05 00:00:00+08:00,0.19200000166893005,0.19200000166893005,0.19200000166893005,0.19200000166893005,0,0.0,0.0,0.0
2022-12-06 00:00:00+08:00,0.19200000166893005,0.19200000166893005,0.19200000166893005,0.19200000166893005,0,0.0,0.0,0.0
2022-12-07 00:00:00+08:00,0.19200000166893005,0.19200000166893005,0.19200000166893005,0.19200000166893005,0,0.0,0.0,0.0
2022-12-08 00:00:00+08:00,0.19200000166893005,0.19200000166893005,0.19200000166893005,0.19200000166893005,0,0.0,0.0,0.0
2022-12-09 00:00:00+08:00,0.19200000166893005,0.19200000166893005,0.19200000166893005,0.19200000166893005,0,0.0,0.0,0.0
2022-12-12 00:00:00+08:00,0.19200000166893005,0.19200000166893005,0.19200000166893005,0.19200000166893005,0,0.0,0.0,0.0
2022-12-13 00:00:00+08:00,0.19200000166893005,0.19200000166893005,0.19200000166893005,0.19200000166893005,0,0.0,0.0,0.0
2022-12-14 00:00:00+08:00,0.19200000166893005,0.19200000166893005,0.19200000166893005,0.19200000166893005,0,0.0,0.0,0.0
2022-12-15 00:00:00+08:00,0.19200000166893005,0.19200000166893005,0.19200000166893005,0.19200000166893005,0,0.0,0.0,0.0
2022-12-16 00:00:00+08:00,0.19200000166893005,0.19200000166893005,0.19200000166893005,0.19200000166893005,0,0.0,0.0,0.0
2022-12-19 00:00:00+08:00,0.19200000166893005,0.19200000166893005,0.19200000166893005,0.19200000166893005,0,0.0,0.0,0.0
2022-12-20 00:00:00+08:00,0.19200000166893005,0.19200000166893005,0.19200000166893005,0.19200000166893005,0,0.0,0.0,0.0
2022-12-21 00:00:00+08:00,0.19200000166893005,0.19200000166893005,0.19200000166893005,0.19200000166893005,0,0.0,0.0,0.0
2022-12-22 00:00:00+08:00,0.19200000166893005,0.19200000166893005,0.19200000166893005,0.19200000166893005,0,0.0,0.0,0.0
2022-12-23 00:00:00+08:00,0.19200000166893005,0.19200000166893005,0.19200000166893005,0.19200000166893005,0,0.0,0.0,0.0
2022-12-27 00:00:00+08:00,0.19200000166893005,0.19200000166893005,0.19200000166893005,0.19200000166893005,0,0.0,0.0,0.0
2022-12-28 00:00:00+08:00,0.19200000166893005,0.19200000166893005,0.19200000166893005,0.19200000166893005,0,0.0,0.0,0.0
2022-12-29 00:00:00+08:00,0.19200000166893005,0.19200000166893005,0.19200000166893005,0.19200000166893005,0,0.0,0.0,0.0
2022-12-30 00:00:00+08:00,0.19200000166893005,0.19200000166893005,0.19200000166893005,0.19200000166893005,0,0.0,0.0,0.0
2023-01-03 00:00:00+08:00,0.19200000166893005,0.19200000166893005,0.19200000166893005,0.19200000166893005,0,0.0,0.0,0.0
2023-01-04 00:00:00+08:00,0.19200000166893005,0.19200000166893005,0.19200000166893005,0.19200000166893005,0,0.0,0.0,0.0
2023-01-05 00:00:00+08:00,0.19200000166893005,0.19200000166893005,0.19200000166893005,0.19200000166893005,0,0.0,0.0,0.0
2023-01-06 00:00:00+08:00,0.19200000166893005,0.19200000166893005,0.19200000166893005,0.19200000166893005,0,0.0,0.0,0.0
2023-01-09 00:00:00+08:00,0.19200000166893005,0.19200000166893005,0.19200000166893005,0.19200000166893005,0,0.0,0.0,0.0
2023-01-10 00:00:00+08:00,0.19200000166893005,0.19200000166893005,0.19200000166893005,0.19200000166893005,0,0.0,0.0,0.0
2023-01-11 00:00:00+08:00,0.19200000166893005,0.19200000166893005,0.19200000166893005,0.19200000166893005,0,0.0,0.0,0.0
2023-01-12 00:00:00+08:00,0.19200000166893005,0.19200000166893005,0.19200000166893005,0.19200000166893005,0,0.0,0.0,0.0
2023-01-13 00:00:00+08:00,0.19200000166893005,0.19200000166893005,0.19200000166893005,0.19200000166893005,0,0.0,0.0,0.0
2023-01-16 00:00:00+08:00,0.19200000166893005,0.19200000166893005,0.19200000166893005,0.19200000166893005,0,0.0,0.0,0.0
2023-01-17 00:00:00+08:00,0.19200000166893005,0.19200000166893005,0.19200000166893005,0.19200000166893005,0,0.0,0.0,0.0
2023-01-18 00:00:00+08:00,0.19200000166893005,0.19200000166893005,0.19200000166893005,0.19200000166893005,0,0.0,0.0,0.0
2023-01-19 00:00:00+08:00,0.19200000166893005,0.19200000166893005,0.19200000166893005,0.19200000166893005,0,0.0,0.0,0.0
2023-01-20 00:00:00+08:00,0.19200000166893005,0.19200000166893005,0.19200000166893005,0.19200000166893005,0,0.0,0.0,0.0
2023-01-25 00:00:00+08:00,0.19200000166893005,0.19200000166893005,0.19200000166893005,0.19200000166893005,0,0.0,0.0,0.0
2023-01-26 00:00:00+08:00,0.19200000166893005,0.19200000166893005,0.19200000166893005,0.19200000166893005,0,0.0,0.0,0.0
2023-01-27 00:00:00+08:00,0.19200000166893005,0.19200000166893005,0.19200000166893005,0.19200000166893005,0,0.0,0.0,0.0
2023-01-30 00:00:00+08:00,0.19200000166893005,0.19200000166893005,0.19200000166893005,0.19200000166893005,0,0.0,0.0,0.0
2023-01-31 00:00:00+08:00,0.19200000166893005,0.19200000166893005,0.19200000166893005,0.19200000166893005,0,0.0,0.0,0.0
2023-02-01 00:00:00+08:00,0.19200000166893005,0.19200000166893005,0.19200000166893005,0.19200000166893005,0,0.0,0.0,0.0
2023-02-02 00:00:00+08:00,0.19200000166893005,0.19200000166893005,0.19200000166893005,0.19200000166893005,0,0.0,0.0,0.0
2023-02-03 00:00:00+08:00,0.19200000166893005,0.19200000166893005,0.19200000166893005,0.19200000166893005,0,0.0,0.0,0.0
2023-02-06 00:00:00+08:00,0.19200000166893005,0.19200000166893005,0.19200000166893005,0.19200000166893005,0,0.0,0.0,0.0
2023-02-07 00:00:00+08:00,0.19200000166893005,0.19200000166893005,0.19200000166893005,0.19200000166893005,0,0.0,0.0,0.0
2023-02-08 00:00:00+08:00,0.19200000166893005,0.19200000166893005,0.19200000166893005,0.19200000166893005,0,0.0,0.0,0.0
2023-02-09 00:00:00+08:00,0.19200000166893005,0.19200000166893005,0.19200000166893005,0.19200000166893005,0,0.0,0.0,0.0
2023-02-10 00:00:00+08:00,0.19200000166893005,0.19200000166893005,0.19200000166893005,0.19200000166893005,0,0.0,0.0,0.0
2023-02-13 00:00:00+08:00,0.19200000166893005,0.19200000166893005,0.19200000166893005,0.19200000166893005,0,0.0,0.0,0.0
2023-02-14 00:00:00+08:00,0.19200000166893005,0.19200000166893005,0.19200000166893005,0.19200000166893005,0,0.0,0.0,0.0
2023-02-15 00:00:00+08:00,0.19200000166893005,0.19200000166893005,0.19200000166893005,0.19200000166893005,0,0.0,0.0,0.0
2023-02-16 00:00:00+08:00,0.19200000166893005,0.19200000166893005,0.19200000166893005,0.19200000166893005,0,0.0,0.0,0.0
2023-02-17 00:00:00+08:00,0.19200000166893005,0.19200000166893005,0.19200000166893005,0.19200000166893005,0,0.0,0.0,0.0
2023-02-20 00:00:00+08:00,0.19200000166893005,0.19200000166893005,0.19200000166893005,0.19200000166893005,0,0.0,0.0,0.0
2023-02-21 00:00:00+08:00,0.19200000166893005,0.19200000166893005,0.19200000166893005,0.19200000166893005,0,0.0,0.0,0.0
2023-02-22 00:00:00+08:00,0.19200000166893005,0.19200000166893005,0.19200000166893005,0.19200000166893005,0,0.0,0.0,0.0
2023-02-23 00:00:00+08:00,0.19200000166893005,0.19200000166893005,0.19200000166893005,0.19200000166893005,0,0.0,0.0,0.0
2023-02-24 00:00:00+08:00,0.19200000166893005,0.19200000166893005,0.19200000166893005,0.19200000166893005,0,0.0,0.0,0.0
2023-02-27 00:00:00+08:00,0.19200000166893005,0.19200000166893005,0.19200000166893005,0.19200000166893005,0,0.0,0.0,0.0
2023-02-28 00:00:00+08:00,0.19200000166893005,0.19200000166893005,0.19200000166893005,0.19200000166893005,0,0.0,0.0,0.0
2023-03-01 00:00:00+08:00,0.19200000166893005,0.19200000166893005,0.19200000166893005,0.19200000166893005,0,0.0,0.0,0.0
2023-03-02 00:00:00+08:00,0.19200000166893005,0.19200000166893005,0.19200000166893005,0.19200000166893005,0,0.0,0.0,0.0
2023-03-03 00:00:00+08:00,0.19200000166893005,0.19200000166893005,0.19200000166893005,0.19200000166893005,0,0.0,0.0,0.0
2023-03-06 00:00:00+08:00,0.19200000166893005,0.19200000166893005,0.19200000166893005,0.19200000166893005,0,0.0,0.0,0.0
2023-03-07 00:00:00+08:00,0.19200000166893005,0.19200000166893005,0.19200000166893005,0.19200000166893005,0,0.0,0.0,0.0
2023-03-08 00:00:00+08:00,0.19200000166893005,0.19200000166893005,0.19200000166893005,0.19200000166893005,0,0.0,0.0,0.0
2023-03-09 00:00:00+08:00,0.19200000166893005,0.19200000166893005,0.19200000166893005,0.19200000166893005,0,0.0,0.0,0.0
2023-03-10 00:00:00+08:00,0.19200000166893005,0.19200000166893005,0.19200000166893005,0.19200000166893005,0,0.0,0.0,0.0
2023-03-13 00:00:00+08:00,0.19200000166893005,0.19200000166893005,0.19200000166893005,0.19200000166893005,0,0.0,0.0,0.0
2023-03-14 00:00:00+08:00,0.19200000166893005,0.19200000166893005,0.19200000166893005,0.19200000166893005,0,0.0,0.0,0.0
2023-03-15 00:00:00+08:00,0.19200000166893005,0.19200000166893005,0.19200000166893005,0.19200000166893005,0,0.0,0.0,0.0
2023-03-16 00:00:00+08:00,0.19200000166893005,0.19200000166893005,0.19200000166893005,0.19200000166893005,0,0.0,0.0,0.0
2023-03-17 00:00:00+08:00,0.19200000166893005,0.19200000166893005,0.19200000166893005,0.19200000166893005,0,0.0,0.0,0.0
2023-03-20 00:00:00+08:00,0.19200000166893005,0.19200000166893005,0.19200000166893005,0.19200000166893005,0,0.0,0.0,0.0
2023-03-21 00:00:00+08:00,0.19200000166893005,0.19200000166893005,0.19200000166893005,0.19200000166893005,0,0.0,0.0,0.0
2023-03-22 00:00:00+08:00,0.19200000166893005,0.19200000166893005,0.19200000166893005,0.19200000166893005,0,0.0,0.0,0.0
2023-03-23 00:00:00+08:00,0.19200000166893005,0.19200000166893005,0.19200000166893005,0.19200000166893005,0,0.0,0.0,0.0
2023-03-24 00:00:00+08:00,0.19200000166893005,0.19200000166893005,0.19200000166893005,0.19200000166893005,0,0.0,0.0,0.0
2023-03-27 00:00:00+08:00,0.19200000166893005,0.19200000166893005,0.19200000166893005,0.19200000166893005,0,0.0,0.0,0.0
2023-03-28 00:00:00+08:00,0.19200000166893005,0.19200000166893005,0.19200000166893005,0.19200000166893005,0,0.0,0.0,0.0
2023-03-29 00:00:00+08:00,0.19200000166893005,0.19200000166893005,0.19200000166893005,0.19200000166893005,0,0.0,0.0,0.0
2023-03-30 00:00:00+08:00,0.19200000166893005,0.19200000166893005,0.19200000166893005,0.19200000166893005,0,0.0,0.0,0.0
2023-03-31 00:00:00+08:00,0.19200000166893005,0.19200000166893005,0.19200000166893005,0.19200000166893005,0,0.0,0.0,0.0
2023-04-03 00:00:00+08:00,0.19200000166893005,0.19200000166893005,0.19200000166893005,0.19200000166893005,0,0.0,0.0,0.0
2023-04-04 00:00:00+08:00,0.19200000166893005,0.19200000166893005,0.19200000166893005,0.19200000166893005,0,0.0,0.0,0.0
2023-04-05 00:00:00+08:00,0.19200000166893005,0.19200000166893005,0.19200000166893005,0.19200000166893005,0,0.0,0.0,0.0
2023-04-06 00:00:00+08:00,0.19200000166893005,0.19200000166893005,0.19200000166893005,0.19200000166893005,0,0.0,0.0,0.0
2023-04-10 00:00:00+08:00,0.19200000166893005,0.19200000166893005,0.19200000166893005,0.19200000166893005,0,0.0,0.0,0.0
2023-04-11 00:00:00+08:00,0.19200000166893005,0.19200000166893005,0.19200000166893005,0.19200000166893005,0,0.0,0.0,0.0
2023-04-12 00:00:00+08:00,0.19200000166893005,0.19200000166893005,0.19200000166893005,0.19200000166893005,0,0.0,0.0,0.0
2023-04-13 00:00:00+08:00,0.19200000166893005,0.19200000166893005,0.19200000166893005,0.19200000166893005,0,0.0,0.0,0.0
2023-04-14 00:00:00+08:00,0.19200000166893005,0.19200000166893005,0.19200000166893005,0.19200000166893005,0,0.0,0.0,0.0
2023-04-17 00:00:00+08:00,0.19200000166893005,0.19200000166893005,0.19200000166893005,0.19200000166893005,0,0.0,0.0,0.0
2023-04-18 00:00:00+08:00,0.19200000166893005,0.19200000166893005,0.19200000166893005,0.19200000166893005,0,0.0,0.0,0.0
2023-04-19 00:00:00+08:00,0.19200000166893005,0.19200000166893005,0.19200000166893005,0.19200000166893005,0,0.0,0.0,0.0
2023-04-20 00:00:00+08:00,0.19200000166893005,0.19200000166893005,0.19200000166893005,0.19200000166893005,0,0.0,0.0,0.0
2023-04-21 00:00:00+08:00,0.19200000166893005,0.19200000166893005,0.19200000166893005,0.19200000166893005,0,0.0,0.0,0.0
2023-04-24 00:00:00+08:00,0.19200000166893005,0.19200000166893005,0.19200000166893005,0.19200000166893005,0,0.0,0.0,0.0
2023-04-25 00:00:00+08:00,0.19200000166893005,0.19200000166893005,0.19200000166893005,0.19200000166893005,0,0.0,0.0,0.0
2023-04-26 00:00:00+08:00,0.19200000166893005,0.19200000166893005,0.19200000166893005,0.19200000166893005,0,0.0,0.0,0.0
2023-04-27 00:00:00+08:00,0.19200000166893005,0.19200000166893005,0.19200000166893005,0.19200000166893005,0,0.0,0.0,0.0
2023-04-28 00:00:00+08:00,0.19200000166893005,0.19200000166893005,0.19200000166893005,0.19200000166893005,0,0.0,0.0,0.0
2023-05-02 00:00:00+08:00,0.19200000166893005,0.19200000166893005,0.19200000166893005,0.19200000166893005,0,0.0,0.0,0.0
2023-05-03 00:00:00+08:00,0.19200000166893005,0.19200000166893005,0.19200000166893005,0.19200000166893005,0,0.0,0.0,0.0
2023-05-04 00:00:00+08:00,0.19200000166893005,0.19200000166893005,0.19200000166893005,0.19200000166893005,0,0.0,0.0,0.0
2023-05-05 00:00:00+08:00,0.19200000166893005,0.19200000166893005,0.19200000166893005,0.19200000166893005,0,0.0,0.0,0.0
2023-05-08 00:00:00+08:00,0.19200000166893005,0.19200000166893005,0.19200000166893005,0.19200000166893005,0,0.0,0.0,0.0
2023-05-09 00:00:00+08:00,0.19200000166893005,0.19200000166893005,0.19200000166893005,0.19200000166893005,0,0.0,0.0,0.0
2023-05-10 00:00:00+08:00,0.19200000166893005,0.19200000166893005,0.19200000166893005,0.19200000166893005,0,0.0,0.0,0.0
2023-05-11 00:00:00+08:00,0.19200000166893005,0.19200000166893005,0.19200000166893005,0.19200000166893005,0,0.0,0.0,0.0
2023-05-12 00:00:00+08:00,0.19200000166893005,0.19200000166893005,0.19200000166893005,0.19200000166893005,0,0.0,0.0,0.0
2023-05-15 00:00:00+08:00,0.19200000166893005,0.19200000166893005,0.19200000166893005,0.19200000166893005,0,0.0,0.0,0.0
2023-05-16 00:00:00+08:00,0.19200000166893005,0.19200000166893005,0.19200000166893005,0.19200000166893005,0,0.0,0.0,0.0
2023-05-17 00:00:00+08:00,0.19200000166893005,0.19200000166893005,0.19200000166893005,0.19200000166893005,0,0.0,0.0,0.0
2023-05-18 00:00:00+08:00,0.19200000166893005,0.19200000166893005,0.19200000166893005,0.19200000166893005,0,0.0,0.0,0.0
2023-05-19 00:00:00+08:00,0.19200000166893005,0.19200000166893005,0.19200000166893005,0.19200000166893005,0,0.0,0.0,0.0
2023-05-22 00:00:00+08:00,0.19200000166893005,0.19200000166893005,0.19200000166893005,0.19200000166893005,0,0.0,0.0,0.0
2023-05-23 00:00:00+08:00,0.19200000166893005,0.19200000166893005,0.19200000166893005,0.19200000166893005,0,0.0,0.0,0.0
2023-05-24 00:00:00+08:00,0.19200000166893005,0.19200000166893005,0.19200000166893005,0.19200000166893005,0,0.0,0.0,0.0
2023-05-25 00:00:00+08:00,0.19200000166893005,0.19200000166893005,0.19200000166893005,0.19200000166893005,0,0.0,0.0,0.0
2023-05-26 00:00:00+08:00,0.19200000166893005,0.19200000166893005,0.19200000166893005,0.19200000166893005,0,0.0,0.0,0.0
2023-05-29 00:00:00+08:00,0.19200000166893005,0.19200000166893005,0.19200000166893005,0.19200000166893005,0,0.0,0.0,0.0
2023-05-30 00:00:00+08:00,0.19200000166893005,0.19200000166893005,0.19200000166893005,0.19200000166893005,0,0.0,0.0,0.0
2023-05-31 00:00:00+08:00,0.19200000166893005,0.19200000166893005,0.19200000166893005,0.19200000166893005,0,0.0,0.0,0.0
2023-06-01 00:00:00+08:00,0.19200000166893005,0.19200000166893005,0.19200000166893005,0.19200000166893005,0,0.0,0.0,0.0
2023-06-05 00:00:00+08:00,0.19200000166893005,0.19200000166893005,0.19200000166893005,0.19200000166893005,0,0.0,0.0,0.0
2023-06-06 00:00:00+08:00,0.19200000166893005,0.19200000166893005,0.19200000166893005,0.19200000166893005,0,0.0,0.0,0.0
2023-06-07 00:00:00+08:00,0.19200000166893005,0.19200000166893005,0.19200000166893005,0.19200000166893005,0,0.0,0.0,0.0
2023-06-08 00:00:00+08:00,0.19200000166893005,0.19200000166893005,0.19200000166893005,0.19200000166893005,0,0.0,0.0,0.0
2023-06-09 00:00:00+08:00,0.19200000166893005,0.19200000166893005,0.19200000166893005,0.19200000166893005,0,0.0,0.0,0.0
2023-06-12 00:00:00+08:00,0.19200000166893005,0.19200000166893005,0.19200000166893005,0.19200000166893005,0,0.0,0.0,0.0
2023-06-13 00:00:00+08:00,0.19200000166893005,0.19200000166893005,0.19200000166893005,0.19200000166893005,0,0.0,0.0,0.0
2023-06-14 00:00:00+08:00,0.19200000166893005,0.19200000166893005,0.19200000166893005,0.19200000166893005,0,0.0,0.0,0.0
2023-06-15 00:00:00+08:00,0.19200000166893005,0.19200000166893005,0.19200000166893005,0.19200000166893005,0,0.0,0.0,0.0
2023-06-16 00:00:00+08:00,0.19200000166893005,0.19200000166893005,0.19200000166893005,0.19200000166893005,0,0.0,0.0,0.0
2023-06-19 00:00:00+08:00,0.19200000166893005,0.19200000166893005,0.19200000166893005,0.19200000166893005,0,0.0,0.0,0.0
2023-06-20 00:00:00+08:00,0.19200000166893005,0.19200000166893005,0.19200000166893005,0.19200000166893005,0,0.0,0.0,0.0
2023-06-21 00:00:00+08:00,0.19200000166893005,0.19200000166893005,0.19200000166893005,0.19200000166893005,0,0.0,0.0,0.0
2023-06-22 00:00:00+08:00,0.19200000166893005,0.19200000166893005,0.19200000166893005,0.19200000166893005,0,0.0,0.0,0.0
2023-06-23 00:00:00+08:00,0.19200000166893005,0.19200000166893005,0.19200000166893005,0.19200000166893005,0,0.0,0.0,0.0
2023-06-26 00:00:00+08:00,0.19200000166893005,0.19200000166893005,0.19200000166893005,0.19200000166893005,0,0.0,0.0,0.0
2023-06-27 00:00:00+08:00,0.19200000166893005,0.19200000166893005,0.19200000166893005,0.19200000166893005,0,0.0,0.0,0.0
2023-06-28 00:00:00+08:00,0.19200000166893005,0.19200000166893005,0.19200000166893005,0.19200000166893005,0,0.0,0.0,0.0
2023-06-30 00:00:00+08:00,0.19200000166893005,0.19200000166893005,0.19200000166893005,0.19200000166893005,0,0.0,0.0,0.0
2023-07-03 00:00:00+08:00,0.19200000166893005,0.19200000166893005,0.19200000166893005,0.19200000166893005,0,0.0,0.0,0.0
2023-07-04 00:00:00+08:00,0.19200000166893005,0.19200000166893005,0.19200000166893005,0.19200000166893005,0,0.0,0.0,0.0
2023-07-05 00:00:00+08:00,0.19200000166893005,0.19200000166893005,0.19200000166893005,0.19200000166893005,0,0.0,0.0,0.0
2023-07-06 00:00:00+08:00,0.19200000166893005,0.19200000166893005,0.19200000166893005,0.19200000166893005,0,0.0,0.0,0.0
2023-07-07 00:00:00+08:00,0.19200000166893005,0.19200000166893005,0.19200000166893005,0.19200000166893005,0,0.0,0.0,0.0
2023-07-10 00:00:00+08:00,0.19200000166893005,0.19200000166893005,0.19200000166893005,0.19200000166893005,0,0.0,0.0,0.0
2023-07-11 00:00:00+08:00,0.19200000166893005,0.19200000166893005,0.19200000166893005,0.19200000166893005,0,0.0,0.0,0.0
2023-07-12 00:00:00+08:00,0.19200000166893005,0.19200000166893005,0.19200000166893005,0.19200000166893005,0,0.0,0.0,0.0
2023-07-13 00:00:00+08:00,0.19200000166893005,0.19200000166893005,0.19200000166893005,0.19200000166893005,0,0.0,0.0,0.0
2023-07-14 00:00:00+08:00,0.19200000166893005,0.19200000166893005,0.19200000166893005,0.19200000166893005,0,0.0,0.0,0.0
2023-07-17 00:00:00+08:00,0.19200000166893005,0.19200000166893005,0.19200000166893005,0.19200000166893005,0,0.0,0.0,0.0
2023-07-18 00:00:00+08:00,0.19200000166893005,0.19200000166893005,0.19200000166893005,0.19200000166893005,0,0.0,0.0,0.0
2023-07-19 00:00:00+08:00,0.19200000166893005,0.19200000166893005,0.19200000166893005,0.19200000166893005,0,0.0,0.0,0.0
2023-07-20 00:00:00+08:00,0.19200000166893005,0.19200000166893005,0.19200000166893005,0.19200000166893005,0,0.0,0.0,0.0
2023-07-21 00:00:00+08:00,0.19200000166893005,0.19200000166893005,0.19200000166893005,0.19200000166893005,0,0.0,0.0,0.0
2023-07-24 00:00:00+08:00,0.19200000166893005,0.19200000166893005,0.19200000166893005,0.19200000166893005,0,0.0,0.0,0.0
2023-07-25 00:00:00+08:00,0.19200000166893005,0.19200000166893005,0.19200000166893005,0.19200000166893005,0,0.0,0.0,0.0
2023-07-26 00:00:00+08:00,0.19200000166893005,0.19200000166893005,0.19200000166893005,0.19200000166893005,0,0.0,0.0,0.0
2023-07-27 00:00:00+08:00,0.19200000166893005,0.19200000166893005,0.19200000166893005,0.19200000166893005,0,0.0,0.0,0.0
2023-07-28 00:00:00+08:00,0.19200000166893005,0.19200000166893005,0.19200000166893005,0.19200000166893005,0,0.0,0.0,0.0
2023-07-31 00:00:00+08:00,0.19200000166893005,0.19200000166893005,0.19200000166893005,0.19200000166893005,0,0.0,0.0,0.0
2023-08-01 00:00:00+08:00,0.19200000166893005,0.19200000166893005,0.19200000166893005,0.19200000166893005,0,0.0,0.0,0.0
2023-08-02 00:00:00+08:00,0.19200000166893005,0.19200000166893005,0.19200000166893005,0.19200000166893005,0,0.0,0.0,0.0
2023-08-03 00:00:00+08:00,0.19200000166893005,0.19200000166893005,0.19200000166893005,0.19200000166893005,0,0.0,0.0,0.0
2023-08-04 00:00:00+08:00,0.19200000166893005,0.19200000166893005,0.19200000166893005,0.19200000166893005,0,0.0,0.0,0.0
2023-08-07 00:00:00+08:00,0.19200000166893005,0.19200000166893005,0.19200000166893005,0.19200000166893005,0,0.0,0.0,0.0
2023-08-08 00:00:00+08:00,0.19200000166893005,0.19200000166893005,0.19200000166893005,0.19200000166893005,0,0.0,0.0,0.0
2023-08-10 00:00:00+08:00,0.19200000166893005,0.19200000166893005,0.19200000166893005,0.19200000166893005,0,0.0,0.0,0.0
2023-08-11 00:00:00+08:00,0.19200000166893005,0.19200000166893005,0.19200000166893005,0.19200000166893005,0,0.0,0.0,0.0
2023-08-14 00:00:00+08:00,0.19200000166893005,0.19200000166893005,0.19200000166893005,0.19200000166893005,0,0.0,0.0,0.0
2023-08-15 00:00:00+08:00,0.19200000166893005,0.19200000166893005,0.19200000166893005,0.19200000166893005,0,0.0,0.0,0.0
2023-08-16 00:00:00+08:00,0.19200000166893005,0.19200000166893005,0.19200000166893005,0.19200000166893005,0,0.0,0.0,0.0
2023-08-17 00:00:00+08:00,0.19200000166893005,0.19200000166893005,0.19200000166893005,0.19200000166893005,0,0.0,0.0,0.0
2023-08-18 00:00:00+08:00,0.19200000166893005,0.19200000166893005,0.19200000166893005,0.19200000166893005,0,0.0,0.0,0.0
2023-08-21 00:00:00+08:00,0.19200000166893005,0.19200000166893005,0.19200000166893005,0.19200000166893005,0,0.0,0.0,0.0
2023-08-22 00:00:00+08:00,0.19200000166893005,0.19200000166893005,0.19200000166893005,0.19200000166893005,0,0.0,0.0,0.0
2023-08-23 00:00:00+08:00,0.19200000166893005,0.19200000166893005,0.19200000166893005,0.19200000166893005,0,0.0,0.0,0.0
2023-08-24 00:00:00+08:00,0.19200000166893005,0.19200000166893005,0.19200000166893005,0.19200000166893005,0,0.0,0.0,0.0
2023-08-25 00:00:00+08:00,0.19200000166893005,0.19200000166893005,0.19200000166893005,0.19200000166893005,0,0.0,0.0,0.0
2023-08-28 00:00:00+08:00,0.19200000166893005,0.19200000166893005,0.19200000166893005,0.19200000166893005,0,0.0,0.0,0.0
2023-08-29 00:00:00+08:00,0.19200000166893005,0.19200000166893005,0.19200000166893005,0.19200000166893005,0,0.0,0.0,0.0
2023-08-30 00:00:00+08:00,0.19200000166893005,0.19200000166893005,0.19200000166893005,0.19200000166893005,0,0.0,0.0,0.0
2023-08-31 00:00:00+08:00,0.19200000166893005,0.19200000166893005,0.19200000166893005,0.19200000166893005,0,0.0,0.0,0.0
2023-09-04 00:00:00+08:00,0.19200000166893005,0.19200000166893005,0.19200000166893005,0.19200000166893005,0,0.0,0.0,0.0
2023-09-05 00:00:00+08:00,0.19200000166893005,0.19200000166893005,0.19200000166893005,0.19200000166893005,0,0.0,0.0,0.0
2023-09-06 00:00:00+08:00,0.19200000166893005,0.19200000166893005,0.19200000166893005,0.19200000166893005,0,0.0,0.0,0.0
2023-09-07 00:00:00+08:00,0.19200000166893005,0.19200000166893005,0.19200000166893005,0.19200000166893005,0,0.0,0.0,0.0
2023-09-08 00:00:00+08:00,0.19200000166893005,0.19200000166893005,0.19200000166893005,0.19200000166893005,0,0.0,0.0,0.0
2023-09-11 00:00:00+08:00,0.19200000166893005,0.19200000166893005,0.19200000166893005,0.19200000166893005,0,0.0,0.0,0.0
2023-09-12 00:00:00+08:00,0.19200000166893005,0.19200000166893005,0.19200000166893005,0.19200000166893005,0,0.0,0.0,0.0
2023-09-13 00:00:00+08:00,0.19200000166893005,0.19200000166893005,0.19200000166893005,0.19200000166893005,0,0.0,0.0,0.0
2023-09-14 00:00:00+08:00,0.19200000166893005,0.19200000166893005,0.19200000166893005,0.19200000166893005,0,0.0,0.0,0.0
2023-09-15 00:00:00+08:00,0.19200000166893005,0.19200000166893005,0.19200000166893005,0.19200000166893005,0,0.0,0.0,0.0
2023-09-18 00:00:00+08:00,0.19200000166893005,0.19200000166893005,0.19200000166893005,0.19200000166893005,0,0.0,0.0,0.0
2023-09-19 00:00:00+08:00,0.19200000166893005,0.19200000166893005,0.19200000166893005,0.19200000166893005,0,0.0,0.0,0.0
2023-09-20 00:00:00+08:00,0.19200000166893005,0.19200000166893005,0.19200000166893005,0.19200000166893005,0,0.0,0.0,0.0
2023-09-21 00:00:00+08:00,0.19200000166893005,0.19200000166893005,0.19200000166893005,0.19200000166893005,0,0.0,0.0,0.0
2023-09-22 00:00:00+08:00,0.19200000166893005,0.19200000166893005,0.19200000166893005,0.19200000166893005,0,0.0,0.0,0.0
2023-09-25 00:00:00+08:00,0.19200000166893005,0.19200000166893005,0.19200000166893005,0.19200000166893005,0,0.0,0.0,0.0
2023-09-26 00:00:00+08:00,0.19200000166893005,0.19200000166893005,0.19200000166893005,0.19200000166893005,0,0.0,0.0,0.0
2023-09-27 00:00:00+08:00,0.19200000166893005,0.19200000166893005,0.19200000166893005,0.19200000166893005,0,0.0,0.0,0.0
2023-09-28 00:00:00+08:00,0.19200000166893005,0.19200000166893005,0.19200000166893005,0.19200000166893005,0,0.0,0.0,0.0
2023-09-29 00:00:00+08:00,0.19200000166893005,0.19200000166893005,0.19200000166893005,0.19200000166893005,0,0.0,0.0,0.0
2023-10-02 00:00:00+08:00,0.19200000166893005,0.19200000166893005,0.19200000166893005,0.19200000166893005,0,0.0,0.0,0.0
2023-10-03 00:00:00+08:00,0.19200000166893005,0.19200000166893005,0.19200000166893005,0.19200000166893005,0,0.0,0.0,0.0
2023-10-04 00:00:00+08:00,0.19200000166893005,0.19200000166893005,0.19200000166893005,0.19200000166893005,0,0.0,0.0,0.0
2023-10-05 00:00:00+08:00,0.19200000166893005,0.19200000166893005,0.19200000166893005,0.19200000166893005,0,0.0,0.0,0.0
2023-10-06 00:00:00+08:00,0.19200000166893005,0.19200000166893005,0.19200000166893005,0.19200000166893005,0,0.0,0.0,0.0
2023-10-09 00:00:00+08:00,0.19200000166893005,0.19200000166893005,0.19200000166893005,0.19200000166893005,0,0.0,0.0,0.0
2023-10-10 00:00:00+08:00,0.19200000166893005,0.19200000166893005,0.19200000166893005,0.19200000166893005,0,0.0,0.0,0.0
2023-10-11 00:00:00+08:00,0.19200000166893005,0.19200000166893005,0.19200000166893005,0.19200000166893005,0,0.0,0.0,0.0
2023-10-12 00:00:00+08:00,0.19200000166893005,0.19200000166893005,0.19200000166893005,0.19200000166893005,0,0.0,0.0,0.0
2023-10-13 00:00:00+08:00,0.19200000166893005,0.19200000166893005,0.19200000166893005,0.19200000166893005,0,0.0,0.0,0.0
2023-10-16 00:00:00+08:00,0.19200000166893005,0.19200000166893005,0.19200000166893005,0.19200000166893005,0,0.0,0.0,0.0
2023-10-17 00:00:00+08:00,0.19200000166893005,0.19200000166893005,0.19200000166893005,0.19200000166893005,0,0.0,0.0,0.0
2023-10-18 00:00:00+08:00,0.19200000166893005,0.19200000166893005,0.19200000166893005,0.19200000166893005,0,0.0,0.0,0.0
2023-10-19 00:00:00+08:00,0.19200000166893005,0.19200000166893005,0.19200000166893005,0.19200000166893005,0,0.0,0.0,0.0
2023-10-20 00:00:00+08:00,0.19200000166893005,0.19200000166893005,0.19200000166893005,0.19200000166893005,0,0.0,0.0,0.0
2023-10-23 00:00:00+08:00,0.19200000166893005,0.19200000166893005,0.19200000166893005,0.19200000166893005,0,0.0,0.0,0.0
2023-10-24 00:00:00+08:00,0.19200000166893005,0.19200000166893005,0.19200000166893005,0.19200000166893005,0,0.0,0.0,0.0
2023-10-25 00:00:00+08:00,0.19200000166893005,0.19200000166893005,0.19200000166893005,0.19200000166893005,0,0.0,0.0,0.0
2023-10-26 00:00:00+08:00,0.19200000166893005,0.19200000166893005,0.19200000166893005,0.19200000166893005,0,0.0,0.0,0.0
2023-10-27 00:00:00+08:00,0.19200000166893005,0.19200000166893005,0.19200000166893005,0.19200000166893005,0,0.0,0.0,0.0
2023-10-30 00:00:00+08:00,0.19200000166893005,0.19200000166893005,0.19200000166893005,0.19200000166893005,0,0.0,0.0,0.0
2023-10-31 00:00:00+08:00,0.19200000166893005,0.19200000166893005,0.19200000166893005,0.19200000166893005,0,0.0,0.0,0.0
2023-11-01 00:00:00+08:00,0.19200000166893005,0.19200000166893005,0.19200000166893005,0.19200000166893005,0,0.0,0.0,0.0
2023-11-02 00:00:00+08:00,0.19200000166893005,0.19200000166893005,0.19200000166893005,0.19200000166893005,0,0.0,0.0,0.0
2023-11-03 00:00:00+08:00,0.19200000166893005,0.19200000166893005,0.19200000166893005,0.19200000166893005,0,0.0,0.0,0.0
2023-11-06 00:00:00+08:00,0.19200000166893005,0.19200000166893005,0.19200000166893005,0.19200000166893005,0,0.0,0.0,0.0
2023-11-07 00:00:00+08:00,0.19200000166893005,0.19200000166893005,0.19200000166893005,0.19200000166893005,0,0.0,0.0,0.0
2023-11-08 00:00:00+08:00,0.19200000166893005,0.19200000166893005,0.19200000166893005,0.19200000166893005,0,0.0,0.0,0.0
2023-11-09 00:00:00+08:00,0.19200000166893005,0.19200000166893005,0.19200000166893005,0.19200000166893005,0,0.0,0.0,0.0
2023-11-10 00:00:00+08:00,0.19200000166893005,0.19200000166893005,0.19200000166893005,0.19200000166893005,0,0.0,0.0,0.0
2023-11-14 00:00:00+08:00,0.19200000166893005,0.19200000166893005,0.19200000166893005,0.19200000166893005,0,0.0,0.0,0.0
2023-11-15 00:00:00+08:00,0.19200000166893005,0.19200000166893005,0.19200000166893005,0.19200000166893005,0,0.0,0.0,0.0
2023-11-16 00:00:00+08:00,0.19200000166893005,0.19200000166893005,0.19200000166893005,0.19200000166893005,0,0.0,0.0,0.0
2023-11-17 00:00:00+08:00,0.19200000166893005,0.19200000166893005,0.19200000166893005,0.19200000166893005,0,0.0,0.0,0.0
2023-11-20 00:00:00+08:00,0.19200000166893005,0.19200000166893005,0.19200000166893005,0.19200000166893005,0,0.0,0.0,0.0
2023-11-21 00:00:00+08:00,0.19200000166893005,0.19200000166893005,0.19200000166893005,0.19200000166893005,0,0.0,0.0,0.0
2023-11-22 00:00:00+08:00,0.19200000166893005,0.19200000166893005,0.19200000166893005,0.19200000166893005,0,0.0,0.0,0.0
2023-11-23 00:00:00+08:00,0.19200000166893005,0.19200000166893005,0.19200000166893005,0.19200000166893005,0,0.0,0.0,0.0
2023-11-24 00:00:00+08:00,0.19200000166893005,0.19200000166893005,0.19200000166893005,0.19200000166893005,0,0.0,0.0,0.0
2023-11-27 00:00:00+08:00,0.19200000166893005,0.19200000166893005,0.19200000166893005,0.19200000166893005,0,0.0,0.0,0.0
2023-11-28 00:00:00+08:00,0.19200000166893005,0.19200000166893005,0.19200000166893005,0.19200000166893005,0,0.0,0.0,0.0
2023-11-29 00:00:00+08:00,0.19200000166893005,0.19200000166893005,0.19200000166893005,0.19200000166893005,0,0.0,0.0,0.0
2023-11-30 00:00:00+08:00,0.19200000166893005,0.19200000166893005,0.19200000166893005,0.19200000166893005,0,0.0,0.0,0.0
2023-12-01 00:00:00+08:00,0.19200000166893005,0.19200000166893005,0.19200000166893005,0.19200000166893005,0,0.0,0.0,0.0
2023-12-04 00:00:00+08:00,0.19200000166893005,0.19200000166893005,0.19200000166893005,0.19200000166893005,0,0.0,0.0,0.0
2023-12-05 00:00:00+08:00,0.19200000166893005,0.19200000166893005,0.19200000166893005,0.19200000166893005,0,0.0,0.0,0.0
2023-12-06 00:00:00+08:00,0.19200000166893005,0.19200000166893005,0.19200000166893005,0.19200000166893005,0,0.0,0.0,0.0
2023-12-07 00:00:00+08:00,0.19200000166893005,0.19200000166893005,0.19200000166893005,0.19200000166893005,0,0.0,0.0,0.0
2023-12-08 00:00:00+08:00,0.19200000166893005,0.19200000166893005,0.19200000166893005,0.19200000166893005,0,0.0,0.0,0.0
2023-12-11 00:00:00+08:00,0.19200000166893005,0.19200000166893005,0.19200000166893005,0.19200000166893005,0,0.0,0.0,0.0
2023-12-12 00:00:00+08:00,0.19200000166893005,0.19200000166893005,0.19200000166893005,0.19200000166893005,0,0.0,0.0,0.0
2023-12-13 00:00:00+08:00,0.19200000166893005,0.19200000166893005,0.19200000166893005,0.19200000166893005,0,0.0,0.0,0.0
2023-12-14 00:00:00+08:00,0.19200000166893005,0.19200000166893005,0.19200000166893005,0.19200000166893005,0,0.0,0.0,0.0
2023-12-15 00:00:00+08:00,0.19200000166893005,0.19200000166893005,0.19200000166893005,0.19200000166893005,0,0.0,0.0,0.0
2023-12-18 00:00:00+08:00,0.19200000166893005,0.19200000166893005,0.19200000166893005,0.19200000166893005,0,0.0,0.0,0.0
2023-12-19 00:00:00+08:00,0.19200000166893005,0.19200000166893005,0.19200000166893005,0.19200000166893005,0,0.0,0.0,0.0
2023-12-20 00:00:00+08:00,0.19200000166893005,0.19200000166893005,0.19200000166893005,0.19200000166893005,0,0.0,0.0,0.0
2023-12-21 00:00:00+08:00,0.19200000166893005,0.19200000166893005,0.19200000166893005,0.19200000166893005,0,0.0,0.0,0.0
2023-12-22 00:00:00+08:00,0.19200000166893005,0.19200000166893005,0.19200000166893005,0.19200000166893005,0,0.0,0.0,0.0
2023-12-26 00:00:00+08:00,0.19200000166893005,0.19200000166893005,0.19200000166893005,0.19200000166893005,0,0.0,0.0,0.0
2023-12-27 00:00:00+08:00,0.19200000166893005,0.19200000166893005,0.19200000166893005,0.19200000166893005,0,0.0,0.0,0.0
2023-12-28 00:00:00+08:00,0.19200000166893005,0.19200000166893005,0.19200000166893005,0.19200000166893005,0,0.0,0.0,0.0
2023-12-29 00:00:00+08:00,0.19200000166893005,0.19200000166893005,0.19200000166893005,0.19200000166893005,0,0.0,0.0,0.0
2024-01-02 00:00:00+08:00,0.19200000166893005,0.19200000166893005,0.19200000166893005,0.19200000166893005,0,0.0,0.0,0.0
2024-01-03 00:00:00+08:00,0.19200000166893005,0.19200000166893005,0.19200000166893005,0.19200000166893005,0,0.0,0.0,0.0
2024-01-04 00:00:00+08:00,0.19200000166893005,0.19200000166893005,0.19200000166893005,0.19200000166893005,0,0.0,0.0,0.0
2024-01-05 00:00:00+08:00,0.19200000166893005,0.19200000166893005,0.19200000166893005,0.19200000166893005,0,0.0,0.0,0.0
2024-01-08 00:00:00+08:00,0.19200000166893005,0.19200000166893005,0.19200000166893005,0.19200000166893005,0,0.0,0.0,0.0
2024-01-09 00:00:00+08:00,0.19200000166893005,0.19200000166893005,0.19200000166893005,0.19200000166893005,0,0.0,0.0,0.0
2024-01-10 00:00:00+08:00,0.19200000166893005,0.19200000166893005,0.19200000166893005,0.19200000166893005,0,0.0,0.0,0.0
2024-01-11 00:00:00+08:00,0.19200000166893005,0.19200000166893005,0.19200000166893005,0.19200000166893005,0,0.0,0.0,0.0
2024-01-12 00:00:00+08:00,0.19200000166893005,0.19200000166893005,0.19200000166893005,0.19200000166893005,0,0.0,0.0,0.0
2024-01-15 00:00:00+08:00,0.19200000166893005,0.19200000166893005,0.19200000166893005,0.19200000166893005,0,0.0,0.0,0.0
2024-01-16 00:00:00+08:00,0.19200000166893005,0.19200000166893005,0.19200000166893005,0.19200000166893005,0,0.0,0.0,0.0
2024-01-17 00:00:00+08:00,0.19200000166893005,0.19200000166893005,0.19200000166893005,0.19200000166893005,0,0.0,0.0,0.0
2024-01-18 00:00:00+08:00,0.19200000166893005,0.19200000166893005,0.19200000166893005,0.19200000166893005,0,0.0,0.0,0.0
2024-01-19 00:00:00+08:00,0.19200000166893005,0.19200000166893005,0.19200000166893005,0.19200000166893005,0,0.0,0.0,0.0
2024-01-22 00:00:00+08:00,0.19200000166893005,0.19200000166893005,0.19200000166893005,0.19200000166893005,0,0.0,0.0,0.0
2024-01-23 00:00:00+08:00,0.19200000166893005,0.19200000166893005,0.19200000166893005,0.19200000166893005,0,0.0,0.0,0.0
2024-01-24 00:00:00+08:00,0.19200000166893005,0.19200000166893005,0.19200000166893005,0.19200000166893005,0,0.0,0.0,0.0
2024-01-25 00:00:00+08:00,0.19200000166893005,0.19200000166893005,0.19200000166893005,0.19200000166893005,0,0.0,0.0,0.0
2024-01-26 00:00:00+08:00,0.19200000166893005,0.19200000166893005,0.19200000166893005,0.19200000166893005,0,0.0,0.0,0.0
2024-01-29 00:00:00+08:00,0.19200000166893005,0.19200000166893005,0.19200000166893005,0.19200000166893005,0,0.0,0.0,0.0
2024-01-30 00:00:00+08:00,0.19200000166893005,0.19200000166893005,0.19200000166893005,0.19200000166893005,0,0.0,0.0,0.0
2024-01-31 00:00:00+08:00,0.19200000166893005,0.19200000166893005,0.19200000166893005,0.19200000166893005,0,0.0,0.0,0.0
2024-02-01 00:00:00+08:00,0.19200000166893005,0.19200000166893005,0.19200000166893005,0.19200000166893005,0,0.0,0.0,0.0
2024-02-02 00:00:00+08:00,0.19200000166893005,0.19200000166893005,0.19200000166893005,0.19200000166893005,0,0.0,0.0,0.0
2024-02-05 00:00:00+08:00,0.19200000166893005,0.19200000166893005,0.19200000166893005,0.19200000166893005,0,0.0,0.0,0.0
2024-02-06 00:00:00+08:00,0.19200000166893005,0.19200000166893005,0.19200000166893005,0.19200000166893005,0,0.0,0.0,0.0
2024-02-07 00:00:00+08:00,0.19200000166893005,0.19200000166893005,0.19200000166893005,0.19200000166893005,0,0.0,0.0,0.0
2024-02-08 00:00:00+08:00,0.19200000166893005,0.19200000166893005,0.19200000166893005,0.19200000166893005,0,0.0,0.0,0.0
2024-02-09 00:00:00+08:00,0.19200000166893005,0.19200000166893005,0.19200000166893005,0.19200000166893005,0,0.0,0.0,0.0
2024-02-13 00:00:00+08:00,0.19200000166893005,0.19200000166893005,0.19200000166893005,0.19200000166893005,0,0.0,0.0,0.0
2024-02-14 00:00:00+08:00,0.19200000166893005,0.19200000166893005,0.19200000166893005,0.19200000166893005,0,0.0,0.0,0.0
2024-02-15 00:00:00+08:00,0.19200000166893005,0.19200000166893005,0.19200000166893005,0.19200000166893005,0,0.0,0.0,0.0
2024-02-16 00:00:00+08:00,0.19200000166893005,0.19200000166893005,0.19200000166893005,0.19200000166893005,0,0.0,0.0,0.0
2024-02-19 00:00:00+08:00,0.19200000166893005,0.19200000166893005,0.19200000166893005,0.19200000166893005,0,0.0,0.0,0.0
2024-02-20 00:00:00+08:00,0.19200000166893005,0.19200000166893005,0.19200000166893005,0.19200000166893005,0,0.0,0.0,0.0
2024-02-21 00:00:00+08:00,0.19200000166893005,0.19200000166893005,0.19200000166893005,0.19200000166893005,0,0.0,0.0,0.0
2024-02-22 00:00:00+08:00,0.19200000166893005,0.19200000166893005,0.19200000166893005,0.19200000166893005,0,0.0,0.0,0.0
2024-02-23 00:00:00+08:00,0.19200000166893005,0.19200000166893005,0.19200000166893005,0.19200000166893005,0,0.0,0.0,0.0
2024-02-26 00:00:00+08:00,0.19200000166893005,0.19200000166893005,0.19200000166893005,0.19200000166893005,0,0.0,0.0,0.0
2024-02-27 00:00:00+08:00,0.19200000166893005,0.19200000166893005,0.19200000166893005,0.19200000166893005,0,0.0,0.0,0.0
2024-02-28 00:00:00+08:00,0.19200000166893005,0.19200000166893005,0.19200000166893005,0.19200000166893005,0,0.0,0.0,0.0
2024-02-29 00:00:00+08:00,0.19200000166893005,0.19200000166893005,0.19200000166893005,0.19200000166893005,0,0.0,0.0,0.0
2024-03-01 00:00:00+08:00,0.19200000166893005,0.19200000166893005,0.19200000166893005,0.19200000166893005,0,0.0,0.0,0.0
2024-03-04 00:00:00+08:00,0.19200000166893005,0.19200000166893005,0.19200000166893005,0.19200000166893005,0,0.0,0.0,0.0
2024-03-05 00:00:00+08:00,0.19200000166893005,0.19200000166893005,0.19200000166893005,0.19200000166893005,0,0.0,0.0,0.0
2024-03-06 00:00:00+08:00,0.19200000166893005,0.19200000166893005,0.19200000166893005,0.19200000166893005,0,0.0,0.0,0.0
2024-03-07 00:00:00+08:00,0.19200000166893005,0.19200000166893005,0.19200000166893005,0.19200000166893005,0,0.0,0.0,0.0
2024-03-08 00:00:00+08:00,0.19200000166893005,0.19200000166893005,0.19200000166893005,0.19200000166893005,0,0.0,0.0,0.0
2024-03-11 00:00:00+08:00,0.19200000166893005,0.19200000166893005,0.19200000166893005,0.19200000166893005,0,0.0,0.0,0.0
2024-03-12 00:00:00+08:00,0.19200000166893005,0.19200000166893005,0.19200000166893005,0.19200000166893005,0,0.0,0.0,0.0
2024-03-13 00:00:00+08:00,0.19200000166893005,0.19200000166893005,0.19200000166893005,0.19200000166893005,0,0.0,0.0,0.0
2024-03-14 00:00:00+08:00,0.19200000166893005,0.19200000166893005,0.19200000166893005,0.19200000166893005,0,0.0,0.0,0.0
2024-03-15 00:00:00+08:00,0.19200000166893005,0.19200000166893005,0.19200000166893005,0.19200000166893005,0,0.0,0.0,0.0
2024-03-18 00:00:00+08:00,0.19200000166893005,0.19200000166893005,0.19200000166893005,0.19200000166893005,0,0.0,0.0,0.0
2024-03-19 00:00:00+08:00,0.19200000166893005,0.19200000166893005,0.19200000166893005,0.19200000166893005,0,0.0,0.0,0.0
2024-03-20 00:00:00+08:00,0.19200000166893005,0.19200000166893005,0.19200000166893005,0.19200000166893005,0,0.0,0.0,0.0
2024-03-21 00:00:00+08:00,0.19200000166893005,0.19200000166893005,0.19200000166893005,0.19200000166893005,0,0.0,0.0,0.0
2024-03-22 00:00:00+08:00,0.19200000166893005,0.19200000166893005,0.19200000166893005,0.19200000166893005,0,0.0,0.0,0.0
2024-03-25 00:00:00+08:00,0.19200000166893005,0.19200000166893005,0.19200000166893005,0.19200000166893005,0,0.0,0.0,0.0
2024-03-26 00:00:00+08:00,0.19200000166893005,0.19200000166893005,0.19200000166893005,0.19200000166893005,0,0.0,0.0,0.0
2024-03-27 00:00:00+08:00,0.19200000166893005,0.19200000166893005,0.19200000166893005,0.19200000166893005,0,0.0,0.0,0.0
2024-03-28 00:00:00+08:00,0.19200000166893005,0.19200000166893005,0.19200000166893005,0.19200000166893005,0,0.0,0.0,0.0
2024-04-01 00:00:00+08:00,0.19200000166893005,0.19200000166893005,0.19200000166893005,0.19200000166893005,0,0.0,0.0,0.0
2024-04-02 00:00:00+08:00,0.19200000166893005,0.19200000166893005,0.19200000166893005,0.19200000166893005,0,0.0,0.0,0.0
2024-04-03 00:00:00+08:00,0.19200000166893005,0.19200000166893005,0.19200000166893005,0.19200000166893005,0,0.0,0.0,0.0
2024-04-04 00:00:00+08:00,0.19200000166893005,0.19200000166893005,0.19200000166893005,0.19200000166893005,0,0.0,0.0,0.0
2024-04-05 00:00:00+08:00,0.19200000166893005,0.19200000166893005,0.19200000166893005,0.19200000166893005,0,0.0,0.0,0.0
2024-04-08 00:00:00+08:00,0.19200000166893005,0.19200000166893005,0.19200000166893005,0.19200000166893005,0,0.0,0.0,0.0
2024-04-09 00:00:00+08:00,0.19200000166893005,0.19200000166893005,0.19200000166893005,0.19200000166893005,0,0.0,0.0,0.0
2024-04-11 00:00:00+08:00,0.19200000166893005,0.19200000166893005,0.19200000166893005,0.19200000166893005,0,0.0,0.0,0.0
2024-04-12 00:00:00+08:00,0.19200000166893005,0.19200000166893005,0.19200000166893005,0.19200000166893005,0,0.0,0.0,0.0
2024-04-15 00:00:00+08:00,0.19200000166893005,0.19200000166893005,0.19200000166893005,0.19200000166893005,0,0.0,0.0,0.0
2024-04-16 00:00:00+08:00,0.19200000166893005,0.19200000166893005,0.19200000166893005,0.19200000166893005,0,0.0,0.0,0.0
2024-04-17 00:00:00+08:00,0.19200000166893005,0.19200000166893005,0.19200000166893005,0.19200000166893005,0,0.0,0.0,0.0
2024-04-18 00:00:00+08:00,0.19200000166893005,0.19200000166893005,0.19200000166893005,0.19200000166893005,0,0.0,0.0,0.0
2024-04-19 00:00:00+08:00,0.19200000166893005,0.19200000166893005,0.19200000166893005,0.19200000166893005,0,0.0,0.0,0.0
2024-04-22 00:00:00+08:00,0.19200000166893005,0.19200000166893005,0.19200000166893005,0.19200000166893005,0,0.0,0.0,0.0
2024-04-23 00:00:00+08:00,0.19200000166893005,0.19200000166893005,0.19200000166893005,0.19200000166893005,0,0.0,0.0,0.0
2024-04-24 00:00:00+08:00,0.19200000166893005,0.19200000166893005,0.19200000166893005,0.19200000166893005,0,0.0,0.0,0.0
2024-04-25 00:00:00+08:00,0.19200000166893005,0.19200000166893005,0.19200000166893005,0.19200000166893005,0,0.0,0.0,0.0
2024-04-26 00:00:00+08:00,0.19200000166893005,0.19200000166893005,0.19200000166893005,0.19200000166893005,0,0.0,0.0,0.0
2024-04-29 00:00:00+08:00,0.19200000166893005,0.19200000166893005,0.19200000166893005,0.19200000166893005,0,0.0,0.0,0.0
2024-04-30 00:00:00+08:00,0.19200000166893005,0.19200000166893005,0.19200000166893005,0.19200000166893005,0,0.0,0.0,0.0
2024-05-02 00:00:00+08:00,0.19200000166893005,0.19200000166893005,0.19200000166893005,0.19200000166893005,0,0.0,0.0,0.0
2024-05-03 00:00:00+08:00,0.19200000166893005,0.19200000166893005,0.19200000166893005,0.19200000166893005,0,0.0,0.0,0.0
2024-05-06 00:00:00+08:00,0.19200000166893005,0.19200000166893005,0.19200000166893005,0.19200000166893005,0,0.0,0.0,0.0
2024-05-07 00:00:00+08:00,0.19200000166893005,0.19200000166893005,0.19200000166893005,0.19200000166893005,0,0.0,0.0,0.0
2024-05-08 00:00:00+08:00,0.19200000166893005,0.19200000166893005,0.19200000166893005,0.19200000166893005,0,0.0,0.0,0.0
2024-05-09 00:00:00+08:00,0.19200000166893005,0.19200000166893005,0.19200000166893005,0.19200000166893005,0,0.0,0.0,0.0
2024-05-10 00:00:00+08:00,0.19200000166893005,0.19200000166893005,0.19200000166893005,0.19200000166893005,0,0.0,0.0,0.0
2024-05-13 00:00:00+08:00,0.19200000166893005,0.19200000166893005,0.19200000166893005,0.19200000166893005,0,0.0,0.0,0.0
2024-05-14 00:00:00+08:00,0.19200000166893005,0.19200000166893005,0.19200000166893005,0.19200000166893005,0,0.0,0.0,0.0
2024-05-15 00:00:00+08:00,0.19200000166893005,0.19200000166893005,0.19200000166893005,0.19200000166893005,0,0.0,0.0,0.0
2024-05-16 00:00:00+08:00,0.19200000166893005,0.19200000166893005,0.19200000166893005,0.19200000166893005,0,0.0,0.0,0.0
2024-05-17 00:00:00+08:00,0.19200000166893005,0.19200000166893005,0.19200000166893005,0.19200000166893005,0,0.0,0.0,0.0
2024-05-20 00:00:00+08:00,0.19200000166893005,0.19200000166893005,0.19200000166893005,0.19200000166893005,0,0.0,0.0,0.0
2024-05-21 00:00:00+08:00,0.19200000166893005,0.19200000166893005,0.19200000166893005,0.19200000166893005,0,0.0,0.0,0.0
2024-05-23 00:00:00+08:00,0.19200000166893005,0.19200000166893005,0.19200000166893005,0.19200000166893005,0,0.0,0.0,0.0
2024-05-24 00:00:00+08:00,0.19200000166893005,0.19200000166893005,0.19200000166893005,0.19200000166893005,0,0.0,0.0,0.0
2024-05-27 00:00:00+08:00,0.19200000166893005,0.19200000166893005,0.19200000166893005,0.19200000166893005,0,0.0,0.0,0.0
2024-05-28 00:00:00+08:00,0.19200000166893005,0.19200000166893005,0.19200000166893005,0.19200000166893005,0,0.0,0.0,0.0
2024-05-29 00:00:00+08:00,0.19200000166893005,0.19200000166893005,0.19200000166893005,0.19200000166893005,0,0.0,0.0,0.0
2024-05-30 00:00:00+08:00,0.19200000166893005,0.19200000166893005,0.19200000166893005,0.19200000166893005,0,0.0,0.0,0.0
2024-05-31 00:00:00+08:00,0.19200000166893005,0.19200000166893005,0.19200000166893005,0.19200000166893005,0,0.0,0.0,0.0
2024-06-03 00:00:00+08:00,0.19200000166893005,0.19200000166893005,0.19200000166893005,0.19200000166893005,0,0.0,0.0,0.0
2024-06-04 00:00:00+08:00,0.19200000166893005,0.19200000166893005,0.19200000166893005,0.19200000166893005,0,0.0,0.0,0.0
2024-06-05 00:00:00+08:00,0.19200000166893005,0.19200000166893005,0.19200000166893005,0.19200000166893005,0,0.0,0.0,0.0
2024-06-06 00:00:00+08:00,0.19200000166893005,0.19200000166893005,0.19200000166893005,0.19200000166893005,0,0.0,0.0,0.0
2024-06-07 00:00:00+08:00,0.19200000166893005,0.19200000166893005,0.19200000166893005,0.19200000166893005,0,0.0,0.0,0.0
2024-06-10 00:00:00+08:00,0.19200000166893005,0.19200000166893005,0.19200000166893005,0.19200000166893005,0,0.0,0.0,0.0
2024-06-11 00:00:00+08:00,0.19200000166893005,0.19200000166893005,0.19200000166893005,0.19200000166893005,0,0.0,0.0,0.0
2024-06-12 00:00:00+08:00,0.19200000166893005,0.19200000166893005,0.19200000166893005,0.19200000166893005,0,0.0,0.0,0.0
2024-06-13 00:00:00+08:00,0.19200000166893005,0.19200000166893005,0.19200000166893005,0.19200000166893005,0,0.0,0.0,0.0
2024-06-14 00:00:00+08:00,0.19200000166893005,0.19200000166893005,0.19200000166893005,0.19200000166893005,0,0.0,0.0,0.0
2024-06-18 00:00:00+08:00,0.19200000166893005,0.19200000166893005,0.19200000166893005,0.19200000166893005,0,0.0,0.0,0.0
2024-06-19 00:00:00+08:00,0.19200000166893005,0.19200000166893005,0.19200000166893005,0.19200000166893005,0,0.0,0.0,0.0
2024-06-20 00:00:00+08:00,0.19200000166893005,0.19200000166893005,0.19200000166893005,0.19200000166893005,0,0.0,0.0,0.0
2024-06-21 00:00:00+08:00,0.19200000166893005,0.19200000166893005,0.19200000166893005,0.19200000166893005,0,0.0,0.0,0.0
2024-06-24 00:00:00+08:00,0.19200000166893005,0.19200000166893005,0.19200000166893005,0.19200000166893005,0,0.0,0.0,0.0
2024-06-25 00:00:00+08:00,0.19200000166893005,0.19200000166893005,0.19200000166893005,0.19200000166893005,0,0.0,0.0,0.0
2024-06-26 00:00:00+08:00,0.19200000166893005,0.19200000166893005,0.19200000166893005,0.19200000166893005,0,0.0,0.0,0.0
2024-06-27 00:00:00+08:00,0.19200000166893005,0.19200000166893005,0.19200000166893005,0.19200000166893005,0,0.0,0.0,0.0
2024-06-28 00:00:00+08:00,0.19200000166893005,0.19200000166893005,0.19200000166893005,0.19200000166893005,0,0.0,0.0,0.0
2024-07-01 00:00:00+08:00,0.19200000166893005,0.19200000166893005,0.19200000166893005,0.19200000166893005,0,0.0,0.0,0.0
2024-07-02 00:00:00+08:00,0.19200000166893005,0.19200000166893005,0.19200000166893005,0.19200000166893005,0,0.0,0.0,0.0
2024-07-03 00:00:00+08:00,0.19200000166893005,0.19200000166893005,0.19200000166893005,0.19200000166893005,0,0.0,0.0,0.0
2024-07-04 00:00:00+08:00,0.19200000166893005,0.19200000166893005,0.19200000166893005,0.19200000166893005,0,0.0,0.0,0.0
2024-07-05 00:00:00+08:00,0.19200000166893005,0.19200000166893005,0.19200000166893005,0.19200000166893005,0,0.0,0.0,0.0
2024-07-08 00:00:00+08:00,0.19200000166893005,0.19200000166893005,0.19200000166893005,0.19200000166893005,0,0.0,0.0,0.0
2024-07-09 00:00:00+08:00,0.19200000166893005,0.19200000166893005,0.19200000166893005,0.19200000166893005,0,0.0,0.0,0.0
2024-07-10 00:00:00+08:00,0.19200000166893005,0.19200000166893005,0.19200000166893005,0.19200000166893005,0,0.0,0.0,0.0
2024-07-11 00:00:00+08:00,0.19200000166893005,0.19200000166893005,0.19200000166893005,0.19200000166893005,0,0.0,0.0,0.0
2024-07-12 00:00:00+08:00,0.19200000166893005,0.19200000166893005,0.19200000166893005,0.19200000166893005,0,0.0,0.0,0.0
2024-07-15 00:00:00+08:00,0.19200000166893005,0.19200000166893005,0.19200000166893005,0.19200000166893005,0,0.0,0.0,0.0
2024-07-16 00:00:00+08:00,0.19200000166893005,0.19200000166893005,0.19200000166893005,0.19200000166893005,0,0.0,0.0,0.0
2024-07-17 00:00:00+08:00,0.19200000166893005,0.19200000166893005,0.19200000166893005,0.19200000166893005,0,0.0,0.0,0.0
2024-07-18 00:00:00+08:00,0.19200000166893005,0.19200000166893005,0.19200000166893005,0.19200000166893005,0,0.0,0.0,0.0
2024-07-19 00:00:00+08:00,0.19200000166893005,0.19200000166893005,0.19200000166893005,0.19200000166893005,0,0.0,0.0,0.0
2024-07-22 00:00:00+08:00,0.19200000166893005,0.19200000166893005,0.19200000166893005,0.19200000166893005,0,0.0,0.0,0.0
2024-07-23 00:00:00+08:00,0.19200000166893005,0.19200000166893005,0.19200000166893005,0.19200000166893005,0,0.0,0.0,0.0
2024-07-24 00:00:00+08:00,0.19200000166893005,0.19200000166893005,0.19200000166893005,0.19200000166893005,0,0.0,0.0,0.0
2024-07-25 00:00:00+08:00,0.19200000166893005,0.19200000166893005,0.19200000166893005,0.19200000166893005,0,0.0,0.0,0.0
2024-07-26 00:00:00+08:00,0.19200000166893005,0.19200000166893005,0.19200000166893005,0.19200000166893005,0,0.0,0.0,0.0
2024-07-29 00:00:00+08:00,0.19200000166893005,0.19200000166893005,0.19200000166893005,0.19200000166893005,0,0.0,0.0,0.0
2024-07-30 00:00:00+08:00,0.19200000166893005,0.19200000166893005,0.19200000166893005,0.19200000166893005,0,0.0,0.0,0.0
2024-07-31 00:00:00+08:00,0.19200000166893005,0.19200000166893005,0.19200000166893005,0.19200000166893005,0,0.0,0.0,0.0
2024-08-01 00:00:00+08:00,0.19200000166893005,0.19200000166893005,0.19200000166893005,0.19200000166893005,0,0.0,0.0,0.0
2024-08-02 00:00:00+08:00,0.19200000166893005,0.19200000166893005,0.19200000166893005,0.19200000166893005,0,0.0,0.0,0.0
2024-08-05 00:00:00+08:00,0.19200000166893005,0.19200000166893005,0.19200000166893005,0.19200000166893005,0,0.0,0.0,0.0
2024-08-06 00:00:00+08:00,0.19200000166893005,0.19200000166893005,0.19200000166893005,0.19200000166893005,0,0.0,0.0,0.0
2024-08-07 00:00:00+08:00,0.19200000166893005,0.19200000166893005,0.19200000166893005,0.19200000166893005,0,0.0,0.0,0.0
2024-08-08 00:00:00+08:00,0.19200000166893005,0.19200000166893005,0.19200000166893005,0.19200000166893005,0,0.0,0.0,0.0
2024-08-12 00:00:00+08:00,0.19200000166893005,0.19200000166893005,0.19200000166893005,0.19200000166893005,0,0.0,0.0,0.0
2024-08-13 00:00:00+08:00,0.19200000166893005,0.19200000166893005,0.19200000166893005,0.19200000166893005,0,0.0,0.0,0.0
2024-08-14 00:00:00+08:00,0.19200000166893005,0.19200000166893005,0.19200000166893005,0.19200000166893005,0,0.0,0.0,0.0
2024-08-15 00:00:00+08:00,0.19200000166893005,0.19200000166893005,0.19200000166893005,0.19200000166893005,0,0.0,0.0,0.0
2024-08-16 00:00:00+08:00,0.19200000166893005,0.19200000166893005,0.19200000166893005,0.19200000166893005,0,0.0,0.0,0.0
2024-08-19 00:00:00+08:00,0.19200000166893005,0.19200000166893005,0.19200000166893005,0.19200000166893005,0,0.0,0.0,0.0
2024-08-20 00:00:00+08:00,0.19200000166893005,0.19200000166893005,0.19200000166893005,0.19200000166893005,0,0.0,0.0,0.0
2024-08-21 00:00:00+08:00,0.19200000166893005,0.19200000166893005,0.19200000166893005,0.19200000166893005,0,0.0,0.0,0.0
2024-08-22 00:00:00+08:00,0.19200000166893005,0.19200000166893005,0.19200000166893005,0.19200000166893005,0,0.0,0.0,0.0
2024-08-23 00:00:00+08:00,0.19200000166893005,0.19200000166893005,0.19200000166893005,0.19200000166893005,0,0.0,0.0,0.0
2024-08-26 00:00:00+08:00,0.19200000166893005,0.19200000166893005,0.19200000166893005,0.19200000166893005,0,0.0,0.0,0.0
2024-08-27 00:00:00+08:00,0.19200000166893005,0.19200000166893005,0.19200000166893005,0.19200000166893005,0,0.0,0.0,0.0
2024-08-28 00:00:00+08:00,0.19200000166893005,0.19200000166893005,0.19200000166893005,0.19200000166893005,0,0.0,0.0,0.0
2024-08-29 00:00:00+08:00,0.19200000166893005,0.19200000166893005,0.19200000166893005,0.19200000166893005,0,0.0,0.0,0.0
2024-08-30 00:00:00+08:00,0.19200000166893005,0.19200000166893005,0.19200000166893005,0.19200000166893005,0,0.0,0.0,0.0
2024-09-02 00:00:00+08:00,0.19200000166893005,0.19200000166893005,0.19200000166893005,0.19200000166893005,0,0.0,0.0,0.0
2024-09-05 00:00:00+08:00,0.19200000166893005,0.19200000166893005,0.19200000166893005,0.19200000166893005,0,0.0,0.0,0.0
2024-09-06 00:00:00+08:00,0.19200000166893005,0.19200000166893005,0.19200000166893005,0.19200000166893005,0,0.0,0.0,0.0
