Date,Open,High,Low,Close,Volume,Dividends,Stock Splits
2015-06-29 00:00:00+09:00,13000.0,13000.0,13000.0,13000.0,100,0.0,0.0
2015-06-30 00:00:00+09:00,13000.0,13000.0,13000.0,13000.0,2,0.0,0.0
2015-07-01 00:00:00+09:00,12700.0,12700.0,12700.0,12700.0,100,0.0,0.0
2015-07-02 00:00:00+09:00,12700.0,12700.0,12700.0,12700.0,0,0.0,0.0
2015-07-03 00:00:00+09:00,12700.0,12700.0,12700.0,12700.0,0,0.0,0.0
2015-07-06 00:00:00+09:00,12400.0,12400.0,12400.0,12400.0,100,0.0,0.0
2015-07-07 00:00:00+09:00,12100.0,12100.0,12100.0,12100.0,100,0.0,0.0
2015-07-08 00:00:00+09:00,12100.0,12100.0,12100.0,12100.0,0,0.0,0.0
2015-07-09 00:00:00+09:00,12100.0,12100.0,12100.0,12100.0,0,0.0,0.0
2015-07-10 00:00:00+09:00,12100.0,12100.0,12100.0,12100.0,0,0.0,0.0
2015-07-13 00:00:00+09:00,12100.0,12100.0,12100.0,12100.0,0,0.0,0.0
2015-07-14 00:00:00+09:00,12450.0,12450.0,12450.0,12450.0,1,0.0,0.0
2015-07-15 00:00:00+09:00,12100.0,12100.0,12100.0,12100.0,100,0.0,0.0
2015-07-16 00:00:00+09:00,11750.0,11750.0,11750.0,11750.0,88,0.0,0.0
2015-07-17 00:00:00+09:00,11750.0,11750.0,11750.0,11750.0,0,0.0,0.0
2015-07-20 00:00:00+09:00,11750.0,11750.0,11750.0,11750.0,0,0.0,0.0
2015-07-21 00:00:00+09:00,11750.0,11750.0,11750.0,11750.0,0,0.0,0.0
2015-07-22 00:00:00+09:00,11750.0,11750.0,11750.0,11750.0,0,0.0,0.0
2015-07-23 00:00:00+09:00,11750.0,11750.0,11750.0,11750.0,0,0.0,0.0
2015-07-24 00:00:00+09:00,11750.0,11750.0,11750.0,11750.0,0,0.0,0.0
2015-07-27 00:00:00+09:00,11750.0,11750.0,11750.0,11750.0,0,0.0,0.0
2015-07-28 00:00:00+09:00,11750.0,11750.0,11750.0,11750.0,0,0.0,0.0
2015-07-29 00:00:00+09:00,11750.0,11750.0,11750.0,11750.0,0,0.0,0.0
2015-07-30 00:00:00+09:00,11500.0,11500.0,11500.0,11500.0,100,0.0,0.0
2015-07-31 00:00:00+09:00,11200.0,11200.0,11200.0,11200.0,100,0.0,0.0
2015-08-03 00:00:00+09:00,10000.0,10000.0,10000.0,10000.0,1,0.0,0.0
2015-08-04 00:00:00+09:00,10000.0,10000.0,10000.0,10000.0,0,0.0,0.0
2015-08-05 00:00:00+09:00,9700.0,9700.0,9700.0,9700.0,200,0.0,0.0
2015-08-06 00:00:00+09:00,9420.0,9420.0,9420.0,9420.0,200,0.0,0.0
2015-08-07 00:00:00+09:00,9420.0,9420.0,9000.0,9000.0,500,0.0,0.0
2015-08-10 00:00:00+09:00,8500.0,8500.0,8500.0,8500.0,300,0.0,0.0
2015-08-11 00:00:00+09:00,8000.0,8000.0,8000.0,8000.0,200,0.0,0.0
2015-08-12 00:00:00+09:00,8000.0,8000.0,8000.0,8000.0,0,0.0,0.0
2015-08-13 00:00:00+09:00,7560.0,7560.0,7560.0,7560.0,200,0.0,0.0
2015-08-14 00:00:00+09:00,7560.0,7560.0,7560.0,7560.0,0,0.0,0.0
2015-08-17 00:00:00+09:00,7000.0,7000.0,7000.0,7000.0,1000,0.0,0.0
2015-08-18 00:00:00+09:00,6500.0,6500.0,6000.0,6000.0,101,0.0,0.0
2015-08-19 00:00:00+09:00,5500.0,5500.0,5100.0,5100.0,2,0.0,0.0
2015-08-20 00:00:00+09:00,4500.0,4500.0,4340.0,4340.0,3,0.0,0.0
2015-08-21 00:00:00+09:00,3700.0,3700.0,3700.0,3700.0,1,0.0,0.0
2015-08-24 00:00:00+09:00,3700.0,3700.0,3700.0,3700.0,0,0.0,0.0
2015-08-25 00:00:00+09:00,3700.0,3700.0,3700.0,3700.0,0,0.0,0.0
2015-08-26 00:00:00+09:00,3700.0,3700.0,3700.0,3700.0,0,0.0,0.0
2015-08-27 00:00:00+09:00,3700.0,3700.0,3700.0,3700.0,0,0.0,0.0
2015-08-28 00:00:00+09:00,3700.0,3700.0,3700.0,3700.0,0,0.0,0.0
2015-08-31 00:00:00+09:00,5100.0,5100.0,5100.0,5100.0,300,0.0,0.0
2015-09-01 00:00:00+09:00,4340.0,5530.0,4340.0,5530.0,301,0.0,0.0
2015-09-02 00:00:00+09:00,5740.0,5740.0,5740.0,5740.0,147,0.0,0.0
2015-09-03 00:00:00+09:00,5740.0,5740.0,5740.0,5740.0,0,0.0,0.0
2015-09-04 00:00:00+09:00,6150.0,6300.0,6150.0,6300.0,0,0.0,0.0
2015-09-07 00:00:00+09:00,6300.0,6300.0,6300.0,6300.0,0,0.0,0.0
2015-09-08 00:00:00+09:00,6300.0,6300.0,6300.0,6300.0,0,0.0,0.0
2015-09-09 00:00:00+09:00,6300.0,6300.0,6300.0,6300.0,0,0.0,0.0
2015-09-10 00:00:00+09:00,6300.0,6300.0,6300.0,6300.0,0,0.0,0.0
2015-09-11 00:00:00+09:00,6300.0,6300.0,6300.0,6300.0,0,0.0,0.0
2015-09-14 00:00:00+09:00,6300.0,6300.0,6300.0,6300.0,0,0.0,0.0
2015-09-15 00:00:00+09:00,6300.0,6300.0,6300.0,6300.0,0,0.0,0.0
2015-09-16 00:00:00+09:00,6300.0,6300.0,6300.0,6300.0,0,0.0,0.0
2015-09-17 00:00:00+09:00,7600.0,7600.0,7600.0,7600.0,200,0.0,0.0
2015-09-18 00:00:00+09:00,7200.0,7200.0,7200.0,7200.0,2000,0.0,0.0
2015-09-21 00:00:00+09:00,6150.0,6150.0,6150.0,6150.0,1,0.0,0.0
2015-09-22 00:00:00+09:00,5250.0,5250.0,5250.0,5250.0,1,0.0,0.0
2015-09-23 00:00:00+09:00,4500.0,4500.0,4500.0,4500.0,8,0.0,0.0
2015-09-24 00:00:00+09:00,3825.0,3825.0,3825.0,3825.0,400,0.0,0.0
2015-09-25 00:00:00+09:00,3255.0,3260.0,3255.0,3260.0,1590,0.0,0.0
2015-09-30 00:00:00+09:00,3720.0,3720.0,3520.0,3520.0,401,0.0,0.0
2015-10-01 00:00:00+09:00,3625.0,3625.0,3625.0,3625.0,300,0.0,0.0
2015-10-02 00:00:00+09:00,3920.0,3920.0,3800.0,3800.0,301,0.0,0.0
2015-10-05 00:00:00+09:00,4140.0,4140.0,3910.0,3910.0,301,0.0,0.0
2015-10-06 00:00:00+09:00,4495.0,4495.0,4495.0,4495.0,299,0.0,0.0
2015-10-07 00:00:00+09:00,4495.0,4495.0,4495.0,4495.0,0,0.0,0.0
2015-10-08 00:00:00+09:00,4495.0,4495.0,4495.0,4495.0,0,0.0,0.0
2015-10-12 00:00:00+09:00,4495.0,4495.0,4495.0,4495.0,0,0.0,0.0
2015-10-13 00:00:00+09:00,4495.0,4495.0,4495.0,4495.0,0,0.0,0.0
2015-10-14 00:00:00+09:00,4495.0,4495.0,4495.0,4495.0,0,0.0,0.0
2015-10-15 00:00:00+09:00,4495.0,4495.0,4495.0,4495.0,0,0.0,0.0
2015-10-16 00:00:00+09:00,4495.0,4495.0,4495.0,4495.0,0,0.0,0.0
2015-10-19 00:00:00+09:00,4495.0,4495.0,4495.0,4495.0,0,0.0,0.0
2015-10-20 00:00:00+09:00,4495.0,4495.0,4495.0,4495.0,0,0.0,0.0
2015-10-21 00:00:00+09:00,4495.0,4495.0,4495.0,4495.0,0,0.0,0.0
2015-10-22 00:00:00+09:00,4495.0,4495.0,4495.0,4495.0,0,0.0,0.0
2015-10-23 00:00:00+09:00,4495.0,4495.0,4495.0,4495.0,0,0.0,0.0
2015-10-26 00:00:00+09:00,7460.0,7460.0,7460.0,7460.0,100,0.0,0.0
2015-10-27 00:00:00+09:00,7460.0,7460.0,7460.0,7460.0,0,0.0,0.0
2015-10-28 00:00:00+09:00,6190.0,6190.0,6190.0,6190.0,5,0.0,0.0
2015-10-29 00:00:00+09:00,6370.0,6370.0,6370.0,6370.0,100,0.0,0.0
2015-10-30 00:00:00+09:00,6370.0,6370.0,6370.0,6370.0,0,0.0,0.0
2015-11-02 00:00:00+09:00,8300.0,8300.0,8300.0,8300.0,9,0.0,0.0
2015-11-03 00:00:00+09:00,8300.0,8300.0,8300.0,8300.0,0,0.0,0.0
2015-11-04 00:00:00+09:00,8300.0,8300.0,8300.0,8300.0,0,0.0,0.0
2015-11-05 00:00:00+09:00,8300.0,8300.0,8300.0,8300.0,0,0.0,0.0
2015-11-06 00:00:00+09:00,9620.0,9620.0,9620.0,9620.0,200,0.0,0.0
2015-11-09 00:00:00+09:00,9340.0,9900.0,9340.0,9900.0,202,0.0,0.0
2015-11-10 00:00:00+09:00,9620.0,10150.0,9620.0,10150.0,202,0.0,0.0
2015-11-11 00:00:00+09:00,9860.0,9860.0,9860.0,9860.0,200,0.0,0.0
2015-11-12 00:00:00+09:00,9580.0,10000.0,9580.0,10000.0,203,0.0,0.0
2015-11-13 00:00:00+09:00,9710.0,9710.0,9710.0,9710.0,200,0.0,0.0
2015-11-16 00:00:00+09:00,9430.0,9990.0,9430.0,9990.0,203,0.0,0.0
2015-11-17 00:00:00+09:00,9490.0,9490.0,9490.0,9490.0,200,0.0,0.0
2015-11-18 00:00:00+09:00,8980.0,8980.0,8980.0,8980.0,200,0.0,0.0
2015-11-19 00:00:00+09:00,8720.0,9240.0,8720.0,9240.0,203,0.0,0.0
2015-11-20 00:00:00+09:00,8980.0,9510.0,8980.0,9510.0,203,0.0,0.0
2015-11-23 00:00:00+09:00,8990.0,8990.0,8990.0,8990.0,200,0.0,0.0
2015-11-24 00:00:00+09:00,8730.0,8730.0,7660.0,7660.0,400,0.0,0.0
2015-11-25 00:00:00+09:00,7000.0,7000.0,6530.0,6530.0,604,0.0,0.0
2015-11-26 00:00:00+09:00,5570.0,6200.0,5570.0,5570.0,340,0.0,0.0
2015-11-27 00:00:00+09:00,5900.0,5900.0,5570.0,5570.0,201,0.0,0.0
2015-11-30 00:00:00+09:00,5730.0,5730.0,5410.0,5410.0,203,0.0,0.0
2015-12-01 00:00:00+09:00,5730.0,5730.0,4605.0,4605.0,15,0.0,0.0
2015-12-02 00:00:00+09:00,3915.0,3915.0,3915.0,3915.0,1000,0.0,0.0
2015-12-03 00:00:00+09:00,4030.0,4030.0,3805.0,3805.0,301,0.0,0.0
2015-12-04 00:00:00+09:00,4115.0,4115.0,4000.0,4000.0,301,0.0,0.0
2015-12-07 00:00:00+09:00,4450.0,4450.0,4300.0,4300.0,301,0.0,0.0
2015-12-08 00:00:00+09:00,4425.0,4425.0,4425.0,4425.0,300,0.0,0.0
2015-12-09 00:00:00+09:00,4555.0,4555.0,4555.0,4555.0,300,0.0,0.0
2015-12-10 00:00:00+09:00,4690.0,4690.0,4500.0,4500.0,303,0.0,0.0
2015-12-11 00:00:00+09:00,4870.0,4870.0,4870.0,4870.0,300,0.0,0.0
2015-12-14 00:00:00+09:00,5010.0,5010.0,5010.0,5010.0,93,0.0,0.0
2015-12-15 00:00:00+09:00,5200.0,5200.0,5200.0,5200.0,290,0.0,0.0
2015-12-16 00:00:00+09:00,5200.0,5200.0,5200.0,5200.0,0,0.0,0.0
2015-12-17 00:00:00+09:00,5200.0,5200.0,5200.0,5200.0,0,0.0,0.0
2015-12-18 00:00:00+09:00,5850.0,5850.0,5300.0,5300.0,403,0.0,0.0
2015-12-21 00:00:00+09:00,6090.0,6090.0,6090.0,6090.0,200,0.0,0.0
2015-12-22 00:00:00+09:00,6270.0,6270.0,6270.0,6270.0,200,0.0,0.0
2015-12-23 00:00:00+09:00,7200.0,7200.0,7200.0,7200.0,10,0.0,0.0
2015-12-24 00:00:00+09:00,7000.0,7000.0,6130.0,6130.0,805,0.0,0.0
2015-12-28 00:00:00+09:00,6130.0,6130.0,6130.0,6130.0,0,0.0,0.0
2015-12-29 00:00:00+09:00,6130.0,6130.0,6130.0,6130.0,0,0.0,0.0
2015-12-30 00:00:00+09:00,6130.0,6130.0,6130.0,6130.0,0,0.0,0.0
2016-01-04 00:00:00+09:00,6130.0,6130.0,6130.0,6130.0,0,0.0,0.0
2016-01-05 00:00:00+09:00,6130.0,6130.0,6130.0,6130.0,0,0.0,0.0
2016-01-06 00:00:00+09:00,6130.0,6130.0,6130.0,6130.0,0,0.0,0.0
2016-01-07 00:00:00+09:00,9450.0,9450.0,9450.0,9450.0,934,0.0,0.0
2016-01-08 00:00:00+09:00,9450.0,9450.0,9450.0,9450.0,0,0.0,0.0
2016-01-11 00:00:00+09:00,9500.0,9500.0,8280.0,8280.0,372,0.0,0.0
2016-01-12 00:00:00+09:00,7050.0,7050.0,7050.0,7050.0,5,0.0,0.0
2016-01-13 00:00:00+09:00,7260.0,7260.0,7260.0,7260.0,200,0.0,0.0
2016-01-14 00:00:00+09:00,7470.0,8330.0,7470.0,8330.0,205,0.0,0.0
2016-01-15 00:00:00+09:00,9560.0,9560.0,9560.0,9560.0,100,0.0,0.0
2016-01-18 00:00:00+09:00,10000.0,10000.0,10000.0,10000.0,1,0.0,0.0
2016-01-19 00:00:00+09:00,9710.0,10000.0,9710.0,10000.0,202,0.0,0.0
2016-01-20 00:00:00+09:00,9710.0,10000.0,9710.0,10000.0,201,0.0,0.0
2016-01-21 00:00:00+09:00,11000.0,11000.0,11000.0,11000.0,3,0.0,0.0
2016-01-22 00:00:00+09:00,9350.0,9890.0,9350.0,9890.0,101,0.0,0.0
2016-01-25 00:00:00+09:00,9610.0,9900.0,9610.0,9900.0,202,0.0,0.0
2016-01-26 00:00:00+09:00,9620.0,10000.0,9620.0,10000.0,202,0.0,0.0
2016-01-27 00:00:00+09:00,9800.0,9800.0,8800.0,8800.0,801,0.0,0.0
2016-01-28 00:00:00+09:00,9100.0,9100.0,7500.0,7500.0,655,0.0,0.0
2016-01-29 00:00:00+09:00,8210.0,8210.0,8210.0,8210.0,200,0.0,0.0
2016-02-01 00:00:00+09:00,8450.0,8450.0,7980.0,7980.0,202,0.0,0.0
2016-02-02 00:00:00+09:00,8010.0,8010.0,8010.0,8010.0,400,0.0,0.0
2016-02-03 00:00:00+09:00,8240.0,8240.0,8240.0,8240.0,200,0.0,0.0
2016-02-04 00:00:00+09:00,8470.0,8470.0,8250.0,8250.0,201,0.0,0.0
2016-02-05 00:00:00+09:00,8500.0,9470.0,8500.0,9470.0,106,0.0,0.0
2016-02-11 00:00:00+09:00,8050.0,10800.0,8050.0,10800.0,600,0.0,0.0
2016-02-12 00:00:00+09:00,9790.0,9790.0,9790.0,9790.0,100,0.0,0.0
2016-02-15 00:00:00+09:00,8500.0,8500.0,8340.0,8340.0,450,0.0,0.0
2016-02-16 00:00:00+09:00,7100.0,7100.0,7100.0,7100.0,5,0.0,0.0
2016-02-17 00:00:00+09:00,7310.0,7310.0,7310.0,7310.0,100,0.0,0.0
2016-02-18 00:00:00+09:00,7310.0,7310.0,7310.0,7310.0,0,0.0,0.0
2016-02-19 00:00:00+09:00,7310.0,7310.0,7310.0,7310.0,0,0.0,0.0
2016-02-22 00:00:00+09:00,9500.0,10500.0,9500.0,10500.0,723,0.0,0.0
2016-02-23 00:00:00+09:00,9990.0,9990.0,9990.0,9990.0,100,0.0,0.0
2016-02-24 00:00:00+09:00,9200.0,9600.0,9200.0,9600.0,201,0.0,0.0
2016-02-25 00:00:00+09:00,9330.0,9500.0,9330.0,9500.0,201,0.0,0.0
2016-02-26 00:00:00+09:00,10800.0,10800.0,10800.0,10800.0,2,0.0,0.0
2016-02-29 00:00:00+09:00,10050.0,10050.0,10050.0,10050.0,100,0.0,0.0
2016-03-02 00:00:00+09:00,9760.0,9900.0,9760.0,9900.0,201,0.0,0.0
2016-03-03 00:00:00+09:00,9620.0,9620.0,9620.0,9620.0,200,0.0,0.0
2016-03-04 00:00:00+09:00,9340.0,9600.0,9340.0,9600.0,201,0.0,0.0
2016-03-07 00:00:00+09:00,9330.0,9500.0,9330.0,9500.0,201,0.0,0.0
2016-03-08 00:00:00+09:00,9230.0,9490.0,9230.0,9490.0,201,0.0,0.0
2016-03-09 00:00:00+09:00,9220.0,9450.0,9220.0,9450.0,201,0.0,0.0
2016-03-10 00:00:00+09:00,9180.0,9730.0,9180.0,9730.0,201,0.0,0.0
2016-03-11 00:00:00+09:00,11000.0,11000.0,11000.0,11000.0,3,0.0,0.0
2016-03-14 00:00:00+09:00,12600.0,12600.0,12600.0,12600.0,5,0.0,0.0
2016-03-15 00:00:00+09:00,13750.0,13750.0,13750.0,13750.0,4,0.0,0.0
2016-03-16 00:00:00+09:00,12300.0,12300.0,12300.0,12300.0,100,0.0,0.0
2016-03-17 00:00:00+09:00,10750.0,10750.0,10750.0,10750.0,100,0.0,0.0
2016-03-18 00:00:00+09:00,10350.0,10350.0,10350.0,10350.0,100,0.0,0.0
2016-03-21 00:00:00+09:00,9990.0,9990.0,9990.0,9990.0,100,0.0,0.0
2016-03-22 00:00:00+09:00,9700.0,9900.0,9700.0,9900.0,201,0.0,0.0
2016-03-23 00:00:00+09:00,9620.0,9800.0,9620.0,9800.0,201,0.0,0.0
2016-03-24 00:00:00+09:00,9520.0,9520.0,9520.0,9520.0,200,0.0,0.0
2016-03-25 00:00:00+09:00,9250.0,9250.0,8110.0,8110.0,955,0.0,0.0
2016-03-28 00:00:00+09:00,8350.0,8350.0,8000.0,8000.0,201,0.0,0.0
2016-03-29 00:00:00+09:00,6810.0,6810.0,6810.0,6810.0,1,0.0,0.0
2016-03-30 00:00:00+09:00,7830.0,7830.0,7830.0,7830.0,2,0.0,0.0
2016-03-31 00:00:00+09:00,8110.0,8110.0,8110.0,8110.0,200,0.0,0.0
2016-04-01 00:00:00+09:00,6910.0,6910.0,6910.0,6910.0,1,0.0,0.0
2016-04-04 00:00:00+09:00,5890.0,5890.0,5890.0,5890.0,3,0.0,0.0
2016-04-05 00:00:00+09:00,6510.0,6510.0,6510.0,6510.0,200,0.0,0.0
2016-04-06 00:00:00+09:00,6700.0,6700.0,6500.0,6500.0,201,0.0,0.0
2016-04-07 00:00:00+09:00,6690.0,6690.0,6500.0,6500.0,201,0.0,0.0
2016-04-08 00:00:00+09:00,6690.0,6690.0,6550.0,6550.0,201,0.0,0.0
2016-04-11 00:00:00+09:00,5570.0,5570.0,5570.0,5570.0,1,0.0,0.0
2016-04-12 00:00:00+09:00,6400.0,6400.0,6100.0,6100.0,202,0.0,0.0
2016-04-14 00:00:00+09:00,6770.0,6770.0,6400.0,6400.0,201,0.0,0.0
2016-04-15 00:00:00+09:00,6710.0,6710.0,6710.0,6710.0,200,0.0,0.0
2016-04-18 00:00:00+09:00,6910.0,6910.0,6520.0,6520.0,201,0.0,0.0
2016-04-19 00:00:00+09:00,6720.0,6720.0,6340.0,6340.0,201,0.0,0.0
2016-04-20 00:00:00+09:00,6520.0,6520.0,6200.0,6200.0,201,0.0,0.0
2016-04-21 00:00:00+09:00,6820.0,6820.0,6450.0,6450.0,161,0.0,0.0
2016-04-22 00:00:00+09:00,6800.0,7410.0,6440.0,6440.0,162,0.0,0.0
2016-04-25 00:00:00+09:00,5510.0,5510.0,5510.0,5510.0,1,0.0,0.0
2016-04-26 00:00:00+09:00,6330.0,6330.0,5980.0,5980.0,201,0.0,0.0
2016-04-27 00:00:00+09:00,6150.0,6210.0,5810.0,6210.0,202,0.0,0.0
2016-04-28 00:00:00+09:00,5280.0,5280.0,5280.0,5280.0,1,0.0,0.0
2016-04-29 00:00:00+09:00,5430.0,5430.0,5130.0,5130.0,201,0.0,0.0
2016-05-02 00:00:00+09:00,5890.0,5890.0,5890.0,5890.0,96,0.0,0.0
2016-05-03 00:00:00+09:00,5890.0,5890.0,5890.0,5890.0,0,0.0,0.0
2016-05-04 00:00:00+09:00,5890.0,5890.0,5890.0,5890.0,0,0.0,0.0
2016-05-09 00:00:00+09:00,5890.0,5890.0,5890.0,5890.0,0,0.0,0.0
2016-05-10 00:00:00+09:00,8440.0,8440.0,7500.0,7500.0,71,0.0,0.0
2016-05-11 00:00:00+09:00,7500.0,7500.0,7500.0,7500.0,0,0.0,0.0
2016-05-12 00:00:00+09:00,7500.0,7500.0,7500.0,7500.0,0,0.0,0.0
2016-05-13 00:00:00+09:00,7500.0,7500.0,7500.0,7500.0,0,0.0,0.0
2016-05-16 00:00:00+09:00,7500.0,7500.0,7500.0,7500.0,0,0.0,0.0
2016-05-17 00:00:00+09:00,7500.0,7500.0,7500.0,7500.0,0,0.0,0.0
2016-05-18 00:00:00+09:00,9200.0,9200.0,9200.0,9200.0,150,0.0,0.0
2016-05-19 00:00:00+09:00,8250.0,9900.0,8250.0,9900.0,131,0.0,0.0
2016-05-20 00:00:00+09:00,9620.0,10150.0,9620.0,10150.0,111,0.0,0.0
2016-05-23 00:00:00+09:00,10150.0,10150.0,10150.0,10150.0,0,0.0,0.0
2016-05-24 00:00:00+09:00,9500.0,9990.0,9500.0,9990.0,111,0.0,0.0
2016-05-25 00:00:00+09:00,9500.0,10000.0,9500.0,10000.0,111,0.0,0.0
2016-05-26 00:00:00+09:00,11400.0,11400.0,11400.0,11400.0,1,0.0,0.0
2016-05-27 00:00:00+09:00,9700.0,10200.0,9700.0,10200.0,111,0.0,0.0
2016-05-30 00:00:00+09:00,9910.0,9910.0,9910.0,9910.0,110,0.0,0.0
2016-05-31 00:00:00+09:00,9630.0,9850.0,9630.0,9850.0,201,0.0,0.0
2016-06-01 00:00:00+09:00,9900.0,11250.0,9900.0,11250.0,993,0.0,0.0
2016-06-02 00:00:00+09:00,10300.0,10300.0,10300.0,10300.0,100,0.0,0.0
2016-06-03 00:00:00+09:00,10100.0,11750.0,10100.0,11750.0,102,0.0,0.0
2016-06-07 00:00:00+09:00,13450.0,13450.0,13450.0,13450.0,2,0.0,0.0
2016-06-08 00:00:00+09:00,11450.0,12100.0,11450.0,12100.0,91,0.0,0.0
2016-06-09 00:00:00+09:00,10300.0,10300.0,10300.0,10300.0,100,0.0,0.0
2016-06-10 00:00:00+09:00,9900.0,10100.0,9900.0,10100.0,111,0.0,0.0
2016-06-13 00:00:00+09:00,9400.0,9950.0,9400.0,9950.0,111,0.0,0.0
2016-06-14 00:00:00+09:00,10300.0,11350.0,10300.0,11350.0,7,0.0,0.0
2016-06-15 00:00:00+09:00,13000.0,13000.0,13000.0,13000.0,3,0.0,0.0
2016-06-16 00:00:00+09:00,11050.0,11500.0,11050.0,11500.0,101,0.0,0.0
2016-06-17 00:00:00+09:00,10400.0,11000.0,10400.0,11000.0,101,0.0,0.0
2016-06-20 00:00:00+09:00,9720.0,10300.0,9720.0,10300.0,111,0.0,0.0
2016-06-21 00:00:00+09:00,9440.0,9440.0,9440.0,9440.0,110,0.0,0.0
2016-06-22 00:00:00+09:00,9440.0,9440.0,9440.0,9440.0,0,0.0,0.0
2016-06-23 00:00:00+09:00,9390.0,9390.0,9390.0,9390.0,110,0.0,0.0
2016-06-24 00:00:00+09:00,8000.0,10700.0,8000.0,10700.0,2,0.0,0.0
2016-06-27 00:00:00+09:00,9700.0,9950.0,9200.0,9200.0,212,0.0,0.0
2016-06-28 00:00:00+09:00,7820.0,7820.0,7820.0,7820.0,698,0.0,0.0
2016-06-29 00:00:00+09:00,7010.0,7010.0,7010.0,7010.0,1,0.0,0.0
2016-06-30 00:00:00+09:00,6500.0,7500.0,6500.0,7500.0,2,0.0,0.0
2016-07-01 00:00:00+09:00,6390.0,8000.0,6390.0,7010.0,197,0.0,0.0
2016-07-04 00:00:00+09:00,8060.0,8060.0,8060.0,8060.0,140,0.0,0.0
2016-07-05 00:00:00+09:00,9260.0,9260.0,8100.0,8100.0,501,0.0,0.0
2016-07-06 00:00:00+09:00,9300.0,9300.0,8300.0,8510.0,1011,0.0,0.0
2016-07-07 00:00:00+09:00,9440.0,9440.0,9440.0,9440.0,110,0.0,0.0
2016-07-08 00:00:00+09:00,9170.0,9170.0,8500.0,8500.0,111,0.0,0.0
2016-07-11 00:00:00+09:00,9500.0,9500.0,9500.0,9500.0,500,0.0,0.0
2016-07-12 00:00:00+09:00,9800.0,9800.0,9800.0,9800.0,1,0.0,0.0
2016-07-13 00:00:00+09:00,9520.0,9520.0,9520.0,9520.0,110,0.0,0.0
2016-07-14 00:00:00+09:00,9600.0,10900.0,9600.0,10900.0,891,0.0,0.0
2016-07-15 00:00:00+09:00,10000.0,10000.0,10000.0,10000.0,100,0.0,0.0
2016-07-18 00:00:00+09:00,9710.0,9710.0,8900.0,8900.0,111,0.0,0.0
2016-07-19 00:00:00+09:00,9500.0,9500.0,9500.0,9500.0,500,0.0,0.0
2016-07-20 00:00:00+09:00,9700.0,9900.0,9310.0,9310.0,1001,0.0,0.0
2016-07-21 00:00:00+09:00,9310.0,9310.0,9310.0,9310.0,0,0.0,0.0
2016-07-22 00:00:00+09:00,9600.0,10750.0,9500.0,10750.0,2511,0.0,0.0
2016-07-25 00:00:00+09:00,12350.0,12350.0,9610.0,12350.0,3,0.0,0.0
2016-07-26 00:00:00+09:00,13800.0,13800.0,10500.0,13750.0,53,0.0,0.0
2016-07-27 00:00:00+09:00,13000.0,13000.0,13000.0,13000.0,80,0.0,0.0
2016-07-28 00:00:00+09:00,14900.0,14900.0,14900.0,14900.0,1,0.0,0.0
2016-07-29 00:00:00+09:00,12700.0,12700.0,12700.0,12700.0,70,0.0,0.0
2016-08-01 00:00:00+09:00,10800.0,11400.0,10800.0,11400.0,150,0.0,0.0
2016-08-02 00:00:00+09:00,11400.0,13000.0,11400.0,13000.0,51,0.0,0.0
2016-08-03 00:00:00+09:00,11050.0,11050.0,11050.0,11050.0,100,0.0,0.0
2016-08-04 00:00:00+09:00,9500.0,10450.0,9500.0,9600.0,2166,0.0,0.0
2016-08-05 00:00:00+09:00,9600.0,9600.0,9600.0,9600.0,0,0.0,0.0
2016-08-08 00:00:00+09:00,9600.0,9600.0,9600.0,9600.0,0,0.0,0.0
2016-08-09 00:00:00+09:00,8300.0,8300.0,8300.0,8300.0,1,0.0,0.0
2016-08-10 00:00:00+09:00,9000.0,9000.0,9000.0,9000.0,1,0.0,0.0
2016-08-11 00:00:00+09:00,10000.0,10000.0,10000.0,10000.0,1,0.0,0.0
2016-08-12 00:00:00+09:00,10000.0,10000.0,10000.0,10000.0,0,0.0,0.0
2016-08-16 00:00:00+09:00,10500.0,10500.0,10500.0,10500.0,100,0.0,0.0
2016-08-17 00:00:00+09:00,10750.0,10750.0,10750.0,10750.0,50,0.0,0.0
2016-08-18 00:00:00+09:00,11550.0,11550.0,11550.0,11550.0,1,0.0,0.0
2016-08-19 00:00:00+09:00,10850.0,11400.0,10850.0,11400.0,101,0.0,0.0
2016-08-22 00:00:00+09:00,10800.0,10800.0,10800.0,10800.0,50,0.0,0.0
2016-08-23 00:00:00+09:00,10450.0,10800.0,10450.0,10800.0,101,0.0,0.0
2016-08-24 00:00:00+09:00,10000.0,10000.0,10000.0,10000.0,100,0.0,0.0
2016-08-25 00:00:00+09:00,10250.0,10250.0,10250.0,10250.0,200,0.0,0.0
2016-08-26 00:00:00+09:00,9950.0,9950.0,9950.0,9950.0,402,0.0,0.0
2016-08-29 00:00:00+09:00,10350.0,10350.0,10350.0,10350.0,1,0.0,0.0
2016-08-30 00:00:00+09:00,9900.0,10350.0,9900.0,10350.0,308,0.0,0.0
2016-08-31 00:00:00+09:00,9000.0,9000.0,9000.0,9000.0,300,0.0,0.0
2016-09-01 00:00:00+09:00,9260.0,10200.0,9260.0,10200.0,201,0.0,0.0
2016-09-02 00:00:00+09:00,9910.0,9910.0,9050.0,9050.0,201,0.0,0.0
2016-09-05 00:00:00+09:00,9720.0,9720.0,9720.0,9720.0,150,0.0,0.0
2016-09-06 00:00:00+09:00,8900.0,10000.0,8900.0,10000.0,102,0.0,0.0
2016-09-07 00:00:00+09:00,10100.0,10100.0,8510.0,8510.0,1630,0.0,0.0
2016-09-08 00:00:00+09:00,8760.0,8760.0,8270.0,8270.0,201,0.0,0.0
2016-09-09 00:00:00+09:00,9010.0,9010.0,9000.0,9000.0,1150,0.0,0.0
2016-09-12 00:00:00+09:00,8500.0,8500.0,7650.0,7650.0,2001,0.0,0.0
2016-09-13 00:00:00+09:00,8110.0,8110.0,8110.0,8110.0,200,0.0,0.0
2016-09-19 00:00:00+09:00,7000.0,9320.0,7000.0,8050.0,302,0.0,0.0
2016-09-20 00:00:00+09:00,9250.0,9250.0,8730.0,8730.0,2,0.0,0.0
2016-09-21 00:00:00+09:00,7500.0,7500.0,7500.0,7500.0,1,0.0,0.0
2016-09-22 00:00:00+09:00,8620.0,8620.0,8620.0,8620.0,130,0.0,0.0
2016-09-23 00:00:00+09:00,7500.0,7500.0,7500.0,7500.0,1,0.0,0.0
2016-09-26 00:00:00+09:00,7720.0,7720.0,7290.0,7290.0,141,0.0,0.0
2016-09-27 00:00:00+09:00,8380.0,8380.0,8380.0,8380.0,120,0.0,0.0
2016-09-28 00:00:00+09:00,7300.0,7300.0,7300.0,7300.0,1,0.0,0.0
2016-09-29 00:00:00+09:00,8390.0,8390.0,8390.0,8390.0,130,0.0,0.0
2016-09-30 00:00:00+09:00,7140.0,7140.0,7140.0,7140.0,1,0.0,0.0
2016-10-04 00:00:00+09:00,7350.0,7350.0,7200.0,7200.0,201,0.0,0.0
2016-10-05 00:00:00+09:00,7420.0,7420.0,7200.0,7200.0,201,0.0,0.0
2016-10-06 00:00:00+09:00,7510.0,8200.0,7500.0,7500.0,301,0.0,0.0
2016-10-07 00:00:00+09:00,7200.0,7200.0,7200.0,7200.0,3070,0.0,0.0
2016-10-10 00:00:00+09:00,7200.0,8100.0,6500.0,6500.0,701,0.0,0.0
2016-10-11 00:00:00+09:00,6000.0,7450.0,6000.0,6000.0,402,0.0,0.0
2016-10-12 00:00:00+09:00,6900.0,6900.0,6900.0,6900.0,700,0.0,0.0
2016-10-13 00:00:00+09:00,6100.0,6100.0,6100.0,6100.0,1,0.0,0.0
2016-10-14 00:00:00+09:00,5190.0,7010.0,5190.0,7010.0,243,0.0,0.0
2016-10-17 00:00:00+09:00,7210.0,7800.0,7110.0,7110.0,302,0.0,0.0
2016-10-18 00:00:00+09:00,7320.0,7320.0,7200.0,7200.0,201,0.0,0.0
2016-10-19 00:00:00+09:00,7420.0,7420.0,7200.0,7200.0,201,0.0,0.0
2016-10-20 00:00:00+09:00,6600.0,7100.0,6600.0,7100.0,2,0.0,0.0
2016-10-21 00:00:00+09:00,7000.0,8000.0,7000.0,8000.0,11929,0.0,0.0
2016-10-24 00:00:00+09:00,6800.0,8100.0,6800.0,8100.0,2,0.0,0.0
2016-10-25 00:00:00+09:00,9300.0,9300.0,9300.0,9300.0,1,0.0,0.0
2016-10-26 00:00:00+09:00,10000.0,10000.0,10000.0,10000.0,1,0.0,0.0
2016-10-27 00:00:00+09:00,9710.0,10000.0,9710.0,10000.0,201,0.0,0.0
2016-10-28 00:00:00+09:00,9710.0,9710.0,9710.0,9710.0,200,0.0,0.0
2016-10-31 00:00:00+09:00,9430.0,9430.0,9430.0,9430.0,100,0.0,0.0
2016-11-01 00:00:00+09:00,8030.0,8030.0,8030.0,8030.0,1,0.0,0.0
2016-11-02 00:00:00+09:00,6850.0,6850.0,6850.0,6850.0,2,0.0,0.0
2016-11-03 00:00:00+09:00,5850.0,6000.0,5850.0,6000.0,2,0.0,0.0
2016-11-04 00:00:00+09:00,5300.0,5300.0,5300.0,5300.0,1,0.0,0.0
2016-11-07 00:00:00+09:00,4650.0,4650.0,4650.0,4650.0,1,0.0,0.0
2016-11-08 00:00:00+09:00,5340.0,5340.0,5340.0,5340.0,300,0.0,0.0
2016-11-09 00:00:00+09:00,6140.0,6140.0,6140.0,6140.0,1,0.0,0.0
2016-11-10 00:00:00+09:00,7060.0,7060.0,7060.0,7060.0,1,0.0,0.0
2016-11-11 00:00:00+09:00,7060.0,7060.0,7060.0,7060.0,1,0.0,0.0
2016-11-14 00:00:00+09:00,6860.0,7270.0,6860.0,7270.0,284,0.0,0.0
2016-11-15 00:00:00+09:00,7060.0,8350.0,7060.0,8350.0,279,0.0,0.0
2016-11-16 00:00:00+09:00,7100.0,9600.0,7100.0,9600.0,112,0.0,0.0
2016-11-17 00:00:00+09:00,9330.0,9330.0,9330.0,9330.0,108,0.0,0.0
2016-11-18 00:00:00+09:00,9350.0,9350.0,9350.0,9350.0,50,0.0,0.0
2016-11-21 00:00:00+09:00,9080.0,9620.0,9080.0,9620.0,112,0.0,0.0
2016-11-22 00:00:00+09:00,9010.0,9010.0,9010.0,9010.0,300,0.0,0.0
2016-11-23 00:00:00+09:00,9010.0,9010.0,9010.0,9010.0,0,0.0,0.0
2016-11-24 00:00:00+09:00,9010.0,9010.0,9010.0,9010.0,0,0.0,0.0
2016-11-25 00:00:00+09:00,9010.0,9010.0,9010.0,9010.0,0,0.0,0.0
2016-11-28 00:00:00+09:00,9010.0,9010.0,9010.0,9010.0,0,0.0,0.0
2016-11-29 00:00:00+09:00,9010.0,9010.0,9010.0,9010.0,0,0.0,0.0
2016-11-30 00:00:00+09:00,9010.0,9010.0,9010.0,9010.0,0,0.0,0.0
2016-12-01 00:00:00+09:00,9010.0,9010.0,9010.0,9010.0,0,0.0,0.0
2016-12-02 00:00:00+09:00,9010.0,9010.0,9010.0,9010.0,0,0.0,0.0
2016-12-05 00:00:00+09:00,9010.0,9010.0,9010.0,9010.0,0,0.0,0.0
2016-12-06 00:00:00+09:00,9010.0,9010.0,9010.0,9010.0,0,0.0,0.0
2016-12-07 00:00:00+09:00,9010.0,9010.0,9010.0,9010.0,0,0.0,0.0
2016-12-08 00:00:00+09:00,9010.0,9010.0,9010.0,9010.0,0,0.0,0.0
2016-12-09 00:00:00+09:00,9010.0,9010.0,9010.0,9010.0,0,0.0,0.0
2016-12-12 00:00:00+09:00,9010.0,9010.0,9010.0,9010.0,0,0.0,0.0
2016-12-13 00:00:00+09:00,9010.0,9010.0,9010.0,9010.0,0,0.0,0.0
2016-12-14 00:00:00+09:00,9010.0,9010.0,9010.0,9010.0,0,0.0,0.0
2016-12-15 00:00:00+09:00,9010.0,9010.0,9010.0,9010.0,0,0.0,0.0
2016-12-16 00:00:00+09:00,9010.0,9010.0,9010.0,9010.0,0,0.0,0.0
2016-12-19 00:00:00+09:00,9010.0,9010.0,9010.0,9010.0,0,0.0,0.0
2016-12-20 00:00:00+09:00,9010.0,9010.0,9010.0,9010.0,0,0.0,0.0
2016-12-21 00:00:00+09:00,9010.0,9010.0,9010.0,9010.0,0,0.0,0.0
2016-12-22 00:00:00+09:00,9010.0,9010.0,9010.0,9010.0,0,0.0,0.0
2016-12-23 00:00:00+09:00,9010.0,9010.0,9010.0,9010.0,0,0.0,0.0
2016-12-26 00:00:00+09:00,9010.0,9010.0,9010.0,9010.0,0,0.0,0.0
2016-12-27 00:00:00+09:00,9010.0,9010.0,9010.0,9010.0,0,0.0,0.0
2016-12-28 00:00:00+09:00,9010.0,9010.0,9010.0,9010.0,0,0.0,0.0
2016-12-29 00:00:00+09:00,9010.0,9010.0,9010.0,9010.0,0,0.0,0.0
2017-01-02 00:00:00+09:00,9010.0,9010.0,9010.0,9010.0,0,0.0,0.0
2017-01-03 00:00:00+09:00,9010.0,9010.0,9010.0,9010.0,0,0.0,0.0
2017-01-04 00:00:00+09:00,9010.0,9010.0,9010.0,9010.0,0,0.0,0.0
2017-01-05 00:00:00+09:00,9010.0,9010.0,9010.0,9010.0,0,0.0,0.0
2017-01-06 00:00:00+09:00,9010.0,9010.0,9010.0,9010.0,0,0.0,0.0
2017-01-09 00:00:00+09:00,9010.0,9010.0,9010.0,9010.0,0,0.0,0.0
2017-01-10 00:00:00+09:00,9010.0,9010.0,9010.0,9010.0,0,0.0,0.0
2017-01-11 00:00:00+09:00,9010.0,9010.0,9010.0,9010.0,0,0.0,0.0
2017-01-12 00:00:00+09:00,9010.0,9010.0,9010.0,9010.0,0,0.0,0.0
2017-01-13 00:00:00+09:00,9010.0,9010.0,9010.0,9010.0,0,0.0,0.0
2017-01-16 00:00:00+09:00,9010.0,9010.0,9010.0,9010.0,0,0.0,0.0
2017-01-17 00:00:00+09:00,9010.0,9010.0,9010.0,9010.0,0,0.0,0.0
2017-01-18 00:00:00+09:00,9010.0,9010.0,9010.0,9010.0,0,0.0,0.0
2017-01-19 00:00:00+09:00,9010.0,9010.0,9010.0,9010.0,0,0.0,0.0
2017-01-20 00:00:00+09:00,9010.0,9010.0,9010.0,9010.0,0,0.0,0.0
2017-01-23 00:00:00+09:00,9010.0,9010.0,9010.0,9010.0,0,0.0,0.0
2017-01-24 00:00:00+09:00,9010.0,9010.0,9010.0,9010.0,0,0.0,0.0
2017-01-25 00:00:00+09:00,9010.0,9010.0,9010.0,9010.0,0,0.0,0.0
2017-01-26 00:00:00+09:00,9010.0,9010.0,9010.0,9010.0,0,0.0,0.0
2017-01-31 00:00:00+09:00,9010.0,9010.0,9010.0,9010.0,0,0.0,0.0
2017-02-01 00:00:00+09:00,9010.0,9010.0,9010.0,9010.0,0,0.0,0.0
2017-02-02 00:00:00+09:00,9010.0,9010.0,9010.0,9010.0,0,0.0,0.0
2017-02-03 00:00:00+09:00,9010.0,9010.0,9010.0,9010.0,0,0.0,0.0
2017-02-06 00:00:00+09:00,9010.0,9010.0,9010.0,9010.0,0,0.0,0.0
2017-02-07 00:00:00+09:00,9010.0,9010.0,9010.0,9010.0,0,0.0,0.0
2017-02-08 00:00:00+09:00,9010.0,9010.0,9010.0,9010.0,0,0.0,0.0
2017-02-09 00:00:00+09:00,9010.0,9010.0,9010.0,9010.0,0,0.0,0.0
2017-02-10 00:00:00+09:00,9010.0,9010.0,9010.0,9010.0,0,0.0,0.0
2017-02-13 00:00:00+09:00,9010.0,9010.0,9010.0,9010.0,0,0.0,0.0
2017-02-14 00:00:00+09:00,9010.0,9010.0,9010.0,9010.0,0,0.0,0.0
2017-02-15 00:00:00+09:00,9010.0,9010.0,9010.0,9010.0,0,0.0,0.0
2017-02-16 00:00:00+09:00,9010.0,9010.0,9010.0,9010.0,0,0.0,0.0
2017-02-17 00:00:00+09:00,9010.0,9010.0,9010.0,9010.0,0,0.0,0.0
2017-02-20 00:00:00+09:00,9010.0,9010.0,9010.0,9010.0,0,0.0,0.0
2017-02-21 00:00:00+09:00,9010.0,9010.0,9010.0,9010.0,0,0.0,0.0
2017-02-22 00:00:00+09:00,9010.0,9010.0,9010.0,9010.0,0,0.0,0.0
2017-02-23 00:00:00+09:00,9010.0,9010.0,9010.0,9010.0,0,0.0,0.0
2017-02-24 00:00:00+09:00,9010.0,9010.0,9010.0,9010.0,0,0.0,0.0
2017-02-27 00:00:00+09:00,9010.0,9010.0,9010.0,9010.0,0,0.0,0.0
2017-02-28 00:00:00+09:00,9010.0,9010.0,9010.0,9010.0,0,0.0,0.0
2017-03-02 00:00:00+09:00,9010.0,9010.0,9010.0,9010.0,0,0.0,0.0
2017-03-03 00:00:00+09:00,9010.0,9010.0,9010.0,9010.0,0,0.0,0.0
2017-03-06 00:00:00+09:00,9010.0,9010.0,9010.0,9010.0,0,0.0,0.0
2017-03-07 00:00:00+09:00,9010.0,9010.0,9010.0,9010.0,0,0.0,0.0
2017-03-08 00:00:00+09:00,9010.0,9010.0,9010.0,9010.0,0,0.0,0.0
2017-03-09 00:00:00+09:00,9010.0,9010.0,9010.0,9010.0,0,0.0,0.0
2017-03-10 00:00:00+09:00,9010.0,9010.0,9010.0,9010.0,0,0.0,0.0
2017-03-13 00:00:00+09:00,9010.0,9010.0,9010.0,9010.0,0,0.0,0.0
2017-03-14 00:00:00+09:00,9010.0,9010.0,9010.0,9010.0,0,0.0,0.0
2017-03-15 00:00:00+09:00,9010.0,9010.0,9010.0,9010.0,0,0.0,0.0
2017-03-16 00:00:00+09:00,9010.0,9010.0,9010.0,9010.0,0,0.0,0.0
2017-03-17 00:00:00+09:00,9010.0,9010.0,9010.0,9010.0,0,0.0,0.0
2017-03-20 00:00:00+09:00,9010.0,9010.0,9010.0,9010.0,0,0.0,0.0
2017-03-21 00:00:00+09:00,9010.0,9010.0,9010.0,9010.0,0,0.0,0.0
2017-03-22 00:00:00+09:00,9010.0,9010.0,9010.0,9010.0,0,0.0,0.0
2017-03-23 00:00:00+09:00,9010.0,9010.0,9010.0,9010.0,0,0.0,0.0
2017-03-24 00:00:00+09:00,9010.0,9010.0,9010.0,9010.0,0,0.0,0.0
2017-03-27 00:00:00+09:00,9010.0,9010.0,9010.0,9010.0,0,0.0,0.0
2017-03-28 00:00:00+09:00,9010.0,9010.0,9010.0,9010.0,0,0.0,0.0
2017-03-29 00:00:00+09:00,9010.0,9010.0,9010.0,9010.0,0,0.0,0.0
2017-03-30 00:00:00+09:00,9010.0,9010.0,9010.0,9010.0,0,0.0,0.0
2017-03-31 00:00:00+09:00,9010.0,9010.0,9010.0,9010.0,0,0.0,0.0
2017-04-03 00:00:00+09:00,9010.0,9010.0,9010.0,9010.0,0,0.0,0.0
2017-04-04 00:00:00+09:00,9010.0,9010.0,9010.0,9010.0,0,0.0,0.0
2017-04-05 00:00:00+09:00,9010.0,9010.0,9010.0,9010.0,0,0.0,0.0
2017-04-06 00:00:00+09:00,9010.0,9010.0,9010.0,9010.0,0,0.0,0.0
2017-04-07 00:00:00+09:00,9010.0,9010.0,9010.0,9010.0,0,0.0,0.0
2017-04-10 00:00:00+09:00,9010.0,9010.0,9010.0,9010.0,0,0.0,0.0
2017-04-11 00:00:00+09:00,9010.0,9010.0,9010.0,9010.0,0,0.0,0.0
2017-04-12 00:00:00+09:00,9010.0,9010.0,9010.0,9010.0,0,0.0,0.0
2017-04-13 00:00:00+09:00,9010.0,9010.0,9010.0,9010.0,0,0.0,0.0
2017-04-14 00:00:00+09:00,9010.0,9010.0,9010.0,9010.0,0,0.0,0.0
2017-04-17 00:00:00+09:00,9010.0,9010.0,9010.0,9010.0,0,0.0,0.0
2017-04-18 00:00:00+09:00,9010.0,9010.0,9010.0,9010.0,0,0.0,0.0
2017-04-19 00:00:00+09:00,9010.0,9010.0,9010.0,9010.0,0,0.0,0.0
2017-04-20 00:00:00+09:00,9010.0,9010.0,9010.0,9010.0,0,0.0,0.0
2017-04-21 00:00:00+09:00,9010.0,9010.0,9010.0,9010.0,0,0.0,0.0
2017-04-24 00:00:00+09:00,9010.0,9010.0,9010.0,9010.0,0,0.0,0.0
2017-04-25 00:00:00+09:00,9010.0,9010.0,9010.0,9010.0,0,0.0,0.0
2017-04-26 00:00:00+09:00,9010.0,9010.0,9010.0,9010.0,0,0.0,0.0
2017-04-27 00:00:00+09:00,9010.0,9010.0,9010.0,9010.0,0,0.0,0.0
2017-04-28 00:00:00+09:00,9010.0,9010.0,9010.0,9010.0,0,0.0,0.0
2017-05-02 00:00:00+09:00,9010.0,9010.0,9010.0,9010.0,0,0.0,0.0
2017-05-04 00:00:00+09:00,9010.0,9010.0,9010.0,9010.0,0,0.0,0.0
2017-05-08 00:00:00+09:00,9010.0,9010.0,9010.0,9010.0,0,0.0,0.0
2017-05-10 00:00:00+09:00,9010.0,9010.0,9010.0,9010.0,0,0.0,0.0
2017-05-11 00:00:00+09:00,9010.0,9010.0,9010.0,9010.0,0,0.0,0.0
2017-05-12 00:00:00+09:00,9010.0,9010.0,9010.0,9010.0,0,0.0,0.0
2017-05-15 00:00:00+09:00,9010.0,9010.0,9010.0,9010.0,0,0.0,0.0
2017-05-16 00:00:00+09:00,9010.0,9010.0,9010.0,9010.0,0,0.0,0.0
2017-05-17 00:00:00+09:00,9010.0,9010.0,9010.0,9010.0,0,0.0,0.0
2017-05-18 00:00:00+09:00,9010.0,9010.0,9010.0,9010.0,0,0.0,0.0
2017-05-19 00:00:00+09:00,9010.0,9010.0,9010.0,9010.0,0,0.0,0.0
2017-05-22 00:00:00+09:00,9010.0,9010.0,9010.0,9010.0,0,0.0,0.0
2017-05-23 00:00:00+09:00,9010.0,9010.0,9010.0,9010.0,0,0.0,0.0
2017-05-24 00:00:00+09:00,9010.0,9010.0,9010.0,9010.0,0,0.0,0.0
2017-05-25 00:00:00+09:00,9010.0,9010.0,9010.0,9010.0,0,0.0,0.0
2017-05-26 00:00:00+09:00,9010.0,9010.0,9010.0,9010.0,0,0.0,0.0
2017-05-29 00:00:00+09:00,9010.0,9010.0,9010.0,9010.0,0,0.0,0.0
2017-05-30 00:00:00+09:00,9010.0,9010.0,9010.0,9010.0,0,0.0,0.0
2017-05-31 00:00:00+09:00,9010.0,9010.0,9010.0,9010.0,0,0.0,0.0
2017-06-01 00:00:00+09:00,9010.0,9010.0,9010.0,9010.0,0,0.0,0.0
2017-06-02 00:00:00+09:00,9010.0,9010.0,9010.0,9010.0,0,0.0,0.0
2017-06-05 00:00:00+09:00,9010.0,9010.0,9010.0,9010.0,0,0.0,0.0
2017-06-07 00:00:00+09:00,9010.0,9010.0,9010.0,9010.0,0,0.0,0.0
2017-06-08 00:00:00+09:00,9010.0,9010.0,9010.0,9010.0,0,0.0,0.0
2017-06-09 00:00:00+09:00,9010.0,9010.0,9010.0,9010.0,0,0.0,0.0
2017-06-12 00:00:00+09:00,9010.0,9010.0,9010.0,9010.0,0,0.0,0.0
2017-06-13 00:00:00+09:00,9010.0,9010.0,9010.0,9010.0,0,0.0,0.0
2017-06-14 00:00:00+09:00,9010.0,9010.0,9010.0,9010.0,0,0.0,0.0
2017-06-15 00:00:00+09:00,9010.0,9010.0,9010.0,9010.0,0,0.0,0.0
2017-06-16 00:00:00+09:00,9010.0,9010.0,9010.0,9010.0,0,0.0,0.0
2017-06-19 00:00:00+09:00,9010.0,9010.0,9010.0,9010.0,0,0.0,0.0
2017-06-20 00:00:00+09:00,9010.0,9010.0,9010.0,9010.0,0,0.0,0.0
2017-06-21 00:00:00+09:00,9010.0,9010.0,9010.0,9010.0,0,0.0,0.0
2017-06-22 00:00:00+09:00,9010.0,9010.0,9010.0,9010.0,0,0.0,0.0
2017-06-23 00:00:00+09:00,9010.0,9010.0,9010.0,9010.0,0,0.0,0.0
2017-06-26 00:00:00+09:00,9010.0,9010.0,9010.0,9010.0,0,0.0,0.0
2017-06-27 00:00:00+09:00,9010.0,9010.0,9010.0,9010.0,0,0.0,0.0
2017-06-28 00:00:00+09:00,9010.0,9010.0,9010.0,9010.0,0,0.0,0.0
2017-06-29 00:00:00+09:00,9010.0,9010.0,9010.0,9010.0,0,0.0,0.0
2017-06-30 00:00:00+09:00,9010.0,9010.0,9010.0,9010.0,0,0.0,0.0
2017-07-03 00:00:00+09:00,9010.0,9010.0,9010.0,9010.0,0,0.0,0.0
2017-07-04 00:00:00+09:00,9010.0,9010.0,9010.0,9010.0,0,0.0,0.0
2017-07-05 00:00:00+09:00,9010.0,9010.0,9010.0,9010.0,0,0.0,0.0
2017-07-06 00:00:00+09:00,9010.0,9010.0,9010.0,9010.0,0,0.0,0.0
2017-07-07 00:00:00+09:00,9010.0,9010.0,9010.0,9010.0,0,0.0,0.0
2017-07-10 00:00:00+09:00,9010.0,9010.0,9010.0,9010.0,0,0.0,0.0
2017-07-11 00:00:00+09:00,9010.0,9010.0,9010.0,9010.0,0,0.0,0.0
2017-07-12 00:00:00+09:00,9010.0,9010.0,9010.0,9010.0,0,0.0,0.0
2017-07-13 00:00:00+09:00,9010.0,9010.0,9010.0,9010.0,0,0.0,0.0
2017-07-14 00:00:00+09:00,9010.0,9010.0,9010.0,9010.0,0,0.0,0.0
2017-07-17 00:00:00+09:00,9010.0,9010.0,9010.0,9010.0,0,0.0,0.0
2017-07-18 00:00:00+09:00,9010.0,9010.0,9010.0,9010.0,0,0.0,0.0
2017-07-19 00:00:00+09:00,9010.0,9010.0,9010.0,9010.0,0,0.0,0.0
2017-07-20 00:00:00+09:00,9010.0,9010.0,9010.0,9010.0,0,0.0,0.0
2017-07-21 00:00:00+09:00,9010.0,9010.0,9010.0,9010.0,0,0.0,0.0
2017-07-24 00:00:00+09:00,9010.0,9010.0,9010.0,9010.0,0,0.0,0.0
2017-07-25 00:00:00+09:00,9010.0,9010.0,9010.0,9010.0,0,0.0,0.0
2017-07-26 00:00:00+09:00,9010.0,9010.0,9010.0,9010.0,0,0.0,0.0
2017-07-27 00:00:00+09:00,9010.0,9010.0,9010.0,9010.0,0,0.0,0.0
2017-07-28 00:00:00+09:00,9010.0,9010.0,9010.0,9010.0,0,0.0,0.0
2017-07-31 00:00:00+09:00,9010.0,9010.0,9010.0,9010.0,0,0.0,0.0
2017-08-01 00:00:00+09:00,9010.0,9010.0,9010.0,9010.0,0,0.0,0.0
2017-08-02 00:00:00+09:00,9010.0,9010.0,9010.0,9010.0,0,0.0,0.0
2017-08-03 00:00:00+09:00,9010.0,9010.0,9010.0,9010.0,0,0.0,0.0
2017-08-04 00:00:00+09:00,9010.0,9010.0,9010.0,9010.0,0,0.0,0.0
2017-08-07 00:00:00+09:00,9010.0,9010.0,9010.0,9010.0,0,0.0,0.0
2017-08-08 00:00:00+09:00,9010.0,9010.0,9010.0,9010.0,0,0.0,0.0
2017-08-09 00:00:00+09:00,9010.0,9010.0,9010.0,9010.0,0,0.0,0.0
2017-08-10 00:00:00+09:00,9010.0,9010.0,9010.0,9010.0,0,0.0,0.0
2017-08-11 00:00:00+09:00,9010.0,9010.0,9010.0,9010.0,0,0.0,0.0
2017-08-14 00:00:00+09:00,9010.0,9010.0,9010.0,9010.0,0,0.0,0.0
2017-08-16 00:00:00+09:00,9010.0,9010.0,9010.0,9010.0,0,0.0,0.0
2017-08-17 00:00:00+09:00,9010.0,9010.0,9010.0,9010.0,0,0.0,0.0
2017-08-18 00:00:00+09:00,9010.0,9010.0,9010.0,9010.0,0,0.0,0.0
2017-08-21 00:00:00+09:00,9010.0,9010.0,9010.0,9010.0,0,0.0,0.0
2017-08-22 00:00:00+09:00,9010.0,9010.0,9010.0,9010.0,0,0.0,0.0
2017-08-23 00:00:00+09:00,9010.0,9010.0,9010.0,9010.0,0,0.0,0.0
2017-08-24 00:00:00+09:00,9010.0,9010.0,9010.0,9010.0,0,0.0,0.0
2017-08-25 00:00:00+09:00,9010.0,9010.0,9010.0,9010.0,0,0.0,0.0
2017-08-28 00:00:00+09:00,9010.0,9010.0,9010.0,9010.0,0,0.0,0.0
2017-08-29 00:00:00+09:00,9010.0,9010.0,9010.0,9010.0,0,0.0,0.0
2017-08-30 00:00:00+09:00,9010.0,9010.0,9010.0,9010.0,0,0.0,0.0
2017-08-31 00:00:00+09:00,9010.0,9010.0,9010.0,9010.0,0,0.0,0.0
2017-09-01 00:00:00+09:00,9010.0,9010.0,9010.0,9010.0,0,0.0,0.0
2017-09-04 00:00:00+09:00,9010.0,9010.0,9010.0,9010.0,0,0.0,0.0
2017-09-05 00:00:00+09:00,9010.0,9010.0,9010.0,9010.0,0,0.0,0.0
2017-09-06 00:00:00+09:00,9010.0,9010.0,9010.0,9010.0,0,0.0,0.0
2017-09-07 00:00:00+09:00,9010.0,9010.0,9010.0,9010.0,0,0.0,0.0
2017-09-08 00:00:00+09:00,9010.0,9010.0,9010.0,9010.0,0,0.0,0.0
2017-09-11 00:00:00+09:00,9010.0,9010.0,9010.0,9010.0,0,0.0,0.0
2017-09-12 00:00:00+09:00,9010.0,9010.0,9010.0,9010.0,0,0.0,0.0
2017-09-13 00:00:00+09:00,9010.0,9010.0,9010.0,9010.0,0,0.0,0.0
2017-09-14 00:00:00+09:00,9010.0,9010.0,9010.0,9010.0,0,0.0,0.0
2017-09-15 00:00:00+09:00,9010.0,9010.0,9010.0,9010.0,0,0.0,0.0
2017-09-18 00:00:00+09:00,9010.0,9010.0,9010.0,9010.0,0,0.0,0.0
2017-09-19 00:00:00+09:00,9010.0,9010.0,9010.0,9010.0,0,0.0,0.0
2017-09-20 00:00:00+09:00,9010.0,9010.0,9010.0,9010.0,0,0.0,0.0
2017-09-21 00:00:00+09:00,9010.0,9010.0,9010.0,9010.0,0,0.0,0.0
2017-09-25 00:00:00+09:00,9010.0,9010.0,9010.0,9010.0,0,0.0,0.0
2017-09-26 00:00:00+09:00,9010.0,9010.0,9010.0,9010.0,0,0.0,0.0
2017-09-27 00:00:00+09:00,9010.0,9010.0,9010.0,9010.0,0,0.0,0.0
2017-09-28 00:00:00+09:00,9010.0,9010.0,9010.0,9010.0,0,0.0,0.0
2017-09-29 00:00:00+09:00,9010.0,9010.0,9010.0,9010.0,0,0.0,0.0
2017-10-10 00:00:00+09:00,9010.0,9010.0,9010.0,9010.0,0,0.0,0.0
2017-10-11 00:00:00+09:00,9010.0,9010.0,9010.0,9010.0,0,0.0,0.0
2017-10-12 00:00:00+09:00,9010.0,9010.0,9010.0,9010.0,0,0.0,0.0
2017-10-13 00:00:00+09:00,9010.0,9010.0,9010.0,9010.0,0,0.0,0.0
2017-10-16 00:00:00+09:00,9010.0,9010.0,9010.0,9010.0,0,0.0,0.0
2017-10-17 00:00:00+09:00,9010.0,9010.0,9010.0,9010.0,0,0.0,0.0
2017-10-18 00:00:00+09:00,9010.0,9010.0,9010.0,9010.0,0,0.0,0.0
2017-10-19 00:00:00+09:00,9010.0,9010.0,9010.0,9010.0,0,0.0,0.0
2017-10-20 00:00:00+09:00,9010.0,9010.0,9010.0,9010.0,0,0.0,0.0
2017-10-23 00:00:00+09:00,9010.0,9010.0,9010.0,9010.0,0,0.0,0.0
2017-10-24 00:00:00+09:00,9010.0,9010.0,9010.0,9010.0,0,0.0,0.0
2017-10-25 00:00:00+09:00,9010.0,9010.0,9010.0,9010.0,0,0.0,0.0
2017-10-26 00:00:00+09:00,9010.0,9010.0,9010.0,9010.0,0,0.0,0.0
2017-10-27 00:00:00+09:00,9010.0,9010.0,9010.0,9010.0,0,0.0,0.0
2017-10-30 00:00:00+09:00,9010.0,9010.0,9010.0,9010.0,0,0.0,0.0
2017-10-31 00:00:00+09:00,9010.0,9010.0,9010.0,9010.0,0,0.0,0.0
2017-11-01 00:00:00+09:00,9010.0,9010.0,9010.0,9010.0,0,0.0,0.0
2017-11-02 00:00:00+09:00,9010.0,9010.0,9010.0,9010.0,0,0.0,0.0
2017-11-03 00:00:00+09:00,9010.0,9010.0,9010.0,9010.0,0,0.0,0.0
2017-11-06 00:00:00+09:00,9010.0,9010.0,9010.0,9010.0,0,0.0,0.0
2017-11-07 00:00:00+09:00,9010.0,9010.0,9010.0,9010.0,0,0.0,0.0
2017-11-08 00:00:00+09:00,9010.0,9010.0,9010.0,9010.0,0,0.0,0.0
2017-11-09 00:00:00+09:00,9010.0,9010.0,9010.0,9010.0,0,0.0,0.0
2017-11-10 00:00:00+09:00,9010.0,9010.0,9010.0,9010.0,0,0.0,0.0
2017-11-13 00:00:00+09:00,9010.0,9010.0,9010.0,9010.0,0,0.0,0.0
2017-11-14 00:00:00+09:00,9010.0,9010.0,9010.0,9010.0,0,0.0,0.0
2017-11-15 00:00:00+09:00,9010.0,9010.0,9010.0,9010.0,0,0.0,0.0
2017-11-16 00:00:00+09:00,6170.0,6390.0,6170.0,6390.0,27241,0.0,0.0
2017-11-17 00:00:00+09:00,6390.0,6390.0,6390.0,6390.0,0,0.0,0.0
2017-11-20 00:00:00+09:00,6390.0,6390.0,6390.0,6390.0,0,0.0,0.0
2017-11-21 00:00:00+09:00,6390.0,6390.0,6390.0,6390.0,0,0.0,0.0
2017-11-22 00:00:00+09:00,6390.0,6390.0,6390.0,6390.0,0,0.0,0.0
2017-11-23 00:00:00+09:00,6390.0,6390.0,6390.0,6390.0,0,0.0,0.0
2017-11-24 00:00:00+09:00,6390.0,6390.0,6390.0,6390.0,0,0.0,0.0
2017-11-27 00:00:00+09:00,6390.0,6390.0,6390.0,6390.0,0,0.0,0.0
2017-11-28 00:00:00+09:00,6390.0,6390.0,6390.0,6390.0,0,0.0,0.0
2017-11-29 00:00:00+09:00,6390.0,6390.0,6390.0,6390.0,0,0.0,0.0
2017-11-30 00:00:00+09:00,6390.0,6390.0,6390.0,6390.0,0,0.0,0.0
2017-12-01 00:00:00+09:00,6390.0,6390.0,6390.0,6390.0,0,0.0,0.0
2017-12-04 00:00:00+09:00,6390.0,6390.0,6390.0,6390.0,0,0.0,0.0
2017-12-05 00:00:00+09:00,6390.0,6390.0,6390.0,6390.0,0,0.0,0.0
2017-12-06 00:00:00+09:00,6390.0,6390.0,6390.0,6390.0,0,0.0,0.0
2017-12-07 00:00:00+09:00,6390.0,6390.0,6390.0,6390.0,0,0.0,0.0
2017-12-08 00:00:00+09:00,6390.0,6390.0,6390.0,6390.0,0,0.0,0.0
2017-12-11 00:00:00+09:00,6390.0,6390.0,6390.0,6390.0,0,0.0,0.0
2017-12-12 00:00:00+09:00,6390.0,6390.0,6390.0,6390.0,0,0.0,0.0
2017-12-13 00:00:00+09:00,6390.0,6390.0,6390.0,6390.0,0,0.0,0.0
2017-12-14 00:00:00+09:00,6390.0,6390.0,6390.0,6390.0,0,0.0,0.0
2017-12-15 00:00:00+09:00,6390.0,6390.0,6390.0,6390.0,0,0.0,0.0
2017-12-18 00:00:00+09:00,6390.0,6390.0,6390.0,6390.0,0,0.0,0.0
2017-12-19 00:00:00+09:00,6390.0,6390.0,6390.0,6390.0,0,0.0,0.0
2017-12-21 00:00:00+09:00,6390.0,6390.0,6390.0,6390.0,0,0.0,0.0
2017-12-22 00:00:00+09:00,6390.0,6390.0,6390.0,6390.0,0,0.0,0.0
2017-12-26 00:00:00+09:00,6390.0,6390.0,6390.0,6390.0,0,0.0,0.0
2017-12-27 00:00:00+09:00,6390.0,6390.0,6390.0,6390.0,0,0.0,0.0
2017-12-28 00:00:00+09:00,6390.0,6390.0,6390.0,6390.0,0,0.0,0.0
2018-01-02 00:00:00+09:00,6390.0,6390.0,6390.0,6390.0,0,0.0,0.0
2018-01-03 00:00:00+09:00,6390.0,6390.0,6390.0,6390.0,0,0.0,0.0
2018-01-04 00:00:00+09:00,6390.0,6390.0,6390.0,6390.0,0,0.0,0.0
2018-01-05 00:00:00+09:00,6390.0,6390.0,6390.0,6390.0,0,0.0,0.0
2018-01-08 00:00:00+09:00,6390.0,6390.0,6390.0,6390.0,0,0.0,0.0
2018-01-09 00:00:00+09:00,6390.0,6390.0,6390.0,6390.0,0,0.0,0.0
2018-01-10 00:00:00+09:00,6390.0,6390.0,6390.0,6390.0,0,0.0,0.0
2018-01-11 00:00:00+09:00,6390.0,6390.0,6390.0,6390.0,0,0.0,0.0
2018-01-12 00:00:00+09:00,6390.0,6390.0,6390.0,6390.0,0,0.0,0.0
2018-01-15 00:00:00+09:00,6020.0,6020.0,5820.0,5820.0,36111,0.0,0.0
2018-01-16 00:00:00+09:00,5840.0,5900.0,5750.0,5900.0,32604,0.0,0.0
2018-01-17 00:00:00+09:00,5900.0,5900.0,5740.0,5890.0,20241,0.0,0.0
2018-01-18 00:00:00+09:00,5900.0,6130.0,5820.0,6090.0,38604,0.0,0.0
2018-01-19 00:00:00+09:00,6090.0,6100.0,6000.0,6070.0,29675,0.0,0.0
2018-01-22 00:00:00+09:00,6000.0,6150.0,6000.0,6090.0,22806,0.0,0.0
2018-01-23 00:00:00+09:00,6060.0,7220.0,5990.0,6570.0,768438,0.0,0.0
2018-01-24 00:00:00+09:00,6590.0,6650.0,6440.0,6520.0,172932,0.0,0.0
2018-01-25 00:00:00+09:00,6520.0,6560.0,6410.0,6490.0,100173,0.0,0.0
2018-01-26 00:00:00+09:00,6560.0,6920.0,6510.0,6680.0,496573,0.0,0.0
2018-01-29 00:00:00+09:00,6750.0,7090.0,6640.0,6890.0,342137,0.0,0.0
2018-01-30 00:00:00+09:00,6810.0,6880.0,6550.0,6850.0,180317,0.0,0.0
2018-01-31 00:00:00+09:00,6950.0,6970.0,6700.0,6870.0,174493,0.0,0.0
2018-02-01 00:00:00+09:00,7040.0,7040.0,6770.0,6920.0,104875,0.0,0.0
2018-02-02 00:00:00+09:00,6990.0,6990.0,6610.0,6620.0,79678,0.0,0.0
2018-02-05 00:00:00+09:00,6590.0,6590.0,6200.0,6260.0,54191,0.0,0.0
2018-02-06 00:00:00+09:00,5960.0,6200.0,5870.0,6190.0,67440,0.0,0.0
2018-02-07 00:00:00+09:00,6200.0,6300.0,5950.0,5950.0,58054,0.0,0.0
2018-02-08 00:00:00+09:00,5930.0,6080.0,5920.0,6050.0,34372,0.0,0.0
2018-02-09 00:00:00+09:00,5800.0,5980.0,5800.0,5870.0,45658,0.0,0.0
2018-02-12 00:00:00+09:00,5870.0,5950.0,5700.0,5800.0,31555,0.0,0.0
2018-02-13 00:00:00+09:00,5800.0,5940.0,5800.0,5810.0,33811,0.0,0.0
2018-02-14 00:00:00+09:00,5800.0,5920.0,5700.0,5830.0,34678,0.0,0.0
2018-02-19 00:00:00+09:00,5830.0,6030.0,5800.0,6000.0,33972,0.0,0.0
2018-02-20 00:00:00+09:00,5950.0,6100.0,5920.0,5950.0,16222,0.0,0.0
2018-02-21 00:00:00+09:00,5950.0,6050.0,5870.0,5930.0,33777,0.0,0.0
2018-02-22 00:00:00+09:00,5930.0,6050.0,5890.0,6000.0,21096,0.0,0.0
2018-02-23 00:00:00+09:00,5970.0,6030.0,5940.0,6010.0,25083,0.0,0.0
2018-02-26 00:00:00+09:00,6010.0,6180.0,5970.0,6010.0,28488,0.0,0.0
2018-02-27 00:00:00+09:00,5960.0,6090.0,5940.0,5950.0,27392,0.0,0.0
2018-02-28 00:00:00+09:00,5950.0,6030.0,5800.0,5820.0,33591,0.0,0.0
2018-03-02 00:00:00+09:00,5800.0,5800.0,5620.0,5710.0,52161,0.0,0.0
2018-03-05 00:00:00+09:00,5720.0,5780.0,5610.0,5610.0,37414,0.0,0.0
2018-03-06 00:00:00+09:00,5850.0,5850.0,5620.0,5780.0,13706,0.0,0.0
2018-03-07 00:00:00+09:00,5870.0,5870.0,5610.0,5740.0,18136,0.0,0.0
2018-03-08 00:00:00+09:00,5620.0,5720.0,5620.0,5700.0,27733,0.0,0.0
2018-03-09 00:00:00+09:00,5700.0,5800.0,5610.0,5700.0,33213,0.0,0.0
2018-03-12 00:00:00+09:00,5750.0,5750.0,5630.0,5700.0,26397,0.0,0.0
2018-03-13 00:00:00+09:00,5760.0,6100.0,5580.0,5840.0,146944,0.0,0.0
2018-03-14 00:00:00+09:00,5770.0,5780.0,5600.0,5670.0,60606,0.0,0.0
2018-03-15 00:00:00+09:00,5670.0,5670.0,5550.0,5600.0,46550,0.0,0.0
2018-03-16 00:00:00+09:00,5540.0,5650.0,5450.0,5590.0,47583,0.0,0.0
2018-03-19 00:00:00+09:00,5630.0,5630.0,5370.0,5450.0,47144,0.0,0.0
2018-03-20 00:00:00+09:00,5400.0,5560.0,5380.0,5440.0,17980,0.0,0.0
2018-03-21 00:00:00+09:00,5360.0,5500.0,5360.0,5430.0,25829,0.0,0.0
2018-03-22 00:00:00+09:00,5480.0,5480.0,5340.0,5370.0,26190,0.0,0.0
2018-03-23 00:00:00+09:00,5270.0,5360.0,5220.0,5240.0,36399,0.0,0.0
2018-03-26 00:00:00+09:00,5080.0,5300.0,5060.0,5290.0,33232,0.0,0.0
2018-03-27 00:00:00+09:00,5320.0,5320.0,5190.0,5290.0,19148,0.0,0.0
2018-03-28 00:00:00+09:00,5280.0,5320.0,5110.0,5150.0,26527,0.0,0.0
2018-03-29 00:00:00+09:00,5100.0,5300.0,5080.0,5160.0,13625,0.0,0.0
2018-03-30 00:00:00+09:00,5160.0,5250.0,5080.0,5190.0,22966,0.0,0.0
2018-04-02 00:00:00+09:00,5250.0,5360.0,5110.0,5230.0,37039,0.0,0.0
2018-04-03 00:00:00+09:00,5250.0,5270.0,5160.0,5260.0,13727,0.0,0.0
2018-04-04 00:00:00+09:00,5260.0,5370.0,5160.0,5200.0,34881,0.0,0.0
2018-04-05 00:00:00+09:00,5200.0,5280.0,5100.0,5210.0,17728,0.0,0.0
2018-04-06 00:00:00+09:00,5250.0,5250.0,5100.0,5100.0,15359,0.0,0.0
2018-04-09 00:00:00+09:00,5110.0,5110.0,5010.0,5100.0,19754,0.0,0.0
2018-04-10 00:00:00+09:00,4860.0,5080.0,4860.0,5080.0,32460,0.0,0.0
2018-04-11 00:00:00+09:00,5090.0,5200.0,5040.0,5080.0,12852,0.0,0.0
2018-04-12 00:00:00+09:00,5050.0,5190.0,4985.0,5140.0,31546,0.0,0.0
2018-04-13 00:00:00+09:00,5130.0,5200.0,5020.0,5170.0,35701,0.0,0.0
2018-04-16 00:00:00+09:00,5110.0,5170.0,5060.0,5160.0,33287,0.0,0.0
2018-04-17 00:00:00+09:00,5190.0,5190.0,5000.0,5130.0,53568,0.0,0.0
2018-04-18 00:00:00+09:00,5190.0,5320.0,5160.0,5260.0,36395,0.0,0.0
2018-04-19 00:00:00+09:00,5260.0,5300.0,5150.0,5190.0,20578,0.0,0.0
2018-04-20 00:00:00+09:00,5200.0,5220.0,5100.0,5220.0,17600,0.0,0.0
2018-04-23 00:00:00+09:00,5220.0,5220.0,5070.0,5150.0,37428,0.0,0.0
2018-04-24 00:00:00+09:00,5180.0,5180.0,5020.0,5120.0,35241,0.0,0.0
2018-04-25 00:00:00+09:00,5020.0,5200.0,5000.0,5050.0,21543,0.0,0.0
2018-04-26 00:00:00+09:00,5150.0,5150.0,5030.0,5120.0,20271,0.0,0.0
2018-04-27 00:00:00+09:00,5170.0,5200.0,5080.0,5150.0,28242,0.0,0.0
2018-04-30 00:00:00+09:00,5150.0,5260.0,4970.0,4980.0,41498,0.0,0.0
2018-05-02 00:00:00+09:00,5060.0,5060.0,4975.0,4975.0,43353,0.0,0.0
2018-05-03 00:00:00+09:00,4965.0,5080.0,4965.0,5040.0,19583,0.0,0.0
2018-05-04 00:00:00+09:00,5070.0,5300.0,5050.0,5210.0,56325,0.0,0.0
2018-05-08 00:00:00+09:00,5300.0,5750.0,5240.0,5310.0,227416,0.0,0.0
2018-05-09 00:00:00+09:00,5400.0,5410.0,5250.0,5350.0,35238,0.0,0.0
2018-05-10 00:00:00+09:00,5290.0,5400.0,5270.0,5360.0,27840,0.0,0.0
2018-05-11 00:00:00+09:00,5360.0,5460.0,5350.0,5430.0,19607,0.0,0.0
2018-05-14 00:00:00+09:00,5490.0,5500.0,5350.0,5440.0,11037,0.0,0.0
2018-05-15 00:00:00+09:00,5440.0,5440.0,5290.0,5370.0,21795,0.0,0.0
2018-05-16 00:00:00+09:00,5300.0,5300.0,5100.0,5160.0,38720,0.0,0.0
2018-05-17 00:00:00+09:00,5110.0,5290.0,5110.0,5290.0,26276,0.0,0.0
2018-05-18 00:00:00+09:00,5240.0,5350.0,5210.0,5340.0,15607,0.0,0.0
2018-05-21 00:00:00+09:00,5450.0,5470.0,5210.0,5240.0,10802,0.0,0.0
2018-05-23 00:00:00+09:00,5250.0,5310.0,5180.0,5250.0,18008,0.0,0.0
2018-05-24 00:00:00+09:00,5300.0,5320.0,5210.0,5320.0,15724,0.0,0.0
2018-05-25 00:00:00+09:00,5250.0,5310.0,5110.0,5200.0,31278,0.0,0.0
2018-05-28 00:00:00+09:00,5100.0,5290.0,5100.0,5200.0,39057,0.0,0.0
2018-05-29 00:00:00+09:00,5200.0,5300.0,5190.0,5260.0,6919,0.0,0.0
2018-05-30 00:00:00+09:00,5320.0,5400.0,5190.0,5310.0,26620,0.0,0.0
2018-05-31 00:00:00+09:00,5320.0,5530.0,5320.0,5470.0,107297,0.0,0.0
2018-06-01 00:00:00+09:00,5470.0,5600.0,5470.0,5490.0,65026,0.0,0.0
2018-06-04 00:00:00+09:00,5490.0,5490.0,5350.0,5450.0,27054,0.0,0.0
2018-06-05 00:00:00+09:00,5450.0,5480.0,5280.0,5350.0,30354,0.0,0.0
2018-06-07 00:00:00+09:00,5350.0,5380.0,5270.0,5280.0,35223,0.0,0.0
2018-06-08 00:00:00+09:00,5320.0,5320.0,5230.0,5290.0,24162,0.0,0.0
2018-06-11 00:00:00+09:00,5260.0,5440.0,5260.0,5370.0,17573,0.0,0.0
2018-06-12 00:00:00+09:00,5360.0,5380.0,5250.0,5250.0,15988,0.0,0.0
2018-06-14 00:00:00+09:00,5320.0,5320.0,5110.0,5140.0,32082,0.0,0.0
2018-06-15 00:00:00+09:00,5130.0,5220.0,4985.0,5080.0,59637,0.0,0.0
2018-06-18 00:00:00+09:00,5020.0,5120.0,4860.0,4860.0,39788,0.0,0.0
2018-06-19 00:00:00+09:00,4775.0,4960.0,4710.0,4710.0,35493,0.0,0.0
2018-06-20 00:00:00+09:00,4500.0,4770.0,4500.0,4660.0,26998,0.0,0.0
2018-06-21 00:00:00+09:00,4660.0,4825.0,4615.0,4640.0,11612,0.0,0.0
2018-06-22 00:00:00+09:00,4685.0,4685.0,4510.0,4610.0,25068,0.0,0.0
2018-06-25 00:00:00+09:00,4560.0,4700.0,4550.0,4600.0,7483,0.0,0.0
2018-06-26 00:00:00+09:00,4700.0,4700.0,4530.0,4550.0,10795,0.0,0.0
2018-06-27 00:00:00+09:00,4600.0,4600.0,4310.0,4370.0,37668,0.0,0.0
2018-06-28 00:00:00+09:00,4310.0,4475.0,4310.0,4365.0,10467,0.0,0.0
2018-06-29 00:00:00+09:00,4300.0,4420.0,4070.0,4325.0,36794,0.0,0.0
2018-07-02 00:00:00+09:00,4235.0,4445.0,4000.0,4000.0,37636,0.0,0.0
2018-07-03 00:00:00+09:00,4095.0,4095.0,3900.0,4075.0,17045,0.0,0.0
2018-07-04 00:00:00+09:00,3925.0,4595.0,3925.0,4220.0,50982,0.0,0.0
2018-07-05 00:00:00+09:00,4220.0,4300.0,4160.0,4295.0,10513,0.0,0.0
2018-07-06 00:00:00+09:00,4295.0,4550.0,4250.0,4305.0,14607,0.0,0.0
2018-07-09 00:00:00+09:00,4500.0,4500.0,4235.0,4245.0,6606,0.0,0.0
2018-07-10 00:00:00+09:00,4350.0,4365.0,4200.0,4345.0,5750,0.0,0.0
2018-07-11 00:00:00+09:00,4300.0,4395.0,4260.0,4345.0,3841,0.0,0.0
2018-07-12 00:00:00+09:00,4345.0,4480.0,4260.0,4480.0,4307,0.0,0.0
2018-07-13 00:00:00+09:00,4480.0,4480.0,4315.0,4470.0,17641,0.0,0.0
2018-07-16 00:00:00+09:00,4470.0,4510.0,4370.0,4465.0,6739,0.0,0.0
2018-07-17 00:00:00+09:00,4465.0,4490.0,4380.0,4460.0,6636,0.0,0.0
2018-07-18 00:00:00+09:00,4460.0,4510.0,4400.0,4440.0,3002,0.0,0.0
2018-07-19 00:00:00+09:00,4400.0,4485.0,4345.0,4435.0,8588,0.0,0.0
2018-07-20 00:00:00+09:00,4435.0,4435.0,4225.0,4410.0,16634,0.0,0.0
2018-07-23 00:00:00+09:00,4405.0,4405.0,4060.0,4060.0,31925,0.0,0.0
2018-07-24 00:00:00+09:00,3955.0,4165.0,3955.0,4060.0,7055,0.0,0.0
2018-07-25 00:00:00+09:00,4185.0,4185.0,3915.0,4040.0,26232,0.0,0.0
2018-07-26 00:00:00+09:00,4040.0,4200.0,4020.0,4140.0,15366,0.0,0.0
2018-07-27 00:00:00+09:00,4105.0,4200.0,4100.0,4155.0,21624,0.0,0.0
2018-07-30 00:00:00+09:00,4155.0,4245.0,4130.0,4230.0,3929,0.0,0.0
2018-07-31 00:00:00+09:00,4220.0,4250.0,4105.0,4250.0,4727,0.0,0.0
2018-08-01 00:00:00+09:00,4250.0,4250.0,4100.0,4160.0,17424,0.0,0.0
2018-08-02 00:00:00+09:00,4325.0,4495.0,4160.0,4160.0,16614,0.0,0.0
2018-08-03 00:00:00+09:00,4205.0,4270.0,4130.0,4210.0,8865,0.0,0.0
2018-08-06 00:00:00+09:00,4165.0,4260.0,4160.0,4205.0,10444,0.0,0.0
2018-08-07 00:00:00+09:00,4205.0,4240.0,4110.0,4150.0,15097,0.0,0.0
2018-08-08 00:00:00+09:00,4230.0,4260.0,4145.0,4175.0,12420,0.0,0.0
2018-08-09 00:00:00+09:00,4150.0,4240.0,4120.0,4235.0,16756,0.0,0.0
2018-08-10 00:00:00+09:00,4245.0,4245.0,4165.0,4205.0,4624,0.0,0.0
2018-08-13 00:00:00+09:00,4155.0,4235.0,3925.0,3960.0,32630,0.0,0.0
2018-08-14 00:00:00+09:00,3910.0,4090.0,3910.0,4015.0,5956,0.0,0.0
2018-08-16 00:00:00+09:00,4060.0,4060.0,3880.0,3990.0,16263,0.0,0.0
2018-08-17 00:00:00+09:00,4000.0,4145.0,3950.0,4060.0,8316,0.0,0.0
2018-08-20 00:00:00+09:00,4060.0,4180.0,3965.0,4060.0,6235,0.0,0.0
2018-08-21 00:00:00+09:00,4050.0,4080.0,3960.0,4055.0,8142,0.0,0.0
2018-08-22 00:00:00+09:00,4100.0,4195.0,4010.0,4130.0,11448,0.0,0.0
2018-08-23 00:00:00+09:00,4165.0,4200.0,4080.0,4155.0,8730,0.0,0.0
2018-08-24 00:00:00+09:00,4190.0,4190.0,4080.0,4150.0,5439,0.0,0.0
2018-08-27 00:00:00+09:00,4170.0,4170.0,4080.0,4100.0,9037,0.0,0.0
2018-08-28 00:00:00+09:00,4110.0,4155.0,4075.0,4105.0,8030,0.0,0.0
2018-08-29 00:00:00+09:00,4150.0,4160.0,4055.0,4120.0,3321,0.0,0.0
2018-08-30 00:00:00+09:00,4175.0,4175.0,4090.0,4100.0,6348,0.0,0.0
2018-08-31 00:00:00+09:00,4050.0,4160.0,4050.0,4135.0,10521,0.0,0.0
2018-09-03 00:00:00+09:00,4140.0,4140.0,4090.0,4090.0,7245,0.0,0.0
2018-09-04 00:00:00+09:00,4140.0,4830.0,4115.0,4355.0,532797,0.0,0.0
2018-09-05 00:00:00+09:00,4350.0,5510.0,4340.0,4980.0,2657531,0.0,0.0
2018-09-06 00:00:00+09:00,4870.0,5130.0,4840.0,5080.0,454683,0.0,0.0
2018-09-07 00:00:00+09:00,5060.0,5100.0,4920.0,5000.0,138666,0.0,0.0
2018-09-10 00:00:00+09:00,4965.0,5090.0,4850.0,5000.0,236711,0.0,0.0
2018-09-11 00:00:00+09:00,5050.0,5140.0,4810.0,4885.0,81852,0.0,0.0
2018-09-12 00:00:00+09:00,4920.0,4970.0,4600.0,4600.0,88440,0.0,0.0
2018-09-13 00:00:00+09:00,4620.0,4700.0,4550.0,4650.0,35742,0.0,0.0
2018-09-14 00:00:00+09:00,4605.0,4795.0,4605.0,4650.0,38933,0.0,0.0
2018-09-17 00:00:00+09:00,4650.0,4780.0,4555.0,4715.0,17642,0.0,0.0
2018-09-18 00:00:00+09:00,4750.0,4750.0,4625.0,4690.0,28474,0.0,0.0
2018-09-19 00:00:00+09:00,4690.0,4690.0,4530.0,4595.0,25636,0.0,0.0
2018-09-20 00:00:00+09:00,4535.0,4870.0,4525.0,4590.0,29499,0.0,0.0
2018-09-21 00:00:00+09:00,4590.0,4800.0,4590.0,4700.0,18802,0.0,0.0
2018-09-27 00:00:00+09:00,4665.0,4700.0,4610.0,4670.0,17597,0.0,0.0
2018-09-28 00:00:00+09:00,4670.0,4670.0,4495.0,4630.0,13523,0.0,0.0
2018-10-01 00:00:00+09:00,4630.0,4630.0,4415.0,4515.0,35498,0.0,0.0
2018-10-02 00:00:00+09:00,4440.0,4650.0,4415.0,4515.0,27340,0.0,0.0
2018-10-04 00:00:00+09:00,4650.0,4650.0,4370.0,4500.0,18199,0.0,0.0
2018-10-05 00:00:00+09:00,4550.0,4550.0,4295.0,4295.0,26431,0.0,0.0
2018-10-08 00:00:00+09:00,4190.0,4460.0,4140.0,4195.0,40012,0.0,0.0
2018-10-10 00:00:00+09:00,4110.0,4190.0,3950.0,3950.0,33068,0.0,0.0
2018-10-11 00:00:00+09:00,3700.0,3880.0,3620.0,3635.0,57219,0.0,0.0
2018-10-12 00:00:00+09:00,3470.0,3895.0,3470.0,3645.0,32976,0.0,0.0
2018-10-15 00:00:00+09:00,3555.0,3780.0,3555.0,3700.0,14508,0.0,0.0
2018-10-16 00:00:00+09:00,3840.0,4015.0,3605.0,3765.0,12612,0.0,0.0
2018-10-17 00:00:00+09:00,3850.0,3945.0,3785.0,3865.0,8856,0.0,0.0
2018-10-18 00:00:00+09:00,3830.0,4000.0,3715.0,3715.0,18143,0.0,0.0
2018-10-19 00:00:00+09:00,3680.0,3800.0,3640.0,3660.0,11259,0.0,0.0
2018-10-22 00:00:00+09:00,3720.0,3720.0,3610.0,3690.0,8770,0.0,0.0
2018-10-23 00:00:00+09:00,3760.0,3760.0,3555.0,3580.0,23302,0.0,0.0
2018-10-24 00:00:00+09:00,3580.0,3605.0,3410.0,3430.0,18974,0.0,0.0
2018-10-25 00:00:00+09:00,3310.0,3390.0,3060.0,3235.0,32680,0.0,0.0
2018-10-26 00:00:00+09:00,3240.0,3280.0,2955.0,3055.0,31553,0.0,0.0
2018-10-29 00:00:00+09:00,3060.0,3345.0,2850.0,2945.0,34098,0.0,0.0
2018-10-30 00:00:00+09:00,2940.0,3050.0,2800.0,2930.0,50722,0.0,0.0
2018-10-31 00:00:00+09:00,2930.0,3175.0,2930.0,3175.0,12890,0.0,0.0
2018-11-01 00:00:00+09:00,3150.0,3270.0,3145.0,3150.0,19660,0.0,0.0
2018-11-02 00:00:00+09:00,3170.0,3290.0,3140.0,3260.0,19815,0.0,0.0
2018-11-05 00:00:00+09:00,3345.0,3345.0,3165.0,3295.0,16449,0.0,0.0
2018-11-06 00:00:00+09:00,3290.0,3430.0,3290.0,3430.0,19289,0.0,0.0
2018-11-07 00:00:00+09:00,3520.0,3780.0,3435.0,3535.0,43709,0.0,0.0
2018-11-08 00:00:00+09:00,3595.0,4595.0,3590.0,4595.0,733715,0.0,0.0
2018-11-09 00:00:00+09:00,4515.0,4965.0,4390.0,4730.0,837323,0.0,0.0
2018-11-12 00:00:00+09:00,4680.0,4680.0,4405.0,4480.0,275067,0.0,0.0
2018-11-13 00:00:00+09:00,4420.0,4550.0,4255.0,4390.0,132909,0.0,0.0
2018-11-14 00:00:00+09:00,4450.0,5450.0,4405.0,5110.0,1866271,0.0,0.0
2018-11-15 00:00:00+09:00,5390.0,5900.0,5190.0,5240.0,1283302,0.0,0.0
2018-11-16 00:00:00+09:00,5260.0,5370.0,5140.0,5240.0,169962,0.0,0.0
2018-11-19 00:00:00+09:00,5170.0,5860.0,5170.0,5590.0,424715,0.0,0.0
2018-11-20 00:00:00+09:00,5470.0,5720.0,5380.0,5610.0,157771,0.0,0.0
2018-11-21 00:00:00+09:00,5690.0,5900.0,5450.0,5850.0,157039,0.0,0.0
2018-11-22 00:00:00+09:00,5900.0,6160.0,5750.0,5890.0,168557,0.0,0.0
2018-11-23 00:00:00+09:00,5930.0,6250.0,5890.0,6210.0,276513,0.0,0.0
2018-11-26 00:00:00+09:00,6500.0,6600.0,5800.0,6100.0,321898,0.0,0.0
2018-11-27 00:00:00+09:00,6700.0,6750.0,5860.0,5940.0,280237,0.0,0.0
2018-11-28 00:00:00+09:00,5940.0,6150.0,5400.0,5540.0,345018,0.0,0.0
2018-11-29 00:00:00+09:00,5450.0,5680.0,5450.0,5580.0,163302,0.0,0.0
2018-11-30 00:00:00+09:00,5580.0,6400.0,5470.0,5790.0,431500,0.0,0.0
2018-12-03 00:00:00+09:00,5800.0,6370.0,5790.0,6200.0,281060,0.0,0.0
2018-12-04 00:00:00+09:00,6130.0,6640.0,6130.0,6470.0,343084,0.0,0.0
2018-12-05 00:00:00+09:00,6400.0,6520.0,6260.0,6400.0,98353,0.0,0.0
2018-12-06 00:00:00+09:00,5980.0,5980.0,5150.0,5300.0,786080,0.0,0.0
2018-12-07 00:00:00+09:00,5160.0,5400.0,5160.0,5250.0,118941,0.0,0.0
2018-12-10 00:00:00+09:00,5110.0,6560.0,5110.0,6090.0,1851001,0.0,0.0
2018-12-11 00:00:00+09:00,6200.0,6450.0,5900.0,6040.0,406349,0.0,0.0
2018-12-12 00:00:00+09:00,6040.0,6040.0,5650.0,5760.0,205792,0.0,0.0
2018-12-13 00:00:00+09:00,5550.0,5840.0,5550.0,5760.0,178298,0.0,0.0
2018-12-14 00:00:00+09:00,5770.0,7200.0,5770.0,6390.0,1096127,0.0,0.0
2018-12-17 00:00:00+09:00,6380.0,7000.0,6140.0,6870.0,1215488,0.0,0.0
2018-12-18 00:00:00+09:00,6820.0,7160.0,6700.0,6860.0,482670,0.0,0.0
2018-12-19 00:00:00+09:00,6880.0,7430.0,6880.0,7410.0,440005,0.0,0.0
2018-12-20 00:00:00+09:00,7400.0,7930.0,6720.0,6810.0,685048,0.0,0.0
2018-12-21 00:00:00+09:00,6810.0,7590.0,6760.0,7250.0,569218,0.0,0.0
2018-12-24 00:00:00+09:00,7250.0,7520.0,7030.0,7210.0,304228,0.0,0.0
2018-12-26 00:00:00+09:00,6890.0,7300.0,6600.0,7170.0,610323,0.0,0.0
2018-12-27 00:00:00+09:00,7280.0,7430.0,6620.0,6740.0,444427,0.0,0.0
2018-12-28 00:00:00+09:00,6880.0,7200.0,6750.0,7120.0,257663,0.0,0.0
2019-01-02 00:00:00+09:00,7120.0,7120.0,6800.0,6800.0,135821,0.0,0.0
2019-01-03 00:00:00+09:00,6840.0,6950.0,5890.0,5920.0,520789,0.0,0.0
2019-01-04 00:00:00+09:00,5710.0,6800.0,5710.0,6500.0,605358,0.0,0.0
2019-01-07 00:00:00+09:00,6530.0,7130.0,6530.0,6890.0,322097,0.0,0.0
2019-01-08 00:00:00+09:00,7030.0,7130.0,6870.0,7000.0,223057,0.0,0.0
2019-01-09 00:00:00+09:00,7010.0,7160.0,6960.0,7050.0,222407,0.0,0.0
2019-01-10 00:00:00+09:00,7050.0,7060.0,6710.0,7030.0,271882,0.0,0.0
2019-01-11 00:00:00+09:00,7030.0,7040.0,6600.0,6620.0,212089,0.0,0.0
2019-01-14 00:00:00+09:00,6600.0,7240.0,6600.0,7040.0,256855,0.0,0.0
2019-01-15 00:00:00+09:00,7100.0,7370.0,7050.0,7300.0,423333,0.0,0.0
2019-01-16 00:00:00+09:00,7350.0,7700.0,7220.0,7500.0,277155,0.0,0.0
2019-01-17 00:00:00+09:00,7610.0,8080.0,7300.0,8020.0,595636,0.0,0.0
2019-01-18 00:00:00+09:00,8190.0,8420.0,7860.0,8170.0,415120,0.0,0.0
2019-01-21 00:00:00+09:00,8150.0,8220.0,7800.0,7800.0,351818,0.0,0.0
2019-01-22 00:00:00+09:00,7800.0,7970.0,7760.0,7770.0,113514,0.0,0.0
2019-01-23 00:00:00+09:00,7650.0,7880.0,7250.0,7540.0,283316,0.0,0.0
2019-01-24 00:00:00+09:00,7620.0,8450.0,7620.0,8420.0,530815,0.0,0.0
2019-01-25 00:00:00+09:00,8460.0,9170.0,8180.0,8850.0,533775,0.0,0.0
2019-01-28 00:00:00+09:00,8800.0,9020.0,8580.0,8710.0,322351,0.0,0.0
2019-01-29 00:00:00+09:00,8570.0,9250.0,8570.0,9080.0,485480,0.0,0.0
2019-01-30 00:00:00+09:00,8950.0,9300.0,8600.0,9060.0,390783,0.0,0.0
2019-01-31 00:00:00+09:00,9060.0,9170.0,8910.0,8910.0,106307,0.0,0.0
2019-02-01 00:00:00+09:00,8910.0,9050.0,8300.0,8600.0,298637,0.0,0.0
2019-02-07 00:00:00+09:00,8600.0,8640.0,8000.0,8000.0,389076,0.0,0.0
2019-02-08 00:00:00+09:00,8070.0,8480.0,8070.0,8290.0,213598,0.0,0.0
2019-02-11 00:00:00+09:00,8300.0,8450.0,7990.0,8130.0,132949,0.0,0.0
2019-02-12 00:00:00+09:00,8070.0,8150.0,7770.0,7800.0,263427,0.0,0.0
2019-02-13 00:00:00+09:00,7780.0,7910.0,7550.0,7840.0,207515,0.0,0.0
2019-02-14 00:00:00+09:00,8100.0,8100.0,7800.0,7890.0,96151,0.0,0.0
2019-02-15 00:00:00+09:00,7890.0,8150.0,7690.0,7840.0,126980,0.0,0.0
2019-02-18 00:00:00+09:00,7970.0,7970.0,7590.0,7650.0,77921,0.0,0.0
2019-02-19 00:00:00+09:00,7590.0,7750.0,7400.0,7560.0,220052,0.0,0.0
2019-02-20 00:00:00+09:00,7560.0,7750.0,7170.0,7660.0,233281,0.0,0.0
2019-02-21 00:00:00+09:00,7700.0,7720.0,7280.0,7380.0,117701,0.0,0.0
2019-02-22 00:00:00+09:00,7430.0,7500.0,7100.0,7430.0,173594,0.0,0.0
2019-02-25 00:00:00+09:00,7850.0,7850.0,7400.0,7730.0,97398,0.0,0.0
2019-02-26 00:00:00+09:00,7780.0,7860.0,7620.0,7740.0,99879,0.0,0.0
2019-02-27 00:00:00+09:00,7820.0,7820.0,7410.0,7650.0,137336,0.0,0.0
2019-02-28 00:00:00+09:00,7650.0,7650.0,7380.0,7380.0,57041,0.0,0.0
2019-03-04 00:00:00+09:00,7010.0,7380.0,6830.0,6900.0,713216,0.0,0.0
2019-03-05 00:00:00+09:00,6800.0,7240.0,6800.0,7240.0,353676,0.0,0.0
2019-03-06 00:00:00+09:00,7210.0,7600.0,7070.0,7140.0,263858,0.0,0.0
2019-03-07 00:00:00+09:00,7230.0,7300.0,6720.0,6850.0,367039,0.0,0.0
2019-03-08 00:00:00+09:00,6850.0,7180.0,6710.0,6930.0,196138,0.0,0.0
2019-03-11 00:00:00+09:00,6860.0,6960.0,6650.0,6800.0,178367,0.0,0.0
2019-03-12 00:00:00+09:00,6800.0,6830.0,6430.0,6750.0,340548,0.0,0.0
2019-03-13 00:00:00+09:00,6680.0,6900.0,6380.0,6530.0,272956,0.0,0.0
2019-03-14 00:00:00+09:00,6340.0,6700.0,6260.0,6670.0,101575,0.0,0.0
2019-03-15 00:00:00+09:00,6600.0,6680.0,6280.0,6590.0,158139,0.0,0.0
2019-03-18 00:00:00+09:00,6560.0,6730.0,6310.0,6490.0,109740,0.0,0.0
2019-03-19 00:00:00+09:00,6400.0,6590.0,6320.0,6540.0,73353,0.0,0.0
2019-03-20 00:00:00+09:00,6470.0,6590.0,6330.0,6460.0,50527,0.0,0.0
2019-03-21 00:00:00+09:00,6550.0,6550.0,6300.0,6400.0,82352,0.0,0.0
2019-03-22 00:00:00+09:00,6340.0,6600.0,6340.0,6400.0,105298,0.0,0.0
2019-03-25 00:00:00+09:00,6400.0,7030.0,6400.0,6480.0,329143,0.0,0.0
2019-03-26 00:00:00+09:00,6500.0,6560.0,6360.0,6420.0,87134,0.0,0.0
2019-03-27 00:00:00+09:00,6490.0,6490.0,6010.0,6200.0,217193,0.0,0.0
2019-03-28 00:00:00+09:00,6330.0,6430.0,6100.0,6310.0,156349,0.0,0.0
2019-03-29 00:00:00+09:00,6400.0,6400.0,5960.0,6260.0,197218,0.0,0.0
2019-04-01 00:00:00+09:00,6260.0,6260.0,6000.0,6060.0,107283,0.0,0.0
2019-04-02 00:00:00+09:00,6150.0,6720.0,6070.0,6550.0,371564,0.0,0.0
2019-04-03 00:00:00+09:00,6590.0,6770.0,6440.0,6560.0,159234,0.0,0.0
2019-04-04 00:00:00+09:00,6550.0,6630.0,6220.0,6300.0,175027,0.0,0.0
2019-04-05 00:00:00+09:00,6200.0,6270.0,6060.0,6210.0,142901,0.0,0.0
2019-04-08 00:00:00+09:00,6160.0,6250.0,6090.0,6210.0,163198,0.0,0.0
2019-04-09 00:00:00+09:00,6260.0,6550.0,6160.0,6490.0,216874,0.0,0.0
2019-04-10 00:00:00+09:00,6530.0,6530.0,6350.0,6480.0,89762,0.0,0.0
2019-04-11 00:00:00+09:00,6440.0,6440.0,6160.0,6190.0,255987,0.0,0.0
2019-04-12 00:00:00+09:00,6140.0,6530.0,6100.0,6500.0,169922,0.0,0.0
2019-04-15 00:00:00+09:00,6780.0,8040.0,6760.0,7830.0,4419020,0.0,0.0
2019-04-16 00:00:00+09:00,7610.0,7610.0,6840.0,7040.0,1732365,0.0,0.0
2019-04-17 00:00:00+09:00,6810.0,6810.0,6130.0,6260.0,1832049,0.0,0.0
2019-04-18 00:00:00+09:00,6270.0,6440.0,6110.0,6120.0,354318,0.0,0.0
2019-04-19 00:00:00+09:00,6150.0,6190.0,5900.0,5910.0,446035,0.0,0.0
2019-04-22 00:00:00+09:00,5910.0,6280.0,5910.0,6080.0,333997,0.0,0.0
2019-04-23 00:00:00+09:00,6280.0,6280.0,5950.0,6100.0,158268,0.0,0.0
2019-04-24 00:00:00+09:00,6100.0,6140.0,6000.0,6030.0,94219,0.0,0.0
2019-04-25 00:00:00+09:00,5890.0,6030.0,5740.0,5830.0,162811,0.0,0.0
2019-04-26 00:00:00+09:00,5750.0,5990.0,5700.0,5720.0,132396,0.0,0.0
2019-04-29 00:00:00+09:00,5800.0,5820.0,5510.0,5520.0,136627,0.0,0.0
2019-04-30 00:00:00+09:00,5520.0,5650.0,5420.0,5560.0,122838,0.0,0.0
2019-05-02 00:00:00+09:00,5570.0,5570.0,4985.0,5130.0,840500,0.0,0.0
2019-05-03 00:00:00+09:00,5040.0,5260.0,4930.0,5020.0,319884,0.0,0.0
2019-05-07 00:00:00+09:00,4890.0,5020.0,4850.0,4875.0,110131,0.0,0.0
2019-05-08 00:00:00+09:00,4885.0,4915.0,4795.0,4850.0,115082,0.0,0.0
2019-05-09 00:00:00+09:00,4850.0,4890.0,4755.0,4780.0,117874,0.0,0.0
2019-05-10 00:00:00+09:00,4750.0,4995.0,4745.0,4910.0,99781,0.0,0.0
2019-05-13 00:00:00+09:00,4905.0,5000.0,4760.0,4790.0,58165,0.0,0.0
2019-05-14 00:00:00+09:00,4680.0,4830.0,4670.0,4800.0,54212,0.0,0.0
2019-05-15 00:00:00+09:00,4750.0,4865.0,4680.0,4860.0,49914,0.0,0.0
2019-05-16 00:00:00+09:00,4905.0,5050.0,4850.0,5050.0,111462,0.0,0.0
2019-05-17 00:00:00+09:00,5060.0,5120.0,4985.0,5000.0,81384,0.0,0.0
2019-05-20 00:00:00+09:00,5000.0,5020.0,4870.0,4930.0,52865,0.0,0.0
2019-05-21 00:00:00+09:00,4975.0,5020.0,4720.0,4985.0,91473,0.0,0.0
2019-05-22 00:00:00+09:00,5010.0,5030.0,4835.0,4975.0,44315,0.0,0.0
2019-05-23 00:00:00+09:00,4925.0,5020.0,4910.0,4990.0,47225,0.0,0.0
2019-05-24 00:00:00+09:00,4905.0,5000.0,4905.0,4955.0,22173,0.0,0.0
2019-05-27 00:00:00+09:00,4880.0,4980.0,4880.0,4890.0,18036,0.0,0.0
2019-05-28 00:00:00+09:00,4830.0,4960.0,4830.0,4895.0,46790,0.0,0.0
2019-05-29 00:00:00+09:00,4990.0,4990.0,4790.0,4815.0,47284,0.0,0.0
2019-05-30 00:00:00+09:00,4820.0,4820.0,4590.0,4700.0,31855,0.0,0.0
2019-05-31 00:00:00+09:00,4690.0,4780.0,4670.0,4720.0,23777,0.0,0.0
2019-06-03 00:00:00+09:00,4710.0,4755.0,4550.0,4655.0,22400,0.0,0.0
2019-06-04 00:00:00+09:00,4455.0,4560.0,4340.0,4395.0,218948,0.0,0.0
2019-06-05 00:00:00+09:00,4385.0,4455.0,4260.0,4280.0,83277,0.0,0.0
2019-06-07 00:00:00+09:00,4345.0,4425.0,4200.0,4370.0,75869,0.0,0.0
2019-06-10 00:00:00+09:00,4370.0,4520.0,4370.0,4465.0,27701,0.0,0.0
2019-06-11 00:00:00+09:00,4445.0,4740.0,4445.0,4690.0,85187,0.0,0.0
2019-06-12 00:00:00+09:00,4690.0,4740.0,4525.0,4700.0,38283,0.0,0.0
2019-06-13 00:00:00+09:00,4700.0,4750.0,4700.0,4725.0,37511,0.0,0.0
2019-06-14 00:00:00+09:00,4715.0,4930.0,4690.0,4890.0,114437,0.0,0.0
2019-06-17 00:00:00+09:00,4940.0,5500.0,4850.0,5100.0,476551,0.0,0.0
2019-06-18 00:00:00+09:00,5020.0,5250.0,4980.0,5000.0,83974,0.0,0.0
2019-06-19 00:00:00+09:00,5000.0,5390.0,5000.0,5030.0,269191,0.0,0.0
2019-06-20 00:00:00+09:00,5220.0,5220.0,4910.0,4935.0,91340,0.0,0.0
2019-06-21 00:00:00+09:00,4940.0,4970.0,4715.0,4735.0,93974,0.0,0.0
2019-06-24 00:00:00+09:00,4735.0,4735.0,4400.0,4475.0,95142,0.0,0.0
2019-06-25 00:00:00+09:00,4470.0,4700.0,4465.0,4500.0,53959,0.0,0.0
2019-06-26 00:00:00+09:00,4490.0,4550.0,4325.0,4325.0,40270,0.0,0.0
2019-06-27 00:00:00+09:00,4295.0,4425.0,4060.0,4160.0,116097,0.0,0.0
2019-06-28 00:00:00+09:00,4200.0,4200.0,3830.0,3940.0,131402,0.0,0.0
2019-07-01 00:00:00+09:00,4080.0,4190.0,3880.0,4115.0,81357,0.0,0.0
2019-07-02 00:00:00+09:00,4015.0,4270.0,4015.0,4180.0,37123,0.0,0.0
2019-07-03 00:00:00+09:00,4120.0,4860.0,4100.0,4570.0,576581,0.0,0.0
2019-07-04 00:00:00+09:00,4570.0,4575.0,4120.0,4295.0,162948,0.0,0.0
2019-07-05 00:00:00+09:00,4430.0,4430.0,4230.0,4300.0,45518,0.0,0.0
2019-07-08 00:00:00+09:00,4300.0,4330.0,3900.0,3950.0,83910,0.0,0.0
2019-07-09 00:00:00+09:00,3860.0,4120.0,3635.0,3650.0,276435,0.0,0.0
2019-07-10 00:00:00+09:00,3650.0,3795.0,3540.0,3795.0,109904,0.0,0.0
2019-07-11 00:00:00+09:00,3730.0,3980.0,3730.0,3965.0,44605,0.0,0.0
2019-07-12 00:00:00+09:00,3965.0,4080.0,3900.0,3965.0,38877,0.0,0.0
2019-07-15 00:00:00+09:00,4050.0,4050.0,3720.0,3940.0,64380,0.0,0.0
2019-07-16 00:00:00+09:00,3940.0,3970.0,3775.0,3795.0,47539,0.0,0.0
2019-07-17 00:00:00+09:00,3745.0,3790.0,3655.0,3675.0,31955,0.0,0.0
2019-07-18 00:00:00+09:00,3620.0,3960.0,3620.0,3830.0,41905,0.0,0.0
2019-07-19 00:00:00+09:00,3810.0,3820.0,3745.0,3795.0,10854,0.0,0.0
2019-07-22 00:00:00+09:00,3795.0,3800.0,3675.0,3780.0,21676,0.0,0.0
2019-07-23 00:00:00+09:00,3795.0,3880.0,3640.0,3650.0,31049,0.0,0.0
2019-07-24 00:00:00+09:00,3600.0,3805.0,3550.0,3550.0,33024,0.0,0.0
2019-07-25 00:00:00+09:00,3550.0,3645.0,3530.0,3645.0,30364,0.0,0.0
2019-07-26 00:00:00+09:00,3645.0,4460.0,3640.0,3990.0,2402811,0.0,0.0
2019-07-29 00:00:00+09:00,3990.0,4045.0,3655.0,3700.0,208127,0.0,0.0
2019-07-30 00:00:00+09:00,3710.0,3740.0,3500.0,3500.0,173988,0.0,0.0
2019-07-31 00:00:00+09:00,3495.0,3645.0,3495.0,3610.0,71365,0.0,0.0
2019-08-01 00:00:00+09:00,3580.0,3685.0,3350.0,3410.0,76239,0.0,0.0
2019-08-02 00:00:00+09:00,3325.0,3490.0,3325.0,3410.0,38713,0.0,0.0
2019-08-05 00:00:00+09:00,3380.0,3430.0,3065.0,3065.0,68801,0.0,0.0
2019-08-06 00:00:00+09:00,2990.0,3240.0,2845.0,2845.0,87266,0.0,0.0
2019-08-07 00:00:00+09:00,2815.0,3080.0,2815.0,2970.0,41363,0.0,0.0
2019-08-08 00:00:00+09:00,2915.0,3130.0,2915.0,3015.0,49355,0.0,0.0
2019-08-09 00:00:00+09:00,2905.0,3130.0,2905.0,3035.0,47634,0.0,0.0
2019-08-12 00:00:00+09:00,2950.0,3390.0,2950.0,3110.0,133073,0.0,0.0
2019-08-13 00:00:00+09:00,3170.0,3235.0,3050.0,3110.0,52263,0.0,0.0
2019-08-14 00:00:00+09:00,3085.0,3210.0,3085.0,3210.0,69478,0.0,0.0
2019-08-16 00:00:00+09:00,2400.0,2440.0,2250.0,2250.0,2325072,0.0,0.0
2019-08-19 00:00:00+09:00,2250.0,2250.0,2065.0,2065.0,539419,0.0,0.0
2019-08-20 00:00:00+09:00,2090.0,2505.0,2040.0,2210.0,1117268,0.0,0.0
2019-08-21 00:00:00+09:00,2215.0,2300.0,2180.0,2265.0,344551,0.0,0.0
2019-08-22 00:00:00+09:00,2265.0,2320.0,2180.0,2230.0,158197,0.0,0.0
2019-08-23 00:00:00+09:00,2240.0,2265.0,2160.0,2225.0,103363,0.0,0.0
2019-08-26 00:00:00+09:00,2150.0,2225.0,2095.0,2110.0,80536,0.0,0.0
2019-08-27 00:00:00+09:00,2145.0,2230.0,2065.0,2110.0,91406,0.0,0.0
2019-08-28 00:00:00+09:00,2085.0,2240.0,2070.0,2170.0,122809,0.0,0.0
2019-08-29 00:00:00+09:00,2170.0,2260.0,2090.0,2125.0,99639,0.0,0.0
2019-08-30 00:00:00+09:00,2140.0,2220.0,2125.0,2210.0,111930,0.0,0.0
2019-09-02 00:00:00+09:00,2220.0,2305.0,2160.0,2205.0,79524,0.0,0.0
2019-09-03 00:00:00+09:00,2210.0,2270.0,2080.0,2195.0,90084,0.0,0.0
2019-09-04 00:00:00+09:00,2200.0,2235.0,2150.0,2220.0,44793,0.0,0.0
2019-09-05 00:00:00+09:00,2235.0,2385.0,2225.0,2350.0,239478,0.0,0.0
2019-09-06 00:00:00+09:00,2370.0,2725.0,2370.0,2595.0,649415,0.0,0.0
2019-09-09 00:00:00+09:00,2580.0,2670.0,2470.0,2660.0,190597,0.0,0.0
2019-09-10 00:00:00+09:00,2780.0,2780.0,2615.0,2630.0,91200,0.0,0.0
2019-09-11 00:00:00+09:00,2630.0,2675.0,2575.0,2675.0,40782,0.0,0.0
2019-09-16 00:00:00+09:00,2695.0,2725.0,2640.0,2670.0,45516,0.0,0.0
2019-09-17 00:00:00+09:00,2675.0,2740.0,2605.0,2730.0,50416,0.0,0.0
2019-09-18 00:00:00+09:00,2705.0,3065.0,2705.0,2940.0,192615,0.0,0.0
2019-09-19 00:00:00+09:00,2945.0,2990.0,2805.0,2880.0,100965,0.0,0.0
2019-09-20 00:00:00+09:00,2950.0,3000.0,2785.0,2805.0,83814,0.0,0.0
2019-09-23 00:00:00+09:00,2790.0,2790.0,2685.0,2730.0,32876,0.0,0.0
2019-09-24 00:00:00+09:00,2675.0,2845.0,2675.0,2800.0,39679,0.0,0.0
2019-09-25 00:00:00+09:00,2800.0,2830.0,2740.0,2760.0,25093,0.0,0.0
2019-09-26 00:00:00+09:00,2760.0,3190.0,2755.0,2955.0,241224,0.0,0.0
2019-09-27 00:00:00+09:00,3015.0,3150.0,2935.0,3090.0,83879,0.0,0.0
2019-09-30 00:00:00+09:00,3200.0,3250.0,2860.0,2915.0,93388,0.0,0.0
2019-10-01 00:00:00+09:00,2975.0,3025.0,2845.0,2915.0,53567,0.0,0.0
2019-10-02 00:00:00+09:00,2910.0,3000.0,2910.0,2915.0,9358,0.0,0.0
2019-10-04 00:00:00+09:00,2915.0,2985.0,2830.0,2885.0,26225,0.0,0.0
2019-10-07 00:00:00+09:00,3000.0,3000.0,2815.0,2845.0,36549,0.0,0.0
2019-10-08 00:00:00+09:00,2770.0,2895.0,2755.0,2825.0,17548,0.0,0.0
2019-10-10 00:00:00+09:00,2825.0,2875.0,2735.0,2790.0,12751,0.0,0.0
2019-10-11 00:00:00+09:00,2790.0,2850.0,2730.0,2780.0,24735,0.0,0.0
2019-10-14 00:00:00+09:00,2780.0,2880.0,2750.0,2765.0,9958,0.0,0.0
2019-10-15 00:00:00+09:00,2730.0,3300.0,2730.0,2875.0,342906,0.0,0.0
2019-10-16 00:00:00+09:00,2885.0,2945.0,2800.0,2850.0,45457,0.0,0.0
2019-10-17 00:00:00+09:00,2840.0,2880.0,2780.0,2800.0,20762,0.0,0.0
2019-10-18 00:00:00+09:00,2800.0,2840.0,2770.0,2775.0,26079,0.0,0.0
2019-10-21 00:00:00+09:00,2775.0,2940.0,2715.0,2715.0,32928,0.0,0.0
2019-10-22 00:00:00+09:00,2730.0,2800.0,2595.0,2635.0,38419,0.0,0.0
2019-10-23 00:00:00+09:00,2570.0,2680.0,2475.0,2485.0,41813,0.0,0.0
2019-10-24 00:00:00+09:00,2575.0,2575.0,2375.0,2395.0,58130,0.0,0.0
2019-10-25 00:00:00+09:00,2395.0,2465.0,2355.0,2445.0,23192,0.0,0.0
2019-10-28 00:00:00+09:00,2445.0,2465.0,2360.0,2370.0,25953,0.0,0.0
2019-10-29 00:00:00+09:00,2410.0,2410.0,2320.0,2330.0,21575,0.0,0.0
2019-10-30 00:00:00+09:00,2405.0,2405.0,2300.0,2325.0,16039,0.0,0.0
2019-10-31 00:00:00+09:00,2340.0,2365.0,2275.0,2335.0,12504,0.0,0.0
2019-11-01 00:00:00+09:00,2335.0,2465.0,2310.0,2435.0,20904,0.0,0.0
2019-11-04 00:00:00+09:00,2465.0,2495.0,2395.0,2430.0,12309,0.0,0.0
2019-11-05 00:00:00+09:00,2375.0,2455.0,2210.0,2415.0,36158,0.0,0.0
2019-11-06 00:00:00+09:00,2410.0,2490.0,2260.0,2300.0,62134,0.0,0.0
2019-11-07 00:00:00+09:00,2340.0,2340.0,2250.0,2290.0,22833,0.0,0.0
2019-11-08 00:00:00+09:00,2330.0,2370.0,2260.0,2280.0,48533,0.0,0.0
2019-11-11 00:00:00+09:00,2280.0,2320.0,2280.0,2320.0,21971,0.0,0.0
2019-11-12 00:00:00+09:00,2355.0,2355.0,2260.0,2260.0,28610,0.0,0.0
2019-11-13 00:00:00+09:00,2275.0,2300.0,2260.0,2280.0,25684,0.0,0.0
2019-11-14 00:00:00+09:00,2310.0,2310.0,2250.0,2295.0,8508,0.0,0.0
2019-11-15 00:00:00+09:00,2295.0,2340.0,2275.0,2305.0,6843,0.0,0.0
2019-11-18 00:00:00+09:00,2340.0,2340.0,2265.0,2265.0,35243,0.0,0.0
2019-11-19 00:00:00+09:00,2270.0,2275.0,2175.0,2180.0,42199,0.0,0.0
2019-11-20 00:00:00+09:00,2200.0,2200.0,2070.0,2080.0,25925,0.0,0.0
2019-11-21 00:00:00+09:00,2070.0,2120.0,1975.0,1990.0,46126,0.0,0.0
2019-11-22 00:00:00+09:00,2005.0,2025.0,1970.0,2010.0,22868,0.0,0.0
2019-11-25 00:00:00+09:00,1965.0,2030.0,1965.0,1995.0,27938,0.0,0.0
2019-11-26 00:00:00+09:00,1990.0,2005.0,1920.0,1950.0,46659,0.0,0.0
2019-11-27 00:00:00+09:00,1955.0,2000.0,1805.0,1870.0,146215,0.0,0.0
2019-11-28 00:00:00+09:00,1870.0,1900.0,1750.0,1755.0,61878,0.0,0.0
2019-11-29 00:00:00+09:00,1800.0,1800.0,1585.0,1585.0,119564,0.0,0.0
2019-12-02 00:00:00+09:00,1630.0,2060.0,1610.0,2060.0,363611,0.0,0.0
2019-12-03 00:00:00+09:00,2335.0,2675.0,2290.0,2675.0,1446968,0.0,0.0
2019-12-04 00:00:00+09:00,3250.0,3290.0,2655.0,2655.0,3555778,0.0,0.0
2019-12-05 00:00:00+09:00,2655.0,2890.0,2210.0,2260.0,2197839,0.0,0.0
2019-12-06 00:00:00+09:00,2260.0,2450.0,2170.0,2245.0,528865,0.0,0.0
2019-12-09 00:00:00+09:00,2230.0,2260.0,2110.0,2230.0,158036,0.0,0.0
2019-12-10 00:00:00+09:00,2245.0,2255.0,2025.0,2125.0,165843,0.0,0.0
2019-12-11 00:00:00+09:00,2065.0,2105.0,1955.0,2095.0,281713,0.0,0.0
2019-12-12 00:00:00+09:00,2095.0,2100.0,1995.0,2035.0,104636,0.0,0.0
2019-12-13 00:00:00+09:00,2035.0,2170.0,2010.0,2075.0,146402,0.0,0.0
2019-12-16 00:00:00+09:00,2075.0,2075.0,2020.0,2050.0,58203,0.0,0.0
2019-12-17 00:00:00+09:00,2080.0,2110.0,2000.0,2070.0,72651,0.0,0.0
2019-12-18 00:00:00+09:00,2070.0,2120.0,1980.0,1995.0,102364,0.0,0.0
2019-12-19 00:00:00+09:00,1975.0,2170.0,1975.0,2065.0,226469,0.0,0.0
2019-12-20 00:00:00+09:00,2055.0,2090.0,2020.0,2030.0,24356,0.0,0.0
2019-12-23 00:00:00+09:00,2030.0,2080.0,2000.0,2020.0,28763,0.0,0.0
2019-12-24 00:00:00+09:00,2020.0,2050.0,1975.0,1980.0,55091,0.0,0.0
2019-12-26 00:00:00+09:00,2510.0,2550.0,2080.0,2080.0,1208012,0.0,0.0
2019-12-27 00:00:00+09:00,2110.0,2150.0,1990.0,2010.0,193049,0.0,0.0
2019-12-30 00:00:00+09:00,2025.0,2065.0,1955.0,2035.0,98384,0.0,0.0
2020-01-02 00:00:00+09:00,2035.0,2085.0,2030.0,2035.0,50581,0.0,0.0
2020-01-03 00:00:00+09:00,2055.0,2075.0,1960.0,2000.0,80507,0.0,0.0
2020-01-06 00:00:00+09:00,2000.0,2040.0,1965.0,1980.0,29488,0.0,0.0
2020-01-07 00:00:00+09:00,1985.0,2030.0,1980.0,2015.0,39018,0.0,0.0
2020-01-08 00:00:00+09:00,2020.0,2020.0,1915.0,1945.0,48549,0.0,0.0
2020-01-09 00:00:00+09:00,1945.0,2040.0,1940.0,1980.0,24300,0.0,0.0
2020-01-10 00:00:00+09:00,2000.0,2070.0,1980.0,2020.0,68047,0.0,0.0
2020-01-13 00:00:00+09:00,2020.0,2090.0,2020.0,2040.0,72741,0.0,0.0
2020-01-14 00:00:00+09:00,2040.0,2230.0,2040.0,2075.0,135444,0.0,0.0
2020-01-15 00:00:00+09:00,2130.0,2140.0,2065.0,2100.0,56153,0.0,0.0
2020-01-16 00:00:00+09:00,2110.0,2140.0,2070.0,2075.0,45609,0.0,0.0
2020-01-17 00:00:00+09:00,2075.0,2135.0,2000.0,2055.0,31180,0.0,0.0
2020-01-20 00:00:00+09:00,2000.0,2080.0,2000.0,2060.0,40743,0.0,0.0
2020-01-21 00:00:00+09:00,2125.0,2125.0,2030.0,2080.0,36001,0.0,0.0
2020-01-22 00:00:00+09:00,2130.0,2170.0,2015.0,2135.0,60958,0.0,0.0
2020-01-23 00:00:00+09:00,2175.0,2300.0,2100.0,2115.0,99982,0.0,0.0
2020-01-28 00:00:00+09:00,2000.0,2180.0,2000.0,2170.0,84841,0.0,0.0
2020-01-29 00:00:00+09:00,2170.0,2265.0,2105.0,2245.0,82207,0.0,0.0
2020-01-30 00:00:00+09:00,2240.0,2325.0,2205.0,2310.0,78337,0.0,0.0
2020-01-31 00:00:00+09:00,2310.0,2495.0,2300.0,2360.0,202302,0.0,0.0
2020-02-03 00:00:00+09:00,2270.0,2300.0,2180.0,2270.0,78376,0.0,0.0
2020-02-04 00:00:00+09:00,2270.0,2450.0,2265.0,2425.0,90491,0.0,0.0
2020-02-05 00:00:00+09:00,2450.0,2520.0,2335.0,2490.0,101028,0.0,0.0
2020-02-06 00:00:00+09:00,2490.0,2525.0,2350.0,2440.0,44748,0.0,0.0
2020-02-07 00:00:00+09:00,2500.0,2500.0,2370.0,2370.0,26738,0.0,0.0
2020-02-10 00:00:00+09:00,2300.0,2390.0,2255.0,2310.0,30396,0.0,0.0
2020-02-11 00:00:00+09:00,2290.0,2355.0,2290.0,2300.0,13263,0.0,0.0
2020-02-12 00:00:00+09:00,2300.0,2440.0,2285.0,2310.0,28752,0.0,0.0
2020-02-13 00:00:00+09:00,2350.0,2425.0,2290.0,2315.0,13166,0.0,0.0
2020-02-14 00:00:00+09:00,2320.0,2320.0,2220.0,2230.0,50861,0.0,0.0
2020-02-17 00:00:00+09:00,2200.0,2285.0,2175.0,2285.0,26978,0.0,0.0
2020-02-18 00:00:00+09:00,2330.0,2390.0,2255.0,2315.0,51472,0.0,0.0
2020-02-19 00:00:00+09:00,2390.0,2390.0,2310.0,2355.0,30237,0.0,0.0
2020-02-20 00:00:00+09:00,2320.0,2480.0,2310.0,2480.0,112714,0.0,0.0
2020-02-21 00:00:00+09:00,2535.0,2730.0,2410.0,2645.0,207770,0.0,0.0
2020-02-24 00:00:00+09:00,2685.0,2685.0,2480.0,2545.0,94583,0.0,0.0
2020-02-25 00:00:00+09:00,2645.0,2665.0,2415.0,2610.0,51297,0.0,0.0
2020-02-26 00:00:00+09:00,2615.0,2745.0,2530.0,2670.0,89521,0.0,0.0
2020-02-27 00:00:00+09:00,2765.0,2765.0,2620.0,2685.0,90412,0.0,0.0
2020-02-28 00:00:00+09:00,2700.0,2700.0,2500.0,2675.0,50858,0.0,0.0
2020-03-02 00:00:00+09:00,2685.0,2690.0,2420.0,2575.0,77036,0.0,0.0
2020-03-03 00:00:00+09:00,2575.0,2575.0,2450.0,2515.0,59693,0.0,0.0
2020-03-04 00:00:00+09:00,2455.0,2690.0,2455.0,2540.0,35296,0.0,0.0
2020-03-05 00:00:00+09:00,2650.0,2650.0,2495.0,2560.0,56744,0.0,0.0
2020-03-06 00:00:00+09:00,2530.0,2680.0,2520.0,2615.0,24731,0.0,0.0
2020-03-09 00:00:00+09:00,2615.0,2615.0,2615.0,2615.0,0,0.0,0.0
2020-03-10 00:00:00+09:00,2400.0,2555.0,2400.0,2470.0,23330,0.0,0.0
2020-03-11 00:00:00+09:00,2490.0,2615.0,2450.0,2565.0,42564,0.0,0.0
2020-03-12 00:00:00+09:00,2625.0,2645.0,2440.0,2555.0,48853,0.0,0.0
2020-03-13 00:00:00+09:00,2425.0,2550.0,2220.0,2495.0,56650,0.0,0.0
2020-03-16 00:00:00+09:00,2670.0,2670.0,2390.0,2460.0,12055,0.0,0.0
2020-03-17 00:00:00+09:00,2490.0,2550.0,2300.0,2445.0,64902,0.0,0.0
2020-03-18 00:00:00+09:00,2445.0,2945.0,2440.0,2540.0,316318,0.0,0.0
2020-03-19 00:00:00+09:00,2645.0,2645.0,2230.0,2305.0,93563,0.0,0.0
2020-03-20 00:00:00+09:00,2310.0,2500.0,2310.0,2405.0,109556,0.0,0.0
2020-03-23 00:00:00+09:00,2705.0,2950.0,2405.0,2525.0,664456,0.0,0.0
2020-03-24 00:00:00+09:00,2540.0,2595.0,2380.0,2390.0,175666,0.0,0.0
2020-03-25 00:00:00+09:00,2400.0,2500.0,2350.0,2500.0,125352,0.0,0.0
2020-03-26 00:00:00+09:00,2525.0,2580.0,2445.0,2450.0,78383,0.0,0.0
2020-03-27 00:00:00+09:00,2485.0,2750.0,2420.0,2750.0,475046,0.0,0.0
2020-03-30 00:00:00+09:00,2845.0,3500.0,2695.0,3450.0,1272952,0.0,0.0
2020-03-31 00:00:00+09:00,3480.0,3600.0,3205.0,3520.0,716450,0.0,0.0
2020-04-01 00:00:00+09:00,3670.0,3670.0,3260.0,3310.0,825253,0.0,0.0
2020-04-02 00:00:00+09:00,3310.0,3500.0,3205.0,3455.0,481614,0.0,0.0
2020-04-03 00:00:00+09:00,3450.0,3590.0,3355.0,3550.0,419674,0.0,0.0
2020-04-06 00:00:00+09:00,3550.0,3950.0,3400.0,3740.0,499359,0.0,0.0
2020-04-07 00:00:00+09:00,3820.0,3885.0,3580.0,3675.0,213606,0.0,0.0
2020-04-08 00:00:00+09:00,3715.0,3925.0,3420.0,3700.0,304982,0.0,0.0
2020-04-09 00:00:00+09:00,3720.0,3785.0,3550.0,3620.0,135165,0.0,0.0
2020-04-10 00:00:00+09:00,3680.0,3805.0,3515.0,3740.0,301427,0.0,0.0
2020-04-13 00:00:00+09:00,3775.0,3820.0,3300.0,3470.0,302461,0.0,0.0
2020-04-14 00:00:00+09:00,3585.0,3640.0,3450.0,3550.0,136197,0.0,0.0
2020-04-16 00:00:00+09:00,3555.0,3600.0,3385.0,3575.0,51595,0.0,0.0
2020-04-17 00:00:00+09:00,3575.0,3670.0,3450.0,3450.0,59863,0.0,0.0
2020-04-20 00:00:00+09:00,3850.0,4485.0,3700.0,3765.0,3021503,0.0,0.0
2020-04-21 00:00:00+09:00,3765.0,3765.0,3090.0,3405.0,713840,0.0,0.0
2020-04-22 00:00:00+09:00,3400.0,3480.0,3345.0,3390.0,245751,0.0,0.0
2020-04-23 00:00:00+09:00,3350.0,3490.0,3345.0,3410.0,101550,0.0,0.0
2020-04-24 00:00:00+09:00,3375.0,3400.0,3150.0,3400.0,165394,0.0,0.0
2020-04-27 00:00:00+09:00,3400.0,3400.0,3315.0,3385.0,82365,0.0,0.0
2020-04-28 00:00:00+09:00,3380.0,3400.0,3245.0,3300.0,106353,0.0,0.0
2020-04-29 00:00:00+09:00,3300.0,3300.0,3100.0,3190.0,129396,0.0,0.0
2020-05-04 00:00:00+09:00,3340.0,3340.0,3085.0,3125.0,61602,0.0,0.0
2020-05-06 00:00:00+09:00,3195.0,3195.0,3000.0,3080.0,132037,0.0,0.0
2020-05-07 00:00:00+09:00,3080.0,3140.0,3000.0,3030.0,116894,0.0,0.0
2020-05-08 00:00:00+09:00,3030.0,3285.0,3030.0,3275.0,268525,0.0,0.0
2020-05-11 00:00:00+09:00,3270.0,3270.0,3080.0,3195.0,106826,0.0,0.0
2020-05-12 00:00:00+09:00,3190.0,3380.0,3120.0,3360.0,264826,0.0,0.0
2020-05-13 00:00:00+09:00,3395.0,3580.0,3315.0,3570.0,212147,0.0,0.0
2020-05-14 00:00:00+09:00,3570.0,3670.0,3350.0,3525.0,155324,0.0,0.0
2020-05-15 00:00:00+09:00,3505.0,3665.0,3350.0,3440.0,138144,0.0,0.0
2020-05-18 00:00:00+09:00,3400.0,3530.0,3290.0,3530.0,290427,0.0,0.0
2020-05-19 00:00:00+09:00,3600.0,3620.0,3400.0,3580.0,225842,0.0,0.0
2020-05-20 00:00:00+09:00,3590.0,3590.0,3490.0,3530.0,51078,0.0,0.0
2020-05-21 00:00:00+09:00,3520.0,3615.0,3460.0,3540.0,62526,0.0,0.0
2020-05-22 00:00:00+09:00,3535.0,3560.0,3370.0,3400.0,67598,0.0,0.0
2020-05-25 00:00:00+09:00,3400.0,3470.0,3355.0,3380.0,43508,0.0,0.0
2020-05-26 00:00:00+09:00,3485.0,3485.0,3370.0,3470.0,86925,0.0,0.0
2020-05-27 00:00:00+09:00,3490.0,3720.0,3325.0,3540.0,291316,0.0,0.0
2020-05-28 00:00:00+09:00,3580.0,3610.0,3415.0,3470.0,103734,0.0,0.0
2020-05-29 00:00:00+09:00,3460.0,3460.0,3350.0,3460.0,48557,0.0,0.0
2020-06-01 00:00:00+09:00,3485.0,3515.0,3380.0,3420.0,69826,0.0,0.0
2020-06-02 00:00:00+09:00,3460.0,3570.0,3410.0,3555.0,70730,0.0,0.0
2020-06-03 00:00:00+09:00,3555.0,3650.0,3520.0,3550.0,87252,0.0,0.0
2020-06-04 00:00:00+09:00,3580.0,3635.0,3520.0,3570.0,76487,0.0,0.0
2020-06-05 00:00:00+09:00,3555.0,3630.0,3480.0,3630.0,76317,0.0,0.0
2020-06-08 00:00:00+09:00,3665.0,3690.0,3570.0,3570.0,42779,0.0,0.0
2020-06-09 00:00:00+09:00,3565.0,3590.0,3480.0,3485.0,93318,0.0,0.0
2020-06-10 00:00:00+09:00,3480.0,3480.0,3365.0,3420.0,62790,0.0,0.0
2020-06-11 00:00:00+09:00,3410.0,3485.0,3365.0,3365.0,34863,0.0,0.0
2020-06-12 00:00:00+09:00,3200.0,3300.0,3165.0,3210.0,90589,0.0,0.0
2020-06-15 00:00:00+09:00,3210.0,3315.0,2900.0,2905.0,142820,0.0,0.0
2020-06-16 00:00:00+09:00,3075.0,3150.0,2915.0,2950.0,80911,0.0,0.0
2020-06-17 00:00:00+09:00,3085.0,3085.0,2890.0,2910.0,63829,0.0,0.0
2020-06-18 00:00:00+09:00,2915.0,3080.0,2915.0,3060.0,81543,0.0,0.0
2020-06-19 00:00:00+09:00,3075.0,3390.0,3075.0,3285.0,147494,0.0,0.0
2020-06-22 00:00:00+09:00,3330.0,3455.0,3305.0,3320.0,59028,0.0,0.0
2020-06-23 00:00:00+09:00,3330.0,3330.0,3090.0,3105.0,65251,0.0,0.0
2020-06-24 00:00:00+09:00,3140.0,3295.0,3020.0,3160.0,25271,0.0,0.0
2020-06-25 00:00:00+09:00,3195.0,3270.0,3115.0,3215.0,27087,0.0,0.0
2020-06-26 00:00:00+09:00,3215.0,3325.0,3160.0,3250.0,41426,0.0,0.0
2020-06-29 00:00:00+09:00,3200.0,3270.0,3050.0,3120.0,58056,0.0,0.0
2020-06-30 00:00:00+09:00,3120.0,3300.0,3080.0,3220.0,40419,0.0,0.0
2020-07-01 00:00:00+09:00,3275.0,3395.0,3100.0,3170.0,45779,0.0,0.0
2020-07-02 00:00:00+09:00,3170.0,3295.0,3170.0,3270.0,34495,0.0,0.0
2020-07-03 00:00:00+09:00,3285.0,3445.0,3260.0,3415.0,74226,0.0,0.0
2020-07-06 00:00:00+09:00,3415.0,3460.0,3325.0,3325.0,38860,0.0,0.0
2020-07-07 00:00:00+09:00,3305.0,3390.0,3275.0,3350.0,21180,0.0,0.0
2020-07-08 00:00:00+09:00,3350.0,3410.0,3315.0,3370.0,26258,0.0,0.0
2020-07-09 00:00:00+09:00,3395.0,3435.0,3295.0,3420.0,42182,0.0,0.0
2020-07-10 00:00:00+09:00,3420.0,3525.0,3365.0,3430.0,55763,0.0,0.0
2020-07-13 00:00:00+09:00,3520.0,3525.0,3390.0,3450.0,19575,0.0,0.0
2020-07-14 00:00:00+09:00,3490.0,3490.0,3310.0,3380.0,31609,0.0,0.0
2020-07-15 00:00:00+09:00,3380.0,3850.0,3355.0,3505.0,118951,0.0,0.0
2020-07-16 00:00:00+09:00,3465.0,3595.0,3445.0,3450.0,65440,0.0,0.0
2020-07-17 00:00:00+09:00,3550.0,3595.0,3440.0,3540.0,42021,0.0,0.0
2020-07-20 00:00:00+09:00,3505.0,3540.0,3450.0,3470.0,16213,0.0,0.0
2020-07-21 00:00:00+09:00,3470.0,3555.0,3450.0,3450.0,33649,0.0,0.0
2020-07-22 00:00:00+09:00,3420.0,4075.0,3420.0,3720.0,705387,0.0,0.0
2020-07-23 00:00:00+09:00,3720.0,3740.0,3550.0,3615.0,88182,0.0,0.0
2020-07-24 00:00:00+09:00,3590.0,3590.0,3400.0,3450.0,61522,0.0,0.0
2020-07-27 00:00:00+09:00,3485.0,3695.0,3480.0,3650.0,109757,0.0,0.0
2020-07-28 00:00:00+09:00,3705.0,3725.0,3480.0,3530.0,93412,0.0,0.0
2020-07-29 00:00:00+09:00,3745.0,3770.0,3530.0,3570.0,191696,0.0,0.0
2020-07-30 00:00:00+09:00,3600.0,3940.0,3570.0,3840.0,423090,0.0,0.0
2020-07-31 00:00:00+09:00,3835.0,3835.0,3630.0,3655.0,160173,0.0,0.0
2020-08-03 00:00:00+09:00,3690.0,3840.0,3615.0,3705.0,137152,0.0,0.0
2020-08-04 00:00:00+09:00,3715.0,3715.0,3550.0,3570.0,67984,0.0,0.0
2020-08-05 00:00:00+09:00,3570.0,3595.0,3485.0,3560.0,67886,0.0,0.0
2020-08-06 00:00:00+09:00,3560.0,3725.0,3470.0,3490.0,107927,0.0,0.0
2020-08-07 00:00:00+09:00,3540.0,3585.0,3420.0,3585.0,48109,0.0,0.0
2020-08-10 00:00:00+09:00,3600.0,3600.0,3500.0,3540.0,32627,0.0,0.0
2020-08-11 00:00:00+09:00,3570.0,3570.0,3470.0,3470.0,46355,0.0,0.0
2020-08-12 00:00:00+09:00,3540.0,3560.0,3400.0,3410.0,39977,0.0,0.0
2020-08-13 00:00:00+09:00,3420.0,3500.0,3380.0,3485.0,29629,0.0,0.0
2020-08-14 00:00:00+09:00,3400.0,3500.0,3320.0,3410.0,54134,0.0,0.0
2020-08-18 00:00:00+09:00,3390.0,3530.0,3205.0,3300.0,46310,0.0,0.0
2020-08-19 00:00:00+09:00,3345.0,3345.0,3150.0,3180.0,54540,0.0,0.0
2020-08-20 00:00:00+09:00,3210.0,3240.0,3000.0,3030.0,33705,0.0,0.0
2020-08-21 00:00:00+09:00,3100.0,3150.0,3030.0,3110.0,21454,0.0,0.0
2020-08-24 00:00:00+09:00,3230.0,3230.0,3115.0,3140.0,13415,0.0,0.0
2020-08-25 00:00:00+09:00,3210.0,3320.0,3135.0,3295.0,36650,0.0,0.0
2020-08-26 00:00:00+09:00,3375.0,3375.0,3245.0,3295.0,23846,0.0,0.0
2020-08-27 00:00:00+09:00,3295.0,3420.0,3100.0,3150.0,66168,0.0,0.0
2020-08-28 00:00:00+09:00,3205.0,3320.0,3140.0,3245.0,54771,0.0,0.0
2020-08-31 00:00:00+09:00,3300.0,3300.0,3180.0,3280.0,30826,0.0,0.0
2020-09-01 00:00:00+09:00,3255.0,3370.0,3205.0,3280.0,20867,0.0,0.0
2020-09-02 00:00:00+09:00,3280.0,3325.0,3180.0,3305.0,15082,0.0,0.0
2020-09-03 00:00:00+09:00,3360.0,3445.0,3290.0,3355.0,69454,0.0,0.0
2020-09-04 00:00:00+09:00,3300.0,3365.0,3285.0,3355.0,22712,0.0,0.0
2020-09-07 00:00:00+09:00,3355.0,3400.0,3305.0,3400.0,34182,0.0,0.0
2020-09-08 00:00:00+09:00,3390.0,3470.0,3305.0,3360.0,48956,0.0,0.0
2020-09-09 00:00:00+09:00,3285.0,3430.0,3285.0,3375.0,33598,0.0,0.0
2020-09-10 00:00:00+09:00,3370.0,3385.0,3330.0,3330.0,21182,0.0,0.0
2020-09-11 00:00:00+09:00,3340.0,3340.0,3235.0,3320.0,32044,0.0,0.0
2020-09-14 00:00:00+09:00,3320.0,3330.0,3225.0,3325.0,17693,0.0,0.0
2020-09-15 00:00:00+09:00,3325.0,3660.0,3320.0,3540.0,204052,0.0,0.0
2020-09-16 00:00:00+09:00,3565.0,3595.0,3435.0,3490.0,36039,0.0,0.0
2020-09-17 00:00:00+09:00,3485.0,3490.0,3280.0,3450.0,43819,0.0,0.0
2020-09-18 00:00:00+09:00,3385.0,3475.0,3375.0,3475.0,24959,0.0,0.0
2020-09-21 00:00:00+09:00,3480.0,3520.0,3365.0,3445.0,24196,0.0,0.0
2020-09-22 00:00:00+09:00,3435.0,3455.0,3305.0,3375.0,23256,0.0,0.0
2020-09-23 00:00:00+09:00,3375.0,3435.0,3335.0,3375.0,8933,0.0,0.0
2020-09-24 00:00:00+09:00,3265.0,3395.0,3265.0,3360.0,22236,0.0,0.0
2020-09-25 00:00:00+09:00,3360.0,3540.0,3355.0,3370.0,14541,0.0,0.0
2020-09-28 00:00:00+09:00,3380.0,3505.0,3370.0,3465.0,20770,0.0,0.0
2020-09-29 00:00:00+09:00,3590.0,3590.0,3435.0,3470.0,17265,0.0,0.0
2020-10-05 00:00:00+09:00,3480.0,3535.0,3460.0,3530.0,45401,0.0,0.0
2020-10-06 00:00:00+09:00,3570.0,3575.0,3490.0,3530.0,14304,0.0,0.0
2020-10-07 00:00:00+09:00,3640.0,3640.0,3435.0,3520.0,27916,0.0,0.0
2020-10-08 00:00:00+09:00,3525.0,3570.0,3520.0,3545.0,16765,0.0,0.0
2020-10-12 00:00:00+09:00,3570.0,3600.0,3535.0,3595.0,41531,0.0,0.0
2020-10-13 00:00:00+09:00,3640.0,3660.0,3555.0,3585.0,25248,0.0,0.0
2020-10-14 00:00:00+09:00,3655.0,3655.0,3495.0,3555.0,13118,0.0,0.0
2020-10-15 00:00:00+09:00,3595.0,3595.0,3460.0,3525.0,14035,0.0,0.0
2020-10-16 00:00:00+09:00,3800.0,3800.0,3465.0,3555.0,74585,0.0,0.0
2020-10-19 00:00:00+09:00,3475.0,3600.0,3475.0,3505.0,16740,0.0,0.0
2020-10-20 00:00:00+09:00,3580.0,3580.0,3385.0,3420.0,31474,0.0,0.0
2020-10-21 00:00:00+09:00,3420.0,3495.0,3330.0,3485.0,37538,0.0,0.0
2020-10-22 00:00:00+09:00,3485.0,3545.0,3380.0,3475.0,15704,0.0,0.0
2020-10-23 00:00:00+09:00,3420.0,3600.0,3290.0,3300.0,56787,0.0,0.0
2020-10-26 00:00:00+09:00,3360.0,3395.0,3020.0,3145.0,82265,0.0,0.0
2020-10-27 00:00:00+09:00,3060.0,3280.0,3045.0,3210.0,45132,0.0,0.0
2020-10-28 00:00:00+09:00,3250.0,3255.0,3100.0,3210.0,21425,0.0,0.0
2020-10-29 00:00:00+09:00,3210.0,3280.0,3155.0,3280.0,12940,0.0,0.0
2020-10-30 00:00:00+09:00,3300.0,3400.0,3230.0,3285.0,16013,0.0,0.0
2020-11-02 00:00:00+09:00,3300.0,3300.0,3230.0,3285.0,8992,0.0,0.0
2020-11-03 00:00:00+09:00,3285.0,3350.0,3285.0,3310.0,10428,0.0,0.0
2020-11-04 00:00:00+09:00,3355.0,3365.0,3150.0,3195.0,64901,0.0,0.0
2020-11-05 00:00:00+09:00,3190.0,3355.0,3180.0,3270.0,40121,0.0,0.0
2020-11-06 00:00:00+09:00,3295.0,3295.0,3195.0,3270.0,11433,0.0,0.0
2020-11-09 00:00:00+09:00,3270.0,3340.0,3245.0,3290.0,11323,0.0,0.0
2020-11-10 00:00:00+09:00,3350.0,3350.0,3200.0,3245.0,16356,0.0,0.0
2020-11-11 00:00:00+09:00,3245.0,3300.0,3120.0,3260.0,45583,0.0,0.0
2020-11-12 00:00:00+09:00,3230.0,3280.0,3170.0,3235.0,15913,0.0,0.0
2020-11-13 00:00:00+09:00,3230.0,3235.0,3130.0,3220.0,23032,0.0,0.0
2020-11-16 00:00:00+09:00,3190.0,3220.0,3160.0,3200.0,28533,0.0,0.0
2020-11-17 00:00:00+09:00,3205.0,3300.0,3150.0,3220.0,18696,0.0,0.0
2020-11-18 00:00:00+09:00,3170.0,3260.0,3170.0,3210.0,10035,0.0,0.0
2020-11-19 00:00:00+09:00,3250.0,3250.0,3135.0,3210.0,31601,0.0,0.0
2020-11-20 00:00:00+09:00,3250.0,3260.0,3145.0,3150.0,20408,0.0,0.0
2020-11-23 00:00:00+09:00,3150.0,3450.0,3105.0,3275.0,101669,0.0,0.0
2020-11-24 00:00:00+09:00,3275.0,3315.0,3235.0,3285.0,33099,0.0,0.0
2020-11-25 00:00:00+09:00,3285.0,3300.0,3155.0,3235.0,39750,0.0,0.0
2020-11-26 00:00:00+09:00,3230.0,3235.0,3155.0,3165.0,51098,0.0,0.0
2020-11-27 00:00:00+09:00,3165.0,3240.0,3150.0,3175.0,32542,0.0,0.0
2020-11-30 00:00:00+09:00,3330.0,3330.0,3115.0,3220.0,33972,0.0,0.0
2020-12-01 00:00:00+09:00,3190.0,3285.0,3170.0,3200.0,10272,0.0,0.0
2020-12-02 00:00:00+09:00,3250.0,3275.0,3175.0,3210.0,15181,0.0,0.0
2020-12-03 00:00:00+09:00,3200.0,3210.0,3170.0,3180.0,6182,0.0,0.0
2020-12-04 00:00:00+09:00,3250.0,3250.0,3145.0,3145.0,19547,0.0,0.0
2020-12-07 00:00:00+09:00,3145.0,3190.0,3100.0,3140.0,23600,0.0,0.0
2020-12-08 00:00:00+09:00,3195.0,3195.0,3085.0,3125.0,26521,0.0,0.0
2020-12-09 00:00:00+09:00,3125.0,3150.0,3090.0,3110.0,13520,0.0,0.0
2020-12-10 00:00:00+09:00,3110.0,3140.0,3095.0,3115.0,16657,0.0,0.0
2020-12-11 00:00:00+09:00,3170.0,3170.0,3085.0,3090.0,11151,0.0,0.0
2020-12-14 00:00:00+09:00,3090.0,3165.0,3070.0,3140.0,38049,0.0,0.0
2020-12-15 00:00:00+09:00,3125.0,3170.0,3090.0,3095.0,19549,0.0,0.0
2020-12-16 00:00:00+09:00,3170.0,3170.0,3085.0,3110.0,22794,0.0,0.0
2020-12-17 00:00:00+09:00,3155.0,3160.0,3085.0,3115.0,15306,0.0,0.0
2020-12-18 00:00:00+09:00,3090.0,3170.0,3090.0,3120.0,13247,0.0,0.0
2020-12-21 00:00:00+09:00,3140.0,3140.0,3085.0,3090.0,19143,0.0,0.0
2020-12-22 00:00:00+09:00,3095.0,3115.0,3000.0,3000.0,33845,0.0,0.0
2020-12-23 00:00:00+09:00,3000.0,3100.0,2955.0,2955.0,27469,0.0,0.0
2020-12-24 00:00:00+09:00,3000.0,3000.0,2875.0,2935.0,63728,0.0,0.0
2020-12-28 00:00:00+09:00,2940.0,2945.0,2770.0,2905.0,35274,0.0,0.0
2020-12-29 00:00:00+09:00,2905.0,2995.0,2900.0,2950.0,19031,0.0,0.0
2020-12-30 00:00:00+09:00,2985.0,3070.0,2900.0,3010.0,19771,0.0,0.0
2021-01-04 00:00:00+09:00,2985.0,3090.0,2905.0,3060.0,35705,0.0,0.0
2021-01-05 00:00:00+09:00,3060.0,3095.0,2950.0,3065.0,28261,0.0,0.0
2021-01-06 00:00:00+09:00,3065.0,3070.0,2980.0,3010.0,19885,0.0,0.0
2021-01-07 00:00:00+09:00,2980.0,3000.0,2950.0,2960.0,26441,0.0,0.0
2021-01-08 00:00:00+09:00,2940.0,3040.0,2920.0,2970.0,71445,0.0,0.0
2021-01-11 00:00:00+09:00,2980.0,3040.0,2820.0,2880.0,65780,0.0,0.0
2021-01-12 00:00:00+09:00,2890.0,3005.0,2880.0,2975.0,53622,0.0,0.0
2021-01-13 00:00:00+09:00,3020.0,3045.0,2970.0,3010.0,19634,0.0,0.0
2021-01-14 00:00:00+09:00,3010.0,3210.0,3005.0,3130.0,77294,0.0,0.0
2021-01-15 00:00:00+09:00,3125.0,3625.0,3000.0,3180.0,433891,0.0,0.0
2021-01-18 00:00:00+09:00,3185.0,3235.0,2875.0,3110.0,108555,0.0,0.0
2021-01-19 00:00:00+09:00,3075.0,3110.0,2910.0,3000.0,64819,0.0,0.0
2021-01-20 00:00:00+09:00,3035.0,3095.0,2925.0,2985.0,47051,0.0,0.0
2021-01-21 00:00:00+09:00,3025.0,3080.0,3000.0,3050.0,31927,0.0,0.0
2021-01-22 00:00:00+09:00,3050.0,3070.0,2910.0,2960.0,64284,0.0,0.0
2021-01-25 00:00:00+09:00,2960.0,2995.0,2870.0,2940.0,96948,0.0,0.0
2021-01-26 00:00:00+09:00,2935.0,2970.0,2880.0,2910.0,40712,0.0,0.0
2021-01-27 00:00:00+09:00,2920.0,3015.0,2905.0,2935.0,28736,0.0,0.0
2021-01-28 00:00:00+09:00,2885.0,3035.0,2850.0,2900.0,37500,0.0,0.0
2021-01-29 00:00:00+09:00,2885.0,2945.0,2805.0,2835.0,51399,0.0,0.0
2021-02-01 00:00:00+09:00,2835.0,2860.0,2775.0,2840.0,19854,0.0,0.0
2021-02-02 00:00:00+09:00,2865.0,2910.0,2830.0,2885.0,18889,0.0,0.0
2021-02-03 00:00:00+09:00,2910.0,2980.0,2855.0,2890.0,25846,0.0,0.0
2021-02-04 00:00:00+09:00,2915.0,2940.0,2860.0,2920.0,16521,0.0,0.0
2021-02-05 00:00:00+09:00,2900.0,2910.0,2845.0,2855.0,18456,0.0,0.0
2021-02-08 00:00:00+09:00,2825.0,2950.0,2825.0,2905.0,16215,0.0,0.0
2021-02-09 00:00:00+09:00,2850.0,2915.0,2850.0,2890.0,8770,0.0,0.0
2021-02-10 00:00:00+09:00,2875.0,2945.0,2875.0,2935.0,11023,0.0,0.0
2021-02-15 00:00:00+09:00,2940.0,3045.0,2940.0,2995.0,58127,0.0,0.0
2021-02-16 00:00:00+09:00,3025.0,3030.0,2945.0,2995.0,43348,0.0,0.0
2021-02-17 00:00:00+09:00,3015.0,3015.0,2945.0,2955.0,22913,0.0,0.0
2021-02-18 00:00:00+09:00,2975.0,3020.0,2945.0,2980.0,53876,0.0,0.0
2021-02-19 00:00:00+09:00,2975.0,2980.0,2905.0,2965.0,46133,0.0,0.0
2021-02-22 00:00:00+09:00,2965.0,3040.0,2875.0,3000.0,27934,0.0,0.0
2021-02-23 00:00:00+09:00,2975.0,3060.0,2950.0,3050.0,62344,0.0,0.0
2021-02-24 00:00:00+09:00,3050.0,3100.0,2960.0,3045.0,62346,0.0,0.0
2021-02-25 00:00:00+09:00,3045.0,3090.0,2970.0,2990.0,25471,0.0,0.0
2021-02-26 00:00:00+09:00,3005.0,3045.0,2855.0,2960.0,31661,0.0,0.0
2021-03-02 00:00:00+09:00,2960.0,3060.0,2920.0,2960.0,22557,0.0,0.0
2021-03-03 00:00:00+09:00,2990.0,3250.0,2900.0,3150.0,290948,0.0,0.0
2021-03-04 00:00:00+09:00,3390.0,3450.0,3170.0,3285.0,134202,0.0,0.0
2021-03-05 00:00:00+09:00,3310.0,4035.0,3310.0,3685.0,2023564,0.0,0.0
2021-03-08 00:00:00+09:00,3750.0,3770.0,3370.0,3500.0,263130,0.0,0.0
2021-03-09 00:00:00+09:00,3550.0,3550.0,3350.0,3450.0,99548,0.0,0.0
2021-03-10 00:00:00+09:00,3450.0,3485.0,3305.0,3345.0,100647,0.0,0.0
2021-03-11 00:00:00+09:00,3310.0,3380.0,3290.0,3310.0,42872,0.0,0.0
2021-03-12 00:00:00+09:00,3310.0,3450.0,3305.0,3445.0,75418,0.0,0.0
2021-03-15 00:00:00+09:00,3445.0,3565.0,3430.0,3525.0,80770,0.0,0.0
2021-03-16 00:00:00+09:00,3535.0,3550.0,3435.0,3485.0,45230,0.0,0.0
2021-03-17 00:00:00+09:00,3520.0,3530.0,3415.0,3450.0,24985,0.0,0.0
2021-03-18 00:00:00+09:00,3455.0,3580.0,3430.0,3545.0,59058,0.0,0.0
2021-03-19 00:00:00+09:00,3525.0,3630.0,3465.0,3565.0,61401,0.0,0.0
2021-03-22 00:00:00+09:00,3565.0,3585.0,3460.0,3505.0,28435,0.0,0.0
2021-03-23 00:00:00+09:00,3500.0,3520.0,3430.0,3470.0,29024,0.0,0.0
2021-03-24 00:00:00+09:00,3495.0,3495.0,3350.0,3415.0,46193,0.0,0.0
2021-03-25 00:00:00+09:00,3415.0,3480.0,3365.0,3405.0,26574,0.0,0.0
2021-03-26 00:00:00+09:00,3405.0,3480.0,3300.0,3425.0,52920,0.0,0.0
2021-03-29 00:00:00+09:00,3425.0,3610.0,3250.0,3480.0,124976,0.0,0.0
2021-03-30 00:00:00+09:00,3930.0,4140.0,3570.0,3600.0,938282,0.0,0.0
2021-03-31 00:00:00+09:00,3665.0,3735.0,3600.0,3615.0,142962,0.0,0.0
2021-04-01 00:00:00+09:00,3690.0,3700.0,3520.0,3640.0,104337,0.0,0.0
2021-04-02 00:00:00+09:00,3640.0,3730.0,3545.0,3620.0,58885,0.0,0.0
2021-04-05 00:00:00+09:00,3640.0,3660.0,3560.0,3635.0,72680,0.0,0.0
2021-04-06 00:00:00+09:00,3690.0,3940.0,3605.0,3665.0,284734,0.0,0.0
2021-04-07 00:00:00+09:00,3675.0,3690.0,3620.0,3660.0,54541,0.0,0.0
2021-04-08 00:00:00+09:00,3660.0,3690.0,3550.0,3645.0,59128,0.0,0.0
2021-04-09 00:00:00+09:00,3655.0,3800.0,3650.0,3750.0,109589,0.0,0.0
2021-04-12 00:00:00+09:00,3830.0,3830.0,3720.0,3770.0,48908,0.0,0.0
2021-04-13 00:00:00+09:00,3770.0,3800.0,3715.0,3795.0,38984,0.0,0.0
2021-04-14 00:00:00+09:00,3865.0,3865.0,3750.0,3815.0,42975,0.0,0.0
2021-04-15 00:00:00+09:00,3810.0,3850.0,3785.0,3820.0,36269,0.0,0.0
2021-04-16 00:00:00+09:00,3815.0,4005.0,3815.0,3970.0,152457,0.0,0.0
2021-04-19 00:00:00+09:00,4130.0,4950.0,4050.0,4450.0,2040011,0.0,0.0
2021-04-20 00:00:00+09:00,4405.0,4445.0,4205.0,4235.0,260098,0.0,0.0
2021-04-21 00:00:00+09:00,4245.0,4800.0,4245.0,4690.0,905850,0.0,0.0
2021-04-22 00:00:00+09:00,4655.0,4760.0,4535.0,4690.0,225218,0.0,0.0
2021-04-23 00:00:00+09:00,4655.0,4775.0,4525.0,4730.0,117649,0.0,0.0
2021-04-26 00:00:00+09:00,4775.0,4930.0,4695.0,4900.0,125650,0.0,0.0
2021-04-27 00:00:00+09:00,4890.0,5090.0,4810.0,5090.0,131172,0.0,0.0
2021-04-28 00:00:00+09:00,5150.0,5600.0,5090.0,5220.0,350925,0.0,0.0
2021-04-29 00:00:00+09:00,5150.0,5740.0,5060.0,5460.0,424645,0.0,0.0
2021-04-30 00:00:00+09:00,5450.0,5540.0,5090.0,5450.0,324826,0.0,0.0
2021-05-03 00:00:00+09:00,5270.0,5560.0,4955.0,4970.0,128104,0.0,0.0
2021-05-04 00:00:00+09:00,4895.0,4970.0,4665.0,4850.0,128303,0.0,0.0
2021-05-06 00:00:00+09:00,4780.0,5130.0,4770.0,5020.0,75316,0.0,0.0
2021-05-07 00:00:00+09:00,5010.0,5400.0,4960.0,5270.0,137075,0.0,0.0
2021-05-10 00:00:00+09:00,5270.0,5490.0,5170.0,5380.0,123122,0.0,0.0
2021-05-11 00:00:00+09:00,5340.0,5400.0,5240.0,5300.0,53068,0.0,0.0
2021-05-12 00:00:00+09:00,5300.0,5380.0,5150.0,5310.0,102068,0.0,0.0
2021-05-13 00:00:00+09:00,5270.0,5340.0,5020.0,5100.0,134841,0.0,0.0
2021-05-14 00:00:00+09:00,5100.0,5150.0,5070.0,5110.0,47059,0.0,0.0
2021-05-17 00:00:00+09:00,5200.0,5200.0,4935.0,4985.0,60717,0.0,0.0
2021-05-18 00:00:00+09:00,4965.0,5040.0,4920.0,4985.0,56961,0.0,0.0
2021-05-20 00:00:00+09:00,5030.0,5030.0,4910.0,4970.0,53028,0.0,0.0
2021-05-21 00:00:00+09:00,4970.0,5050.0,4950.0,4990.0,48622,0.0,0.0
2021-05-24 00:00:00+09:00,4990.0,4990.0,4720.0,4860.0,23300,0.0,0.0
2021-05-25 00:00:00+09:00,4800.0,4975.0,4800.0,4955.0,38156,0.0,0.0
2021-05-26 00:00:00+09:00,4955.0,5080.0,4955.0,5080.0,58952,0.0,0.0
2021-05-27 00:00:00+09:00,5080.0,5100.0,4995.0,5000.0,13142,0.0,0.0
2021-05-28 00:00:00+09:00,5010.0,5030.0,4920.0,5030.0,29090,0.0,0.0
2021-05-31 00:00:00+09:00,5020.0,5070.0,4965.0,5030.0,18034,0.0,0.0
2021-06-01 00:00:00+09:00,5030.0,5030.0,4900.0,4990.0,42036,0.0,0.0
2021-06-02 00:00:00+09:00,4975.0,5000.0,4930.0,4940.0,31575,0.0,0.0
2021-06-03 00:00:00+09:00,4975.0,4975.0,4870.0,4890.0,23231,0.0,0.0
2021-06-04 00:00:00+09:00,4925.0,4925.0,4785.0,4810.0,31349,0.0,0.0
2021-06-07 00:00:00+09:00,4810.0,4875.0,4720.0,4790.0,33584,0.0,0.0
2021-06-08 00:00:00+09:00,4790.0,4805.0,4675.0,4685.0,35496,0.0,0.0
2021-06-09 00:00:00+09:00,4685.0,4685.0,4500.0,4515.0,74744,0.0,0.0
2021-06-10 00:00:00+09:00,4545.0,4790.0,4520.0,4675.0,39738,0.0,0.0
2021-06-11 00:00:00+09:00,4675.0,4695.0,4620.0,4680.0,7219,0.0,0.0
2021-06-14 00:00:00+09:00,4690.0,4725.0,4655.0,4690.0,15128,0.0,0.0
2021-06-15 00:00:00+09:00,4690.0,4705.0,4645.0,4685.0,18215,0.0,0.0
2021-06-16 00:00:00+09:00,4660.0,4705.0,4655.0,4700.0,20461,0.0,0.0
2021-06-17 00:00:00+09:00,4700.0,4710.0,4645.0,4700.0,23284,0.0,0.0
2021-06-18 00:00:00+09:00,4690.0,4705.0,4670.0,4690.0,11046,0.0,0.0
2021-06-21 00:00:00+09:00,4700.0,4700.0,4650.0,4690.0,14577,0.0,0.0
2021-06-22 00:00:00+09:00,4680.0,4700.0,4625.0,4700.0,27068,0.0,0.0
2021-06-23 00:00:00+09:00,4680.0,4800.0,4650.0,4725.0,87747,0.0,0.0
2021-06-24 00:00:00+09:00,4680.0,4785.0,4660.0,4750.0,70216,0.0,0.0
2021-06-25 00:00:00+09:00,4750.0,4755.0,4680.0,4680.0,23509,0.0,0.0
2021-06-28 00:00:00+09:00,4680.0,4700.0,4610.0,4650.0,45744,0.0,0.0
2021-06-29 00:00:00+09:00,4650.0,4650.0,4475.0,4525.0,34944,0.0,0.0
2021-06-30 00:00:00+09:00,4565.0,4565.0,4395.0,4400.0,47716,0.0,0.0
2021-07-01 00:00:00+09:00,4400.0,4530.0,4370.0,4530.0,36837,0.0,0.0
2021-07-02 00:00:00+09:00,4530.0,4540.0,4490.0,4540.0,12978,0.0,0.0
2021-07-05 00:00:00+09:00,4540.0,4560.0,4450.0,4495.0,23985,0.0,0.0
2021-07-06 00:00:00+09:00,4495.0,4535.0,4405.0,4480.0,19448,0.0,0.0
2021-07-07 00:00:00+09:00,4480.0,4480.0,4395.0,4440.0,22618,0.0,0.0
2021-07-08 00:00:00+09:00,4410.0,4435.0,4300.0,4415.0,18844,0.0,0.0
2021-07-09 00:00:00+09:00,4385.0,4385.0,4200.0,4345.0,32854,0.0,0.0
2021-07-12 00:00:00+09:00,4310.0,4450.0,4310.0,4440.0,22702,0.0,0.0
2021-07-13 00:00:00+09:00,4700.0,5770.0,4610.0,4940.0,5464003,0.0,0.0
2021-07-14 00:00:00+09:00,4875.0,5030.0,4805.0,4875.0,800087,0.0,0.0
2021-07-15 00:00:00+09:00,4855.0,5000.0,4710.0,4765.0,530615,0.0,0.0
2021-07-16 00:00:00+09:00,4725.0,4770.0,4625.0,4645.0,170216,0.0,0.0
2021-07-19 00:00:00+09:00,4625.0,4630.0,4505.0,4560.0,138369,0.0,0.0
2021-07-20 00:00:00+09:00,4550.0,4640.0,4450.0,4575.0,127349,0.0,0.0
2021-07-21 00:00:00+09:00,4565.0,4740.0,4560.0,4700.0,227306,0.0,0.0
2021-07-22 00:00:00+09:00,4670.0,4700.0,4580.0,4580.0,72754,0.0,0.0
2021-07-23 00:00:00+09:00,4595.0,4655.0,4535.0,4655.0,45637,0.0,0.0
2021-07-26 00:00:00+09:00,4615.0,4650.0,4515.0,4525.0,48493,0.0,0.0
2021-07-27 00:00:00+09:00,4505.0,4570.0,4430.0,4570.0,60434,0.0,0.0
2021-07-28 00:00:00+09:00,4505.0,4565.0,4420.0,4420.0,47982,0.0,0.0
2021-07-29 00:00:00+09:00,4420.0,4465.0,4385.0,4440.0,25963,0.0,0.0
2021-07-30 00:00:00+09:00,4435.0,4470.0,4315.0,4440.0,54198,0.0,0.0
2021-08-02 00:00:00+09:00,4410.0,4460.0,4390.0,4410.0,28681,0.0,0.0
2021-08-03 00:00:00+09:00,4415.0,4420.0,4350.0,4395.0,19452,0.0,0.0
2021-08-04 00:00:00+09:00,4400.0,4460.0,4390.0,4445.0,15978,0.0,0.0
2021-08-05 00:00:00+09:00,4445.0,4490.0,4395.0,4490.0,23666,0.0,0.0
2021-08-06 00:00:00+09:00,4480.0,4520.0,4440.0,4500.0,16357,0.0,0.0
2021-08-09 00:00:00+09:00,4455.0,4515.0,4440.0,4485.0,24706,0.0,0.0
2021-08-10 00:00:00+09:00,4480.0,4550.0,4430.0,4535.0,50765,0.0,0.0
2021-08-11 00:00:00+09:00,4510.0,4575.0,4435.0,4460.0,34560,0.0,0.0
2021-08-12 00:00:00+09:00,4415.0,4470.0,4405.0,4465.0,14997,0.0,0.0
2021-08-13 00:00:00+09:00,4450.0,4465.0,4375.0,4410.0,39116,0.0,0.0
2021-08-17 00:00:00+09:00,4390.0,4405.0,4155.0,4170.0,52342,0.0,0.0
2021-08-18 00:00:00+09:00,4120.0,4120.0,4005.0,4040.0,35379,0.0,0.0
2021-08-19 00:00:00+09:00,4040.0,4040.0,3770.0,3865.0,81741,0.0,0.0
2021-08-20 00:00:00+09:00,3865.0,3885.0,3730.0,3880.0,76728,0.0,0.0
2021-08-23 00:00:00+09:00,3880.0,4140.0,3805.0,4010.0,25286,0.0,0.0
2021-08-24 00:00:00+09:00,4030.0,4105.0,4000.0,4095.0,19935,0.0,0.0
2021-08-25 00:00:00+09:00,4095.0,4095.0,3975.0,4095.0,24138,0.0,0.0
2021-08-26 00:00:00+09:00,4095.0,4105.0,4010.0,4050.0,9714,0.0,0.0
2021-08-27 00:00:00+09:00,3980.0,4045.0,3945.0,3995.0,18354,0.0,0.0
2021-08-30 00:00:00+09:00,3995.0,4035.0,3970.0,3995.0,8120,0.0,0.0
2021-08-31 00:00:00+09:00,4000.0,4030.0,3960.0,3990.0,30445,0.0,0.0
2021-09-01 00:00:00+09:00,3990.0,4100.0,3990.0,4080.0,16577,0.0,0.0
2021-09-02 00:00:00+09:00,4080.0,4110.0,4065.0,4090.0,9971,0.0,0.0
2021-09-03 00:00:00+09:00,4095.0,4120.0,4015.0,4075.0,14997,0.0,0.0
2021-09-06 00:00:00+09:00,4110.0,4110.0,3990.0,3990.0,12657,0.0,0.0
2021-09-07 00:00:00+09:00,3990.0,4030.0,3945.0,4005.0,21571,0.0,0.0
2021-09-08 00:00:00+09:00,3995.0,4015.0,3925.0,3980.0,22617,0.0,0.0
2021-09-09 00:00:00+09:00,3940.0,3950.0,3900.0,3950.0,20151,0.0,0.0
2021-09-10 00:00:00+09:00,3920.0,3930.0,3670.0,3860.0,20315,0.0,0.0
2021-09-13 00:00:00+09:00,3860.0,3940.0,3710.0,3860.0,20725,0.0,0.0
2021-09-14 00:00:00+09:00,3840.0,3940.0,3800.0,3940.0,6447,0.0,0.0
2021-09-15 00:00:00+09:00,3945.0,4655.0,3885.0,4115.0,653008,0.0,0.0
2021-09-16 00:00:00+09:00,4145.0,4145.0,4005.0,4105.0,36709,0.0,0.0
2021-09-17 00:00:00+09:00,4085.0,4085.0,4000.0,4010.0,17393,0.0,0.0
2021-09-23 00:00:00+09:00,4000.0,4000.0,3855.0,3855.0,30725,0.0,0.0
2021-09-24 00:00:00+09:00,3855.0,3860.0,3795.0,3795.0,14449,0.0,0.0
2021-09-27 00:00:00+09:00,3785.0,3785.0,3715.0,3745.0,15491,0.0,0.0
2021-09-28 00:00:00+09:00,3730.0,3745.0,3615.0,3745.0,21490,0.0,0.0
2021-09-29 00:00:00+09:00,3585.0,3695.0,3585.0,3645.0,13669,0.0,0.0
2021-09-30 00:00:00+09:00,3585.0,3645.0,3545.0,3570.0,19749,0.0,0.0
2021-10-01 00:00:00+09:00,3440.0,3570.0,3340.0,3495.0,37331,0.0,0.0
2021-10-05 00:00:00+09:00,3455.0,3455.0,3250.0,3250.0,41962,0.0,0.0
2021-10-06 00:00:00+09:00,3270.0,3295.0,3110.0,3210.0,31488,0.0,0.0
2021-10-07 00:00:00+09:00,3200.0,3350.0,3150.0,3320.0,10307,0.0,0.0
2021-10-08 00:00:00+09:00,3355.0,3400.0,3290.0,3400.0,10149,0.0,0.0
2021-10-12 00:00:00+09:00,3445.0,3445.0,3350.0,3380.0,3233,0.0,0.0
2021-10-13 00:00:00+09:00,3350.0,3485.0,3335.0,3390.0,5034,0.0,0.0
2021-10-14 00:00:00+09:00,3390.0,3480.0,3370.0,3460.0,10761,0.0,0.0
2021-10-15 00:00:00+09:00,3485.0,3485.0,3455.0,3485.0,3529,0.0,0.0
2021-10-18 00:00:00+09:00,3495.0,3640.0,3495.0,3640.0,6778,0.0,0.0
2021-10-19 00:00:00+09:00,3725.0,3725.0,3615.0,3635.0,2681,0.0,0.0
2021-10-20 00:00:00+09:00,3655.0,3660.0,3615.0,3635.0,2828,0.0,0.0
2021-10-21 00:00:00+09:00,3605.0,3695.0,3595.0,3640.0,3182,0.0,0.0
2021-10-22 00:00:00+09:00,3600.0,3630.0,3485.0,3490.0,15733,0.0,0.0
2021-10-25 00:00:00+09:00,3490.0,3505.0,3400.0,3470.0,7889,0.0,0.0
2021-10-26 00:00:00+09:00,3465.0,3565.0,3460.0,3550.0,4783,0.0,0.0
2021-10-27 00:00:00+09:00,3550.0,4340.0,3550.0,3630.0,875535,0.0,0.0
2021-10-28 00:00:00+09:00,3635.0,3640.0,3490.0,3490.0,36810,0.0,0.0
2021-10-29 00:00:00+09:00,3485.0,3485.0,3380.0,3380.0,26527,0.0,0.0
2021-11-01 00:00:00+09:00,3360.0,3500.0,3350.0,3490.0,23270,0.0,0.0
2021-11-02 00:00:00+09:00,3490.0,3580.0,3490.0,3530.0,18931,0.0,0.0
2021-11-03 00:00:00+09:00,3530.0,3545.0,3440.0,3450.0,12661,0.0,0.0
2021-11-04 00:00:00+09:00,3455.0,3480.0,3400.0,3400.0,8273,0.0,0.0
2021-11-05 00:00:00+09:00,3350.0,3700.0,3350.0,3590.0,44355,0.0,0.0
2021-11-08 00:00:00+09:00,3485.0,3680.0,3485.0,3650.0,32530,0.0,0.0
2021-11-09 00:00:00+09:00,3710.0,3710.0,3615.0,3620.0,14051,0.0,0.0
2021-11-10 00:00:00+09:00,3550.0,3615.0,3400.0,3470.0,25603,0.0,0.0
2021-11-11 00:00:00+09:00,3380.0,3685.0,3380.0,3560.0,39890,0.0,0.0
2021-11-12 00:00:00+09:00,3685.0,3695.0,3565.0,3630.0,23835,0.0,0.0
2021-11-15 00:00:00+09:00,3645.0,3670.0,3605.0,3650.0,11708,0.0,0.0
2021-11-16 00:00:00+09:00,3585.0,3785.0,3490.0,3715.0,26755,0.0,0.0
2021-11-17 00:00:00+09:00,3715.0,3745.0,3650.0,3730.0,36808,0.0,0.0
2021-11-18 00:00:00+09:00,3715.0,4075.0,3715.0,3930.0,228519,0.0,0.0
2021-11-19 00:00:00+09:00,3930.0,3930.0,3770.0,3855.0,60391,0.0,0.0
2021-11-22 00:00:00+09:00,3845.0,3940.0,3795.0,3890.0,52466,0.0,0.0
2021-11-23 00:00:00+09:00,3850.0,3895.0,3695.0,3880.0,72813,0.0,0.0
2021-11-24 00:00:00+09:00,3830.0,3900.0,3820.0,3885.0,23447,0.0,0.0
2021-11-25 00:00:00+09:00,3885.0,3915.0,3850.0,3895.0,22336,0.0,0.0
2021-11-26 00:00:00+09:00,3875.0,3900.0,3750.0,3865.0,37940,0.0,0.0
2021-11-29 00:00:00+09:00,3720.0,3880.0,3710.0,3835.0,22480,0.0,0.0
2021-11-30 00:00:00+09:00,3835.0,3910.0,3450.0,3460.0,80766,0.0,0.0
2021-12-01 00:00:00+09:00,3460.0,3805.0,3440.0,3780.0,34089,0.0,0.0
2021-12-02 00:00:00+09:00,3780.0,3830.0,3625.0,3820.0,17950,0.0,0.0
2021-12-03 00:00:00+09:00,3850.0,3900.0,3760.0,3900.0,22748,0.0,0.0
2021-12-06 00:00:00+09:00,3850.0,3895.0,3820.0,3880.0,8370,0.0,0.0
2021-12-07 00:00:00+09:00,3850.0,3880.0,3800.0,3835.0,8240,0.0,0.0
2021-12-08 00:00:00+09:00,3885.0,3890.0,3820.0,3845.0,27315,0.0,0.0
2021-12-09 00:00:00+09:00,3835.0,3885.0,3830.0,3855.0,8510,0.0,0.0
2021-12-10 00:00:00+09:00,3855.0,3875.0,3800.0,3800.0,17049,0.0,0.0
2021-12-13 00:00:00+09:00,3800.0,3880.0,3700.0,3700.0,20312,0.0,0.0
2021-12-14 00:00:00+09:00,3655.0,3745.0,3505.0,3600.0,47662,0.0,0.0
2021-12-15 00:00:00+09:00,3600.0,3630.0,3430.0,3550.0,31825,0.0,0.0
2021-12-16 00:00:00+09:00,3530.0,3575.0,3400.0,3495.0,38361,0.0,0.0
2021-12-17 00:00:00+09:00,3495.0,3595.0,3475.0,3525.0,19375,0.0,0.0
2021-12-20 00:00:00+09:00,3525.0,3770.0,3470.0,3470.0,64371,0.0,0.0
2021-12-21 00:00:00+09:00,3505.0,3660.0,3450.0,3460.0,36744,0.0,0.0
2021-12-22 00:00:00+09:00,3545.0,3550.0,3430.0,3460.0,25843,0.0,0.0
2021-12-23 00:00:00+09:00,3460.0,3520.0,3460.0,3460.0,16138,0.0,0.0
2021-12-24 00:00:00+09:00,3465.0,3595.0,3455.0,3465.0,11691,0.0,0.0
2021-12-27 00:00:00+09:00,3495.0,3550.0,3420.0,3485.0,41014,0.0,0.0
2021-12-28 00:00:00+09:00,3510.0,3545.0,3400.0,3445.0,54856,0.0,0.0
2021-12-29 00:00:00+09:00,3460.0,3620.0,3460.0,3600.0,29792,0.0,0.0
2021-12-30 00:00:00+09:00,3600.0,3690.0,3600.0,3675.0,15933,0.0,0.0
2022-01-04 00:00:00+09:00,3705.0,3750.0,3685.0,3750.0,12427,0.0,0.0
2022-01-05 00:00:00+09:00,3750.0,3850.0,3700.0,3775.0,23782,0.0,0.0
2022-01-06 00:00:00+09:00,3735.0,3765.0,3680.0,3750.0,8181,0.0,0.0
2022-01-07 00:00:00+09:00,3730.0,3730.0,3645.0,3720.0,5762,0.0,0.0
2022-01-10 00:00:00+09:00,3720.0,3830.0,3685.0,3790.0,22757,0.0,0.0
2022-01-11 00:00:00+09:00,3790.0,4070.0,3750.0,4000.0,145722,0.0,0.0
2022-01-12 00:00:00+09:00,4000.0,4170.0,3910.0,4075.0,246896,0.0,0.0
2022-01-13 00:00:00+09:00,4150.0,4150.0,3955.0,3995.0,56823,0.0,0.0
2022-01-14 00:00:00+09:00,3955.0,3990.0,3850.0,3970.0,39494,0.0,0.0
2022-01-17 00:00:00+09:00,3920.0,3965.0,3860.0,3870.0,20747,0.0,0.0
2022-01-18 00:00:00+09:00,3835.0,3895.0,3700.0,3780.0,50728,0.0,0.0
2022-01-19 00:00:00+09:00,3780.0,3870.0,3630.0,3860.0,32737,0.0,0.0
2022-01-20 00:00:00+09:00,3855.0,3895.0,3685.0,3895.0,73895,0.0,0.0
2022-01-21 00:00:00+09:00,3855.0,4010.0,3780.0,3980.0,47781,0.0,0.0
2022-01-24 00:00:00+09:00,3920.0,3995.0,3845.0,3985.0,32456,0.0,0.0
2022-01-25 00:00:00+09:00,3930.0,4045.0,3850.0,3980.0,54313,0.0,0.0
2022-01-26 00:00:00+09:00,3980.0,3980.0,3980.0,3980.0,0,0.0,0.0
2022-01-27 00:00:00+09:00,3975.0,4020.0,3740.0,3830.0,95545,0.0,0.0
2022-01-28 00:00:00+09:00,3790.0,3900.0,3715.0,3850.0,25973,0.0,0.0
2022-02-03 00:00:00+09:00,3850.0,3895.0,3680.0,3860.0,28076,0.0,0.0
2022-02-04 00:00:00+09:00,3840.0,3900.0,3785.0,3785.0,22240,0.0,0.0
2022-02-07 00:00:00+09:00,3815.0,3815.0,3710.0,3760.0,13999,0.0,0.0
2022-02-08 00:00:00+09:00,3760.0,3760.0,3760.0,3760.0,0,0.0,0.0
2022-02-09 00:00:00+09:00,3760.0,3760.0,3760.0,3760.0,0,0.0,0.0
2022-02-10 00:00:00+09:00,4170.0,4170.0,3935.0,4050.0,47834,0.0,0.0
2022-02-11 00:00:00+09:00,4005.0,4005.0,3870.0,3985.0,22327,0.0,0.0
2022-02-14 00:00:00+09:00,3945.0,3945.0,3785.0,3820.0,23341,0.0,0.0
2022-02-15 00:00:00+09:00,3775.0,3840.0,3760.0,3815.0,52876,0.0,0.0
2022-02-16 00:00:00+09:00,3830.0,4150.0,3830.0,3905.0,28571,0.0,0.0
2022-02-17 00:00:00+09:00,3955.0,3955.0,3795.0,3805.0,48432,0.0,0.0
2022-02-18 00:00:00+09:00,3805.0,3860.0,3765.0,3860.0,8328,0.0,0.0
2022-02-21 00:00:00+09:00,3805.0,3870.0,3805.0,3825.0,6699,0.0,0.0
2022-02-22 00:00:00+09:00,3825.0,3825.0,3825.0,3825.0,0,0.0,0.0
2022-02-23 00:00:00+09:00,3825.0,3825.0,3825.0,3825.0,0,0.0,0.0
2022-02-24 00:00:00+09:00,3735.0,3775.0,3465.0,3550.0,68715,0.0,0.0
2022-02-25 00:00:00+09:00,3570.0,3700.0,3515.0,3630.0,27868,0.0,0.0
2022-02-28 00:00:00+09:00,3630.0,3630.0,3630.0,3630.0,0,0.0,0.0
2022-03-02 00:00:00+09:00,3600.0,3615.0,3525.0,3555.0,19917,0.0,0.0
2022-03-03 00:00:00+09:00,3565.0,3745.0,3520.0,3720.0,34943,0.0,0.0
2022-03-04 00:00:00+09:00,3720.0,3720.0,3720.0,3720.0,0,0.0,0.0
2022-03-07 00:00:00+09:00,3665.0,3695.0,3630.0,3655.0,6487,0.0,0.0
2022-03-08 00:00:00+09:00,3605.0,3690.0,3560.0,3615.0,15978,0.0,0.0
2022-03-10 00:00:00+09:00,3615.0,3615.0,3615.0,3615.0,0,0.0,0.0
2022-03-11 00:00:00+09:00,3615.0,3615.0,3615.0,3615.0,0,0.0,0.0
2022-03-14 00:00:00+09:00,3650.0,3690.0,3600.0,3650.0,8466,0.0,0.0
2022-03-15 00:00:00+09:00,3650.0,3650.0,3650.0,3650.0,0,0.0,0.0
2022-03-16 00:00:00+09:00,3650.0,3650.0,3650.0,3650.0,0,0.0,0.0
2022-03-17 00:00:00+09:00,3735.0,3765.0,3690.0,3710.0,12471,0.0,0.0
2022-03-18 00:00:00+09:00,3730.0,3755.0,3690.0,3690.0,10359,0.0,0.0
2022-03-21 00:00:00+09:00,3690.0,3690.0,3690.0,3690.0,0,0.0,0.0
2022-03-22 00:00:00+09:00,3740.0,3890.0,3740.0,3760.0,14021,0.0,0.0
2022-03-23 00:00:00+09:00,3800.0,3840.0,3755.0,3800.0,15445,0.0,0.0
2022-03-24 00:00:00+09:00,3780.0,3840.0,3750.0,3805.0,11894,0.0,0.0
2022-03-25 00:00:00+09:00,3800.0,3825.0,3785.0,3800.0,11890,0.0,0.0
2022-03-28 00:00:00+09:00,3835.0,3850.0,3730.0,3820.0,10070,0.0,0.0
2022-03-29 00:00:00+09:00,3855.0,3855.0,3750.0,3750.0,13659,0.0,0.0
2022-03-30 00:00:00+09:00,3750.0,3830.0,3750.0,3820.0,25614,0.0,0.0
2022-03-31 00:00:00+09:00,3820.0,4295.0,3780.0,3965.0,611246,0.0,0.0
2022-04-01 00:00:00+09:00,3965.0,4040.0,3855.0,4020.0,128715,0.0,0.0
2022-04-04 00:00:00+09:00,4020.0,4065.0,3770.0,4065.0,112727,0.0,0.0
2022-04-05 00:00:00+09:00,4065.0,4085.0,4000.0,4065.0,32577,0.0,0.0
2022-04-06 00:00:00+09:00,4050.0,4085.0,3970.0,4050.0,26898,0.0,0.0
2022-04-07 00:00:00+09:00,4050.0,4050.0,3885.0,3970.0,26776,0.0,0.0
2022-04-08 00:00:00+09:00,3945.0,4015.0,3870.0,3920.0,16359,0.0,0.0
2022-04-11 00:00:00+09:00,3920.0,3985.0,3845.0,3890.0,19364,0.0,0.0
2022-04-12 00:00:00+09:00,3870.0,3910.0,3840.0,3905.0,18121,0.0,0.0
2022-04-13 00:00:00+09:00,3920.0,3970.0,3860.0,3925.0,13097,0.0,0.0
2022-04-14 00:00:00+09:00,3980.0,4075.0,3840.0,4070.0,71870,0.0,0.0
2022-04-15 00:00:00+09:00,4055.0,4070.0,3915.0,4030.0,37007,0.0,0.0
2022-04-18 00:00:00+09:00,4005.0,4040.0,3960.0,3990.0,21374,0.0,0.0
2022-04-19 00:00:00+09:00,3955.0,4020.0,3950.0,4015.0,14394,0.0,0.0
2022-04-20 00:00:00+09:00,4030.0,4030.0,3970.0,4000.0,23947,0.0,0.0
2022-04-21 00:00:00+09:00,3995.0,4050.0,3990.0,4025.0,25647,0.0,0.0
2022-04-22 00:00:00+09:00,4025.0,4025.0,3960.0,3990.0,6825,0.0,0.0
2022-04-25 00:00:00+09:00,3965.0,3990.0,3920.0,3945.0,19693,0.0,0.0
2022-04-26 00:00:00+09:00,3905.0,4000.0,3905.0,4000.0,17183,0.0,0.0
2022-04-27 00:00:00+09:00,3940.0,4000.0,3910.0,3975.0,18091,0.0,0.0
2022-04-28 00:00:00+09:00,3980.0,3980.0,3920.0,3950.0,5294,0.0,0.0
2022-04-29 00:00:00+09:00,3950.0,3980.0,3920.0,3980.0,13768,0.0,0.0
2022-05-02 00:00:00+09:00,3975.0,3980.0,3915.0,3940.0,12580,0.0,0.0
2022-05-03 00:00:00+09:00,3945.0,3965.0,3915.0,3965.0,16722,0.0,0.0
2022-05-04 00:00:00+09:00,3965.0,3970.0,3920.0,3920.0,16597,0.0,0.0
2022-05-06 00:00:00+09:00,3880.0,3940.0,3880.0,3925.0,7658,0.0,0.0
2022-05-10 00:00:00+09:00,3695.0,3830.0,3695.0,3790.0,3748,0.0,0.0
2022-05-11 00:00:00+09:00,3770.0,3790.0,3625.0,3665.0,23574,0.0,0.0
2022-05-12 00:00:00+09:00,3655.0,3665.0,3440.0,3445.0,37376,0.0,0.0
2022-05-13 00:00:00+09:00,3420.0,3620.0,3420.0,3585.0,25359,0.0,0.0
2022-05-16 00:00:00+09:00,3665.0,3665.0,3560.0,3590.0,9309,0.0,0.0
2022-05-17 00:00:00+09:00,3605.0,3610.0,3560.0,3605.0,8174,0.0,0.0
2022-05-18 00:00:00+09:00,3610.0,3750.0,3610.0,3675.0,17065,0.0,0.0
2022-05-19 00:00:00+09:00,3675.0,3750.0,3450.0,3640.0,19812,0.0,0.0
2022-05-20 00:00:00+09:00,3605.0,3695.0,3555.0,3555.0,20523,0.0,0.0
2022-05-23 00:00:00+09:00,3560.0,3630.0,3550.0,3560.0,10480,0.0,0.0
2022-05-24 00:00:00+09:00,3590.0,3610.0,3500.0,3610.0,15607,0.0,0.0
2022-05-25 00:00:00+09:00,3565.0,3610.0,3565.0,3610.0,2663,0.0,0.0
2022-05-26 00:00:00+09:00,3610.0,3650.0,3570.0,3615.0,5357,0.0,0.0
2022-05-27 00:00:00+09:00,3615.0,3635.0,3595.0,3635.0,4016,0.0,0.0
2022-05-30 00:00:00+09:00,3635.0,3730.0,3630.0,3690.0,15179,0.0,0.0
2022-05-31 00:00:00+09:00,3690.0,3715.0,3660.0,3695.0,22020,0.0,0.0
2022-06-02 00:00:00+09:00,3715.0,3715.0,3660.0,3710.0,6855,0.0,0.0
2022-06-03 00:00:00+09:00,3710.0,3720.0,3670.0,3720.0,3871,0.0,0.0
2022-06-07 00:00:00+09:00,3725.0,3725.0,3610.0,3695.0,10406,0.0,0.0
2022-06-08 00:00:00+09:00,3645.0,3695.0,3615.0,3685.0,28714,0.0,0.0
2022-06-09 00:00:00+09:00,3640.0,3705.0,3630.0,3690.0,14735,0.0,0.0
2022-06-10 00:00:00+09:00,3690.0,3765.0,3650.0,3740.0,14402,0.0,0.0
2022-06-13 00:00:00+09:00,3680.0,3700.0,3590.0,3645.0,34264,0.0,0.0
2022-06-14 00:00:00+09:00,3640.0,3645.0,3515.0,3640.0,12104,0.0,0.0
2022-06-15 00:00:00+09:00,3590.0,3605.0,3525.0,3595.0,16459,0.0,0.0
2022-06-16 00:00:00+09:00,3590.0,3595.0,3570.0,3585.0,5947,0.0,0.0
2022-06-17 00:00:00+09:00,3520.0,3660.0,3450.0,3600.0,34077,0.0,0.0
2022-06-20 00:00:00+09:00,3605.0,4200.0,3390.0,3690.0,442140,0.0,0.0
2022-06-21 00:00:00+09:00,3735.0,3775.0,3655.0,3675.0,94382,0.0,0.0
2022-06-22 00:00:00+09:00,3690.0,3765.0,3600.0,3600.0,64545,0.0,0.0
2022-06-23 00:00:00+09:00,3550.0,3685.0,3520.0,3630.0,48184,0.0,0.0
2022-06-24 00:00:00+09:00,3520.0,3740.0,3520.0,3650.0,49657,0.0,0.0
2022-06-27 00:00:00+09:00,3655.0,3910.0,3655.0,3900.0,84599,0.0,0.0
2022-06-28 00:00:00+09:00,3900.0,4180.0,3790.0,3900.0,168672,0.0,0.0
2022-06-29 00:00:00+09:00,3885.0,4075.0,3810.0,4050.0,120692,0.0,0.0
2022-06-30 00:00:00+09:00,4045.0,4575.0,3700.0,3755.0,2068943,0.0,0.0
2022-07-01 00:00:00+09:00,3760.0,3915.0,3720.0,3810.0,100603,0.0,0.0
2022-07-04 00:00:00+09:00,3925.0,4240.0,3850.0,4135.0,740403,0.0,0.0
2022-07-05 00:00:00+09:00,4015.0,4170.0,3965.0,4145.0,255039,0.0,0.0
2022-07-06 00:00:00+09:00,4130.0,4430.0,4060.0,4070.0,339782,0.0,0.0
2022-07-07 00:00:00+09:00,4070.0,4205.0,4000.0,4050.0,113547,0.0,0.0
2022-07-08 00:00:00+09:00,4085.0,4330.0,4075.0,4255.0,210154,0.0,0.0
2022-07-11 00:00:00+09:00,4325.0,4440.0,4220.0,4415.0,184389,0.0,0.0
2022-07-12 00:00:00+09:00,4415.0,4500.0,4255.0,4400.0,157618,0.0,0.0
2022-07-13 00:00:00+09:00,4420.0,4525.0,4330.0,4470.0,110968,0.0,0.0
2022-07-14 00:00:00+09:00,4460.0,4535.0,4365.0,4470.0,110461,0.0,0.0
2022-07-15 00:00:00+09:00,4485.0,4630.0,4440.0,4625.0,158775,0.0,0.0
2022-07-18 00:00:00+09:00,4615.0,4945.0,4590.0,4915.0,296126,0.0,0.0
2022-07-19 00:00:00+09:00,4965.0,5060.0,4830.0,5020.0,252721,0.0,0.0
2022-07-20 00:00:00+09:00,5090.0,5150.0,4805.0,5030.0,393203,0.0,0.0
2022-07-21 00:00:00+09:00,5030.0,5330.0,4940.0,5330.0,519906,0.0,0.0
2022-07-22 00:00:00+09:00,5860.0,6330.0,5450.0,5790.0,3641543,0.0,0.0
2022-07-25 00:00:00+09:00,5740.0,5750.0,4650.0,4785.0,1239491,0.0,0.0
2022-07-26 00:00:00+09:00,4850.0,5690.0,4850.0,5150.0,2612132,0.0,0.0
2022-07-27 00:00:00+09:00,5090.0,5170.0,4550.0,4670.0,952735,0.0,0.0
2022-07-28 00:00:00+09:00,4490.0,4490.0,4080.0,4140.0,1215797,0.0,0.0
2022-07-29 00:00:00+09:00,4105.0,4155.0,3985.0,4150.0,448769,0.0,0.0
2022-08-01 00:00:00+09:00,4100.0,4145.0,4055.0,4110.0,168155,0.0,0.0
2022-08-02 00:00:00+09:00,4130.0,4135.0,3990.0,4010.0,288789,0.0,0.0
2022-08-03 00:00:00+09:00,4010.0,4125.0,4010.0,4050.0,101782,0.0,0.0
2022-08-04 00:00:00+09:00,4100.0,4130.0,4050.0,4065.0,92101,0.0,0.0
2022-08-05 00:00:00+09:00,4100.0,4145.0,4045.0,4110.0,112129,0.0,0.0
2022-08-08 00:00:00+09:00,4100.0,4205.0,4065.0,4135.0,102258,0.0,0.0
2022-08-09 00:00:00+09:00,4130.0,4200.0,4100.0,4190.0,96967,0.0,0.0
2022-08-10 00:00:00+09:00,4185.0,4255.0,4085.0,4160.0,129028,0.0,0.0
2022-08-11 00:00:00+09:00,4145.0,4200.0,4140.0,4170.0,52198,0.0,0.0
2022-08-12 00:00:00+09:00,4150.0,4200.0,4140.0,4160.0,57491,0.0,0.0
2022-08-16 00:00:00+09:00,4140.0,4240.0,4120.0,4205.0,84880,0.0,0.0
2022-08-17 00:00:00+09:00,4210.0,4630.0,4180.0,4500.0,645661,0.0,0.0
2022-08-18 00:00:00+09:00,4475.0,4640.0,4360.0,4570.0,144678,0.0,0.0
2022-08-19 00:00:00+09:00,4630.0,4735.0,4560.0,4735.0,149826,0.0,0.0
2022-08-22 00:00:00+09:00,4745.0,4830.0,4600.0,4740.0,77969,0.0,0.0
2022-08-23 00:00:00+09:00,4690.0,4825.0,4660.0,4760.0,91612,0.0,0.0
2022-08-24 00:00:00+09:00,4790.0,4790.0,4655.0,4740.0,85660,0.0,0.0
2022-08-25 00:00:00+09:00,4700.0,4800.0,4700.0,4740.0,43460,0.0,0.0
2022-08-26 00:00:00+09:00,4730.0,4775.0,4700.0,4700.0,62915,0.0,0.0
2022-08-29 00:00:00+09:00,4560.0,4665.0,4250.0,4580.0,63300,0.0,0.0
2022-08-30 00:00:00+09:00,4505.0,4695.0,4505.0,4580.0,47251,0.0,0.0
2022-08-31 00:00:00+09:00,4590.0,4640.0,4455.0,4455.0,39253,0.0,0.0
2022-09-01 00:00:00+09:00,4540.0,4540.0,4285.0,4285.0,105125,0.0,0.0
2022-09-02 00:00:00+09:00,4310.0,4500.0,4285.0,4435.0,79344,0.0,0.0
2022-09-05 00:00:00+09:00,4425.0,4425.0,4290.0,4300.0,25032,0.0,0.0
2022-09-06 00:00:00+09:00,4280.0,4345.0,4260.0,4280.0,40373,0.0,0.0
2022-09-07 00:00:00+09:00,4280.0,4695.0,4280.0,4630.0,117177,0.0,0.0
2022-09-08 00:00:00+09:00,4635.0,4870.0,4560.0,4580.0,134009,0.0,0.0
2022-09-13 00:00:00+09:00,4670.0,4835.0,4620.0,4780.0,67651,0.0,0.0
2022-09-14 00:00:00+09:00,4680.0,4825.0,4585.0,4795.0,61055,0.0,0.0
2022-09-15 00:00:00+09:00,4890.0,4950.0,4595.0,4630.0,61786,0.0,0.0
2022-09-16 00:00:00+09:00,4630.0,4660.0,4525.0,4605.0,42108,0.0,0.0
2022-09-19 00:00:00+09:00,4570.0,4580.0,4405.0,4405.0,48637,0.0,0.0
2022-09-20 00:00:00+09:00,4410.0,4600.0,4410.0,4600.0,21617,0.0,0.0
2022-09-21 00:00:00+09:00,4595.0,4605.0,4460.0,4560.0,30014,0.0,0.0
2022-09-22 00:00:00+09:00,4560.0,4635.0,4190.0,4320.0,60453,0.0,0.0
2022-09-23 00:00:00+09:00,4380.0,4380.0,4060.0,4100.0,28225,0.0,0.0
2022-09-26 00:00:00+09:00,4080.0,4080.0,3620.0,3620.0,86667,0.0,0.0
2022-09-27 00:00:00+09:00,3465.0,4495.0,3400.0,3560.0,713320,0.0,0.0
2022-09-28 00:00:00+09:00,3500.0,4240.0,3500.0,3730.0,403202,0.0,0.0
2022-09-29 00:00:00+09:00,3900.0,4200.0,3615.0,3625.0,170241,0.0,0.0
2022-09-30 00:00:00+09:00,3565.0,3665.0,3485.0,3665.0,61775,0.0,0.0
2022-10-04 00:00:00+09:00,3630.0,3760.0,3610.0,3710.0,36353,0.0,0.0
2022-10-05 00:00:00+09:00,3775.0,3800.0,3485.0,3580.0,48503,0.0,0.0
2022-10-06 00:00:00+09:00,3580.0,3710.0,3525.0,3670.0,26797,0.0,0.0
2022-10-07 00:00:00+09:00,3650.0,3740.0,3615.0,3675.0,21301,0.0,0.0
2022-10-11 00:00:00+09:00,3650.0,3650.0,3380.0,3435.0,92262,0.0,0.0
2022-10-12 00:00:00+09:00,3450.0,3450.0,3250.0,3420.0,62374,0.0,0.0
2022-10-13 00:00:00+09:00,3310.0,3335.0,3180.0,3190.0,57221,0.0,0.0
2022-10-14 00:00:00+09:00,3225.0,3395.0,3210.0,3350.0,17600,0.0,0.0
2022-10-17 00:00:00+09:00,3315.0,3480.0,3315.0,3470.0,20294,0.0,0.0
2022-10-18 00:00:00+09:00,3475.0,3565.0,3475.0,3550.0,14838,0.0,0.0
2022-10-19 00:00:00+09:00,3555.0,3650.0,3520.0,3570.0,18182,0.0,0.0
2022-10-20 00:00:00+09:00,3570.0,3670.0,3500.0,3550.0,10397,0.0,0.0
2022-10-21 00:00:00+09:00,3555.0,3625.0,3475.0,3540.0,6960,0.0,0.0
2022-10-24 00:00:00+09:00,3660.0,3660.0,3500.0,3555.0,7077,0.0,0.0
2022-10-25 00:00:00+09:00,3560.0,3895.0,3560.0,3645.0,93159,0.0,0.0
2022-10-26 00:00:00+09:00,3600.0,3785.0,3460.0,3565.0,45696,0.0,0.0
2022-10-27 00:00:00+09:00,3545.0,3565.0,3480.0,3500.0,22016,0.0,0.0
2022-10-28 00:00:00+09:00,3485.0,3485.0,3275.0,3300.0,66231,0.0,0.0
2022-10-31 00:00:00+09:00,3305.0,3340.0,3255.0,3270.0,16153,0.0,0.0
2022-11-01 00:00:00+09:00,3275.0,3310.0,3260.0,3285.0,20076,0.0,0.0
2022-11-02 00:00:00+09:00,3255.0,3285.0,3200.0,3275.0,13097,0.0,0.0
2022-11-03 00:00:00+09:00,3230.0,3260.0,3160.0,3260.0,21555,0.0,0.0
2022-11-04 00:00:00+09:00,3125.0,3230.0,3105.0,3180.0,48517,0.0,0.0
2022-11-07 00:00:00+09:00,3185.0,3225.0,3160.0,3225.0,5760,0.0,0.0
2022-11-08 00:00:00+09:00,3230.0,3370.0,3215.0,3325.0,10376,0.0,0.0
2022-11-09 00:00:00+09:00,3325.0,3405.0,3280.0,3285.0,27040,0.0,0.0
2022-11-10 00:00:00+09:00,3285.0,3360.0,3260.0,3330.0,13391,0.0,0.0
2022-11-11 00:00:00+09:00,3360.0,3430.0,3255.0,3255.0,47950,0.0,0.0
2022-11-14 00:00:00+09:00,3255.0,3300.0,3255.0,3265.0,11729,0.0,0.0
2022-11-15 00:00:00+09:00,3280.0,3345.0,3265.0,3345.0,23141,0.0,0.0
2022-11-16 00:00:00+09:00,3450.0,3560.0,3355.0,3485.0,45986,0.0,0.0
2022-11-17 00:00:00+09:00,3490.0,3530.0,3395.0,3450.0,20888,0.0,0.0
2022-11-18 00:00:00+09:00,3470.0,3470.0,3295.0,3295.0,37684,0.0,0.0
2022-11-21 00:00:00+09:00,3295.0,3305.0,3095.0,3105.0,175996,0.0,0.0
2022-11-22 00:00:00+09:00,3120.0,3130.0,3020.0,3020.0,61660,0.0,0.0
2022-11-23 00:00:00+09:00,3050.0,3125.0,3015.0,3125.0,25170,0.0,0.0
2022-11-24 00:00:00+09:00,3125.0,3220.0,3125.0,3165.0,12265,0.0,0.0
2022-11-25 00:00:00+09:00,3200.0,3200.0,3085.0,3180.0,26001,0.0,0.0
2022-11-28 00:00:00+09:00,3180.0,3180.0,3100.0,3105.0,14275,0.0,0.0
2022-11-29 00:00:00+09:00,3030.0,3130.0,3030.0,3130.0,21119,0.0,0.0
2022-11-30 00:00:00+09:00,3100.0,3245.0,3095.0,3245.0,33101,0.0,0.0
2022-12-01 00:00:00+09:00,3285.0,3320.0,3160.0,3290.0,46436,0.0,0.0
2022-12-02 00:00:00+09:00,3290.0,3745.0,3230.0,3500.0,239386,0.0,0.0
2022-12-05 00:00:00+09:00,3495.0,3510.0,3315.0,3365.0,46013,0.0,0.0
2022-12-06 00:00:00+09:00,3330.0,3380.0,3255.0,3280.0,23261,0.0,0.0
2022-12-07 00:00:00+09:00,3200.0,3335.0,3195.0,3315.0,17171,0.0,0.0
2022-12-08 00:00:00+09:00,3310.0,3310.0,3170.0,3205.0,24239,0.0,0.0
2022-12-09 00:00:00+09:00,3205.0,3295.0,3150.0,3205.0,26434,0.0,0.0
2022-12-12 00:00:00+09:00,3230.0,3230.0,3110.0,3150.0,26807,0.0,0.0
2022-12-13 00:00:00+09:00,3120.0,3135.0,3085.0,3110.0,28765,0.0,0.0
2022-12-14 00:00:00+09:00,3100.0,3225.0,3095.0,3175.0,31950,0.0,0.0
2022-12-15 00:00:00+09:00,3165.0,3265.0,3150.0,3265.0,16870,0.0,0.0
2022-12-16 00:00:00+09:00,3230.0,3230.0,3130.0,3150.0,43847,0.0,0.0
2022-12-19 00:00:00+09:00,3110.0,3140.0,3075.0,3115.0,30711,0.0,0.0
2022-12-20 00:00:00+09:00,3085.0,3110.0,3040.0,3110.0,30475,0.0,0.0
2022-12-21 00:00:00+09:00,3065.0,3200.0,3035.0,3200.0,46432,0.0,0.0
2022-12-22 00:00:00+09:00,3195.0,3195.0,3100.0,3170.0,49822,0.0,0.0
2022-12-23 00:00:00+09:00,3140.0,3160.0,3070.0,3150.0,33865,0.0,0.0
2022-12-26 00:00:00+09:00,3095.0,3105.0,2970.0,3025.0,89918,0.0,0.0
2022-12-27 00:00:00+09:00,3005.0,3155.0,3005.0,3155.0,32935,0.0,0.0
2022-12-28 00:00:00+09:00,3165.0,3185.0,3030.0,3030.0,42598,0.0,0.0
2022-12-29 00:00:00+09:00,3030.0,3060.0,2950.0,3020.0,26590,0.0,0.0
2023-01-02 00:00:00+09:00,3005.0,3010.0,2920.0,2930.0,28731,0.0,0.0
2023-01-03 00:00:00+09:00,2875.0,2975.0,2835.0,2975.0,40505,0.0,0.0
2023-01-04 00:00:00+09:00,2970.0,3050.0,2915.0,3040.0,13369,0.0,0.0
2023-01-05 00:00:00+09:00,3070.0,3070.0,2935.0,2970.0,29181,0.0,0.0
2023-01-06 00:00:00+09:00,2965.0,3030.0,2910.0,2940.0,44645,0.0,0.0
2023-01-09 00:00:00+09:00,2960.0,2975.0,2925.0,2960.0,17790,0.0,0.0
2023-01-10 00:00:00+09:00,2985.0,3030.0,2955.0,2970.0,25973,0.0,0.0
2023-01-11 00:00:00+09:00,3000.0,3015.0,2910.0,2965.0,78286,0.0,0.0
2023-01-12 00:00:00+09:00,2965.0,2995.0,2940.0,2990.0,23539,0.0,0.0
2023-01-13 00:00:00+09:00,2990.0,3055.0,2990.0,3015.0,17107,0.0,0.0
2023-01-16 00:00:00+09:00,3010.0,3915.0,3000.0,3430.0,7136015,0.0,0.0
2023-01-17 00:00:00+09:00,3580.0,4410.0,3400.0,4045.0,14602438,0.0,0.0
2023-01-18 00:00:00+09:00,4060.0,4420.0,3805.0,3925.0,5522857,0.0,0.0
2023-01-19 00:00:00+09:00,3870.0,3935.0,3725.0,3890.0,733969,0.0,0.0
2023-01-20 00:00:00+09:00,3810.0,4050.0,3760.0,3855.0,1225812,0.0,0.0
2023-01-25 00:00:00+09:00,3900.0,4075.0,3830.0,3900.0,30747,0.0,0.0
2023-01-26 00:00:00+09:00,3900.0,4040.0,3695.0,3825.0,9203,0.0,0.0
2023-01-27 00:00:00+09:00,3970.0,4285.0,3845.0,4025.0,28124,0.0,0.0
2023-01-30 00:00:00+09:00,4100.0,4415.0,3970.0,4190.0,19338,0.0,0.0
2023-01-31 00:00:00+09:00,4080.0,4140.0,3900.0,4190.0,8356,0.0,0.0
2023-02-01 00:00:00+09:00,4130.0,4160.0,3990.0,4000.0,6805,0.0,0.0
2023-02-02 00:00:00+09:00,4005.0,4060.0,3965.0,4030.0,6119,0.0,0.0
2023-02-03 00:00:00+09:00,4030.0,4660.0,3900.0,4300.0,43516,0.0,0.0
2023-02-06 00:00:00+09:00,4245.0,4250.0,4090.0,4160.0,6017,0.0,0.0
2023-02-07 00:00:00+09:00,4160.0,4640.0,4125.0,4320.0,42926,0.0,0.0
2023-02-08 00:00:00+09:00,4355.0,5170.0,4290.0,4400.0,475178,0.0,0.0
2023-02-09 00:00:00+09:00,5140.0,6310.0,5110.0,4860.0,144345,0.0,0.0
2023-02-10 00:00:00+09:00,5370.0,5580.0,5100.0,5330.0,72144,0.0,0.0
2023-02-13 00:00:00+09:00,5050.0,5510.0,4895.0,5080.0,58054,0.0,0.0
2023-02-14 00:00:00+09:00,5070.0,5330.0,4765.0,4840.0,14963,0.0,0.0
2023-02-15 00:00:00+09:00,4870.0,4920.0,4530.0,4640.0,12531,0.0,0.0
2023-02-16 00:00:00+09:00,4605.0,4645.0,4460.0,4565.0,12310,0.0,0.0
2023-02-17 00:00:00+09:00,4465.0,4630.0,4390.0,4505.0,6838,0.0,0.0
2023-02-20 00:00:00+09:00,4470.0,4915.0,4405.0,4590.0,17781,0.0,0.0
2023-02-21 00:00:00+09:00,4540.0,4560.0,4445.0,4460.0,4818,0.0,0.0
2023-02-22 00:00:00+09:00,4325.0,4405.0,4110.0,4175.0,5555,0.0,0.0
2023-02-23 00:00:00+09:00,4285.0,4530.0,4210.0,4330.0,7692,0.0,0.0
2023-02-24 00:00:00+09:00,4285.0,4630.0,4285.0,4450.0,8988,0.0,0.0
2023-02-27 00:00:00+09:00,4490.0,4510.0,4165.0,4230.0,439812,0.0,0.0
2023-02-28 00:00:00+09:00,4360.0,4855.0,4310.0,4720.0,3656958,0.0,0.0
2023-03-02 00:00:00+09:00,4900.0,5090.0,4650.0,4650.0,2253480,0.0,0.0
2023-03-03 00:00:00+09:00,4680.0,4795.0,4405.0,4425.0,564794,0.0,0.0
2023-03-06 00:00:00+09:00,4450.0,4455.0,4275.0,4345.0,270467,0.0,0.0
2023-03-07 00:00:00+09:00,4345.0,4345.0,4150.0,4205.0,294664,0.0,0.0
2023-03-08 00:00:00+09:00,4160.0,4160.0,4025.0,4110.0,239583,0.0,0.0
2023-03-09 00:00:00+09:00,4090.0,4135.0,3970.0,4030.0,181934,0.0,0.0
2023-03-10 00:00:00+09:00,3940.0,4385.0,3890.0,4265.0,895898,0.0,0.0
2023-03-13 00:00:00+09:00,4160.0,4315.0,4020.0,4235.0,499623,0.0,0.0
2023-03-14 00:00:00+09:00,4210.0,4510.0,4070.0,4205.0,1291675,0.0,0.0
2023-03-15 00:00:00+09:00,4265.0,4580.0,4215.0,4580.0,747575,0.0,0.0
2023-03-16 00:00:00+09:00,4400.0,4495.0,4145.0,4255.0,572602,0.0,0.0
2023-03-17 00:00:00+09:00,4300.0,4680.0,4300.0,4385.0,1310545,0.0,0.0
2023-03-20 00:00:00+09:00,4385.0,4385.0,4140.0,4150.0,296232,0.0,0.0
2023-03-21 00:00:00+09:00,4150.0,4225.0,4055.0,4060.0,328909,0.0,0.0
2023-03-22 00:00:00+09:00,4145.0,4180.0,4055.0,4055.0,157291,0.0,0.0
2023-03-23 00:00:00+09:00,4040.0,4150.0,3975.0,4075.0,213184,0.0,0.0
2023-03-24 00:00:00+09:00,4065.0,4140.0,3995.0,4100.0,177490,0.0,0.0
2023-03-27 00:00:00+09:00,4115.0,4115.0,3910.0,3955.0,192377,0.0,0.0
2023-03-28 00:00:00+09:00,3910.0,4020.0,3875.0,4020.0,124950,0.0,0.0
2023-03-29 00:00:00+09:00,4000.0,4000.0,3865.0,3865.0,130140,0.0,0.0
2023-03-30 00:00:00+09:00,3930.0,3930.0,3755.0,3805.0,169241,0.0,0.0
2023-03-31 00:00:00+09:00,3815.0,3840.0,3690.0,3720.0,143586,0.0,0.0
2023-04-03 00:00:00+09:00,3720.0,4080.0,3710.0,3995.0,328306,0.0,0.0
2023-04-04 00:00:00+09:00,3990.0,4015.0,3900.0,3930.0,93858,0.0,0.0
2023-04-05 00:00:00+09:00,3930.0,4200.0,3900.0,4140.0,366993,0.0,0.0
2023-04-06 00:00:00+09:00,3965.0,4050.0,3875.0,3905.0,231410,0.0,0.0
2023-04-07 00:00:00+09:00,3905.0,3940.0,3805.0,3810.0,116148,0.0,0.0
2023-04-10 00:00:00+09:00,3830.0,3880.0,3655.0,3670.0,189699,0.0,0.0
2023-04-11 00:00:00+09:00,3610.0,3780.0,3580.0,3730.0,107736,0.0,0.0
2023-04-12 00:00:00+09:00,3700.0,3730.0,3635.0,3700.0,90411,0.0,0.0
2023-04-13 00:00:00+09:00,3650.0,3785.0,3525.0,3750.0,162322,0.0,0.0
2023-04-14 00:00:00+09:00,3735.0,3835.0,3575.0,3750.0,81099,0.0,0.0
2023-04-17 00:00:00+09:00,3800.0,3905.0,3750.0,3820.0,100809,0.0,0.0
2023-04-18 00:00:00+09:00,3840.0,3950.0,3675.0,3680.0,172979,0.0,0.0
2023-04-19 00:00:00+09:00,3695.0,4060.0,3665.0,3845.0,663304,0.0,0.0
2023-04-20 00:00:00+09:00,3845.0,3935.0,3730.0,3780.0,163231,0.0,0.0
2023-04-21 00:00:00+09:00,3715.0,3850.0,3585.0,3630.0,198278,0.0,0.0
2023-04-24 00:00:00+09:00,3580.0,3620.0,3390.0,3390.0,195752,0.0,0.0
2023-04-25 00:00:00+09:00,3360.0,3435.0,3265.0,3365.0,153011,0.0,0.0
2023-04-26 00:00:00+09:00,3360.0,3460.0,3305.0,3320.0,98809,0.0,0.0
2023-04-27 00:00:00+09:00,3320.0,3490.0,3260.0,3355.0,267839,0.0,0.0
2023-04-28 00:00:00+09:00,3375.0,3570.0,3350.0,3380.0,144792,0.0,0.0
2023-05-02 00:00:00+09:00,3380.0,3460.0,3315.0,3455.0,64492,0.0,0.0
2023-05-03 00:00:00+09:00,3350.0,3440.0,3340.0,3340.0,74419,0.0,0.0
2023-05-04 00:00:00+09:00,3310.0,3345.0,3255.0,3260.0,80759,0.0,0.0
2023-05-08 00:00:00+09:00,3245.0,3345.0,3245.0,3295.0,52791,0.0,0.0
2023-05-09 00:00:00+09:00,3285.0,3315.0,3220.0,3230.0,94277,0.0,0.0
2023-05-10 00:00:00+09:00,3230.0,3315.0,3195.0,3220.0,36977,0.0,0.0
2023-05-11 00:00:00+09:00,3240.0,3310.0,3240.0,3240.0,46234,0.0,0.0
2023-05-12 00:00:00+09:00,3240.0,3250.0,3145.0,3170.0,88290,0.0,0.0
2023-05-15 00:00:00+09:00,3200.0,3200.0,3065.0,3085.0,128247,0.0,0.0
2023-05-16 00:00:00+09:00,3045.0,3135.0,3010.0,3120.0,108165,0.0,0.0
2023-05-17 00:00:00+09:00,3080.0,3195.0,3080.0,3180.0,84470,0.0,0.0
2023-05-18 00:00:00+09:00,3180.0,3265.0,3165.0,3225.0,50992,0.0,0.0
2023-05-19 00:00:00+09:00,3230.0,3330.0,3225.0,3275.0,87769,0.0,0.0
2023-05-22 00:00:00+09:00,3275.0,3310.0,3250.0,3300.0,32205,0.0,0.0
2023-05-23 00:00:00+09:00,3270.0,3310.0,3255.0,3295.0,35058,0.0,0.0
2023-05-24 00:00:00+09:00,3265.0,3445.0,3240.0,3240.0,191403,0.0,0.0
2023-05-25 00:00:00+09:00,3270.0,3355.0,3260.0,3350.0,68133,0.0,0.0
2023-05-26 00:00:00+09:00,3370.0,3370.0,3240.0,3350.0,64612,0.0,0.0
2023-05-30 00:00:00+09:00,3350.0,4155.0,3265.0,3460.0,1986227,0.0,0.0
2023-05-31 00:00:00+09:00,3405.0,4095.0,3370.0,3800.0,6690314,0.0,0.0
2023-06-01 00:00:00+09:00,3760.0,3770.0,3580.0,3660.0,550968,0.0,0.0
2023-06-02 00:00:00+09:00,3670.0,3675.0,3525.0,3610.0,285063,0.0,0.0
2023-06-05 00:00:00+09:00,3605.0,4060.0,3520.0,3840.0,2579376,0.0,0.0
2023-06-07 00:00:00+09:00,3940.0,4190.0,3730.0,3860.0,2261204,0.0,0.0
2023-06-08 00:00:00+09:00,3840.0,4115.0,3745.0,3895.0,1244348,0.0,0.0
2023-06-09 00:00:00+09:00,3880.0,3930.0,3800.0,3850.0,307577,0.0,0.0
2023-06-12 00:00:00+09:00,3785.0,3835.0,3670.0,3720.0,242539,0.0,0.0
2023-06-13 00:00:00+09:00,3720.0,3755.0,3685.0,3745.0,140743,0.0,0.0
2023-06-14 00:00:00+09:00,3750.0,3750.0,3570.0,3595.0,183854,0.0,0.0
2023-06-15 00:00:00+09:00,3695.0,4250.0,3690.0,4200.0,7713681,0.0,0.0
2023-06-16 00:00:00+09:00,4100.0,4240.0,4050.0,4115.0,1226395,0.0,0.0
2023-06-19 00:00:00+09:00,4060.0,4075.0,3920.0,4070.0,470372,0.0,0.0
2023-06-20 00:00:00+09:00,4070.0,4105.0,3930.0,3990.0,426254,0.0,0.0
2023-06-21 00:00:00+09:00,4000.0,4050.0,3855.0,4030.0,476012,0.0,0.0
2023-06-22 00:00:00+09:00,3940.0,3995.0,3850.0,3950.0,244515,0.0,0.0
2023-06-23 00:00:00+09:00,3970.0,3970.0,3845.0,3945.0,219238,0.0,0.0
2023-06-26 00:00:00+09:00,3980.0,3980.0,3875.0,3905.0,176473,0.0,0.0
2023-06-27 00:00:00+09:00,3885.0,4265.0,3860.0,3915.0,2014496,0.0,0.0
2023-06-28 00:00:00+09:00,3925.0,3940.0,3835.0,3850.0,249220,0.0,0.0
2023-06-29 00:00:00+09:00,3830.0,3850.0,3645.0,3715.0,264455,0.0,0.0
2023-06-30 00:00:00+09:00,3695.0,3745.0,3520.0,3645.0,246283,0.0,0.0
2023-07-03 00:00:00+09:00,3645.0,3695.0,3555.0,3620.0,179948,0.0,0.0
2023-07-04 00:00:00+09:00,3625.0,3690.0,3550.0,3660.0,150507,0.0,0.0
2023-07-05 00:00:00+09:00,3710.0,3920.0,3680.0,3820.0,778857,0.0,0.0
2023-07-06 00:00:00+09:00,3850.0,3860.0,3735.0,3815.0,211751,0.0,0.0
2023-07-07 00:00:00+09:00,3820.0,4030.0,3750.0,3765.0,502781,0.0,0.0
2023-07-10 00:00:00+09:00,3735.0,3775.0,3640.0,3655.0,238752,0.0,0.0
2023-07-11 00:00:00+09:00,3655.0,3725.0,3585.0,3650.0,131397,0.0,0.0
2023-07-12 00:00:00+09:00,3660.0,3690.0,3575.0,3690.0,133309,0.0,0.0
2023-07-13 00:00:00+09:00,3715.0,3725.0,3570.0,3685.0,110748,0.0,0.0
2023-07-14 00:00:00+09:00,3690.0,3695.0,3580.0,3625.0,123987,0.0,0.0
2023-07-17 00:00:00+09:00,3630.0,3730.0,3555.0,3700.0,99545,0.0,0.0
2023-07-18 00:00:00+09:00,3700.0,3725.0,3635.0,3660.0,93377,0.0,0.0
2023-07-19 00:00:00+09:00,3895.0,4130.0,3580.0,3580.0,2978301,0.0,0.0
2023-07-20 00:00:00+09:00,3570.0,3575.0,3405.0,3455.0,261641,0.0,0.0
2023-07-21 00:00:00+09:00,3400.0,3475.0,3360.0,3385.0,165117,0.0,0.0
2023-07-24 00:00:00+09:00,3385.0,3400.0,3210.0,3300.0,190957,0.0,0.0
2023-07-25 00:00:00+09:00,3300.0,3325.0,3170.0,3170.0,181369,0.0,0.0
2023-07-26 00:00:00+09:00,3135.0,3175.0,3035.0,3100.0,244310,0.0,0.0
2023-07-27 00:00:00+09:00,3025.0,3255.0,3025.0,3175.0,89933,0.0,0.0
2023-07-28 00:00:00+09:00,3175.0,3335.0,3175.0,3330.0,77861,0.0,0.0
2023-07-31 00:00:00+09:00,3380.0,3380.0,3320.0,3370.0,70243,0.0,0.0
2023-08-01 00:00:00+09:00,3375.0,3515.0,3375.0,3470.0,141569,0.0,0.0
2023-08-02 00:00:00+09:00,3470.0,3480.0,3350.0,3480.0,105769,0.0,0.0
2023-08-03 00:00:00+09:00,3460.0,3470.0,3300.0,3390.0,131690,0.0,0.0
2023-08-04 00:00:00+09:00,3360.0,3365.0,3260.0,3320.0,130562,0.0,0.0
2023-08-07 00:00:00+09:00,3315.0,3380.0,3225.0,3345.0,63487,0.0,0.0
2023-08-08 00:00:00+09:00,3345.0,3405.0,3205.0,3250.0,113775,0.0,0.0
2023-08-09 00:00:00+09:00,3230.0,3315.0,3200.0,3265.0,106438,0.0,0.0
2023-08-10 00:00:00+09:00,3235.0,3305.0,3225.0,3270.0,65951,0.0,0.0
2023-08-11 00:00:00+09:00,3240.0,3335.0,3240.0,3260.0,51931,0.0,0.0
2023-08-14 00:00:00+09:00,3260.0,3310.0,3180.0,3295.0,117796,0.0,0.0
2023-08-16 00:00:00+09:00,3340.0,3340.0,3105.0,3105.0,156462,0.0,0.0
2023-08-17 00:00:00+09:00,3070.0,3125.0,3005.0,3115.0,75524,0.0,0.0
2023-08-18 00:00:00+09:00,3060.0,3105.0,3035.0,3105.0,55946,0.0,0.0
2023-08-21 00:00:00+09:00,3060.0,3180.0,3060.0,3120.0,64023,0.0,0.0
2023-08-22 00:00:00+09:00,3050.0,3150.0,3050.0,3145.0,79405,0.0,0.0
2023-08-23 00:00:00+09:00,3145.0,3190.0,3105.0,3160.0,41055,0.0,0.0
2023-08-24 00:00:00+09:00,3160.0,3260.0,3150.0,3225.0,101068,0.0,0.0
2023-08-25 00:00:00+09:00,3200.0,3200.0,3135.0,3160.0,52620,0.0,0.0
2023-08-28 00:00:00+09:00,3160.0,3220.0,3125.0,3220.0,33712,0.0,0.0
2023-08-29 00:00:00+09:00,3240.0,3265.0,3195.0,3265.0,48810,0.0,0.0
2023-08-30 00:00:00+09:00,3270.0,3270.0,3220.0,3270.0,47153,0.0,0.0
2023-08-31 00:00:00+09:00,3270.0,3365.0,3215.0,3340.0,85385,0.0,0.0
2023-09-01 00:00:00+09:00,3310.0,3325.0,3210.0,3225.0,69621,0.0,0.0
2023-09-04 00:00:00+09:00,3195.0,3200.0,3160.0,3160.0,36033,0.0,0.0
2023-09-05 00:00:00+09:00,3170.0,3200.0,3115.0,3135.0,26448,0.0,0.0
2023-09-06 00:00:00+09:00,3105.0,3225.0,3105.0,3190.0,50778,0.0,0.0
2023-09-07 00:00:00+09:00,3155.0,3160.0,3110.0,3110.0,38355,0.0,0.0
2023-09-08 00:00:00+09:00,3090.0,3145.0,3055.0,3145.0,39750,0.0,0.0
2023-09-11 00:00:00+09:00,3145.0,3225.0,3115.0,3195.0,78766,0.0,0.0
2023-09-12 00:00:00+09:00,3145.0,3175.0,3075.0,3080.0,78899,0.0,0.0
2023-09-13 00:00:00+09:00,3055.0,3080.0,3015.0,3045.0,50143,0.0,0.0
2023-09-14 00:00:00+09:00,3030.0,3115.0,3025.0,3100.0,29855,0.0,0.0
2023-09-15 00:00:00+09:00,3125.0,3140.0,3080.0,3135.0,25321,0.0,0.0
2023-09-18 00:00:00+09:00,3140.0,3165.0,3090.0,3145.0,33535,0.0,0.0
2023-09-19 00:00:00+09:00,3110.0,3255.0,3110.0,3200.0,62789,0.0,0.0
2023-09-20 00:00:00+09:00,3200.0,3270.0,3195.0,3220.0,70812,0.0,0.0
2023-09-21 00:00:00+09:00,3240.0,3240.0,3130.0,3130.0,17322,0.0,0.0
2023-09-22 00:00:00+09:00,3100.0,3135.0,3090.0,3095.0,19529,0.0,0.0
2023-09-25 00:00:00+09:00,3080.0,3090.0,3000.0,3000.0,62027,0.0,0.0
2023-09-26 00:00:00+09:00,3000.0,3050.0,2945.0,2950.0,43324,0.0,0.0
2023-09-27 00:00:00+09:00,2890.0,3010.0,2890.0,3000.0,29739,0.0,0.0
2023-10-04 00:00:00+09:00,3000.0,3000.0,2880.0,2885.0,62968,0.0,0.0
2023-10-05 00:00:00+09:00,2855.0,2900.0,2830.0,2860.0,36929,0.0,0.0
2023-10-06 00:00:00+09:00,2790.0,2975.0,2790.0,2970.0,51800,0.0,0.0
2023-10-10 00:00:00+09:00,2985.0,2995.0,2855.0,2865.0,47476,0.0,0.0
2023-10-11 00:00:00+09:00,2860.0,3190.0,2860.0,2965.0,159859,0.0,0.0
2023-10-12 00:00:00+09:00,2965.0,3040.0,2960.0,3035.0,48026,0.0,0.0
2023-10-13 00:00:00+09:00,3020.0,3070.0,2970.0,3070.0,25631,0.0,0.0
2023-10-16 00:00:00+09:00,3020.0,3090.0,2955.0,3020.0,35056,0.0,0.0
2023-10-17 00:00:00+09:00,2980.0,3080.0,2980.0,3080.0,20012,0.0,0.0
2023-10-18 00:00:00+09:00,3090.0,3100.0,3000.0,3020.0,29805,0.0,0.0
2023-10-19 00:00:00+09:00,2985.0,3090.0,2925.0,3090.0,20228,0.0,0.0
2023-10-20 00:00:00+09:00,3080.0,3115.0,2920.0,3015.0,119313,0.0,0.0
2023-10-23 00:00:00+09:00,2940.0,3035.0,2940.0,2940.0,27190,0.0,0.0
2023-10-24 00:00:00+09:00,2910.0,2985.0,2865.0,2980.0,48260,0.0,0.0
2023-10-25 00:00:00+09:00,2990.0,3040.0,2880.0,2900.0,44600,0.0,0.0
2023-10-26 00:00:00+09:00,2805.0,2920.0,2750.0,2850.0,78596,0.0,0.0
2023-10-27 00:00:00+09:00,2840.0,2940.0,2795.0,2795.0,97906,0.0,0.0
2023-10-30 00:00:00+09:00,2795.0,2895.0,2750.0,2895.0,125073,0.0,0.0
2023-10-31 00:00:00+09:00,2950.0,2950.0,2820.0,2825.0,63046,0.0,0.0
2023-11-01 00:00:00+09:00,2785.0,2920.0,2785.0,2875.0,26844,0.0,0.0
2023-11-02 00:00:00+09:00,2890.0,3040.0,2885.0,3030.0,50973,0.0,0.0
2023-11-03 00:00:00+09:00,3025.0,3145.0,3000.0,3085.0,67245,0.0,0.0
2023-11-06 00:00:00+09:00,3095.0,3170.0,3020.0,3140.0,55113,0.0,0.0
2023-11-07 00:00:00+09:00,3140.0,3205.0,3000.0,3175.0,54263,0.0,0.0
2023-11-08 00:00:00+09:00,3170.0,3200.0,3110.0,3200.0,56163,0.0,0.0
2023-11-09 00:00:00+09:00,3170.0,3205.0,3140.0,3195.0,22900,0.0,0.0
2023-11-10 00:00:00+09:00,3180.0,3180.0,3050.0,3100.0,34182,0.0,0.0
2023-11-13 00:00:00+09:00,3115.0,3125.0,3030.0,3030.0,31147,0.0,0.0
2023-11-14 00:00:00+09:00,2975.0,3145.0,2965.0,3100.0,49492,0.0,0.0
2023-11-15 00:00:00+09:00,3180.0,3200.0,3090.0,3110.0,23144,0.0,0.0
2023-11-16 00:00:00+09:00,3140.0,3200.0,3085.0,3110.0,57845,0.0,0.0
2023-11-17 00:00:00+09:00,3100.0,3180.0,3030.0,3055.0,41062,0.0,0.0
2023-11-20 00:00:00+09:00,3090.0,3140.0,3055.0,3075.0,61102,0.0,0.0
2023-11-21 00:00:00+09:00,3295.0,3295.0,3120.0,3140.0,180890,0.0,0.0
2023-11-22 00:00:00+09:00,3140.0,3190.0,3065.0,3065.0,53411,0.0,0.0
2023-11-23 00:00:00+09:00,3080.0,3115.0,3065.0,3065.0,21227,0.0,0.0
2023-11-24 00:00:00+09:00,3060.0,3100.0,3025.0,3095.0,41788,0.0,0.0
2023-11-27 00:00:00+09:00,3075.0,3095.0,3015.0,3015.0,55360,0.0,0.0
2023-11-28 00:00:00+09:00,3010.0,3035.0,2940.0,2965.0,52598,0.0,0.0
2023-11-29 00:00:00+09:00,2965.0,2995.0,2895.0,2915.0,38464,0.0,0.0
2023-11-30 00:00:00+09:00,2915.0,2955.0,2875.0,2900.0,32011,0.0,0.0
2023-12-01 00:00:00+09:00,2930.0,3005.0,2885.0,2900.0,94856,0.0,0.0
2023-12-04 00:00:00+09:00,2915.0,2975.0,2860.0,2905.0,43438,0.0,0.0
2023-12-05 00:00:00+09:00,2865.0,2910.0,2855.0,2900.0,30873,0.0,0.0
2023-12-06 00:00:00+09:00,2860.0,2925.0,2815.0,2925.0,41478,0.0,0.0
2023-12-07 00:00:00+09:00,2940.0,2940.0,2860.0,2875.0,26289,0.0,0.0
2023-12-08 00:00:00+09:00,2880.0,2905.0,2855.0,2870.0,32236,0.0,0.0
2023-12-11 00:00:00+09:00,2895.0,2930.0,2855.0,2910.0,18250,0.0,0.0
2023-12-12 00:00:00+09:00,2925.0,2940.0,2890.0,2930.0,36794,0.0,0.0
2023-12-13 00:00:00+09:00,2935.0,2950.0,2880.0,2900.0,20747,0.0,0.0
2023-12-14 00:00:00+09:00,2885.0,2960.0,2860.0,2935.0,42187,0.0,0.0
2023-12-15 00:00:00+09:00,2930.0,2960.0,2910.0,2930.0,22249,0.0,0.0
2023-12-18 00:00:00+09:00,2905.0,2950.0,2860.0,2915.0,24013,0.0,0.0
2023-12-19 00:00:00+09:00,2920.0,2925.0,2895.0,2915.0,9416,0.0,0.0
2023-12-20 00:00:00+09:00,2930.0,3585.0,2930.0,3225.0,6216130,0.0,0.0
2023-12-21 00:00:00+09:00,3205.0,3265.0,3085.0,3170.0,336989,0.0,0.0
2023-12-22 00:00:00+09:00,3150.0,3285.0,3090.0,3115.0,394091,0.0,0.0
2023-12-26 00:00:00+09:00,3130.0,3235.0,3095.0,3100.0,224122,0.0,0.0
2023-12-27 00:00:00+09:00,3095.0,3170.0,3065.0,3130.0,110441,0.0,0.0
2023-12-28 00:00:00+09:00,3110.0,3190.0,3100.0,3165.0,117576,0.0,0.0
2024-01-02 00:00:00+09:00,3195.0,3870.0,3190.0,3710.0,2202236,0.0,0.0
2024-01-03 00:00:00+09:00,3750.0,3760.0,3590.0,3710.0,449617,0.0,0.0
2024-01-04 00:00:00+09:00,3725.0,3890.0,3550.0,3790.0,436945,0.0,0.0
2024-01-05 00:00:00+09:00,3790.0,3880.0,3610.0,3795.0,308156,0.0,0.0
2024-01-08 00:00:00+09:00,3795.0,3910.0,3730.0,3750.0,219421,0.0,0.0
2024-01-09 00:00:00+09:00,3750.0,3900.0,3740.0,3835.0,169811,0.0,0.0
2024-01-10 00:00:00+09:00,3830.0,3940.0,3790.0,3880.0,180074,0.0,0.0
2024-01-11 00:00:00+09:00,3845.0,3925.0,3760.0,3860.0,85635,0.0,0.0
2024-01-12 00:00:00+09:00,3825.0,3835.0,3660.0,3750.0,101112,0.0,0.0
2024-01-15 00:00:00+09:00,3720.0,3745.0,3655.0,3605.0,27757,0.0,0.0
2024-01-16 00:00:00+09:00,3610.0,3645.0,3555.0,3605.0,28323,0.0,0.0
2024-01-17 00:00:00+09:00,3605.0,3680.0,3455.0,3650.0,153409,0.0,0.0
2024-01-18 00:00:00+09:00,3650.0,3985.0,3550.0,3730.0,615562,0.0,0.0
2024-01-19 00:00:00+09:00,3765.0,3855.0,3665.0,3760.0,206750,0.0,0.0
2024-01-22 00:00:00+09:00,3920.0,3920.0,3770.0,3890.0,125485,0.0,0.0
2024-01-23 00:00:00+09:00,3845.0,4190.0,3845.0,4165.0,338797,0.0,0.0
2024-01-24 00:00:00+09:00,4105.0,4125.0,3840.0,3850.0,203250,0.0,0.0
2024-01-25 00:00:00+09:00,3830.0,3900.0,3600.0,3900.0,82785,0.0,0.0
2024-01-26 00:00:00+09:00,3900.0,3950.0,3745.0,3810.0,101806,0.0,0.0
2024-01-29 00:00:00+09:00,3870.0,3870.0,3720.0,3725.0,39527,0.0,0.0
2024-01-30 00:00:00+09:00,3750.0,3805.0,3645.0,3675.0,57732,0.0,0.0
2024-01-31 00:00:00+09:00,3640.0,3850.0,3640.0,3700.0,40138,0.0,0.0
2024-02-01 00:00:00+09:00,3680.0,3800.0,3665.0,3795.0,15263,0.0,0.0
2024-02-02 00:00:00+09:00,3755.0,3865.0,3740.0,3755.0,90169,0.0,0.0
2024-02-05 00:00:00+09:00,3755.0,3780.0,3645.0,3710.0,62766,0.0,0.0
2024-02-06 00:00:00+09:00,3690.0,4370.0,3670.0,4250.0,1268326,0.0,0.0
2024-02-07 00:00:00+09:00,4165.0,4335.0,3860.0,3950.0,342726,0.0,0.0
2024-02-08 00:00:00+09:00,3880.0,3990.0,3860.0,3905.0,117875,0.0,0.0
2024-02-13 00:00:00+09:00,3905.0,4095.0,3905.0,4085.0,98625,0.0,0.0
2024-02-14 00:00:00+09:00,3970.0,4120.0,3970.0,4090.0,65658,0.0,0.0
2024-02-15 00:00:00+09:00,4050.0,4120.0,3920.0,3970.0,40811,0.0,0.0
2024-02-16 00:00:00+09:00,3990.0,4005.0,3825.0,3855.0,83143,0.0,0.0
2024-02-19 00:00:00+09:00,3855.0,4000.0,3775.0,3785.0,82238,0.0,0.0
2024-02-20 00:00:00+09:00,3785.0,3930.0,3785.0,3920.0,39956,0.0,0.0
2024-02-21 00:00:00+09:00,3920.0,4260.0,3875.0,4100.0,203993,0.0,0.0
2024-02-22 00:00:00+09:00,4100.0,4350.0,3965.0,4080.0,267078,0.0,0.0
2024-02-23 00:00:00+09:00,4150.0,4290.0,4080.0,4235.0,194393,0.0,0.0
2024-02-26 00:00:00+09:00,4145.0,4265.0,4000.0,4200.0,231419,0.0,0.0
2024-02-27 00:00:00+09:00,4160.0,4250.0,3905.0,3990.0,166249,0.0,0.0
2024-02-28 00:00:00+09:00,3985.0,4080.0,3975.0,4055.0,78827,0.0,0.0
2024-02-29 00:00:00+09:00,4055.0,4065.0,3960.0,3990.0,55201,0.0,0.0
2024-03-04 00:00:00+09:00,3990.0,3990.0,3795.0,3900.0,139330,0.0,0.0
2024-03-05 00:00:00+09:00,3890.0,3900.0,3780.0,3875.0,73709,0.0,0.0
2024-03-06 00:00:00+09:00,3910.0,3910.0,3705.0,3715.0,89851,0.0,0.0
2024-03-07 00:00:00+09:00,3735.0,3830.0,3540.0,3570.0,164941,0.0,0.0
2024-03-08 00:00:00+09:00,3595.0,3625.0,3490.0,3540.0,72540,0.0,0.0
2024-03-11 00:00:00+09:00,3520.0,3655.0,3400.0,3565.0,102771,0.0,0.0
2024-03-12 00:00:00+09:00,3625.0,3690.0,3510.0,3600.0,77229,0.0,0.0
2024-03-13 00:00:00+09:00,3620.0,3865.0,3590.0,3755.0,235883,0.0,0.0
2024-03-14 00:00:00+09:00,3810.0,3820.0,3680.0,3765.0,99771,0.0,0.0
2024-03-15 00:00:00+09:00,3765.0,4310.0,3730.0,3875.0,1082989,0.0,0.0
2024-03-18 00:00:00+09:00,3885.0,4065.0,3870.0,3875.0,197885,0.0,0.0
2024-03-19 00:00:00+09:00,3860.0,3910.0,3750.0,3785.0,161582,0.0,0.0
2024-03-20 00:00:00+09:00,3785.0,3925.0,3710.0,3720.0,182301,0.0,0.0
2024-03-21 00:00:00+09:00,3725.0,4035.0,3725.0,3835.0,350838,0.0,0.0
2024-03-22 00:00:00+09:00,3830.0,3840.0,3675.0,3815.0,133400,0.0,0.0
2024-03-25 00:00:00+09:00,3885.0,3900.0,3790.0,3790.0,111099,0.0,0.0
2024-03-26 00:00:00+09:00,3785.0,3900.0,3750.0,3810.0,87666,0.0,0.0
2024-03-27 00:00:00+09:00,3810.0,3870.0,3790.0,3845.0,76103,0.0,0.0
2024-03-28 00:00:00+09:00,3850.0,3945.0,3820.0,3880.0,122080,0.0,0.0
2024-03-29 00:00:00+09:00,3880.0,3910.0,3835.0,3840.0,73078,0.0,0.0
2024-04-01 00:00:00+09:00,3990.0,3990.0,3755.0,3800.0,191308,0.0,0.0
2024-04-02 00:00:00+09:00,3810.0,3880.0,3625.0,3685.0,156702,0.0,0.0
2024-04-03 00:00:00+09:00,3680.0,3710.0,3605.0,3705.0,34542,0.0,0.0
2024-04-04 00:00:00+09:00,3730.0,3730.0,3500.0,3695.0,84782,0.0,0.0
2024-04-05 00:00:00+09:00,3670.0,3670.0,3505.0,3505.0,82777,0.0,0.0
2024-04-08 00:00:00+09:00,3485.0,3545.0,3465.0,3515.0,45521,0.0,0.0
2024-04-09 00:00:00+09:00,3570.0,3645.0,3515.0,3560.0,82336,0.0,0.0
2024-04-11 00:00:00+09:00,3560.0,3680.0,3530.0,3610.0,36742,0.0,0.0
2024-04-12 00:00:00+09:00,3610.0,3795.0,3600.0,3795.0,93378,0.0,0.0
2024-04-15 00:00:00+09:00,3795.0,4260.0,3710.0,4025.0,659625,0.0,0.0
2024-04-16 00:00:00+09:00,4025.0,4085.0,3830.0,3830.0,148913,0.0,0.0
2024-04-17 00:00:00+09:00,3930.0,4595.0,3870.0,4215.0,3447730,0.0,0.0
2024-04-18 00:00:00+09:00,4255.0,4520.0,3910.0,4050.0,3696659,0.0,0.0
2024-04-19 00:00:00+09:00,4055.0,4055.0,3900.0,4000.0,462651,0.0,0.0
2024-04-22 00:00:00+09:00,3955.0,4205.0,3905.0,4085.0,353252,0.0,0.0
2024-04-23 00:00:00+09:00,4040.0,4330.0,4040.0,4310.0,703447,0.0,0.0
2024-04-24 00:00:00+09:00,4310.0,4360.0,4205.0,4235.0,344886,0.0,0.0
2024-04-25 00:00:00+09:00,4280.0,4380.0,4080.0,4125.0,280871,0.0,0.0
2024-04-26 00:00:00+09:00,4100.0,4175.0,4070.0,4140.0,120725,0.0,0.0
2024-04-29 00:00:00+09:00,4185.0,4250.0,4130.0,4250.0,188176,0.0,0.0
2024-04-30 00:00:00+09:00,4265.0,4340.0,4200.0,4320.0,190732,0.0,0.0
2024-05-02 00:00:00+09:00,4315.0,4365.0,4240.0,4295.0,242400,0.0,0.0
2024-05-03 00:00:00+09:00,4360.0,4360.0,4095.0,4145.0,177042,0.0,0.0
2024-05-07 00:00:00+09:00,4145.0,4230.0,4000.0,4045.0,123227,0.0,0.0
2024-05-08 00:00:00+09:00,4045.0,4100.0,3935.0,3965.0,111002,0.0,0.0
2024-05-09 00:00:00+09:00,4010.0,4050.0,3895.0,3960.0,101294,0.0,0.0
2024-05-10 00:00:00+09:00,3970.0,4095.0,3905.0,4050.0,57949,0.0,0.0
2024-05-13 00:00:00+09:00,3975.0,4165.0,3965.0,4150.0,111615,0.0,0.0
2024-05-14 00:00:00+09:00,4210.0,4260.0,4105.0,4135.0,178994,0.0,0.0
2024-05-16 00:00:00+09:00,4150.0,4235.0,4125.0,4190.0,112334,0.0,0.0
2024-05-17 00:00:00+09:00,4190.0,4230.0,4005.0,4060.0,139197,0.0,0.0
2024-05-20 00:00:00+09:00,4080.0,4150.0,3920.0,3960.0,129042,0.0,0.0
2024-05-21 00:00:00+09:00,3905.0,3925.0,3730.0,3850.0,180327,0.0,0.0
2024-05-22 00:00:00+09:00,3835.0,3915.0,3785.0,3890.0,126354,0.0,0.0
2024-05-23 00:00:00+09:00,3845.0,3995.0,3795.0,3940.0,77736,0.0,0.0
2024-05-24 00:00:00+09:00,3855.0,3990.0,3855.0,3980.0,51272,0.0,0.0
2024-05-27 00:00:00+09:00,4090.0,4090.0,3940.0,4000.0,123172,0.0,0.0
2024-05-28 00:00:00+09:00,4015.0,4020.0,3790.0,3950.0,74243,0.0,0.0
2024-05-29 00:00:00+09:00,3955.0,3980.0,3775.0,3975.0,102536,0.0,0.0
2024-05-30 00:00:00+09:00,3975.0,4000.0,3830.0,3900.0,65885,0.0,0.0
2024-05-31 00:00:00+09:00,3855.0,3970.0,3845.0,3930.0,44155,0.0,0.0
2024-06-03 00:00:00+09:00,3895.0,4050.0,3895.0,4050.0,105516,0.0,0.0
2024-06-04 00:00:00+09:00,4050.0,4070.0,3930.0,3930.0,55215,0.0,0.0
2024-06-05 00:00:00+09:00,3930.0,3990.0,3765.0,3785.0,95421,0.0,0.0
2024-06-07 00:00:00+09:00,3795.0,3925.0,3790.0,3920.0,68601,0.0,0.0
2024-06-10 00:00:00+09:00,4000.0,4000.0,3890.0,3915.0,29258,0.0,0.0
2024-06-11 00:00:00+09:00,3880.0,3970.0,3850.0,3895.0,48137,0.0,0.0
2024-06-12 00:00:00+09:00,3925.0,3955.0,3870.0,3880.0,12330,0.0,0.0
2024-06-13 00:00:00+09:00,3880.0,3910.0,3860.0,3870.0,32536,0.0,0.0
2024-06-14 00:00:00+09:00,3870.0,3880.0,3720.0,3865.0,59730,0.0,0.0
2024-06-17 00:00:00+09:00,3825.0,3855.0,3670.0,3760.0,53569,0.0,0.0
2024-06-18 00:00:00+09:00,3760.0,3765.0,3620.0,3695.0,71833,0.0,0.0
2024-06-19 00:00:00+09:00,3610.0,3660.0,3465.0,3565.0,87192,0.0,0.0
2024-06-20 00:00:00+09:00,3570.0,3750.0,3450.0,3695.0,74713,0.0,0.0
2024-06-21 00:00:00+09:00,3700.0,3750.0,3650.0,3710.0,42915,0.0,0.0
2024-06-24 00:00:00+09:00,3710.0,4220.0,3685.0,3950.0,445304,0.0,0.0
2024-06-25 00:00:00+09:00,3900.0,4075.0,3900.0,4020.0,112349,0.0,0.0
2024-06-26 00:00:00+09:00,4080.0,4080.0,3950.0,4050.0,78455,0.0,0.0
2024-06-27 00:00:00+09:00,4050.0,4085.0,4010.0,4015.0,62033,0.0,0.0
2024-06-28 00:00:00+09:00,3995.0,4260.0,3995.0,4230.0,139594,0.0,0.0
2024-07-01 00:00:00+09:00,4230.0,4365.0,3980.0,3985.0,308080,0.0,0.0
2024-07-02 00:00:00+09:00,3985.0,4025.0,3650.0,3945.0,118041,0.0,0.0
2024-07-03 00:00:00+09:00,3900.0,3930.0,3750.0,3750.0,69905,0.0,0.0
2024-07-04 00:00:00+09:00,3770.0,3900.0,3770.0,3810.0,40268,0.0,0.0
2024-07-05 00:00:00+09:00,3845.0,3855.0,3680.0,3760.0,31618,0.0,0.0
2024-07-08 00:00:00+09:00,3720.0,3760.0,3585.0,3700.0,98650,0.0,0.0
2024-07-09 00:00:00+09:00,3680.0,3740.0,3605.0,3700.0,45865,0.0,0.0
2024-07-10 00:00:00+09:00,3700.0,3855.0,3615.0,3735.0,59973,0.0,0.0
2024-07-11 00:00:00+09:00,3735.0,3850.0,3685.0,3785.0,41174,0.0,0.0
2024-07-12 00:00:00+09:00,3795.0,3840.0,3760.0,3790.0,32714,0.0,0.0
2024-07-15 00:00:00+09:00,3840.0,3840.0,3715.0,3820.0,27107,0.0,0.0
2024-07-16 00:00:00+09:00,3790.0,3830.0,3690.0,3825.0,18404,0.0,0.0
2024-07-17 00:00:00+09:00,3795.0,3850.0,3605.0,3810.0,56877,0.0,0.0
2024-07-18 00:00:00+09:00,3810.0,4450.0,3675.0,3770.0,140520,0.0,0.0
2024-07-19 00:00:00+09:00,3800.0,3800.0,3665.0,3730.0,27484,0.0,0.0
2024-07-22 00:00:00+09:00,3730.0,3730.0,3545.0,3545.0,73260,0.0,0.0
2024-07-23 00:00:00+09:00,3535.0,3605.0,3520.0,3555.0,36028,0.0,0.0
2024-07-24 00:00:00+09:00,3575.0,3575.0,3480.0,3480.0,32512,0.0,0.0
2024-07-25 00:00:00+09:00,3375.0,3480.0,3355.0,3435.0,29454,0.0,0.0
2024-07-26 00:00:00+09:00,3380.0,3470.0,3340.0,3420.0,35205,0.0,0.0
2024-07-29 00:00:00+09:00,3420.0,3450.0,3370.0,3395.0,11279,0.0,0.0
2024-07-30 00:00:00+09:00,3400.0,3450.0,3355.0,3400.0,17703,0.0,0.0
2024-07-31 00:00:00+09:00,3370.0,3420.0,3305.0,3365.0,21737,0.0,0.0
2024-08-01 00:00:00+09:00,3365.0,3420.0,3330.0,3375.0,29331,0.0,0.0
2024-08-02 00:00:00+09:00,3375.0,3400.0,3250.0,3325.0,30192,0.0,0.0
2024-08-05 00:00:00+09:00,3200.0,3270.0,2800.0,3090.0,95471,0.0,0.0
2024-08-06 00:00:00+09:00,3000.0,3215.0,2980.0,3170.0,117099,0.0,0.0
2024-08-07 00:00:00+09:00,3170.0,3280.0,3100.0,3150.0,45407,0.0,0.0
2024-08-08 00:00:00+09:00,3145.0,3145.0,3070.0,3100.0,28226,0.0,0.0
2024-08-09 00:00:00+09:00,3110.0,3175.0,3095.0,3125.0,18006,0.0,0.0
2024-08-12 00:00:00+09:00,3135.0,3200.0,3100.0,3135.0,41663,0.0,0.0
2024-08-13 00:00:00+09:00,3135.0,3135.0,3070.0,3085.0,44205,0.0,0.0
2024-08-14 00:00:00+09:00,3110.0,3355.0,3090.0,3260.0,51201,0.0,0.0
2024-08-16 00:00:00+09:00,3245.0,3265.0,3180.0,3265.0,16579,0.0,0.0
2024-08-19 00:00:00+09:00,3265.0,3265.0,3070.0,3200.0,49932,0.0,0.0
2024-08-20 00:00:00+09:00,3150.0,3290.0,3150.0,3190.0,20598,0.0,0.0
2024-08-21 00:00:00+09:00,3155.0,3340.0,3140.0,3340.0,22849,0.0,0.0
2024-08-22 00:00:00+09:00,3310.0,3425.0,3285.0,3285.0,23667,0.0,0.0
2024-08-23 00:00:00+09:00,3320.0,3350.0,3230.0,3350.0,16219,0.0,0.0
2024-08-26 00:00:00+09:00,3365.0,3365.0,3280.0,3355.0,33235,0.0,0.0
2024-08-27 00:00:00+09:00,3325.0,3515.0,3300.0,3515.0,32241,0.0,0.0
2024-08-28 00:00:00+09:00,3505.0,3545.0,3450.0,3505.0,17408,0.0,0.0
2024-08-29 00:00:00+09:00,3480.0,3500.0,3400.0,3400.0,35895,0.0,0.0
2024-08-30 00:00:00+09:00,3355.0,3445.0,3295.0,3350.0,43005,0.0,0.0
2024-09-02 00:00:00+09:00,3350.0,3350.0,3260.0,3290.0,14421,0.0,0.0
2024-09-03 00:00:00+09:00,3365.0,3450.0,3290.0,3340.0,25588,0.0,0.0
2024-09-04 00:00:00+09:00,3305.0,3845.0,3280.0,3540.0,410121,0.0,0.0
2024-09-05 00:00:00+09:00,3540.0,3845.0,3420.0,3590.0,117868,0.0,0.0
2024-09-06 00:00:00+09:00,3590.0,3590.0,3395.0,3500.0,20632,0.0,0.0
2024-09-09 00:00:00+09:00,3360.0,3500.0,3320.0,3495.0,19090,0.0,0.0
2024-09-10 00:00:00+09:00,3460.0,3460.0,3300.0,3300.0,38831,0.0,0.0
2024-09-11 00:00:00+09:00,3300.0,3390.0,3135.0,3230.0,46175,0.0,0.0
2024-09-12 00:00:00+09:00,3230.0,3295.0,3220.0,3230.0,6855,0.0,0.0
2024-09-13 00:00:00+09:00,3300.0,3300.0,3215.0,3270.0,22836,0.0,0.0
2024-09-19 00:00:00+09:00,3270.0,3335.0,3110.0,3230.0,33115,0.0,0.0
2024-09-20 00:00:00+09:00,3215.0,3245.0,3170.0,3210.0,20313,0.0,0.0
2024-09-23 00:00:00+09:00,3210.0,3260.0,3170.0,3185.0,10259,0.0,0.0
2024-09-24 00:00:00+09:00,3210.0,3210.0,3100.0,3130.0,32853,0.0,0.0
2024-09-25 00:00:00+09:00,3130.0,3170.0,3100.0,3155.0,18175,0.0,0.0
2024-09-26 00:00:00+09:00,3160.0,3560.0,3135.0,3300.0,107747,0.0,0.0
2024-09-27 00:00:00+09:00,3270.0,3310.0,3185.0,3200.0,19667,0.0,0.0
2024-09-30 00:00:00+09:00,3200.0,3225.0,3050.0,3065.0,57735,0.0,0.0
2024-10-02 00:00:00+09:00,3045.0,3095.0,2915.0,3065.0,24968,0.0,0.0
2024-10-04 00:00:00+09:00,3080.0,3080.0,3030.0,3070.0,6318,0.0,0.0
2024-10-07 00:00:00+09:00,3070.0,3180.0,3055.0,3100.0,11598,0.0,0.0
2024-10-08 00:00:00+09:00,3120.0,3145.0,3090.0,3090.0,26906,0.0,0.0
2024-10-10 00:00:00+09:00,3090.0,3185.0,3090.0,3125.0,8714,0.0,0.0
2024-10-11 00:00:00+09:00,3125.0,3140.0,3065.0,3090.0,27523,0.0,0.0
2024-10-14 00:00:00+09:00,3100.0,3160.0,3085.0,3105.0,11500,0.0,0.0
2024-10-15 00:00:00+09:00,3100.0,3115.0,3065.0,3080.0,9247,0.0,0.0
2024-10-16 00:00:00+09:00,3095.0,3095.0,3000.0,3080.0,19902,0.0,0.0
2024-10-17 00:00:00+09:00,3080.0,3130.0,2995.0,3130.0,13109,0.0,0.0
2024-10-18 00:00:00+09:00,3130.0,3150.0,2925.0,3035.0,38085,0.0,0.0
2024-10-21 00:00:00+09:00,3050.0,3110.0,3005.0,3110.0,15522,0.0,0.0
2024-10-22 00:00:00+09:00,3050.0,3100.0,3025.0,3080.0,28456,0.0,0.0
2024-10-23 00:00:00+09:00,3050.0,3145.0,3025.0,3145.0,10792,0.0,0.0
2024-10-24 00:00:00+09:00,3140.0,3170.0,3050.0,3170.0,8080,0.0,0.0
2024-10-25 00:00:00+09:00,3175.0,3175.0,3000.0,3000.0,29444,0.0,0.0
2024-10-28 00:00:00+09:00,3000.0,3155.0,3000.0,3150.0,23658,0.0,0.0
2024-10-29 00:00:00+09:00,3180.0,3180.0,3065.0,3065.0,6810,0.0,0.0
2024-10-30 00:00:00+09:00,3075.0,3120.0,3045.0,3120.0,7688,0.0,0.0
2024-10-31 00:00:00+09:00,3115.0,3210.0,3070.0,3080.0,16409,0.0,0.0
2024-11-01 00:00:00+09:00,3100.0,3145.0,3010.0,3145.0,24088,0.0,0.0
2024-11-04 00:00:00+09:00,3165.0,3180.0,3035.0,3180.0,18333,0.0,0.0
2024-11-05 00:00:00+09:00,3180.0,3195.0,3155.0,3175.0,6916,0.0,0.0
2024-11-06 00:00:00+09:00,3180.0,3275.0,3095.0,3260.0,20143,0.0,0.0
2024-11-07 00:00:00+09:00,3270.0,3380.0,3200.0,3255.0,35497,0.0,0.0
2024-11-08 00:00:00+09:00,3215.0,3270.0,3160.0,3245.0,35126,0.0,0.0
2024-11-11 00:00:00+09:00,3215.0,3245.0,3080.0,3200.0,13617,0.0,0.0
2024-11-12 00:00:00+09:00,3200.0,3200.0,3055.0,3055.0,22132,0.0,0.0
2024-11-13 00:00:00+09:00,3050.0,3075.0,2965.0,3000.0,35555,0.0,0.0
2024-11-14 00:00:00+09:00,3025.0,3125.0,2850.0,2960.0,22111,0.0,0.0
2024-11-15 00:00:00+09:00,2905.0,3010.0,2825.0,3010.0,24131,0.0,0.0
2024-11-18 00:00:00+09:00,3020.0,3115.0,3010.0,3045.0,9523,0.0,0.0
2024-11-19 00:00:00+09:00,3100.0,3105.0,3020.0,3105.0,12655,0.0,0.0
2024-11-20 00:00:00+09:00,3070.0,3225.0,3045.0,3225.0,17694,0.0,0.0
2024-11-21 00:00:00+09:00,3165.0,3165.0,3100.0,3150.0,14003,0.0,0.0
2024-11-22 00:00:00+09:00,3135.0,3175.0,3095.0,3150.0,8946,0.0,0.0
2024-11-25 00:00:00+09:00,3150.0,3150.0,3060.0,3070.0,15903,0.0,0.0
2024-11-26 00:00:00+09:00,3065.0,3070.0,3010.0,3020.0,17452,0.0,0.0
2024-11-27 00:00:00+09:00,3020.0,3070.0,2990.0,3070.0,10028,0.0,0.0
2024-11-28 00:00:00+09:00,3045.0,3095.0,2970.0,3025.0,52071,0.0,0.0
2024-11-29 00:00:00+09:00,3025.0,3025.0,2950.0,2960.0,10472,0.0,0.0
2024-12-02 00:00:00+09:00,2960.0,3500.0,2870.0,3030.0,254401,0.0,0.0
2024-12-03 00:00:00+09:00,3055.0,3055.0,2975.0,3020.0,12900,0.0,0.0
2024-12-04 00:00:00+09:00,2980.0,3040.0,2840.0,3040.0,26995,0.0,0.0
2024-12-05 00:00:00+09:00,3040.0,3040.0,2905.0,3030.0,37012,0.0,0.0
2024-12-06 00:00:00+09:00,2940.0,3025.0,2840.0,2840.0,39568,0.0,0.0
2024-12-09 00:00:00+09:00,2840.0,2840.0,2525.0,2800.0,82122,0.0,0.0
2024-12-10 00:00:00+09:00,2695.0,2810.0,2655.0,2810.0,52712,0.0,0.0
2024-12-11 00:00:00+09:00,2800.0,2960.0,2710.0,2950.0,25187,0.0,0.0
2024-12-12 00:00:00+09:00,2900.0,2925.0,2870.0,2875.0,12724,0.0,0.0
2024-12-13 00:00:00+09:00,2795.0,2900.0,2795.0,2885.0,19082,0.0,0.0
2024-12-16 00:00:00+09:00,2905.0,2905.0,2840.0,2865.0,9741,0.0,0.0
2024-12-17 00:00:00+09:00,2860.0,2920.0,2810.0,2875.0,7299,0.0,0.0
2024-12-18 00:00:00+09:00,2900.0,2900.0,2815.0,2875.0,7244,0.0,0.0
2024-12-19 00:00:00+09:00,2885.0,2885.0,2810.0,2825.0,4089,0.0,0.0
2024-12-20 00:00:00+09:00,2830.0,2835.0,2790.0,2805.0,5431,0.0,0.0
2024-12-23 00:00:00+09:00,2835.0,2870.0,2740.0,2800.0,9075,0.0,0.0
2024-12-24 00:00:00+09:00,2820.0,2860.0,2785.0,2790.0,6953,0.0,0.0
2024-12-26 00:00:00+09:00,2800.0,2805.0,2745.0,2785.0,1636,0.0,0.0
2024-12-27 00:00:00+09:00,2800.0,2800.0,2630.0,2730.0,28326,0.0,0.0
2024-12-30 00:00:00+09:00,2730.0,2810.0,2675.0,2790.0,2778,0.0,0.0
2025-01-02 00:00:00+09:00,2765.0,2835.0,2685.0,2780.0,7504,0.0,0.0
2025-01-03 00:00:00+09:00,2800.0,2800.0,2710.0,2785.0,5757,0.0,0.0
2025-01-06 00:00:00+09:00,2790.0,2820.0,2730.0,2730.0,13382,0.0,0.0
2025-01-07 00:00:00+09:00,2745.0,2790.0,2685.0,2730.0,23618,0.0,0.0
2025-01-08 00:00:00+09:00,2730.0,2775.0,2605.0,2710.0,33660,0.0,0.0
2025-01-09 00:00:00+09:00,2760.0,2760.0,2585.0,2685.0,54116,0.0,0.0
2025-01-10 00:00:00+09:00,2685.0,2700.0,2615.0,2680.0,14664,0.0,0.0
2025-01-13 00:00:00+09:00,2700.0,2700.0,2580.0,2700.0,30575,0.0,0.0
2025-01-14 00:00:00+09:00,2650.0,2695.0,2590.0,2635.0,58548,0.0,0.0
2025-01-15 00:00:00+09:00,2595.0,2830.0,2590.0,2815.0,63932,0.0,0.0
2025-01-16 00:00:00+09:00,2815.0,2845.0,2715.0,2815.0,21534,0.0,0.0
2025-01-17 00:00:00+09:00,2800.0,2800.0,2715.0,2750.0,25715,0.0,0.0
2025-01-20 00:00:00+09:00,2750.0,2800.0,2685.0,2705.0,23577,0.0,0.0
2025-01-21 00:00:00+09:00,2740.0,2740.0,2530.0,2530.0,66696,0.0,0.0
2025-01-22 00:00:00+09:00,2530.0,2560.0,2420.0,2545.0,98194,0.0,0.0
2025-01-23 00:00:00+09:00,2520.0,2545.0,2465.0,2520.0,43658,0.0,0.0
2025-01-24 00:00:00+09:00,2545.0,2545.0,2435.0,2480.0,26433,0.0,0.0
2025-01-31 00:00:00+09:00,2420.0,2475.0,2395.0,2400.0,93032,0.0,0.0
2025-02-03 00:00:00+09:00,2370.0,2370.0,2280.0,2330.0,32153,0.0,0.0
2025-02-04 00:00:00+09:00,2310.0,2445.0,2310.0,2400.0,19938,0.0,0.0
2025-02-05 00:00:00+09:00,2400.0,2510.0,2400.0,2410.0,13697,0.0,0.0
2025-02-06 00:00:00+09:00,2475.0,2475.0,2350.0,2385.0,9350,0.0,0.0
2025-02-07 00:00:00+09:00,2350.0,2500.0,2270.0,2340.0,37520,0.0,0.0
2025-02-10 00:00:00+09:00,2340.0,2865.0,2290.0,2435.0,633588,0.0,0.0
2025-02-11 00:00:00+09:00,2455.0,2455.0,2370.0,2435.0,35830,0.0,0.0
2025-02-12 00:00:00+09:00,2415.0,2455.0,2390.0,2415.0,15357,0.0,0.0
2025-02-13 00:00:00+09:00,2395.0,2450.0,2350.0,2450.0,23671,0.0,0.0
2025-02-14 00:00:00+09:00,2445.0,3000.0,2410.0,2420.0,1101364,0.0,0.0
2025-02-17 00:00:00+09:00,2415.0,2535.0,2345.0,2425.0,110259,0.0,0.0
2025-02-18 00:00:00+09:00,2395.0,2515.0,2395.0,2495.0,45358,0.0,0.0
2025-02-19 00:00:00+09:00,2495.0,2545.0,2440.0,2470.0,29014,0.0,0.0
2025-02-20 00:00:00+09:00,2550.0,2550.0,2455.0,2455.0,15107,0.0,0.0
2025-02-21 00:00:00+09:00,2545.0,2545.0,2420.0,2465.0,18001,0.0,0.0
2025-02-24 00:00:00+09:00,2465.0,2495.0,2350.0,2420.0,19218,0.0,0.0
2025-02-25 00:00:00+09:00,2390.0,2500.0,2380.0,2420.0,30047,0.0,0.0
2025-02-26 00:00:00+09:00,2450.0,2595.0,2430.0,2440.0,37648,0.0,0.0
2025-02-27 00:00:00+09:00,2410.0,2440.0,2350.0,2385.0,49202,0.0,0.0
2025-02-28 00:00:00+09:00,2385.0,2385.0,2220.0,2220.0,126568,0.0,0.0
2025-03-04 00:00:00+09:00,2130.0,2200.0,2125.0,2160.0,49683,0.0,0.0
2025-03-05 00:00:00+09:00,2160.0,2255.0,2160.0,2230.0,10857,0.0,0.0
2025-03-06 00:00:00+09:00,2220.0,2270.0,2200.0,2230.0,13809,0.0,0.0
2025-03-07 00:00:00+09:00,2230.0,2270.0,2115.0,2130.0,59123,0.0,0.0
2025-03-10 00:00:00+09:00,2075.0,2150.0,2065.0,2130.0,28613,0.0,0.0
2025-03-11 00:00:00+09:00,2110.0,2190.0,2030.0,2190.0,48914,0.0,0.0
2025-03-12 00:00:00+09:00,2190.0,2210.0,2160.0,2200.0,22976,0.0,0.0
2025-03-13 00:00:00+09:00,2170.0,2195.0,2110.0,2110.0,27270,0.0,0.0
2025-03-14 00:00:00+09:00,2100.0,2145.0,2070.0,2105.0,16720,0.0,0.0
2025-03-17 00:00:00+09:00,2105.0,2590.0,2085.0,2100.0,680019,0.0,0.0
2025-03-18 00:00:00+09:00,2110.0,2125.0,1972.0,2030.0,139478,0.0,0.0
2025-03-19 00:00:00+09:00,2090.0,2090.0,2000.0,2015.0,33537,0.0,0.0
2025-03-20 00:00:00+09:00,2015.0,2077.0,1993.0,1993.0,44759,0.0,0.0
2025-03-21 00:00:00+09:00,2005.0,2020.0,1966.0,2015.0,22529,0.0,0.0
2025-03-24 00:00:00+09:00,2015.0,2280.0,1996.0,2000.0,264442,0.0,0.0
2025-03-25 00:00:00+09:00,1992.0,2140.0,1992.0,2040.0,41521,0.0,0.0
2025-03-26 00:00:00+09:00,2040.0,2095.0,2020.0,2060.0,9869,0.0,0.0
2025-03-27 00:00:00+09:00,2060.0,2105.0,2045.0,2050.0,26030,0.0,0.0
2025-03-28 00:00:00+09:00,2030.0,2075.0,2025.0,2075.0,11484,0.0,0.0
2025-03-31 00:00:00+09:00,2040.0,2050.0,1990.0,1990.0,22111,0.0,0.0
2025-04-01 00:00:00+09:00,1990.0,2160.0,1985.0,2075.0,51900,0.0,0.0
2025-04-02 00:00:00+09:00,2075.0,2110.0,2065.0,2085.0,41878,0.0,0.0
2025-04-03 00:00:00+09:00,2085.0,2090.0,2010.0,2080.0,19396,0.0,0.0
2025-04-04 00:00:00+09:00,2060.0,2160.0,2005.0,2140.0,31781,0.0,0.0
2025-04-07 00:00:00+09:00,2125.0,2145.0,2030.0,2145.0,8718,0.0,0.0
2025-04-08 00:00:00+09:00,2145.0,2150.0,2065.0,2070.0,20787,0.0,0.0
2025-04-09 00:00:00+09:00,2050.0,2125.0,2045.0,2065.0,12411,0.0,0.0
2025-04-10 00:00:00+09:00,2075.0,2175.0,2075.0,2150.0,19931,0.0,0.0
2025-04-11 00:00:00+09:00,2150.0,2285.0,2080.0,2225.0,52738,0.0,0.0
2025-04-14 00:00:00+09:00,2210.0,2320.0,2185.0,2310.0,30322,0.0,0.0
2025-04-15 00:00:00+09:00,2310.0,2640.0,2280.0,2540.0,353363,0.0,0.0
2025-04-16 00:00:00+09:00,2505.0,2720.0,2475.0,2650.0,121966,0.0,0.0
2025-04-17 00:00:00+09:00,2640.0,2700.0,2590.0,2655.0,40613,0.0,0.0
2025-04-18 00:00:00+09:00,2700.0,2850.0,2645.0,2850.0,62432,0.0,0.0
2025-04-21 00:00:00+09:00,2850.0,2850.0,2710.0,2720.0,40820,0.0,0.0
2025-04-22 00:00:00+09:00,2690.0,2720.0,2640.0,2640.0,25794,0.0,0.0
2025-04-23 00:00:00+09:00,2655.0,2705.0,2630.0,2630.0,16994,0.0,0.0
2025-04-24 00:00:00+09:00,2610.0,2710.0,2565.0,2710.0,33890,0.0,0.0
2025-04-25 00:00:00+09:00,2700.0,2790.0,2570.0,2750.0,8446,0.0,0.0
2025-04-28 00:00:00+09:00,2705.0,2805.0,2580.0,2580.0,38572,0.0,0.0
2025-04-29 00:00:00+09:00,2635.0,2670.0,2595.0,2605.0,7253,0.0,0.0
2025-04-30 00:00:00+09:00,2635.0,2635.0,2510.0,2520.0,16118,0.0,0.0
2025-05-02 00:00:00+09:00,2520.0,3020.0,2505.0,2610.0,333064,0.0,0.0
2025-05-07 00:00:00+09:00,2665.0,2710.0,2530.0,2620.0,33196,0.0,0.0
2025-05-08 00:00:00+09:00,2620.0,2805.0,2610.0,2625.0,64449,0.0,0.0
2025-05-09 00:00:00+09:00,2665.0,2665.0,2530.0,2550.0,27273,0.0,0.0
2025-05-12 00:00:00+09:00,2525.0,2770.0,2525.0,2595.0,23095,0.0,0.0
2025-05-13 00:00:00+09:00,2595.0,2690.0,2565.0,2585.0,8629,0.0,0.0
2025-05-14 00:00:00+09:00,2705.0,2705.0,2535.0,2580.0,18370,0.0,0.0
2025-05-15 00:00:00+09:00,2580.0,2685.0,2560.0,2575.0,10571,0.0,0.0
2025-05-16 00:00:00+09:00,2580.0,2630.0,2550.0,2570.0,8705,0.0,0.0
2025-05-19 00:00:00+09:00,2570.0,2680.0,2500.0,2540.0,27939,0.0,0.0
2025-05-20 00:00:00+09:00,2540.0,2620.0,2470.0,2470.0,39970,0.0,0.0
2025-05-21 00:00:00+09:00,2550.0,2550.0,2425.0,2425.0,18282,0.0,0.0
2025-05-22 00:00:00+09:00,2485.0,2550.0,2450.0,2510.0,19257,0.0,0.0
2025-05-23 00:00:00+09:00,2510.0,2585.0,2480.0,2515.0,5732,0.0,0.0
2025-05-26 00:00:00+09:00,2645.0,2645.0,2465.0,2465.0,7604,0.0,0.0
2025-05-27 00:00:00+09:00,2600.0,2600.0,2400.0,2420.0,14157,0.0,0.0
2025-05-28 00:00:00+09:00,2465.0,2540.0,2380.0,2430.0,17254,0.0,0.0
2025-05-29 00:00:00+09:00,2495.0,2540.0,2380.0,2380.0,11016,0.0,0.0
2025-05-30 00:00:00+09:00,2415.0,2415.0,2350.0,2360.0,23781,0.0,0.0
2025-06-02 00:00:00+09:00,2400.0,2400.0,2360.0,2385.0,3550,0.0,0.0
2025-06-04 00:00:00+09:00,2440.0,2440.0,2395.0,2420.0,3309,0.0,0.0
2025-06-05 00:00:00+09:00,2450.0,2655.0,2385.0,2460.0,49855,0.0,0.0
2025-06-09 00:00:00+09:00,2640.0,2640.0,2470.0,2535.0,38392,0.0,0.0
2025-06-10 00:00:00+09:00,2635.0,2685.0,2515.0,2530.0,46919,0.0,0.0
2025-06-11 00:00:00+09:00,2550.0,2640.0,2540.0,2590.0,14293,0.0,0.0
2025-06-12 00:00:00+09:00,2660.0,2660.0,2565.0,2595.0,13857,0.0,0.0
2025-06-13 00:00:00+09:00,2570.0,2660.0,2515.0,2565.0,20875,0.0,0.0
2025-06-16 00:00:00+09:00,2640.0,2640.0,2535.0,2575.0,1374,0.0,0.0
2025-06-17 00:00:00+09:00,2620.0,2800.0,2530.0,2570.0,80780,0.0,0.0
2025-06-18 00:00:00+09:00,2570.0,3195.0,2540.0,2715.0,1148014,0.0,0.0
2025-06-19 00:00:00+09:00,2720.0,3180.0,2720.0,2860.0,1029986,0.0,0.0
2025-06-20 00:00:00+09:00,2865.0,2925.0,2765.0,2805.0,106854,0.0,0.0
2025-06-23 00:00:00+09:00,2805.0,2860.0,2710.0,2735.0,87032,0.0,0.0
2025-06-24 00:00:00+09:00,2755.0,2770.0,2695.0,2750.0,37799,0.0,0.0
2025-06-25 00:00:00+09:00,2750.0,2755.0,2675.0,2680.0,39983,0.0,0.0
2025-06-26 00:00:00+09:00,2680.0,2795.0,2600.0,2600.0,63966,0.0,0.0
2025-06-27 00:00:00+09:00,2600.0,2690.0,2595.0,2630.0,15349,0.0,0.0
2025-06-30 00:00:00+09:00,2630.0,2700.0,2580.0,2600.0,21545,0.0,0.0
2025-07-01 00:00:00+09:00,2600.0,2685.0,2580.0,2620.0,33961,0.0,0.0
2025-07-02 00:00:00+09:00,2615.0,2655.0,2590.0,2610.0,13865,0.0,0.0
2025-07-03 00:00:00+09:00,2610.0,2610.0,2450.0,2470.0,175318,0.0,0.0
2025-07-04 00:00:00+09:00,2465.0,2490.0,2355.0,2405.0,97486,0.0,0.0
2025-07-07 00:00:00+09:00,2405.0,2470.0,2375.0,2455.0,10632,0.0,0.0
2025-07-08 00:00:00+09:00,2405.0,2475.0,2405.0,2450.0,12380,0.0,0.0
2025-07-09 00:00:00+09:00,2480.0,2490.0,2450.0,2450.0,15525,0.0,0.0
2025-07-10 00:00:00+09:00,2480.0,2500.0,2415.0,2500.0,23284,0.0,0.0
2025-07-11 00:00:00+09:00,2480.0,2495.0,2450.0,2480.0,12607,0.0,0.0
2025-07-14 00:00:00+09:00,2480.0,2535.0,2430.0,2480.0,21119,0.0,0.0
2025-07-15 00:00:00+09:00,2480.0,2480.0,2425.0,2435.0,33999,0.0,0.0
2025-07-16 00:00:00+09:00,2445.0,2550.0,2405.0,2515.0,37635,0.0,0.0
2025-07-17 00:00:00+09:00,2550.0,3050.0,2515.0,2915.0,1191971,0.0,0.0
2025-07-18 00:00:00+09:00,2960.0,3280.0,2780.0,3225.0,718923,0.0,0.0
2025-07-21 00:00:00+09:00,3365.0,3780.0,3150.0,3705.0,1548915,0.0,0.0
2025-07-22 00:00:00+09:00,3930.0,3940.0,3110.0,3160.0,1681384,0.0,0.0
2025-07-23 00:00:00+09:00,3090.0,3090.0,2840.0,2845.0,447921,0.0,0.0
2025-07-24 00:00:00+09:00,2875.0,3005.0,2760.0,2765.0,289371,0.0,0.0
2025-07-25 00:00:00+09:00,2740.0,2875.0,2735.0,2875.0,94622,0.0,0.0
2025-07-28 00:00:00+09:00,2940.0,2940.0,2705.0,2785.0,103067,0.0,0.0
2025-07-29 00:00:00+09:00,2785.0,2795.0,2695.0,2750.0,46418,0.0,0.0
2025-07-30 00:00:00+09:00,2755.0,2765.0,2660.0,2690.0,58307,0.0,0.0
2025-07-31 00:00:00+09:00,2690.0,2745.0,2630.0,2690.0,43575,0.0,0.0
2025-08-01 00:00:00+09:00,2685.0,2725.0,2620.0,2685.0,61909,0.0,0.0
2025-08-04 00:00:00+09:00,2680.0,2740.0,2640.0,2690.0,36223,0.0,0.0
2025-08-05 00:00:00+09:00,2795.0,2795.0,2665.0,2730.0,25860,0.0,0.0
2025-08-06 00:00:00+09:00,2765.0,2765.0,2650.0,2750.0,61876,0.0,0.0
2025-08-07 00:00:00+09:00,2770.0,2770.0,2620.0,2640.0,49655,0.0,0.0
2025-08-08 00:00:00+09:00,2665.0,2760.0,2615.0,2715.0,33693,0.0,0.0
2025-08-11 00:00:00+09:00,2755.0,2755.0,2620.0,2720.0,58560,0.0,0.0
2025-08-12 00:00:00+09:00,2705.0,2815.0,2670.0,2715.0,29273,0.0,0.0
2025-08-13 00:00:00+09:00,2715.0,2780.0,2690.0,2770.0,19690,0.0,0.0
2025-08-14 00:00:00+09:00,2750.0,2965.0,2750.0,2845.0,168122,0.0,0.0
2025-08-18 00:00:00+09:00,2845.0,2975.0,2840.0,2925.0,76500,0.0,0.0
2025-08-19 00:00:00+09:00,2925.0,2925.0,2800.0,2800.0,28954,0.0,0.0
2025-08-20 00:00:00+09:00,2780.0,2875.0,2755.0,2865.0,20093,0.0,0.0
2025-08-21 00:00:00+09:00,2910.0,2915.0,2810.0,2840.0,25304,0.0,0.0
2025-08-22 00:00:00+09:00,2850.0,2930.0,2750.0,2920.0,33757,0.0,0.0
2025-08-25 00:00:00+09:00,2925.0,2950.0,2890.0,2940.0,26269,0.0,0.0
2025-08-26 00:00:00+09:00,2940.0,2950.0,2860.0,2875.0,24303,0.0,0.0
2025-08-27 00:00:00+09:00,2875.0,2885.0,2815.0,2815.0,11572,0.0,0.0
2025-08-28 00:00:00+09:00,2835.0,2855.0,2720.0,2720.0,28887,0.0,0.0
2025-08-29 00:00:00+09:00,2715.0,2765.0,2655.0,2660.0,16015,0.0,0.0
2025-09-01 00:00:00+09:00,2640.0,2700.0,2610.0,2675.0,23399,0.0,0.0
2025-09-02 00:00:00+09:00,2660.0,2705.0,2630.0,2695.0,12755,0.0,0.0
2025-09-03 00:00:00+09:00,2695.0,2725.0,2570.0,2670.0,21663,0.0,0.0
2025-09-04 00:00:00+09:00,2670.0,2745.0,2640.0,2725.0,5657,0.0,0.0
2025-09-05 00:00:00+09:00,2700.0,2755.0,2500.0,2530.0,103644,0.0,0.0
2025-09-08 00:00:00+09:00,2540.0,2615.0,2535.0,2600.0,28386,0.0,0.0
2025-09-09 00:00:00+09:00,2605.0,2660.0,2550.0,2635.0,16518,0.0,0.0
2025-09-10 00:00:00+09:00,2635.0,2950.0,2635.0,2950.0,82634,0.0,0.0
2025-09-11 00:00:00+09:00,2920.0,2925.0,2775.0,2820.0,35960,0.0,0.0
2025-09-12 00:00:00+09:00,2820.0,2900.0,2750.0,2900.0,20988,0.0,0.0
2025-09-15 00:00:00+09:00,2900.0,2905.0,2800.0,2840.0,30826,0.0,0.0
2025-09-16 00:00:00+09:00,2805.0,2830.0,2780.0,2785.0,21408,0.0,0.0
2025-09-17 00:00:00+09:00,2785.0,2785.0,2665.0,2685.0,27523,0.0,0.0
2025-09-18 00:00:00+09:00,2685.0,2725.0,2665.0,2695.0,7719,0.0,0.0
2025-09-22 00:00:00+09:00,2805.0,2805.0,2660.0,2675.0,19677,0.0,0.0
2025-09-23 00:00:00+09:00,2680.0,2815.0,2665.0,2765.0,27753,0.0,0.0
2025-09-24 00:00:00+09:00,2795.0,2795.0,2660.0,2680.0,11409,0.0,0.0
2025-09-25 00:00:00+09:00,2685.0,2725.0,2645.0,2650.0,16022,0.0,0.0
2025-09-26 00:00:00+09:00,2700.0,2700.0,2545.0,2595.0,43691,0.0,0.0
2025-09-29 00:00:00+09:00,3050.0,3370.0,2680.0,2715.0,5322868,0.0,0.0
2025-09-30 00:00:00+09:00,2680.0,2685.0,2545.0,2560.0,424136,0.0,0.0
2025-10-01 00:00:00+09:00,2550.0,2675.0,2455.0,2495.0,419654,0.0,0.0
2025-10-02 00:00:00+09:00,2460.0,2515.0,2435.0,2450.0,229481,0.0,0.0
2025-10-10 00:00:00+09:00,2435.0,2450.0,2335.0,2355.0,284528,0.0,0.0
2025-10-13 00:00:00+09:00,2330.0,2390.0,2300.0,2375.0,68756,0.0,0.0
2025-10-14 00:00:00+09:00,2395.0,2400.0,2330.0,2335.0,65724,0.0,0.0
2025-10-15 00:00:00+09:00,2325.0,2375.0,2320.0,2355.0,73884,0.0,0.0
2025-10-16 00:00:00+09:00,2345.0,2435.0,2345.0,2410.0,87834,0.0,0.0
2025-10-17 00:00:00+09:00,2400.0,2405.0,2320.0,2355.0,80190,0.0,0.0
2025-10-20 00:00:00+09:00,2355.0,2410.0,2300.0,2350.0,98579,0.0,0.0
2025-10-21 00:00:00+09:00,2400.0,2400.0,2330.0,2340.0,29898,0.0,0.0
2025-10-22 00:00:00+09:00,2355.0,2395.0,2340.0,2380.0,32193,0.0,0.0
2025-10-23 00:00:00+09:00,2370.0,2405.0,2335.0,2340.0,41578,0.0,0.0
2025-10-24 00:00:00+09:00,2385.0,2385.0,2300.0,2310.0,71090,0.0,0.0
2025-10-27 00:00:00+09:00,2310.0,2320.0,2260.0,2265.0,75202,0.0,0.0
2025-10-28 00:00:00+09:00,2265.0,2280.0,2210.0,2230.0,65580,0.0,0.0
2025-10-29 00:00:00+09:00,2210.0,2245.0,2180.0,2240.0,59547,0.0,0.0
2025-10-30 00:00:00+09:00,2240.0,2260.0,2135.0,2150.0,79906,0.0,0.0
2025-10-31 00:00:00+09:00,2145.0,2175.0,2105.0,2155.0,26785,0.0,0.0
2025-11-03 00:00:00+09:00,2155.0,2290.0,2155.0,2190.0,51438,0.0,0.0
2025-11-04 00:00:00+09:00,2175.0,2235.0,2155.0,2190.0,30485,0.0,0.0
2025-11-05 00:00:00+09:00,2195.0,2220.0,2080.0,2195.0,72366,0.0,0.0
2025-11-06 00:00:00+09:00,2190.0,2220.0,2105.0,2165.0,41163,0.0,0.0
2025-11-07 00:00:00+09:00,2165.0,2200.0,2010.0,2040.0,82417,0.0,0.0
2025-11-10 00:00:00+09:00,2040.0,2125.0,2040.0,2105.0,35989,0.0,0.0
2025-11-11 00:00:00+09:00,2095.0,2150.0,2000.0,2055.0,28066,0.0,0.0
2025-11-12 00:00:00+09:00,2055.0,2120.0,2055.0,2095.0,13872,0.0,0.0
2025-11-13 00:00:00+09:00,2115.0,2160.0,2100.0,2150.0,10225,0.0,0.0
2025-11-14 00:00:00+09:00,2150.0,2160.0,2085.0,2105.0,15639,0.0,0.0
2025-11-17 00:00:00+09:00,2090.0,2235.0,2085.0,2165.0,28969,0.0,0.0
2025-11-18 00:00:00+09:00,2140.0,2195.0,2080.0,2130.0,31716,0.0,0.0
2025-11-19 00:00:00+09:00,2110.0,2220.0,2100.0,2100.0,22618,0.0,0.0
2025-11-20 00:00:00+09:00,2100.0,2165.0,2080.0,2090.0,11703,0.0,0.0
2025-11-21 00:00:00+09:00,2090.0,2115.0,2020.0,2035.0,19808,0.0,0.0
2025-11-24 00:00:00+09:00,2085.0,2085.0,1993.0,1993.0,64149,0.0,0.0
2025-11-25 00:00:00+09:00,2015.0,2030.0,1983.0,2005.0,44961,0.0,0.0
2025-11-26 00:00:00+09:00,2015.0,2030.0,1990.0,2030.0,9133,0.0,0.0
2025-11-27 00:00:00+09:00,2040.0,2140.0,2025.0,2115.0,31469,0.0,0.0
2025-11-28 00:00:00+09:00,2095.0,2125.0,2070.0,2105.0,16697,0.0,0.0
2025-12-01 00:00:00+09:00,2105.0,2150.0,2010.0,2085.0,54256,0.0,0.0
2025-12-02 00:00:00+09:00,2085.0,2165.0,2055.0,2090.0,20960,0.0,0.0
2025-12-03 00:00:00+09:00,2095.0,2100.0,2000.0,2045.0,26092,0.0,0.0
2025-12-04 00:00:00+09:00,2050.0,2085.0,2045.0,2070.0,18724,0.0,0.0
2025-12-05 00:00:00+09:00,2080.0,2100.0,2030.0,2035.0,15779,0.0,0.0
2025-12-08 00:00:00+09:00,2035.0,2080.0,2020.0,2030.0,11179,0.0,0.0
2025-12-09 00:00:00+09:00,2015.0,2140.0,2000.0,2035.0,41621,0.0,0.0
2025-12-10 00:00:00+09:00,2015.0,2030.0,1980.0,2020.0,67834,0.0,0.0
2025-12-11 00:00:00+09:00,2010.0,2025.0,1990.0,2000.0,10597,0.0,0.0
2025-12-12 00:00:00+09:00,2030.0,2030.0,1955.0,1996.0,94036,0.0,0.0
2025-12-15 00:00:00+09:00,2005.0,2025.0,1999.0,2015.0,14125,0.0,0.0
2025-12-16 00:00:00+09:00,2040.0,2040.0,1980.0,1984.0,9040,0.0,0.0
2025-12-17 00:00:00+09:00,1969.0,2015.0,1969.0,2000.0,4572,0.0,0.0
2025-12-18 00:00:00+09:00,2025.0,2025.0,1951.0,1951.0,16511,0.0,0.0
2025-12-19 00:00:00+09:00,1954.0,2030.0,1950.0,2005.0,20775,0.0,0.0
2025-12-22 00:00:00+09:00,2100.0,2100.0,2005.0,2005.0,23466,0.0,0.0
2025-12-23 00:00:00+09:00,2005.0,2020.0,1982.0,1984.0,13767,0.0,0.0
2025-12-24 00:00:00+09:00,1983.0,2107.0,1980.0,2075.0,38306,0.0,0.0
2025-12-26 00:00:00+09:00,2115.0,2115.0,2000.0,2015.0,30471,0.0,0.0
2025-12-29 00:00:00+09:00,2010.0,2065.0,1983.0,2065.0,17945,0.0,0.0
2025-12-30 00:00:00+09:00,2065.0,2105.0,2000.0,2005.0,9840,0.0,0.0
2026-01-02 00:00:00+09:00,2005.0,2030.0,2000.0,2025.0,13543,0.0,0.0
2026-01-05 00:00:00+09:00,2010.0,2040.0,2000.0,2030.0,19902,0.0,0.0
2026-01-06 00:00:00+09:00,2030.0,2060.0,2000.0,2000.0,20121,0.0,0.0
2026-01-07 00:00:00+09:00,2000.0,2015.0,1950.0,1950.0,41670,0.0,0.0
2026-01-08 00:00:00+09:00,1960.0,1963.0,1900.0,1910.0,47294,0.0,0.0
2026-01-09 00:00:00+09:00,1903.0,1928.0,1900.0,1913.0,9104,0.0,0.0
2026-01-12 00:00:00+09:00,1912.0,1912.0,1900.0,1900.0,13202,0.0,0.0
2026-01-13 00:00:00+09:00,1909.0,1918.0,1876.0,1886.0,52056,0.0,0.0
2026-01-14 00:00:00+09:00,1886.0,1904.0,1851.0,1898.0,27716,0.0,0.0
2026-01-15 00:00:00+09:00,1885.0,1916.0,1800.0,1886.0,36560,0.0,0.0
2026-01-16 00:00:00+09:00,1886.0,1887.0,1830.0,1842.0,21585,0.0,0.0
2026-01-19 00:00:00+09:00,1853.0,1853.0,1698.0,1743.0,156760,0.0,0.0
2026-01-20 00:00:00+09:00,1750.0,1750.0,1695.0,1717.0,156020,0.0,0.0
2026-01-21 00:00:00+09:00,1717.0,1732.0,1701.0,1713.0,52390,0.0,0.0
2026-01-22 00:00:00+09:00,1713.0,1724.0,1692.0,1715.0,59259,0.0,0.0
2026-01-23 00:00:00+09:00,1723.0,1757.0,1715.0,1754.0,29333,0.0,0.0
2026-01-26 00:00:00+09:00,1754.0,2160.0,1754.0,1899.0,1779252,0.0,0.0
2026-01-27 00:00:00+09:00,1897.0,1950.0,1833.0,1899.0,154432,0.0,0.0
2026-01-28 00:00:00+09:00,1929.0,1929.0,1873.0,1900.0,88392,0.0,0.0
2026-01-29 00:00:00+09:00,1950.0,2000.0,1900.0,1995.0,85090,0.0,0.0
2026-01-30 00:00:00+09:00,2005.0,2005.0,1923.0,1982.0,58526,0.0,0.0
2026-02-02 00:00:00+09:00,2020.0,2020.0,1940.0,1941.0,41033,0.0,0.0
2026-02-03 00:00:00+09:00,1981.0,1981.0,1831.0,1850.0,80559,0.0,0.0
2026-02-04 00:00:00+09:00,1899.0,1899.0,1837.0,1877.0,55803,0.0,0.0
2026-02-05 00:00:00+09:00,1899.0,1899.0,1826.0,1835.0,32447,0.0,0.0
2026-02-06 00:00:00+09:00,1835.0,1835.0,1768.0,1835.0,28012,0.0,0.0
2026-02-09 00:00:00+09:00,1771.0,1833.0,1771.0,1791.0,59542,0.0,0.0
2026-02-10 00:00:00+09:00,1874.0,1874.0,1786.0,1818.0,36995,0.0,0.0
2026-02-11 00:00:00+09:00,1818.0,1878.0,1818.0,1867.0,60882,0.0,0.0
2026-02-12 00:00:00+09:00,1827.0,1919.0,1827.0,1885.0,13236,0.0,0.0
2026-02-13 00:00:00+09:00,1885.0,1921.0,1821.0,1885.0,45449,0.0,0.0
2026-02-19 00:00:00+09:00,1885.0,1893.0,1808.0,1890.0,59092,0.0,0.0
2026-02-20 00:00:00+09:00,1890.0,1932.0,1849.0,1911.0,38939,0.0,0.0
2026-02-23 00:00:00+09:00,1911.0,1931.0,1867.0,1930.0,49319,0.0,0.0
2026-02-24 00:00:00+09:00,1868.0,2045.0,1868.0,2030.0,103172,0.0,0.0
2026-02-25 00:00:00+09:00,2020.0,2110.0,2020.0,2105.0,105257,0.0,0.0
2026-02-26 00:00:00+09:00,2100.0,2100.0,2010.0,2080.0,55233,0.0,0.0
2026-02-27 00:00:00+09:00,2075.0,2080.0,1956.0,1998.0,26405,0.0,0.0
2026-03-03 00:00:00+09:00,1998.0,2015.0,1930.0,1998.0,67724,0.0,0.0
2026-03-04 00:00:00+09:00,1998.0,1998.0,1800.0,1824.0,161198,0.0,0.0
2026-03-05 00:00:00+09:00,1862.0,2010.0,1831.0,1997.0,68535,0.0,0.0
2026-03-06 00:00:00+09:00,1958.0,2035.0,1951.0,1995.0,30929,0.0,0.0
2026-03-09 00:00:00+09:00,1995.0,2000.0,1927.0,1970.0,13052,0.0,0.0
2026-03-10 00:00:00+09:00,1970.0,2100.0,1943.0,1966.0,54209,0.0,0.0
2026-03-11 00:00:00+09:00,2000.0,2000.0,1952.0,1960.0,23072,0.0,0.0
2026-03-12 00:00:00+09:00,1960.0,2025.0,1947.0,1998.0,22700,0.0,0.0
2026-03-13 00:00:00+09:00,1999.0,2180.0,1933.0,2000.0,248803,0.0,0.0
2026-03-16 00:00:00+09:00,2000.0,2005.0,1952.0,1967.0,30794,0.0,0.0
2026-03-17 00:00:00+09:00,1963.0,2090.0,1963.0,2015.0,33820,0.0,0.0
2026-03-18 00:00:00+09:00,2000.0,2075.0,1977.0,2020.0,12383,0.0,0.0
2026-03-19 00:00:00+09:00,2060.0,2075.0,1963.0,1978.0,10395,0.0,0.0
2026-03-20 00:00:00+09:00,1947.0,2045.0,1883.0,1913.0,105104,0.0,0.0
2026-03-23 00:00:00+09:00,1915.0,1958.0,1851.0,1926.0,15074,0.0,0.0
2026-03-24 00:00:00+09:00,1962.0,1962.0,1856.0,1912.0,7207,0.0,0.0
2026-03-25 00:00:00+09:00,1960.0,1962.0,1877.0,1934.0,14534,0.0,0.0
2026-03-26 00:00:00+09:00,1961.0,1961.0,1882.0,1900.0,5925,0.0,0.0
2026-03-27 00:00:00+09:00,1884.0,1962.0,1884.0,1959.0,14714,0.0,0.0
2026-03-30 00:00:00+09:00,1954.0,1954.0,1890.0,1909.0,9820,0.0,0.0
2026-03-31 00:00:00+09:00,1930.0,1974.0,1888.0,1912.0,24084,0.0,0.0
2026-04-01 00:00:00+09:00,1913.0,1980.0,1913.0,1970.0,17149,0.0,0.0
2026-04-02 00:00:00+09:00,1970.0,2010.0,1915.0,1950.0,64592,0.0,0.0
2026-04-03 00:00:00+09:00,1948.0,1999.0,1927.0,1942.0,8158,0.0,0.0
2026-04-06 00:00:00+09:00,1965.0,1990.0,1937.0,1959.0,14543,0.0,0.0
2026-04-07 00:00:00+09:00,1968.0,1971.0,1910.0,1911.0,21702,0.0,0.0
2026-04-08 00:00:00+09:00,1957.0,1957.0,1913.0,1931.0,31932,0.0,0.0
2026-04-09 00:00:00+09:00,2115.0,2115.0,1959.0,1975.0,33798,0.0,0.0
2026-04-10 00:00:00+09:00,2005.0,2005.0,1953.0,1972.0,7426,0.0,0.0
2026-04-13 00:00:00+09:00,1975.0,1999.0,1900.0,1964.0,7315,0.0,0.0
2026-04-14 00:00:00+09:00,1980.0,1980.0,1928.0,1950.0,33373,0.0,0.0
2026-04-15 00:00:00+09:00,1992.0,1992.0,1946.0,1958.0,33839,0.0,0.0
2026-04-16 00:00:00+09:00,1999.0,2055.0,1966.0,1994.0,37431,0.0,0.0
2026-04-17 00:00:00+09:00,2000.0,2030.0,1985.0,2010.0,14846,0.0,0.0
2026-04-20 00:00:00+09:00,2055.0,2155.0,1993.0,2090.0,84878,0.0,0.0
2026-04-21 00:00:00+09:00,2100.0,2115.0,2035.0,2040.0,44479,0.0,0.0
2026-04-22 00:00:00+09:00,2065.0,2065.0,1980.0,2040.0,35649,0.0,0.0
2026-04-23 00:00:00+09:00,2050.0,2095.0,2020.0,2045.0,17034,0.0,0.0
2026-04-24 00:00:00+09:00,2045.0,2045.0,1968.0,1985.0,48677,0.0,0.0
2026-04-27 00:00:00+09:00,1968.0,2040.0,1968.0,1998.0,10580,0.0,0.0
2026-04-28 00:00:00+09:00,1998.0,2020.0,1997.0,2005.0,14295,0.0,0.0
2026-04-29 00:00:00+09:00,1952.0,2020.0,1952.0,1997.0,39815,0.0,0.0
2026-04-30 00:00:00+09:00,2020.0,2020.0,1942.0,1955.0,61425,0.0,0.0
2026-05-04 00:00:00+09:00,1967.0,1967.0,1913.0,1922.0,20425,0.0,0.0
2026-05-06 00:00:00+09:00,1924.0,1960.0,1852.0,1867.0,47884,0.0,0.0
2026-05-07 00:00:00+09:00,1868.0,1887.0,1850.0,1853.0,17752,0.0,0.0
2026-05-08 00:00:00+09:00,1855.0,1941.0,1843.0,1865.0,8482,0.0,0.0
2026-05-11 00:00:00+09:00,1917.0,1917.0,1800.0,1806.0,46261,0.0,0.0
2026-05-12 00:00:00+09:00,1806.0,1831.0,1700.0,1778.0,82732,0.0,0.0
2026-05-13 00:00:00+09:00,1770.0,1932.0,1754.0,1908.0,37618,0.0,0.0
2026-05-14 00:00:00+09:00,1942.0,1942.0,1850.0,1860.0,5719,0.0,0.0
2026-05-15 00:00:00+09:00,1860.0,1860.0,1790.0,1791.0,11653,0.0,0.0
2026-05-18 00:00:00+09:00,1791.0,1813.0,1700.0,1800.0,37662,0.0,0.0
2026-05-19 00:00:00+09:00,1771.0,1791.0,1718.0,1718.0,29202,0.0,0.0
2026-05-20 00:00:00+09:00,1718.0,1770.0,1688.0,1750.0,42082,0.0,0.0
2026-05-21 00:00:00+09:00,1800.0,1802.0,1632.0,1685.0,134597,0.0,0.0
2026-05-22 00:00:00+09:00,1691.0,1794.0,1691.0,1781.0,43690,0.0,0.0
2026-05-26 00:00:00+09:00,1802.0,1802.0,1742.0,1750.0,9443,0.0,0.0
2026-05-27 00:00:00+09:00,1802.0,1802.0,1676.0,1770.0,29185,0.0,0.0
2026-05-28 00:00:00+09:00,1802.0,1822.0,1667.0,1729.0,27040,0.0,0.0
2026-05-29 00:00:00+09:00,1716.0,1760.0,1623.0,1738.0,29245,0.0,0.0
2026-06-01 00:00:00+09:00,1738.0,1762.0,1588.0,1593.0,79262,0.0,0.0
2026-06-02 00:00:00+09:00,1593.0,1593.0,1460.0,1500.0,74525,0.0,0.0
2026-06-04 00:00:00+09:00,1508.0,1592.0,1461.0,1591.0,25085,0.0,0.0
2026-06-05 00:00:00+09:00,1649.0,1649.0,1512.0,1601.0,17525,0.0,0.0
2026-06-08 00:00:00+09:00,1587.0,1587.0,1498.0,1540.0,22369,0.0,0.0
2026-06-09 00:00:00+09:00,1467.0,1682.0,1436.0,1611.0,101595,0.0,0.0
2026-06-10 00:00:00+09:00,1679.0,1679.0,1604.0,1668.0,7847,0.0,0.0
2026-06-11 00:00:00+09:00,1672.0,1672.0,1638.0,1670.0,3834,0.0,0.0
2026-06-12 00:00:00+09:00,1679.0,1680.0,1607.0,1673.0,5406,0.0,0.0
2026-06-15 00:00:00+09:00,1626.0,1679.0,1624.0,1667.0,12590,0.0,0.0
2026-06-16 00:00:00+09:00,1643.0,1669.0,1618.0,1621.0,6153,0.0,0.0
2026-06-17 00:00:00+09:00,1682.0,1682.0,1586.0,1622.0,15736,0.0,0.0
2026-06-18 00:00:00+09:00,1631.0,1671.0,1570.0,1599.0,7196,0.0,0.0
2026-06-19 00:00:00+09:00,1599.0,1599.0,1470.0,1472.0,30087,0.0,0.0
