Date,Open,High,Low,Close,Volume,Dividends,Stock Splits
2010-05-27 00:00:00+08:00,99.67026523086328,99.67026523086328,84.05526064479709,96.18180847167969,1512916,0.0,0.0
2010-05-28 00:00:00+08:00,96.181805844452,96.181805844452,88.87265262648418,91.19828796386719,666699,0.0,0.0
2010-05-31 00:00:00+08:00,90.53382683499188,90.53382683499188,86.38089752197266,86.38089752197266,540286,0.0,0.0
2010-06-01 00:00:00+08:00,85.88254566369034,87.37759957934799,82.97549231899922,83.22467041015625,621098,0.0,0.0
2010-06-02 00:00:00+08:00,83.22466893134626,88.70653562989835,82.89243635946846,83.39078521728516,696137,0.0,0.0
2010-06-03 00:00:00+08:00,84.71972734165004,85.88254872092038,77.57669008686659,77.65975189208984,1086344,0.0,0.0
2010-06-04 00:00:00+08:00,77.24445228803117,79.73621117333606,76.33080907040252,76.4969253540039,574342,0.0,0.0
2010-06-07 00:00:00+08:00,73.09152347260266,73.09152347260266,71.1811752319336,71.1811752319336,233200,0.0,0.0
2010-06-08 00:00:00+08:00,66.61296230031176,69.52000838396755,66.2807297162898,66.44684600830078,521237,0.0,0.0
2010-06-09 00:00:00+08:00,66.44684260034761,68.93859416835674,63.290611267089844,63.290611267089844,345182,0.0,0.0
2010-06-10 00:00:00+08:00,63.62285403602174,64.53649729449226,60.13439363534559,60.79886245727539,375775,0.0,0.0
2010-06-11 00:00:00+08:00,63.124495204527065,65.03484344482422,62.293913784164424,65.03484344482422,152388,0.0,0.0
2010-06-14 00:00:00+08:00,68.60636435368461,68.60636435368461,64.78567504882812,64.78567504882812,380971,0.0,0.0
2010-06-15 00:00:00+08:00,64.4534323116849,64.4534323116849,62.127797036385424,62.46002960205078,240704,0.0,0.0
2010-06-17 00:00:00+08:00,63.1244941470051,64.45343171296375,62.5430908203125,62.5430908203125,264948,0.0,0.0
2010-06-18 00:00:00+08:00,62.79226493567991,66.28072897586812,62.79226493567991,64.78567504882812,275915,0.0,0.0
2010-06-21 00:00:00+08:00,64.78567360577324,65.7823713245043,63.95508485785521,64.03813934326172,212997,0.0,0.0
2010-06-22 00:00:00+08:00,64.53649695577401,64.95179133898343,63.95508628240931,64.78567504882812,136803,0.0,0.0
2010-06-23 00:00:00+08:00,64.12120412225018,64.9517929087427,63.5397934348339,63.705909729003906,120063,0.0,0.0
2010-06-24 00:00:00+08:00,63.7889671803542,63.87202166394954,62.2939133192181,62.46002960205078,133339,0.0,0.0
2010-06-25 00:00:00+08:00,61.46332629611549,61.46332629611549,58.30710220336914,58.30710220336914,309394,0.0,0.0
2010-06-28 00:00:00+08:00,58.30710220336914,58.30710220336914,58.30710220336914,58.30710220336914,0,0.0,0.0
2010-06-29 00:00:00+08:00,56.81204974719929,59.71909948279342,56.645933455524464,58.140987396240234,413873,0.0,0.0
2010-06-30 00:00:00+08:00,56.47981461732667,56.47981461732667,54.32029194945749,54.48640823364258,253980,0.0,0.0
2010-07-01 00:00:00+08:00,54.15417647862279,54.48640905198281,52.991355156220536,53.07441329956055,141421,0.0,0.0
2010-07-02 00:00:00+08:00,53.65582671539443,54.154179258840436,51.99465644766945,52.32688903808594,110827,0.0,0.0
2010-07-05 00:00:00+08:00,52.49300060803447,54.07111624391945,52.3268843277795,53.32358932495117,112559,0.0,0.0
2010-07-06 00:00:00+08:00,52.99135903142106,55.64923444395312,52.99135903142106,54.81864929199219,165087,0.0,0.0
2010-07-07 00:00:00+08:00,54.48640669782989,58.63933563232422,53.821937921997964,58.63933563232422,437539,0.0,0.0
2010-07-08 00:00:00+08:00,58.639337164919,59.220744158374245,56.812047069167996,57.144283294677734,268411,0.0,0.0
2010-07-09 00:00:00+08:00,57.14428844904706,58.05793175042195,54.65252933534292,54.81864929199219,312280,0.0,0.0
2010-07-12 00:00:00+08:00,54.984759999870285,55.649228785438915,54.48640749623857,54.56946563720703,147193,0.0,0.0
2010-07-13 00:00:00+08:00,54.81864929199219,55.56617629453916,54.65252933534292,54.81864929199219,103323,0.0,0.0
2010-07-14 00:00:00+08:00,55.64923444395312,55.64923444395312,54.81864929199219,54.81864929199219,77348,0.0,0.0
2010-07-15 00:00:00+08:00,54.984761142600405,56.47981502674578,54.90170299990578,55.316993713378906,103323,0.0,0.0
2010-07-16 00:00:00+08:00,55.15087852784506,57.22734311008411,54.32029342651367,54.32029342651367,161046,0.0,0.0
2010-07-19 00:00:00+08:00,53.3235901094516,53.48970639215048,51.49630002630095,51.91159439086914,219346,0.0,0.0
2010-07-20 00:00:00+08:00,51.911595634979385,54.320292765302796,51.911595634979385,53.07441329956055,102746,0.0,0.0
2010-07-21 00:00:00+08:00,53.074415270871484,53.73888410009258,52.24383014880042,52.40994644165039,114291,0.0,0.0
2010-07-22 00:00:00+08:00,53.074414519783055,53.15747266503263,52.40994569996526,52.493003845214844,71576,0.0,0.0
2010-07-23 00:00:00+08:00,53.15747533024898,55.316998188475935,52.99135903142106,54.81864929199219,210111,0.0,0.0
2010-07-26 00:00:00+08:00,54.81864745019293,55.150880036686395,53.821942375070066,54.154178619384766,91202,0.0,0.0
2010-07-27 00:00:00+08:00,54.81864542787261,57.89181137084961,54.154176621577435,57.89181137084961,282842,0.0,0.0
2010-07-28 00:00:00+08:00,59.80215559878696,61.87862014770508,59.80215559878696,61.87862014770508,744625,0.0,0.0
2010-07-29 00:00:00+08:00,63.12450019548227,66.19766998291016,63.12450019548227,66.19766998291016,557025,0.0,0.0
2010-07-30 00:00:00+08:00,70.2675358337438,70.7658920288086,68.10801670727126,70.7658920288086,1682622,0.0,0.0
2010-08-02 00:00:00+08:00,73.92211726060508,73.92211726060508,68.19107214693837,69.7691879272461,723267,0.0,0.0
2010-08-03 00:00:00+08:00,71.43035264188589,74.58657664137996,70.7658875117364,73.92211151123047,1060369,0.0,0.0
2010-08-04 00:00:00+08:00,72.75928965429532,75.5832810668424,71.09811952614561,73.09152221679688,697869,0.0,0.0
2010-08-05 00:00:00+08:00,73.58987404244853,77.2444543249769,72.75929260253906,72.75929260253906,674203,0.0,0.0
2010-08-06 00:00:00+08:00,72.75928965429532,74.25434350119426,71.26423580739639,73.09152221679688,358459,0.0,0.0
2010-08-09 00:00:00+08:00,73.92211274875433,78.15809631347656,73.75599646343602,78.15809631347656,943191,0.0,0.0
2010-08-10 00:00:00+08:00,79.23785790986943,79.23785790986943,74.08823098263717,74.42046356201172,709991,0.0,0.0
2010-08-11 00:00:00+08:00,73.58987399233752,73.58987399233752,69.27083587646484,69.27083587646484,584732,0.0,0.0
2010-08-12 00:00:00+08:00,66.6129639490438,73.92211755664727,66.6129639490438,72.34400177001953,491798,0.0,0.0
2010-08-13 00:00:00+08:00,72.84235065838706,75.08493162950487,70.68283149315182,72.34400177001953,503343,0.0,0.0
2010-08-16 00:00:00+08:00,72.42705709179377,74.91880862619736,71.43035208864717,73.09152221679688,386166,0.0,0.0
2010-08-17 00:00:00+08:00,73.09152228970939,73.67293293248807,70.26753087434523,70.43364715576172,239549,0.0,0.0
2010-08-18 00:00:00+08:00,71.18118222166709,71.18118222166709,69.27084110905152,69.52001190185547,203184,0.0,0.0
2010-08-19 00:00:00+08:00,69.93530571813585,70.59977091417318,69.10471690744649,69.60307312011719,237241,0.0,0.0
2010-08-20 00:00:00+08:00,70.26753797153151,72.51011897062294,70.26753797153151,72.26094818115234,284573,0.0,0.0
2010-08-23 00:00:00+08:00,73.09152463090923,73.09152463090923,70.84894378649147,71.92870330810547,212420,0.0,0.0
2010-08-24 00:00:00+08:00,70.93200931108942,72.26094699039,69.7691879272461,69.7691879272461,218769,0.0,0.0
2010-08-25 00:00:00+08:00,68.27412866355851,68.60636122873626,64.95178838049706,65.11790466308594,240127,0.0,0.0
2010-08-26 00:00:00+08:00,65.61625849552836,66.28073099200388,61.87862356423651,62.792266845703125,137380,0.0,0.0
2010-08-27 00:00:00+08:00,62.7922646127096,62.7922646127096,60.71580368080629,61.297210693359375,108519,0.0,0.0
2010-08-30 00:00:00+08:00,62.12780213026029,63.04144541857087,59.96827930291264,60.134395599365234,101015,0.0,0.0
2010-08-31 00:00:00+08:00,60.134389508920826,60.134389508920826,55.98146057128906,55.98146057128906,256289,0.0,0.0
2010-09-01 00:00:00+08:00,54.48641326196321,57.64263758403851,54.48641326196321,57.393463134765625,115445,0.0,0.0
2010-09-02 00:00:00+08:00,57.39345905941905,61.380271911621094,57.39345905941905,61.380271911621094,222810,0.0,0.0
2010-09-03 00:00:00+08:00,62.95838143141879,65.61625671386719,61.1310949181014,65.61625671386719,218769,0.0,0.0
2010-09-06 00:00:00+08:00,66.28073323942259,69.43695758668423,64.28732299804688,64.28732299804688,297850,0.0,0.0
2010-09-07 00:00:00+08:00,64.28731820116819,65.61625582437739,61.79556655883789,61.79556655883789,162201,0.0,0.0
2010-09-08 00:00:00+08:00,63.12449264526367,64.78567004992377,61.29720627890769,63.12449264526367,176054,0.0,0.0
2010-09-09 00:00:00+08:00,64.64456187419118,67.36643989857538,64.64456187419118,64.98480224609375,171436,1.547979,0.0
2010-09-10 00:00:00+08:00,64.98480032750972,66.09056090108038,62.433038818510916,64.04915618896484,95242,0.0,0.0
2010-09-13 00:00:00+08:00,64.3043251354378,64.3043251354378,62.433036915389785,63.283626556396484,80234,0.0,0.0
2010-09-14 00:00:00+08:00,63.283630264710894,67.70667268335063,62.943389893287346,66.00550079345703,158160,0.0,0.0
2010-09-15 00:00:00+08:00,65.3250350791512,67.70667272991787,65.3250350791512,67.02620697021484,182404,0.0,0.0
2010-09-16 00:00:00+08:00,67.7066727285685,71.36419491641453,67.62161825451035,70.08831787109375,392515,0.0,0.0
2010-09-17 00:00:00+08:00,71.78948797678973,74.93666076660156,71.44925510540624,74.93666076660156,774641,0.0,0.0
2010-09-20 00:00:00+08:00,74.34124929817439,74.34124929817439,71.10902204501105,71.53430938720703,323248,0.0,0.0
2010-09-21 00:00:00+08:00,70.5986671450999,73.06536676008442,69.74808494603938,72.12972259521484,225119,0.0,0.0
2010-09-23 00:00:00+08:00,77.14817810058594,77.14817810058594,74.00101295848617,77.14817810058594,798307,0.0,0.0
2010-09-24 00:00:00+08:00,82.33675765245829,82.50687408447266,79.95511262064585,82.50687408447266,1100775,0.0,0.0
2010-09-27 00:00:00+08:00,86.75981138772205,88.12075039881871,80.80570602360137,82.33676147460938,1122132,0.0,0.0
2010-09-28 00:00:00+08:00,82.67699433933925,84.5482826698283,80.8057060088502,80.97582244873047,333061,0.0,0.0
2010-09-29 00:00:00+08:00,80.97582243344286,84.54828265386624,79.10453410330709,82.67699432373047,409255,0.0,0.0
2010-09-30 00:00:00+08:00,82.50687602031128,82.50687602031128,79.10453231658431,81.06088256835938,240127,0.0,0.0
2010-10-01 00:00:00+08:00,80.80570596269422,82.16664497276508,79.87006179798412,79.95511627197266,181827,0.0,0.0
2010-10-04 00:00:00+08:00,80.46547117549274,81.65629371754908,76.63783264160156,76.63783264160156,240704,0.0,0.0
2010-10-05 00:00:00+08:00,75.0217170715332,77.40336221301948,74.00101843244427,76.55277252197266,231468,0.0,0.0
2010-10-06 00:00:00+08:00,81.31605528204352,81.5712336876212,78.25394438233559,79.95511627197266,310549,0.0,0.0
2010-10-07 00:00:00+08:00,79.95511243986243,79.95511243986243,76.04241952876758,77.06312561035156,311703,0.0,0.0
2010-10-08 00:00:00+08:00,78.16888992234632,78.16888992234632,75.19183349609375,75.19183349609375,100437,0.0,0.0
2010-10-11 00:00:00+08:00,74.25618539699235,75.87230272730558,72.29983520507812,72.29983520507812,115445,0.0,0.0
2010-10-12 00:00:00+08:00,72.81019589213413,74.68148422305205,72.21478460651369,73.15042877197266,121218,0.0,0.0
2010-10-13 00:00:00+08:00,73.15042872710684,78.25394439697266,73.15042872710684,78.25394439697266,313435,0.0,0.0
2010-10-14 00:00:00+08:00,77.74359138872155,79.69994159147662,76.21253601122729,79.10453033447266,345182,0.0,0.0
2010-10-15 00:00:00+08:00,79.10453415007511,79.10453415007511,75.36194999578484,77.57347869873047,175477,0.0,0.0
2010-10-18 00:00:00+08:00,77.23324583541863,77.23324583541863,73.15042880035413,75.87230682373047,151233,0.0,0.0
2010-10-19 00:00:00+08:00,74.59641854235464,76.12747391718885,74.00101477819082,75.70218658447266,72153,0.0,0.0
2010-10-20 00:00:00+08:00,73.3205416124128,77.91370774016158,73.3205416124128,77.74359130859375,137957,0.0,0.0
2010-10-21 00:00:00+08:00,79.10453410330709,79.10453410330709,75.36194995122952,76.55277252197266,150079,0.0,0.0
2010-10-22 00:00:00+08:00,76.46771417332081,76.46771417332081,74.08606915251285,74.68148040771484,91202,0.0,0.0
2010-10-25 00:00:00+08:00,74.68148040771484,75.7021864868905,74.5113639764865,74.68148040771484,91202,0.0,0.0
2010-10-26 00:00:00+08:00,74.5113639764865,75.0217132701715,73.23547950456553,74.68148040771484,124104,0.0,0.0
2010-10-27 00:00:00+08:00,76.38265032007195,76.38265032007195,73.66077250421876,75.44700622558594,51373,0.0,0.0
2010-10-28 00:00:00+08:00,74.85159499002272,75.10677337646484,73.66077250903342,75.10677337646484,100437,0.0,0.0
2010-10-29 00:00:00+08:00,75.1067752316885,75.1067752316885,73.40560342759953,74.68148040771484,83698,0.0,0.0
2010-11-01 00:00:00+08:00,73.66077605540359,74.68148215850813,69.49290466308594,69.49290466308594,155274,0.0,0.0
2010-11-02 00:00:00+08:00,66.34574114886716,67.19632334770564,64.64456176757812,64.64456176757812,518928,0.0,0.0
2010-11-03 00:00:00+08:00,63.028449906664385,63.028449906664385,60.13645553588867,60.13645553588867,178363,0.0,0.0
2010-11-04 00:00:00+08:00,55.96857833862305,55.96857833862305,55.96857833862305,55.96857833862305,293232,0.0,0.0
2010-11-05 00:00:00+08:00,56.308816983256136,59.79621887207031,56.308816983256136,59.79621887207031,958777,0.0,0.0
2010-11-08 00:00:00+08:00,59.541042169244946,59.541042169244946,57.4996337890625,57.4996337890625,367,0.0,0.0
2010-11-09 00:00:00+08:00,58.18010331451243,58.35022348914591,56.478931535399816,57.66975402832031,173168,0.0,0.0
2010-11-10 00:00:00+08:00,57.669754108617965,60.90198124261294,56.64904804300698,59.88127517700195,310549,0.0,0.0
2010-11-11 00:00:00+08:00,59.3709259537571,61.07209773706238,59.20080952460713,60.051395416259766,225696,0.0,0.0
2010-11-12 00:00:00+08:00,59.541042332325766,60.05139536524491,58.2651616229793,59.37092590332031,173745,0.0,0.0
2010-11-15 00:00:00+08:00,59.37092590332031,60.05139536524491,58.52034001239026,59.37092590332031,128722,0.0,0.0
2010-11-16 00:00:00+08:00,59.370925890099244,59.88127517700195,58.86057285729375,59.88127517700195,64649,0.0,0.0
2010-11-17 00:00:00+08:00,59.71116065487025,59.88127708927038,58.86057473696672,59.79621887207031,64072,0.0,0.0
2010-11-18 00:00:00+08:00,59.79621697583394,60.05139536524491,59.03068929940662,59.37092590332031,32902,0.0,0.0
2010-11-19 00:00:00+08:00,59.45598396742875,61.2422139592733,56.98928451538086,56.98928451538086,111982,0.0,0.0
2010-11-22 00:00:00+08:00,57.66975595034431,58.60540008544922,57.66975595034431,58.60540008544922,51950,0.0,0.0
2010-11-23 00:00:00+08:00,58.69045628064462,58.69045628064462,57.4996337890625,57.4996337890625,94088,0.0,0.0
2010-11-24 00:00:00+08:00,57.32951943622846,61.49739456176758,56.64904995153017,61.49739456176758,264948,0.0,0.0
2010-11-25 00:00:00+08:00,61.497392805365784,64.98479834660426,61.497392805365784,63.283626556396484,328443,0.0,0.0
2010-11-26 00:00:00+08:00,63.45374481693694,64.13421055592988,61.83762744911996,62.34798049926758,201452,0.0,0.0
2010-11-29 00:00:00+08:00,63.70891763308546,65.49515148920017,62.34798236839719,64.30432891845703,199721,0.0,0.0
2010-11-30 00:00:00+08:00,64.64455983916335,64.98480020035507,62.68821334838867,62.68821334838867,169128,0.0,0.0
2010-12-01 00:00:00+08:00,62.433036915389785,63.96409227575735,62.433036915389785,63.283626556396484,127567,0.0,0.0
2010-12-02 00:00:00+08:00,63.79397411931941,66.34573548146992,63.79397411931941,66.26067352294922,286305,0.0,0.0
2010-12-03 00:00:00+08:00,66.17561342515539,67.1963194970769,65.1549148450395,65.49514770507812,156429,0.0,0.0
2010-12-06 00:00:00+08:00,62.943386038058726,64.55950335496516,61.24221425236044,61.92268371582031,216460,0.0,0.0
2010-12-07 00:00:00+08:00,61.24221607606605,62.262922174602416,60.391630157887676,60.64680480957031,214729,0.0,0.0
2010-12-08 00:00:00+08:00,61.24221415690422,62.00774183386552,60.221511836256745,60.39162826538086,178940,0.0,0.0
2010-12-09 00:00:00+08:00,61.15715603766581,62.603153179280184,60.73186496419263,61.92268371582031,158160,0.0,0.0
2010-12-10 00:00:00+08:00,61.24221421231584,61.667509031413715,60.391628320022875,60.901981353759766,147770,0.0,0.0
2010-12-13 00:00:00+08:00,60.561748592324626,63.45374287830018,60.561748592324626,62.26292037963867,129876,0.0,0.0
2010-12-14 00:00:00+08:00,62.26292223490264,62.77327153876219,60.7318668315182,60.816925048828125,141421,0.0,0.0
2010-12-15 00:00:00+08:00,60.90198129865599,60.98703951321804,58.86057291145825,60.39162826538086,107941,0.0,0.0
2010-12-16 00:00:00+08:00,59.62610246735833,60.0513972994733,59.28586959838867,59.28586959838867,73885,0.0,0.0
2010-12-17 00:00:00+08:00,59.54104228494355,59.54104228494355,58.52033996582031,58.52033996582031,128144,0.0,0.0
2010-12-20 00:00:00+08:00,58.520340008021556,59.54104232788086,58.520340008021556,59.54104232788086,40983,0.0,0.0
2010-12-21 00:00:00+08:00,59.54104227622485,59.54104227622485,58.690456386096244,58.860572814941406,46178,0.0,0.0
2010-12-22 00:00:00+08:00,59.03068929499982,60.476686433243785,58.94563108050344,59.54104232788086,56,0.0,0.0
2010-12-23 00:00:00+08:00,59.541042427729906,62.6031531383457,59.541042427729906,60.901981353759766,253403,0.0,0.0
2010-12-24 00:00:00+08:00,61.242216115231166,62.77327151811194,60.561750376975624,61.15715789794922,149502,0.0,0.0
2010-12-27 00:00:00+08:00,62.347978494428645,62.347978494428645,60.901981353759766,60.901981353759766,120640,0.0,0.0
2010-12-28 00:00:00+08:00,61.41233434126511,62.09280005786499,59.62610059748206,60.051395416259766,106210,0.0,0.0
2010-12-29 00:00:00+08:00,60.051395321891725,60.051395321891725,58.350223541259766,58.350223541259766,112559,0.0,0.0
2010-12-30 00:00:00+08:00,58.35022544367417,58.605400095317684,58.009988828913244,58.43528366088867,55413,0.0,0.0
2010-12-31 00:00:00+08:00,59.455984122287106,60.561748402711146,58.605398231293194,59.200809478759766,24820,0.0,0.0
2011-01-03 00:00:00+08:00,60.05139727977008,60.05139727977008,58.009988828913244,58.43528366088867,61186,0.0,0.0
2011-01-04 00:00:00+08:00,58.43528169094592,59.20080936597226,58.095045087654896,58.18010330200195,79657,0.0,0.0
2011-01-05 00:00:00+08:00,58.2651614755972,58.2651614755972,56.6490479123278,56.98928451538086,121218,0.0,0.0
2011-01-06 00:00:00+08:00,57.15940288184705,57.83987236512054,56.989286447504405,57.75481414794922,49641,0.0,0.0
2011-01-07 00:00:00+08:00,57.83987033821574,57.83987033821574,56.81916427612305,56.81916427612305,48487,0.0,0.0
2011-01-10 00:00:00+08:00,56.98928445040701,57.3295173071694,56.47893141936066,56.81916427612305,54259,0.0,0.0
2011-01-11 00:00:00+08:00,56.90422654063216,60.73186492919922,56.734106365438116,60.73186492919922,143152,0.0,0.0
2011-01-12 00:00:00+08:00,63.28362652012138,64.47444152832031,62.09280027421404,64.47444152832031,677089,0.0,0.0
2011-01-13 00:00:00+08:00,64.13420857114853,64.64455785959932,63.113502502441406,63.113502502441406,322670,0.0,0.0
2011-01-14 00:00:00+08:00,62.77326965828349,62.77326965828349,61.66750912047649,62.603153228759766,135648,0.0,0.0
2011-01-17 00:00:00+08:00,62.6031531383457,62.94338599690177,60.901981353759766,60.901981353759766,87161,0.0,0.0
2011-01-18 00:00:00+08:00,59.711158752441406,60.901981247107855,59.711158752441406,59.711158752441406,69844,0.0,0.0
2011-01-19 00:00:00+08:00,61.24221422185683,61.24221422185683,60.05139547082227,60.56174850463867,51373,0.0,0.0
2011-01-20 00:00:00+08:00,59.796218911881674,60.05139730955465,58.945632993411834,59.115753173828125,96974,0.0,0.0
2011-01-21 00:00:00+08:00,59.115751217134424,59.115751217134424,58.18010336647434,58.350223541259766,111982,0.0,0.0
2011-01-24 00:00:00+08:00,58.180103357905324,60.051395313047095,58.180103357905324,58.69045639038086,78503,0.0,0.0
2011-01-25 00:00:00+08:00,59.88127508501568,59.88127508501568,58.009986877441406,58.009986877441406,75616,0.0,0.0
2011-01-26 00:00:00+08:00,57.83987045288086,58.35022348493896,57.83987045288086,57.83987045288086,72153,0.0,0.0
2011-01-27 00:00:00+08:00,58.09504698737389,58.69045825317617,57.839872335988446,58.26516342163086,31170,0.0,0.0
2011-01-28 00:00:00+08:00,58.26516152467696,58.35022348493896,57.499633849541205,57.83987045288086,56568,0.0,0.0
2011-02-08 00:00:00+08:00,57.83987232526217,57.83987232526217,56.734108010991164,57.24446105957031,57722,0.0,0.0
2011-02-09 00:00:00+08:00,56.9892844542506,56.9892844542506,56.47893142316983,56.6490478515625,64072,0.0,0.0
2011-02-10 00:00:00+08:00,56.39387331696856,59.37092580315238,55.96857849926968,57.83987045288086,113714,0.0,0.0
2011-02-11 00:00:00+08:00,57.839872284686706,57.839872284686706,56.30881688592621,56.734107971191406,77925,0.0,0.0
2011-02-14 00:00:00+08:00,56.56398984536613,59.370925907777995,56.56398984536613,59.200809478759766,133339,0.0,0.0
2011-02-15 00:00:00+08:00,59.54104262449487,63.283626556396484,59.54104262449487,63.283626556396484,609553,0.0,0.0
2011-02-16 00:00:00+08:00,62.94338608780721,66.17561323236916,61.32727251552624,62.603153228759766,608399,0.0,0.0
2011-02-17 00:00:00+08:00,62.60315323874036,63.96409216695272,62.17786216486325,62.26292037963867,278224,0.0,0.0
2011-02-18 00:00:00+08:00,63.283626393591284,63.62385925239643,61.667509076558474,61.752567291259766,190485,0.0,0.0
2011-02-21 00:00:00+08:00,62.26292413405232,66.00550079345703,60.391632058446945,66.00550079345703,441002,0.0,0.0
2011-02-22 00:00:00+08:00,66.09055910408415,70.08831394800664,64.984798560579,69.23772430419922,783299,0.0,0.0
2011-02-23 00:00:00+08:00,68.89749117704744,71.1090197473138,64.47444152832031,64.47444152832031,757324,0.0,0.0
2011-02-24 00:00:00+08:00,64.47444006735759,68.98255157470703,64.47444006735759,68.98255157470703,568570,0.0,0.0
2011-02-25 00:00:00+08:00,73.74583435058594,73.74583435058594,71.95960063195682,73.74583435058594,1835010,0.0,0.0
2011-03-01 00:00:00+08:00,73.7458363585193,78.25394051976939,72.044664552851,76.38265228271484,1333975,0.0,0.0
2011-03-02 00:00:00+08:00,73.49066165181118,75.3619499827291,72.04466816659443,73.15042877197266,666699,0.0,0.0
2011-03-03 00:00:00+08:00,74.00101248986974,74.17112891605687,70.59866149071074,70.68372344970703,642455,0.0,0.0
2011-03-04 00:00:00+08:00,72.12972080570188,75.61712646484375,71.27913862774402,75.61712646484375,799461,0.0,0.0
2011-03-07 00:00:00+08:00,77.06312396942185,80.89076232910156,77.06312396942185,80.89076232910156,1611045,0.0,0.0
2011-03-08 00:00:00+08:00,81.74134808962174,82.25170488805408,75.95735931396484,75.95735931396484,853721,0.0,0.0
2011-03-09 00:00:00+08:00,76.21253964227634,79.10453410330709,76.21253964227634,76.55277252197266,584732,0.0,0.0
2011-03-10 00:00:00+08:00,77.91371154915572,77.91371154915572,71.19407846059539,71.78948974609375,656886,0.0,0.0
2011-03-11 00:00:00+08:00,69.3227900865905,74.341251281354,69.3227900865905,73.83089447021484,513733,0.0,0.0
2011-03-14 00:00:00+08:00,72.46996293411861,72.81019581359011,68.98255719002069,69.40784454345703,347491,0.0,0.0
2011-03-15 00:00:00+08:00,68.89749523718865,69.40784455649174,64.5595072935973,64.64456176757812,481986,0.0,0.0
2011-03-16 00:00:00+08:00,63.28362644369105,66.3457371589727,60.221511982506605,62.43303680419922,382125,0.0,0.0
2011-03-17 00:00:00+08:00,59.626102427772096,60.8169249601811,58.095047026619326,58.775516510009766,398287,0.0,0.0
2011-03-18 00:00:00+08:00,59.11575329139443,62.858333587646484,59.11575329139443,62.858333587646484,282264,0.0,0.0
2011-03-21 00:00:00+08:00,62.85833178132978,66.17561340332031,62.85833178132978,66.17561340332031,420222,0.0,0.0
2011-03-22 00:00:00+08:00,67.19632343840101,70.59866722195918,66.77102859250472,69.74808502197266,535091,0.0,0.0
2011-03-23 00:00:00+08:00,69.74808503917122,69.74808503917122,67.19632345497035,68.04691314697266,283419,0.0,0.0
2011-03-24 00:00:00+08:00,68.04690922303097,69.5779645869016,66.68597028938979,67.19631958007812,218769,0.0,0.0
2011-03-25 00:00:00+08:00,67.5365544106579,70.08831592214871,66.3457393643143,67.45149993896484,318630,0.0,0.0
2011-03-28 00:00:00+08:00,67.11126887372482,67.11126887372482,64.64456176757812,64.64456176757812,273029,0.0,0.0
2011-03-29 00:00:00+08:00,64.64455611515788,65.49514573142815,64.13420684047894,64.21926879882812,128144,0.0,0.0
2011-03-30 00:00:00+08:00,64.64456184353843,66.6009121408748,64.64456184353843,65.32503509521484,183558,0.0,0.0
2011-03-31 00:00:00+08:00,64.98480221527966,66.17561729505279,64.55950736945766,65.32503509521484,117754,0.0,0.0
2011-04-01 00:00:00+08:00,66.00550080874464,66.00550080874464,64.13421247860887,64.30432891845703,106210,0.0,0.0
2011-04-06 00:00:00+08:00,64.3043250985776,65.32503116883943,64.3043250985776,64.47444152832031,118909,0.0,0.0
2011-04-07 00:00:00+08:00,64.81467820873226,68.04691303980574,64.81467820873226,67.70667266845703,237241,0.0,0.0
2011-04-08 00:00:00+08:00,67.70666877590699,67.96184716679646,65.66526412420811,65.83538055419922,199721,0.0,0.0
2011-04-11 00:00:00+08:00,65.06985276791745,66.51585365820762,64.6445579477259,64.8146743774414,136226,0.0,0.0
2011-04-12 00:00:00+08:00,64.47444535830519,65.41008952337307,63.793979598912564,64.30432891845703,106787,0.0,0.0
2011-04-13 00:00:00+08:00,65.0698509226229,65.0698509226229,63.964090414927234,64.55950164794922,92933,0.0,0.0
2011-04-14 00:00:00+08:00,64.55950552638184,66.1756154058395,64.55950552638184,65.75032806396484,148925,0.0,0.0
2011-04-15 00:00:00+08:00,66.68597020701895,67.0262030670576,65.49514770507812,65.49514770507812,169128,0.0,0.0
2011-04-18 00:00:00+08:00,65.58020188335396,65.58020188335396,61.07209777832031,61.07209777832031,264370,0.0,0.0
2011-04-19 00:00:00+08:00,59.54104243700587,61.07209779255229,59.54104243700587,60.56174850463867,115445,0.0,0.0
2011-04-20 00:00:00+08:00,61.92268373042686,62.773269623476644,61.24221426680648,61.41233444213867,132185,0.0,0.0
2011-04-21 00:00:00+08:00,61.41233434126511,61.41233434126511,59.96633720168478,60.051395416259766,211265,0.0,0.0
2011-04-22 00:00:00+08:00,60.391630167768305,60.901983217119984,60.13645551604392,60.476688385009766,72730,0.0,0.0
2011-04-25 00:00:00+08:00,60.476686433243785,60.476686433243785,59.54104232788086,59.54104232788086,98706,0.0,0.0
2011-04-26 00:00:00+08:00,59.370925894481154,61.072097676087985,59.370925894481154,59.711158752441406,75616,0.0,0.0
2011-04-27 00:00:00+08:00,60.73186481364537,60.73186481364537,59.54104231906681,59.88127517700195,55991,0.0,0.0
2011-04-28 00:00:00+08:00,59.54104228494355,59.8812751426837,58.35022353695023,58.52033996582031,132185,0.0,0.0
2011-04-29 00:00:00+08:00,58.18010336217738,59.200809427203396,58.18010336217738,58.52033996582031,78503,0.0,0.0
2011-05-03 00:00:00+08:00,58.86057266236917,58.86057266236917,54.437523048443154,56.47893142700195,127567,0.0,0.0
2011-05-04 00:00:00+08:00,56.478931577523916,58.69045639038086,56.138698719808744,58.69045639038086,68113,0.0,0.0
2011-05-05 00:00:00+08:00,58.69045633398711,59.881275080748765,58.18010330200195,58.18010330200195,88893,0.0,0.0
2011-05-06 00:00:00+08:00,58.69045835050082,60.561750368139236,58.69045835050082,60.13645553588867,128144,0.0,0.0
2011-05-09 00:00:00+08:00,60.13645363083475,61.58245077041508,59.881275241207014,60.051395416259766,97551,0.0,0.0
2011-05-10 00:00:00+08:00,59.881275190336666,60.22151179425036,59.28586768881758,59.37092590332031,54259,0.0,0.0
2011-05-11 00:00:00+08:00,59.030689243786576,60.13645352308571,58.35022352840591,58.860572814941406,64649,0.0,0.0
2011-05-12 00:00:00+08:00,58.52033985210511,59.37092574070543,57.4996337890625,57.4996337890625,77925,0.0,0.0
2011-05-13 00:00:00+08:00,57.66975407556715,58.690456394690386,57.66975407556715,58.52033996582031,48487,0.0,0.0
2011-05-16 00:00:00+08:00,58.860574707139214,58.860574707139214,57.8398723553528,57.924930572509766,47909,0.0,0.0
2011-05-17 00:00:00+08:00,57.83987050443722,58.52033996582031,57.244459257489176,58.52033996582031,55413,0.0,0.0
2011-05-18 00:00:00+08:00,58.18010336647434,58.350223541259766,57.83987050870906,58.350223541259766,39251,0.0,0.0
2011-05-19 00:00:00+08:00,58.690456394690386,60.56174834996957,58.52033996582031,58.52033996582031,67535,0.0,0.0
2011-05-20 00:00:00+08:00,59.03069116144971,59.20081134172416,57.58469772338867,57.58469772338867,49641,0.0,0.0
2011-05-23 00:00:00+08:00,57.66975402416242,59.54104223187082,57.499633849541205,57.83987045288086,32902,0.0,0.0
2011-05-24 00:00:00+08:00,56.98928450344397,58.52033985210511,56.478931471922664,57.4996337890625,30015,0.0,0.0
2011-05-25 00:00:00+08:00,58.8605747662737,59.54104425011592,57.159402929619624,59.28586959838867,98128,0.0,0.0
2011-05-26 00:00:00+08:00,59.54104420067571,59.711160635019276,58.35022541436782,58.94563293457031,27706,0.0,0.0
2011-05-27 00:00:00+08:00,59.030689303838756,60.136453584262796,58.605398231293194,59.200809478759766,49641,0.0,0.0
2011-05-30 00:00:00+08:00,59.200809469895354,59.711158756873616,59.200809469895354,59.54104232788086,28861,0.0,0.0
2011-05-31 00:00:00+08:00,59.966339062269064,60.136455496697266,59.54104423029567,59.626102447509766,42714,0.0,0.0
2011-06-01 00:00:00+08:00,59.626100651658135,61.24221422185683,59.626100651658135,60.56174850463867,140266,0.0,0.0
2011-06-02 00:00:00+08:00,59.71116068460074,60.13645551671571,59.20081138114626,59.28586959838867,124681,0.0,0.0
2011-06-03 00:00:00+08:00,60.136453626251814,60.39162826995732,59.285867734663995,60.22151184082031,71576,0.0,0.0
2011-06-07 00:00:00+08:00,59.03068919981272,59.03068919981272,56.1386986738909,57.83987045288086,229159,0.0,0.0
2011-06-08 00:00:00+08:00,57.49963572064533,57.49963572064533,56.64904980347131,57.074344635009766,77925,0.0,0.0
2011-06-09 00:00:00+08:00,56.47893147978586,57.499633797067794,56.47893147978586,57.159400939941406,46178,0.0,0.0
2011-06-10 00:00:00+08:00,57.15940089042327,57.15940089042327,56.308815002441406,56.308815002441406,58300,0.0,0.0
2011-06-13 00:00:00+08:00,56.13870040884013,56.13870040884013,54.777761445227654,55.032936096191406,68690,0.0,0.0
2011-06-14 00:00:00+08:00,55.11799240819452,55.28811258219356,54.77775955200195,54.77775955200195,43292,0.0,0.0
2011-06-15 00:00:00+08:00,54.437524809552876,54.437524809552876,52.73635297867061,54.182350158691406,102169,0.0,0.0
2011-06-16 00:00:00+08:00,52.90646750333058,53.24670410477057,52.90646750333058,53.07658767700195,34056,0.0,0.0
2011-06-17 00:00:00+08:00,53.07658744364623,53.586936724708295,49.419065533187755,50.184593200683594,109673,0.0,0.0
2011-06-20 00:00:00+08:00,46.78224754750456,48.99377241290984,46.69718933105469,46.69718933105469,163355,0.0,0.0
2011-06-21 00:00:00+08:00,46.69718944023072,49.92941665649414,44.31554813635753,49.92941665649414,144307,0.0,0.0
2011-06-22 00:00:00+08:00,50.439769702289425,50.52482791893816,49.334009139953,49.92941665649414,73885,0.0,0.0
2011-06-23 00:00:00+08:00,50.52482593270875,50.52482593270875,48.48342132158496,48.82365417480469,39828,0.0,0.0
2011-06-24 00:00:00+08:00,48.31330102735565,48.65353762562094,46.4420128475561,47.292598724365234,25398,0.0,0.0
2011-06-27 00:00:00+08:00,47.292600653110455,48.313302997728414,46.8673095703125,46.8673095703125,19048,0.0,0.0
2011-06-28 00:00:00+08:00,47.80295175045594,47.973068176643075,47.12248229980469,47.12248229980469,15007,0.0,0.0
2011-06-29 00:00:00+08:00,47.46271520857668,48.99377053788561,47.46271520857668,48.31330108642578,23089,0.0,0.0
2011-06-30 00:00:00+08:00,48.48342126241415,48.56847947561527,47.80295181090244,47.97306823730469,20780,0.0,0.0
2011-07-01 00:00:00+08:00,48.31330126574781,51.03517908168977,48.31330126574781,50.184593200683594,40983,0.0,0.0
2011-07-04 00:00:00+08:00,50.18459307530531,50.18459307530531,48.73859595743659,49.16388702392578,22511,0.0,0.0
2011-07-05 00:00:00+08:00,49.163887028024405,49.163887028024405,48.65353774819483,48.82365417480469,15007,0.0,0.0
2011-07-06 00:00:00+08:00,48.65353786569192,50.184593200683594,48.65353786569192,50.184593200683594,20203,0.0,0.0
2011-07-07 00:00:00+08:00,50.18459313863852,50.18459313863852,48.653537805539756,49.67424011230469,20203,0.0,0.0
2011-07-08 00:00:00+08:00,48.9087123922442,49.33400720470753,48.39835936646874,48.483421325683594,15007,0.0,0.0
2011-07-11 00:00:00+08:00,48.48342312290045,48.48342312290045,46.52707290649414,46.52707290649414,21934,0.0,0.0
2011-07-12 00:00:00+08:00,45.04279327392578,46.08224105834961,44.34982681274414,45.909000396728516,33479,0.854481,0.0
2011-07-13 00:00:00+08:00,45.909000396728516,46.948448181152344,45.04279327392578,45.909000396728516,28861,0.0,0.0
2011-07-14 00:00:00+08:00,45.909000396728516,45.909000396728516,44.43644714355469,44.86955261230469,18471,0.0,0.0
2011-07-15 00:00:00+08:00,45.82238006591797,46.77520751953125,45.216033935546875,46.25548553466797,13853,0.0,0.0
2011-07-18 00:00:00+08:00,46.25548553466797,46.25548553466797,45.04279327392578,45.04279327392578,17316,0.0,0.0
2011-07-19 00:00:00+08:00,45.04279327392578,45.04279327392578,45.04279327392578,45.04279327392578,15585,0.0,0.0
2011-07-20 00:00:00+08:00,45.04279327392578,46.6885871887207,45.04279327392578,45.47589874267578,36942,0.0,0.0
2011-07-21 00:00:00+08:00,45.56251907348633,45.56251907348633,44.78293228149414,44.86955261230469,21934,0.0,0.0
2011-07-22 00:00:00+08:00,45.649139404296875,45.82238006591797,44.69630813598633,45.56251907348633,19048,0.0,0.0
2011-07-25 00:00:00+08:00,45.04279327392578,45.04279327392578,43.31037902832031,44.0899658203125,46755,0.0,0.0
2011-07-26 00:00:00+08:00,43.31037902832031,46.77520751953125,43.31037902832031,46.77520751953125,45023,0.0,0.0
2011-07-27 00:00:00+08:00,46.6885871887207,47.1216926574707,45.30265426635742,46.77520751953125,26552,0.0,0.0
2011-07-28 00:00:00+08:00,45.909000396728516,49.98017501831055,45.649139404296875,49.54707336425781,103323,0.0,0.0
2011-07-29 00:00:00+08:00,49.20058822631836,49.20058822631836,46.601966857910156,48.334381103515625,50796,0.0,0.0
2011-08-01 00:00:00+08:00,48.50762176513672,48.50762176513672,46.948448181152344,46.948448181152344,17316,0.0,0.0
2011-08-02 00:00:00+08:00,46.77520751953125,46.77520751953125,45.38927459716797,45.909000396728516,12121,0.0,0.0
2011-08-03 00:00:00+08:00,47.46817398071289,47.46817398071289,44.263206481933594,44.263206481933594,24820,0.0,0.0
2011-08-04 00:00:00+08:00,44.523067474365234,45.649139404296875,44.34982681274414,44.34982681274414,28861,0.0,0.0
2011-08-05 00:00:00+08:00,41.31809997558594,43.13713836669922,41.31809997558594,41.404720306396484,51373,0.0,0.0
2011-08-08 00:00:00+08:00,40.711753845214844,40.711753845214844,38.546234130859375,38.546234130859375,45023,0.0,0.0
2011-08-09 00:00:00+08:00,35.860992431640625,38.546234130859375,35.860992431640625,36.553958892822266,75616,0.0,0.0
2011-08-10 00:00:00+08:00,38.546234130859375,39.06595993041992,36.553958892822266,37.76665115356445,43869,0.0,0.0
2011-08-11 00:00:00+08:00,38.11313247680664,38.11313247680664,35.42789077758789,36.03423309326172,25975,0.0,0.0
2011-08-12 00:00:00+08:00,36.03423309326172,37.246925354003906,36.03423309326172,36.72719955444336,9812,0.0,0.0
2011-08-15 00:00:00+08:00,36.90044021606445,37.93989181518555,36.90044021606445,37.76665115356445,8658,0.0,0.0
2011-08-16 00:00:00+08:00,38.80609893798828,38.80609893798828,36.90044021606445,37.16030502319336,21357,0.0,0.0
2011-08-17 00:00:00+08:00,36.46733856201172,37.246925354003906,36.20747756958008,36.20747756958008,13276,0.0,0.0
2011-08-18 00:00:00+08:00,36.03423309326172,36.03423309326172,34.3884391784668,34.64830017089844,27706,0.0,0.0
2011-08-19 00:00:00+08:00,32.22291946411133,33.435611724853516,32.22291946411133,32.22291946411133,56568,0.0,0.0
2011-08-22 00:00:00+08:00,30.144023895263672,30.663747787475586,29.970781326293945,29.970781326293945,49064,0.0,0.0
2011-08-23 00:00:00+08:00,30.83698844909668,31.963058471679688,30.49050521850586,30.663747787475586,9235,0.0,0.0
2011-08-24 00:00:00+08:00,31.703197479248047,31.703197479248047,29.79754066467285,30.83698844909668,20203,0.0,0.0
2011-08-25 00:00:00+08:00,32.22291946411133,32.22291946411133,29.710918426513672,29.79754066467285,25975,0.0,0.0
2011-08-26 00:00:00+08:00,29.191194534301758,29.624298095703125,28.41160774230957,29.45105743408203,17316,0.0,0.0
2011-08-29 00:00:00+08:00,30.057401657104492,30.057401657104492,28.671470642089844,29.191194534301758,13276,0.0,0.0
2011-08-30 00:00:00+08:00,29.970781326293945,31.1834716796875,29.79754066467285,31.1834716796875,31747,0.0,0.0
2011-08-31 00:00:00+08:00,32.91588592529297,32.91588592529297,30.403884887695312,31.52995491027832,19048,0.0,0.0
2011-09-01 00:00:00+08:00,32.049678802490234,33.695472717285156,32.049678802490234,33.002506256103516,62917,0.0,0.0
2011-09-02 00:00:00+08:00,32.91588592529297,34.30181884765625,32.91588592529297,34.30181884765625,35210,0.0,0.0
2011-09-05 00:00:00+08:00,32.39616394042969,33.78209686279297,32.39616394042969,33.26237106323242,15585,0.0,0.0
2011-09-06 00:00:00+08:00,33.002506256103516,34.561683654785156,32.742645263671875,33.26237106323242,23089,0.0,0.0
2011-09-07 00:00:00+08:00,35.51451110839844,35.51451110839844,35.51451110839844,35.51451110839844,47909,0.0,0.0
2011-09-08 00:00:00+08:00,37.93989181518555,37.93989181518555,37.246925354003906,37.93989181518555,52527,0.0,0.0
2011-09-09 00:00:00+08:00,38.63285827636719,38.979339599609375,36.294097900390625,38.026512145996094,69844,0.0,0.0
2011-09-13 00:00:00+08:00,36.38071823120117,38.11313247680664,36.38071823120117,37.680030822753906,49064,0.0,0.0
2011-09-14 00:00:00+08:00,36.72719955444336,37.07368469238281,35.08140563964844,35.08140563964844,68690,0.0,0.0
2011-09-15 00:00:00+08:00,35.51451110839844,36.38071823120117,35.51451110839844,35.68775177001953,18471,0.0,0.0
2011-09-16 00:00:00+08:00,36.03423309326172,37.246925354003906,35.860992431640625,36.38071823120117,37519,0.0,0.0
2011-09-19 00:00:00+08:00,36.38071823120117,36.90044021606445,36.38071823120117,36.38071823120117,3463,0.0,0.0
2011-09-20 00:00:00+08:00,37.93989181518555,37.93989181518555,35.51451110839844,36.90044021606445,12121,0.0,0.0
2011-09-21 00:00:00+08:00,36.813819885253906,37.93989181518555,36.03423309326172,37.593406677246094,25398,0.0,0.0
2011-09-22 00:00:00+08:00,36.03423309326172,37.07368469238281,35.601131439208984,36.553958892822266,14430,0.0,0.0
2011-09-23 00:00:00+08:00,35.168025970458984,35.168025970458984,34.04195785522461,34.908164978027344,44446,0.0,0.0
2011-09-26 00:00:00+08:00,33.002506256103516,34.475059509277344,32.482784271240234,32.56940460205078,23089,0.0,0.0
2011-09-27 00:00:00+08:00,33.175750732421875,33.78209686279297,31.27009391784668,31.27009391784668,13853,0.0,0.0
2011-09-28 00:00:00+08:00,31.443334579467773,32.482784271240234,31.443334579467773,32.482784271240234,28861,0.0,0.0
2011-09-29 00:00:00+08:00,32.482784271240234,32.65602493286133,31.52995491027832,32.049678802490234,42714,0.0,0.0
2011-09-30 00:00:00+08:00,32.56940460205078,32.742645263671875,31.616575241088867,32.049678802490234,34056,0.0,0.0
2011-10-03 00:00:00+08:00,32.30954360961914,32.30954360961914,31.096851348876953,31.789817810058594,23089,0.0,0.0
2011-10-04 00:00:00+08:00,30.49050521850586,31.52995491027832,30.403884887695312,31.1834716796875,12699,0.0,0.0
2011-10-05 00:00:00+08:00,32.049678802490234,32.049678802490234,29.8841609954834,30.23064422607422,19048,0.0,0.0
2011-10-06 00:00:00+08:00,30.663747787475586,32.30954360961914,30.663747787475586,31.616575241088867,31170,0.0,0.0
2011-10-07 00:00:00+08:00,31.52995491027832,32.13629913330078,31.010231018066406,31.096851348876953,16162,0.0,0.0
2011-10-11 00:00:00+08:00,31.27009391784668,31.52995491027832,31.096851348876953,31.1834716796875,31747,0.0,0.0
2011-10-12 00:00:00+08:00,31.356714248657227,31.356714248657227,31.1834716796875,31.27009391784668,13853,0.0,0.0
2011-10-13 00:00:00+08:00,31.443334579467773,32.049678802490234,30.83698844909668,31.52995491027832,23666,0.0,0.0
2011-10-14 00:00:00+08:00,31.52995491027832,31.52995491027832,31.010231018066406,31.1834716796875,36365,0.0,0.0
2011-10-17 00:00:00+08:00,31.52995491027832,31.87643814086914,31.1834716796875,31.1834716796875,30015,0.0,0.0
2011-10-18 00:00:00+08:00,31.010231018066406,31.52995491027832,30.92361068725586,31.1834716796875,6926,0.0,0.0
2011-10-19 00:00:00+08:00,31.27009391784668,32.22291946411133,31.27009391784668,31.27009391784668,34633,0.0,0.0
2011-10-20 00:00:00+08:00,31.1834716796875,31.52995491027832,30.83698844909668,30.83698844909668,15007,0.0,0.0
2011-10-21 00:00:00+08:00,31.52995491027832,31.52995491027832,30.49050521850586,31.443334579467773,21357,0.0,0.0
2011-10-24 00:00:00+08:00,33.52223205566406,33.60885238647461,32.30954360961914,32.56940460205078,62340,0.0,0.0
2011-10-25 00:00:00+08:00,33.08913040161133,33.08913040161133,31.789817810058594,31.789817810058594,46755,0.0,0.0
2011-10-26 00:00:00+08:00,31.27009391784668,32.22291946411133,31.1834716796875,31.963058471679688,28861,0.0,0.0
2011-10-27 00:00:00+08:00,31.52995491027832,31.52995491027832,30.663747787475586,30.92361068725586,59454,0.0,0.0
2011-10-28 00:00:00+08:00,31.356714248657227,31.52995491027832,30.663747787475586,31.010231018066406,37519,0.0,0.0
2011-10-31 00:00:00+08:00,30.057401657104492,31.010231018066406,30.057401657104492,30.57712745666504,23666,0.0,0.0
2011-11-01 00:00:00+08:00,30.057401657104492,30.317264556884766,29.537677764892578,29.8841609954834,32902,0.0,0.0
2011-11-02 00:00:00+08:00,29.970781326293945,30.144023895263672,29.624298095703125,29.710918426513672,30015,0.0,0.0
2011-11-03 00:00:00+08:00,29.710918426513672,29.970781326293945,29.537677764892578,29.710918426513672,22511,0.0,0.0
2011-11-04 00:00:00+08:00,29.970781326293945,29.970781326293945,29.537677764892578,29.8841609954834,39828,0.0,0.0
2011-11-07 00:00:00+08:00,29.970781326293945,30.403884887695312,29.537677764892578,30.317264556884766,38674,0.0,0.0
2011-11-08 00:00:00+08:00,30.144023895263672,30.663747787475586,30.057401657104492,30.403884887695312,19048,0.0,0.0
2011-11-09 00:00:00+08:00,30.057401657104492,30.23064422607422,29.79754066467285,29.970781326293945,25975,0.0,0.0
2011-11-10 00:00:00+08:00,29.710918426513672,29.79754066467285,28.844711303710938,29.45105743408203,25398,0.0,0.0
2011-11-11 00:00:00+08:00,29.79754066467285,29.79754066467285,27.891883850097656,28.931331634521484,22511,0.0,0.0
2011-11-14 00:00:00+08:00,27.891883850097656,29.36443519592285,27.891883850097656,28.931331634521484,23089,0.0,0.0
2011-11-15 00:00:00+08:00,29.36443519592285,29.970781326293945,29.017953872680664,29.017953872680664,25398,0.0,0.0
2011-11-16 00:00:00+08:00,29.36443519592285,29.36443519592285,28.584848403930664,28.584848403930664,7503,0.0,0.0
2011-11-17 00:00:00+08:00,28.671470642089844,28.671470642089844,28.06512451171875,28.498228073120117,9235,0.0,0.0
2011-11-18 00:00:00+08:00,28.844711303710938,29.191194534301758,28.498228073120117,28.671470642089844,5772,0.0,0.0
2011-11-21 00:00:00+08:00,28.15174674987793,28.15174674987793,26.6791934967041,26.6791934967041,22511,0.0,0.0
2011-11-22 00:00:00+08:00,25.206640243530273,27.198917388916016,24.860157012939453,24.860157012939453,44446,0.0,0.0
2011-11-23 00:00:00+08:00,24.167190551757812,24.167190551757812,23.127742767333984,23.127742767333984,58877,0.0,0.0
2011-11-24 00:00:00+08:00,21.915050506591797,23.127742767333984,21.82843017578125,21.915050506591797,23666,0.0,0.0
2011-11-25 00:00:00+08:00,22.434776306152344,23.127742767333984,22.088293075561523,22.17491340637207,20780,0.0,0.0
2011-11-28 00:00:00+08:00,22.52139663696289,23.041120529174805,22.348154067993164,22.52139663696289,12699,0.0,0.0
2011-11-29 00:00:00+08:00,23.2143611907959,24.080570220947266,22.694637298583984,24.080570220947266,53682,0.0,0.0
2011-11-30 00:00:00+08:00,24.340431213378906,24.60029411315918,23.56084442138672,23.56084442138672,21934,0.0,0.0
2011-12-01 00:00:00+08:00,24.427053451538086,24.60029411315918,23.734086990356445,24.25381088256836,32902,0.0,0.0
2011-12-02 00:00:00+08:00,24.25381088256836,24.340431213378906,23.90732765197754,24.25381088256836,13276,0.0,0.0
2011-12-05 00:00:00+08:00,24.25381088256836,24.25381088256836,23.734086990356445,23.734086990356445,4040,0.0,0.0
2011-12-06 00:00:00+08:00,23.2143611907959,23.2143611907959,22.261533737182617,22.261533737182617,34633,0.0,0.0
2011-12-07 00:00:00+08:00,22.781259536743164,23.041120529174805,21.915050506591797,22.954500198364258,17894,0.0,0.0
2011-12-08 00:00:00+08:00,22.001672744750977,22.608016967773438,21.82843017578125,22.608016967773438,5195,0.0,0.0
2011-12-09 00:00:00+08:00,22.001672744750977,22.261533737182617,21.048843383789062,21.308706283569336,21357,0.0,0.0
2011-12-12 00:00:00+08:00,22.261533737182617,22.261533737182617,21.22208595275879,21.82843017578125,6349,0.0,0.0
2011-12-13 00:00:00+08:00,20.44249725341797,20.78898048400879,20.44249725341797,20.78898048400879,25975,0.0,0.0
2011-12-14 00:00:00+08:00,20.269256591796875,20.962223052978516,20.269256591796875,20.962223052978516,16162,0.0,0.0
2011-12-15 00:00:00+08:00,20.615739822387695,20.615739822387695,19.74953269958496,19.74953269958496,11544,0.0,0.0
2011-12-16 00:00:00+08:00,19.40304946899414,20.962223052978516,19.40304946899414,20.52911949157715,13853,0.0,0.0
2011-12-19 00:00:00+08:00,19.922773361206055,20.182636260986328,19.143186569213867,19.143186569213867,48487,0.0,0.0
2011-12-20 00:00:00+08:00,19.489669799804688,19.74953269958496,18.36359977722168,18.883325576782227,16162,0.0,0.0
2011-12-21 00:00:00+08:00,19.74953269958496,19.836153030395508,19.66291046142578,19.74953269958496,16162,0.0,0.0
2011-12-22 00:00:00+08:00,19.74953269958496,19.922773361206055,18.450220108032227,18.7100830078125,32902,0.0,0.0
2011-12-23 00:00:00+08:00,19.05656623840332,20.0093936920166,19.05656623840332,20.0093936920166,42714,0.0,0.0
2011-12-26 00:00:00+08:00,20.0093936920166,21.395326614379883,19.229808807373047,21.395326614379883,65226,0.0,0.0
2011-12-27 00:00:00+08:00,21.395326614379883,22.001672744750977,20.615739822387695,21.48194694519043,50796,0.0,0.0
2011-12-28 00:00:00+08:00,21.13546371459961,22.088293075561523,21.13546371459961,21.82843017578125,39828,0.0,0.0
2011-12-29 00:00:00+08:00,21.13546371459961,21.48194694519043,20.87560272216797,21.13546371459961,16162,0.0,0.0
2011-12-30 00:00:00+08:00,21.22208595275879,21.655189514160156,20.269256591796875,20.44249725341797,31170,0.0,0.0
2012-01-02 00:00:00+08:00,20.78898048400879,20.962223052978516,20.44249725341797,20.44249725341797,7503,0.0,0.0
2012-01-03 00:00:00+08:00,20.702360153198242,20.87560272216797,20.615739822387695,20.78898048400879,4617,0.0,0.0
2012-01-04 00:00:00+08:00,20.78898048400879,21.22208595275879,20.44249725341797,20.78898048400879,9812,0.0,0.0
2012-01-05 00:00:00+08:00,20.962223052978516,20.962223052978516,20.44249725341797,20.78898048400879,9812,0.0,0.0
2012-01-06 00:00:00+08:00,20.78898048400879,20.87560272216797,20.52911949157715,20.87560272216797,21357,0.0,0.0
2012-01-09 00:00:00+08:00,20.269256591796875,20.44249725341797,20.269256591796875,20.269256591796875,6926,0.0,0.0
2012-01-10 00:00:00+08:00,20.269256591796875,20.78898048400879,20.182636260986328,20.355876922607422,18471,0.0,0.0
2012-01-11 00:00:00+08:00,20.78898048400879,20.78898048400879,20.355876922607422,20.355876922607422,11544,0.0,0.0
2012-01-12 00:00:00+08:00,20.615739822387695,20.615739822387695,20.182636260986328,20.182636260986328,13276,0.0,0.0
2012-01-13 00:00:00+08:00,20.52911949157715,20.615739822387695,19.836153030395508,20.355876922607422,23089,0.0,0.0
2012-01-16 00:00:00+08:00,20.52911949157715,20.702360153198242,20.52911949157715,20.702360153198242,6926,0.0,0.0
2012-01-17 00:00:00+08:00,20.702360153198242,20.962223052978516,19.922773361206055,20.87560272216797,18471,0.0,0.0
2012-01-18 00:00:00+08:00,20.87560272216797,21.82843017578125,20.87560272216797,21.48194694519043,68113,0.0,0.0
2012-01-30 00:00:00+08:00,22.17491340637207,22.434776306152344,21.48194694519043,22.434776306152344,39828,0.0,0.0
2012-01-31 00:00:00+08:00,22.348154067993164,23.56084442138672,22.348154067993164,22.694637298583984,24243,0.0,0.0
2012-02-01 00:00:00+08:00,23.387603759765625,24.25381088256836,22.694637298583984,24.25381088256836,51373,0.0,0.0
2012-02-02 00:00:00+08:00,25.120019912719727,25.899606704711914,24.773536682128906,25.899606704711914,152388,0.0,0.0
2012-02-03 00:00:00+08:00,24.94677734375,27.632020950317383,24.94677734375,27.632020950317383,116600,0.0,0.0
2012-02-06 00:00:00+08:00,30.23064422607422,31.356714248657227,30.23064422607422,31.356714248657227,200875,0.0,0.0
2012-02-07 00:00:00+08:00,31.356714248657227,33.435611724853516,31.356714248657227,32.049678802490234,114291,0.0,0.0
2012-02-08 00:00:00+08:00,32.049678802490234,32.56940460205078,30.057401657104492,30.83698844909668,122949,0.0,0.0
2012-02-09 00:00:00+08:00,30.663747787475586,31.356714248657227,30.663747787475586,31.356714248657227,46755,0.0,0.0
2012-02-10 00:00:00+08:00,31.096851348876953,31.52995491027832,30.317264556884766,30.317264556884766,86584,0.0,0.0
2012-02-13 00:00:00+08:00,30.92361068725586,31.703197479248047,30.57712745666504,31.010231018066406,45023,0.0,0.0
2012-02-14 00:00:00+08:00,31.52995491027832,31.52995491027832,30.49050521850586,30.663747787475586,42137,0.0,0.0
2012-02-15 00:00:00+08:00,29.624298095703125,31.1834716796875,29.624298095703125,30.403884887695312,49064,0.0,0.0
2012-02-16 00:00:00+08:00,30.83698844909668,31.096851348876953,29.624298095703125,29.710918426513672,38674,0.0,0.0
2012-02-17 00:00:00+08:00,30.317264556884766,30.49050521850586,28.41160774230957,29.10457420349121,70421,0.0,0.0
2012-02-20 00:00:00+08:00,29.191194534301758,29.45105743408203,28.324987411499023,28.498228073120117,33479,0.0,0.0
2012-02-21 00:00:00+08:00,28.931331634521484,29.10457420349121,28.584848403930664,29.10457420349121,29438,0.0,0.0
2012-02-22 00:00:00+08:00,29.36443519592285,30.49050521850586,29.36443519592285,30.144023895263672,43292,0.0,0.0
2012-02-23 00:00:00+08:00,30.23064422607422,30.750368118286133,29.10457420349121,29.8841609954834,39828,0.0,0.0
2012-02-24 00:00:00+08:00,29.970781326293945,31.963058471679688,29.970781326293945,31.963058471679688,154697,0.0,0.0
2012-02-29 00:00:00+08:00,34.128578186035156,34.128578186035156,33.175750732421875,34.128578186035156,167396,0.0,0.0
2012-03-01 00:00:00+08:00,35.68775177001953,35.860992431640625,32.91588592529297,34.3884391784668,197989,0.0,0.0
2012-03-02 00:00:00+08:00,33.78209686279297,34.8215446472168,32.91588592529297,33.002506256103516,99860,0.0,0.0
2012-03-05 00:00:00+08:00,32.742645263671875,33.08913040161133,31.87643814086914,31.87643814086914,43292,0.0,0.0
2012-03-06 00:00:00+08:00,34.04195785522461,34.04195785522461,30.49050521850586,32.91588592529297,140266,0.0,0.0
2012-03-07 00:00:00+08:00,32.56940460205078,33.26237106323242,31.703197479248047,31.87643814086914,84275,0.0,0.0
2012-03-08 00:00:00+08:00,33.695472717285156,34.04195785522461,32.482784271240234,34.04195785522461,143729,0.0,0.0
2012-03-09 00:00:00+08:00,36.38071823120117,36.38071823120117,36.38071823120117,36.38071823120117,233200,0.0,0.0
2012-03-12 00:00:00+08:00,38.89271926879883,38.89271926879883,38.89271926879883,38.89271926879883,252826,0.0,0.0
2012-03-13 00:00:00+08:00,41.577964782714844,41.577964782714844,38.11313247680664,38.19975280761719,406946,0.0,0.0
2012-03-14 00:00:00+08:00,38.286373138427734,40.79837417602539,38.286373138427734,40.711753845214844,359036,0.0,0.0
2012-03-15 00:00:00+08:00,38.63285827636719,41.49134063720703,38.63285827636719,40.19203186035156,157006,0.0,0.0
2012-03-16 00:00:00+08:00,39.84554672241211,40.711753845214844,38.286373138427734,38.37299346923828,135071,0.0,0.0
2012-03-19 00:00:00+08:00,36.90044021606445,38.026512145996094,36.90044021606445,37.246925354003906,145461,0.0,0.0
2012-03-20 00:00:00+08:00,38.459617614746094,39.84554672241211,38.11313247680664,39.84554672241211,294386,0.0,0.0
2012-03-21 00:00:00+08:00,42.27092742919922,42.61741256713867,41.75120544433594,42.61741256713867,413295,0.0,0.0
2012-03-22 00:00:00+08:00,43.483619689941406,45.56251907348633,43.31037902832031,44.69630813598633,544326,0.0,0.0
2012-03-23 00:00:00+08:00,42.61741256713867,46.77520751953125,41.66458511352539,46.77520751953125,354418,0.0,0.0
2012-03-26 00:00:00+08:00,45.909000396728516,45.909000396728516,43.83010482788086,44.523067474365234,239549,0.0,0.0
2012-03-27 00:00:00+08:00,44.34982681274414,44.34982681274414,41.49134063720703,41.49134063720703,315166,0.0,0.0
2012-03-28 00:00:00+08:00,40.0187873840332,41.144859313964844,40.0187873840332,40.105411529541016,133917,0.0,0.0
2012-03-29 00:00:00+08:00,40.105411529541016,40.105411529541016,37.33354568481445,37.33354568481445,215306,0.0,0.0
2012-03-30 00:00:00+08:00,35.168025970458984,36.38071823120117,34.73492431640625,36.03423309326172,199721,0.0,0.0
2012-04-02 00:00:00+08:00,38.459617614746094,38.459617614746094,35.601131439208984,37.33354568481445,69844,0.0,0.0
2012-04-03 00:00:00+08:00,37.593406677246094,38.63285827636719,34.73492431640625,34.73492431640625,196835,0.0,0.0
2012-04-05 00:00:00+08:00,33.002506256103516,34.2151985168457,32.39616394042969,32.742645263671875,144884,0.0,0.0
2012-04-06 00:00:00+08:00,34.99478530883789,34.99478530883789,34.99478530883789,34.99478530883789,46755,0.0,0.0
2012-04-09 00:00:00+08:00,37.420166015625,37.420166015625,36.38071823120117,37.420166015625,244167,0.0,0.0
2012-04-10 00:00:00+08:00,37.593406677246094,39.75892639160156,37.420166015625,38.11313247680664,370003,0.0,0.0
2012-04-11 00:00:00+08:00,38.11313247680664,39.84554672241211,37.246925354003906,39.672306060791016,207225,0.0,0.0
2012-04-12 00:00:00+08:00,39.672306060791016,39.84554672241211,38.63285827636719,39.15258026123047,122372,0.0,0.0
2012-04-13 00:00:00+08:00,39.15258026123047,40.19203186035156,38.80609893798828,39.75892639160156,126413,0.0,0.0
2012-04-16 00:00:00+08:00,39.75892639160156,39.75892639160156,38.63285827636719,38.63285827636719,46755,0.0,0.0
2012-04-17 00:00:00+08:00,38.11313247680664,38.63285827636719,35.94761276245117,35.94761276245117,121218,0.0,0.0
2012-04-18 00:00:00+08:00,36.38071823120117,37.07368469238281,34.64830017089844,34.64830017089844,182404,0.0,0.0
2012-04-19 00:00:00+08:00,34.64830017089844,35.25464630126953,33.95533752441406,34.475059509277344,83698,0.0,0.0
2012-04-20 00:00:00+08:00,35.68775177001953,35.68775177001953,32.56940460205078,33.08913040161133,91779,0.0,0.0
2012-04-23 00:00:00+08:00,32.91588592529297,33.78209686279297,31.703197479248047,32.22291946411133,96397,0.0,0.0
2012-04-24 00:00:00+08:00,32.39616394042969,33.08913040161133,32.13629913330078,32.82926559448242,56568,0.0,0.0
2012-04-25 00:00:00+08:00,33.78209686279297,34.128578186035156,32.742645263671875,33.95533752441406,67535,0.0,0.0
2012-04-26 00:00:00+08:00,34.64830017089844,35.34126663208008,33.002506256103516,33.26237106323242,87738,0.0,0.0
2012-04-27 00:00:00+08:00,33.08913040161133,34.30181884765625,32.13629913330078,32.30954360961914,68690,0.0,0.0
2012-04-30 00:00:00+08:00,30.057401657104492,30.057401657104492,30.057401657104492,30.057401657104492,90624,0.0,0.0
2012-05-02 00:00:00+08:00,27.978504180908203,31.1834716796875,27.978504180908203,30.663747787475586,269565,0.0,0.0
2012-05-03 00:00:00+08:00,29.45105743408203,29.970781326293945,29.10457420349121,29.45105743408203,123526,0.0,0.0
2012-05-04 00:00:00+08:00,27.458778381347656,29.45105743408203,27.458778381347656,28.498228073120117,137380,0.0,0.0
2012-05-07 00:00:00+08:00,27.025676727294922,27.545400619506836,26.939054489135742,27.025676727294922,63495,0.0,0.0
2012-05-08 00:00:00+08:00,27.025676727294922,27.458778381347656,26.852434158325195,26.939054489135742,52527,0.0,0.0
2012-05-09 00:00:00+08:00,26.505950927734375,26.852434158325195,26.159467697143555,26.159467697143555,76194,0.0,0.0
2012-05-10 00:00:00+08:00,26.159467697143555,26.6791934967041,26.159467697143555,26.246089935302734,49064,0.0,0.0
2012-05-11 00:00:00+08:00,26.246089935302734,26.246089935302734,25.553123474121094,25.553123474121094,27706,0.0,0.0
2012-05-14 00:00:00+08:00,25.553123474121094,26.246089935302734,23.99394989013672,24.167190551757812,42714,0.0,0.0
2012-05-15 00:00:00+08:00,22.694637298583984,24.080570220947266,22.694637298583984,24.080570220947266,34056,0.0,0.0
2012-05-16 00:00:00+08:00,23.6474666595459,23.99394989013672,23.2143611907959,23.2143611907959,39828,0.0,0.0
2012-05-17 00:00:00+08:00,23.300983428955078,24.686914443969727,23.041120529174805,24.60029411315918,101592,0.0,0.0
2012-05-18 00:00:00+08:00,23.387603759765625,23.90732765197754,23.387603759765625,23.387603759765625,51950,0.0,0.0
2012-05-21 00:00:00+08:00,24.080570220947266,24.080570220947266,23.474224090576172,23.56084442138672,27129,0.0,0.0
2012-05-22 00:00:00+08:00,24.167190551757812,24.25381088256836,23.6474666595459,24.25381088256836,16739,0.0,0.0
2012-05-23 00:00:00+08:00,24.25381088256836,24.25381088256836,23.387603759765625,23.90732765197754,11544,0.0,0.0
2012-05-24 00:00:00+08:00,23.6474666595459,24.080570220947266,23.041120529174805,23.041120529174805,38674,0.0,0.0
2012-05-25 00:00:00+08:00,23.474224090576172,23.474224090576172,22.86787986755371,23.387603759765625,17894,0.0,0.0
2012-05-28 00:00:00+08:00,23.734086990356445,23.734086990356445,23.2143611907959,23.734086990356445,12121,0.0,0.0
2012-05-29 00:00:00+08:00,23.90732765197754,25.379880905151367,23.90732765197754,25.379880905151367,59454,0.0,0.0
2012-05-30 00:00:00+08:00,27.112295150756836,27.112295150756836,25.63974380493164,27.112295150756836,101592,0.0,0.0
2012-05-31 00:00:00+08:00,26.76581382751465,27.285537719726562,25.98622703552246,27.285537719726562,68113,0.0,0.0
2012-06-01 00:00:00+08:00,26.852434158325195,27.198917388916016,25.726364135742188,25.726364135742188,64649,0.0,0.0
2012-06-04 00:00:00+08:00,24.686914443969727,25.379880905151367,23.99394989013672,24.340431213378906,22511,0.0,0.0
2012-06-05 00:00:00+08:00,25.120019912719727,25.120019912719727,24.427053451538086,24.60029411315918,17316,0.0,0.0
2012-06-06 00:00:00+08:00,25.033397674560547,25.466501235961914,24.773536682128906,24.94677734375,19048,0.0,0.0
2012-06-07 00:00:00+08:00,25.63974380493164,25.63974380493164,24.513673782348633,24.513673782348633,27706,0.0,0.0
2012-06-08 00:00:00+08:00,24.513673782348633,24.94677734375,24.340431213378906,24.340431213378906,14430,0.0,0.0
2012-06-11 00:00:00+08:00,24.686914443969727,24.686914443969727,24.25381088256836,24.513673782348633,10967,0.0,0.0
2012-06-12 00:00:00+08:00,24.340431213378906,24.60029411315918,24.340431213378906,24.60029411315918,10967,0.0,0.0
2012-06-13 00:00:00+08:00,24.60029411315918,24.860157012939453,24.427053451538086,24.427053451538086,15585,0.0,0.0
2012-06-14 00:00:00+08:00,24.427053451538086,24.427053451538086,23.99394989013672,24.167190551757812,15585,0.0,0.0
2012-06-15 00:00:00+08:00,24.513673782348633,24.513673782348633,24.25381088256836,24.513673782348633,8081,0.0,0.0
2012-06-18 00:00:00+08:00,24.686914443969727,25.63974380493164,24.686914443969727,25.553123474121094,19625,0.0,0.0
2012-06-19 00:00:00+08:00,25.466501235961914,25.466501235961914,24.25381088256836,25.29326057434082,25398,0.0,0.0
2012-06-20 00:00:00+08:00,25.29326057434082,25.29326057434082,24.94677734375,25.29326057434082,10967,0.0,0.0
2012-06-21 00:00:00+08:00,24.686914443969727,25.120019912719727,24.427053451538086,25.120019912719727,13853,0.0,0.0
2012-06-22 00:00:00+08:00,24.60029411315918,24.773536682128906,24.513673782348633,24.513673782348633,2308,0.0,0.0
2012-06-25 00:00:00+08:00,24.773536682128906,24.773536682128906,24.080570220947266,24.686914443969727,20203,0.0,0.0
2012-06-26 00:00:00+08:00,24.167190551757812,24.513673782348633,23.56084442138672,24.080570220947266,20203,0.0,0.0
2012-06-27 00:00:00+08:00,23.56084442138672,23.820707321166992,22.86787986755371,22.954500198364258,29438,0.0,0.0
2012-06-28 00:00:00+08:00,23.2143611907959,23.734086990356445,22.954500198364258,22.954500198364258,18471,0.0,0.0
2012-06-29 00:00:00+08:00,22.954500198364258,23.56084442138672,22.954500198364258,23.041120529174805,20780,0.0,0.0
2012-07-02 00:00:00+08:00,23.387603759765625,23.56084442138672,22.954500198364258,23.127742767333984,34056,0.0,0.0
2012-07-03 00:00:00+08:00,23.127742767333984,24.427053451538086,23.127742767333984,23.734086990356445,46178,0.0,0.0
2012-07-04 00:00:00+08:00,23.734086990356445,24.427053451538086,23.2143611907959,23.734086990356445,39251,0.0,0.0
2012-07-05 00:00:00+08:00,23.820707321166992,24.25381088256836,23.300983428955078,23.56084442138672,17316,0.0,0.0
2012-07-06 00:00:00+08:00,23.820707321166992,23.820707321166992,23.474224090576172,23.56084442138672,24243,0.0,0.0
2012-07-09 00:00:00+08:00,23.041120529174805,23.041120529174805,21.915050506591797,21.915050506591797,66958,0.0,0.0
2012-07-10 00:00:00+08:00,21.48194694519043,21.568567276000977,20.702360153198242,20.702360153198242,30015,0.0,0.0
2012-07-11 00:00:00+08:00,21.82843017578125,22.088293075561523,21.82843017578125,22.088293075561523,27706,0.0,0.0
2012-07-12 00:00:00+08:00,23.56084442138672,23.56084442138672,23.56084442138672,23.56084442138672,35210,0.0,0.0
2012-07-13 00:00:00+08:00,25.033397674560547,25.033397674560547,23.56084442138672,23.56084442138672,132185,0.0,0.0
2012-07-16 00:00:00+08:00,23.387603759765625,23.387603759765625,22.17491340637207,22.17491340637207,50796,0.0,0.0
2012-07-17 00:00:00+08:00,22.86787986755371,22.86787986755371,22.17491340637207,22.52139663696289,71576,0.0,0.0
2012-07-18 00:00:00+08:00,22.17491340637207,22.694637298583984,22.17491340637207,22.52139663696289,27129,0.0,0.0
2012-07-19 00:00:00+08:00,22.52139663696289,22.781259536743164,22.088293075561523,22.52139663696289,29438,0.0,0.0
2012-07-20 00:00:00+08:00,22.348154067993164,22.86787986755371,22.17491340637207,22.52139663696289,17316,0.0,0.0
2012-07-23 00:00:00+08:00,22.17491340637207,22.434776306152344,22.001672744750977,22.348154067993164,23089,0.0,0.0
2012-07-24 00:00:00+08:00,21.915050506591797,22.52139663696289,21.915050506591797,22.17491340637207,23089,0.0,0.0
2012-07-25 00:00:00+08:00,22.001672744750977,22.434776306152344,22.001672744750977,22.348154067993164,16162,0.0,0.0
2012-07-26 00:00:00+08:00,22.261533737182617,22.434776306152344,22.001672744750977,22.434776306152344,18471,0.0,0.0
2012-07-27 00:00:00+08:00,22.52139663696289,23.2143611907959,22.434776306152344,22.434776306152344,31170,0.0,0.0
2012-07-30 00:00:00+08:00,22.434776306152344,22.434776306152344,22.001672744750977,22.088293075561523,39828,0.0,0.0
2012-07-31 00:00:00+08:00,22.348154067993164,22.348154067993164,22.088293075561523,22.088293075561523,9812,0.0,0.0
2012-08-01 00:00:00+08:00,22.001672744750977,22.261533737182617,22.001672744750977,22.261533737182617,52527,0.0,0.0
2012-08-02 00:00:00+08:00,22.261533737182617,22.261533737182617,22.261533737182617,22.261533737182617,0,0.0,0.0
2012-08-03 00:00:00+08:00,22.17491340637207,22.17491340637207,21.82843017578125,21.82843017578125,16162,0.0,0.0
2012-08-06 00:00:00+08:00,22.17491340637207,22.17491340637207,21.48194694519043,21.48194694519043,10390,0.0,0.0
2012-08-07 00:00:00+08:00,21.395326614379883,22.348154067993164,20.87560272216797,20.87560272216797,111982,0.0,0.0
2012-08-08 00:00:00+08:00,20.87560272216797,21.308706283569336,20.44249725341797,20.44249725341797,54259,0.0,0.0
2012-08-09 00:00:00+08:00,21.655189514160156,21.82843017578125,21.655189514160156,21.82843017578125,180672,0.0,0.0
2012-08-10 00:00:00+08:00,21.308706283569336,21.308706283569336,20.702360153198242,21.22208595275879,122372,0.0,0.0
2012-08-13 00:00:00+08:00,20.962223052978516,21.655189514160156,20.78898048400879,21.395326614379883,98128,0.0,0.0
2012-08-14 00:00:00+08:00,21.395326614379883,21.48194694519043,20.78898048400879,20.78898048400879,47332,0.0,0.0
2012-08-15 00:00:00+08:00,20.87560272216797,21.13546371459961,20.87560272216797,20.962223052978516,31747,0.0,0.0
2012-08-16 00:00:00+08:00,20.962223052978516,21.22208595275879,20.962223052978516,21.13546371459961,34056,0.0,0.0
2012-08-17 00:00:00+08:00,21.13546371459961,22.088293075561523,20.962223052978516,21.48194694519043,59454,0.0,0.0
2012-08-20 00:00:00+08:00,21.308706283569336,21.308706283569336,21.048843383789062,21.048843383789062,42714,0.0,0.0
2012-08-21 00:00:00+08:00,21.048843383789062,21.655189514160156,21.048843383789062,21.308706283569336,24820,0.0,0.0
2012-08-22 00:00:00+08:00,21.308706283569336,21.308706283569336,20.962223052978516,21.13546371459961,14430,0.0,0.0
2012-08-23 00:00:00+08:00,21.13546371459961,21.308706283569336,21.048843383789062,21.048843383789062,31170,0.0,0.0
2012-08-24 00:00:00+08:00,20.962223052978516,20.962223052978516,20.0093936920166,20.615739822387695,55413,0.0,0.0
2012-08-27 00:00:00+08:00,21.13546371459961,21.13546371459961,20.09601593017578,20.44249725341797,42714,0.0,0.0
2012-08-28 00:00:00+08:00,20.182636260986328,20.44249725341797,19.31642723083496,19.489669799804688,24820,0.0,0.0
2012-08-29 00:00:00+08:00,19.922773361206055,19.922773361206055,19.40304946899414,19.489669799804688,51373,0.0,0.0
2012-08-30 00:00:00+08:00,19.922773361206055,20.09601593017578,19.576290130615234,19.66291046142578,34633,0.0,0.0
2012-08-31 00:00:00+08:00,19.836153030395508,20.0093936920166,19.40304946899414,19.836153030395508,10967,0.0,0.0
2012-09-03 00:00:00+08:00,19.836153030395508,20.09601593017578,19.40304946899414,19.74953269958496,40406,0.0,0.0
2012-09-04 00:00:00+08:00,19.489669799804688,19.576290130615234,19.31642723083496,19.489669799804688,34056,0.0,0.0
2012-09-05 00:00:00+08:00,19.143186569213867,19.489669799804688,19.143186569213867,19.229808807373047,15585,0.0,0.0
2012-09-06 00:00:00+08:00,19.229808807373047,20.52911949157715,19.229808807373047,20.52911949157715,82543,0.0,0.0
2012-09-07 00:00:00+08:00,20.52911949157715,20.962223052978516,20.182636260986328,20.269256591796875,85429,0.0,0.0
2012-09-10 00:00:00+08:00,20.09601593017578,20.702360153198242,19.922773361206055,20.44249725341797,30015,0.0,0.0
2012-09-11 00:00:00+08:00,20.44249725341797,20.44249725341797,19.922773361206055,19.922773361206055,24820,0.0,0.0
2012-09-12 00:00:00+08:00,20.269256591796875,20.355876922607422,20.269256591796875,20.269256591796875,9235,0.0,0.0
2012-09-13 00:00:00+08:00,20.269256591796875,20.355876922607422,20.269256591796875,20.355876922607422,14430,0.0,0.0
2012-09-14 00:00:00+08:00,21.048843383789062,21.048843383789062,20.182636260986328,20.355876922607422,17894,0.0,0.0
2012-09-17 00:00:00+08:00,20.962223052978516,20.962223052978516,20.182636260986328,20.44249725341797,28284,0.0,0.0
2012-09-18 00:00:00+08:00,20.52911949157715,20.52911949157715,19.576290130615234,20.09601593017578,32902,0.0,0.0
2012-09-19 00:00:00+08:00,19.66291046142578,20.269256591796875,19.66291046142578,19.922773361206055,25975,0.0,0.0
2012-09-20 00:00:00+08:00,19.922773361206055,19.922773361206055,19.836153030395508,19.836153030395508,13276,0.0,0.0
2012-09-21 00:00:00+08:00,20.355876922607422,21.22208595275879,20.355876922607422,21.22208595275879,179518,0.0,0.0
2012-09-24 00:00:00+08:00,20.355876922607422,20.78898048400879,20.355876922607422,20.702360153198242,76194,0.0,0.0
2012-09-25 00:00:00+08:00,20.615739822387695,21.13546371459961,20.52911949157715,20.52911949157715,47909,0.0,0.0
2012-09-26 00:00:00+08:00,20.78898048400879,20.78898048400879,20.44249725341797,20.44249725341797,34633,0.0,0.0
2012-09-27 00:00:00+08:00,20.269256591796875,20.355876922607422,20.182636260986328,20.355876922607422,19625,0.0,0.0
2012-09-28 00:00:00+08:00,20.44249725341797,21.568567276000977,20.44249725341797,21.22208595275879,81966,0.0,0.0
2012-10-01 00:00:00+08:00,21.22208595275879,22.17491340637207,20.962223052978516,21.655189514160156,109096,0.0,0.0
2012-10-02 00:00:00+08:00,22.434776306152344,22.434776306152344,21.395326614379883,21.568567276000977,89470,0.0,0.0
2012-10-03 00:00:00+08:00,20.962223052978516,21.568567276000977,20.962223052978516,21.308706283569336,39251,0.0,0.0
2012-10-04 00:00:00+08:00,21.568567276000977,21.568567276000977,20.962223052978516,21.048843383789062,58300,0.0,0.0
2012-10-05 00:00:00+08:00,21.454544067382812,21.818180084228516,21.09090805053711,21.09090805053711,68750,0.0,0.0
2012-10-08 00:00:00+08:00,21.09090805053711,21.454544067382812,20.363636016845703,21.0,23650,0.0,0.0
2012-10-09 00:00:00+08:00,20.454544067382812,20.545454025268555,19.545454025268555,20.09090805053711,53900,0.0,0.0
2012-10-11 00:00:00+08:00,19.27272605895996,19.545454025268555,19.18181800842285,19.27272605895996,22000,0.0,0.0
2012-10-12 00:00:00+08:00,19.27272605895996,20.0,19.27272605895996,19.27272605895996,19800,0.0,0.0
2012-10-15 00:00:00+08:00,19.545454025268555,19.545454025268555,18.545454025268555,18.545454025268555,9350,0.0,0.0
2012-10-16 00:00:00+08:00,18.909090042114258,19.27272605895996,18.727272033691406,19.27272605895996,8250,0.0,0.0
2012-10-17 00:00:00+08:00,19.454544067382812,20.18181800842285,19.363636016845703,19.363636016845703,17050,0.0,0.0
2012-10-18 00:00:00+08:00,19.27272605895996,19.363636016845703,19.27272605895996,19.27272605895996,7150,0.0,0.0
2012-10-19 00:00:00+08:00,19.454544067382812,20.454544067382812,19.454544067382812,19.727272033691406,35750,0.0,0.0
2012-10-22 00:00:00+08:00,19.09090805053711,19.363636016845703,18.909090042114258,19.363636016845703,18150,0.0,0.0
2012-10-23 00:00:00+08:00,19.09090805053711,19.545454025268555,19.09090805053711,19.545454025268555,1100,0.0,0.0
2012-10-24 00:00:00+08:00,19.09090805053711,19.27272605895996,18.909090042114258,18.909090042114258,24750,0.0,0.0
2012-10-25 00:00:00+08:00,19.27272605895996,19.27272605895996,18.727272033691406,18.818180084228516,28050,0.0,0.0
2012-10-26 00:00:00+08:00,19.09090805053711,19.09090805053711,17.909090042114258,18.18181800842285,42900,0.0,0.0
2012-10-29 00:00:00+08:00,18.18181800842285,18.18181800842285,17.818180084228516,18.18181800842285,27500,0.0,0.0
2012-10-30 00:00:00+08:00,18.18181800842285,18.545454025268555,17.636362075805664,18.0,19250,0.0,0.0
2012-10-31 00:00:00+08:00,17.454544067382812,18.27272605895996,17.454544067382812,17.818180084228516,14850,0.0,0.0
2012-11-01 00:00:00+08:00,17.818180084228516,18.363636016845703,17.818180084228516,17.818180084228516,14300,0.0,0.0
2012-11-02 00:00:00+08:00,17.945453643798828,18.0,17.836362838745117,17.836362838745117,14300,0.0,0.0
2012-11-05 00:00:00+08:00,17.872726440429688,17.9818172454834,17.818180084228516,17.818180084228516,11550,0.0,0.0
2012-11-06 00:00:00+08:00,17.818180084228516,18.16363525390625,17.818180084228516,17.872726440429688,11000,0.0,0.0
2012-11-07 00:00:00+08:00,18.16363525390625,18.16363525390625,17.454544067382812,17.909090042114258,86900,0.0,0.0
2012-11-08 00:00:00+08:00,17.89090919494629,18.05454444885254,17.600000381469727,17.618181228637695,63250,0.0,0.0
2012-11-09 00:00:00+08:00,17.636362075805664,18.14545440673828,17.636362075805664,18.0,40150,0.0,0.0
2012-11-12 00:00:00+08:00,18.0,18.07272720336914,17.89090919494629,17.909090042114258,25850,0.0,0.0
2012-11-13 00:00:00+08:00,18.12727165222168,18.12727165222168,17.527271270751953,17.636362075805664,25850,0.0,0.0
2012-11-14 00:00:00+08:00,17.727272033691406,17.89090919494629,17.636362075805664,17.799999237060547,29700,0.0,0.0
2012-11-15 00:00:00+08:00,17.636362075805664,17.799999237060547,17.454544067382812,17.454544067382812,46750,0.0,0.0
2012-11-16 00:00:00+08:00,17.454544067382812,17.799999237060547,17.327272415161133,17.600000381469727,48950,0.0,0.0
2012-11-19 00:00:00+08:00,17.909090042114258,17.92727279663086,17.600000381469727,17.690908432006836,41250,0.0,0.0
2012-11-20 00:00:00+08:00,17.818180084228516,17.818180084228516,17.509090423583984,17.509090423583984,8800,0.0,0.0
2012-11-21 00:00:00+08:00,17.727272033691406,17.727272033691406,16.290908813476562,16.89090919494629,28600,0.0,0.0
2012-11-22 00:00:00+08:00,16.909090042114258,16.909090042114258,16.18181800842285,16.18181800842285,38500,0.0,0.0
2012-11-23 00:00:00+08:00,16.363636016845703,16.781818389892578,16.363636016845703,16.363636016845703,26400,0.0,0.0
2012-11-26 00:00:00+08:00,16.363636016845703,16.363636016845703,15.454545021057129,15.981818199157715,86350,0.0,0.0
2012-11-27 00:00:00+08:00,15.909090042114258,15.909090042114258,15.56363582611084,15.581817626953125,77550,0.0,0.0
2012-11-28 00:00:00+08:00,15.581817626953125,15.763635635375977,15.509090423583984,15.56363582611084,22550,0.0,0.0
2012-11-29 00:00:00+08:00,15.818181037902832,16.200000762939453,15.654544830322266,16.16363525390625,59950,0.0,0.0
2012-11-30 00:00:00+08:00,16.200000762939453,16.709089279174805,16.0,16.454544067382812,47850,0.0,0.0
2012-12-03 00:00:00+08:00,16.545454025268555,16.727272033691406,16.10909080505371,16.618181228637695,42350,0.0,0.0
2012-12-04 00:00:00+08:00,16.690908432006836,17.0,16.509090423583984,16.781818389892578,66000,0.0,0.0
2012-12-05 00:00:00+08:00,16.781818389892578,17.23636245727539,16.745454788208008,17.09090805053711,56650,0.0,0.0
2012-12-06 00:00:00+08:00,17.18181800842285,17.436363220214844,16.727272033691406,16.727272033691406,62150,0.0,0.0
2012-12-07 00:00:00+08:00,16.745454788208008,16.745454788208008,16.399999618530273,16.727272033691406,44000,0.0,0.0
2012-12-10 00:00:00+08:00,16.399999618530273,16.399999618530273,16.218181610107422,16.218181610107422,28050,0.0,0.0
2012-12-11 00:00:00+08:00,16.218181610107422,16.218181610107422,15.890909194946289,15.96363639831543,15950,0.0,0.0
2012-12-12 00:00:00+08:00,16.0,16.363636016845703,16.0,16.3454532623291,22550,0.0,0.0
2012-12-13 00:00:00+08:00,16.636362075805664,16.727272033691406,16.01818084716797,16.600000381469727,46200,0.0,0.0
2012-12-14 00:00:00+08:00,16.600000381469727,16.654544830322266,16.30908966064453,16.30908966064453,20350,0.0,0.0
2012-12-17 00:00:00+08:00,16.01818084716797,16.363636016845703,16.01818084716797,16.290908813476562,29150,0.0,0.0
2012-12-18 00:00:00+08:00,16.27272605895996,16.545454025268555,16.09090805053711,16.327272415161133,33550,0.0,0.0
2012-12-19 00:00:00+08:00,16.363636016845703,16.636362075805664,16.290908813476562,16.290908813476562,23650,0.0,0.0
2012-12-20 00:00:00+08:00,16.363636016845703,16.490909576416016,16.363636016845703,16.399999618530273,24200,0.0,0.0
2012-12-21 00:00:00+08:00,16.399999618530273,16.527271270751953,16.10909080505371,16.200000762939453,14850,0.0,0.0
2012-12-24 00:00:00+08:00,16.399999618530273,16.472726821899414,16.363636016845703,16.418180465698242,10450,0.0,0.0
2012-12-25 00:00:00+08:00,16.200000762939453,16.418180465698242,16.18181800842285,16.399999618530273,34650,0.0,0.0
2012-12-26 00:00:00+08:00,16.218181610107422,16.363636016845703,16.03636360168457,16.363636016845703,43450,0.0,0.0
2012-12-27 00:00:00+08:00,16.363636016845703,16.472726821899414,16.200000762939453,16.200000762939453,7150,0.0,0.0
2012-12-28 00:00:00+08:00,16.363636016845703,16.399999618530273,16.218181610107422,16.290908813476562,15400,0.0,0.0
2013-01-02 00:00:00+08:00,16.363636016845703,16.363636016845703,16.27272605895996,16.363636016845703,9900,0.0,0.0
2013-01-03 00:00:00+08:00,16.363636016845703,16.909090042114258,16.363636016845703,16.545454025268555,65450,0.0,0.0
2013-01-04 00:00:00+08:00,16.727272033691406,16.727272033691406,16.14545440673828,16.363636016845703,51700,0.0,0.0
2013-01-07 00:00:00+08:00,16.363636016845703,16.363636016845703,16.14545440673828,16.16363525390625,12650,0.0,0.0
2013-01-08 00:00:00+08:00,16.16363525390625,16.636362075805664,16.16363525390625,16.399999618530273,30250,0.0,0.0
2013-01-09 00:00:00+08:00,16.399999618530273,16.399999618530273,16.14545440673828,16.399999618530273,15950,0.0,0.0
2013-01-10 00:00:00+08:00,16.399999618530273,16.418180465698242,16.18181800842285,16.200000762939453,37400,0.0,0.0
2013-01-11 00:00:00+08:00,16.363636016845703,16.636362075805664,16.363636016845703,16.454544067382812,66550,0.0,0.0
2013-01-14 00:00:00+08:00,16.454544067382812,16.472726821899414,16.363636016845703,16.472726821899414,23100,0.0,0.0
2013-01-15 00:00:00+08:00,16.454544067382812,17.618181228637695,16.436363220214844,17.618181228637695,271150,0.0,0.0
2013-01-16 00:00:00+08:00,18.636362075805664,18.818180084228516,18.18181800842285,18.818180084228516,386100,0.0,0.0
2013-01-17 00:00:00+08:00,18.636362075805664,18.636362075805664,17.509090423583984,17.545454025268555,239250,0.0,0.0
2013-01-18 00:00:00+08:00,17.818180084228516,18.727272033691406,17.636362075805664,18.727272033691406,216150,0.0,0.0
2013-01-21 00:00:00+08:00,19.27272605895996,19.27272605895996,18.18181800842285,18.363636016845703,130350,0.0,0.0
2013-01-22 00:00:00+08:00,18.363636016845703,18.363636016845703,17.781818389892578,17.781818389892578,123200,0.0,0.0
2013-01-23 00:00:00+08:00,17.909090042114258,18.12727165222168,17.545454025268555,17.85454559326172,36300,0.0,0.0
2013-01-24 00:00:00+08:00,17.636362075805664,18.03636360168457,17.600000381469727,17.96363639831543,66550,0.0,0.0
2013-01-25 00:00:00+08:00,18.18181800842285,18.454544067382812,17.85454559326172,18.454544067382812,58300,0.0,0.0
2013-01-28 00:00:00+08:00,18.545454025268555,18.545454025268555,18.0,18.01818084716797,45100,0.0,0.0
2013-01-29 00:00:00+08:00,18.0,18.636362075805664,18.0,18.27272605895996,36850,0.0,0.0
2013-01-30 00:00:00+08:00,18.363636016845703,18.545454025268555,18.10909080505371,18.363636016845703,39050,0.0,0.0
2013-01-31 00:00:00+08:00,18.363636016845703,18.545454025268555,18.07272720336914,18.07272720336914,33000,0.0,0.0
2013-02-01 00:00:00+08:00,18.12727165222168,18.12727165222168,17.672727584838867,17.690908432006836,53900,0.0,0.0
2013-02-04 00:00:00+08:00,18.03636360168457,18.10909080505371,17.690908432006836,17.818180084228516,39050,0.0,0.0
2013-02-05 00:00:00+08:00,17.690908432006836,17.727272033691406,17.672727584838867,17.727272033691406,13200,0.0,0.0
2013-02-06 00:00:00+08:00,18.03636360168457,18.03636360168457,17.490909576416016,17.490909576416016,41800,0.0,0.0
2013-02-18 00:00:00+08:00,17.490909576416016,17.85454559326172,17.490909576416016,17.818180084228516,14300,0.0,0.0
2013-02-19 00:00:00+08:00,17.818180084228516,17.818180084228516,17.545454025268555,17.600000381469727,15950,0.0,0.0
2013-02-20 00:00:00+08:00,17.545454025268555,17.818180084228516,17.527271270751953,17.527271270751953,15400,0.0,0.0
2013-02-21 00:00:00+08:00,17.527271270751953,17.527271270751953,16.909090042114258,16.909090042114258,33000,0.0,0.0
2013-02-22 00:00:00+08:00,16.85454559326172,17.14545440673828,16.618181228637695,17.05454444885254,32450,0.0,0.0
2013-02-25 00:00:00+08:00,16.96363639831543,17.327272415161133,16.818180084228516,17.327272415161133,54450,0.0,0.0
2013-02-26 00:00:00+08:00,17.327272415161133,17.327272415161133,16.818180084228516,16.818180084228516,26950,0.0,0.0
2013-02-27 00:00:00+08:00,16.818180084228516,17.18181800842285,16.818180084228516,17.09090805053711,30800,0.0,0.0
2013-03-01 00:00:00+08:00,17.09090805053711,17.09090805053711,17.0,17.09090805053711,12100,0.0,0.0
2013-03-04 00:00:00+08:00,17.09090805053711,17.09090805053711,16.545454025268555,16.636362075805664,27500,0.0,0.0
2013-03-05 00:00:00+08:00,16.581817626953125,16.727272033691406,16.581817626953125,16.709089279174805,19250,0.0,0.0
2013-03-06 00:00:00+08:00,16.727272033691406,16.745454788208008,16.672727584838867,16.745454788208008,9350,0.0,0.0
2013-03-07 00:00:00+08:00,16.600000381469727,17.18181800842285,16.418180465698242,16.909090042114258,40700,0.0,0.0
2013-03-08 00:00:00+08:00,16.872726440429688,16.872726440429688,16.363636016845703,16.581817626953125,42900,0.0,0.0
2013-03-11 00:00:00+08:00,15.909090042114258,16.745454788208008,15.909090042114258,16.581817626953125,45100,0.0,0.0
2013-03-12 00:00:00+08:00,16.399999618530273,16.399999618530273,16.327272415161133,16.381818771362305,25300,0.0,0.0
2013-03-13 00:00:00+08:00,16.14545440673828,16.545454025268555,16.14545440673828,16.545454025268555,12100,0.0,0.0
2013-03-14 00:00:00+08:00,16.200000762939453,16.363636016845703,16.18181800842285,16.363636016845703,10454,0.0,0.0
2013-03-15 00:00:00+08:00,16.14545440673828,16.27272605895996,16.14545440673828,16.27272605895996,19250,0.0,0.0
2013-03-18 00:00:00+08:00,16.363636016845703,16.545454025268555,16.14545440673828,16.436363220214844,10450,0.0,0.0
2013-03-19 00:00:00+08:00,16.381818771362305,16.381818771362305,16.10909080505371,16.10909080505371,1650,0.0,0.0
2013-03-20 00:00:00+08:00,16.05454444885254,16.545454025268555,16.05454444885254,16.545454025268555,6077,0.0,0.0
2013-03-21 00:00:00+08:00,16.527271270751953,16.527271270751953,16.218181610107422,16.490909576416016,8250,0.0,0.0
2013-03-22 00:00:00+08:00,16.490909576416016,16.490909576416016,16.0,16.363636016845703,29150,0.0,0.0
2013-03-25 00:00:00+08:00,16.363636016845703,16.363636016845703,16.200000762939453,16.27272605895996,10450,0.0,0.0
2013-03-26 00:00:00+08:00,16.09090805053711,16.381818771362305,16.09090805053711,16.381818771362305,22726,0.0,0.0
2013-03-27 00:00:00+08:00,16.381818771362305,16.381818771362305,16.10909080505371,16.3454532623291,7150,0.0,0.0
2013-03-28 00:00:00+08:00,16.3454532623291,17.472726821899414,16.3454532623291,17.472726821899414,118984,0.0,0.0
2013-03-29 00:00:00+08:00,18.14545440673828,18.636362075805664,18.0,18.636362075805664,443941,0.0,0.0
2013-04-01 00:00:00+08:00,19.909090042114258,19.909090042114258,19.545454025268555,19.818180084228516,793109,0.0,0.0
2013-04-02 00:00:00+08:00,19.363636016845703,20.363636016845703,18.727272033691406,19.27272605895996,301872,0.0,0.0
2013-04-03 00:00:00+08:00,18.909090042114258,19.27272605895996,18.545454025268555,18.909090042114258,193050,0.0,0.0
2013-04-08 00:00:00+08:00,18.727272033691406,18.727272033691406,17.600000381469727,17.89090919494629,154550,0.0,0.0
2013-04-09 00:00:00+08:00,17.89090919494629,17.89090919494629,17.636362075805664,17.654544830322266,83050,0.0,0.0
2013-04-10 00:00:00+08:00,17.636362075805664,17.909090042114258,17.545454025268555,17.690908432006836,54560,0.0,0.0
2013-04-11 00:00:00+08:00,17.727272033691406,17.818180084228516,17.563636779785156,17.563636779785156,72050,0.0,0.0
2013-04-12 00:00:00+08:00,17.763635635375977,17.763635635375977,17.418180465698242,17.545454025268555,47932,0.0,0.0
2013-04-15 00:00:00+08:00,17.545454025268555,17.563636779785156,17.27272605895996,17.27272605895996,71500,0.0,0.0
2013-04-16 00:00:00+08:00,16.418180465698242,17.3454532623291,16.418180465698242,17.3454532623291,52250,0.0,0.0
2013-04-17 00:00:00+08:00,17.27272605895996,17.27272605895996,16.96363639831543,16.9818172454834,30250,0.0,0.0
2013-04-18 00:00:00+08:00,16.909090042114258,16.909090042114258,16.472726821899414,16.763635635375977,39105,0.0,0.0
2013-04-19 00:00:00+08:00,17.07272720336914,17.07272720336914,16.690908432006836,16.799999237060547,49555,0.0,0.0
2013-04-22 00:00:00+08:00,16.763635635375977,16.781818389892578,16.654544830322266,16.781818389892578,41800,0.0,0.0
2013-04-23 00:00:00+08:00,17.254545211791992,17.254545211791992,16.799999237060547,17.0,15400,0.0,0.0
2013-04-24 00:00:00+08:00,17.0,17.0,16.636362075805664,16.727272033691406,42350,0.0,0.0
2013-04-25 00:00:00+08:00,16.418180465698242,16.799999237060547,16.418180465698242,16.709089279174805,62150,0.0,0.0
2013-04-26 00:00:00+08:00,16.709089279174805,16.781818389892578,16.581817626953125,16.600000381469727,23100,0.0,0.0
2013-04-29 00:00:00+08:00,16.581817626953125,16.909090042114258,16.581817626953125,16.727272033691406,41800,0.0,0.0
2013-04-30 00:00:00+08:00,16.727272033691406,16.872726440429688,16.600000381469727,16.727272033691406,24750,0.0,0.0
2013-05-02 00:00:00+08:00,16.872726440429688,16.872726440429688,16.581817626953125,16.581817626953125,30250,0.0,0.0
2013-05-03 00:00:00+08:00,16.472726821899414,17.727272033691406,16.472726821899414,17.727272033691406,100100,0.0,0.0
2013-05-06 00:00:00+08:00,18.18181800842285,18.27272605895996,17.690908432006836,17.818180084228516,126563,0.0,0.0
2013-05-07 00:00:00+08:00,17.454544067382812,17.818180084228516,17.290908813476562,17.490909576416016,42363,0.0,0.0
2013-05-08 00:00:00+08:00,17.672727584838867,18.27272605895996,17.636362075805664,17.654544830322266,50105,0.0,0.0
2013-05-09 00:00:00+08:00,18.0,18.0,17.636362075805664,17.818180084228516,57200,0.0,0.0
2013-05-10 00:00:00+08:00,17.872726440429688,18.27272605895996,17.545454025268555,17.545454025268555,26400,0.0,0.0
2013-05-13 00:00:00+08:00,17.545454025268555,17.636362075805664,17.218181610107422,17.218181610107422,34650,0.0,0.0
2013-05-14 00:00:00+08:00,17.14545440673828,17.27272605895996,16.381818771362305,16.654544830322266,42625,0.0,0.0
2013-05-15 00:00:00+08:00,16.600000381469727,16.909090042114258,16.600000381469727,16.909090042114258,46200,0.0,0.0
2013-05-16 00:00:00+08:00,16.745454788208008,17.07272720336914,16.727272033691406,17.03636360168457,28335,0.0,0.0
2013-05-17 00:00:00+08:00,17.14545440673828,17.14545440673828,16.836362838745117,16.909090042114258,29852,0.0,0.0
2013-05-20 00:00:00+08:00,17.18181800842285,17.290908813476562,17.12727165222168,17.27272605895996,34100,0.0,0.0
2013-05-21 00:00:00+08:00,17.27272605895996,17.727272033691406,17.14545440673828,17.27272605895996,60500,0.0,0.0
2013-05-22 00:00:00+08:00,17.418180465698242,18.454544067382812,17.418180465698242,18.454544067382812,390036,0.0,0.0
2013-05-23 00:00:00+08:00,18.16363525390625,18.545454025268555,17.909090042114258,17.945453643798828,213620,0.0,0.0
2013-05-24 00:00:00+08:00,17.763635635375977,17.909090042114258,17.454544067382812,17.527271270751953,56650,0.0,0.0
2013-05-27 00:00:00+08:00,17.527271270751953,17.527271270751953,17.27272605895996,17.290908813476562,37125,0.0,0.0
2013-05-28 00:00:00+08:00,17.23636245727539,17.418180465698242,17.14545440673828,17.14545440673828,58354,0.0,0.0
2013-05-29 00:00:00+08:00,17.18181800842285,17.545454025268555,17.18181800842285,17.418180465698242,36300,0.0,0.0
2013-05-30 00:00:00+08:00,17.418180465698242,17.418180465698242,17.200000762939453,17.27272605895996,51700,0.0,0.0
2013-05-31 00:00:00+08:00,17.454544067382812,17.454544067382812,17.27272605895996,17.27272605895996,60500,0.0,0.0
2013-06-03 00:00:00+08:00,17.14545440673828,17.454544067382812,16.909090042114258,17.09090805053711,20900,0.0,0.0
2013-06-04 00:00:00+08:00,17.454544067382812,18.27272605895996,17.3454532623291,18.18181800842285,125950,0.0,0.0
2013-06-05 00:00:00+08:00,17.818180084228516,18.14545440673828,17.672727584838867,17.9818172454834,39600,0.0,0.0
2013-06-06 00:00:00+08:00,17.636362075805664,19.0,17.636362075805664,18.363636016845703,135575,0.0,0.0
2013-06-07 00:00:00+08:00,18.363636016845703,18.727272033691406,17.85454559326172,17.945453643798828,85800,0.0,0.0
2013-06-10 00:00:00+08:00,18.05454444885254,18.05454444885254,17.363636016845703,17.818180084228516,49500,0.0,0.0
2013-06-11 00:00:00+08:00,17.781818389892578,17.836362838745117,17.781818389892578,17.818180084228516,13200,0.0,0.0
2013-06-13 00:00:00+08:00,17.636362075805664,17.672727584838867,17.399999618530273,17.636362075805664,45100,0.0,0.0
2013-06-14 00:00:00+08:00,17.818180084228516,17.92727279663086,17.636362075805664,17.727272033691406,50600,0.0,0.0
2013-06-17 00:00:00+08:00,17.727272033691406,18.16363525390625,17.727272033691406,18.01818084716797,36300,0.0,0.0
2013-06-18 00:00:00+08:00,18.05454444885254,19.09090805053711,17.799999237060547,18.18181800842285,41800,0.0,0.0
2013-06-19 00:00:00+08:00,18.27272605895996,19.0,18.12727165222168,18.636362075805664,127681,0.0,0.0
2013-06-20 00:00:00+08:00,18.454544067382812,18.454544067382812,18.0,18.0,90750,0.0,0.0
2013-06-21 00:00:00+08:00,17.709089279174805,18.01818084716797,17.600000381469727,17.636362075805664,66042,0.0,0.0
2013-06-24 00:00:00+08:00,17.636362075805664,17.909090042114258,17.636362075805664,17.909090042114258,33550,0.0,0.0
2013-06-25 00:00:00+08:00,17.727272033691406,17.727272033691406,16.85454559326172,17.363636016845703,62743,0.0,0.0
2013-06-26 00:00:00+08:00,17.545454025268555,17.545454025268555,17.381818771362305,17.381818771362305,53900,0.0,0.0
2013-06-27 00:00:00+08:00,17.454544067382812,17.799999237060547,17.454544067382812,17.454544067382812,23100,0.0,0.0
2013-06-28 00:00:00+08:00,17.636362075805664,17.836362838745117,17.581817626953125,17.581817626953125,20900,0.0,0.0
2013-07-01 00:00:00+08:00,17.690908432006836,17.709089279174805,17.218181610107422,17.454544067382812,43450,0.0,0.0
2013-07-02 00:00:00+08:00,17.454544067382812,17.600000381469727,17.381818771362305,17.563636779785156,18150,0.0,0.0
2013-07-03 00:00:00+08:00,17.454544067382812,17.454544067382812,17.418180465698242,17.418180465698242,4060,0.0,0.0
2013-07-04 00:00:00+08:00,17.636362075805664,17.636362075805664,17.418180465698242,17.581817626953125,7150,0.0,0.0
2013-07-05 00:00:00+08:00,17.818180084228516,17.818180084228516,16.690908432006836,17.363636016845703,33042,0.0,0.0
2013-07-08 00:00:00+08:00,17.454544067382812,17.636362075805664,17.12727165222168,17.12727165222168,12237,0.0,0.0
2013-07-09 00:00:00+08:00,17.18181800842285,17.27272605895996,16.92727279663086,17.23636245727539,23688,0.0,0.0
2013-07-10 00:00:00+08:00,17.23636245727539,17.27272605895996,17.18181800842285,17.18181800842285,8855,0.0,0.0
2013-07-11 00:00:00+08:00,17.18181800842285,17.490909576416016,17.05454444885254,17.18181800842285,60500,0.0,0.0
2013-07-12 00:00:00+08:00,17.18181800842285,17.27272605895996,17.16363525390625,17.16363525390625,28600,0.0,0.0
2013-07-15 00:00:00+08:00,17.16363525390625,17.218181610107422,17.16363525390625,17.200000762939453,92400,0.0,0.0
2013-07-16 00:00:00+08:00,17.12727165222168,17.200000762939453,17.09090805053711,17.10909080505371,50050,0.0,0.0
2013-07-17 00:00:00+08:00,17.14545440673828,17.14545440673828,16.9818172454834,17.0,15400,0.0,0.0
2013-07-18 00:00:00+08:00,16.945453643798828,17.12727165222168,16.92727279663086,17.12727165222168,17799,0.0,0.0
2013-07-19 00:00:00+08:00,16.96363639831543,17.07272720336914,16.454544067382812,16.454544067382812,43450,0.0,0.0
2013-07-22 00:00:00+08:00,16.363636016845703,16.454544067382812,16.30908966064453,16.363636016845703,50105,0.0,0.0
2013-07-23 00:00:00+08:00,16.490909576416016,16.745454788208008,16.490909576416016,16.690908432006836,13750,0.0,0.0
2013-07-24 00:00:00+08:00,16.654544830322266,16.727272033691406,16.563636779785156,16.581817626953125,18700,0.0,0.0
2013-07-25 00:00:00+08:00,16.581817626953125,16.909090042114258,16.436363220214844,16.909090042114258,46750,0.0,0.0
2013-07-26 00:00:00+08:00,16.563636779785156,16.581817626953125,16.454544067382812,16.454544067382812,50050,0.0,0.0
2013-07-29 00:00:00+08:00,16.563636779785156,17.600000381469727,16.509090423583984,17.10909080505371,90750,0.0,0.0
2013-07-30 00:00:00+08:00,17.0,17.18181800842285,16.872726440429688,17.18181800842285,41250,0.0,0.0
2013-07-31 00:00:00+08:00,17.18181800842285,17.18181800842285,16.92727279663086,16.9818172454834,27248,0.0,0.0
2013-08-01 00:00:00+08:00,16.9818172454834,16.9818172454834,16.9818172454834,16.9818172454834,1650,0.0,0.0
2013-08-02 00:00:00+08:00,17.09090805053711,17.09090805053711,16.818180084228516,16.909090042114258,9955,0.0,0.0
2013-08-05 00:00:00+08:00,16.909090042114258,17.03636360168457,16.836362838745117,17.03636360168457,18755,0.0,0.0
2013-08-06 00:00:00+08:00,16.709089279174805,17.818180084228516,16.709089279174805,17.636362075805664,41312,0.0,0.0
2013-08-07 00:00:00+08:00,17.618181228637695,17.9818172454834,17.09090805053711,17.09090805053711,45650,0.0,0.0
2013-08-08 00:00:00+08:00,17.09090805053711,17.09090805053711,16.563636779785156,16.727272033691406,35317,0.0,0.0
2013-08-09 00:00:00+08:00,16.818180084228516,16.818180084228516,16.818180084228516,16.818180084228516,2255,0.0,0.0
2013-08-12 00:00:00+08:00,17.9818172454834,17.9818172454834,17.9818172454834,17.9818172454834,82698,0.0,0.0
2013-08-13 00:00:00+08:00,19.18181800842285,19.18181800842285,18.363636016845703,19.09090805053711,500863,0.0,0.0
2013-08-14 00:00:00+08:00,19.09090805053711,19.545454025268555,18.636362075805664,18.727272033691406,251819,0.0,0.0
2013-08-15 00:00:00+08:00,19.09090805053711,19.09090805053711,18.545454025268555,18.545454025268555,188650,0.0,0.0
2013-08-16 00:00:00+08:00,18.545454025268555,19.818180084228516,18.545454025268555,19.818180084228516,591240,0.0,0.0
2013-08-19 00:00:00+08:00,20.27272605895996,21.18181800842285,20.0,21.18181800842285,600976,0.0,0.0
2013-08-20 00:00:00+08:00,22.636362075805664,22.636362075805664,22.636362075805664,22.636362075805664,265925,0.0,0.0
2013-08-22 00:00:00+08:00,24.18181800842285,24.18181800842285,23.27272605895996,24.18181800842285,512050,0.0,0.0
2013-08-23 00:00:00+08:00,25.727272033691406,25.818180084228516,23.636362075805664,23.727272033691406,1287357,0.0,0.0
2013-08-26 00:00:00+08:00,23.727272033691406,24.909090042114258,23.636362075805664,24.18181800842285,518849,0.0,0.0
2013-08-27 00:00:00+08:00,24.18181800842285,24.545454025268555,22.545454025268555,22.727272033691406,396847,0.0,0.0
2013-08-28 00:00:00+08:00,22.0,22.363636016845703,21.18181800842285,21.636362075805664,462550,0.0,0.0
2013-08-29 00:00:00+08:00,21.636362075805664,23.09090805053711,20.636362075805664,23.09090805053711,488400,0.0,0.0
2013-08-30 00:00:00+08:00,23.909090042114258,23.909090042114258,21.545454025268555,21.545454025268555,385550,0.0,0.0
2013-09-02 00:00:00+08:00,21.18181800842285,22.454544067382812,20.909090042114258,21.818180084228516,252332,0.0,0.0
2013-09-03 00:00:00+08:00,21.818180084228516,22.727272033691406,21.454544067382812,21.818180084228516,196900,0.0,0.0
2013-09-04 00:00:00+08:00,22.363636016845703,22.636362075805664,21.818180084228516,22.545454025268555,164517,0.0,0.0
2013-09-05 00:00:00+08:00,22.909090042114258,24.09090805053711,22.18181800842285,24.09090805053711,443312,0.0,0.0
2013-09-06 00:00:00+08:00,23.27272605895996,23.636362075805664,22.454544067382812,22.454544067382812,372988,0.0,0.0
2013-09-09 00:00:00+08:00,22.363636016845703,22.454544067382812,21.363636016845703,21.454544067382812,226050,0.0,0.0
2013-09-10 00:00:00+08:00,21.18181800842285,21.818180084228516,21.18181800842285,21.27272605895996,114950,0.0,0.0
2013-09-11 00:00:00+08:00,20.909090042114258,20.909090042114258,19.818180084228516,20.0,284900,0.0,0.0
2013-09-12 00:00:00+08:00,20.0,21.363636016845703,19.909090042114258,20.818180084228516,247027,0.0,0.0
2013-09-13 00:00:00+08:00,20.909090042114258,21.18181800842285,20.0,20.545454025268555,128166,0.0,0.0
2013-09-16 00:00:00+08:00,20.545454025268555,20.909090042114258,20.09090805053711,20.09090805053711,111650,0.0,0.0
2013-09-17 00:00:00+08:00,20.727272033691406,20.727272033691406,20.0,20.09090805053711,71500,0.0,0.0
2013-09-18 00:00:00+08:00,20.18181800842285,20.363636016845703,20.0,20.363636016845703,51700,0.0,0.0
2013-09-23 00:00:00+08:00,20.363636016845703,20.636362075805664,20.18181800842285,20.18181800842285,92566,0.0,0.0
2013-09-24 00:00:00+08:00,20.27272605895996,21.545454025268555,20.09090805053711,21.545454025268555,353874,0.0,0.0
2013-09-25 00:00:00+08:00,21.454544067382812,21.454544067382812,20.909090042114258,21.0,254696,0.0,0.0
2013-09-26 00:00:00+08:00,21.27272605895996,21.27272605895996,20.454544067382812,20.727272033691406,133100,0.0,0.0
2013-09-27 00:00:00+08:00,21.09090805053711,21.09090805053711,20.727272033691406,21.0,43450,0.0,0.0
2013-09-30 00:00:00+08:00,20.909090042114258,21.545454025268555,20.909090042114258,21.09090805053711,95319,0.0,0.0
2013-10-01 00:00:00+08:00,21.09090805053711,21.18181800842285,20.545454025268555,20.545454025268555,116727,0.0,0.0
2013-10-02 00:00:00+08:00,21.0,21.09090805053711,20.727272033691406,20.909090042114258,65450,0.0,0.0
2013-10-03 00:00:00+08:00,21.0,21.09090805053711,20.818180084228516,21.0,59950,0.0,0.0
2013-10-04 00:00:00+08:00,21.09090805053711,22.454544067382812,21.09090805053711,21.363636016845703,236500,0.0,0.0
2013-10-07 00:00:00+08:00,21.363636016845703,22.09090805053711,21.27272605895996,21.545454025268555,125703,0.0,0.0
2013-10-08 00:00:00+08:00,21.545454025268555,21.636362075805664,21.0,21.18181800842285,118800,0.0,0.0
2013-10-09 00:00:00+08:00,20.909090042114258,21.09090805053711,20.909090042114258,21.09090805053711,53257,0.0,0.0
2013-10-11 00:00:00+08:00,21.09090805053711,21.18181800842285,20.636362075805664,20.636362075805664,93500,0.0,0.0
2013-10-14 00:00:00+08:00,20.727272033691406,21.18181800842285,20.545454025268555,20.818180084228516,109450,0.0,0.0
2013-10-15 00:00:00+08:00,21.0,21.0,20.363636016845703,20.818180084228516,95700,0.0,0.0
2013-10-16 00:00:00+08:00,20.818180084228516,21.27272605895996,20.454544067382812,20.454544067382812,61050,0.0,0.0
2013-10-17 00:00:00+08:00,20.545454025268555,20.818180084228516,20.363636016845703,20.454544067382812,58850,0.0,0.0
2013-10-18 00:00:00+08:00,20.545454025268555,20.818180084228516,20.454544067382812,20.545454025268555,36850,0.0,0.0
2013-10-21 00:00:00+08:00,20.909090042114258,21.363636016845703,20.909090042114258,21.0,76450,0.0,0.0
2013-10-22 00:00:00+08:00,21.09090805053711,22.454544067382812,21.0,22.09090805053711,315700,0.0,0.0
2013-10-23 00:00:00+08:00,21.454544067382812,22.18181800842285,21.363636016845703,21.727272033691406,178949,0.0,0.0
2013-10-24 00:00:00+08:00,21.818180084228516,21.818180084228516,21.454544067382812,21.636362075805664,59400,0.0,0.0
2013-10-25 00:00:00+08:00,21.818180084228516,22.727272033691406,21.818180084228516,22.363636016845703,211750,0.0,0.0
2013-10-28 00:00:00+08:00,22.363636016845703,22.727272033691406,22.09090805053711,22.363636016845703,102850,0.0,0.0
2013-10-29 00:00:00+08:00,22.545454025268555,22.545454025268555,21.27272605895996,21.454544067382812,148500,0.0,0.0
2013-10-30 00:00:00+08:00,21.363636016845703,21.636362075805664,21.09090805053711,21.27272605895996,130350,0.0,0.0
2013-10-31 00:00:00+08:00,21.18181800842285,21.454544067382812,21.18181800842285,21.363636016845703,60500,0.0,0.0
2013-11-01 00:00:00+08:00,21.363636016845703,21.545454025268555,21.18181800842285,21.27272605895996,67100,0.0,0.0
2013-11-04 00:00:00+08:00,21.454544067382812,21.818180084228516,21.18181800842285,21.454544067382812,82500,0.0,0.0
2013-11-05 00:00:00+08:00,21.454544067382812,21.636362075805664,21.18181800842285,21.18181800842285,95700,0.0,0.0
2013-11-06 00:00:00+08:00,21.09090805053711,21.09090805053711,19.727272033691406,19.727272033691406,249273,0.0,0.0
2013-11-07 00:00:00+08:00,18.363636016845703,18.363636016845703,18.363636016845703,18.363636016845703,173800,0.0,0.0
2013-11-08 00:00:00+08:00,17.09090805053711,18.18181800842285,17.09090805053711,17.690908432006836,339902,0.0,0.0
2013-11-11 00:00:00+08:00,17.690908432006836,18.05454444885254,17.381818771362305,17.381818771362305,154550,0.0,0.0
2013-11-12 00:00:00+08:00,17.327272415161133,17.618181228637695,16.363636016845703,16.381818771362305,118800,0.0,0.0
2013-11-13 00:00:00+08:00,16.27272605895996,16.399999618530273,15.763635635375977,15.818181037902832,151250,0.0,0.0
2013-11-14 00:00:00+08:00,15.63636302947998,16.07272720336914,15.63636302947998,15.945453643798828,85800,0.0,0.0
2013-11-15 00:00:00+08:00,15.909090042114258,16.0,15.545454025268555,15.63636302947998,50600,0.0,0.0
2013-11-18 00:00:00+08:00,15.909090042114258,15.909090042114258,15.545454025268555,15.600000381469727,51837,0.0,0.0
2013-11-19 00:00:00+08:00,15.600000381469727,16.527271270751953,15.600000381469727,15.763635635375977,24750,0.0,0.0
2013-11-20 00:00:00+08:00,15.763635635375977,16.18181800842285,15.745453834533691,15.745453834533691,47850,0.0,0.0
2013-11-21 00:00:00+08:00,15.745453834533691,16.0,15.690909385681152,15.690909385681152,19800,0.0,0.0
2013-11-22 00:00:00+08:00,15.690909385681152,15.690909385681152,14.600000381469727,14.600000381469727,235950,0.0,0.0
2013-11-25 00:00:00+08:00,14.454545021057129,14.690909385681152,13.818181037902832,13.836362838745117,128150,0.0,0.0
2013-11-26 00:00:00+08:00,13.854544639587402,13.909090042114258,13.818181037902832,13.890909194946289,48950,0.0,0.0
2013-11-27 00:00:00+08:00,13.927271842956543,14.363636016845703,13.927271842956543,13.96363639831543,24750,0.0,0.0
2013-11-28 00:00:00+08:00,14.272727012634277,14.927271842956543,14.181818008422852,14.927271842956543,106700,0.0,0.0
2013-11-29 00:00:00+08:00,15.090909004211426,15.818181037902832,15.090909004211426,15.472726821899414,100650,0.0,0.0
2013-12-02 00:00:00+08:00,15.745453834533691,15.745453834533691,14.436363220214844,14.52727222442627,45650,0.0,0.0
2013-12-03 00:00:00+08:00,14.0,14.545454025268555,14.0,14.545454025268555,40150,0.0,0.0
2013-12-04 00:00:00+08:00,14.545454025268555,14.67272663116455,14.272727012634277,14.472726821899414,21517,0.0,0.0
2013-12-05 00:00:00+08:00,14.018180847167969,14.436363220214844,14.018180847167969,14.163636207580566,23650,0.0,0.0
2013-12-06 00:00:00+08:00,14.163636207580566,14.781818389892578,14.109089851379395,14.781818389892578,18700,0.0,0.0
2013-12-09 00:00:00+08:00,14.909090042114258,14.909090042114258,14.418181419372559,14.418181419372559,25300,0.0,0.0
2013-12-10 00:00:00+08:00,14.418181419372559,14.600000381469727,14.418181419372559,14.600000381469727,8800,0.0,0.0
2013-12-11 00:00:00+08:00,14.600000381469727,14.600000381469727,14.290908813476562,14.509090423583984,14850,0.0,0.0
2013-12-12 00:00:00+08:00,14.545454025268555,14.581817626953125,14.545454025268555,14.545454025268555,12100,0.0,0.0
2013-12-13 00:00:00+08:00,14.545454025268555,14.690909385681152,14.272727012634277,14.345454216003418,19250,0.0,0.0
2013-12-16 00:00:00+08:00,14.181818008422852,14.181818008422852,14.090909004211426,14.181818008422852,8345,0.0,0.0
2013-12-17 00:00:00+08:00,14.727272033691406,14.727272033691406,13.818181037902832,13.981818199157715,68200,0.0,0.0
2013-12-18 00:00:00+08:00,14.0,14.345454216003418,13.927271842956543,13.927271842956543,36300,0.0,0.0
2013-12-19 00:00:00+08:00,14.290908813476562,14.67272663116455,13.96363639831543,14.67272663116455,39600,0.0,0.0
2013-12-20 00:00:00+08:00,14.581817626953125,14.581817626953125,14.181818008422852,14.181818008422852,8800,0.0,0.0
2013-12-23 00:00:00+08:00,14.363636016845703,14.56363582611084,14.218180656433105,14.363636016845703,25300,0.0,0.0
2013-12-24 00:00:00+08:00,14.52727222442627,14.52727222442627,14.236363410949707,14.327272415161133,31900,0.0,0.0
2013-12-25 00:00:00+08:00,14.454545021057129,14.654544830322266,14.363636016845703,14.618181228637695,40700,0.0,0.0
2013-12-26 00:00:00+08:00,14.618181228637695,15.63636302947998,14.618181228637695,15.63636302947998,108900,0.0,0.0
2013-12-27 00:00:00+08:00,16.0,16.363636016845703,15.63636302947998,15.654544830322266,126779,0.0,0.0
2013-12-30 00:00:00+08:00,15.909090042114258,15.945453643798828,15.454545021057129,15.472726821899414,58850,0.0,0.0
2013-12-31 00:00:00+08:00,15.618181228637695,15.618181228637695,15.054545402526855,15.4909086227417,24750,0.0,0.0
2014-01-02 00:00:00+08:00,15.4909086227417,15.727272033691406,15.145454406738281,15.381817817687988,16504,0.0,0.0
2014-01-03 00:00:00+08:00,15.272727012634277,15.290908813476562,15.272727012634277,15.272727012634277,19803,0.0,0.0
2014-01-06 00:00:00+08:00,15.272727012634277,15.272727012634277,14.727272033691406,15.236363410949707,59950,0.0,0.0
2014-01-07 00:00:00+08:00,15.0,15.236363410949707,14.818181037902832,15.090909004211426,67650,0.0,0.0
2014-01-08 00:00:00+08:00,15.090909004211426,15.909090042114258,15.090909004211426,15.727272033691406,162816,0.0,0.0
2014-01-09 00:00:00+08:00,15.727272033691406,15.727272033691406,15.0,15.090909004211426,118800,0.0,0.0
2014-01-10 00:00:00+08:00,15.090909004211426,15.272727012634277,15.090909004211426,15.163636207580566,91300,0.0,0.0
2014-01-13 00:00:00+08:00,15.181818008422852,15.345454216003418,15.090909004211426,15.199999809265137,74250,0.0,0.0
2014-01-14 00:00:00+08:00,15.199999809265137,15.199999809265137,14.890909194946289,14.890909194946289,57200,0.0,0.0
2014-01-15 00:00:00+08:00,15.054545402526855,15.436363220214844,15.0,15.090909004211426,51150,0.0,0.0
2014-01-16 00:00:00+08:00,15.181818008422852,16.14545440673828,15.0,15.454545021057129,183150,0.0,0.0
2014-01-17 00:00:00+08:00,15.454545021057129,15.781818389892578,15.090909004211426,15.363636016845703,109476,0.0,0.0
2014-01-20 00:00:00+08:00,15.545454025268555,15.800000190734863,15.454545021057129,15.472726821899414,160050,0.0,0.0
2014-01-21 00:00:00+08:00,15.4909086227417,15.727272033691406,15.454545021057129,15.545454025268555,52800,0.0,0.0
2014-01-22 00:00:00+08:00,15.63636302947998,16.618181228637695,15.618181228637695,16.618181228637695,672560,0.0,0.0
2014-01-23 00:00:00+08:00,16.545454025268555,16.781818389892578,16.03636360168457,16.07272720336914,234300,0.0,0.0
2014-01-24 00:00:00+08:00,16.07272720336914,16.09090805053711,15.654544830322266,15.690909385681152,99000,0.0,0.0
2014-01-27 00:00:00+08:00,15.654544830322266,15.654544830322266,15.199999809265137,15.199999809265137,76075,0.0,0.0
2014-02-05 00:00:00+08:00,14.727272033691406,15.12727165222168,14.654544830322266,14.727272033691406,74800,0.0,0.0
2014-02-06 00:00:00+08:00,14.63636302947998,15.454545021057129,14.63636302947998,15.145454406738281,94050,0.0,0.0
2014-02-07 00:00:00+08:00,15.163636207580566,16.16363525390625,15.163636207580566,15.818181037902832,125950,0.0,0.0
2014-02-10 00:00:00+08:00,15.909090042114258,16.327272415161133,15.654544830322266,15.818181037902832,92400,0.0,0.0
2014-02-11 00:00:00+08:00,15.545454025268555,15.581817626953125,15.090909004211426,15.52727222442627,51150,0.0,0.0
2014-02-12 00:00:00+08:00,15.818181037902832,15.818181037902832,15.272727012634277,15.581817626953125,37400,0.0,0.0
2014-02-13 00:00:00+08:00,15.56363582611084,15.63636302947998,15.272727012634277,15.381817817687988,44550,0.0,0.0
2014-02-14 00:00:00+08:00,15.581817626953125,15.581817626953125,15.381817817687988,15.399999618530273,33000,0.0,0.0
2014-02-17 00:00:00+08:00,15.399999618530273,15.399999618530273,15.12727165222168,15.309089660644531,62700,0.0,0.0
2014-02-18 00:00:00+08:00,15.163636207580566,15.818181037902832,15.163636207580566,15.454545021057129,47347,0.0,0.0
2014-02-19 00:00:00+08:00,15.472726821899414,15.690909385681152,15.309089660644531,15.545454025268555,65450,0.0,0.0
2014-02-20 00:00:00+08:00,15.381817817687988,15.63636302947998,15.381817817687988,15.545454025268555,37400,0.0,0.0
2014-02-21 00:00:00+08:00,15.545454025268555,15.727272033691406,15.418181419372559,15.727272033691406,70400,0.0,0.0
2014-02-24 00:00:00+08:00,16.545454025268555,16.545454025268555,15.63636302947998,15.727272033691406,68750,0.0,0.0
2014-02-25 00:00:00+08:00,15.763635635375977,15.890909194946289,15.472726821899414,15.4909086227417,39050,0.0,0.0
2014-02-26 00:00:00+08:00,15.509090423583984,15.690909385681152,15.509090423583984,15.545454025268555,41250,0.0,0.0
2014-02-27 00:00:00+08:00,15.63636302947998,15.781818389892578,15.363636016845703,15.454545021057129,60349,0.0,0.0
2014-03-03 00:00:00+08:00,15.472726821899414,15.690909385681152,15.290908813476562,15.290908813476562,114400,0.0,0.0
2014-03-04 00:00:00+08:00,15.109089851379395,15.381817817687988,15.018180847167969,15.109089851379395,97931,0.0,0.0
2014-03-05 00:00:00+08:00,15.272727012634277,15.690909385681152,15.272727012634277,15.472726821899414,84700,0.0,0.0
2014-03-06 00:00:00+08:00,15.709090232849121,16.0,15.654544830322266,15.781818389892578,128700,0.0,0.0
2014-03-07 00:00:00+08:00,16.0,16.0,15.381817817687988,15.381817817687988,91341,0.0,0.0
2014-03-10 00:00:00+08:00,15.381817817687988,15.436363220214844,15.163636207580566,15.272727012634277,66884,0.0,0.0
2014-03-11 00:00:00+08:00,15.545454025268555,15.545454025268555,15.381817817687988,15.454545021057129,18700,0.0,0.0
2014-03-12 00:00:00+08:00,15.509090423583984,15.818181037902832,15.454545021057129,15.63636302947998,105050,0.0,0.0
2014-03-13 00:00:00+08:00,15.63636302947998,15.945453643798828,15.63636302947998,15.854544639587402,142450,0.0,0.0
2014-03-14 00:00:00+08:00,15.872727394104004,16.96363639831543,15.872727394104004,16.96363639831543,302500,0.0,0.0
2014-03-17 00:00:00+08:00,18.14545440673828,18.14545440673828,18.14545440673828,18.14545440673828,282384,0.0,0.0
2014-03-18 00:00:00+08:00,18.818180084228516,18.818180084228516,17.454544067382812,17.490909576416016,838586,0.0,0.0
2014-03-19 00:00:00+08:00,17.290908813476562,18.636362075805664,16.563636779785156,18.636362075805664,695774,0.0,0.0
2014-03-20 00:00:00+08:00,18.909090042114258,19.909090042114258,18.18181800842285,19.909090042114258,1118749,0.0,0.0
2014-03-21 00:00:00+08:00,20.09090805053711,20.454544067382812,19.09090805053711,19.09090805053711,646855,0.0,0.0
2014-03-24 00:00:00+08:00,18.727272033691406,18.727272033691406,17.763635635375977,17.818180084228516,446062,0.0,0.0
2014-03-25 00:00:00+08:00,18.16363525390625,18.545454025268555,18.03636360168457,18.14545440673828,275551,0.0,0.0
2014-03-26 00:00:00+08:00,18.14545440673828,18.636362075805664,18.0,18.0,189620,0.0,0.0
2014-03-27 00:00:00+08:00,17.781818389892578,18.18181800842285,17.545454025268555,17.545454025268555,205562,0.0,0.0
2014-03-28 00:00:00+08:00,17.545454025268555,17.545454025268555,17.01818084716797,17.01818084716797,138737,0.0,0.0
2014-03-31 00:00:00+08:00,17.05454444885254,17.27272605895996,16.727272033691406,16.727272033691406,146437,0.0,0.0
2014-04-01 00:00:00+08:00,16.763635635375977,17.09090805053711,16.563636779785156,16.636362075805664,125972,0.0,0.0
2014-04-02 00:00:00+08:00,16.636362075805664,16.945453643798828,16.436363220214844,16.436363220214844,122100,0.0,0.0
2014-04-03 00:00:00+08:00,16.418180465698242,16.436363220214844,15.854544639587402,15.909090042114258,298722,0.0,0.0
2014-04-07 00:00:00+08:00,15.818181037902832,15.818181037902832,14.927271842956543,15.12727165222168,279950,0.0,0.0
2014-04-08 00:00:00+08:00,15.145454406738281,15.745453834533691,15.036362648010254,15.63636302947998,123750,0.0,0.0
2014-04-09 00:00:00+08:00,15.090909004211426,15.709090232849121,15.090909004211426,15.290908813476562,115500,0.0,0.0
2014-04-10 00:00:00+08:00,15.454545021057129,15.63636302947998,15.309089660644531,15.327272415161133,79200,0.0,0.0
2014-04-11 00:00:00+08:00,15.290908813476562,15.381817817687988,15.109089851379395,15.109089851379395,92400,0.0,0.0
2014-04-14 00:00:00+08:00,14.836362838745117,15.418181419372559,14.836362838745117,14.836362838745117,84150,0.0,0.0
2014-04-15 00:00:00+08:00,14.836362838745117,15.054545402526855,14.836362838745117,14.836362838745117,47850,0.0,0.0
2014-04-16 00:00:00+08:00,15.018180847167969,15.090909004211426,14.745453834533691,14.981818199157715,53900,0.0,0.0
2014-04-17 00:00:00+08:00,14.872727394104004,15.054545402526855,14.872727394104004,14.945453643798828,23650,0.0,0.0
2014-04-18 00:00:00+08:00,14.945453643798828,15.981818199157715,14.945453643798828,15.981818199157715,202400,0.0,0.0
2014-04-21 00:00:00+08:00,16.30908966064453,16.30908966064453,15.454545021057129,15.818181037902832,214500,0.0,0.0
2014-04-22 00:00:00+08:00,15.836362838745117,15.872727394104004,15.56363582611084,15.56363582611084,85800,0.0,0.0
2014-04-23 00:00:00+08:00,15.545454025268555,15.63636302947998,15.090909004211426,15.254545211791992,84150,0.0,0.0
2014-04-24 00:00:00+08:00,15.254545211791992,15.399999618530273,15.12727165222168,15.12727165222168,46339,0.0,0.0
2014-04-25 00:00:00+08:00,15.145454406738281,15.363636016845703,14.545454025268555,14.581817626953125,96800,0.0,0.0
2014-04-28 00:00:00+08:00,14.545454025268555,14.545454025268555,14.199999809265137,14.290908813476562,65461,0.0,0.0
2014-04-29 00:00:00+08:00,14.363636016845703,14.800000190734863,14.363636016845703,14.545454025268555,53900,0.0,0.0
2014-04-30 00:00:00+08:00,14.454545021057129,14.545454025268555,14.036362648010254,14.054545402526855,59950,0.0,0.0
2014-05-02 00:00:00+08:00,14.163636207580566,14.363636016845703,14.163636207580566,14.363636016845703,36300,0.0,0.0
2014-05-05 00:00:00+08:00,14.363636016845703,14.52727222442627,14.290908813476562,14.290908813476562,37400,0.0,0.0
2014-05-06 00:00:00+08:00,14.363636016845703,15.0,14.272727012634277,14.872727394104004,60500,0.0,0.0
2014-05-07 00:00:00+08:00,14.854544639587402,14.854544639587402,14.545454025268555,14.800000190734863,52800,0.0,0.0
2014-05-08 00:00:00+08:00,14.727272033691406,14.727272033691406,14.381817817687988,14.399999618530273,112200,0.0,0.0
2014-05-09 00:00:00+08:00,14.363636016845703,14.363636016845703,14.181818008422852,14.199999809265137,89650,0.0,0.0
2014-05-12 00:00:00+08:00,14.218180656433105,14.454545021057129,14.036362648010254,14.309089660644531,22000,0.0,0.0
2014-05-13 00:00:00+08:00,14.327272415161133,14.345454216003418,14.199999809265137,14.309089660644531,33618,0.0,0.0
2014-05-14 00:00:00+08:00,14.254545211791992,14.254545211791992,14.181818008422852,14.254545211791992,15400,0.0,0.0
2014-05-15 00:00:00+08:00,13.909090042114258,14.399999618530273,13.909090042114258,14.181818008422852,10450,0.0,0.0
2014-05-16 00:00:00+08:00,13.927271842956543,14.145454406738281,13.927271842956543,14.090909004211426,8250,0.0,0.0
2014-05-19 00:00:00+08:00,14.090909004211426,14.163636207580566,13.818181037902832,13.927271842956543,29899,0.0,0.0
2014-05-20 00:00:00+08:00,14.0,14.890909194946289,14.0,14.890909194946289,118800,0.0,0.0
2014-05-21 00:00:00+08:00,15.07272720336914,15.272727012634277,14.581817626953125,15.272727012634277,110000,0.0,0.0
2014-05-22 00:00:00+08:00,15.272727012634277,15.654544830322266,15.07272720336914,15.07272720336914,67100,0.0,0.0
2014-05-23 00:00:00+08:00,15.63636302947998,15.63636302947998,15.0,15.327272415161133,57752,0.0,0.0
2014-05-26 00:00:00+08:00,15.418181419372559,15.418181419372559,14.927271842956543,14.945453643798828,20350,0.0,0.0
2014-05-27 00:00:00+08:00,14.945453643798828,15.090909004211426,14.909090042114258,14.927271842956543,20351,0.0,0.0
2014-05-28 00:00:00+08:00,14.909090042114258,14.927271842956543,14.63636302947998,14.67272663116455,47803,0.0,0.0
2014-05-29 00:00:00+08:00,15.090909004211426,15.090909004211426,14.090909004211426,14.363636016845703,121268,0.0,0.0
2014-05-30 00:00:00+08:00,14.52727222442627,14.63636302947998,14.199999809265137,14.436363220214844,59400,0.0,0.0
2014-06-03 00:00:00+08:00,14.454545021057129,14.454545021057129,14.163636207580566,14.218180656433105,32450,0.0,0.0
2014-06-04 00:00:00+08:00,14.327272415161133,14.363636016845703,14.236363410949707,14.309089660644531,30251,0.0,0.0
2014-06-05 00:00:00+08:00,14.272727012634277,14.399999618530273,14.199999809265137,14.309089660644531,22551,0.0,0.0
2014-06-06 00:00:00+08:00,14.454545021057129,14.472726821899414,14.218180656433105,14.454545021057129,40925,0.0,0.0
2014-06-09 00:00:00+08:00,14.545454025268555,15.090909004211426,14.545454025268555,14.890909194946289,79200,0.0,0.0
2014-06-10 00:00:00+08:00,14.727272033691406,14.745453834533691,14.581817626953125,14.618181228637695,42350,0.0,0.0
2014-06-11 00:00:00+08:00,14.63636302947998,14.67272663116455,14.52727222442627,14.545454025268555,46200,0.0,0.0
2014-06-12 00:00:00+08:00,14.454545021057129,14.63636302947998,14.363636016845703,14.454545021057129,44000,0.0,0.0
2014-06-13 00:00:00+08:00,14.52727222442627,15.454545021057129,14.52727222442627,15.454545021057129,310750,0.0,0.0
2014-06-16 00:00:00+08:00,15.454545021057129,16.527271270751953,15.454545021057129,16.490909576416016,690250,0.0,0.0
2014-06-17 00:00:00+08:00,15.454545021057129,16.454544067382812,15.363636016845703,15.454545021057129,342100,0.0,0.0
2014-06-18 00:00:00+08:00,15.454545021057129,15.472726821899414,14.909090042114258,15.07272720336914,123200,0.0,0.0
2014-06-19 00:00:00+08:00,15.436363220214844,15.436363220214844,15.090909004211426,15.12727165222168,45650,0.0,0.0
2014-06-20 00:00:00+08:00,15.218180656433105,15.218180656433105,14.727272033691406,14.763635635375977,90750,0.0,0.0
2014-06-23 00:00:00+08:00,14.909090042114258,15.309089660644531,14.800000190734863,14.836362838745117,80300,0.0,0.0
2014-06-24 00:00:00+08:00,14.781818389892578,15.036362648010254,14.763635635375977,14.763635635375977,44616,0.0,0.0
2014-06-25 00:00:00+08:00,14.727272033691406,14.909090042114258,14.709090232849121,14.781818389892578,50050,0.0,0.0
2014-06-26 00:00:00+08:00,14.909090042114258,14.909090042114258,14.745453834533691,14.763635635375977,88000,0.0,0.0
2014-06-27 00:00:00+08:00,14.745453834533691,15.054545402526855,14.745453834533691,14.781818389892578,105050,0.0,0.0
2014-06-30 00:00:00+08:00,14.763635635375977,14.781818389892578,14.63636302947998,14.727272033691406,58850,0.0,0.0
2014-07-01 00:00:00+08:00,14.909090042114258,14.909090042114258,14.67272663116455,14.781818389892578,53900,0.0,0.0
2014-07-02 00:00:00+08:00,14.727272033691406,15.0,14.727272033691406,14.890909194946289,89100,0.0,0.0
2014-07-03 00:00:00+08:00,14.909090042114258,14.909090042114258,14.690909385681152,14.727272033691406,79750,0.0,0.0
2014-07-04 00:00:00+08:00,14.745453834533691,14.854544639587402,14.709090232849121,14.836362838745117,44000,0.0,0.0
2014-07-07 00:00:00+08:00,14.872727394104004,15.854544639587402,14.836362838745117,15.454545021057129,194700,0.0,0.0
2014-07-08 00:00:00+08:00,15.454545021057129,15.454545021057129,14.909090042114258,15.0,102300,0.0,0.0
2014-07-09 00:00:00+08:00,14.581817626953125,15.454545021057129,14.581817626953125,14.927271842956543,34100,0.0,0.0
2014-07-10 00:00:00+08:00,15.345454216003418,15.345454216003418,14.800000190734863,14.800000190734863,61600,0.0,0.0
2014-07-11 00:00:00+08:00,14.727272033691406,14.909090042114258,14.199999809265137,14.290908813476562,89116,0.0,0.0
2014-07-14 00:00:00+08:00,14.290908813476562,14.63636302947998,14.290908813476562,14.363636016845703,37400,0.0,0.0
2014-07-15 00:00:00+08:00,14.454545021057129,14.872727394104004,14.454545021057129,14.56363582611084,32450,0.0,0.0
2014-07-16 00:00:00+08:00,14.545454025268555,14.763635635375977,14.363636016845703,14.52727222442627,47300,0.0,0.0
2014-07-17 00:00:00+08:00,14.56363582611084,14.56363582611084,14.327272415161133,14.381817817687988,58850,0.0,0.0
2014-07-18 00:00:00+08:00,14.381817817687988,14.509090423583984,14.363636016845703,14.399999618530273,19800,0.0,0.0
2014-07-21 00:00:00+08:00,14.890909194946289,14.890909194946289,14.399999618530273,14.399999618530273,29700,0.0,0.0
2014-07-22 00:00:00+08:00,14.545454025268555,14.545454025268555,14.363636016845703,14.4909086227417,30800,0.0,0.0
2014-07-23 00:00:00+08:00,14.4909086227417,14.4909086227417,14.4909086227417,14.4909086227417,0,0.0,0.0
2014-07-24 00:00:00+08:00,14.454545021057129,14.52727222442627,14.327272415161133,14.363636016845703,33550,0.0,0.0
2014-07-25 00:00:00+08:00,14.363636016845703,14.472726821899414,14.272727012634277,14.309089660644531,34100,0.0,0.0
2014-07-28 00:00:00+08:00,14.363636016845703,14.52727222442627,14.290908813476562,14.309089660644531,13750,0.0,0.0
2014-07-29 00:00:00+08:00,14.509090423583984,14.509090423583984,14.054545402526855,14.054545402526855,30800,0.0,0.0
2014-07-30 00:00:00+08:00,14.236363410949707,14.236363410949707,14.018180847167969,14.12727165222168,47300,0.0,0.0
2014-07-31 00:00:00+08:00,14.181818008422852,14.218180656433105,14.036362648010254,14.036362648010254,20350,0.0,0.0
2014-08-01 00:00:00+08:00,13.909090042114258,14.109089851379395,13.454545021057129,13.709090232849121,58300,0.0,0.0
2014-08-04 00:00:00+08:00,13.727272033691406,13.909090042114258,13.472726821899414,13.727272033691406,30800,0.0,0.0
2014-08-05 00:00:00+08:00,13.727272033691406,13.727272033691406,13.56363582611084,13.56363582611084,4400,0.0,0.0
2014-08-06 00:00:00+08:00,13.545454025268555,13.545454025268555,12.781818389892578,12.854544639587402,42350,0.0,0.0
2014-08-07 00:00:00+08:00,12.854544639587402,13.018180847167969,12.727272033691406,12.96363639831543,42900,0.0,0.0
2014-08-08 00:00:00+08:00,12.872727394104004,13.181818008422852,12.709090232849121,12.818181037902832,54450,0.0,0.0
2014-08-11 00:00:00+08:00,12.818181037902832,12.96363639831543,12.690909385681152,12.890909194946289,17050,0.0,0.0
2014-08-12 00:00:00+08:00,12.727272033691406,13.181818008422852,12.600000381469727,12.654544830322266,24750,0.0,0.0
2014-08-13 00:00:00+08:00,12.600000381469727,12.600000381469727,11.781818389892578,11.818181037902832,180400,0.0,0.0
2014-08-14 00:00:00+08:00,11.090909004211426,11.727272033691406,11.0,11.0,146300,0.0,0.0
2014-08-15 00:00:00+08:00,10.727272033691406,10.890909194946289,10.545454025268555,10.545454025268555,72050,0.0,0.0
2014-08-18 00:00:00+08:00,9.818181037902832,10.054545402526855,9.818181037902832,9.818181037902832,143550,0.0,0.0
2014-08-19 00:00:00+08:00,9.145454406738281,9.145454406738281,9.145454406738281,9.145454406738281,5500,0.0,0.0
2014-08-20 00:00:00+08:00,8.509090423583984,8.509090423583984,8.509090423583984,8.509090423583984,4950,0.0,0.0
2014-08-21 00:00:00+08:00,7.927271842956543,9.090909004211426,7.927271842956543,8.909090042114258,45833,0.0,0.0
2014-08-22 00:00:00+08:00,8.290908813476562,8.363636016845703,8.290908813476562,8.290908813476562,20900,0.0,0.0
2014-08-25 00:00:00+08:00,7.78181791305542,8.818181037902832,7.763636112213135,8.0,18700,0.0,0.0
2014-08-26 00:00:00+08:00,7.490909099578857,7.690908908843994,7.454545021057129,7.654544830322266,55550,0.0,0.0
2014-08-27 00:00:00+08:00,7.127272129058838,7.272727012634277,7.127272129058838,7.127272129058838,55550,0.0,0.0
2014-08-28 00:00:00+08:00,7.127272129058838,7.163636207580566,6.6363630294799805,7.163636207580566,47483,0.0,0.0
2014-08-29 00:00:00+08:00,7.145453929901123,7.509089946746826,7.145453929901123,7.509089946746826,14850,0.0,0.0
2014-09-01 00:00:00+08:00,7.509089946746826,7.654544830322266,7.509089946746826,7.6363630294799805,26474,0.0,0.0
2014-09-02 00:00:00+08:00,7.599999904632568,8.109089851379395,7.3090901374816895,7.581818103790283,71502,0.0,0.0
2014-09-03 00:00:00+08:00,7.599999904632568,7.981818199157715,7.509089946746826,7.509089946746826,7150,0.0,0.0
2014-09-04 00:00:00+08:00,7.272727012634277,7.272727012634277,7.254545211791992,7.254545211791992,9900,0.0,0.0
2014-09-05 00:00:00+08:00,7.618181228637695,7.618181228637695,7.618181228637695,7.618181228637695,550,0.0,0.0
2014-09-09 00:00:00+08:00,7.981818199157715,8.145454406738281,7.981818199157715,8.145454406738281,36300,0.0,0.0
2014-09-10 00:00:00+08:00,8.709090232849121,8.709090232849121,8.709090232849121,8.709090232849121,82574,0.0,0.0
2014-09-11 00:00:00+08:00,8.818181037902832,9.309089660644531,8.109089851379395,8.63636302947998,1392050,0.0,0.0
2014-09-12 00:00:00+08:00,9.054545402526855,9.236363410949707,8.272727012634277,9.236363410949707,252450,0.0,0.0
2014-09-15 00:00:00+08:00,9.818181037902832,9.872727394104004,9.818181037902832,9.872727394104004,81400,0.0,0.0
2014-09-16 00:00:00+08:00,10.56363582611084,10.56363582611084,9.181818008422852,10.56363582611084,474430,0.0,0.0
2014-09-17 00:00:00+08:00,10.727272033691406,11.290908813476562,10.181818008422852,11.090909004211426,266200,0.0,0.0
2014-09-18 00:00:00+08:00,11.163636207580566,11.781818389892578,10.327272415161133,11.781818389892578,131450,0.0,0.0
2014-09-19 00:00:00+08:00,11.618181228637695,11.618181228637695,10.96363639831543,10.96363639831543,109450,0.0,0.0
2014-09-22 00:00:00+08:00,10.199999809265137,10.472726821899414,10.199999809265137,10.218180656433105,16500,0.0,0.0
2014-09-23 00:00:00+08:00,9.509090423583984,9.509090423583984,9.509090423583984,9.509090423583984,22208,0.0,0.0
2014-09-24 00:00:00+08:00,8.909090042114258,10.163636207580566,8.909090042114258,10.145454406738281,23100,0.0,0.0
2014-09-25 00:00:00+08:00,9.63636302947998,9.63636302947998,9.436363220214844,9.436363220214844,16500,0.0,0.0
2014-09-26 00:00:00+08:00,8.781818389892578,10.036362648010254,8.781818389892578,9.4909086227417,62711,0.0,0.0
2014-09-29 00:00:00+08:00,8.836362838745117,9.4909086227417,8.836362838745117,9.309089660644531,29700,0.0,0.0
2014-09-30 00:00:00+08:00,8.67272663116455,9.090909004211426,8.67272663116455,8.67272663116455,152900,0.0,0.0
2014-10-01 00:00:00+08:00,8.218180656433105,8.63636302947998,8.07272720336914,8.181818008422852,69850,0.0,0.0
2014-10-02 00:00:00+08:00,7.618181228637695,7.6363630294799805,7.618181228637695,7.618181228637695,124850,0.0,0.0
2014-10-03 00:00:00+08:00,7.1090898513793945,7.818181037902832,7.090909004211426,7.1090898513793945,179850,0.0,0.0
2014-10-06 00:00:00+08:00,7.1090898513793945,7.1090898513793945,6.618181228637695,6.618181228637695,221815,0.0,0.0
2014-10-07 00:00:00+08:00,6.163636207580566,6.163636207580566,6.163636207580566,6.163636207580566,148500,0.0,0.0
2014-10-08 00:00:00+08:00,5.745453834533691,6.400000095367432,5.745453834533691,5.745453834533691,298485,0.0,0.0
2014-10-09 00:00:00+08:00,5.890909194946289,5.909090042114258,5.345454216003418,5.345454216003418,160600,0.0,0.0
2014-10-13 00:00:00+08:00,5.345454216003418,5.345454216003418,5.072727203369141,5.327271938323975,110689,0.0,0.0
2014-10-14 00:00:00+08:00,5.6363630294799805,5.6363630294799805,5.327271938323975,5.490909099578857,40180,0.0,0.0
2014-10-15 00:00:00+08:00,5.454545021057129,5.454545021057129,5.363636016845703,5.4181809425354,8250,0.0,0.0
2014-10-16 00:00:00+08:00,5.763636112213135,5.78181791305542,5.054544925689697,5.672727108001709,143550,0.0,0.0
2014-10-17 00:00:00+08:00,5.454545021057129,5.454545021057129,5.2909088134765625,5.2909088134765625,171600,0.0,0.0
2014-10-20 00:00:00+08:00,5.090909004211426,5.090909004211426,4.927271842956543,4.927271842956543,229350,0.0,0.0
2014-10-21 00:00:00+08:00,4.927271842956543,5.254545211791992,4.927271842956543,5.254545211791992,67173,0.0,0.0
2014-10-22 00:00:00+08:00,5.254545211791992,5.254545211791992,4.890909194946289,4.890909194946289,278918,0.0,0.0
2014-10-23 00:00:00+08:00,4.56363582611084,5.218181133270264,4.56363582611084,5.218181133270264,71500,0.0,0.0
2014-10-24 00:00:00+08:00,5.218200206756592,5.218200206756592,5.218200206756592,5.218200206756592,0,0.0,0.55
2014-10-27 00:00:00+08:00,5.218200206756592,5.218200206756592,5.218200206756592,5.218200206756592,0,0.0,0.0
2014-10-28 00:00:00+08:00,5.218200206756592,5.218200206756592,5.218200206756592,5.218200206756592,0,0.0,0.0
2014-10-29 00:00:00+08:00,5.218200206756592,5.218200206756592,5.218200206756592,5.218200206756592,0,0.0,0.0
2014-10-30 00:00:00+08:00,5.218200206756592,5.218200206756592,5.218200206756592,5.218200206756592,0,0.0,0.0
2014-10-31 00:00:00+08:00,5.218200206756592,5.218200206756592,5.218200206756592,5.218200206756592,0,0.0,0.0
2014-11-03 00:00:00+08:00,5.218200206756592,5.218200206756592,5.218200206756592,5.218200206756592,0,0.0,0.0
2014-11-04 00:00:00+08:00,5.218200206756592,5.218200206756592,5.218200206756592,5.218200206756592,0,0.0,0.0
2014-11-05 00:00:00+08:00,5.218200206756592,5.218200206756592,5.218200206756592,5.218200206756592,0,0.0,0.0
2014-11-06 00:00:00+08:00,5.218200206756592,5.218200206756592,5.218200206756592,5.218200206756592,0,0.0,0.0
2014-11-07 00:00:00+08:00,4.860000133514404,5.099999904632568,4.860000133514404,4.900000095367432,39650,0.0,0.0
2014-11-10 00:00:00+08:00,4.96999979019165,5.099999904632568,4.960000038146973,5.099999904632568,9650,0.0,0.0
2014-11-11 00:00:00+08:00,5.010000228881836,5.099999904632568,5.010000228881836,5.050000190734863,33400,0.0,0.0
2014-11-12 00:00:00+08:00,5.400000095367432,5.400000095367432,5.019999980926514,5.099999904632568,20400,0.0,0.0
2014-11-13 00:00:00+08:00,5.179999828338623,5.300000190734863,5.179999828338623,5.28000020980835,8700,0.0,0.0
2014-11-14 00:00:00+08:00,5.0,5.050000190734863,4.960000038146973,5.050000190734863,8650,0.0,0.0
2014-11-17 00:00:00+08:00,4.989999771118164,4.989999771118164,4.989999771118164,4.989999771118164,400,0.0,0.0
2014-11-18 00:00:00+08:00,4.880000114440918,4.949999809265137,4.710000038146973,4.710000038146973,8199,0.0,0.0
2014-11-19 00:00:00+08:00,4.809999942779541,4.809999942779541,4.710000038146973,4.710000038146973,28048,0.0,0.0
2014-11-20 00:00:00+08:00,4.710000038146973,4.710000038146973,4.710000038146973,4.710000038146973,47300,0.0,0.0
2014-11-21 00:00:00+08:00,4.75,4.809999942779541,4.75,4.800000190734863,13100,0.0,0.0
2014-11-24 00:00:00+08:00,4.800000190734863,4.800000190734863,4.800000190734863,4.800000190734863,200,0.0,0.0
2014-11-25 00:00:00+08:00,4.650000095367432,4.650000095367432,4.550000190734863,4.550000190734863,5000,0.0,0.0
2014-11-26 00:00:00+08:00,4.420000076293945,4.619999885559082,4.420000076293945,4.619999885559082,11550,0.0,0.0
2014-11-27 00:00:00+08:00,4.599999904632568,4.599999904632568,4.5,4.5,11100,0.0,0.0
2014-11-28 00:00:00+08:00,4.679999828338623,4.679999828338623,4.5,4.5,29750,0.0,0.0
2014-12-01 00:00:00+08:00,4.639999866485596,4.639999866485596,4.639999866485596,4.639999866485596,1000,0.0,0.0
2014-12-02 00:00:00+08:00,4.639999866485596,4.639999866485596,4.639999866485596,4.639999866485596,0,0.0,0.0
2014-12-03 00:00:00+08:00,4.519999980926514,4.519999980926514,4.519999980926514,4.519999980926514,65650,0.0,0.0
2014-12-04 00:00:00+08:00,4.829999923706055,4.829999923706055,4.829999923706055,4.829999923706055,90200,0.0,0.0
2014-12-05 00:00:00+08:00,4.800000190734863,5.159999847412109,4.800000190734863,5.159999847412109,54800,0.0,0.0
2014-12-08 00:00:00+08:00,5.159999847412109,5.300000190734863,5.059999942779541,5.059999942779541,23750,0.0,0.0
2014-12-09 00:00:00+08:00,4.75,5.25,4.75,5.25,66000,0.0,0.0
2014-12-10 00:00:00+08:00,5.179999828338623,5.25,5.050000190734863,5.050000190734863,11000,0.0,0.0
2014-12-11 00:00:00+08:00,5.260000228881836,5.269999980926514,5.260000228881836,5.269999980926514,9850,0.0,0.0
2014-12-12 00:00:00+08:00,5.440000057220459,5.440000057220459,5.349999904632568,5.400000095367432,12750,0.0,0.0
2014-12-15 00:00:00+08:00,5.5,5.5,5.5,5.5,1000,0.0,0.0
2014-12-16 00:00:00+08:00,5.630000114440918,5.630000114440918,5.630000114440918,5.630000114440918,1350,0.0,0.0
2014-12-17 00:00:00+08:00,5.5,5.5,5.389999866485596,5.389999866485596,23200,0.0,0.0
2014-12-18 00:00:00+08:00,5.210000038146973,5.210000038146973,5.050000190734863,5.050000190734863,11817,0.0,0.0
2014-12-19 00:00:00+08:00,5.25,5.300000190734863,5.059999942779541,5.079999923706055,20600,0.0,0.0
2014-12-22 00:00:00+08:00,5.199999809265137,5.429999828338623,5.199999809265137,5.420000076293945,71550,0.0,0.0
2014-12-23 00:00:00+08:00,5.289999961853027,5.409999847412109,5.289999961853027,5.409999847412109,12000,0.0,0.0
2014-12-24 00:00:00+08:00,5.75,5.75,5.369999885559082,5.380000114440918,22350,0.0,0.0
2014-12-25 00:00:00+08:00,5.380000114440918,5.380000114440918,5.380000114440918,5.380000114440918,100,0.0,0.0
2014-12-26 00:00:00+08:00,5.380000114440918,5.380000114440918,5.380000114440918,5.380000114440918,550,0.0,0.0
2014-12-29 00:00:00+08:00,5.119999885559082,5.269999980926514,5.119999885559082,5.269999980926514,4500,0.0,0.0
2014-12-30 00:00:00+08:00,5.28000020980835,5.449999809265137,5.210000038146973,5.21999979019165,20500,0.0,0.0
2014-12-31 00:00:00+08:00,5.210000038146973,5.210000038146973,5.210000038146973,5.210000038146973,6000,0.0,0.0
2015-01-05 00:00:00+08:00,5.210000038146973,5.210000038146973,5.210000038146973,5.210000038146973,0,0.0,0.0
2015-01-06 00:00:00+08:00,5.210000038146973,5.210000038146973,5.210000038146973,5.210000038146973,0,0.0,0.0
2015-01-07 00:00:00+08:00,5.210000038146973,5.210000038146973,5.210000038146973,5.210000038146973,350,0.0,0.0
2015-01-08 00:00:00+08:00,5.019999980926514,5.099999904632568,5.019999980926514,5.090000152587891,17650,0.0,0.0
2015-01-09 00:00:00+08:00,5.119999885559082,5.119999885559082,5.119999885559082,5.119999885559082,4000,0.0,0.0
2015-01-12 00:00:00+08:00,5.050000190734863,5.050000190734863,5.050000190734863,5.050000190734863,14000,0.0,0.0
2015-01-13 00:00:00+08:00,5.099999904632568,5.099999904632568,5.059999942779541,5.059999942779541,2000,0.0,0.0
2015-01-14 00:00:00+08:00,5.059999942779541,5.059999942779541,5.059999942779541,5.059999942779541,0,0.0,0.0
2015-01-15 00:00:00+08:00,5.039999961853027,5.039999961853027,4.900000095367432,4.900000095367432,33000,0.0,0.0
2015-01-16 00:00:00+08:00,4.760000228881836,4.760000228881836,4.760000228881836,4.760000228881836,2000,0.0,0.0
2015-01-19 00:00:00+08:00,4.96999979019165,5.090000152587891,4.96999979019165,5.090000152587891,15200,0.0,0.0
2015-01-20 00:00:00+08:00,5.090000152587891,5.090000152587891,5.090000152587891,5.090000152587891,0,0.0,0.0
2015-01-21 00:00:00+08:00,5.090000152587891,5.090000152587891,5.090000152587891,5.090000152587891,100,0.0,0.0
2015-01-22 00:00:00+08:00,4.929999828338623,5.010000228881836,4.929999828338623,5.010000228881836,8685,0.0,0.0
2015-01-23 00:00:00+08:00,5.019999980926514,5.019999980926514,4.960000038146973,5.0,22050,0.0,0.0
2015-01-26 00:00:00+08:00,5.010000228881836,5.010000228881836,5.010000228881836,5.010000228881836,5000,0.0,0.0
2015-01-27 00:00:00+08:00,5.25,5.25,5.25,5.25,4000,0.0,0.0
2015-01-28 00:00:00+08:00,5.199999809265137,5.199999809265137,5.099999904632568,5.099999904632568,5700,0.0,0.0
2015-01-29 00:00:00+08:00,5.150000095367432,5.349999904632568,5.0,5.0,21850,0.0,0.0
2015-01-30 00:00:00+08:00,5.0,5.0,5.0,5.0,0,0.0,0.0
2015-02-02 00:00:00+08:00,5.010000228881836,5.010000228881836,5.010000228881836,5.010000228881836,1000,0.0,0.0
2015-02-03 00:00:00+08:00,4.929999828338623,4.929999828338623,4.929999828338623,4.929999828338623,1100,0.0,0.0
2015-02-04 00:00:00+08:00,5.0,5.050000190734863,5.0,5.050000190734863,12400,0.0,0.0
2015-02-05 00:00:00+08:00,5.25,5.25,5.25,5.25,52050,0.0,0.0
2015-02-06 00:00:00+08:00,5.53000020980835,5.610000133514404,5.53000020980835,5.610000133514404,63312,0.0,0.0
2015-02-09 00:00:00+08:00,6.0,6.0,5.619999885559082,6.0,93998,0.0,0.0
2015-02-10 00:00:00+08:00,6.349999904632568,6.349999904632568,6.099999904632568,6.300000190734863,82050,0.0,0.0
2015-02-11 00:00:00+08:00,6.199999809265137,6.340000152587891,6.0,6.190000057220459,20000,0.0,0.0
2015-02-12 00:00:00+08:00,6.190000057220459,6.190000057220459,6.190000057220459,6.190000057220459,0,0.0,0.0
2015-02-13 00:00:00+08:00,6.340000152587891,6.340000152587891,6.340000152587891,6.340000152587891,2000,0.0,0.0
2015-02-24 00:00:00+08:00,6.329999923706055,6.329999923706055,6.050000190734863,6.329999923706055,11100,0.0,0.0
2015-02-25 00:00:00+08:00,6.059999942779541,6.340000152587891,6.059999942779541,6.340000152587891,6500,0.0,0.0
2015-02-26 00:00:00+08:00,6.329999923706055,6.329999923706055,6.099999904632568,6.099999904632568,25250,0.0,0.0
2015-03-02 00:00:00+08:00,6.099999904632568,6.099999904632568,6.099999904632568,6.099999904632568,0,0.0,0.0
2015-03-03 00:00:00+08:00,5.949999809265137,5.949999809265137,5.860000133514404,5.860000133514404,3950,0.0,0.0
2015-03-04 00:00:00+08:00,5.800000190734863,5.900000095367432,5.800000190734863,5.900000095367432,30350,0.0,0.0
2015-03-05 00:00:00+08:00,5.889999866485596,5.900000095367432,5.889999866485596,5.900000095367432,41562,0.0,0.0
2015-03-06 00:00:00+08:00,6.0,6.130000114440918,6.0,6.130000114440918,26452,0.0,0.0
2015-03-09 00:00:00+08:00,6.349999904632568,6.349999904632568,6.070000171661377,6.199999809265137,37350,0.0,0.0
2015-03-10 00:00:00+08:00,6.199999809265137,6.199999809265137,6.099999904632568,6.099999904632568,39350,0.0,0.0
2015-03-11 00:00:00+08:00,5.869999885559082,6.0,5.849999904632568,6.0,14650,0.0,0.0
2015-03-12 00:00:00+08:00,6.050000190734863,6.050000190734863,5.920000076293945,5.920000076293945,15320,0.0,0.0
2015-03-13 00:00:00+08:00,6.0,6.0,6.0,6.0,22850,0.0,0.0
2015-03-16 00:00:00+08:00,6.0,6.0,6.0,6.0,0,0.0,0.0
2015-03-17 00:00:00+08:00,6.300000190734863,6.699999809265137,6.300000190734863,6.699999809265137,108500,0.0,0.0
2015-03-18 00:00:00+08:00,6.800000190734863,6.940000057220459,6.800000190734863,6.900000095367432,32095,0.0,0.0
2015-03-19 00:00:00+08:00,6.880000114440918,6.880000114440918,6.71999979019165,6.71999979019165,53650,0.0,0.0
2015-03-20 00:00:00+08:00,6.71999979019165,6.71999979019165,6.71999979019165,6.71999979019165,530,0.0,0.0
2015-03-23 00:00:00+08:00,6.559999942779541,6.559999942779541,6.539999961853027,6.539999961853027,8250,0.0,0.0
2015-03-24 00:00:00+08:00,6.429999828338623,6.440000057220459,6.320000171661377,6.320000171661377,35600,0.0,0.0
2015-03-25 00:00:00+08:00,6.320000171661377,6.320000171661377,6.300000190734863,6.300000190734863,35050,0.0,0.0
2015-03-26 00:00:00+08:00,6.300000190734863,6.400000095367432,6.130000114440918,6.130000114440918,20800,0.0,0.0
2015-03-27 00:00:00+08:00,6.349999904632568,6.550000190734863,6.179999828338623,6.550000190734863,26680,0.0,0.0
2015-03-30 00:00:00+08:00,6.5,6.5,6.400000095367432,6.400000095367432,34000,0.0,0.0
2015-03-31 00:00:00+08:00,6.400000095367432,6.699999809265137,6.400000095367432,6.699999809265137,57738,0.0,0.0
2015-04-01 00:00:00+08:00,6.619999885559082,6.619999885559082,6.619999885559082,6.619999885559082,550,0.0,0.0
2015-04-02 00:00:00+08:00,6.679999828338623,6.679999828338623,6.550000190734863,6.550000190734863,21500,0.0,0.0
2015-04-07 00:00:00+08:00,6.699999809265137,6.699999809265137,6.599999904632568,6.599999904632568,24500,0.0,0.0
2015-04-08 00:00:00+08:00,6.699999809265137,6.800000190734863,6.619999885559082,6.699999809265137,32650,0.0,0.0
2015-04-09 00:00:00+08:00,6.75,6.75,6.670000076293945,6.670000076293945,42750,0.0,0.0
2015-04-10 00:00:00+08:00,6.619999885559082,6.699999809265137,6.619999885559082,6.670000076293945,30000,0.0,0.0
2015-04-13 00:00:00+08:00,7.099999904632568,7.099999904632568,7.0,7.0,21880,0.0,0.0
2015-04-14 00:00:00+08:00,7.0,7.0,7.0,7.0,4115,0.0,0.0
2015-04-15 00:00:00+08:00,6.800000190734863,7.0,6.699999809265137,6.909999847412109,76500,0.0,0.0
2015-04-16 00:00:00+08:00,6.900000095367432,7.0,6.800000190734863,6.909999847412109,37100,0.0,0.0
2015-04-17 00:00:00+08:00,6.889999866485596,7.0,6.849999904632568,6.860000133514404,54000,0.0,0.0
2015-04-20 00:00:00+08:00,7.099999904632568,7.099999904632568,6.900000095367432,7.0,56850,0.0,0.0
2015-04-21 00:00:00+08:00,7.0,7.0,6.900000095367432,7.0,17211,0.0,0.0
2015-04-22 00:00:00+08:00,7.0,7.0,7.0,7.0,1001,0.0,0.0
2015-04-23 00:00:00+08:00,7.0,7.019999980926514,7.0,7.019999980926514,3100,0.0,0.0
2015-04-24 00:00:00+08:00,7.099999904632568,7.460000038146973,7.099999904632568,7.210000038146973,84450,0.0,0.0
2015-04-27 00:00:00+08:00,7.159999847412109,7.190000057220459,7.150000095367432,7.150000095367432,50150,0.0,0.0
2015-04-28 00:00:00+08:00,7.0,7.0,7.0,7.0,15004,0.0,0.0
2015-04-29 00:00:00+08:00,6.900000095367432,7.25,6.900000095367432,7.25,25000,0.0,0.0
2015-04-30 00:00:00+08:00,7.380000114440918,7.380000114440918,7.050000190734863,7.300000190734863,104000,0.0,0.0
2015-05-04 00:00:00+08:00,7.300000190734863,7.300000190734863,7.300000190734863,7.300000190734863,26500,0.0,0.0
2015-05-05 00:00:00+08:00,7.300000190734863,7.800000190734863,7.300000190734863,7.699999809265137,20500,0.0,0.0
2015-05-06 00:00:00+08:00,7.96999979019165,8.229999542236328,7.96999979019165,8.050000190734863,89100,0.0,0.0
2015-05-07 00:00:00+08:00,8.050000190734863,8.609999656677246,8.050000190734863,8.210000038146973,74800,0.0,0.0
2015-05-08 00:00:00+08:00,8.470000267028809,8.470000267028809,8.25,8.470000267028809,58606,0.0,0.0
2015-05-11 00:00:00+08:00,8.4399995803833,8.600000381469727,8.300000190734863,8.569999694824219,70000,0.0,0.0
2015-05-12 00:00:00+08:00,8.800000190734863,8.800000190734863,8.5,8.739999771118164,10000,0.0,0.0
2015-05-13 00:00:00+08:00,8.800000190734863,8.800000190734863,8.800000190734863,8.800000190734863,35003,0.0,0.0
2015-05-14 00:00:00+08:00,8.40999984741211,8.800000190734863,8.1899995803833,8.1899995803833,137251,0.0,0.0
2015-05-15 00:00:00+08:00,8.300000190734863,8.5,8.100000381469727,8.1899995803833,76550,0.0,0.0
2015-05-18 00:00:00+08:00,8.020000457763672,8.100000381469727,8.020000457763672,8.020000457763672,6999,0.0,0.0
2015-05-19 00:00:00+08:00,8.199999809265137,8.399999618530273,8.100000381469727,8.119999885559082,76950,0.0,0.0
2015-05-20 00:00:00+08:00,8.149999618530273,8.239999771118164,8.050000190734863,8.050000190734863,178749,0.0,0.0
2015-05-21 00:00:00+08:00,8.100000381469727,8.210000038146973,8.100000381469727,8.149999618530273,130150,0.0,0.0
2015-05-22 00:00:00+08:00,8.15999984741211,8.720000267028809,8.15999984741211,8.720000267028809,187938,0.0,0.0
2015-05-25 00:00:00+08:00,8.729999542236328,9.329999923706055,8.729999542236328,9.329999923706055,82346,0.0,0.0
2015-05-26 00:00:00+08:00,9.34000015258789,9.979999542236328,9.34000015258789,9.979999542236328,264250,0.0,0.0
2015-05-27 00:00:00+08:00,9.5,10.300000190734863,9.5,9.760000228881836,219674,0.0,0.0
2015-05-28 00:00:00+08:00,9.760000228881836,10.300000190734863,9.760000228881836,10.149999618530273,97100,0.0,0.0
2015-05-29 00:00:00+08:00,10.199999809265137,10.850000381469727,10.199999809265137,10.850000381469727,224649,0.0,0.0
2015-06-01 00:00:00+08:00,11.0,11.850000381469727,11.0,11.25,187610,0.0,0.0
2015-06-02 00:00:00+08:00,11.300000190734863,12.0,11.25,11.25,165978,0.0,0.0
2015-06-03 00:00:00+08:00,11.399999618530273,11.699999809265137,11.399999618530273,11.399999618530273,117130,0.0,0.0
2015-06-04 00:00:00+08:00,11.300000190734863,11.399999618530273,10.899999618530273,11.300000190734863,211932,0.0,0.0
2015-06-05 00:00:00+08:00,11.300000190734863,11.550000190734863,11.300000190734863,11.550000190734863,179798,0.0,0.0
2015-06-08 00:00:00+08:00,11.850000381469727,11.899999618530273,11.449999809265137,11.5,63999,0.0,0.0
2015-06-09 00:00:00+08:00,11.5,11.699999809265137,11.449999809265137,11.5,53460,0.0,0.0
2015-06-10 00:00:00+08:00,11.699999809265137,11.699999809265137,11.5,11.5,81800,0.0,0.0
2015-06-11 00:00:00+08:00,11.550000190734863,11.699999809265137,11.550000190734863,11.550000190734863,115000,0.0,0.0
2015-06-12 00:00:00+08:00,11.699999809265137,11.850000381469727,11.399999618530273,11.850000381469727,75650,0.0,0.0
2015-06-15 00:00:00+08:00,11.850000381469727,11.899999618530273,11.75,11.899999618530273,39100,0.0,0.0
2015-06-16 00:00:00+08:00,11.649999618530273,11.899999618530273,11.649999618530273,11.649999618530273,24000,0.0,0.0
2015-06-17 00:00:00+08:00,11.75,11.949999809265137,11.699999809265137,11.949999809265137,10499,0.0,0.0
2015-06-18 00:00:00+08:00,11.800000190734863,11.800000190734863,11.800000190734863,11.800000190734863,18102,0.0,0.0
2015-06-22 00:00:00+08:00,11.800000190734863,11.800000190734863,11.600000381469727,11.75,15550,0.0,0.0
2015-06-23 00:00:00+08:00,11.600000381469727,11.699999809265137,11.199999809265137,11.5,31650,0.0,0.0
2015-06-24 00:00:00+08:00,11.199999809265137,11.199999809265137,10.350000381469727,10.350000381469727,25000,0.0,0.0
2015-06-25 00:00:00+08:00,9.600000381469727,10.949999809265137,9.510000228881836,10.850000381469727,74211,0.0,0.0
2015-06-26 00:00:00+08:00,11.199999809265137,11.449999809265137,10.899999618530273,10.899999618530273,10650,0.0,0.0
2015-06-29 00:00:00+08:00,10.800000190734863,10.800000190734863,10.800000190734863,10.800000190734863,1765,0.0,0.0
2015-06-30 00:00:00+08:00,10.5,10.5,10.5,10.5,22000,0.0,0.0
2015-07-01 00:00:00+08:00,10.5,10.699999809265137,10.399999618530273,10.600000381469727,14000,0.0,0.0
2015-07-02 00:00:00+08:00,10.600000381469727,10.600000381469727,10.600000381469727,10.600000381469727,5648,0.0,0.0
2015-07-03 00:00:00+08:00,10.600000381469727,10.600000381469727,10.600000381469727,10.600000381469727,270,0.0,0.0
2015-07-06 00:00:00+08:00,10.600000381469727,10.600000381469727,9.800000190734863,9.800000190734863,20999,0.0,0.0
2015-07-07 00:00:00+08:00,10.5,10.600000381469727,10.5,10.600000381469727,4020,0.0,0.0
2015-07-08 00:00:00+08:00,10.600000381469727,10.600000381469727,10.600000381469727,10.600000381469727,2000,0.0,0.0
2015-07-09 00:00:00+08:00,9.539999961853027,9.539999961853027,9.539999961853027,9.539999961853027,77151,0.0,0.0
2015-07-10 00:00:00+08:00,9.539999961853027,9.539999961853027,9.539999961853027,9.539999961853027,0,0.0,0.0
2015-07-13 00:00:00+08:00,8.8100004196167,9.109999656677246,8.8100004196167,8.899999618530273,44899,0.0,0.0
2015-07-14 00:00:00+08:00,8.899999618530273,9.0,8.899999618530273,8.899999618530273,77400,0.0,0.0
2015-07-15 00:00:00+08:00,8.899999618530273,8.899999618530273,8.899999618530273,8.899999618530273,1500,0.0,0.0
2015-07-16 00:00:00+08:00,8.649999618530273,8.649999618530273,8.300000190734863,8.5,41031,0.0,0.0
2015-07-17 00:00:00+08:00,8.899999618530273,9.350000381469727,8.899999618530273,9.350000381469727,16200,0.0,0.0
2015-07-20 00:00:00+08:00,8.630000114440918,8.630000114440918,8.600000381469727,8.600000381469727,13032,0.0,0.0
2015-07-21 00:00:00+08:00,8.649999618530273,9.449999809265137,8.649999618530273,9.449999809265137,2000,0.0,0.0
2015-07-22 00:00:00+08:00,9.449999809265137,9.449999809265137,9.449999809265137,9.449999809265137,0,0.0,0.0
2015-07-23 00:00:00+08:00,9.449999809265137,9.449999809265137,9.449999809265137,9.449999809265137,0,0.0,0.0
2015-07-24 00:00:00+08:00,9.449999809265137,9.449999809265137,9.449999809265137,9.449999809265137,0,0.0,0.0
2015-07-27 00:00:00+08:00,10.0,10.0,9.449999809265137,9.449999809265137,2014,0.0,0.0
2015-07-28 00:00:00+08:00,9.449999809265137,9.449999809265137,9.449999809265137,9.449999809265137,0,0.0,0.0
2015-07-29 00:00:00+08:00,9.449999809265137,9.449999809265137,9.449999809265137,9.449999809265137,0,0.0,0.0
2015-07-30 00:00:00+08:00,9.449999809265137,9.449999809265137,9.449999809265137,9.449999809265137,1,0.0,0.0
2015-07-31 00:00:00+08:00,9.449999809265137,9.449999809265137,9.449999809265137,9.449999809265137,500,0.0,0.0
2015-08-03 00:00:00+08:00,9.449999809265137,9.449999809265137,9.449999809265137,9.449999809265137,2,0.0,0.0
2015-08-04 00:00:00+08:00,9.0,9.0,9.0,9.0,1391,0.0,0.0
2015-08-05 00:00:00+08:00,9.25,9.300000190734863,8.8100004196167,8.8100004196167,4000,0.0,0.0
2015-08-06 00:00:00+08:00,8.8100004196167,8.8100004196167,8.8100004196167,8.8100004196167,3655,0.0,0.0
2015-08-07 00:00:00+08:00,9.6899995803833,9.6899995803833,9.6899995803833,9.6899995803833,1550,0.0,0.0
2015-08-10 00:00:00+08:00,9.6899995803833,9.6899995803833,9.6899995803833,9.6899995803833,0,0.0,0.0
2015-08-11 00:00:00+08:00,9.600000381469727,9.600000381469727,9.600000381469727,9.600000381469727,1000,0.0,0.0
2015-08-12 00:00:00+08:00,9.600000381469727,9.600000381469727,9.600000381469727,9.600000381469727,10,0.0,0.0
2015-08-13 00:00:00+08:00,8.8100004196167,10.0,8.800000190734863,10.0,16390,0.0,0.0
2015-08-14 00:00:00+08:00,10.0,10.0,10.0,10.0,0,0.0,0.0
2015-08-17 00:00:00+08:00,10.0,10.0,10.0,10.0,0,0.0,0.0
2015-08-18 00:00:00+08:00,8.90999984741211,9.699999809265137,8.90999984741211,9.699999809265137,16952,0.0,0.0
2015-08-19 00:00:00+08:00,8.729999542236328,8.729999542236328,8.729999542236328,8.729999542236328,24100,0.0,0.0
2015-08-20 00:00:00+08:00,8.050000190734863,8.079999923706055,8.050000190734863,8.079999923706055,17300,0.0,0.0
2015-08-21 00:00:00+08:00,8.079999923706055,8.079999923706055,8.079999923706055,8.079999923706055,10001,0.0,0.0
2015-08-24 00:00:00+08:00,8.079999923706055,8.079999923706055,8.079999923706055,8.079999923706055,0,0.0,0.0
2015-08-25 00:00:00+08:00,8.880000114440918,8.880000114440918,8.880000114440918,8.880000114440918,2000,0.0,0.0
2015-08-26 00:00:00+08:00,8.880000114440918,8.880000114440918,8.880000114440918,8.880000114440918,0,0.0,0.0
2015-08-27 00:00:00+08:00,8.880000114440918,8.880000114440918,8.880000114440918,8.880000114440918,29,0.0,0.0
2015-08-28 00:00:00+08:00,8.880000114440918,8.880000114440918,8.880000114440918,8.880000114440918,8,0.0,0.0
2015-08-31 00:00:00+08:00,9.399999618530273,9.699999809265137,9.399999618530273,9.699999809265137,15500,0.0,0.0
2015-09-01 00:00:00+08:00,8.800000190734863,8.899999618530273,8.800000190734863,8.899999618530273,24502,0.0,0.0
2015-09-02 00:00:00+08:00,8.899999618530273,9.699999809265137,8.899999618530273,9.699999809265137,5348,0.0,0.0
2015-09-03 00:00:00+08:00,8.880000114440918,8.930000305175781,8.880000114440918,8.930000305175781,25676,0.0,0.0
2015-09-04 00:00:00+08:00,8.25,8.25,8.25,8.25,3000,0.0,0.0
2015-09-07 00:00:00+08:00,8.899999618530273,8.899999618530273,8.800000190734863,8.899999618530273,7850,0.0,0.0
2015-09-08 00:00:00+08:00,8.899999618530273,8.899999618530273,8.899999618530273,8.899999618530273,0,0.0,0.0
2015-09-09 00:00:00+08:00,8.8100004196167,8.8100004196167,8.8100004196167,8.8100004196167,19650,0.0,0.0
2015-09-10 00:00:00+08:00,8.75,8.75,8.75,8.75,98,0.0,0.0
2015-09-11 00:00:00+08:00,8.699999809265137,8.699999809265137,8.699999809265137,8.699999809265137,16450,0.0,0.0
2015-09-14 00:00:00+08:00,8.699999809265137,8.699999809265137,8.699999809265137,8.699999809265137,0,0.0,0.0
2015-09-15 00:00:00+08:00,8.699999809265137,8.699999809265137,8.699999809265137,8.699999809265137,0,0.0,0.0
2015-09-16 00:00:00+08:00,8.699999809265137,8.699999809265137,8.699999809265137,8.699999809265137,0,0.0,0.0
2015-09-17 00:00:00+08:00,9.199999809265137,9.5,9.0,9.5,14750,0.0,0.0
2015-09-18 00:00:00+08:00,9.399999618530273,9.5,9.399999618530273,9.5,86100,0.0,0.0
2015-09-21 00:00:00+08:00,10.350000381469727,10.350000381469727,10.350000381469727,10.350000381469727,1005,0.0,0.0
2015-09-22 00:00:00+08:00,9.550000190734863,11.300000190734863,9.550000190734863,11.149999618530273,21898,0.0,0.0
2015-09-23 00:00:00+08:00,11.149999618530273,11.149999618530273,10.100000381469727,10.5,6672,0.0,0.0
2015-09-24 00:00:00+08:00,10.5,10.5,10.0,10.5,6550,0.0,0.0
2015-09-25 00:00:00+08:00,10.5,10.5,10.5,10.5,27500,0.0,0.0
2015-09-29 00:00:00+08:00,10.5,10.5,10.5,10.5,0,0.0,0.0
2015-09-30 00:00:00+08:00,9.510000228881836,9.510000228881836,9.510000228881836,9.510000228881836,2006,0.0,0.0
2015-10-01 00:00:00+08:00,10.199999809265137,10.199999809265137,10.199999809265137,10.199999809265137,1000,0.0,0.0
2015-10-02 00:00:00+08:00,9.210000038146973,9.989999771118164,9.210000038146973,9.5,5300,0.0,0.0
2015-10-05 00:00:00+08:00,10.0,10.0,9.5,9.979999542236328,6002,0.0,0.0
2015-10-06 00:00:00+08:00,10.449999809265137,10.449999809265137,9.5,9.5,4000,0.0,0.0
2015-10-07 00:00:00+08:00,9.5,9.5,9.5,9.5,0,0.0,0.0
2015-10-08 00:00:00+08:00,10.449999809265137,10.449999809265137,9.520000457763672,9.520000457763672,2000,0.0,0.0
2015-10-12 00:00:00+08:00,9.520000457763672,9.520000457763672,9.520000457763672,9.520000457763672,1750,0.0,0.0
2015-10-13 00:00:00+08:00,9.520000457763672,9.520000457763672,9.520000457763672,9.520000457763672,1001,0.0,0.0
2015-10-14 00:00:00+08:00,10.199999809265137,10.199999809265137,9.300000190734863,9.300000190734863,11000,0.0,0.0
2015-10-15 00:00:00+08:00,9.300000190734863,9.300000190734863,9.300000190734863,9.300000190734863,15699,0.0,0.0
2015-10-16 00:00:00+08:00,9.279999732971191,9.949999809265137,9.279999732971191,9.949999809265137,3099,0.0,0.0
2015-10-19 00:00:00+08:00,9.3100004196167,9.319999694824219,9.3100004196167,9.319999694824219,8187,0.0,0.0
2015-10-20 00:00:00+08:00,9.319999694824219,10.0,9.319999694824219,10.0,2600,0.0,0.0
2015-10-21 00:00:00+08:00,10.399999618530273,10.399999618530273,9.300000190734863,9.300000190734863,28401,0.0,0.0
2015-10-22 00:00:00+08:00,9.300000190734863,9.300000190734863,9.199999809265137,9.199999809265137,8001,0.0,0.0
2015-10-23 00:00:00+08:00,9.199999809265137,9.199999809265137,9.199999809265137,9.199999809265137,90,0.0,0.0
2015-10-26 00:00:00+08:00,9.199999809265137,9.199999809265137,9.199999809265137,9.199999809265137,5000,0.0,0.0
2015-10-27 00:00:00+08:00,9.029999732971191,9.029999732971191,9.0,9.0,65550,0.0,0.0
2015-10-28 00:00:00+08:00,9.020000457763672,9.020000457763672,9.020000457763672,9.020000457763672,6050,0.0,0.0
2015-10-29 00:00:00+08:00,9.020000457763672,9.050000190734863,9.020000457763672,9.020000457763672,42651,0.0,0.0
2015-10-30 00:00:00+08:00,9.0,9.020000457763672,9.0,9.0,23813,0.0,0.0
2015-11-02 00:00:00+08:00,9.0,9.0,8.899999618530273,9.0,32353,0.0,0.0
2015-11-03 00:00:00+08:00,8.949999809265137,8.949999809265137,8.899999618530273,8.899999618530273,23557,0.0,0.0
2015-11-04 00:00:00+08:00,8.020000457763672,8.039999961853027,8.020000457763672,8.039999961853027,35867,0.0,0.0
2015-11-05 00:00:00+08:00,8.600000381469727,8.600000381469727,8.600000381469727,8.600000381469727,3294,0.0,0.0
2015-11-06 00:00:00+08:00,7.820000171661377,8.699999809265137,7.820000171661377,8.699999809265137,3806,0.0,0.0
2015-11-09 00:00:00+08:00,8.699999809265137,8.699999809265137,8.699999809265137,8.699999809265137,550,0.0,0.0
2015-11-10 00:00:00+08:00,8.699999809265137,8.699999809265137,8.699999809265137,8.699999809265137,2550,0.0,0.0
2015-11-11 00:00:00+08:00,8.539999961853027,8.600000381469727,8.510000228881836,8.510000228881836,23050,0.0,0.0
2015-11-12 00:00:00+08:00,8.5,8.5,8.5,8.5,6500,0.0,0.0
2015-11-13 00:00:00+08:00,8.5,8.5,8.5,8.5,0,0.0,0.0
2015-11-16 00:00:00+08:00,8.5,8.5,8.5,8.5,0,0.0,0.0
2015-11-17 00:00:00+08:00,8.5,8.5,8.5,8.5,0,0.0,0.0
2015-11-18 00:00:00+08:00,8.5,8.5,8.5,8.5,0,0.0,0.0
2015-11-19 00:00:00+08:00,8.5,8.5,8.5,8.5,0,0.0,0.0
2015-11-20 00:00:00+08:00,8.5,8.5,8.5,8.5,0,0.0,0.0
2015-11-23 00:00:00+08:00,8.5,8.5,8.5,8.5,0,0.0,0.0
2015-11-24 00:00:00+08:00,8.5,8.5,8.5,8.5,0,0.0,0.0
2015-11-25 00:00:00+08:00,8.5,8.5,8.5,8.5,0,0.0,0.0
2015-11-26 00:00:00+08:00,8.5,8.5,8.5,8.5,0,0.0,0.0
2015-11-27 00:00:00+08:00,19.399999618530273,19.399999618530273,19.399999618530273,19.399999618530273,66687,0.0,0.0
2015-11-30 00:00:00+08:00,21.299999237060547,21.299999237060547,21.25,21.299999237060547,230264,0.0,0.0
2015-12-01 00:00:00+08:00,23.399999618530273,23.399999618530273,23.0,23.399999618530273,212314,0.0,0.0
2015-12-02 00:00:00+08:00,25.700000762939453,25.700000762939453,25.700000762939453,25.700000762939453,139944,0.0,0.0
2015-12-03 00:00:00+08:00,28.25,28.25,27.299999237060547,28.25,251095,0.0,0.0
2015-12-04 00:00:00+08:00,30.0,30.950000762939453,29.0,30.950000762939453,338779,0.0,0.0
2015-12-07 00:00:00+08:00,31.5,31.5,28.950000762939453,30.200000762939453,168848,0.0,0.0
2015-12-08 00:00:00+08:00,30.200000762939453,30.5,29.25,29.25,80648,0.0,0.0
2015-12-09 00:00:00+08:00,28.0,28.649999618530273,28.0,28.25,91279,0.0,0.0
2015-12-10 00:00:00+08:00,28.0,29.200000762939453,27.100000381469727,28.899999618530273,33659,0.0,0.0
2015-12-11 00:00:00+08:00,28.799999237060547,28.799999237060547,28.0,28.450000762939453,50120,0.0,0.0
2015-12-14 00:00:00+08:00,28.75,28.75,28.450000762939453,28.549999237060547,61723,0.0,0.0
2015-12-15 00:00:00+08:00,27.0,28.299999237060547,27.0,28.200000762939453,38180,0.0,0.0
2015-12-16 00:00:00+08:00,27.899999618530273,28.600000381469727,27.549999237060547,28.100000381469727,42291,0.0,0.0
2015-12-17 00:00:00+08:00,28.149999618530273,30.899999618530273,28.149999618530273,30.899999618530273,108373,0.0,0.0
2015-12-18 00:00:00+08:00,30.5,33.95000076293945,30.5,33.95000076293945,114033,0.0,0.0
2015-12-21 00:00:00+08:00,37.29999923706055,37.29999923706055,36.20000076293945,37.29999923706055,385577,0.0,0.0
2015-12-22 00:00:00+08:00,37.099998474121094,38.0,36.400001525878906,37.150001525878906,140451,0.0,0.0
2015-12-23 00:00:00+08:00,36.04999923706055,36.04999923706055,33.45000076293945,33.5,182366,0.0,0.0
2015-12-24 00:00:00+08:00,35.0,35.0,32.29999923706055,33.20000076293945,71830,0.0,0.0
2015-12-25 00:00:00+08:00,33.20000076293945,33.20000076293945,32.5,33.20000076293945,35866,0.0,0.0
2015-12-28 00:00:00+08:00,33.0,33.0,32.5,32.79999923706055,27491,0.0,0.0
2015-12-29 00:00:00+08:00,32.79999923706055,35.95000076293945,32.79999923706055,35.5,68031,0.0,0.0
2015-12-30 00:00:00+08:00,35.5,37.70000076293945,35.25,36.0,64773,0.0,0.0
2015-12-31 00:00:00+08:00,36.0,37.0,35.29999923706055,35.900001525878906,40861,0.0,0.0
2016-01-04 00:00:00+08:00,35.04999923706055,35.5,33.650001525878906,33.70000076293945,29011,0.0,0.0
2016-01-05 00:00:00+08:00,35.20000076293945,35.20000076293945,33.599998474121094,33.650001525878906,37002,0.0,0.0
2016-01-06 00:00:00+08:00,32.79999923706055,33.20000076293945,32.79999923706055,32.900001525878906,32005,0.0,0.0
2016-01-07 00:00:00+08:00,33.29999923706055,33.29999923706055,31.75,31.75,29039,0.0,0.0
2016-01-08 00:00:00+08:00,31.75,33.0,31.75,33.0,18896,0.0,0.0
2016-01-11 00:00:00+08:00,33.95000076293945,33.95000076293945,32.650001525878906,32.650001525878906,3434,0.0,0.0
2016-01-12 00:00:00+08:00,32.900001525878906,33.0,32.099998474121094,32.099998474121094,17265,0.0,0.0
2016-01-13 00:00:00+08:00,32.79999923706055,32.79999923706055,31.0,31.799999237060547,42590,0.0,0.0
2016-01-14 00:00:00+08:00,29.5,30.5,29.5,30.5,41418,0.0,0.0
2016-01-15 00:00:00+08:00,33.0,33.54999923706055,30.200000762939453,30.5,33990,0.0,0.0
2016-01-18 00:00:00+08:00,30.5,30.5,30.5,30.5,9014,0.0,0.0
2016-01-19 00:00:00+08:00,30.600000381469727,32.0,30.5,32.0,20915,0.0,0.0
2016-01-20 00:00:00+08:00,31.0,31.100000381469727,31.0,31.100000381469727,13325,0.0,0.0
2016-01-21 00:00:00+08:00,31.5,31.700000762939453,31.5,31.549999237060547,15830,0.0,0.0
2016-01-22 00:00:00+08:00,31.549999237060547,32.0,31.549999237060547,31.850000381469727,10000,0.0,0.0
2016-01-25 00:00:00+08:00,32.0,32.20000076293945,30.200000762939453,30.200000762939453,17590,0.0,0.0
2016-01-26 00:00:00+08:00,31.0,31.0,30.75,30.75,7284,0.0,0.0
2016-01-27 00:00:00+08:00,30.799999237060547,31.0,30.75,30.899999618530273,18005,0.0,0.0
2016-01-28 00:00:00+08:00,30.899999618530273,31.5,30.850000381469727,31.399999618530273,21589,0.0,0.0
2016-01-29 00:00:00+08:00,32.849998474121094,32.849998474121094,30.950000762939453,32.70000076293945,6083,0.0,0.0
2016-02-01 00:00:00+08:00,32.5,33.0,32.099998474121094,32.099998474121094,13276,0.0,0.0
2016-02-02 00:00:00+08:00,32.099998474121094,32.099998474121094,32.099998474121094,32.099998474121094,5372,0.0,0.0
2016-02-03 00:00:00+08:00,31.700000762939453,32.70000076293945,31.700000762939453,32.70000076293945,5450,0.0,0.0
2016-02-15 00:00:00+08:00,35.650001525878906,35.650001525878906,33.849998474121094,35.0,33953,0.0,0.0
2016-02-16 00:00:00+08:00,34.29999923706055,35.45000076293945,34.099998474121094,35.20000076293945,43794,0.0,0.0
2016-02-17 00:00:00+08:00,36.400001525878906,36.400001525878906,34.79999923706055,35.5,37480,0.0,0.0
2016-02-18 00:00:00+08:00,36.349998474121094,36.5,36.0,36.45000076293945,49853,0.0,0.0
2016-02-19 00:00:00+08:00,36.900001525878906,38.0,36.900001525878906,37.5,50951,0.0,0.0
2016-02-22 00:00:00+08:00,37.849998474121094,38.70000076293945,37.5,38.45000076293945,33916,0.0,0.0
2016-02-23 00:00:00+08:00,38.70000076293945,40.5,38.70000076293945,39.900001525878906,47153,0.0,0.0
2016-02-24 00:00:00+08:00,41.400001525878906,41.900001525878906,40.5,41.150001525878906,50841,0.0,0.0
2016-02-25 00:00:00+08:00,41.599998474121094,41.599998474121094,38.5,40.0,48033,0.0,0.0
2016-02-26 00:00:00+08:00,40.95000076293945,41.0,39.5,40.95000076293945,64037,0.0,0.0
2016-03-01 00:00:00+08:00,40.0,44.0,40.0,44.0,50096,0.0,0.0
2016-03-02 00:00:00+08:00,43.599998474121094,44.5,41.79999923706055,43.54999923706055,98346,0.0,0.0
2016-03-03 00:00:00+08:00,43.54999923706055,43.54999923706055,42.0,42.45000076293945,48456,0.0,0.0
2016-03-04 00:00:00+08:00,41.29999923706055,41.849998474121094,40.5,41.79999923706055,32037,0.0,0.0
2016-03-07 00:00:00+08:00,42.5,42.5,39.5,40.5,55514,0.0,0.0
2016-03-08 00:00:00+08:00,40.400001525878906,40.400001525878906,39.5,40.0,26023,0.0,0.0
2016-03-09 00:00:00+08:00,39.29999923706055,39.29999923706055,39.25,39.29999923706055,64300,0.0,0.0
2016-03-10 00:00:00+08:00,39.0,39.0,38.0,39.0,19795,0.0,0.0
2016-03-11 00:00:00+08:00,40.79999923706055,40.79999923706055,40.79999923706055,40.79999923706055,9026,0.0,0.0
2016-03-14 00:00:00+08:00,40.79999923706055,40.900001525878906,40.5,40.849998474121094,11795,0.0,0.0
2016-03-15 00:00:00+08:00,40.20000076293945,40.20000076293945,39.5,39.5,38040,0.0,0.0
2016-03-16 00:00:00+08:00,40.650001525878906,40.79999923706055,39.650001525878906,40.75,12015,0.0,0.0
2016-03-17 00:00:00+08:00,40.650001525878906,41.5,40.5,41.5,18011,0.0,0.0
2016-03-18 00:00:00+08:00,41.0,42.5,40.599998474121094,42.45000076293945,46331,0.0,0.0
2016-03-21 00:00:00+08:00,42.900001525878906,43.0,41.849998474121094,43.0,113705,0.0,0.0
2016-03-22 00:00:00+08:00,42.900001525878906,45.900001525878906,42.900001525878906,45.900001525878906,147016,0.0,0.0
2016-03-23 00:00:00+08:00,45.29999923706055,46.0,44.0,44.599998474121094,50772,0.0,0.0
2016-03-24 00:00:00+08:00,44.599998474121094,44.900001525878906,43.0,44.900001525878906,42215,0.0,0.0
2016-03-25 00:00:00+08:00,44.5,44.5,44.0,44.0,26782,0.0,0.0
2016-03-28 00:00:00+08:00,44.0,44.5,44.0,44.0,33557,0.0,0.0
2016-03-29 00:00:00+08:00,44.29999923706055,44.5,43.599998474121094,43.70000076293945,15180,0.0,0.0
2016-03-30 00:00:00+08:00,44.5,45.79999923706055,44.099998474121094,44.400001525878906,28026,0.0,0.0
2016-03-31 00:00:00+08:00,44.5,45.0,43.849998474121094,44.79999923706055,42143,0.0,0.0
2016-04-01 00:00:00+08:00,44.79999923706055,45.29999923706055,44.599998474121094,45.29999923706055,26019,0.0,0.0
2016-04-06 00:00:00+08:00,45.29999923706055,45.349998474121094,44.29999923706055,45.349998474121094,36041,0.0,0.0
2016-04-07 00:00:00+08:00,44.900001525878906,44.900001525878906,43.54999923706055,44.25,59145,0.0,0.0
2016-04-08 00:00:00+08:00,43.20000076293945,43.400001525878906,42.79999923706055,43.0,37015,0.0,0.0
2016-04-11 00:00:00+08:00,41.0,41.0,40.29999923706055,40.29999923706055,22215,0.0,0.0
2016-04-12 00:00:00+08:00,40.20000076293945,41.0,40.20000076293945,41.0,11234,0.0,0.0
2016-04-13 00:00:00+08:00,40.400001525878906,41.70000076293945,40.400001525878906,41.70000076293945,4530,0.0,0.0
2016-04-14 00:00:00+08:00,40.20000076293945,42.75,40.20000076293945,42.75,6626,0.0,0.0
2016-04-15 00:00:00+08:00,42.0,42.75,42.0,42.75,4514,0.0,0.0
2016-04-18 00:00:00+08:00,42.0,42.0,42.0,42.0,1955,0.0,0.0
2016-04-19 00:00:00+08:00,41.900001525878906,42.0,41.0,42.0,5453,0.0,0.0
2016-04-20 00:00:00+08:00,41.79999923706055,41.900001525878906,40.5,40.5,6433,0.0,0.0
2016-04-21 00:00:00+08:00,40.5,40.5,40.5,40.5,847,0.0,0.0
2016-04-22 00:00:00+08:00,38.70000076293945,41.0,38.599998474121094,39.25,17157,0.0,0.0
2016-04-25 00:00:00+08:00,39.099998474121094,39.099998474121094,38.29999923706055,39.0,34601,0.0,0.0
2016-04-26 00:00:00+08:00,38.5,39.0,38.5,39.0,12187,0.0,0.0
2016-04-27 00:00:00+08:00,39.0,39.0,38.79999923706055,38.79999923706055,2265,0.0,0.0
2016-04-28 00:00:00+08:00,38.599998474121094,39.0,38.599998474121094,38.599998474121094,6300,0.0,0.0
2016-04-29 00:00:00+08:00,39.20000076293945,39.20000076293945,39.0,39.0,7002,0.0,0.0
2016-05-03 00:00:00+08:00,39.0,39.0,38.79999923706055,38.79999923706055,7074,0.0,0.0
2016-05-04 00:00:00+08:00,39.0,39.0,38.5,38.599998474121094,35410,0.0,0.0
2016-05-05 00:00:00+08:00,39.0,39.0,39.0,39.0,15000,0.0,0.0
2016-05-06 00:00:00+08:00,39.0,39.0,38.349998474121094,38.5,8457,0.0,0.0
2016-05-09 00:00:00+08:00,38.5,38.5,38.5,38.5,2001,0.0,0.0
2016-05-10 00:00:00+08:00,38.5,38.5,38.400001525878906,38.400001525878906,4144,0.0,0.0
2016-05-11 00:00:00+08:00,39.0,39.95000076293945,38.70000076293945,39.95000076293945,21265,0.0,0.0
2016-05-12 00:00:00+08:00,39.95000076293945,39.95000076293945,39.95000076293945,39.95000076293945,0,0.0,0.0
2016-05-13 00:00:00+08:00,39.95000076293945,39.95000076293945,39.95000076293945,39.95000076293945,0,0.0,0.0
2016-05-16 00:00:00+08:00,38.5,38.599998474121094,38.5,38.5,17530,0.0,0.0
2016-05-17 00:00:00+08:00,38.150001525878906,38.5,38.0,38.5,6000,0.0,0.0
2016-05-18 00:00:00+08:00,38.29999923706055,38.650001525878906,38.25,38.5,13300,0.0,0.0
2016-05-19 00:00:00+08:00,38.099998474121094,38.45000076293945,38.0,38.349998474121094,24000,0.0,0.0
2016-05-20 00:00:00+08:00,38.29999923706055,38.29999923706055,38.20000076293945,38.20000076293945,5000,0.0,0.0
2016-05-23 00:00:00+08:00,38.0,38.20000076293945,37.5,38.0,41501,0.0,0.0
2016-05-24 00:00:00+08:00,38.0,38.20000076293945,37.5,37.5,20049,0.0,0.0
2016-05-25 00:00:00+08:00,37.599998474121094,37.599998474121094,37.400001525878906,37.5,37293,0.0,0.0
2016-05-26 00:00:00+08:00,37.599998474121094,37.599998474121094,37.5,37.5,11000,0.0,0.0
2016-05-27 00:00:00+08:00,37.5,37.599998474121094,37.20000076293945,37.599998474121094,23530,0.0,0.0
2016-05-30 00:00:00+08:00,40.04999923706055,40.04999923706055,40.04999923706055,40.04999923706055,1265,0.0,0.0
2016-05-31 00:00:00+08:00,39.5,39.5,39.0,39.0,2105,0.0,0.0
2016-06-01 00:00:00+08:00,38.0,38.0,37.599998474121094,37.95000076293945,22000,0.0,0.0
2016-06-02 00:00:00+08:00,37.79999923706055,37.95000076293945,37.599998474121094,37.599998474121094,9000,0.0,0.0
2016-06-03 00:00:00+08:00,37.70000076293945,37.900001525878906,37.70000076293945,37.900001525878906,7855,0.0,0.0
2016-06-06 00:00:00+08:00,38.0,39.150001525878906,38.0,39.150001525878906,9001,0.0,0.0
2016-06-07 00:00:00+08:00,39.150001525878906,39.150001525878906,39.150001525878906,39.150001525878906,0,0.0,0.0
2016-06-08 00:00:00+08:00,38.79999923706055,39.150001525878906,38.29999923706055,39.099998474121094,21000,0.0,0.0
2016-06-13 00:00:00+08:00,37.849998474121094,38.20000076293945,37.79999923706055,38.0,12002,0.0,0.0
2016-06-14 00:00:00+08:00,38.0,38.0,38.0,38.0,11001,0.0,0.0
2016-06-15 00:00:00+08:00,38.0,38.0,37.400001525878906,37.599998474121094,46371,0.0,0.0
2016-06-16 00:00:00+08:00,37.599998474121094,38.900001525878906,37.599998474121094,38.099998474121094,8000,0.0,0.0
2016-06-17 00:00:00+08:00,37.79999923706055,37.79999923706055,37.79999923706055,37.79999923706055,1096,0.0,0.0
2016-06-20 00:00:00+08:00,37.79999923706055,38.75,37.75,38.75,26625,0.0,0.0
2016-06-21 00:00:00+08:00,38.0,38.849998474121094,37.79999923706055,37.849998474121094,16975,0.0,0.0
2016-06-22 00:00:00+08:00,38.0,38.04999923706055,38.0,38.04999923706055,12590,0.0,0.0
2016-06-23 00:00:00+08:00,38.099998474121094,39.349998474121094,38.099998474121094,39.349998474121094,13325,0.0,0.0
2016-06-24 00:00:00+08:00,39.349998474121094,39.349998474121094,38.0,38.0,11530,0.0,0.0
2016-06-27 00:00:00+08:00,38.5,41.79999923706055,38.5,41.79999923706055,110601,0.0,0.0
2016-06-28 00:00:00+08:00,42.599998474121094,45.900001525878906,42.599998474121094,45.599998474121094,99468,0.0,0.0
2016-06-29 00:00:00+08:00,46.5,46.5,44.0,44.900001525878906,56155,0.0,0.0
2016-06-30 00:00:00+08:00,44.900001525878906,45.5,43.79999923706055,43.79999923706055,30945,0.0,0.0
2016-07-01 00:00:00+08:00,45.0,45.0,43.900001525878906,44.70000076293945,26330,0.0,0.0
2016-07-04 00:00:00+08:00,44.79999923706055,44.79999923706055,43.0,44.70000076293945,53035,0.0,0.0
2016-07-05 00:00:00+08:00,42.900001525878906,42.900001525878906,40.70000076293945,41.900001525878906,24000,0.0,0.0
2016-07-06 00:00:00+08:00,41.900001525878906,42.0,41.900001525878906,41.900001525878906,12215,0.0,0.0
2016-07-07 00:00:00+08:00,41.900001525878906,42.0,41.900001525878906,42.0,18060,0.0,0.0
2016-07-08 00:00:00+08:00,42.0,42.0,42.0,42.0,0,0.0,0.0
2016-07-11 00:00:00+08:00,43.79999923706055,43.79999923706055,42.0,43.29999923706055,8000,0.0,0.0
2016-07-12 00:00:00+08:00,42.150001525878906,42.29999923706055,42.0,42.0,13047,0.0,0.0
2016-07-13 00:00:00+08:00,42.099998474121094,42.400001525878906,42.0,42.0,22308,0.0,0.0
2016-07-14 00:00:00+08:00,42.0,42.0,41.20000076293945,41.20000076293945,29663,0.0,0.0
2016-07-15 00:00:00+08:00,40.400001525878906,41.0,40.400001525878906,40.79999923706055,8795,0.0,0.0
2016-07-18 00:00:00+08:00,41.0,41.0,40.70000076293945,41.0,5000,0.0,0.0
2016-07-19 00:00:00+08:00,41.0,41.0,40.70000076293945,40.70000076293945,9000,0.0,0.0
2016-07-20 00:00:00+08:00,40.79999923706055,40.79999923706055,40.79999923706055,40.79999923706055,2000,0.0,0.0
2016-07-21 00:00:00+08:00,40.79999923706055,40.79999923706055,40.70000076293945,40.79999923706055,7000,0.0,0.0
2016-07-22 00:00:00+08:00,40.79999923706055,41.79999923706055,40.70000076293945,41.79999923706055,14850,0.0,0.0
2016-07-25 00:00:00+08:00,41.0,41.0,40.0,40.0,16003,0.0,0.0
2016-07-26 00:00:00+08:00,40.0,40.0,39.900001525878906,40.0,14819,0.0,0.0
2016-07-27 00:00:00+08:00,40.0,41.599998474121094,39.599998474121094,41.599998474121094,14180,0.0,0.0
2016-07-28 00:00:00+08:00,40.0,41.29999923706055,39.900001525878906,39.900001525878906,23002,0.0,0.0
2016-07-29 00:00:00+08:00,39.900001525878906,39.900001525878906,39.900001525878906,39.900001525878906,0,0.0,0.0
2016-08-01 00:00:00+08:00,44.0,44.0,39.79999923706055,40.0,37989,0.0,0.0
2016-08-02 00:00:00+08:00,42.900001525878906,42.900001525878906,39.70000076293945,39.70000076293945,22041,0.0,0.0
2016-08-03 00:00:00+08:00,42.29999923706055,42.29999923706055,40.0,40.0,23795,0.0,0.0
2016-08-04 00:00:00+08:00,41.900001525878906,41.900001525878906,39.70000076293945,39.70000076293945,19414,0.0,0.0
2016-08-05 00:00:00+08:00,41.900001525878906,41.900001525878906,39.400001525878906,39.400001525878906,18001,0.0,0.0
2016-08-08 00:00:00+08:00,40.5,40.5,38.20000076293945,38.20000076293945,17592,0.0,0.0
2016-08-09 00:00:00+08:00,38.20000076293945,39.599998474121094,37.79999923706055,38.04999923706055,86004,0.0,0.0
2016-08-10 00:00:00+08:00,39.95000076293945,39.95000076293945,39.900001525878906,39.900001525878906,3000,0.0,0.0
2016-08-11 00:00:00+08:00,39.900001525878906,39.900001525878906,39.900001525878906,39.900001525878906,486,0.0,0.0
2016-08-12 00:00:00+08:00,41.04999923706055,41.04999923706055,39.599998474121094,40.0,6000,0.0,0.0
2016-08-15 00:00:00+08:00,38.349998474121094,39.900001525878906,38.349998474121094,39.099998474121094,4206,0.0,0.0
2016-08-16 00:00:00+08:00,39.099998474121094,39.29999923706055,38.5,39.29999923706055,33009,0.0,0.0
2016-08-17 00:00:00+08:00,39.29999923706055,39.29999923706055,38.5,38.5,13005,0.0,0.0
2016-08-18 00:00:00+08:00,38.5,38.5,38.400001525878906,38.5,13005,0.0,0.0
2016-08-19 00:00:00+08:00,38.29999923706055,39.29999923706055,38.29999923706055,38.400001525878906,17005,0.0,0.0
2016-08-22 00:00:00+08:00,38.400001525878906,38.95000076293945,38.400001525878906,38.400001525878906,4018,0.0,0.0
2016-08-23 00:00:00+08:00,38.400001525878906,38.400001525878906,38.0,38.0,41213,0.0,0.0
2016-08-24 00:00:00+08:00,38.5,38.5,37.599998474121094,37.599998474121094,17029,0.0,0.0
2016-08-25 00:00:00+08:00,38.900001525878906,38.900001525878906,38.900001525878906,38.900001525878906,1795,0.0,0.0
2016-08-26 00:00:00+08:00,38.5,38.5,37.849998474121094,37.849998474121094,12830,0.0,0.0
2016-08-29 00:00:00+08:00,38.0,38.0,37.900001525878906,38.0,9534,0.0,0.0
2016-08-30 00:00:00+08:00,37.900001525878906,38.0,37.79999923706055,37.79999923706055,5078,0.0,0.0
2016-08-31 00:00:00+08:00,38.20000076293945,38.20000076293945,37.79999923706055,38.0,16012,0.0,0.0
2016-09-01 00:00:00+08:00,37.95000076293945,37.95000076293945,37.0,37.0,48000,0.0,0.0
2016-09-02 00:00:00+08:00,36.79999923706055,37.0,36.20000076293945,36.20000076293945,27530,0.0,0.0
2016-09-05 00:00:00+08:00,36.0,36.79999923706055,32.599998474121094,33.0,168785,0.0,0.0
2016-09-06 00:00:00+08:00,33.099998474121094,33.099998474121094,32.95000076293945,32.95000076293945,2000,0.0,0.0
2016-09-07 00:00:00+08:00,32.0,32.0,29.700000762939453,29.700000762939453,147025,0.0,0.0
2016-09-08 00:00:00+08:00,29.899999618530273,29.899999618530273,28.200000762939453,29.0,112697,0.0,0.0
2016-09-09 00:00:00+08:00,29.0,31.899999618530273,29.0,31.899999618530273,43916,0.0,0.0
2016-09-12 00:00:00+08:00,31.299999237060547,31.299999237060547,30.5,30.5,9470,0.0,0.0
2016-09-13 00:00:00+08:00,30.399999618530273,30.700000762939453,30.299999237060547,30.399999618530273,15000,0.0,0.0
2016-09-14 00:00:00+08:00,30.5,32.29999923706055,30.5,32.29999923706055,4000,0.0,0.0
2016-09-19 00:00:00+08:00,34.0,34.0,32.95000076293945,33.75,9795,0.0,0.0
2016-09-20 00:00:00+08:00,32.400001525878906,32.400001525878906,30.549999237060547,32.0,15020,0.0,0.0
2016-09-21 00:00:00+08:00,30.299999237060547,31.5,30.0,31.5,19963,0.0,0.0
2016-09-22 00:00:00+08:00,30.299999237060547,31.5,29.549999237060547,31.5,28000,0.0,0.0
2016-09-23 00:00:00+08:00,29.100000381469727,31.25,29.100000381469727,31.200000762939453,9053,0.0,0.0
2016-09-26 00:00:00+08:00,31.200000762939453,31.200000762939453,29.899999618530273,29.899999618530273,16001,0.0,0.0
2016-09-27 00:00:00+08:00,29.899999618530273,29.899999618530273,29.899999618530273,29.899999618530273,0,0.0,0.0
2016-09-28 00:00:00+08:00,29.899999618530273,29.899999618530273,29.899999618530273,29.899999618530273,0,0.0,0.0
2016-09-29 00:00:00+08:00,30.100000381469727,31.0,29.200000762939453,31.0,15265,0.0,0.0
2016-09-30 00:00:00+08:00,31.0,31.0,31.0,31.0,1782,0.0,0.0
2016-10-03 00:00:00+08:00,30.200000762939453,30.200000762939453,30.100000381469727,30.100000381469727,4289,0.0,0.0
2016-10-04 00:00:00+08:00,30.100000381469727,30.850000381469727,30.100000381469727,30.850000381469727,2013,0.0,0.0
2016-10-05 00:00:00+08:00,29.600000381469727,31.0,29.5,31.0,28000,0.0,0.0
2016-10-06 00:00:00+08:00,30.5,31.0,30.5,31.0,7795,0.0,0.0
2016-10-07 00:00:00+08:00,31.0,31.0,31.0,31.0,0,0.0,0.0
2016-10-11 00:00:00+08:00,29.200000762939453,30.399999618530273,29.200000762939453,30.399999618530273,8351,0.0,0.0
2016-10-12 00:00:00+08:00,29.600000381469727,30.399999618530273,29.600000381469727,30.399999618530273,2001,0.0,0.0
2016-10-13 00:00:00+08:00,30.399999618530273,30.399999618530273,30.399999618530273,30.399999618530273,0,0.0,0.0
2016-10-14 00:00:00+08:00,30.350000381469727,30.350000381469727,30.0,30.350000381469727,13002,0.0,0.0
2016-10-17 00:00:00+08:00,30.25,30.299999237060547,29.200000762939453,30.25,6008,0.0,0.0
2016-10-18 00:00:00+08:00,30.200000762939453,30.200000762939453,30.200000762939453,30.200000762939453,795,0.0,0.0
2016-10-19 00:00:00+08:00,29.799999237060547,29.899999618530273,29.799999237060547,29.799999237060547,5201,0.0,0.0
2016-10-20 00:00:00+08:00,28.149999618530273,29.5,28.149999618530273,29.25,10000,0.0,0.0
2016-10-21 00:00:00+08:00,29.0,29.100000381469727,28.5,29.100000381469727,13000,0.0,0.0
2016-10-24 00:00:00+08:00,29.100000381469727,29.399999618530273,29.0,29.399999618530273,3312,0.0,0.0
2016-10-25 00:00:00+08:00,30.299999237060547,31.200000762939453,30.299999237060547,31.200000762939453,5006,0.0,0.0
2016-10-26 00:00:00+08:00,30.0,30.0,30.0,30.0,1300,0.0,0.0
2016-10-27 00:00:00+08:00,30.100000381469727,30.100000381469727,30.100000381469727,30.100000381469727,1402,0.0,0.0
2016-10-28 00:00:00+08:00,29.0,30.100000381469727,29.0,30.100000381469727,8144,0.0,0.0
2016-10-31 00:00:00+08:00,31.399999618530273,31.399999618530273,30.100000381469727,31.299999237060547,15565,0.0,0.0
2016-11-01 00:00:00+08:00,31.299999237060547,31.799999237060547,31.299999237060547,31.549999237060547,4650,0.0,0.0
2016-11-02 00:00:00+08:00,32.20000076293945,32.20000076293945,31.399999618530273,31.700000762939453,5006,0.0,0.0
2016-11-03 00:00:00+08:00,31.149999618530273,31.600000381469727,31.149999618530273,31.600000381469727,5575,0.0,0.0
2016-11-04 00:00:00+08:00,31.600000381469727,31.600000381469727,31.0,31.0,12001,0.0,0.0
2016-11-07 00:00:00+08:00,30.799999237060547,30.799999237060547,30.299999237060547,30.299999237060547,5001,0.0,0.0
2016-11-08 00:00:00+08:00,29.600000381469727,29.600000381469727,29.5,29.5,7002,0.0,0.0
2016-11-09 00:00:00+08:00,28.5,30.299999237060547,28.5,30.299999237060547,8136,0.0,0.0
2016-11-10 00:00:00+08:00,31.5,31.5,27.299999237060547,27.299999237060547,110001,0.0,0.0
2016-11-11 00:00:00+08:00,27.549999237060547,29.0,27.5,28.100000381469727,33004,0.0,0.0
2016-11-14 00:00:00+08:00,26.799999237060547,28.700000762939453,26.799999237060547,28.100000381469727,14515,0.0,0.0
2016-11-15 00:00:00+08:00,28.200000762939453,28.200000762939453,28.200000762939453,28.200000762939453,1000,0.0,0.0
2016-11-16 00:00:00+08:00,28.200000762939453,28.200000762939453,28.200000762939453,28.200000762939453,1,0.0,0.0
2016-11-17 00:00:00+08:00,28.649999618530273,28.649999618530273,28.649999618530273,28.649999618530273,1000,0.0,0.0
2016-11-18 00:00:00+08:00,29.399999618530273,29.399999618530273,28.899999618530273,28.899999618530273,2000,0.0,0.0
2016-11-21 00:00:00+08:00,30.799999237060547,30.799999237060547,30.799999237060547,30.799999237060547,1002,0.0,0.0
2016-11-22 00:00:00+08:00,28.200000762939453,29.799999237060547,28.0,29.799999237060547,29265,0.0,0.0
2016-11-23 00:00:00+08:00,29.799999237060547,29.799999237060547,29.799999237060547,29.799999237060547,1,0.0,0.0
2016-11-24 00:00:00+08:00,29.0,29.0,28.0,28.0,9001,0.0,0.0
2016-11-25 00:00:00+08:00,28.5,28.5,28.5,28.5,1000,0.0,0.0
2016-11-28 00:00:00+08:00,28.5,28.5,28.399999618530273,28.5,20001,0.0,0.0
2016-11-29 00:00:00+08:00,28.399999618530273,28.399999618530273,28.399999618530273,28.399999618530273,6000,0.0,0.0
2016-11-30 00:00:00+08:00,28.399999618530273,28.399999618530273,27.0,28.299999237060547,30000,0.0,0.0
2016-12-01 00:00:00+08:00,27.899999618530273,27.899999618530273,27.0,27.399999618530273,16000,0.0,0.0
2016-12-02 00:00:00+08:00,27.100000381469727,27.799999237060547,27.049999237060547,27.399999618530273,16004,0.0,0.0
2016-12-05 00:00:00+08:00,27.299999237060547,27.299999237060547,27.299999237060547,27.299999237060547,9000,0.0,0.0
2016-12-06 00:00:00+08:00,27.299999237060547,27.299999237060547,27.299999237060547,27.299999237060547,1,0.0,0.0
2016-12-07 00:00:00+08:00,27.299999237060547,27.299999237060547,26.100000381469727,26.100000381469727,36855,0.0,0.0
2016-12-08 00:00:00+08:00,27.0,27.0,27.0,27.0,7001,0.0,0.0
2016-12-09 00:00:00+08:00,27.0,27.0,26.0,26.0,20976,0.0,0.0
2016-12-12 00:00:00+08:00,26.0,26.0,26.0,26.0,0,0.0,0.0
2016-12-13 00:00:00+08:00,26.0,26.0,26.0,26.0,3003,0.0,0.0
2016-12-14 00:00:00+08:00,26.0,26.0,26.0,26.0,25,0.0,0.0
2016-12-15 00:00:00+08:00,27.200000762939453,27.200000762939453,27.0,27.0,2000,0.0,0.0
2016-12-16 00:00:00+08:00,26.100000381469727,26.200000762939453,24.649999618530273,26.200000762939453,17002,0.0,0.0
2016-12-19 00:00:00+08:00,25.799999237060547,25.799999237060547,25.0,25.200000762939453,30004,0.0,0.0
2016-12-20 00:00:00+08:00,25.799999237060547,25.799999237060547,25.799999237060547,25.799999237060547,1002,0.0,0.0
2016-12-21 00:00:00+08:00,25.0,25.0,24.850000381469727,25.0,12003,0.0,0.0
2016-12-22 00:00:00+08:00,25.0,25.0,25.0,25.0,0,0.0,0.0
2016-12-23 00:00:00+08:00,24.5,24.5,24.5,24.5,1001,0.0,0.0
2016-12-26 00:00:00+08:00,24.200000762939453,24.200000762939453,24.100000381469727,24.200000762939453,9004,0.0,0.0
2016-12-27 00:00:00+08:00,23.350000381469727,24.450000762939453,22.899999618530273,23.75,91651,0.0,0.0
2016-12-28 00:00:00+08:00,23.0,23.75,22.600000381469727,23.75,38360,0.0,0.0
2016-12-29 00:00:00+08:00,23.75,23.75,23.75,23.75,0,0.0,0.0
2016-12-30 00:00:00+08:00,24.549999237060547,24.549999237060547,24.549999237060547,24.549999237060547,1003,0.0,0.0
2017-01-03 00:00:00+08:00,24.0,24.0,23.700000762939453,23.700000762939453,6011,0.0,0.0
2017-01-04 00:00:00+08:00,23.899999618530273,24.0,23.899999618530273,24.0,7001,0.0,0.0
2017-01-05 00:00:00+08:00,24.0,24.0,24.0,24.0,0,0.0,0.0
2017-01-06 00:00:00+08:00,24.899999618530273,24.899999618530273,24.0,24.0,3210,0.0,0.0
2017-01-09 00:00:00+08:00,23.700000762939453,23.950000762939453,23.700000762939453,23.950000762939453,2005,0.0,0.0
2017-01-10 00:00:00+08:00,23.600000381469727,25.0,23.549999237060547,25.0,12021,0.0,0.0
2017-01-11 00:00:00+08:00,25.0,25.0,25.0,25.0,0,0.0,0.0
2017-01-12 00:00:00+08:00,24.0,24.0,24.0,24.0,2001,0.0,0.0
2017-01-13 00:00:00+08:00,23.5,23.5,23.5,23.5,1550,0.0,0.0
2017-01-16 00:00:00+08:00,24.5,24.5,24.5,24.5,5015,0.0,0.0
2017-01-17 00:00:00+08:00,22.649999618530273,23.799999237060547,22.649999618530273,23.799999237060547,16003,0.0,0.0
2017-01-18 00:00:00+08:00,23.799999237060547,23.799999237060547,22.649999618530273,22.649999618530273,3006,0.0,0.0
2017-01-19 00:00:00+08:00,24.0,24.0,22.0,22.450000762939453,7381,0.0,0.0
2017-01-20 00:00:00+08:00,21.649999618530273,22.350000381469727,21.649999618530273,22.200000762939453,5009,0.0,0.0
2017-01-23 00:00:00+08:00,22.0,22.0,21.25,21.25,5011,0.0,0.0
2017-01-24 00:00:00+08:00,21.100000381469727,21.700000762939453,20.200000762939453,21.700000762939453,19005,0.0,0.0
2017-02-02 00:00:00+08:00,19.799999237060547,21.899999618530273,19.799999237060547,21.899999618530273,6008,0.0,0.0
2017-02-03 00:00:00+08:00,22.0,22.799999237060547,22.0,22.799999237060547,4009,0.0,0.0
2017-02-06 00:00:00+08:00,21.700000762939453,23.0,21.600000381469727,22.899999618530273,11009,0.0,0.0
2017-02-07 00:00:00+08:00,22.200000762939453,22.200000762939453,22.200000762939453,22.200000762939453,2006,0.0,0.0
2017-02-08 00:00:00+08:00,21.700000762939453,21.899999618530273,21.700000762939453,21.899999618530273,5011,0.0,0.0
2017-02-09 00:00:00+08:00,22.0,22.200000762939453,22.0,22.200000762939453,6514,0.0,0.0
2017-02-10 00:00:00+08:00,22.799999237060547,22.799999237060547,22.799999237060547,22.799999237060547,1004,0.0,0.0
2017-02-13 00:00:00+08:00,22.5,22.600000381469727,22.100000381469727,22.5,25265,0.0,0.0
2017-02-14 00:00:00+08:00,24.649999618530273,24.649999618530273,20.899999618530273,22.200000762939453,22265,0.0,0.0
2017-02-15 00:00:00+08:00,22.5,24.399999618530273,22.5,24.399999618530273,47796,0.0,0.0
2017-02-16 00:00:00+08:00,26.799999237060547,26.799999237060547,26.799999237060547,26.799999237060547,25975,0.0,0.0
2017-02-17 00:00:00+08:00,28.299999237060547,29.450000762939453,27.0,29.25,104665,0.0,0.0
2017-02-20 00:00:00+08:00,29.25,29.299999237060547,28.0,28.100000381469727,21265,0.0,0.0
2017-02-21 00:00:00+08:00,28.0,28.0,27.5,27.5,9011,0.0,0.0
2017-02-22 00:00:00+08:00,27.200000762939453,27.25,26.5,26.5,23365,0.0,0.0
2017-02-23 00:00:00+08:00,25.299999237060547,25.299999237060547,25.0,25.0,31188,0.0,0.0
2017-02-24 00:00:00+08:00,24.149999618530273,26.649999618530273,24.149999618530273,25.0,12066,0.0,0.0
2017-03-01 00:00:00+08:00,24.149999618530273,26.100000381469727,24.149999618530273,26.100000381469727,6000,0.0,0.0
2017-03-02 00:00:00+08:00,25.049999237060547,26.100000381469727,25.049999237060547,26.100000381469727,12380,0.0,0.0
2017-03-03 00:00:00+08:00,26.100000381469727,28.200000762939453,26.0,28.100000381469727,24009,0.0,0.0
2017-03-06 00:00:00+08:00,28.700000762939453,28.700000762939453,28.600000381469727,28.600000381469727,2031,0.0,0.0
2017-03-07 00:00:00+08:00,27.299999237060547,27.5,27.0,27.0,13009,0.0,0.0
2017-03-08 00:00:00+08:00,26.600000381469727,26.600000381469727,26.5,26.600000381469727,4048,0.0,0.0
2017-03-09 00:00:00+08:00,26.600000381469727,26.600000381469727,26.600000381469727,26.600000381469727,376,0.0,0.0
2017-03-10 00:00:00+08:00,26.100000381469727,26.100000381469727,26.100000381469727,26.100000381469727,1017,0.0,0.0
2017-03-13 00:00:00+08:00,26.100000381469727,26.100000381469727,26.100000381469727,26.100000381469727,9,0.0,0.0
2017-03-14 00:00:00+08:00,24.149999618530273,24.700000762939453,24.149999618530273,24.700000762939453,6662,0.0,0.0
2017-03-15 00:00:00+08:00,24.700000762939453,24.700000762939453,24.700000762939453,24.700000762939453,2017,0.0,0.0
2017-03-16 00:00:00+08:00,25.0,26.649999618530273,25.0,26.649999618530273,6020,0.0,0.0
2017-03-17 00:00:00+08:00,27.700000762939453,27.75,27.700000762939453,27.75,7531,0.0,0.0
2017-03-20 00:00:00+08:00,27.5,27.850000381469727,26.049999237060547,27.850000381469727,10013,0.0,0.0
2017-03-21 00:00:00+08:00,27.549999237060547,28.299999237060547,26.0,28.299999237060547,13852,0.0,0.0
2017-03-22 00:00:00+08:00,26.799999237060547,28.200000762939453,26.75,28.200000762939453,7033,0.0,0.0
2017-03-23 00:00:00+08:00,28.0,28.0,27.0,27.899999618530273,12265,0.0,0.0
2017-03-24 00:00:00+08:00,27.0,27.0,26.100000381469727,27.0,13004,0.0,0.0
2017-03-27 00:00:00+08:00,26.5,28.25,25.5,25.5,4265,0.0,0.0
2017-03-28 00:00:00+08:00,26.0,26.049999237060547,25.0,26.0,11012,0.0,0.0
2017-03-29 00:00:00+08:00,27.700000762939453,27.700000762939453,27.700000762939453,27.700000762939453,1008,0.0,0.0
2017-03-30 00:00:00+08:00,27.399999618530273,27.399999618530273,25.100000381469727,26.850000381469727,15005,0.0,0.0
2017-03-31 00:00:00+08:00,25.5,26.5,25.299999237060547,26.5,18004,0.0,0.0
2017-04-05 00:00:00+08:00,26.0,26.0,25.950000762939453,26.0,4011,0.0,0.0
2017-04-06 00:00:00+08:00,25.549999237060547,25.549999237060547,25.0,25.0,4074,0.0,0.0
2017-04-07 00:00:00+08:00,25.049999237060547,25.700000762939453,25.049999237060547,25.700000762939453,4001,0.0,0.0
2017-04-10 00:00:00+08:00,25.450000762939453,25.700000762939453,24.600000381469727,25.700000762939453,11000,0.0,0.0
2017-04-11 00:00:00+08:00,24.5,24.5,24.0,24.0,6000,0.0,0.0
2017-04-12 00:00:00+08:00,22.850000381469727,23.0,22.799999237060547,23.0,12000,0.0,0.0
2017-04-13 00:00:00+08:00,23.0,23.200000762939453,22.950000762939453,23.0,5000,0.0,0.0
2017-04-14 00:00:00+08:00,23.200000762939453,23.200000762939453,23.200000762939453,23.200000762939453,2000,0.0,0.0
2017-04-17 00:00:00+08:00,20.899999618530273,21.799999237060547,20.899999618530273,21.549999237060547,16000,0.0,0.0
2017-04-18 00:00:00+08:00,21.950000762939453,23.450000762939453,21.950000762939453,23.450000762939453,12470,0.0,0.0
2017-04-19 00:00:00+08:00,25.350000381469727,25.350000381469727,22.0,22.5,16002,0.0,0.0
2017-04-20 00:00:00+08:00,23.0,23.0,23.0,23.0,2003,0.0,0.0
2017-04-21 00:00:00+08:00,23.0,23.0,23.0,23.0,1000,0.0,0.0
2017-04-24 00:00:00+08:00,21.549999237060547,21.549999237060547,20.75,20.75,42012,0.0,0.0
2017-04-25 00:00:00+08:00,20.049999237060547,20.75,20.0,20.75,5000,0.0,0.0
2017-04-26 00:00:00+08:00,20.450000762939453,21.200000762939453,20.450000762939453,20.700000762939453,27325,0.0,0.0
2017-04-27 00:00:00+08:00,20.700000762939453,20.700000762939453,20.700000762939453,20.700000762939453,0,0.0,0.0
2017-04-28 00:00:00+08:00,20.700000762939453,20.700000762939453,20.700000762939453,20.700000762939453,1,0.0,0.0
2017-05-02 00:00:00+08:00,20.649999618530273,20.649999618530273,20.649999618530273,20.649999618530273,502,0.0,0.0
2017-05-03 00:00:00+08:00,20.649999618530273,20.649999618530273,20.649999618530273,20.649999618530273,0,0.0,0.0
2017-05-04 00:00:00+08:00,19.549999237060547,20.799999237060547,19.100000381469727,20.799999237060547,16547,0.0,0.0
2017-05-05 00:00:00+08:00,19.799999237060547,20.149999618530273,19.399999618530273,20.149999618530273,11002,0.0,0.0
2017-05-08 00:00:00+08:00,20.149999618530273,20.149999618530273,20.149999618530273,20.149999618530273,0,0.0,0.0
2017-05-09 00:00:00+08:00,18.600000381469727,19.600000381469727,18.600000381469727,18.649999618530273,24000,0.0,0.0
2017-05-10 00:00:00+08:00,18.950000762939453,19.0,18.700000762939453,18.700000762939453,7227,0.0,0.0
2017-05-11 00:00:00+08:00,18.700000762939453,18.700000762939453,18.700000762939453,18.700000762939453,2000,0.0,0.0
2017-05-12 00:00:00+08:00,16.899999618530273,18.700000762939453,16.899999618530273,18.399999618530273,21001,0.0,0.0
2017-05-15 00:00:00+08:00,16.600000381469727,18.299999237060547,16.600000381469727,18.149999618530273,32590,0.0,0.0
2017-05-16 00:00:00+08:00,17.950000762939453,18.0,17.049999237060547,18.0,12000,0.0,0.0
2017-05-17 00:00:00+08:00,16.299999237060547,17.200000762939453,16.299999237060547,16.5,30000,0.0,0.0
2017-05-18 00:00:00+08:00,16.5,16.850000381469727,15.5,16.100000381469727,39329,0.0,0.0
2017-05-19 00:00:00+08:00,15.699999809265137,16.200000762939453,15.699999809265137,16.049999237060547,28265,0.0,0.0
2017-05-22 00:00:00+08:00,15.5,15.550000190734863,15.149999618530273,15.5,34086,0.0,0.0
2017-05-23 00:00:00+08:00,15.5,15.5,15.25,15.350000381469727,13710,0.0,0.0
2017-05-24 00:00:00+08:00,15.899999618530273,16.149999618530273,15.899999618530273,16.149999618530273,18000,0.0,0.0
2017-05-25 00:00:00+08:00,16.600000381469727,16.600000381469727,15.75,16.350000381469727,32622,0.0,0.0
2017-05-26 00:00:00+08:00,16.0,16.200000762939453,16.0,16.200000762939453,3000,0.0,0.0
2017-05-31 00:00:00+08:00,16.25,16.25,16.0,16.0,9020,0.0,0.0
2017-06-01 00:00:00+08:00,15.399999618530273,16.100000381469727,15.399999618530273,16.0,22002,0.0,0.0
2017-06-02 00:00:00+08:00,16.049999237060547,16.049999237060547,15.800000190734863,15.800000190734863,2001,0.0,0.0
2017-06-05 00:00:00+08:00,15.800000190734863,15.800000190734863,15.800000190734863,15.800000190734863,0,0.0,0.0
2017-06-06 00:00:00+08:00,15.800000190734863,16.350000381469727,15.800000190734863,16.350000381469727,3000,0.0,0.0
2017-06-07 00:00:00+08:00,16.350000381469727,17.649999618530273,16.350000381469727,17.0,9265,0.0,0.0
2017-06-08 00:00:00+08:00,16.399999618530273,16.5,16.049999237060547,16.5,9000,0.0,0.0
2017-06-09 00:00:00+08:00,16.600000381469727,17.399999618530273,16.600000381469727,17.299999237060547,27005,0.0,0.0
2017-06-12 00:00:00+08:00,18.450000762939453,18.450000762939453,17.600000381469727,17.600000381469727,16000,0.0,0.0
2017-06-13 00:00:00+08:00,16.149999618530273,17.350000381469727,16.100000381469727,17.25,10000,0.0,0.0
2017-06-14 00:00:00+08:00,16.950000762939453,18.200000762939453,16.049999237060547,18.100000381469727,33004,0.0,0.0
2017-06-15 00:00:00+08:00,18.100000381469727,19.899999618530273,18.100000381469727,19.899999618530273,44536,0.0,0.0
2017-06-16 00:00:00+08:00,20.5,21.850000381469727,20.5,21.850000381469727,57532,0.0,0.0
2017-06-19 00:00:00+08:00,23.75,24.0,23.200000762939453,23.950000762939453,87072,0.0,0.0
2017-06-20 00:00:00+08:00,23.049999237060547,24.0,21.600000381469727,22.75,60100,0.0,0.0
2017-06-21 00:00:00+08:00,22.100000381469727,22.5,21.25,22.0,30265,0.0,0.0
2017-06-22 00:00:00+08:00,22.0,23.0,22.0,22.25,17145,0.0,0.0
2017-06-23 00:00:00+08:00,20.700000762939453,22.200000762939453,20.700000762939453,22.200000762939453,7700,0.0,0.0
2017-06-26 00:00:00+08:00,21.299999237060547,21.700000762939453,20.25,20.299999237060547,27000,0.0,0.0
2017-06-27 00:00:00+08:00,19.600000381469727,20.149999618530273,19.200000762939453,20.100000381469727,13795,0.0,0.0
2017-06-28 00:00:00+08:00,19.950000762939453,20.0,19.950000762939453,20.0,3265,0.0,0.0
2017-06-29 00:00:00+08:00,19.799999237060547,19.850000381469727,19.700000762939453,19.700000762939453,6001,0.0,0.0
2017-06-30 00:00:00+08:00,18.649999618530273,19.5,18.299999237060547,19.5,12006,0.0,0.0
2017-07-03 00:00:00+08:00,18.299999237060547,19.0,18.299999237060547,19.0,7001,0.0,0.0
2017-07-04 00:00:00+08:00,20.700000762939453,20.700000762939453,19.049999237060547,19.049999237060547,9002,0.0,0.0
2017-07-05 00:00:00+08:00,19.0,19.049999237060547,19.0,19.049999237060547,10001,0.0,0.0
2017-07-06 00:00:00+08:00,18.450000762939453,19.049999237060547,18.450000762939453,19.049999237060547,7000,0.0,0.0
2017-07-07 00:00:00+08:00,19.0,19.0,18.600000381469727,18.600000381469727,5000,0.0,0.0
2017-07-10 00:00:00+08:00,18.649999618530273,18.649999618530273,18.600000381469727,18.600000381469727,2001,0.0,0.0
2017-07-11 00:00:00+08:00,18.549999237060547,18.549999237060547,18.549999237060547,18.549999237060547,1,0.0,0.0
2017-07-12 00:00:00+08:00,18.549999237060547,18.649999618530273,18.0,18.5,7000,0.0,0.0
2017-07-13 00:00:00+08:00,18.5,18.5,18.5,18.5,0,0.0,0.0
2017-07-14 00:00:00+08:00,18.5,18.5,18.5,18.5,0,0.0,0.0
2017-07-17 00:00:00+08:00,18.5,18.5,18.5,18.5,1001,0.0,0.0
2017-07-18 00:00:00+08:00,18.5,18.700000762939453,18.5,18.700000762939453,3000,0.0,0.0
2017-07-19 00:00:00+08:00,18.049999237060547,18.75,18.0,18.75,6000,0.0,0.0
2017-07-20 00:00:00+08:00,18.700000762939453,18.700000762939453,18.700000762939453,18.700000762939453,2001,0.0,0.0
2017-07-21 00:00:00+08:00,18.700000762939453,18.700000762939453,18.700000762939453,18.700000762939453,1000,0.0,0.0
2017-07-24 00:00:00+08:00,20.0,20.0,17.049999237060547,19.799999237060547,21223,0.0,0.0
2017-07-25 00:00:00+08:00,18.350000381469727,18.850000381469727,18.350000381469727,18.850000381469727,4000,0.0,0.0
2017-07-26 00:00:00+08:00,18.850000381469727,18.850000381469727,18.850000381469727,18.850000381469727,2000,0.0,0.0
2017-07-27 00:00:00+08:00,18.850000381469727,18.850000381469727,18.850000381469727,18.850000381469727,100,0.0,0.0
2017-07-28 00:00:00+08:00,18.850000381469727,18.850000381469727,18.850000381469727,18.850000381469727,2,0.0,0.0
2017-07-31 00:00:00+08:00,18.850000381469727,18.850000381469727,18.850000381469727,18.850000381469727,0,0.0,0.0
2017-08-01 00:00:00+08:00,17.799999237060547,18.049999237060547,17.799999237060547,18.049999237060547,2005,0.0,0.0
2017-08-02 00:00:00+08:00,18.049999237060547,18.200000762939453,17.549999237060547,18.100000381469727,6652,0.0,0.0
2017-08-03 00:00:00+08:00,18.0,19.0,17.950000762939453,18.399999618530273,16265,0.0,0.0
2017-08-04 00:00:00+08:00,18.25,20.200000762939453,18.25,20.200000762939453,69470,0.0,0.0
2017-08-07 00:00:00+08:00,21.0,22.200000762939453,20.75,22.0,57068,0.0,0.0
2017-08-08 00:00:00+08:00,21.049999237060547,22.5,20.600000381469727,22.0,31325,0.0,0.0
2017-08-09 00:00:00+08:00,20.899999618530273,21.950000762939453,20.75,21.5,16210,0.0,0.0
2017-08-10 00:00:00+08:00,21.399999618530273,22.950000762939453,21.0,22.450000762939453,72400,0.0,0.0
2017-08-11 00:00:00+08:00,21.5,23.100000381469727,21.0,23.0,24000,0.0,0.0
2017-08-14 00:00:00+08:00,21.200000762939453,22.100000381469727,21.200000762939453,22.0,37529,0.0,0.0
2017-08-15 00:00:00+08:00,22.0,22.0,20.700000762939453,20.700000762939453,22001,0.0,0.0
2017-08-16 00:00:00+08:00,21.799999237060547,21.799999237060547,19.200000762939453,20.299999237060547,30325,0.0,0.0
2017-08-17 00:00:00+08:00,20.299999237060547,21.25,19.799999237060547,20.700000762939453,14598,0.0,0.0
2017-08-18 00:00:00+08:00,21.0,21.0,19.049999237060547,20.399999618530273,15198,0.0,0.0
2017-08-21 00:00:00+08:00,21.0,21.799999237060547,20.0,20.450000762939453,2428657,0.0,0.0
2017-08-22 00:00:00+08:00,20.399999618530273,20.899999618530273,20.149999618530273,20.899999618530273,43922,0.0,0.0
2017-08-23 00:00:00+08:00,20.350000381469727,20.5,20.350000381469727,20.5,615000,0.0,0.0
2017-08-24 00:00:00+08:00,20.450000762939453,20.450000762939453,19.950000762939453,20.0,60577,0.0,0.0
2017-08-25 00:00:00+08:00,21.200000762939453,21.200000762939453,20.149999618530273,20.200000762939453,10000,0.0,0.0
2017-08-28 00:00:00+08:00,19.600000381469727,20.600000381469727,19.600000381469727,20.600000381469727,504650,0.0,0.0
2017-08-29 00:00:00+08:00,20.5,20.5,20.5,20.5,7000,0.0,0.0
2017-08-30 00:00:00+08:00,19.049999237060547,19.049999237060547,19.049999237060547,19.049999237060547,2265,0.0,0.0
2017-08-31 00:00:00+08:00,19.049999237060547,19.049999237060547,19.049999237060547,19.049999237060547,1000,0.0,0.0
2017-09-01 00:00:00+08:00,19.049999237060547,19.049999237060547,19.0,19.0,2000,0.0,0.0
2017-09-04 00:00:00+08:00,18.950000762939453,18.950000762939453,18.950000762939453,18.950000762939453,1265,0.0,0.0
2017-09-05 00:00:00+08:00,18.899999618530273,18.899999618530273,18.0,18.600000381469727,4000,0.0,0.0
2017-09-06 00:00:00+08:00,17.799999237060547,17.850000381469727,17.799999237060547,17.799999237060547,4000,0.0,0.0
2017-09-07 00:00:00+08:00,18.399999618530273,18.399999618530273,17.799999237060547,18.299999237060547,5000,0.0,0.0
2017-09-08 00:00:00+08:00,18.0,18.350000381469727,17.5,18.350000381469727,5001,0.0,0.0
2017-09-11 00:00:00+08:00,18.0,18.600000381469727,18.0,18.600000381469727,2000,0.0,0.0
2017-09-12 00:00:00+08:00,18.0,18.0,17.799999237060547,17.799999237060547,2000,0.0,0.0
2017-09-13 00:00:00+08:00,18.0,18.399999618530273,17.799999237060547,18.399999618530273,5000,0.0,0.0
2017-09-14 00:00:00+08:00,17.799999237060547,19.600000381469727,17.799999237060547,19.600000381469727,4002,0.0,0.0
2017-09-15 00:00:00+08:00,19.0,19.200000762939453,18.799999237060547,18.799999237060547,3000,0.0,0.0
2017-09-18 00:00:00+08:00,18.0,18.600000381469727,18.0,18.600000381469727,2000,0.0,0.0
2017-09-19 00:00:00+08:00,18.600000381469727,18.600000381469727,18.0,18.0,2000,0.0,0.0
2017-09-20 00:00:00+08:00,16.200000762939453,17.0,16.200000762939453,17.0,2000,0.0,0.0
2017-09-21 00:00:00+08:00,17.399999618530273,17.399999618530273,17.399999618530273,17.399999618530273,1000,0.0,0.0
2017-09-22 00:00:00+08:00,18.0,18.0,18.0,18.0,1000,0.0,0.0
2017-09-25 00:00:00+08:00,18.100000381469727,18.100000381469727,18.100000381469727,18.100000381469727,1000,0.0,0.0
2017-09-26 00:00:00+08:00,18.100000381469727,18.100000381469727,18.100000381469727,18.100000381469727,5000,0.0,0.0
2017-09-27 00:00:00+08:00,18.25,18.25,18.149999618530273,18.149999618530273,5000,0.0,0.0
2017-09-28 00:00:00+08:00,18.299999237060547,18.299999237060547,18.200000762939453,18.200000762939453,5000,0.0,0.0
2017-09-29 00:00:00+08:00,18.299999237060547,18.299999237060547,18.299999237060547,18.299999237060547,6002,0.0,0.0
2017-10-02 00:00:00+08:00,18.450000762939453,18.450000762939453,18.450000762939453,18.450000762939453,3000,0.0,0.0
2017-10-03 00:00:00+08:00,18.5,18.600000381469727,18.5,18.600000381469727,8000,0.0,0.0
2017-10-05 00:00:00+08:00,18.649999618530273,18.649999618530273,18.649999618530273,18.649999618530273,3049,0.0,0.0
2017-10-06 00:00:00+08:00,18.649999618530273,18.649999618530273,18.600000381469727,18.600000381469727,9000,0.0,0.0
2017-10-11 00:00:00+08:00,18.600000381469727,18.600000381469727,18.600000381469727,18.600000381469727,6000,0.0,0.0
2017-10-12 00:00:00+08:00,18.600000381469727,18.600000381469727,18.600000381469727,18.600000381469727,0,0.0,0.0
2017-10-13 00:00:00+08:00,18.600000381469727,18.600000381469727,18.600000381469727,18.600000381469727,1,0.0,0.0
2017-10-16 00:00:00+08:00,18.700000762939453,18.700000762939453,18.700000762939453,18.700000762939453,2005,0.0,0.0
2017-10-17 00:00:00+08:00,16.850000381469727,18.700000762939453,16.850000381469727,18.700000762939453,6265,0.0,0.0
2017-10-18 00:00:00+08:00,18.799999237060547,18.799999237060547,18.799999237060547,18.799999237060547,1223,0.0,0.0
2017-10-19 00:00:00+08:00,18.799999237060547,18.799999237060547,18.799999237060547,18.799999237060547,2520,0.0,0.0
2017-10-20 00:00:00+08:00,18.700000762939453,18.700000762939453,18.700000762939453,18.700000762939453,1000,0.0,0.0
2017-10-23 00:00:00+08:00,18.700000762939453,18.700000762939453,18.700000762939453,18.700000762939453,3001,0.0,0.0
2017-10-24 00:00:00+08:00,18.600000381469727,18.600000381469727,18.600000381469727,18.600000381469727,4,0.0,0.0
2017-10-25 00:00:00+08:00,16.75,18.5,16.75,18.5,4030,0.0,0.0
2017-10-26 00:00:00+08:00,18.5,18.5,18.5,18.5,0,0.0,0.0
2017-10-27 00:00:00+08:00,18.5,18.5,18.5,18.5,0,0.0,0.0
2017-10-30 00:00:00+08:00,18.5,18.5,18.5,18.5,0,0.0,0.0
2017-10-31 00:00:00+08:00,18.899999618530273,18.950000762939453,18.450000762939453,18.450000762939453,7002,0.0,0.0
2017-11-01 00:00:00+08:00,18.450000762939453,18.450000762939453,18.450000762939453,18.450000762939453,7001,0.0,0.0
2017-11-02 00:00:00+08:00,18.450000762939453,18.450000762939453,18.450000762939453,18.450000762939453,10205,0.0,0.0
2017-11-03 00:00:00+08:00,18.399999618530273,18.450000762939453,18.299999237060547,18.299999237060547,8000,0.0,0.0
2017-11-06 00:00:00+08:00,18.25,18.25,18.100000381469727,18.100000381469727,9000,0.0,0.0
2017-11-07 00:00:00+08:00,18.100000381469727,18.100000381469727,18.0,18.0,13000,0.0,0.0
2017-11-08 00:00:00+08:00,18.0,18.0,18.0,18.0,2000,0.0,0.0
2017-11-09 00:00:00+08:00,18.100000381469727,18.100000381469727,18.100000381469727,18.100000381469727,252,0.0,0.0
2017-11-10 00:00:00+08:00,18.100000381469727,18.100000381469727,18.100000381469727,18.100000381469727,0,0.0,0.0
2017-11-13 00:00:00+08:00,18.100000381469727,18.100000381469727,18.100000381469727,18.100000381469727,15000,0.0,0.0
2017-11-14 00:00:00+08:00,18.100000381469727,18.100000381469727,18.100000381469727,18.100000381469727,10000,0.0,0.0
2017-11-15 00:00:00+08:00,18.0,18.0,18.0,18.0,4000,0.0,0.0
2017-11-16 00:00:00+08:00,18.0,18.0,18.0,18.0,0,0.0,0.0
2017-11-17 00:00:00+08:00,17.899999618530273,17.899999618530273,17.799999237060547,17.799999237060547,7000,0.0,0.0
2017-11-20 00:00:00+08:00,17.799999237060547,17.799999237060547,17.799999237060547,17.799999237060547,3000,0.0,0.0
2017-11-21 00:00:00+08:00,17.600000381469727,17.600000381469727,17.600000381469727,17.600000381469727,2000,0.0,0.0
2017-11-22 00:00:00+08:00,17.5,17.5,17.5,17.5,6001,0.0,0.0
2017-11-23 00:00:00+08:00,17.5,17.5,17.5,17.5,11000,0.0,0.0
2017-11-24 00:00:00+08:00,17.399999618530273,17.399999618530273,17.399999618530273,17.399999618530273,6000,0.0,0.0
2017-11-27 00:00:00+08:00,17.299999237060547,17.299999237060547,17.299999237060547,17.299999237060547,3000,0.0,0.0
2017-11-28 00:00:00+08:00,17.200000762939453,17.200000762939453,17.100000381469727,17.100000381469727,4012,0.0,0.0
2017-11-29 00:00:00+08:00,17.100000381469727,17.100000381469727,17.100000381469727,17.100000381469727,650,0.0,0.0
2017-11-30 00:00:00+08:00,17.100000381469727,17.100000381469727,17.100000381469727,17.100000381469727,0,0.0,0.0
2017-12-01 00:00:00+08:00,17.100000381469727,17.100000381469727,17.100000381469727,17.100000381469727,0,0.0,0.0
2017-12-04 00:00:00+08:00,17.100000381469727,17.100000381469727,17.100000381469727,17.100000381469727,500,0.0,0.0
2017-12-05 00:00:00+08:00,17.100000381469727,17.100000381469727,17.100000381469727,17.100000381469727,2999,0.0,0.0
2017-12-06 00:00:00+08:00,17.100000381469727,17.100000381469727,17.100000381469727,17.100000381469727,923,0.0,0.0
2017-12-07 00:00:00+08:00,16.0,16.899999618530273,16.0,16.899999618530273,3551,0.0,0.0
2017-12-08 00:00:00+08:00,16.899999618530273,16.899999618530273,16.899999618530273,16.899999618530273,1000,0.0,0.0
2017-12-11 00:00:00+08:00,17.649999618530273,17.649999618530273,17.649999618530273,17.649999618530273,1000,0.0,0.0
2017-12-12 00:00:00+08:00,17.649999618530273,17.649999618530273,17.649999618530273,17.649999618530273,0,0.0,0.0
2017-12-13 00:00:00+08:00,17.649999618530273,17.649999618530273,17.649999618530273,17.649999618530273,1,0.0,0.0
2017-12-14 00:00:00+08:00,17.100000381469727,17.100000381469727,17.0,17.0,3240,0.0,0.0
2017-12-15 00:00:00+08:00,16.899999618530273,16.899999618530273,16.899999618530273,16.899999618530273,1003,0.0,0.0
2017-12-18 00:00:00+08:00,16.899999618530273,16.899999618530273,16.899999618530273,16.899999618530273,300,0.0,0.0
2017-12-19 00:00:00+08:00,16.899999618530273,16.899999618530273,16.899999618530273,16.899999618530273,999,0.0,0.0
2017-12-20 00:00:00+08:00,16.799999237060547,16.799999237060547,16.799999237060547,16.799999237060547,1999,0.0,0.0
2017-12-21 00:00:00+08:00,16.700000762939453,16.700000762939453,16.5,16.700000762939453,4999,0.0,0.0
2017-12-22 00:00:00+08:00,16.700000762939453,16.700000762939453,16.700000762939453,16.700000762939453,0,0.0,0.0
2017-12-25 00:00:00+08:00,16.600000381469727,16.600000381469727,16.600000381469727,16.600000381469727,3,0.0,0.0
2017-12-26 00:00:00+08:00,16.600000381469727,16.600000381469727,16.600000381469727,16.600000381469727,1005,0.0,0.0
2017-12-27 00:00:00+08:00,15.5,15.5,15.5,15.5,1003,0.0,0.0
2017-12-28 00:00:00+08:00,16.0,16.5,16.0,16.5,3505,0.0,0.0
2017-12-29 00:00:00+08:00,16.5,16.5,16.5,16.5,0,0.0,0.0
2018-01-02 00:00:00+08:00,19.700000762939453,19.700000762939453,19.700000762939453,19.700000762939453,1184,0.0,0.0
2018-01-03 00:00:00+08:00,19.700000762939453,19.700000762939453,19.700000762939453,19.700000762939453,1,0.0,0.0
2018-01-04 00:00:00+08:00,19.700000762939453,19.700000762939453,19.700000762939453,19.700000762939453,999,0.0,0.0
2018-01-05 00:00:00+08:00,19.700000762939453,19.700000762939453,19.700000762939453,19.700000762939453,826,0.0,0.0
2018-01-08 00:00:00+08:00,19.700000762939453,19.700000762939453,19.700000762939453,19.700000762939453,0,0.0,0.0
2018-01-09 00:00:00+08:00,19.700000762939453,19.700000762939453,19.700000762939453,19.700000762939453,1177,0.0,0.0
2018-01-10 00:00:00+08:00,19.700000762939453,19.700000762939453,19.700000762939453,19.700000762939453,0,0.0,0.0
2018-01-11 00:00:00+08:00,19.399999618530273,19.399999618530273,19.399999618530273,19.399999618530273,1,0.0,0.0
2018-01-12 00:00:00+08:00,19.399999618530273,19.399999618530273,19.399999618530273,19.399999618530273,1,0.0,0.0
2018-01-15 00:00:00+08:00,19.0,19.0,19.0,19.0,19002,0.0,0.0
2018-01-16 00:00:00+08:00,19.0,19.0,19.0,19.0,0,0.0,0.0
2018-01-17 00:00:00+08:00,19.600000381469727,19.600000381469727,19.5,19.5,2265,0.0,0.0
2018-01-18 00:00:00+08:00,19.5,19.5,19.5,19.5,1,0.0,0.0
2018-01-19 00:00:00+08:00,18.0,18.0,18.0,18.0,2001,0.0,0.0
2018-01-22 00:00:00+08:00,18.0,18.0,18.0,18.0,2,0.0,0.0
2018-01-23 00:00:00+08:00,18.0,18.0,18.0,18.0,265,0.0,0.0
2018-01-24 00:00:00+08:00,18.0,18.0,18.0,18.0,999,0.0,0.0
2018-01-25 00:00:00+08:00,18.0,18.0,18.0,18.0,1,0.0,0.0
2018-01-26 00:00:00+08:00,18.0,18.0,18.0,18.0,1,0.0,0.0
2018-01-29 00:00:00+08:00,17.0,17.0,16.5,16.549999237060547,8081,0.0,0.0
2018-01-30 00:00:00+08:00,16.799999237060547,16.799999237060547,16.700000762939453,16.700000762939453,4060,0.0,0.0
2018-01-31 00:00:00+08:00,18.0,18.0,18.0,18.0,2008,0.0,0.0
2018-02-01 00:00:00+08:00,18.0,18.0,18.0,18.0,1,0.0,0.0
2018-02-02 00:00:00+08:00,18.0,18.0,18.0,18.0,0,0.0,0.0
2018-02-05 00:00:00+08:00,19.799999237060547,19.799999237060547,19.799999237060547,19.799999237060547,1265,0.0,0.0
2018-02-06 00:00:00+08:00,21.75,21.75,21.75,21.75,1085,0.0,0.0
2018-02-07 00:00:00+08:00,21.75,21.75,21.75,21.75,6,0.0,0.0
2018-02-08 00:00:00+08:00,21.75,21.75,21.75,21.75,1,0.0,0.0
2018-02-09 00:00:00+08:00,21.75,21.75,21.75,21.75,190,0.0,0.0
2018-02-12 00:00:00+08:00,23.899999618530273,23.899999618530273,23.899999618530273,23.899999618530273,1004,0.0,0.0
2018-02-21 00:00:00+08:00,26.25,26.25,26.25,26.25,4004,0.0,0.0
2018-02-22 00:00:00+08:00,26.25,26.25,26.25,26.25,198,0.0,0.0
2018-02-23 00:00:00+08:00,26.0,26.0,26.0,26.0,1,0.0,0.0
2018-02-26 00:00:00+08:00,26.0,26.0,26.0,26.0,1,0.0,0.0
2018-02-27 00:00:00+08:00,26.0,26.0,26.0,26.0,3,0.0,0.0
2018-03-01 00:00:00+08:00,26.0,26.0,26.0,26.0,1,0.0,0.0
2018-03-02 00:00:00+08:00,25.799999237060547,25.799999237060547,25.799999237060547,25.799999237060547,1,0.0,0.0
2018-03-05 00:00:00+08:00,25.799999237060547,25.799999237060547,25.799999237060547,25.799999237060547,0,0.0,0.0
2018-03-06 00:00:00+08:00,25.799999237060547,25.799999237060547,25.799999237060547,25.799999237060547,1,0.0,0.0
2018-03-07 00:00:00+08:00,25.799999237060547,25.799999237060547,25.799999237060547,25.799999237060547,3,0.0,0.0
2018-03-08 00:00:00+08:00,25.799999237060547,25.799999237060547,25.799999237060547,25.799999237060547,3,0.0,0.0
2018-03-09 00:00:00+08:00,25.600000381469727,25.600000381469727,25.600000381469727,25.600000381469727,2,0.0,0.0
2018-03-12 00:00:00+08:00,25.5,25.5,25.5,25.5,1,0.0,0.0
2018-03-13 00:00:00+08:00,25.5,25.5,25.5,25.5,1,0.0,0.0
2018-03-14 00:00:00+08:00,25.5,25.5,25.5,25.5,0,0.0,0.0
2018-03-15 00:00:00+08:00,24.899999618530273,24.899999618530273,24.899999618530273,24.899999618530273,2,0.0,0.0
2018-03-16 00:00:00+08:00,24.799999237060547,24.799999237060547,24.799999237060547,24.799999237060547,1,0.0,0.0
2018-03-19 00:00:00+08:00,24.799999237060547,25.0,24.799999237060547,25.0,7289,0.0,0.0
2018-03-20 00:00:00+08:00,22.5,22.5,22.5,22.5,13071,0.0,0.0
2018-03-21 00:00:00+08:00,20.25,20.25,20.25,20.25,20010,0.0,0.0
2018-03-22 00:00:00+08:00,21.799999237060547,21.799999237060547,19.0,19.0,5905,0.0,0.0
2018-03-23 00:00:00+08:00,19.0,20.899999618530273,19.0,20.899999618530273,23264,0.0,0.0
2018-03-26 00:00:00+08:00,22.0,22.100000381469727,22.0,22.100000381469727,2103,0.0,0.0
2018-03-27 00:00:00+08:00,22.100000381469727,22.100000381469727,22.100000381469727,22.100000381469727,0,0.0,0.0
2018-03-28 00:00:00+08:00,22.100000381469727,22.100000381469727,22.100000381469727,22.100000381469727,0,0.0,0.0
2018-03-29 00:00:00+08:00,22.100000381469727,22.100000381469727,22.100000381469727,22.100000381469727,0,0.0,0.0
2018-03-30 00:00:00+08:00,22.100000381469727,22.100000381469727,22.100000381469727,22.100000381469727,0,0.0,0.0
2018-04-02 00:00:00+08:00,22.100000381469727,22.100000381469727,22.100000381469727,22.100000381469727,0,0.0,0.0
2018-04-03 00:00:00+08:00,33.70000076293945,33.70000076293945,33.70000076293945,33.70000076293945,3203,0.0,0.0
2018-04-09 00:00:00+08:00,32.599998474121094,32.599998474121094,32.599998474121094,32.599998474121094,847,0.0,0.0
2018-04-10 00:00:00+08:00,32.5,32.5,32.5,32.5,2005,0.0,0.0
2018-04-11 00:00:00+08:00,29.600000381469727,35.349998474121094,29.600000381469727,35.349998474121094,16528,0.0,0.0
2018-04-12 00:00:00+08:00,35.0,35.5,34.0,35.5,37585,0.0,0.0
2018-04-13 00:00:00+08:00,34.400001525878906,34.400001525878906,34.0,34.0,10656,0.0,0.0
2018-04-16 00:00:00+08:00,33.900001525878906,33.900001525878906,33.849998474121094,33.849998474121094,3510,0.0,0.0
2018-04-17 00:00:00+08:00,34.0,34.0,32.099998474121094,32.099998474121094,4337,0.0,0.0
2018-04-18 00:00:00+08:00,33.0,33.20000076293945,32.0,32.0,4521,0.0,0.0
2018-04-19 00:00:00+08:00,32.75,33.20000076293945,32.0,32.0,6656,0.0,0.0
2018-04-20 00:00:00+08:00,32.0,32.0,32.0,32.0,15,0.0,0.0
2018-04-23 00:00:00+08:00,32.0,32.0,32.0,32.0,502,0.0,0.0
2018-04-24 00:00:00+08:00,31.100000381469727,31.5,31.100000381469727,31.5,12279,0.0,0.0
2018-04-25 00:00:00+08:00,31.5,31.5,31.200000762939453,31.5,8507,0.0,0.0
2018-04-26 00:00:00+08:00,31.5,31.5,31.5,31.5,867,0.0,0.0
2018-04-27 00:00:00+08:00,31.5,31.5,31.5,31.5,168,0.0,0.0
2018-04-30 00:00:00+08:00,31.5,31.5,31.5,31.5,656,0.0,0.0
2018-05-02 00:00:00+08:00,31.5,31.5,31.5,31.5,0,0.0,0.0
2018-05-03 00:00:00+08:00,31.5,31.5,31.5,31.5,1497,0.0,0.0
2018-05-04 00:00:00+08:00,31.5,34.650001525878906,31.5,32.349998474121094,10500,0.0,0.0
2018-05-07 00:00:00+08:00,34.5,34.5,34.5,34.5,1175,0.0,0.0
2018-05-08 00:00:00+08:00,34.5,34.5,34.5,34.5,0,0.0,0.0
2018-05-09 00:00:00+08:00,32.099998474121094,36.849998474121094,32.099998474121094,36.849998474121094,5083,0.0,0.0
2018-05-10 00:00:00+08:00,36.5,36.5,36.5,36.5,656,0.0,0.0
2018-05-11 00:00:00+08:00,36.0,36.0,36.0,36.0,369,0.0,0.0
2018-05-14 00:00:00+08:00,33.29999923706055,36.349998474121094,33.29999923706055,36.349998474121094,12568,0.0,0.0
2018-05-15 00:00:00+08:00,35.5,35.5,35.5,35.5,3,0.0,0.0
2018-05-16 00:00:00+08:00,35.5,35.5,35.5,35.5,0,0.0,0.0
2018-05-17 00:00:00+08:00,36.0,36.0,34.0,34.0,6821,0.0,0.0
2018-05-18 00:00:00+08:00,35.0,35.70000076293945,34.599998474121094,35.0,19909,0.0,0.0
2018-05-21 00:00:00+08:00,33.79999923706055,35.0,33.70000076293945,35.0,5344,0.0,0.0
2018-05-22 00:00:00+08:00,33.79999923706055,34.849998474121094,33.5,33.599998474121094,13064,0.0,0.0
2018-05-23 00:00:00+08:00,32.70000076293945,32.70000076293945,32.29999923706055,32.29999923706055,5003,0.0,0.0
2018-05-24 00:00:00+08:00,29.149999618530273,32.0,29.149999618530273,32.0,2073,0.0,0.0
2018-05-25 00:00:00+08:00,29.049999237060547,31.5,29.049999237060547,31.5,5520,0.0,0.0
2018-05-28 00:00:00+08:00,33.599998474121094,33.599998474121094,31.100000381469727,31.100000381469727,3000,0.0,0.0
2018-05-29 00:00:00+08:00,28.600000381469727,31.399999618530273,28.100000381469727,31.399999618530273,6619,0.0,0.0
2018-05-30 00:00:00+08:00,33.099998474121094,33.099998474121094,29.600000381469727,32.29999923706055,18132,0.0,0.0
2018-05-31 00:00:00+08:00,32.29999923706055,32.29999923706055,32.29999923706055,32.29999923706055,1000,0.0,0.0
2018-06-01 00:00:00+08:00,29.200000762939453,29.200000762939453,29.200000762939453,29.200000762939453,2184,0.0,0.0
2018-06-04 00:00:00+08:00,29.200000762939453,29.200000762939453,29.200000762939453,29.200000762939453,0,0.0,0.0
2018-06-05 00:00:00+08:00,26.700000762939453,29.0,26.700000762939453,28.5,4477,0.0,0.0
2018-06-06 00:00:00+08:00,31.100000381469727,31.100000381469727,28.649999618530273,28.649999618530273,2001,0.0,0.0
2018-06-07 00:00:00+08:00,29.600000381469727,29.600000381469727,29.600000381469727,29.600000381469727,1000,0.0,0.0
2018-06-08 00:00:00+08:00,31.799999237060547,31.799999237060547,31.600000381469727,31.600000381469727,5525,0.0,0.0
2018-06-11 00:00:00+08:00,30.899999618530273,30.899999618530273,30.899999618530273,30.899999618530273,3,0.0,0.0
2018-06-12 00:00:00+08:00,30.899999618530273,30.899999618530273,30.899999618530273,30.899999618530273,0,0.0,0.0
2018-06-13 00:00:00+08:00,30.899999618530273,30.899999618530273,30.899999618530273,30.899999618530273,0,0.0,0.0
2018-06-14 00:00:00+08:00,30.899999618530273,30.899999618530273,30.899999618530273,30.899999618530273,0,0.0,0.0
2018-06-15 00:00:00+08:00,32.849998474121094,32.849998474121094,30.0,30.0,24520,0.0,0.0
2018-06-19 00:00:00+08:00,30.0,30.0,30.0,30.0,2,0.0,0.0
2018-06-20 00:00:00+08:00,29.0,29.0,28.850000381469727,28.850000381469727,2359,0.0,0.0
2018-06-21 00:00:00+08:00,28.850000381469727,28.850000381469727,28.850000381469727,28.850000381469727,346,0.0,0.0
2018-06-22 00:00:00+08:00,28.850000381469727,28.850000381469727,28.850000381469727,28.850000381469727,0,0.0,0.0
2018-06-25 00:00:00+08:00,28.399999618530273,28.399999618530273,28.399999618530273,28.399999618530273,2,0.0,0.0
2018-06-26 00:00:00+08:00,28.399999618530273,28.399999618530273,28.399999618530273,28.399999618530273,0,0.0,0.0
2018-06-27 00:00:00+08:00,29.799999237060547,29.799999237060547,29.799999237060547,29.799999237060547,51,0.0,0.0
2018-06-28 00:00:00+08:00,26.850000381469727,28.950000762939453,26.850000381469727,26.850000381469727,13570,0.0,0.0
2018-06-29 00:00:00+08:00,25.850000381469727,28.899999618530273,25.850000381469727,28.899999618530273,11347,0.0,0.0
2018-07-02 00:00:00+08:00,28.899999618530273,28.899999618530273,28.899999618530273,28.899999618530273,1,0.0,0.0
2018-07-03 00:00:00+08:00,26.549999237060547,30.0,26.5,30.0,29179,0.0,0.0
2018-07-04 00:00:00+08:00,27.549999237060547,30.399999618530273,27.549999237060547,30.399999618530273,24001,0.0,0.0
2018-07-05 00:00:00+08:00,30.0,30.899999618530273,30.0,30.899999618530273,4000,0.0,0.0
2018-07-06 00:00:00+08:00,30.899999618530273,30.899999618530273,30.899999618530273,30.899999618530273,5000,0.0,0.0
2018-07-09 00:00:00+08:00,30.899999618530273,30.899999618530273,30.899999618530273,30.899999618530273,0,0.0,0.0
2018-07-10 00:00:00+08:00,28.799999237060547,30.799999237060547,27.899999618530273,30.799999237060547,6930,0.0,0.0
2018-07-11 00:00:00+08:00,28.350000381469727,30.200000762939453,28.350000381469727,28.899999618530273,25315,0.0,0.0
2018-07-12 00:00:00+08:00,30.0,30.399999618530273,30.0,30.399999618530273,4000,0.0,0.0
2018-07-13 00:00:00+08:00,29.0,31.700000762939453,29.0,30.0,4000,0.0,0.0
2018-07-16 00:00:00+08:00,31.549999237060547,32.849998474121094,30.899999618530273,32.650001525878906,7868,0.0,0.0
2018-07-17 00:00:00+08:00,30.549999237060547,32.75,30.200000762939453,32.70000076293945,31281,0.0,0.0
2018-07-18 00:00:00+08:00,30.399999618530273,32.849998474121094,30.399999618530273,32.849998474121094,23000,0.0,0.0
2018-07-19 00:00:00+08:00,30.899999618530273,32.400001525878906,30.899999618530273,32.400001525878906,12555,0.0,0.0
2018-07-20 00:00:00+08:00,31.049999237060547,31.700000762939453,31.049999237060547,31.700000762939453,2001,0.0,0.0
2018-07-23 00:00:00+08:00,30.899999618530273,31.600000381469727,30.899999618530273,30.899999618530273,5477,0.0,0.0
2018-07-24 00:00:00+08:00,29.149999618530273,30.799999237060547,29.149999618530273,30.799999237060547,7001,0.0,0.0
2018-07-25 00:00:00+08:00,30.700000762939453,30.700000762939453,30.600000381469727,30.600000381469727,6839,0.0,0.0
2018-07-26 00:00:00+08:00,30.600000381469727,31.899999618530273,30.0,31.899999618530273,4162,0.0,0.0
2018-07-27 00:00:00+08:00,30.700000762939453,31.399999618530273,30.600000381469727,31.399999618530273,5000,0.0,0.0
2018-07-30 00:00:00+08:00,29.149999618530273,31.149999618530273,29.149999618530273,31.149999618530273,6000,0.0,0.0
2018-07-31 00:00:00+08:00,31.0,31.0,31.0,31.0,2,0.0,0.0
2018-08-01 00:00:00+08:00,30.0,31.5,28.799999237060547,31.5,14000,0.0,0.0
2018-08-02 00:00:00+08:00,31.5,31.5,31.5,31.5,0,0.0,0.0
2018-08-03 00:00:00+08:00,30.0,30.0,30.0,30.0,347,0.0,0.0
2018-08-06 00:00:00+08:00,30.0,30.0,29.5,29.5,2000,0.0,0.0
2018-08-07 00:00:00+08:00,27.149999618530273,30.799999237060547,27.149999618530273,30.799999237060547,5010,0.0,0.0
2018-08-08 00:00:00+08:00,30.799999237060547,30.799999237060547,30.799999237060547,30.799999237060547,0,0.0,0.0
2018-08-09 00:00:00+08:00,30.0,30.0,30.0,30.0,1000,0.0,0.0
2018-08-10 00:00:00+08:00,30.0,30.0,30.0,30.0,355000,0.0,0.0
2018-08-13 00:00:00+08:00,30.0,30.0,30.0,30.0,2000,0.0,0.0
2018-08-14 00:00:00+08:00,30.0,30.0,30.0,30.0,0,0.0,0.0
2018-08-15 00:00:00+08:00,30.0,30.0,30.0,30.0,1,0.0,0.0
2018-08-16 00:00:00+08:00,30.0,30.0,30.0,30.0,0,0.0,0.0
2018-08-17 00:00:00+08:00,30.0,30.0,30.0,30.0,12,0.0,0.0
2018-08-20 00:00:00+08:00,29.899999618530273,29.899999618530273,29.899999618530273,29.899999618530273,686,0.0,0.0
2018-08-21 00:00:00+08:00,28.049999237060547,28.049999237060547,27.25,27.25,2000,0.0,0.0
2018-08-22 00:00:00+08:00,29.450000762939453,29.850000381469727,29.350000381469727,29.850000381469727,3000,0.0,0.0
2018-08-23 00:00:00+08:00,29.5,29.5,29.5,29.5,1016,0.0,0.0
2018-08-24 00:00:00+08:00,26.899999618530273,29.899999618530273,26.899999618530273,29.899999618530273,6000,0.0,0.0
2018-08-27 00:00:00+08:00,29.899999618530273,29.899999618530273,29.899999618530273,29.899999618530273,0,0.0,0.0
2018-08-28 00:00:00+08:00,29.799999237060547,29.799999237060547,29.799999237060547,29.799999237060547,426,0.0,0.0
2018-08-29 00:00:00+08:00,28.149999618530273,28.149999618530273,28.100000381469727,28.100000381469727,2000,0.0,0.0
2018-08-30 00:00:00+08:00,28.100000381469727,28.100000381469727,28.100000381469727,28.100000381469727,312,0.0,0.0
2018-08-31 00:00:00+08:00,27.049999237060547,28.299999237060547,27.049999237060547,28.299999237060547,2001,0.0,0.0
2018-09-03 00:00:00+08:00,28.299999237060547,28.299999237060547,28.299999237060547,28.299999237060547,347,0.0,0.0
2018-09-04 00:00:00+08:00,26.350000381469727,26.350000381469727,26.350000381469727,26.350000381469727,1090,0.0,0.0
2018-09-05 00:00:00+08:00,27.299999237060547,28.649999618530273,27.299999237060547,28.399999618530273,3000,0.0,0.0
2018-09-06 00:00:00+08:00,28.399999618530273,28.399999618530273,28.399999618530273,28.399999618530273,347,0.0,0.0
2018-09-07 00:00:00+08:00,27.049999237060547,28.799999237060547,26.350000381469727,28.799999237060547,25146,0.0,0.0
2018-09-10 00:00:00+08:00,27.0,27.5,27.0,27.5,4001,0.0,0.0
2018-09-11 00:00:00+08:00,27.5,27.5,27.5,27.5,0,0.0,0.0
2018-09-12 00:00:00+08:00,26.399999618530273,26.399999618530273,24.75,24.75,66003,0.0,0.0
2018-09-13 00:00:00+08:00,25.700000762939453,26.100000381469727,23.299999237060547,26.100000381469727,9000,0.0,0.0
2018-09-14 00:00:00+08:00,26.100000381469727,26.100000381469727,26.100000381469727,26.100000381469727,0,0.0,0.0
2018-09-17 00:00:00+08:00,24.649999618530273,26.299999237060547,24.649999618530273,26.149999618530273,4000,0.0,0.0
2018-09-18 00:00:00+08:00,25.049999237060547,25.899999618530273,25.049999237060547,25.149999618530273,3000,0.0,0.0
2018-09-19 00:00:00+08:00,25.950000762939453,26.899999618530273,25.950000762939453,26.899999618530273,3173,0.0,0.0
2018-09-20 00:00:00+08:00,26.899999618530273,28.5,26.700000762939453,26.700000762939453,4372,0.0,0.0
2018-09-21 00:00:00+08:00,26.700000762939453,26.700000762939453,26.700000762939453,26.700000762939453,586,0.0,0.0
2018-09-25 00:00:00+08:00,25.950000762939453,25.950000762939453,25.950000762939453,25.950000762939453,1000,0.0,0.0
2018-09-26 00:00:00+08:00,25.950000762939453,25.950000762939453,25.950000762939453,25.950000762939453,0,0.0,0.0
2018-09-27 00:00:00+08:00,25.950000762939453,25.950000762939453,25.950000762939453,25.950000762939453,1000,0.0,0.0
2018-09-28 00:00:00+08:00,25.200000762939453,25.200000762939453,25.0,25.0,8010,0.0,0.0
2018-10-01 00:00:00+08:00,24.299999237060547,24.299999237060547,24.299999237060547,24.299999237060547,1000,0.0,0.0
2018-10-02 00:00:00+08:00,24.299999237060547,24.299999237060547,24.299999237060547,24.299999237060547,0,0.0,0.0
2018-10-03 00:00:00+08:00,24.299999237060547,24.299999237060547,24.299999237060547,24.299999237060547,2,0.0,0.0
2018-10-04 00:00:00+08:00,24.700000762939453,24.700000762939453,24.700000762939453,24.700000762939453,2418,0.0,0.0
2018-10-05 00:00:00+08:00,24.0,24.0,23.200000762939453,23.200000762939453,2000,0.0,0.0
2018-10-08 00:00:00+08:00,22.649999618530273,22.649999618530273,22.5,22.5,3007,0.0,0.0
2018-10-09 00:00:00+08:00,21.549999237060547,21.549999237060547,21.549999237060547,21.549999237060547,1000,0.0,0.0
2018-10-11 00:00:00+08:00,21.5,21.5,21.5,21.5,97,0.0,0.0
2018-10-12 00:00:00+08:00,21.5,21.5,21.5,21.5,0,0.0,0.0
2018-10-15 00:00:00+08:00,21.5,21.5,21.5,21.5,2,0.0,0.0
2018-10-16 00:00:00+08:00,21.5,21.5,21.5,21.5,86,0.0,0.0
2018-10-17 00:00:00+08:00,21.5,21.5,21.5,21.5,0,0.0,0.0
2018-10-18 00:00:00+08:00,21.5,21.5,21.5,21.5,5,0.0,0.0
2018-10-19 00:00:00+08:00,20.0,22.299999237060547,20.0,22.299999237060547,3287,0.0,0.0
2018-10-22 00:00:00+08:00,20.25,20.299999237060547,20.100000381469727,20.100000381469727,5115,0.0,0.0
2018-10-23 00:00:00+08:00,20.100000381469727,20.100000381469727,20.100000381469727,20.100000381469727,5,0.0,0.0
2018-10-24 00:00:00+08:00,20.100000381469727,20.100000381469727,20.100000381469727,20.100000381469727,5,0.0,0.0
2018-10-25 00:00:00+08:00,20.100000381469727,20.100000381469727,20.100000381469727,20.100000381469727,0,0.0,0.0
2018-10-26 00:00:00+08:00,20.100000381469727,20.100000381469727,20.100000381469727,20.100000381469727,0,0.0,0.0
2018-10-29 00:00:00+08:00,20.100000381469727,20.100000381469727,20.100000381469727,20.100000381469727,0,0.0,0.0
2018-10-30 00:00:00+08:00,20.0,20.0,20.0,20.0,656,0.0,0.0
2018-10-31 00:00:00+08:00,20.0,20.0,20.0,20.0,0,0.0,0.0
2018-11-01 00:00:00+08:00,19.899999618530273,19.899999618530273,19.899999618530273,19.899999618530273,400,0.0,0.0
2018-11-02 00:00:00+08:00,18.350000381469727,19.75,18.200000762939453,18.200000762939453,10006,0.0,0.0
2018-11-05 00:00:00+08:00,18.200000762939453,18.200000762939453,18.200000762939453,18.200000762939453,1,0.0,0.0
2018-11-06 00:00:00+08:00,18.200000762939453,18.200000762939453,18.200000762939453,18.200000762939453,0,0.0,0.0
2018-11-07 00:00:00+08:00,18.200000762939453,18.200000762939453,18.200000762939453,18.200000762939453,0,0.0,0.0
2018-11-08 00:00:00+08:00,18.200000762939453,18.200000762939453,18.200000762939453,18.200000762939453,325,0.0,0.0
2018-11-09 00:00:00+08:00,18.200000762939453,18.200000762939453,18.200000762939453,18.200000762939453,25,0.0,0.0
2018-11-12 00:00:00+08:00,18.200000762939453,18.200000762939453,18.200000762939453,18.200000762939453,0,0.0,0.0
2018-11-13 00:00:00+08:00,18.200000762939453,18.200000762939453,18.200000762939453,18.200000762939453,0,0.0,0.0
2018-11-14 00:00:00+08:00,18.200000762939453,18.200000762939453,18.200000762939453,18.200000762939453,0,0.0,0.0
2018-11-15 00:00:00+08:00,18.200000762939453,18.200000762939453,18.200000762939453,18.200000762939453,0,0.0,0.0
2018-11-16 00:00:00+08:00,18.200000762939453,18.200000762939453,18.200000762939453,18.200000762939453,0,0.0,0.0
2018-11-19 00:00:00+08:00,18.200000762939453,18.200000762939453,18.200000762939453,18.200000762939453,0,0.0,0.0
2018-11-20 00:00:00+08:00,18.200000762939453,18.200000762939453,18.200000762939453,18.200000762939453,0,0.0,0.0
2018-11-21 00:00:00+08:00,18.200000762939453,18.200000762939453,18.200000762939453,18.200000762939453,0,0.0,0.0
2018-11-22 00:00:00+08:00,18.200000762939453,18.200000762939453,18.200000762939453,18.200000762939453,0,0.0,0.0
2018-11-23 00:00:00+08:00,16.450000762939453,16.700000762939453,16.299999237060547,16.299999237060547,14014,0.0,0.0
2018-11-26 00:00:00+08:00,16.299999237060547,16.299999237060547,16.299999237060547,16.299999237060547,20,0.0,0.0
2018-11-27 00:00:00+08:00,14.800000190734863,14.800000190734863,14.699999809265137,14.699999809265137,5010,0.0,0.0
2018-11-28 00:00:00+08:00,15.0,15.0,14.949999809265137,15.0,3013,0.0,0.0
2018-11-29 00:00:00+08:00,14.949999809265137,14.949999809265137,14.949999809265137,14.949999809265137,32,0.0,0.0
2018-11-30 00:00:00+08:00,14.949999809265137,14.949999809265137,14.949999809265137,14.949999809265137,0,0.0,0.0
2018-12-03 00:00:00+08:00,14.949999809265137,14.949999809265137,14.949999809265137,14.949999809265137,9,0.0,0.0
2018-12-04 00:00:00+08:00,13.5,14.0,13.5,13.649999618530273,14000,0.0,0.0
2018-12-05 00:00:00+08:00,13.949999809265137,14.050000190734863,13.949999809265137,14.050000190734863,3000,0.0,0.0
2018-12-06 00:00:00+08:00,14.0,15.0,14.0,15.0,2000,0.0,0.0
2018-12-07 00:00:00+08:00,15.0,15.300000190734863,15.0,15.300000190734863,4173,0.0,0.0
2018-12-10 00:00:00+08:00,14.850000381469727,14.850000381469727,14.850000381469727,14.850000381469727,1624,0.0,0.0
2018-12-11 00:00:00+08:00,15.0,15.949999809265137,15.0,15.949999809265137,6000,0.0,0.0
2018-12-12 00:00:00+08:00,15.949999809265137,16.100000381469727,15.949999809265137,16.100000381469727,3000,0.0,0.0
2018-12-13 00:00:00+08:00,16.100000381469727,16.100000381469727,16.100000381469727,16.100000381469727,149,0.0,0.0
2018-12-14 00:00:00+08:00,16.100000381469727,16.100000381469727,16.100000381469727,16.100000381469727,0,0.0,0.0
2018-12-17 00:00:00+08:00,16.100000381469727,16.100000381469727,16.100000381469727,16.100000381469727,11,0.0,0.0
2018-12-18 00:00:00+08:00,16.100000381469727,16.100000381469727,16.100000381469727,16.100000381469727,0,0.0,0.0
2018-12-19 00:00:00+08:00,16.100000381469727,16.100000381469727,16.100000381469727,16.100000381469727,1067,0.0,0.0
2018-12-20 00:00:00+08:00,16.100000381469727,17.600000381469727,16.100000381469727,17.600000381469727,4000,0.0,0.0
2018-12-21 00:00:00+08:00,17.600000381469727,17.600000381469727,17.600000381469727,17.600000381469727,7000,0.0,0.0
2018-12-24 00:00:00+08:00,17.299999237060547,18.200000762939453,17.299999237060547,17.799999237060547,3000,0.0,0.0
2018-12-25 00:00:00+08:00,19.5,19.5,18.200000762939453,18.200000762939453,4260,0.0,0.0
2018-12-26 00:00:00+08:00,18.200000762939453,18.700000762939453,18.200000762939453,18.700000762939453,6016,0.0,0.0
2018-12-27 00:00:00+08:00,19.450000762939453,19.450000762939453,18.799999237060547,18.799999237060547,4000,0.0,0.0
2018-12-28 00:00:00+08:00,18.799999237060547,18.799999237060547,18.799999237060547,18.799999237060547,0,0.0,0.0
2019-01-02 00:00:00+08:00,18.25,18.25,17.0,17.0,7003,0.0,0.0
2019-01-03 00:00:00+08:00,16.950000762939453,16.950000762939453,16.299999237060547,16.299999237060547,2000,0.0,0.0
2019-01-04 00:00:00+08:00,16.0,16.0,16.0,16.0,1000,0.0,0.0
2019-01-07 00:00:00+08:00,17.399999618530273,17.399999618530273,17.399999618530273,17.399999618530273,2020,0.0,0.0
2019-01-08 00:00:00+08:00,16.5,16.5,16.5,16.5,1018,0.0,0.0
2019-01-09 00:00:00+08:00,16.049999237060547,16.049999237060547,16.049999237060547,16.049999237060547,1000,0.0,0.0
2019-01-10 00:00:00+08:00,17.100000381469727,17.100000381469727,17.100000381469727,17.100000381469727,1592,0.0,0.0
2019-01-11 00:00:00+08:00,17.049999237060547,17.049999237060547,17.049999237060547,17.049999237060547,1,0.0,0.0
2019-01-14 00:00:00+08:00,17.049999237060547,17.049999237060547,17.049999237060547,17.049999237060547,1,0.0,0.0
2019-01-15 00:00:00+08:00,17.049999237060547,17.049999237060547,17.049999237060547,17.049999237060547,1000,0.0,0.0
2019-01-16 00:00:00+08:00,17.049999237060547,17.049999237060547,17.049999237060547,17.049999237060547,2,0.0,0.0
2019-01-17 00:00:00+08:00,17.0,17.0,17.0,17.0,1,0.0,0.0
2019-01-18 00:00:00+08:00,17.0,17.049999237060547,16.350000381469727,16.350000381469727,4022,0.0,0.0
2019-01-21 00:00:00+08:00,15.75,15.75,15.75,15.75,1008,0.0,0.0
2019-01-22 00:00:00+08:00,17.200000762939453,17.200000762939453,17.200000762939453,17.200000762939453,1015,0.0,0.0
2019-01-23 00:00:00+08:00,17.149999618530273,17.149999618530273,17.149999618530273,17.149999618530273,3,0.0,0.0
2019-01-24 00:00:00+08:00,16.5,16.950000762939453,16.5,16.950000762939453,3202,0.0,0.0
2019-01-25 00:00:00+08:00,16.950000762939453,16.950000762939453,16.950000762939453,16.950000762939453,3002,0.0,0.0
2019-01-28 00:00:00+08:00,16.950000762939453,16.950000762939453,16.950000762939453,16.950000762939453,2,0.0,0.0
2019-01-29 00:00:00+08:00,16.950000762939453,16.950000762939453,16.950000762939453,16.950000762939453,4,0.0,0.0
2019-01-30 00:00:00+08:00,16.950000762939453,16.950000762939453,16.950000762939453,16.950000762939453,3,0.0,0.0
2019-02-11 00:00:00+08:00,16.950000762939453,16.950000762939453,16.950000762939453,16.950000762939453,0,0.0,0.0
2019-02-12 00:00:00+08:00,17.600000381469727,17.600000381469727,16.950000762939453,16.950000762939453,3087,0.0,0.0
2019-02-13 00:00:00+08:00,17.899999618530273,18.450000762939453,17.899999618530273,18.450000762939453,3830,0.0,0.0
2019-02-14 00:00:00+08:00,17.549999237060547,18.0,17.549999237060547,18.0,4001,0.0,0.0
2019-02-15 00:00:00+08:00,18.0,18.0,18.0,18.0,7,0.0,0.0
2019-02-18 00:00:00+08:00,18.0,18.0,18.0,18.0,240,0.0,0.0
2019-02-19 00:00:00+08:00,18.0,18.0,18.0,18.0,696,0.0,0.0
2019-02-20 00:00:00+08:00,18.149999618530273,18.299999237060547,18.149999618530273,18.299999237060547,2008,0.0,0.0
2019-02-21 00:00:00+08:00,18.299999237060547,18.299999237060547,18.299999237060547,18.299999237060547,8,0.0,0.0
2019-02-22 00:00:00+08:00,19.799999237060547,19.799999237060547,18.25,18.25,3329,0.0,0.0
2019-02-25 00:00:00+08:00,17.700000762939453,18.200000762939453,17.600000381469727,18.200000762939453,4021,0.0,0.0
2019-02-26 00:00:00+08:00,18.200000762939453,18.200000762939453,18.200000762939453,18.200000762939453,403,0.0,0.0
2019-02-27 00:00:00+08:00,18.200000762939453,18.200000762939453,18.200000762939453,18.200000762939453,1,0.0,0.0
2019-03-04 00:00:00+08:00,18.200000762939453,18.200000762939453,18.200000762939453,18.200000762939453,33,0.0,0.0
2019-03-05 00:00:00+08:00,18.200000762939453,18.200000762939453,18.200000762939453,18.200000762939453,1,0.0,0.0
2019-03-06 00:00:00+08:00,17.75,17.75,17.5,17.5,4537,0.0,0.0
2019-03-07 00:00:00+08:00,17.549999237060547,17.549999237060547,17.5,17.5,3656,0.0,0.0
2019-03-08 00:00:00+08:00,17.5,17.5,17.5,17.5,0,0.0,0.0
2019-03-11 00:00:00+08:00,17.5,17.5,17.5,17.5,8,0.0,0.0
2019-03-12 00:00:00+08:00,17.450000762939453,18.100000381469727,17.450000762939453,18.100000381469727,3216,0.0,0.0
2019-03-13 00:00:00+08:00,17.950000762939453,17.950000762939453,17.950000762939453,17.950000762939453,5149,0.0,0.0
2019-03-14 00:00:00+08:00,17.950000762939453,17.950000762939453,17.950000762939453,17.950000762939453,173,0.0,0.0
2019-03-15 00:00:00+08:00,18.299999237060547,18.299999237060547,18.25,18.25,8017,0.0,0.0
2019-03-18 00:00:00+08:00,18.299999237060547,18.75,18.299999237060547,18.649999618530273,9756,0.0,0.0
2019-03-19 00:00:00+08:00,18.649999618530273,20.5,18.649999618530273,20.5,26766,0.0,0.0
2019-03-20 00:00:00+08:00,22.549999237060547,22.549999237060547,22.549999237060547,22.549999237060547,86075,0.0,0.0
2019-03-21 00:00:00+08:00,22.549999237060547,24.799999237060547,22.5,24.799999237060547,80849,0.0,0.0
2019-03-22 00:00:00+08:00,27.0,27.0,24.200000762939453,24.200000762939453,69631,0.0,0.0
2019-03-25 00:00:00+08:00,22.649999618530273,24.75,22.649999618530273,23.25,24016,0.0,0.0
2019-03-26 00:00:00+08:00,23.299999237060547,24.549999237060547,23.299999237060547,24.549999237060547,13959,0.0,0.0
2019-03-27 00:00:00+08:00,24.549999237060547,24.549999237060547,23.100000381469727,23.100000381469727,24043,0.0,0.0
2019-03-28 00:00:00+08:00,23.100000381469727,23.700000762939453,22.100000381469727,22.75,20378,0.0,0.0
2019-03-29 00:00:00+08:00,22.200000762939453,22.399999618530273,21.399999618530273,21.600000381469727,27784,0.0,0.0
2019-04-01 00:00:00+08:00,22.0,22.850000381469727,22.0,22.799999237060547,13418,0.0,0.0
2019-04-02 00:00:00+08:00,22.799999237060547,25.049999237060547,22.799999237060547,24.399999618530273,48390,0.0,0.0
2019-04-03 00:00:00+08:00,23.950000762939453,24.799999237060547,23.950000762939453,24.799999237060547,10521,0.0,0.0
2019-04-08 00:00:00+08:00,25.399999618530273,26.0,24.799999237060547,25.899999618530273,43403,0.0,0.0
2019-04-09 00:00:00+08:00,26.450000762939453,26.899999618530273,25.0,25.0,12299,0.0,0.0
2019-04-10 00:00:00+08:00,25.399999618530273,25.799999237060547,25.399999618530273,25.600000381469727,3404,0.0,0.0
2019-04-11 00:00:00+08:00,27.5,27.5,25.200000762939453,25.200000762939453,33000,0.0,0.0
2019-04-12 00:00:00+08:00,25.700000762939453,25.700000762939453,24.700000762939453,24.700000762939453,3000,0.0,0.0
2019-04-15 00:00:00+08:00,24.700000762939453,24.700000762939453,24.149999618530273,24.149999618530273,3347,0.0,0.0
2019-04-16 00:00:00+08:00,23.200000762939453,24.700000762939453,22.899999618530273,23.649999618530273,14345,0.0,0.0
2019-04-17 00:00:00+08:00,23.649999618530273,23.649999618530273,22.200000762939453,23.299999237060547,17869,0.0,0.0
2019-04-18 00:00:00+08:00,23.299999237060547,23.299999237060547,23.299999237060547,23.299999237060547,1000,0.0,0.0
2019-04-19 00:00:00+08:00,23.0,23.0,23.0,23.0,1000,0.0,0.0
2019-04-22 00:00:00+08:00,24.799999237060547,24.799999237060547,24.5,24.5,17001,0.0,0.0
2019-04-23 00:00:00+08:00,24.0,24.899999618530273,23.549999237060547,24.299999237060547,24465,0.0,0.0
2019-04-24 00:00:00+08:00,23.0,23.200000762939453,22.700000762939453,23.200000762939453,7633,0.0,0.0
2019-04-25 00:00:00+08:00,23.200000762939453,23.200000762939453,22.700000762939453,22.700000762939453,11000,0.0,0.0
2019-04-26 00:00:00+08:00,22.700000762939453,23.299999237060547,22.700000762939453,23.299999237060547,2000,0.0,0.0
2019-04-29 00:00:00+08:00,23.200000762939453,23.200000762939453,22.799999237060547,22.799999237060547,6000,0.0,0.0
2019-04-30 00:00:00+08:00,22.100000381469727,22.799999237060547,22.100000381469727,22.5,9000,0.0,0.0
2019-05-02 00:00:00+08:00,22.5,22.5,22.399999618530273,22.399999618530273,4199,0.0,0.0
2019-05-03 00:00:00+08:00,22.25,22.25,22.100000381469727,22.100000381469727,11418,0.0,0.0
2019-05-06 00:00:00+08:00,22.100000381469727,22.100000381469727,22.100000381469727,22.100000381469727,0,0.0,0.0
2019-05-07 00:00:00+08:00,21.100000381469727,22.049999237060547,21.100000381469727,22.049999237060547,17313,0.0,0.0
2019-05-08 00:00:00+08:00,20.700000762939453,20.700000762939453,20.700000762939453,20.700000762939453,1000,0.0,0.0
2019-05-09 00:00:00+08:00,20.700000762939453,20.700000762939453,20.700000762939453,20.700000762939453,2000,0.0,0.0
2019-05-10 00:00:00+08:00,20.5,21.450000762939453,20.5,21.450000762939453,4729,0.0,0.0
2019-05-13 00:00:00+08:00,21.450000762939453,22.5,21.450000762939453,21.899999618530273,9730,0.0,0.0
2019-05-14 00:00:00+08:00,20.75,21.299999237060547,20.75,21.299999237060547,3000,0.0,0.0
2019-05-15 00:00:00+08:00,20.549999237060547,21.0,20.549999237060547,21.0,6100,0.0,0.0
2019-05-16 00:00:00+08:00,20.549999237060547,20.549999237060547,20.549999237060547,20.549999237060547,1347,0.0,0.0
2019-05-17 00:00:00+08:00,20.600000381469727,21.0,20.549999237060547,21.0,7001,0.0,0.0
2019-05-20 00:00:00+08:00,22.0,22.0,22.0,22.0,1529,0.0,0.0
2019-05-21 00:00:00+08:00,21.950000762939453,21.950000762939453,20.649999618530273,20.649999618530273,3011,0.0,0.0
2019-05-22 00:00:00+08:00,20.799999237060547,20.950000762939453,20.799999237060547,20.950000762939453,2015,0.0,0.0
2019-05-23 00:00:00+08:00,20.899999618530273,20.899999618530273,20.899999618530273,20.899999618530273,18,0.0,0.0
2019-05-24 00:00:00+08:00,20.049999237060547,20.049999237060547,20.0,20.0,3383,0.0,0.0
2019-05-27 00:00:00+08:00,20.0,20.0,20.0,20.0,1000,0.0,0.0
2019-05-28 00:00:00+08:00,20.0,20.0,20.0,20.0,17,0.0,0.0
2019-05-29 00:00:00+08:00,20.0,20.0,20.0,20.0,0,0.0,0.0
2019-05-30 00:00:00+08:00,20.0,20.0,20.0,20.0,173,0.0,0.0
2019-05-31 00:00:00+08:00,20.799999237060547,20.799999237060547,20.799999237060547,20.799999237060547,1000,0.0,0.0
2019-06-03 00:00:00+08:00,20.799999237060547,20.799999237060547,20.799999237060547,20.799999237060547,0,0.0,0.0
2019-06-04 00:00:00+08:00,20.799999237060547,20.799999237060547,20.799999237060547,20.799999237060547,1,0.0,0.0
2019-06-05 00:00:00+08:00,20.25,20.25,19.950000762939453,19.950000762939453,10385,0.0,0.0
2019-06-06 00:00:00+08:00,21.299999237060547,21.299999237060547,21.299999237060547,21.299999237060547,1013,0.0,0.0
2019-06-10 00:00:00+08:00,20.5,20.5,20.5,20.5,2352,0.0,0.0
2019-06-11 00:00:00+08:00,22.299999237060547,22.299999237060547,19.5,19.649999618530273,7128,0.0,0.0
2019-06-12 00:00:00+08:00,19.649999618530273,19.649999618530273,19.450000762939453,19.450000762939453,3000,0.0,0.0
2019-06-13 00:00:00+08:00,21.200000762939453,21.200000762939453,20.450000762939453,20.450000762939453,3006,0.0,0.0
2019-06-14 00:00:00+08:00,20.399999618530273,20.399999618530273,20.399999618530273,20.399999618530273,14,0.0,0.0
2019-06-17 00:00:00+08:00,19.350000381469727,19.350000381469727,19.149999618530273,19.149999618530273,2018,0.0,0.0
2019-06-18 00:00:00+08:00,18.549999237060547,18.549999237060547,18.5,18.5,10000,0.0,0.0
2019-06-19 00:00:00+08:00,18.5,18.5,18.5,18.5,0,0.0,0.0
2019-06-20 00:00:00+08:00,18.5,18.5,18.5,18.5,0,0.0,0.0
2019-06-21 00:00:00+08:00,19.049999237060547,19.049999237060547,19.049999237060547,19.049999237060547,1001,0.0,0.0
2019-06-24 00:00:00+08:00,19.0,19.5,19.0,19.5,6000,0.0,0.0
2019-06-25 00:00:00+08:00,20.0,20.0,19.899999618530273,19.899999618530273,3000,0.0,0.0
2019-06-26 00:00:00+08:00,20.600000381469727,20.600000381469727,19.5,20.549999237060547,7013,0.0,0.0
2019-06-27 00:00:00+08:00,20.25,20.25,19.850000381469727,19.899999618530273,14018,0.0,0.0
2019-06-28 00:00:00+08:00,19.899999618530273,19.899999618530273,19.799999237060547,19.799999237060547,10000,0.0,0.0
2019-07-01 00:00:00+08:00,20.700000762939453,20.700000762939453,20.200000762939453,20.549999237060547,28220,0.0,0.0
2019-07-02 00:00:00+08:00,20.5,21.0,20.5,20.5,26656,0.0,0.0
2019-07-03 00:00:00+08:00,20.5,22.450000762939453,20.5,21.399999618530273,79000,0.0,0.0
2019-07-04 00:00:00+08:00,21.450000762939453,22.25,21.450000762939453,22.0,9000,0.0,0.0
2019-07-05 00:00:00+08:00,23.5,23.5,22.200000762939453,22.950000762939453,12000,0.0,0.0
2019-07-08 00:00:00+08:00,23.399999618530273,24.200000762939453,23.399999618530273,23.649999618530273,21000,0.0,0.0
2019-07-09 00:00:00+08:00,25.25,25.25,24.399999618530273,24.450000762939453,31000,0.0,0.0
2019-07-10 00:00:00+08:00,24.899999618530273,25.450000762939453,24.899999618530273,25.450000762939453,14000,0.0,0.0
2019-07-11 00:00:00+08:00,27.200000762939453,27.200000762939453,25.450000762939453,25.549999237060547,27000,0.0,0.0
2019-07-12 00:00:00+08:00,25.5,26.600000381469727,25.450000762939453,25.899999618530273,11007,0.0,0.0
2019-07-15 00:00:00+08:00,25.200000762939453,25.899999618530273,25.200000762939453,25.899999618530273,6745,0.0,0.0
2019-07-16 00:00:00+08:00,26.399999618530273,26.399999618530273,25.200000762939453,25.200000762939453,7000,0.0,0.0
2019-07-17 00:00:00+08:00,26.799999237060547,26.799999237060547,26.0,26.0,18956,0.0,0.0
2019-07-18 00:00:00+08:00,25.200000762939453,27.25,25.200000762939453,25.350000381469727,10000,0.0,0.0
2019-07-19 00:00:00+08:00,26.399999618530273,26.399999618530273,25.399999618530273,26.049999237060547,26581,0.0,0.0
2019-07-22 00:00:00+08:00,25.549999237060547,26.399999618530273,25.450000762939453,26.0,22262,0.0,0.0
2019-07-23 00:00:00+08:00,26.75,26.799999237060547,25.549999237060547,25.649999618530273,600200,0.0,0.0
2019-07-24 00:00:00+08:00,25.649999618530273,26.299999237060547,25.649999618530273,26.200000762939453,6173,0.0,0.0
2019-07-25 00:00:00+08:00,26.200000762939453,26.200000762939453,26.200000762939453,26.200000762939453,0,0.0,0.0
2019-07-26 00:00:00+08:00,26.049999237060547,26.049999237060547,26.049999237060547,26.049999237060547,2000,0.0,0.0
2019-07-29 00:00:00+08:00,24.799999237060547,25.049999237060547,24.5,25.0,29000,0.0,0.0
2019-07-30 00:00:00+08:00,25.0,25.0,24.899999618530273,24.899999618530273,13000,0.0,0.0
2019-07-31 00:00:00+08:00,25.799999237060547,25.799999237060547,25.450000762939453,25.649999618530273,7001,0.0,0.0
2019-08-01 00:00:00+08:00,26.950000762939453,26.950000762939453,24.899999618530273,25.0,58387,0.0,0.0
2019-08-02 00:00:00+08:00,25.0,25.0,24.549999237060547,24.549999237060547,38000,0.0,0.0
2019-08-05 00:00:00+08:00,24.5,24.5,24.450000762939453,24.5,23001,0.0,0.0
2019-08-06 00:00:00+08:00,24.200000762939453,24.200000762939453,24.0,24.0,13001,0.0,0.0
2019-08-07 00:00:00+08:00,24.0,24.0,23.799999237060547,23.799999237060547,33000,0.0,0.0
2019-08-08 00:00:00+08:00,24.75,24.75,24.75,24.75,1001,0.0,0.0
2019-08-12 00:00:00+08:00,24.049999237060547,24.049999237060547,22.399999618530273,22.600000381469727,39007,0.0,0.0
2019-08-13 00:00:00+08:00,22.600000381469727,22.600000381469727,22.5,22.5,6000,0.0,0.0
2019-08-14 00:00:00+08:00,22.5,22.5,22.5,22.5,10000,0.0,0.0
2019-08-15 00:00:00+08:00,22.399999618530273,22.450000762939453,22.399999618530273,22.450000762939453,5347,0.0,0.0
2019-08-16 00:00:00+08:00,22.850000381469727,23.950000762939453,22.850000381469727,23.950000762939453,9869,0.0,0.0
2019-08-19 00:00:00+08:00,23.600000381469727,24.600000381469727,23.600000381469727,24.200000762939453,17001,0.0,0.0
2019-08-20 00:00:00+08:00,23.600000381469727,23.600000381469727,23.600000381469727,23.600000381469727,3446,0.0,0.0
2019-08-21 00:00:00+08:00,24.950000762939453,24.950000762939453,24.200000762939453,24.200000762939453,2006,0.0,0.0
2019-08-22 00:00:00+08:00,24.899999618530273,24.899999618530273,24.5,24.5,8000,0.0,0.0
2019-08-23 00:00:00+08:00,24.5,24.5,24.0,24.0,19000,0.0,0.0
2019-08-26 00:00:00+08:00,24.450000762939453,24.450000762939453,24.0,24.0,29219,0.0,0.0
2019-08-27 00:00:00+08:00,24.950000762939453,24.950000762939453,24.950000762939453,24.950000762939453,2173,0.0,0.0
2019-08-28 00:00:00+08:00,26.0,26.0,24.950000762939453,24.950000762939453,19449,0.0,0.0
2019-08-29 00:00:00+08:00,25.0,25.5,24.799999237060547,24.799999237060547,40287,0.0,0.0
2019-08-30 00:00:00+08:00,24.799999237060547,24.799999237060547,24.399999618530273,24.600000381469727,19216,0.0,0.0
2019-09-02 00:00:00+08:00,24.799999237060547,26.350000381469727,24.799999237060547,25.600000381469727,87172,0.0,0.0
2019-09-03 00:00:00+08:00,26.899999618530273,27.5,26.5,26.5,81999,0.0,0.0
2019-09-04 00:00:00+08:00,26.899999618530273,27.5,26.75,26.75,36528,0.0,0.0
2019-09-05 00:00:00+08:00,26.75,27.600000381469727,26.75,27.5,39301,0.0,0.0
2019-09-06 00:00:00+08:00,28.0,28.149999618530273,26.0,26.0,54003,0.0,0.0
2019-09-10 00:00:00+08:00,27.0,28.049999237060547,24.5,24.5,406171,0.0,0.0
2019-09-11 00:00:00+08:00,24.399999618530273,26.700000762939453,23.799999237060547,24.600000381469727,329654,0.0,0.0
2019-09-12 00:00:00+08:00,25.399999618530273,27.049999237060547,25.399999618530273,27.049999237060547,110916,0.0,0.0
2019-09-16 00:00:00+08:00,29.75,29.75,29.75,29.75,55965,0.0,0.0
2019-09-17 00:00:00+08:00,32.70000076293945,32.70000076293945,32.70000076293945,32.70000076293945,9347,0.0,0.0
2019-09-18 00:00:00+08:00,35.95000076293945,35.95000076293945,35.95000076293945,35.95000076293945,41878,0.0,0.0
2019-09-19 00:00:00+08:00,39.5,39.5,39.5,39.5,750575,0.0,0.0
2019-09-20 00:00:00+08:00,43.45000076293945,43.45000076293945,43.20000076293945,43.45000076293945,444241,0.0,0.0
2019-09-23 00:00:00+08:00,47.5,47.75,47.400001525878906,47.75,216955,0.0,0.0
2019-09-24 00:00:00+08:00,52.5,52.5,52.0,52.5,354309,0.0,0.0
2019-09-25 00:00:00+08:00,57.70000076293945,57.70000076293945,57.70000076293945,57.70000076293945,177890,0.0,0.0
2019-09-26 00:00:00+08:00,55.0,57.0,52.0,53.5,223736,0.0,0.0
2019-09-27 00:00:00+08:00,58.79999923706055,58.79999923706055,58.79999923706055,58.79999923706055,109078,0.0,0.0
2019-10-01 00:00:00+08:00,64.5999984741211,64.5999984741211,64.5999984741211,64.5999984741211,114079,0.0,0.0
2019-10-02 00:00:00+08:00,71.0,71.0,65.0,65.0,158332,0.0,0.0
2019-10-03 00:00:00+08:00,60.0,68.0,60.0,68.0,21751,0.0,0.0
2019-10-04 00:00:00+08:00,68.0,68.0,61.20000076293945,61.20000076293945,20133,0.0,0.0
2019-10-07 00:00:00+08:00,56.29999923706055,56.29999923706055,55.099998474121094,55.099998474121094,37001,0.0,0.0
2019-10-08 00:00:00+08:00,50.29999923706055,55.099998474121094,50.29999923706055,52.900001525878906,60827,0.0,0.0
2019-10-09 00:00:00+08:00,50.0,51.099998474121094,50.0,51.0,36069,0.0,0.0
2019-10-14 00:00:00+08:00,45.900001525878906,45.900001525878906,45.900001525878906,45.900001525878906,23001,0.0,0.0
2019-10-15 00:00:00+08:00,41.349998474121094,41.400001525878906,41.349998474121094,41.349998474121094,57228,0.0,0.0
2019-10-16 00:00:00+08:00,44.599998474121094,44.599998474121094,41.349998474121094,41.349998474121094,15001,0.0,0.0
2019-10-17 00:00:00+08:00,43.79999923706055,43.79999923706055,41.349998474121094,41.349998474121094,24000,0.0,0.0
2019-10-18 00:00:00+08:00,42.95000076293945,42.95000076293945,41.54999923706055,41.54999923706055,13000,0.0,0.0
2019-10-21 00:00:00+08:00,44.25,45.0,44.20000076293945,45.0,22000,0.0,0.0
2019-10-22 00:00:00+08:00,49.5,49.5,49.5,49.5,16703,0.0,0.0
2019-10-23 00:00:00+08:00,54.400001525878906,54.400001525878906,54.400001525878906,54.400001525878906,48397,0.0,0.0
2019-10-24 00:00:00+08:00,59.79999923706055,59.79999923706055,51.0,54.0,37709,0.0,0.0
2019-10-25 00:00:00+08:00,50.20000076293945,53.900001525878906,50.20000076293945,50.5,19021,0.0,0.0
2019-10-28 00:00:00+08:00,51.5,55.5,51.5,55.5,42010,0.0,0.0
2019-10-29 00:00:00+08:00,55.5,55.5,55.5,55.5,12081,0.0,0.0
2019-10-30 00:00:00+08:00,57.0,57.0,55.0,56.0,13312,0.0,0.0
2019-10-31 00:00:00+08:00,56.099998474121094,56.599998474121094,56.099998474121094,56.5,11429,0.0,0.0
2019-11-01 00:00:00+08:00,59.900001525878906,62.099998474121094,59.70000076293945,61.5,41684,0.0,0.0
2019-11-04 00:00:00+08:00,64.0,67.5999984741211,64.0,67.5999984741211,59000,0.0,0.0
2019-11-05 00:00:00+08:00,72.80000305175781,72.80000305175781,63.0,66.5,25000,0.0,0.0
2019-11-06 00:00:00+08:00,67.5,67.5,66.5,66.5,19000,0.0,0.0
2019-11-07 00:00:00+08:00,66.5,67.9000015258789,66.5,67.9000015258789,18000,0.0,0.0
2019-11-08 00:00:00+08:00,66.5,67.9000015258789,66.5,67.9000015258789,18000,0.0,0.0
2019-11-11 00:00:00+08:00,71.5,71.5,67.0,67.0,11000,0.0,0.0
2019-11-12 00:00:00+08:00,71.5,71.5,67.0,67.0,11000,0.0,0.0
2019-11-13 00:00:00+08:00,67.0,67.0999984741211,67.0,67.0,11000,0.0,0.0
2019-11-14 00:00:00+08:00,72.0,72.0,68.0,71.0,21000,0.0,0.0
2019-11-15 00:00:00+08:00,70.0,70.0,69.0,69.0,4002,0.0,0.0
2019-11-18 00:00:00+08:00,65.0,65.0,62.5,64.0,10879,0.0,0.0
2019-11-19 00:00:00+08:00,64.0,64.0,64.0,64.0,0,0.0,0.0
2019-11-20 00:00:00+08:00,60.5,60.5,59.099998474121094,59.099998474121094,8000,0.0,0.0
2019-11-21 00:00:00+08:00,60.0,60.0,60.0,60.0,1000,0.0,0.0
2019-11-22 00:00:00+08:00,60.0,60.0,60.0,60.0,2130,0.0,0.0
2019-11-25 00:00:00+08:00,66.0,66.0,64.0,66.0,18000,0.0,0.0
2019-11-26 00:00:00+08:00,66.0,66.0,65.0,65.0,18000,0.0,0.0
2019-11-27 00:00:00+08:00,66.0,66.0,66.0,66.0,2000,0.0,0.0
2019-11-28 00:00:00+08:00,66.0,66.0,66.0,66.0,2000,0.0,0.0
2019-11-29 00:00:00+08:00,68.0,68.0,66.0,66.0999984741211,16000,0.0,0.0
2019-12-02 00:00:00+08:00,66.5999984741211,66.80000305175781,66.5999984741211,66.5999984741211,8000,0.0,0.0
2019-12-03 00:00:00+08:00,66.0,66.0,66.0,66.0,4000,0.0,0.0
2019-12-04 00:00:00+08:00,64.0,64.0,64.0,64.0,5000,0.0,0.0
2019-12-05 00:00:00+08:00,60.0,66.80000305175781,60.0,66.0,35000,0.0,0.0
2019-12-06 00:00:00+08:00,60.0,66.80000305175781,60.0,66.0,35805,0.0,0.0
2019-12-09 00:00:00+08:00,66.0,67.5,66.0,66.0,12000,0.0,0.0
2019-12-10 00:00:00+08:00,64.5,64.5,64.5,64.5,1000,0.0,0.0
2019-12-11 00:00:00+08:00,64.5,65.0,64.5,65.0,4000,0.0,0.0
2019-12-12 00:00:00+08:00,64.5,65.0,64.5,65.0,4000,0.0,0.0
2019-12-13 00:00:00+08:00,65.0,65.0,64.80000305175781,64.80000305175781,3000,0.0,0.0
2019-12-16 00:00:00+08:00,64.0,64.0,64.0,64.0,1000,0.0,0.0
2019-12-17 00:00:00+08:00,62.5,62.5,62.5,62.5,4000,0.0,0.0
2019-12-18 00:00:00+08:00,62.099998474121094,62.099998474121094,62.0,62.0,3000,0.0,0.0
2019-12-19 00:00:00+08:00,62.0,62.0,61.79999923706055,61.79999923706055,5000,0.0,0.0
2019-12-20 00:00:00+08:00,61.79999923706055,61.79999923706055,61.79999923706055,61.79999923706055,0,0.0,0.0
2019-12-23 00:00:00+08:00,62.79999923706055,62.79999923706055,61.0,61.0,3000,0.0,0.0
2019-12-24 00:00:00+08:00,61.0,62.0,61.0,61.0,11000,0.0,0.0
2019-12-25 00:00:00+08:00,61.0,62.0,61.0,62.0,2000,0.0,0.0
2019-12-26 00:00:00+08:00,61.0,62.0,61.0,62.0,2000,0.0,0.0
2019-12-27 00:00:00+08:00,62.20000076293945,62.5,62.0,62.29999923706055,68177,0.0,0.0
2019-12-30 00:00:00+08:00,64.0,64.0,62.400001525878906,63.0,5000,0.0,0.0
2019-12-31 00:00:00+08:00,64.0,64.0,62.400001525878906,63.0,5650,0.0,0.0
2020-01-02 00:00:00+08:00,64.0,64.0,64.0,64.0,1000,0.0,0.0
2020-01-03 00:00:00+08:00,64.0,64.0,64.0,64.0,2000,0.0,0.0
2020-01-06 00:00:00+08:00,64.0,64.0,64.0,64.0,10000,0.0,0.0
2020-01-07 00:00:00+08:00,64.0,64.0,64.0,64.0,1000,0.0,0.0
2020-01-08 00:00:00+08:00,64.0,64.0,64.0,64.0,1000,0.0,0.0
2020-01-09 00:00:00+08:00,64.0,64.0,64.0,64.0,0,0.0,0.0
2020-01-10 00:00:00+08:00,64.0,64.0,64.0,64.0,0,0.0,0.0
2020-01-13 00:00:00+08:00,65.0,65.0,65.0,65.0,4000,0.0,0.0
2020-01-14 00:00:00+08:00,65.0,65.0,65.0,65.0,2000,0.0,0.0
2020-01-15 00:00:00+08:00,65.0,65.0,65.0,65.0,2000,0.0,0.0
2020-01-16 00:00:00+08:00,65.0,65.0,65.0,65.0,2000,0.0,0.0
2020-01-17 00:00:00+08:00,65.0,65.0,65.0,65.0,10000,0.0,0.0
2020-01-20 00:00:00+08:00,65.0,65.0,65.0,65.0,4000,0.0,0.0
2020-01-30 00:00:00+08:00,63.0,64.0,63.0,64.0,11001,0.0,0.0
2020-01-31 00:00:00+08:00,64.0,64.0,64.0,64.0,0,0.0,0.0
2020-02-03 00:00:00+08:00,65.5,65.5,65.5,65.5,3000,0.0,0.0
2020-02-04 00:00:00+08:00,66.0,66.0,66.0,66.0,3000,0.0,0.0
2020-02-05 00:00:00+08:00,66.0,66.0,66.0,66.0,3432,0.0,0.0
2020-02-06 00:00:00+08:00,66.0,66.5,66.0,66.5,2000,0.0,0.0
2020-02-07 00:00:00+08:00,66.5,66.5,66.5,66.5,0,0.0,0.0
2020-02-10 00:00:00+08:00,66.0,66.5,66.0,66.5,2002,0.0,0.0
2020-02-11 00:00:00+08:00,66.80000305175781,68.0,66.5999984741211,68.0,6103,0.0,0.0
2020-02-12 00:00:00+08:00,68.0,68.0,68.0,68.0,3000,0.0,0.0
2020-02-13 00:00:00+08:00,68.0,68.0,68.0,68.0,3000,0.0,0.0
2020-02-14 00:00:00+08:00,68.0,68.0,68.0,68.0,0,0.0,0.0
2020-02-17 00:00:00+08:00,67.30000305175781,67.30000305175781,67.19999694824219,67.19999694824219,5000,0.0,0.0
2020-02-18 00:00:00+08:00,67.30000305175781,67.30000305175781,67.19999694824219,67.19999694824219,5000,0.0,0.0
2020-02-19 00:00:00+08:00,67.0,68.0,67.0,68.0,8000,0.0,0.0
2020-02-20 00:00:00+08:00,69.0,69.0,69.0,69.0,2000,0.0,0.0
2020-02-21 00:00:00+08:00,69.0,69.0,69.0,69.0,2285,0.0,0.0
2020-02-24 00:00:00+08:00,67.5,68.9000015258789,67.5,68.9000015258789,3000,0.0,0.0
2020-02-25 00:00:00+08:00,69.0,69.19999694824219,69.0,69.19999694824219,5000,0.0,0.0
2020-02-26 00:00:00+08:00,69.19999694824219,69.19999694824219,69.19999694824219,69.19999694824219,0,0.0,0.0
2020-02-27 00:00:00+08:00,69.19999694824219,69.19999694824219,69.19999694824219,69.19999694824219,0,0.0,0.0
2020-03-02 00:00:00+08:00,69.19999694824219,69.19999694824219,69.19999694824219,69.19999694824219,0,0.0,0.0
2020-03-03 00:00:00+08:00,69.19999694824219,69.19999694824219,69.19999694824219,69.19999694824219,0,0.0,0.0
2020-03-04 00:00:00+08:00,68.0,69.0,68.0,69.0,8000,0.0,0.0
2020-03-05 00:00:00+08:00,70.0,70.0,68.0,68.0,6000,0.0,0.0
2020-03-06 00:00:00+08:00,68.0,68.0,68.0,68.0,4000,0.0,0.0
2020-03-09 00:00:00+08:00,68.0,68.0,68.0,68.0,0,0.0,0.0
2020-03-10 00:00:00+08:00,67.0,67.0,67.0,67.0,5000,0.0,0.0
2020-03-11 00:00:00+08:00,67.0,67.0,67.0,67.0,6000,0.0,0.0
2020-03-12 00:00:00+08:00,67.0,67.0,66.0,66.0,3000,0.0,0.0
2020-03-13 00:00:00+08:00,66.0,66.0,66.0,66.0,0,0.0,0.0
2020-03-16 00:00:00+08:00,64.0,64.0,64.0,64.0,1000,0.0,0.0
2020-03-17 00:00:00+08:00,63.0,63.0,63.0,63.0,2000,0.0,0.0
2020-03-18 00:00:00+08:00,61.79999923706055,61.79999923706055,61.79999923706055,61.79999923706055,2000,0.0,0.0
2020-03-19 00:00:00+08:00,61.0,61.0,61.0,61.0,2000,0.0,0.0
2020-03-20 00:00:00+08:00,62.0,62.0,60.0,60.0,8000,0.0,0.0
2020-03-23 00:00:00+08:00,60.0,60.0,60.0,60.0,2000,0.0,0.0
2020-03-24 00:00:00+08:00,61.0,61.0,61.0,61.0,3000,0.0,0.0
2020-03-25 00:00:00+08:00,61.0,61.0,61.0,61.0,3000,0.0,0.0
2020-03-26 00:00:00+08:00,60.0,60.0,60.0,60.0,1000,0.0,0.0
2020-03-27 00:00:00+08:00,62.0,62.0,62.0,62.0,6000,0.0,0.0
2020-03-30 00:00:00+08:00,61.0,61.0,61.0,61.0,3000,0.0,0.0
2020-03-31 00:00:00+08:00,60.0,60.0,60.0,60.0,2000,0.0,0.0
2020-04-01 00:00:00+08:00,60.0,60.0,60.0,60.0,4000,0.0,0.0
2020-04-06 00:00:00+08:00,60.0,60.0,60.0,60.0,21000,0.0,0.0
2020-04-07 00:00:00+08:00,60.0,62.5,60.0,62.0,13000,0.0,0.0
2020-04-08 00:00:00+08:00,60.0,60.0,60.0,60.0,5000,0.0,0.0
2020-04-09 00:00:00+08:00,60.0,61.0,60.0,61.0,6000,0.0,0.0
2020-04-10 00:00:00+08:00,61.0,61.0,60.0,60.0,3000,0.0,0.0
2020-04-13 00:00:00+08:00,60.0,60.0,60.0,60.0,3000,0.0,0.0
2020-04-14 00:00:00+08:00,60.0,60.29999923706055,60.0,60.0,7000,0.0,0.0
2020-04-15 00:00:00+08:00,60.0,60.0,60.0,60.0,9000,0.0,0.0
2020-04-16 00:00:00+08:00,60.0,60.0,60.0,60.0,4000,0.0,0.0
2020-04-17 00:00:00+08:00,60.099998474121094,60.099998474121094,60.0,60.0,2000,0.0,0.0
2020-04-20 00:00:00+08:00,61.0,61.0,61.0,61.0,4000,0.0,0.0
2020-04-21 00:00:00+08:00,60.099998474121094,61.0,60.099998474121094,61.0,3000,0.0,0.0
2020-04-22 00:00:00+08:00,61.0,61.0,61.0,61.0,13000,0.0,0.0
2020-04-23 00:00:00+08:00,61.0,61.0,61.0,61.0,2000,0.0,0.0
2020-04-24 00:00:00+08:00,61.0,61.0,61.0,61.0,2000,0.0,0.0
2020-04-27 00:00:00+08:00,61.0,61.0,61.0,61.0,5000,0.0,0.0
2020-04-28 00:00:00+08:00,61.0,61.0,61.0,61.0,9000,0.0,0.0
2020-04-29 00:00:00+08:00,61.0,61.5,61.0,61.0,15000,0.0,0.0
2020-04-30 00:00:00+08:00,61.20000076293945,61.20000076293945,60.5,61.0,22000,0.0,0.0
2020-05-04 00:00:00+08:00,61.0,61.0,60.5,61.0,21000,0.0,0.0
2020-05-05 00:00:00+08:00,61.0,61.0,61.0,61.0,26000,0.0,0.0
2020-05-06 00:00:00+08:00,61.0,61.0,61.0,61.0,39000,0.0,0.0
2020-05-07 00:00:00+08:00,61.0,61.0,61.0,61.0,17000,0.0,0.0
2020-05-08 00:00:00+08:00,61.0,61.0,61.0,61.0,35000,0.0,0.0
2020-05-11 00:00:00+08:00,60.5,61.0,60.5,61.0,9000,0.0,0.0
2020-05-12 00:00:00+08:00,61.0,61.0,60.599998474121094,61.0,5000,0.0,0.0
2020-05-13 00:00:00+08:00,61.0,61.0,60.0,61.0,11000,0.0,0.0
2020-05-14 00:00:00+08:00,60.0,60.5,60.0,60.0,21000,0.0,0.0
2020-05-15 00:00:00+08:00,61.0,61.0,61.0,61.0,1000,0.0,0.0
2020-05-18 00:00:00+08:00,60.5,60.5,60.0,60.0,2000,0.0,0.0
2020-05-19 00:00:00+08:00,60.0,60.0,59.0,59.0,2000,0.0,0.0
2020-05-20 00:00:00+08:00,59.0,59.0,58.0,58.0,6000,0.0,0.0
2020-05-21 00:00:00+08:00,58.0,58.0,58.0,58.0,0,0.0,0.0
2020-05-22 00:00:00+08:00,58.0,58.0,58.0,58.0,0,0.0,0.0
2020-05-25 00:00:00+08:00,58.0,58.0,58.0,58.0,0,0.0,0.0
2020-05-26 00:00:00+08:00,58.0,58.0,58.0,58.0,0,0.0,0.0
2020-05-27 00:00:00+08:00,53.099998474121094,53.099998474121094,53.099998474121094,53.099998474121094,2000,0.0,0.0
2020-05-28 00:00:00+08:00,48.650001525878906,48.650001525878906,48.599998474121094,58.400001525878906,3000,0.0,0.0
2020-05-29 00:00:00+08:00,50.0,53.400001525878906,50.0,53.400001525878906,12000,0.0,0.0
2020-06-01 00:00:00+08:00,55.0,58.70000076293945,55.0,58.70000076293945,38000,0.0,0.0
2020-06-02 00:00:00+08:00,60.0,60.0,60.0,60.0,10000,0.0,0.0
2020-06-03 00:00:00+08:00,60.099998474121094,61.5,60.099998474121094,61.0,47000,0.0,0.0
2020-06-04 00:00:00+08:00,60.0,61.0,60.0,60.5,30000,0.0,0.0
2020-06-05 00:00:00+08:00,60.0,60.099998474121094,60.0,60.099998474121094,20000,0.0,0.0
2020-06-08 00:00:00+08:00,61.0,62.0,61.0,61.5,104000,0.0,0.0
2020-06-09 00:00:00+08:00,61.0,61.0,61.0,61.0,2000,0.0,0.0
2020-06-10 00:00:00+08:00,62.0,62.0,61.0,61.0,6000,0.0,0.0
2020-06-11 00:00:00+08:00,61.0,61.0,61.0,61.0,1000,0.0,0.0
2020-06-12 00:00:00+08:00,61.0,61.0,61.0,61.0,0,0.0,0.0
2020-06-15 00:00:00+08:00,61.0,63.0,61.0,61.0,17000,0.0,0.0
2020-06-16 00:00:00+08:00,61.099998474121094,61.099998474121094,61.0,61.0,14000,0.0,0.0
2020-06-17 00:00:00+08:00,61.5,61.5,61.5,61.5,2000,0.0,0.0
2020-06-18 00:00:00+08:00,61.5,61.5,61.0,61.0,8000,0.0,0.0
2020-06-19 00:00:00+08:00,61.099998474121094,61.5,61.099998474121094,61.5,15000,0.0,0.0
2020-06-22 00:00:00+08:00,61.5,61.5,61.400001525878906,61.5,24000,0.0,0.0
2020-06-23 00:00:00+08:00,61.5,61.5,61.5,61.5,2000,0.0,0.0
2020-06-24 00:00:00+08:00,61.5,63.0,61.0,63.0,42000,0.0,0.0
2020-06-29 00:00:00+08:00,63.5,63.5,63.0,63.0,22000,0.0,0.0
2020-06-30 00:00:00+08:00,63.0,63.0,61.5,61.5,12000,0.0,0.0
2020-07-01 00:00:00+08:00,61.5,61.5,61.0,61.099998474121094,20000,0.0,0.0
2020-07-02 00:00:00+08:00,61.0,61.0,61.0,61.0,19000,0.0,0.0
2020-07-03 00:00:00+08:00,61.0,61.0,61.0,61.0,8000,0.0,0.0
2020-07-06 00:00:00+08:00,61.0,61.0,56.0,61.0,56000,0.0,0.0
2020-07-07 00:00:00+08:00,61.0,62.0,61.0,62.0,4000,0.0,0.0
2020-07-08 00:00:00+08:00,62.5,62.5,61.0,62.0,7000,0.0,0.0
2020-07-09 00:00:00+08:00,61.20000076293945,62.0,61.20000076293945,62.0,14000,0.0,0.0
2020-07-10 00:00:00+08:00,62.0,62.0,62.0,62.0,0,0.0,0.0
2020-07-13 00:00:00+08:00,62.0,62.0,62.0,62.0,0,0.0,0.0
2020-07-14 00:00:00+08:00,61.5,61.5,61.0,61.0,3000,0.0,0.0
2020-07-15 00:00:00+08:00,61.0,61.0,61.0,61.0,0,0.0,0.0
2020-07-16 00:00:00+08:00,61.0,61.0,61.0,61.0,0,0.0,0.0
2020-07-17 00:00:00+08:00,61.5,64.0,61.5,62.5,8000,0.0,0.0
2020-07-20 00:00:00+08:00,62.5,62.5,62.5,62.5,1000,0.0,0.0
2020-07-21 00:00:00+08:00,62.5,62.5,62.5,62.5,0,0.0,0.0
2020-07-22 00:00:00+08:00,63.20000076293945,63.20000076293945,61.5,61.5,14000,0.0,0.0
2020-07-23 00:00:00+08:00,62.0,62.0,58.0,59.5,6000,0.0,0.0
2020-07-24 00:00:00+08:00,59.0,59.0,59.0,59.0,2000,0.0,0.0
2020-07-27 00:00:00+08:00,60.099998474121094,61.5,59.0,60.0,19000,0.0,0.0
2020-07-28 00:00:00+08:00,59.0,59.0,59.0,59.0,2000,0.0,0.0
2020-07-29 00:00:00+08:00,60.0,60.0,60.0,60.0,2000,0.0,0.0
2020-07-30 00:00:00+08:00,60.0,60.0,60.0,60.0,0,0.0,0.0
2020-07-31 00:00:00+08:00,60.0,60.0,60.0,60.0,0,0.0,0.0
2020-08-03 00:00:00+08:00,63.0,63.0,63.0,63.0,2000,0.0,0.0
2020-08-04 00:00:00+08:00,63.0,63.0,63.0,63.0,1000,0.0,0.0
2020-08-05 00:00:00+08:00,63.0,63.0,62.5,63.0,10000,0.0,0.0
2020-08-06 00:00:00+08:00,63.5,63.70000076293945,63.5,63.5,24000,0.0,0.0
2020-08-07 00:00:00+08:00,64.0,64.0,64.0,64.0,5000,0.0,0.0
2020-08-10 00:00:00+08:00,64.0,65.0,64.0,65.0,10000,0.0,0.0
2020-08-11 00:00:00+08:00,65.0999984741211,65.19999694824219,61.0,61.5,29000,0.0,0.0
2020-08-12 00:00:00+08:00,61.20000076293945,66.30000305175781,61.20000076293945,66.19999694824219,52000,0.0,0.0
2020-08-13 00:00:00+08:00,72.80000305175781,72.80000305175781,69.0,69.0,11000,0.0,0.0
2020-08-14 00:00:00+08:00,74.80000305175781,75.9000015258789,74.80000305175781,75.9000015258789,11000,0.0,0.0
2020-08-17 00:00:00+08:00,83.4000015258789,83.4000015258789,83.4000015258789,83.4000015258789,24000,0.0,0.0
2020-08-18 00:00:00+08:00,83.9000015258789,88.0,83.9000015258789,84.0,11000,0.0,0.0
2020-08-19 00:00:00+08:00,80.0,80.0,80.0,80.0,3000,0.0,0.0
2020-08-20 00:00:00+08:00,77.0,84.4000015258789,72.80000305175781,84.4000015258789,13000,0.0,0.0
2020-08-21 00:00:00+08:00,84.4000015258789,84.4000015258789,84.4000015258789,84.4000015258789,0,0.0,0.0
2020-08-24 00:00:00+08:00,84.0,84.0,84.0,84.0,1000,0.0,0.0
2020-08-25 00:00:00+08:00,84.0,84.0,84.0,84.0,0,0.0,0.0
2020-08-26 00:00:00+08:00,84.0,84.0,84.0,84.0,0,0.0,0.0
2020-08-27 00:00:00+08:00,81.0,81.0,80.0,80.0,4000,0.0,0.0
2020-08-28 00:00:00+08:00,80.0,80.0,80.0,80.0,0,0.0,0.0
2020-08-31 00:00:00+08:00,78.0,78.0,78.0,78.0,1000,0.0,0.0
2020-09-01 00:00:00+08:00,74.0,84.5,74.0,74.0,12000,0.0,0.0
2020-09-02 00:00:00+08:00,75.0,79.9000015258789,74.0,79.0,13000,0.0,0.0
2020-09-03 00:00:00+08:00,76.0,77.0,76.0,77.0,3000,0.0,0.0
2020-09-04 00:00:00+08:00,75.0,76.5,74.0,76.5,15000,0.0,0.0
2020-09-07 00:00:00+08:00,76.19999694824219,76.19999694824219,76.19999694824219,76.19999694824219,1000,0.0,0.0
2020-09-08 00:00:00+08:00,76.19999694824219,76.19999694824219,76.19999694824219,76.19999694824219,0,0.0,0.0
2020-09-09 00:00:00+08:00,76.19999694824219,76.19999694824219,76.19999694824219,76.19999694824219,0,0.0,0.0
2020-09-10 00:00:00+08:00,81.9000015258789,81.9000015258789,81.9000015258789,81.9000015258789,1000,0.0,0.0
2020-09-11 00:00:00+08:00,82.0,82.0,76.0,76.80000305175781,8000,0.0,0.0
2020-09-14 00:00:00+08:00,77.19999694824219,78.0,77.19999694824219,78.0,4000,0.0,0.0
2020-09-15 00:00:00+08:00,78.19999694824219,78.19999694824219,78.19999694824219,78.19999694824219,4000,0.0,0.0
2020-09-16 00:00:00+08:00,81.80000305175781,81.80000305175781,81.80000305175781,81.80000305175781,1000,0.0,0.0
2020-09-17 00:00:00+08:00,81.69999694824219,82.80000305175781,81.69999694824219,82.80000305175781,8000,0.0,0.0
2020-09-18 00:00:00+08:00,81.80000305175781,85.0,81.80000305175781,83.0,14000,0.0,0.0
2020-09-21 00:00:00+08:00,83.0,83.0,83.0,83.0,5000,0.0,0.0
2020-09-22 00:00:00+08:00,83.0999984741211,90.0,83.0999984741211,85.0,28000,0.0,0.0
2020-09-23 00:00:00+08:00,85.0999984741211,86.80000305175781,85.0,86.80000305175781,26000,0.0,0.0
2020-09-24 00:00:00+08:00,94.9000015258789,94.9000015258789,86.0,86.0,31000,0.0,0.0
2020-09-25 00:00:00+08:00,85.0,85.0,80.0,80.0,7000,0.0,0.0
2020-09-28 00:00:00+08:00,80.0,87.0999984741211,80.0,87.0999984741211,22000,0.0,0.0
2020-09-29 00:00:00+08:00,87.0999984741211,87.0999984741211,87.0999984741211,87.0999984741211,0,0.0,0.0
2020-09-30 00:00:00+08:00,91.80000305175781,91.80000305175781,91.80000305175781,91.80000305175781,1000,0.0,0.0
2020-10-05 00:00:00+08:00,92.0,92.0,92.0,92.0,2000,0.0,0.0
2020-10-06 00:00:00+08:00,92.0,92.0,92.0,92.0,0,0.0,0.0
2020-10-07 00:00:00+08:00,92.5,92.5,90.0,90.0,2000,0.0,0.0
2020-10-08 00:00:00+08:00,90.0,91.0,90.0,91.0,11000,0.0,0.0
2020-10-12 00:00:00+08:00,91.0,91.0,91.0,91.0,0,0.0,0.0
2020-10-13 00:00:00+08:00,84.5,88.9000015258789,81.5,88.9000015258789,4000,0.0,0.0
2020-10-14 00:00:00+08:00,82.0,83.5,82.0,82.0,18000,0.0,0.0
2020-10-15 00:00:00+08:00,82.5,82.5,82.0,82.0,2000,0.0,0.0
2020-10-16 00:00:00+08:00,82.0,82.0,82.0,82.0,0,0.0,0.0
2020-10-19 00:00:00+08:00,80.0,82.0,79.30000305175781,79.30000305175781,60000,0.0,0.0
2020-10-20 00:00:00+08:00,87.0,87.0,75.0,84.0,88000,0.0,0.0
2020-10-21 00:00:00+08:00,84.0,84.0,84.0,84.0,0,0.0,0.0
2020-10-22 00:00:00+08:00,84.0,84.0,77.0,82.0,148000,0.0,0.0
2020-10-23 00:00:00+08:00,83.5,83.5,83.0999984741211,83.5,3000,0.0,0.0
2020-10-26 00:00:00+08:00,80.0,84.0,80.0,84.0,3000,0.0,0.0
2020-10-27 00:00:00+08:00,84.0,84.0,78.5999984741211,80.0,6000,0.0,0.0
2020-10-28 00:00:00+08:00,82.4000015258789,82.4000015258789,78.5,78.5,4000,0.0,0.0
2020-10-29 00:00:00+08:00,78.5,78.5,78.5,78.5,0,0.0,0.0
2020-10-30 00:00:00+08:00,78.5,78.5,78.5,78.5,0,0.0,0.0
2020-11-02 00:00:00+08:00,78.5,78.5,78.5,78.5,0,0.0,0.0
2020-11-03 00:00:00+08:00,79.0,83.9000015258789,79.0,83.5999984741211,419000,0.0,0.0
2020-11-04 00:00:00+08:00,83.5999984741211,83.5999984741211,79.0,80.0,239000,0.0,0.0
2020-11-05 00:00:00+08:00,82.5,82.5,81.5999984741211,82.5,4000,0.0,0.0
2020-11-06 00:00:00+08:00,81.0,81.0,81.0,81.0,127000,0.0,0.0
2020-11-09 00:00:00+08:00,80.0,81.80000305175781,80.0,81.80000305175781,2000,0.0,0.0
2020-11-10 00:00:00+08:00,81.80000305175781,81.80000305175781,81.80000305175781,81.80000305175781,0,0.0,0.0
2020-11-11 00:00:00+08:00,80.0,82.0,80.0,82.0,88000,0.0,0.0
2020-11-12 00:00:00+08:00,80.0,80.5999984741211,80.0,80.5999984741211,101000,0.0,0.0
2020-11-13 00:00:00+08:00,80.0,83.0,80.0,83.0,8000,0.0,0.0
2020-11-16 00:00:00+08:00,79.0,88.0,79.0,88.0,101000,0.0,0.0
2020-11-17 00:00:00+08:00,88.0,88.0,88.0,88.0,0,0.0,0.0
2020-11-18 00:00:00+08:00,80.0,87.19999694824219,80.0,87.19999694824219,111000,0.0,0.0
2020-11-19 00:00:00+08:00,79.0,79.0,79.0,79.0,2000,0.0,0.0
2020-11-20 00:00:00+08:00,73.30000305175781,80.0,73.30000305175781,80.0,115000,0.0,0.0
2020-11-23 00:00:00+08:00,80.0,80.0,80.0,80.0,0,0.0,0.0
2020-11-24 00:00:00+08:00,73.19999694824219,79.9000015258789,73.19999694824219,79.9000015258789,3000,0.0,0.0
2020-11-25 00:00:00+08:00,79.9000015258789,80.0,79.9000015258789,80.0,6000,0.0,0.0
2020-11-26 00:00:00+08:00,80.0,80.0,80.0,80.0,0,0.0,0.0
2020-11-27 00:00:00+08:00,80.0,80.0,80.0,80.0,0,0.0,0.0
2020-11-30 00:00:00+08:00,75.5,79.0,75.5,79.0,3000,0.0,0.0
2020-12-01 00:00:00+08:00,79.0,79.0,79.0,79.0,0,0.0,0.0
2020-12-02 00:00:00+08:00,79.9000015258789,80.0,79.0,79.0,10000,0.0,0.0
2020-12-03 00:00:00+08:00,71.69999694824219,71.69999694824219,71.5,80.0,85000,0.0,0.0
2020-12-04 00:00:00+08:00,77.5,77.5,77.5,77.5,3000,0.0,0.0
2020-12-07 00:00:00+08:00,79.9000015258789,80.0,79.80000305175781,79.80000305175781,12000,0.0,0.0
2020-12-08 00:00:00+08:00,80.0,80.0,80.0,80.0,2000,0.0,0.0
2020-12-09 00:00:00+08:00,80.0,80.0,80.0,80.0,0,0.0,0.0
2020-12-10 00:00:00+08:00,80.0,80.0,80.0,80.0,0,0.0,0.0
2020-12-11 00:00:00+08:00,80.0,80.0,80.0,80.0,0,0.0,0.0
2020-12-14 00:00:00+08:00,74.30000305175781,74.30000305175781,74.30000305175781,78.5,1000,0.0,0.0
2020-12-15 00:00:00+08:00,78.5,78.5,78.5,78.5,0,0.0,0.0
2020-12-16 00:00:00+08:00,78.5,78.5,78.5,78.5,0,0.0,0.0
2020-12-17 00:00:00+08:00,78.5,78.5,78.5,78.5,0,0.0,0.0
2020-12-18 00:00:00+08:00,79.80000305175781,79.80000305175781,73.30000305175781,73.30000305175781,6000,0.0,0.0
2020-12-21 00:00:00+08:00,73.30000305175781,73.30000305175781,73.30000305175781,73.30000305175781,0,0.0,0.0
2020-12-22 00:00:00+08:00,75.5,75.5,75.0,75.0,5000,0.0,0.0
2020-12-23 00:00:00+08:00,74.5,74.80000305175781,74.5,74.80000305175781,3000,0.0,0.0
2020-12-24 00:00:00+08:00,74.80000305175781,74.80000305175781,74.80000305175781,74.80000305175781,0,0.0,0.0
2020-12-25 00:00:00+08:00,71.0999984741211,74.0,69.4000015258789,74.0,12000,0.0,0.0
2020-12-28 00:00:00+08:00,70.0,72.0,69.5,71.9000015258789,23000,0.0,0.0
2020-12-29 00:00:00+08:00,67.0999984741211,68.0,65.0,65.0,17000,0.0,0.0
2020-12-30 00:00:00+08:00,65.0999984741211,65.0999984741211,65.0999984741211,58.5,1000,0.0,0.0
2020-12-31 00:00:00+08:00,66.9000015258789,66.9000015258789,66.9000015258789,66.9000015258789,2000,0.0,0.0
2021-01-04 00:00:00+08:00,66.9000015258789,66.9000015258789,66.9000015258789,66.9000015258789,0,0.0,0.0
2021-01-05 00:00:00+08:00,63.29999923706055,63.29999923706055,59.900001525878906,59.900001525878906,4000,0.0,0.0
2021-01-06 00:00:00+08:00,55.20000076293945,55.20000076293945,54.0,54.0,10000,0.0,0.0
2021-01-07 00:00:00+08:00,49.0,49.04999923706055,48.79999923706055,49.0,12000,0.0,0.0
2021-01-08 00:00:00+08:00,44.099998474121094,48.0,44.099998474121094,48.0,4000,0.0,0.0
2021-01-11 00:00:00+08:00,46.099998474121094,46.099998474121094,43.20000076293945,43.20000076293945,9000,0.0,0.0
2021-01-12 00:00:00+08:00,39.04999923706055,45.5,39.0,45.5,87000,0.0,0.0
2021-01-13 00:00:00+08:00,45.5,45.5,45.5,45.5,0,0.0,0.0
2021-01-14 00:00:00+08:00,50.0,50.0,49.900001525878906,49.95000076293945,62000,0.0,0.0
2021-01-15 00:00:00+08:00,49.95000076293945,49.95000076293945,49.95000076293945,49.95000076293945,0,0.0,0.0
2021-01-18 00:00:00+08:00,50.0,50.0,50.0,50.0,60000,0.0,0.0
2021-01-19 00:00:00+08:00,50.0,50.0,50.0,50.0,1000,0.0,0.0
2021-01-20 00:00:00+08:00,52.0,52.0,50.0,50.0,65000,0.0,0.0
2021-01-21 00:00:00+08:00,50.0,50.0,50.0,50.0,0,0.0,0.0
2021-01-22 00:00:00+08:00,50.0,50.0,50.0,50.0,0,0.0,0.0
2021-01-25 00:00:00+08:00,50.0,50.0,50.0,48.150001525878906,60000,0.0,0.0
2021-01-26 00:00:00+08:00,48.150001525878906,48.150001525878906,48.150001525878906,48.150001525878906,0,0.0,0.0
2021-01-27 00:00:00+08:00,46.849998474121094,46.849998474121094,46.599998474121094,46.599998474121094,2000,0.0,0.0
2021-01-28 00:00:00+08:00,50.0,50.0,50.0,50.0,60000,0.0,0.0
2021-01-29 00:00:00+08:00,46.0,46.04999923706055,46.0,46.0,10000,0.0,0.0
2021-02-01 00:00:00+08:00,42.099998474121094,46.0,41.5,43.54999923706055,78000,0.0,0.0
2021-02-02 00:00:00+08:00,43.54999923706055,43.54999923706055,43.54999923706055,43.54999923706055,0,0.0,0.0
2021-02-03 00:00:00+08:00,43.54999923706055,43.54999923706055,43.54999923706055,43.54999923706055,0,0.0,0.0
2021-02-04 00:00:00+08:00,43.54999923706055,43.54999923706055,43.54999923706055,43.54999923706055,0,0.0,0.0
2021-02-05 00:00:00+08:00,43.20000076293945,46.0,43.20000076293945,47.349998474121094,69000,0.0,0.0
2021-02-17 00:00:00+08:00,47.349998474121094,47.349998474121094,47.349998474121094,47.349998474121094,0,0.0,0.0
2021-02-18 00:00:00+08:00,43.349998474121094,47.900001525878906,43.150001525878906,43.400001525878906,8000,0.0,0.0
2021-02-19 00:00:00+08:00,42.04999923706055,42.04999923706055,40.0,40.95000076293945,34000,0.0,0.0
2021-02-22 00:00:00+08:00,42.599998474121094,42.599998474121094,40.0,42.20000076293945,5000,0.0,0.0
2021-02-23 00:00:00+08:00,40.5,41.599998474121094,40.099998474121094,39.849998474121094,4000,0.0,0.0
2021-02-24 00:00:00+08:00,41.599998474121094,41.599998474121094,41.599998474121094,41.599998474121094,1000,0.0,0.0
2021-02-25 00:00:00+08:00,42.0,44.95000076293945,42.0,44.95000076293945,2000,0.0,0.0
2021-02-26 00:00:00+08:00,44.849998474121094,44.849998474121094,40.79999923706055,40.849998474121094,6000,0.0,0.0
2021-03-02 00:00:00+08:00,42.04999923706055,42.04999923706055,41.95000076293945,41.95000076293945,2000,0.0,0.0
2021-03-03 00:00:00+08:00,42.599998474121094,42.599998474121094,42.599998474121094,42.599998474121094,1000,0.0,0.0
2021-03-04 00:00:00+08:00,42.599998474121094,42.599998474121094,42.599998474121094,42.599998474121094,0,0.0,0.0
2021-03-05 00:00:00+08:00,42.599998474121094,42.599998474121094,42.599998474121094,42.599998474121094,0,0.0,0.0
2021-03-08 00:00:00+08:00,41.04999923706055,49.900001525878906,41.04999923706055,41.0,3000,0.0,0.0
2021-03-09 00:00:00+08:00,41.0,41.0,41.0,41.0,0,0.0,0.0
2021-03-10 00:00:00+08:00,40.650001525878906,48.599998474121094,40.650001525878906,41.29999923706055,3000,0.0,0.0
2021-03-11 00:00:00+08:00,50.0,50.0,50.0,50.0,1000,0.0,0.0
2021-03-12 00:00:00+08:00,49.900001525878906,50.0,45.0,45.0,22000,0.0,0.0
2021-03-15 00:00:00+08:00,45.0,45.0,45.0,48.79999923706055,32000,0.0,0.0
2021-03-16 00:00:00+08:00,45.0,45.0,45.0,45.0,49000,0.0,0.0
2021-03-17 00:00:00+08:00,49.04999923706055,49.04999923706055,49.04999923706055,49.04999923706055,1000,0.0,0.0
2021-03-18 00:00:00+08:00,50.0,50.0,45.0,49.0,54000,0.0,0.0
2021-03-19 00:00:00+08:00,44.599998474121094,48.0,44.599998474121094,44.54999923706055,46000,0.0,0.0
2021-03-22 00:00:00+08:00,47.75,48.0,42.849998474121094,48.0,34000,0.0,0.0
2021-03-23 00:00:00+08:00,48.0,48.0,48.0,48.0,25000,0.0,0.0
2021-03-24 00:00:00+08:00,45.79999923706055,47.79999923706055,45.79999923706055,47.79999923706055,2000,0.0,0.0
2021-03-25 00:00:00+08:00,48.45000076293945,48.5,47.0,47.0,3000,0.0,0.0
2021-03-26 00:00:00+08:00,47.0,47.0,47.0,47.0,0,0.0,0.0
2021-03-29 00:00:00+08:00,47.0,47.0,47.0,47.0,0,0.0,0.0
2021-03-30 00:00:00+08:00,47.79999923706055,47.79999923706055,47.79999923706055,47.79999923706055,2000,0.0,0.0
2021-03-31 00:00:00+08:00,50.0,50.0,50.0,50.0,5000,0.0,0.0
2021-04-01 00:00:00+08:00,50.0,50.0,45.0,45.0,29000,0.0,0.0
2021-04-07 00:00:00+08:00,48.0,48.0,46.0,46.0,17000,0.0,0.0
2021-04-08 00:00:00+08:00,43.5,43.5,43.5,46.0,1000,0.0,0.0
2021-04-09 00:00:00+08:00,46.0,46.0,46.0,46.0,0,0.0,0.0
2021-04-12 00:00:00+08:00,46.0,46.0,46.0,46.0,0,0.0,0.0
2021-04-13 00:00:00+08:00,43.20000076293945,45.29999923706055,42.20000076293945,42.20000076293945,10000,0.0,0.0
2021-04-14 00:00:00+08:00,42.20000076293945,42.20000076293945,42.20000076293945,42.20000076293945,0,0.0,0.0
2021-04-15 00:00:00+08:00,44.0,45.0,44.0,44.0,12000,0.0,0.0
2021-04-16 00:00:00+08:00,44.0,44.0,44.0,44.0,4000,0.0,0.0
2021-04-19 00:00:00+08:00,44.0,45.0,44.0,45.0,2000,0.0,0.0
2021-04-20 00:00:00+08:00,45.5,46.400001525878906,45.5,46.400001525878906,3000,0.0,0.0
2021-04-21 00:00:00+08:00,46.400001525878906,46.400001525878906,46.400001525878906,46.400001525878906,0,0.0,0.0
2021-04-22 00:00:00+08:00,46.400001525878906,46.400001525878906,46.400001525878906,46.400001525878906,0,0.0,0.0
2021-04-23 00:00:00+08:00,46.400001525878906,46.400001525878906,46.400001525878906,46.400001525878906,1000,0.0,0.0
2021-04-26 00:00:00+08:00,43.79999923706055,43.79999923706055,43.79999923706055,43.79999923706055,1000,0.0,0.0
2021-04-27 00:00:00+08:00,43.900001525878906,44.5,43.79999923706055,44.5,14000,0.0,0.0
2021-04-28 00:00:00+08:00,44.5,44.5,44.5,44.5,0,0.0,0.0
2021-04-29 00:00:00+08:00,44.5,44.5,44.5,44.5,0,0.0,0.0
2021-05-03 00:00:00+08:00,40.04999923706055,40.04999923706055,40.04999923706055,40.04999923706055,1000,0.0,0.0
2021-05-04 00:00:00+08:00,39.099998474121094,41.79999923706055,39.099998474121094,41.79999923706055,4000,0.0,0.0
2021-05-05 00:00:00+08:00,41.79999923706055,41.79999923706055,41.79999923706055,41.79999923706055,0,0.0,0.0
2021-05-06 00:00:00+08:00,42.95000076293945,43.0,42.95000076293945,42.0,3000,0.0,0.0
2021-05-07 00:00:00+08:00,40.75,40.75,40.75,40.75,4000,0.0,0.0
2021-05-10 00:00:00+08:00,42.349998474121094,42.349998474121094,42.349998474121094,42.349998474121094,2000,0.0,0.0
2021-05-11 00:00:00+08:00,42.349998474121094,42.349998474121094,42.349998474121094,42.349998474121094,0,0.0,0.0
2021-05-12 00:00:00+08:00,42.349998474121094,42.349998474121094,42.349998474121094,42.349998474121094,0,0.0,0.0
2021-05-13 00:00:00+08:00,42.349998474121094,42.349998474121094,42.349998474121094,42.349998474121094,0,0.0,0.0
2021-05-14 00:00:00+08:00,42.349998474121094,42.349998474121094,42.349998474121094,42.349998474121094,0,0.0,0.0
2021-05-17 00:00:00+08:00,43.5,43.5,40.0,40.0,4000,0.0,0.0
2021-05-18 00:00:00+08:00,40.0,40.0,40.0,40.0,4000,0.0,0.0
2021-05-19 00:00:00+08:00,40.0,40.0,40.0,40.0,0,0.0,0.0
2021-05-20 00:00:00+08:00,39.099998474121094,39.099998474121094,39.099998474121094,39.099998474121094,3000,0.0,0.0
2021-05-21 00:00:00+08:00,39.099998474121094,39.099998474121094,39.04999923706055,39.04999923706055,4000,0.0,0.0
2021-05-24 00:00:00+08:00,39.04999923706055,39.04999923706055,39.04999923706055,39.04999923706055,0,0.0,0.0
2021-05-25 00:00:00+08:00,39.04999923706055,39.04999923706055,39.04999923706055,39.04999923706055,0,0.0,0.0
2021-05-26 00:00:00+08:00,39.04999923706055,39.04999923706055,39.04999923706055,39.04999923706055,0,0.0,0.0
2021-05-27 00:00:00+08:00,39.95000076293945,39.95000076293945,39.04999923706055,39.04999923706055,5000,0.0,0.0
2021-05-28 00:00:00+08:00,39.04999923706055,39.04999923706055,39.04999923706055,39.04999923706055,0,0.0,0.0
2021-05-31 00:00:00+08:00,37.54999923706055,37.599998474121094,37.54999923706055,37.599998474121094,2000,0.0,0.0
2021-06-01 00:00:00+08:00,37.599998474121094,37.599998474121094,37.599998474121094,37.599998474121094,0,0.0,0.0
2021-06-02 00:00:00+08:00,37.599998474121094,37.599998474121094,37.599998474121094,37.599998474121094,0,0.0,0.0
2021-06-03 00:00:00+08:00,37.599998474121094,37.599998474121094,37.599998474121094,37.599998474121094,0,0.0,0.0
2021-06-04 00:00:00+08:00,37.599998474121094,37.599998474121094,37.599998474121094,37.599998474121094,0,0.0,0.0
2021-06-07 00:00:00+08:00,37.599998474121094,37.599998474121094,37.599998474121094,39.95000076293945,2000,0.0,0.0
2021-06-08 00:00:00+08:00,39.95000076293945,39.95000076293945,39.95000076293945,39.95000076293945,0,0.0,0.0
2021-06-09 00:00:00+08:00,39.95000076293945,39.95000076293945,39.95000076293945,39.95000076293945,0,0.0,0.0
2021-06-10 00:00:00+08:00,39.95000076293945,39.95000076293945,39.95000076293945,39.95000076293945,0,0.0,0.0
2021-06-11 00:00:00+08:00,38.0,39.349998474121094,38.0,39.349998474121094,4000,0.0,0.0
2021-06-15 00:00:00+08:00,39.0,40.70000076293945,39.0,40.70000076293945,3000,0.0,0.0
2021-06-16 00:00:00+08:00,40.0,40.0,40.0,40.0,3000,0.0,0.0
2021-06-17 00:00:00+08:00,40.0,43.849998474121094,40.0,43.849998474121094,3000,0.0,0.0
2021-06-18 00:00:00+08:00,48.04999923706055,48.099998474121094,48.04999923706055,48.099998474121094,2000,0.0,0.0
2021-06-21 00:00:00+08:00,45.349998474121094,47.349998474121094,45.349998474121094,47.349998474121094,4000,0.0,0.0
2021-06-22 00:00:00+08:00,47.349998474121094,47.349998474121094,47.349998474121094,47.349998474121094,0,0.0,0.0
2021-06-23 00:00:00+08:00,47.349998474121094,47.349998474121094,47.349998474121094,47.349998474121094,0,0.0,0.0
2021-06-24 00:00:00+08:00,47.349998474121094,47.349998474121094,47.349998474121094,47.349998474121094,0,0.0,0.0
2021-06-25 00:00:00+08:00,46.0,46.0,46.0,46.0,1000,0.0,0.0
2021-06-28 00:00:00+08:00,50.099998474121094,50.099998474121094,50.099998474121094,50.099998474121094,3000,0.0,0.0
2021-06-29 00:00:00+08:00,45.349998474121094,55.0,45.349998474121094,55.0,3000,0.0,0.0
2021-06-30 00:00:00+08:00,55.0,59.29999923706055,55.0,55.0,7000,0.0,0.0
2021-07-01 00:00:00+08:00,60.099998474121094,60.099998474121094,55.0,59.79999923706055,4000,0.0,0.0
2021-07-02 00:00:00+08:00,54.29999923706055,61.900001525878906,54.29999923706055,61.900001525878906,3000,0.0,0.0
2021-07-05 00:00:00+08:00,62.0,66.5999984741211,57.79999923706055,63.599998474121094,4000,0.0,0.0
2021-07-06 00:00:00+08:00,58.0,66.80000305175781,58.0,66.80000305175781,4000,0.0,0.0
2021-07-07 00:00:00+08:00,61.29999923706055,65.9000015258789,60.20000076293945,65.9000015258789,7000,0.0,0.0
2021-07-08 00:00:00+08:00,65.9000015258789,65.9000015258789,65.9000015258789,65.9000015258789,0,0.0,0.0
2021-07-09 00:00:00+08:00,64.9000015258789,64.9000015258789,64.9000015258789,64.9000015258789,1000,0.0,0.0
2021-07-12 00:00:00+08:00,65.0,65.0,59.70000076293945,62.79999923706055,6000,0.0,0.0
2021-07-13 00:00:00+08:00,58.70000076293945,61.5,57.400001525878906,61.5,6000,0.0,0.0
2021-07-14 00:00:00+08:00,67.0,67.0,61.0,56.20000076293945,5000,0.0,0.0
2021-07-15 00:00:00+08:00,60.900001525878906,60.900001525878906,60.900001525878906,60.900001525878906,2000,0.0,0.0
2021-07-16 00:00:00+08:00,60.900001525878906,60.900001525878906,60.900001525878906,60.900001525878906,0,0.0,0.0
2021-07-19 00:00:00+08:00,60.900001525878906,60.900001525878906,60.900001525878906,60.900001525878906,0,0.0,0.0
2021-07-20 00:00:00+08:00,61.900001525878906,61.900001525878906,61.900001525878906,61.900001525878906,1000,0.0,0.0
2021-07-21 00:00:00+08:00,61.900001525878906,61.900001525878906,61.900001525878906,61.900001525878906,0,0.0,0.0
2021-07-22 00:00:00+08:00,57.599998474121094,57.599998474121094,57.599998474121094,57.599998474121094,1000,0.0,0.0
2021-07-23 00:00:00+08:00,56.900001525878906,59.900001525878906,56.900001525878906,59.900001525878906,3000,0.0,0.0
2021-07-26 00:00:00+08:00,59.900001525878906,59.900001525878906,59.900001525878906,59.900001525878906,0,0.0,0.0
2021-07-27 00:00:00+08:00,61.29999923706055,64.30000305175781,55.599998474121094,55.599998474121094,7000,0.0,0.0
2021-07-28 00:00:00+08:00,59.20000076293945,59.20000076293945,56.70000076293945,56.70000076293945,2000,0.0,0.0
2021-07-29 00:00:00+08:00,60.900001525878906,60.900001525878906,56.599998474121094,58.70000076293945,4000,0.0,0.0
2021-07-30 00:00:00+08:00,58.79999923706055,59.900001525878906,58.70000076293945,58.70000076293945,3000,0.0,0.0
2021-08-02 00:00:00+08:00,58.70000076293945,58.70000076293945,58.70000076293945,58.70000076293945,0,0.0,0.0
2021-08-03 00:00:00+08:00,58.70000076293945,58.70000076293945,58.70000076293945,58.70000076293945,0,0.0,0.0
2021-08-04 00:00:00+08:00,58.70000076293945,58.70000076293945,58.70000076293945,58.70000076293945,0,0.0,0.0
2021-08-05 00:00:00+08:00,58.70000076293945,58.70000076293945,58.70000076293945,58.70000076293945,0,0.0,0.0
2021-08-06 00:00:00+08:00,58.70000076293945,58.70000076293945,58.70000076293945,58.70000076293945,0,0.0,0.0
2021-08-09 00:00:00+08:00,58.70000076293945,58.70000076293945,58.70000076293945,58.70000076293945,0,0.0,0.0
2021-08-10 00:00:00+08:00,60.0,64.5,60.0,64.5,3000,0.0,0.0
2021-08-11 00:00:00+08:00,58.099998474121094,64.4000015258789,58.099998474121094,64.4000015258789,7000,0.0,0.0
2021-08-12 00:00:00+08:00,58.599998474121094,63.599998474121094,58.0,63.599998474121094,7000,0.0,0.0
2021-08-13 00:00:00+08:00,58.5,58.599998474121094,58.5,58.599998474121094,3000,0.0,0.0
2021-08-16 00:00:00+08:00,53.20000076293945,58.900001525878906,53.20000076293945,58.900001525878906,3000,0.0,0.0
2021-08-17 00:00:00+08:00,58.900001525878906,58.900001525878906,58.900001525878906,58.900001525878906,0,0.0,0.0
2021-08-18 00:00:00+08:00,53.20000076293945,58.599998474121094,53.20000076293945,54.900001525878906,8000,0.0,0.0
2021-08-19 00:00:00+08:00,58.20000076293945,58.20000076293945,55.20000076293945,57.5,4000,0.0,0.0
2021-08-20 00:00:00+08:00,55.099998474121094,55.099998474121094,55.099998474121094,55.099998474121094,1000,0.0,0.0
2021-08-23 00:00:00+08:00,57.79999923706055,57.79999923706055,57.79999923706055,57.79999923706055,1000,0.0,0.0
2021-08-24 00:00:00+08:00,59.900001525878906,60.5,59.900001525878906,60.5,2000,0.0,0.0
2021-08-25 00:00:00+08:00,60.5,60.5,60.5,60.5,0,0.0,0.0
2021-08-26 00:00:00+08:00,60.5,60.5,60.5,60.5,0,0.0,0.0
2021-08-27 00:00:00+08:00,60.5,60.5,60.5,60.5,0,0.0,0.0
2021-08-30 00:00:00+08:00,53.900001525878906,59.599998474121094,53.900001525878906,59.599998474121094,6000,0.0,0.0
2021-08-31 00:00:00+08:00,59.599998474121094,59.599998474121094,59.599998474121094,59.599998474121094,0,0.0,0.0
2021-09-01 00:00:00+08:00,59.599998474121094,59.599998474121094,59.599998474121094,59.599998474121094,0,0.0,0.0
2021-09-02 00:00:00+08:00,56.0,56.0,56.0,56.0,1000,0.0,0.0
2021-09-03 00:00:00+08:00,56.0,56.0,56.0,56.0,0,0.0,0.0
2021-09-06 00:00:00+08:00,56.0,56.0,56.0,56.0,0,0.0,0.0
2021-09-07 00:00:00+08:00,56.0,56.0,56.0,56.0,0,0.0,0.0
2021-09-08 00:00:00+08:00,56.0,56.0,56.0,56.0,0,0.0,0.0
2021-09-09 00:00:00+08:00,51.20000076293945,61.5,50.5,59.900001525878906,14000,0.0,0.0
2021-09-10 00:00:00+08:00,56.099998474121094,60.20000076293945,56.099998474121094,60.20000076293945,9000,0.0,0.0
2021-09-13 00:00:00+08:00,56.70000076293945,59.900001525878906,56.70000076293945,59.900001525878906,3000,0.0,0.0
2021-09-14 00:00:00+08:00,58.20000076293945,60.599998474121094,56.79999923706055,60.599998474121094,4000,0.0,0.0
2021-09-15 00:00:00+08:00,60.599998474121094,60.599998474121094,60.599998474121094,60.599998474121094,0,0.0,0.0
2021-09-16 00:00:00+08:00,60.599998474121094,60.599998474121094,60.599998474121094,60.599998474121094,0,0.0,0.0
2021-09-17 00:00:00+08:00,60.599998474121094,60.599998474121094,60.599998474121094,60.599998474121094,0,0.0,0.0
2021-09-22 00:00:00+08:00,60.599998474121094,60.599998474121094,60.599998474121094,60.599998474121094,0,0.0,0.0
2021-09-23 00:00:00+08:00,60.599998474121094,60.599998474121094,60.599998474121094,60.599998474121094,0,0.0,0.0
2021-09-24 00:00:00+08:00,60.599998474121094,60.599998474121094,60.599998474121094,60.599998474121094,0,0.0,0.0
2021-09-27 00:00:00+08:00,59.5,64.5,58.70000076293945,57.79999923706055,6000,0.0,0.0
2021-09-28 00:00:00+08:00,58.29999923706055,60.900001525878906,58.099998474121094,58.099998474121094,7000,0.0,0.0
2021-09-29 00:00:00+08:00,59.0,60.29999923706055,59.0,60.29999923706055,2000,0.0,0.0
2021-09-30 00:00:00+08:00,60.29999923706055,60.29999923706055,60.29999923706055,60.29999923706055,0,0.0,0.0
2021-10-01 00:00:00+08:00,60.29999923706055,60.29999923706055,60.29999923706055,60.29999923706055,0,0.0,0.0
2021-10-04 00:00:00+08:00,60.29999923706055,60.29999923706055,60.29999923706055,60.29999923706055,0,0.0,0.0
2021-10-05 00:00:00+08:00,60.29999923706055,60.29999923706055,60.29999923706055,60.29999923706055,0,0.0,0.0
2021-10-06 00:00:00+08:00,60.29999923706055,60.29999923706055,60.29999923706055,60.29999923706055,0,0.0,0.0
2021-10-07 00:00:00+08:00,60.29999923706055,60.29999923706055,60.29999923706055,60.29999923706055,0,0.0,0.0
2021-10-08 00:00:00+08:00,56.70000076293945,61.20000076293945,56.70000076293945,61.20000076293945,6000,0.0,0.0
2021-10-12 00:00:00+08:00,61.20000076293945,61.20000076293945,61.20000076293945,61.20000076293945,0,0.0,0.0
2021-10-13 00:00:00+08:00,58.099998474121094,60.79999923706055,56.79999923706055,56.5,10000,0.0,0.0
2021-10-14 00:00:00+08:00,52.29999923706055,56.900001525878906,52.29999923706055,52.5,5000,0.0,0.0
2021-10-15 00:00:00+08:00,54.0,54.0,52.20000076293945,52.20000076293945,2000,0.0,0.0
2021-10-18 00:00:00+08:00,51.0,53.5,51.0,53.29999923706055,7000,0.0,0.0
2021-10-19 00:00:00+08:00,56.29999923706055,56.29999923706055,56.29999923706055,56.29999923706055,1000,0.0,0.0
2021-10-20 00:00:00+08:00,56.29999923706055,56.29999923706055,56.29999923706055,56.29999923706055,0,0.0,0.0
2021-10-21 00:00:00+08:00,56.29999923706055,56.29999923706055,56.29999923706055,56.29999923706055,0,0.0,0.0
2021-10-22 00:00:00+08:00,54.20000076293945,54.20000076293945,54.20000076293945,54.20000076293945,1000,0.0,0.0
2021-10-25 00:00:00+08:00,54.20000076293945,54.20000076293945,54.20000076293945,54.20000076293945,0,0.0,0.0
2021-10-26 00:00:00+08:00,54.20000076293945,54.20000076293945,54.20000076293945,54.20000076293945,0,0.0,0.0
2021-10-27 00:00:00+08:00,54.20000076293945,54.20000076293945,54.20000076293945,54.20000076293945,0,0.0,0.0
2021-10-28 00:00:00+08:00,54.20000076293945,54.20000076293945,54.20000076293945,54.20000076293945,0,0.0,0.0
2021-10-29 00:00:00+08:00,54.20000076293945,54.20000076293945,54.20000076293945,54.20000076293945,0,0.0,0.0
2021-11-01 00:00:00+08:00,52.0,55.79999923706055,52.0,55.79999923706055,3000,0.0,0.0
2021-11-02 00:00:00+08:00,55.79999923706055,55.79999923706055,55.79999923706055,55.79999923706055,0,0.0,0.0
2021-11-03 00:00:00+08:00,57.70000076293945,60.400001525878906,57.70000076293945,53.5,2000,0.0,0.0
2021-11-04 00:00:00+08:00,53.5,53.5,53.5,53.5,0,0.0,0.0
2021-11-05 00:00:00+08:00,53.5,53.5,53.5,53.5,0,0.0,0.0
2021-11-08 00:00:00+08:00,53.5,53.5,53.5,53.5,0,0.0,0.0
2021-11-09 00:00:00+08:00,53.5,53.5,53.5,53.5,0,0.0,0.0
2021-11-10 00:00:00+08:00,53.5,53.5,53.5,53.5,0,0.0,0.0
2021-11-11 00:00:00+08:00,61.79999923706055,63.79999923706055,58.29999923706055,59.599998474121094,6000,0.0,0.0
2021-11-12 00:00:00+08:00,54.5,54.5,54.5,54.5,2000,0.0,0.0
2021-11-15 00:00:00+08:00,54.5,54.5,54.5,54.5,0,0.0,0.0
2021-11-16 00:00:00+08:00,59.20000076293945,59.20000076293945,54.20000076293945,56.0,5000,0.0,0.0
2021-11-17 00:00:00+08:00,57.5,57.5,57.5,51.70000076293945,1000,0.0,0.0
2021-11-18 00:00:00+08:00,51.79999923706055,56.900001525878906,51.79999923706055,56.900001525878906,13000,0.0,0.0
2021-11-19 00:00:00+08:00,52.79999923706055,58.79999923706055,52.099998474121094,58.79999923706055,15000,0.0,0.0
2021-11-22 00:00:00+08:00,58.79999923706055,58.79999923706055,58.79999923706055,58.79999923706055,0,0.0,0.0
2021-11-23 00:00:00+08:00,59.099998474121094,61.5,54.5,60.20000076293945,16000,0.0,0.0
2021-11-24 00:00:00+08:00,55.900001525878906,64.5999984741211,55.900001525878906,64.19999694824219,21000,0.0,0.0
2021-11-25 00:00:00+08:00,64.19999694824219,64.19999694824219,64.19999694824219,64.19999694824219,0,0.0,0.0
2021-11-26 00:00:00+08:00,56.70000076293945,61.20000076293945,56.70000076293945,61.099998474121094,6000,0.0,0.0
2021-11-29 00:00:00+08:00,61.099998474121094,62.79999923706055,61.099998474121094,62.79999923706055,2000,0.0,0.0
2021-11-30 00:00:00+08:00,59.400001525878906,62.70000076293945,59.400001525878906,62.70000076293945,3000,0.0,0.0
2021-12-01 00:00:00+08:00,65.19999694824219,65.19999694824219,59.5,62.0,3000,0.0,0.0
2021-12-02 00:00:00+08:00,58.5,61.0,58.29999923706055,61.0,5000,0.0,0.0
2021-12-03 00:00:00+08:00,57.599998474121094,57.599998474121094,57.599998474121094,57.599998474121094,1000,0.0,0.0
2021-12-06 00:00:00+08:00,56.29999923706055,56.400001525878906,56.0,56.400001525878906,4000,0.0,0.0
2021-12-07 00:00:00+08:00,55.5,55.5,55.5,55.5,1000,0.0,0.0
2021-12-08 00:00:00+08:00,56.0,56.0,56.0,56.0,1000,0.0,0.0
2021-12-09 00:00:00+08:00,53.900001525878906,53.900001525878906,53.900001525878906,53.900001525878906,1000,0.0,0.0
2021-12-10 00:00:00+08:00,51.20000076293945,52.0,50.5,50.599998474121094,8000,0.0,0.0
2021-12-13 00:00:00+08:00,50.599998474121094,50.599998474121094,46.900001525878906,46.900001525878906,3000,0.0,0.0
2021-12-14 00:00:00+08:00,47.29999923706055,47.5,46.29999923706055,46.29999923706055,7000,0.0,0.0
2021-12-15 00:00:00+08:00,45.150001525878906,48.20000076293945,41.79999923706055,48.20000076293945,28000,0.0,0.0
2021-12-16 00:00:00+08:00,46.79999923706055,51.79999923706055,46.5,50.900001525878906,12000,0.0,0.0
2021-12-17 00:00:00+08:00,50.900001525878906,51.79999923706055,49.79999923706055,49.79999923706055,5000,0.0,0.0
2021-12-20 00:00:00+08:00,49.95000076293945,49.95000076293945,49.900001525878906,49.900001525878906,9000,0.0,0.0
2021-12-21 00:00:00+08:00,49.95000076293945,49.95000076293945,49.0,49.0,2000,0.0,0.0
2021-12-22 00:00:00+08:00,50.29999923706055,50.29999923706055,49.0,49.0,3000,0.0,0.0
2021-12-23 00:00:00+08:00,49.0,49.0,49.0,49.0,2000,0.0,0.0
2021-12-24 00:00:00+08:00,49.0,49.0,49.0,49.0,1000,0.0,0.0
2021-12-27 00:00:00+08:00,49.5,49.5,49.0,49.0,5000,0.0,0.0
2021-12-28 00:00:00+08:00,49.5,50.79999923706055,49.5,50.79999923706055,5000,0.0,0.0
2021-12-29 00:00:00+08:00,50.79999923706055,50.79999923706055,50.79999923706055,50.79999923706055,0,0.0,0.0
2021-12-30 00:00:00+08:00,51.5,54.900001525878906,50.79999923706055,54.79999923706055,10000,0.0,0.0
2022-01-03 00:00:00+08:00,55.400001525878906,59.29999923706055,55.400001525878906,58.70000076293945,8000,0.0,0.0
2022-01-04 00:00:00+08:00,63.79999923706055,63.79999923706055,59.0,63.0,10000,0.0,0.0
2022-01-05 00:00:00+08:00,67.5999984741211,67.5999984741211,60.29999923706055,66.5999984741211,12000,0.0,0.0
2022-01-06 00:00:00+08:00,62.29999923706055,64.19999694824219,61.79999923706055,61.79999923706055,4000,0.0,0.0
2022-01-07 00:00:00+08:00,61.79999923706055,61.79999923706055,61.79999923706055,61.79999923706055,0,0.0,0.0
2022-01-10 00:00:00+08:00,61.79999923706055,61.79999923706055,61.79999923706055,61.79999923706055,0,0.0,0.0
2022-01-11 00:00:00+08:00,62.900001525878906,62.900001525878906,62.900001525878906,55.400001525878906,1000,0.0,0.0
2022-01-12 00:00:00+08:00,55.400001525878906,55.400001525878906,55.400001525878906,55.400001525878906,0,0.0,0.0
2022-01-13 00:00:00+08:00,55.400001525878906,55.400001525878906,55.400001525878906,55.400001525878906,0,0.0,0.0
2022-01-14 00:00:00+08:00,63.599998474121094,63.599998474121094,63.599998474121094,55.400001525878906,1000,0.0,0.0
2022-01-17 00:00:00+08:00,57.5,60.599998474121094,57.5,60.599998474121094,3000,0.0,0.0
2022-01-18 00:00:00+08:00,62.400001525878906,62.400001525878906,62.400001525878906,56.29999923706055,1000,0.0,0.0
2022-01-19 00:00:00+08:00,58.0,61.79999923706055,58.0,61.79999923706055,5000,0.0,0.0
2022-01-20 00:00:00+08:00,61.79999923706055,61.79999923706055,61.79999923706055,61.79999923706055,0,0.0,0.0
2022-01-21 00:00:00+08:00,56.599998474121094,59.70000076293945,56.5,59.0,5000,0.0,0.0
2022-01-24 00:00:00+08:00,59.0,59.0,59.0,59.0,0,0.0,0.0
2022-01-25 00:00:00+08:00,59.0,59.0,59.0,59.0,0,0.0,0.0
2022-01-26 00:00:00+08:00,58.900001525878906,58.900001525878906,58.900001525878906,58.900001525878906,1000,0.0,0.0
2022-02-07 00:00:00+08:00,61.79999923706055,61.79999923706055,61.79999923706055,61.79999923706055,7000,0.0,0.0
2022-02-08 00:00:00+08:00,61.79999923706055,61.79999923706055,61.79999923706055,61.79999923706055,0,0.0,0.0
2022-02-09 00:00:00+08:00,61.79999923706055,61.79999923706055,61.79999923706055,61.79999923706055,0,0.0,0.0
2022-02-10 00:00:00+08:00,61.0,63.599998474121094,61.0,63.099998474121094,5000,0.0,0.0
2022-02-11 00:00:00+08:00,63.599998474121094,63.599998474121094,58.79999923706055,63.0,9000,0.0,0.0
2022-02-14 00:00:00+08:00,59.099998474121094,66.0,57.79999923706055,66.0,12000,0.0,0.0
2022-02-15 00:00:00+08:00,61.099998474121094,65.9000015258789,59.5,65.9000015258789,12000,0.0,0.0
2022-02-16 00:00:00+08:00,66.9000015258789,66.9000015258789,60.900001525878906,65.30000305175781,7000,0.0,0.0
2022-02-17 00:00:00+08:00,61.900001525878906,63.79999923706055,60.599998474121094,63.79999923706055,9000,0.0,0.0
2022-02-18 00:00:00+08:00,63.599998474121094,63.599998474121094,59.400001525878906,60.0,8000,0.0,0.0
2022-02-21 00:00:00+08:00,55.79999923706055,59.400001525878906,55.5,56.099998474121094,15000,0.0,0.0
2022-02-22 00:00:00+08:00,56.70000076293945,56.70000076293945,56.70000076293945,53.099998474121094,1000,0.0,0.0
2022-02-23 00:00:00+08:00,58.29999923706055,59.70000076293945,57.0,59.70000076293945,35000,0.0,0.0
2022-02-24 00:00:00+08:00,57.20000076293945,60.400001525878906,57.20000076293945,60.400001525878906,3000,0.0,0.0
2022-02-25 00:00:00+08:00,60.29999923706055,60.400001525878906,60.0,60.400001525878906,10000,0.0,0.0
2022-03-01 00:00:00+08:00,61.70000076293945,61.70000076293945,59.0,61.099998474121094,5000,0.0,0.0
2022-03-02 00:00:00+08:00,60.0,62.0,58.29999923706055,58.29999923706055,9000,0.0,0.0
2022-03-03 00:00:00+08:00,60.29999923706055,60.29999923706055,60.29999923706055,56.79999923706055,1000,0.0,0.0
2022-03-04 00:00:00+08:00,56.79999923706055,56.79999923706055,56.79999923706055,56.79999923706055,0,0.0,0.0
2022-03-07 00:00:00+08:00,59.400001525878906,59.400001525878906,59.400001525878906,59.400001525878906,1000,0.0,0.0
2022-03-08 00:00:00+08:00,60.400001525878906,60.400001525878906,60.400001525878906,60.400001525878906,1000,0.0,0.0
2022-03-09 00:00:00+08:00,60.29999923706055,60.900001525878906,60.29999923706055,60.900001525878906,13000,0.0,0.0
2022-03-10 00:00:00+08:00,64.80000305175781,66.0999984741211,61.900001525878906,61.900001525878906,3000,0.0,0.0
2022-03-11 00:00:00+08:00,63.0,64.80000305175781,63.0,63.5,4000,0.0,0.0
2022-03-14 00:00:00+08:00,59.099998474121094,65.80000305175781,59.099998474121094,64.5,8000,0.0,0.0
2022-03-15 00:00:00+08:00,66.4000015258789,66.4000015258789,66.4000015258789,66.4000015258789,1000,0.0,0.0
2022-03-16 00:00:00+08:00,61.099998474121094,61.900001525878906,60.20000076293945,61.900001525878906,5000,0.0,0.0
2022-03-17 00:00:00+08:00,61.900001525878906,61.900001525878906,61.900001525878906,61.900001525878906,0,0.0,0.0
2022-03-18 00:00:00+08:00,61.900001525878906,61.900001525878906,61.900001525878906,61.900001525878906,0,0.0,0.0
2022-03-21 00:00:00+08:00,65.19999694824219,65.19999694824219,60.099998474121094,63.0,9000,0.0,0.0
2022-03-22 00:00:00+08:00,66.9000015258789,66.9000015258789,57.79999923706055,57.79999923706055,6000,0.0,0.0
2022-03-23 00:00:00+08:00,61.400001525878906,61.599998474121094,56.70000076293945,61.0,17000,0.0,0.0
2022-03-24 00:00:00+08:00,60.29999923706055,60.29999923706055,58.0,57.900001525878906,7000,0.0,0.0
2022-03-25 00:00:00+08:00,57.5,58.099998474121094,55.20000076293945,55.20000076293945,7000,0.0,0.0
2022-03-28 00:00:00+08:00,56.70000076293945,58.099998474121094,55.20000076293945,51.29999923706055,5000,0.0,0.0
2022-03-29 00:00:00+08:00,53.79999923706055,54.900001525878906,53.599998474121094,54.900001525878906,8000,0.0,0.0
2022-03-30 00:00:00+08:00,58.5,58.5,58.5,55.0,1000,0.0,0.0
2022-03-31 00:00:00+08:00,53.099998474121094,59.599998474121094,53.099998474121094,56.79999923706055,18000,0.0,0.0
2022-04-01 00:00:00+08:00,56.79999923706055,56.79999923706055,56.79999923706055,56.79999923706055,0,0.0,0.0
2022-04-06 00:00:00+08:00,56.79999923706055,57.5,55.099998474121094,53.900001525878906,9000,0.0,0.0
2022-04-07 00:00:00+08:00,60.20000076293945,60.20000076293945,55.099998474121094,56.900001525878906,5000,0.0,0.0
2022-04-08 00:00:00+08:00,56.900001525878906,56.900001525878906,56.900001525878906,56.900001525878906,0,0.0,0.0
2022-04-11 00:00:00+08:00,56.900001525878906,56.900001525878906,56.900001525878906,56.900001525878906,0,0.0,0.0
2022-04-12 00:00:00+08:00,56.900001525878906,56.900001525878906,56.900001525878906,56.900001525878906,0,0.0,0.0
2022-04-13 00:00:00+08:00,58.70000076293945,58.70000076293945,54.70000076293945,54.70000076293945,3000,0.0,0.0
2022-04-14 00:00:00+08:00,55.5,56.79999923706055,54.79999923706055,55.599998474121094,9000,0.0,0.0
2022-04-15 00:00:00+08:00,58.099998474121094,58.70000076293945,55.599998474121094,57.400001525878906,9000,0.0,0.0
2022-04-18 00:00:00+08:00,61.5,61.5,57.400001525878906,60.29999923706055,13000,0.0,0.0
2022-04-19 00:00:00+08:00,60.29999923706055,65.80000305175781,60.20000076293945,61.29999923706055,6000,0.0,0.0
2022-04-20 00:00:00+08:00,59.5,59.5,59.0,59.0,4000,0.0,0.0
2022-04-21 00:00:00+08:00,58.099998474121094,59.0,58.099998474121094,58.20000076293945,2000,0.0,0.0
2022-04-22 00:00:00+08:00,60.70000076293945,60.70000076293945,60.599998474121094,60.599998474121094,3000,0.0,0.0
2022-04-25 00:00:00+08:00,60.599998474121094,60.599998474121094,60.599998474121094,60.599998474121094,0,0.0,0.0
2022-04-26 00:00:00+08:00,60.599998474121094,60.599998474121094,60.599998474121094,60.599998474121094,0,0.0,0.0
2022-04-27 00:00:00+08:00,60.599998474121094,60.599998474121094,60.599998474121094,60.599998474121094,0,0.0,0.0
2022-04-28 00:00:00+08:00,57.0,60.900001525878906,56.099998474121094,60.900001525878906,14000,0.0,0.0
2022-04-29 00:00:00+08:00,60.0,60.0,55.29999923706055,55.29999923706055,15000,0.0,0.0
2022-05-03 00:00:00+08:00,55.29999923706055,55.29999923706055,55.29999923706055,55.29999923706055,0,0.0,0.0
2022-05-04 00:00:00+08:00,56.5,57.5,50.900001525878906,50.900001525878906,17000,0.0,0.0
2022-05-05 00:00:00+08:00,47.900001525878906,53.099998474121094,47.900001525878906,52.099998474121094,24000,0.0,0.0
2022-05-06 00:00:00+08:00,50.79999923706055,50.79999923706055,46.900001525878906,46.900001525878906,30000,0.0,0.0
2022-05-09 00:00:00+08:00,47.599998474121094,47.599998474121094,42.25,42.25,29000,0.0,0.0
2022-05-10 00:00:00+08:00,38.04999923706055,43.150001525878906,38.04999923706055,42.5,22000,0.0,0.0
2022-05-11 00:00:00+08:00,40.0,40.0,38.25,39.79999923706055,18000,0.0,0.0
2022-05-12 00:00:00+08:00,35.099998474121094,36.79999923706055,34.599998474121094,35.0,25000,0.0,0.0
2022-05-13 00:00:00+08:00,32.099998474121094,34.29999923706055,31.5,31.5,59000,0.0,0.0
2022-05-16 00:00:00+08:00,31.100000381469727,33.849998474121094,31.100000381469727,31.5,9000,0.0,0.0
2022-05-17 00:00:00+08:00,31.5,32.5,31.5,32.5,3000,0.0,0.0
2022-05-18 00:00:00+08:00,32.5,33.599998474121094,32.5,33.599998474121094,5000,0.0,0.0
2022-05-19 00:00:00+08:00,32.04999923706055,32.04999923706055,30.399999618530273,30.399999618530273,5000,0.0,0.0
2022-05-20 00:00:00+08:00,30.399999618530273,32.400001525878906,30.399999618530273,31.399999618530273,6000,0.0,0.0
2022-05-23 00:00:00+08:00,31.399999618530273,33.0,31.399999618530273,33.0,12000,0.0,0.0
2022-05-24 00:00:00+08:00,31.5,33.04999923706055,31.5,33.04999923706055,6000,0.0,0.0
2022-05-25 00:00:00+08:00,33.5,34.0,33.5,34.0,6000,0.0,0.0
2022-05-26 00:00:00+08:00,34.0,35.70000076293945,34.0,35.70000076293945,5000,0.0,0.0
2022-05-27 00:00:00+08:00,36.150001525878906,36.75,35.5,36.75,20000,0.0,0.0
2022-05-30 00:00:00+08:00,37.5,37.5,35.0,37.20000076293945,5000,0.0,0.0
2022-05-31 00:00:00+08:00,36.5,36.5,36.5,36.5,3000,0.0,0.0
2022-06-01 00:00:00+08:00,36.5,36.5,36.5,36.5,1000,0.0,0.0
2022-06-02 00:00:00+08:00,36.5,37.5,36.5,37.5,11000,0.0,0.0
2022-06-06 00:00:00+08:00,37.5,37.5,37.5,37.5,13000,0.0,0.0
2022-06-07 00:00:00+08:00,38.45000076293945,40.5,38.45000076293945,40.0,9000,0.0,0.0
2022-06-08 00:00:00+08:00,42.5,42.5,40.54999923706055,42.5,12000,0.0,0.0
2022-06-09 00:00:00+08:00,40.25,44.20000076293945,40.25,44.20000076293945,13000,0.0,0.0
2022-06-10 00:00:00+08:00,45.0,47.29999923706055,44.79999923706055,46.95000076293945,9000,0.0,0.0
2022-06-13 00:00:00+08:00,46.0,49.75,46.0,42.900001525878906,7000,0.0,0.0
2022-06-14 00:00:00+08:00,43.400001525878906,46.75,43.400001525878906,46.45000076293945,6000,0.0,0.0
2022-06-15 00:00:00+08:00,46.45000076293945,46.45000076293945,46.45000076293945,46.45000076293945,0,0.0,0.0
2022-06-16 00:00:00+08:00,48.349998474121094,48.349998474121094,43.0,46.0,9000,0.0,0.0
2022-06-17 00:00:00+08:00,42.599998474121094,46.45000076293945,42.599998474121094,46.45000076293945,12000,0.0,0.0
2022-06-20 00:00:00+08:00,45.79999923706055,47.349998474121094,45.79999923706055,43.849998474121094,2000,0.0,0.0
2022-06-21 00:00:00+08:00,43.849998474121094,43.849998474121094,43.849998474121094,43.849998474121094,0,0.0,0.0
2022-06-22 00:00:00+08:00,47.349998474121094,47.349998474121094,44.0,44.0,2000,0.0,0.0
2022-06-23 00:00:00+08:00,48.150001525878906,48.150001525878906,48.150001525878906,43.5,1000,0.0,0.0
2022-06-24 00:00:00+08:00,48.150001525878906,49.400001525878906,45.29999923706055,47.25,13000,0.0,0.0
2022-06-27 00:00:00+08:00,46.20000076293945,46.79999923706055,46.20000076293945,46.900001525878906,2000,0.0,0.0
2022-06-28 00:00:00+08:00,46.79999923706055,47.79999923706055,45.900001525878906,47.25,8000,0.0,0.0
2022-06-29 00:00:00+08:00,47.25,47.25,47.25,47.25,0,0.0,0.0
2022-06-30 00:00:00+08:00,47.95000076293945,47.95000076293945,47.95000076293945,42.5,1000,0.0,0.0
2022-07-01 00:00:00+08:00,46.79999923706055,46.79999923706055,43.25,47.650001525878906,17000,0.0,0.0
2022-07-04 00:00:00+08:00,39.79999923706055,45.45000076293945,39.79999923706055,45.45000076293945,9000,0.0,0.0
2022-07-05 00:00:00+08:00,46.400001525878906,46.400001525878906,41.54999923706055,43.650001525878906,11000,0.0,0.0
2022-07-06 00:00:00+08:00,43.650001525878906,43.650001525878906,43.650001525878906,43.650001525878906,0,0.0,0.0
2022-07-07 00:00:00+08:00,43.650001525878906,43.650001525878906,43.650001525878906,43.650001525878906,0,0.0,0.0
2022-07-08 00:00:00+08:00,40.5,42.400001525878906,40.349998474121094,42.400001525878906,6000,0.0,0.0
2022-07-11 00:00:00+08:00,44.349998474121094,44.349998474121094,44.349998474121094,44.349998474121094,1000,0.0,0.0
2022-07-12 00:00:00+08:00,41.349998474121094,43.5,41.349998474121094,40.599998474121094,4000,0.0,0.0
2022-07-13 00:00:00+08:00,45.650001525878906,46.150001525878906,45.650001525878906,41.04999923706055,2000,0.0,0.0
2022-07-14 00:00:00+08:00,43.20000076293945,43.650001525878906,42.04999923706055,42.04999923706055,5000,0.0,0.0
2022-07-15 00:00:00+08:00,44.29999923706055,44.900001525878906,42.04999923706055,43.04999923706055,7000,0.0,0.0
2022-07-18 00:00:00+08:00,45.29999923706055,46.45000076293945,43.0,41.650001525878906,10000,0.0,0.0
2022-07-19 00:00:00+08:00,45.04999923706055,45.04999923706055,42.75,43.650001525878906,5000,0.0,0.0
2022-07-20 00:00:00+08:00,45.25,45.25,43.849998474121094,43.849998474121094,2000,0.0,0.0
2022-07-21 00:00:00+08:00,45.79999923706055,47.29999923706055,45.0,45.0,4000,0.0,0.0
2022-07-22 00:00:00+08:00,46.95000076293945,46.95000076293945,45.900001525878906,45.900001525878906,2000,0.0,0.0
2022-07-25 00:00:00+08:00,44.0,44.95000076293945,41.900001525878906,44.5,16000,0.0,0.0
2022-07-26 00:00:00+08:00,44.0,45.79999923706055,41.75,43.04999923706055,9000,0.0,0.0
2022-07-27 00:00:00+08:00,42.0,43.75,41.599998474121094,43.75,5000,0.0,0.0
2022-07-28 00:00:00+08:00,42.5,42.849998474121094,41.5,42.849998474121094,3000,0.0,0.0
2022-07-29 00:00:00+08:00,44.5,44.5,42.20000076293945,43.70000076293945,3000,0.0,0.0
2022-08-01 00:00:00+08:00,47.150001525878906,47.150001525878906,47.150001525878906,41.70000076293945,1000,0.0,0.0
2022-08-02 00:00:00+08:00,42.650001525878906,46.25,42.45000076293945,44.79999923706055,13000,0.0,0.0
2022-08-03 00:00:00+08:00,44.79999923706055,44.79999923706055,44.79999923706055,44.79999923706055,0,0.0,0.0
2022-08-04 00:00:00+08:00,44.79999923706055,44.79999923706055,40.349998474121094,43.150001525878906,11000,0.0,0.0
2022-08-05 00:00:00+08:00,43.150001525878906,43.150001525878906,43.150001525878906,43.150001525878906,0,0.0,0.0
2022-08-08 00:00:00+08:00,43.150001525878906,43.150001525878906,43.150001525878906,43.150001525878906,0,0.0,0.0
2022-08-09 00:00:00+08:00,43.150001525878906,43.150001525878906,43.150001525878906,43.150001525878906,0,0.0,0.0
2022-08-10 00:00:00+08:00,43.29999923706055,43.29999923706055,43.29999923706055,43.29999923706055,1000,0.0,0.0
2022-08-11 00:00:00+08:00,43.29999923706055,43.29999923706055,43.29999923706055,43.29999923706055,0,0.0,0.0
2022-08-12 00:00:00+08:00,42.599998474121094,42.599998474121094,41.45000076293945,42.04999923706055,7000,0.0,0.0
2022-08-15 00:00:00+08:00,41.900001525878906,42.75,41.900001525878906,42.75,3000,0.0,0.0
2022-08-16 00:00:00+08:00,42.75,42.75,42.75,42.75,0,0.0,0.0
2022-08-17 00:00:00+08:00,44.099998474121094,44.099998474121094,40.599998474121094,42.25,6000,0.0,0.0
2022-08-18 00:00:00+08:00,41.04999923706055,42.29999923706055,41.0,42.29999923706055,7000,0.0,0.0
2022-08-19 00:00:00+08:00,41.0,41.75,39.0,41.75,10000,0.0,0.0
2022-08-22 00:00:00+08:00,39.54999923706055,40.0,39.54999923706055,39.95000076293945,4000,0.0,0.0
2022-08-23 00:00:00+08:00,37.849998474121094,39.70000076293945,37.849998474121094,38.099998474121094,3000,0.0,0.0
2022-08-24 00:00:00+08:00,38.150001525878906,39.95000076293945,36.849998474121094,38.20000076293945,12000,0.0,0.0
2022-08-25 00:00:00+08:00,39.349998474121094,39.349998474121094,39.349998474121094,39.349998474121094,1000,0.0,0.0
2022-08-26 00:00:00+08:00,39.95000076293945,39.95000076293945,39.29999923706055,39.29999923706055,3000,0.0,0.0
2022-08-29 00:00:00+08:00,38.900001525878906,40.20000076293945,38.900001525878906,39.75,4000,0.0,0.0
2022-08-30 00:00:00+08:00,39.75,40.04999923706055,39.75,40.04999923706055,3000,0.0,0.0
2022-08-31 00:00:00+08:00,40.0,40.900001525878906,40.0,40.900001525878906,2000,0.0,0.0
2022-09-01 00:00:00+08:00,40.900001525878906,40.900001525878906,40.900001525878906,40.900001525878906,0,0.0,0.0
2022-09-02 00:00:00+08:00,40.900001525878906,40.900001525878906,40.900001525878906,40.900001525878906,0,0.0,0.0
2022-09-05 00:00:00+08:00,39.79999923706055,39.900001525878906,37.900001525878906,38.20000076293945,6000,0.0,0.0
2022-09-06 00:00:00+08:00,39.599998474121094,39.95000076293945,38.599998474121094,39.099998474121094,6000,0.0,0.0
2022-09-07 00:00:00+08:00,38.54999923706055,39.95000076293945,38.54999923706055,39.95000076293945,4000,0.0,0.0
2022-09-08 00:00:00+08:00,38.54999923706055,40.79999923706055,38.5,38.29999923706055,18000,0.0,0.0
2022-09-12 00:00:00+08:00,39.349998474121094,40.099998474121094,38.29999923706055,38.75,5000,0.0,0.0
2022-09-13 00:00:00+08:00,39.95000076293945,39.95000076293945,39.0,39.0,6000,0.0,0.0
2022-09-14 00:00:00+08:00,39.599998474121094,39.599998474121094,39.349998474121094,37.29999923706055,2000,0.0,0.0
2022-09-15 00:00:00+08:00,38.04999923706055,41.20000076293945,38.0,41.20000076293945,13000,0.0,0.0
2022-09-16 00:00:00+08:00,39.20000076293945,40.04999923706055,39.20000076293945,40.0,3000,0.0,0.0
2022-09-19 00:00:00+08:00,38.04999923706055,39.75,38.04999923706055,39.75,2000,0.0,0.0
2022-09-20 00:00:00+08:00,38.79999923706055,39.599998474121094,38.79999923706055,39.599998474121094,2000,0.0,0.0
2022-09-21 00:00:00+08:00,38.54999923706055,39.54999923706055,38.54999923706055,38.650001525878906,11000,0.0,0.0
2022-09-22 00:00:00+08:00,39.349998474121094,39.349998474121094,39.349998474121094,39.349998474121094,1000,0.0,0.0
2022-09-23 00:00:00+08:00,37.95000076293945,39.099998474121094,37.95000076293945,39.099998474121094,5000,0.0,0.0
2022-09-26 00:00:00+08:00,38.04999923706055,39.04999923706055,38.04999923706055,39.04999923706055,2000,0.0,0.0
2022-09-27 00:00:00+08:00,37.79999923706055,39.75,37.79999923706055,39.75,3000,0.0,0.0
2022-09-28 00:00:00+08:00,42.900001525878906,42.900001525878906,39.79999923706055,40.849998474121094,3000,0.0,0.0
2022-09-29 00:00:00+08:00,40.849998474121094,41.650001525878906,40.849998474121094,41.650001525878906,3000,0.0,0.0
2022-09-30 00:00:00+08:00,40.0,40.0,40.0,40.0,1000,0.0,0.0
2022-10-03 00:00:00+08:00,42.599998474121094,42.599998474121094,40.0,40.0,11000,0.0,0.0
2022-10-04 00:00:00+08:00,40.0,40.04999923706055,40.0,40.04999923706055,2000,0.0,0.0
2022-10-05 00:00:00+08:00,40.0,41.5,39.29999923706055,38.5,8000,0.0,0.0
2022-10-06 00:00:00+08:00,39.79999923706055,40.0,39.79999923706055,40.0,2000,0.0,0.0
2022-10-07 00:00:00+08:00,40.29999923706055,41.79999923706055,40.29999923706055,41.79999923706055,2000,0.0,0.0
2022-10-11 00:00:00+08:00,42.0,42.0,42.0,42.0,1000,0.0,0.0
2022-10-12 00:00:00+08:00,42.0,42.0,41.849998474121094,41.849998474121094,2000,0.0,0.0
2022-10-13 00:00:00+08:00,39.099998474121094,39.599998474121094,39.099998474121094,39.599998474121094,5000,0.0,0.0
2022-10-14 00:00:00+08:00,40.400001525878906,41.400001525878906,40.400001525878906,41.400001525878906,3000,0.0,0.0
2022-10-17 00:00:00+08:00,40.0,43.150001525878906,38.95000076293945,43.150001525878906,12000,0.0,0.0
2022-10-18 00:00:00+08:00,43.150001525878906,43.150001525878906,43.150001525878906,43.150001525878906,0,0.0,0.0
2022-10-19 00:00:00+08:00,43.849998474121094,43.849998474121094,43.849998474121094,43.849998474121094,1000,0.0,0.0
2022-10-20 00:00:00+08:00,43.849998474121094,43.849998474121094,43.849998474121094,43.849998474121094,0,0.0,0.0
2022-10-21 00:00:00+08:00,39.54999923706055,41.0,38.79999923706055,38.79999923706055,9000,0.0,0.0
2022-10-24 00:00:00+08:00,37.5,37.650001525878906,37.0,37.0,8000,0.0,0.0
2022-10-25 00:00:00+08:00,37.0,37.0,37.0,37.0,0,0.0,0.0
2022-10-26 00:00:00+08:00,37.95000076293945,38.75,37.95000076293945,36.20000076293945,2000,0.0,0.0
2022-10-27 00:00:00+08:00,36.20000076293945,36.20000076293945,36.20000076293945,36.20000076293945,0,0.0,0.0
2022-10-28 00:00:00+08:00,36.20000076293945,36.20000076293945,36.20000076293945,36.20000076293945,0,0.0,0.0
2022-10-31 00:00:00+08:00,38.900001525878906,38.900001525878906,38.900001525878906,38.900001525878906,1000,0.0,0.0
2022-11-01 00:00:00+08:00,39.25,40.25,37.650001525878906,38.54999923706055,9000,0.0,0.0
2022-11-02 00:00:00+08:00,39.70000076293945,39.79999923706055,38.599998474121094,37.5,3000,0.0,0.0
2022-11-03 00:00:00+08:00,39.900001525878906,41.29999923706055,39.900001525878906,39.349998474121094,4000,0.0,0.0
2022-11-04 00:00:00+08:00,39.349998474121094,39.349998474121094,39.349998474121094,39.349998474121094,0,0.0,0.0
2022-11-07 00:00:00+08:00,42.0,42.0,42.0,37.20000076293945,1000,0.0,0.0
2022-11-08 00:00:00+08:00,40.95000076293945,42.5,39.900001525878906,40.900001525878906,4000,0.0,0.0
2022-11-09 00:00:00+08:00,39.20000076293945,40.29999923706055,38.5,38.5,7000,0.0,0.0
2022-11-10 00:00:00+08:00,38.5,39.70000076293945,38.5,39.70000076293945,3000,0.0,0.0
2022-11-11 00:00:00+08:00,39.70000076293945,39.70000076293945,39.70000076293945,39.70000076293945,0,0.0,0.0
2022-11-14 00:00:00+08:00,39.70000076293945,39.70000076293945,39.70000076293945,39.70000076293945,0,0.0,0.0
2022-11-15 00:00:00+08:00,39.70000076293945,39.70000076293945,39.70000076293945,39.70000076293945,0,0.0,0.0
2022-11-16 00:00:00+08:00,40.849998474121094,40.849998474121094,40.849998474121094,40.849998474121094,1000,0.0,0.0
2022-11-17 00:00:00+08:00,39.70000076293945,41.5,39.599998474121094,39.599998474121094,5000,0.0,0.0
2022-11-18 00:00:00+08:00,40.599998474121094,40.599998474121094,40.599998474121094,39.5,1000,0.0,0.0
2022-11-21 00:00:00+08:00,39.95000076293945,39.95000076293945,39.349998474121094,39.349998474121094,4000,0.0,0.0
2022-11-22 00:00:00+08:00,40.29999923706055,40.29999923706055,40.29999923706055,40.29999923706055,1000,0.0,0.0
2022-11-23 00:00:00+08:00,40.79999923706055,40.79999923706055,40.79999923706055,40.79999923706055,1000,0.0,0.0
2022-11-24 00:00:00+08:00,40.79999923706055,40.79999923706055,40.79999923706055,40.79999923706055,0,0.0,0.0
2022-11-25 00:00:00+08:00,41.5,41.5,40.0,40.900001525878906,3000,0.0,0.0
2022-11-28 00:00:00+08:00,41.900001525878906,41.900001525878906,39.0,40.29999923706055,20000,0.0,0.0
2022-11-29 00:00:00+08:00,40.29999923706055,40.29999923706055,40.29999923706055,40.29999923706055,0,0.0,0.0
2022-11-30 00:00:00+08:00,40.29999923706055,40.29999923706055,40.29999923706055,40.29999923706055,0,0.0,0.0
2022-12-01 00:00:00+08:00,39.95000076293945,39.95000076293945,39.599998474121094,39.599998474121094,5000,0.0,0.0
2022-12-02 00:00:00+08:00,38.54999923706055,40.400001525878906,37.20000076293945,39.400001525878906,15000,0.0,0.0
2022-12-05 00:00:00+08:00,39.400001525878906,39.400001525878906,39.400001525878906,39.400001525878906,0,0.0,0.0
2022-12-06 00:00:00+08:00,39.70000076293945,39.70000076293945,38.75,39.54999923706055,8000,0.0,0.0
2022-12-07 00:00:00+08:00,39.54999923706055,39.54999923706055,39.54999923706055,39.54999923706055,0,0.0,0.0
2022-12-08 00:00:00+08:00,39.54999923706055,39.54999923706055,39.54999923706055,39.54999923706055,0,0.0,0.0
2022-12-09 00:00:00+08:00,39.45000076293945,39.45000076293945,37.79999923706055,38.900001525878906,3000,0.0,0.0
2022-12-12 00:00:00+08:00,39.45000076293945,39.45000076293945,38.79999923706055,38.79999923706055,6000,0.0,0.0
2022-12-13 00:00:00+08:00,39.5,40.95000076293945,38.95000076293945,40.04999923706055,7000,0.0,0.0
2022-12-14 00:00:00+08:00,39.5,40.5,39.5,40.5,2000,0.0,0.0
2022-12-15 00:00:00+08:00,40.5,40.5,40.5,40.5,0,0.0,0.0
2022-12-16 00:00:00+08:00,41.5,41.5,41.5,38.70000076293945,1000,0.0,0.0
2022-12-19 00:00:00+08:00,41.349998474121094,41.349998474121094,39.79999923706055,39.79999923706055,2000,0.0,0.0
2022-12-20 00:00:00+08:00,39.29999923706055,39.79999923706055,38.25,39.599998474121094,8000,0.0,0.0
2022-12-21 00:00:00+08:00,40.599998474121094,40.599998474121094,40.599998474121094,37.25,1000,0.0,0.0
2022-12-22 00:00:00+08:00,37.25,37.25,37.25,37.25,0,0.0,0.0
2022-12-23 00:00:00+08:00,37.25,37.25,37.25,37.25,0,0.0,0.0
2022-12-26 00:00:00+08:00,39.95000076293945,39.95000076293945,39.95000076293945,37.599998474121094,1000,0.0,0.0
2022-12-27 00:00:00+08:00,37.599998474121094,37.599998474121094,37.599998474121094,37.599998474121094,0,0.0,0.0
2022-12-28 00:00:00+08:00,37.599998474121094,37.599998474121094,37.599998474121094,37.599998474121094,0,0.0,0.0
2022-12-29 00:00:00+08:00,37.599998474121094,37.599998474121094,37.599998474121094,37.599998474121094,0,0.0,0.0
2022-12-30 00:00:00+08:00,37.599998474121094,37.599998474121094,37.599998474121094,37.599998474121094,0,0.0,0.0
2023-01-03 00:00:00+08:00,37.599998474121094,37.599998474121094,37.599998474121094,37.599998474121094,0,0.0,0.0
2023-01-04 00:00:00+08:00,37.599998474121094,37.599998474121094,37.599998474121094,37.599998474121094,0,0.0,0.0
2023-01-05 00:00:00+08:00,40.5,40.5,40.5,36.29999923706055,1000,0.0,0.0
2023-01-06 00:00:00+08:00,36.29999923706055,36.29999923706055,36.29999923706055,36.29999923706055,0,0.0,0.0
2023-01-09 00:00:00+08:00,38.79999923706055,38.79999923706055,38.79999923706055,38.79999923706055,1000,0.0,0.0
2023-01-10 00:00:00+08:00,39.75,39.75,39.75,39.75,1000,0.0,0.0
2023-01-11 00:00:00+08:00,39.75,39.75,39.75,39.75,0,0.0,0.0
2023-01-12 00:00:00+08:00,37.599998474121094,39.20000076293945,37.599998474121094,39.20000076293945,3000,0.0,0.0
2023-01-13 00:00:00+08:00,40.04999923706055,40.04999923706055,40.04999923706055,36.70000076293945,1000,0.0,0.0
2023-01-16 00:00:00+08:00,38.54999923706055,38.54999923706055,38.5,38.5,2000,0.0,0.0
2023-01-17 00:00:00+08:00,39.0,39.0,39.0,39.0,1000,0.0,0.0
2023-01-30 00:00:00+08:00,39.0,39.95000076293945,39.0,39.95000076293945,3000,0.0,0.0
2023-01-31 00:00:00+08:00,39.650001525878906,40.150001525878906,38.79999923706055,38.79999923706055,4000,0.0,0.0
2023-02-01 00:00:00+08:00,38.79999923706055,38.79999923706055,38.79999923706055,38.79999923706055,0,0.0,0.0
2023-02-02 00:00:00+08:00,39.150001525878906,39.599998474121094,38.5,38.5,9000,0.0,0.0
2023-02-03 00:00:00+08:00,39.099998474121094,39.099998474121094,37.5,38.900001525878906,8000,0.0,0.0
2023-02-06 00:00:00+08:00,38.5,38.5,38.45000076293945,38.45000076293945,2000,0.0,0.0
2023-02-07 00:00:00+08:00,38.849998474121094,40.0,38.5,39.5,18000,0.0,0.0
2023-02-08 00:00:00+08:00,39.5,40.099998474121094,39.5,40.099998474121094,10000,0.0,0.0
2023-02-09 00:00:00+08:00,41.0,42.45000076293945,40.0,41.599998474121094,23000,0.0,0.0
2023-02-10 00:00:00+08:00,40.25,41.04999923706055,40.0,40.0,16000,0.0,0.0
2023-02-13 00:00:00+08:00,40.0,41.0,39.79999923706055,40.650001525878906,9000,0.0,0.0
2023-02-14 00:00:00+08:00,40.650001525878906,40.650001525878906,39.400001525878906,40.099998474121094,21000,0.0,0.0
2023-02-15 00:00:00+08:00,39.349998474121094,39.849998474121094,39.25,39.25,3000,0.0,0.0
2023-02-16 00:00:00+08:00,39.400001525878906,39.400001525878906,39.400001525878906,39.400001525878906,1000,0.0,0.0
2023-02-17 00:00:00+08:00,38.79999923706055,39.45000076293945,38.25,39.04999923706055,17000,0.0,0.0
2023-02-20 00:00:00+08:00,38.349998474121094,39.099998474121094,38.29999923706055,39.099998474121094,3000,0.0,0.0
2023-02-21 00:00:00+08:00,39.099998474121094,39.099998474121094,38.099998474121094,39.0,13000,0.0,0.0
2023-02-22 00:00:00+08:00,38.150001525878906,39.95000076293945,38.150001525878906,39.099998474121094,6000,0.0,0.0
2023-02-23 00:00:00+08:00,38.400001525878906,39.79999923706055,38.20000076293945,39.349998474121094,7000,0.0,0.0
2023-02-24 00:00:00+08:00,38.95000076293945,39.0,38.150001525878906,38.75,10000,0.0,0.0
2023-03-01 00:00:00+08:00,38.20000076293945,38.900001525878906,38.20000076293945,38.900001525878906,2000,0.0,0.0
2023-03-02 00:00:00+08:00,38.150001525878906,38.5,38.0,38.5,4000,0.0,0.0
2023-03-03 00:00:00+08:00,38.5,38.5,38.5,38.5,0,0.0,0.0
2023-03-06 00:00:00+08:00,38.0,38.75,38.0,38.75,2000,0.0,0.0
2023-03-07 00:00:00+08:00,39.70000076293945,39.75,36.900001525878906,39.099998474121094,9000,0.0,0.0
2023-03-08 00:00:00+08:00,38.900001525878906,38.900001525878906,37.650001525878906,38.0,7000,0.0,0.0
2023-03-09 00:00:00+08:00,38.0,38.0,38.0,38.0,1000,0.0,0.0
2023-03-10 00:00:00+08:00,39.0,39.0,37.150001525878906,37.150001525878906,7000,0.0,0.0
2023-03-13 00:00:00+08:00,37.400001525878906,37.400001525878906,37.400001525878906,37.400001525878906,1000,0.0,0.0
2023-03-14 00:00:00+08:00,36.25,37.0,36.25,36.849998474121094,8000,0.0,0.0
2023-03-15 00:00:00+08:00,36.5,36.5,36.400001525878906,36.400001525878906,4000,0.0,0.0
2023-03-16 00:00:00+08:00,36.75,36.75,36.400001525878906,36.400001525878906,7000,0.0,0.0
2023-03-17 00:00:00+08:00,36.650001525878906,37.45000076293945,36.650001525878906,37.04999923706055,25000,0.0,0.0
2023-03-20 00:00:00+08:00,37.79999923706055,38.25,37.79999923706055,38.04999923706055,27000,0.0,0.0
2023-03-21 00:00:00+08:00,38.20000076293945,38.900001525878906,38.20000076293945,38.849998474121094,37000,0.0,0.0
2023-03-22 00:00:00+08:00,39.0,42.70000076293945,39.0,42.70000076293945,83000,0.0,0.0
2023-03-23 00:00:00+08:00,45.900001525878906,46.95000076293945,45.900001525878906,46.95000076293945,213000,0.0,0.0
2023-03-24 00:00:00+08:00,51.599998474121094,51.599998474121094,51.0,51.599998474121094,339000,0.0,0.0
2023-03-27 00:00:00+08:00,53.79999923706055,56.5,53.400001525878906,56.29999923706055,161000,0.0,0.0
2023-03-28 00:00:00+08:00,60.70000076293945,60.70000076293945,56.29999923706055,58.0,94000,0.0,0.0
2023-03-29 00:00:00+08:00,59.79999923706055,59.79999923706055,57.400001525878906,57.79999923706055,94000,0.0,0.0
2023-03-30 00:00:00+08:00,59.29999923706055,59.29999923706055,52.099998474121094,52.099998474121094,125000,0.0,0.0
2023-03-31 00:00:00+08:00,50.0,53.0,47.0,48.75,112000,0.0,0.0
2023-04-06 00:00:00+08:00,48.5,50.20000076293945,48.5,49.349998474121094,57000,0.0,0.0
2023-04-07 00:00:00+08:00,49.599998474121094,49.900001525878906,48.75,49.75,24000,0.0,0.0
2023-04-10 00:00:00+08:00,49.75,51.0,49.75,51.0,28000,0.0,0.0
2023-04-11 00:00:00+08:00,51.400001525878906,52.5,50.0,52.5,41000,0.0,0.0
2023-04-12 00:00:00+08:00,53.29999923706055,55.900001525878906,52.70000076293945,55.599998474121094,61000,0.0,0.0
2023-04-13 00:00:00+08:00,56.0,57.099998474121094,55.79999923706055,57.0,79000,0.0,0.0
2023-04-14 00:00:00+08:00,58.70000076293945,58.70000076293945,56.099998474121094,57.400001525878906,63000,0.0,0.0
2023-04-17 00:00:00+08:00,57.70000076293945,60.70000076293945,57.70000076293945,59.0,148000,0.0,0.0
2023-04-18 00:00:00+08:00,59.599998474121094,64.9000015258789,59.599998474121094,64.9000015258789,283000,0.0,0.0
2023-04-19 00:00:00+08:00,65.0,67.0999984741211,64.5,67.0999984741211,369000,0.0,0.0
2023-04-20 00:00:00+08:00,66.30000305175781,72.5,66.19999694824219,70.5999984741211,194000,0.0,0.0
2023-04-21 00:00:00+08:00,77.5999984741211,77.5999984741211,77.5999984741211,77.5999984741211,266000,0.0,0.0
2023-04-24 00:00:00+08:00,85.30000305175781,85.30000305175781,85.0,85.30000305175781,299000,0.0,0.0
2023-04-25 00:00:00+08:00,85.30000305175781,91.19999694824219,84.80000305175781,86.5,260000,0.0,0.0
2023-04-26 00:00:00+08:00,86.4000015258789,87.5999984741211,86.4000015258789,87.5999984741211,52000,0.0,0.0
2023-04-27 00:00:00+08:00,87.9000015258789,87.9000015258789,82.9000015258789,86.0,43000,0.0,0.0
2023-04-28 00:00:00+08:00,87.80000305175781,88.0,86.4000015258789,88.0,55000,0.0,0.0
2023-05-02 00:00:00+08:00,89.0,92.0,89.0,91.9000015258789,71000,0.0,0.0
2023-05-03 00:00:00+08:00,91.80000305175781,93.5,91.0,93.4000015258789,56000,0.0,0.0
2023-05-04 00:00:00+08:00,95.0,96.5,93.5,96.5,38000,0.0,0.0
2023-05-05 00:00:00+08:00,97.5,99.0,95.5,98.0,50000,0.0,0.0
2023-05-08 00:00:00+08:00,99.5,101.0,99.5,101.0,56000,0.0,0.0
2023-05-09 00:00:00+08:00,91.0,98.0,91.0,91.4000015258789,66000,0.0,0.0
2023-05-10 00:00:00+08:00,83.5,89.80000305175781,83.5,89.80000305175781,64000,0.0,0.0
2023-05-11 00:00:00+08:00,85.0,93.0,85.0,91.69999694824219,74000,0.0,0.0
2023-05-12 00:00:00+08:00,91.0999984741211,92.0999984741211,88.0,91.69999694824219,38000,0.0,0.0
2023-05-15 00:00:00+08:00,91.69999694824219,91.69999694824219,88.0,88.0,23000,0.0,0.0
2023-05-16 00:00:00+08:00,83.0,89.9000015258789,83.0,84.80000305175781,96000,0.0,0.0
2023-05-17 00:00:00+08:00,80.0,80.0,76.4000015258789,76.4000015258789,207000,0.0,0.0
2023-05-18 00:00:00+08:00,72.0,79.0,69.0999984741211,77.0,52000,0.0,0.0
2023-05-19 00:00:00+08:00,75.0,77.0999984741211,75.0,77.0999984741211,11000,0.0,0.0
2023-05-22 00:00:00+08:00,77.0999984741211,79.0,74.0999984741211,78.5,28000,0.0,0.0
2023-05-23 00:00:00+08:00,77.0,79.0,77.0,78.80000305175781,8000,0.0,0.0
2023-05-24 00:00:00+08:00,78.5,78.5999984741211,77.69999694824219,78.5999984741211,11000,0.0,0.0
2023-05-25 00:00:00+08:00,74.0999984741211,74.5,73.19999694824219,74.0,28000,0.0,0.0
2023-05-26 00:00:00+08:00,71.0,73.0,66.5999984741211,66.80000305175781,72000,0.0,0.0
2023-05-29 00:00:00+08:00,60.20000076293945,61.099998474121094,60.20000076293945,60.20000076293945,98000,0.0,0.0
2023-05-30 00:00:00+08:00,54.5,55.0,54.20000076293945,54.20000076293945,169000,0.0,0.0
2023-05-31 00:00:00+08:00,51.400001525878906,59.599998474121094,51.400001525878906,57.5,144000,0.0,0.0
2023-06-01 00:00:00+08:00,60.5,62.20000076293945,59.0,61.20000076293945,73000,0.0,0.0
2023-06-02 00:00:00+08:00,62.0,68.0,62.0,67.80000305175781,60000,0.0,0.0
2023-06-05 00:00:00+08:00,66.0,74.0,66.0,72.80000305175781,57000,0.0,0.0
2023-06-06 00:00:00+08:00,74.0999984741211,77.0,72.0,74.69999694824219,48000,0.0,0.0
2023-06-07 00:00:00+08:00,74.69999694824219,77.0,73.0,77.0,17000,0.0,0.0
2023-06-08 00:00:00+08:00,80.80000305175781,80.80000305175781,71.5,71.80000305175781,39000,0.0,0.0
2023-06-09 00:00:00+08:00,72.4000015258789,75.19999694824219,70.9000015258789,71.0,17000,0.0,0.0
2023-06-12 00:00:00+08:00,70.9000015258789,75.19999694824219,65.19999694824219,65.19999694824219,25000,0.0,0.0
2023-06-13 00:00:00+08:00,67.4000015258789,67.5999984741211,65.19999694824219,67.5999984741211,19000,0.0,0.0
2023-06-14 00:00:00+08:00,67.5,67.5999984741211,63.29999923706055,65.5,17000,0.0,0.0
2023-06-15 00:00:00+08:00,66.4000015258789,66.4000015258789,61.5,62.900001525878906,10000,0.0,0.0
2023-06-16 00:00:00+08:00,62.900001525878906,62.900001525878906,62.0,62.599998474121094,10000,0.0,0.0
2023-06-19 00:00:00+08:00,62.099998474121094,62.099998474121094,62.0,62.0,4000,0.0,0.0
2023-06-20 00:00:00+08:00,62.099998474121094,64.19999694824219,56.70000076293945,63.400001525878906,13000,0.0,0.0
2023-06-21 00:00:00+08:00,63.400001525878906,63.400001525878906,63.400001525878906,63.400001525878906,0,0.0,0.0
2023-06-26 00:00:00+08:00,64.30000305175781,67.5,64.30000305175781,67.5,3000,0.0,0.0
2023-06-27 00:00:00+08:00,67.5,69.0,67.5,69.0,10000,0.0,0.0
2023-06-28 00:00:00+08:00,70.69999694824219,70.80000305175781,68.80000305175781,68.80000305175781,10000,0.0,0.0
2023-06-29 00:00:00+08:00,70.9000015258789,70.9000015258789,69.0,70.80000305175781,11000,0.0,0.0
2023-06-30 00:00:00+08:00,70.80000305175781,70.80000305175781,70.80000305175781,70.80000305175781,1000,0.0,0.0
2023-07-03 00:00:00+08:00,64.19999694824219,69.4000015258789,63.79999923706055,63.900001525878906,27000,0.0,0.0
2023-07-04 00:00:00+08:00,58.5,61.0,57.599998474121094,61.0,33000,0.0,0.0
2023-07-05 00:00:00+08:00,62.79999923706055,62.79999923706055,54.900001525878906,62.0,49000,0.0,0.0
2023-07-06 00:00:00+08:00,50.79999923706055,52.20000076293945,49.45000076293945,50.70000076293945,55000,0.0,0.0
2023-07-07 00:00:00+08:00,53.0,53.0,53.0,53.0,10000,0.0,0.0
2023-07-10 00:00:00+08:00,53.0,54.599998474121094,49.79999923706055,54.599998474121094,14000,0.0,0.0
2023-07-11 00:00:00+08:00,56.0,56.0,50.5,54.20000076293945,11000,0.0,0.0
2023-07-12 00:00:00+08:00,55.0,55.0,55.0,55.0,1000,0.0,0.0
2023-07-13 00:00:00+08:00,56.599998474121094,57.400001525878906,51.79999923706055,52.79999923706055,13000,0.0,0.0
2023-07-14 00:00:00+08:00,52.5,53.70000076293945,49.099998474121094,49.099998474121094,15000,0.0,0.0
2023-07-17 00:00:00+08:00,45.150001525878906,50.099998474121094,45.150001525878906,46.5,25000,0.0,0.0
2023-07-18 00:00:00+08:00,43.349998474121094,45.599998474121094,41.849998474121094,43.04999923706055,39000,0.0,0.0
2023-07-19 00:00:00+08:00,42.349998474121094,42.349998474121094,38.900001525878906,39.349998474121094,35000,0.0,0.0
2023-07-20 00:00:00+08:00,39.20000076293945,40.79999923706055,38.70000076293945,39.349998474121094,30000,0.0,0.0
2023-07-21 00:00:00+08:00,39.349998474121094,39.349998474121094,39.349998474121094,39.349998474121094,0,0.0,0.0
2023-07-24 00:00:00+08:00,40.0,40.0,40.0,40.0,1000,0.0,0.0
2023-07-25 00:00:00+08:00,39.650001525878906,40.95000076293945,39.650001525878906,40.95000076293945,4000,0.0,0.0
2023-07-26 00:00:00+08:00,42.0,45.0,42.0,45.0,34000,0.0,0.0
2023-07-27 00:00:00+08:00,47.5,48.900001525878906,45.79999923706055,45.0,25000,0.0,0.0
2023-07-28 00:00:00+08:00,46.70000076293945,47.349998474121094,44.54999923706055,47.349998474121094,17000,0.0,0.0
2023-07-31 00:00:00+08:00,47.79999923706055,47.79999923706055,46.849998474121094,46.900001525878906,4000,0.0,0.0
2023-08-01 00:00:00+08:00,45.900001525878906,46.79999923706055,42.25,42.25,32000,0.0,0.0
2023-08-02 00:00:00+08:00,42.25,42.25,42.25,38.79999923706055,1000,0.0,0.0
2023-08-04 00:00:00+08:00,43.349998474121094,43.349998474121094,43.349998474121094,38.349998474121094,1000,0.0,0.0
2023-08-07 00:00:00+08:00,39.349998474121094,40.900001525878906,39.04999923706055,40.900001525878906,21000,0.0,0.0
2023-08-08 00:00:00+08:00,42.099998474121094,42.099998474121094,37.54999923706055,38.5,7000,0.0,0.0
2023-08-09 00:00:00+08:00,39.70000076293945,39.70000076293945,37.0,37.0,9000,0.0,0.0
2023-08-10 00:00:00+08:00,37.04999923706055,37.79999923706055,36.0,37.0,13000,0.0,0.0
2023-08-11 00:00:00+08:00,37.0,37.0,36.5,36.5,4000,0.0,0.0
2023-08-14 00:00:00+08:00,37.599998474121094,38.70000076293945,37.599998474121094,38.70000076293945,2000,0.0,0.0
2023-08-15 00:00:00+08:00,37.400001525878906,39.099998474121094,37.400001525878906,37.45000076293945,9000,0.0,0.0
2023-08-16 00:00:00+08:00,36.04999923706055,38.599998474121094,36.04999923706055,36.20000076293945,7000,0.0,0.0
2023-08-17 00:00:00+08:00,37.29999923706055,39.79999923706055,37.29999923706055,39.79999923706055,22000,0.0,0.0
2023-08-18 00:00:00+08:00,41.0,43.5,41.0,43.20000076293945,6000,0.0,0.0
2023-08-21 00:00:00+08:00,42.599998474121094,44.70000076293945,39.599998474121094,43.0,9000,0.0,0.0
2023-08-22 00:00:00+08:00,43.0,43.0,43.0,43.0,0,0.0,0.0
2023-08-23 00:00:00+08:00,43.0,43.0,43.0,43.0,0,0.0,0.0
2023-08-24 00:00:00+08:00,38.650001525878906,40.5,37.54999923706055,37.650001525878906,12000,0.0,0.0
2023-08-25 00:00:00+08:00,38.0,38.0,37.5,42.599998474121094,2000,0.0,0.0
2023-08-28 00:00:00+08:00,38.599998474121094,39.29999923706055,38.599998474121094,37.5,2000,0.0,0.0
2023-08-29 00:00:00+08:00,37.5,37.5,37.5,37.5,0,0.0,0.0
2023-08-30 00:00:00+08:00,39.849998474121094,39.900001525878906,39.849998474121094,39.900001525878906,3000,0.0,0.0
2023-08-31 00:00:00+08:00,38.25,38.25,38.25,38.25,1000,0.0,0.0
2023-09-01 00:00:00+08:00,39.29999923706055,40.45000076293945,38.29999923706055,38.29999923706055,3000,0.0,0.0
2023-09-04 00:00:00+08:00,39.400001525878906,39.400001525878906,39.400001525878906,39.400001525878906,1000,0.0,0.0
2023-09-05 00:00:00+08:00,36.599998474121094,40.150001525878906,36.150001525878906,40.150001525878906,19000,0.0,0.0
2023-09-06 00:00:00+08:00,38.25,39.599998474121094,38.20000076293945,39.599998474121094,4000,0.0,0.0
2023-09-07 00:00:00+08:00,39.599998474121094,39.599998474121094,39.599998474121094,39.599998474121094,0,0.0,0.0
2023-09-08 00:00:00+08:00,37.5,39.5,37.5,37.75,9000,0.0,0.0
2023-09-11 00:00:00+08:00,37.79999923706055,37.79999923706055,36.849998474121094,36.849998474121094,4000,0.0,0.0
2023-09-12 00:00:00+08:00,37.95000076293945,38.349998474121094,37.95000076293945,38.349998474121094,2000,0.0,0.0
2023-09-13 00:00:00+08:00,39.5,40.04999923706055,39.20000076293945,37.04999923706055,3000,0.0,0.0
2023-09-14 00:00:00+08:00,37.04999923706055,37.04999923706055,37.04999923706055,37.04999923706055,0,0.0,0.0
2023-09-15 00:00:00+08:00,37.04999923706055,37.04999923706055,37.04999923706055,37.04999923706055,0,0.0,0.0
2023-09-18 00:00:00+08:00,36.849998474121094,38.54999923706055,36.79999923706055,38.54999923706055,6000,0.0,0.0
2023-09-19 00:00:00+08:00,38.54999923706055,38.54999923706055,38.54999923706055,38.54999923706055,0,0.0,0.0
2023-09-20 00:00:00+08:00,37.349998474121094,37.349998474121094,36.95000076293945,36.29999923706055,4000,0.0,0.0
2023-09-21 00:00:00+08:00,36.04999923706055,36.04999923706055,34.5,33.70000076293945,29000,0.0,0.0
2023-09-22 00:00:00+08:00,33.70000076293945,33.70000076293945,33.70000076293945,33.70000076293945,0,0.0,0.0
2023-09-25 00:00:00+08:00,34.29999923706055,34.45000076293945,33.900001525878906,33.900001525878906,6000,0.0,0.0
2023-09-26 00:00:00+08:00,34.900001525878906,34.900001525878906,34.900001525878906,33.04999923706055,1000,0.0,0.0
2023-09-27 00:00:00+08:00,33.5,33.5,32.599998474121094,32.599998474121094,4000,0.0,0.0
2023-09-28 00:00:00+08:00,32.0,32.0,31.850000381469727,31.049999237060547,7000,0.0,0.0
2023-10-02 00:00:00+08:00,31.149999618530273,31.149999618530273,30.600000381469727,30.75,8000,0.0,0.0
2023-10-03 00:00:00+08:00,31.600000381469727,31.950000762939453,30.350000381469727,30.350000381469727,10000,0.0,0.0
2023-10-04 00:00:00+08:00,30.350000381469727,30.350000381469727,30.350000381469727,30.350000381469727,0,0.0,0.0
2023-10-05 00:00:00+08:00,29.200000762939453,31.200000762939453,29.200000762939453,31.200000762939453,7000,0.0,0.0
2023-10-06 00:00:00+08:00,30.950000762939453,32.900001525878906,30.950000762939453,32.70000076293945,8000,0.0,0.0
2023-10-11 00:00:00+08:00,33.5,33.5,33.5,33.5,1000,0.0,0.0
2023-10-12 00:00:00+08:00,34.5,34.5,34.5,34.5,1000,0.0,0.0
2023-10-13 00:00:00+08:00,34.5,34.5,34.5,34.5,0,0.0,0.0
2023-10-16 00:00:00+08:00,35.5,35.5,35.5,31.25,1000,0.0,0.0
2023-10-17 00:00:00+08:00,31.25,31.25,31.25,31.25,0,0.0,0.0
2023-10-18 00:00:00+08:00,31.0,31.0,28.799999237060547,35.099998474121094,4000,0.0,0.0
2023-10-19 00:00:00+08:00,28.0,30.5,28.0,30.5,10000,0.0,0.0
2023-10-20 00:00:00+08:00,31.399999618530273,31.399999618530273,31.399999618530273,31.399999618530273,1000,0.0,0.0
2023-10-23 00:00:00+08:00,28.5,28.5,28.5,28.5,3000,0.0,0.0
2023-10-24 00:00:00+08:00,28.5,28.5,28.5,28.5,0,0.0,0.0
2023-10-25 00:00:00+08:00,28.5,28.5,28.5,28.5,0,0.0,0.0
2023-10-26 00:00:00+08:00,29.299999237060547,30.0,29.299999237060547,30.0,13000,0.0,0.0
2023-10-27 00:00:00+08:00,30.899999618530273,31.799999237060547,30.899999618530273,28.0,2000,0.0,0.0
2023-10-30 00:00:00+08:00,28.0,28.0,28.0,28.0,0,0.0,0.0
2023-10-31 00:00:00+08:00,31.149999618530273,31.700000762939453,31.149999618530273,28.850000381469727,7000,0.0,0.0
2023-11-01 00:00:00+08:00,32.45000076293945,32.45000076293945,32.45000076293945,32.150001525878906,1000,0.0,0.0
2023-11-02 00:00:00+08:00,32.150001525878906,32.150001525878906,32.150001525878906,32.150001525878906,0,0.0,0.0
2023-11-03 00:00:00+08:00,30.25,32.400001525878906,30.25,30.299999237060547,7000,0.0,0.0
2023-11-06 00:00:00+08:00,30.299999237060547,30.299999237060547,30.299999237060547,30.299999237060547,0,0.0,0.0
2023-11-07 00:00:00+08:00,31.399999618530273,32.29999923706055,31.399999618530273,31.899999618530273,6000,0.0,0.0
2023-11-08 00:00:00+08:00,30.049999237060547,31.399999618530273,30.0,31.399999618530273,7000,0.0,0.0
2023-11-09 00:00:00+08:00,31.399999618530273,31.399999618530273,31.399999618530273,31.399999618530273,0,0.0,0.0
2023-11-10 00:00:00+08:00,32.20000076293945,32.95000076293945,31.5,32.099998474121094,7000,0.0,0.0
2023-11-13 00:00:00+08:00,31.049999237060547,32.849998474121094,31.0,31.75,6000,0.0,0.0
2023-11-14 00:00:00+08:00,31.850000381469727,32.20000076293945,31.850000381469727,31.899999618530273,7000,0.0,0.0
2023-11-15 00:00:00+08:00,32.099998474121094,34.599998474121094,32.099998474121094,34.5,14000,0.0,0.0
2023-11-16 00:00:00+08:00,35.5,37.95000076293945,35.5,37.95000076293945,22000,0.0,0.0
2023-11-17 00:00:00+08:00,39.20000076293945,41.099998474121094,37.20000076293945,39.95000076293945,38000,0.0,0.0
2023-11-20 00:00:00+08:00,40.0,41.20000076293945,37.70000076293945,40.900001525878906,9000,0.0,0.0
2023-11-21 00:00:00+08:00,42.099998474121094,43.0,39.20000076293945,41.5,6000,0.0,0.0
2023-11-22 00:00:00+08:00,42.29999923706055,42.29999923706055,39.5,41.79999923706055,15000,0.0,0.0
2023-11-23 00:00:00+08:00,39.0,40.79999923706055,38.5,38.5,12000,0.0,0.0
2023-11-24 00:00:00+08:00,39.650001525878906,39.849998474121094,39.599998474121094,36.04999923706055,6000,0.0,0.0
2023-11-27 00:00:00+08:00,43.349998474121094,43.5,41.0,41.0,7000,0.0,0.0
2023-11-28 00:00:00+08:00,42.20000076293945,42.20000076293945,37.0,40.849998474121094,14000,0.0,0.0
2023-11-29 00:00:00+08:00,38.150001525878906,39.25,37.04999923706055,37.20000076293945,20000,0.0,0.0
2023-11-30 00:00:00+08:00,38.20000076293945,39.349998474121094,37.650001525878906,39.0,9000,0.0,0.0
2023-12-01 00:00:00+08:00,40.150001525878906,40.150001525878906,38.04999923706055,38.04999923706055,5000,0.0,0.0
2023-12-04 00:00:00+08:00,39.150001525878906,40.29999923706055,36.0,37.0,18000,0.0,0.0
2023-12-05 00:00:00+08:00,35.099998474121094,36.79999923706055,35.099998474121094,36.70000076293945,4000,0.0,0.0
2023-12-06 00:00:00+08:00,37.650001525878906,37.650001525878906,37.099998474121094,37.099998474121094,5000,0.0,0.0
2023-12-07 00:00:00+08:00,34.54999923706055,37.349998474121094,34.54999923706055,35.099998474121094,8000,0.0,0.0
2023-12-08 00:00:00+08:00,33.29999923706055,36.0,33.29999923706055,35.5,9000,0.0,0.0
2023-12-11 00:00:00+08:00,36.5,37.29999923706055,36.5,33.0,2000,0.0,0.0
2023-12-12 00:00:00+08:00,38.400001525878906,38.400001525878906,38.400001525878906,34.75,2000,0.0,0.0
2023-12-13 00:00:00+08:00,38.79999923706055,38.79999923706055,35.0,35.95000076293945,12000,0.0,0.0
2023-12-14 00:00:00+08:00,36.95000076293945,38.0,36.900001525878906,34.5,7000,0.0,0.0
2023-12-15 00:00:00+08:00,35.150001525878906,37.25,35.150001525878906,34.54999923706055,11000,0.0,0.0
2023-12-18 00:00:00+08:00,37.400001525878906,37.400001525878906,37.400001525878906,33.95000076293945,1000,0.0,0.0
2023-12-19 00:00:00+08:00,38.400001525878906,38.5,38.400001525878906,33.70000076293945,2000,0.0,0.0
2023-12-20 00:00:00+08:00,33.70000076293945,33.70000076293945,33.70000076293945,33.70000076293945,0,0.0,0.0
2023-12-21 00:00:00+08:00,33.70000076293945,33.70000076293945,33.70000076293945,33.70000076293945,0,0.0,0.0
2023-12-22 00:00:00+08:00,38.650001525878906,38.650001525878906,38.650001525878906,38.650001525878906,1000,0.0,0.0
2023-12-25 00:00:00+08:00,38.650001525878906,38.650001525878906,38.650001525878906,38.650001525878906,0,0.0,0.0
2023-12-26 00:00:00+08:00,35.79999923706055,36.79999923706055,34.650001525878906,34.650001525878906,19000,0.0,0.0
2023-12-27 00:00:00+08:00,31.950000762939453,33.75,31.600000381469727,31.700000762939453,11000,0.0,0.0
2023-12-28 00:00:00+08:00,33.45000076293945,33.45000076293945,33.45000076293945,29.0,1000,0.0,0.0
2023-12-29 00:00:00+08:00,29.0,29.0,29.0,29.0,0,0.0,0.0
2024-01-02 00:00:00+08:00,34.45000076293945,34.45000076293945,34.45000076293945,30.600000381469727,1000,0.0,0.0
2024-01-03 00:00:00+08:00,35.400001525878906,36.400001525878906,31.149999618530273,31.450000762939453,12000,0.0,0.0
2024-01-04 00:00:00+08:00,31.450000762939453,31.450000762939453,31.450000762939453,31.450000762939453,0,0.0,0.0
2024-01-05 00:00:00+08:00,32.349998474121094,33.79999923706055,32.29999923706055,32.29999923706055,5000,0.0,0.0
2024-01-08 00:00:00+08:00,32.29999923706055,32.29999923706055,32.29999923706055,32.29999923706055,0,0.0,0.0
2024-01-09 00:00:00+08:00,33.25,34.20000076293945,33.25,34.20000076293945,2000,0.0,0.0
2024-01-10 00:00:00+08:00,34.900001525878906,34.900001525878906,32.0,32.900001525878906,6000,0.0,0.0
2024-01-11 00:00:00+08:00,33.849998474121094,33.849998474121094,31.25,31.25,2000,0.0,0.0
2024-01-12 00:00:00+08:00,31.299999237060547,31.299999237060547,30.600000381469727,30.600000381469727,4000,0.0,0.0
2024-01-15 00:00:00+08:00,30.600000381469727,30.600000381469727,29.299999237060547,30.399999618530273,9000,0.0,0.0
2024-01-16 00:00:00+08:00,29.049999237060547,30.600000381469727,29.0,30.600000381469727,9000,0.0,0.0
2024-01-17 00:00:00+08:00,29.049999237060547,29.75,28.350000381469727,28.549999237060547,9000,0.0,0.0
2024-01-18 00:00:00+08:00,27.600000381469727,28.0,27.25,27.25,6000,0.0,0.0
2024-01-19 00:00:00+08:00,27.25,27.25,27.25,27.25,0,0.0,0.0
2024-01-22 00:00:00+08:00,27.350000381469727,27.350000381469727,27.350000381469727,27.350000381469727,1000,0.0,0.0
2024-01-23 00:00:00+08:00,27.350000381469727,27.350000381469727,27.350000381469727,27.350000381469727,0,0.0,0.0
2024-01-24 00:00:00+08:00,27.0,27.049999237060547,26.049999237060547,26.049999237060547,11000,0.0,0.0
2024-01-25 00:00:00+08:00,25.75,25.75,25.100000381469727,25.200000762939453,8000,0.0,0.0
2024-01-26 00:00:00+08:00,26.0,26.0,26.0,26.0,4000,0.0,0.0
2024-01-29 00:00:00+08:00,27.700000762939453,27.700000762939453,25.0,25.0,17000,0.0,0.0
2024-01-30 00:00:00+08:00,25.0,25.0,25.0,25.0,0,0.0,0.0
2024-01-31 00:00:00+08:00,25.0,25.0,25.0,25.0,0,0.0,0.0
2024-02-01 00:00:00+08:00,24.0,24.950000762939453,24.0,24.950000762939453,4000,0.0,0.0
2024-02-02 00:00:00+08:00,24.049999237060547,24.899999618530273,24.049999237060547,24.700000762939453,4000,0.0,0.0
2024-02-05 00:00:00+08:00,24.899999618530273,24.899999618530273,24.899999618530273,24.899999618530273,1000,0.0,0.0
2024-02-15 00:00:00+08:00,24.899999618530273,24.899999618530273,24.899999618530273,24.899999618530273,0,0.0,0.0
2024-02-16 00:00:00+08:00,24.899999618530273,24.899999618530273,24.899999618530273,24.899999618530273,0,0.0,0.0
2024-02-19 00:00:00+08:00,24.049999237060547,24.100000381469727,23.899999618530273,27.350000381469727,9000,0.0,0.0
2024-02-20 00:00:00+08:00,23.899999618530273,23.899999618530273,23.899999618530273,26.25,1000,0.0,0.0
2024-02-21 00:00:00+08:00,26.25,26.25,26.25,26.25,0,0.0,0.0
2024-02-22 00:00:00+08:00,26.25,26.25,26.25,26.25,0,0.0,0.0
2024-02-23 00:00:00+08:00,23.899999618530273,23.899999618530273,23.899999618530273,23.899999618530273,2000,0.0,0.0
2024-02-26 00:00:00+08:00,24.100000381469727,24.100000381469727,24.049999237060547,24.049999237060547,5000,0.0,0.0
2024-02-27 00:00:00+08:00,23.899999618530273,23.899999618530273,23.899999618530273,23.899999618530273,1000,0.0,0.0
2024-02-29 00:00:00+08:00,23.600000381469727,23.600000381469727,23.5,23.5,5000,0.0,0.0
2024-03-01 00:00:00+08:00,23.5,24.0,21.149999618530273,21.149999618530273,56000,0.0,0.0
2024-03-04 00:00:00+08:00,21.799999237060547,21.950000762939453,21.100000381469727,21.5,54000,0.0,0.0
2024-03-05 00:00:00+08:00,22.0,22.799999237060547,22.0,22.299999237060547,4000,0.0,0.0
2024-03-06 00:00:00+08:00,22.399999618530273,22.399999618530273,22.350000381469727,22.350000381469727,2000,0.0,0.0
2024-03-07 00:00:00+08:00,22.350000381469727,22.5,21.899999618530273,21.899999618530273,9000,0.0,0.0
2024-03-08 00:00:00+08:00,21.299999237060547,21.600000381469727,21.200000762939453,21.549999237060547,8000,0.0,0.0
2024-03-11 00:00:00+08:00,21.549999237060547,21.549999237060547,20.350000381469727,20.350000381469727,16000,0.0,0.0
2024-03-12 00:00:00+08:00,19.350000381469727,20.899999618530273,19.350000381469727,20.5,7000,0.0,0.0
2024-03-13 00:00:00+08:00,19.799999237060547,20.0,19.299999237060547,19.399999618530273,23000,0.0,0.0
2024-03-14 00:00:00+08:00,19.5,19.5,19.399999618530273,19.399999618530273,10000,0.0,0.0
2024-03-15 00:00:00+08:00,19.399999618530273,19.399999618530273,19.399999618530273,19.399999618530273,1000,0.0,0.0
2024-03-18 00:00:00+08:00,19.399999618530273,19.399999618530273,19.399999618530273,19.399999618530273,0,0.0,0.0
2024-03-19 00:00:00+08:00,19.549999237060547,20.75,19.549999237060547,20.75,5000,0.0,0.0
2024-03-20 00:00:00+08:00,19.5,20.049999237060547,19.5,20.0,8000,0.0,0.0
2024-03-21 00:00:00+08:00,20.0,20.0,20.0,20.0,0,0.0,0.0
2024-03-22 00:00:00+08:00,19.5,20.149999618530273,19.5,20.0,7000,0.0,0.0
2024-03-25 00:00:00+08:00,20.0,20.0,20.0,20.0,0,0.0,0.0
2024-03-26 00:00:00+08:00,19.5,20.149999618530273,19.350000381469727,19.350000381469727,9000,0.0,0.0
2024-03-27 00:00:00+08:00,19.549999237060547,21.25,19.549999237060547,21.25,20000,0.0,0.0
2024-03-28 00:00:00+08:00,22.549999237060547,23.350000381469727,22.549999237060547,23.350000381469727,33000,0.0,0.0
2024-03-29 00:00:00+08:00,23.5,25.649999618530273,23.5,25.600000381469727,26000,0.0,0.0
2024-04-01 00:00:00+08:00,24.799999237060547,27.649999618530273,24.799999237060547,27.049999237060547,21000,0.0,0.0
2024-04-02 00:00:00+08:00,27.600000381469727,29.75,27.600000381469727,29.75,35000,0.0,0.0
2024-04-03 00:00:00+08:00,30.700000762939453,32.45000076293945,30.350000381469727,32.400001525878906,33000,0.0,0.0
2024-04-08 00:00:00+08:00,35.599998474121094,35.599998474121094,33.29999923706055,33.29999923706055,22000,0.0,0.0
2024-04-09 00:00:00+08:00,31.299999237060547,31.299999237060547,30.0,30.0,6000,0.0,0.0
2024-04-10 00:00:00+08:00,27.5,27.5,27.049999237060547,27.25,32000,0.0,0.0
2024-04-11 00:00:00+08:00,27.200000762939453,29.350000381469727,27.200000762939453,29.350000381469727,11000,0.0,0.0
2024-04-12 00:00:00+08:00,29.350000381469727,29.350000381469727,27.0,28.899999618530273,22000,0.0,0.0
2024-04-15 00:00:00+08:00,28.75,28.75,26.5,26.5,18000,0.0,0.0
2024-04-16 00:00:00+08:00,27.25,27.25,27.25,24.350000381469727,1000,0.0,0.0
2024-04-17 00:00:00+08:00,27.899999618530273,27.899999618530273,25.549999237060547,27.25,24000,0.0,0.0
2024-04-18 00:00:00+08:00,26.950000762939453,27.700000762939453,24.600000381469727,29.299999237060547,69000,0.0,0.0
2024-04-19 00:00:00+08:00,26.0,27.149999618530273,25.5,27.149999618530273,23000,0.0,0.0
2024-04-22 00:00:00+08:00,26.700000762939453,28.850000381469727,25.600000381469727,25.600000381469727,41000,0.0,0.0
2024-04-23 00:00:00+08:00,25.649999618530273,26.100000381469727,25.0,25.75,49000,0.0,0.0
2024-04-24 00:00:00+08:00,26.649999618530273,26.649999618530273,24.700000762939453,24.799999237060547,43000,0.0,0.0
2024-04-25 00:00:00+08:00,25.649999618530273,26.700000762939453,24.850000381469727,27.25,25000,0.0,0.0
2024-04-26 00:00:00+08:00,25.100000381469727,25.700000762939453,24.200000762939453,25.700000762939453,24000,0.0,0.0
2024-04-29 00:00:00+08:00,25.450000762939453,25.450000762939453,25.450000762939453,25.450000762939453,1000,0.0,0.0
2024-04-30 00:00:00+08:00,25.100000381469727,26.850000381469727,25.100000381469727,27.950000762939453,20000,0.0,0.0
2024-05-02 00:00:00+08:00,25.75,28.299999237060547,25.75,28.299999237060547,38000,0.0,0.0
2024-05-03 00:00:00+08:00,27.5,30.899999618530273,27.5,29.700000762939453,24000,0.0,0.0
2024-05-06 00:00:00+08:00,30.5,31.899999618530273,30.5,31.0,33000,0.0,0.0
2024-05-07 00:00:00+08:00,32.75,32.75,30.5,31.200000762939453,9000,0.0,0.0
2024-05-08 00:00:00+08:00,32.0,32.0,31.200000762939453,32.0,18000,0.0,0.0
2024-05-09 00:00:00+08:00,32.79999923706055,34.45000076293945,32.79999923706055,34.45000076293945,10000,0.0,0.0
2024-05-10 00:00:00+08:00,34.5,35.099998474121094,34.5,35.04999923706055,25000,0.0,0.0
2024-05-13 00:00:00+08:00,35.5,35.5,35.099998474121094,35.45000076293945,19000,0.0,0.0
2024-05-14 00:00:00+08:00,34.849998474121094,35.75,34.349998474121094,35.75,53000,0.0,0.0
2024-05-15 00:00:00+08:00,35.099998474121094,35.650001525878906,34.95000076293945,35.599998474121094,29000,0.0,0.0
2024-05-16 00:00:00+08:00,35.599998474121094,35.599998474121094,34.849998474121094,35.54999923706055,87000,0.0,0.0
2024-05-17 00:00:00+08:00,35.099998474121094,35.599998474121094,35.099998474121094,35.54999923706055,63000,0.0,0.0
2024-05-20 00:00:00+08:00,35.400001525878906,35.400001525878906,34.349998474121094,34.5,57000,0.0,0.0
2024-05-21 00:00:00+08:00,35.0,35.0,33.54999923706055,33.599998474121094,35000,0.0,0.0
2024-05-22 00:00:00+08:00,33.599998474121094,33.599998474121094,33.0,33.0,27000,0.0,0.0
2024-05-23 00:00:00+08:00,31.299999237060547,31.299999237060547,31.0,31.0,7000,0.0,0.0
2024-05-24 00:00:00+08:00,28.25,30.5,28.25,30.0,7000,0.0,0.0
2024-05-27 00:00:00+08:00,28.600000381469727,28.600000381469727,28.600000381469727,28.600000381469727,2000,0.0,0.0
2024-05-28 00:00:00+08:00,27.100000381469727,28.450000762939453,27.100000381469727,27.299999237060547,28000,0.0,0.0
2024-05-29 00:00:00+08:00,26.450000762939453,27.5,26.450000762939453,29.950000762939453,4000,0.0,0.0
2024-05-30 00:00:00+08:00,27.850000381469727,27.850000381469727,27.549999237060547,26.549999237060547,2000,0.0,0.0
2024-05-31 00:00:00+08:00,27.75,28.899999618530273,27.5,28.899999618530273,12000,0.0,0.0
2024-06-03 00:00:00+08:00,29.200000762939453,30.200000762939453,29.200000762939453,31.75,6000,0.0,0.0
2024-06-04 00:00:00+08:00,32.150001525878906,32.150001525878906,28.0,29.649999618530273,13000,0.0,0.0
2024-06-05 00:00:00+08:00,28.450000762939453,28.450000762939453,28.049999237060547,28.049999237060547,9000,0.0,0.0
2024-06-06 00:00:00+08:00,28.049999237060547,28.049999237060547,28.049999237060547,28.049999237060547,0,0.0,0.0
2024-06-07 00:00:00+08:00,28.049999237060547,28.049999237060547,28.049999237060547,28.350000381469727,1000,0.0,0.0
2024-06-11 00:00:00+08:00,27.100000381469727,27.100000381469727,27.100000381469727,27.100000381469727,6000,0.0,0.0
2024-06-12 00:00:00+08:00,29.149999618530273,29.149999618530273,27.299999237060547,27.25,5000,0.0,0.0
2024-06-13 00:00:00+08:00,27.649999618530273,27.799999237060547,27.600000381469727,27.799999237060547,11000,0.0,0.0
2024-06-14 00:00:00+08:00,27.149999618530273,27.149999618530273,27.149999618530273,27.149999618530273,1000,0.0,0.0
2024-06-17 00:00:00+08:00,27.200000762939453,28.649999618530273,27.200000762939453,28.649999618530273,4000,0.0,0.0
2024-06-18 00:00:00+08:00,27.450000762939453,27.549999237060547,27.200000762939453,27.549999237060547,5000,0.0,0.0
2024-06-19 00:00:00+08:00,27.549999237060547,27.549999237060547,27.549999237060547,27.549999237060547,0,0.0,0.0
2024-06-20 00:00:00+08:00,29.25,29.25,27.700000762939453,27.700000762939453,3000,0.0,0.0
2024-06-21 00:00:00+08:00,27.299999237060547,27.299999237060547,27.299999237060547,27.299999237060547,2000,0.0,0.0
2024-06-24 00:00:00+08:00,27.649999618530273,27.950000762939453,27.299999237060547,27.600000381469727,10000,0.0,0.0
2024-06-25 00:00:00+08:00,27.600000381469727,27.600000381469727,27.600000381469727,27.600000381469727,0,0.0,0.0
2024-06-26 00:00:00+08:00,28.0,28.0,27.5,27.600000381469727,8000,0.0,0.0
2024-06-27 00:00:00+08:00,27.799999237060547,27.799999237060547,27.149999618530273,27.200000762939453,6000,0.0,0.0
2024-06-28 00:00:00+08:00,27.200000762939453,27.899999618530273,27.200000762939453,28.0,3000,0.0,0.0
2024-07-01 00:00:00+08:00,28.850000381469727,28.850000381469727,27.850000381469727,25.149999618530273,4000,0.0,0.0
2024-07-02 00:00:00+08:00,25.149999618530273,25.149999618530273,25.149999618530273,25.149999618530273,0,0.0,0.0
2024-07-03 00:00:00+08:00,27.799999237060547,27.799999237060547,27.399999618530273,27.399999618530273,3000,0.0,0.0
2024-07-05 00:00:00+08:00,27.100000381469727,27.350000381469727,27.100000381469727,27.200000762939453,4000,0.0,0.0
