Date,Open,High,Low,Close,Volume,Dividends,Stock Splits
2007-12-31 00:00:00+08:00,44.7986533179354,46.3087203665554,44.295298863957775,46.057044982910156,17088,0.0,0.0
2008-01-02 00:00:00+08:00,48.87583630799887,48.87583630799887,45.30201327416204,46.81208038330078,21312,0.0,0.0
2008-01-03 00:00:00+08:00,44.295300140819734,46.05704631055643,43.64093896311741,44.04362106323242,24576,0.0,0.0
2008-01-04 00:00:00+08:00,44.043621000875945,44.99999928234135,44.043621000875945,44.94966125488281,13248,0.0,0.0
2008-01-07 00:00:00+08:00,42.28188049497414,43.28858947753906,41.8288603468137,43.28858947753906,28608,0.0,0.0
2008-01-08 00:00:00+08:00,43.18791702824484,43.18791702824484,41.77851867675781,41.77851867675781,22656,0.0,0.0
2008-01-09 00:00:00+08:00,41.27516614720615,41.77852061801895,40.77181167639334,41.32550048828125,10560,0.0,0.0
2008-01-10 00:00:00+08:00,43.137580960712626,43.23825332944153,41.929527282714844,41.929527282714844,5184,0.0,0.0
2008-01-11 00:00:00+08:00,42.533554121713735,42.533554121713735,41.929527282714844,41.929527282714844,13632,0.0,0.0
2008-01-14 00:00:00+08:00,42.68456076485117,43.238253261965156,42.03019958585263,42.835567474365234,15744,0.0,0.0
2008-01-15 00:00:00+08:00,42.78523192646449,44.69798475524689,42.78523192646449,43.338924407958984,22080,0.0,0.0
2008-01-16 00:00:00+08:00,43.3389270132436,43.3389270132436,42.03020092680503,42.33221435546875,12864,0.0,0.0
2008-01-17 00:00:00+08:00,42.3322117725508,44.244964599609375,42.3322117725508,44.244964599609375,13440,0.0,0.0
2008-01-18 00:00:00+08:00,44.04362047298051,44.04362047298051,42.68456010825955,43.9932861328125,19968,0.0,0.0
2008-01-21 00:00:00+08:00,44.7986540089366,44.7986540089366,43.036911549497184,43.9932861328125,9024,0.0,0.0
2008-01-22 00:00:00+08:00,41.77852004014271,42.93623936235469,40.92281782026564,40.97315216064453,29760,0.0,0.0
2008-01-23 00:00:00+08:00,40.97315170574536,41.07382407207263,38.154358628766225,38.20469665527344,55680,0.0,0.0
2008-01-24 00:00:00+08:00,39.261745605468754,39.261745605468754,37.751678466796875,37.751678466796875,33600,0.0,0.0
2008-01-25 00:00:00+08:00,37.75167581658813,39.261742849251654,37.75167581658813,38.45637130737305,19776,0.0,0.0
2008-01-28 00:00:00+08:00,38.456371345845234,38.456371345845234,37.24831771850586,37.24831771850586,9600,0.0,0.0
2008-01-29 00:00:00+08:00,37.75167908949242,37.80201343271594,37.39932762686555,37.5,9600,0.0,0.0
2008-01-30 00:00:00+08:00,37.24831898631396,40.117446448900466,37.24831898631396,37.95301818847656,19392,0.0,0.0
2008-01-31 00:00:00+08:00,37.95301824962915,38.25503166723015,37.04697799682617,37.04697799682617,17664,0.0,0.0
2008-02-01 00:00:00+08:00,37.75167832007775,39.26174545288086,37.1476514669565,39.26174545288086,17280,0.0,0.0
2008-02-12 00:00:00+08:00,38.75838475268007,38.75838475268007,37.24831771850586,37.24831771850586,12288,0.0,0.0
2008-02-13 00:00:00+08:00,37.70134120709248,37.70134120709248,35.98993297723521,36.29194641113281,15168,0.0,0.0
2008-02-14 00:00:00+08:00,37.24832038866799,37.24832038866799,36.74496590342243,36.845638275146484,10368,0.0,0.0
2008-02-15 00:00:00+08:00,37.751677139296056,38.25503160559093,37.24831898631396,37.95301818847656,9024,0.0,0.0
2008-02-18 00:00:00+08:00,38.2550321033532,40.21811934013966,37.90268434103088,39.21140670776367,21120,0.0,0.0
2008-02-19 00:00:00+08:00,40.21811934013966,40.21811934013966,38.30536644463146,39.21140670776367,12288,0.0,0.0
2008-02-20 00:00:00+08:00,38.30536726246559,39.2114075449421,38.05369186401367,38.05369186401367,14400,0.0,0.0
2008-02-21 00:00:00+08:00,38.154359069660494,40.671138763427734,38.154359069660494,40.671138763427734,43776,0.0,0.0
2008-02-22 00:00:00+08:00,43.489933013916016,43.489933013916016,42.281879319085014,43.489933013916016,39360,0.0,0.0
2008-02-25 00:00:00+08:00,46.30872106290288,46.30872106290288,43.7919450684827,44.2952995300293,81216,0.0,0.0
2008-02-26 00:00:00+08:00,45.302012230066985,45.302012230066985,42.78523254394531,42.78523254394531,43008,0.0,0.0
2008-02-27 00:00:00+08:00,43.036910897434346,45.75503158569336,43.036910897434346,45.75503158569336,96960,0.0,0.0
2008-02-29 00:00:00+08:00,45.50335430271524,48.77516759970249,44.44630732687029,47.11409378051758,44928,0.0,0.0
2008-03-03 00:00:00+08:00,45.30201207191703,46.3087209935015,45.30201207191703,45.503353118896484,15552,0.0,0.0
2008-03-04 00:00:00+08:00,46.308721492728864,47.81878857807192,46.308721492728864,47.06375503540039,38400,0.0,0.0
2008-03-05 00:00:00+08:00,47.818790282701535,50.33557007688643,43.79194703603052,49.328857421875,131328,0.0,0.0
2008-03-06 00:00:00+08:00,49.328856944149805,49.580536027137114,47.81878981960058,48.07046890258789,21312,0.0,0.0
2008-03-07 00:00:00+08:00,48.07046949046971,50.28523586245668,47.315435918961356,48.12080383300781,48192,0.0,0.0
2008-03-10 00:00:00+08:00,47.81878781030647,50.335567474365234,46.81207889403269,50.335567474365234,43584,0.0,0.0
2008-03-11 00:00:00+08:00,48.82550172545241,50.83892329879782,48.82550172545241,49.83221435546875,21888,0.0,0.0
2008-03-12 00:00:00+08:00,50.33556815987115,50.83892262486308,47.56711307238471,48.87583541870117,41088,0.0,0.0
2008-03-13 00:00:00+08:00,49.83221371449025,49.83221371449025,47.56711309110433,48.573822021484375,9600,0.0,0.0
2008-03-14 00:00:00+08:00,48.825503260532095,49.278523405279365,46.30872344970703,46.30872344970703,16704,0.0,0.0
2008-03-17 00:00:00+08:00,43.187919564082705,44.79865536509146,43.187919564082705,43.79194641113281,18624,0.0,0.0
2008-03-18 00:00:00+08:00,44.2952995300293,46.81207921113668,44.043620455912404,44.2952995300293,14592,0.0,0.0
2008-03-19 00:00:00+08:00,45.30201213980968,45.30201213980968,43.8926137487797,44.2952995300293,9216,0.0,0.0
2008-03-20 00:00:00+08:00,44.1946271630451,44.2952995300293,42.8859048256865,44.2952995300293,8064,0.0,0.0
2008-03-21 00:00:00+08:00,43.3389249470846,45.80536660135628,43.3389249470846,44.2952995300293,22272,0.0,0.0
2008-03-24 00:00:00+08:00,46.057044982910156,47.11409191694416,44.7986533179354,46.057044982910156,51456,0.0,0.0
2008-03-25 00:00:00+08:00,46.05704687779246,48.322147543913395,45.85570213856796,46.20805358886719,24384,0.0,0.0
2008-03-26 00:00:00+08:00,46.25838849069591,47.013422055215905,45.95637506488791,46.560401916503906,11904,0.0,0.0
2008-03-27 00:00:00+08:00,46.56039943688778,46.56039943688778,45.352345797991774,46.057044982910156,8064,0.0,0.0
2008-03-28 00:00:00+08:00,46.560399424326256,47.81878740227439,46.35905838012695,46.35905838012695,7680,0.0,0.0
2008-03-31 00:00:00+08:00,46.30872229694352,46.56040137776719,45.90604019165039,45.90604019165039,16704,0.0,0.0
2008-04-01 00:00:00+08:00,47.063756515968585,47.063756515968585,45.35234832763672,45.35234832763672,31104,0.0,0.0
2008-04-02 00:00:00+08:00,46.81207853298251,46.81207853298251,45.35234582295078,45.45301818847656,14784,0.0,0.0
2008-04-03 00:00:00+08:00,45.755033531188964,45.85570221428014,44.546979840596514,45.3020133972168,16512,0.0,0.0
2008-04-07 00:00:00+08:00,45.302012105406675,45.55368749264526,44.89932632446289,44.89932632446289,11712,0.0,0.0
2008-04-08 00:00:00+08:00,45.30201352875808,45.30201352875808,43.288588247466194,43.79194641113281,17280,0.0,0.0
2008-04-09 00:00:00+08:00,43.79194758588865,44.29530207637088,43.79194758588865,43.892616271972656,11328,0.0,0.0
2008-04-10 00:00:00+08:00,44.244967631374685,45.30201463963278,43.9429542004438,44.79865646362305,11712,0.0,0.0
2008-04-11 00:00:00+08:00,44.74832212069703,45.000001208701896,43.9429542004438,44.79865646362305,17856,0.0,0.0
2008-04-14 00:00:00+08:00,44.79865536509146,44.79865536509146,43.33892627584523,43.79194641113281,12288,0.0,0.0
2008-04-15 00:00:00+08:00,43.791947691052776,43.791947691052776,42.43288724546838,42.986576080322266,20928,0.0,0.0
2008-04-16 00:00:00+08:00,43.54026606327721,44.79865406247896,43.08724594116211,43.08724594116211,15168,0.0,0.0
2008-04-17 00:00:00+08:00,43.28858636856518,44.69798474163333,43.28858636856518,43.64093780517578,17664,0.0,0.0
2008-04-18 00:00:00+08:00,44.244965189880794,44.2952995300293,43.6912727014985,44.2952995300293,9984,0.0,0.0
2008-04-21 00:00:00+08:00,44.79865646362305,46.308723618277476,44.34563631722672,44.79865646362305,21312,0.0,0.0
2008-04-22 00:00:00+08:00,46.208052871117864,46.30872155247914,44.848992492555574,46.15771484375,27264,0.0,0.0
2008-04-23 00:00:00+08:00,46.308723261387755,49.07718214804331,44.94966283267271,48.12080383300781,63360,0.0,0.0
2008-04-24 00:00:00+08:00,46.30872341730364,48.12080399502476,46.30872341730364,46.61073684692383,44160,0.0,0.0
2008-04-25 00:00:00+08:00,47.06375451098154,47.06375451098154,45.80536651611328,45.80536651611328,8064,0.0,0.0
2008-04-28 00:00:00+08:00,45.80536896221697,46.812081623884474,45.80536896221697,46.30872344970703,24000,0.0,0.0
2008-04-29 00:00:00+08:00,45.85570221428014,45.906040242513015,44.84899326324463,45.3020133972168,13248,0.0,0.0
2008-04-30 00:00:00+08:00,45.30201213980968,45.80536660135628,43.8422794086312,44.2952995300293,8064,0.0,0.0
2008-05-02 00:00:00+08:00,44.29530088811214,44.29530088811214,43.59060167099125,43.79194641113281,19008,0.0,0.0
2008-05-05 00:00:00+08:00,43.94295314947764,43.94295314947764,43.38926064378433,43.489933013916016,9216,0.0,0.0
2008-05-06 00:00:00+08:00,44.29530200786224,44.49664306640625,43.54026842996295,44.49664306640625,18624,0.0,0.0
2008-05-07 00:00:00+08:00,44.79865325903904,47.56711196899414,44.29529880572317,47.56711196899414,71232,0.0,0.0
2008-05-08 00:00:00+08:00,50.838924407958984,50.838924407958984,50.838924407958984,50.838924407958984,103488,0.0,0.0
2008-05-09 00:00:00+08:00,54.362416546684095,54.362416546684095,51.84563677396035,53.85905838012695,326784,0.0,0.0
2008-05-12 00:00:00+08:00,50.5872478829809,52.34899037633798,50.13422775268555,50.13422775268555,100992,0.0,0.0
2008-05-13 00:00:00+08:00,48.17113924902073,50.838921932502124,48.17113924902073,50.335567474365234,63360,0.0,0.0
2008-05-14 00:00:00+08:00,49.580534619039646,49.580534619039646,48.87583541870117,48.87583541870117,31680,0.0,0.0
2008-05-15 00:00:00+08:00,49.32885736137996,51.59395806736233,48.97650959156738,49.932884216308594,57792,0.0,0.0
2008-05-16 00:00:00+08:00,49.32885430333039,50.33556689469796,49.32885430333039,49.983219146728516,47232,0.0,0.0
2008-05-19 00:00:00+08:00,50.08388826112533,53.3557014465332,50.08388826112533,53.3557014465332,118464,0.0,0.0
2008-05-20 00:00:00+08:00,52.85234915981485,56.87919235229492,52.34899099573936,56.87919235229492,116928,0.0,0.0
2008-05-21 00:00:00+08:00,59.89932437860503,60.65435791015625,57.88590285669751,60.65435791015625,266688,0.0,0.0
2008-05-22 00:00:00+08:00,60.402684486306974,61.912751598464645,57.382550261991625,59.89932632446289,208704,0.0,0.0
2008-05-23 00:00:00+08:00,58.89261637235943,59.395970838953936,57.38254928588867,57.38254928588867,83712,0.0,0.0
2008-05-26 00:00:00+08:00,56.37583751056279,56.37583751056279,53.607382372788706,54.11073684692383,76800,0.0,0.0
2008-05-27 00:00:00+08:00,55.11744750399691,55.36912288868948,51.84563432280914,54.86576843261719,55872,0.0,0.0
2008-05-28 00:00:00+08:00,55.369124527168744,58.64093780517578,55.369124527168744,58.64093780517578,83328,0.0,0.0
2008-05-29 00:00:00+08:00,62.66778564453125,62.66778564453125,62.66778564453125,62.66778564453125,74496,0.0,0.0
2008-05-30 00:00:00+08:00,66.9463119506836,66.9463119506836,66.9463119506836,66.9463119506836,43200,0.0,0.0
2008-06-02 00:00:00+08:00,71.47650909423828,71.47650909423828,71.47650909423828,71.47650909423828,127296,0.0,0.0
2008-06-03 00:00:00+08:00,75.50335280635882,75.50335280635882,66.69462585449219,66.69462585449219,324096,0.0,0.0
2008-06-04 00:00:00+08:00,62.919458426856,64.42952548808753,62.164424896240234,62.164424896240234,183552,0.0,0.0
2008-06-05 00:00:00+08:00,62.4161082161036,66.44295129110647,62.4161082161036,64.9328842163086,218880,0.0,0.0
2008-06-06 00:00:00+08:00,64.42952635080228,64.42952635080228,60.40268325805664,60.40268325805664,139968,0.0,0.0
2008-06-09 00:00:00+08:00,58.38925909243187,62.416109632168244,57.88590461830846,61.409393310546875,77568,0.0,0.0
2008-06-10 00:00:00+08:00,60.40268198620154,62.6677825606841,59.39596939086914,59.39596939086914,62400,0.0,0.0
2008-06-11 00:00:00+08:00,59.89932560541259,63.422817949274915,59.647650214199025,61.66107177734375,134208,0.0,0.0
2008-06-12 00:00:00+08:00,59.395970838953936,60.40268345883018,57.38254928588867,57.38254928588867,81600,0.0,0.0
2008-06-13 00:00:00+08:00,59.89932692784816,61.157718658447266,59.89932692784816,61.157718658447266,63168,0.0,0.0
2008-06-16 00:00:00+08:00,65.4362444962579,65.4362444962579,61.15771852056664,62.66778564453125,128832,0.0,0.0
2008-06-17 00:00:00+08:00,61.15771852056664,63.42281920651355,58.38925966883998,62.66778564453125,102720,0.0,0.0
2008-06-18 00:00:00+08:00,62.667786391634586,63.422819962618135,61.15771924966749,62.41611099243164,43008,0.0,0.0
2008-06-19 00:00:00+08:00,60.906040163777185,62.41611099243164,60.65436107788688,62.41611099243164,30336,0.0,0.0
2008-06-20 00:00:00+08:00,62.416110692411756,62.416110692411756,58.1375846862793,58.1375846862793,42240,0.0,0.0
2008-06-23 00:00:00+08:00,55.872481407547845,60.90603706221499,54.86576880193955,59.144290924072266,62016,0.0,0.0
2008-06-24 00:00:00+08:00,58.64093948520439,59.89932754201891,55.11745071411133,55.11745071411133,44352,0.0,0.0
2008-06-25 00:00:00+08:00,55.11745087529572,56.37583893579024,52.85235015439315,53.607383728027344,185472,0.0,0.0
2008-06-26 00:00:00+08:00,53.60738187517438,54.86576989217475,49.882548478426145,52.85234832763672,41664,0.0,0.0
2008-06-27 00:00:00+08:00,50.587247196623466,50.587247196623466,49.328855505085144,49.479862213134766,29184,0.0,0.0
2008-06-30 00:00:00+08:00,50.335568325555265,50.335568325555265,46.4597282409668,46.4597282409668,30336,0.0,0.0
2008-07-01 00:00:00+08:00,46.45973051466213,47.06375737887604,43.23825513441704,43.28858947753906,32064,0.0,0.0
2008-07-02 00:00:00+08:00,43.2885891513919,46.30872344970703,43.2885891513919,46.30872344970703,34752,0.0,0.0
2008-07-03 00:00:00+08:00,46.30872201537089,49.53020095825195,45.1006683334623,49.53020095825195,23424,0.0,0.0
2008-07-04 00:00:00+08:00,50.03355358293516,51.593954968895346,47.36576723831809,47.56711196899414,19008,0.0,0.0
2008-07-07 00:00:00+08:00,47.56711318830622,48.07046765452483,46.61073490979747,47.06375503540039,6528,0.0,0.0
2008-07-08 00:00:00+08:00,46.308721492728864,48.52348778012775,46.308721492728864,47.06375503540039,14208,0.0,0.0
2008-07-09 00:00:00+08:00,47.06375702428581,49.1778510331064,45.90604133438993,46.30872344970703,16128,0.0,0.0
2008-07-10 00:00:00+08:00,45.35234634753759,47.51677458122415,45.35234634753759,46.71140670776367,8640,0.0,0.0
2008-07-11 00:00:00+08:00,46.66107177734375,47.21476057041617,46.56039941192734,46.66107177734375,15744,0.0,0.0
2008-07-14 00:00:00+08:00,47.16442908462215,49.83221559272439,46.71140894287011,49.328857421875,21888,0.0,0.0
2008-07-15 00:00:00+08:00,49.32885715222681,49.32885715222681,45.90604077993546,45.95637512207031,17088,0.0,0.0
2008-07-16 00:00:00+08:00,46.30872248271673,46.56040156455004,43.79194641113281,43.79194641113281,21696,0.0,0.0
2008-07-17 00:00:00+08:00,44.2953019743007,45.80536912895513,44.2953019743007,44.79865646362305,12864,0.0,0.0
2008-07-18 00:00:00+08:00,45.55368912518767,45.55368912518767,41.677852630615234,41.677852630615234,19776,0.0,0.0
2008-07-21 00:00:00+08:00,42.68455893958174,42.7852313038486,39.26174279475359,40.26845169067383,29952,0.0,0.0
2008-07-22 00:00:00+08:00,39.513419515056974,41.577179089031425,39.31207846638406,39.46308517456055,5952,0.0,0.0
2008-07-23 00:00:00+08:00,40.77181104118142,42.18120574951172,40.77181104118142,42.18120574951172,18240,0.0,0.0
2008-07-24 00:00:00+08:00,44.04362054366255,44.04362054366255,42.23154005445987,42.78523254394531,12864,0.0,0.0
2008-07-25 00:00:00+08:00,42.73489956174578,42.73489956174578,41.77852125981623,42.28187942504883,3072,0.0,0.0
2008-07-28 00:00:00+08:00,42.28187942504883,42.28187942504883,42.28187942504883,42.28187942504883,0,0.0,0.0
2008-07-29 00:00:00+08:00,42.28187942504883,42.28187942504883,42.28187942504883,42.28187942504883,0,0.0,0.0
2008-07-30 00:00:00+08:00,42.28187942504883,42.28187942504883,42.28187942504883,42.28187942504883,0,0.0,0.0
2008-07-31 00:00:00+08:00,42.28187942504883,42.28187942504883,42.28187942504883,42.28187942504883,0,0.0,0.0
2008-08-01 00:00:00+08:00,42.28187942504883,42.28187942504883,42.28187942504883,42.28187942504883,0,0.0,0.0
2008-08-04 00:00:00+08:00,42.28187942504883,42.28187942504883,42.28187942504883,42.28187942504883,0,0.0,0.0
2008-08-05 00:00:00+08:00,42.28187942504883,42.28187942504883,42.28187942504883,42.28187942504883,0,0.0,0.0
2008-08-06 00:00:00+08:00,42.28187942504883,42.28187942504883,42.28187942504883,42.28187942504883,0,0.0,0.0
2008-08-07 00:00:00+08:00,42.28187942504883,42.28187942504883,42.28187942504883,42.28187942504883,0,0.0,0.0
2008-08-08 00:00:00+08:00,42.28187942504883,42.28187942504883,42.28187942504883,42.28187942504883,0,0.0,0.0
2008-08-11 00:00:00+08:00,42.28187942504883,42.28187942504883,42.28187942504883,42.28187942504883,0,0.0,0.0
2008-08-12 00:00:00+08:00,42.28187942504883,42.28187942504883,42.28187942504883,42.28187942504883,0,0.0,0.0
2008-08-13 00:00:00+08:00,42.28187942504883,42.28187942504883,42.28187942504883,42.28187942504883,0,0.0,0.0
2008-08-14 00:00:00+08:00,42.28187942504883,42.28187942504883,42.28187942504883,42.28187942504883,0,0.0,0.0
2008-08-15 00:00:00+08:00,42.28187942504883,42.28187942504883,42.28187942504883,42.28187942504883,0,0.0,0.0
2008-08-18 00:00:00+08:00,39.81543162720024,40.52013080450287,37.65100344313179,38.758384704589844,8832,0.0,0.0
2008-08-19 00:00:00+08:00,38.25503158569336,39.463085253522486,37.80201146025743,38.25503158569336,9792,0.0,0.0
2008-08-20 00:00:00+08:00,38.154359622483504,40.721473693847656,37.75167752006103,40.721473693847656,5376,0.0,0.0
2008-08-21 00:00:00+08:00,40.31879304912863,40.31879304912863,39.261746040349976,39.31208038330078,4224,0.0,0.0
2008-08-22 00:00:00+08:00,40.26845173689041,40.26845173689041,37.953016849591904,38.758384704589844,8064,0.0,0.0
2008-08-25 00:00:00+08:00,39.91610537895841,39.91610537895841,38.15435921781186,38.25503158569336,8256,0.0,0.0
2008-08-26 00:00:00+08:00,37.6510053556905,38.45637325159873,37.29865759248452,38.003353118896484,3648,0.0,0.0
2008-08-27 00:00:00+08:00,37.298655744103066,37.75167585435533,37.24831771850586,37.24831771850586,12864,0.0,0.0
2008-08-28 00:00:00+08:00,37.298658482233684,38.255033111856704,35.2852331644025,36.24161148071289,9408,0.0,0.0
2008-08-29 00:00:00+08:00,37.147652369405165,37.147652369405165,36.29194641113281,36.29194641113281,12672,0.0,0.0
2008-09-01 00:00:00+08:00,35.23489761352539,35.23489761352539,34.27852301669828,35.23489761352539,6720,0.0,0.0
2008-09-02 00:00:00+08:00,34.2785231256203,34.73154325503379,33.724830627441406,33.724830627441406,10560,0.0,0.0
2008-09-03 00:00:00+08:00,33.724830174934375,33.724830174934375,31.409395217895508,31.409395217895508,34560,0.0,0.0
2008-09-04 00:00:00+08:00,29.44630748747587,30.201341012795766,29.244964599609375,29.244964599609375,19200,0.0,0.0
2008-09-05 00:00:00+08:00,27.231542587280273,27.48322167029967,27.231542587280273,27.231542587280273,43200,0.0,0.0
2008-09-08 00:00:00+08:00,27.28187808112376,29.04362240089177,27.28187808112376,28.691274642944336,20352,0.0,0.0
2008-09-09 00:00:00+08:00,28.892615833315517,28.892615833315517,26.728187561035156,26.728187561035156,17280,0.0,0.0
2008-09-10 00:00:00+08:00,25.167784253015416,27.382548706904313,25.167784253015416,27.18120765686035,17472,0.0,0.0
2008-09-11 00:00:00+08:00,27.08053536538487,27.08053536538487,25.36912721843389,26.124160766601562,15936,0.0,0.0
2008-09-12 00:00:00+08:00,26.023487814386012,26.023487814386012,24.46308641205981,24.714763641357422,24960,0.0,0.0
2008-09-15 00:00:00+08:00,23.90939531638196,24.714765077618157,23.003355026245117,23.003355026245117,10560,0.0,0.0
2008-09-16 00:00:00+08:00,21.44295310974121,21.44295310974121,21.44295310974121,21.44295310974121,6528,0.0,0.0
2008-09-17 00:00:00+08:00,21.140938432650298,21.442951838831018,19.983219146728516,19.983219146728516,36672,0.0,0.0
2008-09-18 00:00:00+08:00,18.62415885925293,18.62415885925293,18.62415885925293,18.62415885925293,5568,0.0,0.0
2008-09-19 00:00:00+08:00,17.365770871456526,19.83221246198509,17.365770871456526,19.379192352294922,35712,0.0,0.0
2008-09-22 00:00:00+08:00,19.37919234319345,20.637582150634096,19.37919234319345,19.68120574951172,3072,0.0,0.0
2008-09-23 00:00:00+08:00,19.630871376474925,20.889259338378906,19.12751508570721,20.889259338378906,16128,0.0,0.0
2008-09-24 00:00:00+08:00,22.097314245836518,22.24832095750895,20.788590025790004,22.046979904174805,4800,0.0,0.0
2008-09-25 00:00:00+08:00,22.046979781908867,23.55704689025879,22.046979781908867,23.55704689025879,16512,0.0,0.0
2008-09-26 00:00:00+08:00,25.167783737182617,25.167783737182617,25.167783737182617,25.167783737182617,28224,0.0,0.0
2008-09-29 00:00:00+08:00,25.167783737182617,25.167783737182617,25.167783737182617,25.167783737182617,0,0.0,0.0
2008-09-30 00:00:00+08:00,23.40604019165039,23.40604019165039,23.40604019165039,23.40604019165039,576,0.0,0.0
2008-10-01 00:00:00+08:00,23.255033583868116,23.859060430202355,22.147650417807466,22.197986602783203,19584,0.0,0.0
2008-10-02 00:00:00+08:00,21.493287349561538,23.70805367787679,21.493287349561538,22.6510066986084,19200,0.0,0.0
2008-10-03 00:00:00+08:00,21.694630659496987,24.211408615112305,21.694630659496987,24.211408615112305,18240,0.0,0.0
2008-10-06 00:00:00+08:00,23.859060891183674,23.859060891183674,22.651007175174374,23.75838851928711,6336,0.0,0.0
2008-10-07 00:00:00+08:00,22.197985907196674,24.563757033425098,22.197985907196674,22.90268325805664,7488,0.0,0.0
2008-10-08 00:00:00+08:00,22.65100737201137,22.65100737201137,21.392617459118394,21.946308135986328,2304,0.0,0.0
2008-10-09 00:00:00+08:00,23.305367275469667,23.305367275469667,21.543622970581055,21.543622970581055,7488,0.0,0.0
2008-10-13 00:00:00+08:00,21.543622979406212,21.89597257786571,20.838925625830814,21.392616271972656,3648,0.0,0.0
2008-10-14 00:00:00+08:00,22.24832146711163,22.85234832763672,22.14765093813868,22.85234832763672,7680,0.0,0.0
2008-10-15 00:00:00+08:00,22.651007354375253,22.651007354375253,22.097314834594727,22.097314834594727,7872,0.0,0.0
2008-10-16 00:00:00+08:00,21.342281341552734,21.342281341552734,21.342281341552734,21.342281341552734,768,0.0,0.0
2008-10-17 00:00:00+08:00,20.63758339063547,21.140939712524414,20.63758339063547,21.140939712524414,9024,0.0,0.0
2008-10-20 00:00:00+08:00,20.436239810982464,21.99664306640625,20.436239810982464,21.99664306640625,5568,0.0,0.0
2008-10-21 00:00:00+08:00,22.29865648954949,23.053690025802222,21.241609538795668,21.84563636779785,6912,0.0,0.0
2008-10-22 00:00:00+08:00,22.600669950355172,22.600669950355172,21.09060287475586,21.09060287475586,4032,0.0,0.0
2008-10-23 00:00:00+08:00,20.385906219482422,20.587247274235857,20.385906219482422,20.385906219482422,1920,0.0,0.0
2008-10-24 00:00:00+08:00,19.731543169600158,20.53691291809082,19.681206984274596,20.53691291809082,3456,0.0,0.0
2008-10-27 00:00:00+08:00,19.17785197678743,19.17785197678743,19.12751579284668,19.12751579284668,4992,0.0,0.0
2008-10-28 00:00:00+08:00,17.818792167076698,19.63087272644043,17.818792167076698,19.63087272644043,12672,0.0,0.0
2008-10-29 00:00:00+08:00,19.22818631738457,19.630872102223353,19.12751579284668,19.12751579284668,7104,0.0,0.0
2008-10-30 00:00:00+08:00,19.12751572737325,20.18456268310547,18.12080495540948,20.18456268310547,5568,0.0,0.0
2008-10-31 00:00:00+08:00,19.731542541202973,20.637582788146123,19.127515709907538,20.486576080322266,27840,0.0,0.0
2008-11-03 00:00:00+08:00,19.630871429418974,19.630871429418974,19.077178955078125,19.077178955078125,34368,0.0,0.0
2008-11-04 00:00:00+08:00,17.869126638411426,18.271812438964844,17.768456109944914,18.271812438964844,24384,0.0,0.0
2008-11-05 00:00:00+08:00,18.271811785300635,18.473152835030795,17.969798367361783,18.22147560119629,13824,0.0,0.0
2008-11-06 00:00:00+08:00,16.963085174560547,17.063757539381808,16.963085174560547,16.963085174560547,12864,0.0,0.0
2008-11-07 00:00:00+08:00,15.805368836863005,18.120805740356445,15.805368836863005,18.120805740356445,24768,0.0,0.0
2008-11-10 00:00:00+08:00,19.37919314632568,19.37919314632568,17.265099214483342,17.466442108154297,16128,0.0,0.0
2008-11-11 00:00:00+08:00,17.365772334012117,17.365772334012117,16.61073875427246,16.61073875427246,4992,0.0,0.0
2008-11-12 00:00:00+08:00,16.61073875427246,16.61073875427246,15.956375704050192,16.61073875427246,13056,0.0,0.0
2008-11-13 00:00:00+08:00,16.610738477721853,16.610738477721853,15.60402582593384,15.755032539367676,9984,0.0,0.0
2008-11-14 00:00:00+08:00,16.711409021440755,16.711409021440755,15.100671357730702,15.604025840759277,4416,0.0,0.0
2008-11-17 00:00:00+08:00,14.597314211642388,14.597314211642388,14.546978950500488,14.546978950500488,7104,0.0,0.0
2008-11-18 00:00:00+08:00,13.540267944335938,13.540267944335938,13.540267944335938,13.540267944335938,3456,0.0,0.0
2008-11-19 00:00:00+08:00,12.634227752685547,12.634227752685547,12.634227752685547,12.634227752685547,3072,0.0,0.0
2008-11-20 00:00:00+08:00,11.778523445129395,11.778523445129395,11.778523445129395,11.778523445129395,14016,0.0,0.0
2008-11-21 00:00:00+08:00,10.973153362863028,12.583891868591309,10.973153362863028,12.583891868591309,41856,0.0,0.0
2008-11-24 00:00:00+08:00,13.439597129821777,13.439597129821777,12.885905555077093,13.439597129821777,23616,0.0,0.0
2008-11-25 00:00:00+08:00,14.345637374454075,14.345637374454075,12.6342273890187,13.590603828430176,25728,0.0,0.0
2008-11-26 00:00:00+08:00,13.48993244935139,13.48993244935139,12.684563636779785,12.684563636779785,13824,0.0,0.0
2008-11-27 00:00:00+08:00,12.181207583889684,13.540268002712471,12.181207583889684,12.936241149902344,32640,0.0,0.0
2008-11-28 00:00:00+08:00,12.936241080955794,13.791946091766752,12.835570553805209,13.691274642944336,8832,0.0,0.0
2008-12-01 00:00:00+08:00,14.345637010967092,14.647650421724293,13.691274006545298,13.942952156066895,10176,0.0,0.0
2008-12-02 00:00:00+08:00,12.986576682112434,13.892616915748185,12.986576682112434,13.4899320602417,12864,0.0,0.0
2008-12-03 00:00:00+08:00,13.489932738868905,13.9429528784765,12.936241149902344,12.936241149902344,29760,0.0,0.0
2008-12-04 00:00:00+08:00,12.936240860825706,13.489932437419329,12.734898888278847,12.835570335388184,11136,0.0,0.0
2008-12-05 00:00:00+08:00,12.835570019331543,13.087247248399988,12.583891868591309,12.583891868591309,3648,0.0,0.0
2008-12-08 00:00:00+08:00,13.439597129821777,13.439597129821777,13.087247526951609,13.439597129821777,19968,0.0,0.0
2008-12-09 00:00:00+08:00,13.238254225837817,13.791945800145946,13.238254225837817,13.590603828430176,22272,0.0,0.0
2008-12-10 00:00:00+08:00,14.093959156743283,14.496644020080566,14.093959156743283,14.496644020080566,41472,0.0,0.0
2008-12-11 00:00:00+08:00,14.395972787705272,15.503355026245117,14.14429462917138,15.503355026245117,20160,0.0,0.0
2008-12-12 00:00:00+08:00,16.10738196443347,16.359059202780607,14.446308135986328,14.446308135986328,22656,0.0,0.0
2008-12-15 00:00:00+08:00,14.446308376257678,15.453020111405356,14.446308376257678,15.302013397216797,13632,0.0,0.0
2008-12-16 00:00:00+08:00,14.597314218222232,16.10738126987776,14.244965546726537,14.39597225189209,25152,0.0,0.0
2008-12-17 00:00:00+08:00,15.151005777719853,15.151005777719853,14.144294102725574,14.39597225189209,10752,0.0,0.0
2008-12-18 00:00:00+08:00,14.395972885811913,14.848993021257098,13.942952750366729,14.29530143737793,4800,0.0,0.0
2008-12-19 00:00:00+08:00,13.993287385074481,14.697985649108887,13.993287385074481,14.697985649108887,9792,0.0,0.0
2008-12-22 00:00:00+08:00,15.050334313780695,15.100670496550386,14.24496552785527,14.848992347717285,9216,0.0,0.0
2008-12-23 00:00:00+08:00,15.201341038884443,15.40268392688637,14.043623580396396,14.39597225189209,19584,0.0,0.0
2008-12-24 00:00:00+08:00,14.999999368526797,15.251677522659302,14.093959119655947,15.10067081451416,17280,0.0,0.0
2008-12-25 00:00:00+08:00,14.99999941838556,15.100670864707546,14.345637321472168,14.345637321472168,4416,0.0,0.0
2008-12-26 00:00:00+08:00,14.798657990478876,15.302013397216797,14.597315090446237,15.302013397216797,38208,0.0,0.0
2008-12-29 00:00:00+08:00,15.805368123877948,16.208052063272778,15.302012738798512,15.855704307556152,22272,0.0,0.0
2008-12-30 00:00:00+08:00,15.85570455091128,16.610738100954677,15.85570455091128,16.560401916503906,21888,0.0,0.0
2008-12-31 00:00:00+08:00,16.56040251735779,17.114093193031056,16.208052900105518,17.063758850097656,31680,0.0,0.0
2009-01-02 00:00:00+08:00,17.063758850097656,17.063758850097656,17.063758850097656,17.063758850097656,0,0.0,0.0
2009-01-05 00:00:00+08:00,17.11409249456595,18.07046893473668,16.5100656572673,17.617448806762695,19776,0.0,0.0
2009-01-06 00:00:00+08:00,18.120805740356445,18.120805740356445,17.114093081440853,18.120805740356445,30912,0.0,0.0
2009-01-07 00:00:00+08:00,18.12080567882907,19.127516490982792,18.12080567882907,18.72483253479004,62784,0.0,0.0
2009-01-08 00:00:00+08:00,17.516778157032572,19.580535888671875,17.516778157032572,19.580535888671875,57024,0.0,0.0
2009-01-09 00:00:00+08:00,18.775166252969647,18.775166252969647,18.22147560119629,18.22147560119629,8832,0.0,0.0
2009-01-12 00:00:00+08:00,15.805368423461914,15.805368423461914,15.805368423461914,15.805368423461914,36672,0.0,0.0
2009-01-13 00:00:00+08:00,16.157718658447266,16.157718658447266,15.352348889684235,16.157718658447266,6912,0.0,0.0
2009-01-14 00:00:00+08:00,16.610738148425877,16.610738148425877,15.855704596224701,15.956375122070312,5952,0.0,0.0
2009-01-15 00:00:00+08:00,15.100670824147235,15.100670824147235,14.84899266985418,14.949664115905762,11712,0.0,0.0
2009-01-16 00:00:00+08:00,15.050334630684578,15.35234804697486,14.647650690078734,15.10067081451416,7872,0.0,0.0
2009-01-19 00:00:00+08:00,14.848992354139703,14.848992354139703,14.697985649108887,14.697985649108887,1728,0.0,0.0
2009-01-20 00:00:00+08:00,13.993288026813474,14.144294738769531,13.993288026813474,14.144294738769531,1344,0.0,0.0
2009-01-21 00:00:00+08:00,14.194630860287676,14.899328231811523,14.194630860287676,14.899328231811523,2496,0.0,0.0
2009-02-02 00:00:00+08:00,14.597314834594727,14.597314834594727,14.546979571304727,14.597314834594727,2688,0.0,0.0
2009-02-03 00:00:00+08:00,14.597315031358455,15.604025840759277,14.597315031358455,15.604025840759277,3264,0.0,0.0
2009-02-04 00:00:00+08:00,16.510066172407534,16.510066172407534,15.251678117667394,15.453020095825195,5184,0.0,0.0
2009-02-05 00:00:00+08:00,14.999999378095652,14.999999378095652,14.949664115905762,14.949664115905762,2688,0.0,0.0
2009-02-06 00:00:00+08:00,15.100670516555263,15.100670516555263,14.39597225189209,14.39597225189209,5184,0.0,0.0
2009-02-09 00:00:00+08:00,14.748321196131121,15.402684211730957,14.748321196131121,15.402684211730957,4032,0.0,0.0
2009-02-10 00:00:00+08:00,16.20805240832142,16.20805240832142,15.201341616730968,15.352348327636719,8256,0.0,0.0
2009-02-11 00:00:00+08:00,14.899328503801442,15.453020095825195,14.899328503801442,15.453020095825195,5184,0.0,0.0
2009-02-12 00:00:00+08:00,15.251677522659302,15.251677522659302,15.10067081451416,15.10067081451416,5568,0.0,0.0
2009-02-13 00:00:00+08:00,15.10067164340866,16.157718658447266,15.10067164340866,16.157718658447266,11520,0.0,0.0
2009-02-16 00:00:00+08:00,17.265098571777344,17.265098571777344,17.265098571777344,17.265098571777344,5184,0.0,0.0
2009-02-17 00:00:00+08:00,18.47315216064453,18.47315216064453,18.47315216064453,18.47315216064453,27264,0.0,0.0
2009-02-18 00:00:00+08:00,19.681206577446012,19.681206577446012,17.3154354095459,17.3154354095459,173376,0.0,0.0
2009-02-19 00:00:00+08:00,17.36577163915139,17.61744887454629,16.661072430695874,16.711408615112305,21504,0.0,0.0
2009-02-20 00:00:00+08:00,17.114092608426244,17.265099318755556,15.654361689690775,16.10738182067871,24576,0.0,0.0
2009-02-23 00:00:00+08:00,15.201342156634848,16.963086565325675,15.201342156634848,16.308725357055664,9984,0.0,0.0
2009-02-24 00:00:00+08:00,15.201342077969482,17.063758850097656,15.201342077969482,17.063758850097656,15936,0.0,0.0
2009-02-25 00:00:00+08:00,17.617448167089286,18.120804461009627,16.40939453635531,17.114091873168945,14976,0.0,0.0
2009-02-26 00:00:00+08:00,17.466442097438033,17.768455516087357,17.16442867878871,17.617448806762695,5376,0.0,0.0
2009-02-27 00:00:00+08:00,17.617449410898647,18.120805740356445,17.416106510446795,18.120805740356445,8832,0.0,0.0
2009-03-02 00:00:00+08:00,17.567113224949765,18.221476268910532,17.21476545333862,18.120805740356445,6912,0.0,0.0
2009-03-03 00:00:00+08:00,17.61744809572544,19.379192352294922,17.61744809572544,19.379192352294922,17472,0.0,0.0
2009-03-04 00:00:00+08:00,19.731542626761243,19.882549335239887,18.875838559830147,19.12751579284668,52224,0.0,0.0
2009-03-05 00:00:00+08:00,19.278523173802423,19.83221384309018,18.171139991883233,19.026845932006836,177984,0.0,0.0
2009-03-06 00:00:00+08:00,17.869126509274356,19.63087272644043,17.869126509274356,19.63087272644043,54720,0.0,0.0
2009-03-09 00:00:00+08:00,20.134227081815034,20.989933013916016,19.68120694482404,20.989933013916016,110400,0.0,0.0
2009-03-10 00:00:00+08:00,22.449664505502653,22.449664505502653,21.14094024748707,21.64429473876953,156480,0.0,0.0
2009-03-11 00:00:00+08:00,21.644294205118346,22.147650527334,20.23489945226436,20.989933013916016,62976,0.0,0.0
2009-03-12 00:00:00+08:00,20.989932378143532,21.14093908589996,20.23489883936139,20.637582778930664,51072,0.0,0.0
2009-03-13 00:00:00+08:00,21.140940282048078,22.04698057985014,20.73825447635136,21.342281341552734,74304,0.0,0.0
2009-03-16 00:00:00+08:00,21.795300903302017,21.795300903302017,21.140939712524414,21.140939712524414,27456,0.0,0.0
2009-03-17 00:00:00+08:00,21.140939646753772,22.60067057934365,20.134227006107825,21.895973205566406,139392,0.0,0.0
2009-03-18 00:00:00+08:00,21.895973082511656,23.40604019165039,21.392616765017532,23.40604019165039,687552,0.0,0.0
2009-03-19 00:00:00+08:00,24.161073684692383,25.016777763244026,23.657717368480082,24.161073684692383,154752,0.0,0.0
2009-03-20 00:00:00+08:00,23.406040268456376,23.406040268456376,22.5,22.5,82560,0.0,0.0
2009-03-23 00:00:00+08:00,22.14765044405607,22.449663867581123,21.49328741197057,21.895973205566406,87168,0.0,0.0
2009-03-24 00:00:00+08:00,22.50000065619796,22.50000065619796,21.895973792944325,21.946308135986328,43584,0.0,0.0
2009-03-25 00:00:00+08:00,21.69462964361655,23.003353824318744,21.69462964361655,22.14764976501465,41472,0.0,0.0
2009-03-26 00:00:00+08:00,22.499999354170875,23.305367229675,22.197985940020928,22.298656463623047,65664,0.0,0.0
2009-03-27 00:00:00+08:00,22.651006602033785,23.859060287475586,22.651006602033785,23.859060287475586,65856,0.0,0.0
2009-03-30 00:00:00+08:00,25.520133467179924,25.520133467179924,22.751676559448242,22.751676559448242,90624,0.0,0.0
2009-03-31 00:00:00+08:00,22.75167722504322,23.657717492987555,22.6510066986084,22.6510066986084,18240,0.0,0.0
2009-04-02 00:00:00+08:00,23.909395299432298,24.161074386521015,22.80201395227921,23.154361724853516,39744,0.0,0.0
2009-04-03 00:00:00+08:00,23.204697192212844,24.765100479125977,23.154361007685445,24.765100479125977,67008,0.0,0.0
2009-04-06 00:00:00+08:00,25.41946210415118,26.47650909423828,24.91610762348167,26.47650909423828,229056,0.0,0.0
2009-04-07 00:00:00+08:00,27.432884259010972,27.432884259010972,25.671139973328447,26.526844024658203,70848,0.0,0.0
2009-04-08 00:00:00+08:00,26.526845265435426,27.684562782367646,26.02348894169184,26.62751579284668,217152,0.0,0.0
2009-04-09 00:00:00+08:00,27.13087204634038,27.382549285888672,26.677851909147254,27.382549285888672,59136,0.0,0.0
2009-04-10 00:00:00+08:00,27.18120820451031,27.83556939535275,26.677851882571492,27.68456268310547,54528,0.0,0.0
2009-04-13 00:00:00+08:00,28.137582189235985,28.137582189235985,26.476508391743415,28.087247848510742,65280,0.0,0.0
2009-04-14 00:00:00+08:00,27.88590429873846,30.050334355906553,26.778521178712808,28.187917709350586,362688,0.0,0.0
2009-04-15 00:00:00+08:00,28.288588908482847,28.691274694494297,27.835568781727673,27.936241149902344,55104,0.0,0.0
2009-04-16 00:00:00+08:00,27.98657544036224,29.597314894826788,27.98657544036224,28.691274642944336,105216,0.0,0.0
2009-04-17 00:00:00+08:00,28.69127541466163,29.093959367437062,26.778522491455078,26.778522491455078,101184,0.0,0.0
2009-04-20 00:00:00+08:00,25.671141288646314,27.18120842327257,24.966442063591614,25.419462203979492,18240,0.0,0.0
2009-04-21 00:00:00+08:00,24.966442049088275,25.620805088160747,23.95973124103681,25.57046890258789,9024,0.0,0.0
2009-04-22 00:00:00+08:00,25.87248169929899,26.627515247787166,25.671140648597895,25.973154067993164,15744,0.0,0.0
2009-04-23 00:00:00+08:00,25.922818321335093,27.785235053499427,24.916107520801116,27.68456268310547,74880,0.0,0.0
2009-04-24 00:00:00+08:00,27.68456268310547,29.597315600466782,26.778522409621793,27.68456268310547,737088,0.0,0.0
2009-04-27 00:00:00+08:00,28.640937944361625,28.640937944361625,25.77181053161621,25.77181053161621,52992,0.0,0.0
2009-04-28 00:00:00+08:00,24.765100539105493,25.16778448626909,24.010066986083984,24.010066986083984,38592,0.0,0.0
2009-04-29 00:00:00+08:00,23.95973094289987,23.95973094289987,22.3489933013916,22.3489933013916,31488,0.0,0.0
2009-04-30 00:00:00+08:00,23.15436111123151,23.758387954887002,23.05369058507014,23.40604019165039,45696,0.0,0.0
2009-05-04 00:00:00+08:00,23.406040179423798,23.808724127202563,23.406040179423798,23.55704689025879,60288,0.0,0.0
2009-05-05 00:00:00+08:00,23.557047648550263,23.557047648550263,21.9966443052454,22.097314834594727,40704,0.0,0.0
2009-05-06 00:00:00+08:00,22.09731488692997,22.298657789449177,21.392617493128302,21.64429473876953,43008,0.0,0.0
2009-05-07 00:00:00+08:00,21.140939573578486,23.15436116121401,21.140939573578486,22.802013397216797,58944,0.0,0.0
2009-05-08 00:00:00+08:00,22.147650379746995,23.456374596774268,22.147650379746995,22.6510066986084,32064,0.0,0.0
2009-05-11 00:00:00+08:00,23.15436116121401,23.607381294933546,22.65100668597695,22.802013397216797,47424,0.0,0.0
2009-05-12 00:00:00+08:00,23.154361774751862,24.362415496681304,22.348993855694694,22.70134162902832,105216,0.0,0.0
2009-05-13 00:00:00+08:00,22.651007302884093,23.154361791830166,22.147650970594324,22.550334930419922,38208,0.0,0.0
2009-05-14 00:00:00+08:00,21.140939646753772,22.751677291106176,21.140939646753772,21.895973205566406,23040,0.0,0.0
2009-05-15 00:00:00+08:00,22.14765103818544,22.550334999239965,21.895973792944325,21.946308135986328,23616,0.0,0.0
2009-05-18 00:00:00+08:00,22.04697925857978,22.248320306018112,21.84563636779785,21.84563636779785,16512,0.0,0.0
2009-05-19 00:00:00+08:00,21.94630758764688,22.3489933819838,21.241610212572752,21.44295310974121,43008,0.0,0.0
2009-05-20 00:00:00+08:00,21.442951811226457,22.097312961546596,20.889259338378906,20.889259338378906,68736,0.0,0.0
2009-05-21 00:00:00+08:00,20.939596712982087,22.3489933013916,20.939596712982087,22.3489933013916,78912,0.0,0.0
2009-05-22 00:00:00+08:00,23.909395217895508,23.909395217895508,23.909395217895508,23.909395217895508,38592,0.0,0.0
2009-05-25 00:00:00+08:00,25.57046890258789,25.57046890258789,25.57046890258789,25.57046890258789,15744,0.0,0.0
2009-05-26 00:00:00+08:00,27.33221435546875,27.33221435546875,27.33221435546875,27.33221435546875,50496,0.0,0.0
2009-05-27 00:00:00+08:00,29.244965283356912,29.244965283356912,26.677851237250124,28.842281341552734,449664,0.0,0.0
2009-06-01 00:00:00+08:00,28.842280778260783,30.201341129068883,26.828857421875,26.828857421875,121728,0.0,0.0
2009-06-02 00:00:00+08:00,26.828858810745217,27.43288566459572,25.268455490516864,25.419462203979492,101376,0.0,0.0
2009-06-03 00:00:00+08:00,25.218119920333738,25.620803855511966,25.167783737182617,25.167783737182617,36672,0.0,0.0
2009-06-04 00:00:00+08:00,24.664427428394635,26.12416014925244,24.664427428394635,25.318790435791016,23424,0.0,0.0
2009-06-05 00:00:00+08:00,25.67114065962228,25.872481710409843,25.41946158112239,25.822147369384766,16128,0.0,0.0
2009-06-08 00:00:00+08:00,26.174494473809485,26.57718025197759,24.966440825992322,25.620803833007812,46848,0.0,0.0
2009-06-09 00:00:00+08:00,25.67114081563829,25.67114081563829,23.859060287475586,23.859060287475586,59328,0.0,0.0
2009-06-10 00:00:00+08:00,23.154360513867687,23.708053001829494,22.248320271759553,22.449663162231445,33216,0.0,0.0
2009-06-11 00:00:00+08:00,22.248320231444435,24.010066372358047,22.248320231444435,23.204696655273438,53376,0.0,0.0
2009-06-12 00:00:00+08:00,23.104026832580566,23.758388019422377,22.6510066986084,22.6510066986084,31680,0.0,0.0
2009-06-15 00:00:00+08:00,22.49999942642975,22.49999942642975,21.09060287475586,21.09060287475586,30336,0.0,0.0
2009-06-16 00:00:00+08:00,20.637583912860904,21.64429473876953,20.134227578234743,21.64429473876953,26112,0.0,0.0
2009-06-17 00:00:00+08:00,21.644294060885596,22.6510066986084,21.644294060885596,22.6510066986084,24192,0.0,0.0
2009-06-18 00:00:00+08:00,22.600670593015415,23.154361255365075,21.744966506958008,21.744966506958008,27072,0.0,0.0
2009-06-19 00:00:00+08:00,21.191274492246876,23.20469797806225,21.191274492246876,22.550334930419922,8064,0.0,0.0
2009-06-22 00:00:00+08:00,23.154360488361576,23.154360488361576,22.651006027751706,22.90268325805664,16896,0.0,0.0
2009-06-23 00:00:00+08:00,21.795300158925276,22.802012768320818,21.795300158925276,22.298656463623047,2688,0.0,0.0
2009-06-24 00:00:00+08:00,23.104026165160484,23.104026165160484,22.5503336774047,22.600669860839844,3840,0.0,0.0
2009-06-25 00:00:00+08:00,22.60066983627199,23.607380600475345,22.499999312854733,23.05368995666504,13632,0.0,0.0
2009-06-26 00:00:00+08:00,23.05368996490832,24.41275032657342,22.802012734603384,22.90268325805664,9984,0.0,0.0
2009-06-29 00:00:00+08:00,22.65100740802186,22.65100740802186,21.342281306662574,21.64429473876953,18816,0.0,0.0
2009-06-30 00:00:00+08:00,21.895973245862503,21.94630758764688,21.44295310974121,21.44295310974121,4032,0.0,0.0
2009-07-01 00:00:00+08:00,21.99664433973598,21.99664433973598,21.44295366243097,21.79530143737793,11136,0.0,0.0
2009-07-02 00:00:00+08:00,22.147649731822682,23.15436049675075,22.147649731822682,22.751676559448242,18432,0.0,0.0
2009-07-03 00:00:00+08:00,22.500000570935875,24.211408781440124,22.39932819854596,22.70134162902832,17664,0.0,0.0
2009-07-06 00:00:00+08:00,23.35570469341481,23.35570469341481,22.550334930419922,22.550334930419922,10752,0.0,0.0
2009-07-07 00:00:00+08:00,23.003355093673296,23.406040897143605,22.197987173420064,22.399328231811523,22656,0.0,0.0
2009-07-08 00:00:00+08:00,23.104027448941775,23.104027448941775,21.94630806900968,22.550334930419922,15552,0.0,0.0
2009-07-09 00:00:00+08:00,23.003353718592507,24.110736846923828,22.802012672236692,24.110736846923828,20928,0.0,0.0
2009-07-10 00:00:00+08:00,25.419462296399015,25.570469010410665,23.406040671806103,24.5134220123291,61056,0.0,0.0
2009-07-13 00:00:00+08:00,24.664428773710593,24.664428773710593,22.9530205738541,24.060401916503906,24576,0.0,0.0
2009-07-14 00:00:00+08:00,24.46308705864883,25.117448240786892,23.758387848639735,24.765100479125977,31680,0.0,0.0
2009-07-15 00:00:00+08:00,24.76510046756629,26.124160859079073,24.26174415255812,24.916107177734375,27072,0.0,0.0
2009-07-16 00:00:00+08:00,25.167785102497394,25.419462345218953,23.557047431060788,24.060401916503906,32832,0.0,0.0
2009-07-17 00:00:00+08:00,23.40603948297659,25.067113252736217,23.40603948297659,24.412750244140625,26304,0.0,0.0
2009-07-20 00:00:00+08:00,24.161074211870197,25.318791736741087,24.161074211870197,24.8154354095459,26112,0.0,0.0
2009-07-21 00:00:00+08:00,25.41946224935077,25.62080514877487,24.56375815264977,24.966442108154297,23040,0.0,0.0
2009-07-22 00:00:00+08:00,24.966440847921714,25.167783737182617,24.563756912743486,25.167783737182617,34944,0.0,0.0
2009-07-23 00:00:00+08:00,25.117447554031497,25.721474378470628,24.81543414181193,25.167783737182617,48576,0.0,0.0
2009-07-24 00:00:00+08:00,25.419460973873193,25.62080386319447,24.81543414925294,25.01677703857422,29184,0.0,0.0
2009-07-27 00:00:00+08:00,25.016778278783097,26.17449580225133,25.016778278783097,25.117448806762695,62208,0.0,0.0
2009-07-28 00:00:00+08:00,25.167784933587402,26.073825213316674,25.167784933587402,25.72147560119629,33600,0.0,0.0
2009-07-29 00:00:00+08:00,25.72147564602528,26.17449578667947,25.268455505371094,25.268455505371094,37248,0.0,0.0
2009-07-30 00:00:00+08:00,25.218119849424422,27.030200317646536,25.01677696072966,26.6778507232666,88896,0.0,0.0
2009-07-31 00:00:00+08:00,26.677851964097137,27.432885527640863,26.426174724030446,26.778522491455078,48000,0.0,0.0
2009-08-03 00:00:00+08:00,26.778521159926385,28.64093780517578,26.778521159926385,28.64093780517578,122304,0.0,0.0
2009-08-04 00:00:00+08:00,30.201341840955948,30.60402578438749,27.18120765686035,27.18120765686035,171264,0.0,0.0
2009-08-05 00:00:00+08:00,26.92952798838539,28.187917818594048,25.92281723022461,25.92281723022461,49536,0.0,0.0
2009-08-06 00:00:00+08:00,26.124160036874983,27.73489761352539,26.124160036874983,27.73489761352539,56640,0.0,0.0
2009-08-10 00:00:00+08:00,27.986576053626948,29.446308831431274,27.986576053626948,28.288589477539062,103488,0.0,0.0
2009-08-11 00:00:00+08:00,26.828858518028028,29.395972618884073,26.828858518028028,28.59060287475586,43008,0.0,0.0
2009-08-12 00:00:00+08:00,29.093958615917305,29.093958615917305,28.18791836306856,28.23825454711914,28416,0.0,0.0
2009-08-13 00:00:00+08:00,28.741608354557634,28.741608354557634,27.734897600057913,28.036911010742188,34176,0.0,0.0
2009-08-14 00:00:00+08:00,28.18791899123276,28.18791899123276,27.432885430366312,27.835569381713867,31872,0.0,0.0
2009-08-17 00:00:00+08:00,27.28187874507482,27.885905594363145,27.28187874507482,27.53355598449707,19200,0.0,0.0
2009-08-18 00:00:00+08:00,29.446308366183576,29.446308366183576,26.12416075563979,26.27516746520996,76608,0.0,0.0
2009-08-19 00:00:00+08:00,27.030201001848493,27.986575599833788,26.275167454310825,26.42617416381836,35712,0.0,0.0
2009-08-20 00:00:00+08:00,26.526843963726378,28.23825390579838,26.526843963726378,27.88590431213379,291264,0.0,0.0
2009-08-21 00:00:00+08:00,27.231542030087343,27.885905051867525,26.67785137679249,26.728187561035156,42432,0.0,0.0
2009-08-24 00:00:00+08:00,26.778522491455078,27.181208287574172,26.677851964097137,26.778522491455078,22848,0.0,0.0
2009-08-25 00:00:00+08:00,26.27516803930794,27.43288555686021,26.27516803930794,26.47650909423828,17280,0.0,0.0
2009-08-26 00:00:00+08:00,26.577181494008293,26.828858734617302,25.822147928837605,26.174495697021484,33984,0.0,0.0
2009-08-27 00:00:00+08:00,26.02348777536128,26.47650789342378,25.469797134399414,25.469797134399414,27072,0.0,0.0
2009-08-28 00:00:00+08:00,25.67114001611472,25.922817244962104,25.369126604160428,25.620803833007812,8832,0.0,0.0
2009-08-31 00:00:00+08:00,25.620804544070904,25.67114072857481,24.664428098558478,24.916107177734375,19776,0.0,0.0
2009-09-01 00:00:00+08:00,24.966441965542423,26.47650909423828,24.66442853980325,26.47650909423828,28032,0.0,0.0
2009-09-02 00:00:00+08:00,25.46979710543654,26.32550115746701,25.46979710543654,26.073823928833008,19392,0.0,0.0
2009-09-03 00:00:00+08:00,26.023489013007218,26.07382519852262,25.721475586602157,25.872482299804688,16128,0.0,0.0
2009-09-04 00:00:00+08:00,26.073824593343712,26.42617419708607,25.973154067993164,25.973154067993164,11712,0.0,0.0
2009-09-07 00:00:00+08:00,26.627515120260956,27.785234451293945,26.174494993337685,27.785234451293945,92352,0.0,0.0
2009-09-08 00:00:00+08:00,28.087248520196365,28.087248520196365,27.231542587280273,27.231542587280273,64704,0.0,0.0
2009-09-09 00:00:00+08:00,27.78523383149637,27.78523383149637,26.9798641204834,26.9798641204834,45504,0.0,0.0
2009-09-10 00:00:00+08:00,27.78523515312256,27.78523515312256,25.973154599658045,26.62751579284668,18624,0.0,0.0
2009-09-11 00:00:00+08:00,26.677850716229656,27.080534650169383,26.677850716229656,26.828857421875,7488,0.0,0.0
2009-09-14 00:00:00+08:00,26.929528528217325,28.691274694494297,26.82885800338627,27.936241149902344,118656,0.0,0.0
2009-09-15 00:00:00+08:00,29.093959728478293,29.8489933013916,28.439596684172194,29.8489933013916,95232,0.0,0.0
2009-09-16 00:00:00+08:00,31.812078680873867,31.812078680873867,28.791946238901208,30.453020095825195,250176,0.0,0.0
2009-09-17 00:00:00+08:00,30.453018220262088,30.85570215238891,29.19462839776837,29.69798469543457,102912,0.0,0.0
2009-09-18 00:00:00+08:00,30.20134218115003,30.855703366179185,29.949663100744687,30.704696655273438,92736,0.0,0.0
2009-09-21 00:00:00+08:00,30.704696494200764,32.818790435791016,30.704696494200764,32.818790435791016,149952,0.0,0.0
2009-09-22 00:00:00+08:00,34.22818686041465,35.083892822265625,32.818792058560796,35.083892822265625,145152,0.0,0.0
2009-09-23 00:00:00+08:00,37.49999844931229,37.49999844931229,32.718118066819535,32.818790435791016,294720,0.0,0.0
2009-09-24 00:00:00+08:00,31.86241536954554,32.3657698336916,30.956375122070312,30.956375122070312,100416,0.0,0.0
2009-09-25 00:00:00+08:00,30.553689762860273,33.12080383300781,30.553689762860273,33.12080383300781,50496,0.0,0.0
2009-09-28 00:00:00+08:00,35.43623936593113,35.43623936593113,33.77516553044413,34.077178955078125,178752,0.0,0.0
2009-09-29 00:00:00+08:00,34.12751780423251,34.228186490406195,32.71811933092688,33.22147750854492,60864,0.0,0.0
2009-09-30 00:00:00+08:00,33.97651105313688,34.68120660237331,33.52349090576172,33.52349090576172,57408,0.0,0.0
2009-10-01 00:00:00+08:00,34.228186454998145,34.228186454998145,32.71811929708095,33.52349090576172,58944,0.0,0.0
2009-10-02 00:00:00+08:00,32.71811749616248,33.02013091112205,32.21476303345892,32.4664421081543,49920,0.0,0.0
2009-10-05 00:00:00+08:00,32.466443963007094,33.42281860278902,32.466443963007094,32.919464111328125,39744,0.0,0.0
2009-10-06 00:00:00+08:00,33.02013272866439,34.278524484720315,33.02013272866439,33.52349090576172,41280,0.0,0.0
2009-10-07 00:00:00+08:00,34.479862847460865,34.479862847460865,32.969795807620436,33.3221435546875,43008,0.0,0.0
2009-10-08 00:00:00+08:00,33.32214438228124,33.72483016513555,31.560401916503906,31.560401916503906,50112,0.0,0.0
2009-10-09 00:00:00+08:00,32.71811799984903,33.724830627441406,31.560402349139398,33.724830627441406,385536,0.0,0.0
2009-10-12 00:00:00+08:00,35.93959821618122,35.93959821618122,34.22818631952386,34.731544494628906,162816,0.0,0.0
2009-10-13 00:00:00+08:00,34.98321727633944,35.63758211764696,33.77516364523276,33.926170349121094,70848,0.0,0.0
2009-10-14 00:00:00+08:00,33.976510326983984,34.68120586115952,33.32214544808016,33.47315216064453,70656,0.0,0.0
2009-10-15 00:00:00+08:00,33.724829327540654,34.479862847460865,33.27180921558852,33.3221435546875,52992,0.0,0.0
2009-10-16 00:00:00+08:00,33.97650909423828,35.13422472410235,33.37248226589627,33.97650909423828,131136,0.0,0.0
2009-10-19 00:00:00+08:00,34.379193135860675,34.379193135860675,33.573825214685556,33.825504302978516,47616,0.0,0.0
2009-10-20 00:00:00+08:00,33.825504302978516,34.22818642022238,33.322146126392596,33.825504302978516,35520,0.0,0.0
2009-10-21 00:00:00+08:00,34.127516371294085,35.234897679519975,34.07717834363343,34.328857421875,60864,0.0,0.0
2009-10-22 00:00:00+08:00,34.32885607056964,35.738250742531754,33.27180914492628,35.43623733520508,358272,0.0,0.0
2009-10-23 00:00:00+08:00,35.23489633417857,35.23489633417857,34.22818374633789,34.22818374633789,124224,0.0,0.0
2009-10-26 00:00:00+08:00,35.23489774909258,36.24161037735943,33.42281723022461,33.42281723022461,54720,0.0,0.0
2009-10-27 00:00:00+08:00,33.82550299620682,34.22818509789397,33.724830627441406,33.724830627441406,29760,0.0,0.0
2009-10-28 00:00:00+08:00,33.7248321080502,34.12751791410357,31.711410451158184,32.31543731689453,47808,0.0,0.0
2009-10-29 00:00:00+08:00,32.3154367055437,32.466443419121006,30.45301995697569,31.208051681518555,65088,0.0,0.0
2009-10-30 00:00:00+08:00,31.66107056126908,32.1644287109375,31.20805043857982,32.1644287109375,54336,0.0,0.0
2009-11-02 00:00:00+08:00,32.164428738185336,33.42281674004803,31.459729540064885,31.711408615112305,58944,0.0,0.0
2009-11-03 00:00:00+08:00,32.013421224326926,33.926170349121094,31.761742155617334,33.926170349121094,313152,0.0,0.0
2009-11-04 00:00:00+08:00,33.92617106741832,34.42952921549479,33.221475558810766,33.97650909423828,134400,0.0,0.0
2009-11-05 00:00:00+08:00,34.22818374633789,35.23489633417857,34.02684270344459,34.22818374633789,74880,0.0,0.0
2009-11-06 00:00:00+08:00,34.731541883601786,35.23489633417857,33.22147484518432,34.22818374633789,40704,0.0,0.0
2009-11-09 00:00:00+08:00,34.731542629665796,34.731542629665796,33.724830020200045,33.97650909423828,34752,0.0,0.0
2009-11-10 00:00:00+08:00,34.02684270344459,34.68120385786313,33.97650836439305,34.22818374633789,25344,0.0,0.0
2009-11-11 00:00:00+08:00,34.17785207723875,34.630872224153634,33.825504302978516,33.825504302978516,38976,0.0,0.0
2009-11-12 00:00:00+08:00,33.976510298905644,34.177851353262646,33.72483121594391,33.77516555786133,15168,0.0,0.0
2009-11-13 00:00:00+08:00,33.724830020200045,34.12751580132378,33.32214423907631,33.97650909423828,34752,0.0,0.0
2009-11-16 00:00:00+08:00,34.026843938928096,36.34227891967716,33.875837229603434,35.23489761352539,222912,0.0,0.0
2009-11-17 00:00:00+08:00,35.23489709105508,35.23489709105508,33.674495680067274,33.97650909423828,58176,0.0,0.0
2009-11-18 00:00:00+08:00,33.97650909423828,34.47986355562757,33.97650909423828,33.97650909423828,34176,0.0,0.0
2009-11-19 00:00:00+08:00,34.02684539617165,34.32885882775509,33.37248418997,33.52349090576172,38016,0.0,0.0
2009-11-20 00:00:00+08:00,33.52349090576172,34.32885882775509,33.271811817213056,33.52349090576172,23616,0.0,0.0
2009-11-23 00:00:00+08:00,33.523490161586906,33.976510298905644,33.523490161586906,33.77516555786133,20160,0.0,0.0
2009-11-24 00:00:00+08:00,33.825504302978516,34.58053788117,33.825504302978516,33.825504302978516,34176,0.0,0.0
2009-11-25 00:00:00+08:00,33.825503403964284,36.19127276162859,33.72483103398529,35.889259338378906,205440,0.0,0.0
2009-11-26 00:00:00+08:00,35.8892574885971,35.8892574885971,34.22818374633789,34.22818374633789,70656,0.0,0.0
2009-11-27 00:00:00+08:00,33.62415637615535,34.228183181555586,32.667781829833984,32.667781829833984,68544,0.0,0.0
2009-11-30 00:00:00+08:00,32.46644260796637,34.22818509789397,32.46644260796637,33.724830627441406,42240,0.0,0.0
2009-12-01 00:00:00+08:00,33.72482931675717,34.077177063711574,33.47315024796853,33.6241569519043,13440,0.0,0.0
2009-12-02 00:00:00+08:00,34.328857466659386,34.47986417646388,33.724830627441406,33.724830627441406,27264,0.0,0.0
2009-12-03 00:00:00+08:00,33.82550108584017,34.47986222914081,33.573822021484375,33.573822021484375,43200,0.0,0.0
2009-12-04 00:00:00+08:00,34.22818448158933,34.32885684854206,33.825502387152774,33.97650909423828,35904,0.0,0.0
2009-12-07 00:00:00+08:00,34.278521761686136,35.23489632349827,34.22818373596274,34.53019714355469,83904,0.0,0.0
2009-12-08 00:00:00+08:00,34.53020037157378,34.882551837828316,34.3791936536611,34.47986602783203,29184,0.0,0.0
2009-12-09 00:00:00+08:00,35.23489876099839,36.845638275146484,35.13422638927434,36.845638275146484,186816,0.0,0.0
2009-12-10 00:00:00+08:00,38.65771671455939,39.412750244140625,38.25503093655367,39.412750244140625,288000,0.0,0.0
2009-12-11 00:00:00+08:00,41.27516492600903,42.1308708190918,41.02348585470536,42.1308708190918,124608,0.0,0.0
2009-12-14 00:00:00+08:00,45.05033493041992,45.05033493041992,45.05033493041992,45.05033493041992,72384,0.0,0.0
2009-12-15 00:00:00+08:00,48.171138763427734,48.171138763427734,48.171138763427734,48.171138763427734,33792,0.0,0.0
2009-12-16 00:00:00+08:00,51.34227955976624,51.34227955976624,45.302011376264325,48.171138763427734,584832,0.0,0.0
2009-12-17 00:00:00+08:00,48.171141164837344,51.34228211926237,48.171141164837344,49.27852249145508,331200,0.0,0.0
2009-12-18 00:00:00+08:00,48.271810071069034,48.82550258027499,45.85570266607914,46.8624153137207,140736,0.0,0.0
2009-12-21 00:00:00+08:00,46.91274906611851,47.56711393787015,45.30201327416204,46.81208038330078,107712,0.0,0.0
2009-12-22 00:00:00+08:00,46.812080861025976,48.92617483539489,46.812080861025976,48.07046890258789,104256,0.0,0.0
2009-12-23 00:00:00+08:00,48.825501059229296,50.234895772671194,48.62416001064823,49.17784881591797,123648,0.0,0.0
2009-12-24 00:00:00+08:00,51.845636304527844,52.600669860839844,49.83221471659162,52.600669860839844,162816,0.0,0.0
2009-12-25 00:00:00+08:00,56.1241569519043,56.1241569519043,56.1241569519043,56.1241569519043,95232,0.0,0.0
2009-12-28 00:00:00+08:00,59.89932632446289,59.89932632446289,59.89932632446289,59.89932632446289,46464,0.0,0.0
2009-12-29 00:00:00+08:00,63.926177978515625,63.926177978515625,63.926177978515625,63.926177978515625,44352,0.0,0.0
2009-12-30 00:00:00+08:00,68.20469665527344,68.20469665527344,68.20469665527344,68.20469665527344,159552,0.0,0.0
2009-12-31 00:00:00+08:00,72.73489379882812,72.73489379882812,68.2046926478968,72.73489379882812,990336,0.0,0.0
2010-01-04 00:00:00+08:00,74.9999967027282,77.7684555053711,72.73489605694068,77.7684555053711,419904,0.0,0.0
2010-01-05 00:00:00+08:00,83.05369156650082,83.05369156650082,72.73489712620464,72.98657989501953,978048,0.0,0.0
2010-01-06 00:00:00+08:00,68.95972874123878,75.50335532740543,68.95972874123878,71.72818756103516,334848,0.0,0.0
2010-01-07 00:00:00+08:00,70.97315461137343,76.51006492468196,70.97315461137343,72.98657989501953,325632,0.0,0.0
2010-01-08 00:00:00+08:00,71.22482633838628,73.99328503913867,68.95972577596368,71.47650909423828,204096,0.0,0.0
2010-01-11 00:00:00+08:00,70.46979281757875,73.4899269008089,70.46979281757875,71.47650909423828,153792,0.0,0.0
2010-01-12 00:00:00+08:00,71.47650825351255,76.25838470458984,71.47650825351255,76.25838470458984,304320,0.0,0.0
2010-01-13 00:00:00+08:00,77.01342349582248,81.54362487792969,75.50335636845341,81.54362487792969,386880,0.0,0.0
2010-01-14 00:00:00+08:00,87.08053588867188,87.08053588867188,87.08053588867188,87.08053588867188,70080,0.0,0.0
2010-01-15 00:00:00+08:00,93.12080383300781,93.12080383300781,93.12080383300781,93.12080383300781,47040,0.0,0.0
2010-01-18 00:00:00+08:00,99.41275024414062,99.41275024414062,94.37919093640747,99.41275024414062,980928,0.0,0.0
2010-01-19 00:00:00+08:00,104.69798817433191,105.45302172517235,95.13422740589489,99.6644287109375,831936,0.0,0.0
2010-01-20 00:00:00+08:00,98.15436338759933,100.67113947820776,92.86912843595937,93.12080383300781,462720,0.0,0.0
2010-01-21 00:00:00+08:00,93.12080139164546,98.15436081427137,93.12080139164546,94.12751770019531,266304,0.0,0.0
2010-01-22 00:00:00+08:00,96.64429561494178,97.90268733855287,93.62416137697485,94.88255310058594,414720,0.0,0.0
2010-01-25 00:00:00+08:00,94.88255499323719,97.65100651768029,88.33892822265625,88.33892822265625,262464,0.0,0.0
2010-01-26 00:00:00+08:00,85.57047000284726,88.3389289226007,82.29866027832031,82.29866027832031,210240,0.0,0.0
2010-01-27 00:00:00+08:00,76.76174926757812,79.0268499931128,76.76174926757812,76.76174926757812,106368,0.0,0.0
2010-01-28 00:00:00+08:00,71.47651207883405,82.04698181152344,71.47651207883405,82.04698181152344,478656,0.0,0.0
2010-01-29 00:00:00+08:00,82.29865720451023,85.57046680683688,78.02013128348732,82.04698181152344,390144,0.0,0.0
2010-02-01 00:00:00+08:00,80.53691208137099,84.56375510475853,80.03355393843218,83.0536880493164,361920,0.0,0.0
2010-02-02 00:00:00+08:00,85.57046401726184,88.08724735858156,81.29194560909204,83.0536880493164,429504,0.0,0.0
2010-02-03 00:00:00+08:00,85.3187878256789,88.08724652560147,84.31207892269533,84.8154296875,349056,0.0,0.0
2010-02-04 00:00:00+08:00,84.81543132634488,85.06711408698457,80.53691287596246,81.29194641113281,163776,0.0,0.0
2010-02-05 00:00:00+08:00,76.51006129487105,77.76845295912074,75.7550277709961,75.7550277709961,149760,0.0,0.0
2010-02-08 00:00:00+08:00,73.99328492882691,76.25838548787263,72.98657602704243,74.49664306640625,71808,0.0,0.0
2010-02-09 00:00:00+08:00,74.49664767607831,78.52349090576172,71.4765134104721,78.52349090576172,166848,0.0,0.0
2010-02-10 00:00:00+08:00,80.53691326121988,83.55704741634845,79.02684618365559,82.55033111572266,201024,0.0,0.0
2010-02-22 00:00:00+08:00,85.06711211684566,86.57717915221349,80.53691101074219,80.53691101074219,106944,0.0,0.0
2010-02-23 00:00:00+08:00,80.03355340544358,80.78858692813645,77.51677745425879,78.77516174316406,86976,0.0,0.0
2010-02-24 00:00:00+08:00,78.77516691093443,84.0604019165039,78.52349151131793,84.0604019165039,217152,0.0,0.0
2010-02-25 00:00:00+08:00,85.06711733620219,89.84899411713786,83.0536920410518,88.84228515625,639936,0.0,0.0
2010-02-26 00:00:00+08:00,88.84228515625,93.12080377005442,87.58389342510918,88.84228515625,449088,0.0,0.0
2010-03-01 00:00:00+08:00,89.34563601040783,94.6308709620478,88.84228521631094,93.12080383300781,314880,0.0,0.0
2010-03-02 00:00:00+08:00,95.6375845456538,95.6375845456538,86.828857421875,86.828857421875,429888,0.0,0.0
2010-03-03 00:00:00+08:00,86.57718350620014,86.57718350620014,81.79529940480383,83.30536651611328,338496,0.0,0.0
2010-03-04 00:00:00+08:00,83.30536408950285,86.57718098428461,83.30536408950285,84.31208038330078,253824,0.0,0.0
2010-03-05 00:00:00+08:00,84.56375388084308,87.08052981236249,83.0536868472566,83.55704498291016,181632,0.0,0.0
2010-03-08 00:00:00+08:00,84.06040068486506,86.07382597242083,83.80872528893607,84.56375885009766,121344,0.0,0.0
2010-03-09 00:00:00+08:00,85.57046387935678,87.08053093236528,84.56375496847588,86.07382202148438,202560,0.0,0.0
2010-03-10 00:00:00+08:00,86.57717937586024,91.8624140133005,86.57717937586024,87.83556365966797,845184,0.0,0.0
2010-03-11 00:00:00+08:00,87.08053366872142,87.8355672189513,84.56375762574665,85.0671157836914,272256,0.0,0.0
2010-03-12 00:00:00+08:00,85.57046656826165,86.57718288415117,84.56375762574665,85.0671157836914,95616,0.0,0.0
2010-03-15 00:00:00+08:00,84.56375441898301,85.31878794058107,80.7885868109927,81.79529571533203,160320,0.0,0.0
2010-03-16 00:00:00+08:00,83.05368870274053,87.33221451794589,81.29194624865568,84.31208038330078,351360,0.0,0.0
2010-03-17 00:00:00+08:00,84.56375699429898,85.57046592929677,83.80872344970703,83.80872344970703,111936,0.0,0.0
2010-03-18 00:00:00+08:00,84.3120824685283,85.31879141385006,78.02013128348732,82.04698181152344,220800,0.0,0.0
2010-03-19 00:00:00+08:00,82.04697913681309,84.56375510475853,82.04697913681309,83.0536880493164,129408,0.0,0.0
2010-03-22 00:00:00+08:00,83.0536880493164,83.0536880493164,83.0536880493164,83.0536880493164,0,0.0,0.0
2010-03-23 00:00:00+08:00,86.32550011849153,88.59060076918117,85.0671157836914,85.0671157836914,344448,0.0,0.0
2010-03-24 00:00:00+08:00,85.57046718307745,86.57718350620014,83.30536651611328,83.30536651611328,232512,0.0,0.0
2010-03-25 00:00:00+08:00,83.30536275852816,84.81542980172428,81.79529571533203,81.79529571533203,101952,0.0,0.0
2010-03-26 00:00:00+08:00,82.55033259749705,84.06039970216696,81.04026549282713,82.04698181152344,123840,0.0,0.0
2010-03-29 00:00:00+08:00,82.04698304484425,82.80201660852879,81.54362487792969,81.54362487792969,102720,0.0,0.0
2010-03-30 00:00:00+08:00,82.04698033878417,85.06711449391273,81.54362218847128,82.55033111572266,152832,0.0,0.0
2010-03-31 00:00:00+08:00,82.80201387756631,84.06039819328694,82.55033111572266,82.55033111572266,77568,0.0,0.0
2010-04-01 00:00:00+08:00,84.06039628012623,84.06039628012623,81.79529571533203,81.79529571533203,77568,0.0,0.0
2010-04-02 00:00:00+08:00,84.06039746677403,87.33221435546875,83.55704669418587,87.33221435546875,505536,0.0,0.0
2010-04-06 00:00:00+08:00,93.37248229980469,93.37248229980469,91.10738171064533,93.37248229980469,450816,0.0,0.0
2010-04-07 00:00:00+08:00,98.15436533300877,98.15436533300877,88.59060420174451,89.59732055664062,563520,0.0,0.0
2010-04-08 00:00:00+08:00,89.5973162032625,93.62415930706521,86.57718203206684,86.828857421875,380544,0.0,0.0
2010-04-09 00:00:00+08:00,87.08053554601051,88.08725188360289,85.57046841299659,85.82215118408203,184128,0.0,0.0
2010-04-12 00:00:00+08:00,85.82214543911341,88.08724598700755,85.82214543911341,86.57717895507812,137472,0.0,0.0
2010-04-13 00:00:00+08:00,86.32549947388873,87.58389117266681,83.80872344970703,83.80872344970703,232128,0.0,0.0
2010-04-14 00:00:00+08:00,84.31208550024785,89.59732055664062,84.06040272483642,89.59732055664062,267840,0.0,0.0
2010-04-15 00:00:00+08:00,95.63758288896403,95.63758288896403,91.35905709609382,93.37248229980469,637248,0.0,0.0
2010-04-16 00:00:00+08:00,93.37248632575195,98.15436309569962,92.86912815977733,96.14093780517578,763584,0.0,0.0
2010-04-19 00:00:00+08:00,95.88926362597252,99.41275608576834,91.10738679532977,91.35906219482422,469824,0.0,0.0
2010-04-20 00:00:00+08:00,94.6308668497268,97.6510009765625,92.86912440019744,97.6510009765625,653376,0.0,0.0
2010-04-21 00:00:00+08:00,102.18120369234515,104.44630432128906,98.15436058756967,104.44630432128906,1047936,0.0,0.0
2010-04-22 00:00:00+08:00,105.70469624287374,111.74496459960938,105.70469624287374,111.74496459960938,483456,0.0,0.0
2010-04-23 00:00:00+08:00,116.77852530269313,116.77852530269313,111.24160766601562,111.24160766601562,1038528,0.0,0.0
2010-04-26 00:00:00+08:00,108.22147009763732,108.22147009763732,103.69126892089844,103.69126892089844,662784,0.0,0.0
2010-04-27 00:00:00+08:00,103.187918150177,104.69798520908995,99.91610127361605,103.69126892089844,523584,0.0,0.0
2010-04-28 00:00:00+08:00,98.15435831734416,107.46643600760846,98.15435831734416,105.45301818847656,345600,0.0,0.0
2010-04-29 00:00:00+08:00,108.22147548130997,108.22147548130997,103.69127407920804,104.69799041748047,367872,0.0,0.0
2010-04-30 00:00:00+08:00,105.70469937583273,107.2147665097732,97.39933013916016,97.39933013916016,494976,0.0,0.0
2010-05-03 00:00:00+08:00,97.39932463599033,98.65771630096509,90.60402291720031,92.11408996582031,367872,0.0,0.0
2010-05-04 00:00:00+08:00,93.62415975836392,94.12751791378102,89.5973166351505,91.10738372802734,314112,0.0,0.0
2010-05-05 00:00:00+08:00,90.60402579229839,90.60402579229839,85.57046634604588,88.08724975585938,270144,0.0,0.0
2010-05-06 00:00:00+08:00,88.59060012329446,94.12751770019531,88.59060012329446,94.12751770019531,776256,0.0,0.0
2010-05-07 00:00:00+08:00,92.61745485017211,95.13423098999955,88.08725337445784,93.87583923339844,374976,0.0,0.0
2010-05-10 00:00:00+08:00,95.88926390119336,98.1543646232688,94.12752135292628,95.63758850097656,164352,0.0,0.0
2010-05-11 00:00:00+08:00,92.6174518183006,97.3993285394484,92.6174518183006,93.62416076660156,297216,0.0,0.0
2010-05-12 00:00:00+08:00,93.37248377005392,100.16778564453125,93.12080100726811,100.16778564453125,369024,0.0,0.0
2010-05-13 00:00:00+08:00,102.1812075581097,103.69127470120183,98.65772247314453,98.65772247314453,498048,0.0,0.0
2010-05-14 00:00:00+08:00,93.62416349810175,99.16107393535918,93.62416349810175,96.8959732055664,134976,0.0,0.0
2010-05-17 00:00:00+08:00,95.13422912951934,96.89597165560778,93.12080383300781,93.12080383300781,124224,0.0,0.0
2010-05-18 00:00:00+08:00,93.62415632504535,95.13422336254608,90.85569763183594,90.85569763183594,150144,0.0,0.0
2010-05-19 00:00:00+08:00,90.85569763183594,94.12751446200366,90.35234686825183,90.85569763183594,120960,0.0,0.0
2010-05-20 00:00:00+08:00,92.86912643710585,92.86912643710585,86.57718265932107,88.08724975585938,134016,0.0,0.0
2010-05-21 00:00:00+08:00,82.04698181152344,84.56375786151511,82.04698181152344,82.04698181152344,211968,0.0,0.0
2010-05-24 00:00:00+08:00,81.54361990986267,83.80872046291441,80.53691101074219,80.53691101074219,143232,0.0,0.0
2010-05-25 00:00:00+08:00,76.5100671635797,78.0201343271594,75.0,75.0,186048,0.0,0.0
2010-05-26 00:00:00+08:00,74.99999383061137,79.27851956660027,72.98657602704243,74.49664306640625,475968,0.0,0.0
2010-05-27 00:00:00+08:00,74.49664230121908,78.0201271079606,73.99328416880995,76.25838470458984,161472,0.0,0.0
2010-05-28 00:00:00+08:00,78.02013245627698,81.54362487792969,77.51678166273705,81.54362487792969,204288,0.0,0.0
2010-05-31 00:00:00+08:00,81.04026573604158,81.04026573604158,78.77516507223878,79.02684783935547,143424,0.0,0.0
2010-06-01 00:00:00+08:00,78.0201296777833,80.78858843715967,77.51677890216897,78.27181243896484,98688,0.0,0.0
2010-06-02 00:00:00+08:00,78.27181641793457,80.0335589688922,76.51006649360221,76.76174926757812,92352,0.0,0.0
2010-06-03 00:00:00+08:00,79.02684397537436,81.54361990986267,78.27181045769045,80.53691101074219,118272,0.0,0.0
2010-06-04 00:00:00+08:00,80.78859034229944,80.78859034229944,79.02684783935547,79.02684783935547,64704,0.0,0.0
2010-06-07 00:00:00+08:00,73.74161176486125,78.02013025617313,73.74161176486125,76.51006317138672,78144,0.0,0.0
2010-06-08 00:00:00+08:00,78.2718105572182,81.54362001355075,76.76174351993022,77.51677703857422,121152,0.0,0.0
2010-06-09 00:00:00+08:00,78.02013304025532,78.77516660959125,73.99328979492188,75.50335693359375,76800,0.0,0.0
2010-06-10 00:00:00+08:00,77.0134202606824,77.0134202606824,73.9932861328125,73.9932861328125,44160,0.0,0.0
2010-06-11 00:00:00+08:00,75.75502842978739,78.52348716586243,75.5033530440985,77.01342010498047,123648,0.0,0.0
2010-06-14 00:00:00+08:00,77.51677947682728,78.52348840889341,75.75502962899351,76.51006317138672,105024,0.0,0.0
2010-06-15 00:00:00+08:00,76.51006465630243,77.26509821334942,76.0067138671875,76.0067138671875,85824,0.0,0.0
2010-06-17 00:00:00+08:00,77.51677947682728,78.02013025617313,75.75502962899351,76.51006317138672,170688,0.0,0.0
2010-06-18 00:00:00+08:00,76.76174405174554,78.27181109949547,75.7550277709961,75.7550277709961,136320,0.0,0.0
2010-06-21 00:00:00+08:00,76.51006008410734,77.01341821651647,75.5033511926632,76.25838470458984,92928,0.0,0.0
2010-06-22 00:00:00+08:00,76.25838840817943,79.27852260256276,76.25838840817943,77.7684555053711,373632,0.0,0.0
2010-06-23 00:00:00+08:00,77.76845428997613,80.28523028817095,77.76845428997613,78.27181243896484,144768,0.0,0.0
2010-06-24 00:00:00+08:00,79.27852572721697,79.78188390391153,78.02013397216797,78.02013397216797,70656,0.0,0.0
2010-06-25 00:00:00+08:00,77.51677947682728,77.7684548665002,76.00671239204087,76.51006317138672,88896,0.0,0.0
2010-06-28 00:00:00+08:00,76.51006317138672,76.51006317138672,76.51006317138672,76.51006317138672,0,0.0,0.0
2010-06-29 00:00:00+08:00,77.0134250113013,77.0134250113013,72.98658171686799,73.74161529541016,71232,0.0,0.0
2010-06-30 00:00:00+08:00,70.46979734689593,75.7550323322475,70.46979734689593,75.50335693359375,344640,0.0,0.0
2010-07-01 00:00:00+08:00,77.26509885279178,77.51678162280675,74.24496459960938,74.24496459960938,91008,0.0,0.0
2010-07-02 00:00:00+08:00,76.00671603103666,76.00671603103666,73.74161529541016,73.74161529541016,43392,0.0,0.0
2010-07-05 00:00:00+08:00,74.49664237805555,74.49664237805555,72.4832172197165,73.23825073242188,57600,0.0,0.0
2010-07-06 00:00:00+08:00,74.49664475498543,78.27181243896484,72.98657768139365,78.27181243896484,418176,0.0,0.0
2010-07-07 00:00:00+08:00,82.04698052753466,83.55704760857287,78.27181282493912,79.53019714355469,615744,0.0,0.0
2010-07-08 00:00:00+08:00,78.02013089711154,81.04026509149489,77.26509734851571,77.7684555053711,357504,0.0,0.0
2010-07-09 00:00:00+08:00,77.7684567366019,79.27852385770096,77.26509857177734,77.26509857177734,58752,0.0,0.0
2010-07-12 00:00:00+08:00,76.76174471929158,78.02012902111034,76.51006196022837,77.01342010498047,74880,0.0,0.0
2010-07-13 00:00:00+08:00,76.76174593443407,77.7684548665002,76.51006317138672,76.51006317138672,60480,0.0,0.0
2010-07-14 00:00:00+08:00,76.51006008410734,77.26509359603396,76.00670932507234,76.25838470458984,75264,0.0,0.0
2010-07-15 00:00:00+08:00,76.25838739374126,76.51006278213376,75.25167846679688,75.25167846679688,50304,0.0,0.0
2010-07-16 00:00:00+08:00,74.74832240985074,76.25838952924167,72.98657989501953,72.98657989501953,68928,0.0,0.0
2010-07-19 00:00:00+08:00,73.48993283642031,75.25168277617983,73.48993283642031,75.0,40128,0.0,0.0
2010-07-20 00:00:00+08:00,76.51006278213376,76.51006278213376,74.99999570502997,75.25167846679688,65664,0.0,0.0
2010-07-21 00:00:00+08:00,76.51006278213376,76.51006278213376,75.25167846679688,75.25167846679688,72768,0.0,0.0
2010-07-22 00:00:00+08:00,76.510064753895,80.28523254394531,76.00671396413802,80.28523254394531,314688,0.0,0.0
2010-07-23 00:00:00+08:00,85.82214563452958,85.82214563452958,80.53691101074219,80.53691101074219,810624,0.0,0.0
2010-07-26 00:00:00+08:00,79.53020079398573,81.79530151951104,79.27852539338562,81.04026794433594,133824,0.0,0.0
2010-07-27 00:00:00+08:00,81.79529560517508,86.57717948443901,79.53019504343139,84.8154296875,516096,0.0,0.0
2010-07-28 00:00:00+08:00,85.57046693481706,87.08053404174545,84.56375798798965,86.32550048828125,1054848,0.0,0.0
2010-07-29 00:00:00+08:00,86.32549880963336,87.0805323484155,82.29865572725342,82.55033111572266,229824,0.0,0.0
2010-07-30 00:00:00+08:00,82.55033509468613,83.55705144383612,81.04026794433594,81.04026794433594,136896,0.0,0.0
2010-08-02 00:00:00+08:00,81.04026794433594,82.80201786866101,81.04026794433594,81.04026794433594,110784,0.0,0.0
2010-08-03 00:00:00+08:00,81.54362578344879,82.5503347550825,79.7818832397461,79.7818832397461,110400,0.0,0.0
2010-08-04 00:00:00+08:00,79.7818813939564,81.04026573604158,78.02013151763785,79.02684783935547,157440,0.0,0.0
2010-08-05 00:00:00+08:00,79.53019608199232,80.5369123714965,77.01342010498047,77.01342010498047,112128,0.0,0.0
2010-08-06 00:00:00+08:00,77.26509917063424,79.02684907448764,77.01342377295862,78.52349090576172,55104,0.0,0.0
2010-08-09 00:00:00+08:00,79.53019714355469,80.03355529502556,78.77516360303558,79.53019714355469,49344,0.0,0.0
2010-08-10 00:00:00+08:00,80.53691714313571,84.06040224503634,80.03355896856073,81.04026794433594,196032,0.0,0.0
2010-08-11 00:00:00+08:00,80.03355863931084,82.04698395595301,79.53020046680662,79.7818832397461,83712,0.0,0.0
2010-08-12 00:00:00+08:00,79.53019862683972,80.53691494855732,78.02013151763785,79.02684783935547,50496,0.0,0.0
2010-08-13 00:00:00+08:00,79.53020079398573,82.80201786866101,79.53020079398573,81.04026794433594,133632,0.0,0.0
2010-08-16 00:00:00+08:00,82.04697804611001,82.04697804611001,79.78187749305827,80.53691101074219,92928,0.0,0.0
2010-08-17 00:00:00+08:00,81.0402642245929,81.54362237606378,79.53019714355469,79.53019714355469,54336,0.0,0.0
2010-08-18 00:00:00+08:00,81.04026219373397,84.06039628012623,79.53019515053785,81.79529571533203,196800,0.0,0.0
2010-08-19 00:00:00+08:00,81.7952965204263,83.30536357848571,79.5301959333372,80.03355407714844,103296,0.0,0.0
2010-08-20 00:00:00+08:00,81.29194850315825,81.29194850315825,79.02684783935547,79.02684783935547,39744,0.0,0.0
2010-08-23 00:00:00+08:00,80.03355803856483,80.28523343624046,78.27181550808609,78.52349090576172,65856,0.0,0.0
2010-08-24 00:00:00+08:00,79.02685032555709,80.28523470723131,78.02013397216797,78.02013397216797,110016,0.0,0.0
2010-08-25 00:00:00+08:00,79.0268474457571,79.0268474457571,74.74832153320312,74.74832153320312,104448,0.0,0.0
2010-08-26 00:00:00+08:00,74.74832240985074,76.00671413380138,72.98657989501953,72.98657989501953,55872,0.0,0.0
2010-08-27 00:00:00+08:00,72.73489712620464,74.24496424559557,72.73489712620464,72.98657989501953,56448,0.0,0.0
2010-08-30 00:00:00+08:00,73.4899331988591,75.00000036988617,71.47651521973958,71.97986602783203,45504,0.0,0.0
2010-08-31 00:00:00+08:00,70.4697970084106,70.97315517667502,66.9463119506836,66.9463119506836,92736,0.0,0.0
2010-09-01 00:00:00+08:00,67.44966274557336,68.45637908210222,66.9463119506836,66.9463119506836,50688,0.0,0.0
2010-09-02 00:00:00+08:00,68.45637956030004,68.45637956030004,62.41611099243164,62.41611099243164,197952,0.0,0.0
2010-09-03 00:00:00+08:00,62.41611116413315,66.69462982922663,61.40939481780255,65.18456268310547,157056,0.0,0.0
2010-09-06 00:00:00+08:00,65.1845608343614,66.44295254489718,63.92617649720015,64.42952728271484,62592,0.0,0.0
2010-09-07 00:00:00+08:00,64.42952789421996,66.44295317551186,62.9194607765947,65.68791961669922,197184,0.0,0.0
2010-09-08 00:00:00+08:00,65.93959501184523,66.19127778036584,63.67449433540733,65.68791961669922,85248,0.0,0.0
2010-09-09 00:00:00+08:00,66.44295501708984,69.96644751366651,66.44295501708984,66.44295501708984,267840,0.0,0.0
2010-09-10 00:00:00+08:00,68.45638124487174,69.46309023983129,66.69463128697392,68.95973205566406,107904,0.0,0.0
2010-09-13 00:00:00+08:00,69.96644272501727,70.2181181099137,66.69462585449219,66.69462585449219,68736,0.0,0.0
2010-09-14 00:00:00+08:00,66.94630861276292,67.44965938255578,66.19127508469933,66.69462585449219,57984,0.0,0.0
2010-09-15 00:00:00+08:00,67.95302217656916,67.95302217656916,65.9395968394718,66.44295501708984,36672,0.0,0.0
2010-09-16 00:00:00+08:00,66.44295254489718,66.44295254489718,64.1778518899575,64.42952728271484,47232,0.0,0.0
2010-09-17 00:00:00+08:00,64.93288430713471,65.43624245722955,62.66778369176955,63.42281723022461,86784,0.0,0.0
2010-09-20 00:00:00+08:00,63.42281845645775,63.92617661628464,62.41610951017851,62.91946029663086,51456,0.0,0.0
2010-09-21 00:00:00+08:00,62.91946029663086,65.43624372239078,62.91946029663086,62.91946029663086,71424,0.0,0.0
2010-09-23 00:00:00+08:00,62.91945908012977,63.92617538031944,62.91945908012977,63.42281723022461,28608,0.0,0.0
2010-09-24 00:00:00+08:00,64.17785086282869,64.17785086282869,61.912750244140625,61.912750244140625,27264,0.0,0.0
2010-09-27 00:00:00+08:00,62.41611024832869,63.171143810310994,61.91275208254894,62.66778564453125,31104,0.0,0.0
2010-09-28 00:00:00+08:00,62.66778369176955,66.44295138404483,61.409392003219665,63.42281723022461,179136,0.0,0.0
2010-09-29 00:00:00+08:00,65.18455969549494,65.18455969549494,63.17114184186439,63.42281723022461,51264,0.0,0.0
2010-09-30 00:00:00+08:00,63.67449536182108,64.42952893280463,62.41611099243164,62.41611099243164,28608,0.0,0.0
2010-10-01 00:00:00+08:00,62.164424896240234,63.422816571724624,61.912749510493086,62.164424896240234,49152,0.0,0.0
2010-10-04 00:00:00+08:00,62.41610976030873,62.91946054877824,59.39597184930609,59.89932632446289,102144,0.0,0.0
2010-10-05 00:00:00+08:00,57.88590375248318,59.395970838953936,56.87919113260694,57.38254928588867,69504,0.0,0.0
2010-10-06 00:00:00+08:00,58.892616478172506,58.892616478172506,55.87248229980469,55.87248229980469,58944,0.0,0.0
2010-10-07 00:00:00+08:00,56.87919173976438,57.88590437038679,56.37583726779681,57.1308708190918,102144,0.0,0.0
2010-10-08 00:00:00+08:00,57.88590375248318,57.88590375248318,56.375836666012425,57.38254928588867,31872,0.0,0.0
2010-10-11 00:00:00+08:00,57.38254938898859,57.88590385648749,55.87248229980469,55.87248229980469,65856,0.0,0.0
2010-10-12 00:00:00+08:00,55.87248462179433,56.12416002265947,52.09731674194336,52.09731674194336,100608,0.0,0.0
2010-10-13 00:00:00+08:00,48.47315216064453,50.335566954535786,48.47315216064453,48.47315216064453,148608,0.0,0.0
2010-10-14 00:00:00+08:00,45.55368795005734,47.81878857807192,45.55368795005734,47.06375503540039,320064,0.0,0.0
2010-10-15 00:00:00+08:00,46.3087208351166,49.83221310867279,46.05704544892485,48.52348709106445,417408,0.0,0.0
2010-10-18 00:00:00+08:00,51.845636052839986,51.845636052839986,48.322147369384766,48.322147369384766,182976,0.0,0.0
2010-10-19 00:00:00+08:00,44.949663145487285,47.31543624823986,44.949663145487285,45.100669860839844,118848,0.0,0.0
2010-10-20 00:00:00+08:00,43.036910885670146,46.7617404811414,43.036910885670146,46.057044982910156,129024,0.0,0.0
2010-10-21 00:00:00+08:00,46.05704695383707,47.214762616196644,45.3020133972168,45.3020133972168,54144,0.0,0.0
2010-10-22 00:00:00+08:00,45.3020133972168,46.15771563692825,45.3020133972168,45.3020133972168,77952,0.0,0.0
2010-10-25 00:00:00+08:00,45.30201213980968,46.15771435577019,43.640938361349995,44.2952995300293,71040,0.0,0.0
2010-10-26 00:00:00+08:00,45.30201410592792,45.30201410592792,44.14429473876953,44.14429473876953,107328,0.0,0.0
2010-10-27 00:00:00+08:00,44.949661318522054,44.949661318522054,43.540266594745034,44.04362106323242,144768,0.0,0.0
2010-10-28 00:00:00+08:00,44.043622987786065,44.546981164955696,43.79194758588865,43.892616271972656,73152,0.0,0.0
2010-10-29 00:00:00+08:00,43.89261376578929,44.69798532860058,43.89261376578929,43.9932861328125,47616,0.0,0.0
2010-11-01 00:00:00+08:00,45.352346900907335,47.06375503540039,45.352346900907335,47.06375503540039,33600,0.0,0.0
2010-11-02 00:00:00+08:00,50.335567474365234,50.335567474365234,50.335567474365234,50.335567474365234,76224,0.0,0.0
2010-11-03 00:00:00+08:00,53.859056171995,53.859056171995,48.221473693847656,48.221473693847656,435072,0.0,0.0
2010-11-04 00:00:00+08:00,48.221473190369785,48.221473190369785,45.90603827804816,46.057044982910156,104640,0.0,0.0
2010-11-05 00:00:00+08:00,45.8053684674911,47.567114684709445,45.30201398543757,45.35234832763672,110784,0.0,0.0
2010-11-08 00:00:00+08:00,45.10066685872904,45.302011590254935,43.03691101074219,43.03691101074219,80,0.0,0.0
2010-11-09 00:00:00+08:00,42.78523304867034,44.04362106323242,42.78523304867034,44.04362106323242,41856,0.0,0.0
2010-11-10 00:00:00+08:00,44.043619881376394,44.89932577286165,43.69127213155876,43.94295120239258,33792,0.0,0.0
2010-11-11 00:00:00+08:00,44.04362031216751,47.01342010498047,44.04362031216751,47.01342010498047,96576,0.0,0.0
2010-11-12 00:00:00+08:00,47.81878857807192,48.271808703674836,47.0134206947847,47.06375503540039,158976,0.0,0.0
2010-11-15 00:00:00+08:00,46.81207972669809,46.81207972669809,45.35234697944294,45.8557014465332,29568,0.0,0.0
2010-11-16 00:00:00+08:00,45.85570026450412,46.81207852001631,45.60402488079008,45.75503158569336,39744,0.0,0.0
2010-11-17 00:00:00+08:00,45.302013422818796,45.604026845637584,44.798655260329284,45.0,36288,0.0,0.0
2010-11-18 00:00:00+08:00,45.95637521071901,45.95637521071901,44.49664241911915,45.05033493041992,29952,0.0,0.0
2010-11-19 00:00:00+08:00,45.302011376264325,48.171138763427734,45.302011376264325,48.171138763427734,185088,0.0,0.0
2010-11-22 00:00:00+08:00,46.86241477462858,46.91274911609107,45.80536779710548,46.20805358886719,82560,0.0,0.0
2010-11-23 00:00:00+08:00,46.2080516753057,46.6107337637043,45.855700239598,46.35905838012695,31680,0.0,0.0
2010-11-24 00:00:00+08:00,46.359060299941916,46.560401352479126,45.30201332241881,46.20805358886719,50304,0.0,0.0
2010-11-25 00:00:00+08:00,46.510067011016645,46.510067011016645,45.65436108603075,46.20805358886719,36096,0.0,0.0
2010-11-26 00:00:00+08:00,46.9127471860034,46.9127471860034,46.057044982910156,46.057044982910156,48000,0.0,0.0
2010-11-29 00:00:00+08:00,46.15771484375,46.71140733798593,46.05704616238872,46.15771484375,31104,0.0,0.0
2010-11-30 00:00:00+08:00,46.35906022634262,47.214762463282725,46.35906022634262,47.11409378051758,110016,0.0,0.0
2010-12-01 00:00:00+08:00,48.32214860825188,50.335570238033256,47.818790435791016,47.818790435791016,244608,0.0,0.0
2010-12-02 00:00:00+08:00,47.81878993263343,49.12751600589873,46.8624153137207,46.8624153137207,114240,0.0,0.0
2010-12-03 00:00:00+08:00,47.315434601952056,50.13422775268555,47.315434601952056,50.13422775268555,257664,0.0,0.0
2010-12-06 00:00:00+08:00,51.34228007732617,52.85234713842401,50.335567474365234,50.335567474365234,515712,0.0,0.0
2010-12-07 00:00:00+08:00,50.33556687176311,51.342279462671996,49.32885428085423,50.58724594116211,141696,0.0,0.0
2010-12-08 00:00:00+08:00,50.83892254724715,51.84563516238128,50.08388900756836,50.08388900756836,114624,0.0,0.0
2010-12-09 00:00:00+08:00,50.58724959000297,52.09731674194336,50.335570502450445,52.09731674194336,156288,0.0,0.0
2010-12-10 00:00:00+08:00,52.0973164284066,55.620805199499664,51.34228285698042,55.11745071411133,357696,0.0,0.0
2010-12-13 00:00:00+08:00,54.36241449549005,56.6275150994688,54.36241449549005,56.1241569519043,162816,0.0,0.0
2010-12-14 00:00:00+08:00,57.382550145520305,57.63422553924423,53.104024211966305,54.11073684692383,320448,0.0,0.0
2010-12-15 00:00:00+08:00,53.60738389388374,54.614092870719084,51.845637654390835,52.09731674194336,95232,0.0,0.0
2010-12-16 00:00:00+08:00,51.593955993652344,53.355702145280304,51.342280605339205,51.593955993652344,82368,0.0,0.0
2010-12-17 00:00:00+08:00,51.59395856683831,52.852350317913555,51.59395856683831,52.09731674194336,73152,0.0,0.0
2010-12-20 00:00:00+08:00,55.369124361637446,55.369124361637446,52.09731478009905,52.85234832763672,51840,0.0,0.0
2010-12-21 00:00:00+08:00,52.85234685712208,56.37583541870117,51.84563425951928,56.37583541870117,242112,0.0,0.0
2010-12-22 00:00:00+08:00,56.87919173976438,60.15100502427176,56.37583726779681,57.1308708190918,1051,0.0,0.0
2010-12-23 00:00:00+08:00,55.87248156480922,57.38254863412839,55.87248156480922,56.1241569519043,164928,0.0,0.0
2010-12-24 00:00:00+08:00,56.124159684888,56.87919325631418,55.11745071411133,55.11745071411133,88896,0.0,0.0
2010-12-27 00:00:00+08:00,56.879189874159,57.634223400689315,55.62080189217086,56.37583541870117,87936,0.0,0.0
2010-12-28 00:00:00+08:00,56.124156347628684,56.879189874159,53.35570131257991,56.37583541870117,135552,0.0,0.0
2010-12-29 00:00:00+08:00,56.879190573251215,56.879190573251215,54.61408996582031,54.61408996582031,135552,0.0,0.0
2010-12-30 00:00:00+08:00,54.86576850338496,55.11744757508931,53.3557014465332,53.3557014465332,55296,0.0,0.0
2010-12-31 00:00:00+08:00,53.35570464125349,55.3691262753822,53.35570464125349,53.607383728027344,29184,0.0,0.0
2011-01-03 00:00:00+08:00,53.85905715857995,54.614090704603846,52.34899006653215,54.3624153137207,78144,0.0,0.0
2011-01-04 00:00:00+08:00,54.362414046663424,54.86576850338496,53.3557014465332,53.3557014465332,63168,0.0,0.0
2011-01-05 00:00:00+08:00,53.60738389388374,53.85905929474889,51.845637654390835,52.09731674194336,73728,0.0,0.0
2011-01-06 00:00:00+08:00,52.097316144605756,52.85234971191888,50.5872490099795,50.838924407958984,104448,0.0,0.0
2011-01-07 00:00:00+08:00,52.852348221672905,54.3624153137207,52.852348221672905,54.3624153137207,73344,0.0,0.0
2011-01-10 00:00:00+08:00,57.88590318322735,57.88590318322735,54.36241457834167,54.61408996582031,299520,0.0,0.0
2011-01-11 00:00:00+08:00,54.61408936123747,55.11744750399691,53.35570137771317,54.86576843261719,62208,0.0,0.0
2011-01-12 00:00:00+08:00,54.86576903998614,55.872481649962275,54.61408996582031,54.61408996582031,156096,0.0,0.0
2011-01-13 00:00:00+08:00,53.607383571258964,55.11745071411133,53.607383571258964,55.11745071411133,93888,0.0,0.0
2011-01-14 00:00:00+08:00,55.8724844489299,57.38255159619828,53.607383728027344,53.607383728027344,208512,0.0,0.0
2011-01-17 00:00:00+08:00,53.607381220280644,54.362414758594454,51.593955993652344,51.593955993652344,70272,0.0,0.0
2011-01-18 00:00:00+08:00,51.845636304527844,53.85905789246407,51.845636304527844,52.600669860839844,48192,0.0,0.0
2011-01-19 00:00:00+08:00,52.60067047799564,53.10402495921366,52.097315996777624,52.34899139404297,30336,0.0,0.0
2011-01-20 00:00:00+08:00,52.09731478009905,53.60738187517438,52.09731478009905,52.85234832763672,53952,0.0,0.0
2011-01-21 00:00:00+08:00,52.348988917857824,53.85905597677078,51.59395538840134,51.84563446044922,217152,0.0,0.0
2011-01-24 00:00:00+08:00,52.85234706195358,52.85234706195358,51.84563446044922,51.84563446044922,44352,0.0,0.0
2011-01-25 00:00:00+08:00,51.845637654390835,52.852350317913555,51.845637654390835,52.09731674194336,20928,0.0,0.0
2011-01-26 00:00:00+08:00,52.09731674194336,52.60067123036102,51.342283165973164,52.09731674194336,47424,0.0,0.0
2011-01-27 00:00:00+08:00,52.34899198084545,53.607383728027344,52.097316580758964,53.607383728027344,66240,0.0,0.0
2011-01-28 00:00:00+08:00,53.85905597677078,55.117447650323015,51.84563446044922,51.84563446044922,249024,0.0,0.0
2011-02-08 00:00:00+08:00,52.348989531966154,52.852347681966826,51.090601530338866,51.593955993652344,48576,0.0,0.0
2011-02-09 00:00:00+08:00,51.59395488086058,52.09731302000469,49.58053338434547,49.68120574951172,27648,0.0,0.0
2011-02-10 00:00:00+08:00,49.83221502559374,50.28523516219005,48.77516804020236,48.97650909423828,56640,0.0,0.0
2011-02-11 00:00:00+08:00,49.077181047008885,50.03355565390099,46.30872222246302,46.81208038330078,66048,0.0,0.0
2011-02-14 00:00:00+08:00,47.31543595001751,48.825503094025386,47.31543595001751,47.818790435791016,31488,0.0,0.0
2011-02-15 00:00:00+08:00,47.81878916322437,49.32885626704593,47.81878916322437,48.92617416381836,22848,0.0,0.0
2011-02-16 00:00:00+08:00,49.328855562613015,49.328855562613015,48.32214663223297,48.573822021484375,30144,0.0,0.0
2011-02-17 00:00:00+08:00,48.825499850990155,50.08388782518429,47.818787259622574,49.983219146728516,70848,0.0,0.0
2011-02-18 00:00:00+08:00,50.13422642844791,52.85234713842401,50.13422642844791,50.335567474365234,287232,0.0,0.0
2011-02-21 00:00:00+08:00,50.587249162311124,50.587249162311124,49.328857421875,49.328857421875,40128,0.0,0.0
2011-02-22 00:00:00+08:00,48.825503126480086,48.825503126480086,47.51677703857422,47.51677703857422,30720,0.0,0.0
2011-02-23 00:00:00+08:00,47.818790598864595,47.818790598864595,44.194629440886445,46.30872344970703,85824,0.0,0.0
2011-02-24 00:00:00+08:00,46.3087209935015,46.3087209935015,45.35234641199009,45.503353118896484,42048,0.0,0.0
2011-02-25 00:00:00+08:00,45.80536712631771,46.30872159363311,45.30201265900232,45.553688049316406,31872,0.0,0.0
2011-03-01 00:00:00+08:00,45.8053658880221,46.8120784821248,45.654359183241056,46.66107177734375,59520,0.0,0.0
2011-03-02 00:00:00+08:00,46.812079090760975,46.912747770799115,46.308720943821555,46.409393310546875,50496,0.0,0.0
2011-03-03 00:00:00+08:00,46.40939261375253,49.63086774703631,46.40939261375253,49.077178955078125,197376,0.0,0.0
2011-03-04 00:00:00+08:00,48.3221467107251,48.976507885203766,47.315434092022585,47.36576843261719,83136,0.0,0.0
2011-03-07 00:00:00+08:00,47.11409189168689,48.32214552993527,46.107379297584195,46.66107177734375,190080,0.0,0.0
2011-03-08 00:00:00+08:00,46.86241596662727,47.31543611137453,46.30872344970703,46.30872344970703,31872,0.0,0.0
2011-03-09 00:00:00+08:00,46.81208033470591,49.328856389532994,46.81208033470591,47.416107177734375,152448,0.0,0.0
2011-03-10 00:00:00+08:00,46.96308768449106,47.56711453573853,46.4093951752851,46.8624153137207,28800,0.0,0.0
2011-03-11 00:00:00+08:00,46.30872227179215,46.8120804331661,46.05704687779246,46.20805358886719,26688,0.0,0.0
2011-03-14 00:00:00+08:00,46.25838920665246,46.308723549503725,45.201342199964195,45.40268325805664,43776,0.0,0.0
2011-03-15 00:00:00+08:00,45.553688292672675,46.25838750002865,42.23154067993164,42.23154067993164,46464,0.0,0.0
2011-03-16 00:00:00+08:00,41.27516689079656,42.28187953724581,40.31879227301654,41.07382583618164,61056,0.0,0.0
2011-03-17 00:00:00+08:00,38.50671003764705,40.570465895598794,38.50671003764705,38.80872344970703,60480,0.0,0.0
2011-03-18 00:00:00+08:00,38.85905774591788,40.72147255597048,38.85905774591788,39.71476364135742,34752,0.0,0.0
2011-03-21 00:00:00+08:00,40.41945835905075,42.130870116683525,40.41945835905075,41.476505279541016,28416,0.0,0.0
2011-03-22 00:00:00+08:00,41.778520003102365,42.53355354155225,41.526844614743865,41.577178955078125,15744,0.0,0.0
2011-03-23 00:00:00+08:00,41.57717835048906,41.97986412736913,41.57717835048906,41.828857421875,20160,0.0,0.0
2011-03-24 00:00:00+08:00,42.583893202177364,44.748321533203125,42.583893202177364,44.748321533203125,67008,0.0,0.0
2011-03-25 00:00:00+08:00,45.30201481604372,47.06375737887604,43.28858947753906,43.28858947753906,101184,0.0,0.0
2011-03-28 00:00:00+08:00,43.28858888955748,43.28858888955748,42.785234405112,43.23825454711914,24960,0.0,0.0
2011-03-29 00:00:00+08:00,43.23825263106821,45.10066745900445,43.18791829086037,43.389259338378906,21888,0.0,0.0
2011-03-30 00:00:00+08:00,45.05033502088809,45.05033502088809,43.288588798984,44.14429473876953,34176,0.0,0.0
2011-03-31 00:00:00+08:00,44.54698113027133,45.000001277358834,42.78523488492412,44.19462966918945,147264,0.0,0.0
2011-04-01 00:00:00+08:00,43.18792075672716,44.19462973848631,43.18792075672716,43.59060287475586,26688,0.0,0.0
2011-04-06 00:00:00+08:00,43.5906015444193,45.55368879163203,43.540267202873714,45.3020133972168,77760,0.0,0.0
2011-04-07 00:00:00+08:00,45.3020119765784,48.32214610835029,45.05033290336835,47.315433502197266,1301376,0.0,0.0
2011-04-08 00:00:00+08:00,47.31543614491702,47.56711523218416,45.70469662244462,46.006710052490234,117120,0.0,0.0
2011-04-11 00:00:00+08:00,46.308722949544624,46.308722949544624,45.30201398543757,45.35234832763672,30144,0.0,0.0
2011-04-12 00:00:00+08:00,45.402682729399906,46.0067095833315,44.546980477455044,44.748321533203125,30528,0.0,0.0
2011-04-13 00:00:00+08:00,44.2953019743007,45.30201463963278,44.2953019743007,44.79865646362305,18624,0.0,0.0
2011-04-14 00:00:00+08:00,45.55368884346838,45.55368884346838,44.6979866027832,44.6979866027832,21696,0.0,0.0
2011-04-15 00:00:00+08:00,44.74832156315427,45.50335513107412,44.44630813598633,44.44630813598633,25920,0.0,0.0
2011-04-18 00:00:00+08:00,44.54697802304402,45.553686933005004,43.94295120239258,43.94295120239258,37248,0.0,0.0
2011-04-19 00:00:00+08:00,43.64093839540792,44.2449652244101,43.38925932109461,43.6912727355957,27840,0.0,0.0
2011-04-20 00:00:00+08:00,44.748319520770444,46.71140670776367,43.89261362062126,46.71140670776367,322560,0.0,0.0
2011-04-21 00:00:00+08:00,46.71140942174778,46.71140942174778,44.79865646362305,44.79865646362305,93888,0.0,0.0
2011-04-22 00:00:00+08:00,44.89932693501417,45.402681403023244,44.647647857666016,44.647647857666016,34752,0.0,0.0
2011-04-25 00:00:00+08:00,44.69798592762198,45.30201276448174,44.04362106323242,44.04362106323242,27072,0.0,0.0
2011-04-26 00:00:00+08:00,44.04362047298051,44.69798532860058,43.33892496387962,43.9932861328125,22080,0.0,0.0
2011-04-27 00:00:00+08:00,44.345635203345466,45.10066876170762,44.09395980834961,44.09395980834961,28224,0.0,0.0
2011-04-28 00:00:00+08:00,44.29529897900662,44.6476467290374,43.338924407958984,43.338924407958984,17856,0.0,0.0
2011-04-29 00:00:00+08:00,43.38926069738809,44.04362188733419,42.785233849226366,42.88590621948242,20160,0.0,0.0
2011-05-03 00:00:00+08:00,40.2684548205412,42.130873427455676,40.0167794203432,41.12416076660156,26688,0.0,0.0
2011-05-04 00:00:00+08:00,41.12415939294541,41.929527282714844,41.12415939294541,41.929527282714844,18624,0.0,0.0
2011-05-05 00:00:00+08:00,41.929528083310544,41.97986611197977,40.92281912354862,41.07382583618164,15744,0.0,0.0
2011-05-06 00:00:00+08:00,41.07382392184638,41.728185083862435,40.97315155588732,41.224830627441406,27264,0.0,0.0
2011-05-09 00:00:00+08:00,39.765100364990325,41.82886003103717,39.765100364990325,40.822147369384766,131520,0.0,0.0
2011-05-10 00:00:00+08:00,40.268453657135346,40.771811816363446,39.31207905330159,39.51342010498047,53760,0.0,0.0
2011-05-11 00:00:00+08:00,40.26845501949043,40.26845501949043,39.261746040349976,39.31208038330078,40896,0.0,0.0
2011-05-12 00:00:00+08:00,39.36241224735888,39.36241224735888,38.80872344970703,38.80872344970703,32256,0.0,0.0
2011-05-13 00:00:00+08:00,39.16107179677739,39.26174416455661,38.758386012347735,38.85905838012695,14400,0.0,0.0
2011-05-16 00:00:00+08:00,38.65771601774651,39.46308387255386,38.50670931455218,39.06039810180664,14976,0.0,0.0
2011-05-17 00:00:00+08:00,39.261744712053684,39.9664402362734,39.261744712053684,39.51342010498047,35904,0.0,0.0
2011-05-18 00:00:00+08:00,39.76509724271371,41.22482993449127,39.76509724271371,40.26845169067383,37824,0.0,0.0
2011-05-19 00:00:00+08:00,40.771811792150324,40.92281850249162,39.815433502197266,39.815433502197266,26304,0.0,0.0
2011-05-20 00:00:00+08:00,40.26845368141792,41.17449394455013,39.11073802520716,39.21140670776367,15360,0.0,0.0
2011-05-23 00:00:00+08:00,37.751675835170396,38.758384732983544,37.751675835170396,37.85234451293945,22464,0.0,0.0
2011-05-24 00:00:00+08:00,37.90268580585039,38.25503358178985,36.744966418210154,37.5,14400,0.0,0.0
2011-05-25 00:00:00+08:00,37.499997479274526,38.8590578351411,37.499997479274526,37.90268325805664,12864,0.0,0.0
2011-05-26 00:00:00+08:00,38.657716064958166,38.657716064958166,37.19798337006795,37.550331115722656,13632,0.0,0.0
2011-05-27 00:00:00+08:00,38.003354421486726,38.45637456971653,37.49999993012718,38.104026794433594,16128,0.0,0.0
2011-05-30 00:00:00+08:00,37.95301952305734,38.45637400705218,37.751678466796875,37.751678466796875,6336,0.0,0.0
2011-05-31 00:00:00+08:00,37.75167770095742,38.50671125497657,37.75167770095742,38.30536651611328,13632,0.0,0.0
2011-06-01 00:00:00+08:00,38.30536775072404,39.765100564438434,38.30536775072404,39.010066986083984,61248,0.0,0.0
2011-06-02 00:00:00+08:00,38.657717350740114,38.75838603188286,38.50671064233879,38.557044982910156,9792,0.0,0.0
2011-06-03 00:00:00+08:00,38.40603879071573,40.11744694670437,38.30536642153266,39.51342010498047,26880,0.0,0.0
2011-06-07 00:00:00+08:00,39.51342091054321,40.0167790800333,38.657718658447266,38.657718658447266,10368,0.0,0.0
2011-06-08 00:00:00+08:00,39.01006642774046,39.21140748352409,38.506711944937706,38.657718658447266,14592,0.0,0.0
2011-06-09 00:00:00+08:00,38.607378717208945,39.261743567797,38.25503096536802,38.80872344970703,17664,0.0,0.0
2011-06-10 00:00:00+08:00,39.513421441791394,41.02348859718947,39.261746040349976,39.31208038330078,91008,0.0,0.0
2011-06-13 00:00:00+08:00,39.5134195738895,39.5134195738895,38.30536590667887,38.557044982910156,21120,0.0,0.0
2011-06-14 00:00:00+08:00,38.909391407819896,39.16107047543235,38.758384704589844,38.758384704589844,9024,0.0,0.0
2011-06-15 00:00:00+08:00,38.9093914171721,39.161070484845055,38.35570262965354,38.45637130737305,5184,0.0,0.0
2011-06-16 00:00:00+08:00,38.35570266802501,38.40603700693512,36.94630431167102,37.24831771850586,8640,0.0,0.0
2011-06-17 00:00:00+08:00,37.24831845260396,37.90268330476722,36.99664306640625,36.99664306640625,12672,0.0,0.0
2011-06-20 00:00:00+08:00,36.996643740292456,37.24831913107438,34.58053639398764,35.838924407958984,20160,0.0,0.0
2011-06-21 00:00:00+08:00,35.838926296813305,36.74496659942955,34.63087255999165,35.989933013916016,209472,0.0,0.0
2011-06-22 00:00:00+08:00,36.04026550102784,36.69463036589287,35.23489761352539,35.23489761352539,43584,0.0,0.0
2011-06-23 00:00:00+08:00,35.73825347146424,36.44295270459888,34.731544494628906,34.731544494628906,12288,0.0,0.0
2011-06-24 00:00:00+08:00,34.731544668024235,34.731544668024235,32.9697984197359,33.22147750854492,32256,0.0,0.0
2011-06-27 00:00:00+08:00,34.22818316478501,34.22818316478501,33.32214295712858,33.573822021484375,15360,0.0,0.0
2011-06-28 00:00:00+08:00,34.177850756854895,34.47986417646388,33.22147615698884,33.724830627441406,29568,0.0,0.0
2011-06-29 00:00:00+08:00,34.228185667395124,36.040266215199125,33.72483118856756,34.077178955078125,153216,0.0,0.0
2011-06-30 00:00:00+08:00,34.07717769309958,35.486576080322266,33.724829939637495,35.486576080322266,81792,0.0,0.0
2011-07-01 00:00:00+08:00,35.4865760024713,37.95301764466933,35.4865760024713,36.99664306640625,583872,0.0,0.0
2011-07-04 00:00:00+08:00,36.99664311428948,37.34899086743461,35.73825143492356,36.09060287475586,59328,0.0,0.0
2011-07-05 00:00:00+08:00,35.738250742531754,36.94630437183845,35.43623733520508,35.43623733520508,29952,0.0,0.0
2011-07-06 00:00:00+08:00,35.73825343762572,35.73825343762572,35.0335578918457,35.0335578918457,12480,0.0,0.0
2011-07-07 00:00:00+08:00,35.68791778567281,35.68791778567281,34.6308708190918,34.6308708190918,9408,0.0,0.0
2011-07-08 00:00:00+08:00,35.23489961739541,35.53691305322077,34.47986602783203,34.47986602783203,23616,0.0,0.0
2011-07-11 00:00:00+08:00,34.22818448158933,34.731542629665796,33.37248226589627,33.97650909423828,24192,0.0,0.0
2011-07-12 00:00:00+08:00,32.96979784009493,33.12080455338801,31.61073742045714,31.81207847595215,48576,0.0,0.0
2011-07-13 00:00:00+08:00,31.812078051789367,32.11409147434868,29.798656463623047,29.798656463623047,43200,0.0,0.0
2011-07-14 00:00:00+08:00,30.755031663968673,30.906038369100017,28.489931086998553,28.942951202392578,51264,0.0,0.0
2011-07-15 00:00:00+08:00,28.94295119590349,29.8489914264884,27.734897555123606,29.093957901000977,55680,0.0,0.0
2011-07-18 00:00:00+08:00,29.446308724832218,29.899328859060404,28.993288590604028,29.49664306640625,39936,0.0,0.0
2011-07-19 00:00:00+08:00,29.496642348570436,31.560401916503906,28.892615517632564,31.560401916503906,56064,0.0,0.0
2011-07-20 00:00:00+08:00,32.718117580139214,33.12080336334794,31.057043793598115,31.10738182067871,153408,0.0,0.0
2011-07-21 00:00:00+08:00,30.956375150397275,31.963084079610592,30.503355026245117,30.503355026245117,36672,0.0,0.0
2011-07-22 00:00:00+08:00,30.70469607475034,31.308722906953214,30.503355026245117,30.503355026245117,23232,0.0,0.0
2011-07-25 00:00:00+08:00,30.553689366699622,30.906038966599166,30.503355026245117,30.503355026245117,14016,0.0,0.0
2011-07-26 00:00:00+08:00,30.503355590804603,31.308723486418536,30.503355590804603,30.855703353881836,14016,0.0,0.0
2011-07-27 00:00:00+08:00,30.90603895707932,31.208050529744128,30.55368935728831,30.654361724853516,12288,0.0,0.0
2011-07-28 00:00:00+08:00,30.654361753463743,31.10738187789917,30.20134162902832,30.20134162902832,23040,0.0,0.0
2011-07-29 00:00:00+08:00,30.503356071189565,32.114091887784255,29.29530236539988,31.963085174560547,117504,0.0,0.0
2011-08-01 00:00:00+08:00,32.06375754560546,32.7181187406791,31.20805160844199,31.963085174560547,241920,0.0,0.0
2011-08-02 00:00:00+08:00,31.45973078153951,31.610737495189596,30.35234944366797,31.057044982910156,37248,0.0,0.0
2011-08-03 00:00:00+08:00,30.25167725916414,30.352349631115036,29.546979872226277,29.8489933013916,11520,0.0,0.0
2011-08-04 00:00:00+08:00,30.402682057318692,30.402682057318692,29.244964599609375,29.244964599609375,24384,0.0,0.0
2011-08-05 00:00:00+08:00,27.231542587280273,27.533556012228622,27.231542587280273,27.231542587280273,36672,0.0,0.0
2011-08-08 00:00:00+08:00,25.41946161465104,26.52684476881779,25.36912727355957,25.36912727355957,33792,0.0,0.0
2011-08-09 00:00:00+08:00,23.60738182067871,23.60738182067871,23.60738182067871,23.60738182067871,11136,0.0,0.0
2011-08-10 00:00:00+08:00,22.70134029838855,24.916106554336395,22.70134029838855,24.261743545532227,48000,0.0,0.0
2011-08-11 00:00:00+08:00,22.60067088790569,24.8154354095459,22.60067088790569,24.8154354095459,125760,0.0,0.0
2011-08-12 00:00:00+08:00,24.815434820309747,25.520134030318843,24.664428110071174,24.765100479125977,77952,0.0,0.0
2011-08-15 00:00:00+08:00,25.117448821886455,25.318791721310557,24.81543539442214,24.966442108154297,31488,0.0,0.0
2011-08-16 00:00:00+08:00,25.067114494815332,25.268455551018466,24.66442869572171,24.8154354095459,14784,0.0,0.0
2011-08-17 00:00:00+08:00,24.66442746583066,25.016777061631753,24.563756942749023,24.563756942749023,20736,0.0,0.0
2011-08-18 00:00:00+08:00,23.657718022792594,24.765101211749617,23.406040779397504,23.456375122070312,18240,0.0,0.0
2011-08-19 00:00:00+08:00,23.053690025802222,23.053690025802222,21.84563636779785,21.84563636779785,83712,0.0,0.0
2011-08-22 00:00:00+08:00,20.335569381713867,21.291945812812905,20.335569381713867,20.335569381713867,69504,0.0,0.0
2011-08-23 00:00:00+08:00,19.530199012315258,20.889259338378906,19.530199012315258,20.889259338378906,48384,0.0,0.0
2011-08-24 00:00:00+08:00,21.140940317601274,21.29194703415557,20.73825451122735,21.040267944335938,20736,0.0,0.0
2011-08-25 00:00:00+08:00,21.64429353061386,22.046979313174887,20.93959617614746,20.93959617614746,39168,0.0,0.0
2011-08-26 00:00:00+08:00,21.14093905839037,21.442952473510232,20.436239860881624,21.09060287475586,12288,0.0,0.0
2011-08-29 00:00:00+08:00,21.090602848465963,22.147649800067846,21.090602848465963,21.543622970581055,25152,0.0,0.0
2011-08-30 00:00:00+08:00,22.70134040137511,22.70134040137511,21.895972525870985,22.298656463623047,34560,0.0,0.0
2011-08-31 00:00:00+08:00,22.65100731981639,22.701341662742408,22.04698045795462,22.399328231811523,38784,0.0,0.0
2011-09-01 00:00:00+08:00,22.19798719023897,23.05369129741026,22.19798719023897,22.248321533203125,50880,0.0,0.0
2011-09-02 00:00:00+08:00,22.24832093149858,22.651006724383382,22.046979878399824,22.3489933013916,22272,0.0,0.0
2011-09-05 00:00:00+08:00,21.241610726766226,22.147651020941236,21.140940197416903,22.097314834594727,4800,0.0,0.0
2011-09-06 00:00:00+08:00,21.29194570571055,22.197985948506744,21.241609522218454,22.14764976501465,17472,0.0,0.0
2011-09-07 00:00:00+08:00,22.14765098715035,22.399328231811523,22.04698045795462,22.399328231811523,20352,0.0,0.0
2011-09-08 00:00:00+08:00,22.65100731981639,23.003355093673296,22.14765098715035,22.399328231811523,17280,0.0,0.0
2011-09-09 00:00:00+08:00,22.953020750747278,22.953020750747278,22.399328231811523,22.399328231811523,9408,0.0,0.0
2011-09-13 00:00:00+08:00,22.147650430841875,22.298657142514305,21.694630295824584,22.046979904174805,15552,0.0,0.0
2011-09-14 00:00:00+08:00,21.29194642475673,21.29194642475673,20.989933000292098,21.140939712524414,17856,0.0,0.0
2011-09-15 00:00:00+08:00,21.342280079637593,22.097313616496084,21.291945739409424,21.543622970581055,15360,0.0,0.0
2011-09-16 00:00:00+08:00,21.74496649380388,21.895973205566406,21.593959782041352,21.895973205566406,17280,0.0,0.0
2011-09-19 00:00:00+08:00,21.895972568896216,21.895972568896216,21.342280079637593,21.543622970581055,21312,0.0,0.0
2011-09-20 00:00:00+08:00,21.996643732293542,21.996643732293542,21.54362359700596,21.895973205566406,6912,0.0,0.0
2011-09-21 00:00:00+08:00,21.84563636779785,22.348992673080872,21.543622953296758,21.84563636779785,12480,0.0,0.0
2011-09-22 00:00:00+08:00,21.644294150102677,22.24832099788868,20.88926059037017,21.59395980834961,14208,0.0,0.0
2011-09-23 00:00:00+08:00,21.140939040697926,21.644293503247383,20.838925625830814,21.392616271972656,5952,0.0,0.0
2011-09-26 00:00:00+08:00,21.946307005124346,21.946307005124346,19.93288546025677,20.03355598449707,36480,0.0,0.0
2011-09-27 00:00:00+08:00,20.03355593040055,21.39261629902092,20.03355593040055,20.93959617614746,38400,0.0,0.0
2011-09-28 00:00:00+08:00,21.14093904948126,21.543622988356848,20.939596158371668,21.241609573364258,22656,0.0,0.0
2011-09-29 00:00:00+08:00,20.38590615136283,21.39261695179706,20.38590615136283,21.140939712524414,12864,0.0,0.0
2011-09-30 00:00:00+08:00,21.442952455565038,21.442952455565038,21.191273380946715,21.392616271972656,10176,0.0,0.0
2011-10-03 00:00:00+08:00,21.342280780457685,21.342280780457685,20.88926064346669,20.989933013916016,6528,0.0,0.0
2011-10-04 00:00:00+08:00,20.93959620379384,21.442952510987904,20.486576080322266,20.486576080322266,10944,0.0,0.0
2011-10-05 00:00:00+08:00,20.63758211893357,21.241608930642293,20.63758211893357,20.738252639770508,7872,0.0,0.0
2011-10-06 00:00:00+08:00,21.29194579365639,21.29194579365639,20.637582778930664,20.637582778930664,8448,0.0,0.0
2011-10-07 00:00:00+08:00,20.68791830102381,21.09060222771511,20.68791830102381,20.738252639770508,9792,0.0,0.0
2011-10-11 00:00:00+08:00,21.54362428063149,21.54362428063149,20.68792016793839,21.040267944335938,3648,0.0,0.0
2011-10-12 00:00:00+08:00,21.040267264129504,22.500000039192095,20.738253840784644,22.046979904174805,42240,0.0,0.0
2011-10-13 00:00:00+08:00,22.046980543807944,22.701341751143886,21.342281306662574,21.64429473876953,28224,0.0,0.0
2011-10-14 00:00:00+08:00,21.14094018117997,22.44966443509083,21.14094018117997,22.248321533203125,15360,0.0,0.0
2011-10-17 00:00:00+08:00,22.248321533203125,22.60067115067069,22.248321533203125,22.248321533203125,12096,0.0,0.0
2011-10-18 00:00:00+08:00,21.64429349438099,21.694629677952754,21.44295244678112,21.543622970581055,3648,0.0,0.0
2011-10-19 00:00:00+08:00,21.342281341552734,21.795301490453763,21.342281341552734,21.342281341552734,10176,0.0,0.0
2011-10-20 00:00:00+08:00,21.140940264646165,21.493288040161133,20.788590645787497,21.493288040161133,9984,0.0,0.0
2011-10-21 00:00:00+08:00,20.939596185229043,21.392616308298976,20.788589477539062,20.788589477539062,5376,0.0,0.0
2011-10-24 00:00:00+08:00,21.090602883771947,21.493286822989376,20.838925652179004,20.93959617614746,19392,0.0,0.0
2011-10-25 00:00:00+08:00,20.838925652179004,21.040266700115918,20.838925652179004,20.93959617614746,5760,0.0,0.0
2011-10-26 00:00:00+08:00,20.637583431407784,21.090603568999736,20.637583431407784,20.68791961669922,16320,0.0,0.0
2011-10-27 00:00:00+08:00,20.939597295374558,22.097314834594727,20.788590579678722,22.097314834594727,27840,0.0,0.0
2011-10-28 00:00:00+08:00,23.15436053145144,23.15436053145144,21.644293460124455,22.14764976501465,30336,0.0,0.0
2011-10-31 00:00:00+08:00,21.69463092523526,22.09731488692997,21.442953679594027,21.64429473876953,10944,0.0,0.0
2011-11-01 00:00:00+08:00,22.197987277878475,22.197987277878475,21.34228132398509,21.493288040161133,20352,0.0,0.0
2011-11-02 00:00:00+08:00,20.788590038193327,22.953020187904094,20.788590038193327,21.895973205566406,16512,0.0,0.0
2011-11-03 00:00:00+08:00,20.93959741441431,21.644294810553117,20.889261227781642,21.040267944335938,14400,0.0,0.0
2011-11-04 00:00:00+08:00,21.040267239531467,22.399327642994468,21.040267239531467,22.3489933013916,24960,0.0,0.0
2011-11-07 00:00:00+08:00,22.19798598363961,22.19798598363961,21.24160955583766,21.543622970581055,10176,0.0,0.0
2011-11-08 00:00:00+08:00,21.744965844078685,22.097313598767563,21.543622953296758,21.84563636779785,7296,0.0,0.0
2011-11-09 00:00:00+08:00,20.939596815100106,21.996643800726325,20.939596815100106,21.140939712524414,8640,0.0,0.0
2011-11-10 00:00:00+08:00,21.342280766605068,21.84563708849401,21.090603527332423,21.140939712524414,10176,0.0,0.0
2011-11-11 00:00:00+08:00,21.140939712524414,21.191274054372748,21.090603527332423,21.140939712524414,5376,0.0,0.0
2011-11-14 00:00:00+08:00,21.644294123733097,22.097314259020678,21.392616885243434,21.895973205566406,7104,0.0,0.0
2011-11-15 00:00:00+08:00,21.442953179352475,22.147650556714296,20.48657671887713,20.68791961669922,16896,0.0,0.0
2011-11-16 00:00:00+08:00,20.93959688506986,21.191274125183483,20.385906219482422,20.385906219482422,11328,0.0,0.0
2011-11-17 00:00:00+08:00,20.38590616459469,20.989933013916016,20.134227081815034,20.989933013916016,14400,0.0,0.0
2011-11-18 00:00:00+08:00,20.436240519932472,20.838926315307617,20.234899465588555,20.838926315307617,3456,0.0,0.0
2011-11-21 00:00:00+08:00,20.13422720847902,20.13422720847902,19.63087272644043,19.63087272644043,16704,0.0,0.0
2011-11-22 00:00:00+08:00,18.271812438964844,19.781879582680947,18.271812438964844,18.271812438964844,21120,0.0,0.0
2011-11-23 00:00:00+08:00,17.617448851149586,18.22147568997007,17.0134220123291,17.0134220123291,32448,0.0,0.0
2011-11-24 00:00:00+08:00,15.855704584577735,16.963085898096935,15.855704584577735,16.10738182067871,20160,0.0,0.0
2011-11-25 00:00:00+08:00,16.560401939728006,16.711408649948456,16.25838851928711,16.25838851928711,17664,0.0,0.0
2011-11-28 00:00:00+08:00,16.25838850778192,17.114092583977715,16.25838850778192,16.409395217895508,6144,0.0,0.0
2011-11-29 00:00:00+08:00,16.409395851893986,16.86241599973778,16.409395851893986,16.61073875427246,10368,0.0,0.0
2011-11-30 00:00:00+08:00,17.11409191221399,17.11409191221399,16.057044982910156,16.057044982910156,18624,0.0,0.0
2011-12-01 00:00:00+08:00,16.107381775489646,16.963085850507202,16.107381775489646,16.711408615112305,6720,0.0,0.0
2011-12-02 00:00:00+08:00,16.610738789593732,16.610738789593732,16.107382454249052,16.308725357055664,4800,0.0,0.0
2011-12-05 00:00:00+08:00,16.157718623450045,16.459732055664062,15.604026102161873,16.459732055664062,13632,0.0,0.0
2011-12-06 00:00:00+08:00,16.10738243696647,16.459732055664062,15.704698475129014,16.459732055664062,7680,0.0,0.0
2011-12-07 00:00:00+08:00,16.107381165420097,16.107381165420097,16.006710643743773,16.057044982910156,8064,0.0,0.0
2011-12-08 00:00:00+08:00,16.15771833742035,16.15771833742035,15.704698197118844,15.755032539367676,9024,0.0,0.0
2011-12-09 00:00:00+08:00,15.604025250732745,15.604025250732745,14.748321187265502,15.553690910339355,25152,0.0,0.0
2011-12-12 00:00:00+08:00,15.55369089217413,15.855704307556152,15.100670769101097,15.855704307556152,4032,0.0,0.0
2011-12-13 00:00:00+08:00,14.949664367811105,15.503355026245117,14.949664367811105,15.503355026245117,8448,0.0,0.0
2011-12-14 00:00:00+08:00,15.352348315459146,15.503355026245117,15.050334893887205,15.503355026245117,4224,0.0,0.0
2011-12-15 00:00:00+08:00,15.503355026245117,15.503355026245117,15.503355026245117,15.503355026245117,3840,0.0,0.0
2011-12-16 00:00:00+08:00,15.70469759986514,16.006711015247163,15.604025232508734,15.855704307556152,13248,0.0,0.0
2011-12-19 00:00:00+08:00,15.201341616730968,15.654361749448219,15.201341616730968,15.352348327636719,14592,0.0,0.0
2011-12-20 00:00:00+08:00,15.201341358422212,15.35234806676198,14.295301108383597,14.798657417297363,19584,0.0,0.0
2011-12-21 00:00:00+08:00,15.302013028841593,15.805368423461914,15.302013028841593,15.805368423461914,11136,0.0,0.0
2011-12-22 00:00:00+08:00,15.805368355678318,16.86241532501797,15.805368355678318,16.711408615112305,32256,0.0,0.0
2011-12-23 00:00:00+08:00,16.711409266502386,17.718120090665952,16.359059648540477,16.76174545288086,27072,0.0,0.0
2011-12-26 00:00:00+08:00,16.76174545288086,17.21476560025602,16.10738240333551,16.76174545288086,13056,0.0,0.0
2011-12-27 00:00:00+08:00,16.208052932748757,16.76174545288086,16.208052932748757,16.76174545288086,8256,0.0,0.0
2011-12-28 00:00:00+08:00,16.61073807849442,17.26509925875148,16.61073807849442,16.862415313720703,5952,0.0,0.0
2011-12-29 00:00:00+08:00,17.114093245203097,17.365772334012117,16.258389135946054,16.61073875427246,3648,0.0,0.0
2011-12-30 00:00:00+08:00,16.91275143416196,17.768455505371094,16.91275143416196,17.768455505371094,43968,0.0,0.0
2012-01-02 00:00:00+08:00,18.97650909423828,18.97650909423828,18.97650909423828,18.97650909423828,28608,0.0,0.0
2012-01-03 00:00:00+08:00,20.285232557493575,20.285232557493575,19.278521817778184,19.832212448120117,54720,0.0,0.0
2012-01-04 00:00:00+08:00,19.630872102223353,19.681206442820493,18.523488958932113,19.12751579284668,25728,0.0,0.0
2012-01-05 00:00:00+08:00,18.724831870986428,19.12751581290386,18.674495686992895,18.825502395629883,28416,0.0,0.0
2012-01-06 00:00:00+08:00,18.775166182336115,19.580535908257737,17.91946211584312,19.278522491455078,8832,0.0,0.0
2012-01-09 00:00:00+08:00,19.077180337061204,19.077180337061204,18.422819137573242,18.422819137573242,7488,0.0,0.0
2012-01-10 00:00:00+08:00,18.624159533497263,18.724831901649182,18.372482299804688,18.372482299804688,12288,0.0,0.0
2012-01-11 00:00:00+08:00,18.271811123099603,19.026844640583057,18.271811123099603,18.322145462036133,9024,0.0,0.0
2012-01-12 00:00:00+08:00,18.221475622267594,18.97650916798785,17.919462203979492,17.919462203979492,13632,0.0,0.0
2012-01-13 00:00:00+08:00,17.919462163211097,18.624159523165545,17.567112561562066,18.523488998413086,8256,0.0,0.0
2012-01-16 00:00:00+08:00,18.5738259170015,18.5738259170015,17.81879234313965,17.81879234313965,10944,0.0,0.0
2012-01-17 00:00:00+08:00,17.768455464267618,18.372482299804688,17.416105862423123,18.372482299804688,37440,0.0,0.0
2012-01-18 00:00:00+08:00,18.322145466965047,19.077178984651617,18.171138763427734,18.171138763427734,74496,0.0,0.0
2012-01-30 00:00:00+08:00,18.17113940684446,18.624159533497263,18.17113940684446,18.372482299804688,22464,0.0,0.0
2012-01-31 00:00:00+08:00,18.12080559363732,19.63087272644043,18.12080559363732,19.63087272644043,28992,0.0,0.0
2012-02-01 00:00:00+08:00,20.989933013916016,20.989933013916016,20.989933013916016,20.989933013916016,18432,0.0,0.0
2012-02-02 00:00:00+08:00,22.449663162231445,22.449663162231445,22.449663162231445,22.449663162231445,73920,0.0,0.0
2012-02-03 00:00:00+08:00,24.0100671005249,24.0100671005249,22.449663802395108,22.6510066986084,137664,0.0,0.0
2012-02-06 00:00:00+08:00,23.6577180894514,23.6577180894514,22.651007269690815,22.85234832763672,35712,0.0,0.0
2012-02-07 00:00:00+08:00,22.70134111980345,22.75167730486929,21.694630321892166,21.744966506958008,44352,0.0,0.0
2012-02-08 00:00:00+08:00,21.744966947868914,23.255034097026478,21.744966947868914,23.154361724853516,68928,0.0,0.0
2012-02-09 00:00:00+08:00,22.399327617505875,23.053690647691333,21.74496643066406,22.6510066986084,55104,0.0,0.0
2012-02-10 00:00:00+08:00,22.248320208490554,23.657716751098633,22.046979161934818,23.657716751098633,92928,0.0,0.0
2012-02-13 00:00:00+08:00,23.55704678622159,25.268454939230825,22.802013235381153,24.916107177734375,70848,0.0,0.0
2012-02-14 00:00:00+08:00,24.865771626137516,25.21812123994593,24.412751484102557,24.5134220123291,67200,0.0,0.0
2012-02-15 00:00:00+08:00,24.161072977565258,25.620803855511966,24.161072977565258,25.167783737182617,55104,0.0,0.0
2012-02-16 00:00:00+08:00,24.16107364958781,25.16778443720609,24.110737465036625,24.614093780517578,43392,0.0,0.0
2012-02-17 00:00:00+08:00,25.1677838518326,25.1677838518326,22.902683249867355,23.05368995666504,39744,0.0,0.0
2012-02-20 00:00:00+08:00,23.154361774751862,23.557047577624136,22.70134162902832,22.70134162902832,31680,0.0,0.0
2012-02-21 00:00:00+08:00,22.751677849012122,23.154361809138738,22.348993888885506,22.399328231811523,12480,0.0,0.0
2012-02-22 00:00:00+08:00,22.14764971587894,23.506710077058088,22.14764971587894,23.05368995666504,38016,0.0,0.0
2012-02-23 00:00:00+08:00,23.1543604800823,23.1543604800823,22.802012726450098,23.05368995666504,12096,0.0,0.0
2012-02-24 00:00:00+08:00,22.751677766192728,23.456375154685027,22.651007237363455,23.154361724853516,37632,0.0,0.0
2012-02-29 00:00:00+08:00,22.701341040153988,23.154361174126155,22.6510066986084,22.6510066986084,28032,0.0,0.0
2012-03-01 00:00:00+08:00,22.75167719983499,23.75838799309874,22.70134101500153,22.953020095825195,36096,0.0,0.0
2012-03-02 00:00:00+08:00,22.852347777482137,23.053690673924535,22.1476504049492,22.3489933013916,39936,0.0,0.0
2012-03-05 00:00:00+08:00,22.298657789449177,22.3489939759149,21.64429473876953,21.64429473876953,11136,0.0,0.0
2012-03-06 00:00:00+08:00,21.795300917448678,21.795300917448678,20.48657669170036,20.989933013916016,16128,0.0,0.0
2012-03-07 00:00:00+08:00,20.184563764700467,21.84563764128874,19.530200714020825,21.64429473876953,30720,0.0,0.0
2012-03-08 00:00:00+08:00,20.486576035882784,22.24832034222502,20.486576035882784,21.241609573364258,24000,0.0,0.0
2012-03-09 00:00:00+08:00,21.74496699472997,22.70134162902832,21.442953564247613,22.70134162902832,19392,0.0,0.0
2012-03-12 00:00:00+08:00,23.154361174126155,23.154361174126155,22.197986564636228,22.6510066986084,23616,0.0,0.0
2012-03-13 00:00:00+08:00,22.3993270044683,23.003353833233174,21.895972542726636,21.99664306640625,20928,0.0,0.0
2012-03-14 00:00:00+08:00,22.499999974737104,22.802013397216797,22.147650367396245,22.802013397216797,32640,0.0,0.0
2012-03-15 00:00:00+08:00,22.802012742864903,22.802012742864903,22.24832025531241,22.751676559448242,9984,0.0,0.0
2012-03-16 00:00:00+08:00,22.24832028865525,22.701340410053348,22.14764976501465,22.14764976501465,9216,0.0,0.0
2012-03-19 00:00:00+08:00,22.600669844353284,23.657716792315032,22.248320247251506,22.90268325805664,19200,0.0,0.0
2012-03-20 00:00:00+08:00,22.902683936367275,22.902683936367275,22.449663802395108,22.6510066986084,3840,0.0,0.0
2012-03-21 00:00:00+08:00,22.852347126041956,22.852347126041956,21.895972542726636,21.99664306640625,13824,0.0,0.0
2012-03-22 00:00:00+08:00,21.996643706223907,22.298657129391025,21.946307521248173,22.197986602783203,9792,0.0,0.0
2012-03-23 00:00:00+08:00,21.64429408551502,22.902683962428647,21.64429408551502,22.3489933013916,9792,0.0,0.0
2012-03-26 00:00:00+08:00,21.694630907870756,22.651007389891866,21.694630907870756,21.79530143737793,3456,0.0,0.0
2012-03-27 00:00:00+08:00,21.795301472513223,22.248321621041352,21.493288040161133,21.493288040161133,15360,0.0,0.0
2012-03-28 00:00:00+08:00,21.493286804743548,21.895972586962735,21.241609573364258,21.241609573364258,9408,0.0,0.0
2012-03-29 00:00:00+08:00,20.63758282640778,20.939596242615423,19.882549285888672,19.882549285888672,16512,0.0,0.0
2012-03-30 00:00:00+08:00,19.026844593685222,20.687918328054565,18.775165526248713,19.832212448120117,19584,0.0,0.0
2012-04-02 00:00:00+08:00,19.630872082278305,19.832213131149523,19.379193006173868,19.429529190063477,4800,0.0,0.0
2012-04-03 00:00:00+08:00,19.429528520902668,20.788588849023043,19.429528520902668,19.832212448120117,63168,0.0,0.0
2012-04-05 00:00:00+08:00,18.47315334869435,19.832213767209154,18.47315334869435,19.781879425048828,52032,0.0,0.0
2012-04-06 00:00:00+08:00,19.781878100433538,20.939595542754066,19.0771789239397,20.134225845336914,13632,0.0,0.0
2012-04-09 00:00:00+08:00,19.882549909794,20.234899520874023,19.63087266950465,20.234899520874023,6528,0.0,0.0
2012-04-10 00:00:00+08:00,20.637583488632078,20.637583488632078,19.983220451403607,20.083892822265625,5184,0.0,0.0
2012-04-11 00:00:00+08:00,19.731542550144706,20.335569381713867,19.630872025997714,20.335569381713867,11520,0.0,0.0
2012-04-12 00:00:00+08:00,19.731543130048703,21.59395986323734,19.731543130048703,20.989933013916016,28416,0.0,0.0
2012-04-13 00:00:00+08:00,21.6442941910697,21.6442941910697,20.78859010286779,21.140939712524414,17088,0.0,0.0
2012-04-16 00:00:00+08:00,21.543623044852186,21.543623044852186,20.28523319796857,20.335569381713867,14976,0.0,0.0
2012-04-17 00:00:00+08:00,20.134227611149985,21.74496714724945,20.134227611149985,21.342281341552734,232320,0.0,0.0
2012-04-18 00:00:00+08:00,21.342280713118573,22.14765045745379,20.13422701828757,21.744966506958008,76992,0.0,0.0
2012-04-19 00:00:00+08:00,20.989933601046978,22.600671296511553,20.889261227781642,21.040267944335938,33408,0.0,0.0
2012-04-20 00:00:00+08:00,20.637582769849086,21.04026670924116,20.134226463101292,20.788589477539062,41472,0.0,0.0
2012-04-23 00:00:00+08:00,20.234899549773246,20.234899549773246,19.781879410599217,19.932886123657227,19968,0.0,0.0
2012-04-24 00:00:00+08:00,19.479865345393016,19.882549285888672,19.479865345393016,19.882549285888672,8640,0.0,0.0
2012-04-25 00:00:00+08:00,19.6308719996971,20.788589477539062,19.6308719996971,20.788589477539062,9408,0.0,0.0
2012-04-26 00:00:00+08:00,20.687919659401054,20.939596899690404,20.234899520874023,20.234899520874023,11136,0.0,0.0
2012-04-27 00:00:00+08:00,19.630871410687703,19.932884817005977,19.630871410687703,19.68120574951172,9024,0.0,0.0
2012-04-30 00:00:00+08:00,20.13422654779996,20.13422654779996,19.32885866562787,19.429529190063477,12096,0.0,0.0
2012-05-02 00:00:00+08:00,20.63758211893357,20.738252639770508,20.134225828061783,20.738252639770508,15936,0.0,0.0
2012-05-03 00:00:00+08:00,20.73825264412097,20.73825264412097,20.184562014386334,20.58724594116211,5760,0.0,0.0
2012-05-04 00:00:00+08:00,20.53691217800567,21.99664306640625,20.53691217800567,21.99664306640625,74496,0.0,0.0
2012-05-07 00:00:00+08:00,21.996644207207634,23.45637517131354,21.2416106320936,23.003355026245117,64320,0.0,0.0
2012-05-08 00:00:00+08:00,24.463086546145515,24.463086546145515,21.94630686600025,22.298656463623047,29184,0.0,0.0
2012-05-09 00:00:00+08:00,22.04697922463125,22.449663162231445,21.744965810595204,22.449663162231445,9984,0.0,0.0
2012-05-10 00:00:00+08:00,22.147650512958645,22.147650512958645,21.140939712524414,21.140939712524414,28608,0.0,0.0
2012-05-11 00:00:00+08:00,20.738252635482947,21.392615629146626,20.738252635482947,20.889259338378906,15168,0.0,0.0
2012-05-14 00:00:00+08:00,20.335570530975893,21.392617545960793,20.335570530975893,21.191274642944336,7680,0.0,0.0
2012-05-15 00:00:00+08:00,20.8892599660796,22.651006115033493,20.43623984377893,21.392616271972656,14208,0.0,0.0
2012-05-16 00:00:00+08:00,21.29194579365639,21.29194579365639,20.637582778930664,20.637582778930664,4800,0.0,0.0
2012-05-17 00:00:00+08:00,21.64429285285871,22.0469786228103,20.838924999642614,20.889259338378906,13824,0.0,0.0
2012-05-18 00:00:00+08:00,20.38590554711782,21.744965916925672,20.38590554711782,20.637582778930664,11328,0.0,0.0
2012-05-21 00:00:00+08:00,21.74496589792592,21.74496589792592,20.73825328486695,20.93959617614746,11904,0.0,0.0
2012-05-22 00:00:00+08:00,21.14093904948126,21.493286804743548,21.14093904948126,21.241609573364258,6528,0.0,0.0
2012-05-23 00:00:00+08:00,20.889259342697688,20.889259342697688,20.738252639770508,20.738252639770508,3456,0.0,0.0
2012-05-24 00:00:00+08:00,20.63758212326291,20.88925934707983,20.58724594116211,20.58724594116211,5760,0.0,0.0
2012-05-25 00:00:00+08:00,20.134225832285534,20.58724594116211,19.932884790569414,20.58724594116211,11520,0.0,0.0
2012-05-28 00:00:00+08:00,20.587246595230656,20.637582778930664,20.335569363417807,20.637582778930664,9024,0.0,0.0
2012-05-29 00:00:00+08:00,21.14093840980535,21.291945112732535,20.738252639770508,20.738252639770508,7872,0.0,0.0
2012-05-30 00:00:00+08:00,20.889260685338762,21.140939768622903,20.53691291809082,20.53691291809082,8448,0.0,0.0
2012-05-31 00:00:00+08:00,20.536911615717262,21.09060224581081,20.134225845336914,20.134225845336914,14208,0.0,0.0
2012-06-01 00:00:00+08:00,20.63758281662606,21.040266756930855,20.03355598449707,20.03355598449707,15168,0.0,0.0
2012-06-04 00:00:00+08:00,19.17785199689739,19.530199754821286,18.674495686992895,18.825502395629883,32832,0.0,0.0
2012-06-05 00:00:00+08:00,18.825502375889396,19.429529209803963,18.573825142872863,19.12751579284668,9600,0.0,0.0
2012-06-06 00:00:00+08:00,19.278523114338483,19.63087272644043,19.278523114338483,19.63087272644043,14784,0.0,0.0
2012-06-07 00:00:00+08:00,20.13422720847902,20.385906292841984,19.63087272644043,19.63087272644043,3648,0.0,0.0
2012-06-08 00:00:00+08:00,19.630872711880517,19.781879425048828,18.77516677503097,19.781879425048828,4224,0.0,0.0
2012-06-11 00:00:00+08:00,19.731541940946236,19.781878123137435,19.379192352294922,19.379192352294922,5952,0.0,0.0
2012-06-12 00:00:00+08:00,19.127515142038483,19.379192366491772,18.775165553129042,18.926172256469727,13440,0.0,0.0
2012-06-13 00:00:00+08:00,18.926173545674633,19.580536585839056,18.221476163197032,19.177852630615234,17472,0.0,0.0
2012-06-14 00:00:00+08:00,19.026845278205215,19.328858695319582,18.674495677123915,18.97650909423828,15744,0.0,0.0
2012-06-15 00:00:00+08:00,18.724831851351507,19.12751579284668,18.724831851351507,19.12751579284668,12096,0.0,0.0
2012-06-18 00:00:00+08:00,19.12751579284668,19.379193025863213,19.12751579284668,19.12751579284668,7680,0.0,0.0
2012-06-19 00:00:00+08:00,19.328858022812526,19.328858022812526,18.976508433990492,19.077178955078125,5376,0.0,0.0
2012-06-20 00:00:00+08:00,19.127515132623472,19.278521835889823,19.026844611560417,19.228185653686523,4224,0.0,0.0
2012-06-21 00:00:00+08:00,19.32885868526607,19.429529209803963,19.12751579284668,19.12751579284668,4800,0.0,0.0
2012-06-22 00:00:00+08:00,19.63087277149591,19.63087277149591,19.12751644495838,19.177852630615234,3456,0.0,0.0
2012-06-25 00:00:00+08:00,19.177852586599496,19.882549967459727,19.177852586599496,19.63087272644043,11328,0.0,0.0
2012-06-26 00:00:00+08:00,19.832213161614455,19.832213161614455,18.775166201714168,18.97650909423828,6336,0.0,0.0
2012-06-27 00:00:00+08:00,18.976508429357118,19.580535242422528,18.976508429357118,19.228185653686523,5376,0.0,0.0
2012-06-28 00:00:00+08:00,19.731541945688882,19.78187812789218,19.228185653686523,19.228185653686523,7104,0.0,0.0
2012-06-29 00:00:00+08:00,19.47986602783203,19.47986602783203,19.278523128858748,19.47986602783203,7872,0.0,0.0
2012-07-02 00:00:00+08:00,19.47986590343973,20.838926315307617,19.47986590343973,20.838926315307617,41472,0.0,0.0
2012-07-03 00:00:00+08:00,20.637582132114964,21.291945126331875,20.285232543945312,20.285232543945312,28608,0.0,0.0
2012-07-04 00:00:00+08:00,20.28523319796857,20.93959621328303,20.13422649007628,20.335569381713867,22464,0.0,0.0
2012-07-05 00:00:00+08:00,20.38590619163792,20.68791961669922,20.234899479107266,20.68791961669922,13248,0.0,0.0
2012-07-06 00:00:00+08:00,20.889260001551182,20.889260001551182,20.285233170791273,20.788589477539062,13056,0.0,0.0
2012-07-09 00:00:00+08:00,20.788590231723017,20.788590231723017,19.731543239544834,19.781879425048828,42048,0.0,0.0
2012-07-10 00:00:00+08:00,19.781878100433538,20.134225845336914,19.781878100433538,20.134225845336914,2496,0.0,0.0
2012-07-11 00:00:00+08:00,19.781878123137435,19.83221246198509,19.12751512802601,19.379192352294922,10560,0.0,0.0
2012-07-12 00:00:00+08:00,19.781878123137435,19.781878123137435,19.228185649064866,19.379192352294922,4224,0.0,0.0
2012-07-13 00:00:00+08:00,19.68120574951172,19.68120574951172,19.68120574951172,19.68120574951172,576,0.0,0.0
2012-07-16 00:00:00+08:00,19.983219179854498,19.983219179854498,18.926172256469727,18.926172256469727,16512,0.0,0.0
2012-07-17 00:00:00+08:00,18.875839233398438,19.429529903130234,18.875839233398438,18.875839233398438,4608,0.0,0.0
2012-07-18 00:00:00+08:00,18.875837917585198,19.127515142038483,18.674495032016438,18.926172256469727,10944,0.0,0.0
2012-07-19 00:00:00+08:00,20.083892177808302,20.134226518280506,19.379192977761395,19.882549285888672,11520,0.0,0.0
2012-07-20 00:00:00+08:00,19.78187876160066,20.486576118303958,19.479865345393016,19.882549285888672,21312,0.0,0.0
2012-07-23 00:00:00+08:00,19.781878104837066,20.134225849818876,19.429528516511713,19.983219146728516,25536,0.0,0.0
2012-07-24 00:00:00+08:00,19.983220480377465,19.983220480377465,18.926173488199286,19.781879425048828,17472,0.0,0.0
2012-07-25 00:00:00+08:00,19.731542596922157,20.637582846423843,19.278522472171314,19.580535888671875,23040,0.0,0.0
2012-07-26 00:00:00+08:00,20.08389215891217,20.23489886687392,19.47986532706519,20.18456268310547,14400,0.0,0.0
2012-07-27 00:00:00+08:00,20.486576805386395,20.486576805386395,19.429529813208212,19.781879425048828,29952,0.0,0.0
2012-07-30 00:00:00+08:00,19.379192996556966,20.83892573853875,19.379192996556966,19.580535888671875,18624,0.0,0.0
2012-07-31 00:00:00+08:00,19.58053521960207,19.983219146728516,19.177851292475626,19.983219146728516,14400,0.0,0.0
2012-08-01 00:00:00+08:00,19.832213752722776,20.48657679042204,19.479865984483197,19.932886123657227,25536,0.0,0.0
2012-08-02 00:00:00+08:00,19.932886123657227,19.932886123657227,19.932886123657227,19.932886123657227,0,0.0,0.0
2012-08-03 00:00:00+08:00,19.882548630276126,20.234898218681106,19.832212448120117,19.832212448120117,8256,0.0,0.0
2012-08-06 00:00:00+08:00,20.18456269252932,20.18456269252932,19.731542568432573,20.03355598449707,6144,0.0,0.0
2012-08-07 00:00:00+08:00,20.788590216538058,20.788590216538058,19.882549938190003,19.932886123657227,12288,0.0,0.0
2012-08-08 00:00:00+08:00,19.932884807927422,20.134225849818876,19.58053521960207,19.983219146728516,16320,0.0,0.0
2012-08-09 00:00:00+08:00,20.03355531569221,20.486575424665226,19.7315419097102,20.43623924255371,19200,0.0,0.0
2012-08-10 00:00:00+08:00,20.48657723029869,21.64429477415342,20.48657723029869,21.342281341552734,32256,0.0,0.0
2012-08-13 00:00:00+08:00,21.795300167257153,22.550333702920646,21.39261622935115,22.14764976501465,38016,0.0,0.0
2012-08-14 00:00:00+08:00,22.348993791893783,23.65771803913336,22.348993791893783,23.305368423461914,107904,0.0,0.0
2012-08-15 00:00:00+08:00,23.305368423461914,23.959731468753546,23.15436170865182,23.305368423461914,84288,0.0,0.0
2012-08-16 00:00:00+08:00,23.305367212213866,23.657716809572676,22.499999337313152,22.600669860839844,42624,0.0,0.0
2012-08-17 00:00:00+08:00,22.600670501115786,22.802013397216797,22.600670501115786,22.802013397216797,16512,0.0,0.0
2012-08-20 00:00:00+08:00,22.802013476141568,23.10402689966662,21.895973205566406,21.895973205566406,45888,0.0,0.0
2012-08-21 00:00:00+08:00,21.94630686600025,22.751676584847964,21.94630686600025,22.298656463623047,24768,0.0,0.0
2012-08-22 00:00:00+08:00,22.298657719510974,22.399328248782982,21.996644288351263,22.248321533203125,22464,0.0,0.0
2012-08-23 00:00:00+08:00,22.651007302884093,22.751677832004567,22.298657685946885,22.550334930419922,24768,0.0,0.0
2012-08-24 00:00:00+08:00,22.55033432882993,22.902683936367275,22.55033432882993,22.6510066986084,19968,0.0,0.0
2012-08-27 00:00:00+08:00,22.651006750864525,22.651006750864525,22.046979904174805,22.046979904174805,6912,0.0,0.0
2012-08-28 00:00:00+08:00,21.895973792944325,22.50000065619796,21.895973792944325,21.946308135986328,7104,0.0,0.0
2012-08-29 00:00:00+08:00,21.996643745599915,21.996643745599915,21.744966506958008,21.744966506958008,4032,0.0,0.0
2012-08-30 00:00:00+08:00,21.74496649380388,21.94630754725815,21.74496649380388,21.895973205566406,8256,0.0,0.0
2012-08-31 00:00:00+08:00,21.74496649380388,22.65100676437904,21.74496649380388,21.895973205566406,14400,0.0,0.0
2012-09-03 00:00:00+08:00,21.895972560051586,22.95301951122649,20.93959613263595,21.694629669189453,29184,0.0,0.0
2012-09-04 00:00:00+08:00,21.74496643066406,22.6510066986084,21.694630245774828,22.6510066986084,50880,0.0,0.0
2012-09-05 00:00:00+08:00,23.15436116121401,23.9597309022744,22.802013397216797,22.802013397216797,38400,0.0,0.0
2012-09-06 00:00:00+08:00,22.95302008335886,23.104026794433594,22.399327580522428,23.104026794433594,27072,0.0,0.0
2012-09-07 00:00:00+08:00,23.406040155434912,24.161073708836035,22.80201331271401,23.859060287475586,65664,0.0,0.0
2012-09-10 00:00:00+08:00,24.161074386521015,24.312081101436775,23.154361724853516,23.154361724853516,25152,0.0,0.0
2012-09-11 00:00:00+08:00,23.305367774368154,24.010066986083984,23.305367774368154,24.010066986083984,13824,0.0,0.0
2012-09-12 00:00:00+08:00,24.060401327389663,24.161073696688288,23.75838790618106,24.010066986083984,10752,0.0,0.0
2012-09-13 00:00:00+08:00,24.161073759004665,24.161073759004665,23.255033493041992,23.255033493041992,10176,0.0,0.0
2012-09-14 00:00:00+08:00,23.406039545380487,23.90939400563273,23.204696655273438,23.204696655273438,17280,0.0,0.0
2012-09-17 00:00:00+08:00,23.204696655273438,23.557046252124877,23.204696655273438,23.204696655273438,8064,0.0,0.0
2012-09-18 00:00:00+08:00,23.154361757899263,23.154361757899263,22.85234832763672,22.85234832763672,5184,0.0,0.0
2012-09-19 00:00:00+08:00,22.902684481108484,23.154361724853516,22.80201395227921,23.154361724853516,7872,0.0,0.0
2012-09-20 00:00:00+08:00,22.75167722504322,22.953020121256507,22.55033432882993,22.6510066986084,11136,0.0,0.0
2012-09-21 00:00:00+08:00,22.449663162231445,22.953019466739384,22.449663162231445,22.449663162231445,15744,0.0,0.0
2012-09-24 00:00:00+08:00,21.946306857723506,22.499999345685318,21.946306857723506,22.449663162231445,4608,0.0,0.0
2012-09-25 00:00:00+08:00,22.449663113731116,23.355703353881836,22.298656407039328,23.355703353881836,28800,0.0,0.0
2012-09-26 00:00:00+08:00,23.35570404446197,23.40604022929543,22.09731417037455,22.953020095825195,21888,0.0,0.0
2012-09-27 00:00:00+08:00,22.651006661209404,23.90939469126972,22.348993239059947,23.104026794433594,11136,0.0,0.0
2012-09-28 00:00:00+08:00,23.204697333305223,23.35570404446197,22.802013384668452,22.953020095825195,8832,0.0,0.0
2012-10-01 00:00:00+08:00,22.953020121256507,23.104026832580566,22.097314194857763,22.6510066986084,25344,0.0,0.0
2012-10-02 00:00:00+08:00,22.248320271759553,22.550333685795596,22.19798593164927,22.449663162231445,5952,0.0,0.0
2012-10-03 00:00:00+08:00,21.94630687438985,22.95301948417024,21.94630687438985,22.14764976501465,24384,0.0,0.0
2012-10-04 00:00:00+08:00,22.852347790749526,22.852347790749526,22.197986602783203,22.197986602783203,17664,0.0,0.0
2012-10-05 00:00:00+08:00,22.248321533203125,22.60067115067069,22.248321533203125,22.248321533203125,9600,0.0,0.0
2012-10-08 00:00:00+08:00,22.60067056585917,22.60067056585917,21.996643719169445,22.046979904174805,26496,0.0,0.0
2012-10-09 00:00:00+08:00,22.046979241374046,23.305367238584143,21.795300167257153,22.14764976501465,25728,0.0,0.0
2012-10-11 00:00:00+08:00,22.046979241374046,22.197985948506744,21.241609522218454,22.14764976501465,23616,0.0,0.0
2012-10-12 00:00:00+08:00,22.09731488692997,23.154361899304323,21.49328802271605,21.64429473876953,39552,0.0,0.0
2012-10-15 00:00:00+08:00,21.694630376261692,21.694630376261692,20.889260629908115,21.140939712524414,33024,0.0,0.0
2012-10-16 00:00:00+08:00,21.140940317601274,21.140940317601274,20.989933601046978,21.040267944335938,5952,0.0,0.0
2012-10-17 00:00:00+08:00,21.59395915415282,21.895972568896216,21.140939032037725,21.543622970581055,3264,0.0,0.0
2012-10-18 00:00:00+08:00,21.040266682254664,21.543622988356848,21.040266682254664,21.241609573364258,8832,0.0,0.0
2012-10-19 00:00:00+08:00,21.392616965682347,22.651006849549656,20.63758340403069,20.989933013916016,76224,0.0,0.0
2012-10-22 00:00:00+08:00,20.637582127656234,20.88925935152673,19.983219133580693,20.43623924255371,36480,0.0,0.0
2012-10-23 00:00:00+08:00,20.637582778930664,20.637582778930664,20.335569363417807,20.637582778930664,12480,0.0,0.0
2012-10-24 00:00:00+08:00,20.436239869617978,21.29194577505246,20.436239869617978,20.93959617614746,11520,0.0,0.0
2012-10-25 00:00:00+08:00,21.342280794511062,21.74496658988621,20.68791960287785,20.838926315307617,20544,0.0,0.0
2012-10-26 00:00:00+08:00,20.838926357693143,20.88926069970967,20.234899506745514,20.385906219482422,27456,0.0,0.0
2012-10-29 00:00:00+08:00,20.385906233716366,20.385906233716366,19.882549909794,20.234899520874023,13056,0.0,0.0
2012-10-30 00:00:00+08:00,20.234898218681106,20.285232557493575,19.580535224027155,19.832212448120117,39168,0.0,0.0
2012-10-31 00:00:00+08:00,19.882548600187015,21.04026604127487,19.83221241810718,20.889259338378906,41472,0.0,0.0
2012-11-01 00:00:00+08:00,21.14093916553048,21.14093916553048,19.429529190063477,19.429529190063477,95040,0.0,0.0
2012-11-02 00:00:00+08:00,19.53019905090332,19.832212457291963,19.02684460248461,19.53019905090332,41280,0.0,0.0
2012-11-05 00:00:00+08:00,19.93288482636749,19.93288482636749,19.177851310217207,19.379192352294922,22656,0.0,0.0
2012-11-06 00:00:00+08:00,19.379193006173868,19.479865373953086,19.27852248173826,19.429529190063477,11136,0.0,0.0
2012-11-07 00:00:00+08:00,19.530199046352582,19.832212452670856,19.37919234319345,19.68120574951172,13440,0.0,0.0
2012-11-08 00:00:00+08:00,19.328859285543892,19.781879425048828,19.328859285543892,19.781879425048828,5376,0.0,0.0
2012-11-09 00:00:00+08:00,19.681207025504875,20.083892822265625,19.681207025504875,20.083892822265625,7104,0.0,0.0
2012-11-12 00:00:00+08:00,20.083891502142833,20.436239246968942,19.630871393071942,20.285232543945312,21120,0.0,0.0
2012-11-13 00:00:00+08:00,20.08389216828902,20.335569400561567,19.731542568432573,20.03355598449707,25152,0.0,0.0
2012-11-14 00:00:00+08:00,19.983220451403607,20.28523387730234,19.983220451403607,20.083892822265625,26688,0.0,0.0
2012-11-15 00:00:00+08:00,20.083891520165114,20.083891520165114,19.580535228520144,19.68120574951172,23232,0.0,0.0
2012-11-16 00:00:00+08:00,19.832212426367814,20.83892500832257,19.832212426367814,20.58724594116211,16704,0.0,0.0
2012-11-19 00:00:00+08:00,20.637582797498446,20.687918981243744,20.13422649007628,20.335569381713867,26688,0.0,0.0
2012-11-20 00:00:00+08:00,20.385906219482422,21.44295320864077,20.385906219482422,20.385906219482422,26496,0.0,0.0
2012-11-21 00:00:00+08:00,20.23489949282478,20.587247260072722,20.13422712217366,20.53691291809082,6912,0.0,0.0
2012-11-22 00:00:00+08:00,20.234898857566876,20.536912273351454,20.234898857566876,20.335569381713867,9024,0.0,0.0
2012-11-23 00:00:00+08:00,20.335569363417807,20.788589486687094,20.335569363417807,20.637582778930664,11328,0.0,0.0
2012-11-26 00:00:00+08:00,20.436239233916147,20.889259342697688,20.385904895169446,20.738252639770508,8448,0.0,0.0
2012-11-27 00:00:00+08:00,20.73825393113636,20.989933013916016,20.73825393113636,20.989933013916016,6720,0.0,0.0
2012-11-28 00:00:00+08:00,20.989932350830436,21.09060287475586,20.738253276001487,21.09060287475586,3264,0.0,0.0
2012-11-29 00:00:00+08:00,21.090604130968607,21.44295375070986,21.040267944335938,21.040267944335938,54336,0.0,0.0
2012-11-30 00:00:00+08:00,22.097314327766654,22.097314327766654,21.140939712524414,21.140939712524414,10752,0.0,0.0
2012-12-03 00:00:00+08:00,20.889260629908115,21.140939712524414,20.7382539176758,21.140939712524414,4608,0.0,0.0
2012-12-04 00:00:00+08:00,20.63758344539828,21.392617008563384,20.53691291809082,20.53691291809082,7488,0.0,0.0
2012-12-05 00:00:00+08:00,20.88925934707983,20.88925934707983,20.48657542030405,20.58724594116211,11904,0.0,0.0
2012-12-06 00:00:00+08:00,20.63758211466682,20.989931702538573,20.63758211466682,20.889259338378906,12096,0.0,0.0
2012-12-07 00:00:00+08:00,21.241609619441558,21.241609619441558,20.486576080322266,20.486576080322266,14976,0.0,0.0
2012-12-10 00:00:00+08:00,20.83892567969247,20.83892567969247,20.385905556220894,20.486576080322266,8448,0.0,0.0
2012-12-11 00:00:00+08:00,20.88926069970967,21.543623736017487,20.184563321385326,20.385906219482422,18432,0.0,0.0
2012-12-12 00:00:00+08:00,20.335569391067214,20.637582806990704,20.18456268310547,20.18456268310547,14208,0.0,0.0
2012-12-13 00:00:00+08:00,20.184562023044073,20.48657542909133,20.184562023044073,20.285232543945312,8640,0.0,0.0
2012-12-14 00:00:00+08:00,20.335568726067702,20.637582132114964,20.285232543945312,20.285232543945312,13056,0.0,0.0
2012-12-17 00:00:00+08:00,19.932885441782293,20.43623990586086,19.932885441782293,20.335569381713867,7680,0.0,0.0
2012-12-18 00:00:00+08:00,20.58724594116211,21.09060223213949,20.385904899445993,20.58724594116211,23232,0.0,0.0
2012-12-19 00:00:00+08:00,20.637582136640575,20.637582136640575,19.530199033109934,20.134225845336914,26496,0.0,0.0
2012-12-20 00:00:00+08:00,19.882549295456766,20.486576128162728,19.731542587280273,19.731542587280273,8832,0.0,0.0
2012-12-21 00:00:00+08:00,20.08389218747329,20.08389218747329,19.580535879103785,19.731542587280273,5184,0.0,0.0
2012-12-24 00:00:00+08:00,20.13422586368061,20.13422586368061,19.379192347708997,19.53019905090332,13440,0.0,0.0
2012-12-25 00:00:00+08:00,19.832213781918398,19.832213781918398,19.278523114338483,19.63087272644043,15552,0.0,0.0
2012-12-26 00:00:00+08:00,19.5302003700676,19.5302003700676,19.47986602783203,19.47986602783203,3648,0.0,0.0
2012-12-27 00:00:00+08:00,19.630872741226078,19.731543269040888,19.47986602783203,19.47986602783203,4224,0.0,0.0
2012-12-28 00:00:00+08:00,19.530199046352582,19.983219155829993,19.530199046352582,19.68120574951172,6912,0.0,0.0
2013-01-02 00:00:00+08:00,20.285233226384328,20.385905594015945,19.78187876160066,19.882549285888672,17088,0.0,0.0
2013-01-03 00:00:00+08:00,20.033555324413598,20.335568730527086,20.033555324413598,20.134225845336914,19200,0.0,0.0
2013-01-04 00:00:00+08:00,20.13422715008335,20.234899520874023,20.033556622636343,20.234899520874023,8832,0.0,0.0
2013-01-07 00:00:00+08:00,20.536912932219327,20.88926069970967,20.234899506745514,20.385906219482422,15936,0.0,0.0
2013-01-08 00:00:00+08:00,20.385906219482422,20.587247274235857,20.234899506745514,20.385906219482422,15360,0.0,0.0
2013-01-09 00:00:00+08:00,20.838926343356864,21.040267397971782,20.3859062054578,20.53691291809082,19584,0.0,0.0
2013-01-10 00:00:00+08:00,20.53691339994199,21.493288040161133,20.486577213435407,21.493288040161133,42048,0.0,0.0
2013-01-11 00:00:00+08:00,21.49328732574757,22.953020095825195,21.49328732574757,22.953020095825195,148608,0.0,0.0
2013-01-14 00:00:00+08:00,23.657717914044298,24.5134220123291,23.657717914044298,24.5134220123291,134400,0.0,0.0
2013-01-15 00:00:00+08:00,25.218121148258437,26.224831956894715,25.218121148258437,25.419462203979492,223872,0.0,0.0
2013-01-16 00:00:00+08:00,24.513422059408924,25.01677838819572,23.657717959480678,24.060401916503906,69696,0.0,0.0
2013-01-17 00:00:00+08:00,25.72147560119629,25.72147560119629,24.765100979266727,25.72147560119629,172608,0.0,0.0
2013-01-18 00:00:00+08:00,25.721474885817486,27.48322105407715,25.167784233608124,27.48322105407715,165696,0.0,0.0
2013-01-21 00:00:00+08:00,28.439594885241412,29.395971298217773,27.936240430701066,29.395971298217773,80256,0.0,0.0
2013-01-22 00:00:00+08:00,31.409395217895508,31.409395217895508,31.409395217895508,31.409395217895508,92928,0.0,0.0
2013-01-23 00:00:00+08:00,33.573822021484375,33.573822021484375,33.573822021484375,33.573822021484375,39168,0.0,0.0
2013-01-24 00:00:00+08:00,35.889259338378906,35.889259338378906,35.889259338378906,35.889259338378906,81792,0.0,0.0
2013-01-25 00:00:00+08:00,38.35570643724848,38.35570643724848,33.42281907862779,33.87583923339844,296832,0.0,0.0
2013-01-28 00:00:00+08:00,33.52348959905747,34.781877619375585,32.617449339623484,33.42281723022461,204864,0.0,0.0
2013-01-29 00:00:00+08:00,34.12751501826,35.738250732421875,33.221474796536285,35.738250732421875,131904,0.0,0.0
2013-01-30 00:00:00+08:00,38.20469665527344,38.20469665527344,38.20469665527344,38.20469665527344,33216,0.0,0.0
2013-01-31 00:00:00+08:00,40.872481712126806,40.872481712126806,38.00335412877047,40.822147369384766,356352,0.0,0.0
2013-02-01 00:00:00+08:00,38.75838800186973,40.21812081950603,38.05369245130386,38.104026794433594,179328,0.0,0.0
2013-02-04 00:00:00+08:00,38.10402608883603,40.671140214601316,38.10402608883603,39.26174545288086,83904,0.0,0.0
2013-02-05 00:00:00+08:00,38.95973230787545,38.95973230787545,36.54362487792969,36.54362487792969,124224,0.0,0.0
2013-02-06 00:00:00+08:00,38.40603860610672,38.75838636652291,34.0268440246582,34.0268440246582,182400,0.0,0.0
2013-02-18 00:00:00+08:00,34.37919237971213,35.73825279056513,33.22147670974,34.077178955078125,55104,0.0,0.0
2013-02-19 00:00:00+08:00,34.88254859820528,34.88254859820528,33.221474855433605,33.926170349121094,35520,0.0,0.0
2013-02-20 00:00:00+08:00,34.228183778591756,34.228183778591756,33.221474876489545,33.3221435546875,58944,0.0,0.0
2013-02-21 00:00:00+08:00,33.72483173693349,35.6375846862793,33.52349067946612,35.6375846862793,62208,0.0,0.0
2013-02-22 00:00:00+08:00,37.04697978189738,38.104026794433594,36.694632006614434,38.104026794433594,186624,0.0,0.0
2013-02-25 00:00:00+08:00,35.68791896530621,37.44966519673665,35.68791896530621,36.24161148071289,43968,0.0,0.0
2013-02-26 00:00:00+08:00,35.788589493771816,35.98993054050913,35.38590371361002,35.486576080322266,33408,0.0,0.0
2013-02-27 00:00:00+08:00,35.48657800397302,36.74496606599826,35.285233259634076,35.3355712890625,27072,0.0,0.0
2013-03-01 00:00:00+08:00,35.73825153476817,35.83892390167111,33.523488956401,34.27852249145508,21504,0.0,0.0
2013-03-04 00:00:00+08:00,35.285233359877836,35.285233359877836,34.27852438207258,34.42953109741211,22464,0.0,0.0
2013-03-05 00:00:00+08:00,34.47986355562757,35.18456275092231,33.724830020200045,33.97650909423828,22272,0.0,0.0
2013-03-06 00:00:00+08:00,34.98321726554663,34.98321726554663,33.52348825286781,34.22818374633789,21888,0.0,0.0
2013-03-07 00:00:00+08:00,34.22818505324092,35.234897679519975,34.22818505324092,34.328857421875,38400,0.0,0.0
2013-03-08 00:00:00+08:00,34.228186490406195,34.731544668024235,33.22147750854492,33.22147750854492,35712,0.0,0.0
2013-03-11 00:00:00+08:00,33.22147615698884,33.724830627441406,33.02013141945802,33.724830627441406,53760,0.0,0.0
2013-03-12 00:00:00+08:00,34.12751593816848,34.12751593816848,31.711408615112305,31.711408615112305,44080,0.0,0.0
2013-03-13 00:00:00+08:00,31.711409947625274,31.711409947625274,29.496643579530264,30.90604019165039,98304,0.0,0.0
2013-03-14 00:00:00+08:00,30.906040303470235,30.906040303470235,29.79865711541615,29.8489933013916,35850,0.0,0.0
2013-03-15 00:00:00+08:00,29.848991406822158,30.201340999598663,28.842280654616726,29.546977996826172,37222,0.0,0.0
2013-03-18 00:00:00+08:00,29.546978057105154,30.704695516670448,28.187917709350586,28.187917709350586,36076,0.0,0.0
2013-03-19 00:00:00+08:00,28.187918885910904,29.49664310540825,28.187918885910904,29.043622970581055,21528,0.0,0.0
2013-03-20 00:00:00+08:00,30.05033496954502,30.05033496954502,28.187918284957846,29.446308135986328,7030,0.0,0.0
2013-03-21 00:00:00+08:00,29.093959031769817,30.956375748138207,29.093959031769817,30.55368995666504,31296,0.0,0.0
2013-03-22 00:00:00+08:00,29.848992067379807,30.201341667953802,29.49664246680581,29.597314834594727,19474,0.0,0.0
2013-03-25 00:00:00+08:00,30.201342672625096,31.66107177734375,30.201342672625096,31.66107177734375,29609,0.0,0.0
2013-03-26 00:00:00+08:00,33.87583605378814,33.87583605378814,31.963083239837477,32.718116760253906,110419,0.0,0.0
2013-03-27 00:00:00+08:00,31.711408671210794,32.063756427550736,30.503355007545622,30.805368423461914,67816,0.0,0.0
2013-03-28 00:00:00+08:00,30.755032815628162,31.459730184848148,30.755032815628162,31.006710052490234,11328,0.0,0.0
2013-03-29 00:00:00+08:00,30.704697213289062,31.812078551160603,30.704697213289062,31.057044982910156,13735,0.0,0.0
2013-04-01 00:00:00+08:00,31.057045125592335,31.057045125592335,30.201342868768794,30.302013397216797,35745,0.0,0.0
2013-04-02 00:00:00+08:00,30.201342868768794,30.70469735435249,30.201342868768794,30.302013397216797,43244,0.0,0.0
2013-04-03 00:00:00+08:00,31.71140786820181,32.41610336303711,31.610735503216574,32.41610336303711,41088,0.0,0.0
2013-04-08 00:00:00+08:00,32.21476444834403,32.21476444834403,30.201342822412325,30.755033493041992,82619,0.0,0.0
2013-04-09 00:00:00+08:00,30.805369000338032,31.61073689563412,30.45301939405622,31.006710052490234,40518,0.0,0.0
2013-04-10 00:00:00+08:00,31.208051498439037,33.171138763427734,31.208051498439037,33.171138763427734,89073,0.0,0.0
2013-04-11 00:00:00+08:00,33.72482925591629,35.48657536088426,33.523488213260876,35.43623733520508,122461,0.0,0.0
2013-04-12 00:00:00+08:00,35.3355720721108,35.3355720721108,33.87583923339844,33.87583923339844,61818,0.0,0.0
2013-04-15 00:00:00+08:00,34.17785007558012,35.989930557113446,34.17785007558012,35.18456268310547,56751,0.0,0.0
2013-04-16 00:00:00+08:00,35.23489965719805,35.23489965719805,33.77516682016406,34.177852630615234,31311,0.0,0.0
2013-04-17 00:00:00+08:00,34.3791904607861,34.3791904607861,33.926170349121094,33.926170349121094,10212,0.0,0.0
2013-04-18 00:00:00+08:00,33.72482873367551,33.72482873367551,32.31543408353836,32.96979522705078,35328,0.0,0.0
2013-04-19 00:00:00+08:00,32.96979522705078,33.97650779811276,32.96979522705078,32.96979522705078,30839,0.0,0.0
2013-04-22 00:00:00+08:00,33.02013087569051,33.97650914649441,33.02013087569051,33.07046890258789,36697,0.0,0.0
2013-04-23 00:00:00+08:00,33.1208049081457,35.3355712890625,33.07047056540465,35.3355712890625,81386,0.0,0.0
2013-04-24 00:00:00+08:00,35.234897679519975,35.68791780834246,34.328857421875,34.328857421875,81621,0.0,0.0
2013-04-25 00:00:00+08:00,34.27852372378481,34.73154386110355,33.72483121594391,33.77516555786133,38028,0.0,0.0
2013-04-26 00:00:00+08:00,34.22818507536928,35.48657678070346,34.0268440246582,34.0268440246582,37493,0.0,0.0
2013-04-29 00:00:00+08:00,34.22818638606211,35.23489905154184,34.12751770019531,34.12751770019531,28620,0.0,0.0
2013-04-30 00:00:00+08:00,35.23489716397641,35.23489716397641,32.768455505371094,32.768455505371094,44863,0.0,0.0
2013-05-02 00:00:00+08:00,32.76845554118985,33.473151052026125,31.560401880685152,32.1644287109375,43180,0.0,0.0
2013-05-03 00:00:00+08:00,32.164427918292084,34.22818374633789,32.164427918292084,34.22818374633789,37149,0.0,0.0
2013-05-06 00:00:00+08:00,33.97651153035226,34.63087274574471,33.22147794078887,34.47986602783203,32109,0.0,0.0
2013-05-07 00:00:00+08:00,35.23489770229917,35.23489770229917,33.47315152684368,34.0268440246582,27842,0.0,0.0
2013-05-08 00:00:00+08:00,34.47986283643596,34.47986283643596,33.6241569519043,33.6241569519043,22594,0.0,0.0
2013-05-09 00:00:00+08:00,33.72483196458821,34.32885882775509,33.52349090576172,33.52349090576172,21096,0.0,0.0
2013-05-10 00:00:00+08:00,33.72483065003594,33.72483065003594,33.42281723022461,33.42281723022461,33222,0.0,0.0
2013-05-13 00:00:00+08:00,33.875837337245905,34.22818509789397,33.52348957659783,33.724830627441406,20613,0.0,0.0
2013-05-14 00:00:00+08:00,33.97651153035226,34.731545119915644,33.57382572035597,34.47986602783203,41206,0.0,0.0
2013-05-15 00:00:00+08:00,34.479864088056665,36.24161026015436,34.328857378639356,34.932884216308594,76306,0.0,0.0
2013-05-16 00:00:00+08:00,34.73154372496209,35.687918337768174,34.73154372496209,35.28523254394531,21263,0.0,0.0
2013-05-17 00:00:00+08:00,35.23489761352539,35.738252082378516,34.781877485551405,35.23489761352539,29140,0.0,0.0
2013-05-20 00:00:00+08:00,35.23489891689303,35.4362399745446,34.781878772161456,35.3355712890625,22463,0.0,0.0
2013-05-21 00:00:00+08:00,35.58724403886842,35.58724403886842,34.47986277423298,35.43623733520508,25660,0.0,0.0
2013-05-22 00:00:00+08:00,35.88926042958294,37.90268577025671,35.18456487836579,37.8020133972168,112968,0.0,0.0
2013-05-23 00:00:00+08:00,37.24831915316045,37.24831915316045,35.53691101074219,35.53691101074219,64341,0.0,0.0
2013-05-24 00:00:00+08:00,35.53691050522609,35.53691050522609,33.724830020200045,33.97650909423828,84339,0.0,0.0
2013-05-27 00:00:00+08:00,33.6241587390709,34.983219146728516,33.6241587390709,34.983219146728516,24422,0.0,0.0
2013-05-28 00:00:00+08:00,35.385904995834515,35.385904995834515,34.37919235229492,34.37919235229492,22364,0.0,0.0
2013-05-29 00:00:00+08:00,34.88254928588867,35.33556940648463,34.88254928588867,34.88254928588867,27705,0.0,0.0
2013-05-30 00:00:00+08:00,33.77516678201039,35.23489961739541,33.77516678201039,34.47986602783203,20736,0.0,0.0
2013-05-31 00:00:00+08:00,34.47986469563649,35.73825273405942,34.47986469563649,34.68120574951172,39935,0.0,0.0
2013-06-03 00:00:00+08:00,35.033558555740996,35.184565273653675,34.47986602783203,34.47986602783203,26503,0.0,0.0
2013-06-04 00:00:00+08:00,35.033557925016986,35.23489898304658,34.63087212227042,34.731544494628906,25111,0.0,0.0
2013-06-05 00:00:00+08:00,34.681203778615284,36.74496328863243,34.681203778615284,36.644290924072266,78736,0.0,0.0
2013-06-06 00:00:00+08:00,36.291945855418895,36.74496599932851,35.83892571150928,35.939598083496094,30788,0.0,0.0
2013-06-07 00:00:00+08:00,35.93959821618122,36.39261836176333,34.731544494628906,34.731544494628906,31636,0.0,0.0
2013-06-10 00:00:00+08:00,35.234899502064025,35.83892637173762,34.73154500623184,35.38590621948242,21539,0.0,0.0
2013-06-11 00:00:00+08:00,32.91946394401684,35.33557138944927,32.91946394401684,34.42953109741211,50298,0.0,0.0
2013-06-13 00:00:00+08:00,34.228185723466396,34.731543889805856,33.22147676416212,33.47315216064453,66864,0.0,0.0
2013-06-14 00:00:00+08:00,34.22818701376868,34.9832206050531,33.2718123603709,33.87583923339844,10803,0.0,0.0
2013-06-17 00:00:00+08:00,33.72483189666594,34.73154456214567,33.72483189666594,34.12751770019531,10560,0.0,0.0
2013-06-18 00:00:00+08:00,34.27852250840929,34.932883676884074,33.97650909423828,33.97650909423828,9804,0.0,0.0
2013-06-19 00:00:00+08:00,33.32214534080752,34.68120574951172,33.32214534080752,34.68120574951172,14839,0.0,0.0
2013-06-20 00:00:00+08:00,34.228185667395124,35.134225941297125,33.976510271325004,34.077178955078125,11791,0.0,0.0
2013-06-21 00:00:00+08:00,33.825502930592485,34.73154318766193,33.674496221080915,34.6308708190918,17664,0.0,0.0
2013-06-24 00:00:00+08:00,35.234898949684656,35.234898949684656,34.42953103164147,35.0335578918457,9255,0.0,0.0
2013-06-25 00:00:00+08:00,34.02684543137142,35.0335580999201,33.22147750854492,33.22147750854492,10596,0.0,0.0
2013-06-26 00:00:00+08:00,33.6241569519043,34.328856132500206,33.6241569519043,33.6241569519043,5184,0.0,0.0
2013-06-27 00:00:00+08:00,33.72483124381426,34.27852375211273,33.372483476726494,33.47315216064453,16759,0.0,0.0
2013-06-28 00:00:00+08:00,33.97650970601131,33.97650970601131,33.573823917636915,33.724830627441406,1920,0.0,0.0
2013-07-01 00:00:00+08:00,33.72483189666594,34.12751770019531,33.57382518117835,34.12751770019531,5376,0.0,0.0
2013-07-02 00:00:00+08:00,34.278521772076544,34.479862814969835,33.8255016605513,34.22818374633789,9465,0.0,0.0
2013-07-03 00:00:00+08:00,34.42952976863878,34.6308708190918,33.87583727153393,34.6308708190918,3264,0.0,0.0
2013-07-04 00:00:00+08:00,35.234899578284,35.234899578284,34.63087270730377,34.78187942504883,18062,0.0,0.0
2013-07-05 00:00:00+08:00,34.83221318030001,35.4865780705991,34.68120646510597,34.731544494628906,34982,0.0,0.0
2013-07-08 00:00:00+08:00,35.23489961739541,35.33557199156635,34.47986602783203,34.47986602783203,20928,0.0,0.0
2013-07-09 00:00:00+08:00,34.47986606678175,34.63087278486501,34.177852630615234,34.177852630615234,14403,0.0,0.0
2013-07-10 00:00:00+08:00,34.93288626119663,34.93288626119663,33.87583923339844,33.87583923339844,5646,0.0,0.0
2013-07-11 00:00:00+08:00,34.27852178265195,34.53019716467443,33.926170349121094,33.926170349121094,11334,0.0,0.0
2013-07-12 00:00:00+08:00,33.92617298894579,34.32885879287704,33.825504302978516,33.825504302978516,6720,0.0,0.0
2013-07-15 00:00:00+08:00,34.077177042496146,34.22818374633789,33.8255016605513,34.22818374633789,10249,0.0,0.0
2013-07-16 00:00:00+08:00,34.27852178265195,34.27852178265195,33.825501670986945,33.926170349121094,3298,0.0,0.0
2013-07-17 00:00:00+08:00,34.328857466659386,34.328857466659386,33.724830627441406,33.724830627441406,9869,0.0,0.0
2013-07-18 00:00:00+08:00,33.82550108584017,34.12751448839232,33.52348768328803,33.573822021484375,10008,0.0,0.0
2013-07-19 00:00:00+08:00,33.57382202686815,33.57382202686815,33.22147428606316,33.27180862426758,5455,0.0,0.0
2013-07-22 00:00:00+08:00,33.221474291488036,33.221474291488036,32.96979522705078,32.96979522705078,3880,0.0,0.0
2013-07-23 00:00:00+08:00,32.66778182440089,33.221474291488036,32.66778182440089,32.96979522705078,10142,0.0,0.0
2013-07-24 00:00:00+08:00,33.1208019394954,33.1208019394954,32.36576843261719,32.36576843261719,9832,0.0,0.0
2013-07-25 00:00:00+08:00,32.71811744397784,34.63087029790008,32.71811744397784,33.37248229980469,26281,0.0,0.0
2013-07-26 00:00:00+08:00,33.171136272105166,33.724828739284405,32.667781829833984,32.667781829833984,13864,0.0,0.0
2013-07-29 00:00:00+08:00,32.71811616805499,33.422815336584286,32.667781829833984,32.667781829833984,10560,0.0,0.0
2013-07-30 00:00:00+08:00,32.86912418584498,33.02013089324301,32.768455505371094,32.768455505371094,5574,0.0,0.0
2013-07-31 00:00:00+08:00,32.76845478607308,32.76845478607308,31.91274890070542,32.718116760253906,8311,0.0,0.0
2013-08-01 00:00:00+08:00,32.96979710050761,34.73154327830278,32.96979710050761,33.42281723022461,10956,0.0,0.0
2013-08-02 00:00:00+08:00,33.473151015437075,33.97650916455528,32.718117478446956,32.768455505371094,23638,0.0,0.0
2013-08-05 00:00:00+08:00,34.73154386110355,34.73154386110355,33.07047002426816,33.77516555786133,16320,0.0,0.0
2013-08-06 00:00:00+08:00,33.77516439465039,33.77516439465039,33.22147559256575,33.37248229980469,17472,0.0,0.0
2013-08-07 00:00:00+08:00,33.724829349704855,33.82550171465608,32.718116760253906,32.718116760253906,8268,0.0,0.0
2013-08-08 00:00:00+08:00,32.96979845446799,33.32214622982188,32.71811936539385,32.919464111328125,4646,0.0,0.0
2013-08-09 00:00:00+08:00,32.919464111328125,32.919464111328125,32.567112649286834,32.919464111328125,11088,0.0,0.0
2013-08-12 00:00:00+08:00,32.718117541927576,32.91946227664039,31.711408615112305,31.711408615112305,12994,0.0,0.0
2013-08-13 00:00:00+08:00,31.711407857490077,32.919461490156365,31.711407857490077,32.718116760253906,15743,0.0,0.0
2013-08-14 00:00:00+08:00,32.214761720426054,33.67449439546287,31.812075954663847,32.96979522705078,27152,0.0,0.0
2013-08-15 00:00:00+08:00,32.818788536744115,32.919460899890225,32.36576843261719,32.36576843261719,5744,0.0,0.0
2013-08-16 00:00:00+08:00,32.265098615831405,32.36577098692258,31.81207847595215,31.81207847595215,11520,0.0,0.0
2013-08-19 00:00:00+08:00,30.503355486520977,32.21476364135742,30.503355486520977,32.21476364135742,7496,0.0,0.0
2013-08-20 00:00:00+08:00,31.459730184848148,31.459730184848148,30.906039526414133,31.006710052490234,10752,0.0,0.0
2013-08-22 00:00:00+08:00,29.899328212738034,31.057043850725982,29.899328212738034,30.20134162902832,11904,0.0,0.0
2013-08-23 00:00:00+08:00,30.805367085948504,32.06375503540039,30.704694722785018,32.06375503540039,11142,0.0,0.0
2013-08-26 00:00:00+08:00,32.31543662987409,33.57382467784257,31.912750832381754,31.963085174560547,19879,0.0,0.0
2013-08-27 00:00:00+08:00,32.91946227664039,33.17113766500061,31.711408615112305,31.711408615112305,6700,0.0,0.0
2013-08-28 00:00:00+08:00,32.617449504396475,32.617449504396475,30.55368989636452,31.30872344970703,14975,0.0,0.0
2013-08-29 00:00:00+08:00,32.416104164404466,32.416104164404466,31.10738182067871,31.10738182067871,36243,0.0,0.0
2013-08-30 00:00:00+08:00,31.208050465017468,32.164428738185336,30.855702709300843,31.711408615112305,34992,0.0,0.0
2013-09-02 00:00:00+08:00,31.661071200233824,32.11409133206566,31.409395807007648,31.45973014831543,5747,0.0,0.0
2013-09-03 00:00:00+08:00,31.71141034906561,33.47315291066654,31.71141034906561,33.22147750854492,12300,0.0,0.0
2013-09-04 00:00:00+08:00,32.46644138887328,33.22147490954475,32.063755615619456,32.41610336303711,18350,0.0,0.0
2013-09-05 00:00:00+08:00,32.3154366748407,32.41610535933836,31.51006507873535,31.51006507873535,28340,0.0,0.0
2013-09-06 00:00:00+08:00,31.56040313765717,31.711409851234475,31.208051681518555,31.208051681518555,30082,0.0,0.0
2013-09-09 00:00:00+08:00,31.2080517920345,31.2080517920345,30.755033493041992,30.755033493041992,2888,0.0,0.0
2013-09-10 00:00:00+08:00,30.906039588619038,31.107382484520123,30.201342217980702,30.251676559448242,23813,0.0,0.0
2013-09-11 00:00:00+08:00,31.20805054906552,31.20805054906552,30.201341619539022,30.35234832763672,10125,0.0,0.0
2013-09-12 00:00:00+08:00,30.251675960009187,30.40268266810688,30.251675960009187,30.35234832763672,7774,0.0,0.0
2013-09-13 00:00:00+08:00,30.40268267765944,30.503355045318603,30.20134162902832,30.20134162902832,16135,0.0,0.0
2013-09-16 00:00:00+08:00,30.352348856117313,31.157716751098633,30.201342145390363,31.157716751098633,9605,0.0,0.0
2013-09-17 00:00:00+08:00,31.157716787990687,31.862416001113278,30.35234889205578,30.704696655273438,17483,0.0,0.0
2013-09-18 00:00:00+08:00,31.510065252342233,31.510065252342233,30.402683909955364,30.453020095825195,6252,0.0,0.0
2013-09-23 00:00:00+08:00,31.05704443099104,31.20805114195757,30.503355615238625,30.55368995666504,5580,0.0,0.0
2013-09-24 00:00:00+08:00,30.453019455349327,31.107382484520123,30.251676559448242,30.251676559448242,11994,0.0,0.0
2013-09-25 00:00:00+08:00,30.251677180212393,30.604026794433594,30.251677180212393,30.604026794433594,4725,0.0,0.0
2013-09-26 00:00:00+08:00,31.00671076701863,31.00671076701863,30.453020095825195,30.453020095825195,8119,0.0,0.0
2013-09-27 00:00:00+08:00,30.302012134396293,30.70469607475034,30.302012134396293,30.503355026245117,6552,0.0,0.0
2013-09-30 00:00:00+08:00,30.302012134396293,30.85570278280106,30.302012134396293,30.503355026245117,3409,0.0,0.0
2013-10-01 00:00:00+08:00,30.704697338486998,30.704697338486998,30.453020095825195,30.453020095825195,2688,0.0,0.0
2013-10-02 00:00:00+08:00,30.453018814580652,30.956375122070312,30.453018814580652,30.956375122070312,7369,0.0,0.0
2013-10-03 00:00:00+08:00,31.459730067031078,32.76845611783739,31.20805098776791,32.51677703857422,28061,0.0,0.0
2013-10-04 00:00:00+08:00,32.21476433426305,32.21476433426305,31.208051681518555,31.208051681518555,8789,0.0,0.0
2013-10-07 00:00:00+08:00,30.95637573567878,31.610736920707936,30.654362313867278,30.704696655273438,4224,0.0,0.0
2013-10-08 00:00:00+08:00,30.704696655273438,30.704696655273438,30.704696655273438,30.704696655273438,1208,0.0,0.0
2013-10-09 00:00:00+08:00,31.308722887760002,31.308722887760002,30.704696055927414,30.805368423461914,4664,0.0,0.0
2013-10-11 00:00:00+08:00,30.755032239694664,30.805368423461914,30.704696055927414,30.805368423461914,3154,0.0,0.0
2013-10-14 00:00:00+08:00,30.805368423461914,31.409395255294502,30.805368423461914,30.805368423461914,8063,0.0,0.0
2013-10-15 00:00:00+08:00,30.95637573567878,31.459730209802185,30.704696655273438,30.704696655273438,12667,0.0,0.0
2013-10-16 00:00:00+08:00,30.70469608430227,30.805368451929805,30.35234832763672,30.35234832763672,10703,0.0,0.0
2013-10-17 00:00:00+08:00,30.402683233461936,30.704696655273438,30.402683233461936,30.704696655273438,3944,0.0,0.0
2013-10-18 00:00:00+08:00,30.704696618917776,31.359057803172142,30.503355566844267,31.157716751098633,11143,0.0,0.0
2013-10-21 00:00:00+08:00,30.704696065292513,30.704696065292513,30.2516759412799,30.654361724853516,9362,0.0,0.0
2013-10-22 00:00:00+08:00,30.302012125062504,30.704696065292513,30.302012125062504,30.654361724853516,12479,0.0,0.0
2013-10-23 00:00:00+08:00,30.503356142616017,31.661071822250477,30.503356142616017,31.208051681518555,8063,0.0,0.0
2013-10-24 00:00:00+08:00,30.453018842447012,31.107381858447994,30.453018842447012,30.503355026245117,7102,0.0,0.0
2013-10-25 00:00:00+08:00,30.503356157318056,31.057044982910156,30.30201325800338,31.057044982910156,7001,0.0,0.0
2013-10-28 00:00:00+08:00,31.057044982910156,31.057044982910156,30.704697213289062,31.057044982910156,5973,0.0,0.0
2013-10-29 00:00:00+08:00,30.453020080245032,31.107383122843352,30.453020080245032,30.604026794433594,9493,0.0,0.0
2013-10-30 00:00:00+08:00,30.704696055927414,30.805368423461914,30.553689347969268,30.805368423461914,11265,0.0,0.0
2013-10-31 00:00:00+08:00,30.503355602961527,30.95637573567878,30.503355602961527,30.704696655273438,1670,0.0,0.0
2013-11-01 00:00:00+08:00,30.55369057778444,30.90604019165039,30.50335623533479,30.90604019165039,2795,0.0,0.0
2013-11-04 00:00:00+08:00,30.704696655273438,31.10738244658453,30.35234889205578,30.704696655273438,14263,0.0,0.0
2013-11-05 00:00:00+08:00,30.75503350862215,30.75503350862215,30.503356266089114,30.604026794433594,11877,0.0,0.0
2013-11-06 00:00:00+08:00,30.704697307223412,30.956376392972633,30.704697307223412,30.755033493041992,3553,0.0,0.0
2013-11-07 00:00:00+08:00,31.006709462478756,31.006709462478756,30.755032230405728,30.956375122070312,7222,0.0,0.0
2013-11-08 00:00:00+08:00,31.208050520225502,31.208050520225502,30.805368423461914,30.805368423461914,12096,0.0,0.0
2013-11-11 00:00:00+08:00,30.80536903717168,30.80536903717168,30.45301943046857,30.55368995666504,10867,0.0,0.0
2013-11-12 00:00:00+08:00,30.70469729182075,31.006710719893373,30.55369057778444,30.90604019165039,12870,0.0,0.0
2013-11-13 00:00:00+08:00,28.791945071892464,30.85570280209486,28.791945071892464,30.20134162902832,16189,0.0,0.0
2013-11-14 00:00:00+08:00,29.84899202890845,30.70469609394972,29.84899202890845,30.20134162902832,10562,0.0,0.0
2013-11-15 00:00:00+08:00,28.741608925106963,30.151005484059343,28.741608925106963,29.597314834594727,3271,0.0,0.0
2013-11-18 00:00:00+08:00,29.496642392262242,30.805368423461914,29.496642392262242,30.805368423461914,2781,0.0,0.0
2013-11-19 00:00:00+08:00,30.704696655273438,30.704696655273438,30.704696655273438,30.704696655273438,220,0.0,0.0
2013-11-20 00:00:00+08:00,30.704695447423408,30.704695447423408,29.69798469543457,29.69798469543457,756,0.0,0.0
2013-11-21 00:00:00+08:00,29.697985937217826,29.798656463623047,29.697985937217826,29.798656463623047,981,0.0,0.0
2013-11-22 00:00:00+08:00,30.20134162902832,30.20134162902832,30.20134162902832,30.20134162902832,758,0.0,0.0
2013-11-25 00:00:00+08:00,30.201341688018484,30.201341688018484,28.187918294369382,29.29530143737793,21613,0.0,0.0
2013-11-26 00:00:00+08:00,29.093959129786953,29.39597255273749,28.74160952189678,29.34563636779785,5951,0.0,0.0
2013-11-27 00:00:00+08:00,29.748322060405986,30.80536903717168,29.395972453702875,30.55368995666504,11064,0.0,0.0
2013-11-28 00:00:00+08:00,29.748321552765674,30.503355094714042,29.29530142759665,29.446308135986328,7527,0.0,0.0
2013-11-29 00:00:00+08:00,30.050336170107858,30.1510066986084,29.5973160268399,30.1510066986084,3220,0.0,0.0
2013-12-02 00:00:00+08:00,29.899328833371914,30.201342255931227,29.697985937217826,29.798656463623047,4043,0.0,0.0
2013-12-03 00:00:00+08:00,30.151005445198738,30.45301886148902,30.151005445198738,30.20134162902832,8635,0.0,0.0
2013-12-04 00:00:00+08:00,29.89932882072195,30.302012769516118,29.89932882072195,29.949663162231445,6244,0.0,0.0
2013-12-05 00:00:00+08:00,30.20134288453051,30.25167722710894,30.10067051268629,30.1510066986084,5184,0.0,0.0
2013-12-06 00:00:00+08:00,29.949663137268434,30.251676559448242,28.74160944854921,30.251676559448242,9184,0.0,0.0
2013-12-09 00:00:00+08:00,30.100669836000822,30.906039575930887,30.100669836000822,30.40268325805664,8001,0.0,0.0
2013-12-10 00:00:00+08:00,30.20134223050395,30.453019467976937,30.100669860839844,30.100669860839844,7566,0.0,0.0
2013-12-11 00:00:00+08:00,30.25167722710894,31.057045141800632,30.1510066986084,30.1510066986084,11529,0.0,0.0
2013-12-12 00:00:00+08:00,30.201342193305567,30.654362326205153,29.94966311279893,30.55368995666504,8324,0.0,0.0
2013-12-13 00:00:00+08:00,30.302012153343878,30.302012153343878,30.151005445198738,30.20134162902832,4557,0.0,0.0
2013-12-16 00:00:00+08:00,30.251676559448242,30.352348929070605,30.251676559448242,30.251676559448242,4054,0.0,0.0
2013-12-17 00:00:00+08:00,30.604025560018343,30.604025560018343,30.35234832763672,30.35234832763672,7913,0.0,0.0
2013-12-18 00:00:00+08:00,29.748322725737264,30.302013397216797,29.748322725737264,30.302013397216797,2532,0.0,0.0
2013-12-19 00:00:00+08:00,30.55368935728831,31.157716189305127,30.2516759412799,30.654361724853516,11703,0.0,0.0
2013-12-20 00:00:00+08:00,30.654361670097096,32.01342203970731,30.654361670097096,31.560401916503906,19408,0.0,0.0
2013-12-23 00:00:00+08:00,32.013423263107825,32.013423263107825,31.00671061084387,31.359058380126953,18907,0.0,0.0
2013-12-24 00:00:00+08:00,31.81207729578151,31.81207729578151,31.208050465017468,31.711408615112305,9378,0.0,0.0
2013-12-25 00:00:00+08:00,31.711409192449402,31.912750244140625,30.855703271058978,31.912750244140625,22272,0.0,0.0
2013-12-26 00:00:00+08:00,31.912750256028716,32.466442756744925,31.711409204262488,31.761743545532227,11340,0.0,0.0
2013-12-27 00:00:00+08:00,31.711409851234475,31.812078535827784,31.208051681518555,31.208051681518555,19008,0.0,0.0
2013-12-30 00:00:00+08:00,31.208051068401982,31.45973014831543,31.208051068401982,31.45973014831543,7702,0.0,0.0
2013-12-31 00:00:00+08:00,31.308724023052683,32.21476430365569,31.308724023052683,31.51006507873535,11654,0.0,0.0
2014-01-02 00:00:00+08:00,31.510064501702608,31.91275029238104,31.30872344970703,31.30872344970703,13370,0.0,0.0
2014-01-03 00:00:00+08:00,31.81207728671325,31.862415313720703,31.208050456121388,31.862415313720703,6007,0.0,0.0
2014-01-06 00:00:00+08:00,32.265098407274124,34.077178955078125,32.21476406539757,34.077178955078125,52967,0.0,0.0
2014-01-07 00:00:00+08:00,36.44295120239258,36.44295120239258,36.44295120239258,36.44295120239258,44421,0.0,0.0
2014-01-08 00:00:00+08:00,38.95973205566406,38.95973205566406,38.95973205566406,38.95973205566406,30690,0.0,0.0
2014-01-09 00:00:00+08:00,41.677851583808504,41.677851583808504,36.845636907424904,37.651004791259766,145201,0.0,0.0
2014-01-10 00:00:00+08:00,37.65100344313179,39.51341822074013,37.65100344313179,38.758384704589844,104795,0.0,0.0
2014-01-13 00:00:00+08:00,38.75838475268007,38.75838475268007,37.04697667617833,37.24831771850586,53988,0.0,0.0
2014-01-14 00:00:00+08:00,36.744964074133,36.744964074133,35.33556937359749,35.486576080322266,51152,0.0,0.0
2014-01-15 00:00:00+08:00,35.88926002241438,36.6946316242218,35.83892567980918,36.24161148071289,31710,0.0,0.0
2014-01-16 00:00:00+08:00,36.24160884895532,37.65100351974122,36.191270823318156,36.34227752685547,24984,0.0,0.0
2014-01-17 00:00:00+08:00,36.34227829397121,36.34227829397121,35.38590371361002,35.486576080322266,19449,0.0,0.0
2014-01-20 00:00:00+08:00,35.234898949684656,35.939598182152054,35.0335578918457,35.0335578918457,16349,0.0,0.0
2014-01-21 00:00:00+08:00,34.88254854623091,35.88925744619509,34.73154184256757,35.43623733520508,22559,0.0,0.0
2014-01-22 00:00:00+08:00,35.78859068126738,36.2416108164733,35.4362392294268,35.58724594116211,10239,0.0,0.0
2014-01-23 00:00:00+08:00,35.234896292549664,35.88925744619509,35.234896292549664,35.43623733520508,5195,0.0,0.0
2014-01-24 00:00:00+08:00,36.1912722103525,36.1912722103525,35.23489761352539,35.23489761352539,16169,0.0,0.0
2014-01-27 00:00:00+08:00,34.53019789576034,35.083890383969575,33.97650909423828,33.97650909423828,26383,0.0,0.0
2014-02-05 00:00:00+08:00,31.812077851583503,33.22147627244859,31.812077851583503,32.21476364135742,19267,0.0,0.0
2014-02-06 00:00:00+08:00,32.718119199105885,34.42953109741211,32.718119199105885,34.42953109741211,23675,0.0,0.0
2014-02-07 00:00:00+08:00,36.19127351598641,36.19127351598641,35.234898884657184,35.6375846862793,37735,0.0,0.0
2014-02-10 00:00:00+08:00,35.184565273653675,35.73825411487519,33.97651153035226,34.47986602783203,14411,0.0,0.0
2014-02-11 00:00:00+08:00,34.22818631952386,35.73825347146424,33.221477342688516,34.731544494628906,13095,0.0,0.0
2014-02-12 00:00:00+08:00,34.53019782920476,35.285231363176976,34.53019782920476,35.18456268310547,10840,0.0,0.0
2014-02-13 00:00:00+08:00,35.33557199156635,35.33557199156635,34.47986602783203,34.47986602783203,14449,0.0,0.0
2014-02-14 00:00:00+08:00,34.479864617332304,36.644292923309244,34.479864617332304,35.58724594116211,27678,0.0,0.0
2014-02-17 00:00:00+08:00,36.241612258813525,36.241612258813525,34.37919361549953,34.78187942504883,8385,0.0,0.0
2014-02-18 00:00:00+08:00,34.781878709053515,35.939598083496094,34.781878709053515,35.939598083496094,8871,0.0,0.0
2014-02-19 00:00:00+08:00,35.939595461707434,35.939595461707434,35.23489628258218,35.738250732421875,27450,0.0,0.0
2014-02-20 00:00:00+08:00,35.73825145086219,36.74496405746646,35.73825145086219,35.78858947753906,30060,0.0,0.0
2014-02-21 00:00:00+08:00,35.78858870992885,37.24831771850586,35.78858870992885,37.24831771850586,40100,0.0,0.0
2014-02-24 00:00:00+08:00,36.99664233726822,37.24831771850586,36.54362222701596,37.24831771850586,32422,0.0,0.0
2014-02-25 00:00:00+08:00,37.248317708965175,38.7583847427526,37.248317708965175,37.550331115722656,39360,0.0,0.0
2014-02-26 00:00:00+08:00,38.003351225858886,38.10402359034041,36.2919431497955,37.550331115722656,32115,0.0,0.0
2014-02-27 00:00:00+08:00,37.70134116930167,38.10402697632397,36.59395980834961,36.59395980834961,25443,0.0,0.0
2014-03-03 00:00:00+08:00,36.59395789072511,37.2986570944141,36.59395789072511,36.744964599609375,20606,0.0,0.0
2014-03-04 00:00:00+08:00,37.09731103456234,37.14764906018597,36.644290924072266,36.644290924072266,15648,0.0,0.0
2014-03-05 00:00:00+08:00,36.69462966918945,37.248318468409096,36.241609549816744,36.69462966918945,31813,0.0,0.0
2014-03-06 00:00:00+08:00,37.24832015135182,39.26174545288086,37.1476514669565,39.26174545288086,79501,0.0,0.0
2014-03-07 00:00:00+08:00,41.97986602783203,41.97986602783203,41.97986602783203,41.97986602783203,96099,0.0,0.0
2014-03-10 00:00:00+08:00,44.89932632446289,44.89932632446289,44.89932632446289,44.89932632446289,51391,0.0,0.0
2014-03-11 00:00:00+08:00,48.02013397216797,48.02013397216797,48.02013397216797,48.02013397216797,68117,0.0,0.0
2014-03-12 00:00:00+08:00,51.34227947429852,51.34227947429852,48.32214538757508,50.28523254394531,574234,0.0,0.0
2014-03-13 00:00:00+08:00,49.832214944133796,50.08389033959546,47.818789660316654,49.88254928588867,214596,0.0,0.0
2014-03-14 00:00:00+08:00,49.58053516466253,52.348990282615205,49.127515035178234,51.342281341552734,164906,0.0,0.0
2014-03-17 00:00:00+08:00,52.3489921428085,52.3489921428085,50.335570502450445,52.09731674194336,103845,0.0,0.0
2014-03-18 00:00:00+08:00,52.348990282615205,52.8523484398337,51.09060226294349,51.342281341552734,115308,0.0,0.0
2014-03-19 00:00:00+08:00,51.342282091288325,52.348991047051456,49.429529176638674,49.580535888671875,87824,0.0,0.0
2014-03-20 00:00:00+08:00,49.58053343178431,50.335566954535786,48.47315216064453,48.47315216064453,51932,0.0,0.0
2014-03-21 00:00:00+08:00,48.47315273571281,48.82550048828125,48.070466956572325,48.82550048828125,50855,0.0,0.0
2014-03-24 00:00:00+08:00,48.57382143096537,48.62415945755345,46.81207898087444,48.52348709106445,55005,0.0,0.0
2014-03-25 00:00:00+08:00,47.71811906164952,51.84563446044922,47.71811906164952,51.84563446044922,66533,0.0,0.0
2014-03-26 00:00:00+08:00,54.61408950622726,54.61408950622726,49.83221294412766,51.84563446044922,104095,0.0,0.0
2014-03-27 00:00:00+08:00,51.09060103573968,51.09060103573968,49.379192927691946,49.73154067993164,55679,0.0,0.0
2014-03-28 00:00:00+08:00,49.731542600705076,50.58724853112232,49.37919483485671,49.580535888671875,30936,0.0,0.0
2014-03-31 00:00:00+08:00,49.58053650729969,49.83221559272439,48.82550293771296,49.328857421875,21817,0.0,0.0
2014-04-01 00:00:00+08:00,49.42952669154631,49.58053339598757,49.37919235229492,49.37919235229492,20331,0.0,0.0
2014-04-02 00:00:00+08:00,49.37919353222649,50.33556812097836,49.37919353222649,49.479862213134766,18086,0.0,0.0
2014-04-03 00:00:00+08:00,49.3791942021933,50.23489643495967,49.0771807819964,50.13422775268555,36672,0.0,0.0
2014-04-07 00:00:00+08:00,50.13422777580492,50.13422777580492,49.429528566124766,49.83221435546875,11136,0.0,0.0
2014-04-08 00:00:00+08:00,48.92617572286854,52.60067123036102,48.92617572286854,52.09731674194336,75649,0.0,0.0
2014-04-09 00:00:00+08:00,55.36912303568374,55.36912303568374,51.59395538840134,51.84563446044922,67936,0.0,0.0
2014-04-10 00:00:00+08:00,52.348990909496834,52.348990909496834,50.33556931657382,51.09060287475586,38073,0.0,0.0
2014-04-11 00:00:00+08:00,50.234897051547385,51.342282063653,49.32885677983586,49.88254928588867,27264,0.0,0.0
2014-04-14 00:00:00+08:00,49.580535888671875,50.28523510705592,49.580535888671875,49.580535888671875,16345,0.0,0.0
2014-04-15 00:00:00+08:00,49.58053527629285,49.83221435546875,49.328856197116956,49.83221435546875,12710,0.0,0.0
2014-04-16 00:00:00+08:00,49.530202164889694,50.28523573447643,49.328857421875,49.328857421875,14025,0.0,0.0
2014-04-17 00:00:00+08:00,49.32885432635642,50.184560213752654,49.32885432635642,49.37919235229492,17500,0.0,0.0
2014-04-18 00:00:00+08:00,49.47986293038092,49.78187635085807,49.47986293038092,49.53020095825195,7510,0.0,0.0
2014-04-21 00:00:00+08:00,49.73154319053704,49.83221556198228,49.6308708190918,49.6308708190918,5898,0.0,0.0
2014-04-22 00:00:00+08:00,49.42952785393182,49.832213637473814,49.32885548637453,49.78187561035156,9639,0.0,0.0
2014-04-23 00:00:00+08:00,49.328855562613015,49.429527930325904,48.573822021484375,48.573822021484375,31315,0.0,0.0
2014-04-24 00:00:00+08:00,48.82550048828125,49.83221309278887,48.57382141548255,48.82550048828125,26533,0.0,0.0
2014-04-25 00:00:00+08:00,49.580535394900075,49.580535394900075,46.81208026409149,48.322147369384766,32499,0.0,0.0
2014-04-28 00:00:00+08:00,46.35906086152768,47.768455619735896,46.35906086152768,46.560401916503906,9540,0.0,0.0
2014-04-29 00:00:00+08:00,46.56039996925429,48.07046703514024,46.30872089604424,47.315433502197266,27864,0.0,0.0
2014-04-30 00:00:00+08:00,46.45972820126317,47.214761743934694,46.45972820126317,47.06375503540039,5381,0.0,0.0
2014-05-02 00:00:00+08:00,46.560399424326256,47.56711201869704,46.308720354061784,46.35905838012695,8066,0.0,0.0
2014-05-05 00:00:00+08:00,45.805367300544056,45.805367300544056,43.13758087158203,43.13758087158203,91213,0.0,0.0
2014-05-06 00:00:00+08:00,41.32549929280783,42.78523200863092,40.1677836747603,41.5268440246582,132287,0.0,0.0
2014-05-07 00:00:00+08:00,41.37583985348693,41.8791943405703,40.369127192632824,41.12416076660156,30336,0.0,0.0
2014-05-08 00:00:00+08:00,42.1308727960517,42.6845616175392,41.37583923339844,41.37583923339844,14207,0.0,0.0
2014-05-09 00:00:00+08:00,42.78523200863092,42.78523200863092,41.42617165873301,41.5268440246582,29376,0.0,0.0
2014-05-12 00:00:00+08:00,41.778522001607755,42.43288689069114,40.822147369384766,40.822147369384766,13248,0.0,0.0
2014-05-13 00:00:00+08:00,41.27516610269513,41.929527282714844,41.12415939294541,41.929527282714844,13263,0.0,0.0
2014-05-14 00:00:00+08:00,41.42617226561776,41.57717897337419,41.27516555786133,41.27516555786133,24972,0.0,0.0
2014-05-15 00:00:00+08:00,40.318789716150796,41.17449190901429,40.01677631003731,40.26845169067383,34342,0.0,0.0
2014-05-16 00:00:00+08:00,40.218118755053915,40.26845309559992,38.4563725956973,38.85905838012695,68352,0.0,0.0
2014-05-19 00:00:00+08:00,38.85905965523759,40.067113361480075,38.80872531303993,39.26174545288086,28098,0.0,0.0
2014-05-20 00:00:00+08:00,39.110738001622714,40.21811931588744,39.110738001622714,39.51342010498047,9646,0.0,0.0
2014-05-21 00:00:00+08:00,39.513421408014636,40.21812064216048,39.463087065106855,39.61409378051758,15779,0.0,0.0
2014-05-22 00:00:00+08:00,40.26845236754816,41.275164967077366,40.218118027912205,41.224830627441406,23370,0.0,0.0
2014-05-23 00:00:00+08:00,41.275164967077366,42.03019849505248,41.224830627441406,41.224830627441406,24341,0.0,0.0
2014-05-26 00:00:00+08:00,41.27516662823515,44.09395980834961,41.27516662823515,44.09395980834961,50544,0.0,0.0
2014-05-27 00:00:00+08:00,45.45302018665132,45.5536888699155,42.83556806141143,44.395973205566406,78306,0.0,0.0
2014-05-28 00:00:00+08:00,44.395971304727496,45.25167350927209,44.04361986832713,44.244964599609375,29173,0.0,0.0
2014-05-29 00:00:00+08:00,45.80536710583034,47.31543419378835,44.29530001787234,45.8557014465332,71746,0.0,0.0
2014-05-30 00:00:00+08:00,45.5536880908874,45.5536880908874,44.79865454588167,44.94966125488281,22410,0.0,0.0
2014-06-03 00:00:00+08:00,44.94966268045244,45.30201413708802,43.842281341552734,43.842281341552734,30297,0.0,0.0
2014-06-04 00:00:00+08:00,43.842281894794965,45.251676679060296,43.64094083609632,44.19462966918945,30722,0.0,0.0
2014-06-05 00:00:00+08:00,43.59060280640611,44.79865653197279,43.59060280640611,44.19462966918945,22644,0.0,0.0
2014-06-06 00:00:00+08:00,44.79865573141712,46.30872286139044,44.19462887942779,46.25838851928711,30031,0.0,0.0
2014-06-09 00:00:00+08:00,45.805365963673424,45.855700303121196,44.34563325281672,44.84899139404297,15480,0.0,0.0
2014-06-10 00:00:00+08:00,45.05033439353273,46.2583880862012,44.395973205566406,44.395973205566406,29867,0.0,0.0
2014-06-11 00:00:00+08:00,45.05033439353273,45.45302018665132,44.144294124031376,44.395973205566406,26496,0.0,0.0
2014-06-12 00:00:00+08:00,44.798655285988936,45.45302016026265,43.94295304530376,44.6979866027832,31310,0.0,0.0
2014-06-13 00:00:00+08:00,45.25167598603505,45.45302072833752,44.798655845885506,45.05033493041992,22293,0.0,0.0
2014-06-16 00:00:00+08:00,45.80536595064318,45.80536595064318,44.7986533551642,45.151004791259766,22555,0.0,0.0
2014-06-17 00:00:00+08:00,44.84899393443936,45.30201407519128,44.44630813598633,44.44630813598633,24333,0.0,0.0
2014-06-18 00:00:00+08:00,45.25167350927209,45.25167350927209,44.04361986832713,44.244964599609375,16268,0.0,0.0
2014-06-19 00:00:00+08:00,43.84228070086426,45.25167544674838,43.84228070086426,44.395973205566406,39935,0.0,0.0
2014-06-20 00:00:00+08:00,44.39597444914229,44.546981164955696,43.892616271972656,43.892616271972656,17194,0.0,0.0
2014-06-23 00:00:00+08:00,43.79194508545327,44.395971914218144,43.79194508545327,43.9932861328125,27490,0.0,0.0
2014-06-24 00:00:00+08:00,44.5469799433669,44.89932770837348,44.09395980834961,44.09395980834961,27648,0.0,0.0
2014-06-25 00:00:00+08:00,43.94295309667718,44.64764862669033,43.94295309667718,44.09395980834961,7124,0.0,0.0
2014-06-26 00:00:00+08:00,44.09395784397062,47.16442628229204,44.09395784397062,45.45301818847656,109942,0.0,0.0
2014-06-27 00:00:00+08:00,45.75503163741807,45.75503163741807,44.14429222106649,44.54697799682617,74431,0.0,0.0
2014-06-30 00:00:00+08:00,44.546979840596514,45.55368879163203,44.395973129272456,45.3020133972168,16896,0.0,0.0
2014-07-01 00:00:00+08:00,45.302013448766765,45.302013448766765,44.597314232890184,44.6979866027832,19297,0.0,0.0
2014-07-02 00:00:00+08:00,45.201342167064986,46.00671008553598,44.7986563644858,45.70469665527344,36214,0.0,0.0
2014-07-03 00:00:00+08:00,45.704696096405456,45.8053684674911,45.30201398543757,45.35234832763672,10468,0.0,0.0
2014-07-04 00:00:00+08:00,45.35234697944294,46.308721572920604,45.30201263874009,45.8557014465332,30356,0.0,0.0
2014-07-07 00:00:00+08:00,45.75503276512749,46.057046182719084,45.5536880289416,45.8557014465332,21403,0.0,0.0
2014-07-08 00:00:00+08:00,45.755033531188964,45.755033531188964,44.29530075949399,45.3020133972168,21569,0.0,0.0
2014-07-09 00:00:00+08:00,45.80536787273455,46.30872234825231,45.3020133972168,45.3020133972168,15161,0.0,0.0
2014-07-10 00:00:00+08:00,44.99999924127564,46.81207974763573,44.99999924127564,45.553688049316406,26059,0.0,0.0
2014-07-11 00:00:00+08:00,45.302013927567884,48.724830299859235,45.2516758987457,45.95637512207031,71319,0.0,0.0
2014-07-14 00:00:00+08:00,45.805365900219954,46.71140612914752,45.805365900219954,46.35905838012695,12902,0.0,0.0
2014-07-15 00:00:00+08:00,47.06375623038216,49.02684349117229,46.45972938090827,48.37248229980469,40954,0.0,0.0
2014-07-16 00:00:00+08:00,48.37248270751263,51.59395803629649,47.768455852947696,50.23489761352539,248448,0.0,0.0
2014-07-17 00:00:00+08:00,49.3288563151221,49.530201053619386,47.91946157907747,48.322147369384766,169411,0.0,0.0
2014-07-18 00:00:00+08:00,47.91946026550478,48.82550050384429,47.86912592560387,48.52348709106445,23153,0.0,0.0
2014-07-21 00:00:00+08:00,48.07046949046971,49.32885754742119,47.86912843362994,48.12080383300781,15131,0.0,0.0
2014-07-22 00:00:00+08:00,49.07718211623262,49.07718211623262,47.46644260249638,48.42281723022461,24524,0.0,0.0
2014-07-23 00:00:00+08:00,48.42281723022461,48.42281723022461,48.42281723022461,48.42281723022461,0,0.0,0.0
2014-07-24 00:00:00+08:00,47.41610524049,48.92617228636547,47.41610524049,48.171138763427734,32734,0.0,0.0
2014-07-25 00:00:00+08:00,47.56711194507754,48.82549992107807,47.56711194507754,48.171138763427734,9816,0.0,0.0
2014-07-28 00:00:00+08:00,48.875836159568856,48.976508528768136,47.96979589683715,48.62416076660156,12678,0.0,0.0
2014-07-29 00:00:00+08:00,48.62416079044342,48.62416079044342,47.365769078240845,48.322147369384766,21523,0.0,0.0
2014-07-30 00:00:00+08:00,48.32214857653495,49.02684411881785,48.020135147931605,48.12080383300781,10663,0.0,0.0
2014-07-31 00:00:00+08:00,48.120803771012895,48.825502999075276,48.120803771012895,48.724830627441406,13423,0.0,0.0
2014-08-01 00:00:00+08:00,47.81878785384811,50.285233180345166,47.81878785384811,49.429527282714844,29844,0.0,0.0
2014-08-04 00:00:00+08:00,50.0838902349507,52.348990909496834,49.42952904675536,51.09060287475586,78904,0.0,0.0
2014-08-05 00:00:00+08:00,50.58724847699222,50.58724847699222,49.882549259362236,50.18456268310547,43591,0.0,0.0
2014-08-06 00:00:00+08:00,49.93288169584343,51.09060100491415,49.68120631011856,50.335567474365234,35074,0.0,0.0
2014-08-07 00:00:00+08:00,50.33556931657382,51.09060287475586,50.18456260493741,51.09060287475586,39360,0.0,0.0
2014-08-08 00:00:00+08:00,50.18456189744121,52.85234832763672,50.18456189744121,52.85234832763672,114592,0.0,0.0
2014-08-11 00:00:00+08:00,52.85234685712208,56.37583541870117,52.85234685712208,56.37583541870117,363259,0.0,0.0
2014-08-12 00:00:00+08:00,56.12415856140005,56.12415856140005,52.600669860839844,52.600669860839844,108508,0.0,0.0
2014-08-13 00:00:00+08:00,48.92617416381836,48.92617416381836,48.92617416381836,48.92617416381836,46272,0.0,0.0
2014-08-14 00:00:00+08:00,45.503355317847074,52.09731640030847,45.503355317847074,48.42281723022461,504968,0.0,0.0
2014-08-15 00:00:00+08:00,47.1140951209569,47.26510183608817,45.30201453938163,45.70469665527344,152163,0.0,0.0
2014-08-18 00:00:00+08:00,47.265099244575225,47.265099244575225,45.80536651611328,45.80536651611328,77981,0.0,0.0
2014-08-19 00:00:00+08:00,46.308723761542886,46.40939613439376,43.18792075672716,43.59060287475586,121801,0.0,0.0
2014-08-20 00:00:00+08:00,43.5906016973604,44.09395986133151,42.83556813809102,43.489933013916016,62798,0.0,0.0
2014-08-21 00:00:00+08:00,42.83556634824994,43.087245419719345,41.5268440246582,41.5268440246582,102129,0.0,0.0
2014-08-22 00:00:00+08:00,41.3758392057557,42.73489961762359,41.275166835240086,41.677852630615234,74703,0.0,0.0
2014-08-25 00:00:00+08:00,41.82885730549441,44.54697799682617,41.82885730549441,44.54697799682617,69532,0.0,0.0
2014-08-26 00:00:00+08:00,47.61744689941406,47.61744689941406,46.30872088052251,47.61744689941406,149058,0.0,0.0
2014-08-27 00:00:00+08:00,47.96979466851879,49.32885502781614,46.66107233587575,47.315433502197266,94842,0.0,0.0
2014-08-28 00:00:00+08:00,46.81208026409149,48.62416079044342,46.81208026409149,48.322147369384766,40931,0.0,0.0
2014-08-29 00:00:00+08:00,50.33556688316167,51.593954857067395,48.372479726791425,50.28523254394531,99924,0.0,0.0
2014-09-01 00:00:00+08:00,49.077178955078125,50.335566930158784,48.72482752017333,49.077178955078125,42432,0.0,0.0
2014-09-02 00:00:00+08:00,48.82550181831285,50.08388984321113,48.372481686947,48.62416076660156,22899,0.0,0.0
2014-09-03 00:00:00+08:00,48.22147561504281,48.92617483539489,48.07046890258789,48.07046890258789,17557,0.0,0.0
2014-09-04 00:00:00+08:00,46.8120796066438,47.667781829833984,46.8120796066438,47.667781829833984,43776,0.0,0.0
2014-09-05 00:00:00+08:00,47.31543604558519,47.66778381766957,46.912750244140625,46.912750244140625,10010,0.0,0.0
2014-09-09 00:00:00+08:00,46.91274906611851,47.56711393787015,46.61073564429076,46.81208038330078,8809,0.0,0.0
2014-09-10 00:00:00+08:00,46.006707631050105,46.006707631050105,44.19462714615044,44.597312927246094,55872,0.0,0.0
2014-09-11 00:00:00+08:00,44.59731351687128,45.30201272143377,44.59731351687128,44.647647857666016,12440,0.0,0.0
2014-09-12 00:00:00+08:00,44.29530145245596,44.29530145245596,43.79194696906365,44.14429473876953,11830,0.0,0.0
2014-09-15 00:00:00+08:00,44.144293410488025,44.79865458787733,44.144293410488025,44.34563446044922,4885,0.0,0.0
2014-09-16 00:00:00+08:00,44.34563573501961,44.79865587546831,44.34563573501961,44.748321533203125,6494,0.0,0.0
2014-09-17 00:00:00+08:00,44.29530194118865,45.100669860839844,44.29530194118865,45.100669860839844,5041,0.0,0.0
2014-09-18 00:00:00+08:00,44.99999930329088,44.99999930329088,44.59731351687128,44.647647857666016,12016,0.0,0.0
2014-09-19 00:00:00+08:00,45.30201150913431,45.805365963673424,44.84899139404297,44.84899139404297,10941,0.0,0.0
2014-09-22 00:00:00+08:00,44.69798468901252,44.84899139404297,43.38925868318626,44.84899139404297,4847,0.0,0.0
2014-09-23 00:00:00+08:00,44.09395849983571,44.69798532860058,43.84227942562128,43.9932861328125,9811,0.0,0.0
2014-09-24 00:00:00+08:00,43.99328867947196,44.043623022553696,43.59060287475586,43.59060287475586,12171,0.0,0.0
2014-09-25 00:00:00+08:00,43.791946547372,43.791946547372,42.28187942504883,42.28187942504883,9216,0.0,0.0
2014-09-26 00:00:00+08:00,42.533554848585034,42.533554848585034,41.77852128693338,41.97986602783203,11565,0.0,0.0
2014-09-29 00:00:00+08:00,41.27516422933364,41.87919104091748,40.82214412064575,41.77851867675781,18431,0.0,0.0
2014-09-30 00:00:00+08:00,43.489933760114546,43.489933760114546,42.03020095825195,42.03020095825195,5184,0.0,0.0
2014-10-01 00:00:00+08:00,42.885904318873536,42.885904318873536,41.828857381436514,42.73489761352539,4169,0.0,0.0
2014-10-02 00:00:00+08:00,41.87919294169402,42.030199651443745,41.77852057296512,41.929527282714844,5376,0.0,0.0
2014-10-03 00:00:00+08:00,42.030199651443745,42.78523320019236,41.929527282714844,41.929527282714844,18816,0.0,0.0
2014-10-06 00:00:00+08:00,42.43288482434067,42.43288482434067,42.13087140922081,42.18120574951172,9888,0.0,0.0
2014-10-07 00:00:00+08:00,43.03691361678002,43.03691361678002,41.778521871948094,42.03020095825195,7027,0.0,0.0
2014-10-08 00:00:00+08:00,42.78523320019236,42.78523320019236,41.929527282714844,41.929527282714844,9670,0.0,0.0
2014-10-09 00:00:00+08:00,41.929527282714844,42.030199651443745,41.929527282714844,41.929527282714844,4678,0.0,0.0
2014-10-13 00:00:00+08:00,40.872478502900805,40.872478502900805,39.76509724271371,40.26845169067383,10752,0.0,0.0
2014-10-14 00:00:00+08:00,39.91610467247454,40.01677703857422,38.75838536573328,40.01677703857422,18624,0.0,0.0
2014-10-15 00:00:00+08:00,40.11744770367773,40.11744770367773,38.909393997435245,39.26174545288086,8871,0.0,0.0
2014-10-16 00:00:00+08:00,37.85234700447307,39.26174545288086,37.85234700447307,39.26174545288086,3517,0.0,0.0
2014-10-17 00:00:00+08:00,38.25503166723015,38.758386134336064,37.04697799682617,37.04697799682617,3234,0.0,0.0
2014-10-20 00:00:00+08:00,37.097311685734944,38.75838545335552,37.097311685734944,38.20469665527344,3264,0.0,0.0
2014-10-21 00:00:00+08:00,37.298657073722744,38.204697326525725,37.04697799682617,37.04697799682617,10573,0.0,0.0
2014-10-22 00:00:00+08:00,37.29865646362305,39.261743645919,37.248318437054785,37.29865646362305,21521,0.0,0.0
2014-10-23 00:00:00+08:00,36.99664557889458,37.24832098218388,36.442953055620755,36.895973205566406,8310,0.0,0.0
2014-10-24 00:00:00+08:00,37.097312978450084,37.097312978450084,36.4932861328125,36.4932861328125,22464,0.0,0.0
2014-10-27 00:00:00+08:00,35.28523067323012,35.38590303802032,33.97650836439305,34.22818374633789,43613,0.0,0.0
2014-10-28 00:00:00+08:00,33.221477978317075,35.43624071907991,33.221477978317075,34.177852630615234,38912,0.0,0.0
2014-10-29 00:00:00+08:00,34.17785248013523,36.24161218041583,34.17785248013523,35.38590621948242,20736,0.0,0.0
2014-10-30 00:00:00+08:00,35.486576691295575,35.7885901099449,35.23489761352539,35.23489761352539,6157,0.0,0.0
2014-10-31 00:00:00+08:00,35.23489761352539,35.486576691295575,34.68120511710588,35.23489761352539,33273,0.0,0.0
2014-11-03 00:00:00+08:00,35.184561943604336,36.99664238705177,35.08388957896155,35.738250732421875,17088,0.0,0.0
2014-11-04 00:00:00+08:00,35.989932458519036,36.54362497491352,35.486577971506925,35.6375846862793,8485,0.0,0.0
2014-11-05 00:00:00+08:00,35.989929800685275,35.989929800685275,35.53690968982341,35.738250732421875,3467,0.0,0.0
2014-11-06 00:00:00+08:00,35.7382527065383,35.7382527065383,34.983219146728516,34.983219146728516,12288,0.0,0.0
2014-11-07 00:00:00+08:00,34.73154375125012,34.983219146728516,32.818790837502895,34.983219146728516,35520,0.0,0.0
2014-11-10 00:00:00+08:00,34.68120381688839,35.687916403539674,33.77516359490837,35.43623733520508,13824,0.0,0.0
2014-11-11 00:00:00+08:00,35.738251517400734,35.738251517400734,34.580535888671875,34.580535888671875,27309,0.0,0.0
2014-11-12 00:00:00+08:00,34.93288365960621,34.93288365960621,34.27852249145508,34.27852249145508,9645,0.0,0.0
2014-11-13 00:00:00+08:00,36.493284220575575,36.644290924072266,35.63758202521906,36.644290924072266,29629,0.0,0.0
2014-11-14 00:00:00+08:00,38.607381548133795,38.607381548133795,35.989933013916016,35.989933013916016,54336,0.0,0.0
2014-11-17 00:00:00+08:00,38.4563733280548,38.4563733280548,35.98993160733476,37.097312927246094,37768,0.0,0.0
2014-11-18 00:00:00+08:00,36.3422775676426,36.3422775676426,35.08388959898172,35.13422393798828,15167,0.0,0.0
2014-11-19 00:00:00+08:00,35.234896292549664,35.48657536088426,33.72482925591629,35.43623733520508,11683,0.0,0.0
2014-11-20 00:00:00+08:00,35.38590368177843,36.14093721472312,35.38590368177843,36.09060287475586,4614,0.0,0.0
2014-11-21 00:00:00+08:00,36.04026486417475,36.09060289085163,34.832211210924484,35.78858947753906,3462,0.0,0.0
2014-11-24 00:00:00+08:00,35.4865760642265,35.78858947753906,34.88254923760136,35.78858947753906,19583,0.0,0.0
2014-11-25 00:00:00+08:00,35.98993252493995,36.140939239991006,34.932885519582534,35.0335578918457,7943,0.0,0.0
2014-11-26 00:00:00+08:00,35.03355527023088,35.03355527023088,34.78187620175019,34.832210540771484,5759,0.0,0.0
2014-11-27 00:00:00+08:00,34.731543165981265,35.68791776339514,34.731543165981265,34.932884216308594,4421,0.0,0.0
2014-11-28 00:00:00+08:00,35.033557925016986,35.033557925016986,34.731544494628906,34.731544494628906,9639,0.0,0.0
2014-12-01 00:00:00+08:00,33.72483247636546,34.63087278486501,33.72483247636546,34.177852630615234,3831,0.0,0.0
2014-12-02 00:00:00+08:00,34.983219146728516,34.983219146728516,34.983219146728516,34.983219146728516,3182,0.0,0.0
2014-12-03 00:00:00+08:00,35.58724594116211,35.58724594116211,35.58724594116211,35.58724594116211,39497,0.0,0.0
2014-12-04 00:00:00+08:00,35.738250732421875,35.738250732421875,35.738250732421875,35.738250732421875,7149,0.0,0.0
2014-12-05 00:00:00+08:00,35.83892372547907,38.204696685913575,35.83892372547907,37.600669860839844,46847,0.0,0.0
2014-12-08 00:00:00+08:00,37.19798472626218,37.19798472626218,36.54362354999276,36.744964599609375,26582,0.0,0.0
2014-12-09 00:00:00+08:00,36.744966418210154,38.00335449229743,36.744966418210154,37.5,15447,0.0,0.0
2014-12-10 00:00:00+08:00,38.70805216594877,40.11744689941406,38.003352955872494,40.11744689941406,59094,0.0,0.0
2014-12-11 00:00:00+08:00,42.83556819101074,42.88590621948242,42.030200289024215,42.88590621948242,98082,0.0,0.0
2014-12-12 00:00:00+08:00,43.79194455096241,45.201339238649396,42.18120513168647,42.73489761352539,140357,0.0,0.0
2014-12-15 00:00:00+08:00,42.68456140041609,44.29530088811214,42.68456140041609,43.79194641113281,49310,0.0,0.0
2014-12-16 00:00:00+08:00,43.79194569356984,43.84228003443682,42.88590543784081,43.741607666015625,99840,0.0,0.0
2014-12-17 00:00:00+08:00,43.84228196353935,44.043623022553696,43.38926181574151,43.59060287475586,22272,0.0,0.0
2014-12-18 00:00:00+08:00,43.590600385897446,43.94295182741387,43.28858697127604,43.389259338378906,46272,0.0,0.0
2014-12-19 00:00:00+08:00,42.88590619280622,43.79194646448522,42.88590619280622,43.18791961669922,18816,0.0,0.0
2014-12-22 00:00:00+08:00,42.88590543784081,43.741607666015625,42.88590543784081,43.741607666015625,16178,0.0,0.0
2014-12-23 00:00:00+08:00,43.79194623545597,45.90604019165039,43.741608207278865,45.90604019165039,76512,0.0,0.0
2014-12-24 00:00:00+08:00,45.553687442464756,46.812079124020194,45.30201205550341,45.80536651611328,62783,0.0,0.0
2014-12-25 00:00:00+08:00,45.70469479988854,45.85570150888969,44.89932691411151,44.94966125488281,34116,0.0,0.0
2014-12-26 00:00:00+08:00,44.94966255926869,45.654361783952645,44.94966255926869,45.05033493041992,22271,0.0,0.0
2014-12-29 00:00:00+08:00,48.12080122252603,51.34228007732617,48.07046688271849,50.335567474365234,249486,0.0,0.0
2014-12-30 00:00:00+08:00,49.630868211814494,52.348988917857824,49.630868211814494,51.84563446044922,128341,0.0,0.0
2014-12-31 00:00:00+08:00,51.845637654390835,54.36241746985394,51.59395856683831,52.09731674194336,133729,0.0,0.0
2015-01-05 00:00:00+08:00,52.852349561948316,53.355704043166334,51.84563691282495,52.34899139404297,43026,0.0,0.0
2015-01-06 00:00:00+08:00,50.58724647358414,52.6006679899057,50.58724647358414,51.84563446044922,53495,0.0,0.0
2015-01-07 00:00:00+08:00,51.845636642670186,55.36912536621094,51.845636642670186,55.36912536621094,137491,0.0,0.0
2015-01-08 00:00:00+08:00,58.38925739153783,59.144290924072266,55.36912326140011,59.144290924072266,284284,0.0,0.0
2015-01-09 00:00:00+08:00,63.17114134650545,63.17114134650545,59.144290924072266,59.144290924072266,397347,0.0,0.0
2015-01-12 00:00:00+08:00,57.1308702092478,59.14429176231307,55.369124046136186,57.38254928588867,180480,0.0,0.0
2015-01-13 00:00:00+08:00,58.389258119548934,59.89932520344566,56.8791910356522,58.892616271972656,114279,0.0,0.0
2015-01-14 00:00:00+08:00,58.89261561839501,58.89261561839501,57.382548551256676,57.63422393798828,50354,0.0,0.0
2015-01-15 00:00:00+08:00,56.37583676730358,57.88590385648749,55.369124145618564,55.87248229980469,71832,0.0,0.0
2015-01-16 00:00:00+08:00,54.36241391018271,57.13086894523149,52.85234685712208,56.37583541870117,116622,0.0,0.0
2015-01-19 00:00:00+08:00,56.12415758937156,58.389258219077696,56.12415758937156,57.38254928588867,68056,0.0,0.0
2015-01-20 00:00:00+08:00,57.38254938898859,57.88590385648749,55.87248229980469,55.87248229980469,60976,0.0,0.0
2015-01-21 00:00:00+08:00,55.87248384499852,59.64765167236328,55.87248384499852,59.64765167236328,208310,0.0,0.0
2015-01-22 00:00:00+08:00,58.389258119548934,61.15771689781776,58.389258119548934,58.892616271972656,149961,0.0,0.0
2015-01-23 00:00:00+08:00,61.157716798782346,61.91275033950805,59.395970641526624,60.40268325805664,104073,0.0,0.0
2015-01-26 00:00:00+08:00,62.9194597934733,62.9194597934733,60.654359152427766,61.66107177734375,129220,0.0,0.0
2015-01-27 00:00:00+08:00,62.41610951017851,62.91946029663086,60.9060387173851,62.91946029663086,74600,0.0,0.0
2015-01-28 00:00:00+08:00,62.919457081614915,67.19798278808594,62.919457081614915,67.19798278808594,376918,0.0,0.0
2015-01-29 00:00:00+08:00,66.44294936236213,66.44294936236213,62.9194571656576,64.17784881591797,209878,0.0,0.0
2015-01-30 00:00:00+08:00,64.1778494864934,65.43624114990234,62.91945782308447,65.43624114990234,91113,0.0,0.0
2015-02-02 00:00:00+08:00,65.9395968394718,67.70134677444754,65.18456325973214,66.44295501708984,90997,0.0,0.0
2015-02-03 00:00:00+08:00,66.69462585449219,67.19798399765935,65.43624155663574,66.69462585449219,64906,0.0,0.0
2015-02-04 00:00:00+08:00,65.68791961669922,67.4496621294705,63.67449433540733,65.68791961669922,137021,0.0,0.0
2015-02-05 00:00:00+08:00,65.43624545637549,66.19127902943607,64.42952911004488,65.18456268310547,75489,0.0,0.0
2015-02-06 00:00:00+08:00,64.42952486982549,65.93959191656651,64.1778494864934,65.43624114990234,63779,0.0,0.0
2015-02-09 00:00:00+08:00,64.1778518899575,65.1845608343614,63.92617649720015,64.42952728271484,27844,0.0,0.0
2015-02-10 00:00:00+08:00,63.422819991643124,63.67449539096125,60.90604019165039,60.90604019165039,110622,0.0,0.0
2015-02-11 00:00:00+08:00,60.90604019165039,62.66778642031404,60.402685706326785,60.90604019165039,53771,0.0,0.0
2015-02-12 00:00:00+08:00,60.654359880541726,61.40939343662056,59.39597184930609,59.89932632446289,35443,0.0,0.0
2015-02-13 00:00:00+08:00,59.89932384519177,60.6543573700193,59.39596939086914,59.39596939086914,36485,0.0,0.0
2015-02-24 00:00:00+08:00,59.89932582593822,59.89932582593822,57.88590425538087,58.64093780517578,36051,0.0,0.0
2015-02-25 00:00:00+08:00,58.13758333420826,58.892616884003175,56.87919162675857,58.64093780517578,30185,0.0,0.0
2015-02-26 00:00:00+08:00,58.89261856366862,62.164428248303075,58.89261856366862,60.90604019165039,32138,0.0,0.0
2015-03-02 00:00:00+08:00,59.89932437860503,60.65435791015625,59.89932437860503,60.65435791015625,9265,0.0,0.0
2015-03-03 00:00:00+08:00,59.395971242889615,60.654359261277456,58.89261677287193,60.151004791259766,16676,0.0,0.0
2015-03-04 00:00:00+08:00,60.402685706326785,61.409394676973996,60.402685706326785,60.90604019165039,17855,0.0,0.0
2015-03-05 00:00:00+08:00,60.90603833962992,60.90603833962992,59.64765032124208,60.151004791259766,34906,0.0,0.0
2015-03-06 00:00:00+08:00,59.89932384519177,60.6543573700193,58.89261493654651,59.39596939086914,29457,0.0,0.0
2015-03-09 00:00:00+08:00,56.879192222960704,59.144292896088004,56.879192222960704,58.389259338378906,30519,0.0,0.0
2015-03-10 00:00:00+08:00,57.38255038589163,58.892617501309836,57.38255038589163,58.389259338378906,9990,0.0,0.0
2015-03-11 00:00:00+08:00,57.38255038589163,58.64093841984437,57.38255038589163,58.389259338378906,9036,0.0,0.0
2015-03-12 00:00:00+08:00,58.389259338378906,58.64093841984437,57.88590486213527,58.389259338378906,16670,0.0,0.0
2015-03-13 00:00:00+08:00,58.389259338378906,58.64093841984437,58.13758394360073,58.389259338378906,10500,0.0,0.0
2015-03-16 00:00:00+08:00,58.389259338378906,58.389259338378906,58.389259338378906,58.389259338378906,0,0.0,0.0
2015-03-17 00:00:00+08:00,59.144292896088004,59.39597197755347,58.389259338378906,58.389259338378906,13056,0.0,0.0
2015-03-18 00:00:00+08:00,58.137582730024285,58.892616271972656,58.137582730024285,58.892616271972656,6799,0.0,0.0
2015-03-19 00:00:00+08:00,58.89261825363357,59.144293651626775,58.1375846862793,58.1375846862793,7297,0.0,0.0
2015-03-20 00:00:00+08:00,58.13758333420826,58.64093780517578,57.88590425538087,58.64093780517578,13148,0.0,0.0
2015-03-23 00:00:00+08:00,60.40268386961223,60.40268386961223,59.395971242889615,60.151004791259766,23349,0.0,0.0
2015-03-24 00:00:00+08:00,60.151004791259766,60.40268386961223,59.395971242889615,60.151004791259766,13472,0.0,0.0
2015-03-25 00:00:00+08:00,60.15100490476561,60.402683983593,58.64093780517578,58.64093780517578,9115,0.0,0.0
2015-03-26 00:00:00+08:00,57.88590486213527,58.64093841984437,57.88590486213527,58.389259338378906,2885,0.0,0.0
2015-03-27 00:00:00+08:00,58.89261493654651,59.39596939086914,57.8859023412141,59.39596939086914,13745,0.0,0.0
2015-03-30 00:00:00+08:00,58.64093916895303,58.64093916895303,58.1375846862793,58.1375846862793,10191,0.0,0.0
2015-03-31 00:00:00+08:00,58.389256859660584,58.389256859660584,57.63422333400388,57.885902404785156,8646,0.0,0.0
2015-04-01 00:00:00+08:00,56.87919040441911,58.38925747155745,56.87919040441911,57.63422393798828,3529,0.0,0.0
2015-04-02 00:00:00+08:00,57.63422651691822,58.1375846862793,57.63422651691822,58.1375846862793,20129,0.0,0.0
2015-04-07 00:00:00+08:00,57.63422333400388,58.137581475566435,57.63422333400388,57.885902404785156,8203,0.0,0.0
2015-04-08 00:00:00+08:00,57.13086887912845,57.885902404785156,56.879189808347164,57.885902404785156,26694,0.0,0.0
2015-04-09 00:00:00+08:00,57.382549898419214,57.88590437038679,57.1308708190918,57.1308708190918,13440,0.0,0.0
2015-04-10 00:00:00+08:00,56.879189874159,57.13086894523149,56.124156347628684,56.37583541870117,19447,0.0,0.0
2015-04-13 00:00:00+08:00,55.87248219941792,57.38254928588867,55.87248219941792,57.38254928588867,12186,0.0,0.0
2015-04-14 00:00:00+08:00,56.87919185890625,57.88590449163737,55.369124753153216,55.62080383300781,13062,0.0,0.0
2015-04-15 00:00:00+08:00,55.62080322271162,56.12415769021052,55.62080322271162,55.87248229980469,4819,0.0,0.0
2015-04-16 00:00:00+08:00,56.879189874159,56.879189874159,56.37583541870117,56.37583541870117,28681,0.0,0.0
2015-04-17 00:00:00+08:00,56.37583861485422,57.13087218419015,56.37583861485422,56.62751770019531,15561,0.0,0.0
2015-04-20 00:00:00+08:00,56.62751695694448,56.87919235229492,55.87248339751856,56.87919235229492,11383,0.0,0.0
2015-04-21 00:00:00+08:00,56.87919040441911,57.63422393798828,54.8657688771304,57.63422393798828,18511,0.0,0.0
2015-04-22 00:00:00+08:00,57.38254863412839,57.38254863412839,55.87248156480922,56.1241569519043,5759,0.0,0.0
2015-04-23 00:00:00+08:00,56.37583676730358,56.37583676730358,55.369124145618564,55.87248229980469,9444,0.0,0.0
2015-04-24 00:00:00+08:00,55.369124145618564,56.37583676730358,55.369124145618564,55.87248229980469,12864,0.0,0.0
2015-04-27 00:00:00+08:00,55.36912341724471,56.87919048656388,55.36912341724471,56.1241569519043,16127,0.0,0.0
2015-04-28 00:00:00+08:00,56.1241569519043,56.37583602568655,56.1241569519043,56.1241569519043,1474,0.0,0.0
2015-04-29 00:00:00+08:00,55.87248156480922,56.6275150994688,55.87248156480922,56.1241569519043,13196,0.0,0.0
2015-04-30 00:00:00+08:00,56.12415952951312,56.87919309884906,55.87248413085938,56.62751770019531,8745,0.0,0.0
2015-05-04 00:00:00+08:00,56.6275150994688,56.6275150994688,56.1241569519043,56.1241569519043,3839,0.0,0.0
2015-05-05 00:00:00+08:00,56.124158792869,56.87919235229492,56.124158792869,56.87919235229492,6706,0.0,0.0
2015-05-06 00:00:00+08:00,56.87919113260694,57.38254928588867,56.87919113260694,57.38254928588867,5517,0.0,0.0
2015-05-07 00:00:00+08:00,56.87919309884906,56.87919309884906,56.62751770019531,56.62751770019531,12379,0.0,0.0
2015-05-08 00:00:00+08:00,56.879189874159,56.879189874159,56.37583541870117,56.37583541870117,15241,0.0,0.0
2015-05-11 00:00:00+08:00,56.375837874906736,58.64093855318452,55.87248339751856,56.87919235229492,21543,0.0,0.0
2015-05-12 00:00:00+08:00,56.879189874159,56.879189874159,56.124156347628684,56.37583541870117,15038,0.0,0.0
2015-05-13 00:00:00+08:00,56.37583602568655,57.130869560346135,56.1241569519043,56.1241569519043,6310,0.0,0.0
2015-05-14 00:00:00+08:00,56.124156347628684,56.879189874159,55.87248096324334,56.37583541870117,9628,0.0,0.0
2015-05-15 00:00:00+08:00,56.6275150994688,57.885903095005716,56.1241569519043,56.1241569519043,12065,0.0,0.0
2015-05-18 00:00:00+08:00,56.375837874906736,56.87919235229492,55.87248339751856,56.87919235229492,21700,0.0,0.0
2015-05-19 00:00:00+08:00,56.87919123480248,56.87919123480248,55.87248229980469,55.87248229980469,14693,0.0,0.0
2015-05-20 00:00:00+08:00,56.124156347628684,56.879189874159,55.87248096324334,56.37583541870117,4263,0.0,0.0
2015-05-21 00:00:00+08:00,56.37583801008857,56.37583801008857,55.11744997025701,55.36912536621094,6190,0.0,0.0
2015-05-22 00:00:00+08:00,55.36912536621094,55.36912536621094,55.36912536621094,55.36912536621094,1310,0.0,0.0
2015-05-25 00:00:00+08:00,54.86576843261719,55.6208019600692,54.86576843261719,54.86576843261719,5306,0.0,0.0
2015-05-26 00:00:00+08:00,54.36241580710937,55.62080383300781,54.110736727254775,55.62080383300781,11181,0.0,0.0
2015-05-27 00:00:00+08:00,55.62080322271162,55.87248229980469,55.11744875521273,55.87248229980469,9639,0.0,0.0
2015-05-28 00:00:00+08:00,55.87248229980469,56.87919123480248,55.87248229980469,55.87248229980469,1191,0.0,0.0
2015-05-29 00:00:00+08:00,54.86576843261719,55.87248103144892,54.86576843261719,54.86576843261719,8487,0.0,0.0
2015-06-01 00:00:00+08:00,52.09731674194336,52.09731674194336,52.09731674194336,52.09731674194336,384,0.0,0.0
2015-06-02 00:00:00+08:00,52.09731467564901,54.3624153137207,51.090602052054734,54.3624153137207,13701,0.0,0.0
2015-06-03 00:00:00+08:00,54.865770008645896,54.865770008645896,51.342281341552734,51.342281341552734,5796,0.0,0.0
2015-06-04 00:00:00+08:00,52.852349561948316,52.852349561948316,50.58724886643624,52.34899139404297,2303,0.0,0.0
2015-06-05 00:00:00+08:00,51.59395856683831,52.09731674194336,51.59395856683831,52.09731674194336,1511,0.0,0.0
2015-06-08 00:00:00+08:00,52.097316144605756,52.097316144605756,50.838924407958984,50.838924407958984,3455,0.0,0.0
2015-06-09 00:00:00+08:00,50.33556828253941,50.83892274875803,47.06375503540039,47.06375503540039,3498,0.0,0.0
2015-06-10 00:00:00+08:00,50.335567992025055,51.593955993652344,50.335567992025055,51.593955993652344,26146,0.0,0.0
2015-06-11 00:00:00+08:00,51.09060041655187,51.09060041655187,49.832212442357736,49.983219146728516,11525,0.0,0.0
2015-06-12 00:00:00+08:00,49.83221435546875,49.9328830377893,49.83221435546875,49.83221435546875,3465,0.0,0.0
2015-06-15 00:00:00+08:00,49.8322124309368,50.28523254394531,47.063753726982235,50.28523254394531,1728,0.0,0.0
2015-06-16 00:00:00+08:00,50.83892254724715,51.090601622702486,49.83221361880023,50.08388900756836,1920,0.0,0.0
2015-06-17 00:00:00+08:00,50.335567474365234,50.335567474365234,50.335567474365234,50.335567474365234,972,0.0,0.0
2015-06-18 00:00:00+08:00,50.335567474365234,50.58724654677726,47.5671124245816,50.335567474365234,3964,0.0,0.0
2015-06-22 00:00:00+08:00,47.81878724866309,50.83892133538654,47.81878724866309,50.28523254394531,1920,0.0,0.0
2015-06-23 00:00:00+08:00,50.33556687176311,51.09060039327299,50.33556687176311,50.58724594116211,1373,0.0,0.0
2015-06-24 00:00:00+08:00,49.83221371449025,49.83221371449025,48.573822021484375,48.573822021484375,1197,0.0,0.0
2015-06-25 00:00:00+08:00,50.28523313455769,53.35570159656089,50.28523313455769,50.335567474365234,7341,0.0,0.0
2015-06-26 00:00:00+08:00,50.838924561048465,50.838924561048465,48.72483056620561,49.328857421875,1443,0.0,0.0
2015-06-29 00:00:00+08:00,48.82550181831285,52.348990500040394,48.62416076660156,48.62416076660156,2688,0.0,0.0
2015-06-30 00:00:00+08:00,50.234897800670126,51.090603743387405,48.42281723022461,48.42281723022461,1728,0.0,0.0
2015-07-01 00:00:00+08:00,47.86912583680117,50.335567474365234,47.86912583680117,50.335567474365234,2985,0.0,0.0
2015-07-02 00:00:00+08:00,49.17785016407248,55.36912536621094,49.17785016407248,55.36912536621094,29077,0.0,0.0
2015-07-03 00:00:00+08:00,57.88590626215238,57.88590626215238,52.09731674194336,52.09731674194336,8134,0.0,0.0
2015-07-06 00:00:00+08:00,48.32214714499081,52.60066936122445,48.32214714499081,51.342281341552734,7115,0.0,0.0
2015-07-07 00:00:00+08:00,51.09060195515989,56.12415769021052,51.09060195515989,55.87248229980469,21683,0.0,0.0
2015-07-08 00:00:00+08:00,55.872481649962275,56.879190573251215,53.859056430010014,54.61408996582031,23917,0.0,0.0
2015-07-09 00:00:00+08:00,54.865769782174226,56.627515951792404,52.852348221672905,54.3624153137207,24780,0.0,0.0
2015-07-10 00:00:00+08:00,54.3624153137207,54.3624153137207,54.3624153137207,54.3624153137207,0,0.0,0.0
2015-07-13 00:00:00+08:00,54.362415422712054,56.12415790917511,52.85234832763672,52.85234832763672,19855,0.0,0.0
2015-07-14 00:00:00+08:00,54.86576850338496,55.62080203181085,53.3557014465332,53.3557014465332,28800,0.0,0.0
2015-07-15 00:00:00+08:00,51.342279932959904,53.3557014465332,51.342279932959904,53.3557014465332,1955,0.0,0.0
2015-07-16 00:00:00+08:00,51.59395662394911,52.85234832763672,51.59395662394911,52.85234832763672,5760,0.0,0.0
2015-07-17 00:00:00+08:00,51.84563453546306,51.84563453546306,50.335567474365234,50.335567474365234,1920,0.0,0.0
2015-07-20 00:00:00+08:00,50.33557007688643,50.33557007688643,49.328857421875,49.328857421875,3324,0.0,0.0
2015-07-21 00:00:00+08:00,47.315432840615514,49.077178955078125,47.315432840615514,49.077178955078125,5287,0.0,0.0
2015-07-22 00:00:00+08:00,48.82550279068642,50.838924407958984,47.31543565606017,50.838924407958984,2688,0.0,0.0
2015-07-23 00:00:00+08:00,52.85234971191888,52.85234971191888,50.838924407958984,50.838924407958984,3072,0.0,0.0
2015-07-24 00:00:00+08:00,51.34228014004267,51.34228014004267,49.12751388549805,49.12751388549805,1060,0.0,0.0
2015-07-27 00:00:00+08:00,50.335567474365234,50.335567474365234,50.335567474365234,50.335567474365234,204,0.0,0.0
2015-07-28 00:00:00+08:00,47.5671124245816,50.335567474365234,47.5671124245816,50.335567474365234,1005,0.0,0.0
2015-07-29 00:00:00+08:00,47.86912583680117,50.335567474365234,47.86912583680117,50.335567474365234,1152,0.0,0.0
2015-07-30 00:00:00+08:00,50.3355681018859,50.3355681018859,48.07046748200072,49.78187561035156,4422,0.0,0.0
2015-07-31 00:00:00+08:00,48.32214602937102,48.82550048828125,47.26509908497853,48.82550048828125,5223,0.0,0.0
2015-08-03 00:00:00+08:00,48.573822835747414,50.28523468211957,47.365769149690486,47.416107177734375,6336,0.0,0.0
2015-08-04 00:00:00+08:00,47.31543289899264,47.81878735230851,45.55368678235641,47.56711196899414,8954,0.0,0.0
2015-08-05 00:00:00+08:00,47.06375686378708,49.83221575225975,45.80536880600964,47.818790435791016,5376,0.0,0.0
2015-08-06 00:00:00+08:00,52.60066748481295,52.60066748481295,49.37919235229492,49.37919235229492,4416,0.0,0.0
2015-08-07 00:00:00+08:00,49.3791953022785,50.838924407958984,48.27181027909435,50.838924407958984,5376,0.0,0.0
2015-08-10 00:00:00+08:00,49.429528454834426,51.342281341552734,49.37919411378748,51.342281341552734,972,0.0,0.0
2015-08-11 00:00:00+08:00,51.342280698157815,51.342280698157815,49.98322032673599,50.08388900756836,2723,0.0,0.0
2015-08-12 00:00:00+08:00,50.0838884789004,50.0838884789004,48.82550048828125,48.82550048828125,384,0.0,0.0
2015-08-13 00:00:00+08:00,47.96979451641625,50.58724654677726,47.91946017660871,50.335567474365234,4032,0.0,0.0
2015-08-14 00:00:00+08:00,50.58724906981317,50.58724906981317,50.23489761352539,50.23489761352539,576,0.0,0.0
2015-08-17 00:00:00+08:00,49.83221435546875,49.83221435546875,49.83221435546875,49.83221435546875,439,0.0,0.0
2015-08-18 00:00:00+08:00,49.78187727246262,52.34899139404297,49.78187727246262,52.34899139404297,1981,0.0,0.0
2015-08-19 00:00:00+08:00,52.60066924956175,52.85234832763672,49.328855981336105,52.85234832763672,8367,0.0,0.0
2015-08-20 00:00:00+08:00,51.34228112962511,54.3624153137207,50.33556850603083,54.3624153137207,4608,0.0,0.0
2015-08-21 00:00:00+08:00,48.9765096214161,53.85905880616908,48.9765096214161,49.6308708190918,7680,0.0,0.0
2015-08-24 00:00:00+08:00,45.30201398543757,51.34228251682924,45.30201398543757,45.35234832763672,6643,0.0,0.0
2015-08-25 00:00:00+08:00,41.27516523865348,47.81878796193019,41.27516523865348,47.315433502197266,5827,0.0,0.0
2015-08-26 00:00:00+08:00,46.81208038330078,46.81208038330078,44.69798643050655,46.81208038330078,3709,0.0,0.0
2015-08-27 00:00:00+08:00,47.76845486854814,51.34228157997131,47.21476236771152,48.322147369384766,4078,0.0,0.0
2015-08-28 00:00:00+08:00,49.27851994164928,53.10402188840364,49.27851994164928,50.58724594116211,6884,0.0,0.0
2015-08-31 00:00:00+08:00,50.5872490099795,50.838924407958984,50.5872490099795,50.838924407958984,2112,0.0,0.0
2015-09-01 00:00:00+08:00,50.838924407958984,50.838924407958984,50.838924407958984,50.838924407958984,0,0.0,0.0
2015-09-02 00:00:00+08:00,48.221475993871394,50.23489761352539,48.171141651553434,50.23489761352539,2208,0.0,0.0
2015-09-03 00:00:00+08:00,50.2852356425307,50.2852356425307,49.328857331677995,50.23489761352539,2071,0.0,0.0
2015-09-04 00:00:00+08:00,50.23489761352539,50.23489761352539,48.87583719075429,50.23489761352539,3859,0.0,0.0
2015-09-07 00:00:00+08:00,49.83221435546875,49.83221435546875,48.67449501528433,49.83221435546875,5214,0.0,0.0
2015-09-08 00:00:00+08:00,50.33556815987115,54.36241493986824,48.82550107820814,48.87583541870117,6912,0.0,0.0
2015-09-09 00:00:00+08:00,49.32885626704593,51.09060245040017,47.96979587360653,48.92617416381836,4224,0.0,0.0
2015-09-10 00:00:00+08:00,48.82550174824286,50.13422779920624,48.27180924847234,49.53020095825195,5195,0.0,0.0
2015-09-11 00:00:00+08:00,48.87583490805036,49.83221317423624,47.315433502197266,47.315433502197266,18432,0.0,0.0
2015-09-14 00:00:00+08:00,47.31543585800401,48.77516865660202,47.31543585800401,48.724830627441406,1702,0.0,0.0
2015-09-15 00:00:00+08:00,47.3657696283389,48.674495697021484,47.3657696283389,48.674495697021484,1344,0.0,0.0
2015-09-16 00:00:00+08:00,48.674496223795614,49.328857421875,48.674496223795614,49.328857421875,2515,0.0,0.0
2015-09-17 00:00:00+08:00,48.573823852288264,49.328857421875,48.573823852288264,49.328857421875,1344,0.0,0.0
2015-09-18 00:00:00+08:00,49.32885548637453,49.78187561035156,49.32885548637453,49.78187561035156,3000,0.0,0.0
2015-09-21 00:00:00+08:00,49.78187561035156,49.78187561035156,49.78187561035156,49.78187561035156,0,0.0,0.0
2015-09-22 00:00:00+08:00,48.82550265214219,52.34899139404297,48.67449593910805,52.34899139404297,3071,0.0,0.0
2015-09-23 00:00:00+08:00,51.342280776542225,51.342280776542225,48.87583541870117,48.87583541870117,2496,0.0,0.0
2015-09-24 00:00:00+08:00,48.87583743659653,48.87583743659653,47.416108321847155,47.818790435791016,5214,0.0,0.0
2015-09-25 00:00:00+08:00,49.328857421875,49.328857421875,49.328857421875,49.328857421875,598,0.0,0.0
2015-09-29 00:00:00+08:00,49.328857421875,49.328857421875,49.328857421875,49.328857421875,0,0.0,0.0
2015-09-30 00:00:00+08:00,49.328857421875,49.328857421875,49.328857421875,49.328857421875,205,0.0,0.0
2015-10-01 00:00:00+08:00,47.516773942981565,47.91945971764654,47.516773942981565,47.56711196899414,5825,0.0,0.0
2015-10-02 00:00:00+08:00,46.86241453728393,49.228187561035156,46.86241453728393,49.228187561035156,2203,0.0,0.0
2015-10-05 00:00:00+08:00,49.22818619178921,53.35570159656089,49.22818619178921,50.335567474365234,27809,0.0,0.0
2015-10-06 00:00:00+08:00,51.845637152478375,51.845637152478375,49.932884216308594,49.932884216308594,2825,0.0,0.0
2015-10-07 00:00:00+08:00,49.832213016228344,50.335567474365234,49.63086828362386,50.335567474365234,12348,0.0,0.0
2015-10-08 00:00:00+08:00,52.348990909496834,52.348990909496834,50.33556931657382,51.09060287475586,14784,0.0,0.0
2015-10-12 00:00:00+08:00,50.13422766292796,51.342281341552734,50.13422766292796,51.342281341552734,13452,0.0,0.0
2015-10-13 00:00:00+08:00,50.33556998484866,52.0973162062255,50.23489761352539,50.23489761352539,5431,0.0,0.0
2015-10-14 00:00:00+08:00,50.335566954535786,50.335566954535786,48.47315216064453,48.47315216064453,4416,0.0,0.0
2015-10-15 00:00:00+08:00,48.47315516746827,49.328857421875,48.47315516746827,49.328857421875,2685,0.0,0.0
2015-10-16 00:00:00+08:00,49.278522411875755,50.18456268310547,49.278522411875755,50.18456268310547,1920,0.0,0.0
2015-10-19 00:00:00+08:00,49.83221306160332,49.83221306160332,49.429527282714844,49.429527282714844,1536,0.0,0.0
2015-10-20 00:00:00+08:00,48.92617285473816,48.92617285473816,48.57382141548255,48.82550048828125,1536,0.0,0.0
2015-10-21 00:00:00+08:00,48.573822021484375,48.573822021484375,48.573822021484375,48.573822021484375,12,0.0,0.0
2015-10-22 00:00:00+08:00,48.82550109742299,48.82550109742299,48.32214663223297,48.573822021484375,2112,0.0,0.0
2015-10-23 00:00:00+08:00,47.81878920982883,48.322147369384766,47.81878920982883,48.322147369384766,585,0.0,0.0
2015-10-26 00:00:00+08:00,47.86912846504952,47.91946280762066,47.818790435791016,47.818790435791016,2383,0.0,0.0
2015-10-27 00:00:00+08:00,47.567112559463794,47.61744689941406,47.567112559463794,47.61744689941406,3174,0.0,0.0
2015-10-28 00:00:00+08:00,47.567112559463794,48.070467019028,47.567112559463794,47.61744689941406,3183,0.0,0.0
2015-10-29 00:00:00+08:00,47.61744689941406,47.61744689941406,46.91274770667443,47.61744689941406,2840,0.0,0.0
2015-10-30 00:00:00+08:00,49.73154017360822,49.73154017360822,47.063753828991146,47.56711196899414,9024,0.0,0.0
2015-11-02 00:00:00+08:00,47.56711196899414,47.56711196899414,47.56711196899414,47.56711196899414,5952,0.0,0.0
2015-11-03 00:00:00+08:00,47.81878920982883,48.322147369384766,47.81878920982883,48.322147369384766,5229,0.0,0.0
2015-11-04 00:00:00+08:00,49.58053650729969,49.58053650729969,48.32214845355092,49.328857421875,11175,0.0,0.0
2015-11-05 00:00:00+08:00,49.328856197116956,50.33556882713329,49.07718080462831,49.83221435546875,11185,0.0,0.0
2015-11-06 00:00:00+08:00,54.36241746985394,54.36241746985394,51.845637654390835,52.09731674194336,80382,0.0,0.0
2015-11-09 00:00:00+08:00,52.60066936122445,54.865770008645896,51.09060226294349,51.342281341552734,53263,0.0,0.0
2015-11-10 00:00:00+08:00,50.33556687176311,51.342279462671996,50.33556687176311,50.58724594116211,9375,0.0,0.0
2015-11-11 00:00:00+08:00,49.832215442666374,50.838924407958984,49.832215442666374,50.838924407958984,2688,0.0,0.0
2015-11-12 00:00:00+08:00,50.335570502450445,52.09731674194336,49.88255035686833,52.09731674194336,8006,0.0,0.0
2015-11-13 00:00:00+08:00,50.08388963519376,51.342281341552734,49.98322095309987,51.342281341552734,1344,0.0,0.0
2015-11-16 00:00:00+08:00,51.342282638019334,51.342282638019334,50.23489761352539,50.23489761352539,1728,0.0,0.0
2015-11-17 00:00:00+08:00,50.58724654677726,51.34228007732617,50.28523313455769,50.335567474365234,17766,0.0,0.0
2015-11-18 00:00:00+08:00,50.33556885062859,50.33556885062859,49.53020095825195,49.53020095825195,11062,0.0,0.0
2015-11-19 00:00:00+08:00,49.530202015741125,50.838924407958984,49.530202015741125,50.838924407958984,6741,0.0,0.0
2015-11-20 00:00:00+08:00,51.84563506865268,51.84563506865268,50.335567992025055,51.593955993652344,15591,0.0,0.0
2015-11-23 00:00:00+08:00,51.342280605339205,51.593955993652344,50.587247067025395,51.593955993652344,8289,0.0,0.0
2015-11-24 00:00:00+08:00,51.342281956378976,51.342281956378976,50.33556931657382,51.09060287475586,8064,0.0,0.0
2015-11-25 00:00:00+08:00,51.59395673347473,51.59395673347473,50.08388963519376,51.342281341552734,6351,0.0,0.0
2015-11-26 00:00:00+08:00,51.09060287475586,51.09060287475586,51.09060287475586,51.09060287475586,192,0.0,0.0
2015-11-27 00:00:00+08:00,51.845637654390835,55.36912644668927,51.845637654390835,52.09731674194336,21331,0.0,0.0
2015-11-30 00:00:00+08:00,52.60067123036102,52.60067123036102,50.838924990868115,52.09731674194336,4044,0.0,0.0
2015-12-01 00:00:00+08:00,50.838921858944865,52.0973135324971,50.58724647358414,51.84563446044922,3456,0.0,0.0
2015-12-02 00:00:00+08:00,52.097316144605756,52.097316144605756,50.838924407958984,50.838924407958984,2078,0.0,0.0
2015-12-03 00:00:00+08:00,50.335567474365234,50.58724654677726,50.08388840195321,50.335567474365234,3693,0.0,0.0
2015-12-04 00:00:00+08:00,50.58724594116211,51.84563391478287,50.58724594116211,50.58724594116211,2111,0.0,0.0
2015-12-07 00:00:00+08:00,49.93288169584343,50.335567474365234,49.93288169584343,50.335567474365234,3727,0.0,0.0
2015-12-08 00:00:00+08:00,51.34228257729263,52.34899154258524,50.5872490099795,50.838924407958984,6144,0.0,0.0
2015-12-09 00:00:00+08:00,50.335567474365234,51.09060100491415,50.335567474365234,50.335567474365234,2880,0.0,0.0
2015-12-10 00:00:00+08:00,50.335568713803006,51.342281341552734,50.23489634502186,51.342281341552734,15360,0.0,0.0
2015-12-11 00:00:00+08:00,52.348990909496834,52.348990909496834,50.33556931657382,51.09060287475586,6878,0.0,0.0
2015-12-14 00:00:00+08:00,50.33556931657382,51.09060287475586,50.33556931657382,51.09060287475586,3766,0.0,0.0
2015-12-15 00:00:00+08:00,51.09060039327299,51.09060039327299,50.58724594116211,50.58724594116211,2241,0.0,0.0
2015-12-16 00:00:00+08:00,50.83892254724715,50.83892254724715,49.73154125128066,50.08388900756836,3535,0.0,0.0
2015-12-17 00:00:00+08:00,50.234895715504116,50.335568083023695,49.88254795921642,50.08388900756836,4224,0.0,0.0
2015-12-18 00:00:00+08:00,50.08388900756836,51.090601622702486,50.08388900756836,50.08388900756836,4342,0.0,0.0
2015-12-21 00:00:00+08:00,50.0838902349507,51.09060287475586,50.0838902349507,51.09060287475586,4553,0.0,0.0
2015-12-22 00:00:00+08:00,50.335568083023695,50.335568083023695,50.08388900756836,50.08388900756836,1920,0.0,0.0
2015-12-23 00:00:00+08:00,49.83221424327177,51.342281341552734,49.83221424327177,51.342281341552734,7872,0.0,0.0
2015-12-24 00:00:00+08:00,51.342281341552734,51.342281341552734,51.342281341552734,51.342281341552734,283,0.0,0.0
2015-12-25 00:00:00+08:00,49.932884216308594,49.932884216308594,49.932884216308594,49.932884216308594,306,0.0,0.0
2015-12-28 00:00:00+08:00,50.335567474365234,50.335567474365234,50.335567474365234,50.335567474365234,388,0.0,0.0
2015-12-29 00:00:00+08:00,49.32885727333273,50.838924407958984,49.32885727333273,50.838924407958984,1350,0.0,0.0
2015-12-30 00:00:00+08:00,49.731540054555204,50.58724594116211,49.32885428085423,50.58724594116211,10176,0.0,0.0
2015-12-31 00:00:00+08:00,50.28523313455769,50.335567474365234,49.22818619178921,50.335567474365234,4273,0.0,0.0
2016-01-04 00:00:00+08:00,48.624160674124056,49.83221435546875,48.624160674124056,49.83221435546875,5680,0.0,0.0
2016-01-05 00:00:00+08:00,49.83221435546875,49.83221435546875,49.83221435546875,49.83221435546875,0,0.0,0.0
2016-01-06 00:00:00+08:00,50.033554667152174,50.08388900756836,50.033554667152174,50.08388900756836,987,0.0,0.0
2016-01-07 00:00:00+08:00,47.81878973848528,48.97650909423828,45.553689055503746,48.97650909423828,4747,0.0,0.0
2016-01-08 00:00:00+08:00,47.3154334248634,49.32885494719147,47.3154334248634,48.82550048828125,5120,0.0,0.0
2016-01-11 00:00:00+08:00,49.127513900964814,49.127513900964814,47.36576776474828,48.82550048828125,5766,0.0,0.0
2016-01-12 00:00:00+08:00,49.78187451293367,49.78187451293367,47.56711196899414,47.56711196899414,3294,0.0,0.0
2016-01-13 00:00:00+08:00,47.66778321982156,47.66778321982156,46.8624153137207,46.8624153137207,960,0.0,0.0
2016-01-14 00:00:00+08:00,46.76174101581003,48.72482820146176,46.76174101581003,47.315433502197266,2238,0.0,0.0
2016-01-15 00:00:00+08:00,47.31543498597511,47.81878946149287,45.3020133972168,45.3020133972168,2098,0.0,0.0
2016-01-18 00:00:00+08:00,45.30201389919978,46.30872286139044,45.30201389919978,46.25838851928711,10368,0.0,0.0
2016-01-19 00:00:00+08:00,45.80536777255059,46.560401327519486,45.30201329813375,46.510066986083984,3914,0.0,0.0
2016-01-20 00:00:00+08:00,45.805367700762716,47.56711388849149,45.805367700762716,47.416107177734375,10127,0.0,0.0
2016-01-21 00:00:00+08:00,46.661073672386905,47.41610722695628,46.10738117014028,46.81208038330078,6720,0.0,0.0
2016-01-22 00:00:00+08:00,45.906041270560266,47.56711513232396,45.906041270560266,46.912750244140625,4800,0.0,0.0
2016-01-25 00:00:00+08:00,47.71812057495117,47.71812057495117,47.71812057495117,47.71812057495117,192,0.0,0.0
2016-01-26 00:00:00+08:00,47.56711251282403,48.72482813735529,46.96308568726436,48.52348709106445,7296,0.0,0.0
2016-01-27 00:00:00+08:00,48.422814709140766,48.82550048828125,48.32214602937102,48.82550048828125,2495,0.0,0.0
2016-01-28 00:00:00+08:00,50.23489518524218,50.23489518524218,48.57382141548255,48.82550048828125,2556,0.0,0.0
2016-01-29 00:00:00+08:00,48.77516555786133,49.328854349952756,47.1140918082128,48.77516555786133,3384,0.0,0.0
2016-02-01 00:00:00+08:00,47.06375575244773,47.11409378051758,46.71140798939518,47.11409378051758,2365,0.0,0.0
2016-02-02 00:00:00+08:00,48.77516621176763,48.82550055171791,47.61744689941406,47.61744689941406,1191,0.0,0.0
2016-02-03 00:00:00+08:00,47.81878737697013,48.72482760541824,46.96308517456055,46.96308517456055,1437,0.0,0.0
2016-02-15 00:00:00+08:00,48.271810676492734,48.271810676492734,46.912750244140625,46.912750244140625,384,0.0,0.0
2016-02-16 00:00:00+08:00,47.36576784216441,47.36576784216441,47.315433502197266,47.315433502197266,1401,0.0,0.0
2016-02-17 00:00:00+08:00,47.315435286473644,48.674495697021484,47.315435286473644,48.674495697021484,463,0.0,0.0
2016-02-18 00:00:00+08:00,49.32885494719147,49.32885494719147,48.82550048828125,48.82550048828125,2502,0.0,0.0
2016-02-19 00:00:00+08:00,47.315434623771544,49.83221435546875,47.315434623771544,49.83221435546875,2743,0.0,0.0
2016-02-22 00:00:00+08:00,49.68120574951172,49.68120574951172,49.68120574951172,49.68120574951172,411,0.0,0.0
2016-02-23 00:00:00+08:00,48.92617416381836,48.92617416381836,48.92617416381836,48.92617416381836,192,0.0,0.0
2016-02-24 00:00:00+08:00,49.832213637473814,49.832213637473814,48.97650772995479,49.78187561035156,1427,0.0,0.0
2016-02-25 00:00:00+08:00,49.78187632762121,49.83221435546875,49.78187632762121,49.83221435546875,755,0.0,0.0
2016-02-26 00:00:00+08:00,48.57382324622144,49.832214970956315,48.57382324622144,49.580535888671875,3881,0.0,0.0
2016-03-01 00:00:00+08:00,49.83221559272439,49.83221559272439,49.328857421875,49.328857421875,3648,0.0,0.0
2016-03-02 00:00:00+08:00,49.832213637473814,49.832213637473814,48.825501021962445,49.78187561035156,6864,0.0,0.0
2016-03-03 00:00:00+08:00,49.78187561035156,49.78187561035156,49.78187561035156,49.78187561035156,460,0.0,0.0
2016-03-04 00:00:00+08:00,49.077178909255935,50.28523254394531,48.926172204919766,50.28523254394531,6494,0.0,0.0
2016-03-07 00:00:00+08:00,50.28523374260751,50.28523374260751,49.32885546788957,50.08388900756836,3840,0.0,0.0
2016-03-08 00:00:00+08:00,46.96308616802083,50.08388900756836,46.96308616802083,50.08388900756836,4924,0.0,0.0
2016-03-09 00:00:00+08:00,50.033555430151445,50.234896481573784,49.42952858919715,49.53020095825195,5568,0.0,0.0
2016-03-10 00:00:00+08:00,50.08388840195321,50.58724654677726,50.08388840195321,50.335567474365234,20639,0.0,0.0
2016-03-11 00:00:00+08:00,50.335567474365234,50.58724654677726,50.28523313455769,50.335567474365234,4806,0.0,0.0
2016-03-14 00:00:00+08:00,50.83892318433424,51.59395673347473,50.83892318433424,51.342281341552734,12466,0.0,0.0
2016-03-15 00:00:00+08:00,51.34228257729263,51.84563705993893,50.335569925312676,50.838924407958984,8990,0.0,0.0
2016-03-16 00:00:00+08:00,51.59395735131479,51.59395735131479,51.09060287475586,51.09060287475586,2319,0.0,0.0
2016-03-17 00:00:00+08:00,50.5872490099795,51.84563705993893,50.335569925312676,50.838924407958984,4504,0.0,0.0
2016-03-18 00:00:00+08:00,51.34228257729263,51.34228257729263,50.838924407958984,50.838924407958984,6934,0.0,0.0
2016-03-21 00:00:00+08:00,51.34227947429852,51.34227947429852,50.28523254394531,50.28523254394531,2413,0.0,0.0
2016-03-22 00:00:00+08:00,49.93288412718323,51.0906034926258,49.93288412718323,50.838924407958984,11644,0.0,0.0
2016-03-23 00:00:00+08:00,50.335569925312676,50.838924407958984,50.335569925312676,50.838924407958984,3006,0.0,0.0
2016-03-24 00:00:00+08:00,50.838921932502124,50.838921932502124,50.335567474365234,50.335567474365234,2955,0.0,0.0
2016-03-25 00:00:00+08:00,51.09060308143379,55.36912536621094,51.09060308143379,55.36912536621094,126023,0.0,0.0
2016-03-28 00:00:00+08:00,54.865771026553915,56.627517236129265,53.85905838012695,53.85905838012695,73775,0.0,0.0
2016-03-29 00:00:00+08:00,53.85905929474889,54.36241746985394,51.342283165973164,52.09731674194336,25770,0.0,0.0
2016-03-30 00:00:00+08:00,54.865770401470144,54.865770401470144,53.355703292377505,54.11073684692383,14086,0.0,0.0
2016-03-31 00:00:00+08:00,56.87918994359351,56.87918994359351,54.110734905165174,54.86576843261719,12683,0.0,0.0
2016-04-01 00:00:00+08:00,53.60738176769681,55.117448859744606,53.35570269012643,54.3624153137207,21705,0.0,0.0
2016-04-06 00:00:00+08:00,55.11744811415197,55.11744811415197,53.60738104253137,54.61408996582031,15144,0.0,0.0
2016-04-07 00:00:00+08:00,54.61409194327534,54.61409194327534,53.6073829835357,53.85905838012695,14107,0.0,0.0
2016-04-08 00:00:00+08:00,54.362416546684095,54.362416546684095,52.60067033710874,53.85905838012695,19431,0.0,0.0
2016-04-11 00:00:00+08:00,54.61408996582031,54.61408996582031,53.60738104253137,54.61408996582031,20532,0.0,0.0
2016-04-12 00:00:00+08:00,54.614090053789255,54.614090053789255,53.10402297973633,53.10402297973633,24560,0.0,0.0
2016-04-13 00:00:00+08:00,52.60067123036102,54.11073838230141,52.09731674194336,52.09731674194336,28094,0.0,0.0
2016-04-14 00:00:00+08:00,52.348990282615205,52.348990282615205,51.342281341552734,51.342281341552734,17592,0.0,0.0
2016-04-15 00:00:00+08:00,51.59395840721126,55.8724844489299,51.34228300712478,53.607383728027344,34174,0.0,0.0
2016-04-18 00:00:00+08:00,53.35570390025713,55.6208045897023,53.35570390025713,53.85905838012695,38852,0.0,0.0
2016-04-19 00:00:00+08:00,54.865769782174226,55.117448859744606,53.85905715857995,54.3624153137207,18628,0.0,0.0
2016-04-20 00:00:00+08:00,54.86576903998614,55.11744811415197,52.85234750672107,54.61408996582031,26583,0.0,0.0
2016-04-21 00:00:00+08:00,54.61408936123747,57.38254808635295,53.859055833785455,54.86576843261719,230208,0.0,0.0
2016-04-22 00:00:00+08:00,55.11744820293169,55.11744820293169,52.85234759185231,53.10402297973633,21120,0.0,0.0
2016-04-25 00:00:00+08:00,52.34899139404297,52.60067047799564,51.84563691282495,52.34899139404297,5800,0.0,0.0
2016-04-26 00:00:00+08:00,52.34899139404297,52.34899139404297,51.84563691282495,52.34899139404297,7872,0.0,0.0
2016-04-27 00:00:00+08:00,52.097316580758964,53.607383728027344,52.097316580758964,53.607383728027344,44979,0.0,0.0
2016-04-28 00:00:00+08:00,52.852346989811664,53.3557014465332,52.348988846402975,53.3557014465332,1344,0.0,0.0
2016-04-29 00:00:00+08:00,52.60067047799564,52.60067047799564,52.34899139404297,52.34899139404297,964,0.0,0.0
2016-05-03 00:00:00+08:00,52.34899139404297,52.852349561948316,51.59395782887228,52.34899139404297,11528,0.0,0.0
2016-05-04 00:00:00+08:00,51.593957223528086,52.600669860839844,51.593957223528086,52.600669860839844,4419,0.0,0.0
2016-05-05 00:00:00+08:00,51.84563446044922,51.84563446044922,51.84563446044922,51.84563446044922,495,0.0,0.0
2016-05-06 00:00:00+08:00,51.34228000304062,51.84563446044922,51.09060093099274,51.84563446044922,8466,0.0,0.0
2016-05-09 00:00:00+08:00,48.72482871053487,50.33556815987115,48.72482871053487,48.87583541870117,24621,0.0,0.0
2016-05-10 00:00:00+08:00,48.87583680678504,49.379194972759656,48.07046890258789,48.07046890258789,9600,0.0,0.0
2016-05-11 00:00:00+08:00,48.32214741767207,48.32214741767207,47.567113864270944,47.71812057495117,6805,0.0,0.0
2016-05-12 00:00:00+08:00,47.81878925761314,48.825501891043736,47.71812057495117,47.71812057495117,7894,0.0,0.0
2016-05-13 00:00:00+08:00,47.31543574051364,49.932884216308594,45.2516760906117,49.932884216308594,9600,0.0,0.0
2016-05-16 00:00:00+08:00,46.359060299941916,47.466441618927504,46.20805358886719,46.20805358886719,14594,0.0,0.0
2016-05-17 00:00:00+08:00,45.453019367865664,46.15771488476977,45.05033358200101,45.553688049316406,30296,0.0,0.0
2016-05-18 00:00:00+08:00,45.30201350172905,45.30201350172905,43.79194638500475,44.09395980834961,9557,0.0,0.0
2016-05-19 00:00:00+08:00,43.59060222635685,44.29530145245596,42.785234315591694,44.14429473876953,15360,0.0,0.0
2016-05-20 00:00:00+08:00,45.30201481604372,45.30201481604372,42.88590735918805,43.28858947753906,9792,0.0,0.0
2016-05-23 00:00:00+08:00,43.03691101074219,44.14429228738604,42.93623864497924,43.03691101074219,7878,0.0,0.0
2016-05-24 00:00:00+08:00,44.043622886295836,44.79865646362305,42.583893761254814,44.79865646362305,11966,0.0,0.0
2016-05-25 00:00:00+08:00,43.036911566405735,43.6912727355957,42.281878030153,43.6912727355957,24194,0.0,0.0
2016-05-26 00:00:00+08:00,43.03691101074219,44.04361992162309,43.03691101074219,43.03691101074219,5421,0.0,0.0
2016-05-27 00:00:00+08:00,43.590600421361884,43.590600421361884,42.53355346932698,42.78523254394531,16130,0.0,0.0
2016-05-30 00:00:00+08:00,43.54026740942852,43.54026740942852,42.785233849226366,42.88590621948242,10255,0.0,0.0
2016-05-31 00:00:00+08:00,43.33892442134388,43.33892442134388,42.78523193967839,43.03691101074219,6959,0.0,0.0
2016-06-01 00:00:00+08:00,42.93624170231008,43.28858947753906,42.93624170231008,43.28858947753906,1545,0.0,0.0
2016-06-02 00:00:00+08:00,43.288587476023004,44.647647857666016,43.288587476023004,44.647647857666016,501,0.0,0.0
2016-06-03 00:00:00+08:00,45.00000138393676,45.00000138393676,43.03691407524153,43.28858947753906,5008,0.0,0.0
2016-06-06 00:00:00+08:00,41.879191657196436,44.798653393917725,41.879191657196436,44.244964599609375,11084,0.0,0.0
2016-06-07 00:00:00+08:00,44.244964599609375,44.244964599609375,44.244964599609375,44.244964599609375,0,0.0,0.0
2016-06-08 00:00:00+08:00,44.446306807799836,45.05033364408562,44.0939590488622,44.647647857666016,4608,0.0,0.0
2016-06-13 00:00:00+08:00,44.6476492840079,44.697987313098,43.54026794433594,43.54026794433594,1185,0.0,0.0
2016-06-14 00:00:00+08:00,44.14429345301316,44.14429345301316,43.03691214712898,43.741607666015625,2113,0.0,0.0
2016-06-15 00:00:00+08:00,43.69127528257748,43.7416096256995,43.28858947753906,43.28858947753906,988,0.0,0.0
2016-06-16 00:00:00+08:00,44.597312927246094,44.597312927246094,44.597312927246094,44.597312927246094,199,0.0,0.0
2016-06-17 00:00:00+08:00,43.43959367858674,43.43959367858674,43.389259338378906,43.389259338378906,386,0.0,0.0
2016-06-20 00:00:00+08:00,42.28187808139585,42.8355668841941,42.28187808139585,42.78523254394531,4416,0.0,0.0
2016-06-21 00:00:00+08:00,42.78523254394531,42.78523254394531,42.78523254394531,42.78523254394531,1344,0.0,0.0
2016-06-22 00:00:00+08:00,42.78523449846433,42.835568841012496,42.181207641136886,42.33221435546875,11757,0.0,0.0
2016-06-23 00:00:00+08:00,42.432884806458816,42.885904928947696,42.432884806458816,42.483219146728516,769,0.0,0.0
2016-06-24 00:00:00+08:00,43.087245976713696,43.087245976713696,42.483219146728516,42.483219146728516,4227,0.0,0.0
2016-06-27 00:00:00+08:00,43.288588247466194,43.79194641113281,43.288588247466194,43.79194641113281,4346,0.0,0.0
2016-06-28 00:00:00+08:00,43.33892435623428,44.89932574643643,43.33892435623428,44.54697799682617,2497,0.0,0.0
2016-06-29 00:00:00+08:00,44.94966255926869,45.05033493041992,44.54698044803843,45.05033493041992,2688,0.0,0.0
2016-06-30 00:00:00+08:00,45.30201332241881,46.8120804331661,45.30201332241881,46.20805358886719,9026,0.0,0.0
2016-07-01 00:00:00+08:00,46.711408063553854,46.711408063553854,46.05704687779246,46.20805358886719,5953,0.0,0.0
2016-07-04 00:00:00+08:00,46.20805285098602,47.667781910273625,46.20805285098602,46.4597282409668,6965,0.0,0.0
2016-07-05 00:00:00+08:00,44.34563374069662,46.81207907445392,44.34563374069662,46.71140670776367,1783,0.0,0.0
2016-07-06 00:00:00+08:00,46.71140865827911,46.71140865827911,44.54698033421312,46.25838851928711,4446,0.0,0.0
2016-07-07 00:00:00+08:00,46.25838665342843,46.25838665342843,44.14429275673897,45.503353118896484,2462,0.0,0.0
2016-07-08 00:00:00+08:00,45.503353118896484,45.503353118896484,45.503353118896484,45.503353118896484,0,0.0,0.0
2016-07-11 00:00:00+08:00,44.64764854891988,46.81208053691275,44.64764854891988,45.0,5066,0.0,0.0
2016-07-12 00:00:00+08:00,46.92708206176758,46.92708206176758,46.875,46.875,780,1.5625,0.0
2016-07-13 00:00:00+08:00,46.875,46.875,46.875,46.875,362,0.0,0.0
2016-07-14 00:00:00+08:00,46.875,47.39583206176758,44.791664123535156,46.92708206176758,12943,0.0,0.0
2016-07-15 00:00:00+08:00,48.59375,48.59375,46.041664123535156,46.92708206176758,3666,0.0,0.0
2016-07-18 00:00:00+08:00,46.875,47.03125,46.354164123535156,46.354164123535156,844,0.0,0.0
2016-07-19 00:00:00+08:00,45.885414123535156,46.354164123535156,45.260414123535156,46.354164123535156,9035,0.0,0.0
2016-07-20 00:00:00+08:00,46.77083206176758,46.822914123535156,45.52083206176758,46.354164123535156,3648,0.0,0.0
2016-07-21 00:00:00+08:00,46.09375,46.354164123535156,45.67708206176758,46.354164123535156,5126,0.0,0.0
2016-07-22 00:00:00+08:00,49.73958206176758,49.73958206176758,45.67708206176758,46.61458206176758,4646,0.0,0.0
2016-07-25 00:00:00+08:00,46.30208206176758,46.822914123535156,45.98958206176758,46.354164123535156,13255,0.0,0.0
2016-07-26 00:00:00+08:00,45.572914123535156,48.4375,45.46875,47.916664123535156,9025,0.0,0.0
2016-07-27 00:00:00+08:00,46.875,46.875,46.197914123535156,46.197914123535156,1345,0.0,0.0
2016-07-28 00:00:00+08:00,46.92708206176758,46.92708206176758,46.25,46.30208206176758,4872,0.0,0.0
2016-07-29 00:00:00+08:00,44.58333206176758,45.83333206176758,44.58333206176758,45.572914123535156,2587,0.0,0.0
2016-08-01 00:00:00+08:00,45.9375,45.9375,45.78125,45.78125,9216,0.0,0.0
2016-08-02 00:00:00+08:00,45.83333206176758,46.71875,45.83333206176758,46.71875,7349,0.0,0.0
2016-08-03 00:00:00+08:00,46.875,46.875,46.25,46.666664123535156,9570,0.0,0.0
2016-08-04 00:00:00+08:00,48.385414123535156,48.385414123535156,46.77083206176758,48.229164123535156,6781,0.0,0.0
2016-08-05 00:00:00+08:00,47.65625,47.65625,46.875,46.875,3142,0.0,0.0
2016-08-08 00:00:00+08:00,46.875,48.385414123535156,45.83333206176758,46.979164123535156,13063,0.0,0.0
2016-08-09 00:00:00+08:00,46.979164123535156,47.86458206176758,46.875,47.39583206176758,4107,0.0,0.0
2016-08-10 00:00:00+08:00,46.875,47.86458206176758,46.61458206176758,47.86458206176758,3141,0.0,0.0
2016-08-11 00:00:00+08:00,48.28125,48.28125,47.08333206176758,47.08333206176758,7731,0.0,0.0
2016-08-12 00:00:00+08:00,47.5,47.5,46.875,47.08333206176758,4227,0.0,0.0
2016-08-15 00:00:00+08:00,47.135414123535156,47.65625,46.875,46.875,13061,0.0,0.0
2016-08-16 00:00:00+08:00,46.979164123535156,47.39583206176758,46.875,46.979164123535156,4081,0.0,0.0
2016-08-17 00:00:00+08:00,46.875,46.875,46.77083206176758,46.875,7255,0.0,0.0
2016-08-18 00:00:00+08:00,46.354164123535156,47.86458206176758,46.354164123535156,47.86458206176758,10915,0.0,0.0
2016-08-19 00:00:00+08:00,46.45833206176758,46.45833206176758,46.354164123535156,46.40625,4726,0.0,0.0
2016-08-22 00:00:00+08:00,46.354164123535156,46.354164123535156,45.83333206176758,46.09375,1356,0.0,0.0
2016-08-23 00:00:00+08:00,46.30208206176758,46.822914123535156,46.30208206176758,46.822914123535156,2733,0.0,0.0
2016-08-24 00:00:00+08:00,46.92708206176758,46.92708206176758,46.14583206176758,46.197914123535156,1548,0.0,0.0
2016-08-25 00:00:00+08:00,46.822914123535156,46.875,46.354164123535156,46.354164123535156,1927,0.0,0.0
2016-08-26 00:00:00+08:00,46.09375,46.354164123535156,46.09375,46.354164123535156,2767,0.0,0.0
2016-08-29 00:00:00+08:00,46.61458206176758,46.61458206176758,45.67708206176758,45.67708206176758,7700,0.0,0.0
2016-08-30 00:00:00+08:00,45.625,46.197914123535156,45.572914123535156,45.572914123535156,4839,0.0,0.0
2016-08-31 00:00:00+08:00,45.3125,46.09375,45.3125,46.09375,4625,0.0,0.0
2016-09-01 00:00:00+08:00,46.14583206176758,46.14583206176758,45.83333206176758,45.83333206176758,4041,0.0,0.0
2016-09-02 00:00:00+08:00,44.791664123535156,45.0,44.791664123535156,44.947914123535156,1152,0.0,0.0
2016-09-05 00:00:00+08:00,44.791664123535156,45.05208206176758,44.791664123535156,45.05208206176758,2689,0.0,0.0
2016-09-06 00:00:00+08:00,46.09375,46.09375,45.3125,45.3125,2554,0.0,0.0
2016-09-07 00:00:00+08:00,45.3125,45.83333206176758,45.3125,45.83333206176758,1163,0.0,0.0
2016-09-08 00:00:00+08:00,45.0,46.5625,45.0,46.510414123535156,2438,0.0,0.0
2016-09-09 00:00:00+08:00,46.09375,46.354164123535156,45.729164123535156,45.729164123535156,1999,0.0,0.0
2016-09-12 00:00:00+08:00,46.45833206176758,46.45833206176758,45.572914123535156,45.78125,8257,0.0,0.0
2016-09-13 00:00:00+08:00,45.625,45.67708206176758,45.572914123535156,45.572914123535156,6769,0.0,0.0
2016-09-14 00:00:00+08:00,44.84375,44.84375,44.84375,44.84375,192,0.0,0.0
2016-09-19 00:00:00+08:00,45.3125,45.3125,45.3125,45.3125,0,0.0,0.0
2016-09-20 00:00:00+08:00,47.96875,47.96875,45.3125,45.83333206176758,2501,0.0,0.0
2016-09-21 00:00:00+08:00,45.625,47.65625,45.52083206176758,46.61458206176758,8444,0.0,0.0
2016-09-22 00:00:00+08:00,45.83333206176758,47.55208206176758,45.572914123535156,47.55208206176758,4509,0.0,0.0
2016-09-23 00:00:00+08:00,45.78125,47.23958206176758,45.78125,46.354164123535156,2880,0.0,0.0
2016-09-26 00:00:00+08:00,45.78125,46.25,45.78125,46.25,3343,0.0,0.0
2016-09-27 00:00:00+08:00,46.25,46.25,46.25,46.25,0,0.0,0.0
2016-09-28 00:00:00+08:00,46.25,46.25,46.25,46.25,0,0.0,0.0
2016-09-29 00:00:00+08:00,45.572914123535156,45.78125,45.572914123535156,45.78125,2124,0.0,0.0
2016-09-30 00:00:00+08:00,44.58333206176758,46.354164123535156,44.58333206176758,46.354164123535156,960,0.0,0.0
2016-10-03 00:00:00+08:00,46.875,46.875,46.40625,46.61458206176758,1793,0.0,0.0
2016-10-04 00:00:00+08:00,46.09375,46.09375,46.09375,46.09375,1429,0.0,0.0
2016-10-05 00:00:00+08:00,46.09375,46.45833206176758,45.05208206176758,45.572914123535156,3420,0.0,0.0
2016-10-06 00:00:00+08:00,45.625,45.625,45.572914123535156,45.572914123535156,2520,0.0,0.0
2016-10-07 00:00:00+08:00,45.572914123535156,45.572914123535156,45.572914123535156,45.572914123535156,984,0.0,0.0
2016-10-11 00:00:00+08:00,45.0,45.0,45.0,45.0,197,0.0,0.0
2016-10-12 00:00:00+08:00,44.791664123535156,46.14583206176758,44.27083206176758,44.6875,4419,0.0,0.0
2016-10-13 00:00:00+08:00,43.541664123535156,44.11458206176758,43.541664123535156,44.11458206176758,681,0.0,0.0
2016-10-14 00:00:00+08:00,43.80208206176758,43.80208206176758,43.80208206176758,43.80208206176758,384,0.0,0.0
2016-10-17 00:00:00+08:00,42.96875,43.75,42.96875,43.75,483,0.0,0.0
2016-10-18 00:00:00+08:00,43.125,43.125,43.125,43.125,253,0.0,0.0
2016-10-19 00:00:00+08:00,43.072914123535156,44.322914123535156,43.072914123535156,44.322914123535156,393,0.0,0.0
2016-10-20 00:00:00+08:00,44.791664123535156,44.791664123535156,43.854164123535156,44.322914123535156,3840,0.0,0.0
2016-10-21 00:00:00+08:00,40.0,42.70833206176758,40.0,42.447914123535156,10834,0.0,0.0
2016-10-24 00:00:00+08:00,44.27083206176758,44.27083206176758,44.11458206176758,44.11458206176758,1246,0.0,0.0
2016-10-25 00:00:00+08:00,44.11458206176758,44.11458206176758,43.64583206176758,43.75,2885,0.0,0.0
2016-10-26 00:00:00+08:00,43.75,43.75,43.75,43.75,768,0.0,0.0
2016-10-27 00:00:00+08:00,43.75,43.75,43.75,43.75,45,0.0,0.0
2016-10-28 00:00:00+08:00,43.75,43.75,43.75,43.75,0,0.0,0.0
2016-10-31 00:00:00+08:00,43.28125,43.28125,43.28125,43.28125,6,0.0,0.0
2016-11-01 00:00:00+08:00,43.75,43.75,41.666664123535156,43.072914123535156,963,0.0,0.0
2016-11-02 00:00:00+08:00,41.09375,41.510414123535156,41.041664123535156,41.510414123535156,6146,0.0,0.0
2016-11-03 00:00:00+08:00,41.875,42.70833206176758,41.71875,42.70833206176758,2306,0.0,0.0
2016-11-04 00:00:00+08:00,42.65625,42.65625,42.65625,42.65625,384,0.0,0.0
2016-11-07 00:00:00+08:00,42.65625,42.65625,42.65625,42.65625,1,0.0,0.0
2016-11-08 00:00:00+08:00,41.71875,44.42708206176758,41.30208206176758,44.42708206176758,16177,0.0,0.0
2016-11-09 00:00:00+08:00,43.64583206176758,43.64583206176758,41.92708206176758,41.92708206176758,6945,0.0,0.0
2016-11-10 00:00:00+08:00,38.541664123535156,42.70833206176758,38.541664123535156,39.89583206176758,3892,0.0,0.0
2016-11-11 00:00:00+08:00,39.58333206176758,41.30208206176758,39.53125,40.729164123535156,4247,0.0,0.0
2016-11-14 00:00:00+08:00,42.65625,42.65625,42.65625,42.65625,504,0.0,0.0
2016-11-15 00:00:00+08:00,40.625,41.666664123535156,40.625,41.666664123535156,655,0.0,0.0
2016-11-16 00:00:00+08:00,42.70833206176758,42.70833206176758,42.1875,42.1875,976,0.0,0.0
2016-11-17 00:00:00+08:00,41.92708206176758,46.30208206176758,41.92708206176758,45.885414123535156,40844,0.0,0.0
2016-11-18 00:00:00+08:00,45.3125,45.36458206176758,43.854164123535156,45.15625,2328,0.0,0.0
2016-11-21 00:00:00+08:00,43.75,45.20833206176758,43.64583206176758,45.20833206176758,1130,0.0,0.0
2016-11-22 00:00:00+08:00,43.28125,45.05208206176758,43.28125,45.05208206176758,770,0.0,0.0
2016-11-23 00:00:00+08:00,44.010414123535156,44.89583206176758,44.010414123535156,44.89583206176758,967,0.0,0.0
2016-11-24 00:00:00+08:00,43.75,43.75,42.8125,42.86458206176758,2508,0.0,0.0
2016-11-25 00:00:00+08:00,44.0625,44.0625,44.0625,44.0625,192,0.0,0.0
2016-11-28 00:00:00+08:00,42.291664123535156,42.34375,42.291664123535156,42.34375,587,0.0,0.0
2016-11-29 00:00:00+08:00,42.23958206176758,42.70833206176758,42.23958206176758,42.291664123535156,2690,0.0,0.0
2016-11-30 00:00:00+08:00,42.291664123535156,43.17708206176758,42.1875,43.17708206176758,3876,0.0,0.0
2016-12-01 00:00:00+08:00,43.17708206176758,43.17708206176758,43.17708206176758,43.17708206176758,0,0.0,0.0
2016-12-02 00:00:00+08:00,44.11458206176758,44.11458206176758,44.11458206176758,44.11458206176758,385,0.0,0.0
2016-12-05 00:00:00+08:00,42.55208206176758,42.55208206176758,42.1875,42.1875,1191,0.0,0.0
2016-12-06 00:00:00+08:00,42.34375,42.34375,42.1875,42.1875,2078,0.0,0.0
2016-12-07 00:00:00+08:00,42.34375,42.34375,42.34375,42.34375,155,0.0,0.0
2016-12-08 00:00:00+08:00,42.291664123535156,43.59375,41.822914123535156,43.59375,2157,0.0,0.0
2016-12-09 00:00:00+08:00,42.03125,42.70833206176758,42.03125,42.70833206176758,1070,0.0,0.0
2016-12-12 00:00:00+08:00,42.70833206176758,42.70833206176758,42.1875,42.1875,631,0.0,0.0
2016-12-13 00:00:00+08:00,42.39583206176758,43.48958206176758,42.39583206176758,42.447914123535156,5592,0.0,0.0
2016-12-14 00:00:00+08:00,42.55208206176758,42.55208206176758,42.55208206176758,42.55208206176758,788,0.0,0.0
2016-12-15 00:00:00+08:00,43.90625,43.90625,43.90625,43.90625,196,0.0,0.0
2016-12-16 00:00:00+08:00,43.697914123535156,43.697914123535156,43.697914123535156,43.697914123535156,183,0.0,0.0
2016-12-19 00:00:00+08:00,43.4375,43.4375,43.4375,43.4375,0,0.0,0.0
2016-12-20 00:00:00+08:00,41.666664123535156,43.385414123535156,41.666664123535156,42.23958206176758,1679,0.0,0.0
2016-12-21 00:00:00+08:00,46.197914123535156,46.25,43.02083206176758,43.125,2723,0.0,0.0
2016-12-22 00:00:00+08:00,43.125,43.125,42.70833206176758,42.70833206176758,577,0.0,0.0
2016-12-23 00:00:00+08:00,41.25,43.125,41.25,41.92708206176758,3709,0.0,0.0
2016-12-26 00:00:00+08:00,41.61458206176758,41.92708206176758,41.61458206176758,41.71875,4225,0.0,0.0
2016-12-27 00:00:00+08:00,41.666664123535156,42.70833206176758,41.666664123535156,42.65625,3887,0.0,0.0
2016-12-28 00:00:00+08:00,44.375,44.375,42.70833206176758,42.70833206176758,2941,0.0,0.0
2016-12-29 00:00:00+08:00,41.92708206176758,42.1875,41.77083206176758,42.1875,17004,0.0,0.0
2016-12-30 00:00:00+08:00,42.1875,46.14583206176758,42.1875,44.11458206176758,3958,0.0,0.0
2017-01-03 00:00:00+08:00,43.95833206176758,43.95833206176758,43.95833206176758,43.95833206176758,3,0.0,0.0
2017-01-04 00:00:00+08:00,41.666664123535156,42.23958206176758,41.666664123535156,42.23958206176758,2361,0.0,0.0
2017-01-05 00:00:00+08:00,42.70833206176758,42.70833206176758,42.70833206176758,42.70833206176758,1152,0.0,0.0
2017-01-06 00:00:00+08:00,42.1875,42.65625,40.78125,41.92708206176758,8853,0.0,0.0
2017-01-09 00:00:00+08:00,41.92708206176758,41.92708206176758,41.92708206176758,41.92708206176758,59,0.0,0.0
2017-01-10 00:00:00+08:00,43.125,43.17708206176758,43.072914123535156,43.072914123535156,1555,0.0,0.0
2017-01-11 00:00:00+08:00,42.291664123535156,42.34375,42.291664123535156,42.34375,2888,0.0,0.0
2017-01-12 00:00:00+08:00,42.1875,42.1875,41.822914123535156,41.822914123535156,816,0.0,0.0
2017-01-13 00:00:00+08:00,41.822914123535156,41.822914123535156,41.822914123535156,41.822914123535156,247,0.0,0.0
2017-01-16 00:00:00+08:00,41.666664123535156,41.822914123535156,41.666664123535156,41.822914123535156,655,0.0,0.0
2017-01-17 00:00:00+08:00,42.291664123535156,42.291664123535156,42.1875,42.1875,429,0.0,0.0
2017-01-18 00:00:00+08:00,41.92708206176758,42.291664123535156,41.92708206176758,42.08333206176758,1435,0.0,0.0
2017-01-19 00:00:00+08:00,42.03125,42.03125,42.03125,42.03125,774,0.0,0.0
2017-01-20 00:00:00+08:00,40.78125,40.78125,40.78125,40.78125,194,0.0,0.0
2017-01-23 00:00:00+08:00,42.65625,42.70833206176758,41.822914123535156,41.822914123535156,579,0.0,0.0
2017-01-24 00:00:00+08:00,41.822914123535156,41.822914123535156,41.822914123535156,41.822914123535156,262,0.0,0.0
2017-02-02 00:00:00+08:00,43.697914123535156,43.697914123535156,42.1875,42.1875,1540,0.0,0.0
2017-02-03 00:00:00+08:00,42.135414123535156,42.23958206176758,42.135414123535156,42.23958206176758,1153,0.0,0.0
2017-02-06 00:00:00+08:00,46.09375,46.09375,44.27083206176758,44.635414123535156,6782,0.0,0.0
2017-02-07 00:00:00+08:00,44.6875,45.260414123535156,43.854164123535156,43.854164123535156,5004,0.0,0.0
2017-02-08 00:00:00+08:00,43.28125,43.75,43.229164123535156,43.75,2629,0.0,0.0
2017-02-09 00:00:00+08:00,42.291664123535156,42.760414123535156,42.291664123535156,42.760414123535156,8149,0.0,0.0
2017-02-10 00:00:00+08:00,42.86458206176758,44.27083206176758,42.86458206176758,44.27083206176758,2018,0.0,0.0
2017-02-13 00:00:00+08:00,44.27083206176758,45.3125,44.27083206176758,44.27083206176758,2478,0.0,0.0
2017-02-14 00:00:00+08:00,44.27083206176758,45.20833206176758,44.166664123535156,45.20833206176758,5517,0.0,0.0
2017-02-15 00:00:00+08:00,44.0625,44.0625,44.0625,44.0625,1476,0.0,0.0
2017-02-16 00:00:00+08:00,43.95833206176758,43.95833206176758,43.33333206176758,43.33333206176758,8589,0.0,0.0
2017-02-17 00:00:00+08:00,43.33333206176758,43.697914123535156,42.70833206176758,43.697914123535156,4151,0.0,0.0
2017-02-20 00:00:00+08:00,43.229164123535156,43.229164123535156,43.229164123535156,43.229164123535156,15,0.0,0.0
2017-02-21 00:00:00+08:00,44.375,44.42708206176758,43.229164123535156,44.42708206176758,3686,0.0,0.0
2017-02-22 00:00:00+08:00,44.42708206176758,45.260414123535156,43.541664123535156,43.75,2194,0.0,0.0
2017-02-23 00:00:00+08:00,44.27083206176758,45.15625,43.75,44.010414123535156,4911,0.0,0.0
2017-02-24 00:00:00+08:00,43.75,43.75,43.385414123535156,43.385414123535156,1080,0.0,0.0
2017-03-01 00:00:00+08:00,43.229164123535156,43.229164123535156,42.760414123535156,42.86458206176758,2646,0.0,0.0
2017-03-02 00:00:00+08:00,44.27083206176758,44.27083206176758,43.541664123535156,43.541664123535156,3324,0.0,0.0
2017-03-03 00:00:00+08:00,42.86458206176758,43.02083206176758,42.86458206176758,43.02083206176758,1700,0.0,0.0
2017-03-06 00:00:00+08:00,43.48958206176758,43.48958206176758,43.4375,43.4375,433,0.0,0.0
2017-03-07 00:00:00+08:00,43.385414123535156,43.385414123535156,43.229164123535156,43.229164123535156,586,0.0,0.0
2017-03-08 00:00:00+08:00,43.229164123535156,43.75,43.229164123535156,43.75,3885,0.0,0.0
2017-03-09 00:00:00+08:00,43.90625,44.6875,43.75,44.6875,4461,0.0,0.0
2017-03-10 00:00:00+08:00,44.84375,44.84375,43.90625,44.375,6362,0.0,0.0
2017-03-13 00:00:00+08:00,44.010414123535156,44.010414123535156,44.010414123535156,44.010414123535156,598,0.0,0.0
2017-03-14 00:00:00+08:00,45.05208206176758,45.05208206176758,43.64583206176758,44.479164123535156,4355,0.0,0.0
2017-03-15 00:00:00+08:00,43.854164123535156,46.71875,43.697914123535156,46.666664123535156,50175,0.0,0.0
2017-03-16 00:00:00+08:00,46.09375,47.65625,45.3125,47.5,48420,0.0,0.0
2017-03-17 00:00:00+08:00,46.25,48.125,45.625,47.23958206176758,10722,0.0,0.0
2017-03-20 00:00:00+08:00,46.875,46.875,45.83333206176758,45.885414123535156,8697,0.0,0.0
2017-03-21 00:00:00+08:00,45.83333206176758,47.135414123535156,44.791664123535156,45.98958206176758,12879,0.0,0.0
2017-03-22 00:00:00+08:00,45.104164123535156,47.291664123535156,45.104164123535156,47.291664123535156,3847,0.0,0.0
2017-03-23 00:00:00+08:00,46.14583206176758,46.71875,46.09375,46.25,8691,0.0,0.0
2017-03-24 00:00:00+08:00,46.875,46.875,45.83333206176758,46.61458206176758,14424,0.0,0.0
2017-03-27 00:00:00+08:00,46.25,46.822914123535156,46.25,46.40625,4647,0.0,0.0
2017-03-28 00:00:00+08:00,45.05208206176758,46.354164123535156,45.05208206176758,46.354164123535156,6547,0.0,0.0
2017-03-29 00:00:00+08:00,46.354164123535156,46.40625,45.36458206176758,46.354164123535156,6150,0.0,0.0
2017-03-30 00:00:00+08:00,43.48958206176758,44.27083206176758,43.28125,43.59375,29294,0.0,0.0
2017-03-31 00:00:00+08:00,43.072914123535156,44.27083206176758,43.072914123535156,44.166664123535156,5743,0.0,0.0
2017-04-05 00:00:00+08:00,45.05208206176758,45.05208206176758,43.75,43.75,9979,0.0,0.0
2017-04-06 00:00:00+08:00,44.42708206176758,44.42708206176758,43.59375,43.59375,5188,0.0,0.0
2017-04-07 00:00:00+08:00,42.70833206176758,43.59375,42.447914123535156,42.70833206176758,14331,0.0,0.0
2017-04-10 00:00:00+08:00,42.65625,44.6875,42.65625,42.760414123535156,5990,0.0,0.0
2017-04-11 00:00:00+08:00,43.229164123535156,43.697914123535156,42.70833206176758,42.760414123535156,9970,0.0,0.0
2017-04-12 00:00:00+08:00,40.104164123535156,42.86458206176758,40.104164123535156,42.70833206176758,4253,0.0,0.0
2017-04-13 00:00:00+08:00,42.34375,42.70833206176758,42.34375,42.65625,7072,0.0,0.0
2017-04-14 00:00:00+08:00,42.291664123535156,42.447914123535156,41.92708206176758,42.447914123535156,5982,0.0,0.0
2017-04-17 00:00:00+08:00,44.635414123535156,44.6875,43.64583206176758,43.64583206176758,4062,0.0,0.0
2017-04-18 00:00:00+08:00,42.291664123535156,42.447914123535156,42.291664123535156,42.447914123535156,407,0.0,0.0
2017-04-19 00:00:00+08:00,42.55208206176758,42.65625,42.55208206176758,42.65625,2157,0.0,0.0
2017-04-20 00:00:00+08:00,41.92708206176758,42.65625,41.666664123535156,41.666664123535156,9045,0.0,0.0
2017-04-21 00:00:00+08:00,42.1875,43.229164123535156,42.1875,42.5,28995,0.0,0.0
2017-04-24 00:00:00+08:00,43.02083206176758,43.229164123535156,42.70833206176758,42.70833206176758,9603,0.0,0.0
2017-04-25 00:00:00+08:00,42.70833206176758,43.75,42.70833206176758,43.28125,14107,0.0,0.0
2017-04-26 00:00:00+08:00,43.59375,43.59375,43.229164123535156,43.33333206176758,12558,0.0,0.0
2017-04-27 00:00:00+08:00,43.28125,43.33333206176758,43.02083206176758,43.229164123535156,12869,0.0,0.0
2017-04-28 00:00:00+08:00,43.33333206176758,43.385414123535156,42.86458206176758,43.17708206176758,18048,0.0,0.0
2017-05-02 00:00:00+08:00,42.96875,42.96875,42.447914123535156,42.447914123535156,6720,0.0,0.0
2017-05-03 00:00:00+08:00,42.447914123535156,42.447914123535156,41.666664123535156,41.666664123535156,8641,0.0,0.0
2017-05-04 00:00:00+08:00,41.666664123535156,43.229164123535156,41.45833206176758,43.229164123535156,15782,0.0,0.0
2017-05-05 00:00:00+08:00,43.229164123535156,43.854164123535156,42.23958206176758,42.23958206176758,7489,0.0,0.0
2017-05-08 00:00:00+08:00,42.23958206176758,42.70833206176758,42.1875,42.70833206176758,1081,0.0,0.0
2017-05-09 00:00:00+08:00,41.822914123535156,41.822914123535156,40.885414123535156,40.885414123535156,6144,0.0,0.0
2017-05-10 00:00:00+08:00,41.09375,43.64583206176758,41.09375,41.666664123535156,18624,0.0,0.0
2017-05-11 00:00:00+08:00,42.03125,42.03125,41.666664123535156,41.666664123535156,6921,0.0,0.0
2017-05-12 00:00:00+08:00,41.666664123535156,41.77083206176758,41.666664123535156,41.71875,11575,0.0,0.0
2017-05-15 00:00:00+08:00,42.08333206176758,42.34375,41.666664123535156,41.666664123535156,10166,0.0,0.0
2017-05-16 00:00:00+08:00,41.666664123535156,41.666664123535156,41.666664123535156,41.666664123535156,5952,0.0,0.0
2017-05-17 00:00:00+08:00,41.666664123535156,41.666664123535156,41.666664123535156,41.666664123535156,0,0.0,0.0
2017-05-18 00:00:00+08:00,40.625,40.625,40.625,40.625,4181,0.0,0.0
2017-05-19 00:00:00+08:00,40.625,42.447914123535156,40.625,42.447914123535156,9280,0.0,0.0
2017-05-22 00:00:00+08:00,42.447914123535156,42.447914123535156,40.885414123535156,42.1875,12197,0.0,0.0
2017-05-23 00:00:00+08:00,42.03125,42.08333206176758,42.03125,42.08333206176758,1926,0.0,0.0
2017-05-24 00:00:00+08:00,41.30208206176758,42.65625,41.30208206176758,42.65625,908,0.0,0.0
2017-05-25 00:00:00+08:00,42.8125,42.8125,41.71875,41.71875,1344,0.0,0.0
2017-05-26 00:00:00+08:00,42.1875,42.1875,41.77083206176758,41.77083206176758,3730,0.0,0.0
2017-05-31 00:00:00+08:00,41.77083206176758,41.77083206176758,41.77083206176758,41.77083206176758,2688,0.0,0.0
2017-06-01 00:00:00+08:00,42.1875,42.1875,41.041664123535156,41.510414123535156,9674,0.0,0.0
2017-06-02 00:00:00+08:00,41.45833206176758,41.5625,40.98958206176758,40.98958206176758,5455,0.0,0.0
2017-06-05 00:00:00+08:00,40.625,42.5,40.20833206176758,42.5,28608,0.0,0.0
2017-06-06 00:00:00+08:00,41.822914123535156,41.822914123535156,41.71875,41.71875,1152,0.0,0.0
2017-06-07 00:00:00+08:00,41.71875,42.03125,41.666664123535156,42.03125,3840,0.0,0.0
2017-06-08 00:00:00+08:00,41.71875,41.71875,41.666664123535156,41.666664123535156,5151,0.0,0.0
2017-06-09 00:00:00+08:00,40.78125,44.21875,40.78125,42.96875,24265,0.0,0.0
2017-06-12 00:00:00+08:00,41.510414123535156,43.64583206176758,41.510414123535156,42.1875,11903,0.0,0.0
2017-06-13 00:00:00+08:00,44.27083206176758,44.27083206176758,42.5,42.5,15744,0.0,0.0
2017-06-14 00:00:00+08:00,42.5,45.729164123535156,42.5,44.322914123535156,22024,0.0,0.0
2017-06-15 00:00:00+08:00,44.11458206176758,44.166664123535156,42.55208206176758,43.4375,19418,0.0,0.0
2017-06-16 00:00:00+08:00,43.385414123535156,43.385414123535156,42.1875,42.86458206176758,6144,0.0,0.0
2017-06-19 00:00:00+08:00,43.072914123535156,43.072914123535156,42.70833206176758,42.70833206176758,2925,0.0,0.0
2017-06-20 00:00:00+08:00,42.70833206176758,43.33333206176758,42.5,43.02083206176758,10753,0.0,0.0
2017-06-21 00:00:00+08:00,42.96875,44.791664123535156,42.96875,43.4375,33274,0.0,0.0
2017-06-22 00:00:00+08:00,42.96875,43.95833206176758,42.447914123535156,42.760414123535156,38371,0.0,0.0
2017-06-23 00:00:00+08:00,42.65625,42.70833206176758,42.55208206176758,42.70833206176758,5788,0.0,0.0
2017-06-26 00:00:00+08:00,42.70833206176758,43.125,42.1875,43.125,7719,0.0,0.0
2017-06-27 00:00:00+08:00,42.39583206176758,42.96875,42.1875,42.916664123535156,6533,0.0,0.0
2017-06-28 00:00:00+08:00,41.666664123535156,42.916664123535156,41.61458206176758,42.70833206176758,7990,0.0,0.0
2017-06-29 00:00:00+08:00,42.34375,42.65625,41.979164123535156,42.65625,8402,0.0,0.0
2017-06-30 00:00:00+08:00,42.1875,42.70833206176758,42.1875,42.70833206176758,4693,0.0,0.0
2017-07-03 00:00:00+08:00,42.1875,42.760414123535156,42.1875,42.760414123535156,1279,0.0,0.0
2017-07-04 00:00:00+08:00,42.23958206176758,42.23958206176758,42.23958206176758,42.23958206176758,823,0.0,0.0
2017-07-05 00:00:00+08:00,42.70833206176758,42.70833206176758,42.70833206176758,42.70833206176758,2880,0.0,0.0
2017-07-06 00:00:00+08:00,42.70833206176758,42.70833206176758,41.77083206176758,42.65625,6348,0.0,0.0
2017-07-07 00:00:00+08:00,41.92708206176758,42.447914123535156,41.71875,42.447914123535156,2819,0.0,0.0
2017-07-10 00:00:00+08:00,42.447914123535156,43.229164123535156,42.447914123535156,42.8125,12831,0.0,0.0
2017-07-11 00:00:00+08:00,43.229164123535156,43.229164123535156,42.55208206176758,43.125,5953,0.0,0.0
2017-07-12 00:00:00+08:00,43.28125,43.75,43.125,43.75,12323,0.0,0.0
2017-07-13 00:00:00+08:00,43.541664123535156,43.541664123535156,43.02083206176758,43.02083206176758,2928,0.0,0.0
2017-07-14 00:00:00+08:00,43.125,43.64583206176758,42.916664123535156,43.64583206176758,3456,0.0,0.0
2017-07-17 00:00:00+08:00,43.64583206176758,45.260414123535156,43.64583206176758,44.375,18377,0.0,0.0
2017-07-18 00:00:00+08:00,43.59375,44.635414123535156,43.59375,44.53125,13718,0.0,0.0
2017-07-19 00:00:00+08:00,43.28125,46.041664123535156,43.28125,45.46875,46618,0.0,0.0
2017-07-20 00:00:00+08:00,45.46875,45.46875,41.979164123535156,43.229164123535156,54193,0.0,0.0
2017-07-21 00:00:00+08:00,43.125,43.17708206176758,42.447914123535156,42.70833206176758,6020,0.0,0.0
2017-07-24 00:00:00+08:00,42.291664123535156,43.02083206176758,42.23958206176758,43.02083206176758,1728,0.0,0.0
2017-07-25 00:00:00+08:00,42.1875,43.02083206176758,42.1875,43.02083206176758,2021,0.0,0.0
2017-07-26 00:00:00+08:00,42.39583206176758,42.39583206176758,42.08333206176758,42.08333206176758,9944,0.0,0.0
2017-07-27 00:00:00+08:00,41.822914123535156,42.39583206176758,41.354164123535156,42.39583206176758,15556,0.0,0.0
2017-07-28 00:00:00+08:00,42.1875,42.604164123535156,41.71875,42.1875,5577,0.0,0.0
2017-07-31 00:00:00+08:00,42.55208206176758,42.70833206176758,41.666664123535156,42.39583206176758,6439,0.0,0.0
2017-08-01 00:00:00+08:00,41.822914123535156,41.822914123535156,41.14583206176758,41.666664123535156,13334,0.0,0.0
2017-08-02 00:00:00+08:00,41.041664123535156,41.61458206176758,41.041664123535156,41.61458206176758,2185,0.0,0.0
2017-08-03 00:00:00+08:00,40.9375,41.40625,40.9375,41.40625,3510,0.0,0.0
2017-08-04 00:00:00+08:00,40.885414123535156,41.14583206176758,40.78125,41.14583206176758,1637,0.0,0.0
2017-08-07 00:00:00+08:00,41.30208206176758,41.40625,40.67708206176758,40.9375,5400,0.0,0.0
2017-08-08 00:00:00+08:00,40.78125,41.30208206176758,40.78125,41.30208206176758,404,0.0,0.0
2017-08-09 00:00:00+08:00,40.9375,41.30208206176758,40.67708206176758,41.30208206176758,2924,0.0,0.0
2017-08-10 00:00:00+08:00,40.885414123535156,40.885414123535156,40.05208206176758,40.625,12718,0.0,0.0
2017-08-11 00:00:00+08:00,40.625,40.67708206176758,39.21875,40.36458206176758,11136,0.0,0.0
2017-08-14 00:00:00+08:00,39.635414123535156,40.104164123535156,39.53125,39.53125,23270,0.0,0.0
2017-08-15 00:00:00+08:00,39.479164123535156,39.947914123535156,38.59375,39.947914123535156,4032,0.0,0.0
2017-08-16 00:00:00+08:00,39.58333206176758,39.791664123535156,39.58333206176758,39.791664123535156,4574,0.0,0.0
2017-08-17 00:00:00+08:00,39.58333206176758,39.6875,38.75,39.6875,13464,0.0,0.0
2017-08-18 00:00:00+08:00,39.6875,40.98958206176758,39.6875,40.98958206176758,909,0.0,0.0
2017-08-21 00:00:00+08:00,40.05208206176758,40.05208206176758,38.90625,39.58333206176758,6594,0.0,0.0
2017-08-22 00:00:00+08:00,39.322914123535156,39.635414123535156,39.11458206176758,39.635414123535156,1938,0.0,0.0
2017-08-23 00:00:00+08:00,39.375,39.947914123535156,39.0625,39.53125,5979,0.0,0.0
2017-08-24 00:00:00+08:00,40.0,40.0,38.541664123535156,39.0625,14223,0.0,0.0
2017-08-25 00:00:00+08:00,39.0625,40.46875,39.0625,39.42708206176758,34437,0.0,0.0
2017-08-28 00:00:00+08:00,39.42708206176758,40.05208206176758,39.0625,40.05208206176758,37650,0.0,0.0
2017-08-29 00:00:00+08:00,40.20833206176758,40.20833206176758,39.27083206176758,39.27083206176758,28995,0.0,0.0
2017-08-30 00:00:00+08:00,40.05208206176758,40.572914123535156,39.42708206176758,39.84375,4427,0.0,0.0
2017-08-31 00:00:00+08:00,39.42708206176758,40.05208206176758,39.42708206176758,39.479164123535156,4224,0.0,0.0
2017-09-01 00:00:00+08:00,40.05208206176758,41.61458206176758,40.05208206176758,40.78125,12978,0.0,0.0
2017-09-04 00:00:00+08:00,41.354164123535156,41.354164123535156,39.635414123535156,39.89583206176758,4828,0.0,0.0
2017-09-05 00:00:00+08:00,39.635414123535156,41.354164123535156,39.635414123535156,40.625,9557,0.0,0.0
2017-09-06 00:00:00+08:00,40.98958206176758,40.98958206176758,40.104164123535156,40.625,6183,0.0,0.0
2017-09-07 00:00:00+08:00,40.52083206176758,41.61458206176758,39.635414123535156,39.791664123535156,9630,0.0,0.0
2017-09-08 00:00:00+08:00,39.84375,40.15625,39.322914123535156,39.6875,25548,0.0,0.0
2017-09-11 00:00:00+08:00,39.53125,40.20833206176758,39.53125,40.104164123535156,11551,0.0,0.0
2017-09-12 00:00:00+08:00,40.416664123535156,40.416664123535156,39.375,39.58333206176758,4766,0.0,0.0
2017-09-13 00:00:00+08:00,39.375,39.84375,39.0625,39.11458206176758,25936,0.0,0.0
2017-09-14 00:00:00+08:00,39.11458206176758,41.666664123535156,39.11458206176758,40.104164123535156,10460,0.0,0.0
2017-09-15 00:00:00+08:00,39.58333206176758,41.14583206176758,39.58333206176758,40.625,17053,0.0,0.0
2017-09-18 00:00:00+08:00,40.20833206176758,40.260414123535156,39.89583206176758,40.20833206176758,3856,0.0,0.0
2017-09-19 00:00:00+08:00,39.635414123535156,41.40625,39.635414123535156,40.260414123535156,8956,0.0,0.0
2017-09-20 00:00:00+08:00,39.635414123535156,40.83333206176758,39.635414123535156,40.104164123535156,3150,0.0,0.0
2017-09-21 00:00:00+08:00,40.67708206176758,40.67708206176758,39.89583206176758,40.52083206176758,24521,0.0,0.0
2017-09-22 00:00:00+08:00,39.89583206176758,42.1875,39.84375,40.9375,32073,0.0,0.0
2017-09-25 00:00:00+08:00,40.46875,45.0,40.260414123535156,42.8125,117767,0.0,0.0
2017-09-26 00:00:00+08:00,42.1875,42.1875,40.98958206176758,40.98958206176758,93980,0.0,0.0
2017-09-27 00:00:00+08:00,41.14583206176758,42.135414123535156,41.14583206176758,41.30208206176758,4768,0.0,0.0
2017-09-28 00:00:00+08:00,40.625,40.625,40.572914123535156,40.572914123535156,1727,0.0,0.0
2017-09-29 00:00:00+08:00,39.89583206176758,40.416664123535156,39.89583206176758,40.260414123535156,7375,0.0,0.0
2017-10-02 00:00:00+08:00,41.666664123535156,42.39583206176758,41.666664123535156,41.666664123535156,19980,0.0,0.0
2017-10-03 00:00:00+08:00,41.666664123535156,42.1875,41.25,42.1875,39760,0.0,0.0
2017-10-05 00:00:00+08:00,42.291664123535156,44.21875,42.291664123535156,42.604164123535156,23491,0.0,0.0
2017-10-06 00:00:00+08:00,42.39583206176758,42.65625,42.39583206176758,42.65625,4320,0.0,0.0
2017-10-11 00:00:00+08:00,42.604164123535156,42.96875,41.822914123535156,42.96875,5295,0.0,0.0
2017-10-12 00:00:00+08:00,42.96875,43.48958206176758,42.86458206176758,42.86458206176758,36691,0.0,0.0
2017-10-13 00:00:00+08:00,42.1875,42.604164123535156,41.77083206176758,41.92708206176758,4805,0.0,0.0
2017-10-16 00:00:00+08:00,41.666664123535156,43.229164123535156,41.666664123535156,43.17708206176758,19041,0.0,0.0
2017-10-17 00:00:00+08:00,42.70833206176758,42.70833206176758,41.5625,41.92708206176758,14400,0.0,0.0
2017-10-18 00:00:00+08:00,41.61458206176758,43.28125,41.30208206176758,42.5,25148,0.0,0.0
2017-10-19 00:00:00+08:00,41.40625,42.70833206176758,38.59375,42.70833206176758,94277,0.0,0.0
2017-10-20 00:00:00+08:00,40.67708206176758,41.875,40.67708206176758,40.885414123535156,59110,0.0,0.0
2017-10-23 00:00:00+08:00,40.83333206176758,41.354164123535156,40.36458206176758,41.09375,12096,0.0,0.0
2017-10-24 00:00:00+08:00,41.09375,41.09375,40.104164123535156,41.041664123535156,11328,0.0,0.0
2017-10-25 00:00:00+08:00,40.885414123535156,41.510414123535156,40.625,40.625,7195,0.0,0.0
2017-10-26 00:00:00+08:00,40.625,40.98958206176758,40.625,40.98958206176758,3157,0.0,0.0
2017-10-27 00:00:00+08:00,40.416664123535156,40.625,40.104164123535156,40.15625,8844,0.0,0.0
2017-10-30 00:00:00+08:00,40.52083206176758,40.52083206176758,40.104164123535156,40.36458206176758,1580,0.0,0.0
2017-10-31 00:00:00+08:00,40.15625,40.885414123535156,40.15625,40.46875,3319,0.0,0.0
2017-11-01 00:00:00+08:00,40.15625,40.36458206176758,39.84375,40.36458206176758,3846,0.0,0.0
2017-11-02 00:00:00+08:00,40.15625,40.15625,40.15625,40.15625,532,0.0,0.0
2017-11-03 00:00:00+08:00,39.58333206176758,40.52083206176758,39.58333206176758,40.46875,4127,0.0,0.0
2017-11-06 00:00:00+08:00,39.6875,40.0,39.479164123535156,40.0,18524,0.0,0.0
2017-11-07 00:00:00+08:00,39.58333206176758,39.84375,39.0625,39.58333206176758,14208,0.0,0.0
2017-11-08 00:00:00+08:00,39.11458206176758,39.11458206176758,39.010414123535156,39.010414123535156,12364,0.0,0.0
2017-11-09 00:00:00+08:00,38.80208206176758,40.104164123535156,38.541664123535156,38.541664123535156,13056,0.0,0.0
2017-11-10 00:00:00+08:00,38.541664123535156,39.166664123535156,38.28125,38.28125,12306,0.0,0.0
2017-11-13 00:00:00+08:00,37.8125,41.979164123535156,37.8125,38.541664123535156,39146,0.0,0.0
2017-11-14 00:00:00+08:00,38.90625,39.58333206176758,38.80208206176758,39.322914123535156,19055,0.0,0.0
2017-11-15 00:00:00+08:00,39.479164123535156,40.625,39.0625,40.625,24198,0.0,0.0
2017-11-16 00:00:00+08:00,39.73958206176758,40.3125,39.58333206176758,40.3125,4830,0.0,0.0
2017-11-17 00:00:00+08:00,39.42708206176758,40.0,39.42708206176758,39.791664123535156,4620,0.0,0.0
2017-11-20 00:00:00+08:00,39.11458206176758,39.11458206176758,39.11458206176758,39.11458206176758,705,0.0,0.0
2017-11-21 00:00:00+08:00,39.11458206176758,40.0,38.95833206176758,39.0625,7110,0.0,0.0
2017-11-22 00:00:00+08:00,39.010414123535156,39.53125,39.010414123535156,39.0625,5248,0.0,0.0
2017-11-23 00:00:00+08:00,39.0625,40.36458206176758,39.0625,40.36458206176758,17875,0.0,0.0
2017-11-24 00:00:00+08:00,39.635414123535156,42.34375,39.635414123535156,41.61458206176758,28069,0.0,0.0
2017-11-27 00:00:00+08:00,40.52083206176758,40.52083206176758,39.635414123535156,39.84375,12288,0.0,0.0
2017-11-28 00:00:00+08:00,40.20833206176758,40.260414123535156,39.635414123535156,39.635414123535156,6048,0.0,0.0
2017-11-29 00:00:00+08:00,39.53125,40.20833206176758,39.53125,40.05208206176758,11741,0.0,0.0
2017-11-30 00:00:00+08:00,40.05208206176758,41.5625,39.479164123535156,41.25,35520,0.0,0.0
2017-12-01 00:00:00+08:00,41.14583206176758,42.291664123535156,40.15625,41.71875,43629,0.0,0.0
2017-12-04 00:00:00+08:00,41.666664123535156,41.666664123535156,40.52083206176758,41.510414123535156,21120,0.0,0.0
2017-12-05 00:00:00+08:00,40.83333206176758,40.83333206176758,40.104164123535156,40.104164123535156,4766,0.0,0.0
2017-12-06 00:00:00+08:00,39.166664123535156,39.58333206176758,39.166664123535156,39.58333206176758,6430,0.0,0.0
2017-12-07 00:00:00+08:00,39.58333206176758,39.84375,39.166664123535156,39.166664123535156,4225,0.0,0.0
2017-12-08 00:00:00+08:00,39.11458206176758,41.25,39.010414123535156,41.041664123535156,37094,0.0,0.0
2017-12-11 00:00:00+08:00,40.260414123535156,40.260414123535156,39.89583206176758,40.0,1362,0.0,0.0
2017-12-12 00:00:00+08:00,40.0,40.0,40.0,40.0,1920,0.0,0.0
2017-12-13 00:00:00+08:00,39.635414123535156,40.416664123535156,39.635414123535156,40.416664123535156,3072,0.0,0.0
2017-12-14 00:00:00+08:00,39.0625,40.104164123535156,39.0625,39.166664123535156,10654,0.0,0.0
2017-12-15 00:00:00+08:00,39.166664123535156,40.260414123535156,39.0625,40.260414123535156,9691,0.0,0.0
2017-12-18 00:00:00+08:00,39.42708206176758,39.42708206176758,39.42708206176758,39.42708206176758,1203,0.0,0.0
2017-12-19 00:00:00+08:00,39.42708206176758,39.42708206176758,39.11458206176758,39.11458206176758,6188,0.0,0.0
2017-12-20 00:00:00+08:00,39.11458206176758,39.11458206176758,38.75,38.75,4626,0.0,0.0
2017-12-21 00:00:00+08:00,39.479164123535156,39.479164123535156,39.479164123535156,39.479164123535156,585,0.0,0.0
2017-12-22 00:00:00+08:00,39.6875,39.6875,39.0625,39.58333206176758,5341,0.0,0.0
2017-12-25 00:00:00+08:00,39.11458206176758,40.05208206176758,39.11458206176758,40.05208206176758,3081,0.0,0.0
2017-12-26 00:00:00+08:00,39.84375,41.40625,38.80208206176758,38.854164123535156,8843,0.0,0.0
2017-12-27 00:00:00+08:00,38.80208206176758,40.572914123535156,38.80208206176758,39.791664123535156,5568,0.0,0.0
2017-12-28 00:00:00+08:00,39.21875,39.73958206176758,39.0625,39.73958206176758,2706,0.0,0.0
2017-12-29 00:00:00+08:00,41.09375,41.09375,41.09375,41.09375,4275,0.0,0.0
2018-01-02 00:00:00+08:00,39.73958206176758,40.104164123535156,39.635414123535156,39.635414123535156,5376,0.0,0.0
2018-01-03 00:00:00+08:00,39.635414123535156,42.34375,39.635414123535156,42.03125,52514,0.0,0.0
2018-01-04 00:00:00+08:00,40.572914123535156,41.875,40.3125,40.36458206176758,37259,0.0,0.0
2018-01-05 00:00:00+08:00,40.46875,41.5625,40.0,40.67708206176758,38784,0.0,0.0
2018-01-08 00:00:00+08:00,40.625,40.625,40.15625,40.15625,12845,0.0,0.0
2018-01-09 00:00:00+08:00,40.15625,40.416664123535156,39.0625,40.416664123535156,18816,0.0,0.0
2018-01-10 00:00:00+08:00,40.0,40.3125,39.322914123535156,40.3125,10944,0.0,0.0
2018-01-11 00:00:00+08:00,39.84375,39.84375,39.84375,39.84375,762,0.0,0.0
2018-01-12 00:00:00+08:00,40.104164123535156,40.104164123535156,39.27083206176758,39.27083206176758,4800,0.0,0.0
2018-01-15 00:00:00+08:00,39.791664123535156,39.791664123535156,39.21875,39.21875,3976,0.0,0.0
2018-01-16 00:00:00+08:00,39.479164123535156,39.73958206176758,39.479164123535156,39.73958206176758,576,0.0,0.0
2018-01-17 00:00:00+08:00,39.11458206176758,39.6875,39.11458206176758,39.53125,4263,0.0,0.0
2018-01-18 00:00:00+08:00,39.53125,40.3125,39.27083206176758,39.27083206176758,9662,0.0,0.0
2018-01-19 00:00:00+08:00,39.27083206176758,39.6875,39.166664123535156,39.6875,4809,0.0,0.0
2018-01-22 00:00:00+08:00,39.58333206176758,39.791664123535156,39.11458206176758,39.791664123535156,5021,0.0,0.0
2018-01-23 00:00:00+08:00,39.58333206176758,39.58333206176758,39.322914123535156,39.58333206176758,2535,0.0,0.0
2018-01-24 00:00:00+08:00,39.58333206176758,40.3125,39.322914123535156,39.84375,8832,0.0,0.0
2018-01-25 00:00:00+08:00,39.42708206176758,40.05208206176758,39.375,40.05208206176758,4443,0.0,0.0
2018-01-26 00:00:00+08:00,40.05208206176758,40.05208206176758,39.375,40.05208206176758,5961,0.0,0.0
2018-01-29 00:00:00+08:00,39.42708206176758,40.46875,39.42708206176758,40.46875,3075,0.0,0.0
2018-01-30 00:00:00+08:00,39.42708206176758,40.20833206176758,39.375,40.20833206176758,12288,0.0,0.0
2018-01-31 00:00:00+08:00,40.104164123535156,41.5625,39.58333206176758,40.885414123535156,60292,0.0,0.0
2018-02-01 00:00:00+08:00,40.36458206176758,40.36458206176758,39.166664123535156,39.322914123535156,22296,0.0,0.0
2018-02-02 00:00:00+08:00,39.27083206176758,39.84375,39.0625,39.322914123535156,10748,0.0,0.0
2018-02-05 00:00:00+08:00,38.80208206176758,39.6875,38.541664123535156,38.80208206176758,29568,0.0,0.0
2018-02-06 00:00:00+08:00,38.541664123535156,39.0625,38.02083206176758,38.95833206176758,37334,0.0,0.0
2018-02-07 00:00:00+08:00,38.697914123535156,39.27083206176758,38.64583206176758,38.80208206176758,5376,0.0,0.0
2018-02-08 00:00:00+08:00,38.697914123535156,39.0625,38.697914123535156,39.0625,3472,0.0,0.0
2018-02-09 00:00:00+08:00,39.0625,39.0625,39.0625,39.0625,0,0.0,0.0
2018-02-12 00:00:00+08:00,38.28125,39.479164123535156,38.28125,39.42708206176758,2688,0.0,0.0
2018-02-21 00:00:00+08:00,39.010414123535156,39.166664123535156,39.010414123535156,39.166664123535156,1673,0.0,0.0
2018-02-22 00:00:00+08:00,37.5,38.541664123535156,37.5,38.541664123535156,4614,0.0,0.0
2018-02-23 00:00:00+08:00,38.541664123535156,39.53125,38.28125,39.53125,3681,0.0,0.0
2018-02-26 00:00:00+08:00,39.0625,39.0625,38.59375,39.0625,14400,0.0,0.0
2018-02-27 00:00:00+08:00,38.4375,39.0625,38.4375,38.541664123535156,2131,0.0,0.0
2018-03-01 00:00:00+08:00,38.02083206176758,38.17708206176758,38.02083206176758,38.17708206176758,771,0.0,0.0
2018-03-02 00:00:00+08:00,37.135414123535156,38.48958206176758,37.135414123535156,38.48958206176758,3325,0.0,0.0
2018-03-05 00:00:00+08:00,38.48958206176758,38.48958206176758,38.48958206176758,38.48958206176758,960,0.0,0.0
2018-03-06 00:00:00+08:00,38.17708206176758,42.291664123535156,38.17708206176758,42.135414123535156,50173,0.0,0.0
2018-03-07 00:00:00+08:00,41.5625,41.666664123535156,39.73958206176758,40.46875,46193,0.0,0.0
2018-03-08 00:00:00+08:00,40.46875,40.46875,39.635414123535156,40.0,12644,0.0,0.0
2018-03-09 00:00:00+08:00,40.0,40.625,39.479164123535156,40.625,17318,0.0,0.0
2018-03-12 00:00:00+08:00,40.625,40.625,39.84375,40.46875,9996,0.0,0.0
2018-03-13 00:00:00+08:00,40.416664123535156,40.416664123535156,40.416664123535156,40.416664123535156,1213,0.0,0.0
2018-03-14 00:00:00+08:00,39.58333206176758,40.104164123535156,39.58333206176758,40.104164123535156,8871,0.0,0.0
2018-03-15 00:00:00+08:00,39.58333206176758,41.30208206176758,39.58333206176758,39.89583206176758,9797,0.0,0.0
2018-03-16 00:00:00+08:00,39.635414123535156,40.104164123535156,39.58333206176758,39.58333206176758,10706,0.0,0.0
2018-03-19 00:00:00+08:00,40.05208206176758,40.05208206176758,39.21875,39.84375,6569,0.0,0.0
2018-03-20 00:00:00+08:00,39.58333206176758,39.791664123535156,39.42708206176758,39.42708206176758,2690,0.0,0.0
2018-03-21 00:00:00+08:00,39.42708206176758,40.36458206176758,39.42708206176758,40.104164123535156,13848,0.0,0.0
2018-03-22 00:00:00+08:00,40.104164123535156,42.5,38.80208206176758,38.80208206176758,58748,0.0,0.0
2018-03-23 00:00:00+08:00,38.59375,42.65625,38.59375,42.65625,233743,0.0,0.0
2018-03-26 00:00:00+08:00,42.39583206176758,42.39583206176758,40.20833206176758,40.46875,192009,0.0,0.0
2018-03-27 00:00:00+08:00,40.625,41.041664123535156,40.05208206176758,40.05208206176758,30925,0.0,0.0
2018-03-28 00:00:00+08:00,40.05208206176758,40.05208206176758,39.322914123535156,39.947914123535156,23079,0.0,0.0
2018-03-29 00:00:00+08:00,39.0625,39.791664123535156,39.0625,39.322914123535156,9024,0.0,0.0
2018-03-30 00:00:00+08:00,39.375,39.58333206176758,38.80208206176758,39.0625,15662,0.0,0.0
2018-04-02 00:00:00+08:00,40.104164123535156,40.104164123535156,39.58333206176758,40.05208206176758,4208,0.0,0.0
2018-04-03 00:00:00+08:00,39.58333206176758,40.416664123535156,38.697914123535156,40.36458206176758,30076,0.0,0.0
2018-04-09 00:00:00+08:00,39.11458206176758,40.3125,38.95833206176758,39.58333206176758,9985,0.0,0.0
2018-04-10 00:00:00+08:00,39.0625,40.625,39.0625,39.58333206176758,8651,0.0,0.0
2018-04-11 00:00:00+08:00,39.42708206176758,40.46875,39.166664123535156,40.36458206176758,13824,0.0,0.0
2018-04-12 00:00:00+08:00,39.53125,41.92708206176758,39.21875,40.78125,47857,0.0,0.0
2018-04-13 00:00:00+08:00,40.36458206176758,40.52083206176758,39.53125,40.52083206176758,12535,0.0,0.0
2018-04-16 00:00:00+08:00,40.104164123535156,40.104164123535156,39.58333206176758,40.05208206176758,3989,0.0,0.0
2018-04-17 00:00:00+08:00,39.479164123535156,39.479164123535156,39.11458206176758,39.11458206176758,6381,0.0,0.0
2018-04-18 00:00:00+08:00,39.11458206176758,39.58333206176758,38.33333206176758,39.53125,40709,0.0,0.0
2018-04-19 00:00:00+08:00,39.322914123535156,39.58333206176758,38.59375,39.42708206176758,22242,0.0,0.0
2018-04-20 00:00:00+08:00,38.75,38.75,38.125,38.17708206176758,14400,0.0,0.0
2018-04-23 00:00:00+08:00,39.322914123535156,39.322914123535156,38.28125,38.4375,5568,0.0,0.0
2018-04-24 00:00:00+08:00,38.4375,38.4375,37.39583206176758,38.33333206176758,34215,0.0,0.0
2018-04-25 00:00:00+08:00,38.33333206176758,38.33333206176758,37.65625,37.70833206176758,4800,0.0,0.0
2018-04-26 00:00:00+08:00,37.5,37.96875,37.1875,37.1875,3279,0.0,0.0
2018-04-27 00:00:00+08:00,37.23958206176758,38.02083206176758,36.510414123535156,38.02083206176758,2309,0.0,0.0
2018-04-30 00:00:00+08:00,36.510414123535156,38.33333206176758,36.510414123535156,38.28125,5997,0.0,0.0
2018-05-02 00:00:00+08:00,38.02083206176758,38.385414123535156,38.02083206176758,38.28125,2305,0.0,0.0
2018-05-03 00:00:00+08:00,38.02083206176758,38.28125,37.5,38.28125,6842,0.0,0.0
2018-05-04 00:00:00+08:00,37.916664123535156,39.322914123535156,37.65625,37.65625,3919,0.0,0.0
2018-05-07 00:00:00+08:00,38.02083206176758,38.75,36.510414123535156,37.39583206176758,5263,0.0,0.0
2018-05-08 00:00:00+08:00,37.03125,37.5,36.979164123535156,37.5,2310,0.0,0.0
2018-05-09 00:00:00+08:00,37.447914123535156,38.02083206176758,36.197914123535156,38.02083206176758,5961,0.0,0.0
2018-05-10 00:00:00+08:00,38.125,38.125,37.447914123535156,37.447914123535156,8457,0.0,0.0
2018-05-11 00:00:00+08:00,37.447914123535156,37.447914123535156,36.979164123535156,37.447914123535156,7871,0.0,0.0
2018-05-14 00:00:00+08:00,36.71875,37.5,36.71875,37.135414123535156,11929,0.0,0.0
2018-05-15 00:00:00+08:00,37.135414123535156,37.1875,36.71875,37.1875,5395,0.0,0.0
2018-05-16 00:00:00+08:00,37.135414123535156,37.447914123535156,35.416664123535156,37.447914123535156,14805,0.0,0.0
2018-05-17 00:00:00+08:00,36.510414123535156,36.979164123535156,35.729164123535156,36.510414123535156,9300,0.0,0.0
2018-05-18 00:00:00+08:00,36.510414123535156,36.77083206176758,36.510414123535156,36.77083206176758,4083,0.0,0.0
2018-05-21 00:00:00+08:00,36.979164123535156,37.604164123535156,36.71875,37.604164123535156,14346,0.0,0.0
2018-05-22 00:00:00+08:00,37.5,37.5,36.71875,37.23958206176758,12952,0.0,0.0
2018-05-23 00:00:00+08:00,36.61458206176758,37.08333206176758,35.67708206176758,36.875,11537,0.0,0.0
2018-05-24 00:00:00+08:00,36.45833206176758,36.71875,36.45833206176758,36.71875,1536,0.0,0.0
2018-05-25 00:00:00+08:00,36.979164123535156,37.39583206176758,36.77083206176758,37.23958206176758,12197,0.0,0.0
2018-05-28 00:00:00+08:00,37.23958206176758,40.9375,37.23958206176758,40.9375,108153,0.0,0.0
2018-05-29 00:00:00+08:00,43.229164123535156,45.0,40.625,45.0,317927,0.0,0.0
2018-05-30 00:00:00+08:00,45.83333206176758,49.479164123535156,43.33333206176758,49.479164123535156,323852,0.0,0.0
2018-05-31 00:00:00+08:00,50.46875,54.42708206176758,50.46875,54.42708206176758,295219,0.0,0.0
2018-06-01 00:00:00+08:00,57.291664123535156,59.11458206176758,50.52083206176758,52.604164123535156,336428,0.0,0.0
2018-06-04 00:00:00+08:00,53.90625,57.291664123535156,50.572914123535156,56.25,256093,0.0,0.0
2018-06-05 00:00:00+08:00,57.03125,57.03125,51.5625,51.5625,120021,0.0,0.0
2018-06-06 00:00:00+08:00,52.08333206176758,54.166664123535156,52.08333206176758,52.86458206176758,101131,0.0,0.0
2018-06-07 00:00:00+08:00,53.64583206176758,54.166664123535156,52.08333206176758,52.34375,88175,0.0,0.0
2018-06-08 00:00:00+08:00,52.604164123535156,52.604164123535156,49.479164123535156,51.92708206176758,73270,0.0,0.0
2018-06-11 00:00:00+08:00,52.08333206176758,57.03125,52.08333206176758,57.03125,168582,0.0,0.0
2018-06-12 00:00:00+08:00,62.5,62.5,62.5,62.5,94814,0.0,0.0
2018-06-13 00:00:00+08:00,68.75,68.75,68.75,68.75,124378,0.0,0.0
2018-06-14 00:00:00+08:00,68.75,68.75,61.979164123535156,63.28125,271062,0.0,0.0
2018-06-15 00:00:00+08:00,61.979164123535156,65.36458587646484,58.33333206176758,65.36458587646484,145293,0.0,0.0
2018-06-19 00:00:00+08:00,63.80208206176758,71.875,63.541664123535156,71.09375,291370,0.0,0.0
2018-06-20 00:00:00+08:00,68.75,70.3125,64.0625,65.36458587646484,376436,0.0,0.0
2018-06-21 00:00:00+08:00,63.02083206176758,67.1875,61.979164123535156,62.760414123535156,181228,0.0,0.0
2018-06-22 00:00:00+08:00,63.541664123535156,63.541664123535156,58.33333206176758,60.15625,134383,0.0,0.0
2018-06-25 00:00:00+08:00,58.59375,65.88541412353516,58.59375,62.23958206176758,210476,0.0,0.0
2018-06-26 00:00:00+08:00,59.635414123535156,63.28125,58.59375,61.197914123535156,128209,0.0,0.0
2018-06-27 00:00:00+08:00,61.45833206176758,65.625,61.45833206176758,63.541664123535156,187980,0.0,0.0
2018-06-28 00:00:00+08:00,64.32291412353516,69.79166412353516,59.375,69.79166412353516,382483,0.0,0.0
2018-06-29 00:00:00+08:00,75.52083587646484,76.5625,68.22916412353516,70.3125,758660,0.0,0.0
2018-07-02 00:00:00+08:00,64.0625,72.13541412353516,63.541664123535156,71.875,405723,0.0,0.0
2018-07-03 00:00:00+08:00,66.66666412353516,71.875,66.14583587646484,67.1875,313895,0.0,0.0
2018-07-04 00:00:00+08:00,65.625,67.44791412353516,62.23958206176758,62.23958206176758,214345,0.0,0.0
2018-07-05 00:00:00+08:00,62.23958206176758,63.541664123535156,59.89583206176758,60.15625,160886,0.0,0.0
2018-07-06 00:00:00+08:00,59.89583206176758,61.979164123535156,54.166664123535156,54.42708206176758,263232,0.0,0.0
2018-07-09 00:00:00+08:00,55.46875,56.77083206176758,54.42708206176758,54.42708206176758,87479,0.0,0.0
2018-07-10 00:00:00+08:00,56.77083206176758,56.77083206176758,52.34375,52.604164123535156,70432,0.0,0.0
2018-07-11 00:00:00+08:00,50.3125,54.6875,50.0,52.86458206176758,89164,0.0,0.0
2018-07-12 00:00:00+08:00,53.64583206176758,53.90625,52.34375,52.86458206176758,40377,0.0,0.0
2018-07-13 00:00:00+08:00,53.125,55.98958206176758,53.125,53.90625,52047,0.0,0.0
2018-07-16 00:00:00+08:00,53.90625,54.166664123535156,52.34375,53.125,34142,0.0,0.0
2018-07-17 00:00:00+08:00,52.604164123535156,52.604164123535156,50.36458206176758,50.416664123535156,76651,0.0,0.0
2018-07-18 00:00:00+08:00,50.52083206176758,52.34375,50.104164123535156,50.52083206176758,49152,0.0,0.0
2018-07-19 00:00:00+08:00,50.572914123535156,51.92708206176758,50.52083206176758,50.98958206176758,37511,0.0,0.0
2018-07-20 00:00:00+08:00,50.98958206176758,50.98958206176758,46.14583206176758,46.45833206176758,81265,0.0,0.0
2018-07-23 00:00:00+08:00,46.822914123535156,48.48958206176758,46.09375,48.48958206176758,45706,0.0,0.0
2018-07-24 00:00:00+08:00,48.48958206176758,53.125,47.5,53.125,93169,0.0,0.0
2018-07-25 00:00:00+08:00,55.20833206176758,56.510414123535156,53.90625,54.166664123535156,150958,0.0,0.0
2018-07-26 00:00:00+08:00,52.604164123535156,54.166664123535156,51.979164123535156,53.125,71887,0.0,0.0
2018-07-27 00:00:00+08:00,53.125,53.64583206176758,51.822914123535156,51.979164123535156,39744,0.0,0.0
2018-07-30 00:00:00+08:00,50.104164123535156,53.125,50.0,50.05208206176758,39589,0.0,0.0
2018-07-31 00:00:00+08:00,49.322914123535156,51.041664123535156,49.322914123535156,50.52083206176758,23846,0.0,0.0
2018-08-01 00:00:00+08:00,50.104164123535156,52.604164123535156,50.104164123535156,51.5625,35245,0.0,0.0
2018-08-02 00:00:00+08:00,51.5625,51.5625,48.48958206176758,50.52083206176758,40174,0.0,0.0
2018-08-03 00:00:00+08:00,50.52083206176758,51.40625,49.6875,50.46875,20195,0.0,0.0
2018-08-06 00:00:00+08:00,51.40625,51.40625,49.53125,49.53125,14208,0.0,0.0
2018-08-07 00:00:00+08:00,49.0625,50.260414123535156,48.95833206176758,50.260414123535156,24112,0.0,0.0
2018-08-08 00:00:00+08:00,51.041664123535156,51.041664123535156,47.70833206176758,48.02083206176758,39063,0.0,0.0
2018-08-09 00:00:00+08:00,46.875,48.125,46.875,47.604164123535156,29593,0.0,0.0
2018-08-10 00:00:00+08:00,46.979164123535156,48.4375,46.61458206176758,46.61458206176758,32696,0.0,0.0
2018-08-13 00:00:00+08:00,45.36458206176758,45.36458206176758,42.03125,42.96875,69206,0.0,0.0
2018-08-14 00:00:00+08:00,42.96875,43.64583206176758,41.92708206176758,43.02083206176758,55776,0.0,0.0
2018-08-15 00:00:00+08:00,43.385414123535156,43.385414123535156,41.979164123535156,42.1875,30912,0.0,0.0
2018-08-16 00:00:00+08:00,42.1875,46.40625,42.1875,46.40625,107730,0.0,0.0
2018-08-17 00:00:00+08:00,46.354164123535156,51.041664123535156,46.354164123535156,51.041664123535156,148375,0.0,0.0
2018-08-20 00:00:00+08:00,53.125,55.98958206176758,53.125,55.98958206176758,198673,0.0,0.0
2018-08-21 00:00:00+08:00,58.854164123535156,60.9375,56.510414123535156,60.15625,382783,0.0,0.0
2018-08-22 00:00:00+08:00,60.67708206176758,60.9375,55.20833206176758,56.77083206176758,193101,0.0,0.0
2018-08-23 00:00:00+08:00,55.98958206176758,56.25,51.666664123535156,52.08333206176758,193315,0.0,0.0
2018-08-24 00:00:00+08:00,53.90625,57.291664123535156,52.86458206176758,57.291664123535156,188872,0.0,0.0
2018-08-27 00:00:00+08:00,59.375,62.5,59.375,61.71875,257953,0.0,0.0
2018-08-28 00:00:00+08:00,61.71875,61.71875,57.291664123535156,57.8125,159649,0.0,0.0
2018-08-29 00:00:00+08:00,57.8125,60.416664123535156,57.8125,59.11458206176758,109425,0.0,0.0
2018-08-30 00:00:00+08:00,58.33333206176758,58.59375,56.510414123535156,57.55208206176758,60088,0.0,0.0
2018-08-31 00:00:00+08:00,59.89583206176758,59.89583206176758,57.03125,58.072914123535156,72410,0.0,0.0
2018-09-03 00:00:00+08:00,58.33333206176758,58.33333206176758,53.64583206176758,55.729164123535156,74880,0.0,0.0
2018-09-04 00:00:00+08:00,55.46875,56.510414123535156,54.166664123535156,55.98958206176758,32640,0.0,0.0
2018-09-05 00:00:00+08:00,56.25,56.25,54.166664123535156,54.166664123535156,44951,0.0,0.0
2018-09-06 00:00:00+08:00,54.6875,55.46875,53.90625,53.90625,47808,0.0,0.0
2018-09-07 00:00:00+08:00,53.385414123535156,54.166664123535156,49.479164123535156,50.83333206176758,74688,0.0,0.0
2018-09-10 00:00:00+08:00,50.83333206176758,51.666664123535156,46.92708206176758,48.229164123535156,54150,0.0,0.0
2018-09-11 00:00:00+08:00,48.4375,52.86458206176758,48.229164123535156,52.86458206176758,102053,0.0,0.0
2018-09-12 00:00:00+08:00,52.604164123535156,52.604164123535156,49.21875,49.89583206176758,62592,0.0,0.0
2018-09-13 00:00:00+08:00,50.0,54.6875,50.0,53.90625,205124,0.0,0.0
2018-09-14 00:00:00+08:00,51.5625,56.25,51.5625,56.25,101846,0.0,0.0
2018-09-17 00:00:00+08:00,53.90625,55.46875,53.125,54.6875,68130,0.0,0.0
2018-09-18 00:00:00+08:00,54.6875,54.6875,52.34375,52.604164123535156,59798,0.0,0.0
2018-09-19 00:00:00+08:00,53.125,54.166664123535156,52.08333206176758,52.604164123535156,48177,0.0,0.0
2018-09-20 00:00:00+08:00,52.86458206176758,53.64583206176758,52.08333206176758,52.86458206176758,36783,0.0,0.0
2018-09-21 00:00:00+08:00,53.125,53.64583206176758,52.86458206176758,53.125,20522,0.0,0.0
2018-09-25 00:00:00+08:00,52.604164123535156,53.125,51.71875,51.875,50575,0.0,0.0
2018-09-26 00:00:00+08:00,52.08333206176758,53.125,51.510414123535156,51.822914123535156,74688,0.0,0.0
2018-09-27 00:00:00+08:00,51.5625,52.08333206176758,50.98958206176758,51.14583206176758,41952,0.0,0.0
2018-09-28 00:00:00+08:00,51.30208206176758,51.875,51.041664123535156,51.09375,23308,0.0,0.0
2018-10-01 00:00:00+08:00,51.14583206176758,51.822914123535156,51.09375,51.45833206176758,15340,0.0,0.0
2018-10-02 00:00:00+08:00,51.510414123535156,53.90625,51.510414123535156,52.08333206176758,35904,0.0,0.0
2018-10-03 00:00:00+08:00,51.5625,52.08333206176758,51.14583206176758,51.77083206176758,22469,0.0,0.0
2018-10-04 00:00:00+08:00,52.08333206176758,52.08333206176758,50.52083206176758,50.52083206176758,24406,0.0,0.0
2018-10-05 00:00:00+08:00,50.52083206176758,50.52083206176758,46.875,48.80208206176758,37708,0.0,0.0
2018-10-08 00:00:00+08:00,48.80208206176758,49.27083206176758,48.59375,49.166664123535156,10752,0.0,0.0
2018-10-09 00:00:00+08:00,49.479164123535156,51.354164123535156,48.697914123535156,49.21875,22673,0.0,0.0
2018-10-11 00:00:00+08:00,45.36458206176758,47.34375,44.322914123535156,44.322914123535156,47617,0.0,0.0
2018-10-12 00:00:00+08:00,44.21875,46.25,43.125,46.25,16608,0.0,0.0
2018-10-15 00:00:00+08:00,46.25,46.61458206176758,46.14583206176758,46.30208206176758,7488,0.0,0.0
2018-10-16 00:00:00+08:00,46.354164123535156,47.96875,46.30208206176758,47.39583206176758,18432,0.0,0.0
2018-10-17 00:00:00+08:00,48.697914123535156,48.697914123535156,45.98958206176758,45.98958206176758,22244,0.0,0.0
2018-10-18 00:00:00+08:00,47.8125,47.8125,45.83333206176758,45.885414123535156,9024,0.0,0.0
2018-10-19 00:00:00+08:00,44.27083206176758,45.260414123535156,44.27083206176758,45.260414123535156,17088,0.0,0.0
2018-10-22 00:00:00+08:00,44.375,45.36458206176758,44.375,45.3125,9792,0.0,0.0
2018-10-23 00:00:00+08:00,43.75,44.53125,43.28125,43.64583206176758,22081,0.0,0.0
2018-10-24 00:00:00+08:00,43.75,43.75,42.96875,43.48958206176758,11454,0.0,0.0
2018-10-25 00:00:00+08:00,39.58333206176758,41.666664123535156,39.58333206176758,39.6875,27456,0.0,0.0
2018-10-26 00:00:00+08:00,40.729164123535156,40.885414123535156,38.541664123535156,39.322914123535156,21913,0.0,0.0
2018-10-29 00:00:00+08:00,39.322914123535156,39.58333206176758,37.604164123535156,38.02083206176758,17664,0.0,0.0
2018-10-30 00:00:00+08:00,38.02083206176758,38.48958206176758,36.510414123535156,38.125,12288,0.0,0.0
2018-10-31 00:00:00+08:00,41.92708206176758,41.92708206176758,40.885414123535156,41.30208206176758,20737,0.0,0.0
2018-11-01 00:00:00+08:00,41.30208206176758,43.64583206176758,39.6875,42.70833206176758,20563,0.0,0.0
2018-11-02 00:00:00+08:00,43.28125,44.11458206176758,41.25,41.25,42883,0.0,0.0
2018-11-05 00:00:00+08:00,42.1875,42.447914123535156,40.625,42.135414123535156,13912,0.0,0.0
2018-11-06 00:00:00+08:00,41.77083206176758,41.875,40.67708206176758,41.666664123535156,3264,0.0,0.0
2018-11-07 00:00:00+08:00,41.666664123535156,41.92708206176758,40.78125,41.822914123535156,8649,0.0,0.0
2018-11-08 00:00:00+08:00,41.92708206176758,41.92708206176758,41.14583206176758,41.30208206176758,5190,0.0,0.0
2018-11-09 00:00:00+08:00,40.885414123535156,40.885414123535156,39.58333206176758,39.635414123535156,15179,0.0,0.0
2018-11-12 00:00:00+08:00,40.625,40.625,40.260414123535156,40.416664123535156,12672,0.0,0.0
2018-11-13 00:00:00+08:00,40.104164123535156,42.1875,40.104164123535156,41.197914123535156,19584,0.0,0.0
2018-11-14 00:00:00+08:00,42.08333206176758,42.08333206176758,40.729164123535156,41.5625,9792,0.0,0.0
2018-11-15 00:00:00+08:00,40.20833206176758,41.5625,40.20833206176758,41.5625,4032,0.0,0.0
2018-11-16 00:00:00+08:00,40.625,42.1875,40.625,41.61458206176758,8758,0.0,0.0
2018-11-19 00:00:00+08:00,40.885414123535156,41.92708206176758,40.625,41.354164123535156,9408,0.0,0.0
2018-11-20 00:00:00+08:00,40.260414123535156,40.416664123535156,39.635414123535156,39.947914123535156,21592,0.0,0.0
2018-11-21 00:00:00+08:00,39.58333206176758,40.36458206176758,39.53125,40.36458206176758,6528,0.0,0.0
2018-11-22 00:00:00+08:00,40.15625,40.15625,39.375,39.58333206176758,13916,0.0,0.0
2018-11-23 00:00:00+08:00,39.58333206176758,40.52083206176758,39.479164123535156,40.104164123535156,4135,0.0,0.0
2018-11-26 00:00:00+08:00,40.104164123535156,40.52083206176758,39.947914123535156,40.104164123535156,5955,0.0,0.0
2018-11-27 00:00:00+08:00,40.104164123535156,40.104164123535156,39.58333206176758,40.104164123535156,2112,0.0,0.0
2018-11-28 00:00:00+08:00,41.666664123535156,43.125,40.3125,42.70833206176758,19447,0.0,0.0
2018-11-29 00:00:00+08:00,42.1875,42.65625,41.14583206176758,41.197914123535156,16321,0.0,0.0
2018-11-30 00:00:00+08:00,40.67708206176758,41.510414123535156,40.67708206176758,41.40625,12672,0.0,0.0
2018-12-03 00:00:00+08:00,42.1875,45.52083206176758,42.1875,45.52083206176758,59764,0.0,0.0
2018-12-04 00:00:00+08:00,45.20833206176758,45.20833206176758,43.229164123535156,43.75,41166,0.0,0.0
2018-12-05 00:00:00+08:00,41.822914123535156,42.8125,41.77083206176758,42.5,15552,0.0,0.0
2018-12-06 00:00:00+08:00,42.5,42.5,40.36458206176758,41.40625,20736,0.0,0.0
2018-12-07 00:00:00+08:00,40.625,41.92708206176758,40.20833206176758,41.666664123535156,7680,0.0,0.0
2018-12-10 00:00:00+08:00,40.46875,41.510414123535156,40.36458206176758,40.36458206176758,6540,0.0,0.0
2018-12-11 00:00:00+08:00,40.36458206176758,40.36458206176758,40.15625,40.36458206176758,9792,0.0,0.0
2018-12-12 00:00:00+08:00,40.260414123535156,41.14583206176758,40.260414123535156,40.9375,5471,0.0,0.0
2018-12-13 00:00:00+08:00,40.416664123535156,41.041664123535156,40.3125,40.416664123535156,6336,0.0,0.0
2018-12-14 00:00:00+08:00,39.84375,40.104164123535156,39.84375,40.104164123535156,7987,0.0,0.0
2018-12-17 00:00:00+08:00,40.05208206176758,40.104164123535156,39.84375,39.89583206176758,2543,0.0,0.0
2018-12-18 00:00:00+08:00,39.166664123535156,40.0,39.166664123535156,40.0,5002,0.0,0.0
2018-12-19 00:00:00+08:00,40.0,40.0,39.166664123535156,39.322914123535156,4476,0.0,0.0
2018-12-20 00:00:00+08:00,39.58333206176758,39.58333206176758,39.322914123535156,39.322914123535156,3648,0.0,0.0
2018-12-21 00:00:00+08:00,39.322914123535156,39.322914123535156,38.697914123535156,39.166664123535156,7500,0.0,0.0
2018-12-24 00:00:00+08:00,38.854164123535156,39.0625,38.80208206176758,39.0625,4992,0.0,0.0
2018-12-25 00:00:00+08:00,38.4375,39.0625,38.4375,39.0625,3271,0.0,0.0
2018-12-26 00:00:00+08:00,38.95833206176758,39.0625,38.95833206176758,38.95833206176758,5772,0.0,0.0
2018-12-27 00:00:00+08:00,39.21875,41.40625,39.21875,40.36458206176758,7719,0.0,0.0
2018-12-28 00:00:00+08:00,39.11458206176758,40.36458206176758,39.0625,40.36458206176758,2112,0.0,0.0
2019-01-02 00:00:00+08:00,39.42708206176758,40.885414123535156,39.322914123535156,40.83333206176758,7520,0.0,0.0
2019-01-03 00:00:00+08:00,39.166664123535156,40.3125,39.166664123535156,39.322914123535156,3890,0.0,0.0
2019-01-04 00:00:00+08:00,39.322914123535156,39.375,38.59375,38.59375,8449,0.0,0.0
2019-01-07 00:00:00+08:00,38.59375,39.58333206176758,38.59375,39.0625,13057,0.0,0.0
2019-01-08 00:00:00+08:00,39.0625,39.0625,38.02083206176758,39.0625,5958,0.0,0.0
2019-01-09 00:00:00+08:00,39.0625,41.666664123535156,38.28125,40.104164123535156,17880,0.0,0.0
2019-01-10 00:00:00+08:00,38.80208206176758,39.58333206176758,38.541664123535156,39.53125,7488,0.0,0.0
2019-01-11 00:00:00+08:00,39.479164123535156,39.479164123535156,38.64583206176758,38.64583206176758,7130,0.0,0.0
2019-01-14 00:00:00+08:00,38.95833206176758,38.95833206176758,38.072914123535156,38.75,1281,0.0,0.0
2019-01-15 00:00:00+08:00,38.28125,38.33333206176758,37.760414123535156,38.02083206176758,19813,0.0,0.0
2019-01-16 00:00:00+08:00,37.760414123535156,38.385414123535156,37.55208206176758,37.760414123535156,4477,0.0,0.0
2019-01-17 00:00:00+08:00,37.604164123535156,37.760414123535156,37.604164123535156,37.760414123535156,1920,0.0,0.0
2019-01-18 00:00:00+08:00,37.65625,37.65625,37.08333206176758,37.08333206176758,3495,0.0,0.0
2019-01-21 00:00:00+08:00,37.23958206176758,38.02083206176758,37.23958206176758,37.5,13590,0.0,0.0
2019-01-22 00:00:00+08:00,37.291664123535156,37.291664123535156,37.08333206176758,37.08333206176758,6145,0.0,0.0
2019-01-23 00:00:00+08:00,37.08333206176758,37.08333206176758,37.03125,37.03125,576,0.0,0.0
2019-01-24 00:00:00+08:00,36.71875,37.5,36.71875,36.92708206176758,12691,0.0,0.0
2019-01-25 00:00:00+08:00,36.92708206176758,37.447914123535156,36.71875,37.135414123535156,3277,0.0,0.0
2019-01-28 00:00:00+08:00,37.291664123535156,37.39583206176758,36.45833206176758,36.45833206176758,10911,0.0,0.0
2019-01-29 00:00:00+08:00,35.52083206176758,36.71875,35.52083206176758,36.71875,5376,0.0,0.0
2019-01-30 00:00:00+08:00,36.77083206176758,36.77083206176758,35.83333206176758,35.9375,7296,0.0,0.0
2019-02-11 00:00:00+08:00,35.729164123535156,36.45833206176758,35.67708206176758,36.45833206176758,8843,0.0,0.0
2019-02-12 00:00:00+08:00,37.39583206176758,37.447914123535156,35.9375,36.45833206176758,4084,0.0,0.0
2019-02-13 00:00:00+08:00,37.135414123535156,40.05208206176758,36.510414123535156,40.05208206176758,25058,0.0,0.0
2019-02-14 00:00:00+08:00,40.46875,43.48958206176758,40.46875,41.979164123535156,44739,0.0,0.0
2019-02-15 00:00:00+08:00,40.729164123535156,40.729164123535156,39.58333206176758,39.84375,7227,0.0,0.0
2019-02-18 00:00:00+08:00,38.48958206176758,40.625,38.48958206176758,39.42708206176758,7489,0.0,0.0
2019-02-19 00:00:00+08:00,38.4375,41.14583206176758,38.4375,39.53125,5660,0.0,0.0
2019-02-20 00:00:00+08:00,39.0625,39.42708206176758,38.48958206176758,38.854164123535156,11520,0.0,0.0
2019-02-21 00:00:00+08:00,38.59375,38.80208206176758,37.65625,37.96875,13825,0.0,0.0
2019-02-22 00:00:00+08:00,37.291664123535156,37.5,36.61458206176758,37.23958206176758,14798,0.0,0.0
2019-02-25 00:00:00+08:00,37.5,37.760414123535156,37.291664123535156,37.447914123535156,7491,0.0,0.0
2019-02-26 00:00:00+08:00,37.447914123535156,37.760414123535156,37.291664123535156,37.291664123535156,3266,0.0,0.0
2019-02-27 00:00:00+08:00,37.291664123535156,38.02083206176758,37.23958206176758,37.760414123535156,4994,0.0,0.0
2019-03-04 00:00:00+08:00,37.5,38.28125,37.5,38.125,4610,0.0,0.0
2019-03-05 00:00:00+08:00,37.5,37.5,37.08333206176758,37.5,5625,0.0,0.0
2019-03-06 00:00:00+08:00,37.34375,38.229164123535156,37.34375,38.229164123535156,6491,0.0,0.0
2019-03-07 00:00:00+08:00,37.760414123535156,37.760414123535156,37.5,37.760414123535156,5568,0.0,0.0
2019-03-08 00:00:00+08:00,37.447914123535156,37.760414123535156,37.447914123535156,37.760414123535156,1773,0.0,0.0
2019-03-11 00:00:00+08:00,38.02083206176758,38.80208206176758,37.86458206176758,37.916664123535156,12018,0.0,0.0
2019-03-12 00:00:00+08:00,38.02083206176758,38.28125,37.291664123535156,37.291664123535156,9853,0.0,0.0
2019-03-13 00:00:00+08:00,37.291664123535156,37.65625,36.875,37.65625,12294,0.0,0.0
2019-03-14 00:00:00+08:00,37.65625,37.65625,37.03125,37.39583206176758,8143,0.0,0.0
2019-03-15 00:00:00+08:00,36.979164123535156,37.5,36.979164123535156,37.23958206176758,5613,0.0,0.0
2019-03-18 00:00:00+08:00,37.65625,38.697914123535156,37.5,37.70833206176758,5452,0.0,0.0
2019-03-19 00:00:00+08:00,37.23958206176758,37.55208206176758,37.23958206176758,37.55208206176758,3958,0.0,0.0
2019-03-20 00:00:00+08:00,36.979164123535156,38.541664123535156,36.822914123535156,38.541664123535156,12132,0.0,0.0
2019-03-21 00:00:00+08:00,38.02083206176758,38.02083206176758,37.5,37.5,4251,0.0,0.0
2019-03-22 00:00:00+08:00,37.34375,38.541664123535156,37.34375,38.02083206176758,10756,0.0,0.0
2019-03-25 00:00:00+08:00,37.5,37.5,36.979164123535156,37.5,7104,0.0,0.0
2019-03-26 00:00:00+08:00,37.5,37.916664123535156,37.5,37.916664123535156,5760,0.0,0.0
2019-03-27 00:00:00+08:00,37.760414123535156,37.760414123535156,36.979164123535156,37.1875,5431,0.0,0.0
2019-03-28 00:00:00+08:00,36.979164123535156,36.979164123535156,35.416664123535156,35.98958206176758,36309,0.0,0.0
2019-03-29 00:00:00+08:00,35.52083206176758,35.52083206176758,32.39583206176758,32.39583206176758,90336,0.0,0.0
2019-04-01 00:00:00+08:00,30.10416603088379,30.10416603088379,29.16666603088379,29.16666603088379,90055,0.0,0.0
2019-04-02 00:00:00+08:00,26.66666603088379,27.8125,26.302082061767578,26.5625,106312,0.0,0.0
2019-04-03 00:00:00+08:00,26.5625,26.5625,26.04166603088379,26.04166603088379,31369,0.0,0.0
2019-04-08 00:00:00+08:00,26.04166603088379,28.645832061767578,26.04166603088379,28.645832061767578,44380,0.0,0.0
2019-04-09 00:00:00+08:00,28.645832061767578,31.51041603088379,28.645832061767578,31.51041603088379,70622,0.0,0.0
2019-04-10 00:00:00+08:00,32.291664123535156,34.635414123535156,32.291664123535156,34.635414123535156,90288,0.0,0.0
2019-04-11 00:00:00+08:00,33.90625,34.89583206176758,32.447914123535156,34.791664123535156,53232,0.0,0.0
2019-04-12 00:00:00+08:00,34.0625,34.11458206176758,32.8125,32.86458206176758,27279,0.0,0.0
2019-04-15 00:00:00+08:00,32.86458206176758,32.86458206176758,31.35416603088379,31.5625,13746,0.0,0.0
2019-04-16 00:00:00+08:00,32.03125,32.291664123535156,31.5625,32.23958206176758,5765,0.0,0.0
2019-04-17 00:00:00+08:00,32.65625,32.65625,31.770832061767578,32.65625,19255,0.0,0.0
2019-04-18 00:00:00+08:00,32.604164123535156,32.604164123535156,31.71875,31.71875,4058,0.0,0.0
2019-04-19 00:00:00+08:00,31.71875,31.770832061767578,31.25,31.302082061767578,9394,0.0,0.0
2019-04-22 00:00:00+08:00,31.82291603088379,31.82291603088379,30.72916603088379,30.72916603088379,6789,0.0,0.0
2019-04-23 00:00:00+08:00,29.32291603088379,29.583332061767578,29.270832061767578,29.583332061767578,3130,0.0,0.0
2019-04-24 00:00:00+08:00,29.583332061767578,31.145832061767578,29.583332061767578,30.88541603088379,7305,0.0,0.0
2019-04-25 00:00:00+08:00,30.72916603088379,30.72916603088379,29.21875,30.41666603088379,14600,0.0,0.0
2019-04-26 00:00:00+08:00,30.41666603088379,31.19791603088379,30.41666603088379,31.09375,11569,0.0,0.0
2019-04-29 00:00:00+08:00,31.09375,31.09375,31.04166603088379,31.04166603088379,3647,0.0,0.0
2019-04-30 00:00:00+08:00,31.04166603088379,31.04166603088379,30.208332061767578,30.208332061767578,1383,0.0,0.0
2019-05-02 00:00:00+08:00,30.208332061767578,30.625,28.75,29.6875,12783,0.0,0.0
2019-05-03 00:00:00+08:00,29.21875,29.94791603088379,29.21875,29.6875,4800,0.0,0.0
2019-05-06 00:00:00+08:00,29.6875,29.6875,29.16666603088379,29.63541603088379,2304,0.0,0.0
2019-05-07 00:00:00+08:00,29.94791603088379,31.145832061767578,29.53125,29.583332061767578,8774,0.0,0.0
2019-05-08 00:00:00+08:00,29.16666603088379,29.16666603088379,28.802082061767578,28.802082061767578,9002,0.0,0.0
2019-05-09 00:00:00+08:00,28.645832061767578,29.270832061767578,28.59375,29.270832061767578,8325,0.0,0.0
2019-05-10 00:00:00+08:00,29.6875,29.94791603088379,28.69791603088379,28.75,5717,0.0,0.0
2019-05-13 00:00:00+08:00,27.65625,28.645832061767578,27.13541603088379,28.125,8936,0.0,0.0
2019-05-14 00:00:00+08:00,27.60416603088379,30.052082061767578,27.13541603088379,28.69791603088379,6344,0.0,0.0
2019-05-15 00:00:00+08:00,29.16666603088379,29.94791603088379,28.75,28.85416603088379,6720,0.0,0.0
2019-05-16 00:00:00+08:00,29.16666603088379,29.94791603088379,29.16666603088379,29.84375,5086,0.0,0.0
2019-05-17 00:00:00+08:00,31.145832061767578,31.770832061767578,29.895832061767578,31.25,19208,0.0,0.0
2019-05-20 00:00:00+08:00,31.25,31.25,29.79166603088379,30.9375,7215,0.0,0.0
2019-05-21 00:00:00+08:00,31.04166603088379,31.04166603088379,30.3125,30.3125,1728,0.0,0.0
2019-05-22 00:00:00+08:00,30.46875,30.625,29.739582061767578,30.625,3747,0.0,0.0
2019-05-23 00:00:00+08:00,29.94791603088379,31.04166603088379,29.895832061767578,31.04166603088379,3766,0.0,0.0
2019-05-24 00:00:00+08:00,30.208332061767578,30.833332061767578,29.79166603088379,29.79166603088379,8941,0.0,0.0
2019-05-27 00:00:00+08:00,30.364582061767578,30.364582061767578,29.583332061767578,29.583332061767578,3123,0.0,0.0
2019-05-28 00:00:00+08:00,29.6875,29.6875,29.16666603088379,29.16666603088379,4663,0.0,0.0
2019-05-29 00:00:00+08:00,28.645832061767578,29.47916603088379,28.4375,28.645832061767578,6933,0.0,0.0
2019-05-30 00:00:00+08:00,28.645832061767578,29.21875,28.645832061767578,29.21875,3840,0.0,0.0
2019-05-31 00:00:00+08:00,29.16666603088379,30.052082061767578,29.16666603088379,29.427082061767578,2497,0.0,0.0
2019-06-03 00:00:00+08:00,32.23958206176758,32.23958206176758,30.520832061767578,30.57291603088379,9601,0.0,0.0
2019-06-04 00:00:00+08:00,29.427082061767578,30.052082061767578,29.21875,29.583332061767578,3657,0.0,0.0
2019-06-05 00:00:00+08:00,30.364582061767578,30.41666603088379,29.6875,30.364582061767578,3495,0.0,0.0
2019-06-06 00:00:00+08:00,29.79166603088379,30.364582061767578,29.739582061767578,30.364582061767578,2496,0.0,0.0
2019-06-10 00:00:00+08:00,31.09375,31.09375,29.94791603088379,30.052082061767578,6144,0.0,0.0
2019-06-11 00:00:00+08:00,30.052082061767578,30.46875,29.53125,30.3125,3800,0.0,0.0
2019-06-12 00:00:00+08:00,30.72916603088379,30.72916603088379,30.208332061767578,30.46875,3547,0.0,0.0
2019-06-13 00:00:00+08:00,30.10416603088379,30.46875,29.94791603088379,29.94791603088379,5376,0.0,0.0
2019-06-14 00:00:00+08:00,30.520832061767578,30.520832061767578,30.520832061767578,30.520832061767578,1084,0.0,0.0
2019-06-17 00:00:00+08:00,30.364582061767578,30.364582061767578,30.15625,30.15625,3468,0.0,0.0
2019-06-18 00:00:00+08:00,29.53125,29.53125,29.21875,29.21875,7034,0.0,0.0
2019-06-19 00:00:00+08:00,29.114582061767578,29.583332061767578,28.85416603088379,29.47916603088379,8256,0.0,0.0
2019-06-20 00:00:00+08:00,29.270832061767578,30.208332061767578,29.270832061767578,29.427082061767578,9926,0.0,0.0
2019-06-21 00:00:00+08:00,29.16666603088379,29.32291603088379,28.85416603088379,29.32291603088379,8074,0.0,0.0
2019-06-24 00:00:00+08:00,29.53125,29.53125,28.85416603088379,28.85416603088379,4860,0.0,0.0
2019-06-25 00:00:00+08:00,28.07291603088379,28.85416603088379,28.07291603088379,28.85416603088379,1344,0.0,0.0
2019-06-26 00:00:00+08:00,28.645832061767578,28.645832061767578,28.125,28.125,6528,0.0,0.0
2019-06-27 00:00:00+08:00,28.125,28.125,27.5,27.60416603088379,16166,0.0,0.0
2019-06-28 00:00:00+08:00,27.44791603088379,28.125,27.44791603088379,28.020832061767578,4744,0.0,0.0
2019-07-01 00:00:00+08:00,28.020832061767578,28.125,26.5625,26.770832061767578,23040,0.0,0.0
2019-07-02 00:00:00+08:00,26.770832061767578,28.125,26.5625,27.083332061767578,7793,0.0,0.0
2019-07-03 00:00:00+08:00,27.65625,27.65625,27.083332061767578,27.239582061767578,6528,0.0,0.0
2019-07-04 00:00:00+08:00,27.552082061767578,28.38541603088379,27.239582061767578,28.125,20928,0.0,0.0
2019-07-05 00:00:00+08:00,28.38541603088379,28.38541603088379,27.864582061767578,27.864582061767578,18816,0.0,0.0
2019-07-08 00:00:00+08:00,27.552082061767578,28.22916603088379,27.552082061767578,28.22916603088379,3264,0.0,0.0
2019-07-09 00:00:00+08:00,27.65625,28.020832061767578,27.395832061767578,27.91666603088379,4416,0.0,0.0
2019-07-10 00:00:00+08:00,27.395832061767578,27.91666603088379,27.395832061767578,27.91666603088379,2112,0.0,0.0
2019-07-11 00:00:00+08:00,27.44791603088379,28.125,27.44791603088379,28.125,1920,0.0,0.0
2019-07-12 00:00:00+08:00,27.5,28.4375,27.5,28.07291603088379,6720,0.0,0.0
2019-07-15 00:00:00+08:00,27.76041603088379,28.645832061767578,27.76041603088379,28.07291603088379,4800,0.0,0.0
2019-07-16 00:00:00+08:00,28.07291603088379,28.645832061767578,28.07291603088379,28.54166603088379,10526,0.0,0.0
2019-07-17 00:00:00+08:00,28.54166603088379,28.90625,28.54166603088379,28.54166603088379,5252,0.0,0.0
2019-07-18 00:00:00+08:00,28.85416603088379,28.85416603088379,28.802082061767578,28.802082061767578,1161,0.0,0.0
2019-07-19 00:00:00+08:00,28.645832061767578,28.645832061767578,28.22916603088379,28.22916603088379,2092,0.0,0.0
2019-07-22 00:00:00+08:00,28.28125,28.333332061767578,27.65625,27.65625,7313,0.0,0.0
2019-07-23 00:00:00+08:00,28.59375,28.59375,27.65625,28.333332061767578,8844,0.0,0.0
2019-07-24 00:00:00+08:00,28.333332061767578,28.333332061767578,27.708332061767578,27.76041603088379,9821,0.0,0.0
2019-07-25 00:00:00+08:00,27.76041603088379,27.76041603088379,26.71875,27.708332061767578,7297,0.0,0.0
2019-07-26 00:00:00+08:00,28.125,28.125,27.395832061767578,27.395832061767578,3264,0.0,0.0
2019-07-29 00:00:00+08:00,28.020832061767578,28.020832061767578,27.13541603088379,27.8125,2733,0.0,0.0
2019-07-30 00:00:00+08:00,28.020832061767578,28.07291603088379,27.8125,27.8125,5784,0.0,0.0
2019-07-31 00:00:00+08:00,28.125,30.520832061767578,28.125,28.90625,20060,0.0,0.0
2019-08-01 00:00:00+08:00,28.90625,29.32291603088379,28.90625,29.32291603088379,13080,0.0,0.0
2019-08-02 00:00:00+08:00,29.32291603088379,29.375,28.020832061767578,28.020832061767578,15033,0.0,0.0
2019-08-05 00:00:00+08:00,27.864582061767578,28.125,27.864582061767578,28.020832061767578,11717,0.0,0.0
2019-08-06 00:00:00+08:00,28.020832061767578,28.333332061767578,27.96875,28.333332061767578,3850,0.0,0.0
2019-08-07 00:00:00+08:00,28.4375,29.375,28.333332061767578,28.645832061767578,14400,0.0,0.0
2019-08-08 00:00:00+08:00,29.21875,29.21875,27.96875,28.90625,16512,0.0,0.0
2019-08-12 00:00:00+08:00,29.114582061767578,29.114582061767578,28.38541603088379,28.958332061767578,8893,0.0,0.0
2019-08-13 00:00:00+08:00,28.75,28.75,28.22916603088379,28.59375,5105,0.0,0.0
2019-08-14 00:00:00+08:00,28.38541603088379,29.21875,27.44791603088379,28.645832061767578,18254,0.0,0.0
2019-08-15 00:00:00+08:00,27.91666603088379,28.645832061767578,27.91666603088379,28.489582061767578,14619,0.0,0.0
2019-08-16 00:00:00+08:00,26.97916603088379,28.489582061767578,26.97916603088379,28.489582061767578,9488,0.0,0.0
2019-08-19 00:00:00+08:00,27.13541603088379,27.8125,25.677082061767578,25.72916603088379,5204,0.0,0.0
2019-08-20 00:00:00+08:00,27.03125,27.03125,23.489582061767578,25.72916603088379,9145,0.0,0.0
2019-08-21 00:00:00+08:00,23.177082061767578,24.47916603088379,23.177082061767578,23.54166603088379,11431,0.0,0.0
2019-08-22 00:00:00+08:00,23.4375,23.4375,22.239582061767578,23.28125,7502,0.0,0.0
2019-08-23 00:00:00+08:00,22.44791603088379,23.90625,22.44791603088379,23.90625,577,0.0,0.0
2019-08-26 00:00:00+08:00,23.4375,23.4375,21.5625,22.76041603088379,15168,0.0,0.0
2019-08-27 00:00:00+08:00,21.66666603088379,22.29166603088379,20.520832061767578,20.520832061767578,20376,0.0,0.0
2019-08-28 00:00:00+08:00,20.3125,20.3125,18.489582061767578,18.489582061767578,66159,0.0,0.0
2019-08-29 00:00:00+08:00,17.60416603088379,20.3125,16.927082061767578,20.3125,49544,0.0,0.0
2019-08-30 00:00:00+08:00,18.90625,20.15625,18.90625,19.53125,10456,0.0,0.0
2019-09-02 00:00:00+08:00,20.3125,21.35416603088379,20.3125,20.57291603088379,15337,0.0,0.0
2019-09-03 00:00:00+08:00,21.35416603088379,21.35416603088379,20.208332061767578,20.3125,3625,0.0,0.0
2019-09-04 00:00:00+08:00,20.3125,20.57291603088379,20.3125,20.57291603088379,934,0.0,0.0
2019-09-05 00:00:00+08:00,20.3125,20.3125,20.15625,20.15625,3508,0.0,0.0
2019-09-06 00:00:00+08:00,19.6875,21.09375,19.6875,21.09375,10479,0.0,0.0
2019-09-10 00:00:00+08:00,20.833332061767578,20.833332061767578,20.364582061767578,20.364582061767578,4311,0.0,0.0
2019-09-11 00:00:00+08:00,19.270832061767578,19.583332061767578,19.270832061767578,19.583332061767578,5049,0.0,0.0
2019-09-12 00:00:00+08:00,19.0625,21.09375,19.0625,20.78125,15546,0.0,0.0
2019-09-16 00:00:00+08:00,20.052082061767578,21.458332061767578,19.84375,20.833332061767578,10438,0.0,0.0
2019-09-17 00:00:00+08:00,20.833332061767578,20.833332061767578,20.208332061767578,20.364582061767578,12441,0.0,0.0
2019-09-18 00:00:00+08:00,20.364582061767578,20.833332061767578,20.364582061767578,20.833332061767578,20173,0.0,0.0
2019-09-19 00:00:00+08:00,21.302082061767578,21.35416603088379,20.41666603088379,20.46875,5495,0.0,0.0
2019-09-20 00:00:00+08:00,20.46875,20.46875,20.46875,20.46875,0,0.0,0.6
2019-09-23 00:00:00+08:00,20.46875,20.46875,20.46875,20.46875,0,0.0,0.0
2019-09-24 00:00:00+08:00,20.46875,20.46875,20.46875,20.46875,0,0.0,0.0
2019-09-25 00:00:00+08:00,20.46875,20.46875,20.46875,20.46875,0,0.0,0.0
2019-09-26 00:00:00+08:00,20.46875,20.46875,20.46875,20.46875,0,0.0,0.0
2019-09-27 00:00:00+08:00,20.46875,20.46875,20.46875,20.46875,0,0.0,0.0
2019-10-01 00:00:00+08:00,22.5,22.5,20.65625,22.15625,55554,0.0,0.0
2019-10-02 00:00:00+08:00,21.8125,21.8125,20.53125,20.6875,15920,0.0,0.0
2019-10-03 00:00:00+08:00,20.78125,21.875,20.78125,21.0,25360,0.0,0.0
2019-10-04 00:00:00+08:00,21.3125,21.75,20.65625,21.40625,19984,0.0,0.0
2019-10-07 00:00:00+08:00,21.78125,21.78125,21.21875,21.65625,5508,0.0,0.0
2019-10-08 00:00:00+08:00,20.96875,21.59375,20.90625,21.59375,4707,0.0,0.0
2019-10-09 00:00:00+08:00,21.5,21.8125,20.9375,21.53125,15545,0.0,0.0
2019-10-14 00:00:00+08:00,21.90625,21.90625,21.25,21.25,14425,0.0,0.0
2019-10-15 00:00:00+08:00,21.25,21.25,21.25,21.25,1791,0.0,0.0
2019-10-16 00:00:00+08:00,21.8125,21.8125,20.5,21.25,5242,0.0,0.0
2019-10-17 00:00:00+08:00,21.5,22.0625,21.5,22.0625,2410,0.0,0.0
2019-10-18 00:00:00+08:00,21.875,22.34375,20.6875,21.84375,16612,0.0,0.0
2019-10-21 00:00:00+08:00,20.8125,21.3125,20.8125,21.3125,1362,0.0,0.0
2019-10-22 00:00:00+08:00,21.5,21.5,20.5,20.5,10117,0.0,0.0
2019-10-23 00:00:00+08:00,18.9375,20.875,18.9375,20.03125,7613,0.0,0.0
2019-10-24 00:00:00+08:00,20.1875,20.9375,20.1875,20.9375,1635,0.0,0.0
2019-10-25 00:00:00+08:00,20.9375,20.9375,20.9375,20.9375,0,0.0,0.0
2019-10-28 00:00:00+08:00,19.6875,20.3125,19.15625,20.3125,4243,0.0,0.0
2019-10-29 00:00:00+08:00,19.375,21.34375,19.375,21.34375,1976,0.0,0.0
2019-10-30 00:00:00+08:00,21.34375,21.34375,21.34375,21.34375,0,0.0,0.0
2019-10-31 00:00:00+08:00,20.625,20.625,20.625,20.625,349,0.0,0.0
2019-11-01 00:00:00+08:00,19.78125,20.3125,19.78125,20.3125,1344,0.0,0.0
2019-11-04 00:00:00+08:00,20.21875,20.40625,20.21875,20.34375,3200,0.0,0.0
2019-11-05 00:00:00+08:00,20.34375,20.46875,20.3125,20.46875,12160,0.0,0.0
2019-11-06 00:00:00+08:00,20.65625,20.65625,19.4375,19.59375,5120,0.0,0.0
2019-11-07 00:00:00+08:00,19.59375,19.96875,19.0625,19.96875,2880,0.0,0.0
2019-11-08 00:00:00+08:00,18.4375,20.25,18.4375,20.25,1045,0.0,0.0
2019-11-11 00:00:00+08:00,20.25,20.25,20.25,20.25,0,0.0,0.0
2019-11-12 00:00:00+08:00,19.6875,19.6875,19.6875,19.6875,1114,0.0,0.0
2019-11-13 00:00:00+08:00,19.6875,19.6875,19.6875,19.6875,0,0.0,0.0
2019-11-14 00:00:00+08:00,18.84375,19.40625,18.8125,19.0625,38400,0.0,0.0
2019-11-15 00:00:00+08:00,18.84375,19.125,18.84375,19.09375,6738,0.0,0.0
2019-11-18 00:00:00+08:00,15.6875,15.6875,15.46875,15.46875,5760,0.0,0.0
2019-11-19 00:00:00+08:00,15.6875,15.6875,15.46875,15.46875,5760,0.0,0.0
2019-11-20 00:00:00+08:00,13.9375,15.21875,13.9375,14.09375,28800,0.0,0.0
2019-11-21 00:00:00+08:00,14.0625,14.09375,14.0625,14.0625,8960,0.0,0.0
2019-11-22 00:00:00+08:00,13.625,13.625,13.625,13.625,2880,0.0,0.0
2019-11-25 00:00:00+08:00,13.4375,13.9375,13.4375,13.9375,7680,0.0,0.0
2019-11-26 00:00:00+08:00,13.4375,13.9375,13.4375,13.9375,7680,0.0,0.0
2019-11-27 00:00:00+08:00,14.03125,14.21875,13.75,13.96875,7680,0.0,0.0
2019-11-28 00:00:00+08:00,13.90625,14.28125,13.90625,14.28125,6400,0.0,0.0
2019-11-29 00:00:00+08:00,14.46875,14.46875,13.5625,14.375,4040,0.0,0.0
2019-12-02 00:00:00+08:00,13.75,14.0625,13.75,14.0625,8320,0.0,0.0
2019-12-03 00:00:00+08:00,14.0625,14.0625,13.875,13.875,640,0.0,0.0
2019-12-04 00:00:00+08:00,14.09375,14.09375,14.09375,14.09375,640,0.0,0.0
2019-12-05 00:00:00+08:00,13.75,14.0625,13.75,14.0625,2880,0.0,0.0
2019-12-06 00:00:00+08:00,13.75,14.0625,13.75,14.0625,3028,0.0,0.0
2019-12-09 00:00:00+08:00,17.0,17.0,17.0,17.0,10560,0.0,0.0
2019-12-10 00:00:00+08:00,18.6875,18.6875,18.6875,18.6875,640,0.0,0.0
2019-12-11 00:00:00+08:00,18.6875,18.6875,18.6875,18.6875,640,0.0,0.0
2019-12-12 00:00:00+08:00,20.46875,20.46875,18.71875,18.71875,25600,0.0,0.0
2019-12-13 00:00:00+08:00,16.96875,18.375,16.875,18.375,7747,0.0,0.0
2019-12-16 00:00:00+08:00,16.6875,19.0,16.5625,19.0,11520,0.0,0.0
2019-12-17 00:00:00+08:00,17.125,18.0625,17.125,18.0625,8320,0.0,0.0
2019-12-18 00:00:00+08:00,16.78125,17.375,16.3125,17.125,5760,0.0,0.0
2019-12-19 00:00:00+08:00,16.96875,17.15625,16.34375,17.15625,9920,0.0,0.0
2019-12-20 00:00:00+08:00,17.46875,17.46875,16.90625,17.46875,4009,0.0,0.0
2019-12-23 00:00:00+08:00,17.375,17.375,16.34375,17.28125,4160,0.0,0.0
2019-12-24 00:00:00+08:00,17.15625,17.15625,16.5625,17.03125,12160,0.0,0.0
2019-12-25 00:00:00+08:00,19.25,19.25,19.25,19.25,320,0.0,0.0
2019-12-26 00:00:00+08:00,19.25,19.25,19.25,19.25,320,0.0,0.0
2019-12-27 00:00:00+08:00,17.40625,18.4375,17.40625,17.40625,4722,0.0,0.0
2019-12-30 00:00:00+08:00,17.59375,17.59375,17.59375,17.59375,320,0.0,0.0
2019-12-31 00:00:00+08:00,17.46875,17.46875,17.46875,17.46875,526,0.0,0.0
2020-01-02 00:00:00+08:00,19.375,19.375,18.75,18.75,8960,0.0,0.0
2020-01-03 00:00:00+08:00,19.375,19.375,18.75,18.75,9201,0.0,0.0
2020-01-06 00:00:00+08:00,19.09375,19.09375,18.71875,18.71875,640,0.0,0.0
2020-01-07 00:00:00+08:00,18.65625,18.65625,18.65625,18.65625,320,0.0,0.0
2020-01-08 00:00:00+08:00,18.65625,18.65625,18.65625,18.65625,320,0.0,0.0
2020-01-09 00:00:00+08:00,17.1875,18.28125,17.1875,18.28125,640,0.0,0.0
2020-01-10 00:00:00+08:00,17.1875,18.28125,17.1875,18.28125,640,0.0,0.0
2020-01-13 00:00:00+08:00,20.09375,20.09375,18.34375,19.8125,19200,0.0,0.0
2020-01-14 00:00:00+08:00,18.0,19.34375,18.0,19.34375,5120,0.0,0.0
2020-01-15 00:00:00+08:00,19.03125,19.03125,18.15625,18.71875,960,0.0,0.0
2020-01-16 00:00:00+08:00,17.5,19.0,17.5,18.75,8640,0.0,0.0
2020-01-17 00:00:00+08:00,17.5,19.0,17.5,18.75,8832,0.0,0.0
2020-01-20 00:00:00+08:00,19.03125,19.03125,17.5625,18.71875,1320,0.0,0.0
2020-01-30 00:00:00+08:00,17.625,17.625,17.625,17.625,320,0.0,0.0
2020-01-31 00:00:00+08:00,17.625,17.625,17.625,17.625,591,0.0,0.0
2020-02-03 00:00:00+08:00,15.9375,17.75,15.9375,17.5,6400,0.0,0.0
2020-02-04 00:00:00+08:00,17.75,17.75,17.75,17.75,320,0.0,0.0
2020-02-05 00:00:00+08:00,17.875,17.875,17.5,17.84375,1280,0.0,0.0
2020-02-06 00:00:00+08:00,17.875,17.875,17.5,17.84375,1280,0.0,0.0
2020-02-07 00:00:00+08:00,17.90625,17.90625,16.59375,17.84375,1765,0.0,0.0
2020-02-10 00:00:00+08:00,17.75,17.75,17.75,17.75,320,0.0,0.0
2020-02-11 00:00:00+08:00,16.625,18.09375,16.625,17.84375,3200,0.0,0.0
2020-02-12 00:00:00+08:00,16.625,18.09375,16.625,17.84375,3200,0.0,0.0
2020-02-13 00:00:00+08:00,17.8125,18.25,17.8125,18.25,1280,0.0,0.0
2020-02-14 00:00:00+08:00,18.09375,18.125,17.8125,18.0625,5137,0.0,0.0
2020-02-17 00:00:00+08:00,17.8125,17.8125,17.8125,17.8125,320,0.0,0.0
2020-02-18 00:00:00+08:00,17.65625,17.65625,17.65625,17.65625,320,0.0,0.0
2020-02-19 00:00:00+08:00,17.65625,17.65625,17.65625,17.65625,320,0.0,0.0
2020-02-20 00:00:00+08:00,18.25,18.25,18.15625,18.1875,1920,0.0,0.0
2020-02-21 00:00:00+08:00,18.5625,18.5625,17.59375,18.40625,3200,0.0,0.0
2020-02-24 00:00:00+08:00,18.71875,18.71875,18.71875,18.71875,320,0.0,0.0
2020-02-25 00:00:00+08:00,18.71875,18.71875,18.71875,18.71875,320,0.0,0.0
2020-02-26 00:00:00+08:00,18.71875,18.71875,17.8125,17.8125,960,0.0,0.0
2020-02-27 00:00:00+08:00,18.375,18.375,18.375,18.375,320,0.0,0.0
2020-03-02 00:00:00+08:00,18.34375,18.34375,17.25,17.78125,1280,0.0,0.0
2020-03-03 00:00:00+08:00,18.34375,18.34375,17.78125,17.78125,1920,0.0,0.0
2020-03-04 00:00:00+08:00,18.40625,18.40625,16.5625,16.5625,4800,0.0,0.0
2020-03-05 00:00:00+08:00,16.96875,17.4375,16.09375,17.4375,10560,0.0,0.0
2020-03-06 00:00:00+08:00,17.1875,17.3125,16.5625,16.5625,26880,0.0,0.0
2020-03-09 00:00:00+08:00,16.5625,16.5625,16.5625,16.5625,0,0.0,0.0
2020-03-10 00:00:00+08:00,18.0,18.0,16.71875,17.4375,10880,0.0,0.0
2020-03-11 00:00:00+08:00,18.0,18.0,16.71875,17.4375,10965,0.0,0.0
2020-03-12 00:00:00+08:00,16.84375,17.78125,15.875,16.875,5440,0.0,0.0
2020-03-13 00:00:00+08:00,16.875,16.875,16.875,16.875,0,0.0,0.0
2020-03-16 00:00:00+08:00,16.21875,16.21875,13.90625,15.5625,4800,0.0,0.0
2020-03-17 00:00:00+08:00,14.96875,15.0,14.03125,14.75,3520,0.0,0.0
2020-03-18 00:00:00+08:00,14.75,14.75,14.75,14.75,0,0.0,0.0
2020-03-19 00:00:00+08:00,13.4375,13.4375,13.1875,13.34375,3200,0.0,0.0
2020-03-20 00:00:00+08:00,12.03125,13.40625,12.03125,13.34375,3840,0.0,0.0
2020-03-23 00:00:00+08:00,12.1875,13.1875,12.1875,13.1875,18560,0.0,0.0
2020-03-24 00:00:00+08:00,13.71875,13.71875,12.34375,13.5,1280,0.0,0.0
2020-03-25 00:00:00+08:00,13.4375,13.5,13.28125,13.40625,3200,0.0,0.0
2020-03-26 00:00:00+08:00,13.40625,13.40625,13.40625,13.40625,0,0.0,0.0
2020-03-27 00:00:00+08:00,13.125,13.96875,12.5,13.40625,7680,0.0,0.0
2020-03-30 00:00:00+08:00,13.40625,13.40625,13.40625,13.40625,0,0.0,0.0
2020-03-31 00:00:00+08:00,13.28125,13.28125,13.28125,14.03125,320,0.0,0.0
2020-04-01 00:00:00+08:00,12.28125,12.6875,11.96875,11.96875,7040,0.0,0.0
2020-04-06 00:00:00+08:00,11.96875,11.96875,11.96875,11.96875,0,0.0,0.0
2020-04-07 00:00:00+08:00,13.09375,13.09375,11.59375,12.03125,19840,0.0,0.0
2020-04-08 00:00:00+08:00,10.9375,11.5,10.84375,10.9375,29440,0.0,0.0
2020-04-09 00:00:00+08:00,11.25,11.375,10.9375,10.9375,13440,0.0,0.0
2020-04-10 00:00:00+08:00,11.03125,12.03125,11.03125,12.03125,28800,0.0,0.0
2020-04-13 00:00:00+08:00,13.21875,13.21875,13.21875,13.21875,5440,0.0,0.0
2020-04-14 00:00:00+08:00,14.53125,14.53125,14.53125,14.53125,5440,0.0,0.0
2020-04-15 00:00:00+08:00,15.96875,15.96875,15.96875,15.96875,10560,0.0,0.0
2020-04-16 00:00:00+08:00,17.5625,17.5625,17.5625,17.5625,22720,0.0,0.0
2020-04-17 00:00:00+08:00,19.3125,19.3125,16.03125,16.9375,50240,0.0,0.0
2020-04-20 00:00:00+08:00,15.40625,15.53125,15.375,15.375,9600,0.0,0.0
2020-04-21 00:00:00+08:00,14.25,16.25,14.25,14.375,7040,0.0,0.0
2020-04-22 00:00:00+08:00,15.09375,15.09375,15.03125,15.03125,1920,0.0,0.0
2020-04-23 00:00:00+08:00,15.03125,15.53125,15.03125,15.53125,960,0.0,0.0
2020-04-24 00:00:00+08:00,15.625,15.625,15.625,15.625,640,0.0,0.0
2020-04-27 00:00:00+08:00,14.40625,16.5625,14.40625,16.5625,5120,0.0,0.0
2020-04-28 00:00:00+08:00,16.5625,16.875,16.53125,16.875,4160,0.0,0.0
2020-04-29 00:00:00+08:00,15.40625,16.5625,15.21875,16.5625,4800,0.0,0.0
2020-04-30 00:00:00+08:00,16.40625,16.40625,16.375,16.375,3520,0.0,0.0
2020-05-04 00:00:00+08:00,15.09375,16.25,15.09375,16.25,2880,0.0,0.0
2020-05-05 00:00:00+08:00,14.78125,16.21875,14.78125,16.1875,10240,0.0,0.0
2020-05-06 00:00:00+08:00,15.9375,15.9375,15.6875,15.6875,2240,0.0,0.0
2020-05-07 00:00:00+08:00,15.78125,16.40625,15.71875,15.71875,8640,0.0,0.0
2020-05-08 00:00:00+08:00,16.375,16.40625,16.09375,16.40625,4160,0.0,0.0
2020-05-11 00:00:00+08:00,16.40625,16.59375,16.40625,16.59375,3520,0.0,0.0
2020-05-12 00:00:00+08:00,15.9375,15.9375,15.875,15.875,1920,0.0,0.0
2020-05-13 00:00:00+08:00,15.875,15.875,15.875,15.875,0,0.0,0.0
2020-05-14 00:00:00+08:00,16.875,16.875,16.03125,16.03125,1280,0.0,0.0
2020-05-15 00:00:00+08:00,16.03125,16.03125,16.03125,16.03125,0,0.0,0.0
2020-05-18 00:00:00+08:00,16.03125,17.25,16.03125,17.25,7360,0.0,0.0
2020-05-19 00:00:00+08:00,18.125,18.125,16.5625,16.5625,6400,0.0,0.0
2020-05-20 00:00:00+08:00,16.28125,16.28125,16.28125,16.28125,2240,0.0,0.0
2020-05-21 00:00:00+08:00,16.5625,17.375,16.3125,17.375,8320,0.0,0.0
2020-05-22 00:00:00+08:00,16.625,16.625,16.5,16.5,3200,0.0,0.0
2020-05-25 00:00:00+08:00,16.40625,16.40625,16.40625,16.40625,320,0.0,0.0
2020-05-26 00:00:00+08:00,15.9375,15.9375,15.78125,15.78125,1600,0.0,0.0
2020-05-27 00:00:00+08:00,15.34375,16.21875,15.34375,16.21875,4480,0.0,0.0
2020-05-28 00:00:00+08:00,17.1875,17.1875,17.1875,17.1875,640,0.0,0.0
2020-05-29 00:00:00+08:00,17.1875,17.1875,17.1875,17.1875,320,0.0,0.0
2020-06-01 00:00:00+08:00,16.125,17.1875,16.125,16.875,6080,0.0,0.0
2020-06-02 00:00:00+08:00,16.15625,16.5625,16.0625,16.0625,12480,0.0,0.0
2020-06-03 00:00:00+08:00,16.53125,16.53125,16.25,16.25,2560,0.0,0.0
2020-06-04 00:00:00+08:00,16.21875,16.25,16.21875,16.25,3520,0.0,0.0
2020-06-05 00:00:00+08:00,16.5625,17.875,16.5625,17.875,23680,0.0,0.0
2020-06-08 00:00:00+08:00,19.65625,19.65625,19.65625,19.65625,41280,0.0,0.0
2020-06-09 00:00:00+08:00,19.9375,20.3125,19.125,19.15625,16960,0.0,0.0
2020-06-10 00:00:00+08:00,17.28125,20.8125,17.28125,20.8125,34880,0.0,0.0
2020-06-11 00:00:00+08:00,20.3125,22.875,20.3125,22.65625,62080,0.0,0.0
2020-06-12 00:00:00+08:00,24.84375,24.90625,22.65625,24.90625,73280,0.0,0.0
2020-06-15 00:00:00+08:00,27.375,27.375,26.5625,27.375,40960,0.0,0.0
2020-06-16 00:00:00+08:00,30.09375,30.09375,30.09375,30.09375,16960,0.0,0.0
2020-06-17 00:00:00+08:00,32.96875,32.96875,31.1875,32.8125,148160,0.0,0.0
2020-06-18 00:00:00+08:00,36.09375,36.09375,34.375,36.09375,131840,0.0,0.0
2020-06-19 00:00:00+08:00,39.375,39.375,35.0,35.9375,48000,0.0,0.0
2020-06-22 00:00:00+08:00,36.09375,36.25,36.09375,36.25,32320,0.0,0.0
2020-06-23 00:00:00+08:00,37.5,37.5,36.5625,37.5,27200,0.0,0.0
2020-06-24 00:00:00+08:00,39.53125,39.53125,36.875,36.875,26880,0.0,0.0
2020-06-29 00:00:00+08:00,36.25,37.5,36.25,37.03125,40960,0.0,0.0
2020-06-30 00:00:00+08:00,34.0625,34.53125,34.0625,34.0625,27520,0.0,0.0
2020-07-01 00:00:00+08:00,32.8125,34.21875,32.65625,34.21875,20160,0.0,0.0
2020-07-02 00:00:00+08:00,33.125,35.78125,33.125,35.78125,11200,0.0,0.0
2020-07-03 00:00:00+08:00,38.4375,38.4375,32.34375,32.34375,26560,0.0,0.0
2020-07-06 00:00:00+08:00,29.375,35.46875,29.375,35.46875,66240,0.0,0.0
2020-07-07 00:00:00+08:00,33.75,38.75,33.75,36.40625,38400,0.0,0.0
2020-07-08 00:00:00+08:00,37.34375,37.5,37.1875,37.5,41600,0.0,0.0
2020-07-09 00:00:00+08:00,37.8125,39.375,37.8125,38.75,33920,0.0,0.0
2020-07-10 00:00:00+08:00,38.125,38.75,36.40625,36.5625,6400,0.0,0.0
2020-07-13 00:00:00+08:00,35.625,37.96875,35.625,36.5625,10560,0.0,0.0
2020-07-14 00:00:00+08:00,37.96875,38.125,36.40625,37.5,13440,0.0,0.0
2020-07-15 00:00:00+08:00,37.5,37.8125,36.40625,36.5625,10880,0.0,0.0
2020-07-16 00:00:00+08:00,36.25,40.15625,36.09375,37.8125,36800,0.0,0.0
2020-07-17 00:00:00+08:00,37.1875,37.1875,34.0625,34.0625,38720,0.0,0.0
2020-07-20 00:00:00+08:00,33.125,35.3125,31.875,35.3125,21120,0.0,0.0
2020-07-21 00:00:00+08:00,36.875,36.875,31.875,34.375,13120,0.0,0.0
2020-07-22 00:00:00+08:00,34.375,35.0,32.5,35.0,5120,0.0,0.0
2020-07-23 00:00:00+08:00,34.375,35.9375,34.375,35.9375,6080,0.0,0.0
2020-07-24 00:00:00+08:00,35.0,36.25,35.0,35.9375,6400,0.0,0.0
2020-07-27 00:00:00+08:00,34.375,35.625,32.34375,35.15625,7680,0.0,0.0
2020-07-28 00:00:00+08:00,32.5,34.375,32.5,34.375,13440,0.0,0.0
2020-07-29 00:00:00+08:00,32.96875,34.6875,32.96875,34.6875,6720,0.0,0.0
2020-07-30 00:00:00+08:00,35.15625,35.15625,34.375,34.375,960,0.0,0.0
2020-07-31 00:00:00+08:00,33.90625,33.90625,33.59375,33.75,4800,0.0,0.0
2020-08-03 00:00:00+08:00,30.9375,33.4375,30.625,33.4375,16000,0.0,0.0
2020-08-04 00:00:00+08:00,32.8125,34.21875,31.875,32.8125,7680,0.0,0.0
2020-08-05 00:00:00+08:00,33.125,33.125,31.25,32.65625,2880,0.0,0.0
2020-08-06 00:00:00+08:00,31.875,33.59375,31.875,33.59375,7040,0.0,0.0
2020-08-07 00:00:00+08:00,31.875,33.4375,31.875,33.4375,2880,0.0,0.0
2020-08-10 00:00:00+08:00,32.65625,32.65625,31.5625,32.5,6080,0.0,0.0
2020-08-11 00:00:00+08:00,31.5625,32.34375,31.5625,32.34375,1920,0.0,0.0
2020-08-12 00:00:00+08:00,33.59375,33.59375,30.34375,30.71875,5760,0.0,0.0
2020-08-13 00:00:00+08:00,31.875,31.875,30.9375,30.9375,2560,0.0,0.0
2020-08-14 00:00:00+08:00,31.40625,31.40625,30.375,31.1875,3840,0.0,0.0
2020-08-17 00:00:00+08:00,31.25,31.71875,31.25,31.25,4160,0.0,0.0
2020-08-18 00:00:00+08:00,31.25,31.25,31.09375,31.25,3840,0.0,0.0
2020-08-19 00:00:00+08:00,30.625,31.25,30.625,31.25,5760,0.0,0.0
2020-08-20 00:00:00+08:00,31.25,31.25,28.5,30.46875,8320,0.0,0.0
2020-08-21 00:00:00+08:00,29.6875,30.625,29.375,30.59375,7680,0.0,0.0
2020-08-24 00:00:00+08:00,29.6875,29.6875,29.0625,28.5,1600,0.0,0.0
2020-08-25 00:00:00+08:00,29.6875,30.25,29.6875,30.25,5120,0.0,0.0
2020-08-26 00:00:00+08:00,31.1875,31.875,30.625,30.625,10560,0.0,0.0
2020-08-27 00:00:00+08:00,31.25,31.25,30.625,30.625,10240,0.0,0.0
2020-08-28 00:00:00+08:00,31.21875,32.03125,31.09375,31.25,9600,0.0,0.0
2020-08-31 00:00:00+08:00,31.25,31.25,30.625,30.9375,7040,0.0,0.0
2020-09-01 00:00:00+08:00,31.21875,31.71875,30.0,31.71875,7360,0.0,0.0
2020-09-02 00:00:00+08:00,30.3125,31.25,29.71875,31.25,5120,0.0,0.0
2020-09-03 00:00:00+08:00,29.71875,30.9375,29.0625,30.15625,14080,0.0,0.0
2020-09-04 00:00:00+08:00,30.59375,30.59375,29.09375,30.3125,2880,0.0,0.0
2020-09-07 00:00:00+08:00,29.6875,29.6875,29.0625,29.375,6080,0.0,0.0
2020-09-08 00:00:00+08:00,30.625,31.25,29.6875,29.84375,16960,0.0,0.0
2020-09-09 00:00:00+08:00,28.125,30.875,28.125,30.875,13760,0.0,0.0
2020-09-10 00:00:00+08:00,30.625,30.625,29.6875,30.53125,4160,0.0,0.0
2020-09-11 00:00:00+08:00,29.53125,30.78125,29.46875,30.3125,9600,0.0,0.0
2020-09-14 00:00:00+08:00,29.75,30.6875,28.90625,30.6875,7040,0.0,0.0
2020-09-15 00:00:00+08:00,29.15625,30.3125,29.15625,29.59375,10560,0.0,0.0
2020-09-16 00:00:00+08:00,30.28125,31.5625,30.28125,30.5,16320,0.0,0.0
2020-09-17 00:00:00+08:00,30.5,30.5,30.3125,30.5,11200,0.0,0.0
2020-09-18 00:00:00+08:00,29.75,30.875,29.75,30.625,1600,0.0,0.0
2020-09-21 00:00:00+08:00,30.0,30.65625,29.40625,30.625,5120,0.0,0.0
2020-09-22 00:00:00+08:00,30.5625,30.6875,30.0,30.6875,3520,0.0,0.0
2020-09-23 00:00:00+08:00,30.6875,30.6875,30.6875,30.6875,320,0.0,0.0
2020-09-24 00:00:00+08:00,30.0,31.25,30.0,31.25,640,0.0,0.0
2020-09-25 00:00:00+08:00,31.25,31.25,31.25,31.25,0,0.0,0.0
2020-09-28 00:00:00+08:00,31.5625,31.5625,30.0625,30.0625,2560,0.0,0.0
2020-09-29 00:00:00+08:00,29.71875,30.9375,29.375,30.9375,1280,0.0,0.0
2020-09-30 00:00:00+08:00,30.8125,31.1875,29.125,31.1875,10240,0.0,0.0
2020-10-05 00:00:00+08:00,30.9375,31.125,29.3125,30.875,16000,0.0,0.0
2020-10-06 00:00:00+08:00,30.625,30.875,30.625,30.8125,1280,0.0,0.0
2020-10-07 00:00:00+08:00,30.0,30.65625,29.6875,30.65625,1280,0.0,0.0
2020-10-08 00:00:00+08:00,29.6875,31.40625,29.59375,31.15625,4480,0.0,0.0
2020-10-12 00:00:00+08:00,30.0,30.03125,29.28125,30.03125,7360,0.0,0.0
2020-10-13 00:00:00+08:00,29.0625,31.1875,29.0625,30.96875,9280,0.0,0.0
2020-10-14 00:00:00+08:00,30.59375,30.59375,29.625,30.4375,3520,0.0,0.0
2020-10-15 00:00:00+08:00,30.3125,30.6875,30.3125,30.59375,3840,0.0,0.0
2020-10-16 00:00:00+08:00,29.5625,30.59375,29.5625,30.59375,4800,0.0,0.0
2020-10-19 00:00:00+08:00,30.0,30.59375,30.0,30.59375,1280,0.0,0.0
2020-10-20 00:00:00+08:00,29.71875,30.5,29.71875,30.5,640,0.0,0.0
2020-10-21 00:00:00+08:00,29.5,30.1875,29.375,30.1875,4800,0.0,0.0
2020-10-22 00:00:00+08:00,29.9375,30.09375,28.96875,29.90625,14720,0.0,0.0
2020-10-23 00:00:00+08:00,29.03125,29.0625,27.1875,29.0625,7680,0.0,0.0
2020-10-26 00:00:00+08:00,27.75,29.9375,27.75,29.9375,4480,0.0,0.0
2020-10-27 00:00:00+08:00,29.9375,29.9375,29.9375,29.9375,0,0.0,0.0
2020-10-28 00:00:00+08:00,29.1875,29.1875,29.1875,29.1875,128320,0.0,0.0
2020-10-29 00:00:00+08:00,29.96875,29.96875,29.34375,29.34375,1280,0.0,0.0
2020-10-30 00:00:00+08:00,29.1875,29.1875,28.34375,28.34375,960,0.0,0.0
2020-11-02 00:00:00+08:00,30.625,30.625,28.34375,28.34375,40000,0.0,0.0
2020-11-03 00:00:00+08:00,29.53125,29.53125,26.78125,26.9375,33600,0.0,0.0
2020-11-04 00:00:00+08:00,30.40625,30.40625,28.28125,29.46875,2880,0.0,0.0
2020-11-05 00:00:00+08:00,29.46875,29.46875,29.46875,29.46875,0,0.0,0.0
2020-11-06 00:00:00+08:00,29.15625,30.03125,29.15625,29.4375,1280,0.0,0.0
2020-11-09 00:00:00+08:00,29.8125,29.8125,29.28125,29.3125,960,0.0,0.0
2020-11-10 00:00:00+08:00,29.84375,29.84375,29.84375,29.84375,320,0.0,0.0
2020-11-11 00:00:00+08:00,29.78125,29.78125,26.90625,29.53125,4800,0.0,0.0
2020-11-12 00:00:00+08:00,27.21875,29.1875,27.1875,29.1875,14400,0.0,0.0
2020-11-13 00:00:00+08:00,29.28125,29.28125,27.8125,28.65625,1280,0.0,0.0
2020-11-16 00:00:00+08:00,28.125,28.625,26.96875,26.96875,4160,0.0,0.0
2020-11-17 00:00:00+08:00,27.78125,28.53125,27.78125,28.53125,960,0.0,0.0
2020-11-18 00:00:00+08:00,28.25,28.25,26.90625,26.90625,4160,0.0,0.0
2020-11-19 00:00:00+08:00,26.9375,27.6875,26.875,27.6875,7360,0.0,0.0
2020-11-20 00:00:00+08:00,27.59375,28.375,27.59375,28.0625,1920,0.0,0.0
2020-11-23 00:00:00+08:00,28.125,28.125,28.0625,28.0625,1600,0.0,0.0
2020-11-24 00:00:00+08:00,26.875,28.5,25.75,26.875,5120,0.0,0.0
2020-11-25 00:00:00+08:00,26.875,27.5,26.4375,26.90625,11520,0.0,0.0
2020-11-26 00:00:00+08:00,26.90625,26.90625,26.90625,26.90625,0,0.0,0.0
2020-11-27 00:00:00+08:00,27.03125,27.03125,27.0,27.03125,960,0.0,0.0
2020-11-30 00:00:00+08:00,26.5625,27.03125,26.5625,27.03125,10880,0.0,0.0
2020-12-01 00:00:00+08:00,25.0625,27.03125,25.0625,27.0,2880,0.0,0.0
2020-12-02 00:00:00+08:00,25.0,26.84375,25.0,26.71875,4480,0.0,0.0
2020-12-03 00:00:00+08:00,26.375,27.78125,26.375,27.78125,2880,0.0,0.0
2020-12-04 00:00:00+08:00,25.15625,26.875,25.15625,26.84375,3840,0.0,0.0
2020-12-07 00:00:00+08:00,26.4375,26.9375,26.4375,26.9375,2240,0.0,0.0
2020-12-08 00:00:00+08:00,26.75,26.75,26.75,26.75,640,0.0,0.0
2020-12-09 00:00:00+08:00,27.5,27.5,25.9375,26.875,7040,0.0,0.0
2020-12-10 00:00:00+08:00,26.875,26.875,26.875,26.875,0,0.0,0.0
2020-12-11 00:00:00+08:00,26.75,26.875,26.75,28.0625,5440,0.0,0.0
2020-12-14 00:00:00+08:00,24.4375,25.3125,24.4375,27.5,6400,0.0,0.0
2020-12-15 00:00:00+08:00,25.3125,26.21875,25.09375,26.21875,6720,0.0,0.0
2020-12-16 00:00:00+08:00,25.0,26.25,25.0,26.25,5120,0.0,0.0
2020-12-17 00:00:00+08:00,26.1875,26.96875,25.5625,26.375,4480,0.0,0.0
2020-12-18 00:00:00+08:00,25.5,26.25,25.5,26.25,1920,0.0,0.0
2020-12-21 00:00:00+08:00,25.46875,26.28125,25.1875,26.28125,2240,0.0,0.0
2020-12-22 00:00:00+08:00,25.375,26.28125,25.375,26.28125,4480,0.0,0.0
2020-12-23 00:00:00+08:00,26.53125,26.53125,26.53125,26.53125,320,0.0,0.0
2020-12-24 00:00:00+08:00,26.53125,26.53125,26.53125,26.53125,0,0.0,0.0
2020-12-25 00:00:00+08:00,26.5625,26.5625,26.5625,26.5625,320,0.0,0.0
2020-12-28 00:00:00+08:00,25.65625,26.5625,25.65625,26.5625,11520,0.0,0.0
2020-12-29 00:00:00+08:00,28.59375,28.59375,26.25,26.25,5120,0.0,0.0
2020-12-30 00:00:00+08:00,26.25,26.25,25.625,26.25,960,0.0,0.0
2020-12-31 00:00:00+08:00,26.625,26.625,25.9375,26.1875,6720,0.0,0.0
2021-01-04 00:00:00+08:00,25.625,25.9375,25.3125,25.875,7360,0.0,0.0
2021-01-05 00:00:00+08:00,24.84375,25.75,24.84375,25.625,2240,0.0,0.0
2021-01-06 00:00:00+08:00,26.40625,26.40625,25.09375,25.84375,4160,0.0,0.0
2021-01-07 00:00:00+08:00,25.71875,25.71875,25.71875,25.71875,320,0.0,0.0
2021-01-08 00:00:00+08:00,25.1875,25.59375,25.0,25.5625,6400,0.0,0.0
2021-01-11 00:00:00+08:00,24.53125,25.25,23.15625,24.15625,26560,0.0,0.0
2021-01-12 00:00:00+08:00,22.15625,23.5,21.75,22.78125,35520,0.0,0.0
2021-01-13 00:00:00+08:00,21.40625,22.96875,21.40625,22.96875,4160,0.0,0.0
2021-01-14 00:00:00+08:00,22.96875,23.21875,22.96875,23.21875,4160,0.0,0.0
2021-01-15 00:00:00+08:00,23.21875,23.21875,23.21875,23.21875,0,0.0,0.0
2021-01-18 00:00:00+08:00,23.4375,23.4375,23.4375,23.4375,320,0.0,0.0
2021-01-19 00:00:00+08:00,22.8125,22.9375,21.5,22.9375,4160,0.0,0.0
2021-01-20 00:00:00+08:00,22.03125,22.3125,21.0,21.125,8640,0.0,0.0
2021-01-21 00:00:00+08:00,21.28125,21.90625,21.28125,21.90625,1280,0.0,0.0
2021-01-22 00:00:00+08:00,22.15625,22.15625,20.625,21.25,4800,0.0,0.0
2021-01-25 00:00:00+08:00,21.875,21.875,20.25,21.5,2240,0.0,0.0
2021-01-26 00:00:00+08:00,21.59375,21.59375,20.25,21.5,960,0.0,0.0
2021-01-27 00:00:00+08:00,21.5,21.5,21.5,21.5,0,0.0,0.0
2021-01-28 00:00:00+08:00,21.4375,21.4375,21.4375,21.4375,320,0.0,0.0
2021-01-29 00:00:00+08:00,20.375,21.40625,20.34375,20.34375,1920,0.0,0.0
2021-02-01 00:00:00+08:00,20.9375,20.9375,20.625,20.9375,8320,0.0,0.0
2021-02-02 00:00:00+08:00,21.25,21.25,21.1875,21.25,1280,0.0,0.0
2021-02-03 00:00:00+08:00,21.6875,21.6875,20.625,21.28125,960,0.0,0.0
2021-02-04 00:00:00+08:00,21.21875,21.21875,21.21875,21.21875,1280,0.0,0.0
2021-02-05 00:00:00+08:00,21.65625,21.65625,21.65625,21.65625,320,0.0,0.0
2021-02-17 00:00:00+08:00,20.625,21.1875,20.0,21.1875,5120,0.0,0.0
2021-02-18 00:00:00+08:00,19.53125,20.90625,19.53125,20.90625,640,0.0,0.0
2021-02-19 00:00:00+08:00,20.8125,20.8125,20.78125,20.8125,1280,0.0,0.0
2021-02-22 00:00:00+08:00,19.90625,20.59375,19.4375,20.59375,2560,0.0,0.0
2021-02-23 00:00:00+08:00,19.25,20.53125,19.03125,20.53125,6400,0.0,0.0
2021-02-24 00:00:00+08:00,20.53125,20.53125,20.53125,20.53125,0,0.0,0.0
2021-02-25 00:00:00+08:00,20.5,20.5,20.28125,20.28125,1920,0.0,0.0
2021-02-26 00:00:00+08:00,20.59375,20.75,20.3125,20.625,5760,0.0,0.0
2021-03-02 00:00:00+08:00,20.46875,20.59375,20.0,20.1875,3520,0.0,0.0
2021-03-03 00:00:00+08:00,20.15625,20.28125,20.15625,20.28125,960,0.0,0.0
2021-03-04 00:00:00+08:00,20.40625,20.40625,19.375,20.21875,3200,0.0,0.0
2021-03-05 00:00:00+08:00,19.875,19.875,19.5,19.53125,2240,0.0,0.0
2021-03-08 00:00:00+08:00,20.0,20.40625,20.0,20.28125,1920,0.0,0.0
2021-03-09 00:00:00+08:00,20.28125,20.28125,18.9375,20.0,4480,0.0,0.0
2021-03-10 00:00:00+08:00,19.84375,21.03125,19.375,19.625,7040,0.0,0.0
2021-03-11 00:00:00+08:00,20.0,20.5,19.6875,19.6875,5120,0.0,0.0
2021-03-12 00:00:00+08:00,20.625,21.65625,20.625,21.65625,10560,0.0,0.0
2021-03-15 00:00:00+08:00,23.8125,23.8125,23.8125,23.8125,6720,0.0,0.0
2021-03-16 00:00:00+08:00,26.1875,26.1875,25.03125,26.1875,40640,0.0,0.0
2021-03-17 00:00:00+08:00,25.3125,28.0,25.0,26.53125,29760,0.0,0.0
2021-03-18 00:00:00+08:00,28.90625,28.90625,27.1875,27.1875,21120,0.0,0.0
2021-03-19 00:00:00+08:00,26.1875,27.15625,25.84375,25.84375,19520,0.0,0.0
2021-03-22 00:00:00+08:00,26.25,26.25,25.0,25.59375,3520,0.0,0.0
2021-03-23 00:00:00+08:00,24.40625,25.4375,24.0625,25.25,8320,0.0,0.0
2021-03-24 00:00:00+08:00,23.59375,24.96875,23.59375,24.96875,1920,0.0,0.0
2021-03-25 00:00:00+08:00,24.96875,24.96875,23.03125,24.46875,14720,0.0,0.0
2021-03-26 00:00:00+08:00,24.4375,24.71875,24.4375,24.53125,960,0.0,0.0
2021-03-29 00:00:00+08:00,24.625,24.625,22.1875,24.375,16640,0.0,0.0
2021-03-30 00:00:00+08:00,23.28125,23.90625,22.59375,23.65625,6720,0.0,0.0
2021-03-31 00:00:00+08:00,23.4375,23.4375,22.5,23.34375,4160,0.0,0.0
2021-04-01 00:00:00+08:00,23.34375,23.34375,22.8125,23.09375,3200,0.0,0.0
2021-04-07 00:00:00+08:00,21.75,21.75,20.78125,20.78125,12480,0.0,0.0
2021-04-08 00:00:00+08:00,21.3125,22.84375,21.3125,22.84375,16640,0.0,0.0
2021-04-09 00:00:00+08:00,22.78125,23.125,22.71875,23.125,9920,0.0,0.0
2021-04-12 00:00:00+08:00,23.125,23.90625,23.125,23.90625,7360,0.0,0.0
2021-04-13 00:00:00+08:00,23.90625,24.21875,22.8125,24.21875,7680,0.0,0.0
2021-04-14 00:00:00+08:00,24.03125,24.03125,23.0,23.4375,4480,0.0,0.0
2021-04-15 00:00:00+08:00,23.59375,25.46875,23.59375,25.46875,9280,0.0,0.0
2021-04-16 00:00:00+08:00,25.0,25.3125,24.375,25.3125,14080,0.0,0.0
2021-04-19 00:00:00+08:00,24.6875,24.6875,24.6875,24.6875,8000,0.0,0.0
2021-04-20 00:00:00+08:00,23.0,24.53125,23.0,24.53125,3520,0.0,0.0
2021-04-21 00:00:00+08:00,23.1875,25.0,23.1875,23.3125,9600,0.0,0.0
2021-04-22 00:00:00+08:00,22.8125,22.8125,22.5,22.8125,6720,0.0,0.0
2021-04-23 00:00:00+08:00,23.4375,24.65625,23.34375,24.625,8000,0.0,0.0
2021-04-26 00:00:00+08:00,24.625,25.0,24.625,25.0,4480,0.0,0.0
2021-04-27 00:00:00+08:00,23.21875,24.375,23.21875,24.375,1600,0.0,0.0
2021-04-28 00:00:00+08:00,24.6875,24.6875,24.0625,24.21875,5440,0.0,0.0
2021-04-29 00:00:00+08:00,24.21875,24.21875,24.1875,24.1875,4160,0.0,0.0
2021-05-03 00:00:00+08:00,24.0625,24.53125,24.0625,24.0625,4800,0.0,0.0
2021-05-04 00:00:00+08:00,23.4375,25.0,21.71875,24.0625,8320,0.0,0.0
2021-05-05 00:00:00+08:00,23.15625,24.21875,23.15625,24.21875,1280,0.0,0.0
2021-05-06 00:00:00+08:00,24.21875,24.21875,24.21875,24.21875,1280,0.0,0.0
2021-05-07 00:00:00+08:00,23.4375,24.0625,23.4375,24.0625,640,0.0,0.0
2021-05-10 00:00:00+08:00,24.0625,24.0625,23.4375,23.4375,640,0.0,0.0
2021-05-11 00:00:00+08:00,23.90625,23.90625,22.5,22.5,2880,0.0,0.0
2021-05-12 00:00:00+08:00,22.5,22.5,21.25,21.25,3200,0.0,0.0
2021-05-13 00:00:00+08:00,21.25,21.25,20.625,21.21875,1280,0.0,0.0
2021-05-14 00:00:00+08:00,21.25,21.25,19.53125,21.25,3200,0.0,0.0
2021-05-17 00:00:00+08:00,21.6875,21.6875,19.15625,20.625,1600,0.0,0.0
2021-05-18 00:00:00+08:00,20.625,20.625,20.625,20.625,1600,0.0,0.0
2021-05-19 00:00:00+08:00,20.90625,20.90625,18.59375,20.625,1920,0.0,0.0
2021-05-20 00:00:00+08:00,20.875,20.875,20.3125,20.84375,1600,0.0,0.0
2021-05-21 00:00:00+08:00,20.78125,20.78125,20.78125,20.78125,1600,0.0,0.0
2021-05-24 00:00:00+08:00,21.375,21.40625,21.375,21.40625,640,0.0,0.0
2021-05-25 00:00:00+08:00,21.65625,21.65625,21.65625,21.65625,320,0.0,0.0
2021-05-26 00:00:00+08:00,19.5,20.3125,19.5,19.6875,6720,0.0,0.0
2021-05-27 00:00:00+08:00,20.3125,20.3125,19.6875,19.6875,2880,0.0,0.0
2021-05-28 00:00:00+08:00,19.375,19.84375,19.375,19.84375,3200,0.0,0.0
2021-05-31 00:00:00+08:00,20.0,20.0625,19.0625,20.0625,4480,0.0,0.0
2021-06-01 00:00:00+08:00,20.46875,20.46875,19.71875,19.71875,2880,0.0,0.0
2021-06-02 00:00:00+08:00,19.6875,19.6875,19.6875,19.6875,640,0.0,0.0
2021-06-03 00:00:00+08:00,20.1875,20.625,19.0625,20.28125,4160,0.0,0.0
2021-06-04 00:00:00+08:00,18.46875,19.34375,18.46875,18.625,960,0.0,0.0
2021-06-07 00:00:00+08:00,19.1875,19.1875,19.1875,19.1875,5440,0.0,0.0
2021-06-08 00:00:00+08:00,19.5,20.125,19.1875,19.90625,3840,0.0,0.0
2021-06-09 00:00:00+08:00,19.90625,19.90625,19.90625,19.90625,0,0.0,0.0
2021-06-10 00:00:00+08:00,19.9375,19.9375,19.9375,19.9375,320,0.0,0.0
2021-06-11 00:00:00+08:00,19.9375,20.90625,19.9375,19.9375,960,0.0,0.0
2021-06-15 00:00:00+08:00,19.375,19.9375,19.375,19.9375,960,0.0,0.0
2021-06-16 00:00:00+08:00,20.46875,20.46875,20.3125,20.3125,5120,0.0,0.0
2021-06-17 00:00:00+08:00,19.53125,20.3125,19.53125,20.3125,2560,0.0,0.0
2021-06-18 00:00:00+08:00,20.3125,20.3125,20.0,20.28125,3200,0.0,0.0
2021-06-21 00:00:00+08:00,19.375,19.375,19.0625,19.0625,7040,0.0,0.0
2021-06-22 00:00:00+08:00,19.21875,19.21875,19.21875,19.21875,2240,0.0,0.0
2021-06-23 00:00:00+08:00,19.6875,19.6875,19.0625,19.0625,2240,0.0,0.0
2021-06-24 00:00:00+08:00,19.0625,19.0625,19.0625,19.0625,640,0.0,0.0
2021-06-25 00:00:00+08:00,19.0625,19.0625,19.0625,19.0625,0,0.0,0.0
2021-06-28 00:00:00+08:00,19.5,19.5,19.5,19.5,320,0.0,0.0
2021-06-29 00:00:00+08:00,17.6875,18.4375,17.6875,18.4375,2880,0.0,0.0
2021-06-30 00:00:00+08:00,18.46875,18.59375,18.46875,18.46875,11200,0.0,0.0
2021-07-01 00:00:00+08:00,18.375,18.375,17.8125,17.96875,3840,0.0,0.0
2021-07-02 00:00:00+08:00,18.5625,18.875,18.5625,18.875,1280,0.0,0.0
2021-07-05 00:00:00+08:00,18.6875,18.6875,17.96875,17.96875,3840,0.0,0.0
2021-07-06 00:00:00+08:00,17.96875,17.96875,17.09375,17.09375,7360,0.0,0.0
2021-07-07 00:00:00+08:00,17.09375,18.78125,17.09375,18.78125,8640,0.0,0.0
2021-07-08 00:00:00+08:00,20.65625,20.65625,20.65625,20.65625,26880,0.0,0.0
2021-07-09 00:00:00+08:00,20.65625,22.71875,20.65625,22.71875,38720,0.0,0.0
2021-07-12 00:00:00+08:00,21.5625,22.46875,21.5625,22.46875,4800,0.0,0.0
2021-07-13 00:00:00+08:00,21.875,21.875,21.875,21.875,1600,0.0,0.0
2021-07-14 00:00:00+08:00,21.875,21.875,21.875,21.875,320,0.0,0.0
2021-07-15 00:00:00+08:00,21.71875,21.71875,19.75,21.5625,9600,0.0,0.0
2021-07-16 00:00:00+08:00,19.9375,20.625,19.9375,20.3125,2560,0.0,0.0
2021-07-19 00:00:00+08:00,18.96875,20.125,18.96875,20.125,2240,0.0,0.0
2021-07-20 00:00:00+08:00,18.75,19.65625,18.75,19.65625,5440,0.0,0.0
2021-07-21 00:00:00+08:00,19.65625,19.65625,19.65625,19.65625,0,0.0,0.0
2021-07-22 00:00:00+08:00,18.75,19.46875,18.75,18.90625,1600,0.0,0.0
2021-07-23 00:00:00+08:00,19.0625,20.78125,19.0625,20.78125,12800,0.0,0.0
2021-07-26 00:00:00+08:00,20.875,20.875,20.78125,20.78125,6720,0.0,0.0
2021-07-27 00:00:00+08:00,20.78125,20.78125,20.78125,20.78125,0,0.0,0.0
2021-07-28 00:00:00+08:00,21.875,21.875,19.84375,19.84375,2240,0.0,0.0
2021-07-29 00:00:00+08:00,19.15625,20.25,19.15625,19.375,2240,0.0,0.0
2021-07-30 00:00:00+08:00,19.8125,19.8125,19.09375,19.09375,640,0.0,0.0
2021-08-02 00:00:00+08:00,19.65625,19.96875,19.09375,19.09375,1920,0.0,0.0
2021-08-03 00:00:00+08:00,18.75,19.375,18.75,19.0625,4800,0.0,0.0
2021-08-04 00:00:00+08:00,19.375,19.375,19.34375,19.34375,3520,0.0,0.0
2021-08-05 00:00:00+08:00,18.78125,19.375,18.78125,18.78125,5440,0.0,0.0
2021-08-06 00:00:00+08:00,18.125,18.125,18.125,18.125,1600,0.0,0.0
2021-08-09 00:00:00+08:00,17.34375,18.53125,17.34375,18.53125,3200,0.0,0.0
2021-08-10 00:00:00+08:00,18.125,18.4375,18.125,18.4375,3200,0.0,0.0
2021-08-11 00:00:00+08:00,18.625,19.6875,18.4375,18.4375,1600,0.0,0.0
2021-08-12 00:00:00+08:00,19.1875,19.1875,19.1875,19.1875,320,0.0,0.0
2021-08-13 00:00:00+08:00,17.8125,19.375,17.8125,19.375,2560,0.0,0.0
2021-08-16 00:00:00+08:00,19.0625,19.0625,19.0625,19.0625,1600,0.0,0.0
2021-08-17 00:00:00+08:00,19.0625,19.0625,19.0625,19.0625,0,0.0,0.0
2021-08-18 00:00:00+08:00,18.75,18.75,18.4375,18.4375,1920,0.0,0.0
2021-08-19 00:00:00+08:00,18.125,18.125,18.125,18.125,320,0.0,0.0
2021-08-20 00:00:00+08:00,18.5625,18.5625,18.46875,18.46875,960,0.0,0.0
2021-08-23 00:00:00+08:00,18.46875,18.46875,18.46875,18.46875,0,0.0,0.0
2021-08-24 00:00:00+08:00,18.5625,18.5625,18.5625,18.5625,960,0.0,0.0
2021-08-25 00:00:00+08:00,18.96875,18.96875,18.96875,18.96875,3200,0.0,0.0
2021-08-26 00:00:00+08:00,18.96875,18.96875,18.96875,18.96875,0,0.0,0.0
2021-08-27 00:00:00+08:00,19.34375,19.34375,19.34375,19.34375,320,0.0,0.0
2021-08-30 00:00:00+08:00,19.34375,19.34375,19.34375,19.34375,0,0.0,0.0
2021-08-31 00:00:00+08:00,19.21875,19.21875,19.21875,19.21875,320,0.0,0.0
2021-09-01 00:00:00+08:00,18.9375,18.9375,18.71875,18.71875,960,0.0,0.0
2021-09-02 00:00:00+08:00,19.03125,19.03125,18.4375,18.4375,640,0.0,0.0
2021-09-03 00:00:00+08:00,18.75,18.75,18.4375,18.4375,2560,0.0,0.0
2021-09-06 00:00:00+08:00,19.0,19.0,19.0,19.0,960,0.0,0.0
2021-09-07 00:00:00+08:00,18.28125,18.28125,18.125,18.125,1920,0.0,0.0
2021-09-08 00:00:00+08:00,17.65625,17.65625,17.65625,17.65625,8000,0.0,0.0
2021-09-09 00:00:00+08:00,17.65625,17.65625,17.65625,17.65625,0,0.0,0.0
2021-09-10 00:00:00+08:00,18.25,18.28125,18.25,18.28125,1600,0.0,0.0
2021-09-13 00:00:00+08:00,18.75,18.75,18.75,18.75,320,0.0,0.0
2021-09-14 00:00:00+08:00,19.0,19.0,19.0,19.0,320,0.0,0.0
2021-09-15 00:00:00+08:00,19.0,19.0,19.0,19.0,0,0.0,0.0
2021-09-16 00:00:00+08:00,18.96875,18.96875,18.03125,18.03125,640,0.0,0.0
2021-09-17 00:00:00+08:00,18.8125,18.8125,18.03125,18.03125,640,0.0,0.0
2021-09-22 00:00:00+08:00,18.4375,18.4375,18.4375,18.4375,640,0.0,0.0
2021-09-23 00:00:00+08:00,17.34375,17.34375,17.125,17.125,960,0.0,0.0
2021-09-24 00:00:00+08:00,17.1875,17.1875,16.46875,17.03125,1280,0.0,0.0
2021-09-27 00:00:00+08:00,17.03125,17.78125,17.03125,17.78125,6400,0.0,0.0
2021-09-28 00:00:00+08:00,17.8125,17.8125,17.8125,17.8125,640,0.0,0.0
2021-09-29 00:00:00+08:00,17.8125,17.8125,17.78125,17.8125,4480,0.0,0.0
2021-09-30 00:00:00+08:00,17.8125,17.9375,17.0625,17.9375,3200,0.0,0.0
2021-10-01 00:00:00+08:00,17.9375,17.9375,17.90625,17.90625,1600,0.0,0.0
2021-10-04 00:00:00+08:00,17.03125,17.03125,16.65625,16.65625,3200,0.0,0.0
2021-10-05 00:00:00+08:00,15.625,17.46875,15.625,17.34375,2240,0.0,0.0
2021-10-06 00:00:00+08:00,17.375,17.375,17.375,17.375,640,0.0,0.0
2021-10-07 00:00:00+08:00,17.5,17.5,16.875,17.34375,1920,0.0,0.0
2021-10-08 00:00:00+08:00,16.875,17.375,16.875,17.375,640,0.0,0.0
2021-10-12 00:00:00+08:00,17.375,17.375,17.375,17.375,0,0.0,0.0
2021-10-13 00:00:00+08:00,17.375,17.375,17.375,17.375,320,0.0,0.0
2021-10-14 00:00:00+08:00,17.375,17.375,16.875,17.3125,1280,0.0,0.0
2021-10-15 00:00:00+08:00,17.375,18.75,17.375,18.75,960,0.0,0.0
2021-10-18 00:00:00+08:00,18.75,18.75,18.75,18.75,0,0.0,0.0
2021-10-19 00:00:00+08:00,18.59375,18.59375,18.59375,18.59375,320,0.0,0.0
2021-10-20 00:00:00+08:00,18.625,18.625,17.03125,18.125,4160,0.0,0.0
2021-10-21 00:00:00+08:00,18.125,18.125,18.125,18.125,0,0.0,0.0
2021-10-22 00:00:00+08:00,18.5,18.5,18.5,18.5,320,0.0,0.0
2021-10-25 00:00:00+08:00,17.3125,17.84375,17.3125,17.84375,1600,0.0,0.0
2021-10-26 00:00:00+08:00,17.84375,17.84375,17.84375,17.84375,1280,0.0,0.0
2021-10-27 00:00:00+08:00,17.1875,17.6875,17.1875,17.6875,1600,0.0,0.0
2021-10-28 00:00:00+08:00,18.28125,18.28125,18.28125,18.28125,1280,0.0,0.0
2021-10-29 00:00:00+08:00,18.28125,18.28125,18.28125,18.28125,0,0.0,0.0
2021-11-01 00:00:00+08:00,18.40625,18.40625,18.40625,18.40625,320,0.0,0.0
2021-11-02 00:00:00+08:00,18.40625,18.40625,18.40625,18.40625,0,0.0,0.0
2021-11-03 00:00:00+08:00,17.21875,18.21875,17.21875,18.21875,960,0.0,0.0
2021-11-04 00:00:00+08:00,17.25,17.9375,17.25,17.9375,3520,0.0,0.0
2021-11-05 00:00:00+08:00,17.9375,17.9375,17.9375,17.9375,0,0.0,0.0
2021-11-08 00:00:00+08:00,17.90625,17.90625,17.90625,17.90625,640,0.0,0.0
2021-11-09 00:00:00+08:00,17.90625,17.90625,17.90625,17.90625,0,0.0,0.0
2021-11-10 00:00:00+08:00,17.875,17.875,17.875,17.875,640,0.0,0.0
2021-11-11 00:00:00+08:00,17.1875,17.8125,17.1875,17.8125,3200,0.0,0.0
2021-11-12 00:00:00+08:00,17.8125,18.375,17.34375,18.375,2560,0.0,0.0
2021-11-15 00:00:00+08:00,18.1875,18.1875,18.1875,18.1875,320,0.0,0.0
2021-11-16 00:00:00+08:00,17.8125,18.09375,17.21875,18.09375,5120,0.0,0.0
2021-11-17 00:00:00+08:00,18.09375,18.4375,18.09375,18.125,3840,0.0,0.0
2021-11-18 00:00:00+08:00,17.6875,17.6875,17.21875,17.65625,5440,0.0,0.0
2021-11-19 00:00:00+08:00,17.21875,17.21875,17.21875,17.21875,5120,0.0,0.0
2021-11-22 00:00:00+08:00,17.21875,17.21875,17.21875,17.21875,1920,0.0,0.0
2021-11-23 00:00:00+08:00,17.25,17.8125,17.25,17.8125,5440,0.0,0.0
2021-11-24 00:00:00+08:00,17.78125,17.78125,17.78125,17.78125,4160,0.0,0.0
2021-11-25 00:00:00+08:00,18.25,18.25,18.25,18.25,320,0.0,0.0
2021-11-26 00:00:00+08:00,18.25,18.25,18.25,18.25,0,0.0,0.0
2021-11-29 00:00:00+08:00,17.46875,17.46875,17.46875,17.46875,320,0.0,0.0
2021-11-30 00:00:00+08:00,17.9375,17.9375,17.9375,17.9375,320,0.0,0.0
2021-12-01 00:00:00+08:00,17.9375,17.9375,17.9375,17.9375,0,0.0,0.0
2021-12-02 00:00:00+08:00,18.25,18.25,17.25,17.625,1280,0.0,0.0
2021-12-03 00:00:00+08:00,17.8125,17.8125,17.8125,17.8125,1280,0.0,0.0
2021-12-06 00:00:00+08:00,18.25,18.25,18.25,18.25,320,0.0,0.0
2021-12-07 00:00:00+08:00,18.25,18.25,18.25,18.25,0,0.0,0.0
2021-12-08 00:00:00+08:00,17.28125,18.09375,16.90625,16.90625,1600,0.0,0.0
2021-12-09 00:00:00+08:00,15.40625,17.1875,15.40625,15.8125,4480,0.0,0.0
2021-12-10 00:00:00+08:00,15.9375,15.9375,14.78125,15.90625,9600,0.0,0.0
2021-12-13 00:00:00+08:00,15.90625,16.9375,15.90625,16.9375,1280,0.0,0.0
2021-12-14 00:00:00+08:00,17.1875,17.1875,15.96875,17.1875,2240,0.0,0.0
2021-12-15 00:00:00+08:00,16.1875,16.84375,16.1875,16.8125,2560,0.0,0.0
2021-12-16 00:00:00+08:00,17.15625,17.15625,15.9375,16.875,1280,0.0,0.0
2021-12-17 00:00:00+08:00,16.5625,16.5625,16.5625,16.5625,1920,0.0,0.0
2021-12-20 00:00:00+08:00,17.0,17.0,17.0,17.0,320,0.0,0.0
2021-12-21 00:00:00+08:00,17.125,17.125,17.125,17.125,4160,0.0,0.0
2021-12-22 00:00:00+08:00,17.78125,17.78125,17.78125,17.78125,2880,0.0,0.0
2021-12-23 00:00:00+08:00,17.78125,17.78125,16.125,17.4375,2240,0.0,0.0
2021-12-24 00:00:00+08:00,17.3125,18.375,17.1875,17.5,3200,0.0,0.0
2021-12-27 00:00:00+08:00,17.1875,17.5,17.1875,17.5,960,0.0,0.0
2021-12-28 00:00:00+08:00,17.5,17.65625,17.25,17.25,1280,0.0,0.0
2021-12-29 00:00:00+08:00,16.875,17.9375,16.875,17.9375,960,0.0,0.0
2021-12-30 00:00:00+08:00,17.9375,17.9375,17.125,17.75,2560,0.0,0.0
2022-01-03 00:00:00+08:00,18.21875,18.21875,17.03125,18.21875,6400,0.0,0.0
2022-01-04 00:00:00+08:00,18.125,18.90625,18.125,18.90625,9600,0.0,0.0
2022-01-05 00:00:00+08:00,19.21875,20.78125,19.21875,20.78125,31680,0.0,0.0
2022-01-06 00:00:00+08:00,21.40625,21.40625,18.71875,18.8125,30720,0.0,0.0
2022-01-07 00:00:00+08:00,18.96875,18.96875,18.96875,18.96875,3520,0.0,0.0
2022-01-10 00:00:00+08:00,19.5625,19.5625,19.53125,19.53125,3520,0.0,0.0
2022-01-11 00:00:00+08:00,19.53125,19.53125,19.53125,19.53125,8640,0.0,0.0
2022-01-12 00:00:00+08:00,20.0,20.0,20.0,20.0,14080,0.0,0.0
2022-01-13 00:00:00+08:00,20.0,20.0,20.0,20.0,1600,0.0,0.0
2022-01-14 00:00:00+08:00,20.0,20.0,20.0,20.0,3200,0.0,0.0
2022-01-17 00:00:00+08:00,20.0,20.0,18.4375,18.4375,4160,0.0,0.0
2022-01-18 00:00:00+08:00,19.0,19.375,19.0,19.375,960,0.0,0.0
2022-01-19 00:00:00+08:00,19.375,19.375,19.375,19.375,0,0.0,0.0
2022-01-20 00:00:00+08:00,19.78125,19.78125,19.375,19.375,1600,0.0,0.0
2022-01-21 00:00:00+08:00,19.375,19.375,19.375,19.375,320,0.0,0.0
2022-01-24 00:00:00+08:00,19.375,19.375,19.375,19.375,0,0.0,0.0
2022-01-25 00:00:00+08:00,17.75,19.03125,17.75,18.90625,1600,0.0,0.0
2022-01-26 00:00:00+08:00,18.125,19.1875,18.125,19.1875,1600,0.0,0.0
2022-02-07 00:00:00+08:00,19.5,19.75,19.5,19.75,640,0.0,0.0
2022-02-08 00:00:00+08:00,19.75,19.9375,18.75,19.9375,2880,0.0,0.0
2022-02-09 00:00:00+08:00,19.9375,19.9375,19.9375,19.9375,0,0.0,0.0
2022-02-10 00:00:00+08:00,19.53125,19.53125,19.53125,19.53125,1280,0.0,0.0
2022-02-11 00:00:00+08:00,19.53125,20.09375,19.53125,20.09375,2240,0.0,0.0
2022-02-14 00:00:00+08:00,19.53125,19.53125,19.53125,19.53125,960,0.0,0.0
2022-02-15 00:00:00+08:00,18.75,18.75,18.75,18.75,320,0.0,0.0
2022-02-16 00:00:00+08:00,17.375,20.15625,17.375,18.90625,4480,0.0,0.0
2022-02-17 00:00:00+08:00,17.96875,18.65625,17.96875,18.0,3520,0.0,0.0
2022-02-18 00:00:00+08:00,16.4375,18.375,16.4375,18.375,3840,0.0,0.0
2022-02-21 00:00:00+08:00,17.25,17.25,17.25,17.25,320,0.0,0.0
2022-02-22 00:00:00+08:00,18.15625,18.15625,18.09375,18.09375,1280,0.0,0.0
2022-02-23 00:00:00+08:00,19.1875,19.1875,19.1875,19.1875,320,0.0,0.0
2022-02-24 00:00:00+08:00,17.4375,18.6875,17.4375,18.6875,640,0.0,0.0
2022-02-25 00:00:00+08:00,17.6875,18.53125,17.6875,18.53125,640,0.0,0.0
2022-03-01 00:00:00+08:00,19.0,19.0,18.71875,18.71875,640,0.0,0.0
2022-03-02 00:00:00+08:00,18.71875,18.71875,18.71875,18.71875,0,0.0,0.0
2022-03-03 00:00:00+08:00,19.0,19.0,19.0,19.0,640,0.0,0.0
2022-03-04 00:00:00+08:00,19.0,19.0,19.0,19.0,0,0.0,0.0
2022-03-07 00:00:00+08:00,18.8125,18.8125,17.8125,17.8125,1280,0.0,0.0
2022-03-08 00:00:00+08:00,18.46875,18.46875,17.5625,17.5625,1280,0.0,0.0
2022-03-09 00:00:00+08:00,17.09375,17.5625,17.09375,17.5625,640,0.0,0.0
2022-03-10 00:00:00+08:00,17.5625,17.5625,17.5625,17.5625,0,0.0,0.0
2022-03-11 00:00:00+08:00,18.625,18.625,18.28125,18.28125,1280,0.0,0.0
2022-03-14 00:00:00+08:00,17.46875,17.9375,17.46875,17.9375,640,0.0,0.0
2022-03-15 00:00:00+08:00,17.25,18.0625,17.25,18.0625,640,0.0,0.0
2022-03-16 00:00:00+08:00,18.8125,18.8125,17.65625,17.65625,1280,0.0,0.0
2022-03-17 00:00:00+08:00,17.65625,17.65625,17.25,17.25,960,0.0,0.0
2022-03-18 00:00:00+08:00,17.65625,17.65625,16.5625,16.59375,4160,0.0,0.0
2022-03-21 00:00:00+08:00,16.25,17.3125,16.25,16.34375,960,0.0,0.0
2022-03-22 00:00:00+08:00,16.25,16.25,15.96875,15.96875,7040,0.0,0.0
2022-03-23 00:00:00+08:00,16.5625,16.5625,16.5625,16.5625,1280,0.0,0.0
2022-03-24 00:00:00+08:00,17.09375,17.3125,15.625,17.1875,13760,0.0,0.0
2022-03-25 00:00:00+08:00,17.34375,17.34375,17.34375,17.34375,960,0.0,0.0
2022-03-28 00:00:00+08:00,17.59375,17.59375,17.34375,17.34375,640,0.0,0.0
2022-03-29 00:00:00+08:00,16.40625,17.125,16.25,17.125,4480,0.0,0.0
2022-03-30 00:00:00+08:00,17.09375,17.09375,17.09375,17.09375,960,0.0,0.0
2022-03-31 00:00:00+08:00,17.40625,17.40625,17.40625,17.40625,320,0.0,0.0
2022-04-01 00:00:00+08:00,17.46875,17.65625,17.46875,17.65625,2240,0.0,0.0
2022-04-06 00:00:00+08:00,16.71875,16.71875,16.71875,16.71875,320,0.0,0.0
2022-04-07 00:00:00+08:00,17.3125,17.6875,16.25,16.25,9600,0.0,0.0
2022-04-08 00:00:00+08:00,16.25,16.25,16.25,16.25,2240,0.0,0.0
2022-04-11 00:00:00+08:00,16.25,16.8125,16.25,16.8125,3520,0.0,0.0
2022-04-12 00:00:00+08:00,16.8125,16.8125,15.71875,16.625,15680,0.0,0.0
2022-04-13 00:00:00+08:00,15.9375,16.46875,15.9375,16.46875,640,0.0,0.0
2022-04-14 00:00:00+08:00,15.84375,16.125,15.625,16.125,2560,0.0,0.0
2022-04-15 00:00:00+08:00,16.125,16.125,16.125,16.125,0,0.0,0.0
2022-04-18 00:00:00+08:00,15.9375,15.9375,15.9375,15.9375,320,0.0,0.0
2022-04-19 00:00:00+08:00,16.25,16.25,15.625,15.625,640,0.0,0.0
2022-04-20 00:00:00+08:00,16.1875,16.25,16.1875,16.25,1280,0.0,0.0
2022-04-21 00:00:00+08:00,16.25,16.40625,16.25,16.25,2240,0.0,0.0
2022-04-22 00:00:00+08:00,16.25,16.25,16.25,16.25,0,0.0,0.0
2022-04-25 00:00:00+08:00,15.625,16.21875,15.625,16.21875,2240,0.0,0.0
2022-04-26 00:00:00+08:00,16.25,16.25,15.71875,16.09375,1920,0.0,0.0
2022-04-27 00:00:00+08:00,15.75,15.90625,15.75,15.90625,960,0.0,0.0
2022-04-28 00:00:00+08:00,16.4375,16.4375,16.4375,16.4375,320,0.0,0.0
2022-04-29 00:00:00+08:00,16.4375,16.4375,16.4375,16.4375,0,0.0,0.0
2022-05-03 00:00:00+08:00,16.4375,16.4375,15.9375,15.9375,640,0.0,0.0
2022-05-04 00:00:00+08:00,15.9375,15.9375,15.9375,15.9375,0,0.0,0.0
2022-05-05 00:00:00+08:00,16.4375,16.4375,16.4375,16.4375,320,0.0,0.0
2022-05-06 00:00:00+08:00,16.40625,16.40625,16.40625,16.40625,320,0.0,0.0
2022-05-09 00:00:00+08:00,15.0625,15.75,15.0625,15.75,2560,0.0,0.0
2022-05-10 00:00:00+08:00,15.6875,16.4375,15.6875,16.4375,2240,0.0,0.0
2022-05-11 00:00:00+08:00,16.4375,16.4375,16.4375,16.4375,0,0.0,0.0
2022-05-12 00:00:00+08:00,16.34375,16.34375,15.625,15.625,2240,0.0,0.0
2022-05-13 00:00:00+08:00,15.625,15.84375,15.625,15.84375,640,0.0,0.0
2022-05-16 00:00:00+08:00,15.84375,16.25,15.84375,16.25,7360,0.0,0.0
2022-05-17 00:00:00+08:00,16.1875,16.25,16.1875,16.25,1920,0.0,0.0
2022-05-18 00:00:00+08:00,16.625,16.625,16.25,16.25,1280,0.0,0.0
2022-05-19 00:00:00+08:00,16.65625,16.65625,16.65625,16.65625,320,0.0,0.0
2022-05-20 00:00:00+08:00,16.65625,16.65625,16.65625,16.65625,0,0.0,0.0
2022-05-23 00:00:00+08:00,16.6875,18.28125,16.6875,18.28125,3520,0.0,0.0
2022-05-24 00:00:00+08:00,17.8125,17.8125,17.1875,17.1875,960,0.0,0.0
2022-05-25 00:00:00+08:00,17.1875,17.1875,17.1875,17.1875,0,0.0,0.0
2022-05-26 00:00:00+08:00,17.90625,17.90625,17.90625,17.90625,320,0.0,0.0
2022-05-27 00:00:00+08:00,17.90625,17.90625,17.90625,17.90625,0,0.0,0.0
2022-05-30 00:00:00+08:00,18.03125,18.03125,18.03125,18.03125,320,0.0,0.0
2022-05-31 00:00:00+08:00,18.03125,18.03125,18.03125,18.03125,0,0.0,0.0
2022-06-01 00:00:00+08:00,18.0,18.0,18.0,18.0,320,0.0,0.0
2022-06-02 00:00:00+08:00,18.0,18.09375,18.0,18.0,10560,0.0,0.0
2022-06-06 00:00:00+08:00,17.96875,17.96875,17.96875,17.96875,320,0.0,0.0
2022-06-07 00:00:00+08:00,18.5,18.5,18.4375,18.4375,2240,0.0,0.0
2022-06-08 00:00:00+08:00,18.125,18.125,18.125,18.125,2880,0.0,0.0
2022-06-09 00:00:00+08:00,19.15625,19.15625,17.5,18.375,1920,0.0,0.0
2022-06-10 00:00:00+08:00,19.40625,19.40625,19.40625,19.40625,3840,0.0,0.0
2022-06-13 00:00:00+08:00,19.78125,19.78125,19.6875,19.6875,3200,0.0,0.0
2022-06-14 00:00:00+08:00,19.6875,19.6875,19.6875,19.6875,0,0.0,0.0
2022-06-15 00:00:00+08:00,18.0,19.5625,18.0,19.5625,960,0.0,0.0
2022-06-16 00:00:00+08:00,17.625,17.625,17.625,17.625,3520,0.0,0.0
2022-06-17 00:00:00+08:00,18.1875,18.1875,18.1875,18.1875,320,0.0,0.0
2022-06-20 00:00:00+08:00,18.125,18.125,16.375,16.71875,13440,0.0,0.0
2022-06-21 00:00:00+08:00,17.9375,17.9375,17.5,17.5,1280,0.0,0.0
2022-06-22 00:00:00+08:00,17.5,17.5,17.5,17.5,0,0.0,0.0
2022-06-23 00:00:00+08:00,17.625,17.625,17.625,17.625,320,0.0,0.0
2022-06-24 00:00:00+08:00,16.25,17.5625,16.25,17.5625,960,0.0,0.0
2022-06-27 00:00:00+08:00,17.75,17.75,17.65625,17.75,2560,0.0,0.0
2022-06-28 00:00:00+08:00,18.375,18.375,17.1875,18.125,960,0.0,0.0
2022-06-29 00:00:00+08:00,17.1875,18.09375,17.1875,18.0625,1600,0.0,0.0
2022-06-30 00:00:00+08:00,17.1875,17.1875,17.1875,17.1875,320,0.0,0.0
2022-07-01 00:00:00+08:00,17.71875,17.71875,17.71875,17.71875,320,0.0,0.0
2022-07-04 00:00:00+08:00,17.71875,17.71875,17.71875,17.71875,0,0.0,0.0
2022-07-05 00:00:00+08:00,17.6875,17.6875,17.6875,17.6875,320,0.0,0.0
2022-07-06 00:00:00+08:00,17.6875,17.6875,17.6875,17.6875,0,0.0,0.0
2022-07-07 00:00:00+08:00,17.59375,17.59375,17.59375,17.59375,320,0.0,0.0
2022-07-08 00:00:00+08:00,17.59375,17.59375,17.59375,17.59375,0,0.0,0.0
2022-07-11 00:00:00+08:00,17.5625,17.5625,17.5625,17.5625,320,0.0,0.0
2022-07-12 00:00:00+08:00,17.5625,17.5625,17.5625,17.5625,0,0.0,0.0
2022-07-13 00:00:00+08:00,16.875,17.28125,16.875,17.28125,1920,0.0,0.0
2022-07-14 00:00:00+08:00,17.875,17.875,17.875,17.875,320,0.0,0.0
2022-07-15 00:00:00+08:00,17.5,17.5,17.5,17.5,960,0.0,0.0
2022-07-18 00:00:00+08:00,17.71875,18.9375,17.71875,18.9375,960,0.0,0.0
2022-07-19 00:00:00+08:00,17.8125,18.90625,17.8125,18.90625,1600,0.0,0.0
2022-07-20 00:00:00+08:00,18.9375,18.9375,18.9375,18.9375,6080,0.0,0.0
2022-07-21 00:00:00+08:00,18.9375,18.9375,18.9375,18.9375,0,0.0,0.0
2022-07-22 00:00:00+08:00,19.46875,19.46875,17.40625,18.84375,960,0.0,0.0
2022-07-25 00:00:00+08:00,18.125,18.125,18.125,18.125,640,0.0,0.0
2022-07-26 00:00:00+08:00,18.5,18.5,18.375,18.4375,3520,0.0,0.0
2022-07-27 00:00:00+08:00,18.40625,18.625,17.65625,18.625,960,0.0,0.0
2022-07-28 00:00:00+08:00,18.625,18.625,18.625,18.625,0,0.0,0.0
2022-07-29 00:00:00+08:00,18.75,18.75,17.21875,17.21875,4160,0.0,0.0
2022-08-01 00:00:00+08:00,17.4375,17.875,17.4375,17.875,2560,0.0,0.0
2022-08-02 00:00:00+08:00,17.875,17.875,17.875,17.875,0,0.0,0.0
2022-08-03 00:00:00+08:00,17.84375,17.84375,17.84375,17.84375,320,0.0,0.0
2022-08-04 00:00:00+08:00,17.84375,18.5,17.84375,18.5,1920,0.0,0.0
2022-08-05 00:00:00+08:00,18.84375,18.84375,18.84375,18.84375,320,0.0,0.0
2022-08-08 00:00:00+08:00,18.84375,18.84375,18.84375,18.84375,320,0.0,0.0
2022-08-09 00:00:00+08:00,18.84375,18.84375,18.84375,18.84375,0,0.0,0.0
2022-08-10 00:00:00+08:00,18.84375,18.84375,18.84375,18.84375,320,0.0,0.0
2022-08-11 00:00:00+08:00,17.25,18.6875,17.25,18.6875,640,0.0,0.0
2022-08-12 00:00:00+08:00,18.84375,18.84375,16.90625,17.9375,2240,0.0,0.0
2022-08-15 00:00:00+08:00,17.9375,17.9375,17.9375,17.9375,0,0.0,0.0
2022-08-16 00:00:00+08:00,18.0625,18.0625,18.0625,18.0625,320,0.0,0.0
2022-08-17 00:00:00+08:00,18.0625,18.0625,18.0625,18.0625,0,0.0,0.0
2022-08-18 00:00:00+08:00,17.9375,17.9375,17.8125,17.8125,640,0.0,0.0
2022-08-19 00:00:00+08:00,17.8125,17.8125,17.8125,17.8125,0,0.0,0.0
2022-08-22 00:00:00+08:00,17.8125,17.8125,17.8125,17.8125,0,0.0,0.0
2022-08-23 00:00:00+08:00,18.125,18.125,18.125,18.125,640,0.0,0.0
2022-08-24 00:00:00+08:00,18.5625,18.5625,18.125,18.125,640,0.0,0.0
2022-08-25 00:00:00+08:00,18.125,18.125,18.125,18.125,4800,0.0,0.0
2022-08-26 00:00:00+08:00,18.8125,18.8125,18.8125,18.8125,320,0.0,0.0
2022-08-29 00:00:00+08:00,18.28125,18.28125,18.28125,18.28125,960,0.0,0.0
2022-08-30 00:00:00+08:00,18.78125,18.78125,18.78125,18.78125,320,0.0,0.0
2022-08-31 00:00:00+08:00,19.40625,19.40625,19.40625,19.40625,320,0.0,0.0
2022-09-01 00:00:00+08:00,19.40625,19.40625,19.40625,19.40625,0,0.0,0.0
2022-09-02 00:00:00+08:00,18.96875,18.96875,18.96875,18.96875,320,0.0,0.0
2022-09-05 00:00:00+08:00,18.9375,18.9375,18.9375,18.9375,320,0.0,0.0
2022-09-06 00:00:00+08:00,17.5,18.0625,17.5,18.0625,640,0.0,0.0
2022-09-07 00:00:00+08:00,18.0625,18.0625,18.0625,18.0625,0,0.0,0.0
2022-09-08 00:00:00+08:00,18.03125,18.03125,18.03125,18.03125,320,0.0,0.0
2022-09-12 00:00:00+08:00,18.6875,18.6875,18.6875,18.6875,320,0.0,0.0
2022-09-13 00:00:00+08:00,18.6875,18.6875,18.6875,18.6875,0,0.0,0.0
2022-09-14 00:00:00+08:00,19.125,19.125,18.9375,18.9375,2240,0.0,0.0
2022-09-15 00:00:00+08:00,18.84375,18.84375,18.84375,18.84375,320,0.0,0.0
2022-09-16 00:00:00+08:00,18.90625,18.90625,18.90625,18.90625,2560,0.0,0.0
2022-09-19 00:00:00+08:00,18.90625,18.90625,18.90625,18.90625,0,0.0,0.0
2022-09-20 00:00:00+08:00,18.75,18.90625,18.75,18.90625,5760,0.0,0.0
2022-09-21 00:00:00+08:00,18.125,18.8125,18.125,18.8125,1280,0.0,0.0
2022-09-22 00:00:00+08:00,17.4375,19.6875,17.4375,19.6875,6720,0.0,0.0
2022-09-23 00:00:00+08:00,19.6875,19.6875,19.6875,19.6875,0,0.0,0.0
2022-09-26 00:00:00+08:00,19.5,19.5,19.5,19.5,320,0.0,0.0
2022-09-27 00:00:00+08:00,19.25,19.375,17.875,17.96875,8960,0.0,0.0
2022-09-28 00:00:00+08:00,17.96875,18.9375,17.96875,18.9375,1920,0.0,0.0
2022-09-29 00:00:00+08:00,19.34375,19.375,19.25,19.375,8320,0.0,0.0
2022-09-30 00:00:00+08:00,19.375,19.375,19.375,19.375,1600,0.0,0.0
2022-10-03 00:00:00+08:00,19.5625,19.5625,19.5625,19.5625,320,0.0,0.0
2022-10-04 00:00:00+08:00,19.5625,19.5625,19.5625,19.5625,0,0.0,0.0
2022-10-05 00:00:00+08:00,19.375,19.375,18.78125,18.78125,3200,0.0,0.0
2022-10-06 00:00:00+08:00,18.75,18.75,18.75,18.75,960,0.0,0.0
2022-10-07 00:00:00+08:00,18.96875,18.96875,18.96875,18.96875,320,0.0,0.0
2022-10-11 00:00:00+08:00,18.96875,18.96875,18.96875,18.96875,0,0.0,0.0
2022-10-12 00:00:00+08:00,18.75,18.75,18.75,18.75,320,0.0,0.0
2022-10-13 00:00:00+08:00,18.75,18.75,18.375,18.375,3200,0.0,0.0
2022-10-14 00:00:00+08:00,18.125,18.75,18.125,18.15625,7040,0.0,0.0
2022-10-17 00:00:00+08:00,18.84375,18.84375,17.65625,17.65625,640,0.0,0.0
2022-10-18 00:00:00+08:00,18.4375,18.4375,18.4375,19.40625,960,0.0,0.0
2022-10-19 00:00:00+08:00,16.59375,17.75,16.59375,17.75,14720,0.0,0.0
2022-10-20 00:00:00+08:00,17.9375,17.9375,17.34375,17.71875,8640,0.0,0.0
2022-10-21 00:00:00+08:00,17.71875,17.71875,17.5,17.5,7360,0.0,0.0
2022-10-24 00:00:00+08:00,17.5,17.5,17.5,17.5,0,0.0,0.0
2022-10-25 00:00:00+08:00,18.03125,18.03125,16.5625,16.5625,640,0.0,0.0
2022-10-26 00:00:00+08:00,17.5,18.125,17.4375,18.125,4160,0.0,0.0
2022-10-27 00:00:00+08:00,16.8125,18.125,16.8125,18.125,1600,0.0,0.0
2022-10-28 00:00:00+08:00,18.6875,18.6875,18.6875,18.6875,320,0.0,0.0
2022-10-31 00:00:00+08:00,18.9375,18.9375,18.9375,18.9375,320,0.0,0.0
2022-11-01 00:00:00+08:00,19.15625,19.15625,19.15625,19.15625,320,0.0,0.0
2022-11-02 00:00:00+08:00,17.8125,18.6875,17.8125,18.6875,640,0.0,0.0
2022-11-03 00:00:00+08:00,18.75,18.75,18.75,18.75,640,0.0,0.0
2022-11-04 00:00:00+08:00,18.75,18.75,18.75,18.75,0,0.0,0.0
2022-11-07 00:00:00+08:00,19.0625,19.0625,17.96875,17.96875,1600,0.0,0.0
2022-11-08 00:00:00+08:00,18.5,18.5,18.5,18.5,320,0.0,0.0
2022-11-09 00:00:00+08:00,18.5,18.5,18.5,18.5,320,0.0,0.0
2022-11-10 00:00:00+08:00,19.375,19.375,19.375,19.0625,320,0.0,0.0
2022-11-11 00:00:00+08:00,19.0625,19.0625,19.0625,19.0625,0,0.0,0.0
2022-11-14 00:00:00+08:00,19.34375,19.34375,19.34375,19.34375,1600,0.0,0.0
2022-11-15 00:00:00+08:00,17.8125,17.84375,17.8125,17.8125,1280,0.0,0.0
2022-11-16 00:00:00+08:00,17.8125,17.8125,17.8125,17.8125,0,0.0,0.0
2022-11-17 00:00:00+08:00,18.0625,18.0625,17.96875,17.96875,1920,0.0,0.0
2022-11-18 00:00:00+08:00,17.96875,17.96875,17.96875,17.96875,0,0.0,0.0
2022-11-21 00:00:00+08:00,18.375,18.375,18.125,18.125,640,0.0,0.0
2022-11-22 00:00:00+08:00,18.125,18.125,18.125,18.125,0,0.0,0.0
2022-11-23 00:00:00+08:00,18.71875,19.9375,18.71875,19.375,22720,0.0,0.0
2022-11-24 00:00:00+08:00,17.59375,19.3125,17.59375,19.3125,1920,0.0,0.0
2022-11-25 00:00:00+08:00,17.96875,18.375,17.96875,18.375,1280,0.0,0.0
2022-11-28 00:00:00+08:00,17.875,19.40625,17.875,19.40625,1920,0.0,0.0
2022-11-29 00:00:00+08:00,19.25,19.25,19.25,19.25,640,0.0,0.0
2022-11-30 00:00:00+08:00,18.71875,18.71875,18.71875,18.71875,320,0.0,0.0
2022-12-01 00:00:00+08:00,18.71875,18.71875,17.75,17.75,12160,0.0,0.0
2022-12-02 00:00:00+08:00,17.75,18.3125,17.75,18.125,5120,0.0,0.0
2022-12-05 00:00:00+08:00,18.125,18.125,18.125,18.125,0,0.0,0.0
2022-12-06 00:00:00+08:00,18.125,18.125,18.125,18.125,4480,0.0,0.0
2022-12-07 00:00:00+08:00,18.125,18.125,18.125,18.125,12800,0.0,0.0
2022-12-08 00:00:00+08:00,17.96875,17.96875,17.8125,17.8125,10560,0.0,0.0
2022-12-09 00:00:00+08:00,18.65625,18.65625,18.65625,18.65625,320,0.0,0.0
2022-12-12 00:00:00+08:00,17.96875,17.96875,17.96875,17.96875,1920,0.0,0.0
2022-12-13 00:00:00+08:00,18.125,18.125,17.96875,18.125,6080,0.0,0.0
2022-12-14 00:00:00+08:00,18.125,18.125,18.125,18.125,5760,0.0,0.0
2022-12-15 00:00:00+08:00,18.125,18.125,18.125,18.125,3520,0.0,0.0
2022-12-16 00:00:00+08:00,19.90625,19.90625,18.8125,18.8125,20800,0.0,0.0
2022-12-19 00:00:00+08:00,19.375,20.6875,19.375,20.6875,49600,0.0,0.0
2022-12-20 00:00:00+08:00,20.6875,21.875,20.625,20.625,19520,0.0,0.0
2022-12-21 00:00:00+08:00,20.9375,20.9375,20.3125,20.3125,3520,0.0,0.0
2022-12-22 00:00:00+08:00,18.84375,19.15625,18.84375,19.15625,2240,0.0,0.0
2022-12-23 00:00:00+08:00,20.0,20.0,19.15625,19.375,2240,0.0,0.0
2022-12-26 00:00:00+08:00,20.84375,20.875,20.84375,20.875,6400,0.0,0.0
2022-12-27 00:00:00+08:00,21.25,21.25,21.25,21.25,960,0.0,0.0
2022-12-28 00:00:00+08:00,21.25,21.25,21.25,21.25,0,0.0,0.0
2022-12-29 00:00:00+08:00,20.3125,20.3125,19.6875,19.6875,2560,0.0,0.0
2022-12-30 00:00:00+08:00,19.71875,20.15625,19.71875,20.15625,6080,0.0,0.0
2023-01-03 00:00:00+08:00,20.1875,20.46875,20.1875,20.46875,4160,0.0,0.0
2023-01-04 00:00:00+08:00,20.625,21.25,20.625,21.25,960,0.0,0.0
2023-01-05 00:00:00+08:00,21.25,22.34375,21.25,22.34375,10240,0.0,0.0
2023-01-06 00:00:00+08:00,21.875,22.8125,21.875,22.8125,6400,0.0,0.0
2023-01-09 00:00:00+08:00,22.1875,22.1875,21.875,21.875,2560,0.0,0.0
2023-01-10 00:00:00+08:00,21.875,21.875,21.5,21.71875,3520,0.0,0.0
2023-01-11 00:00:00+08:00,21.71875,21.71875,21.71875,21.71875,320,0.0,0.0
2023-01-12 00:00:00+08:00,21.71875,21.71875,21.40625,21.40625,8640,0.0,0.0
2023-01-13 00:00:00+08:00,21.25,21.3125,21.25,21.25,1600,0.0,0.0
2023-01-16 00:00:00+08:00,21.34375,21.34375,21.34375,21.34375,1280,0.0,0.0
2023-01-17 00:00:00+08:00,20.78125,21.21875,20.78125,21.21875,960,0.0,0.0
2023-01-30 00:00:00+08:00,22.875,22.875,22.625,22.625,640,0.0,0.0
2023-01-31 00:00:00+08:00,22.5,22.5,20.9375,21.875,2880,0.0,0.0
2023-02-01 00:00:00+08:00,20.9375,21.8125,20.9375,21.8125,640,0.0,0.0
2023-02-02 00:00:00+08:00,20.625,20.6875,20.625,20.6875,2560,0.0,0.0
2023-02-03 00:00:00+08:00,20.375,20.46875,20.375,20.46875,640,0.0,0.0
2023-02-06 00:00:00+08:00,20.46875,20.46875,20.46875,20.46875,640,0.0,0.0
2023-02-07 00:00:00+08:00,20.625,20.625,20.625,20.625,2880,0.0,0.0
2023-02-08 00:00:00+08:00,20.625,20.625,20.625,20.625,0,0.0,0.0
2023-02-09 00:00:00+08:00,20.34375,20.34375,20.3125,20.3125,640,0.0,0.0
2023-02-10 00:00:00+08:00,20.3125,20.3125,19.6875,19.6875,1280,0.0,0.0
2023-02-13 00:00:00+08:00,19.6875,19.6875,19.6875,19.6875,0,0.0,0.0
2023-02-14 00:00:00+08:00,19.125,19.40625,19.125,19.40625,1600,0.0,0.0
2023-02-15 00:00:00+08:00,19.40625,19.40625,19.40625,19.40625,0,0.0,0.0
2023-02-16 00:00:00+08:00,20.28125,20.28125,19.40625,19.40625,640,0.0,0.0
2023-02-17 00:00:00+08:00,18.78125,18.78125,18.78125,18.78125,320,0.0,0.0
2023-02-20 00:00:00+08:00,18.8125,18.84375,18.8125,18.84375,640,0.0,0.0
2023-02-21 00:00:00+08:00,18.84375,18.84375,18.84375,18.84375,1600,0.0,0.0
2023-02-22 00:00:00+08:00,18.84375,18.84375,18.84375,18.84375,0,0.0,0.0
2023-02-23 00:00:00+08:00,19.46875,19.46875,19.46875,19.46875,320,0.0,0.0
2023-02-24 00:00:00+08:00,19.375,19.375,19.375,19.375,320,0.0,0.0
2023-03-01 00:00:00+08:00,17.4375,18.75,17.4375,18.75,2880,0.0,0.0
2023-03-02 00:00:00+08:00,18.75,18.75,18.75,18.75,640,0.0,0.0
2023-03-03 00:00:00+08:00,18.75,18.75,18.75,18.75,0,0.0,0.0
2023-03-06 00:00:00+08:00,19.3125,19.3125,19.21875,19.21875,1280,0.0,0.0
2023-03-07 00:00:00+08:00,19.375,19.375,19.375,18.78125,960,0.0,0.0
2023-03-08 00:00:00+08:00,18.75,19.375,18.75,19.375,1920,0.0,0.0
2023-03-09 00:00:00+08:00,18.8125,18.8125,18.78125,18.78125,2880,0.0,0.0
2023-03-10 00:00:00+08:00,17.96875,18.71875,17.96875,18.71875,640,0.0,0.0
2023-03-13 00:00:00+08:00,18.71875,18.71875,18.71875,18.71875,0,0.0,0.0
2023-03-14 00:00:00+08:00,18.71875,18.71875,18.71875,18.71875,320,0.0,0.0
2023-03-15 00:00:00+08:00,17.1875,17.21875,17.1875,17.21875,2240,0.0,0.0
2023-03-16 00:00:00+08:00,17.90625,17.90625,17.90625,18.5625,320,0.0,0.0
2023-03-17 00:00:00+08:00,16.71875,17.78125,16.71875,17.78125,960,0.0,0.0
2023-03-20 00:00:00+08:00,17.75,17.75,17.75,17.75,320,0.0,0.0
2023-03-21 00:00:00+08:00,16.90625,16.96875,16.90625,16.96875,1280,0.0,0.0
2023-03-22 00:00:00+08:00,17.65625,17.65625,17.65625,18.28125,320,0.0,0.0
2023-03-23 00:00:00+08:00,18.28125,18.28125,18.28125,18.28125,0,0.0,0.0
2023-03-24 00:00:00+08:00,16.28125,17.875,16.28125,17.875,960,0.0,0.0
2023-03-27 00:00:00+08:00,17.875,17.875,17.875,17.875,0,0.0,0.0
2023-03-28 00:00:00+08:00,17.84375,17.84375,17.84375,17.84375,320,0.0,0.0
2023-03-29 00:00:00+08:00,17.0625,18.09375,17.0625,18.09375,2560,0.0,0.0
2023-03-30 00:00:00+08:00,18.0,18.0,18.0,18.0,640,0.0,0.0
2023-03-31 00:00:00+08:00,18.0,18.0,18.0,18.0,0,0.0,0.0
2023-04-06 00:00:00+08:00,17.75,17.75,17.75,17.75,320,0.0,0.0
2023-04-07 00:00:00+08:00,17.21875,17.59375,17.21875,17.71875,640,0.0,0.0
2023-04-10 00:00:00+08:00,16.3125,17.40625,16.3125,17.40625,2240,0.0,0.0
2023-04-11 00:00:00+08:00,17.40625,17.40625,17.375,17.375,640,0.0,0.0
2023-04-12 00:00:00+08:00,16.53125,16.53125,16.53125,16.53125,640,0.0,0.0
2023-04-13 00:00:00+08:00,15.9375,16.5625,15.9375,16.5625,6720,0.0,0.0
2023-04-14 00:00:00+08:00,16.3125,16.3125,16.25,16.25,9920,0.0,0.0
2023-04-17 00:00:00+08:00,16.40625,16.40625,16.40625,16.40625,320,0.0,0.0
2023-04-18 00:00:00+08:00,16.40625,16.40625,16.40625,16.40625,0,0.0,0.0
2023-04-19 00:00:00+08:00,16.40625,16.40625,16.40625,16.40625,320,0.0,0.0
2023-04-20 00:00:00+08:00,16.28125,16.28125,16.25,16.71875,12800,0.0,0.0
2023-04-21 00:00:00+08:00,15.0625,16.1875,15.0625,15.0625,4800,0.0,0.0
2023-04-24 00:00:00+08:00,15.625,15.625,15.625,15.125,960,0.0,0.0
2023-04-25 00:00:00+08:00,15.125,15.125,15.125,15.125,0,0.0,0.0
2023-04-26 00:00:00+08:00,16.21875,16.21875,15.75,15.75,1280,0.0,0.0
2023-04-27 00:00:00+08:00,15.75,16.21875,15.75,16.21875,1280,0.0,0.0
2023-04-28 00:00:00+08:00,16.25,16.53125,16.25,16.53125,640,0.0,0.0
2023-05-02 00:00:00+08:00,17.03125,17.03125,16.53125,16.53125,3200,0.0,0.0
2023-05-03 00:00:00+08:00,15.9375,15.9375,15.9375,15.625,13120,0.0,0.0
2023-05-04 00:00:00+08:00,16.25,16.25,15.9375,15.9375,9920,0.0,0.0
2023-05-05 00:00:00+08:00,15.9375,16.53125,15.9375,16.53125,7040,0.0,0.0
2023-05-08 00:00:00+08:00,14.90625,15.625,14.90625,15.3125,9600,0.0,0.0
2023-05-09 00:00:00+08:00,15.625,15.625,15.3125,15.625,7360,0.0,0.0
2023-05-10 00:00:00+08:00,15.625,15.625,15.3125,15.625,7040,0.0,0.0
2023-05-11 00:00:00+08:00,15.3125,15.59375,15.3125,15.59375,640,0.0,0.0
2023-05-12 00:00:00+08:00,15.625,15.625,15.3125,15.0625,3520,0.0,0.0
2023-05-15 00:00:00+08:00,15.0625,15.0625,15.0625,15.0625,0,0.0,0.0
2023-05-16 00:00:00+08:00,15.9375,15.96875,15.9375,15.9375,4480,0.0,0.0
2023-05-17 00:00:00+08:00,15.6875,15.9375,15.6875,15.9375,640,0.0,0.0
2023-05-18 00:00:00+08:00,15.9375,15.9375,15.0,15.0,960,0.0,0.0
2023-05-19 00:00:00+08:00,15.625,15.625,15.625,15.15625,640,0.0,0.0
2023-05-22 00:00:00+08:00,15.15625,15.15625,15.15625,15.15625,0,0.0,0.0
2023-05-23 00:00:00+08:00,15.0625,15.0625,15.0625,15.0,2240,0.0,0.0
2023-05-24 00:00:00+08:00,15.0625,15.5625,15.0625,15.125,1280,0.0,0.0
2023-05-25 00:00:00+08:00,15.625,15.625,15.3125,15.3125,4480,0.0,0.0
2023-05-26 00:00:00+08:00,15.3125,15.3125,15.3125,15.0,320,0.0,0.0
2023-05-29 00:00:00+08:00,15.15625,15.1875,15.15625,15.1875,3200,0.0,0.0
2023-05-30 00:00:00+08:00,15.1875,15.1875,15.1875,15.1875,960,0.0,0.0
2023-05-31 00:00:00+08:00,15.1875,15.1875,15.0,15.0,3520,0.0,0.0
2023-06-01 00:00:00+08:00,14.6875,14.84375,14.6875,14.84375,1280,0.0,0.0
2023-06-02 00:00:00+08:00,15.0,15.34375,15.0,15.34375,4480,0.0,0.0
2023-06-05 00:00:00+08:00,15.625,15.625,15.625,15.625,3200,0.0,0.0
2023-06-06 00:00:00+08:00,15.625,17.03125,15.625,15.9375,11520,0.0,0.0
2023-06-07 00:00:00+08:00,15.9375,15.9375,15.9375,15.9375,0,0.0,0.0
2023-06-08 00:00:00+08:00,15.9375,15.9375,15.3125,15.46875,5440,0.0,0.0
2023-06-09 00:00:00+08:00,15.3125,15.59375,15.0,15.0,13440,0.0,0.0
2023-06-12 00:00:00+08:00,14.6875,14.6875,13.8125,14.8125,2240,0.0,0.0
2023-06-13 00:00:00+08:00,14.9375,15.1875,14.9375,15.1875,12160,0.0,0.0
2023-06-14 00:00:00+08:00,16.3125,16.6875,16.3125,16.6875,48640,0.0,0.0
2023-06-15 00:00:00+08:00,16.625,17.75,16.25,16.6875,19520,0.0,0.0
2023-06-16 00:00:00+08:00,16.6875,17.125,16.28125,17.0625,2880,0.0,0.0
2023-06-19 00:00:00+08:00,17.03125,17.03125,16.40625,17.03125,2240,0.0,0.0
2023-06-20 00:00:00+08:00,17.03125,17.03125,16.40625,16.40625,1600,0.0,0.0
2023-06-21 00:00:00+08:00,16.28125,16.3125,16.28125,16.25,1600,0.0,0.0
2023-06-26 00:00:00+08:00,16.25,17.34375,16.25,17.34375,3520,0.0,0.0
2023-06-27 00:00:00+08:00,17.34375,17.34375,17.34375,17.34375,0,0.0,0.0
2023-06-28 00:00:00+08:00,16.90625,16.90625,16.71875,16.71875,3200,0.0,0.0
2023-06-29 00:00:00+08:00,16.5625,16.5625,16.5625,15.96875,4160,0.0,0.0
2023-06-30 00:00:00+08:00,16.5625,16.5625,16.25,16.25,5440,0.0,0.0
2023-07-03 00:00:00+08:00,15.875,15.875,15.875,15.875,1280,0.0,0.0
2023-07-04 00:00:00+08:00,15.9375,17.4375,15.9375,16.28125,27200,0.0,0.0
2023-07-05 00:00:00+08:00,16.4375,16.4375,16.25,16.40625,8000,0.0,0.0
2023-07-06 00:00:00+08:00,16.75,16.75,16.75,16.3125,1280,0.0,0.0
2023-07-07 00:00:00+08:00,16.3125,16.3125,16.25,15.625,4800,0.0,0.0
2023-07-10 00:00:00+08:00,16.125,16.125,16.125,16.125,640,0.0,0.0
2023-07-11 00:00:00+08:00,16.25,16.25,16.25,16.25,640,0.0,0.0
2023-07-12 00:00:00+08:00,16.25,16.25,16.25,16.25,0,0.0,0.0
2023-07-13 00:00:00+08:00,15.65625,15.65625,15.65625,16.25,640,0.0,0.0
2023-07-14 00:00:00+08:00,16.25,16.25,15.9375,15.9375,2560,0.0,0.0
2023-07-17 00:00:00+08:00,15.9375,15.9375,15.9375,16.5625,1920,0.0,0.0
2023-07-18 00:00:00+08:00,16.875,16.875,16.125,16.125,2560,0.0,0.0
2023-07-19 00:00:00+08:00,16.09375,16.09375,16.09375,16.5625,1600,0.0,0.0
2023-07-20 00:00:00+08:00,15.96875,16.25,15.96875,16.25,1280,0.0,0.0
2023-07-21 00:00:00+08:00,16.5625,16.5625,16.5625,16.5625,2880,0.0,0.0
2023-07-24 00:00:00+08:00,16.875,16.875,16.875,16.09375,320,0.0,0.0
2023-07-25 00:00:00+08:00,16.09375,16.09375,16.09375,16.09375,0,0.0,0.0
2023-07-26 00:00:00+08:00,17.4375,17.4375,16.09375,16.09375,1600,0.0,0.0
2023-07-27 00:00:00+08:00,16.09375,16.5625,15.78125,16.5625,2880,0.0,0.0
2023-07-28 00:00:00+08:00,15.96875,15.96875,15.96875,15.96875,1600,0.0,0.0
2023-07-31 00:00:00+08:00,16.25,16.25,16.25,16.5625,2240,0.0,0.0
2023-08-01 00:00:00+08:00,16.5625,16.5625,16.5625,16.5625,0,0.0,0.0
2023-08-02 00:00:00+08:00,16.375,16.375,16.375,16.375,320,0.0,0.0
2023-08-04 00:00:00+08:00,16.375,16.375,16.375,16.375,0,0.0,0.0
2023-08-07 00:00:00+08:00,15.625,16.21875,15.625,16.21875,640,0.0,0.0
2023-08-08 00:00:00+08:00,16.21875,16.21875,16.21875,15.65625,320,0.0,0.0
2023-08-09 00:00:00+08:00,16.125,16.125,15.625,15.625,2240,0.0,0.0
2023-08-10 00:00:00+08:00,15.625,15.625,15.625,15.625,3200,0.0,0.0
2023-08-11 00:00:00+08:00,14.59375,16.15625,14.59375,16.125,8960,0.0,0.0
2023-08-14 00:00:00+08:00,16.5,16.5,15.0,15.0,13120,0.0,0.0
2023-08-15 00:00:00+08:00,15.0,15.0,15.0,14.53125,640,0.0,0.0
2023-08-16 00:00:00+08:00,15.0,15.0,15.0,15.0,6400,0.0,0.0
2023-08-17 00:00:00+08:00,15.0,15.0,15.0,15.0,8320,0.0,0.0
2023-08-18 00:00:00+08:00,15.0,15.0,15.0,15.0,1920,0.0,0.0
2023-08-21 00:00:00+08:00,15.0,15.34375,14.84375,15.25,8000,0.0,0.0
2023-08-22 00:00:00+08:00,15.46875,15.75,15.15625,15.46875,6400,0.0,0.0
2023-08-23 00:00:00+08:00,15.09375,15.3125,15.0625,15.3125,1280,0.0,0.0
2023-08-24 00:00:00+08:00,15.0,15.375,15.0,15.375,4800,0.0,0.0
2023-08-25 00:00:00+08:00,15.46875,16.53125,15.40625,15.40625,9600,0.0,0.0
2023-08-28 00:00:00+08:00,14.875,15.3125,14.875,16.9375,9600,0.0,0.0
2023-08-29 00:00:00+08:00,15.28125,15.28125,14.625,14.625,5440,0.0,0.0
2023-08-30 00:00:00+08:00,14.625,14.625,14.625,14.625,0,0.0,0.0
2023-08-31 00:00:00+08:00,14.6875,15.09375,14.34375,15.09375,4800,0.0,0.0
2023-09-01 00:00:00+08:00,15.9375,15.9375,14.65625,14.65625,5760,0.0,0.0
2023-09-04 00:00:00+08:00,14.25,14.78125,14.25,14.21875,2560,0.0,0.0
2023-09-05 00:00:00+08:00,14.75,14.75,14.0625,14.65625,8640,0.0,0.0
2023-09-06 00:00:00+08:00,15.34375,15.34375,13.78125,14.0625,11840,0.0,0.0
2023-09-07 00:00:00+08:00,14.0625,14.0625,13.78125,13.84375,3520,0.0,0.0
2023-09-08 00:00:00+08:00,14.0625,14.375,13.9375,13.9375,16640,0.0,0.0
2023-09-11 00:00:00+08:00,13.90625,13.9375,13.75,13.75,8640,0.0,0.0
2023-09-12 00:00:00+08:00,13.96875,13.96875,13.46875,13.71875,3840,0.0,0.0
2023-09-13 00:00:00+08:00,13.75,13.75,13.75,13.75,14720,0.0,0.0
2023-09-14 00:00:00+08:00,13.75,13.75,13.75,13.75,0,0.0,0.32
2023-09-15 00:00:00+08:00,13.75,13.75,13.75,13.75,0,0.0,0.0
2023-09-18 00:00:00+08:00,13.75,13.75,13.75,13.75,0,0.0,0.0
2023-09-19 00:00:00+08:00,13.75,13.75,13.75,13.75,0,0.0,0.0
2023-09-20 00:00:00+08:00,13.75,13.75,13.75,13.75,0,0.0,0.0
2023-09-21 00:00:00+08:00,13.75,13.75,13.75,13.75,0,0.0,0.0
2023-09-22 00:00:00+08:00,13.75,13.75,13.75,13.75,0,0.0,0.0
2023-09-25 00:00:00+08:00,14.25,14.25,14.25,14.25,2000,0.0,0.0
2023-09-26 00:00:00+08:00,13.75,13.75,13.75,13.75,2000,0.0,0.0
2023-09-27 00:00:00+08:00,13.199999809265137,13.199999809265137,13.149999618530273,13.149999618530273,9000,0.0,0.0
2023-09-28 00:00:00+08:00,13.0,13.699999809265137,12.5,13.699999809265137,20000,0.0,0.0
2023-10-02 00:00:00+08:00,13.5,13.5,13.100000381469727,13.100000381469727,8000,0.0,0.0
2023-10-03 00:00:00+08:00,13.100000381469727,13.100000381469727,13.100000381469727,12.949999809265137,1000,0.0,0.0
2023-10-04 00:00:00+08:00,13.100000381469727,13.100000381469727,13.100000381469727,12.75,1000,0.0,0.0
2023-10-05 00:00:00+08:00,12.699999809265137,13.550000190734863,12.699999809265137,13.550000190734863,7000,0.0,0.0
2023-10-06 00:00:00+08:00,13.550000190734863,14.25,13.300000190734863,13.300000190734863,9000,0.0,0.0
2023-10-11 00:00:00+08:00,12.949999809265137,13.350000381469727,12.949999809265137,13.050000190734863,4000,0.0,0.0
2023-10-12 00:00:00+08:00,13.75,13.75,13.75,13.100000381469727,2000,0.0,0.0
2023-10-13 00:00:00+08:00,13.75,13.75,13.149999618530273,13.25,7000,0.0,0.0
2023-10-16 00:00:00+08:00,13.699999809265137,13.699999809265137,13.5,14.550000190734863,5000,0.0,0.0
2023-10-17 00:00:00+08:00,13.0,13.649999618530273,13.0,13.649999618530273,2000,0.0,0.0
2023-10-18 00:00:00+08:00,13.0,13.25,13.0,13.25,2000,0.0,0.0
2023-10-19 00:00:00+08:00,13.449999809265137,13.449999809265137,12.800000190734863,13.449999809265137,13000,0.0,0.0
2023-10-20 00:00:00+08:00,13.699999809265137,13.949999809265137,13.5,14.350000381469727,6000,0.0,0.0
2023-10-23 00:00:00+08:00,13.699999809265137,13.699999809265137,13.699999809265137,14.25,1000,0.0,0.0
2023-10-24 00:00:00+08:00,13.649999618530273,14.199999809265137,13.5,13.0,6000,0.0,0.0
2023-10-25 00:00:00+08:00,13.75,13.75,12.949999809265137,14.850000381469727,6000,0.0,0.0
2023-10-26 00:00:00+08:00,14.850000381469727,14.850000381469727,14.850000381469727,14.850000381469727,0,0.0,0.0
2023-10-27 00:00:00+08:00,13.399999618530273,13.399999618530273,13.399999618530273,13.399999618530273,1000,0.0,0.0
2023-10-30 00:00:00+08:00,13.899999618530273,13.899999618530273,13.899999618530273,13.699999809265137,6000,0.0,0.0
2023-10-31 00:00:00+08:00,12.899999618530273,13.600000381469727,12.899999618530273,14.25,7000,0.0,0.0
2023-11-01 00:00:00+08:00,13.949999809265137,13.949999809265137,12.800000190734863,12.800000190734863,25000,0.0,0.0
2023-11-02 00:00:00+08:00,13.0,13.350000381469727,13.0,14.050000190734863,3000,0.0,0.0
2023-11-03 00:00:00+08:00,13.350000381469727,13.600000381469727,13.350000381469727,14.649999618530273,2000,0.0,0.0
2023-11-06 00:00:00+08:00,13.350000381469727,13.550000190734863,13.100000381469727,14.949999809265137,4000,0.0,0.0
2023-11-07 00:00:00+08:00,13.0,13.449999809265137,13.0,14.899999618530273,3000,0.0,0.0
2023-11-08 00:00:00+08:00,13.649999618530273,13.649999618530273,12.850000381469727,12.850000381469727,14000,0.0,0.0
2023-11-09 00:00:00+08:00,12.850000381469727,12.850000381469727,12.850000381469727,13.0,1000,0.0,0.0
2023-11-10 00:00:00+08:00,12.949999809265137,13.300000190734863,12.949999809265137,12.550000190734863,2000,0.0,0.0
2023-11-13 00:00:00+08:00,12.850000381469727,13.300000190734863,12.850000381469727,12.850000381469727,5000,0.0,0.0
2023-11-14 00:00:00+08:00,12.800000190734863,13.25,12.800000190734863,13.100000381469727,9000,0.0,0.0
2023-11-15 00:00:00+08:00,13.300000190734863,13.300000190734863,12.899999618530273,13.350000381469727,4000,0.0,0.0
2023-11-16 00:00:00+08:00,12.850000381469727,13.050000190734863,12.850000381469727,12.850000381469727,4000,0.0,0.0
2023-11-17 00:00:00+08:00,13.0,13.0,12.699999809265137,12.899999618530273,8000,0.0,0.0
2023-11-20 00:00:00+08:00,12.949999809265137,12.949999809265137,12.100000381469727,12.100000381469727,11000,0.0,0.0
2023-11-21 00:00:00+08:00,12.149999618530273,12.399999618530273,11.800000190734863,12.399999618530273,6000,0.0,0.0
2023-11-22 00:00:00+08:00,11.800000190734863,12.199999809265137,11.800000190734863,11.899999618530273,7000,0.0,0.0
2023-11-23 00:00:00+08:00,12.5,13.0,12.5,12.649999618530273,18000,0.0,0.0
2023-11-24 00:00:00+08:00,13.649999618530273,13.649999618530273,13.5,13.5,7000,0.0,0.0
2023-11-27 00:00:00+08:00,13.5,13.5,12.5,12.850000381469727,17000,0.0,0.0
2023-11-28 00:00:00+08:00,12.199999809265137,12.75,12.149999618530273,12.75,12000,0.0,0.0
2023-11-29 00:00:00+08:00,12.199999809265137,12.600000381469727,12.199999809265137,12.600000381469727,4000,0.0,0.0
2023-11-30 00:00:00+08:00,12.600000381469727,12.600000381469727,12.600000381469727,12.600000381469727,0,0.0,0.0
2023-12-01 00:00:00+08:00,12.75,12.75,12.699999809265137,12.699999809265137,3000,0.0,0.0
2023-12-04 00:00:00+08:00,12.800000190734863,13.300000190734863,12.800000190734863,13.300000190734863,4000,0.0,0.0
2023-12-05 00:00:00+08:00,12.699999809265137,12.899999618530273,12.699999809265137,12.899999618530273,4000,0.0,0.0
2023-12-06 00:00:00+08:00,12.699999809265137,12.699999809265137,12.699999809265137,12.699999809265137,1000,0.0,0.0
2023-12-07 00:00:00+08:00,12.699999809265137,12.699999809265137,12.699999809265137,12.699999809265137,0,0.0,0.0
2023-12-08 00:00:00+08:00,12.699999809265137,12.850000381469727,12.699999809265137,12.850000381469727,2000,0.0,0.0
2023-12-11 00:00:00+08:00,12.850000381469727,12.850000381469727,12.850000381469727,12.850000381469727,0,0.0,0.0
2023-12-12 00:00:00+08:00,12.850000381469727,13.199999809265137,12.850000381469727,13.199999809265137,2000,0.0,0.0
2023-12-13 00:00:00+08:00,12.800000190734863,12.800000190734863,12.75,12.75,2000,0.0,0.0
2023-12-14 00:00:00+08:00,13.149999618530273,13.149999618530273,13.149999618530273,13.149999618530273,1000,0.0,0.0
2023-12-15 00:00:00+08:00,13.5,13.5,12.25,12.75,14000,0.0,0.0
2023-12-18 00:00:00+08:00,12.75,12.75,12.75,12.75,0,0.0,0.0
2023-12-19 00:00:00+08:00,12.649999618530273,12.649999618530273,12.649999618530273,12.199999809265137,1000,0.0,0.0
2023-12-20 00:00:00+08:00,12.199999809265137,12.199999809265137,12.199999809265137,12.199999809265137,0,0.0,0.0
2023-12-21 00:00:00+08:00,12.050000190734863,12.75,12.050000190734863,12.75,7000,0.0,0.0
2023-12-22 00:00:00+08:00,12.300000190734863,13.050000190734863,12.300000190734863,14.0,9000,0.0,0.0
2023-12-25 00:00:00+08:00,13.100000381469727,13.100000381469727,12.5,12.5,8000,0.0,0.0
2023-12-26 00:00:00+08:00,12.5,12.5,12.5,12.5,0,0.0,0.0
2023-12-27 00:00:00+08:00,12.449999809265137,12.649999618530273,12.449999809265137,12.649999618530273,2000,0.0,0.0
2023-12-28 00:00:00+08:00,12.649999618530273,12.649999618530273,12.649999618530273,12.649999618530273,0,0.0,0.0
2023-12-29 00:00:00+08:00,12.649999618530273,12.649999618530273,12.649999618530273,12.649999618530273,1000,0.0,0.0
2024-01-02 00:00:00+08:00,12.649999618530273,12.649999618530273,12.649999618530273,12.649999618530273,0,0.0,0.0
2024-01-03 00:00:00+08:00,12.649999618530273,12.649999618530273,12.649999618530273,12.649999618530273,1000,0.0,0.0
2024-01-04 00:00:00+08:00,12.649999618530273,12.649999618530273,12.649999618530273,12.649999618530273,0,0.0,0.0
2024-01-05 00:00:00+08:00,12.149999618530273,12.350000381469727,12.0,12.350000381469727,5000,0.0,0.0
2024-01-08 00:00:00+08:00,12.350000381469727,12.350000381469727,12.350000381469727,12.350000381469727,0,0.0,0.0
2024-01-09 00:00:00+08:00,11.800000190734863,12.300000190734863,11.600000381469727,11.600000381469727,5000,0.0,0.0
2024-01-10 00:00:00+08:00,11.25,11.25,10.600000381469727,10.800000190734863,48000,0.0,0.0
2024-01-11 00:00:00+08:00,10.350000381469727,10.350000381469727,10.350000381469727,10.350000381469727,4000,0.0,0.0
2024-01-12 00:00:00+08:00,10.350000381469727,10.550000190734863,10.350000381469727,10.5,4000,0.0,0.0
2024-01-15 00:00:00+08:00,10.649999618530273,10.649999618530273,10.649999618530273,10.649999618530273,1103,0.0,0.0
2024-01-16 00:00:00+08:00,10.5,10.5,9.960000038146973,9.970000267028809,10000,0.0,0.0
2024-01-17 00:00:00+08:00,10.300000190734863,10.350000381469727,10.199999809265137,10.350000381469727,3000,0.0,0.0
2024-01-18 00:00:00+08:00,10.350000381469727,10.350000381469727,10.350000381469727,10.350000381469727,1000,0.0,0.0
2024-01-19 00:00:00+08:00,10.350000381469727,10.649999618530273,10.350000381469727,10.649999618530273,2000,0.0,0.0
2024-01-22 00:00:00+08:00,10.550000190734863,10.600000381469727,10.550000190734863,10.600000381469727,3000,0.0,0.0
2024-01-23 00:00:00+08:00,10.5,10.5,10.5,10.5,1000,0.0,0.0
2024-01-24 00:00:00+08:00,10.5,10.5,10.5,10.5,1000,0.0,0.0
2024-01-25 00:00:00+08:00,10.350000381469727,10.399999618530273,10.350000381469727,10.399999618530273,2000,0.0,0.0
2024-01-26 00:00:00+08:00,10.399999618530273,10.399999618530273,10.399999618530273,10.399999618530273,2000,0.0,0.0
2024-01-29 00:00:00+08:00,10.550000190734863,10.600000381469727,10.449999809265137,10.600000381469727,9000,0.0,0.0
2024-01-30 00:00:00+08:00,10.5,10.5,10.100000381469727,10.25,5000,0.0,0.0
2024-01-31 00:00:00+08:00,10.300000190734863,10.300000190734863,9.899999618530273,10.199999809265137,6000,0.0,0.0
2024-02-01 00:00:00+08:00,9.989999771118164,10.199999809265137,9.989999771118164,10.199999809265137,9000,0.0,0.0
2024-02-02 00:00:00+08:00,10.199999809265137,10.199999809265137,10.199999809265137,10.199999809265137,1000,0.0,0.0
2024-02-05 00:00:00+08:00,10.25,10.550000190734863,10.050000190734863,10.399999618530273,7000,0.0,0.0
2024-02-15 00:00:00+08:00,10.449999809265137,10.449999809265137,10.449999809265137,10.449999809265137,1000,0.0,0.0
2024-02-16 00:00:00+08:00,9.460000038146973,10.399999618530273,9.460000038146973,10.399999618530273,20000,0.0,0.0
2024-02-19 00:00:00+08:00,10.350000381469727,10.399999618530273,10.0,10.300000190734863,16000,0.0,0.0
2024-02-20 00:00:00+08:00,10.0,10.25,10.0,10.199999809265137,15000,0.0,0.0
2024-02-21 00:00:00+08:00,10.050000190734863,10.399999618530273,10.0,10.399999618530273,5000,0.0,0.0
2024-02-22 00:00:00+08:00,10.399999618530273,10.399999618530273,10.100000381469727,10.25,3000,0.0,0.0
2024-02-23 00:00:00+08:00,10.25,10.25,10.100000381469727,10.199999809265137,3000,0.0,0.0
2024-02-26 00:00:00+08:00,10.199999809265137,10.449999809265137,10.100000381469727,10.449999809265137,5000,0.0,0.0
2024-02-27 00:00:00+08:00,10.5,10.5,10.100000381469727,10.350000381469727,7000,0.0,0.0
2024-02-29 00:00:00+08:00,10.550000190734863,10.550000190734863,10.300000190734863,10.399999618530273,6000,0.0,0.0
2024-03-01 00:00:00+08:00,10.449999809265137,10.899999618530273,10.399999618530273,11.350000381469727,36000,0.0,0.0
2024-03-04 00:00:00+08:00,10.800000190734863,10.899999618530273,10.25,10.800000190734863,12000,0.0,0.0
2024-03-05 00:00:00+08:00,10.699999809265137,10.800000190734863,10.699999809265137,10.75,9000,0.0,0.0
2024-03-06 00:00:00+08:00,10.949999809265137,11.0,10.949999809265137,10.699999809265137,13000,0.0,0.0
2024-03-07 00:00:00+08:00,11.0,11.0,11.0,11.0,6000,0.0,0.0
2024-03-08 00:00:00+08:00,11.0,11.0,11.0,11.0,18000,0.0,0.0
2024-03-11 00:00:00+08:00,10.75,11.0,10.100000381469727,11.0,9000,0.0,0.0
2024-03-12 00:00:00+08:00,10.699999809265137,11.600000381469727,10.699999809265137,11.600000381469727,20000,0.0,0.0
2024-03-13 00:00:00+08:00,11.75,12.350000381469727,11.75,12.199999809265137,24000,0.0,0.0
2024-03-14 00:00:00+08:00,12.199999809265137,12.300000190734863,11.899999618530273,12.149999618530273,28000,0.0,0.0
2024-03-15 00:00:00+08:00,12.050000190734863,12.149999618530273,12.050000190734863,12.149999618530273,8000,0.0,0.0
2024-03-18 00:00:00+08:00,12.149999618530273,12.149999618530273,12.149999618530273,12.149999618530273,0,0.0,0.0
2024-03-19 00:00:00+08:00,12.350000381469727,12.399999618530273,12.300000190734863,12.300000190734863,6000,0.0,0.0
2024-03-20 00:00:00+08:00,12.300000190734863,12.300000190734863,12.300000190734863,12.300000190734863,0,0.0,0.0
2024-03-21 00:00:00+08:00,12.100000381469727,12.25,12.100000381469727,12.25,3000,0.0,0.0
2024-03-22 00:00:00+08:00,12.100000381469727,12.25,12.100000381469727,12.25,2000,0.0,0.0
2024-03-25 00:00:00+08:00,12.199999809265137,12.199999809265137,12.0,12.199999809265137,7000,0.0,0.0
2024-03-26 00:00:00+08:00,12.050000190734863,12.050000190734863,11.699999809265137,12.0,4000,0.0,0.0
2024-03-27 00:00:00+08:00,12.0,12.0,12.0,12.0,2000,0.0,0.0
2024-03-28 00:00:00+08:00,12.0,12.0,12.0,12.0,0,0.0,0.0
2024-03-29 00:00:00+08:00,11.699999809265137,12.199999809265137,11.699999809265137,12.199999809265137,3000,0.0,0.0
2024-04-01 00:00:00+08:00,11.600000381469727,11.949999809265137,11.149999618530273,11.949999809265137,5000,0.0,0.0
2024-04-02 00:00:00+08:00,11.5,12.0,11.449999809265137,12.0,10000,0.0,0.0
2024-04-03 00:00:00+08:00,11.399999618530273,11.399999618530273,11.399999618530273,11.399999618530273,1000,0.0,0.0
2024-04-08 00:00:00+08:00,11.399999618530273,11.949999809265137,10.399999618530273,11.949999809265137,10000,0.0,0.0
2024-04-09 00:00:00+08:00,11.949999809265137,11.949999809265137,11.350000381469727,11.850000381469727,6000,0.0,0.0
2024-04-10 00:00:00+08:00,11.449999809265137,11.850000381469727,11.350000381469727,11.850000381469727,5000,0.0,0.0
2024-04-11 00:00:00+08:00,11.399999618530273,11.75,11.300000190734863,11.75,12000,0.0,0.0
2024-04-12 00:00:00+08:00,11.399999618530273,11.649999618530273,11.300000190734863,11.649999618530273,8000,0.0,0.0
2024-04-15 00:00:00+08:00,11.899999618530273,11.899999618530273,11.899999618530273,11.899999618530273,1000,0.0,0.0
2024-04-16 00:00:00+08:00,11.300000190734863,11.800000190734863,11.300000190734863,11.649999618530273,7000,0.0,0.0
2024-04-17 00:00:00+08:00,11.199999809265137,11.649999618530273,10.75,11.899999618530273,24000,0.0,0.0
2024-04-18 00:00:00+08:00,11.75,11.75,11.149999618530273,11.449999809265137,3000,0.0,0.0
2024-04-19 00:00:00+08:00,10.899999618530273,11.699999809265137,10.800000190734863,11.699999809265137,10000,0.0,0.0
2024-04-22 00:00:00+08:00,12.050000190734863,12.050000190734863,11.850000381469727,11.850000381469727,3000,0.0,0.0
2024-04-23 00:00:00+08:00,11.949999809265137,11.949999809265137,11.149999618530273,11.699999809265137,13000,0.0,0.0
2024-04-24 00:00:00+08:00,12.050000190734863,12.050000190734863,12.050000190734863,12.050000190734863,1000,0.0,0.0
2024-04-25 00:00:00+08:00,12.050000190734863,12.050000190734863,12.050000190734863,12.050000190734863,0,0.0,0.0
2024-04-26 00:00:00+08:00,11.75,11.75,11.75,11.75,1000,0.0,0.0
2024-04-29 00:00:00+08:00,11.75,11.75,11.75,11.75,0,0.0,0.0
2024-04-30 00:00:00+08:00,11.949999809265137,11.949999809265137,11.199999809265137,11.5,9000,0.0,0.0
2024-05-02 00:00:00+08:00,11.5,11.850000381469727,11.5,11.850000381469727,2000,0.0,0.0
2024-05-03 00:00:00+08:00,11.699999809265137,11.800000190734863,11.350000381469727,11.800000190734863,5000,0.0,0.0
2024-05-06 00:00:00+08:00,11.899999618530273,11.899999618530273,11.199999809265137,11.25,13000,0.0,0.0
2024-05-07 00:00:00+08:00,11.25,11.25,11.199999809265137,11.25,4000,0.0,0.0
2024-05-08 00:00:00+08:00,11.25,11.25,11.25,11.25,0,0.0,0.0
2024-05-09 00:00:00+08:00,11.300000190734863,11.350000381469727,11.300000190734863,11.350000381469727,3000,0.0,0.0
2024-05-10 00:00:00+08:00,11.600000381469727,11.600000381469727,11.600000381469727,11.600000381469727,1000,0.0,0.0
2024-05-13 00:00:00+08:00,11.199999809265137,11.699999809265137,11.100000381469727,12.0,14000,0.0,0.0
2024-05-14 00:00:00+08:00,11.699999809265137,11.699999809265137,11.5,11.649999618530273,11000,0.0,0.0
2024-05-15 00:00:00+08:00,11.449999809265137,11.75,11.449999809265137,11.600000381469727,15000,0.0,0.0
2024-05-16 00:00:00+08:00,11.850000381469727,12.75,11.449999809265137,12.0,15000,0.0,0.0
2024-05-17 00:00:00+08:00,12.149999618530273,12.75,11.850000381469727,12.350000381469727,14000,0.0,0.0
2024-05-20 00:00:00+08:00,12.75,12.949999809265137,11.5,12.300000190734863,28000,0.0,0.0
2024-05-21 00:00:00+08:00,12.699999809265137,13.199999809265137,11.699999809265137,12.149999618530273,21000,0.0,0.0
2024-05-22 00:00:00+08:00,11.75,12.5,11.75,12.0,17000,0.0,0.0
2024-05-23 00:00:00+08:00,12.0,12.050000190734863,11.800000190734863,12.050000190734863,10000,0.0,0.0
2024-05-24 00:00:00+08:00,12.399999618530273,12.399999618530273,11.800000190734863,12.199999809265137,10000,0.0,0.0
2024-05-27 00:00:00+08:00,12.350000381469727,12.600000381469727,12.0,12.0,19000,0.0,0.0
2024-05-28 00:00:00+08:00,12.100000381469727,12.100000381469727,12.100000381469727,12.100000381469727,2000,0.0,0.0
2024-05-29 00:00:00+08:00,11.850000381469727,12.25,11.850000381469727,12.25,4000,0.0,0.0
2024-05-30 00:00:00+08:00,12.350000381469727,12.350000381469727,11.949999809265137,12.0,12000,0.0,0.0
2024-05-31 00:00:00+08:00,12.399999618530273,12.399999618530273,12.0,12.0,2000,0.0,0.0
2024-06-03 00:00:00+08:00,11.850000381469727,12.0,11.850000381469727,12.0,2000,0.0,0.0
2024-06-04 00:00:00+08:00,11.75,12.5,11.75,12.100000381469727,5000,0.0,0.0
2024-06-05 00:00:00+08:00,11.75,12.199999809265137,11.699999809265137,12.050000190734863,18000,0.0,0.0
2024-06-06 00:00:00+08:00,12.0,12.100000381469727,12.0,12.100000381469727,4000,0.0,0.0
2024-06-07 00:00:00+08:00,11.800000190734863,12.300000190734863,11.800000190734863,12.050000190734863,10000,0.0,0.0
2024-06-11 00:00:00+08:00,11.949999809265137,12.100000381469727,11.850000381469727,11.850000381469727,7000,0.0,0.0
2024-06-12 00:00:00+08:00,11.949999809265137,11.949999809265137,11.899999618530273,11.899999618530273,6000,0.0,0.0
2024-06-13 00:00:00+08:00,11.850000381469727,11.850000381469727,11.850000381469727,11.850000381469727,6000,0.0,0.0
2024-06-14 00:00:00+08:00,12.149999618530273,12.350000381469727,11.850000381469727,11.850000381469727,5000,0.0,0.0
2024-06-17 00:00:00+08:00,11.850000381469727,11.850000381469727,11.850000381469727,11.850000381469727,0,0.0,0.0
2024-06-18 00:00:00+08:00,12.100000381469727,12.649999618530273,12.100000381469727,12.25,5000,0.0,0.0
2024-06-19 00:00:00+08:00,12.25,12.25,12.25,12.25,3000,0.0,0.0
2024-06-20 00:00:00+08:00,11.699999809265137,12.449999809265137,11.699999809265137,12.050000190734863,3000,0.0,0.0
2024-06-21 00:00:00+08:00,13.199999809265137,13.25,13.199999809265137,13.25,15000,0.0,0.0
2024-06-24 00:00:00+08:00,14.550000190734863,14.550000190734863,14.550000190734863,14.550000190734863,36000,0.0,0.0
2024-06-25 00:00:00+08:00,16.0,16.0,16.0,16.0,58000,0.0,0.0
2024-06-26 00:00:00+08:00,17.600000381469727,17.600000381469727,17.600000381469727,17.600000381469727,11000,0.0,0.0
2024-06-27 00:00:00+08:00,19.350000381469727,19.350000381469727,19.350000381469727,19.350000381469727,33000,0.0,0.0
2024-06-28 00:00:00+08:00,21.25,21.25,21.25,21.25,282000,0.0,0.0
2024-07-01 00:00:00+08:00,23.299999237060547,23.350000381469727,23.299999237060547,23.350000381469727,61000,0.0,0.0
2024-07-02 00:00:00+08:00,25.649999618530273,25.649999618530273,25.649999618530273,25.649999618530273,36000,0.0,0.0
2024-07-03 00:00:00+08:00,28.200000762939453,28.200000762939453,28.200000762939453,28.200000762939453,7000,0.0,0.0
2024-07-05 00:00:00+08:00,34.099998474121094,34.099998474121094,28.799999237060547,33.20000076293945,232000,0.0,0.0
