Date,Open,High,Low,Close,Volume,Dividends,Stock Splits
2004-01-02 00:00:00+09:00,2018.3890137407186,2259.718017578125,2018.3890137407186,2259.718017578125,1586340,0.0,0.0
2004-01-05 00:00:00+09:00,2413.291078468828,2522.98595219621,2018.388916015625,2018.388916015625,1266660,0.0,0.0
2004-01-06 00:00:00+09:00,2128.0840610353193,2171.9621703785965,2027.1647566278052,2062.26708984375,268740,0.0,0.0
2004-01-07 00:00:00+09:00,2062.2673912270902,2062.2673912270902,1888.9492582034945,1974.5113525390625,150120,0.0,0.0
2004-01-08 00:00:00+09:00,1974.5104108537948,2211.45166015625,1974.5104108537948,2211.45166015625,542160,0.0,0.0
2004-01-09 00:00:00+09:00,2272.881103515625,2391.351737951884,2198.2883747094816,2272.881103515625,401940,0.0,0.0
2004-01-12 00:00:00+09:00,2338.698157432579,2544.9248046875,2250.9421496319733,2544.9248046875,448560,0.0,0.0
2004-01-13 00:00:00+09:00,2707.273677383828,2707.273677383828,2505.4347145556085,2601.96630859375,327960,0.0,0.0
2004-01-14 00:00:00+09:00,2663.3956251208024,2663.3956251208024,2413.2910533825084,2496.6591796875,149940,0.0,0.0
2004-01-15 00:00:00+09:00,2483.496246619045,2637.0694484978007,2391.352518315153,2501.047607421875,178560,0.0,0.0
2004-01-16 00:00:00+09:00,2501.047607421875,2536.1499433808126,2338.6988215533847,2501.047607421875,83520,0.0,0.0
2004-01-19 00:00:00+09:00,2522.9859777148426,2540.537335086202,2391.35205078125,2391.35205078125,44280,0.0,0.0
2004-01-20 00:00:00+09:00,2307.9834519859755,2391.3517627838446,2281.6567083345276,2316.759033203125,40140,0.0,0.0
2004-01-21 00:00:00+09:00,2316.759033203125,2316.759033203125,2316.759033203125,2316.759033203125,0,0.0,0.0
2004-01-22 00:00:00+09:00,2316.759033203125,2316.759033203125,2316.759033203125,2316.759033203125,0,0.0,0.0
2004-01-23 00:00:00+09:00,2316.759033203125,2316.759033203125,2316.759033203125,2316.759033203125,0,0.0,0.0
2004-01-26 00:00:00+09:00,2281.6573900298367,2430.8427009403667,2281.6573900298367,2347.474365234375,58140,0.0,0.0
2004-01-27 00:00:00+09:00,2360.6371630955114,2365.0248573500244,2250.9421072064483,2281.65673828125,48600,0.0,0.0
2004-01-28 00:00:00+09:00,2343.0866670006876,2343.0866670006876,2062.2672131844156,2158.798828125,115380,0.0,0.0
2004-01-29 00:00:00+09:00,2268.4939372182444,2268.4939372182444,2150.023265145067,2233.3916015625,49500,0.0,0.0
2004-01-30 00:00:00+09:00,2229.0034549108104,2229.0034549108104,2132.4718502196342,2198.288818359375,38700,0.0,0.0
2004-02-02 00:00:00+09:00,2154.410857488512,2198.288771029181,2018.3890362774382,2079.818115234375,219600,0.0,0.0
2004-02-03 00:00:00+09:00,2071.0425841462757,2141.2474403845113,2040.3279474905887,2088.59375,28080,0.0,0.0
2004-02-04 00:00:00+09:00,2062.267180637532,2106.145291912595,2018.389262185823,2040.328125,82980,0.0,0.0
2004-02-05 00:00:00+09:00,2018.3891858997677,2136.8598504767538,2018.3891858997677,2101.75732421875,111600,0.0,0.0
2004-02-06 00:00:00+09:00,2110.5328037288245,2128.083969582549,2044.7158353656887,2088.59375,56520,0.0,0.0
2004-02-09 00:00:00+09:00,2158.798868908493,2158.798868908493,2101.75747653175,2128.084228515625,148320,0.0,0.0
2004-02-10 00:00:00+09:00,2088.59375,2141.2474403845113,2062.267001219413,2088.59375,59580,0.0,0.0
2004-02-11 00:00:00+09:00,2106.1451742281515,2136.859811839792,2088.5938150048255,2132.471923828125,34920,0.0,0.0
2004-02-12 00:00:00+09:00,2154.4102911367586,2325.534398195233,2112.7261396135605,2211.45166015625,224640,0.0,0.0
2004-02-13 00:00:00+09:00,2211.452096462324,2246.554424992631,2171.961880454068,2207.064208984375,64980,0.0,0.0
2004-02-16 00:00:00+09:00,2215.840176698478,2259.7180911783466,2193.901123046875,2193.901123046875,166140,0.0,0.0
2004-02-17 00:00:00+09:00,2207.0640077215016,2312.371369356052,2202.6763134669886,2281.65673828125,241380,0.0,0.0
2004-02-18 00:00:00+09:00,2281.6567608726573,2369.4127678881473,2237.7786609532595,2325.53466796875,235440,0.0,0.0
2004-02-19 00:00:00+09:00,2286.044432535763,2356.2492760176956,2237.7786387963038,2281.65673828125,228600,0.0,0.0
2004-02-20 00:00:00+09:00,2264.105575616593,2325.534644942894,2207.0640077215016,2281.65673828125,162540,0.0,0.0
2004-02-23 00:00:00+09:00,2286.0448554019067,2286.0448554019067,2229.0034697787637,2237.779052734375,47520,0.0,0.0
2004-02-24 00:00:00+09:00,2220.2278190319,2272.8815079812066,2150.022964707268,2185.12548828125,92160,0.0,0.0
2004-02-25 00:00:00+09:00,2185.125540150901,2229.0034546307697,2141.2474328476956,2193.901123046875,131760,0.0,0.0
2004-02-26 00:00:00+09:00,2215.840607629,2215.840607629,2130.2783203125,2130.2783203125,41760,0.0,0.0
2004-02-27 00:00:00+09:00,2106.1451012638004,2211.4522888388224,2075.430464716224,2193.901123046875,147060,0.0,0.0
2004-03-01 00:00:00+09:00,2193.901123046875,2193.901123046875,2193.901123046875,2193.901123046875,0,0.0,0.0
2004-03-02 00:00:00+09:00,2165.3801568346466,2242.1666420899933,2139.053218649781,2224.615478515625,221940,0.0,0.0
2004-03-03 00:00:00+09:00,2207.0642107112903,2365.0250748679096,2207.0642107112903,2312.37158203125,246600,0.0,0.0
2004-03-04 00:00:00+09:00,2338.6983466827983,2465.9445779317575,2321.1471822670774,2351.86181640625,389700,0.0,0.0
2004-03-05 00:00:00+09:00,2391.3518290269126,2483.495530771112,2321.1469845216666,2435.229736328125,193140,0.0,0.0
2004-03-08 00:00:00+09:00,2536.1493923890475,2540.537279842304,2373.800834614995,2386.964111328125,184860,0.0,0.0
2004-03-09 00:00:00+09:00,2334.3106867161487,2360.6374337313714,2290.4325822007863,2321.147216796875,174780,0.0,0.0
2004-03-10 00:00:00+09:00,2321.1470978736843,2487.8835394073917,2294.8203522073036,2378.1884765625,359460,0.0,0.0
2004-03-11 00:00:00+09:00,2312.371782372263,2514.210574713161,2312.371782372263,2457.169189453125,261000,0.0,0.0
2004-03-12 00:00:00+09:00,2413.290843912787,2474.719913239088,2163.186101059858,2281.65673828125,345420,0.0,0.0
2004-03-15 00:00:00+09:00,2325.534980128288,2404.515416326205,2307.9838149339357,2369.4130859375,208260,0.0,0.0
2004-03-16 00:00:00+09:00,2347.4738955420958,2386.964111328125,2303.59598512613,2386.964111328125,149940,0.0,0.0
2004-03-17 00:00:00+09:00,2426.454252697408,2672.1711219609024,2426.454252697408,2628.293212890625,1038420,0.0,0.0
2004-03-18 00:00:00+09:00,2628.29349346152,2764.3153153347093,2562.4763335951375,2597.578857421875,827460,0.0,0.0
2004-03-19 00:00:00+09:00,2623.905415627738,2751.151645533767,2623.905415627738,2720.43701171875,472140,0.0,0.0
2004-03-22 00:00:00+09:00,2720.43701171875,2808.1932185178375,2676.5591011425263,2720.43701171875,589680,0.0,0.0
2004-03-23 00:00:00+09:00,2742.3763891363815,2860.8470509981776,2694.1105853582435,2803.8056640625,667800,0.0,0.0
2004-03-24 00:00:00+09:00,2812.5808175053835,2812.5808175053835,2632.680908203125,2632.680908203125,458100,0.0,0.0
2004-03-25 00:00:00+09:00,2685.3348237994105,2720.4371540975303,2514.2104815377497,2588.80322265625,317520,0.0,0.0
2004-03-26 00:00:00+09:00,2641.4564138667242,2869.6221129949095,2632.680832302945,2764.31494140625,1042200,0.0,0.0
2004-03-29 00:00:00+09:00,2843.29556598071,2843.29556598071,2694.110283377896,2759.92724609375,393480,0.0,0.0
2004-03-30 00:00:00+09:00,2808.1934645513657,3089.0126953125,2808.1934645513657,3089.0126953125,1427220,0.0,0.0
2004-03-31 00:00:00+09:00,3246.973530984519,3457.587890625,3246.973530984519,3457.587890625,606420,0.0,0.0
2004-04-01 00:00:00+09:00,3870.041015625,3870.041015625,3637.4876162583487,3870.041015625,2640600,0.0,0.0
2004-04-02 00:00:00+09:00,3953.410593783045,4159.637120800042,3931.4715359051943,3949.022705078125,2237040,0.0,0.0
2004-04-05 00:00:00+09:00,3949.022705078125,3949.022705078125,3949.022705078125,3949.022705078125,0,0.0,0.0
2004-04-06 00:00:00+09:00,4032.389481682115,4300.045189668779,3852.489585475259,4085.04296875,1441800,0.0,0.0
2004-04-07 00:00:00+09:00,4058.7166751906666,4133.309609075383,3957.797572072507,3992.89990234375,568440,0.0,0.0
2004-04-08 00:00:00+09:00,3992.900586559539,4028.0029228458516,3751.5713497093716,3795.449462890625,757440,0.0,0.0
2004-04-09 00:00:00+09:00,3812.999996077427,4071.8803579609344,3777.8976656364985,3918.307373046875,996120,0.0,0.0
2004-04-12 00:00:00+09:00,3874.4292986100704,4102.594833974137,3839.326967884316,3997.287841796875,856980,0.0,0.0
2004-04-13 00:00:00+09:00,4036.7780863777107,4093.8194705875694,3817.387939453125,3817.387939453125,579600,0.0,0.0
2004-04-14 00:00:00+09:00,3755.958694818965,3861.2656884441676,3558.507599713373,3646.263427734375,466380,0.0,0.0
2004-04-15 00:00:00+09:00,3646.263427734375,3646.263427734375,3646.263427734375,3646.263427734375,0,0.0,0.0
2004-04-16 00:00:00+09:00,3646.2635077984114,3848.1024951486675,3562.895565759548,3720.8564453125,922320,0.0,0.0
2004-04-19 00:00:00+09:00,3755.958921438765,4164.0244140625,3755.958921438765,4164.0244140625,1334880,0.0,0.0
2004-04-20 00:00:00+09:00,4269.330869319927,4651.0693359375,4085.043081046423,4651.0693359375,1414260,0.0,0.0
2004-04-21 00:00:00+09:00,4716.887026962961,5199.54541015625,4651.06986953297,5199.54541015625,2246580,0.0,0.0
2004-04-22 00:00:00+09:00,5528.630585830466,5813.837890625,5089.850294906567,5813.837890625,2577780,0.0,0.0
2004-04-23 00:00:00+09:00,6055.166135387169,6384.251515524923,5506.6910160197485,5704.14208984375,1895040,0.0,0.0
2004-04-26 00:00:00+09:00,5769.959872336043,6296.495998081004,5594.447830421056,5791.89892578125,1230300,0.0,0.0
2004-04-27 00:00:00+09:00,5791.898267999513,5857.715035213701,5177.605998238457,5265.36181640625,782280,0.0,0.0
2004-04-28 00:00:00+09:00,5177.606183787028,5879.654296875,5111.789028567541,5879.654296875,1901520,0.0,0.0
2004-04-29 00:00:00+09:00,5748.020662420262,6274.556773832044,5177.6064453125,5177.6064453125,1753200,0.0,0.0
2004-04-30 00:00:00+09:00,5002.093592594808,5396.995708177382,4826.581584074397,5243.42236328125,1224720,0.0,0.0
2004-05-03 00:00:00+09:00,5221.484015107715,5484.751850970097,5111.788762126205,5287.30078125,624240,0.0,0.0
2004-05-04 00:00:00+09:00,5396.996305684596,5704.1422581881225,5396.996305684596,5440.8740234375,981900,0.0,0.0
2004-05-05 00:00:00+09:00,5440.8740234375,5440.8740234375,5440.8740234375,5440.8740234375,0,0.0,0.0
2004-05-06 00:00:00+09:00,5616.386903771151,5638.3255716474405,4804.64346600829,4826.58251953125,1177200,0.0,0.0
2004-05-07 00:00:00+09:00,4738.82561710446,5067.910600854509,4673.008466095804,4980.15478515625,708480,0.0,0.0
2004-05-10 00:00:00+09:00,4848.521655059354,5089.8508814420475,4387.802643579714,4409.74169921875,893160,0.0,0.0
2004-05-11 00:00:00+09:00,4387.80212585996,4563.314164616759,4168.411981002296,4330.7607421875,599940,0.0,0.0
2004-05-12 00:00:00+09:00,4519.435067247775,4848.52001953125,4453.617922532449,4848.52001953125,1089900,0.0,0.0
2004-05-13 00:00:00+09:00,4826.581818449335,5331.178819242517,4738.82561710446,4980.15478515625,1476000,0.0,0.0
2004-05-14 00:00:00+09:00,5133.728070587327,5309.240098527011,4541.3748316734045,4804.64306640625,701100,0.0,0.0
2004-05-17 00:00:00+09:00,4892.3985428673295,5089.8496085942315,4304.433232846468,4541.37451171875,700380,0.0,0.0
2004-05-18 00:00:00+09:00,4563.31407905382,5067.9111328125,4361.475103291685,5067.9111328125,1345140,0.0,0.0
2004-05-19 00:00:00+09:00,5155.666863318809,5440.873749777493,5067.910660933601,5287.30078125,1318500,0.0,0.0
2004-05-20 00:00:00+09:00,5177.606604605279,5199.54565812824,4694.948198393486,4826.58251953125,677520,0.0,0.0
2004-05-21 00:00:00+09:00,4980.155851910586,5067.911686406232,4848.521521697069,4958.216796875,485280,0.0,0.0
2004-05-24 00:00:00+09:00,5067.910116269093,5133.727260984419,4782.703260462503,4848.52001953125,545580,0.0,0.0
2004-05-25 00:00:00+09:00,4716.886892767495,4782.704048324987,4519.435811741661,4673.0087890625,450000,0.0,0.0
2004-05-26 00:00:00+09:00,4673.0087890625,4673.0087890625,4673.0087890625,4673.0087890625,0,0.0,0.0
2004-05-27 00:00:00+09:00,4892.39915656058,5133.728352864584,4738.826171875,4738.826171875,751860,0.0,0.0
2004-05-28 00:00:00+09:00,4892.399325245209,5024.033647211453,4694.948227942517,4914.33837890625,583560,0.0,0.0
2004-05-31 00:00:00+09:00,5024.033761487365,5440.874633588514,4980.1556531672395,5221.48486328125,1759140,0.0,0.0
2004-06-01 00:00:00+09:00,5331.178941235257,5484.751911456365,5155.666920175903,5396.99609375,1201140,0.0,0.0
2004-06-02 00:00:00+09:00,5375.056896819606,5418.93499730351,5177.605830288654,5309.23974609375,543600,0.0,0.0
2004-06-03 00:00:00+09:00,5396.996305320173,5484.752126466695,4673.008756216507,4804.64306640625,1179000,0.0,0.0
2004-06-04 00:00:00+09:00,4826.58278924683,4936.277677344851,4563.314517906206,4760.765625,542520,0.0,0.0
2004-06-07 00:00:00+09:00,4826.583149402339,5024.034271229767,4826.583149402339,5002.09521484375,488880,0.0,0.0
2004-06-08 00:00:00+09:00,5045.97214124616,5133.728352864584,4738.826171875,4738.826171875,591660,0.0,0.0
2004-06-09 00:00:00+09:00,4870.460792896424,4892.399848905722,4585.253836068971,4694.94873046875,306540,0.0,0.0
2004-06-10 00:00:00+09:00,4651.070091347564,4870.4602409305,4607.192369948314,4826.58251953125,388440,0.0,0.0
2004-06-11 00:00:00+09:00,4848.521655059354,4848.521655059354,4365.863587940677,4409.74169921875,452700,0.0,0.0
2004-06-14 00:00:00+09:00,4343.922829843844,4431.6790180068365,3883.20361328125,3883.20361328125,639720,0.0,0.0
2004-06-15 00:00:00+09:00,3883.2046381877904,3992.8999023437505,3676.978158609241,3992.89990234375,613080,0.0,0.0
2004-06-16 00:00:00+09:00,3953.4096002529186,4032.3900345059333,3536.568376623493,3576.05859375,520560,0.0,0.0
2004-06-17 00:00:00+09:00,3470.7511309359024,3554.119450663055,3290.851214657652,3378.607421875,777960,0.0,0.0
2004-06-18 00:00:00+09:00,3334.7293013677586,3540.9561558954983,3290.851197981435,3347.892578125,437400,0.0,0.0
2004-06-21 00:00:00+09:00,3378.607561523964,3554.119597566508,3317.1782910620745,3361.056396484375,432360,0.0,0.0
2004-06-22 00:00:00+09:00,3356.668640890239,3422.4858016134485,3124.1152129069083,3198.707763671875,610020,0.0,0.0
2004-06-23 00:00:00+09:00,3203.095139876247,3225.033997122955,2974.929443359375,2974.929443359375,824940,0.0,0.0
2004-06-24 00:00:00+09:00,3075.848837032177,3093.4001934123207,2917.8879793740725,2996.868408203125,570060,0.0,0.0
2004-06-25 00:00:00+09:00,2983.7051070938483,3225.0340860483634,2970.541638124216,3137.278076171875,1289340,0.0,0.0
2004-06-28 00:00:00+09:00,3176.7684444516863,3229.4221300626123,2834.519970038968,2939.8271484375,1266660,0.0,0.0
2004-06-29 00:00:00+09:00,2979.3175163594556,3181.156494140625,2913.500550607189,3181.156494140625,1378800,0.0,0.0
2004-06-30 00:00:00+09:00,3268.912126680156,3404.9343234911785,3203.095357642102,3299.626953125,1585980,0.0,0.0
2004-07-01 00:00:00+09:00,3339.1171688064874,3435.648764289385,3255.7488500018726,3299.626953125,1172880,0.0,0.0
2004-07-02 00:00:00+09:00,3268.9118833796583,3268.9118833796583,3084.6244810133944,3119.726806640625,637560,0.0,0.0
2004-07-05 00:00:00+09:00,3119.726806640625,3119.726806640625,3119.726806640625,3119.726806640625,0,0.0,0.0
2004-07-06 00:00:00+09:00,2961.765985505482,3036.358524626373,2887.1734463845914,2904.724609375,488880,0.0,0.0
2004-07-07 00:00:00+09:00,2637.0688073853653,2948.6026381639836,2637.0688073853653,2852.071044921875,1031400,0.0,0.0
2004-07-08 00:00:00+09:00,2852.07152017333,3027.5835721912754,2812.581298828125,2812.581298828125,635760,0.0,0.0
2004-07-09 00:00:00+09:00,2799.4176874437876,2931.051816286088,2786.2544095358935,2825.74462890625,439740,0.0,0.0
2004-07-12 00:00:00+09:00,2865.2345630545296,2913.500360499937,2724.824865309717,2751.151611328125,312840,0.0,0.0
2004-07-13 00:00:00+09:00,2659.0083136753256,2742.3764519945057,2641.4569541346086,2702.88623046875,386100,0.0,0.0
2004-07-14 00:00:00+09:00,2672.1714525553143,2698.498394077898,2439.618023653627,2457.169189453125,466200,0.0,0.0
2004-07-15 00:00:00+09:00,2501.0477078222702,2544.925629532349,2356.2500841205897,2522.986572265625,329400,0.0,0.0
2004-07-16 00:00:00+09:00,2474.7204073030744,2544.925264801011,2413.2913257128034,2465.94482421875,295740,0.0,0.0
2004-07-19 00:00:00+09:00,2391.3520342358934,2536.1494299903457,2360.637400077678,2461.556884765625,572760,0.0,0.0
2004-07-20 00:00:00+09:00,2457.169014248046,2531.7617528121837,2378.1885809585615,2391.35205078125,314460,0.0,0.0
2004-07-21 00:00:00+09:00,2444.005922226906,2496.6596168336982,2395.7401158470766,2487.884033203125,523620,0.0,0.0
2004-07-22 00:00:00+09:00,2444.0055456801374,2650.23240410707,2391.352052008997,2505.434814453125,643140,0.0,0.0
2004-07-23 00:00:00+09:00,2566.8641368124217,2601.966466659318,2505.434866757026,2514.21044921875,345600,0.0,0.0
2004-07-26 00:00:00+09:00,2479.1077420354127,2479.1077420354127,2272.881103515625,2272.881103515625,435960,0.0,0.0
2004-07-27 00:00:00+09:00,2281.6573047442926,2281.6573047442926,2150.0231664321805,2220.22802734375,181620,0.0,0.0
2004-07-28 00:00:00+09:00,2242.1669921875,2338.698599742524,2224.615825872649,2242.1669921875,376380,0.0,0.0
2004-07-29 00:00:00+09:00,2215.8402797218732,2259.7181962418044,2035.9403399317914,2062.26708984375,311400,0.0,0.0
2004-07-30 00:00:00+09:00,2167.5741815356164,2193.901123046875,2062.2669939605944,2193.901123046875,311040,0.0,0.0
2004-08-02 00:00:00+09:00,2189.5131883210474,2229.003406919316,2079.818115234375,2079.818115234375,137880,0.0,0.0
2004-08-03 00:00:00+09:00,2082.0123492614216,2128.0842131054205,2046.9100135371102,2068.848876953125,128340,0.0,0.0
2004-08-04 00:00:00+09:00,1992.0621449811774,2103.9511647395125,1976.704923065003,2088.59375,175680,0.0,0.0
2004-08-05 00:00:00+09:00,2136.8592517080797,2338.697998046875,2136.8592517080797,2338.697998046875,224460,0.0,0.0
2004-08-06 00:00:00+09:00,2338.698450435718,2522.98607062308,2338.698450435718,2369.4130859375,687420,0.0,0.0
2004-08-09 00:00:00+09:00,2408.9039744260976,2610.7430088022475,2325.5356273168054,2549.313720703125,570960,0.0,0.0
2004-08-10 00:00:00+09:00,2593.190937542651,2632.6811558444347,2518.598388671875,2518.598388671875,384480,0.0,0.0
2004-08-11 00:00:00+09:00,2597.5785809360077,2808.1931230086507,2544.924897212019,2632.680908203125,702900,0.0,0.0
2004-08-12 00:00:00+09:00,2606.35438780531,2729.2129294953907,2558.08858723373,2588.80322265625,462960,0.0,0.0
2004-08-13 00:00:00+09:00,2588.803296023458,2659.0081514326484,2461.5570558515938,2527.3740234375,276480,0.0,0.0
2004-08-16 00:00:00+09:00,2549.3130935698578,2830.13232421875,2531.7619278086777,2830.13232421875,830520,0.0,0.0
2004-08-17 00:00:00+09:00,2966.153994699806,3045.1344242294067,2812.5808301570746,2852.071044921875,1307880,0.0,0.0
2004-08-18 00:00:00+09:00,2821.356500430407,2948.6027305687676,2742.376068425678,2939.8271484375,465840,0.0,0.0
2004-08-19 00:00:00+09:00,2939.8270563077294,2983.705158412314,2852.071044921875,2852.071044921875,510840,0.0,0.0
2004-08-20 00:00:00+09:00,2816.9686849579416,2922.275858839897,2790.6417468699688,2882.78564453125,325980,0.0,0.0
2004-08-23 00:00:00+09:00,2948.6025168510223,2983.7050356551463,2852.070927580467,2904.724609375,349920,0.0,0.0
2004-08-24 00:00:00+09:00,2860.8469607124835,2904.7250679387707,2808.1934634289432,2830.13232421875,249840,0.0,0.0
2004-08-25 00:00:00+09:00,2852.0708444487695,2926.66357421875,2834.519681969939,2926.66357421875,271080,0.0,0.0
2004-08-26 00:00:00+09:00,2926.6637799350056,2970.5416892162757,2852.071044921875,2852.071044921875,277560,0.0,0.0
2004-08-27 00:00:00+09:00,2869.6224372629563,2887.1737951971304,2795.029889130202,2808.193359375,115020,0.0,0.0
2004-08-30 00:00:00+09:00,2808.1936028021573,2821.35688136468,2615.1301913772522,2659.00830078125,428580,0.0,0.0
2004-08-31 00:00:00+09:00,2501.047153494211,2676.5591870810586,2501.047153494211,2580.027587890625,419760,0.0,0.0
2004-09-01 00:00:00+09:00,2580.02764008172,2641.4567181034304,2549.3130046592,2588.80322265625,281520,0.0,0.0
2004-09-02 00:00:00+09:00,2601.966180834398,2654.619862644084,2536.14922318977,2544.9248046875,232560,0.0,0.0
2004-09-03 00:00:00+09:00,2527.373819536726,2777.478584702821,2527.373819536726,2720.43701171875,539280,0.0,0.0
2004-09-06 00:00:00+09:00,2808.193756423909,2895.949787209236,2724.8254211250014,2834.5205078125,420120,0.0,0.0
2004-09-07 00:00:00+09:00,2869.6225960394618,2869.6225960394618,2790.6421558473357,2838.907958984375,243000,0.0,0.0
2004-09-08 00:00:00+09:00,2878.397790490637,2983.705158412314,2799.4173609610366,2852.071044921875,410940,0.0,0.0
2004-09-09 00:00:00+09:00,2852.07120219821,2895.9493067224353,2786.254238235197,2878.39794921875,184320,0.0,0.0
2004-09-10 00:00:00+09:00,2904.7252029749466,3220.64697265625,2904.7252029749466,3220.64697265625,722340,0.0,0.0
2004-09-13 00:00:00+09:00,3356.6682993892414,3413.70967862074,3194.3195508437125,3334.729248046875,434520,0.0,0.0
2004-09-14 00:00:00+09:00,3334.729318266326,3404.934361169533,3220.6465574010867,3378.607421875,311040,0.0,0.0
2004-09-15 00:00:00+09:00,3378.6072004454127,3514.6290042002943,3317.1779365485922,3426.872802734375,411660,0.0,0.0
2004-09-16 00:00:00+09:00,3369.8321849272147,3475.1395732722444,3352.281017810827,3391.771240234375,176580,0.0,0.0
2004-09-17 00:00:00+09:00,3356.668278385854,3440.0365958358652,3264.524571841786,3286.463623046875,197100,0.0,0.0
2004-09-20 00:00:00+09:00,3273.300117502109,3597.997628092176,3185.5441013075833,3422.485595703125,370620,0.0,0.0
2004-09-21 00:00:00+09:00,3448.8125250954035,3532.1808556028636,3374.219970703125,3374.219970703125,142380,0.0,0.0
2004-09-22 00:00:00+09:00,3361.0568269316946,3396.1591615063944,3159.217824657111,3163.605712890625,167040,0.0,0.0
2004-09-23 00:00:00+09:00,3146.0543017737273,3264.525161100984,3124.115439431906,3159.2177734375,148860,0.0,0.0
2004-09-24 00:00:00+09:00,3159.2176968130307,3233.810251177407,3159.2176968130307,3220.64697265625,91260,0.0,0.0
2004-09-27 00:00:00+09:00,3220.64697265625,3220.64697265625,3220.64697265625,3220.64697265625,0,0.0,0.0
2004-09-28 00:00:00+09:00,3220.64697265625,3220.64697265625,3220.64697265625,3220.64697265625,0,0.0,0.0
2004-09-29 00:00:00+09:00,3220.64697265625,3220.64697265625,3220.64697265625,3220.64697265625,0,0.0,0.0
2004-09-30 00:00:00+09:00,3141.666069114024,3246.9734387667368,3128.5025997016055,3154.829345703125,75420,0.0,0.0
2004-10-01 00:00:00+09:00,3163.6053491952216,3194.3197920054035,2988.093118028956,3115.33935546875,252720,0.0,0.0
2004-10-04 00:00:00+09:00,3093.4009600433633,3457.5885618083603,3093.4009600433633,3413.71044921875,800460,0.0,0.0
2004-10-05 00:00:00+09:00,3488.3028878281243,3571.6712217175354,3426.873609469964,3510.241943359375,480240,0.0,0.0
2004-10-06 00:00:00+09:00,3554.119118679775,3641.8753176999894,3457.587531145503,3514.62890625,384840,0.0,0.0
2004-10-07 00:00:00+09:00,3514.628719228766,3584.833366191907,3382.994813349584,3444.424072265625,183960,0.0,0.0
2004-10-08 00:00:00+09:00,3422.485595703125,3488.302366819863,3343.505161845719,3422.485595703125,253260,0.0,0.0
2004-10-11 00:00:00+09:00,3361.056429791788,3453.2001435744196,3356.6685420767435,3448.812255859375,176220,0.0,0.0
2004-10-12 00:00:00+09:00,3448.811697434357,3488.3019091822566,3295.2387374473255,3321.565673828125,134460,0.0,0.0
2004-10-13 00:00:00+09:00,3321.565987102666,3321.565987102666,3018.807539931812,3268.912109375,248400,0.0,0.0
2004-10-14 00:00:00+09:00,3233.809814453125,3290.851194536987,3137.278218492233,3233.809814453125,133560,0.0,0.0
2004-10-15 00:00:00+09:00,3115.339713615383,3194.3201592318105,3115.339713615383,3163.605712890625,82260,0.0,0.0
2004-10-18 00:00:00+09:00,3163.605712890625,3431.261496081094,3163.605712890625,3163.605712890625,84960,0.0,0.0
2004-10-19 00:00:00+09:00,3189.932180806781,3264.5249243950843,3167.993127232378,3198.707763671875,67500,0.0,0.0
2004-10-20 00:00:00+09:00,3159.2177734375,3194.3201074430945,2939.827607432485,3159.2177734375,160200,0.0,0.0
2004-10-21 00:00:00+09:00,3194.3197920054035,3194.3197920054035,3097.7881901991227,3115.33935546875,88920,0.0,0.0
2004-10-22 00:00:00+09:00,3058.297939027449,3181.1564802397024,3031.97119140625,3031.97119140625,89280,0.0,0.0
2004-10-25 00:00:00+09:00,2983.7050866833238,3110.951309774949,2821.3563441872416,3093.400146484375,127440,0.0,0.0
2004-10-26 00:00:00+09:00,3093.3999868930164,3124.1146174785795,2988.092626935858,3071.4609375,79200,0.0,0.0
2004-10-27 00:00:00+09:00,3075.8491406890594,3115.339359002176,2983.705426507341,3001.256591796875,94140,0.0,0.0
2004-10-28 00:00:00+09:00,3036.358744704764,3062.685683921887,2856.4590217787973,2939.8271484375,158040,0.0,0.0
2004-10-29 00:00:00+09:00,2939.827376957704,2970.542013216327,2830.1323025550037,2895.949462890625,101160,0.0,0.0
2004-11-01 00:00:00+09:00,2856.4591216613535,3097.788120768128,2764.315216826043,3062.685791015625,190080,0.0,0.0
2004-11-02 00:00:00+09:00,2777.4784084919293,3062.68548402468,2777.4784084919293,2944.21484375,95760,0.0,0.0
2004-11-03 00:00:00+09:00,2970.5416092831724,3005.644128586943,2917.887926739171,2983.705078125,85320,0.0,0.0
2004-11-04 00:00:00+09:00,3040.7465090701,3040.7465090701,2944.21491671115,2992.480712890625,46620,0.0,0.0
2004-11-05 00:00:00+09:00,2974.9295697253924,3093.4002137477755,2974.9295697253924,3036.358642578125,63540,0.0,0.0
2004-11-08 00:00:00+09:00,3010.031897069811,3400.5463493046927,2988.0928460678924,3036.358642578125,89640,0.0,0.0
2004-11-09 00:00:00+09:00,3093.400658563692,3093.400658563692,2988.093275741121,3027.58349609375,55620,0.0,0.0
2004-11-10 00:00:00+09:00,3027.582921654538,3058.2975530815274,2979.3171273616413,3045.13427734375,40680,0.0,0.0
2004-11-11 00:00:00+09:00,3005.6450279882592,3080.237590491777,3005.6450279882592,3049.52294921875,45540,0.0,0.0
2004-11-12 00:00:00+09:00,3075.848838487557,3290.85107421875,3053.9099804427938,3290.85107421875,208080,0.0,0.0
2004-11-15 00:00:00+09:00,3312.790829224826,3584.834500777603,3255.7494391022574,3510.241943359375,319500,0.0,0.0
2004-11-16 00:00:00+09:00,3523.404691459885,3751.570192593388,3510.2410301776085,3619.936279296875,600660,0.0,0.0
2004-11-17 00:00:00+09:00,3707.6914193899443,4054.327880859375,3690.1402598486047,4054.327880859375,1056600,0.0,0.0
2004-11-18 00:00:00+09:00,4076.2669266976836,4133.308291618671,3909.5303325851532,4054.327880859375,600840,0.0,0.0
2004-11-19 00:00:00+09:00,4080.6558184398887,4124.533925074512,3878.817222084627,3970.9609375,388800,0.0,0.0
2004-11-22 00:00:00+09:00,3962.185336712898,3962.185336712898,3663.814738339676,3773.510009765625,331380,0.0,0.0
2004-11-23 00:00:00+09:00,3777.897837433782,3896.3684972942838,3690.1416216941457,3874.429443359375,349020,0.0,0.0
2004-11-24 00:00:00+09:00,3848.1023826251,3874.4293236629837,3755.9586674625075,3817.387939453125,298440,0.0,0.0
2004-11-25 00:00:00+09:00,3839.3263404473146,4085.0430010183272,3839.3263404473146,4058.716064453125,676440,0.0,0.0
2004-11-26 00:00:00+09:00,4058.717294722804,4089.432127633521,3773.5103356759673,3905.144287109375,393840,0.0,0.0
2004-11-29 00:00:00+09:00,3905.14254724438,3905.14254724438,3791.059814453125,3791.059814453125,142020,0.0,0.0
2004-11-30 00:00:00+09:00,3777.89783164974,3834.9392175345,3619.936952077579,3729.6318359375,181800,0.0,0.0
2004-12-01 00:00:00+09:00,3685.7538430109316,3795.4491159364693,3663.814788425824,3786.67333984375,173160,0.0,0.0
2004-12-02 00:00:00+09:00,3826.1635086620695,3861.265841259699,3694.5295685976157,3773.510009765625,169380,0.0,0.0
2004-12-03 00:00:00+09:00,3791.0610418199303,3791.0610418199303,3672.590384263058,3685.753662109375,121500,0.0,0.0
2004-12-06 00:00:00+09:00,3681.366225871939,3861.265773698741,3628.7123422501,3729.6318359375,593820,0.0,0.0
2004-12-07 00:00:00+09:00,3685.7536525768105,3769.121978563438,3501.466220618306,3532.1806640625,193320,0.0,0.0
2004-12-08 00:00:00+09:00,3532.1806640625,3554.1197175140687,3374.219787728541,3532.1806640625,194940,0.0,0.0
2004-12-09 00:00:00+09:00,3536.5685035772963,3567.282946601971,3290.851416793233,3404.9345703125,208260,0.0,0.0
2004-12-10 00:00:00+09:00,3378.6073507316073,3444.4245047587056,3264.524592268611,3334.729248046875,136980,0.0,0.0
2004-12-13 00:00:00+09:00,3251.3609591203667,3334.7292778367796,3163.6051386135928,3189.931884765625,142380,0.0,0.0
2004-12-14 00:00:00+09:00,3203.09565151609,3378.6076944646425,3185.544292962566,3198.707763671875,354780,0.0,0.0
2004-12-15 00:00:00+09:00,3194.3199331937117,3361.056589094891,3194.3199331937117,3356.668701171875,355680,0.0,0.0
2004-12-16 00:00:00+09:00,3374.219603613977,3492.6902544000855,3356.668438939737,3422.485595703125,224100,0.0,0.0
2004-12-17 00:00:00+09:00,3369.8318026549455,3549.7317272485293,3330.341584711151,3400.546630859375,171720,0.0,0.0
2004-12-20 00:00:00+09:00,3339.117063257842,3378.6072776910537,3225.034114437835,3290.85107421875,139140,0.0,0.0
2004-12-21 00:00:00+09:00,3273.3001875640307,3330.341570387891,3238.197857464218,3246.9736328125,83160,0.0,0.0
2004-12-22 00:00:00+09:00,3273.3001363652666,3290.8513011406494,3203.095477263735,3251.361083984375,127800,0.0,0.0
2004-12-23 00:00:00+09:00,3238.197877314145,3273.3002076291327,3124.115110967105,3181.156494140625,76860,0.0,0.0
2004-12-24 00:00:00+09:00,3268.9119809476024,3426.872836631441,3141.6659503392993,3203.09521484375,872460,0.0,0.0
2004-12-27 00:00:00+09:00,3185.543858682971,3207.482909266462,3137.278063093277,3203.09521484375,86940,0.0,0.0
2004-12-28 00:00:00+09:00,3128.502617587565,3203.0953542533002,3110.95145348621,3189.931884765625,99720,0.0,0.0
2004-12-29 00:00:00+09:00,3115.33914809989,3189.931884765625,3115.33914809989,3189.931884765625,73620,0.0,0.0
2004-12-30 00:00:00+09:00,3154.8294019880755,3378.607421875,3154.8294019880755,3378.607421875,109620,0.0,0.0
2004-12-31 00:00:00+09:00,3378.607421875,3378.607421875,3378.607421875,3378.607421875,0,0.0,0.0
2005-01-03 00:00:00+09:00,3418.0974981725212,3418.0974981725212,3321.565905570152,3396.158447265625,175140,0.0,0.0
2005-01-04 00:00:00+09:00,3400.547051349829,3562.8958308930596,3378.6079958185783,3510.241943359375,322380,0.0,0.0
2005-01-05 00:00:00+09:00,3510.2416106109313,3554.1197175140687,3475.1392793470895,3532.1806640625,198720,0.0,0.0
2005-01-06 00:00:00+09:00,3545.343355637131,3707.6920929456815,3505.8531430835164,3619.936279296875,622080,0.0,0.0
2005-01-07 00:00:00+09:00,3576.05753000663,4054.327880859375,3576.05753000663,4054.327880859375,1315980,0.0,0.0
2005-01-10 00:00:00+09:00,4282.495401838486,4519.436748163444,4212.290729881486,4256.16845703125,1328940,0.0,0.0
2005-01-11 00:00:00+09:00,4269.3315877630985,4387.80224609375,4032.3902711017963,4387.80224609375,794700,0.0,0.0
2005-01-12 00:00:00+09:00,4365.862932326519,4431.680089359978,4146.472794528303,4234.22900390625,519120,0.0,0.0
2005-01-13 00:00:00+09:00,4177.187830378967,4431.68071950282,4150.861272339518,4300.04638671875,588600,0.0,0.0
2005-01-14 00:00:00+09:00,4278.107065224112,4387.8023357228585,4207.90240062226,4374.638671875,378540,0.0,0.0
2005-01-17 00:00:00+09:00,4475.55819486391,4585.25346605846,4339.536367100015,4453.619140625,691920,0.0,0.0
2005-01-18 00:00:00+09:00,4475.557164993483,4607.191460136576,4304.4330440833755,4365.8623046875,355860,0.0,0.0
2005-01-19 00:00:00+09:00,4361.473602469565,4370.249374764034,4243.002990373369,4321.9833984375,242820,0.0,0.0
2005-01-20 00:00:00+09:00,4260.556152492603,4278.107319687014,4058.7171512868204,4251.78076171875,329760,0.0,0.0
2005-01-21 00:00:00+09:00,4172.799255326265,4295.657394442802,4172.799255326265,4243.00390625,302400,0.0,0.0
2005-01-24 00:00:00+09:00,4282.495050896369,4286.882938945783,4058.7170024898433,4076.2685546875,530820,0.0,0.0
2005-01-25 00:00:00+09:00,4076.268470449048,4093.819636637309,3773.509985996509,3839.3271484375,390780,0.0,0.0
2005-01-26 00:00:00+09:00,3935.859120020092,3962.1856789187427,3795.449391855989,3905.144287109375,427860,0.0,0.0
2005-01-27 00:00:00+09:00,3874.429043248923,3997.2875783381996,3843.714216653284,3861.265380859375,209700,0.0,0.0
2005-01-28 00:00:00+09:00,3694.5301736005067,3984.1250434239864,3694.5301736005067,3949.022705078125,243180,0.0,0.0
2005-01-31 00:00:00+09:00,3949.021604942247,4014.838760240165,3891.980224609375,3891.980224609375,250740,0.0,0.0
2005-02-01 00:00:00+09:00,3922.6949796810677,4058.7168030004855,3874.4293704498796,3944.634033203125,309420,0.0,0.0
2005-02-02 00:00:00+09:00,4023.613899076219,4023.613899076219,3900.75537109375,3900.75537109375,138060,0.0,0.0
2005-02-03 00:00:00+09:00,3940.2458126101046,3984.1239159486518,3861.265380859375,3861.265380859375,145260,0.0,0.0
2005-02-04 00:00:00+09:00,3931.4712316547443,3931.4712316547443,3870.041951480029,3905.144287109375,149400,0.0,0.0
2005-02-07 00:00:00+09:00,3949.02120245022,4085.0430010183272,3927.082152920318,4058.716064453125,204120,0.0,0.0
2005-02-08 00:00:00+09:00,4058.716064453125,4058.716064453125,4058.716064453125,4058.716064453125,0,0.0,0.0
2005-02-09 00:00:00+09:00,4058.716064453125,4058.716064453125,4058.716064453125,4058.716064453125,0,0.0,0.0
2005-02-10 00:00:00+09:00,4058.716064453125,4058.716064453125,4058.716064453125,4058.716064453125,0,0.0,0.0
2005-02-11 00:00:00+09:00,4063.104588327434,4300.045897611928,4063.104588327434,4291.2705078125,623160,0.0,0.0
2005-02-14 00:00:00+09:00,4339.534557379915,4387.80053370645,4264.942035463019,4321.9833984375,528840,0.0,0.0
2005-02-15 00:00:00+09:00,4387.802275912636,4541.375266870843,4300.046060709846,4475.55810546875,625680,0.0,0.0
2005-02-16 00:00:00+09:00,4563.314262902392,5002.094562068265,4497.49710233351,4826.58251953125,2012940,0.0,0.0
2005-02-17 00:00:00+09:00,4892.399247898118,5024.03356778327,4629.13137942115,4716.88720703125,949680,0.0,0.0
2005-02-18 00:00:00+09:00,4694.947840914998,4738.825944619992,4453.61865618417,4673.0087890625,350100,0.0,0.0
2005-02-21 00:00:00+09:00,4673.009144870524,4892.399294453461,4519.436155856471,4826.58251953125,516600,0.0,0.0
2005-02-22 00:00:00+09:00,4760.76558153729,4870.460468633868,4278.107152760289,4343.92431640625,518580,0.0,0.0
2005-02-23 00:00:00+09:00,4264.943787022936,4519.436274674673,4212.290288571547,4374.638671875,255240,0.0,0.0
2005-02-24 00:00:00+09:00,4409.7395787960995,4453.617283328875,4321.9833984375,4321.9833984375,259560,0.0,0.0
2005-02-25 00:00:00+09:00,4291.270523826053,4387.80212585996,4273.71935851504,4330.7607421875,217260,0.0,0.0
2005-02-28 00:00:00+09:00,4519.435263374514,4563.313361755545,4361.474417720078,4365.8623046875,259020,0.0,0.0
2005-03-01 00:00:00+09:00,4365.8623046875,4365.8623046875,4365.8623046875,4365.8623046875,0,0.0,0.0
2005-03-02 00:00:00+09:00,4365.862174315774,4629.13037109375,4300.045028709634,4629.13037109375,406800,0.0,0.0
2005-03-03 00:00:00+09:00,4694.94771392088,4716.8867651799455,4563.3137920131185,4607.19189453125,255240,0.0,0.0
2005-03-04 00:00:00+09:00,4607.191576047447,4716.886439113207,4497.49632733508,4563.3134765625,254880,0.0,0.0
2005-03-07 00:00:00+09:00,4651.0701943485155,4826.582626419038,4343.924209518462,4585.25341796875,735300,0.0,0.0
2005-03-08 00:00:00+09:00,4651.070134408732,4651.070134408732,4111.370723945863,4168.412109375,535140,0.0,0.0
2005-03-09 00:00:00+09:00,4190.351163101081,4264.943714381747,3997.2879530875875,4168.412109375,216000,0.0,0.0
2005-03-10 00:00:00+09:00,4080.655479960566,4212.2897889457245,4001.675048828125,4001.675048828125,423000,0.0,0.0
2005-03-11 00:00:00+09:00,3962.184901398256,4111.370377017601,3962.184901398256,4036.77783203125,160020,0.0,0.0
2005-03-14 00:00:00+09:00,3992.8996983499346,4229.8409940456895,3992.8996983499346,4185.962890625,151560,0.0,0.0
2005-03-15 00:00:00+09:00,4185.963468394491,4251.780632609969,4019.226806640625,4019.226806640625,123840,0.0,0.0
2005-03-16 00:00:00+09:00,3949.0223888652454,4019.2270599354197,3830.551717199288,3865.654052734375,136260,0.0,0.0
2005-03-17 00:00:00+09:00,3870.041617232449,3870.041617232449,3773.510009765625,3773.510009765625,104940,0.0,0.0
2005-03-18 00:00:00+09:00,3795.4478932817947,3830.5502150515294,3685.7526556931657,3712.07958984375,86940,0.0,0.0
2005-03-21 00:00:00+09:00,3580.4466471892406,3769.1219663563274,3562.895481614163,3751.57080078125,126540,0.0,0.0
2005-03-22 00:00:00+09:00,3738.408070013686,3891.9810805013467,3738.408070013686,3795.449462890625,100980,0.0,0.0
2005-03-23 00:00:00+09:00,3751.5713497093716,3874.4299123581904,3751.5713497093716,3795.449462890625,100080,0.0,0.0
2005-03-24 00:00:00+09:00,3808.612342363255,3905.1439498300783,3646.263572040861,3773.510009765625,100620,0.0,0.0
2005-03-25 00:00:00+09:00,3747.1825871190526,3953.4094395743027,3747.1825871190526,3887.59228515625,84780,0.0,0.0
2005-03-28 00:00:00+09:00,3909.5313366289342,3944.6336647265744,3848.1020696347455,3887.59228515625,79560,0.0,0.0
2005-03-29 00:00:00+09:00,3817.3867472690094,3870.040227254232,3764.7328816372406,3791.059814453125,75240,0.0,0.0
2005-03-30 00:00:00+09:00,3755.9574944629767,3812.998860858604,3707.691515241613,3791.059814453125,46620,0.0,0.0
2005-03-31 00:00:00+09:00,3839.3271484375,3909.5318131905437,3795.449040143506,3839.3271484375,73080,0.0,0.0
2005-04-01 00:00:00+09:00,3777.89746394363,3918.3071638578704,3777.89746394363,3891.980224609375,61380,0.0,0.0
2005-04-04 00:00:00+09:00,3918.307082227071,4049.9410044339124,3918.307082227071,4028.001953125,100080,0.0,0.0
2005-04-05 00:00:00+09:00,4028.001953125,4028.001953125,4028.001953125,4028.001953125,0,0.0,0.0
2005-04-06 00:00:00+09:00,4036.777727907218,4076.267943133934,3966.572686589372,4028.001953125,99900,0.0,0.0
2005-04-07 00:00:00+09:00,4014.838971511711,4080.655744626442,3975.3487533842076,4032.39013671875,58500,0.0,0.0
2005-04-08 00:00:00+09:00,4041.164877218996,4063.103926614589,4010.450439453125,4010.450439453125,77760,0.0,0.0
2005-04-11 00:00:00+09:00,3970.9606081195698,4028.001987754484,3953.4094440508757,4001.675048828125,25200,0.0,0.0
2005-04-12 00:00:00+09:00,3957.7982788269132,3992.9006153664727,3887.593220101066,3922.695556640625,45000,0.0,0.0
2005-04-13 00:00:00+09:00,3896.368896025398,3949.0223994694175,3891.98100766005,3905.144287109375,21780,0.0,0.0
2005-04-14 00:00:00+09:00,3839.327172924638,3949.0220587125714,3782.2854003906245,3782.285400390625,36540,0.0,0.0
2005-04-15 00:00:00+09:00,3712.0803195960293,3747.182648266478,3558.507342427835,3597.99755859375,175320,0.0,0.0
2005-04-18 00:00:00+09:00,3510.2411972528835,3514.6290845558237,3207.4829508726993,3290.85107421875,102780,0.0,0.0
2005-04-19 00:00:00+09:00,3334.7294561016633,3453.20010935388,3334.7294561016633,3361.056396484375,57240,0.0,0.0
2005-04-20 00:00:00+09:00,3404.9344144959873,3576.0585584739106,3404.9344144959873,3497.078125,52200,0.0,0.0
2005-04-21 00:00:00+09:00,3361.056580481404,3501.4662941313336,3356.668692569633,3461.97607421875,48600,0.0,0.0
2005-04-22 00:00:00+09:00,3488.302734375,3549.7320100308393,3470.75156785143,3488.302734375,53280,0.0,0.0
2005-04-25 00:00:00+09:00,3339.116923055899,3576.058199706541,3339.116923055899,3479.526611328125,17460,0.0,0.0
2005-04-26 00:00:00+09:00,3483.9147947345373,3510.241348392464,3387.3828125,3387.3828125,68940,0.0,0.0
2005-04-27 00:00:00+09:00,3422.485385483226,3466.363101650393,3343.504956477049,3396.158447265625,142380,0.0,0.0
2005-04-28 00:00:00+09:00,3413.7100341843593,3466.363531502316,3343.50537109375,3343.50537109375,24300,0.0,0.0
2005-04-29 00:00:00+09:00,3260.1370151691094,3321.566287645217,3159.2175236474095,3273.30029296875,74160,0.0,0.0
2005-05-02 00:00:00+09:00,3273.3001875640307,3334.7294580620323,3242.585745138359,3246.9736328125,34740,0.0,0.0
2005-05-03 00:00:00+09:00,3225.0342010356026,3431.260860521772,3225.0342010356026,3365.444091796875,68940,0.0,0.0
2005-05-04 00:00:00+09:00,3497.0787860096652,3519.017842304471,3378.60811340575,3413.71044921875,36900,0.0,0.0
2005-05-05 00:00:00+09:00,3413.7104492187495,3413.7104492187495,3413.7104492187495,3413.71044921875,0,0.0,0.0
2005-05-06 00:00:00+09:00,3483.914830197552,3519.0171591965245,3435.6488385889807,3457.587890625,31140,0.0,0.0
2005-05-09 00:00:00+09:00,3505.8536392149713,3545.3438573570506,3422.4857008624294,3448.812255859375,65880,0.0,0.0
2005-05-10 00:00:00+09:00,3488.302192451656,3519.0170183312352,3475.138916015625,3475.138916015625,34200,0.0,0.0
2005-05-11 00:00:00+09:00,3470.751841326555,3470.751841326555,3374.2202250174446,3413.71044921875,22140,0.0,0.0
2005-05-12 00:00:00+09:00,3378.6076294008744,3444.424788856605,3378.6076294008744,3404.9345703125,24300,0.0,0.0
2005-05-13 00:00:00+09:00,3409.322140318409,3501.4662425207125,3356.6686430932873,3466.363525390625,36000,0.0,0.0
2005-05-16 00:00:00+09:00,3510.2416325682293,3532.1806861570317,3426.8733060601157,3466.363525390625,66240,0.0,0.0
2005-05-17 00:00:00+09:00,3483.9152100892416,3707.69287109375,3483.9152100892416,3707.69287109375,205020,0.0,0.0
2005-05-18 00:00:00+09:00,3685.7537281348605,3729.6318359375005,3597.9978981762592,3729.6318359375,69300,0.0,0.0
2005-05-19 00:00:00+09:00,3764.734078550891,3861.2656820371526,3751.57080078125,3751.57080078125,136980,0.0,0.0
2005-05-20 00:00:00+09:00,3795.44906435079,3795.44906435079,3690.1416809028933,3782.285400390625,32580,0.0,0.0
2005-05-23 00:00:00+09:00,3751.57088983882,3861.265773698741,3729.6318359375005,3729.6318359375,83160,0.0,0.0
2005-05-24 00:00:00+09:00,3685.7537281348605,3760.3466656580194,3663.8146742335402,3729.6318359375,36180,0.0,0.0
2005-05-25 00:00:00+09:00,3734.019715521978,3909.531760694549,3729.6318276221614,3834.939208984375,154080,0.0,0.0
2005-05-26 00:00:00+09:00,3839.327067498882,4014.839111328125,3834.939179632649,4014.839111328125,74880,0.0,0.0
2005-05-27 00:00:00+09:00,4080.6553702528795,4080.6553702528795,3962.18472673928,3975.348388671875,42120,0.0,0.0
2005-05-30 00:00:00+09:00,3949.022369376308,4001.6758724190863,3949.022369376308,3979.73681640625,59760,0.0,0.0
2005-05-31 00:00:00+09:00,3979.737154719067,4014.8398787116766,3927.0836472002748,3949.022705078125,28440,0.0,0.0
2005-06-01 00:00:00+09:00,3949.0223369316104,3957.7981135233304,3839.3274434153823,3852.49072265625,113580,0.0,0.0
2005-06-02 00:00:00+09:00,3861.2661453249607,3984.1247047381603,3852.4907543078552,3979.73681640625,91080,0.0,0.0
2005-06-03 00:00:00+09:00,3953.409838140889,4067.492608782896,3927.0828965901665,4014.839111328125,220140,0.0,0.0
2005-06-06 00:00:00+09:00,4014.839111328125,4014.839111328125,4014.839111328125,4014.839111328125,0,0.0,0.0
2005-06-07 00:00:00+09:00,3905.1438139927563,3997.2879159147315,3905.1438139927563,3944.634033203125,165060,0.0,0.0
2005-06-08 00:00:00+09:00,3931.4715359051943,4019.227381769848,3909.532478027344,3949.022705078125,397260,0.0,0.0
2005-06-09 00:00:00+09:00,4010.451231064565,4282.494880233276,4010.451231064565,4168.412109375,641700,0.0,0.0
2005-06-10 00:00:00+09:00,4168.412289030777,4234.229453045693,4085.043958407889,4124.5341796875,76140,0.0,0.0
2005-06-13 00:00:00+09:00,4128.920905249662,4190.350163905447,4058.7158729373723,4063.103759765625,78840,0.0,0.0
2005-06-14 00:00:00+09:00,4036.7785641247206,4124.534401892333,3997.2883407176164,4045.553955078125,74160,0.0,0.0
2005-06-15 00:00:00+09:00,3975.349245715899,4080.65625,3953.4101900783676,4080.65625,73080,0.0,0.0
2005-06-16 00:00:00+09:00,4102.593941485333,4102.593941485333,4019.225634912824,4098.2060546875,35820,0.0,0.0
2005-06-17 00:00:00+09:00,4102.594797546906,4115.7584606871815,4028.0022490053248,4032.39013671875,29880,0.0,0.0
2005-06-20 00:00:00+09:00,4054.3285382443114,4054.3285382443114,3957.796952291661,4010.450439453125,29700,0.0,0.0
2005-06-21 00:00:00+09:00,3975.348114678816,4080.655089001744,3905.143079483598,4010.450439453125,74880,0.0,0.0
2005-06-22 00:00:00+09:00,3992.9005011074632,4010.451668875007,3826.1638288457225,3865.654052734375,130860,0.0,0.0
2005-06-23 00:00:00+09:00,3870.0414358822254,3905.1437668349586,3782.285222853724,3817.387939453125,170100,0.0,0.0
2005-06-24 00:00:00+09:00,3817.388143235194,3839.3271976634833,3685.753816665461,3707.69287109375,152100,0.0,0.0
2005-06-27 00:00:00+09:00,3624.3242705160774,3716.4683693574416,3597.99771568711,3628.712158203125,95400,0.0,0.0
2005-06-28 00:00:00+09:00,3597.9972421007556,3751.57020576011,3597.9972421007556,3734.01904296875,65880,0.0,0.0
2005-06-29 00:00:00+09:00,3742.793835231761,3799.8355872739353,3742.793835231761,3791.059814453125,51840,0.0,0.0
2005-06-30 00:00:00+09:00,3795.448830856963,3918.307373046875,3795.448830856963,3918.307373046875,90000,0.0,0.0
2005-07-01 00:00:00+09:00,3949.0211712563478,4102.594131105961,3931.470008900386,4085.04296875,122940,0.0,0.0
2005-07-04 00:00:00+09:00,4124.534361275064,4124.534361275064,3957.7980783352155,4080.65625,55440,0.0,0.0
2005-07-05 00:00:00+09:00,4080.6560570902234,4098.20722364119,4019.226781338497,4076.2685546875,54180,0.0,0.0
2005-07-06 00:00:00+09:00,4041.166440146806,4247.393352836022,4041.166440146806,4221.06640625,137700,0.0,0.0
2005-07-07 00:00:00+09:00,4124.5337251888395,4225.453211298983,4115.758335675194,4194.73876953125,91080,0.0,0.0
2005-07-08 00:00:00+09:00,4194.739218141539,4194.739218141539,4076.2685546875,4076.2685546875,164700,0.0,0.0
2005-07-11 00:00:00+09:00,4115.757760950175,4387.801353878016,4115.757760950175,4365.8623046875,333180,0.0,0.0
2005-07-12 00:00:00+09:00,4365.863370954903,4453.619203502828,4308.82198338708,4343.92431640625,119520,0.0,0.0
2005-07-13 00:00:00+09:00,4387.802608574797,4387.802608574797,4146.473384117375,4300.04638671875,179280,0.0,0.0
2005-07-14 00:00:00+09:00,4216.677704740582,4387.80224609375,4216.677704740582,4387.80224609375,178380,0.0,0.0
2005-07-15 00:00:00+09:00,4343.924976122437,4519.43705352017,4221.06640625,4221.06640625,117180,0.0,0.0
2005-07-18 00:00:00+09:00,4221.0656069295865,4221.0656069295865,4102.59494819676,4168.412109375,42840,0.0,0.0
2005-07-19 00:00:00+09:00,4124.53431750089,4256.168264282324,4124.53431750089,4251.78076171875,52740,0.0,0.0
2005-07-20 00:00:00+09:00,4216.678919367932,4475.559364252147,4216.678919367932,4313.2109375,172080,0.0,0.0
2005-07-21 00:00:00+09:00,4453.619051668052,4541.375266870843,4374.638612244212,4475.55810546875,272520,0.0,0.0
2005-07-22 00:00:00+09:00,4361.475162526918,4541.375088093287,4357.087274810178,4519.43603515625,252000,0.0,0.0
2005-07-25 00:00:00+09:00,4541.374740754053,4651.069611402749,4431.679870105357,4607.19189453125,145620,0.0,0.0
2005-07-26 00:00:00+09:00,4519.43612367926,4651.070058233154,4453.618963578979,4497.4970703125,108720,0.0,0.0
2005-07-27 00:00:00+09:00,4497.49712870509,4607.192396963105,4374.638582514784,4387.80224609375,171180,0.0,0.0
2005-07-28 00:00:00+09:00,4475.557321906519,4694.947435856897,4409.740557674033,4651.0693359375,183060,0.0,0.0
2005-07-29 00:00:00+09:00,4563.313966242082,4826.5822057559135,4563.313966242082,4782.7041015625,265500,0.0,0.0
2005-08-01 00:00:00+09:00,4782.704019831897,5045.971869200154,4782.704019831897,5024.033203125,335700,0.0,0.0
2005-08-02 00:00:00+09:00,5024.033961981758,5024.033961981758,4826.582852308182,4958.216796875,73260,0.0,0.0
2005-08-03 00:00:00+09:00,4826.58251953125,5089.850390513436,4826.58251953125,4826.58251953125,138780,0.0,0.0
2005-08-04 00:00:00+09:00,4738.826335264599,4914.33837890625,4585.253345283989,4914.33837890625,127800,0.0,0.0
2005-08-05 00:00:00+09:00,4914.337549807275,4914.337549807275,4651.0693359375,4651.0693359375,57060,0.0,0.0
2005-08-08 00:00:00+09:00,4563.314363959935,4738.826410383777,4563.314363959935,4585.25341796875,82620,0.0,0.0
2005-08-09 00:00:00+09:00,4541.37417695223,4673.008082517926,4541.37417695223,4629.13037109375,95220,0.0,0.0
2005-08-10 00:00:00+09:00,4651.069960256576,4804.643330588818,4629.131292998632,4738.826171875,289260,0.0,0.0
2005-08-11 00:00:00+09:00,5002.094906946172,5045.972631370646,4826.582852308182,4958.216796875,292680,0.0,0.0
2005-08-12 00:00:00+09:00,5045.972941969061,5067.911998355078,4892.399932913667,5002.09521484375,106560,0.0,0.0
2005-08-15 00:00:00+09:00,5002.09521484375,5002.09521484375,5002.09521484375,5002.09521484375,0,0.0,0.0
2005-08-16 00:00:00+09:00,5089.851054741094,5111.790111127111,4980.156158457733,5002.09521484375,120780,0.0,0.0
2005-08-17 00:00:00+09:00,4870.460115520804,5616.386759154557,4870.460115520804,5484.75244140625,400320,0.0,0.0
2005-08-18 00:00:00+09:00,5594.447165647603,5594.447165647603,5287.300839558763,5396.99609375,66240,0.0,0.0
2005-08-19 00:00:00+09:00,5265.362853034377,5484.753020116647,5265.362853034377,5462.81396484375,98280,0.0,0.0
2005-08-22 00:00:00+09:00,5418.9356681787585,5506.691494364301,5353.118509304605,5484.75244140625,92880,0.0,0.0
2005-08-23 00:00:00+09:00,5506.690901566399,5506.690901566399,5155.666863318809,5287.30078125,237420,0.0,0.0
2005-08-24 00:00:00+09:00,5440.874633588514,5440.874633588514,5024.033761487365,5221.48486328125,243540,0.0,0.0
2005-08-25 00:00:00+09:00,5111.789312412705,5572.508653238455,5067.911206496602,5484.75244140625,471780,0.0,0.0
2005-08-26 00:00:00+09:00,5462.813435035358,5638.325474549882,5462.813435035358,5594.44775390625,168660,0.0,0.0
2005-08-29 00:00:00+09:00,5572.508114809355,5572.508114809355,5265.3617887205155,5396.99609375,76500,0.0,0.0
2005-08-30 00:00:00+09:00,5331.179367591595,5726.08154296875,5331.179367591595,5726.08154296875,263880,0.0,0.0
2005-08-31 00:00:00+09:00,5550.569292070843,5901.593348614829,5550.569292070843,5879.654296875,81900,0.0,0.0
2005-09-01 00:00:00+09:00,5879.65463425163,6647.520332266131,5879.65463425163,6230.6787109375,164160,0.0,0.0
2005-09-02 00:00:00+09:00,6055.16732725918,6581.7034992153285,6055.16732725918,6515.88671875,199260,0.0,0.0
2005-09-05 00:00:00+09:00,6493.947265625,6581.7027052278745,6274.5567383845255,6493.947265625,80640,0.0,0.0
2005-09-06 00:00:00+09:00,6296.495385837969,6559.763615934759,6296.495385837969,6450.068359375,66420,0.0,0.0
2005-09-07 00:00:00+09:00,6472.00830078125,6625.581295439151,6406.191523440256,6472.00830078125,174240,0.0,0.0
2005-09-08 00:00:00+09:00,6515.885522343821,6669.45849609375,6515.885522343821,6669.45849609375,139140,0.0,0.0
2005-09-09 00:00:00+09:00,6713.336630313372,6713.336630313372,6362.3125784798995,6537.82421875,64440,0.0,0.0
2005-09-12 00:00:00+09:00,6406.191005681075,6581.702654836369,6252.617637788547,6384.251953125,107820,0.0,0.0
2005-09-13 00:00:00+09:00,6318.434475589056,6537.82421875,6230.67826980737,6537.82421875,81720,0.0,0.0
2005-09-14 00:00:00+09:00,6537.82421875,6581.702321640843,6406.190681370742,6537.82421875,57600,0.0,0.0
2005-09-15 00:00:00+09:00,6493.947215905377,6559.763987926948,6274.556690344622,6384.251953125,46080,0.0,0.0
2005-09-16 00:00:00+09:00,6450.0683683167235,6669.45849609375,5923.532293039838,6669.45849609375,149040,0.0,0.0
2005-09-19 00:00:00+09:00,6669.45849609375,6669.45849609375,6669.45849609375,6669.45849609375,0,0.0,0.0
2005-09-20 00:00:00+09:00,6757.214692095695,6757.214692095695,6450.068359375,6450.068359375,19620,0.0,0.0
2005-09-21 00:00:00+09:00,6406.1906512786245,6713.336598778483,6406.1906512786245,6669.45849609375,47340,0.0,0.0
2005-09-22 00:00:00+09:00,6669.45849609375,6669.45849609375,6493.946856648089,6669.45849609375,44460,0.0,0.0
2005-09-23 00:00:00+09:00,6713.33740234375,6757.215510280553,6450.069140369612,6713.33740234375,51840,0.0,0.0
2005-09-26 00:00:00+09:00,6713.337050445134,6801.09326171875,6669.458944808327,6801.09326171875,78660,0.0,0.0
2005-09-27 00:00:00+09:00,6844.97117613341,6932.7266136621565,6735.275529459205,6823.03173828125,53640,0.0,0.0
2005-09-28 00:00:00+09:00,6823.03209228136,6823.03209228136,6581.702891146478,6735.27587890625,26100,0.0,0.0
2005-09-29 00:00:00+09:00,6625.580078125,6844.970581108772,6625.580078125,6625.580078125,38700,0.0,0.0
2005-09-30 00:00:00+09:00,6735.275717616879,6801.09326171875,6603.642171999775,6801.09326171875,80640,0.0,0.0
2005-10-03 00:00:00+09:00,6801.09326171875,6801.09326171875,6801.09326171875,6801.09326171875,0,0.0,0.0
2005-10-04 00:00:00+09:00,6888.849105262677,6954.665874557902,6844.971001968101,6866.90966796875,51840,0.0,0.0
2005-10-05 00:00:00+09:00,6757.21484375,6844.971050967349,6625.580532923977,6757.21484375,55260,0.0,0.0
2005-10-06 00:00:00+09:00,6669.458636532652,6757.21484375,6537.82432570663,6757.21484375,33120,0.0,0.0
2005-10-07 00:00:00+09:00,6757.215317896696,6779.153985593805,6581.702891146478,6735.27587890625,88020,0.0,0.0
2005-10-10 00:00:00+09:00,6647.519566549211,7174.055235280569,6625.580130431016,7086.2998046875,130320,0.0,0.0
2005-10-11 00:00:00+09:00,7174.054967759826,7437.323563601447,7020.48200583215,7327.6279296875,89100,0.0,0.0
2005-10-12 00:00:00+09:00,7327.62883512153,7415.385044578947,6888.849330421053,7152.1171875,87660,0.0,0.0
2005-10-13 00:00:00+09:00,7152.116953736853,7239.873160326005,6779.153461379598,6866.90966796875,127620,0.0,0.0
2005-10-14 00:00:00+09:00,6888.849162851112,7415.384864201125,6888.849162851112,7195.9951171875,276660,0.0,0.0
2005-10-17 00:00:00+09:00,7283.751501686125,7393.446377861244,7086.300416053589,7152.1171875,163440,0.0,0.0
2005-10-18 00:00:00+09:00,7064.361372314063,7152.117586669272,6932.72705078125,6932.72705078125,168120,0.0,0.0
2005-10-19 00:00:00+09:00,6779.1535099076955,6932.7264868914135,6515.885659548934,6757.21484375,117540,0.0,0.0
2005-10-20 00:00:00+09:00,6625.579561479715,6932.725470413335,6581.7014643044595,6888.84814453125,125100,0.0,0.0
2005-10-21 00:00:00+09:00,6801.093071722387,6932.7266136621565,6669.458758489321,6823.03173828125,101520,0.0,0.0
2005-10-24 00:00:00+09:00,6976.604718073178,6976.604718073178,6625.580654078299,6823.03173828125,87300,0.0,0.0
2005-10-25 00:00:00+09:00,6757.215156081942,6910.788140164109,6625.580839171519,6801.09326171875,109080,0.0,0.0
2005-10-26 00:00:00+09:00,6713.336552386853,6844.970859531409,6713.336552386853,6779.1533203125,52920,0.0,0.0
2005-10-27 00:00:00+09:00,6823.032772584202,7217.935000853299,6757.215991637157,7020.48388671875,125460,0.0,0.0
2005-10-28 00:00:00+09:00,6801.091766760581,6976.603379435021,6801.091766760581,6910.78662109375,43920,0.0,0.0
2005-10-31 00:00:00+09:00,6910.786807472293,6998.543001822804,6669.457658654971,6888.84814453125,27180,0.0,0.0
2005-11-01 00:00:00+09:00,6757.216045692049,7371.508062894317,6713.337934278542,7217.93505859375,222480,0.0,0.0
2005-11-02 00:00:00+09:00,7217.93312312329,7239.87255859375,7064.360160002923,7239.87255859375,61200,0.0,0.0
2005-11-03 00:00:00+09:00,7239.873396957417,7415.385044578947,7108.239082771292,7152.1171875,44640,0.0,0.0
2005-11-04 00:00:00+09:00,7086.300243680688,7261.811887032931,7086.300243680688,7195.9951171875,29700,0.0,0.0
2005-11-07 00:00:00+09:00,7195.996262552193,7217.934932228152,6976.605709325561,7130.1787109375,47700,0.0,0.0
2005-11-08 00:00:00+09:00,7327.62995148081,7327.62995148081,7020.483942879676,7217.93505859375,26640,0.0,0.0
2005-11-09 00:00:00+09:00,7349.56742206641,7349.56742206641,7042.421495825677,7239.87255859375,41040,0.0,0.0
2005-11-10 00:00:00+09:00,7064.360961550327,7568.958007812501,7064.360961550327,7568.9580078125,106740,0.0,0.0
2005-11-11 00:00:00+09:00,7568.957934576053,7568.957934576053,7174.055768053941,7393.4462890625,38700,0.0,0.0
2005-11-14 00:00:00+09:00,7415.384012859598,7415.384012859598,7020.481896538162,7283.75048828125,174060,0.0,0.0
2005-11-15 00:00:00+09:00,7327.629823194765,7349.569264164132,6976.605709325561,7130.1787109375,45000,0.0,0.0
2005-11-16 00:00:00+09:00,7086.3013715855805,7195.996262552193,7042.423260940254,7130.1787109375,39600,0.0,0.0
2005-11-17 00:00:00+09:00,7130.178414858712,7195.995963740349,7020.483528447151,7108.23974609375,48780,0.0,0.0
2005-11-18 00:00:00+09:00,7020.482702541973,7327.628656878362,7020.482702541973,7195.9951171875,95760,0.0,0.0
2005-11-21 00:00:00+09:00,7195.994403059898,7547.018426222185,7108.238204446025,7327.6279296875,84240,0.0,0.0
2005-11-22 00:00:00+09:00,7590.89892578125,7612.83759672515,7459.264586237489,7590.89892578125,112140,0.0,0.0
2005-11-23 00:00:00+09:00,7678.655008432062,7963.86158183218,7590.898783711978,7810.28857421875,95040,0.0,0.0
2005-11-24 00:00:00+09:00,7832.227339592032,7832.227339592032,7547.02001953125,7547.02001953125,55800,0.0,0.0
2005-11-25 00:00:00+09:00,7393.4480875424615,7941.923366542289,7393.4480875424615,7612.837890625,29880,0.0,0.0
2005-11-28 00:00:00+09:00,7810.287623091614,7810.287623091614,7371.50732421875,7371.50732421875,38880,0.0,0.0
2005-11-29 00:00:00+09:00,7393.446978610722,7678.654296875,7195.995876934431,7678.654296875,74160,0.0,0.0
2005-11-30 00:00:00+09:00,7503.141000255006,7876.1044921875,7503.141000255006,7876.1044921875,67320,0.0,0.0
2005-12-01 00:00:00+09:00,7722.531633875627,7810.2878504636155,6757.215565287857,7678.654296875,99360,0.0,0.0
2005-12-02 00:00:00+09:00,7678.6539854205,7700.592653030958,7261.812359181787,7634.77587890625,116460,0.0,0.0
2005-12-05 00:00:00+09:00,7634.775550398559,7634.775550398559,7459.263131893472,7568.9580078125,17640,0.0,0.0
2005-12-06 00:00:00+09:00,7459.264339105258,7766.410349904552,7261.813221978079,7744.4716796875,112680,0.0,0.0
2005-12-07 00:00:00+09:00,7634.775966318474,7744.470848213355,7371.50732421875,7371.50732421875,63900,0.0,0.0
2005-12-08 00:00:00+09:00,7481.203111422999,7612.836663537561,6954.666589084677,7459.263671875,101160,0.0,0.0
2005-12-09 00:00:00+09:00,7525.079197961893,8534.273967201307,7525.079197961893,8424.5791015625,895140,0.0,0.0
2005-12-12 00:00:00+09:00,8424.580405055201,8994.99425741018,7985.800103316492,8775.6044921875,187020,0.0,0.0
2005-12-13 00:00:00+09:00,8709.786945586016,8775.6044921875,8358.762858453718,8775.6044921875,65160,0.0,0.0
2005-12-14 00:00:00+09:00,8556.212215850876,8775.602707756032,8556.212215850876,8731.724609375,35280,0.0,0.0
2005-12-15 00:00:00+09:00,8731.72521185016,8753.663876907813,8380.701171875,8380.701171875,39240,0.0,0.0
2005-12-16 00:00:00+09:00,7985.801015971899,8380.703255538712,7985.801015971899,8139.3740234375,58500,0.0,0.0
2005-12-19 00:00:00+09:00,8095.495013409797,8336.82421875,7898.043915521753,8336.82421875,164160,0.0,0.0
2005-12-20 00:00:00+09:00,8314.882999320256,8534.273489613759,8073.554616937183,8292.9443359375,133380,0.0,0.0
2005-12-21 00:00:00+09:00,8292.946890161998,8424.581224881425,8205.190667015713,8358.763671875,77400,0.0,0.0
2005-12-22 00:00:00+09:00,8358.761288088564,8358.761288088564,8051.615365963147,8117.43212890625,27720,0.0,0.0
2005-12-23 00:00:00+09:00,8117.4313107256085,8468.456067823176,7854.1635141955585,8205.1875,38340,0.0,0.0
2005-12-26 00:00:00+09:00,8183.251228314117,8468.45854110648,8117.433681489201,8336.82421875,71460,0.0,0.0
2005-12-27 00:00:00+09:00,8227.130052559305,8643.97095273228,8051.617607459051,8161.3125,57420,0.0,0.0
2005-12-28 00:00:00+09:00,8161.312782984057,8512.3369140625,7854.1667647020995,8512.3369140625,63000,0.0,0.0
2005-12-29 00:00:00+09:00,8271.008450621994,8687.849365248445,8271.008450621994,8512.3369140625,44100,0.0,0.0
2006-01-02 00:00:00+09:00,8512.336551581453,8643.970884365523,8358.763548980078,8600.0927734375,16740,0.0,0.0
2006-01-03 00:00:00+09:00,8556.21353122447,8731.72595173067,8380.701882011579,8665.9091796875,27180,0.0,0.0
2006-01-04 00:00:00+09:00,8512.336076242987,9521.531028646112,8512.336076242987,8907.23828125,87660,0.0,0.0
2006-01-05 00:00:00+09:00,8907.237927157958,9214.384674292605,8907.237927157958,8994.994140625,34740,0.0,0.0
2006-01-06 00:00:00+09:00,8863.359293204598,9104.6876879435,8863.359293204598,9082.7490234375,22320,0.0,0.0
2006-01-09 00:00:00+09:00,9082.749911923254,9740.919938298188,9082.749911923254,9324.0791015625,95940,0.0,0.0
2006-01-10 00:00:00+09:00,9367.957206159936,9850.615585438427,9126.62801652069,9324.0791015625,87480,0.0,0.0
2006-01-11 00:00:00+09:00,9258.261424658403,9280.200089164402,8819.481192899373,9082.7490234375,27360,0.0,0.0
2006-01-12 00:00:00+09:00,8841.420979525836,9038.8720703125,8775.604206361388,9038.8720703125,49680,0.0,0.0
2006-01-13 00:00:00+09:00,8819.482659426667,9258.262964147267,8819.482659426667,8951.1162109375,11520,0.0,0.0
2006-01-16 00:00:00+09:00,9038.87311142432,9038.87311142432,8600.0927734375,8600.0927734375,21780,0.0,0.0
2006-01-17 00:00:00+09:00,8490.397881764147,9126.629333280367,8490.397881764147,8600.0927734375,110160,0.0,0.0
2006-01-18 00:00:00+09:00,8512.334054937817,8731.72454523132,7503.1401134672615,8292.9443359375,68040,0.0,0.0
2006-01-19 00:00:00+09:00,8249.067484367633,8490.396674510335,7985.799627527095,8468.4580078125,130320,0.0,0.0
2006-01-20 00:00:00+09:00,8600.091550586118,8687.847759964063,8205.189379678659,8468.4580078125,24120,0.0,0.0
2006-01-23 00:00:00+09:00,7941.921245374545,8446.518274728889,7678.653397731686,7854.1650390625,92700,0.0,0.0
2006-01-24 00:00:00+09:00,7898.043791118421,7985.800004640479,7283.751839050695,7503.1416015625,131040,0.0,0.0
2006-01-25 00:00:00+09:00,7722.531364074305,7722.531364074305,7261.81240002351,7503.1416015625,68760,0.0,0.0
2006-01-26 00:00:00+09:00,7634.776236672009,7634.776236672009,7437.325133751987,7547.02001953125,15660,0.0,0.0
2006-01-27 00:00:00+09:00,7744.470780790865,7941.921875,7503.141579947108,7941.921875,36180,0.0,0.0
2006-01-31 00:00:00+09:00,7898.042923759481,8161.310764120379,7898.042923759481,8007.73779296875,9720,0.0,0.0
2006-02-01 00:00:00+09:00,7788.346659249806,8007.736358364171,7678.651809692624,7766.4072265625,50580,0.0,0.0
2006-02-02 00:00:00+09:00,7788.349903685448,7876.106128405532,7503.142558991893,7810.28857421875,53280,0.0,0.0
2006-02-03 00:00:00+09:00,7810.2871220388215,7854.165226240533,7239.873310003156,7393.4462890625,64620,0.0,0.0
2006-02-06 00:00:00+09:00,7064.361060938323,7634.775657811678,7064.361060938323,7349.568359375,79740,0.0,0.0
2006-02-07 00:00:00+09:00,7349.567250570424,7525.078873772621,7174.054856075032,7283.75048828125,63900,0.0,0.0
2006-02-08 00:00:00+09:00,7393.446198017076,7590.897278846653,7195.9951171875,7195.9951171875,59040,0.0,0.0
2006-02-09 00:00:00+09:00,7195.996511488631,7415.386301011369,7152.118399325396,7305.69140625,44460,0.0,0.0
2006-02-10 00:00:00+09:00,7283.752735815099,7547.020637501072,7195.996511488631,7305.69140625,43560,0.0,0.0
2006-02-13 00:00:00+09:00,7327.6291333064955,7656.714546516708,7239.873691571329,7634.77587890625,80280,0.0,0.0
2006-02-14 00:00:00+09:00,7547.017869709211,7963.8586254476895,7547.017869709211,7700.5908203125,54000,0.0,0.0
2006-02-15 00:00:00+09:00,7941.923525911951,8117.4352176412585,7722.532947133446,7898.04541015625,42300,0.0,0.0
2006-02-16 00:00:00+09:00,7744.472390658045,7963.862198143053,7656.716159146643,7898.04541015625,19980,0.0,0.0
2006-02-17 00:00:00+09:00,8073.557873179055,8073.557873179055,7810.289178644848,7898.04541015625,19800,0.0,0.0
2006-02-20 00:00:00+09:00,8117.433350381333,8117.433350381333,7810.287382037965,7985.7998046875,28440,0.0,0.0
2006-02-21 00:00:00+09:00,8117.433668063527,8314.884765625,7898.043902458934,8314.884765625,29880,0.0,0.0
2006-02-22 00:00:00+09:00,8380.700723265067,8380.700723265067,7678.652680894629,8117.43212890625,55260,0.0,0.0
2006-02-23 00:00:00+09:00,8117.434389281748,9126.629406090595,8117.434389281748,8819.4833984375,138060,0.0,0.0
2006-02-24 00:00:00+09:00,8819.482765342535,8907.238210305852,8687.84844095751,8709.787109375,34380,0.0,0.0
2006-02-27 00:00:00+09:00,8709.787178746494,9411.836143098246,8709.787178746494,8907.23828125,239940,0.0,0.0
2006-02-28 00:00:00+09:00,8994.993519778329,9346.017578125,8885.298646162486,9346.017578125,468180,0.0,0.0
2006-03-02 00:00:00+09:00,9346.01820080573,9543.469294986791,9104.688999996288,9433.7744140625,81360,0.0,0.0
2006-03-03 00:00:00+09:00,9543.468675069447,9543.468675069447,8994.993534782081,9367.95703125,173520,0.0,0.0
2006-03-06 00:00:00+09:00,9236.323507422727,9565.408928170938,9214.384839309743,9411.8359375,129420,0.0,0.0
2006-03-07 00:00:00+09:00,9411.83441420781,9499.58984375,9214.38334797473,9499.58984375,191520,0.0,0.0
2006-03-08 00:00:00+09:00,9280.200488281249,10311.333961567307,8951.11510748558,9872.5537109375,664380,0.0,0.0
2006-03-09 00:00:00+09:00,9784.799865827334,10004.1904296875,9433.775734944511,10004.1904296875,66240,0.0,0.0
2006-03-10 00:00:00+09:00,9916.431813129806,10048.066119706726,9718.980738911056,9872.5537109375,87480,0.0,0.0
2006-03-13 00:00:00+09:00,9718.980738911056,9960.309915322112,9587.346432334136,9872.5537109375,82080,0.0,0.0
2006-03-14 00:00:00+09:00,9784.79902040626,9850.6165695243,9587.3479156389,9762.8603515625,35100,0.0,0.0
2006-03-15 00:00:00+09:00,9718.980732306682,9806.73693663166,9455.712890625,9455.712890625,50400,0.0,0.0
2006-03-16 00:00:00+09:00,9455.713156571108,9653.16423620908,9324.078846381364,9609.2861328125,25920,0.0,0.0
2006-03-17 00:00:00+09:00,9477.651822622758,9653.16423620908,9411.835053174525,9609.2861328125,40500,0.0,0.0
2006-03-20 00:00:00+09:00,9828.674328493154,9828.674328493154,9543.467087039984,9697.0400390625,14940,0.0,0.0
2006-03-21 00:00:00+09:00,9653.166162716994,10421.031197168815,9653.166162716994,10223.580078125,74520,0.0,0.0
2006-03-22 00:00:00+09:00,10245.517486099512,10245.517486099512,9872.553992475641,10048.06640625,47160,0.0,0.0
2006-03-23 00:00:00+09:00,11057.260263480392,11057.260263480392,9912.044021905636,10070.0048828125,32700,0.0,1.8
2006-03-24 00:00:00+09:00,9754.083047031878,10188.4754094503,9675.102617501254,9833.0634765625,21400,0.0,0.0
2006-03-27 00:00:00+09:00,9635.613297193877,10030.515481505101,9635.613297193877,9675.103515625,6700,0.0,0.0
2006-03-28 00:00:00+09:00,9635.614350818452,9991.026355561757,9635.614350818452,9951.5361328125,4100,0.0,0.0
2006-03-29 00:00:00+09:00,10109.49632352941,11215.22248391544,10109.49632352941,10741.33984375,118800,0.0,0.0
2006-03-30 00:00:00+09:00,10938.790943818934,10938.790943818934,10504.39852366728,10741.33984375,43700,0.0,0.0
2006-03-31 00:00:00+09:00,10899.299891570285,11215.22162755783,10820.3194575734,11096.7509765625,19000,0.0,0.0
2006-04-03 00:00:00+09:00,11136.240150067446,11649.612922942895,10978.279296875,10978.279296875,17600,0.0,0.0
2006-04-04 00:00:00+09:00,10978.27933872768,11215.220619419644,10899.298911830358,11057.259765625,19400,0.0,0.0
2006-04-05 00:00:00+09:00,11057.259723471223,11254.71078996178,10701.84780378822,10978.279296875,20200,0.0,0.0
2006-04-06 00:00:00+09:00,10978.28116383272,10978.28116383272,10504.39852366728,10741.33984375,26700,0.0,0.0
2006-04-07 00:00:00+09:00,10543.888743681066,10741.33984375,10385.927863625919,10741.33984375,16400,0.0,0.0
2006-04-10 00:00:00+09:00,10504.397533275464,10701.84861472801,10188.475802951389,10662.3583984375,17200,0.0,0.0
2006-04-11 00:00:00+09:00,10662.35830630896,10662.35830630896,10306.94636276533,10464.9072265625,17100,0.0,0.0
2006-04-12 00:00:00+09:00,10188.476722235131,10662.359360478626,10188.476722235131,10622.869140625,25100,0.0,0.0
2006-04-13 00:00:00+09:00,10820.319189085996,10899.29962112312,10464.907244918937,10504.3974609375,26400,0.0,0.0
2006-04-14 00:00:00+09:00,10741.33977059925,10741.33977059925,10346.437573150748,10543.888671875,17000,0.0,0.0
2006-04-17 00:00:00+09:00,10385.926812881813,10622.868108993185,10227.965948807565,10504.3974609375,37400,0.0,0.0
2006-04-18 00:00:00+09:00,10504.398377862595,10543.888597328245,10109.496183206107,10346.4375,66600,0.0,0.0
2006-04-19 00:00:00+09:00,10346.43736104249,10346.43736104249,9991.025390625,9991.025390625,70700,0.0,0.0
2006-04-20 00:00:00+09:00,9793.573202489837,9951.534060594513,9319.690628175813,9714.5927734375,64700,0.0,0.0
2006-04-21 00:00:00+09:00,9477.651486280487,9951.534060594513,9477.651486280487,9714.5927734375,69300,0.0,0.0
2006-04-24 00:00:00+09:00,9675.103515625,9793.574170918368,9280.201331313776,9675.103515625,69500,0.0,0.0
2006-04-25 00:00:00+09:00,9398.671986607143,9714.593734056121,9398.671986607143,9675.103515625,49200,0.0,0.0
2006-04-26 00:00:00+09:00,9635.613297193877,10070.005699936224,9635.613297193877,9675.103515625,83900,0.0,0.0
2006-04-27 00:00:00+09:00,9833.065357349536,9833.065357349536,9517.143578800155,9596.1240234375,27400,0.0,0.0
2006-04-28 00:00:00+09:00,9596.122998046876,9714.59365234375,9280.201253255209,9477.65234375,29900,0.0,0.0
2006-05-02 00:00:00+09:00,9201.220817057292,9517.14256184896,9201.220817057292,9477.65234375,36000,0.0,0.0
2006-05-03 00:00:00+09:00,9438.161328909388,10227.965624215612,9280.200469848141,9833.0634765625,80200,0.0,0.0
2006-05-04 00:00:00+09:00,9833.064530019685,10227.966719980315,9635.61343503937,10030.515625,65600,0.0,0.0
2006-05-08 00:00:00+09:00,10030.51648149334,10030.51648149334,9635.6142578125,9635.6142578125,36000,0.0,0.0
2006-05-09 00:00:00+09:00,9556.632779947917,9635.613216145834,9398.671907552083,9477.65234375,13000,0.0,0.0
2006-05-10 00:00:00+09:00,9596.12298149843,9596.12298149843,9280.20123725157,9438.162109375,20900,0.0,0.0
2006-05-11 00:00:00+09:00,9319.692332300647,9398.67277579472,9161.7314453125,9161.7314453125,31500,0.0,0.0
2006-05-12 00:00:00+09:00,9003.76859714674,9319.690302309784,8924.788170855978,9082.7490234375,24100,0.0,0.0
2006-05-15 00:00:00+09:00,8924.789931551031,8924.789931551031,8371.926838446101,8608.8681640625,52800,0.0,0.0
2006-05-16 00:00:00+09:00,8687.846347845874,8687.846347845874,7937.532345077367,8134.9833984375,83900,0.0,0.0
2006-05-17 00:00:00+09:00,8134.983491443452,8648.356236049107,8056.003069196428,8292.9443359375,62100,0.0,0.0
2006-05-18 00:00:00+09:00,7977.024512186004,8292.946275044857,7850.655807042464,8253.4560546875,45600,0.0,0.0
2006-05-19 00:00:00+09:00,8292.946422230114,9477.653053977272,8134.985537997159,8687.8486328125,136000,0.0,0.0
2006-05-22 00:00:00+09:00,8687.84750884434,8845.80837264151,8253.455133402122,8371.92578125,46800,0.0,0.0
2006-05-23 00:00:00+09:00,8292.946370442709,8687.848578559027,8056.005045572916,8529.8876953125,56400,0.0,0.0
2006-05-24 00:00:00+09:00,8450.907267065093,8766.82903405818,8450.907267065093,8569.3779296875,40200,0.0,0.0
2006-05-25 00:00:00+09:00,8529.88560267857,8608.866024925595,8292.9443359375,8292.9443359375,19300,0.0,0.0
2006-05-26 00:00:00+09:00,8332.432744367734,8529.883757267442,8332.432744367734,8490.3935546875,14000,0.0,0.0
2006-05-29 00:00:00+09:00,8450.906137319711,8648.35721529447,8213.96484375,8213.96484375,19700,0.0,0.0
2006-05-30 00:00:00+09:00,8056.006868335308,8332.4384765625,7890.147903398993,8332.4384765625,37800,0.0,0.0
2006-05-31 00:00:00+09:00,8332.4384765625,8332.4384765625,8332.4384765625,8332.4384765625,0,0.0,0.0
2006-06-01 00:00:00+09:00,8095.49328031994,8371.924758184523,7898.042224702381,8292.9443359375,31300,0.0,0.0
2006-06-02 00:00:00+09:00,8174.474628155048,8292.945274939904,8056.003981370192,8213.96484375,8300,0.0,0.0
2006-06-05 00:00:00+09:00,8056.005918027402,8529.888619087838,7858.554792585554,7890.14697265625,26900,0.0,0.0
2006-06-07 00:00:00+09:00,7724.286385533147,7724.286385533147,7108.239005091853,7416.2626953125,107000,0.0,0.0
2006-06-08 00:00:00+09:00,7274.096864532854,7274.096864532854,6744.928037254133,6926.5830078125,71100,0.0,0.0
2006-06-09 00:00:00+09:00,6926.582642458626,7890.143739813189,6673.845305447593,7874.34765625,75700,0.0,0.0
2006-06-12 00:00:00+09:00,7542.629901423019,7874.34765625,7242.5043137224175,7874.34765625,49000,0.0,0.0
2006-06-13 00:00:00+09:00,7479.447559590243,7605.81626175861,6966.07470703125,6966.07470703125,46000,0.0,0.0
2006-06-14 00:00:00+09:00,6816.01128552552,7100.340840889273,6792.317155911874,6934.48193359375,58100,0.0,0.0
2006-06-15 00:00:00+09:00,6958.176584054758,7108.239416173987,6436.905693535332,7013.462890625,62800,0.0,0.0
2006-06-16 00:00:00+09:00,7037.156816075212,7171.423556673729,6705.438986361229,6989.7685546875,68200,0.0,0.0
2006-06-19 00:00:00+09:00,6808.1136731432625,6942.380416117086,6002.513215300324,6081.49365234375,102500,0.0,0.0
2006-06-20 00:00:00+09:00,6081.49311344798,6081.49311344798,5181.1162109375,5181.1162109375,214000,0.0,0.0
2006-06-21 00:00:00+09:00,5299.587929233285,5797.1647392805235,4888.889609829215,5094.23876953125,446100,0.0,0.0
2006-06-22 00:00:00+09:00,5236.40248828125,5236.40248828125,4683.53948046875,4936.27685546875,494100,0.0,0.0
2006-06-23 00:00:00+09:00,4794.1124606092435,4975.767463235295,4699.3359375,4699.3359375,263000,0.0,0.0
2006-06-26 00:00:00+09:00,4707.233624793046,4896.786656663908,4699.3355817984275,4770.41796875,192000,0.0,0.0
2006-06-27 00:00:00+09:00,4802.009952557755,4952.0727635751855,4770.417781817244,4786.2138671875,180600,0.0,0.0
2006-06-28 00:00:00+09:00,4738.826234879032,4754.622322328629,4612.457535282258,4651.94775390625,124000,0.0,0.0
2006-06-29 00:00:00+09:00,4730.927791632736,4873.092566673453,4707.233662459284,4849.3984375,152300,0.0,0.0
2006-06-30 00:00:00+09:00,5031.053915405274,5070.544134521485,4920.481301879883,5054.748046875,191500,0.0,0.0
2006-07-03 00:00:00+09:00,4975.767608642578,5054.748046875,4896.787170410156,5054.748046875,93600,0.0,0.0
2006-07-04 00:00:00+09:00,5070.544276494566,5560.223007246377,5070.544276494566,5449.650390625,280300,0.0,0.0
2006-07-05 00:00:00+09:00,5165.320869097478,5678.6937383502855,5165.320869097478,5362.77197265625,157700,0.0,0.0
2006-07-06 00:00:00+09:00,5410.160251193576,5410.160251193576,5212.709147135416,5402.26220703125,84000,0.0,0.0
2006-07-07 00:00:00+09:00,5457.5482606819405,5615.509136533806,5331.179560000448,5504.9365234375,130500,0.0,0.0
2006-07-10 00:00:00+09:00,5504.936781141493,5528.630913628472,5370.670030381944,5402.26220703125,34700,0.0,0.0
2006-07-11 00:00:00+09:00,5339.077090818835,5449.649693291414,5149.524058008698,5220.6064453125,75700,0.0,0.0
2006-07-12 00:00:00+09:00,5236.402780038339,5315.383214126398,5031.053651409385,5117.93212890625,61000,0.0,0.0
2006-07-13 00:00:00+09:00,5007.360244605655,5173.21918015253,4967.870021856399,4975.76806640625,45000,0.0,0.0
2006-07-14 00:00:00+09:00,4865.195122876214,4967.869695274576,4802.010770631068,4880.9912109375,48500,0.0,0.0
2006-07-18 00:00:00+09:00,4778.316824776786,4928.379667207792,4778.316824776786,4865.1953125,35000,0.0,0.0
2006-07-19 00:00:00+09:00,4865.194171348315,5015.25697858146,4865.194171348315,4920.48046875,71900,0.0,0.0
2006-07-20 00:00:00+09:00,5007.360278888082,5165.32117096657,4975.768100472384,5094.23876953125,76300,0.0,0.0
2006-07-21 00:00:00+09:00,5007.359783935547,5125.83044128418,4975.767608642578,5054.748046875,32400,0.0,0.0
2006-07-24 00:00:00+09:00,4904.685451887812,5054.748291800643,4809.90892141655,4912.58349609375,54800,0.0,0.0
2006-07-25 00:00:00+09:00,4904.685618116035,4999.4621517994365,4738.8266841700815,4817.80712890625,97800,0.0,0.0
2006-07-26 00:00:00+09:00,4817.8062652687295,4975.767126425081,4778.316049979642,4849.3984375,65500,0.0,0.0
2006-07-27 00:00:00+09:00,4849.397655324348,5023.154574570498,4841.499613540433,4999.46044921875,97600,0.0,0.0
2006-07-28 00:00:00+09:00,4991.564155505953,5038.9524228050595,4904.6856654575895,4975.76806640625,52700,0.0,0.0
2006-07-31 00:00:00+09:00,4999.461954752604,4999.461954752604,4833.60302734375,4833.60302734375,90300,0.0,0.0
2006-08-01 00:00:00+09:00,4841.5012623271,4904.685618116035,4723.030595222848,4817.80712890625,80700,0.0,0.0
2006-08-02 00:00:00+09:00,4738.8266841700815,4857.297351274334,4715.132550749231,4817.80712890625,79200,0.0,0.0
2006-08-03 00:00:00+09:00,4817.807189735901,4936.277858335964,4675.642387415825,4691.4384765625,172300,0.0,0.0
2006-08-04 00:00:00+09:00,4794.113056015888,4825.705234309238,4675.642387415825,4691.4384765625,187400,0.0,0.0
2006-08-07 00:00:00+09:00,4699.33638789736,4794.112920090248,4478.191146113954,4580.86572265625,109700,0.0,0.0
2006-08-08 00:00:00+09:00,4541.375500909213,4620.355944403286,4533.477456559805,4580.86572265625,68500,0.0,0.0
2006-08-09 00:00:00+09:00,4580.864936879139,4817.806226717716,4565.068850889901,4770.41796875,194800,0.0,0.0
2006-08-10 00:00:00+09:00,4880.990446854737,5481.24169921875,4794.11197611784,5481.24169921875,705100,0.0,0.0
2006-08-11 00:00:00+09:00,5694.489185371344,5868.2461369360735,5331.179195736002,5536.5283203125,568700,0.0,0.0
2006-08-14 00:00:00+09:00,5686.5905150541275,5836.6533203125,5631.30421837999,5836.6533203125,340400,0.0,0.0
2006-08-16 00:00:00+09:00,5915.633827248597,6310.535951898037,5781.367104867788,6160.47314453125,383100,0.0,0.0
2006-08-17 00:00:00+09:00,6199.963356996193,6555.3752691806885,6018.308379657452,6160.47314453125,387700,0.0,0.0
2006-08-18 00:00:00+09:00,6160.472681130574,6255.249183917198,5978.817717456211,6199.962890625,230800,0.0,0.0
2006-08-21 00:00:00+09:00,6318.435093068036,6436.905751063062,6120.98399640966,6152.576171875,268800,0.0,0.0
2006-08-22 00:00:00+09:00,6042.003850607194,6231.556912587028,5884.042965623999,6168.37255859375,237700,0.0,0.0
2006-08-23 00:00:00+09:00,6429.007529213203,6539.580140280753,6318.434918145655,6452.70166015625,342000,0.0,0.0
2006-08-24 00:00:00+09:00,6350.026366039953,6823.908930669801,6350.026366039953,6721.234375,267700,0.0,0.0
2006-08-25 00:00:00+09:00,6808.112374839652,7029.257556388968,6808.112374839652,6926.5830078125,213400,0.0,0.0
2006-08-28 00:00:00+09:00,6752.826866736778,6902.889685997596,6752.826866736778,6776.52099609375,117600,0.0,0.0
2006-08-29 00:00:00+09:00,6839.705960072448,6989.768792914684,6800.215740903439,6847.60400390625,118500,0.0,0.0
2006-08-30 00:00:00+09:00,6792.317365679824,6879.195843612938,6594.866279468201,6752.8271484375,130200,0.0,0.0
2006-08-31 00:00:00+09:00,6713.336898905211,7242.50580740715,6713.336898905211,7124.03515625,240900,0.0,0.0
2006-09-01 00:00:00+09:00,7013.46340391843,7471.549977597787,7013.46340391843,7092.44384765625,186400,0.0,0.0
2006-09-04 00:00:00+09:00,7116.1365520460495,7226.709151078951,6958.175696284761,7171.4228515625,110000,0.0,0.0
2006-09-05 00:00:00+09:00,7187.218662219101,7266.199087078651,7029.2578125,7029.2578125,83800,0.0,0.0
2006-09-06 00:00:00+09:00,7045.054347922585,7076.646519886364,6863.39935913086,6950.27783203125,163900,0.0,0.0
2006-09-07 00:00:00+09:00,6871.296712425171,6926.5830078125,6681.743699668615,6926.5830078125,182600,0.0,0.0
2006-09-08 00:00:00+09:00,6823.908459236032,6997.665387596208,6823.908459236032,6926.5830078125,54600,0.0,0.0
2006-09-11 00:00:00+09:00,7068.747767379918,7147.728189361816,6918.68496561431,6926.5830078125,73000,0.0,0.0
2006-09-12 00:00:00+09:00,6934.481302668539,7218.810832162921,6855.500877808989,7029.2578125,139000,0.0,0.0
2006-09-13 00:00:00+09:00,7203.014484749145,7203.014484749145,6918.68496561431,6926.5830078125,107800,0.0,0.0
2006-09-14 00:00:00+09:00,6926.584487603635,7021.361014229911,6910.78839983259,6966.07470703125,55600,0.0,0.0
2006-09-15 00:00:00+09:00,7092.444026857113,7147.730338870476,6966.075313683713,7037.15771484375,61900,0.0,0.0
2006-09-18 00:00:00+09:00,7108.240101638349,7353.079482917004,7060.851834294094,7321.4873046875,123500,0.0,0.0
2006-09-19 00:00:00+09:00,7345.181608606558,7345.181608606558,7108.240266393443,7226.7109375,125500,0.0,0.0
2006-09-20 00:00:00+09:00,7226.710088885778,7234.608132698768,6973.9726868701,7052.953125,102700,0.0,0.0
2006-09-21 00:00:00+09:00,7116.1363081244635,7155.62652071117,6847.602862534862,6902.88916015625,94800,0.0,0.0
2006-09-22 00:00:00+09:00,6784.420232007576,6871.298721590909,6334.231695075758,6515.88671875,182600,0.0,0.0
2006-09-25 00:00:00+09:00,6460.59948021284,6460.59948021284,6239.454265731227,6389.51708984375,72300,0.0,0.0
2006-09-26 00:00:00+09:00,6413.210520704094,6531.68115840183,6302.637925519541,6365.822265625,67200,0.0,0.0
2006-09-27 00:00:00+09:00,6476.395965952933,6689.643150197724,6365.823351900078,6397.41552734375,110100,0.0,0.0
2006-09-28 00:00:00+09:00,6397.41552734375,6539.580316840278,6342.1292203173225,6397.41552734375,66700,0.0,0.0
2006-09-29 00:00:00+09:00,6476.395584593827,6507.987758177212,6405.313194031211,6429.00732421875,67000,0.0,0.0
2006-10-02 00:00:00+09:00,6373.721097134127,6460.599575533725,6365.823053643255,6381.619140625,35400,0.0,0.0
2006-10-04 00:00:00+09:00,6342.129094587053,6373.721269404424,6081.49365234375,6081.49365234375,38100,0.0,0.0
2006-10-09 00:00:00+09:00,6160.47316291841,6239.45358808403,5173.217848348152,5662.896484375,180900,0.0,0.0
2006-10-10 00:00:00+09:00,5844.552057888308,5899.838361138603,5733.979451387719,5860.34814453125,50400,0.0,0.0
2006-10-11 00:00:00+09:00,5844.552680121527,5915.635077582465,5599.713311089409,5686.591796875,75300,0.0,0.0
2006-10-12 00:00:00+09:00,5686.590293499354,6326.331701518031,5654.998125202134,6105.1865234375,129700,0.0,0.0
2006-10-13 00:00:00+09:00,6199.963028329156,6286.841491146507,6097.288481363195,6105.1865234375,36000,0.0,0.0
2006-10-16 00:00:00+09:00,6326.333263726404,6334.231307751032,6168.372383233859,6223.65869140625,95100,0.0,0.0
2006-10-17 00:00:00+09:00,6231.55626379256,6357.92495862232,6081.49343868222,6263.1484375,158300,0.0,0.0
2006-10-18 00:00:00+09:00,6302.638828423187,6310.536872067828,6081.493606373251,6207.8623046875,71900,0.0,0.0
2006-10-19 00:00:00+09:00,6097.289269153226,6239.454044858871,6073.595139868952,6120.9833984375,56600,0.0,0.0
2006-10-20 00:00:00+09:00,6081.49318296371,6223.657958669355,6010.410795110887,6120.9833984375,87300,0.0,0.0
2006-10-23 00:00:00+09:00,6057.79931640625,6152.575837653805,6049.901272968953,6057.79931640625,63700,0.0,0.0
2006-10-24 00:00:00+09:00,6042.0031770746755,6120.983610761927,5939.32861328125,5939.32861328125,87400,0.0,0.0
2006-10-25 00:00:00+09:00,5939.32855961669,5939.32855961669,5741.877477182624,5820.85791015625,122400,0.0,0.0
2006-10-26 00:00:00+09:00,5876.143654778393,5907.7358249653735,5686.590633656509,5702.38671875,74300,0.0,0.0
2006-10-27 00:00:00+09:00,5710.285213170427,5812.95977440309,5623.40673828125,5623.40673828125,71600,0.0,0.0
2006-10-30 00:00:00+09:00,5552.3247861930595,5623.407180326399,5481.24239205972,5504.9365234375,54400,0.0,0.0
2006-10-31 00:00:00+09:00,5568.121134440104,5773.47028266059,5568.121134440104,5686.591796875,73500,0.0,0.0
2006-11-01 00:00:00+09:00,5765.5709388743235,5836.6533203125,5678.692472672107,5836.6533203125,94100,0.0,0.0
2006-11-02 00:00:00+09:00,5718.183973524306,5828.756591796875,5662.8976643880205,5686.591796875,54500,0.0,0.0
2006-11-03 00:00:00+09:00,5686.591687761872,5805.062347923577,5615.509291664848,5654.99951171875,52300,0.0,0.0
2006-11-06 00:00:00+09:00,5654.999005581927,5710.285308709124,5497.0381395042195,5615.5087890625,79800,0.0,0.0
2006-11-07 00:00:00+09:00,5639.202786959135,5733.979304387019,5520.732140174278,5544.42626953125,121900,0.0,0.0
2006-11-08 00:00:00+09:00,5607.6104512117345,5820.857609215561,5544.426108099489,5805.0615234375,235000,0.0,0.0
2006-11-09 00:00:00+09:00,5805.062092028166,6113.085794870477,5702.387524414063,6002.51318359375,198700,0.0,0.0
2006-11-10 00:00:00+09:00,5939.3279964398735,6318.434038765822,5923.531911342959,6239.45361328125,305600,0.0,0.0
2006-11-13 00:00:00+09:00,6239.45361328125,6310.535996217365,6105.186889957476,6239.45361328125,86200,0.0,0.0
2006-11-14 00:00:00+09:00,6199.964880371094,6357.9257690429695,6168.372702636719,6318.435546875,125500,0.0,0.0
2006-11-15 00:00:00+09:00,6476.395965952933,6689.643150197724,6357.925308039159,6397.41552734375,126100,0.0,0.0
2006-11-16 00:00:00+09:00,6523.784182144261,6523.784182144261,6278.94482421875,6278.94482421875,95800,0.0,0.0
2006-11-17 00:00:00+09:00,6255.249762228261,6397.414529551631,6199.963463824729,6357.92431640625,53500,0.0,0.0
2006-11-20 00:00:00+09:00,6247.353146972657,6397.415991210938,6081.494213867188,6318.435546875,105100,0.0,0.0
2006-11-21 00:00:00+09:00,6318.43474148802,6326.33278491488,6128.881699243379,6263.1484375,33500,0.0,0.0
2006-11-22 00:00:00+09:00,6223.658772578325,6286.843125599425,6160.474419557225,6176.2705078125,55000,0.0,0.0
2006-11-23 00:00:00+09:00,6128.881819471466,6278.944647525535,6042.003340071741,6089.3916015625,84300,0.0,0.0
2006-11-24 00:00:00+09:00,6081.49365234375,6160.474089387175,6049.9014775263795,6081.49365234375,33900,0.0,0.0
2006-11-27 00:00:00+09:00,6042.003401906867,6081.493620219983,5986.717096268503,6002.51318359375,69900,0.0,0.0
2006-11-28 00:00:00+09:00,5963.0224414062495,6057.79895703125,5915.63418359375,5923.5322265625,75300,0.0,0.0
2006-11-29 00:00:00+09:00,5860.347770138656,5994.61449802593,5860.347770138656,5891.93994140625,45900,0.0,0.0
2006-11-30 00:00:00+09:00,5923.533405440738,6034.1060290089645,5923.533405440738,5947.2275390625,53800,0.0,0.0
2006-12-01 00:00:00+09:00,6002.514432730924,6034.106613955823,5899.83984375,5899.83984375,51200,0.0,0.0
2006-12-04 00:00:00+09:00,5884.041952327806,5986.716509885204,5773.469351881377,5805.0615234375,50200,0.0,0.0
2006-12-05 00:00:00+09:00,5805.062347923577,5860.34865599904,5583.917115621727,5654.99951171875,148900,0.0,0.0
2006-12-06 00:00:00+09:00,5662.897816556277,5686.591949679943,5528.631062188833,5552.3251953125,69200,0.0,0.0
2006-12-07 00:00:00+09:00,5536.527925502232,5607.610309709822,5433.853370535715,5528.6298828125,97500,0.0,0.0
2006-12-08 00:00:00+09:00,5528.6300100658855,5560.222181551976,5315.382852534773,5394.36328125,76300,0.0,0.0
2006-12-11 00:00:00+09:00,5339.077319226458,5402.261666199552,5236.402755395179,5283.791015625,92000,0.0,0.0
2006-12-12 00:00:00+09:00,5315.383249578505,5378.567597270374,5181.116510733283,5196.91259765625,126400,0.0,0.0
2006-12-13 00:00:00+09:00,5141.6261610243055,5339.077242476852,5141.6261610243055,5331.17919921875,106700,0.0,0.0
2006-12-14 00:00:00+09:00,5299.587632921007,5686.591796875,5299.587632921007,5686.591796875,216500,0.0,0.0
2006-12-15 00:00:00+09:00,5686.5913698871655,5773.46984914933,5528.63049850141,5599.712890625,56700,0.0,0.0
2006-12-18 00:00:00+09:00,5607.609839040337,5694.488301335328,5528.629418772163,5568.11962890625,60400,0.0,0.0
2006-12-19 00:00:00+09:00,5481.241166611258,5591.813754986702,5481.241166611258,5568.11962890625,73700,0.0,0.0
2006-12-20 00:00:00+09:00,5568.120075033723,5623.406373651079,5489.1396484375,5489.1396484375,79300,0.0,0.0
2006-12-21 00:00:00+09:00,5489.140485183782,5536.5287483652255,5370.6698272301755,5378.56787109375,53900,0.0,0.0
2006-12-22 00:00:00+09:00,5394.363622827915,5394.363622827915,5267.994928881727,5283.791015625,55000,0.0,0.0
2006-12-26 00:00:00+09:00,5228.503602923769,5283.7898947975855,5149.523185961175,5212.70751953125,87300,0.0,0.0
2006-12-27 00:00:00+09:00,5173.21875,5228.5050572519085,5094.238311068702,5173.21875,44100,0.0,0.0
2006-12-28 00:00:00+09:00,5244.300386500754,5346.974942260557,5173.218001743967,5236.40234375,116500,0.0,0.0
2007-01-02 00:00:00+09:00,5220.60682285721,5275.893128091705,5133.728343203006,5189.0146484375,57900,0.0,0.0
2007-01-03 00:00:00+09:00,5370.668736152142,5686.5904265140325,5323.280482597858,5346.974609375,351300,0.0,0.0
2007-01-04 00:00:00+09:00,5449.6492938914425,5615.50818544466,5410.159081616866,5583.916015625,166200,0.0,0.0
2007-01-05 00:00:00+09:00,5631.304265619634,5749.77490234375,5402.261034619677,5749.77490234375,175200,0.0,0.0
2007-01-08 00:00:00+09:00,5647.1000491744235,5726.080469442597,5560.221586879433,5568.11962890625,104700,0.0,0.0
2007-01-09 00:00:00+09:00,5568.120324086335,5662.8968402409955,5560.2222810734465,5591.814453125,82600,0.0,0.0
2007-01-10 00:00:00+09:00,5591.815183423913,5647.101491734602,5441.752346580616,5449.650390625,74800,0.0,0.0
2007-01-11 00:00:00+09:00,5465.44670719239,5647.101727807166,5465.44670719239,5552.3251953125,71000,0.0,0.0
2007-01-12 00:00:00+09:00,5670.795708550347,5812.960503472222,5623.407443576389,5686.591796875,120700,0.0,0.0
2007-01-15 00:00:00+09:00,5702.3869461686645,5884.041931988441,5702.3869461686645,5765.5712890625,85300,0.0,0.0
2007-01-16 00:00:00+09:00,5805.0624593098955,5828.756591796875,5670.795708550347,5686.591796875,71300,0.0,0.0
2007-01-17 00:00:00+09:00,5686.591142118402,5718.183315130171,5528.630277059558,5536.5283203125,53700,0.0,0.0
2007-01-18 00:00:00+09:00,5528.630984166048,5607.6114267969915,5307.485744799405,5315.3837890625,99500,0.0,0.0
2007-01-19 00:00:00+09:00,5244.301931556749,5362.772607721434,5149.525390625,5149.525390625,102200,0.0,0.0
2007-01-22 00:00:00+09:00,5133.727615870786,5212.7080407303365,4896.786341292134,4920.48046875,81400,0.0,0.0
2007-01-23 00:00:00+09:00,4920.481301879883,5078.442178344727,4920.481301879883,5054.748046875,38200,0.0,0.0
2007-01-24 00:00:00+09:00,5370.669243044969,5370.669243044969,5133.727952910633,5181.1162109375,59100,0.0,0.0
2007-01-25 00:00:00+09:00,5220.6069512795275,5244.301082677165,4983.665637303149,5015.2578125,122700,0.0,0.0
2007-01-26 00:00:00+09:00,4928.37871904952,4983.665018782448,4857.296333678614,4944.1748046875,158500,0.0,0.0
2007-01-29 00:00:00+09:00,4975.767739305219,5007.359915427792,4880.9912109375,4880.9912109375,87600,0.0,0.0
2007-01-30 00:00:00+09:00,4841.501071506076,4928.379557291666,4825.704983181424,4833.60302734375,50500,0.0,0.0
2007-01-31 00:00:00+09:00,4833.602123298267,4912.582550149546,4770.417781817244,4786.2138671875,92500,0.0,0.0
2007-02-01 00:00:00+09:00,4778.315192498953,4841.499525622907,4683.538692813024,4715.130859375,140100,0.0,0.0
2007-02-02 00:00:00+09:00,4723.029956178617,4817.806477038388,4659.845608938769,4667.74365234375,260200,0.0,0.0
2007-02-05 00:00:00+09:00,4730.928111869748,4770.418329831933,4651.947675945378,4699.3359375,202500,0.0,0.0
2007-02-06 00:00:00+09:00,4707.233981092437,4730.928111869748,4580.865283613445,4699.3359375,271100,0.0,0.0
2007-02-07 00:00:00+09:00,4715.131633537047,4944.174878717238,4691.4375047253025,4896.78662109375,253800,0.0,0.0
2007-02-08 00:00:00+09:00,4944.1748586763215,4952.072901581555,4825.704215097815,4857.29638671875,149500,0.0,0.0
2007-02-09 00:00:00+09:00,4888.888558339685,4896.7866012449185,4802.0100863821135,4857.29638671875,98000,0.0,0.0
2007-02-12 00:00:00+09:00,4802.010520833333,4809.908564453125,4699.335953776042,4738.826171875,110100,0.0,0.0
2007-02-13 00:00:00+09:00,4699.335619401466,4849.3984375,4699.335619401466,4849.3984375,53800,0.0,0.0
2007-02-14 00:00:00+09:00,4802.010957792208,4896.787489853897,4802.010957792208,4865.1953125,78100,0.0,0.0
2007-02-15 00:00:00+09:00,4888.889733667669,5031.0545401394265,4809.909285627804,4841.50146484375,309200,0.0,0.0
2007-02-16 00:00:00+09:00,4865.195588764392,4904.685812699167,4659.846424303557,4802.01123046875,228200,0.0,0.0
2007-02-20 00:00:00+09:00,4778.316704688787,4865.195190228583,4699.336263288972,4794.11279296875,88900,0.0,0.0
2007-02-21 00:00:00+09:00,4786.214436719988,4983.66552734375,4778.316393095038,4983.66552734375,209400,0.0,0.0
2007-02-22 00:00:00+09:00,5023.154854910714,5267.994163876488,5023.154854910714,5141.62548828125,379900,0.0,0.0
2007-02-23 00:00:00+09:00,5173.218564765398,5457.548134737237,5157.42247754474,5433.85400390625,251500,0.0,0.0
2007-02-26 00:00:00+09:00,5433.8534125188535,5607.610353035445,5212.708215497737,5236.40234375,342100,0.0,0.0
2007-02-27 00:00:00+09:00,5244.301145038168,5291.689408396946,5078.442223282443,5173.21875,160100,0.0,0.0
2007-02-28 00:00:00+09:00,4904.68499833119,5031.053693940368,4888.888911380043,4991.5634765625,120600,0.0,0.0
2007-03-01 00:00:00+09:00,4991.5634765625,4991.5634765625,4991.5634765625,4991.5634765625,0,0.0,0.0
2007-03-05 00:00:00+09:00,5023.155287728659,5038.951373539126,4817.8061721925815,4857.29638671875,151600,0.0,0.0
2007-03-06 00:00:00+09:00,4857.297398158483,5054.748511904762,4833.603264508929,4975.76806640625,89500,0.0,0.0
2007-03-07 00:00:00+09:00,5038.9518199438735,5252.198997276922,4959.971383894596,5189.0146484375,142100,0.0,0.0
2007-03-08 00:00:00+09:00,5331.179239970599,5331.179239970599,5189.01446023805,5204.810546875,109000,0.0,0.0
2007-03-09 00:00:00+09:00,5212.709160127903,5481.24266231631,5094.238497397723,5441.75244140625,245500,0.0,0.0
2007-03-12 00:00:00+09:00,5441.751578282828,5591.814393939394,5378.567234848485,5473.34375,166900,0.0,0.0
2007-03-13 00:00:00+09:00,5465.446449908088,5465.446449908088,5331.179701861213,5370.669921875,126700,0.0,0.0
2007-03-14 00:00:00+09:00,5220.606668651906,5346.975362598095,5189.014495165359,5283.791015625,114500,0.0,0.0
2007-03-15 00:00:00+09:00,5323.2806146128005,5710.284694903642,5307.48452970297,5583.916015625,280100,0.0,0.0
2007-03-16 00:00:00+09:00,5631.304910985176,5868.246211587639,5631.304910985176,5694.4892578125,532200,0.0,0.0
2007-03-19 00:00:00+09:00,5773.469853911529,5923.532681851773,5678.6933310019,5844.55224609375,242700,0.0,0.0
2007-03-20 00:00:00+09:00,5970.920424107143,6034.104767219387,5733.979137436224,5805.0615234375,254100,0.0,0.0
2007-03-21 00:00:00+09:00,5963.022848195043,5986.716978717673,5631.305020878232,5726.08154296875,232500,0.0,0.0
2007-03-22 00:00:00+09:00,5805.062641074246,5812.960685483871,5591.815442014376,5631.3056640625,184700,0.0,0.0
2007-03-23 00:00:00+09:00,5599.712857094957,5639.203074704936,5386.465682001073,5520.732421875,293100,0.0,0.0
2007-03-26 00:00:00+09:00,5489.140796977512,5726.082126343448,5489.140796977512,5718.18408203125,174100,0.0,0.0
2007-03-27 00:00:00+09:00,5741.877180325255,5915.634123883929,5631.304579878826,5805.0615234375,223300,0.0,0.0
2007-03-28 00:00:00+09:00,5836.654607724472,5836.654607724472,5607.611328125,5607.611328125,103800,0.0,0.0
2007-03-29 00:00:00+09:00,5607.611493217228,5654.9997593570915,5433.85451737106,5512.8349609375,189300,0.0,0.0
2007-03-30 00:00:00+09:00,5576.018917570839,5583.916961363432,5410.159997926381,5504.9365234375,188800,0.0,0.0
2007-04-02 00:00:00+09:00,5536.527866717896,5781.3671875,5536.527866717896,5781.3671875,134400,0.0,0.0
2007-04-03 00:00:00+09:00,5749.775313382768,5765.571399408545,5591.814453125,5591.814453125,132500,0.0,0.0
2007-04-04 00:00:00+09:00,5654.998797228108,5733.979227356992,5560.2222810734465,5591.814453125,120500,0.0,0.0
2007-04-05 00:00:00+09:00,5615.508481652635,5662.896738881771,5378.567195506955,5394.36328125,286800,0.0,0.0
2007-04-06 00:00:00+09:00,5410.159709571189,5481.242099915919,5283.791015625,5283.791015625,148400,0.0,0.0
2007-04-09 00:00:00+09:00,5323.28113776819,5410.159613310401,5212.708532532649,5291.68896484375,225400,0.0,0.0
2007-04-10 00:00:00+09:00,5291.688926407616,5441.751746708728,5252.1987105389035,5418.0576171875,120500,0.0,0.0
2007-04-11 00:00:00+09:00,5418.057597203274,5884.042142735334,5394.363467769441,5789.265625,417700,0.0,0.0
2007-04-12 00:00:00+09:00,5923.532049576237,6397.414613542336,5907.7359641107005,6144.67724609375,972800,0.0,0.0
2007-04-13 00:00:00+09:00,6247.352553742851,6294.740815844567,6002.513199550654,6042.00341796875,294500,0.0,0.0
2007-04-16 00:00:00+09:00,6010.410018545845,6207.861070403461,6010.410018545845,6105.1865234375,242200,0.0,0.0
2007-04-17 00:00:00+09:00,6136.78076171875,6413.212327561937,6128.882716980373,6136.78076171875,426100,0.0,0.0
2007-04-18 00:00:00+09:00,6136.7793752940715,6294.740234375,6002.512645075282,6294.740234375,260100,0.0,0.0
2007-04-19 00:00:00+09:00,6318.434963474026,6357.925181995738,6081.49365234375,6081.49365234375,178400,0.0,0.0
2007-04-20 00:00:00+09:00,6160.4740428196565,6247.352522910704,6081.493606373251,6207.8623046875,177400,0.0,0.0
2007-04-23 00:00:00+09:00,6286.84344056955,6286.84344056955,6144.678639149635,6231.55712890625,206200,0.0,0.0
2007-04-24 00:00:00+09:00,6263.148657543628,6263.148657543628,6042.003433822038,6081.49365234375,152700,0.0,0.0
2007-04-25 00:00:00+09:00,6160.474153903162,6160.474153903162,5931.430884078557,5994.615234375,198800,0.0,0.0
2007-04-26 00:00:00+09:00,6057.799521230722,6239.454526430601,6057.799521230722,6081.49365234375,112400,0.0,0.0
2007-04-27 00:00:00+09:00,6097.28880458734,6247.351611954126,6034.104464643429,6160.47314453125,96500,0.0,0.0
2007-04-30 00:00:00+09:00,6120.984293098792,6199.964735590389,6081.494071852993,6168.37255859375,81500,0.0,0.0
2007-05-02 00:00:00+09:00,6215.760824088708,6215.760824088708,6018.309717859715,6168.37255859375,77100,0.0,0.0
2007-05-03 00:00:00+09:00,6168.372760416667,6539.5808522727275,6144.6786268939395,6515.88671875,273500,0.0,0.0
2007-05-04 00:00:00+09:00,6547.478216279664,6610.662565773315,6397.41538623224,6531.68212890625,194000,0.0,0.0
2007-05-07 00:00:00+09:00,6555.376813288586,6792.318143889378,6476.396369754989,6729.1337890625,251400,0.0,0.0
2007-05-08 00:00:00+09:00,6776.52082324568,6808.112994915822,6626.4580078125,6626.4580078125,151000,0.0,0.0
2007-05-09 00:00:00+09:00,6634.355873666159,6689.642172613377,6413.210677877287,6476.39501953125,183700,0.0,0.0
2007-05-10 00:00:00+09:00,6515.885747687538,6547.47792100966,6310.53662109375,6310.53662109375,208500,0.0,0.0
2007-05-11 00:00:00+09:00,6247.352417742927,6436.90546202337,6097.28959102091,6421.109375,122300,0.0,0.0
2007-05-14 00:00:00+09:00,6436.905392890921,6484.29365345208,6223.6582203657,6263.1484375,118000,0.0,0.0
2007-05-15 00:00:00+09:00,6405.313158936761,6642.254459513953,6350.02685546875,6350.02685546875,174100,0.0,0.0
2007-05-16 00:00:00+09:00,6357.925394694011,6634.35693359375,6334.231262788318,6634.35693359375,174700,0.0,0.0
2007-05-17 00:00:00+09:00,6721.234805503191,6910.78784349623,6721.234805503191,6808.11328125,134200,0.0,0.0
2007-05-18 00:00:00+09:00,6737.031069787845,6997.66650390625,6681.744765580911,6997.66650390625,146900,0.0,0.0
2007-05-21 00:00:00+09:00,6997.666803033502,7076.647240990991,6871.29810230152,7013.462890625,101200,0.0,0.0
2007-05-22 00:00:00+09:00,6973.972705247081,7005.564880582288,6816.011828571042,6847.60400390625,84500,0.0,0.0
2007-05-23 00:00:00+09:00,6831.806202566964,6910.78662109375,6586.966905133929,6910.78662109375,150700,0.0,0.0
2007-05-25 00:00:00+09:00,6871.298040574597,6871.298040574597,6610.66259765625,6855.501953125,83900,0.0,0.0
2007-05-28 00:00:00+09:00,6855.501937282735,6910.788243228562,6737.031281684531,6816.01171875,62600,0.0,0.0
2007-05-29 00:00:00+09:00,6823.908707865168,7234.606917134831,6816.010665379213,7029.2578125,184900,0.0,0.0
2007-05-30 00:00:00+09:00,7045.054347922585,7076.646519886364,6792.316972212358,6950.27783203125,78300,0.0,0.0
2007-05-31 00:00:00+09:00,7060.850715713247,7147.729192081083,6808.113329915905,7131.93310546875,192800,0.0,0.0
2007-06-01 00:00:00+09:00,7131.932104965436,7455.7518350912205,6926.5830078125,6926.5830078125,575100,0.0,0.0
2007-06-04 00:00:00+09:00,6950.277387640449,7313.587341994382,6879.1950052668535,7029.2578125,271100,0.0,0.0
2007-06-05 00:00:00+09:00,7124.036025151378,7187.220380141634,7029.259492665994,7092.44384765625,138400,0.0,0.0
2007-06-07 00:00:00+09:00,7147.729508284684,7187.2197265625,6958.176460551168,7187.2197265625,168900,0.0,0.0
2007-06-08 00:00:00+09:00,7187.219653346093,7479.447265625,7037.156825419087,7479.447265625,220500,0.0,0.0
2007-06-11 00:00:00+09:00,7621.611952444807,8095.494560886971,7487.345213386194,7937.53369140625,404400,0.0,0.0
2007-06-12 00:00:00+09:00,7937.533657054805,8056.004308652638,7661.102136659862,7858.55322265625,185500,0.0,0.0
2007-06-13 00:00:00+09:00,7779.573742799084,8056.005297111742,7621.612854620423,7819.06396484375,114100,0.0,0.0
2007-06-14 00:00:00+09:00,7898.04541015625,8134.986772460938,7819.064956054688,7898.04541015625,298600,0.0,0.0
2007-06-15 00:00:00+09:00,8174.4755134204825,8253.455953163675,7882.247886370668,7977.0244140625,136200,0.0,0.0
2007-06-18 00:00:00+09:00,8134.984412560096,8292.945274939904,8056.003981370192,8213.96484375,170000,0.0,0.0
2007-06-19 00:00:00+09:00,8292.946422230114,9280.201948686079,8056.005095880681,8687.8486328125,535400,0.0,0.0
2007-06-20 00:00:00+09:00,8885.298908290579,9082.74999514148,7937.53369140625,7937.53369140625,364900,0.0,0.0
2007-06-21 00:00:00+09:00,8095.493369414427,8569.375908111857,8056.0031578563085,8450.9052734375,245200,0.0,0.0
2007-06-22 00:00:00+09:00,8450.906213148584,8806.318156692216,8174.474701503537,8371.92578125,217200,0.0,0.0
2007-06-25 00:00:00+09:00,8134.986772460938,8213.9672265625,7898.04541015625,7898.04541015625,154000,0.0,0.0
2007-06-26 00:00:00+09:00,7977.021998618035,7977.021998618035,7463.649295736675,7724.28466796875,187200,0.0,0.0
2007-06-27 00:00:00+09:00,7621.611706738803,7819.062787224265,7384.67041015625,7384.67041015625,81900,0.0,0.0
2007-06-28 00:00:00+09:00,7463.651114628233,8332.435900457975,7463.651114628233,8016.51416015625,201300,0.0,0.0
2007-06-29 00:00:00+09:00,8134.982435574273,8174.472641572206,7819.060787590806,7882.2451171875,117900,0.0,0.0
2007-07-02 00:00:00+09:00,7898.04304341675,8056.003904285085,7826.960656026,7850.65478515625,64200,0.0,0.0
2007-07-03 00:00:00+09:00,7977.023475796568,8213.964767156862,7937.533260569853,8056.00390625,138100,0.0,0.0
2007-07-04 00:00:00+09:00,8134.984412560096,8529.886568509615,8016.51376577524,8213.96484375,213800,0.0,0.0
2007-07-05 00:00:00+09:00,8371.92604624686,8371.92604624686,7858.55322265625,7858.55322265625,166600,0.0,0.0
2007-07-06 00:00:00+09:00,8056.00390625,8056.00390625,7858.552830116421,8056.00390625,113100,0.0,0.0
2007-07-09 00:00:00+09:00,8253.4560546875,8687.848478618422,8134.98539361543,8253.4560546875,224900,0.0,0.0
2007-07-10 00:00:00+09:00,8411.416320008117,9240.71088676948,8371.92610254329,9122.240234375,693300,0.0,0.0
2007-07-11 00:00:00+09:00,9161.733368055557,9635.616128472222,8885.3017578125,8885.3017578125,550200,0.0,0.0
2007-07-12 00:00:00+09:00,9043.25881029212,9082.7490234375,8687.846891983696,9082.7490234375,295100,0.0,0.0
2007-07-13 00:00:00+09:00,9319.692332300647,9319.692332300647,8924.790114830279,9161.7314453125,269800,0.0,0.0
2007-07-16 00:00:00+09:00,9280.197606286338,9280.197606286338,8450.903352107558,8490.3935546875,310100,0.0,0.0
2007-07-18 00:00:00+09:00,8569.377969637784,8845.809517045454,8371.926864346591,8687.8486328125,191400,0.0,0.0
2007-07-19 00:00:00+09:00,8648.357292895047,8648.357292895047,8213.96491745283,8371.92578125,124700,0.0,0.0
2007-07-20 00:00:00+09:00,8450.905180431548,8529.88560267857,8134.983491443452,8292.9443359375,190900,0.0,0.0
2007-07-23 00:00:00+09:00,8253.454215646905,8450.9052734375,8056.0031578563085,8450.9052734375,131000,0.0,0.0
2007-07-24 00:00:00+09:00,8924.787975466628,9003.76840002828,8450.90542809672,8727.3369140625,261700,0.0,0.0
2007-07-25 00:00:00+09:00,8648.358371435772,8687.848592309909,8371.926825316821,8569.3779296875,94300,0.0,0.0
2007-07-26 00:00:00+09:00,8687.846542786216,8727.336754344335,8450.9052734375,8450.9052734375,117700,0.0,0.0
2007-07-27 00:00:00+09:00,8213.965733292078,8253.455953163675,7898.0439743193065,7977.0244140625,101300,0.0,0.0
2007-07-30 00:00:00+09:00,7977.025467850663,7977.025467850663,7819.064567497185,7890.14697265625,97900,0.0,0.0
2007-07-31 00:00:00+09:00,8016.513691023284,8292.945197610294,7977.023475796568,8056.00390625,137700,0.0,0.0
2007-08-01 00:00:00+09:00,7898.042633466908,7977.023059801578,7629.5091839290335,7637.4072265625,129600,0.0,0.0
2007-08-02 00:00:00+09:00,7819.063075947612,7819.063075947612,7392.56872635047,7566.32568359375,91400,0.0,0.0
2007-08-03 00:00:00+09:00,7676.898743038366,8174.4755134204825,7566.326127397896,7977.0244140625,155400,0.0,0.0
2007-08-06 00:00:00+09:00,7819.063065691693,7977.023935705666,7700.592413181213,7771.6748046875,74300,0.0,0.0
2007-08-07 00:00:00+09:00,7937.532076322116,7937.532076322116,7676.896694711539,7700.5908203125,71800,0.0,0.0
2007-08-08 00:00:00+09:00,7716.388846045425,7787.471240737757,7574.22405666076,7661.1025390625,96700,0.0,0.0
2007-08-09 00:00:00+09:00,7898.043439855528,7977.023874254083,7803.266918577261,7858.55322265625,92700,0.0,0.0
2007-08-10 00:00:00+09:00,7661.100430103059,7716.386721866689,7424.1591796875,7424.1591796875,94800,0.0,0.0
2007-08-13 00:00:00+09:00,7424.1591796875,7424.1591796875,7424.1591796875,7424.1591796875,0,0.0,0.0
2007-08-14 00:00:00+09:00,7439.956197356313,7566.324880113958,6934.481466325736,6973.9716796875,81600,0.0,0.0
2007-08-16 00:00:00+09:00,6555.375768649194,6768.6229322076615,6081.49318296371,6120.9833984375,208300,0.0,0.0
2007-08-17 00:00:00+09:00,6199.964044449177,6429.007302142204,5939.32861328125,5939.32861328125,177200,0.0,0.0
2007-08-20 00:00:00+09:00,6184.168566197411,6555.376641052172,6184.168566197411,6500.09033203125,184600,0.0,0.0
2007-08-21 00:00:00+09:00,6579.069789136116,6816.011078060586,6397.414800960689,6705.4384765625,93500,0.0,0.0
2007-08-22 00:00:00+09:00,6705.438442128794,7021.360159072436,6658.050184587248,6831.80712890625,80900,0.0,0.0
2007-08-23 00:00:00+09:00,7021.361044024138,7108.239527133548,6934.482560914727,7045.05517578125,115000,0.0,0.0
2007-08-24 00:00:00+09:00,7005.565171983507,7147.729966905382,6966.074951171875,7108.23974609375,103200,0.0,0.0
2007-08-27 00:00:00+09:00,7258.301938024654,7258.301938024654,6989.7684604481165,6997.66650390625,99500,0.0,0.0
2007-08-28 00:00:00+09:00,6950.278336864407,7187.219643802966,6950.278336864407,6989.7685546875,43900,0.0,0.0
2007-08-29 00:00:00+09:00,6784.417951450892,7108.2376674107145,6713.3355747767855,6910.78662109375,101900,0.0,0.0
2007-08-30 00:00:00+09:00,7131.9325446704825,7226.709056892017,7029.25798976382,7179.32080078125,53800,0.0,0.0
2007-08-31 00:00:00+09:00,7226.709147987565,7566.324987729057,7116.136549001963,7542.630859375,89400,0.0,0.0
2007-09-03 00:00:00+09:00,7558.425888256316,7676.896513464096,7313.586596160239,7424.1591796875,48900,0.0,0.0
2007-09-04 00:00:00+09:00,7653.204056838463,7937.533619321625,7274.09797352758,7329.38427734375,262900,0.0,0.0
2007-09-05 00:00:00+09:00,7400.467435355808,7479.447877568784,7258.302639372452,7266.20068359375,61200,0.0,0.0
2007-09-06 00:00:00+09:00,7155.626972420417,7329.383918770582,7155.626972420417,7195.1171875,46000,0.0,0.0
2007-09-07 00:00:00+09:00,7179.321435599777,7305.690129735746,7084.544914997799,7289.89404296875,137700,0.0,0.0
2007-09-10 00:00:00+09:00,7147.729813643941,7203.016121594778,6950.278713819524,6958.1767578125,96200,0.0,0.0
2007-09-11 00:00:00+09:00,6958.1754301264045,7108.23823735955,6942.379345154494,7029.2578125,53900,0.0,0.0
2007-09-12 00:00:00+09:00,7029.258030882669,7076.646287270642,6879.195218987421,6887.09326171875,52400,0.0,0.0
2007-09-13 00:00:00+09:00,6871.297176256092,7005.563902688682,6784.418706211475,6887.09326171875,57800,0.0,0.0
2007-09-14 00:00:00+09:00,6910.78864203559,7187.220187717014,6910.78864203559,7108.23974609375,46300,0.0,0.0
2007-09-17 00:00:00+09:00,7108.239052048494,7187.219485960144,6989.76840118102,7084.544921875,56900,0.0,0.0
2007-09-18 00:00:00+09:00,7084.545504978725,7147.7298573085245,7005.565064566476,7076.6474609375,54100,0.0,0.0
2007-09-19 00:00:00+09:00,7266.200113477654,7266.200113477654,7052.952936234287,7068.7490234375,60100,0.0,0.0
2007-09-20 00:00:00+09:00,7084.5450774629235,7124.035295286017,6981.870511122882,6989.7685546875,63800,0.0,0.0
2007-09-21 00:00:00+09:00,6910.788628219587,7060.851467003783,6776.521877728463,6784.419921875,91800,0.0,0.0
2007-09-27 00:00:00+09:00,6839.706004862883,7021.361014229911,6792.317741549745,6966.07470703125,85500,0.0,0.0
2007-09-28 00:00:00+09:00,7084.543507635922,7187.218051224848,7084.543507635922,7163.52392578125,105200,0.0,0.0
2007-10-01 00:00:00+09:00,7266.1999725877195,7266.1999725877195,7155.62736430921,7203.015625,66000,0.0,0.0
2007-10-02 00:00:00+09:00,7234.60779879386,7305.690189830044,7155.62736430921,7203.015625,83500,0.0,0.0
2007-10-04 00:00:00+09:00,7210.913668448465,7281.996059484649,7155.62736430921,7203.015625,90500,0.0,0.0
2007-10-05 00:00:00+09:00,7345.180958339147,7345.180958339147,7045.0552847726,7076.6474609375,81600,0.0,0.0
2007-10-08 00:00:00+09:00,7108.238073897688,7179.320454636665,6887.092889376427,6918.68505859375,88800,0.0,0.0
2007-10-09 00:00:00+09:00,6839.70563474358,7029.258677738783,6839.70563474358,6997.66650390625,49000,0.0,0.0
2007-10-10 00:00:00+09:00,7100.3403530964815,7155.626651730158,6989.767755829128,7139.83056640625,150700,0.0,0.0
2007-10-11 00:00:00+09:00,7226.708260297512,7289.892594813775,7116.135674894053,7163.52392578125,84900,0.0,0.0
2007-10-12 00:00:00+09:00,7163.524808774436,7432.058263568627,7147.728723198307,7171.4228515625,153300,0.0,0.0
2007-10-15 00:00:00+09:00,7305.690058204423,7305.690058204423,7124.035062162583,7131.93310546875,53100,0.0,0.0
2007-10-16 00:00:00+09:00,7147.728338015588,7179.320507465381,6650.151669181353,6665.94775390625,130700,0.0,0.0
2007-10-17 00:00:00+09:00,6665.9486705043855,6958.176278097588,6571.172149122807,6752.8271484375,84700,0.0,0.0
2007-10-18 00:00:00+09:00,6784.418737678884,6910.787421966267,6737.030481071116,6760.724609375,100700,0.0,0.0
2007-10-19 00:00:00+09:00,6760.724854358457,6934.481801549913,6752.8268113043005,6863.3994140625,39300,0.0,0.0
2007-10-22 00:00:00+09:00,6397.415695716595,6989.769000875539,6397.415695716595,6871.29833984375,46900,0.0,0.0
2007-10-23 00:00:00+09:00,6966.074288040466,7139.831243070953,6839.705593472838,7124.03515625,53500,0.0,0.0
2007-10-24 00:00:00+09:00,7210.914320203993,7345.181070963541,7068.749525282118,7108.23974609375,64100,0.0,0.0
2007-10-25 00:00:00+09:00,7045.054940762363,7258.302119462569,7005.564722484547,7187.2197265625,29800,0.0,0.0
2007-10-26 00:00:00+09:00,7045.054232662671,7613.713318707191,7045.054232662671,7495.24267578125,151100,0.0,0.0
2007-10-29 00:00:00+09:00,7700.592758336018,8056.0047317976805,7590.020144370167,7661.1025390625,188300,0.0,0.0
2007-10-30 00:00:00+09:00,7763.775741545815,7763.775741545815,7550.528595033367,7692.693359375,66100,0.0,0.0
2007-10-31 00:00:00+09:00,7661.103076665088,7874.3502757062815,7661.103076665088,7819.06396484375,83800,0.0,0.0
2007-11-01 00:00:00+09:00,7874.347741386218,7874.347741386218,7605.814317908655,7700.5908203125,51200,0.0,0.0
2007-11-02 00:00:00+09:00,7566.323546346029,7977.021692911784,7439.954885864257,7582.11962890625,128500,0.0,0.0
2007-11-05 00:00:00+09:00,7590.019216358418,7977.023317920918,7590.019216358418,7740.08203125,160600,0.0,0.0
2007-11-06 00:00:00+09:00,7684.7956294993455,7747.979971776832,7526.834773805628,7542.630859375,100100,0.0,0.0
2007-11-07 00:00:00+09:00,7645.306197478992,7795.369025735295,7432.059020483193,7518.9375,84600,0.0,0.0
2007-11-08 00:00:00+09:00,7274.098673502604,7408.365424262152,7092.443657769097,7108.23974609375,120800,0.0,0.0
2007-11-09 00:00:00+09:00,7234.60773536735,7234.60773536735,6831.807523027028,6839.70556640625,133000,0.0,0.0
2007-11-12 00:00:00+09:00,6681.743604450135,6792.316193649073,6602.76318359375,6602.76318359375,57600,0.0,0.0
2007-11-13 00:00:00+09:00,6571.17168764988,6831.807103145608,6571.17168764988,6586.9677734375,72300,0.0,0.0
2007-11-14 00:00:00+09:00,6721.234585293857,6950.27783203125,6673.846327348189,6950.27783203125,96900,0.0,0.0
2007-11-15 00:00:00+09:00,6950.278416895605,7226.709944840316,6950.278416895605,7187.2197265625,52500,0.0,0.0
2007-11-16 00:00:00+09:00,7313.587634098436,7313.587634098436,6902.889408425522,7005.56396484375,31800,0.0,0.0
2007-11-19 00:00:00+09:00,7187.218662219101,7210.912789676966,7013.46172752809,7029.2578125,44300,0.0,0.0
2007-11-20 00:00:00+09:00,7029.258853451237,7274.098206773695,6879.196023995536,7187.2197265625,61400,0.0,0.0
2007-11-21 00:00:00+09:00,7321.48576605205,7534.732924286576,7147.728822305399,7368.8740234375,94600,0.0,0.0
2007-11-22 00:00:00+09:00,7195.118603096499,7439.9579847605955,7179.32251395688,7360.9775390625,28800,0.0,0.0
2007-11-23 00:00:00+09:00,7384.670944695724,7511.039645353619,7274.098331620065,7503.1416015625,162800,0.0,0.0
2007-11-26 00:00:00+09:00,7621.611120021765,7779.571972250194,7503.140480850441,7597.9169921875,81600,0.0,0.0
2007-11-27 00:00:00+09:00,7360.977956472097,7937.535242762293,7360.977956472097,7890.14697265625,259700,0.0,0.0
2007-11-28 00:00:00+09:00,8095.494525851916,8174.474960250471,7819.063005456973,7858.55322265625,224300,0.0,0.0
2007-11-29 00:00:00+09:00,8056.004853805693,8056.004853805693,7763.7772267558785,7977.0244140625,74300,0.0,0.0
2007-11-30 00:00:00+09:00,8056.004853805693,8529.88749226485,7937.534194190903,7977.0244140625,217000,0.0,0.0
2007-12-03 00:00:00+09:00,7858.552830116421,8213.964767156862,7850.654787071078,8056.00390625,75200,0.0,0.0
2007-12-04 00:00:00+09:00,8134.984336703431,8174.474551930147,7882.246959252451,8056.00390625,30700,0.0,0.0
2007-12-05 00:00:00+09:00,7937.532435825892,8332.434547061011,7874.348098028274,8292.9443359375,77900,0.0,0.0
2007-12-06 00:00:00+09:00,8371.924850321262,8569.375908111857,8213.964004088784,8450.9052734375,115900,0.0,0.0
2007-12-07 00:00:00+09:00,8411.414969308036,8529.88560267857,8213.963913690475,8292.9443359375,47300,0.0,0.0
2007-12-10 00:00:00+09:00,8292.9443359375,8411.414969308036,8174.473702566964,8292.9443359375,37400,0.0,0.0
2007-12-11 00:00:00+09:00,8253.454124813989,8371.924758184523,8174.473702566964,8292.9443359375,42500,0.0,0.0
2007-12-12 00:00:00+09:00,8016.51376577524,8253.455059344951,8016.51376577524,8213.96484375,31800,0.0,0.0
2007-12-13 00:00:00+09:00,8095.494196965144,8292.945274939904,8095.494196965144,8213.96484375,28200,0.0,0.0
2007-12-14 00:00:00+09:00,8213.96484375,8292.945274939904,8134.984412560096,8213.96484375,21600,0.0,0.0
2007-12-17 00:00:00+09:00,8056.006318359376,8213.9672265625,7826.963001464844,7898.04541015625,47800,0.0,0.0
2007-12-18 00:00:00+09:00,7747.9802274816175,8095.494121476716,7661.101753982843,8056.00390625,58300,0.0,0.0
2007-12-20 00:00:00+09:00,7977.025864257813,8134.986772460938,7858.555183105469,7898.04541015625,43000,0.0,0.0
2007-12-21 00:00:00+09:00,8095.495073677289,8095.495073677289,7834.859622524752,7977.0244140625,38900,0.0,0.0
2007-12-24 00:00:00+09:00,8134.985293548885,8174.4755134204825,7858.55375444771,7977.0244140625,94300,0.0,0.0
2007-12-26 00:00:00+09:00,8016.51409145336,8016.51409145336,7858.55322265625,7858.55322265625,32200,0.0,0.0
2007-12-27 00:00:00+09:00,7755.877375986043,8174.4736091095265,7755.877375986043,8134.9833984375,42900,0.0,0.0
2007-12-28 00:00:00+09:00,8134.985851637984,8332.436964541817,8134.985851637984,8174.47607421875,54097,0.0,0.0
2008-01-02 00:00:00+09:00,8371.925706129807,8529.886568509615,8134.984412560096,8213.96484375,61521,0.0,0.0
2008-01-03 00:00:00+09:00,8095.495629057216,8174.47607421875,7977.024961314915,8174.47607421875,48388,0.0,0.0
2008-01-04 00:00:00+09:00,8134.984412560096,8371.925706129807,7977.023550180288,8213.96484375,63746,0.0,0.0
2008-01-07 00:00:00+09:00,7866.451549899193,8016.514380670363,7834.859375,7834.859375,42543,0.0,0.0
2008-01-08 00:00:00+09:00,7850.65478515625,7882.246957329917,7740.082182548415,7850.65478515625,9933,0.0,0.0
2008-01-09 00:00:00+09:00,7850.6571376953125,8016.516091308594,7661.104047851562,7898.04541015625,52600,0.0,0.0
2008-01-10 00:00:00+09:00,8134.982435574273,8371.923671561874,7866.449034788327,7882.2451171875,105865,0.0,0.0
2008-01-11 00:00:00+09:00,7977.025467850663,8134.986368204141,7708.49193724975,7890.14697265625,57074,0.0,0.0
2008-01-14 00:00:00+09:00,7898.043500698679,7898.043500698679,7716.388500182609,7771.6748046875,26203,0.0,0.0
2008-01-15 00:00:00+09:00,7898.043757241247,7898.043757241247,7661.102444524009,7669.00048828125,15532,0.0,0.0
2008-01-16 00:00:00+09:00,7661.102892504577,7700.593113599961,7424.16156593227,7550.5302734375,20871,0.0,0.0
2008-01-17 00:00:00+09:00,7582.122450313807,7676.89898094273,7471.549831246732,7550.5302734375,39459,0.0,0.0
2008-01-18 00:00:00+09:00,7511.040052342116,7582.122450313807,7432.0596101513465,7550.5302734375,26231,0.0,0.0
2008-01-21 00:00:00+09:00,7455.751346409575,7661.100430103059,7400.465054645944,7424.1591796875,28522,0.0,0.0
2008-01-22 00:00:00+09:00,7408.365563457331,7424.161652078775,7100.341835339169,7218.8125,38042,0.0,0.0
2008-01-23 00:00:00+09:00,7266.20068359375,7487.345921790082,7171.42415293818,7266.20068359375,12716,0.0,0.0
2008-01-24 00:00:00+09:00,7266.201182432432,7345.181630067567,7242.507048141892,7305.69140625,53505,0.0,0.0
2008-01-25 00:00:00+09:00,7424.161883933387,7424.161883933387,7108.240101638349,7321.4873046875,78692,0.0,0.0
2008-01-28 00:00:00+09:00,7463.651237698549,7463.651237698549,7147.7294921875,7147.7294921875,21837,0.0,0.0
2008-01-29 00:00:00+09:00,7171.423639251374,7266.200163118132,7108.239290006869,7187.2197265625,58449,0.0,0.0
2008-01-30 00:00:00+09:00,7455.752917921686,7455.752917921686,7116.137054075678,7210.91357421875,61419,0.0,0.0
2008-01-31 00:00:00+09:00,7210.914692236119,7392.569717341738,7195.118603096499,7360.9775390625,33970,0.0,0.0
2008-02-01 00:00:00+09:00,7345.180305261581,7424.160738651491,7345.180305261581,7416.2626953125,54555,0.0,0.0
2008-02-04 00:00:00+09:00,7455.752388743455,7550.5289021596855,7424.160217604712,7542.630859375,27673,0.0,0.0
2008-02-05 00:00:00+09:00,7360.974755160404,7724.28466796875,7360.974755160404,7724.28466796875,23221,0.0,0.0
2008-02-11 00:00:00+09:00,7692.692206827799,7692.692206827799,7487.343133544921,7582.11962890625,11002,0.0,0.0
2008-02-12 00:00:00+09:00,7582.121265321756,7850.654726801902,7526.8349644287855,7732.18408203125,48806,0.0,0.0
2008-02-13 00:00:00+09:00,7732.18573778947,8016.515346124936,7597.918978297723,7716.3896484375,88758,0.0,0.0
2008-02-14 00:00:00+09:00,7716.3896484375,7866.452497281218,7716.3896484375,7716.3896484375,42001,0.0,0.0
2008-02-15 00:00:00+09:00,7740.083348237513,7740.083348237513,7582.122463579604,7590.0205078125,74548,0.0,0.0
2008-02-18 00:00:00+09:00,7590.019308306467,7747.980168000669,7574.2232223370465,7732.18408203125,66783,0.0,0.0
2008-02-19 00:00:00+09:00,7740.084501953125,7898.04541015625,7700.594274902344,7898.04541015625,50024,0.0,0.0
2008-02-20 00:00:00+09:00,7898.043439855528,7977.023874254083,7811.1649620171165,7858.55322265625,51773,0.0,0.0
2008-02-21 00:00:00+09:00,7866.450055803572,8292.9443359375,7866.450055803572,8292.9443359375,111065,0.0,0.0
2008-02-22 00:00:00+09:00,8095.494196965144,8253.455059344951,8016.51376577524,8213.96484375,40302,0.0,0.0
2008-02-25 00:00:00+09:00,8292.9443359375,8450.905180431548,8174.473702566964,8292.9443359375,34248,0.0,0.0
2008-02-26 00:00:00+09:00,8213.96484375,8371.925706129807,8056.003981370192,8213.96484375,27950,0.0,0.0
2008-02-27 00:00:00+09:00,8332.434451797633,8332.434451797633,8016.51276642142,8134.9833984375,30256,0.0,0.0
2008-02-28 00:00:00+09:00,8213.964767156862,8213.964767156862,7977.023475796568,8056.00390625,39763,0.0,0.0
2008-02-29 00:00:00+09:00,7898.042224702381,8332.434547061011,7898.042224702381,8292.9443359375,58556,0.0,0.0
2008-03-03 00:00:00+09:00,8253.45403045358,8253.45403045358,7977.022555749393,8134.9833984375,22270,0.0,0.0
2008-03-04 00:00:00+09:00,8292.94674196105,8292.94674196105,8056.00540647645,8174.47607421875,6402,0.0,0.0
2008-03-05 00:00:00+09:00,8292.945589048672,8924.7890625,8253.455371957964,8924.7890625,171788,0.0,0.0
2008-03-06 00:00:00+09:00,8924.788170855978,9319.690302309784,8806.317531419838,9082.7490234375,143185,0.0,0.0
2008-03-07 00:00:00+09:00,8924.788937642694,9122.240020333904,8608.867205336757,8648.357421875,95901,0.0,0.0
2008-03-10 00:00:00+09:00,8687.848478618422,8766.828919333135,8253.4560546875,8253.4560546875,63693,0.0,0.0
2008-03-11 00:00:00+09:00,8253.4561756379,8608.8681640625,8174.4757337657675,8608.8681640625,52892,0.0,0.0
2008-03-12 00:00:00+09:00,8924.789931551031,9319.692140911697,8569.377943126434,8608.8681640625,171616,0.0,0.0
2008-03-13 00:00:00+09:00,8727.337854951484,8766.828071489725,8371.925906107306,8648.357421875,41941,0.0,0.0
2008-03-14 00:00:00+09:00,8687.847638413241,8845.80850456621,8095.4943903396115,8648.357421875,82181,0.0,0.0
2008-03-17 00:00:00+09:00,8608.868136935764,8608.868136935764,8253.456149631076,8529.8876953125,19323,0.0,0.0
2008-03-18 00:00:00+09:00,8608.870147569445,8885.3017578125,8450.909227430557,8885.3017578125,63462,0.0,0.0
2008-03-19 00:00:00+09:00,9082.748980605811,9082.748980605811,8806.317489891722,9003.7685546875,40666,0.0,0.0
2008-03-20 00:00:00+09:00,8885.29889635644,9043.259765625,8766.828244405022,9043.259765625,23412,0.0,0.0
2008-03-21 00:00:00+09:00,9122.240200259279,9161.730417576418,8924.78911367358,9043.259765625,37029,0.0,0.0
2008-03-24 00:00:00+09:00,9161.729449728262,9201.219662873642,8924.788170855978,9082.7490234375,73274,0.0,0.0
2008-03-25 00:00:00+09:00,9201.219619483278,9201.219619483278,8885.297915810033,9003.7685546875,28867,0.0,0.0
2008-03-26 00:00:00+09:00,9043.259713772124,9043.259713772124,8687.847759955752,8924.7890625,23401,0.0,0.0
2008-03-27 00:00:00+09:00,8885.299778412274,8924.789999649664,8687.848672225336,8806.3193359375,28800,0.0,0.0
2008-03-28 00:00:00+09:00,8885.298845409292,9003.769496681416,8766.828194137168,8924.7890625,45328,0.0,0.0
2008-03-31 00:00:00+09:00,8924.787057059153,9043.25768171038,8450.904558454242,8845.806640625,53990,0.0,0.0
2008-04-01 00:00:00+09:00,8964.280336577316,9161.7314453125,8569.37811910695,9161.7314453125,66304,0.0,0.0
2008-04-02 00:00:00+09:00,9280.200236517669,9556.631732924578,9201.219808972837,9359.1806640625,134431,0.0,0.0
2008-04-03 00:00:00+09:00,9477.653356481482,9833.065357349536,9438.163134162809,9596.1240234375,112769,0.0,0.0
2008-04-04 00:00:00+09:00,9517.143578800155,9635.614245756173,9398.672911844136,9596.1240234375,24180,0.0,0.0
2008-04-07 00:00:00+09:00,9477.6515625,10030.5145703125,9477.6515625,9872.5537109375,80498,0.0,0.0
2008-04-08 00:00:00+09:00,9793.5732421875,10030.51453030494,9635.612383442542,9793.5732421875,26929,0.0,0.0
2008-04-10 00:00:00+09:00,9675.103515625,9793.574170918368,9596.123078762756,9675.103515625,31668,0.0,0.0
2008-04-11 00:00:00+09:00,9793.575135030864,9793.575135030864,9477.653356481482,9596.1240234375,41148,0.0,0.0
2008-04-14 00:00:00+09:00,9438.16302333734,9596.123910757211,9240.7119140625,9240.7119140625,27375,0.0,0.0
2008-04-15 00:00:00+09:00,9280.20123725157,9438.162109375,9082.75014709728,9438.162109375,20891,0.0,0.0
2008-04-16 00:00:00+09:00,9675.102478531766,9714.592692729855,9438.161193343232,9556.6318359375,23443,0.0,0.0
2008-04-17 00:00:00+09:00,9675.102478531766,9675.102478531766,9398.670979145145,9556.6318359375,38570,0.0,0.0
2008-04-18 00:00:00+09:00,9477.651486280487,9754.08298796367,9477.651486280487,9714.5927734375,29948,0.0,0.0
2008-04-21 00:00:00+09:00,9675.10245801997,9793.573100363072,9477.651387448133,9517.1416015625,62711,0.0,0.0
2008-04-22 00:00:00+09:00,9517.14264190051,9793.574170918368,9319.691549744897,9675.103515625,61307,0.0,0.0
2008-04-23 00:00:00+09:00,9833.064873151881,11017.771484375,9833.064873151881,11017.771484375,387347,0.0,0.0
2008-04-24 00:00:00+09:00,11017.771413093065,11136.242073448906,10622.869211906935,10820.3203125,141223,0.0,0.0
2008-04-25 00:00:00+09:00,10820.318484933036,11452.161900111607,10741.338058035715,11057.259765625,183716,0.0,0.0
2008-04-28 00:00:00+09:00,11136.242043887867,11136.242043887867,10662.359403722427,10741.33984375,57008,0.0,0.0
2008-04-29 00:00:00+09:00,10741.340852272728,11333.694208096591,10741.340852272728,10859.8115234375,86352,0.0,0.0
2008-04-30 00:00:00+09:00,10780.828271484375,11491.652113560269,10780.828271484375,11057.259765625,132263,0.0,0.0
2008-05-01 00:00:00+09:00,11057.259765625,11057.259765625,11057.259765625,11057.259765625,0,0.0,0.0
2008-05-02 00:00:00+09:00,11215.22080449827,11412.671875,10938.789305795848,11412.671875,83842,0.0,0.0
2008-05-05 00:00:00+09:00,11412.671875,11412.671875,11412.671875,11412.671875,0,0.0,0.0
2008-05-06 00:00:00+09:00,11175.73248969184,11649.615139431424,11175.73248969184,11373.18359375,71830,0.0,0.0
2008-05-07 00:00:00+09:00,11333.693345716783,11689.105332167832,11215.222683566433,11294.203125,72643,0.0,0.0
2008-05-08 00:00:00+09:00,11175.731579547895,11491.6533203125,11017.770709165592,11491.6533203125,66300,0.0,0.0
2008-05-09 00:00:00+09:00,11610.1231640625,12084.005742187499,11452.1623046875,11847.064453125,157094,0.0,0.0
2008-05-12 00:00:00+09:00,11847.064453125,11847.064453125,11847.064453125,11847.064453125,0,0.0,0.0
2008-05-13 00:00:00+09:00,11847.066380033557,12162.988150167786,11649.615273699665,11768.0859375,76285,0.0,0.0
2008-05-14 00:00:00+09:00,11689.103180803571,11768.083607700893,10938.789125279018,11057.259765625,159184,0.0,0.0
2008-05-15 00:00:00+09:00,10899.300823252688,11294.203026993728,10899.300823252688,11017.771484375,176597,0.0,0.0
2008-05-16 00:00:00+09:00,11215.220902423469,12162.986049107143,11175.730687978315,11610.123046875,271726,0.0,0.0
2008-05-19 00:00:00+09:00,11610.123046875,12005.025191326531,11531.142617984693,11610.123046875,125718,0.0,0.0
2008-05-20 00:00:00+09:00,11610.124152783526,12202.477425884728,11610.124152783526,11926.0458984375,168763,0.0,0.0
2008-05-21 00:00:00+09:00,11768.08507300205,12439.418785220287,11649.614417904713,12044.5166015625,147609,0.0,0.0
2008-05-22 00:00:00+09:00,11886.555696292286,12162.987224113036,11531.14373195132,11965.5361328125,73759,0.0,0.0
2008-05-23 00:00:00+09:00,12084.0068359375,12360.438364864176,12005.026399101307,12084.0068359375,67842,0.0,0.0
2008-05-26 00:00:00+09:00,12162.988150167786,12162.988150167786,11452.164167365772,11768.0859375,73498,0.0,0.0
2008-05-27 00:00:00+09:00,12084.005620216836,12084.005620216836,11096.75025908801,11610.123046875,151528,0.0,0.0
2008-05-28 00:00:00+09:00,11807.57397375871,11807.57397375871,11175.730550413764,11333.69140625,92895,0.0,0.0
2008-05-29 00:00:00+09:00,11294.2014453125,12241.966601562499,11254.711230468749,11847.064453125,157529,0.0,0.0
2008-05-30 00:00:00+09:00,11847.064453125,12162.986171875,11531.142734375,11847.064453125,91590,0.0,0.0
2008-06-02 00:00:00+09:00,12005.026183873719,12005.026183873719,11570.6337890625,11570.6337890625,43108,0.0,0.0
2008-06-03 00:00:00+09:00,11333.690333066475,11452.160963725706,11017.768651308525,11175.7294921875,76501,0.0,0.0
2008-06-04 00:00:00+09:00,11136.240567516723,11807.57421875,11057.260137959867,11807.57421875,119455,0.0,0.0
2008-06-05 00:00:00+09:00,11807.576158766778,11886.556601300335,11610.125052432886,11768.0859375,16883,0.0,0.0
2008-06-06 00:00:00+09:00,11768.0859375,11768.0859375,11768.0859375,11768.0859375,0,0.0,0.0
2008-06-09 00:00:00+09:00,11294.202215786638,11491.653303475216,11254.711998248922,11452.1630859375,19863,0.0,0.0
2008-06-10 00:00:00+09:00,11452.163908490144,11491.654128864247,10780.830162130376,11017.771484375,48610,0.0,0.0
2008-06-11 00:00:00+09:00,10978.278417276153,11294.200098348847,10978.278417276153,11136.2392578125,64110,0.0,0.0
2008-06-12 00:00:00+09:00,11136.240192522322,11254.710832868304,10938.789125279018,11057.259765625,76757,0.0,0.0
2008-06-13 00:00:00+09:00,11215.220576663669,11215.220576663669,10780.828230384443,10978.279296875,68420,0.0,0.0
2008-06-16 00:00:00+09:00,11096.752865767046,11096.752865767046,10741.340852272728,10859.8115234375,45310,0.0,0.0
2008-06-17 00:00:00+09:00,11057.260580027676,11057.260580027676,10583.377983740775,10701.8486328125,34409,0.0,0.0
2008-06-18 00:00:00+09:00,10583.378991788322,11057.26163321168,10583.378991788322,10820.3203125,44837,0.0,0.0
2008-06-19 00:00:00+09:00,10820.320283777573,10978.28116383272,10701.849623736212,10741.33984375,58617,0.0,0.0
2008-06-20 00:00:00+09:00,10938.791970880682,10978.282194602274,10701.850628551138,10859.8115234375,37694,0.0,0.0
2008-06-23 00:00:00+09:00,10820.3203125,10859.810532618614,10464.908331432482,10820.3203125,24792,0.0,0.0
2008-06-24 00:00:00+09:00,10820.31931805174,10820.31931805174,10622.86823560554,10780.8291015625,14359,0.0,0.0
2008-06-25 00:00:00+09:00,10741.338738207547,10741.338738207547,10464.9072265625,10464.9072265625,25154,0.0,0.0
2008-06-26 00:00:00+09:00,10662.356289950285,10701.846498431581,10385.924830581203,10425.4150390625,46686,0.0,0.0
2008-06-27 00:00:00+09:00,10267.4560546875,10385.926701472355,10109.495192307691,10267.4560546875,69430,0.0,0.0
2008-06-30 00:00:00+09:00,10385.926701472355,10741.338641826922,9991.024545522836,10267.4560546875,80307,0.0,0.0
2008-07-01 00:00:00+09:00,10464.908033956694,10622.868909940946,9951.535187007874,10030.515625,34423,0.0,0.0
2008-07-02 00:00:00+09:00,9872.555202907986,9991.025865342881,8529.8876953125,8529.8876953125,391144,0.0,0.0
2008-07-03 00:00:00+09:00,8134.986772460938,8213.9672265625,7266.20177734375,7898.04541015625,677736,0.0,0.0
2008-07-04 00:00:00+09:00,7937.535242762293,8371.92771873436,7890.14697265625,7890.14697265625,150251,0.0,0.0
2008-07-07 00:00:00+09:00,7542.63256416812,7740.083678413358,7337.283405353071,7360.9775390625,113910,0.0,0.0
2008-07-08 00:00:00+09:00,7495.243015228109,7613.713663519385,7108.2388974766045,7384.67041015625,49890,0.0,0.0
2008-07-09 00:00:00+09:00,7582.122395833333,7661.102837456597,7068.749525282118,7108.23974609375,159983,0.0,0.0
2008-07-10 00:00:00+09:00,7084.545666503906,7266.20068359375,6973.9730474057405,7266.20068359375,96627,0.0,0.0
2008-07-11 00:00:00+09:00,7297.7912151702785,7874.3483133384925,7274.097087848297,7653.203125,92421,0.0,0.0
2008-07-14 00:00:00+09:00,7645.305056313451,7850.6541590656725,7558.426589764435,7779.57177734375,130658,0.0,0.0
2008-07-15 00:00:00+09:00,7819.062356839005,7819.062356839005,7432.058260389397,7542.630859375,42605,0.0,0.0
2008-07-16 00:00:00+09:00,7582.120769937041,7613.712939811779,7424.159920563353,7526.83447265625,25049,0.0,0.0
2008-07-17 00:00:00+09:00,7621.612066701681,7724.2866334033615,7487.345325630253,7518.9375,33932,0.0,0.0
2008-07-18 00:00:00+09:00,7542.631820518092,7653.20443359375,7424.161163651315,7503.1416015625,21255,0.0,0.0
2008-07-21 00:00:00+09:00,7353.079140843782,7779.573527101101,7353.079140843782,7755.87939453125,40075,0.0,0.0
2008-07-22 00:00:00+09:00,7747.979071514424,7755.877113381411,7503.139773637821,7700.5908203125,13255,0.0,0.0
2008-07-23 00:00:00+09:00,7740.081614155544,7771.67378400924,7613.712934740759,7692.693359375,17140,0.0,0.0
2008-07-24 00:00:00+09:00,7700.592244260847,8095.494410633199,7700.592244260847,7826.9609375,125694,0.0,0.0
2008-07-25 00:00:00+09:00,7882.247240792129,8332.43571045661,7779.572677535318,7826.9609375,154426,0.0,0.0
2008-07-28 00:00:00+09:00,7898.041280110677,7898.041280110677,7518.935298665365,7582.11962890625,63568,0.0,0.0
2008-07-29 00:00:00+09:00,7582.121975806452,7582.121975806452,7092.443264868952,7345.1806640625,65300,0.0,0.0
2008-07-30 00:00:00+09:00,7463.651789126189,7463.651789126189,7139.831976052989,7266.20068359375,40300,0.0,0.0
2008-07-31 00:00:00+09:00,7274.099227195946,7566.326883445946,7210.914869087837,7305.69140625,55600,0.0,0.0
2008-08-01 00:00:00+09:00,7384.671193248821,7392.569237305772,6934.4826820026365,7116.1376953125,58500,0.0,0.0
2008-08-04 00:00:00+09:00,7029.259304470486,7179.3221435546875,6981.871039496527,7108.23974609375,20000,0.0,0.0
2008-08-05 00:00:00+09:00,6989.767867437018,7234.607193867016,6950.277653496696,7171.4228515625,25400,0.0,0.0
2008-08-06 00:00:00+09:00,7266.199761864973,7432.058669472761,7210.913459329044,7384.67041015625,49800,0.0,0.0
2008-08-07 00:00:00+09:00,7345.1806640625,7471.549363659274,7274.098270539314,7345.1806640625,15400,0.0,0.0
2008-08-08 00:00:00+09:00,7266.200226814516,7432.059145035282,7266.200226814516,7345.1806640625,22300,0.0,0.0
2008-08-11 00:00:00+09:00,7353.078926655783,7447.85545417444,7337.282838736007,7408.365234375,12800,0.0,0.0
2008-08-12 00:00:00+09:00,7455.753372241658,7455.753372241658,7321.486627190696,7337.28271484375,21000,0.0,0.0
2008-08-13 00:00:00+09:00,7266.200320405006,7376.772933976386,7266.200320405006,7337.28271484375,19900,0.0,0.0
2008-08-14 00:00:00+09:00,7337.28271484375,7424.161196935549,7266.200320405006,7337.28271484375,6200,0.0,0.0
2008-08-15 00:00:00+09:00,7337.28271484375,7337.28271484375,7337.28271484375,7337.28271484375,0,0.0,0.0
2008-08-18 00:00:00+09:00,7353.078707787298,7376.772838961693,7274.098270539314,7345.1806640625,7538,0.0,0.0
2008-08-19 00:00:00+09:00,7226.710008190524,7376.772838961693,7171.423702116936,7345.1806640625,14341,0.0,0.0
2008-08-20 00:00:00+09:00,7329.384576612903,7345.1806640625,7187.219789566532,7345.1806640625,12057,0.0,0.0
2008-08-21 00:00:00+09:00,7345.180758670278,7345.180758670278,7258.302276578479,7337.28271484375,12084,0.0,0.0
2008-08-22 00:00:00+09:00,7392.568861607143,7392.568861607143,6973.972547862294,7187.2197265625,79067,0.0,0.0
2008-08-25 00:00:00+09:00,7131.933372250349,7171.42359025838,6934.482282210195,7068.7490234375,29375,0.0,0.0
2008-08-26 00:00:00+09:00,6966.07373339259,7029.258075645584,6452.7009525870135,6594.86572265625,92776,0.0,0.0
2008-08-27 00:00:00+09:00,6515.885233064978,6547.4774038919595,6397.414592463796,6476.39501953125,61313,0.0,0.0
2008-08-28 00:00:00+09:00,6492.191688845009,6586.968209850045,6405.313211257058,6468.49755859375,41830,0.0,0.0
2008-08-29 00:00:00+09:00,6539.579949347527,6539.579949347527,6278.944516583677,6468.49755859375,31104,0.0,0.0
2008-09-01 00:00:00+09:00,6357.925078520903,6357.925078520903,5568.1207209406675,5844.55224609375,79694,0.0,0.0
2008-09-02 00:00:00+09:00,5647.101362455259,6081.493774951817,5220.606993822274,5378.56787109375,65622,0.0,0.0
2008-09-03 00:00:00+09:00,5370.669748453421,5489.140404669305,5236.403004742085,5425.9560546875,32543,0.0,0.0
2008-09-04 00:00:00+09:00,5307.48452970297,5686.590567538897,5307.48452970297,5583.916015625,86059,0.0,0.0
2008-09-05 00:00:00+09:00,5520.7328694661455,5805.0624593098955,5425.956339518229,5686.591796875,42226,0.0,0.0
2008-09-08 00:00:00+09:00,5884.043103027344,6397.415991210938,5884.043103027344,6318.435546875,110282,0.0,0.0
2008-09-09 00:00:00+09:00,6484.292932283425,6618.559655607199,6152.57514524822,6239.45361328125,144119,0.0,0.0
2008-09-10 00:00:00+09:00,6239.455033571594,6405.31396484375,5939.329348412454,6405.31396484375,36278,0.0,0.0
2008-09-11 00:00:00+09:00,6650.153170802324,6650.153170802324,6429.0079347186365,6500.09033203125,23768,0.0,0.0
2008-09-12 00:00:00+09:00,6500.0891377452435,6729.132375891795,6492.191095050535,6642.25390625,50474,0.0,0.0
2008-09-15 00:00:00+09:00,6642.25390625,6642.25390625,6642.25390625,6642.25390625,0,0.0,0.0
2008-09-16 00:00:00+09:00,6160.475338855422,6199.965565386547,5710.286756400603,5899.83984375,51961,0.0,0.0
2008-09-17 00:00:00+09:00,5970.921040482955,6239.454526430601,5970.921040482955,6081.49365234375,51218,0.0,0.0
2008-09-18 00:00:00+09:00,5733.979059459207,5741.877102240831,5275.892578125,5275.892578125,303404,0.0,0.0
2008-09-19 00:00:00+09:00,5528.629718440594,5662.896440174151,5473.343421256188,5583.916015625,339524,0.0,0.0
2008-09-22 00:00:00+09:00,5733.97998046875,5915.634993624096,5607.611275665031,5733.97998046875,115621,0.0,0.0
2008-09-23 00:00:00+09:00,5647.100957614272,5820.85791015625,5647.100957614272,5820.85791015625,40382,0.0,0.0
2008-09-24 00:00:00+09:00,5820.858455199389,6010.411512085122,5820.858455199389,5978.8193359375,60811,0.0,0.0
2008-09-25 00:00:00+09:00,6042.003306966573,6049.901350505092,5899.838523273243,6010.4111328125,33053,0.0,0.0
2008-09-26 00:00:00+09:00,6057.798819558662,6057.798819558662,5773.469279136091,5852.44970703125,43343,0.0,0.0
2008-09-29 00:00:00+09:00,5923.532259666314,6065.697033898306,5591.814453125,5591.814453125,45814,0.0,0.0
2008-09-30 00:00:00+09:00,5149.524668577373,5576.01904296875,4817.806821828523,5576.01904296875,52089,0.0,0.0
2008-10-01 00:00:00+09:00,5528.63090034965,5718.183959790209,5481.242635489511,5647.1015625,36958,0.0,0.0
2008-10-02 00:00:00+09:00,5599.71226702009,5726.080950055803,5528.6298828125,5528.6298828125,36773,0.0,0.0
2008-10-03 00:00:00+09:00,5528.6298828125,5528.6298828125,5528.6298828125,5528.6298828125,0,0.0,0.0
2008-10-06 00:00:00+09:00,5378.568088689223,5631.3055025483345,5149.524807379403,5157.4228515625,33335,0.0,0.0
2008-10-07 00:00:00+09:00,4880.991305154096,5157.4228515625,4849.399128421707,5157.4228515625,41349,0.0,0.0
2008-10-08 00:00:00+09:00,5007.359783935547,5331.179580688477,4762.520425415039,5054.748046875,53877,0.0,0.0
2008-10-09 00:00:00+09:00,5267.995094401042,5267.995094401042,4549.273125000001,4738.826171875,52459,0.0,0.0
2008-10-10 00:00:00+09:00,4509.781778390067,4541.373944963728,4043.7973214285716,4422.9033203125,93667,0.0,0.0
2008-10-13 00:00:00+09:00,4959.970964591734,4959.970964591734,4628.253161227319,4896.78662109375,29457,0.0,0.0
2008-10-14 00:00:00+09:00,5212.7089499587,5402.262002684472,5212.7089499587,5378.56787109375,83212,0.0,0.0
2008-10-15 00:00:00+09:00,5386.464662289451,5568.11962890625,5189.013611619016,5568.11962890625,74557,0.0,0.0
2008-10-16 00:00:00+09:00,5299.5872589064875,5449.650087400114,5189.0146484375,5189.0146484375,91374,0.0,0.0
2008-10-17 00:00:00+09:00,5726.081342554804,5726.081342554804,4833.602457439366,5291.68896484375,22711,0.0,0.0
2008-10-20 00:00:00+09:00,5291.687936493845,5528.629187381629,5023.154518821023,5212.70751953125,17612,0.0,0.0
2008-10-21 00:00:00+09:00,5275.892936741275,5449.649889747724,5070.543810460926,5204.810546875,14125,0.0,0.0
2008-10-22 00:00:00+09:00,5133.7283350840335,5204.8107274159665,4580.865283613445,4699.3359375,37982,0.0,0.0
2008-10-23 00:00:00+09:00,4225.453655079645,4343.924318306177,4028.0025497020915,4059.5947265625,58663,0.0,0.0
2008-10-24 00:00:00+09:00,3980.6134287399886,4059.593853913401,3451.444580078125,3451.444580078125,63612,0.0,0.0
2008-10-27 00:00:00+09:00,3443.5472019740514,3949.0220206124445,3443.5472019740514,3538.32373046875,52569,0.0,0.0
2008-10-28 00:00:00+09:00,3562.018479980469,4028.003159179688,3554.1204345703127,3949.022705078125,47109,0.0,0.0
2008-10-29 00:00:00+09:00,4351.821613112606,4351.821613112606,3791.0605704066265,3933.225341796875,44717,0.0,0.0
2008-10-30 00:00:00+09:00,4249.147198016827,4517.6806640625,4249.147198016827,4517.6806640625,32803,0.0,0.0
2008-10-31 00:00:00+09:00,4904.685214233398,5125.83044128418,4802.01064453125,5054.748046875,62106,0.0,0.0
2008-11-03 00:00:00+09:00,5133.728692528075,5425.956325795058,5125.830648385724,5362.77197265625,51136,0.0,0.0
2008-11-04 00:00:00+09:00,5267.99462890625,5418.05744442232,5054.747470014992,5267.99462890625,78806,0.0,0.0
2008-11-05 00:00:00+09:00,5433.85451737106,5631.30562628716,5283.791674594824,5512.8349609375,48565,0.0,0.0
2008-11-06 00:00:00+09:00,5181.116286057692,5291.688889723558,5094.237811748798,5133.72802734375,55127,0.0,0.0
2008-11-07 00:00:00+09:00,4738.826473247404,5339.0778265254075,4675.642120270772,5323.28173828125,71283,0.0,0.0
2008-11-10 00:00:00+09:00,5323.2810621995195,5378.567364032452,5133.72802734375,5133.72802734375,18625,0.0,0.0
2008-11-11 00:00:00+09:00,5007.359222215222,5117.931823336694,4857.29640640751,4896.78662109375,20041,0.0,0.0
2008-11-12 00:00:00+09:00,4880.990940126051,4880.990940126051,4675.64180672269,4699.3359375,23397,0.0,0.0
2008-11-13 00:00:00+09:00,4422.904595751779,4580.865474171485,4264.943717332073,4438.70068359375,34489,0.0,0.0
2008-11-14 00:00:00+09:00,4525.579540522412,4896.787635469276,4525.579540522412,4691.4384765625,21712,0.0,0.0
2008-11-17 00:00:00+09:00,4691.437893907563,4857.29680934874,4596.66137079832,4699.3359375,14848,0.0,0.0
2008-11-18 00:00:00+09:00,4580.865852535775,4723.03065485585,4572.967807962437,4691.4384765625,39162,0.0,0.0
2008-11-19 00:00:00+09:00,4675.642115724381,4841.501042126766,4407.108615834805,4470.29296875,21889,0.0,0.0
2008-11-20 00:00:00+09:00,4470.292582835691,4470.292582835691,4059.594324341953,4257.04541015625,18022,0.0,0.0
2008-11-21 00:00:00+09:00,4130.677352644687,4272.842156368596,3941.1242810128083,4162.26953125,58299,0.0,0.0
2008-11-24 00:00:00+09:00,4059.5945413176546,4099.084760591172,3830.55126953125,3830.55126953125,42510,0.0,0.0
2008-11-25 00:00:00+09:00,3949.022705078125,4162.269931152344,3945.073682373047,3949.022705078125,33103,0.0,0.0
2008-11-26 00:00:00+09:00,3949.021932855989,4099.084766304516,3862.143450333157,3972.716064453125,20345,0.0,0.0
2008-11-27 00:00:00+09:00,4035.900772004438,4146.47339589497,3972.716415495562,4004.30859375,32502,0.0,0.0
2008-11-28 00:00:00+09:00,4035.9000700176884,4249.147236143867,3996.409854068396,4185.962890625,36332,0.0,0.0
2008-12-01 00:00:00+09:00,4185.962984773748,4312.33167865371,4122.778637833767,4178.06494140625,12706,0.0,0.0
2008-12-02 00:00:00+09:00,3964.81746051541,4067.492016265809,3964.81746051541,4020.103759765625,9140,0.0,0.0
2008-12-03 00:00:00+09:00,4170.1679765625,4170.1679765625,3949.022705078125,3949.022705078125,11037,0.0,0.0
2008-12-04 00:00:00+09:00,4067.4924260919743,4067.4924260919743,3806.8569890802555,3822.653076171875,25413,0.0,0.0
2008-12-05 00:00:00+09:00,3818.703371984982,4075.3897413531554,3818.703371984982,4067.49169921875,19973,0.0,0.0
2008-12-08 00:00:00+09:00,4035.900769310276,4328.12841796875,4035.900769310276,4328.12841796875,25405,0.0,0.0
2008-12-09 00:00:00+09:00,4359.719043151969,4359.719043151969,4178.064083020638,4209.65625,19095,0.0,0.0
2008-12-10 00:00:00+09:00,4170.167639138241,4462.395295668762,4106.98328096948,4399.2109375,61325,0.0,0.0
2008-12-11 00:00:00+09:00,4478.189611816407,4509.781778390067,4312.330737304687,4422.9033203125,52930,0.0,0.0
2008-12-12 00:00:00+09:00,4422.903694509346,4422.903694509346,4162.268298225759,4225.45263671875,34773,0.0,0.0
2008-12-15 00:00:00+09:00,4328.12841796875,4478.191264577155,4272.8421060603905,4328.12841796875,42314,0.0,0.0
2008-12-16 00:00:00+09:00,4422.904595751779,4446.598727514735,4264.943717332073,4438.70068359375,24264,0.0,0.0
2008-12-17 00:00:00+09:00,4517.680223651961,4857.296044660762,4430.8017578125,4430.8017578125,90121,0.0,0.0
2008-12-18 00:00:00+09:00,4604.559914879765,4715.132537192487,4407.108803607048,4454.4970703125,79195,0.0,0.0
2008-12-19 00:00:00+09:00,4462.395114763409,4549.273603723404,4391.31271470523,4454.4970703125,62062,0.0,0.0
2008-12-22 00:00:00+09:00,4501.884831832627,4738.826138771186,4501.884831832627,4659.845703125,62460,0.0,0.0
2008-12-23 00:00:00+09:00,4659.844657585967,4659.844657585967,4201.758233619888,4249.146484375,87512,0.0,0.0
2008-12-24 00:00:00+09:00,4257.04477123504,4272.840855729419,3996.409377077792,4083.287841796875,66934,0.0,0.0
2008-12-25 00:00:00+09:00,4083.287841796875,4083.287841796875,4083.287841796875,4083.287841796875,0,0.0,0.0
2008-12-26 00:00:00+09:00,4083.2874401762283,4146.47177193911,4028.001149883707,4138.57373046875,21172,0.0,0.0
2008-12-29 00:00:00+09:00,4178.064847435141,4241.249192954009,4099.084415536557,4185.962890625,35616,0.0,0.0
2008-12-30 00:00:00+09:00,4122.778471533932,4343.923676903568,4122.778471533932,4233.35107421875,23630,0.0,0.0
2008-12-31 00:00:00+09:00,4233.35107421875,4233.35107421875,4233.35107421875,4233.35107421875,0,0.0,0.0
2009-01-02 00:00:00+09:00,4738.825688008589,4865.194373022152,4367.61767578125,4367.61767578125,322834,0.0,0.0
2009-01-05 00:00:00+09:00,4462.394230302231,4580.864873584592,4415.005972989287,4446.59814453125,115751,0.0,0.0
2009-01-06 00:00:00+09:00,4557.171467956437,4738.826483143608,4462.394938293564,4509.783203125,192679,0.0,0.0
2009-01-07 00:00:00+09:00,4509.782270264092,4628.252907836704,4501.884227759251,4588.7626953125,69986,0.0,0.0
2009-01-08 00:00:00+09:00,4509.783203125,4659.846041757881,4501.885158986427,4509.783203125,43848,0.0,0.0
2009-01-09 00:00:00+09:00,4525.578584698933,5110.03375968623,4525.578584698933,4857.29638671875,298480,0.0,0.0
2009-01-12 00:00:00+09:00,4904.684719442734,4920.480805495689,4667.743428648399,4809.908203125,63202,0.0,0.0
2009-01-13 00:00:00+09:00,4778.316704688787,4809.9088812487125,4620.355821889158,4794.11279296875,37219,0.0,0.0
2009-01-14 00:00:00+09:00,4904.685214233398,5086.340222167969,4809.908688354492,5054.748046875,102338,0.0,0.0
2009-01-15 00:00:00+09:00,4857.296792240466,4936.277227886652,4620.355485301907,4659.845703125,64274,0.0,0.0
2009-01-16 00:00:00+09:00,4754.621442875211,4754.621442875211,4557.170386277403,4683.5390625,51821,0.0,0.0
2009-01-19 00:00:00+09:00,4778.316393095038,5031.053789093453,4715.132044095434,4983.66552734375,77398,0.0,0.0
2009-01-20 00:00:00+09:00,4999.461159012957,5007.359201918191,4786.2140005716465,4857.29638671875,24054,0.0,0.0
2009-01-21 00:00:00+09:00,4738.826622596154,4770.418800080129,4588.763779547276,4620.35595703125,86410,0.0,0.0
2009-01-22 00:00:00+09:00,4817.806732177734,5236.403054809571,4770.418469238281,5054.748046875,181011,0.0,0.0
2009-01-23 00:00:00+09:00,5117.932223241886,5504.936357406782,5094.238092578729,5110.0341796875,288562,0.0,0.0
2009-01-28 00:00:00+09:00,5354.873759541985,5354.873759541985,5110.034398854962,5173.21875,95441,0.0,0.0
2009-01-29 00:00:00+09:00,5181.1162109375,5339.077071027058,5110.033823897199,5181.1162109375,50206,0.0,0.0
2009-01-30 00:00:00+09:00,5078.442083445057,5212.708825931162,5031.053821391137,5062.64599609375,47291,0.0,0.0
2009-02-02 00:00:00+09:00,5054.748511904762,5252.199625651042,4928.379799107143,4975.76806640625,79183,0.0,0.0
2009-02-03 00:00:00+09:00,5094.238581367619,5718.18408203125,5094.238581367619,5718.18408203125,312831,0.0,0.0
2009-02-04 00:00:00+09:00,5994.615123784148,6373.721218568916,5828.7562073158115,5963.02294921875,353757,0.0,0.0
2009-02-05 00:00:00+09:00,5947.227458496094,6318.435546875,5733.980258789063,6318.435546875,160952,0.0,0.0
2009-02-06 00:00:00+09:00,6239.453676970109,6357.92431640625,6026.206525985055,6357.92431640625,238584,0.0,0.0
2009-02-09 00:00:00+09:00,6468.49787551592,6547.478313556408,6136.780035745873,6278.94482421875,178641,0.0,0.0
2009-02-10 00:00:00+09:00,6318.4347670386005,6816.0115049428905,6294.740636662205,6547.47802734375,286590,0.0,0.0
2009-02-11 00:00:00+09:00,6413.211489716106,6871.298024695828,6413.211489716106,6816.01171875,88254,0.0,0.0
2009-02-12 00:00:00+09:00,7108.2382101096855,7305.689271501622,6989.767573274525,7155.62646484375,107144,0.0,0.0
2009-02-13 00:00:00+09:00,7108.239245157262,7313.58837890625,6808.113588139511,7313.58837890625,269741,0.0,0.0
2009-02-16 00:00:00+09:00,7266.201161202186,7297.793340163935,7108.240266393443,7226.7109375,87989,0.0,0.0
2009-02-17 00:00:00+09:00,7155.626760151572,7163.524802933196,6436.904867023765,6594.86572265625,153732,0.0,0.0
2009-02-18 00:00:00+09:00,6436.904836222092,6910.787400851939,6192.065511163338,6721.234375,105056,0.0,0.0
2009-02-19 00:00:00+09:00,6673.846512395014,6776.521074124168,6318.434567947942,6523.78369140625,71352,0.0,0.0
2009-02-20 00:00:00+09:00,6397.414646899606,6468.497031865158,5923.532080462598,6018.30859375,40538,0.0,0.0
2009-02-23 00:00:00+09:00,5923.531971807066,6389.516486922555,5923.531971807066,6357.92431640625,87769,0.0,0.0
2009-02-24 00:00:00+09:00,6136.780136365775,6618.560816312123,6105.187960631589,6555.37646484375,236219,0.0,0.0
2009-02-25 00:00:00+09:00,6713.337537977431,7171.424099392361,6713.337537977431,7108.23974609375,144859,0.0,0.0
2009-02-26 00:00:00+09:00,7108.2396371024,7131.933769226074,6942.380712236677,7076.6474609375,141978,0.0,0.0
2009-02-27 00:00:00+09:00,7076.647115384616,7187.2197265625,6902.890154962226,7187.2197265625,77116,0.0,0.0
2009-03-02 00:00:00+09:00,7100.340705687212,7100.340705687212,6484.29334746296,6863.3994140625,87880,0.0,0.0
2009-03-03 00:00:00+09:00,6429.007761907003,6634.356904179217,6429.007761907003,6555.37646484375,115246,0.0,0.0
2009-03-04 00:00:00+09:00,6555.37568248402,6950.27783203125,6555.37568248402,6950.27783203125,47230,0.0,0.0
2009-03-05 00:00:00+09:00,6950.277387640449,7108.23823735955,6879.1950052668535,7029.2578125,42888,0.0,0.0
2009-03-06 00:00:00+09:00,6721.235164314374,7021.360823825474,6721.235164314374,6981.87060546875,88188,0.0,0.0
2009-03-09 00:00:00+09:00,6973.973045444887,7597.918538751961,6950.278912787657,7550.5302734375,313951,0.0,0.0
2009-03-10 00:00:00+09:00,7463.651382606908,7582.122039473684,7234.608112664474,7503.1416015625,148320,0.0,0.0
2009-03-11 00:00:00+09:00,7740.082472211128,7787.470732245074,7345.180305261581,7416.2626953125,165917,0.0,0.0
2009-03-12 00:00:00+09:00,7345.180583131906,7542.631674076312,7147.7294921875,7147.7294921875,98185,0.0,0.0
2009-03-13 00:00:00+09:00,7345.1811258067255,7345.1811258067255,6981.871091627038,7266.20068359375,81632,0.0,0.0
2009-03-16 00:00:00+09:00,7266.199930125269,7337.28232074606,7155.627322492928,7329.38427734375,23521,0.0,0.0
2009-03-17 00:00:00+09:00,7321.486993142833,7376.773302691916,7163.526108716882,7266.20068359375,29977,0.0,0.0
2009-03-18 00:00:00+09:00,7321.486594366776,7661.1024773848685,7195.117893708882,7503.1416015625,89826,0.0,0.0
2009-03-19 00:00:00+09:00,7503.141412815126,7692.694459033613,7424.1609768907565,7518.9375,90003,0.0,0.0
2009-03-20 00:00:00+09:00,7518.936977332746,7890.1450003733335,7313.58785820391,7850.65478515625,171261,0.0,0.0
2009-03-23 00:00:00+09:00,7898.043327447023,7898.043327447023,7771.67463420787,7826.9609375,10854,0.0,0.0
2009-03-24 00:00:00+09:00,8016.51416015625,8095.494595231681,7834.8591594827585,8016.51416015625,52246,0.0,0.0
2009-03-25 00:00:00+09:00,8016.514850021502,8766.829047806765,7858.553966277235,8608.8681640625,453591,0.0,0.0
2009-03-26 00:00:00+09:00,8727.337854951484,8845.80850456621,8450.90633918379,8648.357421875,75237,0.0,0.0
2009-03-27 00:00:00+09:00,8648.357421875,8964.279154180935,8371.925906107306,8648.357421875,68825,0.0,0.0
2009-03-30 00:00:00+09:00,8727.337646484375,8727.337646484375,8056.003981370192,8213.96484375,80067,0.0,0.0
2009-03-31 00:00:00+09:00,8174.477557575533,8411.418936055983,8016.516638588567,8332.4384765625,57484,0.0,0.0
2009-04-01 00:00:00+09:00,8411.417059382167,8727.338826870699,8174.4757337657675,8608.8681640625,66987,0.0,0.0
2009-04-02 00:00:00+09:00,8608.866404529184,9201.219597501376,8529.885978799559,8964.2783203125,98066,0.0,0.0
2009-04-03 00:00:00+09:00,9122.240200259279,9201.220634893558,8687.847809770741,9043.259765625,81928,0.0,0.0
2009-04-06 00:00:00+09:00,9003.7685546875,9477.651110197368,8806.317489891722,9003.7685546875,160552,0.0,0.0
2009-04-07 00:00:00+09:00,9280.201221113446,9398.671875,8885.299041491597,9398.671875,96045,0.0,0.0
2009-04-08 00:00:00+09:00,9201.22075278072,9912.044673596398,9201.22075278072,9319.69140625,135669,0.0,0.0
2009-04-09 00:00:00+09:00,9635.614416787792,10267.457985101744,9398.67307867006,10188.4775390625,188931,0.0,0.0
2009-04-10 00:00:00+09:00,10425.416859192606,10425.416859192606,9714.592982429474,10148.9853515625,104045,0.0,0.0
2009-04-13 00:00:00+09:00,10227.965839092547,10622.867995042066,9754.083251953125,10267.4560546875,217661,0.0,0.0
2009-04-14 00:00:00+09:00,10267.456970214844,10425.417846679688,9793.574340820312,10109.49609375,122528,0.0,0.0
2009-04-15 00:00:00+09:00,9872.553806678921,10227.965743719362,9161.729932598038,10070.0048828125,179115,0.0,0.0
2009-04-16 00:00:00+09:00,10148.986051432292,10188.476269531251,9477.65234375,9477.65234375,158591,0.0,0.0
2009-04-17 00:00:00+09:00,9635.613148834746,9833.064237950211,8450.90661414195,9319.69140625,283826,0.0,0.0
2009-04-20 00:00:00+09:00,9319.691471354166,9596.122998046876,9003.769726562501,9477.65234375,78174,0.0,0.0
2009-04-21 00:00:00+09:00,9240.710236580142,9793.5732421875,9082.749377835182,9793.5732421875,106449,0.0,0.0
2009-04-22 00:00:00+09:00,9991.024527177848,10267.456035834943,9556.632156430984,10227.9658203125,124140,0.0,0.0
2009-04-23 00:00:00+09:00,10267.456035834943,10385.926682402269,9951.534311655405,10227.9658203125,48335,0.0,0.0
2009-04-24 00:00:00+09:00,10227.965562277694,10267.455776803861,9398.67105722815,9714.5927734375,70055,0.0,0.0
2009-04-27 00:00:00+09:00,10030.514385049275,10030.514385049275,9082.749246304462,9517.1416015625,76413,0.0,0.0
2009-04-28 00:00:00+09:00,9872.55449054622,10030.515362394959,9240.71100315126,9398.671875,114554,0.0,0.0
2009-04-29 00:00:00+09:00,9556.633801118827,9793.575135030864,9122.241355613427,9596.1240234375,42674,0.0,0.0
2009-04-30 00:00:00+09:00,9635.61343503937,10267.456938976378,9398.672121062993,10030.515625,121554,0.0,0.0
2009-05-04 00:00:00+09:00,10188.477370965677,10188.477370965677,9477.653368340163,9635.6142578125,147601,0.0,0.0
2009-05-06 00:00:00+09:00,9754.08387044271,9991.025179036458,9161.730598958333,9477.65234375,180589,0.0,0.0
2009-05-07 00:00:00+09:00,9596.122998046876,9596.122998046876,9240.71103515625,9477.65234375,61424,0.0,0.0
2009-05-08 00:00:00+09:00,9477.651524697581,9833.06345687374,9359.180880638862,9793.5732421875,62300,0.0,0.0
2009-05-11 00:00:00+09:00,9951.534311655405,10306.946251357384,9596.122371953426,10227.9658203125,124368,0.0,0.0
2009-05-12 00:00:00+09:00,10188.475528492647,10504.397250306372,9951.534237132353,10070.0048828125,90159,0.0,0.0
2009-05-13 00:00:00+09:00,10148.986597033514,10978.281221693842,9872.555055480072,10899.30078125,319459,0.0,0.0
2009-05-14 00:00:00+09:00,10899.298911830358,11373.181473214287,10701.847844587053,11057.259765625,176756,0.0,0.0
2009-05-15 00:00:00+09:00,11215.220619419644,11254.710832868304,10741.338058035715,11057.259765625,108483,0.0,0.0
2009-05-18 00:00:00+09:00,10820.318484933036,11452.161900111607,10583.377204241071,11057.259765625,88246,0.0,0.0
2009-05-19 00:00:00+09:00,11057.259908536585,11333.69140625,10859.80883874129,11333.69140625,75468,0.0,0.0
2009-05-20 00:00:00+09:00,11333.691506581763,11531.142578125,10978.279577803938,11531.142578125,53531,0.0,0.0
2009-05-21 00:00:00+09:00,11531.143521012931,12005.026131465516,11136.241345635775,11452.1630859375,151583,0.0,0.0
2009-05-22 00:00:00+09:00,11136.239281967755,11452.160963725706,10978.27844108878,11175.7294921875,62171,0.0,0.0
2009-05-25 00:00:00+09:00,10899.299696180557,11136.240993923611,9872.554072627316,10662.3583984375,57037,0.0,0.0
2009-05-26 00:00:00+09:00,10662.35830630896,10741.338738207547,10188.475714917453,10464.9072265625,105260,0.0,0.0
2009-05-27 00:00:00+09:00,10662.359161376953,10662.359161376953,9793.574340820312,10109.49609375,88461,0.0,0.0
2009-05-28 00:00:00+09:00,9833.06368314303,10267.4560546875,9754.083251953125,10267.4560546875,20479,0.0,0.0
2009-05-29 00:00:00+09:00,10267.456235532409,10662.3583984375,10030.514937789352,10662.3583984375,23095,0.0,0.0
2009-06-01 00:00:00+09:00,10504.398551551096,10899.300752737227,10306.947450958029,10820.3203125,88661,0.0,0.0
2009-06-02 00:00:00+09:00,10899.300752737227,11136.242073448906,10780.830092381388,10820.3203125,82411,0.0,0.0
2009-06-03 00:00:00+09:00,11136.241345635775,11689.104391163793,11057.260910560344,11452.1630859375,138320,0.0,0.0
2009-06-04 00:00:00+09:00,11570.632690004355,11610.122903963415,10899.29905270035,11333.69140625,44220,0.0,0.0
2009-06-05 00:00:00+09:00,11491.653303475216,11491.653303475216,11017.770693022629,11452.1630859375,52971,0.0,0.0
2009-06-08 00:00:00+09:00,11531.142617984693,11689.103475765305,11215.220902423469,11610.123046875,39329,0.0,0.0
2009-06-09 00:00:00+09:00,11531.144449300698,11570.634670017482,11136.242242132867,11294.203125,28870,0.0,0.0
2009-06-10 00:00:00+09:00,11452.162149507705,11531.142578125,10938.78936349529,11531.142578125,34183,0.0,0.0
2009-06-11 00:00:00+09:00,11689.104231539146,11689.104231539146,11096.7509765625,11096.7509765625,33623,0.0,0.0
2009-06-12 00:00:00+09:00,11136.240473533164,11610.123046875,10938.789401307398,11610.123046875,41126,0.0,0.0
2009-06-15 00:00:00+09:00,11610.123006742295,11610.123006742295,11294.201292273116,11531.142578125,19373,0.0,0.0
2009-06-16 00:00:00+09:00,11610.123349294356,12241.966796875,11412.672271925403,12241.966796875,134112,0.0,0.0
2009-06-17 00:00:00+09:00,12320.948130122952,12439.418785220287,11886.555728099385,12044.5166015625,68252,0.0,0.0
2009-06-18 00:00:00+09:00,12084.005035692891,12676.358223717054,12084.005035692891,12360.4365234375,119087,0.0,0.0
2009-06-19 00:00:00+09:00,12439.415990744428,12715.847457205415,12084.004105294587,12399.92578125,64129,0.0,0.0
2009-06-22 00:00:00+09:00,12557.887652047071,12557.887652047071,12202.475737366494,12478.9072265625,37788,0.0,0.0
2009-06-23 00:00:00+09:00,12478.907890625,12834.31982421875,11847.064453125,11847.064453125,138344,0.0,0.0
2009-06-24 00:00:00+09:00,12084.005742187499,12084.005742187499,11452.1623046875,11847.064453125,87477,0.0,0.0
2009-06-25 00:00:00+09:00,11847.065556513799,12162.9873046875,11689.104682426947,12162.9873046875,83522,0.0,0.0
2009-06-26 00:00:00+09:00,12557.88950621966,12636.869943365695,11965.536227624392,12202.4775390625,65443,0.0,0.0
2009-06-29 00:00:00+09:00,12202.478357796717,12241.96857901936,11689.105481902356,11728.595703125,55158,0.0,0.0
2009-06-30 00:00:00+09:00,11570.634818234426,11768.085924347643,11175.732606007996,11728.595703125,77775,0.0,0.0
2009-07-01 00:00:00+09:00,11689.103435359588,11847.064292594177,11412.671935199058,11531.142578125,36869,0.0,0.0
2009-07-02 00:00:00+09:00,12005.025191326531,12320.946906887755,11491.65240353954,11610.123046875,214723,0.0,0.0
2009-07-03 00:00:00+09:00,11333.691506581763,11531.142578125,11175.730649347175,11531.142578125,115877,0.0,0.0
2009-07-06 00:00:00+09:00,11373.183712121212,11847.06636679293,11373.183712121212,11728.595703125,76760,0.0,0.0
2009-07-07 00:00:00+09:00,11807.576158766778,11965.537043833892,11728.595716233222,11768.0859375,65770,0.0,0.0
2009-07-08 00:00:00+09:00,11728.594625885953,11965.535931459406,11412.672885121348,11491.6533203125,57357,0.0,0.0
2009-07-09 00:00:00+09:00,11570.6337890625,11847.065313033276,11373.182700511945,11570.6337890625,100241,0.0,0.0
2009-07-10 00:00:00+09:00,11689.10402199074,11728.59423828125,10662.3583984375,10662.3583984375,246774,0.0,0.0
2009-07-13 00:00:00+09:00,10583.37889161985,10820.32021008895,10109.496254681648,10543.888671875,137544,0.0,0.0
2009-07-14 00:00:00+09:00,10543.888743681066,10899.300723805147,10385.927863625919,10741.33984375,36495,0.0,0.0
2009-07-15 00:00:00+09:00,10741.338196864112,11373.18162020906,10741.338196864112,11333.69140625,56460,0.0,0.0
2009-07-16 00:00:00+09:00,11531.144274635037,11570.634494753649,10820.3203125,10820.3203125,49658,0.0,0.0
2009-07-17 00:00:00+09:00,10978.282194602274,11096.752865767046,10780.83107599432,10859.8115234375,43655,0.0,0.0
2009-07-20 00:00:00+09:00,10820.318484933036,11096.749979073662,10780.828271484375,11057.259765625,100257,0.0,0.0
2009-07-21 00:00:00+09:00,11215.219702407243,11254.709912626988,10741.337179770318,11175.7294921875,75519,0.0,0.0
2009-07-22 00:00:00+09:00,11175.729467946587,11175.729467946587,10741.33715647163,11136.2392578125,83502,0.0,0.0
2009-07-23 00:00:00+09:00,11136.2392578125,11175.729467946587,10859.807786873891,11136.2392578125,29318,0.0,0.0
2009-07-24 00:00:00+09:00,11175.731563173491,11689.104391163793,11175.731563173491,11452.1630859375,86314,0.0,0.0
2009-07-27 00:00:00+09:00,11610.123006742295,11610.123006742295,11373.18172089041,11531.142578125,59315,0.0,0.0
2009-07-28 00:00:00+09:00,11689.104408290377,11689.104408290377,11333.692449930197,11491.6533203125,22003,0.0,0.0
2009-07-29 00:00:00+09:00,11531.142476045296,11531.142476045296,11057.259908536585,11333.69140625,52170,0.0,0.0
2009-07-30 00:00:00+09:00,11333.69140625,11452.162048127178,11096.750122495645,11333.69140625,88371,0.0,0.0
2009-07-31 00:00:00+09:00,11373.182843543047,11926.0458984375,11294.202407129555,11926.0458984375,138652,0.0,0.0
2009-08-03 00:00:00+09:00,11926.045962265114,12439.418801700369,11926.045962265114,12084.0068359375,94192,0.0,0.0
2009-08-04 00:00:00+09:00,12162.987272773693,12320.948146446079,12005.026399101307,12084.0068359375,65080,0.0,0.0
2009-08-05 00:00:00+09:00,12162.987240439967,12241.9676770662,11847.065493935033,12005.0263671875,58562,0.0,0.0
2009-08-06 00:00:00+09:00,11847.065478032178,12202.477442373143,11728.594823251857,11965.5361328125,73815,0.0,0.0
2009-08-07 00:00:00+09:00,11728.594710066513,12005.026235219595,11531.143620671453,11689.1044921875,58918,0.0,0.0
2009-08-10 00:00:00+09:00,11689.104442192833,11965.535966163608,11531.143571352388,11570.6337890625,99672,0.0,0.0
2009-08-11 00:00:00+09:00,11649.613117922474,11728.593545840593,11175.730550413764,11333.69140625,127883,0.0,0.0
2009-08-12 00:00:00+09:00,11333.692685993668,12162.987272773693,11136.241593903187,12084.0068359375,103407,0.0,0.0
2009-08-13 00:00:00+09:00,12084.007204729985,13308.204013052304,11886.556106613481,13071.2626953125,476752,0.0,0.0
2009-08-14 00:00:00+09:00,13347.694364659927,13663.61612477022,13150.243264590992,13426.6748046875,265144,0.0,0.0
2009-08-17 00:00:00+09:00,13821.57697508321,13821.57697508321,12873.81169679179,13347.6943359375,142157,0.0,0.0
2009-08-18 00:00:00+09:00,13308.200521763392,13821.5732421875,13150.23968470982,13821.5732421875,189447,0.0,0.0
2009-08-19 00:00:00+09:00,14295.458851959746,14571.890376721398,13979.537109375,13979.537109375,244833,0.0,0.0
2009-08-20 00:00:00+09:00,14058.515602992957,14137.496027728872,13624.123266945422,14019.025390625,83374,0.0,0.0
2009-08-21 00:00:00+09:00,14019.028292647841,14019.028292647841,13110.75322016643,13940.0478515625,181232,0.0,0.0
2009-08-24 00:00:00+09:00,13979.535934093386,13979.535934093386,13466.163145553233,13584.6337890625,83384,0.0,0.0
2009-08-25 00:00:00+09:00,13663.615430778631,14255.968700899091,13347.693686714385,14137.498046875,77084,0.0,0.0
2009-08-26 00:00:00+09:00,14176.989311617595,14453.420858083677,13821.577323304064,14334.9501953125,82175,0.0,0.0
2009-08-27 00:00:00+09:00,14769.342625473484,15124.754613787018,14334.9501953125,14334.9501953125,202643,0.0,0.0
2009-08-28 00:00:00+09:00,14374.43730193662,14532.39815140845,13940.044965889083,14019.025390625,71239,0.0,0.0
2009-08-31 00:00:00+09:00,13900.554775280898,14255.966687148875,13900.554775280898,14058.515625,36839,0.0,0.0
2009-09-01 00:00:00+09:00,14216.4764747191,14216.4764747191,13782.084137991573,14058.515625,38192,0.0,0.0
2009-09-02 00:00:00+09:00,13979.536338827054,14611.37978916952,13782.085260595033,14413.9287109375,104256,0.0,0.0
2009-09-03 00:00:00+09:00,14255.968408939227,15875.06731410961,14255.968408939227,15717.1064453125,261824,0.0,0.0
2009-09-04 00:00:00+09:00,15796.084827093908,16112.006523635786,15282.712070213356,15559.1435546875,50833,0.0,0.0
2009-09-07 00:00:00+09:00,15835.577096910332,15875.06731410961,15440.674924917557,15717.1064453125,47388,0.0,0.0
2009-09-08 00:00:00+09:00,16112.008617305277,16151.498834504555,15598.635793714668,15717.1064453125,98294,0.0,0.0
2009-09-09 00:00:00+09:00,15756.597379429133,16033.028912401574,15045.7734375,15045.7734375,81184,0.0,0.0
2009-09-10 00:00:00+09:00,15243.224684303068,15677.617097586317,14927.30292918798,15440.67578125,38649,0.0,0.0
2009-09-11 00:00:00+09:00,15401.185516672036,15598.636613039625,14729.851789022228,15322.205078125,57670,0.0,0.0
2009-09-14 00:00:00+09:00,15322.203845671791,15322.203845671791,14769.3408203125,14769.3408203125,39771,0.0,0.0
2009-09-15 00:00:00+09:00,14690.360582386364,15717.106214488636,14453.419282670455,15203.7333984375,85018,0.0,0.0
2009-09-16 00:00:00+09:00,15282.71570405506,15282.71570405506,14848.323268022486,14927.3037109375,64957,0.0,0.0
2009-09-17 00:00:00+09:00,14927.302475397099,15006.282911774862,13979.53723886395,14295.458984375,87237,0.0,0.0
2009-09-18 00:00:00+09:00,14216.475334821429,14492.906799665177,13782.083032924107,13821.5732421875,97265,0.0,0.0
2009-09-21 00:00:00+09:00,13821.57728407118,14492.911037868924,13821.57728407118,14216.4794921875,64686,0.0,0.0
2009-09-22 00:00:00+09:00,14453.41984072022,14769.341585872575,14176.98831371191,14255.96875,79468,0.0,0.0
2009-09-23 00:00:00+09:00,14295.459920134053,14650.871907098712,14176.9892578125,14176.9892578125,89489,0.0,0.0
2009-09-24 00:00:00+09:00,14216.4764747191,14611.378599016853,13900.554775280898,14058.515625,64487,0.0,0.0
2009-09-25 00:00:00+09:00,14216.478824013158,15085.263641036185,14058.517948190789,15006.283203125,119353,0.0,0.0
2009-09-28 00:00:00+09:00,14848.321666928392,15875.06731410961,14729.85101533056,15717.1064453125,126207,0.0,0.0
2009-09-29 00:00:00+09:00,15638.127069152228,15954.048828125,15440.675969794243,15954.048828125,59293,0.0,0.0
2009-09-30 00:00:00+09:00,15954.051728515626,15954.051728515626,15243.227641601563,15796.0908203125,61725,0.0,0.0
2009-10-01 00:00:00+09:00,15519.656049547697,15756.59736328125,14848.32232730263,15006.283203125,37122,0.0,0.0
2009-10-05 00:00:00+09:00,14729.849651041668,14966.790932291668,14413.927942708335,14808.830078125,32806,0.0,0.0
2009-10-06 00:00:00+09:00,14729.851530913074,14966.792842402292,14374.439563679247,14650.87109375,35224,0.0,0.0
2009-10-07 00:00:00+09:00,14650.872160734954,15203.735261140046,14374.440610532407,14927.3037109375,16284,0.0,0.0
2009-10-08 00:00:00+09:00,14927.3001401479,15638.123956345418,14532.398020038167,15519.6533203125,68738,0.0,0.0
2009-10-09 00:00:00+09:00,15519.657275759602,15914.559496516844,15322.206165380981,15677.6181640625,46756,0.0,0.0
2009-10-12 00:00:00+09:00,15914.556736366421,16585.890395220587,15677.615445006128,16112.0078125,100046,0.0,0.0
2009-10-13 00:00:00+09:00,16309.461925856733,16585.8934839221,15875.069477468298,16348.9521484375,120625,0.0,0.0
2009-10-14 00:00:00+09:00,16506.91303876057,16506.91303876057,16072.520590372133,16348.9521484375,40246,0.0,0.0
2009-10-15 00:00:00+09:00,16388.43742889108,16388.43742889108,16033.02553284284,16269.966796875,44244,0.0,0.0
2009-10-16 00:00:00+09:00,16072.516311568052,16388.43800810993,15559.1435546875,15559.1435546875,31979,0.0,0.0
2009-10-19 00:00:00+09:00,15835.574169799498,15835.574169799498,15401.181860902256,15756.59375,20933,0.0,0.0
2009-10-20 00:00:00+09:00,16190.986947771256,16190.986947771256,15401.18270641656,15559.1435546875,32338,0.0,0.0
2009-10-21 00:00:00+09:00,15480.166929102066,15598.637594375807,15203.735376796672,15282.7158203125,23019,0.0,0.0
2009-10-22 00:00:00+09:00,15282.714623827078,15480.165717158177,14611.380906501341,14729.8515625,56532,0.0,0.0
2009-10-23 00:00:00+09:00,14848.324155405404,15124.755722128377,14532.402364864864,14611.3828125,78445,0.0,0.0
2009-10-26 00:00:00+09:00,14690.35678100586,15322.200083414713,14690.35678100586,15164.2392578125,42347,0.0,0.0
2009-10-27 00:00:00+09:00,15124.75276518633,15638.12557444853,14690.360388118315,14769.3408203125,63650,0.0,0.0
2009-10-28 00:00:00+09:00,14769.339448735955,14966.79051088483,13979.535200140448,14058.515625,73276,0.0,0.0
2009-10-29 00:00:00+09:00,13624.12618001302,14255.969712999131,13624.12618001302,14216.4794921875,58980,0.0,0.0
2009-10-30 00:00:00+09:00,14374.437605860432,14611.378885077913,14137.496326642953,14571.888671875,36682,0.0,0.0
2009-11-02 00:00:00+09:00,14216.479598335598,14848.323136039402,14216.479598335598,14532.4013671875,32232,0.0,0.0
2009-11-03 00:00:00+09:00,14769.339905918434,15203.732256092506,14453.418196700928,14887.810546875,36901,0.0,0.0
2009-11-04 00:00:00+09:00,15124.754818225032,15164.245039682539,14690.36238219246,14927.3037109375,35410,0.0,0.0
2009-11-05 00:00:00+09:00,15006.281145833334,15085.261572916668,14611.379010416667,14808.830078125,29388,0.0,0.0
2009-11-06 00:00:00+09:00,15006.281145833334,15006.281145833334,14729.849651041668,14808.830078125,15328,0.0,0.0
2009-11-09 00:00:00+09:00,14927.302765213815,15124.753859991775,14808.83210834704,15006.283203125,122606,0.0,0.0
2009-11-10 00:00:00+09:00,15045.7734375,15638.126722440946,14927.30278051181,15045.7734375,48887,0.0,0.0
2009-11-11 00:00:00+09:00,15045.769401387966,15361.69106860871,14769.337942569813,14848.318359375,12619,0.0,0.0
2009-11-12 00:00:00+09:00,14966.792984169408,15085.263641036185,14769.341889391448,15006.283203125,11684,0.0,0.0
2009-11-13 00:00:00+09:00,14848.323268022486,15085.264596767527,14571.89171781994,14927.3037109375,31326,0.0,0.0
2009-11-16 00:00:00+09:00,14927.298776180187,15006.279192985372,14374.435858543884,14848.318359375,34245,0.0,0.0
2009-11-17 00:00:00+09:00,14650.872030506964,14966.793799358866,14295.460040548573,14532.4013671875,37756,0.0,0.0
2009-11-18 00:00:00+09:00,14532.398458672085,14729.849524686651,14058.515900237127,14571.888671875,47563,0.0,0.0
2009-11-19 00:00:00+09:00,14176.986539845866,14650.869098280826,14176.986539845866,14571.888671875,27918,0.0,0.0
2009-11-20 00:00:00+09:00,14532.402364864864,14729.853483952702,14453.421917229729,14611.3828125,11733,0.0,0.0
2009-11-23 00:00:00+09:00,14571.89068783512,14848.322218498659,14374.439594504021,14729.8515625,35843,0.0,0.0
2009-11-24 00:00:00+09:00,14848.322121934605,14927.302558753407,14255.968845793597,14492.91015625,30229,0.0,0.0
2009-11-25 00:00:00+09:00,14492.911037868924,14611.381700303818,13979.538167317707,14216.4794921875,66922,0.0,0.0
2009-11-26 00:00:00+09:00,14453.419857130524,14453.419857130524,14019.02745705283,14295.458984375,45463,0.0,0.0
2009-11-27 00:00:00+09:00,14255.969544158585,14255.969544158585,13742.5966796875,13742.5966796875,34728,0.0,0.0
2009-11-30 00:00:00+09:00,13782.086147919545,14295.458984375,13782.086147919545,14295.458984375,11313,0.0,0.0
2009-12-01 00:00:00+09:00,14295.458984375,14492.910075319405,14098.007893430595,14295.458984375,12081,0.0,0.0
2009-12-02 00:00:00+09:00,14295.459247196572,15124.753844409632,14058.517933707126,14966.79296875,53049,0.0,0.0
2009-12-03 00:00:00+09:00,15203.732381078655,15322.203023009139,14927.300883240861,15124.751953125,33858,0.0,0.0
2009-12-04 00:00:00+09:00,15203.732381078655,15203.732381078655,14966.791097217689,15124.751953125,12385,0.0,0.0
2009-12-07 00:00:00+09:00,15085.263625494725,15124.753844409632,14611.380998515831,14966.79296875,34505,0.0,0.0
2009-12-08 00:00:00+09:00,14769.342825107473,15006.284153852514,14769.342825107473,14927.3037109375,8411,0.0,0.0
2009-12-09 00:00:00+09:00,14927.300760527187,14966.790974179376,14611.379051309681,14887.810546875,28853,0.0,0.0
2009-12-10 00:00:00+09:00,14769.339905918434,15164.242042440317,14650.86926496187,14887.810546875,45992,0.0,0.0
2009-12-11 00:00:00+09:00,15006.283367966751,15480.166000639387,14808.83227101982,15440.67578125,72305,0.0,0.0
2009-12-14 00:00:00+09:00,15559.14557651539,15993.537965707443,15401.18470771828,15717.1064453125,100916,0.0,0.0
2009-12-15 00:00:00+09:00,15756.59423828125,16585.888671875,15677.613816034225,16585.888671875,129690,0.0,0.0
2009-12-16 00:00:00+09:00,16585.888831967215,17375.69306206089,16348.94756293911,16862.3203125,169601,0.0,0.0
2009-12-17 00:00:00+09:00,16585.890788898603,17336.204896015443,16585.890788898603,16941.302734375,79372,0.0,0.0
2009-12-18 00:00:00+09:00,16743.853804652466,17612.638671875,16743.853804652466,17612.638671875,156907,0.0,0.0
2009-12-21 00:00:00+09:00,17928.556640625,17928.556640625,17415.183873382433,17928.556640625,60651,0.0,0.0
2009-12-22 00:00:00+09:00,17849.575950933257,18086.517224618212,17454.673828125,17454.673828125,41563,0.0,0.0
2009-12-23 00:00:00+09:00,17375.68913517442,17533.649945494188,16822.826299055232,16980.787109375,46702,0.0,0.0
2009-12-24 00:00:00+09:00,17257.22726779514,17257.22726779514,16348.9521484375,16348.9521484375,129003,0.0,0.0
2009-12-28 00:00:00+09:00,16388.441448302932,16941.30453330592,16230.480566873504,16506.912109375,45391,0.0,0.0
2009-12-29 00:00:00+09:00,16467.41817506602,16941.300712477994,16230.476906360036,16822.830078125,25066,0.0,0.0
2009-12-30 00:00:00+09:00,16822.832347972973,17533.65625,16664.871480855858,17533.65625,116898,0.0,0.0
2010-01-04 00:00:00+09:00,17533.654140446222,17652.12477653032,17099.26180813787,17257.22265625,59969,0.0,0.0
2010-01-05 00:00:00+09:00,17731.109477571117,18520.913908643328,17494.168148249453,18047.03125,170886,0.0,0.0
2010-01-06 00:00:00+09:00,18283.972579321664,18520.913908643328,17849.58014223195,18047.03125,96123,0.0,0.0
2010-01-07 00:00:00+09:00,18244.47666309013,18876.320010729614,17928.554989270386,18402.4375,81244,0.0,0.0
2010-01-08 00:00:00+09:00,18560.40422110722,18560.40422110722,17691.619342672413,18323.462890625,63671,0.0,0.0
2010-01-11 00:00:00+09:00,18165.50581597222,18520.917886284722,17770.603515625,17770.603515625,40774,0.0,0.0
2010-01-12 00:00:00+09:00,18047.029227890453,18086.519445019316,17415.185753828642,17889.068359375,28779,0.0,0.0
2010-01-13 00:00:00+09:00,17533.65625,17889.068201013513,17375.695382882885,17533.65625,27945,0.0,0.0
2010-01-14 00:00:00+09:00,17533.65660282258,18402.441389448923,17336.205514952955,18362.951171875,51449,0.0,0.0
2010-01-15 00:00:00+09:00,18441.931820410566,19034.285090873433,18441.931820410566,18876.32421875,86872,0.0,0.0
2010-01-18 00:00:00+09:00,18955.302795031057,19113.263651656314,18678.871295936853,19073.7734375,50799,0.0,0.0
2010-01-19 00:00:00+09:00,19310.71470192557,19310.71470192557,18560.400633752593,19034.283203125,50614,0.0,0.0
2010-01-20 00:00:00+09:00,18876.32418592437,19192.24592962185,18481.42200630252,18797.34375,21629,0.0,0.0
2010-01-21 00:00:00+09:00,18560.40203263274,18560.40203263274,17849.578125,17849.578125,99351,0.0,0.0
2010-01-22 00:00:00+09:00,17533.656388274336,18007.538993362832,17296.715085730088,17849.578125,54063,0.0,0.0
2010-01-25 00:00:00+09:00,17375.691615513395,17810.08390590123,17375.691615513395,17691.61328125,32671,0.0,0.0
2010-01-26 00:00:00+09:00,17928.551971293607,17928.551971293607,16743.84589389535,16980.787109375,50876,0.0,0.0
2010-01-27 00:00:00+09:00,17217.73424752331,17257.224463687355,16783.341869718824,16941.302734375,29108,0.0,0.0
2010-01-28 00:00:00+09:00,17059.77349137931,17257.22457345546,16506.91046156609,17178.244140625,40217,0.0,0.0
2010-01-29 00:00:00+09:00,17099.261416480655,17138.751627604168,16309.457194010416,16585.888671875,57479,0.0,0.0
2010-02-01 00:00:00+09:00,16585.890698702828,16901.81242629717,16348.949403007075,16743.8515625,19117,0.0,0.0
2010-02-02 00:00:00+09:00,16783.33609647529,17138.747919694768,16743.84589389535,16980.787109375,15520,0.0,0.0
2010-02-03 00:00:00+09:00,17296.708730014536,17296.708730014536,16664.865488735468,16980.787109375,59123,0.0,0.0
2010-02-04 00:00:00+09:00,17217.73223933995,17217.73223933995,15875.065046363901,16901.810546875,195623,0.0,0.0
2010-02-05 00:00:00+09:00,15875.064690154733,16309.457007547027,15796.084268810679,16269.966796875,73206,0.0,0.0
2010-02-08 00:00:00+09:00,16269.973544921875,16309.463771972656,15638.129912109376,15796.0908203125,20601,0.0,0.0
2010-02-09 00:00:00+09:00,15322.204273319723,16190.989051703831,15322.204273319723,15717.1064453125,44081,0.0,0.0
2010-02-10 00:00:00+09:00,15835.57645357572,16585.89054987981,15835.57645357572,16427.9296875,62756,0.0,0.0
2010-02-11 00:00:00+09:00,16980.79570972977,17059.776154891304,16269.971703275967,16348.9521484375,87235,0.0,0.0
2010-02-12 00:00:00+09:00,16388.43970807838,16941.302734375,16151.498411094115,16941.302734375,74336,0.0,0.0
2010-02-16 00:00:00+09:00,16901.812518210954,16980.792950539046,16506.91035657051,16941.302734375,23032,0.0,0.0
2010-02-17 00:00:00+09:00,17178.244031359267,17454.675544507576,16862.322302046912,16941.302734375,48729,0.0,0.0
2010-02-18 00:00:00+09:00,17020.283166703088,17138.75381519522,16822.832085882867,16941.302734375,36496,0.0,0.0
2010-02-19 00:00:00+09:00,16941.305487149006,16941.305487149006,16309.461925856733,16348.9521484375,51545,0.0,0.0
2010-02-22 00:00:00+09:00,16269.968917013064,16783.341722646972,16269.968917013064,16625.380859375,107151,0.0,0.0
2010-02-23 00:00:00+09:00,16783.34394975142,17849.579918323863,16783.34394975142,17375.697265625,101467,0.0,0.0
2010-02-24 00:00:00+09:00,17375.699297048996,17968.05268217567,17178.24816867344,17731.111328125,52794,0.0,0.0
2010-02-25 00:00:00+09:00,17849.577875285388,17928.55830836187,17059.773544520547,17296.71484375,41541,0.0,0.0
2010-02-26 00:00:00+09:00,17059.775574551568,17652.128893112385,16980.795132076793,17612.638671875,40133,0.0,0.0
2010-03-02 00:00:00+09:00,17652.128893112385,17928.5604417741,17059.775574551568,17612.638671875,43179,0.0,0.0
2010-03-03 00:00:00+09:00,17691.617256637168,17849.578125,17454.67595409292,17849.578125,30602,0.0,0.0
2010-03-04 00:00:00+09:00,17849.57588268793,17849.57588268793,17336.203125,17336.203125,23109,0.0,0.0
2010-03-05 00:00:00+09:00,17454.675816441442,17731.107333896398,17138.754082207208,17533.65625,46438,0.0,0.0
2010-03-08 00:00:00+09:00,17454.677707741477,17810.089697265623,17099.265718217328,17375.697265625,109572,0.0,0.0
2010-03-09 00:00:00+09:00,17375.69745879121,18244.48233173077,17217.736572802198,17968.05078125,79541,0.0,0.0
2010-03-10 00:00:00+09:00,17889.064780042918,18441.927709227468,17889.064780042918,18402.4375,71438,0.0,0.0
2010-03-11 00:00:00+09:00,18639.384664601293,18678.874886348327,18323.462890625,18323.462890625,51598,0.0,0.0
2010-03-12 00:00:00+09:00,18520.912008133102,18520.912008133102,18165.50005062095,18283.970703125,18393,0.0,0.0
2010-03-15 00:00:00+09:00,17731.109400983925,18244.482278963413,17731.109400983925,17810.08984375,24727,0.0,0.0
2010-03-16 00:00:00+09:00,17810.086128566578,18362.949112601902,17573.144849694294,18165.498046875,40342,0.0,0.0
2010-03-17 00:00:00+09:00,18402.44147273936,18678.872997007977,18086.519730718086,18560.40234375,38072,0.0,0.0
2010-03-18 00:00:00+09:00,18560.400473035337,18955.302610759492,18283.96897662843,18718.361328125,42572,0.0,0.0
2010-03-19 00:00:00+09:00,18876.322183214663,18876.322183214663,18520.91025926292,18718.361328125,23253,0.0,0.0
2010-03-22 00:00:00+09:00,18718.359044536333,18876.319880355204,18165.496119170282,18204.986328125,22397,0.0,0.0
2010-03-23 00:00:00+09:00,18441.933555866108,18560.40422110722,18165.50200363685,18323.462890625,33267,0.0,0.0
2010-03-24 00:00:00+09:00,18204.988549083595,18876.322183214663,18204.988549083595,18718.361328125,28608,0.0,0.0
2010-03-25 00:00:00+09:00,18718.36337890625,18955.3046875,18481.4220703125,18955.3046875,40477,0.0,0.0
2010-03-26 00:00:00+09:00,18955.304846938776,19350.20703125,18757.853754783162,19350.20703125,60479,0.0,0.0
2010-03-29 00:00:00+09:00,19271.224786217306,19903.06822183099,19034.283497862172,19626.63671875,92584,0.0,0.0
2010-03-30 00:00:00+09:00,19784.595537069836,19863.575958375506,19389.693430541498,19508.1640625,27215,0.0,0.0
2010-03-31 00:00:00+09:00,19547.656190453505,19903.068121189026,19350.20511782266,19429.185546875,26571,0.0,0.0
2010-04-01 00:00:00+09:00,19508.168184055117,20218.992125984252,19389.697527066928,20061.03125,44453,0.0,0.0
2010-04-02 00:00:00+09:00,20218.992125984252,20297.97256397638,19745.109498031496,20061.03125,33522,0.0,0.0
2010-04-05 00:00:00+09:00,20297.97026645071,20297.97026645071,18955.302972560974,19429.185546875,96087,0.0,0.0
2010-04-06 00:00:00+09:00,19073.77740378458,19666.13073930584,19073.77740378458,19271.228515625,44683,0.0,0.0
2010-04-07 00:00:00+09:00,19310.71714782715,20574.4041595459,19310.71714782715,20218.9921875,61391,0.0,0.0
2010-04-08 00:00:00+09:00,20140.009707840236,20455.931428747535,19705.617341592704,20021.5390625,32770,0.0,0.0
2010-04-09 00:00:00+09:00,20021.53892578125,20258.48021484375,19508.1661328125,19745.107421875,23819,0.0,0.0
2010-04-12 00:00:00+09:00,19587.144483805667,20021.53680098684,19468.673851847165,19508.1640625,15832,0.0,0.0
2010-04-13 00:00:00+09:00,19508.16993371212,19824.09171401515,19231.73837594697,19547.66015625,36281,0.0,0.0
2010-04-14 00:00:00+09:00,19587.15037878788,19784.60149147727,19350.209043560608,19547.66015625,24442,0.0,0.0
2010-04-15 00:00:00+09:00,19784.59763671875,19942.55849609375,19626.63677734375,19745.107421875,38678,0.0,0.0
2010-04-16 00:00:00+09:00,19824.08984375,20297.97246949701,19508.168093251992,19824.08984375,68095,0.0,0.0
2010-04-19 00:00:00+09:00,19508.16790497449,19508.16790497449,19152.755939094386,19350.20703125,26583,0.0,0.0
2010-04-20 00:00:00+09:00,19350.207172156814,19745.10935934369,19231.73651600075,19705.619140625,33515,0.0,0.0
2010-04-21 00:00:00+09:00,19942.560801305077,20653.384750658526,19705.619484853927,20613.89453125,81608,0.0,0.0
2010-04-22 00:00:00+09:00,20613.89453125,21048.286944743777,20376.95321479885,20613.89453125,30034,0.0,0.0
2010-04-23 00:00:00+09:00,20653.385122034673,21640.640625,20653.385122034673,21640.640625,66359,0.0,0.0
2010-04-26 00:00:00+09:00,21403.69722945602,21877.57982494213,21285.22658058449,21324.716796875,37635,0.0,0.0
2010-04-27 00:00:00+09:00,21324.714822008347,21719.616948341834,21008.79312094156,21285.224609375,73920,0.0,0.0
2010-04-28 00:00:00+09:00,20929.81312779018,22114.51953125,20653.381633649555,22114.51953125,65926,0.0,0.0
2010-04-29 00:00:00+09:00,22509.42356418919,22509.42356418919,21719.619228603606,21917.0703125,45094,0.0,0.0
2010-04-30 00:00:00+09:00,22114.523409498208,22351.46473174283,21245.73856126792,22035.54296875,41176,0.0,0.0
2010-05-03 00:00:00+09:00,22035.54267832249,22075.032898176116,21127.267621689127,21245.73828125,34018,0.0,0.0
2010-05-04 00:00:00+09:00,21482.677476415094,21601.14812426297,20732.363373378535,20929.814453125,38902,0.0,0.0
2010-05-06 00:00:00+09:00,20297.969167741558,21166.753840290807,20297.969167741558,21048.283203125,46566,0.0,0.0
2010-05-07 00:00:00+09:00,20218.990566037734,20929.814453125,20100.519918189857,20929.814453125,63910,0.0,0.0
2010-05-10 00:00:00+09:00,20771.85013425503,21601.14453125,20771.85013425503,21601.14453125,66381,0.0,0.0
2010-05-11 00:00:00+09:00,21877.582101129246,22469.9354071165,21601.150558335197,22075.033203125,62216,0.0,0.0
2010-05-12 00:00:00+09:00,22272.478823656846,22904.322194540728,22075.02777025563,22785.8515625,84557,0.0,0.0
2010-05-13 00:00:00+09:00,22904.324279052315,23141.265564697685,22509.422136310033,23022.794921875,70987,0.0,0.0
2010-05-14 00:00:00+09:00,23022.797428069378,24444.445296698017,22785.85611663127,24404.955078125,125367,0.0,0.0
2010-05-17 00:00:00+09:00,24325.97213983051,24483.932997881355,23299.2265625,23299.2265625,77053,0.0,0.0
2010-05-18 00:00:00+09:00,23654.63835026265,23654.63835026265,22075.029779293523,23022.794921875,63382,0.0,0.0
2010-05-19 00:00:00+09:00,22825.345770242697,23141.2675110073,22114.521853522336,22983.306640625,40951,0.0,0.0
2010-05-20 00:00:00+09:00,23141.269212089253,23299.23009408304,21601.150612649868,22232.994140625,53893,0.0,0.0
2010-05-24 00:00:00+09:00,21956.56025752315,22232.991771556714,20811.34398509838,21324.716796875,86356,0.0,0.0
2010-05-25 00:00:00+09:00,20929.818235187864,21206.249796784683,18955.307080924857,20495.42578125,70953,0.0,0.0
2010-05-26 00:00:00+09:00,20613.89305840164,21680.12890625,20574.402841814663,21680.12890625,62547,0.0,0.0
2010-05-27 00:00:00+09:00,21640.635200419612,22390.949194594745,21443.184149320892,22351.458984375,44108,0.0,0.0
2010-05-28 00:00:00+09:00,22706.87264641412,22706.87264641412,21680.12710066322,21956.55859375,34883,0.0,0.0
2010-05-31 00:00:00+09:00,21877.57641428413,22627.890406831782,21877.57641428413,22272.478515625,32760,0.0,0.0
2010-06-01 00:00:00+09:00,22785.857155857975,22785.857155857975,21996.052748375896,22035.54296875,29086,0.0,0.0
2010-06-03 00:00:00+09:00,22311.974704982516,22746.36713286713,22154.013822115383,22588.40625,35077,0.0,0.0
2010-06-04 00:00:00+09:00,22746.365301724138,23022.796824488145,22588.404431573275,22904.326171875,63978,0.0,0.0
2010-06-07 00:00:00+09:00,22035.541204415644,22509.423810962217,21838.09011835457,22469.93359375,36898,0.0,0.0
2010-06-08 00:00:00+09:00,22469.933811882514,22983.306640625,22272.48272390464,22983.306640625,55018,0.0,0.0
2010-06-09 00:00:00+09:00,23180.753669302427,23180.753669302427,22548.910298418545,22785.8515625,40741,0.0,0.0
2010-06-10 00:00:00+09:00,22904.328218164395,23259.7402077566,22548.916228572187,23180.759765625,43742,0.0,0.0
2010-06-11 00:00:00+09:00,23378.208984375,23852.091598923143,23141.26767710093,23378.208984375,49392,0.0,0.0
2010-06-14 00:00:00+09:00,23457.185144064122,23654.636197465337,22667.380930459272,22785.8515625,30422,0.0,0.0
2010-06-15 00:00:00+09:00,22825.345719991365,23180.757677569083,22311.9728923791,22864.8359375,107628,0.0,0.0
2010-06-16 00:00:00+09:00,23141.265584867295,23141.265584867295,22588.40258454623,23062.28515625,23050,0.0,0.0
2010-06-17 00:00:00+09:00,22904.32417820069,23062.285034602075,22469.931823096886,22825.34375,76534,0.0,0.0
2010-06-18 00:00:00+09:00,22825.343850503858,23022.794921875,22588.40256485849,23022.794921875,29210,0.0,0.0
2010-06-21 00:00:00+09:00,22904.326017950963,23022.79666976795,22509.42384522767,22548.9140625,48541,0.0,0.0
2010-06-22 00:00:00+09:00,22430.443342151673,22627.89442791005,22390.953125,22390.953125,15583,0.0,0.0
2010-06-23 00:00:00+09:00,22627.89230608259,22627.89230608259,22114.51953125,22114.51953125,22394,0.0,0.0
2010-06-24 00:00:00+09:00,21956.562691885963,22509.42578125,21877.582250548247,22509.42578125,23719,0.0,0.0
2010-06-25 00:00:00+09:00,22469.933472114102,22588.40412310943,22114.521519128113,22193.501953125,17341,0.0,0.0
2010-06-28 00:00:00+09:00,22193.50026494565,23062.284972826084,22193.50026494565,22706.873046875,71672,0.0,0.0
2010-06-29 00:00:00+09:00,22746.362946428573,23022.794440569196,22114.51953125,22114.51953125,55154,0.0,0.0
2010-06-30 00:00:00+09:00,21640.640778734345,22351.46474591905,21482.679897137747,22075.033203125,21090,0.0,0.0
2010-07-01 00:00:00+09:00,21877.581945711678,22232.993926779196,21403.699304288322,21640.640625,62851,0.0,0.0
2010-07-02 00:00:00+09:00,21482.67943548387,21877.58163098909,20692.875044473436,20811.345703125,46090,0.0,0.0
2010-07-05 00:00:00+09:00,20692.875044473436,21048.28702042813,20692.875044473436,20811.345703125,33013,0.0,0.0
2010-07-06 00:00:00+09:00,20811.343404653733,20811.343404653733,19982.04888568271,20100.51953125,172547,0.0,0.0
2010-07-07 00:00:00+09:00,20534.913940429688,20929.816131591797,20021.541091918945,20218.9921875,190009,0.0,0.0
2010-07-08 00:00:00+09:00,20376.952970602764,20534.913846343872,19508.16815402668,19982.05078125,226450,0.0,0.0
2010-07-09 00:00:00+09:00,20258.47903936802,21206.244140625,20140.008401710897,21206.244140625,109139,0.0,0.0
2010-07-12 00:00:00+09:00,21482.67943548387,21482.67943548387,20692.875044473436,20811.345703125,62813,0.0,0.0
2010-07-13 00:00:00+09:00,20890.324049729566,21127.265343299277,20495.421893780047,20534.912109375,53058,0.0,0.0
2010-07-14 00:00:00+09:00,20811.345552012812,21206.247744650627,20258.482482319872,20416.443359375,72085,0.0,0.0
2010-07-15 00:00:00+09:00,20613.894663665254,21206.247958598164,20613.894663665254,20969.306640625,93017,0.0,0.0
2010-07-16 00:00:00+09:00,20969.30642906794,21048.286867595503,20376.953140111218,20416.443359375,64969,0.0,0.0
2010-07-19 00:00:00+09:00,20061.031311035156,20692.87481689453,20021.541091918945,20218.9921875,56369,0.0,0.0
2010-07-20 00:00:00+09:00,20376.953079312865,20613.894394188595,20061.031326145225,20258.482421875,61597,0.0,0.0
2010-07-21 00:00:00+09:00,20179.502289618446,21087.77734375,20179.502289618446,21087.77734375,71978,0.0,0.0
2010-07-22 00:00:00+09:00,20929.816131591797,21324.718322753906,20179.50196838379,20218.9921875,78265,0.0,0.0
2010-07-23 00:00:00+09:00,20416.44099278604,20811.343139648438,19587.146484375,19587.146484375,85727,0.0,0.0
2010-07-26 00:00:00+09:00,19863.582042875743,20061.033156622027,19192.248256138395,19903.072265625,61126,0.0,0.0
2010-07-27 00:00:00+09:00,20100.521422493814,20771.855143873763,19942.560546875,19942.560546875,40720,0.0,0.0
2010-07-28 00:00:00+09:00,19982.051049618323,20732.36521946565,19982.051049618323,20692.875,40866,0.0,0.0
2010-07-29 00:00:00+09:00,20692.871116071427,20811.341752232143,20455.92984375,20732.361328125,29257,0.0,0.0
2010-07-30 00:00:00+09:00,20969.30450005998,21008.79471569098,20495.421912488004,20574.40234375,39514,0.0,0.0
2010-08-02 00:00:00+09:00,20929.816316793895,21008.79675572519,20455.93368320611,20692.875,35094,0.0,0.0
2010-08-03 00:00:00+09:00,20692.876862281977,20811.347531340845,20179.50396302689,20376.955078125,33777,0.0,0.0
2010-08-04 00:00:00+09:00,20534.911718749998,20534.911718749998,19350.2052734375,19745.107421875,60408,0.0,0.0
2010-08-05 00:00:00+09:00,19903.06833996024,20140.00962972167,19666.127050198807,19863.578125,48310,0.0,0.0
2010-08-06 00:00:00+09:00,20021.5388860128,20021.5388860128,19231.734590706576,19666.126953125,41790,0.0,0.0
2010-08-09 00:00:00+09:00,19666.128921906315,19824.089796781063,19587.148484468937,19705.619140625,35336,0.0,0.0
2010-08-10 00:00:00+09:00,19745.105326417004,19903.066169028338,19192.24237727733,19508.1640625,45053,0.0,0.0
2010-08-11 00:00:00+09:00,19271.228380503147,19508.169713050316,18362.953272405663,18836.8359375,82367,0.0,0.0
2010-08-12 00:00:00+09:00,18836.832172488375,19113.263671875,18362.949602111312,19113.263671875,56608,0.0,0.0
2010-08-13 00:00:00+09:00,19152.755644200213,19389.696951138772,18402.44150556144,18639.3828125,101139,0.0,0.0
2010-08-16 00:00:00+09:00,18639.380604619568,18639.380604619568,17810.086128566578,18165.498046875,60763,0.0,0.0
2010-08-17 00:00:00+09:00,18165.500166223403,18599.89256150266,18007.539295212766,18560.40234375,15128,0.0,0.0
2010-08-18 00:00:00+09:00,18639.382573689956,18639.382573689956,17849.57822734716,18086.51953125,48704,0.0,0.0
2010-08-19 00:00:00+09:00,17770.597859172078,18362.95112114448,17770.597859172078,18244.48046875,43397,0.0,0.0
2010-08-20 00:00:00+09:00,18441.931504459422,18560.40215652233,18086.519548270695,18126.009765625,26312,0.0,0.0
2010-08-23 00:00:00+09:00,18047.025738953027,18955.30055732484,18047.025738953027,18599.888671875,62447,0.0,0.0
2010-08-24 00:00:00+09:00,18639.380900580167,18797.34175566983,18244.47876285601,18718.361328125,16513,0.0,0.0
2010-08-25 00:00:00+09:00,18560.40627477537,18678.876953125,18441.93559642574,18678.876953125,15378,0.0,0.0
2010-08-26 00:00:00+09:00,18836.832152562114,19113.263651656314,18481.42022515528,19073.7734375,43701,0.0,0.0
2010-08-27 00:00:00+09:00,19113.265720663265,19389.69724968112,18639.383099489794,19350.20703125,29709,0.0,0.0
2010-08-30 00:00:00+09:00,19389.697390875503,19863.58001549975,19389.697390875503,19705.619140625,39014,0.0,0.0
2010-08-31 00:00:00+09:00,19508.166074572437,19863.57800710513,19310.71500094316,19626.63671875,30758,0.0,0.0
2010-09-01 00:00:00+09:00,19666.13073930584,19666.13073930584,19073.77740378458,19271.228515625,58428,0.0,0.0
2010-09-02 00:00:00+09:00,19508.167569813828,19508.167569813828,18520.91212599734,18560.40234375,123728,0.0,0.0
2010-09-03 00:00:00+09:00,18639.380796908314,19034.282932436032,18323.45908848614,18520.91015625,107521,0.0,0.0
2010-09-06 00:00:00+09:00,18836.83568107221,19192.247675054707,18047.03125,18047.03125,242230,0.0,0.0
2010-09-07 00:00:00+09:00,18047.031064827876,18244.482170569976,17375.69730530474,17494.16796875,192547,0.0,0.0
2010-09-08 00:00:00+09:00,17296.716769997132,17375.697211869265,16980.7950025086,17217.736328125,87622,0.0,0.0
2010-09-09 00:00:00+09:00,17217.734766476035,18204.990200333606,17217.734766476035,18126.009765625,127658,0.0,0.0
2010-09-10 00:00:00+09:00,18323.462800875273,18323.462800875273,17849.58014223195,18047.03125,76786,0.0,0.0
2010-09-13 00:00:00+09:00,18086.51749208425,18441.929407867567,17928.556640625,17928.556640625,87882,0.0,0.0
2010-09-14 00:00:00+09:00,17968.05078125,18283.97255322802,17928.560559752746,17968.05078125,58426,0.0,0.0
2010-09-15 00:00:00+09:00,18165.500033820346,18599.89242593344,18126.00981635552,18244.48046875,108470,0.0,0.0
2010-09-16 00:00:00+09:00,18283.972579321664,18441.933465536105,18007.54102844639,18047.03125,38605,0.0,0.0
2010-09-17 00:00:00+09:00,18362.94716394387,18402.43737289859,18086.515701260847,18204.986328125,60709,0.0,0.0
2010-09-20 00:00:00+09:00,18244.478473165764,18402.439325747284,17849.576341711956,18165.498046875,35839,0.0,0.0
2010-09-24 00:00:00+09:00,18165.50176919843,18165.50176919843,17375.697344450673,17612.638671875,76550,0.0,0.0
2010-09-27 00:00:00+09:00,17810.087907909292,17928.558559181416,17454.67595409292,17849.578125,57511,0.0,0.0
2010-09-28 00:00:00+09:00,17573.146605365044,17968.048776272124,17533.656388274336,17849.578125,43263,0.0,0.0
2010-09-29 00:00:00+09:00,17770.59798869681,18560.40234375,17770.59798869681,18560.40234375,86390,0.0,0.0
2010-09-30 00:00:00+09:00,18757.8517440922,19152.75388607309,18718.36152989411,19113.263671875,113029,0.0,0.0
2010-10-01 00:00:00+09:00,19034.287169532854,19350.208948280288,18757.85561312885,19231.73828125,82491,0.0,0.0
2010-10-04 00:00:00+09:00,19271.224805471888,19863.578026951556,18994.793302114707,19666.126953125,86382,0.0,0.0
2010-10-05 00:00:00+09:00,19666.13072702772,19666.13072702772,19113.267614219712,19231.73828125,33761,0.0,0.0
2010-10-06 00:00:00+09:00,19350.209147135418,19903.072265625,19350.209147135418,19903.072265625,149603,0.0,0.0
2010-10-07 00:00:00+09:00,19587.146484375,19863.57798717868,19508.166055002523,19587.146484375,68794,0.0,0.0
2010-10-08 00:00:00+09:00,19745.10935934369,19784.599578062374,19310.71695343813,19705.619140625,52178,0.0,0.0
2010-10-11 00:00:00+09:00,19705.61924870306,20140.011656991104,19705.61924870306,19982.05078125,48728,0.0,0.0
2010-10-12 00:00:00+09:00,20140.01154653056,20140.01154653056,19389.697390875503,19705.619140625,91175,0.0,0.0
2010-10-13 00:00:00+09:00,19942.56262490916,20732.3670853016,19942.56262490916,20376.955078125,77151,0.0,0.0
2010-10-14 00:00:00+09:00,20376.951708447803,21798.59950206044,20376.951708447803,21561.658203125,196589,0.0,0.0
2010-10-15 00:00:00+09:00,21640.64076500896,22114.523409498208,21166.758120519713,22035.54296875,142791,0.0,0.0
2010-10-18 00:00:00+09:00,22035.539125167114,22272.480406082886,21601.146776821523,22154.009765625,101950,0.0,0.0
2010-10-19 00:00:00+09:00,22311.970966695502,23378.206747404845,22154.01011029412,22825.34375,185000,0.0,0.0
2010-10-20 00:00:00+09:00,22548.91219089674,23062.284972826084,22351.461120923912,22706.873046875,82779,0.0,0.0
2010-10-21 00:00:00+09:00,22627.891041402283,23694.12674492386,22588.400830160743,23338.71484375,126286,0.0,0.0
2010-10-22 00:00:00+09:00,23457.18727889151,23457.18727889151,22627.89277913272,23022.794921875,37413,0.0,0.0
2010-10-25 00:00:00+09:00,23220.250104865772,23575.66209626678,22746.36744966443,23536.171875,58415,0.0,0.0
2010-10-26 00:00:00+09:00,23694.13055734536,24049.54251570554,22983.306640625,22983.306640625,63367,0.0,0.0
2010-10-27 00:00:00+09:00,22983.30480707908,23299.226522640307,22430.441804846938,23220.24609375,53295,0.0,0.0
2010-10-28 00:00:00+09:00,23220.249959935896,23575.66194911859,22904.328191773504,23101.779296875,36346,0.0,0.0
2010-10-29 00:00:00+09:00,22904.326171875,23378.208782327587,22706.87508418642,22904.326171875,23975,0.0,0.0
2010-11-01 00:00:00+09:00,23259.738330737964,23536.169855891047,22785.855716189824,23378.208984375,46915,0.0,0.0
2010-11-02 00:00:00+09:00,23575.658023756376,23575.658023756376,22943.814592633928,23220.24609375,27196,0.0,0.0
2010-11-03 00:00:00+09:00,23378.206850343053,23970.560064456477,22706.873207681176,23022.794921875,53328,0.0,0.0
2010-11-04 00:00:00+09:00,23101.775645380436,23931.070155727426,23062.28543060201,23615.1484375,91339,0.0,0.0
2010-11-05 00:00:00+09:00,23812.59951139214,23931.070155727426,22943.814786266725,23615.1484375,55190,0.0,0.0
2010-11-08 00:00:00+09:00,23654.639068800403,24878.835748487905,23417.697775957662,24483.93359375,73732,0.0,0.0
2010-11-09 00:00:00+09:00,24325.974513319674,24483.93538678279,23931.072329661885,24089.033203125,37612,0.0,0.0
2010-11-10 00:00:00+09:00,24089.030852754237,24089.030852754237,23180.755918961862,23299.2265625,48020,0.0,0.0
2010-11-11 00:00:00+09:00,23338.716059183902,23338.716059183902,21838.087953855666,21956.55859375,102805,0.0,0.0
2010-11-12 00:00:00+09:00,22311.972792593806,22983.30648723822,21956.560836605586,22627.89453125,82081,0.0,0.0
2010-11-15 00:00:00+09:00,22904.327816980287,22943.81803735439,21719.62120575717,22035.54296875,26700,0.0,0.0
2010-11-16 00:00:00+09:00,21996.05293924825,22825.347574300697,21680.131173513986,22588.40625,41627,0.0,0.0
2010-11-17 00:00:00+09:00,22193.50235308234,23180.75779583511,22075.031699952004,23141.267578125,46378,0.0,0.0
2010-11-18 00:00:00+09:00,23259.73442126692,23575.656111199238,22943.8127313346,23338.71484375,29134,0.0,0.0
2010-11-19 00:00:00+09:00,23338.716934051005,23654.63865227843,23299.226719272578,23615.1484375,43860,0.0,0.0
2010-11-22 00:00:00+09:00,24010.052702145214,24049.54292040532,23575.660301284035,23931.072265625,48194,0.0,0.0
2010-11-23 00:00:00+09:00,24089.0310546875,24089.0310546875,23457.1876171875,23694.12890625,24851,0.0,0.0
2010-11-24 00:00:00+09:00,22983.30711933211,24325.974545547386,22667.385371987337,24168.013671875,72811,0.0,0.0
2010-11-25 00:00:00+09:00,24404.95498238358,24681.386511310255,23891.582142948326,24168.013671875,50972,0.0,0.0
2010-11-26 00:00:00+09:00,24404.9568369092,24483.937279747097,23654.642629949212,23812.603515625,36139,0.0,0.0
2010-11-29 00:00:00+09:00,24049.540597098214,24089.030811543365,23062.285235969386,23220.24609375,24982,0.0,0.0
2010-11-30 00:00:00+09:00,23062.288898601397,23299.230222902097,22509.425808566433,22588.40625,28383,0.0,0.0
2010-12-01 00:00:00+09:00,22904.328138446646,22943.818359375,22509.42592916308,22943.818359375,22550,0.0,0.0
2010-12-02 00:00:00+09:00,22983.308580303357,23259.74012680185,22706.877033804863,22943.818359375,31138,0.0,0.0
2010-12-03 00:00:00+09:00,23220.247447540616,23259.73766428813,21877.580078125,21877.580078125,36801,0.0,0.0
2010-12-06 00:00:00+09:00,21877.581872985727,22114.52319290976,21048.287253251612,21443.189453125,46770,0.0,0.0
2010-12-07 00:00:00+09:00,21482.6796875,21996.052547679228,21166.757927389706,21482.6796875,68278,0.0,0.0
2010-12-08 00:00:00+09:00,21640.63515347961,22430.439356161347,21245.73305213874,22272.478515625,73781,0.0,0.0
2010-12-09 00:00:00+09:00,22430.443659343004,23338.718666675555,22430.443659343004,23141.267578125,82017,0.0,0.0
2010-12-10 00:00:00+09:00,23220.24789507772,23220.24789507772,22588.404414939552,22864.8359375,523509,0.0,0.0
2010-12-13 00:00:00+09:00,23022.798881361796,23338.7206498882,22746.36733390119,23180.759765625,71803,0.0,0.0
2010-12-14 00:00:00+09:00,23141.269636468853,23615.15229114057,23101.779415246212,23457.19140625,109476,0.0,0.0
2010-12-15 00:00:00+09:00,23457.18757838629,23654.63865227843,23220.24628971572,23615.1484375,34351,0.0,0.0
2010-12-16 00:00:00+09:00,23496.68166679753,23812.603437107413,23417.701224220058,23575.662109375,24461,0.0,0.0
2010-12-17 00:00:00+09:00,23654.636626838233,23852.087683823527,23457.18556985294,23496.67578125,105280,0.0,0.0
2010-12-20 00:00:00+09:00,23180.756074937293,23931.070155727426,23022.79521582358,23615.1484375,54726,0.0,0.0
2010-12-21 00:00:00+09:00,23970.56041015625,24365.46255859375,23694.12890625,23694.12890625,32636,0.0,0.0
2010-12-22 00:00:00+09:00,23694.12699854651,23970.55848019622,23417.6955168968,23773.107421875,27318,0.0,0.0
2010-12-23 00:00:00+09:00,24049.539433780952,24720.873046875,24010.04922124601,24720.873046875,98074,0.0,0.0
2010-12-24 00:00:00+09:00,24720.878753562705,25155.27119172435,24246.99609375,24246.99609375,39165,0.0,0.0
2010-12-27 00:00:00+09:00,24010.05080049261,24404.9529518165,23773.109509698275,24049.541015625,51134,0.0,0.0
2010-12-28 00:00:00+09:00,24049.54301662071,24325.974545547386,23654.64083243975,24168.013671875,36676,0.0,0.0
2010-12-29 00:00:00+09:00,23969.588228665867,25001.391695462742,23969.588228665867,24763.283203125,23804,150.0,0.0
2010-12-30 00:00:00+09:00,24922.020990210844,26826.888836596387,24525.173522213856,26350.671875,79932,0.0,0.0
2011-01-03 00:00:00+09:00,26747.520601375374,26787.205350042103,25953.825628040795,26509.412109375,54024,0.0,0.0
2011-01-04 00:00:00+09:00,26668.150477099236,26668.150477099236,25953.82501789122,25993.509765625,49345,0.0,0.0
2011-01-05 00:00:00+09:00,25953.827400740884,26350.67491451368,25795.088395231764,26112.56640625,33782,0.0,0.0
2011-01-06 00:00:00+09:00,25993.50915380271,26985.62782379518,25993.50915380271,26350.671875,83731,0.0,0.0
2011-01-07 00:00:00+09:00,26628.470081546533,27342.79565750456,26430.04631044708,27184.056640625,43033,0.0,0.0
2011-01-10 00:00:00+09:00,27541.217377068017,27580.902128331803,26668.15284926471,26985.630859375,29221,0.0,0.0
2011-01-11 00:00:00+09:00,26985.63355214497,27303.11159393491,26310.992713341344,26826.89453125,26037,0.0,0.0
2011-01-12 00:00:00+09:00,26826.888836596387,26826.888836596387,26310.9871282003,26350.671875,40525,0.0,0.0
2011-01-13 00:00:00+09:00,26350.67469682836,26826.89170942164,26350.67469682836,26588.783203125,54280,0.0,0.0
2011-01-14 00:00:00+09:00,26350.67626953125,26985.63232421875,26350.67626953125,26668.154296875,26931,0.0,0.0
2011-01-17 00:00:00+09:00,26747.52205847538,26985.63056344697,25874.457540246214,26191.935546875,41607,0.0,0.0
2011-01-18 00:00:00+09:00,25874.456130707335,26628.466355375185,25676.03238737369,26509.412109375,28597,0.0,0.0
2011-01-19 00:00:00+09:00,26231.620515046296,27303.108796296296,26033.19675925926,26787.20703125,37407,0.0,0.0
2011-01-20 00:00:00+09:00,26509.415283203125,26985.63232421875,26509.415283203125,26668.154296875,12511,0.0,0.0
2011-01-21 00:00:00+09:00,26906.260532496166,26906.260532496166,25398.240030674846,25874.45703125,31185,0.0,0.0
2011-01-24 00:00:00+09:00,25914.14145940467,25914.14145940467,25001.39221964003,25080.76171875,31447,0.0,0.0
2011-01-25 00:00:00+09:00,25636.347675030047,25636.347675030047,24525.174710787258,24763.283203125,45798,0.0,0.0
2011-01-26 00:00:00+09:00,24763.2865474339,25715.72064541213,24485.49326885692,25517.296875,32161,0.0,0.0
2011-01-27 00:00:00+09:00,25755.402261864325,26033.19550659938,25358.554769385675,25556.978515625,24536,0.0,0.0
2011-01-28 00:00:00+09:00,25676.035522650192,25795.089783187985,25160.133726986434,25596.666015625,23665,0.0,0.0
2011-01-31 00:00:00+09:00,25239.499825279556,25517.29306235024,24802.967595597045,24842.65234375,22557,0.0,0.0
2011-02-01 00:00:00+09:00,25120.444201957886,26469.725565096225,24763.281488185974,26033.193359375,33977,0.0,0.0
2011-02-07 00:00:00+09:00,26350.67462406015,26707.837382518795,26072.8813674812,26390.359375,20143,0.0,0.0
2011-02-08 00:00:00+09:00,26390.359375,26866.576386278193,26231.6203712406,26390.359375,18313,0.0,0.0
2011-02-09 00:00:00+09:00,26787.20574230881,26787.20574230881,25556.978515625,25556.978515625,22327,0.0,0.0
2011-02-10 00:00:00+09:00,25914.139240228094,25914.139240228094,24683.912109375,24683.912109375,29985,0.0,0.0
2011-02-11 00:00:00+09:00,24683.9128173038,25199.81453213491,24406.119586240897,24525.173828125,22686,0.0,0.0
2011-02-14 00:00:00+09:00,25120.44650678791,25120.44650678791,23969.588767930327,24207.697265625,29387,0.0,0.0
2011-02-15 00:00:00+09:00,24207.70237428746,24525.18043821254,24048.963342324918,24366.44140625,36476,0.0,0.0
2011-02-16 00:00:00+09:00,24763.28284744409,25279.18457343251,24723.598099291135,24842.65234375,47259,0.0,0.0
2011-02-17 00:00:00+09:00,24882.33948045012,25279.187000074522,24406.122456900834,24961.708984375,42488,0.0,0.0
2011-02-18 00:00:00+09:00,25001.39373633744,25199.81749614964,24723.600472600356,24961.708984375,26522,0.0,0.0
2011-02-21 00:00:00+09:00,25358.55755408654,25834.77459735577,24922.025264423075,25795.08984375,18731,0.0,0.0
2011-02-22 00:00:00+09:00,25795.089049258473,25993.512811175846,25358.556773040254,25755.404296875,16795,0.0,0.0
2011-02-23 00:00:00+09:00,25715.72027616279,26033.198304263566,25160.133726986434,25596.666015625,18444,0.0,0.0
2011-02-24 00:00:00+09:00,25596.666282107944,25596.666282107944,23850.537109375,23850.537109375,60835,0.0,0.0
2011-02-25 00:00:00+09:00,23810.849252491695,24207.696740033225,23175.89327242525,23890.21875,37453,0.0,0.0
2011-02-28 00:00:00+09:00,23572.743530273438,24445.80810546875,23572.743530273438,24128.330078125,20670,0.0,0.0
2011-03-02 00:00:00+09:00,23533.05628282563,23969.588524159662,23533.05628282563,23612.42578125,32256,0.0,0.0
2011-03-03 00:00:00+09:00,23533.05599271334,24763.283203125,23533.05599271334,24763.283203125,20126,0.0,0.0
2011-03-04 00:00:00+09:00,24763.282494028663,25001.39097954817,24406.119765749405,24922.021484375,27684,0.0,0.0
2011-03-07 00:00:00+09:00,24922.022720530065,25318.870216079904,24485.49047542524,25080.76171875,25640,0.0,0.0
2011-03-08 00:00:00+09:00,25080.76315284178,25993.512444796466,24922.024145545314,25834.7734375,44566,0.0,0.0
2011-03-09 00:00:00+09:00,25953.82583916601,25993.51058815556,25160.130859375,25160.130859375,40854,0.0,0.0
2011-03-10 00:00:00+09:00,25041.077007556352,25477.609253329916,24128.327766393442,24207.697265625,26307,0.0,0.0
2011-03-11 00:00:00+09:00,24048.958346036587,24922.022840447156,23731.480348069108,24406.12109375,16438,0.0,0.0
2011-03-14 00:00:00+09:00,24406.121136567243,24763.28388490725,22659.992144682757,23533.056640625,45089,0.0,0.0
2011-03-15 00:00:00+09:00,23969.58858892922,23969.58858892922,21429.76463248639,21866.296875,92792,0.0,0.0
2011-03-16 00:00:00+09:00,21866.2969920412,22421.88348548689,20953.54775280899,21191.65625,75519,0.0,0.0
2011-03-17 00:00:00+09:00,20358.274784482757,20993.230723180077,19604.264607279692,20715.4375,125368,0.0,0.0
2011-03-18 00:00:00+09:00,20715.442095170452,22263.1475390625,20715.442095170452,21826.615234375,100129,0.0,0.0
2011-03-21 00:00:00+09:00,22302.830578399124,22620.30859375,22064.722066885966,22620.30859375,59344,0.0,0.0
2011-03-22 00:00:00+09:00,22977.46724991946,23255.260463649054,21866.294395001074,23096.521484375,93500,0.0,0.0
2011-03-23 00:00:00+09:00,23096.52443629597,23096.52443629597,22263.144688594573,22659.9921875,45871,0.0,0.0
2011-03-24 00:00:00+09:00,22540.937613430127,22580.622362749546,21786.92737636116,21866.296875,91834,0.0,0.0
2011-03-25 00:00:00+09:00,22183.77495152316,22461.568197785524,21826.61220632869,22064.720703125,36654,0.0,0.0
2011-03-28 00:00:00+09:00,21945.666863692433,22183.775364925987,21072.60235916941,21112.287109375,49637,0.0,0.0
2011-03-29 00:00:00+09:00,20953.544561243143,21985.34789191042,20397.958152422303,21707.5546875,85748,0.0,0.0
2011-03-30 00:00:00+09:00,22104.402122372026,22104.402122372026,21548.815713551186,21707.5546875,29540,0.0,0.0
2011-03-31 00:00:00+09:00,21786.929154516947,22580.62420568332,21707.55964940031,22540.939453125,52712,0.0,0.0
2011-04-01 00:00:00+09:00,22540.935398706897,23175.891325431036,22223.45743534483,23017.15234375,40395,0.0,0.0
2011-04-04 00:00:00+09:00,22858.41441637631,23215.577141632188,22263.143207616507,22779.044921875,34819,0.0,0.0
2011-04-05 00:00:00+09:00,22620.301457597172,22977.46411219081,22382.193021201412,22461.5625,15239,0.0,0.0
2011-04-06 00:00:00+09:00,22461.567294034092,23175.89275568182,22223.45880681818,22699.67578125,38726,0.0,0.0
2011-04-07 00:00:00+09:00,22779.045458984376,23017.153948102678,22064.719991629463,22223.458984375,22897,0.0,0.0
2011-04-08 00:00:00+09:00,22223.45844655797,22382.197435461956,21667.87198539402,21905.98046875,25154,0.0,0.0
2011-04-11 00:00:00+09:00,21786.927456862635,22421.88344831947,21747.242707396585,22064.720703125,22101,0.0,0.0
2011-04-12 00:00:00+09:00,22223.46011513158,22223.46011513158,20993.232858758223,21112.287109375,28153,0.0,0.0
2011-04-13 00:00:00+09:00,20953.546013327206,21667.871445599725,20794.80702837776,21588.501953125,18679,0.0,0.0
2011-04-14 00:00:00+09:00,21151.96968652518,22263.142578125,21151.96968652518,22263.142578125,30232,0.0,0.0
2011-04-15 00:00:00+09:00,22223.458158752328,22263.142905464385,21231.339490950886,21310.708984375,51393,0.0,0.0
2011-04-18 00:00:00+09:00,21271.02265323359,21429.761628257722,20199.534571820706,20556.697265625,65761,0.0,0.0
2011-04-19 00:00:00+09:00,20318.590073529413,21667.871445599725,19921.74261115579,21588.501953125,87266,0.0,0.0
2011-04-20 00:00:00+09:00,21826.611242008377,22540.93670083774,21588.502755731923,22501.251953125,44361,0.0,0.0
2011-04-21 00:00:00+09:00,22580.621357873664,22779.04509564057,21866.29590191281,22302.828125,51844,0.0,0.0
2011-04-22 00:00:00+09:00,22302.83356859347,22382.20308307245,21747.246967240608,22183.779296875,44965,0.0,0.0
2011-04-25 00:00:00+09:00,22223.459635416664,24088.642854817706,22223.459635416664,23810.849609375,123614,0.0,0.0
2011-04-26 00:00:00+09:00,23453.687266031902,23771.165266248914,22461.568515353734,22858.416015625,43276,0.0,0.0
2011-04-27 00:00:00+09:00,22898.100566007655,23414.002311862245,22858.41581632653,23334.6328125,25594,0.0,0.0
2011-04-28 00:00:00+09:00,22779.046515570746,23334.63301595052,22739.36176554362,22858.416015625,20195,0.0,0.0
2011-04-29 00:00:00+09:00,22937.78660910088,23017.1561129386,22263.145826480264,22620.30859375,17802,0.0,0.0
2011-05-02 00:00:00+09:00,22620.30462334626,22699.674113252735,21469.447019702326,21747.240234375,70521,0.0,0.0
2011-05-03 00:00:00+09:00,21112.285416666666,21588.50238095238,20675.753199404764,20834.4921875,64443,0.0,0.0
2011-05-04 00:00:00+09:00,20913.861774027122,21191.65500442217,20874.17702682783,21032.916015625,14973,0.0,0.0
2011-05-06 00:00:00+09:00,20636.070106907897,21390.080360814147,20556.70060649671,21112.287109375,21298,0.0,0.0
2011-05-09 00:00:00+09:00,21429.762418376864,21667.870889692163,20913.860730527053,21271.0234375,17763,0.0,0.0
2011-05-11 00:00:00+09:00,21151.971859580593,21667.87361225329,20953.548108552633,21112.287109375,11224,0.0,0.0
2011-05-12 00:00:00+09:00,20636.070106907897,21469.44986122533,20636.070106907897,21112.287109375,9061,0.0,0.0
2011-05-13 00:00:00+09:00,21310.708729463466,21588.501953125,20794.80702837776,21588.501953125,23258,0.0,0.0
2011-05-16 00:00:00+09:00,21588.50139925373,21707.55563491138,20953.54547574627,21271.0234375,13894,0.0,0.0
2011-05-17 00:00:00+09:00,21072.601693502285,21072.601693502285,19048.67949695122,19524.896484375,95921,0.0,0.0
2011-05-18 00:00:00+09:00,19445.52791819853,19445.52791819853,18294.670143448006,18889.94140625,145229,0.0,0.0
2011-05-19 00:00:00+09:00,18889.94185564159,19048.680862831858,17897.823060702434,17937.5078125,57782,0.0,0.0
2011-05-20 00:00:00+09:00,17500.97560944338,18215.301144522702,17262.867097750273,18135.931640625,75908,0.0,0.0
2011-05-23 00:00:00+09:00,18850.256724084527,18850.256724084527,17421.60568815391,18016.876953125,52515,0.0,0.0
2011-05-24 00:00:00+09:00,17620.03011988994,18929.626953125,17461.29110980084,18929.626953125,36594,0.0,0.0
2011-05-25 00:00:00+09:00,18929.62400667248,18929.62400667248,17937.505348041846,18493.091796875,32409,0.0,0.0
2011-05-26 00:00:00+09:00,18254.986924686193,19008.9972541841,18056.563153765692,18969.3125,39452,0.0,0.0
2011-05-27 00:00:00+09:00,18651.833415960067,18691.51816790892,17977.192632829596,18135.931640625,65732,0.0,0.0
2011-05-30 00:00:00+09:00,18135.93194010417,18334.355703125002,17381.921640625,17858.138671875,36915,0.0,0.0
2011-05-31 00:00:00+09:00,17580.345403645835,17937.508177083335,16985.074114583334,17858.138671875,67583,0.0,0.0
2011-06-01 00:00:00+09:00,17858.1366309691,18016.87562324438,17302.55015800562,17659.712890625,45844,0.0,0.0
2011-06-02 00:00:00+09:00,17223.182002314814,17421.60575810185,16866.019241898146,17143.8125,45047,0.0,0.0
2011-06-03 00:00:00+09:00,17064.441848296767,17818.452069500578,16746.963860421478,17183.49609375,45055,0.0,0.0
2011-06-07 00:00:00+09:00,17183.497251157405,17183.497251157405,16389.80222800926,17143.8125,34306,0.0,0.0
2011-06-08 00:00:00+09:00,17104.126061580882,17104.126061580882,16627.909094669118,16866.017578125,25796,0.0,0.0
2011-06-09 00:00:00+09:00,16667.594906026254,16905.70340468377,16508.85590692124,16627.91015625,22501,0.0,0.0
2011-06-10 00:00:00+09:00,16707.280384036145,17262.86690512048,16469.171875,16469.171875,37002,0.0,0.0
2011-06-13 00:00:00+09:00,15913.584832442435,16667.595086348683,15080.205078125,15080.205078125,65199,0.0,0.0
2011-06-14 00:00:00+09:00,14762.723541259766,15477.048873901367,14762.723541259766,15238.9404296875,22428,0.0,0.0
2011-06-15 00:00:00+09:00,15238.944029850747,15953.26953125,15199.25927977301,15953.26953125,24439,0.0,0.0
2011-06-16 00:00:00+09:00,15675.478330669981,15913.586862275095,15318.31553326231,15715.1630859375,21225,0.0,0.0
2011-06-17 00:00:00+09:00,15873.902107007576,16032.641128077652,15437.369799064867,15715.1630859375,8795,0.0,0.0
2011-06-20 00:00:00+09:00,15992.958579101563,16032.643339843751,15675.480493164063,15873.904296875,11885,0.0,0.0
2011-06-21 00:00:00+09:00,15873.898790829146,16072.322525714511,15675.475055943782,15794.529296875,7896,0.0,0.0
2011-06-22 00:00:00+09:00,15913.583982004704,16508.8552032767,15834.214485835104,16350.1162109375,18101,0.0,0.0
2011-06-23 00:00:00+09:00,16508.85520094563,16826.3331855792,16191.377216312057,16786.6484375,16555,0.0,0.0
2011-06-24 00:00:00+09:00,16905.702250070703,17699.397191388576,16746.963261807126,17540.658203125,31204,0.0,0.0
2011-06-27 00:00:00+09:00,17500.973362414188,17540.658109267733,17262.864881292906,17342.234375,9361,0.0,0.0
2011-06-28 00:00:00+09:00,17739.08148401908,17739.08148401908,17342.234023526482,17421.603515625,9355,0.0,0.0
2011-06-29 00:00:00+09:00,17421.606996308776,17659.71552017632,17024.75945652953,17302.552734375,10034,0.0,0.0
2011-06-30 00:00:00+09:00,16905.700477139264,17778.764821029083,16469.16830519435,17739.080078125,39742,0.0,0.0
2011-07-01 00:00:00+09:00,17897.82416182035,18215.302195732904,17659.715636385932,17699.400390625,34796,0.0,0.0
2011-07-04 00:00:00+09:00,17699.401509232954,17858.14053622159,17302.55394176136,17461.29296875,15416,0.0,0.0
2011-07-05 00:00:00+09:00,17461.290142569127,17500.974892893148,16985.073138680877,17223.181640625,20786,0.0,0.0
2011-07-06 00:00:00+09:00,17223.181201058585,17461.289696925753,17024.75745450261,17104.126953125,17284,0.0,0.0
2011-07-07 00:00:00+09:00,17262.86433293269,17342.23382411859,17024.755859375,17024.755859375,14262,0.0,0.0
2011-07-08 00:00:00+09:00,16985.071996065377,16985.071996065377,16191.377042978209,16389.80078125,40988,0.0,0.0
2011-07-11 00:00:00+09:00,16310.431640625,16389.80113765967,15913.584155451643,16310.431640625,21385,0.0,0.0
2011-07-12 00:00:00+09:00,15953.266138980262,16191.374588815788,15834.2119140625,15834.2119140625,11690,0.0,0.0
2011-07-13 00:00:00+09:00,15794.529296875,16072.322525714511,15516.73606803549,15794.529296875,39761,0.0,0.0
2011-07-14 00:00:00+09:00,15794.529296875,15834.214043852073,15516.73606803549,15794.529296875,7421,0.0,0.0
2011-07-15 00:00:00+09:00,15635.790327380953,16707.27849702381,15635.790327380953,16667.59375,45157,0.0,0.0
2011-07-18 00:00:00+09:00,16945.38965064193,17818.45422280615,16826.335390801356,17580.345703125,54356,0.0,0.0
2011-07-19 00:00:00+09:00,17778.76713483146,17858.1366309691,17302.55015800562,17659.712890625,29910,0.0,0.0
2011-07-20 00:00:00+09:00,18016.877747252747,18135.932005494506,17540.660714285714,18056.5625,33979,0.0,0.0
2011-07-21 00:00:00+09:00,17858.137800886823,17937.507302224098,17580.34454620636,17620.029296875,23508,0.0,0.0
2011-07-22 00:00:00+09:00,17540.656363604587,17739.080078125,17223.178420371925,17739.080078125,23861,0.0,0.0
2011-07-25 00:00:00+09:00,17778.76766004415,17977.19140625,17302.55066915011,17977.19140625,27233,0.0,0.0
2011-07-26 00:00:00+09:00,17977.18874851661,19008.992076246042,17461.287084651896,18810.568359375,58125,0.0,0.0
2011-07-27 00:00:00+09:00,18572.461289565454,18889.939260327254,18135.929079767975,18493.091796875,42431,0.0,0.0
2011-07-28 00:00:00+09:00,18135.929867450843,18413.723103932585,17659.712890625,17659.712890625,39294,0.0,0.0
2011-07-29 00:00:00+09:00,17858.137356505104,17858.137356505104,17223.181361607145,17500.974609375,16723,0.0,0.0
2011-08-01 00:00:00+09:00,17778.770322939865,18016.87885405067,17500.97703664393,17818.455078125,15638,0.0,0.0
2011-08-02 00:00:00+09:00,17540.66137366872,17897.82416182035,17302.552848234307,17699.400390625,22199,0.0,0.0
2011-08-03 00:00:00+09:00,17461.28985969388,17540.659359056124,16707.27961575255,17500.974609375,23413,0.0,0.0
2011-08-04 00:00:00+09:00,17342.23589159706,17699.39864451325,17223.181640625,17223.181640625,21708,0.0,0.0
2011-08-05 00:00:00+09:00,15873.898237179486,17143.810096153844,15873.898237179486,17024.755859375,28025,0.0,0.0
2011-08-08 00:00:00+09:00,16667.59349385246,17064.440957991803,14484.932441086065,16945.38671875,67996,0.0,0.0
2011-08-09 00:00:00+09:00,15913.586053180958,16667.596364927685,14405.5654296875,14405.5654296875,80897,0.0,0.0
2011-08-10 00:00:00+09:00,14723.042110809498,15000.835358183262,13691.238620564089,14048.4013671875,76686,0.0,0.0
2011-08-11 00:00:00+09:00,12857.858649059734,13651.553627396755,12857.858649059734,13453.1298828125,86558,0.0,0.0
2011-08-12 00:00:00+09:00,13770.60865162037,13849.978153935184,12857.859375,12857.859375,70379,0.0,0.0
2011-08-16 00:00:00+09:00,13294.391673368567,13532.500180951287,12937.228911994485,13492.8154296875,89840,0.0,0.0
2011-08-17 00:00:00+09:00,13532.50085554755,13810.294128242074,13294.392336095101,13770.609375,57150,0.0,0.0
2011-08-18 00:00:00+09:00,13492.816225961538,13889.66376201923,12341.95837139423,12897.544921875,89067,0.0,0.0
2011-08-19 00:00:00+09:00,12302.273293078786,12540.381808428698,10992.67645865427,11270.4697265625,79155,0.0,0.0
2011-08-22 00:00:00+09:00,10952.990058100182,11389.522270560696,10476.773099052347,10992.6748046875,63410,0.0,0.0
2011-08-23 00:00:00+09:00,11032.35955127482,11270.468030798736,10794.251071750903,10992.6748046875,81267,0.0,0.0
2011-08-24 00:00:00+09:00,11111.72839701417,11270.467374114372,9802.1318359375,9802.1318359375,108772,0.0,0.0
2011-08-25 00:00:00+09:00,10079.925633179153,11270.468030798736,10079.925633179153,10992.6748046875,303057,0.0,0.0
2011-08-26 00:00:00+09:00,10913.305393796125,10952.990140682656,10357.718937384685,10754.56640625,89975,0.0,0.0
2011-08-29 00:00:00+09:00,11032.359995814732,11270.468484933035,10754.566758510044,11111.7294921875,141203,0.0,0.0
2011-08-30 00:00:00+09:00,11270.467190166382,11984.792575458618,11111.728215656996,11627.6298828125,163972,0.0,0.0
2011-08-31 00:00:00+09:00,11786.369933444033,11786.369933444033,11111.729230182927,11389.5224609375,74501,0.0,0.0
2011-09-01 00:00:00+09:00,11468.891079837329,11706.999545162671,11270.467358732876,11587.9453125,95006,0.0,0.0
2011-09-02 00:00:00+09:00,11508.576882102272,11786.3701171875,10992.675159801136,11786.3701171875,79928,0.0,0.0
2011-09-05 00:00:00+09:00,11349.837800266903,11508.576790480427,10873.620829626334,11151.4140625,43173,0.0,0.0
2011-09-06 00:00:00+09:00,10754.568597301137,11230.785656960226,10198.982027698863,10913.3076171875,58181,0.0,0.0
2011-09-07 00:00:00+09:00,11151.414240373884,11191.098988560268,10556.143017578124,11111.7294921875,63399,0.0,0.0
2011-09-08 00:00:00+09:00,11111.728946461397,11111.728946461397,10397.40351418888,10794.2509765625,101235,0.0,0.0
2011-09-09 00:00:00+09:00,10833.935091145833,10833.935091145833,10318.033420138889,10714.880859375,71973,0.0,0.0
2011-09-14 00:00:00+09:00,10714.88303960756,10714.88303960756,9762.448991642443,10238.666015625,105362,0.0,0.0
2011-09-15 00:00:00+09:00,10238.664413452148,10397.403396606445,9841.816955566406,10159.294921875,80541,0.0,0.0
2011-09-16 00:00:00+09:00,10198.979421637358,10556.142125118822,9841.816718155895,10437.087890625,121607,0.0,0.0
2011-09-19 00:00:00+09:00,10437.089304070723,10714.882555509868,10238.665553042763,10556.1435546875,90957,0.0,0.0
2011-09-20 00:00:00+09:00,10437.087651909722,10794.250347222222,10238.663932291667,10714.880859375,90513,0.0,0.0
2011-09-21 00:00:00+09:00,10714.883842329546,11151.416147017046,10675.199087357954,10913.3076171875,89893,0.0,0.0
2011-09-22 00:00:00+09:00,10556.142125118822,10873.620083769012,10397.403145793727,10437.087890625,48587,0.0,0.0
2011-09-23 00:00:00+09:00,9762.447463989258,10198.979667663574,9603.708480834961,10159.294921875,49252,0.0,0.0
2011-09-26 00:00:00+09:00,10079.926334635416,10119.611083984375,9365.600846354166,9524.33984375,77282,0.0,0.0
2011-09-27 00:00:00+09:00,9881.501602963148,10198.979566110558,9603.708385209164,9960.87109375,98402,0.0,0.0
2011-09-28 00:00:00+09:00,10000.556015625,10159.295,9802.13228515625,9921.1865234375,61081,0.0,0.0
2011-09-29 00:00:00+09:00,9921.187306178435,10397.404296875,9365.600817032442,10397.404296875,100977,0.0,0.0
2011-09-30 00:00:00+09:00,10397.402985873288,11826.053777825342,10397.402985873288,11587.9453125,475730,0.0,0.0
2011-10-04 00:00:00+09:00,10913.3056640625,11429.207386363636,10794.251420454546,11349.837890625,213795,0.0,0.0
2011-10-05 00:00:00+09:00,11706.999545162671,12222.901220034246,10952.989404965754,11587.9453125,356318,0.0,0.0
2011-10-06 00:00:00+09:00,11905.425239789603,12381.642249381188,11865.740488990305,12024.4794921875,280157,0.0,0.0
2011-10-07 00:00:00+09:00,12262.58745021446,12580.065442453022,11707.000963796976,12143.533203125,205381,0.0,0.0
2011-10-10 00:00:00+09:00,12064.16435185185,12937.228877314814,12024.479600694443,12857.859375,323426,0.0,0.0
2011-10-11 00:00:00+09:00,13095.967985733694,14246.825778419383,12619.750968070652,13691.2392578125,577979,0.0,0.0
2011-10-12 00:00:00+09:00,13889.663221571182,14445.249750434028,13691.239461263021,14286.5107421875,387918,0.0,0.0
2011-10-13 00:00:00+09:00,14445.250055329321,14603.989066926346,13929.348267638989,14008.7177734375,161761,0.0,0.0
2011-10-14 00:00:00+09:00,14048.399763627485,14048.399763627485,13175.335371537642,13969.0302734375,244544,0.0,0.0
2011-10-17 00:00:00+09:00,14048.4013671875,14088.086116812323,13492.81487243997,14048.4013671875,130699,0.0,0.0
2011-10-18 00:00:00+09:00,13651.55354135479,13730.923038688248,13095.967060020585,13254.7060546875,183216,0.0,0.0
2011-10-19 00:00:00+09:00,13572.185668945312,14683.358764648438,13254.707641601562,14603.9892578125,343233,0.0,0.0
2011-10-20 00:00:00+09:00,14643.67369755397,15278.62973864032,14127.77191417131,14246.826171875,327247,0.0,0.0
2011-10-21 00:00:00+09:00,14802.411778995647,16072.32378148321,14445.24902829602,15953.26953125,272737,0.0,0.0
2011-10-24 00:00:00+09:00,15953.267403652295,16469.169085859954,15556.419955800247,15992.9521484375,287718,0.0,0.0
2011-10-25 00:00:00+09:00,15953.269927900064,15992.954678964492,15238.944408740359,15437.3681640625,179244,0.0,0.0
2011-10-26 00:00:00+09:00,15397.680976659429,16270.745361933932,15199.257252733405,15992.9521484375,148862,0.0,0.0
2011-10-27 00:00:00+09:00,16151.6923828125,16191.377130681818,15596.105912642046,16151.6923828125,165915,0.0,0.0
2011-10-28 00:00:00+09:00,16429.483566497092,17223.178424781978,15754.842936954941,17064.439453125,215380,0.0,0.0
2011-10-31 00:00:00+09:00,17143.810714285715,17262.864955357145,16469.170014880954,16667.59375,71797,0.0,0.0
2011-11-01 00:00:00+09:00,16191.376201923076,17024.755859375,16191.376201923076,17024.755859375,39663,0.0,0.0
2011-11-02 00:00:00+09:00,16270.746209954234,17739.081843535467,16112.007222540045,17342.234375,97027,0.0,0.0
2011-11-03 00:00:00+09:00,17381.92224233085,17500.97650426462,16746.96617868406,17302.552734375,42560,0.0,0.0
2011-11-04 00:00:00+09:00,17381.920792863177,18175.615806235925,17143.81228885135,17620.029296875,104659,0.0,0.0
2011-11-07 00:00:00+09:00,17818.451432586255,17818.451432586255,17064.441238334275,17540.658203125,78385,0.0,0.0
2011-11-08 00:00:00+09:00,17620.02767857143,17620.02767857143,16548.53950892857,16667.59375,61925,0.0,0.0
2011-11-09 00:00:00+09:00,16786.649887048192,16786.649887048192,16231.063365963855,16469.171875,117821,0.0,0.0
2011-11-10 00:00:00+09:00,15913.582093057752,15992.95157980617,14921.46350870253,15675.4736328125,156833,0.0,0.0
2011-11-11 00:00:00+09:00,15913.584155451643,16786.64862283303,15913.584155451643,16310.431640625,110408,0.0,0.0
2011-11-14 00:00:00+09:00,16389.802799790672,16707.280820125598,16191.37903708134,16588.2265625,69231,0.0,0.0
2011-11-15 00:00:00+09:00,16310.431026785714,16826.33273809524,15953.268303571429,16667.59375,104206,0.0,0.0
2011-11-16 00:00:00+09:00,17064.43958463217,17064.43958463217,15834.21254480985,15913.58203125,57837,0.0,0.0
2011-11-17 00:00:00+09:00,15913.585462351008,16350.117731891809,15238.944682151588,16231.0634765625,52939,0.0,0.0
2011-11-18 00:00:00+09:00,15794.531207021699,16389.802483668245,15715.161703468826,16231.0634765625,45101,0.0,0.0
2011-11-21 00:00:00+09:00,16350.115586890244,16508.854573170735,15873.89862804878,16270.74609375,43604,0.0,0.0
2011-11-22 00:00:00+09:00,16032.637797619049,16826.33273809524,16032.637797619049,16667.59375,39699,0.0,0.0
2011-11-23 00:00:00+09:00,16866.01748511905,16866.01748511905,15992.953050595239,16667.59375,38057,0.0,0.0
2011-11-24 00:00:00+09:00,16350.115703661326,17342.234375,16231.061463100687,17342.234375,70176,0.0,0.0
2011-11-25 00:00:00+09:00,17183.494841746793,17342.23382411859,16667.59314903846,17024.755859375,41539,0.0,0.0
2011-11-28 00:00:00+09:00,17064.443593002394,17183.49785062799,16508.85705741627,16588.2265625,46267,0.0,0.0
2011-11-29 00:00:00+09:00,16826.334345379146,16826.334345379146,16350.117335604265,16746.96484375,61021,0.0,0.0
2011-11-30 00:00:00+09:00,16548.541089677132,17024.758099452014,16389.80208641884,16746.96484375,42823,0.0,0.0
2011-12-01 00:00:00+09:00,16945.387429816787,17699.397643321514,16786.6484375,16786.6484375,70302,0.0,0.0
2011-12-02 00:00:00+09:00,16429.485704787236,17024.756925975176,16151.69246823286,16786.6484375,62885,0.0,0.0
2011-12-05 00:00:00+09:00,16905.70292119565,18374.03862092391,16905.70292119565,18254.984375,164905,0.0,0.0
2011-12-06 00:00:00+09:00,18215.298378392272,18493.091599849235,17699.39668140077,18096.244140625,73788,0.0,0.0
2011-12-07 00:00:00+09:00,18532.778322246286,20794.809081064355,18096.246070544556,20040.798828125,283134,0.0,0.0
2011-12-08 00:00:00+09:00,19683.6344126506,20556.698842243975,19683.6344126506,19763.00390625,168788,0.0,0.0
2011-12-09 00:00:00+09:00,19524.898373331624,19921.745901244867,19048.68133983573,19326.474609375,84031,0.0,0.0
2011-12-12 00:00:00+09:00,19723.32059151786,20199.537587691328,19445.52734375,19445.52734375,55166,0.0,0.0
2011-12-13 00:00:00+09:00,19048.68127593361,19445.52880251556,18572.46424403527,19128.05078125,64474,0.0,0.0
2011-12-14 00:00:00+09:00,18969.309661347987,19326.472395557466,18532.77743064751,18731.201171875,43645,0.0,0.0
2011-12-15 00:00:00+09:00,18731.203229166666,18731.203229166666,17381.921640625,17858.138671875,59766,0.0,0.0
2011-12-16 00:00:00+09:00,17778.76887308534,18651.833415960067,17778.76887308534,18135.931640625,65654,0.0,0.0
2011-12-19 00:00:00+09:00,18374.037376348922,18374.037376348922,15953.26787320144,16548.5390625,73825,0.0,0.0
2011-12-20 00:00:00+09:00,16707.27946001305,17262.865950369778,16429.486214834687,17104.126953125,32100,0.0,0.0
2011-12-21 00:00:00+09:00,17540.661128548032,18691.51898539847,17381.922113810044,18175.6171875,63919,0.0,0.0
2011-12-22 00:00:00+09:00,18135.932005494506,18572.464285714286,17699.399725274725,18056.5625,19017,0.0,0.0
2011-12-23 00:00:00+09:00,18493.092866847826,18572.462364130435,18135.930129076085,18254.984375,31873,0.0,0.0
2011-12-26 00:00:00+09:00,18413.722747867803,18612.146484375,17937.505780250533,18612.146484375,47540,0.0,0.0
2011-12-27 00:00:00+09:00,18731.203296703297,18731.203296703297,17620.03021978022,18056.5625,35778,0.0,0.0
2011-12-28 00:00:00+09:00,18016.699645196506,18335.579284934498,17897.119780294757,18255.859375,20562,100.0,0.0
2011-12-29 00:00:00+09:00,18216.001188676073,18574.740818212365,17976.84143565188,18534.880859375,29799,0.0,0.0
2012-01-02 00:00:00+09:00,18734.179478385977,18774.039434722967,18335.57991501606,18614.599609375,17501,0.0,0.0
2012-01-03 00:00:00+09:00,18853.75714321794,18853.75714321794,18176.13796470905,18495.017578125,52968,0.0,0.0
2012-01-04 00:00:00+09:00,18574.737481478987,18614.59743315598,17817.398399616108,18495.017578125,87174,0.0,0.0
2012-01-05 00:00:00+09:00,18694.320515260857,18973.340224443855,18136.28109689486,18813.900390625,50983,0.0,0.0
2012-01-06 00:00:00+09:00,18813.899391059957,19451.65869245182,18574.73965303801,18614.599609375,83259,0.0,0.0
2012-01-09 00:00:00+09:00,18375.44031444099,19292.219332298137,18295.72039984472,19252.359375,56549,0.0,0.0
2012-01-10 00:00:00+09:00,19571.238822428386,19850.25852050781,19053.05938313802,19132.779296875,65772,0.0,0.0
2012-01-11 00:00:00+09:00,19411.799975328948,19770.53960526316,18933.48046875,18933.48046875,42575,0.0,0.0
2012-01-12 00:00:00+09:00,18774.03927264636,19132.778876582277,18774.03927264636,18893.619140625,27996,0.0,0.0
2012-01-13 00:00:00+09:00,18654.462102809874,19371.941414456407,18654.462102809874,18973.341796875,33363,0.0,0.0
2012-01-16 00:00:00+09:00,18654.459469379195,19132.77894295302,17817.400390625,17817.400390625,77749,0.0,0.0
2012-01-17 00:00:00+09:00,17697.81973314607,18335.57900280899,17697.81973314607,17737.6796875,28633,0.0,0.0
2012-01-18 00:00:00+09:00,17657.960896903867,18016.70050880485,17099.921500613455,17259.361328125,50145,0.0,0.0
2012-01-19 00:00:00+09:00,17339.080143960677,17936.979459269663,17339.080143960677,17737.6796875,34165,0.0,0.0
2012-01-20 00:00:00+09:00,18016.699584960938,18136.27944946289,17139.78057861328,17857.259765625,34342,0.0,0.0
2012-01-25 00:00:00+09:00,17697.82265625,17857.2625,17099.9232421875,17139.783203125,56933,0.0,0.0
2012-01-26 00:00:00+09:00,17139.784408642347,17339.08422734749,16661.46484375,16661.46484375,46695,0.0,0.0
2012-01-27 00:00:00+09:00,16820.901871298316,16860.76182833931,15904.122859355517,15983.8427734375,152626,0.0,0.0
2012-01-30 00:00:00+09:00,15983.841858652675,16701.32104432786,15943.981903892944,16382.44140625,89771,0.0,0.0
2012-01-31 00:00:00+09:00,16302.722887662914,17139.78200903436,16302.722887662914,16820.90234375,54580,0.0,0.0
2012-02-01 00:00:00+09:00,16900.6234375,17737.6826171875,16820.903515625,17538.3828125,63876,0.0,0.0
2012-02-02 00:00:00+09:00,17657.961595438293,19132.780058262713,17578.241678528866,18813.900390625,171053,0.0,0.0
2012-02-03 00:00:00+09:00,18495.020921052634,19053.060345394737,18495.020921052634,18933.48046875,51919,0.0,0.0
2012-02-06 00:00:00+09:00,19132.778876582277,19172.638832575158,18455.159624703323,18893.619140625,35462,0.0,0.0
2012-02-07 00:00:00+09:00,18853.760550986844,19013.20038651316,18495.020921052634,18933.48046875,25678,0.0,0.0
2012-02-08 00:00:00+09:00,18734.18044845779,19053.060115665587,18375.440822849025,18415.30078125,41050,0.0,0.0
2012-02-09 00:00:00+09:00,18375.44330252729,19531.38225214397,18096.423556068086,19172.642578125,105537,0.0,0.0
2012-02-10 00:00:00+09:00,19411.80078517983,19890.120311714036,18973.34121919014,19810.400390625,65643,0.0,0.0
2012-02-13 00:00:00+09:00,19890.119724993725,20328.5792780497,19531.3800906752,19850.259765625,40840,0.0,0.0
2012-02-14 00:00:00+09:00,20169.1394405748,20169.1394405748,19531.3800906752,19850.259765625,28281,0.0,0.0
2012-02-15 00:00:00+09:00,19611.10038416839,20089.419905733474,19292.220703125,19292.220703125,61899,0.0,0.0
2012-02-16 00:00:00+09:00,19132.77985074627,19252.359724813432,18694.3203125,18694.3203125,67430,0.0,0.0
2012-02-17 00:00:00+09:00,18574.737743547572,19690.81640625,18375.437982350708,19690.81640625,108783,0.0,0.0
2012-02-20 00:00:00+09:00,19850.25912545668,19850.25912545668,18933.480089542012,19092.919921875,41806,0.0,0.0
2012-02-21 00:00:00+09:00,19172.642578125,19650.962143483626,19053.062686785343,19172.642578125,29019,0.0,0.0
2012-02-22 00:00:00+09:00,19491.5208984375,20169.140234375,19092.9212890625,19929.98046875,57315,0.0,0.0
2012-02-23 00:00:00+09:00,19770.5388916501,20527.878083064115,19531.37914699304,20049.55859375,39976,0.0,0.0
2012-02-24 00:00:00+09:00,20089.421875,20368.44162326389,19531.382378472223,20089.421875,46194,0.0,0.0
2012-02-27 00:00:00+09:00,20089.4203125,20408.3,19929.98046875,19929.98046875,23274,0.0,0.0
2012-02-28 00:00:00+09:00,19929.97818883755,20488.017578125,19690.8184505715,20488.017578125,26933,0.0,0.0
2012-02-29 00:00:00+09:00,20687.31533589336,21444.654432968455,20368.43571607227,21165.634765625,61400,0.0,0.0
2012-03-02 00:00:00+09:00,21364.937049278848,21364.937049278848,20248.858248197117,20727.177734375,106579,0.0,0.0
2012-03-05 00:00:00+09:00,20727.178887795275,20727.178887795275,20049.55957800197,20248.859375,32793,0.0,0.0
2012-03-06 00:00:00+09:00,20328.578503273224,20328.578503273224,19611.099261981228,20169.138671875,18866,0.0,0.0
2012-03-07 00:00:00+09:00,19929.977416992188,20408.296875,19491.51791381836,20408.296875,52593,0.0,0.0
2012-03-08 00:00:00+09:00,20209.001578873504,20408.30139720559,19810.40194220933,19969.841796875,27491,0.0,0.0
2012-03-09 00:00:00+09:00,20089.414755544356,20408.294354838712,19650.955306514617,19770.53515625,30626,0.0,0.0
2012-03-12 00:00:00+09:00,20049.55480563256,20049.55480563256,19650.955306514617,19770.53515625,9523,0.0,0.0
2012-03-13 00:00:00+09:00,19810.40098540381,20009.700794110082,19172.641597543727,19371.94140625,24129,0.0,0.0
2012-03-14 00:00:00+09:00,19690.818148548882,19810.39801584776,19531.378325483707,19571.23828125,9541,0.0,0.0
2012-03-15 00:00:00+09:00,19531.380463907542,19810.400184820508,18973.34102208161,19292.220703125,36816,0.0,0.0
2012-03-16 00:00:00+09:00,19092.91934000651,19252.359167480467,18813.899641927084,19132.779296875,27894,0.0,0.0
2012-03-19 00:00:00+09:00,19292.219164540817,19650.95877710459,18893.61959502551,19531.37890625,34191,0.0,0.0
2012-03-20 00:00:00+09:00,19451.656692813765,19770.536310728745,19411.796740574395,19690.81640625,18217,0.0,0.0
2012-03-21 00:00:00+09:00,19531.380105807086,20248.859375,19531.380105807086,20248.859375,29227,0.0,0.0
2012-03-22 00:00:00+09:00,20488.022256540695,20567.7421875,19969.842705305233,20567.7421875,44290,0.0,0.0
2012-03-23 00:00:00+09:00,20567.737119932433,20687.316986908783,20169.137563344597,20647.45703125,22899,0.0,0.0
2012-03-26 00:00:00+09:00,21125.777306189902,21125.777306189902,20488.01799128606,20727.177734375,74522,0.0,0.0
2012-03-27 00:00:00+09:00,20767.037109375,21006.196845759358,20288.717636606285,20767.037109375,65810,0.0,0.0
2012-03-28 00:00:00+09:00,20727.17715331094,20886.616977567177,20408.297504798462,20767.037109375,57088,0.0,0.0
2012-03-29 00:00:00+09:00,20727.173954133064,20727.173954133064,19770.53515625,19770.53515625,41727,0.0,0.0
2012-03-30 00:00:00+09:00,19611.097778320312,20488.01678466797,19611.097778320312,20408.296875,34808,0.0,0.0
2012-04-02 00:00:00+09:00,20169.141743201337,20886.62109375,20169.141743201337,20886.62109375,34460,0.0,0.0
2012-04-03 00:00:00+09:00,20727.179091242662,20806.899010824363,20169.139654170744,20368.439453125,26705,0.0,0.0
2012-04-04 00:00:00+09:00,20368.44143353917,20368.44143353917,19650.962087543663,19969.841796875,20197,0.0,0.0
2012-04-05 00:00:00+09:00,19531.37792594588,20846.75643932591,19132.77837643678,20806.896484375,42854,0.0,0.0
2012-04-06 00:00:00+09:00,20647.458401071774,20926.478109194366,20607.598442768547,20687.318359375,18237,0.0,0.0
2012-04-09 00:00:00+09:00,20727.182049418603,20727.182049418603,20328.58239462209,20567.7421875,21416,0.0,0.0
2012-04-10 00:00:00+09:00,20567.738040506956,20767.03782772117,19690.818976764414,20049.55859375,29356,0.0,0.0
2012-04-12 00:00:00+09:00,19929.98046875,19969.8404296875,19252.3611328125,19929.98046875,23090,0.0,0.0
2012-04-13 00:00:00+09:00,19890.117462158203,20567.736694335938,19890.117462158203,20408.296875,37914,0.0,0.0
2012-04-16 00:00:00+09:00,20089.41553398058,20607.59490291262,20089.41553398058,20527.875,31976,0.0,0.0
2012-04-17 00:00:00+09:00,20288.71753020446,21444.65625,20288.71753020446,21444.65625,67594,0.0,0.0
2012-04-18 00:00:00+09:00,21683.818565857888,23357.936911016033,21683.818565857888,22999.197265625,165613,0.0,0.0
2012-04-19 00:00:00+09:00,22999.196694302722,23915.97576530612,22799.896896258502,23437.65625,120949,0.0,0.0
2012-04-20 00:00:00+09:00,23597.096479023974,23597.096479023974,23039.05703526327,23278.216796875,33930,0.0,0.0
2012-04-23 00:00:00+09:00,23357.934123641306,23517.37394701087,22760.034786005435,22919.474609375,29656,0.0,0.0
2012-04-24 00:00:00+09:00,22760.033849676725,23477.513025323275,22481.01417025862,23118.7734375,61338,0.0,0.0
2012-04-25 00:00:00+09:00,23278.213470197254,23756.532925064323,22720.174106185677,23238.353515625,67521,0.0,0.0
2012-04-26 00:00:00+09:00,23437.652551529256,23557.23241148604,22441.153718556074,22481.013671875,51613,0.0,0.0
2012-04-27 00:00:00+09:00,22481.01796875,22720.177734375,21723.6787109375,22720.177734375,89713,0.0,0.0
2012-04-30 00:00:00+09:00,22879.616402152536,22919.476361041303,22401.296895487325,22799.896484375,21331,0.0,0.0
2012-05-02 00:00:00+09:00,22799.896896258502,23676.816007653062,22640.45705782313,23437.65625,74760,0.0,0.0
2012-05-03 00:00:00+09:00,23557.2355422326,23636.955459465196,23158.63595606961,23477.515625,41453,0.0,0.0
2012-05-04 00:00:00+09:00,23198.493773997438,23397.79354868814,22241.85485548208,23357.93359375,76670,0.0,0.0
2012-05-07 00:00:00+09:00,22680.319135836253,23078.918769154992,22600.599209172502,22760.0390625,39144,0.0,0.0
2012-05-08 00:00:00+09:00,22839.7576171875,23078.9173828125,22082.418359375,22720.177734375,57194,0.0,0.0
2012-05-09 00:00:00+09:00,22720.179342001353,22720.179342001353,21524.380429264438,22082.419921875,58684,0.0,0.0
2012-05-10 00:00:00+09:00,21723.676913549483,22082.41653230535,21245.357421875,21245.357421875,59818,0.0,0.0
2012-05-11 00:00:00+09:00,21125.77741477273,21922.9765625,20886.617670454547,21922.9765625,49602,0.0,0.0
2012-05-14 00:00:00+09:00,22082.41597254136,22082.41597254136,21205.49692670037,21683.81640625,28650,0.0,0.0
2012-05-15 00:00:00+09:00,21006.196197509766,21484.515655517578,20129.27719116211,20408.296875,57044,0.0,0.0
2012-05-16 00:00:00+09:00,20248.860979642115,20806.900455459025,19013.202140333247,19212.501953125,40027,0.0,0.0
2012-05-17 00:00:00+09:00,19132.779296875,19451.658951822916,18813.899641927084,19132.779296875,42098,0.0,0.0
2012-05-18 00:00:00+09:00,18495.019986979165,19371.939038085937,18056.56046142578,19132.779296875,51766,0.0,0.0
2012-05-21 00:00:00+09:00,19132.78166118421,19292.221508360744,18176.142578125,18176.142578125,41345,0.0,0.0
2012-05-22 00:00:00+09:00,18534.879943847656,19332.07908121745,18255.86024576823,19132.779296875,46806,0.0,0.0
2012-05-23 00:00:00+09:00,19132.78390522876,19451.663636982572,18056.56481055964,18295.724609375,59154,0.0,0.0
2012-05-24 00:00:00+09:00,18335.584575844226,18534.88440819036,18096.424777028868,18295.724609375,16825,0.0,0.0
2012-05-25 00:00:00+09:00,18495.019104803494,18654.458924672486,18215.99942003275,18255.859375,20028,0.0,0.0
2012-05-29 00:00:00+09:00,18255.861344818375,18694.320896768164,17976.84162994124,18654.4609375,17189,0.0,0.0
2012-05-30 00:00:00+09:00,18654.461341038223,19451.660543646696,18335.581659994834,19292.220703125,28992,0.0,0.0
2012-05-31 00:00:00+09:00,19132.777074898786,19730.676358489374,18893.61736146255,19690.81640625,15908,0.0,0.0
2012-06-01 00:00:00+09:00,19770.542415297743,19770.542415297743,19132.782982546203,19411.802734375,13172,0.0,0.0
2012-06-04 00:00:00+09:00,18574.739014737992,18813.898744541482,18016.699645196506,18255.859375,27983,0.0,0.0
2012-06-05 00:00:00+09:00,18136.281467013887,18734.180856036324,18136.281467013887,18654.4609375,65711,0.0,0.0
2012-06-07 00:00:00+09:00,18933.477360947327,19690.816455385222,18813.897503930817,19013.197265625,26881,0.0,0.0
2012-06-08 00:00:00+09:00,18813.897191540946,19013.196949925914,18295.71781974003,18495.017578125,20822,0.0,0.0
2012-06-11 00:00:00+09:00,18574.740639896718,18813.900390625,18335.580889168432,18813.900390625,28194,0.0,0.0
2012-06-12 00:00:00+09:00,18335.582408744747,19013.20175863314,18096.4226381959,18973.341796875,31543,0.0,0.0
2012-06-13 00:00:00+09:00,19132.780263157896,19132.780263157896,18694.320715460526,18933.48046875,18086,0.0,0.0
2012-06-14 00:00:00+09:00,18694.320515260857,18933.480265989143,18335.580889168432,18813.900390625,31433,0.0,0.0
2012-06-15 00:00:00+09:00,18694.32049005682,18734.18044845779,17976.841238839286,18415.30078125,67372,0.0,0.0
2012-06-18 00:00:00+09:00,18614.599240313164,18813.899018046708,18375.43950703291,18774.0390625,41524,0.0,0.0
2012-06-19 00:00:00+09:00,18654.456888338416,19650.955653741108,18574.7369871062,19611.095703125,52240,0.0,0.0
2012-06-20 00:00:00+09:00,19929.97530805386,19929.97530805386,19292.21609819614,19611.095703125,38251,0.0,0.0
2012-06-21 00:00:00+09:00,19451.6623245842,19810.40199860317,18933.482795445685,19172.642578125,28463,0.0,0.0
2012-06-22 00:00:00+09:00,18933.481835116858,19013.20175863314,18375.44237050289,18973.341796875,43046,0.0,0.0
2012-06-25 00:00:00+09:00,18973.341202817286,18973.341202817286,18216.001953125,18216.001953125,28081,0.0,0.0
2012-06-26 00:00:00+09:00,18016.701329022988,18216.00112248563,17339.08203125,17339.08203125,60576,0.0,0.0
2012-06-27 00:00:00+09:00,17339.079936935243,17378.939890813253,16541.880859375,16541.880859375,52741,0.0,0.0
2012-06-28 00:00:00+09:00,16781.03894385222,17219.49839369159,16541.87924393984,17060.05859375,29849,0.0,0.0
2012-06-29 00:00:00+09:00,17060.060463483147,17897.119504915732,16820.900737359552,17737.6796875,43509,0.0,0.0
2012-07-02 00:00:00+09:00,17737.68425707547,17737.68425707547,16900.625,16900.625,48614,0.0,0.0
2012-07-03 00:00:00+09:00,16900.625,17339.084610849055,16741.185141509435,16900.625,28600,0.0,0.0
2012-07-04 00:00:00+09:00,16820.90565898345,17060.065455082742,16820.90565898345,16860.765625,20739,0.0,0.0
2012-07-05 00:00:00+09:00,17179.644154411762,17179.644154411762,16900.624411764704,16940.484375,14717,0.0,0.0
2012-07-06 00:00:00+09:00,17099.924823113208,17139.784787735847,16621.60524764151,16900.625,24559,0.0,0.0
2012-07-09 00:00:00+09:00,16661.461728050595,16781.0415969122,16541.881859188987,16741.181640625,15061,0.0,0.0
2012-07-10 00:00:00+09:00,16741.18201622596,16820.90193058894,16462.162315955527,16581.7421875,13730,0.0,0.0
2012-07-11 00:00:00+09:00,16422.30276214455,17060.06209271327,16342.58284582346,16820.90234375,13932,0.0,0.0
2012-07-12 00:00:00+09:00,16701.319043881427,17179.638443706193,16701.319043881427,17060.05859375,25299,0.0,0.0
2012-07-13 00:00:00+09:00,17020.20218820701,17697.821479072398,16502.022730486424,17618.1015625,48043,0.0,0.0
2012-07-16 00:00:00+09:00,17697.82421875,17857.264076576575,17458.664432010133,17697.82421875,19374,0.0,0.0
2012-07-17 00:00:00+09:00,17777.540979787846,17777.540979787846,17378.94140625,17378.94140625,13544,0.0,0.0
2012-07-18 00:00:00+09:00,17378.939890813253,17657.959567959337,16541.880859375,16541.880859375,33321,0.0,0.0
2012-07-19 00:00:00+09:00,16741.179216212295,17179.638671875,16581.739414153133,17179.638671875,13570,0.0,0.0
2012-07-20 00:00:00+09:00,17020.198869815835,17378.938424448956,16860.75906775667,17179.638671875,13818,0.0,0.0
2012-07-23 00:00:00+09:00,17219.501502403848,17219.501502403848,16581.7421875,16581.7421875,20839,0.0,0.0
2012-07-24 00:00:00+09:00,16502.021484375,16820.901126585144,16262.861752717392,16502.021484375,13427,0.0,0.0
2012-07-25 00:00:00+09:00,16143.285315116627,16741.184771232056,16143.285315116627,16661.46484375,22143,0.0,0.0
2012-07-26 00:00:00+09:00,16661.461305480072,16860.761081861412,16262.861752717392,16502.021484375,16346,0.0,0.0
2012-07-27 00:00:00+09:00,16541.884742647057,17139.78419117647,16342.584926470587,16940.484375,30347,0.0,0.0
2012-07-30 00:00:00+09:00,16980.343359375,17458.662890625,16900.6234375,17139.783203125,24141,0.0,0.0
2012-07-31 00:00:00+09:00,17299.223046875,17578.2427734375,17060.06328125,17538.3828125,22822,0.0,0.0
2012-08-01 00:00:00+09:00,17857.264076576575,17857.264076576575,17378.944503096845,17697.82421875,24473,0.0,0.0
2012-08-02 00:00:00+09:00,17777.541395644796,17777.541395644796,17418.801771069004,17618.1015625,11862,0.0,0.0
2012-08-03 00:00:00+09:00,17378.941812782803,17618.1015625,17219.501979638007,17618.1015625,16236,0.0,0.0
2012-08-06 00:00:00+09:00,17857.261312217193,17857.261312217193,17299.221896210405,17618.1015625,11597,0.0,0.0
2012-08-07 00:00:00+09:00,17777.541446834417,18455.160739650975,17777.541446834417,18415.30078125,47532,0.0,0.0
2012-08-08 00:00:00+09:00,18415.30078125,18734.18044845779,18016.70119724026,18415.30078125,17565,0.0,0.0
2012-08-09 00:00:00+09:00,18216.000816231342,18734.18027052239,18216.000816231342,18694.3203125,16809,0.0,0.0
2012-08-10 00:00:00+09:00,18654.46035447761,18694.3203125,18415.300606343284,18694.3203125,9975,0.0,0.0
2012-08-13 00:00:00+09:00,18534.88105969551,18893.620693108973,18415.301181891024,18654.4609375,12932,0.0,0.0
2012-08-14 00:00:00+09:00,18375.440648320895,18774.040228544774,18375.440648320895,18694.3203125,14152,0.0,0.0
2012-08-16 00:00:00+09:00,18574.73965303801,18734.179478385977,18455.159784027037,18614.599609375,10993,0.0,0.0
2012-08-17 00:00:00+09:00,18893.61768527268,18893.61768527268,18375.43829727997,18455.158203125,13872,0.0,0.0
2012-08-20 00:00:00+09:00,18295.72130408654,18694.320896768164,18255.861344818375,18654.4609375,15434,0.0,0.0
2012-08-21 00:00:00+09:00,18694.322624033506,19730.68166076031,18534.882772229383,19332.08203125,52894,0.0,0.0
2012-08-22 00:00:00+09:00,19053.06171231996,19371.94140625,18933.481827096195,19371.94140625,17822,0.0,0.0
2012-08-23 00:00:00+09:00,19332.080663255423,19650.960344298812,19252.360742994577,19292.220703125,13928,0.0,0.0
2012-08-24 00:00:00+09:00,19332.080278240268,19690.819912269468,19053.060562884224,19451.66015625,14776,0.0,0.0
2012-08-27 00:00:00+09:00,18973.339118428412,18973.339118428412,17498.520741575783,17817.400390625,112577,0.0,0.0
2012-08-28 00:00:00+09:00,17657.960408349394,18176.13983342511,17657.960408349394,18096.419921875,52197,0.0,0.0
2012-08-29 00:00:00+09:00,18295.720078125,18295.720078125,17657.960772569444,17936.98046875,42070,0.0,0.0
2012-08-30 00:00:00+09:00,17857.260346756153,17936.980259018455,17618.10060996924,17817.400390625,22746,0.0,0.0
2012-08-31 00:00:00+09:00,17936.97825464709,18654.457384832975,17777.538447939114,18495.017578125,27607,0.0,0.0
2012-09-03 00:00:00+09:00,18654.458924672486,18654.458924672486,17936.979735262008,18255.859375,28288,0.0,0.0
2012-09-04 00:00:00+09:00,18574.7399477991,18574.7399477991,17657.9609375,17657.9609375,36948,0.0,0.0
2012-09-05 00:00:00+09:00,17657.95784353096,17657.95784353096,16621.599143910633,17060.05859375,96362,0.0,0.0
2012-09-06 00:00:00+09:00,17179.64475235849,17458.66450471698,16781.045106132075,16900.625,25873,0.0,0.0
2012-09-07 00:00:00+09:00,17139.781203497023,17259.36107235863,16741.181640625,16741.181640625,47910,0.0,0.0
2012-09-10 00:00:00+09:00,16820.904644691782,17538.383989726026,16781.04468107877,17458.6640625,48354,0.0,0.0
2012-09-11 00:00:00+09:00,17538.383989726026,17538.383989726026,17219.50428082192,17458.6640625,14031,0.0,0.0
2012-09-12 00:00:00+09:00,17817.399596207866,17817.399596207866,17418.80005266854,17737.6796875,25164,0.0,0.0
2012-09-13 00:00:00+09:00,17737.6796875,17777.539641853935,17498.519961376405,17737.6796875,22382,0.0,0.0
2012-09-14 00:00:00+09:00,17857.26072234763,17936.980636286684,17498.521109621895,17657.9609375,53843,0.0,0.0
2012-09-17 00:00:00+09:00,17339.080658662155,17538.38043634793,17179.640836513536,17299.220703125,30382,0.0,0.0
2012-09-18 00:00:00+09:00,16980.343732483183,17777.54296875,16860.76384704316,17777.54296875,40710,0.0,0.0
2012-09-19 00:00:00+09:00,17618.104289836712,18096.423863316442,17618.104289836712,17697.82421875,37709,0.0,0.0
2012-09-20 00:00:00+09:00,17618.10085767663,18614.59977496603,17618.10085767663,18335.580078125,74840,0.0,0.0
2012-09-21 00:00:00+09:00,18495.021875,18853.7615234375,18096.422265625,18734.181640625,44348,0.0,0.0
2012-09-24 00:00:00+09:00,18734.182018389918,19371.94140625,18734.182018389918,19371.94140625,71024,0.0,0.0
2012-09-25 00:00:00+09:00,19451.661920103095,20009.701401417526,18893.62243878866,19332.08203125,48724,0.0,0.0
2012-09-26 00:00:00+09:00,19013.200603547644,19770.539830942624,18734.1808881916,19451.66015625,32324,0.0,0.0
2012-09-27 00:00:00+09:00,19451.658951822916,19531.378865559895,19092.91934000651,19132.779296875,30702,0.0,0.0
2012-09-28 00:00:00+09:00,19451.656692813765,19690.81640625,18774.037504744432,19690.81640625,39495,0.0,0.0
2012-10-02 00:00:00+09:00,19650.95877710459,20009.698389668367,19371.939078443876,19531.37890625,15278,0.0,0.0
2012-10-04 00:00:00+09:00,19332.078546652243,19929.97788314664,19332.078546652243,19571.23828125,28592,0.0,0.0
2012-10-05 00:00:00+09:00,19730.680469535968,19929.980272258552,19531.38066681338,19810.400390625,14978,0.0,0.0
2012-10-08 00:00:00+09:00,20049.55734030771,20806.896484375,19850.25756555316,20806.896484375,69794,0.0,0.0
2012-10-09 00:00:00+09:00,20806.896853885137,21085.916543496623,20527.87716427365,20647.45703125,25192,0.0,0.0
2012-10-10 00:00:00+09:00,20288.72110148515,20846.760581683167,20089.421287128713,20129.28125,27510,0.0,0.0
2012-10-11 00:00:00+09:00,20288.71568984059,20328.57564207996,19491.51664505314,19690.81640625,20454,0.0,0.0
2012-10-12 00:00:00+09:00,20049.562636264534,20567.7421875,19929.98273982558,20567.7421875,34769,0.0,0.0
2012-10-15 00:00:00+09:00,20846.7595703125,21604.098828125,19969.8404296875,20328.580078125,63202,0.0,0.0
2012-10-16 00:00:00+09:00,20328.580078125,21046.059375,20328.580078125,20328.580078125,50289,0.0,0.0
2012-10-17 00:00:00+09:00,20727.177044609663,21843.255808550184,20448.157353624534,21444.65625,157175,0.0,0.0
2012-10-18 00:00:00+09:00,21444.65958028119,21763.53927664225,20767.04022551394,21085.919921875,36374,0.0,0.0
2012-10-19 00:00:00+09:00,21325.0791015625,21325.0791015625,20248.86015625,21125.779296875,36065,0.0,0.0
2012-10-22 00:00:00+09:00,20926.4794921875,21364.9390625,20567.73984375,21125.779296875,28611,0.0,0.0
2012-10-23 00:00:00+09:00,21125.77575451521,21484.51534279943,20647.456303469582,20966.3359375,36764,0.0,0.0
2012-10-24 00:00:00+09:00,20767.0396484375,21125.779296875,20488.019921875,21125.779296875,39297,0.0,0.0
2012-10-25 00:00:00+09:00,21763.53906978778,21763.53906978778,20926.479874795943,21364.939453125,38238,0.0,0.0
2012-10-26 00:00:00+09:00,21364.935480038024,21843.25493108365,20767.036166230988,20966.3359375,17508,0.0,0.0
2012-10-29 00:00:00+09:00,21125.77744470676,21165.6374021496,20049.55859375,20049.55859375,32087,0.0,0.0
2012-10-30 00:00:00+09:00,20328.579293799212,20488.019131397636,20009.69961860236,20248.859375,37326,0.0,0.0
2012-10-31 00:00:00+09:00,20248.858587574112,20567.738250370556,20009.69884047678,20169.138671875,44175,0.0,0.0
2012-11-01 00:00:00+09:00,20169.13809017505,20527.877700474604,19690.81860977564,20208.998046875,23179,0.0,0.0
2012-11-02 00:00:00+09:00,20488.01812562127,20488.01812562127,19850.258806535785,20049.55859375,40837,0.0,0.0
2012-11-05 00:00:00+09:00,19531.380859375,20408.3,19531.380859375,20328.580078125,32612,0.0,0.0
2012-11-06 00:00:00+09:00,20328.578503273224,20368.43846112278,19810.399051229004,20169.138671875,23476,0.0,0.0
2012-11-07 00:00:00+09:00,20368.436858036603,20567.736631598604,19929.977356200197,20009.697265625,30539,0.0,0.0
2012-11-08 00:00:00+09:00,19770.53836332685,20488.017578125,19491.518668683122,20488.017578125,48520,0.0,0.0
2012-11-09 00:00:00+09:00,20488.020491198014,21125.77988392013,19890.12106052103,21085.919921875,33702,0.0,0.0
2012-11-12 00:00:00+09:00,21046.06094942748,21524.38051645992,20567.741382395037,20886.62109375,42605,0.0,0.0
2012-11-13 00:00:00+09:00,20926.48105766937,21245.360769024333,20567.741382395037,20886.62109375,45761,0.0,0.0
2012-11-14 00:00:00+09:00,20727.177905701752,20846.75777823465,20129.27854303728,20448.158203125,79676,0.0,0.0
2012-11-15 00:00:00+09:00,20009.69884047678,20527.878292521,19890.118966928116,20169.138671875,24449,0.0,0.0
2012-11-16 00:00:00+09:00,20209.0001953125,20647.459765625,18694.3216796875,19929.98046875,77718,0.0,0.0
2012-11-19 00:00:00+09:00,19730.679887518825,20169.1394405748,19650.959968781375,19850.259765625,35929,0.0,0.0
2012-11-20 00:00:00+09:00,19929.98046875,20209.0001953125,19292.22109375,19929.98046875,56676,0.0,0.0
2012-11-21 00:00:00+09:00,19929.977416992188,20408.296875,19690.81768798828,20408.296875,41031,0.0,0.0
2012-11-22 00:00:00+09:00,20408.30037313433,21962.83887811917,20408.30037313433,21364.939453125,131626,0.0,0.0
2012-11-23 00:00:00+09:00,21604.09921588828,21763.5390625,21165.639637706045,21763.5390625,74170,0.0,0.0
2012-11-26 00:00:00+09:00,21803.40017556972,22640.45941448556,21763.54021181182,22082.419921875,88440,0.0,0.0
2012-11-27 00:00:00+09:00,21962.841618670165,22202.001418510492,21524.381985629563,21843.26171875,47776,0.0,0.0
2012-11-28 00:00:00+09:00,21843.259383648525,21962.839270785287,21205.499985585793,21604.099609375,45339,0.0,0.0
2012-11-29 00:00:00+09:00,21922.97719409051,22720.176364784707,21723.67740141696,22680.31640625,103860,0.0,0.0
2012-11-30 00:00:00+09:00,22680.31545010344,22879.615234375,22361.435795268946,22879.615234375,55448,0.0,0.0
2012-12-03 00:00:00+09:00,23078.91501864656,23118.77497550087,22321.575838414632,22879.615234375,49671,0.0,0.0
2012-12-04 00:00:00+09:00,22640.456516068447,23876.115234375,22640.456516068447,23876.115234375,108094,0.0,0.0
2012-12-05 00:00:00+09:00,23836.252898397976,24155.13253583474,23397.79339692243,23636.953125,59385,0.0,0.0
2012-12-06 00:00:00+09:00,24234.85457155477,24234.85457155477,22560.736328125,22560.736328125,62181,0.0,0.0
2012-12-07 00:00:00+09:00,22879.618570243365,23198.498271570796,22002.69939159292,22520.87890625,42919,0.0,0.0
2012-12-10 00:00:00+09:00,22560.733578512856,22760.03334510749,21883.11437209109,22481.013671875,28431,0.0,0.0
2012-12-11 00:00:00+09:00,22162.136513901445,22760.035880283678,21922.97676734855,22042.556640625,32101,0.0,0.0
2012-12-12 00:00:00+09:00,22082.416598383814,22401.29626045434,21883.116809589737,22042.556640625,14034,0.0,0.0
2012-12-13 00:00:00+09:00,22281.719740664485,22441.159595696074,21922.98006684341,22082.419921875,30867,0.0,0.0
2012-12-14 00:00:00+09:00,22162.13908267989,22560.738706469096,21604.099609375,21604.099609375,30967,0.0,0.0
2012-12-17 00:00:00+09:00,21723.6787109375,22082.418359375,21125.779296875,21125.779296875,36550,0.0,0.0
2012-12-18 00:00:00+09:00,21604.09862336799,21604.09862336799,20527.87968825556,20607.599609375,63451,0.0,0.0
2012-12-20 00:00:00+09:00,20448.158583005894,21046.057956777997,20288.71875,20288.71875,32731,0.0,0.0
2012-12-21 00:00:00+09:00,20208.995906161723,21165.634765625,20208.995906161723,21165.634765625,26451,0.0,0.0
2012-12-24 00:00:00+09:00,20886.616394276818,21364.935853687737,20567.73675466954,20806.896484375,35083,0.0,0.0
2012-12-26 00:00:00+09:00,20767.037863212718,21285.217310855263,20408.298245614034,20448.158203125,31944,0.0,0.0
2012-12-27 00:00:00+09:00,20728.271961009174,21808.703125,20408.144208715596,21808.703125,32201,100.0,0.0
2012-12-28 00:00:00+09:00,21448.55419481982,22328.90529983108,21408.538235501128,22208.857421875,47626,0.0,0.0
2013-01-02 00:00:00+09:00,22208.861770072992,22408.941605839416,21688.65419708029,21928.75,25415,0.0,0.0
2013-01-03 00:00:00+09:00,21928.751032110093,22088.81490825688,21648.63924885321,21808.703125,33356,0.0,0.0
2013-01-04 00:00:00+09:00,22008.782859289928,22408.942547640654,21728.67107744442,22048.798828125,43625,0.0,0.0
2013-01-07 00:00:00+09:00,22048.796621022208,22248.876445169415,21688.652937557235,21848.716796875,35213,0.0,0.0
2013-01-08 00:00:00+09:00,21848.716883680558,22368.924428530096,21328.50933883102,21608.62109375,53240,0.0,0.0
2013-01-09 00:00:00+09:00,21728.672471992926,21808.70441479953,21208.46484375,21208.46484375,27674,0.0,0.0
2013-01-10 00:00:00+09:00,21288.49051443203,21768.68202979516,21048.394756750466,21488.5703125,26953,0.0,0.0
2013-01-11 00:00:00+09:00,21808.701512953812,21968.765377269072,21168.446055692784,21768.685546875,40307,0.0,0.0
2013-01-14 00:00:00+09:00,21648.6376821917,22128.82927588172,20808.302393234168,20848.318359375,33391,0.0,0.0
2013-01-15 00:00:00+09:00,20888.334075218023,21208.46180050872,20408.142487281977,20648.23828125,20141,0.0,0.0
2013-01-16 00:00:00+09:00,20488.17450980392,20808.30223651961,19927.95098805147,20408.142578125,53629,0.0,0.0
2013-01-17 00:00:00+09:00,20248.078901543675,20368.126800169426,19927.951171875,19927.951171875,38609,0.0,0.0
2013-01-18 00:00:00+09:00,20007.982830668607,20688.25424691134,20007.982830668607,20648.23828125,51431,0.0,0.0
2013-01-21 00:00:00+09:00,20648.23565697394,20808.29949927606,20208.0600906431,20728.267578125,23921,0.0,0.0
2013-01-22 00:00:00+09:00,20928.348670372594,20928.348670372594,20288.09326171875,20808.30078125,29877,0.0,0.0
2013-01-23 00:00:00+09:00,21048.395604146517,21128.427526595744,20568.20406945116,20688.251953125,26440,0.0,0.0
2013-01-24 00:00:00+09:00,20688.25584375,20688.25584375,19847.9205,20007.984375,30895,0.0,0.0
2013-01-25 00:00:00+09:00,20088.015036709337,20088.015036709337,18927.55201666039,19927.951171875,55645,0.0,0.0
2013-01-28 00:00:00+09:00,20168.046969126506,20248.078901543675,19287.69571253765,19927.951171875,41845,0.0,0.0
2013-01-29 00:00:00+09:00,19847.91923945783,20128.03100291792,19607.823442206325,19927.951171875,14524,0.0,0.0
2013-01-30 00:00:00+09:00,19927.952201704546,20248.079947916667,19767.888328598485,19807.904296875,13980,0.0,0.0
2013-01-31 00:00:00+09:00,19807.903273249245,19927.951171875,19447.759577371988,19927.951171875,12717,0.0,0.0
2013-02-01 00:00:00+09:00,20007.984952515402,20007.984952515402,19487.77734375,19487.77734375,13931,0.0,0.0
2013-02-04 00:00:00+09:00,19407.745403939938,19567.809283560062,18967.5697349846,19487.77734375,29546,0.0,0.0
2013-02-05 00:00:00+09:00,19727.868563736727,20968.363341578188,19687.8526031612,20728.267578125,276905,0.0,0.0
2013-02-06 00:00:00+09:00,20728.271613598772,21168.447265625,20648.239676866728,21168.447265625,147748,0.0,0.0
2013-02-07 00:00:00+09:00,21208.461193049065,21448.556980140187,20528.189796290888,21408.541015625,24025,0.0,0.0
2013-02-08 00:00:00+09:00,21448.558154926333,21728.669921875,21288.494288098525,21728.669921875,46381,0.0,0.0
2013-02-12 00:00:00+09:00,21848.716883680558,21928.74881365741,21488.573198784725,21608.62109375,25754,0.0,0.0
2013-02-13 00:00:00+09:00,21608.61819134078,21848.71394902235,21368.52243365922,21488.5703125,32146,0.0,0.0
2013-02-14 00:00:00+09:00,21488.576417410713,21648.640301339285,20968.368794642858,21008.384765625,38436,0.0,0.0
2013-02-15 00:00:00+09:00,21048.39971330275,21808.703125,21008.383744266055,21808.703125,48831,0.0,0.0
2013-02-18 00:00:00+09:00,22408.94072508897,22809.100380894128,21888.733172542263,22488.97265625,72245,0.0,0.0
2013-02-19 00:00:00+09:00,22488.97180153707,22929.14740619349,22128.828125,22128.828125,55086,0.0,0.0
2013-02-20 00:00:00+09:00,22368.924421347692,22649.036176176734,21848.71687666519,22528.98828125,79792,0.0,0.0
2013-02-21 00:00:00+09:00,22248.87611019737,23009.179430509867,22248.87611019737,22809.099609375,67463,0.0,0.0
2013-02-22 00:00:00+09:00,22689.05179936835,22769.083728113917,22408.940048758865,22569.00390625,29888,0.0,0.0
2013-02-25 00:00:00+09:00,22689.051970108696,22689.051970108696,21888.732676630436,22088.8125,53677,0.0,0.0
2013-02-26 00:00:00+09:00,21808.700412522605,22328.90794529837,21808.700412522605,22128.828125,28184,0.0,0.0
2013-02-27 00:00:00+09:00,22288.893105899584,22328.9090719784,21648.637648638556,21768.685546875,46637,0.0,0.0
2013-02-28 00:00:00+09:00,21768.685737781954,22128.82943564967,21088.41430847627,21288.494140625,107363,0.0,0.0
2013-03-04 00:00:00+09:00,21408.54077192586,22168.844089059676,21288.492879746835,22128.828125,119708,0.0,0.0
2013-03-05 00:00:00+09:00,22488.97372097439,23169.24516805013,22288.893883599176,23049.197265625,137314,0.0,0.0
2013-03-06 00:00:00+09:00,23449.35503700658,23449.35503700658,22569.003824013158,22809.099609375,95818,0.0,0.0
2013-03-07 00:00:00+09:00,23089.21126243219,23089.21126243219,21648.636556283906,22128.828125,100514,0.0,0.0
2013-03-08 00:00:00+09:00,22248.876099748628,22248.876099748628,21728.668565042277,21888.732421875,55588,0.0,0.0
2013-03-11 00:00:00+09:00,22048.793584600226,22328.90529983108,21408.538235501128,22208.857421875,59905,0.0,0.0
2013-03-12 00:00:00+09:00,22368.924252717392,22569.00407608696,22048.796535326088,22088.8125,38157,0.0,0.0
2013-03-13 00:00:00+09:00,22088.809706703913,22448.953343226258,21448.554352886407,21488.5703125,82190,0.0,0.0
2013-03-14 00:00:00+09:00,21568.606295620437,22088.81386861314,21568.606295620437,21928.75,58850,0.0,0.0
2013-03-15 00:00:00+09:00,22128.829835766424,22168.845802919706,21688.65419708029,21928.75,51303,0.0,0.0
2013-03-18 00:00:00+09:00,21968.766745339388,22048.79868248088,20928.3515625,20928.3515625,65401,0.0,0.0
2013-03-19 00:00:00+09:00,20968.365074043842,21648.636460033817,20808.301218516794,21448.556640625,50086,0.0,0.0
2013-03-20 00:00:00+09:00,21608.61819134078,21728.666070181567,21288.49051443203,21488.5703125,27102,0.0,0.0
2013-03-21 00:00:00+09:00,21648.636460033817,21888.732243324393,21128.428929570895,21448.556640625,33685,0.0,0.0
2013-03-22 00:00:00+09:00,21168.446528796256,22168.845703125,21128.430561823105,22168.845703125,40883,0.0,0.0
2013-03-25 00:00:00+09:00,22248.87704545455,22288.893011363638,21688.653522727273,22008.78125,36598,0.0,0.0
2013-03-26 00:00:00+09:00,22128.82855068109,22128.82855068109,21448.557148580585,21848.716796875,24949,0.0,0.0
2013-03-27 00:00:00+09:00,21848.71345970099,22328.9049643098,21608.61770739658,22248.873046875,45938,0.0,0.0
2013-03-28 00:00:00+09:00,22248.87627408154,22649.035919298836,22008.780486951164,22328.908203125,52720,0.0,0.0
2013-03-29 00:00:00+09:00,22208.860053119348,22368.923909358047,21968.7642687613,22128.828125,33256,0.0,0.0
2013-04-01 00:00:00+09:00,22008.77963484745,22288.8913756546,21848.71578295765,21968.763671875,24158,0.0,0.0
2013-04-02 00:00:00+09:00,21968.76700114679,22168.846846330274,21768.687155963304,21808.703125,26701,0.0,0.0
2013-04-03 00:00:00+09:00,21968.766008711285,22889.133254977878,21888.73407425332,22609.021484375,90073,0.0,0.0
2013-04-04 00:00:00+09:00,22408.939967105263,22969.163466282895,21608.62068256579,22809.099609375,56894,0.0,0.0
2013-04-05 00:00:00+09:00,22769.08535329093,23329.30889449668,22448.957615459072,22609.021484375,76968,0.0,0.0
2013-04-08 00:00:00+09:00,22609.019951080605,22609.019951080605,21408.541015625,21408.541015625,51229,0.0,0.0
2013-04-09 00:00:00+09:00,20808.303550330813,21688.65485438327,20768.287581964792,21168.447265625,51982,0.0,0.0
2013-04-10 00:00:00+09:00,21168.446721488697,21688.654296875,21168.446721488697,21688.654296875,21416,0.0,0.0
2013-04-11 00:00:00+09:00,21688.6540994472,22208.86167009815,21688.6540994472,22168.845703125,42834,0.0,0.0
2013-04-12 00:00:00+09:00,22168.841462556305,22609.017015061938,21968.761665962837,22208.857421875,34532,0.0,0.0
2013-04-15 00:00:00+09:00,22008.780981789172,22729.068359375,21968.765016367735,22729.068359375,27821,0.0,0.0
2013-04-16 00:00:00+09:00,22048.79158399471,22689.046875,21768.679894179895,22689.046875,64470,0.0,0.0
2013-04-17 00:00:00+09:00,22849.116326121795,23689.451602564102,22849.116326121795,23409.33984375,150644,0.0,0.0
2013-04-18 00:00:00+09:00,23409.33950378626,24009.57897824232,23129.227749040103,23449.35546875,75938,0.0,0.0
2013-04-19 00:00:00+09:00,23769.481276939656,23769.481276939656,23049.19396551724,23209.2578125,52327,0.0,0.0
2013-04-22 00:00:00+09:00,23449.353582974138,23449.353582974138,22849.114156788793,23209.2578125,48627,0.0,0.0
2013-04-23 00:00:00+09:00,23209.262408088234,23329.310317095587,22849.118681066175,23129.23046875,47991,0.0,0.0
2013-04-24 00:00:00+09:00,23409.339334239132,23689.451086956524,22969.163722826088,23009.1796875,61261,0.0,0.0
2013-04-25 00:00:00+09:00,23009.18071186626,23289.292477054198,22528.989114401225,22889.1328125,65308,0.0,0.0
2013-04-26 00:00:00+09:00,22809.101026479417,23449.356493889365,22729.06909305317,23329.30859375,81012,0.0,0.0
2013-04-29 00:00:00+09:00,23489.370598958332,24329.705833333333,23209.258854166666,24009.578125,136823,0.0,0.0
2013-04-30 00:00:00+09:00,24169.644497977002,24169.644497977002,23369.325143739356,23489.373046875,52484,0.0,0.0
2013-05-02 00:00:00+09:00,23369.32249337456,23649.434235589662,22488.971303555652,22649.03515625,90167,0.0,0.0
2013-05-03 00:00:00+09:00,22729.071229203153,23169.246904416595,22408.94346541156,22849.119140625,61016,0.0,0.0
2013-05-06 00:00:00+09:00,22769.084071103465,23009.17986095693,22448.956351298846,22528.98828125,47950,0.0,0.0
2013-05-07 00:00:00+09:00,22969.163722826088,23409.339334239132,21928.748641304348,22088.8125,152110,0.0,0.0
2013-05-08 00:00:00+09:00,22208.86039402174,22528.988111413044,21848.716711956524,22088.8125,83378,0.0,0.0
2013-05-09 00:00:00+09:00,22128.829147727272,22328.908977272727,21808.70142045455,22008.78125,67411,0.0,0.0
2013-05-10 00:00:00+09:00,22008.780134969682,22008.780134969682,21368.524712861476,21448.556640625,57864,0.0,0.0
2013-05-13 00:00:00+09:00,21528.589939203477,21808.7017042117,21128.430274906015,21288.494140625,59489,0.0,0.0
2013-05-14 00:00:00+09:00,21208.461894914213,21568.605587469363,20368.126612285538,20408.142578125,127638,0.0,0.0
2013-05-15 00:00:00+09:00,20648.239009533896,21288.494482697737,20568.207075388418,21248.478515625,89714,0.0,0.0
2013-05-16 00:00:00+09:00,21208.463924632353,21368.52780330882,20808.304227941175,21088.416015625,64068,0.0,0.0
2013-05-20 00:00:00+09:00,21048.39655949519,21088.412522536055,20608.220966045672,20808.30078125,58483,0.0,0.0
2013-05-21 00:00:00+09:00,20768.28642709333,21128.430122360845,20768.28642709333,20848.318359375,30398,0.0,0.0
2013-05-22 00:00:00+09:00,20888.334383712827,21528.58984375,20888.334383712827,21528.58984375,37266,0.0,0.0
2013-05-23 00:00:00+09:00,21448.559044187146,21568.606949285208,21048.39936052694,21168.447265625,41932,0.0,0.0
2013-05-24 00:00:00+09:00,21208.46484375,21288.496786556603,20968.369015330187,21208.46484375,21132,0.0,0.0
2013-05-27 00:00:00+09:00,21528.588825670056,21688.65268310998,21208.461110790202,21648.63671875,34974,0.0,0.0
2013-05-28 00:00:00+09:00,21608.621776254648,21688.653708759295,21368.525978740705,21528.58984375,39940,0.0,0.0
2013-05-29 00:00:00+09:00,21648.639590992647,21648.639590992647,21088.416015625,21088.416015625,45701,0.0,0.0
2013-05-30 00:00:00+09:00,21168.44608850168,21168.44608850168,20608.22256252999,20848.318359375,53916,0.0,0.0
2013-05-31 00:00:00+09:00,20848.321225697757,21128.433027194656,20608.225395843274,20968.369140625,46588,0.0,0.0
2013-06-03 00:00:00+09:00,20768.28893973214,21168.44864955357,20768.28893973214,21008.384765625,29459,0.0,0.0
2013-06-04 00:00:00+09:00,21008.38271318856,21448.5583509887,20928.350779043078,21248.478515625,41817,0.0,0.0
2013-06-05 00:00:00+09:00,21048.39936052694,21328.51113908908,20808.303550330813,21168.447265625,116745,0.0,0.0
2013-06-07 00:00:00+09:00,21128.430614406778,21368.52641684322,19607.823865642655,21248.478515625,175284,0.0,0.0
2013-06-10 00:00:00+09:00,21328.50837867826,21608.620120987354,20568.205078125,20568.205078125,58038,0.0,0.0
2013-06-11 00:00:00+09:00,20648.237344663743,20688.253308509993,20047.99788697003,20528.189453125,35067,0.0,0.0
2013-06-12 00:00:00+09:00,20568.206098642368,20688.253994159735,20088.014516572897,20448.158203125,47884,0.0,0.0
2013-06-13 00:00:00+09:00,20528.189270262697,20528.189270262697,19847.917890936253,20088.013671875,44454,0.0,0.0
2013-06-14 00:00:00+09:00,20048.00271492479,20168.05063537344,19247.683245267115,19287.69921875,50022,0.0,0.0
2013-06-17 00:00:00+09:00,19047.597200920245,19687.852569018403,19047.597200920245,19567.8046875,74090,0.0,0.0
2013-06-18 00:00:00+09:00,19887.93623342803,20128.03204308712,19567.80848721591,19807.904296875,13341,0.0,0.0
2013-06-19 00:00:00+09:00,19767.888328598485,20248.079947916667,19767.888328598485,19807.904296875,6076,0.0,0.0
2013-06-20 00:00:00+09:00,19767.888328598485,20328.111884469698,19367.728645833333,19807.904296875,32009,0.0,0.0
2013-06-21 00:00:00+09:00,19407.74084547546,19727.868529524538,18807.501437883435,19567.8046875,44524,0.0,0.0
2013-06-24 00:00:00+09:00,19487.7767654956,19767.88854651915,19167.6490157544,19327.712890625,9042,0.0,0.0
2013-06-25 00:00:00+09:00,19287.69692190735,19487.7767654956,18727.473359860247,19327.712890625,39847,0.0,0.0
2013-06-26 00:00:00+09:00,19367.72827505219,19687.8560151357,18887.53666492693,19167.6484375,16279,0.0,0.0
2013-06-27 00:00:00+09:00,19407.741116048837,19887.932648817055,19367.72515498482,19767.884765625,13146,0.0,0.0
2013-06-28 00:00:00+09:00,19647.839162335193,19847.91899087221,19447.759333798174,19727.87109375,9449,0.0,0.0
2013-07-01 00:00:00+09:00,19727.868136498237,19887.931975333922,19527.78833795363,19847.916015625,13074,0.0,0.0
2013-07-02 00:00:00+09:00,19847.917513020835,19847.917513020835,19127.63018391927,19207.662109375,30699,0.0,0.0
2013-07-03 00:00:00+09:00,18927.553879450363,19367.729551065488,18927.553879450363,19247.681640625,20375,0.0,0.0
2013-07-04 00:00:00+09:00,19127.629714439656,19487.773370150862,18367.32644127155,18567.40625,62081,0.0,0.0
2013-07-05 00:00:00+09:00,18767.488725142044,18927.552594866072,17807.10550679789,18487.376953125,73711,0.0,0.0
2013-07-08 00:00:00+09:00,18287.295418954112,18447.359273824608,17607.024035754504,17767.087890625,30444,0.0,0.0
2013-07-09 00:00:00+09:00,17807.102508544922,18007.18231201172,17526.990783691406,17927.150390625,25842,0.0,0.0
2013-07-10 00:00:00+09:00,17927.153953229397,18207.26573374861,17727.07411000139,17967.169921875,15851,0.0,0.0
2013-07-11 00:00:00+09:00,18007.180281929348,18487.37175611413,18007.180281929348,18407.33984375,30657,0.0,0.0
2013-07-12 00:00:00+09:00,18447.360985693995,18727.47275771104,18247.28114853896,18487.376953125,25503,0.0,0.0
2013-07-15 00:00:00+09:00,18687.45737493294,18727.47334361588,18247.2817194206,18647.44140625,25958,0.0,0.0
2013-07-16 00:00:00+09:00,18327.312071572578,18927.55154989919,18327.312071572578,18607.423828125,27859,0.0,0.0
2013-07-17 00:00:00+09:00,18767.488762395617,19287.696340031318,18447.36102231211,19167.6484375,20529,0.0,0.0
2013-07-18 00:00:00+09:00,19167.647164078877,19167.647164078877,18567.407691299788,19087.615234375,24998,0.0,0.0
2013-07-19 00:00:00+09:00,19367.72646212527,19367.72646212527,18687.455078125,18687.455078125,19036,0.0,0.0
2013-07-22 00:00:00+09:00,18847.520311656317,18847.520311656317,18487.376611433585,18527.392578125,18967,0.0,0.0
2013-07-23 00:00:00+09:00,18527.38939732143,18687.453236607143,18127.229799107143,18207.26171875,29962,0.0,0.0
2013-07-24 00:00:00+09:00,18127.231663503255,18607.423230748373,18087.21569956616,18447.359375,24888,0.0,0.0
2013-07-25 00:00:00+09:00,18327.31274466793,18607.42451150783,18327.31274466793,18527.392578125,12887,0.0,0.0
2013-07-26 00:00:00+09:00,18487.372947982596,19007.580411886865,18407.34103045886,18967.564453125,23881,0.0,0.0
2013-07-29 00:00:00+09:00,18847.522959433838,19567.810461068253,18847.522959433838,19127.634765625,26069,0.0,0.0
2013-07-30 00:00:00+09:00,18887.532535601265,19367.72404074367,18847.5165768394,18967.564453125,16107,0.0,0.0
2013-07-31 00:00:00+09:00,18967.56917216615,19367.72885934265,18967.56917216615,19327.712890625,12245,0.0,0.0
2013-08-01 00:00:00+09:00,19447.758490444216,19487.77445441632,19087.614814695247,19367.7265625,17856,0.0,0.0
2013-08-02 00:00:00+09:00,19567.80435267857,19647.836272321427,19407.740513392855,19607.8203125,22271,0.0,0.0
2013-08-05 00:00:00+09:00,19767.88854651915,19807.9045152368,19247.680953189698,19327.712890625,10065,0.0,0.0
2013-08-06 00:00:00+09:00,19167.6490157544,19927.95242138975,19087.617078319097,19327.712890625,42637,0.0,0.0
2013-08-07 00:00:00+09:00,19327.708081981804,19407.73999950554,18887.532535601265,18967.564453125,23361,0.0,0.0
2013-08-08 00:00:00+09:00,19007.58229573568,19247.678072102866,18647.438631184898,19207.662109375,14718,0.0,0.0
2013-08-09 00:00:00+09:00,19167.649588597076,19167.649588597076,18727.473919547872,18807.505859375,20638,0.0,0.0
2013-08-12 00:00:00+09:00,18927.5499752661,19007.581899051584,18327.310546875,18327.310546875,29172,0.0,0.0
2013-08-13 00:00:00+09:00,18327.310479525862,18607.42221174569,18247.278556034482,18567.40625,10222,0.0,0.0
2013-08-14 00:00:00+09:00,18767.490234375,19127.633970215888,18607.426351779053,18767.490234375,18488,0.0,0.0
2013-08-16 00:00:00+09:00,18567.407691299788,19127.631199226937,18567.407691299788,19087.615234375,10769,0.0,0.0
2013-08-19 00:00:00+09:00,19207.66260706638,19207.66260706638,18647.43911436028,18687.455078125,13329,0.0,0.0
2013-08-20 00:00:00+09:00,18567.408744456763,18687.456645821785,18047.201171875,18047.201171875,33581,0.0,0.0
2013-08-21 00:00:00+09:00,17887.137966579863,18007.185872395836,17286.8984375,17286.8984375,35793,0.0,0.0
2013-08-22 00:00:00+09:00,16846.721127717392,16926.75305706522,16246.481657608696,16566.609375,44999,0.0,0.0
2013-08-23 00:00:00+09:00,16846.72182190534,16926.75375455097,16486.578125,16486.578125,20639,0.0,0.0
2013-08-26 00:00:00+09:00,16566.611898175837,17006.787576629784,16566.611898175837,16726.67578125,22383,0.0,0.0
2013-08-27 00:00:00+09:00,16726.67232019761,16846.720207663144,16326.5126953125,16326.5126953125,18681,0.0,0.0
2013-08-28 00:00:00+09:00,16006.389177553445,16846.724609375,15846.32528577791,16846.724609375,27634,0.0,0.0
2013-08-29 00:00:00+09:00,16806.70770474138,17486.97920707615,16606.627851113506,17406.947265625,17931,0.0,0.0
2013-08-30 00:00:00+09:00,17006.78220374562,17486.973701263145,16966.76624561916,17126.830078125,14129,0.0,0.0
2013-09-02 00:00:00+09:00,17046.80044276932,17286.896223653395,16926.75255232728,17086.81640625,3801,0.0,0.0
2013-09-03 00:00:00+09:00,17206.86489450406,17366.928753987817,17086.81699989124,17246.880859375,4299,0.0,0.0
2013-09-04 00:00:00+09:00,17046.802520333906,17567.01010898259,17046.802520333906,17526.994140625,9186,0.0,0.0
2013-09-05 00:00:00+09:00,17607.02809530879,17647.04406825267,16846.724609375,16846.724609375,29101,0.0,0.0
2013-09-06 00:00:00+09:00,16806.704554115855,16926.75244378811,16406.544921875,16406.544921875,24868,0.0,0.0
2013-09-09 00:00:00+09:00,16366.528657801011,16646.640395220587,16166.448845358456,16326.5126953125,15067,0.0,0.0
2013-09-10 00:00:00+09:00,16366.529551630436,16686.65726902174,16286.49762228261,16566.609375,16021,0.0,0.0
2013-09-11 00:00:00+09:00,16846.72369355562,16846.72369355562,16326.516073564593,16726.67578125,16580,0.0,0.0
2013-09-12 00:00:00+09:00,16606.626269297063,17046.80190535072,16606.626269297063,16686.658203125,20505,0.0,0.0
2013-09-13 00:00:00+09:00,16606.626508812205,17046.802151214455,16446.56263884775,16886.73828125,41115,0.0,0.0
2013-09-16 00:00:00+09:00,16806.706103866905,17006.78593843675,16606.626269297063,16686.658203125,9633,0.0,0.0
2013-09-17 00:00:00+09:00,16566.60888100117,17166.848333211357,16526.59291752049,17086.81640625,22288,0.0,0.0
2013-09-23 00:00:00+09:00,17086.81640625,17126.83236973068,16726.672734923886,17086.81640625,46399,0.0,0.0
2013-09-24 00:00:00+09:00,17046.80190535072,17046.80190535072,16646.64223621103,16686.658203125,20891,0.0,0.0
2013-09-25 00:00:00+09:00,16646.64223621103,16686.658203125,16366.530467813249,16686.658203125,30774,0.0,0.0
2013-09-26 00:00:00+09:00,16526.594434306568,16606.62636861314,16326.514598540145,16446.5625,36388,0.0,0.0
2013-09-27 00:00:00+09:00,16566.609209947183,17046.80078125,16406.545352846246,17046.80078125,37299,0.0,0.0
2013-09-30 00:00:00+09:00,16886.739664324163,17246.88340124103,16726.67578125,16726.67578125,15049,0.0,0.0
2013-10-01 00:00:00+09:00,16566.611898175837,16846.72369355562,16366.532044333135,16726.67578125,33421,0.0,0.0
2013-10-02 00:00:00+09:00,16566.608774771343,16806.704554115855,16406.544921875,16406.544921875,22366,0.0,0.0
2013-10-04 00:00:00+09:00,16246.482664233576,16486.578467153286,15966.370894160584,16446.5625,48971,0.0,0.0
2013-10-07 00:00:00+09:00,16206.46811910195,16446.563943088644,16086.420207108602,16166.4521484375,20590,0.0,0.0
2013-10-08 00:00:00+09:00,16086.42026769015,16246.484150950748,16046.404296875,16046.404296875,22433,0.0,0.0
2013-10-10 00:00:00+09:00,16006.38667028536,16286.498437015354,16006.38667028536,16126.4345703125,11305,0.0,0.0
2013-10-11 00:00:00+09:00,16206.465105754573,16606.624737995426,16166.449142530488,16406.544921875,15799,0.0,0.0
2013-10-14 00:00:00+09:00,16406.54197563559,16766.685579978814,16406.54197563559,16526.58984375,8082,0.0,0.0
2013-10-15 00:00:00+09:00,16446.560885099087,16646.640701219512,16326.512995426829,16406.544921875,22969,0.0,0.0
2013-10-16 00:00:00+09:00,16406.546434727217,16686.658203125,16406.546434727217,16686.658203125,17954,0.0,0.0
2013-10-17 00:00:00+09:00,16886.73528251263,16886.73528251263,15846.320312500002,15846.3203125,46959,0.0,0.0
2013-10-18 00:00:00+09:00,15886.336272885103,16086.416074810608,15726.272431344698,15846.3203125,25407,0.0,0.0
2013-10-21 00:00:00+09:00,15886.33763153699,16006.385522959183,15566.209921077805,15686.2578125,24753,0.0,0.0
2013-10-22 00:00:00+09:00,15606.224330357143,15726.272209821429,15366.128571428571,15406.14453125,35260,0.0,0.0
2013-10-23 00:00:00+09:00,15406.14772487331,15526.195629222972,14725.876266891892,14805.908203125,63068,0.0,0.0
2013-10-24 00:00:00+09:00,14765.8915078125,15046.003270833333,14645.843609374999,15005.9873046875,34564,0.0,0.0
2013-10-25 00:00:00+09:00,15005.987548828125,15566.211083984375,14885.939648437501,15206.0673828125,45229,0.0,0.0
2013-10-28 00:00:00+09:00,15206.068303280026,15526.19605703329,15166.052334060869,15326.1162109375,21711,0.0,0.0
2013-10-29 00:00:00+09:00,15486.179850260418,15486.179850260418,14965.972258391204,15126.0361328125,47511,0.0,0.0
2013-10-30 00:00:00+09:00,15046.003515625001,15486.179150390626,14965.97158203125,15206.0673828125,33655,0.0,0.0
2013-10-31 00:00:00+09:00,15246.083349609376,15526.1951171875,15126.03544921875,15206.0673828125,19223,0.0,0.0
2013-11-01 00:00:00+09:00,15246.080691964286,15526.192410714286,15206.064732142857,15406.14453125,30128,0.0,0.0
2013-11-04 00:00:00+09:00,15446.162745276164,15526.194676598838,15206.06695130814,15486.1787109375,13454,0.0,0.0
2013-11-05 00:00:00+09:00,15406.145272090516,15566.209119073275,15086.017578125,15086.017578125,44673,0.0,0.0
2013-11-06 00:00:00+09:00,15126.034029447115,15326.113844651441,14485.778620793268,14565.810546875,51255,0.0,0.0
2013-11-07 00:00:00+09:00,14565.813078703703,14725.876958689458,14045.60546875,14045.60546875,48830,0.0,0.0
2013-11-08 00:00:00+09:00,13805.507553998163,14085.619301470588,13445.363878676471,13605.427734375,63700,0.0,0.0
2013-11-11 00:00:00+09:00,13725.476197796104,13965.571991343559,12965.1728515625,12965.1728515625,61006,0.0,0.0
2013-11-12 00:00:00+09:00,12925.155544374047,13445.363043064024,12925.155544374047,13125.2353515625,38987,0.0,0.0
2013-11-13 00:00:00+09:00,13325.316636571344,13325.316636571344,12685.061182561909,12725.0771484375,48294,0.0,0.0
2013-11-14 00:00:00+09:00,12805.109279141105,13205.268944114265,12725.077346146472,13045.205078125,41876,0.0,0.0
2013-11-15 00:00:00+09:00,13045.204180908204,13205.268035888672,12765.092434692384,12805.1083984375,50556,0.0,0.0
2013-11-18 00:00:00+09:00,12925.156062199518,13045.203951322115,12484.98046875,12484.98046875,29410,0.0,0.0
2013-11-19 00:00:00+09:00,12484.981924495341,12885.1416015625,12444.965956788626,12885.1416015625,16022,0.0,0.0
2013-11-20 00:00:00+09:00,12925.15708537274,13285.30078125,12805.109186746988,13285.30078125,23363,0.0,0.0
2013-11-21 00:00:00+09:00,13165.252679518711,13285.300576292439,12805.108989197532,12965.1728515625,26579,0.0,0.0
2013-11-22 00:00:00+09:00,13045.204782744986,13125.23671392747,12765.093023606289,12965.1728515625,25297,0.0,0.0
2013-11-25 00:00:00+09:00,12965.173193208204,13125.237059791021,12845.12529327109,12925.1572265625,16864,0.0,0.0
2013-11-26 00:00:00+09:00,13085.220950207078,13365.332713667169,13085.220950207078,13285.30078125,26401,0.0,0.0
2013-11-27 00:00:00+09:00,13405.346622411107,13685.458342879398,13165.250862009714,13645.4423828125,29471,0.0,0.0
2013-11-28 00:00:00+09:00,13765.49252915452,13765.49252915452,13485.380762572888,13725.4765625,30644,0.0,0.0
2013-11-29 00:00:00+09:00,13645.443619039017,13885.539401192196,13645.443619039017,13845.5234375,17841,0.0,0.0
2013-12-02 00:00:00+09:00,13925.554478857566,13925.554478857566,13405.346983957714,13485.37890625,25518,0.0,0.0
2013-12-03 00:00:00+09:00,13685.458811690169,13685.458811690169,12885.139582936357,13125.2353515625,25600,0.0,0.0
2013-12-04 00:00:00+09:00,13085.220950207078,13445.364646084337,13045.204983998494,13285.30078125,28921,0.0,0.0
2013-12-05 00:00:00+09:00,13485.378237924042,13685.458033738938,13365.330360435104,13565.41015625,18711,0.0,0.0
2013-12-06 00:00:00+09:00,13525.397066885966,13685.4609375,13245.285293311403,13685.4609375,36169,0.0,0.0
2013-12-09 00:00:00+09:00,13725.477010091146,13725.477010091146,13285.301362537202,13445.365234375,22210,0.0,0.0
2013-12-10 00:00:00+09:00,13525.396578501506,13525.396578501506,13165.252882624247,13285.30078125,35193,0.0,0.0
2013-12-11 00:00:00+09:00,13205.268944114265,13445.36474309816,13045.205078125,13045.205078125,23052,0.0,0.0
2013-12-12 00:00:00+09:00,13005.189111627684,13125.237011119632,12885.141212135737,13045.205078125,20151,0.0,0.0
2013-12-13 00:00:00+09:00,13085.221492946708,13125.237460815048,12645.045846394985,12765.09375,33313,0.0,0.0
2013-12-16 00:00:00+09:00,12685.061728355533,12765.093663550206,12124.838181992827,12204.8701171875,45783,0.0,0.0
2013-12-17 00:00:00+09:00,12364.933987576844,12364.933987576844,12164.854149590165,12204.8701171875,14480,0.0,0.0
2013-12-18 00:00:00+09:00,12004.790138711734,12244.885941485969,11764.6943359375,11764.6943359375,57931,0.0,0.0
2013-12-19 00:00:00+09:00,11804.70913620804,12044.804915249559,11244.485651777826,11324.517578125,65407,0.0,0.0
2013-12-20 00:00:00+09:00,11324.518795437283,11524.5986328125,11084.422990587022,11524.5986328125,47434,0.0,0.0
2013-12-23 00:00:00+09:00,11604.629427083333,12004.7890625,11604.629427083333,12004.7890625,25132,0.0,0.0
2013-12-24 00:00:00+09:00,11964.7724609375,12084.820345160953,11724.676692490593,11964.7724609375,19674,0.0,0.0
2013-12-26 00:00:00+09:00,11964.77436232409,12244.886136692881,11884.74242679015,12084.822265625,16641,0.0,0.0
2013-12-27 00:00:00+09:00,12449.800562849441,12733.672236920926,12206.481985073882,12693.119140625,27901,200.0,0.0
2013-12-30 00:00:00+09:00,12652.565726902174,13058.0966796875,12368.694059952446,13058.0966796875,16593,0.0,0.0
2014-01-02 00:00:00+09:00,13017.543910992412,13098.650103584265,12530.906755441294,12693.119140625,33866,0.0,0.0
2014-01-03 00:00:00+09:00,12693.117736417484,12693.117736417484,12206.480634701798,12409.24609375,39894,0.0,0.0
2014-01-06 00:00:00+09:00,12409.246760187923,12530.90604215055,11963.16272632496,12003.7158203125,39516,0.0,0.0
2014-01-07 00:00:00+09:00,12003.716328125,12247.034902343748,12003.716328125,12165.9287109375,20657,0.0,0.0
2014-01-08 00:00:00+09:00,12165.926133988296,12449.797743781355,12003.713785535117,12125.373046875,22265,0.0,0.0
2014-01-09 00:00:00+09:00,12084.822008287585,12206.481290250213,11800.95035037479,12003.7158203125,33825,0.0,0.0
2014-01-10 00:00:00+09:00,12044.2685546875,12165.927833017677,11922.609276357323,12044.2685546875,12499,0.0,0.0
2014-01-13 00:00:00+09:00,12084.822371557204,12328.14094279661,11963.1630859375,11963.1630859375,27129,0.0,0.0
2014-01-14 00:00:00+09:00,11922.609990730933,12206.481657176906,11882.056895524363,11963.1630859375,38914,0.0,0.0
2014-01-15 00:00:00+09:00,12084.821176382211,12855.329909104566,12084.821176382211,12652.564453125,68983,0.0,0.0
2014-01-16 00:00:00+09:00,12774.223450277454,13017.5419921875,12733.670359959113,13017.5419921875,37607,0.0,0.0
2014-01-17 00:00:00+09:00,13058.096423339844,13098.649517822265,12652.565478515626,12976.990234375,39394,0.0,0.0
2014-01-20 00:00:00+09:00,12895.884045410156,13017.543328857422,12693.118572998046,12976.990234375,25459,0.0,0.0
2014-01-21 00:00:00+09:00,12895.883552938434,13625.83922574627,12895.883552938434,13585.2861328125,63589,0.0,0.0
2014-01-22 00:00:00+09:00,13747.499128069197,14031.370791480656,13504.180559430804,13625.83984375,121736,0.0,0.0
2014-01-23 00:00:00+09:00,13625.8390625,13788.051432291666,13301.414322916668,13382.5205078125,46272,0.0,0.0
2014-01-24 00:00:00+09:00,13220.308954326922,13544.733713942307,13058.09657451923,13179.755859375,61865,0.0,0.0
2014-01-27 00:00:00+09:00,12814.776817908652,12936.436091496395,12652.564453125,12652.564453125,38174,0.0,0.0
2014-01-28 00:00:00+09:00,12774.223708397833,13139.20152863777,12571.458252708979,13098.6484375,21469,0.0,0.0
2014-01-29 00:00:00+09:00,13058.095962336034,13260.8614275897,12895.883590133102,13139.2021484375,26068,0.0,0.0
2014-02-03 00:00:00+09:00,13139.20152863777,13139.20152863777,12733.670617260062,13098.6484375,21465,0.0,0.0
2014-02-04 00:00:00+09:00,12693.118572998046,13017.543328857422,12693.118572998046,12976.990234375,19908,0.0,0.0
2014-02-05 00:00:00+09:00,13139.201986187305,13139.201986187305,12774.224153237657,12936.4365234375,14263,0.0,0.0
2014-02-06 00:00:00+09:00,13058.095962336034,13260.8614275897,12976.989776234568,13139.2021484375,17127,0.0,0.0
2014-02-07 00:00:00+09:00,13220.306823546072,13666.390796119713,12976.98829305136,13423.072265625,47583,0.0,0.0
2014-02-10 00:00:00+09:00,13504.181025861257,13585.287218208772,13301.41554499247,13463.6279296875,24241,0.0,0.0
2014-02-11 00:00:00+09:00,13544.7333984375,13747.49886847399,13382.521022408308,13544.7333984375,30351,0.0,0.0
2014-02-12 00:00:00+09:00,13544.732877604167,13585.285970052084,13382.5205078125,13382.5205078125,18261,0.0,0.0
2014-02-13 00:00:00+09:00,13382.521378800677,13544.733759149774,13220.308998451577,13504.1806640625,18771,0.0,0.0
2014-02-14 00:00:00+09:00,13585.286034578403,13788.051497781065,13423.073664016272,13706.9453125,26501,0.0,0.0
2014-02-17 00:00:00+09:00,13828.605424760699,13869.158519847973,13463.627568975226,13504.1806640625,20534,0.0,0.0
2014-02-18 00:00:00+09:00,13504.17978515625,13625.8390625,13260.86123046875,13382.5205078125,15832,0.0,0.0
2014-02-19 00:00:00+09:00,13341.967415364583,13544.732877604167,13301.414322916668,13382.5205078125,24392,0.0,0.0
2014-02-20 00:00:00+09:00,13301.414990234374,13341.968084716797,12936.437139892578,12976.990234375,36608,0.0,0.0
2014-02-21 00:00:00+09:00,13058.094905804985,13139.201085344146,12814.7763671875,12814.7763671875,25851,0.0,0.0
2014-02-24 00:00:00+09:00,12936.435811550818,13017.5419921875,12693.117269640772,13017.5419921875,23441,0.0,0.0
2014-02-25 00:00:00+09:00,12936.436358603702,12976.989450636942,12733.6708984375,12733.6708984375,23074,0.0,0.0
2014-02-26 00:00:00+09:00,12733.672236920926,12936.437718400559,12612.012948033147,12693.119140625,16711,0.0,0.0
2014-02-27 00:00:00+09:00,12652.566044329073,12774.225333216853,12490.353659145367,12693.119140625,19812,0.0,0.0
2014-02-28 00:00:00+09:00,12693.117097878758,12936.435636496242,12571.457828570015,12814.7763671875,20385,0.0,0.0
2014-03-03 00:00:00+09:00,12774.22372671274,12814.776817908652,12530.90517953726,12652.564453125,24751,0.0,0.0
2014-03-04 00:00:00+09:00,12530.904026491247,12693.116376348738,12368.691676633754,12449.7978515625,33651,0.0,0.0
2014-03-05 00:00:00+09:00,12612.012384033203,13098.649517822265,12571.459289550781,12976.990234375,36356,0.0,0.0
2014-03-06 00:00:00+09:00,13139.201435486963,13382.519980588573,12976.98907208589,13220.3076171875,46274,0.0,0.0
2014-03-07 00:00:00+09:00,13301.41735951835,13463.629766341744,13179.758054400803,13260.8642578125,47067,0.0,0.0
2014-03-10 00:00:00+09:00,13301.414990234374,13301.414990234374,12895.884045410156,12976.990234375,32633,0.0,0.0
2014-03-11 00:00:00+09:00,13058.09508250584,13139.201263142524,12855.329630914135,13017.5419921875,17016,0.0,0.0
2014-03-12 00:00:00+09:00,13058.095634703423,13098.648726736665,12571.458530304539,12733.6708984375,28158,0.0,0.0
2014-03-13 00:00:00+09:00,12774.222826911408,12855.32900359021,12449.798120196197,12530.904296875,41635,0.0,0.0
2014-03-14 00:00:00+09:00,12409.24609375,12530.905369178921,12368.693001940359,12409.24609375,30812,0.0,0.0
2014-03-17 00:00:00+09:00,12409.246760187923,12490.352948163008,12003.7158203125,12003.7158203125,44421,0.0,0.0
2014-03-18 00:00:00+09:00,12044.266872648412,12247.032308214884,11963.160698421823,12125.373046875,27085,0.0,0.0
2014-03-19 00:00:00+09:00,12165.927993067053,12328.140366307947,12084.821806446605,12247.0341796875,21008,0.0,0.0
2014-03-20 00:00:00+09:00,12247.034018571128,12287.587111347853,11963.16236913405,12044.2685546875,38795,0.0,0.0
2014-03-21 00:00:00+09:00,12084.821806446605,12328.140366307947,12044.268713136382,12247.0341796875,16889,0.0,0.0
2014-03-24 00:00:00+09:00,12287.586375378023,12612.011098160281,12247.033285030242,12571.4580078125,40338,0.0,0.0
2014-03-25 00:00:00+09:00,12490.352346238058,12774.22399047074,12328.139978105095,12733.6708984375,32476,0.0,0.0
2014-03-26 00:00:00+09:00,12652.564453125,12855.329909104566,12530.90517953726,12652.564453125,33353,0.0,0.0
2014-03-27 00:00:00+09:00,12612.01171875,12733.670995779743,12449.79934937701,12612.01171875,34463,0.0,0.0
2014-03-28 00:00:00+09:00,12530.904738800435,12855.32945695708,12530.904738800435,12814.7763671875,26674,0.0,0.0
2014-03-31 00:00:00+09:00,12774.22372671274,12855.329909104566,12530.90517953726,12652.564453125,38469,0.0,0.0
2014-04-01 00:00:00+09:00,12693.119140625,12733.672236920926,12530.906755441294,12693.119140625,22342,0.0,0.0
2014-04-02 00:00:00+09:00,12693.11752612229,13179.754619775542,12693.11752612229,13098.6484375,84291,0.0,0.0
2014-04-03 00:00:00+09:00,13139.20316029744,13706.946506730044,13098.650064123682,13463.6279296875,134350,0.0,0.0
2014-04-04 00:00:00+09:00,13625.840034025789,14315.24265479495,13544.733843347063,14153.0302734375,183734,0.0,0.0
2014-04-07 00:00:00+09:00,14071.922230626806,14234.134590634032,13950.262960621387,14031.369140625,72849,0.0,0.0
2014-04-08 00:00:00+09:00,14031.371132371116,14477.455185712395,13909.711845096223,14355.7958984375,90405,0.0,0.0
2014-04-09 00:00:00+09:00,14477.4556640625,14518.008761160714,14153.030887276786,14193.583984375,53978,0.0,0.0
2014-04-10 00:00:00+09:00,14153.028410630419,14315.240770637643,13990.816050623194,14031.369140625,68903,0.0,0.0
2014-04-11 00:00:00+09:00,13950.26601671309,14558.5625,13909.712917827297,14558.5625,65707,0.0,0.0
2014-04-14 00:00:00+09:00,14558.5625,14801.881093314763,14396.350104456824,14558.5625,55346,0.0,0.0
2014-04-15 00:00:00+09:00,14842.433938419117,14842.433938419117,14234.137465533087,14477.4560546875,94092,0.0,0.0
2014-04-16 00:00:00+09:00,14477.453481609902,14477.453481609902,14193.58184471559,14436.900390625,76331,0.0,0.0
2014-04-17 00:00:00+09:00,14436.899681389665,14842.43057131634,14274.687325418994,14518.005859375,45246,0.0,0.0
2014-04-18 00:00:00+09:00,14518.007657577904,14761.326221671388,14234.13599946884,14315.2421875,48931,0.0,0.0
2014-04-21 00:00:00+09:00,14315.239530149647,14680.217308538731,14234.133357174294,14396.345703125,81164,0.0,0.0
2014-04-22 00:00:00+09:00,14396.34837553116,14518.007657577904,14274.68909348442,14315.2421875,23181,0.0,0.0
2014-04-23 00:00:00+09:00,14355.792616637324,14761.323481514084,14193.58027068662,14396.345703125,56787,0.0,0.0
2014-04-24 00:00:00+09:00,14518.00686126621,14518.00686126621,13950.263576188761,14071.9228515625,64086,0.0,0.0
2014-04-25 00:00:00+09:00,14031.371346309266,14193.583731815732,13869.1589608028,14112.4775390625,55832,0.0,0.0
2014-04-28 00:00:00+09:00,14193.584596465456,14436.903189547722,14071.925299924324,14234.1376953125,43765,0.0,0.0
2014-04-29 00:00:00+09:00,14315.241117670295,14436.900390625,14071.922571760884,14436.900390625,30152,0.0,0.0
2014-04-30 00:00:00+09:00,14396.348576780227,15004.64499551742,14315.242387615266,14842.4326171875,58967,0.0,0.0
2014-05-02 00:00:00+09:00,14923.537465940055,15126.302920640328,14680.218920299729,14882.984375,51447,0.0,0.0
2014-05-07 00:00:00+09:00,14882.98703661152,14923.540134803921,14477.4560546875,14477.4560546875,42841,0.0,0.0
2014-05-08 00:00:00+09:00,14315.24207738316,14477.454452197699,13544.733297014094,13666.392578125,135087,0.0,0.0
2014-05-09 00:00:00+09:00,13747.499188701922,13828.60537860577,13139.202764423077,13179.755859375,103689,0.0,0.0
2014-05-12 00:00:00+09:00,13260.860627948112,13544.732262185535,12814.776631289307,12895.8828125,79330,0.0,0.0
2014-05-13 00:00:00+09:00,12936.4365234375,13139.201986187305,12814.777245787618,12936.4365234375,86322,0.0,0.0
2014-05-14 00:00:00+09:00,13058.096971055327,13098.650067238728,12247.035047387295,12368.6943359375,244891,0.0,0.0
2014-05-15 00:00:00+09:00,12409.248162902228,12612.013655760107,12247.035768615924,12287.5888671875,190181,0.0,0.0
2014-05-16 00:00:00+09:00,12287.586557488692,12490.35201223273,12247.033466539884,12328.1396484375,155430,0.0,0.0
2014-05-19 00:00:00+09:00,12449.800228416314,12449.800228416314,11800.950705111229,11963.1630859375,131830,0.0,0.0
2014-05-20 00:00:00+09:00,11963.1630859375,12247.034752383475,11882.056895524363,11963.1630859375,81503,0.0,0.0
2014-05-21 00:00:00+09:00,11922.609276357323,12084.821647464227,11882.056183580598,12044.2685546875,34716,0.0,0.0
2014-05-22 00:00:00+09:00,12044.268914300043,12165.92819626267,11963.16272632496,12003.7158203125,45522,0.0,0.0
2014-05-23 00:00:00+09:00,12003.714035560344,12165.926387392241,11557.630068022629,11760.3955078125,101730,0.0,0.0
2014-05-26 00:00:00+09:00,11800.949499251994,11882.055681377438,11395.418588624778,11435.9716796875,110855,0.0,0.0
2014-05-27 00:00:00+09:00,11435.971774193547,11517.077956989247,10989.887768817203,11314.3125,122130,0.0,0.0
2014-05-28 00:00:00+09:00,11314.313117327009,11395.419304547991,11111.547649274553,11354.8662109375,60414,0.0,0.0
2014-05-29 00:00:00+09:00,11395.418588624778,11638.737135001107,11273.759315436613,11435.9716796875,72540,0.0,0.0
2014-05-30 00:00:00+09:00,11395.418977864583,11435.9720703125,10949.3349609375,10949.3349609375,120066,0.0,0.0
2014-06-02 00:00:00+09:00,10989.88846369307,10989.88846369307,10341.038960301597,10462.6982421875,100884,0.0,0.0
2014-06-03 00:00:00+09:00,10503.251135623817,10827.675881125711,10503.251135623817,10706.0166015625,59978,0.0,0.0
2014-06-05 00:00:00+09:00,10665.4638671875,10787.123150843632,10503.251488979326,10665.4638671875,28382,0.0,0.0
2014-06-09 00:00:00+09:00,10746.570056291588,10746.570056291588,10584.357678083414,10665.4638671875,41468,0.0,0.0
2014-06-10 00:00:00+09:00,10787.12319822417,11030.441766605165,10746.570103494003,10989.888671875,38650,0.0,0.0
2014-06-11 00:00:00+09:00,10989.887522761983,11070.993703741777,10746.568979822603,10787.1220703125,62986,0.0,0.0
2014-06-12 00:00:00+09:00,10706.016961739544,10787.123150843632,10543.80458353137,10665.4638671875,41369,0.0,0.0
2014-06-13 00:00:00+09:00,10624.909618959107,10908.78125,10462.697258364313,10908.78125,37834,0.0,0.0
2014-06-16 00:00:00+09:00,10908.78125,10989.887430297398,10827.675069702602,10908.78125,25109,0.0,0.0
2014-06-17 00:00:00+09:00,10908.783685878538,10949.336785082547,10584.358892246462,10746.5712890625,39230,0.0,0.0
2014-06-18 00:00:00+09:00,10787.124507991412,10787.124507991412,10584.359009720896,10624.912109375,20988,0.0,0.0
2014-06-19 00:00:00+09:00,10665.463711997334,10746.56989992127,10422.145148225532,10462.6982421875,43934,0.0,0.0
2014-06-20 00:00:00+09:00,10462.697622811285,10543.803805933852,10341.038348127433,10422.14453125,25964,0.0,0.0
2014-06-23 00:00:00+09:00,10381.590624999999,10462.696801757813,9732.7412109375,9732.7412109375,111562,0.0,0.0
2014-06-24 00:00:00+09:00,9651.635212053572,9976.059925063775,9570.52903380102,9935.5068359375,42226,0.0,0.0
2014-06-25 00:00:00+09:00,10057.16637976695,10057.16637976695,9529.976206634004,9570.529296875,63418,0.0,0.0
2014-06-26 00:00:00+09:00,9651.63511998945,9813.847474947257,9529.975853771097,9611.08203125,98315,0.0,0.0
2014-06-27 00:00:00+09:00,9611.08265083377,9813.848107602416,9529.976468126313,9651.6357421875,38756,0.0,0.0
2014-06-30 00:00:00+09:00,9692.189708408972,9976.061373508817,9651.636613394709,9773.2958984375,74759,0.0,0.0
2014-07-01 00:00:00+09:00,9894.954459233539,9976.060643325618,9732.742091049384,9854.4013671875,48287,0.0,0.0
2014-07-02 00:00:00+09:00,9935.506482628303,10057.165745680893,9854.400307259908,9976.0595703125,92955,0.0,0.0
2014-07-03 00:00:00+09:00,10016.61512109375,10219.380609374999,9894.955828125,10138.2744140625,63669,0.0,0.0
2014-07-04 00:00:00+09:00,10219.377502441406,10381.58984375,10138.27133178711,10381.58984375,54946,0.0,0.0
2014-07-07 00:00:00+09:00,10543.802185058594,10584.355270385742,10300.483673095703,10381.58984375,95187,0.0,0.0
2014-07-08 00:00:00+09:00,10381.592999999999,10381.592999999999,10016.61512109375,10138.2744140625,88255,0.0,0.0
2014-07-09 00:00:00+09:00,10097.718833365092,10138.271921049289,9894.953394944105,9976.0595703125,44141,0.0,0.0
2014-07-10 00:00:00+09:00,9976.0597531748,10178.8251953125,9976.0597531748,10178.8251953125,52864,0.0,0.0
2014-07-11 00:00:00+09:00,10097.719104397682,10138.272193170362,9935.506749306955,10057.166015625,35708,0.0,0.0
2014-07-14 00:00:00+09:00,10097.720658551607,10097.720658551607,9732.742803423236,9773.2958984375,67770,0.0,0.0
2014-07-15 00:00:00+09:00,9813.848888960041,10057.167456454918,9732.742699795082,9894.955078125,79257,0.0,0.0
2014-07-16 00:00:00+09:00,9854.402706934401,9894.955804493802,9611.084121577995,9813.849609375,68897,0.0,0.0
2014-07-17 00:00:00+09:00,9773.2958984375,9976.061373508817,9692.189708408972,9773.2958984375,48926,0.0,0.0
2014-07-18 00:00:00+09:00,9773.295794377562,9935.50817270748,9732.742699795082,9894.955078125,48093,0.0,0.0
2014-07-21 00:00:00+09:00,9935.508925781249,10178.82751171875,9935.508925781249,10138.2744140625,48936,0.0,0.0
2014-07-22 00:00:00+09:00,10178.826685049018,10341.0390625,10138.273590686274,10341.0390625,52621,0.0,0.0
2014-07-23 00:00:00+09:00,10462.698083930336,10462.698083930336,10138.273337141798,10259.9326171875,57015,0.0,0.0
2014-07-24 00:00:00+09:00,10300.486023949796,10341.039118532275,9854.40198354252,9894.955078125,89623,0.0,0.0
2014-07-25 00:00:00+09:00,9894.953746811225,10219.378459821428,9813.847568558673,9935.5068359375,76393,0.0,0.0
2014-07-28 00:00:00+09:00,10016.61301419005,10097.719192442602,9854.40065768495,9935.5068359375,52330,0.0,0.0
2014-07-29 00:00:00+09:00,9935.506652832031,10057.16591796875,9611.08194580078,9732.7412109375,106909,0.0,0.0
2014-07-30 00:00:00+09:00,9651.6357421875,9773.295016248687,9570.529559480043,9651.6357421875,70523,0.0,0.0
2014-07-31 00:00:00+09:00,9732.742491883117,9732.742491883117,8921.680617559525,9367.7646484375,184925,0.0,0.0
2014-08-01 00:00:00+09:00,9124.4448732601,9448.869579864902,9083.891784934498,9286.6572265625,34368,0.0,0.0
2014-08-04 00:00:00+09:00,9367.764904104077,9651.636567864807,9286.658714458154,9448.87109375,57910,0.0,0.0
2014-08-05 00:00:00+09:00,9448.870889448222,9773.29564101726,9408.317795502093,9692.189453125,55643,0.0,0.0
2014-08-06 00:00:00+09:00,9692.188297108707,9732.74138621795,9367.763584234775,9489.4228515625,41062,0.0,0.0
2014-08-07 00:00:00+09:00,9570.529029780982,9651.635207999465,9408.316673344018,9489.4228515625,33822,0.0,0.0
2014-08-08 00:00:00+09:00,9570.52848165761,9611.081568444293,9327.2099609375,9327.2099609375,32243,0.0,0.0
2014-08-11 00:00:00+09:00,9408.318251329787,9611.08373088431,9367.765155418883,9529.9775390625,15716,0.0,0.0
2014-08-12 00:00:00+09:00,9611.08265083377,9732.741924894959,9529.976468126313,9651.6357421875,25996,0.0,0.0
2014-08-13 00:00:00+09:00,9611.082387115996,9692.188567597988,9448.870026152013,9570.529296875,21778,0.0,0.0
2014-08-14 00:00:00+09:00,9570.530744881466,9692.190034011313,9327.212166621766,9408.318359375,61610,0.0,0.0
2014-08-18 00:00:00+09:00,9327.211809281116,9489.42418857296,9286.658714458154,9448.87109375,44106,0.0,0.0
2014-08-19 00:00:00+09:00,9448.871138323391,9813.848993451764,9448.871138323391,9773.2958984375,68479,0.0,0.0
2014-08-20 00:00:00+09:00,9813.849609375,9976.061999612602,9732.743414256198,9813.849609375,88259,0.0,0.0
2014-08-21 00:00:00+09:00,9894.954432209646,10341.038443497786,9894.954432209646,10300.4853515625,148148,0.0,0.0
2014-08-22 00:00:00+09:00,10219.379523838932,10300.485710536066,10057.167150444664,10259.9326171875,62795,0.0,0.0
2014-08-25 00:00:00+09:00,10219.379523838932,10341.038803884634,10057.167150444664,10259.9326171875,48752,0.0,0.0
2014-08-26 00:00:00+09:00,10138.273798318272,10219.379988704819,9894.955227158634,10097.720703125,55045,0.0,0.0
2014-08-27 00:00:00+09:00,10219.379728618422,10219.379728618422,9976.061163651317,10016.6142578125,36132,0.0,0.0
2014-08-28 00:00:00+09:00,9935.506749306955,10138.272193170362,9935.506749306955,10057.166015625,24189,0.0,0.0
2014-08-29 00:00:00+09:00,10016.61301419005,10057.166103316327,9854.40065768495,9935.5068359375,28827,0.0,0.0
2014-09-01 00:00:00+09:00,9854.402088466028,9976.061373508817,9611.083518380447,9773.2958984375,35896,0.0,0.0
2014-09-02 00:00:00+09:00,9692.18883354123,9773.295016248687,9448.870285418856,9651.6357421875,58584,0.0,0.0
2014-09-03 00:00:00+09:00,9651.635207999465,9732.74138621795,9367.763584234775,9489.4228515625,78029,0.0,0.0
2014-09-04 00:00:00+09:00,9448.870889448222,9732.74254707113,9408.317795502093,9692.189453125,52908,0.0,0.0
2014-09-05 00:00:00+09:00,9611.08265083377,9813.848107602416,9448.870285418856,9651.6357421875,49989,0.0,0.0
2014-09-11 00:00:00+09:00,9529.975769042969,9732.7412109375,9489.422680664062,9732.7412109375,42028,0.0,0.0
2014-09-12 00:00:00+09:00,9692.18883354123,9773.295016248687,9489.423376772584,9651.6357421875,56216,0.0,0.0
2014-09-15 00:00:00+09:00,9570.529559480043,9692.18883354123,9448.870285418856,9651.6357421875,17889,0.0,0.0
2014-09-16 00:00:00+09:00,9570.529559480043,9976.060473017333,9529.976468126313,9651.6357421875,38164,0.0,0.0
2014-09-17 00:00:00+09:00,9651.6357421875,9732.741924894959,9611.08265083377,9651.6357421875,32174,0.0,0.0
2014-09-18 00:00:00+09:00,9651.637219137396,9976.061999612602,9611.084121577995,9813.849609375,44033,0.0,0.0
2014-09-19 00:00:00+09:00,9854.40198354252,10057.167456454918,9813.848888960041,9894.955078125,45769,0.0,0.0
2014-09-22 00:00:00+09:00,9935.507870398962,10462.698083930336,9935.507870398962,10259.9326171875,127965,0.0,0.0
2014-09-23 00:00:00+09:00,10178.825281943044,10259.931459488407,9976.059838079636,10057.166015625,52643,0.0,0.0
2014-09-24 00:00:00+09:00,9976.061163651317,10178.826634457237,9976.061163651317,10016.6142578125,49059,0.0,0.0
2014-09-25 00:00:00+09:00,10057.167351973685,10138.273540296053,9935.508069490132,10016.6142578125,55263,0.0,0.0
2014-09-26 00:00:00+09:00,9976.061267289959,10138.273645619878,9813.848888960041,9894.955078125,45165,0.0,0.0
2014-09-29 00:00:00+09:00,9732.741657838984,9935.507109043963,9327.210755429025,9570.529296875,84018,0.0,0.0
2014-09-30 00:00:00+09:00,9408.316935911018,9570.529296875,9164.998394465043,9570.529296875,48383,0.0,0.0
2014-10-01 00:00:00+09:00,9448.869221297555,9570.52848165761,9205.550700577445,9327.2099609375,81264,0.0,0.0
2014-10-02 00:00:00+09:00,9205.553463541666,9367.765859375,9124.447265625,9124.447265625,38214,0.0,0.0
2014-10-06 00:00:00+09:00,8962.230943341121,9002.78402453271,8597.253212616823,8678.359375,93191,0.0,0.0
2014-10-07 00:00:00+09:00,8678.361847763761,9205.552053469037,8637.808755017202,8840.57421875,44033,0.0,0.0
2014-10-08 00:00:00+09:00,8840.575443892047,9205.553329190341,8759.469247159092,8921.681640625,32701,0.0,0.0
2014-10-10 00:00:00+09:00,8840.57386201484,9124.44549978596,8718.91458868436,8881.126953125,39102,0.0,0.0
2014-10-13 00:00:00+09:00,8881.128038194443,8921.68113425926,8516.150173611111,8759.46875,50117,0.0,0.0
2014-10-14 00:00:00+09:00,8637.809056332237,8921.680715460527,8394.490491365132,8475.5966796875,78791,0.0,0.0
2014-10-15 00:00:00+09:00,8394.491821289062,8556.704223632812,8353.938720703125,8435.044921875,21024,0.0,0.0
2014-10-16 00:00:00+09:00,8475.595793196298,8516.148883115899,8272.830343598302,8353.9365234375,26550,0.0,0.0
2014-10-17 00:00:00+09:00,8232.278114720395,8556.702868009868,8232.278114720395,8475.5966796875,60748,0.0,0.0
2014-10-20 00:00:00+09:00,8394.487806658879,8678.359375,8394.487806658879,8678.359375,13751,0.0,0.0
2014-10-21 00:00:00+09:00,8435.04433139535,8759.469113372093,8435.04433139535,8718.916015625,21072,0.0,0.0
2014-10-22 00:00:00+09:00,8759.465537383177,8840.571699766355,8516.147050233645,8678.359375,9655,0.0,0.0
2014-10-23 00:00:00+09:00,8597.256584821429,8678.362779017858,8313.38490513393,8516.150390625,27516,0.0,0.0
2014-10-24 00:00:00+09:00,8435.043327294687,8556.702606053745,8272.830955615942,8394.490234375,18648,0.0,0.0
2014-10-27 00:00:00+09:00,8435.043327294687,8475.596420214371,8313.384048535629,8394.490234375,11177,0.0,0.0
2014-10-28 00:00:00+09:00,8475.595966935723,8718.914511441055,8353.936694683058,8556.7021484375,42558,0.0,0.0
2014-10-29 00:00:00+09:00,8556.7021484375,8759.467602191944,8516.14905768661,8556.7021484375,61891,0.0,0.0
2014-10-30 00:00:00+09:00,8597.256584821429,8597.256584821429,8313.38490513393,8516.150390625,25696,0.0,0.0
2014-10-31 00:00:00+09:00,8516.150390625,8597.256584821429,8353.938002232142,8516.150390625,14800,0.0,0.0
2014-11-03 00:00:00+09:00,8637.809681919643,8637.809681919643,8313.38490513393,8516.150390625,28356,0.0,0.0
2014-11-04 00:00:00+09:00,8394.490491365132,8556.702868009868,8272.831208881578,8475.5966796875,37032,0.0,0.0
2014-11-05 00:00:00+09:00,8475.596384030963,9002.786589736239,8435.043291284404,8840.57421875,48747,0.0,0.0
2014-11-06 00:00:00+09:00,8962.233209147853,9327.211032144824,8840.57393481553,9205.5517578125,55779,0.0,0.0
2014-11-07 00:00:00+09:00,9205.552524812232,9489.42418857296,9164.99942998927,9448.87109375,29309,0.0,0.0
2014-11-10 00:00:00+09:00,9489.422765031646,9611.08203125,9408.316587552743,9611.08203125,28780,0.0,0.0
2014-11-11 00:00:00+09:00,9732.74254707113,9732.74254707113,9448.870889448222,9692.189453125,13142,0.0,0.0
2014-11-12 00:00:00+09:00,9570.528950352822,10219.378370715725,9529.97586158014,10057.166015625,44474,0.0,0.0
2014-11-13 00:00:00+09:00,9935.508020681928,10462.6982421875,9935.508020681928,10462.6982421875,54957,0.0,0.0
2014-11-14 00:00:00+09:00,10381.592307692306,10624.910877403845,10300.486117788461,10543.8046875,37693,0.0,0.0
2014-11-17 00:00:00+09:00,10584.35687529151,10908.781607101213,10543.8037838153,10868.228515625,58032,0.0,0.0
2014-11-18 00:00:00+09:00,10949.335120738635,11354.866051136363,10341.038725142045,11152.1005859375,112065,0.0,0.0
2014-11-19 00:00:00+09:00,11273.760528994279,11598.185292418575,10989.88886099802,11517.0791015625,57590,0.0,0.0
2014-11-20 00:00:00+09:00,11517.078585379464,11882.056427873884,11354.8662109375,11354.8662109375,74640,0.0,0.0
2014-11-21 00:00:00+09:00,11354.865885416666,11476.525162760418,10665.463313802084,10949.3349609375,101592,0.0,0.0
2014-11-24 00:00:00+09:00,11070.994399857955,11192.653678977273,10868.22893465909,11152.1005859375,30669,0.0,0.0
2014-11-25 00:00:00+09:00,11152.101050795663,11192.65414552583,10868.229387684501,10989.888671875,32398,0.0,0.0
2014-11-26 00:00:00+09:00,10989.887589089913,11679.290131578948,10989.887589089913,11557.630859375,41987,0.0,0.0
2014-11-27 00:00:00+09:00,11638.737763637368,11719.843950143551,11233.206831106449,11476.525390625,24875,0.0,0.0
2014-11-28 00:00:00+09:00,11354.865405701754,11760.396313048246,11354.865405701754,11557.630859375,17724,0.0,0.0
2014-12-01 00:00:00+09:00,11557.631678989956,11598.184772600445,11192.653836495536,11354.8662109375,24452,0.0,0.0
2014-12-02 00:00:00+09:00,11152.100134408602,11476.524865591398,11070.993951612903,11314.3125,32468,0.0,0.0
2014-12-03 00:00:00+09:00,11152.100134408602,11395.418682795698,10989.887768817203,11314.3125,44971,0.0,0.0
2014-12-04 00:00:00+09:00,11314.312919990165,12084.821685150786,11314.312919990165,11598.1845703125,57554,0.0,0.0
2014-12-05 00:00:00+09:00,11719.843300047994,12084.82111908063,11638.737118040743,11882.0556640625,64351,0.0,0.0
2014-12-08 00:00:00+09:00,12044.268654336734,12084.82174744898,11800.950095663266,11922.609375,26380,0.0,0.0
2014-12-09 00:00:00+09:00,11922.61013671875,12409.247285156249,11719.844658203125,12165.9287109375,55466,0.0,0.0
2014-12-10 00:00:00+09:00,12206.481069180652,12328.140348939929,11476.525390625,11476.525390625,82058,0.0,0.0
2014-12-11 00:00:00+09:00,11192.65313331117,11598.184043938387,10746.569131621232,11435.9716796875,62933,0.0,0.0
2014-12-12 00:00:00+09:00,11435.972910706427,11760.397674130721,11273.760528994279,11517.0791015625,41344,0.0,0.0
2014-12-15 00:00:00+09:00,11557.630137567934,11557.630137567934,11111.546167346014,11192.65234375,23823,0.0,0.0
2014-12-16 00:00:00+09:00,11070.994655347473,11476.52559510379,11070.994655347473,11233.20703125,16628,0.0,0.0
2014-12-17 00:00:00+09:00,11233.2063172043,11314.3125,10989.887768817203,11314.3125,15474,0.0,0.0
2014-12-18 00:00:00+09:00,11233.206873276655,11354.866153492647,10908.782126034008,11030.44140625,22512,0.0,0.0
2014-12-19 00:00:00+09:00,11030.440929878048,11638.7373046875,11030.440929878048,11638.7373046875,21292,0.0,0.0
2014-12-22 00:00:00+09:00,11517.078287197231,11719.84375,11314.312824394463,11719.84375,23236,0.0,0.0
2014-12-23 00:00:00+09:00,11679.290131578948,11719.843222313597,11395.418496436403,11557.630859375,14771,0.0,0.0
2014-12-24 00:00:00+09:00,11638.738387846612,11679.291483274648,11435.972910706427,11517.0791015625,9459,0.0,0.0
2014-12-26 00:00:00+09:00,11517.077861812943,11679.29022606383,11273.759315436613,11435.9716796875,20889,0.0,0.0
2014-12-29 00:00:00+09:00,11642.399095618206,11642.399095618206,11394.6884765625,11394.6884765625,14146,250.0,0.0
2014-12-30 00:00:00+09:00,11601.112480056117,11807.537969025088,11477.257186674735,11724.9677734375,13810,0.0,0.0
2015-01-02 00:00:00+09:00,11724.967655695922,12468.09940852172,11642.3974609375,11642.3974609375,72234,0.0,0.0
2015-01-05 00:00:00+09:00,11601.111814716694,12055.247864403114,11601.111814716694,11931.392578125,28595,0.0,0.0
2015-01-06 00:00:00+09:00,11931.394476996527,12013.964680989584,11559.828559027777,11890.109375,20038,0.0,0.0
2015-01-07 00:00:00+09:00,11766.250789141413,12426.812236952861,11766.250789141413,12261.671875,77940,0.0,0.0
2015-01-08 00:00:00+09:00,12096.535671926567,12633.242032797029,12096.535671926567,12509.38671875,61486,0.0,0.0
2015-01-09 00:00:00+09:00,12509.385435267855,13211.232142857141,12509.385435267855,13004.806640625,92593,0.0,0.0
2015-01-12 00:00:00+09:00,13211.232142857141,13211.232142857141,12839.666238839285,13004.806640625,37821,0.0,0.0
2015-01-13 00:00:00+09:00,13087.376556199597,13252.51695438508,12633.240461189516,12798.380859375,34802,0.0,0.0
2015-01-14 00:00:00+09:00,12798.379942473875,13211.230908360129,12468.099169764871,12839.6650390625,34559,0.0,0.0
2015-01-15 00:00:00+09:00,12798.378319076344,13046.0888671875,12591.952862317048,13046.0888671875,15457,0.0,0.0
2015-01-16 00:00:00+09:00,13169.946755292338,13169.946755292338,12715.810660282259,12798.380859375,21742,0.0,0.0
2015-01-19 00:00:00+09:00,12757.094845885249,13087.375618594253,12550.669362942122,12839.6650390625,23617,0.0,0.0
2015-01-20 00:00:00+09:00,13046.090522005627,13046.090522005627,12633.239556119373,12839.6650390625,15631,0.0,0.0
2015-01-21 00:00:00+09:00,12922.235292092348,12922.235292092348,12757.094904972957,12880.9501953125,15025,0.0,0.0
2015-01-22 00:00:00+09:00,12839.663743361929,13087.374297896242,12509.383003982843,12633.23828125,34895,0.0,0.0
2015-01-23 00:00:00+09:00,12715.808466094772,12922.2339282067,12550.668096405228,12633.23828125,21791,0.0,0.0
2015-01-26 00:00:00+09:00,12633.239556119373,12839.6650390625,12591.954459530747,12839.6650390625,20849,0.0,0.0
2015-01-27 00:00:00+09:00,12922.235292092348,13293.801163110978,12880.9501953125,12880.9501953125,42449,0.0,0.0
2015-01-28 00:00:00+09:00,12674.523872910031,12963.51953125,12674.523872910031,12963.51953125,20882,0.0,0.0
2015-01-29 00:00:00+09:00,13087.377444576907,13087.377444576907,12550.671114042207,12715.8115234375,22525,0.0,0.0
2015-01-30 00:00:00+09:00,12674.5244140625,12880.949893118892,12302.958551760992,12674.5244140625,22432,0.0,0.0
2015-02-02 00:00:00+09:00,12509.384470690016,12550.66956795302,12179.10369258599,12302.958984375,12911,0.0,0.0
2015-02-03 00:00:00+09:00,12344.24419921875,12509.38458984375,12220.38890625,12385.529296875,13314,0.0,0.0
2015-02-04 00:00:00+09:00,12550.670262096774,12880.951058467743,12220.389465725806,12798.380859375,21532,0.0,0.0
2015-02-05 00:00:00+09:00,12963.518939208985,13211.2294921875,12550.668017578126,13211.2294921875,58489,0.0,0.0
2015-02-06 00:00:00+09:00,13376.371896904206,13458.942093798676,13169.94640466803,13252.5166015625,47211,0.0,0.0
2015-02-09 00:00:00+09:00,13293.801583317007,13541.51217182602,13169.9462890625,13169.9462890625,43226,0.0,0.0
2015-02-10 00:00:00+09:00,13211.2294921875,13417.65495300293,12922.2338470459,13211.2294921875,46396,0.0,0.0
2015-02-11 00:00:00+09:00,13169.9462890625,13211.231387147336,13046.090994807995,13169.9462890625,14143,0.0,0.0
2015-02-12 00:00:00+09:00,13087.375421971452,13624.081669560186,13087.375421971452,13376.37109375,35163,0.0,0.0
2015-02-13 00:00:00+09:00,13417.65699535144,13541.512290693146,13252.5166015625,13252.5166015625,16289,0.0,0.0
2015-02-16 00:00:00+09:00,13252.5166015625,13500.227192245911,13128.661306220794,13252.5166015625,21125,0.0,0.0
2015-02-17 00:00:00+09:00,13169.945251080975,13417.655820066824,12963.519776926101,13128.66015625,21734,0.0,0.0
2015-02-23 00:00:00+09:00,13087.374215698243,13293.799676513672,12880.948754882813,13211.2294921875,15149,0.0,0.0
2015-02-24 00:00:00+09:00,13293.799676513672,13335.08476867676,13046.089123535157,13211.2294921875,37707,0.0,0.0
2015-02-25 00:00:00+09:00,13169.946171998226,13376.37166058754,13046.090878844638,13087.3759765625,15696,0.0,0.0
2015-02-26 00:00:00+09:00,13087.375597285933,13624.08185206422,13087.375597285933,13500.2265625,54811,0.0,0.0
2015-02-27 00:00:00+09:00,13500.225137329102,13995.646243286134,13046.089123535157,13211.2294921875,73736,0.0,0.0
2015-03-02 00:00:00+09:00,13128.66092333837,13665.3671875,13128.66092333837,13665.3671875,27890,0.0,0.0
2015-03-03 00:00:00+09:00,13706.652576264882,14036.933361235118,13665.367478143602,13871.79296875,36818,0.0,0.0
2015-03-04 00:00:00+09:00,13954.362365182522,14036.932556692478,13624.081599142699,13995.6474609375,19482,0.0,0.0
2015-03-05 00:00:00+09:00,14036.933478180474,14078.21857664571,13747.937788923817,13954.36328125,13779,0.0,0.0
2015-03-06 00:00:00+09:00,14160.787720813241,14160.787720813241,13706.651671457716,13913.0771484375,17701,0.0,0.0
2015-03-09 00:00:00+09:00,13789.222479229607,13830.50757647281,13665.3671875,13665.3671875,10006,0.0,0.0
2015-03-10 00:00:00+09:00,13665.366576061759,14036.93243462537,13252.515622102188,13913.0771484375,20947,0.0,0.0
2015-03-11 00:00:00+09:00,13830.508621399662,13830.508621399662,13417.65761777579,13706.6533203125,18862,0.0,0.0
2015-03-12 00:00:00+09:00,13665.368219950115,13871.79372176205,13458.942718138178,13706.6533203125,17329,0.0,0.0
2015-03-13 00:00:00+09:00,13913.077770959215,13995.64796544562,13624.082090256798,13665.3671875,34535,0.0,0.0
2015-03-16 00:00:00+09:00,13582.79801922534,13913.078822124437,13582.79801922534,13706.6533203125,22447,0.0,0.0
2015-03-17 00:00:00+09:00,13954.362807765152,13954.362807765152,13458.941642992424,13624.08203125,18560,0.0,0.0
2015-03-18 00:00:00+09:00,13500.225710605053,13665.366086269947,13335.085334940159,13582.7958984375,22603,0.0,0.0
2015-03-19 00:00:00+09:00,13582.795835913683,13830.50639827077,13458.940554735138,13541.5107421875,12958,0.0,0.0
2015-03-20 00:00:00+09:00,13458.94128568673,13706.651861496914,13128.660517939816,13376.37109375,19188,0.0,0.0
2015-03-23 00:00:00+09:00,13376.37109375,13500.226381655093,13087.375421971452,13376.37109375,20063,0.0,0.0
2015-03-24 00:00:00+09:00,13376.37299245356,13417.65809428212,13293.80278879644,13335.087890625,13220,0.0,0.0
2015-03-25 00:00:00+09:00,13252.516659185754,13376.371955065995,13087.376264678765,13293.8017578125,17441,0.0,0.0
2015-03-26 00:00:00+09:00,13335.086681401843,13541.51217182602,13087.37609289283,13169.9462890625,14513,0.0,0.0
2015-03-27 00:00:00+09:00,13211.23034591195,13211.23034591195,12757.094302771227,13128.66015625,20592,0.0,0.0
2015-03-30 00:00:00+09:00,13087.375618594253,13128.660715182878,12591.954459530747,12839.6650390625,29358,0.0,0.0
2015-03-31 00:00:00+09:00,12880.948754882813,13211.2294921875,12880.948754882813,13211.2294921875,48635,0.0,0.0
2015-04-01 00:00:00+09:00,13004.80403137207,13252.514584350587,13004.80403137207,13211.2294921875,29658,0.0,0.0
2015-04-02 00:00:00+09:00,13252.515440742925,13541.51110455975,13087.375061419025,13128.66015625,25054,0.0,0.0
2015-04-03 00:00:00+09:00,13211.231387147336,13252.516485232172,12963.520798638323,13169.9462890625,19501,0.0,0.0
2015-04-06 00:00:00+09:00,13211.2294921875,13211.2294921875,13046.089123535157,13211.2294921875,24147,0.0,0.0
2015-04-07 00:00:00+09:00,13252.514323946796,13376.369598002373,13004.80377583564,13046.0888671875,18825,0.0,0.0
2015-04-08 00:00:00+09:00,13004.80411305147,13004.80411305147,12468.097911560459,12633.23828125,46248,0.0,0.0
2015-04-09 00:00:00+09:00,12674.523373672386,12715.808466094772,12509.383003982843,12633.23828125,19913,0.0,0.0
2015-04-10 00:00:00+09:00,12509.384707419289,12757.095295685018,12426.814511330713,12468.099609375,32691,0.0,0.0
2015-04-13 00:00:00+09:00,12715.810138081395,12839.665431634136,12344.244257423174,12426.814453125,23217,0.0,0.0
2015-04-14 00:00:00+09:00,12426.814511330713,12591.954903507865,12096.533726976408,12468.099609375,37098,0.0,0.0
2015-04-15 00:00:00+09:00,12509.384707419289,12591.954903507865,12261.67411915356,12468.099609375,23087,0.0,0.0
2015-04-16 00:00:00+09:00,12468.099169764871,12880.950135651126,12385.52897658762,12839.6650390625,20403,0.0,0.0
2015-04-17 00:00:00+09:00,12839.665672918285,13335.086856439248,12715.810377038044,13293.8017578125,41318,0.0,0.0
2015-04-20 00:00:00+09:00,13293.799676513672,13335.08476867676,12798.37857055664,13211.2294921875,23907,0.0,0.0
2015-04-21 00:00:00+09:00,13500.226381655093,13582.796573591822,12922.235038097995,13376.37109375,35390,0.0,0.0
2015-04-22 00:00:00+09:00,13458.942452116935,13458.942452116935,12633.240461189516,12798.380859375,34331,0.0,0.0
2015-04-23 00:00:00+09:00,12963.520388872195,13252.51606633113,12591.954517853566,12880.9501953125,22504,0.0,0.0
2015-04-24 00:00:00+09:00,12839.665098532652,13376.371356670674,12674.524711413262,12880.9501953125,32723,0.0,0.0
2015-04-27 00:00:00+09:00,13169.947042410713,13169.947042410713,12880.951339285713,13004.806640625,16635,0.0,0.0
2015-04-28 00:00:00+09:00,12839.664249104299,13087.3748133957,12633.238778861465,12963.51953125,29052,0.0,0.0
2015-04-29 00:00:00+09:00,13004.804625298566,13169.945001492833,12426.81330861863,12963.51953125,71592,0.0,0.0
2015-04-30 00:00:00+09:00,12674.52583705357,13128.661941964285,12633.240736607142,13004.806640625,47363,0.0,0.0
2015-05-04 00:00:00+09:00,13004.805485652043,13046.09058243189,12798.380001752805,12880.9501953125,27610,0.0,0.0
2015-05-06 00:00:00+09:00,12839.665098532652,13087.375679211738,12509.384324293871,12880.9501953125,27086,0.0,0.0
2015-05-07 00:00:00+09:00,12715.80986671326,12922.2353515625,12674.524769743412,12922.2353515625,9095,0.0,0.0
2015-05-08 00:00:00+09:00,12715.808966958599,12963.51953125,12715.808966958599,12963.51953125,25543,0.0,0.0
2015-05-11 00:00:00+09:00,12963.51953125,13087.3748133957,12963.51953125,12963.51953125,17932,0.0,0.0
2015-05-12 00:00:00+09:00,12963.521257560484,12963.521257560484,12798.380859375,12798.380859375,10743,0.0,0.0
2015-05-13 00:00:00+09:00,12798.380060652957,12963.520448532348,12591.954575803715,12922.2353515625,16482,0.0,0.0
2015-05-14 00:00:00+09:00,12880.950254592652,13211.231030351439,12880.950254592652,12922.2353515625,28855,0.0,0.0
2015-05-15 00:00:00+09:00,12880.950254592652,13087.375739441894,12880.950254592652,12922.2353515625,41756,0.0,0.0
2015-05-18 00:00:00+09:00,13087.37620777356,13871.793078271028,13046.091109326324,13252.5166015625,144186,0.0,0.0
2015-05-19 00:00:00+09:00,13211.2295751634,13417.655037275326,11931.391710069445,12633.23828125,212012,0.0,0.0
2015-05-20 00:00:00+09:00,12839.664294392767,13004.804671169524,12261.672975674122,12344.2431640625,46732,0.0,0.0
2015-05-21 00:00:00+09:00,12674.52485974203,12674.52485974203,12220.388789848994,12302.958984375,19412,0.0,0.0
2015-05-22 00:00:00+09:00,12302.959502963364,12550.67009698276,11931.393611934269,11972.6787109375,25987,0.0,0.0
2015-05-26 00:00:00+09:00,11848.822204163023,11972.677488527097,11559.826540646853,11807.537109375,46194,0.0,0.0
2015-05-27 00:00:00+09:00,11890.10783898305,12426.814095603815,11559.827065677966,12179.103515625,46390,0.0,0.0
2015-05-28 00:00:00+09:00,12179.104205953665,12220.389304956898,11890.108512931036,11972.6787109375,16395,0.0,0.0
2015-05-29 00:00:00+09:00,11972.67837676495,12468.099550975914,11807.537985361296,12426.814453125,14073,0.0,0.0
2015-06-01 00:00:00+09:00,12261.67411915356,12468.099609375,12220.389021109273,12468.099609375,5641,0.0,0.0
2015-06-02 00:00:00+09:00,12509.384707419289,12550.669805463576,12096.533726976408,12468.099609375,24601,0.0,0.0
2015-06-03 00:00:00+09:00,12302.961195338283,12798.382451526402,12302.961195338283,12509.38671875,19594,0.0,0.0
2015-06-04 00:00:00+09:00,12550.66974667774,12674.525040230481,12220.388963870431,12426.814453125,7062,0.0,0.0
2015-06-05 00:00:00+09:00,12426.814453125,12509.384648826826,12137.818768168605,12426.814453125,10050,0.0,0.0
2015-06-08 00:00:00+09:00,12550.667508417508,12550.667508417508,12220.386784511784,12261.671875,7589,0.0,0.0
2015-06-09 00:00:00+09:00,12220.386784511784,12385.527146464647,12013.961332070707,12261.671875,10103,0.0,0.0
2015-06-10 00:00:00+09:00,12261.671875,12468.097327441077,12137.816603535353,12261.671875,16707,0.0,0.0
2015-06-11 00:00:00+09:00,12220.390190972223,12385.530598958334,11890.109375,11890.109375,27020,0.0,0.0
2015-06-12 00:00:00+09:00,11848.824273003473,12385.530598958334,11766.254069010416,11890.109375,17028,0.0,0.0
2015-06-15 00:00:00+09:00,11848.82308321221,12468.099550975914,11807.537985361296,12426.814453125,30039,0.0,0.0
2015-06-16 00:00:00+09:00,12137.818710937501,12591.954785156251,11931.39322265625,12385.529296875,27174,0.0,0.0
2015-06-17 00:00:00+09:00,12468.099609375,12591.954903507865,12137.818825020697,12468.099609375,21971,0.0,0.0
2015-06-18 00:00:00+09:00,12468.099609375,12715.810197640729,12426.814511330713,12468.099609375,9062,0.0,0.0
2015-06-19 00:00:00+09:00,12261.674061721345,12591.954844528655,12261.674061721345,12426.814453125,18679,0.0,0.0
2015-06-22 00:00:00+09:00,12468.099550975914,12509.384648826826,12344.244257423174,12426.814453125,4684,0.0,0.0
2015-06-23 00:00:00+09:00,12220.388671875,12426.814156197213,12179.103575010557,12220.388671875,8823,0.0,0.0
2015-06-24 00:00:00+09:00,12137.818418961864,12261.673708951272,12055.248225635594,12179.103515625,6724,0.0,0.0
2015-06-25 00:00:00+09:00,12096.534007947199,12179.104205953665,11931.393611934269,11972.6787109375,16274,0.0,0.0
2015-06-26 00:00:00+09:00,12137.81958963523,12137.81958963523,11518.543079959964,11601.11328125,27843,0.0,0.0
2015-06-29 00:00:00+09:00,11477.25752632784,11518.542625343407,11105.69163518773,11270.83203125,29354,0.0,0.0
2015-06-30 00:00:00+09:00,11188.260301994556,11312.115582090437,10568.983901515152,10899.2646484375,45552,0.0,0.0
2015-07-01 00:00:00+09:00,10816.693946838379,10940.549221038818,10403.843032836914,10568.9833984375,52062,0.0,0.0
2015-07-02 00:00:00+09:00,10651.556479779412,10816.696890318628,10527.701171875,10527.701171875,23636,0.0,0.0
2015-07-03 00:00:00+09:00,10527.698623832615,11023.119735542385,10403.843345905172,10775.4091796875,26910,0.0,0.0
2015-07-06 00:00:00+09:00,10857.980409112595,10857.980409112595,10527.699636211832,10816.6953125,19002,0.0,0.0
2015-07-07 00:00:00+09:00,10899.267260174418,10899.267260174418,10403.84602107558,10651.556640625,43495,0.0,0.0
2015-07-08 00:00:00+09:00,10734.124817607004,10899.265199416343,10527.69934034533,10610.26953125,21128,0.0,0.0
2015-07-09 00:00:00+09:00,10610.268489837646,10651.553581237793,10238.702667236328,10568.9833984375,48901,0.0,0.0
2015-07-10 00:00:00+09:00,10486.416069240197,10692.841582414216,10486.416069240197,10527.701171875,5166,0.0,0.0
2015-07-13 00:00:00+09:00,10527.700421543195,10775.411019697152,10279.989823389238,10692.8408203125,9096,0.0,0.0
2015-07-14 00:00:00+09:00,10775.411019697152,10981.836518158783,10568.985521235521,10692.8408203125,16721,0.0,0.0
2015-07-15 00:00:00+09:00,10692.83867263794,10857.979038238525,10568.9833984375,10568.9833984375,29199,0.0,0.0
2015-07-16 00:00:00+09:00,10651.555720620174,10816.696119389479,10568.985521235521,10692.8408203125,16592,0.0,0.0
2015-07-17 00:00:00+09:00,10775.41195039971,10857.982156916181,10568.986434108527,10651.556640625,21062,0.0,0.0
2015-07-20 00:00:00+09:00,10651.556640625,11023.122569949128,10651.556640625,10651.556640625,24453,0.0,0.0
2015-07-21 00:00:00+09:00,10651.555214185393,11105.691289208802,10651.555214185393,11023.12109375,23835,0.0,0.0
2015-07-22 00:00:00+09:00,11105.69134794776,11353.401935634329,10857.980760261195,11064.40625,36386,0.0,0.0
2015-07-23 00:00:00+09:00,11023.12115205224,11477.257229477613,10940.550956156716,11064.40625,35997,0.0,0.0
2015-07-24 00:00:00+09:00,10940.55118336397,11435.972369025734,10775.410788143383,11229.546875,15241,0.0,0.0
2015-07-27 00:00:00+09:00,11064.406073113209,11394.686851415094,10857.980586674528,10940.55078125,19199,0.0,0.0
2015-07-28 00:00:00+09:00,11023.121437156593,11394.687328296704,10610.270447000916,11270.83203125,24030,0.0,0.0
2015-07-29 00:00:00+09:00,11188.260923956434,11353.401306597856,11105.690732635721,11312.1162109375,20008,0.0,0.0
2015-07-30 00:00:00+09:00,11312.115582090437,11435.970862186317,10857.979555072206,10899.2646484375,21695,0.0,0.0
2015-07-31 00:00:00+09:00,10651.554949504573,10775.410239615092,9908.423208841463,10156.1337890625,73868,0.0,0.0
2015-08-03 00:00:00+09:00,10279.988644907166,10321.273739866632,9743.2824104341,9867.1376953125,53415,0.0,0.0
2015-08-04 00:00:00+09:00,9908.42365506329,10114.849147877108,9495.572669435654,9784.568359375,63234,0.0,0.0
2015-08-05 00:00:00+09:00,9825.852600353033,9990.9929801909,9743.2824104341,9867.1376953125,12605,0.0,0.0
2015-08-06 00:00:00+09:00,9784.568301443325,10032.278891353284,9660.713006488348,9743.283203125,45251,0.0,0.0
2015-08-07 00:00:00+09:00,9743.283486773858,9990.994083895228,9743.283486773858,9949.708984375,17083,0.0,0.0
2015-08-10 00:00:00+09:00,9949.708984375,10032.279183415456,9578.143088692945,9949.708984375,40562,0.0,0.0
2015-08-11 00:00:00+09:00,9867.138614430147,9990.993910845587,9495.572725183823,9825.853515625,46454,0.0,0.0
2015-08-12 00:00:00+09:00,9867.13833984375,10362.559511718751,9413.002265625,10321.2744140625,46223,0.0,0.0
2015-08-13 00:00:00+09:00,10073.562996031746,10527.699032738095,9949.70771329365,10403.84375,35270,0.0,0.0
2015-08-14 00:00:00+09:00,10403.84375,10403.84375,10403.84375,10403.84375,0,0.0,0.0
2015-08-17 00:00:00+09:00,10321.273739866632,10321.273739866632,9867.1376953125,9867.1376953125,17736,0.0,0.0
2015-08-18 00:00:00+09:00,9908.42399691358,10238.7047968107,9578.143197016461,10032.279296875,27136,0.0,0.0
2015-08-19 00:00:00+09:00,9660.711976396276,9825.85235206117,9495.571600731382,9701.9970703125,43362,0.0,0.0
2015-08-20 00:00:00+09:00,9495.572441657725,9743.283027092275,9495.572441657725,9619.427734375,21251,0.0,0.0
2015-08-21 00:00:00+09:00,9330.432673113988,9660.713475702094,8835.01146923183,9371.7177734375,44203,0.0,0.0
2015-08-24 00:00:00+09:00,9289.147404261998,9578.143101283482,8917.581508091518,9247.8623046875,18119,0.0,0.0
2015-08-25 00:00:00+09:00,9165.291257605088,9495.57202364491,9082.721066095131,9330.431640625,15175,0.0,0.0
2015-08-26 00:00:00+09:00,9495.573459201389,9660.7138671875,9330.433051215277,9660.7138671875,5366,0.0,0.0
2015-08-27 00:00:00+09:00,9825.8537969393,10114.84949684928,9701.99849697788,10032.279296875,19203,0.0,0.0
2015-08-28 00:00:00+09:00,10114.84892578125,10651.555195312501,9867.13833984375,10321.2744140625,20370,0.0,0.0
2015-08-31 00:00:00+09:00,10362.560761335784,10527.701171875,9990.99483762255,10527.701171875,23004,0.0,0.0
2015-09-01 00:00:00+09:00,10403.845122466217,10775.411019697152,10403.845122466217,10692.8408203125,22453,0.0,0.0
2015-09-02 00:00:00+09:00,10651.554088245739,10981.834835168087,10362.558434688684,10899.2646484375,28268,0.0,0.0
2015-09-03 00:00:00+09:00,10775.411568453763,11105.6923828125,10692.84136486408,11105.6923828125,27559,0.0,0.0
2015-09-04 00:00:00+09:00,11105.691464120371,11229.54675925926,10981.836168981481,11146.9765625,31161,0.0,0.0
2015-09-07 00:00:00+09:00,10981.836282169117,11394.687270220587,10857.980985753677,11229.546875,21472,0.0,0.0
2015-09-08 00:00:00+09:00,11064.406972864768,11642.398381895016,11064.406972864768,11601.11328125,31870,0.0,0.0
2015-09-09 00:00:00+09:00,11601.11328125,11807.538784475088,11435.972878669929,11601.11328125,19357,0.0,0.0
2015-09-10 00:00:00+09:00,11601.11328125,11601.11328125,11270.832476089858,11601.11328125,18732,0.0,0.0
2015-09-11 00:00:00+09:00,11477.257129251324,11724.967714774735,11435.97203166409,11683.6826171875,10859,0.0,0.0
2015-09-14 00:00:00+09:00,11683.6826171875,11683.6826171875,11435.97203166409,11683.6826171875,8815,0.0,0.0
2015-09-15 00:00:00+09:00,11683.682733689693,11890.10822368421,11518.54234169408,11766.2529296875,10745,0.0,0.0
2015-09-16 00:00:00+09:00,11766.250789141413,12261.671875,11642.395517676767,12261.671875,26909,0.0,0.0
2015-09-17 00:00:00+09:00,12344.244834848001,12426.815034412202,12137.8193359375,12137.8193359375,21483,0.0,0.0
2015-09-18 00:00:00+09:00,12385.52899894068,12385.52899894068,11683.682355667373,12179.103515625,40774,0.0,0.0
2015-09-21 00:00:00+09:00,12220.387881479934,12426.813352450878,11807.536939538044,12344.2431640625,22090,0.0,0.0
2015-09-22 00:00:00+09:00,12344.2431640625,12344.2431640625,12096.532598897367,12344.2431640625,7754,0.0,0.0
2015-09-23 00:00:00+09:00,12220.387881479934,12385.528258256689,12055.247504703178,12344.2431640625,13409,0.0,0.0
2015-09-24 00:00:00+09:00,12137.818595322988,12344.244081638004,11931.39310900797,12302.958984375,29213,0.0,0.0
2015-09-25 00:00:00+09:00,12302.958805614408,12302.958805614408,12096.53332229873,12179.103515625,5368,0.0,0.0
2015-09-30 00:00:00+09:00,11972.678824646831,12220.389421018835,11972.678824646831,12055.2490234375,16050,0.0,0.0
2015-10-01 00:00:00+09:00,11972.678320312501,12426.814394531251,11972.678320312501,12385.529296875,22858,0.0,0.0
2015-10-02 00:00:00+09:00,12220.388963870431,12468.099550975914,12220.388963870431,12426.814453125,13501,0.0,0.0
2015-10-05 00:00:00+09:00,12302.956965488214,12468.097327441077,12220.386784511784,12261.671875,13316,0.0,0.0
2015-10-06 00:00:00+09:00,12220.3895355017,12385.529934630102,12013.964036591198,12137.8193359375,22523,0.0,0.0
2015-10-07 00:00:00+09:00,12137.818937602797,12550.669921875,12013.963642321136,12550.669921875,29570,0.0,0.0
2015-10-08 00:00:00+09:00,12550.669921875,12674.52521715666,12426.81462659334,12550.669921875,7326,0.0,0.0
2015-10-12 00:00:00+09:00,12509.38458984375,12591.954785156251,12220.38890625,12385.529296875,13521,0.0,0.0
2015-10-13 00:00:00+09:00,12385.528258256689,12468.098446645068,12302.958069868311,12344.2431640625,7793,0.0,0.0
2015-10-14 00:00:00+09:00,12302.958984375,12426.81427616401,12220.388789848994,12302.958984375,5249,0.0,0.0
2015-10-15 00:00:00+09:00,12302.959101562501,12385.529296875,12220.38890625,12385.529296875,7076,0.0,0.0
2015-10-16 00:00:00+09:00,12302.956965488214,12385.527146464647,12179.101694023568,12261.671875,6465,0.0,0.0
2015-10-19 00:00:00+09:00,12261.673708951272,12261.673708951272,12013.963128972458,12179.103515625,11151,0.0,0.0
2015-10-20 00:00:00+09:00,12096.533381281672,12261.673768739442,12096.533381281672,12220.388671875,4371,0.0,0.0
2015-10-21 00:00:00+09:00,12013.964036591198,12302.9597350659,12013.964036591198,12137.8193359375,7877,0.0,0.0
2015-10-22 00:00:00+09:00,12220.387505332765,12302.957691179607,12013.962040715656,12096.5322265625,7577,0.0,0.0
2015-10-23 00:00:00+09:00,12055.247504703178,12385.528258256689,12055.247504703178,12344.2431640625,10590,0.0,0.0
2015-10-26 00:00:00+09:00,12344.244081638004,12426.81427616401,12220.388789848994,12302.958984375,6294,0.0,0.0
2015-10-27 00:00:00+09:00,12302.956965488214,12468.097327441077,12179.101694023568,12261.671875,4514,0.0,0.0
2015-10-28 00:00:00+09:00,12261.672598256186,12261.672598256186,12055.247133639079,12096.5322265625,5992,0.0,0.0
2015-10-29 00:00:00+09:00,12096.534884982639,12261.67529296875,11890.109375,11890.109375,3190,0.0,0.0
2015-10-30 00:00:00+09:00,11890.107298951049,12179.10296246722,11724.96691979895,11807.537109375,3714,0.0,0.0
2015-11-02 00:00:00+09:00,11807.538027686403,11931.393321683114,11683.682733689693,11766.2529296875,6923,0.0,0.0
2015-11-03 00:00:00+09:00,11890.10822368421,12055.248615679824,11642.39763569079,11766.2529296875,4817,0.0,0.0
2015-11-04 00:00:00+09:00,11724.9677734375,11931.39326240647,11683.682675643706,11724.9677734375,6896,0.0,0.0
2015-11-05 00:00:00+09:00,11724.966390251706,12179.102412409344,11724.966390251706,12096.5322265625,7701,0.0,0.0
2015-11-06 00:00:00+09:00,12055.248572466777,12426.814453125,12055.248572466777,12426.814453125,15787,0.0,0.0
2015-11-09 00:00:00+09:00,12468.099550975914,12468.099550975914,12261.674061721345,12426.814453125,14773,0.0,0.0
2015-11-10 00:00:00+09:00,12137.81805525519,12344.24353238538,11807.537291846886,11931.392578125,14549,0.0,0.0
2015-11-11 00:00:00+09:00,12055.248908943966,12137.819106950432,11848.823413927803,11972.6787109375,6963,0.0,0.0
2015-11-12 00:00:00+09:00,12055.24862893212,12509.384707419289,12055.24862893212,12468.099609375,31489,0.0,0.0
2015-11-13 00:00:00+09:00,12468.099227514023,12922.235292092348,12468.099227514023,12880.9501953125,42921,0.0,0.0
2015-11-16 00:00:00+09:00,12880.9501953125,13128.660775991586,12757.094904972957,12880.9501953125,43281,0.0,0.0
2015-11-17 00:00:00+09:00,12880.94994212963,13417.656189718366,12880.94994212963,13376.37109375,52164,0.0,0.0
2015-11-18 00:00:00+09:00,13376.370367282774,13665.366023366045,13335.085273556593,13541.5107421875,44986,0.0,0.0
2015-11-19 00:00:00+09:00,13665.366948585626,13830.507334671254,13417.656369457187,13500.2265625,68283,0.0,0.0
2015-11-20 00:00:00+09:00,13376.371448863636,13706.652225378788,13335.086351799242,13624.08203125,47309,0.0,0.0
2015-11-23 00:00:00+09:00,13665.367128314394,13789.222419507576,13500.226740056818,13624.08203125,36533,0.0,0.0
2015-11-24 00:00:00+09:00,13624.08185206422,13665.366948585626,13335.086176414374,13500.2265625,57165,0.0,0.0
2015-11-25 00:00:00+09:00,13500.226381655093,13706.651861496914,13293.800901813273,13376.37109375,69859,0.0,0.0
2015-11-26 00:00:00+09:00,13458.941642992424,13665.367128314394,13458.941642992424,13624.08203125,40746,0.0,0.0
2015-11-27 00:00:00+09:00,13706.651550839553,13995.647216068097,13624.081360774255,13830.5068359375,76133,0.0,0.0
2015-11-30 00:00:00+09:00,13954.362243833457,14078.217530021328,13789.22186224963,13913.0771484375,55933,0.0,0.0
2015-12-01 00:00:00+09:00,14036.933478180474,14160.788773576183,13789.222887389053,13954.36328125,67612,0.0,0.0
2015-12-02 00:00:00+09:00,14119.502625417284,14160.787720813241,13706.651671457716,13913.0771484375,39461,0.0,0.0
2015-12-03 00:00:00+09:00,13995.648379715236,14119.503675110947,13871.793084319526,13954.36328125,48761,0.0,0.0
2015-12-04 00:00:00+09:00,14036.930729930351,14284.64127222324,13913.075458783907,14078.2158203125,49736,0.0,0.0
2015-12-07 00:00:00+09:00,14078.219888376634,14202.0751953125,13871.79437681686,14202.0751953125,28827,0.0,0.0
2015-12-08 00:00:00+09:00,14202.071091458944,14284.64127222324,13706.650006873168,14078.2158203125,43756,0.0,0.0
2015-12-09 00:00:00+09:00,14160.787596198694,14160.787596198694,13624.081360774255,13830.5068359375,19873,0.0,0.0
2015-12-10 00:00:00+09:00,13830.509061925552,14036.9345703125,13541.513350183825,14036.9345703125,47785,0.0,0.0
2015-12-11 00:00:00+09:00,14160.788025973136,14284.643314830044,13830.507255688048,14119.5029296875,13715,0.0,0.0
2015-12-14 00:00:00+09:00,13830.508621399662,14078.219223573984,13624.083119587727,13706.6533203125,7122,0.0,0.0
2015-12-15 00:00:00+09:00,13706.6533203125,13747.938420674887,13417.65761777579,13706.6533203125,6538,0.0,0.0
2015-12-16 00:00:00+09:00,13706.653756893384,14036.9345703125,13458.943146829044,14036.9345703125,24084,0.0,0.0
2015-12-17 00:00:00+09:00,13913.077910156251,14449.784179687502,13871.792812500002,14449.7841796875,41383,0.0,0.0
2015-12-18 00:00:00+09:00,14656.210544630028,14656.210544630028,14284.644643498563,14367.21484375,43300,0.0,0.0
2015-12-21 00:00:00+09:00,14367.213808087175,14367.213808087175,14202.073419488472,14325.9287109375,14241,0.0,0.0
2015-12-22 00:00:00+09:00,14243.359375,14491.069972826088,14202.07427536232,14243.359375,14105,0.0,0.0
2015-12-23 00:00:00+09:00,14325.930502248364,14408.500706872275,14119.50499068859,14202.0751953125,10068,0.0,0.0
2015-12-24 00:00:00+09:00,14078.21967198989,14449.785587086397,14036.9345703125,14036.9345703125,30380,0.0,0.0
2015-12-28 00:00:00+09:00,13954.364366957721,14202.07497702206,13789.223960248162,14036.9345703125,41842,0.0,0.0
2015-12-29 00:00:00+09:00,14246.441543311405,14455.948036595395,14036.935050027412,14330.244140625,58594,250.0,0.0
2015-12-30 00:00:00+09:00,14246.4404296875,14288.341725068934,14036.933952780331,14246.4404296875,28919,0.0,0.0
2016-01-04 00:00:00+09:00,14246.439378226401,14372.143255093106,14162.6367936486,14204.5380859375,42314,0.0,0.0
2016-01-05 00:00:00+09:00,14204.539205690982,14372.144388059018,14162.637910098972,14288.341796875,17798,0.0,0.0
2016-01-06 00:00:00+09:00,14414.044097723989,14497.8466796875,14120.735060851697,14497.8466796875,43182,0.0,0.0
2016-01-07 00:00:00+09:00,14455.947545442335,14623.552734375,14246.441059276505,14623.552734375,17203,0.0,0.0
2016-01-08 00:00:00+09:00,14539.747816928597,14623.550398005995,14204.537492619003,14414.0439453125,25333,0.0,0.0
2016-01-11 00:00:00+09:00,14414.0439453125,14539.747816928597,14288.340073696401,14414.0439453125,21604,0.0,0.0
2016-01-12 00:00:00+09:00,14497.8464490707,14539.747739385934,14246.4387071793,14372.142578125,19180,0.0,0.0
2016-01-13 00:00:00+09:00,14372.142654773801,14455.945235851199,14204.537492619003,14414.0439453125,15748,0.0,0.0
2016-01-14 00:00:00+09:00,14455.945235851199,14455.945235851199,14246.438783157702,14414.0439453125,13735,0.0,0.0
2016-01-15 00:00:00+09:00,14455.946906594669,14455.946906594669,14204.539134306066,14246.4404296875,11608,0.0,0.0
2016-01-18 00:00:00+09:00,14162.637910098972,14330.243092467008,14078.835318914957,14288.341796875,6077,0.0,0.0
2016-01-19 00:00:00+09:00,14246.439459097859,14246.439459097859,13701.72265625,13701.72265625,32879,0.0,0.0
2016-01-20 00:00:00+09:00,13617.919996764762,13785.525165955713,13366.512242978335,13659.8212890625,23815,0.0,0.0
2016-01-21 00:00:00+09:00,13576.018484933034,14078.833984375,13408.41331845238,14078.833984375,13328,0.0,0.0
2016-01-22 00:00:00+09:00,13995.033273087687,14204.539759211753,13743.625489738806,14036.9345703125,14423,0.0,0.0
2016-01-25 00:00:00+09:00,14036.933072718179,14036.933072718179,13659.821437928735,13743.6240234375,11608,0.0,0.0
2016-01-26 00:00:00+09:00,13743.6240234375,13953.130487209413,13576.01885241997,13743.6240234375,7053,0.0,0.0
2016-01-27 00:00:00+09:00,13659.822963169643,13743.625558035716,13492.2177734375,13492.2177734375,8261,0.0,0.0
2016-01-28 00:00:00+09:00,13366.512768554689,13701.723120117187,13157.006298828126,13408.4140625,22791,0.0,0.0
2016-01-29 00:00:00+09:00,13366.51090038454,13659.819917007399,13157.00445993964,13450.3134765625,21130,0.0,0.0
2016-02-01 00:00:00+09:00,13701.722581360238,13701.722581360238,13282.70965838286,13659.8212890625,9757,0.0,0.0
2016-02-02 00:00:00+09:00,13576.019142978163,13911.2294921875,13534.117849326996,13911.2294921875,10750,0.0,0.0
2016-02-03 00:00:00+09:00,13869.329030539773,13911.230326704546,13534.118661221592,13827.427734375,6096,0.0,0.0
2016-02-04 00:00:00+09:00,13659.821730280497,13953.130785838668,13617.92043662933,13911.2294921875,3667,0.0,0.0
2016-02-05 00:00:00+09:00,13743.625421032935,14036.934500140345,13743.625421032935,13995.033203125,3416,0.0,0.0
2016-02-11 00:00:00+09:00,13869.32859519676,13911.229890046296,13576.01953125,13576.01953125,7005,0.0,0.0
2016-02-12 00:00:00+09:00,13450.317180129716,13659.823678262577,12947.501584610849,13324.61328125,14859,0.0,0.0
2016-02-15 00:00:00+09:00,13324.611401596787,13701.723045038205,13198.907520449648,13366.5126953125,7108,0.0,0.0
2016-02-16 00:00:00+09:00,13366.511858258928,13617.919604809253,12737.992491883117,12905.59765625,48804,0.0,0.0
2016-02-17 00:00:00+09:00,12989.3995705629,13073.2021484375,12779.893125876402,13073.2021484375,14303,0.0,0.0
2016-02-18 00:00:00+09:00,12947.499396646099,13240.80844446656,12863.696811554539,13157.005859375,8666,0.0,0.0
2016-02-19 00:00:00+09:00,13157.00511386041,13450.31414506112,12905.597372831231,13282.708984375,9253,0.0,0.0
2016-02-22 00:00:00+09:00,13240.807036117601,13534.116052740459,13031.300595672701,13450.3134765625,4902,0.0,0.0
2016-02-23 00:00:00+09:00,13324.611762152777,13743.624710648148,13240.809172453703,13576.01953125,6469,0.0,0.0
2016-02-24 00:00:00+09:00,13408.412459935898,13450.313748873197,13073.2021484375,13073.2021484375,17018,0.0,0.0
2016-02-25 00:00:00+09:00,13157.006226733934,13450.315282743926,13031.302345586795,13366.5126953125,7278,0.0,0.0
2016-02-26 00:00:00+09:00,13366.513128004808,13617.9208984375,12989.40147235577,13617.9208984375,6504,0.0,0.0
2016-02-29 00:00:00+09:00,13911.22919445503,13911.22919445503,13534.117559665588,13743.6240234375,2259,0.0,0.0
2016-03-02 00:00:00+09:00,13911.229890046296,13911.229890046296,13366.513057002314,13576.01953125,15770,0.0,0.0
2016-03-03 00:00:00+09:00,13408.413765822785,13492.216351859177,13157.006007713608,13240.80859375,7904,0.0,0.0
2016-03-04 00:00:00+09:00,13492.216351859177,13492.216351859177,12947.499542622627,13240.80859375,8049,0.0,0.0
2016-03-07 00:00:00+09:00,13157.006546118952,13408.414314516129,12947.500072454637,12989.4013671875,12170,0.0,0.0
2016-03-08 00:00:00+09:00,12821.796188256048,13115.105251386089,12821.796188256048,12989.4013671875,1947,0.0,0.0
2016-03-09 00:00:00+09:00,12989.3995705629,13073.2021484375,12779.893125876402,13073.2021484375,2269,0.0,0.0
2016-03-10 00:00:00+09:00,12863.697482988911,13073.203956653226,12863.697482988911,12989.4013671875,3352,0.0,0.0
2016-03-11 00:00:00+09:00,12905.598777721774,13073.203956653226,12863.697482988911,12989.4013671875,2707,0.0,0.0
2016-03-14 00:00:00+09:00,13198.906693892044,13198.906693892044,12779.893782974837,12905.59765625,2437,0.0,0.0
2016-03-15 00:00:00+09:00,12737.99525122549,12863.699151731005,12570.39005055147,12821.7978515625,7107,0.0,0.0
2016-03-16 00:00:00+09:00,12821.795750668174,12821.795750668174,12570.387990851152,12737.9931640625,8227,0.0,0.0
2016-03-17 00:00:00+09:00,12821.7978515625,12821.7978515625,12654.19265088848,12821.7978515625,4293,0.0,0.0
2016-03-18 00:00:00+09:00,12779.896551393995,12821.7978515625,12570.39005055147,12821.7978515625,3569,0.0,0.0
2016-03-21 00:00:00+09:00,12821.7978515625,12863.699151731005,12696.093951056984,12821.7978515625,5789,0.0,0.0
2016-03-22 00:00:00+09:00,12905.598849477492,13115.10532430667,12863.697554511655,13031.302734375,9108,0.0,0.0
2016-03-23 00:00:00+09:00,13031.302661920363,13073.203956653226,12905.598777721774,12989.4013671875,6867,0.0,0.0
2016-03-24 00:00:00+09:00,12989.4013671875,13073.203956653226,12947.500072454637,12989.4013671875,3656,0.0,0.0
2016-03-25 00:00:00+09:00,13073.203199880192,13115.1044921875,12779.894153729034,13115.1044921875,3772,0.0,0.0
2016-03-28 00:00:00+09:00,13198.907076802117,13240.808369109425,13031.301907572884,13115.1044921875,11159,0.0,0.0
2016-03-29 00:00:00+09:00,13073.204029340835,13198.907914238343,12779.894964579984,13031.302734375,6854,0.0,0.0
2016-03-30 00:00:00+09:00,12947.499469866072,13240.808519345239,12947.499469866072,13198.9072265625,6485,0.0,0.0
2016-03-31 00:00:00+09:00,13073.20333936738,13827.426608946265,13073.20333936738,13743.6240234375,18758,0.0,0.0
2016-04-01 00:00:00+09:00,13827.426533830276,13911.229118883792,13617.920071196484,13701.72265625,11935,0.0,0.0
2016-04-04 00:00:00+09:00,13785.526438210227,13869.329030539773,13701.723845880682,13827.427734375,3480,0.0,0.0
2016-04-05 00:00:00+09:00,13827.428015063624,13995.033203125,13743.625421032935,13995.033203125,11080,0.0,0.0
2016-04-06 00:00:00+09:00,13995.031476029302,14162.636643406899,13827.426308651706,14120.7353515625,11477,0.0,0.0
2016-04-07 00:00:00+09:00,13869.32863061668,14162.6376953125,13785.526040703588,14162.6376953125,12922,0.0,0.0
2016-04-08 00:00:00+09:00,13911.229963942307,13953.131259014423,13576.019603365385,13617.9208984375,15879,0.0,0.0
2016-04-11 00:00:00+09:00,13617.921253551136,13827.427734375,13492.217365056818,13827.427734375,8232,0.0,0.0
2016-04-12 00:00:00+09:00,13576.018704467024,13785.525165955713,13534.117412169287,13659.8212890625,22171,0.0,0.0
2016-04-14 00:00:00+09:00,13617.920826099536,13785.526005497684,13492.216941550925,13576.01953125,8848,0.0,0.0
2016-04-15 00:00:00+09:00,13576.019142978163,13953.130785838668,13576.019142978163,13911.2294921875,14489,0.0,0.0
2016-04-18 00:00:00+09:00,13869.329450334822,13869.329450334822,13324.612583705359,13492.2177734375,31359,0.0,0.0
2016-04-19 00:00:00+09:00,13534.119779382861,13995.034075275156,13324.61328125,13324.61328125,15099,0.0,0.0
2016-04-20 00:00:00+09:00,13534.116725404181,13534.116725404181,13157.00511386041,13282.708984375,14327,0.0,0.0
2016-04-21 00:00:00+09:00,13324.611104910715,13324.611104910715,13115.104640997024,13198.9072265625,13913,0.0,0.0
2016-04-22 00:00:00+09:00,13198.905748028621,13534.116052740459,13157.00445993964,13450.3134765625,4694,0.0,0.0
2016-04-25 00:00:00+09:00,13492.218479756288,13492.218479756288,13198.909382370282,13324.61328125,11595,0.0,0.0
2016-04-26 00:00:00+09:00,13366.5126953125,13450.315282743926,13324.611401596787,13366.5126953125,7340,0.0,0.0
2016-04-27 00:00:00+09:00,13366.511564718061,13408.41285488959,13157.00511386041,13282.708984375,12429,0.0,0.0
2016-04-28 00:00:00+09:00,13157.006619272508,13408.414389067524,12947.500144443327,13031.302734375,24303,0.0,0.0
2016-04-29 00:00:00+09:00,13157.005784494808,13576.018707567891,12947.499322958267,13115.1044921875,17828,0.0,0.0
2016-05-02 00:00:00+09:00,13031.301907572884,13282.709661416733,13031.301907572884,13115.1044921875,6015,0.0,0.0
2016-05-03 00:00:00+09:00,12989.4013671875,13115.105251386089,12947.500072454637,12989.4013671875,10445,0.0,0.0
2016-05-04 00:00:00+09:00,12821.794532547758,12905.59711119186,12528.485507293397,12612.2880859375,14341,0.0,0.0
2016-05-09 00:00:00+09:00,12570.388793945312,12737.993977864584,11983.770650227865,12067.5732421875,20485,0.0,0.0
2016-05-10 00:00:00+09:00,11941.867456784676,12821.794532547758,11941.867456784676,12612.2880859375,13911,0.0,0.0
2016-05-11 00:00:00+09:00,12612.288987630209,12863.696741536458,12486.585110677082,12570.3876953125,5366,0.0,0.0
2016-05-12 00:00:00+09:00,12486.58571901483,12654.190896451271,12235.17795286017,12360.8818359375,4801,0.0,0.0
2016-05-13 00:00:00+09:00,12612.288987630209,12654.190279947916,12360.881233723958,12570.3876953125,5853,0.0,0.0
2016-05-16 00:00:00+09:00,12235.177283653846,12570.387620192309,12235.177283653846,12528.486328125,5281,0.0,0.0
2016-05-17 00:00:00+09:00,12402.781996587031,12570.387158703072,12151.374253412969,12277.078125,18919,0.0,0.0
2016-05-18 00:00:00+09:00,12402.783610026043,12444.68490600586,12025.671946207684,12067.5732421875,7879,0.0,0.0
2016-05-19 00:00:00+09:00,12318.981018066406,12360.882314046225,11899.96805826823,12067.5732421875,7860,0.0,0.0
2016-05-20 00:00:00+09:00,11983.768316585689,12235.176043507066,11732.360589664311,11858.064453125,18314,0.0,0.0
2016-05-23 00:00:00+09:00,11983.770068359376,11983.770068359376,11648.559716796875,11732.3623046875,13547,0.0,0.0
2016-05-24 00:00:00+09:00,11732.361545138889,11732.361545138889,11271.44734157986,11313.3486328125,18584,0.0,0.0
2016-05-25 00:00:00+09:00,11397.15248631387,11522.856374030565,11397.15248631387,11480.955078125,10168,0.0,0.0
2016-05-26 00:00:00+09:00,11480.953797743055,11606.657671440971,11313.3486328125,11313.3486328125,10505,0.0,0.0
2016-05-27 00:00:00+09:00,11187.645796096633,11355.2509765625,11145.744500980167,11355.2509765625,18145,0.0,0.0
2016-05-30 00:00:00+09:00,11564.75766993613,11606.658965841698,11355.251190408304,11480.955078125,41272,0.0,0.0
2016-05-31 00:00:00+09:00,11564.75759787088,11564.75759787088,11355.251119648581,11439.0537109375,34119,0.0,0.0
2016-06-01 00:00:00+09:00,11858.064964321977,11858.064964321977,11480.953357682762,11606.6572265625,28261,0.0,0.0
2016-06-02 00:00:00+09:00,11732.362377669038,11774.263671875,11606.658495051157,11774.263671875,18920,0.0,0.0
2016-06-03 00:00:00+09:00,11606.659037642046,11732.362926136364,11397.152556818182,11522.8564453125,26531,0.0,0.0
2016-06-07 00:00:00+09:00,11522.8564453125,11690.46162997159,11439.053852982956,11522.8564453125,13606,0.0,0.0
2016-06-08 00:00:00+09:00,11355.251190408304,11648.560261747263,11355.251190408304,11480.955078125,17290,0.0,0.0
2016-06-09 00:00:00+09:00,11522.856302226419,11648.560189159798,11355.251119648581,11439.0537109375,22865,0.0,0.0
2016-06-10 00:00:00+09:00,11439.051991338314,11648.558438066122,11397.150701992754,11564.755859375,31390,0.0,0.0
2016-06-13 00:00:00+09:00,11690.461484804258,11732.362780448719,11271.44852835966,11439.0537109375,21237,0.0,0.0
2016-06-14 00:00:00+09:00,11313.34812330163,11606.657148720562,11313.34812330163,11564.755859375,21382,0.0,0.0
2016-06-15 00:00:00+09:00,11564.757229477611,11564.757229477611,11145.744286380597,11229.546875,20005,0.0,0.0
2016-06-16 00:00:00+09:00,11145.743467881945,11439.052506510416,11145.743467881945,11313.3486328125,9818,0.0,0.0
2016-06-17 00:00:00+09:00,11355.251119648581,11480.95500658196,11313.34982400412,11439.0537109375,9936,0.0,0.0
2016-06-20 00:00:00+09:00,11480.95500658196,11606.65889351534,11355.251119648581,11439.0537109375,14360,0.0,0.0
2016-06-21 00:00:00+09:00,11480.954861911901,11522.856157028367,11313.349681446034,11355.2509765625,5022,0.0,0.0
2016-06-22 00:00:00+09:00,11397.15241529304,11522.856302226419,11271.44852835966,11439.0537109375,10766,0.0,0.0
2016-06-23 00:00:00+09:00,11480.954934512867,11480.954934512867,11271.448457605698,11397.15234375,4694,0.0,0.0
2016-06-24 00:00:00+09:00,11439.053608739097,11439.053608739097,10391.521226986433,10810.5341796875,43171,0.0,0.0
2016-06-27 00:00:00+09:00,10014.409569555473,10810.5341796875,10014.409569555473,10810.5341796875,28518,0.0,0.0
2016-06-28 00:00:00+09:00,10810.534251327219,10894.33684242278,10684.83036468388,10852.435546875,9965,0.0,0.0
2016-06-29 00:00:00+09:00,10978.139718987642,11103.843608899715,10852.43582907557,11020.041015625,7047,0.0,0.0
2016-06-30 00:00:00+09:00,11020.041015625,11145.744905537073,10894.337125712927,11020.041015625,8087,0.0,0.0
2016-07-01 00:00:00+09:00,10936.23759949882,11187.64536040684,10936.23759949882,11103.8427734375,24197,0.0,0.0
2016-07-04 00:00:00+09:00,11020.03856514289,11355.248863702369,11020.03856514289,11271.4462890625,22851,0.0,0.0
2016-07-05 00:00:00+09:00,11271.448598597171,11564.75766993613,11271.448598597171,11480.955078125,39345,0.0,0.0
2016-07-06 00:00:00+09:00,11480.953357682762,11648.55851618908,11397.150778429603,11606.6572265625,43234,0.0,0.0
2016-07-07 00:00:00+09:00,11564.758561084494,12067.574150696864,11564.758561084494,12025.6728515625,81235,0.0,0.0
2016-07-08 00:00:00+09:00,12067.571672354949,12360.88070605802,11983.769091296928,12277.078125,58242,0.0,0.0
2016-07-11 00:00:00+09:00,12277.079865975216,12318.981162446122,12109.474680091596,12151.3759765625,18665,0.0,0.0
2016-07-12 00:00:00+09:00,12067.57089222615,12109.472180046378,11732.360589664311,11858.064453125,25215,0.0,0.0
2016-07-13 00:00:00+09:00,11816.165297564337,11899.967888327206,11103.843276079962,11397.15234375,117663,0.0,0.0
2016-07-14 00:00:00+09:00,11606.659037642046,11648.560333806818,11229.547372159092,11522.8564453125,42134,0.0,0.0
2016-07-15 00:00:00+09:00,11564.75802251344,11774.26450842854,11522.85672533042,11690.4619140625,27035,0.0,0.0
2016-07-18 00:00:00+09:00,11690.459805815659,11732.361095442238,11397.150778429603,11606.6572265625,31342,0.0,0.0
2016-07-19 00:00:00+09:00,11480.953357682762,11690.459805815659,11480.953357682762,11606.6572265625,14976,0.0,0.0
2016-07-20 00:00:00+09:00,11648.5595703125,11774.26345056767,11439.053103220549,11648.5595703125,27582,0.0,0.0
2016-07-21 00:00:00+09:00,11732.363690996503,12109.475381064249,11732.363690996503,11983.771484375,41106,0.0,0.0
2016-07-22 00:00:00+09:00,11983.770363391286,12151.375543298856,11899.9677734375,11899.9677734375,25223,0.0,0.0
2016-07-25 00:00:00+09:00,12151.375543298856,12151.375543298856,11774.263888506823,11899.9677734375,20427,0.0,0.0
2016-07-26 00:00:00+09:00,11899.96762799202,11941.86892245678,11690.461155668218,11816.1650390625,40773,0.0,0.0
2016-07-27 00:00:00+09:00,11732.362450132978,11899.96762799202,11648.559861203457,11816.1650390625,22133,0.0,0.0
2016-07-28 00:00:00+09:00,11899.964925986842,12025.668780838816,11816.162356085526,11941.8662109375,33121,0.0,0.0
2016-07-29 00:00:00+09:00,12025.672783271417,12109.475381064249,11816.166288789336,11983.771484375,14387,0.0,0.0
2016-08-01 00:00:00+09:00,11941.870185478583,12025.672783271417,11816.166288789336,11983.771484375,23484,0.0,0.0
2016-08-02 00:00:00+09:00,11858.063641036184,11983.767495888158,11606.655931332238,11941.8662109375,25702,0.0,0.0
2016-08-03 00:00:00+09:00,11899.96805826823,12193.277130126953,11648.560282389324,12067.5732421875,37957,0.0,0.0
2016-08-04 00:00:00+09:00,12235.17756131329,13450.31505884098,12193.276268295094,13240.80859375,336483,0.0,0.0
2016-08-05 00:00:00+09:00,13240.807694203471,13911.22833694795,13031.30124334582,13282.708984375,176171,0.0,0.0
2016-08-08 00:00:00+09:00,13450.31498325893,13450.31498325893,13115.104640997024,13198.9072265625,56709,0.0,0.0
2016-08-09 00:00:00+09:00,13282.708593123998,13282.708593123998,12737.991836939103,13073.2021484375,94774,0.0,0.0
2016-08-10 00:00:00+09:00,13073.204799107143,13827.428152901786,12863.698311941966,13492.2177734375,101490,0.0,0.0
2016-08-11 00:00:00+09:00,13534.1181640625,13827.427226441563,13324.611690934596,13534.1181640625,69615,0.0,0.0
2016-08-12 00:00:00+09:00,13617.920145174352,13743.6240234375,13408.41368140244,13743.6240234375,70103,0.0,0.0
2016-08-16 00:00:00+09:00,13827.42730034722,13869.32859519676,13408.41435185185,13576.01953125,39738,0.0,0.0
2016-08-17 00:00:00+09:00,13534.118236400462,13659.822120949073,12947.500108506943,13576.01953125,102498,0.0,0.0
2016-08-18 00:00:00+09:00,13785.525611234,14162.637254094503,13408.413968373494,13911.2294921875,124429,0.0,0.0
2016-08-19 00:00:00+09:00,13995.03101987349,14036.932310352153,13659.820696044186,13869.3271484375,45678,0.0,0.0
2016-08-22 00:00:00+09:00,13995.031627444401,13995.031627444401,13366.512242978335,13659.8212890625,48186,0.0,0.0
2016-08-23 00:00:00+09:00,13701.724192513993,14120.737164762128,13450.316409165112,14036.9345703125,71268,0.0,0.0
2016-08-24 00:00:00+09:00,14036.933373141002,14162.637254094503,13492.216555675828,13911.2294921875,52035,0.0,0.0
2016-08-25 00:00:00+09:00,13995.03291903409,14036.934215198864,13576.019957386365,13827.427734375,31948,0.0,0.0
2016-08-26 00:00:00+09:00,13659.820544025457,14036.932154136588,13659.820544025457,13785.5244140625,25533,0.0,0.0
2016-08-29 00:00:00+09:00,13785.526078725961,13827.427373798077,13492.217013221154,13617.9208984375,34653,0.0,0.0
2016-08-30 00:00:00+09:00,13576.019458688079,13743.624637190402,13450.315574811339,13534.1181640625,36589,0.0,0.0
2016-08-31 00:00:00+09:00,13534.119779382861,13534.119779382861,13031.304183863993,13324.61328125,47881,0.0,0.0
2016-09-01 00:00:00+09:00,13366.512397693454,13366.512397693454,13073.203348214287,13198.9072265625,10158,0.0,0.0
2016-09-02 00:00:00+09:00,13198.907807057856,13576.019458688079,12947.500039304372,13534.1181640625,24638,0.0,0.0
2016-09-05 00:00:00+09:00,13408.414423076923,13617.9208984375,13408.414423076923,13617.9208984375,19228,0.0,0.0
2016-09-06 00:00:00+09:00,13534.118236400462,13659.822120949073,13408.41435185185,13576.01953125,18387,0.0,0.0
2016-09-07 00:00:00+09:00,13576.020368303572,13659.822963169643,13450.316476004466,13492.2177734375,23844,0.0,0.0
2016-09-08 00:00:00+09:00,13576.018778669724,13701.72265625,13198.907145928899,13701.72265625,36531,0.0,0.0
2016-09-09 00:00:00+09:00,13743.623948776758,13743.623948776758,13534.117486142966,13701.72265625,21721,0.0,0.0
2016-09-12 00:00:00+09:00,13157.005787760416,13366.512249348958,12277.078649088542,12570.3876953125,103484,0.0,0.0
2016-09-13 00:00:00+09:00,12654.19265088848,12989.40305223652,12654.19265088848,12821.7978515625,24231,0.0,0.0
2016-09-19 00:00:00+09:00,12821.794414813701,13324.609882061299,12654.189259064504,13073.2021484375,26829,0.0,0.0
2016-09-20 00:00:00+09:00,13157.00808274371,13366.514580876572,13157.00808274371,13324.61328125,17034,0.0,0.0
2016-09-21 00:00:00+09:00,13157.00808274371,13408.415880503144,13031.304183863993,13324.61328125,24641,0.0,0.0
2016-09-22 00:00:00+09:00,13324.611474609375,13534.117944335938,13240.80888671875,13408.4140625,37422,0.0,0.0
2016-09-23 00:00:00+09:00,13534.117492287023,13534.117492287023,13073.20327428344,13157.005859375,16907,0.0,0.0
2016-09-26 00:00:00+09:00,13366.512793923046,13366.512793923046,12779.894677575325,12863.697265625,15473,0.0,0.0
2016-09-27 00:00:00+09:00,12905.598411885247,12947.499705430328,12696.091944159836,12779.89453125,17802,0.0,0.0
2016-09-28 00:00:00+09:00,12779.89429873512,13282.709812127978,12779.89429873512,13198.9072265625,42464,0.0,0.0
2016-09-29 00:00:00+09:00,13282.709886768196,13282.709886768196,13031.30212865902,13240.80859375,7784,0.0,0.0
2016-09-30 00:00:00+09:00,13240.808369109425,13240.808369109425,12905.59803065096,13115.1044921875,19690,0.0,0.0
2016-10-04 00:00:00+09:00,13115.105251386089,13282.71043031754,12863.697482988911,12989.4013671875,12676,0.0,0.0
2016-10-05 00:00:00+09:00,12905.599182533113,12989.401774627484,12528.487518108444,12654.19140625,29925,0.0,0.0
2016-10-06 00:00:00+09:00,12779.89453125,12821.795824795083,12612.289357069672,12779.89453125,6418,0.0,0.0
2016-10-07 00:00:00+09:00,12654.190279947916,12696.091572265625,12151.374772135416,12570.3876953125,51552,0.0,0.0
2016-10-10 00:00:00+09:00,12360.882052223154,12570.388527684565,12277.079462038591,12486.5859375,6721,0.0,0.0
2016-10-11 00:00:00+09:00,12486.586348329742,12486.586348329742,11983.77079067888,12151.3759765625,23524,0.0,0.0
2016-10-12 00:00:00+09:00,12109.47318742082,12486.584809174408,11941.868022197,12402.7822265625,8717,0.0,0.0
2016-10-13 00:00:00+09:00,12360.88070605802,12402.781996587031,12025.670381825938,12277.078125,17551,0.0,0.0
2016-10-14 00:00:00+09:00,12151.37359927399,12528.485193734217,12151.37359927399,12444.6826171875,10769,0.0,0.0
2016-10-17 00:00:00+09:00,12444.684127335697,12444.684127335697,12193.2763671875,12193.2763671875,7254,0.0,0.0
2016-10-18 00:00:00+09:00,12067.571896114865,12402.7822265625,12025.67060480891,12402.7822265625,9143,0.0,0.0
2016-10-19 00:00:00+09:00,12402.784653465347,12696.09375,12193.278155940594,12696.09375,12820,0.0,0.0
2016-10-20 00:00:00+09:00,12696.09375,12821.797648514852,12360.883353960397,12696.09375,15367,0.0,0.0
2016-10-21 00:00:00+09:00,12696.091572265625,12696.091572265625,12360.881233723958,12570.3876953125,14459,0.0,0.0
2016-10-24 00:00:00+09:00,12570.388814155629,12821.796590438742,12402.783629966889,12654.19140625,8075,0.0,0.0
2016-10-25 00:00:00+09:00,12737.9931640625,12863.697043971011,12444.68411094264,12737.9931640625,8854,0.0,0.0
2016-10-26 00:00:00+09:00,12737.9931640625,12779.894457365337,12318.98023103413,12737.9931640625,6783,0.0,0.0
2016-10-27 00:00:00+09:00,12528.486769979509,12821.795824795083,12528.486769979509,12779.89453125,4863,0.0,0.0
2016-10-28 00:00:00+09:00,12863.697886485928,12863.697886485928,12402.783629966889,12654.19140625,6538,0.0,0.0
2016-10-31 00:00:00+09:00,12528.486328125,12654.190204326924,12277.078575721154,12528.486328125,5681,0.0,0.0
2016-11-01 00:00:00+09:00,12318.982054455446,12696.09375,12318.982054455446,12696.09375,5624,0.0,0.0
2016-11-02 00:00:00+09:00,12696.093122209822,12696.093122209822,12067.573660714286,12318.9814453125,8957,0.0,0.0
2016-11-03 00:00:00+09:00,12318.979643950592,12528.486100480362,12277.078352644636,12402.7822265625,2851,0.0,0.0
2016-11-04 00:00:00+09:00,12486.583905460859,12486.583905460859,12277.077464094065,12444.6826171875,2152,0.0,0.0
2016-11-07 00:00:00+09:00,12235.177283653846,12528.486328125,12235.177283653846,12528.486328125,2583,0.0,0.0
2016-11-08 00:00:00+09:00,12486.5859375,12528.487232592282,12277.079462038591,12486.5859375,5028,0.0,0.0
2016-11-09 00:00:00+09:00,12528.486561283522,12570.387854130624,11732.361997188582,12109.4736328125,11591,0.0,0.0
2016-11-10 00:00:00+09:00,12151.374478726773,12486.584809174408,12151.374478726773,12402.7822265625,7819,0.0,0.0
2016-11-11 00:00:00+09:00,12486.583905460859,12486.583905460859,12277.077464094065,12444.6826171875,1413,0.0,0.0
2016-11-14 00:00:00+09:00,12444.684424655721,12528.48701337394,12318.98054157839,12360.8818359375,2824,0.0,0.0
2016-11-15 00:00:00+09:00,12486.58745021446,13198.909553079044,12486.58745021446,12821.7978515625,33843,0.0,0.0
2016-11-16 00:00:00+09:00,12737.993237704919,12947.499705430328,12570.388063524591,12779.89453125,14707,0.0,0.0
2016-11-17 00:00:00+09:00,12779.894677575325,12863.697265625,12612.289501475976,12863.697265625,5222,0.0,0.0
2016-11-18 00:00:00+09:00,12863.697043971011,12863.697043971011,12486.585404245478,12737.9931640625,6551,0.0,0.0
2016-11-21 00:00:00+09:00,12696.091572265625,12696.091572265625,12402.782526041667,12570.3876953125,6104,0.0,0.0
2016-11-22 00:00:00+09:00,12402.781639327242,12654.189375259552,12402.781639327242,12612.2880859375,3270,0.0,0.0
2016-11-23 00:00:00+09:00,12570.388527684565,12654.191117869128,12235.178166946309,12486.5859375,5008,0.0,0.0
2016-11-24 00:00:00+09:00,12570.386482007574,12612.287770280933,12235.176175820707,12444.6826171875,2741,0.0,0.0
2016-11-25 00:00:00+09:00,12360.8818359375,12444.684424655721,12235.17795286017,12360.8818359375,3017,0.0,0.0
2016-11-28 00:00:00+09:00,12277.077464094065,12612.287770280933,12277.077464094065,12444.6826171875,4454,0.0,0.0
2016-11-29 00:00:00+09:00,12402.782451923078,12696.09149639423,12318.979867788463,12528.486328125,4306,0.0,0.0
2016-11-30 00:00:00+09:00,12486.586635044643,12612.29052734375,12277.080147879466,12318.9814453125,4282,0.0,0.0
2016-12-01 00:00:00+09:00,12360.880935256546,12486.584809174408,12235.177061338682,12402.7822265625,6646,0.0,0.0
2016-12-02 00:00:00+09:00,12360.882052223154,12570.388527684565,12318.980757130874,12486.5859375,5767,0.0,0.0
2016-12-05 00:00:00+09:00,12402.78313029661,12486.58571901483,12318.98054157839,12360.8818359375,3674,0.0,0.0
2016-12-06 00:00:00+09:00,12360.8818359375,12528.48701337394,12318.98054157839,12360.8818359375,4320,0.0,0.0
2016-12-07 00:00:00+09:00,12528.485507293397,12654.189375259552,12402.781639327242,12612.2880859375,10176,0.0,0.0
2016-12-08 00:00:00+09:00,12863.699151731005,12863.699151731005,12528.488750382965,12821.7978515625,13098,0.0,0.0
2016-12-09 00:00:00+09:00,12905.598249604429,13324.611179786392,12821.795663568037,13240.80859375,35651,0.0,0.0
2016-12-12 00:00:00+09:00,13366.511564718061,13366.511564718061,13073.202533517351,13282.708984375,10133,0.0,0.0
2016-12-13 00:00:00+09:00,13366.51224603135,13366.51224603135,13031.301907572884,13115.1044921875,13824,0.0,0.0
2016-12-14 00:00:00+09:00,13031.30124334582,13324.61027454653,13031.30124334582,13282.708984375,8596,0.0,0.0
2016-12-15 00:00:00+09:00,13198.907300731804,13282.709886768196,13031.30212865902,13240.80859375,10279,0.0,0.0
2016-12-16 00:00:00+09:00,13282.708593123998,13282.708593123998,13031.300859500201,13073.2021484375,11900,0.0,0.0
2016-12-19 00:00:00+09:00,13198.90640403194,13366.511564718061,13115.10382368888,13282.708984375,11054,0.0,0.0
2016-12-20 00:00:00+09:00,13366.513057002314,13617.920826099536,13198.907877604166,13576.01953125,17775,0.0,0.0
2016-12-21 00:00:00+09:00,13701.722359793526,14246.439150855655,13617.919776553199,14078.833984375,81481,0.0,0.0
2016-12-22 00:00:00+09:00,14078.834288990825,14078.834288990825,13701.72265625,13701.72265625,27942,0.0,0.0
2016-12-23 00:00:00+09:00,13701.721834037804,14162.636024173633,13701.721834037804,13785.5244140625,32256,0.0,0.0
2016-12-26 00:00:00+09:00,13785.526078725961,13995.032554086538,13576.019603365385,13617.9208984375,16818,0.0,0.0
2016-12-27 00:00:00+09:00,13492.216193616208,14078.834288990825,13492.216193616208,13701.72265625,16710,0.0,0.0
2016-12-28 00:00:00+09:00,13957.830300071022,14299.306270714962,13872.461307410038,14085.8837890625,11708,300.0,0.0
2016-12-29 00:00:00+09:00,14043.198844932307,14427.3592996569,13659.038390207716,14384.6748046875,9733,0.0,0.0
2017-01-02 00:00:00+09:00,14341.991568914955,14683.467558651026,14128.569075329911,14555.4140625,42772,0.0,0.0
2017-01-03 00:00:00+09:00,14726.151293377545,14811.52028638263,14384.675321357196,14683.466796875,26682,0.0,0.0
2017-01-04 00:00:00+09:00,14768.83511247306,14939.573090651938,14299.305672481141,14854.2041015625,34550,0.0,0.0
2017-01-05 00:00:00+09:00,14854.206963706773,14982.26047201459,14683.468952629684,14811.5224609375,12188,0.0,0.0
2017-01-06 00:00:00+09:00,14939.573850769928,14939.573850769928,14470.044386888587,14726.1513671875,14270,0.0,0.0
2017-01-09 00:00:00+09:00,15024.94186452514,15281.048828125,14726.15040699197,15281.048828125,26166,0.0,0.0
2017-01-10 00:00:00+09:00,15451.788611339547,15451.788611339547,14598.0986328125,14598.0986328125,25441,0.0,0.0
2017-01-11 00:00:00+09:00,14512.728365384615,14768.835336538461,14341.990384615385,14427.359375,17893,0.0,0.0
2017-01-12 00:00:00+09:00,14427.358782798834,14768.8347303207,14299.305302478133,14640.78125,16840,0.0,0.0
2017-01-13 00:00:00+09:00,14683.465431415929,14854.203401548673,14427.358476216814,14470.04296875,9406,0.0,0.0
2017-01-16 00:00:00+09:00,14384.674576627995,14555.412553798653,14000.514127994013,14256.62109375,13615,0.0,0.0
2017-01-17 00:00:00+09:00,14043.198395605174,14427.358838038142,14043.198395605174,14128.5673828125,1946,0.0,0.0
2017-01-18 00:00:00+09:00,14256.62139423077,14427.359375,14043.19891826923,14427.359375,10002,0.0,0.0
2017-01-19 00:00:00+09:00,14427.359375,14683.466346153846,14213.936899038461,14427.359375,11230,0.0,0.0
2017-01-20 00:00:00+09:00,14384.675413568337,14427.359910344503,14000.514942582831,14171.2529296875,14646,0.0,0.0
2017-01-23 00:00:00+09:00,14085.882889208837,14256.62086362349,14043.198395605174,14128.5673828125,1735,0.0,0.0
2017-01-24 00:00:00+09:00,14043.198395605174,14128.5673828125,13701.72244677587,14128.5673828125,17043,0.0,0.0
2017-01-25 00:00:00+09:00,13915.14509161734,15323.7333984375,13915.14509161734,15323.7333984375,79676,0.0,0.0
2017-01-26 00:00:00+09:00,15281.049581866197,15366.418573943662,14939.573613556338,15152.99609375,25637,0.0,0.0
2017-01-31 00:00:00+09:00,15152.995944360835,15195.680439978752,14811.519979417491,15067.626953125,15287,0.0,0.0
2017-02-01 00:00:00+09:00,14939.572527108949,15793.262385800888,14896.888034174352,15622.5244140625,26855,0.0,0.0
2017-02-02 00:00:00+09:00,15537.155791724861,15622.524779591482,15238.36433419169,15281.048828125,18728,0.0,0.0
2017-02-03 00:00:00+09:00,15195.67984025838,15494.471297791551,14939.57287665852,15281.048828125,10769,0.0,0.0
2017-02-06 00:00:00+09:00,15409.102025502385,15793.262463811308,15110.310573484334,15665.208984375,41876,0.0,0.0
2017-02-07 00:00:00+09:00,15707.893631436315,15921.316099254744,15579.840150745258,15750.578125,25059,0.0,0.0
2017-02-08 00:00:00+09:00,15750.577970665872,15835.946956956745,15494.471011793257,15665.208984375,13047,0.0,0.0
2017-02-09 00:00:00+09:00,15622.52410113087,15707.893085290054,15323.732656573722,15451.7861328125,7396,0.0,0.0
2017-02-10 00:00:00+09:00,15579.840363313893,15579.840363313893,15110.310927707173,15323.7333984375,18161,0.0,0.0
2017-02-13 00:00:00+09:00,15494.471375021762,15494.471375021762,15067.626433561107,15323.7333984375,9098,0.0,0.0
2017-02-14 00:00:00+09:00,15195.679708672087,15835.947112127371,15110.310721544716,15750.578125,35328,0.0,0.0
2017-02-15 00:00:00+09:00,15750.579027258833,15750.579027258833,15409.10305918818,15707.89453125,13707,0.0,0.0
2017-02-16 00:00:00+09:00,15707.89453125,15750.579027258833,15323.734067170517,15707.89453125,14888,0.0,0.0
2017-02-17 00:00:00+09:00,15707.893477520436,15921.315943247617,15366.417532356949,15665.208984375,8893,0.0,0.0
2017-02-20 00:00:00+09:00,15537.155116971684,15622.52410113087,15366.417148653314,15451.7861328125,12073,0.0,0.0
2017-02-21 00:00:00+09:00,15451.786670054202,15793.262618563685,15281.048695799458,15750.578125,17294,0.0,0.0
2017-02-22 00:00:00+09:00,15835.9453125,15835.9453125,15537.153891509435,15835.9453125,13663,0.0,0.0
2017-02-23 00:00:00+09:00,15793.265277183218,15921.31877943065,15579.8427734375,15579.8427734375,6773,0.0,0.0
2017-02-24 00:00:00+09:00,15579.83999808413,15707.893477520436,15366.417532356949,15665.208984375,3834,0.0,0.0
2017-02-27 00:00:00+09:00,15707.896134641873,15750.580635007747,15366.420131714876,15494.4736328125,5846,0.0,0.0
2017-02-28 00:00:00+09:00,15579.84028565817,15665.209273524792,15110.31085239176,15281.048828125,7367,0.0,0.0
2017-03-02 00:00:00+09:00,15281.048904291434,15707.893845752089,15024.941939415043,15323.7333984375,12164,0.0,0.0
2017-03-03 00:00:00+09:00,15323.735422092015,15537.157921006945,14854.205924479167,15366.419921875,15188,0.0,0.0
2017-03-06 00:00:00+09:00,15366.417303399727,15622.524258456388,15238.363825871395,15537.1552734375,6545,0.0,0.0
2017-03-07 00:00:00+09:00,15281.051268193492,15707.89627568493,15281.051268193492,15579.8427734375,7122,0.0,0.0
2017-03-08 00:00:00+09:00,15665.208984375002,16390.84536784741,15366.417532356949,15665.208984375,55150,0.0,0.0
2017-03-09 00:00:00+09:00,15665.210122783532,16220.108573999298,15195.6806640625,15195.6806640625,26144,0.0,0.0
2017-03-10 00:00:00+09:00,15195.682130251378,15622.527133910124,15024.944128787878,15494.4736328125,13904,0.0,0.0
2017-03-13 00:00:00+09:00,15494.472051205843,15707.89453125,15238.365075152855,15707.89453125,8904,0.0,0.0
2017-03-14 00:00:00+09:00,15707.893477520436,15707.893477520436,15281.048546066077,15665.208984375,11208,0.0,0.0
2017-03-15 00:00:00+09:00,15665.209273524792,15707.893767458101,15238.36433419169,15281.048828125,17982,0.0,0.0
2017-03-16 00:00:00+09:00,15451.789132446625,15494.4736328125,15067.628629153753,15494.4736328125,14242,0.0,0.0
2017-03-17 00:00:00+09:00,15195.681922743057,15494.473421223958,15195.681922743057,15366.419921875,4949,0.0,0.0
2017-03-20 00:00:00+09:00,15366.417815991621,15494.471297791551,15281.048828125,15281.048828125,4615,0.0,0.0
2017-03-21 00:00:00+09:00,15323.734846635298,15323.734846635298,14427.360384854403,15024.943359375,15277,0.0,0.0
2017-03-22 00:00:00+09:00,14854.2038887919,15451.786803858242,14768.83490092528,15281.048828125,20643,0.0,0.0
2017-03-23 00:00:00+09:00,15281.049730829833,15281.049730829833,15067.627248555673,15238.365234375,2646,0.0,0.0
2017-03-24 00:00:00+09:00,15238.365327785326,15238.365327785326,14683.466870471015,14726.1513671875,11362,0.0,0.0
2017-03-27 00:00:00+09:00,14726.152129591557,14896.890125296966,14427.360637107091,14598.0986328125,16651,0.0,0.0
2017-03-28 00:00:00+09:00,14512.729634959795,14683.467630665204,14171.253643548976,14598.0986328125,17241,0.0,0.0
2017-03-29 00:00:00+09:00,14640.78125,14982.257197521865,14512.727769679299,14640.78125,9007,0.0,0.0
2017-03-30 00:00:00+09:00,14726.150993795956,14726.150993795956,14384.675028722428,14512.728515625,8844,0.0,0.0
2017-03-31 00:00:00+09:00,14598.098561217008,14683.467558651026,14384.676067631965,14555.4140625,10927,0.0,0.0
2017-04-03 00:00:00+09:00,14512.728883605074,14811.520360620472,14341.990896739131,14726.1513671875,12205,0.0,0.0
2017-04-04 00:00:00+09:00,14726.151872114702,15110.312355735085,14341.991388494318,15024.943359375,26653,0.0,0.0
2017-04-05 00:00:00+09:00,15024.942307692307,15067.626802884615,14854.204326923076,14982.2578125,4389,0.0,0.0
2017-04-06 00:00:00+09:00,15110.311298076924,15195.680288461539,14726.150841346154,14982.2578125,6234,0.0,0.0
2017-04-07 00:00:00+09:00,15067.627857555042,15110.312355735085,14768.836370294744,15024.943359375,3090,0.0,0.0
2017-04-10 00:00:00+09:00,15195.682985860953,15195.682985860953,14683.468952629684,14811.5224609375,4774,0.0,0.0
2017-04-11 00:00:00+09:00,14939.5736865783,15195.6806640625,14598.097716599368,15195.6806640625,10199,0.0,0.0
2017-04-12 00:00:00+09:00,15110.312619928727,15152.99711885508,14598.0986328125,14598.0986328125,8443,0.0,0.0
2017-04-13 00:00:00+09:00,14555.414133886146,14768.836628517909,14427.360637107091,14598.0986328125,6985,0.0,0.0
2017-04-14 00:00:00+09:00,14683.465958145645,14683.465958145645,14213.9365234375,14213.9365234375,15149,0.0,0.0
2017-04-17 00:00:00+09:00,14256.620506084071,14470.04296875,14171.251521017699,14470.04296875,9419,0.0,0.0
2017-04-18 00:00:00+09:00,14299.307140328034,14598.0986328125,14256.62264140168,14598.0986328125,13186,0.0,0.0
2017-04-19 00:00:00+09:00,14640.781697591146,14640.781697591146,13957.829781668528,14341.990234375,12605,0.0,0.0
2017-04-20 00:00:00+09:00,14341.990533088236,14555.413011259192,14213.937046185662,14512.728515625,5437,0.0,0.0
2017-04-21 00:00:00+09:00,14512.728365384615,14598.09735576923,14341.990384615385,14427.359375,5425,0.0,0.0
2017-04-24 00:00:00+09:00,14341.990916792169,14512.728903896837,14043.199439359,14171.2529296875,8359,0.0,0.0
2017-04-25 00:00:00+09:00,14171.251876416163,14256.62086362349,14000.51390200151,14128.5673828125,5376,0.0,0.0
2017-04-26 00:00:00+09:00,14128.56768598414,14427.359147621268,14128.56768598414,14299.3056640625,6015,0.0,0.0
2017-04-27 00:00:00+09:00,14384.676067631965,14555.4140625,14213.938072763929,14555.4140625,8616,0.0,0.0
2017-04-28 00:00:00+09:00,14427.359070920658,14470.043565213324,14213.936599457335,14256.62109375,10742,0.0,0.0
2017-05-02 00:00:00+09:00,14341.99008233533,14470.043565213324,14171.25210516467,14256.62109375,8467,0.0,0.0
2017-05-04 00:00:00+09:00,14256.621923239834,14427.359910344503,14000.514942582831,14171.2529296875,10412,0.0,0.0
2017-05-08 00:00:00+09:00,14171.25210516467,14299.305588042665,13957.829633701347,14256.62109375,11052,0.0,0.0
2017-05-10 00:00:00+09:00,14085.8837890625,14213.937278053976,13915.14580374053,14085.8837890625,13553,0.0,0.0
2017-05-11 00:00:00+09:00,14171.252781723484,14427.359759706438,14000.514796401514,14085.8837890625,20717,0.0,0.0
2017-05-12 00:00:00+09:00,14085.8837890625,14171.252781723484,13915.14580374053,14085.8837890625,8741,0.0,0.0
2017-05-15 00:00:00+09:00,14085.885040283203,14085.885040283203,13274.879537963867,13659.0400390625,37037,0.0,0.0
2017-05-16 00:00:00+09:00,13744.408897159985,13744.408897159985,13360.248400034394,13573.6708984375,17872,0.0,0.0
2017-05-17 00:00:00+09:00,13530.985968174078,13530.985968174078,13232.19447991787,13317.5634765625,21128,0.0,0.0
2017-05-18 00:00:00+09:00,13232.193434736735,13360.246919589026,13104.139949884444,13274.8779296875,9855,0.0,0.0
2017-05-19 00:00:00+09:00,13146.823910361843,13317.561883223685,12933.40144428454,12976.0859375,22098,0.0,0.0
2017-05-22 00:00:00+09:00,13061.4560546875,13104.140551598244,12805.349073223038,13061.4560546875,21583,0.0,0.0
2017-05-23 00:00:00+09:00,12933.402194507891,12976.086690199336,12719.979716050664,12848.033203125,29826,0.0,0.0
2017-05-24 00:00:00+09:00,12805.348855198019,12976.086839933992,12805.348855198019,12933.40234375,10278,0.0,0.0
2017-05-25 00:00:00+09:00,12762.663471422698,13104.139417146382,12762.663471422698,12976.0859375,19570,0.0,0.0
2017-05-26 00:00:00+09:00,12976.085545568561,13146.823513273412,12762.6630859375,12762.6630859375,30693,0.0,0.0
2017-05-29 00:00:00+09:00,12762.6630859375,12890.716561716137,12719.978594011289,12762.6630859375,14160,0.0,0.0
2017-05-30 00:00:00+09:00,12848.034250827815,12933.403249172185,12805.349751655629,12890.71875,8271,0.0,0.0
2017-05-31 00:00:00+09:00,12848.032759232956,13189.50871296672,12848.032759232956,13146.82421875,16984,0.0,0.0
2017-06-01 00:00:00+09:00,13146.82421875,13274.877701400163,13018.770736099837,13146.82421875,16453,0.0,0.0
2017-06-02 00:00:00+09:00,13274.877468621926,13274.877468621926,12976.086014344262,13018.7705078125,23512,0.0,0.0
2017-06-05 00:00:00+09:00,13018.771251860118,13445.6162109375,13018.771251860118,13445.6162109375,22353,0.0,0.0
2017-06-07 00:00:00+09:00,13402.931715029763,13530.985202752976,13232.19373139881,13445.6162109375,14416,0.0,0.0
2017-06-08 00:00:00+09:00,13445.617399395636,13701.724397479364,13317.563900353773,13573.6708984375,23581,0.0,0.0
2017-06-09 00:00:00+09:00,13659.037345201237,13829.775312016254,13445.614886682468,13787.0908203125,24182,0.0,0.0
2017-06-12 00:00:00+09:00,13744.4073741459,13744.4073741459,13232.193434736735,13274.8779296875,19891,0.0,0.0
2017-06-13 00:00:00+09:00,13317.562272451458,13317.562272451458,13104.13980013653,13189.5087890625,11984,0.0,0.0
2017-06-14 00:00:00+09:00,13317.561883223685,13360.246376439145,12976.0859375,12976.0859375,22115,0.0,0.0
2017-06-15 00:00:00+09:00,13018.7705078125,13274.877468621926,12890.717027407787,13018.7705078125,20843,0.0,0.0
2017-06-16 00:00:00+09:00,13061.455305673544,13360.246766914443,12933.401822284588,13189.5087890625,18239,0.0,0.0
2017-06-19 00:00:00+09:00,13189.510537719727,13701.72453918457,13061.457037353515,13659.0400390625,27730,0.0,0.0
2017-06-20 00:00:00+09:00,13659.038989028213,13659.038989028213,13232.194020621082,13616.3544921875,20588,0.0,0.0
2017-06-21 00:00:00+09:00,13573.670539636581,13573.670539636581,13232.19455121805,13360.248046875,25272,0.0,0.0
2017-06-22 00:00:00+09:00,13360.248400034394,13659.039897798742,13232.194900992532,13573.6708984375,13303,0.0,0.0
2017-06-23 00:00:00+09:00,13573.670426682693,13872.4619140625,13402.93243389423,13872.4619140625,18115,0.0,0.0
2017-06-26 00:00:00+09:00,13829.777896521226,13957.83139556309,13530.986398756879,13573.6708984375,10708,0.0,0.0
2017-06-27 00:00:00+09:00,13573.67103881836,13701.72453918457,13402.933038330078,13659.0400390625,5875,0.0,0.0
2017-06-28 00:00:00+09:00,13659.040316358025,13915.147322289738,13402.933310426311,13829.7783203125,16458,0.0,0.0
2017-06-29 00:00:00+09:00,13829.776750395571,13829.776750395571,13360.247292820412,13488.30078125,34632,0.0,0.0
2017-06-30 00:00:00+09:00,13317.562195616883,13402.931184050325,12890.717253449675,13146.82421875,63681,0.0,0.0
2017-07-03 00:00:00+09:00,13232.194743377484,13232.194743377484,12805.349751655629,12890.71875,32227,0.0,0.0
2017-07-04 00:00:00+09:00,12890.717623697916,13018.77111002604,12719.979641927082,12805.3486328125,23659,0.0,0.0
2017-07-05 00:00:00+09:00,12719.979641927082,12976.086614583333,12719.979641927082,12805.3486328125,9225,0.0,0.0
2017-07-06 00:00:00+09:00,12719.979862830032,12933.40234375,12719.979862830032,12933.40234375,17741,0.0,0.0
2017-07-07 00:00:00+09:00,12933.401520876025,13146.823988217213,12677.294560066599,13018.7705078125,13867,0.0,0.0
2017-07-10 00:00:00+09:00,13061.456127850164,13146.825122149838,12890.718139250816,13104.140625,9673,0.0,0.0
2017-07-11 00:00:00+09:00,13104.140551598244,13146.825048508987,12890.718067044527,13061.4560546875,8301,0.0,0.0
2017-07-12 00:00:00+09:00,13061.455305673544,13232.193283525487,12976.086316747573,13189.5087890625,8510,0.0,0.0
2017-07-13 00:00:00+09:00,13232.193207183442,13274.877701400163,12890.717253449675,13146.82421875,14388,0.0,0.0
2017-07-14 00:00:00+09:00,13146.825048508987,13317.56303615196,13061.4560546875,13061.4560546875,12016,0.0,0.0
2017-07-17 00:00:00+09:00,13018.770430715462,13146.823910361843,12848.032457853618,12976.0859375,16188,0.0,0.0
2017-07-18 00:00:00+09:00,13061.456746688742,13061.456746688742,12848.034250827815,12890.71875,8060,0.0,0.0
2017-07-19 00:00:00+09:00,12976.087748344371,12976.087748344371,12805.349751655629,12890.71875,4500,0.0,0.0
2017-07-20 00:00:00+09:00,12890.71875,12976.087748344371,12848.034250827815,12890.71875,6039,0.0,0.0
2017-07-21 00:00:00+09:00,12890.71875,12976.087748344371,12848.034250827815,12890.71875,2984,0.0,0.0
2017-07-24 00:00:00+09:00,12848.033351382013,12933.40234375,12634.610870462046,12933.40234375,9349,0.0,0.0
2017-07-25 00:00:00+09:00,12933.40234375,12976.086839933992,12762.664359014027,12933.40234375,7145,0.0,0.0
2017-07-26 00:00:00+09:00,12933.40234375,12976.086839933992,12805.348855198019,12933.40234375,7143,0.0,0.0
2017-07-27 00:00:00+09:00,12933.40105364235,12933.40105364235,12762.6630859375,12762.6630859375,6038,0.0,0.0
2017-07-28 00:00:00+09:00,12719.980323585303,12762.664821315457,12591.926830394848,12634.611328125,13295,0.0,0.0
2017-07-31 00:00:00+09:00,12634.611328125,12762.664821315457,12463.873337204392,12634.611328125,7999,0.0,0.0
2017-08-01 00:00:00+09:00,12293.134542785234,12719.9794921875,12293.134542785234,12719.9794921875,6465,0.0,0.0
2017-08-02 00:00:00+09:00,12634.610275423729,12762.663757944916,12591.92578125,12591.92578125,5183,0.0,0.0
2017-08-03 00:00:00+09:00,12549.243594296328,12549.243594296328,12165.083076103583,12207.767578125,13492,0.0,0.0
2017-08-04 00:00:00+09:00,12378.5048828125,12421.189382408405,12250.451384024786,12378.5048828125,2587,0.0,0.0
2017-08-07 00:00:00+09:00,12378.5048828125,12549.242881196122,12293.13588362069,12378.5048828125,5437,0.0,0.0
2017-08-08 00:00:00+09:00,12634.609453914141,12719.978436710859,12378.50250552399,12677.2939453125,3883,0.0,0.0
2017-08-09 00:00:00+09:00,12677.295825855152,12719.980323585303,12549.242332664697,12634.611328125,2171,0.0,0.0
2017-08-10 00:00:00+09:00,12421.188550139128,12634.611033818494,12378.504053403254,12463.873046875,8857,0.0,0.0
2017-08-11 00:00:00+09:00,12421.188027605915,12719.9794921875,12378.503532665687,12719.9794921875,5600,0.0,0.0
2017-08-14 00:00:00+09:00,12719.978594011289,12848.032069789924,12634.609610158863,12762.6630859375,4993,0.0,0.0
2017-08-16 00:00:00+09:00,12762.665379175647,12762.665379175647,12165.082384832975,12378.5048828125,16779,0.0,0.0
2017-08-17 00:00:00+09:00,12463.871488320707,12719.978436710859,12335.818014125633,12677.2939453125,7491,0.0,0.0
2017-08-18 00:00:00+09:00,12506.557834934543,12634.611328125,12250.450848553632,12634.611328125,12293,0.0,0.0
2017-08-21 00:00:00+09:00,12378.504449548855,12463.87344575264,12122.3974609375,12122.3974609375,15179,0.0,0.0
2017-08-22 00:00:00+09:00,12079.7109375,12165.079919390459,11866.28848277385,12079.7109375,10614,0.0,0.0
2017-08-23 00:00:00+09:00,11994.344656808036,12079.713657924107,11780.922154017857,11951.66015625,9537,0.0,0.0
2017-08-24 00:00:00+09:00,11951.65804856115,12037.027034622302,11610.182104316546,11866.2890625,14199,0.0,0.0
2017-08-25 00:00:00+09:00,11866.289586684283,11866.289586684283,11524.813627355239,11610.1826171875,20698,0.0,0.0
2017-08-28 00:00:00+09:00,11780.91984375,11823.6043359375,11567.4973828125,11738.2353515625,12319,0.0,0.0
2017-08-29 00:00:00+09:00,11908.974081600414,11908.974081600414,11482.12913243911,11610.1826171875,11425,0.0,0.0
2017-08-30 00:00:00+09:00,11780.91984375,11866.288828125,11567.4973828125,11738.2353515625,7408,0.0,0.0
2017-08-31 00:00:00+09:00,11780.920748745439,11823.605244211907,11524.813775946624,11695.5517578125,5181,0.0,0.0
2017-09-01 00:00:00+09:00,11695.551013932762,11866.28898493908,11610.182028429603,11823.6044921875,3320,0.0,0.0
2017-09-04 00:00:00+09:00,11695.5517578125,11780.920748745439,11567.498271413093,11695.5517578125,7665,0.0,0.0
2017-09-05 00:00:00+09:00,11780.919921875,11780.919921875,11567.497459522192,11780.919921875,5640,0.0,0.0
2017-09-06 00:00:00+09:00,11610.18366529304,11695.552662831959,11567.49916652358,11652.8681640625,7142,0.0,0.0
2017-09-07 00:00:00+09:00,11652.867574439857,11695.552071049528,11311.3916015625,11311.3916015625,25278,0.0,0.0
2017-09-08 00:00:00+09:00,11268.708435058594,11396.761940002441,10799.178916931152,10927.232421875,47180,0.0,0.0
2017-09-11 00:00:00+09:00,10927.23054474708,11097.968522008754,10927.23054474708,10969.9150390625,9337,0.0,0.0
2017-09-12 00:00:00+09:00,10884.5458984375,11012.599379595587,10799.176910998774,10884.5458984375,14176,0.0,0.0
2017-09-13 00:00:00+09:00,10841.8623046875,10969.915796475148,10799.17780742495,10841.8623046875,5138,0.0,0.0
2017-09-14 00:00:00+09:00,10799.176910998774,10969.914885876226,10799.176910998774,10884.5458984375,5951,0.0,0.0
2017-09-15 00:00:00+09:00,10969.9150390625,10969.9150390625,10799.177061800827,10969.9150390625,1724,0.0,0.0
2017-09-18 00:00:00+09:00,10841.861778846154,11097.96875,10841.861778846154,11097.96875,5556,0.0,0.0
2017-09-19 00:00:00+09:00,11012.599684785231,11140.653169492036,10969.915189882962,11055.2841796875,4649,0.0,0.0
2017-09-20 00:00:00+09:00,11055.2841796875,11226.022159296574,10969.915189882962,11055.2841796875,6553,0.0,0.0
2017-09-21 00:00:00+09:00,11097.96875,11183.337740384615,10799.177283653846,11097.96875,5468,0.0,0.0
2017-09-25 00:00:00+09:00,10841.86307115289,10927.232071713148,10585.756069472112,10713.8095703125,7610,0.0,0.0
2017-09-26 00:00:00+09:00,10713.8095703125,10713.8095703125,10713.8095703125,10713.8095703125,0,0.0,0.0
2017-09-27 00:00:00+09:00,10713.808812899853,10927.231299212599,10713.808812899853,10841.8623046875,1191,0.0,0.0
2017-09-28 00:00:00+09:00,10799.17780742495,10969.915796475148,10799.17780742495,10841.8623046875,1962,0.0,0.0
2017-09-29 00:00:00+09:00,10841.861404718136,10969.914885876226,10841.861404718136,10884.5458984375,532,0.0,0.0
2017-10-10 00:00:00+09:00,10969.91373826581,10969.91373826581,10713.806802742094,10799.17578125,2761,0.0,0.0
2017-10-11 00:00:00+09:00,10841.863141741072,10841.863141741072,10628.440638950893,10756.494140625,5806,0.0,0.0
2017-10-12 00:00:00+09:00,10756.493004396389,11268.706956986693,10628.439516248813,11226.0224609375,12406,0.0,0.0
2017-10-13 00:00:00+09:00,11183.3369140625,11268.705898139313,10927.229961832061,11183.3369140625,12094,0.0,0.0
2017-10-16 00:00:00+09:00,11183.33626057331,11396.758708294174,11012.598302396616,11354.07421875,12368,0.0,0.0
2017-10-17 00:00:00+09:00,11354.075424024164,11652.866882551116,11268.706435873606,11482.12890625,13796,0.0,0.0
2017-10-18 00:00:00+09:00,11482.1298099347,11567.498804804103,11354.076317630597,11439.4453125,6286,0.0,0.0
2017-10-19 00:00:00+09:00,11311.390929948886,11524.81340032528,11311.390929948886,11482.12890625,2243,0.0,0.0
2017-10-20 00:00:00+09:00,11439.444412174722,11482.12890625,11183.337447723048,11482.12890625,5505,0.0,0.0
2017-10-23 00:00:00+09:00,11482.12890625,11524.81340032528,11268.706435873606,11482.12890625,5823,0.0,0.0
2017-10-24 00:00:00+09:00,11482.129736511,11482.129736511,11311.391747863998,11396.7607421875,1948,0.0,0.0
2017-10-25 00:00:00+09:00,11396.759918099442,11482.12890625,11226.021941798328,11482.12890625,5152,0.0,0.0
2017-10-26 00:00:00+09:00,11268.705239661655,11396.758708294174,11140.651771029135,11354.07421875,5925,0.0,0.0
2017-10-27 00:00:00+09:00,11354.076245025748,11524.814233672752,11183.338256378745,11396.7607421875,12138,0.0,0.0
2017-10-30 00:00:00+09:00,11524.812967051632,11780.919921875,11439.443982110508,11780.919921875,15724,0.0,0.0
2017-10-31 00:00:00+09:00,11908.974609375,11951.659106182795,11695.55212533602,11908.974609375,6446,0.0,0.0
2017-11-01 00:00:00+09:00,11780.91984375,11951.6578125,11652.8663671875,11738.2353515625,8865,0.0,0.0
2017-11-02 00:00:00+09:00,11610.18366529304,11738.237161601419,11482.13016898466,11652.8681640625,6233,0.0,0.0
2017-11-03 00:00:00+09:00,11610.181561346864,11695.550543415591,11567.4970703125,11567.4970703125,1755,0.0,0.0
2017-11-06 00:00:00+09:00,11482.12847458107,11823.604414345562,11482.12847458107,11780.919921875,5092,0.0,0.0
2017-11-07 00:00:00+09:00,11780.91984375,11780.91984375,11652.8663671875,11738.2353515625,6420,0.0,0.0
2017-11-08 00:00:00+09:00,11738.23625327897,11780.920748745439,11695.5517578125,11695.5517578125,7026,0.0,0.0
2017-11-09 00:00:00+09:00,11780.920748745439,11780.920748745439,11610.182766879563,11695.5517578125,3676,0.0,0.0
2017-11-10 00:00:00+09:00,11780.91984375,11951.6578125,11610.181875,11738.2353515625,7421,0.0,0.0
2017-11-13 00:00:00+09:00,11652.8663671875,11780.91984375,11567.4973828125,11738.2353515625,6880,0.0,0.0
2017-11-14 00:00:00+09:00,11652.867262346032,11738.23625327897,11567.498271413093,11695.5517578125,10128,0.0,0.0
2017-11-15 00:00:00+09:00,11610.181561346864,11738.235034449954,11482.128088243773,11567.4970703125,6698,0.0,0.0
2017-11-16 00:00:00+09:00,11567.497894400558,11610.182388475836,11439.444412174722,11482.12890625,7513,0.0,0.0
2017-11-17 00:00:00+09:00,11524.814084610849,11652.867574439857,11055.28462190448,11311.3916015625,28677,0.0,0.0
2017-11-20 00:00:00+09:00,11268.707675137362,11695.552662831959,11268.707675137362,11652.8681640625,15453,0.0,0.0
2017-11-21 00:00:00+09:00,11652.866521181182,11866.28898493908,11524.813042926444,11823.6044921875,12752,0.0,0.0
2017-11-22 00:00:00+09:00,11823.604414345562,11908.973399286686,11738.23542940444,11780.919921875,11351,0.0,0.0
2017-11-23 00:00:00+09:00,11780.922557910839,12207.767578125,11780.922557910839,12207.767578125,15756,0.0,0.0
2017-11-24 00:00:00+09:00,12207.76606645976,12463.873046875,12207.76606645976,12463.873046875,15783,0.0,0.0
2017-11-27 00:00:00+09:00,12421.188327881704,12549.24181579801,12165.081352049092,12335.8193359375,10792,0.0,0.0
2017-11-28 00:00:00+09:00,12421.189239501953,12421.189239501953,11951.659749348959,12293.1357421875,8430,0.0,0.0
2017-11-29 00:00:00+09:00,12250.451384024786,12463.87388200431,12207.76688442888,12378.5048828125,11344,0.0,0.0
2017-11-30 00:00:00+09:00,12463.87388200431,12463.87388200431,12293.13588362069,12378.5048828125,8842,0.0,0.0
2017-12-01 00:00:00+09:00,12378.5048828125,12421.189382408405,12250.451384024786,12378.5048828125,6602,0.0,0.0
2017-12-04 00:00:00+09:00,12378.5048828125,12463.87388200431,12165.082384832975,12378.5048828125,6399,0.0,0.0
2017-12-05 00:00:00+09:00,12421.188550139128,12463.873046875,12207.76606645976,12463.873046875,6004,0.0,0.0
2017-12-06 00:00:00+09:00,12463.87388200431,12549.242881196122,12335.820383216595,12378.5048828125,11807,0.0,0.0
2017-12-07 00:00:00+09:00,12463.87388200431,12463.87388200431,12165.082384832975,12378.5048828125,6598,0.0,0.0
2017-12-08 00:00:00+09:00,12250.452080146415,12378.505586210664,12122.398574082168,12207.767578125,6515,0.0,0.0
2017-12-11 00:00:00+09:00,12207.766743977865,12293.1357421875,11994.344248453775,12293.1357421875,9604,0.0,0.0
2017-12-12 00:00:00+09:00,12293.134694343067,12293.134694343067,11695.5517578125,11695.5517578125,21157,0.0,0.0
2017-12-13 00:00:00+09:00,11695.551090377698,11951.65804856115,11610.182104316546,11866.2890625,5653,0.0,0.0
2017-12-14 00:00:00+09:00,11866.288906816124,11951.657891757248,11610.181951992754,11780.919921875,5099,0.0,0.0
2017-12-15 00:00:00+09:00,11780.920748745439,11823.605244211907,11610.182766879563,11695.5517578125,3778,0.0,0.0
2017-12-18 00:00:00+09:00,11695.552662831959,11738.237161601419,11439.445670215202,11652.8681640625,10740,0.0,0.0
2017-12-19 00:00:00+09:00,11524.813627355239,11823.605091768153,11482.12913243911,11610.1826171875,3975,0.0,0.0
2017-12-21 00:00:00+09:00,11140.653542258522,11311.391527580492,11055.284549597538,11268.70703125,4740,0.0,0.0
2017-12-22 00:00:00+09:00,11354.076023910984,11354.076023910984,11055.284549597538,11268.70703125,4626,0.0,0.0
2017-12-26 00:00:00+09:00,11311.390310704022,11311.390310704022,11097.967852011494,11140.65234375,5424,0.0,0.0
2017-12-27 00:00:00+09:00,11358.2451171875,11532.317839289992,11140.654214559387,11358.2451171875,10652,250.0,0.0
2017-12-28 00:00:00+09:00,11358.2451171875,11488.799658764368,11227.690575610633,11358.2451171875,5559,0.0,0.0
2018-01-02 00:00:00+09:00,11314.726338859733,11488.799051765267,11271.208160633349,11401.7626953125,2545,0.0,0.0
2018-01-03 00:00:00+09:00,11445.280946011673,11488.799124513618,11053.617339494163,11184.171875,24989,0.0,0.0
2018-01-04 00:00:00+09:00,11184.172621561294,11314.727165781855,10966.581714527028,11271.208984375,10295,0.0,0.0
2018-01-05 00:00:00+09:00,11314.7265625,11358.244741586539,11097.135667067307,11314.7265625,9296,0.0,0.0
2018-01-08 00:00:00+09:00,11314.727446933963,11532.318359375,11097.136534492924,11532.318359375,19618,0.0,0.0
2018-01-09 00:00:00+09:00,11532.317757283834,11575.8359375,11401.763216635338,11575.8359375,10877,0.0,0.0
2018-01-10 00:00:00+09:00,11575.835869367733,11575.835869367733,11184.172249727471,11227.6904296875,36791,0.0,0.0
2018-01-11 00:00:00+09:00,11314.7265625,11445.281099759615,11097.135667067307,11314.7265625,11503,0.0,0.0
2018-01-12 00:00:00+09:00,11314.726936661878,11445.281478238745,11271.208756136255,11358.2451171875,6720,0.0,0.0
2018-01-15 00:00:00+09:00,11358.244517086116,11401.7626953125,11227.689982406966,11401.7626953125,12263,0.0,0.0
2018-01-16 00:00:00+09:00,11314.726936661878,11488.799658764368,11184.17239508501,11358.2451171875,8832,0.0,0.0
2018-01-17 00:00:00+09:00,11358.245347188707,11532.31807281612,11227.690802968147,11271.208984375,9032,0.0,0.0
2018-01-18 00:00:00+09:00,11401.76209749287,11445.2802734375,11227.689393714354,11445.2802734375,5303,0.0,0.0
2018-01-19 00:00:00+09:00,11488.800176886793,11575.836541863207,11358.24562942217,11532.318359375,3963,0.0,0.0
2018-01-22 00:00:00+09:00,11532.317005504261,11619.353360262785,11401.762473366478,11488.798828125,8550,0.0,0.0
2018-01-23 00:00:00+09:00,11575.836413703622,12707.309145870142,11575.836413703622,12315.6455078125,64174,0.0,0.0
2018-01-24 00:00:00+09:00,12272.125756492076,12576.752991582305,12228.607580050615,12359.162109375,14424,0.0,0.0
2018-01-25 00:00:00+09:00,12533.23693379791,12620.273301393729,12272.127831010454,12489.71875,12377,0.0,0.0
2018-01-26 00:00:00+09:00,12446.198462257922,12489.716638699383,12228.607580050615,12359.162109375,6971,0.0,0.0
2018-01-29 00:00:00+09:00,12620.270944875438,12620.270944875438,12272.125539499562,12446.1982421875,9805,0.0,0.0
2018-01-30 00:00:00+09:00,12533.234815140844,12533.234815140844,12228.607580050615,12359.162109375,5795,0.0,0.0
2018-01-31 00:00:00+09:00,12402.680508228059,12402.680508228059,11836.944204343972,12272.1259765625,9550,0.0,0.0
2018-02-01 00:00:00+09:00,12228.607866087545,12228.607866087545,11923.980623871841,12054.53515625,18161,0.0,0.0
2018-02-02 00:00:00+09:00,12054.53537997159,12272.126271306817,11836.944488636364,11967.4990234375,15813,0.0,0.0
2018-02-05 00:00:00+09:00,11967.498486508302,11967.498486508302,11532.316723362546,11793.42578125,10070,0.0,0.0
2018-02-06 00:00:00+09:00,11314.727446933963,11619.354724351415,11053.618352004716,11532.318359375,27272,0.0,0.0
2018-02-07 00:00:00+09:00,11575.836541863207,11793.427454304245,11401.763811910378,11532.318359375,10363,0.0,0.0
2018-02-08 00:00:00+09:00,11662.870876736111,11793.425401475695,11532.316351996527,11749.9072265625,9427,0.0,0.0
2018-02-09 00:00:00+09:00,11706.390478148496,11706.390478148496,11445.281396851504,11575.8359375,6596,0.0,0.0
2018-02-12 00:00:00+09:00,11619.353294174023,11706.3896484375,11445.280585647073,11706.3896484375,6993,0.0,0.0
2018-02-13 00:00:00+09:00,11619.353294174023,11706.3896484375,11401.762408515335,11706.3896484375,5911,0.0,0.0
2018-02-14 00:00:00+09:00,11706.390249679338,11749.908429046176,11445.281173478312,11662.8720703125,4737,0.0,0.0
2018-02-19 00:00:00+09:00,11706.389051649307,11749.9072265625,11532.316351996527,11749.9072265625,4360,0.0,0.0
2018-02-20 00:00:00+09:00,11749.907980526194,11880.462513643151,11749.907980526194,11836.9443359375,23457,0.0,0.0
2018-02-21 00:00:00+09:00,11793.426532451924,11967.499248798076,11706.390174278846,11880.462890625,3414,0.0,0.0
2018-02-22 00:00:00+09:00,11706.389428620849,12098.05301545203,11662.871252306273,11793.42578125,5355,0.0,0.0
2018-02-23 00:00:00+09:00,11793.42578125,11836.943957564576,11662.871252306273,11793.42578125,3248,0.0,0.0
2018-02-26 00:00:00+09:00,11662.871471305762,11836.944179832713,11575.835117042287,11706.3896484375,4464,0.0,0.0
2018-02-27 00:00:00+09:00,11532.31662532676,11706.389329105275,11358.24392154824,11445.2802734375,11313,0.0,0.0
2018-02-28 00:00:00+09:00,11445.2802734375,11532.31662532676,11227.689393714354,11445.2802734375,4030,0.0,0.0
2018-03-02 00:00:00+09:00,11227.690575610633,11401.763297713123,11184.17239508501,11358.2451171875,3219,0.0,0.0
2018-03-05 00:00:00+09:00,11184.172025240385,11358.244741586539,11184.172025240385,11314.7265625,5749,0.0,0.0
2018-03-06 00:00:00+09:00,11227.689982406966,11401.7626953125,11227.689982406966,11401.7626953125,3334,0.0,0.0
2018-03-07 00:00:00+09:00,11401.762920673076,11488.799278846154,11227.690204326924,11314.7265625,3153,0.0,0.0
2018-03-08 00:00:00+09:00,11445.281478238745,11445.281478238745,11140.654214559387,11358.2451171875,5072,0.0,0.0
2018-03-09 00:00:00+09:00,11314.7265625,11401.762920673076,10966.581129807691,11314.7265625,16993,0.0,0.0
2018-03-12 00:00:00+09:00,11314.726338859733,11401.7626953125,11184.171804180582,11401.7626953125,3515,0.0,0.0
2018-03-13 00:00:00+09:00,11401.76352859556,11401.76352859556,11184.172621561294,11271.208984375,3105,0.0,0.0
2018-03-14 00:00:00+09:00,11184.172249727471,11271.208609647529,11097.135889807412,11227.6904296875,3632,0.0,0.0
2018-03-15 00:00:00+09:00,11227.690802968147,11314.727165781855,11184.172621561294,11271.208984375,1477,0.0,0.0
2018-03-16 00:00:00+09:00,11271.208984375,11358.245347188707,11227.690802968147,11271.208984375,2417,0.0,0.0
2018-03-19 00:00:00+09:00,11271.208160633349,11445.280873538883,11184.171804180582,11401.7626953125,4191,0.0,0.0
2018-03-20 00:00:00+09:00,11401.7626953125,11401.7626953125,11271.208160633349,11401.7626953125,1761,0.0,0.0
2018-03-21 00:00:00+09:00,11401.76209749287,11445.2802734375,11314.725745603613,11445.2802734375,1274,0.0,0.0
2018-03-22 00:00:00+09:00,11445.280873538883,11445.280873538883,11271.208160633349,11401.7626953125,2880,0.0,0.0
2018-03-23 00:00:00+09:00,11358.245347188707,11358.245347188707,11097.136258747587,11271.208984375,17030,0.0,0.0
2018-03-26 00:00:00+09:00,11140.654901960785,11271.209451593137,11053.618535539215,11097.13671875,4058,0.0,0.0
2018-03-27 00:00:00+09:00,11227.690802968147,11271.208984375,11140.654440154442,11271.208984375,2718,0.0,0.0
2018-03-28 00:00:00+09:00,11097.13671875,11184.173085171567,11097.13671875,11097.13671875,1179,0.0,0.0
2018-03-29 00:00:00+09:00,11097.136258747587,11271.208984375,11010.099895933881,11271.208984375,2939,0.0,0.0
2018-03-30 00:00:00+09:00,11227.690053501945,11227.690053501945,11097.135517996108,11184.171875,2044,0.0,0.0
2018-04-02 00:00:00+09:00,11227.6904296875,11227.6904296875,11097.135889807412,11227.6904296875,1066,0.0,0.0
2018-04-03 00:00:00+09:00,11097.135517996108,11227.690053501945,11053.617339494163,11184.171875,1522,0.0,0.0
2018-04-04 00:00:00+09:00,11184.17332247406,11227.691506608202,10923.064217669218,11010.1005859375,4907,0.0,0.0
2018-04-05 00:00:00+09:00,11010.099233475941,11097.135591052827,10966.5810546875,10966.5810546875,4681,0.0,0.0
2018-04-06 00:00:00+09:00,10966.579862819883,11053.6162109375,10836.025340643455,11053.6162109375,2313,0.0,0.0
2018-04-09 00:00:00+09:00,11097.135277724847,11097.135277724847,10705.4716796875,10705.4716796875,9727,0.0,0.0
2018-04-10 00:00:00+09:00,10574.91796875,10661.954330632716,10444.363425925927,10574.91796875,12060,0.0,0.0
2018-04-11 00:00:00+09:00,10574.917593459451,10574.917593459451,10357.326696474689,10531.3994140625,8701,0.0,0.0
2018-04-12 00:00:00+09:00,10400.845244984568,10574.91796875,10270.290702160493,10574.91796875,6074,0.0,0.0
2018-04-13 00:00:00+09:00,10618.435546875,10618.435546875,10400.844654521004,10618.435546875,13666,0.0,0.0
2018-04-16 00:00:00+09:00,10574.91796875,10618.436149691359,10400.845244984568,10574.91796875,7517,0.0,0.0
2018-04-17 00:00:00+09:00,10574.9173684042,10661.953725345798,10487.881011462603,10618.435546875,3872,0.0,0.0
2018-04-18 00:00:00+09:00,10661.953725345798,10661.953725345798,10531.399189933401,10618.435546875,6044,0.0,0.0
2018-04-19 00:00:00+09:00,10618.435546875,10748.990082287397,10444.362832991803,10618.435546875,14469,0.0,0.0
2018-04-20 00:00:00+09:00,10618.435009765624,10705.471362304688,10400.844128417968,10444.3623046875,17121,0.0,0.0
2018-04-23 00:00:00+09:00,10444.363425925927,10618.436149691359,10313.808883101852,10574.91796875,12045,0.0,0.0
2018-04-24 00:00:00+09:00,10618.435772856405,10618.435772856405,10444.363055268595,10531.3994140625,7192,0.0,0.0
2018-04-25 00:00:00+09:00,10487.880480957032,10487.880480957032,10357.325952148438,10444.3623046875,20524,0.0,0.0
2018-04-26 00:00:00+09:00,10357.327615852031,10444.363982371795,10139.736699552619,10183.2548828125,39529,0.0,0.0
2018-04-27 00:00:00+09:00,10226.77231361126,10270.290493669181,9878.6268731479,10096.2177734375,24589,0.0,0.0
2018-04-30 00:00:00+09:00,10183.254453125,10183.254453125,9661.036276041666,9791.5908203125,38297,0.0,0.0
2018-05-02 00:00:00+09:00,9791.590219683352,9878.626577191648,9573.99932591261,9835.1083984375,18854,0.0,0.0
2018-05-03 00:00:00+09:00,9835.109001736111,9922.145364583334,9573.999913194444,9791.5908203125,18739,0.0,0.0
2018-05-04 00:00:00+09:00,9835.1076398577,10009.180341448102,9617.516762869698,9748.0712890625,20473,0.0,0.0
2018-05-08 00:00:00+09:00,9835.109713898402,9878.627898473174,9530.482421875,9530.482421875,43157,0.0,0.0
2018-05-09 00:00:00+09:00,9486.962077559388,9704.552950897907,9443.443902891686,9617.5166015625,21685,0.0,0.0
2018-05-10 00:00:00+09:00,9704.553113664899,9748.0712890625,9573.998587472099,9748.0712890625,12439,0.0,0.0
2018-05-11 00:00:00+09:00,9661.036363636364,9791.590909090908,9486.963636363636,9574.0,68803,0.0,0.0
2018-05-14 00:00:00+09:00,9573.999475549768,9835.10855215567,9399.9267578125,9399.9267578125,68097,0.0,0.0
2018-05-15 00:00:00+09:00,9399.92518721198,9617.516048027073,9356.407015048962,9443.443359375,26909,0.0,0.0
2018-05-16 00:00:00+09:00,9443.446052725456,9617.518791024544,9399.927868150686,9530.482421875,30927,0.0,0.0
2018-05-17 00:00:00+09:00,9574.0,9748.072727272727,9530.481818181817,9574.0,26987,0.0,0.0
2018-05-18 00:00:00+09:00,9704.554457465278,9835.109001736111,9573.999913194444,9791.5908203125,13139,0.0,0.0
2018-05-21 00:00:00+09:00,9878.627183159722,9922.145364583334,9661.036276041666,9791.5908203125,6393,0.0,0.0
2018-05-23 00:00:00+09:00,9878.626353481359,10009.18088678728,9661.035464638157,9922.14453125,26939,0.0,0.0
2018-05-24 00:00:00+09:00,9922.144214527027,10009.180567286036,9573.998803490991,9661.03515625,20216,0.0,0.0
2018-05-25 00:00:00+09:00,9661.03515625,9748.071509009009,9530.480627111487,9661.03515625,7114,0.0,0.0
2018-05-28 00:00:00+09:00,9617.518322589685,9748.072869955156,9617.518322589685,9704.5546875,4834,0.0,0.0
2018-05-29 00:00:00+09:00,9791.591052410315,9791.591052410315,9617.518322589685,9704.5546875,5081,0.0,0.0
2018-05-30 00:00:00+09:00,9704.5546875,9748.072869955156,9486.963775224216,9704.5546875,13565,0.0,0.0
2018-05-31 00:00:00+09:00,9704.554545454544,9748.072727272727,9530.481818181817,9574.0,7359,0.0,0.0
2018-06-01 00:00:00+09:00,9661.03515625,9748.071509009009,9486.962450731982,9661.03515625,8545,0.0,0.0
2018-06-04 00:00:00+09:00,9661.036276041666,9791.5908203125,9617.518094618055,9791.5908203125,7099,0.0,0.0
2018-06-05 00:00:00+09:00,9835.109234865471,9835.109234865471,9574.000140134529,9704.5546875,8133,0.0,0.0
2018-06-07 00:00:00+09:00,9704.5546875,9791.591052410315,9661.036505044844,9704.5546875,6441,0.0,0.0
2018-06-08 00:00:00+09:00,9617.518094618055,9791.5908203125,9617.518094618055,9791.5908203125,7157,0.0,0.0
2018-06-11 00:00:00+09:00,9835.10909090909,9835.10909090909,9486.963636363636,9574.0,7681,0.0,0.0
2018-06-12 00:00:00+09:00,9704.55378261181,9704.55378261181,9486.962890625,9486.962890625,24998,0.0,0.0
2018-06-14 00:00:00+09:00,9443.443359375,9486.961531538018,9443.443359375,9443.443359375,4502,0.0,0.0
2018-06-15 00:00:00+09:00,9443.444937246817,9443.444937246817,9312.890398943866,9399.9267578125,11137,0.0,0.0
2018-06-18 00:00:00+09:00,9443.444237813996,9443.444237813996,9008.262475702752,9095.298828125,34413,0.0,0.0
2018-06-19 00:00:00+09:00,9138.81845464939,9138.81845464939,8921.2275390625,8921.2275390625,9344,0.0,0.0
2018-06-20 00:00:00+09:00,8921.228147020527,8921.228147020527,8703.637216605392,8877.7099609375,47543,0.0,0.0
2018-06-21 00:00:00+09:00,8877.7099609375,8921.228147020527,8790.673588771446,8877.7099609375,6129,0.0,0.0
2018-06-22 00:00:00+09:00,8921.226431895897,8921.226431895897,8573.081010163374,8590.48828125,28040,0.0,0.0
2018-06-25 00:00:00+09:00,8590.488477539062,8790.672099609375,8590.488477539062,8703.6357421875,7157,0.0,0.0
2018-06-26 00:00:00+09:00,8703.63551980198,8834.19005259901,8686.228248762376,8790.671875,7185,0.0,0.0
2018-06-27 00:00:00+09:00,8790.671875,8964.74458539604,8790.671875,8790.671875,5004,0.0,0.0
2018-06-28 00:00:00+09:00,8660.119030522364,8921.228147020527,8660.119030522364,8877.7099609375,3886,0.0,0.0
2018-06-29 00:00:00+09:00,8590.488258044554,8834.19005259901,8590.488258044554,8790.671875,13863,0.0,0.0
2018-07-02 00:00:00+09:00,8703.6357421875,8877.708457031249,8677.524834960937,8703.6357421875,7830,0.0,0.0
2018-07-03 00:00:00+09:00,8703.635891317734,8834.1904296875,8625.303168295874,8834.1904296875,5669,0.0,0.0
2018-07-04 00:00:00+09:00,8834.1904296875,8921.226788600678,8703.635891317734,8834.1904296875,5494,0.0,0.0
2018-07-05 00:00:00+09:00,8834.19005259901,8834.19005259901,8703.63551980198,8790.671875,5501,0.0,0.0
2018-07-06 00:00:00+09:00,8790.672250230911,8877.708609144089,8703.635891317734,8834.1904296875,5526,0.0,0.0
2018-07-09 00:00:00+09:00,8877.708457031249,8964.744814453124,8634.00665625,8703.6357421875,5959,0.0,0.0
2018-07-10 00:00:00+09:00,8747.153966135396,8964.74486081538,8590.488521965806,8686.228515625,14720,0.0,0.0
2018-07-11 00:00:00+09:00,8703.63551980198,8834.19005259901,8607.895529084159,8790.671875,20638,0.0,0.0
2018-07-12 00:00:00+09:00,8790.671496035447,8921.226023204292,8703.635144589553,8747.1533203125,30822,0.0,0.0
2018-07-13 00:00:00+09:00,8964.746333103554,8964.746333103554,8747.155402688419,8877.7099609375,6614,0.0,0.0
2018-07-16 00:00:00+09:00,8747.15369740099,8921.226407797029,8747.15369740099,8790.671875,2945,0.0,0.0
2018-07-17 00:00:00+09:00,8790.671875,9051.780940594059,8660.11734220297,8790.671875,28068,0.0,0.0
2018-07-18 00:00:00+09:00,8790.672250230911,8921.226788600678,8660.117711861145,8834.1904296875,6848,0.0,0.0
2018-07-19 00:00:00+09:00,8834.19005259901,8964.74458539604,8747.15369740099,8790.671875,2423,0.0,0.0
2018-07-20 00:00:00+09:00,8834.189894786432,8834.189894786432,8529.562657035176,8660.1171875,35788,0.0,0.0
2018-07-23 00:00:00+09:00,8686.229681581439,8747.155140269886,8599.193312026515,8616.6005859375,7230,0.0,0.0
2018-07-24 00:00:00+09:00,8703.635074887088,8747.153250261525,8164.009700244089,8190.12060546875,45888,0.0,0.0
2018-07-25 00:00:00+09:00,8311.970829697379,8311.970829697379,8129.194507787803,8259.7490234375,7111,0.0,0.0
2018-07-26 00:00:00+09:00,8259.750110191835,8425.119185106107,8224.93556810462,8407.7119140625,6694,0.0,0.0
2018-07-27 00:00:00+09:00,8407.711737599462,8477.3408203125,8294.564478190772,8477.3408203125,3515,0.0,0.0
2018-07-30 00:00:00+09:00,8442.526456149715,8512.155540324145,8390.304643018892,8407.7119140625,2680,0.0,0.0
2018-07-31 00:00:00+09:00,8512.155829326923,8512.155829326923,8381.601292067307,8486.044921875,2916,0.0,0.0
2018-08-01 00:00:00+09:00,8529.562543935328,8529.562543935328,8399.008015201623,8512.1552734375,1064,0.0,0.0
2018-08-02 00:00:00+09:00,8555.673627778673,8555.673627778673,8442.5263671875,8442.5263671875,2863,0.0,0.0
2018-08-03 00:00:00+09:00,8451.228815569197,8564.376060267858,8407.71064453125,8529.5615234375,2092,0.0,0.0
2018-08-06 00:00:00+09:00,8564.377084930982,8564.377084930982,8311.971662712487,8512.1552734375,4456,0.0,0.0
2018-08-07 00:00:00+09:00,8512.155585451246,8564.377398858922,8381.601051932055,8390.3046875,1546,0.0,0.0
2018-08-08 00:00:00+09:00,8451.230605367551,8477.341513520078,8355.49060880829,8399.0087890625,14055,0.0,0.0
2018-08-09 00:00:00+09:00,8477.340908907861,8486.04454433795,8425.11909632732,8442.5263671875,3159,0.0,0.0
2018-08-10 00:00:00+09:00,8512.155721963074,8512.155721963074,8338.0830078125,8338.0830078125,6308,0.0,0.0
2018-08-13 00:00:00+09:00,8259.751116367312,8433.823848008351,8146.603840800637,8207.529296875,7602,0.0,0.0
2018-08-14 00:00:00+09:00,8268.454752949365,8355.491118769884,7859.383833592922,8207.529296875,7870,0.0,0.0
2018-08-16 00:00:00+09:00,8120.4915032842355,8277.156934215765,8120.4915032842355,8198.82421875,5414,0.0,0.0
2018-08-17 00:00:00+09:00,8259.749620340637,8285.86052535752,8137.898730261851,8216.2314453125,2111,0.0,0.0
2018-08-20 00:00:00+09:00,8277.158389531416,8303.269299277572,8164.011113964741,8207.529296875,758,0.0,0.0
2018-08-21 00:00:00+09:00,8207.527810306872,8259.749620340637,8120.491460250595,8216.2314453125,5146,0.0,0.0
2018-08-22 00:00:00+09:00,8181.416948646497,8311.971474422771,8137.898773387739,8198.82421875,5311,0.0,0.0
2018-08-23 00:00:00+09:00,8311.973502950465,8338.084414478059,8146.604396609043,8181.4189453125,6172,0.0,0.0
2018-08-24 00:00:00+09:00,8120.491677261777,8294.56438202623,8120.491677261777,8129.1953125,3787,0.0,0.0
2018-08-27 00:00:00+09:00,8129.195062804713,8233.63868245531,8033.455078125001,8033.455078125,5943,0.0,0.0
2018-08-28 00:00:00+09:00,8094.380522921181,8094.380522921181,8016.047808183234,8033.455078125,4343,0.0,0.0
2018-08-29 00:00:00+09:00,8094.380749707553,8407.711617438168,8085.677114492814,8137.89892578125,4002,0.0,0.0
2018-08-30 00:00:00+09:00,8181.417101854947,8259.7498187876,8137.89892578125,8137.89892578125,3674,0.0,0.0
2018-08-31 00:00:00+09:00,8068.269692973727,8251.04602906051,8068.269692973727,8198.82421875,4767,0.0,0.0
2018-09-03 00:00:00+09:00,8181.416314047681,8294.563560944085,8033.454529644691,8259.7490234375,3552,0.0,0.0
2018-09-04 00:00:00+09:00,8137.899324622271,8233.63931667665,8094.381146415734,8172.7138671875,11760,0.0,0.0
2018-09-05 00:00:00+09:00,8181.4189453125,8233.640768367686,8094.382573553857,8181.4189453125,6677,0.0,0.0
2018-09-06 00:00:00+09:00,8181.4189453125,8233.640768367686,8094.382573553857,8181.4189453125,3287,0.0,0.0
2018-09-07 00:00:00+09:00,8181.417146051044,8190.120781312801,8068.269887648211,8120.49169921875,3879,0.0,0.0
2018-09-10 00:00:00+09:00,8042.158960117773,8137.898947738223,8042.158960117773,8129.1953125,1676,0.0,0.0
2018-09-11 00:00:00+09:00,8181.416970393863,8198.824240543638,8094.380619644992,8190.12060546875,2492,0.0,0.0
2018-09-12 00:00:00+09:00,8216.232388054654,8259.75056807613,7937.7160359172085,8042.15966796875,18335,0.0,0.0
2018-09-13 00:00:00+09:00,8042.160063644936,8094.381882240033,7998.641881482355,8076.974609375,2529,0.0,0.0
2018-09-14 00:00:00+09:00,8111.789847905585,8268.455317071144,8111.789847905585,8181.4189453125,3222,0.0,0.0
2018-09-17 00:00:00+09:00,8181.4189453125,8268.455317071144,8016.049838971077,8181.4189453125,8379,0.0,0.0
2018-09-18 00:00:00+09:00,8172.714047605062,8190.121319271952,8094.381325104055,8103.0849609375,875,0.0,0.0
2018-09-19 00:00:00+09:00,8172.714610132678,8172.714610132678,8024.752790779903,8076.974609375,2985,0.0,0.0
2018-09-20 00:00:00+09:00,8076.973479278075,8137.89892578125,7920.308045412768,8137.89892578125,8170,0.0,0.0
2018-09-21 00:00:00+09:00,8137.899849570995,8137.899849570995,7972.53076171875,7972.53076171875,3406,0.0,0.0
2018-09-27 00:00:00+09:00,7972.529850937842,8007.344391771631,7868.086228436473,7946.4189453125,11727,0.0,0.0
2018-09-28 00:00:00+09:00,7946.418521419986,8024.751234117445,7841.974904490041,7920.3076171875,8014,0.0,0.0
2018-10-01 00:00:00+09:00,7955.123052349005,8024.752138146371,7737.532159232238,7763.64306640625,21947,0.0,0.0
2018-10-02 00:00:00+09:00,7841.975162905415,7841.975162905415,7711.420637440841,7815.8642578125,8409,0.0,0.0
2018-10-04 00:00:00+09:00,7746.2359757229215,7876.7905146396,7624.385072734021,7694.01416015625,10246,0.0,0.0
2018-10-05 00:00:00+09:00,7711.420760371768,7711.420760371768,7537.348056977371,7572.16259765625,6586,0.0,0.0
2018-10-08 00:00:00+09:00,7572.163992026417,7746.2367274753005,7572.163992026417,7598.27490234375,1340,0.0,0.0
2018-10-10 00:00:00+09:00,7659.200359750859,7667.903996523303,7441.6094404397545,7598.27490234375,6017,0.0,0.0
2018-10-11 00:00:00+09:00,7572.1623783682635,7572.1623783682635,7267.53515625,7267.53515625,7990,0.0,0.0
2018-10-12 00:00:00+09:00,7049.94488331742,7415.497580970917,7049.94488331742,7406.7939453125,4853,0.0,0.0
2018-10-15 00:00:00+09:00,7232.721254021139,7398.09033203125,7180.499439912684,7398.09033203125,7043,0.0,0.0
2018-10-16 00:00:00+09:00,7398.090774464496,7415.498046875,7189.2035055384395,7415.498046875,1460,0.0,0.0
2018-10-17 00:00:00+09:00,7415.498325892857,7519.941964285714,7319.758324032738,7493.8310546875,3129,0.0,0.0
2018-10-18 00:00:00+09:00,7519.9419876453485,7519.9419876453485,7406.794712368277,7485.12744140625,2586,0.0,0.0
2018-10-19 00:00:00+09:00,7485.126795433247,7546.05224609375,7363.275894112241,7546.05224609375,2478,0.0,0.0
2018-10-22 00:00:00+09:00,7485.126245959052,7572.16259765625,7398.089894261853,7572.16259765625,2055,0.0,0.0
2018-10-23 00:00:00+09:00,7580.866681410846,7589.570317095588,7337.164882238051,7398.09033203125,6233,0.0,0.0
2018-10-24 00:00:00+09:00,7502.534502137382,7580.867228957842,7328.461775869693,7380.68359375,1599,0.0,0.0
2018-10-25 00:00:00+09:00,7311.054382324219,7311.054382324219,7058.6489334106445,7241.42529296875,16742,0.0,0.0
2018-10-26 00:00:00+09:00,7224.01708984375,7224.01708984375,7023.833483739646,7224.01708984375,11581,0.0,0.0
2018-10-29 00:00:00+09:00,7224.017491594146,7250.128398190269,6867.168434780459,6875.8720703125,18199,0.0,0.0
2018-10-30 00:00:00+09:00,6875.871915924953,6971.611904627705,6814.946468568655,6936.79736328125,1269,0.0,0.0
2018-10-31 00:00:00+09:00,6858.464451186414,7015.1298828125,6858.464451186414,7015.1298828125,2902,0.0,0.0
2018-11-01 00:00:00+09:00,7041.240402666111,7180.498556488927,7015.129498824333,7171.794921875,1641,0.0,0.0
2018-11-02 00:00:00+09:00,7163.0920416169565,7171.7956771474755,6962.9084244150245,7067.35205078125,28682,0.0,0.0
2018-11-05 00:00:00+09:00,7058.6479059761305,7084.75881068381,6893.278842827491,7076.05517578125,3727,0.0,0.0
2018-11-06 00:00:00+09:00,6971.612103949653,7076.055730975116,6945.501197193287,7049.94482421875,3381,0.0,0.0
2018-11-07 00:00:00+09:00,7084.759321842287,7084.759321842287,6971.6120599455435,7067.35205078125,4284,0.0,0.0
2018-11-08 00:00:00+09:00,7154.388227658156,7154.388227658156,7006.426427329459,7136.98095703125,11566,0.0,0.0
2018-11-09 00:00:00+09:00,7136.98095703125,7145.684592344704,7049.944603896723,7136.98095703125,2778,0.0,0.0
2018-11-12 00:00:00+09:00,7136.981400167275,7154.388671875,7006.426862359337,7154.388671875,7764,0.0,0.0
2018-11-13 00:00:00+09:00,7136.981559144939,7154.388831240414,6989.019746333398,7093.46337890625,6372,0.0,0.0
2018-11-14 00:00:00+09:00,7093.4633334847385,7110.87060546875,6997.723337572675,7110.87060546875,1279,0.0,0.0
2018-11-15 00:00:00+09:00,7136.98095703125,7197.9064042254195,7023.833697956365,7136.98095703125,1950,0.0,0.0
2018-11-16 00:00:00+09:00,7136.981651221486,7163.092559701565,7023.834381141145,7058.64892578125,2724,0.0,0.0
2018-11-19 00:00:00+09:00,7206.610039538872,7206.610039538872,7023.833697956365,7136.98095703125,1437,0.0,0.0
2018-11-20 00:00:00+09:00,7049.944735440341,7145.684725674716,6971.61201615767,7084.75927734375,1285,0.0,0.0
2018-11-21 00:00:00+09:00,7058.64892578125,7128.27801506146,6928.094383380857,7058.64892578125,3418,0.0,0.0
2018-11-22 00:00:00+09:00,7136.981559144939,7136.981559144939,7006.427018428873,7093.46337890625,1565,0.0,0.0
2018-11-23 00:00:00+09:00,7119.57421875,7136.981490678484,6997.723315250611,7119.57421875,1173,0.0,0.0
2018-11-26 00:00:00+09:00,7136.98095703125,7136.98095703125,6980.315521389101,7136.98095703125,652,0.0,0.0
2018-11-27 00:00:00+09:00,7136.981513444767,7136.981513444767,7006.42697356468,7110.87060546875,9685,0.0,0.0
2018-11-28 00:00:00+09:00,7110.8705827857575,7119.57421875,7023.834223143337,7119.57421875,2276,0.0,0.0
2018-11-29 00:00:00+09:00,7136.98095703125,7145.684592344704,7084.759145150534,7136.98095703125,2633,0.0,0.0
2018-11-30 00:00:00+09:00,7136.981400167275,7180.499579436588,7041.241405774787,7154.388671875,2154,0.0,0.0
2018-12-03 00:00:00+09:00,7189.202768911967,7189.202768911967,7049.944603896723,7136.98095703125,2840,0.0,0.0
2018-12-04 00:00:00+09:00,7136.98095703125,7171.7954982850615,7041.24096858327,7136.98095703125,4967,0.0,0.0
2018-12-05 00:00:00+09:00,7049.945176068474,7102.1669921875,6945.501543830423,7102.1669921875,3535,0.0,0.0
2018-12-06 00:00:00+09:00,7136.981275908802,7136.981275908802,6788.835847815689,6823.650390625,30071,0.0,0.0
2018-12-07 00:00:00+09:00,6919.390247972706,6919.390247972706,6814.946621588212,6875.8720703125,1480,0.0,0.0
2018-12-10 00:00:00+09:00,6867.168637088869,6867.168637088869,6762.725007627441,6797.53955078125,1766,0.0,0.0
2018-12-11 00:00:00+09:00,6867.168728508083,6867.168728508083,6658.281466804416,6762.72509765625,17463,0.0,0.0
2018-12-12 00:00:00+09:00,6814.946600190995,6823.650235695709,6579.94844156372,6693.095703125,27109,0.0,0.0
2018-12-13 00:00:00+09:00,6754.02099609375,6762.724631397995,6684.391913659794,6754.02099609375,1175,0.0,0.0
2018-12-14 00:00:00+09:00,6754.020930279205,6788.835471156932,6614.762766768293,6780.1318359375,7071,0.0,0.0
2018-12-17 00:00:00+09:00,6797.538761546777,6954.204187549135,6788.835126768868,6919.3896484375,2623,0.0,0.0
2018-12-18 00:00:00+09:00,6945.501154568829,6945.501154568829,6797.53935052413,6875.8720703125,6757,0.0,0.0
2018-12-19 00:00:00+09:00,7023.834142456055,7023.834142456055,6875.872332763672,6962.90869140625,2036,0.0,0.0
2018-12-20 00:00:00+09:00,6962.908646352867,7032.537732816397,6867.168652465516,6980.31591796875,2197,0.0,0.0
2018-12-21 00:00:00+09:00,6962.908973269468,7041.24169921875,6919.390792186534,7041.24169921875,5595,0.0,0.0
2018-12-24 00:00:00+09:00,7049.94462265723,7049.94462265723,6936.79736328125,6936.79736328125,3695,0.0,0.0
2018-12-26 00:00:00+09:00,6936.797166999457,7049.944423173852,6928.093531909119,7015.1298828125,6143,0.0,0.0
2018-12-27 00:00:00+09:00,7192.503581536911,7192.503581536911,7112.685416020471,7148.16015625,66,150.0,0.0
2018-12-28 00:00:00+09:00,7192.503881131392,7192.503881131392,7059.473599729455,7068.34228515625,1763,0.0,0.0
2019-01-02 00:00:00+09:00,7094.948408018868,7103.817093528892,7006.261552918632,7050.60498046875,244,0.0,0.0
2019-01-03 00:00:00+09:00,7183.635433148734,7183.635433148734,6961.918290150316,7006.26171875,439,0.0,0.0
2019-01-04 00:00:00+09:00,6935.312615758985,7183.635829622478,6846.62575366488,7032.8681640625,853,0.0,0.0
2019-01-07 00:00:00+09:00,7094.9487640801,7094.9487640801,6935.312416888298,7086.080078125,2334,0.0,0.0
2019-01-08 00:00:00+09:00,7183.635829622478,7183.635829622478,7032.8681640625,7032.8681640625,975,0.0,0.0
2019-01-09 00:00:00+09:00,7112.685779038915,7112.685779038915,6997.392867408608,7050.60498046875,15937,0.0,0.0
2019-01-10 00:00:00+09:00,7165.897528840075,7165.897528840075,7006.261197752054,7015.1298828125,1954,0.0,0.0
2019-01-11 00:00:00+09:00,7094.948408018868,7112.685779038915,7006.261552918632,7050.60498046875,3490,0.0,0.0
2019-01-14 00:00:00+09:00,7192.503780517578,7192.503780517578,7006.261389160156,7094.9482421875,1070,0.0,0.0
2019-01-15 00:00:00+09:00,7103.816730963089,7165.897526364764,7068.341990733561,7148.16015625,2865,0.0,0.0
2019-01-16 00:00:00+09:00,7183.635912024456,7183.635912024456,7086.0803626019015,7139.29248046875,3322,0.0,0.0
2019-01-17 00:00:00+09:00,7139.291826413001,7192.503939404899,7077.2110279224535,7183.63525390625,1530,0.0,0.0
2019-01-18 00:00:00+09:00,7174.765951320638,7281.190168151105,7148.1598971130215,7219.109375,9201,0.0,0.0
2019-01-21 00:00:00+09:00,7210.2411122041585,7316.665335262523,7183.635056439568,7236.84716796875,3704,0.0,0.0
2019-01-22 00:00:00+09:00,7307.796222358722,7316.664907094594,7201.372005528255,7219.109375,3540,0.0,0.0
2019-01-23 00:00:00+09:00,7219.110318011887,7272.322433378068,7183.635574434433,7227.97900390625,6613,0.0,0.0
2019-01-24 00:00:00+09:00,7254.584407155107,7272.32177734375,7192.503611494855,7272.32177734375,2365,0.0,0.0
2019-01-25 00:00:00+09:00,7325.53388790968,7325.53388790968,7263.453092249429,7272.32177734375,4738,0.0,0.0
2019-01-28 00:00:00+09:00,7316.665981930048,7378.746784200969,7272.322551736532,7325.53466796875,7318,0.0,0.0
2019-01-29 00:00:00+09:00,7325.534146623715,7369.877573661389,7245.715977955902,7334.40283203125,2952,0.0,0.0
2019-01-30 00:00:00+09:00,7334.4032866989355,7387.6154024428215,7281.1911709550495,7343.27197265625,2459,0.0,0.0
2019-01-31 00:00:00+09:00,7352.139940236714,7431.958106053517,7316.66519987369,7405.35205078125,5017,0.0,0.0
2019-02-01 00:00:00+09:00,7440.826758279754,7449.695443331339,7387.614647970245,7414.220703125,2482,0.0,0.0
2019-02-07 00:00:00+09:00,7369.878196179027,7715.756956288513,7361.009510022373,7556.12060546875,19252,0.0,0.0
2019-02-08 00:00:00+09:00,7724.625667156559,8372.039758663366,7627.070119121287,8061.6357421875,83484,0.0,0.0
2019-02-11 00:00:00+09:00,8141.452084748641,8185.795505689538,8008.421821925951,8159.189453125,28802,0.0,0.0
2019-02-12 00:00:00+09:00,8159.192033126365,8168.060720118893,8070.505163201078,8123.71728515625,11725,0.0,0.0
2019-02-13 00:00:00+09:00,8097.111052439604,8230.141354505971,8097.111052439604,8168.060546875,15344,0.0,0.0
2019-02-14 00:00:00+09:00,8159.190751689189,8239.008922086148,8114.847323690878,8203.5341796875,11053,0.0,0.0
2019-02-15 00:00:00+09:00,8185.795706068353,8292.219918931647,8132.583599636706,8239.0078125,9953,0.0,0.0
2019-02-18 00:00:00+09:00,8309.958012049214,8309.958012049214,8168.059049196719,8176.927734375,14004,0.0,0.0
2019-02-19 00:00:00+09:00,8230.14064211391,8230.14064211391,8079.372979488979,8097.1103515625,13369,0.0,0.0
2019-02-20 00:00:00+09:00,8150.322604037748,8150.322604037748,8008.423625077351,8061.6357421875,5740,0.0,0.0
2019-02-21 00:00:00+09:00,8114.847859297648,8114.847859297648,8026.1609974474,8061.6357421875,4827,0.0,0.0
2019-02-22 00:00:00+09:00,8150.3221778743455,8150.3221778743455,8026.160577776151,8043.89794921875,4992,0.0,0.0
2019-02-25 00:00:00+09:00,8070.5029296875,8097.108983301855,8035.028191535028,8070.5029296875,7941,0.0,0.0
2019-02-26 00:00:00+09:00,8079.372039284594,8088.240724289298,7804.442804138796,7955.21044921875,21722,0.0,0.0
2019-02-27 00:00:00+09:00,7972.9481102488235,8008.4228515625,7955.210739591985,8008.4228515625,5115,0.0,0.0
2019-02-28 00:00:00+09:00,8079.372692103948,8105.978749267847,7990.685834890952,8043.89794921875,26926,0.0,0.0
2019-03-04 00:00:00+09:00,8061.634963533014,8061.634963533014,7972.9481102488235,8008.4228515625,5066,0.0,0.0
2019-03-05 00:00:00+09:00,8008.422950846354,8008.422950846354,7955.210838216146,7981.81689453125,9089,0.0,0.0
2019-03-06 00:00:00+09:00,7981.816340191657,8008.422394658963,7857.654752677565,7866.5234375,13090,0.0,0.0
2019-03-07 00:00:00+09:00,8008.423335374357,8008.423335374357,7751.2314453125,7751.2314453125,11184,0.0,0.0
2019-03-08 00:00:00+09:00,7715.757005283598,7813.312553626264,7671.41357421875,7671.41357421875,5118,0.0,0.0
2019-03-11 00:00:00+09:00,7910.867632830585,8026.160546761972,7582.726262410482,7662.54443359375,5982,0.0,0.0
2019-03-12 00:00:00+09:00,7839.918147334346,7981.817118326823,7644.807062219691,7662.54443359375,14912,0.0,0.0
2019-03-13 00:00:00+09:00,7831.049926052204,7831.049926052204,7635.938829366872,7671.41357421875,3670,0.0,0.0
2019-03-14 00:00:00+09:00,7609.332770727962,7715.757005283598,7609.332770727962,7671.41357421875,7067,0.0,0.0
2019-03-15 00:00:00+09:00,7795.574718899197,7795.574718899197,7582.726262410482,7662.54443359375,6799,0.0,0.0
2019-03-18 00:00:00+09:00,7760.100608648257,7760.100608648257,7582.726880450582,7627.0703125,14927,0.0,0.0
2019-03-19 00:00:00+09:00,7680.282465303041,7680.282465303041,7573.858227908542,7618.20166015625,18730,0.0,0.0
2019-03-20 00:00:00+09:00,7618.201205451449,7618.201205451449,7582.7264617706505,7609.33251953125,13433,0.0,0.0
2019-03-21 00:00:00+09:00,7609.332884069991,7857.65610173195,7556.1207659995725,7768.96923828125,15356,0.0,0.0
2019-03-22 00:00:00+09:00,7813.312246361914,7813.312246361914,7715.756701855692,7751.2314453125,15561,0.0,0.0
2019-03-25 00:00:00+09:00,7831.0494957633255,7831.0494957633255,7609.332352621668,7653.67578125,16159,0.0,0.0
2019-03-26 00:00:00+09:00,7795.574874633509,7795.574874633509,7609.332471485269,7751.2314453125,14829,0.0,0.0
2019-03-27 00:00:00+09:00,7751.231750135476,7751.231750135476,7644.807515579841,7671.41357421875,13261,0.0,0.0
2019-03-28 00:00:00+09:00,7627.069493085489,7733.493718570403,7591.594751257184,7715.75634765625,14394,0.0,0.0
2019-03-29 00:00:00+09:00,7715.75652461724,7928.60498046875,7671.413096314842,7928.60498046875,16316,0.0,0.0
2019-04-01 00:00:00+09:00,8070.503648861434,8070.503648861434,7822.1804596656975,8008.4228515625,4586,0.0,0.0
2019-04-02 00:00:00+09:00,8097.110623489295,8097.110623489295,7990.686387474102,8026.1611328125,3939,0.0,0.0
2019-04-03 00:00:00+09:00,8088.241937154696,8088.241937154696,7822.1813471167125,8026.1611328125,26105,0.0,0.0
2019-04-04 00:00:00+09:00,7955.2107723938125,8026.160255313713,7955.2107723938125,7999.55419921875,3435,0.0,0.0
2019-04-05 00:00:00+09:00,8070.50368213865,8070.50368213865,7981.816828488774,7999.55419921875,7494,0.0,0.0
2019-04-08 00:00:00+09:00,7946.342605438402,8043.8981508176685,7946.342605438402,7990.68603515625,5485,0.0,0.0
2019-04-09 00:00:00+09:00,8043.8976260436875,8043.8976260436875,7972.948143123787,7999.55419921875,21421,0.0,0.0
2019-04-10 00:00:00+09:00,7999.554938892326,8061.6357421875,7990.686252707302,8061.6357421875,14625,0.0,0.0
2019-04-11 00:00:00+09:00,8097.108862015608,8283.351234526372,8052.765439989235,8239.0078125,23654,0.0,0.0
2019-04-12 00:00:00+09:00,8230.1416015625,8274.485036915747,8194.666853279903,8230.1416015625,17247,0.0,0.0
2019-04-15 00:00:00+09:00,8230.139583333334,8380.9072265625,8230.139583333334,8380.9072265625,15097,0.0,0.0
2019-04-16 00:00:00+09:00,8380.90924907211,8389.777936108165,8301.091065747614,8363.171875,8903,0.0,0.0
2019-04-17 00:00:00+09:00,8372.039185209425,8540.54421118292,8372.039185209425,8469.5947265625,31028,0.0,0.0
2019-04-18 00:00:00+09:00,8487.33032921167,8487.33032921167,8389.774808186248,8416.380859375,23155,0.0,0.0
2019-04-19 00:00:00+09:00,8416.382296540774,8451.857037516711,8230.139906417113,8292.220703125,21560,0.0,0.0
2019-04-22 00:00:00+09:00,8301.0890625,8336.563802083334,8221.2708984375,8247.876953125,4472,0.0,0.0
2019-04-23 00:00:00+09:00,8176.927473958333,8265.614322916666,8132.584049479166,8247.876953125,27941,0.0,0.0
2019-04-24 00:00:00+09:00,8247.8789757038,8247.8789757038,8159.192104997306,8230.1416015625,5232,0.0,0.0
2019-04-25 00:00:00+09:00,8230.140236486486,8230.140236486486,8150.322066089527,8203.5341796875,3446,0.0,0.0
2019-04-26 00:00:00+09:00,8159.1899738166485,8159.1899738166485,8079.371811029312,8150.3212890625,3586,0.0,0.0
2019-04-29 00:00:00+09:00,8203.532874065897,8203.532874065897,8079.371295431386,8159.189453125,1470,0.0,0.0
2019-04-30 00:00:00+09:00,8097.110623489295,8185.797486835289,7972.949014804903,8026.1611328125,7131,0.0,0.0
2019-05-02 00:00:00+09:00,8114.846352378091,8114.846352378091,7981.816084306319,8070.5029296875,720,0.0,0.0
2019-05-03 00:00:00+09:00,8052.76658992416,8230.140303358614,7981.81710455038,8185.796875,1288,0.0,0.0
2019-05-07 00:00:00+09:00,8159.1899738166485,8159.1899738166485,8061.634441521015,8150.3212890625,1754,0.0,0.0
2019-05-08 00:00:00+09:00,8159.191270968614,8203.534701789096,8026.16097850717,8194.666015625,4173,0.0,0.0
2019-05-09 00:00:00+09:00,8176.927999350383,8176.927999350383,8008.422975502598,8105.978515625,8627,0.0,0.0
2019-05-10 00:00:00+09:00,8150.322604037748,8150.322604037748,7955.211507967203,8061.6357421875,4177,0.0,0.0
2019-05-13 00:00:00+09:00,8070.504564485497,8105.979309823894,7928.605583131905,8026.1611328125,4136,0.0,0.0
2019-05-14 00:00:00+09:00,8017.291892054851,8043.89794921875,7866.524234792758,8043.89794921875,1792,0.0,0.0
2019-05-15 00:00:00+09:00,8070.504166666667,9755.554487179486,7857.655705128205,8646.96875,677173,0.0,0.0
2019-05-16 00:00:00+09:00,8673.573478279533,9400.80561040522,8043.896876073146,8070.5029296875,428872,0.0,0.0
2019-05-17 00:00:00+09:00,8088.2406580228035,8256.745671731613,7901.99827444991,7972.94775390625,77366,0.0,0.0
2019-05-20 00:00:00+09:00,7848.786100297157,8088.240591492663,7804.442676001692,7857.65478515625,69618,0.0,0.0
2019-05-21 00:00:00+09:00,7884.261651892186,8017.2919384820425,7742.362679529671,7901.9990234375,22147,0.0,0.0
2019-05-22 00:00:00+09:00,7955.210030691965,8114.846352378091,7831.04844715831,8070.5029296875,30810,0.0,0.0
2019-05-23 00:00:00+09:00,8079.371940104166,8327.695117187499,8026.159830729166,8247.876953125,45426,0.0,0.0
2019-05-24 00:00:00+09:00,8203.532874065897,8327.694452700407,8088.239979619565,8159.189453125,25836,0.0,0.0
2019-05-27 00:00:00+09:00,8159.191654867853,8309.959326751281,8132.585595123719,8221.2724609375,21524,0.0,0.0
2019-05-28 00:00:00+09:00,8292.220835291353,8301.089520676693,8203.53398143797,8256.74609375,11253,0.0,0.0
2019-05-29 00:00:00+09:00,8256.74641509749,8327.695900941506,8079.372700487447,8301.08984375,20046,0.0,0.0
2019-05-30 00:00:00+09:00,8301.08991066649,8513.938369914347,8159.190937834583,8283.3525390625,26212,0.0,0.0
2019-05-31 00:00:00+09:00,8283.352606122586,8354.302093112929,8168.059689763278,8265.615234375,9980,0.0,0.0
2019-06-03 00:00:00+09:00,8265.615167458513,8283.3525390625,8079.372765616636,8283.3525390625,9291,0.0,0.0
2019-06-04 00:00:00+09:00,8256.74608652385,8407.513737942652,8256.74608652385,8389.7763671875,12110,0.0,0.0
2019-06-05 00:00:00+09:00,8425.251309009309,8478.463422539893,8327.69576753657,8336.564453125,9992,0.0,0.0
2019-06-07 00:00:00+09:00,8336.563412287685,8398.644203655786,8247.876567476114,8354.30078125,19791,0.0,0.0
2019-06-10 00:00:00+09:00,8354.301814054319,8487.332097717604,8292.221015011453,8469.5947265625,24779,0.0,0.0
2019-06-11 00:00:00+09:00,8469.59279357281,8700.178565963273,8451.85542646585,8602.623046875,35506,0.0,0.0
2019-06-12 00:00:00+09:00,8646.968720848881,8957.372726212687,8549.41317630597,8913.029296875,52191,0.0,0.0
2019-06-13 00:00:00+09:00,9090.402218624875,9445.149622278528,8833.210350975976,8859.81640625,122403,0.0,0.0
2019-06-14 00:00:00+09:00,8859.816210937499,9312.119140625,8771.129361979167,9312.119140625,66553,0.0,0.0
2019-06-17 00:00:00+09:00,9356.462980118644,9356.462980118644,8806.6044921875,8806.6044921875,80679,0.0,0.0
2019-06-18 00:00:00+09:00,8646.968720848881,8957.372726212687,8611.493977378732,8913.029296875,47504,0.0,0.0
2019-06-19 00:00:00+09:00,8957.37207521985,9046.058927449749,8717.91757419912,8824.341796875,19880,0.0,0.0
2019-06-20 00:00:00+09:00,8788.867386778236,8913.028984573286,8682.443160096764,8735.6552734375,25566,0.0,0.0
2019-06-21 00:00:00+09:00,8700.181917635535,8744.525352485869,8567.151613084532,8629.232421875,26474,0.0,0.0
2019-06-24 00:00:00+09:00,8629.230721969221,8868.685222989949,8602.624666300251,8824.341796875,13749,0.0,0.0
2019-06-25 00:00:00+09:00,8779.998046875,8824.341471354166,8327.695117187499,8513.9375,35892,0.0,0.0
2019-06-26 00:00:00+09:00,8460.725455457334,8709.048634443503,8345.43255092804,8496.2001953125,9901,0.0,0.0
2019-06-27 00:00:00+09:00,8620.360585155428,8620.360585155428,8301.087970890412,8416.380859375,17552,0.0,0.0
2019-06-28 00:00:00+09:00,8416.380859375,8513.936380400422,8345.431389538331,8416.380859375,4956,0.0,0.0
2019-07-01 00:00:00+09:00,8593.75572991421,8593.75572991421,8425.250715602166,8496.2001953125,6348,0.0,0.0
2019-07-02 00:00:00+09:00,8513.9375,8513.9375,8354.301171875,8380.9072265625,8461,0.0,0.0
2019-07-03 00:00:00+09:00,8380.909281763537,8380.909281763537,8194.666853279903,8230.1416015625,16281,0.0,0.0
2019-07-04 00:00:00+09:00,8247.877862627414,8292.221291996379,8159.191003889485,8265.615234375,5581,0.0,0.0
2019-07-05 00:00:00+09:00,8203.53443325845,8283.352606122586,8185.797061510864,8265.615234375,5365,0.0,0.0
2019-07-08 00:00:00+09:00,8265.616277036708,8442.990016887281,8114.848598163721,8123.71728515625,10005,0.0,0.0
2019-07-09 00:00:00+09:00,8247.878014187432,8247.878014187432,8088.241665525739,8097.1103515625,9306,0.0,0.0
2019-07-10 00:00:00+09:00,7928.605502650826,8097.110541297767,7910.868130161673,7919.73681640625,26231,0.0,0.0
2019-07-11 00:00:00+09:00,7981.816438838293,8061.634603226676,7822.180110061527,7972.94775390625,13851,0.0,0.0
2019-07-12 00:00:00+09:00,7972.948764180818,8008.423508404092,7919.736647845907,7964.080078125,4156,0.0,0.0
2019-07-15 00:00:00+09:00,7964.079003465364,7964.079003465364,7804.442676001692,7857.65478515625,5788,0.0,0.0
2019-07-16 00:00:00+09:00,7972.948611147769,7981.817297033362,7795.574893435917,7875.39306640625,6350,0.0,0.0
2019-07-17 00:00:00+09:00,7937.474278837579,7955.2116515277185,7618.201570415062,7768.96923828125,12047,0.0,0.0
2019-07-18 00:00:00+09:00,7875.391820330542,7875.391820330542,7653.6747082716865,7680.28076171875,4060,0.0,0.0
2019-07-19 00:00:00+09:00,7627.069843213672,7751.2314453125,7627.069843213672,7751.2314453125,2670,0.0,0.0
2019-07-22 00:00:00+09:00,7715.755891964543,7751.230631697713,7653.675097431495,7706.88720703125,2537,0.0,0.0
2019-07-23 00:00:00+09:00,7786.706494987356,7795.5751812003255,7671.41357421875,7671.41357421875,5641,0.0,0.0
2019-07-24 00:00:00+09:00,7724.625099568872,7813.311954902613,7653.675615301879,7698.01904296875,5206,0.0,0.0
2019-07-25 00:00:00+09:00,7715.756491673399,7715.756491673399,7467.4332942402325,7547.25146484375,6968,0.0,0.0
2019-07-26 00:00:00+09:00,7627.069623441302,7627.069623441302,7290.0595703125,7290.0595703125,7204,0.0,0.0
2019-07-29 00:00:00+09:00,7440.827465370974,7440.827465370974,7050.60528601898,7227.97900390625,9289,0.0,0.0
2019-07-30 00:00:00+09:00,7086.079801313489,7352.140369573069,7086.079801313489,7290.0595703125,2779,0.0,0.0
2019-07-31 00:00:00+09:00,7485.170219607469,7485.170219607469,7050.604649985709,7272.32177734375,2886,0.0,0.0
2019-08-01 00:00:00+09:00,7352.140606427339,7352.140606427339,7103.817401385161,7227.97900390625,4663,0.0,0.0
2019-08-02 00:00:00+09:00,6979.655487437307,7281.190794391397,6970.786801938657,7183.63525390625,3490,0.0,0.0
2019-08-05 00:00:00+09:00,6979.655463597283,7201.372600306218,6917.574665318782,7059.4736328125,10519,0.0,0.0
2019-08-06 00:00:00+09:00,6944.1808527166195,7254.584849964489,6828.887939453125,7023.9990234375,5205,0.0,0.0
2019-08-07 00:00:00+09:00,6846.625213738208,7077.211036998821,6846.625213738208,7050.60498046875,4792,0.0,0.0
2019-08-08 00:00:00+09:00,6944.181447866399,7130.423862176992,6944.181447866399,7121.55517578125,4925,0.0,0.0
2019-08-09 00:00:00+09:00,7254.584737895448,7254.584737895448,7103.817084418402,7183.63525390625,2382,0.0,0.0
2019-08-12 00:00:00+09:00,7157.028871117569,7298.927832626715,7094.948075457317,7272.32177734375,509,0.0,0.0
2019-08-13 00:00:00+09:00,7263.4529296875,7316.6650390625,7103.8166015625,7316.6650390625,1326,0.0,0.0
2019-08-14 00:00:00+09:00,7307.796511948529,7538.38232421875,7103.816754940257,7538.38232421875,10174,0.0,0.0
2019-08-16 00:00:00+09:00,7564.988611404582,7564.988611404582,7343.271477424377,7476.3017578125,7505,0.0,0.0
2019-08-19 00:00:00+09:00,7547.251374636844,7600.463487736517,7405.352406371052,7440.8271484375,7196,0.0,0.0
2019-08-20 00:00:00+09:00,7352.13993738511,7538.38232421875,7352.13993738511,7538.38232421875,4373,0.0,0.0
2019-08-21 00:00:00+09:00,7591.594434742647,7591.594434742647,7423.089418083639,7538.38232421875,5987,0.0,0.0
2019-08-22 00:00:00+09:00,7573.857723511464,7573.857723511464,7431.958749768861,7494.03955078125,4291,0.0,0.0
2019-08-23 00:00:00+09:00,7538.383368726047,7538.383368726047,7423.090446616118,7520.64599609375,625,0.0,0.0
2019-08-26 00:00:00+09:00,7538.382612776428,7538.382612776428,7068.34228515625,7068.34228515625,5729,0.0,0.0
2019-08-27 00:00:00+09:00,7298.9288592390085,7387.61572265625,7139.292505087973,7387.61572265625,4901,0.0,0.0
2019-08-28 00:00:00+09:00,7405.352083567521,7405.352083567521,7245.715751227143,7396.4833984375,1910,0.0,0.0
2019-08-29 00:00:00+09:00,7405.3530953396985,7405.3530953396985,7219.11068216349,7387.61572265625,2304,0.0,0.0
2019-08-30 00:00:00+09:00,7245.715719147642,7476.301531507298,7245.715719147642,7405.35205078125,7067,0.0,0.0
2019-09-02 00:00:00+09:00,7423.089420962761,7423.089420962761,7236.847034056886,7405.35205078125,2458,0.0,0.0
2019-09-03 00:00:00+09:00,7405.352842317078,7405.352842317078,7263.453865697828,7325.53466796875,6459,0.0,0.0
2019-09-04 00:00:00+09:00,7325.533723958333,7361.008463541666,7245.715559895833,7316.6650390625,6766,0.0,0.0
2019-09-05 00:00:00+09:00,7334.403153052696,7378.74658203125,7290.059724074144,7378.74658203125,5998,0.0,0.0
2019-09-06 00:00:00+09:00,7378.746716485507,7378.746716485507,7254.585113083107,7343.27197265625,6709,0.0,0.0
2019-09-09 00:00:00+09:00,7343.271517438785,7361.008888253855,7272.322034178506,7334.40283203125,1480,0.0,0.0
2019-09-10 00:00:00+09:00,7352.140726084859,7361.0094121235625,7254.585179659126,7325.53466796875,5501,0.0,0.0
2019-09-11 00:00:00+09:00,7307.797228826993,7405.3527743574505,7272.322484997736,7343.27197265625,4703,0.0,0.0
2019-09-16 00:00:00+09:00,7387.614713307479,7440.826824087605,7334.402602527353,7396.4833984375,6835,0.0,0.0
2019-09-17 00:00:00+09:00,7396.4831386394,7502.90735646155,7369.877084183862,7467.4326171875,5399,0.0,0.0
2019-09-18 00:00:00+09:00,7449.696154843009,7494.039584336123,7378.746667654028,7485.1708984375,5960,0.0,0.0
2019-09-19 00:00:00+09:00,7449.695701734875,7494.039128530916,7405.352274938834,7476.3017578125,4969,0.0,0.0
2019-09-20 00:00:00+09:00,7511.77666609953,7511.77666609953,7387.615068312762,7431.95849609375,4185,0.0,0.0
2019-09-23 00:00:00+09:00,7485.170443171708,7502.907813890124,7405.352274938834,7476.3017578125,3172,0.0,0.0
2019-09-24 00:00:00+09:00,7494.03982146524,7494.03982146524,7387.615587314254,7423.09033203125,7090,0.0,0.0
2019-09-25 00:00:00+09:00,7449.6951150722025,7449.6951150722025,7369.876953125,7369.876953125,3643,0.0,0.0
2019-09-26 00:00:00+09:00,7449.6961700844395,7449.6961700844395,7281.191137665863,7352.140625,8277,0.0,0.0
2019-09-27 00:00:00+09:00,7387.614944476459,7387.614944476459,7298.928090401111,7334.40283203125,4987,0.0,0.0
2019-09-30 00:00:00+09:00,7414.221000699063,7414.221000699063,7298.928090401111,7334.40283203125,4475,0.0,0.0
2019-10-01 00:00:00+09:00,7396.483953622671,7405.352639418382,7316.665781461275,7378.74658203125,6983,0.0,0.0
2019-10-02 00:00:00+09:00,7361.008463541666,7414.220572916666,7316.6650390625,7316.6650390625,3970,0.0,0.0
2019-10-04 00:00:00+09:00,7352.140625,7423.090112334137,7272.322451749095,7352.140625,4544,0.0,0.0
2019-10-07 00:00:00+09:00,7423.089093679405,7423.089093679405,7298.927507883094,7361.00830078125,2378,0.0,0.0
2019-10-08 00:00:00+09:00,7396.483629883994,7414.221000699063,7298.928090401111,7334.40283203125,4312,0.0,0.0
2019-10-10 00:00:00+09:00,7396.48443111056,7396.48443111056,7192.504644641084,7254.58544921875,6058,0.0,0.0
2019-10-11 00:00:00+09:00,7254.584679118962,7343.27153338692,7050.6049143026585,7068.34228515625,24807,0.0,0.0
2019-10-14 00:00:00+09:00,7139.29248046875,7174.7672257133145,7050.605617357337,7139.29248046875,30525,0.0,0.0
2019-10-15 00:00:00+09:00,7183.635912024456,7183.635912024456,7112.686421535325,7139.29248046875,3961,0.0,0.0
2019-10-16 00:00:00+09:00,7183.635775986944,7245.716578989301,7121.554972984588,7174.76708984375,2170,0.0,0.0
2019-10-17 00:00:00+09:00,7192.50466694719,7201.373353342932,7068.343057406794,7121.55517578125,8857,0.0,0.0
2019-10-18 00:00:00+09:00,7174.766178627439,7174.766178627439,7086.079328458991,7157.02880859375,1676,0.0,0.0
2019-10-21 00:00:00+09:00,7174.7665684076,7183.63525390625,7068.3423424238035,7183.63525390625,10412,0.0,0.0
2019-10-22 00:00:00+09:00,7201.372624903549,7227.978681399498,7103.817084418402,7183.63525390625,5025,0.0,0.0
2019-10-23 00:00:00+09:00,7227.979071172547,7227.979071172547,7139.292211403559,7210.24169921875,2135,0.0,0.0
2019-10-24 00:00:00+09:00,7219.110452710774,7219.110452710774,7112.686219992679,7192.50439453125,4734,0.0,0.0
2019-10-25 00:00:00+09:00,7148.159797040601,7201.371904710879,7068.341635535186,7112.68505859375,6825,0.0,0.0
2019-10-28 00:00:00+09:00,7094.948308270677,7157.029105968046,7050.604881343986,7077.2109375,12302,0.0,0.0
2019-10-29 00:00:00+09:00,7112.6855797928365,7112.6855797928365,7068.342153484901,7103.81689453125,13439,0.0,0.0
2019-10-30 00:00:00+09:00,7086.079004758611,7139.2911124288885,7077.210320146898,7112.68505859375,11841,0.0,0.0
2019-10-31 00:00:00+09:00,7157.028481652314,7174.76585087574,7094.947689370324,7112.68505859375,2988,0.0,0.0
2019-11-01 00:00:00+09:00,7201.372233677974,7201.372233677974,7094.948013475836,7157.02880859375,2287,0.0,0.0
2019-11-04 00:00:00+09:00,7192.503709025015,7245.7158203125,7094.948171664627,7245.7158203125,4460,0.0,0.0
2019-11-05 00:00:00+09:00,7263.453223733341,7272.321908988205,7219.109797459023,7236.84716796875,1062,0.0,0.0
2019-11-06 00:00:00+09:00,7272.322787889195,7272.322787889195,7165.898551968865,7263.4541015625,2890,0.0,0.0
2019-11-07 00:00:00+09:00,7192.503709025015,7272.321875956242,7165.897653381273,7245.7158203125,4166,0.0,0.0
2019-11-08 00:00:00+09:00,7272.321908988205,7272.321908988205,7192.5037416944315,7236.84716796875,3057,0.0,0.0
2019-11-11 00:00:00+09:00,7263.454135586989,7263.454135586989,7183.6359582728455,7254.58544921875,3951,0.0,0.0
2019-11-12 00:00:00+09:00,7298.928881059941,7298.928881059941,7192.504644641084,7254.58544921875,1948,0.0,0.0
2019-11-13 00:00:00+09:00,7254.585129103244,7254.585129103244,7157.029583357357,7210.24169921875,5305,0.0,0.0
2019-11-14 00:00:00+09:00,7183.63492351235,7538.38232714259,7183.63492351235,7405.35205078125,80198,0.0,0.0
2019-11-15 00:00:00+09:00,7405.352018073415,7449.695443331339,7325.533852609151,7414.220703125,13712,0.0,0.0
2019-11-18 00:00:00+09:00,7440.827586471891,7440.827586471891,7272.322551736532,7325.53466796875,14647,0.0,0.0
2019-11-19 00:00:00+09:00,7325.534784059512,7494.03982146524,7272.32266698402,7423.09033203125,17425,0.0,0.0
2019-11-20 00:00:00+09:00,7440.8275181867075,7494.0396339305935,7272.322484997736,7343.27197265625,17236,0.0,0.0
2019-11-21 00:00:00+09:00,7343.271258098323,7343.271258098323,7183.634926400534,7272.32177734375,10652,0.0,0.0
2019-11-22 00:00:00+09:00,7298.928189472087,7316.665560527912,7183.635277609223,7307.796875,8165,0.0,0.0
2019-11-25 00:00:00+09:00,7298.927507883094,7361.00830078125,7210.24066088573,7361.00830078125,8371,0.0,0.0
2019-11-26 00:00:00+09:00,7378.745995508982,7431.958106053517,7325.533884964446,7405.35205078125,8501,0.0,0.0
2019-11-27 00:00:00+09:00,7431.957778379141,7449.695147778614,7325.533561982304,7361.00830078125,10381,0.0,0.0
2019-11-28 00:00:00+09:00,7414.220572916666,7414.220572916666,7298.927669270834,7316.6650390625,7761,0.0,0.0
2019-11-29 00:00:00+09:00,7343.271920532976,7343.271920532976,7227.97900390625,7227.97900390625,10958,0.0,0.0
2019-12-02 00:00:00+09:00,7227.9793901140365,7272.322821955227,7192.504644641084,7254.58544921875,6778,0.0,0.0
2019-12-03 00:00:00+09:00,7263.453423394097,7263.453423394097,7121.554455415702,7183.63525390625,33895,0.0,0.0
2019-12-04 00:00:00+09:00,7174.767259891946,7192.504632598725,7068.343023651275,7130.423828125,38160,0.0,0.0
2019-12-05 00:00:00+09:00,7183.635912024456,7227.979343580163,7077.211676290761,7139.29248046875,50246,0.0,0.0
2019-12-06 00:00:00+09:00,7094.948914555006,7201.373148273332,7006.262053123069,7174.76708984375,41507,0.0,0.0
2019-12-09 00:00:00+09:00,7219.11036925385,7343.27197265625,7165.898253509964,7343.27197265625,68983,0.0,0.0
2019-12-10 00:00:00+09:00,7272.322451749095,7352.140625,7210.241650331725,7352.140625,13440,0.0,0.0
2019-12-11 00:00:00+09:00,7307.796354166667,8159.190104166666,7307.796354166667,7449.6953125,335104,0.0,0.0
2019-12-12 00:00:00+09:00,7485.17024973771,7520.644990257794,7352.139972787395,7396.4833984375,49986,0.0,0.0
2019-12-13 00:00:00+09:00,7396.4831386394,7556.119465372624,7378.745769002375,7467.4326171875,73677,0.0,0.0
2019-12-16 00:00:00+09:00,7476.3017578125,7520.645184608541,7423.089645657251,7476.3017578125,38055,0.0,0.0
2019-12-17 00:00:00+09:00,7511.776956133368,7511.776956133368,7423.090097147142,7485.1708984375,20386,0.0,0.0
2019-12-18 00:00:00+09:00,7529.513910997015,7529.513910997015,7227.9786071408325,7334.40283203125,78836,0.0,0.0
2019-12-19 00:00:00+09:00,7334.402344909813,7485.169986824525,7281.190235998738,7467.4326171875,31134,0.0,0.0
2019-12-20 00:00:00+09:00,7467.43281343451,7502.907553640849,7378.745962918661,7414.220703125,10064,0.0,0.0
2019-12-23 00:00:00+09:00,7396.483953622671,7405.352639418382,7316.665781461275,7378.74658203125,10205,0.0,0.0
2019-12-24 00:00:00+09:00,7378.746716485507,7431.958832229393,7316.6659147843075,7343.27197265625,12709,0.0,0.0
2019-12-26 00:00:00+09:00,7352.139714546837,7476.3013020060125,7334.402344909813,7467.4326171875,23445,0.0,0.0
2019-12-27 00:00:00+09:00,7651.359262589928,7724.930024730216,7642.162917322392,7669.751953125,16403,300.0,0.0
2019-12-30 00:00:00+09:00,7678.9489339192705,7734.127010091146,7642.163549804687,7724.9306640625,18628,0.0,0.0
2020-01-02 00:00:00+09:00,7752.519874271953,7752.519874271953,7660.556411943698,7697.341796875,15205,0.0,0.0
2020-01-03 00:00:00+09:00,7697.341422038735,7724.930459393712,7642.163347328779,7678.94873046875,13114,0.0,0.0
2020-01-06 00:00:00+09:00,7632.967426453754,7678.949157938416,7357.077037545787,7531.8076171875,35645,0.0,0.0
2020-01-07 00:00:00+09:00,7550.200540404524,7550.200540404524,7366.273608847776,7495.0224609375,14910,0.0,0.0
2020-01-08 00:00:00+09:00,7495.0220800045145,7495.0220800045145,7301.89881168538,7320.29150390625,32933,0.0,0.0
2020-01-09 00:00:00+09:00,7329.48805204432,7467.4332475031215,7274.3099738608,7366.2734375,48451,0.0,0.0
2020-01-10 00:00:00+09:00,7366.27410016741,7412.2558361235115,7292.703322637649,7338.68505859375,17239,0.0,0.0
2020-01-13 00:00:00+09:00,7311.095729272066,7439.844584881888,7311.095729272066,7384.66650390625,15282,0.0,0.0
2020-01-14 00:00:00+09:00,7393.862762338561,7476.6298828125,7347.881028741928,7476.6298828125,28511,0.0,0.0
2020-01-15 00:00:00+09:00,7476.629451657751,7688.145414004772,7421.4513745237455,7467.43310546875,61859,0.0,0.0
2020-01-16 00:00:00+09:00,7596.18192610003,7596.18192610003,7449.040387579933,7550.2001953125,45701,0.0,0.0
2020-01-17 00:00:00+09:00,7586.9852602336105,7642.1633348534915,7504.218148303789,7522.61083984375,84158,0.0,0.0
2020-01-20 00:00:00+09:00,7541.004363314234,7623.771484375,7504.218976176116,7623.771484375,72748,0.0,0.0
2020-01-21 00:00:00+09:00,7669.752987132353,7724.931066176471,7605.378561580883,7660.556640625,36652,0.0,0.0
2020-01-22 00:00:00+09:00,7678.9486052402635,8184.747615166269,7642.16322270019,8175.55126953125,156381,0.0,0.0
2020-01-23 00:00:00+09:00,8184.747515725375,8653.761137413008,8055.998678399358,8589.38671875,318105,0.0,0.0
2020-01-28 00:00:00+09:00,8138.766496410248,8626.1728515625,8129.570150086621,8626.1728515625,111270,0.0,0.0
2020-01-29 00:00:00+09:00,8644.56640625,8708.94083693484,8460.63946143617,8644.56640625,113742,0.0,0.0
2020-01-30 00:00:00+09:00,8644.565453506098,9702.145269626524,8598.583722370427,9426.2548828125,554779,0.0,0.0
2020-01-31 00:00:00+09:00,9472.236358080905,9518.218087974501,8975.633675230061,8994.0263671875,176396,0.0,0.0
2020-02-03 00:00:00+09:00,8828.491605456453,8975.633132214061,8525.012206518888,8764.1171875,252932,0.0,0.0
2020-02-04 00:00:00+09:00,8764.116844622422,9150.363337250063,8699.742429184482,9141.1669921875,236806,0.0,0.0
2020-02-05 00:00:00+09:00,9288.30973800505,9380.273200757576,8920.455886994949,9104.3828125,203740,0.0,0.0
2020-02-06 00:00:00+09:00,9076.79257674956,9150.363337250063,8902.062020560865,9141.1669921875,94868,0.0,0.0
2020-02-07 00:00:00+09:00,9104.382720371463,9978.035607679836,8957.24118145637,9748.126953125,317098,0.0,0.0
2020-02-10 00:00:00+09:00,9702.146298146803,9932.054978197673,9564.20109011628,9886.0732421875,108399,0.0,0.0
2020-02-11 00:00:00+09:00,9886.071980794271,11495.432535807291,9472.236409505209,11035.615234375,1201511,0.0,0.0
2020-02-12 00:00:00+09:00,11219.542576616795,12093.195482173021,11035.615649131274,11909.2685546875,561831,0.0,0.0
2020-02-13 00:00:00+09:00,11679.359572507023,12277.1220703125,11587.39611130618,12277.1220703125,236905,0.0,0.0
2020-02-14 00:00:00+09:00,12093.196423516758,12874.885926177536,12093.196423516758,12690.958984375,235798,0.0,0.0
2020-02-17 00:00:00+09:00,12644.976062309452,13288.720298208842,12644.976062309452,13196.7568359375,161346,0.0,0.0
2020-02-18 00:00:00+09:00,13196.756428179824,13380.683347039472,12920.86604989035,13104.79296875,83385,0.0,0.0
2020-02-19 00:00:00+09:00,13242.738031914894,13472.646678302304,12736.939009862588,12966.84765625,140570,0.0,0.0
2020-02-20 00:00:00+09:00,13288.719761192377,13288.719761192377,12782.92073914007,12966.84765625,82644,0.0,0.0
2020-02-21 00:00:00+09:00,12920.866614675353,13104.793541574647,12644.976224326414,13012.830078125,96085,0.0,0.0
2020-02-24 00:00:00+09:00,12736.939044744318,13104.79287997159,12507.030397727272,12644.9755859375,142081,0.0,0.0
2020-02-25 00:00:00+09:00,12598.993941885965,13150.774698464911,12461.048752741228,13104.79296875,93703,0.0,0.0
2020-02-26 00:00:00+09:00,12874.884600572184,13104.79325415383,12690.957677706867,13058.8115234375,66482,0.0,0.0
2020-02-27 00:00:00+09:00,12874.885521213504,13012.830723226505,12323.104713161496,12598.9951171875,77229,0.0,0.0
2020-02-28 00:00:00+09:00,12369.085282716715,12553.012201418822,11725.34106725934,12001.2314453125,75991,0.0,0.0
2020-03-02 00:00:00+09:00,12001.2314088736,12507.030433768656,11633.377572586287,12323.103515625,91002,0.0,0.0
2020-03-03 00:00:00+09:00,12598.99393109435,12598.99393109435,11909.267985961447,12001.2314453125,66319,0.0,0.0
2020-03-04 00:00:00+09:00,11909.267915482955,12690.95731534091,11863.286186079546,12644.9755859375,137573,0.0,0.0
2020-03-05 00:00:00+09:00,12644.9755859375,12736.939044744318,12323.103480113636,12644.9755859375,78331,0.0,0.0
2020-03-06 00:00:00+09:00,12415.067939000413,14254.337263296771,12323.104472785595,13886.4833984375,463643,0.0,0.0
2020-03-09 00:00:00+09:00,13886.4833984375,13886.4833984375,13886.4833984375,13886.4833984375,0,0.0,0.0
2020-03-10 00:00:00+09:00,11357.487500000001,12047.213461538462,11173.560576923077,11955.25,160521,0.0,0.0
2020-03-11 00:00:00+09:00,12001.232508405854,12001.232508405854,10621.780495945412,10897.6708984375,211162,0.0,0.0
2020-03-12 00:00:00+09:00,10897.6708984375,10897.6708984375,10897.6708984375,10897.6708984375,0,0.0,0.0
2020-03-13 00:00:00+09:00,9564.200029481133,10345.889454967572,8699.743488354954,9748.126953125,265820,0.0,0.0
2020-03-16 00:00:00+09:00,9840.090892269736,10069.999557976973,8736.529296875,8736.529296875,94465,0.0,0.0
2020-03-17 00:00:00+09:00,8396.26376212844,9067.597009264668,8184.747807551272,8856.0810546875,78798,0.0,0.0
2020-03-18 00:00:00+09:00,8856.082182163354,8975.634693449048,7973.232868053612,8212.337890625,140760,0.0,0.0
2020-03-19 00:00:00+09:00,8295.103807394697,8377.870918554954,6455.834670500086,6740.92138671875,155646,0.0,0.0
2020-03-20 00:00:00+09:00,6777.707770208818,7918.054803459691,6777.707770208818,7899.662109375,197334,0.0,0.0
2020-03-23 00:00:00+09:00,7467.432975260416,7467.432975260416,6538.602026367187,6621.369140625,185036,0.0,0.0
2020-03-24 00:00:00+09:00,6851.2777913411455,7724.9306640625,6759.3143310546875,7724.9306640625,149712,0.0,0.0
2020-03-25 00:00:00+09:00,7982.4282930018535,8865.277505131091,7715.734260171146,8681.3505859375,171399,0.0,0.0
2020-03-26 00:00:00+09:00,8681.351102941177,8938.84880514706,8276.711856617647,8598.583984375,85397,0.0,0.0
2020-03-27 00:00:00+09:00,8966.437618371212,9702.145320391413,8837.688770517676,9104.3828125,160675,0.0,0.0
2020-03-30 00:00:00+09:00,8966.439022029843,9288.311192051426,8653.76319972316,9187.1513671875,80775,0.0,0.0
2020-03-31 00:00:00+09:00,9334.29113888046,9748.126706614077,9113.578836089198,9472.236328125,194626,0.0,0.0
2020-04-01 00:00:00+09:00,9380.2723501933,10115.979985502578,8892.866041800902,8920.455078125,157461,0.0,0.0
2020-04-02 00:00:00+09:00,9159.561354378819,9187.150394602852,8598.584203156823,9030.8125,115706,0.0,0.0
2020-04-03 00:00:00+09:00,9141.168428308823,9748.127297794119,9067.59765625,9380.2734375,152505,0.0,0.0
2020-04-06 00:00:00+09:00,9380.273268479568,9702.1453904372,9380.273268479568,9564.2001953125,194929,0.0,0.0
2020-04-07 00:00:00+09:00,9794.108731897866,9978.035656440548,9196.346227134147,9426.2548828125,211774,0.0,0.0
2020-04-08 00:00:00+09:00,9610.181760392099,10253.925993145638,9380.273105837265,9748.126953125,243304,0.0,0.0
2020-04-09 00:00:00+09:00,10069.9992578125,10483.83484375,9886.072330729166,10345.8896484375,261139,0.0,0.0
2020-04-10 00:00:00+09:00,10345.889282226562,10437.852742513021,9656.163330078125,9932.0537109375,198449,0.0,0.0
2020-04-13 00:00:00+09:00,9794.109331704125,9840.091065655788,9242.328524284176,9334.2919921875,125909,0.0,0.0
2020-04-14 00:00:00+09:00,9472.237016908213,9702.14568236715,9334.291817632851,9518.21875,69290,0.0,0.0
2020-04-16 00:00:00+09:00,9472.236567659198,9794.108684035968,9187.149836011204,9748.126953125,90431,0.0,0.0
2020-04-17 00:00:00+09:00,9932.055081708715,10161.963764155676,9748.128135751147,10024.0185546875,92868,0.0,0.0
2020-04-20 00:00:00+09:00,10483.835071194557,11955.250519783265,10299.908140120968,11403.4697265625,751945,0.0,0.0
2020-04-21 00:00:00+09:00,11357.487878667092,11587.396540178572,10529.816697225766,11265.5244140625,501793,0.0,0.0
2020-04-22 00:00:00+09:00,11081.597856001421,12277.122935901989,10897.670920632103,12139.177734375,364347,0.0,0.0
2020-04-23 00:00:00+09:00,12001.231605176823,13426.665244105872,11863.286414312723,12920.8662109375,317848,0.0,0.0
2020-04-24 00:00:00+09:00,12828.902869855854,14346.299983494719,12690.957677706867,13058.8115234375,510137,0.0,0.0
2020-04-27 00:00:00+09:00,12966.84950436828,13380.685126848119,12690.95908938172,12828.904296875,212327,0.0,0.0
2020-04-28 00:00:00+09:00,12828.903053977272,13886.482875631313,12690.957859848484,13656.57421875,308872,0.0,0.0
2020-04-29 00:00:00+09:00,13564.610392252604,13886.482503255209,12874.884440104166,13242.73828125,184622,0.0,0.0
2020-05-04 00:00:00+09:00,12966.848454925652,13012.830187035317,12185.159009061339,12369.0859375,161225,0.0,0.0
2020-05-06 00:00:00+09:00,12507.031649178833,12736.940319200501,12139.177777144161,12598.9951171875,169639,0.0,0.0
2020-05-07 00:00:00+09:00,12415.067023026315,13104.79296875,12323.10356359649,13104.79296875,112770,0.0,0.0
2020-05-08 00:00:00+09:00,13012.829997263136,14484.245403314091,13012.829997263136,14438.263671875,303928,0.0,0.0
2020-05-11 00:00:00+09:00,14346.3003125,14346.3003125,13610.592604166666,13794.51953125,165685,0.0,0.0
2020-05-12 00:00:00+09:00,13748.537632992393,14208.354945132607,13150.775127210116,13978.4462890625,176128,0.0,0.0
2020-05-13 00:00:00+09:00,13610.591853035145,14714.153354632588,13518.62839456869,14392.28125,192867,0.0,0.0
2020-05-14 00:00:00+09:00,14070.409112548828,14806.116778564452,13932.463925170898,14714.1533203125,168921,0.0,0.0
2020-05-15 00:00:00+09:00,14806.117820785985,15863.69766512784,14530.227426609848,15173.9716796875,220155,0.0,0.0
2020-05-18 00:00:00+09:00,15173.972367116692,15449.862773791541,14760.13675710442,15219.9541015625,132005,0.0,0.0
2020-05-19 00:00:00+09:00,15082.00832864114,15495.843923024588,14714.154466966967,15311.9169921875,91969,0.0,0.0
2020-05-20 00:00:00+09:00,15541.825428097747,16231.551408634628,15173.97157181141,15817.7158203125,134012,0.0,0.0
2020-05-21 00:00:00+09:00,16047.623202558878,16645.385671422104,15725.751103940218,15863.6962890625,89469,0.0,0.0
2020-05-22 00:00:00+09:00,15863.698198460821,16277.53380363806,15127.990455923507,15403.880859375,88958,0.0,0.0
2020-05-25 00:00:00+09:00,15219.954316000558,15725.753402030787,14898.082170344956,15495.8447265625,64017,0.0,0.0
2020-05-26 00:00:00+09:00,15403.879127940912,16369.495431483476,15173.9704842403,16001.6416015625,196363,0.0,0.0
2020-05-27 00:00:00+09:00,16185.570335820896,16185.570335820896,15127.990455923507,15403.880859375,102825,0.0,0.0
2020-05-28 00:00:00+09:00,15265.934582995129,15357.898044338473,13794.519201501624,14162.373046875,220727,0.0,0.0
2020-05-29 00:00:00+09:00,14208.355800412735,14714.154874213837,13518.629790683963,14622.19140625,97740,0.0,0.0
2020-06-01 00:00:00+09:00,14346.299843275076,15725.751751282294,14346.299843275076,15127.9892578125,188651,0.0,0.0
2020-06-02 00:00:00+09:00,15036.026249638311,15127.98971293885,14622.19066478588,14898.0810546875,67051,0.0,0.0
2020-06-03 00:00:00+09:00,14898.081161794355,15127.98982169859,14208.355182081654,14254.3369140625,71087,0.0,0.0
2020-06-04 00:00:00+09:00,14300.318663131358,16599.405264920966,14300.318663131358,15817.7158203125,531669,0.0,0.0
2020-06-05 00:00:00+09:00,15909.678231442802,17932.87430711761,15909.678231442802,17886.892578125,590854,0.0,0.0
2020-06-08 00:00:00+09:00,17886.8949036679,22531.050135725636,17381.095818988346,21703.37890625,955542,0.0,0.0
2020-06-09 00:00:00+09:00,21611.413826778018,22806.938846982757,20645.797464304957,21335.5234375,421172,0.0,0.0
2020-06-10 00:00:00+09:00,21335.522425690022,22347.12047173567,20921.686861398623,21657.39453125,207023,0.0,0.0
2020-06-11 00:00:00+09:00,21657.397590069733,22301.14189211002,21197.580231469525,22255.16015625,151666,0.0,0.0
2020-06-12 00:00:00+09:00,20645.79801301033,22990.866384198587,20094.017219789566,22806.939453125,413388,0.0,0.0
2020-06-15 00:00:00+09:00,22577.03054187648,22852.920935463568,19404.291015625,19404.291015625,382664,0.0,0.0
2020-06-16 00:00:00+09:00,20415.88747970779,21381.5037794237,20231.96056547619,21243.55859375,209155,0.0,0.0
2020-06-17 00:00:00+09:00,20967.66828264509,21381.503840855188,19864.10679408482,20599.814453125,170818,0.0,0.0
2020-06-18 00:00:00+09:00,20783.74299682875,22301.140162526426,20048.03528012685,21749.359375,217274,0.0,0.0
2020-06-19 00:00:00+09:00,22485.066346153846,24554.244230769233,22255.157692307694,23910.5,497965,0.0,0.0
2020-06-22 00:00:00+09:00,23818.53579432271,24370.31654631474,22714.974290338647,23082.828125,232720,0.0,0.0
2020-06-23 00:00:00+09:00,23082.828449202934,23358.718829073885,21565.4313599127,22714.974609375,182894,0.0,0.0
2020-06-24 00:00:00+09:00,22439.08422950405,24278.353428643724,22439.08422950405,22714.974609375,202887,0.0,0.0
2020-06-25 00:00:00+09:00,22577.029778361084,23588.62785396993,22163.194201975646,23128.810546875,132317,0.0,0.0
2020-06-26 00:00:00+09:00,23864.518941703027,23864.518941703027,21979.267927040553,22393.103515625,164408,0.0,0.0
2020-06-29 00:00:00+09:00,22209.1757435287,22347.120934482296,20783.742103674893,21427.486328125,166519,0.0,0.0
2020-06-30 00:00:00+09:00,21611.414905894886,24370.31893643466,21151.597567471592,24278.35546875,330669,0.0,0.0
2020-07-01 00:00:00+09:00,23818.535971922895,25335.933051215277,23174.791756465518,24002.462890625,219710,0.0,0.0
2020-07-02 00:00:00+09:00,24048.44449587548,24324.334872501204,22990.86471881021,23864.517578125,63337,0.0,0.0
2020-07-03 00:00:00+09:00,23864.516806231288,24278.35235778443,22990.86397517465,23036.845703125,70122,0.0,0.0
2020-07-06 00:00:00+09:00,23266.758382913584,24876.119140625,22577.032343894407,24876.119140625,186987,0.0,0.0
2020-07-07 00:00:00+09:00,24646.208522185116,25887.715294757872,23864.519072787454,24094.427734375,119702,0.0,0.0
2020-07-08 00:00:00+09:00,24094.426923076924,25106.025,23634.609615384616,23910.5,62234,0.0,0.0
2020-07-09 00:00:00+09:00,24278.35384615385,24416.29903846154,23128.81057692308,23910.5,118368,0.0,0.0
2020-07-10 00:00:00+09:00,23956.482547554348,26623.423023097825,23864.519082880433,26439.49609375,321488,0.0,0.0
2020-07-13 00:00:00+09:00,26117.623285060978,26807.34925209604,25473.879049161587,26393.513671875,121542,0.0,0.0
2020-07-14 00:00:00+09:00,26393.51506596601,26393.51506596601,25152.008259727194,25703.7890625,105781,0.0,0.0
2020-07-15 00:00:00+09:00,26255.56896106351,28646.61902406754,26209.587229082663,28508.673828125,282803,0.0,0.0
2020-07-16 00:00:00+09:00,28232.783530922203,28370.72872732736,25841.73345989948,26301.55078125,228823,0.0,0.0
2020-07-17 00:00:00+09:00,26577.441066286265,27083.24011772078,25565.842963417235,26945.294921875,104403,0.0,0.0
2020-07-20 00:00:00+09:00,26669.40678203405,26715.388517865144,25611.826857918906,25657.80859375,92187,0.0,0.0
2020-07-21 00:00:00+09:00,25657.80859375,26117.62595206093,24968.082556283603,25657.80859375,119890,0.0,0.0
2020-07-22 00:00:00+09:00,25152.008123675845,27129.22265625,25152.008123675845,27129.22265625,170520,0.0,0.0
2020-07-23 00:00:00+09:00,26807.34903846154,27313.14807692308,26117.62307692308,26899.3125,76188,0.0,0.0
2020-07-24 00:00:00+09:00,26577.440502763606,27589.038584183672,26209.58665497449,27037.2578125,89857,0.0,0.0
2020-07-27 00:00:00+09:00,26393.512660015058,26899.311683116393,25749.76844879518,26715.384765625,120850,0.0,0.0
2020-07-28 00:00:00+09:00,27129.22265625,28370.729455773304,26715.387056408897,27129.22265625,148659,0.0,0.0
2020-07-29 00:00:00+09:00,27129.220744954695,29244.38032845964,26991.27555472611,27910.91015625,187018,0.0,0.0
2020-07-30 00:00:00+09:00,28186.801929392448,29244.381773399014,27543.057676518885,28002.875,123144,0.0,0.0
2020-07-31 00:00:00+09:00,28002.874162946428,28278.764548788266,26853.330888605444,27037.2578125,78536,0.0,0.0
2020-08-03 00:00:00+09:00,27037.25736456577,27451.092936472385,26669.403522870994,27267.166015625,40927,0.0,0.0
2020-08-04 00:00:00+09:00,27267.166664341516,27451.09358956473,25749.76953125,25749.76953125,181815,0.0,0.0
2020-08-05 00:00:00+09:00,26071.643180457344,26071.643180457344,23496.666076214642,25197.990234375,557243,0.0,0.0
2020-08-06 00:00:00+09:00,25060.044944069603,25795.752685546875,23910.501598011364,24278.35546875,164946,0.0,0.0
2020-08-07 00:00:00+09:00,25152.006638430477,25335.933560832163,24048.445104020368,24554.244140625,244000,0.0,0.0
2020-08-10 00:00:00+09:00,24738.17153874771,25335.934048048304,23680.5917146005,25106.025390625,230111,0.0,0.0
2020-08-11 00:00:00+09:00,25106.026677911934,25197.990145596592,24278.35546875,24278.35546875,102998,0.0,0.0
2020-08-12 00:00:00+09:00,24048.446935037693,24186.392137341925,22852.92184840102,23634.611328125,195308,0.0,0.0
2020-08-13 00:00:00+09:00,23726.572265625,24554.243391170057,23588.62707803416,23726.572265625,87245,0.0,0.0
2020-08-14 00:00:00+09:00,24830.13470063485,27451.093363479642,24370.317391363835,26255.568359375,1041105,0.0,0.0
2020-08-18 00:00:00+09:00,26117.62595206093,28002.877121135753,25197.99123543907,25657.80859375,268570,0.0,0.0
2020-08-19 00:00:00+09:00,26117.62397065034,27451.094208588474,25243.971056139148,27221.185546875,172536,0.0,0.0
2020-08-20 00:00:00+09:00,27221.184780092593,27267.166511140047,24462.28091724537,24830.134765625,137898,0.0,0.0
2020-08-21 00:00:00+09:00,24968.080078125,25519.860853332182,23910.5002589779,24968.080078125,105377,0.0,0.0
2020-08-24 00:00:00+09:00,24462.28103418508,25243.97046572859,24370.31757165055,24968.080078125,40631,0.0,0.0
2020-08-25 00:00:00+09:00,24968.080078125,25427.89739079765,24370.31757165055,24968.080078125,112847,0.0,0.0
2020-08-26 00:00:00+09:00,24968.080326579064,26117.623619699647,23910.500496908127,26025.66015625,139994,0.0,0.0
2020-08-27 00:00:00+09:00,25289.952076099536,25979.678041811345,24784.153034577546,24830.134765625,110788,0.0,0.0
2020-08-28 00:00:00+09:00,24738.171010785398,26715.3854224281,24738.171010785398,25979.677734375,189591,0.0,0.0
2020-08-31 00:00:00+09:00,25979.677650043177,26623.421875,25749.768998272884,26623.421875,87156,0.0,0.0
2020-09-01 00:00:00+09:00,26301.550347222223,27451.093631628788,26117.62342171717,27313.1484375,122812,0.0,0.0
2020-09-02 00:00:00+09:00,28048.854531474495,32095.246660605244,27681.00070155352,32003.283203125,604027,0.0,0.0
2020-09-03 00:00:00+09:00,31589.447137129937,32647.026881167763,30899.721217105263,31451.501953125,190398,0.0,0.0
2020-09-04 00:00:00+09:00,29658.21509576613,31589.447706653227,29566.25163810484,31359.5390625,208463,0.0,0.0
2020-09-07 00:00:00+09:00,30807.761035755368,31037.669700201302,29704.199446414877,29980.08984375,156182,0.0,0.0
2020-09-08 00:00:00+09:00,29980.090750663883,30439.908093465478,29612.23687642261,30301.962890625,63684,0.0,0.0
2020-09-09 00:00:00+09:00,29888.12451018809,29888.12451018809,29060.453369905958,29336.34375,72542,0.0,0.0
2020-09-10 00:00:00+09:00,29612.234987518492,31083.650390625,29382.3263307831,31083.650390625,78320,0.0,0.0
2020-09-11 00:00:00+09:00,30761.780883608753,31313.561706633125,29428.31056129985,31129.634765625,102722,0.0,0.0
2020-09-14 00:00:00+09:00,31129.633376986996,32830.95750541908,30531.870845375724,31819.359375,118031,0.0,0.0
2020-09-15 00:00:00+09:00,31865.34030080396,32233.194157090296,30853.742196016534,31635.431640625,69895,0.0,0.0
2020-09-16 00:00:00+09:00,31313.561643835616,32141.23287671233,29658.219178082192,30210.0,86914,0.0,0.0
2020-09-17 00:00:00+09:00,30485.88700039185,30485.88700039185,28600.636069749216,29336.34375,69966,0.0,0.0
2020-09-18 00:00:00+09:00,29336.343955592103,29612.234337619615,27589.038202751195,28830.544921875,104496,0.0,0.0
2020-09-21 00:00:00+09:00,28830.545320471938,28830.545320471938,25841.732807185374,27037.2578125,213102,0.0,0.0
2020-09-22 00:00:00+09:00,26945.293824649918,28324.74572693575,26347.53133365939,27910.91015625,116312,0.0,0.0
2020-09-23 00:00:00+09:00,28600.636149088543,29198.39864095052,26577.440022786457,28692.599609375,131268,0.0,0.0
2020-09-24 00:00:00+09:00,27635.019148776086,29336.34312299358,27405.11050361156,28646.6171875,68391,0.0,0.0
2020-09-25 00:00:00+09:00,29060.454387876387,29244.381314381935,27910.911097216722,29014.47265625,66862,0.0,0.0
2020-09-28 00:00:00+09:00,29658.219178082192,30347.94520547945,29198.401826484016,30210.0,91145,0.0,0.0
2020-09-29 00:00:00+09:00,30209.998508195935,30485.888905531057,29842.144645082437,29980.08984375,33940,0.0,0.0
2020-10-05 00:00:00+09:00,29566.25345112365,30118.034230926893,28876.5274763696,29796.162109375,39406,0.0,0.0
2020-10-06 00:00:00+09:00,29612.235286869083,30026.07087317626,28784.564114254732,29152.41796875,49644,0.0,0.0
2020-10-07 00:00:00+09:00,29152.41796875,29566.253555057177,28646.618918819004,29152.41796875,47845,0.0,0.0
2020-10-08 00:00:00+09:00,29428.310218978102,31911.32389370438,29290.365014826642,31497.48828125,212994,0.0,0.0
2020-10-12 00:00:00+09:00,31037.670934078466,31819.36042427007,30164.017974452552,31497.48828125,100633,0.0,0.0
2020-10-13 00:00:00+09:00,32003.283142605633,32647.02734375,31129.63029819542,32647.02734375,120680,0.0,0.0
2020-10-14 00:00:00+09:00,32738.993804664722,33060.86593476676,31543.46875,31543.46875,57799,0.0,0.0
2020-10-15 00:00:00+09:00,31819.35831766917,31819.35831766917,29704.198660714286,30577.8515625,81127,0.0,0.0
2020-10-16 00:00:00+09:00,30577.849868774414,30899.72197265625,28508.67205810547,29428.306640625,70951,0.0,0.0
2020-10-19 00:00:00+09:00,28876.527552083335,29106.4362109375,27497.075598958334,27589.0390625,101458,0.0,0.0
2020-10-20 00:00:00+09:00,27129.222860165173,28186.802734375,25243.971780052,28186.802734375,120009,0.0,0.0
2020-10-21 00:00:00+09:00,28140.821578355157,28278.766782170624,27359.132090067513,28094.83984375,24053,0.0,0.0
2020-10-22 00:00:00+09:00,28094.839055879234,28094.839055879234,26393.514923199153,27129.22265625,39141,0.0,0.0
2020-10-23 00:00:00+09:00,26899.31330578841,27313.148895108236,25841.733466415535,27083.240234375,28284,0.0,0.0
2020-10-26 00:00:00+09:00,27129.223062557026,27129.223062557026,24646.209426322992,25197.990234375,82153,0.0,0.0
2020-10-27 00:00:00+09:00,25152.006882957176,25795.75111762153,23864.518413628473,24830.134765625,73612,0.0,0.0
2020-10-28 00:00:00+09:00,24508.263227982956,26669.40463833042,24462.281495847903,26301.55078125,57693,0.0,0.0
2020-10-29 00:00:00+09:00,25749.769881370827,26255.568932612037,25565.84295364675,26163.60546875,24052,0.0,0.0
2020-10-30 00:00:00+09:00,26163.604030539773,27129.220348011364,24876.115607244315,25289.951171875,78803,0.0,0.0
2020-11-02 00:00:00+09:00,25749.769386574077,25749.769386574077,23864.518413628473,24830.134765625,94582,0.0,0.0
2020-11-03 00:00:00+09:00,24784.152199074073,26807.348296957673,24784.152199074073,26071.640625,63453,0.0,0.0
2020-11-04 00:00:00+09:00,26071.64212714877,27405.112359401526,25611.8248056823,27083.240234375,62258,0.0,0.0
2020-11-05 00:00:00+09:00,27083.23921521078,27910.910362704486,26669.403641463927,27405.111328125,48283,0.0,0.0
2020-11-06 00:00:00+09:00,27405.11247624578,27910.911532015416,26439.4960970492,27221.185546875,40509,0.0,0.0
2020-11-09 00:00:00+09:00,26991.27666355721,27726.984375,26991.27666355721,27726.984375,44146,0.0,0.0
2020-11-10 00:00:00+09:00,27221.18734529703,27864.931640625,27083.24213915532,27864.931640625,31595,0.0,0.0
2020-11-11 00:00:00+09:00,27956.893499163878,27956.893499163878,27129.222310043897,27497.076171875,26163,0.0,0.0
2020-11-12 00:00:00+09:00,27359.129435221355,27726.983276367188,26209.586181640625,26485.4765625,52184,0.0,0.0
2020-11-13 00:00:00+09:00,26485.479060913705,27221.186812605752,25749.771309221658,27175.205078125,44462,0.0,0.0
2020-11-16 00:00:00+09:00,26991.276154758412,29796.161751760566,26991.276154758412,29382.326171875,182988,0.0,0.0
2020-11-17 00:00:00+09:00,29382.32640806686,29658.216796875,28232.78312136628,29658.216796875,89975,0.0,0.0
2020-11-18 00:00:00+09:00,29290.36317624328,30439.90647201421,28784.564126104073,29934.107421875,44668,0.0,0.0
2020-11-19 00:00:00+09:00,29566.25390920928,31543.468400804923,29336.34524739583,30347.943359375,123740,0.0,0.0
2020-11-20 00:00:00+09:00,30026.07043159299,30991.686785442074,29612.23485137195,30164.015625,53285,0.0,0.0
2020-11-23 00:00:00+09:00,29796.16047363281,30439.904681396485,28922.507620239256,29428.306640625,62748,0.0,0.0
2020-11-24 00:00:00+09:00,29612.237919207317,29612.237919207317,28232.785842225607,28278.767578125,65342,0.0,0.0
2020-11-25 00:00:00+09:00,28600.634461805555,30301.95837673611,28232.78064236111,28968.48828125,120451,0.0,0.0
2020-11-26 00:00:00+09:00,28554.655223676353,29474.289852458198,28186.801372163613,28876.52734375,59778,0.0,0.0
2020-11-27 00:00:00+09:00,29244.380289968653,29336.34375,28324.745689655174,29336.34375,49375,0.0,0.0
2020-11-30 00:00:00+09:00,29382.324722782258,31589.447706653227,29152.416078629034,31359.5390625,190009,0.0,0.0
2020-12-01 00:00:00+09:00,31083.654782973175,31451.508685730252,30164.020026080478,30853.74609375,95827,0.0,0.0
2020-12-02 00:00:00+09:00,30715.793923611112,31773.37365451389,30715.793923611112,31037.666015625,82606,0.0,0.0
2020-12-03 00:00:00+09:00,30991.686392760792,32141.22965658723,30761.777739995505,31957.302734375,71878,0.0,0.0
2020-12-04 00:00:00+09:00,31957.30790987482,33658.63221586816,31543.47226787644,31911.326171875,138989,0.0,0.0
2020-12-07 00:00:00+09:00,31957.30328621949,32830.95618181398,31083.650390625,31083.650390625,81866,0.0,0.0
2020-12-08 00:00:00+09:00,30761.77763489907,31359.540130046586,29612.234375,29612.234375,141270,0.0,0.0
2020-12-09 00:00:00+09:00,29888.12545421512,30072.05238008721,29014.472556322675,29658.216796875,88630,0.0,0.0
2020-12-10 00:00:00+09:00,29336.343871879875,29842.142904153665,28784.563109399372,29474.2890625,84082,0.0,0.0
2020-12-11 00:00:00+09:00,29474.28918381211,30072.051678959626,29382.325723020185,29612.234375,53681,0.0,0.0
2020-12-14 00:00:00+09:00,29704.197632395037,30853.74088442271,29566.252442151716,30118.033203125,136321,0.0,0.0
2020-12-15 00:00:00+09:00,30393.925320828643,31635.43210397898,30118.03492457301,30623.833984375,122235,0.0,0.0
2020-12-16 00:00:00+09:00,30623.832959927564,31175.61373398031,30118.033917045876,30945.705078125,70115,0.0,0.0
2020-12-17 00:00:00+09:00,30807.75947054856,32279.174848246403,30807.75947054856,31957.302734375,169010,0.0,0.0
2020-12-18 00:00:00+09:00,31773.375867728726,32233.19317406344,30485.887409991527,30531.869140625,102985,0.0,0.0
2020-12-21 00:00:00+09:00,30393.925323815485,30439.907056529275,29382.327204112094,29842.14453125,65787,0.0,0.0
2020-12-22 00:00:00+09:00,29888.124552719466,30209.996663287213,29520.27071207061,30118.033203125,64150,0.0,0.0
2020-12-23 00:00:00+09:00,30118.036529680365,30945.707762557075,29106.43835616438,30210.0,90829,0.0,0.0
2020-12-24 00:00:00+09:00,30531.869352986218,30991.686662519143,29520.271272013786,30026.0703125,133462,0.0,0.0
2020-12-28 00:00:00+09:00,30118.03664701399,33474.70332675753,29934.10970565818,32049.26953125,616259,0.0,0.0
2020-12-29 00:00:00+09:00,32653.08950997163,35858.015791889185,32653.08950997163,34789.70703125,458730,350.0,0.0
2020-12-30 00:00:00+09:00,34418.13003505228,38319.78040339829,34418.13003505228,36647.64453125,323762,0.0,0.0
2021-01-04 00:00:00+09:00,36647.635140058286,36694.083346826425,35114.844316709845,35858.015625,176360,0.0,0.0
2021-01-05 00:00:00+09:00,35254.192289806546,35858.019035218254,34511.0209108383,35114.84765625,156616,0.0,0.0
2021-01-06 00:00:00+09:00,35068.40145221801,35904.46930140996,34278.781816870054,35207.74609375,142528,0.0,0.0
2021-01-07 00:00:00+09:00,35161.29710988562,36601.191707516344,34232.332853349675,35532.8828125,185610,0.0,0.0
2021-01-08 00:00:00+09:00,34836.15890688259,35532.88208502024,34185.883940620784,34418.125,225087,0.0,0.0
2021-01-11 00:00:00+09:00,34464.57639375877,34975.506771563814,32560.199531030856,33117.578125,103946,0.0,0.0
2021-01-12 00:00:00+09:00,32699.540954415952,33860.74624399038,32188.610627003203,32606.64453125,76107,0.0,0.0
2021-01-13 00:00:00+09:00,33349.8146863759,33349.8146863759,31770.575550809353,32281.505859375,75090,0.0,0.0
2021-01-14 00:00:00+09:00,32188.61428314121,32978.233969740635,31863.476765129682,32235.0625,66570,0.0,0.0
2021-01-15 00:00:00+09:00,32235.058675986842,32467.299732730262,30888.060546875,30888.060546875,92421,0.0,0.0
2021-01-18 00:00:00+09:00,30888.059747236093,32792.4363632311,30191.336595042798,32560.1953125,126257,0.0,0.0
2021-01-19 00:00:00+09:00,33303.36941157876,33442.714053468204,31770.578350794796,32142.1640625,146203,0.0,0.0
2021-01-20 00:00:00+09:00,32513.75054253472,33628.507703993055,32049.268391927082,33442.71484375,152915,0.0,0.0
2021-01-21 00:00:00+09:00,33396.26419067383,36322.501525878906,33210.47134399414,35672.2265625,372057,0.0,0.0
2021-01-22 00:00:00+09:00,35625.7792381536,36136.70957924837,34325.229279003266,35532.8828125,161785,0.0,0.0
2021-01-25 00:00:00+09:00,35625.78103384387,35997.36675518775,34139.43814846838,35254.1953125,148589,0.0,0.0
2021-01-26 00:00:00+09:00,37344.364285714284,40874.42857142857,36508.296428571426,37390.8125,393373,0.0,0.0
2021-01-27 00:00:00+09:00,36972.78134765625,38598.468969726564,36322.50629882813,37158.57421875,121917,0.0,0.0
2021-01-28 00:00:00+09:00,35950.91603740706,37762.39630285781,35207.74464645291,37483.70703125,179443,0.0,0.0
2021-01-29 00:00:00+09:00,37901.740691489365,40363.4959079709,35579.33010990301,37112.12109375,211816,0.0,0.0
2021-02-01 00:00:00+09:00,37112.12421002636,37576.60636534584,36043.81525279156,37437.26171875,117546,0.0,0.0
2021-02-02 00:00:00+09:00,37994.63581882911,38041.08402887658,36508.293097310125,36694.0859375,49959,0.0,0.0
2021-02-03 00:00:00+09:00,36694.08800634825,38970.05042699516,36415.398730350666,38412.671875,122621,0.0,0.0
2021-02-04 00:00:00+09:00,38412.6716365232,39202.2912469475,37158.569902319905,38041.0859375,63106,0.0,0.0
2021-02-05 00:00:00+09:00,38226.87686906645,38226.87686906645,36694.0859375,36694.0859375,63041,0.0,0.0
2021-02-08 00:00:00+09:00,36508.29373119987,36554.741942053806,33907.19392337901,34743.26171875,147658,0.0,0.0
2021-02-09 00:00:00+09:00,35300.64618979721,37437.26424865336,35300.64618979721,36647.64453125,140960,0.0,0.0
2021-02-10 00:00:00+09:00,36554.744839209205,36740.53769735004,30609.373378702494,31166.751953125,1047205,0.0,0.0
2021-02-15 00:00:00+09:00,31445.440741960392,32513.749659338664,31259.64788676417,31956.37109375,183254,0.0,0.0
2021-02-16 00:00:00+09:00,32095.71444212148,33164.023316461265,30980.957355853872,32978.23046875,123128,0.0,0.0
2021-02-17 00:00:00+09:00,32513.749601403062,32838.88709741709,31073.85497619807,31863.474609375,167894,0.0,0.0
2021-02-18 00:00:00+09:00,31863.474588373654,32235.06029785906,30237.787109375,30237.787109375,130642,0.0,0.0
2021-02-19 00:00:00+09:00,30470.02821601942,30470.02821601942,27450.894322663833,28704.99609375,399631,0.0,0.0
2021-02-22 00:00:00+09:00,28704.994478798588,28704.994478798588,26289.6875,26289.6875,243117,0.0,0.0
2021-02-23 00:00:00+09:00,26475.4794921875,26754.16875,24942.688574218748,25082.033203125,275953,0.0,0.0
2021-02-24 00:00:00+09:00,25453.619995117188,25732.30926513672,23549.24331665039,23781.484375,262473,0.0,0.0
2021-02-25 00:00:00+09:00,24292.41470336914,24431.759338378906,23131.209411621094,23781.484375,210150,0.0,0.0
2021-02-26 00:00:00+09:00,23084.761104559748,23549.243219339623,21691.314760220128,22155.796875,307540,0.0,0.0
2021-03-02 00:00:00+09:00,22759.623420380976,23409.898375249006,22248.693098698954,23317.001953125,136737,0.0,0.0
2021-03-03 00:00:00+09:00,22620.279591612172,23224.10635689135,22573.83137889839,23084.76171875,59732,0.0,0.0
2021-03-04 00:00:00+09:00,22573.83020567602,22945.415888073978,21970.003471779335,22759.623046875,83887,0.0,0.0
2021-03-05 00:00:00+09:00,22341.588769122645,22388.03697862186,21412.624579138337,22202.244140625,74605,0.0,0.0
2021-03-08 00:00:00+09:00,22295.143019153227,24013.726960212956,22295.143019153227,23038.314453125,175614,0.0,0.0
2021-03-09 00:00:00+09:00,22806.070930989583,22806.070930989583,21598.41748046875,22295.140625,111744,0.0,0.0
2021-03-10 00:00:00+09:00,22852.519140624998,23177.656608072917,22016.4513671875,22295.140625,94787,0.0,0.0
2021-03-11 00:00:00+09:00,22341.590539913366,23549.244082611385,22295.142326732675,23456.34765625,67106,0.0,0.0
2021-03-12 00:00:00+09:00,23735.036224009,23920.829071163666,22991.864835390323,23874.380859375,133976,0.0,0.0
2021-03-15 00:00:00+09:00,23874.380116338314,25918.101371433422,23781.483695652172,25639.412109375,363160,0.0,0.0
2021-03-16 00:00:00+09:00,25964.550601124545,26103.89523762432,24989.13814562613,25685.861328125,146174,0.0,0.0
2021-03-17 00:00:00+09:00,25407.17332252881,26196.79296875,24942.69117769282,26196.79296875,144967,0.0,0.0
2021-03-18 00:00:00+09:00,26429.032559940733,27636.68606883082,26103.895076778015,26939.962890625,283136,0.0,0.0
2021-03-19 00:00:00+09:00,26568.376633642496,27776.03011698988,26196.790946458685,27543.7890625,138417,0.0,0.0
2021-03-22 00:00:00+09:00,27590.23870923913,27822.479775815216,26382.585163043477,26707.72265625,76188,0.0,0.0
2021-03-23 00:00:00+09:00,26754.170894833947,26893.515534911206,24617.55308031596,25174.931640625,176074,0.0,0.0
2021-03-24 00:00:00+09:00,25128.483134104794,25639.413475093985,24571.1045802984,24710.44921875,58350,0.0,0.0
2021-03-25 00:00:00+09:00,24710.448148038755,25546.515942521266,24060.173196774576,24571.103515625,66085,0.0,0.0
2021-03-26 00:00:00+09:00,25035.586588541668,25035.586588541668,23363.450935132576,24524.65625,143107,0.0,0.0
2021-03-29 00:00:00+09:00,24571.104638488996,25221.3796194698,24153.07072214419,24803.345703125,62731,0.0,0.0
2021-03-30 00:00:00+09:00,24803.344625778467,27079.306960353646,24663.999993049376,26103.89453125,233111,0.0,0.0
2021-03-31 00:00:00+09:00,26150.34357116809,26475.481057843357,25267.827535906643,25871.654296875,101012,0.0,0.0
2021-04-01 00:00:00+09:00,25871.652986893416,28101.16706834922,25871.652986893416,26800.6171875,329558,0.0,0.0
2021-04-02 00:00:00+09:00,26939.96258223684,27218.651850328948,26336.135834703946,26475.48046875,112809,0.0,0.0
2021-04-05 00:00:00+09:00,26521.92880280923,27357.996610953833,25592.964571537454,26661.2734375,63937,0.0,0.0
2021-04-06 00:00:00+09:00,26382.58652012712,27404.447265625,25778.75971596928,27404.447265625,73467,0.0,0.0
2021-04-07 00:00:00+09:00,27311.548461914062,27590.237731933594,26429.032440185547,26754.169921875,86157,0.0,0.0
2021-04-08 00:00:00+09:00,26893.51314456594,26893.51314456594,25964.548959952263,26150.341796875,68473,0.0,0.0
2021-04-09 00:00:00+09:00,26103.895358785907,26196.79178355027,25732.309659728457,25871.654296875,41741,0.0,0.0
2021-04-12 00:00:00+09:00,25964.550840435604,26010.999053030304,24245.966974431816,24524.65625,182415,0.0,0.0
2021-04-13 00:00:00+09:00,24524.655367231637,25128.482109227873,24013.725047080978,24664.0,130356,0.0,0.0
2021-04-14 00:00:00+09:00,24942.690163352272,25035.586588541668,24478.208037405304,24524.65625,52618,0.0,0.0
2021-04-15 00:00:00+09:00,24524.655948359075,24756.89700847611,23874.380980031372,24060.173828125,68098,0.0,0.0
2021-04-16 00:00:00+09:00,24060.172465310166,25082.033071944963,23688.58679017024,24896.240234375,101997,0.0,0.0
2021-04-19 00:00:00+09:00,24896.240364583333,25407.170670572916,24338.86184895833,25082.033203125,56671,0.0,0.0
2021-04-20 00:00:00+09:00,25592.967600905875,27265.103415121142,25174.93364735206,27079.310546875,325816,0.0,0.0
2021-04-21 00:00:00+09:00,26754.170280612245,27636.686314174105,26754.170280612245,27311.548828125,154007,0.0,0.0
2021-04-22 00:00:00+09:00,27079.309197443185,28194.0663513688,26847.06812370868,28101.169921875,156614,0.0,0.0
2021-04-23 00:00:00+09:00,27776.031982421875,29308.823044996996,27543.790912334734,28983.685546875,153393,0.0,0.0
2021-04-26 00:00:00+09:00,28983.682584269663,29308.820049157304,27822.47735252809,28937.234375,75639,0.0,0.0
2021-04-27 00:00:00+09:00,28426.304623463115,29169.475986168032,27961.82252177254,28333.408203125,85894,0.0,0.0
2021-04-28 00:00:00+09:00,28008.272629076087,28426.306548913042,26429.033376358697,26707.72265625,107433,0.0,0.0
2021-04-29 00:00:00+09:00,26754.171654929574,27218.653801716548,25825.20736135563,26382.5859375,36503,0.0,0.0
2021-04-30 00:00:00+09:00,26243.239935247748,26893.514907094595,25778.7578125,25778.7578125,42503,0.0,0.0
2021-05-03 00:00:00+09:00,25639.41204545455,26289.686988636364,25128.481732954548,25546.515625,55661,0.0,0.0
2021-05-04 00:00:00+09:00,25453.621537012412,26196.79296875,25221.380464594415,26196.79296875,32380,0.0,0.0
2021-05-06 00:00:00+09:00,26103.894958496094,26939.962768554688,26103.894958496094,26754.169921875,42903,0.0,0.0
2021-05-07 00:00:00+09:00,26568.37638888889,27357.995966880342,26289.687126068377,27172.203125,38471,0.0,0.0
2021-05-10 00:00:00+09:00,26939.96383851468,27311.549546632123,26382.585276338512,26893.515625,37040,0.0,0.0
2021-05-11 00:00:00+09:00,26800.618788025444,26800.618788025444,25546.51704231195,26243.240234375,41946,0.0,0.0
2021-05-12 00:00:00+09:00,26010.997395833332,26429.03128255208,24896.240364583333,25082.033203125,45799,0.0,0.0
2021-05-13 00:00:00+09:00,24524.655241935485,25174.930191532258,23967.276713709678,24478.20703125,48983,0.0,0.0
2021-05-14 00:00:00+09:00,24524.6557320442,25407.171752704882,24199.51825074816,25221.37890625,25516,0.0,0.0
2021-05-17 00:00:00+09:00,25500.06760044643,25500.06760044643,24060.173072916667,24385.310546875,83194,0.0,0.0
2021-05-18 00:00:00+09:00,24385.30953676646,24710.44699725668,24153.06849355916,24338.861328125,22213,0.0,0.0
2021-05-20 00:00:00+09:00,24338.86239919355,24710.44808467742,23688.587449596773,24478.20703125,67480,0.0,0.0
2021-05-21 00:00:00+09:00,24431.759462814924,24756.89694616037,23874.380919937015,23967.27734375,39808,0.0,0.0
2021-05-24 00:00:00+09:00,23967.276270102342,24338.861948708578,23642.138801321882,23827.931640625,26659,0.0,0.0
2021-05-25 00:00:00+09:00,23920.828886257383,24199.51815483514,23549.243194820374,23595.69140625,44020,0.0,0.0
2021-05-26 00:00:00+09:00,23409.89862132353,24013.725371476718,23270.553986672796,23688.587890625,38798,0.0,0.0
2021-05-27 00:00:00+09:00,23642.141299573294,23874.382373242974,22898.969863830323,23131.2109375,76995,0.0,0.0
2021-05-28 00:00:00+09:00,23363.451401204744,23781.485322896282,23177.65854711962,23735.037109375,33915,0.0,0.0
2021-05-31 00:00:00+09:00,23735.03634396115,24199.518464195222,23688.58813193774,24060.173828125,31900,0.0,0.0
2021-06-01 00:00:00+09:00,24153.07019137597,24153.07019137597,23363.4505889656,23967.27734375,36197,0.0,0.0
2021-06-02 00:00:00+09:00,23781.48449612403,24199.51840328246,23781.48449612403,23967.27734375,22944,0.0,0.0
2021-06-03 00:00:00+09:00,23967.276651785713,24617.55159970238,23874.380230654762,24385.310546875,46908,0.0,0.0
2021-06-04 00:00:00+09:00,24153.069618383743,24663.99993723417,23735.035721142485,24571.103515625,44740,0.0,0.0
2021-06-07 00:00:00+09:00,24942.688509235595,25035.584928264405,24338.861785548328,24989.13671875,47768,0.0,0.0
2021-06-08 00:00:00+09:00,24989.13671875,25128.481347293215,24153.068947490705,24989.13671875,48757,0.0,0.0
2021-06-09 00:00:00+09:00,24989.137539575517,25035.585750615617,24524.655429174483,24756.896484375,17941,0.0,0.0
2021-06-10 00:00:00+09:00,24478.210038325473,24803.347553066036,24245.968956367924,24617.5546875,19249,0.0,0.0
2021-06-11 00:00:00+09:00,24571.104462594696,24803.34552556818,24431.759824810604,24524.65625,36348,0.0,0.0
2021-06-14 00:00:00+09:00,24524.654920212764,24571.103130288924,23781.483558994198,24013.724609375,44522,0.0,0.0
2021-06-15 00:00:00+09:00,24013.725309116635,24199.51815483514,23502.794983390748,23595.69140625,34732,0.0,0.0
2021-06-16 00:00:00+09:00,23595.69280293977,24849.794585773183,23456.348160402726,24292.416015625,121172,0.0,0.0
2021-06-17 00:00:00+09:00,24245.96875,24338.86518199234,23827.934806034486,24245.96875,33360,0.0,0.0
2021-06-18 00:00:00+09:00,24338.863617640596,27404.445676351053,24106.622552586774,26429.033203125,289670,0.0,0.0
2021-06-21 00:00:00+09:00,26707.72152549342,27172.203638980263,26336.135834703946,26475.48046875,128556,0.0,0.0
2021-06-22 00:00:00+09:00,26429.031052259103,26707.720307643205,25825.20433226021,26150.341796875,60551,0.0,0.0
2021-06-23 00:00:00+09:00,25918.103196267213,27265.101391055294,25546.517487360154,26986.412109375,137995,0.0,0.0
2021-06-24 00:00:00+09:00,26939.961071275684,27357.994949967895,26661.271818814213,27125.75390625,86094,0.0,0.0
2021-06-25 00:00:00+09:00,27357.996673583984,27404.444885253906,26707.721710205078,26754.169921875,45327,0.0,0.0
2021-06-28 00:00:00+09:00,26800.618194474482,27543.789582882786,26707.721770923443,26847.06640625,59315,0.0,0.0
2021-06-29 00:00:00+09:00,26847.069156359456,26847.069156359456,25964.553042223073,26521.931640625,71618,0.0,0.0
2021-06-30 00:00:00+09:00,26243.238667136047,26986.410027621318,25778.756566832755,26800.6171875,63398,0.0,0.0
2021-07-01 00:00:00+09:00,26707.721020299145,27311.54775641026,26243.238915598293,27172.203125,56882,0.0,0.0
2021-07-02 00:00:00+09:00,27311.548646907217,27311.548646907217,26614.825467139173,27032.859375,28191,0.0,0.0
2021-07-05 00:00:00+09:00,27265.09915603185,27265.09915603185,26521.92779913831,26614.82421875,26048,0.0,0.0
2021-07-06 00:00:00+09:00,26614.82575609347,26614.82575609347,25918.10256876118,25964.55078125,39085,0.0,0.0
2021-07-07 00:00:00+09:00,25825.20584301002,26196.791538592897,25407.17193547928,25500.068359375,38348,0.0,0.0
2021-07-08 00:00:00+09:00,25453.61983998145,25871.653742462895,24431.759189471242,25035.5859375,66335,0.0,0.0
2021-07-09 00:00:00+09:00,25035.585680326956,26289.68737488879,24524.655360320285,26103.89453125,41175,0.0,0.0
2021-07-12 00:00:00+09:00,26289.6875,26336.135711130744,25685.860755300353,26289.6875,18884,0.0,0.0
2021-07-13 00:00:00+09:00,26382.584228515625,26893.514556884766,26103.894958496094,26754.169921875,34415,0.0,0.0
2021-07-14 00:00:00+09:00,26939.964513644365,26939.964513644365,26011.000220070422,26382.5859375,27705,0.0,0.0
2021-07-15 00:00:00+09:00,26568.376008944153,26707.720638361694,25964.549281468153,26614.82421875,40926,0.0,0.0
2021-07-16 00:00:00+09:00,26614.82672841062,26614.82672841062,25639.414230510753,25918.103515625,24224,0.0,0.0
2021-07-19 00:00:00+09:00,25918.10286000659,26475.481416135764,25407.172516888182,26429.033203125,27684,0.0,0.0
2021-07-20 00:00:00+09:00,26010.999228395063,26707.722422012786,26010.999228395063,26336.13671875,25015,0.0,0.0
2021-07-21 00:00:00+09:00,26336.13495991492,26661.272428555847,26196.790330497384,26614.82421875,31416,0.0,0.0
2021-07-22 00:00:00+09:00,26800.616445044947,27450.891367455053,26707.720027557792,27125.75390625,94138,0.0,0.0
2021-07-23 00:00:00+09:00,26893.51737289295,27125.75845556042,26289.69055795753,26521.931640625,47622,0.0,0.0
2021-07-26 00:00:00+09:00,26289.68642456705,26521.92747072047,25639.411495337477,26150.341796875,38322,0.0,0.0
2021-07-27 00:00:00+09:00,25918.102205210238,26754.170018281537,25407.171875,25407.171875,36694,0.0,0.0
2021-07-28 00:00:00+09:00,25267.825909514922,25778.756212832322,24571.102768627563,24896.240234375,52003,0.0,0.0
2021-07-29 00:00:00+09:00,25035.586180301645,25407.171875,24617.552273765996,25407.171875,31415,0.0,0.0
2021-07-30 00:00:00+09:00,25360.723960671006,25964.550721639363,24849.793624467013,25871.654296875,29766,0.0,0.0
2021-08-02 00:00:00+09:00,26475.483424091504,26614.828073691988,25964.553042223073,26521.931640625,37821,0.0,0.0
2021-08-03 00:00:00+09:00,26289.689285714285,26661.274999999998,25639.414285714283,26011.0,47455,0.0,0.0
2021-08-04 00:00:00+09:00,26150.341796875,26429.031052259103,25871.652541490897,26150.341796875,26767,0.0,0.0
2021-08-05 00:00:00+09:00,26103.896539782803,26475.482255651597,26011.000110815603,26196.79296875,16167,0.0,0.0
2021-08-06 00:00:00+09:00,26475.480934957053,26475.480934957053,25685.861328125,25685.861328125,36959,0.0,0.0
2021-08-09 00:00:00+09:00,25732.30914690778,26661.273376038025,25500.06808962522,26568.376953125,60058,0.0,0.0
2021-08-10 00:00:00+09:00,26429.032133392226,26661.273189045936,25592.96433303887,26289.6875,49489,0.0,0.0
2021-08-11 00:00:00+09:00,26010.999943996416,26150.34458655354,25174.932088653673,25918.103515625,54303,0.0,0.0
2021-08-12 00:00:00+09:00,25639.41485091743,26057.44878870413,25267.829128440368,25314.27734375,17248,0.0,0.0
2021-08-13 00:00:00+09:00,25174.930126488096,25174.930126488096,24153.069494047617,24385.310546875,57222,0.0,0.0
2021-08-17 00:00:00+09:00,24385.311373197117,24756.8970703125,23456.347130408656,24153.0703125,49468,0.0,0.0
2021-08-18 00:00:00+09:00,23967.27734375,24524.65588662791,23735.03628421754,23967.27734375,42553,0.0,0.0
2021-08-19 00:00:00+09:00,23920.830118646267,23967.27833246888,22202.246207209544,22388.0390625,95206,0.0,0.0
2021-08-20 00:00:00+09:00,22388.037044270834,22527.381673177082,21180.38359375,22295.140625,89232,0.0,0.0
2021-08-23 00:00:00+09:00,21970.004853846665,22898.969118279925,21923.556640625,21923.556640625,159279,0.0,0.0
2021-08-24 00:00:00+09:00,22202.247149493243,22759.62573902027,21923.55785472973,22341.591796875,101528,0.0,0.0
2021-08-25 00:00:00+09:00,22434.486205799843,22480.934417406053,22016.452301343947,22248.693359375,30937,0.0,0.0
2021-08-26 00:00:00+09:00,22295.14157098121,22480.934417406053,22062.900512950157,22248.693359375,70159,0.0,0.0
2021-08-27 00:00:00+09:00,22527.382872657854,22759.623933200717,22248.693600006416,22620.279296875,53464,0.0,0.0
2021-08-30 00:00:00+09:00,22666.728515625,22852.52137231045,22388.039230596823,22666.728515625,61694,0.0,0.0
2021-08-31 00:00:00+09:00,22620.27787183151,23456.34563711481,22434.485035101887,23363.44921875,67615,0.0,0.0
2021-09-01 00:00:00+09:00,23363.450409773286,23827.932525275737,23084.761140471815,23688.587890625,41325,0.0,0.0
2021-09-02 00:00:00+09:00,23688.588838408643,23827.93347863458,23177.658490913556,23642.140625,60478,0.0,0.0
2021-09-03 00:00:00+09:00,23502.795984774068,23967.27811886051,23363.451344548135,23642.140625,68857,0.0,0.0
2021-09-06 00:00:00+09:00,23642.140508972774,23688.588722153465,23177.65837716584,23456.34765625,42377,0.0,0.0
2021-09-07 00:00:00+09:00,23456.346832873776,23735.036102175247,23084.761140471815,23688.587890625,31215,0.0,0.0
2021-09-08 00:00:00+09:00,23688.587641621016,23688.587641621016,22945.416264628984,23317.001953125,115540,0.0,0.0
2021-09-09 00:00:00+09:00,23270.553742063,23642.139430559015,22945.416264628984,23317.001953125,90509,0.0,0.0
2021-09-10 00:00:00+09:00,23317.003884427373,25082.036050977655,23177.659239699722,24942.69140625,212985,0.0,0.0
2021-09-13 00:00:00+09:00,24942.691014131215,24942.691014131215,23409.899946223708,24292.416015625,103193,0.0,0.0
2021-09-14 00:00:00+09:00,24060.175886015328,24524.658045977012,23967.279454022988,24245.96875,63595,0.0,0.0
2021-09-15 00:00:00+09:00,24245.966736778846,24338.863161057692,23735.036403245194,24153.0703125,35889,0.0,0.0
2021-09-16 00:00:00+09:00,24431.760601607486,25500.06952525192,23549.244534249043,24199.51953125,160072,0.0,0.0
2021-09-17 00:00:00+09:00,24338.863399621212,24617.552675189392,23781.484848484848,24524.65625,45917,0.0,0.0
2021-09-23 00:00:00+09:00,24060.173828125,24524.655948359075,23735.03634396115,24060.173828125,46742,0.0,0.0
2021-09-24 00:00:00+09:00,23967.277404078184,24664.000584429297,23827.932768007962,24060.173828125,57789,0.0,0.0
2021-09-27 00:00:00+09:00,23874.38361378205,24060.176482371797,22991.86748798077,23549.24609375,72741,0.0,0.0
2021-09-28 00:00:00+09:00,23409.8983125,23642.1393671875,22945.416203125,23224.10546875,38132,0.0,0.0
2021-09-29 00:00:00+09:00,22852.518852919162,23456.345570577596,22620.27780766592,23270.552734375,81228,0.0,0.0
2021-09-30 00:00:00+09:00,23224.105278972675,23224.105278972675,22759.623173393218,22945.416015625,24220,0.0,0.0
2021-10-01 00:00:00+09:00,22898.969586481813,22898.969586481813,22434.487444768187,22666.728515625,25407,0.0,0.0
2021-10-05 00:00:00+09:00,22202.247947982596,22388.04081784019,21226.83538123022,22016.455078125,72924,0.0,0.0
2021-10-06 00:00:00+09:00,22016.451603528447,22248.692654198578,21226.83203125,21226.83203125,42029,0.0,0.0
2021-10-07 00:00:00+09:00,21226.833037663757,21784.21158569869,20901.695551310044,21273.28125,169258,0.0,0.0
2021-10-08 00:00:00+09:00,21366.175574752204,21505.520198065802,21041.038120353798,21087.486328125,42003,0.0,0.0
2021-10-12 00:00:00+09:00,20762.34941007653,20762.34941007653,20065.626275510203,20483.66015625,67634,0.0,0.0
2021-10-13 00:00:00+09:00,20344.315529336734,20901.694036989797,20251.419111394556,20483.66015625,41641,0.0,0.0
2021-10-14 00:00:00+09:00,20762.351894403597,21412.626897807735,20623.007250816994,21319.73046875,44333,0.0,0.0
2021-10-15 00:00:00+09:00,21598.419755923205,21598.419755923205,21041.0411815768,21319.73046875,24654,0.0,0.0
2021-10-18 00:00:00+09:00,21319.727366981002,21551.968405837004,21041.038120353798,21087.486328125,20134,0.0,0.0
2021-10-19 00:00:00+09:00,21273.280176854394,21319.728386847528,20948.142706902472,21133.935546875,19101,0.0,0.0
2021-10-20 00:00:00+09:00,21505.521721706922,24431.759018613047,21505.521721706922,23317.001953125,360616,0.0,0.0
2021-10-21 00:00:00+09:00,23409.89891826923,24571.10422175481,22945.416796875,24153.0703125,150685,0.0,0.0
2021-10-22 00:00:00+09:00,23688.587829109252,24245.966366264765,23270.553926242617,23595.69140625,48284,0.0,0.0
2021-10-25 00:00:00+09:00,23595.694310897437,23642.14252804487,22759.62640224359,23549.24609375,42202,0.0,0.0
2021-10-26 00:00:00+09:00,23735.034999562733,25453.618747084885,23317.001115030314,24896.240234375,211737,0.0,0.0
2021-10-27 00:00:00+09:00,25082.0349806882,25128.4831936154,24060.17429628979,24803.345703125,55040,0.0,0.0
2021-10-28 00:00:00+09:00,24756.896112856655,26289.68705417799,24385.31043011209,25639.412109375,187254,0.0,0.0
2021-10-29 00:00:00+09:00,25221.378216287365,26103.894212805706,24896.240743885868,25639.412109375,45468,0.0,0.0
2021-11-01 00:00:00+09:00,25592.96556085678,26196.792334524907,24896.242360470478,25174.931640625,60581,0.0,0.0
2021-11-02 00:00:00+09:00,25360.72315669484,26893.514116714858,25221.378523965748,26103.89453125,309199,0.0,0.0
2021-11-03 00:00:00+09:00,26103.895114697178,26429.032598332196,24989.138027948542,25500.068359375,62400,0.0,0.0
2021-11-04 00:00:00+09:00,25314.27545132541,25778.757569698355,24617.552273765996,25407.171875,60977,0.0,0.0
2021-11-05 00:00:00+09:00,25174.930789457685,25407.17184840102,23827.93264758633,23874.380859375,124521,0.0,0.0
2021-11-08 00:00:00+09:00,23874.38144458099,25732.309961669005,23502.795741163387,24803.345703125,77992,0.0,0.0
2021-11-09 00:00:00+09:00,24524.654559235074,25221.377700122433,24245.96530288013,24896.240234375,45483,0.0,0.0
2021-11-10 00:00:00+09:00,24617.553400469653,25128.483754064306,23920.830191022396,24106.623046875,32584,0.0,0.0
2021-11-11 00:00:00+09:00,23874.379452033434,23920.827661084084,23131.208107223054,23270.552734375,59268,0.0,0.0
2021-11-12 00:00:00+09:00,23409.897361526946,23781.483033932134,23224.10452532435,23270.552734375,46571,0.0,0.0
2021-11-15 00:00:00+09:00,23781.485887096776,25128.484111170616,22620.280521515877,23038.314453125,166936,0.0,0.0
2021-11-16 00:00:00+09:00,23038.31450803213,23920.830587976907,22573.832360692773,23131.2109375,131570,0.0,0.0
2021-11-17 00:00:00+09:00,23177.65881397891,23317.00345614712,22388.03917502572,22573.83203125,73372,0.0,0.0
2021-11-18 00:00:00+09:00,22388.03682591948,23363.44921875,22109.347570825048,23363.44921875,62922,0.0,0.0
2021-11-19 00:00:00+09:00,23363.452646072798,24756.899125957854,23177.659782088125,24245.96875,148932,0.0,0.0
2021-11-22 00:00:00+09:00,24617.551851254688,24803.344695415104,23735.03584149273,24756.896484375,84787,0.0,0.0
2021-11-23 00:00:00+09:00,24478.207925409562,30377.13089794659,23781.484739676842,25871.654296875,1977540,0.0,0.0
2021-11-24 00:00:00+09:00,25685.86260943041,26289.6893977172,25082.035821143618,26196.79296875,275630,0.0,0.0
2021-11-25 00:00:00+09:00,26057.446715296963,26568.377043047883,25221.37890625,25221.37890625,131048,0.0,0.0
2021-11-26 00:00:00+09:00,25082.03436588035,25128.482577669016,23781.484435797665,23874.380859375,134142,0.0,0.0
2021-11-29 00:00:00+09:00,23224.107311617943,23735.03767247354,22759.625165385587,23038.314453125,99795,0.0,0.0
2021-11-30 00:00:00+09:00,23177.65821150751,23502.795701448496,21459.07433610515,21644.8671875,100499,0.0,0.0
2021-12-01 00:00:00+09:00,21505.52226322853,22945.416842407976,21133.936565375767,22713.17578125,149632,0.0,0.0
2021-12-02 00:00:00+09:00,22620.28175080128,23642.14252804487,22341.592447916668,23549.24609375,110519,0.0,0.0
2021-12-03 00:00:00+09:00,23270.554106122327,24478.207612627673,23177.657682544992,23874.380859375,239283,0.0,0.0
2021-12-06 00:00:00+09:00,23874.382410922895,25267.828855140186,23317.00383323598,24849.794921875,152183,0.0,0.0
2021-12-07 00:00:00+09:00,25314.275806406527,26289.688268671733,24664.00083156306,25964.55078125,223245,0.0,0.0
2021-12-08 00:00:00+09:00,26150.34486410651,26521.93058153609,25685.862717319542,26382.5859375,111774,0.0,0.0
2021-12-09 00:00:00+09:00,26382.583540162454,26521.92817153655,25685.86038329197,25732.30859375,86364,0.0,0.0
2021-12-10 00:00:00+09:00,25453.620110452586,27265.100373787714,25314.27547481142,26939.962890625,158760,0.0,0.0
2021-12-13 00:00:00+09:00,27450.89294737251,28194.064330042496,26382.584084784412,28008.271484375,196031,0.0,0.0
2021-12-14 00:00:00+09:00,27683.133695193927,27868.926538785832,26847.065899030353,27543.7890625,102208,0.0,0.0
2021-12-15 00:00:00+09:00,27822.478071581198,27822.478071581198,26521.928178418802,27172.203125,69723,0.0,0.0
2021-12-16 00:00:00+09:00,27636.685050589138,29123.027775998973,27265.09936923668,28333.408203125,207904,0.0,0.0
2021-12-17 00:00:00+09:00,28054.719818266065,28333.40908798394,27450.89306721067,28194.064453125,92054,0.0,0.0
2021-12-20 00:00:00+09:00,27636.684968045927,28147.61527837955,26800.6171875,26800.6171875,129412,0.0,0.0
2021-12-21 00:00:00+09:00,26800.616959635416,27915.373990885415,26243.238444010414,27868.92578125,89587,0.0,0.0
2021-12-22 00:00:00+09:00,27822.479462792642,28147.616952341137,27311.54912207358,27776.03125,65475,0.0,0.0
2021-12-23 00:00:00+09:00,27868.927210365855,29401.718206935977,27868.927210365855,28565.650390625,179655,0.0,0.0
2021-12-24 00:00:00+09:00,28565.653088258045,28844.342386680073,28054.722707817655,28147.619140625,67165,0.0,0.0
2021-12-27 00:00:00+09:00,28147.615804173693,28333.4086477656,27357.996218908094,27543.7890625,79682,0.0,0.0
2021-12-28 00:00:00+09:00,27543.78818424916,28194.063116086407,27404.44355599832,27683.1328125,105844,0.0,0.0
2021-12-29 00:00:00+09:00,28765.978748210877,30931.666182609733,28153.936647185114,30837.505859375,303259,400.0,0.0
2021-12-30 00:00:00+09:00,30507.943834459456,32438.230404232356,30413.783513982733,31355.38671875,231582,0.0,0.0
2022-01-04 00:00:00+09:00,31025.826864451967,31779.109459036536,30037.14345905972,31732.029296875,188529,0.0,0.0
2022-01-05 00:00:00+09:00,31355.38639826819,31355.38639826819,29848.82128603909,30413.783203125,106625,0.0,0.0
2022-01-06 00:00:00+09:00,29189.69881548536,30884.584553158707,29048.458337345917,30555.0234375,105502,0.0,0.0
2022-01-07 00:00:00+09:00,30884.585731304986,32249.910405402312,30366.70395837152,32108.669921875,138576,0.0,0.0
2022-01-10 00:00:00+09:00,31732.029635027982,32155.7510989972,30978.747032416042,31543.708984375,90143,0.0,0.0
2022-01-11 00:00:00+09:00,31119.987188775038,31732.029296875,30131.30378338279,31732.029296875,53350,0.0,0.0
2022-01-12 00:00:00+09:00,32014.510044642855,33379.83473772321,31402.467940848215,32956.11328125,215905,0.0,0.0
2022-01-13 00:00:00+09:00,32673.634332528614,33568.157462669886,32391.15334406295,32909.03515625,89943,0.0,0.0
2022-01-14 00:00:00+09:00,32720.71019071691,32720.71019071691,31543.706227022056,32014.5078125,114792,0.0,0.0
2022-01-17 00:00:00+09:00,31637.870283018867,31920.35126768868,29189.701749213837,29942.984375,190815,0.0,0.0
2022-01-18 00:00:00+09:00,29895.9025940714,30555.024855987936,28624.738231803796,29754.662109375,179511,0.0,0.0
2022-01-19 00:00:00+09:00,29048.46001380872,30225.464066232085,28907.219527517915,29566.341796875,62982,0.0,0.0
2022-01-20 00:00:00+09:00,29566.342892829154,30037.14453125,29142.62141825039,30037.14453125,35314,0.0,0.0
2022-01-21 00:00:00+09:00,29425.100435086384,29566.3409171748,28059.775774898375,28954.298828125,109445,0.0,0.0
2022-01-24 00:00:00+09:00,28718.89919795133,28718.89919795133,27683.1356203203,28295.177734375,80228,0.0,0.0
2022-01-25 00:00:00+09:00,28530.577752342422,28624.73807495741,27541.89436488501,27636.0546875,69995,0.0,0.0
2022-01-26 00:00:00+09:00,27636.0546875,27636.0546875,27636.0546875,27636.0546875,0,0.0,0.0
2022-01-27 00:00:00+09:00,28436.41796875,29330.941050548427,27824.375860151078,28436.41796875,82287,0.0,0.0
2022-01-28 00:00:00+09:00,28530.57751177394,29990.0625,27871.455259026687,29990.0625,93184,0.0,0.0
2022-02-03 00:00:00+09:00,30366.70362015845,30413.783780809856,29330.940085827464,30084.22265625,75920,0.0,0.0
2022-02-04 00:00:00+09:00,29472.179928999227,30837.504558297915,29472.179928999227,30460.86328125,45561,0.0,0.0
2022-02-07 00:00:00+09:00,30413.78394819466,30460.86410910518,29707.581534536894,29990.0625,35214,0.0,0.0
2022-02-08 00:00:00+09:00,29990.0625,29990.0625,29990.0625,29990.0625,0,0.0,0.0
2022-02-09 00:00:00+09:00,29990.0625,29990.0625,29990.0625,29990.0625,0,0.0,0.0
2022-02-10 00:00:00+09:00,29378.021282327587,29378.021282327587,27259.413978313576,27306.494140625,174176,0.0,0.0
2022-02-11 00:00:00+09:00,27165.25220525568,27447.733164062498,25894.087890625,25894.087890625,65353,0.0,0.0
2022-02-14 00:00:00+09:00,25423.28795695755,25705.768934257074,24340.44421064269,24952.486328125,118260,0.0,0.0
2022-02-15 00:00:00+09:00,24575.844367158457,26129.489700714454,24387.52372066682,25329.126953125,67392,0.0,0.0
2022-02-16 00:00:00+09:00,26129.490746670082,26506.13205473019,25376.208130549865,25847.009765625,74286,0.0,0.0
2022-02-17 00:00:00+09:00,25847.00830887431,26506.130560831032,24952.48525264733,25564.52734375,45742,0.0,0.0
2022-02-18 00:00:00+09:00,25234.96565340909,26035.32837002841,24481.683096590907,25894.087890625,57650,0.0,0.0
2022-02-21 00:00:00+09:00,25894.087890625,25894.087890625,25894.087890625,25894.087890625,0,0.0,0.0
2022-02-22 00:00:00+09:00,25894.087890625,25894.087890625,25894.087890625,25894.087890625,0,0.0,0.0
2022-02-23 00:00:00+09:00,25894.087890625,25894.087890625,25894.087890625,25894.087890625,0,0.0,0.0
2022-02-24 00:00:00+09:00,26317.807510755258,26317.807510755258,24434.60124880497,24622.921875,47187,0.0,0.0
2022-02-25 00:00:00+09:00,25140.808158916978,25517.449479649815,24764.166838184137,25376.208984375,28817,0.0,0.0
2022-02-28 00:00:00+09:00,25376.208984375,25376.208984375,25376.208984375,25376.208984375,0,0.0,0.0
2022-03-02 00:00:00+09:00,25329.126621598247,26082.40919770526,25234.96629958487,25517.447265625,22530,0.0,0.0
2022-03-03 00:00:00+09:00,25705.76763647847,26788.611328125,25611.60731546573,26788.611328125,51770,0.0,0.0
2022-03-04 00:00:00+09:00,26788.611328125,26788.611328125,26788.611328125,26788.611328125,0,0.0,0.0
2022-03-07 00:00:00+09:00,25941.17083056829,25941.17083056829,24105.0444015444,24387.525390625,86179,0.0,0.0
2022-03-08 00:00:00+09:00,24010.881020853838,24199.201656311518,23398.83895561639,23916.720703125,29182,0.0,0.0
2022-03-10 00:00:00+09:00,23916.720703125,23916.720703125,23916.720703125,23916.720703125,0,0.0,0.0
2022-03-11 00:00:00+09:00,24811.24609375,25140.807237310248,24481.684950189756,24811.24609375,10219,0.0,0.0
2022-03-14 00:00:00+09:00,24858.3254751462,25423.28741776316,23775.48175179703,24152.123046875,30095,0.0,0.0
2022-03-15 00:00:00+09:00,24057.962263257577,24057.962263257577,23257.59952651515,23304.6796875,35673,0.0,0.0
2022-03-16 00:00:00+09:00,23634.240940824468,24340.443359375,23304.679812167553,24340.443359375,35541,0.0,0.0
2022-03-17 00:00:00+09:00,24575.844632056454,26741.532090053766,24481.6843077957,26270.73046875,115444,0.0,0.0
2022-03-18 00:00:00+09:00,26270.730052453375,26694.4515049123,25894.088761378775,26506.130859375,24823,0.0,0.0
2022-03-21 00:00:00+09:00,26506.130859375,26506.130859375,26506.130859375,26506.130859375,0,0.0,0.0
2022-03-22 00:00:00+09:00,25847.00843819137,26788.611659983406,25752.848116012166,26600.291015625,16213,0.0,0.0
2022-03-23 00:00:00+09:00,26600.29060444079,26929.851726973684,26459.050123355264,26835.69140625,15307,0.0,0.0
2022-03-24 00:00:00+09:00,26835.69250028052,26835.69250028052,26129.49006606261,26223.650390625,17584,0.0,0.0
2022-03-25 00:00:00+09:00,26223.650390625,26223.650390625,26223.650390625,26223.650390625,0,0.0,0.0
2022-03-28 00:00:00+09:00,25894.089758677404,26129.490574665382,25564.52861629424,25941.169921875,15891,0.0,0.0
2022-03-29 00:00:00+09:00,26035.330766198396,26129.491094466743,25564.52912485665,25658.689453125,13297,0.0,0.0
2022-03-30 00:00:00+09:00,25894.088553678506,25894.088553678506,25329.126621598247,25517.447265625,17266,0.0,0.0
2022-03-31 00:00:00+09:00,25423.28787076271,25423.28787076271,24622.925104460923,24999.56640625,36175,0.0,0.0
2022-04-01 00:00:00+09:00,24952.486991112386,25894.09027379587,24670.00600630734,25658.689453125,29892,0.0,0.0
2022-04-04 00:00:00+09:00,25658.687582576975,25894.088386086856,25187.885975557216,25611.607421875,16165,0.0,0.0
2022-04-05 00:00:00+09:00,25517.447100471047,25941.168546788835,25282.04629696117,25611.607421875,18188,0.0,0.0
2022-04-06 00:00:00+09:00,25282.04730785473,26176.57039695946,24858.325844594598,26129.490234375,39260,0.0,0.0
2022-04-07 00:00:00+09:00,25988.248210227273,26223.649009232955,25517.446612215906,25894.087890625,18521,0.0,0.0
2022-04-08 00:00:00+09:00,26082.409920528018,27353.574302936424,25564.52813510237,27306.494140625,59411,0.0,0.0
2022-04-11 00:00:00+09:00,27118.171040925266,27965.61388595418,26459.048828125,26459.048828125,42726,0.0,0.0
2022-04-12 00:00:00+09:00,26411.97095514113,26600.291603662634,25658.68836105511,26270.73046875,13081,0.0,0.0
2022-04-13 00:00:00+09:00,26270.731143651832,27024.013757089877,25941.170000272687,26976.93359375,21826,0.0,0.0
2022-04-14 00:00:00+09:00,27306.494730494964,28389.338487049077,27071.09391385277,28059.77734375,110469,0.0,0.0
2022-04-15 00:00:00+09:00,27824.376953125,28106.857937420686,27165.254656435067,27824.376953125,49654,0.0,0.0
2022-04-18 00:00:00+09:00,27777.296195652176,27777.296195652176,27024.013586956524,27071.09375,23978,0.0,0.0
2022-04-19 00:00:00+09:00,27071.091715494793,27541.893310546875,27024.011555989586,27118.171875,11710,0.0,0.0
2022-04-20 00:00:00+09:00,27118.173659169548,27730.215773004973,26741.53235834775,27212.333984375,23269,0.0,0.0
2022-04-21 00:00:00+09:00,27118.172202797203,27212.332522945802,26411.96980168269,26929.8515625,38335,0.0,0.0
2022-04-22 00:00:00+09:00,26553.2109375,27024.01254986702,25847.008518949468,26553.2109375,28384,0.0,0.0
2022-04-25 00:00:00+09:00,26035.328868192784,26223.64951100069,25282.04629696117,25611.607421875,52039,0.0,0.0
2022-04-26 00:00:00+09:00,25658.68709161932,26364.889488636363,25658.68709161932,25894.087890625,21338,0.0,0.0
2022-04-27 00:00:00+09:00,25093.726902173916,26082.410326086956,25046.646739130436,25988.25,21732,0.0,0.0
2022-04-28 00:00:00+09:00,25988.250953096118,26223.651776946626,25282.048481544593,25470.369140625,22168,0.0,0.0
2022-04-29 00:00:00+09:00,25658.687665458103,25658.687665458103,25423.286861187848,25564.52734375,5258,0.0,0.0
2022-05-02 00:00:00+09:00,25093.727483514907,25847.010109661696,25046.647319380736,25658.689453125,10056,0.0,0.0
2022-05-03 00:00:00+09:00,25847.00830887431,25847.00830887431,25376.206700333794,25564.52734375,21587,0.0,0.0
2022-05-04 00:00:00+09:00,25752.847903980928,25752.847903980928,25187.885975557216,25611.607421875,23785,0.0,0.0
2022-05-06 00:00:00+09:00,25423.286615728022,25705.767578125,25093.725492931546,25705.767578125,14956,0.0,0.0
2022-05-10 00:00:00+09:00,24952.48582526819,25564.52793041628,24246.283396251165,25234.966796875,23777,0.0,0.0
2022-05-11 00:00:00+09:00,25046.64533253205,25705.767578125,24952.485011733057,25705.767578125,13994,0.0,0.0
2022-05-12 00:00:00+09:00,25658.68859771499,25705.768760279607,24670.005183858084,25046.646484375,25182,0.0,0.0
2022-05-13 00:00:00+09:00,25046.64525251371,25847.007976748173,25046.64525251371,25752.84765625,13394,0.0,0.0
2022-05-16 00:00:00+09:00,25894.08903301887,27683.13518439108,25894.08903301887,27447.734375,99979,0.0,0.0
2022-05-17 00:00:00+09:00,27306.492026417527,27494.812661082477,26882.770598421394,27400.65234375,23827,0.0,0.0
2022-05-18 00:00:00+09:00,27259.414146977724,27636.055447799525,26694.452195745023,27212.333984375,30354,0.0,0.0
2022-05-19 00:00:00+09:00,26694.451967353063,28624.73861754967,26129.490020954057,28436.41796875,97619,0.0,0.0
2022-05-20 00:00:00+09:00,28436.418736869746,29095.54102547269,27777.296448266807,28012.697265625,52155,0.0,0.0
2022-05-23 00:00:00+09:00,28295.17742025776,29613.421958971936,27636.055150900676,29566.341796875,105890,0.0,0.0
2022-05-24 00:00:00+09:00,29754.663479099025,29848.823806564527,28671.81971324574,29001.380859375,50836,0.0,0.0
2022-05-25 00:00:00+09:00,28813.059203324046,29801.742607359673,28624.738554936306,29566.341796875,82459,0.0,0.0
2022-05-26 00:00:00+09:00,29566.342563610662,30131.304523424882,28295.178154028676,29142.62109375,73270,0.0,0.0
2022-05-27 00:00:00+09:00,29095.54023954884,29142.620401748758,28295.177482150248,28436.41796875,18793,0.0,0.0
2022-05-30 00:00:00+09:00,28718.896725700164,28860.13720140033,28248.095140032947,28577.65625,24414,0.0,0.0
2022-05-31 00:00:00+09:00,28436.416262500003,29472.17976875,28295.175784375002,29425.099609375,30009,0.0,0.0
2022-06-02 00:00:00+09:00,29095.54093043215,29330.941747021407,28389.33848066438,29142.62109375,20723,0.0,0.0
2022-06-03 00:00:00+09:00,29142.62152318302,29378.022343241042,28530.579391032166,28907.220703125,22593,0.0,0.0
2022-06-07 00:00:00+09:00,28718.900070061336,28718.900070061336,27353.57531263219,27824.376953125,31373,0.0,0.0
2022-06-08 00:00:00+09:00,27965.615648875213,28059.775970925297,27024.012428374364,27730.21484375,34804,0.0,0.0
2022-06-09 00:00:00+09:00,27588.97486063465,27636.055022512865,27024.012918096058,27447.734375,27725,0.0,0.0
2022-06-10 00:00:00+09:00,27071.094092053416,27353.575073883538,26788.613110223294,26882.7734375,29809,0.0,0.0
2022-06-13 00:00:00+09:00,26411.969984117444,26506.130304916438,25234.965974130035,25705.767578125,62722,0.0,0.0
2022-06-14 00:00:00+09:00,24481.68436914794,25705.768587605337,23869.64225991924,25140.806640625,84629,0.0,0.0
2022-06-15 00:00:00+09:00,24952.485991631554,25564.528100860254,24010.882746664327,25140.806640625,53686,0.0,0.0
2022-06-16 00:00:00+09:00,25517.44836956522,25611.608695652176,23822.5625,23822.5625,86221,0.0,0.0
2022-06-17 00:00:00+09:00,23351.761205179282,23822.562842380477,22833.87940425797,23634.2421875,54572,0.0,0.0
2022-06-20 00:00:00+09:00,23916.723095703124,23916.723095703124,22033.516552734374,22598.478515625,90589,0.0,0.0
2022-06-21 00:00:00+09:00,22363.07662747211,23257.59969257099,21798.114691620183,23210.51953125,47614,0.0,0.0
2022-06-22 00:00:00+09:00,23163.441556490383,23163.441556490383,21939.35724659455,22033.517578125,40150,0.0,0.0
2022-06-23 00:00:00+09:00,21892.275368530827,22410.15715144231,20291.54985771352,20809.431640625,255220,0.0,0.0
2022-06-24 00:00:00+09:00,20809.431062082404,21562.71363446548,20715.27074053452,21138.9921875,72647,0.0,0.0
2022-06-27 00:00:00+09:00,21374.39315925615,21515.63364268736,20762.35106438758,21044.83203125,126897,0.0,0.0
2022-06-28 00:00:00+09:00,21044.832621626418,21091.91278409091,20056.149209872157,20715.271484375,74186,0.0,0.0
2022-06-29 00:00:00+09:00,20244.469859730114,20856.511971768465,20150.309534801134,20715.271484375,24345,0.0,0.0
2022-06-30 00:00:00+09:00,20668.19018895349,20715.27034883721,20009.067950581393,20244.46875,37198,0.0,0.0
2022-07-01 00:00:00+09:00,20338.630434782608,20809.432065217392,19067.466032608696,19491.1875,47164,0.0,0.0
2022-07-04 00:00:00+09:00,19397.02848919173,19397.02848919173,18361.264832001878,18784.986328125,64550,0.0,0.0
2022-07-05 00:00:00+09:00,18784.98348418445,19585.34618902439,18784.98348418445,19302.865234375,18709,0.0,0.0
2022-07-06 00:00:00+09:00,19302.865315556235,19773.666908618583,19114.544678331295,19255.78515625,13886,0.0,0.0
2022-07-07 00:00:00+09:00,19632.426830826516,20150.30859375,19397.02602949766,20150.30859375,18339,0.0,0.0
2022-07-08 00:00:00+09:00,20668.19035667348,20903.591158002335,19867.82763215537,20150.30859375,133606,0.0,0.0
2022-07-11 00:00:00+09:00,20150.30695386203,20432.78789246757,19632.4252330852,19961.986328125,12493,0.0,0.0
2022-07-12 00:00:00+09:00,19585.349154135336,19632.42932037124,18549.58549694549,18784.986328125,35005,0.0,0.0
2022-07-13 00:00:00+09:00,18784.986328125,18926.226826832706,17984.62350211466,18784.986328125,50767,0.0,0.0
2022-07-14 00:00:00+09:00,18784.98650991945,20103.23117728222,18596.665843153343,19726.58984375,38605,0.0,0.0
2022-07-15 00:00:00+09:00,19914.908967391304,19914.908967391304,19161.626358695652,19491.1875,213291,0.0,0.0
2022-07-18 00:00:00+09:00,19632.426911043618,20150.30867608314,19444.106269211068,20103.228515625,22991,0.0,0.0
2022-07-19 00:00:00+09:00,19820.747634242958,20150.308758802817,19679.50715228873,20056.1484375,27449,0.0,0.0
2022-07-20 00:00:00+09:00,20385.710766882185,20715.27191091954,19773.66864224138,20479.87109375,75449,0.0,0.0
2022-07-21 00:00:00+09:00,20385.708903369814,20809.430335541474,20385.708903369814,20432.7890625,15787,0.0,0.0
2022-07-22 00:00:00+09:00,20479.870923913044,20526.951086956524,19491.1875,19491.1875,34230,0.0,0.0
2022-07-25 00:00:00+09:00,19491.185870807927,19632.42634813262,19020.384279725607,19302.865234375,25725,0.0,0.0
2022-07-26 00:00:00+09:00,19161.62546415441,20150.308841911767,19067.465142463236,20009.068359375,19115,0.0,0.0
2022-07-27 00:00:00+09:00,19961.98888494318,20715.271484375,19773.668235085228,20715.271484375,19980,0.0,0.0
2022-07-28 00:00:00+09:00,20903.592477780963,20903.592477780963,20338.63051892202,20526.951171875,20432,0.0,0.0
2022-07-29 00:00:00+09:00,21044.832793771402,21044.832793771402,20479.870839576197,20621.111328125,72468,0.0,0.0
2022-08-01 00:00:00+09:00,20621.111243593394,20903.59221953303,20385.710430310366,20668.19140625,8318,0.0,0.0
2022-08-02 00:00:00+09:00,20668.191920467667,20668.191920467667,20197.390282188222,20385.7109375,13848,0.0,0.0
2022-08-03 00:00:00+09:00,20338.628987819025,20338.628987819025,20103.228189348898,20291.548828125,5650,0.0,0.0
2022-08-04 00:00:00+09:00,20479.870839576197,21044.832793771402,20244.470025328195,20621.111328125,44955,0.0,0.0
2022-08-05 00:00:00+09:00,20715.271484375,20809.431809303976,20197.389697265626,20715.271484375,26550,0.0,0.0
2022-08-08 00:00:00+09:00,20715.27182482798,20762.351988066228,20150.309865969037,20526.951171875,17589,0.0,0.0
2022-08-09 00:00:00+09:00,20715.268831073114,20715.268831073114,19867.826015256487,19961.986328125,40114,0.0,0.0
2022-08-10 00:00:00+09:00,19914.908623654308,20009.06894811603,19255.78635242225,19679.5078125,43801,0.0,0.0
2022-08-11 00:00:00+09:00,19914.907792421145,20291.54907454731,19773.66731162383,20150.30859375,31396,0.0,0.0
2022-08-12 00:00:00+09:00,20150.30873263889,21421.473068576386,20150.30873263889,21186.072265625,97124,0.0,0.0
2022-08-16 00:00:00+09:00,21515.633604531584,22457.236825736465,21186.072477109872,22174.755859375,83136,0.0,0.0
2022-08-17 00:00:00+09:00,22268.91630903167,22268.91630903167,20856.51146913537,20997.751953125,64289,0.0,0.0
2022-08-18 00:00:00+09:00,20950.67146267361,21327.312747395834,20432.789696180553,21186.072265625,23859,0.0,0.0
2022-08-19 00:00:00+09:00,20997.751139322918,21044.831298828125,20244.468587239586,20338.62890625,31628,0.0,0.0
2022-08-22 00:00:00+09:00,20103.22935870054,20291.550008430757,19491.187247077338,19632.427734375,37065,0.0,0.0
2022-08-23 00:00:00+09:00,19397.02692221223,19961.98887140288,19302.86659734712,19632.427734375,29106,0.0,0.0
2022-08-24 00:00:00+09:00,19632.42986634036,19914.910871611446,19208.708358433734,19538.26953125,25053,0.0,0.0
2022-08-25 00:00:00+09:00,19538.268829417848,20056.150653812056,19491.18866356383,19914.91015625,19191,0.0,0.0
2022-08-26 00:00:00+09:00,20009.068359375,20103.22868106618,19726.58739430147,20009.068359375,23780,0.0,0.0
2022-08-29 00:00:00+09:00,19114.544678331295,19491.185952781176,19114.544678331295,19255.78515625,16590,0.0,0.0
2022-08-30 00:00:00+09:00,19255.786768878632,19491.18758512409,18879.145462885896,19444.107421875,40668,0.0,0.0
2022-08-31 00:00:00+09:00,19161.624918619793,20479.869384765625,19114.544759114586,20338.62890625,45463,0.0,0.0
2022-09-01 00:00:00+09:00,20197.389002757354,20479.869967830884,19679.507233455883,20009.068359375,20859,0.0,0.0
2022-09-02 00:00:00+09:00,20056.148110465117,20526.949709302324,19585.346511627908,20244.46875,25885,0.0,0.0
2022-09-05 00:00:00+09:00,19867.82906592153,20150.31004790146,18926.22579265511,19349.947265625,47656,0.0,0.0
2022-09-06 00:00:00+09:00,19349.946859780845,21751.03515625,19208.706371753247,21751.03515625,150948,0.0,0.0
2022-09-07 00:00:00+09:00,22127.676879882812,23963.80325927734,21186.073608398438,22598.478515625,515959,0.0,0.0
2022-09-08 00:00:00+09:00,22833.879076086956,23022.19972826087,20762.351902173912,21656.875,199779,0.0,0.0
2022-09-13 00:00:00+09:00,21703.95573874081,23163.440831801472,21233.154095818016,22410.158203125,112268,0.0,0.0
2022-09-14 00:00:00+09:00,21468.553229166664,21703.954032118054,20856.511141493054,21186.072265625,81938,0.0,0.0
2022-09-15 00:00:00+09:00,21233.153185232426,21374.393672052156,20479.870588860544,20762.3515625,62906,0.0,0.0
2022-09-16 00:00:00+09:00,20432.790234375,20526.950558035714,19585.34732142857,19773.66796875,64220,0.0,0.0
2022-09-19 00:00:00+09:00,19914.910244186907,20244.47140662026,19491.188749629742,19867.830078125,37261,0.0,0.0
2022-09-20 00:00:00+09:00,20009.070487958037,20244.471317228134,19632.429161125885,19914.91015625,31707,0.0,0.0
2022-09-21 00:00:00+09:00,19773.668221672662,19867.82854653777,19397.02692221223,19632.427734375,31119,0.0,0.0
2022-09-22 00:00:00+09:00,19161.628190888554,19585.34969879518,18926.227353162652,19538.26953125,30498,0.0,0.0
2022-09-23 00:00:00+09:00,19349.94547486247,19444.10579347494,18361.26212943154,19255.78515625,58173,0.0,0.0
2022-09-26 00:00:00+09:00,18784.983072916668,18973.303705226608,16101.4140625,16101.4140625,359475,0.0,0.0
2022-09-27 00:00:00+09:00,16148.496008584667,16572.217478197676,15913.095192132994,16195.576171875,261514,0.0,0.0
2022-09-28 00:00:00+09:00,16242.65671209582,16242.65671209582,14641.931123077682,14924.412109375,109959,0.0,0.0
2022-09-29 00:00:00+09:00,15348.133286559465,15442.293613470874,14312.36969053398,14547.7705078125,113493,0.0,0.0
2022-09-30 00:00:00+09:00,14547.769948858964,14547.769948858964,13982.80800909745,14312.369140625,73665,0.0,0.0
2022-10-04 00:00:00+09:00,14783.171560362842,15724.774844462387,14641.93106774791,15489.3740234375,73651,0.0,0.0
2022-10-05 00:00:00+09:00,15677.694649174528,16242.656618514151,14594.850874606918,14971.4921875,49409,0.0,0.0
2022-10-06 00:00:00+09:00,15018.570576746322,16148.49438189338,15018.570576746322,16007.25390625,90732,0.0,0.0
2022-10-07 00:00:00+09:00,15771.853679851725,16148.494961758634,15536.45287865991,15677.693359375,19252,0.0,0.0
2022-10-11 00:00:00+09:00,15159.811441805341,15536.452719862617,14689.009844233748,15206.8916015625,41494,0.0,0.0
2022-10-12 00:00:00+09:00,15065.65200617284,15489.373468846452,14783.1710310571,15253.97265625,14552,0.0,0.0
2022-10-13 00:00:00+09:00,15159.813551682693,15159.813551682693,13653.248229776338,14076.9697265625,237061,0.0,0.0
2022-10-14 00:00:00+09:00,14594.850333216853,14971.491632138579,14312.369359025559,14736.0908203125,34438,0.0,0.0
2022-10-17 00:00:00+09:00,14453.610217285155,15206.892834472656,14171.129235839842,15065.65234375,68790,0.0,0.0
2022-10-18 00:00:00+09:00,15395.212890625,15913.094669820335,14971.491434919724,15395.212890625,31321,0.0,0.0
2022-10-19 00:00:00+09:00,15348.132246641355,15630.61320823598,14783.170323452103,15112.7314453125,27902,0.0,0.0
2022-10-20 00:00:00+09:00,15065.65195686901,15253.972606329873,14453.609846121206,14736.0908203125,27333,0.0,0.0
2022-10-21 00:00:00+09:00,14500.68978721217,14736.090595446134,14124.048494037828,14312.369140625,27306,0.0,0.0
2022-10-24 00:00:00+09:00,14736.091366941824,15442.293828616352,14689.011202830188,14971.4921875,44160,0.0,0.0
2022-10-25 00:00:00+09:00,14971.491434919724,15771.854184585245,14971.491434919724,15395.212890625,30460,0.0,0.0
2022-10-26 00:00:00+09:00,15395.213315217392,15442.29347826087,14971.491847826088,15159.8125,25493,0.0,0.0
2022-10-27 00:00:00+09:00,15112.730571700866,15724.77261977598,15018.570256612387,15630.6123046875,17506,0.0,0.0
2022-10-28 00:00:00+09:00,15536.453125,15677.693607954545,14971.491193181819,15536.453125,14771,0.0,0.0
2022-10-31 00:00:00+09:00,15818.934782608696,15818.934782608696,15018.572010869566,15159.8125,32722,0.0,0.0
2022-11-01 00:00:00+09:00,15159.811441805341,15395.21224059114,14877.330483262385,15206.8916015625,24461,0.0,0.0
2022-11-02 00:00:00+09:00,15206.892378176002,16336.816270052857,15112.732053852931,15866.0146484375,89744,0.0,0.0
2022-11-03 00:00:00+09:00,15301.052783784411,16054.335382370722,15301.052783784411,15818.9345703125,16537,0.0,0.0
2022-11-04 00:00:00+09:00,15583.532957522455,15818.93375748503,15253.97183757485,15724.7734375,28307,0.0,0.0
2022-11-07 00:00:00+09:00,15677.693277507486,15818.93375748503,15348.13215755988,15724.7734375,29090,0.0,0.0
2022-11-08 00:00:00+09:00,15913.093249952937,16242.654352762613,15206.890886789346,15630.6123046875,139285,0.0,0.0
2022-11-09 00:00:00+09:00,15583.533038898273,15960.17432080518,15442.292558183182,15677.693359375,22200,0.0,0.0
2022-11-10 00:00:00+09:00,15583.533675468287,16101.41545924518,15395.213026822144,15866.0146484375,21181,0.0,0.0
2022-11-11 00:00:00+09:00,16336.815759953535,16383.895920645045,15960.174474421467,16148.4951171875,39362,0.0,0.0
2022-11-14 00:00:00+09:00,16195.576171875,16383.896825036338,15913.095192132994,16195.576171875,33074,0.0,0.0
2022-11-15 00:00:00+09:00,16054.33631458849,16054.33631458849,14124.049543626237,14265.2900390625,419720,0.0,0.0
2022-11-16 00:00:00+09:00,14406.529463918585,14641.93027215255,14171.12865568462,14312.369140625,149884,0.0,0.0
2022-11-17 00:00:00+09:00,14406.529439032833,15065.651700949367,14312.369115901898,14877.3310546875,139535,0.0,0.0
2022-11-18 00:00:00+09:00,14830.251060534434,15301.052681503781,14641.930412146696,14783.1708984375,47240,0.0,0.0
2022-11-21 00:00:00+09:00,14971.491579573676,14971.491579573676,14124.048659975166,14218.208984375,58399,0.0,0.0
2022-11-22 00:00:00+09:00,14124.047599871135,14265.288075869847,13653.246013208764,13700.326171875,93515,0.0,0.0
2022-11-23 00:00:00+09:00,13747.407443936878,14547.770206083887,13653.247118978406,14171.12890625,103112,0.0,0.0
2022-11-24 00:00:00+09:00,14359.449277467365,14971.491377818433,14029.888146509098,14877.3310546875,129482,0.0,0.0
2022-11-25 00:00:00+09:00,14877.330483262385,15348.132080833979,14594.849524719428,15206.8916015625,105488,0.0,0.0
2022-11-28 00:00:00+09:00,15065.652173913044,15395.213315217392,14689.010869565218,15159.8125,102464,0.0,0.0
2022-11-29 00:00:00+09:00,15112.732709797683,15630.614516052432,14877.331888772796,15489.3740234375,76516,0.0,0.0
2022-11-30 00:00:00+09:00,15489.374284053873,15583.534614048122,15253.973459068253,15348.1337890625,34502,0.0,0.0
2022-12-01 00:00:00+09:00,15536.45287865991,15771.853679851725,15395.212397944819,15677.693359375,68824,0.0,0.0
2022-12-02 00:00:00+09:00,15913.094160566816,16148.494961758634,15348.132237706455,15677.693359375,129102,0.0,0.0
2022-12-05 00:00:00+09:00,15771.85512306416,16242.656768528761,15630.61462942478,15960.17578125,74297,0.0,0.0
2022-12-06 00:00:00+09:00,15960.175489166353,15960.175489166353,15395.213524948074,15583.5341796875,49144,0.0,0.0
2022-12-07 00:00:00+09:00,15348.132645769818,15677.693776200458,15159.811999809452,15442.29296875,28855,0.0,0.0
2022-12-08 00:00:00+09:00,15536.454156839622,15536.454156839622,14971.4921875,14971.4921875,27084,0.0,0.0
2022-12-09 00:00:00+09:00,15395.213664504718,15395.213664504718,14783.171531053458,14971.4921875,14945,0.0,0.0
2022-12-12 00:00:00+09:00,14877.331916360296,14971.492244944853,14312.369944852942,14406.5302734375,49798,0.0,0.0
2022-12-13 00:00:00+09:00,14500.69060202206,14971.492244944853,14359.450109145222,14406.5302734375,64366,0.0,0.0
2022-12-14 00:00:00+09:00,14547.769923729233,15206.892185645767,14500.689762163765,14877.3310546875,50687,0.0,0.0
2022-12-15 00:00:00+09:00,14877.331138392858,15159.812109375,14641.930329241071,14830.2509765625,54781,0.0,0.0
2022-12-16 00:00:00+09:00,14453.609048432476,14924.410646101287,14359.448728898715,14641.9296875,18868,0.0,0.0
2022-12-19 00:00:00+09:00,14641.930495582068,14877.331307408147,14406.52968375599,14736.0908203125,18987,0.0,0.0
2022-12-20 00:00:00+09:00,14736.09085600083,14736.09085600083,14076.968581291529,14171.12890625,48965,0.0,0.0
2022-12-21 00:00:00+09:00,14312.369826858107,14312.369826858107,13841.568187816722,13935.728515625,104333,0.0,0.0
2022-12-22 00:00:00+09:00,13982.808256333057,14312.369393687708,13841.56776889535,14171.12890625,55206,0.0,0.0
2022-12-23 00:00:00+09:00,14076.967358732876,14076.967358732876,13088.284032534246,13747.40625,297279,0.0,0.0
2022-12-26 00:00:00+09:00,13982.807123872422,13982.807123872422,13559.085695876289,13700.326171875,51391,0.0,0.0
2022-12-27 00:00:00+09:00,13653.246738148384,14029.888027476616,13653.246738148384,13841.5673828125,54151,0.0,0.0
2022-12-28 00:00:00+09:00,14081.87283250762,14177.994831364329,13601.262838224085,13793.5068359375,39159,300.0,0.0
2022-12-29 00:00:00+09:00,13793.506230540821,13793.506230540821,12832.28628416167,13024.5302734375,122622,0.0,0.0
2023-01-02 00:00:00+09:00,13024.530744619407,13168.713741792315,12255.554759697228,12351.6767578125,62773,0.0,0.0
2023-01-03 00:00:00+09:00,12255.55483077944,12688.103824806949,11871.06683608832,12447.798828125,49941,0.0,0.0
2023-01-04 00:00:00+09:00,12255.55467292444,13072.591651119403,12255.55467292444,12880.34765625,34839,0.0,0.0
2023-01-05 00:00:00+09:00,12928.408126316714,13120.65211332514,12736.164139308286,12832.2861328125,18984,0.0,0.0
2023-01-06 00:00:00+09:00,12736.164802102481,13120.652796128217,12640.042803596049,13072.591796875,14256,0.0,0.0
2023-01-09 00:00:00+09:00,13120.653076171875,13649.32407924107,13120.653076171875,13457.080078125,31228,0.0,0.0
2023-01-10 00:00:00+09:00,13457.078810307017,13793.505780564694,13360.956818804825,13697.3837890625,20532,0.0,0.0
2023-01-11 00:00:00+09:00,13697.384314903848,13841.567307692309,13553.201322115385,13745.4453125,13798,0.0,0.0
2023-01-12 00:00:00+09:00,13793.50722106074,13889.629222601234,13601.263217979755,13649.32421875,16384,0.0,0.0
2023-01-13 00:00:00+09:00,13697.38446255388,14033.811449353449,13649.323464439656,13937.689453125,25174,0.0,0.0
2023-01-16 00:00:00+09:00,14081.87137858073,14129.932373046875,13793.505411783854,13841.56640625,26459,0.0,0.0
2023-01-17 00:00:00+09:00,13985.750905601211,14177.994904303634,13697.384907547577,13889.62890625,25712,0.0,0.0
2023-01-18 00:00:00+09:00,13937.68968777606,13937.68968777606,13553.201696389133,13601.2626953125,26200,0.0,0.0
2023-01-19 00:00:00+09:00,13505.140541390196,14226.055516909246,13505.140541390196,14033.8115234375,54851,0.0,0.0
2023-01-20 00:00:00+09:00,13985.751183712122,14418.30018939394,13841.568181818182,14274.1171875,41962,0.0,0.0
2023-01-25 00:00:00+09:00,14418.298828125,14514.4208203125,14226.05484375,14418.298828125,111,0.0,0.0
2023-01-26 00:00:00+09:00,14562.48276939923,14620.15596848596,14293.341173661158,14504.8095703125,100,0.0,0.0
2023-01-27 00:00:00+09:00,14610.54337608623,14648.992174444353,14129.93339660971,14379.8505859375,146,0.0,0.0
2023-01-30 00:00:00+09:00,14351.01499847638,14591.32000514879,14139.546592604656,14293.341796875,3,0.0,0.0
2023-01-31 00:00:00+09:00,14226.055590986396,14379.850786564626,13985.750597895409,14129.93359375,23636,0.0,0.0
2023-02-01 00:00:00+09:00,14235.667240235734,14322.17703440327,13553.20108624739,13812.73046875,541,0.0,0.0
2023-02-02 00:00:00+09:00,14158.77033740562,14418.299732592282,14101.097138475252,14322.177734375,2852,0.0,0.0
2023-02-03 00:00:00+09:00,14456.748531879195,14456.748531879195,14053.03613936661,14322.177734375,243,0.0,0.0
2023-02-06 00:00:00+09:00,14351.013852383228,14351.013852383228,14004.974670410156,14456.748046875,9,0.0,0.0
2023-02-07 00:00:00+09:00,14120.321006744827,14687.44077488502,14101.09660782482,14629.767578125,38279,0.0,0.0
2023-02-08 00:00:00+09:00,14668.216392389113,15168.050764868953,14668.216392389113,14898.9091796875,107,0.0,0.0
2023-02-09 00:00:00+09:00,14754.726187626009,14995.031174395162,14610.543195564516,14898.9091796875,25808,0.0,0.0
2023-02-10 00:00:00+09:00,14898.909736820828,14995.031735122897,14475.97294429172,14860.4609375,33657,0.0,0.0
2023-02-13 00:00:00+09:00,14879.684254289623,15062.316037772505,14331.788903840974,14495.1962890625,37956,0.0,0.0
2023-02-14 00:00:00+09:00,14427.911680487756,15187.275453145006,14418.299480833866,15014.255859375,44811,0.0,0.0
2023-02-15 00:00:00+09:00,15014.257093668139,15235.337703882204,14466.361668355026,14677.830078125,38934,0.0,0.0
2023-02-16 00:00:00+09:00,14697.052547854702,14966.19412492464,14600.930556044012,14946.9697265625,18697,0.0,0.0
2023-02-17 00:00:00+09:00,14610.543103091932,14841.235888930225,14360.62591843378,14533.6455078125,27976,0.0,0.0
2023-02-20 00:00:00+09:00,14543.258615451388,14754.727015676062,14158.770615042893,14706.666015625,26774,0.0,0.0
2023-02-21 00:00:00+09:00,14562.483015471813,14860.461215788398,14562.483015471813,14706.666015625,12433,0.0,0.0
2023-02-22 00:00:00+09:00,14331.7904571227,14562.483261261497,14197.219654708404,14370.2392578125,72,0.0,0.0
2023-02-23 00:00:00+09:00,14379.85082794661,14456.74842595702,14216.443432174488,14312.5654296875,45,0.0,0.0
2023-02-24 00:00:00+09:00,14351.014134421117,14351.014134421117,13630.099157809205,13678.16015625,202,0.0,0.0
2023-02-27 00:00:00+09:00,13572.425751011613,13745.445342738389,13168.7133703158,13658.935546875,33880,0.0,0.0
2023-02-28 00:00:00+09:00,13610.874870867769,14187.606856921488,13610.874870867769,13956.9140625,20024,0.0,0.0
2023-03-02 00:00:00+09:00,14062.647927570813,14062.647927570813,13610.874549173119,13658.935546875,31750,0.0,0.0
2023-03-03 00:00:00+09:00,13726.220913461539,14033.811298076924,13668.547716346155,13745.4453125,22867,0.0,0.0
2023-03-06 00:00:00+09:00,13745.445120675224,14004.974504072588,13726.220721905049,13995.3623046875,18209,0.0,0.0
2023-03-07 00:00:00+09:00,13937.6888671875,14802.786796875002,13889.627871093751,14418.298828125,96908,0.0,0.0
2023-03-08 00:00:00+09:00,14418.299699799867,14783.563292194796,14226.055703802534,14408.6875,44806,0.0,0.0
2023-03-09 00:00:00+09:00,14408.68689721614,14610.543084568733,14033.811120704178,14264.50390625,26760,0.0,0.0
2023-03-10 00:00:00+09:00,14110.709258780991,14226.055655991735,13610.874870867769,13956.9140625,52807,0.0,0.0
2023-03-13 00:00:00+09:00,13880.016634908536,14351.014429306402,13457.079839939024,13793.5068359375,38090,0.0,0.0
2023-03-14 00:00:00+09:00,13610.875315251284,13678.160715821028,13024.531110286362,13101.4287109375,67493,0.0,0.0
2023-03-15 00:00:00+09:00,13360.958113135088,13485.916714193185,13101.4287109375,13101.4287109375,31458,0.0,0.0
2023-03-16 00:00:00+09:00,13312.897112728127,13312.897112728127,12736.165107844598,13101.4287109375,53643,0.0,0.0
2023-03-17 00:00:00+09:00,13226.387005649718,13639.71159957627,13101.428407485875,13610.875,25216,0.0,0.0
2023-03-20 00:00:00+09:00,13610.874282359082,14053.035452548713,13553.20108624739,13812.73046875,23454,0.0,0.0
2023-03-21 00:00:00+09:00,14014.585892632807,14014.585892632807,13380.180769921033,13389.79296875,28987,0.0,0.0
2023-03-22 00:00:00+09:00,13389.794196704826,13649.323588887906,13341.733198152404,13591.650390625,33041,0.0,0.0
2023-03-23 00:00:00+09:00,13533.977160927618,13803.118752196064,13466.691763110506,13678.16015625,20051,0.0,0.0
2023-03-24 00:00:00+09:00,13678.160575070078,13889.628974684654,13601.262975210231,13716.609375,19890,0.0,0.0
2023-03-27 00:00:00+09:00,13889.629222601234,13889.629222601234,13524.36561674736,13649.32421875,14233,0.0,0.0
2023-03-28 00:00:00+09:00,13668.548204585786,14004.975199776012,13668.548204585786,13880.0166015625,33899,0.0,0.0
2023-03-29 00:00:00+09:00,13812.732070637345,13937.69067670435,13678.161264103646,13870.4052734375,26491,0.0,0.0
2023-03-30 00:00:00+09:00,13966.526334457292,14129.933731350462,13822.343337198614,14053.0361328125,29536,0.0,0.0
2023-03-31 00:00:00+09:00,14139.545401778054,14149.157601235416,13841.567218599863,14004.974609375,23045,0.0,0.0
2023-04-03 00:00:00+09:00,14033.811871346286,14072.26067099381,13697.38487443045,13976.138671875,27630,0.0,0.0
2023-04-04 00:00:00+09:00,13860.79248046875,14072.26088169643,13457.080078125,13457.080078125,64952,0.0,0.0
2023-04-05 00:00:00+09:00,13457.080078125,13658.936279296875,13360.958077566964,13457.080078125,73898,0.0,0.0
2023-04-06 00:00:00+09:00,13380.18173076923,13380.18173076923,13082.203545673077,13120.65234375,53749,0.0,0.0
2023-04-07 00:00:00+09:00,13187.937694441864,13360.95728518527,12928.408308326754,12938.0205078125,54719,0.0,0.0
2023-04-10 00:00:00+09:00,12928.40846209046,13091.815855291603,12505.4716796875,12505.4716796875,51582,0.0,0.0
2023-04-11 00:00:00+09:00,12553.532426231412,12957.244801347582,12207.493247560407,12928.408203125,88096,0.0,0.0
2023-04-12 00:00:00+09:00,12938.02110264741,13178.326100839226,12755.389304021628,13082.2041015625,27682,0.0,0.0
2023-04-13 00:00:00+09:00,12995.694198069854,13111.040596277573,12841.89900045956,13072.591796875,25530,0.0,0.0
2023-04-14 00:00:00+09:00,13149.489078620118,13187.937877095615,12976.46948548038,13043.7548828125,23595,0.0,0.0
2023-04-17 00:00:00+09:00,13043.755092640498,13476.304082448032,12870.735496717485,13062.9794921875,31580,0.0,0.0
2023-04-18 00:00:00+09:00,12966.857316829331,13072.591512889467,12861.123120769196,12957.2451171875,19861,0.0,0.0
2023-04-19 00:00:00+09:00,12899.571845221413,13014.918240260651,12832.286448115192,12861.123046875,17660,0.0,0.0
2023-04-20 00:00:00+09:00,13120.652407736934,13120.652407736934,12294.003245051677,12322.83984375,94614,0.0,0.0
2023-04-21 00:00:00+09:00,12322.839905557752,12438.186300929588,12149.8203125,12149.8203125,44477,0.0,0.0
2023-04-24 00:00:00+09:00,12130.59657513878,12361.289378469468,12015.250173473434,12120.984375,30920,0.0,0.0
2023-04-25 00:00:00+09:00,12140.2076638224,12245.941855668834,11938.351479388299,12197.880859375,48652,0.0,0.0
2023-04-26 00:00:00+09:00,11957.576624293786,12197.881620762711,11861.454625706216,11909.515625,68042,0.0,0.0
2023-04-27 00:00:00+09:00,11871.066511333182,12034.473904606593,11784.556714894316,11880.6787109375,22867,0.0,0.0
2023-04-28 00:00:00+09:00,11880.67937385949,12063.311176532086,11803.781772734186,11851.8427734375,17973,0.0,0.0
2023-05-02 00:00:00+09:00,11746.1081887167,11871.066786469006,11698.047189581199,11726.8837890625,35078,0.0,0.0
2023-05-03 00:00:00+09:00,11563.476598461793,11823.00599842727,11563.476598461793,11746.1083984375,16294,0.0,0.0
2023-05-04 00:00:00+09:00,11717.271139190052,11823.005333227042,11659.597942442602,11774.9443359375,14015,0.0,0.0
2023-05-08 00:00:00+09:00,11794.168285537347,11996.024466463414,11746.10729007876,11823.0048828125,20813,0.0,0.0
2023-05-09 00:00:00+09:00,11823.00592705755,11928.740126405219,11553.864328718028,11649.986328125,41243,0.0,0.0
2023-05-10 00:00:00+09:00,11553.864569076946,11986.413575406783,11553.864569076946,11851.8427734375,30805,0.0,0.0
2023-05-11 00:00:00+09:00,11726.88297160744,11832.61716233505,11563.4755859375,11563.4755859375,89019,0.0,0.0
2023-05-12 00:00:00+09:00,11563.476111405733,11649.985907750413,11544.251712218025,11611.537109375,29273,0.0,0.0
2023-05-15 00:00:00+09:00,11544.251742988949,11630.76153956422,11448.129746794202,11525.02734375,48518,0.0,0.0
2023-05-16 00:00:00+09:00,11525.02735063933,11621.149346891534,10871.397776124339,10900.234375,120725,0.0,0.0
2023-05-17 00:00:00+09:00,10794.499885407678,11217.436657409404,10775.275486680328,11140.5390625,36375,0.0,0.0
2023-05-18 00:00:00+09:00,11188.600529442148,11669.210517820247,11140.539530604337,11630.76171875,63200,0.0,0.0
2023-05-19 00:00:00+09:00,11823.005408653848,12495.859375,11726.883413461539,12495.859375,209722,0.0,0.0
2023-05-22 00:00:00+09:00,12515.083650914634,12515.083650914634,12092.146876229346,12217.10546875,57054,0.0,0.0
2023-05-23 00:00:00+09:00,12092.14721930583,12294.00341295084,12053.698420516304,12159.4326171875,20153,0.0,0.0
2023-05-24 00:00:00+09:00,12149.820621468927,12149.820621468927,11861.454625706216,11909.515625,25453,0.0,0.0
2023-05-25 00:00:00+09:00,11919.127509354774,12149.820299858415,11871.066511333182,11880.6787109375,16278,0.0,0.0
2023-05-26 00:00:00+09:00,11871.066002584632,14351.013394217696,11726.883014698988,12813.0615234375,1422340,0.0,0.0
2023-05-30 00:00:00+09:00,12813.062606116924,13139.877406272944,12447.799005942548,13091.81640625,219435,0.0,0.0
2023-05-31 00:00:00+09:00,13091.81545783675,13245.610646768755,12736.164083431495,13005.3056640625,72774,0.0,0.0
2023-06-01 00:00:00+09:00,13005.30639405753,15667.88575189488,12832.286796797342,14504.8095703125,1530602,0.0,0.0
2023-06-02 00:00:00+09:00,14437.523942270418,14802.787530690042,13947.3017578125,13947.3017578125,302507,0.0,0.0
2023-06-05 00:00:00+09:00,14024.199500897561,14226.055696592453,13745.44570684271,14139.5458984375,151347,0.0,0.0
2023-06-07 00:00:00+09:00,14274.11728080215,15168.05189838774,14264.505080613058,15091.154296875,332804,0.0,0.0
2023-06-08 00:00:00+09:00,15043.091889172067,16244.61680044779,14937.357696979801,15764.0068359375,402626,0.0,0.0
2023-06-09 00:00:00+09:00,15764.008197115385,15965.864399639424,15523.703194110578,15619.8251953125,90801,0.0,0.0
2023-06-12 00:00:00+09:00,15754.394636647294,15937.026423161205,15398.74326290968,15764.0068359375,99100,0.0,0.0
2023-06-13 00:00:00+09:00,15677.498126132246,16907.859720335146,15677.498126132246,16581.044921875,214145,0.0,0.0
2023-06-14 00:00:00+09:00,16581.044877485798,16638.71807705966,15764.007883522729,15860.1298828125,115734,0.0,0.0
2023-06-15 00:00:00+09:00,15869.74086447111,16523.37040946447,15869.74086447111,16283.0654296875,89348,0.0,0.0
2023-06-16 00:00:00+09:00,16283.067278407412,16446.47468320843,16081.21107247674,16273.455078125,59409,0.0,0.0
2023-06-19 00:00:00+09:00,16273.453615660208,16273.453615660208,15514.089861592189,15783.2314453125,84717,0.0,0.0
2023-06-20 00:00:00+09:00,15783.232018336776,15783.232018336776,15014.256036931818,15119.990234375,112498,0.0,0.0
2023-06-21 00:00:00+09:00,15129.602393269386,15600.600180607506,14850.84860076315,14937.3583984375,63274,0.0,0.0
2023-06-22 00:00:00+09:00,14946.970357167882,15283.397342698992,14668.216569156391,15004.6435546875,57916,0.0,0.0
2023-06-23 00:00:00+09:00,14985.419080683832,15379.519261766602,14908.521484375,14908.521484375,50380,0.0,0.0
2023-06-26 00:00:00+09:00,15129.603365197981,15485.254778484084,14783.564152270963,15475.642578125,67460,0.0,0.0
2023-06-27 00:00:00+09:00,15485.253578668908,15600.599974040742,14918.13380142405,15187.275390625,64044,0.0,0.0
2023-06-28 00:00:00+09:00,15187.27517762723,15196.887377106741,14543.2578125,14543.2578125,51971,0.0,0.0
2023-06-29 00:00:00+09:00,14543.258615451388,14841.236815767974,14456.748815359477,14706.666015625,34602,0.0,0.0
2023-06-30 00:00:00+09:00,14524.033848786157,15206.500032283056,14466.360650180784,15119.990234375,44923,0.0,0.0
2023-07-03 00:00:00+09:00,15119.989843750001,15369.90703125,14927.745853365384,14995.03125,37093,0.0,0.0
2023-07-04 00:00:00+09:00,15004.643200957567,15485.253168957488,14802.7870143976,15417.9677734375,54497,0.0,0.0
2023-07-05 00:00:00+09:00,15427.580213266085,15552.538806893786,14918.133639245461,15350.6826171875,29333,0.0,0.0
2023-07-06 00:00:00+09:00,15283.397622117718,15341.070820691746,14668.216837328073,14850.8486328125,36824,0.0,0.0
2023-07-07 00:00:00+09:00,14850.848365824491,14889.297164182612,14226.055392505014,14379.8505859375,44008,0.0,0.0
2023-07-10 00:00:00+09:00,14293.340832559817,14725.889815387789,14293.340832559817,14562.482421875,23316,0.0,0.0
2023-07-11 00:00:00+09:00,14427.911627217409,14687.44101691419,14245.279834467821,14562.482421875,48958,0.0,0.0
2023-07-12 00:00:00+09:00,14562.482421875,14562.482421875,14216.443235612624,14562.482421875,58070,0.0,0.0
2023-07-13 00:00:00+09:00,14572.095111694736,14879.685509830773,14572.095111694736,14697.0537109375,20947,0.0,0.0
2023-07-14 00:00:00+09:00,14850.849437489813,14995.032441737287,14514.42242757904,14745.115234375,47256,0.0,0.0
2023-07-17 00:00:00+09:00,14889.297447762141,15446.805034573119,14725.890051627888,15389.1318359375,94064,0.0,0.0
2023-07-18 00:00:00+09:00,15667.88513734879,15667.88513734879,14735.501788684476,14898.9091796875,73564,0.0,0.0
2023-07-19 00:00:00+09:00,14898.910015829248,15014.256415951797,14427.912215328839,14706.666015625,58015,0.0,0.0
2023-07-20 00:00:00+09:00,14687.441334197958,14773.95113263237,14456.74853837286,14591.3193359375,34255,0.0,0.0
2023-07-21 00:00:00+09:00,14591.319649248577,14629.768449378349,14254.89264811307,14351.0146484375,34580,0.0,0.0
2023-07-24 00:00:00+09:00,14283.729248210399,14418.300048664601,13620.487445971827,14351.0146484375,87421,0.0,0.0
2023-07-25 00:00:00+09:00,14322.17731516098,14331.789514701355,13658.935546875,13658.935546875,72369,0.0,0.0
2023-07-26 00:00:00+09:00,13658.935276948736,13658.935276948736,12832.2861328125,12832.2861328125,83475,0.0,0.0
2023-07-27 00:00:00+09:00,12688.104236800142,13678.160855277729,12688.104236800142,13562.814453125,38253,0.0,0.0
2023-07-28 00:00:00+09:00,13553.20185206139,14812.400038316737,13447.467653215519,14600.931640625,71814,0.0,0.0
2023-07-31 00:00:00+09:00,14600.93138963931,14600.93138963931,14206.831200715538,14399.0751953125,35407,0.0,0.0
2023-08-01 00:00:00+09:00,14610.544675016372,14812.400884342256,14235.668857696872,14677.830078125,40816,0.0,0.0
2023-08-02 00:00:00+09:00,14610.543735589592,14677.829134371912,14456.74853837286,14591.3193359375,21150,0.0,0.0
2023-08-03 00:00:00+09:00,14524.033970008077,14581.707169094807,14149.158175944334,14504.8095703125,22554,0.0,0.0
2023-08-04 00:00:00+09:00,14322.176854532747,15043.091796875,14322.176854532747,15043.091796875,37316,0.0,0.0
2023-08-07 00:00:00+09:00,15052.704401312052,15187.275194171803,14802.787214572518,14812.3994140625,32205,0.0,0.0
2023-08-08 00:00:00+09:00,14812.39973896211,15514.0903171219,14524.033747937541,15110.3779296875,159692,0.0,0.0
2023-08-09 00:00:00+09:00,15119.990024267983,15168.051022437938,14841.23623488224,15100.765625,28530,0.0,0.0
2023-08-10 00:00:00+09:00,15091.153169102823,15091.153169102823,14639.379793976816,14898.9091796875,44544,0.0,0.0
2023-08-11 00:00:00+09:00,14860.461075920433,14985.419674877072,14572.095078328186,14783.5634765625,44140,0.0,0.0
2023-08-14 00:00:00+09:00,14802.788436073988,14802.788436073988,14514.42242757904,14745.115234375,18519,0.0,0.0
2023-08-16 00:00:00+09:00,14706.665435501944,14706.665435501944,14062.648060221794,14206.8310546875,38757,0.0,0.0
2023-08-17 00:00:00+09:00,14081.872976401417,14206.831576192011,13783.894776900774,13985.7509765625,51671,0.0,0.0
2023-08-18 00:00:00+09:00,13985.7509765625,13985.7509765625,13582.038577239047,13985.7509765625,48065,0.0,0.0
2023-08-21 00:00:00+09:00,14072.260776417526,14216.443776175902,13831.955776820232,13985.7509765625,14081,0.0,0.0
2023-08-22 00:00:00+09:00,13985.75048252082,14322.177470072867,13706.996692834839,13851.1796875,34298,0.0,0.0
2023-08-23 00:00:00+09:00,13745.446362373848,13860.792765414748,13466.692555025009,13572.4267578125,30447,0.0,0.0
2023-08-24 00:00:00+09:00,13687.773303952992,13687.773303952992,13466.6926958133,13495.529296875,23172,0.0,0.0
2023-08-25 00:00:00+09:00,13428.2421875,13553.200776216892,13207.16160746242,13428.2421875,24574,0.0,0.0
2023-08-28 00:00:00+09:00,13485.916434845862,13533.977434257285,13264.835837553306,13524.365234375,15794,0.0,0.0
2023-08-29 00:00:00+09:00,13524.364335689397,13851.179109970448,13505.139937202275,13620.486328125,22388,0.0,0.0
2023-08-30 00:00:00+09:00,13706.996662176725,13995.36265086207,13601.262466325432,13937.689453125,23945,0.0,0.0
2023-08-31 00:00:00+09:00,13937.68871410473,14235.666886613175,13841.566722972973,14226.0546875,16846,0.0,0.0
2023-09-01 00:00:00+09:00,14043.424211050959,14235.668211202239,13812.731410869423,13899.2412109375,24235,0.0,0.0
2023-09-04 00:00:00+09:00,14158.77033740562,14648.992528313758,14062.64833918834,14322.177734375,51700,0.0,0.0
2023-09-05 00:00:00+09:00,14322.17716149386,14485.584551927013,14043.423377813779,14091.484375,22075,0.0,0.0
2023-09-06 00:00:00+09:00,13956.913732626672,14091.484526191944,13610.874549173119,13658.935546875,31262,0.0,0.0
2023-09-07 00:00:00+09:00,13706.997455815912,13706.997455815912,13370.57044953712,13562.814453125,20659,0.0,0.0
2023-09-08 00:00:00+09:00,13562.812547671392,13735.832126592784,13284.058781631371,13389.79296875,14536,0.0,0.0
2023-09-11 00:00:00+09:00,13360.9576930876,13562.813888450793,13168.713697503605,13332.12109375,8818,0.0,0.0
2023-09-12 00:00:00+09:00,13341.733052367288,13697.38443776901,13159.1012598637,13399.40625,11895,0.0,0.0
2023-09-13 00:00:00+09:00,13457.078813147667,13495.52760975666,12851.510266556023,12986.0810546875,21830,0.0,0.0
2023-09-14 00:00:00+09:00,12851.510188001026,13111.039563525355,12851.510188001026,12889.958984375,12006,0.0,0.0
2023-09-15 00:00:00+09:00,12880.347592967599,13245.611181424889,12870.735393271354,13053.3671875,9114,0.0,0.0
2023-09-18 00:00:00+09:00,13043.755092640498,13178.325889469508,12803.45009830298,13062.9794921875,14237,0.0,0.0
2023-09-19 00:00:00+09:00,13168.712758086316,13168.712758086316,12889.958984375,12889.958984375,4094,0.0,0.0
2023-09-20 00:00:00+09:00,12889.960700017757,12889.960700017757,12611.206889204546,12688.1044921875,12256,0.0,0.0
2023-09-21 00:00:00+09:00,12678.49141108372,12755.389008724866,12399.737619634572,12428.57421875,10530,0.0,0.0
2023-09-22 00:00:00+09:00,12399.73715089813,12640.042134442669,12149.819968011812,12207.4931640625,29716,0.0,0.0
2023-09-25 00:00:00+09:00,12495.859816384182,12495.859816384182,11909.515625,11909.515625,20369,0.0,0.0
2023-09-26 00:00:00+09:00,11813.392764020939,12207.492929460204,11534.638988466335,11563.4755859375,27374,0.0,0.0
2023-09-27 00:00:00+09:00,11534.638988466335,11909.51475559149,11428.904797738727,11563.4755859375,23965,0.0,0.0
2023-10-04 00:00:00+09:00,11476.96722255609,11563.477025741186,11207.825612646902,11246.2744140625,17219,0.0,0.0
2023-10-05 00:00:00+09:00,11188.600387342438,11938.351959690126,11169.375988051472,11438.517578125,41076,0.0,0.0
2023-10-06 00:00:00+09:00,11400.069266183036,11851.842668805804,11361.62046595982,11842.23046875,27275,0.0,0.0
2023-10-10 00:00:00+09:00,11871.066300996505,12111.371286846637,11438.517326466268,11861.4541015625,10592,0.0,0.0
2023-10-11 00:00:00+09:00,11832.61830226251,12370.90150691458,11640.374300601055,12294.00390625,21575,0.0,0.0
2023-10-12 00:00:00+09:00,12351.676933382765,12457.4111328125,12130.596334575135,12457.4111328125,14479,0.0,0.0
2023-10-13 00:00:00+09:00,12399.737891876,12457.411091373098,11832.618096821207,12005.6376953125,19180,0.0,0.0
2023-10-16 00:00:00+09:00,11823.006361353297,12928.409395138362,11342.396346664138,12678.4921875,199797,0.0,0.0
2023-10-17 00:00:00+09:00,12495.859475086932,13216.774444803486,12457.41067670205,13130.2646484375,39951,0.0,0.0
2023-10-18 00:00:00+09:00,13130.265101200863,13274.448100115953,12870.735703153701,13082.2041015625,18525,0.0,0.0
2023-10-19 00:00:00+09:00,12688.103802849266,13091.816196576287,12611.206204044118,13072.591796875,26528,0.0,0.0
2023-10-20 00:00:00+09:00,12928.407649329363,13053.366236274554,12332.451311590761,12966.8564453125,177959,0.0,0.0
2023-10-23 00:00:00+09:00,12851.510425939374,12870.73482448229,12342.0638645521,12822.673828125,114302,0.0,0.0
2023-10-24 00:00:00+09:00,12745.776077340182,13409.017818921233,12486.246700199772,12630.4296875,86372,0.0,0.0
2023-10-25 00:00:00+09:00,12688.102882420091,12716.939479880137,12457.410102739726,12630.4296875,58579,0.0,0.0
2023-10-26 00:00:00+09:00,12467.022954805492,12620.818149313502,12015.249570938215,12601.59375,34113,0.0,0.0
2023-10-27 00:00:00+09:00,12418.961703609497,12601.59349336846,12149.820118701551,12399.7373046875,36078,0.0,0.0
2023-10-30 00:00:00+09:00,12630.429820599637,12630.429820599637,12197.880854140745,12553.5322265625,23794,0.0,0.0
2023-10-31 00:00:00+09:00,12563.14497200623,12640.042569386529,12159.432585759663,12245.9423828125,10789,0.0,0.0
2023-11-01 00:00:00+09:00,12467.023007503705,12467.023007503705,12159.4326171875,12159.4326171875,9970,0.0,0.0
2023-11-02 00:00:00+09:00,12207.49389744029,12524.696494775353,12140.20849800558,12274.779296875,12806,0.0,0.0
2023-11-03 00:00:00+09:00,12274.778727830993,12755.388701512707,12274.778727830993,12668.87890625,17232,0.0,0.0
2023-11-06 00:00:00+09:00,12745.776338658708,13168.713110077248,12486.246956197332,12832.2861328125,32927,0.0,0.0
2023-11-07 00:00:00+09:00,12793.837956076257,12793.837956076257,12409.349963406798,12620.818359375,19707,0.0,0.0
2023-11-08 00:00:00+09:00,12620.818352535263,13639.71153255715,12351.6767578125,12351.6767578125,136959,0.0,0.0
2023-11-09 00:00:00+09:00,12351.676047515268,12418.961442326636,11899.902682353231,12197.880859375,71753,0.0,0.0
2023-11-10 00:00:00+09:00,12111.371514042721,12390.12530285799,11899.903122527689,12149.8203125,146967,0.0,0.0
2023-11-13 00:00:00+09:00,12149.820449343153,12149.820449343153,11928.739855723776,12072.9228515625,17617,0.0,0.0
2023-11-14 00:00:00+09:00,11967.188067177029,12918.795793000745,11967.188067177029,12909.18359375,105859,0.0,0.0
2023-11-15 00:00:00+09:00,12909.18415022288,12976.469547878547,12736.164556251168,12870.7353515625,23511,0.0,0.0
2023-11-16 00:00:00+09:00,12870.735736553484,13024.530935795348,12774.61373702732,12995.6943359375,10466,0.0,0.0
2023-11-17 00:00:00+09:00,12851.511336648253,13062.979735605815,12688.103937453772,12995.6943359375,17662,0.0,0.0
2023-11-20 00:00:00+09:00,12870.734560185185,13005.305347222222,12822.673564814815,12976.46875,10626,0.0,0.0
2023-11-21 00:00:00+09:00,12995.693148148148,13072.59074074074,12822.673564814815,12976.46875,10414,0.0,0.0
2023-11-22 00:00:00+09:00,12851.510162037037,13130.263935185185,12832.285763888889,12976.46875,14904,0.0,0.0
2023-11-23 00:00:00+09:00,13072.591287057121,13495.528063991324,12909.183895968908,13293.671875,51492,0.0,0.0
2023-11-24 00:00:00+09:00,13255.222838916367,13409.018027765287,13024.530055642985,13360.95703125,60566,0.0,0.0
2023-11-27 00:00:00+09:00,13303.284284747293,13409.018480652076,13082.203693310019,13312.896484375,14555,0.0,0.0
2023-11-28 00:00:00+09:00,13159.100636650219,13735.832585663376,13149.4884375,13697.3837890625,61234,0.0,0.0
2023-11-29 00:00:00+09:00,13668.548797498663,13678.160997778197,13447.46819106936,13485.9169921875,14179,0.0,0.0
2023-11-30 00:00:00+09:00,13485.91559400688,13601.26198540252,13341.73260476233,13447.466796875,8978,0.0,0.0
2023-12-01 00:00:00+09:00,13457.080009255995,13793.507009487394,13235.999409103932,13630.099609375,20372,0.0,0.0
2023-12-04 00:00:00+09:00,13591.649703059256,13706.99609375,13399.405718574684,13706.99609375,13958,0.0,0.0
2023-12-05 00:00:00+09:00,13706.996787150814,13716.608986861298,13457.079594678218,13591.650390625,15160,0.0,0.0
2023-12-06 00:00:00+09:00,13485.91633026427,13591.650528149448,13207.162535839705,13514.7529296875,27767,0.0,0.0
2023-12-07 00:00:00+09:00,13380.181670281996,13437.854867136659,13293.671875,13293.671875,19351,0.0,0.0
2023-12-08 00:00:00+09:00,13293.67253736413,13399.406736865942,12515.084341032609,13264.8359375,11034,0.0,0.0
2023-12-11 00:00:00+09:00,13264.83541193182,13399.40620596591,13101.428019176137,13216.7744140625,14134,0.0,0.0
2023-12-12 00:00:00+09:00,13216.774761459093,13332.121159377282,13072.591764061359,13159.1015625,22920,0.0,0.0
2023-12-13 00:00:00+09:00,13120.652917586192,14591.3195083486,12947.633318672968,14427.912109375,296217,0.0,0.0
2023-12-14 00:00:00+09:00,14610.54457118283,14773.95197757106,14158.771153521257,14668.2177734375,98836,0.0,0.0
2023-12-15 00:00:00+09:00,14668.215846706082,14677.828045819257,14322.176678631757,14581.7060546875,52422,0.0,0.0
2023-12-18 00:00:00+09:00,14447.136884205813,15667.886308220543,14447.136884205813,15091.154296875,169832,0.0,0.0
2023-12-19 00:00:00+09:00,14956.583182933153,15110.378382757657,14812.40018309768,15062.3173828125,35194,0.0,0.0
2023-12-20 00:00:00+09:00,14966.193992922266,15062.315983885157,14533.645033589251,15023.8671875,58430,0.0,0.0
2023-12-21 00:00:00+09:00,14802.78695518092,15187.274928042762,14485.584377569901,14610.54296875,73101,0.0,0.0
2023-12-22 00:00:00+09:00,14610.543103091932,14725.889496011077,14293.340522564278,14533.6455078125,37129,0.0,0.0
2023-12-26 00:00:00+09:00,14418.298669763513,14831.623231630068,14216.442488386825,14581.7060546875,36351,0.0,0.0
2023-12-27 00:00:00+09:00,14659.371810191185,15125.365086276734,14474.916138407323,14979.7421875,34883,150.0,0.0
2023-12-28 00:00:00+09:00,14979.742978110833,15144.782272101684,14746.746327770807,14989.451171875,23255,0.0,0.0
2024-01-02 00:00:00+09:00,15028.283492751902,15358.362070758081,15008.867105810363,15319.529296875,40763,0.0,0.0
2024-01-03 00:00:00+09:00,15086.53342895508,15775.815200805664,15037.992459106446,15533.1103515625,62394,0.0,0.0
2024-01-04 00:00:00+09:00,15494.276977011272,15824.355559228305,15358.362266686612,15717.5654296875,36531,0.0,0.0
2024-01-05 00:00:00+09:00,15795.230973531368,15804.939167122966,15047.700066978254,15513.693359375,22495,0.0,0.0
2024-01-08 00:00:00+09:00,15513.692790743671,15523.40098397943,15270.987959849683,15338.9453125,13872,0.0,0.0
2024-01-09 00:00:00+09:00,15397.194983251828,15533.109693066157,15086.532789390505,15261.2802734375,17127,0.0,0.0
2024-01-10 00:00:00+09:00,15241.863130526528,15416.61060590836,14970.03372437701,15096.240234375,20619,0.0,0.0
2024-01-11 00:00:00+09:00,15115.658016963856,15203.031762726652,14989.451495306483,15125.3662109375,7297,0.0,0.0
2024-01-12 00:00:00+09:00,15232.15611049107,15775.814964657739,15086.533203125,15494.27734375,19913,0.0,0.0
2024-01-15 00:00:00+09:00,15688.440517912773,15872.896192318925,15533.109423676013,15581.650390625,10060,0.0,0.0
2024-01-16 00:00:00+09:00,15542.81812881451,16105.893363962068,15251.572317531289,15707.857421875,56990,0.0,0.0
2024-01-17 00:00:00+09:00,15707.857607886905,15989.395228794643,15300.113467261905,15698.1494140625,37411,0.0,0.0
2024-01-18 00:00:00+09:00,15552.526368992605,15824.35579366913,15465.15262534658,15756.3984375,19242,0.0,0.0
2024-01-19 00:00:00+09:00,15756.398577008928,16368.014787946428,15397.195405505952,15902.021484375,70600,0.0,0.0
2024-01-22 00:00:00+09:00,15921.436524587749,16601.01003478357,15902.020138582155,16484.51171875,104649,0.0,0.0
2024-01-23 00:00:00+09:00,16484.51217660423,16668.9678487806,16115.600832251484,16358.3056640625,54587,0.0,0.0
2024-01-24 00:00:00+09:00,16358.306449283733,16542.762130314233,15484.569012823475,15756.3984375,104061,0.0,0.0
2024-01-25 00:00:00+09:00,15775.814689867424,16241.80798532197,15727.27372159091,16018.51953125,56502,0.0,0.0
2024-01-26 00:00:00+09:00,16018.519290865384,16406.84703125,14795.286908653847,15775.814453125,42525,0.0,0.0
2024-01-29 00:00:00+09:00,15620.483576787994,15804.939256066411,15164.19847541507,15203.03125,33316,0.0,0.0
2024-01-30 00:00:00+09:00,15203.0308873997,15465.152109596247,14989.450632276588,15426.3193359375,21077,0.0,0.0
2024-01-31 00:00:00+09:00,15426.3193359375,15436.027529352186,15086.532566423457,15426.3193359375,33561,0.0,0.0
2024-02-01 00:00:00+09:00,15338.946005544354,15474.860716985888,14921.493677545363,15047.7001953125,23087,0.0,0.0
2024-02-02 00:00:00+09:00,15338.94591745022,15921.437534568584,15232.155787645188,15358.3623046875,21647,0.0,0.0
2024-02-05 00:00:00+09:00,15659.31620932232,15659.31620932232,15125.36556362317,15261.2802734375,13815,0.0,0.0
2024-02-06 00:00:00+09:00,15144.782320474544,15523.401878486407,14902.077475595144,15445.736328125,29593,0.0,0.0
2024-02-07 00:00:00+09:00,15348.654158420959,15630.191774230072,15135.073898151975,15406.9033203125,13132,0.0,0.0
2024-02-08 00:00:00+09:00,15397.195311251997,15397.195311251997,15086.533110772763,15193.3232421875,24116,0.0,0.0
2024-02-13 00:00:00+09:00,15261.280603301244,16358.30649908562,15193.32324692522,16008.8115234375,118148,0.0,0.0
2024-02-14 00:00:00+09:00,15999.103191087614,16202.975258449775,15571.942668995469,16067.060546875,36617,0.0,0.0
2024-02-15 00:00:00+09:00,15960.270601679103,16591.30319846082,15960.270601679103,16261.224609375,87570,0.0,0.0
2024-02-16 00:00:00+09:00,16601.011870346345,16601.011870346345,16018.520225772789,16135.0185546875,31371,0.0,0.0
2024-02-19 00:00:00+09:00,16018.519810267857,16018.519810267857,15426.319986979166,15698.1494140625,61593,0.0,0.0
2024-02-20 00:00:00+09:00,15571.941950158227,15853.479553995254,15338.9453125,15338.9453125,268817,0.0,0.0
2024-02-21 00:00:00+09:00,15338.94537330713,15843.77142356787,15057.407768354024,15591.3583984375,108629,0.0,0.0
2024-02-22 00:00:00+09:00,15581.650998783683,16591.303150729793,15523.401836171408,16212.68359375,94015,0.0,0.0
2024-02-23 00:00:00+09:00,16300.056860217665,16523.345310357632,15707.85705767253,15931.1455078125,42719,0.0,0.0
2024-02-26 00:00:00+09:00,15775.814501054447,16202.975016775306,15465.152307802913,15824.35546875,39628,0.0,0.0
2024-02-27 00:00:00+09:00,15795.231259357724,16047.644297306895,15571.942802710382,15804.939453125,32861,0.0,0.0
2024-02-28 00:00:00+09:00,15921.437177443837,16105.892852060564,15669.024149020946,15989.39453125,31560,0.0,0.0
2024-02-29 00:00:00+09:00,15989.394991378642,16008.81137873915,15436.027951604154,15659.31640625,50649,0.0,0.0
2024-03-04 00:00:00+09:00,15581.6514531441,16018.520185475245,15513.694094781478,15882.60546875,56300,0.0,0.0
2024-03-05 00:00:00+09:00,15736.98196162198,16232.099839501512,15436.027957420696,16067.060546875,56030,0.0,0.0
2024-03-06 00:00:00+09:00,16290.348818574837,16300.057012149673,15863.188301282053,16280.640625,36777,0.0,0.0
2024-03-07 00:00:00+09:00,16280.640342218412,16649.551691654488,15911.728992782337,16193.2666015625,40433,0.0,0.0
2024-03-08 00:00:00+09:00,16067.05937015468,16610.718176637256,16067.05937015468,16435.970703125,39343,0.0,0.0
2024-03-11 00:00:00+09:00,16115.601653677826,16377.722885394272,15746.690290521346,15804.939453125,40886,0.0,0.0
2024-03-12 00:00:00+09:00,15698.149321684967,16125.309847445102,15639.900159081311,15804.939453125,42920,0.0,0.0
2024-03-13 00:00:00+09:00,15921.437594696969,16154.434242424242,15630.191785037878,16018.51953125,40384,0.0,0.0
2024-03-14 00:00:00+09:00,16018.519572419405,16076.768734500929,15591.359050488221,15659.31640625,29346,0.0,0.0
2024-03-15 00:00:00+09:00,15591.35814827443,15659.315500103772,15348.6533203125,15348.6533203125,33130,0.0,0.0
2024-03-18 00:00:00+09:00,15348.653932186136,15630.191543845463,15251.571997131196,15571.9423828125,16519,0.0,0.0
2024-03-19 00:00:00+09:00,15707.85812228092,15707.85812228092,15290.40577416097,15620.484375,28625,0.0,0.0
2024-03-20 00:00:00+09:00,15707.857607886905,15902.021484375,15387.487211681548,15494.27734375,13008,0.0,0.0
2024-03-21 00:00:00+09:00,15591.3587215154,15824.355364925344,15377.778465056286,15523.4013671875,25834,0.0,0.0
2024-03-22 00:00:00+09:00,15649.607784475298,15649.607784475298,15270.98824130251,15426.3193359375,17398,0.0,0.0
2024-03-25 00:00:00+09:00,15426.319390103325,18028.115234375,15300.112875269251,18028.115234375,349295,0.0,0.0
2024-03-26 00:00:00+09:00,17736.87046185662,19756.174816572642,17280.5853432429,19144.55859375,487068,0.0,0.0
2024-03-27 00:00:00+09:00,18950.392847938147,19270.763218830543,18251.402947809278,18833.89453125,156292,0.0,0.0
2024-03-28 00:00:00+09:00,18824.187430618917,20387.206603558396,18795.06284975669,19950.337890625,232287,0.0,0.0
2024-03-29 00:00:00+09:00,19707.632667106078,19998.878470068237,19309.59673639113,19562.009765625,100573,0.0,0.0
2024-04-01 00:00:00+09:00,19416.38728762136,20193.042779126215,19076.600510087985,19998.87890625,99292,0.0,0.0
2024-04-02 00:00:00+09:00,20338.66431585348,21066.778790168042,19513.467911630305,20581.369140625,174202,0.0,0.0
2024-04-03 00:00:00+09:00,20241.584215787916,20726.993909212084,19309.597604413506,20484.2890625,149327,0.0,0.0
2024-04-04 00:00:00+09:00,21018.23977264332,21455.10849770981,19707.63359744385,20532.830078125,192702,0.0,0.0
2024-04-05 00:00:00+09:00,20047.420155502394,20435.747906698565,19367.846590909092,20290.125,67209,0.0,0.0
2024-04-08 00:00:00+09:00,20047.418716862147,20387.205474775063,18697.979878293703,18882.435546875,99519,0.0,0.0
2024-04-09 00:00:00+09:00,18882.43698846726,19096.017252604168,18222.279808407737,18348.486328125,51770,0.0,0.0
2024-04-11 00:00:00+09:00,18066.94663020833,18290.2350625,17775.70084895833,18202.861328125,16584,0.0,0.0
2024-04-12 00:00:00+09:00,18202.86277963334,18921.2690973362,17678.6203315799,18484.400390625,52995,0.0,0.0
2024-04-15 00:00:00+09:00,18018.4077846735,18212.571661663518,17542.706286047964,17989.283203125,31413,0.0,0.0
2024-04-16 00:00:00+09:00,17940.741807245573,17940.741807245573,17105.837156042588,17552.4140625,62975,0.0,0.0
2024-04-17 00:00:00+09:00,17552.413089285714,17853.367074776786,16989.337890625,16989.337890625,24605,0.0,0.0
2024-04-18 00:00:00+09:00,16989.33884079392,18183.44665646115,16901.965098184122,17960.158203125,47328,0.0,0.0
2024-04-19 00:00:00+09:00,17960.159942208902,17960.159942208902,16989.340485873287,17717.455078125,61325,0.0,0.0
2024-04-22 00:00:00+09:00,17474.74769830028,17668.911561614732,16824.298756196884,17134.9609375,69332,0.0,0.0
2024-04-23 00:00:00+09:00,17270.875550581037,17911.61629613379,17028.170722720148,17804.826171875,34374,0.0,0.0
2024-04-24 00:00:00+09:00,18416.442894900498,20290.124222636816,18397.02650808458,19513.46875,279034,0.0,0.0
2024-04-25 00:00:00+09:00,19513.468652343752,19707.63251953125,19154.265498046876,19416.38671875,37475,0.0,0.0
2024-04-26 00:00:00+09:00,19416.38671875,19756.173486328127,19173.681884765625,19416.38671875,39044,0.0,0.0
2024-04-29 00:00:00+09:00,19756.174098269497,20338.665717874494,19231.931640625,19231.931640625,50234,0.0,0.0
2024-04-30 00:00:00+09:00,18979.520096882734,19804.71662283416,18882.438152653158,19610.552734375,29584,0.0,0.0
2024-05-02 00:00:00+09:00,19562.011832017462,19707.634748881115,19154.26766479923,19251.349609375,14689,0.0,0.0
2024-05-03 00:00:00+09:00,19251.347764703623,20095.960601581697,19163.974022957616,19756.173828125,63605,0.0,0.0
2024-05-07 00:00:00+09:00,19610.551160497573,20095.960842688106,19416.38728762136,19998.87890625,40489,0.0,0.0
2024-05-08 00:00:00+09:00,19853.25581150429,20290.12452129289,19406.678908164828,19804.71484375,38089,0.0,0.0
2024-05-09 00:00:00+09:00,19853.255551507857,19853.255551507857,19154.265625,19154.265625,28538,0.0,0.0
2024-05-10 00:00:00+09:00,19086.309105978962,19290.181176795624,18717.39773973929,18804.771484375,29661,0.0,0.0
2024-05-13 00:00:00+09:00,18804.77139212481,19173.682756554725,18775.646810722446,19115.43359375,9375,0.0,0.0
2024-05-14 00:00:00+09:00,19212.514965282226,19261.055932854946,18688.27251549686,18940.685546875,32699,0.0,0.0
2024-05-16 00:00:00+09:00,18940.686709735575,19270.765309495193,18591.191721754807,18930.978515625,35293,0.0,0.0
2024-05-17 00:00:00+09:00,18989.22754360465,19173.683230377905,18639.732558139534,18785.35546875,42980,0.0,0.0
2024-05-20 00:00:00+09:00,18668.855411398858,18697.979990823816,17727.16067665851,17853.3671875,164987,0.0,0.0
2024-05-21 00:00:00+09:00,17989.282345048476,17989.282345048476,17300.00061461219,17523.2890625,49501,0.0,0.0
2024-05-22 00:00:00+09:00,17591.246561641485,17892.20055910886,16960.213986306662,17668.912109375,124601,0.0,0.0
2024-05-23 00:00:00+09:00,17668.913556654676,18047.533132868706,17037.880929631297,17542.70703125,268757,0.0,0.0
2024-05-24 00:00:00+09:00,17503.8730368931,17503.8730368931,17096.12890625,17096.12890625,11638,0.0,0.0
2024-05-27 00:00:00+09:00,17125.25453244275,17125.25453244275,16319.474415553435,16533.0546875,111654,0.0,0.0
2024-05-28 00:00:00+09:00,16552.469766457594,16649.551700571716,16397.138671875,16397.138671875,29399,0.0,0.0
2024-05-29 00:00:00+09:00,16387.43107916155,16397.139272928824,15688.441127917691,15804.939453125,47182,0.0,0.0
2024-05-30 00:00:00+09:00,15834.063565779321,15834.063565779321,15397.194859182098,15727.2734375,39215,0.0,0.0
2024-05-31 00:00:00+09:00,15775.814553965693,16105.893135402514,15494.276940387228,16076.7685546875,18775,0.0,0.0
2024-06-03 00:00:00+09:00,16076.768731352073,16076.768731352073,15436.027948580795,15455.4443359375,34827,0.0,0.0
2024-06-04 00:00:00+09:00,15455.44452129777,15542.818265450836,15164.19870745422,15241.8642578125,25107,0.0,0.0
2024-06-05 00:00:00+09:00,15241.864304315475,15406.903599330357,15096.241396949405,15290.4052734375,26551,0.0,0.0
2024-06-07 00:00:00+09:00,15436.027757484493,15436.027757484493,14921.493498901677,15261.2802734375,28791,0.0,0.0
2024-06-10 00:00:00+09:00,15280.697079613095,15465.152762276784,14999.159458705357,15290.4052734375,14729,0.0,0.0
2024-06-11 00:00:00+09:00,15144.782555483029,15270.98907677872,14863.244931054178,14872.953125,21287,0.0,0.0
2024-06-12 00:00:00+09:00,15018.575523752803,15164.198427990872,14853.536232282991,15154.490234375,11353,0.0,0.0
2024-06-13 00:00:00+09:00,15164.198027343751,15212.738994140625,14533.165458984375,14562.2900390625,55596,0.0,0.0
2024-06-14 00:00:00+09:00,14688.496879317021,14785.578815069282,14280.752749157527,14494.3330078125,31590,0.0,0.0
2024-06-17 00:00:00+09:00,14494.332918207696,14630.247627420627,13902.13311377992,14601.123046875,93045,0.0,0.0
2024-06-18 00:00:00+09:00,14601.12365122842,14639.956426896579,14377.835191136495,14620.5400390625,14550,0.0,0.0
2024-06-19 00:00:00+09:00,14610.831192148933,14630.247579115245,14329.293581137425,14552.58203125,17168,0.0,0.0
2024-06-20 00:00:00+09:00,14484.6244921875,14630.247392578125,14358.417978515625,14562.2900390625,32890,0.0,0.0
2024-06-21 00:00:00+09:00,14484.624662191147,14649.66395123756,14144.837890625,14144.837890625,38035,0.0,0.0
2024-06-24 00:00:00+09:00,14144.83811984592,14300.169217936198,13902.13327907986,13979.798828125,23588,0.0,0.0
2024-06-25 00:00:00+09:00,13979.798690352698,14135.129786912172,13678.844690768716,14038.0478515625,36223,0.0,0.0
2024-06-26 00:00:00+09:00,14038.048089812331,14494.333193699731,13737.094085120643,14484.625,194511,0.0,0.0
2024-06-27 00:00:00+09:00,14513.749242611102,14513.749242611102,14125.421503678363,14144.837890625,16033,0.0,0.0
2024-06-28 00:00:00+09:00,14348.710194205465,14406.959356022267,14154.546321482792,14387.54296875,7639,0.0,0.0
2024-07-01 00:00:00+09:00,14358.41825608847,14737.037804423459,14164.25438514745,14649.6640625,39616,0.0,0.0
2024-07-02 00:00:00+09:00,14669.079942294618,14746.745487985127,14271.044020630767,14727.3291015625,28581,0.0,0.0
2024-07-03 00:00:00+09:00,14698.20468590994,14707.912879229563,14290.460566485754,14309.876953125,30984,0.0,0.0
2024-07-04 00:00:00+09:00,14309.877187024273,14377.83454137242,14183.670671806283,14348.7099609375,8552,0.0,0.0
2024-07-05 00:00:00+09:00,14348.710151295476,14610.831378687208,14212.79544079606,14542.8740234375,27170,0.0,0.0
2024-07-08 00:00:00+09:00,14397.251441592261,15921.43787202381,14397.251441592261,15698.1494140625,171643,0.0,0.0
2024-07-09 00:00:00+09:00,15698.14922572108,15698.14922572108,15144.782184369129,15503.9853515625,33549,0.0,0.0
2024-07-10 00:00:00+09:00,15436.028502280667,15824.35626334433,15270.989203828609,15630.1923828125,25256,0.0,0.0
2024-07-11 00:00:00+09:00,15591.35923566416,15775.814917779739,15484.569103913036,15649.6083984375,14246,0.0,0.0
2024-07-12 00:00:00+09:00,15533.110342754058,16193.267532321106,15348.654657433854,16144.7265625,98986,0.0,0.0
2024-07-15 00:00:00+09:00,16164.141485618115,16164.141485618115,15047.699280905752,15863.1875,33581,0.0,0.0
2024-07-16 00:00:00+09:00,15863.188937537583,16164.142950428442,15426.320209147625,16144.7265625,65508,0.0,0.0
2024-07-17 00:00:00+09:00,16212.682703718354,16241.807283425633,15814.646781052215,16105.892578125,21474,0.0,0.0
2024-07-18 00:00:00+09:00,15921.43787202381,15921.43787202381,15300.113467261905,15494.27734375,21618,0.0,0.0
2024-07-19 00:00:00+09:00,15494.27743740142,15717.565896712344,15096.241488194994,15387.4873046875,87178,0.0,0.0
2024-07-22 00:00:00+09:00,15387.487490875552,15523.402206883286,14853.536820845171,15377.779296875,53101,0.0,0.0
2024-07-23 00:00:00+09:00,15241.86373392741,15397.194829305014,14795.286834716797,14911.78515625,30506,0.0,0.0
2024-07-24 00:00:00+09:00,14853.535810680303,15037.991484146267,14610.830977172454,14921.4931640625,13691,0.0,0.0
2024-07-25 00:00:00+09:00,14892.36832191063,14892.36832191063,14135.129254694835,14474.916015625,34581,0.0,0.0
2024-07-26 00:00:00+09:00,14368.126347894113,14474.91647615549,14164.25428484967,14348.7099609375,70943,0.0,0.0
2024-07-29 00:00:00+09:00,14416.667593712697,14445.792174710095,14038.048040746506,14232.2119140625,37489,0.0,0.0
2024-07-30 00:00:00+09:00,14232.211180949009,14232.211180949009,13678.844170502833,13707.96875,24087,0.0,0.0
2024-07-31 00:00:00+09:00,13766.218705053609,14067.172710594272,13407.015537150235,13921.5498046875,25798,0.0,0.0
2024-08-01 00:00:00+09:00,13756.51092839645,14067.173137082891,13737.094540353548,13746.802734375,25985,0.0,0.0
2024-08-02 00:00:00+09:00,13717.677678467704,13717.677678467704,12882.773021462594,13057.5205078125,57672,0.0,0.0
2024-08-05 00:00:00+09:00,12708.02561875,12814.81575,11455.668625,12135.2421875,121101,0.0,0.0
2024-08-06 00:00:00+09:00,12135.241451964554,13154.601733929576,12135.241451964554,12941.021484375,53782,0.0,0.0
2024-08-07 00:00:00+09:00,13203.142824909746,13630.303328068592,12824.523288018952,13445.84765625,44383,0.0,0.0
2024-08-08 00:00:00+09:00,13445.848493102983,13523.514043965672,12824.524086201474,13504.09765625,16639,0.0,0.0
2024-08-09 00:00:00+09:00,13542.930200750177,13669.13671875,13445.848263827236,13669.13671875,8964,0.0,0.0
2024-08-12 00:00:00+09:00,13678.844329328167,14154.545799971944,13542.929623429945,14057.4638671875,14494,0.0,0.0
2024-08-13 00:00:00+09:00,14018.631368057973,14076.88052886708,13785.634724821553,13940.9658203125,5543,0.0,0.0
2024-08-14 00:00:00+09:00,14018.631656649295,14562.290502059515,13766.218621280263,14436.083984375,34570,0.0,0.0
2024-08-16 00:00:00+09:00,14775.86998774891,15620.482792567673,14766.161794590074,15601.06640625,158869,0.0,0.0
2024-08-19 00:00:00+09:00,15542.817808894231,16232.099548076923,15251.57200360577,15775.814453125,48929,0.0,0.0
2024-08-20 00:00:00+09:00,16406.847876351738,17620.372127561186,15931.146369877633,17057.296875,251117,0.0,0.0
2024-08-21 00:00:00+09:00,16989.33914644329,17183.50302240264,16678.67694490833,17076.712890625,61477,0.0,0.0
2024-08-22 00:00:00+09:00,17047.586469760394,17047.586469760394,16601.009603240473,16814.58984375,39748,0.0,0.0
2024-08-23 00:00:00+09:00,16552.469515338136,17241.751237091223,16552.469515338136,16921.380859375,49694,0.0,0.0
2024-08-26 00:00:00+09:00,17183.5017012894,17280.583631805155,16727.216627865328,16940.796875,55506,0.0,0.0
2024-08-27 00:00:00+09:00,16610.72028574173,16901.96611190903,16542.762926302694,16581.595703125,20009,0.0,0.0
2024-08-28 00:00:00+09:00,16668.969269521993,16766.051210520956,16338.890670125518,16387.431640625,19647,0.0,0.0
2024-08-29 00:00:00+09:00,16368.014933950186,16368.014933950186,15610.775808891993,15639.900390625,85212,0.0,0.0
2024-08-30 00:00:00+09:00,15639.899302808544,16338.889215783227,15639.899302808544,16105.892578125,31192,0.0,0.0
2024-09-02 00:00:00+09:00,16105.892732415752,16193.266472374607,15203.030752840908,15484.568359375,47564,0.0,0.0
2024-09-03 00:00:00+09:00,15436.027181618001,15494.276340793918,15018.574874190597,15086.5322265625,9768,0.0,0.0
2024-09-04 00:00:00+09:00,14902.077568176595,14902.077568176595,14125.422059737424,14523.4580078125,23016,0.0,0.0
2024-09-05 00:00:00+09:00,14523.457577748104,14737.0378362444,13979.798737939353,14086.5888671875,18461,0.0,0.0
2024-09-06 00:00:00+09:00,14086.58876402949,14115.713344520247,13620.595476177377,13785.634765625,20760,0.0,0.0
2024-09-09 00:00:00+09:00,13445.848096764606,14358.418292501698,13416.723516049591,14290.4609375,15956,0.0,0.0
2024-09-10 00:00:00+09:00,14290.460792724778,14562.290209977695,13892.42486031872,14144.837890625,13421,0.0,0.0
2024-09-11 00:00:00+09:00,14028.33998421447,14513.749672249573,13989.507209171661,14173.962890625,9013,0.0,0.0
2024-09-12 00:00:00+09:00,14368.126635055592,14931.201868051014,14173.962761608895,14843.828125,22944,0.0,0.0
2024-09-13 00:00:00+09:00,14804.995347081192,14834.119928091844,14465.208568623591,14639.9560546875,8787,0.0,0.0
2024-09-19 00:00:00+09:00,14639.956195112443,14804.995489089175,14203.087475762271,14785.5791015625,32353,0.0,0.0
2024-09-20 00:00:00+09:00,14785.579287635514,14950.618583689225,14659.37276712385,14775.87109375,10509,0.0,0.0
2024-09-23 00:00:00+09:00,14804.995719653383,15037.992373602028,14465.208932644946,15028.2841796875,20872,0.0,0.0
2024-09-24 00:00:00+09:00,14979.742648973652,15086.532778033088,14649.664068244485,14853.5361328125,15295,0.0,0.0
2024-09-25 00:00:00+09:00,14853.536227932223,15008.867325740664,14824.41164709314,14950.6181640625,5068,0.0,0.0
2024-09-26 00:00:00+09:00,15008.867652529761,15698.1494140625,14853.536551339284,15698.1494140625,48904,0.0,0.0
2024-09-27 00:00:00+09:00,15707.857319604087,15707.857319604087,15067.116538952745,15203.03125,26861,0.0,0.0
2024-09-30 00:00:00+09:00,15241.864304315475,15241.864304315475,14756.454613095239,14882.6611328125,17480,0.0,0.0
2024-10-02 00:00:00+09:00,14571.998599621276,14892.368988553657,14232.211823480873,14339.001953125,29915,0.0,0.0
2024-10-04 00:00:00+09:00,14339.002184556935,14465.208703446062,14173.962890625,14173.962890625,14574,0.0,0.0
2024-10-07 00:00:00+09:00,14358.418526502159,14368.126720232045,14067.172714605564,14329.2939453125,6931,0.0,0.0
2024-10-08 00:00:00+09:00,14203.0869140625,14348.709814753503,14144.8377537861,14203.0869140625,11376,0.0,0.0
2024-10-10 00:00:00+09:00,14348.710288203752,14562.290549597854,14164.254607908846,14484.625,13625,0.0,0.0
2024-10-11 00:00:00+09:00,14494.3330078125,14630.247717865665,14387.542878485014,14494.3330078125,5446,0.0,0.0
2024-10-14 00:00:00+09:00,14494.3330078125,14630.247717865665,14377.834684909787,14494.3330078125,8538,0.0,0.0
2024-10-15 00:00:00+09:00,14591.415133297876,14921.493719147596,14271.04474114962,14688.4970703125,13317,0.0,0.0
2024-10-16 00:00:00+09:00,14649.664433804046,14649.664433804046,14368.126813803836,14426.3759765625,7894,0.0,0.0
2024-10-17 00:00:00+09:00,14474.916759047159,14601.123276731674,14339.002047694603,14436.083984375,5431,0.0,0.0
2024-10-18 00:00:00+09:00,14562.290362839083,14620.53952429044,14115.713458378685,14494.3330078125,14176,0.0,0.0
2024-10-21 00:00:00+09:00,14494.333333114275,14552.582495872939,14271.044875872729,14426.3759765625,5472,0.0,0.0
2024-10-22 00:00:00+09:00,14426.376358518984,14494.333716870016,13999.2158203125,13999.2158203125,15260,0.0,0.0
2024-10-23 00:00:00+09:00,13999.21508920321,14465.208379273774,13931.257734401252,14445.7919921875,15161,0.0,0.0
2024-10-24 00:00:00+09:00,14426.376070591901,14426.376070591901,14106.005673331112,14115.7138671875,9499,0.0,0.0
2024-10-25 00:00:00+09:00,14251.62862780586,14271.045015582162,13960.382811161326,14164.2548828125,11461,0.0,0.0
2024-10-28 00:00:00+09:00,14164.25488149282,14368.126953125,13805.051707664696,14368.126953125,18959,0.0,0.0
2024-10-29 00:00:00+09:00,14232.212238703547,14533.166249208192,14164.25488149282,14368.126953125,3180,0.0,0.0
2024-10-30 00:00:00+09:00,14358.418335631653,14358.418335631653,14096.297108409168,14135.1298828125,6675,0.0,0.0
2024-10-31 00:00:00+09:00,14135.130115582193,14348.710378317637,13999.215402932363,14173.962890625,2706,0.0,0.0
2024-11-01 00:00:00+09:00,14086.588624074115,14203.08694487969,13795.342822060178,13843.8837890625,13369,0.0,0.0
2024-11-04 00:00:00+09:00,13853.591710627825,13979.79822235744,13775.926164948061,13960.3818359375,7493,0.0,0.0
2024-11-05 00:00:00+09:00,13892.424668091075,13950.673828125,13814.759121379177,13950.673828125,2949,0.0,0.0
2024-11-06 00:00:00+09:00,13979.798036831133,14018.630809155664,13843.883333695274,13970.08984375,4689,0.0,0.0
2024-11-07 00:00:00+09:00,13824.468237168296,13950.674758996376,13212.85201600144,13902.1337890625,13710,0.0,0.0
2024-11-08 00:00:00+09:00,13902.133231707317,13931.2578125,13397.307164634147,13931.2578125,89264,0.0,0.0
2024-11-11 00:00:00+09:00,13979.798780487805,13979.798780487805,13688.552972560976,13931.2578125,5839,0.0,0.0
2024-11-12 00:00:00+09:00,13970.09154007002,13979.799734329972,13018.688502594787,13474.9736328125,40186,0.0,0.0
2024-11-13 00:00:00+09:00,13474.972085994525,13474.972085994525,13067.2279738823,13300.224609375,16881,0.0,0.0
2024-11-14 00:00:00+09:00,13241.976190748535,13669.136713030746,13154.602447554447,13261.392578125,47349,0.0,0.0
2024-11-15 00:00:00+09:00,13309.933161226803,13309.933161226803,11902.2451171875,11902.2451171875,157501,0.0,0.0
2024-11-18 00:00:00+09:00,11960.494883406725,12329.40625156375,11746.914617631604,12125.5341796875,58065,0.0,0.0
2024-11-19 00:00:00+09:00,12125.5341796875,12319.698057664882,12047.868628496548,12125.5341796875,11304,0.0,0.0
2024-11-20 00:00:00+09:00,12144.949701690673,12426.4873046875,11843.995712280273,12426.4873046875,36701,0.0,0.0
2024-11-21 00:00:00+09:00,12475.02887791293,12475.02887791293,12242.032229609496,12445.904296875,7858,0.0,0.0
2024-11-22 00:00:00+09:00,12445.904482886905,12882.773204985118,12445.904482886905,12843.9404296875,23982,0.0,0.0
2024-11-25 00:00:00+09:00,12766.275099061377,13572.055200370954,12766.275099061377,13494.3896484375,28157,0.0,0.0
2024-11-26 00:00:00+09:00,13494.38862251805,13513.805009025271,13251.683791177797,13445.84765625,8468,0.0,0.0
2024-11-27 00:00:00+09:00,13445.847404928767,13445.847404928767,12941.02136517693,13203.142578125,26731,0.0,0.0
2024-11-28 00:00:00+09:00,13183.726313414292,13183.726313414292,12843.939552759284,12941.021484375,3836,0.0,0.0
2024-11-29 00:00:00+09:00,12921.60569306482,12941.022080282048,12416.779625416908,12552.6943359375,11080,0.0,0.0
2024-12-02 00:00:00+09:00,12552.694375590914,12591.52715014804,12193.4912109375,12193.4912109375,8100,0.0,0.0
2024-12-03 00:00:00+09:00,12232.32421875,12911.897786458332,12144.950474330357,12843.9404296875,32776,0.0,0.0
2024-12-04 00:00:00+09:00,12717.73428485577,12843.94080829327,12242.0327734375,12620.65234375,17327,0.0,0.0
2024-12-05 00:00:00+09:00,12620.652248402936,12756.566964924199,12057.57699424342,12727.4423828125,56951,0.0,0.0
2024-12-06 00:00:00+09:00,12717.733290778928,12805.107030944586,12144.94988302629,12416.779296875,18237,0.0,0.0
2024-12-09 00:00:00+09:00,12038.159574052874,12047.867767257754,11659.5400390625,11659.5400390625,22446,0.0,0.0
2024-12-10 00:00:00+09:00,11659.541316285055,12280.865749459279,11659.541316285055,12203.2001953125,19961,0.0,0.0
2024-12-11 00:00:00+09:00,12106.117568131584,12960.438615441592,12106.117568131584,12902.189453125,13913,0.0,0.0
2024-12-12 00:00:00+09:00,12892.481215148699,13106.06147624303,12484.73708033225,13057.5205078125,26460,0.0,0.0
2024-12-13 00:00:00+09:00,13057.5205078125,13106.06147624303,12814.815665659851,13057.5205078125,3620,0.0,0.0
2024-12-16 00:00:00+09:00,12970.146162974683,13096.352675039558,12863.356037381329,13038.103515625,6074,0.0,0.0
2024-12-17 00:00:00+09:00,12941.02189653636,13028.39563777329,12659.484285884031,12766.2744140625,9773,0.0,0.0
2024-12-18 00:00:00+09:00,12766.274968039774,13348.7666015625,12640.068447443182,13348.7666015625,24290,0.0,0.0
2024-12-19 00:00:00+09:00,13008.97990744135,13329.350308146993,12911.897967833578,13241.9765625,5002,0.0,0.0
2024-12-20 00:00:00+09:00,13154.601712192061,13309.932802520529,12834.231338389598,13300.224609375,5292,0.0,0.0
2024-12-23 00:00:00+09:00,13397.307231800765,15251.572218231162,13397.307231800765,15203.03125,193246,0.0,0.0
2024-12-24 00:00:00+09:00,14911.785532994923,15484.56896167116,14834.119983343908,15300.11328125,177738,0.0,0.0
2024-12-26 00:00:00+09:00,15290.40513258714,15436.02803861178,14698.205314753606,15144.7822265625,30814,0.0,0.0
2024-12-27 00:00:00+09:00,15362.550752026185,15976.260898047849,15253.66669386105,15877.275390625,108731,300.0,0.0
2024-12-30 00:00:00+09:00,15887.173966808432,17470.942088110205,15887.173966808432,16728.55078125,234413,0.0,0.0
2025-01-02 00:00:00+09:00,16926.52122511062,17272.970489952066,16441.492254332596,16778.04296875,113951,0.0,0.0
2025-01-03 00:00:00+09:00,16659.260599194808,17530.33304882591,16560.27509355491,17441.24609375,102237,0.0,0.0
2025-01-06 00:00:00+09:00,17619.41982685811,18312.318359375,17322.463312922297,18312.318359375,100700,0.0,0.0
2025-01-07 00:00:00+09:00,18579.57994733538,18579.57994733538,17075.0002179827,17738.203125,155654,0.0,0.0
2025-01-08 00:00:00+09:00,17718.405113137826,18549.883341910772,17421.448602861772,18332.115234375,108748,0.0,0.0
2025-01-09 00:00:00+09:00,18609.27541842383,18807.246433513443,17965.869619382578,18777.55078125,70632,0.0,0.0
2025-01-10 00:00:00+09:00,18629.071439302883,18767.651141826922,18153.94103064904,18530.0859375,72240,0.0,0.0
2025-01-13 00:00:00+09:00,18490.49240052866,18619.173557491653,17787.6953125,17787.6953125,93253,0.0,0.0
2025-01-14 00:00:00+09:00,17817.3911908078,17916.3766974234,17332.362208391365,17767.8984375,26754,0.0,0.0
2025-01-15 00:00:00+09:00,17688.709364056245,17698.60791434391,16946.31809248142,17312.564453125,84523,0.0,0.0
2025-01-16 00:00:00+09:00,17371.955258538208,19183.389909428515,17371.955258538208,19074.505859375,463804,0.0,0.0
2025-01-17 00:00:00+09:00,19074.50604970504,19995.071209343114,19034.911849290496,19401.158203125,138338,0.0,0.0
2025-01-20 00:00:00+09:00,19401.158426616916,20539.49170164801,19401.158426616916,19896.0859375,164771,0.0,0.0
2025-01-21 00:00:00+09:00,19777.304534566625,21578.840783461084,19777.304534566625,20984.927734375,272971,0.0,0.0
2025-01-22 00:00:00+09:00,20836.448861581306,21875.796667028357,20638.477851019965,21380.869140625,84202,0.0,0.0
2025-01-23 00:00:00+09:00,21331.375563226742,21677.82481831395,20935.43355741279,21281.8828125,30593,0.0,0.0
2025-01-24 00:00:00+09:00,21281.88363534433,21727.31840910735,20885.941614221643,21380.869140625,36517,0.0,0.0
2025-01-31 00:00:00+09:00,21380.870089285712,21380.870089285712,20143.551218377976,20786.95703125,51842,0.0,0.0
2025-02-03 00:00:00+09:00,20440.505927905702,20539.49142876723,19648.62192101347,19747.607421875,42447,0.0,0.0
2025-02-04 00:00:00+09:00,19747.608197380516,20391.01397824755,19658.521243106617,20193.04296875,35197,0.0,0.0
2025-02-05 00:00:00+09:00,20687.97065257353,21133.405427389705,19995.07211397059,21034.419921875,59383,0.0,0.0
2025-02-06 00:00:00+09:00,21034.419487847223,22420.216536458334,20885.94123263889,22271.73828125,120925,0.0,0.0
2025-02-07 00:00:00+09:00,22222.245229040476,22469.708984375,21479.853963036894,22469.708984375,40676,0.0,0.0
2025-02-10 00:00:00+09:00,22568.69479166667,22865.651302083334,21925.28901909722,22271.73828125,52146,0.0,0.0
2025-02-11 00:00:00+09:00,22816.159076891447,22915.144582648027,22123.260536595397,22568.6953125,44909,0.0,0.0
2025-02-12 00:00:00+09:00,22568.695599489794,24350.434725765306,22568.695599489794,24251.44921875,185458,0.0,0.0
2025-02-13 00:00:00+09:00,24350.43355460922,24993.839319263527,24152.4625501002,24696.8828125,65661,0.0,0.0
2025-02-14 00:00:00+09:00,24845.3624609375,25241.304492187497,24152.46390625,24746.376953125,61446,0.0,0.0
2025-02-17 00:00:00+09:00,24746.376488095237,26231.15907738095,24746.376488095237,25983.6953125,69478,0.0,0.0
2025-02-18 00:00:00+09:00,26280.652088512074,27023.04339044744,25241.304265802555,26132.173828125,57543,0.0,0.0
2025-02-19 00:00:00+09:00,26231.15846329737,26627.10047783771,25736.23094512195,26379.63671875,68381,0.0,0.0
2025-02-20 00:00:00+09:00,26726.085323210686,26726.085323210686,24102.969541488153,24548.404296875,193245,0.0,0.0
2025-02-21 00:00:00+09:00,24548.40601145038,26379.637911498092,23261.594406011453,25934.203125,395610,0.0,0.0
2025-02-24 00:00:00+09:00,26330.14501664201,26330.14501664201,24251.44935743343,25092.826171875,90614,0.0,0.0
2025-02-25 00:00:00+09:00,24647.390061372746,25092.824821518036,24399.926305736473,24696.8828125,134303,0.0,0.0
2025-02-26 00:00:00+09:00,24548.404447115383,28359.34626652644,24548.404447115383,28309.853515625,350484,0.0,0.0
2025-02-27 00:00:00+09:00,27913.91202151817,29448.18732766544,27270.506247972535,28606.810546875,142646,0.0,0.0
2025-02-28 00:00:00+09:00,28557.317454106535,29448.18697607173,27715.940683361627,29151.23046875,125300,0.0,0.0
2025-03-04 00:00:00+09:00,28606.81111216421,29101.738640056323,27369.492292433923,28557.318359375,60366,0.0,0.0
2025-03-05 00:00:00+09:00,28557.318007281036,29101.73828125,28210.86874202806,29101.73828125,58801,0.0,0.0
2025-03-06 00:00:00+09:00,29547.173415159228,29596.66616794844,27963.405325904463,28557.318359375,35305,0.0,0.0
2025-03-07 00:00:00+09:00,27814.926561131786,28656.30334323008,27468.477297914844,28260.361328125,33811,0.0,0.0
2025-03-10 00:00:00+09:00,27814.927117598687,28359.34739925987,27171.521330180924,28210.869140625,55517,0.0,0.0
2025-03-11 00:00:00+09:00,27122.02832892416,28062.390625,26676.593557098764,28062.390625,44802,0.0,0.0
2025-03-12 00:00:00+09:00,27913.913126627605,28606.811679416234,27616.956604003906,28507.826171875,28021,0.0,0.0
2025-03-13 00:00:00+09:00,28557.318615301723,29101.738900862067,27963.40557650862,28705.796875,40586,0.0,0.0
2025-03-14 00:00:00+09:00,28062.391190923143,29547.17379361749,27666.449163537985,28012.8984375,45529,0.0,0.0
2025-03-17 00:00:00+09:00,27913.912154959606,28111.883163150807,26726.08610581239,27567.462890625,43903,0.0,0.0
2025-03-18 00:00:00+09:00,27468.477126579422,28161.375648691337,27270.506120261733,27418.984375,27243,0.0,0.0
2025-03-19 00:00:00+09:00,27319.998830213903,28111.882854278076,26775.578563669787,27765.43359375,42681,0.0,0.0
2025-03-20 00:00:00+09:00,27666.448394720603,28408.83967543761,27221.013626290394,27567.462890625,31199,0.0,0.0
2025-03-21 00:00:00+09:00,27517.97086740654,27517.97086740654,25736.231746495327,26478.623046875,78797,0.0,0.0
2025-03-24 00:00:00+09:00,26132.173859570663,27913.912986359574,26132.173859570663,27666.44921875,70153,0.0,0.0
2025-03-25 00:00:00+09:00,27369.49306783189,27666.449592980156,26033.188704664688,27122.029296875,56499,0.0,0.0
2025-03-26 00:00:00+09:00,27122.02795138889,27122.02795138889,26231.15842013889,26726.0859375,38363,0.0,0.0
2025-03-27 00:00:00+09:00,26577.608927719466,26577.608927719466,25538.26109255725,25934.203125,35863,0.0,0.0
2025-03-28 00:00:00+09:00,25934.20147235577,25934.20147235577,24647.38994891827,25736.23046875,55593,0.0,0.0
2025-03-31 00:00:00+09:00,25092.826364543034,25637.246660420697,24548.406068665376,25587.75390625,28951,0.0,0.0
2025-04-01 00:00:00+09:00,25587.75314073947,27319.99948489011,24845.361850389196,27023.04296875,86504,0.0,0.0
2025-04-02 00:00:00+09:00,27122.0282142035,27468.477479713398,26280.651426536602,26874.564453125,36941,0.0,0.0
2025-04-03 00:00:00+09:00,26874.564318068486,28111.88311724291,26280.651294464762,27913.912109375,74064,0.0,0.0
2025-04-04 00:00:00+09:00,27913.911890794225,28161.375648691337,26231.158337093864,27418.984375,56814,0.0,0.0
2025-04-07 00:00:00+09:00,26280.65076754386,26973.549281189084,23657.534965886938,25389.78125,76356,0.0,0.0
2025-04-08 00:00:00+09:00,25587.752602869772,26231.15837431524,24449.41931492779,24845.361328125,51026,0.0,0.0
2025-04-09 00:00:00+09:00,24449.419921875,25142.318462171053,23756.521381578947,24449.419921875,60837,0.0,0.0
2025-04-10 00:00:00+09:00,25290.79726488936,26726.087129237287,24944.347987288136,26280.65234375,49522,0.0,0.0
2025-04-11 00:00:00+09:00,26033.188065476188,26330.14458333333,25439.275029761902,25983.6953125,7219,0.0,0.0
2025-04-14 00:00:00+09:00,26330.144927536232,27517.971014492756,26330.144927536232,27320.0,26471,0.0,0.0
2025-04-15 00:00:00+09:00,27270.506290362304,28309.854080013134,27270.506290362304,28260.361328125,30024,0.0,0.0
2025-04-16 00:00:00+09:00,28507.826171875,29052.24646335178,27963.405880398223,28507.826171875,28963,0.0,0.0
2025-04-17 00:00:00+09:00,28507.826171875,28656.30443318685,27715.94211154514,28507.826171875,15128,0.0,0.0
2025-04-18 00:00:00+09:00,29002.753709581164,29250.217478434246,28111.88414171007,28507.826171875,29819,0.0,0.0
2025-04-21 00:00:00+09:00,28557.318410773027,30537.028525904607,28359.34739925987,30091.59375,108202,0.0,0.0
2025-04-22 00:00:00+09:00,29497.680118709417,30487.53515625,29497.680118709417,30487.53515625,45317,0.0,0.0
2025-04-23 00:00:00+09:00,30636.01341188109,30636.01341188109,29794.636629971592,30487.53515625,39058,0.0,0.0
2025-04-24 00:00:00+09:00,30438.04296875,30586.521227134144,29992.60819359756,30438.04296875,16462,0.0,0.0
2025-04-25 00:00:00+09:00,30141.08567643874,30487.53493708746,29745.14366426877,29992.607421875,19550,0.0,0.0
2025-04-28 00:00:00+09:00,30042.101681070824,30289.56545109612,28953.261092959525,29349.203125,28819,0.0,0.0
2025-04-29 00:00:00+09:00,29349.201473631154,29893.621737054327,28953.259463868842,29151.23046875,23524,0.0,0.0
2025-04-30 00:00:00+09:00,28606.81132599044,28606.81132599044,26132.17366803279,27171.521484375,241816,0.0,0.0
2025-05-02 00:00:00+09:00,27171.520786586032,28557.317839453808,26627.10051581655,28260.361328125,92242,0.0,0.0
2025-05-07 00:00:00+09:00,28309.853553650442,28705.795561393803,27369.491285259955,27963.404296875,26918,0.0,0.0
2025-05-08 00:00:00+09:00,27963.40527678189,28903.767578125,27963.40527678189,28903.767578125,30891,0.0,0.0
2025-05-09 00:00:00+09:00,28854.273961428265,29596.665229732596,28507.824702886246,29151.23046875,30339,0.0,0.0
2025-05-12 00:00:00+09:00,29151.232168568687,29547.174201418515,28755.290135718857,29002.75390625,21231,0.0,0.0
2025-05-13 00:00:00+09:00,29398.69501768868,31922.825397995282,28210.86895636792,31477.390625,189898,0.0,0.0
2025-05-14 00:00:00+09:00,31031.956209375,31576.37649375,30586.52143125,30932.970703125,37774,0.0,0.0
2025-05-15 00:00:00+09:00,30932.969878611555,31328.911893057782,29695.651083467095,30833.984375,38016,0.0,0.0
2025-05-16 00:00:00+09:00,30734.998386270494,30833.98388831967,29547.17236168033,30190.578125,35903,0.0,0.0
2025-05-19 00:00:00+09:00,30190.578948376227,30833.98472924326,29349.20215801164,30289.564453125,25939,0.0,0.0
2025-05-20 00:00:00+09:00,30388.550975310496,31180.435039813703,30190.579959184695,30883.478515625,31756,0.0,0.0
2025-05-21 00:00:00+09:00,31180.43363764045,31180.43363764045,29794.63658707865,30833.984375,40214,0.0,0.0
2025-05-22 00:00:00+09:00,30734.999375396575,30734.999375396575,29151.23129164023,29250.216796875,21404,0.0,0.0
2025-05-23 00:00:00+09:00,29250.217147679003,30784.49249721885,28705.796862358413,30586.521484375,20115,0.0,0.0
2025-05-26 00:00:00+09:00,30586.52187622453,31576.376953125,30586.52187622453,31576.376953125,45852,0.0,0.0
2025-05-27 00:00:00+09:00,31576.376953125,32615.724783870493,31279.42043005486,31576.376953125,13454,0.0,0.0
2025-05-28 00:00:00+09:00,32071.304289410826,32071.304289410826,30883.478204617833,31081.44921875,15733,0.0,0.0
2025-05-29 00:00:00+09:00,31328.91278253944,31328.91278253944,30240.07221189826,30586.521484375,19913,0.0,0.0
2025-05-30 00:00:00+09:00,30537.02916015625,30685.507421874998,29448.188574218748,29695.65234375,22842,0.0,0.0
2025-06-02 00:00:00+09:00,29547.17257749496,30883.476864919354,29349.2015719506,30685.505859375,18782,0.0,0.0
2025-06-04 00:00:00+09:00,30784.49244375,31180.43446875,30487.535925,30932.970703125,19501,0.0,0.0
2025-06-05 00:00:00+09:00,30883.476864919354,31229.926124621976,30487.534853830643,30685.505859375,18821,0.0,0.0
2025-06-09 00:00:00+09:00,30685.50590079527,30883.47690660685,29151.230605755507,30339.056640625,43654,0.0,0.0
2025-06-10 00:00:00+09:00,30586.521975126474,30586.521975126474,28953.261092959525,29349.203125,36132,0.0,0.0
2025-06-11 00:00:00+09:00,29497.681074644053,30141.086869896357,29101.739046796483,29547.173828125,19223,0.0,0.0
2025-06-12 00:00:00+09:00,29200.72336863602,33061.15798347264,29200.72336863602,32566.23046875,182329,0.0,0.0
2025-06-13 00:00:00+09:00,32566.231291429925,33160.14432410038,31427.897978811554,32665.216796875,68762,0.0,0.0
2025-06-16 00:00:00+09:00,32764.202214273173,35238.83984375,32764.202214273173,35238.83984375,180454,0.0,0.0
2025-06-17 00:00:00+09:00,35436.80909207819,36822.60609567901,34991.37434092078,36080.21484375,64843,0.0,0.0
2025-06-18 00:00:00+09:00,36377.17408219004,36971.08712842988,35832.75378980352,36525.65234375,57819,0.0,0.0
2025-06-19 00:00:00+09:00,36921.59431627517,37070.07257760067,35931.739240771814,36872.1015625,22521,0.0,0.0
2025-06-20 00:00:00+09:00,36872.09987048797,37119.56362800802,36129.708597927805,37020.578125,16824,0.0,0.0
2025-06-23 00:00:00+09:00,36674.12778116588,37119.56253154441,35733.765530366756,36773.11328125,21791,0.0,0.0
2025-06-24 00:00:00+09:00,37119.56590221774,37119.56590221774,35585.29051159274,36822.609375,50509,0.0,0.0
2025-06-25 00:00:00+09:00,36773.114836563735,37911.44813567674,36080.21630666886,37663.984375,43706,0.0,0.0
2025-06-26 00:00:00+09:00,37713.47652186281,38109.41853259103,36773.11424638329,38059.92578125,33569,0.0,0.0
2025-06-27 00:00:00+09:00,38059.92823840726,38059.92823840726,36476.16009324597,36822.609375,30259,0.0,0.0
2025-06-30 00:00:00+09:00,36822.60609567901,37020.57709619341,35882.24384323559,36080.21484375,13702,0.0,0.0
2025-07-01 00:00:00+09:00,35733.76916399573,36228.69671474359,34743.9140625,34743.9140625,20198,0.0,0.0
2025-07-02 00:00:00+09:00,34991.37797510901,34991.37797510901,33407.60980650436,34051.015625,36967,0.0,0.0
2025-07-03 00:00:00+09:00,34051.01292782738,34051.01292782738,32962.17239815848,33259.12890625,40653,0.0,0.0
2025-07-04 00:00:00+09:00,33358.113879504504,33358.113879504504,32318.76611768018,32962.171875,36958,0.0,0.0
2025-07-07 00:00:00+09:00,32912.67902224345,34446.9542849345,32269.2732669214,34001.51953125,38989,0.0,0.0
2025-07-08 00:00:00+09:00,34051.01205842391,37218.548063858696,33407.60630731998,36426.6640625,60110,0.0,0.0
2025-07-09 00:00:00+09:00,36426.66621983914,37218.550268096515,35535.7966655496,36921.59375,38450,0.0,0.0
2025-07-10 00:00:00+09:00,36872.09923820446,37911.44700196592,36822.60648754915,37762.96875,35682,0.0,0.0
2025-07-11 00:00:00+09:00,37911.44997479839,40188.11668346774,37713.47895665323,39891.16015625,93177,0.0,0.0
2025-07-14 00:00:00+09:00,39891.156847196115,41573.91036184211,39297.24384202694,39495.21484375,30697,0.0,0.0
2025-07-15 00:00:00+09:00,39198.25827432266,40979.99728679187,39099.27277362993,40188.11328125,22062,0.0,0.0
2025-07-16 00:00:00+09:00,40584.05559593023,43355.6496366279,40584.05559593023,42563.765625,87975,0.0,0.0
2025-07-17 00:00:00+09:00,42464.78320971597,45533.33397778402,42167.8266837739,43999.05859375,60395,0.0,0.0
2025-07-18 00:00:00+09:00,43999.0575155543,44741.4488122172,42662.753181561086,43751.59375,22709,0.0,0.0
2025-07-21 00:00:00+09:00,43751.59257768757,45335.36063479843,43306.15781162514,44197.02734375,22637,0.0,0.0
2025-07-22 00:00:00+09:00,43454.63502944098,44790.93929572219,42613.25826918984,43603.11328125,43595,0.0,0.0
2025-07-23 00:00:00+09:00,43504.13009159482,43504.13009159482,42266.81126077586,43058.6953125,23904,0.0,0.0
2025-07-24 00:00:00+09:00,42167.82434566787,43504.12863831228,39792.1722698556,41128.4765625,83509,0.0,0.0
2025-07-25 00:00:00+09:00,41128.47876854766,41573.913556654676,40237.609192333635,41276.95703125,19078,0.0,0.0
2025-07-28 00:00:00+09:00,41276.95646519461,42068.84052208084,39990.14487275449,41326.44921875,41245,0.0,0.0
2025-07-29 00:00:00+09:00,41375.93953804348,43355.649563787185,40732.53377967677,43256.6640625,47265,0.0,0.0
2025-07-30 00:00:00+09:00,43058.693661590645,43751.59218028291,42167.824137557735,42860.72265625,27778,0.0,0.0
2025-07-31 00:00:00+09:00,42662.75208098194,44147.534636004515,42266.810066309255,43850.578125,19018,0.0,0.0
2025-08-01 00:00:00+09:00,43058.69495106761,43306.15871515421,41672.89787218268,41722.390625,23815,0.0,0.0
2025-08-04 00:00:00+09:00,41722.38949704142,42464.78076923077,41276.95473372781,41821.375,18398,0.0,0.0
2025-08-05 00:00:00+09:00,41771.885081845234,42514.27640438988,40782.02998511904,41573.9140625,20727,0.0,0.0
2025-08-06 00:00:00+09:00,41573.91128430788,42068.83879959725,41326.447526663185,41474.92578125,11651,0.0,0.0
2025-08-07 00:00:00+09:00,41573.91343602594,42217.31923920254,41227.464157392395,41969.85546875,7649,0.0,0.0
2025-08-08 00:00:00+09:00,41623.403994082844,42316.3025147929,41227.461982248526,41821.375,15592,0.0,0.0
2025-08-11 00:00:00+09:00,41969.85454683698,42167.82555885036,40287.100944723235,40683.04296875,17413,0.0,0.0
2025-08-12 00:00:00+09:00,40287.1015625,41870.86968289312,38802.31894963145,40287.1015625,29259,0.0,0.0
2025-08-13 00:00:00+09:00,40831.521280674846,41425.434317484665,40039.637231595094,40336.59375,14134,0.0,0.0
2025-08-14 00:00:00+09:00,40089.13032586104,42316.30423285333,39693.1882979513,41672.8984375,22667,0.0,0.0
2025-08-18 00:00:00+09:00,41425.43298816568,43553.62130177515,40633.548964497044,41821.375,66065,0.0,0.0
2025-08-19 00:00:00+09:00,41870.87008205935,42266.812115932255,39693.188895758394,41276.95703125,55044,0.0,0.0
2025-08-20 00:00:00+09:00,40534.563671875,40534.563671875,35733.76675347222,40089.12890625,108519,0.0,0.0
2025-08-21 00:00:00+09:00,39940.65016762076,40138.62117216907,38901.30239374215,39445.72265625,16256,0.0,0.0
2025-08-22 00:00:00+09:00,39396.22934288847,40435.57710193452,38455.86708470395,39495.21484375,22948,0.0,0.0
2025-08-25 00:00:00+09:00,39693.18933121019,40485.073407643315,38604.34872611465,38851.8125,18511,0.0,0.0
2025-08-26 00:00:00+09:00,38455.8671875,38703.33094031532,37762.968679617115,38455.8671875,10473,0.0,0.0
2025-08-27 00:00:00+09:00,38455.86763350847,40039.63566989492,37812.461868726474,39445.72265625,31928,0.0,0.0
2025-08-28 00:00:00+09:00,40039.635098488405,40039.635098488405,39148.76559073465,39495.21484375,11190,0.0,0.0
2025-08-29 00:00:00+09:00,40039.637392750315,40584.05767868388,38901.3040676165,39297.24609375,11717,0.0,0.0
2025-09-01 00:00:00+09:00,39297.246318129895,39495.217332327025,37070.072408412205,37911.44921875,12720,0.0,0.0
2025-09-02 00:00:00+09:00,37911.447112954855,37911.447112954855,36179.20083494778,36723.62109375,35011,0.0,0.0
2025-09-03 00:00:00+09:00,36624.63607201987,37515.505598096024,36030.72305463576,37367.02734375,18562,0.0,0.0
2025-09-04 00:00:00+09:00,37367.029611559585,38257.89919170273,37119.565839297604,37169.05859375,12697,0.0,0.0
2025-09-05 00:00:00+09:00,37268.041882520054,37812.46214906417,36377.17235544786,37020.578125,11817,0.0,0.0
2025-09-08 00:00:00+09:00,36971.0859375,37713.47722138554,36377.172910391564,36971.0859375,17542,0.0,0.0
2025-09-09 00:00:00+09:00,36971.08484775101,37268.04135255222,36278.186336548184,36723.62109375,12441,0.0,0.0
2025-09-10 00:00:00+09:00,36723.621615975935,37515.50564004011,36327.67960394385,37020.578125,13406,0.0,0.0
2025-09-11 00:00:00+09:00,36723.62116887019,37614.490685096156,35486.30239633413,36030.72265625,46683,0.0,0.0
2025-09-12 00:00:00+09:00,36624.63835685484,40584.05871975807,36624.63835685484,39891.16015625,75840,0.0,0.0
2025-09-15 00:00:00+09:00,40930.5049584699,41722.3889721767,39099.27317677294,41524.41796875,39090,0.0,0.0
2025-09-16 00:00:00+09:00,41425.43193840036,42118.330441551625,39693.18568052221,41227.4609375,30648,0.0,0.0
2025-09-17 00:00:00+09:00,41227.464400724086,41722.391944550305,40039.63829554116,40584.05859375,21325,0.0,0.0
2025-09-18 00:00:00+09:00,40237.6059653072,41623.402972722455,39990.142213983054,40881.01171875,15133,0.0,0.0
2025-09-22 00:00:00+09:00,41425.434159128294,42316.3037109375,40881.01387746711,41375.94140625,11202,0.0,0.0
2025-09-23 00:00:00+09:00,41573.911803909956,42563.76684686019,41078.98428243483,41771.8828125,46056,0.0,0.0
2025-09-24 00:00:00+09:00,42464.782608695656,42464.782608695656,40336.59420289855,40980.0,22363,0.0,0.0
2025-09-25 00:00:00+09:00,40979.99718637455,41771.88118997599,40633.547934798924,41227.4609375,15910,0.0,0.0
2025-09-26 00:00:00+09:00,41227.46125710227,41227.46125710227,37663.9832132711,38109.41796875,53292,0.0,0.0
2025-09-29 00:00:00+09:00,38109.4175,38455.86675,36030.722,37119.5625,41964,0.0,0.0
2025-09-30 00:00:00+09:00,37614.49049803407,37861.95425131061,35733.76597313237,37762.96875,36569,0.0,0.0
2025-10-01 00:00:00+09:00,37218.550114080834,38307.390675928946,36674.12983315678,37960.94140625,27128,0.0,0.0
2025-10-02 00:00:00+09:00,38505.36050257732,39396.23002577319,37218.548969072166,38406.375,31874,0.0,0.0
2025-10-10 00:00:00+09:00,38307.392261809124,38752.82705555109,36921.595125723004,38505.36328125,39899,0.0,0.0
2025-10-13 00:00:00+09:00,37614.49269745431,38059.92747939785,37020.57965486293,37911.44921875,25788,0.0,0.0
2025-10-14 00:00:00+09:00,37911.44997479839,39297.247101814515,36129.71081149194,36822.609375,28155,0.0,0.0
2025-10-15 00:00:00+09:00,36822.60603129206,37020.5770314603,35090.359779819984,36773.11328125,57469,0.0,0.0
2025-10-16 00:00:00+09:00,36773.11554359777,37317.53582755413,36278.18801272835,36575.14453125,31999,0.0,0.0
2025-10-17 00:00:00+09:00,36723.62059542181,36723.62059542181,35189.34534143518,36080.21484375,46653,0.0,0.0
2025-10-20 00:00:00+09:00,36030.725044014085,36278.18881492077,35139.85546875,35139.85546875,17734,0.0,0.0
2025-10-21 00:00:00+09:00,35139.853414948455,35634.78092783505,33457.09987113402,33605.578125,44356,0.0,0.0
2025-10-22 00:00:00+09:00,33556.08576044617,35238.83932365439,32318.766963969545,34941.8828125,51818,0.0,0.0
2025-10-23 00:00:00+09:00,34941.88276867111,35733.76679742286,33556.08571835554,35288.33203125,27696,0.0,0.0
2025-10-24 00:00:00+09:00,35288.33373129401,36129.71055237676,34150.00038512324,35139.85546875,35644,0.0,0.0
2025-10-27 00:00:00+09:00,34842.89718019257,36129.70872377923,34149.99865672283,35981.23046875,38131,0.0,0.0
2025-10-28 00:00:00+09:00,35535.79744159693,36129.71049076011,34793.406130142954,35486.3046875,16564,0.0,0.0
2025-10-29 00:00:00+09:00,35634.783685601054,39099.276543923384,35535.79817536328,37466.015625,114455,0.0,0.0
2025-10-30 00:00:00+09:00,37614.49075488998,40930.50507143949,36179.20097608496,40485.0703125,61121,0.0,0.0
2025-10-31 00:00:00+09:00,40485.07179962516,40485.07179962516,37812.46314781617,37960.94140625,53383,0.0,0.0
2025-11-03 00:00:00+09:00,38059.928469122024,42415.29089471726,35535.79797247024,41573.9140625,199930,0.0,0.0
2025-11-04 00:00:00+09:00,42514.27614667339,43207.174710181454,41227.46452872984,42959.7109375,78894,0.0,0.0
2025-11-05 00:00:00+09:00,41573.912217881945,43553.62232349537,40089.129638671875,42761.73828125,118852,0.0,0.0
2025-11-06 00:00:00+09:00,42761.738231917334,44048.54979908152,42613.259974167624,43108.1875,35945,0.0,0.0
2025-11-07 00:00:00+09:00,41821.37708907338,42662.75390625,39495.21765334977,42662.75390625,31286,0.0,0.0
2025-11-10 00:00:00+09:00,42712.247357401124,42712.247357401124,40930.508186061095,41920.36328125,11708,0.0,0.0
2025-11-11 00:00:00+09:00,41524.417540601906,42464.77979718288,40039.6350302109,40188.11328125,14034,0.0,0.0
2025-11-12 00:00:00+09:00,40188.11538751508,41425.434211022315,39346.738587530155,41029.4921875,11994,0.0,0.0
2025-11-13 00:00:00+09:00,41128.47749234247,43058.694847578765,40683.04271805718,42415.2890625,21473,0.0,0.0
2025-11-14 00:00:00+09:00,41623.40562886484,42514.27519048145,41128.47809463339,42019.34765625,12380,0.0,0.0
2025-11-17 00:00:00+09:00,41474.92707055215,42118.33286042945,40089.12998466258,40336.59375,11810,0.0,0.0
2025-11-18 00:00:00+09:00,39891.16028448548,41078.98639717488,37317.53704032513,39198.26171875,22644,0.0,0.0
2025-11-19 00:00:00+09:00,39148.76864276961,39198.26139705882,36971.087454044115,37861.95703125,10199,0.0,0.0
2025-11-20 00:00:00+09:00,37861.9554304128,38356.88295237898,36872.10038648044,37317.53515625,16743,0.0,0.0
2025-11-21 00:00:00+09:00,37317.53725537729,37317.53725537729,33358.11685692878,35090.36328125,46228,0.0,0.0
2025-11-24 00:00:00+09:00,35090.36315158195,36228.69651192946,34100.50805562759,35783.26171875,31064,0.0,0.0
2025-11-25 00:00:00+09:00,35783.259462044356,36377.17248216128,33754.05664331155,35981.23046875,37968,0.0,0.0
2025-11-26 00:00:00+09:00,37020.577674278844,37020.577674278844,34991.37488731971,36030.72265625,26681,0.0,0.0
2025-11-27 00:00:00+09:00,35535.795620361,37020.57816717274,35288.33186255904,36674.12890625,12388,0.0,0.0
2025-11-28 00:00:00+09:00,37119.56302703373,37812.46153687169,35882.24425946594,37416.51953125,24790,0.0,0.0
2025-12-01 00:00:00+09:00,37367.02852714477,37663.98504524129,36228.6952077748,36921.59375,19709,0.0,0.0
2025-12-02 00:00:00+09:00,36921.59202422288,37416.51953125,36476.15726789848,37416.51953125,4797,0.0,0.0
2025-12-03 00:00:00+09:00,38406.37739116095,38406.37739116095,36327.681707618736,37515.5078125,24003,0.0,0.0
2025-12-04 00:00:00+09:00,37515.50683990189,37515.50683990189,36278.18801272835,36575.14453125,7914,0.0,0.0
2025-12-05 00:00:00+09:00,36525.651885775864,36525.651885775864,35040.8692887931,35882.24609375,22688,0.0,0.0
2025-12-08 00:00:00+09:00,36129.707500000004,37218.548,35387.31625,37119.5625,31359,0.0,0.0
2025-12-09 00:00:00+09:00,37119.56362800802,37218.54913101604,36030.723094919784,37020.578125,15979,0.0,0.0
2025-12-10 00:00:00+09:00,36971.08537349599,37911.447652072195,35189.34631935161,37020.578125,71402,0.0,0.0
2025-12-11 00:00:00+09:00,36624.63733777322,37367.028635160525,35436.81126195355,36228.6953125,32765,0.0,0.0
2025-12-12 00:00:00+09:00,36228.693159965034,36228.693159965034,34644.92515297203,35387.31640625,44411,0.0,0.0
2025-12-15 00:00:00+09:00,35090.36334802351,35090.36334802351,33952.02998130342,34743.9140625,226411,0.0,0.0
2025-12-16 00:00:00+09:00,34347.9694359189,35337.824462890625,33160.14340355283,33259.12890625,26008,0.0,0.0
2025-12-17 00:00:00+09:00,33358.11467013889,36030.72326388889,32615.723394097222,35634.78125,54330,0.0,0.0
2025-12-18 00:00:00+09:00,35337.82525180785,36228.694795971074,34644.92671745868,35931.73828125,16121,0.0,0.0
2025-12-19 00:00:00+09:00,36327.6803008781,36624.63681559917,35337.82525180785,35931.73828125,22377,0.0,0.0
2025-12-22 00:00:00+09:00,36030.7220936214,36773.11334555041,35634.78009259259,36080.21484375,33344,0.0,0.0
2025-12-23 00:00:00+09:00,36575.14251621038,36575.14251621038,34347.96875,34347.96875,132840,0.0,0.0
2025-12-24 00:00:00+09:00,34347.970958124104,34694.420232917866,33704.56516207855,34496.44921875,165576,0.0,0.0
2025-12-26 00:00:00+09:00,34248.985507246376,34892.391304347824,33605.57971014493,34150.0,62120,0.0,0.0
2025-12-29 00:00:00+09:00,34500.0,35000.0,33500.0,33850.0,224812,350.0,0.0
2025-12-30 00:00:00+09:00,33800.0,36500.0,33800.0,36150.0,50958,0.0,0.0
2026-01-02 00:00:00+09:00,36150.0,36200.0,34050.0,35750.0,51772,0.0,0.0
2026-01-05 00:00:00+09:00,35600.0,35750.0,34300.0,34500.0,34111,0.0,0.0
2026-01-06 00:00:00+09:00,34400.0,35150.0,33050.0,34750.0,54722,0.0,0.0
2026-01-07 00:00:00+09:00,34950.0,34950.0,32550.0,33150.0,39775,0.0,0.0
2026-01-08 00:00:00+09:00,32800.0,33150.0,31050.0,32000.0,29996,0.0,0.0
2026-01-09 00:00:00+09:00,32000.0,33350.0,31700.0,33350.0,35304,0.0,0.0
2026-01-12 00:00:00+09:00,33350.0,33350.0,31850.0,32250.0,29425,0.0,0.0
2026-01-13 00:00:00+09:00,31900.0,32400.0,31350.0,31750.0,15268,0.0,0.0
2026-01-14 00:00:00+09:00,31850.0,32600.0,31300.0,32050.0,24144,0.0,0.0
2026-01-15 00:00:00+09:00,32100.0,32400.0,30950.0,31600.0,28019,0.0,0.0
2026-01-16 00:00:00+09:00,31600.0,31600.0,30000.0,30250.0,44258,0.0,0.0
2026-01-19 00:00:00+09:00,29600.0,29950.0,28500.0,29750.0,40234,0.0,0.0
2026-01-20 00:00:00+09:00,29300.0,31450.0,28500.0,30750.0,49997,0.0,0.0
2026-01-21 00:00:00+09:00,29750.0,30500.0,29600.0,30100.0,25840,0.0,0.0
2026-01-22 00:00:00+09:00,30600.0,30800.0,29750.0,30150.0,20356,0.0,0.0
2026-01-23 00:00:00+09:00,30700.0,30900.0,29850.0,30450.0,11539,0.0,0.0
2026-01-26 00:00:00+09:00,30150.0,31000.0,28900.0,30450.0,26085,0.0,0.0
2026-01-27 00:00:00+09:00,31100.0,31100.0,29450.0,29900.0,22817,0.0,0.0
2026-01-28 00:00:00+09:00,29750.0,30700.0,29600.0,30700.0,31345,0.0,0.0
2026-01-29 00:00:00+09:00,30700.0,31000.0,29600.0,30000.0,131705,0.0,0.0
2026-01-30 00:00:00+09:00,30000.0,31800.0,29650.0,31550.0,57216,0.0,0.0
2026-02-02 00:00:00+09:00,32150.0,33450.0,31050.0,32450.0,60325,0.0,0.0
2026-02-03 00:00:00+09:00,33450.0,34000.0,31950.0,33800.0,38776,0.0,0.0
2026-02-04 00:00:00+09:00,33350.0,33700.0,32600.0,32650.0,40561,0.0,0.0
2026-02-05 00:00:00+09:00,32800.0,32800.0,30700.0,30850.0,155181,0.0,0.0
2026-02-06 00:00:00+09:00,30150.0,30650.0,29150.0,29850.0,95712,0.0,0.0
2026-02-09 00:00:00+09:00,30200.0,33450.0,30200.0,32950.0,254929,0.0,0.0
2026-02-10 00:00:00+09:00,32950.0,36150.0,32900.0,35600.0,50147,0.0,0.0
2026-02-11 00:00:00+09:00,34900.0,35300.0,33150.0,33450.0,39314,0.0,0.0
2026-02-12 00:00:00+09:00,34150.0,34150.0,32700.0,32800.0,19471,0.0,0.0
2026-02-13 00:00:00+09:00,32500.0,32750.0,31850.0,32400.0,13857,0.0,0.0
2026-02-19 00:00:00+09:00,32700.0,33250.0,32250.0,33050.0,37883,0.0,0.0
2026-02-20 00:00:00+09:00,33250.0,33950.0,32750.0,33450.0,13593,0.0,0.0
2026-02-23 00:00:00+09:00,33950.0,33950.0,32750.0,32850.0,15576,0.0,0.0
2026-02-24 00:00:00+09:00,32850.0,32850.0,31500.0,32500.0,22818,0.0,0.0
2026-02-25 00:00:00+09:00,32500.0,32650.0,31500.0,32200.0,27161,0.0,0.0
2026-02-26 00:00:00+09:00,32300.0,33000.0,31750.0,32200.0,17329,0.0,0.0
2026-02-27 00:00:00+09:00,32300.0,32300.0,31000.0,31350.0,21053,0.0,0.0
2026-03-03 00:00:00+09:00,31300.0,31400.0,29500.0,29650.0,19193,0.0,0.0
2026-03-04 00:00:00+09:00,29000.0,29100.0,24650.0,25650.0,38083,0.0,0.0
2026-03-05 00:00:00+09:00,26400.0,27800.0,26400.0,27500.0,21844,0.0,0.0
2026-03-06 00:00:00+09:00,27800.0,29000.0,27350.0,28950.0,51571,0.0,0.0
2026-03-09 00:00:00+09:00,28350.0,28350.0,26050.0,26400.0,7908,0.0,0.0
2026-03-10 00:00:00+09:00,27300.0,29000.0,27200.0,29000.0,16019,0.0,0.0
2026-03-11 00:00:00+09:00,29300.0,30300.0,28200.0,29850.0,10549,0.0,0.0
2026-03-12 00:00:00+09:00,29650.0,29650.0,28600.0,29250.0,14746,0.0,0.0
2026-03-13 00:00:00+09:00,29050.0,30850.0,28350.0,30650.0,26407,0.0,0.0
2026-03-16 00:00:00+09:00,31300.0,31800.0,30500.0,31200.0,19356,0.0,0.0
2026-03-17 00:00:00+09:00,31050.0,31500.0,30000.0,30950.0,30925,0.0,0.0
2026-03-18 00:00:00+09:00,30900.0,31200.0,29600.0,30200.0,27458,0.0,0.0
2026-03-19 00:00:00+09:00,29700.0,30650.0,29400.0,30000.0,10097,0.0,0.0
2026-03-20 00:00:00+09:00,29800.0,30000.0,29000.0,29300.0,13416,0.0,0.0
2026-03-23 00:00:00+09:00,28250.0,29400.0,27900.0,28900.0,12745,0.0,0.0
2026-03-24 00:00:00+09:00,29000.0,29100.0,27750.0,28400.0,17119,0.0,0.0
2026-03-25 00:00:00+09:00,28700.0,30200.0,28550.0,29550.0,9933,0.0,0.0
2026-03-26 00:00:00+09:00,29900.0,30100.0,29000.0,29250.0,4050,0.0,0.0
2026-03-27 00:00:00+09:00,29300.0,29500.0,27100.0,28950.0,36486,0.0,0.0
2026-03-30 00:00:00+09:00,28000.0,28200.0,27200.0,27400.0,17228,0.0,0.0
2026-03-31 00:00:00+09:00,27450.0,27450.0,25300.0,26050.0,15196,0.0,0.0
2026-04-01 00:00:00+09:00,26300.0,27400.0,26050.0,26800.0,21664,0.0,0.0
2026-04-02 00:00:00+09:00,27300.0,27400.0,24900.0,25250.0,8541,0.0,0.0
2026-04-03 00:00:00+09:00,25450.0,25900.0,24300.0,25000.0,8185,0.0,0.0
2026-04-06 00:00:00+09:00,25050.0,25750.0,24300.0,24500.0,4335,0.0,0.0
2026-04-07 00:00:00+09:00,24800.0,24800.0,23100.0,24500.0,28095,0.0,0.0
2026-04-08 00:00:00+09:00,24850.0,26200.0,24850.0,26200.0,20878,0.0,0.0
2026-04-09 00:00:00+09:00,25950.0,25950.0,24300.0,25600.0,6471,0.0,0.0
2026-04-10 00:00:00+09:00,25650.0,26800.0,25650.0,26800.0,8800,0.0,0.0
2026-04-13 00:00:00+09:00,26500.0,26700.0,26000.0,26400.0,3380,0.0,0.0
2026-04-14 00:00:00+09:00,26600.0,27300.0,26400.0,27200.0,6184,0.0,0.0
2026-04-15 00:00:00+09:00,27300.0,28000.0,27050.0,27900.0,14023,0.0,0.0
2026-04-16 00:00:00+09:00,28750.0,32900.0,28500.0,32250.0,108108,0.0,0.0
2026-04-17 00:00:00+09:00,32150.0,32250.0,30600.0,32050.0,24584,0.0,0.0
2026-04-20 00:00:00+09:00,32900.0,33500.0,31700.0,33100.0,45579,0.0,0.0
2026-04-21 00:00:00+09:00,34900.0,36950.0,33200.0,36000.0,103752,0.0,0.0
2026-04-22 00:00:00+09:00,36550.0,38800.0,35450.0,36800.0,45775,0.0,0.0
2026-04-23 00:00:00+09:00,37650.0,38300.0,35750.0,37450.0,133146,0.0,0.0
2026-04-24 00:00:00+09:00,37500.0,39500.0,37450.0,38750.0,45727,0.0,0.0
2026-04-27 00:00:00+09:00,38800.0,40450.0,38400.0,40050.0,35734,0.0,0.0
2026-04-28 00:00:00+09:00,40050.0,40550.0,38850.0,40250.0,13744,0.0,0.0
2026-04-29 00:00:00+09:00,39750.0,40200.0,39050.0,40000.0,21334,0.0,0.0
2026-04-30 00:00:00+09:00,40200.0,40250.0,38750.0,39700.0,19892,0.0,0.0
2026-05-04 00:00:00+09:00,39700.0,40600.0,38550.0,40000.0,53560,0.0,0.0
2026-05-06 00:00:00+09:00,39900.0,40250.0,38900.0,39350.0,19897,0.0,0.0
2026-05-07 00:00:00+09:00,38800.0,38800.0,36500.0,37900.0,32088,0.0,0.0
2026-05-08 00:00:00+09:00,37450.0,41950.0,37100.0,41000.0,68123,0.0,0.0
2026-05-11 00:00:00+09:00,42500.0,44450.0,41550.0,44400.0,46801,0.0,0.0
2026-05-12 00:00:00+09:00,45650.0,45650.0,41100.0,43300.0,48854,0.0,0.0
2026-05-13 00:00:00+09:00,43350.0,45300.0,40350.0,45000.0,83034,0.0,0.0
2026-05-14 00:00:00+09:00,44950.0,45300.0,43800.0,44250.0,20866,0.0,0.0
2026-05-15 00:00:00+09:00,44550.0,45300.0,41250.0,42700.0,32864,0.0,0.0
2026-05-18 00:00:00+09:00,41500.0,42600.0,38150.0,41800.0,25605,0.0,0.0
2026-05-19 00:00:00+09:00,41750.0,42500.0,38700.0,39850.0,28396,0.0,0.0
2026-05-20 00:00:00+09:00,38550.0,39050.0,36150.0,38700.0,18138,0.0,0.0
2026-05-21 00:00:00+09:00,38850.0,40200.0,38550.0,39500.0,27334,0.0,0.0
2026-05-22 00:00:00+09:00,39650.0,41500.0,38450.0,40100.0,41522,0.0,0.0
2026-05-26 00:00:00+09:00,41000.0,44600.0,41000.0,43350.0,181678,0.0,0.0
2026-05-27 00:00:00+09:00,44300.0,44300.0,39200.0,39850.0,61660,0.0,0.0
2026-05-28 00:00:00+09:00,40650.0,51700.0,40600.0,47600.0,257570,0.0,0.0
2026-05-29 00:00:00+09:00,48650.0,49600.0,44000.0,45550.0,71575,0.0,0.0
2026-06-01 00:00:00+09:00,44950.0,47250.0,40500.0,45650.0,87306,0.0,0.0
2026-06-02 00:00:00+09:00,44500.0,44850.0,38250.0,42500.0,85998,0.0,0.0
2026-06-04 00:00:00+09:00,41950.0,44500.0,40350.0,40950.0,88892,0.0,0.0
2026-06-05 00:00:00+09:00,39250.0,42900.0,35800.0,41500.0,63322,0.0,0.0
2026-06-08 00:00:00+09:00,38800.0,39100.0,35200.0,35550.0,67578,0.0,0.0
2026-06-09 00:00:00+09:00,35550.0,40000.0,35200.0,38750.0,52883,0.0,0.0
2026-06-10 00:00:00+09:00,38300.0,39500.0,37150.0,38150.0,26763,0.0,0.0
2026-06-11 00:00:00+09:00,38000.0,40150.0,37000.0,39700.0,38945,0.0,0.0
2026-06-12 00:00:00+09:00,40000.0,43950.0,39450.0,42100.0,41511,0.0,0.0
2026-06-15 00:00:00+09:00,42200.0,43400.0,40800.0,41200.0,9154,0.0,0.0
2026-06-16 00:00:00+09:00,41000.0,41150.0,37400.0,37500.0,27772,0.0,0.0
2026-06-17 00:00:00+09:00,37200.0,37850.0,36100.0,37200.0,15408,0.0,0.0
2026-06-18 00:00:00+09:00,36850.0,36850.0,35500.0,35900.0,11452,0.0,0.0
2026-06-19 00:00:00+09:00,35950.0,36650.0,33850.0,34600.0,20342,0.0,0.0
2026-06-22 00:00:00+09:00,33900.0,36000.0,32600.0,33150.0,31269,0.0,0.0
2026-06-23 00:00:00+09:00,33150.0,33400.0,30550.0,30900.0,24505,0.0,0.0
2026-06-24 00:00:00+09:00,31300.0,32500.0,30000.0,30300.0,13355,0.0,0.0
2026-06-25 00:00:00+09:00,30950.0,31750.0,29500.0,30200.0,9582,0.0,0.0
2026-06-26 00:00:00+09:00,29500.0,30500.0,27900.0,28900.0,30692,0.0,0.0
2026-06-29 00:00:00+09:00,28850.0,31700.0,28400.0,31200.0,19276,0.0,0.0
2026-06-30 00:00:00+09:00,30300.0,32800.0,30300.0,32150.0,27232,0.0,0.0
2026-07-01 00:00:00+09:00,32350.0,33500.0,31250.0,33100.0,28604,0.0,0.0
2026-07-02 00:00:00+09:00,32050.0,32300.0,27800.0,28350.0,25955,0.0,0.0
2026-07-03 00:00:00+09:00,28800.0,29800.0,26800.0,29550.0,31529,0.0,0.0
2026-07-06 00:00:00+09:00,28900.0,29350.0,27200.0,27900.0,18385,0.0,0.0
2026-07-07 00:00:00+09:00,27000.0,29750.0,26250.0,27350.0,21027,0.0,0.0
2026-07-08 00:00:00+09:00,27450.0,28150.0,26000.0,27050.0,25560,0.0,0.0
2026-07-09 00:00:00+09:00,26400.0,28750.0,26400.0,26800.0,31615,0.0,0.0
2026-07-10 00:00:00+09:00,26600.0,29750.0,26600.0,29750.0,29747,0.0,0.0
2026-07-13 00:00:00+09:00,29100.0,29850.0,26600.0,27600.0,167399,0.0,0.0
2026-07-14 00:00:00+09:00,27550.0,29800.0,25950.0,29800.0,122316,0.0,0.0
2026-07-15 00:00:00+09:00,29850.0,32350.0,28750.0,31700.0,179554,0.0,0.0
2026-07-16 00:00:00+09:00,31050.0,31650.0,29700.0,30900.0,363596,0.0,0.0
2026-07-20 00:00:00+09:00,31000.0,31000.0,27200.0,27450.0,42596,0.0,0.0
2026-07-21 00:00:00+09:00,26700.0,26800.0,24450.0,25550.0,41132,0.0,0.0
2026-07-22 00:00:00+09:00,26350.0,27500.0,25400.0,25500.0,41133,0.0,0.0
2026-07-23 00:00:00+09:00,25300.0,27550.0,24700.0,27200.0,19096,0.0,0.0
2026-07-24 00:00:00+09:00,26550.0,26550.0,24550.0,25550.0,21709,0.0,0.0
2026-07-27 00:00:00+09:00,25850.0,25850.0,24800.0,25200.0,17717,0.0,0.0
2026-07-28 00:00:00+09:00,25000.0,25050.0,22950.0,22950.0,10153,0.0,0.0
2026-07-29 00:00:00+09:00,23000.0,23500.0,18800.0,20950.0,34070,0.0,0.0
2026-07-30 00:00:00+09:00,19600.0,21000.0,19470.0,19740.0,27311,0.0,0.0
2026-07-31 00:00:00+09:00,20300.0,21400.0,20200.0,21050.0,15385,0.0,0.0
2026-08-03 00:00:00+09:00,21250.0,22400.0,20700.0,21450.0,7035,0.0,0.0
2026-08-04 00:00:00+09:00,21950.0,22550.0,21100.0,21700.0,22037,0.0,0.0
2026-08-05 00:00:00+09:00,22200.0,24000.0,22100.0,23500.0,18525,0.0,0.0
2026-08-06 00:00:00+09:00,23350.0,23700.0,22450.0,22600.0,11126,0.0,0.0
2026-08-07 00:00:00+09:00,22500.0,23100.0,21700.0,22150.0,8896,0.0,0.0
2026-08-10 00:00:00+09:00,22650.0,23450.0,22450.0,23300.0,6346,0.0,0.0
2026-08-11 00:00:00+09:00,23600.0,23750.0,23050.0,23300.0,5701,0.0,0.0
2026-08-12 00:00:00+09:00,23300.0,23550.0,22900.0,23250.0,12849,0.0,0.0
2026-08-13 00:00:00+09:00,23550.0,24050.0,22950.0,23200.0,17992,0.0,0.0
2026-08-14 00:00:00+09:00,23900.0,25800.0,23100.0,25350.0,44626,0.0,0.0
2026-08-18 00:00:00+09:00,25300.0,27750.0,23500.0,26650.0,38848,0.0,0.0
2026-08-19 00:00:00+09:00,26650.0,26650.0,23750.0,23950.0,25480,0.0,0.0
2026-08-20 00:00:00+09:00,24350.0,24750.0,23850.0,24050.0,10154,0.0,0.0
2026-08-21 00:00:00+09:00,23900.0,23900.0,22250.0,22450.0,12054,0.0,0.0
2026-08-24 00:00:00+09:00,22200.0,22850.0,21400.0,21650.0,9593,0.0,0.0
2026-08-25 00:00:00+09:00,21650.0,22700.0,20350.0,22700.0,10913,0.0,0.0
2026-08-26 00:00:00+09:00,22800.0,23850.0,21900.0,23850.0,12827,0.0,0.0
2026-08-27 00:00:00+09:00,23850.0,28100.0,23650.0,26800.0,43139,0.0,0.0
2026-08-28 00:00:00+09:00,26650.0,27250.0,25500.0,25600.0,15577,0.0,0.0
2026-08-31 00:00:00+09:00,26200.0,26200.0,24550.0,26000.0,13721,0.0,0.0
2026-09-01 00:00:00+09:00,25500.0,26700.0,25100.0,26500.0,16989,0.0,0.0
2026-09-02 00:00:00+09:00,25850.0,25850.0,24300.0,25400.0,19858,0.0,0.0
2026-09-03 00:00:00+09:00,25400.0,25500.0,23550.0,23550.0,15536,0.0,0.0
2026-09-04 00:00:00+09:00,24000.0,24000.0,23200.0,23600.0,15299,0.0,0.0
2026-09-07 00:00:00+09:00,23900.0,24000.0,23000.0,23400.0,14086,0.0,0.0
2026-09-08 00:00:00+09:00,23650.0,23650.0,22500.0,22950.0,13500,0.0,0.0
2026-09-09 00:00:00+09:00,22800.0,23150.0,22550.0,22750.0,12282,0.0,0.0
2026-09-10 00:00:00+09:00,22550.0,24300.0,22150.0,22750.0,22711,0.0,0.0
2026-09-11 00:00:00+09:00,22600.0,22800.0,22200.0,22450.0,6820,0.0,0.0
