Date,Open,High,Low,Close,Volume,Dividends,Stock Splits
2021-07-27 00:00:00+09:00,51432.94921875,66862.8359375,51432.94921875,66862.8359375,26964,0.0,0.0
2021-07-28 00:00:00+09:00,86921.6796875,86921.6796875,86921.6796875,86921.6796875,10181,0.0,0.0
2021-07-29 00:00:00+09:00,112981.046875,112981.046875,108352.078125,112981.046875,1253795,0.0,0.0
2021-07-30 00:00:00+09:00,120010.2109375,122067.53125,107666.3046875,112981.046875,3478524,0.0,0.0
2021-08-02 00:00:00+09:00,117095.6796875,121210.3125,103208.78125,105780.4296875,1005158,0.0,0.0
2021-08-03 00:00:00+09:00,104580.328125,137497.421875,98579.8203125,137497.421875,5138286,0.0,0.0
2021-08-04 00:00:00+09:00,134754.328125,169728.734375,133725.671875,144698.03125,5002862,0.0,0.0
2021-08-05 00:00:00+09:00,145726.6875,153613.078125,140583.390625,145555.25,1283353,0.0,0.0
2021-08-06 00:00:00+09:00,145726.6875,146069.578125,139040.40625,140411.953125,428572,0.0,0.0
2021-08-09 00:00:00+09:00,138011.75,142126.375,134068.546875,137154.53125,387895,0.0,0.0
2021-08-10 00:00:00+09:00,135268.65625,135268.65625,126867.9375,127210.828125,335711,0.0,0.0
2021-08-11 00:00:00+09:00,128582.375,135954.421875,123781.9609375,126696.5,378464,0.0,0.0
2021-08-12 00:00:00+09:00,128410.9296875,135097.21875,124467.734375,135097.21875,538137,0.0,0.0
2021-08-13 00:00:00+09:00,133039.890625,133725.671875,125839.28125,128582.375,267748,0.0,0.0
2021-08-17 00:00:00+09:00,126696.5,127553.7109375,114181.1484375,120010.2109375,308342,0.0,0.0
2021-08-18 00:00:00+09:00,120010.2109375,127382.265625,116752.796875,127382.265625,288285,0.0,0.0
2021-08-19 00:00:00+09:00,127382.265625,132354.125,123781.9609375,129096.703125,399705,0.0,0.0
2021-08-20 00:00:00+09:00,127553.7109375,131154.015625,120181.65625,120695.984375,270829,0.0,0.0
2021-08-23 00:00:00+09:00,120695.984375,122581.859375,114181.1484375,115724.1328125,178796,0.0,0.0
2021-08-24 00:00:00+09:00,116409.90625,125153.5078125,111266.609375,114695.4765625,300812,0.0,0.0
2021-08-25 00:00:00+09:00,117438.5625,117438.5625,112295.2734375,112981.046875,110833,0.0,0.0
2021-08-26 00:00:00+09:00,112981.046875,114181.1484375,109895.0703125,111266.609375,97221,0.0,0.0
2021-08-27 00:00:00+09:00,107151.9765625,108866.40625,102180.125,104580.328125,898367,0.0,0.0
2021-08-30 00:00:00+09:00,104580.328125,107151.9765625,101151.46875,104237.4453125,286034,0.0,0.0
2021-08-31 00:00:00+09:00,104237.4453125,105951.875,102523.0078125,105437.546875,290090,0.0,0.0
2021-09-01 00:00:00+09:00,106809.09375,107151.9765625,102694.453125,104066.0,244827,0.0,0.0
2021-09-02 00:00:00+09:00,104237.4453125,104408.8828125,98579.8203125,99265.59375,225988,0.0,0.0
2021-09-03 00:00:00+09:00,99437.03125,102865.8984375,97894.046875,99094.1484375,204882,0.0,0.0
2021-09-06 00:00:00+09:00,99951.3671875,100294.25,97379.71875,97379.71875,98325,0.0,0.0
2021-09-07 00:00:00+09:00,97722.6015625,103551.671875,96351.0546875,102865.8984375,363014,0.0,0.0
2021-09-08 00:00:00+09:00,101151.46875,102523.0078125,97208.2734375,97894.046875,155159,0.0,0.0
2021-09-09 00:00:00+09:00,97036.828125,97208.2734375,90693.4296875,92579.3046875,167814,0.0,0.0
2021-09-10 00:00:00+09:00,92579.3046875,92922.1953125,87778.8984375,90179.1015625,132170,0.0,0.0
2021-09-13 00:00:00+09:00,90864.875,92407.8671875,86921.6796875,87264.5703125,83949,0.0,0.0
2021-09-14 00:00:00+09:00,87436.015625,89664.7734375,87093.125,87950.34375,69781,0.0,0.0
2021-09-15 00:00:00+09:00,88293.2265625,102180.125,86235.9140625,94979.515625,1223806,0.0,0.0
2021-09-16 00:00:00+09:00,96351.0546875,97036.828125,92064.9765625,93093.640625,184115,0.0,0.0
2021-09-17 00:00:00+09:00,93779.40625,93950.8515625,88979.0,90350.546875,125694,0.0,0.0
2021-09-23 00:00:00+09:00,88121.7890625,89321.890625,86921.6796875,87436.015625,96422,0.0,0.0
2021-09-24 00:00:00+09:00,88636.1171875,89493.328125,87093.125,87778.8984375,74971,0.0,0.0
2021-09-27 00:00:00+09:00,86921.6796875,87778.8984375,85893.0234375,86064.46875,64735,0.0,0.0
2021-09-28 00:00:00+09:00,85378.6953125,85550.140625,81349.78125,81435.5,147465,0.0,0.0
2021-09-29 00:00:00+09:00,79635.3515625,80492.5625,77406.5859375,79378.1875,109193,0.0,0.0
2021-09-30 00:00:00+09:00,79721.0703125,83235.65625,78778.1328125,80063.953125,137004,0.0,0.0
2021-10-01 00:00:00+09:00,79892.515625,92236.421875,79121.015625,82892.765625,776660,0.0,0.0
2021-10-05 00:00:00+09:00,82292.71875,82378.4375,77406.5859375,78692.4140625,139164,0.0,0.0
2021-10-06 00:00:00+09:00,79549.625,80835.453125,69348.7578125,69948.8125,195659,0.0,0.0
2021-10-07 00:00:00+09:00,70377.421875,74406.3359375,70377.421875,73291.953125,120422,0.0,0.0
2021-10-08 00:00:00+09:00,73549.1171875,74406.3359375,70377.421875,70720.3046875,79843,0.0,0.0
2021-10-12 00:00:00+09:00,70634.5859375,74834.9375,68062.9375,73120.5078125,109190,0.0,0.0
2021-10-13 00:00:00+09:00,73120.5078125,85378.6953125,72949.0625,77235.140625,579839,0.0,0.0
2021-10-14 00:00:00+09:00,77235.140625,90007.65625,76977.9765625,86407.3515625,911741,0.0,0.0
2021-10-15 00:00:00+09:00,88636.1171875,100808.578125,86407.3515625,93607.96875,1710621,0.0,0.0
2021-10-18 00:00:00+09:00,93779.40625,97208.2734375,92236.421875,94465.1796875,427912,0.0,0.0
2021-10-19 00:00:00+09:00,94808.0703125,97379.71875,90693.4296875,96865.3828125,376675,0.0,0.0
2021-10-20 00:00:00+09:00,96693.9453125,98236.9296875,93779.40625,93779.40625,285630,0.0,0.0
2021-10-21 00:00:00+09:00,94636.625,98922.703125,92579.3046875,92579.3046875,368036,0.0,0.0
2021-10-22 00:00:00+09:00,94293.7421875,113666.8203125,93950.8515625,107837.75,4050109,0.0,0.0
2021-10-25 00:00:00+09:00,107151.9765625,117095.6796875,107151.9765625,114524.03125,1962703,0.0,0.0
2021-10-26 00:00:00+09:00,112295.2734375,117610.0078125,108352.078125,116924.234375,1206351,0.0,0.0
2021-10-27 00:00:00+09:00,114009.703125,127896.6015625,113666.8203125,120010.2109375,1906303,0.0,0.0
2021-10-28 00:00:00+09:00,120010.2109375,126010.7265625,112466.7109375,115038.359375,928804,0.0,0.0
2021-10-29 00:00:00+09:00,116238.4609375,119838.7734375,110580.8359375,112638.15625,532225,0.0,0.0
2021-11-01 00:00:00+09:00,114866.921875,124810.625,108009.1953125,124296.2890625,793053,0.0,0.0
2021-11-02 00:00:00+09:00,122238.9765625,130296.8046875,119495.8828125,124124.8515625,980888,0.0,0.0
2021-11-03 00:00:00+09:00,124124.8515625,127382.265625,120181.65625,120353.1015625,372358,0.0,0.0
2021-11-04 00:00:00+09:00,121038.875,123439.078125,115895.578125,120181.65625,592000,0.0,0.0
2021-11-05 00:00:00+09:00,119667.328125,120181.65625,110580.8359375,114866.921875,600655,0.0,0.0
2021-11-08 00:00:00+09:00,113152.484375,117781.453125,112123.828125,116409.90625,309623,0.0,0.0
2021-11-09 00:00:00+09:00,120010.2109375,125324.953125,119838.7734375,121553.203125,1011028,0.0,0.0
2021-11-10 00:00:00+09:00,122753.3046875,125496.3984375,115552.6875,116924.234375,638315,0.0,0.0
2021-11-11 00:00:00+09:00,117610.0078125,120353.1015625,115552.6875,119324.4375,359981,0.0,0.0
2021-11-12 00:00:00+09:00,121553.203125,126867.9375,118295.78125,118295.78125,718330,0.0,0.0
2021-11-15 00:00:00+09:00,118124.3359375,130125.359375,115209.8046875,129782.4765625,1180608,0.0,0.0
2021-11-16 00:00:00+09:00,127896.6015625,137154.53125,126525.0546875,132182.671875,1646056,0.0,0.0
2021-11-17 00:00:00+09:00,135782.984375,170585.953125,135440.09375,159270.703125,3961225,0.0,0.0
2021-11-18 00:00:00+09:00,161156.578125,164585.4375,147612.5625,157899.15625,1278577,0.0,0.0
2021-11-19 00:00:00+09:00,153955.953125,156356.15625,148812.671875,150527.09375,500424,0.0,0.0
2021-11-22 00:00:00+09:00,149155.546875,152070.078125,127382.265625,128582.375,1015235,0.0,0.0
2021-11-23 00:00:00+09:00,125324.953125,130468.25,121038.875,121553.203125,585735,0.0,0.0
2021-11-24 00:00:00+09:00,121381.7578125,123439.078125,115209.8046875,122067.53125,453749,0.0,0.0
2021-11-25 00:00:00+09:00,122753.3046875,129782.4765625,122581.859375,123610.5234375,546420,0.0,0.0
2021-11-26 00:00:00+09:00,126010.7265625,127382.265625,119495.8828125,119495.8828125,289694,0.0,0.0
2021-11-29 00:00:00+09:00,114181.1484375,122924.75,111780.9453125,117438.5625,312443,0.0,0.0
2021-11-30 00:00:00+09:00,121381.7578125,126353.609375,117438.5625,119153.0,450569,0.0,0.0
2021-12-01 00:00:00+09:00,121038.875,122753.3046875,113495.375,118981.5546875,242668,0.0,0.0
2021-12-02 00:00:00+09:00,115381.25,117095.6796875,109380.734375,110237.953125,243658,0.0,0.0
2021-12-03 00:00:00+09:00,111609.5,115381.25,110752.28125,111952.3828125,147112,0.0,0.0
2021-12-06 00:00:00+09:00,109380.734375,111438.0546875,106466.203125,108009.1953125,116356,0.0,0.0
2021-12-07 00:00:00+09:00,109723.625,111952.3828125,103723.109375,104580.328125,180427,0.0,0.0
2021-12-08 00:00:00+09:00,106123.3203125,111438.0546875,105780.4296875,109037.8515625,185341,0.0,0.0
2021-12-09 00:00:00+09:00,111438.0546875,115895.578125,110580.8359375,115381.25,222265,0.0,0.0
2021-12-10 00:00:00+09:00,113152.484375,116581.3515625,111438.0546875,112809.6015625,147101,0.0,0.0
2021-12-13 00:00:00+09:00,114009.703125,115209.8046875,110237.953125,110923.7265625,138953,0.0,0.0
2021-12-14 00:00:00+09:00,110923.7265625,113152.484375,109380.734375,109895.0703125,94814,0.0,0.0
2021-12-15 00:00:00+09:00,110923.7265625,110923.7265625,107323.421875,108352.078125,77728,0.0,0.0
2021-12-16 00:00:00+09:00,109380.734375,114009.703125,108523.5234375,112638.15625,151120,0.0,0.0
2021-12-17 00:00:00+09:00,111438.0546875,113323.9296875,109723.625,110580.8359375,113753,0.0,0.0
2021-12-20 00:00:00+09:00,111780.9453125,116581.3515625,111095.171875,111095.171875,153891,0.0,0.0
2021-12-21 00:00:00+09:00,110409.3984375,111609.5,104580.328125,110752.28125,108265,0.0,0.0
2021-12-22 00:00:00+09:00,112638.15625,118124.3359375,111095.171875,115038.359375,356225,0.0,0.0
2021-12-23 00:00:00+09:00,117095.6796875,119153.0,115038.359375,115038.359375,159620,0.0,0.0
2021-12-24 00:00:00+09:00,116238.4609375,116409.90625,113495.375,115724.1328125,93076,0.0,0.0
2021-12-27 00:00:00+09:00,115895.578125,117267.125,111438.0546875,111438.0546875,97841,0.0,0.0
2021-12-28 00:00:00+09:00,110752.28125,112638.15625,108866.40625,110580.8359375,119884,0.0,0.0
2021-12-29 00:00:00+09:00,110923.7265625,113838.2578125,110580.8359375,111952.3828125,80209,0.0,0.0
2021-12-30 00:00:00+09:00,112123.828125,118638.671875,110752.28125,117095.6796875,213572,0.0,0.0
2022-01-04 00:00:00+09:00,118638.671875,123953.40625,117610.0078125,120353.1015625,409569,0.0,0.0
2022-01-05 00:00:00+09:00,118295.78125,118638.671875,113838.2578125,114009.703125,148440,0.0,0.0
2022-01-06 00:00:00+09:00,110066.5078125,112466.7109375,106294.7578125,106294.7578125,165414,0.0,0.0
2022-01-07 00:00:00+09:00,107837.75,111266.609375,107837.75,108180.6328125,66619,0.0,0.0
2022-01-10 00:00:00+09:00,107837.75,107837.75,102180.125,103551.671875,103153,0.0,0.0
2022-01-11 00:00:00+09:00,103551.671875,104751.7734375,96522.5,98751.2578125,117755,0.0,0.0
2022-01-12 00:00:00+09:00,100294.25,101151.46875,98579.8203125,98922.703125,56970,0.0,0.0
2022-01-13 00:00:00+09:00,99094.1484375,100980.0234375,98408.375,98751.2578125,44117,0.0,0.0
2022-01-14 00:00:00+09:00,96179.6171875,97208.2734375,94636.625,95322.3984375,59822,0.0,0.0
2022-01-17 00:00:00+09:00,94122.296875,94465.1796875,88979.0,90521.9921875,85601,0.0,0.0
2022-01-18 00:00:00+09:00,88807.5546875,93607.96875,87607.453125,87607.453125,80722,0.0,0.0
2022-01-19 00:00:00+09:00,86578.796875,93093.640625,86407.3515625,92064.9765625,109913,0.0,0.0
2022-01-20 00:00:00+09:00,93779.40625,100294.25,92750.75,100294.25,158688,0.0,0.0
2022-01-21 00:00:00+09:00,99265.59375,108180.6328125,97894.046875,105951.875,259217,0.0,0.0
2022-01-24 00:00:00+09:00,103208.78125,105608.984375,86407.3515625,91207.765625,400266,0.0,0.0
2022-01-25 00:00:00+09:00,91722.09375,92922.1953125,85292.9765625,85893.0234375,140463,0.0,0.0
2022-01-26 00:00:00+09:00,85893.0234375,87436.015625,83235.65625,83235.65625,93226,0.0,0.0
2022-01-27 00:00:00+09:00,79721.0703125,81349.78125,72949.0625,72949.0625,212174,0.0,0.0
2022-01-28 00:00:00+09:00,73463.3984375,75263.546875,69263.0390625,72691.8984375,160895,0.0,0.0
2022-02-03 00:00:00+09:00,73549.1171875,75606.4375,71834.6875,71834.6875,127008,0.0,0.0
2022-02-04 00:00:00+09:00,69948.8125,75006.3828125,69005.875,75006.3828125,143064,0.0,0.0
2022-02-07 00:00:00+09:00,75092.1015625,75949.3203125,70806.0234375,71834.6875,102827,0.0,0.0
2022-02-08 00:00:00+09:00,71834.6875,76806.5390625,71406.078125,74406.3359375,155755,0.0,0.0
2022-02-09 00:00:00+09:00,75606.4375,77320.8671875,74406.3359375,74920.6640625,75210,0.0,0.0
2022-02-10 00:00:00+09:00,76377.9296875,82892.765625,75263.546875,75263.546875,255573,0.0,0.0
2022-02-11 00:00:00+09:00,73892.0,76120.765625,72520.4609375,73720.5625,64939,0.0,0.0
2022-02-14 00:00:00+09:00,70977.46875,71834.6875,68577.265625,68577.265625,71363,0.0,0.0
2022-02-15 00:00:00+09:00,67891.4921875,69863.0859375,67034.2734375,67377.1640625,58632,0.0,0.0
2022-02-16 00:00:00+09:00,69263.0390625,71320.3515625,69177.3125,70120.25,53148,0.0,0.0
2022-02-17 00:00:00+09:00,69520.203125,73120.5078125,68577.265625,70291.6953125,90782,0.0,0.0
2022-02-18 00:00:00+09:00,68920.1484375,72006.125,68234.375,71406.078125,50624,0.0,0.0
2022-02-21 00:00:00+09:00,70377.421875,72520.4609375,69348.7578125,72006.125,42992,0.0,0.0
2022-02-22 00:00:00+09:00,72006.125,72006.125,72006.125,72006.125,0,0.0,0.0
2022-02-23 00:00:00+09:00,72006.125,72006.125,72006.125,72006.125,0,0.0,0.0
2022-02-24 00:00:00+09:00,71491.796875,72606.1796875,70034.53125,70034.53125,63790,0.0,0.0
2022-02-25 00:00:00+09:00,71438.9296875,72664.59375,70563.453125,71176.2890625,48358,0.0,0.0
2022-02-28 00:00:00+09:00,71176.2890625,71176.2890625,71176.2890625,71176.2890625,0,0.0,0.0
2022-03-02 00:00:00+09:00,74765.7421875,78530.296875,74765.7421875,77567.265625,72712,0.0,0.0
2022-03-03 00:00:00+09:00,77567.265625,78355.1953125,76341.6015625,77304.625,48029,0.0,0.0
2022-03-04 00:00:00+09:00,77304.625,77304.625,77304.625,77304.625,0,0.0,0.0
2022-03-07 00:00:00+09:00,73627.625,87022.421875,72489.5,79318.2265625,309326,0.0,0.0
2022-03-08 00:00:00+09:00,77217.078125,85884.3046875,75816.3125,85008.828125,366543,0.0,0.0
2022-03-10 00:00:00+09:00,85008.828125,85008.828125,85008.828125,85008.828125,0,0.0,0.0
2022-03-11 00:00:00+09:00,86146.9453125,89473.7578125,85796.75,86672.234375,89244,0.0,0.0
2022-03-14 00:00:00+09:00,86584.6796875,88072.9921875,84045.796875,86059.3984375,52574,0.0,0.0
2022-03-15 00:00:00+09:00,85971.8515625,86059.3984375,82995.2265625,83170.3203125,40026,0.0,0.0
2022-03-16 00:00:00+09:00,86672.234375,86672.234375,84220.8984375,84658.6328125,31661,0.0,0.0
2022-03-17 00:00:00+09:00,86759.78125,96127.3828125,86672.234375,92100.1875,485041,0.0,0.0
2022-03-18 00:00:00+09:00,92975.6640625,95076.8125,92625.4765625,93150.7578125,94209,0.0,0.0
2022-03-21 00:00:00+09:00,93150.7578125,93150.7578125,93150.7578125,93150.7578125,0,0.0,0.0
2022-03-22 00:00:00+09:00,90524.328125,93325.859375,88072.9921875,92275.28125,74619,0.0,0.0
2022-03-23 00:00:00+09:00,94376.4296875,95952.2890625,91925.09375,92100.1875,102729,0.0,0.0
2022-03-24 00:00:00+09:00,90349.234375,92100.1875,89473.7578125,91399.8046875,39080,0.0,0.0
2022-03-25 00:00:00+09:00,91574.90625,92275.28125,89823.9453125,90524.328125,44910,0.0,0.0
2022-03-28 00:00:00+09:00,89823.9453125,90524.328125,86234.4921875,86759.78125,60561,0.0,0.0
2022-03-29 00:00:00+09:00,88423.1875,89123.5703125,86934.875,87722.8046875,32478,0.0,0.0
2022-03-30 00:00:00+09:00,88423.1875,91574.90625,87722.8046875,88773.375,52450,0.0,0.0
2022-03-31 00:00:00+09:00,88248.0859375,88423.1875,87109.96875,87372.609375,29580,0.0,0.0
2022-04-01 00:00:00+09:00,86759.78125,86847.328125,84571.0859375,84571.0859375,40787,0.0,0.0
2022-04-04 00:00:00+09:00,84571.0859375,86322.0390625,83345.4140625,85884.3046875,33088,0.0,0.0
2022-04-05 00:00:00+09:00,87197.515625,89298.6640625,86497.1328125,87022.421875,61580,0.0,0.0
2022-04-06 00:00:00+09:00,86584.6796875,86584.6796875,85359.015625,85446.5625,20988,0.0,0.0
2022-04-07 00:00:00+09:00,84220.8984375,84483.5390625,82294.84375,82382.390625,42535,0.0,0.0
2022-04-08 00:00:00+09:00,83170.3203125,83783.15625,82119.75,82207.296875,16187,0.0,0.0
2022-04-11 00:00:00+09:00,82207.296875,82469.9375,80368.796875,80981.6328125,28126,0.0,0.0
2022-04-12 00:00:00+09:00,79843.5078125,80718.984375,78092.5546875,79493.3203125,23534,0.0,0.0
2022-04-13 00:00:00+09:00,79230.671875,81156.7265625,78705.390625,80806.53125,20640,0.0,0.0
2022-04-14 00:00:00+09:00,80894.0859375,82995.2265625,80894.0859375,82732.5859375,26420,0.0,0.0
2022-04-15 00:00:00+09:00,82119.75,83170.3203125,78792.9375,83170.3203125,58945,0.0,0.0
2022-04-18 00:00:00+09:00,88773.375,106633.109375,86497.1328125,92450.3828125,420223,0.0,2.0
2022-04-19 00:00:00+09:00,93851.140625,93851.140625,87722.8046875,88248.0859375,57452,0.0,0.0
2022-04-20 00:00:00+09:00,89648.8515625,89648.8515625,85446.5625,85446.5625,30546,0.0,0.0
2022-04-21 00:00:00+09:00,84395.9921875,86672.234375,83345.4140625,86672.234375,20733,0.0,0.0
2022-04-22 00:00:00+09:00,80543.890625,81594.4609375,78267.6484375,78442.75,99771,0.0,0.0
2022-04-25 00:00:00+09:00,76516.6953125,76691.7890625,72839.6953125,74240.453125,42117,0.0,0.0
2022-04-26 00:00:00+09:00,74765.7421875,76341.6015625,73540.078125,74065.359375,38473,0.0,0.0
2022-04-27 00:00:00+09:00,71263.8359375,76341.6015625,70563.453125,76341.6015625,23789,0.0,0.0
2022-04-28 00:00:00+09:00,76866.890625,79493.3203125,73890.265625,74065.359375,34957,0.0,0.0
2022-04-29 00:00:00+09:00,75991.4140625,78267.6484375,75115.9296875,75466.125,20212,0.0,0.0
2022-05-02 00:00:00+09:00,73189.8828125,74240.453125,72139.3125,73890.265625,11732,0.0,0.0
2022-05-03 00:00:00+09:00,74065.359375,75466.125,72489.5,73189.8828125,14972,0.0,0.0
2022-05-04 00:00:00+09:00,70213.2578125,71789.1171875,69337.78125,69337.78125,63970,0.0,0.0
2022-05-06 00:00:00+09:00,68287.2109375,68987.59375,65835.875,66010.96875,59842,0.0,0.0
2022-05-10 00:00:00+09:00,56205.62890625,56906.01171875,52703.71875,54104.484375,160347,0.0,0.0
2022-05-11 00:00:00+09:00,53229.0078125,54629.76953125,51653.1484375,52353.53125,83069,0.0,0.0
2022-05-12 00:00:00+09:00,50777.671875,53754.29296875,48501.4296875,49376.90625,112311,0.0,0.0
2022-05-13 00:00:00+09:00,49902.1953125,51127.86328125,49376.90625,50602.57421875,50777,0.0,0.0
2022-05-16 00:00:00+09:00,51653.1484375,53053.91015625,51302.95703125,51478.05078125,38728,0.0,0.0
2022-05-17 00:00:00+09:00,50777.671875,53053.91015625,50777.671875,52353.53125,40999,0.0,0.0
2022-05-18 00:00:00+09:00,52528.625,53579.1953125,52003.33984375,52003.33984375,28575,0.0,0.0
2022-05-19 00:00:00+09:00,49552.00390625,50952.765625,49376.90625,50777.671875,29499,0.0,0.0
2022-05-20 00:00:00+09:00,50952.765625,66010.96875,50777.671875,66010.96875,940537,0.0,0.0
2022-05-23 00:00:00+09:00,71438.9296875,74940.8359375,67236.640625,68637.40625,1138233,0.0,0.0
2022-05-24 00:00:00+09:00,69512.8828125,83520.515625,68637.40625,76866.890625,2614815,0.0,0.0
2022-05-25 00:00:00+09:00,74940.8359375,76691.7890625,71789.1171875,74240.453125,281072,0.0,0.0
2022-05-26 00:00:00+09:00,75816.3125,83170.3203125,74415.5546875,75115.9296875,912463,0.0,0.0
2022-05-27 00:00:00+09:00,80368.796875,84220.8984375,75115.9296875,77392.171875,449781,0.0,0.0
2022-05-30 00:00:00+09:00,79493.3203125,79668.4140625,76341.6015625,77041.984375,144728,0.0,0.0
2022-05-31 00:00:00+09:00,75466.125,76341.6015625,72489.5,73540.078125,143036,0.0,0.0
2022-06-02 00:00:00+09:00,72489.5,79318.2265625,72489.5,77917.4609375,493595,0.0,0.0
2022-06-03 00:00:00+09:00,80718.984375,89999.046875,79143.125,84045.796875,1748932,0.0,0.0
2022-06-07 00:00:00+09:00,81944.65625,82294.84375,76691.7890625,76691.7890625,266560,0.0,0.0
2022-06-08 00:00:00+09:00,76866.890625,77567.265625,73189.8828125,74240.453125,138913,0.0,0.0
2022-06-09 00:00:00+09:00,74765.7421875,77567.265625,73540.078125,73540.078125,147778,0.0,0.0
2022-06-10 00:00:00+09:00,72489.5,73364.9765625,70038.1640625,71964.21875,118058,0.0,0.0
2022-06-13 00:00:00+09:00,68287.2109375,69337.78125,64785.3046875,65135.49609375,135137,0.0,0.0
2022-06-14 00:00:00+09:00,63034.3515625,66711.3515625,62158.87109375,65835.875,144574,0.0,0.0
2022-06-15 00:00:00+09:00,64960.3984375,66186.0703125,60583.015625,60933.203125,106434,0.0,0.0
2022-06-16 00:00:00+09:00,63734.73046875,70913.640625,62333.96875,63734.73046875,413604,0.0,0.0
2022-06-17 00:00:00+09:00,61283.39453125,67061.546875,60232.82421875,66361.1640625,155561,0.0,0.0
2022-06-20 00:00:00+09:00,67761.9296875,69162.6875,65660.78125,67586.828125,173959,0.0,0.0
2022-06-21 00:00:00+09:00,67061.546875,72314.40625,67061.546875,68812.5,271201,0.0,0.0
2022-06-22 00:00:00+09:00,69687.9765625,70738.546875,62158.87109375,62158.87109375,152171,0.0,0.0
2022-06-23 00:00:00+09:00,62509.0625,64084.921875,56380.72265625,56380.72265625,139129,0.0,0.0
2022-06-24 00:00:00+09:00,57781.48828125,61108.30078125,57081.10546875,58306.7734375,100072,0.0,0.0
2022-06-27 00:00:00+09:00,59532.44140625,62158.87109375,58306.7734375,60583.015625,88571,0.0,0.0
2022-06-28 00:00:00+09:00,60057.7265625,61283.39453125,58131.6796875,60057.7265625,47179,0.0,0.0
2022-06-29 00:00:00+09:00,59532.44140625,63034.3515625,58832.05859375,61283.39453125,117505,0.0,0.0
2022-06-30 00:00:00+09:00,61808.68359375,61983.77734375,57781.48828125,57956.58203125,57307,0.0,0.0
2022-07-01 00:00:00+09:00,58131.6796875,60933.203125,56555.8203125,56906.01171875,73507,0.0,0.0
2022-07-04 00:00:00+09:00,57781.48828125,58481.8671875,53754.29296875,56030.53125,60883,0.0,0.0
2022-07-05 00:00:00+09:00,56555.8203125,58656.96484375,55855.4375,58131.6796875,65171,0.0,0.0
2022-07-06 00:00:00+09:00,60583.015625,64960.3984375,58656.96484375,61633.5859375,326405,0.0,0.0
2022-07-07 00:00:00+09:00,61633.5859375,62859.25390625,60583.015625,62509.0625,64466,0.0,0.0
2022-07-08 00:00:00+09:00,63909.828125,67586.828125,62333.96875,62509.0625,201035,0.0,0.0
2022-07-11 00:00:00+09:00,63384.5390625,64084.921875,61108.30078125,61283.39453125,64205,0.0,0.0
2022-07-12 00:00:00+09:00,60057.7265625,60407.91796875,57256.19921875,57781.48828125,80600,0.0,0.0
2022-07-13 00:00:00+09:00,58656.96484375,68287.2109375,58481.8671875,63034.3515625,805883,0.0,0.0
2022-07-14 00:00:00+09:00,62684.16015625,65660.78125,60407.91796875,64084.921875,177719,0.0,0.0
2022-07-15 00:00:00+09:00,64610.20703125,64785.3046875,60758.109375,63209.4453125,114299,0.0,0.0
2022-07-18 00:00:00+09:00,64785.3046875,66010.96875,63559.63671875,65485.68359375,111278,0.0,0.0
2022-07-19 00:00:00+09:00,64610.20703125,65310.58984375,63559.63671875,64610.20703125,63482,0.0,0.0
2022-07-20 00:00:00+09:00,66186.0703125,67411.734375,64610.20703125,64785.3046875,134004,0.0,0.0
2022-07-21 00:00:00+09:00,65835.875,69687.9765625,65485.68359375,66711.3515625,413292,0.0,0.0
2022-07-22 00:00:00+09:00,67061.546875,67061.546875,64435.11328125,64610.20703125,82312,0.0,0.0
2022-07-25 00:00:00+09:00,63034.3515625,64610.20703125,62158.87109375,62684.16015625,49575,0.0,0.0
2022-07-26 00:00:00+09:00,62158.87109375,63384.5390625,61633.5859375,62684.16015625,33595,0.0,0.0
2022-07-27 00:00:00+09:00,62509.0625,63034.3515625,61458.4921875,62333.96875,37791,0.0,0.0
2022-07-28 00:00:00+09:00,64435.11328125,64435.11328125,61983.77734375,62158.87109375,46167,0.0,0.0
2022-07-29 00:00:00+09:00,62859.25390625,64785.3046875,62158.87109375,63034.3515625,55876,0.0,0.0
2022-08-01 00:00:00+09:00,63034.3515625,64260.015625,61633.5859375,63909.828125,55635,0.0,0.0
2022-08-02 00:00:00+09:00,64260.015625,64435.11328125,61283.39453125,62333.96875,54154,0.0,0.0
2022-08-03 00:00:00+09:00,61983.77734375,65135.49609375,61458.4921875,65135.49609375,77717,0.0,0.0
2022-08-04 00:00:00+09:00,66886.4453125,69162.6875,65835.875,67236.640625,374647,0.0,0.0
2022-08-05 00:00:00+09:00,67761.9296875,68287.2109375,65485.68359375,67586.828125,101478,0.0,0.0
2022-08-08 00:00:00+09:00,68287.2109375,69512.8828125,66010.96875,68987.59375,132678,0.0,0.0
2022-08-09 00:00:00+09:00,68462.3046875,69512.8828125,66536.2578125,66886.4453125,100573,0.0,0.0
2022-08-10 00:00:00+09:00,66010.96875,66536.2578125,64610.20703125,65135.49609375,97914,0.0,0.0
2022-08-11 00:00:00+09:00,67061.546875,67236.640625,65660.78125,65660.78125,113883,0.0,0.0
2022-08-12 00:00:00+09:00,65660.78125,66010.96875,64084.921875,64785.3046875,47007,0.0,0.0
2022-08-16 00:00:00+09:00,65135.49609375,67586.828125,64785.3046875,67236.640625,107375,0.0,0.0
2022-08-17 00:00:00+09:00,67411.734375,67586.828125,65485.68359375,65485.68359375,53040,0.0,0.0
2022-08-18 00:00:00+09:00,64785.3046875,65310.58984375,62158.87109375,63209.4453125,74958,0.0,0.0
2022-08-19 00:00:00+09:00,63384.5390625,63734.73046875,62333.96875,62333.96875,30190,0.0,0.0
2022-08-22 00:00:00+09:00,60407.91796875,60583.015625,58832.05859375,58832.05859375,76668,0.0,0.0
2022-08-23 00:00:00+09:00,57256.19921875,59007.15625,57081.10546875,57431.296875,44617,0.0,0.0
2022-08-24 00:00:00+09:00,57431.296875,58481.8671875,56380.72265625,57081.10546875,36148,0.0,0.0
2022-08-25 00:00:00+09:00,57081.10546875,59007.15625,57081.10546875,59007.15625,35717,0.0,0.0
2022-08-26 00:00:00+09:00,59532.44140625,60407.91796875,57781.48828125,58131.6796875,50387,0.0,0.0
2022-08-29 00:00:00+09:00,55855.4375,57081.10546875,55330.15234375,56555.8203125,46625,0.0,0.0
2022-08-30 00:00:00+09:00,57431.296875,57606.390625,55855.4375,56555.8203125,39121,0.0,0.0
2022-08-31 00:00:00+09:00,55155.0546875,57256.19921875,54629.76953125,57081.10546875,32959,0.0,0.0
2022-09-01 00:00:00+09:00,56730.9140625,59182.25,55855.4375,57781.48828125,58705,0.0,0.0
2022-09-02 00:00:00+09:00,57956.58203125,60933.203125,57256.19921875,57956.58203125,95348,0.0,0.0
2022-09-05 00:00:00+09:00,56906.01171875,58306.7734375,55505.24609375,55680.34375,34036,0.0,0.0
2022-09-06 00:00:00+09:00,55680.34375,60933.203125,55680.34375,58832.05859375,130487,0.0,0.0
2022-09-07 00:00:00+09:00,59532.44140625,62158.87109375,59182.25,60933.203125,184720,0.0,0.0
2022-09-08 00:00:00+09:00,61983.77734375,62859.25390625,60583.015625,60758.109375,106296,0.0,0.0
2022-09-13 00:00:00+09:00,61808.68359375,62684.16015625,60933.203125,61633.5859375,49805,0.0,0.0
2022-09-14 00:00:00+09:00,59182.25,60057.7265625,57606.390625,60057.7265625,70344,0.0,0.0
2022-09-15 00:00:00+09:00,61458.4921875,61808.68359375,58656.96484375,58832.05859375,55411,0.0,0.0
2022-09-16 00:00:00+09:00,58832.05859375,61283.39453125,58481.8671875,59532.44140625,82008,0.0,0.0
2022-09-19 00:00:00+09:00,59707.53515625,59882.6328125,55330.15234375,55855.4375,67745,0.0,0.0
2022-09-20 00:00:00+09:00,55855.4375,56906.01171875,55330.15234375,55680.34375,49860,0.0,0.0
2022-09-21 00:00:00+09:00,54454.67578125,55680.34375,53404.1015625,54454.67578125,46306,0.0,0.0
2022-09-22 00:00:00+09:00,53754.29296875,53754.29296875,51127.86328125,52528.625,62613,0.0,0.0
2022-09-23 00:00:00+09:00,53053.91015625,55680.34375,51828.2421875,52703.71875,75906,0.0,0.0
2022-09-26 00:00:00+09:00,50952.765625,51478.05078125,48501.4296875,48676.52734375,63377,0.0,0.0
2022-09-27 00:00:00+09:00,47976.14453125,49201.8125,45875.0,47625.953125,68155,0.0,0.0
2022-09-28 00:00:00+09:00,47275.76171875,47625.953125,43423.6640625,44124.04296875,60918,0.0,0.0
2022-09-29 00:00:00+09:00,44999.5234375,46400.28515625,42723.28125,42723.28125,45389,0.0,0.0
2022-09-30 00:00:00+09:00,41672.70703125,44474.234375,41672.70703125,43248.56640625,61064,0.0,0.0
2022-10-04 00:00:00+09:00,44474.234375,46400.28515625,44299.140625,45699.90234375,61414,0.0,0.0
2022-10-05 00:00:00+09:00,46400.28515625,47100.66796875,43948.94921875,43948.94921875,41298,0.0,0.0
2022-10-06 00:00:00+09:00,44124.04296875,46225.19140625,44124.04296875,45875.0,42582,0.0,0.0
2022-10-07 00:00:00+09:00,46400.28515625,47100.66796875,44824.42578125,45174.6171875,34770,0.0,0.0
2022-10-11 00:00:00+09:00,43948.94921875,43948.94921875,40797.23046875,41147.421875,60483,0.0,0.0
2022-10-12 00:00:00+09:00,40797.23046875,41147.421875,39396.46875,40622.13671875,45882,0.0,0.0
2022-10-13 00:00:00+09:00,39921.75390625,40622.13671875,37295.32421875,37295.32421875,62135,0.0,0.0
2022-10-14 00:00:00+09:00,38345.89453125,40096.8515625,38345.89453125,39396.46875,42103,0.0,0.0
2022-10-17 00:00:00+09:00,37820.609375,42373.08984375,37470.41796875,41322.51953125,46978,0.0,0.0
2022-10-18 00:00:00+09:00,47450.859375,49026.71484375,42373.08984375,42548.1875,311381,0.0,0.0
2022-10-19 00:00:00+09:00,43248.56640625,44649.33203125,41672.70703125,41847.8046875,99019,0.0,0.0
2022-10-20 00:00:00+09:00,41147.421875,42548.1875,41147.421875,42022.8984375,32325,0.0,0.0
2022-10-21 00:00:00+09:00,41847.8046875,41847.8046875,40271.9453125,40622.13671875,29011,0.0,0.0
2022-10-24 00:00:00+09:00,41497.61328125,42548.1875,38170.80078125,38520.9921875,110750,0.0,0.0
2022-10-25 00:00:00+09:00,38871.18359375,39396.46875,37995.70703125,38520.9921875,63376,0.0,0.0
2022-10-26 00:00:00+09:00,39046.27734375,39046.27734375,37470.41796875,37470.41796875,48265,0.0,0.0
2022-10-27 00:00:00+09:00,36945.1328125,38520.9921875,36945.1328125,37995.70703125,43451,0.0,0.0
2022-10-28 00:00:00+09:00,37295.32421875,37470.41796875,35894.55859375,37120.2265625,52549,0.0,0.0
2022-10-31 00:00:00+09:00,37645.515625,37995.70703125,36770.0390625,37295.32421875,32349,0.0,0.0
2022-11-01 00:00:00+09:00,36945.1328125,37820.609375,36770.0390625,37470.41796875,50252,0.0,0.0
2022-11-02 00:00:00+09:00,37645.515625,38345.89453125,36770.0390625,38170.80078125,75010,0.0,0.0
2022-11-03 00:00:00+09:00,36770.0390625,37470.41796875,36594.94140625,37120.2265625,70729,0.0,0.0
2022-11-04 00:00:00+09:00,39396.46875,40271.9453125,37470.41796875,37470.41796875,291828,0.0,0.0
2022-11-07 00:00:00+09:00,37820.609375,37820.609375,36945.1328125,37295.32421875,63290,0.0,0.0
2022-11-08 00:00:00+09:00,38170.80078125,39571.5625,37645.515625,38871.18359375,136114,0.0,0.0
2022-11-09 00:00:00+09:00,38170.80078125,39396.46875,37995.70703125,38520.9921875,84335,0.0,0.0
2022-11-10 00:00:00+09:00,37995.70703125,39221.375,37820.609375,37995.70703125,59793,0.0,0.0
2022-11-11 00:00:00+09:00,40096.8515625,41322.51953125,39221.375,40622.13671875,284715,0.0,0.0
2022-11-14 00:00:00+09:00,41322.51953125,42548.1875,39396.46875,39746.66015625,238974,0.0,0.0
2022-11-15 00:00:00+09:00,39921.75390625,41672.70703125,39746.66015625,41497.61328125,94965,0.0,0.0
2022-11-16 00:00:00+09:00,41672.70703125,41672.70703125,39921.75390625,40797.23046875,80881,0.0,0.0
2022-11-17 00:00:00+09:00,40622.13671875,40972.328125,39746.66015625,40972.328125,56909,0.0,0.0
2022-11-18 00:00:00+09:00,40622.13671875,41672.70703125,39396.46875,39396.46875,84970,0.0,0.0
2022-11-21 00:00:00+09:00,39571.5625,40096.8515625,37120.2265625,37295.32421875,97225,0.0,0.0
2022-11-22 00:00:00+09:00,36945.1328125,38520.9921875,36945.1328125,37645.515625,57309,0.0,0.0
2022-11-23 00:00:00+09:00,38345.89453125,39221.375,38170.80078125,38696.0859375,54913,0.0,0.0
2022-11-24 00:00:00+09:00,39221.375,43423.6640625,39221.375,42373.08984375,521561,0.0,0.0
2022-11-25 00:00:00+09:00,42373.08984375,44824.42578125,40972.328125,41322.51953125,318314,0.0,0.0
2022-11-28 00:00:00+09:00,40972.328125,44649.33203125,40622.13671875,42373.08984375,242368,0.0,0.0
2022-11-29 00:00:00+09:00,42022.8984375,45875.0,41497.61328125,45174.6171875,221209,0.0,0.0
2022-11-30 00:00:00+09:00,45174.6171875,45875.0,44124.04296875,44999.5234375,166363,0.0,0.0
2022-12-01 00:00:00+09:00,46750.4765625,49026.71484375,45875.0,47801.046875,395112,0.0,0.0
2022-12-02 00:00:00+09:00,47976.14453125,50777.671875,46925.5703125,48676.52734375,285691,0.0,0.0
2022-12-05 00:00:00+09:00,48676.52734375,48676.52734375,43773.85546875,44124.04296875,334082,0.0,0.0
2022-12-06 00:00:00+09:00,43248.56640625,44474.234375,42548.1875,43073.47265625,103797,0.0,0.0
2022-12-07 00:00:00+09:00,42022.8984375,44124.04296875,42022.8984375,42723.28125,73469,0.0,0.0
2022-12-08 00:00:00+09:00,42898.375,44299.140625,41497.61328125,43773.85546875,114656,0.0,0.0
2022-12-09 00:00:00+09:00,45174.6171875,45349.7109375,43773.85546875,43773.85546875,110323,0.0,0.0
2022-12-12 00:00:00+09:00,44299.140625,44299.140625,42373.08984375,42548.1875,69963,0.0,0.0
2022-12-13 00:00:00+09:00,43073.47265625,43248.56640625,40622.13671875,41147.421875,69342,0.0,0.0
2022-12-14 00:00:00+09:00,41672.70703125,43248.56640625,41322.51953125,43073.47265625,64875,0.0,0.0
2022-12-15 00:00:00+09:00,42723.28125,43598.7578125,41497.61328125,41672.70703125,51334,0.0,0.0
2022-12-16 00:00:00+09:00,40622.13671875,41497.61328125,40271.9453125,40622.13671875,48922,0.0,0.0
2022-12-19 00:00:00+09:00,40447.04296875,41497.61328125,40271.9453125,40972.328125,33159,0.0,0.0
2022-12-20 00:00:00+09:00,40271.9453125,40447.04296875,37820.609375,37995.70703125,108655,0.0,0.0
2022-12-21 00:00:00+09:00,38696.0859375,38871.18359375,37820.609375,37995.70703125,37044,0.0,0.0
2022-12-22 00:00:00+09:00,38345.89453125,38696.0859375,37820.609375,37995.70703125,27800,0.0,0.0
2022-12-23 00:00:00+09:00,36945.1328125,37295.32421875,36244.75,36419.84765625,45630,0.0,0.0
2022-12-26 00:00:00+09:00,36419.84765625,37295.32421875,35719.46484375,36770.0390625,33290,0.0,0.0
2022-12-27 00:00:00+09:00,37120.2265625,39571.5625,37120.2265625,39221.375,125041,0.0,0.0
2022-12-28 00:00:00+09:00,40797.23046875,42197.99609375,39571.5625,40447.04296875,216527,0.0,0.0
2022-12-29 00:00:00+09:00,40797.23046875,42898.375,40096.8515625,42548.1875,169594,0.0,0.0
2023-01-02 00:00:00+09:00,43598.7578125,43598.7578125,38696.0859375,39221.375,171783,0.0,0.0
2023-01-03 00:00:00+09:00,39046.27734375,40797.23046875,37995.70703125,40447.04296875,78570,0.0,0.0
2023-01-04 00:00:00+09:00,39571.5625,47275.76171875,39571.5625,44299.140625,1496457,0.0,0.0
2023-01-05 00:00:00+09:00,44649.33203125,44824.42578125,43598.7578125,44649.33203125,259085,0.0,0.0
2023-01-06 00:00:00+09:00,43248.56640625,43773.85546875,41672.70703125,42548.1875,200255,0.0,0.0
2023-01-09 00:00:00+09:00,43248.56640625,44824.42578125,43073.47265625,44299.140625,216340,0.0,0.0
2023-01-10 00:00:00+09:00,44299.140625,44474.234375,42373.08984375,42898.375,137723,0.0,0.0
2023-01-11 00:00:00+09:00,43423.6640625,45174.6171875,43248.56640625,43598.7578125,164857,0.0,0.0
2023-01-12 00:00:00+09:00,43948.94921875,44124.04296875,42548.1875,42723.28125,60785,0.0,0.0
2023-01-13 00:00:00+09:00,43073.47265625,43598.7578125,42548.1875,42723.28125,57570,0.0,0.0
2023-01-16 00:00:00+09:00,42898.375,45875.0,42898.375,45349.7109375,325090,0.0,0.0
2023-01-17 00:00:00+09:00,46050.09375,50777.671875,44999.5234375,50777.671875,1090410,0.0,0.0
2023-01-18 00:00:00+09:00,55155.0546875,60583.015625,51302.95703125,52703.71875,1803163,0.0,0.0
2023-01-19 00:00:00+09:00,51478.05078125,53579.1953125,50252.3828125,51302.95703125,424574,0.0,0.0
2023-01-20 00:00:00+09:00,52528.625,55855.4375,51478.05078125,53229.0078125,804664,0.0,0.0
2023-01-25 00:00:00+09:00,53859.3515625,57466.31640625,52633.68359375,55680.34375,10841,0.0,0.0
2023-01-26 00:00:00+09:00,54979.9609375,55260.11328125,50777.671875,56310.6875,5862,0.0,0.0
2023-01-27 00:00:00+09:00,52178.43359375,52843.796875,51127.86328125,52353.53125,1950,0.0,0.0
2023-01-30 00:00:00+09:00,52388.546875,53474.140625,50602.57421875,52598.6640625,3844,0.0,0.0
2023-01-31 00:00:00+09:00,50497.51953125,50987.78515625,49131.7734375,49692.078125,3006,0.0,0.0
2023-02-01 00:00:00+09:00,50497.51953125,57571.37109375,49692.078125,54839.8828125,11274,0.0,0.0
2023-02-02 00:00:00+09:00,60793.12890625,61983.77734375,57921.5625,58516.88671875,12197,0.0,0.0
2023-02-03 00:00:00+09:00,59882.6328125,61808.68359375,58376.8125,58937.1171875,9763,0.0,0.0
2023-02-06 00:00:00+09:00,58832.05859375,60162.78515625,56135.58984375,56380.72265625,6617,0.0,0.0
2023-02-07 00:00:00+09:00,56906.01171875,59987.6875,55120.03515625,57711.44921875,2186,0.0,0.0
2023-02-08 00:00:00+09:00,57956.58203125,59357.34765625,56450.76171875,57536.35546875,2125,0.0,0.0
2023-02-09 00:00:00+09:00,55680.34375,56345.703125,55295.1328125,56590.83984375,3820,0.0,0.0
2023-02-10 00:00:00+09:00,55680.34375,55680.34375,52878.81640625,55680.34375,1872,0.0,0.0
2023-02-13 00:00:00+09:00,53299.04296875,54629.76953125,51302.95703125,53929.38671875,3009,0.0,0.0
2023-02-14 00:00:00+09:00,54804.86328125,54944.94140625,52703.71875,52703.71875,1969,0.0,0.0
2023-02-15 00:00:00+09:00,52703.71875,53229.0078125,48746.5625,49061.734375,1903,0.0,0.0
2023-02-16 00:00:00+09:00,53404.1015625,53404.1015625,50812.69140625,51688.16796875,1987,0.0,0.0
2023-02-17 00:00:00+09:00,50217.3671875,51443.03125,49587.0234375,49902.1953125,685,0.0,0.0
2023-02-20 00:00:00+09:00,50217.3671875,52353.53125,50077.2890625,51478.05078125,1466,0.0,0.0
2023-02-21 00:00:00+09:00,51513.0703125,52178.43359375,50952.765625,51057.82421875,760,0.0,0.0
2023-02-22 00:00:00+09:00,49902.1953125,50742.65234375,49026.71484375,49446.9453125,1499,0.0,0.0
2023-02-23 00:00:00+09:00,49867.17578125,52878.81640625,49622.0390625,52423.56640625,2227,0.0,0.0
2023-02-24 00:00:00+09:00,53894.3671875,54909.921875,52458.5859375,54209.5390625,7025,0.0,0.0
2023-02-27 00:00:00+09:00,55190.07421875,55855.4375,53754.29296875,54314.59765625,195059,0.0,0.0
2023-02-28 00:00:00+09:00,54909.921875,56941.02734375,54314.59765625,55330.15234375,281585,0.0,0.0
2023-03-02 00:00:00+09:00,55505.24609375,55540.265625,52598.6640625,53053.91015625,122018,0.0,0.0
2023-03-03 00:00:00+09:00,52703.71875,55680.34375,51723.1875,52843.796875,205851,0.0,0.0
2023-03-06 00:00:00+09:00,53193.98828125,54104.484375,52563.64453125,53509.16015625,83361,0.0,0.0
2023-03-07 00:00:00+09:00,53439.12109375,53474.140625,51513.0703125,51513.0703125,82417,0.0,0.0
2023-03-08 00:00:00+09:00,51022.8046875,51022.8046875,50077.2890625,50322.421875,61652,0.0,0.0
2023-03-09 00:00:00+09:00,50182.34765625,50777.671875,48886.640625,49762.1171875,63240,0.0,0.0
2023-03-10 00:00:00+09:00,48991.69921875,49341.88671875,47976.14453125,48221.27734375,55326,0.0,0.0
2023-03-13 00:00:00+09:00,47275.76171875,47836.06640625,45629.8671875,46890.55078125,73942,0.0,0.0
2023-03-14 00:00:00+09:00,46750.4765625,46890.55078125,44194.08203125,44299.140625,61678,0.0,0.0
2023-03-15 00:00:00+09:00,45524.80859375,46505.34375,44018.98828125,44334.16015625,46926,0.0,0.0
2023-03-16 00:00:00+09:00,43738.8359375,45034.5390625,42618.22265625,44194.08203125,52955,0.0,0.0
2023-03-17 00:00:00+09:00,45174.6171875,46750.4765625,44859.4453125,46470.32421875,62189,0.0,0.0
2023-03-20 00:00:00+09:00,46225.19140625,46715.45703125,45489.7890625,46015.07421875,42031,0.0,0.0
2023-03-21 00:00:00+09:00,46330.24609375,46855.53515625,45384.73046875,45384.73046875,42335,0.0,0.0
2023-03-22 00:00:00+09:00,46295.2265625,47906.10546875,45875.0,47660.97265625,77661,0.0,0.0
2023-03-23 00:00:00+09:00,47135.6875,47450.859375,45769.94140625,45910.01953125,63661,0.0,0.0
2023-03-24 00:00:00+09:00,46540.36328125,46785.49609375,43423.6640625,45980.0546875,64698,0.0,0.0
2023-03-27 00:00:00+09:00,46015.07421875,46015.07421875,44404.19921875,44789.40625,47393,0.0,0.0
2023-03-28 00:00:00+09:00,44614.3125,48571.46875,44509.25390625,47731.01171875,165595,0.0,0.0
2023-03-29 00:00:00+09:00,48221.27734375,48221.27734375,46610.3984375,47660.97265625,58969,0.0,0.0
2023-03-30 00:00:00+09:00,47976.14453125,48326.3359375,46120.1328125,46365.265625,72261,0.0,0.0
2023-03-31 00:00:00+09:00,46085.11328125,46225.19140625,44579.29296875,44929.484375,71990,0.0,0.0
2023-04-03 00:00:00+09:00,44929.484375,44999.5234375,43038.453125,43353.625,78430,0.0,0.0
2023-04-04 00:00:00+09:00,42863.359375,44194.08203125,42863.359375,43598.7578125,50528,0.0,0.0
2023-04-05 00:00:00+09:00,43703.81640625,44509.25390625,43668.796875,43878.91015625,38685,0.0,0.0
2023-04-06 00:00:00+09:00,43668.796875,43668.796875,42197.99609375,42268.03515625,59245,0.0,0.0
2023-04-07 00:00:00+09:00,42303.05078125,42758.30078125,41392.5546875,41812.78515625,47982,0.0,0.0
2023-04-10 00:00:00+09:00,41672.70703125,41742.74609375,39921.75390625,40377.00390625,78431,0.0,0.0
2023-04-11 00:00:00+09:00,40271.9453125,41007.34765625,39536.54296875,40587.1171875,47682,0.0,0.0
2023-04-12 00:00:00+09:00,40552.09765625,40972.328125,39746.66015625,39991.79296875,51081,0.0,0.0
2023-04-13 00:00:00+09:00,40026.8125,42373.08984375,39606.58203125,41987.87890625,100926,0.0,0.0
2023-04-14 00:00:00+09:00,42057.91796875,43178.53125,41357.5390625,42268.03515625,68247,0.0,0.0
2023-04-17 00:00:00+09:00,42092.9375,42197.99609375,41042.3671875,41497.61328125,47423,0.0,0.0
2023-04-18 00:00:00+09:00,41112.40234375,41287.5,40482.05859375,40657.15625,66683,0.0,0.0
2023-04-19 00:00:00+09:00,46505.34375,48046.18359375,42197.99609375,42408.109375,695358,0.0,0.0
2023-04-20 00:00:00+09:00,42548.1875,42793.3203125,41042.3671875,41077.3828125,89459,0.0,0.0
2023-04-21 00:00:00+09:00,40972.328125,41147.421875,39991.79296875,40236.92578125,56346,0.0,0.0
2023-04-24 00:00:00+09:00,39781.6796875,41462.59375,39711.640625,41427.57421875,68006,0.0,0.0
2023-04-25 00:00:00+09:00,41042.3671875,41672.70703125,39886.734375,40412.0234375,41447,0.0,0.0
2023-04-26 00:00:00+09:00,40271.9453125,40622.13671875,39221.375,39921.75390625,37584,0.0,0.0
2023-04-27 00:00:00+09:00,41112.40234375,41322.51953125,39746.66015625,39921.75390625,33368,0.0,0.0
2023-04-28 00:00:00+09:00,40937.30859375,41882.82421875,39746.66015625,39816.69921875,82494,0.0,0.0
2023-05-02 00:00:00+09:00,39991.79296875,40341.984375,39606.58203125,40166.88671875,27842,0.0,0.0
2023-05-03 00:00:00+09:00,39676.62109375,40517.078125,39676.62109375,39676.62109375,28960,0.0,0.0
2023-05-04 00:00:00+09:00,39571.5625,39606.58203125,38976.23828125,39221.375,30985,0.0,0.0
2023-05-08 00:00:00+09:00,39326.4296875,40026.8125,39151.3359375,39221.375,26724,0.0,0.0
2023-05-09 00:00:00+09:00,38766.125,39116.31640625,38170.80078125,38345.89453125,36486,0.0,0.0
2023-05-10 00:00:00+09:00,38345.89453125,38871.18359375,38100.76171875,38275.859375,16287,0.0,0.0
2023-05-11 00:00:00+09:00,38310.87890625,38976.23828125,37995.70703125,38205.8203125,20639,0.0,0.0
2023-05-12 00:00:00+09:00,38205.8203125,38485.97265625,37540.45703125,37750.5703125,23822,0.0,0.0
2023-05-15 00:00:00+09:00,37750.5703125,37750.5703125,36770.0390625,36875.09375,29451,0.0,0.0
2023-05-16 00:00:00+09:00,36770.0390625,38731.10546875,36594.94140625,36805.0546875,40606,0.0,0.0
2023-05-17 00:00:00+09:00,36524.90234375,37785.58984375,36454.8671875,37575.4765625,21112,0.0,0.0
2023-05-18 00:00:00+09:00,38520.9921875,39536.54296875,37890.6484375,38520.9921875,41133,0.0,0.0
2023-05-19 00:00:00+09:00,39396.46875,39746.66015625,38556.01171875,39116.31640625,32830,0.0,0.0
2023-05-22 00:00:00+09:00,38626.046875,40377.00390625,38556.01171875,39606.58203125,29834,0.0,0.0
2023-05-23 00:00:00+09:00,39221.375,39851.71484375,39221.375,39746.66015625,23835,0.0,0.0
2023-05-24 00:00:00+09:00,39641.6015625,39641.6015625,38801.14453125,38941.21875,21788,0.0,0.0
2023-05-25 00:00:00+09:00,38626.046875,39676.62109375,38626.046875,38696.0859375,18969,0.0,0.0
2023-05-26 00:00:00+09:00,39536.54296875,39536.54296875,38345.89453125,38415.93359375,26374,0.0,0.0
2023-05-30 00:00:00+09:00,38450.953125,39396.46875,38450.953125,39221.375,26020,0.0,0.0
2023-05-31 00:00:00+09:00,39221.375,40096.8515625,38906.203125,39571.5625,33981,0.0,0.0
2023-06-01 00:00:00+09:00,39221.375,40622.13671875,39221.375,40096.8515625,45769,0.0,0.0
2023-06-02 00:00:00+09:00,41427.57421875,41637.69140625,39606.58203125,40271.9453125,71015,0.0,0.0
2023-06-05 00:00:00+09:00,40447.04296875,44159.0625,40306.96484375,42618.22265625,320544,0.0,0.0
2023-06-07 00:00:00+09:00,43108.4921875,43318.60546875,41182.44140625,41812.78515625,115176,0.0,0.0
2023-06-08 00:00:00+09:00,41077.3828125,41322.51953125,40061.83203125,40096.8515625,60202,0.0,0.0
2023-06-09 00:00:00+09:00,40271.9453125,40937.30859375,39921.75390625,39921.75390625,43869,0.0,0.0
2023-06-12 00:00:00+09:00,39851.71484375,40412.0234375,39396.46875,39501.52734375,39145,0.0,0.0
2023-06-13 00:00:00+09:00,39571.5625,40061.83203125,39396.46875,39466.5078125,28451,0.0,0.0
2023-06-14 00:00:00+09:00,39921.75390625,39921.75390625,38030.72265625,38345.89453125,48155,0.0,0.0
2023-06-15 00:00:00+09:00,38556.01171875,39011.2578125,37855.62890625,37890.6484375,23469,0.0,0.0
2023-06-16 00:00:00+09:00,38380.9140625,38836.1640625,37540.45703125,37540.45703125,48194,0.0,0.0
2023-06-19 00:00:00+09:00,37575.4765625,37610.49609375,36875.09375,37330.34375,25911,0.0,0.0
2023-06-20 00:00:00+09:00,37015.171875,38100.76171875,37015.171875,37295.32421875,24400,0.0,0.0
2023-06-21 00:00:00+09:00,37295.32421875,37680.53515625,36594.94140625,36700.0,31114,0.0,0.0
2023-06-22 00:00:00+09:00,36174.71484375,37015.171875,36069.65625,36664.98046875,23291,0.0,0.0
2023-06-23 00:00:00+09:00,36700.0,36700.0,36069.65625,36139.6953125,22013,0.0,0.0
2023-06-26 00:00:00+09:00,35964.59765625,36594.94140625,35894.55859375,36454.8671875,17379,0.0,0.0
2023-06-27 00:00:00+09:00,36174.71484375,36559.921875,35894.55859375,36489.8828125,20997,0.0,0.0
2023-06-28 00:00:00+09:00,37015.171875,37645.515625,36244.75,37645.515625,50337,0.0,0.0
2023-06-29 00:00:00+09:00,37680.53515625,37680.53515625,36419.84765625,36594.94140625,37356,0.0,0.0
2023-06-30 00:00:00+09:00,36770.0390625,36980.15234375,36209.73046875,36524.90234375,25116,0.0,0.0
2023-07-03 00:00:00+09:00,36524.90234375,37330.34375,36384.828125,36594.94140625,26414,0.0,0.0
2023-07-04 00:00:00+09:00,36419.84765625,36489.8828125,35999.6171875,36209.73046875,19961,0.0,0.0
2023-07-05 00:00:00+09:00,36069.65625,36629.9609375,35999.6171875,36104.67578125,19677,0.0,0.0
2023-07-06 00:00:00+09:00,36069.65625,36875.09375,33443.22265625,33723.37890625,103320,0.0,0.0
2023-07-07 00:00:00+09:00,33268.12890625,33583.30078125,31727.2890625,32042.4609375,91675,0.0,0.0
2023-07-10 00:00:00+09:00,31587.212890625,32357.6328125,31342.080078125,31832.345703125,33862,0.0,0.0
2023-07-11 00:00:00+09:00,31832.345703125,32742.841796875,31517.17578125,32042.4609375,24001,0.0,0.0
2023-07-12 00:00:00+09:00,31902.384765625,32532.728515625,31867.365234375,32252.576171875,21098,0.0,0.0
2023-07-13 00:00:00+09:00,32287.59375,35299.234375,32287.59375,34073.56640625,86282,0.0,0.0
2023-07-14 00:00:00+09:00,33723.37890625,34003.53125,32882.91796875,32987.9765625,31229,0.0,0.0
2023-07-17 00:00:00+09:00,32987.9765625,33338.16796875,32252.576171875,33022.99609375,26480,0.0,0.0
2023-07-18 00:00:00+09:00,32917.9375,33338.16796875,31657.251953125,31762.30859375,42025,0.0,0.0
2023-07-19 00:00:00+09:00,31867.365234375,32042.4609375,31237.021484375,31237.021484375,39565,0.0,0.0
2023-07-20 00:00:00+09:00,31237.021484375,31727.2890625,30956.869140625,31377.09765625,25768,0.0,0.0
2023-07-21 00:00:00+09:00,31307.060546875,31657.251953125,30956.869140625,31131.96484375,23431,0.0,0.0
2023-07-24 00:00:00+09:00,31131.96484375,31166.984375,28855.724609375,28995.80078125,71873,0.0,0.0
2023-07-25 00:00:00+09:00,28680.62890625,28890.744140625,28015.265625,28050.28515625,61155,0.0,0.0
2023-07-26 00:00:00+09:00,27595.037109375,28190.361328125,25213.740234375,25809.064453125,125702,0.0,0.0
2023-07-27 00:00:00+09:00,25739.025390625,27735.11328125,25493.892578125,27630.056640625,46720,0.0,0.0
2023-07-28 00:00:00+09:00,27910.208984375,29416.029296875,27910.208984375,28995.80078125,43930,0.0,0.0
2023-07-31 00:00:00+09:00,29030.8203125,29906.296875,28575.572265625,29451.048828125,32960,0.0,0.0
2023-08-01 00:00:00+09:00,29486.068359375,31412.1171875,29486.068359375,30676.716796875,67833,0.0,0.0
2023-08-02 00:00:00+09:00,30641.697265625,30991.888671875,29240.93359375,29766.220703125,31976,0.0,0.0
2023-08-03 00:00:00+09:00,29731.201171875,29731.201171875,28540.552734375,29065.83984375,25937,0.0,0.0
2023-08-04 00:00:00+09:00,28925.76171875,29451.048828125,28505.533203125,29170.896484375,20768,0.0,0.0
2023-08-07 00:00:00+09:00,29170.896484375,30291.5078125,28540.552734375,29626.14453125,29901,0.0,0.0
2023-08-08 00:00:00+09:00,29661.1640625,29801.240234375,28190.361328125,28330.4375,25757,0.0,0.0
2023-08-09 00:00:00+09:00,28015.265625,28925.76171875,27945.228515625,28540.552734375,14396,0.0,0.0
2023-08-10 00:00:00+09:00,28260.400390625,29065.83984375,27840.171875,28750.66796875,18758,0.0,0.0
2023-08-11 00:00:00+09:00,28750.66796875,29906.296875,28190.361328125,29381.01171875,21127,0.0,0.0
2023-08-14 00:00:00+09:00,29451.048828125,29661.1640625,27805.15234375,27980.248046875,29112,0.0,0.0
2023-08-16 00:00:00+09:00,27279.865234375,27665.076171875,26719.560546875,27139.7890625,30416,0.0,0.0
2023-08-17 00:00:00+09:00,27139.7890625,27279.865234375,26054.197265625,27104.76953125,20939,0.0,0.0
2023-08-18 00:00:00+09:00,26439.408203125,27139.7890625,26159.255859375,26789.59765625,16221,0.0,0.0
2023-08-21 00:00:00+09:00,26264.3125,27209.828125,26264.3125,26614.50390625,17769,0.0,0.0
2023-08-22 00:00:00+09:00,26649.521484375,27384.923828125,26229.29296875,26369.369140625,19012,0.0,0.0
2023-08-23 00:00:00+09:00,26509.4453125,26754.580078125,25844.083984375,26264.3125,13922,0.0,0.0
2023-08-24 00:00:00+09:00,26474.427734375,27244.84765625,26474.427734375,26964.693359375,22263,0.0,0.0
2023-08-25 00:00:00+09:00,26859.63671875,26859.63671875,26264.3125,26334.349609375,14896,0.0,0.0
2023-08-28 00:00:00+09:00,26299.33203125,26929.67578125,26264.3125,26614.50390625,13504,0.0,0.0
2023-08-29 00:00:00+09:00,26509.4453125,27665.076171875,26509.4453125,27139.7890625,28429,0.0,0.0
2023-08-30 00:00:00+09:00,27174.80859375,27770.1328125,27174.80859375,27735.11328125,21829,0.0,0.0
2023-08-31 00:00:00+09:00,27735.11328125,27875.189453125,26929.67578125,27104.76953125,21997,0.0,0.0
2023-09-01 00:00:00+09:00,27104.76953125,28015.265625,26614.50390625,27384.923828125,28151,0.0,0.0
2023-09-04 00:00:00+09:00,27384.923828125,27665.076171875,26579.484375,26929.67578125,18743,0.0,0.0
2023-09-05 00:00:00+09:00,26754.580078125,27314.884765625,26509.4453125,26754.580078125,20052,0.0,0.0
2023-09-06 00:00:00+09:00,26509.4453125,27069.751953125,26404.388671875,26859.63671875,19384,0.0,0.0
2023-09-07 00:00:00+09:00,26544.46484375,27314.884765625,26019.1796875,26229.29296875,31804,0.0,0.0
2023-09-08 00:00:00+09:00,25949.140625,26474.427734375,25914.12109375,26264.3125,16168,0.0,0.0
2023-09-11 00:00:00+09:00,26264.3125,26719.560546875,26089.216796875,26369.369140625,14702,0.0,0.0
2023-09-12 00:00:00+09:00,26369.369140625,27735.11328125,26089.216796875,26159.255859375,38002,0.0,0.0
2023-09-13 00:00:00+09:00,26019.1796875,27279.865234375,25563.931640625,27139.7890625,46344,0.0,0.0
2023-09-14 00:00:00+09:00,27139.7890625,28365.45703125,26439.408203125,27174.80859375,183611,0.0,0.0
2023-09-15 00:00:00+09:00,29591.125,29696.181640625,27314.884765625,27560.017578125,198997,0.0,0.0
2023-09-18 00:00:00+09:00,27139.7890625,27314.884765625,26264.3125,26299.33203125,40314,0.0,0.0
2023-09-19 00:00:00+09:00,26089.216796875,26264.3125,25633.96875,25668.98828125,24390,0.0,0.0
2023-09-20 00:00:00+09:00,25668.98828125,25879.1015625,24863.548828125,25038.64453125,30304,0.0,0.0
2023-09-21 00:00:00+09:00,24793.51171875,25283.77734375,24513.357421875,24513.357421875,23541,0.0,0.0
2023-09-22 00:00:00+09:00,24233.205078125,24758.4921875,23988.072265625,24338.263671875,14845,0.0,0.0
2023-09-25 00:00:00+09:00,24058.109375,24688.453125,23462.78515625,23602.861328125,22359,0.0,0.0
2023-09-26 00:00:00+09:00,23462.78515625,23953.052734375,22867.4609375,22972.517578125,18399,0.0,0.0
2023-09-27 00:00:00+09:00,22937.5,23322.708984375,22587.30859375,23322.708984375,18268,0.0,0.0
2023-10-04 00:00:00+09:00,23042.556640625,23392.748046875,21816.888671875,22062.021484375,21200,0.0,0.0
2023-10-05 00:00:00+09:00,21886.927734375,22377.193359375,21081.48828125,21291.603515625,26283,0.0,0.0
2023-10-06 00:00:00+09:00,21081.48828125,22377.193359375,21081.48828125,22237.1171875,19109,0.0,0.0
2023-10-10 00:00:00+09:00,22237.1171875,22482.251953125,20731.296875,20941.412109375,25484,0.0,0.0
2023-10-11 00:00:00+09:00,21711.83203125,21886.927734375,21326.62109375,21676.8125,17154,0.0,0.0
2023-10-12 00:00:00+09:00,21501.716796875,26054.197265625,21501.716796875,23602.861328125,243115,0.0,0.0
2023-10-13 00:00:00+09:00,23357.728515625,23462.78515625,21781.869140625,22202.099609375,40588,0.0,0.0
2023-10-16 00:00:00+09:00,22202.099609375,22307.15625,20836.353515625,20906.392578125,28296,0.0,0.0
2023-10-17 00:00:00+09:00,21011.44921875,21571.755859375,21011.44921875,21256.583984375,12741,0.0,0.0
2023-10-18 00:00:00+09:00,21011.44921875,21361.640625,20731.296875,20871.373046875,17990,0.0,0.0
2023-10-19 00:00:00+09:00,20731.296875,20731.296875,19540.6484375,19680.724609375,23124,0.0,0.0
2023-10-20 00:00:00+09:00,19505.62890625,19680.724609375,18910.3046875,19225.4765625,18573,0.0,0.0
2023-10-23 00:00:00+09:00,18980.34375,19785.78125,18910.3046875,19015.361328125,15134,0.0,0.0
2023-10-24 00:00:00+09:00,18805.248046875,20100.953125,18735.208984375,20100.953125,22970,0.0,0.0
2023-10-25 00:00:00+09:00,20100.953125,20346.087890625,19610.6875,19925.857421875,12972,0.0,0.0
2023-10-26 00:00:00+09:00,19575.66796875,20065.935546875,18735.208984375,19085.400390625,15720,0.0,0.0
2023-10-27 00:00:00+09:00,19050.380859375,20276.048828125,18840.267578125,19715.744140625,17303,0.0,0.0
2023-10-30 00:00:00+09:00,19680.724609375,19925.857421875,19155.439453125,19925.857421875,10753,0.0,0.0
2023-10-31 00:00:00+09:00,19960.876953125,20100.953125,18805.248046875,18875.28515625,18653,0.0,0.0
2023-11-01 00:00:00+09:00,19015.361328125,19610.6875,18980.34375,19505.62890625,10800,0.0,0.0
2023-11-02 00:00:00+09:00,19505.62890625,20135.97265625,19505.62890625,20065.935546875,16087,0.0,0.0
2023-11-03 00:00:00+09:00,20241.029296875,20766.31640625,19890.83984375,20731.296875,20240,0.0,0.0
2023-11-06 00:00:00+09:00,21011.44921875,21571.755859375,20836.353515625,21571.755859375,28229,0.0,0.0
2023-11-07 00:00:00+09:00,21571.755859375,21851.908203125,20766.31640625,21221.564453125,19557,0.0,0.0
2023-11-08 00:00:00+09:00,21571.755859375,22587.30859375,21501.716796875,21991.984375,48543,0.0,0.0
2023-11-09 00:00:00+09:00,22832.44140625,25774.044921875,21851.908203125,21851.908203125,347765,0.0,0.0
2023-11-10 00:00:00+09:00,21781.869140625,21781.869140625,20311.068359375,20766.31640625,40499,0.0,0.0
2023-11-13 00:00:00+09:00,20836.353515625,24128.1484375,20836.353515625,21221.564453125,121571,0.0,0.0
2023-11-14 00:00:00+09:00,21291.603515625,22097.041015625,21256.583984375,21571.755859375,26231,0.0,0.0
2023-11-15 00:00:00+09:00,22202.099609375,22412.212890625,21781.869140625,22062.021484375,28010,0.0,0.0
2023-11-16 00:00:00+09:00,22307.15625,22867.4609375,21886.927734375,22482.251953125,24962,0.0,0.0
2023-11-17 00:00:00+09:00,22272.13671875,22447.232421875,21011.44921875,21151.525390625,26129,0.0,0.0
2023-11-20 00:00:00+09:00,21326.62109375,22622.328125,21151.525390625,22167.080078125,35592,0.0,0.0
2023-11-21 00:00:00+09:00,22447.232421875,23532.82421875,22272.13671875,23182.6328125,52919,0.0,0.0
2023-11-22 00:00:00+09:00,22762.404296875,22762.404296875,21921.9453125,22272.13671875,24023,0.0,0.0
2023-11-23 00:00:00+09:00,22307.15625,22517.26953125,21816.888671875,22097.041015625,20589,0.0,0.0
2023-11-24 00:00:00+09:00,22097.041015625,22412.212890625,21711.83203125,21746.8515625,9718,0.0,0.0
2023-11-27 00:00:00+09:00,21746.8515625,21851.908203125,21431.6796875,21781.869140625,13656,0.0,0.0
2023-11-28 00:00:00+09:00,21711.83203125,21886.927734375,21396.66015625,21536.736328125,11951,0.0,0.0
2023-11-29 00:00:00+09:00,21431.6796875,21711.83203125,21151.525390625,21431.6796875,12950,0.0,0.0
2023-11-30 00:00:00+09:00,21431.6796875,21711.83203125,21256.583984375,21466.697265625,9384,0.0,0.0
2023-12-01 00:00:00+09:00,21536.736328125,21991.984375,21396.66015625,21571.755859375,13917,0.0,0.0
2023-12-04 00:00:00+09:00,21606.7734375,22622.328125,21046.46875,22202.099609375,26419,0.0,0.0
2023-12-05 00:00:00+09:00,22202.099609375,22412.212890625,21326.62109375,21466.697265625,21342,0.0,0.0
2023-12-06 00:00:00+09:00,21361.640625,23322.708984375,21361.640625,23077.576171875,70214,0.0,0.0
2023-12-07 00:00:00+09:00,23357.728515625,24128.1484375,22622.328125,22797.423828125,83231,0.0,0.0
2023-12-08 00:00:00+09:00,23112.595703125,23392.748046875,22692.365234375,22832.44140625,30008,0.0,0.0
2023-12-11 00:00:00+09:00,23462.78515625,24898.568359375,23007.537109375,24338.263671875,167821,0.0,0.0
2023-12-12 00:00:00+09:00,24093.12890625,24618.416015625,23462.78515625,24408.30078125,46042,0.0,0.0
2023-12-13 00:00:00+09:00,24198.185546875,24303.244140625,22902.48046875,23252.671875,57982,0.0,0.0
2023-12-14 00:00:00+09:00,23462.78515625,24023.091796875,22622.328125,22727.384765625,44966,0.0,0.0
2023-12-15 00:00:00+09:00,22867.4609375,23427.767578125,22587.30859375,23112.595703125,33212,0.0,0.0
2023-12-18 00:00:00+09:00,23042.556640625,23252.671875,22657.34765625,22762.404296875,19316,0.0,0.0
2023-12-19 00:00:00+09:00,22587.30859375,24758.4921875,22552.2890625,23953.052734375,113656,0.0,0.0
2023-12-20 00:00:00+09:00,24058.109375,25143.701171875,23742.9375,24198.185546875,109586,0.0,0.0
2023-12-21 00:00:00+09:00,23953.052734375,23988.072265625,23147.61328125,23497.8046875,41003,0.0,0.0
2023-12-22 00:00:00+09:00,23847.99609375,23847.99609375,22867.4609375,23112.595703125,29556,0.0,0.0
2023-12-26 00:00:00+09:00,23217.65234375,23322.708984375,22587.30859375,22867.4609375,25097,0.0,0.0
2023-12-27 00:00:00+09:00,22867.4609375,23637.880859375,22657.34765625,23462.78515625,22564,0.0,0.0
2023-12-28 00:00:00+09:00,23953.052734375,24653.43359375,23462.78515625,24548.376953125,55242,0.0,0.0
2024-01-02 00:00:00+09:00,24688.453125,25143.701171875,23918.033203125,25108.681640625,53590,0.0,0.0
2024-01-03 00:00:00+09:00,25038.64453125,25038.64453125,24233.205078125,24863.548828125,34862,0.0,0.0
2024-01-04 00:00:00+09:00,24863.548828125,25353.81640625,24163.16796875,24373.28125,47817,0.0,0.0
2024-01-05 00:00:00+09:00,24968.60546875,26054.197265625,24968.60546875,25809.064453125,111247,0.0,0.0
2024-01-08 00:00:00+09:00,26579.484375,30711.736328125,26054.197265625,30641.697265625,510089,0.0,0.0
2024-01-09 00:00:00+09:00,30396.564453125,36384.828125,29240.93359375,33022.99609375,2065785,0.0,0.0
2024-01-10 00:00:00+09:00,33548.28125,34598.85546875,31622.232421875,33058.015625,491126,0.0,0.0
2024-01-11 00:00:00+09:00,32567.748046875,34213.64453125,32217.556640625,32567.748046875,216300,0.0,0.0
2024-01-12 00:00:00+09:00,33233.109375,33793.4140625,31447.13671875,31727.2890625,153814,0.0,0.0
2024-01-15 00:00:00+09:00,31377.09765625,31377.09765625,30011.353515625,30466.6015625,37646,0.0,0.0
2024-01-16 00:00:00+09:00,30781.7734375,32917.9375,30641.697265625,31342.080078125,234397,0.0,0.0
2024-01-17 00:00:00+09:00,31061.92578125,31131.96484375,28330.4375,28645.609375,122516,0.0,0.0
2024-01-18 00:00:00+09:00,28190.361328125,30816.79296875,28190.361328125,30186.44921875,98528,0.0,0.0
2024-01-19 00:00:00+09:00,30186.44921875,32217.556640625,30186.44921875,31096.9453125,114240,0.0,0.0
2024-01-22 00:00:00+09:00,32707.82421875,32777.86328125,31517.17578125,32322.61328125,165441,0.0,0.0
2024-01-23 00:00:00+09:00,32917.9375,33268.12890625,28960.78125,30186.44921875,194516,0.0,0.0
2024-01-24 00:00:00+09:00,30011.353515625,30186.44921875,28645.609375,29451.048828125,78688,0.0,0.0
2024-01-25 00:00:00+09:00,29451.048828125,29521.087890625,28295.419921875,28400.4765625,69179,0.0,0.0
2024-01-26 00:00:00+09:00,28435.49609375,31061.92578125,26579.484375,29906.296875,197861,0.0,0.0
2024-01-29 00:00:00+09:00,30641.697265625,30641.697265625,27560.017578125,28015.265625,97749,0.0,0.0
2024-01-30 00:00:00+09:00,28575.572265625,28820.705078125,26264.3125,26614.50390625,78840,0.0,0.0
2024-01-31 00:00:00+09:00,26544.46484375,26789.59765625,24233.205078125,24338.263671875,145341,0.0,0.0
2024-02-01 00:00:00+09:00,24338.263671875,24338.263671875,22622.328125,23112.595703125,79440,0.0,0.0
2024-02-02 00:00:00+09:00,24198.185546875,24828.529296875,23462.78515625,23462.78515625,74019,0.0,0.0
2024-02-05 00:00:00+09:00,23847.99609375,24338.263671875,22797.423828125,22832.44140625,61173,0.0,0.0
2024-02-06 00:00:00+09:00,22902.48046875,23007.537109375,21886.927734375,22377.193359375,33140,0.0,0.0
2024-02-07 00:00:00+09:00,22832.44140625,22937.5,22097.041015625,22272.13671875,33540,0.0,0.0
2024-02-08 00:00:00+09:00,22587.30859375,23287.689453125,22062.021484375,22727.384765625,25851,0.0,0.0
2024-02-13 00:00:00+09:00,22762.404296875,23392.748046875,22377.193359375,23112.595703125,38199,0.0,0.0
2024-02-14 00:00:00+09:00,22762.404296875,23182.6328125,22342.17578125,23007.537109375,20545,0.0,0.0
2024-02-15 00:00:00+09:00,23357.728515625,23637.880859375,22587.30859375,22902.48046875,38584,0.0,0.0
2024-02-16 00:00:00+09:00,23357.728515625,23357.728515625,22412.212890625,22517.26953125,32276,0.0,0.0
2024-02-19 00:00:00+09:00,22517.26953125,23392.748046875,22517.26953125,23252.671875,32893,0.0,0.0
2024-02-20 00:00:00+09:00,23252.671875,23602.861328125,22727.384765625,23427.767578125,22490,0.0,0.0
2024-02-21 00:00:00+09:00,23217.65234375,23392.748046875,22377.193359375,22657.34765625,35050,0.0,0.0
2024-02-22 00:00:00+09:00,22867.4609375,22937.5,22447.232421875,22587.30859375,22322,0.0,0.0
2024-02-23 00:00:00+09:00,23287.689453125,25213.740234375,23112.595703125,23812.9765625,148096,0.0,0.0
2024-02-26 00:00:00+09:00,24163.16796875,24723.47265625,23497.8046875,24023.091796875,63987,0.0,0.0
2024-02-27 00:00:00+09:00,24548.376953125,24548.376953125,22797.423828125,22797.423828125,46506,0.0,0.0
2024-02-28 00:00:00+09:00,22832.44140625,23427.767578125,22412.212890625,22517.26953125,29303,0.0,0.0
2024-02-29 00:00:00+09:00,22587.30859375,22657.34765625,22062.021484375,22097.041015625,27564,0.0,0.0
2024-03-04 00:00:00+09:00,22097.041015625,22342.17578125,21361.640625,21431.6796875,34554,0.0,0.0
2024-03-05 00:00:00+09:00,21291.603515625,21291.603515625,20661.259765625,20696.27734375,37921,0.0,0.0
2024-03-06 00:00:00+09:00,21326.62109375,21326.62109375,20346.087890625,20696.27734375,22607,0.0,0.0
2024-03-07 00:00:00+09:00,20696.27734375,21256.583984375,20521.18359375,21046.46875,16328,0.0,0.0
2024-03-08 00:00:00+09:00,21361.640625,21361.640625,20486.1640625,20766.31640625,23233,0.0,0.0
2024-03-11 00:00:00+09:00,20766.31640625,21256.583984375,20486.1640625,20836.353515625,19027,0.0,0.0
2024-03-12 00:00:00+09:00,20871.373046875,21046.46875,20521.18359375,20766.31640625,17726,0.0,0.0
2024-03-13 00:00:00+09:00,21046.46875,21396.66015625,20486.1640625,21011.44921875,30304,0.0,0.0
2024-03-14 00:00:00+09:00,21081.48828125,21326.62109375,20661.259765625,21116.5078125,12837,0.0,0.0
2024-03-15 00:00:00+09:00,20976.431640625,21116.5078125,20591.220703125,20731.296875,20476,0.0,0.0
2024-03-18 00:00:00+09:00,20556.201171875,20836.353515625,20521.18359375,20591.220703125,12058,0.0,0.0
2024-03-19 00:00:00+09:00,20591.220703125,20661.259765625,20311.068359375,20346.087890625,14194,0.0,0.0
2024-03-20 00:00:00+09:00,20346.087890625,20591.220703125,19715.744140625,19785.78125,27562,0.0,0.0
2024-03-21 00:00:00+09:00,19855.8203125,20206.01171875,19785.78125,19995.896484375,20436,0.0,0.0
2024-03-22 00:00:00+09:00,20206.01171875,20416.125,19505.62890625,20416.125,18333,0.0,0.0
2024-03-25 00:00:00+09:00,20170.9921875,20451.14453125,19715.744140625,19855.8203125,15866,0.0,0.0
2024-03-26 00:00:00+09:00,19855.8203125,20100.953125,19715.744140625,19960.876953125,13980,0.0,0.0
2024-03-27 00:00:00+09:00,19855.8203125,20276.048828125,19505.62890625,19750.763671875,15990,0.0,0.0
2024-03-28 00:00:00+09:00,19750.763671875,19750.763671875,19505.62890625,19645.705078125,13743,0.0,0.0
2024-03-29 00:00:00+09:00,19540.6484375,19785.78125,19330.533203125,19645.705078125,18456,0.0,0.0
2024-04-01 00:00:00+09:00,19470.609375,20100.953125,19470.609375,20100.953125,13833,0.0,0.0
2024-04-02 00:00:00+09:00,19890.83984375,20100.953125,19400.572265625,19575.66796875,21460,0.0,0.0
2024-04-03 00:00:00+09:00,19645.705078125,19645.705078125,19225.4765625,19295.515625,15430,0.0,0.0
2024-04-04 00:00:00+09:00,19295.515625,19365.552734375,19015.361328125,19015.361328125,11070,0.0,0.0
2024-04-05 00:00:00+09:00,19015.361328125,19295.515625,18525.095703125,18700.189453125,25528,0.0,0.0
2024-04-08 00:00:00+09:00,18770.228515625,18910.3046875,18034.828125,18104.865234375,17625,0.0,0.0
2024-04-09 00:00:00+09:00,18104.865234375,18735.208984375,17894.751953125,18104.865234375,9189,0.0,0.0
2024-04-11 00:00:00+09:00,17929.771484375,18314.98046875,17719.65625,18034.828125,10739,0.0,0.0
2024-04-12 00:00:00+09:00,18034.828125,18490.076171875,17824.712890625,17999.80859375,8848,0.0,0.0
2024-04-15 00:00:00+09:00,17684.63671875,17929.771484375,17246.8984375,17544.560546875,15741,0.0,0.0
2024-04-16 00:00:00+09:00,17474.5234375,17509.541015625,16861.689453125,16931.7265625,23066,0.0,0.0
2024-04-17 00:00:00+09:00,16879.197265625,17509.541015625,16879.197265625,17019.2734375,13884,0.0,0.0
2024-04-18 00:00:00+09:00,16879.197265625,17614.599609375,16879.197265625,17492.03125,8350,0.0,0.0
2024-04-19 00:00:00+09:00,17544.560546875,17544.560546875,16529.0078125,16914.216796875,21454,0.0,0.0
2024-04-22 00:00:00+09:00,16721.611328125,17124.33203125,16634.064453125,16791.650390625,12372,0.0,0.0
2024-04-23 00:00:00+09:00,17211.87890625,17211.87890625,16651.57421875,16774.140625,8719,0.0,0.0
2024-04-24 00:00:00+09:00,16791.650390625,17159.3515625,16791.650390625,17141.841796875,13194,0.0,0.0
2024-04-25 00:00:00+09:00,17124.33203125,17124.33203125,16529.0078125,16529.0078125,20612,0.0,0.0
2024-04-26 00:00:00+09:00,16564.025390625,16704.103515625,15793.6064453125,16178.81640625,21524,0.0,0.0
2024-04-29 00:00:00+09:00,16634.064453125,16896.70703125,16301.3828125,16809.16015625,16510,0.0,0.0
2024-04-30 00:00:00+09:00,16704.103515625,17124.33203125,16599.044921875,16914.216796875,9912,0.0,0.0
2024-05-02 00:00:00+09:00,16809.16015625,16809.16015625,16371.4208984375,16581.53515625,15590,0.0,0.0
2024-05-03 00:00:00+09:00,16581.53515625,16984.255859375,16581.53515625,16896.70703125,10015,0.0,0.0
2024-05-07 00:00:00+09:00,17054.29296875,17439.50390625,16634.064453125,17071.802734375,16941,0.0,0.0
2024-05-08 00:00:00+09:00,17089.3125,18244.94140625,17019.2734375,17544.560546875,29987,0.0,0.0
2024-05-09 00:00:00+09:00,17544.560546875,17719.65625,17141.841796875,17299.427734375,12788,0.0,0.0
2024-05-10 00:00:00+09:00,17474.5234375,17614.599609375,17211.87890625,17509.541015625,10103,0.0,0.0
2024-05-13 00:00:00+09:00,17492.03125,17492.03125,16966.74609375,17019.2734375,11262,0.0,0.0
2024-05-14 00:00:00+09:00,16826.669921875,19960.876953125,16826.669921875,18069.84765625,232005,0.0,0.0
2024-05-16 00:00:00+09:00,18420.037109375,18700.189453125,18069.84765625,18104.865234375,24946,0.0,0.0
2024-05-17 00:00:00+09:00,18104.865234375,18209.923828125,17649.6171875,17894.751953125,10140,0.0,0.0
2024-05-20 00:00:00+09:00,17719.65625,18420.037109375,17719.65625,17929.771484375,19397,0.0,0.0
2024-05-21 00:00:00+09:00,18209.923828125,18209.923828125,17334.4453125,17474.5234375,16337,0.0,0.0
2024-05-22 00:00:00+09:00,17754.67578125,17754.67578125,17071.802734375,17264.408203125,13255,0.0,0.0
2024-05-23 00:00:00+09:00,17159.3515625,17264.408203125,16704.103515625,16914.216796875,16698,0.0,0.0
2024-05-24 00:00:00+09:00,16914.216796875,17124.33203125,16581.53515625,16809.16015625,10973,0.0,0.0
2024-05-27 00:00:00+09:00,17316.9375,17316.9375,16371.4208984375,16493.98828125,23524,0.0,0.0
2024-05-28 00:00:00+09:00,16651.57421875,17579.580078125,16493.98828125,16774.140625,26809,0.0,0.0
2024-05-29 00:00:00+09:00,16791.650390625,17106.822265625,16406.44140625,16441.458984375,10628,0.0,0.0
2024-05-30 00:00:00+09:00,16178.81640625,16774.140625,16143.796875,16196.326171875,10475,0.0,0.0
2024-05-31 00:00:00+09:00,16161.306640625,16406.44140625,15933.6826171875,15986.2119140625,11974,0.0,0.0
2024-06-03 00:00:00+09:00,16879.197265625,16879.197265625,15863.64453125,16003.720703125,9616,0.0,0.0
2024-06-04 00:00:00+09:00,16003.720703125,16266.3642578125,15828.6259765625,16038.740234375,8681,0.0,0.0
2024-06-05 00:00:00+09:00,16073.7587890625,16213.8359375,15881.154296875,16161.306640625,10469,0.0,0.0
2024-06-07 00:00:00+09:00,15986.2119140625,16353.912109375,15863.64453125,15863.64453125,11260,0.0,0.0
2024-06-10 00:00:00+09:00,15863.64453125,16021.23046875,15478.4345703125,15548.47265625,13924,0.0,0.0
2024-06-11 00:00:00+09:00,15425.90625,15758.587890625,15338.3583984375,15338.3583984375,14381,0.0,0.0
2024-06-12 00:00:00+09:00,15460.9248046875,15583.4921875,15233.30078125,15338.3583984375,11411,0.0,0.0
2024-06-13 00:00:00+09:00,15408.396484375,15741.078125,15215.7919921875,15233.30078125,10758,0.0,0.0
2024-06-14 00:00:00+09:00,15233.30078125,15408.396484375,14147.7099609375,14200.23828125,57087,0.0,0.0
2024-06-17 00:00:00+09:00,14235.2568359375,14357.82421875,13867.556640625,14060.162109375,20155,0.0,0.0
2024-06-18 00:00:00+09:00,14182.728515625,14305.2958984375,13587.404296875,13815.0283203125,25889,0.0,0.0
2024-06-19 00:00:00+09:00,13832.5380859375,14235.2568359375,13815.0283203125,14007.6328125,17145,0.0,0.0
2024-06-20 00:00:00+09:00,14252.7666015625,14252.7666015625,13832.5380859375,13972.6142578125,11877,0.0,0.0
2024-06-21 00:00:00+09:00,14007.6328125,14095.1806640625,13482.3466796875,13517.3662109375,23817,0.0,0.0
2024-06-24 00:00:00+09:00,13324.7607421875,14007.6328125,13324.7607421875,13657.4423828125,10990,0.0,0.0
2024-06-25 00:00:00+09:00,13517.3662109375,13990.1240234375,13517.3662109375,13587.404296875,10803,0.0,0.0
2024-06-26 00:00:00+09:00,13832.5380859375,13867.556640625,13604.9140625,13604.9140625,9377,0.0,0.0
2024-06-27 00:00:00+09:00,13604.9140625,13867.556640625,13342.2705078125,13342.2705078125,8847,0.0,0.0
2024-06-28 00:00:00+09:00,13219.7041015625,13482.3466796875,13202.1943359375,13394.798828125,8693,0.0,0.0
2024-07-01 00:00:00+09:00,13394.798828125,13622.423828125,13237.2138671875,13587.404296875,9167,0.0,0.0
2024-07-02 00:00:00+09:00,13587.404296875,13587.404296875,13009.58984375,13027.0986328125,18034,0.0,0.0
2024-07-03 00:00:00+09:00,13044.6083984375,13272.232421875,12571.8505859375,12641.888671875,28465,0.0,0.0
2024-07-04 00:00:00+09:00,12589.3603515625,12992.080078125,12554.3408203125,12589.3603515625,9742,0.0,0.0
2024-07-05 00:00:00+09:00,13254.72265625,13254.72265625,12606.8701171875,12729.4365234375,23738,0.0,0.0
2024-07-08 00:00:00+09:00,12746.9462890625,14182.728515625,12571.8505859375,13639.9326171875,53015,0.0,0.0
2024-07-09 00:00:00+09:00,13639.9326171875,13797.5185546875,13464.837890625,13674.9521484375,10482,0.0,0.0
2024-07-10 00:00:00+09:00,13920.0859375,13920.0859375,13359.7802734375,13482.3466796875,7867,0.0,0.0
2024-07-11 00:00:00+09:00,13832.5380859375,17509.541015625,13657.4423828125,14655.486328125,895302,0.0,0.0
2024-07-12 00:00:00+09:00,14602.9580078125,15671.0400390625,14287.7861328125,14497.900390625,142083,0.0,0.0
2024-07-15 00:00:00+09:00,14813.072265625,14813.072265625,14095.1806640625,14340.314453125,35700,0.0,0.0
2024-07-16 00:00:00+09:00,14357.82421875,14357.82421875,13744.990234375,13867.556640625,33406,0.0,0.0
2024-07-17 00:00:00+09:00,13885.06640625,15741.078125,13885.06640625,14462.880859375,200695,0.0,0.0
2024-07-18 00:00:00+09:00,14462.880859375,14462.880859375,13692.4619140625,14060.162109375,20029,0.0,0.0
2024-07-19 00:00:00+09:00,14060.162109375,14900.6201171875,13902.576171875,14147.7099609375,41234,0.0,0.0
2024-07-22 00:00:00+09:00,14147.7099609375,14182.728515625,13342.2705078125,13412.30859375,29813,0.0,0.0
2024-07-23 00:00:00+09:00,13447.328125,13797.5185546875,13149.666015625,13184.6845703125,18433,0.0,0.0
2024-07-24 00:00:00+09:00,13027.0986328125,13587.404296875,12799.474609375,13377.2900390625,16704,0.0,0.0
2024-07-25 00:00:00+09:00,13359.7802734375,13359.7802734375,12781.9658203125,12957.060546875,15288,0.0,0.0
2024-07-26 00:00:00+09:00,12957.060546875,13149.666015625,12781.9658203125,13132.15625,10486,0.0,0.0
2024-07-29 00:00:00+09:00,13219.7041015625,13447.328125,13149.666015625,13289.7421875,5943,0.0,0.0
2024-07-30 00:00:00+09:00,13289.7421875,13464.837890625,12781.9658203125,12816.984375,15680,0.0,0.0
2024-07-31 00:00:00+09:00,12781.9658203125,13044.6083984375,12571.8505859375,13044.6083984375,10183,0.0,0.0
2024-08-01 00:00:00+09:00,13062.1181640625,13937.5947265625,13062.1181640625,13744.990234375,38045,0.0,0.0
2024-08-02 00:00:00+09:00,13622.423828125,13727.48046875,12904.5322265625,13009.58984375,16030,0.0,0.0
2024-08-05 00:00:00+09:00,12816.984375,13149.666015625,10400.66796875,10978.482421875,60335,0.0,0.0
2024-08-06 00:00:00+09:00,10978.482421875,11853.9599609375,10820.896484375,11346.1826171875,21024,0.0,0.0
2024-08-07 00:00:00+09:00,11241.1259765625,12361.736328125,11223.6162109375,11766.412109375,16471,0.0,0.0
2024-08-08 00:00:00+09:00,11643.8447265625,12186.640625,11293.654296875,11626.3359375,9746,0.0,0.0
2024-08-09 00:00:00+09:00,11731.392578125,12221.66015625,11731.392578125,12151.6220703125,13711,0.0,0.0
2024-08-12 00:00:00+09:00,12029.0546875,12606.8701171875,12029.0546875,12484.302734375,8474,0.0,0.0
2024-08-13 00:00:00+09:00,12799.474609375,12799.474609375,12064.07421875,12501.8125,8217,0.0,0.0
2024-08-14 00:00:00+09:00,12957.060546875,12957.060546875,12309.2080078125,12501.8125,4298,0.0,0.0
2024-08-16 00:00:00+09:00,12711.9267578125,12711.9267578125,12379.24609375,12449.2841796875,5034,0.0,0.0
2024-08-19 00:00:00+09:00,12501.8125,12606.8701171875,12256.6787109375,12396.755859375,6152,0.0,0.0
2024-08-20 00:00:00+09:00,12291.6982421875,12781.9658203125,12291.6982421875,12659.3984375,8254,0.0,0.0
2024-08-21 00:00:00+09:00,12624.3798828125,12834.494140625,12326.716796875,12606.8701171875,5246,0.0,0.0
2024-08-22 00:00:00+09:00,12834.494140625,12939.55078125,12326.716796875,12396.755859375,12826,0.0,0.0
2024-08-23 00:00:00+09:00,12326.716796875,12396.755859375,11959.0166015625,12274.1884765625,12694,0.0,0.0
2024-08-26 00:00:00+09:00,9612.73828125,10558.25390625,9455.15234375,9455.15234375,269669,0.0,0.0
2024-08-27 00:00:00+09:00,9385.1142578125,9385.1142578125,8789.7900390625,9017.4140625,93045,0.0,0.0
2024-08-28 00:00:00+09:00,8772.2802734375,9157.490234375,8737.26171875,8947.3759765625,44630,0.0,0.0
2024-08-29 00:00:00+09:00,8947.3759765625,8947.3759765625,8597.1845703125,8684.732421875,27265,0.0,0.0
2024-08-30 00:00:00+09:00,8754.7705078125,9104.9619140625,8632.2041015625,8824.80859375,28688,0.0,0.0
2024-09-02 00:00:00+09:00,8754.7705078125,8929.8662109375,8614.6943359375,8894.8466796875,25515,0.0,0.0
2024-09-03 00:00:00+09:00,8894.8466796875,8964.8857421875,8807.2998046875,8842.318359375,20068,0.0,0.0
2024-09-04 00:00:00+09:00,8632.2041015625,8684.732421875,8492.1279296875,8544.65625,23864,0.0,0.0
2024-09-05 00:00:00+09:00,8439.5986328125,8999.904296875,8282.0126953125,8404.580078125,26550,0.0,0.0
2024-09-06 00:00:00+09:00,8317.0322265625,8404.580078125,8124.42724609375,8229.484375,24261,0.0,0.0
2024-09-09 00:00:00+09:00,8404.580078125,8404.580078125,8019.3701171875,8054.38916015625,27872,0.0,0.0
2024-09-10 00:00:00+09:00,8071.8984375,8159.4462890625,7896.80322265625,7914.31298828125,14976,0.0,0.0
2024-09-11 00:00:00+09:00,7931.822265625,8071.8984375,7826.76513671875,7879.2939453125,23546,0.0,0.0
2024-09-12 00:00:00+09:00,7879.2939453125,8264.50390625,7879.2939453125,8194.4658203125,31950,0.0,0.0
2024-09-13 00:00:00+09:00,8369.560546875,8369.560546875,8019.3701171875,8194.4658203125,11509,0.0,0.0
2024-09-19 00:00:00+09:00,8264.50390625,8264.50390625,7879.2939453125,7914.31298828125,32431,0.0,0.0
2024-09-20 00:00:00+09:00,7914.31298828125,8264.50390625,7914.31298828125,8019.3701171875,13877,0.0,0.0
2024-09-23 00:00:00+09:00,8019.3701171875,8089.408203125,7844.2744140625,7966.84130859375,10016,0.0,0.0
2024-09-24 00:00:00+09:00,7966.84130859375,8264.50390625,7949.33203125,8141.93701171875,15733,0.0,0.0
2024-09-25 00:00:00+09:00,8176.9560546875,8579.67578125,8176.9560546875,8282.0126953125,32124,0.0,0.0
2024-09-26 00:00:00+09:00,8439.5986328125,8824.80859375,8299.5224609375,8439.5986328125,61961,0.0,0.0
2024-09-27 00:00:00+09:00,9220.0,10960.0,9100.0,10960.0,209863,0.0,0.0
2024-09-30 00:00:00+09:00,12540.0,14240.0,11800.0,12020.0,3436633,0.0,0.0
2024-10-02 00:00:00+09:00,12020.0,14940.0,11900.0,13260.0,2766256,0.0,0.0
2024-10-04 00:00:00+09:00,13580.0,13920.0,12080.0,12320.0,431698,0.0,0.0
2024-10-07 00:00:00+09:00,12720.0,13820.0,11880.0,11880.0,510408,0.0,0.0
2024-10-08 00:00:00+09:00,11900.0,12560.0,11440.0,11660.0,188464,0.0,0.0
2024-10-10 00:00:00+09:00,11660.0,12040.0,11120.0,12000.0,137399,0.0,0.0
2024-10-11 00:00:00+09:00,11820.0,12400.0,11040.0,11160.0,208481,0.0,0.0
2024-10-14 00:00:00+09:00,11120.0,13960.0,10940.0,11160.0,1852824,0.0,0.0
2024-10-15 00:00:00+09:00,13040.0,13240.0,11400.0,11500.0,315324,0.0,0.0
2024-10-16 00:00:00+09:00,11500.0,11700.0,10960.0,11060.0,81051,0.0,0.0
2024-10-17 00:00:00+09:00,11060.0,12080.0,10660.0,10820.0,297290,0.0,0.0
2024-10-18 00:00:00+09:00,10640.0,13520.0,10260.0,11900.0,1059381,0.0,0.0
2024-10-21 00:00:00+09:00,11920.0,11920.0,10400.0,10520.0,355583,0.0,0.0
2024-10-22 00:00:00+09:00,10440.0,10440.0,9400.0,9400.0,147533,0.0,0.0
2024-10-23 00:00:00+09:00,9480.0,9560.0,9040.0,9420.0,51917,0.0,0.0
2024-10-24 00:00:00+09:00,9320.0,9340.0,8900.0,9000.0,50150,0.0,0.0
2024-10-25 00:00:00+09:00,9000.0,9620.0,8820.0,9220.0,91304,0.0,0.0
2024-10-28 00:00:00+09:00,9060.0,9460.0,9020.0,9100.0,30592,0.0,0.0
2024-10-29 00:00:00+09:00,9100.0,9860.0,8880.0,9580.0,142188,0.0,0.0
2024-10-30 00:00:00+09:00,9480.0,9940.0,9280.0,9720.0,75546,0.0,0.0
2024-10-31 00:00:00+09:00,9280.0,9540.0,8560.0,8760.0,117163,0.0,0.0
2024-11-01 00:00:00+09:00,8700.0,8820.0,8320.0,8340.0,74830,0.0,0.0
2024-11-04 00:00:00+09:00,8260.0,8720.0,8140.0,8620.0,35979,0.0,0.0
2024-11-05 00:00:00+09:00,8520.0,8740.0,8280.0,8560.0,49120,0.0,0.0
2024-11-06 00:00:00+09:00,8800.0,8800.0,8180.0,8200.0,58611,0.0,0.0
2024-11-07 00:00:00+09:00,8320.0,8420.0,8100.0,8320.0,33961,0.0,0.0
2024-11-08 00:00:00+09:00,8320.0,8520.0,8300.0,8520.0,30248,0.0,0.0
2024-11-11 00:00:00+09:00,8600.0,8600.0,7996.0,8060.0,34418,0.0,0.0
2024-11-12 00:00:00+09:00,7976.0,8160.0,7800.0,7872.0,32910,0.0,0.0
2024-11-13 00:00:00+09:00,7972.0,8400.0,7788.0,7852.0,40747,0.0,0.0
2024-11-14 00:00:00+09:00,7852.0,7952.0,7584.0,7604.0,26899,0.0,0.0
2024-11-15 00:00:00+09:00,7484.0,7572.0,7144.0,7516.0,28028,0.0,0.0
2024-11-18 00:00:00+09:00,7508.0,7740.0,7292.0,7612.0,17251,0.0,0.0
2024-11-19 00:00:00+09:00,7720.0,7840.0,7600.0,7688.0,14803,0.0,0.0
2024-11-20 00:00:00+09:00,7688.0,7836.0,7244.0,7600.0,11913,0.0,0.0
2024-11-21 00:00:00+09:00,7524.0,7556.0,7340.0,7340.0,22441,0.0,0.0
2024-11-22 00:00:00+09:00,6244.0,6360.0,5796.0,5940.0,927900,0.0,0.0
2024-11-25 00:00:00+09:00,5944.0,6224.0,5944.0,6100.0,159966,0.0,0.0
2024-11-26 00:00:00+09:00,6100.0,6208.0,6020.0,6088.0,120339,0.0,0.0
2024-11-27 00:00:00+09:00,6088.0,6088.0,5660.0,5704.0,177066,0.0,0.0
2024-11-28 00:00:00+09:00,5708.0,5812.0,5632.0,5684.0,91013,0.0,0.0
2024-11-29 00:00:00+09:00,5680.0,5772.0,5484.0,5680.0,87312,0.0,0.0
2024-12-02 00:00:00+09:00,5680.0,5700.0,5280.0,5404.0,124001,0.0,0.0
2024-12-03 00:00:00+09:00,5324.0,5640.0,5324.0,5584.0,62895,0.0,0.0
2024-12-04 00:00:00+09:00,5444.0,5584.0,5320.0,5480.0,58774,0.0,0.0
2024-12-05 00:00:00+09:00,5544.0,5544.0,5128.0,5172.0,107250,0.0,0.0
2024-12-06 00:00:00+09:00,5172.0,5200.0,4840.0,5024.0,134616,0.0,0.0
2024-12-09 00:00:00+09:00,4860.0,4888.0,4640.0,4716.0,92024,0.0,0.0
2024-12-10 00:00:00+09:00,4716.0,5252.0,4716.0,5232.0,103279,0.0,0.0
2024-12-11 00:00:00+09:00,5240.0,5556.0,5212.0,5536.0,71216,0.0,0.0
2024-12-12 00:00:00+09:00,5536.0,5712.0,5260.0,5664.0,67635,0.0,0.0
2024-12-13 00:00:00+09:00,6396.0,6396.0,5684.0,5772.0,257452,0.0,0.0
2024-12-16 00:00:00+09:00,5844.0,5940.0,5776.0,5904.0,77548,0.0,0.0
2024-12-17 00:00:00+09:00,5892.0,6760.0,5412.0,5496.0,1091031,0.0,0.0
2024-12-18 00:00:00+09:00,5452.0,5840.0,5260.0,5708.0,219938,0.0,0.0
2024-12-19 00:00:00+09:00,5672.0,5800.0,5400.0,5540.0,94315,0.0,0.0
2024-12-20 00:00:00+09:00,5540.0,5540.0,5264.0,5320.0,89004,0.0,0.0
2024-12-23 00:00:00+09:00,5320.0,5792.0,5320.0,5660.0,179539,0.0,0.0
2024-12-24 00:00:00+09:00,5724.0,5772.0,5200.0,5204.0,217632,0.0,0.0
2024-12-26 00:00:00+09:00,5208.0,5272.0,4920.0,4924.0,96296,0.0,0.0
2024-12-27 00:00:00+09:00,4924.0,5060.0,4872.0,4968.0,40748,0.0,0.0
2024-12-30 00:00:00+09:00,4960.0,5092.0,4864.0,5068.0,37356,0.0,0.0
2025-01-02 00:00:00+09:00,4800.0,4952.0,4724.0,4860.0,67735,0.0,0.0
2025-01-03 00:00:00+09:00,4868.0,5260.0,4868.0,5228.0,126805,0.0,0.0
2025-01-06 00:00:00+09:00,5280.0,5476.0,5204.0,5376.0,90396,0.0,0.0
2025-01-07 00:00:00+09:00,5376.0,5708.0,5324.0,5596.0,128420,0.0,0.0
2025-01-08 00:00:00+09:00,5560.0,5652.0,5380.0,5548.0,57693,0.0,0.0
2025-01-09 00:00:00+09:00,5540.0,5548.0,5324.0,5492.0,34339,0.0,0.0
2025-01-10 00:00:00+09:00,5492.0,5600.0,5248.0,5352.0,44225,0.0,0.0
2025-01-13 00:00:00+09:00,5352.0,5404.0,5212.0,5216.0,36449,0.0,0.0
2025-01-14 00:00:00+09:00,5200.0,5680.0,5160.0,5616.0,240360,0.0,0.0
2025-01-15 00:00:00+09:00,6144.0,6144.0,5548.0,5572.0,455218,0.0,0.0
2025-01-16 00:00:00+09:00,5576.0,5912.0,5572.0,5652.0,138633,0.0,0.0
2025-01-17 00:00:00+09:00,5660.0,5740.0,5436.0,5500.0,77181,0.0,0.0
2025-01-20 00:00:00+09:00,4980.0,5132.0,4872.0,5116.0,485957,0.0,0.0
2025-01-21 00:00:00+09:00,5088.0,5592.0,5080.0,5236.0,278665,0.0,0.0
2025-01-22 00:00:00+09:00,5136.0,5380.0,5100.0,5232.0,73359,0.0,0.0
2025-01-23 00:00:00+09:00,5168.0,5204.0,4960.0,5084.0,89564,0.0,0.0
2025-01-24 00:00:00+09:00,5080.0,5168.0,5004.0,5004.0,46684,0.0,0.0
2025-01-31 00:00:00+09:00,4980.0,5176.0,4920.0,5072.0,55937,0.0,0.0
2025-02-03 00:00:00+09:00,5072.0,6000.0,4996.0,5652.0,619029,0.0,0.0
2025-02-04 00:00:00+09:00,5596.0,5888.0,5512.0,5576.0,146554,0.0,0.0
2025-02-05 00:00:00+09:00,5580.0,5776.0,5524.0,5600.0,85453,0.0,0.0
2025-02-06 00:00:00+09:00,5716.0,6100.0,5648.0,5692.0,254689,0.0,0.0
2025-02-07 00:00:00+09:00,5692.0,5756.0,5560.0,5752.0,58198,0.0,0.0
2025-02-10 00:00:00+09:00,5752.0,6020.0,5564.0,5968.0,132549,0.0,0.0
2025-02-11 00:00:00+09:00,6064.0,6272.0,5820.0,6040.0,144032,0.0,0.0
2025-02-12 00:00:00+09:00,6040.0,6164.0,5644.0,5680.0,102989,0.0,0.0
2025-02-13 00:00:00+09:00,5684.0,5896.0,5660.0,5824.0,65282,0.0,0.0
2025-02-14 00:00:00+09:00,5944.0,7560.0,5944.0,7180.0,3272247,0.0,0.0
2025-02-17 00:00:00+09:00,7196.0,7356.0,6796.0,7080.0,464579,0.0,0.0
2025-02-18 00:00:00+09:00,7148.0,7960.0,7092.0,7564.0,948898,0.0,0.0
2025-02-19 00:00:00+09:00,7716.0,9380.0,7520.0,9060.0,2078355,0.0,0.0
2025-02-20 00:00:00+09:00,8900.0,10600.0,8820.0,9580.0,1988622,0.0,0.0
2025-02-21 00:00:00+09:00,9520.0,9520.0,8880.0,9440.0,311498,0.0,0.0
2025-02-24 00:00:00+09:00,9480.0,9680.0,8540.0,8540.0,691156,0.0,0.0
2025-02-25 00:00:00+09:00,8480.0,8920.0,8140.0,8820.0,384576,0.0,0.0
2025-02-26 00:00:00+09:00,8660.0,8820.0,8320.0,8560.0,122935,0.0,0.0
2025-02-27 00:00:00+09:00,8560.0,8940.0,8400.0,8560.0,114439,0.0,0.0
2025-02-28 00:00:00+09:00,8520.0,8520.0,7796.0,7868.0,181136,0.0,0.0
2025-03-04 00:00:00+09:00,8000.0,8240.0,7520.0,7980.0,85493,0.0,0.0
2025-03-05 00:00:00+09:00,8220.0,8240.0,7648.0,7684.0,124804,0.0,0.0
2025-03-06 00:00:00+09:00,7652.0,7672.0,6964.0,7356.0,175480,0.0,0.0
2025-03-07 00:00:00+09:00,7244.0,7300.0,6928.0,7092.0,54377,0.0,0.0
2025-03-10 00:00:00+09:00,6984.0,7520.0,6940.0,7080.0,59273,0.0,0.0
2025-03-11 00:00:00+09:00,6988.0,7320.0,6520.0,7292.0,73532,0.0,0.0
2025-03-12 00:00:00+09:00,7532.0,7532.0,7100.0,7152.0,47827,0.0,0.0
2025-03-13 00:00:00+09:00,7152.0,7224.0,6800.0,6964.0,72890,0.0,0.0
2025-03-14 00:00:00+09:00,6964.0,7040.0,6784.0,6804.0,47918,0.0,0.0
2025-03-17 00:00:00+09:00,6980.0,7152.0,6844.0,6996.0,37345,0.0,0.0
2025-03-18 00:00:00+09:00,7040.0,7560.0,7040.0,7220.0,86509,0.0,0.0
2025-03-19 00:00:00+09:00,7396.0,7396.0,6920.0,7028.0,62333,0.0,0.0
2025-03-20 00:00:00+09:00,7028.0,7264.0,6888.0,6928.0,47300,0.0,0.0
2025-03-21 00:00:00+09:00,6840.0,6996.0,6840.0,6848.0,28120,0.0,0.0
2025-03-24 00:00:00+09:00,6880.0,7044.0,6720.0,7028.0,23405,0.0,0.0
2025-03-25 00:00:00+09:00,7200.0,7460.0,6988.0,7080.0,121351,0.0,0.0
2025-03-26 00:00:00+09:00,7080.0,8560.0,7080.0,8320.0,643090,0.0,0.0
2025-03-27 00:00:00+09:00,8320.0,8620.0,8100.0,8620.0,183859,0.0,0.0
2025-03-28 00:00:00+09:00,8800.0,8800.0,7960.0,7988.0,135216,0.0,0.0
2025-03-31 00:00:00+09:00,7880.0,8340.0,7588.0,7588.0,66589,0.0,0.0
2025-04-01 00:00:00+09:00,7524.0,7704.0,7400.0,7696.0,60565,0.0,0.0
2025-04-02 00:00:00+09:00,7696.0,7800.0,7368.0,7380.0,49457,0.0,0.0
2025-04-03 00:00:00+09:00,7360.0,7508.0,7184.0,7360.0,42657,0.0,0.0
2025-04-04 00:00:00+09:00,7052.0,7432.0,7024.0,7368.0,39792,0.0,0.0
2025-04-07 00:00:00+09:00,7200.0,7356.0,6976.0,7060.0,60537,0.0,0.0
2025-04-08 00:00:00+09:00,7060.0,7360.0,6580.0,6600.0,80642,0.0,0.0
2025-04-09 00:00:00+09:00,6452.0,6580.0,6240.0,6348.0,63487,0.0,0.0
2025-04-10 00:00:00+09:00,6732.0,6732.0,6352.0,6668.0,34928,0.0,0.0
2025-04-11 00:00:00+09:00,6660.0,6988.0,6564.0,6796.0,72507,0.0,0.0
2025-04-14 00:00:00+09:00,6928.0,7600.0,6804.0,7280.0,92933,0.0,0.0
2025-04-15 00:00:00+09:00,7440.0,7500.0,7000.0,7400.0,42162,0.0,0.0
2025-04-16 00:00:00+09:00,7400.0,7972.0,7128.0,7564.0,90918,0.0,0.0
2025-04-17 00:00:00+09:00,7480.0,7800.0,7360.0,7600.0,49489,0.0,0.0
2025-04-18 00:00:00+09:00,7692.0,8200.0,7480.0,7888.0,86349,0.0,0.0
2025-04-21 00:00:00+09:00,7904.0,7960.0,7636.0,7768.0,40754,0.0,0.0
2025-04-22 00:00:00+09:00,7920.0,7968.0,7404.0,7404.0,77021,0.0,0.0
2025-04-23 00:00:00+09:00,7532.0,8260.0,7284.0,7404.0,143708,0.0,0.0
2025-04-24 00:00:00+09:00,7420.0,7788.0,7140.0,7336.0,93354,0.0,0.0
2025-04-25 00:00:00+09:00,7460.0,8000.0,7240.0,7496.0,113290,0.0,0.0
2025-04-28 00:00:00+09:00,7788.0,7788.0,7332.0,7460.0,54003,0.0,0.0
2025-04-29 00:00:00+09:00,7512.0,7732.0,7428.0,7464.0,68161,0.0,0.0
2025-04-30 00:00:00+09:00,7472.0,7676.0,7364.0,7572.0,39356,0.0,0.0
2025-05-02 00:00:00+09:00,7572.0,8080.0,7400.0,7600.0,104395,0.0,0.0
2025-05-07 00:00:00+09:00,7596.0,7760.0,7280.0,7352.0,72947,0.0,0.0
2025-05-08 00:00:00+09:00,7356.0,7560.0,7036.0,7068.0,107290,0.0,0.0
2025-05-09 00:00:00+09:00,7372.0,8100.0,7032.0,7080.0,166298,0.0,0.0
2025-05-12 00:00:00+09:00,7156.0,8180.0,7088.0,7956.0,271802,0.0,0.0
2025-05-13 00:00:00+09:00,7956.0,7992.0,7688.0,7728.0,57153,0.0,0.0
2025-05-14 00:00:00+09:00,7736.0,8300.0,7680.0,8120.0,208990,0.0,0.0
2025-05-15 00:00:00+09:00,8100.0,9760.0,8100.0,9560.0,1139238,0.0,0.0
2025-05-16 00:00:00+09:00,9320.0,9420.0,8860.0,9100.0,190911,0.0,0.0
2025-05-19 00:00:00+09:00,9200.0,9200.0,8800.0,8900.0,73207,0.0,0.0
2025-05-20 00:00:00+09:00,8940.0,9580.0,8800.0,9540.0,232259,0.0,0.0
2025-05-21 00:00:00+09:00,9620.0,10360.0,9460.0,9860.0,323149,0.0,0.0
2025-05-22 00:00:00+09:00,10600.0,11120.0,9200.0,10000.0,1362274,0.0,0.0
2025-05-23 00:00:00+09:00,10020.0,11620.0,9680.0,11280.0,1138635,0.0,0.0
2025-05-26 00:00:00+09:00,11080.0,13420.0,11040.0,13200.0,1217266,0.0,0.0
2025-05-27 00:00:00+09:00,13300.0,13840.0,12560.0,12660.0,756354,0.0,0.0
2025-05-28 00:00:00+09:00,12900.0,15140.0,12840.0,14560.0,1114718,0.0,0.0
2025-05-29 00:00:00+09:00,14580.0,15540.0,14260.0,15460.0,656127,0.0,0.0
2025-05-30 00:00:00+09:00,15480.0,15520.0,14900.0,15240.0,225431,0.0,0.0
2025-06-02 00:00:00+09:00,15200.0,17760.0,14680.0,16980.0,1133392,0.0,0.0
2025-06-04 00:00:00+09:00,17240.0,18000.0,16500.0,17880.0,464111,0.0,0.0
2025-06-05 00:00:00+09:00,18040.0,19040.0,15180.0,16180.0,823084,0.0,0.0
2025-06-09 00:00:00+09:00,16080.0,17120.0,15520.0,15800.0,330228,0.0,0.0
2025-06-10 00:00:00+09:00,16900.0,17620.0,16240.0,17540.0,351852,0.0,0.0
2025-06-11 00:00:00+09:00,17660.0,17960.0,16620.0,17800.0,237383,0.0,0.0
2025-06-12 00:00:00+09:00,17600.0,18720.0,16980.0,17500.0,244175,0.0,0.0
2025-06-13 00:00:00+09:00,17500.0,17920.0,16600.0,17660.0,282817,0.0,0.0
2025-06-16 00:00:00+09:00,17600.0,19600.0,17600.0,19500.0,377991,0.0,0.0
2025-06-17 00:00:00+09:00,20480.0,21960.0,19600.0,21400.0,470374,0.0,0.0
2025-06-18 00:00:00+09:00,21400.0,24800.0,20880.0,24800.0,618396,0.0,0.0
2025-06-19 00:00:00+09:00,25000.0,25760.0,23360.0,24400.0,372551,0.0,0.0
2025-06-20 00:00:00+09:00,24360.0,28800.0,23880.0,28440.0,1026956,0.0,0.0
2025-06-23 00:00:00+09:00,27200.0,28200.0,25600.0,26080.0,695340,0.0,0.0
2025-06-24 00:00:00+09:00,27520.0,29400.0,26400.0,27360.0,641768,0.0,0.0
2025-06-25 00:00:00+09:00,28000.0,28000.0,24760.0,25520.0,552202,0.0,0.0
2025-06-26 00:00:00+09:00,25080.0,29680.0,25040.0,28480.0,1149842,0.0,0.0
2025-06-27 00:00:00+09:00,28520.0,29520.0,26200.0,26520.0,391851,0.0,0.0
2025-06-30 00:00:00+09:00,26600.0,27080.0,25480.0,26360.0,238737,0.0,0.0
2025-07-01 00:00:00+09:00,26840.0,28640.0,22800.0,23960.0,857048,0.0,0.0
2025-07-02 00:00:00+09:00,23600.0,25160.0,22760.0,24000.0,353521,0.0,0.0
2025-07-03 00:00:00+09:00,25000.0,25760.0,23200.0,23800.0,227815,0.0,0.0
2025-07-04 00:00:00+09:00,23920.0,25360.0,23440.0,23600.0,515863,0.0,0.0
2025-07-07 00:00:00+09:00,23760.0,23920.0,19640.0,20520.0,769037,0.0,0.0
2025-07-08 00:00:00+09:00,19640.0,21400.0,18200.0,21040.0,658435,0.0,0.0
2025-07-09 00:00:00+09:00,21040.0,21800.0,20280.0,21520.0,246769,0.0,0.0
2025-07-10 00:00:00+09:00,22360.0,23040.0,19360.0,19440.0,774974,0.0,0.0
2025-07-11 00:00:00+09:00,20200.0,20800.0,19320.0,20400.0,558421,0.0,0.0
2025-07-14 00:00:00+09:00,20440.0,23680.0,20120.0,22440.0,1728277,0.0,0.0
2025-07-15 00:00:00+09:00,21240.0,21360.0,18300.0,19040.0,1194272,0.0,0.0
2025-07-16 00:00:00+09:00,19020.0,19580.0,17820.0,19420.0,414964,0.0,0.0
2025-07-17 00:00:00+09:00,19720.0,19740.0,18860.0,19120.0,226176,0.0,0.0
2025-07-18 00:00:00+09:00,19300.0,20760.0,18940.0,20000.0,465086,0.0,0.0
2025-07-21 00:00:00+09:00,19780.0,20080.0,19200.0,19200.0,203623,0.0,0.0
2025-07-22 00:00:00+09:00,19200.0,19260.0,17820.0,17960.0,298469,0.0,0.0
2025-07-23 00:00:00+09:00,18000.0,18200.0,16640.0,17720.0,217728,0.0,0.0
2025-07-24 00:00:00+09:00,17580.0,18080.0,17340.0,17600.0,121794,0.0,0.0
2025-07-25 00:00:00+09:00,17480.0,17960.0,17040.0,17720.0,100392,0.0,0.0
2025-07-28 00:00:00+09:00,17760.0,18420.0,17060.0,17500.0,138200,0.0,0.0
2025-07-29 00:00:00+09:00,17480.0,18120.0,17020.0,17920.0,136905,0.0,0.0
2025-07-30 00:00:00+09:00,18020.0,18280.0,16300.0,16320.0,279010,0.0,0.0
2025-07-31 00:00:00+09:00,16320.0,18640.0,16280.0,17720.0,358374,0.0,0.0
2025-08-01 00:00:00+09:00,17680.0,17980.0,16940.0,17440.0,125353,0.0,0.0
2025-08-04 00:00:00+09:00,17200.0,17440.0,16820.0,17240.0,75945,0.0,0.0
2025-08-05 00:00:00+09:00,17420.0,17720.0,16900.0,17180.0,75185,0.0,0.0
2025-08-06 00:00:00+09:00,17140.0,18840.0,16800.0,18040.0,268521,0.0,0.0
2025-08-07 00:00:00+09:00,18240.0,20200.0,18240.0,19340.0,407967,0.0,0.0
2025-08-08 00:00:00+09:00,19480.0,19600.0,19000.0,19300.0,115808,0.0,0.0
2025-08-11 00:00:00+09:00,19320.0,20720.0,18560.0,20240.0,374558,0.0,0.0
2025-08-12 00:00:00+09:00,20120.0,20240.0,18480.0,18800.0,219100,0.0,0.0
2025-08-13 00:00:00+09:00,19180.0,19560.0,18540.0,19120.0,148102,0.0,0.0
2025-08-14 00:00:00+09:00,19580.0,20280.0,19260.0,20000.0,277176,0.0,0.0
2025-08-18 00:00:00+09:00,18860.0,19480.0,18800.0,19100.0,141465,0.0,0.0
2025-08-19 00:00:00+09:00,19080.0,19360.0,17980.0,18160.0,104291,0.0,0.0
2025-08-20 00:00:00+09:00,17600.0,18920.0,17400.0,18760.0,104330,0.0,0.0
2025-08-21 00:00:00+09:00,18560.0,19840.0,18560.0,18860.0,115977,0.0,0.0
2025-08-22 00:00:00+09:00,18860.0,19200.0,18000.0,18360.0,72398,0.0,0.0
2025-08-25 00:00:00+09:00,18360.0,19520.0,18280.0,18740.0,106083,0.0,0.0
2025-08-26 00:00:00+09:00,18720.0,18720.0,17000.0,17300.0,176113,0.0,0.0
2025-08-27 00:00:00+09:00,17440.0,18680.0,16900.0,17640.0,97189,0.0,0.0
2025-08-28 00:00:00+09:00,17640.0,17960.0,17080.0,17200.0,55951,0.0,0.0
2025-08-29 00:00:00+09:00,17240.0,17560.0,16380.0,16460.0,110319,0.0,0.0
2025-09-01 00:00:00+09:00,16380.0,16980.0,15360.0,15420.0,153155,0.0,0.0
2025-09-02 00:00:00+09:00,15440.0,15800.0,15340.0,15740.0,50662,0.0,0.0
2025-09-03 00:00:00+09:00,15920.0,15920.0,15320.0,15580.0,55885,0.0,0.0
2025-09-04 00:00:00+09:00,15200.0,15760.0,15200.0,15260.0,58236,0.0,0.0
2025-09-05 00:00:00+09:00,15320.0,15580.0,14920.0,15140.0,52049,0.0,0.0
2025-09-08 00:00:00+09:00,15140.0,15580.0,14860.0,15380.0,43250,0.0,0.0
2025-09-09 00:00:00+09:00,15560.0,17400.0,15460.0,16960.0,240778,0.0,0.0
2025-09-10 00:00:00+09:00,16980.0,17460.0,16520.0,17200.0,73362,0.0,0.0
2025-09-11 00:00:00+09:00,17400.0,17520.0,16600.0,16680.0,80005,0.0,0.0
2025-09-12 00:00:00+09:00,17000.0,17580.0,16500.0,16680.0,104861,0.0,0.0
2025-09-15 00:00:00+09:00,16740.0,17020.0,16180.0,16280.0,77192,0.0,0.0
2025-09-16 00:00:00+09:00,16420.0,16440.0,15760.0,15840.0,68131,0.0,0.0
2025-09-17 00:00:00+09:00,16020.0,17120.0,15940.0,16200.0,83343,0.0,0.0
2025-09-18 00:00:00+09:00,16200.0,16280.0,15700.0,16000.0,77394,0.0,0.0
2025-09-22 00:00:00+09:00,16000.0,16560.0,15560.0,15640.0,76590,0.0,0.0
2025-09-23 00:00:00+09:00,15560.0,15880.0,15520.0,15700.0,52108,0.0,0.0
2025-09-24 00:00:00+09:00,15700.0,15700.0,15000.0,15100.0,78506,0.0,0.0
2025-09-25 00:00:00+09:00,15100.0,15600.0,14800.0,14900.0,51497,0.0,0.0
2025-09-26 00:00:00+09:00,14800.0,14840.0,14200.0,14460.0,59313,0.0,0.0
2025-09-29 00:00:00+09:00,14480.0,15000.0,14460.0,14600.0,61227,0.0,0.0
2025-09-30 00:00:00+09:00,14880.0,15160.0,14200.0,14340.0,62674,0.0,0.0
2025-10-01 00:00:00+09:00,14560.0,14760.0,14040.0,14220.0,52742,0.0,0.0
2025-10-02 00:00:00+09:00,14760.0,15840.0,14600.0,15140.0,153864,0.0,0.0
2025-10-10 00:00:00+09:00,15880.0,16420.0,14980.0,15340.0,177994,0.0,0.0
2025-10-13 00:00:00+09:00,14720.0,15660.0,14600.0,14960.0,56123,0.0,0.0
2025-10-14 00:00:00+09:00,15280.0,15280.0,12800.0,13520.0,279673,0.0,0.0
2025-10-15 00:00:00+09:00,13560.0,13780.0,13200.0,13660.0,58308,0.0,0.0
2025-10-16 00:00:00+09:00,13640.0,13880.0,13368.0,13580.0,71695,0.0,0.0
2025-10-17 00:00:00+09:00,13580.0,13600.0,12920.0,13000.0,71066,0.0,0.0
2025-10-20 00:00:00+09:00,13000.0,13400.0,12520.0,12740.0,145692,0.0,0.0
2025-10-21 00:00:00+09:00,12740.0,12960.0,12120.0,12280.0,190590,0.0,0.0
2025-10-22 00:00:00+09:00,12320.0,12320.0,11980.0,12200.0,67537,0.0,0.0
2025-10-23 00:00:00+09:00,12120.0,12300.0,11680.0,11820.0,73573,0.0,0.0
2025-10-24 00:00:00+09:00,12120.0,12160.0,11700.0,11820.0,90077,0.0,0.0
2025-10-27 00:00:00+09:00,11820.0,12100.0,11720.0,11840.0,93920,0.0,0.0
2025-10-28 00:00:00+09:00,11860.0,11860.0,11220.0,11580.0,68709,0.0,0.0
2025-10-29 00:00:00+09:00,11640.0,11660.0,11320.0,11500.0,55953,0.0,0.0
2025-10-30 00:00:00+09:00,11500.0,11500.0,11080.0,11200.0,65975,0.0,0.0
2025-10-31 00:00:00+09:00,11180.0,11340.0,10980.0,11200.0,52117,0.0,0.0
2025-11-03 00:00:00+09:00,11180.0,11400.0,10640.0,10860.0,114103,0.0,0.0
2025-11-04 00:00:00+09:00,10800.0,11980.0,10720.0,11380.0,198040,0.0,0.0
2025-11-05 00:00:00+09:00,11200.0,11340.0,10120.0,10480.0,132387,0.0,0.0
2025-11-06 00:00:00+09:00,10800.0,10920.0,10380.0,10540.0,39605,0.0,0.0
2025-11-07 00:00:00+09:00,10420.0,10440.0,9980.0,10220.0,71315,0.0,0.0
2025-11-10 00:00:00+09:00,10220.0,10400.0,10080.0,10400.0,38773,0.0,0.0
2025-11-11 00:00:00+09:00,10820.0,10820.0,9900.0,10180.0,59875,0.0,0.0
2025-11-12 00:00:00+09:00,10160.0,10160.0,9520.0,9840.0,50446,0.0,0.0
2025-11-13 00:00:00+09:00,9800.0,10040.0,9600.0,9760.0,44878,0.0,0.0
2025-11-14 00:00:00+09:00,9680.0,9760.0,9340.0,9420.0,68293,0.0,0.0
2025-11-17 00:00:00+09:00,9380.0,9560.0,9000.0,9140.0,60051,0.0,0.0
2025-11-18 00:00:00+09:00,9000.0,9140.0,8520.0,8680.0,91243,0.0,0.0
2025-11-19 00:00:00+09:00,8680.0,8880.0,8520.0,8700.0,46543,0.0,0.0
2025-11-20 00:00:00+09:00,8720.0,9040.0,8720.0,8940.0,31492,0.0,0.0
2025-11-21 00:00:00+09:00,8800.0,8800.0,8040.0,8420.0,63213,0.0,0.0
2025-11-24 00:00:00+09:00,8500.0,8800.0,8460.0,8600.0,42016,0.0,0.0
2025-11-25 00:00:00+09:00,8680.0,8820.0,8280.0,8480.0,35466,0.0,0.0
2025-11-26 00:00:00+09:00,8480.0,8540.0,7992.0,8140.0,58653,0.0,0.0
2025-11-27 00:00:00+09:00,8220.0,8800.0,8220.0,8600.0,77374,0.0,0.0
2025-11-28 00:00:00+09:00,8620.0,8800.0,8400.0,8600.0,34613,0.0,0.0
2025-12-01 00:00:00+09:00,8620.0,8880.0,8140.0,8300.0,142791,0.0,0.0
2025-12-02 00:00:00+09:00,8160.0,8540.0,8160.0,8480.0,23961,0.0,0.0
2025-12-03 00:00:00+09:00,8800.0,10120.0,8540.0,9040.0,374973,0.0,0.0
2025-12-04 00:00:00+09:00,9040.0,9040.0,8200.0,8220.0,144613,0.0,0.0
2025-12-05 00:00:00+09:00,8220.0,8260.0,8020.0,8120.0,49406,0.0,0.0
2025-12-08 00:00:00+09:00,8140.0,8360.0,8000.0,8020.0,53812,0.0,0.0
2025-12-09 00:00:00+09:00,8000.0,8120.0,7748.0,8060.0,77408,0.0,0.0
2025-12-10 00:00:00+09:00,8120.0,8860.0,8060.0,8280.0,169738,0.0,0.0
2025-12-11 00:00:00+09:00,8280.0,8320.0,7944.0,8040.0,70568,0.0,0.0
2025-12-12 00:00:00+09:00,8200.0,8360.0,8060.0,8360.0,37457,0.0,0.0
2025-12-15 00:00:00+09:00,8200.0,8220.0,7884.0,7920.0,85262,0.0,0.0
2025-12-16 00:00:00+09:00,7800.0,7888.0,7464.0,7528.0,91137,0.0,0.0
2025-12-17 00:00:00+09:00,7480.0,7784.0,7460.0,7628.0,34968,0.0,0.0
2025-12-18 00:00:00+09:00,7600.0,7680.0,7460.0,7532.0,23990,0.0,0.0
2025-12-19 00:00:00+09:00,7600.0,7632.0,7420.0,7480.0,45902,0.0,0.0
2025-12-22 00:00:00+09:00,7692.0,7780.0,7320.0,7340.0,70139,0.0,0.0
2025-12-23 00:00:00+09:00,7340.0,7424.0,6864.0,6932.0,93795,0.0,0.0
2025-12-24 00:00:00+09:00,6828.0,6996.0,6780.0,6804.0,107984,0.0,0.0
2025-12-26 00:00:00+09:00,6808.0,6904.0,6768.0,6816.0,38281,0.0,0.0
2025-12-29 00:00:00+09:00,6816.0,6976.0,6708.0,6920.0,50880,0.0,0.0
2025-12-30 00:00:00+09:00,6920.0,6920.0,6288.0,6352.0,133856,0.0,0.0
2026-01-02 00:00:00+09:00,6356.0,6624.0,6344.0,6460.0,60509,0.0,0.0
2026-01-05 00:00:00+09:00,6500.0,7232.0,6316.0,7092.0,251585,0.0,0.0
2026-01-06 00:00:00+09:00,7112.0,8220.0,7040.0,7472.0,341264,0.0,0.0
2026-01-07 00:00:00+09:00,7476.0,7500.0,6924.0,7000.0,91772,0.0,0.0
2026-01-08 00:00:00+09:00,6904.0,6928.0,6540.0,6620.0,82702,0.0,0.0
2026-01-09 00:00:00+09:00,6620.0,6680.0,6200.0,6668.0,52403,0.0,0.0
2026-01-12 00:00:00+09:00,6668.0,7032.0,6400.0,6884.0,63751,0.0,0.0
2026-01-13 00:00:00+09:00,6804.0,6992.0,6728.0,6840.0,34612,0.0,0.0
2026-01-14 00:00:00+09:00,7200.0,8880.0,7160.0,8880.0,938462,0.0,0.0
2026-01-15 00:00:00+09:00,9400.0,9900.0,8000.0,8340.0,996681,0.0,0.0
2026-01-16 00:00:00+09:00,7996.0,8140.0,7632.0,7692.0,194545,0.0,0.0
2026-01-19 00:00:00+09:00,7692.0,7772.0,7324.0,7524.0,141222,0.0,0.0
2026-01-20 00:00:00+09:00,7524.0,7912.0,7224.0,7712.0,124959,0.0,0.0
2026-01-21 00:00:00+09:00,7600.0,7600.0,7232.0,7476.0,86104,0.0,0.0
2026-01-22 00:00:00+09:00,7496.0,7700.0,7444.0,7680.0,83339,0.0,0.0
2026-01-23 00:00:00+09:00,7680.0,8240.0,7580.0,7936.0,210395,0.0,0.0
2026-01-26 00:00:00+09:00,7772.0,8160.0,7468.0,7980.0,117617,0.0,0.0
2026-01-27 00:00:00+09:00,8040.0,8420.0,7820.0,7840.0,93439,0.0,0.0
2026-01-28 00:00:00+09:00,7868.0,7960.0,7512.0,7656.0,122817,0.0,0.0
2026-01-29 00:00:00+09:00,7656.0,7860.0,7400.0,7592.0,96836,0.0,0.0
2026-01-30 00:00:00+09:00,7560.0,7560.0,7064.0,7080.0,149377,0.0,0.0
2026-02-02 00:00:00+09:00,6720.0,6832.0,6504.0,6568.0,98430,0.0,0.0
2026-02-03 00:00:00+09:00,6780.0,6780.0,6320.0,6496.0,207900,0.0,0.0
2026-02-04 00:00:00+09:00,6484.0,6484.0,6132.0,6300.0,207193,0.0,0.0
2026-02-05 00:00:00+09:00,6080.0,6176.0,5844.0,5884.0,122688,0.0,0.0
2026-02-06 00:00:00+09:00,5480.0,5636.0,5200.0,5528.0,136950,0.0,0.0
2026-02-09 00:00:00+09:00,5880.0,6340.0,5640.0,5720.0,164341,0.0,0.0
2026-02-10 00:00:00+09:00,5720.0,5996.0,5524.0,5604.0,101491,0.0,0.0
2026-02-11 00:00:00+09:00,5604.0,5640.0,5276.0,5300.0,139417,0.0,0.0
2026-02-12 00:00:00+09:00,5408.0,5408.0,5180.0,5308.0,95993,0.0,0.0
2026-02-13 00:00:00+09:00,5280.0,5280.0,4888.0,4928.0,151734,0.0,0.0
2026-02-19 00:00:00+09:00,4876.0,4968.0,4764.0,4964.0,78090,0.0,0.0
2026-02-20 00:00:00+09:00,5068.0,6156.0,4920.0,5524.0,970875,0.0,0.0
2026-02-23 00:00:00+09:00,5524.0,5720.0,5248.0,5320.0,148569,0.0,0.0
2026-02-24 00:00:00+09:00,4804.0,4880.0,3724.0,3724.0,1662351,0.0,0.0
2026-02-25 00:00:00+09:00,3692.0,4720.0,3600.0,4516.0,1934679,0.0,0.0
2026-02-26 00:00:00+09:00,4604.0,5868.0,4520.0,4520.0,2680837,0.0,0.0
2026-02-27 00:00:00+09:00,4520.0,4600.0,4076.0,4508.0,282037,0.0,0.0
2026-03-03 00:00:00+09:00,4780.0,4948.0,4280.0,4280.0,329053,0.0,0.0
2026-03-04 00:00:00+09:00,4276.0,4280.0,3756.0,3908.0,229914,0.0,0.0
2026-03-05 00:00:00+09:00,4340.0,4492.0,4176.0,4336.0,162104,0.0,0.0
2026-03-06 00:00:00+09:00,4164.0,4440.0,4140.0,4340.0,45853,0.0,0.0
2026-03-09 00:00:00+09:00,4280.0,4280.0,3932.0,4076.0,99638,0.0,0.0
2026-03-10 00:00:00+09:00,3492.0,3840.0,3204.0,3676.0,900158,0.0,0.0
2026-03-11 00:00:00+09:00,3640.0,3900.0,3640.0,3728.0,171235,0.0,0.0
2026-03-12 00:00:00+09:00,3748.0,4200.0,3748.0,3992.0,217637,0.0,0.0
2026-03-13 00:00:00+09:00,3992.0,4296.0,3860.0,4096.0,138618,0.0,0.0
2026-03-16 00:00:00+09:00,4260.0,4260.0,3968.0,4140.0,128966,0.0,0.0
2026-03-17 00:00:00+09:00,4392.0,4664.0,3940.0,3976.0,260507,0.0,0.0
2026-03-18 00:00:00+09:00,3920.0,3976.0,3496.0,3820.0,358158,0.0,0.0
2026-03-19 00:00:00+09:00,3604.0,3788.0,3320.0,3388.0,226744,0.0,0.0
2026-03-20 00:00:00+09:00,3284.0,3396.0,3060.0,3176.0,247046,0.0,0.0
2026-03-23 00:00:00+09:00,3152.0,3152.0,2924.0,2976.0,129446,0.0,0.0
2026-03-24 00:00:00+09:00,2980.0,3120.0,2916.0,2976.0,62831,0.0,0.0
2026-03-25 00:00:00+09:00,2976.0,2976.0,2704.0,2720.0,254923,0.0,0.0
2026-03-26 00:00:00+09:00,2800.0,3060.0,2752.0,2812.0,161635,0.0,0.0
2026-03-27 00:00:00+09:00,2820.0,2860.0,2540.0,2860.0,80773,0.0,0.0
2026-03-30 00:00:00+09:00,2800.0,2820.0,2664.0,2800.0,36091,0.0,0.0
2026-03-31 00:00:00+09:00,2800.0,2960.0,2608.0,2628.0,73262,0.0,0.0
2026-04-01 00:00:00+09:00,2640.0,2788.0,2640.0,2776.0,54611,0.0,0.0
2026-04-02 00:00:00+09:00,2780.0,2824.0,2660.0,2700.0,46906,0.0,0.0
2026-04-03 00:00:00+09:00,2700.0,2740.0,2488.0,2552.0,91122,0.0,0.0
2026-04-06 00:00:00+09:00,2572.0,2572.0,2372.0,2504.0,105849,0.0,0.0
2026-04-07 00:00:00+09:00,2504.0,2504.0,2504.0,2504.0,0,0.0,0.25
2026-04-08 00:00:00+09:00,2504.0,2504.0,2504.0,2504.0,0,0.0,0.0
2026-04-09 00:00:00+09:00,2504.0,2504.0,2504.0,2504.0,0,0.0,0.0
2026-04-10 00:00:00+09:00,2504.0,2504.0,2504.0,2504.0,0,0.0,0.0
2026-04-13 00:00:00+09:00,2504.0,2504.0,2504.0,2504.0,0,0.0,0.0
2026-04-14 00:00:00+09:00,2504.0,2504.0,2504.0,2504.0,0,0.0,0.0
2026-04-15 00:00:00+09:00,2504.0,2504.0,2504.0,2504.0,0,0.0,0.0
2026-04-16 00:00:00+09:00,2504.0,2504.0,2504.0,2504.0,0,0.0,0.0
2026-04-17 00:00:00+09:00,2504.0,2504.0,2504.0,2504.0,0,0.0,0.0
2026-04-20 00:00:00+09:00,2504.0,2504.0,2504.0,2504.0,0,0.0,0.0
2026-04-21 00:00:00+09:00,2504.0,2504.0,2504.0,2504.0,0,0.0,0.0
2026-04-22 00:00:00+09:00,2504.0,2504.0,2504.0,2504.0,0,0.0,0.0
2026-04-23 00:00:00+09:00,2504.0,2504.0,2504.0,2504.0,0,0.0,0.0
2026-04-24 00:00:00+09:00,2504.0,2504.0,2504.0,2504.0,0,0.0,0.0
2026-04-27 00:00:00+09:00,2504.0,2504.0,2504.0,2504.0,0,0.0,0.0
2026-04-28 00:00:00+09:00,2504.0,2504.0,2504.0,2504.0,0,0.0,0.0
2026-04-29 00:00:00+09:00,2504.0,2504.0,2504.0,2504.0,0,0.0,0.0
2026-04-30 00:00:00+09:00,2640.0,3430.0,2640.0,3430.0,398353,0.0,0.0
2026-05-04 00:00:00+09:00,3550.0,3880.0,2905.0,2905.0,1047457,0.0,0.0
2026-05-06 00:00:00+09:00,2975.0,3620.0,2925.0,3295.0,785273,0.0,0.0
2026-05-07 00:00:00+09:00,3295.0,3295.0,3030.0,3190.0,152452,0.0,0.0
2026-05-08 00:00:00+09:00,3060.0,3155.0,2955.0,3040.0,115694,0.0,0.0
2026-05-11 00:00:00+09:00,3030.0,3360.0,2910.0,3160.0,189270,0.0,0.0
2026-05-12 00:00:00+09:00,3165.0,3290.0,2850.0,2960.0,136888,0.0,0.0
2026-05-13 00:00:00+09:00,2700.0,3055.0,2700.0,2960.0,84215,0.0,0.0
2026-05-14 00:00:00+09:00,2945.0,3055.0,2810.0,2890.0,61687,0.0,0.0
2026-05-15 00:00:00+09:00,2890.0,3030.0,2540.0,2605.0,108057,0.0,0.0
2026-05-18 00:00:00+09:00,2510.0,2665.0,2420.0,2620.0,48608,0.0,0.0
2026-05-19 00:00:00+09:00,2620.0,2620.0,2460.0,2510.0,32087,0.0,0.0
2026-05-20 00:00:00+09:00,2485.0,2740.0,2350.0,2455.0,84004,0.0,0.0
2026-05-21 00:00:00+09:00,2440.0,2580.0,2305.0,2380.0,90491,0.0,0.0
2026-05-22 00:00:00+09:00,2380.0,2485.0,2380.0,2450.0,34205,0.0,0.0
2026-05-26 00:00:00+09:00,2450.0,2495.0,2305.0,2315.0,75696,0.0,0.0
2026-05-27 00:00:00+09:00,2390.0,3005.0,2270.0,2585.0,1006506,0.0,0.0
2026-05-28 00:00:00+09:00,2525.0,2560.0,2350.0,2355.0,143349,0.0,0.0
2026-05-29 00:00:00+09:00,2365.0,2510.0,2320.0,2450.0,69569,0.0,0.0
2026-06-01 00:00:00+09:00,2450.0,2455.0,1996.0,2000.0,182894,0.0,0.0
2026-06-02 00:00:00+09:00,2000.0,2025.0,1630.0,1930.0,142674,0.0,0.0
2026-06-04 00:00:00+09:00,1914.0,1915.0,1811.0,1827.0,39357,0.0,0.0
2026-06-05 00:00:00+09:00,1827.0,1836.0,1700.0,1743.0,34682,0.0,0.0
2026-06-08 00:00:00+09:00,1727.0,1727.0,1477.0,1511.0,76266,0.0,0.0
2026-06-09 00:00:00+09:00,1511.0,1573.0,1500.0,1536.0,35793,0.0,0.0
2026-06-10 00:00:00+09:00,1523.0,1568.0,1460.0,1518.0,44638,0.0,0.0
2026-06-11 00:00:00+09:00,1518.0,1585.0,1494.0,1530.0,45609,0.0,0.0
2026-06-12 00:00:00+09:00,1600.0,1620.0,1545.0,1547.0,41697,0.0,0.0
2026-06-15 00:00:00+09:00,1561.0,2010.0,1561.0,1651.0,733527,0.0,0.0
2026-06-16 00:00:00+09:00,1651.0,2145.0,1594.0,1924.0,746942,0.0,0.0
2026-06-17 00:00:00+09:00,1916.0,1920.0,1821.0,1840.0,97774,0.0,0.0
2026-06-18 00:00:00+09:00,1832.0,1990.0,1826.0,1861.0,100211,0.0,0.0
2026-06-19 00:00:00+09:00,1861.0,1905.0,1548.0,1675.0,98318,0.0,0.0
2026-06-22 00:00:00+09:00,1675.0,1675.0,1486.0,1486.0,73378,0.0,0.0
2026-06-23 00:00:00+09:00,1486.0,1502.0,1365.0,1366.0,55342,0.0,0.0
2026-06-24 00:00:00+09:00,1300.0,1366.0,1230.0,1300.0,91389,0.0,0.0
2026-06-25 00:00:00+09:00,1300.0,1345.0,1242.0,1311.0,33454,0.0,0.0
2026-06-26 00:00:00+09:00,1298.0,1298.0,1160.0,1228.0,40989,0.0,0.0
2026-06-29 00:00:00+09:00,1213.0,1253.0,1151.0,1250.0,35534,0.0,0.0
2026-06-30 00:00:00+09:00,1260.0,1415.0,1180.0,1412.0,93240,0.0,0.0
2026-07-01 00:00:00+09:00,1412.0,1500.0,1323.0,1449.0,61254,0.0,0.0
2026-07-02 00:00:00+09:00,1469.0,1483.0,1302.0,1457.0,46736,0.0,0.0
2026-07-03 00:00:00+09:00,1522.0,1561.0,1301.0,1466.0,62596,0.0,0.0
2026-07-06 00:00:00+09:00,1481.0,1481.0,1372.0,1448.0,31513,0.0,0.0
2026-07-07 00:00:00+09:00,1448.0,1499.0,1359.0,1490.0,31999,0.0,0.0
2026-07-08 00:00:00+09:00,1447.0,1490.0,1380.0,1471.0,27155,0.0,0.0
2026-07-09 00:00:00+09:00,1470.0,1489.0,1352.0,1417.0,27462,0.0,0.0
2026-07-10 00:00:00+09:00,1405.0,1449.0,1383.0,1401.0,16279,0.0,0.0
2026-07-13 00:00:00+09:00,1351.0,1449.0,1332.0,1440.0,49493,0.0,0.0
2026-07-14 00:00:00+09:00,1440.0,1470.0,1340.0,1468.0,32690,0.0,0.0
2026-07-15 00:00:00+09:00,1468.0,1522.0,1408.0,1502.0,21012,0.0,0.0
2026-07-16 00:00:00+09:00,1489.0,1512.0,1453.0,1504.0,8168,0.0,0.0
2026-07-20 00:00:00+09:00,1504.0,1544.0,1438.0,1495.0,17959,0.0,0.0
2026-07-21 00:00:00+09:00,1495.0,1522.0,1351.0,1480.0,19375,0.0,0.0
2026-07-22 00:00:00+09:00,1480.0,1507.0,1453.0,1480.0,10095,0.0,0.0
2026-07-23 00:00:00+09:00,1480.0,1520.0,1432.0,1500.0,26385,0.0,0.0
2026-07-24 00:00:00+09:00,1488.0,1502.0,1381.0,1500.0,24522,0.0,0.0
2026-07-27 00:00:00+09:00,1501.0,1505.0,1400.0,1450.0,24641,0.0,0.0
2026-07-28 00:00:00+09:00,1449.0,1504.0,1350.0,1480.0,23889,0.0,0.0
2026-07-29 00:00:00+09:00,1480.0,1480.0,1341.0,1464.0,56591,0.0,0.0
2026-07-30 00:00:00+09:00,1388.0,1454.0,1374.0,1413.0,14831,0.0,0.0
2026-07-31 00:00:00+09:00,1413.0,1498.0,1370.0,1486.0,40297,0.0,0.0
2026-08-03 00:00:00+09:00,1486.0,1486.0,1423.0,1451.0,14163,0.0,0.0
2026-08-04 00:00:00+09:00,1451.0,1491.0,1447.0,1482.0,15748,0.0,0.0
2026-08-05 00:00:00+09:00,1482.0,1522.0,1471.0,1519.0,22835,0.0,0.0
2026-08-06 00:00:00+09:00,1519.0,1581.0,1502.0,1573.0,23661,0.0,0.0
2026-08-07 00:00:00+09:00,1573.0,1900.0,1543.0,1670.0,141547,0.0,0.0
2026-08-10 00:00:00+09:00,1680.0,1753.0,1636.0,1642.0,48408,0.0,0.0
2026-08-11 00:00:00+09:00,1642.0,1709.0,1560.0,1648.0,16446,0.0,0.0
2026-08-12 00:00:00+09:00,1697.0,1697.0,1617.0,1632.0,12146,0.0,0.0
2026-08-13 00:00:00+09:00,1687.0,1779.0,1580.0,1741.0,74916,0.0,0.0
2026-08-14 00:00:00+09:00,1741.0,1741.0,1610.0,1739.0,26325,0.0,0.0
2026-08-18 00:00:00+09:00,1739.0,1739.0,1630.0,1699.0,29579,0.0,0.0
2026-08-19 00:00:00+09:00,1691.0,1700.0,1615.0,1694.0,6212,0.0,0.0
2026-08-20 00:00:00+09:00,1855.0,2145.0,1480.0,1626.0,392843,0.0,0.0
2026-08-21 00:00:00+09:00,1636.0,2030.0,1610.0,1708.0,674392,0.0,0.0
2026-08-24 00:00:00+09:00,1751.0,1800.0,1611.0,1645.0,118335,0.0,0.0
2026-08-25 00:00:00+09:00,1700.0,1747.0,1614.0,1669.0,123945,0.0,0.0
2026-08-26 00:00:00+09:00,1669.0,1676.0,1568.0,1639.0,74370,0.0,0.0
2026-08-27 00:00:00+09:00,1639.0,1667.0,1606.0,1621.0,28833,0.0,0.0
2026-08-28 00:00:00+09:00,1626.0,1975.0,1626.0,1800.0,369064,0.0,0.0
2026-08-31 00:00:00+09:00,1800.0,1801.0,1689.0,1781.0,34283,0.0,0.0
2026-09-01 00:00:00+09:00,1858.0,1859.0,1675.0,1796.0,28392,0.0,0.0
2026-09-02 00:00:00+09:00,1796.0,1841.0,1647.0,1750.0,32042,0.0,0.0
2026-09-03 00:00:00+09:00,1750.0,1800.0,1671.0,1734.0,12528,0.0,0.0
2026-09-04 00:00:00+09:00,2050.0,2050.0,1800.0,1855.0,41574,0.0,0.0
2026-09-07 00:00:00+09:00,1840.0,1840.0,1756.0,1783.0,27499,0.0,0.0
2026-09-08 00:00:00+09:00,1730.0,1834.0,1730.0,1811.0,22492,0.0,0.0
2026-09-09 00:00:00+09:00,1756.0,1910.0,1750.0,1844.0,18611,0.0,0.0
2026-09-10 00:00:00+09:00,1829.0,1871.0,1805.0,1820.0,14515,0.0,0.0
2026-09-11 00:00:00+09:00,1785.0,1862.0,1784.0,1840.0,9964,0.0,0.0
