Date,Open,High,Low,Close,Volume,Dividends,Stock Splits
2015-02-06 00:00:00-05:00,20.27313909223003,20.51017811092428,19.33745574951172,19.33745574951172,1399240,0.0,0.0
2015-02-09 00:00:00-05:00,19.324981043881536,19.886391102784323,18.938233034384638,19.71173095703125,178520,0.0,0.0
2015-02-10 00:00:00-05:00,19.462209737525797,20.273135143256038,19.300024275649296,19.836483001708984,270880,0.0,0.0
2015-02-11 00:00:00-05:00,20.21076092572928,20.21076092572928,19.52459311652242,19.861438751220703,100840,0.0,0.0
2015-02-12 00:00:00-05:00,19.81153658491017,20.160858762691742,19.74915769257963,19.898866653442383,39800,0.0,0.0
2015-02-13 00:00:00-05:00,20.086004914026045,20.110956092194883,19.649352633286348,19.699254989624023,23080,0.0,0.0
2015-02-17 00:00:00-05:00,20.086008576093345,20.135910941529186,19.786590576171875,19.786590576171875,18360,0.0,0.0
2015-02-18 00:00:00-05:00,20.02361963380058,20.04857080401567,19.799055294560212,19.836483001708984,23720,0.0,0.0
2015-02-19 00:00:00-05:00,19.73667945576984,19.96124382958316,19.73667945576984,19.811534881591797,16400,0.0,0.0
2015-02-20 00:00:00-05:00,19.774110372722895,20.672366109869955,19.71173147564806,19.94877052307129,97480,0.0,0.0
2015-02-23 00:00:00-05:00,19.83648695261431,20.547605915468072,19.399834724097644,20.37294578552246,34320,0.0,0.0
2015-02-24 00:00:00-05:00,20.285616074234795,20.797121837223834,20.285616074234795,20.57255744934082,137280,0.0,0.0
2015-02-25 00:00:00-05:00,20.959312396520254,20.959312396520254,20.285620973807642,20.547611236572266,40360,0.0,0.0
2015-02-26 00:00:00-05:00,20.585032275313164,20.585032275313164,20.11095236339363,20.485225677490234,14360,0.0,0.0
2015-02-27 00:00:00-05:00,20.360472948801622,20.659892816427714,19.98619954200875,20.08600616455078,199120,0.0,0.0
2015-03-02 00:00:00-05:00,20.08600771333191,20.585038960868108,20.08600771333191,20.547611236572266,30880,0.0,0.0
2015-03-03 00:00:00-05:00,20.397894859313965,20.765929890418192,20.360467148566386,20.585031509399414,44000,0.0,0.0
2015-03-04 00:00:00-05:00,20.57255744934082,20.772170661604093,20.16085829248342,20.57255744934082,34320,0.0,0.0
2015-03-05 00:00:00-05:00,20.622463884519263,21.034164988555965,20.17333506126961,20.235713958740234,24280,0.0,0.0
2015-03-06 00:00:00-05:00,20.08600399792072,20.198285246385872,19.02556279306155,19.387359619140625,74080,0.0,0.0
2015-03-09 00:00:00-04:00,19.39983424115327,19.686777507765797,19.33745535291805,19.512115478515625,141240,0.0,0.0
2015-03-10 00:00:00-04:00,19.399835957027108,19.861439390065044,19.250126992751664,19.47469139099121,69120,0.0,0.0
2015-03-11 00:00:00-04:00,19.424784657899536,19.78658333774055,19.393595214998715,19.487163543701172,35720,0.0,0.0
2015-03-12 00:00:00-04:00,19.636876849350344,19.92382016848542,19.52459559143585,19.72420883178711,84800,0.0,0.0
2015-03-13 00:00:00-04:00,19.711727533704057,19.99867078359607,19.22517299528248,19.287551879882812,120880,0.0,0.0
2015-03-16 00:00:00-04:00,19.474690067904792,19.72420562596301,19.275076859997167,19.33745574951172,84400,0.0,0.0
2015-03-17 00:00:00-04:00,19.34993836689256,19.699258734977114,19.212704005392744,19.412317276000977,94400,0.0,0.0
2015-03-18 00:00:00-04:00,19.34993774227171,19.686783459853057,19.2875588351769,19.549549102783203,46760,0.0,0.0
2015-03-19 00:00:00-04:00,19.462216691782704,19.81153891057093,19.462216691782704,19.72420883178711,88440,0.0,0.0
2015-03-20 00:00:00-04:00,19.63688224230089,20.073534659792426,19.63688224230089,19.936302185058594,219200,0.0,0.0
2015-03-23 00:00:00-04:00,20.02363445532077,20.522665843615368,20.02363445532077,20.135915756225586,87000,0.0,0.0
2015-03-24 00:00:00-04:00,20.223236467481076,20.510177832429722,19.898865484948768,20.17333221435547,143280,0.0,0.0
2015-03-25 00:00:00-04:00,20.235719570976055,20.422856315289003,19.9363015415367,20.07353401184082,88080,0.0,0.0
2015-03-26 00:00:00-04:00,20.048574437020367,20.435324308220228,20.048574437020367,20.17333221435547,73440,0.0,0.0
2015-03-27 00:00:00-04:00,20.173333549091286,20.385421403862885,19.90510507153496,20.185810089111328,65120,0.0,0.0
2015-03-30 00:00:00-04:00,20.385430279956555,20.385430279956555,20.036109851129282,20.16086769104004,70120,0.0,0.0
2015-03-31 00:00:00-04:00,20.048577506070693,20.58503641146366,20.02362632751465,20.02362632751465,625840,0.0,0.0
2015-04-01 00:00:00-04:00,20.18580513162036,20.29808634961434,19.749152989295794,20.210756301879883,118920,0.0,0.0
2015-04-02 00:00:00-04:00,20.210762207994684,20.472754331411302,20.08600441658731,20.24818992614746,52520,0.0,0.0
2015-04-06 00:00:00-04:00,20.21075990728398,20.60998441361092,20.192047002164205,20.422847747802734,73920,0.0,0.0
2015-04-07 00:00:00-04:00,20.223236467481076,20.38542005509462,20.098478690145974,20.17333221435547,109840,0.0,0.0
2015-04-08 00:00:00-04:00,20.098480019929227,20.33551905108818,20.086003479909184,20.185810089111328,51200,0.0,0.0
2015-04-09 00:00:00-04:00,20.210764367441506,20.273143269810152,19.886393313663334,20.036104202270508,76240,0.0,0.0
2015-04-10 00:00:00-04:00,20.03610262902596,20.472754911320337,19.911344834084712,20.235713958740234,118240,0.0,0.0
2015-04-13 00:00:00-04:00,20.198286603521282,20.385423299305554,20.198286603521282,20.310569763183594,37480,0.0,0.0
2015-04-14 00:00:00-04:00,20.372945585907274,20.49770336426108,20.235711268257035,20.460275650024414,102000,0.0,0.0
2015-04-15 00:00:00-04:00,20.447803103665226,20.69731870909691,20.310570662869598,20.49770736694336,53360,0.0,0.0
2015-04-16 00:00:00-04:00,20.273140344566222,20.560083634789095,20.19828491106365,20.223237991333008,40000,0.0,0.0
2015-04-17 00:00:00-04:00,20.086004858097073,20.16086029604802,19.81153809169837,19.94877052307129,58520,0.0,0.0
2015-04-20 00:00:00-04:00,20.01115509706984,20.39790513011129,19.998680456307685,20.07353401184082,31440,0.0,0.0
2015-04-21 00:00:00-04:00,20.1109634128836,20.2731489854983,20.049833289665607,20.16086769104004,96640,0.0,0.0
2015-04-22 00:00:00-04:00,20.110956404287247,20.21076302216432,19.923819709637577,20.02362632751465,41200,0.0,0.0
2015-04-23 00:00:00-04:00,19.92381402198856,20.260659595468116,19.92381402198856,20.148378372192383,89280,0.0,0.0
2015-04-24 00:00:00-04:00,20.210764505887592,20.28561995070395,20.086006700295695,20.198287963867188,63680,0.0,0.0
2015-04-27 00:00:00-04:00,20.198286239527285,20.26066513699791,20.110956163798985,20.235713958740234,85520,0.0,0.0
2015-04-28 00:00:00-04:00,20.260672440045795,20.397906825409056,20.06106103838072,20.16086769104004,23160,0.0,0.0
2015-04-29 00:00:00-04:00,20.198289521055248,20.210766064037532,19.998678158910987,20.123435974121094,18520,0.0,0.0
2015-04-30 00:00:00-04:00,20.03610295950184,20.03610295950184,19.586974128844247,19.64935302734375,37920,0.0,0.0
2015-05-01 00:00:00-04:00,19.68678150379878,20.11095726843665,19.64935378253003,19.674304962158203,33440,0.0,0.0
2015-05-04 00:00:00-04:00,19.7616400758699,20.061060018627604,19.717975976312825,19.936302185058594,23800,0.0,0.0
2015-05-05 00:00:00-04:00,19.848969484793283,19.9737273020361,19.549549581218596,19.786590576171875,47960,0.0,0.0
2015-05-06 00:00:00-04:00,19.811534881591797,20.011146177696094,19.549542794867495,19.811534881591797,19200,0.0,0.0
2015-05-07 00:00:00-04:00,19.774111514710494,20.011150575823123,19.7179708848315,19.92382049560547,34560,0.0,0.0
2015-05-08 00:00:00-04:00,20.0984832423161,20.397901214275443,20.086006700295695,20.198287963867188,18520,0.0,0.0
2015-05-11 00:00:00-04:00,20.02362632751465,20.21076302216432,19.923819709637577,20.02362632751465,10560,0.0,0.0
2015-05-12 00:00:00-04:00,19.886389927188592,20.12343085801531,19.5869720082685,19.861438751220703,18040,0.0,0.0
2015-05-13 00:00:00-04:00,19.898863990346317,19.956253401217097,19.20021972828383,19.250123977661133,43920,0.0,0.0
2015-05-14 00:00:00-04:00,19.26269418433061,19.63965492407359,19.25012805941059,19.526565551757812,53240,0.275,0.0
2015-05-15 00:00:00-04:00,19.47629934682633,19.727606435172476,19.22499225848018,19.664779663085938,26040,0.0,0.0
2015-05-18 00:00:00-04:00,19.790436446854745,20.19252747056469,19.790436446854745,19.91609001159668,28920,0.0,0.0
2015-05-19 00:00:00-04:00,19.978912746644237,20.041739516287773,19.740171788927146,20.01660919189453,20440,0.0,0.0
2015-05-20 00:00:00-04:00,20.468970785920103,20.468970785920103,20.04174931049347,20.104576110839844,18840,0.0,0.0
2015-05-21 00:00:00-04:00,20.129706447514035,20.205099374858403,20.085728837664647,20.104576110839844,20320,0.0,0.0
2015-05-22 00:00:00-04:00,20.09200668334961,20.11713893321714,20.016615685711432,20.09200668334961,14320,0.0,0.0
2015-05-26 00:00:00-04:00,20.5066590700724,20.5066590700724,19.803000337255423,20.066871643066406,26640,0.0,0.0
2015-05-27 00:00:00-04:00,19.953783378463097,20.330744014388767,19.904778572485597,20.230220794677734,20400,0.0,0.0
2015-05-28 00:00:00-04:00,20.129702992666406,20.179965574710042,19.664785133361136,19.765308380126953,24200,0.0,0.0
2015-05-29 00:00:00-04:00,19.727612554200388,19.928659054165433,19.45117505473959,19.514001846313477,44920,0.0,0.0
2015-06-01 00:00:00-04:00,19.614521754624803,20.179962782457174,19.463735946679215,20.117136001586914,21120,0.0,0.0
2015-06-02 00:00:00-04:00,20.01660997023473,20.01660997023473,19.639649337715507,19.664779663085938,10440,0.0,0.0
2015-06-03 00:00:00-04:00,19.66478539116775,20.19253004695524,19.4763050200064,19.8532657623291,13880,0.0,0.0
2015-06-04 00:00:00-04:00,19.72761192292459,19.80300483732932,19.526565429392953,19.765308380126953,20040,0.0,0.0
2015-06-05 00:00:00-04:00,19.627079613948652,19.853256335411125,19.476295772080533,19.564252853393555,29200,0.0,0.0
2015-06-08 00:00:00-04:00,19.58938489263333,19.777865190833086,19.40090459443357,19.426036834716797,12160,0.0,0.0
2015-06-09 00:00:00-04:00,19.275251062300395,19.55169036684997,19.162163650308838,19.426036834716797,7680,0.0,0.0
2015-06-10 00:00:00-04:00,19.46373507070032,19.752738633160966,19.426040537731588,19.476301193237305,10720,0.0,0.0
2015-06-11 00:00:00-04:00,19.601954174649187,19.777868381083,19.38834351903068,19.72760772705078,20400,0.0,0.0
2015-06-12 00:00:00-04:00,19.689909222819807,20.041739516287773,19.476298589495954,20.01660919189453,30840,0.0,0.0
2015-06-15 00:00:00-04:00,19.878387451171875,19.9726275957735,19.702473281510436,19.878387451171875,14520,0.0,0.0
2015-06-16 00:00:00-04:00,19.7904397291939,19.91609331477608,19.715046810915965,19.74017906188965,27400,0.0,0.0
2015-06-17 00:00:00-04:00,19.81557031844287,19.976406756676933,19.72761319086511,19.828136444091797,6400,0.0,0.0
2015-06-18 00:00:00-04:00,19.890961856920214,20.261639529973266,19.777872485894935,20.192529678344727,48960,0.0,0.0
2015-06-19 00:00:00-04:00,20.192528377959515,20.255355163153737,19.853264121374966,19.941221237182617,66560,0.0,0.0
2015-06-22 00:00:00-04:00,19.96635334553069,20.154833717895,19.70248197461355,19.991485595703125,23680,0.0,0.0
2015-06-23 00:00:00-04:00,20.041742673443895,20.041742673443895,19.664781996200436,19.890958786010742,16360,0.0,0.0
2015-06-24 00:00:00-04:00,19.941221237182617,20.12970159276529,19.72761055098652,19.941221237182617,66280,0.0,0.0
2015-06-25 00:00:00-04:00,19.8909578876418,20.004045318778818,19.564257881857646,19.865827560424805,35960,0.0,0.0
2015-06-26 00:00:00-04:00,19.92866183679871,20.104576110839844,19.865835036452335,20.104576110839844,165760,0.0,0.0
2015-06-29 00:00:00-04:00,19.991482016739894,20.167396232525046,19.853262334822166,19.890958786010742,76880,0.0,0.0
2015-06-30 00:00:00-04:00,19.868341311964976,20.029177723622595,19.683630415912333,20.004047393798828,20400,0.0,0.0
2015-07-01 00:00:00-04:00,20.01662599655112,20.104583164431013,19.689925753200132,19.97892951965332,17680,0.0,0.0
2015-07-02 00:00:00-04:00,19.978916647261958,19.978916647261958,19.74017564293386,19.777870178222656,5240,0.0,0.0
2015-07-06 00:00:00-04:00,19.715044522869242,20.05431069842455,19.532847228384455,19.70248031616211,57480,0.0,0.0
2015-07-07 00:00:00-04:00,19.727604814633374,19.895980089836954,19.51399419055054,19.752735137939453,163040,0.0,0.0
2015-07-08 00:00:00-04:00,19.639650623833873,19.9663487096854,19.601954174649187,19.72760772705078,10240,0.0,0.0
2015-07-09 00:00:00-04:00,19.941221334132337,20.05431069842455,19.614523199926833,19.70248031616211,58520,0.0,0.0
2015-07-10 00:00:00-04:00,19.828132754143095,20.016613099871982,19.639652408414207,19.777870178222656,63240,0.0,0.0
2015-07-13 00:00:00-04:00,19.890963237693278,19.916093571669556,19.75274352484139,19.828136444091797,62840,0.0,0.0
2015-07-14 00:00:00-04:00,19.777872466977826,19.865831505687172,19.727611802562297,19.815568923950195,52840,0.0,0.0
2015-07-15 00:00:00-04:00,19.890962091293385,19.928658548745986,19.614524598843442,19.715045928955078,83760,0.0,0.0
2015-07-16 00:00:00-04:00,19.81556483026769,19.865827401620958,19.664780950849984,19.72760772705078,27480,0.0,0.0
2015-07-17 00:00:00-04:00,19.777869517261614,19.792949248194404,19.60195530072206,19.6522159576416,13240,0.0,0.0
2015-07-20 00:00:00-04:00,19.601954174649187,19.80300062542016,19.601954174649187,19.72760772705078,29040,0.0,0.0
2015-07-21 00:00:00-04:00,19.677352526526658,19.803006113752698,19.589393481611165,19.63965606689453,86960,0.0,0.0
2015-07-22 00:00:00-04:00,19.67735138882395,19.79043884386028,19.62708880644666,19.715045928955078,19400,0.0,0.0
2015-07-23 00:00:00-04:00,19.702479545985305,19.752740205491804,19.589390186113793,19.627086639404297,63720,0.0,0.0
2015-07-24 00:00:00-04:00,19.601956810101886,19.752740709792253,19.595673748172846,19.61452293395996,61440,0.0,0.0
2015-07-27 00:00:00-04:00,19.601955686021828,19.777869906019184,19.58938956288436,19.689912796020508,62160,0.0,0.0
2015-07-28 00:00:00-04:00,19.664783594749647,19.68991392514449,19.526563901596045,19.61452293395996,47520,0.0,0.0
2015-07-29 00:00:00-04:00,19.589390951869895,19.81556776313299,19.56426062113429,19.70248031616211,26560,0.0,0.0
2015-07-30 00:00:00-04:00,19.60195530072206,19.74017498323254,19.60195530072206,19.6522159576416,14200,0.0,0.0
2015-07-31 00:00:00-04:00,19.815569304632536,19.96635321809732,19.69619878636131,19.8532657623291,27760,0.0,0.0
2015-08-03 00:00:00-04:00,19.8532655020515,19.90352616677368,19.715045798083317,19.765308380126953,100600,0.0,0.0
2015-08-04 00:00:00-04:00,19.777868491854978,19.853261390646615,19.539127507883222,19.67734718322754,44640,0.0,0.0
2015-08-05 00:00:00-04:00,19.715047068837205,19.79043998810146,19.6019596072624,19.63965606689453,105160,0.0,0.0
2015-08-06 00:00:00-04:00,19.689918917166953,19.752745717743313,19.526568852204058,19.539134979248047,71720,0.0,0.0
2015-08-07 00:00:00-04:00,19.526563518456282,19.72760999231282,19.488868982264297,19.576826095581055,57200,0.0,0.0
2015-08-10 00:00:00-04:00,19.627084501665294,19.9663487096854,19.576823847633076,19.72760772705078,57680,0.0,0.0
2015-08-11 00:00:00-04:00,19.752743270054932,19.978920107567173,19.70248260275068,19.74017906188965,29680,0.0,0.0
2015-08-12 00:00:00-04:00,19.790438971941985,19.89096222002567,19.75274251424542,19.8532657623291,60080,0.0,0.0
2015-08-13 00:00:00-04:00,19.853264121374966,20.054310600925014,19.765307005567315,19.941221237182617,86120,0.0,0.0
2015-08-14 00:00:00-04:00,19.92848784415292,20.25956893059787,19.92848784415292,20.157697677612305,93160,0.525,0.0
2015-08-17 00:00:00-04:00,20.1831740193397,20.399649314221204,20.119504700666702,20.246843338012695,54520,0.0,0.0
2015-08-18 00:00:00-04:00,20.24683278799974,20.259567422312067,20.068559565821502,20.13222885131836,30720,0.0,0.0
2015-08-19 00:00:00-04:00,20.17043685913086,20.195906137845704,20.068567516404137,20.17043685913086,33840,0.0,0.0
2015-08-20 00:00:00-04:00,20.094027415858843,20.24683331643298,19.92848688064001,20.0430908203125,38880,0.0,0.0
2015-08-21 00:00:00-04:00,20.017625576897288,20.11949683555727,19.584675156383167,19.915754318237305,48400,0.0,0.0
2015-08-24 00:00:00-04:00,19.559211833067558,19.97942770366924,19.48280788766741,19.495542526245117,60320,0.0,0.0
2015-08-25 00:00:00-04:00,19.91575300500085,20.094028181658594,19.419133323450215,19.470067977905273,47360,0.0,0.0
2015-08-26 00:00:00-04:00,19.87754523546443,19.941214500225005,19.457327699438277,19.826608657836914,29800,0.0,0.0
2015-08-27 00:00:00-04:00,20.030362669800386,20.157701272986614,19.559210226617914,20.055830001831055,66320,0.0,0.0
2015-08-28 00:00:00-04:00,20.00489088499508,20.06856017241641,19.83935034909313,19.979421615600586,43920,0.0,0.0
2015-08-31 00:00:00-04:00,19.903020772421492,20.05582668234715,19.903020772421492,19.966690063476562,61000,0.0,0.0
2015-09-01 00:00:00-04:00,19.775679899172548,19.992155075073242,19.762945265223895,19.992155075073242,49760,0.0,0.0
2015-09-02 00:00:00-04:00,20.04309377718821,20.11949771026306,19.94122445713205,20.094030380249023,33600,0.0,0.0
2015-09-03 00:00:00-04:00,20.11949771026306,20.215001655090262,19.99215911716013,20.094030380249023,52800,0.0,0.0
2015-09-04 00:00:00-04:00,19.915756321060318,20.01762758996496,19.801152357938122,19.852087020874023,72320,0.0,0.0
2015-09-08 00:00:00-04:00,20.081291683616783,20.119493642430395,19.928485791394664,19.992155075073242,26080,0.0,0.0
2015-09-09 00:00:00-04:00,20.09403088539813,20.106763579208874,19.83935369278987,20.004894256591797,62040,0.0,0.0
2015-09-10 00:00:00-04:00,20.017624461878086,20.37417287581129,19.92848784415292,20.157697677612305,55880,0.0,0.0
2015-09-11 00:00:00-04:00,20.068554106108206,20.36143118528969,20.05581947526037,20.297761917114258,40480,0.0,0.0
2015-09-14 00:00:00-04:00,20.272301860467937,20.412375077844164,20.164065231615908,20.25956916809082,58840,0.0,0.0
2015-09-15 00:00:00-04:00,20.208627960339026,20.374168467745886,20.123311363044195,20.31049919128418,15440,0.0,0.0
2015-09-16 00:00:00-04:00,20.259565970057047,20.48877382698963,20.183162055724683,20.39963722229004,52520,0.0,0.0
2015-09-17 00:00:00-04:00,20.399643989460973,20.667055835300484,20.132234086654357,20.450580596923828,67360,0.0,0.0
2015-09-18 00:00:00-04:00,20.259572941408713,20.781660058890036,20.259572941408713,20.55245018005371,87320,0.0,0.0
2015-09-21 00:00:00-04:00,20.654318265489163,20.883528108950017,20.463310386443887,20.62885093688965,99560,0.0,0.0
2015-09-22 00:00:00-04:00,20.52697921103861,20.65431779416296,20.20863275322774,20.425107955932617,28800,0.0,0.0
2015-09-23 00:00:00-04:00,20.399637222290043,20.6161123888554,20.27229866042427,20.39963722229004,24680,0.0,0.0
2015-09-24 00:00:00-04:00,20.323237391937848,20.552445273016296,20.28503543074729,20.501510620117188,22200,0.0,0.0
2015-09-25 00:00:00-04:00,20.539713160050376,20.65431710381877,20.240466722497054,20.348705291748047,34280,0.0,0.0
2015-09-28 00:00:00-04:00,20.386912571160426,20.45058187720024,20.285041292890128,20.374177932739258,25400,0.0,0.0
2015-09-29 00:00:00-04:00,20.374171036055536,20.463307645731806,20.310501751567863,20.386905670166016,31880,0.0,0.0
2015-09-30 00:00:00-04:00,20.412370422229333,20.514241653174487,20.24046259856988,20.31049919128418,28160,0.0,0.0
2015-10-01 00:00:00-04:00,20.386903100251075,20.60337825161445,20.00488744148084,20.31049919128418,97520,0.0,0.0
2015-10-02 00:00:00-04:00,20.246829914822474,20.374168467745886,20.170426005855578,20.31049919128418,26480,0.0,0.0
2015-10-05 00:00:00-04:00,20.39964526654858,20.476049211009556,20.323243265120617,20.374177932739258,32280,0.0,0.0
2015-10-06 00:00:00-04:00,20.374171036055536,20.53971156432996,20.34870371086694,20.386905670166016,16120,0.0,0.0
2015-10-07 00:00:00-04:00,20.361439129013217,20.743454887103766,20.348706436229772,20.62885093688965,24480,0.0,0.0
2015-10-08 00:00:00-04:00,20.70525445505634,20.8962623303132,20.52697927233039,20.65431785583496,32760,0.0,0.0
2015-10-09 00:00:00-04:00,20.69251577355211,20.940825574228295,20.641581127322404,20.845321655273438,21800,0.0,0.0
2015-10-12 00:00:00-04:00,20.896261380949426,21.723962136124847,20.896261380949426,21.647558212280273,34200,0.0,0.0
2015-10-13 00:00:00-04:00,21.59662505247659,21.889502247066442,21.545688452045543,21.67302703857422,26480,0.0,0.0
2015-10-14 00:00:00-04:00,21.673030439521238,21.876772987151597,21.44382055919532,21.698497772216797,22440,0.0,0.0
2015-10-15 00:00:00-04:00,21.73669456761755,22.18237958429467,21.673025279520818,22.131444931030273,33480,0.0,0.0
2015-10-16 00:00:00-04:00,22.182382849941913,22.679004536027577,22.14418088285336,22.513463973999023,54880,0.0,0.0
2015-10-19 00:00:00-04:00,22.487996643617574,22.908212452493373,22.487996643617574,22.513463973999023,15520,0.0,0.0
2015-10-20 00:00:00-04:00,22.462523158395985,22.64716564086404,22.296984570439296,22.53892707824707,24600,0.0,0.0
2015-10-21 00:00:00-04:00,22.53892499136971,22.640796227394773,22.373384475708008,22.373384475708008,12880,0.0,0.0
2015-10-22 00:00:00-04:00,22.373384956852533,22.793602600097657,22.16964442345314,22.28424835205078,34200,0.0,0.0
2015-10-23 00:00:00-04:00,22.335190109016295,22.37339207838609,21.91624696158078,22.144182205200195,17560,0.0,0.0
2015-10-26 00:00:00-04:00,22.16965103149414,22.284254994251445,22.04231243152699,22.16965103149414,14560,0.0,0.0
2015-10-27 00:00:00-04:00,22.080506104369036,22.258781258851695,21.876765568858925,22.09324073791504,13600,0.0,0.0
2015-10-28 00:00:00-04:00,22.16964437164116,22.729933265970384,22.099607774091943,22.640796661376953,16560,0.0,0.0
2015-10-29 00:00:00-04:00,22.424319676259813,22.628060192657905,22.360650400566893,22.577125549316406,23040,0.0,0.0
2015-10-30 00:00:00-04:00,22.52619511290028,22.71720299212679,22.22058328335091,22.258785247802734,24400,0.0,0.0
2015-11-02 00:00:00-05:00,22.296982985464858,22.41795423076954,22.233313704458997,22.28424835205078,37240,0.0,0.0
2015-11-03 00:00:00-05:00,22.1187094051309,22.615330998098152,22.06777475391844,22.53892707824707,30240,0.0,0.0
2015-11-04 00:00:00-05:00,22.5643944038533,22.880193516041814,22.411588507183527,22.53892707824707,21440,0.0,0.0
2015-11-05 00:00:00-05:00,23.07375301452193,23.11195498161048,22.20785018032336,22.513463973999023,20120,0.0,0.0
2015-11-06 00:00:00-05:00,22.47525924908027,22.53892853873772,21.150938801418295,21.163671493530273,47960,0.0,0.0
2015-11-09 00:00:00-05:00,21.163671075096715,21.59662340202686,21.01086517154651,21.482017517089844,34760,0.0,0.0
2015-11-10 00:00:00-05:00,21.52022618662906,21.838572727851385,21.431089543693428,21.825838088989258,26200,0.0,0.0
2015-11-11 00:00:00-05:00,21.88949494410097,22.105972023402842,21.774891031673377,22.004100799560547,23080,0.0,0.0
2015-11-12 00:00:00-05:00,21.965902467658264,22.004104425773697,21.507482856337692,21.545684814453125,14000,0.0,0.0
2015-11-13 00:00:00-05:00,21.58439323782261,22.784243323419975,21.58439323782261,22.268178939819336,67680,0.55,0.0
2015-11-16 00:00:00-05:00,22.268175189723692,23.01001761621885,21.984338251639684,22.82294273376465,46280,0.0,0.0
2015-11-17 00:00:00-05:00,22.87454905640936,23.351908110240984,22.71973016984626,22.745532989501953,29600,0.0,0.0
2015-11-18 00:00:00-05:00,22.74553427043824,23.132582492957454,22.5133049432009,22.82294273376465,24840,0.0,0.0
2015-11-19 00:00:00-05:00,22.822948179568698,22.99712070871343,22.668129247345345,22.848752975463867,28320,0.0,0.0
2015-11-20 00:00:00-05:00,22.848752975463867,23.171293237858166,22.822948179568698,22.848752975463867,39600,0.0,0.0
2015-11-23 00:00:00-05:00,22.784241460240136,23.416419491002845,22.668125802247708,23.145484924316406,29840,0.0,0.0
2015-11-24 00:00:00-05:00,23.068073869881403,23.390614047120714,22.719730872188748,23.22289276123047,32800,0.0,0.0
2015-11-25 00:00:00-05:00,23.313204729621454,23.442220806673735,23.00356693214762,23.0938777923584,32720,0.0,0.0
2015-11-27 00:00:00-05:00,23.11968315217958,23.880879271531516,23.11968315217958,23.571239471435547,25080,0.0,0.0
2015-11-30 00:00:00-05:00,23.661554049780616,24.280831778395942,23.02937589119954,23.042278289794922,315840,0.0,0.0
2015-12-01 00:00:00-05:00,23.068081118356055,23.197097229791346,22.771343668328957,23.042278289794922,33280,0.0,0.0
2015-12-02 00:00:00-05:00,22.732633730150546,23.11968198424606,22.029496462269545,22.38429069519043,37440,0.0,0.0
2015-12-03 00:00:00-05:00,22.268183531287093,22.423002484563465,21.70051141110067,22.07465934753418,29960,0.0,0.0
2015-12-04 00:00:00-05:00,22.100456988989563,22.461702440898375,21.91983327872049,22.3455867767334,17080,0.0,0.0
2015-12-07 00:00:00-05:00,22.371385870633105,22.371385870633105,22.023042873489075,22.113353729248047,20400,0.0,0.0
2015-12-08 00:00:00-05:00,22.061749826766018,22.061749826766018,21.739209624620315,21.906930923461914,32800,0.0,0.0
2015-12-09 00:00:00-05:00,21.739208321822318,22.229469793428986,21.739208321822318,22.061748504638672,42360,0.0,0.0
2015-12-10 00:00:00-05:00,22.139160824371036,22.69392841123196,21.70050495714732,22.17786407470703,24400,0.0,0.0
2015-12-11 00:00:00-05:00,21.99724401241118,22.655226878826547,21.99724401241118,22.52621078491211,35120,0.0,0.0
2015-12-14 00:00:00-05:00,22.46169882994676,22.635869345250498,22.09400223881272,22.20366668701172,29280,0.0,0.0
2015-12-15 00:00:00-05:00,22.242374841668813,22.7326364151549,22.152063965438877,22.629423141479492,131600,0.0,0.0
2015-12-16 00:00:00-05:00,22.693930531413677,23.05517599445635,22.513308784207045,23.029373168945312,143560,0.0,0.0
2015-12-17 00:00:00-05:00,23.029373838735648,23.093881888704097,22.461703786465094,22.629423141479492,147000,0.0,0.0
2015-12-18 00:00:00-05:00,22.642328101508227,22.642328101508227,22.06175558608494,22.229476928710938,83360,0.0,0.0
2015-12-21 00:00:00-05:00,22.25527954101563,22.25527954101563,21.739215087890628,21.9327392578125,28480,0.0,0.0
2015-12-22 00:00:00-05:00,21.93273653414062,22.126260680030096,21.713409562525097,21.91983413696289,62400,0.0,0.0
2015-12-23 00:00:00-05:00,22.035945683739175,22.126256541201943,21.932732431512132,22.061748504638672,46840,0.0,0.0
2015-12-24 00:00:00-05:00,22.048852972313764,22.048852972313764,21.881133599951866,21.9327392578125,25480,0.0,0.0
2015-12-28 00:00:00-05:00,21.894034030102194,21.997247314453126,21.772758568637077,21.9327392578125,24960,0.0,0.0
2015-12-29 00:00:00-05:00,21.93273411835883,22.15206106581658,21.790815639553063,22.087553024291992,55520,0.0,0.0
2015-12-30 00:00:00-05:00,22.061751108187504,22.216570020484017,21.971440240066975,21.98434066772461,13000,0.0,0.0
2015-12-31 00:00:00-05:00,22.010147655514338,22.371391164025617,21.945639604904542,22.164966583251953,40680,0.0,0.0
2016-01-04 00:00:00-05:00,22.061746886653435,22.152057737492903,21.494076993980578,21.68760108947754,38240,0.0,0.0
2016-01-05 00:00:00-05:00,21.790816012186905,22.835847090207412,21.739210365536437,22.590717315673828,35800,0.0,0.0
2016-01-06 00:00:00-05:00,22.384293067105126,22.887455063294333,22.384293067105126,22.655227661132812,18160,0.0,0.0
2016-01-07 00:00:00-05:00,22.46170141309676,22.82294487984647,22.410093797397337,22.681028366088867,25360,0.0,0.0
2016-01-08 00:00:00-05:00,22.70683182914538,22.771339874114545,22.25527551436124,22.281078338623047,29440,0.0,0.0
2016-01-11 00:00:00-05:00,22.384294941495636,22.681032386319192,22.17786837936718,22.33268928527832,30360,0.0,0.0
2016-01-12 00:00:00-05:00,22.461704332505676,22.461704332505676,21.945639920212653,22.023048400878906,39520,0.0,0.0
2016-01-13 00:00:00-05:00,22.02304505704225,22.900354818461253,22.02304505704225,22.410093307495117,53840,0.0,0.0
2016-01-14 00:00:00-05:00,22.577812506815917,22.913255080083076,22.20366668701172,22.20366668701172,25640,0.0,0.0
2016-01-15 00:00:00-05:00,22.07465700871371,22.22947594558694,21.932738501545987,22.126262664794922,29600,0.0,0.0
2016-01-19 00:00:00-05:00,22.35849665775524,22.62942936090766,21.984348683930474,22.25528335571289,67320,0.0,0.0
2016-01-20 00:00:00-05:00,22.08755421002296,22.08755421002296,21.28765484590278,21.40376853942871,55160,0.0,0.0
2016-01-21 00:00:00-05:00,21.545687668286302,21.91983355291857,21.171541783654032,21.32636070251465,19120,0.0,0.0
2016-01-22 00:00:00-05:00,21.532786476371587,21.915964453955144,21.532786476371587,21.842426300048828,17160,0.0,0.0
2016-01-25 00:00:00-05:00,21.842419972149326,21.868222791156473,21.5585850258129,21.68760108947754,15760,0.0,0.0
2016-01-26 00:00:00-05:00,21.868221224066627,22.487498679004887,21.829516014015095,22.10045051574707,15200,0.0,0.0
2016-01-27 00:00:00-05:00,22.25527158896802,22.25527158896802,21.68760168081694,21.958534240722656,15240,0.0,0.0
2016-01-28 00:00:00-05:00,22.113353729248047,22.616517586126317,22.048845693901782,22.113353729248047,19280,0.0,0.0
2016-01-29 00:00:00-05:00,22.26818209945943,22.99067115783691,22.26818209945943,22.990671157836914,31640,0.0,0.0
2016-02-01 00:00:00-05:00,22.91325775474518,23.545435791278493,22.861650138956612,23.11968231201172,22040,0.0,0.0
2016-02-02 00:00:00-05:00,23.209993178855154,23.60994383454227,22.603617965901503,23.11968231201172,39320,0.0,0.0
2016-02-03 00:00:00-05:00,23.23579452145827,23.23579452145827,22.35332312446403,22.513303756713867,23480,0.0,0.0
2016-02-04 00:00:00-05:00,22.487506579095562,22.655227902488583,22.100458279863727,22.306882858276367,22160,0.0,0.0
2016-02-05 00:00:00-05:00,22.21657255548879,22.51330998628318,21.85532707315777,22.023048400878906,66040,0.0,0.0
2016-02-08 00:00:00-05:00,22.01014439325455,22.01014439325455,21.713407010704874,21.881128311157227,42720,0.0,0.0
2016-02-09 00:00:00-05:00,21.855320685182285,21.919828717864203,21.184437539016123,21.429569244384766,39560,0.0,0.0
2016-02-10 00:00:00-05:00,21.44247763361782,22.04240374155343,21.44247763361782,21.9327392578125,35320,0.0,0.0
2016-02-11 00:00:00-05:00,21.67469828841186,21.971435622990892,21.326355316788156,21.623092651367188,33840,0.0,0.0
2016-02-12 00:00:00-05:00,21.661795352021628,22.203664370556528,21.584386898394367,22.139156341552734,16640,0.0,0.0
2016-02-16 00:00:00-05:00,22.319782554703075,22.461701034699114,21.932734302309377,22.17786407470703,17920,0.0,0.0
2016-02-17 00:00:00-05:00,22.255273209863557,22.461699719841466,22.07465149010471,22.216567993164062,20960,0.0,0.0
2016-02-18 00:00:00-05:00,22.177863888700575,22.435896054798913,21.88112847259084,22.087553024291992,17240,0.0,0.0
2016-02-19 00:00:00-05:00,22.048847642980398,22.061750038641804,21.868225915495824,21.881128311157227,65040,0.0,0.0
2016-02-22 00:00:00-05:00,22.023051717355525,22.306886793133838,21.932740825330125,22.07465934753418,23960,0.0,0.0
2016-02-23 00:00:00-05:00,21.984348811876213,22.26818588630206,21.41667860028453,21.81662940979004,28200,0.0,0.0
2016-02-24 00:00:00-05:00,21.67470703125,22.010149713233115,21.623101373389364,21.9327392578125,18320,0.0,0.0
2016-02-25 00:00:00-05:00,21.93273653414062,22.01014697994818,21.629547918128676,21.91983413696289,32120,0.0,0.0
2016-02-26 00:00:00-05:00,21.971436553835552,22.293976720601695,21.971436553835552,22.190763473510742,7920,0.0,0.0
2016-02-29 00:00:00-05:00,22.100453720302447,22.51330476058157,21.971437647175904,22.061748504638672,24400,0.0,0.0
2016-03-01 00:00:00-05:00,22.10045686476032,22.642324055262975,22.10045686476032,22.577816009521484,20720,0.0,0.0
2016-03-02 00:00:00-05:00,22.577807558396497,23.20998538258016,22.48749672188863,22.564905166625977,41600,0.0,0.0
2016-03-03 00:00:00-05:00,23.22289335115279,23.22289335115279,22.52620733806983,22.82294273376465,31320,0.0,0.0
2016-03-04 00:00:00-05:00,22.371393584257152,22.50040969943425,21.816625863899375,22.435901641845703,45120,0.0,0.0
2016-03-07 00:00:00-05:00,22.435897944268515,22.758438179054604,22.210119779918255,22.52621078491211,21440,0.0,0.0
2016-03-08 00:00:00-05:00,22.539271133270805,22.9704575884835,22.50007200211499,22.892059326171875,37800,0.55,0.0
2016-03-09 00:00:00-05:00,22.892067584303557,23.23179085187225,22.552346310486218,23.035797119140625,20000,0.0,0.0
2016-03-10 00:00:00-05:00,23.06192109034107,23.166451443041755,22.402075357278065,22.48700714111328,22520,0.0,0.0
2016-03-11 00:00:00-05:00,22.878995417445704,23.597638880665006,22.64380261255106,23.584571838378906,30800,0.0,0.0
2016-03-14 00:00:00-04:00,23.44084477796659,23.44084477796659,23.140322711743405,23.19258689880371,13880,0.0,0.0
2016-03-15 00:00:00-04:00,23.061923748204485,23.362447799197554,23.016191090580218,23.15338706970215,12360,0.0,0.0
2016-03-16 00:00:00-04:00,23.048856445553216,23.375512585619166,22.918193989526834,23.349380493164062,13880,0.0,0.0
2016-03-17 00:00:00-04:00,23.323241980870563,23.754428365821592,23.323241980870563,23.519235610961914,34080,0.0,0.0
2016-03-18 00:00:00-04:00,23.676038529268435,23.84198041996123,23.310183224345757,23.45391273498535,27240,0.0,0.0
2016-03-21 00:00:00-04:00,23.401648823870346,23.57150843732446,23.205655121806945,23.257919311523438,42640,0.0,0.0
2016-03-22 00:00:00-04:00,23.12725437946451,23.945200624513355,23.12725437946451,23.858964920043945,17280,0.0,0.0
2016-03-23 00:00:00-04:00,23.793627490589923,23.885090785882493,23.401640230407224,23.519235610961914,14800,0.0,0.0
2016-03-24 00:00:00-04:00,23.453915614058985,23.558445998832898,23.37290551289105,23.506179809570312,8480,0.0,0.0
2016-03-28 00:00:00-04:00,23.519241358880336,23.58457258487723,23.29711558924107,23.414710998535156,11760,0.0,0.0
2016-03-29 00:00:00-04:00,23.310187748124385,23.937368107743495,23.310187748124385,23.92430305480957,26720,0.0,0.0
2016-03-30 00:00:00-04:00,23.91122766795911,24.917328105511075,23.91122766795911,24.825864791870117,31960,0.0,0.0
2016-03-31 00:00:00-04:00,24.77360065321739,24.78927950879673,24.159485559683752,24.198684692382812,86440,0.0,0.0
2016-04-01 00:00:00-04:00,23.845901533664986,23.976564007822056,23.412101162462974,23.532312393188477,20800,0.0,0.0
2016-04-04 00:00:00-04:00,23.493114757568108,23.715240579118138,23.375517327040736,23.506179809570312,25360,0.0,0.0
2016-04-05 00:00:00-04:00,23.349378810837838,23.767498241246518,23.277514066451023,23.676034927368164,55200,0.0,0.0
2016-04-06 00:00:00-04:00,23.623779402207365,24.007927455002747,23.453917760622485,23.950435638427734,11200,0.0,0.0
2016-04-07 00:00:00-04:00,23.80670473671346,24.06802971075807,23.59764595372857,23.87203598022461,12280,0.0,0.0
2016-04-08 00:00:00-04:00,23.84589556263103,24.394677417925013,23.780564341911493,24.355478286743164,19480,0.0,0.0
2016-04-11 00:00:00-04:00,24.381624558476304,24.56455127043635,23.97656999002697,24.185630798339844,15960,0.0,0.0
2016-04-12 00:00:00-04:00,23.937362786411587,24.60374214419759,23.937362786411587,24.473079681396484,12320,0.0,0.0
2016-04-13 00:00:00-04:00,24.43387889662696,24.551474307720024,23.93866907324515,24.277084350585938,16640,0.0,0.0
2016-04-14 00:00:00-04:00,24.303219081539492,24.355483271311204,24.002695005974548,24.211755752563477,11120,0.0,0.0
2016-04-15 00:00:00-04:00,24.120294316115306,24.473082609132454,24.120294316115306,24.42081642150879,8080,0.0,0.0
2016-04-18 00:00:00-04:00,24.290157454232663,24.460019099498577,24.15296342704816,24.40775489807129,12520,0.0,0.0
2016-04-19 00:00:00-04:00,24.3946788349882,24.420810926043874,24.172553070388826,24.329347610473633,6800,0.0,0.0
2016-04-20 00:00:00-04:00,24.211751915609835,24.381613496075673,24.000077394952097,24.316282272338867,13480,0.0,0.0
2016-04-21 00:00:00-04:00,24.36855297594685,24.36855297594685,23.728307609468054,24.146427154541016,83520,0.0,0.0
2016-04-22 00:00:00-04:00,24.237883846684582,24.237883846684582,23.81976441627359,24.094154357910156,20040,0.0,0.0
2016-04-25 00:00:00-04:00,24.015760453625123,24.125516441099307,23.728303441489967,23.911230087280273,6360,0.0,0.0
2016-04-26 00:00:00-04:00,23.898163950614116,24.22482011174198,23.898163950614116,24.172555923461914,17400,0.0,0.0
2016-04-27 00:00:00-04:00,23.950424260319785,24.224814172139844,23.924292172586995,24.159482955932617,15160,0.0,0.0
2016-04-28 00:00:00-04:00,24.185623735912973,24.185623735912973,23.95043089367739,24.002695083618164,10280,0.0,0.0
2016-04-29 00:00:00-04:00,24.028825238410153,24.17255473976859,23.59764072183661,24.107223510742188,19120,0.0,0.0
2016-05-02 00:00:00-04:00,24.172555923461914,24.328044575158934,24.04189345901077,24.172555923461914,42000,0.0,0.0
2016-05-03 00:00:00-04:00,24.172555231323496,24.237886461678425,23.741368712230784,24.13335609436035,10400,0.0,0.0
2016-05-04 00:00:00-04:00,24.133356018185275,24.812800412981733,23.92429727795994,24.656005859375,36680,0.0,0.0
2016-05-05 00:00:00-04:00,24.708278350005532,24.799741696822423,24.31629086900334,24.368555068969727,10240,0.0,0.0
2016-05-06 00:00:00-04:00,24.303220414784604,24.629876603155367,24.041895464087997,24.603744506835938,7000,0.0,0.0
2016-05-09 00:00:00-04:00,23.976558004070103,24.799731783886397,23.976558004070103,24.355478286743164,8560,0.0,0.0
2016-05-10 00:00:00-04:00,24.551478899941156,24.590678042221104,24.26402184614019,24.42081642150879,21000,0.0,0.0
2016-05-11 00:00:00-04:00,24.342420037750763,24.342420037750763,23.649908505953277,23.78057098388672,12880,0.0,0.0
2016-05-12 00:00:00-04:00,23.924298691990725,24.69520645580922,23.71523794565806,24.525344848632812,44120,0.0,0.0
2016-05-13 00:00:00-04:00,24.799731783886397,24.799731783886397,24.015757135251953,24.355478286743164,10120,0.0,0.0
2016-05-16 00:00:00-04:00,24.433883226045996,24.538413606511938,24.18562531697167,24.303220748901367,27720,0.0,0.0
2016-05-17 00:00:00-04:00,24.146426416373632,24.44695051555966,23.388583642611405,23.571510314941406,26720,0.0,0.0
2016-05-18 00:00:00-04:00,23.532313174136203,23.898166518916366,23.022728311761778,23.362451553344727,14520,0.0,0.0
2016-05-19 00:00:00-04:00,23.21872017236055,23.388581779565705,22.97046228058066,23.257919311523438,15200,0.0,0.0
2016-05-20 00:00:00-04:00,23.375519840180225,23.767507329912153,23.101129793618757,23.649911880493164,26600,0.0,0.0
2016-05-23 00:00:00-04:00,23.793633470906766,24.394679558004277,23.702168158874905,24.26401710510254,26440,0.0,0.0
2016-05-24 00:00:00-04:00,24.34241420272501,24.734401542563575,24.0418901767653,24.094154357910156,36480,0.0,0.0
2016-05-25 00:00:00-04:00,23.989627150259373,24.420811649834462,23.754434336286085,24.26401710510254,30080,0.0,0.0
2016-05-26 00:00:00-04:00,24.303214802970782,24.81279754166183,24.237883580382153,24.394678115844727,14040,0.0,0.0
2016-05-27 00:00:00-04:00,24.054962509123285,24.68214079579423,24.054962509123285,24.603744506835938,13200,0.0,0.0
2016-05-31 00:00:00-04:00,24.695203340077253,24.695203340077253,24.250951802359246,24.460010528564453,41520,0.0,0.0
2016-06-01 00:00:00-04:00,24.460018463299406,24.812806798136375,24.394687216338806,24.799741744995117,23640,0.0,0.0
2016-06-02 00:00:00-04:00,23.950425914532413,24.355478286743164,23.780564341911493,24.355478286743164,1647720,0.0,0.0
2016-06-03 00:00:00-04:00,24.31629107771569,25.413855236441908,24.31629107771569,25.021867752075195,272320,0.0,0.0
2016-06-06 00:00:00-04:00,24.94250926300798,26.410492378087717,24.94250926300798,25.35248565673828,616040,0.575,0.0
2016-06-07 00:00:00-04:00,25.246684457126435,25.431836843246693,24.65155567928753,24.66478157043457,111760,0.0,0.0
2016-06-08 00:00:00-04:00,24.783814086431324,25.114441286186217,24.63833932933214,25.008642196655273,53120,0.0,0.0
2016-06-09 00:00:00-04:00,24.90284185382841,25.25991883693081,24.783814847468715,25.061542510986328,85720,0.0,0.0
2016-06-10 00:00:00-04:00,25.10121391934855,25.524416272602387,24.810262427610784,24.995412826538086,217680,0.0,0.0
2016-06-13 00:00:00-04:00,25.087991081496714,25.3921685036274,24.92929043194669,24.942516326904297,60280,0.0,0.0
2016-06-14 00:00:00-04:00,24.84993849075918,25.167341800089034,24.810264842832616,25.140892028808594,73640,0.0,0.0
2016-06-15 00:00:00-04:00,25.233461043418085,25.27313669959396,24.65155612814323,24.902833938598633,54920,0.0,0.0
2016-06-16 00:00:00-04:00,24.902840951143773,25.14089293724585,24.83671551155921,25.10121726989746,34880,0.0,0.0
2016-06-17 00:00:00-04:00,25.101213477328063,25.405390857056215,24.664785238412712,24.92928695678711,97440,0.0,0.0
2016-06-20 00:00:00-04:00,25.10121111333885,25.10121111333885,24.611883384027855,24.691232681274414,55720,0.0,0.0
2016-06-21 00:00:00-04:00,24.678011131526617,24.99541238638071,24.55898414746536,24.92928695678711,75600,0.0,0.0
2016-06-22 00:00:00-04:00,24.916064148847884,24.942515938351026,24.54576331166244,24.704463958740234,31480,0.0,0.0
2016-06-23 00:00:00-04:00,24.78381079261784,24.8896118860759,24.691235592587535,24.730911254882812,46400,0.0,0.0
2016-06-24 00:00:00-04:00,24.651565342623623,25.97407425624052,24.109337898833765,25.51119613647461,657840,0.0,0.0
2016-06-27 00:00:00-04:00,25.418615179791928,25.471516735191155,24.797036534263977,24.995412826538086,88680,0.0,0.0
2016-06-28 00:00:00-04:00,25.405396351543114,25.88149833679199,25.3128191156998,25.881498336791992,122720,0.0,0.0
2016-06-29 00:00:00-04:00,25.93439271448589,26.14599286550688,25.537640161085218,25.77569007873535,49320,0.0,0.0
2016-06-30 00:00:00-04:00,25.524416662612865,26.13277144207761,25.40539169262491,26.093095779418945,75560,0.0,0.0
2016-07-01 00:00:00-04:00,26.198898924357007,26.410499111784482,25.907945387413424,26.00052261352539,50120,0.0,0.0
2016-07-05 00:00:00-04:00,26.14598811026168,26.15921400016474,25.825941350884822,25.987287521362305,43320,0.0,0.0
2016-07-06 00:00:00-04:00,26.00052329254445,26.066648731215228,25.802146976532125,25.974071502685547,28240,0.0,0.0
2016-07-07 00:00:00-04:00,26.119547363375073,26.119547363375073,25.405393457850213,26.01374626159668,51960,0.0,0.0
2016-07-08 00:00:00-04:00,26.23856689309446,26.93949677658886,26.106316047830905,26.688220977783203,148880,0.0,0.0
2016-07-11 00:00:00-04:00,26.794024094868472,26.87337339726726,26.450171063843346,26.59564781188965,110400,0.0,0.0
2016-07-12 00:00:00-04:00,26.661778162891725,26.846928587333192,26.172448293461038,26.291475296020508,57440,0.0,0.0
2016-07-13 00:00:00-04:00,26.43694114685059,26.5030665644445,26.21211513062881,26.436941146850586,37080,0.0,0.0
2016-07-14 00:00:00-04:00,26.41049761779194,26.41049761779194,25.935717491709536,26.066646575927734,39840,0.0,0.0
2016-07-15 00:00:00-04:00,26.159223286557438,26.3840493688093,25.960846975513757,26.34437370300293,33800,0.0,0.0
2016-07-18 00:00:00-04:00,26.436952970707452,26.436952970707452,26.265028422460567,26.331153869628906,31120,0.0,0.0
2016-07-19 00:00:00-04:00,26.37082247124276,26.463399693932683,26.053421192839956,26.304697036743164,54480,0.0,0.0
2016-07-20 00:00:00-04:00,26.43695077156803,26.555977777362962,26.079873790159887,26.51630210876465,27720,0.0,0.0
2016-07-21 00:00:00-04:00,26.384044657941747,26.75434744270341,25.974066214457796,26.21211814880371,48840,0.0,0.0
2016-07-22 00:00:00-04:00,26.304693319250227,26.71467176240303,26.27824355278601,26.555971145629883,79040,0.0,0.0
2016-07-25 00:00:00-04:00,26.582425424167,26.95272827148437,26.410498885985202,26.952728271484375,77240,0.0,0.0
2016-07-26 00:00:00-04:00,26.648542739195165,26.780793571647745,26.450166490516292,26.635316848754883,70720,0.0,0.0
2016-07-27 00:00:00-04:00,26.63531739963232,26.661769181059963,26.251790784782678,26.436941146850586,64880,0.0,0.0
2016-07-28 00:00:00-04:00,26.476618038967672,26.939495983767763,26.45016827429092,26.89982032775879,53880,0.0,0.0
2016-07-29 00:00:00-04:00,26.767578353453573,27.53463389110146,26.542752252243424,27.09820556640625,487560,0.0,0.0
2016-08-01 00:00:00-04:00,27.018854864267606,27.30980639318818,26.82180032894994,27.243680953979492,66040,0.0,0.0
2016-08-02 00:00:00-04:00,27.296572159878757,27.296572159878757,26.542742786769303,26.58241844177246,48880,0.0,0.0
2016-08-03 00:00:00-04:00,26.542758116548768,26.608883573748933,26.146005373347773,26.410507202148438,82200,0.0,0.0
2016-08-04 00:00:00-04:00,26.48985003540927,26.5030739118015,26.07987152547503,26.278247833251953,65280,0.0,0.0
2016-08-05 00:00:00-04:00,26.37082828694802,26.436953736030624,26.160549843182583,26.38405418395996,77840,0.0,0.0
2016-08-08 00:00:00-04:00,26.11954365457807,26.11954365457807,25.326038530894685,25.921167373657227,172680,0.0,0.0
2016-08-09 00:00:00-04:00,25.921171281997474,26.132773487413136,25.722794971165857,26.00052261352539,112800,0.0,0.0
2016-08-10 00:00:00-04:00,26.093102611594208,26.42372985700724,26.000527386476268,26.38405418395996,105000,0.0,0.0
2016-08-11 00:00:00-04:00,26.331140478967175,26.635315766862863,25.974061631459243,25.987287521362305,60880,0.0,0.0
2016-08-12 00:00:00-04:00,26.053418227604457,26.291470168307047,25.868267839273486,25.921167373657227,74840,0.0,0.0
2016-08-15 00:00:00-04:00,26.000513411265366,26.11953834844303,25.86826258418464,25.987287521362305,102680,0.0,0.0
2016-08-16 00:00:00-04:00,25.98728379583978,25.98728379583978,25.458280563354492,25.458280563354492,59440,0.0,0.0
2016-08-17 00:00:00-04:00,25.524413954226485,25.63021503742706,25.048310088817807,25.4450626373291,50520,0.0,0.0
2016-08-18 00:00:00-04:00,25.537639494215075,25.8021411895752,25.376293298606374,25.802141189575195,58600,0.0,0.0
2016-08-19 00:00:00-04:00,25.788922119315977,25.80214801477762,25.385556523595678,25.497970581054688,57600,0.0,0.0
2016-08-22 00:00:00-04:00,25.497964502147582,25.815365737672987,25.445062950901455,25.77569007873535,81560,0.0,0.0
2016-08-23 00:00:00-04:00,25.815368086798966,25.90794328741897,25.683117223630948,25.84181785583496,115120,0.0,0.0
2016-08-24 00:00:00-04:00,25.801669844111547,25.81505122752561,25.40019158525719,25.64107894897461,52240,0.575,0.0
2016-08-25 00:00:00-04:00,25.50724964117829,25.868579620107198,25.50724964117829,25.654457092285156,30280,0.0,0.0
2016-08-26 00:00:00-04:00,25.801666135702213,26.12284787981344,25.604941653776375,25.694604873657227,132640,0.0,0.0
2016-08-29 00:00:00-04:00,26.029178818664064,26.323595857051266,25.935500948544192,26.189769744873047,121640,0.0,0.0
2016-08-30 00:00:00-04:00,26.22991450383113,26.274077360028436,25.895349267812872,26.096088409423828,44840,0.0,0.0
2016-08-31 00:00:00-04:00,26.162997189728678,26.29682326231041,25.895345044565214,26.082700729370117,123680,0.0,0.0
2016-09-01 00:00:00-04:00,26.029170224123906,26.296822360104613,25.97564061373726,26.162996292114258,72880,0.0,0.0
2016-09-02 00:00:00-04:00,26.216534558903806,26.571174981390744,26.109475302780762,26.189769744873047,53000,0.0,0.0
2016-09-06 00:00:00-04:00,26.631390617700628,26.631390617700628,26.0827028585163,26.296825408935547,177520,0.0,0.0
2016-09-07 00:00:00-04:00,26.216530162403803,26.952573655949866,26.216530162403803,26.899044036865234,384240,0.0,0.0
2016-09-08 00:00:00-04:00,26.805363928351316,26.805363928351316,26.43065050019691,26.631389617919922,126680,0.0,0.0
2016-09-09 00:00:00-04:00,26.36374386692546,26.43065692242527,25.42696108992811,25.560787200927734,157160,0.0,0.0
2016-09-12 00:00:00-04:00,25.547406051909824,25.94888442072155,25.523318329952918,25.88197135925293,127680,0.0,0.0
2016-09-13 00:00:00-04:00,25.78829271992183,25.828440964022107,25.159310369099256,25.239606857299805,101520,0.0,0.0
2016-09-14 00:00:00-04:00,25.34666686750396,26.09609397276235,25.23960760277383,25.88197135925293,168400,0.0,0.0
2016-09-15 00:00:00-04:00,25.868575912261797,25.922105515532817,25.547392166565267,25.76151466369629,124960,0.0,0.0
2016-09-16 00:00:00-04:00,25.761520733870086,26.10946936318908,25.68122426801987,26.029172897338867,587680,0.0,0.0
2016-09-19 00:00:00-04:00,26.09608224151217,26.270056531526986,25.902034858890275,26.13623046875,154880,0.0,0.0
2016-09-20 00:00:00-04:00,26.1629950124751,26.390498908526677,25.908726312539276,25.97563934326172,95480,0.0,0.0
2016-09-21 00:00:00-04:00,25.935495048529585,26.096085938206063,25.654459460077785,26.029172897338867,80440,0.0,0.0
2016-09-22 00:00:00-04:00,26.136231293479575,26.53101778272445,26.06931825997964,26.36373519897461,123960,0.0,0.0
2016-09-23 00:00:00-04:00,26.323586970469904,26.41726480896507,26.082699641465393,26.36373519897461,71440,0.0,0.0
2016-09-26 00:00:00-04:00,26.40389116137827,26.51764212643244,26.36374292111384,26.47080421447754,73600,0.0,0.0
2016-09-27 00:00:00-04:00,26.49756418340923,26.591242032218513,25.922111623546563,26.029172897338867,41280,0.0,0.0
2016-09-28 00:00:00-04:00,25.97564495666391,26.283443330884236,25.97564495666391,26.22991371154785,92880,0.0,0.0
2016-09-29 00:00:00-04:00,26.096079789198836,26.096079789198836,25.694601638595778,25.76151466369629,41640,0.0,0.0
2016-09-30 00:00:00-04:00,25.92212013998539,25.928811854675395,25.48049351676535,25.534025192260742,76200,0.0,0.0
2016-10-03 00:00:00-04:00,25.50725595225392,25.50725595225392,24.905038491028847,24.998716354370117,81880,0.0,0.0
2016-10-04 00:00:00-04:00,24.94518234836742,24.98533058375482,24.4232614144035,24.624000549316406,135000,0.0,0.0
2016-10-05 00:00:00-04:00,25.26637111298566,25.293135927784768,24.67753497728286,24.704301834106445,249560,0.0,0.0
2016-10-06 00:00:00-04:00,24.811360921301368,24.811360921301368,24.102084144931784,24.49017906188965,90760,0.0,0.0
2016-10-07 00:00:00-04:00,24.543703519081323,24.864887352835208,24.48348218838498,24.557086944580078,73800,0.0,0.0
2016-10-10 00:00:00-04:00,24.557089049952047,24.87827086921803,24.543705623305875,24.771211624145508,36400,0.0,0.0
2016-10-11 00:00:00-04:00,24.797974539758783,24.878268967425154,24.59723540755678,24.71767807006836,43280,0.0,0.0
2016-10-12 00:00:00-04:00,24.664144452809953,25.079004033551534,24.222518025161925,24.918413162231445,503320,0.0,0.0
2016-10-13 00:00:00-04:00,24.85150714623481,25.467108042480945,24.85150714623481,25.21283721923828,107600,0.0,0.0
2016-10-14 00:00:00-04:00,25.346662766428334,25.587550157144847,25.119158802649952,25.145923614501953,73720,0.0,0.0
2016-10-17 00:00:00-04:00,25.105777969477472,25.440343230040742,25.105777969477472,25.21283721923828,90400,0.0,0.0
2016-10-18 00:00:00-04:00,25.507254204923445,25.76152296543497,25.386809495714726,25.574167251586914,78920,0.0,0.0
2016-10-19 00:00:00-04:00,25.96226784982511,25.975651278928666,25.627702542482,25.88197135925293,113560,0.0,0.0
2016-10-20 00:00:00-04:00,25.774908275956037,25.96226400350149,25.279750060826533,25.93549919128418,107800,0.0,0.0
2016-10-21 00:00:00-04:00,25.707996113658595,26.350359797190986,25.707996113658595,25.908735275268555,166920,0.0,0.0
2016-10-24 00:00:00-04:00,26.069317756728875,26.229908625623874,25.922108269061308,25.98902130126953,74800,0.0,0.0
2016-10-25 00:00:00-04:00,25.96226703070078,26.069328334077646,25.774911281309656,26.015796661376953,42960,0.0,0.0
2016-10-26 00:00:00-04:00,25.81505584716797,25.93550057159245,25.594243582093,25.81505584716797,62760,0.0,0.0
2016-10-27 00:00:00-04:00,25.84182682322344,25.84182682322344,25.186077553309353,25.199460983276367,162720,0.0,0.0
2016-10-28 00:00:00-04:00,25.159304906979823,25.346660616073233,24.971949197886413,24.98533058166504,68840,0.0,0.0
2016-10-31 00:00:00-04:00,25.186067371829083,25.447027814494742,25.06562471891382,25.38680648803711,98200,0.0,0.0
2016-11-01 00:00:00-04:00,25.23959930742212,25.23959930742212,24.490172448473476,24.516937255859375,96040,0.0,0.0
2016-11-02 00:00:00-04:00,24.583845620241128,24.583845620241128,24.128837855137657,24.2894287109375,85400,0.0,0.0
2016-11-03 00:00:00-04:00,24.36972976640129,24.409875956422347,24.061929376755096,24.155607223510742,53120,0.0,0.0
2016-11-04 00:00:00-04:00,24.102081530745604,24.396498543610377,24.021785053589646,24.20914077758789,85280,0.0,0.0
2016-11-07 00:00:00-05:00,24.450032170340283,25.025484905448014,24.450032170340283,24.891658782958984,103560,0.0,0.0
2016-11-08 00:00:00-05:00,24.98533137371412,25.14592227831702,24.5838530911948,24.851505279541016,85680,0.0,0.0
2016-11-09 00:00:00-05:00,24.39649844710818,25.058937233939655,24.18773005775758,25.038864135742188,77960,0.0,0.0
2016-11-10 00:00:00-05:00,25.092386674038682,25.092386674038682,24.00839475291075,24.4366397857666,189680,0.0,0.0
2016-11-11 00:00:00-05:00,24.436648459269545,25.38681261336195,24.289438921722084,24.931804656982422,115000,0.0,0.0
2016-11-14 00:00:00-05:00,24.958563210161046,25.360041438742723,24.570468406008303,25.226215362548828,138040,0.0,0.0
2016-11-15 00:00:00-05:00,25.333283743502182,25.41357818654456,24.8782737314976,25.15930938720703,119800,0.0,0.0
2016-11-16 00:00:00-05:00,24.945177520389965,25.34531818700039,24.91841271598655,24.958560943603516,69520,0.0,0.0
2016-11-17 00:00:00-05:00,24.931807028110608,25.226224089181553,24.864893966866095,24.891658782958984,50960,0.0,0.0
2016-11-18 00:00:00-05:00,24.985333230508353,25.41357635528251,24.83812574119264,25.266368865966797,58760,0.0,0.0
2016-11-21 00:00:00-05:00,25.30651892915472,25.41357818654456,25.09239633032616,25.15930938720703,55120,0.0,0.0
2016-11-22 00:00:00-05:00,25.186067808912846,25.413571736158644,25.0656251539074,25.400190353393555,84560,0.0,0.0
2016-11-23 00:00:00-05:00,25.279753974250728,25.667850958565936,25.232916056125774,25.627702713012695,65680,0.0,0.0
2016-11-25 00:00:00-05:00,25.694605935692614,26.109467577505512,25.64107632346945,26.082700729370117,35000,0.0,0.0
2016-11-28 00:00:00-05:00,26.029174579252512,26.296826760016035,25.855200253351406,25.86858367919922,53920,0.0,0.0
2016-11-29 00:00:00-05:00,25.948880671253065,26.20315149330786,25.881967619453008,26.042560577392578,84720,0.0,0.0
2016-11-30 00:00:00-05:00,25.935496390624074,26.176383758616062,25.52063469896987,25.962261199951172,209360,0.0,0.0
2016-12-01 00:00:00-05:00,25.97564495990944,26.00240976958098,25.3466607014959,25.86858367919922,113480,0.0,0.0
2016-12-02 00:00:00-05:00,26.082703755219644,26.189765034109953,25.667844107302773,25.855199813842773,109240,0.0,0.0
2016-12-05 00:00:00-05:00,25.746795811603977,26.356588343984072,25.746795811603977,26.288833618164062,79320,0.6,0.0
2016-12-06 00:00:00-05:00,26.302387328102935,26.49209974729098,25.950061900799092,26.424345016479492,67000,0.0,0.0
2016-12-07 00:00:00-05:00,26.180419990266767,26.60050002672853,26.017809096952753,26.505643844604492,143120,0.0,0.0
2016-12-08 00:00:00-05:00,26.410793376098646,26.790220284093817,26.20752918264162,26.74956703186035,88080,0.0,0.0
2016-12-09 00:00:00-05:00,26.6682533420805,27.29159541177628,26.559845396308752,27.264493942260742,68920,0.0,0.0
2016-12-12 00:00:00-05:00,27.332252642157613,27.738780947398556,27.250948221735353,27.6710262298584,71440,0.0,0.0
2016-12-13 00:00:00-05:00,27.820091114678846,27.833640819352865,27.237400053231852,27.345808029174805,67080,0.0,0.0
2016-12-14 00:00:00-05:00,27.440660201546823,27.71167906773494,26.83086775262356,26.87152099609375,88400,0.0,0.0
2016-12-15 00:00:00-05:00,26.939269575820983,27.1018804449488,25.746786422701362,26.261722564697266,244320,0.0,0.0
2016-12-16 00:00:00-05:00,26.424343206863803,27.007034265480264,26.370140253010707,26.654708862304688,228800,0.0,0.0
2016-12-19 00:00:00-05:00,26.70890613473623,27.101882605431165,26.19396995169113,26.641151428222656,121320,0.0,0.0
2016-12-20 00:00:00-05:00,26.722459720170114,26.993478585623585,26.559848814440002,26.77666473388672,61600,0.0,0.0
2016-12-21 00:00:00-05:00,26.776668450533585,27.18319680514061,26.329486846923828,26.329486846923828,83400,0.0,0.0
2016-12-22 00:00:00-05:00,26.329486846923828,26.437894821694396,26.193977395388153,26.329486846923828,73640,0.0,0.0
2016-12-23 00:00:00-05:00,26.397241750255503,26.641159178202482,26.127577195509932,26.614055633544922,94400,0.0,0.0
2016-12-27 00:00:00-05:00,26.546293184936008,26.830863779376855,26.546293184936008,26.641151428222656,31560,0.0,0.0
2016-12-28 00:00:00-05:00,26.708907978174437,26.708907978174437,26.322705297307667,26.505643844604492,32160,0.0,0.0
2016-12-29 00:00:00-05:00,26.64116103194686,27.115444148513593,26.573406301008756,26.80377197265625,38280,0.0,0.0
2016-12-30 00:00:00-05:00,26.74956331802327,27.237398141674582,26.641157417398546,27.128990173339844,65600,0.0,0.0
2017-01-03 00:00:00-05:00,27.318704729523144,27.467763877253695,27.07478731685222,27.400009155273438,93720,0.0,0.0
2017-01-04 00:00:00-05:00,27.413564850017615,27.820093240079043,27.291605092372997,27.765888214111328,140480,0.0,0.0
2017-01-05 00:00:00-05:00,27.765888214111328,27.982704182561548,27.616829045048327,27.765888214111328,115840,0.0,0.0
2017-01-06 00:00:00-05:00,27.64392841223531,27.64392841223531,27.30515477973243,27.345808029174805,49320,0.0,0.0
2017-01-09 00:00:00-05:00,27.115448041962207,27.291608713527573,26.546306566192094,26.83087730407715,116760,0.0,0.0
2017-01-10 00:00:00-05:00,26.77666473388672,26.844419450250086,26.437891152069884,26.77666473388672,111800,0.0,0.0
2017-01-11 00:00:00-05:00,26.790218410480236,27.26450149537694,26.708913979409754,26.99348258972168,75520,0.0,0.0
2017-01-12 00:00:00-05:00,26.993478761209776,26.993478761209776,26.505646040846205,26.88507080078125,64600,0.0,0.0
2017-01-13 00:00:00-05:00,26.87152489022968,27.02058404760841,26.722463665140793,26.92572784423828,45600,0.0,0.0
2017-01-17 00:00:00-05:00,26.979938570266395,27.074794793691765,26.839007551711045,26.966386795043945,37480,0.0,0.0
2017-01-18 00:00:00-05:00,26.89862650059285,27.467765791345478,26.89862650059285,27.291603088378906,72720,0.0,0.0
2017-01-19 00:00:00-05:00,27.291601091986944,27.3729075851655,27.047685747871302,27.128990173339844,76400,0.0,0.0
2017-01-20 00:00:00-05:00,27.074783325195316,27.427106586923333,27.034130084458695,27.074783325195312,62520,0.0,0.0
2017-01-23 00:00:00-05:00,27.020587816056572,27.291606759317766,27.020587816056572,27.18320083618164,38120,0.0,0.0
2017-01-24 00:00:00-05:00,27.12899393200199,27.440666108754595,27.101892453090958,27.318708419799805,56560,0.0,0.0
2017-01-25 00:00:00-05:00,27.318706493322534,27.413562696677165,27.210298517612888,27.250951766967773,46040,0.0,0.0
2017-01-26 00:00:00-05:00,27.29159537380455,27.447432441793865,27.156085958705802,27.196739196777344,34480,0.0,0.0
2017-01-27 00:00:00-05:00,27.223852102790566,27.38646512338924,26.925731677877085,27.061241149902344,29960,0.0,0.0
2017-01-30 00:00:00-05:00,27.04768739320301,27.04768739320301,26.559852539876328,26.57340431213379,54760,0.0,0.0
2017-01-31 00:00:00-05:00,26.53274547472891,26.885068734404857,26.53274547472891,26.695356369018555,53560,0.0,0.0
2017-02-01 00:00:00-05:00,26.749563010825458,27.047685437249786,26.248178489209074,26.356586456298828,73480,0.0,0.0
2017-02-02 00:00:00-05:00,26.49208824089529,26.524611241934686,26.166866501338898,26.275272369384766,109360,0.0,0.0
2017-02-03 00:00:00-05:00,26.519193511817793,26.65470293402198,26.28882790761261,26.437889099121094,58920,0.0,0.0
2017-02-06 00:00:00-05:00,26.505643810223187,26.586948222919887,26.370134388019,26.437889099121094,31080,0.0,0.0
2017-02-07 00:00:00-05:00,26.451434900728152,26.614045769855966,26.248170797391037,26.261722564697266,42080,0.0,0.0
2017-02-08 00:00:00-05:00,26.221079066152832,26.966381055113246,26.153324339883703,26.790218353271484,76560,0.0,0.0
2017-02-09 00:00:00-05:00,26.736013388164572,26.83086958426391,26.53274922464742,26.668258666992188,46240,0.0,0.0
2017-02-10 00:00:00-05:00,26.66826076416904,27.372909506233007,26.66826076416904,27.345808029174805,45760,0.0,0.0
2017-02-13 00:00:00-05:00,27.562621951428522,27.657480222828504,27.16964536426634,27.4813175201416,92880,0.0,0.0
2017-02-14 00:00:00-05:00,27.345800484598897,27.56261430895675,26.085562505839786,27.440656661987305,174680,0.0,0.0
2017-02-15 00:00:00-05:00,27.196748663134716,27.386463150932535,26.627609335161868,27.318708419799805,52160,0.0,0.0
2017-02-16 00:00:00-05:00,27.33225629455034,27.738784654115424,27.196746841361982,27.4813175201416,42040,0.0,0.0
2017-02-17 00:00:00-05:00,27.616821243811906,27.671024186757982,27.332250624070667,27.589719772338867,44320,0.0,0.0
2017-02-21 00:00:00-05:00,27.6439191577504,27.982692676840475,27.508409750114367,27.91493797302246,75800,0.0,0.0
2017-02-22 00:00:00-05:00,28.13175581172013,28.348569638413334,27.75232903037001,27.982694625854492,64760,0.0,0.0
2017-02-23 00:00:00-05:00,28.077562358787475,28.18597035060111,27.69813542129498,28.036909103393555,62800,0.0,0.0
2017-02-24 00:00:00-05:00,28.077558575000587,28.32147600678286,27.98270237033809,28.172414779663086,33720,0.0,0.0
2017-02-27 00:00:00-05:00,28.226611970206548,28.5518337438716,27.9149398976136,28.064001083374023,76840,0.0,0.0
2017-02-28 00:00:00-05:00,28.185970314678755,28.185970314678755,27.914951369345303,28.009807586669922,62160,0.0,0.0
2017-03-01 00:00:00-05:00,27.996248399249172,28.307918426668877,27.806533961135266,28.18596076965332,78200,0.0,0.0
2017-03-02 00:00:00-05:00,28.307908792242724,28.307908792242724,27.86072949024062,28.077543258666992,61680,0.0,0.0
2017-03-03 00:00:00-05:00,28.13238519489866,28.25577410626143,27.556576551026456,28.077547073364258,67520,0.6,0.0
2017-03-06 00:00:00-05:00,27.858193424052676,28.132388245336543,27.721096013410744,27.88561248779297,55320,0.0,0.0
2017-03-07 00:00:00-05:00,27.817070941524452,28.118686996113542,27.52916756024533,27.78965187072754,63000,0.0,0.0
2017-03-08 00:00:00-05:00,27.81707727523387,27.844498444215358,27.131589889526367,27.131589889526367,51480,0.0,0.0
2017-03-09 00:00:00-05:00,27.18642465610902,27.35094117713213,26.65174334785759,26.692873001098633,51360,0.0,0.0
2017-03-10 00:00:00-05:00,26.967066497177985,26.994485567265205,26.418676727669776,26.62432289123535,46960,0.0,0.0
2017-03-13 00:00:00-04:00,26.734006036188187,26.76142511117037,26.45981110248369,26.596908569335938,44200,0.0,0.0
2017-03-14 00:00:00-04:00,26.569485753212174,26.665453548107646,26.404969234542648,26.432388305664062,38080,0.0,0.0
2017-03-15 00:00:00-04:00,26.487226309945232,26.967067373864317,26.44609665750682,26.76142120361328,51640,0.0,0.0
2017-03-16 00:00:00-04:00,26.734013016753092,26.953369857769868,26.734013016753092,26.829980850219727,77080,0.0,0.0
2017-03-17 00:00:00-04:00,26.857388371602294,27.049326047857893,26.76142057944498,26.939647674560547,92040,0.0,0.0
2017-03-20 00:00:00-04:00,26.967078352869745,27.227564863069897,26.679174852469835,26.829980850219727,65360,0.0,0.0
2017-03-21 00:00:00-04:00,26.857390161296056,27.22755495733387,26.6585992731646,27.049327850341797,108160,0.0,0.0
2017-03-22 00:00:00-04:00,26.692873413140667,26.877955809611837,26.459808163765153,26.7340030670166,1265640,0.0,0.0
2017-03-23 00:00:00-04:00,26.829970827890982,27.145295384584983,26.569486506936553,26.67916488647461,360720,0.0,0.0
2017-03-24 00:00:00-04:00,26.775132269873,26.96706786213948,26.569486095898462,26.63803482055664,140960,0.0,0.0
2017-03-27 00:00:00-04:00,26.51464127129875,26.77512763507404,26.15818921994303,26.391254425048828,118400,0.0,0.0
2017-03-28 00:00:00-04:00,26.350129411697942,26.52835651468091,26.26787219704962,26.47351837158203,82920,0.0,0.0
2017-03-29 00:00:00-04:00,26.446097173593436,26.720292072612306,26.363839959052413,26.692873001098633,82120,0.0,0.0
2017-03-30 00:00:00-04:00,26.734006755326103,26.898523301585985,26.5831987009554,26.843685150146484,109600,0.0,0.0
2017-03-31 00:00:00-04:00,26.843686442694107,27.309817028198616,26.843686442694107,27.131589889526367,110720,0.0,0.0
2017-04-03 00:00:00-04:00,27.2275499952131,27.419485557338174,27.076741987871447,27.296098709106445,123120,0.0,0.0
2017-04-04 00:00:00-04:00,27.282398249738787,27.748528840344655,27.20013892577704,27.337236404418945,117560,0.0,0.0
2017-04-05 00:00:00-04:00,27.33724059929503,27.76224368507789,27.323532104492188,27.323532104492188,85040,0.0,0.0
2017-04-06 00:00:00-04:00,27.350934780896843,27.878760674848273,27.254967007071283,27.73480796813965,160240,0.0,0.0
2017-04-07 00:00:00-04:00,27.789650066516977,28.57110503916955,27.72110134800463,28.379169464111328,214280,0.0,0.0
2017-04-10 00:00:00-04:00,28.310622169802805,28.571106476477386,28.159814144712694,28.5025577545166,79040,0.0,0.0
2017-04-11 00:00:00-04:00,28.52998502558162,29.311440204868436,28.52998502558162,29.188051223754883,162320,0.0,0.0
2017-04-12 00:00:00-04:00,29.133208668456092,29.22917646685808,28.99611121589865,29.14691925048828,100720,0.0,0.0
2017-04-13 00:00:00-04:00,29.092078025180182,29.188045820319296,28.543688233595482,28.58481788635254,88280,0.0,0.0
2017-04-17 00:00:00-04:00,28.721915496970123,29.24288622031531,28.571107466653526,29.064659118652344,259440,0.0,0.0
2017-04-18 00:00:00-04:00,29.064657313385258,29.28401405441359,28.85901115314904,28.954978942871094,116800,0.0,0.0
2017-04-19 00:00:00-04:00,28.9412653544687,28.96868441928068,28.488843463279146,28.61223030090332,135000,0.0,0.0
2017-04-20 00:00:00-04:00,28.59851944486176,28.76303591204273,28.214646293479248,28.351743698120117,117840,0.0,0.0
2017-04-21 00:00:00-04:00,28.32432463558002,28.749325334802492,28.214646293479248,28.351743698120117,101120,0.0,0.0
2017-04-24 00:00:00-04:00,28.557398335477373,28.584817406207836,27.844492036780295,27.95416831970215,99240,0.0,0.0
2017-04-25 00:00:00-04:00,27.940458339736068,28.173523566422922,27.91303927046836,27.995296478271484,78960,0.0,0.0
2017-04-26 00:00:00-04:00,27.995293725741853,28.091261504713614,27.679969230314054,27.693679809570312,87200,0.0,0.0
2017-04-27 00:00:00-04:00,27.775938639423337,27.954163615147426,27.597711571758595,27.817066192626953,74640,0.0,0.0
2017-04-28 00:00:00-04:00,27.844484053548875,27.844484053548875,27.35093255414159,27.58399772644043,81080,0.0,0.0
2017-05-01 00:00:00-04:00,27.666259259415597,27.844486320486247,27.527789528951043,27.73480796813965,52480,0.0,0.0
2017-05-02 00:00:00-04:00,27.721101862475066,27.871909882777395,27.50174721432912,27.61142349243164,49120,0.0,0.0
2017-05-03 00:00:00-04:00,27.652552419785135,27.652552419785135,27.07674360703633,27.200130462646484,84040,0.0,0.0
2017-05-04 00:00:00-04:00,27.14529482005605,27.21384354434912,26.734002474297625,26.96706771850586,83400,0.0,0.0
2017-05-05 00:00:00-04:00,27.090455530241535,27.323520764580522,26.967066576574332,27.213842391967773,103840,0.0,0.0
2017-05-08 00:00:00-04:00,27.268678252455228,27.47432439943284,26.99448338981841,27.008193969726562,62640,0.0,0.0
2017-05-09 00:00:00-04:00,27.07674627811326,27.24126279913637,26.446097173593436,26.692873001098633,63800,0.0,0.0
2017-05-10 00:00:00-04:00,26.67916795310393,27.159009088289675,26.596908636009843,27.02191162109375,53760,0.0,0.0
2017-05-11 00:00:00-04:00,26.953360391244853,26.953360391244853,26.555776518033586,26.720293045043945,97120,0.0,0.0
2017-05-12 00:00:00-04:00,26.81626829610794,27.145301415887527,26.70658989220089,27.104171752929688,135080,0.0,0.0
2017-05-15 00:00:00-04:00,27.20013296271409,27.296102850277226,26.91222957584782,26.96706771850586,84240,0.0,0.0
2017-05-16 00:00:00-04:00,26.939644323956877,27.0767417505419,26.651738891352046,26.81625747680664,58120,0.0,0.0
2017-05-17 00:00:00-04:00,26.77512875487343,27.30980790023891,26.6819014137677,27.008193969726562,124320,0.0,0.0
2017-05-18 00:00:00-04:00,27.008204199052894,27.33723732206168,26.953366042531954,27.254980087280273,73320,0.0,0.0
2017-05-19 00:00:00-04:00,27.350947907162702,27.488045390406626,27.172720760557286,27.254980087280273,60200,0.0,0.0
2017-05-22 00:00:00-04:00,27.26867421578377,27.488030910197445,27.186417024333995,27.39206314086914,76680,0.0,0.0
2017-05-23 00:00:00-04:00,27.378358696972676,27.679972650411194,27.35093962701298,27.433198928833008,64000,0.0,0.0
2017-05-24 00:00:00-04:00,27.529170700134877,27.721106309545853,27.337232998782653,27.37836265563965,56760,0.0,0.0
2017-05-25 00:00:00-04:00,27.419488428763934,27.666264243011,27.296101567610876,27.542875289916992,72400,0.0,0.0
2017-05-26 00:00:00-04:00,27.55658463298381,27.55658463298381,27.008194889043832,27.200130462646484,84240,0.0,0.0
2017-05-30 00:00:00-04:00,27.186431078845366,27.32352856074379,27.049333596946944,27.104171752929688,53320,0.0,0.0
2017-05-31 00:00:00-04:00,27.104169158921774,27.25497721135356,27.03562042453303,27.227558135986328,78640,0.0,0.0
2017-06-01 00:00:00-04:00,27.268682075414326,27.762233734130863,27.200133350144867,27.76223373413086,56960,0.0,0.0
2017-06-02 00:00:00-04:00,27.762231152232097,28.269491253662483,27.762231152232097,28.1049747467041,65400,0.0,0.0
2017-06-05 00:00:00-04:00,28.104974746704098,28.35175055311212,27.817069290571265,28.1049747467041,64680,0.0,0.0
2017-06-06 00:00:00-04:00,28.06384894073518,28.3380438538678,27.995300212452026,28.15981674194336,163920,0.0,0.0
2017-06-07 00:00:00-04:00,28.14610602558189,28.625947085616854,28.14610602558189,28.488849639892578,107760,0.0,0.0
2017-06-08 00:00:00-04:00,28.502561008452737,28.76304743680619,28.324335984560797,28.516271591186523,68720,0.0,0.0
2017-06-09 00:00:00-04:00,28.516266787765392,28.996107815444137,28.420299000617817,28.708202362060547,93720,0.0,0.0
2017-06-12 00:00:00-04:00,28.735958162648473,29.36035124773261,28.735958162648473,29.263221740722656,86720,0.625,0.0
2017-06-13 00:00:00-04:00,29.17996852984971,29.457476547980058,28.964899392355058,29.138341903686523,79160,0.0,0.0
2017-06-14 00:00:00-04:00,29.332602284207244,29.623986605906868,28.79146239215773,29.013469696044922,250320,0.0,0.0
2017-06-15 00:00:00-04:00,28.97183692659508,29.554603329364276,28.97183692659508,29.443599700927734,125880,0.0,0.0
2017-06-16 00:00:00-04:00,29.318720332545958,29.360346955576546,29.06896271158043,29.1522159576416,164640,0.0,0.0
2017-06-19 00:00:00-04:00,29.304839335252122,29.34646595153471,29.01345725570932,29.082834243774414,81800,0.0,0.0
2017-06-20 00:00:00-04:00,29.17997411535104,29.235474882713557,28.735961624795213,29.013469696044922,68120,0.0,0.0
2017-06-21 00:00:00-04:00,29.06896619897578,29.166093586220832,28.944088432120463,29.055089950561523,67880,0.0,0.0
2017-06-22 00:00:00-04:00,29.138342267143283,29.318722904621616,28.9302112509494,29.110591888427734,92320,0.0,0.0
2017-06-23 00:00:00-04:00,29.221595689087813,29.679482233581357,29.1383424352427,29.623981475830078,331720,0.0,0.0
2017-06-26 00:00:00-04:00,29.83211475442247,30.08187241767061,29.524080655952826,29.984745025634766,134080,0.0,0.0
2017-06-27 00:00:00-04:00,29.901488246741117,30.262249508670248,29.87373786902767,29.97086524963379,202160,0.0,0.0
2017-06-28 00:00:00-04:00,30.10962306444654,30.213688581950386,29.5962336015379,29.707237243652344,365800,0.0,0.0
2017-06-29 00:00:00-04:00,29.707238512029633,29.804365909069823,28.90246471886233,28.985715866088867,119320,0.0,0.0
2017-06-30 00:00:00-04:00,29.166095211872577,29.193845593029586,28.87471303389644,29.068967819213867,81960,0.0,0.0
2017-07-03 00:00:00-04:00,29.207723843832614,29.388104509542266,28.94409202894671,29.318727493286133,54240,0.0,0.0
2017-07-05 00:00:00-04:00,29.37422060185349,29.519912721454673,28.486195872161076,28.527822494506836,81520,0.0,0.0
2017-07-06 00:00:00-04:00,28.41683092782091,28.445968093769753,27.931191734630872,27.97281837463379,85720,0.0,0.0
2017-07-07 00:00:00-04:00,28.02830675536511,28.333565118366096,27.88955276152667,28.305814743041992,53360,0.0,0.0
2017-07-10 00:00:00-04:00,28.291940569163426,28.36131757116453,27.75080080044204,27.764677047729492,55280,0.0,0.0
2017-07-11 00:00:00-04:00,27.750790845396327,28.02829875385029,27.66753762597321,27.806291580200195,152400,0.0,0.0
2017-07-12 00:00:00-04:00,28.097683495952328,28.44456847738384,28.06993312088139,28.19481086730957,100800,0.0,0.0
2017-07-13 00:00:00-04:00,28.180948335447003,28.180948335447003,27.847937345900853,28.056068420410156,73000,0.0,0.0
2017-07-14 00:00:00-04:00,28.180944957492812,28.40295014002713,28.069941307616393,28.278072357177734,81000,0.0,0.0
2017-07-17 00:00:00-04:00,28.167057858119676,28.47231618978876,28.167057858119676,28.37518882751465,76560,0.0,0.0
2017-07-18 00:00:00-04:00,28.333574814939144,28.45845472246203,28.104631493641826,28.167070388793945,65200,0.0,0.0
2017-07-19 00:00:00-04:00,28.180940957181004,28.430696487426754,28.139314329733974,28.430696487426758,84240,0.0,0.0
2017-07-20 00:00:00-04:00,28.430693139441928,28.51394638453213,28.222562143934393,28.264188766479492,49920,0.0,0.0
2017-07-21 00:00:00-04:00,28.4168181023129,28.51394547367014,28.056056874736967,28.19481086730957,66360,0.0,0.0
2017-07-24 00:00:00-04:00,28.208687864862764,28.236438240672904,27.861802874191106,28.01443099975586,58480,0.0,0.0
2017-07-25 00:00:00-04:00,28.014438852552434,28.083815870134007,27.80630779980771,27.8618106842041,65880,0.0,0.0
2017-07-26 00:00:00-04:00,27.91730600490107,27.986683008947654,27.750801618632902,27.847929000854492,81200,0.0,0.0
2017-07-27 00:00:00-04:00,27.847932584020224,27.875682965765844,27.625927412836862,27.736928939819336,144720,0.0,0.0
2017-07-28 00:00:00-04:00,27.723053027142434,27.8479307955871,27.570422761516042,27.598173141479492,90440,0.0,0.0
2017-07-31 00:00:00-04:00,27.6814281763281,27.834058451756622,27.459420887926324,27.736928939819336,79760,0.0,0.0
2017-08-01 00:00:00-04:00,27.875684592222385,27.929798580810164,27.52879950711649,27.75080680847168,96560,0.0,0.0
2017-08-02 00:00:00-04:00,27.79242746218677,27.87567859436838,27.57042020859964,27.63979721069336,81760,0.0,0.0
2017-08-03 00:00:00-04:00,27.625930858354657,27.709182013974633,27.445550178683362,27.50105094909668,72800,0.0,0.0
2017-08-04 00:00:00-04:00,27.487170807294866,27.903432846069336,27.487170807294866,27.903432846069336,92960,0.0,0.0
2017-08-07 00:00:00-04:00,27.94505793135228,27.958934179817657,27.69530239672157,27.875680923461914,98680,0.0,0.0
2017-08-08 00:00:00-04:00,27.681434132536705,27.958942244141085,27.2929223528468,27.584306716918945,86000,0.0,0.0
2017-08-09 00:00:00-04:00,27.514923750340582,27.65367777619483,27.209665316904925,27.473297119140625,135760,0.0,0.0
2017-08-10 00:00:00-04:00,27.487171335637818,27.709176490253864,27.45941883874484,27.612049102783203,88240,0.0,0.0
2017-08-11 00:00:00-04:00,27.403924571026963,27.528802367754263,27.20966975006921,27.43167495727539,142480,0.0,0.0
2017-08-14 00:00:00-04:00,27.487177689996813,27.82712468334063,27.417800666162613,27.5704288482666,83400,0.0,0.0
2017-08-15 00:00:00-04:00,27.417790571287476,27.417790571287476,27.070905579835042,27.209659576416016,79480,0.0,0.0
2017-08-16 00:00:00-04:00,27.223539449159304,27.584300763267706,27.223539449159304,27.473297119140625,75040,0.0,0.0
2017-08-17 00:00:00-04:00,27.40392610428068,27.723060857040128,27.36229946396964,27.459426879882812,115640,0.0,0.0
2017-08-18 00:00:00-04:00,27.390042080656215,27.528796097513073,27.22353768387164,27.33454132080078,86160,0.0,0.0
2017-08-21 00:00:00-04:00,27.362289165792234,27.820177802443144,27.29291216379113,27.764677047729492,77920,0.0,0.0
2017-08-22 00:00:00-04:00,27.820180621862757,27.875681382201105,27.445545196533203,27.445545196533203,93600,0.0,0.0
2017-08-23 00:00:00-04:00,27.376174184778534,27.570429005736287,27.265170522566066,27.43167495727539,105360,0.0,0.0
2017-08-24 00:00:00-04:00,27.445552744591716,27.723060857040128,27.445552744591716,27.459426879882812,83360,0.0,0.0
2017-08-25 00:00:00-04:00,27.528793334960938,27.61898470719803,27.348414824922873,27.528793334960938,52800,0.0,0.0
2017-08-28 00:00:00-04:00,27.584292191577948,27.667543310889553,27.313722348684163,27.403911590576172,67680,0.0,0.0
2017-08-29 00:00:00-04:00,27.376160036990193,27.653667990498015,27.140278699952077,27.223529815673828,89720,0.0,0.0
2017-08-30 00:00:00-04:00,27.20965686163134,27.431661963680043,27.015400015468757,27.403911590576172,69000,0.0,0.0
2017-08-31 00:00:00-04:00,27.417791042651526,27.931180415383675,27.390038549083844,27.83405303955078,146320,0.0,0.0
2017-09-01 00:00:00-04:00,27.861805248551065,28.208690268783975,27.750801618632902,27.847929000854492,114400,0.0,0.0
2017-09-05 00:00:00-04:00,27.958933891941655,28.291942679499325,27.750802870413555,27.889556884765625,152240,0.0,0.0
2017-09-06 00:00:00-04:00,28.014431544432725,28.222562542882354,27.834053039550785,27.83405303955078,128720,0.0,0.0
2017-09-07 00:00:00-04:00,27.889563581347662,27.98669099127179,27.487177689996813,27.5704288482666,147440,0.0,0.0
2017-09-08 00:00:00-04:00,27.52878367174623,27.88954479962331,27.431656327230808,27.806291580200195,117680,0.0,0.0
2017-09-11 00:00:00-04:00,28.014434362634624,28.180940871918985,27.73692633678498,27.903432846069336,200920,0.0,0.0
2017-09-12 00:00:00-04:00,27.90344283606121,28.19146758650312,27.77699090633159,28.001792907714844,137880,0.625,0.0
2017-09-13 00:00:00-04:00,27.931539535522464,28.043940524082277,27.833189474484076,27.93153953552246,129320,0.0,0.0
2017-09-14 00:00:00-04:00,27.91748593997793,28.338987998892154,27.762936471364917,28.310888290405273,198120,0.0,0.0
2017-09-15 00:00:00-04:00,28.451388914332927,28.451388914332927,27.931536804919183,28.08608627319336,461240,0.0,0.0
2017-09-18 00:00:00-04:00,28.11418751303724,28.310887611599494,28.001786537914402,28.02988624572754,113640,0.0,0.0
2017-09-19 00:00:00-04:00,28.11419040465318,28.198489536762974,27.86128872058278,28.142290115356445,109480,0.0,0.0
2017-09-20 00:00:00-04:00,28.226580295822178,28.4935328225194,28.11418148865474,28.46543312072754,176840,0.0,0.0
2017-09-21 00:00:00-04:00,28.40922712538918,28.85882871527662,28.39517834862771,28.57782745361328,108720,0.0,0.0
2017-09-22 00:00:00-04:00,28.63403766366569,28.830737748849963,28.549736402089493,28.605937957763672,102480,0.0,0.0
2017-09-25 00:00:00-04:00,28.704290725633697,29.153892494363056,28.59610459657574,28.844791412353516,148960,0.0,0.0
2017-09-26 00:00:00-04:00,28.886934264920654,29.104708555571086,28.760482394617103,28.971233367919922,118040,0.0,0.0
2017-09-27 00:00:00-04:00,28.97123578903749,29.111736449647633,28.80263542507931,28.985286712646484,185000,0.0,0.0
2017-09-28 00:00:00-04:00,29.05554264089073,29.08223811456909,28.802640974293595,29.027442932128906,125680,0.0,0.0
2017-09-29 00:00:00-04:00,28.92909528028015,29.12579756025463,28.900995567103994,29.04149627685547,133280,0.0,0.0
2017-10-02 00:00:00-04:00,29.05553768842587,29.2803374640741,28.809661526895933,28.95718765258789,141680,0.0,0.0
2017-10-03 00:00:00-04:00,28.985292297050993,29.02744293212891,28.929090735656988,29.027442932128906,102520,0.0,0.0
2017-10-04 00:00:00-04:00,29.027437339603512,29.027437339603512,28.94313608568945,28.985286712646484,99400,0.0,0.0
2017-10-05 00:00:00-04:00,28.92908134340973,29.434884512387644,28.92908134340973,29.069581985473633,399840,0.0,0.0
2017-10-06 00:00:00-04:00,29.055539736133262,29.111739148038513,28.844788725683365,28.9150390625,104520,0.0,0.0
2017-10-09 00:00:00-04:00,28.94314064183023,29.153891665921225,28.88694122628741,28.999340057373047,90280,0.0,0.0
2017-10-10 00:00:00-04:00,29.153887724263846,29.25223776010182,28.87288639680106,28.95718765258789,104960,0.0,0.0
2017-10-11 00:00:00-04:00,28.943132265163985,29.11875806774386,28.943132265163985,29.069581985473633,126520,0.0,0.0
2017-10-12 00:00:00-04:00,28.929074042009685,29.252225865970402,28.929074042009685,29.167926788330078,75720,0.0,0.0
2017-10-13 00:00:00-04:00,29.252238095121427,29.350588132085786,29.139837134075012,29.181987762451172,90440,0.0,0.0
2017-10-16 00:00:00-04:00,29.181985983472607,29.26628723508579,29.013385624116125,29.139835357666016,54000,0.0,0.0
2017-10-17 00:00:00-04:00,29.139834734159894,29.22413598396928,29.0274359262405,29.083635330200195,47840,0.0,0.0
2017-10-18 00:00:00-04:00,29.027426181727076,29.21007525521568,28.957175878425577,29.167926788330078,86440,0.0,0.0
2017-10-19 00:00:00-04:00,29.196037703561696,29.252237110257777,28.95718700929844,28.985286712646484,64840,0.0,0.0
2017-10-20 00:00:00-04:00,29.069582252541814,29.069582252541814,28.521630601006315,28.54973030090332,83800,0.0,0.0
2017-10-23 00:00:00-04:00,28.605930185031045,28.7323798991666,28.33897769182219,28.381128311157227,59840,0.0,0.0
2017-10-24 00:00:00-04:00,28.33898252961137,28.549733518394603,28.14228246429499,28.226581573486328,54800,0.0,0.0
2017-10-25 00:00:00-04:00,28.142283653656644,28.184434281968663,27.875331103593865,27.945581436157227,55480,0.0,0.0
2017-10-26 00:00:00-04:00,28.015837034367717,28.07203859730364,27.819136923768028,27.84723663330078,59000,0.0,0.0
2017-10-27 00:00:00-04:00,27.847237793295896,28.296839596159653,27.762938661186098,28.142290115356445,67920,0.0,0.0
2017-10-30 00:00:00-04:00,28.170375307781914,28.240625620270148,27.987724066538625,28.072025299072266,55640,0.0,0.0
2017-10-31 00:00:00-04:00,28.114176942080274,28.35302758448931,27.94557447085556,28.268726348876953,64600,0.0,0.0
2017-11-01 00:00:00-04:00,28.254687312980362,28.53568867007069,28.198485755240167,28.451387405395508,77400,0.0,0.0
2017-11-02 00:00:00-04:00,28.53568719503257,28.908013116383266,28.507585345679974,28.816688537597656,80680,0.0,0.0
2017-11-03 00:00:00-04:00,28.83074080071198,28.85603203941008,28.591890059456194,28.676191329956055,65080,0.0,0.0
2017-11-06 00:00:00-05:00,28.816688641245268,28.915038682722773,28.690236750314096,28.858837127685547,71360,0.0,0.0
2017-11-07 00:00:00-05:00,28.66213336889295,29.252235685949127,28.549732417103712,29.083635330200195,153360,0.0,0.0
2017-11-08 00:00:00-05:00,28.99933823147876,29.26488441935894,28.81668907052965,29.224140167236328,102000,0.0,0.0
2017-11-09 00:00:00-05:00,29.224127152930162,29.364627764242325,28.971225623794428,29.013376235961914,128760,0.0,0.0
2017-11-10 00:00:00-05:00,28.957189693364004,29.231165578174846,28.76751292641104,28.9150390625,188560,0.0,0.0
2017-11-13 00:00:00-05:00,28.943135295728435,29.23818753250469,28.88693589056624,29.139835357666016,327000,0.0,0.0
2017-11-14 00:00:00-05:00,29.18198953629802,29.392740547119434,29.139838905359706,29.224140167236328,130360,0.0,0.0
2017-11-15 00:00:00-05:00,29.28034142282771,29.28034142282771,28.985291275422487,28.999340057373047,102640,0.0,0.0
2017-11-16 00:00:00-05:00,29.055536994071772,29.378688941705455,28.886936630397226,29.336538314819336,165640,0.0,0.0
2017-11-17 00:00:00-05:00,29.28032938677243,29.427855471767693,29.04147875309264,29.252229690551758,114040,0.0,0.0
2017-11-20 00:00:00-05:00,29.29439034050694,29.512166812579697,29.217114541530137,29.350589752197266,170320,0.0,0.0
2017-11-21 00:00:00-05:00,29.43488488806184,29.856386819633133,29.43488488806184,29.56133460998535,251560,0.0,0.0
2017-11-22 00:00:00-05:00,29.589439392089844,29.71588912656984,29.43488781095216,29.589439392089844,118560,0.0,0.0
2017-11-24 00:00:00-05:00,29.64564565240176,30.130372605147993,29.64564565240176,29.659696578979492,352560,0.0,0.0
2017-11-27 00:00:00-05:00,29.65969351305641,29.821268432646356,29.65969351305641,29.673742294311523,125040,0.0,0.0
2017-11-28 00:00:00-05:00,29.687794925592396,29.758045267515772,29.25224194811935,29.491092681884766,189480,0.0,0.0
2017-11-29 00:00:00-05:00,29.505141270117388,29.828293246135555,29.505141270117388,29.701841354370117,178880,0.0,0.0
2017-11-30 00:00:00-05:00,29.786141836317185,29.8563921708368,29.64564116727795,29.772090911865234,200560,0.0,0.0
2017-12-01 00:00:00-05:00,29.7861385345459,29.905564947538945,29.50513722761622,29.7861385345459,235560,0.0,0.0
2017-12-04 00:00:00-05:00,29.9125983075442,30.06714993579041,29.800199462133016,29.884498596191406,227080,0.0,0.0
2017-12-05 00:00:00-05:00,29.856035844390703,29.969827747599062,29.614229406572967,29.628454208374023,137200,0.65,0.0
2017-12-06 00:00:00-05:00,29.685352226881104,29.75647190263808,29.415098327164706,29.60000991821289,96640,0.0,0.0
2017-12-07 00:00:00-05:00,29.57156223307722,29.91293800113261,29.57156223307722,29.856040954589844,255560,0.0,0.0
2017-12-08 00:00:00-05:00,31.29265891181098,31.29265891181098,30.595686922389884,30.72370147705078,629240,0.0,0.0
2017-12-11 00:00:00-05:00,30.72371069364366,31.008189496362583,30.545911441944334,30.9797420501709,3188560,0.0,0.0
2017-12-12 00:00:00-05:00,30.92283409483117,31.022403377030376,30.75214730740437,30.823266983032227,403360,0.0,0.0
2017-12-13 00:00:00-05:00,30.85171662300286,31.05085303122572,30.709477261586713,30.922836303710938,425320,0.0,0.0
2017-12-14 00:00:00-05:00,30.951284706865994,31.207313811123264,30.837492788084806,31.050851821899414,462160,0.0,0.0
2017-12-15 00:00:00-05:00,30.97973266201116,31.491793049488813,30.737926187057795,31.420673370361328,1306200,0.0,0.0
2017-12-18 00:00:00-05:00,31.449122309835708,31.74782365358158,31.079299118073784,31.39222526550293,429400,0.0,0.0
2017-12-19 00:00:00-05:00,31.420677961976146,31.506022457560963,30.538794246002656,30.666810989379883,349800,0.0,0.0
2017-12-20 00:00:00-05:00,30.63835857075234,30.76637530240313,30.197417838356472,30.268537521362305,197560,0.0,0.0
2017-12-21 00:00:00-05:00,30.46766480732838,30.51033704146637,30.012499374123095,30.126291275024414,153800,0.0,0.0
2017-12-22 00:00:00-05:00,30.18320037130094,30.204537583630177,29.884498932300733,30.069408416748047,201440,0.0,0.0
2017-12-26 00:00:00-05:00,29.898714301571783,30.318319997226098,29.898714301571783,30.268537521362305,173880,0.0,0.0
2017-12-27 00:00:00-05:00,30.282761197951626,30.467672814210907,30.16897143754643,30.225866317749023,126480,0.0,0.0
2017-12-28 00:00:00-05:00,30.183186407973967,30.41077021179507,30.15473897509633,30.39654541015625,119960,0.0,0.0
2017-12-29 00:00:00-05:00,30.396546442508697,30.481890914440154,30.304091739916352,30.35387420654297,185720,0.0,0.0
2018-01-02 00:00:00-05:00,30.368104643490373,30.368104643490373,30.076513509086364,30.268537521362305,150560,0.0,0.0
2018-01-03 00:00:00-05:00,30.24008426255633,30.38232360119413,29.88448591596183,29.912933349609375,123360,0.0,0.0
2018-01-04 00:00:00-05:00,29.912943285830757,29.92716592217885,29.48622512817383,29.486225128173828,155640,0.0,0.0
2018-01-05 00:00:00-05:00,29.48621743612538,29.784918766322754,29.471992633087314,29.656904220581055,196280,0.0,0.0
2018-01-08 00:00:00-05:00,29.713799663103842,29.813368945483816,29.430744742647253,29.60000991821289,187560,0.0,0.0
2018-01-09 00:00:00-05:00,29.55733629779236,29.55733629779236,29.272857608054995,29.443544387817383,191160,0.0,0.0
2018-01-10 00:00:00-05:00,29.41510218067868,29.41510218067868,29.002606705009264,29.329757690429688,131440,0.0,0.0
2018-01-11 00:00:00-05:00,29.301310451116517,29.44354982223844,29.059503954289355,29.343982696533203,161200,0.0,0.0
2018-01-12 00:00:00-05:00,29.2728635659377,29.38665549907266,29.15907163280274,29.187519073486328,148800,0.0,0.0
2018-01-16 00:00:00-05:00,29.30130319176346,29.68534896456579,29.25863095691875,29.272855758666992,163640,0.0,0.0
2018-01-17 00:00:00-05:00,29.40088062848213,29.614239707310595,29.21596899275064,29.486225128173828,135720,0.0,0.0
2018-01-18 00:00:00-05:00,29.415105951120196,29.443553394716087,28.860371034196646,28.88882064819336,152120,0.0,0.0
2018-01-19 00:00:00-05:00,28.860369310062378,29.21596775976941,28.860369310062378,29.159072875976562,267880,0.0,0.0
2018-01-22 00:00:00-05:00,29.059495842269584,29.457766404313013,29.059495842269584,29.400869369506836,158880,0.0,0.0
2018-01-23 00:00:00-05:00,29.48622822793973,29.76644002122402,29.343988827101043,29.713809967041016,161080,0.0,0.0
2018-01-24 00:00:00-05:00,29.77070979491713,29.813382053212617,29.457783518085566,29.756484985351562,133920,0.0,0.0
2018-01-25 00:00:00-05:00,29.813370418206976,29.856040489448773,29.607121612003247,29.84181785583496,180840,0.0,0.0
2018-01-26 00:00:00-05:00,29.884494480891032,29.941389364492263,29.44355153657909,29.68535804748535,104080,0.0,0.0
2018-01-29 00:00:00-05:00,29.628459214978573,29.628459214978573,29.230188571649737,29.244413375854492,116520,0.0,0.0
2018-01-30 00:00:00-05:00,29.20174113364062,29.358203127890963,29.144844087221987,29.244413375854492,141960,0.0,0.0
2018-01-31 00:00:00-05:00,29.272855867347932,29.628454208374023,29.230183632344794,29.628454208374023,199760,0.0,0.0
2018-02-01 00:00:00-05:00,29.600013210046775,29.856042334924815,29.102175424383137,29.13062286376953,159720,0.0,0.0
2018-02-02 00:00:00-05:00,28.974157163889302,29.28708332144169,28.846142608199816,29.05950164794922,130600,0.0,0.0
2018-02-05 00:00:00-05:00,29.0452890883589,29.087961348378098,28.13495766982201,28.191852569580078,168680,0.0,0.0
2018-02-06 00:00:00-05:00,27.935816478182343,28.36253466575377,27.65133768646806,28.063833236694336,192400,0.0,0.0
2018-02-07 00:00:00-05:00,28.00693283131702,28.393824115475116,27.99271019567044,28.078052520751953,134680,0.0,0.0
2018-02-08 00:00:00-05:00,28.092280245318854,28.43934471308213,27.58021756002863,27.59444236755371,174680,0.0,0.0
2018-02-09 00:00:00-05:00,27.736683630991447,28.632792305457535,27.494877079570706,28.49055290222168,249960,0.0,0.0
2018-02-12 00:00:00-05:00,28.547435194975673,28.56165999718108,27.309953367108584,28.177614212036133,227520,0.0,0.0
2018-02-13 00:00:00-05:00,28.106501772854294,28.319860838426365,27.76512596569859,28.248741149902344,168560,0.0,0.0
2018-02-14 00:00:00-05:00,28.078053672392787,28.262965306588033,27.743792420579044,27.864694595336914,161560,0.0,0.0
2018-02-15 00:00:00-05:00,27.978485024162065,28.27718858404733,27.779350764505654,27.893142700195312,213160,0.0,0.0
2018-02-16 00:00:00-05:00,27.8931389801398,28.134945454730634,27.87891417617548,27.97848129272461,553840,0.0,0.0
2018-02-20 00:00:00-05:00,27.89314346415965,28.20606966807644,27.7366792770009,27.750904083251953,160480,0.0,0.0
2018-02-21 00:00:00-05:00,27.822022996996814,27.92159012677244,27.18194580078125,27.18194580078125,155120,0.0,0.0
2018-02-22 00:00:00-05:00,27.253070241132264,27.494876790006398,27.2103979865307,27.309965133666992,181160,0.0,0.0
2018-02-23 00:00:00-05:00,27.42374649637825,27.950031645443975,27.381074258259364,27.8789119720459,138360,0.0,0.0
2018-02-26 00:00:00-05:00,27.978491683089917,28.16340335129481,27.750909927946417,28.021163940429688,160080,0.0,0.0
2018-02-27 00:00:00-05:00,28.03538695069043,28.134954097826718,27.281517687399628,27.309965133666992,172360,0.0,0.0
2018-02-28 00:00:00-05:00,27.352626819171817,27.523313601223396,27.08237075805664,27.08237075805664,245400,0.0,0.0
2018-03-01 00:00:00-05:00,27.309961116773852,27.90736608212314,27.068154603465892,27.651334762573242,308400,0.0,0.0
2018-03-02 00:00:00-05:00,27.537534324402188,27.807788175079327,27.40240522866375,27.779340744018555,177200,0.0,0.0
2018-03-05 00:00:00-05:00,27.83623870258346,28.2487340952493,27.822016070670912,27.92158317565918,177640,0.0,0.0
2018-03-06 00:00:00-05:00,27.935814746682713,28.426542368294644,27.65133597260081,28.33408546447754,203720,0.0,0.0
2018-03-07 00:00:00-05:00,28.262960728206558,28.590111694109787,28.2202884856278,28.36252784729004,196320,0.0,0.0
2018-03-08 00:00:00-05:00,28.433640119316852,28.5189845822366,28.163386270737394,28.206058502197266,189200,0.0,0.0
2018-03-09 00:00:00-05:00,28.248739531733772,28.348306655883786,28.006930868283064,28.34830665588379,241080,0.0,0.0
2018-03-12 00:00:00-04:00,28.362714049343932,28.708599921044122,28.233005198139807,28.44918441772461,207120,0.65,0.0
2018-03-13 00:00:00-04:00,28.50684752548597,28.665377711564105,28.377138610596784,28.43478775024414,176800,0.0,0.0
2018-03-14 00:00:00-04:00,28.47801604278844,28.766255062658406,28.44919038153008,28.650959014892578,158280,0.0,0.0
2018-03-15 00:00:00-04:00,28.650954702519062,28.823897648592844,28.39153918386395,28.593305587768555,131640,0.0,0.0
2018-03-16 00:00:00-04:00,28.723019053417293,29.05449436935796,28.66536992942066,28.996845245361328,321560,0.0,0.0
2018-03-19 00:00:00-04:00,28.88154241834006,28.96801498449643,28.478009640513566,28.838308334350586,140280,0.0,0.0
2018-03-20 00:00:00-04:00,28.838308334350586,29.02566189587487,28.723012312505,28.838308334350586,174720,0.0,0.0
2018-03-21 00:00:00-04:00,28.88155478824134,28.96802739143372,28.679788312911988,28.82390785217285,220080,0.0,0.0
2018-03-22 00:00:00-04:00,28.780661024319194,29.299492055536568,28.780661024319194,28.809484481811523,189560,0.0,0.0
2018-03-23 00:00:00-04:00,28.823899650362183,28.823899650362183,28.23300882789415,28.2762451171875,171120,0.0,0.0
2018-03-26 00:00:00-04:00,28.42036845587601,28.766256617873545,28.23301264301351,28.521251678466797,131240,0.0,0.0
2018-03-27 00:00:00-04:00,28.564490867524135,29.083322063539523,28.319488102385023,28.780670166015625,118040,0.0,0.0
2018-03-28 00:00:00-04:00,28.89596004136377,29.385965466668974,28.838313120418125,29.313905715942383,171440,0.0,0.0
2018-03-29 00:00:00-04:00,29.42919118693681,29.587723461231423,29.256248287126134,29.400367736816406,166440,0.0,0.0
2018-04-02 00:00:00-04:00,29.400372984214652,29.48684554909781,28.92477827553462,29.02566146850586,142760,0.0,0.0
2018-04-03 00:00:00-04:00,29.054495007128452,29.573323939951546,28.939198955693563,29.472440719604492,108960,0.0,0.0
2018-04-04 00:00:00-04:00,29.213028340409956,29.47244393466501,29.054498176596518,29.241851806640625,165800,0.0,0.0
2018-04-05 00:00:00-04:00,29.34273580850451,29.385969906200867,29.011260465266204,29.29949951171875,196800,0.0,0.0
2018-04-06 00:00:00-04:00,29.28508091541089,29.602143364281595,28.9391950073863,29.05449104309082,404080,0.0,0.0
2018-04-09 00:00:00-04:00,29.126556564718253,29.13952679404544,28.69419799443004,28.708608627319336,118240,0.0,0.0
2018-04-10 00:00:00-04:00,28.867139938613263,28.867139938613263,28.46360484778877,28.550077438354492,150160,0.0,0.0
2018-04-11 00:00:00-04:00,28.478017684617946,28.881550576429227,28.478017684617946,28.795080184936523,98640,0.0,0.0
2018-04-12 00:00:00-04:00,28.795074190762026,28.86713393488351,28.42036264169477,28.593305587768555,146840,0.0,0.0
2018-04-13 00:00:00-04:00,28.69418917988635,28.895955571071305,28.449184306047677,28.622129440307617,91920,0.0,0.0
2018-04-16 00:00:00-04:00,28.636547456860814,29.097729469329675,28.636547456860814,29.011259078979492,115840,0.0,0.0
2018-04-17 00:00:00-04:00,29.068895140192073,29.443606622247025,29.01124823483984,29.213014602661133,162400,0.0,0.0
2018-04-18 00:00:00-04:00,29.544494344426642,29.710230872089117,29.38596203172346,29.44361114501953,227800,0.0,0.0
2018-04-19 00:00:00-04:00,29.400370444464688,29.429193897239603,29.011248334282115,29.140954971313477,134160,0.0,0.0
2018-04-20 00:00:00-04:00,29.140964756719075,29.3571440237557,28.953608952136157,28.996845245361328,92720,0.0,0.0
2018-04-23 00:00:00-04:00,29.068904486113045,29.342732872295702,28.89596151536511,29.040081024169922,85120,0.0,0.0
2018-04-24 00:00:00-04:00,29.054492610412087,29.2562590344624,28.953607199297842,29.16978645324707,108600,0.0,0.0
2018-04-25 00:00:00-04:00,29.169778324102722,29.357134065130197,28.910365050929194,29.213014602661133,138120,0.0,0.0
2018-04-26 00:00:00-04:00,29.28507612435618,29.861554009477715,29.28507612435618,29.70302391052246,98120,0.0,0.0
2018-04-27 00:00:00-04:00,29.703033580478895,30.02009608069914,29.703033580478895,29.8759765625,218560,0.0,0.0
2018-04-30 00:00:00-04:00,29.875966836241197,29.904790290679554,29.558904439242077,29.70302391052246,208240,0.0,0.0
2018-05-01 00:00:00-04:00,29.76066930574193,30.178614871562473,29.645373294763974,30.048908233642578,177640,0.0,0.0
2018-05-02 00:00:00-04:00,30.00567822337849,30.265093752503454,29.573319741199867,30.250680923461914,186400,0.0,0.0
2018-05-03 00:00:00-04:00,30.178621047915893,30.524509151639194,30.077737842321618,30.423625946044922,133360,0.0,0.0
2018-05-04 00:00:00-04:00,30.36598801882777,30.625403642440514,30.22186847227511,30.46687126159668,182240,0.0,0.0
2018-05-07 00:00:00-04:00,30.466860242709668,30.96407425776178,30.423626153652062,30.841571807861328,365480,0.0,0.0
2018-05-08 00:00:00-04:00,29.602140490913612,30.553329944286332,29.479640251627984,29.948028564453125,277280,0.0,0.0
2018-05-09 00:00:00-04:00,29.948033920575025,30.38759885565902,29.789501583630255,30.164213180541992,260560,0.0,0.0
2018-05-10 00:00:00-04:00,30.23627332545223,30.380392833963356,30.10656444833871,30.193037033081055,109880,0.0,0.0
2018-05-11 00:00:00-04:00,30.207453556329884,30.30833678480248,29.962448602638574,30.020097732543945,152000,0.0,0.0
2018-05-14 00:00:00-04:00,30.03450222126639,30.20744737651207,29.535849994363137,29.6453800201416,177200,0.0,0.0
2018-05-15 00:00:00-04:00,29.41479262669811,29.443616088641235,28.98243410028367,29.040081024169922,211240,0.0,0.0
2018-05-16 00:00:00-04:00,29.04007688095729,29.155372911369437,28.506835214276098,28.593305587768555,202320,0.0,0.0
2018-05-17 00:00:00-04:00,28.607729097809454,28.737435806022585,28.535669326782223,28.535669326782227,106840,0.0,0.0
2018-05-18 00:00:00-04:00,28.636540068770127,28.723012635900098,28.449184306047677,28.622129440307617,177440,0.0,0.0
2018-05-21 00:00:00-04:00,28.751841132645744,28.99684385034921,28.405955201663097,28.9536075592041,210360,0.0,0.0
2018-05-22 00:00:00-04:00,28.982429624943215,29.025663711637293,28.679777823551603,28.809484481811523,264960,0.0,0.0
2018-05-23 00:00:00-04:00,28.895967621803287,29.270679303517394,28.723024614508176,28.82390785217285,248960,0.0,0.0
2018-05-24 00:00:00-04:00,28.924787912463444,29.011260506156848,28.59331256875793,28.708608627319336,161840,0.0,0.0
2018-05-25 00:00:00-04:00,28.7374296680164,28.852725716851907,28.679782743143257,28.751842498779297,83320,0.0,0.0
2018-05-29 00:00:00-04:00,28.694196961983703,28.93919970318036,28.593311539941553,28.795080184936523,116640,0.0,0.0
2018-05-30 00:00:00-04:00,28.78066749409724,29.558914215870033,28.65096080667978,29.45802879333496,171080,0.0,0.0
2018-05-31 00:00:00-04:00,29.400385312680843,29.47244508060408,29.12655907420838,29.184206008911133,177480,0.0,0.0
2018-06-01 00:00:00-04:00,29.054499994626095,29.08332346266034,28.737435248980475,28.82390785217285,186120,0.0,0.0
2018-06-04 00:00:00-04:00,28.82390250824057,29.321114386689874,28.809489677350758,29.1986141204834,167680,0.0,0.0
2018-06-05 00:00:00-04:00,29.256263732910156,29.385970426474472,29.068907909581018,29.256263732910156,146000,0.0,0.0
2018-06-06 00:00:00-04:00,29.25624807148998,29.328307795803997,28.91036227441802,29.22742462158203,133720,0.0,0.0
2018-06-07 00:00:00-04:00,29.29949686795897,29.681412690411697,29.198613650621382,29.385967254638672,242400,0.0,0.0
2018-06-08 00:00:00-04:00,29.137796454345136,29.37136462136353,29.035608014563948,29.06480598449707,172160,0.65,0.0
2018-06-11 00:00:00-04:00,29.050212785574065,29.108604282085633,28.802045584160687,28.9918212890625,129840,0.0,0.0
2018-06-12 00:00:00-04:00,29.03561000208041,29.42976034823385,28.8166385775474,29.123199462890625,178160,0.0,0.0
2018-06-13 00:00:00-04:00,29.152393662033393,29.239983118200705,28.648759857802357,28.71445083618164,186320,0.0,0.0
2018-06-14 00:00:00-04:00,28.75824907987806,28.94802477311183,28.65606285351916,28.84583854675293,126960,0.0,0.0
2018-06-15 00:00:00-04:00,28.875035907137104,29.312978811004218,28.875035907137104,29.239988327026367,383000,0.0,0.0
2018-06-18 00:00:00-04:00,29.1961859684047,29.444353103637695,29.166990227934736,29.444353103637695,133400,0.0,0.0
2018-06-19 00:00:00-04:00,28.816638958733243,28.97721889651194,28.320304614223257,28.480884552001953,3703960,0.0,0.0
2018-06-20 00:00:00-04:00,28.597667496146645,28.831237909448053,28.466285530847447,28.685256958007812,1658960,0.0,0.0
2018-06-21 00:00:00-04:00,28.75825346527492,28.816644967100608,28.393301010131836,28.393301010131836,786760,0.0,0.0
2018-06-22 00:00:00-04:00,28.495477587367944,28.539272312630022,28.08673053074231,28.43708610534668,742760,0.0,0.0
2018-06-25 00:00:00-04:00,28.349508141791183,28.656069115349254,28.261920883269706,28.364107131958008,352600,0.0,0.0
2018-06-26 00:00:00-04:00,28.40789625962173,28.46628775376056,28.203521575150383,28.451688766479492,396360,0.0,0.0
2018-06-27 00:00:00-04:00,28.46628958437929,28.510084321546138,28.22542187120092,28.261917114257812,532920,0.0,0.0
2018-06-28 00:00:00-04:00,28.305707803639695,28.524679247899392,28.247316309500864,28.451688766479492,285000,0.0,0.0
2018-06-29 00:00:00-04:00,28.49548290674612,29.02831474649835,28.261914707567588,28.84583854675293,778720,0.0,0.0
2018-07-02 00:00:00-04:00,28.845841114815777,28.948027350272024,28.152431494050905,28.349504470825195,385040,0.0,0.0
2018-07-03 00:00:00-04:00,28.349500324196743,28.75824743372793,28.23271511754604,28.685256958007812,157800,0.0,0.0
2018-07-05 00:00:00-04:00,28.77284046403751,29.050203323364258,28.553869082203107,29.050203323364258,216720,0.0,0.0
2018-07-06 00:00:00-04:00,29.050207223774205,29.283777620087935,29.021011481108086,29.108598709106445,141800,0.0,0.0
2018-07-09 00:00:00-04:00,29.19618629992382,29.239981024872154,28.889625452777725,29.035606384277344,286040,0.0,0.0
2018-07-10 00:00:00-04:00,29.13779072875033,29.400554586576206,29.050201291147083,29.1669864654541,236880,0.0,0.0
2018-07-11 00:00:00-04:00,29.093994023729273,29.2983663941953,29.093994023729273,29.210779190063477,245600,0.0,0.0
2018-07-12 00:00:00-04:00,29.21078704397286,29.35676798426759,28.933421920917443,29.254579544067383,345800,0.0,0.0
2018-07-13 00:00:00-04:00,29.210792742220093,29.45895994363347,28.977222301188203,28.9918212890625,645320,0.0,0.0
2018-07-16 00:00:00-04:00,29.03561033280973,29.03561033280973,28.743648430106795,28.787443161010742,238480,0.0,0.0
2018-07-17 00:00:00-04:00,28.729044253897843,28.860426185195568,28.349492987383584,28.422483444213867,229360,0.0,0.0
2018-07-18 00:00:00-04:00,28.39330468017469,28.466295180637864,28.11594166941195,28.40790367126465,222880,0.0,0.0
2018-07-19 00:00:00-04:00,28.4224869759116,28.69985208282646,28.3348997533271,28.656057357788086,195000,0.0,0.0
2018-07-20 00:00:00-04:00,28.685253245175442,28.74364472719671,28.320300913811888,28.43708610534668,211440,0.0,0.0
2018-07-23 00:00:00-04:00,28.407892584112208,28.451685085303946,27.984546510155113,28.10133171081543,661680,0.0,0.0
2018-07-24 00:00:00-04:00,28.11593069620763,28.174322182791574,27.677987864350765,28.10133171081543,744040,0.0,0.0
2018-07-25 00:00:00-04:00,27.94075740203611,28.451690808648525,27.94075740203611,28.174327850341797,198600,0.0,0.0
2018-07-26 00:00:00-04:00,28.24731632203354,28.422493032020476,28.159726853293716,28.218120574951172,203360,0.0,0.0
2018-07-27 00:00:00-04:00,28.305694779862257,28.305694779862257,27.50279985366461,27.517398834228516,176680,0.0,0.0
2018-07-30 00:00:00-04:00,27.51741225161451,27.61229898907124,27.342235536890584,27.444421768188477,267080,0.0,0.0
2018-07-31 00:00:00-04:00,27.634199178302453,27.911562141464437,27.502814963520787,27.663394927978516,304920,0.0,0.0
2018-08-01 00:00:00-04:00,27.4882180650158,27.940757751464844,27.47361907650429,27.940757751464844,205560,0.0,0.0
2018-08-02 00:00:00-04:00,27.89695933451943,28.145126494222346,27.89695933451943,28.02834129333496,111240,0.0,0.0
2018-08-03 00:00:00-04:00,28.028346913155616,28.218122624212015,27.955356426402606,28.203523635864258,134280,0.0,0.0
2018-08-06 00:00:00-04:00,28.159723197399373,28.29110738345189,28.064836474827356,28.10133171081543,256760,0.0,0.0
2018-08-07 00:00:00-04:00,28.057540140994817,29.269182557710288,27.5174110330593,28.933425903320312,494120,0.0,0.0
2018-08-08 00:00:00-04:00,28.93342578613513,29.035612012494028,28.641463866542455,28.84583854675293,291000,0.0,0.0
2018-08-09 00:00:00-04:00,28.83123558998631,29.15239321181933,28.75824512013824,29.06480598449707,203960,0.0,0.0
2018-08-10 00:00:00-04:00,29.050205428148946,29.130495386137255,28.641458373611215,28.656057357788086,161240,0.0,0.0
2018-08-13 00:00:00-04:00,28.71445260387507,28.860433554812406,28.52467692215803,28.72905158996582,274560,0.0,0.0
2018-08-14 00:00:00-04:00,28.84583092464898,29.1188145345384,28.816632958410725,29.050203323364258,166160,0.0,0.0
2018-08-15 00:00:00-04:00,29.093999952395805,29.254577639771956,29.035606243583565,29.15239143371582,161800,0.0,0.0
2018-08-16 00:00:00-04:00,29.166997843048513,29.29837982321153,29.05021262318539,29.239988327026367,207400,0.0,0.0
2018-08-17 00:00:00-04:00,29.269177980119853,29.882297472359557,29.269177980119853,29.85310173034668,218200,0.0,0.0
2018-08-20 00:00:00-04:00,29.867695283804274,30.013676194815062,29.15238748335625,29.1669864654541,217440,0.0,0.0
2018-08-21 00:00:00-04:00,29.196193665739763,29.4297641060628,28.948026465079533,29.29837989807129,267080,0.0,0.0
2018-08-22 00:00:00-04:00,29.298370357380918,29.356764062192813,28.977212777137755,29.196184158325195,124040,0.0,0.0
2018-08-23 00:00:00-04:00,29.196189937734964,29.342170887423638,29.050208988046286,29.123199462890625,77880,0.0,0.0
2018-08-24 00:00:00-04:00,29.06480776264209,29.415161148350002,28.977218302468863,29.31297492980957,102440,0.0,0.0
2018-08-27 00:00:00-04:00,29.312975110439336,29.444357074016267,29.261880887108017,29.327571868896484,192920,0.0,0.0
2018-08-28 00:00:00-04:00,29.312976593257776,29.677928985535655,29.15239664965846,29.604938507080078,235200,0.0,0.0
2018-08-29 00:00:00-04:00,29.634134252963786,29.66332999884749,29.54362677247651,29.604938507080078,105240,0.0,0.0
2018-08-30 00:00:00-04:00,29.604940726118205,29.750921693971357,29.45166026437383,29.473556518554688,116480,0.0,0.0
2018-08-31 00:00:00-04:00,29.444358663697138,29.721723819267936,29.42976190445192,29.56114387512207,181000,0.0,0.0
2018-09-04 00:00:00-04:00,29.546537477228267,29.634126920700073,29.093997959269473,29.196184158325195,117120,0.0,0.0
2018-09-05 00:00:00-04:00,29.1669883809683,29.458950222164194,28.991811721749176,29.371360778808594,138520,0.0,0.0
2018-09-06 00:00:00-04:00,29.473552818423084,29.67792748425583,29.28377936603252,29.327571868896484,121040,0.0,0.0
2018-09-07 00:00:00-04:00,29.25458553658645,29.400566506783974,28.816642625993882,28.962623596191406,205960,0.0,0.0
2018-09-10 00:00:00-04:00,29.06480797401216,29.327571901457762,29.006414257641183,29.123199462890625,156760,0.0,0.0
2018-09-11 00:00:00-04:00,29.050209301400336,29.444357424312788,28.860433619259517,28.889629364013672,154040,0.0,0.0
2018-09-12 00:00:00-04:00,28.889625330777495,29.48132271693926,28.77128540211586,29.43694496154785,187520,0.65,0.0
2018-09-13 00:00:00-04:00,29.525708102421294,29.60706470832575,29.067141606783725,29.15589714050293,506160,0.0,0.0
2018-09-14 00:00:00-04:00,29.09671981189557,29.281625253324936,28.889626620353283,29.244644165039062,205240,0.0,0.0
2018-09-17 00:00:00-04:00,29.3038205647044,29.51091379373147,28.94880069861196,29.49612045288086,295440,0.0,0.0
2018-09-18 00:00:00-04:00,29.451747319892856,29.629256138681622,29.09672742516823,29.111520767211914,221680,0.0,0.0
2018-09-19 00:00:00-04:00,29.17068311393913,29.185476452682842,28.47543907876991,28.608570098876953,251680,0.0,0.0
2018-09-20 00:00:00-04:00,28.62336697779018,29.200271145801626,28.505027024643848,29.170686721801758,264600,0.0,0.0
2018-09-21 00:00:00-04:00,29.15589563837526,29.473932146380847,29.022762344655554,29.170686721801758,979280,0.0,0.0
2018-09-24 00:00:00-04:00,29.155893089797875,29.155893089797875,28.44585569013258,28.56419563293457,144720,0.0,0.0
2018-09-25 00:00:00-04:00,28.65294647216797,28.874832999712606,28.564193215438003,28.65294647216797,137560,0.0,0.0
2018-09-26 00:00:00-04:00,28.623371049175113,28.726917676476543,28.17959785461426,28.179597854614258,159560,0.0,0.0
2018-09-27 00:00:00-04:00,28.29793115092258,28.519817695874174,28.194384548041167,28.25355339050293,137480,0.0,0.0
2018-09-28 00:00:00-04:00,28.312720011836902,28.65294647216797,28.268344512045157,28.65294647216797,204400,0.0,0.0
2018-10-01 00:00:00-04:00,28.608574343707584,28.71212321598457,28.28314115737872,28.35710334777832,162600,0.0,0.0
2018-10-02 00:00:00-04:00,28.34231947900156,28.43107277578658,27.95771508815733,28.046470642089844,227440,0.0,0.0
2018-10-03 00:00:00-04:00,28.031670468376284,28.076048234531335,27.447369609251126,27.6618595123291,177440,0.0,0.0
2018-10-04 00:00:00-04:00,27.484343661761482,27.69143684121975,26.877852946403674,26.981399536132812,212920,0.0,0.0
2018-10-05 00:00:00-04:00,26.99619287344256,27.129323880644826,26.892646283713425,26.981399536132812,96600,0.0,0.0
2018-10-08 00:00:00-04:00,27.04057228279793,27.469552005272853,27.04057228279793,27.39558982849121,150120,0.0,0.0
2018-10-09 00:00:00-04:00,27.469558257193363,27.58789821840682,27.30684278552851,27.439973831176758,166600,0.0,0.0
2018-10-10 00:00:00-04:00,27.38079907649632,27.64706111039307,27.08495036581412,27.12932586669922,176240,0.0,0.0
2018-10-11 00:00:00-04:00,27.09974422940736,27.188499754583216,26.700348880409535,26.774311065673828,380520,0.0,0.0
2018-10-12 00:00:00-04:00,26.99619150431143,27.055360336256896,25.768419055699795,26.182607650756836,352960,0.0,0.0
2018-10-15 00:00:00-04:00,26.212197498218337,26.996197098254527,26.212197498218337,26.72993278503418,186400,0.0,0.0
2018-10-16 00:00:00-04:00,26.78910410427992,27.380801579739252,26.567217550982672,27.321630477905273,172000,0.0,0.0
2018-10-17 00:00:00-04:00,27.27724452981597,27.366000027357718,26.951811467406333,27.144113540649414,130000,0.0,0.0
2018-10-18 00:00:00-04:00,27.099749149009245,27.203295775747424,26.80390035424463,27.010995864868164,142360,0.0,0.0
2018-10-19 00:00:00-04:00,27.01098621075231,27.26245714499346,26.789099693984287,26.981399536132812,224320,0.0,0.0
2018-10-22 00:00:00-04:00,27.20328742113822,27.277249597114285,26.67076110839844,26.670761108398438,301480,0.0,0.0
2018-10-23 00:00:00-04:00,26.626384401455542,27.025779716048064,26.256573506990883,26.892648696899414,209640,0.0,0.0
2018-10-24 00:00:00-04:00,27.02578778794447,27.29205216291455,26.848278957013502,26.907447814941406,146800,0.0,0.0
2018-10-25 00:00:00-04:00,26.87786353242557,27.39559894213109,26.77431690191392,27.23288345336914,170480,0.0,0.0
2018-10-26 00:00:00-04:00,27.21808364974703,27.21808364974703,26.626386179100354,26.72993278503418,199200,0.0,0.0
2018-10-29 00:00:00-04:00,26.951820889889255,27.188500794647613,26.818689854179464,26.996198654174805,112560,0.0,0.0
2018-10-30 00:00:00-04:00,26.996197263834105,27.3512148455409,26.83347955554956,27.1737060546875,163240,0.0,0.0
2018-10-31 00:00:00-04:00,27.277246743261205,27.366002248005127,26.863060406846234,26.877851486206055,188080,0.0,0.0
2018-11-01 00:00:00-04:00,26.951822374469987,27.129331184243004,26.759520223404646,27.114540100097656,158120,0.0,0.0
2018-11-02 00:00:00-04:00,27.188501648396617,27.247670497870747,26.596804125067624,26.626388549804688,270560,0.0,0.0
2018-11-05 00:00:00-05:00,26.330539672416947,27.203292612632676,25.916350956477633,26.049484252929688,368400,0.0,0.0
2018-11-06 00:00:00-05:00,26.034692828574876,26.62639039286067,26.034692828574876,26.330541610717773,144520,0.0,0.0
2018-11-07 00:00:00-05:00,26.360121865880007,26.72993278503418,26.226990837843193,26.72993278503418,150960,0.0,0.0
2018-11-08 00:00:00-05:00,26.729936123443395,26.833482742309574,26.44888069264277,26.83348274230957,104000,0.0,0.0
2018-11-09 00:00:00-05:00,26.818685986004823,26.863063743889576,26.426685091360454,26.715139389038086,105720,0.0,0.0
2018-11-12 00:00:00-05:00,26.744729007083087,26.99620000778097,26.67076681528095,26.803897857666016,96680,0.0,0.0
2018-11-13 00:00:00-05:00,26.78910156646383,26.959213671684438,26.596799453727588,26.715139389038086,123680,0.0,0.0
2018-11-14 00:00:00-05:00,26.774307631394297,26.9518164018306,26.508043347166605,26.522836685180664,129880,0.0,0.0
2018-11-15 00:00:00-05:00,26.478457800946558,26.596797728581183,26.138231355426907,26.286155700683594,133200,0.0,0.0
2018-11-16 00:00:00-05:00,26.15303053033802,26.67816252464141,26.093859424740142,26.596803665161133,195840,0.0,0.0
2018-11-19 00:00:00-05:00,26.626388804577495,26.784668977013016,25.724049170008037,25.916351318359375,219920,0.0,0.0
2018-11-20 00:00:00-05:00,25.886772676234063,26.337942594306487,25.857188244605,26.226999282836914,269040,0.0,0.0
2018-11-21 00:00:00-05:00,26.24178083266166,26.670762835388246,26.1382342310196,26.36012077331543,121440,0.0,0.0
2018-11-23 00:00:00-05:00,26.31574208537177,26.522837538499065,26.182611067547946,26.30095100402832,58920,0.0,0.0
2018-11-26 00:00:00-05:00,26.493253118665606,26.629343255616746,26.17521439830294,26.30095100402832,86920,0.0,0.0
2018-11-27 00:00:00-05:00,26.300948959621397,26.38970221222286,26.04947802486436,26.13823127746582,88120,0.0,0.0
2018-11-28 00:00:00-05:00,26.15303422905649,26.670769626238023,26.108656457868634,26.582014083862305,149920,0.0,0.0
2018-11-29 00:00:00-05:00,26.62638864665246,26.868984541813862,26.374917649752355,26.789106369018555,109160,0.0,0.0
2018-11-30 00:00:00-05:00,26.818693136230156,26.996201957948884,26.68555982708076,26.951824188232422,225040,0.0,0.0
2018-12-03 00:00:00-05:00,27.08494896851076,27.08494896851076,26.729929179719544,27.040571212768555,109800,0.0,0.0
2018-12-04 00:00:00-05:00,27.010993773857574,27.20329366985026,26.6115961261263,26.685558319091797,118440,0.0,0.0
2018-12-06 00:00:00-05:00,26.67076280424387,27.447365701372416,26.286158561854894,27.36600685119629,232840,0.0,0.0
2018-12-07 00:00:00-05:00,27.395598429880504,27.499145058456012,27.08495854415398,27.188505172729492,95280,0.0,0.0
2018-12-10 00:00:00-05:00,27.20329483088055,27.22400415550888,26.670768373089082,27.084957122802734,157160,0.0,0.0
2018-12-11 00:00:00-05:00,27.12932349175608,27.47694659923481,27.070154657657984,27.09973907470703,165600,0.0,0.0
2018-12-12 00:00:00-05:00,27.45987217688241,27.48988250821846,26.01935337633689,26.049365997314453,309160,0.65,0.0
2018-12-13 00:00:00-05:00,26.019361465734118,26.424509078476135,26.019361465734118,26.124401092529297,122840,0.0,0.0
2018-12-14 00:00:00-05:00,26.70960733876066,26.70960733876066,26.10939144350761,26.199424743652344,105800,0.0,0.0
2018-12-17 00:00:00-05:00,26.154405866708597,26.214426535266774,25.209065454246023,25.359119415283203,249840,0.0,0.0
2018-12-18 00:00:00-05:00,25.704242882170753,25.719246903846503,25.23907470703125,25.23907470703125,224880,0.0,0.0
2018-12-19 00:00:00-05:00,25.23907609984716,25.3741260402315,24.68387689508961,24.863941192626953,281760,0.0,0.0
2018-12-20 00:00:00-05:00,24.83392956838281,25.059010501026762,24.173693081817206,24.278730392456055,250080,0.0,0.0
2018-12-21 00:00:00-05:00,24.23371376667066,24.563832010207815,23.52846063510455,23.64850425720215,441000,0.0,0.0
2018-12-24 00:00:00-05:00,23.558472837158877,23.903597419453263,22.94325065612793,22.94325065612793,129600,0.0,0.0
2018-12-26 00:00:00-05:00,22.95825298436167,23.828566300520663,22.75417953291502,23.73853302001953,177080,0.0,0.0
2018-12-27 00:00:00-05:00,23.573485385530663,23.64701038349585,22.88323603835288,23.618499755859375,200120,0.0,0.0
2018-12-28 00:00:00-05:00,23.6935169128928,23.82856683668323,23.333388362067957,23.483442306518555,188200,0.0,0.0
2018-12-31 00:00:00-05:00,23.498451122137418,23.54346547855867,23.048289240791043,23.528461456298828,204600,0.0,0.0
2019-01-02 00:00:00-05:00,23.243354515638202,23.453431406557296,22.95825294395546,23.108306884765625,103480,0.0,0.0
2019-01-03 00:00:00-05:00,23.108312719767447,23.723534948293384,23.108312719767447,23.37841033935547,89280,0.0,0.0
2019-01-04 00:00:00-05:00,23.543465185938015,24.038643707192822,23.438427872857712,23.91860008239746,93760,0.0,0.0
2019-01-07 00:00:00-05:00,24.008639084245726,24.398780385221617,23.873591405253745,24.218713760375977,109920,0.0,0.0
2019-01-08 00:00:00-05:00,24.878946680915238,25.179054596753442,24.323747494542904,24.983983993530273,267240,0.0,0.0
2019-01-09 00:00:00-05:00,25.16404843493003,25.314102393742544,24.80391984963668,25.25408172607422,183760,0.0,0.0
2019-01-10 00:00:00-05:00,25.14905150107822,25.554196846133625,24.983991184005625,25.479169845581055,106120,0.0,0.0
2019-01-11 00:00:00-05:00,25.50917505302003,25.539185389271676,25.284094096669854,25.524181365966797,105240,0.0,0.0
2019-01-14 00:00:00-05:00,25.494170421418026,25.569197411816127,25.23157595502467,25.284095764160156,105080,0.0,0.0
2019-01-15 00:00:00-05:00,25.299101600976428,25.539186591937323,25.224074611993274,25.50917625427246,108640,0.0,0.0
2019-01-16 00:00:00-05:00,25.50917745693905,25.59170760663992,25.389133810977974,25.494171142578125,163400,0.0,0.0
2019-01-17 00:00:00-05:00,25.449155578942737,25.539186591937323,25.291598444149713,25.50917625427246,145760,0.0,0.0
2019-01-18 00:00:00-05:00,25.554191128173773,25.85429906323244,25.419141183612272,25.779272079467773,215200,0.0,0.0
2019-01-22 00:00:00-05:00,25.734251945249497,25.773265147251227,25.41913774026738,25.584197998046875,164600,0.0,0.0
2019-01-23 00:00:00-05:00,25.6292186876685,25.674235336866914,25.359121082119913,25.524181365966797,154680,0.0,0.0
2019-01-24 00:00:00-05:00,25.554191955820347,25.83929358750319,25.43414831998055,25.659229278564453,125960,0.0,0.0
2019-01-25 00:00:00-05:00,25.734257464680134,26.469521047814187,25.734257464680134,26.24444007873535,258400,0.0,0.0
2019-01-28 00:00:00-05:00,26.154404974470033,26.96469542057163,26.049367663255627,26.739614486694336,395920,0.0,0.0
2019-01-29 00:00:00-05:00,26.72461068499154,26.72461068499154,26.274448813529414,26.679594039916992,209800,0.0,0.0
2019-01-30 00:00:00-05:00,26.814634629771692,27.114742465112485,26.574549735283703,26.7246036529541,234360,0.0,0.0
2019-01-31 00:00:00-05:00,26.73961485747745,26.949691772460938,26.51453392047908,26.949691772460938,186080,0.0,0.0
2019-02-01 00:00:00-05:00,26.97969697742433,26.97969697742433,26.094377419740646,26.559545516967773,192960,0.0,0.0
2019-02-04 00:00:00-05:00,26.55955268154625,26.799639949326586,26.45451536050806,26.78463363647461,105960,0.0,0.0
2019-02-05 00:00:00-05:00,26.829646955260504,26.87466359858703,26.574555695932307,26.859657287597656,127240,0.0,0.0
2019-02-06 00:00:00-05:00,26.829650028164934,26.844654051231185,26.544546114203932,26.649585723876953,100800,0.0,0.0
2019-02-07 00:00:00-05:00,26.52953905260578,26.93468426326134,26.52953905260578,26.859657287597656,165240,0.0,0.0
2019-02-08 00:00:00-05:00,26.844657052691367,27.159771337659176,26.82965302794754,26.96470069885254,186320,0.0,0.0
2019-02-11 00:00:00-05:00,26.994703893676537,27.14475783925482,26.904672900114466,27.03972053527832,147320,0.0,0.0
2019-02-12 00:00:00-05:00,27.114749376489826,27.114749376489826,26.649583486928414,26.739614486694336,111200,0.0,0.0
2019-02-13 00:00:00-05:00,26.649585043723842,26.957193839612476,26.559551749056762,26.9346866607666,101720,0.0,0.0
2019-02-14 00:00:00-05:00,26.904674639768448,27.03972228366447,26.739614373102953,26.874664306640625,141960,0.0,0.0
2019-02-15 00:00:00-05:00,26.979702106132383,27.024718751460394,26.844652170148347,26.949691772460938,137440,0.0,0.0
2019-02-19 00:00:00-05:00,27.12975381848189,27.12975381848189,26.83714908253254,27.03972053527832,127640,0.0,0.0
2019-02-20 00:00:00-05:00,26.964699496829883,27.099749451356782,26.86716532659546,26.979705810546875,131720,0.0,0.0
2019-02-21 00:00:00-05:00,26.874664793461484,27.054729085131836,26.709604523806004,26.949691772460938,161440,0.0,0.0
2019-02-22 00:00:00-05:00,27.009716033935547,27.264807338549872,26.934689044952393,27.009716033935547,108880,0.0,0.0
2019-02-25 00:00:00-05:00,27.084741576379088,27.294816218455473,26.78463363647461,26.78463363647461,93120,0.0,0.0
2019-02-26 00:00:00-05:00,26.739615678138396,26.934686287452198,26.574557693058846,26.829648971557617,84480,0.0,0.0
2019-02-27 00:00:00-05:00,26.694600082717557,26.754623043908122,26.424504771106513,26.649585723876953,96880,0.0,0.0
2019-02-28 00:00:00-05:00,26.73961852892706,27.27981376775064,26.328472092928784,26.979705810546875,211320,0.0,0.0
2019-03-01 00:00:00-05:00,26.874662153118916,27.08473675782161,26.28945040063318,26.30445671081543,326800,0.0,0.0
2019-03-04 00:00:00-05:00,26.424507019543498,26.799641972747455,26.206926914971564,26.75462532043457,182240,0.0,0.0
2019-03-05 00:00:00-05:00,26.72461157647291,27.279810778534898,26.634578283320476,27.159767150878906,130440,0.0,0.0
2019-03-06 00:00:00-05:00,27.159768447231617,27.203283090892494,26.694600226477533,26.81464385986328,195400,0.0,0.0
2019-03-07 00:00:00-05:00,26.859663240843656,27.069737903406825,26.769629934235386,26.79964256286621,121680,0.0,0.0
2019-03-08 00:00:00-05:00,26.964701308182107,27.086244672671576,26.664593330818604,26.709609985351562,111960,0.0,0.0
2019-03-11 00:00:00-04:00,26.78463150280546,26.964695794475812,26.66458787847799,26.949691772460938,135440,0.0,0.0
2019-03-12 00:00:00-04:00,26.964695794475812,27.099745730459848,26.874664793461484,26.949691772460938,143120,0.0,0.0
2019-03-13 00:00:00-04:00,27.056271321481827,27.155240507573865,26.96491783040633,27.01059341430664,116360,0.65,0.0
2019-03-14 00:00:00-04:00,27.05627056235945,27.22375544287768,26.964917073847076,27.041046142578125,92480,0.0,0.0
2019-03-15 00:00:00-04:00,27.10195134203341,27.13849413527809,26.782208290148837,26.84311294555664,224120,0.0,0.0
2019-03-18 00:00:00-04:00,26.81266044399684,27.05627208366901,26.508144151950425,26.660402297973633,118240,0.0,0.0
2019-03-19 00:00:00-04:00,26.660401991022457,26.858335719953796,26.584272918887354,26.706077575683594,93400,0.0,0.0
2019-03-20 00:00:00-04:00,26.706069877931053,27.284651124042657,26.553811777547697,26.96491050720215,186440,0.0,0.0
2019-03-21 00:00:00-04:00,27.025814201842962,27.61961989443287,27.025814201842962,27.43691062927246,194440,0.0,0.0
2019-03-22 00:00:00-04:00,27.406468403163004,27.688146924394445,27.208532333374023,27.208532333374023,298360,0.0,0.0
2019-03-25 00:00:00-04:00,27.254209628686116,27.55872593738652,27.071500308120886,27.37601661682129,308400,0.0,0.0
2019-03-26 00:00:00-04:00,27.573950093962203,27.832788467407227,27.37601404723077,27.832788467407227,207200,0.0,0.0
2019-03-27 00:00:00-04:00,27.83278868936875,27.84801310953114,27.36078752211235,27.680530548095703,129480,0.0,0.0
2019-03-28 00:00:00-04:00,27.741428989211773,27.98656465525321,27.60439761057164,27.954591751098633,128400,0.0,0.0
2019-03-29 00:00:00-04:00,27.893688793547657,27.893688793547657,27.29988301921675,27.421689987182617,175120,0.0,0.0
2019-04-01 00:00:00-04:00,27.40646324495888,27.452141148355413,26.888786535197305,27.421689987182617,163320,0.0,0.0
2019-04-02 00:00:00-04:00,27.421689308190736,27.51304278944711,27.07149515518808,27.48259162902832,141800,0.0,0.0
2019-04-03 00:00:00-04:00,27.558721374097537,27.61962369644313,27.360785341562345,27.421689987182617,124960,0.0,0.0
2019-04-04 00:00:00-04:00,27.528271226023968,27.695753780275407,27.40646425357535,27.634851455688477,140720,0.0,0.0
2019-04-05 00:00:00-04:00,27.6348534800543,27.83278953437359,27.558724407106492,27.75666046142578,90720,0.0,0.0
2019-04-08 00:00:00-04:00,27.695753272617058,27.777973964904557,27.46736607469023,27.528270721435547,62920,0.0,0.0
2019-04-09 00:00:00-04:00,27.513045298615378,27.65007901790924,27.269433669773232,27.315109252929688,87480,0.0,0.0
2019-04-10 00:00:00-04:00,27.497820621458146,27.71098108511061,27.330335740534917,27.4521427154541,657200,0.0,0.0
2019-04-11 00:00:00-04:00,27.46736846474806,27.57395102500791,27.238981246948242,27.238981246948242,144200,0.0,0.0
2019-04-12 00:00:00-04:00,27.223759078463605,27.34556606935491,26.980145096681,27.208532333374023,111480,0.0,0.0
2019-04-15 00:00:00-04:00,27.208530273179537,27.391239584044424,27.041047706251284,27.07149887084961,79600,0.0,0.0
2019-04-16 00:00:00-04:00,27.05626945654189,27.117174103002373,26.523365997204866,26.721302032470703,146640,0.0,0.0
2019-04-17 00:00:00-04:00,26.827882091788158,26.827882091788158,26.569043734956416,26.584270477294922,167080,0.0,0.0
2019-04-18 00:00:00-04:00,26.584273376809342,26.88878967059513,26.508144303362894,26.797433853149414,92800,0.0,0.0
2019-04-22 00:00:00-04:00,26.78220695617225,26.78220695617225,26.19601448794786,26.660402297973633,269320,0.0,0.0
2019-04-23 00:00:00-04:00,26.66040234058488,27.14762794398289,26.645175596648247,27.07149887084961,194240,0.0,0.0
2019-04-24 00:00:00-04:00,27.14762096696092,27.406459284436842,27.14762096696092,27.29987907409668,203920,0.0,0.0
2019-04-25 00:00:00-04:00,27.11717142511397,27.19330048321561,26.873557509878932,27.05626678466797,137960,0.0,0.0
2019-04-26 00:00:00-04:00,27.132396458863205,27.345559220352758,27.101945299585992,27.26943016052246,115040,0.0,0.0
2019-04-29 00:00:00-04:00,27.330335366795058,27.37601327217446,27.08672142028809,27.086721420288086,186760,0.0,0.0
2019-04-30 00:00:00-04:00,27.132402298711696,27.467369769406893,27.05627322249574,27.40646743774414,177720,0.0,0.0
2019-05-01 00:00:00-04:00,27.482592817195236,27.74143117685737,27.345561427749026,27.528270721435547,265640,0.0,0.0
2019-05-02 00:00:00-04:00,27.54349084034317,27.741426845631256,27.238974623984376,27.43691062927246,76880,0.0,0.0
2019-05-03 00:00:00-04:00,27.543491831334727,27.95459059682957,27.49781625585702,27.924137115478516,109960,0.0,0.0
2019-05-06 00:00:00-04:00,27.741430919426897,28.045947180503536,27.741430919426897,27.969818115234375,157160,0.0,0.0
2019-05-07 00:00:00-04:00,28.030719185018764,28.167750555709755,26.949685666814197,27.254201889038086,147000,0.0,0.0
2019-05-08 00:00:00-04:00,27.193301405930747,27.406461846538445,26.8126561025066,26.85833168029785,184920,0.0,0.0
2019-05-09 00:00:00-04:00,26.88878301991886,27.330330607385818,26.59949121841088,27.284652709960938,265040,0.0,0.0
2019-05-10 00:00:00-04:00,27.193304960676908,27.71098171169534,27.187213333992066,27.680530548095703,242560,0.0,0.0
2019-05-13 00:00:00-04:00,27.45213921764462,27.954591473119635,27.406461317460618,27.71097755432129,337840,0.0,0.0
2019-05-14 00:00:00-04:00,27.74143632139113,28.16775963456937,27.6653072412977,28.106857299804688,186840,0.0,0.0
2019-05-15 00:00:00-04:00,28.061172082865433,28.578848763441215,28.061172082865433,28.36568832397461,227360,0.0,0.0
2019-05-16 00:00:00-04:00,28.36570629493385,28.594093620459446,28.335255116185643,28.441835403442383,203920,0.0,0.0
2019-05-17 00:00:00-04:00,28.350469793259926,28.62453495428579,28.2743407109347,28.594083786010742,841800,0.0,0.0
2019-05-20 00:00:00-04:00,28.441823391257923,28.746339696681936,28.061178009477906,28.228660583496094,160640,0.0,0.0
2019-05-21 00:00:00-04:00,28.28956099360243,28.56362609201466,28.25910983228433,28.533172607421875,153800,0.0,0.0
2019-05-22 00:00:00-04:00,28.533179270589887,28.533179270589887,28.213438517170875,28.320018768310547,149800,0.0,0.0
2019-05-23 00:00:00-04:00,28.182984273236283,28.27433776855469,27.98504821513394,28.274337768554688,149480,0.0,0.0
2019-05-24 00:00:00-04:00,28.320015413338997,28.517951469592592,28.213435174825506,28.4113712310791,104760,0.0,0.0
2019-05-28 00:00:00-04:00,28.50272572303271,28.578854799388715,28.198209417608698,28.228660583496094,230080,0.0,0.0
2019-05-29 00:00:00-04:00,28.152530136746414,28.16775688058643,27.84801384614548,28.030725479125977,169160,0.0,0.0
2019-05-30 00:00:00-04:00,28.04594649819256,28.152526722321525,27.710979083812393,27.726205825805664,167720,0.0,0.0
2019-05-31 00:00:00-04:00,27.58917546378967,28.213434788831556,27.48259522673433,28.030725479125977,176080,0.0,0.0
2019-06-03 00:00:00-04:00,28.13730158528227,28.21343064675583,27.573946995032852,28.076396942138672,188040,0.0,0.0
2019-06-04 00:00:00-04:00,28.19820438005184,28.259109024221164,27.756656745378702,28.167753219604492,249400,0.0,0.0
2019-06-05 00:00:00-04:00,28.25911308369556,28.44182239590082,28.076401448215346,28.4113712310791,159120,0.0,0.0
2019-06-06 00:00:00-04:00,28.4418173842519,28.53317086261993,28.13730114314273,28.36568832397461,128280,0.0,0.0
2019-06-07 00:00:00-04:00,28.67451351627834,28.967899833452734,28.473776005823655,28.767162322998047,172520,0.65,0.0
2019-06-10 00:00:00-04:00,28.70539900549179,28.73628351542888,28.319366192851195,28.489221572875977,179840,0.0,0.0
2019-06-11 00:00:00-04:00,28.566428770654348,28.705399643832425,28.211278103895822,28.44289779663086,174800,0.0,0.0
2019-06-12 00:00:00-04:00,28.442897164127643,28.62819244296367,28.33480844781974,28.489221572875977,177280,0.0,0.0
2019-06-13 00:00:00-04:00,28.597306578707535,28.736279786920875,28.458335726651192,28.643630981445312,158800,0.0,0.0
2019-06-14 00:00:00-04:00,28.643639877308825,28.875259606774936,28.643639877308825,28.689964294433594,133120,0.0,0.0
2019-06-17 00:00:00-04:00,28.720841552734377,29.091432114177696,28.720841552734377,28.95246124267578,205080,0.0,0.0
2019-06-18 00:00:00-04:00,29.029667805989586,29.18408093261719,28.689959398640323,28.95246124267578,127200,0.0,0.0
2019-06-19 00:00:00-04:00,28.875263545201644,29.091441046392337,28.744011404805686,28.998794555664062,114120,0.0,0.0
2019-06-20 00:00:00-04:00,29.106870687375267,29.21495939111024,28.708484588331764,28.767162322998047,480880,0.0,0.0
2019-06-21 00:00:00-04:00,28.659079426528937,28.659079426528937,28.226722167822302,28.28848648071289,364000,0.0,0.0
2019-06-24 00:00:00-04:00,28.381136500618695,28.4583430730599,28.149516783295077,28.18039894104004,237040,0.0,0.0
2019-06-25 00:00:00-04:00,28.25760259733095,28.659077675056523,28.103189468383786,28.10318946838379,298600,0.0,0.0
2019-06-26 00:00:00-04:00,28.14951377122261,28.14951377122261,27.362005874124698,27.454654693603516,205120,0.0,0.0
2019-06-27 00:00:00-04:00,27.578181059571648,27.7789162079733,27.485532255573222,27.686269760131836,319800,0.0,0.0
2019-06-28 00:00:00-04:00,27.732602233098746,28.288488150396855,27.717159975885888,27.964221954345703,818760,0.0,0.0
2019-07-01 00:00:00-04:00,28.164954046216522,28.164954046216522,27.639950345250146,27.933334350585938,540280,0.0,0.0
2019-07-02 00:00:00-04:00,27.948780494300895,28.16495796450091,27.85613166069648,28.087751388549805,436040,0.0,0.0
2019-07-03 00:00:00-04:00,28.13407208040744,28.48922275399221,28.103189925347326,28.381134033203125,148800,0.0,0.0
2019-07-05 00:00:00-04:00,28.226719193559937,28.55870646364083,27.948775102524376,28.55098533630371,221160,0.0,0.0
2019-07-08 00:00:00-04:00,28.550988788990544,28.767168599786395,28.535548888606403,28.566431045532227,485200,0.0,0.0
2019-07-09 00:00:00-04:00,28.5509892310899,28.86753664583566,28.520107073685878,28.705402374267578,381320,0.0,0.0
2019-07-10 00:00:00-04:00,28.798048653247946,28.84437306333183,28.59731111365603,28.751724243164062,182960,0.0,0.0
2019-07-11 00:00:00-04:00,28.70539900549179,28.75172341424012,28.381132856568072,28.489221572875977,300080,0.0,0.0
2019-07-12 00:00:00-04:00,28.473781585693363,28.643636979246228,28.13407315474512,28.47378158569336,183000,0.0,0.0
2019-07-15 00:00:00-04:00,28.612755458999732,28.72084418631889,28.52010663206472,28.566431045532227,197880,0.0,0.0
2019-07-16 00:00:00-04:00,28.504663284595498,28.64363415203465,28.41201446886456,28.55098533630371,211920,0.0,0.0
2019-07-17 00:00:00-04:00,28.56642442893468,28.713116407473485,28.50466012938897,28.643630981445312,214840,0.0,0.0
2019-07-18 00:00:00-04:00,28.612755263844914,28.89069938659668,28.334811141093148,28.89069938659668,836040,0.0,0.0
2019-07-19 00:00:00-04:00,28.859817558958547,29.075997388394182,28.489226931579953,28.504669189453125,355120,0.0,0.0
2019-07-22 00:00:00-04:00,28.535546616187816,28.705399643832425,28.388854615353765,28.44289779663086,119040,0.0,0.0
2019-07-23 00:00:00-04:00,28.47377562345912,28.736279786920875,28.381129174140558,28.643630981445312,125800,0.0,0.0
2019-07-24 00:00:00-04:00,28.61276277726832,28.844382547689555,28.535556187127906,28.73629379272461,174640,0.0,0.0
2019-07-25 00:00:00-04:00,28.767166130082792,28.81349053957328,28.550986337846293,28.628192901611328,137240,0.0,0.0
2019-07-26 00:00:00-04:00,28.65908031624034,28.844375616822038,28.5587103594803,28.705402374267578,226520,0.0,0.0
2019-07-29 00:00:00-04:00,28.736292581986586,29.021955539775465,28.736292581986586,28.84438133239746,144920,0.0,0.0
2019-07-30 00:00:00-04:00,28.72085037116313,29.23041431672183,28.72085037116313,28.998794555664062,192200,0.0,0.0
2019-07-31 00:00:00-04:00,29.029673331719852,29.407985092736773,28.93702449564487,29.13776206970215,311120,0.0,0.0
2019-08-01 00:00:00-04:00,29.261287339705184,29.86349758787471,29.06054980492957,29.631877899169922,339280,0.0,0.0
2019-08-02 00:00:00-04:00,29.72452990405143,29.84806088916991,29.446585776574242,29.678205490112305,270160,0.0,0.0
2019-08-05 00:00:00-04:00,29.724523561617396,29.848054520377605,28.751720501096685,29.24584197998047,246400,0.0,0.0
2019-08-06 00:00:00-04:00,29.307620181111478,29.94071276536456,29.245853499324205,29.693653106689453,298720,0.0,0.0
2019-08-07 00:00:00-04:00,29.693647634328975,30.24953353102004,29.508352335431955,30.017913818359375,269840,0.0,0.0
2019-08-08 00:00:00-04:00,30.048794290536925,30.69732892753729,29.85114568413981,30.681886672973633,222600,0.0,0.0
2019-08-09 00:00:00-04:00,30.635573327196866,30.77454659997788,30.450277986313605,30.69734001159668,259000,0.0,0.0
2019-08-12 00:00:00-04:00,30.697337024989764,31.36131409170001,30.635570346599355,31.1142520904541,419280,0.0,0.0
2019-08-13 00:00:00-04:00,31.11424969005117,31.65469571444412,31.11424969005117,31.46940040588379,818840,0.0,0.0
2019-08-14 00:00:00-04:00,31.376752931478403,31.438519607776833,30.77454256355486,30.882631301879883,416120,0.0,0.0
2019-08-15 00:00:00-04:00,30.94438237809058,31.778214480063028,30.898060335889426,31.716447830200195,552400,0.0,0.0
2019-08-16 00:00:00-04:00,31.79367377482916,32.24147342397891,31.60837842449329,31.978971481323242,1549440,0.0,0.0
2019-08-19 00:00:00-04:00,32.17970134455661,32.27235018227987,31.762786287117578,31.963523864746094,488800,0.0,0.0
2019-08-20 00:00:00-04:00,31.99440231743136,32.00984457398157,31.538884023090688,31.623811721801758,297360,0.0,0.0
2019-08-21 00:00:00-04:00,31.731905543895095,31.839994288628116,31.40763695353811,31.670141220092773,188240,0.0,0.0
2019-08-22 00:00:00-04:00,31.685571685218154,32.02528007726249,31.685571685218154,31.82454490661621,157880,0.0,0.0
2019-08-23 00:00:00-04:00,31.793663672022923,31.99440121949935,31.314984365441024,31.39219093322754,183360,0.0,0.0
2019-08-26 00:00:00-04:00,31.531152592925242,31.82453887842096,31.48482819456731,31.716447830200195,311720,0.0,0.0
2019-08-27 00:00:00-04:00,31.855431433109644,31.948077903938273,31.59292956485888,31.623811721801758,467000,0.0,0.0
2019-08-28 00:00:00-04:00,31.592928020284067,31.73189889781151,31.500279197827485,31.608367919921875,215000,0.0,0.0
2019-08-29 00:00:00-04:00,31.747343504272592,31.93263880674813,31.685576832675675,31.886314392089844,157760,0.0,0.0
2019-08-30 00:00:00-04:00,31.932629130667678,32.02527557575334,31.701009483718188,31.731891632080078,252360,0.0,0.0
2019-09-03 00:00:00-04:00,31.68557768991076,32.364996958912506,31.500282382422167,32.30323028564453,398000,0.0,0.0
2019-09-04 00:00:00-04:00,32.30323476840558,32.6429432719694,32.2260281832248,32.550296783447266,239240,0.0,0.0
2019-09-05 00:00:00-04:00,32.581170944940474,32.76646623263756,32.34955124627976,32.4267578125,209680,0.0,0.0
2019-09-06 00:00:00-04:00,32.51941009616751,32.612056571799705,32.334112432587794,32.442203521728516,180120,0.0,0.0
2019-09-09 00:00:00-04:00,32.45763941945078,32.45763941945078,31.870869054857778,32.13337326049805,384080,0.0,0.0
2019-09-10 00:00:00-04:00,32.117925614781484,32.45763397216797,31.870863706051143,32.45763397216797,251280,0.0,0.0
2019-09-11 00:00:00-04:00,32.55145117440261,32.989223335610326,32.39510414437602,32.95795440673828,248640,0.65,0.0
2019-09-12 00:00:00-04:00,33.27064476539966,33.30191369079301,32.77033480210782,32.989219665527344,254040,0.0,0.0
2019-09-13 00:00:00-04:00,32.989218188476826,33.223738696925714,32.5827150195657,32.62961959838867,228200,0.0,0.0
2019-09-16 00:00:00-04:00,32.8172349788467,32.9423130583929,32.61398578345831,32.864139556884766,269600,0.0,0.0
2019-09-17 00:00:00-04:00,32.83287659316896,33.03612821111709,32.723434148325005,33.02049255371094,173560,0.0,0.0
2019-09-18 00:00:00-04:00,33.22374432976555,33.419178119940646,32.520182685135225,32.69216537475586,236120,0.0,0.0
2019-09-19 00:00:00-04:00,32.92668158532449,32.92668158532449,32.707794337763964,32.73906326293945,188680,0.0,0.0
2019-09-20 00:00:00-04:00,32.69216200231025,32.895411214592535,32.62962176450589,32.78596878051758,1090880,0.0,0.0
2019-09-23 00:00:00-04:00,32.692166589874056,33.20810990658002,32.59835741283672,32.80160903930664,334280,0.0,0.0
2019-09-24 00:00:00-04:00,32.895411214592535,33.06739388647185,32.72343092837936,32.78596878051758,290760,0.0,0.0
2019-09-25 00:00:00-04:00,32.801607664023024,33.1612063133672,32.801607664023024,33.02049255371094,241400,0.0,0.0
2019-09-26 00:00:00-04:00,33.03612230781573,33.17683365666158,32.84850638079928,33.08302688598633,237680,0.0,0.0
2019-09-27 00:00:00-04:00,33.31754480603454,33.34881372716677,32.94231059545046,33.192466735839844,218840,0.0,0.0
2019-09-30 00:00:00-04:00,33.1924717816551,33.64587717116215,33.1924717816551,33.30191421508789,371680,0.0,0.0
2019-10-01 00:00:00-04:00,33.28627747375518,33.520797988748285,33.11429719415986,33.22373962402344,210680,0.0,0.0
2019-10-02 00:00:00-04:00,33.17683756021372,33.66151428222656,33.145568632976236,33.66151428222656,267480,0.0,0.0
2019-10-03 00:00:00-04:00,33.56770706176758,33.97421029643069,33.4895335463067,33.56770706176758,281000,0.0,0.0
2019-10-04 00:00:00-04:00,33.6302441494021,33.958571452125085,33.58333956739421,33.91166687011719,219640,0.0,0.0
2019-10-07 00:00:00-04:00,33.802228736078206,34.0680182203809,33.7240552180088,33.864768981933594,265640,0.0,0.0
2019-10-08 00:00:00-04:00,33.73968930782628,34.02111443693011,33.64588013623623,33.83349609375,284800,0.0,0.0
2019-10-09 00:00:00-04:00,33.942942162536745,34.02111567982894,33.47390105878359,33.583343505859375,188400,0.0,0.0
2019-10-10 00:00:00-04:00,33.53642904358982,33.86475867380734,33.497342296452764,33.755313873291016,200200,0.0,0.0
2019-10-11 00:00:00-04:00,33.94294353254926,33.97421246359493,33.677151654494715,33.724056243896484,142880,0.0,0.0
2019-10-14 00:00:00-04:00,33.739681091436694,33.84912350786245,33.630238675010936,33.708412170410156,210560,0.0,0.0
2019-10-15 00:00:00-04:00,33.73968357388263,33.958568422838916,33.69277899605888,33.92729949951172,178480,0.0,0.0
2019-10-16 00:00:00-04:00,33.896030875673965,34.10709789924685,33.81785737383231,33.989837646484375,202000,0.0,0.0
2019-10-17 00:00:00-04:00,33.97421569655347,34.279091978177,33.97421569655347,34.177467346191406,224600,0.0,0.0
2019-10-18 00:00:00-04:00,34.08364245916758,34.32598076112507,33.98983331464673,34.2243537902832,203400,0.0,0.0
2019-10-21 00:00:00-04:00,34.208728656684364,34.53705596923828,34.122737318039455,34.53705596923828,265080,0.0,0.0
2019-10-22 00:00:00-04:00,34.55269314158052,34.748126926317966,34.24781691452337,34.34944152832031,171760,0.0,0.0
2019-10-23 00:00:00-04:00,34.45888245877313,34.53705596923828,34.19309300032485,34.53705596923828,162120,0.0,0.0
2019-10-24 00:00:00-04:00,34.52142377621587,34.709039730055885,34.34944109355718,34.615230560302734,205920,0.0,0.0
2019-10-25 00:00:00-04:00,34.55268656555074,34.61522441049806,34.193087992938985,34.427608489990234,192800,0.0,0.0
2019-10-28 00:00:00-04:00,34.443241119384766,34.56050135761304,34.380700894263626,34.443241119384766,171080,0.0,0.0
2019-10-29 00:00:00-04:00,34.44324781274058,34.638681581099675,34.333805379592704,34.39634323120117,289440,0.0,0.0
2019-10-30 00:00:00-04:00,34.39634134069516,34.84974670410156,34.38070568581936,34.84974670410156,166760,0.0,0.0
2019-10-31 00:00:00-04:00,34.86538329675303,35.10772163985022,34.646498436600375,34.89665222167969,226960,0.0,0.0
2019-11-01 00:00:00-04:00,34.92792560752964,34.97483019374321,34.56832934644709,34.88102340698242,201600,0.0,0.0
2019-11-04 00:00:00-05:00,34.86538299936698,34.94355650384986,34.709035990401205,34.83411407470703,236560,0.0,0.0
2019-11-05 00:00:00-05:00,34.84975154011491,34.94356071105541,34.27126801442533,34.34944152832031,309160,0.0,0.0
2019-11-06 00:00:00-05:00,34.44325918564228,35.053011789991885,34.44325918564228,34.97483825683594,422440,0.0,0.0
2019-11-07 00:00:00-05:00,35.256251948232254,35.88164000939824,35.06081817911789,35.740928649902344,406400,0.0,0.0
2019-11-08 00:00:00-05:00,35.881642258282135,35.91291118616699,35.58458386487659,35.709659576416016,186360,0.0,0.0
2019-11-11 00:00:00-05:00,35.70966357130446,35.95981979370117,35.69403029844625,35.95981979370117,222200,0.0,0.0
2019-11-12 00:00:00-05:00,36.0230638055531,36.16538398607697,35.82539554763516,35.86492919921875,187160,0.65,0.0
2019-11-13 00:00:00-05:00,35.8807524657353,36.07051598320808,35.8807524657353,35.95981979370117,206160,0.0,0.0
2019-11-14 00:00:00-05:00,36.038878117933905,36.24445360187412,35.97562523654126,36.149574279785156,255520,0.0,0.0
2019-11-15 00:00:00-05:00,36.21282331732899,36.27607619200759,35.9123685431919,36.0863151550293,239720,0.0,0.0
2019-11-18 00:00:00-05:00,36.10213833465235,36.2918994176462,36.054697460668116,36.197017669677734,258600,0.0,0.0
2019-11-19 00:00:00-05:00,36.323524570401794,36.386779871111415,36.18120436645539,36.30771255493164,162840,0.0,0.0
2019-11-20 00:00:00-05:00,36.29189171664894,36.48165275937623,36.133757112219094,36.339332580566406,215480,0.0,0.0
2019-11-21 00:00:00-05:00,36.228651851311476,36.481665861501824,36.03888832748941,36.05470275878906,259280,0.0,0.0
2019-11-22 00:00:00-05:00,36.11794533255824,36.37096168335871,35.912372262093456,36.16538619995117,209960,0.0,0.0
2019-11-25 00:00:00-05:00,36.22864635071089,36.537008410687925,36.18120547695833,36.35515213012695,229240,0.0,0.0
2019-11-26 00:00:00-05:00,36.37096879699342,36.70305252075195,36.22548521135863,36.70305252075195,486280,0.0,0.0
2019-11-27 00:00:00-05:00,36.75048698493661,36.86118315610457,36.69514131229559,36.79792785644531,153000,0.0,0.0
2019-11-29 00:00:00-05:00,36.845368823159035,36.93392382996786,36.62398130613698,36.7821159362793,125880,0.0,0.0
2019-12-02 00:00:00-05:00,36.70304625014509,36.71885826437207,36.291895273158765,36.513282775878906,284080,0.0,0.0
2019-12-03 00:00:00-05:00,36.5449181541564,36.679331157323524,36.3709690760069,36.465850830078125,200560,0.0,0.0
2019-12-04 00:00:00-05:00,36.38678331616997,36.75049107467798,36.35515445634907,36.56072998046875,274320,0.0,0.0
2019-12-05 00:00:00-05:00,36.59235010017067,36.608164527346645,36.33933615595469,36.5765380859375,252880,0.0,0.0
2019-12-06 00:00:00-05:00,36.671413279902076,37.066749785347085,36.66350848014721,36.82954788208008,237360,0.0,0.0
2019-12-09 00:00:00-05:00,36.81373848519412,37.066752418889706,36.718856751969085,36.86117935180664,270400,0.0,0.0
2019-12-10 00:00:00-05:00,36.845371156484205,37.035132242083485,36.80583749644506,36.9244384765625,252360,0.0,0.0
2019-12-11 00:00:00-05:00,36.9560551005443,36.9560551005443,36.370957570049384,36.481651306152344,223800,0.0,0.0
2019-12-12 00:00:00-05:00,36.45003327488628,36.62398233812152,35.75424184783139,35.77005386352539,309400,0.0,0.0
2019-12-13 00:00:00-05:00,35.864943155108776,36.08633072494691,35.643553172327096,35.84912872314453,611000,0.0,0.0
2019-12-16 00:00:00-05:00,35.91237725868899,36.38678117273802,35.73842819169378,36.26027297973633,248040,0.0,0.0
2019-12-17 00:00:00-05:00,36.307708802129966,36.410495337362356,36.07050687810806,36.16538619995117,277400,0.0,0.0
2019-12-18 00:00:00-05:00,36.1653972330168,36.70305653925713,36.149585214357174,36.544921875,334440,0.0,0.0
2019-12-19 00:00:00-05:00,36.60816825744038,36.75048846475429,36.370966303288505,36.655609130859375,185000,0.0,0.0
2019-12-20 00:00:00-05:00,36.71885908725442,37.050942761719554,36.71885908725442,37.003501892089844,814920,0.0,0.0
2019-12-23 00:00:00-05:00,37.06675346616714,37.08256789313237,36.687231348429464,36.98768615722656,611960,0.0,0.0
2019-12-24 00:00:00-05:00,37.00350066311012,37.06675354522037,36.74257950822684,36.90861892700195,105000,0.0,0.0
2019-12-26 00:00:00-05:00,36.92443329033998,37.066753481314066,36.63979049544901,37.050941467285156,90640,0.0,0.0
2019-12-27 00:00:00-05:00,37.16163651556031,37.24070382729555,36.76629995688414,37.003501892089844,255160,0.0,0.0
2019-12-30 00:00:00-05:00,37.01932385462329,37.13001763099494,36.73468099185092,37.082576751708984,153640,0.0,0.0
2019-12-31 00:00:00-05:00,37.082567441371175,37.572785716007765,37.082567441371175,37.52534484863281,311800,0.0,0.0
2020-01-02 00:00:00-05:00,37.6676670786041,37.6676670786041,36.623980004523176,36.766300201416016,211200,0.0,0.0
2020-01-03 00:00:00-05:00,36.68723872814579,37.16164267721665,36.62398583344699,37.14582824707031,256560,0.0,0.0
2020-01-06 00:00:00-05:00,36.9718803771281,37.35140255885799,36.81374573258345,37.114200592041016,273960,0.0,0.0
2020-01-07 00:00:00-05:00,36.65560817694386,36.95606301254006,36.22864515317025,36.38677978515625,264600,0.0,0.0
2020-01-08 00:00:00-05:00,36.35515083326202,36.62398163728908,36.27608351747594,36.402591705322266,163760,0.0,0.0
2020-01-09 00:00:00-05:00,36.41840369184324,36.60816475441796,36.23654742996273,36.27608108520508,188240,0.0,0.0
2020-01-10 00:00:00-05:00,36.29189812651848,36.355151014285106,36.102137050275616,36.30771255493164,163120,0.0,0.0
2020-01-13 00:00:00-05:00,36.339328450844924,36.7504769278727,36.276073168495984,36.73466491699219,110920,0.0,0.0
2020-01-14 00:00:00-05:00,36.76629653502231,36.92285066634692,36.386774439192685,36.60816192626953,121680,0.0,0.0
2020-01-15 00:00:00-05:00,36.73467455173594,37.21698564952427,36.70304810873766,37.19326400756836,210400,0.0,0.0
2020-01-16 00:00:00-05:00,36.92442827450281,37.193256605904274,36.60815908157345,37.019309997558594,192120,0.0,0.0
2020-01-17 00:00:00-05:00,37.01932625531974,37.25652825418866,36.948163725304255,37.20908737182617,160120,0.0,0.0
2020-01-21 00:00:00-05:00,37.28814027143252,37.66766235754143,37.28814027143252,37.63603591918945,315000,0.0,0.0
2020-01-22 00:00:00-05:00,37.84162381116028,38.06301136524746,37.699301172438496,37.96813201904297,211600,0.0,0.0
2020-01-23 00:00:00-05:00,37.96812268847014,38.466245769225445,37.93649383456465,38.3476448059082,231600,0.0,0.0
2020-01-24 00:00:00-05:00,38.42671357563472,38.42671357563472,37.857427964892615,38.14207077026367,154480,0.0,0.0
2020-01-27 00:00:00-05:00,38.11045596761331,38.25277620729418,37.90488041134037,38.047203063964844,212680,0.0,0.0
2020-01-28 00:00:00-05:00,38.0471899973483,38.442526541739106,37.983934702480106,38.3476448059082,172920,0.0,0.0
2020-01-29 00:00:00-05:00,38.37928129611754,38.48365075027112,38.22114663695517,38.41090774536133,144000,0.0,0.0
2020-01-30 00:00:00-05:00,38.347639545516266,38.58484143961225,38.23694581085997,38.489959716796875,128120,0.0,0.0
2020-01-31 00:00:00-05:00,38.42671350650493,38.53740726035485,38.22113801338773,38.284393310546875,206520,0.0,0.0
2020-02-03 00:00:00-05:00,38.47415395720296,38.695541462492166,38.37927221896882,38.61647415161133,177920,0.0,0.0
2020-02-04 00:00:00-05:00,38.74297942416648,39.12250152273635,38.69553855860958,38.9643669128418,132720,0.0,0.0
2020-02-05 00:00:00-05:00,38.995999418574876,39.16994605798975,38.67973016915559,39.12250518798828,444320,0.0,0.0
2020-02-06 00:00:00-05:00,39.24901459641748,39.375522782725675,39.09878718083905,39.21738815307617,172720,0.0,0.0
2020-02-07 00:00:00-05:00,39.296462199405255,39.296462199405255,38.85368467795005,38.885311126708984,130720,0.0,0.0
2020-02-10 00:00:00-05:00,39.059251012134524,39.233200058742206,38.94855726108546,39.169944763183594,96760,0.0,0.0
2020-02-11 00:00:00-05:00,39.280641124666566,39.470404611010515,38.94065263536241,39.13832092285156,80560,0.0,0.0
2020-02-12 00:00:00-05:00,39.28064103975879,39.45459009755042,38.822051578952426,39.21738815307617,168680,0.0,0.0
2020-02-13 00:00:00-05:00,39.154133556013555,39.62853742423855,39.106692686602486,39.59690856933594,107840,0.0,0.0
2020-02-14 00:00:00-05:00,39.770857296101404,39.92899191755708,39.596908247323036,39.913177490234375,189320,0.0,0.0
2020-02-18 00:00:00-05:00,39.928986813072946,40.10293583961384,39.834105087152004,39.96061325073242,123480,0.0,0.0
2020-02-19 00:00:00-05:00,39.976433111681644,40.01596676736706,39.41505471836016,39.59690856933594,144640,0.0,0.0
2020-02-20 00:00:00-05:00,39.56527804372634,39.9764289855957,39.51783717921178,39.9764289855957,167720,0.0,0.0
2020-02-21 00:00:00-05:00,40.10293583961384,40.10293583961384,39.75503778653206,39.96061325073242,170040,0.0,0.0
2020-02-24 00:00:00-05:00,39.53365838030856,39.78667475911974,39.22529632753076,39.54947280883789,160520,0.0,0.0
2020-02-25 00:00:00-05:00,39.5652827029918,39.8499255106565,38.60066293799957,39.04343795776367,440280,0.0,0.0
2020-02-26 00:00:00-05:00,39.18575532308016,39.54946539458365,38.96436542988811,39.31226348876953,377040,0.0,0.0
2020-02-27 00:00:00-05:00,38.88530442705304,39.58109824458626,37.98393752153382,38.01556396484375,515640,0.0,0.0
2020-02-28 00:00:00-05:00,37.55696990455778,37.79417181974446,36.37096032862438,37.58859634399414,704200,0.0,0.0
2020-03-02 00:00:00-05:00,37.7941697835632,40.0396806437638,37.6834760450283,39.944801330566406,473640,0.0,0.0
2020-03-03 00:00:00-05:00,40.197823789581236,41.14663401382648,39.58109967741203,40.29270553588867,330560,0.0,0.0
2020-03-04 00:00:00-05:00,40.50039741886032,41.30720811935589,40.11696267877962,40.963714599609375,238920,0.65,0.0
2020-03-05 00:00:00-05:00,40.46844157721832,40.83590126141132,39.398017448514,39.92523956298828,380400,0.0,0.0
2020-03-06 00:00:00-05:00,39.0944631299288,40.388559549689155,38.423451164719836,40.196842193603516,373640,0.0,0.0
2020-03-09 00:00:00-04:00,38.55126734498896,39.062514490843206,37.448888172740205,37.73646545410156,409200,0.0,0.0
2020-03-10 00:00:00-04:00,38.50333587792169,39.04653549194336,37.001546988931025,39.04653549194336,646360,0.0,0.0
2020-03-11 00:00:00-04:00,38.18380303958015,38.18380303958015,36.02697734487583,36.47431945800781,497760,0.0,0.0
2020-03-12 00:00:00-04:00,34.31749629528939,36.66603951523763,31.15415122209733,34.445308685302734,424520,0.0,0.0
2020-03-13 00:00:00-04:00,36.10685996858125,37.11337911898591,34.79678854578048,36.68201446533203,470280,0.0,0.0
2020-03-16 00:00:00-04:00,30.355324166073665,34.54276232499159,30.355324166073665,30.914501190185547,286520,0.0,0.0
2020-03-17 00:00:00-04:00,31.457696107547267,36.77786578176937,30.850591664128928,36.52224349975586,340120,0.0,0.0
2020-03-18 00:00:00-04:00,34.66898310560257,38.47138819184534,34.09382849370004,37.7684211730957,458160,0.0,0.0
2020-03-19 00:00:00-04:00,37.06545444915357,37.06545444915357,31.569543212854857,35.16425323486328,548520,0.0,0.0
2020-03-20 00:00:00-04:00,35.196202895329094,37.9920882431997,35.196202895329094,36.84178161621094,531360,0.0,0.0
2020-03-23 00:00:00-04:00,36.745925636477565,36.98557297758503,34.1896873313313,35.18022918701172,463600,0.0,0.0
2020-03-24 00:00:00-04:00,36.66603507178638,37.22521207723846,34.045892364223945,35.4837760925293,389520,0.0,0.0
2020-03-25 00:00:00-04:00,35.53171314594634,38.55127124932249,35.33999575156189,36.23468017578125,353160,0.0,0.0
2020-03-26 00:00:00-04:00,36.69799389912389,38.48736013829459,36.496691019981,37.80037307739258,289520,0.0,0.0
2020-03-27 00:00:00-04:00,37.04947404932851,39.81340691258471,37.033499024298884,38.1358757019043,1199040,0.0,0.0
2020-03-30 00:00:00-04:00,38.727008758314625,39.398023253456024,38.044814426243,39.238258361816406,308320,0.0,0.0
2020-03-31 00:00:00-04:00,38.8867675643947,39.36606216430664,37.80036842151569,39.36606216430664,478680,0.0,0.0
2020-04-01 00:00:00-04:00,39.04653095671935,40.32464984155885,38.50333140578989,40.03707504272461,599520,0.0,0.0
2020-04-02 00:00:00-04:00,39.621690208346,41.315198910120486,39.238255471779766,41.059574127197266,361480,0.0,0.0
2020-04-03 00:00:00-04:00,40.548326711404954,40.88383149406474,39.60571246415642,40.35660934448242,440640,0.0,0.0
2020-04-06 00:00:00-04:00,41.538864841409634,43.13651348915616,41.01164273790798,42.944793701171875,322200,0.0,0.0
2020-04-07 00:00:00-04:00,44.62232603895397,44.65428096306423,42.248222421795866,42.59331512451172,532160,0.0,0.0
2020-04-08 00:00:00-04:00,43.13652029265041,47.16259747021945,43.008710330927194,45.94838333129883,574120,0.0,0.0
2020-04-09 00:00:00-04:00,46.379741315946085,47.44218163643588,44.750142514441485,46.84306335449219,423320,0.0,0.0
2020-04-13 00:00:00-04:00,46.3318160118163,46.3318160118163,43.759600423619034,43.82350540161133,317840,0.0,0.0
2020-04-14 00:00:00-04:00,45.005768697164484,45.51701338836047,43.647767215628335,43.871437072753906,228480,0.0,0.0
2020-04-15 00:00:00-04:00,43.056627314767226,43.679709258109696,41.95425081875574,43.16846466064453,524240,0.0,0.0
2020-04-16 00:00:00-04:00,43.50397331537314,44.59037738583898,42.737103869098334,44.462562561035156,453160,0.0,0.0
2020-04-17 00:00:00-04:00,45.16552769428373,45.24541012396896,43.152489491088616,43.32823181152344,223160,0.0,0.0
2020-04-20 00:00:00-04:00,42.92882456877751,43.96729627335658,42.40159754722431,43.408119201660156,301200,0.0,0.0
2020-04-21 00:00:00-04:00,42.976751753850365,43.53592882127965,42.35366971098516,42.848941802978516,277480,0.0,0.0
2020-04-22 00:00:00-04:00,43.519951286982376,43.98326845267771,43.024679195803046,43.64776611328125,318240,0.0,0.0
2020-04-23 00:00:00-04:00,43.34420470727533,43.45604205988999,41.938275885004124,42.86491012573242,159200,0.0,0.0
2020-04-24 00:00:00-04:00,43.248354718657204,43.8714367719626,42.08526659394139,42.80101013183594,126640,0.0,0.0
2020-04-27 00:00:00-04:00,42.88089333058743,43.50397539492454,42.60929595671601,42.97675323486328,184760,0.0,0.0
2020-04-28 00:00:00-04:00,43.93534393651549,45.004171420876624,43.44007181155819,44.1270637512207,329280,0.0,0.0
2020-04-29 00:00:00-04:00,44.55841753548585,44.70220493131428,42.91284146258048,43.807525634765625,236560,0.0,0.0
2020-04-30 00:00:00-04:00,42.91284674886255,43.43208259683217,42.62526704614327,42.99272918701172,166800,0.0,0.0
2020-05-01 00:00:00-04:00,42.082064869719915,42.56135946931954,40.78797091349196,41.47496032714844,367040,0.0,0.0
2020-05-04 00:00:00-04:00,41.299214305690256,41.81046378313323,39.941213061595995,40.228790283203125,565160,0.0,0.0
2020-05-05 00:00:00-04:00,41.02761675822283,42.20988069939721,40.50838336737091,40.54832458496094,365000,0.0,0.0
2020-05-06 00:00:00-04:00,40.81992718153377,42.05011871808147,40.612232348232304,40.963714599609375,233040,0.0,0.0
2020-05-07 00:00:00-04:00,41.778518622120465,42.641248050661986,41.17141399201578,42.28976821899414,334720,0.0,0.0
2020-05-08 00:00:00-04:00,42.70514797258035,42.94479527854463,41.65070372684704,41.9862060546875,188400,0.0,0.0
2020-05-11 00:00:00-04:00,41.586796979127506,42.44154007593071,41.55484692799864,41.89035415649414,207400,0.0,0.0
2020-05-12 00:00:00-04:00,42.03415112755492,42.27379850584698,40.196854560649136,40.21282958984375,282280,0.0,0.0
2020-05-13 00:00:00-04:00,39.93838043716732,40.035240876205386,37.96890537058729,38.04962158203125,304160,0.65,0.0
2020-05-14 00:00:00-04:00,37.56533432006836,37.726766785958866,36.322304825364235,37.56533432006836,300640,0.0,0.0
2020-05-15 00:00:00-04:00,37.339331627653465,37.64605234211655,36.46759479245766,37.5491943359375,751000,0.0,0.0
2020-05-18 00:00:00-04:00,38.55006832858699,40.358111218524144,38.404777650242124,40.13210678100586,294400,0.0,0.0
2020-05-19 00:00:00-04:00,39.79308962842314,40.13209867952834,38.40476989746094,38.40476989746094,214040,0.0,0.0
2020-05-20 00:00:00-04:00,38.72763663837476,38.88906905864854,38.065765193210204,38.695350646972656,225040,0.0,0.0
2020-05-21 00:00:00-04:00,38.55006920431966,39.663952113949286,38.38863675577834,39.21194076538086,220560,0.0,0.0
2020-05-22 00:00:00-04:00,39.437937963676326,40.051381609787356,39.228075339577416,39.95452117919922,198680,0.0,0.0
2020-05-26 00:00:00-04:00,41.165275829841875,41.31056405334757,40.39847167222717,40.71326446533203,506680,0.0,0.0
2020-05-27 00:00:00-04:00,41.4235632289335,41.89171629860288,39.79309467285399,40.680973052978516,524000,0.0,0.0
2020-05-28 00:00:00-04:00,41.229842615118926,41.94014433866972,40.45496890334114,40.939266204833984,402760,0.0,0.0
2020-05-29 00:00:00-04:00,40.55183516038778,41.20563714346579,39.9222495252839,40.47111892700195,485720,0.0,0.0
2020-06-01 00:00:00-04:00,40.63254395655016,41.41548979912695,40.406539529742396,40.906978607177734,421360,0.0,0.0
2020-06-02 00:00:00-04:00,41.22984444167416,42.101578637675274,40.72940535258595,41.40742111206055,264040,0.0,0.0
2020-06-03 00:00:00-04:00,41.56885614501547,42.214585949209884,41.42356792437722,41.762577056884766,166600,0.0,0.0
2020-06-04 00:00:00-04:00,41.310555729035116,41.310555729035116,40.32581943459184,40.60025405883789,238360,0.0,0.0
2020-06-05 00:00:00-04:00,41.69799487900679,41.810999551106995,39.87381038271594,39.986812591552734,405160,0.0,0.0
2020-06-08 00:00:00-04:00,40.58410964115702,41.58499262164856,40.325819245597316,41.22983932495117,412120,0.0,0.0
2020-06-09 00:00:00-04:00,40.68097663195532,41.31863430476379,40.12564862031755,41.13298797607422,270840,0.0,0.0
2020-06-10 00:00:00-04:00,41.06841121447824,41.55270852815493,39.84152616445539,39.970672607421875,187400,0.0,0.0
2020-06-11 00:00:00-04:00,39.06665592900015,39.487994754698846,38.1303471537515,38.211063385009766,492640,0.0,0.0
2020-06-12 00:00:00-04:00,39.228080983005505,39.567090075571414,37.72675887248471,38.59849548339844,1292040,0.0,0.0
2020-06-15 00:00:00-04:00,37.79133531347949,38.92136239719252,37.597614414232126,38.61463928222656,447680,0.0,0.0
2020-06-16 00:00:00-04:00,39.712376385975425,39.87380881030866,39.11507690859512,39.37336730957031,273560,0.0,0.0
2020-06-17 00:00:00-04:00,39.66395027963274,39.66395027963274,38.630783642054055,38.7437858581543,394240,0.0,0.0
2020-06-18 00:00:00-04:00,38.43706752408837,39.03436709944695,38.34020706829456,38.84064865112305,383920,0.0,0.0
2020-06-19 00:00:00-04:00,39.115079900040286,39.14736589472344,37.807476177632786,37.936622619628906,708000,0.0,0.0
2020-06-22 00:00:00-04:00,37.69447409723524,38.35634807525441,36.968028129622574,38.06576919555664,412400,0.0,0.0
2020-06-23 00:00:00-04:00,38.30792420703264,38.59850313493989,37.25861319083597,37.581478118896484,315360,0.0,0.0
2020-06-24 00:00:00-04:00,37.12945324156929,37.82361307743384,37.08102302729724,37.61375045776367,382920,0.0,0.0
2020-06-25 00:00:00-04:00,37.61376213955014,37.90434105216509,37.37161345624832,37.87205505371094,272280,0.0,0.0
2020-06-26 00:00:00-04:00,37.54918772601399,37.952768838876295,36.61287905152073,36.7581672668457,986800,0.0,0.0
2020-06-29 00:00:00-04:00,37.210179420139475,37.33932587173413,36.46758917091799,37.12946319580078,382720,0.0,0.0
2020-06-30 00:00:00-04:00,37.12946650402064,37.452331430142564,36.935748041000274,37.323184967041016,334520,0.0,0.0
2020-07-01 00:00:00-04:00,37.46846944968997,38.04962474239876,37.46846944968997,37.62990188598633,261120,0.0,0.0
2020-07-02 00:00:00-04:00,38.06576124526143,38.16261920942223,37.516889595298245,37.80746841430664,191560,0.0,0.0
2020-07-06 00:00:00-04:00,38.43706334927914,38.43706334927914,37.371608304325605,37.387752532958984,219520,0.0,0.0
2020-07-07 00:00:00-04:00,37.01646558520208,37.24247005619639,36.354591477875324,36.48373794555664,196480,0.0,0.0
2020-07-08 00:00:00-04:00,36.56444096497487,37.04066608312436,36.257720370441476,36.90345001220703,625120,0.0,0.0
2020-07-09 00:00:00-04:00,36.903459118802225,37.11331933355235,36.41916176796893,36.80659866333008,233000,0.0,0.0
2020-07-10 00:00:00-04:00,36.88730358227412,37.12945218347067,36.483722580279874,36.935733795166016,177760,0.0,0.0
2020-07-13 00:00:00-04:00,37.01645232578535,37.161740510344124,36.4998691033659,36.62901306152344,204480,0.0,0.0
2020-07-14 00:00:00-04:00,36.72588415020939,37.01646306690776,36.49987969459055,36.96803283691406,121560,0.0,0.0
2020-07-15 00:00:00-04:00,37.355466383426275,37.51689882667922,36.750094721227725,36.77431106567383,173880,0.0,0.0
2020-07-16 00:00:00-04:00,36.49987706446282,36.79045349695886,36.21737028366439,36.306156158447266,174480,0.0,0.0
2020-07-17 00:00:00-04:00,36.2900098307627,36.758162880513055,36.096291412357836,36.64516067504883,119840,0.0,0.0
2020-07-20 00:00:00-04:00,36.49987640479654,36.84695517248493,36.32229973191286,36.77431106567383,200920,0.0,0.0
2020-07-21 00:00:00-04:00,36.8550272873003,37.09717595217972,36.483732175165805,36.77431106567383,384800,0.0,0.0
2020-07-22 00:00:00-04:00,36.564440842303235,38.25948114625106,36.46758041105812,38.114192962646484,314400,0.0,0.0
2020-07-23 00:00:00-04:00,37.968907576739234,38.22720045367312,37.50075450846792,38.017337799072266,184080,0.0,0.0
2020-07-24 00:00:00-04:00,37.952760226517135,38.09804840887286,36.93573556023783,37.09716796875,157960,0.0,0.0
2020-07-27 00:00:00-04:00,36.919601618256365,37.45232920739359,36.25773003694602,37.35546875,282840,0.0,0.0
2020-07-28 00:00:00-04:00,37.43617542374678,38.622704639351866,37.43617542374678,38.40476989746094,158680,0.0,0.0
2020-07-29 00:00:00-04:00,38.582346852540596,39.29264848711475,38.437058665597796,39.24422073364258,296760,0.0,0.0
2020-07-30 00:00:00-04:00,38.695360105704054,39.36530629156049,38.6307881071158,38.985939025878906,168240,0.0,0.0
2020-07-31 00:00:00-04:00,38.88907235498771,39.47023010253906,38.43706351051827,39.47023010253906,226960,0.0,0.0
2020-08-03 00:00:00-04:00,39.55094311688397,39.55094311688397,38.19491176675326,38.82449722290039,407720,0.0,0.0
2020-08-04 00:00:00-04:00,38.87292886842523,41.229840821888644,38.85678464043892,40.955406188964844,244240,0.0,0.0
2020-08-05 00:00:00-04:00,41.27827132668326,41.47198974753549,40.51953940810841,41.21369934082031,174920,0.0,0.0
2020-08-06 00:00:00-04:00,41.10069950245697,41.19755748683308,40.487255748354244,40.906978607177734,129920,0.0,0.0
2020-08-07 00:00:00-04:00,40.66484004480109,41.42357465868948,40.43883556189654,41.262142181396484,134720,0.0,0.0
2020-08-10 00:00:00-04:00,41.26212720263107,41.63341979500894,40.874687919815614,41.11683654785156,334960,0.0,0.0
2020-08-11 00:00:00-04:00,41.37513217004255,41.50428107723668,39.56709180806836,39.825382232666016,266840,0.0,0.0
2020-08-12 00:00:00-04:00,39.93957564277019,40.15167355769764,39.38485782761377,39.482749938964844,203600,0.65,0.0
2020-08-13 00:00:00-04:00,39.18908874554918,39.58881043185576,38.79752515273877,38.92804718017578,125840,0.0,0.0
2020-08-14 00:00:00-04:00,38.7159482709225,39.15645792467499,38.56911006000465,38.78120803833008,419120,0.0,0.0
2020-08-17 00:00:00-04:00,38.79753005888176,39.6132897216442,38.55280216005303,39.40119171142578,369600,0.0,0.0
2020-08-18 00:00:00-04:00,39.189086264555094,39.254348518892265,38.74857662815615,39.009620666503906,328640,0.0,0.0
2020-08-19 00:00:00-04:00,39.074883634939134,39.22171936261046,38.71594991990872,38.9117317199707,364760,0.0,0.0
2020-08-20 00:00:00-04:00,38.797519413188624,40.20062415444004,38.797519413188624,39.49907302856445,378520,0.0,0.0
2020-08-21 00:00:00-04:00,39.629600216057696,40.184318235572526,39.17277683345819,40.135372161865234,480200,0.0,0.0
2020-08-24 00:00:00-04:00,40.0537908038155,40.0537908038155,39.17277155382908,39.80906295776367,294000,0.0,0.0
2020-08-25 00:00:00-04:00,39.841700584311205,39.90696284964516,39.322878644785824,39.61328887939453,294680,0.0,0.0
2020-08-26 00:00:00-04:00,39.48276767770202,39.59697353258858,39.04225795771049,39.40119171142578,137200,0.0,0.0
2020-08-27 00:00:00-04:00,39.645916712765505,39.8906445937085,39.38487264395934,39.629600524902344,155280,0.0,0.0
2020-08-28 00:00:00-04:00,39.8743252764021,39.8743252764021,39.14014169119378,39.531707763671875,158080,0.0,0.0
2020-08-31 00:00:00-04:00,39.4011937716132,39.564345712696486,39.20541194021347,39.466453552246094,216520,0.0,0.0
2020-09-01 00:00:00-04:00,39.18909144241531,39.433819327138345,38.89541748284751,39.09120178222656,147800,0.0,0.0
2020-09-02 00:00:00-04:00,39.04225754668663,39.59697311572486,38.83015953870111,39.54802703857422,144880,0.0,0.0
2020-09-03 00:00:00-04:00,39.67854888718138,40.21695075420478,39.09120343274748,39.30329895019531,165560,0.0,0.0
2020-09-04 00:00:00-04:00,39.433813558550234,39.53170569391958,38.1449145500229,38.715946197509766,174280,0.0,0.0
2020-09-08 00:00:00-04:00,38.83015477590969,39.87432600937761,38.43859118573437,39.5153923034668,295640,0.0,0.0
2020-09-09 00:00:00-04:00,39.74381028281106,40.82061150378327,39.645918131131396,40.07011413574219,367200,0.0,0.0
2020-09-10 00:00:00-04:00,39.84169829681614,39.84169829681614,38.683321160530966,38.74858093261719,235040,0.0,0.0
2020-09-11 00:00:00-04:00,38.71594395625166,38.821991688845685,37.737032617228856,38.291748046875,296280,0.0,0.0
2020-09-14 00:00:00-04:00,38.42227292501905,38.960674699575456,38.25912102300198,38.89541244506836,301800,0.0,0.0
2020-09-15 00:00:00-04:00,38.89541322871862,39.107511203514164,38.56910941811024,38.601741790771484,226640,0.0,0.0
2020-09-16 00:00:00-04:00,38.699633608249655,38.91173159492717,38.42227585159475,38.471221923828125,367880,0.0,0.0
2020-09-17 00:00:00-04:00,38.17754196739579,39.009617595818625,37.949130318946516,38.047019958496094,332480,0.0,0.0
2020-09-18 00:00:00-04:00,38.22649215134249,38.22649215134249,36.64391915782821,36.70917892456055,725560,0.0,0.0
2020-09-21 00:00:00-04:00,36.33393666121839,36.66024054230611,35.71395878925149,36.07289505004883,240400,0.0,0.0
2020-09-22 00:00:00-04:00,36.2197310294752,36.93759857660131,36.00763300752851,36.75813293457031,199320,0.0,0.0
2020-09-23 00:00:00-04:00,36.48077520986275,36.70918693275502,35.877111033145475,36.20341491699219,231240,0.0,0.0
2020-09-24 00:00:00-04:00,36.10551573181385,36.87232915889974,35.942363832880666,36.57865524291992,332640,0.0,0.0
2020-09-25 00:00:00-04:00,36.57865988023058,37.00285586703506,36.49708392042208,36.92127990722656,202880,0.0,0.0
2020-09-28 00:00:00-04:00,37.231259237405126,37.965442711589496,36.7091737092185,37.76966094970703,211680,0.0,0.0
2020-09-29 00:00:00-04:00,37.75334866337851,37.75334866337851,36.284981563410454,36.82338333129883,304480,0.0,0.0
2020-09-30 00:00:00-04:00,36.85602273103716,37.214958995320806,36.04026302039445,36.56235122680664,326680,0.0,0.0
2020-10-01 00:00:00-04:00,36.70918415961148,37.24758602518596,36.448140076453896,37.23126983642578,212400,0.0,0.0
2020-10-02 00:00:00-04:00,36.79075940479094,37.329161259834386,36.54603151518036,37.24758529663086,192280,0.0,0.0
2020-10-05 00:00:00-04:00,37.41073556742657,37.55757129889437,36.65207764950765,37.117061614990234,278000,0.0,0.0
2020-10-06 00:00:00-04:00,37.26388694769518,37.36177906769001,36.578649576231435,36.95389938354492,307160,0.0,0.0
2020-10-07 00:00:00-04:00,36.95390853939152,37.10074426626434,36.50524077566823,36.6439208984375,244040,0.0,0.0
2020-10-08 00:00:00-04:00,36.87234115600586,37.26390484504791,36.61129703697701,36.87234115600586,153960,0.0,0.0
2020-10-09 00:00:00-04:00,37.002857632091924,37.13337967191164,36.75812974099277,36.93759536743164,196240,0.0,0.0
2020-10-12 00:00:00-04:00,37.03548067079418,37.49230648093313,36.5949710461782,37.475990295410156,149440,0.0,0.0
2020-10-13 00:00:00-04:00,37.280212183880906,37.37810432764759,36.72549667453808,37.035484313964844,91360,0.0,0.0
2020-10-14 00:00:00-04:00,37.019169354390954,37.19863746074748,36.529713598328485,36.676551818847656,117440,0.0,0.0
2020-10-15 00:00:00-04:00,36.30130497175228,37.14969452263013,36.15446922834107,36.774444580078125,129840,0.0,0.0
2020-10-16 00:00:00-04:00,36.51339594180855,36.51339594180855,36.089200003407115,36.23603820800781,145040,0.0,0.0
2020-10-19 00:00:00-04:00,36.25235085828886,36.25235085828886,35.420277680897435,35.45290756225586,175480,0.0,0.0
2020-10-20 00:00:00-04:00,35.5834310875024,36.13814656264117,35.45290906702843,35.97499465942383,163400,0.0,0.0
2020-10-21 00:00:00-04:00,35.893421687127464,35.893421687127464,35.469225707752045,35.63237762451172,184080,0.0,0.0
2020-10-22 00:00:00-04:00,35.59974938186378,35.9260532304409,35.50185972099112,35.762901306152344,139880,0.0,0.0
2020-10-23 00:00:00-04:00,36.02394065040953,36.23603862203363,35.74658291343976,36.1707763671875,162160,0.0,0.0
2020-10-26 00:00:00-04:00,35.94236629420157,36.03210034265986,35.56711640305818,35.665008544921875,146760,0.0,0.0
2020-10-27 00:00:00-04:00,35.71394512048492,35.762891181815206,34.88187203587044,34.89818572998047,169800,0.0,0.0
2020-10-28 00:00:00-04:00,34.53925407778563,34.58820014192425,33.152463034359414,34.13137435913086,216320,0.0,0.0
2020-10-29 00:00:00-04:00,34.033490465613006,34.033490465613006,33.28299066079482,33.75613021850586,169000,0.0,0.0
2020-10-30 00:00:00-04:00,33.67454754846765,34.24557913715436,33.67454754846765,34.0987434387207,213840,0.0,0.0
2020-11-02 00:00:00-05:00,34.09874888221734,35.061344146728516,33.82139113562095,35.061344146728516,171520,0.0,0.0
2020-11-03 00:00:00-05:00,35.22449303407618,35.95867655947889,34.89818924500832,35.5997428894043,164480,0.0,0.0
2020-11-04 00:00:00-05:00,35.43659756067791,35.762901410204414,35.27344563591466,35.56711959838867,122080,0.0,0.0
2020-11-05 00:00:00-05:00,35.665010927088396,36.170780388497704,35.07766301567676,35.2244987487793,129760,0.0,0.0
2020-11-06 00:00:00-05:00,35.32238120057404,35.56710901489672,34.702403573056564,34.96344757080078,141400,0.0,0.0
2020-11-09 00:00:00-05:00,36.3342452016959,37.73806831176142,34.583594197584034,34.66617202758789,321240,0.65,0.0
2020-11-10 00:00:00-05:00,34.7817820138895,35.75619937212039,34.550562584426444,35.42588806152344,399360,0.0,0.0
2020-11-11 00:00:00-05:00,34.94694467744197,35.67362869845423,34.60011672373223,35.65711212158203,194080,0.0,0.0
2020-11-12 00:00:00-05:00,35.50846914730162,35.50846914730162,34.76526863026507,35.178157806396484,297480,0.0,0.0
2020-11-13 00:00:00-05:00,35.359827724268065,36.15257287419536,35.359827724268065,36.036964416503906,115800,0.0,0.0
2020-11-16 00:00:00-05:00,36.59849989796882,36.69759179447016,36.02045501477936,36.64804458618164,214240,0.0,0.0
2020-11-17 00:00:00-05:00,36.5654626810761,37.11047687151418,36.35076233581829,36.86274337768555,183120,0.0,0.0
2020-11-18 00:00:00-05:00,36.76364912242422,37.0857021396269,35.90483771645005,35.97090148925781,275240,0.0,0.0
2020-11-19 00:00:00-05:00,35.77272225404717,36.334250573054995,35.425894308728616,36.30121994018555,188600,0.0,0.0
2020-11-20 00:00:00-05:00,36.2186396256366,36.51592034132029,35.69014197557424,36.103031158447266,327640,0.0,0.0
2020-11-23 00:00:00-05:00,35.98742072179933,36.30121801762935,35.49195369477093,35.67362594604492,268600,0.0,0.0
2020-11-24 00:00:00-05:00,36.03696522124361,36.76365165167172,35.88832613233184,36.268184661865234,223880,0.0,0.0
2020-11-25 00:00:00-05:00,36.36727715377252,36.63152722743604,36.10302960018446,36.31772994995117,122880,0.0,0.0
2020-11-27 00:00:00-05:00,36.20212552150146,36.334250573054995,35.77272225404717,36.30121994018555,97400,0.0,0.0
2020-11-30 00:00:00-05:00,36.28469754984831,36.30121412367448,35.73968337456447,35.7727165222168,282600,0.0,0.0
2020-12-01 00:00:00-05:00,35.937875527438024,36.18560903745232,35.59104760538777,35.904842376708984,165320,0.0,0.0
2020-12-02 00:00:00-05:00,36.003937320236375,36.09477344593099,35.54480474317152,35.57453155517578,115240,0.0,0.0
2020-12-03 00:00:00-05:00,35.558026015606146,35.83879022766013,34.7983087170354,35.12862014770508,384600,0.0,0.0
2020-12-04 00:00:00-05:00,35.34331726205462,35.937878747390535,35.12861436345688,35.85530090332031,138280,0.0,0.0
2020-12-07 00:00:00-05:00,35.70664977657988,36.119538887132556,35.70664977657988,35.80574417114258,162920,0.0,0.0
2020-12-08 00:00:00-05:00,35.59104865940138,36.053485062471374,35.45066532487232,35.92136001586914,139880,0.0,0.0
2020-12-09 00:00:00-05:00,36.05347931521108,36.185604340751354,35.59104298585773,35.97090148925781,136680,0.0,0.0
2020-12-10 00:00:00-05:00,35.97090994271449,35.987423999740926,35.35983439106764,35.52499008178711,136520,0.0,0.0
2020-12-11 00:00:00-05:00,35.31027877220304,35.85529292582061,35.1946703202418,35.39285659790039,185040,0.0,0.0
2020-12-14 00:00:00-05:00,35.54150092403473,36.23515425829939,35.524986868502005,35.57453155517578,232480,0.0,0.0
2020-12-15 00:00:00-05:00,36.13606241872436,37.424277195750136,35.66536773401714,37.40776062011719,322800,0.0,0.0
2020-12-16 00:00:00-05:00,37.49033439314311,38.02709028203172,37.29214810741469,37.52336502075195,199400,0.0,0.0
2020-12-17 00:00:00-05:00,37.6554941341577,37.87019701700793,36.92055187985264,37.40776062011719,191000,0.0,0.0
2020-12-18 00:00:00-05:00,37.29215042053643,37.37472825471827,35.92135786910269,35.98741912841797,641280,0.0,0.0
2020-12-21 00:00:00-05:00,35.475443947007335,36.51592533412704,35.40938015666943,36.40031433105469,229840,0.0,0.0
2020-12-22 00:00:00-05:00,36.35076176397962,36.763650913865455,36.284697987952654,36.61500930786133,177760,0.0,0.0
2020-12-23 00:00:00-05:00,37.358209777655844,37.67200704361431,36.36727581792982,36.61500930786133,171200,0.0,0.0
2020-12-24 00:00:00-05:00,36.64804458618164,36.82971684321433,36.40031106481473,36.64804458618164,155920,0.0,0.0
2020-12-28 00:00:00-05:00,36.82970764066256,37.40775237941735,36.69758262493217,37.25911331176758,191880,0.0,0.0
2020-12-29 00:00:00-05:00,37.259125052867915,37.60595049336743,36.862749880770934,37.0444221496582,118040,0.0,0.0
2020-12-30 00:00:00-05:00,37.04440963931885,37.45729872910155,37.019634781886886,37.12698745727539,92280,0.0,0.0
2020-12-31 00:00:00-05:00,37.06093269243022,37.490338458130694,36.796685122832386,37.40776062011719,90880,0.0,0.0
2021-01-04 00:00:00-05:00,37.605951064099834,37.605951064099834,36.8297198054003,37.19306182861328,231240,0.0,0.0
2021-01-05 00:00:00-05:00,37.19305410439656,37.47381822220342,36.681073070766494,36.71410369873047,161600,0.0,0.0
2021-01-06 00:00:00-05:00,36.87926296084589,37.72155539653825,36.66456007799565,37.40776062011719,267120,0.0,0.0
2021-01-07 00:00:00-05:00,37.193056573566125,37.193056573566125,35.483696892214624,36.33424758911133,438640,0.0,0.0
2021-01-08 00:00:00-05:00,36.3177242261713,36.862738342159325,36.15256858617948,36.466365814208984,279280,0.0,0.0
2021-01-11 00:00:00-05:00,36.16909736506183,36.43664878572155,35.6736302778692,36.40031433105469,175680,0.0,0.0
2021-01-12 00:00:00-05:00,36.961847920395684,36.961847920395684,36.43335015929733,36.58198928833008,205960,0.0,0.0
2021-01-13 00:00:00-05:00,36.20211720519418,36.91228698908877,36.20211720519418,36.84622573852539,334400,0.0,0.0
2021-01-14 00:00:00-05:00,36.94531144226268,37.44077829894052,36.73060863368733,37.027889251708984,220040,0.0,0.0
2021-01-15 00:00:00-05:00,36.94532479237377,37.67201129013267,36.82971632138903,37.556400299072266,227240,0.0,0.0
2021-01-19 00:00:00-05:00,37.93626019560595,38.382180039387826,37.688526669052045,38.03535461425781,275680,0.0,0.0
2021-01-20 00:00:00-05:00,37.853672632145035,38.349139558011004,37.72980590067854,38.20050048828125,185920,0.0,0.0
2021-01-21 00:00:00-05:00,38.08489204292754,38.431717378988665,37.30040274363976,38.20050048828125,140520,0.0,0.0
2021-01-22 00:00:00-05:00,37.969279628020296,38.1674684068609,37.490329292663844,37.820640563964844,233600,0.0,0.0
2021-01-25 00:00:00-05:00,37.62245281882121,38.58035597176453,37.44078061875312,38.33262252807617,181000,0.0,0.0
2021-01-26 00:00:00-05:00,38.629907349172996,38.96021866475404,38.34253811746571,38.89415740966797,134120,0.0,0.0
2021-01-27 00:00:00-05:00,38.77854878184743,39.05105460796731,37.60594260868693,37.638973236083984,182680,0.0,0.0
2021-01-28 00:00:00-05:00,37.738076359899715,37.936262690159715,37.09397015653573,37.17654800415039,180800,0.0,0.0
2021-01-29 00:00:00-05:00,37.02789811325362,37.2260843993399,36.21037810810063,36.25166702270508,243040,0.0,0.0
2021-02-01 00:00:00-05:00,36.33424222639611,37.01138138500901,35.87180591222694,36.84622573852539,150600,0.0,0.0
2021-02-02 00:00:00-05:00,36.87925911571981,37.07744540227368,36.152572704921795,36.8297119140625,161000,0.0,0.0
2021-02-03 00:00:00-05:00,36.69758498614392,37.11047411182078,35.88832330784738,36.7801628112793,210800,0.0,0.0
2021-02-04 00:00:00-05:00,36.879254387208775,37.70668322451737,36.565457163663226,37.49032974243164,126360,0.0,0.0
2021-02-05 00:00:00-05:00,37.78762083046604,37.86194038391113,37.30866783701016,37.57291793823242,191520,0.0,0.0
2021-02-08 00:00:00-05:00,37.87019760040304,37.87019760040304,37.40776119638841,37.556400299072266,212880,0.0,0.0
2021-02-09 00:00:00-05:00,37.53988375977393,37.73807005693309,37.25911962879215,37.358211517333984,158280,0.0,0.0
2021-02-10 00:00:00-05:00,37.539895211307886,37.9362679265396,37.20132548533949,37.45731735229492,206400,0.0,0.0
2021-02-11 00:00:00-05:00,37.62245918242313,37.754584212086684,36.87925872565036,37.638973236083984,482240,0.0,0.0
2021-02-12 00:00:00-05:00,37.622464314403906,37.8701978337875,37.341700163117636,37.539886474609375,151440,0.0,0.0
2021-02-16 00:00:00-05:00,37.523360902126605,37.539877474155816,36.35075737022972,36.466365814208984,229560,0.0,0.0
2021-02-17 00:00:00-05:00,36.30121723024362,36.44985632709786,35.95438931081631,36.119544982910156,280040,0.0,0.0
2021-02-18 00:00:00-05:00,36.08651235354634,36.41682367943693,35.673623196183115,35.69013977050781,215080,0.0,0.0
2021-02-19 00:00:00-05:00,35.72317264807718,36.20212309274126,35.64059481140575,35.904842376708984,279960,0.0,0.0
2021-02-22 00:00:00-05:00,35.93788476763413,36.185618341344636,35.491962318894245,36.07000732421875,568160,0.0,0.0
2021-02-23 00:00:00-05:00,36.334243059563335,36.961835034607205,36.169087409292594,36.7801628112793,184880,0.0,0.0
2021-02-24 00:00:00-05:00,36.84622832272243,37.93625415391778,36.73061734601543,37.622459411621094,259480,0.0,0.0
2021-02-25 00:00:00-05:00,37.30865607564772,38.10140360932917,36.96183076221361,37.209564208984375,290640,0.0,0.0
2021-02-26 00:00:00-05:00,36.9948733107469,37.22609026090877,36.28470336371295,36.30121994018555,364720,0.0,0.0
2021-03-01 00:00:00-05:00,36.53243943622157,36.790081918663894,35.72317753418341,35.822269439697266,349240,0.0,0.0
2021-03-02 00:00:00-05:00,35.723161910321075,35.871800963621126,35.27724223034609,35.558006286621094,229200,0.0,0.0
2021-03-03 00:00:00-05:00,35.59104539465024,35.77271763207305,35.376342528625656,35.49195098876953,235720,0.0,0.0
2021-03-04 00:00:00-05:00,35.75944075841931,35.993491931293455,35.27462466257923,35.441802978515625,237560,0.65,0.0
2021-03-05 00:00:00-05:00,35.59225310240429,35.72599623024442,34.75636174207598,35.10743713378906,242760,0.0,0.0
2021-03-08 00:00:00-05:00,35.19103022855871,35.926613688020254,35.1074410831227,35.525386810302734,219880,0.0,0.0
2021-03-09 00:00:00-05:00,35.8263145915245,36.0269280659266,35.39164993787101,35.45852279663086,219000,0.0,0.0
2021-03-10 00:00:00-05:00,35.37493345904232,35.726006399751306,34.85667964774118,35.60898208618164,417480,0.0,0.0
2021-03-11 00:00:00-05:00,35.67583745930352,36.06870736640419,35.65912116489906,35.8764533996582,228600,0.0,0.0
2021-03-12 00:00:00-05:00,35.82630505652662,36.628761291503906,35.82630505652662,36.628761291503906,331400,0.0,0.0
2021-03-15 00:00:00-04:00,36.612045972100624,36.662199969921296,35.97676795189478,36.36127853393555,278720,0.0,0.0
2021-03-16 00:00:00-04:00,36.1606622644266,36.59532425934234,36.12722711880817,36.377994537353516,219600,0.0,0.0
2021-03-17 00:00:00-04:00,36.32784504742131,36.39638876254698,35.80959129779871,36.12723159790039,141920,0.0,0.0
2021-03-18 00:00:00-04:00,36.09379594475789,36.17905851507148,35.82631218053542,35.943336486816406,155360,0.0,0.0
2021-03-19 00:00:00-04:00,35.993486534932025,36.02692168291877,35.525386810302734,35.525386810302734,474680,0.0,0.0
2021-03-22 00:00:00-04:00,35.52538749730982,35.836339226382634,35.00713376520903,35.274620056152344,223600,0.0,0.0
2021-03-23 00:00:00-04:00,35.30805055008026,35.67584223843712,34.93189943793252,35.10743713378906,360280,0.0,0.0
2021-03-24 00:00:00-04:00,35.1408814786478,35.86810817291211,34.67278168411783,34.739654541015625,328200,0.0,0.0
2021-03-25 00:00:00-04:00,34.689502647713574,35.14088361776112,34.25483797970405,34.97370529174805,299600,0.0,0.0
2021-03-26 00:00:00-04:00,35.07401475177301,35.24119308466903,34.7647338155398,35.174320220947266,885520,0.0,0.0
2021-03-29 00:00:00-04:00,35.07399620216382,35.65912005784502,35.040561063455264,35.29132843017578,669880,0.0,0.0
2021-03-30 00:00:00-04:00,35.29133340944012,35.30804970568413,34.72292576744761,34.94025802612305,738200,0.0,0.0
2021-03-31 00:00:00-04:00,34.839957684469205,35.04057369089089,34.55575507662314,34.656063079833984,517280,0.0,0.0
2021-04-01 00:00:00-04:00,34.68950253307621,34.95030031264455,34.455453897806876,34.839962005615234,403440,0.0,0.0
2021-04-05 00:00:00-04:00,34.97370024149361,35.32477569580078,34.80986621992154,35.32477569580078,551760,0.0,0.0
2021-04-06 00:00:00-04:00,35.3582143661431,35.47523867891659,34.85667941059497,35.341495513916016,406720,0.0,0.0
2021-04-07 00:00:00-04:00,35.27461456225819,35.37492254347391,34.92353917894112,34.94025802612305,294440,0.0,0.0
2021-04-08 00:00:00-04:00,34.85666972569057,35.1910262698219,34.80651573388327,35.10743713378906,308120,0.0,0.0
2021-04-09 00:00:00-04:00,35.20774922916227,35.45851666654679,35.10744123383314,35.37492752075195,288600,0.0,0.0
2021-04-12 00:00:00-04:00,35.39164640207739,35.50867070454244,35.007135793173546,35.09072494506836,221160,0.0,0.0
2021-04-13 00:00:00-04:00,35.02386000496289,35.52539499310078,35.007141151649414,35.425086975097656,331600,0.0,0.0
2021-04-14 00:00:00-04:00,35.5253859876076,35.90989655789641,35.500310264932814,35.64241027832031,187640,0.0,0.0
2021-04-15 00:00:00-04:00,35.64240826372277,35.85974053472692,35.57553797307753,35.8263053894043,118680,0.0,0.0
2021-04-16 00:00:00-04:00,35.809596167841,36.052004225268284,35.50867467716561,35.92662048339844,191880,0.0,0.0
2021-04-19 00:00:00-04:00,35.89318084716797,36.043642849187115,35.70928624595138,35.89318084716797,138560,0.0,0.0
2021-04-20 00:00:00-04:00,35.893180981318935,36.26097273606517,35.792875530536385,36.02692413330078,169360,0.0,0.0
2021-04-21 00:00:00-04:00,36.093793897198225,36.31112619707023,35.94333444779213,36.12723159790039,135520,0.0,0.0
2021-04-22 00:00:00-04:00,36.06035261859304,36.30610488154294,35.876458050678046,36.043636322021484,169520,0.0,0.0
2021-04-23 00:00:00-04:00,36.04364546179951,36.07708061435893,35.85974829631475,35.96005630493164,132640,0.0,0.0
2021-04-26 00:00:00-04:00,36.14394994771791,36.260974253998896,35.943336486816406,35.943336486816406,152160,0.0,0.0
2021-04-27 00:00:00-04:00,36.06036443602624,36.27769677018284,35.74272663675501,36.09379959106445,191920,0.0,0.0
2021-04-28 00:00:00-04:00,36.0603609627465,36.12723381732065,35.792877197265625,35.792877197265625,145760,0.0,0.0
2021-04-29 00:00:00-04:00,35.893184719404736,36.244260211052435,35.34316917015797,35.60898208618164,252480,0.0,0.0
2021-04-30 00:00:00-04:00,35.60897311840015,36.043637660408436,35.54210282775491,35.8263053894043,247160,0.0,0.0
2021-05-03 00:00:00-04:00,36.11051399017049,36.25261657022943,35.74272222823608,35.77615737915039,264280,0.0,0.0
2021-05-04 00:00:00-04:00,36.29441016494866,36.4281507649886,35.62569696099521,35.759437561035156,227840,0.0,0.0
2021-05-05 00:00:00-04:00,35.592264146795166,35.926620794678406,34.605913055915124,35.20775604248047,335320,0.0,0.0
2021-05-06 00:00:00-04:00,35.12415979042031,35.39164352416992,34.80651950848616,35.39164352416992,168800,0.0,0.0
2021-05-07 00:00:00-04:00,35.27461639599367,35.483589241941495,35.12415696728645,35.40835952758789,145640,0.0,0.0
2021-05-10 00:00:00-04:00,35.525393536631775,35.78452044673378,35.22447204589844,35.22447204589844,220840,0.0,0.0
2021-05-11 00:00:00-04:00,35.074004681319,35.074004681319,34.23811325684018,34.388572692871094,318680,0.0,0.0
2021-05-12 00:00:00-04:00,34.08765735812036,34.28827337657699,33.469098103715474,33.485816955566406,327360,0.0,0.0
2021-05-13 00:00:00-04:00,33.485824082786614,34.29883399815895,33.26563352046888,34.112518310546875,356120,0.65,0.0
2021-05-14 00:00:00-04:00,34.214136937015375,34.417388718753784,33.926196697512076,33.9600715637207,187240,0.0,0.0
2021-05-17 00:00:00-04:00,33.977013903404426,34.43433110708504,33.90926157929333,34.095577239990234,266280,0.0,0.0
2021-05-18 00:00:00-04:00,34.11250937970569,34.60370398004587,33.89232145952163,34.231075286865234,173920,0.0,0.0
2021-05-19 00:00:00-04:00,34.21412805200353,34.40044364449694,33.892313029863224,34.19718933105469,175880,0.0,0.0
2021-05-20 00:00:00-04:00,34.1294413989857,34.90857608258328,34.112502677152065,34.874698638916016,202600,0.0,0.0
2021-05-21 00:00:00-04:00,34.85776303555744,35.12876449764446,34.502070547490945,34.94245147705078,279960,0.0,0.0
2021-05-24 00:00:00-04:00,34.94245693103028,35.25580266277242,34.89164334130583,35.02714538574219,157000,0.0,0.0
2021-05-25 00:00:00-04:00,35.07795550566095,35.34895698324049,34.90857861299139,34.99326705932617,171200,0.0,0.0
2021-05-26 00:00:00-04:00,35.061025137883995,35.41671773104859,34.99327539846545,35.28121566772461,131560,0.0,0.0
2021-05-27 00:00:00-04:00,35.46751826361783,35.46751826361783,34.94245147705078,34.94245147705078,229280,0.0,0.0
2021-05-28 00:00:00-04:00,34.94245856240474,35.23039880497111,34.908583695835745,35.11183547973633,122920,0.0,0.0
2021-06-01 00:00:00-04:00,35.21345205965845,35.94177315520813,35.06101390257213,35.8740234375,204600,0.0,0.0
2021-06-02 00:00:00-04:00,36.060336453440385,36.136558116469615,35.772396276451744,35.8740234375,187160,0.0,0.0
2021-06-03 00:00:00-04:00,35.87403452398782,35.95872298953808,35.586094258014306,35.90790939331055,176800,0.0,0.0
2021-06-04 00:00:00-04:00,36.00953259112227,36.07728232225206,35.77240336319487,35.806278228759766,164120,0.0,0.0
2021-06-07 00:00:00-04:00,35.94177199902392,36.585404634490864,35.87402228349519,36.3482780456543,247280,0.0,0.0
2021-06-08 00:00:00-04:00,36.517666976665176,36.95804544198172,36.483789523228886,36.534603118896484,235120,0.0,0.0
2021-06-09 00:00:00-04:00,36.75478926710704,37.330669724133465,36.67010081257454,36.703975677490234,183800,0.0,0.0
2021-06-10 00:00:00-04:00,36.75479633791861,36.9834562429401,36.53460579687699,36.87335968017578,142680,0.0,0.0
2021-06-11 00:00:00-04:00,36.78865867595493,36.90722197781919,36.58540693211817,36.85641098022461,161800,0.0,0.0
2021-06-14 00:00:00-04:00,37.09354782104492,37.19517501325348,36.89029602111465,37.09354782104492,236720,0.0,0.0
2021-06-15 00:00:00-04:00,37.09354089197459,37.195168065199205,36.71244286911183,36.78866195678711,218680,0.0,0.0
2021-06-16 00:00:00-04:00,36.90722650932334,37.12741700238425,36.53459783578988,36.551536560058594,284720,0.0,0.0
2021-06-17 00:00:00-04:00,36.44991465427943,36.76326300715724,36.42112088644806,36.534603118896484,291920,0.0,0.0
2021-06-18 00:00:00-04:00,36.1450265560076,36.57693813360772,35.95871353149414,35.95871353149414,544760,0.0,0.0
2021-06-21 00:00:00-04:00,36.077271537908025,36.6870292737515,35.992583107067865,36.46683883666992,290640,0.0,0.0
2021-06-22 00:00:00-04:00,36.3821572324292,36.49225117938467,35.941776275634766,35.941776275634766,148520,0.0,0.0
2021-06-23 00:00:00-04:00,35.907910881982,35.992599351043275,35.51834340740272,35.535282135009766,196080,0.0,0.0
2021-06-24 00:00:00-04:00,35.569150657381975,35.73852756527427,35.32355465783545,35.653839111328125,180160,0.0,0.0
2021-06-25 00:00:00-04:00,35.772407092123785,36.839482267812976,35.65384375804428,36.63623046875,2111920,0.0,0.0
2021-06-28 00:00:00-04:00,36.703972296211546,36.703972296211546,35.53527276512166,35.941776275634766,422360,0.0,0.0
2021-06-29 00:00:00-04:00,35.84015398122915,35.90790370914995,35.33202326836383,35.36589813232422,230840,0.0,0.0
2021-06-30 00:00:00-04:00,35.3828369999526,35.87403161095032,35.36590085890991,35.704654693603516,218440,0.0,0.0
2021-07-01 00:00:00-04:00,35.738520230241676,36.39062222558313,35.65383179367712,36.111148834228516,195520,0.0,0.0
2021-07-02 00:00:00-04:00,36.21277886131937,36.39739904738235,35.8062727829073,35.95871353149414,146760,0.0,0.0
2021-07-06 00:00:00-04:00,35.92484666143565,36.297475377828306,35.628437044045874,36.28053665161133,281520,0.0,0.0
2021-07-07 00:00:00-04:00,36.331346779226145,36.36522164394117,36.06034269253288,36.24665832519531,156600,0.0,0.0
2021-07-08 00:00:00-04:00,36.06034759750627,36.23819389205919,35.721593735305234,35.90790939331055,169640,0.0,0.0
2021-07-09 00:00:00-04:00,36.12809610035943,36.51766351759412,35.924844321428544,36.50072479248047,159760,0.0,0.0
2021-07-12 00:00:00-04:00,36.60234891852381,36.94956949398744,36.41603329577414,36.78866195678711,225840,0.0,0.0
2021-07-13 00:00:00-04:00,36.68704114376576,36.737852151121004,36.2635988525611,36.43297576904297,118880,0.0,0.0
2021-07-14 00:00:00-04:00,36.34828571914563,36.771727991808156,36.28053340482771,36.703975677490234,181360,0.0,0.0
2021-07-15 00:00:00-04:00,36.77172816227102,36.89029148226884,36.263597432720445,36.80560302734375,224840,0.0,0.0
2021-07-16 00:00:00-04:00,36.99191935712666,37.313737065065745,36.890294752898605,36.97498321533203,236360,0.0,0.0
2021-07-19 00:00:00-04:00,36.72091877484872,36.83948210841522,36.034941694553275,36.534603118896484,219960,0.0,0.0
2021-07-20 00:00:00-04:00,36.72091386021001,37.55085966858439,36.53459822919381,37.11048126220703,245280,0.0,0.0
2021-07-21 00:00:00-04:00,37.12742177951994,37.52545859067132,37.08507754788625,37.29679870605469,145640,0.0,0.0
2021-07-22 00:00:00-04:00,37.11048638955484,37.13589189525515,36.55154200376652,36.63623046875,159560,0.0,0.0
2021-07-23 00:00:00-04:00,36.69550490503922,37.09354165984122,36.568472228121955,37.076602935791016,136120,0.0,0.0
2021-07-26 00:00:00-04:00,37.432303609354186,37.81340172302408,37.398428738369816,37.7371826171875,240400,0.0,0.0
2021-07-27 00:00:00-04:00,37.82186039914154,38.211427766594824,37.68635836900741,38.02511215209961,155640,0.0,0.0
2021-07-28 00:00:00-04:00,38.12674986885012,38.431626290390255,37.80493213518767,38.22837448120117,151360,0.0,0.0
2021-07-29 00:00:00-04:00,38.482434026901565,38.804251711542534,38.21143251742592,38.4146842956543,198040,0.0,0.0
2021-07-30 00:00:00-04:00,38.55018216301482,38.93974695217976,38.29611682165353,38.44855499267578,219480,0.0,0.0
2021-08-02 00:00:00-04:00,38.5840580798313,38.90587315389266,38.02511379665798,38.10980224609375,179600,0.0,0.0
2021-08-03 00:00:00-04:00,38.262237548828125,38.38080343672621,37.70329589210253,38.262237548828125,238680,0.0,0.0
2021-08-04 00:00:00-04:00,38.245313435414026,38.30459381351493,37.500053351322926,37.7371826171875,174760,0.0,0.0
2021-08-05 00:00:00-04:00,37.940427160536245,38.14367893199896,37.804925118065604,38.058990478515625,110920,0.0,0.0
2021-08-06 00:00:00-04:00,38.465495889460584,38.53324561719074,38.236836035520035,38.363868713378906,157200,0.0,0.0
2021-08-09 00:00:00-04:00,38.31305113157214,38.35709077604383,38.02511094200431,38.262237548828125,121560,0.0,0.0
2021-08-10 00:00:00-04:00,38.26223911865732,38.26223911865732,37.957362778657085,37.99123764038086,145280,0.0,0.0
2021-08-11 00:00:00-04:00,38.20548650599815,38.32546994100078,37.965524866764305,38.239768981933594,163840,0.6625,0.0
2021-08-12 00:00:00-04:00,37.17707440129704,37.46845974976357,36.68000989282886,37.091373443603516,1188440,0.0,0.0
2021-08-13 00:00:00-04:00,37.27992435796856,37.70842923564636,37.177082141171404,37.691287994384766,361480,0.0,0.0
2021-08-16 00:00:00-04:00,37.53702647858046,38.10265342804726,37.53702647858046,37.67414855957031,290720,0.0,0.0
2021-08-17 00:00:00-04:00,37.53702828980917,37.84555233307664,37.26278411459669,37.74271011352539,240920,0.0,0.0
2021-08-18 00:00:00-04:00,37.91410811739488,37.93124935732889,37.039959803866964,37.22850036621094,216720,0.0,0.0
2021-08-19 00:00:00-04:00,37.27992630004883,37.485608128971826,36.997114112203,37.27992630004883,193680,0.0,0.0
2021-08-20 00:00:00-04:00,37.09137454908358,37.6227215487741,36.86855414474797,37.399898529052734,233920,0.0,0.0
2021-08-23 00:00:00-04:00,37.43418597057533,37.48560708021403,36.8085698802323,36.97140121459961,187880,0.0,0.0
2021-08-24 00:00:00-04:00,37.022821474738755,37.158227865473656,36.58574597591807,36.69715881347656,191560,0.0,0.0
2021-08-25 00:00:00-04:00,36.62858496108193,36.85140795083849,36.5257453918457,36.5257453918457,210160,0.0,0.0
2021-08-26 00:00:00-04:00,36.4743354845441,36.73143840955444,36.131531584530315,36.234371185302734,371800,0.0,0.0
2021-08-27 00:00:00-04:00,36.37149529241576,36.56003849407003,36.22580519603414,36.337215423583984,340360,0.0,0.0
2021-08-30 00:00:00-04:00,36.30292604819992,36.68000973737619,36.217225090869604,36.66286849975586,234280,0.0,0.0
2021-08-31 00:00:00-04:00,36.62860107421875,36.800003047065246,36.440060473319534,36.62860107421875,225960,0.0,0.0
2021-09-01 00:00:00-04:00,36.817139507821416,37.194223276021816,36.79999826660886,37.005680084228516,174720,0.0,0.0
2021-09-02 00:00:00-04:00,37.19422812639941,37.348488855884234,36.74858195061972,37.314208984375,234160,0.0,0.0
2021-09-03 00:00:00-04:00,37.26278023069293,37.365622439524934,37.03138918389996,37.22850036621094,223520,0.0,0.0
2021-09-07 00:00:00-04:00,37.17708300384445,37.262783981368656,36.53432567241294,36.714298248291016,395400,0.0,0.0
2021-09-08 00:00:00-04:00,36.61145304131397,37.057096487004806,36.50861083786985,36.7314338684082,256000,0.0,0.0
2021-09-09 00:00:00-04:00,36.61144976171894,36.61144976171894,35.97726058959961,35.97726058959961,262120,0.0,0.0
2021-09-10 00:00:00-04:00,35.97726913535183,36.02869024468183,35.3259438017927,35.343082427978516,341560,0.0,0.0
2021-09-13 00:00:00-04:00,35.60018261166499,35.87442676333501,35.42878067071775,35.7373046875,406920,0.0,0.0
2021-09-14 00:00:00-04:00,35.84014596254937,36.08010762745644,35.65160278627525,36.0286865234375,336680,0.0,0.0
2021-09-15 00:00:00-04:00,35.97726847383611,36.517186188794234,35.92584998083781,36.35435485839844,277520,0.0,0.0
2021-09-16 00:00:00-04:00,36.405769279616806,36.54289134817712,35.99440568932178,36.14866638183594,202320,0.0,0.0
2021-09-17 00:00:00-04:00,36.21722577512317,36.25150563562581,35.77157974243164,35.77157974243164,730320,0.0,0.0
2021-09-20 00:00:00-04:00,35.61732113852805,36.131526922196734,35.41163934813775,36.04582595825195,486920,0.0,0.0
2021-09-21 00:00:00-04:00,36.165810564328915,36.354353750866125,35.788726806640625,35.788726806640625,209520,0.0,0.0
2021-09-22 00:00:00-04:00,35.96013441461838,36.45719908955752,35.84015355674203,36.200096130371094,253280,0.0,0.0
2021-09-23 00:00:00-04:00,36.37148867434,36.85141459681759,36.24293722807204,36.38862991333008,272680,0.0,0.0
2021-09-24 00:00:00-04:00,36.320069271614805,36.54289231197893,35.92584691026211,35.94298553466797,174120,0.0,0.0
2021-09-27 00:00:00-04:00,35.960118203459636,36.440044033996536,35.65159426844411,35.66873550415039,326640,0.0,0.0
2021-09-28 00:00:00-04:00,35.66874875550219,35.874430583463926,35.360224705866415,35.651607513427734,461280,0.0,0.0
2021-09-29 00:00:00-04:00,35.68588561432786,36.080110624033495,35.63446450603822,35.92584991455078,227560,0.0,0.0
2021-09-30 00:00:00-04:00,35.994405689386305,36.02868555267997,35.25737685933597,35.41164016723633,294360,0.0,0.0
2021-10-01 00:00:00-04:00,35.41164403585297,36.05440135052562,35.39450279464055,35.75444793701172,278440,0.0,0.0
2021-10-04 00:00:00-04:00,35.737300087029745,36.45718762325968,35.651599127588426,36.37148666381836,296920,0.0,0.0
2021-10-05 00:00:00-04:00,36.37149141970226,36.422912525167945,36.02868753711244,36.080108642578125,273720,0.0,0.0
2021-10-06 00:00:00-04:00,35.908708739580895,36.37149348426914,35.68588568017213,36.35435485839844,179320,0.0,0.0
2021-10-07 00:00:00-04:00,36.49146649055555,36.74000135847812,36.35434705149081,36.405765533447266,196760,0.0,0.0
2021-10-08 00:00:00-04:00,36.40577132128241,36.52575477261766,36.17438026953458,36.25151062011719,116400,0.0,0.0
2021-10-11 00:00:00-04:00,36.33721053216515,36.542892332854926,35.97726541941856,36.0286865234375,215080,0.0,0.0
2021-10-12 00:00:00-04:00,36.07153903442803,36.28579146705754,35.92584894947164,36.13153076171875,248000,0.0,0.0
2021-10-13 00:00:00-04:00,36.06296944934824,36.52575680942269,35.84014900532568,36.35435485839844,375640,0.0,0.0
2021-10-14 00:00:00-04:00,36.38862724347711,36.89426237195523,36.38862724347711,36.78285217285156,275080,0.0,0.0
2021-10-15 00:00:00-04:00,37.43418882890343,37.502751185452276,37.0313957726482,37.177085876464844,309520,0.0,0.0
2021-10-18 00:00:00-04:00,37.177081267673394,37.365624455576175,37.03996180234718,37.245643615722656,216480,0.0,0.0
2021-10-19 00:00:00-04:00,37.26277062389514,37.331332950568935,36.78284741410526,36.902828216552734,275000,0.0,0.0
2021-10-20 00:00:00-04:00,36.95426641044823,37.39990997084136,36.93712516700033,37.314208984375,184160,0.0,0.0
2021-10-21 00:00:00-04:00,37.34848109875236,37.36562233864008,36.76571555797384,36.79999542236328,193680,0.0,0.0
2021-10-22 00:00:00-04:00,36.851414621662705,37.02281655013556,36.45718966309798,36.47433090209961,234240,0.0,0.0
2021-10-25 00:00:00-04:00,36.28578672093422,36.57716946812073,35.9944039737477,36.422908782958984,298240,0.0,0.0
2021-10-26 00:00:00-04:00,36.457186630789366,36.662868404772134,36.302925954148705,36.405765533447266,228200,0.0,0.0
2021-10-27 00:00:00-04:00,36.57717508531652,36.62516742208755,36.182952692609625,36.234371185302734,214120,0.0,0.0
2021-10-28 00:00:00-04:00,36.268651914171784,36.57717331695948,36.23436943351886,36.50861358642578,152560,0.0,0.0
2021-10-29 00:00:00-04:00,36.61145284336468,36.62859146692212,35.84871217194744,36.04582595825195,228240,0.0,0.0
2021-11-01 00:00:00-04:00,36.0286893683717,36.38863450954066,35.8058663102855,36.234371185302734,290920,0.0,0.0
2021-11-02 00:00:00-04:00,36.851421302219606,36.851421302219606,36.234373201702326,36.337215423583984,241440,0.0,0.0
2021-11-03 00:00:00-04:00,36.320072201410454,37.014250622801235,36.18295273355872,36.49147415161133,249400,0.0,0.0
2021-11-04 00:00:00-04:00,36.50861834047815,36.628599192228734,35.60875802926918,35.70302963256836,274640,0.0,0.0
2021-11-05 00:00:00-04:00,36.13153179898967,36.577175302421,36.08868131123361,36.35435485839844,255880,0.0,0.0
2021-11-08 00:00:00-05:00,36.628597293100704,36.911412088334785,36.44005671166427,36.88570022583008,399040,0.0,0.0
2021-11-09 00:00:00-05:00,36.90284068426541,37.21136472006973,36.90284068426541,37.03996276855469,223040,0.0,0.0
2021-11-10 00:00:00-05:00,37.03128234713914,37.39569622330694,36.97922549156346,37.06599044799805,256760,0.6625,0.0
2021-11-11 00:00:00-05:00,37.06599210251174,37.10069755706346,36.684224158873526,37.083343505859375,152160,0.0,0.0
2021-11-12 00:00:00-05:00,37.15275008807987,37.3956908721907,36.90980665611308,37.1180419921875,297280,0.0,0.0
2021-11-15 00:00:00-05:00,37.30892627442562,37.32628032253287,36.9098069986629,37.20480728149414,335200,0.0,0.0
2021-11-16 00:00:00-05:00,37.20481392391363,37.32628698663975,36.614813252914466,36.94451904296875,206920,0.0,0.0
2021-11-17 00:00:00-05:00,36.70157097782528,37.03127670288086,36.31980575727251,37.03127670288086,341760,0.0,0.0
2021-11-18 00:00:00-05:00,37.10069024616241,37.15274974165959,36.840395416532445,37.03127670288086,222520,0.0,0.0
2021-11-19 00:00:00-05:00,36.909807455153356,37.04863189816029,36.59745312035176,36.8924560546875,318920,0.0,0.0
2021-11-22 00:00:00-05:00,37.03128267892285,37.53452101946605,36.909812268397374,37.15275573730469,375600,0.0,0.0
2021-11-23 00:00:00-05:00,37.29157638549805,37.595253726252444,37.1874600288103,37.29157638549805,272920,0.0,0.0
2021-11-24 00:00:00-05:00,37.36099342544205,37.49981789517451,37.08334448597713,37.3436393737793,217440,0.0,0.0
2021-11-26 00:00:00-05:00,36.87510547737081,37.204811243673035,36.33716170302901,36.6668701171875,234120,0.0,0.0
2021-11-29 00:00:00-05:00,36.788343698141965,36.875108659694185,36.30245938387823,36.35451889038086,306640,0.0,0.0
2021-11-30 00:00:00-05:00,36.250396735383966,36.64951605350194,35.97275047119565,36.38922119140625,639320,0.0,0.0
2021-12-01 00:00:00-05:00,36.64951149008337,37.204806597173615,36.05951093527297,36.07686233520508,364120,0.0,0.0
2021-12-02 00:00:00-05:00,36.302457566167654,37.196138214121696,36.233046659543966,37.01393127441406,366360,0.0,0.0
2021-12-03 00:00:00-05:00,37.25687209545333,37.36099110324522,36.77098780551844,37.01393127441406,236840,0.0,0.0
2021-12-06 00:00:00-05:00,37.27422728831795,38.07072898440897,37.04863786309317,37.89893341064453,267760,0.0,0.0
2021-12-07 00:00:00-05:00,38.055112257160424,38.124523166513214,37.76011192062637,37.98569869995117,224480,0.0,0.0
2021-12-08 00:00:00-05:00,38.03776100198497,38.350115412746085,37.93364463030237,38.280704498291016,273120,0.0,0.0
2021-12-09 00:00:00-05:00,38.19393572528505,38.384817044943574,37.81216779025521,38.141876220703125,188800,0.0,0.0
2021-12-10 00:00:00-05:00,38.45423159820066,38.48893705287039,38.0637892754891,38.26334762573242,216560,0.0,0.0
2021-12-13 00:00:00-05:00,38.176583635250296,38.91408581911308,38.07246462073882,38.66246795654297,308520,0.0,0.0
2021-12-14 00:00:00-05:00,38.7665861951898,38.905410671956595,38.24599639320682,38.280704498291016,223200,0.0,0.0
2021-12-15 00:00:00-05:00,38.40217190034246,39.1743795162747,38.40217190034246,39.07893753051758,356800,0.0,0.0
2021-12-16 00:00:00-05:00,39.16569597339559,39.27849199155948,38.47157640754771,38.80128479003906,289000,0.0,0.0
2021-12-17 00:00:00-05:00,38.71452148305613,38.992167732434176,38.41951853679878,38.679813385009766,1176680,0.0,0.0
2021-12-20 00:00:00-05:00,38.35010910928368,38.53231603960039,37.829519392868065,38.48893356323242,370440,0.0,0.0
2021-12-21 00:00:00-05:00,38.71452297887907,39.11363964327178,38.44555109576416,38.62775802612305,190680,0.0,0.0
2021-12-22 00:00:00-05:00,38.52364446652816,38.83599887015241,38.506290414382576,38.783939361572266,206320,0.0,0.0
2021-12-23 00:00:00-05:00,38.888056206859794,39.13099703619023,38.872436501658484,39.07893753051758,244520,0.0,0.0
2021-12-27 00:00:00-05:00,39.1656962195209,39.443345106747266,38.905401380692204,39.42599105834961,477320,0.0,0.0
2021-12-28 00:00:00-05:00,39.42599835435727,39.66894183760243,39.37393884738641,39.478057861328125,164960,0.0,0.0
2021-12-29 00:00:00-05:00,39.63422643832885,39.73834543310385,39.478050594022385,39.70363998413086,140360,0.0,0.0
2021-12-30 00:00:00-05:00,39.80775667414553,40.03334606619832,39.68628627776512,39.7904052734375,181520,0.0,0.0
2021-12-31 00:00:00-05:00,39.911876663978624,39.94658211411521,39.66025884066824,39.77305221557617,121800,0.0,0.0
2022-01-03 00:00:00-05:00,39.82511652211134,40.20688181540996,39.50408511191906,40.172176361083984,251520,0.0,0.0
2022-01-04 00:00:00-05:00,40.57128972900906,40.92702654112453,40.44981933283345,40.605995178222656,452160,0.0,0.0
2022-01-05 00:00:00-05:00,40.65806199482031,41.039827300603456,40.302325118668726,40.38041305541992,400040,0.0,0.0
2022-01-06 00:00:00-05:00,40.310998998188936,40.605999318366486,40.17217453932411,40.41511535644531,191240,0.0,0.0
2022-01-07 00:00:00-05:00,39.91187602902531,40.3804062180557,39.66893523407802,40.015995025634766,272080,0.0,0.0
2022-01-10 00:00:00-05:00,39.443353389407434,39.87717821188693,39.32188296868449,39.59952926635742,243600,0.0,0.0
2022-01-11 00:00:00-05:00,39.738347215024376,39.74702423962072,39.10496413733348,39.18305206298828,186600,0.0,0.0
2022-01-12 00:00:00-05:00,39.356577430710715,39.4606937703071,39.009517669677734,39.009517669677734,172560,0.0,0.0
2022-01-13 00:00:00-05:00,39.0789385113973,39.547468778498356,39.009527600662516,39.3392333984375,174320,0.0,0.0
2022-01-14 00:00:00-05:00,39.3392333984375,39.46070381615162,39.03555603022393,39.3392333984375,209840,0.0,0.0
2022-01-18 00:00:00-05:00,39.11363813202807,39.287168030835396,38.55834298541587,38.679813385009766,177080,0.0,0.0
2022-01-19 00:00:00-05:00,38.6798110552919,38.801284095425494,37.534515380859375,37.534515380859375,317960,0.0,0.0
2022-01-20 00:00:00-05:00,37.465110677398464,37.65599465877452,36.70158004760742,36.70158004760742,307520,0.0,0.0
2022-01-21 00:00:00-05:00,36.77098780194128,37.38701952762793,36.69289987003314,36.73628234863281,350480,0.0,0.0
2022-01-24 00:00:00-05:00,36.70157166065591,37.39569121924987,36.354511881358924,37.20480728149414,426520,0.0,0.0
2022-01-25 00:00:00-05:00,36.87510234880803,37.22216213562034,36.389218117699585,36.97922134399414,326280,0.0,0.0
2022-01-26 00:00:00-05:00,36.99657874999313,37.19613974851704,35.903339714506,35.99010467529297,320320,0.0,0.0
2022-01-27 00:00:00-05:00,36.12892361451419,36.441277955129365,35.53892303057357,35.695098876953125,251440,0.0,0.0
2022-01-28 00:00:00-05:00,35.747156316583805,36.26774597167969,35.20921261384237,36.26774597167969,284640,0.0,0.0
2022-01-31 00:00:00-05:00,36.11157492721794,36.406575241355135,35.643042057160685,36.38922119140625,418040,0.0,0.0
2022-02-01 00:00:00-05:00,36.40658472604913,36.49334970268516,36.042170765035024,36.28511428833008,205040,0.0,0.0
2022-02-02 00:00:00-05:00,36.267745650643725,36.66686491225548,36.23304020351572,36.31980514526367,245400,0.0,0.0
2022-02-03 00:00:00-05:00,36.23303809289271,36.319803029586495,35.79921340942383,35.79921340942383,253240,0.0,0.0
2022-02-04 00:00:00-05:00,35.74715951781331,35.93804346758487,35.20921576689793,35.41745376586914,433200,0.0,0.0
2022-02-07 00:00:00-05:00,35.38275396546031,35.53893250131583,35.12245905355788,35.3133430480957,325960,0.0,0.0
2022-02-08 00:00:00-05:00,35.3133417607537,35.5215771531131,34.93157643345202,34.96628189086914,238760,0.0,0.0
2022-02-09 00:00:00-05:00,35.278628977319244,35.41745342601589,35.018334128959076,35.3306884765625,217560,0.0,0.0
2022-02-10 00:00:00-05:00,35.000982536428,35.36539640885063,34.81010122294744,34.9836311340332,309720,0.0,0.0
2022-02-11 00:00:00-05:00,35.17450919187985,35.7731868001429,35.087744244367634,35.695098876953125,319200,0.0,0.0
2022-02-14 00:00:00-05:00,35.6430425206902,35.90333738617097,35.29598270004919,35.52157211303711,403120,0.0,0.0
2022-02-15 00:00:00-05:00,35.7818603206688,35.955390198701,35.452154611549936,35.643035888671875,129000,0.0,0.0
2022-02-16 00:00:00-05:00,35.67775636466389,36.319816606641325,35.59099139553568,36.180992126464844,164080,0.0,0.0
2022-02-17 00:00:00-05:00,36.0161326236366,36.441280364990234,35.81657164244791,36.441280364990234,256840,0.0,0.0
2022-02-18 00:00:00-05:00,36.475978856493,36.493332902974046,35.695094426249,35.79921340942383,284920,0.0,0.0
2022-02-22 00:00:00-05:00,35.7731868001429,36.007453217568305,35.400098584982814,35.695098876953125,193040,0.0,0.0
2022-02-23 00:00:00-05:00,35.69509967555306,35.920689073703095,35.22656947807599,35.3306884765625,413720,0.0,0.0
2022-02-24 00:00:00-05:00,35.122448015397104,35.556272732226894,34.75803684197365,35.40009689331055,356400,0.0,0.0
2022-02-25 00:00:00-05:00,35.60833740608938,36.02481078352436,35.22657212933291,35.747161865234375,257840,0.0,0.0
2022-02-28 00:00:00-05:00,35.434805710555345,36.19833887349314,35.226570356247294,36.12892532348633,498280,0.0,0.0
2022-03-01 00:00:00-05:00,36.3198127720293,36.805697077419424,35.955398881022596,36.45863723754883,399360,0.0,0.0
2022-03-02 00:00:00-05:00,36.493344662015005,36.797022038295445,36.37187424107415,36.70158004760742,200720,0.0,0.0
2022-03-03 00:00:00-05:00,36.701576900659944,37.161430114740796,36.42739931812738,37.15275573730469,248880,0.0,0.0
2022-03-04 00:00:00-05:00,36.944521613757054,37.79481987272566,36.805699785878346,37.7774658203125,326280,0.0,0.0
2022-03-07 00:00:00-05:00,37.91628097495525,38.24598670689942,37.74275108490969,37.76010513305664,330000,0.0,0.0
2022-03-08 00:00:00-05:00,37.655991092610705,37.81216695505042,36.68422252140079,37.06599044799805,349240,0.0,0.0
2022-03-09 00:00:00-05:00,37.338335213921695,37.338335213921695,36.88148862826848,36.986915588378906,293640,0.6625,0.0
2022-03-10 00:00:00-05:00,36.65307432628769,37.37348307399543,36.565219404778,37.26805877685547,190040,0.0,0.0
2022-03-11 00:00:00-05:00,37.21533888120551,37.672182785739764,36.855133228800355,36.986915588378906,299360,0.0,0.0
2022-03-14 00:00:00-04:00,37.16262980211121,37.373481066183025,36.44221841198664,36.653072357177734,261040,0.0,0.0
2022-03-15 00:00:00-04:00,36.88149470758956,36.92015108726067,36.09958644809564,36.336795806884766,265960,0.0,0.0
2022-03-16 00:00:00-04:00,36.2489408860176,36.512505648619104,35.75695279293757,36.336795806884766,267680,0.0,0.0
2022-03-17 00:00:00-04:00,36.28407926885692,36.82878080490487,36.196224355373005,36.565216064453125,154280,0.0,0.0
2022-03-18 00:00:00-04:00,36.600352374878625,36.81120360152757,36.28407419434579,36.67063522338867,333640,0.0,0.0
2022-03-21 00:00:00-04:00,36.635499606742044,36.9166364075868,36.45978977649388,36.61792755126953,195880,0.0,0.0
2022-03-22 00:00:00-04:00,36.8112016642164,36.86391513838412,36.28407228477655,36.42464065551758,224080,0.0,0.0
2022-03-23 00:00:00-04:00,36.33679349064148,36.5827861809413,36.02051525945655,36.12594223022461,169120,0.0,0.0
2022-03-24 00:00:00-04:00,36.17865335032433,36.41586269606365,35.967802088066755,36.38950729370117,128160,0.0,0.0
2022-03-25 00:00:00-04:00,36.45979034329808,36.951778411865234,36.42464891292599,36.951778411865234,163680,0.0,0.0
2022-03-28 00:00:00-04:00,36.91663698149314,37.004491897983016,36.63550017627783,36.951778411865234,295520,0.0,0.0
2022-03-29 00:00:00-04:00,37.057194926522314,37.70732331701325,36.98691208052699,37.5491828918457,492720,0.0,0.0
2022-03-30 00:00:00-04:00,37.53161298781196,37.707322781423215,37.268048297395076,37.39104461669922,256160,0.0,0.0
2022-03-31 00:00:00-04:00,37.46133591431031,37.61947637291378,37.109916247794985,37.145057678222656,176080,0.0,0.0
2022-04-01 00:00:00-04:00,37.09234366065726,37.478904724121094,36.91487502852083,37.478904724121094,299320,0.0,0.0
2022-04-04 00:00:00-04:00,37.58433283807328,37.58433283807328,36.64428682439196,36.81121063232422,325600,0.0,0.0
2022-04-05 00:00:00-04:00,36.881478219355394,37.180186961658556,36.05564286862585,36.213783264160156,284640,0.0,0.0
2022-04-06 00:00:00-04:00,36.10836962044957,36.64955621192103,36.07322819110607,36.45978927612305,291480,0.0,0.0
2022-04-07 00:00:00-04:00,36.49493239779949,36.49493239779949,35.9150894028261,36.14351272583008,200280,0.0,0.0
2022-04-08 00:00:00-04:00,36.09078428503852,36.45977586016701,35.985360035800525,36.213783264160156,253320,0.0,0.0
2022-04-11 00:00:00-04:00,36.28407879855055,36.49493005195511,35.91508709425323,35.93265914916992,200200,0.0,0.0
2022-04-12 00:00:00-04:00,35.915085811759745,36.125939738754056,35.463512972612826,35.54609680175781,318480,0.0,0.0
2022-04-13 00:00:00-04:00,35.581234505839525,35.836013179657584,35.4406661295927,35.73937225341797,268200,0.0,0.0
2022-04-14 00:00:00-04:00,35.862377655044654,36.073228916464686,35.35281753540039,35.35281753540039,223320,0.0,0.0
2022-04-18 00:00:00-04:00,35.37037958171015,35.54608936335688,34.99260194249859,35.1419563293457,223040,0.0,0.0
2022-04-19 00:00:00-04:00,35.24739064667462,35.73059264731831,35.24739064667462,35.54609680175781,189480,0.0,0.0
2022-04-20 00:00:00-04:00,35.68666354176365,36.134721413100685,35.68666354176365,35.86237335205078,189280,0.0,0.0
2022-04-21 00:00:00-04:00,35.879945665539,36.319220227264786,35.74816329702126,35.93265914916992,207640,0.0,0.0
2022-04-22 00:00:00-04:00,35.915085811759745,35.96779929350832,35.5285247474686,35.54609680175781,163320,0.0,0.0
2022-04-25 00:00:00-04:00,35.54610664504322,35.72181651211598,34.93112211028856,35.38796615600586,224320,0.0,0.0
2022-04-26 00:00:00-04:00,35.19468214508732,35.40553342079871,34.86961786257266,35.071685791015625,268280,0.0,0.0
2022-04-27 00:00:00-04:00,35.05411096092536,35.08925239057713,34.19313386942049,34.228275299072266,319360,0.0,0.0
2022-04-28 00:00:00-04:00,34.26341649450487,34.948683751947286,34.24584443923949,34.825687408447266,185240,0.0,0.0
2022-04-29 00:00:00-04:00,34.61484283287068,34.66755632772336,33.40244585685762,33.47272872924805,329680,0.0,0.0
2022-05-02 00:00:00-04:00,33.56058187945952,33.771433166562055,32.26033004139426,32.55903625488281,447520,0.0,0.0
2022-05-03 00:00:00-04:00,32.61175147742656,33.79779304657315,32.61175147742656,33.47272872924805,421600,0.0,0.0
2022-05-04 00:00:00-04:00,32.92802075701736,33.78021449687648,32.92802075701736,33.6660041809082,253560,0.0,0.0
2022-05-05 00:00:00-04:00,33.47272475206098,33.56057967267006,32.725957926883765,32.91045379638672,238600,0.0,0.0
2022-05-06 00:00:00-04:00,32.80502352150337,33.38486647545885,32.55024481357238,33.06858825683594,439080,0.0,0.0
2022-05-09 00:00:00-04:00,32.787453383627664,33.481506634269664,32.65567101903289,32.84016418457031,497360,0.0,0.0
2022-05-10 00:00:00-04:00,32.998302977084435,33.175768920642376,31.64533797127081,31.94404411315918,497960,0.0,0.0
2022-05-11 00:00:00-04:00,32.22518592594419,32.88409787383934,32.15490305728321,32.55903625488281,490440,0.0,0.0
2022-05-12 00:00:00-04:00,32.56793969694195,34.20792300743584,32.30055102501301,34.172271728515625,1052680,0.6625,0.0
2022-05-13 00:00:00-04:00,34.24357659332765,34.61791909750192,33.459234866452555,33.72662353515625,487600,0.0,0.0
2022-05-16 00:00:00-04:00,33.762284962365314,34.12771679677706,33.43250713717931,33.94054412841797,273360,0.0,0.0
2022-05-17 00:00:00-04:00,34.19010194594606,34.71596583956348,33.94053752997919,34.68922805786133,293400,0.0,0.0
2022-05-18 00:00:00-04:00,34.671409606933594,35.1616223391653,34.42184784944148,34.671409606933594,336840,0.0,0.0
2022-05-19 00:00:00-04:00,34.42184511586973,34.68923385767083,33.958370208740234,33.958370208740234,323880,0.0,0.0
2022-05-20 00:00:00-04:00,34.17227558667339,34.279232155528,33.619673900974036,34.118797302246094,249240,0.0,0.0
2022-05-23 00:00:00-04:00,34.4931403342924,34.724877738423096,34.10097080731187,34.40401077270508,280240,0.0,0.0
2022-05-24 00:00:00-04:00,34.56443734328408,35.223998169096134,34.10096532949103,35.13486862182617,245840,0.0,0.0
2022-05-25 00:00:00-04:00,35.1527038882676,35.544873474846995,35.03683652860281,35.43791961669922,304640,0.0,0.0
2022-05-26 00:00:00-04:00,35.65183005301355,35.847916206312625,35.40226833064996,35.43791961669922,329120,0.0,0.0
2022-05-27 00:00:00-04:00,35.45573848198729,35.80334594790388,35.117047236244055,35.1526985168457,227640,0.0,0.0
2022-05-31 00:00:00-04:00,35.04574589141036,35.0813971732494,34.51096850376942,34.99226760864258,417360,0.0,0.0
2022-06-01 00:00:00-04:00,34.93879578523255,34.95662278945709,34.07423776070264,34.5109748840332,248280,0.0,0.0
2022-06-02 00:00:00-04:00,34.439662850894166,34.64466247930342,33.92271246972346,34.5466194152832,246800,0.0,0.0
2022-06-03 00:00:00-04:00,34.457481763449586,34.60543713078364,34.011834049799226,34.1009635925293,206880,0.0,0.0
2022-06-06 00:00:00-04:00,34.29704748935955,34.591176616966166,33.9761833065419,34.43965530395508,329720,0.0,0.0
2022-06-07 00:00:00-04:00,34.386184072840194,34.97443972846024,34.26140322953131,34.95661544799805,223680,0.0,0.0
2022-06-08 00:00:00-04:00,34.635744758685675,34.70704731291144,33.86923006067725,34.047489166259766,235400,0.0,0.0
2022-06-09 00:00:00-04:00,34.172280658177336,34.56088704400479,33.9316324225677,33.958370208740234,196400,0.0,0.0
2022-06-10 00:00:00-04:00,33.8692259201141,34.47530571699325,33.566186021674525,34.35052490234375,272400,0.0,0.0
2022-06-13 00:00:00-04:00,33.887061318000114,34.190101291571324,33.494889060417854,33.690975189208984,485520,0.0,0.0
2022-06-14 00:00:00-04:00,33.780095347576655,33.94052743008578,33.01358076666241,33.566184997558594,477680,0.0,0.0
2022-06-15 00:00:00-04:00,33.780101792352376,34.93878602269692,33.65532095770352,34.52878952026367,440960,0.0,0.0
2022-06-16 00:00:00-04:00,34.261404418868494,34.29705570104885,33.015374834547764,33.227500915527344,467320,0.0,0.0
2022-06-17 00:00:00-04:00,33.334460801838055,33.744457387789545,33.2275042246268,33.584022521972656,978160,0.0,0.0
2022-06-21 00:00:00-04:00,33.4235912547624,33.735544773140184,33.01359465803355,33.03142166137695,260960,0.0,0.0
2022-06-22 00:00:00-04:00,32.977942862719864,33.797936043530136,32.88881328741522,33.387939453125,297000,0.0,0.0
2022-06-23 00:00:00-04:00,33.38793725241929,34.31488423048584,33.38793725241929,34.26140594482422,189840,0.0,0.0
2022-06-24 00:00:00-04:00,34.22575417723347,34.564445448271584,33.958365472723834,33.976192474365234,594320,0.0,0.0
2022-06-27 00:00:00-04:00,34.047490892285765,34.51096567830323,33.869231777666464,34.172271728515625,258320,0.0,0.0
2022-06-28 00:00:00-04:00,34.42183049036112,34.635740848909734,34.06531231944083,34.1009635925293,175360,0.0,0.0
2022-06-29 00:00:00-04:00,33.97618277671075,34.1544418621709,33.80683446950939,34.1009635925293,181160,0.0,0.0
2022-06-30 00:00:00-04:00,34.01184942685044,34.29706246052328,33.63750409013225,33.94054412841797,211520,0.0,0.0
2022-07-01 00:00:00-04:00,34.08314917471386,34.77836149659437,34.08314917471386,34.6357536315918,153360,0.0,0.0
2022-07-05 00:00:00-04:00,34.404010322766425,34.814006844709795,34.1366216415014,34.760528564453125,266040,0.0,0.0
2022-07-06 00:00:00-04:00,34.635743104892015,34.92095602819478,34.27922491075009,34.617916107177734,219160,0.0,0.0
2022-07-07 00:00:00-04:00,34.796182382093214,34.796182382093214,34.243580699191924,34.33271026611328,120000,0.0,0.0
2022-07-08 00:00:00-04:00,34.314885561080565,34.43966641911712,33.95836726953687,33.9940185546875,179800,0.0,0.0
2022-07-11 00:00:00-04:00,33.92271819887445,34.0831503525347,33.53054859657914,33.76228332519531,144280,0.0,0.0
2022-07-12 00:00:00-04:00,33.86923294045879,34.314880742306926,33.815754660233345,34.0653190612793,115560,0.0,0.0
2022-07-13 00:00:00-04:00,33.78010265738613,34.01184005339296,33.58580087274169,33.81575393676758,126480,0.0,0.0
2022-07-14 00:00:00-04:00,33.42358229672097,34.12770521976828,33.352279742495206,34.047489166259766,152240,0.0,0.0
2022-07-15 00:00:00-04:00,34.51096048296353,34.75160861946106,34.26139612805543,34.60009002685547,224720,0.0,0.0
2022-07-18 00:00:00-04:00,34.707051541848344,34.93700733927925,34.43074935052534,34.5466194152832,249920,0.0,0.0
2022-07-19 00:00:00-04:00,34.6714006735354,35.081397215221,34.6714006735354,34.93878936767578,226800,0.0,0.0
2022-07-20 00:00:00-04:00,34.93878936767578,35.22400506276623,34.70705195541709,34.93878936767578,232840,0.0,0.0
2022-07-21 00:00:00-04:00,34.457486963326666,34.600094797218865,34.172271295542274,34.52878952026367,192960,0.0,0.0
2022-07-22 00:00:00-04:00,34.707050284196455,34.787266344572295,34.38618332267476,34.760528564453125,131600,0.0,0.0
2022-07-25 00:00:00-04:00,34.90314221336602,35.66074360302275,34.86749092726828,35.38444137573242,168320,0.0,0.0
2022-07-26 00:00:00-04:00,35.491391950283926,35.72312663072814,35.36660839002219,35.616172790527344,133800,0.0,0.0
2022-07-27 00:00:00-04:00,35.4379132359335,35.54486707482373,35.09921927940208,35.224002838134766,144720,0.0,0.0
2022-07-28 00:00:00-04:00,35.43792304797804,35.86574396203047,35.32205295707535,35.63400650024414,178720,0.0,0.0
2022-07-29 00:00:00-04:00,35.65182619553969,36.240081871769796,35.54486962894568,36.13312530517578,220400,0.0,0.0
2022-08-01 00:00:00-04:00,36.15095450625073,36.213343573878525,35.66074186623012,35.901390075683594,212720,0.0,0.0
2022-08-02 00:00:00-04:00,36.15094542999521,36.15094542999521,34.54661355635653,34.617916107177734,333720,0.0,0.0
2022-08-03 00:00:00-04:00,34.61792342353669,34.72487999239129,34.029667734873435,34.118797302246094,331080,0.0,0.0
2022-08-04 00:00:00-04:00,34.118799919670984,34.19901871247519,33.51271990304887,33.63750076293945,281320,0.0,0.0
2022-08-05 00:00:00-04:00,33.58402169249642,33.69989176828325,33.22750340395604,33.49489212036133,203600,0.0,0.0
2022-08-08 00:00:00-04:00,33.60184474756201,33.958362994220494,33.4324991244029,33.65532302856445,186720,0.0,0.0
2022-08-09 00:00:00-04:00,33.83358696212601,33.85141124498205,33.414676874737125,33.584022521972656,218080,0.0,0.0
2022-08-10 00:00:00-04:00,33.73770031482381,34.09930480797809,33.59305796579743,33.79193878173828,235440,0.6625,0.0
2022-08-11 00:00:00-04:00,33.88234232595528,34.31626940403896,33.84618242582086,34.171627044677734,154480,0.0,0.0
2022-08-12 00:00:00-04:00,34.26203072704601,34.42475166918586,34.171629590563036,34.38859176635742,189920,0.0,0.0
2022-08-15 00:00:00-04:00,34.26202942017158,34.73211641548175,34.0450672526529,34.659793853759766,133480,0.0,0.0
2022-08-16 00:00:00-04:00,34.732115062474676,35.11179815113571,34.587472703488956,34.98523712158203,218480,0.0,0.0
2022-08-17 00:00:00-04:00,34.768275829038714,35.111799026220766,34.35243007114955,34.80443572998047,311400,0.0,0.0
2022-08-18 00:00:00-04:00,34.804433203492486,35.02139535221711,34.49706992956399,34.53322982788086,296920,0.0,0.0
2022-08-19 00:00:00-04:00,34.49707557042586,34.64171794616824,33.97274730321269,34.11738967895508,237400,0.0,0.0
2022-08-22 00:00:00-04:00,33.99083166886884,34.06315148378361,33.55690726173207,33.59306716918945,371800,0.0,0.0
2022-08-23 00:00:00-04:00,33.59306418759033,33.89138684616581,33.448421811774644,33.46650314331055,328320,0.0,0.0
2022-08-24 00:00:00-04:00,33.5930528116269,33.73588535062582,33.26760826595622,33.303768157958984,246720,0.0,0.0
2022-08-25 00:00:00-04:00,33.267613746836986,33.82448500365806,33.24953241844523,33.75577926635742,215040,0.0,0.0
2022-08-26 00:00:00-04:00,33.86426851159099,33.86426851159099,33.22241984846805,33.285701751708984,196520,0.0,0.0
2022-08-29 00:00:00-04:00,33.19529729260325,33.33993689900435,32.82465209384723,33.141056060791016,233160,0.0,0.0
2022-08-30 00:00:00-04:00,33.1952942853578,33.376096535803484,32.906009581115335,33.01449203491211,163840,0.0,0.0
2022-08-31 00:00:00-04:00,33.17721524676905,33.31281694396293,32.44496553015738,32.45400619506836,392400,0.0,0.0
2022-09-01 00:00:00-04:00,32.454007513067694,32.47208884362396,31.893519371708077,32.182804107666016,250440,0.0,0.0
2022-09-02 00:00:00-04:00,32.39976291977867,32.46304481133839,31.929678721132916,32.03815841674805,184680,0.0,0.0
2022-09-06 00:00:00-04:00,32.09239888222894,32.1375994440349,31.73079438778129,31.929677963256836,208960,0.0,0.0
2022-09-07 00:00:00-04:00,31.821197848849827,32.54440689086914,31.785037948513573,32.54440689086914,260360,0.0,0.0
2022-09-08 00:00:00-04:00,32.32744764001687,32.85177313914916,32.14664536323694,32.72521209716797,276480,0.0,0.0
2022-09-09 00:00:00-04:00,32.7794519611618,33.22241696898351,32.725210728631374,33.050655364990234,148200,0.0,0.0
2022-09-12 00:00:00-04:00,33.339935108815055,33.683461052631145,33.249533980256636,33.55690002441406,163400,0.0,0.0
2022-09-13 00:00:00-04:00,33.0506564097988,33.17721745048822,32.50824958499518,32.707130432128906,203560,0.0,0.0
2022-09-14 00:00:00-04:00,32.65289111389174,32.65289111389174,31.938719939275025,32.182804107666016,238120,0.0,0.0
2022-09-15 00:00:00-04:00,32.25511907519627,32.399761421484364,31.938715149676263,31.947755813598633,175440,0.0,0.0
2022-09-16 00:00:00-04:00,31.911596074450614,32.36360168457031,31.604232811333883,32.36360168457031,455920,0.0,0.0
2022-09-19 00:00:00-04:00,31.929677490603762,32.30936054885935,31.794075807193195,32.25511932373047,259120,0.0,0.0
2022-09-20 00:00:00-04:00,31.821197894773203,31.85374097747573,31.43247413765625,31.785037994384766,208600,0.0,0.0
2022-09-21 00:00:00-04:00,31.911604617149422,32.1466481490972,31.00759315490723,31.007593154907227,219800,0.0,0.0
2022-09-22 00:00:00-04:00,30.86293951850874,30.88102084469189,30.266291619164154,30.609817504882812,296800,0.0,0.0
2022-09-23 00:00:00-04:00,30.338616308329314,30.501337220180883,29.86852938258865,30.103572845458984,302680,0.0,0.0
2022-09-26 00:00:00-04:00,30.013175640526494,30.013175640526494,28.223234341398026,28.5848388671875,387360,0.0,0.0
2022-09-27 00:00:00-04:00,28.783718220835663,28.801799549724716,27.816427819387194,27.91586685180664,314120,0.0,0.0
2022-09-28 00:00:00-04:00,28.02435037128595,28.828919878567834,27.753146980596085,28.62099838256836,365600,0.0,0.0
2022-09-29 00:00:00-04:00,28.458273906172458,28.48539589978583,27.698904984997203,27.988189697265625,262320,0.0,0.0
2022-09-30 00:00:00-04:00,28.24130885168443,28.705971924747118,28.168989060454553,28.51251220703125,302280,0.0,0.0
2022-10-03 00:00:00-04:00,28.801800643028272,28.94644300316091,28.376914227418062,28.62099838256836,321000,0.0,0.0
2022-10-04 00:00:00-04:00,28.783720016479492,29.416527943545166,28.54867652037609,28.783720016479492,384160,0.0,0.0
2022-10-05 00:00:00-04:00,28.47636054543888,28.47636054543888,27.29210499956218,27.662750244140625,369720,0.0,0.0
2022-10-06 00:00:00-04:00,27.500023025424326,27.57234282109786,26.74969204090043,27.337299346923828,433320,0.0,0.0
2022-10-07 00:00:00-04:00,27.31922168679178,27.566919891983297,26.849134722795938,27.102256774902344,374360,0.0,0.0
2022-10-10 00:00:00-04:00,27.174584002160906,27.581389143633903,27.07514219359161,27.44578742980957,256840,0.0,0.0
2022-10-11 00:00:00-04:00,27.355382117179495,28.2593934048667,27.12033863061612,28.187070846557617,487120,0.0,0.0
2022-10-12 00:00:00-04:00,28.096671847237634,28.756601792559536,27.87970967351383,28.313636779785156,358920,0.0,0.0
2022-10-13 00:00:00-04:00,28.024349107146012,29.07300272227487,27.753145728689763,28.892200469970703,328880,0.0,0.0
2022-10-14 00:00:00-04:00,29.199570044031685,29.54309329396127,28.7475643157959,28.7475643157959,385120,0.0,0.0
2022-10-17 00:00:00-04:00,29.12724408778129,29.662417212196992,29.018761632355258,29.308046340942383,405400,0.0,0.0
2022-10-18 00:00:00-04:00,29.39844790096841,29.615410056195884,28.91027960317724,29.2176456451416,402960,0.0,0.0
2022-10-19 00:00:00-04:00,28.69331401994517,28.890387793134252,28.30459031988794,28.60291290283203,288240,0.0,0.0
2022-10-20 00:00:00-04:00,28.747559413125586,28.937402338373204,28.394995556993475,28.62099838256836,372240,0.0,0.0
2022-10-21 00:00:00-04:00,28.747558439552147,29.2538053034599,28.43115449446274,29.091081619262695,397680,0.0,0.0
2022-10-24 00:00:00-04:00,29.28996505944845,29.606369002991876,29.091081477120348,29.25380516052246,376600,0.0,0.0
2022-10-25 00:00:00-04:00,29.470772704106533,30.44710394782956,29.380371560842402,30.35670280456543,257440,0.0,0.0
2022-10-26 00:00:00-04:00,30.62790151079181,30.754465298901547,30.203017858272144,30.537500381469727,283640,0.0,0.0
2022-10-27 00:00:00-04:00,30.82678027875699,31.40534686418898,30.781579721163503,30.88102149963379,335760,0.0,0.0
2022-10-28 00:00:00-04:00,30.790627212067296,31.513836293929952,30.609824941601634,31.477676391601562,371960,0.0,0.0
2022-10-31 00:00:00-04:00,31.188389099792836,31.495752382634794,30.989505515047373,31.441511154174805,373200,0.0,0.0
2022-11-01 00:00:00-04:00,31.38727601554118,31.45959582194718,29.669654404572796,29.760055541992188,587640,0.0,0.0
2022-11-02 00:00:00-04:00,29.70580779592307,30.501336527295187,29.479805001916997,29.88661003112793,487960,0.0,0.0
2022-11-03 00:00:00-04:00,28.928361673585496,29.051305886462927,27.988190470958678,28.62099838256836,589880,0.0,0.0
2022-11-04 00:00:00-04:00,28.74755903995905,29.398448272695077,28.61195734637434,29.362285614013672,295920,0.0,0.0
2022-11-07 00:00:00-05:00,29.5430920455089,29.76005699295264,28.928365384615383,29.38037109375,403040,0.0,0.0
2022-11-08 00:00:00-05:00,29.199561434984208,29.597325806792107,28.819875631681136,28.92835807800293,411080,0.0,0.0
2022-11-09 00:00:00-05:00,28.97432264393473,29.176552900319034,28.404395146708413,28.422780990600586,262880,0.6625,0.0
2022-11-10 00:00:00-05:00,29.139781638266054,29.728092126057188,28.514702270979036,29.65455436706543,517760,0.0,0.0
2022-11-11 00:00:00-05:00,29.562638531427794,29.94871607548093,29.415560169522898,29.856792449951172,269840,0.0,0.0
2022-11-14 00:00:00-05:00,29.875174941689288,29.875174941689288,29.047862404842505,29.397171020507812,429040,0.0,0.0
2022-11-15 00:00:00-05:00,29.672943496880016,29.728098230091533,28.818054950603415,29.06624984741211,494800,0.0,0.0
2022-11-16 00:00:00-05:00,29.12140139612323,29.25009670703634,28.62501441425597,28.69855499267578,329000,0.0,0.0
2022-11-17 00:00:00-05:00,28.44116429807876,28.748188818036283,28.275702922628675,28.680166244506836,373120,0.0,0.0
2022-11-18 00:00:00-05:00,29.04786966325555,29.17656219564299,28.69856096030581,29.01110076904297,363880,0.0,0.0
2022-11-21 00:00:00-05:00,29.011094434237684,29.424750715699382,28.900784970400085,29.360403060913086,238320,0.0,0.0
2022-11-22 00:00:00-05:00,29.39716890295845,29.52586419920438,29.020284351993936,29.213321685791016,276280,0.0,0.0
2022-11-23 00:00:00-05:00,29.084630694098344,29.268477920742818,28.551474858943795,28.84562873840332,232840,0.0,0.0
2022-11-25 00:00:00-05:00,28.937555493871237,29.222519287169792,28.845631870567598,29.121402740478516,107160,0.0,0.0
2022-11-28 00:00:00-05:00,28.95593444602781,29.461514253815597,28.8272419651026,28.900779724121094,326040,0.0,0.0
2022-11-29 00:00:00-05:00,28.90078323428046,29.507479638369563,28.66178128051372,29.47071075439453,325200,0.0,0.0
2022-11-30 00:00:00-05:00,29.19494332229324,29.323635833861065,28.257321242481574,29.121402740478516,680280,0.0,0.0
2022-12-01 00:00:00-05:00,29.323629415898875,29.52586246501937,28.367624503835806,28.551471710205078,425400,0.0,0.0
2022-12-02 00:00:00-05:00,28.588250454974787,29.20597739373748,28.294093701169047,28.91917610168457,535520,0.0,0.0
2022-12-05 00:00:00-05:00,28.808863207023794,28.854825019034134,28.148852259824046,28.330862045288086,350000,0.0,0.0
2022-12-06 00:00:00-05:00,28.22055126182381,28.312474881569162,27.788509126906145,28.01831817626953,349200,0.0,0.0
2022-12-07 00:00:00-05:00,27.981545777081944,28.66177991675482,27.885944439066858,28.238933563232422,495080,0.0,0.0
2022-12-08 00:00:00-05:00,28.312474881569162,28.615821704614333,27.98154928942864,28.01831817626953,258760,0.0,0.0
2022-12-09 00:00:00-05:00,27.92639371642049,28.28489806687156,27.77931817348136,28.09185791015625,225960,0.0,0.0
2022-12-12 00:00:00-05:00,28.018312862198904,28.110236464509644,27.310502807577645,27.540311813354492,442440,0.0,0.0
2022-12-13 00:00:00-05:00,28.16539420331117,28.606629224827977,27.65062141418457,27.65062141418457,616520,0.0,0.0
2022-12-14 00:00:00-05:00,27.43000425579357,28.156200202957304,27.39323537339653,27.558696746826172,446480,0.0,0.0
2022-12-15 00:00:00-05:00,27.54031143057647,27.60465626812824,27.209385905800143,27.24615478515625,426680,0.0,0.0
2022-12-16 00:00:00-05:00,26.694621300359096,26.93362329681476,25.48123108073936,25.904077529907227,1253560,0.0,0.0
2022-12-19 00:00:00-05:00,26.014381060470537,26.16145939430776,25.481225256257225,25.701841354370117,623000,0.0,0.0
2022-12-20 00:00:00-05:00,25.665076028997337,25.98680870154064,25.40768820779093,25.46284294128418,375080,0.0,0.0
2022-12-21 00:00:00-05:00,25.46284294128418,25.83973034732073,25.46284294128418,25.46284294128418,319920,0.0,0.0
2022-12-22 00:00:00-05:00,25.242223946414203,25.46284005005059,24.80098893385547,25.426071166992188,419120,0.0,0.0
2022-12-23 00:00:00-05:00,25.26060828313343,25.821342895762747,25.26060828313343,25.775381088256836,213640,0.0,0.0
2022-12-27 00:00:00-05:00,25.793766224128248,26.16146067406511,25.646687883096295,25.97761344909668,406960,0.0,0.0
2022-12-28 00:00:00-05:00,25.940847079224525,26.124694322010562,25.62830452225922,25.646690368652344,309000,0.0,0.0
2022-12-29 00:00:00-05:00,25.701842937125967,26.35450115508621,25.591533478633565,26.29015350341797,318920,0.0,0.0
2022-12-30 00:00:00-05:00,26.27177140734894,26.602697024760566,25.894886781841226,26.235002517700195,419240,0.0,0.0
2023-01-03 00:00:00-05:00,27.043928605777722,27.33808249006943,26.1063066123738,26.58431053161621,514000,0.0,0.0
2023-01-04 00:00:00-05:00,26.731390457281393,27.567896050568773,26.6578526754637,27.209394454956055,371640,0.0,0.0
2023-01-05 00:00:00-05:00,27.15423645555024,27.246160074428396,26.65784947466544,26.804927825927734,251680,0.0,0.0
2023-01-06 00:00:00-05:00,26.93362185459009,27.44839471047912,26.82331238358302,27.393239974975586,311960,0.0,0.0
2023-01-09 00:00:00-05:00,27.338086975780293,27.577088974617624,27.126663749089513,27.209394454956055,292120,0.0,0.0
2023-01-10 00:00:00-05:00,27.19100615640889,27.613855376969894,26.988775871991926,27.59547233581543,360560,0.0,0.0
2023-01-11 00:00:00-05:00,27.871238220972124,28.3308562470087,27.632236286375946,28.27570152282715,293360,0.0,0.0
2023-01-12 00:00:00-05:00,28.496321371586788,29.103017807006836,28.238936365183697,29.103017807006836,271120,0.0,0.0
2023-01-13 00:00:00-05:00,28.919171493943487,29.19494235471481,28.73532425342927,29.06624984741211,194520,0.0,0.0
2023-01-17 00:00:00-05:00,29.231712276056594,29.45232841142239,29.0110961406908,29.176557540893555,295600,0.0,0.0
2023-01-18 00:00:00-05:00,29.37879056890052,29.764868103603995,28.97432718742178,29.121402740478516,271840,0.0,0.0
2023-01-19 00:00:00-05:00,28.955940791035687,29.04786441259453,28.340051404476917,28.569860458374023,375200,0.0,0.0
2023-01-20 00:00:00-05:00,28.68016829099036,28.82724663815523,28.220550209403974,28.790477752685547,392000,0.0,0.0
2023-01-23 00:00:00-05:00,28.864018811441905,29.52587004643032,28.698557405338036,29.268482208251953,276880,0.0,0.0
2023-01-24 00:00:00-05:00,29.268477729300308,29.50747968343204,28.606629400880927,28.64339828491211,226880,0.0,0.0
2023-01-25 00:00:00-05:00,28.625020366593837,29.084638557468132,28.55148257816867,29.01110076904297,243400,0.0,0.0
2023-01-26 00:00:00-05:00,29.047860039605034,29.139783647325306,28.84562698050609,28.955936431884766,266360,0.0,0.0
2023-01-27 00:00:00-05:00,28.937551905530047,29.581017188863942,28.808859409920466,29.305246353149414,449320,0.0,0.0
2023-01-30 00:00:00-05:00,29.23171589929898,29.41556316910589,28.88240720878053,28.91917610168457,192080,0.0,0.0
2023-01-31 00:00:00-05:00,29.02947982018334,29.865985373561433,28.91917315271948,29.856792449951172,401280,0.0,0.0
2023-02-01 00:00:00-05:00,29.6729417442342,30.24286927827975,29.433942589911325,30.15094566345215,345440,0.0,0.0
2023-02-02 00:00:00-05:00,30.334790609453794,30.867946413202567,30.31640476575795,30.684099197387695,301520,0.0,0.0
2023-02-03 00:00:00-05:00,30.518635410668278,30.573790132106136,30.04063156525439,30.24286460876465,328640,0.0,0.0
2023-02-06 00:00:00-05:00,30.022255674656698,30.298026542203537,29.507482827511993,29.820022583007812,292800,0.0,0.0
2023-02-07 00:00:00-05:00,29.6361789286064,29.893566786006254,29.215169920802698,29.562641143798828,355960,0.0,0.0
2023-02-08 00:00:00-05:00,29.43393813918454,29.737284900131897,29.41555229688472,29.525861740112305,225240,0.0,0.0
2023-02-09 00:00:00-05:00,29.63617056795758,29.75567294116546,28.854819902335294,28.955936431884766,231200,0.0,0.0
2023-02-10 00:00:00-05:00,28.919165257988972,29.454161285790725,28.919165257988972,29.415552139282227,131760,0.0,0.0
2023-02-13 00:00:00-05:00,29.544249839662463,29.854952112884202,29.51667387677314,29.801637649536133,200360,0.0,0.0
2023-02-14 00:00:00-05:00,29.67294299340034,29.893561922503032,29.433943829016123,29.54425048828125,168520,0.0,0.0
2023-02-15 00:00:00-05:00,29.415559994743564,29.72809975863043,29.342022216871268,29.672945022583008,200200,0.0,0.0
2023-02-16 00:00:00-05:00,29.43393898010254,29.562631464020978,29.323629533723448,29.43393898010254,207040,0.0,0.0
2023-02-17 00:00:00-05:00,29.562635893645332,29.58101893393917,29.103017807006836,29.103017807006836,302920,0.0,0.0
2023-02-21 00:00:00-05:00,29.011091298435943,29.06624602439308,28.093692679030358,28.25731658935547,310240,0.0,0.0
2023-02-22 00:00:00-05:00,28.238933350895383,28.422780565926512,27.972352644871552,28.055086135864258,276560,0.0,0.0
2023-02-23 00:00:00-05:00,28.25731658935547,28.505511453519645,27.999931608603347,28.25731658935547,273000,0.0,0.0
2023-02-24 00:00:00-05:00,28.091854791639506,28.18377839841497,27.742543402721225,27.88962173461914,247280,0.0,0.0
2023-02-27 00:00:00-05:00,28.165398105001742,28.18378395209415,27.448394952980337,27.63224220275879,347720,0.0,0.0
2023-02-28 00:00:00-05:00,27.687391344726933,28.211354217561045,27.61385077650201,27.760929107666016,477560,0.0,0.0
2023-03-01 00:00:00-05:00,27.669009235516427,27.85285647296172,27.430007265780304,27.705778121948242,334360,0.0,0.0
2023-03-02 00:00:00-05:00,27.577080837515897,27.687390282980253,27.411619474605093,27.669004440307617,292920,0.0,0.0
2023-03-03 00:00:00-05:00,27.77931501451669,27.926390540730914,27.558696114623668,27.8344669342041,386920,0.0,0.0
2023-03-06 00:00:00-05:00,27.98154472415661,28.41358678858533,27.896976578748724,28.147008895874023,379200,0.0,0.0
2023-03-07 00:00:00-05:00,28.128625319506273,28.31247254381677,27.466774189874073,27.65062141418457,359200,0.0,0.0
2023-03-08 00:00:00-05:00,27.659985211821084,27.865842653431695,27.192123495977025,27.416696548461914,260240,0.6625,0.0
2023-03-09 00:00:00-05:00,27.435408184408736,27.49154929769509,27.079831618523517,27.117259979248047,229080,0.0,0.0
2023-03-10 00:00:00-05:00,27.154691604624762,27.229548327201442,26.258267074304086,26.499685287475586,328520,0.0,0.0
2023-03-13 00:00:00-04:00,26.237680593368598,26.98625922858939,26.181536624606863,26.537113189697266,526880,0.0,0.0
2023-03-14 00:00:00-04:00,26.911403760993963,27.061120066132933,26.050537148145636,26.125396728515625,431600,0.0,0.0
2023-03-15 00:00:00-04:00,25.93824782282607,26.331249847050383,25.676243617742657,26.16282081604004,468520,0.0,0.0
2023-03-16 00:00:00-04:00,25.788535105112725,25.854034023732552,25.08674261960857,25.283245086669922,455320,0.0,0.0
2023-03-17 00:00:00-04:00,25.170956120346535,25.255170644052807,24.347520779839464,24.703094482421875,821280,0.0,0.0
2023-03-20 00:00:00-04:00,24.703093277132247,25.096098176054166,24.534664237937523,24.684377670288086,555040,0.0,0.0
2023-03-21 00:00:00-04:00,24.77795627873234,25.208389644929944,24.62824280840396,24.87152862548828,547360,0.0,0.0
2023-03-22 00:00:00-04:00,24.796669133087917,24.98194338707983,23.991946469346733,24.010662078857422,582880,0.0,0.0
2023-03-23 00:00:00-04:00,23.935799629100142,24.179086803276906,23.205935250969276,23.22464942932129,545000,0.0,0.0
2023-03-24 00:00:00-04:00,23.018792357971904,23.88901528145531,22.962648390856693,23.823514938354492,365760,0.0,0.0
2023-03-27 00:00:00-04:00,24.085517932421656,24.19780587421236,23.673800238524045,23.692514419555664,389680,0.0,0.0
2023-03-28 00:00:00-04:00,24.104230980927962,24.927666281258766,23.935800513932904,24.684377670288086,1091440,0.0,0.0
2023-03-29 00:00:00-04:00,24.871524333289564,25.43295831693584,24.68437967207414,25.339385986328125,752560,0.0,0.0
2023-03-30 00:00:00-04:00,25.563963824389432,25.93825317551899,25.05867091588362,25.414247512817383,378840,0.0,0.0
2023-03-31 00:00:00-04:00,25.60138946525326,25.7323901530943,25.227100153935524,25.713674545288086,440520,0.0,0.0
2023-04-03 00:00:00-04:00,25.825964044868236,25.9569647406423,25.26453004389284,25.47039031982422,370160,0.0,0.0
2023-04-04 00:00:00-04:00,25.657533065097443,25.86339047000935,24.89023884566009,25.039955139160156,436800,0.0,0.0
2023-04-05 00:00:00-04:00,24.927666459471503,25.096098355471053,24.852809742761057,24.983810424804688,322840,0.0,0.0
2023-04-06 00:00:00-04:00,25.170955624140745,26.986258172382417,24.87152303953148,26.38739585876465,3605080,0.0,0.0
2023-04-10 00:00:00-04:00,26.293823654472504,26.480968306817502,25.612617234160734,26.181535720825195,822800,0.0,0.0
2023-04-11 00:00:00-04:00,26.293823654472504,26.537112273641156,25.863390382958848,26.181535720825195,725760,0.0,0.0
2023-04-12 00:00:00-04:00,26.312536940662593,26.761682924426747,26.218964622745016,26.293821334838867,627480,0.0,0.0
2023-04-13 00:00:00-04:00,26.34996599974539,26.52775283741216,25.93824836104324,26.27510643005371,506080,0.0,0.0
2023-04-14 00:00:00-04:00,26.555826671457456,26.771044748353987,25.863391985983693,26.08796501159668,442640,0.0,0.0
2023-04-17 00:00:00-04:00,26.162827790544796,26.43418701533416,26.078613252589655,26.331256866455078,447160,0.0,0.0
2023-04-18 00:00:00-04:00,26.29382677759443,26.38739911488124,25.975681401939486,26.200254440307617,285960,0.0,0.0
2023-04-19 00:00:00-04:00,25.97568149729848,26.499687159148525,25.882109159668158,26.424827575683594,364200,0.0,0.0
2023-04-20 00:00:00-04:00,26.218964778243667,26.368678203319288,25.84467550435354,26.16282081604004,367720,0.0,0.0
2023-04-21 00:00:00-04:00,26.181537098113484,26.284467233438065,25.947606270376227,26.069252014160156,290200,0.0,0.0
2023-04-24 00:00:00-04:00,26.050529479980472,26.11603123657316,25.825956516177225,26.05052947998047,282240,0.0,0.0
2023-04-25 00:00:00-04:00,25.825963114644146,26.00374997076246,25.386172020813834,25.545246124267578,343600,0.0,0.0
2023-04-26 00:00:00-04:00,25.451673337782605,25.620102386748183,25.264528680887146,25.582674026489258,445400,0.0,0.0
2023-04-27 00:00:00-04:00,25.620102378214785,26.050535660051146,25.620102378214785,26.013107299804688,349480,0.0,0.0
2023-04-28 00:00:00-04:00,26.106683813374268,26.57454553045983,26.087968202450323,26.331256866455078,331040,0.0,0.0
2023-05-01 00:00:00-04:00,26.4809704545698,26.518398816954292,26.106681119522875,26.125396728515625,333560,0.0,0.0
2023-05-02 00:00:00-04:00,26.293824120070905,26.443540415718164,25.554603301338542,25.713674545288086,525000,0.0,0.0
2023-05-03 00:00:00-04:00,25.863390835177707,26.499684377636704,25.77917631127013,26.144107818603516,677400,0.0,0.0
2023-05-04 00:00:00-04:00,26.03182204481535,26.686828322018894,25.82596178688251,26.5932559967041,456240,0.0,0.0
2023-05-05 00:00:00-04:00,26.911401580153207,27.004973906332044,26.45476817150437,26.611968994140625,396360,0.0,0.0
2023-05-08 00:00:00-04:00,26.817829377555068,26.930114456126635,26.576411175764747,26.8365421295166,442400,0.0,0.0
2023-05-09 00:00:00-04:00,26.761682510375977,27.070470012486275,26.611966232904127,26.761682510375977,544840,0.0,0.0
2023-05-10 00:00:00-04:00,26.961895759213856,27.057234857244342,26.580539367091916,26.752151489257812,391280,0.6625,0.0
2023-05-11 00:00:00-04:00,26.523336131247564,26.82841947502557,26.37079300459949,26.771215438842773,294600,0.0,0.0
2023-05-12 00:00:00-04:00,26.809359175972126,26.904698286968443,26.46613779448163,26.618680953979492,261240,0.0,0.0
2023-05-15 00:00:00-04:00,26.694948665927964,26.923761929732215,26.618678547832715,26.733083724975586,315880,0.0,0.0
2023-05-16 00:00:00-04:00,26.69494739477185,26.885625590448793,26.29452202004293,26.31359100341797,298200,0.0,0.0
2023-05-17 00:00:00-04:00,26.40893021350526,26.742617057358217,26.12291291877416,26.675878524780273,246560,0.0,0.0
2023-05-18 00:00:00-04:00,26.694949140890188,26.694949140890188,26.09431394902758,26.180118560791016,444440,0.0,0.0
2023-05-19 00:00:00-04:00,26.332661109575866,26.561474372240756,25.83689661586986,25.932235717773438,375280,0.0,0.0
2023-05-22 00:00:00-04:00,26.08477475853264,26.141978792577977,25.751087954372547,26.027570724487305,291680,0.0,0.0
2023-05-23 00:00:00-04:00,26.027569206826538,26.87608644888178,26.027569206826538,26.370790481567383,316120,0.0,0.0
2023-05-24 00:00:00-04:00,26.313591514617798,26.370795556335867,25.646217816783288,25.68435287475586,237840,0.0,0.0
2023-05-25 00:00:00-04:00,25.703423277263834,25.703423277263834,25.169523707622666,25.207658767700195,332040,0.0,0.0
2023-05-26 00:00:00-04:00,25.27439391211133,26.084776195426173,24.96930765340905,25.989437103271484,1079880,0.0,0.0
2023-05-30 00:00:00-04:00,26.103846754138956,26.704484883645144,26.027576631115327,26.599611282348633,361600,0.0,0.0
2023-05-31 00:00:00-04:00,26.44706794698743,26.69495020940709,26.35172883909669,26.466136932373047,503040,0.0,0.0
2023-06-01 00:00:00-04:00,26.542405580727312,26.580540639861873,25.951304890345344,26.065710067749023,300560,0.0,0.0
2023-06-02 00:00:00-04:00,26.21825355089245,26.980966381463865,26.21825355089245,26.847492218017578,304120,0.0,0.0
2023-06-05 00:00:00-04:00,26.771220513911146,26.828424560938213,26.42800205078612,26.599611282348633,247320,0.0,0.0
2023-06-06 00:00:00-04:00,26.637743459732057,27.228847032480502,26.561473344966366,27.190711975097656,240120,0.0,0.0
2023-06-07 00:00:00-04:00,27.40045974801901,28.43012388608644,27.362324685761422,28.315715789794922,496480,0.0,0.0
2023-06-08 00:00:00-04:00,28.22037041023986,28.23943939189186,27.64833587489716,27.839014053344727,380440,0.0,0.0
2023-06-09 00:00:00-04:00,27.800883844598598,27.953426995844953,27.54346709502546,27.68647575378418,201800,0.0,0.0
2023-06-12 00:00:00-04:00,27.64833402584489,27.83901219154037,27.438586879772693,27.610198974609375,222520,0.0,0.0
2023-06-13 00:00:00-04:00,27.686472211316346,27.858084325580304,27.514863006570625,27.59113311767578,256200,0.0,0.0
2023-06-14 00:00:00-04:00,27.686469077080403,27.819943211163658,27.44812136996105,27.610198974609375,266360,0.0,0.0
2023-06-15 00:00:00-04:00,27.743678337270122,28.239442825317383,27.343252950038224,28.239442825317383,239240,0.0,0.0
2023-06-16 00:00:00-04:00,28.35385038448793,28.411054431690378,27.762749655445862,28.27758026123047,552360,0.0,0.0
2023-06-20 00:00:00-04:00,28.258503089650873,28.258503089650873,27.627358837543195,27.7246036529541,194800,0.0,0.0
2023-06-21 00:00:00-04:00,27.629271338157487,27.667409307597,27.28605288935042,27.419527053833008,207320,0.0,0.0
2023-06-22 00:00:00-04:00,27.457662566679133,27.47482290749884,26.656814657054717,27.019102096557617,252600,0.0,0.0
2023-06-23 00:00:00-04:00,26.961894441463528,27.000032406426445,26.389859881238547,26.485198974609375,549480,0.0,0.0
2023-06-26 00:00:00-04:00,26.542401203974055,27.724605299315,26.485197169945714,27.667404174804688,259360,0.0,0.0
2023-06-27 00:00:00-04:00,27.591129994232663,27.819943211163658,27.266977694453924,27.610198974609375,254600,0.0,0.0
2023-06-28 00:00:00-04:00,27.55299840940462,27.55299840940462,26.904693728284762,27.26698112487793,256440,0.0,0.0
2023-06-29 00:00:00-04:00,27.133507502315084,27.743677139282227,27.07630346239228,27.743677139282227,279760,0.0,0.0
2023-06-30 00:00:00-04:00,27.953426522546817,28.077366194231757,27.286052792972548,27.648340225219727,355240,0.0,0.0
2023-07-03 00:00:00-04:00,27.686473762171605,27.95342498502938,27.629269720879343,27.915287017822266,180120,0.0,0.0
2023-07-05 00:00:00-04:00,27.743676666844145,28.0964324824292,27.47672836444127,27.705541610717773,254760,0.0,0.0
2023-07-06 00:00:00-04:00,27.381391993912064,27.629271338157487,27.000035575665482,27.419527053833008,225440,0.0,0.0
2023-07-07 00:00:00-04:00,27.324182875756733,28.048760517790427,27.324182875756733,27.819944381713867,262600,0.0,0.0
2023-07-10 00:00:00-04:00,27.686476334516847,27.934358596801758,27.53393318007085,27.934358596801758,253040,0.0,0.0
2023-07-11 00:00:00-04:00,28.1250320055451,28.239440079205437,27.829480239854384,28.010623931884766,325880,0.0,0.0
2023-07-12 00:00:00-04:00,28.220371717607154,28.54452405408143,27.59113311767578,27.59113311767578,266160,0.0,0.0
2023-07-13 00:00:00-04:00,27.610205764346876,28.353849629624566,27.53393273360133,28.33478355407715,264640,0.0,0.0
2023-07-14 00:00:00-04:00,28.315715028157413,28.391985150621075,27.877154550194675,27.934358596801758,292640,0.0,0.0
2023-07-17 00:00:00-04:00,27.553002666037614,27.839019994750807,27.305120399249102,27.381393432617188,294080,0.0,0.0
2023-07-18 00:00:00-04:00,27.38138885737748,27.839015343044895,27.343250892306664,27.59113311767578,280880,0.0,0.0
2023-07-19 00:00:00-04:00,27.915286487253105,28.00109400231981,27.535838742612533,27.95342445373535,198000,0.0,0.0
2023-07-20 00:00:00-04:00,27.915287514579525,27.962957064918303,27.629270212546874,27.80088233947754,226600,0.0,0.0
2023-07-21 00:00:00-04:00,27.87715396546247,27.92482351838204,27.638806200864604,27.68647575378418,199680,0.0,0.0
2023-07-24 00:00:00-04:00,27.743679996314004,28.2966456503025,27.743679996314004,28.25851058959961,301560,0.0,0.0
2023-07-25 00:00:00-04:00,28.25850809868633,28.268042590401272,27.839016648894336,27.85808563232422,163440,0.0,0.0
2023-07-26 00:00:00-04:00,27.877157469664315,28.239447863104697,27.6483441687919,28.220378875732422,232920,0.0,0.0
2023-07-27 00:00:00-04:00,28.201304057915067,28.4072368589806,27.781812608123072,27.85808563232422,313360,0.0,0.0
2023-07-28 00:00:00-04:00,28.125031800016345,28.31570998171137,27.810413964026814,27.87714958190918,454160,0.0,0.0
2023-07-31 00:00:00-04:00,27.87715655177624,28.182242882573448,27.78181743709197,28.144107818603516,272120,0.0,0.0
2023-08-01 00:00:00-04:00,28.048764108101672,28.105965239924668,27.45766053010456,27.762746810913086,183920,0.0,0.0
2023-08-02 00:00:00-04:00,27.59113333390878,27.800880505369115,27.48625974817861,27.572067260742188,241360,0.0,0.0
2023-08-03 00:00:00-04:00,27.362322727611588,27.53393195024912,26.94283125376097,27.51486587524414,313720,0.0,0.0
2023-08-04 00:00:00-04:00,27.495796672951265,27.705543862974626,27.40045757012583,27.533931732177734,302120,0.0,0.0
2023-08-07 00:00:00-04:00,27.610206848856375,28.144106446971914,27.553002800929935,28.105968475341797,236480,0.0,0.0
2023-08-08 00:00:00-04:00,28.20130072766124,28.601726056256037,27.68647024055224,28.56359100341797,441320,0.0,0.0
2023-08-09 00:00:00-04:00,28.277581756118455,29.002159603443776,28.258512769536658,28.601734161376953,398640,0.0,0.0
2023-08-10 00:00:00-04:00,28.716134124288274,28.964013422494734,28.42058237313669,28.56359100341797,246920,0.0,0.0
2023-08-11 00:00:00-04:00,28.563590792147398,28.6303264067409,28.29473387092286,28.430116653442383,325280,0.0,0.0
2023-08-14 00:00:00-04:00,28.33478448691802,28.390079890200187,27.86762052308756,27.97249412536621,249480,0.0,0.0
2023-08-15 00:00:00-04:00,27.68647841920046,27.829487091726822,27.581604810777346,27.629274368286133,325120,0.0,0.0
2023-08-16 00:00:00-04:00,26.784364790633685,27.075710323368874,26.123982768588597,26.221097946166992,688360,0.6625,0.0
2023-08-17 00:00:00-04:00,26.201674542553484,26.357059424270325,25.988022923447925,26.06571388244629,580280,0.0,0.0
2023-08-18 00:00:00-04:00,25.96860313886506,26.39590941380635,25.852066680455952,26.25994873046875,243680,0.0,0.0
2023-08-21 00:00:00-04:00,26.182257748591187,26.182257748591187,25.638412051719676,25.677257537841797,332000,0.0,0.0
2023-08-22 00:00:00-04:00,25.81321651122586,26.02687111632566,25.521870939028187,25.618986129760742,237040,0.0,0.0
2023-08-23 00:00:00-04:00,25.618980928550958,26.061825871286644,25.502444501563566,25.949174880981445,320080,0.0,0.0
2023-08-24 00:00:00-04:00,25.96860057961467,26.162830954875393,25.735524722045866,25.85206413269043,284040,0.0,0.0
2023-08-25 00:00:00-04:00,25.94917932032079,26.201676437183473,25.784082315861045,25.85206413269043,198240,0.0,0.0
2023-08-28 00:00:00-04:00,25.852063917066058,26.20167621864309,25.832639694213867,25.832639694213867,241680,0.0,0.0
2023-08-29 00:00:00-04:00,25.910331749653714,26.240525769728567,25.754949815171933,26.201677322387695,254400,0.0,0.0
2023-08-30 00:00:00-04:00,26.279371253349012,26.43475615155122,26.123986355146805,26.201677322387695,161960,0.0,0.0
2023-08-31 00:00:00-04:00,26.201679014651834,26.240527464501774,25.91033342310098,25.968603134155273,271520,0.0,0.0
2023-09-01 00:00:00-04:00,26.065715344356768,26.240524457487524,25.852063713268436,25.89090919494629,169440,0.0,0.0
2023-09-05 00:00:00-04:00,25.696677271731307,25.75106153554161,25.191677149241247,25.483022689819336,301320,0.0,0.0
2023-09-06 00:00:00-04:00,25.5024465126099,25.63840717000988,25.172255497861357,25.59956169128418,227880,0.0,0.0
2023-09-07 00:00:00-04:00,25.4053363775539,25.541297061945606,25.113990783691406,25.113990783691406,309520,0.0,0.0
2023-09-08 00:00:00-04:00,25.113990994965814,25.211106193736974,24.89062425955975,25.055721282958984,195000,0.0,0.0
2023-09-11 00:00:00-04:00,25.133412041239236,25.133412041239236,24.725529988125967,24.783798217773438,218480,0.0,0.0
2023-09-12 00:00:00-04:00,24.764375686645508,24.80322117340984,24.54101043309978,24.764375686645508,218360,0.0,0.0
2023-09-13 00:00:00-04:00,24.80321705388614,24.91975645854397,24.142834997412248,24.23995018005371,275280,0.0,0.0
2023-09-14 00:00:00-04:00,24.434183148833817,25.036295567134736,24.434183148833817,24.939180374145508,260360,0.0,0.0
2023-09-15 00:00:00-04:00,24.803219924341047,25.288795893743654,24.725528954724837,25.249950408935547,827000,0.0,0.0
2023-09-18 00:00:00-04:00,25.094560700167126,25.094560700167126,24.531293869018555,24.531293869018555,289200,0.0,0.0
2023-09-19 00:00:00-04:00,24.5118743135405,24.93918057336237,24.5118743135405,24.667259216308594,183720,0.0,0.0
2023-09-20 00:00:00-04:00,24.783798217773438,25.35289333697298,24.74495273134179,24.783798217773438,312520,0.0,0.0
2023-09-21 00:00:00-04:00,24.686683009401964,24.842067918783535,23.598993089311914,23.61841583251953,501240,0.0,0.0
2023-09-22 00:00:00-04:00,23.63783900359663,23.839838796704953,23.249378204971475,23.288225173950195,374000,0.0,0.0
2023-09-25 00:00:00-04:00,23.132837686288703,23.24937561652957,22.767685109704615,22.80264663696289,650120,0.0,0.0
2023-09-26 00:00:00-04:00,22.647262993120933,22.88034034833822,22.491879571503002,22.569570541381836,512160,0.0,0.0
2023-09-27 00:00:00-04:00,22.64726276780509,23.05514628305201,22.25880199483464,22.33649444580078,377320,0.0,0.0
2023-09-28 00:00:00-04:00,22.453028819009543,22.967739557905432,22.355913641174848,22.608413696289062,445600,0.0,0.0
2023-09-29 00:00:00-04:00,22.95803020584592,23.07456961873808,22.08399350031584,22.200532913208008,602000,0.0,0.0
2023-10-02 00:00:00-04:00,22.14226489041901,22.278225573317812,21.695534391990996,21.8897647857666,477080,0.0,0.0
2023-10-03 00:00:00-04:00,21.73437766989861,21.782935260098625,21.0739941468064,21.287647247314453,335560,0.0,0.0
2023-10-04 00:00:00-04:00,21.404186501432555,21.714956283569336,21.209956128527143,21.714956283569336,237000,0.0,0.0
2023-10-05 00:00:00-04:00,21.69552932651907,22.151971830809792,21.617838372636353,21.792644500732422,414760,0.0,0.0
2023-10-06 00:00:00-04:00,21.598416250019174,21.928608763529997,21.0934175914345,21.773223876953125,373880,0.0,0.0
2023-10-09 00:00:00-04:00,21.656688500871223,22.336494866369424,21.656688500871223,22.25880241394043,362000,0.0,0.0
2023-10-10 00:00:00-04:00,22.297651936096024,22.414189887163054,22.045151807233747,22.16168975830078,263080,0.0,0.0
2023-10-11 00:00:00-04:00,22.355918460748704,22.51130337152669,22.1908229192098,22.433610916137695,218400,0.0,0.0
2023-10-12 00:00:00-04:00,22.3170673306005,22.3170673306005,21.63726111110703,21.792644500732422,371760,0.0,0.0
2023-10-13 00:00:00-04:00,21.695533317847943,21.90918792591134,21.229381581353845,21.520727157592773,389000,0.0,0.0
2023-10-16 00:00:00-04:00,21.69553418426421,22.045149482456985,21.501303792348292,21.948034286499023,486160,0.0,0.0
2023-10-17 00:00:00-04:00,21.753803684950388,22.256859683871934,21.753803684950388,21.967456817626953,569280,0.0,0.0
2023-10-18 00:00:00-04:00,21.83149327889826,21.967453941383486,21.229379444969286,21.248802185058594,433000,0.0,0.0
2023-10-19 00:00:00-04:00,21.22938607171954,21.462461989265993,20.7826555009182,20.802078247070312,425480,0.0,0.0
2023-10-20 00:00:00-04:00,20.840919455577783,20.976880122889497,20.5301496756765,20.54957389831543,503080,0.0,0.0
2023-10-23 00:00:00-04:00,20.530152641351794,20.69524966647093,20.33592224178608,20.37476921081543,406160,0.0,0.0
2023-10-24 00:00:00-04:00,20.43303366689387,20.704956472424566,20.384476075972678,20.66611099243164,355880,0.0,0.0
2023-10-25 00:00:00-04:00,20.355342815761936,20.56899592058572,20.063997268676758,20.063997268676758,388400,0.0,0.0
2023-10-26 00:00:00-04:00,20.23880452147421,20.57870767838287,20.16111355681179,20.433034896850586,275720,0.0,0.0
2023-10-27 00:00:00-04:00,20.5495751518785,20.68553582748407,20.238805353019668,20.316497802734375,559080,0.0,0.0
2023-10-30 00:00:00-04:00,20.49130715418279,20.714672410055428,19.947461442654653,20.37476921081543,371520,0.0,0.0
2023-10-31 00:00:00-04:00,20.56899793572673,21.151689086983236,20.433035777984077,20.899188995361328,602800,0.0,0.0
2023-11-01 00:00:00-04:00,20.89919345969143,21.054578392629427,20.219386971343635,20.802078247070312,537520,0.0,0.0
2023-11-02 00:00:00-04:00,21.1905330198159,22.064569682720073,21.1905330198159,22.045146942138672,496560,0.0,0.0
2023-11-03 00:00:00-04:00,22.530721919107847,23.132835742987854,22.530721919107847,22.763797760009766,418560,0.0,0.0
2023-11-06 00:00:00-05:00,22.724955461226013,23.016301044062242,22.489936868894684,22.899763107299805,407200,0.0,0.0
2023-11-07 00:00:00-05:00,22.82206679115339,22.88033649059821,22.453028819009543,22.608413696289062,397040,0.0,0.0
2023-11-08 00:00:00-05:00,22.499097869310738,22.499097869310738,21.863081557818116,22.101587295532227,361320,0.6625,0.0
2023-11-09 00:00:00-05:00,22.181092140855007,22.26059456758721,21.266818024391352,21.366195678710938,499760,0.0,0.0
2023-11-10 00:00:00-05:00,21.545077233705555,21.82333498811311,21.30656993719218,21.70408058166504,247040,0.0,0.0
2023-11-13 00:00:00-05:00,21.445697095529084,21.74383004444826,21.107812176924465,21.66432762145996,249160,0.0,0.0
2023-11-14 00:00:00-05:00,22.57860083943432,23.413373974610543,22.57860083943432,23.214618682861328,402320,0.0,0.0
2023-11-15 00:00:00-05:00,23.254375710836083,23.632011175228815,23.14505966290717,23.373628616333008,324640,0.0,0.0
2023-11-16 00:00:00-05:00,23.254370125234583,23.304058950288503,22.717731421205286,22.77735710144043,300200,0.0,0.0
2023-11-17 00:00:00-05:00,22.995987873126566,23.11524226763117,22.747543745213,23.095365524291992,304160,0.0,0.0
2023-11-20 00:00:00-05:00,23.09536737764234,23.313999440857092,22.757483943118565,23.29412269592285,352520,0.0,0.0
2023-11-21 00:00:00-05:00,23.154996418923833,23.154996418923833,22.459352749685777,22.717735290527344,236440,0.0,0.0
2023-11-22 00:00:00-05:00,22.995989227776274,23.254371742580247,22.72766985709997,22.856861114501953,221720,0.0,0.0
2023-11-24 00:00:00-05:00,22.777357989589575,23.075490951538086,22.67798033560674,23.075490951538086,150400,0.0,0.0
2023-11-27 00:00:00-05:00,22.896613743981774,23.09536907688572,22.618357491022525,22.976116180419922,261280,0.0,0.0
2023-11-28 00:00:00-05:00,22.976113629275815,23.25437136772167,22.57860300760536,23.13511848449707,313240,0.0,0.0
2023-11-29 00:00:00-05:00,23.453124426407374,23.791007815828024,23.105302665846246,23.214618682861328,278040,0.0,0.0
2023-11-30 00:00:00-05:00,23.254373880904886,23.3954899848829,23.035743318634488,23.17487144470215,390320,0.0,0.0
2023-12-01 00:00:00-05:00,23.17487105648007,24.407155006022382,22.994004495621965,24.367403030395508,370880,0.0,0.0
2023-12-04 00:00:00-05:00,24.26802249603203,24.60590742518041,24.20839681421712,24.466777801513672,285600,0.0,0.0
2023-12-05 00:00:00-05:00,24.407153368462094,24.566156711153045,24.307775710636733,24.48665428161621,326640,0.0,0.0
2023-12-06 00:00:00-05:00,24.62578102102677,24.95372755662199,24.46677618062226,24.586029052734375,299840,0.0,0.0
2023-12-07 00:00:00-05:00,24.625783130218316,25.39099076789195,24.377338993546186,25.241924285888672,758280,0.0,0.0
2023-12-08 00:00:00-05:00,25.08292040575237,25.1624228358508,24.804664174981944,25.142547607421875,298960,0.0,0.0
2023-12-11 00:00:00-05:00,25.04316554867548,25.281671280681305,24.844410266543132,25.102792739868164,348000,0.0,0.0
2023-12-12 00:00:00-05:00,25.082920133492117,25.172360935025548,24.864289590381578,25.02329444885254,316040,0.0,0.0
2023-12-13 00:00:00-05:00,25.142547508138975,26.593461923462137,24.963667420219544,26.513957977294922,462520,0.0,0.0
2023-12-14 00:00:00-05:00,27.38848194347781,28.54126333199142,26.93134413028522,28.084125518798828,867440,0.0,0.0
2023-12-15 00:00:00-05:00,28.183503528578353,28.24511718935725,27.597175971379837,27.666738510131836,1155240,0.0,0.0
2023-12-18 00:00:00-05:00,27.726364925610348,27.726364925610348,27.020782989409145,27.249353408813477,401760,0.0,0.0
2023-12-19 00:00:00-05:00,27.428233822474084,27.507734736389562,27.159912930669783,27.169851303100586,329400,0.0,0.0
2023-12-20 00:00:00-05:00,27.050596837628788,27.686613174488496,26.91146570504516,27.090347290039062,457960,0.0,0.0
2023-12-21 00:00:00-05:00,27.408354316831883,27.418292688261616,26.6431482409851,26.95121955871582,458040,0.0,0.0
2023-12-22 00:00:00-05:00,27.07047254371646,27.289104597243274,26.523895442664763,26.692838668823242,447360,0.0,0.0
2023-12-26 00:00:00-05:00,26.81208865104487,27.269226445793215,26.74252611597861,27.130098342895508,350240,0.0,0.0
2023-12-27 00:00:00-05:00,27.130098342895508,27.269226445793215,26.911466300652545,27.130098342895508,261320,0.0,0.0
2023-12-28 00:00:00-05:00,26.93134370910539,27.281151952572078,26.93134370910539,27.249353408813477,222720,0.0,0.0
2023-12-29 00:00:00-05:00,27.090352095727,27.215565891393375,26.682903062520847,26.71271514892578,356720,0.0,0.0
2024-01-02 00:00:00-05:00,26.772338529228424,27.428231631312862,26.672960878390334,27.189725875854492,507440,0.0,0.0
2024-01-03 00:00:00-05:00,26.851841868535878,27.11022132871945,26.504020098387823,26.67296028137207,381840,0.0,0.0
2024-01-04 00:00:00-05:00,26.712712335220864,27.149976441539675,26.583522597386427,26.89159393310547,277120,0.0,0.0
2024-01-05 00:00:00-05:00,26.593460417908464,27.08041030864854,26.513956476242257,26.653087615966797,269400,0.0,0.0
2024-01-08 00:00:00-05:00,26.67295995781841,27.28910258485554,26.61333276282044,27.090347290039062,455520,0.0,0.0
2024-01-09 00:00:00-05:00,26.792219035114158,27.010848078002372,26.62526528612338,26.911470413208008,240040,0.0,0.0
2024-01-10 00:00:00-05:00,26.891597086717272,27.219542172149584,26.891597086717272,27.050601959228516,329840,0.0,0.0
2024-01-11 00:00:00-05:00,26.87171303457839,27.010841122912932,26.57358011696229,26.83196258544922,371080,0.0,0.0
2024-01-12 00:00:00-05:00,27.18972489187271,27.30897624890364,26.77233756035167,26.812088012695312,277040,0.0,0.0
2024-01-16 00:00:00-05:00,26.653089124896187,26.772340494998843,26.414580319159985,26.513957977294922,274720,0.0,0.0
2024-01-17 00:00:00-05:00,26.13632137742352,26.19594857267029,25.530117119150784,25.81831169128418,544680,0.0,0.0
2024-01-18 00:00:00-05:00,25.93756882162655,25.93756882162655,25.20217475660862,25.3413028717041,323520,0.0,0.0
2024-01-19 00:00:00-05:00,25.480428295239335,25.84812680529013,25.26179777330546,25.81831169128418,389440,0.0,0.0
2024-01-22 00:00:00-05:00,26.03694697623617,26.21582555151632,25.639436335377603,25.778564453125,500800,0.0,0.0
2024-01-23 00:00:00-05:00,26.036947429180145,26.13632509112358,25.361179024688226,25.44068145751953,367920,0.0,0.0
2024-01-24 00:00:00-05:00,25.758690913037963,25.81831508335316,25.082920999398954,25.18229866027832,293560,0.0,0.0
2024-01-25 00:00:00-05:00,25.55993646144543,25.659314125708026,25.23198834971949,25.480432510375977,357240,0.0,0.0
2024-01-26 00:00:00-05:00,25.599686985648397,25.669249531149596,25.19223795458327,25.28167724609375,311200,0.0,0.0
2024-01-29 00:00:00-05:00,25.24192456083297,25.520180783830494,25.162422132955385,25.361177444458008,306240,0.0,0.0
2024-01-30 00:00:00-05:00,25.30155219298537,25.30155219298537,24.82453913395519,25.02329444885254,363360,0.0,0.0
2024-01-31 00:00:00-05:00,25.043170505407613,25.102797708402164,24.30777642251621,24.407154083251953,460720,0.0,0.0
2024-02-01 00:00:00-05:00,24.446903825039154,24.595970311777197,23.910265079335282,24.48665428161621,479160,0.0,0.0
2024-02-02 00:00:00-05:00,24.04939204560954,24.32764977751296,23.86057511130864,24.06926727294922,422640,0.0,0.0
2024-02-05 00:00:00-05:00,23.810888680308228,23.860577511847783,23.45312848667031,23.532630920410156,357720,0.0,0.0
2024-02-06 00:00:00-05:00,23.45312625265648,23.979828120081653,23.45312625265648,23.47300148010254,506440,0.0,0.0
2024-02-07 00:00:00-05:00,23.45312469150637,23.572377564627352,23.164930121765458,23.19474220275879,423160,0.0,0.0
2024-02-08 00:00:00-05:00,23.154993609004475,23.492877029363918,23.07747915943516,23.39349937438965,595600,0.0,0.0
2024-02-09 00:00:00-05:00,23.2543738098822,23.622070870266164,23.11524568423946,23.51275634765625,600680,0.0,0.0
2024-02-12 00:00:00-05:00,23.632007166821655,24.029517795308536,23.51275428155213,23.969890594482422,380160,0.0,0.0
2024-02-13 00:00:00-05:00,23.154995415717586,23.25437307844599,22.6779823313447,22.81711196899414,465760,0.0,0.0
2024-02-14 00:00:00-05:00,22.99599180834142,23.055619015797493,22.697858803826797,22.83698844909668,358080,0.0,0.0
2024-02-15 00:00:00-05:00,23.075490222590158,23.512752796131238,23.055614995697976,23.492876052856445,400600,0.0,0.0
2024-02-16 00:00:00-05:00,23.015863391112113,23.413373974610543,22.817108099362898,23.214618682861328,326440,0.0,0.0
2024-02-20 00:00:00-05:00,23.05561410351474,23.333871818385393,22.84692043826611,23.19474220275879,307000,0.0,0.0
2024-02-21 00:00:00-05:00,23.19474667465712,23.333876317107627,23.05561854858946,23.17487144470215,262920,0.0,0.0
2024-02-22 00:00:00-05:00,23.21462381880468,23.234499049100236,22.995991736404914,23.035743713378906,419400,0.0,0.0
2024-02-23 00:00:00-05:00,23.035743318634488,23.21462342099494,22.9164904225218,23.17487144470215,305200,0.0,0.0
2024-02-26 00:00:00-05:00,23.075492037811927,23.16493284043648,22.558728516051175,22.578603744506836,541200,0.0,0.0
2024-02-27 00:00:00-05:00,22.677981833875936,23.473003118263403,22.399724081063773,23.353750228881836,767160,0.0,0.0
2024-02-28 00:00:00-05:00,23.433250372179895,23.820822603916604,23.13511741964932,23.492876052856445,527520,0.0,0.0
2024-02-29 00:00:00-05:00,23.910264733282236,24.009642389669306,23.453126907348633,23.453126907348633,589560,0.0,0.0
2024-03-01 00:00:00-05:00,23.512753739988174,23.751259505033772,23.214620775489845,23.73138427734375,377560,0.0,0.0
2024-03-04 00:00:00-05:00,23.771137895129055,23.87051556318259,23.473004890968447,23.751262664794922,734840,0.0,0.0
2024-03-05 00:00:00-05:00,23.578484226571597,23.80003992881276,23.45652685969202,23.59881019592285,410880,0.6625,0.0
2024-03-06 00:00:00-05:00,23.781749325103377,23.8427287898356,23.436203160346654,23.659791946411133,549760,0.0,0.0
2024-03-07 00:00:00-05:00,23.781748294830322,23.852889966754447,23.547995757846365,23.5784854888916,329520,0.0,0.0
2024-03-08 00:00:00-05:00,23.842726808903844,24.11306515146652,23.680115950309627,23.985010147094727,320800,0.0,0.0
2024-03-11 00:00:00-04:00,23.944362909638564,24.06632030214621,23.802077992735995,23.903709411621094,242120,0.0,0.0
2024-03-12 00:00:00-04:00,23.88337945733459,23.964684889045902,23.57848525149628,23.680116653442383,246200,0.0,0.0
2024-03-13 00:00:00-04:00,23.659791946411133,23.89354449352172,23.59881248167891,23.659791946411133,266840,0.0,0.0
2024-03-14 00:00:00-04:00,23.578488000691625,23.596780910804213,22.82641615890952,23.050004959106445,347360,0.0,0.0
2024-03-15 00:00:00-04:00,22.887393848695417,23.253267555025026,22.85283954053437,23.212614059448242,585760,0.0,0.0
2024-03-18 00:00:00-04:00,23.293919984906452,23.41587737263189,22.928047821730146,22.948373794555664,272520,0.0,0.0
2024-03-19 00:00:00-04:00,22.765433056861568,23.090653218948034,22.23695009962455,22.460538864135742,617760,0.0,0.0
2024-03-20 00:00:00-04:00,22.35891103513861,23.182126107195817,22.23695364873777,23.050004959106445,383280,0.0,0.0
2024-03-21 00:00:00-04:00,23.212613547536314,23.415876368620772,23.131309659720333,23.35489845275879,265560,0.0,0.0
2024-03-22 00:00:00-04:00,23.415878026676673,23.50734723310488,22.938210673459476,22.968700408935547,329960,0.0,0.0
2024-03-25 00:00:00-04:00,23.070328402792278,23.375222610758694,23.019512701464542,23.090654373168945,252720,0.0,0.0
2024-03-26 00:00:00-04:00,23.33457008144519,23.33457008144519,22.724781680892846,22.745107650756836,442360,0.0,0.0
2024-03-27 00:00:00-04:00,23.029676841268184,23.214645190745504,22.9686973783619,23.151634216308594,408640,0.0,0.0
2024-03-28 00:00:00-04:00,23.273592394918676,23.568322857340203,23.212612929906946,23.395549774169922,418760,0.0,0.0
2024-04-01 00:00:00-04:00,23.4768539882743,23.4768539882743,22.989022945895993,23.02967643737793,263440,0.0,0.0
2024-04-02 00:00:00-04:00,22.785761522309215,22.978862129318852,22.521520790130243,22.806087493896484,472080,0.0,0.0
2024-04-03 00:00:00-04:00,22.62315359405424,23.050005226800632,22.582500097600292,23.00935173034668,283880,0.0,0.0
2024-04-04 00:00:00-04:00,23.293919731908126,23.375225173099455,22.88739407672379,23.050004959106445,410880,0.0,0.0
2024-04-05 00:00:00-04:00,22.86706557299445,23.253265212826115,22.795923901366226,23.02967643737793,240880,0.0,0.0
2024-04-08 00:00:00-04:00,23.192287967211488,23.476856231689453,23.171961994914266,23.476856231689453,281560,0.0,0.0
2024-04-09 00:00:00-04:00,23.49718051957492,24.188274383544922,23.436202607054497,24.188274383544922,380240,0.0,0.0
2024-04-10 00:00:00-04:00,23.395551417411443,23.395551417411443,22.917884077176854,23.00935173034668,542640,0.0,0.0
2024-04-11 00:00:00-04:00,23.11098136608831,23.34473391269268,22.877230370256147,23.171960830688477,377440,0.0,0.0
2024-04-12 00:00:00-04:00,23.11098289489746,23.151636390910898,22.96869953578119,23.11098289489746,257840,0.0,0.0
2024-04-15 00:00:00-04:00,23.192287921058394,23.196354045973116,22.74511032832026,22.92804718017578,302600,0.0,0.0
2024-04-16 00:00:00-04:00,22.74510853397117,22.86706590866294,22.582497667200705,22.663803100585938,384480,0.0,0.0
2024-04-17 00:00:00-04:00,22.745110841434606,23.070331057196572,22.745110841434606,22.785762786865234,231040,0.0,0.0
2024-04-18 00:00:00-04:00,22.9280473442722,23.23294158262278,22.80608840831414,23.212614059448242,461440,0.0,0.0
2024-04-19 00:00:00-04:00,23.131309176651705,23.598812724919377,23.131309176651705,23.55816078186035,448160,0.0,0.0
2024-04-22 00:00:00-04:00,23.639469286119052,23.96468952510727,23.558163838678894,23.924036026000977,294000,0.0,0.0
2024-04-23 00:00:00-04:00,23.8833835687519,24.36105092997246,23.822404096778047,24.12729835510254,317640,0.0,0.0
2024-04-24 00:00:00-04:00,23.90370954248572,24.14762587960875,23.720772677336548,24.12729835510254,299240,0.0,0.0
2024-04-25 00:00:00-04:00,23.94435997508602,23.98501191734892,23.78174910449003,23.82240104675293,309560,0.0,0.0
2024-04-26 00:00:00-04:00,23.96468977095862,24.17811482805957,23.54800031778579,23.76142692565918,468320,0.0,0.0
2024-04-29 00:00:00-04:00,23.883377922505474,24.147620170893067,23.720767069532794,23.7410945892334,445000,0.0,0.0
2024-04-30 00:00:00-04:00,23.903710297059813,23.934200034009216,23.17196436413631,23.76142692565918,582200,0.0,0.0
2024-05-01 00:00:00-04:00,23.6394671116118,23.873218119188287,23.293919379469884,23.476856231689453,386840,0.0,0.0
2024-05-02 00:00:00-04:00,23.8427298631844,24.34072316141807,23.558161599577037,24.289907455444336,339240,0.0,0.0
2024-05-03 00:00:00-04:00,24.57447272276542,24.88546455728287,24.04598975522928,24.147621154785156,331200,0.0,0.0
2024-05-06 00:00:00-04:00,24.391536617885087,24.696430825608648,24.289905215310565,24.655778884887695,273560,0.0,0.0
2024-05-07 00:00:00-04:00,24.798063224589157,24.94034657360169,24.289906191298392,24.310232162475586,396880,0.0,0.0
2024-05-08 00:00:00-04:00,24.258265481201946,24.528495301087034,24.164725243655656,24.362199783325195,297360,0.6625,0.0
2024-05-09 00:00:00-04:00,24.507709882650673,24.89850230564173,24.403775575757255,24.861085891723633,193040,0.0,0.0
2024-05-10 00:00:00-04:00,24.881872435919984,24.985806742813406,24.549282971043375,24.861085891723633,299040,0.0,0.0
2024-05-13 00:00:00-04:00,25.11052703857422,25.152100123421874,24.91305092076903,25.11052703857422,225680,0.0,0.0
2024-05-14 00:00:00-04:00,25.2768209438977,25.46390299738734,25.193673188356577,25.318395614624023,206960,0.0,0.0
2024-05-15 00:00:00-04:00,25.56783749012994,25.73413300247914,25.256034593908844,25.27682113647461,266360,0.0,0.0
2024-05-16 00:00:00-04:00,25.359968634849896,25.40154171955881,25.256034337166085,25.297607421875,243320,0.0,0.0
2024-05-17 00:00:00-04:00,25.359968634849896,25.4742969966667,25.235247794811627,25.297607421875,363240,0.0,0.0
2024-05-20 00:00:00-04:00,25.21446127187102,25.339182112005318,25.02737921871381,25.089738845825195,205400,0.0,0.0
2024-05-21 00:00:00-04:00,25.02737712754639,25.359966535418785,25.02737712754639,25.131311416625977,273200,0.0,0.0
2024-05-22 00:00:00-04:00,25.152099902588866,25.245640135630584,24.62203435292177,24.715576171875,289240,0.0,0.0
2024-05-23 00:00:00-04:00,24.736363934209667,24.757150477476262,24.112758120742196,24.15433120727539,240720,0.0,0.0
2024-05-24 00:00:00-04:00,24.320625754849175,24.424560052946823,24.18551085013993,24.258264541625977,177800,0.0,0.0
2024-05-28 00:00:00-04:00,24.52849852787663,24.632432843672714,23.956859790998145,24.029613494873047,301120,0.0,0.0
2024-05-29 00:00:00-04:00,23.800954389965565,23.904888688611702,23.59308579267329,23.655447006225586,385520,0.0,0.0
2024-05-30 00:00:00-04:00,23.884100207052498,24.351804512989904,23.884100207052498,24.279050827026367,262840,0.0,0.0
2024-05-31 00:00:00-04:00,24.32062836182274,24.75715214344235,24.279055272492,24.611644744873047,375920,0.0,0.0
2024-06-03 00:00:00-04:00,24.777937193435886,24.831983475034995,24.57006858749796,24.757150650024414,216000,0.0,0.0
2024-06-04 00:00:00-04:00,24.73636335208092,25.359969150872878,24.59085596672742,25.25603485107422,387920,0.0,0.0
2024-06-05 00:00:00-04:00,25.359969150872878,25.48468999344896,25.07934685859881,25.25603485107422,269000,0.0,0.0
2024-06-06 00:00:00-04:00,25.02737945386235,25.380755435214972,24.99411971702789,25.27682113647461,225800,0.0,0.0
2024-06-07 00:00:00-04:00,24.88186932196225,24.954624596411676,24.61164110940533,24.777935028076172,260960,0.0,0.0
2024-06-10 00:00:00-04:00,24.528494138081946,24.798723945154237,24.44534638314343,24.507707595825195,242720,0.0,0.0
2024-06-11 00:00:00-04:00,24.362198373089964,24.777935557517516,24.362198373089964,24.528493881225586,443200,0.0,0.0
2024-06-12 00:00:00-04:00,25.33918433779803,25.806888718818417,24.777938129026566,24.861085891723633,418600,0.0,0.0
2024-06-13 00:00:00-04:00,25.00659267634335,25.25603435661194,24.95462552746143,25.089738845825195,261720,0.0,0.0
2024-06-14 00:00:00-04:00,24.84029714643084,25.339182092495438,24.798724061721924,25.297607421875,216200,0.0,0.0
2024-06-17 00:00:00-04:00,25.172887325399007,25.526264899509023,25.06895302464516,25.443117141723633,290080,0.0,0.0
2024-06-18 00:00:00-04:00,25.44311756511155,25.63019962676394,25.328789198015205,25.588624954223633,206680,0.0,0.0
2024-06-20 00:00:00-04:00,25.31839511719001,25.463902497094526,25.089738397466498,25.152099609375,297520,0.0,0.0
2024-06-21 00:00:00-04:00,25.21446125245717,25.54705068786306,25.131313497127817,25.297607421875,931080,0.0,0.0
2024-06-24 00:00:00-04:00,25.380755413871448,25.806886672713215,25.297607657766772,25.484689712524414,237680,0.0,0.0
2024-06-25 00:00:00-04:00,25.401541784253617,25.526264210521063,25.20406725251604,25.318395614624023,218160,0.0,0.0
2024-06-26 00:00:00-04:00,25.110525823903817,25.276819741161837,25.037770550072512,25.235246658325195,208120,0.0,0.0
2024-06-27 00:00:00-04:00,25.318396719313824,25.63019962676394,25.110528114347083,25.588624954223633,244480,0.0,0.0
2024-06-28 00:00:00-04:00,25.754919244532584,25.79649232917903,25.422329809626426,25.71334457397461,528720,0.0,0.0
2024-07-01 00:00:00-04:00,25.796489711398902,25.817276251612746,25.17288398951539,25.380752563476562,219840,0.0,0.0
2024-07-02 00:00:00-04:00,25.401542892571243,25.650986170078294,25.380756349256888,25.588624954223633,178480,0.0,0.0
2024-07-03 00:00:00-04:00,25.734135389007616,25.848462176677515,25.56783986123652,25.65098762512207,105240,0.0,0.0
2024-07-05 00:00:00-04:00,25.630198404681714,25.754919244532584,25.4846894365961,25.71334457397461,194640,0.0,0.0
2024-07-08 00:00:00-04:00,25.858848862166738,26.357733717194346,25.806881722807848,26.253799438476562,340320,0.0,0.0
2024-07-09 00:00:00-04:00,26.191442489624023,26.25380370134487,25.848458996982366,26.191442489624023,258440,0.0,0.0
2024-07-10 00:00:00-04:00,26.233016749815448,26.524033107709744,26.139476513951223,26.482460021972656,222120,0.0,0.0
2024-07-11 00:00:00-04:00,27.02291671475109,27.459442022718566,26.991737694963255,27.209997177124023,392000,0.0,0.0
2024-07-12 00:00:00-04:00,27.438655853271484,27.60287065557901,27.241181312934547,27.438655853271484,282680,0.0,0.0
2024-07-15 00:00:00-04:00,27.604947468397555,28.09343671786398,27.501013180618816,28.04146957397461,362720,0.0,0.0
2024-07-16 00:00:00-04:00,28.374064914740686,28.914524562798373,28.29091874049638,28.64429473876953,411240,0.0,0.0
2024-07-17 00:00:00-04:00,28.561141961362605,29.06002846236185,28.561141961362605,28.769010543823242,287200,0.0,0.0
2024-07-18 00:00:00-04:00,28.498785874852985,28.99766923817844,27.895965041359734,28.14540672302246,300480,0.0,0.0
2024-07-19 00:00:00-04:00,28.186983584781604,28.22855667064714,27.823213532767653,27.9167537689209,239520,0.0,0.0
2024-07-22 00:00:00-04:00,28.08305151539628,28.374066311399226,27.95832907606737,28.249343872070312,237360,0.0,0.0
2024-07-23 00:00:00-04:00,28.145404364634192,28.831371310594758,28.08304632831098,28.623502731323242,362760,0.0,0.0
2024-07-24 00:00:00-04:00,28.623501839507163,29.12238831730879,28.31169898031466,28.332487106323242,278080,0.0,0.0
2024-07-25 00:00:00-04:00,28.29091636392621,28.83137279475978,28.270128236199817,28.477996826171875,299680,0.0,0.0
2024-07-26 00:00:00-04:00,28.87294679330612,29.060030433302998,28.623505111800018,28.997669219970703,215800,0.0,0.0
2024-07-29 00:00:00-04:00,29.10160261932732,29.143175702990337,28.831372817783258,29.122390747070312,294320,0.0,0.0
2024-07-30 00:00:00-04:00,29.205536835582542,29.330259258057986,28.93530703476772,29.309471130371094,355120,0.0,0.0
2024-07-31 00:00:00-04:00,29.205540258884575,29.57970439834527,28.66508059390542,28.956098556518555,660000,0.0,0.0
2024-08-01 00:00:00-04:00,29.093834505818798,29.46465904517434,28.362781060613116,28.64884376525879,434800,0.6625,0.0
2024-08-02 00:00:00-04:00,28.076712563223452,28.945502698135677,27.843621580686097,28.627653121948242,515520,0.0,0.0
2024-08-05 00:00:00-04:00,27.546962213187335,28.691219350248083,27.292683208655276,27.991952896118164,571880,0.0,0.0
2024-08-06 00:00:00-04:00,28.097905505940027,28.903121893691992,27.94957310819629,28.47932243347168,463600,0.0,0.0
2024-08-07 00:00:00-04:00,28.733600187479084,28.733600187479084,28.03433054117623,28.119089126586914,273920,0.0,0.0
2024-08-08 00:00:00-04:00,28.246232696412086,28.585270300895317,28.097903542367355,28.436941146850586,231040,0.0,0.0
2024-08-09 00:00:00-04:00,28.542891004501545,28.70181579097798,28.352182554063045,28.436941146850586,231280,0.0,0.0
2024-08-12 00:00:00-04:00,28.330988823446397,28.373368116151738,28.055518570862514,28.119089126586914,286000,0.0,0.0
2024-08-13 00:00:00-04:00,28.35218230505477,28.458132161775204,28.034332734893468,28.309803009033203,329480,0.0,0.0
2024-08-14 00:00:00-04:00,28.479322578404815,28.500513844856986,28.150880581729236,28.203855514526367,236280,0.0,0.0
2024-08-15 00:00:00-04:00,28.394564218903483,28.53229775200513,28.097905886069164,28.33099365234375,262760,0.0,0.0
2024-08-16 00:00:00-04:00,28.415754318237305,28.511108547493162,28.150879662897037,28.415754318237305,248400,0.0,0.0
2024-08-19 00:00:00-04:00,28.415751847825685,28.818359995607626,28.36277692136317,28.797168731689453,236840,0.0,0.0
2024-08-20 00:00:00-04:00,28.75479009177129,28.75479009177129,28.436940525760555,28.458131790161133,160560,0.0,0.0
2024-08-21 00:00:00-04:00,28.691223568871493,28.9878851455561,28.521706363147082,28.966693878173828,213160,0.0,0.0
2024-08-22 00:00:00-04:00,28.860743894884415,28.881935162183684,28.415756381600644,28.50051498413086,428720,0.0,0.0
2024-08-23 00:00:00-04:00,28.691223456490555,28.9666937647139,28.330994545737003,28.50051498413086,1237000,0.0,0.0
2024-08-26 00:00:00-04:00,28.775983466578253,28.818362765154482,28.14028428793514,28.16147232055664,412200,0.0,0.0
2024-08-27 00:00:00-04:00,28.076714619438146,28.33099365234375,27.864814886461254,28.33099365234375,468840,0.0,0.0
2024-08-28 00:00:00-04:00,28.140282838761127,28.56408226936496,28.119091573897713,28.436941146850586,346840,0.0,0.0
2024-08-29 00:00:00-04:00,28.58527160866959,28.58527160866959,27.8648138370154,28.07671356201172,485920,0.0,0.0
2024-08-30 00:00:00-04:00,27.970761333343724,28.097902450919367,27.419820801626507,27.801240921020508,560680,0.0,0.0
2024-09-03 00:00:00-04:00,27.69529341035171,28.182663424509876,27.69529341035171,28.07671356201172,336640,0.0,0.0
2024-09-04 00:00:00-04:00,28.076711286979226,28.48991507057384,28.01314072796476,28.225040435791016,212440,0.0,0.0
2024-09-05 00:00:00-04:00,28.585270300895317,28.648840862152504,28.28861199280586,28.436941146850586,337920,0.0,0.0
2024-09-06 00:00:00-04:00,28.479320193119474,28.56408201849564,28.18266188763547,28.309803009033203,342680,0.0,0.0
2024-09-09 00:00:00-04:00,28.182664792332826,28.278019026542466,27.83303152245302,28.14028549194336,294320,0.0,0.0
2024-09-10 00:00:00-04:00,28.225044291709594,28.64884376525879,27.96016962074135,28.64884376525879,283800,0.0,0.0
2024-09-11 00:00:00-04:00,28.50050922760054,28.50050922760054,27.727076627396535,28.119089126586914,423480,0.0,0.0
2024-09-12 00:00:00-04:00,28.07671591989428,28.90312362344834,28.07671591989428,28.775985717773438,323400,0.0,0.0
2024-09-13 00:00:00-04:00,29.030262815441628,29.15740394592285,28.73360448876312,29.15740394592285,259760,0.0,0.0
2024-09-16 00:00:00-04:00,29.242161879545293,29.326920475717948,29.030262155780473,29.115020751953125,276720,0.0,0.0
2024-09-17 00:00:00-04:00,29.263354435811582,29.348113035722214,29.03026343605735,29.136213302612305,277080,0.0,0.0
2024-09-18 00:00:00-04:00,29.157404489766172,29.538821421657506,28.956097157193913,29.093833923339844,300880,0.0,0.0
2024-09-19 00:00:00-04:00,29.305733735766896,29.377778869024265,28.77598440299213,29.136213302612305,274080,0.0,0.0
2024-09-20 00:00:00-04:00,28.966690436399993,29.093831558920048,28.511107341813734,28.818361282348633,1380040,0.0,0.0
2024-09-23 00:00:00-04:00,28.924310147707974,29.072639296670655,28.76538536667661,28.98788070678711,183720,0.0,0.0
2024-09-24 00:00:00-04:00,28.924313214626512,29.019667446689393,28.733604750500753,28.903121948242188,263240,0.0,0.0
2024-09-25 00:00:00-04:00,28.924309763263874,28.945501027119576,28.648839499804307,28.754789352416992,238400,0.0,0.0
2024-09-26 00:00:00-04:00,28.987885032013168,28.987885032013168,28.47932371683159,28.50051498413086,230440,0.0,0.0
2024-09-27 00:00:00-04:00,28.818364593619307,28.860743894884415,28.44754004921612,28.50051498413086,214240,0.0,0.0
2024-09-30 00:00:00-04:00,28.373374266469206,28.839556287277627,28.373374266469206,28.775985717773438,336920,0.0,0.0
2024-10-01 00:00:00-04:00,28.797169387239457,28.860739947108204,28.436940525760555,28.458131790161133,271240,0.0,0.0
2024-10-02 00:00:00-04:00,28.30980118766203,28.500509624155963,28.214443736082238,28.35218048095703,252320,0.0,0.0
2024-10-03 00:00:00-04:00,28.203855594108205,28.320397859924096,28.034335162012393,28.246234893798828,170360,0.0,0.0
2024-10-04 00:00:00-04:00,28.246234151042326,28.373372046771014,28.02373879185059,28.16147232055664,251280,0.0,0.0
2024-10-07 00:00:00-04:00,28.119095318537724,28.119095318537724,27.748270767376397,28.013145446777344,197160,0.0,0.0
2024-10-08 00:00:00-04:00,28.034333436996043,28.087308366682983,27.833029350852286,27.94957160949707,189720,0.0,0.0
2024-10-09 00:00:00-04:00,27.99195741242536,28.119095318537724,27.886007540664984,28.013145446777344,183000,0.0,0.0
2024-10-10 00:00:00-04:00,27.864812229652184,27.991953350649204,27.695291812767163,27.886003494262695,268760,0.0,0.0
2024-10-11 00:00:00-04:00,28.055518570862514,28.140280389605973,27.915667228268166,28.119089126586914,241440,0.0,0.0
2024-10-14 00:00:00-04:00,28.648837470610445,29.38624748723087,28.309799906263574,29.051448822021484,586600,0.0,0.0
2024-10-15 00:00:00-04:00,29.178595150346712,29.77191510152787,29.178595150346712,29.5388240814209,415600,0.0,0.0
2024-10-16 00:00:00-04:00,29.708338350672534,30.53474915008473,29.585436132298426,30.407608032226562,652400,0.0,0.0
2024-10-17 00:00:00-04:00,30.407609564615523,30.683079844968553,30.322850970660635,30.555938720703125,373120,0.0,0.0
2024-10-18 00:00:00-04:00,30.598317561373893,30.77843361250837,30.354634182387773,30.661888122558594,315080,0.0,0.0
2024-10-21 00:00:00-04:00,30.619512570064902,30.702153339709593,29.793104873617985,29.814292907714844,286280,0.0,0.0
2024-10-22 00:00:00-04:00,29.665959310188565,29.793100429136846,29.390489041355934,29.454059600830078,286800,0.0,0.0
2024-10-23 00:00:00-04:00,29.411680305624973,29.602388750714425,29.23156425933707,29.454059600830078,251960,0.0,0.0
2024-10-24 00:00:00-04:00,29.45406333683545,29.623583772491106,29.284542901179794,29.411684036254883,217880,0.0,0.0
2024-10-25 00:00:00-04:00,29.475250681949877,29.50703434482297,28.96668944264975,28.98788070678711,217160,0.0,0.0
2024-10-28 00:00:00-04:00,29.17859167853704,29.390491404936487,29.15740364589703,29.348112106323242,208080,0.0,0.0
2024-10-29 00:00:00-04:00,29.157404569256627,29.24216316916726,28.95609723613555,29.136213302612305,197640,0.0,0.0
2024-10-30 00:00:00-04:00,29.13620766807911,29.581198314888308,29.13620766807911,29.178586959838867,143840,0.0,0.0
2024-10-31 00:00:00-04:00,29.11501748983026,29.242158603177206,28.712409353119646,28.733600616455078,298760,0.0,0.0
2024-11-01 00:00:00-04:00,28.966692851274424,29.125617651007094,28.235639419170813,28.33099365234375,359320,0.0,0.0
2024-11-04 00:00:00-05:00,28.22504036698788,28.839551458185824,28.22504036698788,28.5640811920166,355640,0.0,0.0
2024-11-05 00:00:00-05:00,28.564080180764883,29.178588016874524,28.01313966793134,28.35218048095703,544160,0.0,0.0
2024-11-06 00:00:00-05:00,28.521700916432057,28.81835920313116,27.907189846365593,28.733600616455078,792160,0.0,0.0
2024-11-07 00:00:00-05:00,28.818361657201443,28.850145321578353,28.352182924119216,28.670032501220703,583240,0.0,0.0
2024-11-08 00:00:00-05:00,28.69121742248535,28.828954164296537,28.521700253075817,28.69121742248535,780400,0.0,0.0
2024-11-11 00:00:00-05:00,28.903119412300285,28.966689972542326,28.426345060484483,28.542890548706055,533240,0.0,0.0
2024-11-12 00:00:00-05:00,28.373371883673276,28.54289231033697,28.01314299784618,28.07671356201172,535440,0.0,0.0
2024-11-13 00:00:00-05:00,28.22503893992632,28.22503893992632,27.546960557485537,27.737668991088867,473560,0.0,0.0
2024-11-14 00:00:00-05:00,27.8224333902443,27.907191983410925,26.60401002180887,26.635793685913086,1246480,0.0,0.0
2024-11-15 00:00:00-05:00,26.75484875414125,26.798142381090013,25.391131709173784,26.105459213256836,1332560,0.6625,0.0
2024-11-18 00:00:00-05:00,25.99722759859388,26.27863039330496,24.958205325048425,25.953935623168945,950840,0.0,0.0
2024-11-19 00:00:00-05:00,25.80241043054751,26.127105200989718,25.69417884040011,26.105459213256836,482720,0.0,0.0
2024-11-20 00:00:00-05:00,26.105460389910693,26.365217208862305,25.824059233733628,26.365217208862305,588200,0.0,0.0
2024-11-21 00:00:00-05:00,26.365216163768,27.18777526246821,26.32192253658398,26.992958068847656,476200,0.0,0.0
2024-11-22 00:00:00-05:00,27.10119054833428,27.22024596264085,26.808965574061787,26.94966697692871,586040,0.0,0.0
2024-11-25 00:00:00-05:00,27.274360748291013,27.512469916590604,26.884726362722226,27.057897567749023,756320,0.0,0.0
2024-11-26 00:00:00-05:00,26.84143450241112,27.101189659583184,26.71155692382509,26.992958068847656,504440,0.0,0.0
2024-11-27 00:00:00-05:00,27.07954090744887,27.317650052464213,26.646614588699943,26.66826057434082,523960,0.0,0.0
2024-11-29 00:00:00-05:00,26.71155419710542,27.057894921807993,26.66826057434082,26.66826057434082,238480,0.0,0.0
2024-12-02 00:00:00-05:00,26.603323574172553,26.668261533430595,26.19204322627333,26.408506393432617,497200,0.0,0.0
2024-12-03 00:00:00-05:00,26.21369181105212,26.343569393924863,25.694179828078074,25.997228622436523,671240,0.0,0.0
2024-12-04 00:00:00-05:00,25.997227690614743,26.01887367840383,25.607594955962163,25.737472534179688,583680,0.0,0.0
2024-12-05 00:00:00-05:00,25.629237251240138,25.704999023328128,25.196310951899875,25.672529220581055,410320,0.0,0.0
2024-12-06 00:00:00-05:00,25.737472200171005,25.92795920231913,25.23960623006805,25.282899856567383,408000,0.0,0.0
2024-12-09 00:00:00-05:00,25.261251367808143,25.705001528471776,25.261251367808143,25.47771453857422,1118320,0.0,0.0
2024-12-10 00:00:00-05:00,25.43442161298105,25.510183389616763,25.066434897045962,25.217958450317383,643600,0.0,0.0
2024-12-11 00:00:00-05:00,25.347839626577223,25.564302820060348,24.979852858249153,25.499364852905273,924720,0.0,0.0
2024-12-12 00:00:00-05:00,25.434423048368604,25.759117810688203,25.33701528026591,25.347837448120117,707360,0.0,0.0
2024-12-13 00:00:00-05:00,25.217961652934946,25.607596055805285,25.122717320792624,25.412778854370117,727120,0.0,0.0
2024-12-16 00:00:00-05:00,25.391131586865512,25.867349920626953,25.337015792052487,25.369483947753906,584080,0.0,0.0
2024-12-17 00:00:00-05:00,25.261249907269118,25.61841444867942,25.153018328143744,25.196311950683594,512400,0.0,0.0
2024-12-18 00:00:00-05:00,25.196316014940034,25.45607118614724,23.962474822998047,23.962474822998047,519280,0.0,0.0
2024-12-19 00:00:00-05:00,24.09235208634061,24.352107236267614,23.637778096743908,23.659425735473633,562640,0.0,0.0
2024-12-20 00:00:00-05:00,23.529548335284158,24.265523519177677,23.507902346357337,24.178937911987305,1376680,0.0,0.0
2024-12-23 00:00:00-05:00,24.049058889007647,24.157290478653483,23.29143776148681,23.89753532409668,849480,0.0,0.0
2024-12-24 00:00:00-05:00,23.897537138382503,24.28716989979838,23.756835730864356,24.26552391052246,232280,0.0,0.0
2024-12-26 00:00:00-05:00,24.20058265013531,24.557745553302702,24.092351066997825,24.287166595458984,653480,0.0,0.0
2024-12-27 00:00:00-05:00,24.005767217496896,24.460339569464683,23.94082760229449,24.200584411621094,371840,0.0,0.0
2024-12-30 00:00:00-05:00,24.0707052972044,24.178936888741262,23.78930415009838,24.135644912719727,369680,0.0,0.0
2024-12-31 00:00:00-05:00,24.330460540619384,24.74174089226484,24.157289344721427,24.5902156829834,643960,0.0,0.0
2025-01-02 00:00:00-05:00,24.568568237319806,24.871616986402692,24.51661754222877,24.828323364257812,331960,0.0,0.0
2025-01-03 00:00:00-05:00,24.871621708801097,25.04479127581203,24.741744120672113,24.936559677124023,733000,0.0,0.0
2025-01-06 00:00:00-05:00,24.979848932166693,25.13137248319668,24.741739787055486,24.763385772705078,385880,0.0,0.0
2025-01-07 00:00:00-05:00,24.84997581632701,25.066439014547687,24.438695409411096,24.568572998046875,342960,0.0,0.0
2025-01-08 00:00:00-05:00,24.39540168368398,24.979853307489105,24.17893848630796,24.936559677124023,415520,0.0,0.0
2025-01-10 00:00:00-05:00,24.52527584037308,24.655153401584624,24.08152571712728,24.222227096557617,392720,0.0,0.0
2025-01-13 00:00:00-05:00,24.15729032528696,24.481985092163086,23.778479763931486,24.481985092163086,431800,0.0,0.0
2025-01-14 00:00:00-05:00,24.525278999401866,24.8499737699951,24.352107794492277,24.63351058959961,465960,0.0,0.0
2025-01-15 00:00:00-05:00,25.28290013078607,25.28290013078607,24.525278999401866,24.63351058959961,351680,0.0,0.0
2025-01-16 00:00:00-05:00,24.568571895101798,24.990674452089614,24.557748075083417,24.893266677856445,304080,0.0,0.0
2025-01-17 00:00:00-05:00,25.06643891673614,25.207138673844046,24.893267698242074,24.936559677124023,332880,0.0,0.0
2025-01-21 00:00:00-05:00,25.0447872595933,25.304544045679425,25.001495287653714,25.217958450317383,490240,0.0,0.0
2025-01-22 00:00:00-05:00,25.088082962836175,25.088082962836175,24.69844857714745,24.7850341796875,456960,0.0,0.0
2025-01-23 00:00:00-05:00,24.78503369461489,24.979850883646446,24.611862492923954,24.9149112701416,377760,0.0,0.0
2025-01-24 00:00:00-05:00,24.9149106443324,25.163843621204343,24.806679058864855,24.95820426940918,345320,0.0,0.0
2025-01-27 00:00:00-05:00,24.914910624879003,25.748293502031817,24.914910624879003,25.47771453857422,404520,0.0,0.0
2025-01-28 00:00:00-05:00,25.347838188905598,25.47771576733249,24.406223680956856,24.41704750061035,474440,0.0,0.0
2025-01-29 00:00:00-05:00,24.373752122574352,24.490642430206563,23.6702468341922,23.984119415283203,601440,0.0,0.0
2025-01-30 00:00:00-05:00,24.24387530674138,24.720093625387765,24.092351746667426,24.525278091430664,359080,0.0,0.0
2025-01-31 00:00:00-05:00,24.46033811180139,24.74174089226484,24.233051123620687,24.5902156829834,401680,0.0,0.0
2025-02-03 00:00:00-05:00,24.049059521612826,24.243876718396546,23.81095034842518,23.8542423248291,370640,0.0,0.0
2025-02-04 00:00:00-05:00,23.854243226414525,24.211407825436762,23.665921305308387,23.962474822998047,415360,0.0,0.0
2025-02-05 00:00:00-05:00,23.96247144835628,24.02741105775417,23.421313541650104,23.68107032775879,801200,0.0,0.0
2025-02-06 00:00:00-05:00,23.702718852192497,23.83259643341475,23.4537858581514,23.637779235839844,702600,0.0,0.0
2025-02-07 00:00:00-05:00,23.572842652743415,23.637780621419495,23.13991625563695,23.464611053466797,485880,0.0,0.0
2025-02-10 00:00:00-05:00,23.334730774657597,23.529546309711105,22.85851080184814,23.29143714904785,658840,0.0,0.0
2025-02-11 00:00:00-05:00,23.096618472119896,23.507898805716884,22.945094920970774,23.378021240234375,506880,0.0,0.0
2025-02-12 00:00:00-05:00,22.96674588586121,23.248148714984232,22.960252253901682,22.988391876220703,398760,0.0,0.0
2025-02-13 00:00:00-05:00,23.09662095477118,23.356377765140255,22.880157771871794,23.18320655822754,598800,0.0,0.0
2025-02-14 00:00:00-05:00,23.313083596341837,23.52954677421496,22.966742842041445,23.01003646850586,580480,0.0,0.0
2025-02-18 00:00:00-05:00,22.94509648571904,23.204851634398146,22.728633311325463,23.074974060058594,623000,0.0,0.0
2025-02-19 00:00:00-05:00,22.923450555916475,22.923450555916475,22.642047767907748,22.706987380981445,763520,0.0,0.0
2025-02-20 00:00:00-05:00,22.620399748151478,23.258965396238224,22.620399748151478,23.139911651611328,577800,0.0,0.0
2025-02-21 00:00:00-05:00,23.334732566572224,23.4862561391347,23.096621736141074,23.35637855529785,692160,0.0,0.0
2025-02-24 00:00:00-05:00,23.356375254567766,23.626954204107513,23.280613478993203,23.378021240234375,766160,0.0,0.0
2025-02-25 00:00:00-05:00,23.659426301115857,25.53183149219405,23.161560325122817,24.7850341796875,1423920,0.0,0.0
2025-02-26 00:00:00-05:00,24.80668137763054,24.88244316424295,24.09235383766385,24.243877410888672,1035960,0.0,0.0
2025-02-27 00:00:00-05:00,24.330462916015904,24.633511712682687,24.254701129719976,24.46034049987793,631520,0.0,0.0
2025-02-28 00:00:00-05:00,24.373755012141352,24.69628470479032,24.211407618652643,24.395401000976562,817920,0.0,0.0
2025-03-03 00:00:00-05:00,24.438693117172797,24.806679859039207,24.330461528214087,24.481985092163086,666880,0.0,0.0
2025-03-04 00:00:00-05:00,24.481985976798747,24.882442540119523,24.35210839565188,24.43869400024414,710640,0.0,0.0
2025-03-05 00:00:00-05:00,24.338944540264684,24.91527620608965,24.183777216771983,24.62710952758789,807760,0.6625,0.0
2025-03-06 00:00:00-05:00,24.449776625206287,24.64927480403015,24.217026495007136,24.471942901611328,729520,0.0,0.0
2025-03-07 00:00:00-05:00,24.627110618978644,24.959609866825822,24.427610732034612,24.69361114501953,804000,0.0,0.0
2025-03-10 00:00:00-04:00,24.604944538479707,24.992860330753036,23.795862690645322,23.873445510864258,1281600,0.0,0.0
2025-03-11 00:00:00-04:00,24.006445911571785,24.139445269929418,22.8759471375854,22.942447662353516,1118240,0.0,0.0
2025-03-12 00:00:00-04:00,22.96461405315192,23.252780740326102,22.554531991541435,23.03111457824707,720600,0.0,0.0
2025-03-13 00:00:00-04:00,23.164112647491404,23.385778797228166,22.720780348017886,22.74294662475586,491680,0.0,0.0
2025-03-14 00:00:00-04:00,22.875947429208303,23.452280808069485,22.875947429208303,23.430112838745117,535480,0.0,0.0
2025-03-17 00:00:00-04:00,23.71827693037565,24.36110907326638,23.71827693037565,23.762609481811523,627840,0.0,0.0
2025-03-18 00:00:00-04:00,23.62961277697551,23.829112663088253,23.252780974123702,23.385780334472656,457840,0.0,0.0
2025-03-19 00:00:00-04:00,23.341447778082546,23.57419623589856,23.15303018547802,23.385780334472656,579880,0.0,0.0
2025-03-20 00:00:00-04:00,23.319278025162724,23.618528677033336,23.186278674986063,23.474445343017578,426960,0.0,0.0
2025-03-21 00:00:00-04:00,23.36361294638,23.563112823015423,23.03111371571381,23.14194679260254,822480,0.0,0.0
2025-03-24 00:00:00-04:00,23.208444951485756,23.540944172516664,23.208444951485756,23.474445343017578,329560,0.0,0.0
2025-03-25 00:00:00-04:00,23.540943860093634,23.596360396196662,22.975696206549863,23.164112091064453,559320,0.0,0.0
2025-03-26 00:00:00-04:00,23.252780974123702,23.441196875549608,23.144165027142897,23.385780334472656,420880,0.0,0.0
2025-03-27 00:00:00-04:00,23.38577761916458,23.696110551398657,23.341445067921892,23.45227813720703,381360,0.0,0.0
2025-03-28 00:00:00-04:00,23.563113889976847,23.687246400535937,23.23061464425476,23.430112838745117,258640,0.0,0.0
2025-03-31 00:00:00-04:00,23.297112670083497,23.673946150196365,23.23504641695818,23.496612548828125,331880,0.0,0.0
2025-04-01 00:00:00-04:00,23.474447086215235,23.507697349023168,23.130863855830963,23.430112838745117,447520,0.0,0.0
2025-04-02 00:00:00-04:00,23.29711174866303,23.65177724619363,23.230612919163946,23.474445343017578,448800,0.0,0.0
2025-04-03 00:00:00-04:00,23.141947367163404,23.297113002188613,22.676448770909197,22.720781326293945,556960,0.0,0.0
2025-04-04 00:00:00-04:00,22.233115290409668,22.60994706502197,21.944948621933086,22.343948364257812,823680,0.0,0.0
2025-04-07 00:00:00-04:00,21.878447034733995,22.54344544540893,21.058283004706276,21.324281692504883,925320,0.0,0.0
2025-04-08 00:00:00-04:00,21.856281999616446,21.856281999616446,20.204869862528025,20.393285751342773,696160,0.0,0.0
2025-04-09 00:00:00-04:00,20.06078701254218,21.435116496046025,19.517705609668536,21.102617263793945,1099880,0.0,0.0
2025-04-10 00:00:00-04:00,18.775123354488876,19.48445609173528,17.489460622093684,18.243125915527344,2424600,0.0,0.0
2025-04-11 00:00:00-04:00,18.06579295499825,18.154459761724777,17.267795076816885,17.954959869384766,1601680,0.0,0.0
2025-04-14 00:00:00-04:00,18.309622016766816,18.586704679524118,18.021457062206238,18.531288146972656,1012160,0.0,0.0
2025-04-15 00:00:00-04:00,18.39828872680664,18.63990399591114,18.021456983572303,18.39828872680664,687880,0.0,0.0
2025-04-16 00:00:00-04:00,18.376123931049257,18.59779007812783,17.92170765306679,17.999290466308594,714640,0.0,0.0
2025-04-17 00:00:00-04:00,17.93278986371256,18.608870530744806,17.93278986371256,18.087955474853516,584400,0.0,0.0
2025-04-21 00:00:00-04:00,17.91062620755701,18.010375301988905,17.456209908081554,17.71112632751465,790000,0.0,0.0
2025-04-22 00:00:00-04:00,17.888458539860558,18.298542291195186,17.852992833466576,18.19879150390625,779120,0.0,0.0
2025-04-23 00:00:00-04:00,18.75295587869441,18.75295587869441,17.866291282149255,18.043624877929688,724160,0.0,0.0
2025-04-24 00:00:00-04:00,18.176621458235307,18.309620789206257,17.76653948308394,18.154455184936523,761080,0.0,0.0
2025-04-25 00:00:00-04:00,18.198788709946104,18.2209549844366,17.79979069558213,18.13228988647461,539920,0.0,0.0
2025-04-28 00:00:00-04:00,18.76182154594189,18.76714199318662,18.10568998876445,18.5401554107666,765800,0.0,0.4
2025-04-29 00:00:00-04:00,18.37169037479024,18.38499149413308,17.529359997874124,17.751026153564453,1360800,0.0,0.0
2025-04-30 00:00:00-04:00,17.777623178492988,17.97269045775948,17.14011150216709,17.884023666381836,989000,0.0,0.0
2025-05-01 00:00:00-04:00,17.946090552278996,18.39828968235294,17.560391940901802,18.291889190673828,717200,0.0,0.0
2025-05-02 00:00:00-04:00,18.407157079212308,18.912555624590723,18.274157729035643,18.779556274414062,833800,0.0,0.0
2025-05-05 00:00:00-04:00,18.652728634799995,18.915442222164334,18.3265997545918,18.399072647094727,685600,0.45,0.0
2025-05-06 00:00:00-04:00,18.290363596963083,18.54401784879962,17.995036094133404,18.390012741088867,539200,0.0,0.0
2025-05-07 00:00:00-04:00,18.534957757495462,18.544017084386187,18.045766200625955,18.190711975097656,561000,0.0,0.0
2025-05-08 00:00:00-04:00,18.236007406682607,18.444368475388153,17.955175176544667,18.353776931762695,647300,0.0,0.0
2025-05-09 00:00:00-04:00,18.371894534056086,18.399070786064573,17.99141145492833,18.245065689086914,643700,0.0,0.0
2025-05-12 00:00:00-04:00,18.74331799672502,19.10568241698399,18.616489153716987,18.951677322387695,747600,0.0,0.0
2025-05-13 00:00:00-04:00,19.02414949425417,19.078503723285756,18.598371532375474,18.8157901763916,653600,0.0,0.0
2025-05-14 00:00:00-04:00,18.716139316592205,18.906381710037437,18.62554778294637,18.8157901763916,710400,0.0,0.0
2025-05-15 00:00:00-04:00,18.77049426642753,19.22798075135648,18.77049426642753,19.169095993041992,482500,0.0,0.0
2025-05-16 00:00:00-04:00,19.20533396126227,19.73076282123449,19.187215307634627,19.676406860351562,550300,0.0,0.0
2025-05-19 00:00:00-04:00,19.33216199440651,19.902885787527154,19.232511122635447,19.875709533691406,425500,0.0,0.0
2025-05-20 00:00:00-04:00,19.71264573397074,20.19277972591514,19.703586406437065,19.730764389038086,589800,0.0,0.0
2025-05-21 00:00:00-04:00,19.477108597425833,19.612995056015905,18.888266124942135,19.05133056640625,434400,0.0,0.0
2025-05-22 00:00:00-04:00,18.91544214684814,19.064918458978408,18.684435342880512,18.9879150390625,432500,0.0,0.0
2025-05-23 00:00:00-04:00,18.852028752425436,19.22798307210759,18.779555859556478,19.20533561706543,393200,0.0,0.0
2025-05-27 00:00:00-04:00,19.495226372704543,19.957241693368516,19.23251106711739,19.81229591369629,540100,0.0,0.0
2025-05-28 00:00:00-04:00,19.839471929533783,19.898356691785086,19.64923124395414,19.74888038635254,354900,0.0,0.0
2025-05-29 00:00:00-04:00,19.948183059692383,20.102188171934678,19.776059292388627,19.948183059692383,439300,0.0,0.0
2025-05-30 00:00:00-04:00,19.85758860107856,19.98441571213534,19.658288608290793,19.68546485900879,514000,0.0,0.0
2025-06-02 00:00:00-04:00,19.368396540980374,19.63111183329377,19.25968807566372,19.549579620361328,470300,0.0,0.0
2025-06-03 00:00:00-04:00,19.46804856002475,19.848531666939145,19.350280760977682,19.567699432373047,321100,0.0,0.0
2025-06-04 00:00:00-04:00,19.558641194841034,19.798707333903305,19.558641194841034,19.739824295043945,625400,0.0,0.0
2025-06-05 00:00:00-04:00,19.69452603990464,19.8394718170166,19.51334468245967,19.8394718170166,286900,0.0,0.0
2025-06-06 00:00:00-04:00,19.9934767630942,20.49172937988055,19.78058689869249,20.30148696899414,538300,0.0,0.0
2025-06-09 00:00:00-04:00,20.47361165696396,20.999040550706937,20.401138765685275,20.71820831298828,639000,0.0,0.0
2025-06-10 00:00:00-04:00,20.908448361837042,20.92656701607219,20.537024589466395,20.645734786987305,674600,0.0,0.0
2025-06-11 00:00:00-04:00,20.845036077135155,20.899390315281053,20.564203830842928,20.790681838989258,642100,0.0,0.0
2025-06-12 00:00:00-04:00,20.70008728026419,21.234575440003685,20.6819686275534,21.2073974609375,679700,0.0,0.0
2025-06-13 00:00:00-04:00,20.97186152395214,21.31610903629713,20.75897338836267,21.044334411621094,480500,0.0,0.0
2025-06-16 00:00:00-04:00,21.23457622323048,21.252693148719676,20.777089728802938,20.817855834960938,489000,0.0,0.0
2025-06-17 00:00:00-04:00,20.745386195035238,20.87221506064185,20.546086160353646,20.591381072998047,473300,0.0,0.0
2025-06-18 00:00:00-04:00,20.573259305549435,20.872211904197318,20.47361016722337,20.727264404296875,458300,0.0,0.0
2025-06-20 00:00:00-04:00,20.772560374643486,20.826914605439253,20.233541682295172,20.4373722076416,1345600,0.0,0.0
2025-06-23 00:00:00-04:00,20.410198493459507,20.65026462655005,20.029715374810127,20.50984764099121,417500,0.0,0.0
2025-06-24 00:00:00-04:00,20.555143642631524,20.727265677536014,20.183719863052364,20.219955444335938,418500,0.0,0.0
2025-06-25 00:00:00-04:00,20.065950279657116,20.192779133517707,19.738010580853157,19.939123153686523,398400,0.0,0.0
2025-06-26 00:00:00-04:00,20.038773339599434,20.301486909812986,19.987135348729534,20.238073348999023,447900,0.0,0.0
2025-06-27 00:00:00-04:00,20.31960625938216,20.38301982236712,20.0659502795523,20.15654182434082,329000,0.0,0.0
2025-06-30 00:00:00-04:00,20.138422361832006,20.165600342545154,19.84853081245147,20.11124610900879,527700,0.0,0.0
2025-07-01 00:00:00-04:00,19.902884426939945,20.600437025871788,19.902884426939945,20.25619125366211,546200,0.0,0.0
2025-07-02 00:00:00-04:00,20.23807187629202,20.537022732581985,20.07953798579349,20.491727828979492,911900,0.0,0.0
2025-07-03 00:00:00-04:00,20.500786874944776,20.73632419166657,20.450963168619918,20.6094970703125,212300,0.0,0.0
2025-07-07 00:00:00-04:00,20.455492071944114,20.546083613895263,20.138422539060063,20.30148696899414,545100,0.0,0.0
2025-07-08 00:00:00-04:00,20.26525292920537,20.808798766444507,20.22448681862343,20.790681838989258,541300,0.0,0.0
2025-07-09 00:00:00-04:00,20.835976113357386,20.989981223310846,20.566014031780025,20.71820831298828,451000,0.0,0.0
2025-07-10 00:00:00-04:00,20.609496231356513,21.153043730288942,20.609496231356513,20.935625076293945,475600,0.0,0.0
2025-07-11 00:00:00-04:00,20.790680740559935,21.089631626403087,20.618556979653277,21.053394317626953,578000,0.0,0.0
2025-07-14 00:00:00-04:00,21.008099757682825,21.252694684415083,20.849564120995048,21.243637084960938,466600,0.0,0.0
2025-07-15 00:00:00-04:00,21.334226428837763,21.338756956354235,20.700089079839447,20.709148406982422,372400,0.0,0.0
2025-07-16 00:00:00-04:00,21.053393097752295,21.379521946281002,20.681969343767882,20.971860885620117,512100,0.0,0.0
2025-07-17 00:00:00-04:00,20.835973094401027,21.094157840165682,20.604966326886775,20.763500213623047,348400,0.0,0.0
2025-07-18 00:00:00-04:00,20.826915023414124,20.86768112930154,20.210894635733066,20.473609924316406,511400,0.0,0.0
2025-07-21 00:00:00-04:00,20.600437285760123,20.808796617039043,20.482669493960266,20.727264404296875,359500,0.0,0.0
2025-07-22 00:00:00-04:00,20.700088568688365,21.076041132443404,20.609497027385608,20.980920791625977,333500,0.0,0.0
2025-07-23 00:00:00-04:00,21.09869067027089,21.180221158142377,20.86315335005893,21.17116355895996,355900,0.0,0.0
2025-07-24 00:00:00-04:00,21.035275485703128,21.053394139938273,20.60949747851701,20.645734786987305,390000,0.0,0.0
2025-07-25 00:00:00-04:00,20.645734844871587,20.736324660521365,20.491729739221004,20.709148406982422,215200,0.0,0.0
2025-07-28 00:00:00-04:00,20.663849297020022,20.735416763357183,20.328662872314453,20.328662872314453,416500,0.0,0.0
2025-07-29 00:00:00-04:00,20.401136293884697,20.70914647647312,20.3105447587899,20.491727828979492,427600,0.0,0.0
2025-07-30 00:00:00-04:00,20.509845115443376,20.537023094818128,19.839470508541375,20.065948486328125,489000,0.0,0.0
2025-07-31 00:00:00-04:00,19.930065155029297,20.174661823898283,19.853063459953937,19.930065155029297,560900,0.0,0.0
2025-08-01 00:00:00-04:00,20.06594916265474,20.115774595909574,19.594874538287076,19.766998291015625,494000,0.0,0.0
2025-08-04 00:00:00-04:00,19.794177772634118,20.192779541015625,19.590347224718005,20.192779541015625,596200,0.0,0.0
2025-08-05 00:00:00-04:00,20.08406962726314,20.224486612926153,19.622054287996836,20.075010299682617,367300,0.0,0.0
2025-08-06 00:00:00-04:00,20.138422361832006,20.23807322989029,19.99347658714174,20.11124610900879,497500,0.0,0.0
2025-08-07 00:00:00-04:00,20.301484828545398,20.3920763609452,20.12936108977475,20.265249252319336,383000,0.0,0.0
2025-08-08 00:00:00-04:00,20.283368421123864,20.40566674421414,19.930063306345257,19.99347686767578,374800,0.0,0.0
2025-08-11 00:00:00-04:00,19.930061275204746,20.097654488482558,19.79326942511696,19.866647720336914,483700,0.0,0.0
2025-08-12 00:00:00-04:00,19.948182424754908,20.331383500446467,19.884768861948263,20.310546875,701400,0.0,0.0
2025-08-13 00:00:00-04:00,20.273569727510264,20.726558527692067,20.09329887229605,20.643356323242188,757200,0.45,0.0
2025-08-14 00:00:00-04:00,20.347524940910215,20.560151991041298,20.208855202271742,20.504684448242188,793900,0.0,0.0
2025-08-15 00:00:00-04:00,20.5693984088679,20.5693984088679,20.2412129248578,20.282814025878906,519000,0.0,0.0
2025-08-18 00:00:00-04:00,20.282813728952107,20.504685676722776,20.07018490280057,20.16263198852539,636500,0.0,0.0
2025-08-19 00:00:00-04:00,20.292059408807404,20.791270870027965,20.24583498249337,20.578643798828125,416300,0.0,0.0
2025-08-20 00:00:00-04:00,20.634111037105907,20.75429278043515,20.273569333681266,20.375261306762695,562100,0.0,0.0
2025-08-21 00:00:00-04:00,20.338283571697026,20.49544310619141,20.181124037202647,20.3475284576416,387600,0.0,0.0
2025-08-22 00:00:00-04:00,20.467707339078917,21.165681202172145,20.273570034609502,20.80976104736328,506100,0.0,0.0
2025-08-25 00:00:00-04:00,20.763534751169612,20.916072702335214,20.63410989317318,20.81900405883789,514100,0.0,0.0
2025-08-26 00:00:00-04:00,20.68957717807272,21.059365504764283,20.56939720619496,20.67108917236328,597000,0.0,0.0
2025-08-27 00:00:00-04:00,20.671090343455276,21.35519596534145,20.63873412752888,21.345951080322266,523000,0.0,0.0
2025-08-28 00:00:00-04:00,21.364442429500208,21.364442429500208,20.860607620043744,21.133325576782227,337000,0.0,0.0
2025-08-29 00:00:00-04:00,21.133323627287076,21.235013834070802,20.883717026189633,21.161056518554688,658000,0.0,0.0
2025-09-02 00:00:00-04:00,21.031631657221862,21.26182452911938,20.868924857773813,21.161056518554688,680900,0.0,0.0
2025-09-03 00:00:00-04:00,21.031631529836627,21.29048301421595,21.013141760249216,21.087099075317383,563100,0.0,0.0
2025-09-04 00:00:00-04:00,21.225766662807775,21.262746198223187,20.71083915144539,20.948427200317383,724800,0.0,0.0
2025-09-05 00:00:00-04:00,21.087099813578043,21.55488077348401,21.087099813578043,21.447643280029297,743700,0.0,0.0
2025-09-08 00:00:00-04:00,21.151810651333676,21.761960680105766,21.14718909076421,21.64177894592285,894600,0.0,0.0
2025-09-09 00:00:00-04:00,21.530846642587022,21.62329197217731,21.040878284662988,21.077856063842773,519900,0.0,0.0
2025-09-10 00:00:00-04:00,21.170302139882867,21.56782338584162,21.114834592136535,21.5216007232666,577400,0.0,0.0
2025-09-11 00:00:00-04:00,21.51235412478358,21.872895801342402,21.42915192814979,21.651023864746094,349200,0.0,0.0
2025-09-12 00:00:00-04:00,21.68800010302492,22.02543218951769,21.58353626654311,21.863649368286133,429500,0.0,0.0
2025-09-15 00:00:00-04:00,21.956097934674617,21.956097934674617,21.493864293944625,21.595556259155273,356800,0.0,0.0
2025-09-16 00:00:00-04:00,21.58631120237725,21.766582038697432,21.484619237978624,21.549331665039062,306500,0.0,0.0
2025-09-17 00:00:00-04:00,21.540088527720464,21.87289733763115,21.318216575540518,21.46613121032715,559000,0.0,0.0
2025-09-18 00:00:00-04:00,21.669513860049182,21.94223178224714,21.63253432192268,21.78969383239746,595700,0.0,0.0
2025-09-19 00:00:00-04:00,21.771204951951578,21.82667426140538,21.170301539120757,21.198036193847656,937700,0.0,0.0
2025-09-22 00:00:00-04:00,21.19803679539681,21.63253581875927,21.022387503704945,21.5216007232666,578100,0.0,0.0
2025-09-23 00:00:00-04:00,21.577067856409258,21.688002949770304,21.271993704744098,21.290483474731445,438400,0.0,0.0
2025-09-24 00:00:00-04:00,21.336707481478598,21.359818813778958,20.971542435975415,21.01314353942871,427800,0.0,0.0
2025-09-25 00:00:00-04:00,20.929941420560354,21.096345835073485,20.911453412611277,21.077856063842773,453900,0.0,0.0
2025-09-26 00:00:00-04:00,21.179546322242466,21.373685377834747,21.10558900660767,21.17030143737793,433600,0.0,0.0
2025-09-29 00:00:00-04:00,21.170303067665422,21.170303067665422,20.85136245004458,21.01314353942871,456900,0.0,0.0
2025-09-30 00:00:00-04:00,20.98540913078593,21.24425885511099,20.948429591150063,21.198036193847656,558400,0.0,0.0
2025-10-01 00:00:00-04:00,21.21652364834551,21.26274630456465,20.846735345467167,20.97616195678711,446100,0.0,0.0
2025-10-02 00:00:00-04:00,20.92069613553687,21.017766551004062,20.698824174849115,20.846738815307617,338600,0.0,0.0
2025-10-03 00:00:00-04:00,20.88371655641161,21.142568036535906,20.8190041272009,20.837493896484375,367900,0.0,0.0
2025-10-06 00:00:00-04:00,20.81900542382164,21.161057360461882,20.523176149987414,20.5509090423584,449700,0.0,0.0
2025-10-07 00:00:00-04:00,20.523175644266132,20.684956723382214,20.199611722752454,20.25507926940918,593900,0.0,0.0
2025-10-08 00:00:00-04:00,20.31054671414779,20.449218225016025,20.107164535239356,20.227344512939453,493800,0.0,0.0
2025-10-09 00:00:00-04:00,20.22734410123332,20.22734410123332,19.88529218170026,19.95924949645996,375000,0.0,0.0
2025-10-10 00:00:00-04:00,19.996228746425622,20.097920722948025,19.677288133625723,19.718889236450195,498000,0.0,0.0
2025-10-13 00:00:00-04:00,19.41381319917449,19.709642451513073,19.159585045651113,19.681909561157227,774300,0.0,0.0
2025-10-14 00:00:00-04:00,19.580218004469696,19.96849434711544,19.561728234990976,19.95000457763672,464500,0.0,0.0
2025-10-15 00:00:00-04:00,20.458462443283647,20.985410333608865,20.338282459141716,20.846738815307617,529000,0.0,0.0
2025-10-16 00:00:00-04:00,20.874474613510497,20.911454157288798,20.125656484816894,20.3475284576416,673000,0.0,0.0
2025-10-17 00:00:00-04:00,20.384502312342146,20.5832629136675,20.17187526641128,20.31978988647461,390500,0.0,0.0
2025-10-20 00:00:00-04:00,20.402992483709326,20.569396875388048,20.208855202271742,20.504684448242188,300500,0.0,0.0
2025-10-21 00:00:00-04:00,20.513929130891402,20.606376210168555,20.393747398846692,20.4122371673584,395100,0.0,0.0
2025-10-22 00:00:00-04:00,20.421484309212733,20.661846036592806,20.379883207103074,20.587888717651367,332400,0.0,0.0
2025-10-23 00:00:00-04:00,20.57864204984515,20.712690229840707,20.3983712107456,20.698822021484375,291800,0.0,0.0
2025-10-24 00:00:00-04:00,20.680336111313792,20.855983644332145,20.527798146907667,20.791271209716797,375500,0.0,0.0
2025-10-27 00:00:00-04:00,20.513930238798444,20.76353507406151,19.612574252908594,19.95924949645996,1206300,0.0,0.0
2025-10-28 00:00:00-04:00,19.92227034633584,20.19314036143293,19.728133052532485,20.14414405822754,652100,0.0,0.0
2025-10-29 00:00:00-04:00,20.144145455800615,20.292060098469527,19.70964465008927,19.922271728515625,590500,0.0,0.0
2025-10-30 00:00:00-04:00,19.792844969549957,19.996227143004724,19.663420110377057,19.885292053222656,526500,0.0,0.0
2025-10-31 00:00:00-04:00,19.82057985304908,20.153386889528814,19.66342033797089,19.986984252929688,535800,0.0,0.0
2025-11-03 00:00:00-05:00,19.774353237615866,19.9500025028332,19.506258661182205,19.829822540283203,852300,0.0,0.0
2025-11-04 00:00:00-05:00,19.75586886771002,19.93151640195889,19.718889325795555,19.783601760864258,399500,0.0,0.0
2025-11-05 00:00:00-05:00,19.78360005088545,19.973115778612417,19.570972993100355,19.876047134399414,514400,0.0,0.0
2025-11-06 00:00:00-05:00,19.857557304131884,19.894536842736624,19.617195593045416,19.820579528808594,492800,0.0,0.0
2025-11-07 00:00:00-05:00,19.556178103146202,20.188850309826776,19.556178103146202,20.17940902709961,482900,0.45,0.0
2025-11-10 00:00:00-05:00,20.16052291010684,20.58545087617539,20.037764621336493,20.377708435058594,754500,0.0,0.0
2025-11-11 00:00:00-05:00,20.538236817490667,20.841352057428672,20.38715108154068,20.547679901123047,408400,0.0,0.0
2025-11-12 00:00:00-05:00,20.453251347512598,20.585450919310837,20.169966036206628,20.18885040283203,727600,0.0,0.0
2025-11-13 00:00:00-05:00,20.17941073597811,20.406039363387556,20.004716372302394,20.169967651367188,590100,0.0,0.0
2025-11-14 00:00:00-05:00,20.151080023210827,20.434365336691773,19.905565244354765,20.38715171813965,354400,0.0,0.0
2025-11-17 00:00:00-05:00,20.406038131760212,20.434365582799018,19.80169336072664,19.820579528808594,503900,0.0,0.0
2025-11-18 00:00:00-05:00,19.830023010740252,19.94333822042151,19.68365790679449,19.839466094970703,475500,0.0,0.0
2025-11-19 00:00:00-05:00,19.839464843411257,19.943336962309363,19.58450698852539,19.58450698852539,479500,0.0,0.0
2025-11-20 00:00:00-05:00,19.660050299240773,19.933894327562772,19.414535522460938,19.414535522460938,508400,0.0,0.0
2025-11-21 00:00:00-05:00,19.43342202123449,20.240786792558005,19.423978937226224,20.103866577148438,486700,0.0,0.0
2025-11-24 00:00:00-05:00,20.066094722463653,20.660994620582017,19.886679724171003,20.519351959228516,676100,0.0,0.0
2025-11-25 00:00:00-05:00,20.566566467285156,20.944280814486063,20.50046488057643,20.566566467285156,916000,0.0,0.0
2025-11-26 00:00:00-05:00,20.50990973150071,20.934839534390708,20.426813108282232,20.660995483398438,790000,0.0,0.0
2025-11-28 00:00:00-05:00,20.585451126098633,20.783752286872083,20.509908255585916,20.585451126098633,174000,0.0,0.0
2025-12-01 00:00:00-05:00,20.415481436883383,20.75542346061917,20.415481436883383,20.50990867614746,589000,0.0,0.0
2025-12-02 00:00:00-05:00,20.613780577261505,20.679880364463735,20.372988238012784,20.594894409179688,473400,0.0,0.0
2025-12-03 00:00:00-05:00,20.642109536630993,20.80263836088151,20.424922208938586,20.57600975036621,571400,0.0,0.0
2025-12-04 00:00:00-05:00,20.406039115433106,20.698767530477827,20.358823692952214,20.64211082458496,598100,0.0,0.0
2025-12-05 00:00:00-05:00,20.538236578835814,20.651551780023603,20.207735859879122,20.245508193969727,388400,0.0,0.0
2025-12-08 00:00:00-05:00,20.311609929424325,20.500466214773756,20.122751842990702,20.443809509277344,689200,0.0,0.0
2025-12-09 00:00:00-05:00,20.538237928577168,20.788473354578425,20.44380888822895,20.50990867614746,341600,0.0,0.0
2025-12-10 00:00:00-05:00,20.509908014849763,20.982051400283463,20.509908014849763,20.76486587524414,558600,0.0,0.0
2025-12-11 00:00:00-05:00,20.840409167609742,20.982051825896203,20.623223638164895,20.68932342529297,354500,0.0,0.0
2025-12-12 00:00:00-05:00,20.764866296451356,20.84985225164006,20.59017374460086,20.68932342529297,289100,0.0,0.0
2025-12-15 00:00:00-05:00,20.859295313262685,21.241732111201006,20.793195526205615,21.170909881591797,545400,0.0,0.0
2025-12-16 00:00:00-05:00,21.24645360400204,21.29366722491059,20.83096689588687,21.019824981689453,450700,0.0,0.0
2025-12-17 00:00:00-05:00,21.019822892120455,21.32671499968644,20.87818024239123,20.915950775146484,506900,0.0,0.0
2025-12-18 00:00:00-05:00,21.000936742751634,21.10480885981241,20.79319430971409,20.821521759033203,409300,0.0,0.0
2025-12-19 00:00:00-05:00,20.68932261202328,20.74597931289394,20.066093499193865,20.264392852783203,2034300,0.0,0.0
2025-12-22 00:00:00-05:00,20.29272317298307,20.43436583316489,19.93389498045018,20.028322219848633,632100,0.0,0.0
2025-12-23 00:00:00-05:00,19.981108756259157,20.113308333317164,19.81113684227935,19.839466094970703,400600,0.0,0.0
2025-12-24 00:00:00-05:00,19.971665294271524,20.188850824211446,19.93389475914829,20.11330795288086,295700,0.0,0.0
2025-12-26 00:00:00-05:00,20.094421879946744,20.179407828114293,19.999992848529025,20.12274932861328,510200,0.0,0.0
2025-12-29 00:00:00-05:00,20.16052268036734,20.207736297920018,19.985830134121564,20.075536727905273,535200,0.0,0.0
2025-12-30 00:00:00-05:00,20.094422676649568,20.2124585203306,20.066093425775865,20.1605224609375,474500,0.0,0.0
2025-12-31 00:00:00-05:00,20.160523303171978,20.174687028658518,19.971665224958894,20.009437561035156,416700,0.0,0.0
2026-01-02 00:00:00-05:00,20.028320297195563,20.339936641199223,19.782807337027055,20.12274932861328,520000,0.0,0.0
2026-01-05 00:00:00-05:00,20.04720873401396,20.363545754925436,19.86779553519437,20.236066818237305,500400,0.0,0.0
2026-01-06 00:00:00-05:00,20.18885163291721,20.528795468064057,20.1133087585606,20.443809509277344,514600,0.0,0.0
2026-01-07 00:00:00-05:00,20.53823723686419,20.642109357857308,20.354101604983,20.472137451171875,443100,0.0,0.0
2026-01-08 00:00:00-05:00,20.321050273335516,21.42586578748195,20.321050273335516,21.359766006469727,579600,0.0,0.0
2026-01-09 00:00:00-05:00,21.293667197894955,21.605281778314936,21.033988681059004,21.114253997802734,385900,0.0,0.0
2026-01-12 00:00:00-05:00,21.05759549148333,21.246453577046307,20.91784216516418,21.114253997802734,411600,0.0,0.0
2026-01-13 00:00:00-05:00,21.15202311610208,21.487244484471063,21.100087056000167,21.142580032348633,590500,0.0,0.0
2026-01-14 00:00:00-05:00,21.189794584429936,21.506129772353574,21.052872577231348,21.48252296447754,360300,0.0,0.0
2026-01-15 00:00:00-05:00,21.605281737386058,21.6572178008717,21.331439495031116,21.595840454101562,329100,0.0,0.0
2026-01-16 00:00:00-05:00,21.473080710854543,21.86496058085856,21.473080710854543,21.813024520874023,393200,0.0,0.0
2026-01-20 00:00:00-05:00,21.59583923746585,21.822467846294103,21.222845530795063,21.633609771728516,412900,0.0,0.0
2026-01-21 00:00:00-05:00,21.718594928491964,22.143524680135194,21.638331420450474,22.077423095703125,601700,0.0,0.0
2026-01-22 00:00:00-05:00,22.16241046814381,22.41264769398377,22.01132472477228,22.049097061157227,380600,0.0,0.0
2026-01-23 00:00:00-05:00,22.011323671655195,22.40320353802122,21.945223887228167,22.285167694091797,443100,0.0,0.0
2026-01-26 00:00:00-05:00,22.28516666058019,22.294609743786694,21.72803735898439,21.850793838500977,350100,0.0,0.0
2026-01-27 00:00:00-05:00,21.93578098707353,22.067982358117483,21.821522015429316,21.907453536987305,363800,0.0,0.0
2026-01-28 00:00:00-05:00,21.91689589461178,22.143526312921786,21.203960148823196,21.284225463867188,546800,0.0,0.0
2026-01-29 00:00:00-05:00,21.482524278289514,21.898010966436903,21.340881621286844,21.841352462768555,492400,0.0,0.0
2026-01-30 00:00:00-05:00,21.81302604312758,22.134083708088326,21.60528178869169,22.086868286132812,569500,0.0,0.0
2026-02-02 00:00:00-05:00,21.95466799965827,22.119917468469357,21.746925552998025,21.75636863708496,386000,0.0,0.0
2026-02-03 00:00:00-05:00,21.718595929785042,22.162410067786027,21.718595929785042,22.030210494995117,404000,0.0,0.0
2026-02-04 00:00:00-05:00,22.304053228595222,22.549566192049046,22.13408132998566,22.445695877075195,277900,0.0,0.0
2026-02-05 00:00:00-05:00,22.37959679879242,22.89895379325742,22.2662815957921,22.870624542236328,401300,0.0,0.0
2026-02-06 00:00:00-05:00,22.870625361434776,23.040597271481417,22.620389938912837,22.813968658447266,357300,0.0,0.0
2026-02-09 00:00:00-05:00,22.691213183349138,22.8234127632608,22.219069768139843,22.766756057739258,255600,0.0,0.0
2026-02-10 00:00:00-05:00,22.76675371628706,22.993382316149745,22.53068203296126,22.936725616455078,325100,0.0,0.0
2026-02-11 00:00:00-05:00,22.936726949518334,23.087812691541103,22.662882916424497,22.813968658447266,405200,0.0,0.0
2026-02-12 00:00:00-05:00,23.012270635075485,23.0925341503918,22.18129722345289,22.464584350585938,340900,0.0,0.0
2026-02-13 00:00:00-05:00,22.625110626220703,22.78563945258068,22.418311948867363,22.625110626220703,430100,0.0,0.0
2026-02-17 00:00:00-05:00,22.757311486075547,22.80452510407731,22.332381719723394,22.691211700439453,246100,0.0,0.0
2026-02-18 00:00:00-05:00,22.587338761753085,22.776196829090615,22.21906751163731,22.266281127929688,516600,0.0,0.0
2026-02-19 00:00:00-05:00,22.285168757986995,22.492911204830158,22.23795333751073,22.436254501342773,355300,0.0,0.0
2026-02-20 00:00:00-05:00,22.483467333078426,22.842297311790716,22.190738940717186,22.7856388092041,796100,0.0,0.0
2026-02-23 00:00:00-05:00,22.47402378116092,23.55145566182113,22.18129539489746,22.18129539489746,847000,0.0,0.0
2026-02-24 00:00:00-05:00,22.30405582551779,22.417369237061564,21.860239860566104,22.096311569213867,835100,0.0,0.0
2026-02-25 00:00:00-05:00,22.06798391843479,22.190740413350756,21.874405191127654,22.086868286132812,572600,0.0,0.0
2026-02-26 00:00:00-05:00,22.190741667999085,22.380543532497878,21.954669948126753,22.247398376464844,704800,0.0,0.0
2026-02-27 00:00:00-05:00,22.190740347017822,22.420202073891566,21.95938928283783,21.98299789428711,404100,0.0,0.0
2026-03-02 00:00:00-05:00,21.954666577581566,22.360710161598455,21.78469467719459,22.266281127929688,585500,0.0,0.0
2026-03-03 00:00:00-05:00,22.011323928833008,22.162409666741215,21.60528033279818,22.011323928833008,611400,0.0,0.0
2026-03-04 00:00:00-05:00,22.02076805708629,22.03021114128897,21.603393821399102,21.86968231201172,842500,0.0,0.0
2026-03-05 00:00:00-05:00,21.638563005098156,22.043022212519283,21.494113681756215,22.00450325012207,543900,0.45,0.0
2026-03-06 00:00:00-05:00,21.763752024644035,21.884126757261786,21.407442007915524,21.69634246826172,444800,0.0,0.0
2026-03-09 00:00:00-04:00,21.503742104053373,21.831161522842848,20.92594302167356,21.725231170654297,671500,0.0,0.0
2026-03-10 00:00:00-04:00,21.734861530829754,21.734861530829754,21.359292951045468,21.44596290588379,726700,0.0,0.0
2026-03-11 00:00:00-04:00,21.27262310379641,21.3304024617233,21.08002279500989,21.20521354675293,359100,0.0,0.0
2026-03-12 00:00:00-04:00,21.012613143590542,21.37855336128682,20.848903432889088,21.311141967773438,321000,0.0,0.0
2026-03-13 00:00:00-04:00,21.484481961471694,21.59041231491956,21.09446899972758,21.17632293701172,245900,0.0,0.0
2026-03-16 00:00:00-04:00,21.37855332411743,21.600042392101177,21.185953016530814,21.388181686401367,279000,0.0,0.0
2026-03-17 00:00:00-04:00,21.5422649723642,21.619304734974413,21.36892504729802,21.43633460998535,365800,0.0,0.0
2026-03-18 00:00:00-04:00,21.330402428261205,21.50374233854261,21.09928316014355,21.29188346862793,409500,0.0,0.0
2026-03-19 00:00:00-04:00,21.253362630871212,21.503742296704697,21.118543517258054,21.35929298400879,434900,0.0,0.0
2026-03-20 00:00:00-04:00,21.388181875060013,21.388181875060013,20.868163978825486,21.00298309326172,860500,0.0,0.0
2026-03-23 00:00:00-04:00,21.340032652518858,21.455593205100246,21.08965298590308,21.18595314025879,461700,0.0,0.0
2026-03-24 00:00:00-04:00,21.02224352122865,21.238918410287603,20.897054605757187,20.90668296813965,327300,0.0,0.0
2026-03-25 00:00:00-04:00,20.89705460984535,21.060764321969398,20.786308237925912,20.91631317138672,369600,0.0,0.0
2026-03-26 00:00:00-04:00,20.9163130962292,21.157062563971685,20.897054534757032,21.070392608642578,242100,0.0,0.0
2026-03-27 00:00:00-04:00,21.012613484674706,21.20521379572254,20.57926553997612,20.61778450012207,305100,0.0,0.0
2026-03-30 00:00:00-04:00,20.84890366007465,21.060764368451405,20.665933549232733,20.85853385925293,262200,0.0,0.0
2026-03-31 00:00:00-04:00,21.11854384765057,21.18595340551175,20.502225790893853,20.63704490661621,551200,0.0,0.0
2026-04-01 00:00:00-04:00,20.560005249806398,20.574449630340624,20.319255778114925,20.36740493774414,374600,0.0,0.0
2026-04-02 00:00:00-04:00,20.319255570598013,20.969278402817345,20.203695017186316,20.87779426574707,408200,0.0,0.0
2026-04-06 00:00:00-04:00,20.78149413657195,20.89705469012752,20.662081870693314,20.77186393737793,225100,0.0,0.0
2026-04-07 00:00:00-04:00,20.85853376675844,21.224473986819564,20.795938390763546,21.13780403137207,339000,0.0,0.0
2026-04-08 00:00:00-04:00,21.243732419346262,21.43633272734311,21.132987885118506,21.330402374267578,544500,0.0,0.0
2026-04-09 00:00:00-04:00,21.407441887669826,22.11042988138337,21.383367308636032,21.898571014404297,564200,0.0,0.0
2026-04-10 00:00:00-04:00,21.95635022340888,22.32229043463685,21.91783126456904,22.197099685668945,347600,0.0,0.0
2026-04-13 00:00:00-04:00,22.148950456925476,22.351179122924805,21.917831194309404,22.351179122924805,397400,0.0,0.0
2026-04-14 00:00:00-04:00,22.24525061322754,22.408960320542533,22.147987992403223,22.360809326171875,351200,0.0,0.0
2026-04-15 00:00:00-04:00,22.23562042304284,22.39258917488454,22.206729826409152,22.380069732666016,315300,0.0,0.0
2026-04-16 00:00:00-04:00,22.3126602444593,22.514888911185974,22.187471332215065,22.216360092163086,233300,0.0,0.0
2026-04-17 00:00:00-04:00,22.30302988605102,22.66415407699974,22.27413928953698,22.640079498291016,282400,0.0,0.0
2026-04-20 00:00:00-04:00,22.543779373168945,22.69785888121294,22.500444396733283,22.543779373168945,286000,0.0,0.0
2026-04-21 00:00:00-04:00,22.572670022860674,22.630449379320048,22.360809321221918,22.505260467529297,217700,0.0,0.0
2026-04-22 00:00:00-04:00,22.582300303534165,22.611189063482186,22.13450615661352,22.216360092163086,229900,0.0,0.0
2026-04-23 00:00:00-04:00,22.35117917609315,22.567854059302583,22.197099667315914,22.312660217285156,204800,0.0,0.0
2026-04-24 00:00:00-04:00,22.23562220776386,22.726751369320777,22.23562220776386,22.64971160888672,430100,0.0,0.0
2026-04-27 00:00:00-04:00,23.083057696685827,23.343067555810773,22.486000061035156,22.486000061035156,431100,0.0,0.0
2026-04-28 00:00:00-04:00,22.59192839508238,22.871198649719275,22.235620223658362,22.861568450927734,306600,0.0,0.0
2026-04-29 00:00:00-04:00,22.553409679346164,22.654524012586357,22.187471305193387,22.312660217285156,359500,0.0,0.0
2026-04-30 00:00:00-04:00,22.341550707650935,22.649709723738926,22.264510953628935,22.543779373168945,292400,0.0,0.0
2026-05-01 00:00:00-04:00,22.543781193666852,22.7411956940885,22.389701673180337,22.688230514526367,227600,0.0,0.0
2026-05-04 00:00:00-04:00,22.630449497945847,22.765268609315303,22.124875993537753,22.139320373535156,471300,0.0,0.0
2026-05-05 00:00:00-04:00,22.168212760476425,22.495632203190677,22.033391801446992,22.38970184326172,447500,0.0,0.0
2026-05-06 00:00:00-04:00,22.534151179473184,22.697860900933872,22.380071657718748,22.42822265625,434200,0.0,0.0
2026-05-07 00:00:00-04:00,22.418400922633104,22.879926681518555,22.36341077884771,22.879926681518555,470900,0.45,0.0
2026-05-08 00:00:00-04:00,22.889745906848102,23.370911522990472,22.875016939637607,22.929025650024414,530900,0.0,0.0
2026-05-11 00:00:00-04:00,23.02722476565002,23.16470013057978,22.271106512613557,22.43804168701172,510100,0.0,0.0
2026-05-12 00:00:00-04:00,22.496959035059547,22.624616334203214,22.202368437431822,22.565696716308594,564600,0.0,0.0
2026-05-13 00:00:00-04:00,22.438041385739147,22.62461643061112,22.35948376783958,22.585336685180664,270700,0.0,0.0
2026-05-14 00:00:00-04:00,22.781731763318973,22.85046944515332,22.575516844854572,22.604976654052734,299400,0.0,0.0
2026-05-15 00:00:00-04:00,22.575516844854572,22.624616526851508,22.20236862648468,22.604976654052734,409000,0.0,0.0
2026-05-18 00:00:00-04:00,22.68353425887834,23.272717331763754,22.68353425887834,23.243257522583008,365600,0.0,0.0
2026-05-19 00:00:00-04:00,23.17451949068859,23.361094533425316,22.978124511706632,23.16469955444336,335000,0.0,0.0
2026-05-20 00:00:00-04:00,23.30217461649327,23.370912296365198,23.11560144911556,23.311994552612305,369400,0.0,0.0
2026-05-21 00:00:00-04:00,23.272717284180516,23.56730788354023,23.007584620979966,23.44947052001953,376500,0.0,0.0
2026-05-22 00:00:00-04:00,23.380733237006872,23.48875066599576,23.272717680979373,23.321815490722656,271700,0.0,0.0
2026-05-26 00:00:00-04:00,23.311995048950358,23.753882818908593,23.223617494958713,23.636045455932617,495800,0.0,0.0
2026-05-27 00:00:00-04:00,23.763702948386733,23.955187025937892,23.665505457268832,23.675325393676758,365400,0.0,0.0
2026-05-28 00:00:00-04:00,23.734241936465533,23.93063690874931,23.616404578503012,23.832439422607422,347900,0.0,0.0
2026-05-29 00:00:00-04:00,23.685145695904204,23.78334131557739,23.478930774075465,23.54766845703125,348000,0.0,0.0
2026-06-01 00:00:00-04:00,23.37091335206859,23.439652908006902,23.007585064058745,23.115602493286133,362200,0.0,0.0
2026-06-02 00:00:00-04:00,23.135239796697235,23.449470265391863,23.105781860857945,23.390552520751953,282700,0.0,0.0
2026-06-03 00:00:00-04:00,23.20397707353155,23.4494698570444,23.08614158630371,23.08614158630371,360500,0.0,0.0
2026-06-04 00:00:00-04:00,23.361094136288283,23.488749559383493,23.04686180066681,23.292354583740234,312600,0.0,0.0
2026-06-05 00:00:00-04:00,23.32181518860845,23.65568553482965,23.25798653839992,23.4691104888916,302000,0.0,0.0
2026-06-08 00:00:00-04:00,23.59676687911132,23.73424223767791,23.47892951965332,23.47892951965332,285700,0.0,0.0
2026-06-09 00:00:00-04:00,23.577126865567546,24.038652618672653,23.552577962108145,23.87171745300293,424900,0.0,0.0
2026-06-10 00:00:00-04:00,24.048473528073814,24.058293464447317,23.43965245660738,23.44947052001953,435700,0.0,0.0
2026-06-11 00:00:00-04:00,23.626225822195227,23.714603377318763,23.44947071194816,23.488750457763672,409500,0.0,0.0
2026-06-12 00:00:00-04:00,23.48874909863209,23.739150908352173,23.370911740965358,23.606586456298828,382200,0.0,0.0
2026-06-15 00:00:00-04:00,23.469109069212404,23.685143911323376,23.253076100062678,23.361093521118164,367600,0.0,0.0
2026-06-16 00:00:00-04:00,23.429832458496094,23.72442305707956,23.21870850942545,23.429832458496094,411400,0.0,0.0
2026-06-17 00:00:00-04:00,23.321814020481057,23.35127382824667,22.492049101176313,22.575515747070312,432400,0.0,0.0
2026-06-18 00:00:00-04:00,22.634433292871055,22.929025749082367,22.595155422486297,22.742450714111328,968400,0.0,0.0
2026-06-22 00:00:00-04:00,22.732632502288006,23.341455459594727,22.673714755762,23.341455459594727,567700,0.0,0.0
2026-06-23 00:00:00-04:00,23.390551770825223,23.822619587908434,22.997763697550155,23.645864486694336,303900,0.0,0.0
2026-06-24 00:00:00-04:00,23.842259717816823,23.950275268535542,23.665504614690004,23.704782485961914,454100,0.0,0.0
2026-06-25 00:00:00-04:00,23.783339743055844,23.96009484351899,22.477318234364134,23.832439422607422,486700,0.0,0.0
2026-06-26 00:00:00-04:00,23.901177023793554,24.4707201940228,23.89135708791497,24.451080322265625,1261700,0.0,0.0
2026-06-29 00:00:00-04:00,24.205588680016277,24.716214131896024,23.94045601773702,24.70639419555664,462000,0.0,0.0
2026-06-30 00:00:00-04:00,24.549278910523697,24.804591635948505,24.480541229248047,24.480541229248047,386700,0.0,0.0
2026-07-01 00:00:00-04:00,24.608196547502242,24.922427016504326,24.5394588665282,24.667116165161133,335400,0.0,0.0
2026-07-02 00:00:00-04:00,24.824231343654315,25.207199492766396,24.824231343654315,25.079544067382812,326000,0.0,0.0
2026-07-06 00:00:00-04:00,25.10900186343294,25.158101544431293,24.61801629121732,24.627836227416992,358200,0.0,0.0
2026-07-07 00:00:00-04:00,24.834051542451537,25.05990445980475,24.500181198120117,24.500181198120117,350200,0.0,0.0
2026-07-08 00:00:00-04:00,24.451081577924754,24.676934495846915,24.29396634172139,24.519819259643555,536200,0.0,0.0
2026-07-09 00:00:00-04:00,24.6376556561636,24.652384623679076,24.205587837083833,24.30378532409668,460600,0.0,0.0
2026-07-10 00:00:00-04:00,24.480540974323016,24.480540974323016,23.979735465008048,24.42162322998047,363000,0.0,0.0
2026-07-13 00:00:00-04:00,24.40198416688969,24.71130561262969,24.34306642059301,24.39216423034668,394500,0.0,0.0
2026-07-14 00:00:00-04:00,24.539458923776436,24.568918732674607,24.23504839034067,24.254688262939453,302400,0.0,0.0
2026-07-15 00:00:00-04:00,24.352883483817433,24.726033565278215,24.293965739940948,24.382343292236328,258000,0.0,0.0
2026-07-16 00:00:00-04:00,24.549278173076974,25.325036262367625,24.549278173076974,25.167919158935547,452400,0.0,0.0
2026-07-17 00:00:00-04:00,25.167919809894936,25.49197021524255,24.824231404951508,25.09918212890625,372200,0.0,0.0
2026-07-20 00:00:00-04:00,24.922426360649755,25.090344831708947,24.647475643989154,24.73585319519043,258300,0.0,0.0
2026-07-21 00:00:00-04:00,24.647476989389578,24.858600942899052,24.57873930647233,24.82423210144043,270000,0.0,0.0
2026-07-22 00:00:00-04:00,24.775131718279766,24.775131718279766,24.51981899397524,24.667116165161133,306400,0.0,0.0
2026-07-23 00:00:00-04:00,24.568917580268455,24.829139324631917,24.53454874131333,24.63765525817871,338000,0.0,0.0
2026-07-24 00:00:00-04:00,24.824231354266363,25.030444396811383,24.689700287782046,24.873329162597656,291200,0.0,0.0
2026-07-27 00:00:00-04:00,24.892968488352253,25.113912366912796,24.686753577375317,24.755491256713867,221600,0.0,0.0
2026-07-28 00:00:00-04:00,24.99116698702548,25.07954454202568,24.745674194905238,24.76531219482422,307200,0.0,0.0
2026-07-29 00:00:00-04:00,24.83405195840328,25.089362816145833,24.54927941813149,24.598377227783203,379900,0.0,0.0
2026-07-30 00:00:00-04:00,24.755490944534934,24.755490944534934,24.08775215869434,24.26450538635254,287900,0.0,0.0
2026-07-31 00:00:00-04:00,24.264506740395074,24.42162385090548,23.842260710082904,23.920818328857422,426100,0.0,0.0
2026-08-03 00:00:00-04:00,24.794771387418468,25.148281598626312,24.058293029376333,24.83405113220215,506800,0.0,0.0
2026-08-04 00:00:00-04:00,24.79477198971187,25.11882240020351,24.455992611049222,24.971527099609375,532900,0.0,0.0
2026-08-05 00:00:00-04:00,24.69657374859869,24.716213620871386,24.36270341180811,24.588558197021484,340400,0.0,0.0
2026-08-06 00:00:00-04:00,24.873329121355926,24.873329121355926,24.33520860223355,24.441261291503906,328500,0.0,0.0
2026-08-07 00:00:00-04:00,24.490360322531405,24.672024455786648,24.303785284804757,24.509998321533203,431300,0.0,0.0
2026-08-10 00:00:00-04:00,24.360000610351562,24.8799991607666,23.799999237060547,23.969999313354492,396200,0.45,0.0
2026-08-11 00:00:00-04:00,24.020000457763672,24.31999969482422,23.90999984741211,24.0,437200,0.0,0.0
2026-08-12 00:00:00-04:00,24.059999465942383,24.68000030517578,24.03499984741211,24.600000381469727,488200,0.0,0.0
2026-08-13 00:00:00-04:00,24.790000915527344,24.979999542236328,24.674999237060547,24.860000610351562,368200,0.0,0.0
2026-08-14 00:00:00-04:00,24.780000686645508,24.969999313354492,24.68000030517578,24.790000915527344,372600,0.0,0.0
2026-08-17 00:00:00-04:00,24.690000534057617,25.201000213623047,24.3700008392334,24.530000686645508,252300,0.0,0.0
2026-08-18 00:00:00-04:00,24.649999618530273,24.788999557495117,24.469999313354492,24.5,311800,0.0,0.0
2026-08-19 00:00:00-04:00,24.68000030517578,24.90999984741211,24.329999923706055,24.40999984741211,479200,0.0,0.0
2026-08-20 00:00:00-04:00,24.34000015258789,24.89299964904785,24.204999923706055,24.780000686645508,264000,0.0,0.0
2026-08-21 00:00:00-04:00,24.780000686645508,24.8799991607666,24.450000762939453,24.600000381469727,374500,0.0,0.0
2026-08-24 00:00:00-04:00,24.799999237060547,24.985000610351562,24.530000686645508,24.959999084472656,304000,0.0,0.0
2026-08-25 00:00:00-04:00,25.020000457763672,25.209999084472656,24.809999465942383,25.100000381469727,274200,0.0,0.0
2026-08-26 00:00:00-04:00,25.030000686645508,25.040000915527344,24.739999771118164,24.760000228881836,207400,0.0,0.0
2026-08-27 00:00:00-04:00,24.6299991607666,24.8700008392334,24.559999465942383,24.579999923706055,200900,0.0,0.0
2026-08-28 00:00:00-04:00,24.59000015258789,24.844999313354492,24.56999969482422,24.6299991607666,312000,0.0,0.0
2026-08-31 00:00:00-04:00,24.479999542236328,24.6299991607666,24.34000015258789,24.530000686645508,387500,0.0,0.0
2026-09-01 00:00:00-04:00,24.549999237060547,24.690000534057617,24.375,24.510000228881836,259500,0.0,0.0
2026-09-02 00:00:00-04:00,24.510000228881836,24.639999389648438,24.290000915527344,24.489999771118164,313300,0.0,0.0
2026-09-03 00:00:00-04:00,24.690000534057617,24.690000534057617,24.239999771118164,24.309999465942383,443500,0.0,0.0
2026-09-04 00:00:00-04:00,24.149999618530273,24.520000457763672,24.010000228881836,24.309999465942383,184200,0.0,0.0
