Date,Open,High,Low,Close,Volume,Dividends,Stock Splits
2021-09-15 00:00:00-04:00,37.25,44.2400016784668,37.0,43.290000915527344,7843400,0.0,0.0
2021-09-16 00:00:00-04:00,40.65999984741211,48.43000030517578,40.599998474121094,47.220001220703125,1699900,0.0,0.0
2021-09-17 00:00:00-04:00,48.06999969482422,50.29999923706055,45.41999816894531,48.9900016784668,1667400,0.0,0.0
2021-09-20 00:00:00-04:00,46.720001220703125,46.79999923706055,42.150001525878906,44.959999084472656,811400,0.0,0.0
2021-09-21 00:00:00-04:00,45.209999084472656,45.970001220703125,42.5,43.5,1824600,0.0,0.0
2021-09-22 00:00:00-04:00,43.5,45.77000045776367,42.060001373291016,44.29999923706055,498300,0.0,0.0
2021-09-23 00:00:00-04:00,45.0,45.689998626708984,42.26300048828125,42.95000076293945,332000,0.0,0.0
2021-09-24 00:00:00-04:00,42.439998626708984,44.84000015258789,40.849998474121094,44.25,389000,0.0,0.0
2021-09-27 00:00:00-04:00,43.880001068115234,46.689998626708984,43.13999938964844,46.13999938964844,218800,0.0,0.0
2021-09-28 00:00:00-04:00,44.849998474121094,45.19499969482422,41.97999954223633,42.02000045776367,1059100,0.0,0.0
2021-09-29 00:00:00-04:00,41.88999938964844,42.95000076293945,41.28499984741211,42.25,141800,0.0,0.0
2021-09-30 00:00:00-04:00,42.65999984741211,44.810001373291016,41.5099983215332,42.83000183105469,259200,0.0,0.0
2021-10-01 00:00:00-04:00,42.5,42.790000915527344,39.15999984741211,40.540000915527344,314700,0.0,0.0
2021-10-04 00:00:00-04:00,39.849998474121094,41.4900016784668,39.119998931884766,40.209999084472656,181100,0.0,0.0
2021-10-05 00:00:00-04:00,40.0,41.9900016784668,39.099998474121094,40.95000076293945,487500,0.0,0.0
2021-10-06 00:00:00-04:00,40.560001373291016,42.47999954223633,39.56999969482422,41.34000015258789,168000,0.0,0.0
2021-10-07 00:00:00-04:00,40.900001525878906,44.75,40.435001373291016,43.310001373291016,222300,0.0,0.0
2021-10-08 00:00:00-04:00,43.08000183105469,45.689998626708984,42.349998474121094,45.310001373291016,154500,0.0,0.0
2021-10-11 00:00:00-04:00,44.18000030517578,44.18000030517578,40.599998474121094,41.13999938964844,467700,0.0,0.0
2021-10-12 00:00:00-04:00,41.099998474121094,42.0,37.54999923706055,39.099998474121094,434000,0.0,0.0
2021-10-13 00:00:00-04:00,39.0099983215332,40.4900016784668,38.435001373291016,39.33000183105469,296700,0.0,0.0
2021-10-14 00:00:00-04:00,39.61000061035156,40.90999984741211,39.07099914550781,40.5,480300,0.0,0.0
2021-10-15 00:00:00-04:00,40.5,42.5,40.38999938964844,42.29999923706055,287400,0.0,0.0
2021-10-18 00:00:00-04:00,41.52000045776367,42.5,40.650001525878906,40.779998779296875,169200,0.0,0.0
2021-10-19 00:00:00-04:00,40.72999954223633,40.72999954223633,38.900001525878906,39.040000915527344,150000,0.0,0.0
2021-10-20 00:00:00-04:00,39.040000915527344,39.52000045776367,37.63999938964844,38.439998626708984,202200,0.0,0.0
2021-10-21 00:00:00-04:00,38.560001373291016,40.279998779296875,38.560001373291016,39.93000030517578,49900,0.0,0.0
2021-10-22 00:00:00-04:00,39.97999954223633,40.20000076293945,38.40999984741211,39.07500076293945,220700,0.0,0.0
2021-10-25 00:00:00-04:00,39.290000915527344,39.97999954223633,38.54999923706055,39.43000030517578,89500,0.0,0.0
2021-10-26 00:00:00-04:00,39.369998931884766,39.494998931884766,37.779998779296875,38.0,116300,0.0,0.0
2021-10-27 00:00:00-04:00,38.060001373291016,38.15999984741211,35.040000915527344,36.04999923706055,328900,0.0,0.0
2021-10-28 00:00:00-04:00,35.970001220703125,37.15999984741211,35.849998474121094,37.150001525878906,165700,0.0,0.0
2021-10-29 00:00:00-04:00,36.83000183105469,40.43000030517578,36.5099983215332,40.13999938964844,188800,0.0,0.0
2021-11-01 00:00:00-04:00,40.22999954223633,40.630001068115234,39.619998931884766,39.86000061035156,102900,0.0,0.0
2021-11-02 00:00:00-04:00,39.900001525878906,40.529998779296875,39.18000030517578,39.349998474121094,119900,0.0,0.0
2021-11-03 00:00:00-04:00,39.66999816894531,41.16999816894531,39.040000915527344,40.619998931884766,162300,0.0,0.0
2021-11-04 00:00:00-04:00,40.45000076293945,42.0099983215332,40.095001220703125,40.43000030517578,149300,0.0,0.0
2021-11-05 00:00:00-04:00,40.56999969482422,42.5,40.2400016784668,41.83000183105469,177800,0.0,0.0
2021-11-08 00:00:00-05:00,41.75,42.279998779296875,40.130001068115234,40.5099983215332,282300,0.0,0.0
2021-11-09 00:00:00-05:00,40.61000061035156,41.35499954223633,37.90999984741211,39.41999816894531,382500,0.0,0.0
2021-11-10 00:00:00-05:00,38.529998779296875,39.89500045776367,38.529998779296875,39.400001525878906,373800,0.0,0.0
2021-11-11 00:00:00-05:00,39.70000076293945,43.619998931884766,39.255001068115234,42.59000015258789,165500,0.0,0.0
2021-11-12 00:00:00-05:00,42.75,43.36000061035156,41.529998779296875,41.900001525878906,180100,0.0,0.0
2021-11-15 00:00:00-05:00,42.040000915527344,44.09000015258789,41.4900016784668,43.91999816894531,161000,0.0,0.0
2021-11-16 00:00:00-05:00,41.349998474121094,41.790000915527344,37.5,39.58000183105469,973000,0.0,0.0
2021-11-17 00:00:00-05:00,39.7599983215332,39.7599983215332,33.709999084472656,37.63999938964844,1080600,0.0,0.0
2021-11-18 00:00:00-05:00,35.97999954223633,36.0,32.869998931884766,32.93000030517578,4944000,0.0,0.0
2021-11-19 00:00:00-05:00,33.15999984741211,35.060001373291016,32.599998474121094,34.7599983215332,1287400,0.0,0.0
2021-11-22 00:00:00-05:00,34.7400016784668,35.380001068115234,30.0,30.6200008392334,785400,0.0,0.0
2021-11-23 00:00:00-05:00,30.149999618530273,31.81999969482422,28.729999542236328,29.290000915527344,829900,0.0,0.0
2021-11-24 00:00:00-05:00,29.209999084472656,30.989999771118164,27.860000610351562,30.100000381469727,582700,0.0,0.0
2021-11-26 00:00:00-05:00,29.90999984741211,30.559999465942383,29.139999389648438,29.90999984741211,163600,0.0,0.0
2021-11-29 00:00:00-05:00,30.010000228881836,30.959999084472656,29.06999969482422,30.149999618530273,440800,0.0,0.0
2021-11-30 00:00:00-05:00,29.899999618530273,30.450000762939453,28.135000228881836,29.309999465942383,676000,0.0,0.0
2021-12-01 00:00:00-05:00,29.68000030517578,30.559999465942383,28.18000030517578,28.649999618530273,741300,0.0,0.0
2021-12-02 00:00:00-05:00,28.8700008392334,29.81800079345703,27.65999984741211,28.6299991607666,418900,0.0,0.0
2021-12-03 00:00:00-05:00,28.889999389648438,29.34000015258789,27.135000228881836,28.780000686645508,616000,0.0,0.0
2021-12-06 00:00:00-05:00,28.530000686645508,29.280000686645508,26.690000534057617,29.110000610351562,611300,0.0,0.0
2021-12-07 00:00:00-05:00,29.610000610351562,30.8700008392334,29.610000610351562,30.299999237060547,551600,0.0,0.0
2021-12-08 00:00:00-05:00,30.299999237060547,32.66999816894531,29.899999618530273,32.08000183105469,773200,0.0,0.0
2021-12-09 00:00:00-05:00,31.770000457763672,33.19499969482422,31.3799991607666,32.029998779296875,757200,0.0,0.0
2021-12-10 00:00:00-05:00,31.90999984741211,33.38999938964844,29.75,30.09000015258789,1162400,0.0,0.0
2021-12-13 00:00:00-05:00,30.06999969482422,31.059999465942383,27.170000076293945,27.260000228881836,560300,0.0,0.0
2021-12-14 00:00:00-05:00,27.15999984741211,27.600000381469727,25.25,25.530000686645508,614600,0.0,0.0
2021-12-15 00:00:00-05:00,25.649999618530273,26.899999618530273,25.38800048828125,26.700000762939453,641500,0.0,0.0
2021-12-16 00:00:00-05:00,28.020000457763672,28.709999084472656,26.280000686645508,26.700000762939453,1281300,0.0,0.0
2021-12-17 00:00:00-05:00,26.3700008392334,28.06999969482422,24.65999984741211,27.420000076293945,3011900,0.0,0.0
2021-12-20 00:00:00-05:00,27.059999465942383,27.790000915527344,26.139999389648438,27.18000030517578,400000,0.0,0.0
2021-12-21 00:00:00-05:00,27.610000610351562,28.280000686645508,27.3700008392334,28.010000228881836,275100,0.0,0.0
2021-12-22 00:00:00-05:00,28.010000228881836,28.56999969482422,27.385000228881836,27.780000686645508,245100,0.0,0.0
2021-12-23 00:00:00-05:00,28.0,28.829999923706055,27.440000534057617,28.350000381469727,181400,0.0,0.0
2021-12-27 00:00:00-05:00,28.65999984741211,29.15999984741211,28.065000534057617,28.329999923706055,102300,0.0,0.0
2021-12-28 00:00:00-05:00,28.170000076293945,28.72100067138672,27.06999969482422,27.270000457763672,124000,0.0,0.0
2021-12-29 00:00:00-05:00,27.059999465942383,27.809999465942383,26.43000030517578,27.31999969482422,141100,0.0,0.0
2021-12-30 00:00:00-05:00,27.3700008392334,28.540000915527344,27.2549991607666,27.84000015258789,131900,0.0,0.0
2021-12-31 00:00:00-05:00,27.84000015258789,28.549999237060547,27.329999923706055,27.329999923706055,172600,0.0,0.0
2022-01-03 00:00:00-05:00,27.5,28.979999542236328,27.3799991607666,28.149999618530273,607800,0.0,0.0
2022-01-04 00:00:00-05:00,27.954999923706055,28.684999465942383,26.049999237060547,27.09000015258789,600900,0.0,0.0
2022-01-05 00:00:00-05:00,26.90999984741211,27.549999237060547,24.530000686645508,25.06999969482422,616100,0.0,0.0
2022-01-06 00:00:00-05:00,25.049999237060547,25.969999313354492,24.290000915527344,25.479999542236328,572800,0.0,0.0
2022-01-07 00:00:00-05:00,25.360000610351562,25.84000015258789,24.05500030517578,24.520000457763672,350500,0.0,0.0
2022-01-10 00:00:00-05:00,24.31999969482422,24.579999923706055,23.290000915527344,24.260000228881836,387600,0.0,0.0
2022-01-11 00:00:00-05:00,24.610000610351562,25.0,23.6299991607666,24.600000381469727,159000,0.0,0.0
2022-01-12 00:00:00-05:00,24.809999465942383,24.809999465942383,23.350000381469727,23.420000076293945,248800,0.0,0.0
2022-01-13 00:00:00-05:00,23.420000076293945,23.8799991607666,22.739999771118164,22.989999771118164,423900,0.0,0.0
2022-01-14 00:00:00-05:00,22.549999237060547,23.209999084472656,21.459999084472656,21.56999969482422,280300,0.0,0.0
2022-01-18 00:00:00-05:00,21.530000686645508,22.049999237060547,20.170000076293945,20.239999771118164,496600,0.0,0.0
2022-01-19 00:00:00-05:00,20.68000030517578,21.209999084472656,19.170000076293945,19.260000228881836,380100,0.0,0.0
2022-01-20 00:00:00-05:00,19.309999465942383,20.469999313354492,19.309999465942383,19.579999923706055,614600,0.0,0.0
2022-01-21 00:00:00-05:00,19.190000534057617,19.610000610351562,18.200000762939453,18.829999923706055,628800,0.0,0.0
2022-01-24 00:00:00-05:00,18.31999969482422,19.670000076293945,18.145000457763672,19.559999465942383,1195000,0.0,0.0
2022-01-25 00:00:00-05:00,18.649999618530273,20.3700008392334,18.59000015258789,19.84000015258789,1772800,0.0,0.0
2022-01-26 00:00:00-05:00,20.610000610351562,20.610000610351562,19.510000228881836,19.950000762939453,1483700,0.0,0.0
2022-01-27 00:00:00-05:00,19.920000076293945,20.440000534057617,19.145000457763672,20.3700008392334,1695600,0.0,0.0
2022-01-28 00:00:00-05:00,20.329999923706055,21.350000381469727,19.84000015258789,21.34000015258789,578800,0.0,0.0
2022-01-31 00:00:00-05:00,21.31999969482422,22.6299991607666,20.450000762939453,21.8799991607666,807400,0.0,0.0
2022-02-01 00:00:00-05:00,22.030000686645508,23.469999313354492,21.010000228881836,23.09000015258789,630400,0.0,0.0
2022-02-02 00:00:00-05:00,23.049999237060547,23.170000076293945,21.530000686645508,21.969999313354492,526300,0.0,0.0
2022-02-03 00:00:00-05:00,21.329999923706055,22.25,20.579999923706055,22.010000228881836,446700,0.0,0.0
2022-02-04 00:00:00-05:00,21.93000030517578,22.94499969482422,21.3700008392334,22.760000228881836,316000,0.0,0.0
2022-02-07 00:00:00-05:00,22.469999313354492,23.90999984741211,22.34000015258789,23.579999923706055,314200,0.0,0.0
2022-02-08 00:00:00-05:00,23.579999923706055,24.559999465942383,23.09000015258789,24.200000762939453,409700,0.0,0.0
2022-02-09 00:00:00-05:00,24.43000030517578,25.979999542236328,24.43000030517578,25.350000381469727,333200,0.0,0.0
2022-02-10 00:00:00-05:00,24.760000228881836,26.48699951171875,24.6200008392334,24.700000762939453,370200,0.0,0.0
2022-02-11 00:00:00-05:00,24.719999313354492,25.65999984741211,23.290000915527344,23.579999923706055,206000,0.0,0.0
2022-02-14 00:00:00-05:00,23.829999923706055,25.360000610351562,23.43000030517578,23.540000915527344,584900,0.0,0.0
2022-02-15 00:00:00-05:00,23.81999969482422,24.920000076293945,23.309999465942383,24.920000076293945,361600,0.0,0.0
2022-02-16 00:00:00-05:00,24.799999237060547,25.31999969482422,23.559999465942383,24.309999465942383,274400,0.0,0.0
2022-02-17 00:00:00-05:00,23.979999542236328,24.780000686645508,22.90999984741211,23.110000610351562,396000,0.0,0.0
2022-02-18 00:00:00-05:00,23.030000686645508,23.739999771118164,21.18000030517578,21.979999542236328,1848100,0.0,0.0
2022-02-22 00:00:00-05:00,21.420000076293945,22.049999237060547,19.700000762939453,20.350000381469727,1617100,0.0,0.0
2022-02-23 00:00:00-05:00,20.6200008392334,20.677000045776367,19.184999465942383,19.649999618530273,1162100,0.0,0.0
2022-02-24 00:00:00-05:00,20.239999771118164,21.950000762939453,18.270000457763672,21.889999389648438,1507700,0.0,0.0
2022-02-25 00:00:00-05:00,21.924999237060547,22.8799991607666,20.750999450683594,22.8700008392334,563900,0.0,0.0
2022-02-28 00:00:00-05:00,22.600000381469727,23.43000030517578,22.360000610351562,23.1200008392334,503000,0.0,0.0
2022-03-01 00:00:00-05:00,23.010000228881836,23.8700008392334,21.959999084472656,23.139999389648438,358600,0.0,0.0
2022-03-02 00:00:00-05:00,23.31999969482422,23.354999542236328,21.450000762939453,21.5,506500,0.0,0.0
2022-03-03 00:00:00-05:00,21.56999969482422,21.760000228881836,20.559999465942383,20.969999313354492,601000,0.0,0.0
2022-03-04 00:00:00-05:00,20.56999969482422,21.049999237060547,19.559999465942383,20.34000015258789,717400,0.0,0.0
2022-03-07 00:00:00-05:00,20.1200008392334,21.06999969482422,19.6299991607666,19.670000076293945,780800,0.0,0.0
2022-03-08 00:00:00-05:00,19.690000534057617,22.049999237060547,19.405000686645508,21.56999969482422,876500,0.0,0.0
2022-03-09 00:00:00-05:00,22.0,23.790000915527344,21.969999313354492,22.049999237060547,989700,0.0,0.0
2022-03-10 00:00:00-05:00,21.299999237060547,22.1299991607666,20.610000610351562,21.5,602200,0.0,0.0
2022-03-11 00:00:00-05:00,21.5,22.469999313354492,19.65999984741211,19.850000381469727,680800,0.0,0.0
2022-03-14 00:00:00-04:00,19.56999969482422,20.0,18.309999465942383,18.520000457763672,640900,0.0,0.0
2022-03-15 00:00:00-04:00,18.540000915527344,20.024999618530273,18.309999465942383,19.8799991607666,441100,0.0,0.0
2022-03-16 00:00:00-04:00,20.489999771118164,21.739999771118164,19.9950008392334,21.670000076293945,834800,0.0,0.0
2022-03-17 00:00:00-04:00,21.6299991607666,23.440000534057617,21.56999969482422,23.360000610351562,570400,0.0,0.0
2022-03-18 00:00:00-04:00,23.299999237060547,25.03499984741211,23.200000762939453,24.850000381469727,1243600,0.0,0.0
2022-03-21 00:00:00-04:00,24.59000015258789,25.264999389648438,23.440000534057617,23.93000030517578,824200,0.0,0.0
2022-03-22 00:00:00-04:00,23.920000076293945,25.325000762939453,23.5,24.350000381469727,323200,0.0,0.0
2022-03-23 00:00:00-04:00,24.100000381469727,24.780000686645508,23.3700008392334,24.100000381469727,287500,0.0,0.0
2022-03-24 00:00:00-04:00,24.0,24.40999984741211,23.34000015258789,23.829999923706055,328500,0.0,0.0
2022-03-25 00:00:00-04:00,24.020000457763672,25.219999313354492,22.6299991607666,23.200000762939453,327900,0.0,0.0
2022-03-28 00:00:00-04:00,23.3799991607666,23.90999984741211,22.674999237060547,23.799999237060547,354400,0.0,0.0
2022-03-29 00:00:00-04:00,24.1200008392334,24.56999969482422,23.690000534057617,24.1299991607666,559100,0.0,0.0
2022-03-30 00:00:00-04:00,24.030000686645508,24.719999313354492,23.430999755859375,23.899999618530273,382100,0.0,0.0
2022-03-31 00:00:00-04:00,24.15999984741211,25.094999313354492,23.440000534057617,24.649999618530273,1199800,0.0,0.0
2022-04-01 00:00:00-04:00,24.579999923706055,26.05500030517578,24.510000228881836,25.1200008392334,233500,0.0,0.0
2022-04-04 00:00:00-04:00,25.59000015258789,25.709999084472656,24.760000228881836,25.540000915527344,221000,0.0,0.0
2022-04-05 00:00:00-04:00,25.6299991607666,25.969999313354492,25.209999084472656,25.8700008392334,281100,0.0,0.0
2022-04-06 00:00:00-04:00,25.440000534057617,25.440000534057617,24.5,25.170000076293945,293600,0.0,0.0
2022-04-07 00:00:00-04:00,25.149999618530273,26.34000015258789,24.639999389648438,25.90999984741211,422400,0.0,0.0
2022-04-08 00:00:00-04:00,25.459999084472656,26.600000381469727,25.0049991607666,25.979999542236328,417600,0.0,0.0
2022-04-11 00:00:00-04:00,25.760000228881836,26.559999465942383,24.80500030517578,24.899999618530273,256900,0.0,0.0
2022-04-12 00:00:00-04:00,25.309999465942383,26.920000076293945,25.25,26.149999618530273,227500,0.0,0.0
2022-04-13 00:00:00-04:00,26.049999237060547,26.225000381469727,24.850000381469727,25.75,588300,0.0,0.0
2022-04-14 00:00:00-04:00,25.8700008392334,26.969999313354492,24.93000030517578,25.0,294200,0.0,0.0
2022-04-18 00:00:00-04:00,24.8799991607666,26.1200008392334,23.020000457763672,24.040000915527344,376900,0.0,0.0
2022-04-19 00:00:00-04:00,24.079999923706055,25.8799991607666,22.889999389648438,25.8799991607666,470400,0.0,0.0
2022-04-20 00:00:00-04:00,26.1299991607666,26.450000762939453,25.68000030517578,25.84000015258789,396500,0.0,0.0
2022-04-21 00:00:00-04:00,25.729999542236328,26.389999389648438,24.31999969482422,24.559999465942383,507800,0.0,0.0
2022-04-22 00:00:00-04:00,24.31999969482422,24.8700008392334,23.079999923706055,23.959999084472656,468100,0.0,0.0
2022-04-25 00:00:00-04:00,23.68000030517578,25.010000228881836,23.020000457763672,24.31999969482422,927600,0.0,0.0
2022-04-26 00:00:00-04:00,24.06999969482422,24.260000228881836,22.959999084472656,23.209999084472656,434300,0.0,0.0
2022-04-27 00:00:00-04:00,23.149999618530273,23.709999084472656,22.600000381469727,23.049999237060547,577700,0.0,0.0
2022-04-28 00:00:00-04:00,23.18000030517578,24.450000762939453,22.440000534057617,24.350000381469727,325100,0.0,0.0
2022-04-29 00:00:00-04:00,24.18000030517578,25.229999542236328,23.6200008392334,23.649999618530273,412100,0.0,0.0
2022-05-02 00:00:00-04:00,23.729999542236328,25.530000686645508,23.280000686645508,25.170000076293945,502100,0.0,0.0
2022-05-03 00:00:00-04:00,25.0,25.84000015258789,22.989999771118164,23.260000228881836,290700,0.0,0.0
2022-05-04 00:00:00-04:00,23.34000015258789,24.440000534057617,22.549999237060547,24.1200008392334,476100,0.0,0.0
2022-05-05 00:00:00-04:00,23.84000015258789,24.1200008392334,22.299999237060547,22.479999542236328,436300,0.0,0.0
2022-05-06 00:00:00-04:00,22.010000228881836,22.079999923706055,19.68000030517578,19.905000686645508,1493000,0.0,0.0
2022-05-09 00:00:00-04:00,19.229999542236328,19.799999237060547,17.93000030517578,18.440000534057617,1418200,0.0,0.0
2022-05-10 00:00:00-04:00,18.940000534057617,18.940000534057617,15.75,16.559999465942383,1273800,0.0,0.0
2022-05-11 00:00:00-04:00,16.260000228881836,17.170000076293945,15.210000038146973,15.420000076293945,605700,0.0,0.0
2022-05-12 00:00:00-04:00,15.119999885559082,16.6299991607666,14.760000228881836,15.930000305175781,860900,0.0,0.0
2022-05-13 00:00:00-04:00,16.290000915527344,17.34000015258789,15.779999732971191,16.979999542236328,746700,0.0,0.0
2022-05-16 00:00:00-04:00,16.8700008392334,17.1299991607666,16.010000228881836,16.649999618530273,441200,0.0,0.0
2022-05-17 00:00:00-04:00,17.100000381469727,17.43000030517578,16.40999984741211,16.690000534057617,489900,0.0,0.0
2022-05-18 00:00:00-04:00,16.399999618530273,16.600000381469727,15.489999771118164,15.710000038146973,699100,0.0,0.0
2022-05-19 00:00:00-04:00,15.699999809265137,16.780000686645508,15.699999809265137,16.450000762939453,562800,0.0,0.0
2022-05-20 00:00:00-04:00,16.809999465942383,16.979999542236328,15.829999923706055,16.469999313354492,1123600,0.0,0.0
2022-05-23 00:00:00-04:00,16.6299991607666,17.760000228881836,16.290000915527344,17.3799991607666,800700,0.0,0.0
2022-05-24 00:00:00-04:00,17.149999618530273,17.81999969482422,16.399999618530273,17.110000610351562,754200,0.0,0.0
2022-05-25 00:00:00-04:00,16.940000534057617,18.299999237060547,16.510000228881836,18.049999237060547,431400,0.0,0.0
2022-05-26 00:00:00-04:00,18.079999923706055,19.014999389648438,18.010000228881836,18.100000381469727,336800,0.0,0.0
2022-05-27 00:00:00-04:00,18.309999465942383,19.6200008392334,18.309999465942383,19.479999542236328,369700,0.0,0.0
2022-05-31 00:00:00-04:00,19.440000534057617,19.635000228881836,18.540000915527344,19.549999237060547,1538900,0.0,0.0
2022-06-01 00:00:00-04:00,19.670000076293945,19.774999618530273,18.530000686645508,19.1299991607666,630800,0.0,0.0
2022-06-02 00:00:00-04:00,19.0,20.729999542236328,18.899999618530273,20.15999984741211,517100,0.0,0.0
2022-06-03 00:00:00-04:00,19.899999618530273,19.969999313354492,19.2549991607666,19.440000534057617,407800,0.0,0.0
2022-06-06 00:00:00-04:00,19.93000030517578,20.145000457763672,19.049999237060547,19.079999923706055,402700,0.0,0.0
2022-06-07 00:00:00-04:00,18.770000457763672,20.014999389648438,18.11400032043457,19.8799991607666,303600,0.0,0.0
2022-06-08 00:00:00-04:00,19.520000457763672,20.270000457763672,19.479999542236328,19.639999389648438,377500,0.0,0.0
2022-06-09 00:00:00-04:00,19.489999771118164,19.8799991607666,19.350000381469727,19.479999542236328,422300,0.0,0.0
2022-06-10 00:00:00-04:00,18.8799991607666,19.374000549316406,18.649999618530273,18.780000686645508,435400,0.0,0.0
2022-06-13 00:00:00-04:00,17.959999084472656,18.56999969482422,17.350000381469727,18.170000076293945,513400,0.0,0.0
2022-06-14 00:00:00-04:00,18.31999969482422,18.93000030517578,17.850000381469727,18.610000610351562,475600,0.0,0.0
2022-06-15 00:00:00-04:00,18.829999923706055,19.739999771118164,18.420000076293945,19.200000762939453,875100,0.0,0.0
2022-06-16 00:00:00-04:00,18.520000457763672,19.549999237060547,17.920000076293945,18.5,675400,0.0,0.0
2022-06-17 00:00:00-04:00,18.5,19.84000015258789,18.5,19.549999237060547,736500,0.0,0.0
2022-06-21 00:00:00-04:00,20.229999542236328,21.260000228881836,19.649999618530273,21.190000534057617,647000,0.0,0.0
2022-06-22 00:00:00-04:00,20.719999313354492,22.325000762939453,20.709999084472656,22.0,678400,0.0,0.0
2022-06-23 00:00:00-04:00,22.079999923706055,24.690000534057617,22.079999923706055,23.829999923706055,699900,0.0,0.0
2022-06-24 00:00:00-04:00,23.940000534057617,24.239999771118164,23.389999389648438,24.1299991607666,1140800,0.0,0.0
2022-06-27 00:00:00-04:00,24.170000076293945,24.899999618530273,23.360000610351562,24.860000610351562,347100,0.0,0.0
2022-06-28 00:00:00-04:00,24.799999237060547,25.40999984741211,23.790000915527344,24.65999984741211,480500,0.0,0.0
2022-06-29 00:00:00-04:00,24.520000457763672,24.850000381469727,24.059999465942383,24.81999969482422,383100,0.0,0.0
2022-06-30 00:00:00-04:00,24.360000610351562,24.600000381469727,22.649999618530273,22.93000030517578,663900,0.0,0.0
2022-07-01 00:00:00-04:00,22.6299991607666,24.065000534057617,22.6299991607666,23.489999771118164,612100,0.0,0.0
2022-07-05 00:00:00-04:00,23.479999542236328,24.690000534057617,22.729999542236328,24.65999984741211,535300,0.0,0.0
2022-07-06 00:00:00-04:00,25.270000457763672,25.270000457763672,24.06999969482422,24.40999984741211,729500,0.0,0.0
2022-07-07 00:00:00-04:00,24.420000076293945,25.100000381469727,23.209999084472656,24.979999542236328,682500,0.0,0.0
2022-07-08 00:00:00-04:00,25.149999618530273,25.5,24.5,25.3799991607666,1001300,0.0,0.0
2022-07-11 00:00:00-04:00,25.200000762939453,26.059999465942383,24.540000915527344,25.84000015258789,692100,0.0,0.0
2022-07-12 00:00:00-04:00,25.899999618530273,26.489999771118164,24.200000762939453,24.549999237060547,373600,0.0,0.0
2022-07-13 00:00:00-04:00,23.850000381469727,24.996999740600586,23.489999771118164,24.690000534057617,248500,0.0,0.0
2022-07-14 00:00:00-04:00,24.420000076293945,24.829999923706055,23.84000015258789,24.5,255000,0.0,0.0
2022-07-15 00:00:00-04:00,25.09000015258789,25.09000015258789,24.21500015258789,24.6299991607666,331800,0.0,0.0
2022-07-18 00:00:00-04:00,25.059999465942383,25.399999618530273,24.139999389648438,24.149999618530273,256800,0.0,0.0
2022-07-19 00:00:00-04:00,24.549999237060547,24.829999923706055,23.3799991607666,24.110000610351562,275900,0.0,0.0
2022-07-20 00:00:00-04:00,24.420000076293945,25.68000030517578,24.40999984741211,25.649999618530273,432000,0.0,0.0
2022-07-21 00:00:00-04:00,25.700000762939453,25.780000686645508,25.149999618530273,25.649999618530273,229500,0.0,0.0
2022-07-22 00:00:00-04:00,25.719999313354492,25.739999771118164,22.940000534057617,23.209999084472656,294900,0.0,0.0
2022-07-25 00:00:00-04:00,23.18000030517578,24.18000030517578,22.639999389648438,23.809999465942383,350800,0.0,0.0
2022-07-26 00:00:00-04:00,23.719999313354492,24.1200008392334,23.174999237060547,23.829999923706055,155200,0.0,0.0
2022-07-27 00:00:00-04:00,24.170000076293945,24.885000228881836,23.84000015258789,24.709999084472656,151100,0.0,0.0
2022-07-28 00:00:00-04:00,24.709999084472656,25.760000228881836,23.81999969482422,25.579999923706055,200300,0.0,0.0
2022-07-29 00:00:00-04:00,25.34000015258789,26.0,24.969999313354492,25.979999542236328,394100,0.0,0.0
2022-08-01 00:00:00-04:00,25.84000015258789,27.0,25.360000610351562,26.959999084472656,623300,0.0,0.0
2022-08-02 00:00:00-04:00,26.81999969482422,28.760000228881836,26.739999771118164,28.530000686645508,504800,0.0,0.0
2022-08-03 00:00:00-04:00,28.0,29.520000457763672,28.0,29.290000915527344,720300,0.0,0.0
2022-08-04 00:00:00-04:00,29.399999618530273,30.110000610351562,28.06999969482422,29.329999923706055,732800,0.0,0.0
2022-08-05 00:00:00-04:00,22.969999313354492,25.219999313354492,21.700000762939453,24.5049991607666,1653500,0.0,0.0
2022-08-08 00:00:00-04:00,23.959999084472656,26.93000030517578,23.780000686645508,25.329999923706055,736600,0.0,0.0
2022-08-09 00:00:00-04:00,24.579999923706055,24.600000381469727,22.760000228881836,23.850000381469727,1759900,0.0,0.0
2022-08-10 00:00:00-04:00,23.899999618530273,24.030000686645508,23.170000076293945,23.559999465942383,1231900,0.0,0.0
2022-08-11 00:00:00-04:00,23.540000915527344,24.290000915527344,22.540000915527344,23.200000762939453,918300,0.0,0.0
2022-08-12 00:00:00-04:00,23.190000534057617,23.635000228881836,22.59000015258789,22.90999984741211,677700,0.0,0.0
2022-08-15 00:00:00-04:00,22.860000610351562,22.860000610351562,21.600000381469727,22.079999923706055,764500,0.0,0.0
2022-08-16 00:00:00-04:00,22.020000457763672,22.440000534057617,21.75,22.389999389648438,521600,0.0,0.0
2022-08-17 00:00:00-04:00,22.110000610351562,22.6200008392334,21.8799991607666,22.1200008392334,619300,0.0,0.0
2022-08-18 00:00:00-04:00,21.940000534057617,22.559999465942383,21.079999923706055,21.709999084472656,359600,0.0,0.0
2022-08-19 00:00:00-04:00,21.700000762939453,21.729999542236328,20.690000534057617,20.850000381469727,548700,0.0,0.0
2022-08-22 00:00:00-04:00,20.68000030517578,21.030000686645508,20.201000213623047,20.389999389648438,284600,0.0,0.0
2022-08-23 00:00:00-04:00,20.459999084472656,20.850000381469727,20.239999771118164,20.43000030517578,228400,0.0,0.0
2022-08-24 00:00:00-04:00,20.469999313354492,21.790000915527344,20.459999084472656,21.479999542236328,400500,0.0,0.0
2022-08-25 00:00:00-04:00,21.649999618530273,22.149999618530273,20.899999618530273,21.489999771118164,385500,0.0,0.0
2022-08-26 00:00:00-04:00,21.31999969482422,21.459999084472656,20.209999084472656,20.209999084472656,286400,0.0,0.0
2022-08-29 00:00:00-04:00,19.950000762939453,20.55500030517578,19.610000610351562,19.690000534057617,595100,0.0,0.0
2022-08-30 00:00:00-04:00,19.860000610351562,20.389999389648438,19.639999389648438,19.969999313354492,385800,0.0,0.0
2022-08-31 00:00:00-04:00,20.329999923706055,20.940000534057617,19.81999969482422,20.079999923706055,370600,0.0,0.0
2022-09-01 00:00:00-04:00,19.75,19.75,18.510000228881836,19.280000686645508,383400,0.0,0.0
2022-09-02 00:00:00-04:00,19.520000457763672,19.850000381469727,18.81999969482422,18.84000015258789,245000,0.0,0.0
2022-09-06 00:00:00-04:00,19.3700008392334,19.770000457763672,18.739999771118164,19.399999618530273,790900,0.0,0.0
2022-09-07 00:00:00-04:00,19.399999618530273,20.520000457763672,19.209999084472656,20.43000030517578,429400,0.0,0.0
2022-09-08 00:00:00-04:00,20.190000534057617,21.260000228881836,20.059999465942383,21.09000015258789,368600,0.0,0.0
2022-09-09 00:00:00-04:00,21.280000686645508,21.857999801635742,20.440000534057617,20.450000762939453,431300,0.0,0.0
2022-09-12 00:00:00-04:00,20.3700008392334,20.844999313354492,20.274999618530273,20.59000015258789,234800,0.0,0.0
2022-09-13 00:00:00-04:00,19.760000228881836,20.469999313354492,19.389999389648438,19.760000228881836,365200,0.0,0.0
2022-09-14 00:00:00-04:00,19.770000457763672,20.100000381469727,19.3700008392334,19.450000762939453,399900,0.0,0.0
2022-09-15 00:00:00-04:00,19.329999923706055,20.139999389648438,19.270000457763672,19.3799991607666,256700,0.0,0.0
2022-09-16 00:00:00-04:00,19.25,19.270000457763672,18.190000534057617,18.270000457763672,992500,0.0,0.0
2022-09-19 00:00:00-04:00,18.110000610351562,18.489999771118164,17.329999923706055,17.549999237060547,518500,0.0,0.0
2022-09-20 00:00:00-04:00,17.34000015258789,17.34000015258789,16.729999542236328,16.780000686645508,460200,0.0,0.0
2022-09-21 00:00:00-04:00,16.899999618530273,17.530000686645508,16.579999923706055,16.920000076293945,1067400,0.0,0.0
2022-09-22 00:00:00-04:00,16.6299991607666,16.950000762939453,16.110000610351562,16.719999313354492,499100,0.0,0.0
2022-09-23 00:00:00-04:00,16.520000457763672,16.988000869750977,16.209999084472656,16.770000457763672,368900,0.0,0.0
2022-09-26 00:00:00-04:00,16.739999771118164,17.360000610351562,16.200000762939453,16.239999771118164,287300,0.0,0.0
2022-09-27 00:00:00-04:00,16.440000534057617,17.110000610351562,16.440000534057617,16.600000381469727,336100,0.0,0.0
2022-09-28 00:00:00-04:00,16.600000381469727,17.170000076293945,16.43000030517578,16.809999465942383,252200,0.0,0.0
2022-09-29 00:00:00-04:00,16.510000228881836,16.700000762939453,15.899999618530273,16.579999923706055,319500,0.0,0.0
2022-09-30 00:00:00-04:00,16.59000015258789,17.010000228881836,15.539999961853027,15.539999961853027,468300,0.0,0.0
2022-10-03 00:00:00-04:00,15.630000114440918,16.350000381469727,15.529999732971191,16.280000686645508,430000,0.0,0.0
2022-10-04 00:00:00-04:00,16.68000030517578,17.385000228881836,16.6200008392334,17.010000228881836,418700,0.0,0.0
2022-10-05 00:00:00-04:00,16.59000015258789,16.704999923706055,15.819999694824219,16.450000762939453,435300,0.0,0.0
2022-10-06 00:00:00-04:00,16.459999084472656,16.700000762939453,15.720000267028809,16.09000015258789,540900,0.0,0.0
2022-10-07 00:00:00-04:00,15.920000076293945,15.920000076293945,14.770000457763672,14.819999694824219,377400,0.0,0.0
2022-10-10 00:00:00-04:00,14.75,15.039999961853027,13.569999694824219,14.239999771118164,615400,0.0,0.0
2022-10-11 00:00:00-04:00,14.069999694824219,14.5649995803833,13.8100004196167,14.300000190734863,498800,0.0,0.0
2022-10-12 00:00:00-04:00,14.220000267028809,14.5,13.529999732971191,13.880000114440918,661100,0.0,0.0
2022-10-13 00:00:00-04:00,13.430000305175781,14.960000038146973,13.0,14.4399995803833,1082800,0.0,0.0
2022-10-14 00:00:00-04:00,14.65999984741211,14.930000305175781,14.350000381469727,14.75,1177000,0.0,0.0
2022-10-17 00:00:00-04:00,15.119999885559082,15.920000076293945,14.680000305175781,14.880000114440918,647800,0.0,0.0
2022-10-18 00:00:00-04:00,15.300000190734863,15.979999542236328,15.1850004196167,15.5,483000,0.0,0.0
2022-10-19 00:00:00-04:00,15.34000015258789,15.34000015258789,14.34000015258789,14.430000305175781,285500,0.0,0.0
2022-10-20 00:00:00-04:00,14.4399995803833,15.020000457763672,14.199999809265137,14.5,276900,0.0,0.0
2022-10-21 00:00:00-04:00,14.489999771118164,14.630000114440918,13.90999984741211,14.279999732971191,354900,0.0,0.0
2022-10-24 00:00:00-04:00,14.430000305175781,15.1899995803833,14.125,15.050000190734863,430200,0.0,0.0
2022-10-25 00:00:00-04:00,15.079999923706055,16.219999313354492,15.079999923706055,16.0,392100,0.0,0.0
2022-10-26 00:00:00-04:00,15.880000114440918,16.40999984741211,15.489999771118164,15.6899995803833,380400,0.0,0.0
2022-10-27 00:00:00-04:00,15.859999656677246,15.920000076293945,15.300000190734863,15.520000457763672,377100,0.0,0.0
2022-10-28 00:00:00-04:00,15.300000190734863,16.100000381469727,15.220000267028809,15.739999771118164,409800,0.0,0.0
2022-10-31 00:00:00-04:00,15.619999885559082,15.920000076293945,15.350000381469727,15.779999732971191,434000,0.0,0.0
2022-11-01 00:00:00-04:00,16.020000457763672,16.135000228881836,15.420000076293945,15.65999984741211,469700,0.0,0.0
2022-11-02 00:00:00-04:00,15.670000076293945,15.670000076293945,14.420000076293945,14.5600004196167,742700,0.0,0.0
2022-11-03 00:00:00-04:00,14.420000076293945,14.420000076293945,13.460000038146973,13.829999923706055,781500,0.0,0.0
2022-11-04 00:00:00-04:00,12.0,12.289999961853027,10.095000267028809,10.920000076293945,3264900,0.0,0.0
2022-11-07 00:00:00-05:00,11.300000190734863,11.859999656677246,10.890000343322754,11.5,1944200,0.0,0.0
2022-11-08 00:00:00-05:00,11.369999885559082,11.430000305175781,10.149999618530273,10.229999542236328,1056700,0.0,0.0
2022-11-09 00:00:00-05:00,10.050000190734863,10.260000228881836,9.529999732971191,10.140000343322754,819800,0.0,0.0
2022-11-10 00:00:00-05:00,11.15999984741211,11.829999923706055,11.039999961853027,11.489999771118164,1796800,0.0,0.0
2022-11-11 00:00:00-05:00,11.4399995803833,12.1899995803833,11.350000381469727,11.920000076293945,1598000,0.0,0.0
2022-11-14 00:00:00-05:00,12.020000457763672,12.069999694824219,10.789999961853027,11.34000015258789,1201200,0.0,0.0
2022-11-15 00:00:00-05:00,11.760000228881836,11.979999542236328,11.390000343322754,11.640000343322754,1423300,0.0,0.0
2022-11-16 00:00:00-05:00,11.640000343322754,11.640000343322754,10.779999732971191,11.020000457763672,632100,0.0,0.0
2022-11-17 00:00:00-05:00,10.779999732971191,10.949999809265137,10.505999565124512,10.869999885559082,553100,0.0,0.0
2022-11-18 00:00:00-05:00,11.239999771118164,11.670000076293945,10.725000381469727,10.800000190734863,946500,0.0,0.0
2022-11-21 00:00:00-05:00,10.6899995803833,10.739999771118164,10.270000457763672,10.569999694824219,991700,0.0,0.0
2022-11-22 00:00:00-05:00,10.670000076293945,10.90999984741211,10.420000076293945,10.720000267028809,532100,0.0,0.0
2022-11-23 00:00:00-05:00,10.710000038146973,10.970000267028809,10.5600004196167,10.970000267028809,531100,0.0,0.0
2022-11-25 00:00:00-05:00,11.010000228881836,11.130000114440918,10.770000457763672,11.100000381469727,167500,0.0,0.0
2022-11-28 00:00:00-05:00,10.949999809265137,11.180000305175781,10.75,10.770000457763672,493000,0.0,0.0
2022-11-29 00:00:00-05:00,10.710000038146973,10.859999656677246,10.425000190734863,10.6899995803833,441600,0.0,0.0
2022-11-30 00:00:00-05:00,10.75,11.380000114440918,10.460000038146973,11.369999885559082,689300,0.0,0.0
2022-12-01 00:00:00-05:00,11.510000228881836,12.09000015258789,11.5,12.0,917500,0.0,0.0
2022-12-02 00:00:00-05:00,11.770000457763672,12.585000038146973,11.649999618530273,12.449999809265137,664200,0.0,0.0
2022-12-05 00:00:00-05:00,12.239999771118164,12.329999923706055,11.84000015258789,12.25,1009500,0.0,0.0
2022-12-06 00:00:00-05:00,12.25,12.25,11.350000381469727,11.649999618530273,1448700,0.0,0.0
2022-12-07 00:00:00-05:00,11.649999618530273,12.5,11.460000038146973,12.359999656677246,873600,0.0,0.0
2022-12-08 00:00:00-05:00,12.359999656677246,12.954999923706055,12.135000228881836,12.579999923706055,722000,0.0,0.0
2022-12-09 00:00:00-05:00,12.420000076293945,13.010000228881836,12.130000114440918,12.520000457763672,824200,0.0,0.0
2022-12-12 00:00:00-05:00,12.59000015258789,12.949999809265137,11.989999771118164,12.010000228881836,677700,0.0,0.0
2022-12-13 00:00:00-05:00,12.65999984741211,13.100000381469727,11.869999885559082,11.960000038146973,618500,0.0,0.0
2022-12-14 00:00:00-05:00,12.050000190734863,12.390000343322754,11.65999984741211,12.279999732971191,705700,0.0,0.0
2022-12-15 00:00:00-05:00,12.180000305175781,12.520000457763672,11.710000038146973,11.9399995803833,1018800,0.0,0.0
2022-12-16 00:00:00-05:00,11.710000038146973,11.9399995803833,11.25,11.699999809265137,1128200,0.0,0.0
2022-12-19 00:00:00-05:00,11.850000381469727,11.850000381469727,11.239999771118164,11.420000076293945,661000,0.0,0.0
2022-12-20 00:00:00-05:00,11.3100004196167,11.850000381469727,11.029999732971191,11.6899995803833,548100,0.0,0.0
2022-12-21 00:00:00-05:00,11.800000190734863,12.25,11.664999961853027,11.84000015258789,425900,0.0,0.0
2022-12-22 00:00:00-05:00,11.720000267028809,11.779999732971191,11.489999771118164,11.760000228881836,424300,0.0,0.0
2022-12-23 00:00:00-05:00,11.729999542236328,11.819999694824219,11.369999885559082,11.430000305175781,438300,0.0,0.0
2022-12-27 00:00:00-05:00,11.430000305175781,11.529999732971191,10.989999771118164,11.180000305175781,346300,0.0,0.0
2022-12-28 00:00:00-05:00,11.170000076293945,11.170000076293945,10.8149995803833,10.970000267028809,439800,0.0,0.0
2022-12-29 00:00:00-05:00,11.180000305175781,11.520000457763672,10.699999809265137,11.15999984741211,493800,0.0,0.0
2022-12-30 00:00:00-05:00,11.0600004196167,11.329999923706055,10.770000457763672,10.989999771118164,853400,0.0,0.0
2023-01-03 00:00:00-05:00,11.300000190734863,11.779999732971191,10.9399995803833,11.199999809265137,853000,0.0,0.0
2023-01-04 00:00:00-05:00,11.359999656677246,11.6899995803833,11.187999725341797,11.420000076293945,677400,0.0,0.0
2023-01-05 00:00:00-05:00,11.270000457763672,11.270000457763672,10.479999542236328,10.59000015258789,747900,0.0,0.0
2023-01-06 00:00:00-05:00,10.520000457763672,10.630000114440918,9.75,10.40999984741211,671200,0.0,0.0
2023-01-09 00:00:00-05:00,10.59000015258789,11.5600004196167,10.460000038146973,11.529999732971191,1229000,0.0,0.0
2023-01-10 00:00:00-05:00,11.460000038146973,12.1899995803833,11.239999771118164,12.020000457763672,734400,0.0,0.0
2023-01-11 00:00:00-05:00,12.130000114440918,12.479999542236328,12.029999732971191,12.430000305175781,827900,0.0,0.0
2023-01-12 00:00:00-05:00,12.479999542236328,12.890000343322754,11.850000381469727,11.979999542236328,965900,0.0,0.0
2023-01-13 00:00:00-05:00,11.800000190734863,12.420000076293945,11.800000190734863,12.399999618530273,288000,0.0,0.0
2023-01-17 00:00:00-05:00,12.350000381469727,12.880000114440918,12.125,12.539999961853027,616100,0.0,0.0
2023-01-18 00:00:00-05:00,12.670000076293945,12.6899995803833,11.449999809265137,11.59000015258789,497400,0.0,0.0
2023-01-19 00:00:00-05:00,11.5,11.699999809265137,11.319999694824219,11.420000076293945,261700,0.0,0.0
2023-01-20 00:00:00-05:00,11.529999732971191,11.609999656677246,11.399999618530273,11.4399995803833,302500,0.0,0.0
2023-01-23 00:00:00-05:00,11.520000457763672,12.039999961853027,11.289999961853027,11.970000267028809,716400,0.0,0.0
2023-01-24 00:00:00-05:00,11.9399995803833,12.069999694824219,11.595000267028809,11.710000038146973,377300,0.0,0.0
2023-01-25 00:00:00-05:00,11.479999542236328,11.75,11.050000190734863,11.720000267028809,561800,0.0,0.0
2023-01-26 00:00:00-05:00,11.899999618530273,12.210000038146973,11.430000305175781,11.770000457763672,652200,0.0,0.0
2023-01-27 00:00:00-05:00,11.6899995803833,12.609999656677246,11.6899995803833,12.25,725500,0.0,0.0
2023-01-30 00:00:00-05:00,12.100000381469727,12.270000457763672,11.65999984741211,11.989999771118164,500700,0.0,0.0
2023-01-31 00:00:00-05:00,12.020000457763672,12.555000305175781,11.90999984741211,12.380000114440918,341200,0.0,0.0
2023-02-01 00:00:00-05:00,12.399999618530273,13.119999885559082,12.130000114440918,13.010000228881836,706500,0.0,0.0
2023-02-02 00:00:00-05:00,13.460000038146973,14.029999732971191,12.989999771118164,13.75,875500,0.0,0.0
2023-02-03 00:00:00-05:00,13.399999618530273,13.699999809265137,13.0,13.119999885559082,521400,0.0,0.0
2023-02-06 00:00:00-05:00,12.960000038146973,12.989999771118164,12.40999984741211,12.899999618530273,426200,0.0,0.0
2023-02-07 00:00:00-05:00,12.890000343322754,13.265000343322754,12.770000457763672,13.170000076293945,393500,0.0,0.0
2023-02-08 00:00:00-05:00,13.199999809265137,13.460000038146973,12.970000267028809,13.050000190734863,268200,0.0,0.0
2023-02-09 00:00:00-05:00,13.25,13.329999923706055,12.640000343322754,12.729999542236328,467800,0.0,0.0
2023-02-10 00:00:00-05:00,12.640000343322754,12.890000343322754,12.270000457763672,12.600000381469727,556800,0.0,0.0
2023-02-13 00:00:00-05:00,12.640000343322754,13.024999618530273,12.399999618530273,12.970000267028809,450200,0.0,0.0
2023-02-14 00:00:00-05:00,12.869999885559082,13.380000114440918,12.664999961853027,13.350000381469727,508700,0.0,0.0
2023-02-15 00:00:00-05:00,13.229999542236328,14.020000457763672,13.170000076293945,14.010000228881836,885900,0.0,0.0
2023-02-16 00:00:00-05:00,13.720000267028809,13.890000343322754,13.180000305175781,13.619999885559082,845000,0.0,0.0
2023-02-17 00:00:00-05:00,13.520000457763672,13.520000457763672,11.75,12.279999732971191,2313300,0.0,0.0
2023-02-21 00:00:00-05:00,12.010000228881836,12.319999694824219,11.930000305175781,12.140000343322754,830300,0.0,0.0
2023-02-22 00:00:00-05:00,12.100000381469727,12.199999809265137,11.210000038146973,11.609999656677246,1136100,0.0,0.0
2023-02-23 00:00:00-05:00,11.850000381469727,12.229999542236328,11.569999694824219,12.100000381469727,883600,0.0,0.0
2023-02-24 00:00:00-05:00,11.100000381469727,12.59000015258789,10.75,12.020000457763672,1603800,0.0,0.0
2023-02-27 00:00:00-05:00,11.6899995803833,11.835000038146973,10.770000457763672,11.270000457763672,2426400,0.0,0.0
2023-02-28 00:00:00-05:00,11.279999732971191,11.710000038146973,11.234999656677246,11.420000076293945,1223100,0.0,0.0
2023-03-01 00:00:00-05:00,11.319999694824219,11.75,11.279999732971191,11.449999809265137,767900,0.0,0.0
2023-03-02 00:00:00-05:00,11.380000114440918,11.880000114440918,11.220000267028809,11.880000114440918,705900,0.0,0.0
2023-03-03 00:00:00-05:00,12.039999961853027,12.420000076293945,11.930000305175781,12.300000190734863,554200,0.0,0.0
2023-03-06 00:00:00-05:00,12.369999885559082,12.369999885559082,11.739999771118164,11.850000381469727,617900,0.0,0.0
2023-03-07 00:00:00-05:00,11.880000114440918,12.243000030517578,11.680000305175781,12.109999656677246,595000,0.0,0.0
2023-03-08 00:00:00-05:00,12.09000015258789,12.119999885559082,11.6899995803833,11.75,407500,0.0,0.0
2023-03-09 00:00:00-05:00,11.800000190734863,11.930000305175781,11.289999961853027,11.289999961853027,564700,0.0,0.0
2023-03-10 00:00:00-05:00,11.289999961853027,11.319999694824219,10.6899995803833,11.029999732971191,880300,0.0,0.0
2023-03-13 00:00:00-04:00,10.90999984741211,11.510000228881836,10.649999618530273,11.329999923706055,1350000,0.0,0.0
2023-03-14 00:00:00-04:00,11.5,12.130000114440918,11.5,11.890000343322754,606300,0.0,0.0
2023-03-15 00:00:00-04:00,11.600000381469727,12.069999694824219,11.234999656677246,11.289999961853027,1665200,0.0,0.0
2023-03-16 00:00:00-04:00,11.1899995803833,11.710000038146973,11.069999694824219,11.350000381469727,977500,0.0,0.0
2023-03-17 00:00:00-04:00,11.329999923706055,11.449999809265137,11.029999732971191,11.050000190734863,704900,0.0,0.0
2023-03-20 00:00:00-04:00,11.050000190734863,11.09000015258789,10.699999809265137,10.760000228881836,1934400,0.0,0.0
2023-03-21 00:00:00-04:00,10.869999885559082,11.1899995803833,10.84000015258789,11.119999885559082,1600500,0.0,0.0
2023-03-22 00:00:00-04:00,11.180000305175781,11.335000038146973,10.880000114440918,10.890000343322754,1422700,0.0,0.0
2023-03-23 00:00:00-04:00,11.010000228881836,11.09000015258789,10.539999961853027,10.609999656677246,635300,0.0,0.0
2023-03-24 00:00:00-04:00,10.5,10.680000305175781,10.119999885559082,10.279999732971191,719500,0.0,0.0
2023-03-27 00:00:00-04:00,10.390000343322754,10.579999923706055,10.289999961853027,10.390000343322754,904100,0.0,0.0
2023-03-28 00:00:00-04:00,10.300000190734863,10.305000305175781,9.770000457763672,9.779999732971191,831100,0.0,0.0
2023-03-29 00:00:00-04:00,9.84000015258789,9.909000396728516,9.420000076293945,9.760000228881836,1538000,0.0,0.0
2023-03-30 00:00:00-04:00,9.859999656677246,10.119999885559082,9.710000038146973,9.720000267028809,1256600,0.0,0.0
2023-03-31 00:00:00-04:00,9.760000228881836,10.369999885559082,9.760000228881836,10.329999923706055,1877900,0.0,0.0
2023-04-03 00:00:00-04:00,10.279999732971191,10.305000305175781,9.890000343322754,10.15999984741211,855800,0.0,0.0
2023-04-04 00:00:00-04:00,10.199999809265137,10.25,9.779999732971191,10.199999809265137,642900,0.0,0.0
2023-04-05 00:00:00-04:00,10.199999809265137,10.350000381469727,9.920000076293945,10.1899995803833,516200,0.0,0.0
2023-04-06 00:00:00-04:00,10.180000305175781,10.550000190734863,10.024999618530273,10.470000267028809,925900,0.0,0.0
2023-04-10 00:00:00-04:00,10.390000343322754,10.460000038146973,10.15999984741211,10.449999809265137,396600,0.0,0.0
2023-04-11 00:00:00-04:00,10.449999809265137,10.850000381469727,10.399999618530273,10.789999961853027,571900,0.0,0.0
2023-04-12 00:00:00-04:00,10.989999771118164,11.289999961853027,10.760000228881836,10.850000381469727,1057800,0.0,0.0
2023-04-13 00:00:00-04:00,10.970000267028809,11.4399995803833,10.970000267028809,11.140000343322754,1168000,0.0,0.0
2023-04-14 00:00:00-04:00,11.130000114440918,11.25,10.8100004196167,10.819999694824219,354200,0.0,0.0
2023-04-17 00:00:00-04:00,10.800000190734863,11.050000190734863,10.539999961853027,10.989999771118164,561900,0.0,0.0
2023-04-18 00:00:00-04:00,11.100000381469727,11.119999885559082,10.8100004196167,10.979999542236328,385500,0.0,0.0
2023-04-19 00:00:00-04:00,11.140000343322754,11.449999809265137,11.010000228881836,11.229999542236328,571200,0.0,0.0
2023-04-20 00:00:00-04:00,11.130000114440918,11.204999923706055,10.84000015258789,11.039999961853027,817200,0.0,0.0
2023-04-21 00:00:00-04:00,11.109999656677246,11.994999885559082,11.069999694824219,11.859999656677246,570400,0.0,0.0
2023-04-24 00:00:00-04:00,11.84000015258789,11.899999618530273,11.430000305175781,11.479999542236328,425100,0.0,0.0
2023-04-25 00:00:00-04:00,11.380000114440918,11.430000305175781,10.460000038146973,10.489999771118164,393700,0.0,0.0
2023-04-26 00:00:00-04:00,10.390000343322754,10.729999542236328,10.350000381469727,10.630000114440918,403700,0.0,0.0
2023-04-27 00:00:00-04:00,10.760000228881836,10.90999984741211,10.40999984741211,10.729999542236328,578600,0.0,0.0
2023-04-28 00:00:00-04:00,10.710000038146973,10.970000267028809,10.399999618530273,10.699999809265137,535800,0.0,0.0
2023-05-01 00:00:00-04:00,10.640000343322754,10.850000381469727,10.5,10.6899995803833,1440300,0.0,0.0
2023-05-02 00:00:00-04:00,10.600000381469727,10.670000076293945,9.515000343322754,10.010000228881836,926900,0.0,0.0
2023-05-03 00:00:00-04:00,10.0600004196167,10.449999809265137,9.90999984741211,10.119999885559082,1072900,0.0,0.0
2023-05-04 00:00:00-04:00,10.069999694824219,10.119999885559082,9.65999984741211,9.899999618530273,1521400,0.0,0.0
2023-05-05 00:00:00-04:00,9.460000038146973,10.729999542236328,8.710000038146973,10.210000038146973,1476700,0.0,0.0
2023-05-08 00:00:00-04:00,10.140000343322754,10.399999618530273,9.960000038146973,10.069999694824219,848300,0.0,0.0
2023-05-09 00:00:00-04:00,10.020000457763672,10.0600004196167,9.529999732971191,9.75,583000,0.0,0.0
2023-05-10 00:00:00-04:00,9.899999618530273,9.899999618530273,9.390000343322754,9.8100004196167,805100,0.0,0.0
2023-05-11 00:00:00-04:00,9.720000267028809,9.789999961853027,9.430000305175781,9.770000457763672,505900,0.0,0.0
2023-05-12 00:00:00-04:00,9.6899995803833,9.765000343322754,8.75100040435791,9.119999885559082,1984400,0.0,0.0
2023-05-15 00:00:00-04:00,9.15999984741211,9.520000457763672,9.029999732971191,9.5,805100,0.0,0.0
2023-05-16 00:00:00-04:00,9.390000343322754,9.444999694824219,8.994999885559082,9.020000457763672,618800,0.0,0.0
2023-05-17 00:00:00-04:00,9.010000228881836,9.128999710083008,8.895000457763672,9.0,733800,0.0,0.0
2023-05-18 00:00:00-04:00,8.979999542236328,9.21500015258789,8.869999885559082,9.170000076293945,978300,0.0,0.0
2023-05-19 00:00:00-04:00,9.279999732971191,9.449999809265137,9.050000190734863,9.270000457763672,882000,0.0,0.0
2023-05-22 00:00:00-04:00,9.289999961853027,9.739999771118164,9.270000457763672,9.600000381469727,577000,0.0,0.0
2023-05-23 00:00:00-04:00,9.569999694824219,9.770000457763672,9.380000114440918,9.420000076293945,874800,0.0,0.0
2023-05-24 00:00:00-04:00,9.329999923706055,9.390000343322754,9.199999809265137,9.350000381469727,510400,0.0,0.0
2023-05-25 00:00:00-04:00,9.420000076293945,9.545000076293945,9.265000343322754,9.479999542236328,752400,0.0,0.0
2023-05-26 00:00:00-04:00,9.489999771118164,9.670000076293945,9.359999656677246,9.380000114440918,614800,0.0,0.0
2023-05-30 00:00:00-04:00,9.5,9.65999984741211,9.399999618530273,9.600000381469727,548800,0.0,0.0
2023-05-31 00:00:00-04:00,9.600000381469727,9.779999732971191,9.489999771118164,9.739999771118164,827700,0.0,0.0
2023-06-01 00:00:00-04:00,9.729999542236328,10.539999961853027,9.5,10.399999618530273,1173300,0.0,0.0
2023-06-02 00:00:00-04:00,10.539999961853027,10.9399995803833,10.539999961853027,10.920000076293945,1004400,0.0,0.0
2023-06-05 00:00:00-04:00,10.9399995803833,11.149999618530273,10.699999809265137,10.84000015258789,514300,0.0,0.0
2023-06-06 00:00:00-04:00,10.84000015258789,11.020000457763672,10.529999732971191,10.890000343322754,701400,0.0,0.0
2023-06-07 00:00:00-04:00,11.0,11.25,10.539999961853027,10.569999694824219,479800,0.0,0.0
2023-06-08 00:00:00-04:00,10.5600004196167,10.595000267028809,10.10099983215332,10.260000228881836,581800,0.0,0.0
2023-06-09 00:00:00-04:00,10.34000015258789,10.4399995803833,10.0,10.050000190734863,442800,0.0,0.0
2023-06-12 00:00:00-04:00,10.09000015258789,10.675000190734863,10.005000114440918,10.630000114440918,653700,0.0,0.0
2023-06-13 00:00:00-04:00,10.75,11.055000305175781,10.625,10.899999618530273,559400,0.0,0.0
2023-06-14 00:00:00-04:00,10.890000343322754,10.890000343322754,10.579999923706055,10.59000015258789,594000,0.0,0.0
2023-06-15 00:00:00-04:00,10.479999542236328,11.0,10.479999542236328,10.9399995803833,637500,0.0,0.0
2023-06-16 00:00:00-04:00,11.0600004196167,11.09000015258789,10.649999618530273,10.800000190734863,700300,0.0,0.0
2023-06-20 00:00:00-04:00,10.699999809265137,10.84000015258789,10.5,10.710000038146973,1041700,0.0,0.0
2023-06-21 00:00:00-04:00,10.579999923706055,10.670000076293945,9.670000076293945,9.770000457763672,1097500,0.0,0.0
2023-06-22 00:00:00-04:00,9.699999809265137,9.930000305175781,9.510000228881836,9.789999961853027,737500,0.0,0.0
2023-06-23 00:00:00-04:00,9.670000076293945,9.920000076293945,9.59000015258789,9.859999656677246,5689900,0.0,0.0
2023-06-26 00:00:00-04:00,9.8100004196167,10.295000076293945,9.729999542236328,10.149999618530273,558100,0.0,0.0
2023-06-27 00:00:00-04:00,10.149999618530273,10.569999694824219,10.050000190734863,10.5600004196167,480300,0.0,0.0
2023-06-28 00:00:00-04:00,10.479999542236328,10.729999542236328,10.319999694824219,10.729999542236328,667700,0.0,0.0
2023-06-29 00:00:00-04:00,10.760000228881836,10.970000267028809,10.59000015258789,10.8100004196167,543800,0.0,0.0
2023-06-30 00:00:00-04:00,10.949999809265137,11.25,10.795000076293945,11.0,555400,0.0,0.0
2023-07-03 00:00:00-04:00,11.0,11.130000114440918,10.789999961853027,11.0,239300,0.0,0.0
2023-07-05 00:00:00-04:00,10.880000114440918,10.899999618530273,10.720000267028809,10.770000457763672,344100,0.0,0.0
2023-07-06 00:00:00-04:00,10.539999961853027,10.670000076293945,10.279999732971191,10.640000343322754,367600,0.0,0.0
2023-07-07 00:00:00-04:00,10.75,11.024999618530273,10.670000076293945,10.670000076293945,716600,0.0,0.0
2023-07-10 00:00:00-04:00,10.75,11.204999923706055,10.675000190734863,11.180000305175781,827700,0.0,0.0
2023-07-11 00:00:00-04:00,11.319999694824219,11.645000457763672,11.260000228881836,11.430000305175781,508300,0.0,0.0
2023-07-12 00:00:00-04:00,11.710000038146973,11.960000038146973,11.539999961853027,11.8100004196167,443000,0.0,0.0
2023-07-13 00:00:00-04:00,11.890000343322754,11.970000267028809,11.510000228881836,11.609999656677246,598200,0.0,0.0
2023-07-14 00:00:00-04:00,11.670000076293945,11.84000015258789,11.430000305175781,11.65999984741211,397900,0.0,0.0
2023-07-17 00:00:00-04:00,11.6899995803833,12.050000190734863,11.640000343322754,12.0,381300,0.0,0.0
2023-07-18 00:00:00-04:00,12.069999694824219,12.4399995803833,11.869999885559082,12.119999885559082,463600,0.0,0.0
2023-07-19 00:00:00-04:00,12.260000228881836,12.454999923706055,11.8100004196167,11.899999618530273,422300,0.0,0.0
2023-07-20 00:00:00-04:00,11.890000343322754,12.0,11.510000228881836,11.579999923706055,328600,0.0,0.0
2023-07-21 00:00:00-04:00,11.720000267028809,11.859999656677246,11.329999923706055,11.529999732971191,442000,0.0,0.0
2023-07-24 00:00:00-04:00,10.979999542236328,11.539999961853027,10.680000305175781,11.380000114440918,707000,0.0,0.0
2023-07-25 00:00:00-04:00,11.510000228881836,11.510000228881836,11.260000228881836,11.470000267028809,405600,0.0,0.0
2023-07-26 00:00:00-04:00,11.460000038146973,12.1899995803833,11.350000381469727,12.100000381469727,527500,0.0,0.0
2023-07-27 00:00:00-04:00,12.300000190734863,12.369999885559082,11.319999694824219,11.319999694824219,595500,0.0,0.0
2023-07-28 00:00:00-04:00,11.569999694824219,11.779999732971191,11.529999732971191,11.630000114440918,313800,0.0,0.0
2023-07-31 00:00:00-04:00,11.65999984741211,11.970000267028809,11.65999984741211,11.829999923706055,295700,0.0,0.0
2023-08-01 00:00:00-04:00,11.819999694824219,11.970000267028809,10.779999732971191,11.34000015258789,600400,0.0,0.0
2023-08-02 00:00:00-04:00,11.140000343322754,11.520000457763672,10.989999771118164,11.4399995803833,734300,0.0,0.0
2023-08-03 00:00:00-04:00,11.380000114440918,11.380000114440918,10.90999984741211,10.960000038146973,414600,0.0,0.0
2023-08-04 00:00:00-04:00,11.039999961853027,11.600000381469727,10.890999794006348,11.3100004196167,440800,0.0,0.0
2023-08-07 00:00:00-04:00,11.300000190734863,11.470000267028809,11.020000457763672,11.34000015258789,313000,0.0,0.0
2023-08-08 00:00:00-04:00,11.140000343322754,11.4399995803833,10.949999809265137,11.390000343322754,377500,0.0,0.0
2023-08-09 00:00:00-04:00,11.34000015258789,11.34000015258789,10.710000038146973,10.8100004196167,406300,0.0,0.0
2023-08-10 00:00:00-04:00,10.970000267028809,11.010000228881836,10.520000457763672,10.539999961853027,318800,0.0,0.0
2023-08-11 00:00:00-04:00,10.420000076293945,10.640000343322754,10.335000038146973,10.550000190734863,468000,0.0,0.0
2023-08-14 00:00:00-04:00,10.520000457763672,10.59000015258789,10.350000381469727,10.479999542236328,397300,0.0,0.0
2023-08-15 00:00:00-04:00,9.729999542236328,10.65999984741211,9.5,10.130000114440918,945600,0.0,0.0
2023-08-16 00:00:00-04:00,10.020000457763672,10.180000305175781,9.675000190734863,10.0,452600,0.0,0.0
2023-08-17 00:00:00-04:00,10.010000228881836,10.239999771118164,9.869999885559082,10.0,544100,0.0,0.0
2023-08-18 00:00:00-04:00,9.859999656677246,10.050000190734863,9.649999618530273,9.899999618530273,878700,0.0,0.0
2023-08-21 00:00:00-04:00,9.890000343322754,10.239999771118164,9.75,9.979999542236328,335200,0.0,0.0
2023-08-22 00:00:00-04:00,10.050000190734863,10.199999809265137,9.979999542236328,10.149999618530273,594200,0.0,0.0
2023-08-23 00:00:00-04:00,10.0600004196167,10.0649995803833,9.09000015258789,9.449999809265137,1855000,0.0,0.0
2023-08-24 00:00:00-04:00,9.5,9.550000190734863,9.204999923706055,9.390000343322754,950700,0.0,0.0
2023-08-25 00:00:00-04:00,9.350000381469727,9.5600004196167,9.260000228881836,9.380000114440918,749500,0.0,0.0
2023-08-28 00:00:00-04:00,9.460000038146973,9.619999885559082,9.40999984741211,9.550000190734863,366400,0.0,0.0
2023-08-29 00:00:00-04:00,9.510000228881836,9.619999885559082,9.40999984741211,9.46500015258789,521300,0.0,0.0
2023-08-30 00:00:00-04:00,9.460000038146973,9.680000305175781,9.399999618530273,9.550000190734863,579600,0.0,0.0
2023-08-31 00:00:00-04:00,9.539999961853027,9.670000076293945,9.380000114440918,9.399999618530273,491600,0.0,0.0
2023-09-01 00:00:00-04:00,9.479999542236328,9.619999885559082,9.180000305175781,9.220000267028809,460900,0.0,0.0
2023-09-05 00:00:00-04:00,9.149999618530273,9.244999885559082,9.0,9.100000381469727,701100,0.0,0.0
2023-09-06 00:00:00-04:00,9.140000343322754,9.279999732971191,8.989999771118164,9.039999961853027,573600,0.0,0.0
2023-09-07 00:00:00-04:00,8.979999542236328,9.010000228881836,8.75,8.904999732971191,380500,0.0,0.0
2023-09-08 00:00:00-04:00,8.880000114440918,9.029999732971191,8.710000038146973,8.920000076293945,702100,0.0,0.0
2023-09-11 00:00:00-04:00,8.979999542236328,9.140000343322754,8.890000343322754,9.039999961853027,777300,0.0,0.0
2023-09-12 00:00:00-04:00,9.029999732971191,9.125,8.859999656677246,9.069999694824219,542700,0.0,0.0
2023-09-13 00:00:00-04:00,9.079999923706055,9.079999923706055,8.210000038146973,8.3100004196167,792000,0.0,0.0
2023-09-14 00:00:00-04:00,8.329999923706055,8.600000381469727,8.100000381469727,8.270000457763672,685800,0.0,0.0
2023-09-15 00:00:00-04:00,8.270000457763672,8.279999732971191,8.045000076293945,8.109999656677246,864900,0.0,0.0
2023-09-18 00:00:00-04:00,8.050000190734863,8.069999694824219,7.840000152587891,7.849999904632568,1072300,0.0,0.0
2023-09-19 00:00:00-04:00,7.849999904632568,7.965000152587891,7.755000114440918,7.900000095367432,679400,0.0,0.0
2023-09-20 00:00:00-04:00,7.989999771118164,8.069999694824219,7.760000228881836,7.769999980926514,347900,0.0,0.0
2023-09-21 00:00:00-04:00,7.679999828338623,7.90500020980835,7.579999923706055,7.809999942779541,483200,0.0,0.0
2023-09-22 00:00:00-04:00,7.730000019073486,8.039999961853027,7.730000019073486,7.889999866485596,564400,0.0,0.0
2023-09-25 00:00:00-04:00,7.849999904632568,7.925000190734863,7.744999885559082,7.900000095367432,333800,0.0,0.0
2023-09-26 00:00:00-04:00,7.840000152587891,8.039999961853027,7.744999885559082,7.800000190734863,371100,0.0,0.0
2023-09-27 00:00:00-04:00,7.829999923706055,8.039999961853027,7.78000020980835,7.889999866485596,490300,0.0,0.0
2023-09-28 00:00:00-04:00,7.869999885559082,8.055000305175781,7.809999942779541,8.0,606000,0.0,0.0
2023-09-29 00:00:00-04:00,8.0,8.069999694824219,7.849999904632568,7.989999771118164,493800,0.0,0.0
2023-10-02 00:00:00-04:00,7.96999979019165,7.96999979019165,7.670000076293945,7.78000020980835,502000,0.0,0.0
2023-10-03 00:00:00-04:00,7.699999809265137,7.760000228881836,7.599999904632568,7.599999904632568,438500,0.0,0.0
2023-10-04 00:00:00-04:00,7.599999904632568,7.635000228881836,7.449999809265137,7.550000190734863,474700,0.0,0.0
2023-10-05 00:00:00-04:00,7.539999961853027,7.639999866485596,7.190000057220459,7.329999923706055,1176600,0.0,0.0
2023-10-06 00:00:00-04:00,7.28000020980835,7.360000133514404,7.039999961853027,7.199999809265137,1241900,0.0,0.0
2023-10-09 00:00:00-04:00,7.110000133514404,7.510000228881836,7.019999980926514,7.449999809265137,751000,0.0,0.0
2023-10-10 00:00:00-04:00,7.440000057220459,7.679999828338623,7.414999961853027,7.440000057220459,514600,0.0,0.0
2023-10-11 00:00:00-04:00,7.449999809265137,7.570000171661377,6.960000038146973,7.099999904632568,727900,0.0,0.0
2023-10-12 00:00:00-04:00,7.139999866485596,7.210000038146973,6.804999828338623,6.900000095367432,697100,0.0,0.0
2023-10-13 00:00:00-04:00,6.800000190734863,6.869999885559082,6.5,6.804999828338623,1927900,0.0,0.0
2023-10-16 00:00:00-04:00,6.840000152587891,7.210000038146973,6.71999979019165,6.800000190734863,4555200,0.0,0.0
2023-10-17 00:00:00-04:00,6.71999979019165,7.150000095367432,6.619999885559082,6.96999979019165,3573200,0.0,0.0
2023-10-18 00:00:00-04:00,6.929999828338623,7.255000114440918,6.909999847412109,7.079999923706055,1425900,0.0,0.0
2023-10-19 00:00:00-04:00,7.139999866485596,7.739999771118164,7.119999885559082,7.579999923706055,2607100,0.0,0.0
2023-10-20 00:00:00-04:00,7.610000133514404,7.610000133514404,6.494999885559082,6.550000190734863,1898600,0.0,0.0
2023-10-23 00:00:00-04:00,6.449999809265137,6.630000114440918,6.304999828338623,6.320000171661377,754900,0.0,0.0
2023-10-24 00:00:00-04:00,6.329999923706055,6.574999809265137,6.320000171661377,6.46999979019165,902100,0.0,0.0
2023-10-25 00:00:00-04:00,6.449999809265137,6.449999809265137,6.130000114440918,6.150000095367432,774300,0.0,0.0
2023-10-26 00:00:00-04:00,6.199999809265137,6.289999961853027,6.079999923706055,6.110000133514404,479900,0.0,0.0
2023-10-27 00:00:00-04:00,6.119999885559082,6.320000171661377,5.909999847412109,5.940000057220459,478000,0.0,0.0
2023-10-30 00:00:00-04:00,6.019999980926514,6.050000190734863,5.824999809265137,5.960000038146973,655300,0.0,0.0
2023-10-31 00:00:00-04:00,5.949999809265137,5.989999771118164,5.730000019073486,5.760000228881836,500000,0.0,0.0
2023-11-01 00:00:00-04:00,5.71999979019165,5.800000190734863,5.53000020980835,5.699999809265137,623400,0.0,0.0
2023-11-02 00:00:00-04:00,5.820000171661377,6.079999923706055,5.800000190734863,6.059999942779541,1002200,0.0,0.0
2023-11-03 00:00:00-04:00,6.670000076293945,7.857999801635742,6.670000076293945,7.269999980926514,2035700,0.0,0.0
2023-11-06 00:00:00-05:00,7.369999885559082,7.909999847412109,7.369999885559082,7.489999771118164,1201900,0.0,0.0
2023-11-07 00:00:00-05:00,7.420000076293945,7.670000076293945,7.321000099182129,7.380000114440918,830400,0.0,0.0
2023-11-08 00:00:00-05:00,7.340000152587891,7.449999809265137,6.980000019073486,7.449999809265137,802100,0.0,0.0
2023-11-09 00:00:00-05:00,7.489999771118164,7.519999980926514,6.909999847412109,6.929999828338623,920600,0.0,0.0
2023-11-10 00:00:00-05:00,6.940000057220459,7.179999828338623,6.800000190734863,7.179999828338623,483900,0.0,0.0
2023-11-13 00:00:00-05:00,7.099999904632568,7.590000152587891,7.099999904632568,7.519999980926514,634700,0.0,0.0
2023-11-14 00:00:00-05:00,7.829999923706055,8.289999961853027,7.829999923706055,8.289999961853027,756800,0.0,0.0
2023-11-15 00:00:00-05:00,8.25,8.5,8.15999984741211,8.380000114440918,817900,0.0,0.0
2023-11-16 00:00:00-05:00,8.229999542236328,8.25,7.940000057220459,7.980000019073486,620600,0.0,0.0
2023-11-17 00:00:00-05:00,8.09000015258789,8.199999809265137,7.949999809265137,8.140000343322754,451600,0.0,0.0
2023-11-20 00:00:00-05:00,8.109999656677246,8.40999984741211,8.109999656677246,8.25,386200,0.0,0.0
2023-11-21 00:00:00-05:00,8.180000305175781,8.210000038146973,7.900000095367432,7.920000076293945,339800,0.0,0.0
2023-11-22 00:00:00-05:00,8.050000190734863,8.390000343322754,7.900000095367432,8.039999961853027,320000,0.0,0.0
2023-11-24 00:00:00-05:00,8.020000457763672,8.210000038146973,7.920000076293945,8.1899995803833,182200,0.0,0.0
2023-11-27 00:00:00-05:00,8.119999885559082,8.28499984741211,7.960000038146973,7.989999771118164,548700,0.0,0.0
2023-11-28 00:00:00-05:00,7.849999904632568,8.28499984741211,7.739999771118164,8.100000381469727,368000,0.0,0.0
2023-11-29 00:00:00-05:00,8.25,8.4350004196167,8.069999694824219,8.100000381469727,383100,0.0,0.0
2023-11-30 00:00:00-05:00,8.180000305175781,8.470000267028809,7.920000076293945,8.25,781600,0.0,0.0
2023-12-01 00:00:00-05:00,8.140000343322754,8.5600004196167,8.069999694824219,8.520000457763672,398600,0.0,0.0
2023-12-04 00:00:00-05:00,8.510000228881836,8.8100004196167,8.319999694824219,8.800000190734863,602900,0.0,0.0
2023-12-05 00:00:00-05:00,8.699999809265137,8.760000228881836,8.289999961853027,8.470000267028809,982500,0.0,0.0
2023-12-06 00:00:00-05:00,8.390000343322754,8.78499984741211,8.390000343322754,8.5,462900,0.0,0.0
2023-12-07 00:00:00-05:00,8.520000457763672,8.59000015258789,8.390000343322754,8.460000038146973,463200,0.0,0.0
2023-12-08 00:00:00-05:00,8.4399995803833,8.710000038146973,8.359999656677246,8.600000381469727,365900,0.0,0.0
2023-12-11 00:00:00-05:00,8.579999923706055,8.640000343322754,8.399999618530273,8.5600004196167,377500,0.0,0.0
2023-12-12 00:00:00-05:00,8.550000190734863,8.619999885559082,8.380000114440918,8.5,391200,0.0,0.0
2023-12-13 00:00:00-05:00,8.5,8.869999885559082,8.345000267028809,8.850000381469727,564500,0.0,0.0
2023-12-14 00:00:00-05:00,9.010000228881836,9.380000114440918,8.869999885559082,9.029999732971191,734400,0.0,0.0
2023-12-15 00:00:00-05:00,9.1899995803833,9.1899995803833,8.789999961853027,8.819999694824219,941600,0.0,0.0
2023-12-18 00:00:00-05:00,8.90999984741211,9.225000381469727,8.65999984741211,9.069999694824219,591400,0.0,0.0
2023-12-19 00:00:00-05:00,9.229999542236328,9.829999923706055,9.229999542236328,9.520000457763672,810200,0.0,0.0
2023-12-20 00:00:00-05:00,9.449999809265137,9.65999984741211,8.8100004196167,9.5,909900,0.0,0.0
2023-12-21 00:00:00-05:00,9.640000343322754,9.760000228881836,9.505000114440918,9.59000015258789,560300,0.0,0.0
2023-12-22 00:00:00-05:00,9.609999656677246,9.880000114440918,9.609999656677246,9.789999961853027,381100,0.0,0.0
2023-12-26 00:00:00-05:00,9.930000305175781,10.199999809265137,9.770000457763672,10.130000114440918,431100,0.0,0.0
2023-12-27 00:00:00-05:00,10.1899995803833,10.289999961853027,9.930000305175781,10.130000114440918,410100,0.0,0.0
2023-12-28 00:00:00-05:00,10.029999732971191,10.210000038146973,10.029999732971191,10.210000038146973,468100,0.0,0.0
2023-12-29 00:00:00-05:00,10.210000038146973,10.390000343322754,9.90999984741211,9.9399995803833,385600,0.0,0.0
2024-01-02 00:00:00-05:00,9.819999694824219,10.479999542236328,9.701000213623047,10.149999618530273,635300,0.0,0.0
2024-01-03 00:00:00-05:00,9.920000076293945,9.960000038146973,9.614999771118164,9.680000305175781,789300,0.0,0.0
2024-01-04 00:00:00-05:00,9.699999809265137,9.699999809265137,8.635000228881836,8.829999923706055,1304100,0.0,0.0
2024-01-05 00:00:00-05:00,8.229999542236328,9.055000305175781,8.229999542236328,9.0,1208200,0.0,0.0
2024-01-08 00:00:00-05:00,9.050000190734863,9.579999923706055,8.890000343322754,9.4399995803833,875700,0.0,0.0
2024-01-09 00:00:00-05:00,9.239999771118164,9.555000305175781,9.029999732971191,9.359999656677246,590500,0.0,0.0
2024-01-10 00:00:00-05:00,9.34000015258789,9.380000114440918,9.020000457763672,9.079999923706055,466900,0.0,0.0
2024-01-11 00:00:00-05:00,9.079999923706055,9.579999923706055,8.779999732971191,9.399999618530273,842700,0.0,0.0
2024-01-12 00:00:00-05:00,9.529999732971191,9.640000343322754,9.324999809265137,9.40999984741211,525800,0.0,0.0
2024-01-16 00:00:00-05:00,9.380000114440918,9.40999984741211,9.109999656677246,9.1899995803833,736900,0.0,0.0
2024-01-17 00:00:00-05:00,7.760000228881836,8.75,7.75,8.585000038146973,2069400,0.0,0.0
2024-01-18 00:00:00-05:00,8.729999542236328,8.75,8.149999618530273,8.25,1006900,0.0,0.0
2024-01-19 00:00:00-05:00,8.369999885559082,8.800000190734863,8.15999984741211,8.699999809265137,545600,0.0,0.0
2024-01-22 00:00:00-05:00,8.960000038146973,9.34000015258789,8.960000038146973,9.289999961853027,626900,0.0,0.0
2024-01-23 00:00:00-05:00,9.460000038146973,9.460000038146973,9.119999885559082,9.239999771118164,378900,0.0,0.0
2024-01-24 00:00:00-05:00,9.430000305175781,9.470000267028809,9.1899995803833,9.260000228881836,388400,0.0,0.0
2024-01-25 00:00:00-05:00,9.40999984741211,9.550000190734863,9.1899995803833,9.210000038146973,338800,0.0,0.0
2024-01-26 00:00:00-05:00,9.239999771118164,9.255000114440918,8.979999542236328,9.119999885559082,479600,0.0,0.0
2024-01-29 00:00:00-05:00,9.130000114440918,9.369999885559082,8.609999656677246,9.359999656677246,443700,0.0,0.0
2024-01-30 00:00:00-05:00,9.359999656677246,9.359999656677246,8.930000305175781,9.029999732971191,495300,0.0,0.0
2024-01-31 00:00:00-05:00,9.010000228881836,9.010000228881836,8.5,8.5,430300,0.0,0.0
2024-02-01 00:00:00-05:00,8.59000015258789,8.765000343322754,8.539999961853027,8.59000015258789,472000,0.0,0.0
2024-02-02 00:00:00-05:00,8.4399995803833,8.770000457763672,8.300000190734863,8.609999656677246,1106000,0.0,0.0
2024-02-05 00:00:00-05:00,8.5600004196167,8.5600004196167,8.260000228881836,8.300000190734863,424600,0.0,0.0
2024-02-06 00:00:00-05:00,8.369999885559082,8.899999618530273,8.369999885559082,8.710000038146973,508400,0.0,0.0
2024-02-07 00:00:00-05:00,8.760000228881836,8.760000228881836,8.34000015258789,8.579999923706055,652300,0.0,0.0
2024-02-08 00:00:00-05:00,8.680000305175781,9.170000076293945,8.53499984741211,9.0600004196167,675100,0.0,0.0
2024-02-09 00:00:00-05:00,9.130000114440918,9.34000015258789,9.0,9.34000015258789,521100,0.0,0.0
2024-02-12 00:00:00-05:00,9.359999656677246,9.739999771118164,9.359999656677246,9.619999885559082,517000,0.0,0.0
2024-02-13 00:00:00-05:00,9.130000114440918,9.369999885559082,9.109999656677246,9.1899995803833,499300,0.0,0.0
2024-02-14 00:00:00-05:00,9.380000114440918,9.729999542236328,9.15999984741211,9.609999656677246,530800,0.0,0.0
2024-02-15 00:00:00-05:00,9.779999732971191,10.300000190734863,9.729999542236328,10.260000228881836,766100,0.0,0.0
2024-02-16 00:00:00-05:00,10.050000190734863,10.210000038146973,9.850000381469727,9.989999771118164,827000,0.0,0.0
2024-02-20 00:00:00-05:00,9.8100004196167,9.930000305175781,9.670000076293945,9.720000267028809,408200,0.0,0.0
2024-02-21 00:00:00-05:00,9.579999923706055,9.579999923706055,9.135000228881836,9.220000267028809,396100,0.0,0.0
2024-02-22 00:00:00-05:00,9.350000381469727,9.399999618530273,9.130000114440918,9.25,417100,0.0,0.0
2024-02-23 00:00:00-05:00,9.239999771118164,9.319999694824219,9.069999694824219,9.15999984741211,375700,0.0,0.0
2024-02-26 00:00:00-05:00,9.100000381469727,9.25,8.899999618530273,9.149999618530273,473700,0.0,0.0
2024-02-27 00:00:00-05:00,9.3100004196167,9.600000381469727,9.229999542236328,9.3100004196167,554700,0.0,0.0
2024-02-28 00:00:00-05:00,9.170000076293945,9.350000381469727,9.045000076293945,9.199999809265137,478500,0.0,0.0
2024-02-29 00:00:00-05:00,9.979999542236328,10.619999885559082,9.140000343322754,9.520000457763672,1262300,0.0,0.0
2024-03-01 00:00:00-05:00,9.569999694824219,9.630000114440918,8.699999809265137,8.970000267028809,740900,0.0,0.0
2024-03-04 00:00:00-05:00,9.010000228881836,9.109999656677246,8.829999923706055,8.920000076293945,591100,0.0,0.0
2024-03-05 00:00:00-05:00,8.819999694824219,8.819999694824219,8.319999694824219,8.350000381469727,423800,0.0,0.0
2024-03-06 00:00:00-05:00,8.449999809265137,8.449999809265137,8.079999923706055,8.140000343322754,431900,0.0,0.0
2024-03-07 00:00:00-05:00,8.210000038146973,8.489999771118164,8.210000038146973,8.380000114440918,255300,0.0,0.0
2024-03-08 00:00:00-05:00,8.4399995803833,8.71399974822998,8.4399995803833,8.479999542236328,266100,0.0,0.0
2024-03-11 00:00:00-04:00,8.430000305175781,8.704999923706055,8.279999732971191,8.369999885559082,327200,0.0,0.0
2024-03-12 00:00:00-04:00,8.399999618530273,8.40999984741211,8.149999618530273,8.220000267028809,255200,0.0,0.0
2024-03-13 00:00:00-04:00,8.220000267028809,8.359999656677246,8.140000343322754,8.1850004196167,298300,0.0,0.0
2024-03-14 00:00:00-04:00,7.960000038146973,8.1899995803833,7.960000038146973,8.09000015258789,411600,0.0,0.0
2024-03-15 00:00:00-04:00,8.0600004196167,8.220000267028809,7.809999942779541,7.889999866485596,641700,0.0,0.0
2024-03-18 00:00:00-04:00,7.920000076293945,8.100000381469727,7.809999942779541,8.050000190734863,403700,0.0,0.0
2024-03-19 00:00:00-04:00,7.960000038146973,8.069999694824219,7.820000171661377,7.849999904632568,570800,0.0,0.0
2024-03-20 00:00:00-04:00,7.860000133514404,8.109999656677246,7.75,8.020000457763672,389200,0.0,0.0
2024-03-21 00:00:00-04:00,8.09000015258789,8.170000076293945,7.869999885559082,7.909999847412109,343300,0.0,0.0
2024-03-22 00:00:00-04:00,7.820000171661377,7.860000133514404,7.599999904632568,7.610000133514404,275200,0.0,0.0
2024-03-25 00:00:00-04:00,7.659999847412109,7.960000038146973,7.659999847412109,7.860000133514404,493700,0.0,0.0
2024-03-26 00:00:00-04:00,7.960000038146973,7.960000038146973,7.75,7.78000020980835,401200,0.0,0.0
2024-03-27 00:00:00-04:00,7.889999866485596,8.0600004196167,7.829999923706055,7.909999847412109,354100,0.0,0.0
2024-03-28 00:00:00-04:00,7.880000114440918,8.149999618530273,7.880000114440918,8.069999694824219,622200,0.0,0.0
2024-04-01 00:00:00-04:00,8.180000305175781,8.350000381469727,7.889999866485596,8.0,582700,0.0,0.0
2024-04-02 00:00:00-04:00,7.710000038146973,7.864999771118164,7.590000152587891,7.710000038146973,437400,0.0,0.0
2024-04-03 00:00:00-04:00,7.630000114440918,8.050000190734863,7.599999904632568,8.020000457763672,592300,0.0,0.0
2024-04-04 00:00:00-04:00,8.140000343322754,8.329999923706055,7.960000038146973,8.010000228881836,576600,0.0,0.0
2024-04-05 00:00:00-04:00,7.940000057220459,8.09000015258789,7.869999885559082,7.920000076293945,277200,0.0,0.0
2024-04-08 00:00:00-04:00,7.980000019073486,8.020000457763672,7.784999847412109,7.800000190734863,363400,0.0,0.0
2024-04-09 00:00:00-04:00,7.829999923706055,7.980000019073486,7.800000190734863,7.860000133514404,424200,0.0,0.0
2024-04-10 00:00:00-04:00,7.570000171661377,7.739999771118164,7.539999961853027,7.730000019073486,396700,0.0,0.0
2024-04-11 00:00:00-04:00,7.78000020980835,7.820000171661377,7.625,7.679999828338623,286200,0.0,0.0
2024-04-12 00:00:00-04:00,7.630000114440918,7.659999847412109,7.269999980926514,7.349999904632568,310500,0.0,0.0
2024-04-15 00:00:00-04:00,7.369999885559082,7.369999885559082,6.920000076293945,7.090000152587891,371400,0.0,0.0
2024-04-16 00:00:00-04:00,7.010000228881836,7.385000228881836,6.980000019073486,7.309999942779541,2111700,0.0,0.0
2024-04-17 00:00:00-04:00,7.289999961853027,7.309999942779541,7.070000171661377,7.190000057220459,478600,0.0,0.0
2024-04-18 00:00:00-04:00,7.179999828338623,7.420000076293945,7.03000020980835,7.039999961853027,413100,0.0,0.0
2024-04-19 00:00:00-04:00,6.989999771118164,7.079999923706055,6.96999979019165,7.059999942779541,533000,0.0,0.0
2024-04-22 00:00:00-04:00,7.110000133514404,7.349999904632568,7.019999980926514,7.329999923706055,1083100,0.0,0.0
2024-04-23 00:00:00-04:00,7.300000190734863,7.570000171661377,7.239999771118164,7.269999980926514,733100,0.0,0.0
2024-04-24 00:00:00-04:00,7.239999771118164,7.288000106811523,7.0,7.25,691400,0.0,0.0
2024-04-25 00:00:00-04:00,7.099999904632568,7.139999866485596,6.659999847412109,6.730000019073486,384300,0.0,0.0
2024-04-26 00:00:00-04:00,6.769999980926514,6.989999771118164,6.735000133514404,6.989999771118164,437500,0.0,0.0
2024-04-29 00:00:00-04:00,7.010000228881836,7.28000020980835,7.010000228881836,7.150000095367432,294700,0.0,0.0
2024-04-30 00:00:00-04:00,7.039999961853027,7.070000171661377,6.920000076293945,6.940000057220459,294500,0.0,0.0
2024-05-01 00:00:00-04:00,6.940000057220459,7.199999809265137,6.869999885559082,6.96999979019165,277100,0.0,0.0
2024-05-02 00:00:00-04:00,7.050000190734863,7.070000171661377,6.869999885559082,6.989999771118164,312500,0.0,0.0
2024-05-03 00:00:00-04:00,7.170000076293945,7.199999809265137,6.96999979019165,7.03000020980835,288400,0.0,0.0
2024-05-06 00:00:00-04:00,7.099999904632568,7.360000133514404,7.025000095367432,7.340000152587891,389500,0.0,0.0
2024-05-07 00:00:00-04:00,7.340000152587891,7.4710001945495605,7.21999979019165,7.25,481700,0.0,0.0
2024-05-08 00:00:00-04:00,4.559999942779541,5.355000019073486,4.380000114440918,5.349999904632568,5269100,0.0,0.0
2024-05-09 00:00:00-04:00,5.329999923706055,5.440000057220459,5.03000020980835,5.170000076293945,3323500,0.0,0.0
2024-05-10 00:00:00-04:00,5.199999809265137,5.373000144958496,4.929999828338623,5.320000171661377,2905600,0.0,0.0
2024-05-13 00:00:00-04:00,5.380000114440918,5.659999847412109,5.349999904632568,5.429999828338623,1002100,0.0,0.0
2024-05-14 00:00:00-04:00,5.5,5.699999809265137,5.429999828338623,5.449999809265137,937500,0.0,0.0
2024-05-15 00:00:00-04:00,5.539999961853027,5.644999980926514,5.349999904632568,5.570000171661377,2015500,0.0,0.0
2024-05-16 00:00:00-04:00,5.650000095367432,5.650000095367432,5.429999828338623,5.5,680900,0.0,0.0
2024-05-17 00:00:00-04:00,5.53000020980835,5.539999961853027,5.434999942779541,5.5,690600,0.0,0.0
2024-05-20 00:00:00-04:00,5.489999771118164,5.71999979019165,5.460000038146973,5.670000076293945,906600,0.0,0.0
2024-05-21 00:00:00-04:00,5.639999866485596,5.820000171661377,5.619999885559082,5.650000095367432,916500,0.0,0.0
2024-05-22 00:00:00-04:00,5.639999866485596,5.798999786376953,5.619999885559082,5.659999847412109,967100,0.0,0.0
2024-05-23 00:00:00-04:00,5.679999828338623,5.679999828338623,5.510000228881836,5.590000152587891,620500,0.0,0.0
2024-05-24 00:00:00-04:00,5.639999866485596,5.755000114440918,5.565000057220459,5.619999885559082,485400,0.0,0.0
2024-05-28 00:00:00-04:00,5.619999885559082,5.699999809265137,5.440000057220459,5.46999979019165,791500,0.0,0.0
2024-05-29 00:00:00-04:00,5.389999866485596,5.434999942779541,5.150000095367432,5.300000190734863,1117900,0.0,0.0
2024-05-30 00:00:00-04:00,5.340000152587891,5.434999942779541,5.210000038146973,5.300000190734863,1018100,0.0,0.0
2024-05-31 00:00:00-04:00,5.329999923706055,5.369999885559082,5.230000019073486,5.320000171661377,873700,0.0,0.0
2024-06-03 00:00:00-04:00,5.360000133514404,5.429999828338623,5.204999923706055,5.239999771118164,951800,0.0,0.0
2024-06-04 00:00:00-04:00,5.159999847412109,5.255000114440918,5.070000171661377,5.199999809265137,608400,0.0,0.0
2024-06-05 00:00:00-04:00,5.25,5.414999961853027,5.170000076293945,5.369999885559082,731000,0.0,0.0
2024-06-06 00:00:00-04:00,5.360000133514404,5.679999828338623,5.349999904632568,5.659999847412109,4171200,0.0,0.0
2024-06-07 00:00:00-04:00,5.630000114440918,5.885000228881836,5.510000228881836,5.590000152587891,1795000,0.0,0.0
2024-06-10 00:00:00-04:00,5.550000190734863,5.889999866485596,5.525000095367432,5.849999904632568,876400,0.0,0.0
2024-06-11 00:00:00-04:00,5.789999961853027,6.03000020980835,5.775000095367432,5.949999809265137,979900,0.0,0.0
2024-06-12 00:00:00-04:00,6.039999961853027,6.264999866485596,5.929999828338623,6.0,961500,0.0,0.0
2024-06-13 00:00:00-04:00,6.010000228881836,6.079999923706055,5.664999961853027,5.739999771118164,675600,0.0,0.0
2024-06-14 00:00:00-04:00,5.670000076293945,5.710000038146973,5.409999847412109,5.619999885559082,909700,0.0,0.0
2024-06-17 00:00:00-04:00,5.610000133514404,5.659999847412109,5.485000133514404,5.570000171661377,514800,0.0,0.0
2024-06-18 00:00:00-04:00,5.539999961853027,5.570000171661377,5.460000038146973,5.539999961853027,581800,0.0,0.0
2024-06-20 00:00:00-04:00,5.510000228881836,5.559999942779541,5.400000095367432,5.440000057220459,397000,0.0,0.0
2024-06-21 00:00:00-04:00,5.449999809265137,5.510000228881836,5.329999923706055,5.480000019073486,792300,0.0,0.0
2024-06-24 00:00:00-04:00,5.460000038146973,5.550000190734863,5.360000133514404,5.360000133514404,350500,0.0,0.0
2024-06-25 00:00:00-04:00,5.360000133514404,5.360000133514404,5.119999885559082,5.150000095367432,505100,0.0,0.0
2024-06-26 00:00:00-04:00,5.210000038146973,5.389999866485596,5.090000152587891,5.300000190734863,618700,0.0,0.0
2024-06-27 00:00:00-04:00,5.300000190734863,5.320000171661377,5.199999809265137,5.300000190734863,347600,0.0,0.0
2024-06-28 00:00:00-04:00,5.360000133514404,5.46999979019165,5.238999843597412,5.460000038146973,1988800,0.0,0.0
2024-07-01 00:00:00-04:00,5.460000038146973,5.480000019073486,5.239999771118164,5.369999885559082,527700,0.0,0.0
2024-07-02 00:00:00-04:00,5.349999904632568,5.440000057220459,5.269999980926514,5.429999828338623,306500,0.0,0.0
2024-07-03 00:00:00-04:00,5.449999809265137,5.5,5.340000152587891,5.349999904632568,145000,0.0,0.0
2024-07-05 00:00:00-04:00,5.329999923706055,5.369999885559082,5.255000114440918,5.340000152587891,281100,0.0,0.0
2024-07-08 00:00:00-04:00,5.389999866485596,5.480000019073486,5.309999942779541,5.360000133514404,247600,0.0,0.0
2024-07-09 00:00:00-04:00,5.289999961853027,5.315000057220459,5.215000152587891,5.289999961853027,321700,0.0,0.0
2024-07-10 00:00:00-04:00,5.340000152587891,5.439000129699707,5.050000190734863,5.090000152587891,347800,0.0,0.0
2024-07-11 00:00:00-04:00,5.210000038146973,5.449999809265137,5.09499979019165,5.429999828338623,400600,0.0,0.0
2024-07-12 00:00:00-04:00,5.5,5.908999919891357,5.349999904632568,5.440000057220459,304100,0.0,0.0
2024-07-15 00:00:00-04:00,5.5,5.639999866485596,5.420000076293945,5.5,331300,0.0,0.0
2024-07-16 00:00:00-04:00,5.599999904632568,5.880000114440918,5.570000171661377,5.869999885559082,349900,0.0,0.0
2024-07-17 00:00:00-04:00,5.760000228881836,5.949999809265137,5.75,5.889999866485596,351000,0.0,0.0
2024-07-18 00:00:00-04:00,5.869999885559082,5.940000057220459,5.619999885559082,5.650000095367432,271300,0.0,0.0
2024-07-19 00:00:00-04:00,5.659999847412109,5.78000020980835,5.579999923706055,5.619999885559082,196300,0.0,0.0
2024-07-22 00:00:00-04:00,5.650000095367432,5.730000019073486,5.5,5.71999979019165,291600,0.0,0.0
2024-07-23 00:00:00-04:00,5.71999979019165,6.159999847412109,5.715000152587891,6.019999980926514,399200,0.0,0.0
2024-07-24 00:00:00-04:00,5.940000057220459,6.090000152587891,5.78000020980835,5.840000152587891,415800,0.0,0.0
2024-07-25 00:00:00-04:00,5.889999866485596,6.164999961853027,5.849999904632568,5.960000038146973,408600,0.0,0.0
2024-07-26 00:00:00-04:00,6.090000152587891,6.119999885559082,5.909999847412109,6.03000020980835,399600,0.0,0.0
2024-07-29 00:00:00-04:00,6.03000020980835,6.050000190734863,5.849999904632568,5.96999979019165,322200,0.0,0.0
2024-07-30 00:00:00-04:00,6.0,6.119999885559082,5.599999904632568,5.739999771118164,3706200,0.0,0.0
2024-07-31 00:00:00-04:00,4.739999771118164,4.800000190734863,3.190000057220459,3.9000000953674316,11491200,0.0,0.0
2024-08-01 00:00:00-04:00,3.8399999141693115,4.005000114440918,3.809999942779541,3.950000047683716,2625600,0.0,0.0
2024-08-02 00:00:00-04:00,3.799999952316284,3.8399999141693115,3.6050000190734863,3.700000047683716,1733000,0.0,0.0
2024-08-05 00:00:00-04:00,3.5,3.609999895095825,3.380000114440918,3.549999952316284,1303700,0.0,0.0
2024-08-06 00:00:00-04:00,3.75,3.9100000858306885,3.5899999141693115,3.6500000953674316,1820200,0.0,0.0
2024-08-07 00:00:00-04:00,3.6600000858306885,3.8949999809265137,3.6600000858306885,3.8299999237060547,2617500,0.0,0.0
2024-08-08 00:00:00-04:00,3.8399999141693115,3.9000000953674316,3.7950000762939453,3.8299999237060547,1044000,0.0,0.0
2024-08-09 00:00:00-04:00,3.759999990463257,4.010000228881836,3.759999990463257,3.890000104904175,1083200,0.0,0.0
2024-08-12 00:00:00-04:00,3.890000104904175,3.890000104904175,3.7149999141693115,3.7300000190734863,756400,0.0,0.0
2024-08-13 00:00:00-04:00,3.759999990463257,3.940000057220459,3.7200000286102295,3.9000000953674316,1489100,0.0,0.0
2024-08-14 00:00:00-04:00,3.9100000858306885,3.9600000381469727,3.755000114440918,3.7699999809265137,931900,0.0,0.0
2024-08-15 00:00:00-04:00,3.880000114440918,4.010000228881836,3.8499999046325684,4.010000228881836,1379700,0.0,0.0
2024-08-16 00:00:00-04:00,3.9800000190734863,4.109000205993652,3.9549999237060547,4.019999980926514,4629100,0.0,0.0
2024-08-19 00:00:00-04:00,4.059999942779541,4.091000080108643,3.890000104904175,4.070000171661377,1902600,0.0,0.0
2024-08-20 00:00:00-04:00,4.050000190734863,4.150000095367432,4.0,4.059999942779541,1032100,0.0,0.0
2024-08-21 00:00:00-04:00,4.110000133514404,4.400000095367432,4.090000152587891,4.340000152587891,761800,0.0,0.0
2024-08-22 00:00:00-04:00,4.340000152587891,4.389999866485596,4.255000114440918,4.260000228881836,502900,0.0,0.0
2024-08-23 00:00:00-04:00,4.320000171661377,4.679999828338623,4.320000171661377,4.53000020980835,817400,0.0,0.0
2024-08-26 00:00:00-04:00,4.559999942779541,4.630000114440918,4.494999885559082,4.579999923706055,593300,0.0,0.0
2024-08-27 00:00:00-04:00,4.539999961853027,4.579999923706055,4.409999847412109,4.519999980926514,476400,0.0,0.0
2024-08-28 00:00:00-04:00,4.46999979019165,4.559999942779541,4.364999771118164,4.480000019073486,442500,0.0,0.0
2024-08-29 00:00:00-04:00,4.539999961853027,4.679999828338623,4.489999771118164,4.539999961853027,574400,0.0,0.0
2024-08-30 00:00:00-04:00,4.579999923706055,4.744999885559082,4.559999942779541,4.690000057220459,497900,0.0,0.0
2024-09-03 00:00:00-04:00,4.610000133514404,4.855000019073486,4.599999904632568,4.619999885559082,581300,0.0,0.0
2024-09-04 00:00:00-04:00,4.619999885559082,4.730000019073486,4.480000019073486,4.5,327900,0.0,0.0
2024-09-05 00:00:00-04:00,4.53000020980835,4.599999904632568,4.375999927520752,4.489999771118164,342200,0.0,0.0
2024-09-06 00:00:00-04:00,4.5,4.534999847412109,4.21999979019165,4.300000190734863,335500,0.0,0.0
2024-09-09 00:00:00-04:00,4.320000171661377,4.394999980926514,4.230000019073486,4.289999961853027,371000,0.0,0.0
2024-09-10 00:00:00-04:00,4.28000020980835,4.28000020980835,4.139999866485596,4.159999847412109,309900,0.0,0.0
2024-09-11 00:00:00-04:00,4.119999885559082,4.28000020980835,4.070000171661377,4.25,370700,0.0,0.0
2024-09-12 00:00:00-04:00,4.269999980926514,4.425000190734863,4.25,4.380000114440918,333900,0.0,0.0
2024-09-13 00:00:00-04:00,4.380000114440918,4.489999771118164,4.34499979019165,4.440000057220459,512800,0.0,0.0
2024-09-16 00:00:00-04:00,4.460000038146973,4.539999961853027,4.385000228881836,4.440000057220459,402400,0.0,0.0
2024-09-17 00:00:00-04:00,4.650000095367432,5.0,4.599999904632568,4.739999771118164,1050300,0.0,0.0
2024-09-18 00:00:00-04:00,4.71999979019165,4.875,4.53000020980835,4.559999942779541,578500,0.0,0.0
2024-09-19 00:00:00-04:00,4.710000038146973,4.820000171661377,4.630000114440918,4.809999942779541,344900,0.0,0.0
2024-09-20 00:00:00-04:00,4.75,4.75,4.5,4.5,795100,0.0,0.0
2024-09-23 00:00:00-04:00,4.53000020980835,4.599999904632568,4.304999828338623,4.320000171661377,306300,0.0,0.0
2024-09-24 00:00:00-04:00,4.340000152587891,4.400000095367432,4.210000038146973,4.349999904632568,520600,0.0,0.0
2024-09-25 00:00:00-04:00,4.349999904632568,4.349999904632568,4.210000038146973,4.230000019073486,268700,0.0,0.0
2024-09-26 00:00:00-04:00,4.300000190734863,4.409999847412109,4.260000228881836,4.349999904632568,469700,0.0,0.0
2024-09-27 00:00:00-04:00,4.409999847412109,4.550000190734863,4.349999904632568,4.409999847412109,246300,0.0,0.0
2024-09-30 00:00:00-04:00,4.400000095367432,4.519999980926514,4.364999771118164,4.46999979019165,514600,0.0,0.0
2024-10-01 00:00:00-04:00,4.480000019073486,4.675000190734863,4.25,4.400000095367432,510700,0.0,0.0
2024-10-02 00:00:00-04:00,4.449999809265137,4.449999809265137,4.300000190734863,4.340000152587891,217300,0.0,0.0
2024-10-03 00:00:00-04:00,4.269999980926514,4.380000114440918,4.210000038146973,4.349999904632568,353800,0.0,0.0
2024-10-04 00:00:00-04:00,4.46999979019165,4.494999885559082,4.320000171661377,4.340000152587891,262400,0.0,0.0
2024-10-07 00:00:00-04:00,4.329999923706055,4.380000114440918,4.172999858856201,4.25,258900,0.0,0.0
2024-10-08 00:00:00-04:00,4.329999923706055,4.329999923706055,4.130000114440918,4.210000038146973,336500,0.0,0.0
2024-10-09 00:00:00-04:00,4.199999809265137,4.300000190734863,4.184999942779541,4.300000190734863,252300,0.0,0.0
2024-10-10 00:00:00-04:00,4.21999979019165,4.320000171661377,4.179999828338623,4.309999942779541,318200,0.0,0.0
2024-10-11 00:00:00-04:00,4.329999923706055,4.494999885559082,4.300000190734863,4.429999828338623,351200,0.0,0.0
2024-10-14 00:00:00-04:00,4.429999828338623,4.465000152587891,4.3520002365112305,4.420000076293945,246600,0.0,0.0
2024-10-15 00:00:00-04:00,4.409999847412109,4.5,4.349999904632568,4.429999828338623,391200,0.0,0.0
2024-10-16 00:00:00-04:00,4.429999828338623,4.559999942779541,4.425000190734863,4.539999961853027,267400,0.0,0.0
2024-10-17 00:00:00-04:00,4.53000020980835,4.539999961853027,4.414999961853027,4.46999979019165,214900,0.0,0.0
2024-10-18 00:00:00-04:00,4.480000019073486,4.545000076293945,4.440000057220459,4.539999961853027,361900,0.0,0.0
2024-10-21 00:00:00-04:00,4.510000228881836,4.539999961853027,4.40500020980835,4.460000038146973,380200,0.0,0.0
2024-10-22 00:00:00-04:00,4.460000038146973,4.519999980926514,4.389999866485596,4.480000019073486,191100,0.0,0.0
2024-10-23 00:00:00-04:00,4.429999828338623,4.454999923706055,4.230000019073486,4.300000190734863,420500,0.0,0.0
2024-10-24 00:00:00-04:00,4.340000152587891,4.429999828338623,4.230000019073486,4.230000019073486,379600,0.0,0.0
2024-10-25 00:00:00-04:00,4.239999771118164,4.28000020980835,4.15500020980835,4.159999847412109,135700,0.0,0.0
2024-10-28 00:00:00-04:00,4.199999809265137,4.275000095367432,4.184999942779541,4.21999979019165,194400,0.0,0.0
2024-10-29 00:00:00-04:00,4.190000057220459,4.25,4.144999980926514,4.21999979019165,189200,0.0,0.0
2024-10-30 00:00:00-04:00,4.210000038146973,4.276000022888184,4.150000095367432,4.159999847412109,226500,0.0,0.0
2024-10-31 00:00:00-04:00,4.150000095367432,4.199999809265137,4.070000171661377,4.150000095367432,222700,0.0,0.0
2024-11-01 00:00:00-04:00,4.190000057220459,4.300000190734863,4.159999847412109,4.179999828338623,258200,0.0,0.0
2024-11-04 00:00:00-05:00,4.179999828338623,4.255000114440918,4.070000171661377,4.079999923706055,377800,0.0,0.0
2024-11-05 00:00:00-05:00,4.079999923706055,4.170000076293945,4.039999961853027,4.119999885559082,373900,0.0,0.0
2024-11-06 00:00:00-05:00,4.309999942779541,4.505000114440918,4.25,4.300000190734863,1033500,0.0,0.0
2024-11-07 00:00:00-05:00,4.329999923706055,4.440000057220459,4.199999809265137,4.309999942779541,543700,0.0,0.0
2024-11-08 00:00:00-05:00,4.400000095367432,4.699999809265137,4.045000076293945,4.239999771118164,1200300,0.0,0.0
2024-11-11 00:00:00-05:00,4.25,4.579999923706055,4.25,4.400000095367432,812700,0.0,0.0
2024-11-12 00:00:00-05:00,4.340000152587891,4.670000076293945,4.324999809265137,4.570000171661377,735600,0.0,0.0
2024-11-13 00:00:00-05:00,4.610000133514404,4.764999866485596,4.5,4.519999980926514,621100,0.0,0.0
2024-11-14 00:00:00-05:00,4.519999980926514,4.525000095367432,4.369999885559082,4.460000038146973,346100,0.0,0.0
2024-11-15 00:00:00-05:00,4.480000019073486,4.485000133514404,4.175000190734863,4.289999961853027,411900,0.0,0.0
2024-11-18 00:00:00-05:00,4.269999980926514,4.284999847412109,4.090000152587891,4.119999885559082,346500,0.0,0.0
2024-11-19 00:00:00-05:00,4.059999942779541,4.199999809265137,4.050000190734863,4.179999828338623,279900,0.0,0.0
2024-11-20 00:00:00-05:00,4.170000076293945,4.195000171661377,4.064000129699707,4.099999904632568,218800,0.0,0.0
2024-11-21 00:00:00-05:00,4.139999866485596,4.289999961853027,4.130000114440918,4.25,300800,0.0,0.0
2024-11-22 00:00:00-05:00,4.21999979019165,4.494999885559082,4.199999809265137,4.369999885559082,613200,0.0,0.0
2024-11-25 00:00:00-05:00,4.429999828338623,4.730000019073486,4.349999904632568,4.449999809265137,1865200,0.0,0.0
2024-11-26 00:00:00-05:00,4.429999828338623,4.695000171661377,4.349999904632568,4.679999828338623,621800,0.0,0.0
2024-11-27 00:00:00-05:00,4.699999809265137,4.789999961853027,4.619999885559082,4.659999847412109,252900,0.0,0.0
2024-11-29 00:00:00-05:00,4.679999828338623,4.789999961853027,4.650000095367432,4.730000019073486,150000,0.0,0.0
2024-12-02 00:00:00-05:00,4.71999979019165,4.769999980926514,4.610000133514404,4.739999771118164,419200,0.0,0.0
2024-12-03 00:00:00-05:00,4.699999809265137,4.755000114440918,4.619999885559082,4.670000076293945,346500,0.0,0.0
2024-12-04 00:00:00-05:00,4.630000114440918,4.775000095367432,4.610000133514404,4.760000228881836,307900,0.0,0.0
2024-12-05 00:00:00-05:00,4.75,4.764999866485596,4.534999847412109,4.570000171661377,451900,0.0,0.0
2024-12-06 00:00:00-05:00,4.599999904632568,4.760000228881836,4.599999904632568,4.659999847412109,319500,0.0,0.0
2024-12-09 00:00:00-05:00,4.71999979019165,4.829999923706055,4.650000095367432,4.699999809265137,399600,0.0,0.0
2024-12-10 00:00:00-05:00,4.71999979019165,4.804999828338623,4.559999942779541,4.769999980926514,333400,0.0,0.0
2024-12-11 00:00:00-05:00,4.809999942779541,4.820000171661377,4.675000190734863,4.710000038146973,307500,0.0,0.0
2024-12-12 00:00:00-05:00,4.690000057220459,4.710000038146973,4.489999771118164,4.5,277700,0.0,0.0
2024-12-13 00:00:00-05:00,4.5,4.510000228881836,4.389999866485596,4.489999771118164,210900,0.0,0.0
2024-12-16 00:00:00-05:00,4.5,4.53000020980835,4.429999828338623,4.460000038146973,202000,0.0,0.0
2024-12-17 00:00:00-05:00,4.429999828338623,4.480000019073486,4.329999923706055,4.460000038146973,306200,0.0,0.0
2024-12-18 00:00:00-05:00,4.449999809265137,4.639999866485596,4.28000020980835,4.340000152587891,722500,0.0,0.0
2024-12-19 00:00:00-05:00,4.389999866485596,4.389999866485596,4.050000190734863,4.139999866485596,1398600,0.0,0.0
2024-12-20 00:00:00-05:00,4.070000171661377,4.320000171661377,4.065000057220459,4.179999828338623,852700,0.0,0.0
2024-12-23 00:00:00-05:00,4.170000076293945,4.244999885559082,4.110000133514404,4.159999847412109,272400,0.0,0.0
2024-12-24 00:00:00-05:00,4.159999847412109,4.159999847412109,4.085000038146973,4.130000114440918,93400,0.0,0.0
2024-12-26 00:00:00-05:00,4.070000171661377,4.275000095367432,4.070000171661377,4.25,349400,0.0,0.0
2024-12-27 00:00:00-05:00,4.230000019073486,4.269999980926514,4.119999885559082,4.230000019073486,428500,0.0,0.0
2024-12-30 00:00:00-05:00,4.159999847412109,4.175000190734863,4.070000171661377,4.110000133514404,388400,0.0,0.0
2024-12-31 00:00:00-05:00,4.139999866485596,4.215000152587891,4.090000152587891,4.110000133514404,263200,0.0,0.0
2025-01-02 00:00:00-05:00,4.159999847412109,4.269999980926514,4.090000152587891,4.119999885559082,247900,0.0,0.0
2025-01-03 00:00:00-05:00,4.139999866485596,4.375,4.110000133514404,4.360000133514404,254800,0.0,0.0
2025-01-06 00:00:00-05:00,4.369999885559082,4.46999979019165,4.360000133514404,4.429999828338623,310600,0.0,0.0
2025-01-07 00:00:00-05:00,4.480000019073486,4.639999866485596,4.230000019073486,4.25,258700,0.0,0.0
2025-01-08 00:00:00-05:00,4.199999809265137,4.269999980926514,4.110000133514404,4.230000019073486,242200,0.0,0.0
2025-01-10 00:00:00-05:00,4.139999866485596,4.244999885559082,4.090000152587891,4.21999979019165,256000,0.0,0.0
2025-01-13 00:00:00-05:00,4.019999980926514,4.099999904632568,3.755000114440918,3.930000066757202,307900,0.0,0.0
2025-01-14 00:00:00-05:00,3.9700000286102295,4.03000020980835,3.875,3.9200000762939453,264100,0.0,0.0
2025-01-15 00:00:00-05:00,4.059999942779541,4.085000038146973,3.940000057220459,3.9800000190734863,186900,0.0,0.0
2025-01-16 00:00:00-05:00,3.9800000190734863,4.070000171661377,3.9200000762939453,3.950000047683716,262900,0.0,0.0
2025-01-17 00:00:00-05:00,4.0,4.0,3.9100000858306885,3.940000057220459,7246700,0.0,0.0
2025-01-21 00:00:00-05:00,4.010000228881836,4.489999771118164,4.010000228881836,4.409999847412109,617000,0.0,0.0
2025-01-22 00:00:00-05:00,4.400000095367432,4.730000019073486,4.400000095367432,4.710000038146973,455700,0.0,0.0
2025-01-23 00:00:00-05:00,4.650000095367432,4.900000095367432,4.590000152587891,4.869999885559082,577800,0.0,0.0
2025-01-24 00:00:00-05:00,4.840000152587891,5.090000152587891,4.809999942779541,4.829999923706055,569400,0.0,0.0
2025-01-27 00:00:00-05:00,4.75,4.909999847412109,4.590000152587891,4.619999885559082,324600,0.0,0.0
2025-01-28 00:00:00-05:00,4.650000095367432,5.03000020980835,4.489999771118164,5.010000228881836,1165400,0.0,0.0
2025-01-29 00:00:00-05:00,5.0,5.079999923706055,4.699999809265137,4.929999828338623,1715600,0.0,0.0
2025-01-30 00:00:00-05:00,4.980000019073486,5.070000171661377,4.89300012588501,4.920000076293945,297200,0.0,0.0
2025-01-31 00:00:00-05:00,4.920000076293945,4.954999923706055,4.809999942779541,4.860000133514404,363000,0.0,0.0
2025-02-03 00:00:00-05:00,4.71999979019165,4.829999923706055,4.659999847412109,4.75,289000,0.0,0.0
2025-02-04 00:00:00-05:00,4.71999979019165,5.190000057220459,4.71999979019165,5.150000095367432,784300,0.0,0.0
2025-02-05 00:00:00-05:00,5.110000133514404,5.360000133514404,5.110000133514404,5.21999979019165,886200,0.0,0.0
2025-02-06 00:00:00-05:00,5.21999979019165,5.309999942779541,5.0,5.039999961853027,520600,0.0,0.0
2025-02-07 00:00:00-05:00,5.090000152587891,5.170000076293945,5.025000095367432,5.150000095367432,359700,0.0,0.0
2025-02-10 00:00:00-05:00,5.230000019073486,5.545000076293945,5.230000019073486,5.349999904632568,1895900,0.0,0.0
2025-02-11 00:00:00-05:00,5.28000020980835,5.409999847412109,5.179999828338623,5.300000190734863,423400,0.0,0.0
2025-02-12 00:00:00-05:00,5.25,5.360000133514404,5.21999979019165,5.239999771118164,777100,0.0,0.0
2025-02-13 00:00:00-05:00,5.309999942779541,5.449999809265137,5.210000038146973,5.440000057220459,400100,0.0,0.0
2025-02-14 00:00:00-05:00,5.5,5.679999828338623,5.445000171661377,5.550000190734863,711400,0.0,0.0
2025-02-18 00:00:00-05:00,5.619999885559082,5.659999847412109,5.380000114440918,5.420000076293945,597100,0.0,0.0
2025-02-19 00:00:00-05:00,5.389999866485596,5.389999866485596,5.170000076293945,5.25,1050700,0.0,0.0
2025-02-20 00:00:00-05:00,5.190000057220459,5.21999979019165,4.980999946594238,5.190000057220459,1341900,0.0,0.0
2025-02-21 00:00:00-05:00,5.230000019073486,5.230000019073486,4.900000095367432,4.920000076293945,443800,0.0,0.0
2025-02-24 00:00:00-05:00,4.940000057220459,5.070000171661377,4.804999828338623,4.920000076293945,706700,0.0,0.0
2025-02-25 00:00:00-05:00,4.920000076293945,5.159999847412109,4.900000095367432,4.96999979019165,861600,0.0,0.0
2025-02-26 00:00:00-05:00,4.949999809265137,5.224999904632568,4.949999809265137,5.099999904632568,500700,0.0,0.0
2025-02-27 00:00:00-05:00,5.09499979019165,5.21999979019165,4.920000076293945,4.920000076293945,678000,0.0,0.0
2025-02-28 00:00:00-05:00,3.759999990463257,3.950000047683716,2.5799999237060547,3.2300000190734863,7275900,0.0,0.0
2025-03-03 00:00:00-05:00,3.2300000190734863,3.3299999237060547,2.8299999237060547,2.8299999237060547,1414400,0.0,0.0
2025-03-04 00:00:00-05:00,2.7799999713897705,2.890000104904175,2.7100000381469727,2.7799999713897705,1475600,0.0,0.0
2025-03-05 00:00:00-05:00,2.799999952316284,2.819999933242798,2.690000057220459,2.7699999809265137,1525400,0.0,0.0
2025-03-06 00:00:00-05:00,2.7300000190734863,2.815000057220459,2.5999999046325684,2.630000114440918,905200,0.0,0.0
2025-03-07 00:00:00-05:00,2.630000114440918,2.869999885559082,2.609999895095825,2.8499999046325684,1631500,0.0,0.0
2025-03-10 00:00:00-04:00,2.7899999618530273,3.0399999618530273,2.7300000190734863,2.8399999141693115,1176800,0.0,0.0
2025-03-11 00:00:00-04:00,2.8399999141693115,2.8499999046325684,2.694999933242798,2.7699999809265137,1089000,0.0,0.0
2025-03-12 00:00:00-04:00,2.8299999237060547,2.8450000286102295,2.700000047683716,2.75,707900,0.0,0.0
2025-03-13 00:00:00-04:00,2.75,2.819999933242798,2.5450000762939453,2.5899999141693115,825700,0.0,0.0
2025-03-14 00:00:00-04:00,2.630000114440918,2.7990000247955322,2.569999933242798,2.5899999141693115,884200,0.0,0.0
2025-03-17 00:00:00-04:00,2.5799999237060547,2.7079999446868896,2.575000047683716,2.6700000762939453,939400,0.0,0.0
2025-03-18 00:00:00-04:00,2.6500000953674316,2.7899999618530273,2.559999942779541,2.7699999809265137,1178900,0.0,0.0
2025-03-19 00:00:00-04:00,2.7899999618530273,2.884999990463257,2.7699999809265137,2.819999933242798,853700,0.0,0.0
2025-03-20 00:00:00-04:00,2.799999952316284,2.8949999809265137,2.75,2.7899999618530273,1373100,0.0,0.0
2025-03-21 00:00:00-04:00,2.759999990463257,2.865000009536743,2.6549999713897705,2.809999942779541,1804100,0.0,0.0
2025-03-24 00:00:00-04:00,2.8399999141693115,2.994999885559082,2.8299999237060547,2.9700000286102295,814800,0.0,0.0
2025-03-25 00:00:00-04:00,2.9800000190734863,3.0199999809265137,2.9049999713897705,2.9100000858306885,746600,0.0,0.0
2025-03-26 00:00:00-04:00,2.930000066757202,2.934999942779541,2.825000047683716,2.930000066757202,500400,0.0,0.0
2025-03-27 00:00:00-04:00,2.869999885559082,3.065000057220459,2.869999885559082,2.9600000381469727,432100,0.0,0.0
2025-03-28 00:00:00-04:00,2.9600000381469727,2.9600000381469727,2.865000009536743,2.940000057220459,943400,0.0,0.0
2025-03-31 00:00:00-04:00,2.9000000953674316,2.990000009536743,2.869999885559082,2.890000104904175,762500,0.0,0.0
2025-04-01 00:00:00-04:00,2.8299999237060547,2.9100000858306885,2.640000104904175,2.640000104904175,800900,0.0,0.0
2025-04-02 00:00:00-04:00,2.5799999237060547,2.809999942779541,2.5399999618530273,2.7899999618530273,1478100,0.0,0.0
2025-04-03 00:00:00-04:00,2.5899999141693115,2.6449999809265137,2.5,2.505000114440918,506500,0.0,0.0
2025-04-04 00:00:00-04:00,2.390000104904175,2.509999990463257,2.319999933242798,2.509999990463257,951400,0.0,0.0
2025-04-07 00:00:00-04:00,2.380000114440918,2.609999895095825,2.319999933242798,2.509999990463257,1325900,0.0,0.0
2025-04-08 00:00:00-04:00,2.5899999141693115,2.619999885559082,2.3949999809265137,2.450000047683716,1359200,0.0,0.0
2025-04-09 00:00:00-04:00,2.440000057220459,2.515000104904175,2.1500000953674316,2.490000009536743,7225000,0.0,0.0
2025-04-10 00:00:00-04:00,2.430000066757202,2.5999999046325684,2.4000000953674316,2.4800000190734863,2098000,0.0,0.0
2025-04-11 00:00:00-04:00,2.5,2.625,2.4549999237060547,2.5899999141693115,1182200,0.0,0.0
2025-04-14 00:00:00-04:00,2.619999885559082,2.630000114440918,2.4800000190734863,2.559999942779541,696800,0.0,0.0
2025-04-15 00:00:00-04:00,2.5399999618530273,2.569999933242798,2.490000009536743,2.5,812200,0.0,0.0
2025-04-16 00:00:00-04:00,2.5,2.546999931335449,2.5,2.5299999713897705,538600,0.0,0.0
2025-04-17 00:00:00-04:00,2.5299999713897705,2.559999942779541,2.494999885559082,2.5299999713897705,374800,0.0,0.0
2025-04-21 00:00:00-04:00,2.509999990463257,2.5199999809265137,2.4749999046325684,2.509999990463257,791900,0.0,0.0
2025-04-22 00:00:00-04:00,2.5399999618530273,2.619999885559082,2.509999990463257,2.569999933242798,510600,0.0,0.0
2025-04-23 00:00:00-04:00,2.619999885559082,2.734999895095825,2.5999999046325684,2.609999895095825,487700,0.0,0.0
2025-04-24 00:00:00-04:00,2.619999885559082,2.7300000190734863,2.5999999046325684,2.7100000381469727,458400,0.0,0.0
2025-04-25 00:00:00-04:00,2.690000057220459,2.7300000190734863,2.6470000743865967,2.7100000381469727,347900,0.0,0.0
2025-04-28 00:00:00-04:00,2.700000047683716,2.744999885559082,2.6600000858306885,2.7100000381469727,378100,0.0,0.0
2025-04-29 00:00:00-04:00,2.7100000381469727,2.7799999713897705,2.6649999618530273,2.7699999809265137,520600,0.0,0.0
2025-04-30 00:00:00-04:00,2.7200000286102295,2.740000009536743,2.6549999713897705,2.7200000286102295,426300,0.0,0.0
2025-05-01 00:00:00-04:00,2.75,2.7950000762939453,2.630000114440918,2.75,450300,0.0,0.0
2025-05-02 00:00:00-04:00,2.7899999618530273,2.880000114440918,2.7850000858306885,2.8399999141693115,369200,0.0,0.0
2025-05-05 00:00:00-04:00,2.819999933242798,2.8550000190734863,2.753000020980835,2.7699999809265137,499600,0.0,0.0
2025-05-06 00:00:00-04:00,2.7200000286102295,2.740000009536743,2.6449999809265137,2.6500000953674316,390500,0.0,0.0
2025-05-07 00:00:00-04:00,2.6700000762939453,2.819999933242798,2.6549999713897705,2.7200000286102295,664500,0.0,0.0
2025-05-08 00:00:00-04:00,2.75,2.8550000190734863,2.740000009536743,2.809999942779541,548500,0.0,0.0
2025-05-09 00:00:00-04:00,3.5850000381469727,4.339000225067139,3.5250000953674316,3.690000057220459,4239200,0.0,0.0
2025-05-12 00:00:00-04:00,3.8299999237060547,3.8399999141693115,3.5350000858306885,3.5799999237060547,813700,0.0,0.0
2025-05-13 00:00:00-04:00,3.619999885559082,3.7249999046325684,3.5409998893737793,3.5999999046325684,747600,0.0,0.0
2025-05-14 00:00:00-04:00,3.5799999237060547,3.5799999237060547,3.4049999713897705,3.4100000858306885,755000,0.0,0.0
2025-05-15 00:00:00-04:00,3.4100000858306885,3.4100000858306885,3.2899999618530273,3.319999933242798,405400,0.0,0.0
2025-05-16 00:00:00-04:00,3.309999942779541,3.3399999141693115,3.255000114440918,3.2799999713897705,557900,0.0,0.0
2025-05-19 00:00:00-04:00,3.25,3.315000057220459,3.184999942779541,3.2899999618530273,447500,0.0,0.0
2025-05-20 00:00:00-04:00,3.2899999618530273,3.434999942779541,3.25,3.299999952316284,579400,0.0,0.0
2025-05-21 00:00:00-04:00,3.25,3.299999952316284,3.130000114440918,3.140000104904175,432100,0.0,0.0
2025-05-22 00:00:00-04:00,3.119999885559082,3.184999942779541,3.0799999237060547,3.130000114440918,646300,0.0,0.0
2025-05-23 00:00:00-04:00,3.0899999141693115,3.1050000190734863,3.009999990463257,3.0199999809265137,441100,0.0,0.0
2025-05-27 00:00:00-04:00,3.069999933242798,3.2899999618530273,3.049999952316284,3.2799999713897705,798900,0.0,0.0
2025-05-28 00:00:00-04:00,3.2899999618530273,3.2899999618530273,3.174999952316284,3.25,536600,0.0,0.0
2025-05-29 00:00:00-04:00,3.2899999618530273,3.3450000286102295,3.2200000286102295,3.2699999809265137,390500,0.0,0.0
2025-05-30 00:00:00-04:00,3.25,3.3450000286102295,3.200000047683716,3.309999942779541,1286300,0.0,0.0
2025-06-02 00:00:00-04:00,3.319999933242798,3.440000057220459,3.2049999237060547,3.2699999809265137,836500,0.0,0.0
2025-06-03 00:00:00-04:00,3.2699999809265137,3.505000114440918,3.240000009536743,3.490000009536743,527400,0.0,0.0
2025-06-04 00:00:00-04:00,3.490000009536743,3.6050000190734863,3.4800000190734863,3.549999952316284,516400,0.0,0.0
2025-06-05 00:00:00-04:00,3.5299999713897705,3.6700000762939453,3.438999891281128,3.559999942779541,497900,0.0,0.0
2025-06-06 00:00:00-04:00,3.5899999141693115,3.740000009536743,3.5899999141693115,3.740000009536743,695000,0.0,0.0
2025-06-09 00:00:00-04:00,3.75,3.7899999618530273,3.619999885559082,3.6600000858306885,713000,0.0,0.0
2025-06-10 00:00:00-04:00,3.6600000858306885,3.890000104904175,3.565000057220459,3.75,725200,0.0,0.0
2025-06-11 00:00:00-04:00,3.799999952316284,3.8299999237060547,3.700000047683716,3.75,770500,0.0,0.0
2025-06-12 00:00:00-04:00,3.7100000381469727,3.7699999809265137,3.619999885559082,3.630000114440918,774100,0.0,0.0
2025-06-13 00:00:00-04:00,3.559999942779541,3.7200000286102295,3.549999952316284,3.6500000953674316,554500,0.0,0.0
2025-06-16 00:00:00-04:00,3.700000047683716,3.7850000858306885,3.6500000953674316,3.759999990463257,561100,0.0,0.0
2025-06-17 00:00:00-04:00,3.700000047683716,3.950000047683716,3.680000066757202,3.7799999713897705,921200,0.0,0.0
2025-06-18 00:00:00-04:00,3.759999990463257,3.9149999618530273,3.7200000286102295,3.799999952316284,923000,0.0,0.0
2025-06-20 00:00:00-04:00,3.8399999141693115,3.869999885559082,3.734999895095825,3.799999952316284,1144800,0.0,0.0
2025-06-23 00:00:00-04:00,3.759999990463257,4.03000020980835,3.759999990463257,3.9700000286102295,991400,0.0,0.0
2025-06-24 00:00:00-04:00,4.0,4.099999904632568,3.890000104904175,4.0,1303600,0.0,0.0
2025-06-25 00:00:00-04:00,4.010000228881836,4.03000020980835,3.819999933242798,3.8399999141693115,627700,0.0,0.0
2025-06-26 00:00:00-04:00,3.8399999141693115,3.880000114440918,3.740000009536743,3.7899999618530273,497600,0.0,0.0
2025-06-27 00:00:00-04:00,3.799999952316284,3.819999933242798,3.734999895095825,3.809999942779541,2284200,0.0,0.0
2025-06-30 00:00:00-04:00,3.8499999046325684,3.950000047683716,3.8350000381469727,3.9000000953674316,585500,0.0,0.0
2025-07-01 00:00:00-04:00,3.8499999046325684,4.085000038146973,3.8499999046325684,4.050000190734863,559300,0.0,0.0
2025-07-02 00:00:00-04:00,4.059999942779541,4.114999771118164,3.990000009536743,4.019999980926514,416700,0.0,0.0
2025-07-03 00:00:00-04:00,4.010000228881836,4.090000152587891,3.9600000381469727,4.03000020980835,237700,0.0,0.0
2025-07-07 00:00:00-04:00,4.019999980926514,4.195000171661377,4.0,4.03000020980835,572700,0.0,0.0
2025-07-08 00:00:00-04:00,4.050000190734863,4.230000019073486,4.039999961853027,4.170000076293945,461700,0.0,0.0
2025-07-09 00:00:00-04:00,4.190000057220459,4.190000057220459,4.110000133514404,4.170000076293945,276700,0.0,0.0
2025-07-10 00:00:00-04:00,4.179999828338623,4.195000171661377,4.110000133514404,4.184999942779541,435200,0.0,0.0
2025-07-11 00:00:00-04:00,4.130000114440918,4.150000095367432,3.9000000953674316,3.9200000762939453,464600,0.0,0.0
2025-07-14 00:00:00-04:00,3.880000114440918,4.034999847412109,3.880000114440918,4.019999980926514,369400,0.0,0.0
2025-07-15 00:00:00-04:00,4.039999961853027,4.090000152587891,3.940000057220459,3.950000047683716,368000,0.0,0.0
2025-07-16 00:00:00-04:00,3.9800000190734863,4.054999828338623,3.9200000762939453,4.019999980926514,687300,0.0,0.0
2025-07-17 00:00:00-04:00,4.039999961853027,4.110000133514404,4.0,4.019999980926514,387900,0.0,0.0
2025-07-18 00:00:00-04:00,4.070000171661377,4.079999923706055,3.8299999237060547,3.8399999141693115,424100,0.0,0.0
2025-07-21 00:00:00-04:00,3.869999885559082,4.010000228881836,3.859999895095825,3.990000009536743,397100,0.0,0.0
2025-07-22 00:00:00-04:00,4.010000228881836,4.129000186920166,3.9700000286102295,4.099999904632568,324400,0.0,0.0
2025-07-23 00:00:00-04:00,4.130000114440918,4.258999824523926,4.083000183105469,4.239999771118164,362900,0.0,0.0
2025-07-24 00:00:00-04:00,4.199999809265137,4.210000038146973,3.9800000190734863,4.0,450900,0.0,0.0
2025-07-25 00:00:00-04:00,4.03000020980835,4.130000114440918,3.994999885559082,4.09499979019165,325500,0.0,0.0
2025-07-28 00:00:00-04:00,4.110000133514404,4.238999843597412,4.079999923706055,4.210000038146973,280100,0.0,0.0
2025-07-29 00:00:00-04:00,4.239999771118164,4.25,4.050000190734863,4.079999923706055,410400,0.0,0.0
2025-07-30 00:00:00-04:00,4.090000152587891,4.179999828338623,3.9600000381469727,4.0,379800,0.0,0.0
2025-07-31 00:00:00-04:00,3.9800000190734863,4.105000019073486,3.890000104904175,3.9000000953674316,428700,0.0,0.0
2025-08-01 00:00:00-04:00,3.8299999237060547,3.8299999237060547,3.7200000286102295,3.740000009536743,511900,0.0,0.0
2025-08-04 00:00:00-04:00,3.75,3.8949999809265137,3.7200000286102295,3.8399999141693115,329200,0.0,0.0
2025-08-05 00:00:00-04:00,3.859999895095825,4.090000152587891,3.859999895095825,3.880000114440918,479900,0.0,0.0
2025-08-06 00:00:00-04:00,3.869999885559082,3.9700000286102295,3.869999885559082,3.930000066757202,375700,0.0,0.0
2025-08-07 00:00:00-04:00,3.940000057220459,3.994999885559082,3.815000057220459,3.9700000286102295,680500,0.0,0.0
2025-08-08 00:00:00-04:00,4.179999828338623,4.699999809265137,3.815000057220459,3.859999895095825,991800,0.0,0.0
2025-08-11 00:00:00-04:00,3.859999895095825,4.019999980926514,3.440000057220459,3.5199999809265137,882100,0.0,0.0
2025-08-12 00:00:00-04:00,3.509999990463257,3.7100000381469727,3.509999990463257,3.5950000286102295,801400,0.0,0.0
2025-08-13 00:00:00-04:00,3.630000114440918,3.990000009536743,3.609999895095825,3.940000057220459,714900,0.0,0.0
2025-08-14 00:00:00-04:00,3.859999895095825,3.859999895095825,3.7249999046325684,3.799999952316284,393900,0.0,0.0
2025-08-15 00:00:00-04:00,3.809999942779541,3.9100000858306885,3.809999942779541,3.869999885559082,225800,0.0,0.0
2025-08-18 00:00:00-04:00,3.869999885559082,3.944999933242798,3.869999885559082,3.930000066757202,289000,0.0,0.0
2025-08-19 00:00:00-04:00,3.930000066757202,4.050000190734863,3.7699999809265137,3.7899999618530273,312900,0.0,0.0
2025-08-20 00:00:00-04:00,3.7899999618530273,3.8399999141693115,3.684999942779541,3.7200000286102295,265500,0.0,0.0
2025-08-21 00:00:00-04:00,3.690000057220459,3.825000047683716,3.630000114440918,3.7699999809265137,210900,0.0,0.0
2025-08-22 00:00:00-04:00,3.799999952316284,4.085000038146973,3.799999952316284,4.059999942779541,367600,0.0,0.0
2025-08-25 00:00:00-04:00,4.039999961853027,4.074999809265137,3.9649999141693115,3.990000009536743,248100,0.0,0.0
2025-08-26 00:00:00-04:00,3.930000066757202,4.03000020980835,3.865000009536743,3.9100000858306885,274600,0.0,0.0
2025-08-27 00:00:00-04:00,3.9000000953674316,4.050000190734863,3.9000000953674316,4.039999961853027,136400,0.0,0.0
2025-08-28 00:00:00-04:00,4.059999942779541,4.150000095367432,3.984999895095825,4.010000228881836,250800,0.0,0.0
2025-08-29 00:00:00-04:00,4.019999980926514,4.034999847412109,3.9800000190734863,4.03000020980835,140100,0.0,0.0
2025-09-02 00:00:00-04:00,3.9700000286102295,4.059999942779541,3.809999942779541,3.809999942779541,275800,0.0,0.0
2025-09-03 00:00:00-04:00,3.7799999713897705,3.9000000953674316,3.740000009536743,3.890000104904175,320500,0.0,0.0
2025-09-04 00:00:00-04:00,3.890000104904175,4.025000095367432,3.8299999237060547,4.010000228881836,269500,0.0,0.0
2025-09-05 00:00:00-04:00,4.039999961853027,4.099999904632568,3.9609999656677246,4.0,226100,0.0,0.0
2025-09-08 00:00:00-04:00,4.019999980926514,4.179999828338623,4.019999980926514,4.150000095367432,322000,0.0,0.0
2025-09-09 00:00:00-04:00,4.139999866485596,4.150000095367432,4.019999980926514,4.139999866485596,286000,0.0,0.0
2025-09-10 00:00:00-04:00,4.130000114440918,4.130000114440918,3.9700000286102295,3.9800000190734863,259700,0.0,0.0
2025-09-11 00:00:00-04:00,3.990000009536743,4.150000095367432,3.984999895095825,4.130000114440918,287000,0.0,0.0
2025-09-12 00:00:00-04:00,4.119999885559082,4.175000190734863,4.010000228881836,4.150000095367432,322500,0.0,0.0
2025-09-15 00:00:00-04:00,4.179999828338623,4.184999942779541,3.984999895095825,4.050000190734863,214400,0.0,0.0
2025-09-16 00:00:00-04:00,4.050000190734863,4.105000019073486,3.994999885559082,4.090000152587891,210800,0.0,0.0
2025-09-17 00:00:00-04:00,4.090000152587891,4.269999980926514,4.010000228881836,4.090000152587891,403000,0.0,0.0
2025-09-18 00:00:00-04:00,4.110000133514404,4.320000171661377,4.054999828338623,4.28000020980835,312300,0.0,0.0
2025-09-19 00:00:00-04:00,4.28000020980835,4.309999942779541,4.050000190734863,4.210000038146973,900100,0.0,0.0
2025-09-22 00:00:00-04:00,4.179999828338623,4.300000190734863,4.110000133514404,4.300000190734863,431500,0.0,0.0
2025-09-23 00:00:00-04:00,4.300000190734863,4.349999904632568,4.150000095367432,4.170000076293945,371100,0.0,0.0
2025-09-24 00:00:00-04:00,4.179999828338623,4.239999771118164,3.9100000858306885,3.9200000762939453,305700,0.0,0.0
2025-09-25 00:00:00-04:00,3.890000104904175,3.9000000953674316,3.805000066757202,3.8499999046325684,195700,0.0,0.0
2025-09-26 00:00:00-04:00,3.859999895095825,4.0,3.859999895095825,3.9800000190734863,184800,0.0,0.0
2025-09-29 00:00:00-04:00,4.0,4.039999961853027,3.9189999103546143,4.039999961853027,254600,0.0,0.0
2025-09-30 00:00:00-04:00,4.039999961853027,4.065000057220459,3.875,4.059999942779541,565700,0.0,0.0
2025-10-01 00:00:00-04:00,4.010000228881836,4.019999980926514,3.515000104904175,3.559999942779541,566400,0.0,0.0
2025-10-02 00:00:00-04:00,3.569999933242798,3.5850000381469727,3.319999933242798,3.3299999237060547,299200,0.0,0.0
2025-10-03 00:00:00-04:00,3.3399999141693115,3.490000009536743,3.299999952316284,3.4200000762939453,355400,0.0,0.0
2025-10-06 00:00:00-04:00,3.4600000381469727,3.4800000190734863,3.3399999141693115,3.4100000858306885,327200,0.0,0.0
2025-10-07 00:00:00-04:00,3.4100000858306885,3.430000066757202,3.1600000858306885,3.190000057220459,338000,0.0,0.0
2025-10-08 00:00:00-04:00,3.2100000381469727,3.2850000858306885,3.1600000858306885,3.2300000190734863,272500,0.0,0.0
2025-10-09 00:00:00-04:00,3.2200000286102295,3.309999942779541,3.0799999237060547,3.0799999237060547,416500,0.0,0.0
2025-10-10 00:00:00-04:00,3.0999999046325684,3.1489999294281006,2.859999895095825,2.869999885559082,397300,0.0,0.0
2025-10-13 00:00:00-04:00,2.940000057220459,3.055000066757202,2.8949999809265137,2.990000009536743,448300,0.0,0.0
2025-10-14 00:00:00-04:00,2.930000066757202,3.0399999618530273,2.9000000953674316,3.0299999713897705,250200,0.0,0.0
2025-10-15 00:00:00-04:00,3.069999933242798,3.119999885559082,2.9549999237060547,2.990000009536743,238700,0.0,0.0
2025-10-16 00:00:00-04:00,3.009999990463257,3.0299999713897705,2.865000009536743,2.930000066757202,230900,0.0,0.0
2025-10-17 00:00:00-04:00,2.9600000381469727,2.9800000190734863,2.815000057220459,2.869999885559082,199000,0.0,0.0
2025-10-20 00:00:00-04:00,2.9000000953674316,3.0450000762939453,2.869999885559082,3.0399999618530273,212900,0.0,0.0
2025-10-21 00:00:00-04:00,3.009999990463257,3.0350000858306885,2.940000057220459,2.9700000286102295,185800,0.0,0.0
2025-10-22 00:00:00-04:00,2.9600000381469727,3.0199999809265137,2.8949999809265137,2.940000057220459,190400,0.0,0.0
2025-10-23 00:00:00-04:00,2.940000057220459,3.0,2.869999885559082,2.950000047683716,181100,0.0,0.0
2025-10-24 00:00:00-04:00,2.9700000286102295,3.009999990463257,2.9100000858306885,2.9700000286102295,163900,0.0,0.0
2025-10-27 00:00:00-04:00,2.9800000190734863,3.0199999809265137,2.9200000762939453,2.9700000286102295,216700,0.0,0.0
2025-10-28 00:00:00-04:00,2.9600000381469727,2.984999895095825,2.880000114440918,2.940000057220459,180300,0.0,0.0
2025-10-29 00:00:00-04:00,2.930000066757202,2.930000066757202,2.7300000190734863,2.7699999809265137,277200,0.0,0.0
2025-10-30 00:00:00-04:00,2.759999990463257,2.7950000762939453,2.680000066757202,2.680000066757202,298800,0.0,0.0
2025-10-31 00:00:00-04:00,2.680000066757202,2.7799999713897705,2.619999885559082,2.7699999809265137,210100,0.0,0.0
2025-11-03 00:00:00-05:00,2.7699999809265137,2.9600000381469727,2.690000057220459,2.859999895095825,491100,0.0,0.0
2025-11-04 00:00:00-05:00,2.7899999618530273,2.825000047683716,2.7100000381469727,2.7799999713897705,250900,0.0,0.0
2025-11-05 00:00:00-05:00,2.7799999713897705,2.819999933242798,2.6700000762939453,2.7200000286102295,157300,0.0,0.0
2025-11-06 00:00:00-05:00,2.7200000286102295,2.7200000286102295,2.5999999046325684,2.6500000953674316,249800,0.0,0.0
2025-11-07 00:00:00-05:00,2.809999942779541,2.989000082015991,2.700000047683716,2.930000066757202,509000,0.0,0.0
2025-11-10 00:00:00-05:00,2.9700000286102295,2.990000009536743,2.8350000381469727,2.8499999046325684,227200,0.0,0.0
2025-11-11 00:00:00-05:00,2.8399999141693115,2.9049999713897705,2.8299999237060547,2.869999885559082,120400,0.0,0.0
2025-11-12 00:00:00-05:00,2.8499999046325684,2.9200000762939453,2.690000057220459,2.7200000286102295,375900,0.0,0.0
2025-11-13 00:00:00-05:00,2.700000047683716,2.7750000953674316,2.609999895095825,2.7200000286102295,256900,0.0,0.0
2025-11-14 00:00:00-05:00,2.6700000762939453,2.759999990463257,2.609999895095825,2.740000009536743,219600,0.0,0.0
2025-11-17 00:00:00-05:00,2.690000057220459,2.75,2.615000009536743,2.619999885559082,181400,0.0,0.0
2025-11-18 00:00:00-05:00,2.5899999141693115,2.6500000953674316,2.565000057220459,2.5999999046325684,163000,0.0,0.0
2025-11-19 00:00:00-05:00,2.5999999046325684,2.6500000953674316,2.509999990463257,2.5799999237060547,538300,0.0,0.0
2025-11-20 00:00:00-05:00,2.630000114440918,2.7149999141693115,2.5799999237060547,2.5999999046325684,251900,0.0,0.0
2025-11-21 00:00:00-05:00,2.5999999046325684,2.7660000324249268,2.5350000858306885,2.759999990463257,264000,0.0,0.0
2025-11-24 00:00:00-05:00,2.75,2.7799999713897705,2.6700000762939453,2.690000057220459,322900,0.0,0.0
2025-11-25 00:00:00-05:00,2.700000047683716,2.8399999141693115,2.5999999046325684,2.799999952316284,440600,0.0,0.0
2025-11-26 00:00:00-05:00,2.799999952316284,2.8499999046325684,2.6600000858306885,2.809999942779541,265400,0.0,0.0
2025-11-28 00:00:00-05:00,2.809999942779541,3.0,2.759999990463257,2.8399999141693115,188100,0.0,0.0
2025-12-01 00:00:00-05:00,2.859999895095825,2.880000114440918,2.634999990463257,2.6600000858306885,300300,0.0,0.0
2025-12-02 00:00:00-05:00,2.7300000190734863,2.7300000190734863,2.640000104904175,2.6500000953674316,384100,0.0,0.0
2025-12-03 00:00:00-05:00,2.7100000381469727,2.7100000381469727,2.5450000762939453,2.5899999141693115,412100,0.0,0.0
2025-12-04 00:00:00-05:00,2.5999999046325684,2.609999895095825,2.490000009536743,2.559999942779541,406500,0.0,0.0
2025-12-05 00:00:00-05:00,2.559999942779541,2.640000104904175,2.440000057220459,2.4800000190734863,352000,0.0,0.0
2025-12-08 00:00:00-05:00,2.4700000286102295,2.5,2.4149999618530273,2.450000047683716,316600,0.0,0.0
2025-12-09 00:00:00-05:00,2.450000047683716,2.450000047683716,2.3550000190734863,2.369999885559082,384500,0.0,0.0
2025-12-10 00:00:00-05:00,2.369999885559082,2.450000047683716,2.3399999141693115,2.380000114440918,346200,0.0,0.0
2025-12-11 00:00:00-05:00,2.390000104904175,2.4100000858306885,2.259999990463257,2.299999952316284,386100,0.0,0.0
2025-12-12 00:00:00-05:00,2.2699999809265137,2.315000057220459,2.234999895095825,2.309999942779541,708000,0.0,0.0
2025-12-15 00:00:00-05:00,2.3499999046325684,2.369999885559082,2.240000009536743,2.299999952316284,398400,0.0,0.0
2025-12-16 00:00:00-05:00,2.299999952316284,2.309999942779541,2.25,2.2899999618530273,543600,0.0,0.0
2025-12-17 00:00:00-05:00,2.319999933242798,2.3450000286102295,2.265000104904175,2.2799999713897705,502900,0.0,0.0
2025-12-18 00:00:00-05:00,2.309999942779541,2.5899999141693115,2.2950000762939453,2.5799999237060547,2028300,0.0,0.0
2025-12-19 00:00:00-05:00,2.559999942779541,2.640000104904175,2.434999942779541,2.5399999618530273,1572700,0.0,0.0
2025-12-22 00:00:00-05:00,2.549999952316284,2.6500000953674316,2.490000009536743,2.5299999713897705,628300,0.0,0.0
2025-12-23 00:00:00-05:00,2.5,2.549999952316284,2.4000000953674316,2.5199999809265137,617400,0.0,0.0
2025-12-24 00:00:00-05:00,2.5,2.6449999809265137,2.4800000190734863,2.619999885559082,354300,0.0,0.0
2025-12-26 00:00:00-05:00,2.5899999141693115,2.6600000858306885,2.5399999618530273,2.630000114440918,542300,0.0,0.0
2025-12-29 00:00:00-05:00,2.619999885559082,2.7249999046325684,2.609999895095825,2.7100000381469727,462900,0.0,0.0
2025-12-30 00:00:00-05:00,2.7100000381469727,2.799999952316284,2.630000114440918,2.7899999618530273,631400,0.0,0.0
2025-12-31 00:00:00-05:00,2.7799999713897705,2.880000114440918,2.7699999809265137,2.869999885559082,682100,0.0,0.0
2026-01-02 00:00:00-05:00,2.869999885559082,2.869999885559082,2.3399999141693115,2.375,1190600,0.0,0.0
2026-01-05 00:00:00-05:00,2.390000104904175,2.559999942779541,2.380000114440918,2.4600000381469727,476400,0.0,0.0
2026-01-06 00:00:00-05:00,2.4600000381469727,2.575000047683716,2.434999942779541,2.5399999618530273,467200,0.0,0.0
2026-01-07 00:00:00-05:00,2.549999952316284,2.5899999141693115,2.484999895095825,2.559999942779541,465500,0.0,0.0
2026-01-08 00:00:00-05:00,2.549999952316284,2.6549999713897705,2.5450000762939453,2.569999933242798,257000,0.0,0.0
2026-01-09 00:00:00-05:00,2.569999933242798,2.6050000190734863,2.4600000381469727,2.549999952316284,327500,0.0,0.0
2026-01-12 00:00:00-05:00,2.5399999618530273,2.569999933242798,2.484999895095825,2.5399999618530273,252900,0.0,0.0
2026-01-13 00:00:00-05:00,2.5399999618530273,2.552000045776367,2.440000057220459,2.4700000286102295,412100,0.0,0.0
2026-01-14 00:00:00-05:00,2.4700000286102295,2.490000009536743,2.4100000858306885,2.4600000381469727,282800,0.0,0.0
2026-01-15 00:00:00-05:00,2.4700000286102295,2.4749999046325684,2.390000104904175,2.430000066757202,308700,0.0,0.0
2026-01-16 00:00:00-05:00,2.430000066757202,2.434999942779541,2.375,2.390000104904175,245400,0.0,0.0
2026-01-20 00:00:00-05:00,2.3399999141693115,2.365000009536743,2.259999990463257,2.2699999809265137,352900,0.0,0.0
2026-01-21 00:00:00-05:00,2.299999952316284,2.444999933242798,2.2799999713897705,2.380000114440918,435100,0.0,0.0
2026-01-22 00:00:00-05:00,2.390000104904175,2.5799999237060547,2.390000104904175,2.4800000190734863,351600,0.0,0.0
2026-01-23 00:00:00-05:00,2.4600000381469727,2.5299999713897705,2.4200000762939453,2.430000066757202,205900,0.0,0.0
2026-01-26 00:00:00-05:00,2.4200000762939453,2.484999895095825,2.3949999809265137,2.440000057220459,268500,0.0,0.0
2026-01-27 00:00:00-05:00,2.450000047683716,2.450000047683716,2.365000009536743,2.390000104904175,163900,0.0,0.0
2026-01-28 00:00:00-05:00,2.380000114440918,2.4049999713897705,2.3450000286102295,2.359999895095825,384400,0.0,0.0
2026-01-29 00:00:00-05:00,2.369999885559082,2.369999885559082,2.240000009536743,2.2799999713897705,452400,0.0,0.0
2026-01-30 00:00:00-05:00,2.2300000190734863,2.3299999237060547,2.2049999237060547,2.319999933242798,357500,0.0,0.0
2026-02-02 00:00:00-05:00,2.309999942779541,2.3499999046325684,2.2750000953674316,2.3399999141693115,308000,0.0,0.0
2026-02-03 00:00:00-05:00,2.3499999046325684,2.3499999046325684,2.124000072479248,2.1700000762939453,376700,0.0,0.0
2026-02-04 00:00:00-05:00,2.1700000762939453,2.1700000762939453,2.0450000762939453,2.049999952316284,358700,0.0,0.0
2026-02-05 00:00:00-05:00,2.0299999713897705,2.0350000858306885,1.9500000476837158,1.9600000381469727,316500,0.0,0.0
2026-02-06 00:00:00-05:00,1.9800000190734863,2.005000114440918,1.9010000228881836,1.9900000095367432,273000,0.0,0.0
2026-02-09 00:00:00-05:00,2.0,2.0,1.8899999856948853,1.8899999856948853,331300,0.0,0.0
2026-02-10 00:00:00-05:00,1.9199999570846558,2.0,1.8700000047683716,1.8899999856948853,329300,0.0,0.0
2026-02-11 00:00:00-05:00,1.8899999856948853,1.8899999856948853,1.6799999475479126,1.690000057220459,343000,0.0,0.0
2026-02-12 00:00:00-05:00,1.7200000286102295,1.7400000095367432,1.5199999809265137,1.5399999618530273,531900,0.0,0.0
2026-02-13 00:00:00-05:00,1.559999942779541,1.649999976158142,1.5449999570846558,1.590000033378601,369800,0.0,0.0
2026-02-17 00:00:00-05:00,1.5800000429153442,1.6299999952316284,1.534999966621399,1.559999942779541,319000,0.0,0.0
2026-02-18 00:00:00-05:00,1.5800000429153442,1.6200000047683716,1.559999942779541,1.5700000524520874,234500,0.0,0.0
2026-02-19 00:00:00-05:00,1.5800000429153442,1.590000033378601,1.5199999809265137,1.5700000524520874,252700,0.0,0.0
2026-02-20 00:00:00-05:00,1.5499999523162842,1.625,1.5,1.5099999904632568,208900,0.0,0.0
2026-02-23 00:00:00-05:00,1.4900000095367432,1.5,1.3700000047683716,1.3799999952316284,536100,0.0,0.0
2026-02-24 00:00:00-05:00,1.3799999952316284,1.440000057220459,1.3600000143051147,1.3899999856948853,401200,0.0,0.0
2026-02-25 00:00:00-05:00,1.3899999856948853,1.434999942779541,1.3650000095367432,1.409999966621399,272200,0.0,0.0
2026-02-26 00:00:00-05:00,1.399999976158142,1.5,1.3799999952316284,1.399999976158142,764400,0.0,0.0
2026-02-27 00:00:00-05:00,1.2699999809265137,1.2899999618530273,1.1399999856948853,1.2799999713897705,603900,0.0,0.0
2026-03-02 00:00:00-05:00,1.2100000381469727,1.2300000190734863,1.100000023841858,1.1399999856948853,523000,0.0,0.0
2026-03-03 00:00:00-05:00,1.1399999856948853,1.2050000429153442,1.0700000524520874,1.159999966621399,442700,0.0,0.0
2026-03-04 00:00:00-05:00,1.1399999856948853,1.2400000095367432,1.1200000047683716,1.2200000286102295,350600,0.0,0.0
2026-03-05 00:00:00-05:00,1.2000000476837158,1.2599999904632568,1.1549999713897705,1.2200000286102295,289800,0.0,0.0
2026-03-06 00:00:00-05:00,1.1799999475479126,1.2050000429153442,1.1399999856948853,1.1799999475479126,252400,0.0,0.0
2026-03-09 00:00:00-04:00,1.159999966621399,1.2649999856948853,1.1100000143051147,1.2400000095367432,434200,0.0,0.0
2026-03-10 00:00:00-04:00,1.2200000286102295,1.284999966621399,1.184999942779541,1.2000000476837158,420000,0.0,0.0
2026-03-11 00:00:00-04:00,1.2000000476837158,1.25,1.1449999809265137,1.184999942779541,240000,0.0,0.0
2026-03-12 00:00:00-04:00,1.1799999475479126,1.2200000286102295,1.1150000095367432,1.1299999952316284,277800,0.0,0.0
2026-03-13 00:00:00-04:00,1.1200000047683716,1.1749999523162842,1.1050000190734863,1.1299999952316284,390000,0.0,0.0
2026-03-16 00:00:00-04:00,1.1299999952316284,1.149999976158142,1.100000023841858,1.100000023841858,193700,0.0,0.0
2026-03-17 00:00:00-04:00,1.100000023841858,1.1799999475479126,1.100000023841858,1.1200000047683716,198700,0.0,0.0
2026-03-18 00:00:00-04:00,1.1100000143051147,1.1100000143051147,1.059999942779541,1.0700000524520874,231400,0.0,0.0
2026-03-19 00:00:00-04:00,1.059999942779541,1.0850000381469727,0.9739999771118164,1.0,1676000,0.0,0.0
2026-03-20 00:00:00-04:00,1.0299999713897705,1.149999976158142,1.0299999713897705,1.1299999952316284,1227600,0.0,0.0
2026-03-23 00:00:00-04:00,1.1699999570846558,1.2100000381469727,1.1100000143051147,1.190000057220459,330500,0.0,0.0
2026-03-24 00:00:00-04:00,1.1699999570846558,1.1699999570846558,1.0850000381469727,1.1100000143051147,249300,0.0,0.0
2026-03-25 00:00:00-04:00,1.1299999952316284,1.1399999856948853,1.0499999523162842,1.090000033378601,188400,0.0,0.0
2026-03-26 00:00:00-04:00,1.059999942779541,1.1150000095367432,1.059999942779541,1.090000033378601,176600,0.0,0.0
2026-03-27 00:00:00-04:00,1.0800000429153442,1.1100000143051147,1.024999976158142,1.0499999523162842,248800,0.0,0.0
2026-03-30 00:00:00-04:00,1.0800000429153442,1.1649999618530273,1.0399999618530273,1.159999966621399,440800,0.0,0.0
2026-03-31 00:00:00-04:00,1.159999966621399,1.2400000095367432,1.0750000476837158,1.2300000190734863,929600,0.0,0.0
2026-04-01 00:00:00-04:00,1.2300000190734863,1.2300000190734863,1.0850000381469727,1.090000033378601,273800,0.0,0.0
2026-04-02 00:00:00-04:00,1.0700000524520874,1.1150000095367432,1.0399999618530273,1.0800000429153442,192900,0.0,0.0
2026-04-06 00:00:00-04:00,1.059999942779541,1.125,1.059999942779541,1.100000023841858,125500,0.0,0.0
2026-04-07 00:00:00-04:00,1.0800000429153442,1.1100000143051147,1.0509999990463257,1.0700000524520874,200000,0.0,0.0
2026-04-08 00:00:00-04:00,1.1200000047683716,1.1200000047683716,1.0299999713897705,1.0399999618530273,175000,0.0,0.0
2026-04-09 00:00:00-04:00,1.059999942779541,1.059999942779541,0.9300000071525574,0.9710000157356262,262600,0.0,0.0
2026-04-10 00:00:00-04:00,0.9959999918937683,0.9959999918937683,0.9210000038146973,0.9470000267028809,264300,0.0,0.0
2026-04-13 00:00:00-04:00,0.9399999976158142,0.9940000176429749,0.9200000166893005,0.9919999837875366,333000,0.0,0.0
2026-04-14 00:00:00-04:00,0.9950000047683716,1.0299999713897705,0.9800000190734863,1.0099999904632568,142800,0.0,0.0
2026-04-15 00:00:00-04:00,0.9980000257492065,1.0800000429153442,0.9980000257492065,1.0800000429153442,209700,0.0,0.0
2026-04-16 00:00:00-04:00,1.0700000524520874,1.090000033378601,1.0199999809265137,1.0499999523162842,199000,0.0,0.0
2026-04-17 00:00:00-04:00,1.059999942779541,1.0850000381469727,1.0299999713897705,1.0299999713897705,237900,0.0,0.0
2026-04-20 00:00:00-04:00,1.0299999713897705,1.0700000524520874,1.024999976158142,1.0499999523162842,189300,0.0,0.0
2026-04-21 00:00:00-04:00,1.0499999523162842,1.1299999952316284,1.0399999618530273,1.0499999523162842,328400,0.0,0.0
2026-04-22 00:00:00-04:00,1.0700000524520874,1.1349999904632568,1.0499999523162842,1.1200000047683716,199000,0.0,0.0
2026-04-23 00:00:00-04:00,1.1100000143051147,1.1100000143051147,0.9900000095367432,1.0,214100,0.0,0.0
2026-04-24 00:00:00-04:00,1.027999997138977,1.0399999618530273,0.9700000286102295,1.0199999809265137,180700,0.0,0.0
2026-04-27 00:00:00-04:00,1.0199999809265137,1.059999942779541,0.9940000176429749,1.0099999904632568,256300,0.0,0.0
2026-04-28 00:00:00-04:00,1.0099999904632568,1.0199999809265137,0.9900000095367432,1.0099999904632568,143200,0.0,0.0
2026-04-29 00:00:00-04:00,1.0099999904632568,1.0099999904632568,0.9300000071525574,0.9350000023841858,318600,0.0,0.0
2026-04-30 00:00:00-04:00,0.9350000023841858,0.9589999914169312,0.9039999842643738,0.953000009059906,220200,0.0,0.0
2026-05-01 00:00:00-04:00,0.9649999737739563,1.0,0.9210000038146973,0.9860000014305115,234600,0.0,0.0
2026-05-04 00:00:00-04:00,0.9800000190734863,1.0700000524520874,0.9700000286102295,1.0299999713897705,413700,0.0,0.0
2026-05-05 00:00:00-04:00,1.034999966621399,1.0499999523162842,0.9319999814033508,0.9620000123977661,390700,0.0,0.0
2026-05-06 00:00:00-04:00,0.9649999737739563,0.9800000190734863,0.9089999794960022,0.9449999928474426,284000,0.0,0.0
2026-05-07 00:00:00-04:00,0.9399999976158142,0.9639999866485596,0.9210000038146973,0.921999990940094,331900,0.0,0.0
2026-05-08 00:00:00-04:00,1.0499999523162842,1.0499999523162842,0.8949999809265137,0.953000009059906,412400,0.0,0.0
2026-05-11 00:00:00-04:00,0.9800000190734863,1.0099999904632568,0.9210000038146973,0.9879999756813049,410500,0.0,0.0
2026-05-12 00:00:00-04:00,0.9890000224113464,1.003000020980835,0.925000011920929,0.9269999861717224,218100,0.0,0.0
2026-05-13 00:00:00-04:00,0.9399999976158142,0.9399999976158142,0.8809999823570251,0.8859999775886536,375300,0.0,0.0
2026-05-14 00:00:00-04:00,0.8999999761581421,0.9010000228881836,0.8560000061988831,0.8600000143051147,354500,0.0,0.0
2026-05-15 00:00:00-04:00,0.8510000109672546,0.8600000143051147,0.8080000281333923,0.8080000281333923,265700,0.0,0.0
2026-05-18 00:00:00-04:00,0.8100000023841858,0.8679999709129333,0.8100000023841858,0.8410000205039978,317200,0.0,0.0
2026-05-19 00:00:00-04:00,0.8410000205039978,0.8849999904632568,0.8220000267028809,0.8709999918937683,229500,0.0,0.0
2026-05-20 00:00:00-04:00,0.8899999856948853,0.8899999856948853,0.8399999737739563,0.859000027179718,162900,0.0,0.0
2026-05-21 00:00:00-04:00,0.8500000238418579,0.8500000238418579,0.8029999732971191,0.8199999928474426,505700,0.0,0.0
2026-05-22 00:00:00-04:00,0.8100000023841858,0.8790000081062317,0.8090000152587891,0.8519999980926514,331700,0.0,0.0
2026-05-26 00:00:00-04:00,0.8799999952316284,0.9039999842643738,0.8270000219345093,0.902999997138977,452300,0.0,0.0
2026-05-27 00:00:00-04:00,0.9200000166893005,0.9200000166893005,0.8429999947547913,0.859000027179718,233500,0.0,0.0
2026-05-28 00:00:00-04:00,0.8399999737739563,0.8989999890327454,0.8299999833106995,0.8880000114440918,292400,0.0,0.0
2026-05-29 00:00:00-04:00,0.8949999809265137,0.9700000286102295,0.8410000205039978,0.9309999942779541,574400,0.0,0.0
2026-06-01 00:00:00-04:00,0.9509999752044678,1.0,0.949999988079071,0.9869999885559082,388300,0.0,0.0
2026-06-02 00:00:00-04:00,0.9929999709129333,1.0099999904632568,0.9340000152587891,0.9599999785423279,296400,0.0,0.0
2026-06-03 00:00:00-04:00,0.9509999752044678,0.9700000286102295,0.8600000143051147,0.878000020980835,321200,0.0,0.0
2026-06-04 00:00:00-04:00,0.8899999856948853,0.9290000200271606,0.8899999856948853,0.9070000052452087,159900,0.0,0.0
2026-06-05 00:00:00-04:00,0.9139999747276306,0.9819999933242798,0.8550000190734863,0.8970000147819519,320800,0.0,0.0
2026-06-08 00:00:00-04:00,0.9380000233650208,0.9380000233650208,0.8429999947547913,0.847000002861023,222300,0.0,0.0
2026-06-09 00:00:00-04:00,0.8629999756813049,0.8700000047683716,0.8410000205039978,0.8510000109672546,193000,0.0,0.0
2026-06-10 00:00:00-04:00,0.8619999885559082,0.8659999966621399,0.8209999799728394,0.8320000171661377,180900,0.0,0.0
2026-06-11 00:00:00-04:00,0.8320000171661377,0.8510000109672546,0.8050000071525574,0.8489999771118164,237500,0.0,0.0
2026-06-12 00:00:00-04:00,0.8360000252723694,0.878000020980835,0.8330000042915344,0.8399999737739563,164600,0.0,0.0
2026-06-15 00:00:00-04:00,0.8600000143051147,0.9079999923706055,0.7929999828338623,0.8040000200271606,314100,0.0,0.0
2026-06-16 00:00:00-04:00,0.8339999914169312,0.8339999914169312,0.800000011920929,0.8069999814033508,218700,0.0,0.0
2026-06-17 00:00:00-04:00,0.800000011920929,0.8199999928474426,0.7680000066757202,0.7900000214576721,323700,0.0,0.0
2026-06-18 00:00:00-04:00,0.8050000071525574,0.8199999928474426,0.7599999904632568,0.7599999904632568,437300,0.0,0.0
2026-06-22 00:00:00-04:00,0.777999997138977,0.7829999923706055,0.75,0.7509999871253967,188700,0.0,0.0
2026-06-23 00:00:00-04:00,0.75,0.7559999823570251,0.7210000157356262,0.7369999885559082,365300,0.0,0.0
2026-06-24 00:00:00-04:00,0.7260000109672546,0.8199999928474426,0.7260000109672546,0.7599999904632568,341400,0.0,0.0
2026-06-25 00:00:00-04:00,0.7570000290870667,0.7570000290870667,0.628000020980835,0.628000020980835,846000,0.0,0.0
2026-06-26 00:00:00-04:00,0.6399999856948853,0.6790000200271606,0.6200000047683716,0.6600000262260437,4199200,0.0,0.0
2026-06-29 00:00:00-04:00,0.6700000166893005,0.7390000224113464,0.6700000166893005,0.7179999947547913,739300,0.0,0.0
2026-06-30 00:00:00-04:00,0.7289999723434448,0.8500000238418579,0.7149999737739563,0.8309999704360962,1254800,0.0,0.0
2026-07-01 00:00:00-04:00,0.800000011920929,0.859000027179718,0.7940000295639038,0.800000011920929,576900,0.0,0.0
2026-07-02 00:00:00-04:00,0.8100000023841858,0.8399999737739563,0.7699999809265137,0.7799999713897705,256900,0.0,0.0
2026-07-06 00:00:00-04:00,0.7630000114440918,0.8930000066757202,0.7559999823570251,0.8619999885559082,357700,0.0,0.0
2026-07-07 00:00:00-04:00,0.8999999761581421,0.9390000104904175,0.8629999756813049,0.8999999761581421,578300,0.0,0.0
2026-07-08 00:00:00-04:00,0.9100000262260437,0.9100000262260437,0.8080000281333923,0.8119999766349792,328100,0.0,0.0
2026-07-09 00:00:00-04:00,0.800000011920929,0.843999981880188,0.800000011920929,0.8019999861717224,221200,0.0,0.0
2026-07-10 00:00:00-04:00,0.8019999861717224,0.8500000238418579,0.8019999861717224,0.8360000252723694,204800,0.0,0.0
2026-07-13 00:00:00-04:00,0.8349999785423279,0.8629999756813049,0.8029999732971191,0.8029999732971191,181100,0.0,0.0
2026-07-14 00:00:00-04:00,0.800000011920929,0.8489999771118164,0.7860000133514404,0.8489999771118164,249800,0.0,0.0
2026-07-15 00:00:00-04:00,0.8360000252723694,0.8759999871253967,0.8080000281333923,0.8109999895095825,259300,0.0,0.0
2026-07-16 00:00:00-04:00,0.796999990940094,0.8230000138282776,0.796999990940094,0.8209999799728394,181600,0.0,0.0
2026-07-17 00:00:00-04:00,0.8009999990463257,0.8109999895095825,0.7590000033378601,0.7590000033378601,377200,0.0,0.0
2026-07-20 00:00:00-04:00,0.75,0.7860000133514404,0.6980000138282776,0.7200000286102295,334700,0.0,0.0
2026-07-21 00:00:00-04:00,0.7089999914169312,0.7279999852180481,0.7020000219345093,0.7250000238418579,85200,0.0,0.0
2026-07-22 00:00:00-04:00,0.7170000076293945,0.8080000281333923,0.6840000152587891,0.7009999752044678,111300,0.0,0.0
2026-07-23 00:00:00-04:00,0.6980000138282776,0.7009999752044678,0.6700000166893005,0.6859999895095825,120200,0.0,0.0
2026-07-24 00:00:00-04:00,0.6819999814033508,0.6959999799728394,0.6700000166893005,0.6830000281333923,116600,0.0,0.0
2026-07-27 00:00:00-04:00,0.6700000166893005,0.7009999752044678,0.6520000100135803,0.6740000247955322,106100,0.0,0.0
2026-07-28 00:00:00-04:00,0.6890000104904175,0.7110000252723694,0.6769999861717224,0.7070000171661377,121400,0.0,0.0
2026-07-29 00:00:00-04:00,0.7200000286102295,0.7519999742507935,0.7099999785423279,0.7300000190734863,153200,0.0,0.0
2026-07-30 00:00:00-04:00,0.7390000224113464,0.7390000224113464,0.6980000138282776,0.7170000076293945,67300,0.0,0.0
2026-07-31 00:00:00-04:00,0.7020000219345093,0.7139999866485596,0.675000011920929,0.6819999814033508,280000,0.0,0.0
2026-08-03 00:00:00-04:00,0.7139999866485596,0.7350000143051147,0.6819999814033508,0.699999988079071,130000,0.0,0.0
2026-08-04 00:00:00-04:00,0.7080000042915344,0.7200000286102295,0.6660000085830688,0.699999988079071,273000,0.0,0.0
2026-08-05 00:00:00-04:00,0.6899999976158142,0.6990000009536743,0.6499999761581421,0.6669999957084656,174100,0.0,0.0
2026-08-06 00:00:00-04:00,0.6859999895095825,0.6940000057220459,0.6499999761581421,0.6850000023841858,245300,0.0,0.0
2026-08-07 00:00:00-04:00,0.6899999976158142,0.7300000190734863,0.6850000023841858,0.7139999866485596,173900,0.0,0.0
2026-08-10 00:00:00-04:00,0.7139999866485596,0.7200000286102295,0.6919999718666077,0.6990000009536743,416100,0.0,0.0
2026-08-11 00:00:00-04:00,0.6830000281333923,0.7440000176429749,0.6299999952316284,0.6439999938011169,358600,0.0,0.0
2026-08-12 00:00:00-04:00,0.6309999823570251,0.6639999747276306,0.6299999952316284,0.6499999761581421,178600,0.0,0.0
2026-08-13 00:00:00-04:00,0.6600000262260437,0.6790000200271606,0.621999979019165,0.640999972820282,138000,0.0,0.0
2026-08-14 00:00:00-04:00,0.6299999952316284,0.6480000019073486,0.6100000143051147,0.6389999985694885,351800,0.0,0.0
2026-08-17 00:00:00-04:00,0.6389999985694885,0.6489999890327454,0.6100000143051147,0.6389999985694885,274100,0.0,0.0
2026-08-18 00:00:00-04:00,0.6389999985694885,0.722000002861023,0.6309999823570251,0.6600000262260437,403100,0.0,0.0
2026-08-19 00:00:00-04:00,0.6800000071525574,0.7200000286102295,0.6600000262260437,0.7179999947547913,205000,0.0,0.0
2026-08-20 00:00:00-04:00,0.7099999785423279,0.7509999871253967,0.6909999847412109,0.7279999852180481,184500,0.0,0.0
2026-08-21 00:00:00-04:00,0.7279999852180481,0.7350000143051147,0.6840000152587891,0.7139999866485596,209600,0.0,0.0
2026-08-24 00:00:00-04:00,0.6990000009536743,0.75,0.6990000009536743,0.7210000157356262,155100,0.0,0.0
2026-08-25 00:00:00-04:00,0.7310000061988831,0.7570000290870667,0.7160000205039978,0.7540000081062317,89500,0.0,0.0
2026-08-26 00:00:00-04:00,0.7599999904632568,0.7900000214576721,0.7269999980926514,0.7900000214576721,214300,0.0,0.0
2026-08-27 00:00:00-04:00,0.7730000019073486,0.828000009059906,0.7730000019073486,0.8140000104904175,222500,0.0,0.0
2026-08-28 00:00:00-04:00,0.8199999928474426,0.8399999737739563,0.7639999985694885,0.8019999861717224,190900,0.0,0.0
2026-08-31 00:00:00-04:00,0.800000011920929,1.0199999809265137,0.7950000166893005,0.949999988079071,1121800,0.0,0.0
2026-09-01 00:00:00-04:00,0.949999988079071,0.9679999947547913,0.878000020980835,0.9020000100135803,178300,0.0,0.0
2026-09-02 00:00:00-04:00,1.0199999809265137,1.2200000286102295,1.0199999809265137,1.0399999618530273,8714200,0.0,0.0
2026-09-03 00:00:00-04:00,1.0499999523162842,1.0700000524520874,1.0199999809265137,1.0399999618530273,1013000,0.0,0.0
2026-09-04 00:00:00-04:00,1.0199999809265137,1.0499999523162842,1.0199999809265137,1.0499999523162842,600800,0.0,0.0
