Date,Open,High,Low,Close,Volume,Dividends,Stock Splits
2007-05-16 00:00:00-04:00,44.0,48.2400016784668,44.0,46.79999923706055,2063,0.0,0.0
2007-05-17 00:00:00-04:00,46.400001525878906,46.400001525878906,40.400001525878906,43.84000015258789,1875,0.0,0.0
2007-05-18 00:00:00-04:00,44.400001525878906,47.20000076293945,43.20000076293945,43.20000076293945,2825,0.0,0.0
2007-05-21 00:00:00-04:00,43.20000076293945,43.20000076293945,41.36000061035156,41.36000061035156,463,0.0,0.0
2007-05-22 00:00:00-04:00,41.040000915527344,43.119998931884766,41.040000915527344,42.0,425,0.0,0.0
2007-05-23 00:00:00-04:00,41.599998474121094,42.2400016784668,40.08000183105469,41.279998779296875,1213,0.0,0.0
2007-05-24 00:00:00-04:00,40.08000183105469,41.20000076293945,40.08000183105469,41.119998931884766,363,0.0,0.0
2007-05-25 00:00:00-04:00,40.08000183105469,40.79999923706055,37.20000076293945,37.7599983215332,4875,0.0,0.0
2007-05-29 00:00:00-04:00,37.7599983215332,38.0,37.36000061035156,37.599998474121094,538,0.0,0.0
2007-05-30 00:00:00-04:00,37.439998626708984,39.84000015258789,37.36000061035156,39.599998474121094,1225,0.0,0.0
2007-05-31 00:00:00-04:00,39.52000045776367,39.52000045776367,39.52000045776367,39.52000045776367,50,0.0,0.0
2007-06-01 00:00:00-04:00,38.959999084472656,39.599998474121094,37.36000061035156,39.52000045776367,888,0.0,0.0
2007-06-04 00:00:00-04:00,39.20000076293945,41.91999816894531,37.119998931884766,40.79999923706055,1713,0.0,0.0
2007-06-05 00:00:00-04:00,40.79999923706055,44.0,40.79999923706055,41.279998779296875,638,0.0,0.0
2007-06-06 00:00:00-04:00,40.08000183105469,41.279998779296875,39.68000030517578,39.68000030517578,238,0.0,0.0
2007-06-07 00:00:00-04:00,39.599998474121094,43.119998931884766,39.599998474121094,40.63999938964844,675,0.0,0.0
2007-06-08 00:00:00-04:00,38.47999954223633,41.119998931884766,38.47999954223633,41.119998931884766,275,0.0,0.0
2007-06-11 00:00:00-04:00,39.599998474121094,40.720001220703125,39.599998474121094,40.0,675,0.0,0.0
2007-06-12 00:00:00-04:00,39.91999816894531,39.91999816894531,39.20000076293945,39.20000076293945,75,0.0,0.0
2007-06-13 00:00:00-04:00,40.0,40.400001525878906,39.439998626708984,40.400001525878906,213,0.0,0.0
2007-06-14 00:00:00-04:00,39.36000061035156,39.91999816894531,38.400001525878906,39.91999816894531,850,0.0,0.0
2007-06-15 00:00:00-04:00,39.20000076293945,40.0,38.400001525878906,39.84000015258789,575,0.0,0.0
2007-06-18 00:00:00-04:00,38.880001068115234,39.91999816894531,38.880001068115234,39.91999816894531,63,0.0,0.0
2007-06-19 00:00:00-04:00,38.880001068115234,44.720001220703125,38.880001068115234,42.400001525878906,3800,0.0,0.0
2007-06-20 00:00:00-04:00,40.47999954223633,47.20000076293945,39.279998779296875,43.599998474121094,3363,0.0,0.0
2007-06-21 00:00:00-04:00,45.20000076293945,45.20000076293945,40.0,43.040000915527344,938,0.0,0.0
2007-06-22 00:00:00-04:00,40.959999084472656,42.959999084472656,40.79999923706055,42.959999084472656,200,0.0,0.0
2007-06-25 00:00:00-04:00,41.91999816894531,43.119998931884766,41.20000076293945,43.040000915527344,388,0.0,0.0
2007-06-26 00:00:00-04:00,42.08000183105469,42.08000183105469,38.959999084472656,40.08000183105469,2250,0.0,0.0
2007-06-27 00:00:00-04:00,39.20000076293945,40.560001373291016,39.20000076293945,39.36000061035156,313,0.0,0.0
2007-06-28 00:00:00-04:00,41.36000061035156,41.439998626708984,41.279998779296875,41.439998626708984,338,0.0,0.0
2007-06-29 00:00:00-04:00,41.439998626708984,41.439998626708984,41.439998626708984,41.439998626708984,50,0.0,0.0
2007-07-02 00:00:00-04:00,39.040000915527344,40.880001068115234,39.040000915527344,40.880001068115234,350,0.0,0.0
2007-07-03 00:00:00-04:00,41.439998626708984,41.439998626708984,40.47999954223633,41.20000076293945,88,0.0,0.0
2007-07-05 00:00:00-04:00,40.720001220703125,40.79999923706055,39.36000061035156,40.400001525878906,550,0.0,0.0
2007-07-06 00:00:00-04:00,39.040000915527344,40.79999923706055,39.040000915527344,40.79999923706055,1113,0.0,0.0
2007-07-09 00:00:00-04:00,39.040000915527344,42.63999938964844,39.040000915527344,42.400001525878906,2713,0.0,0.0
2007-07-10 00:00:00-04:00,39.20000076293945,42.720001220703125,39.20000076293945,41.599998474121094,188,0.0,0.0
2007-07-11 00:00:00-04:00,41.68000030517578,41.68000030517578,41.439998626708984,41.68000030517578,88,0.0,0.0
2007-07-12 00:00:00-04:00,39.279998779296875,41.439998626708984,39.20000076293945,41.439998626708984,425,0.0,0.0
2007-07-13 00:00:00-04:00,41.599998474121094,42.720001220703125,41.279998779296875,42.720001220703125,300,0.0,0.0
2007-07-16 00:00:00-04:00,41.119998931884766,43.91999816894531,41.119998931884766,42.560001373291016,725,0.0,0.0
2007-07-17 00:00:00-04:00,42.47999954223633,44.0,40.31999969482422,41.7599983215332,3238,0.0,0.0
2007-07-18 00:00:00-04:00,44.0,62.08000183105469,43.599998474121094,54.400001525878906,48063,0.0,0.0
2007-07-19 00:00:00-04:00,56.0,87.5999984741211,55.599998474121094,80.80000305175781,85625,0.0,0.0
2007-07-20 00:00:00-04:00,72.87999725341797,92.80000305175781,72.63999938964844,75.83999633789062,34125,0.0,0.0
2007-07-23 00:00:00-04:00,76.0,82.0,66.95999908447266,75.44000244140625,22500,0.0,0.0
2007-07-24 00:00:00-04:00,75.76000213623047,83.04000091552734,72.55999755859375,75.19999694824219,13438,0.0,0.0
2007-07-25 00:00:00-04:00,75.19999694824219,75.19999694824219,59.68000030517578,66.31999969482422,7825,0.0,0.0
2007-07-26 00:00:00-04:00,66.31999969482422,66.31999969482422,60.0,63.599998474121094,6450,0.0,0.0
2007-07-27 00:00:00-04:00,62.880001068115234,63.439998626708984,56.79999923706055,62.0,4450,0.0,0.0
2007-07-30 00:00:00-04:00,63.52000045776367,63.84000015258789,60.0,61.52000045776367,3100,0.0,0.0
2007-07-31 00:00:00-04:00,61.040000915527344,73.91999816894531,60.880001068115234,67.44000244140625,6200,0.0,0.0
2007-08-01 00:00:00-04:00,66.55999755859375,72.95999908447266,64.80000305175781,68.72000122070312,1213,0.0,0.0
2007-08-02 00:00:00-04:00,68.4000015258789,68.4000015258789,65.12000274658203,65.68000030517578,900,0.0,0.0
2007-08-03 00:00:00-04:00,64.4000015258789,67.12000274658203,60.47999954223633,64.0,1425,0.0,0.0
2007-08-06 00:00:00-04:00,62.31999969482422,64.0,58.400001525878906,58.400001525878906,2950,0.0,0.0
2007-08-07 00:00:00-04:00,57.20000076293945,63.439998626708984,52.08000183105469,59.91999816894531,2875,0.0,0.0
2007-08-08 00:00:00-04:00,60.400001525878906,62.31999969482422,57.84000015258789,59.119998931884766,1638,0.0,0.0
2007-08-09 00:00:00-04:00,61.599998474121094,61.599998474121094,59.599998474121094,60.0,313,0.0,0.0
2007-08-10 00:00:00-04:00,56.15999984741211,58.0,56.0,57.68000030517578,1250,0.0,0.0
2007-08-13 00:00:00-04:00,58.880001068115234,60.880001068115234,56.720001220703125,60.400001525878906,1163,0.0,0.0
2007-08-14 00:00:00-04:00,58.880001068115234,61.52000045776367,48.79999923706055,49.20000076293945,3650,0.0,0.0
2007-08-15 00:00:00-04:00,49.52000045776367,49.91999816894531,46.0,48.0,3738,0.0,0.0
2007-08-16 00:00:00-04:00,47.040000915527344,48.79999923706055,44.08000183105469,45.040000915527344,3163,0.0,0.0
2007-08-17 00:00:00-04:00,47.52000045776367,51.84000015258789,45.20000076293945,51.84000015258789,2163,0.0,0.0
2007-08-20 00:00:00-04:00,51.36000061035156,52.15999984741211,51.36000061035156,52.15999984741211,763,0.0,0.0
2007-08-21 00:00:00-04:00,52.08000183105469,52.720001220703125,52.0,52.31999969482422,263,0.0,0.0
2007-08-22 00:00:00-04:00,52.0,52.0,46.400001525878906,48.959999084472656,2613,0.0,0.0
2007-08-23 00:00:00-04:00,48.0,49.52000045776367,47.91999816894531,49.52000045776367,100,0.0,0.0
2007-08-24 00:00:00-04:00,49.52000045776367,51.279998779296875,49.52000045776367,49.84000015258789,925,0.0,0.0
2007-08-27 00:00:00-04:00,50.0,50.880001068115234,47.84000015258789,48.560001373291016,1563,0.0,0.0
2007-08-28 00:00:00-04:00,51.119998931884766,51.119998931884766,48.0,48.0,1100,0.0,0.0
2007-08-29 00:00:00-04:00,49.279998779296875,49.7599983215332,48.0,49.68000030517578,1100,0.0,0.0
2007-08-30 00:00:00-04:00,49.84000015258789,49.84000015258789,48.0,48.15999984741211,1175,0.0,0.0
2007-08-31 00:00:00-04:00,48.0,49.52000045776367,48.0,49.52000045776367,675,0.0,0.0
2007-09-04 00:00:00-04:00,49.040000915527344,49.20000076293945,48.400001525878906,49.20000076293945,638,0.0,0.0
2007-09-05 00:00:00-04:00,49.52000045776367,49.52000045776367,46.400001525878906,49.040000915527344,950,0.0,0.0
2007-09-06 00:00:00-04:00,48.0,48.0,48.0,48.0,313,0.0,0.0
2007-09-07 00:00:00-04:00,47.91999816894531,48.31999969482422,46.15999984741211,46.15999984741211,250,0.0,0.0
2007-09-10 00:00:00-04:00,45.84000015258789,46.400001525878906,45.84000015258789,46.400001525878906,150,0.0,0.0
2007-09-11 00:00:00-04:00,45.68000030517578,46.63999938964844,45.599998474121094,45.599998474121094,488,0.0,0.0
2007-09-12 00:00:00-04:00,45.20000076293945,51.119998931884766,45.20000076293945,49.68000030517578,2263,0.0,0.0
2007-09-13 00:00:00-04:00,48.560001373291016,48.63999938964844,48.47999954223633,48.560001373291016,600,0.0,0.0
2007-09-14 00:00:00-04:00,48.880001068115234,48.880001068115234,46.959999084472656,48.15999984741211,538,0.0,0.0
2007-09-17 00:00:00-04:00,47.599998474121094,49.119998931884766,47.599998474121094,49.119998931884766,300,0.0,0.0
2007-09-18 00:00:00-04:00,49.20000076293945,50.08000183105469,48.63999938964844,49.599998474121094,388,0.0,0.0
2007-09-19 00:00:00-04:00,49.599998474121094,51.279998779296875,49.599998474121094,51.279998779296875,900,0.0,0.0
2007-09-20 00:00:00-04:00,48.880001068115234,49.84000015258789,48.79999923706055,49.84000015258789,75,0.0,0.0
2007-09-21 00:00:00-04:00,49.040000915527344,51.279998779296875,49.040000915527344,50.15999984741211,1438,0.0,0.0
2007-09-24 00:00:00-04:00,49.7599983215332,49.7599983215332,49.68000030517578,49.7599983215332,88,0.0,0.0
2007-09-25 00:00:00-04:00,49.68000030517578,56.0,48.880001068115234,53.7599983215332,2563,0.0,0.0
2007-09-26 00:00:00-04:00,53.7599983215332,58.2400016784668,51.68000030517578,52.15999984741211,1163,0.0,0.0
2007-09-27 00:00:00-04:00,54.0,55.91999816894531,53.599998474121094,55.52000045776367,350,0.0,0.0
2007-09-28 00:00:00-04:00,55.119998931884766,64.0,51.439998626708984,64.0,2475,0.0,0.0
2007-10-01 00:00:00-04:00,63.91999816894531,63.91999816894531,59.20000076293945,62.400001525878906,863,0.0,0.0
2007-10-02 00:00:00-04:00,62.0,62.0,56.880001068115234,60.63999938964844,475,0.0,0.0
2007-10-03 00:00:00-04:00,59.599998474121094,60.0,56.880001068115234,59.599998474121094,1188,0.0,0.0
2007-10-04 00:00:00-04:00,57.599998474121094,57.599998474121094,57.599998474121094,57.599998474121094,100,0.0,0.0
2007-10-05 00:00:00-04:00,56.880001068115234,60.0,56.880001068115234,60.0,1138,0.0,0.0
2007-10-08 00:00:00-04:00,60.0,63.68000030517578,57.439998626708984,60.0,1888,0.0,0.0
2007-10-09 00:00:00-04:00,57.279998779296875,58.400001525878906,57.20000076293945,58.0,238,0.0,0.0
2007-10-10 00:00:00-04:00,58.0,58.0,56.400001525878906,57.599998474121094,450,0.0,0.0
2007-10-11 00:00:00-04:00,58.0,58.0,55.20000076293945,55.599998474121094,1400,0.0,0.0
2007-10-12 00:00:00-04:00,54.31999969482422,55.20000076293945,50.47999954223633,52.400001525878906,575,0.0,0.0
2007-10-15 00:00:00-04:00,53.36000061035156,53.36000061035156,51.599998474121094,51.599998474121094,125,0.0,0.0
2007-10-16 00:00:00-04:00,51.84000015258789,54.959999084472656,51.84000015258789,53.599998474121094,150,0.0,0.0
2007-10-17 00:00:00-04:00,54.08000183105469,54.79999923706055,52.400001525878906,52.400001525878906,188,0.0,0.0
2007-10-18 00:00:00-04:00,54.560001373291016,54.560001373291016,53.599998474121094,54.0,75,0.0,0.0
2007-10-19 00:00:00-04:00,54.400001525878906,54.79999923706055,52.79999923706055,53.599998474121094,588,0.0,0.0
2007-10-22 00:00:00-04:00,52.79999923706055,53.599998474121094,52.400001525878906,53.599998474121094,738,0.0,0.0
2007-10-23 00:00:00-04:00,52.08000183105469,53.040000915527344,52.08000183105469,52.08000183105469,325,0.0,0.0
2007-10-24 00:00:00-04:00,51.68000030517578,51.91999816894531,51.36000061035156,51.52000045776367,325,0.0,0.0
2007-10-25 00:00:00-04:00,51.20000076293945,52.15999984741211,50.0,50.0,250,0.0,0.0
2007-10-26 00:00:00-04:00,51.52000045776367,51.599998474121094,51.52000045776367,51.52000045776367,75,0.0,0.0
2007-10-29 00:00:00-04:00,52.2400016784668,55.20000076293945,51.84000015258789,53.84000015258789,250,0.0,0.0
2007-10-30 00:00:00-04:00,55.439998626708984,55.599998474121094,54.400001525878906,54.400001525878906,225,0.0,0.0
2007-10-31 00:00:00-04:00,52.560001373291016,55.91999816894531,52.560001373291016,54.720001220703125,763,0.0,0.0
2007-11-01 00:00:00-04:00,55.119998931884766,55.36000061035156,52.08000183105469,55.36000061035156,263,0.0,0.0
2007-11-02 00:00:00-04:00,53.36000061035156,55.36000061035156,53.36000061035156,53.439998626708984,225,0.0,0.0
2007-11-05 00:00:00-05:00,52.47999954223633,53.91999816894531,48.47999954223633,50.0,1088,0.0,0.0
2007-11-06 00:00:00-05:00,49.68000030517578,53.279998779296875,48.63999938964844,53.279998779296875,388,0.0,0.0
2007-11-07 00:00:00-05:00,53.20000076293945,53.20000076293945,50.15999984741211,52.400001525878906,50,0.0,0.0
2007-11-08 00:00:00-05:00,50.959999084472656,50.959999084472656,48.400001525878906,50.0,1050,0.0,0.0
2007-11-09 00:00:00-05:00,48.47999954223633,49.52000045776367,48.08000183105469,49.52000045776367,275,0.0,0.0
2007-11-12 00:00:00-05:00,49.599998474121094,53.20000076293945,49.599998474121094,53.20000076293945,200,0.0,0.0
2007-11-13 00:00:00-05:00,48.400001525878906,50.79999923706055,48.400001525878906,50.63999938964844,613,0.0,0.0
2007-11-14 00:00:00-05:00,50.47999954223633,51.599998474121094,49.040000915527344,51.599998474121094,350,0.0,0.0
2007-11-15 00:00:00-05:00,48.0,48.0,40.08000183105469,42.720001220703125,4275,0.0,0.0
2007-11-16 00:00:00-05:00,40.400001525878906,43.91999816894531,40.400001525878906,43.91999816894531,2050,0.0,0.0
2007-11-19 00:00:00-05:00,44.400001525878906,44.400001525878906,44.2400016784668,44.400001525878906,400,0.0,0.0
2007-11-20 00:00:00-05:00,40.63999938964844,44.400001525878906,40.63999938964844,44.400001525878906,238,0.0,0.0
2007-11-21 00:00:00-05:00,41.36000061035156,44.0,41.279998779296875,44.0,350,0.0,0.0
2007-11-23 00:00:00-05:00,40.959999084472656,44.0,40.79999923706055,44.0,275,0.0,0.0
2007-11-26 00:00:00-05:00,44.15999984741211,44.31999969482422,44.15999984741211,44.31999969482422,38,0.0,0.0
2007-11-27 00:00:00-05:00,42.2400016784668,43.20000076293945,41.599998474121094,43.040000915527344,313,0.0,0.0
2007-11-28 00:00:00-05:00,41.7599983215332,43.7599983215332,40.880001068115234,43.7599983215332,300,0.0,0.0
2007-11-29 00:00:00-05:00,42.400001525878906,42.400001525878906,40.79999923706055,41.91999816894531,613,0.0,0.0
2007-11-30 00:00:00-05:00,42.400001525878906,44.0,40.79999923706055,43.599998474121094,1088,0.0,0.0
2007-12-03 00:00:00-05:00,43.439998626708984,43.68000030517578,41.599998474121094,41.599998474121094,300,0.0,0.0
2007-12-04 00:00:00-05:00,40.880001068115234,52.0,34.63999938964844,38.63999938964844,19125,0.0,0.0
2007-12-05 00:00:00-05:00,40.47999954223633,43.91999816894531,39.68000030517578,41.599998474121094,3913,0.0,0.0
2007-12-06 00:00:00-05:00,43.52000045776367,43.52000045776367,41.040000915527344,42.15999984741211,513,0.0,0.0
2007-12-07 00:00:00-05:00,41.20000076293945,41.91999816894531,40.560001373291016,41.91999816894531,825,0.0,0.0
2007-12-10 00:00:00-05:00,41.91999816894531,41.91999816894531,40.0,40.560001373291016,1838,0.0,0.0
2007-12-11 00:00:00-05:00,40.0,40.79999923706055,40.0,40.79999923706055,213,0.0,0.0
2007-12-12 00:00:00-05:00,40.0,40.400001525878906,38.79999923706055,39.68000030517578,663,0.0,0.0
2007-12-13 00:00:00-05:00,39.68000030517578,40.0,39.68000030517578,40.0,413,0.0,0.0
2007-12-14 00:00:00-05:00,36.31999969482422,40.08000183105469,36.15999984741211,39.20000076293945,338,0.0,0.0
2007-12-17 00:00:00-05:00,36.47999954223633,36.47999954223633,36.400001525878906,36.400001525878906,100,0.0,0.0
2007-12-18 00:00:00-05:00,36.0,36.0,32.47999954223633,35.20000076293945,338,0.0,0.0
2007-12-19 00:00:00-05:00,32.2400016784668,35.119998931884766,32.2400016784668,35.040000915527344,750,0.0,0.0
2007-12-20 00:00:00-05:00,32.15999984741211,34.720001220703125,32.15999984741211,34.400001525878906,400,0.0,0.0
2007-12-21 00:00:00-05:00,34.47999954223633,34.47999954223633,30.479999542236328,33.20000076293945,1425,0.0,0.0
2007-12-24 00:00:00-05:00,31.760000228881836,32.400001525878906,31.760000228881836,32.400001525878906,63,0.0,0.0
2007-12-26 00:00:00-05:00,32.0,33.040000915527344,32.0,32.0,888,0.0,0.0
2007-12-27 00:00:00-05:00,31.920000076293945,33.20000076293945,30.959999084472656,31.1200008392334,1250,0.0,0.0
2007-12-28 00:00:00-05:00,31.1200008392334,32.0,31.1200008392334,31.920000076293945,638,0.0,0.0
2007-12-31 00:00:00-05:00,31.040000915527344,32.0,31.040000915527344,32.0,1300,0.0,0.0
2008-01-02 00:00:00-05:00,31.1200008392334,31.1200008392334,31.1200008392334,31.1200008392334,25,0.0,0.0
2008-01-03 00:00:00-05:00,31.200000762939453,33.20000076293945,31.200000762939453,33.20000076293945,238,0.0,0.0
2008-01-04 00:00:00-05:00,33.119998931884766,33.20000076293945,33.119998931884766,33.20000076293945,250,0.0,0.0
2008-01-07 00:00:00-05:00,31.440000534057617,33.20000076293945,31.440000534057617,33.20000076293945,200,0.0,0.0
2008-01-08 00:00:00-05:00,33.20000076293945,33.20000076293945,33.20000076293945,33.20000076293945,25,0.0,0.0
2008-01-09 00:00:00-05:00,31.280000686645508,33.119998931884766,31.280000686645508,32.400001525878906,725,0.0,0.0
2008-01-10 00:00:00-05:00,31.040000915527344,33.91999816894531,28.799999237060547,32.400001525878906,863,0.0,0.0
2008-01-11 00:00:00-05:00,28.799999237060547,32.79999923706055,28.799999237060547,32.79999923706055,525,0.0,0.0
2008-01-14 00:00:00-05:00,31.84000015258789,32.959999084472656,31.360000610351562,32.959999084472656,625,0.0,0.0
2008-01-15 00:00:00-05:00,30.399999618530273,32.63999938964844,30.0,30.959999084472656,350,0.0,0.0
2008-01-16 00:00:00-05:00,30.0,32.31999969482422,29.68000030517578,31.920000076293945,663,0.0,0.0
2008-01-17 00:00:00-05:00,29.68000030517578,31.920000076293945,29.200000762939453,31.920000076293945,288,0.0,0.0
2008-01-18 00:00:00-05:00,30.079999923706055,31.040000915527344,30.079999923706055,31.040000915527344,325,0.0,0.0
2008-01-22 00:00:00-05:00,30.079999923706055,30.399999618530273,30.079999923706055,30.399999618530273,188,0.0,0.0
2008-01-23 00:00:00-05:00,30.799999237060547,31.360000610351562,30.15999984741211,31.360000610351562,588,0.0,0.0
2008-01-24 00:00:00-05:00,30.079999923706055,31.520000457763672,30.079999923706055,31.520000457763672,88,0.0,0.0
2008-01-25 00:00:00-05:00,31.440000534057617,32.0,31.440000534057617,32.0,500,0.0,0.0
2008-01-28 00:00:00-05:00,32.0,34.0,32.0,34.0,288,0.0,0.0
2008-01-29 00:00:00-05:00,34.31999969482422,34.31999969482422,34.31999969482422,34.31999969482422,13,0.0,0.0
2008-01-30 00:00:00-05:00,34.31999969482422,34.31999969482422,34.31999969482422,34.31999969482422,0,0.0,0.0
2008-01-31 00:00:00-05:00,34.31999969482422,34.31999969482422,34.31999969482422,34.31999969482422,0,0.0,0.0
2008-02-01 00:00:00-05:00,33.68000030517578,34.79999923706055,33.68000030517578,34.79999923706055,175,0.0,0.0
2008-02-04 00:00:00-05:00,33.91999816894531,34.0,33.91999816894531,34.0,763,0.0,0.0
2008-02-05 00:00:00-05:00,34.0,34.0,34.0,34.0,0,0.0,0.0
2008-02-06 00:00:00-05:00,34.79999923706055,34.79999923706055,34.560001373291016,34.720001220703125,263,0.0,0.0
2008-02-07 00:00:00-05:00,34.720001220703125,34.720001220703125,34.720001220703125,34.720001220703125,25,0.0,0.0
2008-02-08 00:00:00-05:00,34.720001220703125,34.79999923706055,33.439998626708984,33.439998626708984,50,0.0,0.0
2008-02-11 00:00:00-05:00,33.439998626708984,33.68000030517578,33.439998626708984,33.439998626708984,100,0.0,0.0
2008-02-12 00:00:00-05:00,33.599998474121094,34.79999923706055,33.599998474121094,33.599998474121094,225,0.0,0.0
2008-02-13 00:00:00-05:00,33.599998474121094,33.599998474121094,33.599998474121094,33.599998474121094,0,0.0,0.0
2008-02-14 00:00:00-05:00,33.599998474121094,33.599998474121094,33.599998474121094,33.599998474121094,0,0.0,0.0
2008-02-15 00:00:00-05:00,33.20000076293945,33.599998474121094,31.600000381469727,32.720001220703125,575,0.0,0.0
2008-02-19 00:00:00-05:00,33.599998474121094,33.599998474121094,33.599998474121094,33.599998474121094,50,0.0,0.0
2008-02-20 00:00:00-05:00,32.0,33.599998474121094,32.0,33.599998474121094,38,0.0,0.0
2008-02-21 00:00:00-05:00,32.15999984741211,33.599998474121094,32.0,33.599998474121094,400,0.0,0.0
2008-02-22 00:00:00-05:00,32.0,33.599998474121094,32.0,33.599998474121094,163,0.0,0.0
2008-02-25 00:00:00-05:00,31.280000686645508,34.2400016784668,30.399999618530273,32.79999923706055,413,0.0,0.0
2008-02-26 00:00:00-05:00,32.79999923706055,32.79999923706055,32.79999923706055,32.79999923706055,0,0.0,0.0
2008-02-27 00:00:00-05:00,31.440000534057617,32.08000183105469,31.440000534057617,32.0,213,0.0,0.0
2008-02-28 00:00:00-05:00,32.0,32.2400016784668,32.0,32.0,350,0.0,0.0
2008-02-29 00:00:00-05:00,32.0,33.279998779296875,31.520000457763672,32.720001220703125,450,0.0,0.0
2008-03-03 00:00:00-05:00,31.760000228881836,33.279998779296875,31.440000534057617,32.0,200,0.0,0.0
2008-03-04 00:00:00-05:00,30.799999237060547,31.200000762939453,30.799999237060547,31.200000762939453,38,0.0,0.0
2008-03-05 00:00:00-05:00,33.599998474121094,33.599998474121094,33.599998474121094,33.599998474121094,25,0.0,0.0
2008-03-06 00:00:00-05:00,30.639999389648438,31.920000076293945,30.479999542236328,31.920000076293945,325,0.0,0.0
2008-03-07 00:00:00-05:00,30.799999237060547,32.560001373291016,30.799999237060547,32.560001373291016,375,0.0,0.0
2008-03-10 00:00:00-04:00,31.200000762939453,32.0,31.200000762939453,32.0,25,0.0,0.0
2008-03-11 00:00:00-04:00,31.920000076293945,32.0,30.479999542236328,30.719999313354492,538,0.0,0.0
2008-03-12 00:00:00-04:00,30.799999237060547,30.8799991607666,30.31999969482422,30.799999237060547,1288,0.0,0.0
2008-03-13 00:00:00-04:00,31.920000076293945,31.920000076293945,31.920000076293945,31.920000076293945,100,0.0,0.0
2008-03-14 00:00:00-04:00,30.0,33.119998931884766,30.0,33.119998931884766,363,0.0,0.0
2008-03-17 00:00:00-04:00,32.08000183105469,32.08000183105469,30.0,32.08000183105469,1025,0.0,0.0
2008-03-18 00:00:00-04:00,31.84000015258789,32.08000183105469,31.84000015258789,32.08000183105469,438,0.0,0.0
2008-03-19 00:00:00-04:00,31.360000610351562,31.760000228881836,28.479999542236328,31.760000228881836,150,0.0,0.0
2008-03-20 00:00:00-04:00,28.799999237060547,30.799999237060547,28.799999237060547,30.799999237060547,50,0.0,0.0
2008-03-24 00:00:00-04:00,30.799999237060547,30.799999237060547,29.200000762939453,29.200000762939453,163,0.0,0.0
2008-03-25 00:00:00-04:00,30.799999237060547,30.799999237060547,30.0,30.0,38,0.0,0.0
2008-03-26 00:00:00-04:00,30.799999237060547,33.91999816894531,30.079999923706055,33.91999816894531,1300,0.0,0.0
2008-03-27 00:00:00-04:00,34.15999984741211,36.63999938964844,34.15999984741211,36.400001525878906,875,0.0,0.0
2008-03-28 00:00:00-04:00,35.7599983215332,35.7599983215332,34.400001525878906,34.400001525878906,75,0.0,0.0
2008-03-31 00:00:00-04:00,36.63999938964844,39.52000045776367,36.0,39.20000076293945,788,0.0,0.0
2008-04-01 00:00:00-04:00,39.52000045776367,41.119998931884766,39.20000076293945,39.91999816894531,500,0.0,0.0
2008-04-02 00:00:00-04:00,35.91999816894531,41.599998474121094,35.91999816894531,38.400001525878906,288,0.0,0.0
2008-04-03 00:00:00-04:00,40.79999923706055,40.79999923706055,40.79999923706055,40.79999923706055,13,0.0,0.0
2008-04-04 00:00:00-04:00,40.08000183105469,41.119998931884766,40.0,41.119998931884766,1125,0.0,0.0
2008-04-07 00:00:00-04:00,41.119998931884766,41.20000076293945,40.79999923706055,40.79999923706055,563,0.0,0.0
2008-04-08 00:00:00-04:00,40.79999923706055,40.79999923706055,40.79999923706055,40.79999923706055,0,0.0,0.0
2008-04-09 00:00:00-04:00,40.08000183105469,40.08000183105469,37.599998474121094,40.0,413,0.0,0.0
2008-04-10 00:00:00-04:00,41.439998626708984,41.439998626708984,41.439998626708984,41.439998626708984,138,0.0,0.0
2008-04-11 00:00:00-04:00,41.439998626708984,41.439998626708984,41.439998626708984,41.439998626708984,0,0.0,0.0
2008-04-14 00:00:00-04:00,41.119998931884766,41.52000045776367,40.720001220703125,40.79999923706055,400,0.0,0.0
2008-04-15 00:00:00-04:00,40.79999923706055,40.79999923706055,37.599998474121094,39.599998474121094,500,0.0,0.0
2008-04-16 00:00:00-04:00,38.959999084472656,39.91999816894531,38.959999084472656,39.91999816894531,138,0.0,0.0
2008-04-17 00:00:00-04:00,38.15999984741211,39.91999816894531,38.08000183105469,38.79999923706055,250,0.0,0.0
2008-04-18 00:00:00-04:00,38.15999984741211,39.20000076293945,38.08000183105469,39.20000076293945,225,0.0,0.0
2008-04-21 00:00:00-04:00,40.0,40.0,38.400001525878906,38.79999923706055,475,0.0,0.0
2008-04-22 00:00:00-04:00,37.599998474121094,41.91999816894531,37.599998474121094,39.599998474121094,338,0.0,0.0
2008-04-23 00:00:00-04:00,39.599998474121094,39.599998474121094,39.599998474121094,39.599998474121094,0,0.0,0.0
2008-04-24 00:00:00-04:00,38.08000183105469,40.0,38.08000183105469,40.0,88,0.0,0.0
2008-04-25 00:00:00-04:00,38.63999938964844,39.91999816894531,38.47999954223633,39.599998474121094,488,0.0,0.0
2008-04-28 00:00:00-04:00,39.91999816894531,40.400001525878906,37.7599983215332,40.0,613,0.0,0.0
2008-04-29 00:00:00-04:00,40.560001373291016,40.560001373291016,39.52000045776367,40.47999954223633,213,0.0,0.0
2008-04-30 00:00:00-04:00,38.959999084472656,40.400001525878906,38.880001068115234,40.400001525878906,150,0.0,0.0
2008-05-01 00:00:00-04:00,39.20000076293945,40.400001525878906,39.20000076293945,40.400001525878906,75,0.0,0.0
2008-05-02 00:00:00-04:00,40.0,40.79999923706055,40.0,40.79999923706055,400,0.0,0.0
2008-05-05 00:00:00-04:00,40.0,42.47999954223633,40.0,40.720001220703125,2650,0.0,0.0
2008-05-06 00:00:00-04:00,42.2400016784668,44.79999923706055,41.599998474121094,44.79999923706055,2138,0.0,0.0
2008-05-07 00:00:00-04:00,42.400001525878906,46.31999969482422,42.400001525878906,44.880001068115234,925,0.0,0.0
2008-05-08 00:00:00-04:00,44.400001525878906,48.0,41.84000015258789,43.599998474121094,850,0.0,0.0
2008-05-09 00:00:00-04:00,44.79999923706055,44.79999923706055,44.79999923706055,44.79999923706055,188,0.0,0.0
2008-05-12 00:00:00-04:00,44.79999923706055,44.79999923706055,43.36000061035156,43.36000061035156,88,0.0,0.0
2008-05-13 00:00:00-04:00,43.68000030517578,44.79999923706055,43.599998474121094,44.0,450,0.0,0.0
2008-05-14 00:00:00-04:00,46.0,46.0,42.400001525878906,44.79999923706055,2163,0.0,0.0
2008-05-15 00:00:00-04:00,45.68000030517578,45.68000030517578,42.79999923706055,42.79999923706055,125,0.0,0.0
2008-05-16 00:00:00-04:00,43.599998474121094,43.599998474121094,43.599998474121094,43.599998474121094,13,0.0,0.0
2008-05-19 00:00:00-04:00,41.84000015258789,41.84000015258789,41.84000015258789,41.84000015258789,25,0.0,0.0
2008-05-20 00:00:00-04:00,42.400001525878906,42.400001525878906,41.7599983215332,41.7599983215332,88,0.0,0.0
2008-05-21 00:00:00-04:00,44.0,44.720001220703125,43.7599983215332,44.720001220703125,163,0.0,0.0
2008-05-22 00:00:00-04:00,43.599998474121094,43.599998474121094,43.119998931884766,43.20000076293945,350,0.0,0.0
2008-05-23 00:00:00-04:00,42.880001068115234,43.279998779296875,42.79999923706055,43.20000076293945,463,0.0,0.0
2008-05-27 00:00:00-04:00,42.959999084472656,43.91999816894531,42.0,42.79999923706055,1000,0.0,0.0
2008-05-28 00:00:00-04:00,43.91999816894531,43.91999816894531,43.599998474121094,43.599998474121094,413,0.0,0.0
2008-05-29 00:00:00-04:00,43.20000076293945,44.2400016784668,42.400001525878906,43.91999816894531,488,0.0,0.0
2008-05-30 00:00:00-04:00,43.279998779296875,43.279998779296875,43.279998779296875,43.279998779296875,13,0.0,0.0
2008-06-02 00:00:00-04:00,43.279998779296875,57.84000015258789,43.279998779296875,57.36000061035156,18175,0.0,0.0
2008-06-03 00:00:00-04:00,60.0,62.79999923706055,56.0,57.599998474121094,5250,0.0,0.0
2008-06-04 00:00:00-04:00,57.20000076293945,58.0,52.08000183105469,55.20000076293945,3350,0.0,0.0
2008-06-05 00:00:00-04:00,51.279998779296875,54.400001525878906,51.279998779296875,54.31999969482422,1400,0.0,0.0
2008-06-06 00:00:00-04:00,57.7599983215332,57.7599983215332,51.439998626708984,51.439998626708984,1438,0.0,0.0
2008-06-09 00:00:00-04:00,51.439998626708984,54.31999969482422,48.880001068115234,52.560001373291016,1600,0.0,0.0
2008-06-10 00:00:00-04:00,46.2400016784668,52.560001373291016,41.7599983215332,49.599998474121094,1738,0.0,0.0
2008-06-11 00:00:00-04:00,47.599998474121094,48.08000183105469,46.08000183105469,46.400001525878906,738,0.0,0.0
2008-06-12 00:00:00-04:00,46.15999984741211,46.400001525878906,43.599998474121094,45.91999816894531,1388,0.0,0.0
2008-06-13 00:00:00-04:00,46.0,48.0,45.68000030517578,45.68000030517578,888,0.0,0.0
2008-06-16 00:00:00-04:00,45.84000015258789,51.52000045776367,45.7599983215332,46.2400016784668,1075,0.0,0.0
2008-06-17 00:00:00-04:00,45.84000015258789,46.959999084472656,44.0,46.720001220703125,513,0.0,0.0
2008-06-18 00:00:00-04:00,45.279998779296875,48.08000183105469,44.08000183105469,47.119998931884766,763,0.0,0.0
2008-06-19 00:00:00-04:00,47.68000030517578,47.68000030517578,44.47999954223633,47.040000915527344,738,0.0,0.0
2008-06-20 00:00:00-04:00,46.400001525878906,47.91999816894531,44.08000183105469,44.2400016784668,925,0.0,0.0
2008-06-23 00:00:00-04:00,44.0,47.68000030517578,43.279998779296875,45.84000015258789,988,0.0,0.0
2008-06-24 00:00:00-04:00,44.08000183105469,45.599998474121094,43.36000061035156,45.599998474121094,388,0.0,0.0
2008-06-25 00:00:00-04:00,46.0,46.400001525878906,44.400001525878906,46.400001525878906,400,0.0,0.0
2008-06-26 00:00:00-04:00,45.599998474121094,45.599998474121094,43.279998779296875,43.91999816894531,388,0.0,0.0
2008-06-27 00:00:00-04:00,43.439998626708984,44.0,42.79999923706055,43.040000915527344,1238,0.0,0.0
2008-06-30 00:00:00-04:00,43.20000076293945,44.0,42.560001373291016,44.0,1150,0.0,0.0
2008-07-01 00:00:00-04:00,42.0,43.52000045776367,42.0,43.20000076293945,275,0.0,0.0
2008-07-02 00:00:00-04:00,42.0,43.439998626708984,40.08000183105469,43.439998626708984,550,0.0,0.0
2008-07-03 00:00:00-04:00,45.91999816894531,46.79999923706055,42.08000183105469,45.040000915527344,275,0.0,0.0
2008-07-07 00:00:00-04:00,40.31999969482422,45.439998626708984,40.2400016784668,44.720001220703125,313,0.0,0.0
2008-07-08 00:00:00-04:00,44.08000183105469,44.08000183105469,40.959999084472656,43.36000061035156,175,0.0,0.0
2008-07-09 00:00:00-04:00,42.79999923706055,44.79999923706055,41.68000030517578,43.119998931884766,638,0.0,0.0
2008-07-10 00:00:00-04:00,42.400001525878906,43.20000076293945,41.7599983215332,41.91999816894531,538,0.0,0.0
2008-07-11 00:00:00-04:00,42.400001525878906,43.040000915527344,40.08000183105469,43.040000915527344,675,0.0,0.0
2008-07-14 00:00:00-04:00,40.79999923706055,42.63999938964844,40.400001525878906,42.08000183105469,650,0.0,0.0
2008-07-15 00:00:00-04:00,42.08000183105469,42.08000183105469,39.599998474121094,41.84000015258789,1013,0.0,0.0
2008-07-16 00:00:00-04:00,42.08000183105469,42.400001525878906,41.20000076293945,42.400001525878906,425,0.0,0.0
2008-07-17 00:00:00-04:00,41.7599983215332,50.560001373291016,41.20000076293945,47.20000076293945,6913,0.0,0.0
2008-07-18 00:00:00-04:00,45.68000030517578,46.0,44.0,44.400001525878906,725,0.0,0.0
2008-07-21 00:00:00-04:00,46.959999084472656,46.959999084472656,43.439998626708984,46.0,713,0.0,0.0
2008-07-22 00:00:00-04:00,42.959999084472656,44.880001068115234,42.959999084472656,44.720001220703125,213,0.0,0.0
2008-07-23 00:00:00-04:00,43.040000915527344,43.68000030517578,40.880001068115234,43.040000915527344,363,0.0,0.0
2008-07-24 00:00:00-04:00,41.119998931884766,43.439998626708984,40.79999923706055,42.0,1788,0.0,0.0
2008-07-25 00:00:00-04:00,40.47999954223633,42.959999084472656,40.47999954223633,42.959999084472656,263,0.0,0.0
2008-07-28 00:00:00-04:00,42.0,43.439998626708984,40.560001373291016,42.959999084472656,213,0.0,0.0
2008-07-29 00:00:00-04:00,40.880001068115234,42.63999938964844,40.880001068115234,42.63999938964844,413,0.0,0.0
2008-07-30 00:00:00-04:00,42.31999969482422,42.720001220703125,41.599998474121094,42.560001373291016,425,0.0,0.0
2008-07-31 00:00:00-04:00,41.599998474121094,42.31999969482422,40.880001068115234,42.0,275,0.0,0.0
2008-08-01 00:00:00-04:00,42.0,42.400001525878906,42.0,42.31999969482422,163,0.0,0.0
2008-08-04 00:00:00-04:00,42.31999969482422,42.400001525878906,42.0,42.0,138,0.0,0.0
2008-08-05 00:00:00-04:00,42.0,42.0,39.68000030517578,41.439998626708984,2913,0.0,0.0
2008-08-06 00:00:00-04:00,40.560001373291016,40.560001373291016,38.400001525878906,39.119998931884766,2100,0.0,0.0
2008-08-07 00:00:00-04:00,38.0,38.0,34.2400016784668,35.91999816894531,4000,0.0,0.0
2008-08-08 00:00:00-04:00,35.20000076293945,35.20000076293945,34.560001373291016,35.20000076293945,1388,0.0,0.0
2008-08-11 00:00:00-04:00,34.560001373291016,37.7599983215332,34.560001373291016,35.7599983215332,763,0.0,0.0
2008-08-12 00:00:00-04:00,34.47999954223633,35.599998474121094,34.47999954223633,35.20000076293945,425,0.0,0.0
2008-08-13 00:00:00-04:00,35.279998779296875,35.279998779296875,34.880001068115234,34.959999084472656,675,0.0,0.0
2008-08-14 00:00:00-04:00,35.20000076293945,35.20000076293945,33.36000061035156,34.2400016784668,2588,0.0,0.0
2008-08-15 00:00:00-04:00,33.439998626708984,34.880001068115234,33.439998626708984,34.08000183105469,2163,0.0,0.0
2008-08-18 00:00:00-04:00,33.7599983215332,34.0,33.7599983215332,34.0,588,0.0,0.0
2008-08-19 00:00:00-04:00,33.36000061035156,33.7599983215332,33.36000061035156,33.36000061035156,600,0.0,0.0
2008-08-20 00:00:00-04:00,33.599998474121094,33.599998474121094,32.31999969482422,33.439998626708984,1500,0.0,0.0
2008-08-21 00:00:00-04:00,32.0,33.36000061035156,32.0,33.20000076293945,538,0.0,0.0
2008-08-22 00:00:00-04:00,33.68000030517578,33.68000030517578,32.08000183105469,32.959999084472656,700,0.0,0.0
2008-08-25 00:00:00-04:00,33.040000915527344,33.040000915527344,32.0,32.2400016784668,725,0.0,0.0
2008-08-26 00:00:00-04:00,32.0,32.0,32.0,32.0,200,0.0,0.0
2008-08-27 00:00:00-04:00,34.08000183105469,37.52000045776367,33.84000015258789,34.0,1375,0.0,0.0
2008-08-28 00:00:00-04:00,35.439998626708984,35.439998626708984,32.47999954223633,32.720001220703125,1700,0.0,0.0
2008-08-29 00:00:00-04:00,32.720001220703125,33.599998474121094,32.720001220703125,33.36000061035156,1338,0.0,0.0
2008-09-02 00:00:00-04:00,32.400001525878906,32.63999938964844,32.400001525878906,32.63999938964844,263,0.0,0.0
2008-09-03 00:00:00-04:00,33.36000061035156,33.36000061035156,32.560001373291016,33.20000076293945,425,0.0,0.0
2008-09-04 00:00:00-04:00,33.68000030517578,34.0,32.79999923706055,32.79999923706055,1138,0.0,0.0
2008-09-05 00:00:00-04:00,35.439998626708984,35.439998626708984,32.79999923706055,32.959999084472656,250,0.0,0.0
2008-09-08 00:00:00-04:00,32.2400016784668,32.560001373291016,32.0,32.2400016784668,788,0.0,0.0
2008-09-09 00:00:00-04:00,32.15999984741211,32.15999984741211,30.639999389648438,31.200000762939453,1025,0.0,0.0
2008-09-10 00:00:00-04:00,31.200000762939453,31.440000534057617,30.0,30.799999237060547,675,0.0,0.0
2008-09-11 00:00:00-04:00,30.399999618530273,30.8799991607666,30.0,30.8799991607666,700,0.0,0.0
2008-09-12 00:00:00-04:00,30.079999923706055,30.079999923706055,28.559999465942383,30.0,850,0.0,0.0
2008-09-15 00:00:00-04:00,29.520000457763672,29.520000457763672,28.799999237060547,28.959999084472656,200,0.0,0.0
2008-09-16 00:00:00-04:00,28.799999237060547,29.760000228881836,27.280000686645508,29.760000228881836,1000,0.0,0.0
2008-09-17 00:00:00-04:00,29.68000030517578,29.68000030517578,24.399999618530273,25.68000030517578,700,0.0,0.0
2008-09-18 00:00:00-04:00,24.239999771118164,24.239999771118164,22.15999984741211,23.760000228881836,388,0.0,0.0
2008-09-19 00:00:00-04:00,23.600000381469727,23.600000381469727,16.479999542236328,23.280000686645508,1450,0.0,0.0
2008-09-22 00:00:00-04:00,22.479999542236328,25.200000762939453,22.479999542236328,24.8799991607666,1063,0.0,0.0
2008-09-23 00:00:00-04:00,25.520000457763672,25.520000457763672,25.520000457763672,25.520000457763672,25,0.0,0.0
2008-09-24 00:00:00-04:00,24.399999618530273,25.760000228881836,24.399999618530273,25.360000610351562,425,0.0,0.0
2008-09-25 00:00:00-04:00,25.360000610351562,25.760000228881836,25.360000610351562,25.440000534057617,538,0.0,0.0
2008-09-26 00:00:00-04:00,25.440000534057617,25.440000534057617,25.440000534057617,25.440000534057617,375,0.0,0.0
2008-09-29 00:00:00-04:00,25.920000076293945,26.479999542236328,8.0,26.31999969482422,350,0.0,0.0
2008-09-30 00:00:00-04:00,25.1200008392334,26.0,25.040000915527344,25.68000030517578,813,0.0,0.0
2008-10-01 00:00:00-04:00,26.0,26.0,26.0,26.0,100,0.0,0.0
2008-10-02 00:00:00-04:00,26.479999542236328,26.479999542236328,25.200000762939453,25.360000610351562,188,0.0,0.0
2008-10-03 00:00:00-04:00,25.200000762939453,25.200000762939453,24.0,24.0,475,0.0,0.0
2008-10-06 00:00:00-04:00,24.0,25.040000915527344,17.440000534057617,17.600000381469727,1338,0.0,0.0
2008-10-07 00:00:00-04:00,21.600000381469727,23.040000915527344,21.600000381469727,23.040000915527344,800,0.0,0.0
2008-10-08 00:00:00-04:00,24.15999984741211,24.15999984741211,18.479999542236328,22.559999465942383,913,0.0,0.0
2008-10-09 00:00:00-04:00,23.040000915527344,23.040000915527344,23.040000915527344,23.040000915527344,38,0.0,0.0
2008-10-10 00:00:00-04:00,23.040000915527344,23.040000915527344,13.199999809265137,19.440000534057617,3125,0.0,0.0
2008-10-13 00:00:00-04:00,18.719999313354492,19.440000534057617,18.719999313354492,19.440000534057617,75,0.0,0.0
2008-10-14 00:00:00-04:00,19.600000381469727,20.0,18.799999237060547,18.799999237060547,925,0.0,0.0
2008-10-15 00:00:00-04:00,14.640000343322754,18.15999984741211,14.640000343322754,16.31999969482422,2100,0.0,0.0
2008-10-16 00:00:00-04:00,14.399999618530273,16.15999984741211,14.399999618530273,16.0,463,0.0,0.0
2008-10-17 00:00:00-04:00,15.920000076293945,16.31999969482422,15.920000076293945,16.31999969482422,450,0.0,0.0
2008-10-20 00:00:00-04:00,16.239999771118164,20.0,16.239999771118164,19.84000015258789,950,0.0,0.0
2008-10-21 00:00:00-04:00,20.0,20.0,19.200000762939453,20.0,488,0.0,0.0
2008-10-22 00:00:00-04:00,20.239999771118164,20.719999313354492,19.600000381469727,19.600000381469727,563,0.0,0.0
2008-10-23 00:00:00-04:00,20.0,21.440000534057617,18.559999465942383,19.520000457763672,1288,0.0,0.0
2008-10-24 00:00:00-04:00,19.1200008392334,20.8799991607666,16.079999923706055,20.0,988,0.0,0.0
2008-10-27 00:00:00-04:00,23.84000015258789,23.84000015258789,20.639999389648438,20.639999389648438,38,0.0,0.0
2008-10-28 00:00:00-04:00,19.200000762939453,19.200000762939453,19.200000762939453,19.200000762939453,250,0.0,0.0
2008-10-29 00:00:00-04:00,16.079999923706055,21.360000610351562,16.079999923706055,19.200000762939453,175,0.0,0.0
2008-10-30 00:00:00-04:00,19.520000457763672,19.600000381469727,19.520000457763672,19.600000381469727,100,0.0,0.0
2008-10-31 00:00:00-04:00,18.0,19.520000457763672,18.0,19.520000457763672,50,0.0,0.0
2008-11-03 00:00:00-05:00,18.559999465942383,18.799999237060547,18.479999542236328,18.479999542236328,600,0.0,0.0
2008-11-04 00:00:00-05:00,22.479999542236328,22.479999542236328,16.079999923706055,18.0,1038,0.0,0.0
2008-11-05 00:00:00-05:00,16.15999984741211,16.799999237060547,16.079999923706055,16.079999923706055,488,0.0,0.0
2008-11-06 00:00:00-05:00,14.880000114440918,16.0,14.880000114440918,16.0,163,0.0,0.0
2008-11-07 00:00:00-05:00,15.199999809265137,23.600000381469727,15.199999809265137,22.0,2538,0.0,0.0
2008-11-10 00:00:00-05:00,22.799999237060547,23.760000228881836,22.799999237060547,22.799999237060547,250,0.0,0.0
2008-11-11 00:00:00-05:00,22.799999237060547,24.0,22.799999237060547,22.799999237060547,788,0.0,0.0
2008-11-12 00:00:00-05:00,22.799999237060547,22.799999237060547,22.799999237060547,22.799999237060547,1000,0.0,0.0
2008-11-13 00:00:00-05:00,22.799999237060547,23.920000076293945,22.0,23.200000762939453,788,0.0,0.0
2008-11-14 00:00:00-05:00,22.8799991607666,22.8799991607666,20.559999465942383,22.799999237060547,1050,0.0,0.0
2008-11-17 00:00:00-05:00,22.799999237060547,25.200000762939453,22.799999237060547,24.799999237060547,538,0.0,0.0
2008-11-18 00:00:00-05:00,19.200000762939453,24.079999923706055,19.200000762939453,24.0,1425,0.0,0.0
2008-11-19 00:00:00-05:00,24.479999542236328,24.479999542236328,20.079999923706055,20.079999923706055,425,0.0,0.0
2008-11-20 00:00:00-05:00,21.360000610351562,21.360000610351562,17.440000534057617,17.440000534057617,138,0.0,0.0
2008-11-21 00:00:00-05:00,16.399999618530273,17.360000610351562,16.079999923706055,17.280000686645508,450,0.0,0.0
2008-11-24 00:00:00-05:00,20.15999984741211,22.559999465942383,17.920000076293945,22.559999465942383,975,0.0,0.0
2008-11-25 00:00:00-05:00,21.280000686645508,23.360000610351562,16.799999237060547,23.360000610351562,500,0.0,0.0
2008-11-26 00:00:00-05:00,23.1200008392334,23.200000762939453,23.1200008392334,23.1200008392334,488,0.0,0.0
2008-11-28 00:00:00-05:00,19.760000228881836,21.520000457763672,16.479999542236328,21.520000457763672,138,0.0,0.0
2008-12-01 00:00:00-05:00,19.200000762939453,21.84000015258789,17.600000381469727,21.600000381469727,875,0.0,0.0
2008-12-02 00:00:00-05:00,20.239999771118164,23.600000381469727,20.239999771118164,23.520000457763672,238,0.0,0.0
2008-12-03 00:00:00-05:00,23.600000381469727,26.399999618530273,22.559999465942383,26.399999618530273,888,0.0,0.0
2008-12-04 00:00:00-05:00,26.799999237060547,26.959999084472656,26.799999237060547,26.959999084472656,175,0.0,0.0
2008-12-05 00:00:00-05:00,24.15999984741211,24.15999984741211,24.0,24.15999984741211,788,0.0,0.0
2008-12-08 00:00:00-05:00,26.399999618530273,26.799999237060547,24.479999542236328,26.479999542236328,738,0.0,0.0
2008-12-09 00:00:00-05:00,26.479999542236328,26.799999237060547,24.479999542236328,24.479999542236328,550,0.0,0.0
2008-12-10 00:00:00-05:00,24.479999542236328,24.479999542236328,24.479999542236328,24.479999542236328,0,0.0,0.0
2008-12-11 00:00:00-05:00,21.200000762939453,22.719999313354492,21.1200008392334,22.719999313354492,300,0.0,0.0
2008-12-12 00:00:00-05:00,24.479999542236328,24.479999542236328,24.479999542236328,24.479999542236328,38,0.0,0.0
2008-12-15 00:00:00-05:00,24.0,24.0,24.0,24.0,13,0.0,0.0
2008-12-16 00:00:00-05:00,16.0,23.920000076293945,16.0,23.360000610351562,388,0.0,0.0
2008-12-17 00:00:00-05:00,23.920000076293945,24.799999237060547,18.8799991607666,20.399999618530273,450,0.0,0.0
2008-12-18 00:00:00-05:00,18.31999969482422,24.0,18.31999969482422,24.0,75,0.0,0.0
2008-12-19 00:00:00-05:00,23.920000076293945,24.799999237060547,20.399999618530273,20.399999618530273,175,0.0,0.0
2008-12-22 00:00:00-05:00,19.280000686645508,23.920000076293945,18.8799991607666,23.920000076293945,313,0.0,0.0
2008-12-23 00:00:00-05:00,20.559999465942383,22.959999084472656,16.0,21.040000915527344,2350,0.0,0.0
2008-12-24 00:00:00-05:00,21.040000915527344,21.040000915527344,21.040000915527344,21.040000915527344,0,0.0,0.0
2008-12-26 00:00:00-05:00,20.559999465942383,20.559999465942383,19.200000762939453,20.0,300,0.0,0.0
2008-12-29 00:00:00-05:00,18.0,18.0,17.1200008392334,17.1200008392334,1163,0.0,0.0
2008-12-30 00:00:00-05:00,17.1200008392334,17.760000228881836,13.920000076293945,16.399999618530273,4263,0.0,0.0
2008-12-31 00:00:00-05:00,14.720000267028809,17.68000030517578,14.479999542236328,14.800000190734863,3938,0.0,0.0
2009-01-02 00:00:00-05:00,18.0,18.719999313354492,18.0,18.479999542236328,188,0.0,0.0
2009-01-05 00:00:00-05:00,19.920000076293945,19.920000076293945,16.079999923706055,18.239999771118164,175,0.0,0.0
2009-01-06 00:00:00-05:00,19.520000457763672,19.520000457763672,18.239999771118164,18.399999618530273,288,0.0,0.0
2009-01-07 00:00:00-05:00,18.8799991607666,19.520000457763672,18.8799991607666,19.520000457763672,50,0.0,0.0
2009-01-08 00:00:00-05:00,18.31999969482422,19.600000381469727,18.31999969482422,19.600000381469727,113,0.0,0.0
2009-01-09 00:00:00-05:00,19.280000686645508,19.280000686645508,19.280000686645508,19.280000686645508,50,0.0,0.0
2009-01-12 00:00:00-05:00,18.239999771118164,19.360000610351562,18.239999771118164,18.559999465942383,325,0.0,0.0
2009-01-13 00:00:00-05:00,18.31999969482422,18.559999465942383,18.31999969482422,18.559999465942383,63,0.0,0.0
2009-01-14 00:00:00-05:00,18.0,18.0,17.600000381469727,17.600000381469727,750,0.0,0.0
2009-01-15 00:00:00-05:00,18.079999923706055,18.799999237060547,18.079999923706055,18.799999237060547,200,0.0,0.0
2009-01-16 00:00:00-05:00,18.799999237060547,18.8799991607666,18.799999237060547,18.8799991607666,125,0.0,0.0
2009-01-20 00:00:00-05:00,18.8799991607666,18.8799991607666,18.8799991607666,18.8799991607666,0,0.0,0.0
2009-01-21 00:00:00-05:00,16.559999465942383,19.200000762939453,16.559999465942383,19.200000762939453,250,0.0,0.0
2009-01-22 00:00:00-05:00,19.1200008392334,19.1200008392334,19.1200008392334,19.1200008392334,63,0.0,0.0
2009-01-23 00:00:00-05:00,19.1200008392334,19.1200008392334,19.1200008392334,19.1200008392334,0,0.0,0.0
2009-01-26 00:00:00-05:00,19.1200008392334,19.1200008392334,19.1200008392334,19.1200008392334,0,0.0,0.0
2009-01-27 00:00:00-05:00,16.15999984741211,18.799999237060547,16.15999984741211,18.799999237060547,63,0.0,0.0
2009-01-28 00:00:00-05:00,16.079999923706055,18.0,16.079999923706055,18.0,113,0.0,0.0
2009-01-29 00:00:00-05:00,16.959999084472656,17.600000381469727,16.959999084472656,17.600000381469727,338,0.0,0.0
2009-01-30 00:00:00-05:00,17.600000381469727,17.600000381469727,17.600000381469727,17.600000381469727,0,0.0,0.0
2009-02-02 00:00:00-05:00,17.200000762939453,17.200000762939453,15.520000457763672,17.040000915527344,1163,0.0,0.0
2009-02-03 00:00:00-05:00,17.040000915527344,18.719999313354492,17.040000915527344,17.1200008392334,625,0.0,0.0
2009-02-04 00:00:00-05:00,17.1200008392334,17.1200008392334,17.1200008392334,17.1200008392334,0,0.0,0.0
2009-02-05 00:00:00-05:00,17.200000762939453,17.200000762939453,17.200000762939453,17.200000762939453,25,0.0,0.0
2009-02-06 00:00:00-05:00,17.200000762939453,17.200000762939453,17.200000762939453,17.200000762939453,100,0.0,0.0
2009-02-09 00:00:00-05:00,18.399999618530273,18.399999618530273,17.280000686645508,17.280000686645508,38,0.0,0.0
2009-02-10 00:00:00-05:00,18.479999542236328,18.479999542236328,18.479999542236328,18.479999542236328,25,0.0,0.0
2009-02-11 00:00:00-05:00,17.600000381469727,18.399999618530273,17.600000381469727,18.399999618530273,313,0.0,0.0
2009-02-12 00:00:00-05:00,17.200000762939453,18.719999313354492,17.200000762939453,18.719999313354492,225,0.0,0.0
2009-02-13 00:00:00-05:00,18.719999313354492,18.719999313354492,18.719999313354492,18.719999313354492,0,0.0,0.0
2009-02-17 00:00:00-05:00,17.200000762939453,17.200000762939453,16.639999389648438,16.639999389648438,575,0.0,0.0
2009-02-18 00:00:00-05:00,16.639999389648438,17.920000076293945,16.639999389648438,17.920000076293945,125,0.0,0.0
2009-02-19 00:00:00-05:00,16.079999923706055,16.079999923706055,15.84000015258789,16.0,225,0.0,0.0
2009-02-20 00:00:00-05:00,16.0,16.0,15.600000381469727,15.600000381469727,163,0.0,0.0
2009-02-23 00:00:00-05:00,15.4399995803833,15.4399995803833,14.319999694824219,14.319999694824219,625,0.0,0.0
2009-02-24 00:00:00-05:00,14.479999542236328,15.600000381469727,14.319999694824219,15.600000381469727,388,0.0,0.0
2009-02-25 00:00:00-05:00,15.600000381469727,15.920000076293945,14.479999542236328,15.600000381469727,688,0.0,0.0
2009-02-26 00:00:00-05:00,16.0,16.079999923706055,14.640000343322754,15.199999809265137,1550,0.0,0.0
2009-02-27 00:00:00-05:00,14.5600004196167,14.5600004196167,12.079999923706055,13.279999732971191,538,0.0,0.0
2009-03-02 00:00:00-05:00,12.0,16.0,12.0,16.0,150,0.0,0.0
2009-03-03 00:00:00-05:00,12.479999542236328,15.920000076293945,12.479999542236328,15.920000076293945,263,0.0,0.0
2009-03-04 00:00:00-05:00,16.399999618530273,16.399999618530273,11.199999809265137,12.0,3338,0.0,0.0
2009-03-05 00:00:00-05:00,13.359999656677246,13.520000457763672,11.4399995803833,13.4399995803833,163,0.0,0.0
2009-03-06 00:00:00-05:00,11.520000457763672,13.199999809265137,11.520000457763672,13.199999809265137,275,0.0,0.0
2009-03-09 00:00:00-04:00,12.079999923706055,13.039999961853027,10.479999542236328,13.039999961853027,288,0.0,0.0
2009-03-10 00:00:00-04:00,8.640000343322754,13.199999809265137,8.640000343322754,13.119999885559082,350,0.0,0.0
2009-03-11 00:00:00-04:00,13.199999809265137,13.199999809265137,13.199999809265137,13.199999809265137,125,0.0,0.0
2009-03-12 00:00:00-04:00,15.520000457763672,15.520000457763672,15.520000457763672,15.520000457763672,150,0.0,0.0
2009-03-13 00:00:00-04:00,15.520000457763672,15.520000457763672,15.520000457763672,15.520000457763672,0,0.0,0.0
2009-03-16 00:00:00-04:00,15.520000457763672,15.520000457763672,15.520000457763672,15.520000457763672,0,0.0,0.0
2009-03-17 00:00:00-04:00,15.520000457763672,15.520000457763672,15.520000457763672,15.520000457763672,0,0.0,0.0
2009-03-18 00:00:00-04:00,15.039999961853027,15.039999961853027,14.079999923706055,14.640000343322754,150,0.0,0.0
2009-03-19 00:00:00-04:00,14.960000038146973,15.039999961853027,14.960000038146973,15.039999961853027,50,0.0,0.0
2009-03-20 00:00:00-04:00,15.039999961853027,15.039999961853027,15.039999961853027,15.039999961853027,25,0.0,0.0
2009-03-23 00:00:00-04:00,15.039999961853027,15.039999961853027,15.039999961853027,15.039999961853027,0,0.0,0.0
2009-03-24 00:00:00-04:00,12.079999923706055,14.960000038146973,12.079999923706055,14.960000038146973,75,0.0,0.0
2009-03-25 00:00:00-04:00,14.0,14.079999923706055,14.0,14.0,138,0.0,0.0
2009-03-26 00:00:00-04:00,13.199999809265137,13.199999809265137,13.199999809265137,13.199999809265137,25,0.0,0.0
2009-03-27 00:00:00-04:00,12.960000038146973,14.399999618530273,12.800000190734863,14.399999618530273,513,0.0,0.0
2009-03-30 00:00:00-04:00,13.199999809265137,14.15999984741211,13.199999809265137,14.15999984741211,63,0.0,0.0
2009-03-31 00:00:00-04:00,14.15999984741211,14.15999984741211,14.15999984741211,14.15999984741211,0,0.0,0.0
2009-04-01 00:00:00-04:00,14.15999984741211,14.319999694824219,13.119999885559082,14.239999771118164,313,0.0,0.0
2009-04-02 00:00:00-04:00,14.079999923706055,14.960000038146973,12.880000114440918,14.319999694824219,763,0.0,0.0
2009-04-03 00:00:00-04:00,12.880000114440918,14.640000343322754,12.800000190734863,14.5600004196167,1713,0.0,0.0
2009-04-06 00:00:00-04:00,12.960000038146973,12.960000038146973,12.960000038146973,12.960000038146973,13,0.0,0.0
2009-04-07 00:00:00-04:00,15.039999961853027,15.039999961853027,14.720000267028809,14.720000267028809,125,0.0,0.0
2009-04-08 00:00:00-04:00,14.720000267028809,14.720000267028809,14.720000267028809,14.720000267028809,0,0.0,0.0
2009-04-09 00:00:00-04:00,12.880000114440918,14.640000343322754,12.880000114440918,14.640000343322754,150,0.0,0.0
2009-04-13 00:00:00-04:00,14.15999984741211,14.800000190734863,14.15999984741211,14.800000190734863,250,0.0,0.0
2009-04-14 00:00:00-04:00,15.039999961853027,15.520000457763672,14.960000038146973,15.520000457763672,663,0.0,0.0
2009-04-15 00:00:00-04:00,15.600000381469727,15.84000015258789,14.800000190734863,15.84000015258789,163,0.0,0.0
2009-04-16 00:00:00-04:00,16.239999771118164,16.31999969482422,16.0,16.15999984741211,288,0.0,0.0
2009-04-17 00:00:00-04:00,15.920000076293945,18.399999618530273,15.920000076293945,18.399999618530273,500,0.0,0.0
2009-04-20 00:00:00-04:00,15.84000015258789,18.479999542236328,15.84000015258789,18.31999969482422,138,0.0,0.0
2009-04-21 00:00:00-04:00,18.399999618530273,18.639999389648438,17.600000381469727,18.639999389648438,163,0.0,0.0
2009-04-22 00:00:00-04:00,18.639999389648438,18.799999237060547,18.639999389648438,18.799999237060547,163,0.0,0.0
2009-04-23 00:00:00-04:00,18.719999313354492,19.600000381469727,18.719999313354492,19.600000381469727,1125,0.0,0.0
2009-04-24 00:00:00-04:00,19.200000762939453,19.200000762939453,19.200000762939453,19.200000762939453,400,0.0,0.0
2009-04-27 00:00:00-04:00,16.639999389648438,19.600000381469727,14.079999923706055,19.600000381469727,500,0.0,0.0
2009-04-28 00:00:00-04:00,16.31999969482422,16.799999237060547,16.31999969482422,16.799999237060547,63,0.0,0.0
2009-04-29 00:00:00-04:00,19.440000534057617,19.440000534057617,19.440000534057617,19.440000534057617,25,0.0,0.0
2009-04-30 00:00:00-04:00,18.799999237060547,19.200000762939453,18.799999237060547,19.200000762939453,63,0.0,0.0
2009-05-01 00:00:00-04:00,19.600000381469727,20.0,17.600000381469727,17.68000030517578,813,0.0,0.0
2009-05-04 00:00:00-04:00,15.359999656677246,18.799999237060547,15.359999656677246,18.719999313354492,1363,0.0,0.0
2009-05-05 00:00:00-04:00,17.600000381469727,17.600000381469727,14.399999618530273,16.0,5400,0.0,0.0
2009-05-06 00:00:00-04:00,14.0,17.920000076293945,14.0,16.399999618530273,2900,0.0,0.0
2009-05-07 00:00:00-04:00,16.399999618530273,16.399999618530273,15.359999656677246,16.0,200,0.0,0.0
2009-05-08 00:00:00-04:00,16.0,16.399999618530273,16.0,16.31999969482422,1050,0.0,0.0
2009-05-11 00:00:00-04:00,16.399999618530273,17.440000534057617,16.399999618530273,16.799999237060547,988,0.0,0.0
2009-05-12 00:00:00-04:00,17.1200008392334,17.600000381469727,16.399999618530273,16.399999618530273,1263,0.0,0.0
2009-05-13 00:00:00-04:00,17.600000381469727,17.600000381469727,16.31999969482422,16.8799991607666,2838,0.0,0.0
2009-05-14 00:00:00-04:00,16.31999969482422,16.719999313354492,16.31999969482422,16.719999313354492,125,0.0,0.0
2009-05-15 00:00:00-04:00,17.1200008392334,17.440000534057617,16.31999969482422,17.440000534057617,363,0.0,0.0
2009-05-18 00:00:00-04:00,15.600000381469727,16.719999313354492,15.600000381469727,16.399999618530273,150,0.0,0.0
2009-05-19 00:00:00-04:00,16.399999618530273,16.8799991607666,16.31999969482422,16.719999313354492,125,0.0,0.0
2009-05-20 00:00:00-04:00,16.799999237060547,16.799999237060547,16.799999237060547,16.799999237060547,88,0.0,0.0
2009-05-21 00:00:00-04:00,16.639999389648438,16.799999237060547,16.639999389648438,16.799999237060547,125,0.0,0.0
2009-05-22 00:00:00-04:00,16.31999969482422,16.799999237060547,16.31999969482422,16.799999237060547,313,0.0,0.0
2009-05-26 00:00:00-04:00,15.199999809265137,17.040000915527344,15.199999809265137,16.559999465942383,488,0.0,0.0
2009-05-27 00:00:00-04:00,16.559999465942383,16.559999465942383,16.559999465942383,16.559999465942383,0,0.0,0.0
2009-05-28 00:00:00-04:00,16.799999237060547,16.799999237060547,15.279999732971191,16.719999313354492,200,0.0,0.0
2009-05-29 00:00:00-04:00,16.0,16.719999313354492,16.0,16.719999313354492,113,0.0,0.0
2009-06-01 00:00:00-04:00,16.399999618530273,16.799999237060547,16.399999618530273,16.719999313354492,563,0.0,0.0
2009-06-02 00:00:00-04:00,17.360000610351562,17.360000610351562,17.280000686645508,17.280000686645508,50,0.0,0.0
2009-06-03 00:00:00-04:00,17.600000381469727,17.760000228881836,16.15999984741211,17.760000228881836,563,0.0,0.0
2009-06-04 00:00:00-04:00,17.760000228881836,17.760000228881836,17.760000228881836,17.760000228881836,0,0.0,0.0
2009-06-05 00:00:00-04:00,17.760000228881836,17.760000228881836,16.31999969482422,17.1200008392334,313,0.0,0.0
2009-06-08 00:00:00-04:00,16.15999984741211,17.200000762939453,16.15999984741211,17.200000762939453,88,0.0,0.0
2009-06-09 00:00:00-04:00,17.200000762939453,17.200000762939453,17.200000762939453,17.200000762939453,0,0.0,0.0
2009-06-10 00:00:00-04:00,16.799999237060547,17.84000015258789,16.0,16.0,988,0.0,0.0
2009-06-11 00:00:00-04:00,17.68000030517578,17.68000030517578,16.959999084472656,17.440000534057617,263,0.0,0.0
2009-06-12 00:00:00-04:00,17.84000015258789,17.84000015258789,17.84000015258789,17.84000015258789,50,0.0,0.0
2009-06-15 00:00:00-04:00,16.959999084472656,17.84000015258789,16.959999084472656,17.84000015258789,1100,0.0,0.0
2009-06-16 00:00:00-04:00,17.84000015258789,17.84000015258789,17.600000381469727,17.600000381469727,375,0.0,0.0
2009-06-17 00:00:00-04:00,18.0,19.440000534057617,17.520000457763672,19.440000534057617,1413,0.0,0.0
2009-06-18 00:00:00-04:00,18.0,18.799999237060547,17.520000457763672,18.479999542236328,488,0.0,0.0
2009-06-19 00:00:00-04:00,19.520000457763672,19.520000457763672,17.520000457763672,17.520000457763672,438,0.0,0.0
2009-06-22 00:00:00-04:00,17.520000457763672,18.0,17.520000457763672,17.920000076293945,700,0.0,0.0
2009-06-23 00:00:00-04:00,17.920000076293945,18.479999542236328,17.520000457763672,18.479999542236328,538,0.0,0.0
2009-06-24 00:00:00-04:00,17.1200008392334,18.15999984741211,16.079999923706055,16.079999923706055,163,0.0,0.0
2009-06-25 00:00:00-04:00,16.399999618530273,17.760000228881836,16.399999618530273,17.760000228881836,275,0.0,0.0
2009-06-26 00:00:00-04:00,17.760000228881836,17.760000228881836,17.760000228881836,17.760000228881836,0,0.0,0.0
2009-06-29 00:00:00-04:00,16.719999313354492,16.8799991607666,16.0,16.8799991607666,775,0.0,0.0
2009-06-30 00:00:00-04:00,16.8799991607666,16.8799991607666,16.8799991607666,16.8799991607666,0,0.0,0.0
2009-07-01 00:00:00-04:00,16.15999984741211,16.8799991607666,16.079999923706055,16.8799991607666,200,0.0,0.0
2009-07-02 00:00:00-04:00,16.079999923706055,17.440000534057617,16.0,17.440000534057617,100,0.0,0.0
2009-07-06 00:00:00-04:00,17.600000381469727,17.600000381469727,16.31999969482422,16.8799991607666,563,0.0,0.0
2009-07-07 00:00:00-04:00,16.8799991607666,16.8799991607666,16.8799991607666,16.8799991607666,0,0.0,0.0
2009-07-08 00:00:00-04:00,16.799999237060547,16.8799991607666,16.799999237060547,16.8799991607666,225,0.0,0.0
2009-07-09 00:00:00-04:00,16.8799991607666,17.440000534057617,16.8799991607666,16.8799991607666,300,0.0,0.0
2009-07-10 00:00:00-04:00,16.8799991607666,16.8799991607666,14.0,16.079999923706055,2225,0.0,0.0
2009-07-13 00:00:00-04:00,16.15999984741211,16.15999984741211,15.920000076293945,16.15999984741211,63,0.0,0.0
2009-07-14 00:00:00-04:00,16.239999771118164,16.399999618530273,15.279999732971191,16.399999618530273,238,0.0,0.0
2009-07-15 00:00:00-04:00,16.399999618530273,16.399999618530273,16.399999618530273,16.399999618530273,25,0.0,0.0
2009-07-16 00:00:00-04:00,16.399999618530273,17.040000915527344,15.199999809265137,16.8799991607666,400,0.0,0.0
2009-07-17 00:00:00-04:00,17.280000686645508,18.079999923706055,17.040000915527344,18.079999923706055,138,0.0,0.0
2009-07-20 00:00:00-04:00,15.119999885559082,18.15999984741211,15.119999885559082,17.520000457763672,363,0.0,0.0
2009-07-21 00:00:00-04:00,16.719999313354492,17.600000381469727,16.31999969482422,17.600000381469727,188,0.0,0.0
2009-07-22 00:00:00-04:00,17.600000381469727,18.0,17.600000381469727,18.0,175,0.0,0.0
2009-07-23 00:00:00-04:00,18.0,18.0,18.0,18.0,50,0.0,0.0
2009-07-24 00:00:00-04:00,17.760000228881836,19.040000915527344,17.200000762939453,18.399999618530273,300,0.0,0.0
2009-07-27 00:00:00-04:00,18.399999618530273,18.399999618530273,18.399999618530273,18.399999618530273,125,0.0,0.0
2009-07-28 00:00:00-04:00,18.399999618530273,18.399999618530273,18.399999618530273,18.399999618530273,63,0.0,0.0
2009-07-29 00:00:00-04:00,16.079999923706055,18.399999618530273,16.079999923706055,18.399999618530273,313,0.0,0.0
2009-07-30 00:00:00-04:00,16.15999984741211,18.399999618530273,16.15999984741211,18.399999618530273,338,0.0,0.0
2009-07-31 00:00:00-04:00,16.399999618530273,17.440000534057617,16.15999984741211,17.440000534057617,450,0.0,0.0
2009-08-03 00:00:00-04:00,17.68000030517578,17.84000015258789,17.68000030517578,17.84000015258789,75,0.0,0.0
2009-08-04 00:00:00-04:00,18.799999237060547,18.799999237060547,16.399999618530273,18.31999969482422,138,0.0,0.0
2009-08-05 00:00:00-04:00,18.0,18.31999969482422,15.84000015258789,16.799999237060547,788,0.0,0.0
2009-08-06 00:00:00-04:00,17.84000015258789,17.84000015258789,16.799999237060547,16.959999084472656,150,0.0,0.0
2009-08-07 00:00:00-04:00,17.040000915527344,17.040000915527344,16.479999542236328,16.479999542236328,75,0.0,0.0
2009-08-10 00:00:00-04:00,16.399999618530273,16.399999618530273,16.0,16.31999969482422,1238,0.0,0.0
2009-08-11 00:00:00-04:00,16.239999771118164,16.239999771118164,16.0,16.239999771118164,150,0.0,0.0
2009-08-12 00:00:00-04:00,16.239999771118164,16.239999771118164,16.239999771118164,16.239999771118164,0,0.0,0.0
2009-08-13 00:00:00-04:00,16.399999618530273,16.399999618530273,16.15999984741211,16.15999984741211,275,0.0,0.0
2009-08-14 00:00:00-04:00,16.0,16.399999618530273,16.0,16.399999618530273,900,0.0,0.0
2009-08-17 00:00:00-04:00,16.399999618530273,16.399999618530273,16.399999618530273,16.399999618530273,363,0.0,0.0
2009-08-18 00:00:00-04:00,15.520000457763672,15.520000457763672,15.4399995803833,15.4399995803833,75,0.0,0.0
2009-08-19 00:00:00-04:00,15.4399995803833,17.440000534057617,15.4399995803833,17.440000534057617,188,0.0,0.0
2009-08-20 00:00:00-04:00,17.600000381469727,17.600000381469727,16.399999618530273,17.040000915527344,1475,0.0,0.0
2009-08-21 00:00:00-04:00,17.1200008392334,17.1200008392334,16.399999618530273,16.399999618530273,238,0.0,0.0
2009-08-24 00:00:00-04:00,16.719999313354492,16.719999313354492,16.719999313354492,16.719999313354492,63,0.0,0.0
2009-08-25 00:00:00-04:00,15.680000305175781,16.719999313354492,15.680000305175781,16.719999313354492,75,0.0,0.0
2009-08-26 00:00:00-04:00,16.719999313354492,16.719999313354492,15.680000305175781,16.719999313354492,213,0.0,0.0
2009-08-27 00:00:00-04:00,15.600000381469727,16.719999313354492,15.600000381469727,16.719999313354492,63,0.0,0.0
2009-08-28 00:00:00-04:00,15.760000228881836,16.719999313354492,15.680000305175781,16.719999313354492,163,0.0,0.0
2009-08-31 00:00:00-04:00,15.84000015258789,16.15999984741211,15.84000015258789,16.15999984741211,38,0.0,0.0
2009-09-01 00:00:00-04:00,16.15999984741211,16.8799991607666,15.680000305175781,16.719999313354492,663,0.0,0.0
2009-09-02 00:00:00-04:00,16.079999923706055,16.639999389648438,15.680000305175781,16.639999389648438,125,0.0,0.0
2009-09-03 00:00:00-04:00,15.920000076293945,16.719999313354492,15.920000076293945,16.719999313354492,438,0.0,0.0
2009-09-04 00:00:00-04:00,16.399999618530273,16.719999313354492,16.399999618530273,16.399999618530273,200,0.0,0.0
2009-09-08 00:00:00-04:00,16.719999313354492,16.719999313354492,16.719999313354492,16.719999313354492,25,0.0,0.0
2009-09-09 00:00:00-04:00,16.719999313354492,16.799999237060547,16.719999313354492,16.799999237060547,100,0.0,0.0
2009-09-10 00:00:00-04:00,16.399999618530273,16.799999237060547,16.399999618530273,16.799999237060547,75,0.0,0.0
2009-09-11 00:00:00-04:00,16.799999237060547,16.799999237060547,16.799999237060547,16.799999237060547,200,0.0,0.0
2009-09-14 00:00:00-04:00,16.079999923706055,17.040000915527344,16.079999923706055,17.040000915527344,238,0.0,0.0
2009-09-15 00:00:00-04:00,16.719999313354492,16.799999237060547,15.600000381469727,16.799999237060547,1413,0.0,0.0
2009-09-16 00:00:00-04:00,16.0,17.600000381469727,16.0,17.600000381469727,1950,0.0,0.0
2009-09-17 00:00:00-04:00,16.639999389648438,18.31999969482422,16.639999389648438,17.68000030517578,363,0.0,0.0
2009-09-18 00:00:00-04:00,17.68000030517578,17.920000076293945,17.68000030517578,17.68000030517578,113,0.0,0.0
2009-09-21 00:00:00-04:00,17.920000076293945,18.0,17.760000228881836,17.760000228881836,50,0.0,0.0
2009-09-22 00:00:00-04:00,16.639999389648438,18.239999771118164,16.559999465942383,17.84000015258789,250,0.0,0.0
2009-09-23 00:00:00-04:00,18.0,18.079999923706055,17.760000228881836,18.079999923706055,88,0.0,0.0
2009-09-24 00:00:00-04:00,17.84000015258789,18.239999771118164,17.84000015258789,18.0,1025,0.0,0.0
2009-09-25 00:00:00-04:00,18.0,18.239999771118164,17.84000015258789,18.239999771118164,338,0.0,0.0
2009-09-28 00:00:00-04:00,18.239999771118164,18.799999237060547,18.239999771118164,18.799999237060547,825,0.0,0.0
2009-09-29 00:00:00-04:00,18.799999237060547,18.959999084472656,18.799999237060547,18.799999237060547,488,0.0,0.0
2009-09-30 00:00:00-04:00,18.799999237060547,18.799999237060547,17.920000076293945,18.799999237060547,475,0.0,0.0
2009-10-01 00:00:00-04:00,18.799999237060547,20.0,18.799999237060547,20.0,1013,0.0,0.0
2009-10-02 00:00:00-04:00,20.0,22.959999084472656,19.600000381469727,20.559999465942383,4588,0.0,0.0
2009-10-05 00:00:00-04:00,20.559999465942383,22.959999084472656,17.600000381469727,19.040000915527344,2913,0.0,0.0
2009-10-06 00:00:00-04:00,20.719999313354492,20.719999313354492,17.520000457763672,19.760000228881836,1550,0.0,0.0
2009-10-07 00:00:00-04:00,18.0,19.520000457763672,17.760000228881836,19.280000686645508,725,0.0,0.0
2009-10-08 00:00:00-04:00,19.280000686645508,19.280000686645508,19.280000686645508,19.280000686645508,0,0.0,0.0
2009-10-09 00:00:00-04:00,19.280000686645508,19.280000686645508,17.280000686645508,18.239999771118164,1600,0.0,0.0
2009-10-12 00:00:00-04:00,17.760000228881836,19.440000534057617,17.600000381469727,19.440000534057617,138,0.0,0.0
2009-10-13 00:00:00-04:00,19.200000762939453,19.280000686645508,17.84000015258789,19.200000762939453,350,0.0,0.0
2009-10-14 00:00:00-04:00,19.200000762939453,19.280000686645508,19.1200008392334,19.280000686645508,350,0.0,0.0
2009-10-15 00:00:00-04:00,18.399999618530273,19.360000610351562,18.079999923706055,19.360000610351562,4425,0.0,0.0
2009-10-16 00:00:00-04:00,19.360000610351562,19.520000457763672,19.360000610351562,19.520000457763672,313,0.0,0.0
2009-10-19 00:00:00-04:00,19.440000534057617,20.399999618530273,18.079999923706055,20.0,1425,0.0,0.0
2009-10-20 00:00:00-04:00,19.200000762939453,20.399999618530273,18.15999984741211,20.079999923706055,400,0.0,0.0
2009-10-21 00:00:00-04:00,20.31999969482422,21.920000076293945,20.31999969482422,20.719999313354492,400,0.0,0.0
2009-10-22 00:00:00-04:00,18.239999771118164,21.760000228881836,18.239999771118164,21.200000762939453,400,0.0,0.0
2009-10-23 00:00:00-04:00,20.959999084472656,20.959999084472656,20.799999237060547,20.959999084472656,75,0.0,0.0
2009-10-26 00:00:00-04:00,18.399999618530273,20.959999084472656,18.399999618530273,20.959999084472656,100,0.0,0.0
2009-10-27 00:00:00-04:00,20.8799991607666,20.8799991607666,20.8799991607666,20.8799991607666,13,0.0,0.0
2009-10-28 00:00:00-04:00,20.8799991607666,20.8799991607666,18.559999465942383,20.8799991607666,613,0.0,0.0
2009-10-29 00:00:00-04:00,20.0,20.639999389648438,20.0,20.639999389648438,363,0.0,0.0
2009-10-30 00:00:00-04:00,18.479999542236328,19.760000228881836,18.479999542236328,19.68000030517578,238,0.0,0.0
2009-11-02 00:00:00-05:00,19.68000030517578,19.84000015258789,19.200000762939453,19.84000015258789,913,0.0,0.0
2009-11-03 00:00:00-05:00,18.399999618530273,20.239999771118164,18.399999618530273,20.0,200,0.0,0.0
2009-11-04 00:00:00-05:00,18.719999313354492,20.479999542236328,18.719999313354492,19.84000015258789,275,0.0,0.0
2009-11-05 00:00:00-05:00,20.31999969482422,20.399999618530273,20.31999969482422,20.399999618530273,50,0.0,0.0
2009-11-06 00:00:00-05:00,20.399999618530273,20.399999618530273,18.799999237060547,19.600000381469727,638,0.0,0.0
2009-11-09 00:00:00-05:00,20.239999771118164,20.239999771118164,20.239999771118164,20.239999771118164,38,0.0,0.0
2009-11-10 00:00:00-05:00,20.399999618530273,20.399999618530273,18.399999618530273,18.559999465942383,2600,0.0,0.0
2009-11-11 00:00:00-05:00,20.31999969482422,20.31999969482422,19.1200008392334,19.1200008392334,450,0.0,0.0
2009-11-12 00:00:00-05:00,18.479999542236328,19.040000915527344,18.479999542236328,19.040000915527344,163,0.0,0.0
2009-11-13 00:00:00-05:00,19.040000915527344,19.440000534057617,19.040000915527344,19.440000534057617,950,0.0,0.0
2009-11-16 00:00:00-05:00,18.399999618530273,19.520000457763672,18.399999618530273,19.360000610351562,325,0.0,0.0
2009-11-17 00:00:00-05:00,19.1200008392334,19.200000762939453,19.1200008392334,19.200000762939453,275,0.0,0.0
2009-11-18 00:00:00-05:00,18.399999618530273,19.200000762939453,18.399999618530273,19.200000762939453,388,0.0,0.0
2009-11-19 00:00:00-05:00,19.200000762939453,19.200000762939453,18.399999618530273,18.639999389648438,225,0.0,0.0
2009-11-20 00:00:00-05:00,18.639999389648438,18.639999389648438,18.639999389648438,18.639999389648438,0,0.0,0.0
2009-11-23 00:00:00-05:00,18.399999618530273,18.639999389648438,17.68000030517578,18.479999542236328,413,0.0,0.0
2009-11-24 00:00:00-05:00,17.760000228881836,18.15999984741211,16.559999465942383,16.799999237060547,538,0.0,0.0
2009-11-25 00:00:00-05:00,16.8799991607666,19.360000610351562,16.8799991607666,18.799999237060547,425,0.0,0.0
2009-11-27 00:00:00-05:00,18.719999313354492,18.719999313354492,18.719999313354492,18.719999313354492,63,0.0,0.0
2009-11-30 00:00:00-05:00,18.799999237060547,18.799999237060547,18.719999313354492,18.719999313354492,63,0.0,0.0
2009-12-01 00:00:00-05:00,16.8799991607666,18.399999618530273,16.8799991607666,18.399999618530273,375,0.0,0.0
2009-12-02 00:00:00-05:00,17.200000762939453,18.399999618530273,17.200000762939453,18.399999618530273,88,0.0,0.0
2009-12-03 00:00:00-05:00,18.31999969482422,19.1200008392334,18.31999969482422,19.1200008392334,313,0.0,0.0
2009-12-04 00:00:00-05:00,17.84000015258789,19.520000457763672,17.84000015258789,19.360000610351562,300,0.0,0.0
2009-12-07 00:00:00-05:00,19.520000457763672,19.520000457763672,17.84000015258789,18.0,1050,0.0,0.0
2009-12-08 00:00:00-05:00,18.31999969482422,18.399999618530273,18.0,18.399999618530273,288,0.0,0.0
2009-12-09 00:00:00-05:00,18.0,18.0,16.959999084472656,17.200000762939453,1375,0.0,0.0
2009-12-10 00:00:00-05:00,18.959999084472656,19.1200008392334,18.959999084472656,18.959999084472656,350,0.0,0.0
2009-12-11 00:00:00-05:00,18.959999084472656,18.959999084472656,18.959999084472656,18.959999084472656,25,0.0,0.0
2009-12-14 00:00:00-05:00,17.600000381469727,19.1200008392334,17.600000381469727,19.1200008392334,250,0.0,0.0
2009-12-15 00:00:00-05:00,16.959999084472656,18.8799991607666,16.959999084472656,18.8799991607666,300,0.0,0.0
2009-12-16 00:00:00-05:00,17.520000457763672,18.8799991607666,17.200000762939453,18.8799991607666,450,0.0,0.0
2009-12-17 00:00:00-05:00,18.559999465942383,19.040000915527344,18.559999465942383,18.8799991607666,200,0.0,0.0
2009-12-18 00:00:00-05:00,18.639999389648438,19.520000457763672,17.68000030517578,19.040000915527344,1088,0.0,0.0
2009-12-21 00:00:00-05:00,18.799999237060547,19.280000686645508,17.68000030517578,19.040000915527344,525,0.0,0.0
2009-12-22 00:00:00-05:00,19.200000762939453,19.200000762939453,19.200000762939453,19.200000762939453,163,0.0,0.0
2009-12-23 00:00:00-05:00,19.280000686645508,19.520000457763672,18.959999084472656,19.360000610351562,538,0.0,0.0
2009-12-24 00:00:00-05:00,19.440000534057617,19.68000030517578,19.440000534057617,19.68000030517578,100,0.0,0.0
2009-12-28 00:00:00-05:00,19.440000534057617,20.15999984741211,18.479999542236328,18.959999084472656,1275,0.0,0.0
2009-12-29 00:00:00-05:00,18.559999465942383,19.200000762939453,18.15999984741211,18.959999084472656,225,0.0,0.0
2009-12-30 00:00:00-05:00,18.079999923706055,18.799999237060547,16.799999237060547,17.760000228881836,2875,0.0,0.0
2009-12-31 00:00:00-05:00,17.600000381469727,18.399999618530273,17.200000762939453,18.079999923706055,4900,0.0,0.0
2010-01-04 00:00:00-05:00,18.079999923706055,18.559999465942383,17.84000015258789,18.399999618530273,138,0.0,0.0
2010-01-05 00:00:00-05:00,18.799999237060547,18.799999237060547,18.799999237060547,18.799999237060547,75,0.0,0.0
2010-01-06 00:00:00-05:00,20.0,20.0,18.079999923706055,18.639999389648438,238,0.0,0.0
2010-01-07 00:00:00-05:00,17.84000015258789,18.799999237060547,17.84000015258789,18.639999389648438,50,0.0,0.0
2010-01-08 00:00:00-05:00,18.639999389648438,19.760000228881836,17.600000381469727,19.760000228881836,450,0.0,0.0
2010-01-11 00:00:00-05:00,18.959999084472656,19.68000030517578,18.799999237060547,19.68000030517578,300,0.0,0.0
2010-01-12 00:00:00-05:00,18.799999237060547,19.200000762939453,17.200000762939453,18.559999465942383,588,0.0,0.0
2010-01-13 00:00:00-05:00,18.799999237060547,19.200000762939453,18.639999389648438,19.200000762939453,775,0.0,0.0
2010-01-14 00:00:00-05:00,18.8799991607666,18.8799991607666,18.8799991607666,18.8799991607666,13,0.0,0.0
2010-01-15 00:00:00-05:00,18.8799991607666,18.8799991607666,18.8799991607666,18.8799991607666,0,0.0,0.0
2010-01-19 00:00:00-05:00,19.200000762939453,19.200000762939453,18.8799991607666,19.1200008392334,225,0.0,0.0
2010-01-20 00:00:00-05:00,18.0,19.1200008392334,18.0,19.1200008392334,263,0.0,0.0
2010-01-21 00:00:00-05:00,19.200000762939453,19.280000686645508,19.200000762939453,19.280000686645508,175,0.0,0.0
2010-01-22 00:00:00-05:00,19.280000686645508,19.280000686645508,19.200000762939453,19.280000686645508,188,0.0,0.0
2010-01-25 00:00:00-05:00,18.079999923706055,19.280000686645508,18.079999923706055,19.280000686645508,363,0.0,0.0
2010-01-26 00:00:00-05:00,18.399999618530273,19.360000610351562,18.399999618530273,19.280000686645508,100,0.0,0.0
2010-01-27 00:00:00-05:00,18.15999984741211,19.68000030517578,18.15999984741211,19.200000762939453,125,0.0,0.0
2010-01-28 00:00:00-05:00,18.559999465942383,19.200000762939453,16.0,17.68000030517578,6413,0.0,0.0
2010-01-29 00:00:00-05:00,17.440000534057617,18.239999771118164,17.440000534057617,17.68000030517578,388,0.0,0.0
2010-02-01 00:00:00-05:00,16.479999542236328,17.280000686645508,16.479999542236328,17.200000762939453,263,0.0,0.0
2010-02-02 00:00:00-05:00,16.799999237060547,17.360000610351562,16.799999237060547,17.360000610351562,175,0.0,0.0
2010-02-03 00:00:00-05:00,17.600000381469727,17.600000381469727,17.040000915527344,17.520000457763672,363,0.0,0.0
2010-02-04 00:00:00-05:00,17.520000457763672,17.84000015258789,17.200000762939453,17.600000381469727,475,0.0,0.0
2010-02-05 00:00:00-05:00,16.799999237060547,17.68000030517578,16.799999237060547,17.68000030517578,175,0.0,0.0
2010-02-08 00:00:00-05:00,17.84000015258789,18.0,17.760000228881836,17.760000228881836,125,0.0,0.0
2010-02-09 00:00:00-05:00,16.799999237060547,17.200000762939453,16.719999313354492,17.200000762939453,1513,0.0,0.0
2010-02-10 00:00:00-05:00,17.600000381469727,17.600000381469727,16.479999542236328,17.440000534057617,263,0.0,0.0
2010-02-11 00:00:00-05:00,17.440000534057617,17.440000534057617,17.440000534057617,17.440000534057617,0,0.0,0.0
2010-02-12 00:00:00-05:00,16.8799991607666,17.600000381469727,16.799999237060547,17.600000381469727,350,0.0,0.0
2010-02-16 00:00:00-05:00,17.600000381469727,17.600000381469727,17.600000381469727,17.600000381469727,0,0.0,0.0
2010-02-17 00:00:00-05:00,17.520000457763672,17.520000457763672,17.520000457763672,17.520000457763672,50,0.0,0.0
2010-02-18 00:00:00-05:00,17.200000762939453,17.520000457763672,16.799999237060547,17.520000457763672,200,0.0,0.0
2010-02-19 00:00:00-05:00,17.600000381469727,17.600000381469727,17.600000381469727,17.600000381469727,63,0.0,0.0
2010-02-22 00:00:00-05:00,16.8799991607666,17.600000381469727,16.559999465942383,17.600000381469727,388,0.0,0.0
2010-02-23 00:00:00-05:00,17.600000381469727,17.600000381469727,17.600000381469727,17.600000381469727,0,0.0,0.0
2010-02-24 00:00:00-05:00,16.799999237060547,17.440000534057617,16.799999237060547,17.440000534057617,50,0.0,0.0
2010-02-25 00:00:00-05:00,18.31999969482422,18.31999969482422,16.799999237060547,17.84000015258789,163,0.0,0.0
2010-02-26 00:00:00-05:00,19.760000228881836,19.760000228881836,16.799999237060547,18.079999923706055,400,0.0,0.0
2010-03-01 00:00:00-05:00,19.600000381469727,19.600000381469727,18.399999618530273,18.799999237060547,200,0.0,0.0
2010-03-02 00:00:00-05:00,19.040000915527344,19.040000915527344,17.360000610351562,18.639999389648438,325,0.0,0.0
2010-03-03 00:00:00-05:00,18.719999313354492,18.799999237060547,18.559999465942383,18.719999313354492,300,0.0,0.0
2010-03-04 00:00:00-05:00,18.719999313354492,18.719999313354492,18.399999618530273,18.719999313354492,750,0.0,0.0
2010-03-05 00:00:00-05:00,19.68000030517578,19.68000030517578,19.68000030517578,19.68000030517578,13,0.0,0.0
2010-03-08 00:00:00-05:00,19.760000228881836,19.760000228881836,19.200000762939453,19.200000762939453,463,0.0,0.0
2010-03-09 00:00:00-05:00,19.760000228881836,20.399999618530273,19.200000762939453,20.31999969482422,4275,0.0,0.0
2010-03-10 00:00:00-05:00,20.639999389648438,21.360000610351562,20.31999969482422,21.1200008392334,488,0.0,0.0
2010-03-11 00:00:00-05:00,21.440000534057617,21.440000534057617,20.8799991607666,21.1200008392334,1000,0.0,0.0
2010-03-12 00:00:00-05:00,21.280000686645508,21.360000610351562,20.399999618530273,21.280000686645508,263,0.0,0.0
2010-03-15 00:00:00-04:00,21.280000686645508,21.280000686645508,20.399999618530273,21.280000686645508,275,0.0,0.0
2010-03-16 00:00:00-04:00,21.280000686645508,21.84000015258789,21.280000686645508,21.440000534057617,3600,0.0,0.0
2010-03-17 00:00:00-04:00,21.520000457763672,22.079999923706055,21.520000457763672,22.0,1500,0.0,0.0
2010-03-18 00:00:00-04:00,21.600000381469727,22.559999465942383,21.200000762939453,21.360000610351562,3325,0.0,0.0
2010-03-19 00:00:00-04:00,21.440000534057617,21.600000381469727,21.200000762939453,21.440000534057617,1900,0.0,0.0
2010-03-22 00:00:00-04:00,22.31999969482422,22.31999969482422,21.440000534057617,22.079999923706055,800,0.0,0.0
2010-03-23 00:00:00-04:00,22.15999984741211,22.15999984741211,20.959999084472656,22.0,1500,0.0,0.0
2010-03-24 00:00:00-04:00,20.959999084472656,22.239999771118164,20.959999084472656,22.0,113,0.0,0.0
2010-03-25 00:00:00-04:00,21.200000762939453,22.0,21.200000762939453,21.280000686645508,188,0.0,0.0
2010-03-26 00:00:00-04:00,21.200000762939453,21.520000457763672,21.200000762939453,21.520000457763672,175,0.0,0.0
2010-03-29 00:00:00-04:00,22.079999923706055,22.079999923706055,21.84000015258789,22.079999923706055,163,0.0,0.0
2010-03-30 00:00:00-04:00,22.31999969482422,22.31999969482422,22.0,22.31999969482422,175,0.0,0.0
2010-03-31 00:00:00-04:00,22.0,22.15999984741211,22.0,22.15999984741211,738,0.0,0.0
2010-04-01 00:00:00-04:00,22.15999984741211,22.239999771118164,22.0,22.239999771118164,413,0.0,0.0
2010-04-05 00:00:00-04:00,22.239999771118164,22.239999771118164,22.15999984741211,22.239999771118164,288,0.0,0.0
2010-04-06 00:00:00-04:00,22.15999984741211,22.239999771118164,22.15999984741211,22.239999771118164,338,0.0,0.0
2010-04-07 00:00:00-04:00,22.15999984741211,22.239999771118164,22.15999984741211,22.239999771118164,563,0.0,0.0
2010-04-08 00:00:00-04:00,22.15999984741211,22.239999771118164,22.0,22.239999771118164,1150,0.0,0.0
2010-04-09 00:00:00-04:00,22.239999771118164,22.239999771118164,22.239999771118164,22.239999771118164,363,0.0,0.0
2010-04-12 00:00:00-04:00,22.15999984741211,22.239999771118164,22.0,22.239999771118164,1138,0.0,0.0
2010-04-13 00:00:00-04:00,22.0,22.239999771118164,22.0,22.239999771118164,238,0.0,0.0
2010-04-14 00:00:00-04:00,22.0,22.239999771118164,22.0,22.239999771118164,888,0.0,0.0
2010-04-15 00:00:00-04:00,22.0,22.239999771118164,22.0,22.239999771118164,525,0.0,0.0
2010-04-16 00:00:00-04:00,22.0,22.239999771118164,22.0,22.239999771118164,175,0.0,0.0
2010-04-19 00:00:00-04:00,22.239999771118164,22.239999771118164,22.0,22.0,938,0.0,0.0
2010-04-20 00:00:00-04:00,22.0,22.239999771118164,22.0,22.0,588,0.0,0.0
2010-04-21 00:00:00-04:00,22.31999969482422,22.31999969482422,22.0,22.0,163,0.0,0.0
2010-04-22 00:00:00-04:00,22.0,22.0,22.0,22.0,63,0.0,0.0
2010-04-23 00:00:00-04:00,22.0,22.15999984741211,22.0,22.15999984741211,75,0.0,0.0
2010-04-26 00:00:00-04:00,22.0,22.31999969482422,22.0,22.0,488,0.0,0.0
2010-04-27 00:00:00-04:00,22.31999969482422,27.200000762939453,22.31999969482422,23.920000076293945,1375,0.0,0.0
2010-04-28 00:00:00-04:00,23.600000381469727,24.0,23.600000381469727,24.0,138,0.0,0.0
2010-04-29 00:00:00-04:00,24.0,24.0,22.479999542236328,24.0,525,0.0,0.0
2010-04-30 00:00:00-04:00,24.0,24.15999984741211,23.600000381469727,24.079999923706055,375,0.0,0.0
2010-05-03 00:00:00-04:00,24.31999969482422,24.639999389648438,24.0,24.639999389648438,350,0.0,0.0
2010-05-04 00:00:00-04:00,24.639999389648438,25.440000534057617,23.760000228881836,23.760000228881836,650,0.0,0.0
2010-05-05 00:00:00-04:00,23.84000015258789,24.31999969482422,22.559999465942383,23.68000030517578,363,0.0,0.0
2010-05-06 00:00:00-04:00,23.68000030517578,23.68000030517578,23.68000030517578,23.68000030517578,0,0.0,0.0
2010-05-07 00:00:00-04:00,23.600000381469727,23.600000381469727,22.0,23.600000381469727,638,0.0,0.0
2010-05-10 00:00:00-04:00,23.600000381469727,24.079999923706055,23.280000686645508,23.280000686645508,350,0.0,0.0
2010-05-11 00:00:00-04:00,23.280000686645508,23.280000686645508,23.280000686645508,23.280000686645508,0,0.0,0.0
2010-05-12 00:00:00-04:00,22.0,22.079999923706055,16.959999084472656,19.040000915527344,7325,0.0,0.0
2010-05-13 00:00:00-04:00,22.799999237060547,22.799999237060547,19.200000762939453,19.200000762939453,2025,0.0,0.0
2010-05-14 00:00:00-04:00,19.200000762939453,19.440000534057617,18.399999618530273,19.440000534057617,538,0.0,0.0
2010-05-17 00:00:00-04:00,19.68000030517578,19.68000030517578,19.68000030517578,19.68000030517578,25,0.0,0.0
2010-05-18 00:00:00-04:00,18.479999542236328,21.600000381469727,18.0,19.200000762939453,450,0.0,0.0
2010-05-19 00:00:00-04:00,18.239999771118164,18.559999465942383,18.0,18.559999465942383,175,0.0,0.0
2010-05-20 00:00:00-04:00,18.0,18.399999618530273,17.600000381469727,17.600000381469727,325,0.0,0.0
2010-05-21 00:00:00-04:00,17.600000381469727,18.15999984741211,16.799999237060547,16.799999237060547,1300,0.0,0.0
2010-05-24 00:00:00-04:00,16.719999313354492,16.8799991607666,16.719999313354492,16.799999237060547,738,0.0,0.0
2010-05-25 00:00:00-04:00,16.799999237060547,16.8799991607666,15.520000457763672,16.8799991607666,788,0.0,0.0
2010-05-26 00:00:00-04:00,16.799999237060547,16.8799991607666,16.399999618530273,16.399999618530273,1975,0.0,0.0
2010-05-27 00:00:00-04:00,16.799999237060547,16.8799991607666,16.799999237060547,16.8799991607666,788,0.0,0.0
2010-05-28 00:00:00-04:00,16.15999984741211,16.8799991607666,16.15999984741211,16.8799991607666,75,0.0,0.0
2010-06-01 00:00:00-04:00,16.8799991607666,16.8799991607666,16.8799991607666,16.8799991607666,0,0.0,0.0
2010-06-02 00:00:00-04:00,14.640000343322754,16.799999237060547,14.640000343322754,16.799999237060547,725,0.0,0.0
2010-06-03 00:00:00-04:00,16.0,16.8799991607666,14.640000343322754,16.8799991607666,1588,0.0,0.0
2010-06-04 00:00:00-04:00,16.8799991607666,16.8799991607666,16.8799991607666,16.8799991607666,0,0.0,0.0
2010-06-07 00:00:00-04:00,16.0,16.799999237060547,16.0,16.799999237060547,63,0.0,0.0
2010-06-08 00:00:00-04:00,16.399999618530273,16.799999237060547,16.399999618530273,16.799999237060547,263,0.0,0.0
2010-06-09 00:00:00-04:00,16.799999237060547,16.799999237060547,16.799999237060547,16.799999237060547,0,0.0,0.0
2010-06-10 00:00:00-04:00,16.079999923706055,16.559999465942383,16.079999923706055,16.559999465942383,188,0.0,0.0
2010-06-11 00:00:00-04:00,16.799999237060547,16.799999237060547,16.719999313354492,16.719999313354492,113,0.0,0.0
2010-06-14 00:00:00-04:00,16.079999923706055,16.399999618530273,16.079999923706055,16.399999618530273,663,0.0,0.0
2010-06-15 00:00:00-04:00,16.399999618530273,16.559999465942383,14.640000343322754,16.0,800,0.0,0.0
2010-06-16 00:00:00-04:00,16.799999237060547,16.799999237060547,15.359999656677246,16.639999389648438,425,0.0,0.0
2010-06-17 00:00:00-04:00,16.399999618530273,16.639999389648438,15.520000457763672,16.31999969482422,150,0.0,0.0
2010-06-18 00:00:00-04:00,16.559999465942383,16.559999465942383,16.0,16.0,75,0.0,0.0
2010-06-21 00:00:00-04:00,16.8799991607666,16.8799991607666,16.079999923706055,16.559999465942383,88,0.0,0.0
2010-06-22 00:00:00-04:00,16.8799991607666,16.8799991607666,16.799999237060547,16.799999237060547,50,0.0,0.0
2010-06-23 00:00:00-04:00,16.799999237060547,16.799999237060547,16.799999237060547,16.799999237060547,0,0.0,0.0
2010-06-24 00:00:00-04:00,16.639999389648438,16.8799991607666,16.079999923706055,16.799999237060547,138,0.0,0.0
2010-06-25 00:00:00-04:00,16.799999237060547,16.799999237060547,16.799999237060547,16.799999237060547,38,0.0,0.0
2010-06-28 00:00:00-04:00,16.719999313354492,17.760000228881836,16.479999542236328,17.040000915527344,1513,0.0,0.0
2010-06-29 00:00:00-04:00,16.079999923706055,16.719999313354492,15.279999732971191,16.719999313354492,125,0.0,0.0
2010-06-30 00:00:00-04:00,16.719999313354492,16.719999313354492,16.719999313354492,16.719999313354492,0,0.0,0.0
2010-07-01 00:00:00-04:00,16.8799991607666,16.8799991607666,15.279999732971191,16.479999542236328,250,0.0,0.0
2010-07-02 00:00:00-04:00,16.639999389648438,16.639999389648438,14.800000190734863,16.559999465942383,200,0.0,0.0
2010-07-06 00:00:00-04:00,14.880000114440918,16.0,14.800000190734863,16.0,138,0.0,0.0
2010-07-07 00:00:00-04:00,16.239999771118164,16.639999389648438,16.0,16.639999389648438,488,0.0,0.0
2010-07-08 00:00:00-04:00,16.639999389648438,16.8799991607666,14.800000190734863,16.719999313354492,350,0.0,0.0
2010-07-09 00:00:00-04:00,15.199999809265137,16.719999313354492,15.199999809265137,16.719999313354492,188,0.0,0.0
2010-07-12 00:00:00-04:00,15.4399995803833,16.399999618530273,15.359999656677246,16.399999618530273,138,0.0,0.0
2010-07-13 00:00:00-04:00,16.8799991607666,18.31999969482422,16.8799991607666,17.520000457763672,650,0.0,0.0
2010-07-14 00:00:00-04:00,18.0,18.0,18.0,18.0,100,0.0,0.0
2010-07-15 00:00:00-04:00,18.0,18.0,18.0,18.0,0,0.0,0.0
2010-07-16 00:00:00-04:00,18.0,18.079999923706055,18.0,18.079999923706055,325,0.0,0.0
2010-07-19 00:00:00-04:00,18.079999923706055,18.079999923706055,17.68000030517578,18.079999923706055,163,0.0,0.0
2010-07-20 00:00:00-04:00,18.079999923706055,18.079999923706055,18.079999923706055,18.079999923706055,0,0.0,0.0
2010-07-21 00:00:00-04:00,18.15999984741211,18.15999984741211,18.15999984741211,18.15999984741211,25,0.0,0.0
2010-07-22 00:00:00-04:00,18.239999771118164,18.239999771118164,18.239999771118164,18.239999771118164,25,0.0,0.0
2010-07-23 00:00:00-04:00,18.239999771118164,18.239999771118164,18.239999771118164,18.239999771118164,0,0.0,0.0
2010-07-26 00:00:00-04:00,16.799999237060547,18.239999771118164,16.799999237060547,18.0,213,0.0,0.0
2010-07-27 00:00:00-04:00,16.799999237060547,18.239999771118164,16.799999237060547,18.0,213,0.0,0.0
2010-07-28 00:00:00-04:00,18.0,18.0,18.0,18.0,38,0.0,0.0
2010-07-29 00:00:00-04:00,18.15999984741211,18.15999984741211,18.15999984741211,18.15999984741211,25,0.0,0.0
2010-07-30 00:00:00-04:00,18.15999984741211,18.15999984741211,18.15999984741211,18.15999984741211,838,0.0,0.0
2010-08-02 00:00:00-04:00,18.15999984741211,18.799999237060547,17.760000228881836,17.760000228881836,1175,0.0,0.0
2010-08-03 00:00:00-04:00,18.31999969482422,18.31999969482422,17.760000228881836,18.239999771118164,313,0.0,0.0
2010-08-04 00:00:00-04:00,16.639999389648438,16.639999389648438,16.639999389648438,16.639999389648438,25,0.0,0.0
2010-08-05 00:00:00-04:00,17.68000030517578,17.920000076293945,17.600000381469727,17.920000076293945,75,0.0,0.0
2010-08-06 00:00:00-04:00,17.920000076293945,18.31999969482422,17.200000762939453,18.31999969482422,288,0.0,0.0
2010-08-09 00:00:00-04:00,18.31999969482422,18.31999969482422,18.31999969482422,18.31999969482422,0,0.0,0.0
2010-08-10 00:00:00-04:00,18.239999771118164,18.239999771118164,16.8799991607666,18.15999984741211,75,0.0,0.0
2010-08-11 00:00:00-04:00,18.15999984741211,18.15999984741211,18.15999984741211,18.15999984741211,38,0.0,0.0
2010-08-12 00:00:00-04:00,18.239999771118164,18.31999969482422,18.079999923706055,18.31999969482422,225,0.0,0.0
2010-08-13 00:00:00-04:00,18.15999984741211,18.31999969482422,16.8799991607666,17.920000076293945,313,0.0,0.0
2010-08-16 00:00:00-04:00,17.920000076293945,18.0,16.8799991607666,18.0,250,0.0,0.0
2010-08-17 00:00:00-04:00,16.239999771118164,18.079999923706055,16.239999771118164,18.079999923706055,313,0.0,0.0
2010-08-18 00:00:00-04:00,17.920000076293945,18.15999984741211,17.84000015258789,17.920000076293945,475,0.0,0.0
2010-08-19 00:00:00-04:00,16.399999618530273,18.079999923706055,15.359999656677246,18.0,1688,0.0,0.0
2010-08-20 00:00:00-04:00,16.079999923706055,17.520000457763672,15.600000381469727,17.520000457763672,250,0.0,0.0
2010-08-23 00:00:00-04:00,16.719999313354492,17.600000381469727,16.719999313354492,17.600000381469727,375,0.0,0.0
2010-08-24 00:00:00-04:00,17.760000228881836,17.760000228881836,16.399999618530273,17.760000228881836,188,0.0,0.0
2010-08-25 00:00:00-04:00,16.479999542236328,17.760000228881836,16.479999542236328,17.760000228881836,75,0.0,0.0
2010-08-26 00:00:00-04:00,17.760000228881836,17.760000228881836,17.760000228881836,17.760000228881836,0,0.0,0.0
2010-08-27 00:00:00-04:00,17.760000228881836,17.760000228881836,16.079999923706055,16.079999923706055,188,0.0,0.0
2010-08-30 00:00:00-04:00,17.600000381469727,17.600000381469727,17.440000534057617,17.520000457763672,125,0.0,0.0
2010-08-31 00:00:00-04:00,17.600000381469727,17.600000381469727,16.959999084472656,16.959999084472656,50,0.0,0.0
2010-09-01 00:00:00-04:00,17.760000228881836,17.760000228881836,17.760000228881836,17.760000228881836,63,0.0,0.0
2010-09-02 00:00:00-04:00,16.31999969482422,17.600000381469727,15.600000381469727,17.600000381469727,725,0.0,0.0
2010-09-03 00:00:00-04:00,17.360000610351562,17.360000610351562,16.639999389648438,17.1200008392334,138,0.0,0.0
2010-09-07 00:00:00-04:00,16.799999237060547,16.799999237060547,16.799999237060547,16.799999237060547,38,0.0,0.0
2010-09-08 00:00:00-04:00,16.799999237060547,18.0,16.799999237060547,18.0,1500,0.0,0.0
2010-09-09 00:00:00-04:00,17.440000534057617,17.920000076293945,17.360000610351562,17.920000076293945,525,0.0,0.0
2010-09-10 00:00:00-04:00,17.920000076293945,17.920000076293945,17.920000076293945,17.920000076293945,0,0.0,0.0
2010-09-13 00:00:00-04:00,17.920000076293945,18.399999618530273,17.920000076293945,18.239999771118164,3338,0.0,0.0
2010-09-14 00:00:00-04:00,18.239999771118164,18.239999771118164,18.239999771118164,18.239999771118164,0,0.0,0.0
2010-09-15 00:00:00-04:00,18.0,18.0,18.0,18.0,50,0.0,0.0
2010-09-16 00:00:00-04:00,18.0,18.31999969482422,18.0,18.31999969482422,2263,0.0,0.0
2010-09-17 00:00:00-04:00,18.0,18.719999313354492,17.920000076293945,17.920000076293945,200,0.0,0.0
2010-09-20 00:00:00-04:00,18.079999923706055,18.719999313354492,18.079999923706055,18.399999618530273,825,0.0,0.0
2010-09-21 00:00:00-04:00,18.479999542236328,18.559999465942383,18.399999618530273,18.559999465942383,63,0.0,0.0
2010-09-22 00:00:00-04:00,18.079999923706055,18.559999465942383,18.0,18.399999618530273,538,0.0,0.0
2010-09-23 00:00:00-04:00,18.239999771118164,18.399999618530273,18.0,18.0,863,0.0,0.0
2010-09-24 00:00:00-04:00,18.0,18.559999465942383,18.0,18.559999465942383,963,0.0,0.0
2010-09-27 00:00:00-04:00,18.719999313354492,18.719999313354492,18.0,18.079999923706055,413,0.0,0.0
2010-09-28 00:00:00-04:00,18.399999618530273,18.399999618530273,18.399999618530273,18.399999618530273,250,0.0,0.0
2010-09-29 00:00:00-04:00,18.15999984741211,18.559999465942383,17.920000076293945,18.559999465942383,400,0.0,0.0
2010-09-30 00:00:00-04:00,18.31999969482422,18.719999313354492,18.31999969482422,18.559999465942383,100,0.0,0.0
2010-10-01 00:00:00-04:00,18.31999969482422,18.719999313354492,18.31999969482422,18.559999465942383,350,0.0,0.0
2010-10-04 00:00:00-04:00,18.15999984741211,18.559999465942383,18.15999984741211,18.559999465942383,175,0.0,0.0
2010-10-05 00:00:00-04:00,18.239999771118164,18.559999465942383,18.239999771118164,18.559999465942383,688,0.0,0.0
2010-10-06 00:00:00-04:00,18.559999465942383,18.559999465942383,18.559999465942383,18.559999465942383,50,0.0,0.0
2010-10-07 00:00:00-04:00,18.479999542236328,18.559999465942383,18.479999542236328,18.559999465942383,163,0.0,0.0
2010-10-08 00:00:00-04:00,18.559999465942383,18.559999465942383,18.559999465942383,18.559999465942383,0,0.0,0.0
2010-10-11 00:00:00-04:00,18.559999465942383,18.559999465942383,18.0,18.559999465942383,850,0.0,0.0
2010-10-12 00:00:00-04:00,18.0,18.479999542236328,18.0,18.479999542236328,238,0.0,0.0
2010-10-13 00:00:00-04:00,18.399999618530273,18.479999542236328,18.15999984741211,18.479999542236328,1113,0.0,0.0
2010-10-14 00:00:00-04:00,18.15999984741211,18.399999618530273,18.15999984741211,18.399999618530273,213,0.0,0.0
2010-10-15 00:00:00-04:00,18.399999618530273,18.399999618530273,18.399999618530273,18.399999618530273,0,0.0,0.0
2010-10-18 00:00:00-04:00,18.399999618530273,18.559999465942383,18.31999969482422,18.399999618530273,1313,0.0,0.0
2010-10-19 00:00:00-04:00,18.799999237060547,18.799999237060547,18.15999984741211,18.479999542236328,250,0.0,0.0
2010-10-20 00:00:00-04:00,18.479999542236328,18.479999542236328,18.479999542236328,18.479999542236328,0,0.0,0.0
2010-10-21 00:00:00-04:00,18.15999984741211,18.15999984741211,18.15999984741211,18.15999984741211,13,0.0,0.0
2010-10-22 00:00:00-04:00,18.15999984741211,18.399999618530273,18.0,18.399999618530273,63,0.0,0.0
2010-10-25 00:00:00-04:00,18.399999618530273,18.479999542236328,17.600000381469727,18.399999618530273,688,0.0,0.0
2010-10-26 00:00:00-04:00,18.399999618530273,18.399999618530273,16.8799991607666,18.0,913,0.0,0.0
2010-10-27 00:00:00-04:00,18.0,18.0,18.0,18.0,0,0.0,0.0
2010-10-28 00:00:00-04:00,18.079999923706055,18.479999542236328,18.079999923706055,18.399999618530273,250,0.0,0.0
2010-10-29 00:00:00-04:00,18.479999542236328,18.479999542236328,18.479999542236328,18.479999542236328,13,0.0,0.0
2010-11-01 00:00:00-04:00,17.920000076293945,18.479999542236328,17.920000076293945,18.479999542236328,25,0.0,0.0
2010-11-02 00:00:00-04:00,17.920000076293945,19.200000762939453,17.920000076293945,19.1200008392334,575,0.0,0.0
2010-11-03 00:00:00-04:00,18.399999618530273,19.1200008392334,18.239999771118164,19.040000915527344,338,0.0,0.0
2010-11-04 00:00:00-04:00,19.1200008392334,19.600000381469727,17.920000076293945,18.479999542236328,1900,0.0,0.0
2010-11-05 00:00:00-04:00,18.0,19.84000015258789,17.920000076293945,18.799999237060547,800,0.0,0.0
2010-11-08 00:00:00-05:00,18.639999389648438,18.639999389648438,18.239999771118164,18.31999969482422,325,0.0,0.0
2010-11-09 00:00:00-05:00,18.31999969482422,18.559999465942383,18.239999771118164,18.239999771118164,100,0.0,0.0
2010-11-10 00:00:00-05:00,18.559999465942383,19.920000076293945,18.559999465942383,19.920000076293945,875,0.0,0.0
2010-11-11 00:00:00-05:00,19.920000076293945,19.920000076293945,19.920000076293945,19.920000076293945,0,0.0,0.0
2010-11-12 00:00:00-05:00,19.920000076293945,19.920000076293945,19.920000076293945,19.920000076293945,0,0.0,0.0
2010-11-15 00:00:00-05:00,18.479999542236328,18.959999084472656,18.479999542236328,18.959999084472656,63,0.0,0.0
2010-11-16 00:00:00-05:00,18.639999389648438,18.959999084472656,18.399999618530273,18.959999084472656,213,0.0,0.0
2010-11-17 00:00:00-05:00,19.200000762939453,19.280000686645508,18.799999237060547,18.799999237060547,600,0.0,0.0
2010-11-18 00:00:00-05:00,18.8799991607666,19.600000381469727,18.719999313354492,18.719999313354492,750,0.0,0.0
2010-11-19 00:00:00-05:00,18.959999084472656,18.959999084472656,18.959999084472656,18.959999084472656,13,0.0,0.0
2010-11-22 00:00:00-05:00,18.959999084472656,18.959999084472656,18.959999084472656,18.959999084472656,0,0.0,0.0
2010-11-23 00:00:00-05:00,19.520000457763672,19.920000076293945,19.1200008392334,19.1200008392334,138,0.0,0.0
2010-11-24 00:00:00-05:00,19.1200008392334,19.1200008392334,19.1200008392334,19.1200008392334,0,0.0,0.0
2010-11-26 00:00:00-05:00,19.200000762939453,19.200000762939453,18.799999237060547,18.799999237060547,25,0.0,0.0
2010-11-29 00:00:00-05:00,18.799999237060547,18.799999237060547,18.799999237060547,18.799999237060547,0,0.0,0.0
2010-11-30 00:00:00-05:00,18.799999237060547,18.799999237060547,18.239999771118164,18.31999969482422,400,0.0,0.0
2010-12-01 00:00:00-05:00,19.200000762939453,19.200000762939453,19.200000762939453,19.200000762939453,25,0.0,0.0
2010-12-02 00:00:00-05:00,19.040000915527344,19.040000915527344,19.040000915527344,19.040000915527344,63,0.0,0.0
2010-12-03 00:00:00-05:00,17.760000228881836,19.200000762939453,17.760000228881836,18.0,400,0.0,0.0
2010-12-06 00:00:00-05:00,18.799999237060547,18.8799991607666,17.760000228881836,18.799999237060547,325,0.0,0.0
2010-12-07 00:00:00-05:00,17.760000228881836,18.8799991607666,17.760000228881836,18.479999542236328,75,0.0,0.0
2010-12-08 00:00:00-05:00,18.479999542236328,18.479999542236328,18.479999542236328,18.479999542236328,0,0.0,0.0
2010-12-09 00:00:00-05:00,18.8799991607666,18.8799991607666,18.479999542236328,18.559999465942383,125,0.0,0.0
2010-12-10 00:00:00-05:00,18.559999465942383,18.799999237060547,18.559999465942383,18.799999237060547,150,0.0,0.0
2010-12-13 00:00:00-05:00,18.399999618530273,18.799999237060547,18.399999618530273,18.799999237060547,125,0.0,0.0
2010-12-14 00:00:00-05:00,18.799999237060547,18.799999237060547,18.799999237060547,18.799999237060547,125,0.0,0.0
2010-12-15 00:00:00-05:00,18.399999618530273,18.799999237060547,18.399999618530273,18.799999237060547,150,0.0,0.0
2010-12-16 00:00:00-05:00,18.399999618530273,18.959999084472656,18.399999618530273,18.399999618530273,650,0.0,0.0
2010-12-17 00:00:00-05:00,17.68000030517578,18.399999618530273,17.68000030517578,18.399999618530273,713,0.0,0.0
2010-12-20 00:00:00-05:00,17.760000228881836,18.31999969482422,17.68000030517578,18.31999969482422,1025,0.0,0.0
2010-12-21 00:00:00-05:00,17.68000030517578,18.399999618530273,17.68000030517578,18.31999969482422,75,0.0,0.0
2010-12-22 00:00:00-05:00,18.31999969482422,18.31999969482422,18.31999969482422,18.31999969482422,0,0.0,0.0
2010-12-23 00:00:00-05:00,17.280000686645508,18.0,17.280000686645508,17.600000381469727,325,0.0,0.0
2010-12-27 00:00:00-05:00,17.360000610351562,18.0,17.360000610351562,17.760000228881836,188,0.0,0.0
2010-12-28 00:00:00-05:00,17.84000015258789,18.0,17.280000686645508,17.760000228881836,1413,0.0,0.0
2010-12-29 00:00:00-05:00,17.600000381469727,18.0,17.360000610351562,17.84000015258789,500,0.0,0.0
2010-12-30 00:00:00-05:00,17.360000610351562,17.84000015258789,17.360000610351562,17.84000015258789,388,0.0,0.0
2010-12-31 00:00:00-05:00,17.84000015258789,17.84000015258789,17.280000686645508,17.84000015258789,563,0.0,0.0
2011-01-03 00:00:00-05:00,17.84000015258789,17.84000015258789,17.84000015258789,17.84000015258789,0,0.0,0.0
2011-01-04 00:00:00-05:00,17.84000015258789,17.84000015258789,17.84000015258789,17.84000015258789,0,0.0,0.0
2011-01-05 00:00:00-05:00,17.280000686645508,17.84000015258789,17.280000686645508,17.280000686645508,400,0.0,0.0
2011-01-06 00:00:00-05:00,17.600000381469727,17.600000381469727,15.199999809265137,16.959999084472656,12138,0.0,0.0
2011-01-07 00:00:00-05:00,16.719999313354492,17.600000381469727,16.719999313354492,17.360000610351562,613,0.0,0.0
2011-01-10 00:00:00-05:00,17.600000381469727,17.600000381469727,17.600000381469727,17.600000381469727,63,0.0,0.0
2011-01-11 00:00:00-05:00,17.600000381469727,17.600000381469727,17.600000381469727,17.600000381469727,0,0.0,0.0
2011-01-12 00:00:00-05:00,15.520000457763672,17.760000228881836,15.520000457763672,17.600000381469727,400,0.0,0.0
2011-01-13 00:00:00-05:00,17.520000457763672,17.68000030517578,16.799999237060547,17.68000030517578,675,0.0,0.0
2011-01-14 00:00:00-05:00,17.600000381469727,17.600000381469727,17.520000457763672,17.520000457763672,263,0.0,0.0
2011-01-18 00:00:00-05:00,17.84000015258789,17.84000015258789,17.760000228881836,17.84000015258789,275,0.0,0.0
2011-01-19 00:00:00-05:00,17.84000015258789,18.0,17.84000015258789,18.0,450,0.0,0.0
2011-01-20 00:00:00-05:00,18.31999969482422,18.8799991607666,18.31999969482422,18.8799991607666,613,0.0,0.0
2011-01-21 00:00:00-05:00,17.920000076293945,18.8799991607666,17.920000076293945,18.799999237060547,288,0.0,0.0
2011-01-24 00:00:00-05:00,18.719999313354492,18.719999313354492,18.399999618530273,18.399999618530273,63,0.0,0.0
2011-01-25 00:00:00-05:00,18.799999237060547,18.799999237060547,18.799999237060547,18.799999237060547,300,0.0,0.0
2011-01-26 00:00:00-05:00,19.040000915527344,19.68000030517578,18.799999237060547,18.799999237060547,400,0.0,0.0
2011-01-27 00:00:00-05:00,18.399999618530273,19.200000762939453,18.399999618530273,19.200000762939453,688,0.0,0.0
2011-01-28 00:00:00-05:00,19.280000686645508,19.600000381469727,18.399999618530273,19.440000534057617,413,0.0,0.0
2011-01-31 00:00:00-05:00,19.440000534057617,20.0,19.440000534057617,20.0,1275,0.0,0.0
2011-02-01 00:00:00-05:00,19.920000076293945,20.0,19.600000381469727,19.600000381469727,175,0.0,0.0
2011-02-02 00:00:00-05:00,20.0,20.239999771118164,20.0,20.15999984741211,325,0.0,0.0
2011-02-03 00:00:00-05:00,21.280000686645508,22.079999923706055,18.399999618530273,20.0,1725,0.0,0.0
2011-02-04 00:00:00-05:00,18.479999542236328,20.719999313354492,17.600000381469727,20.079999923706055,513,0.0,0.0
2011-02-07 00:00:00-05:00,20.079999923706055,20.079999923706055,20.079999923706055,20.079999923706055,0,0.0,0.0
2011-02-08 00:00:00-05:00,20.079999923706055,20.399999618530273,20.079999923706055,20.399999618530273,50,0.0,0.0
2011-02-09 00:00:00-05:00,20.479999542236328,20.479999542236328,20.479999542236328,20.479999542236328,100,0.0,0.0
2011-02-10 00:00:00-05:00,20.559999465942383,20.719999313354492,20.15999984741211,20.719999313354492,113,0.0,0.0
2011-02-11 00:00:00-05:00,19.520000457763672,20.719999313354492,19.200000762939453,20.719999313354492,550,0.0,0.0
2011-02-14 00:00:00-05:00,20.719999313354492,20.719999313354492,19.200000762939453,20.719999313354492,338,0.0,0.0
2011-02-15 00:00:00-05:00,20.31999969482422,20.719999313354492,20.31999969482422,20.719999313354492,175,0.0,0.0
2011-02-16 00:00:00-05:00,20.639999389648438,20.719999313354492,19.280000686645508,20.639999389648438,1075,0.0,0.0
2011-02-17 00:00:00-05:00,20.559999465942383,20.719999313354492,19.68000030517578,20.719999313354492,663,0.0,0.0
2011-02-18 00:00:00-05:00,20.639999389648438,21.200000762939453,20.559999465942383,21.200000762939453,713,0.0,0.0
2011-02-22 00:00:00-05:00,21.200000762939453,21.200000762939453,19.280000686645508,20.479999542236328,525,0.0,0.0
2011-02-23 00:00:00-05:00,20.479999542236328,21.200000762939453,19.520000457763672,21.200000762939453,238,0.0,0.0
2011-02-24 00:00:00-05:00,20.239999771118164,20.8799991607666,19.600000381469727,19.600000381469727,538,0.0,0.0
2011-02-25 00:00:00-05:00,19.920000076293945,20.719999313354492,19.920000076293945,20.719999313354492,125,0.0,0.0
2011-02-28 00:00:00-05:00,21.200000762939453,21.200000762939453,20.719999313354492,21.200000762939453,763,0.0,0.0
2011-03-01 00:00:00-05:00,21.1200008392334,21.1200008392334,20.719999313354492,20.799999237060547,75,0.0,0.0
2011-03-02 00:00:00-05:00,21.040000915527344,21.040000915527344,20.719999313354492,20.959999084472656,88,0.0,0.0
2011-03-03 00:00:00-05:00,20.959999084472656,20.959999084472656,20.959999084472656,20.959999084472656,0,0.0,0.0
2011-03-04 00:00:00-05:00,20.719999313354492,21.200000762939453,20.719999313354492,21.200000762939453,50,0.0,0.0
2011-03-07 00:00:00-05:00,20.799999237060547,21.200000762939453,20.799999237060547,21.200000762939453,475,0.0,0.0
2011-03-08 00:00:00-05:00,21.1200008392334,21.600000381469727,21.1200008392334,21.600000381469727,2113,0.0,0.0
2011-03-09 00:00:00-05:00,21.600000381469727,22.079999923706055,21.600000381469727,22.0,988,0.0,0.0
2011-03-10 00:00:00-05:00,22.0,22.079999923706055,20.719999313354492,21.920000076293945,1363,0.0,0.0
2011-03-11 00:00:00-05:00,21.920000076293945,21.920000076293945,21.920000076293945,21.920000076293945,63,0.0,0.0
2011-03-14 00:00:00-04:00,21.920000076293945,21.920000076293945,21.600000381469727,21.600000381469727,175,0.0,0.0
2011-03-15 00:00:00-04:00,21.600000381469727,21.84000015258789,21.040000915527344,21.600000381469727,275,0.0,0.0
2011-03-16 00:00:00-04:00,21.520000457763672,21.920000076293945,21.520000457763672,21.920000076293945,188,0.0,0.0
2011-03-17 00:00:00-04:00,21.920000076293945,21.920000076293945,21.600000381469727,21.600000381469727,88,0.0,0.0
2011-03-18 00:00:00-04:00,21.600000381469727,21.600000381469727,21.600000381469727,21.600000381469727,0,0.0,0.0
2011-03-21 00:00:00-04:00,21.920000076293945,22.0,21.600000381469727,21.84000015258789,338,0.0,0.0
2011-03-22 00:00:00-04:00,20.8799991607666,22.0,20.8799991607666,22.0,663,0.0,0.0
2011-03-23 00:00:00-04:00,22.0,22.0,22.0,22.0,163,0.0,0.0
2011-03-24 00:00:00-04:00,21.600000381469727,21.600000381469727,21.600000381469727,21.600000381469727,288,0.0,0.0
2011-03-25 00:00:00-04:00,21.040000915527344,22.0,20.959999084472656,22.0,800,0.0,0.0
2011-03-28 00:00:00-04:00,21.440000534057617,22.0,20.8799991607666,22.0,1100,0.0,0.0
2011-03-29 00:00:00-04:00,22.0,22.0,20.959999084472656,21.600000381469727,1200,0.0,0.0
2011-03-30 00:00:00-04:00,21.040000915527344,21.520000457763672,21.040000915527344,21.520000457763672,175,0.0,0.0
2011-03-31 00:00:00-04:00,21.040000915527344,21.920000076293945,20.8799991607666,21.84000015258789,1138,0.0,0.0
2011-04-01 00:00:00-04:00,21.760000228881836,22.639999389648438,21.760000228881836,22.31999969482422,1250,0.0,0.0
2011-04-04 00:00:00-04:00,21.600000381469727,22.639999389648438,21.360000610351562,22.31999969482422,1938,0.0,0.0
2011-04-05 00:00:00-04:00,22.31999969482422,22.719999313354492,21.440000534057617,22.719999313354492,975,0.0,0.0
2011-04-06 00:00:00-04:00,22.639999389648438,23.1200008392334,21.600000381469727,23.1200008392334,2175,0.0,0.0
2011-04-07 00:00:00-04:00,23.280000686645508,23.68000030517578,23.280000686645508,23.68000030517578,675,0.0,0.0
2011-04-08 00:00:00-04:00,23.84000015258789,25.360000610351562,22.31999969482422,24.719999313354492,1975,0.0,0.0
2011-04-11 00:00:00-04:00,24.799999237060547,24.799999237060547,24.239999771118164,24.639999389648438,600,0.0,0.0
2011-04-12 00:00:00-04:00,24.719999313354492,24.8799991607666,24.639999389648438,24.8799991607666,800,0.0,0.0
2011-04-13 00:00:00-04:00,25.280000686645508,25.280000686645508,24.799999237060547,25.200000762939453,550,0.0,0.0
2011-04-14 00:00:00-04:00,25.1200008392334,25.200000762939453,24.079999923706055,25.200000762939453,250,0.0,0.0
2011-04-15 00:00:00-04:00,25.200000762939453,25.200000762939453,24.719999313354492,25.200000762939453,350,0.0,0.0
2011-04-18 00:00:00-04:00,25.200000762939453,25.200000762939453,25.200000762939453,25.200000762939453,0,0.0,0.0
2011-04-19 00:00:00-04:00,24.079999923706055,25.200000762939453,24.0,25.200000762939453,263,0.0,0.0
2011-04-20 00:00:00-04:00,24.079999923706055,25.1200008392334,24.079999923706055,25.1200008392334,350,0.0,0.0
2011-04-21 00:00:00-04:00,24.399999618530273,25.200000762939453,24.399999618530273,25.200000762939453,250,0.0,0.0
2011-04-25 00:00:00-04:00,24.959999084472656,25.200000762939453,24.31999969482422,25.200000762939453,275,0.0,0.0
2011-04-26 00:00:00-04:00,24.959999084472656,25.280000686645508,24.0,25.280000686645508,938,0.0,0.0
2011-04-27 00:00:00-04:00,25.280000686645508,25.280000686645508,25.280000686645508,25.280000686645508,0,0.0,0.0
2011-04-28 00:00:00-04:00,25.280000686645508,25.520000457763672,24.719999313354492,25.280000686645508,538,0.0,0.0
2011-04-29 00:00:00-04:00,25.040000915527344,25.280000686645508,25.040000915527344,25.200000762939453,350,0.0,0.0
2011-05-02 00:00:00-04:00,25.200000762939453,25.200000762939453,25.200000762939453,25.200000762939453,0,0.0,0.0
2011-05-03 00:00:00-04:00,25.200000762939453,25.200000762939453,25.200000762939453,25.200000762939453,88,0.0,0.0
2011-05-04 00:00:00-04:00,25.1200008392334,25.200000762939453,25.1200008392334,25.200000762939453,88,0.0,0.0
2011-05-05 00:00:00-04:00,25.280000686645508,25.280000686645508,25.280000686645508,25.280000686645508,13,0.0,0.0
2011-05-06 00:00:00-04:00,24.079999923706055,26.0,24.079999923706055,24.959999084472656,2000,0.0,0.0
2011-05-09 00:00:00-04:00,24.959999084472656,25.920000076293945,24.959999084472656,25.040000915527344,525,0.0,0.0
2011-05-10 00:00:00-04:00,25.200000762939453,25.84000015258789,25.200000762939453,25.84000015258789,138,0.0,0.0
2011-05-11 00:00:00-04:00,24.959999084472656,25.920000076293945,24.959999084472656,25.84000015258789,475,0.0,0.0
2011-05-12 00:00:00-04:00,25.84000015258789,25.84000015258789,25.84000015258789,25.84000015258789,0,0.0,0.0
2011-05-13 00:00:00-04:00,25.84000015258789,25.84000015258789,23.520000457763672,25.200000762939453,2113,0.0,0.0
2011-05-16 00:00:00-04:00,23.84000015258789,24.799999237060547,22.799999237060547,24.0,3000,0.0,0.0
2011-05-17 00:00:00-04:00,20.959999084472656,25.1200008392334,20.079999923706055,25.1200008392334,1288,0.0,0.0
2011-05-18 00:00:00-04:00,24.15999984741211,25.200000762939453,24.0,25.1200008392334,975,0.0,0.0
2011-05-19 00:00:00-04:00,24.239999771118164,25.200000762939453,24.079999923706055,25.040000915527344,1088,0.0,0.0
2011-05-20 00:00:00-04:00,22.079999923706055,25.040000915527344,22.079999923706055,24.31999969482422,1638,0.0,0.0
2011-05-23 00:00:00-04:00,24.31999969482422,24.799999237060547,22.799999237060547,23.200000762939453,388,0.0,0.0
2011-05-24 00:00:00-04:00,24.399999618530273,24.479999542236328,22.8799991607666,24.079999923706055,650,0.0,0.0
2011-05-25 00:00:00-04:00,23.920000076293945,24.959999084472656,22.479999542236328,24.799999237060547,975,0.0,0.0
2011-05-26 00:00:00-04:00,24.399999618530273,24.799999237060547,22.8799991607666,24.399999618530273,538,0.0,0.0
2011-05-27 00:00:00-04:00,24.639999389648438,25.280000686645508,24.31999969482422,25.280000686645508,1775,0.0,0.0
2011-05-31 00:00:00-04:00,25.360000610351562,27.600000381469727,24.0,26.0,1938,0.0,0.0
2011-06-01 00:00:00-04:00,25.68000030517578,26.15999984741211,25.600000381469727,26.15999984741211,713,0.0,0.0
2011-06-02 00:00:00-04:00,26.0,26.799999237060547,26.0,26.799999237060547,625,0.0,0.0
2011-06-03 00:00:00-04:00,26.799999237060547,26.799999237060547,25.600000381469727,26.559999465942383,1013,0.0,0.0
2011-06-06 00:00:00-04:00,26.079999923706055,26.639999389648438,25.440000534057617,26.399999618530273,300,0.0,0.0
2011-06-07 00:00:00-04:00,25.84000015258789,26.559999465942383,25.600000381469727,25.600000381469727,2263,0.0,0.0
2011-06-08 00:00:00-04:00,25.68000030517578,26.079999923706055,24.0,24.079999923706055,813,0.0,0.0
2011-06-09 00:00:00-04:00,25.280000686645508,26.079999923706055,25.1200008392334,25.1200008392334,463,0.0,0.0
2011-06-10 00:00:00-04:00,25.200000762939453,26.0,24.399999618530273,26.0,625,0.0,0.0
2011-06-13 00:00:00-04:00,25.920000076293945,26.399999618530273,24.079999923706055,25.280000686645508,988,0.0,0.0
2011-06-14 00:00:00-04:00,25.440000534057617,26.559999465942383,25.1200008392334,26.479999542236328,488,0.0,0.0
2011-06-15 00:00:00-04:00,26.399999618530273,26.559999465942383,25.440000534057617,26.0,913,0.0,0.0
2011-06-16 00:00:00-04:00,26.0,26.559999465942383,26.0,26.15999984741211,238,0.0,0.0
2011-06-17 00:00:00-04:00,26.399999618530273,27.200000762939453,26.31999969482422,27.200000762939453,288,0.0,0.0
2011-06-20 00:00:00-04:00,27.200000762939453,27.600000381469727,27.040000915527344,27.200000762939453,238,0.0,0.0
2011-06-21 00:00:00-04:00,27.200000762939453,27.200000762939453,26.15999984741211,27.200000762939453,475,0.0,0.0
2011-06-22 00:00:00-04:00,26.799999237060547,27.600000381469727,26.799999237060547,27.600000381469727,263,0.0,0.0
2011-06-23 00:00:00-04:00,27.040000915527344,27.600000381469727,26.0,27.440000534057617,575,0.0,0.0
2011-06-24 00:00:00-04:00,26.079999923706055,27.440000534057617,26.0,27.440000534057617,250,0.0,0.0
2011-06-27 00:00:00-04:00,27.360000610351562,27.440000534057617,27.360000610351562,27.360000610351562,150,0.0,0.0
2011-06-28 00:00:00-04:00,26.8799991607666,27.520000457763672,26.8799991607666,27.520000457763672,275,0.0,0.0
2011-06-29 00:00:00-04:00,26.079999923706055,27.68000030517578,24.8799991607666,27.68000030517578,963,0.0,0.0
2011-06-30 00:00:00-04:00,27.600000381469727,27.760000228881836,26.15999984741211,27.760000228881836,1063,0.0,0.0
2011-07-01 00:00:00-04:00,27.760000228881836,27.760000228881836,27.760000228881836,27.760000228881836,25,0.0,0.0
2011-07-05 00:00:00-04:00,27.760000228881836,27.760000228881836,27.760000228881836,27.760000228881836,75,0.0,0.0
2011-07-06 00:00:00-04:00,26.479999542236328,27.84000015258789,26.079999923706055,27.84000015258789,1163,0.0,0.0
2011-07-07 00:00:00-04:00,27.84000015258789,27.84000015258789,27.200000762939453,27.760000228881836,138,0.0,0.0
2011-07-08 00:00:00-04:00,27.760000228881836,27.920000076293945,27.760000228881836,27.920000076293945,263,0.0,0.0
2011-07-11 00:00:00-04:00,27.68000030517578,27.920000076293945,27.280000686645508,27.920000076293945,400,0.0,0.0
2011-07-12 00:00:00-04:00,27.600000381469727,28.0,27.280000686645508,27.920000076293945,900,0.0,0.0
2011-07-13 00:00:00-04:00,28.079999923706055,28.079999923706055,27.520000457763672,27.920000076293945,788,0.0,0.0
2011-07-14 00:00:00-04:00,27.920000076293945,27.920000076293945,27.920000076293945,27.920000076293945,25,0.0,0.0
2011-07-15 00:00:00-04:00,28.15999984741211,28.399999618530273,27.760000228881836,28.399999618530273,1675,0.0,0.0
2011-07-18 00:00:00-04:00,28.399999618530273,30.0,28.399999618530273,29.440000534057617,3288,0.0,0.0
2011-07-19 00:00:00-04:00,29.760000228881836,30.239999771118164,29.440000534057617,30.079999923706055,1650,0.0,0.0
2011-07-20 00:00:00-04:00,30.0,30.31999969482422,30.0,30.31999969482422,550,0.0,0.0
2011-07-21 00:00:00-04:00,30.31999969482422,30.31999969482422,29.600000381469727,29.920000076293945,438,0.0,0.0
2011-07-22 00:00:00-04:00,29.68000030517578,30.15999984741211,29.440000534057617,29.520000457763672,1325,0.0,0.0
2011-07-25 00:00:00-04:00,27.84000015258789,28.799999237060547,27.520000457763672,28.639999389648438,1063,0.0,0.0
2011-07-26 00:00:00-04:00,28.31999969482422,29.440000534057617,27.68000030517578,29.440000534057617,788,0.0,0.0
2011-07-27 00:00:00-04:00,28.799999237060547,29.440000534057617,28.239999771118164,29.440000534057617,200,0.0,0.0
2011-07-28 00:00:00-04:00,29.200000762939453,29.360000610351562,24.639999389648438,28.15999984741211,1913,0.0,0.0
2011-07-29 00:00:00-04:00,27.920000076293945,29.040000915527344,27.920000076293945,28.479999542236328,113,0.0,0.0
2011-08-01 00:00:00-04:00,28.719999313354492,29.200000762939453,27.600000381469727,28.079999923706055,850,0.0,0.0
2011-08-02 00:00:00-04:00,28.0,29.040000915527344,27.600000381469727,28.8799991607666,625,0.0,0.0
2011-08-03 00:00:00-04:00,28.799999237060547,29.040000915527344,27.600000381469727,28.079999923706055,738,0.0,0.0
2011-08-04 00:00:00-04:00,27.84000015258789,28.719999313354492,26.0,28.399999618530273,2013,0.0,0.0
2011-08-05 00:00:00-04:00,28.799999237060547,28.799999237060547,25.84000015258789,28.479999542236328,1200,0.0,0.0
2011-08-08 00:00:00-04:00,25.920000076293945,28.559999465942383,22.719999313354492,26.31999969482422,3513,0.0,0.0
2011-08-09 00:00:00-04:00,26.399999618530273,27.200000762939453,24.079999923706055,27.1200008392334,1338,0.0,0.0
2011-08-10 00:00:00-04:00,25.760000228881836,28.799999237060547,25.440000534057617,28.0,1663,0.0,0.0
2011-08-11 00:00:00-04:00,27.520000457763672,28.239999771118164,26.8799991607666,28.239999771118164,463,0.0,0.0
2011-08-12 00:00:00-04:00,28.239999771118164,28.239999771118164,27.760000228881836,28.239999771118164,63,0.0,0.0
2011-08-15 00:00:00-04:00,27.440000534057617,28.31999969482422,26.8799991607666,28.31999969482422,375,0.0,0.0
2011-08-16 00:00:00-04:00,28.0,28.31999969482422,27.360000610351562,28.31999969482422,100,0.0,0.0
2011-08-17 00:00:00-04:00,28.15999984741211,28.31999969482422,26.959999084472656,28.31999969482422,100,0.0,0.0
2011-08-18 00:00:00-04:00,28.0,28.399999618530273,28.0,28.399999618530273,113,0.0,0.0
2011-08-19 00:00:00-04:00,28.15999984741211,28.399999618530273,25.040000915527344,28.399999618530273,713,0.0,0.0
2011-08-22 00:00:00-04:00,28.559999465942383,28.559999465942383,25.84000015258789,28.0,788,0.0,0.0
2011-08-23 00:00:00-04:00,28.239999771118164,28.559999465942383,28.0,28.15999984741211,275,0.0,0.0
2011-08-24 00:00:00-04:00,28.31999969482422,28.959999084472656,27.920000076293945,28.959999084472656,863,0.0,0.0
2011-08-25 00:00:00-04:00,28.079999923706055,28.959999084472656,27.84000015258789,28.959999084472656,538,0.0,0.0
2011-08-26 00:00:00-04:00,28.799999237060547,29.040000915527344,27.84000015258789,28.399999618530273,1025,0.0,0.0
2011-08-29 00:00:00-04:00,28.079999923706055,28.8799991607666,27.280000686645508,28.719999313354492,475,0.0,0.0
2011-08-30 00:00:00-04:00,28.0,28.959999084472656,27.360000610351562,28.8799991607666,838,0.0,0.0
2011-08-31 00:00:00-04:00,28.639999389648438,29.200000762939453,28.239999771118164,29.200000762939453,788,0.0,0.0
2011-09-01 00:00:00-04:00,29.1200008392334,29.360000610351562,28.959999084472656,29.280000686645508,1638,0.0,0.0
2011-09-02 00:00:00-04:00,29.040000915527344,29.200000762939453,28.399999618530273,29.200000762939453,238,0.0,0.0
2011-09-06 00:00:00-04:00,28.31999969482422,29.200000762939453,28.079999923706055,29.040000915527344,225,0.0,0.0
2011-09-07 00:00:00-04:00,29.280000686645508,29.280000686645508,28.15999984741211,29.200000762939453,338,0.0,0.0
2011-09-08 00:00:00-04:00,29.200000762939453,29.200000762939453,29.200000762939453,29.200000762939453,0,0.0,0.0
2011-09-09 00:00:00-04:00,28.079999923706055,29.040000915527344,26.0,29.040000915527344,1088,0.0,0.0
2011-09-12 00:00:00-04:00,28.799999237060547,29.040000915527344,27.440000534057617,28.959999084472656,500,0.0,0.0
2011-09-13 00:00:00-04:00,28.959999084472656,28.959999084472656,27.280000686645508,28.719999313354492,238,0.0,0.0
2011-09-14 00:00:00-04:00,27.68000030517578,28.799999237060547,27.600000381469727,28.799999237060547,350,0.0,0.0
2011-09-15 00:00:00-04:00,28.799999237060547,28.799999237060547,28.799999237060547,28.799999237060547,0,0.0,0.0
2011-09-16 00:00:00-04:00,25.68000030517578,28.799999237060547,25.68000030517578,28.799999237060547,125,0.0,0.0
2011-09-19 00:00:00-04:00,28.31999969482422,28.799999237060547,28.31999969482422,28.799999237060547,263,0.0,0.0
2011-09-20 00:00:00-04:00,28.639999389648438,28.799999237060547,28.0,28.079999923706055,413,0.0,0.0
2011-09-21 00:00:00-04:00,28.0,29.200000762939453,28.0,29.200000762939453,738,0.0,0.0
2011-09-22 00:00:00-04:00,28.639999389648438,29.360000610351562,27.920000076293945,29.360000610351562,388,0.0,0.0
2011-09-23 00:00:00-04:00,29.1200008392334,29.1200008392334,27.280000686645508,28.639999389648438,750,0.0,0.0
2011-09-26 00:00:00-04:00,28.639999389648438,29.200000762939453,28.639999389648438,29.200000762939453,400,0.0,0.0
2011-09-27 00:00:00-04:00,29.280000686645508,29.360000610351562,27.68000030517578,28.15999984741211,450,0.0,0.0
2011-09-28 00:00:00-04:00,28.959999084472656,29.200000762939453,27.600000381469727,28.799999237060547,588,0.0,0.0
2011-09-29 00:00:00-04:00,29.200000762939453,29.280000686645508,28.8799991607666,29.280000686645508,100,0.0,0.0
2011-09-30 00:00:00-04:00,29.280000686645508,29.600000381469727,28.0,29.600000381469727,525,0.0,0.0
2011-10-03 00:00:00-04:00,29.600000381469727,30.0,27.280000686645508,29.360000610351562,1600,0.0,0.0
2011-10-04 00:00:00-04:00,29.360000610351562,29.360000610351562,29.040000915527344,29.040000915527344,163,0.0,0.0
2011-10-05 00:00:00-04:00,30.31999969482422,30.31999969482422,29.920000076293945,30.15999984741211,388,0.0,0.0
2011-10-06 00:00:00-04:00,30.239999771118164,30.239999771118164,28.399999618530273,30.0,325,0.0,0.0
2011-10-07 00:00:00-04:00,30.0,30.079999923706055,29.360000610351562,30.079999923706055,263,0.0,0.0
2011-10-10 00:00:00-04:00,30.0,30.239999771118164,30.0,30.239999771118164,138,0.0,0.0
2011-10-11 00:00:00-04:00,30.239999771118164,30.239999771118164,27.440000534057617,29.84000015258789,1325,0.0,0.0
2011-10-12 00:00:00-04:00,30.079999923706055,30.31999969482422,29.84000015258789,30.239999771118164,413,0.0,0.0
2011-10-13 00:00:00-04:00,30.239999771118164,30.239999771118164,30.0,30.239999771118164,75,0.0,0.0
2011-10-14 00:00:00-04:00,30.239999771118164,30.239999771118164,30.239999771118164,30.239999771118164,0,0.0,0.0
2011-10-17 00:00:00-04:00,30.239999771118164,30.31999969482422,27.760000228881836,30.0,825,0.0,0.0
2011-10-18 00:00:00-04:00,30.079999923706055,30.399999618530273,28.079999923706055,30.31999969482422,613,0.0,0.0
2011-10-19 00:00:00-04:00,30.639999389648438,30.639999389648438,29.600000381469727,30.0,3075,0.0,0.0
2011-10-20 00:00:00-04:00,30.0,30.0,29.600000381469727,30.0,738,0.0,0.0
2011-10-21 00:00:00-04:00,30.0,30.0,30.0,30.0,75,0.0,0.0
2011-10-24 00:00:00-04:00,29.600000381469727,30.0,29.600000381469727,29.600000381469727,450,0.0,0.0
2011-10-25 00:00:00-04:00,30.0,30.0,29.600000381469727,30.0,650,0.0,0.0
2011-10-26 00:00:00-04:00,30.0,30.399999618530273,29.600000381469727,30.399999618530273,1213,0.0,0.0
2011-10-27 00:00:00-04:00,30.399999618530273,30.719999313354492,28.399999618530273,30.639999389648438,1150,0.0,0.0
2011-10-28 00:00:00-04:00,29.1200008392334,30.639999389648438,29.1200008392334,30.399999618530273,3063,0.0,0.0
2011-10-31 00:00:00-04:00,29.760000228881836,30.399999618530273,29.760000228881836,30.399999618530273,150,0.0,0.0
2011-11-01 00:00:00-04:00,30.799999237060547,30.799999237060547,30.15999984741211,30.15999984741211,163,0.0,0.0
2011-11-02 00:00:00-04:00,30.399999618530273,30.399999618530273,30.079999923706055,30.079999923706055,38,0.0,0.0
2011-11-03 00:00:00-04:00,30.399999618530273,30.8799991607666,30.0,30.799999237060547,813,0.0,0.0
2011-11-04 00:00:00-04:00,30.8799991607666,30.959999084472656,30.479999542236328,30.8799991607666,238,0.0,0.0
2011-11-07 00:00:00-05:00,30.8799991607666,30.8799991607666,30.399999618530273,30.8799991607666,275,0.0,0.0
2011-11-08 00:00:00-05:00,30.959999084472656,31.040000915527344,30.799999237060547,30.8799991607666,438,0.0,0.0
2011-11-09 00:00:00-05:00,29.600000381469727,31.360000610351562,28.399999618530273,31.360000610351562,2188,0.0,0.0
2011-11-10 00:00:00-05:00,31.440000534057617,31.440000534057617,30.31999969482422,31.440000534057617,513,0.0,0.0
2011-11-11 00:00:00-05:00,31.440000534057617,31.760000228881836,29.68000030517578,31.68000030517578,3888,0.0,0.0
2011-11-14 00:00:00-05:00,31.600000381469727,31.760000228881836,30.8799991607666,31.760000228881836,675,0.0,0.0
2011-11-15 00:00:00-05:00,31.760000228881836,31.760000228881836,31.760000228881836,31.760000228881836,0,0.0,0.0
2011-11-16 00:00:00-05:00,31.360000610351562,31.68000030517578,30.239999771118164,31.68000030517578,2363,0.0,0.0
2011-11-17 00:00:00-05:00,31.68000030517578,31.68000030517578,31.68000030517578,31.68000030517578,0,0.0,0.0
2011-11-18 00:00:00-05:00,30.639999389648438,31.84000015258789,30.559999465942383,31.84000015258789,913,0.0,0.0
2011-11-21 00:00:00-05:00,32.0,32.08000183105469,30.799999237060547,32.08000183105469,3438,0.0,0.0
2011-11-22 00:00:00-05:00,32.15999984741211,32.79999923706055,32.0,32.79999923706055,3125,0.0,0.0
2011-11-23 00:00:00-05:00,32.880001068115234,32.959999084472656,31.920000076293945,32.63999938964844,1213,0.0,0.0
2011-11-25 00:00:00-05:00,32.720001220703125,32.880001068115234,31.200000762939453,31.200000762939453,300,0.0,0.0
2011-11-28 00:00:00-05:00,31.200000762939453,33.040000915527344,31.200000762939453,33.040000915527344,2488,0.0,0.0
2011-11-29 00:00:00-05:00,32.400001525878906,33.040000915527344,30.799999237060547,32.959999084472656,1663,0.0,0.0
2011-11-30 00:00:00-05:00,32.880001068115234,33.20000076293945,29.760000228881836,33.20000076293945,1400,0.0,0.0
2011-12-01 00:00:00-05:00,31.760000228881836,33.91999816894531,31.68000030517578,33.7599983215332,5325,0.0,0.0
2011-12-02 00:00:00-05:00,33.84000015258789,33.84000015258789,33.20000076293945,33.84000015258789,2350,0.0,0.0
2011-12-05 00:00:00-05:00,33.91999816894531,35.20000076293945,33.52000045776367,34.0,1425,0.0,0.0
2011-12-06 00:00:00-05:00,34.560001373291016,36.15999984741211,34.560001373291016,36.08000183105469,2363,0.0,0.0
2011-12-07 00:00:00-05:00,34.959999084472656,36.2400016784668,34.959999084472656,36.2400016784668,1563,0.0,0.0
2011-12-08 00:00:00-05:00,36.15999984741211,36.31999969482422,33.36000061035156,36.31999969482422,2100,0.0,0.0
2011-12-09 00:00:00-05:00,36.31999969482422,36.400001525878906,34.79999923706055,36.400001525878906,1963,0.0,0.0
2011-12-12 00:00:00-05:00,36.47999954223633,36.47999954223633,36.0,36.400001525878906,825,0.0,0.0
2011-12-13 00:00:00-05:00,36.31999969482422,36.47999954223633,34.560001373291016,36.400001525878906,2925,0.0,0.0
2011-12-14 00:00:00-05:00,36.15999984741211,36.47999954223633,34.400001525878906,35.91999816894531,3125,0.0,0.0
2011-12-15 00:00:00-05:00,36.31999969482422,36.31999969482422,34.31999969482422,35.52000045776367,1488,0.0,0.0
2011-12-16 00:00:00-05:00,34.0,36.0,34.0,35.52000045776367,3500,0.0,0.0
2011-12-19 00:00:00-05:00,34.560001373291016,36.0,34.560001373291016,35.84000015258789,3163,0.0,0.0
2011-12-20 00:00:00-05:00,36.400001525878906,36.400001525878906,35.20000076293945,36.2400016784668,1700,0.0,0.0
2011-12-21 00:00:00-05:00,36.15999984741211,36.63999938964844,34.560001373291016,36.2400016784668,2850,0.0,0.0
2011-12-22 00:00:00-05:00,35.7599983215332,36.400001525878906,35.439998626708984,36.400001525878906,650,0.0,0.0
2011-12-23 00:00:00-05:00,36.560001373291016,36.63999938964844,35.20000076293945,36.400001525878906,2938,0.0,0.0
2011-12-27 00:00:00-05:00,36.720001220703125,36.79999923706055,35.279998779296875,36.79999923706055,4163,0.0,0.0
2011-12-28 00:00:00-05:00,35.7599983215332,37.20000076293945,35.7599983215332,37.119998931884766,4050,0.0,0.0
2011-12-29 00:00:00-05:00,37.20000076293945,42.720001220703125,35.84000015258789,41.20000076293945,9238,0.0,0.0
2011-12-30 00:00:00-05:00,40.0,41.279998779296875,38.79999923706055,40.63999938964844,6425,0.0,0.0
2012-01-03 00:00:00-05:00,41.36000061035156,41.52000045776367,39.7599983215332,41.52000045776367,2763,0.0,0.0
2012-01-04 00:00:00-05:00,41.52000045776367,41.52000045776367,40.08000183105469,41.119998931884766,1125,0.0,0.0
2012-01-05 00:00:00-05:00,41.279998779296875,41.599998474121094,40.400001525878906,41.20000076293945,1225,0.0,0.0
2012-01-06 00:00:00-05:00,41.439998626708984,41.599998474121094,39.36000061035156,40.31999969482422,4638,0.0,0.0
2012-01-09 00:00:00-05:00,40.0,41.279998779296875,39.599998474121094,40.959999084472656,1638,0.0,0.0
2012-01-10 00:00:00-05:00,41.279998779296875,41.439998626708984,39.36000061035156,40.720001220703125,2250,0.0,0.0
2012-01-11 00:00:00-05:00,41.040000915527344,41.20000076293945,39.599998474121094,41.20000076293945,263,0.0,0.0
2012-01-12 00:00:00-05:00,41.279998779296875,41.84000015258789,40.15999984741211,41.68000030517578,1675,0.0,0.0
2012-01-13 00:00:00-05:00,41.91999816894531,42.720001220703125,41.7599983215332,42.720001220703125,3988,0.0,0.0
2012-01-17 00:00:00-05:00,43.119998931884766,46.0,42.0,44.08000183105469,2325,0.0,0.0
2012-01-18 00:00:00-05:00,44.2400016784668,45.36000061035156,44.0,45.36000061035156,2550,0.0,0.0
2012-01-19 00:00:00-05:00,45.52000045776367,45.599998474121094,44.400001525878906,45.20000076293945,2413,0.0,0.0
2012-01-20 00:00:00-05:00,44.560001373291016,45.68000030517578,44.0,45.599998474121094,2213,0.0,0.0
2012-01-23 00:00:00-05:00,45.119998931884766,45.7599983215332,44.08000183105469,45.20000076293945,3625,0.0,0.0
2012-01-24 00:00:00-05:00,45.7599983215332,45.7599983215332,44.560001373291016,45.279998779296875,575,0.0,0.0
2012-01-25 00:00:00-05:00,42.79999923706055,45.20000076293945,42.08000183105469,44.79999923706055,3738,0.0,0.0
2012-01-26 00:00:00-05:00,44.2400016784668,45.040000915527344,42.47999954223633,44.47999954223633,425,0.0,0.0
2012-01-27 00:00:00-05:00,43.599998474121094,44.79999923706055,40.47999954223633,40.79999923706055,5313,0.0,0.0
2012-01-30 00:00:00-05:00,41.040000915527344,41.040000915527344,35.68000030517578,37.7599983215332,10138,0.0,0.0
2012-01-31 00:00:00-05:00,35.7599983215332,36.63999938964844,34.47999954223633,35.36000061035156,4663,0.0,0.0
2012-02-01 00:00:00-05:00,34.2400016784668,36.0,33.52000045776367,35.599998474121094,5725,0.0,0.0
2012-02-02 00:00:00-05:00,33.52000045776367,35.599998474121094,32.959999084472656,34.79999923706055,6175,0.0,0.0
2012-02-03 00:00:00-05:00,34.47999954223633,35.84000015258789,33.599998474121094,35.68000030517578,1625,0.0,0.0
2012-02-06 00:00:00-05:00,34.880001068115234,35.68000030517578,34.0,35.20000076293945,2163,0.0,0.0
2012-02-07 00:00:00-05:00,34.880001068115234,36.880001068115234,34.79999923706055,36.79999923706055,938,0.0,0.0
2012-02-08 00:00:00-05:00,37.68000030517578,37.7599983215332,36.79999923706055,37.20000076293945,288,0.0,0.0
2012-02-09 00:00:00-05:00,37.68000030517578,38.0,36.79999923706055,38.0,713,0.0,0.0
2012-02-10 00:00:00-05:00,37.599998474121094,38.2400016784668,36.0,38.0,850,0.0,0.0
2012-02-13 00:00:00-05:00,38.31999969482422,38.31999969482422,36.79999923706055,37.68000030517578,650,0.0,0.0
2012-02-14 00:00:00-05:00,38.08000183105469,38.400001525878906,36.79999923706055,38.0,675,0.0,0.0
2012-02-15 00:00:00-05:00,36.31999969482422,38.0,36.08000183105469,36.79999923706055,600,0.0,0.0
2012-02-16 00:00:00-05:00,36.15999984741211,38.0,35.439998626708984,37.52000045776367,1313,0.0,0.0
2012-02-17 00:00:00-05:00,37.68000030517578,37.68000030517578,35.36000061035156,36.79999923706055,738,0.0,0.0
2012-02-21 00:00:00-05:00,36.31999969482422,36.47999954223633,34.400001525878906,36.47999954223633,1013,0.0,0.0
2012-02-22 00:00:00-05:00,35.84000015258789,37.20000076293945,35.279998779296875,37.20000076293945,1475,0.0,0.0
2012-02-23 00:00:00-05:00,36.63999938964844,37.36000061035156,35.040000915527344,37.36000061035156,1650,0.0,0.0
2012-02-24 00:00:00-05:00,36.880001068115234,37.599998474121094,35.36000061035156,37.279998779296875,1713,0.0,0.0
2012-02-27 00:00:00-05:00,37.040000915527344,37.20000076293945,36.0,36.959999084472656,375,0.0,0.0
2012-02-28 00:00:00-05:00,36.880001068115234,37.52000045776367,34.08000183105469,35.20000076293945,3213,0.0,0.0
2012-02-29 00:00:00-05:00,34.47999954223633,38.0,34.47999954223633,38.0,3338,0.0,0.0
2012-03-01 00:00:00-05:00,38.79999923706055,39.119998931884766,37.599998474121094,39.119998931884766,2088,0.0,0.0
2012-03-02 00:00:00-05:00,39.119998931884766,39.599998474121094,36.880001068115234,39.599998474121094,838,0.0,0.0
2012-03-05 00:00:00-05:00,39.20000076293945,39.599998474121094,37.279998779296875,39.52000045776367,913,0.0,0.0
2012-03-06 00:00:00-05:00,38.720001220703125,39.599998474121094,37.119998931884766,39.52000045776367,475,0.0,0.0
2012-03-07 00:00:00-05:00,37.7599983215332,39.599998474121094,37.279998779296875,39.52000045776367,838,0.0,0.0
2012-03-08 00:00:00-05:00,39.279998779296875,39.599998474121094,38.63999938964844,39.599998474121094,425,0.0,0.0
2012-03-09 00:00:00-05:00,37.599998474121094,40.560001373291016,37.279998779296875,40.560001373291016,4900,0.0,0.0
2012-03-12 00:00:00-04:00,40.08000183105469,40.31999969482422,38.31999969482422,40.31999969482422,1038,0.0,0.0
2012-03-13 00:00:00-04:00,40.0,40.560001373291016,38.15999984741211,39.599998474121094,3825,0.0,0.0
2012-03-14 00:00:00-04:00,38.959999084472656,40.63999938964844,38.560001373291016,40.400001525878906,525,0.0,0.0
2012-03-15 00:00:00-04:00,39.040000915527344,40.31999969482422,38.08000183105469,40.15999984741211,1563,0.0,0.0
2012-03-16 00:00:00-04:00,38.47999954223633,40.560001373291016,38.400001525878906,40.560001373291016,1513,0.0,0.0
2012-03-19 00:00:00-04:00,40.31999969482422,40.560001373291016,38.31999969482422,40.560001373291016,950,0.0,0.0
2012-03-20 00:00:00-04:00,40.560001373291016,40.880001068115234,38.720001220703125,40.880001068115234,1238,0.0,0.0
2012-03-21 00:00:00-04:00,40.880001068115234,40.880001068115234,39.20000076293945,40.08000183105469,725,0.0,0.0
2012-03-22 00:00:00-04:00,40.720001220703125,40.959999084472656,40.47999954223633,40.880001068115234,388,0.0,0.0
2012-03-23 00:00:00-04:00,40.880001068115234,41.20000076293945,40.2400016784668,41.20000076293945,1063,0.0,0.0
2012-03-26 00:00:00-04:00,41.20000076293945,41.279998779296875,37.279998779296875,41.119998931884766,975,0.0,0.0
2012-03-27 00:00:00-04:00,40.560001373291016,40.959999084472656,38.63999938964844,40.47999954223633,2925,0.0,0.0
2012-03-28 00:00:00-04:00,39.84000015258789,40.31999969482422,37.279998779296875,39.91999816894531,975,0.0,0.0
2012-03-29 00:00:00-04:00,39.040000915527344,39.7599983215332,37.36000061035156,39.20000076293945,525,0.0,0.0
2012-03-30 00:00:00-04:00,39.599998474121094,39.84000015258789,36.720001220703125,39.84000015258789,613,0.0,0.0
2012-04-02 00:00:00-04:00,39.84000015258789,39.84000015258789,39.84000015258789,39.84000015258789,0,0.0,0.0
2012-04-03 00:00:00-04:00,37.20000076293945,39.68000030517578,37.040000915527344,39.599998474121094,1138,0.0,0.0
2012-04-04 00:00:00-04:00,39.20000076293945,39.20000076293945,37.52000045776367,39.20000076293945,1038,0.0,0.0
2012-04-05 00:00:00-04:00,37.68000030517578,39.20000076293945,37.68000030517578,39.20000076293945,838,0.0,0.0
2012-04-09 00:00:00-04:00,37.7599983215332,39.040000915527344,34.47999954223633,38.0,2363,0.0,0.0
2012-04-10 00:00:00-04:00,36.0,38.15999984741211,35.36000061035156,37.279998779296875,838,0.0,0.0
2012-04-11 00:00:00-04:00,35.84000015258789,37.7599983215332,34.720001220703125,37.599998474121094,1600,0.0,0.0
2012-04-12 00:00:00-04:00,36.959999084472656,37.7599983215332,35.7599983215332,37.36000061035156,900,0.0,0.0
2012-04-13 00:00:00-04:00,36.63999938964844,38.47999954223633,36.63999938964844,38.0,550,0.0,0.0
2012-04-16 00:00:00-04:00,37.91999816894531,38.560001373291016,37.68000030517578,38.2400016784668,1638,0.0,0.0
2012-04-17 00:00:00-04:00,37.68000030517578,38.560001373291016,37.279998779296875,38.47999954223633,763,0.0,0.0
2012-04-18 00:00:00-04:00,38.400001525878906,38.400001525878906,38.0,38.400001525878906,450,0.0,0.0
2012-04-19 00:00:00-04:00,36.880001068115234,38.560001373291016,36.880001068115234,38.2400016784668,400,0.0,0.0
2012-04-20 00:00:00-04:00,38.47999954223633,38.47999954223633,36.63999938964844,38.47999954223633,38,0.0,0.0
2012-04-23 00:00:00-04:00,37.279998779296875,38.560001373291016,36.400001525878906,38.08000183105469,638,0.0,0.0
2012-04-24 00:00:00-04:00,37.7599983215332,39.040000915527344,37.52000045776367,39.040000915527344,1963,0.0,0.0
2012-04-25 00:00:00-04:00,38.63999938964844,39.20000076293945,38.400001525878906,38.400001525878906,438,0.0,0.0
2012-04-26 00:00:00-04:00,38.2400016784668,39.20000076293945,37.20000076293945,38.79999923706055,638,0.0,0.0
2012-04-27 00:00:00-04:00,38.400001525878906,38.400001525878906,35.599998474121094,35.599998474121094,2125,0.0,0.0
2012-04-30 00:00:00-04:00,35.91999816894531,37.599998474121094,35.7599983215332,37.52000045776367,150,0.0,0.0
2012-05-01 00:00:00-04:00,37.52000045776367,37.52000045776367,35.599998474121094,37.52000045776367,238,0.0,0.0
2012-05-02 00:00:00-04:00,35.7599983215332,37.52000045776367,35.7599983215332,37.439998626708984,500,0.0,0.0
2012-05-03 00:00:00-04:00,37.439998626708984,37.52000045776367,37.439998626708984,37.52000045776367,25,0.0,0.0
2012-05-04 00:00:00-04:00,37.119998931884766,37.439998626708984,36.79999923706055,36.79999923706055,463,0.0,0.0
2012-05-07 00:00:00-04:00,36.79999923706055,37.36000061035156,34.560001373291016,36.0,2175,0.0,0.0
2012-05-08 00:00:00-04:00,36.63999938964844,36.63999938964844,34.400001525878906,36.31999969482422,763,0.0,0.0
2012-05-09 00:00:00-04:00,36.15999984741211,36.79999923706055,30.799999237060547,36.400001525878906,2700,0.0,0.0
2012-05-10 00:00:00-04:00,36.2400016784668,36.31999969482422,34.79999923706055,36.31999969482422,263,0.0,0.0
2012-05-11 00:00:00-04:00,35.119998931884766,36.400001525878906,33.20000076293945,36.2400016784668,900,0.0,0.0
2012-05-14 00:00:00-04:00,35.84000015258789,36.400001525878906,34.63999938964844,36.400001525878906,725,0.0,0.0
2012-05-15 00:00:00-04:00,36.0,36.400001525878906,35.20000076293945,36.0,600,0.0,0.0
2012-05-16 00:00:00-04:00,35.599998474121094,36.400001525878906,34.959999084472656,36.08000183105469,263,0.0,0.0
2012-05-17 00:00:00-04:00,36.0,36.0,35.20000076293945,35.20000076293945,88,0.0,0.0
2012-05-18 00:00:00-04:00,35.52000045776367,36.31999969482422,33.68000030517578,34.47999954223633,3000,0.0,0.0
2012-05-21 00:00:00-04:00,34.880001068115234,36.15999984741211,34.47999954223633,35.20000076293945,1100,0.0,0.0
2012-05-22 00:00:00-04:00,35.20000076293945,36.31999969482422,34.63999938964844,35.84000015258789,800,0.0,0.0
2012-05-23 00:00:00-04:00,35.279998779296875,36.31999969482422,34.959999084472656,36.2400016784668,2925,0.0,0.0
2012-05-24 00:00:00-04:00,35.7599983215332,36.31999969482422,34.63999938964844,36.15999984741211,663,0.0,0.0
2012-05-25 00:00:00-04:00,35.91999816894531,35.91999816894531,34.47999954223633,35.84000015258789,363,0.0,0.0
2012-05-29 00:00:00-04:00,35.91999816894531,35.91999816894531,34.63999938964844,34.63999938964844,675,0.0,0.0
2012-05-30 00:00:00-04:00,34.880001068115234,35.91999816894531,34.400001525878906,35.91999816894531,375,0.0,0.0
2012-05-31 00:00:00-04:00,35.52000045776367,36.400001525878906,35.52000045776367,36.15999984741211,1425,0.0,0.0
2012-06-01 00:00:00-04:00,33.68000030517578,35.84000015258789,33.68000030517578,35.68000030517578,2300,0.0,0.0
2012-06-04 00:00:00-04:00,35.040000915527344,36.0,34.400001525878906,35.68000030517578,125,0.0,0.0
2012-06-05 00:00:00-04:00,34.880001068115234,36.0,33.68000030517578,35.84000015258789,1125,0.0,0.0
2012-06-06 00:00:00-04:00,36.0,36.0,36.0,36.0,13,0.0,0.0
2012-06-07 00:00:00-04:00,36.0,36.79999923706055,35.52000045776367,36.79999923706055,475,0.0,0.0
2012-06-08 00:00:00-04:00,36.560001373291016,36.720001220703125,34.560001373291016,36.63999938964844,575,0.0,0.0
2012-06-11 00:00:00-04:00,36.560001373291016,36.79999923706055,33.36000061035156,36.560001373291016,1013,0.0,0.0
2012-06-12 00:00:00-04:00,35.7599983215332,36.63999938964844,35.36000061035156,36.560001373291016,950,0.0,0.0
2012-06-13 00:00:00-04:00,36.2400016784668,36.63999938964844,36.2400016784668,36.63999938964844,75,0.0,0.0
2012-06-14 00:00:00-04:00,36.560001373291016,36.720001220703125,36.400001525878906,36.63999938964844,325,0.0,0.0
2012-06-15 00:00:00-04:00,35.36000061035156,36.720001220703125,34.47999954223633,36.2400016784668,1488,0.0,0.0
2012-06-18 00:00:00-04:00,36.0,36.400001525878906,34.47999954223633,36.400001525878906,3488,0.0,0.0
2012-06-19 00:00:00-04:00,36.400001525878906,36.720001220703125,34.880001068115234,36.720001220703125,1000,0.0,0.0
2012-06-20 00:00:00-04:00,36.560001373291016,36.720001220703125,34.400001525878906,36.560001373291016,2950,0.0,0.0
2012-06-21 00:00:00-04:00,36.560001373291016,36.560001373291016,32.47999954223633,33.119998931884766,6075,0.0,0.0
2012-06-22 00:00:00-04:00,33.52000045776367,35.439998626708984,28.639999389648438,32.08000183105469,3463,0.0,0.0
2012-06-25 00:00:00-04:00,32.0,35.119998931884766,32.0,34.2400016784668,300,0.0,0.0
2012-06-26 00:00:00-04:00,33.84000015258789,34.08000183105469,32.79999923706055,34.08000183105469,1925,0.0,0.0
2012-06-27 00:00:00-04:00,33.36000061035156,34.08000183105469,33.36000061035156,33.84000015258789,275,0.0,0.0
2012-06-28 00:00:00-04:00,33.91999816894531,34.08000183105469,32.79999923706055,34.08000183105469,250,0.0,0.0
2012-06-29 00:00:00-04:00,34.08000183105469,34.08000183105469,30.15999984741211,34.0,1275,0.0,0.0
2012-07-02 00:00:00-04:00,34.0,34.0,34.0,34.0,0,0.0,0.0
2012-07-03 00:00:00-04:00,33.91999816894531,36.31999969482422,33.91999816894531,36.31999969482422,500,0.0,0.0
2012-07-05 00:00:00-04:00,34.560001373291016,35.91999816894531,34.400001525878906,35.91999816894531,450,0.0,0.0
2012-07-06 00:00:00-04:00,35.36000061035156,35.91999816894531,35.20000076293945,35.91999816894531,163,0.0,0.0
2012-07-09 00:00:00-04:00,34.560001373291016,35.20000076293945,34.400001525878906,35.20000076293945,338,0.0,0.0
2012-07-10 00:00:00-04:00,35.20000076293945,36.31999969482422,35.20000076293945,36.31999969482422,638,0.0,0.0
2012-07-11 00:00:00-04:00,36.0,36.400001525878906,36.0,36.400001525878906,113,0.0,0.0
2012-07-12 00:00:00-04:00,34.959999084472656,36.400001525878906,34.400001525878906,36.400001525878906,1163,0.0,0.0
2012-07-13 00:00:00-04:00,35.91999816894531,36.400001525878906,35.91999816894531,36.400001525878906,513,0.0,0.0
2012-07-16 00:00:00-04:00,36.400001525878906,36.720001220703125,36.0,36.560001373291016,350,0.0,0.0
2012-07-17 00:00:00-04:00,36.400001525878906,36.400001525878906,36.400001525878906,36.400001525878906,25,0.0,0.0
2012-07-18 00:00:00-04:00,36.63999938964844,36.63999938964844,34.720001220703125,36.400001525878906,413,0.0,0.0
2012-07-19 00:00:00-04:00,34.880001068115234,36.400001525878906,34.400001525878906,36.15999984741211,1188,0.0,0.0
2012-07-20 00:00:00-04:00,36.08000183105469,36.2400016784668,34.560001373291016,35.7599983215332,2563,0.0,0.0
2012-07-23 00:00:00-04:00,34.47999954223633,35.20000076293945,34.47999954223633,35.20000076293945,113,0.0,0.0
2012-07-24 00:00:00-04:00,34.400001525878906,35.040000915527344,34.400001525878906,35.040000915527344,63,0.0,0.0
2012-07-25 00:00:00-04:00,35.040000915527344,35.040000915527344,34.400001525878906,35.040000915527344,113,0.0,0.0
2012-07-26 00:00:00-04:00,33.7599983215332,35.040000915527344,32.880001068115234,34.959999084472656,213,0.0,0.0
2012-07-27 00:00:00-04:00,34.959999084472656,35.040000915527344,33.599998474121094,35.040000915527344,300,0.0,0.0
2012-07-30 00:00:00-04:00,34.63999938964844,35.040000915527344,33.599998474121094,34.79999923706055,600,0.0,0.0
2012-07-31 00:00:00-04:00,34.79999923706055,35.040000915527344,32.880001068115234,35.040000915527344,725,0.0,0.0
2012-08-01 00:00:00-04:00,33.36000061035156,34.959999084472656,33.119998931884766,34.880001068115234,1288,0.0,0.0
2012-08-02 00:00:00-04:00,34.2400016784668,34.2400016784668,32.79999923706055,33.599998474121094,1613,0.0,0.0
2012-08-03 00:00:00-04:00,32.79999923706055,34.15999984741211,32.08000183105469,34.15999984741211,2563,0.0,0.0
2012-08-06 00:00:00-04:00,34.2400016784668,35.040000915527344,34.2400016784668,35.040000915527344,138,0.0,0.0
2012-08-07 00:00:00-04:00,34.2400016784668,34.2400016784668,34.2400016784668,34.2400016784668,38,0.0,0.0
2012-08-08 00:00:00-04:00,34.2400016784668,35.20000076293945,34.08000183105469,34.08000183105469,1088,0.0,0.0
2012-08-09 00:00:00-04:00,35.119998931884766,35.119998931884766,34.79999923706055,34.959999084472656,288,0.0,0.0
2012-08-10 00:00:00-04:00,34.560001373291016,35.20000076293945,34.400001525878906,35.20000076293945,538,0.0,0.0
2012-08-13 00:00:00-04:00,35.20000076293945,35.599998474121094,34.880001068115234,35.599998474121094,263,0.0,0.0
2012-08-14 00:00:00-04:00,35.7599983215332,35.7599983215332,35.119998931884766,35.68000030517578,1088,0.0,0.0
2012-08-15 00:00:00-04:00,35.599998474121094,35.68000030517578,35.599998474121094,35.68000030517578,100,0.0,0.0
2012-08-16 00:00:00-04:00,33.68000030517578,35.68000030517578,33.439998626708984,35.599998474121094,1275,0.0,0.0
2012-08-17 00:00:00-04:00,33.68000030517578,35.68000030517578,33.439998626708984,35.599998474121094,1113,0.0,0.0
2012-08-20 00:00:00-04:00,35.599998474121094,35.599998474121094,35.599998474121094,35.599998474121094,0,0.0,0.0
2012-08-21 00:00:00-04:00,35.20000076293945,35.599998474121094,34.79999923706055,35.52000045776367,1438,0.0,0.0
2012-08-22 00:00:00-04:00,35.52000045776367,35.52000045776367,35.52000045776367,35.52000045776367,0,0.0,0.0
2012-08-23 00:00:00-04:00,35.20000076293945,35.599998474121094,35.20000076293945,35.599998474121094,1188,0.0,0.0
2012-08-24 00:00:00-04:00,35.20000076293945,35.599998474121094,35.20000076293945,35.599998474121094,1763,0.0,0.0
2012-08-27 00:00:00-04:00,35.279998779296875,35.84000015258789,33.36000061035156,35.7599983215332,1850,0.0,0.0
2012-08-28 00:00:00-04:00,34.31999969482422,35.68000030517578,33.7599983215332,34.560001373291016,7713,0.0,0.0
2012-08-29 00:00:00-04:00,34.79999923706055,35.599998474121094,34.15999984741211,35.599998474121094,3575,0.0,0.0
2012-08-30 00:00:00-04:00,35.279998779296875,36.0,34.400001525878906,36.0,3013,0.0,0.0
2012-08-31 00:00:00-04:00,35.20000076293945,36.0,35.040000915527344,36.0,513,0.0,0.0
2012-09-04 00:00:00-04:00,36.0,36.0,36.0,36.0,0,0.0,0.0
2012-09-05 00:00:00-04:00,34.959999084472656,36.0,34.400001525878906,36.0,1550,0.0,0.0
2012-09-06 00:00:00-04:00,35.68000030517578,37.119998931884766,34.959999084472656,37.119998931884766,4425,0.0,0.0
2012-09-07 00:00:00-04:00,37.040000915527344,37.119998931884766,36.2400016784668,36.959999084472656,588,0.0,0.0
2012-09-10 00:00:00-04:00,36.63999938964844,37.119998931884766,36.63999938964844,37.119998931884766,250,0.0,0.0
2012-09-11 00:00:00-04:00,36.880001068115234,37.91999816894531,36.79999923706055,37.599998474121094,2788,0.0,0.0
2012-09-12 00:00:00-04:00,37.279998779296875,38.0,36.79999923706055,38.0,1150,0.0,0.0
2012-09-13 00:00:00-04:00,36.79999923706055,38.0,36.31999969482422,38.0,800,0.0,0.0
2012-09-14 00:00:00-04:00,36.63999938964844,38.0,36.63999938964844,38.0,113,0.0,0.0
2012-09-17 00:00:00-04:00,37.7599983215332,38.0,35.439998626708984,37.20000076293945,2638,0.0,0.0
2012-09-18 00:00:00-04:00,37.040000915527344,37.52000045776367,36.31999969482422,37.040000915527344,663,0.0,0.0
2012-09-19 00:00:00-04:00,36.79999923706055,38.2400016784668,36.720001220703125,38.2400016784668,2463,0.0,0.0
2012-09-20 00:00:00-04:00,37.439998626708984,38.31999969482422,37.20000076293945,38.31999969482422,250,0.0,0.0
2012-09-21 00:00:00-04:00,38.0,38.79999923706055,38.0,38.720001220703125,1713,0.0,0.0
2012-09-24 00:00:00-04:00,37.279998779296875,38.79999923706055,37.279998779296875,38.0,3975,0.0,0.0
2012-09-25 00:00:00-04:00,38.0,38.0,36.79999923706055,38.0,713,0.0,0.0
2012-09-26 00:00:00-04:00,38.0,38.31999969482422,38.0,38.31999969482422,75,0.0,0.0
2012-09-27 00:00:00-04:00,38.0,38.31999969482422,37.439998626708984,37.91999816894531,1188,0.0,0.0
2012-09-28 00:00:00-04:00,37.91999816894531,37.91999816894531,37.91999816894531,37.91999816894531,0,0.0,0.0
2012-10-01 00:00:00-04:00,36.2400016784668,38.31999969482422,36.2400016784668,38.31999969482422,700,0.0,0.0
2012-10-02 00:00:00-04:00,38.2400016784668,38.400001525878906,38.2400016784668,38.400001525878906,50,0.0,0.0
2012-10-03 00:00:00-04:00,38.0,38.400001525878906,36.720001220703125,38.400001525878906,275,0.0,0.0
2012-10-04 00:00:00-04:00,36.400001525878906,38.31999969482422,36.400001525878906,36.720001220703125,463,0.0,0.0
2012-10-05 00:00:00-04:00,37.52000045776367,37.599998474121094,36.400001525878906,37.599998474121094,2200,0.0,0.0
2012-10-08 00:00:00-04:00,37.439998626708984,37.599998474121094,37.439998626708984,37.599998474121094,488,0.0,0.0
2012-10-09 00:00:00-04:00,36.959999084472656,37.599998474121094,36.959999084472656,37.599998474121094,1313,0.0,0.0
2012-10-10 00:00:00-04:00,37.599998474121094,37.599998474121094,37.599998474121094,37.599998474121094,0,0.0,0.0
2012-10-11 00:00:00-04:00,37.52000045776367,37.599998474121094,36.720001220703125,37.439998626708984,275,0.0,0.0
2012-10-12 00:00:00-04:00,37.439998626708984,37.599998474121094,37.439998626708984,37.439998626708984,200,0.0,0.0
2012-10-15 00:00:00-04:00,37.599998474121094,37.599998474121094,37.599998474121094,37.599998474121094,25,0.0,0.0
2012-10-16 00:00:00-04:00,36.08000183105469,37.599998474121094,36.08000183105469,37.599998474121094,788,0.0,0.0
2012-10-17 00:00:00-04:00,37.599998474121094,37.599998474121094,37.599998474121094,37.599998474121094,0,0.0,0.0
2012-10-18 00:00:00-04:00,36.15999984741211,37.439998626708984,36.08000183105469,37.20000076293945,1313,0.0,0.0
2012-10-19 00:00:00-04:00,36.79999923706055,36.79999923706055,35.20000076293945,36.79999923706055,1813,0.0,0.0
2012-10-22 00:00:00-04:00,36.79999923706055,36.79999923706055,36.79999923706055,36.79999923706055,0,0.0,0.0
2012-10-23 00:00:00-04:00,36.400001525878906,36.79999923706055,36.400001525878906,36.79999923706055,163,0.0,0.0
2012-10-24 00:00:00-04:00,36.79999923706055,36.79999923706055,36.63999938964844,36.720001220703125,688,0.0,0.0
2012-10-25 00:00:00-04:00,36.63999938964844,36.79999923706055,36.63999938964844,36.79999923706055,200,0.0,0.0
2012-10-26 00:00:00-04:00,36.2400016784668,36.79999923706055,36.2400016784668,36.79999923706055,188,0.0,0.0
2012-10-31 00:00:00-04:00,36.79999923706055,36.79999923706055,35.040000915527344,36.79999923706055,950,0.0,0.0
2012-11-01 00:00:00-04:00,35.84000015258789,36.79999923706055,35.84000015258789,36.79999923706055,538,0.0,0.0
2012-11-02 00:00:00-04:00,36.79999923706055,36.79999923706055,36.79999923706055,36.79999923706055,0,0.0,0.0
2012-11-05 00:00:00-05:00,36.79999923706055,36.79999923706055,36.79999923706055,36.79999923706055,63,0.0,0.0
2012-11-06 00:00:00-05:00,36.79999923706055,36.79999923706055,36.79999923706055,36.79999923706055,38,0.0,0.0
2012-11-07 00:00:00-05:00,36.79999923706055,36.79999923706055,36.560001373291016,36.560001373291016,38,0.0,0.0
2012-11-08 00:00:00-05:00,35.52000045776367,36.79999923706055,35.52000045776367,36.79999923706055,825,0.0,0.0
2012-11-09 00:00:00-05:00,36.47999954223633,38.0,36.400001525878906,37.7599983215332,2175,0.0,0.0
2012-11-12 00:00:00-05:00,36.08000183105469,38.0,35.599998474121094,37.599998474121094,663,0.0,0.0
2012-11-13 00:00:00-05:00,37.040000915527344,37.599998474121094,36.2400016784668,36.2400016784668,75,0.0,0.0
2012-11-14 00:00:00-05:00,37.52000045776367,37.599998474121094,36.0,37.599998474121094,625,0.0,0.0
2012-11-15 00:00:00-05:00,37.599998474121094,37.599998474121094,37.599998474121094,37.599998474121094,0,0.0,0.0
2012-11-16 00:00:00-05:00,37.439998626708984,37.439998626708984,37.439998626708984,37.439998626708984,25,0.0,0.0
2012-11-19 00:00:00-05:00,37.439998626708984,37.599998474121094,37.439998626708984,37.599998474121094,113,0.0,0.0
2012-11-20 00:00:00-05:00,37.599998474121094,37.599998474121094,37.599998474121094,37.599998474121094,13,0.0,0.0
2012-11-21 00:00:00-05:00,37.599998474121094,37.599998474121094,36.47999954223633,37.599998474121094,463,0.0,0.0
2012-11-23 00:00:00-05:00,37.20000076293945,37.599998474121094,37.20000076293945,37.599998474121094,488,0.0,0.0
2012-11-26 00:00:00-05:00,37.439998626708984,37.599998474121094,36.47999954223633,37.599998474121094,1188,0.0,0.0
2012-11-27 00:00:00-05:00,37.599998474121094,37.599998474121094,36.79999923706055,37.599998474121094,75,0.0,0.0
2012-11-28 00:00:00-05:00,37.52000045776367,37.599998474121094,35.599998474121094,37.599998474121094,1188,0.0,0.0
2012-11-29 00:00:00-05:00,37.599998474121094,37.599998474121094,36.63999938964844,37.599998474121094,363,0.0,0.0
2012-11-30 00:00:00-05:00,36.880001068115234,37.599998474121094,36.31999969482422,37.599998474121094,588,0.0,0.0
2012-12-03 00:00:00-05:00,36.959999084472656,37.599998474121094,36.560001373291016,37.599998474121094,1463,0.0,0.0
2012-12-04 00:00:00-05:00,36.880001068115234,36.880001068115234,36.08000183105469,36.2400016784668,1650,0.0,0.0
2012-12-05 00:00:00-05:00,36.720001220703125,37.439998626708984,36.560001373291016,37.439998626708984,488,0.0,0.0
2012-12-06 00:00:00-05:00,36.79999923706055,37.599998474121094,36.79999923706055,37.599998474121094,425,0.0,0.0
2012-12-07 00:00:00-05:00,37.36000061035156,37.599998474121094,37.36000061035156,37.599998474121094,113,0.0,0.0
2012-12-10 00:00:00-05:00,37.20000076293945,37.599998474121094,36.959999084472656,37.599998474121094,238,0.0,0.0
2012-12-11 00:00:00-05:00,37.20000076293945,37.599998474121094,36.400001525878906,37.52000045776367,1525,0.0,0.0
2012-12-12 00:00:00-05:00,37.20000076293945,37.599998474121094,37.20000076293945,37.599998474121094,213,0.0,0.0
2012-12-13 00:00:00-05:00,37.52000045776367,38.2400016784668,37.52000045776367,38.15999984741211,1138,0.0,0.0
2012-12-14 00:00:00-05:00,38.08000183105469,38.15999984741211,37.599998474121094,37.599998474121094,75,0.0,0.0
2012-12-17 00:00:00-05:00,37.599998474121094,37.599998474121094,36.31999969482422,37.599998474121094,963,0.0,0.0
2012-12-18 00:00:00-05:00,37.599998474121094,37.599998474121094,37.439998626708984,37.599998474121094,263,0.0,0.0
2012-12-19 00:00:00-05:00,37.599998474121094,37.599998474121094,37.599998474121094,37.599998474121094,13,0.0,0.0
2012-12-20 00:00:00-05:00,38.2400016784668,38.79999923706055,37.68000030517578,38.47999954223633,3825,0.0,0.0
2012-12-21 00:00:00-05:00,38.560001373291016,39.119998931884766,38.400001525878906,39.119998931884766,363,0.0,0.0
2012-12-24 00:00:00-05:00,38.79999923706055,38.79999923706055,38.400001525878906,38.79999923706055,175,0.0,0.0
2012-12-26 00:00:00-05:00,38.400001525878906,39.20000076293945,38.400001525878906,39.20000076293945,788,0.0,0.0
2012-12-27 00:00:00-05:00,38.47999954223633,39.20000076293945,38.47999954223633,39.119998931884766,413,0.0,0.0
2012-12-28 00:00:00-05:00,38.79999923706055,39.279998779296875,38.79999923706055,39.279998779296875,413,0.0,0.0
2012-12-31 00:00:00-05:00,40.0,41.68000030517578,38.720001220703125,40.31999969482422,4738,0.0,0.0
2013-01-02 00:00:00-05:00,40.400001525878906,41.279998779296875,40.08000183105469,40.79999923706055,4063,0.0,0.0
2013-01-03 00:00:00-05:00,40.08000183105469,41.36000061035156,39.599998474121094,40.63999938964844,263,0.0,0.0
2013-01-04 00:00:00-05:00,40.0,40.0,40.0,40.0,250,0.0,0.0
2013-01-07 00:00:00-05:00,38.959999084472656,41.279998779296875,38.400001525878906,39.599998474121094,650,0.0,0.0
2013-01-08 00:00:00-05:00,39.91999816894531,39.91999816894531,39.119998931884766,39.84000015258789,75,0.0,0.0
2013-01-09 00:00:00-05:00,39.119998931884766,39.91999816894531,37.439998626708984,39.68000030517578,238,0.0,0.0
2013-01-10 00:00:00-05:00,39.68000030517578,39.84000015258789,38.720001220703125,39.84000015258789,313,0.0,0.0
2013-01-11 00:00:00-05:00,39.52000045776367,39.84000015258789,39.52000045776367,39.84000015258789,575,0.0,0.0
2013-01-14 00:00:00-05:00,39.52000045776367,39.7599983215332,39.52000045776367,39.7599983215332,38,0.0,0.0
2013-01-15 00:00:00-05:00,39.599998474121094,39.599998474121094,37.279998779296875,39.599998474121094,363,0.0,0.0
2013-01-16 00:00:00-05:00,39.52000045776367,39.52000045776367,37.91999816894531,39.439998626708984,188,0.0,0.0
2013-01-17 00:00:00-05:00,39.439998626708984,39.439998626708984,38.560001373291016,39.20000076293945,300,0.0,0.0
2013-01-18 00:00:00-05:00,39.20000076293945,39.52000045776367,38.560001373291016,39.52000045776367,188,0.0,0.0
2013-01-22 00:00:00-05:00,39.7599983215332,40.15999984741211,39.52000045776367,40.0,850,0.0,0.0
2013-01-23 00:00:00-05:00,40.0,40.720001220703125,39.040000915527344,40.0,8863,0.0,0.0
2013-01-24 00:00:00-05:00,40.0,40.400001525878906,39.599998474121094,39.91999816894531,1250,0.0,0.0
2013-01-25 00:00:00-05:00,40.0,40.0,40.0,40.0,288,0.0,0.0
2013-01-28 00:00:00-05:00,40.0,40.0,40.0,40.0,25,0.0,0.0
2013-01-29 00:00:00-05:00,40.0,40.0,40.0,40.0,0,0.0,0.0
2013-01-30 00:00:00-05:00,39.84000015258789,40.0,39.599998474121094,40.0,75,0.0,0.0
2013-01-31 00:00:00-05:00,40.0,40.0,39.68000030517578,40.0,88,0.0,0.0
2013-02-01 00:00:00-05:00,39.91999816894531,40.0,39.91999816894531,40.0,613,0.0,0.0
2013-02-04 00:00:00-05:00,39.20000076293945,40.0,39.20000076293945,40.0,63,0.0,0.0
2013-02-05 00:00:00-05:00,40.0,40.0,40.0,40.0,0,0.0,0.0
2013-02-06 00:00:00-05:00,40.0,40.400001525878906,38.400001525878906,40.400001525878906,663,0.0,0.0
2013-02-07 00:00:00-05:00,40.08000183105469,40.400001525878906,39.7599983215332,39.91999816894531,625,0.0,0.0
2013-02-08 00:00:00-05:00,39.91999816894531,40.0,38.47999954223633,39.84000015258789,213,0.0,0.0
2013-02-11 00:00:00-05:00,40.15999984741211,40.15999984741211,39.119998931884766,40.0,613,0.0,0.0
2013-02-12 00:00:00-05:00,39.20000076293945,39.84000015258789,39.20000076293945,39.84000015258789,200,0.0,0.0
2013-02-13 00:00:00-05:00,38.47999954223633,39.7599983215332,38.47999954223633,39.599998474121094,338,0.0,0.0
2013-02-14 00:00:00-05:00,39.7599983215332,39.7599983215332,38.400001525878906,38.79999923706055,850,0.0,0.0
2013-02-15 00:00:00-05:00,38.880001068115234,39.68000030517578,38.880001068115234,38.880001068115234,288,0.0,0.0
2013-02-19 00:00:00-05:00,38.880001068115234,40.15999984741211,38.880001068115234,40.0,850,0.0,0.0
2013-02-20 00:00:00-05:00,39.599998474121094,40.08000183105469,39.040000915527344,40.0,3075,0.0,0.0
2013-02-21 00:00:00-05:00,38.79999923706055,40.0,38.2400016784668,39.91999816894531,563,0.0,0.0
2013-02-22 00:00:00-05:00,39.84000015258789,39.84000015258789,38.63999938964844,39.84000015258789,75,0.0,0.0
2013-02-25 00:00:00-05:00,39.52000045776367,39.68000030517578,38.720001220703125,39.599998474121094,838,0.0,0.0
2013-02-26 00:00:00-05:00,39.68000030517578,40.15999984741211,38.560001373291016,40.0,1913,0.0,0.0
2013-02-27 00:00:00-05:00,39.84000015258789,40.0,38.0,39.7599983215332,1550,0.0,0.0
2013-02-28 00:00:00-05:00,40.0,40.0,38.31999969482422,39.84000015258789,413,0.0,0.0
2013-03-01 00:00:00-05:00,39.84000015258789,39.84000015258789,38.15999984741211,39.20000076293945,238,0.0,0.0
2013-03-04 00:00:00-05:00,39.119998931884766,40.31999969482422,38.880001068115234,40.31999969482422,2175,0.0,0.0
2013-03-05 00:00:00-05:00,39.20000076293945,40.31999969482422,38.08000183105469,40.31999969482422,625,0.0,0.0
2013-03-06 00:00:00-05:00,38.959999084472656,40.400001525878906,38.959999084472656,40.400001525878906,1300,0.0,0.0
2013-03-07 00:00:00-05:00,40.15999984741211,40.560001373291016,40.08000183105469,40.560001373291016,313,0.0,0.0
2013-03-08 00:00:00-05:00,40.560001373291016,40.63999938964844,39.68000030517578,40.560001373291016,413,0.0,0.0
2013-03-11 00:00:00-04:00,40.63999938964844,40.720001220703125,40.0,40.720001220703125,113,0.0,0.0
2013-03-12 00:00:00-04:00,40.560001373291016,40.63999938964844,40.31999969482422,40.63999938964844,250,0.0,0.0
2013-03-13 00:00:00-04:00,40.08000183105469,40.08000183105469,38.15999984741211,40.0,475,0.0,0.0
2013-03-14 00:00:00-04:00,40.0,40.47999954223633,38.400001525878906,40.47999954223633,2788,0.0,0.0
2013-03-15 00:00:00-04:00,40.400001525878906,41.119998931884766,40.31999969482422,41.119998931884766,1700,0.0,0.0
2013-03-18 00:00:00-04:00,41.119998931884766,41.279998779296875,40.63999938964844,41.040000915527344,3038,0.0,0.0
2013-03-19 00:00:00-04:00,39.119998931884766,40.959999084472656,39.119998931884766,40.880001068115234,813,0.0,0.0
2013-03-20 00:00:00-04:00,40.959999084472656,40.959999084472656,39.36000061035156,40.880001068115234,288,0.0,0.0
2013-03-21 00:00:00-04:00,40.720001220703125,40.959999084472656,40.720001220703125,40.959999084472656,150,0.0,0.0
2013-03-22 00:00:00-04:00,39.439998626708984,39.439998626708984,39.439998626708984,39.439998626708984,63,0.0,0.0
2013-03-25 00:00:00-04:00,40.63999938964844,40.880001068115234,40.0,40.79999923706055,88,0.0,0.0
2013-03-26 00:00:00-04:00,40.79999923706055,40.79999923706055,40.79999923706055,40.79999923706055,0,0.0,0.0
2013-03-27 00:00:00-04:00,40.47999954223633,41.279998779296875,40.47999954223633,41.279998779296875,1763,0.0,0.0
2013-03-28 00:00:00-04:00,40.959999084472656,41.84000015258789,40.959999084472656,41.7599983215332,2450,0.0,0.0
2013-04-01 00:00:00-04:00,41.20000076293945,41.7599983215332,40.959999084472656,41.68000030517578,350,0.0,0.0
2013-04-02 00:00:00-04:00,41.7599983215332,41.7599983215332,40.959999084472656,41.599998474121094,550,0.0,0.0
2013-04-03 00:00:00-04:00,41.599998474121094,42.08000183105469,41.599998474121094,41.7599983215332,5913,0.0,0.0
2013-04-04 00:00:00-04:00,42.08000183105469,42.08000183105469,41.7599983215332,41.84000015258789,675,0.0,0.0
2013-04-05 00:00:00-04:00,41.68000030517578,42.2400016784668,41.68000030517578,42.2400016784668,900,0.0,0.0
2013-04-08 00:00:00-04:00,42.31999969482422,42.47999954223633,41.68000030517578,42.47999954223633,1163,0.0,0.0
2013-04-09 00:00:00-04:00,42.720001220703125,43.040000915527344,42.720001220703125,43.040000915527344,1963,0.0,0.0
2013-04-10 00:00:00-04:00,43.040000915527344,43.119998931884766,42.560001373291016,43.119998931884766,288,0.0,0.0
2013-04-11 00:00:00-04:00,43.119998931884766,43.599998474121094,42.959999084472656,43.36000061035156,975,0.0,0.0
2013-04-12 00:00:00-04:00,42.31999969482422,43.599998474121094,42.15999984741211,43.599998474121094,313,0.0,0.0
2013-04-15 00:00:00-04:00,43.599998474121094,43.68000030517578,43.040000915527344,43.68000030517578,588,0.0,0.0
2013-04-16 00:00:00-04:00,43.7599983215332,44.0,43.36000061035156,43.91999816894531,7938,0.0,0.0
2013-04-17 00:00:00-04:00,43.68000030517578,43.91999816894531,43.68000030517578,43.68000030517578,600,0.0,0.0
2013-04-18 00:00:00-04:00,43.91999816894531,43.91999816894531,42.0,43.68000030517578,213,0.0,0.0
2013-04-19 00:00:00-04:00,43.91999816894531,44.08000183105469,43.68000030517578,44.0,1225,0.0,0.0
2013-04-22 00:00:00-04:00,44.0,44.0,43.36000061035156,43.439998626708984,300,0.0,0.0
2013-04-23 00:00:00-04:00,43.439998626708984,43.84000015258789,42.15999984741211,43.84000015258789,875,0.0,0.0
2013-04-24 00:00:00-04:00,43.68000030517578,43.91999816894531,42.79999923706055,43.84000015258789,563,0.0,0.0
2013-04-25 00:00:00-04:00,43.91999816894531,43.91999816894531,42.560001373291016,43.91999816894531,250,0.0,0.0
2013-04-26 00:00:00-04:00,43.91999816894531,43.91999816894531,43.7599983215332,43.91999816894531,100,0.0,0.0
2013-04-29 00:00:00-04:00,43.91999816894531,43.91999816894531,43.91999816894531,43.91999816894531,25,0.0,0.0
2013-04-30 00:00:00-04:00,43.36000061035156,43.91999816894531,43.119998931884766,43.91999816894531,213,0.0,0.0
2013-05-01 00:00:00-04:00,43.91999816894531,44.08000183105469,43.7599983215332,43.91999816894531,1625,0.0,0.0
2013-05-02 00:00:00-04:00,42.400001525878906,44.0,42.400001525878906,43.91999816894531,63,0.0,0.0
2013-05-03 00:00:00-04:00,43.91999816894531,44.15999984741211,43.84000015258789,44.0,1238,0.0,0.0
2013-05-06 00:00:00-04:00,44.0,44.0,43.68000030517578,43.91999816894531,375,0.0,0.0
2013-05-07 00:00:00-04:00,48.959999084472656,58.15999984741211,46.79999923706055,48.79999923706055,30788,0.0,0.0
2013-05-08 00:00:00-04:00,49.599998474121094,50.31999969482422,46.400001525878906,47.7599983215332,8500,0.0,0.0
2013-05-09 00:00:00-04:00,47.68000030517578,51.439998626708984,47.68000030517578,51.439998626708984,8888,0.0,0.0
2013-05-10 00:00:00-04:00,51.439998626708984,51.439998626708984,48.400001525878906,49.84000015258789,2688,0.0,0.0
2013-05-13 00:00:00-04:00,48.63999938964844,52.720001220703125,48.400001525878906,52.720001220703125,7375,0.0,0.0
2013-05-14 00:00:00-04:00,53.040000915527344,53.040000915527344,48.63999938964844,49.68000030517578,8100,0.0,0.0
2013-05-15 00:00:00-04:00,51.040000915527344,51.599998474121094,47.119998931884766,48.15999984741211,7363,0.0,0.0
2013-05-16 00:00:00-04:00,49.040000915527344,50.31999969482422,47.119998931884766,49.439998626708984,3413,0.0,0.0
2013-05-17 00:00:00-04:00,50.31999969482422,50.31999969482422,48.63999938964844,49.36000061035156,1825,0.0,0.0
2013-05-20 00:00:00-04:00,49.439998626708984,49.68000030517578,47.36000061035156,49.599998474121094,2113,0.0,0.0
2013-05-21 00:00:00-04:00,49.7599983215332,49.7599983215332,47.279998779296875,48.880001068115234,4988,0.0,0.0
2013-05-22 00:00:00-04:00,48.15999984741211,49.36000061035156,47.279998779296875,48.31999969482422,6025,0.0,0.0
2013-05-23 00:00:00-04:00,48.63999938964844,48.63999938964844,47.439998626708984,47.7599983215332,2600,0.0,0.0
2013-05-24 00:00:00-04:00,47.119998931884766,48.959999084472656,47.119998931884766,48.47999954223633,3250,0.0,0.0
2013-05-28 00:00:00-04:00,49.36000061035156,49.36000061035156,46.560001373291016,46.720001220703125,5475,0.0,0.0
2013-05-29 00:00:00-04:00,47.439998626708984,48.0,46.63999938964844,46.63999938964844,2488,0.0,0.0
2013-05-30 00:00:00-04:00,47.599998474121094,48.15999984741211,46.720001220703125,48.15999984741211,988,0.0,0.0
2013-05-31 00:00:00-04:00,48.0,48.15999984741211,46.63999938964844,46.63999938964844,1238,0.0,0.0
2013-06-03 00:00:00-04:00,47.91999816894531,48.08000183105469,46.79999923706055,48.08000183105469,1838,0.0,0.0
2013-06-04 00:00:00-04:00,48.15999984741211,49.119998931884766,47.7599983215332,48.79999923706055,1988,0.0,0.0
2013-06-05 00:00:00-04:00,47.84000015258789,48.79999923706055,47.84000015258789,48.2400016784668,4250,0.0,0.0
2013-06-06 00:00:00-04:00,48.08000183105469,49.439998626708984,48.08000183105469,49.439998626708984,2538,0.0,0.0
2013-06-07 00:00:00-04:00,49.439998626708984,50.79999923706055,48.720001220703125,50.79999923706055,6950,0.0,0.0
2013-06-10 00:00:00-04:00,50.880001068115234,51.36000061035156,50.400001525878906,51.36000061035156,3013,0.0,0.0
2013-06-11 00:00:00-04:00,51.439998626708984,51.599998474121094,51.040000915527344,51.119998931884766,3088,0.0,0.0
2013-06-12 00:00:00-04:00,51.52000045776367,51.68000030517578,50.560001373291016,51.119998931884766,3138,0.0,0.0
2013-06-13 00:00:00-04:00,51.439998626708984,51.84000015258789,51.279998779296875,51.7599983215332,563,0.0,0.0
2013-06-14 00:00:00-04:00,51.36000061035156,51.84000015258789,50.0,51.68000030517578,1000,0.0,0.0
2013-06-17 00:00:00-04:00,51.84000015258789,53.68000030517578,51.439998626708984,53.20000076293945,11063,0.0,0.0
2013-06-18 00:00:00-04:00,52.79999923706055,53.599998474121094,52.31999969482422,52.880001068115234,6250,0.0,0.0
2013-06-19 00:00:00-04:00,53.20000076293945,53.91999816894531,53.20000076293945,53.91999816894531,4675,0.0,0.0
2013-06-20 00:00:00-04:00,53.84000015258789,54.08000183105469,53.36000061035156,54.0,6713,0.0,0.0
2013-06-21 00:00:00-04:00,54.0,54.47999954223633,53.36000061035156,54.08000183105469,4825,0.0,0.0
2013-06-24 00:00:00-04:00,54.47999954223633,54.47999954223633,53.36000061035156,54.31999969482422,2463,0.0,0.0
2013-06-25 00:00:00-04:00,54.63999938964844,56.0,54.63999938964844,55.91999816894531,4863,0.0,0.0
2013-06-26 00:00:00-04:00,55.91999816894531,56.15999984741211,55.84000015258789,55.84000015258789,1338,0.0,0.0
2013-06-27 00:00:00-04:00,56.2400016784668,56.47999954223633,55.040000915527344,56.2400016784668,1475,0.0,0.0
2013-06-28 00:00:00-04:00,55.599998474121094,57.040000915527344,55.599998474121094,57.040000915527344,2150,0.0,0.0
2013-07-01 00:00:00-04:00,57.040000915527344,57.040000915527344,56.2400016784668,56.720001220703125,17850,0.0,0.0
2013-07-02 00:00:00-04:00,55.84000015258789,58.0,55.84000015258789,58.0,8313,0.0,0.0
2013-07-03 00:00:00-04:00,58.2400016784668,59.599998474121094,58.2400016784668,59.599998474121094,3913,0.0,0.0
2013-07-05 00:00:00-04:00,59.20000076293945,59.7599983215332,59.040000915527344,59.7599983215332,5175,0.0,0.0
2013-07-08 00:00:00-04:00,59.91999816894531,63.84000015258789,59.91999816894531,62.400001525878906,13413,0.0,0.0
2013-07-09 00:00:00-04:00,62.0,64.16000366210938,62.0,64.08000183105469,14638,0.0,0.0
2013-07-10 00:00:00-04:00,64.31999969482422,67.5999984741211,64.31999969482422,66.0,13813,0.0,0.0
2013-07-11 00:00:00-04:00,67.19999694824219,71.5999984741211,67.12000274658203,69.27999877929688,27988,0.0,0.0
2013-07-12 00:00:00-04:00,68.87999725341797,69.91999816894531,68.08000183105469,69.5999984741211,2963,0.0,0.0
2013-07-15 00:00:00-04:00,69.91999816894531,72.0,69.68000030517578,72.0,14625,0.0,0.0
2013-07-16 00:00:00-04:00,72.0,72.0,68.0,69.04000091552734,16575,0.0,0.0
2013-07-17 00:00:00-04:00,69.04000091552734,72.0,68.87999725341797,69.83999633789062,8325,0.0,0.0
2013-07-18 00:00:00-04:00,69.5999984741211,69.5999984741211,57.20000076293945,59.91999816894531,19488,0.0,0.0
2013-07-19 00:00:00-04:00,59.91999816894531,63.91999816894531,59.91999816894531,61.52000045776367,9613,0.0,0.0
2013-07-22 00:00:00-04:00,63.84000015258789,65.91999816894531,63.36000061035156,65.5199966430664,16225,0.0,0.0
2013-07-23 00:00:00-04:00,66.16000366210938,66.63999938964844,61.599998474121094,63.36000061035156,6038,0.0,0.0
2013-07-24 00:00:00-04:00,64.4000015258789,66.23999786376953,61.439998626708984,61.599998474121094,21900,0.0,0.0
2013-07-25 00:00:00-04:00,62.0,63.91999816894531,61.36000061035156,62.15999984741211,2788,0.0,0.0
2013-07-26 00:00:00-04:00,62.0,62.400001525878906,58.720001220703125,61.52000045776367,7725,0.0,0.0
2013-07-29 00:00:00-04:00,62.08000183105469,62.2400016784668,57.040000915527344,58.959999084472656,6275,0.0,0.0
2013-07-30 00:00:00-04:00,60.2400016784668,60.2400016784668,54.959999084472656,58.31999969482422,23075,0.0,0.0
2013-07-31 00:00:00-04:00,58.79999923706055,59.599998474121094,58.400001525878906,59.20000076293945,11275,0.0,0.0
2013-08-01 00:00:00-04:00,59.20000076293945,61.279998779296875,58.560001373291016,60.79999923706055,3463,0.0,0.0
2013-08-02 00:00:00-04:00,60.08000183105469,62.08000183105469,60.08000183105469,61.52000045776367,5963,0.0,0.0
2013-08-05 00:00:00-04:00,61.91999816894531,63.279998779296875,60.0,61.52000045776367,7388,0.0,0.0
2013-08-06 00:00:00-04:00,55.20000076293945,59.84000015258789,51.439998626708984,58.2400016784668,18325,0.0,0.0
2013-08-07 00:00:00-04:00,58.63999938964844,62.400001525878906,57.040000915527344,58.15999984741211,5000,0.0,0.0
2013-08-08 00:00:00-04:00,58.79999923706055,63.279998779296875,57.7599983215332,59.68000030517578,3425,0.0,0.0
2013-08-09 00:00:00-04:00,58.959999084472656,60.08000183105469,57.279998779296875,58.15999984741211,6100,0.0,0.0
2013-08-12 00:00:00-04:00,56.560001373291016,59.040000915527344,56.400001525878906,58.79999923706055,20563,0.0,0.0
2013-08-13 00:00:00-04:00,56.959999084472656,61.84000015258789,56.959999084472656,61.7599983215332,5325,0.0,0.0
2013-08-14 00:00:00-04:00,61.84000015258789,62.31999969482422,58.79999923706055,60.47999954223633,15813,0.0,0.0
2013-08-15 00:00:00-04:00,59.91999816894531,62.31999969482422,58.47999954223633,60.08000183105469,2175,0.0,0.0
2013-08-16 00:00:00-04:00,60.0,62.0,58.560001373291016,59.52000045776367,5288,0.0,0.0
2013-08-19 00:00:00-04:00,60.15999984741211,60.15999984741211,59.040000915527344,59.040000915527344,1700,0.0,0.0
2013-08-20 00:00:00-04:00,59.20000076293945,61.7599983215332,59.119998931884766,59.439998626708984,700,0.0,0.0
2013-08-21 00:00:00-04:00,59.040000915527344,60.79999923706055,56.47999954223633,56.47999954223633,1763,0.0,0.0
2013-08-22 00:00:00-04:00,57.599998474121094,59.040000915527344,56.79999923706055,56.880001068115234,638,0.0,0.0
2013-08-23 00:00:00-04:00,57.119998931884766,60.15999984741211,55.52000045776367,57.52000045776367,3763,0.0,0.0
2013-08-26 00:00:00-04:00,56.2400016784668,58.08000183105469,54.959999084472656,56.0,6963,0.0,0.0
2013-08-27 00:00:00-04:00,56.0,57.119998931884766,55.20000076293945,55.7599983215332,1650,0.0,0.0
2013-08-28 00:00:00-04:00,55.68000030517578,56.79999923706055,54.560001373291016,56.79999923706055,2650,0.0,0.0
2013-08-29 00:00:00-04:00,56.0,56.959999084472656,54.959999084472656,55.7599983215332,2350,0.0,0.0
2013-08-30 00:00:00-04:00,55.91999816894531,57.279998779296875,55.20000076293945,56.2400016784668,1863,0.0,0.0
2013-09-03 00:00:00-04:00,57.279998779296875,57.599998474121094,54.560001373291016,56.0,5000,0.0,0.0
2013-09-04 00:00:00-04:00,56.2400016784668,57.599998474121094,54.880001068115234,57.599998474121094,2050,0.0,0.0
2013-09-05 00:00:00-04:00,57.52000045776367,57.52000045776367,54.880001068115234,57.20000076293945,3788,0.0,0.0
2013-09-06 00:00:00-04:00,56.560001373291016,56.79999923706055,54.560001373291016,54.880001068115234,5688,0.0,0.0
2013-09-09 00:00:00-04:00,53.84000015258789,54.560001373291016,50.08000183105469,53.7599983215332,14200,0.0,0.0
2013-09-10 00:00:00-04:00,53.7599983215332,55.279998779296875,53.7599983215332,54.959999084472656,688,0.0,0.0
2013-09-11 00:00:00-04:00,53.68000030517578,55.119998931884766,53.279998779296875,55.119998931884766,2700,0.0,0.0
2013-09-12 00:00:00-04:00,54.959999084472656,55.91999816894531,52.959999084472656,54.880001068115234,2613,0.0,0.0
2013-09-13 00:00:00-04:00,54.720001220703125,55.7599983215332,52.63999938964844,53.91999816894531,4525,0.0,0.0
2013-09-16 00:00:00-04:00,54.400001525878906,55.84000015258789,53.040000915527344,53.84000015258789,2063,0.0,0.0
2013-09-17 00:00:00-04:00,54.15999984741211,55.599998474121094,53.439998626708984,55.36000061035156,1538,0.0,0.0
2013-09-18 00:00:00-04:00,55.20000076293945,56.47999954223633,54.15999984741211,55.20000076293945,2738,0.0,0.0
2013-09-19 00:00:00-04:00,54.959999084472656,56.31999969482422,54.47999954223633,55.20000076293945,3225,0.0,0.0
2013-09-20 00:00:00-04:00,54.720001220703125,56.79999923706055,54.15999984741211,54.47999954223633,2338,0.0,0.0
2013-09-23 00:00:00-04:00,54.47999954223633,55.599998474121094,53.599998474121094,54.400001525878906,2113,0.0,0.0
2013-09-24 00:00:00-04:00,54.560001373291016,56.0,53.91999816894531,55.599998474121094,3175,0.0,0.0
2013-09-25 00:00:00-04:00,55.599998474121094,58.2400016784668,55.52000045776367,55.52000045776367,2913,0.0,0.0
2013-09-26 00:00:00-04:00,56.0,56.959999084472656,53.84000015258789,53.84000015258789,1075,0.0,0.0
2013-09-27 00:00:00-04:00,54.880001068115234,58.2400016784668,53.84000015258789,53.84000015258789,988,0.0,0.0
2013-09-30 00:00:00-04:00,53.91999816894531,57.279998779296875,53.91999816894531,56.720001220703125,7588,0.0,0.0
2013-10-01 00:00:00-04:00,56.15999984741211,58.31999969482422,54.0,58.31999969482422,2813,0.0,0.0
2013-10-02 00:00:00-04:00,57.599998474121094,58.560001373291016,57.599998474121094,58.31999969482422,1313,0.0,0.0
2013-10-03 00:00:00-04:00,57.68000030517578,58.560001373291016,55.68000030517578,57.7599983215332,1913,0.0,0.0
2013-10-04 00:00:00-04:00,58.08000183105469,58.720001220703125,57.599998474121094,58.47999954223633,1363,0.0,0.0
2013-10-07 00:00:00-04:00,58.400001525878906,58.720001220703125,57.68000030517578,58.63999938964844,2400,0.0,0.0
2013-10-08 00:00:00-04:00,58.15999984741211,58.63999938964844,57.599998474121094,58.400001525878906,1750,0.0,0.0
2013-10-09 00:00:00-04:00,57.599998474121094,58.63999938964844,56.400001525878906,57.52000045776367,4125,0.0,0.0
2013-10-10 00:00:00-04:00,57.599998474121094,58.47999954223633,56.0,57.52000045776367,3975,0.0,0.0
2013-10-11 00:00:00-04:00,57.52000045776367,58.79999923706055,56.08000183105469,58.2400016784668,1950,0.0,0.0
2013-10-14 00:00:00-04:00,57.7599983215332,59.040000915527344,55.279998779296875,58.79999923706055,4050,0.0,0.0
2013-10-15 00:00:00-04:00,58.560001373291016,59.040000915527344,58.08000183105469,58.63999938964844,1838,0.0,0.0
2013-10-16 00:00:00-04:00,58.560001373291016,59.439998626708984,58.560001373291016,59.20000076293945,1825,0.0,0.0
2013-10-17 00:00:00-04:00,58.959999084472656,59.52000045776367,57.68000030517578,59.119998931884766,750,0.0,0.0
2013-10-18 00:00:00-04:00,59.119998931884766,59.91999816894531,58.400001525878906,59.7599983215332,1488,0.0,0.0
2013-10-21 00:00:00-04:00,60.0,61.279998779296875,59.279998779296875,61.119998931884766,2150,0.0,0.0
2013-10-22 00:00:00-04:00,60.959999084472656,61.7599983215332,59.68000030517578,61.68000030517578,2113,0.0,0.0
2013-10-23 00:00:00-04:00,61.52000045776367,62.63999938964844,61.52000045776367,62.15999984741211,2063,0.0,0.0
2013-10-24 00:00:00-04:00,62.47999954223633,63.439998626708984,61.279998779296875,62.880001068115234,1963,0.0,0.0
2013-10-25 00:00:00-04:00,62.31999969482422,64.23999786376953,62.2400016784668,64.23999786376953,11488,0.0,0.0
2013-10-28 00:00:00-04:00,64.0,65.5999984741211,64.0,65.04000091552734,15613,0.0,0.0
2013-10-29 00:00:00-04:00,65.19999694824219,65.5999984741211,64.08000183105469,65.5999984741211,9388,0.0,0.0
2013-10-30 00:00:00-04:00,65.5199966430664,65.68000030517578,61.91999816894531,65.19999694824219,10113,0.0,0.0
2013-10-31 00:00:00-04:00,64.87999725341797,66.23999786376953,64.80000305175781,65.5999984741211,3500,0.0,0.0
2013-11-01 00:00:00-04:00,65.5999984741211,66.0,65.5999984741211,65.68000030517578,1300,0.0,0.0
2013-11-04 00:00:00-05:00,65.5999984741211,67.19999694824219,61.599998474121094,66.63999938964844,4250,0.0,0.0
2013-11-05 00:00:00-05:00,65.68000030517578,67.19999694824219,65.68000030517578,66.55999755859375,4913,0.0,0.0
2013-11-06 00:00:00-05:00,66.55999755859375,67.68000030517578,65.68000030517578,66.63999938964844,5650,0.0,0.0
2013-11-07 00:00:00-05:00,66.23999786376953,67.83999633789062,65.19999694824219,66.87999725341797,3650,0.0,0.0
2013-11-08 00:00:00-05:00,67.12000274658203,68.0,66.4800033569336,67.44000244140625,4063,0.0,0.0
2013-11-11 00:00:00-05:00,67.76000213623047,68.55999755859375,65.68000030517578,68.16000366210938,4338,0.0,0.0
2013-11-12 00:00:00-05:00,68.72000122070312,72.72000122070312,68.23999786376953,72.0,10825,0.0,0.0
2013-11-13 00:00:00-05:00,72.31999969482422,74.72000122070312,72.0,73.68000030517578,8738,0.0,0.0
2013-11-14 00:00:00-05:00,74.0,75.91999816894531,72.4000015258789,75.36000061035156,28213,0.0,0.0
2013-11-15 00:00:00-05:00,75.12000274658203,75.12000274658203,68.87999725341797,71.83999633789062,24225,0.0,0.0
2013-11-18 00:00:00-05:00,73.36000061035156,75.04000091552734,69.68000030517578,70.23999786376953,21675,0.0,0.0
2013-11-19 00:00:00-05:00,69.68000030517578,70.87999725341797,68.55999755859375,70.23999786376953,11575,0.0,0.0
2013-11-20 00:00:00-05:00,70.23999786376953,72.80000305175781,68.4000015258789,70.63999938964844,9788,0.0,0.0
2013-11-21 00:00:00-05:00,71.04000091552734,72.72000122070312,70.23999786376953,70.95999908447266,5475,0.0,0.0
2013-11-22 00:00:00-05:00,71.44000244140625,72.72000122070312,69.36000061035156,72.08000183105469,3450,0.0,0.0
2013-11-25 00:00:00-05:00,72.4000015258789,73.44000244140625,72.23999786376953,73.04000091552734,2500,0.0,0.0
2013-11-26 00:00:00-05:00,73.5999984741211,75.83999633789062,73.12000274658203,75.27999877929688,4300,0.0,0.0
2013-11-27 00:00:00-05:00,74.63999938964844,75.68000030517578,73.68000030517578,75.04000091552734,3050,0.0,0.0
2013-11-29 00:00:00-05:00,74.80000305175781,75.68000030517578,72.72000122070312,75.68000030517578,6963,0.0,0.0
2013-12-02 00:00:00-05:00,75.5999984741211,76.4000015258789,73.83999633789062,74.80000305175781,6513,0.0,0.0
2013-12-03 00:00:00-05:00,73.5999984741211,74.0,71.76000213623047,72.4800033569336,3013,0.0,0.0
2013-12-04 00:00:00-05:00,72.95999908447266,73.12000274658203,70.4000015258789,70.4000015258789,1600,0.0,0.0
2013-12-05 00:00:00-05:00,70.08000183105469,72.0,70.0,70.0,2963,0.0,0.0
2013-12-06 00:00:00-05:00,70.08000183105469,70.80000305175781,69.76000213623047,70.80000305175781,1500,0.0,0.0
2013-12-09 00:00:00-05:00,71.5999984741211,73.91999816894531,70.55999755859375,73.27999877929688,2075,0.0,0.0
2013-12-10 00:00:00-05:00,73.19999694824219,73.5999984741211,70.23999786376953,70.31999969482422,963,0.0,0.0
2013-12-11 00:00:00-05:00,70.0,72.23999786376953,70.0,70.4000015258789,750,0.0,0.0
2013-12-12 00:00:00-05:00,70.31999969482422,71.04000091552734,70.0,70.0,775,0.0,0.0
2013-12-13 00:00:00-05:00,70.23999786376953,70.87999725341797,70.0,70.0,800,0.0,0.0
2013-12-16 00:00:00-05:00,69.91999816894531,73.36000061035156,69.91999816894531,70.72000122070312,2525,0.0,0.0
2013-12-17 00:00:00-05:00,70.63999938964844,71.12000274658203,70.0,70.31999969482422,675,0.0,0.0
2013-12-18 00:00:00-05:00,70.08000183105469,72.72000122070312,70.0,72.72000122070312,1738,0.0,0.0
2013-12-19 00:00:00-05:00,72.80000305175781,74.0,71.44000244140625,73.91999816894531,1313,0.0,0.0
2013-12-20 00:00:00-05:00,74.08000183105469,74.08000183105469,71.19999694824219,72.95999908447266,2788,0.0,0.0
2013-12-23 00:00:00-05:00,73.19999694824219,73.19999694824219,70.08000183105469,72.80000305175781,1475,0.0,0.0
2013-12-24 00:00:00-05:00,72.55999755859375,72.95999908447266,72.16000366210938,72.63999938964844,150,0.0,0.0
2013-12-26 00:00:00-05:00,73.19999694824219,73.76000213623047,71.76000213623047,73.76000213623047,2050,0.0,0.0
2013-12-27 00:00:00-05:00,73.5999984741211,74.0,72.72000122070312,73.91999816894531,1775,0.0,0.0
2013-12-30 00:00:00-05:00,74.0,79.5199966430664,74.0,79.5199966430664,18400,0.0,0.0
2013-12-31 00:00:00-05:00,79.5199966430664,81.76000213623047,79.04000091552734,79.83999633789062,10988,0.0,0.0
2014-01-02 00:00:00-05:00,79.76000213623047,79.76000213623047,75.83999633789062,77.91999816894531,4888,0.0,0.0
2014-01-03 00:00:00-05:00,77.36000061035156,79.5999984741211,75.91999816894531,77.04000091552734,2738,0.0,0.0
2014-01-06 00:00:00-05:00,77.68000030517578,78.31999969482422,72.08000183105469,77.27999877929688,4275,0.0,0.0
2014-01-07 00:00:00-05:00,77.83999633789062,78.0,74.4000015258789,76.80000305175781,2425,0.0,0.0
2014-01-08 00:00:00-05:00,77.19999694824219,77.19999694824219,75.76000213623047,76.16000366210938,875,0.0,0.0
2014-01-09 00:00:00-05:00,76.16000366210938,77.12000274658203,75.76000213623047,75.91999816894531,1013,0.0,0.0
2014-01-10 00:00:00-05:00,76.95999908447266,76.95999908447266,73.5999984741211,75.36000061035156,5975,0.0,0.0
2014-01-13 00:00:00-05:00,75.5999984741211,78.08000183105469,75.04000091552734,77.04000091552734,7325,0.0,0.0
2014-01-14 00:00:00-05:00,76.72000122070312,78.16000366210938,76.72000122070312,77.5999984741211,6325,0.0,0.0
2014-01-15 00:00:00-05:00,78.4000015258789,84.23999786376953,78.4000015258789,83.76000213623047,11163,0.0,0.0
2014-01-16 00:00:00-05:00,84.23999786376953,89.68000030517578,84.0,88.16000366210938,14513,0.0,0.0
2014-01-17 00:00:00-05:00,88.4000015258789,88.80000305175781,87.04000091552734,87.91999816894531,3538,0.0,0.0
2014-01-21 00:00:00-05:00,88.80000305175781,89.5199966430664,86.55999755859375,88.72000122070312,10450,0.0,0.0
2014-01-22 00:00:00-05:00,89.27999877929688,89.5199966430664,88.0,88.4800033569336,15475,0.0,0.0
2014-01-23 00:00:00-05:00,87.83999633789062,89.12000274658203,85.5999984741211,88.0,5900,0.0,0.0
2014-01-24 00:00:00-05:00,88.16000366210938,88.55999755859375,78.4000015258789,82.31999969482422,10338,0.0,0.0
2014-01-27 00:00:00-05:00,83.27999877929688,88.80000305175781,78.4000015258789,78.63999938964844,5588,0.0,0.0
2014-01-28 00:00:00-05:00,79.5999984741211,79.68000030517578,76.55999755859375,77.76000213623047,3475,0.0,0.0
2014-01-29 00:00:00-05:00,77.76000213623047,79.44000244140625,74.0,77.19999694824219,2600,0.0,0.0
2014-01-30 00:00:00-05:00,77.68000030517578,78.95999908447266,75.27999877929688,76.95999908447266,4138,0.0,0.0
2014-01-31 00:00:00-05:00,76.72000122070312,79.19999694824219,74.0,75.44000244140625,1588,0.0,0.0
2014-02-03 00:00:00-05:00,76.16000366210938,76.16000366210938,72.4800033569336,73.19999694824219,3338,0.0,0.0
2014-02-04 00:00:00-05:00,73.19999694824219,74.55999755859375,72.80000305175781,73.68000030517578,3538,0.0,0.0
2014-02-05 00:00:00-05:00,73.83999633789062,73.83999633789062,72.31999969482422,72.31999969482422,1900,0.0,0.0
2014-02-06 00:00:00-05:00,72.80000305175781,72.80000305175781,70.72000122070312,72.4800033569336,3188,0.0,0.0
2014-02-07 00:00:00-05:00,72.31999969482422,73.19999694824219,72.31999969482422,73.12000274658203,513,0.0,0.0
2014-02-10 00:00:00-05:00,73.68000030517578,74.80000305175781,73.68000030517578,74.55999755859375,1213,0.0,0.0
2014-02-11 00:00:00-05:00,74.08000183105469,75.76000213623047,72.23999786376953,74.4800033569336,1513,0.0,0.0
2014-02-12 00:00:00-05:00,74.72000122070312,75.19999694824219,70.72000122070312,71.19999694824219,8675,0.0,0.0
2014-02-13 00:00:00-05:00,71.36000061035156,73.5999984741211,71.19999694824219,72.80000305175781,3513,0.0,0.0
2014-02-14 00:00:00-05:00,72.23999786376953,73.5199966430664,71.76000213623047,73.04000091552734,3938,0.0,0.0
2014-02-18 00:00:00-05:00,72.23999786376953,73.12000274658203,71.27999877929688,72.80000305175781,3738,0.0,0.0
2014-02-19 00:00:00-05:00,72.95999908447266,73.12000274658203,71.36000061035156,72.23999786376953,2813,0.0,0.0
2014-02-20 00:00:00-05:00,71.44000244140625,72.80000305175781,71.36000061035156,72.4000015258789,2038,0.0,0.0
2014-02-21 00:00:00-05:00,78.31999969482422,78.31999969482422,72.4800033569336,72.55999755859375,1113,0.0,0.0
2014-02-24 00:00:00-05:00,73.12000274658203,73.5999984741211,72.0,72.87999725341797,2488,0.0,0.0
2014-02-25 00:00:00-05:00,73.12000274658203,73.36000061035156,72.4000015258789,72.80000305175781,4750,0.0,0.0
2014-02-26 00:00:00-05:00,72.4800033569336,73.83999633789062,72.4000015258789,72.63999938964844,2263,0.0,0.0
2014-02-27 00:00:00-05:00,72.63999938964844,75.83999633789062,72.63999938964844,74.63999938964844,850,0.0,0.0
2014-02-28 00:00:00-05:00,74.80000305175781,77.04000091552734,74.63999938964844,75.5199966430664,5175,0.0,0.0
2014-03-03 00:00:00-05:00,75.44000244140625,76.4000015258789,74.0,74.0,2963,0.0,0.0
2014-03-04 00:00:00-05:00,71.19999694824219,71.5199966430664,59.20000076293945,59.68000030517578,55863,0.0,0.0
2014-03-05 00:00:00-05:00,60.400001525878906,61.52000045776367,55.040000915527344,55.279998779296875,90400,0.0,0.0
2014-03-06 00:00:00-05:00,55.84000015258789,55.84000015258789,53.68000030517578,54.08000183105469,14363,0.0,0.0
2014-03-07 00:00:00-05:00,54.47999954223633,55.439998626708984,54.47999954223633,54.560001373291016,7625,0.0,0.0
2014-03-10 00:00:00-04:00,54.79999923706055,55.599998474121094,52.31999969482422,53.52000045776367,5788,0.0,0.0
2014-03-11 00:00:00-04:00,53.52000045776367,55.279998779296875,52.79999923706055,54.0,8363,0.0,0.0
2014-03-12 00:00:00-04:00,54.400001525878906,55.52000045776367,54.0,54.720001220703125,7925,0.0,0.0
2014-03-13 00:00:00-04:00,54.79999923706055,55.20000076293945,54.08000183105469,54.63999938964844,4925,0.0,0.0
2014-03-14 00:00:00-04:00,54.2400016784668,55.040000915527344,54.2400016784668,54.959999084472656,6263,0.0,0.0
2014-03-17 00:00:00-04:00,55.279998779296875,55.279998779296875,53.599998474121094,54.560001373291016,8338,0.0,0.0
2014-03-18 00:00:00-04:00,54.0,54.720001220703125,54.0,54.47999954223633,8038,0.0,0.0
2014-03-19 00:00:00-04:00,54.880001068115234,54.880001068115234,53.7599983215332,54.0,3500,0.0,0.0
2014-03-20 00:00:00-04:00,54.0,55.439998626708984,54.0,54.400001525878906,6400,0.0,0.0
2014-03-21 00:00:00-04:00,54.15999984741211,54.63999938964844,54.0,54.63999938964844,8088,0.0,0.0
2014-03-24 00:00:00-04:00,54.79999923706055,54.79999923706055,54.0,54.0,6988,0.0,0.0
2014-03-25 00:00:00-04:00,54.2400016784668,54.63999938964844,54.0,54.0,1413,0.0,0.0
2014-03-26 00:00:00-04:00,54.15999984741211,54.2400016784668,54.0,54.0,5838,0.0,0.0
2014-03-27 00:00:00-04:00,54.0,54.400001525878906,54.0,54.400001525878906,6088,0.0,0.0
2014-03-28 00:00:00-04:00,54.15999984741211,54.31999969482422,53.7599983215332,54.0,6138,0.0,0.0
2014-03-31 00:00:00-04:00,54.08000183105469,54.720001220703125,53.84000015258789,54.31999969482422,9125,0.0,0.0
2014-04-01 00:00:00-04:00,54.2400016784668,54.79999923706055,54.0,54.79999923706055,4763,0.0,0.0
2014-04-02 00:00:00-04:00,54.959999084472656,55.279998779296875,54.47999954223633,55.20000076293945,1625,0.0,0.0
2014-04-03 00:00:00-04:00,54.959999084472656,54.959999084472656,54.2400016784668,54.560001373291016,3050,0.0,0.0
2014-04-04 00:00:00-04:00,54.400001525878906,56.0,54.0,55.279998779296875,5550,0.0,0.0
2014-04-07 00:00:00-04:00,54.79999923706055,55.7599983215332,54.720001220703125,55.439998626708984,2263,0.0,0.0
2014-04-08 00:00:00-04:00,55.20000076293945,55.7599983215332,54.2400016784668,55.119998931884766,3800,0.0,0.0
2014-04-09 00:00:00-04:00,55.20000076293945,55.599998474121094,54.560001373291016,54.79999923706055,2225,0.0,0.0
2014-04-10 00:00:00-04:00,54.959999084472656,55.279998779296875,54.47999954223633,54.959999084472656,2300,0.0,0.0
2014-04-11 00:00:00-04:00,54.63999938964844,54.959999084472656,54.400001525878906,54.959999084472656,1638,0.0,0.0
2014-04-14 00:00:00-04:00,54.959999084472656,55.599998474121094,54.720001220703125,55.119998931884766,1450,0.0,0.0
2014-04-15 00:00:00-04:00,54.880001068115234,55.279998779296875,54.79999923706055,55.279998779296875,1338,0.0,0.0
2014-04-16 00:00:00-04:00,55.279998779296875,55.439998626708984,54.880001068115234,55.439998626708984,2000,0.0,0.0
2014-04-17 00:00:00-04:00,55.20000076293945,55.439998626708984,55.20000076293945,55.439998626708984,500,0.0,0.0
2014-04-21 00:00:00-04:00,55.279998779296875,55.599998474121094,54.400001525878906,55.439998626708984,4725,0.0,0.0
2014-04-22 00:00:00-04:00,55.599998474121094,57.20000076293945,55.52000045776367,56.560001373291016,2663,0.0,0.0
2014-04-23 00:00:00-04:00,56.720001220703125,57.119998931884766,56.400001525878906,56.63999938964844,2163,0.0,0.0
2014-04-24 00:00:00-04:00,56.2400016784668,56.880001068115234,54.08000183105469,56.720001220703125,3838,0.0,0.0
2014-04-25 00:00:00-04:00,56.15999984741211,56.15999984741211,52.79999923706055,54.0,3613,0.0,0.0
2014-04-28 00:00:00-04:00,53.68000030517578,53.68000030517578,48.560001373291016,49.040000915527344,10388,0.0,0.0
2014-04-29 00:00:00-04:00,50.2400016784668,51.20000076293945,49.91999816894531,51.040000915527344,2663,0.0,0.0
2014-04-30 00:00:00-04:00,51.20000076293945,51.36000061035156,50.31999969482422,51.20000076293945,488,0.0,0.0
2014-05-01 00:00:00-04:00,50.63999938964844,50.63999938964844,48.63999938964844,50.63999938964844,1625,0.0,0.0
2014-05-02 00:00:00-04:00,51.279998779296875,51.279998779296875,49.36000061035156,49.7599983215332,513,0.0,0.0
2014-05-05 00:00:00-04:00,50.0,52.0,50.0,51.36000061035156,1075,0.0,0.0
2014-05-06 00:00:00-04:00,51.52000045776367,51.91999816894531,50.720001220703125,50.880001068115234,1038,0.0,0.0
2014-05-07 00:00:00-04:00,50.880001068115234,50.880001068115234,47.84000015258789,47.84000015258789,1250,0.0,0.0
2014-05-08 00:00:00-04:00,47.91999816894531,47.91999816894531,45.52000045776367,47.119998931884766,2475,0.0,0.0
2014-05-09 00:00:00-04:00,46.720001220703125,46.79999923706055,45.84000015258789,45.84000015258789,750,0.0,0.0
2014-05-12 00:00:00-04:00,45.36000061035156,48.720001220703125,45.36000061035156,46.63999938964844,2825,0.0,0.0
2014-05-13 00:00:00-04:00,49.20000076293945,49.279998779296875,46.15999984741211,48.400001525878906,3563,0.0,0.0
2014-05-14 00:00:00-04:00,49.040000915527344,49.68000030517578,48.15999984741211,49.20000076293945,1000,0.0,0.0
2014-05-15 00:00:00-04:00,49.20000076293945,49.599998474121094,48.560001373291016,49.20000076293945,1925,0.0,0.0
2014-05-16 00:00:00-04:00,48.880001068115234,49.599998474121094,48.880001068115234,49.20000076293945,813,0.0,0.0
2014-05-19 00:00:00-04:00,49.20000076293945,49.36000061035156,49.20000076293945,49.20000076293945,275,0.0,0.0
2014-05-20 00:00:00-04:00,49.20000076293945,50.959999084472656,48.79999923706055,49.20000076293945,2625,0.0,0.0
2014-05-21 00:00:00-04:00,48.880001068115234,49.91999816894531,48.880001068115234,49.36000061035156,750,0.0,0.0
2014-05-22 00:00:00-04:00,49.040000915527344,49.68000030517578,48.79999923706055,49.599998474121094,550,0.0,0.0
2014-05-23 00:00:00-04:00,48.880001068115234,50.47999954223633,48.720001220703125,50.47999954223633,1138,0.0,0.0
2014-05-27 00:00:00-04:00,49.91999816894531,50.880001068115234,49.279998779296875,50.400001525878906,1988,0.0,0.0
2014-05-28 00:00:00-04:00,50.560001373291016,50.560001373291016,48.400001525878906,49.279998779296875,225,0.0,0.0
2014-05-29 00:00:00-04:00,49.7599983215332,50.880001068115234,49.20000076293945,49.7599983215332,1275,0.0,0.0
2014-05-30 00:00:00-04:00,50.880001068115234,50.880001068115234,50.15999984741211,50.47999954223633,1188,0.0,0.0
2014-06-02 00:00:00-04:00,50.2400016784668,50.31999969482422,50.0,50.0,238,0.0,0.0
2014-06-03 00:00:00-04:00,49.52000045776367,49.52000045776367,47.91999816894531,48.0,2563,0.0,0.0
2014-06-04 00:00:00-04:00,48.400001525878906,48.720001220703125,47.279998779296875,48.08000183105469,1138,0.0,0.0
2014-06-05 00:00:00-04:00,48.0,49.040000915527344,48.0,48.880001068115234,763,0.0,0.0
2014-06-06 00:00:00-04:00,49.119998931884766,49.91999816894531,49.119998931884766,49.91999816894531,1813,0.0,0.0
2014-06-09 00:00:00-04:00,50.15999984741211,50.79999923706055,50.0,50.720001220703125,675,0.0,0.0
2014-06-10 00:00:00-04:00,50.15999984741211,50.15999984741211,49.20000076293945,50.15999984741211,2150,0.0,0.0
2014-06-11 00:00:00-04:00,50.15999984741211,51.119998931884766,49.91999816894531,51.119998931884766,725,0.0,0.0
2014-06-12 00:00:00-04:00,50.720001220703125,51.599998474121094,49.84000015258789,50.959999084472656,913,0.0,0.0
2014-06-13 00:00:00-04:00,51.36000061035156,51.91999816894531,50.0,51.91999816894531,2188,0.0,0.0
2014-06-16 00:00:00-04:00,49.84000015258789,52.560001373291016,49.84000015258789,51.68000030517578,2813,0.0,0.0
2014-06-17 00:00:00-04:00,52.15999984741211,53.36000061035156,52.0,52.15999984741211,1263,0.0,0.0
2014-06-18 00:00:00-04:00,51.439998626708984,54.2400016784668,51.439998626708984,54.2400016784668,4700,0.0,0.0
2014-06-19 00:00:00-04:00,53.040000915527344,54.15999984741211,51.84000015258789,53.119998931884766,1488,0.0,0.0
2014-06-20 00:00:00-04:00,52.47999954223633,53.599998474121094,52.47999954223633,53.599998474121094,1975,0.0,0.0
2014-06-23 00:00:00-04:00,52.63999938964844,53.7599983215332,52.63999938964844,53.279998779296875,1100,0.0,0.0
2014-06-24 00:00:00-04:00,53.36000061035156,53.36000061035156,52.400001525878906,52.720001220703125,2175,0.0,0.0
2014-06-25 00:00:00-04:00,53.040000915527344,53.119998931884766,52.79999923706055,53.040000915527344,650,0.0,0.0
2014-06-26 00:00:00-04:00,53.52000045776367,53.84000015258789,53.040000915527344,53.439998626708984,363,0.0,0.0
2014-06-27 00:00:00-04:00,53.84000015258789,55.119998931884766,53.84000015258789,55.119998931884766,2900,0.0,0.0
2014-06-30 00:00:00-04:00,55.599998474121094,55.599998474121094,53.439998626708984,54.400001525878906,2113,0.0,0.0
2014-07-01 00:00:00-04:00,54.79999923706055,55.7599983215332,54.0,55.040000915527344,9238,0.0,0.0
2014-07-02 00:00:00-04:00,55.040000915527344,55.91999816894531,54.2400016784668,55.599998474121094,2913,0.0,0.0
2014-07-03 00:00:00-04:00,55.599998474121094,56.0,55.20000076293945,56.0,488,0.0,0.0
2014-07-07 00:00:00-04:00,56.0,56.79999923706055,55.36000061035156,56.2400016784668,1300,0.0,0.0
2014-07-08 00:00:00-04:00,55.84000015258789,55.84000015258789,54.560001373291016,54.959999084472656,313,0.0,0.0
2014-07-09 00:00:00-04:00,54.959999084472656,55.20000076293945,54.560001373291016,55.20000076293945,925,0.0,0.0
2014-07-10 00:00:00-04:00,53.20000076293945,54.880001068115234,53.040000915527344,54.400001525878906,325,0.0,0.0
2014-07-11 00:00:00-04:00,54.79999923706055,55.040000915527344,54.47999954223633,55.040000915527344,175,0.0,0.0
2014-07-14 00:00:00-04:00,54.959999084472656,54.959999084472656,54.959999084472656,54.959999084472656,63,0.0,0.0
2014-07-15 00:00:00-04:00,54.959999084472656,56.720001220703125,53.68000030517578,54.720001220703125,588,0.0,0.0
2014-07-16 00:00:00-04:00,53.040000915527344,55.91999816894531,53.040000915527344,55.84000015258789,1275,0.0,0.0
2014-07-17 00:00:00-04:00,55.040000915527344,55.439998626708984,54.79999923706055,55.119998931884766,688,0.0,0.0
2014-07-18 00:00:00-04:00,55.91999816894531,56.0,52.0,55.279998779296875,975,0.0,0.0
2014-07-21 00:00:00-04:00,54.720001220703125,55.599998474121094,54.15999984741211,55.279998779296875,1938,0.0,0.0
2014-07-22 00:00:00-04:00,55.599998474121094,56.0,53.599998474121094,55.91999816894531,2813,0.0,0.0
2014-07-23 00:00:00-04:00,55.279998779296875,56.08000183105469,55.279998779296875,55.91999816894531,3000,0.0,0.0
2014-07-24 00:00:00-04:00,55.91999816894531,56.15999984741211,55.279998779296875,55.91999816894531,1213,0.0,0.0
2014-07-25 00:00:00-04:00,55.84000015258789,55.84000015258789,54.880001068115234,55.7599983215332,1813,0.0,0.0
2014-07-28 00:00:00-04:00,54.79999923706055,55.040000915527344,52.0,53.279998779296875,1025,0.0,0.0
2014-07-29 00:00:00-04:00,53.040000915527344,55.84000015258789,52.560001373291016,55.7599983215332,3813,0.0,0.0
2014-07-30 00:00:00-04:00,55.84000015258789,55.84000015258789,54.47999954223633,55.20000076293945,900,0.0,0.0
2014-07-31 00:00:00-04:00,54.63999938964844,54.880001068115234,53.040000915527344,53.119998931884766,375,0.0,0.0
2014-08-01 00:00:00-04:00,53.7599983215332,53.7599983215332,52.720001220703125,52.720001220703125,600,0.0,0.0
2014-08-04 00:00:00-04:00,52.880001068115234,55.68000030517578,52.880001068115234,53.68000030517578,938,0.0,0.0
2014-08-05 00:00:00-04:00,53.119998931884766,55.20000076293945,53.119998931884766,53.91999816894531,2888,0.0,0.0
2014-08-06 00:00:00-04:00,54.47999954223633,55.20000076293945,52.720001220703125,53.439998626708984,888,0.0,0.0
2014-08-07 00:00:00-04:00,53.040000915527344,54.2400016784668,51.68000030517578,53.040000915527344,2225,0.0,0.0
2014-08-08 00:00:00-04:00,52.63999938964844,55.20000076293945,51.36000061035156,51.84000015258789,900,0.0,0.0
2014-08-11 00:00:00-04:00,52.79999923706055,52.79999923706055,51.599998474121094,52.0,638,0.0,0.0
2014-08-12 00:00:00-04:00,52.31999969482422,52.63999938964844,51.84000015258789,52.2400016784668,1263,0.0,0.0
2014-08-13 00:00:00-04:00,52.560001373291016,54.720001220703125,51.7599983215332,52.880001068115234,2488,0.0,0.0
2014-08-14 00:00:00-04:00,52.31999969482422,54.400001525878906,52.15999984741211,53.68000030517578,2875,0.0,0.0
2014-08-15 00:00:00-04:00,54.0,55.119998931884766,52.31999969482422,54.880001068115234,2200,0.0,0.0
2014-08-18 00:00:00-04:00,54.08000183105469,54.880001068115234,52.63999938964844,53.7599983215332,3413,0.0,0.0
2014-08-19 00:00:00-04:00,52.959999084472656,54.47999954223633,52.720001220703125,53.439998626708984,1700,0.0,0.0
2014-08-20 00:00:00-04:00,53.040000915527344,53.68000030517578,52.08000183105469,52.400001525878906,800,0.0,0.0
2014-08-21 00:00:00-04:00,53.040000915527344,53.7599983215332,52.400001525878906,53.279998779296875,638,0.0,0.0
2014-08-22 00:00:00-04:00,52.959999084472656,53.119998931884766,52.2400016784668,52.79999923706055,913,0.0,0.0
2014-08-25 00:00:00-04:00,52.0,52.63999938964844,51.599998474121094,51.68000030517578,788,0.0,0.0
2014-08-26 00:00:00-04:00,52.63999938964844,53.91999816894531,51.68000030517578,53.84000015258789,1763,0.0,0.0
2014-08-27 00:00:00-04:00,53.91999816894531,54.0,53.7599983215332,54.0,388,0.0,0.0
2014-08-28 00:00:00-04:00,54.2400016784668,55.7599983215332,54.2400016784668,55.7599983215332,663,0.0,0.0
2014-08-29 00:00:00-04:00,55.7599983215332,55.7599983215332,53.279998779296875,55.68000030517578,5063,0.0,0.0
2014-09-02 00:00:00-04:00,55.599998474121094,55.7599983215332,54.79999923706055,55.7599983215332,525,0.0,0.0
2014-09-03 00:00:00-04:00,55.439998626708984,56.959999084472656,55.439998626708984,56.959999084472656,3875,0.0,0.0
2014-09-04 00:00:00-04:00,56.31999969482422,57.36000061035156,56.31999969482422,57.36000061035156,475,0.0,0.0
2014-09-05 00:00:00-04:00,57.439998626708984,57.52000045776367,56.47999954223633,57.36000061035156,438,0.0,0.0
2014-09-08 00:00:00-04:00,57.119998931884766,57.52000045776367,56.15999984741211,57.52000045776367,800,0.0,0.0
2014-09-09 00:00:00-04:00,57.599998474121094,59.20000076293945,57.20000076293945,59.119998931884766,1713,0.0,0.0
2014-09-10 00:00:00-04:00,59.20000076293945,60.0,58.560001373291016,59.68000030517578,1325,0.0,0.0
2014-09-11 00:00:00-04:00,58.79999923706055,59.040000915527344,58.15999984741211,59.040000915527344,388,0.0,0.0
2014-09-12 00:00:00-04:00,58.959999084472656,59.68000030517578,58.08000183105469,59.599998474121094,263,0.0,0.0
2014-09-15 00:00:00-04:00,59.91999816894531,60.0,58.31999969482422,59.279998779296875,1450,0.0,0.0
2014-09-16 00:00:00-04:00,59.279998779296875,59.68000030517578,58.0,59.119998931884766,550,0.0,0.0
2014-09-17 00:00:00-04:00,58.560001373291016,59.279998779296875,58.560001373291016,59.119998931884766,1775,0.0,0.0
2014-09-18 00:00:00-04:00,59.91999816894531,59.91999816894531,58.720001220703125,58.720001220703125,425,0.0,0.0
2014-09-19 00:00:00-04:00,58.47999954223633,59.91999816894531,58.0,58.0,2800,0.0,0.0
2014-09-22 00:00:00-04:00,58.79999923706055,59.599998474121094,58.79999923706055,59.439998626708984,1788,0.0,0.0
2014-09-23 00:00:00-04:00,59.20000076293945,59.36000061035156,59.20000076293945,59.279998779296875,63,0.0,0.0
2014-09-24 00:00:00-04:00,59.20000076293945,60.0,59.20000076293945,59.68000030517578,1113,0.0,0.0
2014-09-25 00:00:00-04:00,59.599998474121094,60.0,59.20000076293945,59.84000015258789,675,0.0,0.0
2014-09-26 00:00:00-04:00,60.0,60.79999923706055,59.20000076293945,60.79999923706055,1625,0.0,0.0
2014-09-29 00:00:00-04:00,59.68000030517578,60.0,58.880001068115234,59.20000076293945,550,0.0,0.0
2014-09-30 00:00:00-04:00,59.20000076293945,59.599998474121094,59.20000076293945,59.279998779296875,163,0.0,0.0
2014-10-01 00:00:00-04:00,59.20000076293945,60.15999984741211,58.880001068115234,60.15999984741211,1438,0.0,0.0
2014-10-02 00:00:00-04:00,60.15999984741211,60.15999984741211,59.279998779296875,59.279998779296875,238,0.0,0.0
2014-10-03 00:00:00-04:00,59.119998931884766,60.31999969482422,59.119998931884766,59.36000061035156,313,0.0,0.0
2014-10-06 00:00:00-04:00,58.31999969482422,59.439998626708984,58.15999984741211,59.279998779296875,775,0.0,0.0
2014-10-07 00:00:00-04:00,58.31999969482422,59.84000015258789,58.31999969482422,59.52000045776367,2988,0.0,0.0
2014-10-08 00:00:00-04:00,58.2400016784668,60.79999923706055,58.0,60.560001373291016,4450,0.0,0.0
2014-10-09 00:00:00-04:00,59.84000015258789,60.560001373291016,59.20000076293945,60.08000183105469,313,0.0,0.0
2014-10-10 00:00:00-04:00,60.15999984741211,60.15999984741211,59.20000076293945,59.439998626708984,275,0.0,0.0
2014-10-13 00:00:00-04:00,59.599998474121094,59.599998474121094,59.20000076293945,59.20000076293945,638,0.0,0.0
2014-10-14 00:00:00-04:00,60.08000183105469,60.08000183105469,58.08000183105469,58.720001220703125,2313,0.0,0.0
2014-10-15 00:00:00-04:00,58.08000183105469,58.15999984741211,52.0,56.79999923706055,1213,0.0,0.0
2014-10-16 00:00:00-04:00,55.040000915527344,58.08000183105469,52.31999969482422,56.880001068115234,638,0.0,0.0
2014-10-17 00:00:00-04:00,55.20000076293945,56.63999938964844,53.040000915527344,56.0,2538,0.0,0.0
2014-10-20 00:00:00-04:00,56.0,58.08000183105469,54.79999923706055,56.15999984741211,1450,0.0,0.0
2014-10-21 00:00:00-04:00,53.7599983215332,57.599998474121094,53.36000061035156,56.720001220703125,388,0.0,0.0
2014-10-22 00:00:00-04:00,55.439998626708984,55.439998626708984,53.52000045776367,55.439998626708984,975,0.0,0.0
2014-10-23 00:00:00-04:00,54.400001525878906,54.400001525878906,53.52000045776367,53.52000045776367,413,0.0,0.0
2014-10-24 00:00:00-04:00,52.720001220703125,54.400001525878906,52.720001220703125,54.31999969482422,763,0.0,0.0
2014-10-27 00:00:00-04:00,54.63999938964844,55.91999816894531,53.91999816894531,55.91999816894531,388,0.0,0.0
2014-10-28 00:00:00-04:00,55.52000045776367,55.84000015258789,52.31999969482422,54.47999954223633,338,0.0,0.0
2014-10-29 00:00:00-04:00,54.47999954223633,54.47999954223633,54.47999954223633,54.47999954223633,0,0.0,0.0
2014-10-30 00:00:00-04:00,52.880001068115234,53.20000076293945,51.68000030517578,53.20000076293945,2525,0.0,0.0
2014-10-31 00:00:00-04:00,53.119998931884766,53.36000061035156,52.08000183105469,52.15999984741211,1338,0.0,0.0
2014-11-03 00:00:00-05:00,52.63999938964844,53.439998626708984,51.599998474121094,52.63999938964844,450,0.0,0.0
2014-11-04 00:00:00-05:00,52.79999923706055,53.439998626708984,50.15999984741211,53.439998626708984,1400,0.0,0.0
2014-11-05 00:00:00-05:00,53.36000061035156,53.439998626708984,50.47999954223633,50.47999954223633,1163,0.0,0.0
2014-11-06 00:00:00-05:00,51.84000015258789,51.84000015258789,49.599998474121094,50.0,200,0.0,0.0
2014-11-07 00:00:00-05:00,49.7599983215332,49.7599983215332,48.15999984741211,48.15999984741211,788,0.0,0.0
2014-11-10 00:00:00-05:00,48.79999923706055,49.84000015258789,48.0,48.15999984741211,238,0.0,0.0
2014-11-11 00:00:00-05:00,50.08000183105469,50.08000183105469,46.880001068115234,47.279998779296875,2688,0.0,0.0
2014-11-12 00:00:00-05:00,47.279998779296875,47.36000061035156,40.0,46.0,4888,0.0,0.0
2014-11-13 00:00:00-05:00,47.040000915527344,47.84000015258789,46.0,46.08000183105469,738,0.0,0.0
2014-11-14 00:00:00-05:00,47.119998931884766,47.119998931884766,45.279998779296875,46.15999984741211,350,0.0,0.0
2014-11-17 00:00:00-05:00,45.279998779296875,46.08000183105469,45.119998931884766,46.08000183105469,1925,0.0,0.0
2014-11-18 00:00:00-05:00,44.880001068115234,46.63999938964844,44.880001068115234,45.599998474121094,1375,0.0,0.0
2014-11-19 00:00:00-05:00,45.68000030517578,45.84000015258789,45.52000045776367,45.84000015258789,300,0.0,0.0
2014-11-20 00:00:00-05:00,45.68000030517578,48.0,45.36000061035156,47.91999816894531,1200,0.0,0.0
2014-11-21 00:00:00-05:00,47.91999816894531,47.91999816894531,44.400001525878906,45.599998474121094,538,0.0,0.0
2014-11-24 00:00:00-05:00,46.2400016784668,48.720001220703125,46.2400016784668,46.959999084472656,713,0.0,0.0
2014-11-25 00:00:00-05:00,47.599998474121094,48.720001220703125,47.040000915527344,47.040000915527344,963,0.0,0.0
2014-11-26 00:00:00-05:00,47.91999816894531,47.91999816894531,45.91999816894531,45.91999816894531,613,0.0,0.0
2014-11-28 00:00:00-05:00,46.560001373291016,48.2400016784668,46.47999954223633,48.2400016784668,50,0.0,0.0
2014-12-01 00:00:00-05:00,46.63999938964844,48.720001220703125,45.599998474121094,47.84000015258789,1950,0.0,0.0
2014-12-02 00:00:00-05:00,47.20000076293945,47.91999816894531,47.20000076293945,47.20000076293945,438,0.0,0.0
2014-12-03 00:00:00-05:00,47.439998626708984,48.720001220703125,47.279998779296875,47.36000061035156,413,0.0,0.0
2014-12-04 00:00:00-05:00,47.20000076293945,48.47999954223633,46.0,46.959999084472656,3825,0.0,0.0
2014-12-05 00:00:00-05:00,47.20000076293945,47.36000061035156,47.040000915527344,47.040000915527344,963,0.0,0.0
2014-12-08 00:00:00-05:00,46.31999969482422,46.560001373291016,43.7599983215332,45.84000015258789,1325,0.0,0.0
2014-12-09 00:00:00-05:00,46.15999984741211,47.91999816894531,45.91999816894531,47.91999816894531,1375,0.0,0.0
2014-12-10 00:00:00-05:00,47.279998779296875,48.0,47.20000076293945,47.279998779296875,2125,0.0,0.0
2014-12-11 00:00:00-05:00,47.599998474121094,47.91999816894531,43.68000030517578,47.20000076293945,1850,0.0,0.0
2014-12-12 00:00:00-05:00,47.68000030517578,48.79999923706055,43.84000015258789,47.279998779296875,2013,0.0,0.0
2014-12-15 00:00:00-05:00,48.79999923706055,48.79999923706055,47.20000076293945,47.20000076293945,650,0.0,0.0
2014-12-16 00:00:00-05:00,44.959999084472656,49.599998474121094,44.959999084472656,49.599998474121094,763,0.0,0.0
2014-12-17 00:00:00-05:00,48.08000183105469,50.08000183105469,46.15999984741211,50.08000183105469,575,0.0,0.0
2014-12-18 00:00:00-05:00,48.08000183105469,48.08000183105469,48.08000183105469,48.08000183105469,38,0.0,0.0
2014-12-19 00:00:00-05:00,43.91999816894531,49.599998474121094,43.68000030517578,47.52000045776367,525,0.0,0.0
2014-12-22 00:00:00-05:00,48.720001220703125,50.0,47.91999816894531,50.0,1075,0.0,0.0
2014-12-23 00:00:00-05:00,47.7599983215332,50.0,47.20000076293945,48.79999923706055,975,0.0,0.0
2014-12-24 00:00:00-05:00,48.15999984741211,50.0,47.20000076293945,47.20000076293945,700,0.0,0.0
2014-12-26 00:00:00-05:00,48.400001525878906,49.91999816894531,47.20000076293945,47.279998779296875,1013,0.0,0.0
2014-12-29 00:00:00-05:00,47.91999816894531,49.68000030517578,47.36000061035156,47.52000045776367,325,0.0,0.0
2014-12-30 00:00:00-05:00,47.36000061035156,48.0,46.47999954223633,46.47999954223633,1200,0.0,0.0
2014-12-31 00:00:00-05:00,47.279998779296875,47.279998779296875,43.599998474121094,44.2400016784668,1713,0.0,0.0
2015-01-02 00:00:00-05:00,44.15999984741211,46.31999969482422,43.599998474121094,43.599998474121094,1063,0.0,0.0
2015-01-05 00:00:00-05:00,43.84000015258789,45.52000045776367,43.599998474121094,43.599998474121094,263,0.0,0.0
2015-01-06 00:00:00-05:00,43.91999816894531,45.040000915527344,42.31999969482422,44.63999938964844,1513,0.0,0.0
2015-01-07 00:00:00-05:00,47.20000076293945,48.959999084472656,42.560001373291016,46.400001525878906,5925,0.0,0.0
2015-01-08 00:00:00-05:00,46.400001525878906,47.7599983215332,45.52000045776367,45.52000045776367,2038,0.0,0.0
2015-01-09 00:00:00-05:00,45.119998931884766,45.91999816894531,45.119998931884766,45.20000076293945,900,0.0,0.0
2015-01-12 00:00:00-05:00,44.0,44.0,43.599998474121094,43.91999816894531,50,0.0,0.0
2015-01-13 00:00:00-05:00,43.91999816894531,43.91999816894531,43.91999816894531,43.91999816894531,0,0.0,0.0
2015-01-14 00:00:00-05:00,43.20000076293945,43.20000076293945,42.0,42.0,163,0.0,0.0
2015-01-15 00:00:00-05:00,42.0,42.08000183105469,41.599998474121094,41.68000030517578,288,0.0,0.0
2015-01-16 00:00:00-05:00,42.0,42.400001525878906,38.720001220703125,38.720001220703125,1513,0.0,0.0
2015-01-20 00:00:00-05:00,38.720001220703125,38.720001220703125,36.0,37.36000061035156,400,0.0,0.0
2015-01-21 00:00:00-05:00,36.400001525878906,36.400001525878906,32.79999923706055,32.79999923706055,275,0.0,0.0
2015-01-22 00:00:00-05:00,32.720001220703125,35.599998474121094,32.720001220703125,33.279998779296875,213,0.0,0.0
2015-01-23 00:00:00-05:00,34.400001525878906,37.599998474121094,34.0,36.400001525878906,325,0.0,0.0
2015-01-26 00:00:00-05:00,36.400001525878906,36.880001068115234,36.0,36.880001068115234,1050,0.0,0.0
2015-01-27 00:00:00-05:00,37.040000915527344,38.400001525878906,33.040000915527344,36.0,5638,0.0,0.0
2015-01-28 00:00:00-05:00,34.47999954223633,42.79999923706055,34.47999954223633,42.79999923706055,3850,0.0,0.0
2015-01-29 00:00:00-05:00,41.91999816894531,43.20000076293945,38.400001525878906,39.84000015258789,10563,0.0,0.0
2015-01-30 00:00:00-05:00,39.84000015258789,39.84000015258789,37.36000061035156,37.7599983215332,5613,0.0,0.0
2015-02-02 00:00:00-05:00,37.119998931884766,37.119998931884766,32.880001068115234,32.880001068115234,388,0.0,0.0
2015-02-03 00:00:00-05:00,33.599998474121094,33.84000015258789,31.280000686645508,33.7599983215332,1300,0.0,0.0
2015-02-04 00:00:00-05:00,32.560001373291016,37.84000015258789,32.31999969482422,33.7599983215332,1050,0.0,0.0
2015-02-05 00:00:00-05:00,33.040000915527344,35.36000061035156,28.719999313354492,29.600000381469727,3963,0.0,0.0
2015-02-06 00:00:00-05:00,30.479999542236328,32.47999954223633,29.760000228881836,29.920000076293945,725,0.0,0.0
2015-02-09 00:00:00-05:00,30.479999542236328,31.84000015258789,30.399999618530273,31.040000915527344,988,0.0,0.0
2015-02-10 00:00:00-05:00,30.799999237060547,33.20000076293945,30.559999465942383,32.400001525878906,4063,0.0,0.0
2015-02-11 00:00:00-05:00,31.760000228881836,36.2400016784668,31.280000686645508,34.47999954223633,5700,0.0,0.0
2015-02-12 00:00:00-05:00,36.0,38.0,34.63999938964844,37.91999816894531,2138,0.0,0.0
2015-02-13 00:00:00-05:00,38.560001373291016,46.400001525878906,38.08000183105469,40.0,18688,0.0,0.0
2015-02-17 00:00:00-05:00,40.79999923706055,43.68000030517578,34.2400016784668,35.7599983215332,9125,0.0,0.0
2015-02-18 00:00:00-05:00,36.400001525878906,37.91999816894531,32.79999923706055,32.79999923706055,1463,0.0,0.0
2015-02-19 00:00:00-05:00,32.79999923706055,35.52000045776367,32.79999923706055,33.439998626708984,1450,0.0,0.0
2015-02-20 00:00:00-05:00,33.84000015258789,35.20000076293945,32.2400016784668,33.119998931884766,2050,0.0,0.0
2015-02-23 00:00:00-05:00,33.91999816894531,33.91999816894531,30.479999542236328,31.280000686645508,838,0.0,0.0
2015-02-24 00:00:00-05:00,33.279998779296875,34.560001373291016,30.8799991607666,32.0,1600,0.0,0.0
2015-02-25 00:00:00-05:00,32.79999923706055,33.599998474121094,31.1200008392334,33.599998474121094,325,0.0,0.0
2015-02-26 00:00:00-05:00,33.279998779296875,33.279998779296875,30.399999618530273,30.399999618530273,850,0.0,0.0
2015-02-27 00:00:00-05:00,31.040000915527344,31.1200008392334,30.31999969482422,30.959999084472656,838,0.0,0.0
2015-03-02 00:00:00-05:00,31.760000228881836,32.0,30.0,30.079999923706055,613,0.0,0.0
2015-03-03 00:00:00-05:00,30.399999618530273,30.399999618530273,28.8799991607666,29.600000381469727,613,0.0,0.0
2015-03-04 00:00:00-05:00,30.479999542236328,31.040000915527344,29.280000686645508,29.920000076293945,1038,0.0,0.0
2015-03-05 00:00:00-05:00,30.719999313354492,30.719999313354492,28.799999237060547,30.399999618530273,1175,0.0,0.0
2015-03-06 00:00:00-05:00,29.920000076293945,29.920000076293945,29.280000686645508,29.440000534057617,288,0.0,0.0
2015-03-09 00:00:00-04:00,28.399999618530273,28.959999084472656,28.399999618530273,28.559999465942383,513,0.0,0.0
2015-03-10 00:00:00-04:00,28.799999237060547,28.799999237060547,28.479999542236328,28.479999542236328,88,0.0,0.0
2015-03-11 00:00:00-04:00,28.479999542236328,29.280000686645508,28.31999969482422,28.399999618530273,1250,0.0,0.0
2015-03-12 00:00:00-04:00,28.479999542236328,29.200000762939453,26.479999542236328,27.760000228881836,4888,0.0,0.0
2015-03-13 00:00:00-04:00,27.1200008392334,28.719999313354492,27.1200008392334,27.520000457763672,650,0.0,0.0
2015-03-16 00:00:00-04:00,27.520000457763672,28.399999618530273,24.399999618530273,26.079999923706055,1825,0.0,0.0
2015-03-17 00:00:00-04:00,26.399999618530273,27.440000534057617,26.399999618530273,27.360000610351562,138,0.0,0.0
2015-03-18 00:00:00-04:00,28.639999389648438,28.8799991607666,27.280000686645508,28.799999237060547,1325,0.0,0.0
2015-03-19 00:00:00-04:00,26.8799991607666,28.31999969482422,26.639999389648438,28.31999969482422,375,0.0,0.0
2015-03-20 00:00:00-04:00,26.479999542236328,27.760000228881836,26.0,26.8799991607666,1138,0.0,0.0
2015-03-23 00:00:00-04:00,26.15999984741211,27.600000381469727,26.0,27.600000381469727,475,0.0,0.0
2015-03-24 00:00:00-04:00,26.639999389648438,28.399999618530273,26.639999389648438,28.079999923706055,1163,0.0,0.0
2015-03-25 00:00:00-04:00,27.200000762939453,28.31999969482422,27.200000762939453,28.31999969482422,300,0.0,0.0
2015-03-26 00:00:00-04:00,28.31999969482422,28.399999618530273,28.0,28.399999618530273,1250,0.0,0.0
2015-03-27 00:00:00-04:00,28.399999618530273,29.1200008392334,28.0,28.799999237060547,1825,0.0,0.0
2015-03-30 00:00:00-04:00,29.200000762939453,30.719999313354492,29.200000762939453,30.559999465942383,1600,0.0,0.0
2015-03-31 00:00:00-04:00,30.479999542236328,34.560001373291016,30.479999542236328,33.68000030517578,3413,0.0,0.0
2015-04-01 00:00:00-04:00,33.84000015258789,33.84000015258789,31.760000228881836,33.279998779296875,463,0.0,0.0
2015-04-02 00:00:00-04:00,32.79999923706055,34.560001373291016,32.47999954223633,34.0,750,0.0,0.0
2015-04-06 00:00:00-04:00,34.400001525878906,34.400001525878906,32.63999938964844,33.91999816894531,713,0.0,0.0
2015-04-07 00:00:00-04:00,32.880001068115234,32.880001068115234,32.720001220703125,32.720001220703125,88,0.0,0.0
2015-04-08 00:00:00-04:00,35.279998779296875,36.959999084472656,34.47999954223633,36.880001068115234,3100,0.0,0.0
2015-04-09 00:00:00-04:00,37.599998474121094,40.0,37.36000061035156,40.0,1700,0.0,0.0
2015-04-10 00:00:00-04:00,39.84000015258789,42.08000183105469,39.84000015258789,42.08000183105469,2750,0.0,0.0
2015-04-13 00:00:00-04:00,41.439998626708984,42.47999954223633,39.20000076293945,42.400001525878906,2063,0.0,0.0
2015-04-14 00:00:00-04:00,42.400001525878906,46.0,42.400001525878906,44.560001373291016,2175,0.0,0.0
2015-04-15 00:00:00-04:00,45.040000915527344,47.7599983215332,44.0,47.36000061035156,1750,0.0,0.0
2015-04-16 00:00:00-04:00,47.279998779296875,47.84000015258789,46.63999938964844,47.599998474121094,1963,0.0,0.0
2015-04-17 00:00:00-04:00,47.599998474121094,48.79999923706055,45.119998931884766,48.63999938964844,988,0.0,0.0
2015-04-20 00:00:00-04:00,48.959999084472656,49.91999816894531,47.599998474121094,48.2400016784668,3988,0.0,0.0
2015-04-21 00:00:00-04:00,45.599998474121094,47.36000061035156,41.439998626708984,46.959999084472656,563,0.0,0.0
2015-04-22 00:00:00-04:00,46.79999923706055,46.79999923706055,43.68000030517578,43.68000030517578,425,0.0,0.0
2015-04-23 00:00:00-04:00,43.599998474121094,46.959999084472656,43.599998474121094,44.2400016784668,463,0.0,0.0
2015-04-24 00:00:00-04:00,42.79999923706055,47.7599983215332,42.79999923706055,47.119998931884766,1138,0.0,0.0
2015-04-27 00:00:00-04:00,46.560001373291016,47.599998474121094,46.400001525878906,46.400001525878906,500,0.0,0.0
2015-04-28 00:00:00-04:00,43.36000061035156,46.15999984741211,43.36000061035156,44.15999984741211,1925,0.0,0.0
2015-04-29 00:00:00-04:00,43.119998931884766,44.400001525878906,43.040000915527344,44.2400016784668,300,0.0,0.0
2015-04-30 00:00:00-04:00,44.720001220703125,45.52000045776367,43.119998931884766,43.119998931884766,938,0.0,0.0
2015-05-01 00:00:00-04:00,43.68000030517578,44.79999923706055,43.119998931884766,43.119998931884766,375,0.0,0.0
2015-05-04 00:00:00-04:00,43.040000915527344,43.279998779296875,43.040000915527344,43.279998779296875,38,0.0,0.0
2015-05-05 00:00:00-04:00,44.79999923706055,44.79999923706055,43.439998626708984,44.08000183105469,638,0.0,0.0
2015-05-06 00:00:00-04:00,44.400001525878906,45.279998779296875,43.91999816894531,44.2400016784668,625,0.0,0.0
2015-05-07 00:00:00-04:00,44.08000183105469,44.08000183105469,44.08000183105469,44.08000183105469,13,0.0,0.0
2015-05-08 00:00:00-04:00,44.0,44.720001220703125,42.31999969482422,42.31999969482422,750,0.0,0.0
2015-05-11 00:00:00-04:00,42.2400016784668,44.15999984741211,42.2400016784668,43.84000015258789,1100,0.0,0.0
2015-05-12 00:00:00-04:00,44.0,44.08000183105469,44.0,44.08000183105469,150,0.0,0.0
2015-05-13 00:00:00-04:00,44.0,44.560001373291016,42.47999954223633,44.0,2225,0.0,0.0
2015-05-14 00:00:00-04:00,44.0,44.0,44.0,44.0,0,0.0,0.0
2015-05-15 00:00:00-04:00,44.2400016784668,44.31999969482422,43.91999816894531,44.2400016784668,525,0.0,0.0
2015-05-18 00:00:00-04:00,43.7599983215332,44.0,43.68000030517578,44.0,563,0.0,0.0
2015-05-19 00:00:00-04:00,44.0,44.0,42.47999954223633,42.47999954223633,338,0.0,0.0
2015-05-20 00:00:00-04:00,42.63999938964844,44.15999984741211,42.400001525878906,44.15999984741211,900,0.0,0.0
2015-05-21 00:00:00-04:00,43.91999816894531,44.15999984741211,41.91999816894531,42.15999984741211,863,0.0,0.0
2015-05-22 00:00:00-04:00,43.599998474121094,44.31999969482422,43.599998474121094,44.31999969482422,1450,0.0,0.0
2015-05-26 00:00:00-04:00,43.52000045776367,43.599998474121094,42.63999938964844,43.599998474121094,463,0.0,0.0
2015-05-27 00:00:00-04:00,44.31999969482422,44.31999969482422,43.68000030517578,43.68000030517578,438,0.0,0.0
2015-05-28 00:00:00-04:00,44.15999984741211,44.31999969482422,41.91999816894531,44.31999969482422,600,0.0,0.0
2015-05-29 00:00:00-04:00,44.0,44.0,44.0,44.0,200,0.0,0.0
2015-06-01 00:00:00-04:00,44.0,44.0,44.0,44.0,0,0.0,0.0
2015-06-02 00:00:00-04:00,44.0,44.0,44.0,44.0,0,0.0,0.0
2015-06-03 00:00:00-04:00,43.20000076293945,44.0,42.15999984741211,43.439998626708984,213,0.0,0.0
2015-06-04 00:00:00-04:00,43.040000915527344,43.36000061035156,41.91999816894531,41.91999816894531,313,0.0,0.0
2015-06-05 00:00:00-04:00,41.91999816894531,42.15999984741211,40.2400016784668,42.0,225,0.0,0.0
2015-06-08 00:00:00-04:00,42.0,42.0,42.0,42.0,0,0.0,0.0
2015-06-09 00:00:00-04:00,40.400001525878906,40.63999938964844,35.7599983215332,37.91999816894531,1413,0.0,0.0
2015-06-10 00:00:00-04:00,37.040000915527344,40.2400016784668,36.79999923706055,39.91999816894531,288,0.0,0.0
2015-06-11 00:00:00-04:00,36.47999954223633,40.560001373291016,36.47999954223633,40.560001373291016,75,0.0,0.0
2015-06-12 00:00:00-04:00,40.560001373291016,40.560001373291016,40.560001373291016,40.560001373291016,0,0.0,0.0
2015-06-15 00:00:00-04:00,43.20000076293945,43.20000076293945,40.0,40.31999969482422,125,0.0,0.0
2015-06-16 00:00:00-04:00,41.7599983215332,41.7599983215332,40.15999984741211,41.279998779296875,1475,0.0,0.0
2015-06-17 00:00:00-04:00,41.36000061035156,41.36000061035156,41.36000061035156,41.36000061035156,50,0.0,0.0
2015-06-18 00:00:00-04:00,41.7599983215332,41.7599983215332,41.7599983215332,41.7599983215332,38,0.0,0.0
2015-06-19 00:00:00-04:00,41.20000076293945,41.599998474121094,40.79999923706055,40.79999923706055,188,0.0,0.0
2015-06-22 00:00:00-04:00,40.959999084472656,41.84000015258789,40.79999923706055,41.84000015258789,600,0.0,0.0
2015-06-23 00:00:00-04:00,40.400001525878906,42.0,40.400001525878906,42.0,50,0.0,0.0
2015-06-24 00:00:00-04:00,41.84000015258789,43.439998626708984,41.599998474121094,43.439998626708984,1563,0.0,0.0
2015-06-25 00:00:00-04:00,43.119998931884766,43.52000045776367,43.119998931884766,43.52000045776367,375,0.0,0.0
2015-06-26 00:00:00-04:00,43.119998931884766,44.0,43.119998931884766,44.0,1325,0.0,0.0
2015-06-29 00:00:00-04:00,36.959999084472656,42.2400016784668,35.040000915527344,38.880001068115234,625,0.0,0.0
2015-06-30 00:00:00-04:00,37.91999816894531,41.52000045776367,37.91999816894531,40.79999923706055,163,0.0,0.0
2015-07-01 00:00:00-04:00,40.79999923706055,41.119998931884766,37.279998779296875,37.279998779296875,50,0.0,0.0
2015-07-02 00:00:00-04:00,35.52000045776367,39.040000915527344,35.36000061035156,35.36000061035156,425,0.0,0.0
2015-07-06 00:00:00-04:00,35.52000045776367,38.15999984741211,35.52000045776367,38.15999984741211,50,0.0,0.0
2015-07-07 00:00:00-04:00,35.279998779296875,38.400001525878906,35.20000076293945,38.400001525878906,113,0.0,0.0
2015-07-08 00:00:00-04:00,35.279998779296875,37.439998626708984,35.040000915527344,36.63999938964844,163,0.0,0.0
2015-07-09 00:00:00-04:00,36.63999938964844,36.63999938964844,35.52000045776367,35.52000045776367,150,0.0,0.0
2015-07-10 00:00:00-04:00,36.560001373291016,36.63999938964844,36.0,36.63999938964844,100,0.0,0.0
2015-07-13 00:00:00-04:00,36.63999938964844,36.63999938964844,36.63999938964844,36.63999938964844,25,0.0,0.0
2015-07-14 00:00:00-04:00,36.63999938964844,36.63999938964844,36.63999938964844,36.63999938964844,0,0.0,0.0
2015-07-15 00:00:00-04:00,35.68000030517578,36.31999969482422,32.63999938964844,32.79999923706055,138,0.0,0.0
2015-07-16 00:00:00-04:00,31.520000457763672,34.0,31.440000534057617,32.08000183105469,513,0.0,0.0
2015-07-17 00:00:00-04:00,33.84000015258789,34.959999084472656,33.84000015258789,34.31999969482422,250,0.0,0.0
2015-07-20 00:00:00-04:00,33.84000015258789,36.400001525878906,31.200000762939453,36.400001525878906,163,0.0,0.0
2015-07-21 00:00:00-04:00,34.2400016784668,36.63999938964844,34.2400016784668,36.31999969482422,338,0.0,0.0
2015-07-22 00:00:00-04:00,31.68000030517578,36.47999954223633,31.68000030517578,36.2400016784668,175,0.0,0.0
2015-07-23 00:00:00-04:00,36.0,36.400001525878906,36.0,36.400001525878906,7813,0.0,0.0
2015-07-24 00:00:00-04:00,38.0,38.0,30.399999618530273,35.7599983215332,788,0.0,0.0
2015-07-27 00:00:00-04:00,28.0,35.20000076293945,28.0,35.20000076293945,38,0.0,0.0
2015-07-28 00:00:00-04:00,35.20000076293945,35.279998779296875,34.880001068115234,34.880001068115234,375,0.0,0.0
2015-07-29 00:00:00-04:00,32.79999923706055,36.0,32.79999923706055,34.400001525878906,275,0.0,0.0
2015-07-30 00:00:00-04:00,34.400001525878906,34.400001525878906,34.400001525878906,34.400001525878906,0,0.0,0.0
2015-07-31 00:00:00-04:00,34.15999984741211,35.439998626708984,31.1200008392334,35.439998626708984,750,0.0,0.0
2015-08-03 00:00:00-04:00,34.79999923706055,36.0,30.559999465942383,36.0,475,0.0,0.0
2015-08-04 00:00:00-04:00,36.560001373291016,38.0,34.15999984741211,37.84000015258789,188,0.0,0.0
2015-08-05 00:00:00-04:00,35.279998779296875,36.79999923706055,32.47999954223633,36.79999923706055,1238,0.0,0.0
2015-08-06 00:00:00-04:00,35.7599983215332,37.20000076293945,35.7599983215332,37.20000076293945,875,0.0,0.0
2015-08-07 00:00:00-04:00,38.0,38.0,36.400001525878906,37.439998626708984,513,0.0,0.0
2015-08-10 00:00:00-04:00,37.279998779296875,37.439998626708984,34.31999969482422,36.79999923706055,625,0.0,0.0
2015-08-11 00:00:00-04:00,36.08000183105469,37.599998474121094,36.08000183105469,37.439998626708984,850,0.0,0.0
2015-08-12 00:00:00-04:00,35.91999816894531,37.68000030517578,35.91999816894531,37.68000030517578,375,0.0,0.0
2015-08-13 00:00:00-04:00,37.279998779296875,37.279998779296875,28.0,34.400001525878906,150,0.0,0.0
2015-08-14 00:00:00-04:00,33.84000015258789,33.84000015258789,32.2400016784668,32.2400016784668,150,0.0,0.0
2015-08-17 00:00:00-04:00,31.040000915527344,32.47999954223633,30.399999618530273,30.399999618530273,1450,0.0,0.0
2015-08-18 00:00:00-04:00,30.079999923706055,30.079999923706055,30.0,30.0,38,0.0,0.0
2015-08-19 00:00:00-04:00,32.79999923706055,34.31999969482422,32.560001373291016,32.63999938964844,650,0.0,0.0
2015-08-20 00:00:00-04:00,32.63999938964844,32.63999938964844,32.63999938964844,32.63999938964844,0,0.0,0.0
2015-08-21 00:00:00-04:00,32.2400016784668,32.2400016784668,32.2400016784668,32.2400016784668,13,0.0,0.0
2015-08-24 00:00:00-04:00,32.08000183105469,32.08000183105469,31.520000457763672,31.520000457763672,1213,0.0,0.0
2015-08-25 00:00:00-04:00,30.0,31.200000762939453,30.0,31.200000762939453,225,0.0,0.0
2015-08-26 00:00:00-04:00,30.0,31.760000228881836,30.0,30.15999984741211,938,0.0,0.0
2015-08-27 00:00:00-04:00,31.84000015258789,32.0,25.1200008392334,28.399999618530273,2500,0.0,0.0
2015-08-28 00:00:00-04:00,32.0,32.0,29.200000762939453,30.0,313,0.0,0.0
2015-08-31 00:00:00-04:00,28.559999465942383,29.280000686645508,27.040000915527344,27.1200008392334,1313,0.0,0.0
2015-09-01 00:00:00-04:00,28.719999313354492,28.719999313354492,27.040000915527344,28.399999618530273,288,0.0,0.0
2015-09-02 00:00:00-04:00,30.559999465942383,31.600000381469727,26.399999618530273,26.559999465942383,250,0.0,0.0
2015-09-03 00:00:00-04:00,26.639999389648438,29.760000228881836,25.760000228881836,25.760000228881836,613,0.0,0.0
2015-09-04 00:00:00-04:00,24.959999084472656,25.520000457763672,24.799999237060547,24.799999237060547,725,0.0,0.0
2015-09-08 00:00:00-04:00,27.68000030517578,27.68000030517578,23.040000915527344,24.0,1050,0.0,0.0
2015-09-09 00:00:00-04:00,25.1200008392334,25.1200008392334,22.799999237060547,23.84000015258789,875,0.0,0.0
2015-09-10 00:00:00-04:00,25.68000030517578,25.68000030517578,23.760000228881836,23.760000228881836,288,0.0,0.0
2015-09-11 00:00:00-04:00,23.600000381469727,24.0,22.639999389648438,22.639999389648438,238,0.0,0.0
2015-09-14 00:00:00-04:00,22.399999618530273,22.559999465942383,22.0,22.31999969482422,650,0.0,0.0
2015-09-15 00:00:00-04:00,22.399999618530273,22.719999313354492,21.760000228881836,21.760000228881836,1213,0.0,0.0
2015-09-16 00:00:00-04:00,21.84000015258789,21.84000015258789,21.84000015258789,21.84000015258789,38,0.0,0.0
2015-09-17 00:00:00-04:00,24.31999969482422,24.31999969482422,21.760000228881836,21.84000015258789,138,0.0,0.0
2015-09-18 00:00:00-04:00,21.84000015258789,24.639999389648438,21.84000015258789,21.920000076293945,425,0.0,0.0
2015-09-21 00:00:00-04:00,26.959999084472656,26.959999084472656,24.079999923706055,24.719999313354492,425,0.0,0.0
2015-09-22 00:00:00-04:00,25.520000457763672,25.520000457763672,22.479999542236328,22.719999313354492,763,0.0,0.0
2015-09-23 00:00:00-04:00,22.799999237060547,22.959999084472656,22.799999237060547,22.959999084472656,100,0.0,0.0
2015-09-24 00:00:00-04:00,23.040000915527344,23.600000381469727,22.479999542236328,22.559999465942383,338,0.0,0.0
2015-09-25 00:00:00-04:00,22.479999542236328,22.639999389648438,22.479999542236328,22.639999389648438,113,0.0,0.0
2015-09-28 00:00:00-04:00,22.719999313354492,22.719999313354492,18.639999389648438,18.639999389648438,1988,0.0,0.0
2015-09-29 00:00:00-04:00,20.719999313354492,22.15999984741211,18.479999542236328,19.520000457763672,650,0.0,0.0
2015-09-30 00:00:00-04:00,20.15999984741211,20.799999237060547,20.15999984741211,20.799999237060547,213,0.0,0.0
2015-10-01 00:00:00-04:00,20.8799991607666,20.8799991607666,20.799999237060547,20.8799991607666,400,0.0,0.0
2015-10-02 00:00:00-04:00,21.040000915527344,21.200000762939453,20.0,20.799999237060547,1013,0.0,0.0
2015-10-05 00:00:00-04:00,20.559999465942383,20.719999313354492,20.559999465942383,20.719999313354492,63,0.0,0.0
2015-10-06 00:00:00-04:00,20.559999465942383,21.440000534057617,20.399999618530273,21.440000534057617,8613,0.0,0.0
2015-10-07 00:00:00-04:00,21.520000457763672,23.1200008392334,20.959999084472656,21.84000015258789,825,0.0,0.0
2015-10-08 00:00:00-04:00,21.920000076293945,22.719999313354492,21.920000076293945,22.559999465942383,88,0.0,0.0
2015-10-09 00:00:00-04:00,23.1200008392334,24.799999237060547,22.399999618530273,23.440000534057617,475,0.0,0.0
2015-10-12 00:00:00-04:00,24.239999771118164,24.399999618530273,22.719999313354492,24.15999984741211,288,0.0,0.0
2015-10-13 00:00:00-04:00,24.0,24.959999084472656,21.760000228881836,24.0,1450,0.0,0.0
2015-10-14 00:00:00-04:00,26.31999969482422,26.799999237060547,23.920000076293945,24.0,225,0.0,0.0
2015-10-15 00:00:00-04:00,23.920000076293945,25.520000457763672,22.799999237060547,25.520000457763672,625,0.0,0.0
2015-10-16 00:00:00-04:00,26.559999465942383,26.559999465942383,24.0,26.559999465942383,525,0.0,0.0
2015-10-19 00:00:00-04:00,24.959999084472656,26.399999618530273,23.600000381469727,24.959999084472656,863,0.0,0.0
2015-10-20 00:00:00-04:00,24.639999389648438,26.559999465942383,23.600000381469727,25.360000610351562,1738,0.0,0.0
2015-10-21 00:00:00-04:00,24.719999313354492,26.079999923706055,22.8799991607666,24.959999084472656,863,0.0,0.0
2015-10-22 00:00:00-04:00,24.079999923706055,26.399999618530273,23.600000381469727,25.200000762939453,963,0.0,0.0
2015-10-23 00:00:00-04:00,24.479999542236328,25.280000686645508,24.31999969482422,25.200000762939453,1788,0.0,0.0
2015-10-26 00:00:00-04:00,24.399999618530273,26.079999923706055,23.360000610351562,25.760000228881836,1213,0.0,0.0
2015-10-27 00:00:00-04:00,25.440000534057617,25.84000015258789,24.639999389648438,24.8799991607666,1463,0.0,0.0
2015-10-28 00:00:00-04:00,24.559999465942383,25.68000030517578,22.799999237060547,24.799999237060547,2400,0.0,0.0
2015-10-29 00:00:00-04:00,24.799999237060547,26.639999389648438,24.399999618530273,25.68000030517578,463,0.0,0.0
2015-10-30 00:00:00-04:00,26.399999618530273,26.399999618530273,24.719999313354492,25.280000686645508,325,0.0,0.0
2015-11-02 00:00:00-05:00,25.1200008392334,28.079999923706055,25.1200008392334,28.0,838,0.0,0.0
2015-11-03 00:00:00-05:00,26.399999618530273,27.360000610351562,25.200000762939453,27.280000686645508,625,0.0,0.0
2015-11-04 00:00:00-05:00,27.68000030517578,28.0,27.68000030517578,28.0,225,0.0,0.0
2015-11-05 00:00:00-05:00,28.0,28.0,27.1200008392334,27.1200008392334,50,0.0,0.0
2015-11-06 00:00:00-05:00,27.200000762939453,27.360000610351562,27.040000915527344,27.1200008392334,225,0.0,0.0
2015-11-09 00:00:00-05:00,27.600000381469727,27.600000381469727,27.600000381469727,27.600000381469727,88,0.0,0.0
2015-11-10 00:00:00-05:00,27.600000381469727,27.600000381469727,24.479999542236328,24.479999542236328,425,0.0,0.0
2015-11-11 00:00:00-05:00,25.200000762939453,26.479999542236328,25.200000762939453,26.479999542236328,638,0.0,0.0
2015-11-12 00:00:00-05:00,27.200000762939453,27.200000762939453,25.68000030517578,25.68000030517578,188,0.0,0.0
2015-11-13 00:00:00-05:00,26.0,26.0,26.0,26.0,75,0.0,0.0
2015-11-16 00:00:00-05:00,24.0,24.0,22.639999389648438,23.040000915527344,925,0.0,0.0
2015-11-17 00:00:00-05:00,22.31999969482422,22.31999969482422,21.040000915527344,21.200000762939453,688,0.0,0.0
2015-11-18 00:00:00-05:00,20.8799991607666,21.200000762939453,20.799999237060547,21.040000915527344,1063,0.0,0.0
2015-11-19 00:00:00-05:00,21.040000915527344,22.0,19.920000076293945,19.920000076293945,3700,0.0,0.0
2015-11-20 00:00:00-05:00,20.0,20.639999389648438,19.84000015258789,19.920000076293945,488,0.0,0.0
2015-11-23 00:00:00-05:00,18.479999542236328,20.559999465942383,17.1200008392334,19.360000610351562,3425,0.0,0.0
2015-11-24 00:00:00-05:00,19.68000030517578,20.0,18.239999771118164,18.799999237060547,2063,0.0,0.0
2015-11-25 00:00:00-05:00,20.399999618530273,20.799999237060547,18.799999237060547,18.799999237060547,2025,0.0,0.0
2015-11-27 00:00:00-05:00,18.799999237060547,18.799999237060547,18.15999984741211,18.479999542236328,838,0.0,0.0
2015-11-30 00:00:00-05:00,19.200000762939453,19.520000457763672,18.239999771118164,18.799999237060547,450,0.0,0.0
2015-12-01 00:00:00-05:00,20.15999984741211,20.799999237060547,18.559999465942383,18.799999237060547,363,0.0,0.0
2015-12-02 00:00:00-05:00,19.84000015258789,19.84000015258789,17.920000076293945,17.920000076293945,2050,0.0,0.0
2015-12-03 00:00:00-05:00,19.200000762939453,19.200000762939453,16.079999923706055,17.1200008392334,1850,0.0,0.0
2015-12-04 00:00:00-05:00,16.479999542236328,17.200000762939453,16.0,16.0,1500,0.0,0.0
2015-12-07 00:00:00-05:00,17.600000381469727,18.079999923706055,16.0,16.0,850,0.0,0.0
2015-12-08 00:00:00-05:00,16.399999618530273,16.399999618530273,14.880000114440918,15.359999656677246,6375,0.0,0.0
2015-12-09 00:00:00-05:00,16.0,18.0,16.0,17.600000381469727,1350,0.0,0.0
2015-12-10 00:00:00-05:00,16.8799991607666,20.639999389648438,16.8799991607666,19.600000381469727,3363,0.0,0.0
2015-12-11 00:00:00-05:00,18.31999969482422,20.239999771118164,16.799999237060547,19.200000762939453,5413,0.0,0.0
2015-12-14 00:00:00-05:00,18.559999465942383,19.760000228881836,17.1200008392334,19.040000915527344,4538,0.0,0.0
2015-12-15 00:00:00-05:00,17.600000381469727,20.079999923706055,17.600000381469727,18.559999465942383,1525,0.0,0.0
2015-12-16 00:00:00-05:00,18.559999465942383,20.15999984741211,17.600000381469727,17.600000381469727,413,0.0,0.0
2015-12-17 00:00:00-05:00,18.079999923706055,18.959999084472656,15.199999809265137,15.600000381469727,19125,0.0,0.0
2015-12-18 00:00:00-05:00,14.960000038146973,17.1200008392334,14.960000038146973,17.1200008392334,2063,0.0,0.0
2015-12-21 00:00:00-05:00,17.1200008392334,17.600000381469727,15.84000015258789,16.399999618530273,2950,0.0,0.0
2015-12-22 00:00:00-05:00,16.0,17.1200008392334,14.800000190734863,16.799999237060547,4888,0.0,0.0
2015-12-23 00:00:00-05:00,16.0,16.799999237060547,15.039999961853027,16.079999923706055,1413,0.0,0.0
2015-12-24 00:00:00-05:00,15.920000076293945,16.639999389648438,15.279999732971191,16.559999465942383,2963,0.0,0.0
2015-12-28 00:00:00-05:00,15.520000457763672,16.639999389648438,15.359999656677246,16.479999542236328,713,0.0,0.0
2015-12-29 00:00:00-05:00,16.15999984741211,17.520000457763672,16.15999984741211,16.799999237060547,2750,0.0,0.0
2015-12-30 00:00:00-05:00,16.399999618530273,16.399999618530273,15.4399995803833,16.31999969482422,2763,0.0,0.0
2015-12-31 00:00:00-05:00,16.15999984741211,16.799999237060547,16.079999923706055,16.799999237060547,375,0.0,0.0
2016-01-04 00:00:00-05:00,16.239999771118164,17.600000381469727,14.880000114440918,16.799999237060547,738,0.0,0.0
2016-01-05 00:00:00-05:00,17.360000610351562,35.279998779296875,15.920000076293945,28.399999618530273,70513,0.0,0.0
2016-01-06 00:00:00-05:00,28.799999237060547,30.799999237060547,23.440000534057617,26.559999465942383,25425,0.0,0.0
2016-01-07 00:00:00-05:00,25.920000076293945,26.399999618530273,22.479999542236328,25.360000610351562,3525,0.0,0.0
2016-01-08 00:00:00-05:00,23.760000228881836,28.0,23.360000610351562,27.200000762939453,4600,0.0,0.0
2016-01-11 00:00:00-05:00,21.600000381469727,24.479999542236328,20.399999618530273,21.1200008392334,9163,0.0,0.0
2016-01-12 00:00:00-05:00,21.1200008392334,21.920000076293945,20.31999969482422,21.84000015258789,1300,0.0,0.0
2016-01-13 00:00:00-05:00,21.600000381469727,21.84000015258789,21.040000915527344,21.600000381469727,325,0.0,0.0
2016-01-14 00:00:00-05:00,21.68000030517578,24.0,20.0,22.559999465942383,14463,0.0,0.0
2016-01-15 00:00:00-05:00,21.520000457763672,23.360000610351562,21.440000534057617,22.0,1013,0.0,0.0
2016-01-19 00:00:00-05:00,21.440000534057617,22.799999237060547,20.719999313354492,22.15999984741211,725,0.0,0.0
2016-01-20 00:00:00-05:00,22.15999984741211,22.15999984741211,20.799999237060547,21.600000381469727,800,0.0,0.0
2016-01-21 00:00:00-05:00,21.68000030517578,22.639999389648438,21.1200008392334,21.1200008392334,875,0.0,0.0
2016-01-22 00:00:00-05:00,21.040000915527344,22.639999389648438,20.31999969482422,21.1200008392334,4163,0.0,0.0
2016-01-25 00:00:00-05:00,21.920000076293945,23.200000762939453,21.040000915527344,23.200000762939453,1825,0.0,0.0
2016-01-26 00:00:00-05:00,21.68000030517578,22.719999313354492,21.68000030517578,22.639999389648438,363,0.0,0.0
2016-01-27 00:00:00-05:00,22.0,22.0,20.31999969482422,20.31999969482422,963,0.0,0.0
2016-01-28 00:00:00-05:00,20.959999084472656,20.959999084472656,20.959999084472656,20.959999084472656,38,0.0,0.0
2016-01-29 00:00:00-05:00,20.959999084472656,21.280000686645508,20.639999389648438,21.280000686645508,938,0.0,0.0
2016-02-01 00:00:00-05:00,21.600000381469727,22.719999313354492,20.239999771118164,22.639999389648438,2163,0.0,0.0
2016-02-02 00:00:00-05:00,22.639999389648438,22.719999313354492,21.360000610351562,22.079999923706055,613,0.0,0.0
2016-02-03 00:00:00-05:00,21.600000381469727,22.639999389648438,20.399999618530273,20.399999618530273,900,0.0,0.0
2016-02-04 00:00:00-05:00,21.200000762939453,22.639999389648438,20.31999969482422,21.520000457763672,838,0.0,0.0
2016-02-05 00:00:00-05:00,22.719999313354492,25.360000610351562,22.0,22.0,975,0.0,0.0
2016-02-08 00:00:00-05:00,22.0,23.280000686645508,21.200000762939453,21.280000686645508,250,0.0,0.0
2016-02-09 00:00:00-05:00,21.200000762939453,21.200000762939453,20.559999465942383,20.799999237060547,888,0.0,0.0
2016-02-10 00:00:00-05:00,21.1200008392334,21.1200008392334,20.239999771118164,20.239999771118164,38,0.0,0.0
2016-02-11 00:00:00-05:00,20.479999542236328,20.479999542236328,20.479999542236328,20.479999542236328,13,0.0,0.0
2016-02-12 00:00:00-05:00,20.239999771118164,20.239999771118164,19.600000381469727,19.600000381469727,75,0.0,0.0
2016-02-16 00:00:00-05:00,18.8799991607666,20.15999984741211,17.360000610351562,18.799999237060547,1013,0.0,0.0
2016-02-17 00:00:00-05:00,18.15999984741211,18.719999313354492,18.079999923706055,18.559999465942383,313,0.0,0.0
2016-02-18 00:00:00-05:00,17.760000228881836,18.799999237060547,17.760000228881836,18.799999237060547,75,0.0,0.0
2016-02-19 00:00:00-05:00,19.1200008392334,19.440000534057617,18.479999542236328,19.280000686645508,1413,0.0,0.0
2016-02-22 00:00:00-05:00,19.84000015258789,20.799999237060547,19.84000015258789,20.799999237060547,3350,0.0,0.0
2016-02-23 00:00:00-05:00,21.440000534057617,21.68000030517578,21.440000534057617,21.68000030517578,100,0.0,0.0
2016-02-24 00:00:00-05:00,23.84000015258789,23.920000076293945,21.200000762939453,23.920000076293945,1138,0.0,0.0
2016-02-25 00:00:00-05:00,23.920000076293945,25.360000610351562,23.84000015258789,24.239999771118164,738,0.0,0.0
2016-02-26 00:00:00-05:00,25.040000915527344,25.280000686645508,22.8799991607666,23.84000015258789,938,0.0,0.0
2016-02-29 00:00:00-05:00,24.559999465942383,24.959999084472656,20.639999389648438,20.639999389648438,725,0.0,0.0
2016-03-01 00:00:00-05:00,24.639999389648438,24.639999389648438,17.760000228881836,18.239999771118164,2338,0.0,0.0
2016-03-02 00:00:00-05:00,19.1200008392334,22.959999084472656,19.1200008392334,21.040000915527344,1263,0.0,0.0
2016-03-03 00:00:00-05:00,21.440000534057617,22.799999237060547,21.440000534057617,21.760000228881836,513,0.0,0.0
2016-03-04 00:00:00-05:00,22.639999389648438,22.719999313354492,21.760000228881836,21.760000228881836,350,0.0,0.0
2016-03-07 00:00:00-05:00,22.399999618530273,23.600000381469727,21.760000228881836,23.360000610351562,438,0.0,0.0
2016-03-08 00:00:00-05:00,23.280000686645508,23.68000030517578,22.15999984741211,23.200000762939453,338,0.0,0.0
2016-03-09 00:00:00-05:00,22.239999771118164,23.360000610351562,20.799999237060547,22.799999237060547,1300,0.0,0.0
2016-03-10 00:00:00-05:00,21.84000015258789,23.280000686645508,20.15999984741211,21.440000534057617,1800,0.0,0.0
2016-03-11 00:00:00-05:00,20.239999771118164,21.68000030517578,20.079999923706055,20.8799991607666,363,0.0,0.0
2016-03-14 00:00:00-04:00,20.15999984741211,20.15999984741211,19.920000076293945,20.079999923706055,1275,0.0,0.0
2016-03-15 00:00:00-04:00,19.600000381469727,20.079999923706055,19.360000610351562,20.0,150,0.0,0.0
2016-03-16 00:00:00-04:00,20.399999618530273,20.559999465942383,18.719999313354492,19.600000381469727,288,0.0,0.0
2016-03-17 00:00:00-04:00,19.84000015258789,20.719999313354492,19.760000228881836,20.0,2025,0.0,0.0
2016-03-18 00:00:00-04:00,20.0,20.399999618530273,19.200000762939453,19.440000534057617,850,0.0,0.0
2016-03-21 00:00:00-04:00,18.959999084472656,19.520000457763672,18.8799991607666,18.8799991607666,238,0.0,0.0
2016-03-22 00:00:00-04:00,18.479999542236328,18.8799991607666,17.520000457763672,17.600000381469727,475,0.0,0.0
2016-03-23 00:00:00-04:00,17.600000381469727,17.760000228881836,16.799999237060547,16.799999237060547,1188,0.0,0.0
2016-03-24 00:00:00-04:00,16.799999237060547,16.799999237060547,16.0,16.0,888,0.0,0.0
2016-03-28 00:00:00-04:00,16.8799991607666,17.520000457763672,16.0,16.0,1163,0.0,0.0
2016-03-29 00:00:00-04:00,17.200000762939453,17.200000762939453,14.960000038146973,15.279999732971191,1525,0.0,0.0
2016-03-30 00:00:00-04:00,16.31999969482422,18.15999984741211,14.960000038146973,15.84000015258789,3563,0.0,0.0
2016-03-31 00:00:00-04:00,15.84000015258789,15.84000015258789,14.479999542236328,14.479999542236328,3050,0.0,0.0
2016-04-01 00:00:00-04:00,16.31999969482422,16.31999969482422,14.800000190734863,14.800000190734863,900,0.0,0.0
2016-04-04 00:00:00-04:00,14.800000190734863,15.279999732971191,14.079999923706055,14.800000190734863,300,0.0,0.0
2016-04-05 00:00:00-04:00,15.359999656677246,15.4399995803833,14.239999771118164,15.279999732971191,1375,0.0,0.0
2016-04-06 00:00:00-04:00,14.800000190734863,15.84000015258789,14.079999923706055,15.039999961853027,2913,0.0,0.0
2016-04-07 00:00:00-04:00,14.319999694824219,15.359999656677246,14.319999694824219,14.880000114440918,975,0.0,0.0
2016-04-08 00:00:00-04:00,15.039999961853027,15.920000076293945,14.800000190734863,15.760000228881836,1788,0.0,0.0
2016-04-11 00:00:00-04:00,15.84000015258789,17.520000457763672,15.520000457763672,16.239999771118164,1713,0.0,0.0
2016-04-12 00:00:00-04:00,16.719999313354492,18.719999313354492,16.31999969482422,18.719999313354492,2275,0.0,0.0
2016-04-13 00:00:00-04:00,18.8799991607666,19.520000457763672,17.600000381469727,17.760000228881836,1663,0.0,0.0
2016-04-14 00:00:00-04:00,17.600000381469727,17.760000228881836,16.399999618530273,16.959999084472656,513,0.0,0.0
2016-04-15 00:00:00-04:00,16.719999313354492,17.520000457763672,16.719999313354492,16.719999313354492,525,0.0,0.0
2016-04-18 00:00:00-04:00,16.479999542236328,17.200000762939453,16.479999542236328,16.799999237060547,1075,0.0,0.0
2016-04-19 00:00:00-04:00,17.68000030517578,17.68000030517578,16.8799991607666,17.68000030517578,938,0.0,0.0
2016-04-20 00:00:00-04:00,17.760000228881836,18.959999084472656,17.760000228881836,18.0,2775,0.0,0.0
2016-04-21 00:00:00-04:00,19.040000915527344,20.639999389648438,19.040000915527344,19.760000228881836,9788,0.0,0.0
2016-04-22 00:00:00-04:00,19.920000076293945,20.31999969482422,17.760000228881836,19.440000534057617,5063,0.0,0.0
2016-04-25 00:00:00-04:00,19.280000686645508,19.440000534057617,18.079999923706055,19.440000534057617,238,0.0,0.0
2016-04-26 00:00:00-04:00,19.200000762939453,19.440000534057617,18.799999237060547,19.360000610351562,213,0.0,0.0
2016-04-27 00:00:00-04:00,19.360000610351562,19.440000534057617,19.360000610351562,19.360000610351562,125,0.0,0.0
2016-04-28 00:00:00-04:00,19.520000457763672,21.200000762939453,19.280000686645508,19.920000076293945,113,0.0,0.0
2016-04-29 00:00:00-04:00,20.0,20.079999923706055,19.360000610351562,19.360000610351562,1425,0.0,0.0
2016-05-02 00:00:00-04:00,19.84000015258789,21.1200008392334,19.84000015258789,20.239999771118164,438,0.0,0.0
2016-05-03 00:00:00-04:00,19.520000457763672,21.040000915527344,19.520000457763672,20.0,1888,0.0,0.0
2016-05-04 00:00:00-04:00,19.760000228881836,22.559999465942383,19.760000228881836,22.559999465942383,1963,0.0,0.0
2016-05-05 00:00:00-04:00,22.559999465942383,22.559999465942383,20.0,21.760000228881836,925,0.0,0.0
2016-05-06 00:00:00-04:00,21.68000030517578,22.559999465942383,20.079999923706055,20.079999923706055,2263,0.0,0.0
2016-05-09 00:00:00-04:00,20.31999969482422,21.520000457763672,20.079999923706055,21.360000610351562,900,0.0,0.0
2016-05-10 00:00:00-04:00,20.799999237060547,21.360000610351562,17.280000686645508,19.440000534057617,1225,0.0,0.0
2016-05-11 00:00:00-04:00,18.559999465942383,20.239999771118164,18.559999465942383,18.959999084472656,1000,0.0,0.0
2016-05-12 00:00:00-04:00,20.399999618530273,20.399999618530273,18.719999313354492,20.079999923706055,475,0.0,0.0
2016-05-13 00:00:00-04:00,20.399999618530273,20.719999313354492,20.0,20.31999969482422,350,0.0,0.0
2016-05-16 00:00:00-04:00,20.799999237060547,20.799999237060547,19.68000030517578,20.079999923706055,788,0.0,0.0
2016-05-17 00:00:00-04:00,18.239999771118164,20.479999542236328,18.239999771118164,18.8799991607666,800,0.0,0.0
2016-05-18 00:00:00-04:00,20.0,20.31999969482422,18.399999618530273,20.0,475,0.0,0.0
2016-05-19 00:00:00-04:00,20.0,20.239999771118164,20.0,20.239999771118164,313,0.0,0.0
2016-05-20 00:00:00-04:00,20.799999237060547,22.239999771118164,20.239999771118164,20.239999771118164,100,0.0,0.0
2016-05-23 00:00:00-04:00,20.15999984741211,21.520000457763672,17.68000030517578,17.68000030517578,650,0.0,0.0
2016-05-24 00:00:00-04:00,17.920000076293945,21.200000762939453,17.920000076293945,18.8799991607666,4275,0.0,0.0
2016-05-25 00:00:00-04:00,21.040000915527344,21.040000915527344,18.639999389648438,18.639999389648438,1613,0.0,0.0
2016-05-26 00:00:00-04:00,19.280000686645508,20.959999084472656,19.200000762939453,20.959999084472656,963,0.0,0.0
2016-05-27 00:00:00-04:00,19.920000076293945,21.040000915527344,19.920000076293945,21.040000915527344,450,0.0,0.0
2016-05-31 00:00:00-04:00,20.31999969482422,20.799999237060547,20.0,20.799999237060547,238,0.0,0.0
2016-06-01 00:00:00-04:00,20.31999969482422,20.479999542236328,18.479999542236328,20.479999542236328,588,0.0,0.0
2016-06-02 00:00:00-04:00,19.84000015258789,20.959999084472656,19.84000015258789,20.959999084472656,288,0.0,0.0
2016-06-03 00:00:00-04:00,20.719999313354492,20.8799991607666,19.1200008392334,19.1200008392334,475,0.0,0.0
2016-06-06 00:00:00-04:00,19.280000686645508,20.239999771118164,18.399999618530273,20.15999984741211,863,0.0,0.0
2016-06-07 00:00:00-04:00,20.15999984741211,20.399999618530273,20.15999984741211,20.399999618530273,150,0.0,0.0
2016-06-08 00:00:00-04:00,20.639999389648438,20.639999389648438,20.479999542236328,20.479999542236328,50,0.0,0.0
2016-06-09 00:00:00-04:00,19.520000457763672,20.799999237060547,19.520000457763672,19.920000076293945,1413,0.0,0.0
2016-06-10 00:00:00-04:00,20.0,21.360000610351562,19.920000076293945,20.15999984741211,2650,0.0,0.0
2016-06-13 00:00:00-04:00,20.559999465942383,20.559999465942383,19.360000610351562,19.360000610351562,38,0.0,0.0
2016-06-14 00:00:00-04:00,20.15999984741211,21.440000534057617,19.920000076293945,19.920000076293945,388,0.0,0.0
2016-06-15 00:00:00-04:00,20.559999465942383,21.280000686645508,20.399999618530273,20.399999618530273,213,0.0,0.0
2016-06-16 00:00:00-04:00,20.15999984741211,21.360000610351562,20.15999984741211,21.360000610351562,663,0.0,0.0
2016-06-17 00:00:00-04:00,20.079999923706055,20.079999923706055,20.079999923706055,20.079999923706055,88,0.0,0.0
2016-06-20 00:00:00-04:00,19.920000076293945,20.959999084472656,19.920000076293945,19.920000076293945,563,0.0,0.0
2016-06-21 00:00:00-04:00,20.0,21.520000457763672,20.0,20.079999923706055,1500,0.0,0.0
2016-06-22 00:00:00-04:00,21.280000686645508,21.440000534057617,20.15999984741211,20.15999984741211,75,0.0,0.0
2016-06-23 00:00:00-04:00,20.239999771118164,20.639999389648438,20.15999984741211,20.479999542236328,300,0.0,0.0
2016-06-24 00:00:00-04:00,20.559999465942383,20.799999237060547,19.68000030517578,20.799999237060547,1838,0.0,0.0
2016-06-27 00:00:00-04:00,20.8799991607666,20.8799991607666,20.15999984741211,20.799999237060547,88,0.0,0.0
2016-06-28 00:00:00-04:00,21.1200008392334,21.1200008392334,20.799999237060547,20.8799991607666,325,0.0,0.0
2016-06-29 00:00:00-04:00,20.399999618530273,21.360000610351562,20.399999618530273,21.280000686645508,275,0.0,0.0
2016-06-30 00:00:00-04:00,20.399999618530273,21.440000534057617,19.600000381469727,21.200000762939453,963,0.0,0.0
2016-07-01 00:00:00-04:00,20.559999465942383,21.1200008392334,19.84000015258789,21.1200008392334,563,0.0,0.0
2016-07-05 00:00:00-04:00,21.1200008392334,21.1200008392334,21.1200008392334,21.1200008392334,0,0.0,0.0
2016-07-06 00:00:00-04:00,20.239999771118164,20.31999969482422,19.84000015258789,20.31999969482422,213,0.0,0.0
2016-07-07 00:00:00-04:00,19.920000076293945,21.1200008392334,19.68000030517578,20.399999618530273,938,0.0,0.0
2016-07-08 00:00:00-04:00,20.399999618530273,20.399999618530273,20.399999618530273,20.399999618530273,63,0.0,0.0
2016-07-11 00:00:00-04:00,19.68000030517578,20.479999542236328,19.68000030517578,20.479999542236328,163,0.0,0.0
2016-07-12 00:00:00-04:00,20.399999618530273,20.959999084472656,20.0,20.239999771118164,263,0.0,0.0
2016-07-13 00:00:00-04:00,20.239999771118164,20.239999771118164,20.239999771118164,20.239999771118164,0,0.0,0.0
2016-07-14 00:00:00-04:00,20.959999084472656,20.959999084472656,20.399999618530273,20.399999618530273,50,0.0,0.0
2016-07-15 00:00:00-04:00,20.239999771118164,21.1200008392334,20.239999771118164,20.479999542236328,175,0.0,0.0
2016-07-18 00:00:00-04:00,20.0,20.31999969482422,19.84000015258789,19.84000015258789,413,0.0,0.0
2016-07-19 00:00:00-04:00,20.31999969482422,21.360000610351562,19.600000381469727,19.600000381469727,500,0.0,0.0
2016-07-20 00:00:00-04:00,20.079999923706055,20.559999465942383,20.079999923706055,20.559999465942383,88,0.0,0.0
2016-07-21 00:00:00-04:00,20.559999465942383,20.559999465942383,20.559999465942383,20.559999465942383,0,0.0,0.0
2016-07-22 00:00:00-04:00,21.200000762939453,21.200000762939453,20.959999084472656,21.040000915527344,325,0.0,0.0
2016-07-25 00:00:00-04:00,21.440000534057617,21.440000534057617,19.68000030517578,20.479999542236328,275,0.0,0.0
2016-07-26 00:00:00-04:00,20.479999542236328,20.479999542236328,20.479999542236328,20.479999542236328,0,0.0,0.0
2016-07-27 00:00:00-04:00,20.479999542236328,20.479999542236328,20.479999542236328,20.479999542236328,25,0.0,0.0
2016-07-28 00:00:00-04:00,20.479999542236328,20.479999542236328,20.479999542236328,20.479999542236328,25,0.0,0.0
2016-07-29 00:00:00-04:00,20.399999618530273,20.399999618530273,20.399999618530273,20.399999618530273,25,0.0,0.0
2016-08-01 00:00:00-04:00,20.719999313354492,20.799999237060547,20.399999618530273,20.399999618530273,88,0.0,0.0
2016-08-02 00:00:00-04:00,20.399999618530273,20.399999618530273,20.399999618530273,20.399999618530273,0,0.0,0.0
2016-08-03 00:00:00-04:00,21.1200008392334,21.1200008392334,20.079999923706055,20.15999984741211,575,0.0,0.0
2016-08-04 00:00:00-04:00,21.200000762939453,22.719999313354492,18.239999771118164,21.600000381469727,3113,0.0,0.0
2016-08-05 00:00:00-04:00,20.799999237060547,21.200000762939453,20.479999542236328,21.200000762939453,1250,0.0,0.0
2016-08-08 00:00:00-04:00,21.280000686645508,21.280000686645508,20.15999984741211,20.959999084472656,163,0.0,0.0
2016-08-09 00:00:00-04:00,21.920000076293945,22.31999969482422,20.959999084472656,21.280000686645508,100,0.0,0.0
2016-08-10 00:00:00-04:00,20.959999084472656,20.959999084472656,18.959999084472656,20.959999084472656,3238,0.0,0.0
2016-08-11 00:00:00-04:00,19.600000381469727,20.559999465942383,19.600000381469727,20.559999465942383,1388,0.0,0.0
2016-08-12 00:00:00-04:00,19.520000457763672,21.280000686645508,19.440000534057617,21.280000686645508,400,0.0,0.0
2016-08-15 00:00:00-04:00,27.920000076293945,41.20000076293945,26.0,31.600000381469727,252588,0.0,0.0
2016-08-16 00:00:00-04:00,28.799999237060547,30.31999969482422,28.31999969482422,29.600000381469727,30375,0.0,0.0
2016-08-17 00:00:00-04:00,28.31999969482422,29.760000228881836,26.479999542236328,27.280000686645508,7313,0.0,0.0
2016-08-18 00:00:00-04:00,27.200000762939453,27.200000762939453,26.0,26.079999923706055,3413,0.0,0.0
2016-08-19 00:00:00-04:00,25.200000762939453,27.760000228881836,24.719999313354492,26.079999923706055,2400,0.0,0.0
2016-08-22 00:00:00-04:00,26.079999923706055,26.079999923706055,24.799999237060547,25.1200008392334,2025,0.0,0.0
2016-08-23 00:00:00-04:00,24.079999923706055,25.1200008392334,24.079999923706055,25.040000915527344,1263,0.0,0.0
2016-08-24 00:00:00-04:00,24.559999465942383,26.079999923706055,24.079999923706055,24.719999313354492,1688,0.0,0.0
2016-08-25 00:00:00-04:00,25.68000030517578,25.68000030517578,23.84000015258789,24.079999923706055,225,0.0,0.0
2016-08-26 00:00:00-04:00,22.719999313354492,23.600000381469727,22.079999923706055,22.399999618530273,900,0.0,0.0
2016-08-29 00:00:00-04:00,23.040000915527344,23.040000915527344,20.399999618530273,21.920000076293945,4275,0.0,0.0
2016-08-30 00:00:00-04:00,21.200000762939453,22.399999618530273,19.360000610351562,21.200000762939453,5650,0.0,0.0
2016-08-31 00:00:00-04:00,19.600000381469727,21.920000076293945,19.600000381469727,20.639999389648438,1550,0.0,0.0
2016-09-01 00:00:00-04:00,19.600000381469727,20.959999084472656,19.360000610351562,20.959999084472656,3100,0.0,0.0
2016-09-02 00:00:00-04:00,20.959999084472656,22.31999969482422,20.399999618530273,22.079999923706055,3338,0.0,0.0
2016-09-06 00:00:00-04:00,21.040000915527344,21.920000076293945,19.68000030517578,20.559999465942383,3275,0.0,0.0
2016-09-07 00:00:00-04:00,20.959999084472656,21.1200008392334,19.360000610351562,20.239999771118164,1038,0.0,0.0
2016-09-08 00:00:00-04:00,19.600000381469727,20.559999465942383,19.280000686645508,20.239999771118164,1625,0.0,0.0
2016-09-09 00:00:00-04:00,20.15999984741211,20.15999984741211,17.68000030517578,18.31999969482422,7563,0.0,0.0
2016-09-12 00:00:00-04:00,19.200000762939453,20.959999084472656,18.479999542236328,20.959999084472656,4850,0.0,0.0
2016-09-13 00:00:00-04:00,20.959999084472656,28.799999237060547,19.360000610351562,23.1200008392334,30700,0.0,0.0
2016-09-14 00:00:00-04:00,23.68000030517578,25.200000762939453,20.799999237060547,22.559999465942383,10950,0.0,0.0
2016-09-15 00:00:00-04:00,22.399999618530273,22.959999084472656,20.799999237060547,22.15999984741211,3113,0.0,0.0
2016-09-16 00:00:00-04:00,22.31999969482422,22.31999969482422,20.799999237060547,21.920000076293945,688,0.0,0.0
2016-09-19 00:00:00-04:00,22.0,22.0,22.0,22.0,88,0.0,0.0
2016-09-20 00:00:00-04:00,21.600000381469727,21.760000228881836,20.799999237060547,21.360000610351562,663,0.0,0.0
2016-09-21 00:00:00-04:00,21.68000030517578,21.68000030517578,20.799999237060547,20.799999237060547,650,0.0,0.0
2016-09-22 00:00:00-04:00,20.559999465942383,20.639999389648438,19.360000610351562,19.760000228881836,2125,0.0,0.0
2016-09-23 00:00:00-04:00,20.0,21.440000534057617,20.0,20.399999618530273,750,0.0,0.0
2016-09-26 00:00:00-04:00,20.079999923706055,20.399999618530273,19.360000610351562,19.600000381469727,438,0.0,0.0
2016-09-27 00:00:00-04:00,19.84000015258789,19.920000076293945,19.280000686645508,19.920000076293945,188,0.0,0.0
2016-09-28 00:00:00-04:00,19.520000457763672,20.0,18.15999984741211,18.959999084472656,1625,0.0,0.0
2016-09-29 00:00:00-04:00,19.1200008392334,19.280000686645508,19.1200008392334,19.280000686645508,313,0.0,0.0
2016-09-30 00:00:00-04:00,19.200000762939453,19.200000762939453,18.31999969482422,19.200000762939453,1025,0.0,0.0
2016-10-03 00:00:00-04:00,18.399999618530273,19.920000076293945,18.399999618530273,19.920000076293945,3525,0.0,0.0
2016-10-04 00:00:00-04:00,19.920000076293945,19.920000076293945,18.399999618530273,19.68000030517578,713,0.0,0.0
2016-10-05 00:00:00-04:00,19.040000915527344,20.239999771118164,19.040000915527344,20.239999771118164,1575,0.0,0.0
2016-10-06 00:00:00-04:00,20.0,20.239999771118164,19.760000228881836,20.239999771118164,188,0.0,0.0
2016-10-07 00:00:00-04:00,20.0,20.239999771118164,19.200000762939453,20.239999771118164,763,0.0,0.0
2016-10-10 00:00:00-04:00,20.239999771118164,21.1200008392334,18.719999313354492,19.200000762939453,9238,0.0,0.0
2016-10-11 00:00:00-04:00,19.520000457763672,19.760000228881836,18.959999084472656,19.200000762939453,2800,0.0,0.0
2016-10-12 00:00:00-04:00,18.959999084472656,19.600000381469727,18.15999984741211,18.799999237060547,5638,0.0,0.0
2016-10-13 00:00:00-04:00,18.639999389648438,19.520000457763672,18.639999389648438,18.719999313354492,550,0.0,0.0
2016-10-14 00:00:00-04:00,18.559999465942383,18.719999313354492,18.559999465942383,18.559999465942383,350,0.0,0.0
2016-10-17 00:00:00-04:00,17.600000381469727,19.200000762939453,17.600000381469727,19.200000762939453,1613,0.0,0.0
2016-10-18 00:00:00-04:00,18.399999618530273,18.799999237060547,17.200000762939453,18.399999618530273,4438,0.0,0.0
2016-10-19 00:00:00-04:00,18.399999618530273,20.799999237060547,18.0,20.0,7525,0.0,0.0
2016-10-20 00:00:00-04:00,19.600000381469727,21.600000381469727,19.600000381469727,20.0,5225,0.0,0.0
2016-10-21 00:00:00-04:00,20.799999237060547,21.200000762939453,19.600000381469727,19.600000381469727,2338,0.0,0.0
2016-10-24 00:00:00-04:00,19.600000381469727,19.600000381469727,17.200000762939453,17.360000610351562,1700,0.0,0.0
2016-10-25 00:00:00-04:00,17.200000762939453,17.600000381469727,16.399999618530273,17.360000610351562,863,0.0,0.0
2016-10-26 00:00:00-04:00,17.200000762939453,17.600000381469727,16.0,16.399999618530273,888,0.0,0.0
2016-10-27 00:00:00-04:00,16.0,16.0,13.600000381469727,15.199999809265137,3188,0.0,0.0
2016-10-28 00:00:00-04:00,15.199999809265137,15.600000381469727,15.199999809265137,15.600000381469727,663,0.0,0.0
2016-10-31 00:00:00-04:00,15.199999809265137,15.359999656677246,15.199999809265137,15.199999809265137,813,0.0,0.0
2016-11-01 00:00:00-04:00,15.199999809265137,16.399999618530273,15.199999809265137,15.600000381469727,3250,0.0,0.0
2016-11-02 00:00:00-04:00,15.199999809265137,15.600000381469727,15.199999809265137,15.600000381469727,88,0.0,0.0
2016-11-03 00:00:00-04:00,15.600000381469727,16.399999618530273,15.600000381469727,16.399999618530273,4038,0.0,0.0
2016-11-04 00:00:00-04:00,16.0,17.600000381469727,15.199999809265137,15.199999809265137,4350,0.0,0.0
2016-11-07 00:00:00-05:00,15.600000381469727,15.600000381469727,14.800000190734863,14.800000190734863,838,0.0,0.0
2016-11-08 00:00:00-05:00,14.800000190734863,15.199999809265137,14.800000190734863,14.800000190734863,263,0.0,0.0
2016-11-09 00:00:00-05:00,14.800000190734863,15.600000381469727,13.600000381469727,14.0,3813,0.0,0.0
2016-11-10 00:00:00-05:00,14.0,14.0,12.800000190734863,12.800000190734863,5975,0.0,0.0
2016-11-11 00:00:00-05:00,12.800000190734863,13.600000381469727,12.800000190734863,12.800000190734863,1350,0.0,0.0
2016-11-14 00:00:00-05:00,12.800000190734863,14.0,12.800000190734863,12.800000190734863,2388,0.0,0.0
2016-11-15 00:00:00-05:00,13.199999809265137,13.359999656677246,12.800000190734863,12.800000190734863,738,0.0,0.0
2016-11-16 00:00:00-05:00,13.199999809265137,14.0,12.800000190734863,13.600000381469727,900,0.0,0.0
2016-11-17 00:00:00-05:00,13.199999809265137,14.0,13.199999809265137,14.0,138,0.0,0.0
2016-11-18 00:00:00-05:00,13.600000381469727,13.600000381469727,12.800000190734863,12.800000190734863,1088,0.0,0.0
2016-11-21 00:00:00-05:00,13.199999809265137,13.199999809265137,12.800000190734863,13.199999809265137,1688,0.0,0.0
2016-11-22 00:00:00-05:00,13.199999809265137,14.0,12.800000190734863,13.199999809265137,8813,0.0,0.0
2016-11-23 00:00:00-05:00,13.600000381469727,13.600000381469727,12.800000190734863,13.199999809265137,2363,0.0,0.0
2016-11-25 00:00:00-05:00,13.199999809265137,14.399999618530273,12.800000190734863,12.800000190734863,5363,0.0,0.0
2016-11-28 00:00:00-05:00,14.800000190734863,17.600000381469727,13.199999809265137,13.600000381469727,7225,0.0,0.0
2016-11-29 00:00:00-05:00,14.800000190734863,14.800000190734863,13.199999809265137,14.800000190734863,3900,0.0,0.0
2016-11-30 00:00:00-05:00,14.800000190734863,14.800000190734863,13.600000381469727,14.399999618530273,775,0.0,0.0
2016-12-01 00:00:00-05:00,14.399999618530273,14.800000190734863,13.600000381469727,14.399999618530273,1263,0.0,0.0
2016-12-02 00:00:00-05:00,13.520000457763672,14.0,13.199999809265137,14.0,238,0.0,0.0
2016-12-05 00:00:00-05:00,14.0,16.799999237060547,13.84000015258789,14.399999618530273,14088,0.0,0.0
2016-12-06 00:00:00-05:00,14.399999618530273,14.800000190734863,13.199999809265137,14.0,5438,0.0,0.0
2016-12-07 00:00:00-05:00,13.680000305175781,13.680000305175781,13.199999809265137,13.600000381469727,7288,0.0,0.0
2016-12-08 00:00:00-05:00,13.279999732971191,13.600000381469727,12.399999618530273,12.800000190734863,10975,0.0,0.0
2016-12-09 00:00:00-05:00,12.800000190734863,13.199999809265137,12.399999618530273,12.800000190734863,3788,0.0,0.0
2016-12-12 00:00:00-05:00,13.199999809265137,13.600000381469727,12.800000190734863,13.600000381469727,875,0.0,0.0
2016-12-13 00:00:00-05:00,13.600000381469727,13.600000381469727,13.199999809265137,13.600000381469727,2450,0.0,0.0
2016-12-14 00:00:00-05:00,13.199999809265137,13.199999809265137,12.399999618530273,13.199999809265137,7238,0.0,0.0
2016-12-15 00:00:00-05:00,13.199999809265137,13.600000381469727,12.800000190734863,12.800000190734863,675,0.0,0.0
2016-12-16 00:00:00-05:00,13.199999809265137,13.600000381469727,12.399999618530273,12.399999618530273,1363,0.0,0.0
2016-12-19 00:00:00-05:00,12.800000190734863,12.800000190734863,12.399999618530273,12.800000190734863,1563,0.0,0.0
2016-12-20 00:00:00-05:00,12.800000190734863,12.800000190734863,12.399999618530273,12.800000190734863,1550,0.0,0.0
2016-12-21 00:00:00-05:00,12.399999618530273,12.800000190734863,12.0,12.0,5200,0.0,0.0
2016-12-22 00:00:00-05:00,12.0,13.199999809265137,12.0,12.399999618530273,7850,0.0,0.0
2016-12-23 00:00:00-05:00,12.399999618530273,12.800000190734863,12.399999618530273,12.800000190734863,2825,0.0,0.0
2016-12-27 00:00:00-05:00,12.399999618530273,13.199999809265137,12.399999618530273,12.800000190734863,3775,0.0,0.0
2016-12-28 00:00:00-05:00,12.960000038146973,13.199999809265137,12.399999618530273,12.399999618530273,1263,0.0,0.0
2016-12-29 00:00:00-05:00,12.399999618530273,12.800000190734863,12.399999618530273,12.399999618530273,2363,0.0,0.0
2016-12-30 00:00:00-05:00,12.399999618530273,12.800000190734863,12.399999618530273,12.399999618530273,1763,0.0,0.0
2017-01-03 00:00:00-05:00,12.399999618530273,12.800000190734863,12.399999618530273,12.399999618530273,475,0.0,0.0
2017-01-04 00:00:00-05:00,12.800000190734863,12.800000190734863,12.399999618530273,12.399999618530273,625,0.0,0.0
2017-01-05 00:00:00-05:00,12.399999618530273,13.600000381469727,12.399999618530273,13.199999809265137,3013,0.0,0.0
2017-01-06 00:00:00-05:00,13.600000381469727,13.600000381469727,13.199999809265137,13.199999809265137,1750,0.0,0.0
2017-01-09 00:00:00-05:00,13.600000381469727,13.600000381469727,12.800000190734863,12.800000190734863,1113,0.0,0.0
2017-01-10 00:00:00-05:00,12.800000190734863,13.359999656677246,12.479999542236328,13.119999885559082,1888,0.0,0.0
2017-01-11 00:00:00-05:00,13.199999809265137,13.600000381469727,12.399999618530273,12.800000190734863,875,0.0,0.0
2017-01-12 00:00:00-05:00,13.199999809265137,13.199999809265137,12.399999618530273,12.399999618530273,2438,0.0,0.0
2017-01-13 00:00:00-05:00,12.800000190734863,14.0,12.800000190734863,13.760000228881836,3588,0.0,0.0
2017-01-17 00:00:00-05:00,14.399999618530273,14.800000190734863,14.0,14.399999618530273,1825,0.0,0.0
2017-01-18 00:00:00-05:00,14.399999618530273,14.399999618530273,14.0,14.0,113,0.0,0.0
2017-01-19 00:00:00-05:00,14.800000190734863,14.800000190734863,13.600000381469727,14.0,2738,0.0,0.0
2017-01-20 00:00:00-05:00,14.15999984741211,14.800000190734863,14.0,14.0,2738,0.0,0.0
2017-01-23 00:00:00-05:00,14.399999618530273,14.399999618530273,14.0,14.0,100,0.0,0.0
2017-01-24 00:00:00-05:00,14.399999618530273,14.399999618530273,14.0,14.079999923706055,738,0.0,0.0
2017-01-25 00:00:00-05:00,14.399999618530273,14.399999618530273,14.0,14.0,538,0.0,0.0
2017-01-26 00:00:00-05:00,14.399999618530273,14.800000190734863,14.399999618530273,14.640000343322754,1525,0.0,0.0
2017-01-27 00:00:00-05:00,15.199999809265137,15.600000381469727,14.800000190734863,15.199999809265137,2425,0.0,0.0
2017-01-30 00:00:00-05:00,15.600000381469727,15.600000381469727,14.800000190734863,14.800000190734863,850,0.0,0.0
2017-01-31 00:00:00-05:00,14.800000190734863,14.800000190734863,14.800000190734863,14.800000190734863,0,0.0,0.0
2017-02-01 00:00:00-05:00,14.399999618530273,14.960000038146973,14.399999618530273,14.800000190734863,3725,0.0,0.0
2017-02-02 00:00:00-05:00,14.800000190734863,15.199999809265137,14.399999618530273,14.800000190734863,26313,0.0,0.0
2017-02-03 00:00:00-05:00,15.199999809265137,15.199999809265137,14.800000190734863,14.800000190734863,3038,0.0,0.0
2017-02-06 00:00:00-05:00,14.399999618530273,15.199999809265137,14.399999618530273,14.800000190734863,5425,0.0,0.0
2017-02-07 00:00:00-05:00,14.800000190734863,15.760000228881836,14.0,14.800000190734863,2675,0.0,0.0
2017-02-08 00:00:00-05:00,15.199999809265137,15.520000457763672,14.800000190734863,14.800000190734863,1513,0.0,0.0
2017-02-09 00:00:00-05:00,14.800000190734863,15.199999809265137,14.800000190734863,15.199999809265137,75,0.0,0.0
2017-02-10 00:00:00-05:00,15.199999809265137,15.600000381469727,14.800000190734863,15.279999732971191,2563,0.0,0.0
2017-02-13 00:00:00-05:00,14.800000190734863,15.600000381469727,14.800000190734863,14.800000190734863,2038,0.0,0.0
2017-02-14 00:00:00-05:00,14.800000190734863,15.199999809265137,14.399999618530273,15.199999809265137,6975,0.0,0.0
2017-02-15 00:00:00-05:00,14.800000190734863,15.039999961853027,14.399999618530273,14.800000190734863,1350,0.0,0.0
2017-02-16 00:00:00-05:00,14.800000190734863,14.800000190734863,14.800000190734863,14.800000190734863,50,0.0,0.0
2017-02-17 00:00:00-05:00,14.399999618530273,15.199999809265137,14.399999618530273,14.800000190734863,1325,0.0,0.0
2017-02-21 00:00:00-05:00,16.0,18.0,15.199999809265137,15.600000381469727,4350,0.0,0.0
2017-02-22 00:00:00-05:00,17.200000762939453,19.200000762939453,15.279999732971191,19.200000762939453,13725,0.0,0.0
2017-02-23 00:00:00-05:00,18.799999237060547,18.8799991607666,16.799999237060547,16.799999237060547,3838,0.0,0.0
2017-02-24 00:00:00-05:00,16.399999618530273,16.799999237060547,15.600000381469727,15.600000381469727,3550,0.0,0.0
2017-02-27 00:00:00-05:00,16.0,16.399999618530273,15.199999809265137,15.600000381469727,3988,0.0,0.0
2017-02-28 00:00:00-05:00,15.199999809265137,15.600000381469727,15.199999809265137,15.199999809265137,1438,0.0,0.0
2017-03-01 00:00:00-05:00,15.600000381469727,15.600000381469727,15.199999809265137,15.600000381469727,1475,0.0,0.0
2017-03-02 00:00:00-05:00,15.199999809265137,15.600000381469727,15.199999809265137,15.600000381469727,950,0.0,0.0
2017-03-03 00:00:00-05:00,15.199999809265137,15.600000381469727,14.800000190734863,15.199999809265137,2463,0.0,0.0
2017-03-06 00:00:00-05:00,15.199999809265137,15.600000381469727,15.199999809265137,15.600000381469727,613,0.0,0.0
2017-03-07 00:00:00-05:00,15.199999809265137,16.0,15.199999809265137,16.0,325,0.0,0.0
2017-03-08 00:00:00-05:00,15.680000305175781,16.0,15.680000305175781,16.0,325,0.0,0.0
2017-03-09 00:00:00-05:00,15.600000381469727,16.399999618530273,15.600000381469727,16.0,1900,0.0,0.0
2017-03-10 00:00:00-05:00,16.799999237060547,16.799999237060547,16.0,16.0,500,0.0,0.0
2017-03-13 00:00:00-04:00,16.0,16.399999618530273,16.0,16.0,1275,0.0,0.0
2017-03-14 00:00:00-04:00,16.0,16.399999618530273,16.0,16.239999771118164,1288,0.0,0.0
2017-03-15 00:00:00-04:00,16.799999237060547,16.799999237060547,16.0,16.0,200,0.0,0.0
2017-03-16 00:00:00-04:00,16.0,16.15999984741211,15.600000381469727,16.0,1375,0.0,0.0
2017-03-17 00:00:00-04:00,16.0,16.399999618530273,15.600000381469727,15.600000381469727,2750,0.0,0.0
2017-03-20 00:00:00-04:00,15.600000381469727,16.0,14.880000114440918,15.199999809265137,3513,0.0,0.0
2017-03-21 00:00:00-04:00,15.600000381469727,16.399999618530273,15.199999809265137,16.399999618530273,1213,0.0,0.0
2017-03-22 00:00:00-04:00,16.0,16.079999923706055,15.199999809265137,15.600000381469727,438,0.0,0.0
2017-03-23 00:00:00-04:00,16.399999618530273,16.399999618530273,15.600000381469727,15.760000228881836,463,0.0,0.0
2017-03-24 00:00:00-04:00,15.600000381469727,16.0,15.600000381469727,15.600000381469727,525,0.0,0.0
2017-03-27 00:00:00-04:00,15.84000015258789,16.0,15.600000381469727,16.0,275,0.0,0.0
2017-03-28 00:00:00-04:00,16.399999618530273,18.0,16.239999771118164,16.799999237060547,7100,0.0,0.0
2017-03-29 00:00:00-04:00,18.0,18.0,16.799999237060547,17.1200008392334,1225,0.0,0.0
2017-03-30 00:00:00-04:00,16.799999237060547,17.600000381469727,16.799999237060547,17.200000762939453,1975,0.0,0.0
2017-03-31 00:00:00-04:00,17.200000762939453,17.84000015258789,17.200000762939453,17.200000762939453,550,0.0,0.0
2017-04-03 00:00:00-04:00,17.200000762939453,17.600000381469727,16.799999237060547,16.799999237060547,888,0.0,0.0
2017-04-04 00:00:00-04:00,16.0,16.719999313354492,14.800000190734863,15.199999809265137,1988,0.0,0.0
2017-04-05 00:00:00-04:00,16.0,16.0,14.800000190734863,14.800000190734863,1850,0.0,0.0
2017-04-06 00:00:00-04:00,14.800000190734863,15.199999809265137,14.800000190734863,14.880000114440918,1150,0.0,0.0
2017-04-07 00:00:00-04:00,14.800000190734863,14.800000190734863,13.600000381469727,13.600000381469727,3825,0.0,0.0
2017-04-10 00:00:00-04:00,14.399999618530273,14.800000190734863,13.600000381469727,14.0,44775,0.0,0.0
2017-04-11 00:00:00-04:00,14.399999618530273,14.399999618530273,13.600000381469727,13.600000381469727,7575,0.0,0.0
2017-04-12 00:00:00-04:00,13.680000305175781,14.0,13.600000381469727,13.84000015258789,7188,0.0,0.0
2017-04-13 00:00:00-04:00,13.760000228881836,14.0,13.199999809265137,13.600000381469727,5000,0.0,0.0
2017-04-17 00:00:00-04:00,14.0,14.0,13.600000381469727,14.0,388,0.0,0.0
2017-04-18 00:00:00-04:00,14.239999771118164,14.399999618530273,13.600000381469727,13.600000381469727,200,0.0,0.0
2017-04-19 00:00:00-04:00,13.600000381469727,13.600000381469727,13.199999809265137,13.199999809265137,5088,0.0,0.0
2017-04-20 00:00:00-04:00,13.600000381469727,13.600000381469727,13.199999809265137,13.199999809265137,475,0.0,0.0
2017-04-21 00:00:00-04:00,13.520000457763672,13.520000457763672,13.4399995803833,13.4399995803833,50,0.0,0.0
2017-04-24 00:00:00-04:00,13.600000381469727,13.600000381469727,13.199999809265137,13.199999809265137,1525,0.0,0.0
2017-04-25 00:00:00-04:00,13.600000381469727,13.600000381469727,13.199999809265137,13.199999809265137,438,0.0,0.0
2017-04-26 00:00:00-04:00,13.600000381469727,13.600000381469727,13.4399995803833,13.4399995803833,163,0.0,0.0
2017-04-27 00:00:00-04:00,13.600000381469727,13.600000381469727,13.600000381469727,13.600000381469727,88,0.0,0.0
2017-04-28 00:00:00-04:00,13.600000381469727,13.600000381469727,12.960000038146973,12.960000038146973,888,0.0,0.0
2017-05-01 00:00:00-04:00,13.359999656677246,13.600000381469727,13.359999656677246,13.600000381469727,113,0.0,0.0
2017-05-02 00:00:00-04:00,13.199999809265137,13.600000381469727,13.199999809265137,13.600000381469727,63,0.0,0.0
2017-05-03 00:00:00-04:00,13.279999732971191,13.600000381469727,13.279999732971191,13.600000381469727,138,0.0,0.0
2017-05-04 00:00:00-04:00,13.199999809265137,13.520000457763672,12.880000114440918,12.880000114440918,238,0.0,0.0
2017-05-05 00:00:00-04:00,12.800000190734863,15.600000381469727,12.800000190734863,14.0,4763,0.0,0.0
2017-05-08 00:00:00-04:00,13.600000381469727,14.479999542236328,13.199999809265137,13.600000381469727,463,0.0,0.0
2017-05-09 00:00:00-04:00,13.199999809265137,22.399999618530273,13.199999809265137,16.0,77463,0.0,0.0
2017-05-10 00:00:00-04:00,16.0,16.0,14.800000190734863,15.199999809265137,10700,0.0,0.0
2017-05-11 00:00:00-04:00,16.0,16.799999237060547,14.800000190734863,16.399999618530273,3550,0.0,0.0
2017-05-12 00:00:00-04:00,16.399999618530273,17.200000762939453,15.199999809265137,16.0,2000,0.0,0.0
2017-05-15 00:00:00-04:00,16.0,16.0,15.199999809265137,15.199999809265137,3588,0.0,0.0
2017-05-16 00:00:00-04:00,15.600000381469727,15.600000381469727,15.199999809265137,15.199999809265137,425,0.0,0.0
2017-05-17 00:00:00-04:00,15.199999809265137,15.199999809265137,14.0,14.800000190734863,4013,0.0,0.0
2017-05-18 00:00:00-04:00,15.199999809265137,15.199999809265137,14.0,14.800000190734863,325,0.0,0.0
2017-05-19 00:00:00-04:00,14.399999618530273,14.399999618530273,13.600000381469727,13.600000381469727,1488,0.0,0.0
2017-05-22 00:00:00-04:00,14.0,14.399999618530273,13.600000381469727,13.600000381469727,2088,0.0,0.0
2017-05-23 00:00:00-04:00,14.0,14.0,12.800000190734863,13.199999809265137,3250,0.0,0.0
2017-05-24 00:00:00-04:00,13.600000381469727,13.600000381469727,12.800000190734863,12.800000190734863,9788,0.0,0.0
2017-05-25 00:00:00-04:00,13.199999809265137,13.199999809265137,12.800000190734863,12.800000190734863,938,0.0,0.0
2017-05-26 00:00:00-04:00,12.800000190734863,14.399999618530273,12.399999618530273,13.680000305175781,5900,0.0,0.0
2017-05-30 00:00:00-04:00,13.600000381469727,13.920000076293945,13.600000381469727,13.680000305175781,2275,0.0,0.0
2017-05-31 00:00:00-04:00,13.279999732971191,13.279999732971191,12.399999618530273,12.399999618530273,1463,0.0,0.0
2017-06-01 00:00:00-04:00,13.199999809265137,13.199999809265137,12.399999618530273,12.800000190734863,3675,0.0,0.0
2017-06-02 00:00:00-04:00,12.880000114440918,12.880000114440918,11.199999809265137,12.0,7750,0.0,0.0
2017-06-05 00:00:00-04:00,12.399999618530273,12.800000190734863,12.0,12.239999771118164,325,0.0,0.0
2017-06-06 00:00:00-04:00,12.0,12.399999618530273,12.0,12.399999618530273,325,0.0,0.0
2017-06-07 00:00:00-04:00,12.800000190734863,12.800000190734863,12.0,12.399999618530273,2975,0.0,0.0
2017-06-08 00:00:00-04:00,12.0,12.399999618530273,12.0,12.399999618530273,1050,0.0,0.0
2017-06-09 00:00:00-04:00,12.399999618530273,12.399999618530273,12.079999923706055,12.399999618530273,238,0.0,0.0
2017-06-12 00:00:00-04:00,12.0,12.399999618530273,11.600000381469727,11.600000381469727,2588,0.0,0.0
2017-06-13 00:00:00-04:00,12.0,12.399999618530273,11.600000381469727,12.399999618530273,1013,0.0,0.0
2017-06-14 00:00:00-04:00,12.0,12.399999618530273,11.600000381469727,12.0,500,0.0,0.0
2017-06-15 00:00:00-04:00,11.600000381469727,12.800000190734863,11.600000381469727,12.399999618530273,1175,0.0,0.0
2017-06-16 00:00:00-04:00,12.399999618530273,12.399999618530273,11.600000381469727,11.600000381469727,638,0.0,0.0
2017-06-19 00:00:00-04:00,11.600000381469727,12.0,11.600000381469727,11.680000305175781,175,0.0,0.0
2017-06-20 00:00:00-04:00,11.600000381469727,12.0,11.600000381469727,12.0,588,0.0,0.0
2017-06-21 00:00:00-04:00,12.399999618530273,12.399999618530273,11.600000381469727,11.600000381469727,350,0.0,0.0
2017-06-22 00:00:00-04:00,11.600000381469727,11.600000381469727,11.600000381469727,11.600000381469727,88,0.0,0.0
2017-06-23 00:00:00-04:00,10.800000190734863,12.399999618530273,10.399999618530273,12.0,3663,0.0,0.0
2017-06-26 00:00:00-04:00,12.399999618530273,12.399999618530273,12.0,12.0,75,0.0,0.0
2017-06-27 00:00:00-04:00,12.0,12.800000190734863,12.0,12.800000190734863,188,0.0,0.0
2017-06-28 00:00:00-04:00,12.800000190734863,12.800000190734863,12.0,12.399999618530273,688,0.0,0.0
2017-06-29 00:00:00-04:00,12.399999618530273,12.800000190734863,12.399999618530273,12.800000190734863,863,0.0,0.0
2017-06-30 00:00:00-04:00,13.199999809265137,14.800000190734863,13.039999961853027,14.15999984741211,4213,0.0,0.0
2017-07-03 00:00:00-04:00,13.199999809265137,13.600000381469727,13.199999809265137,13.600000381469727,138,0.0,0.0
2017-07-05 00:00:00-04:00,12.800000190734863,13.600000381469727,12.800000190734863,13.199999809265137,813,0.0,0.0
2017-07-06 00:00:00-04:00,13.600000381469727,13.600000381469727,13.600000381469727,13.600000381469727,375,0.0,0.0
2017-07-07 00:00:00-04:00,13.600000381469727,13.600000381469727,13.600000381469727,13.600000381469727,263,0.0,0.0
2017-07-10 00:00:00-04:00,13.600000381469727,13.600000381469727,13.600000381469727,13.600000381469727,0,0.0,0.0
2017-07-11 00:00:00-04:00,14.399999618530273,14.399999618530273,13.600000381469727,13.600000381469727,350,0.0,0.0
2017-07-12 00:00:00-04:00,13.600000381469727,13.600000381469727,13.600000381469727,13.600000381469727,25,0.0,0.0
2017-07-13 00:00:00-04:00,13.600000381469727,13.600000381469727,12.800000190734863,13.600000381469727,6300,0.0,0.0
2017-07-14 00:00:00-04:00,14.0,14.0,13.84000015258789,14.0,250,0.0,0.0
2017-07-17 00:00:00-04:00,14.399999618530273,14.800000190734863,12.800000190734863,14.399999618530273,10063,0.0,0.0
2017-07-18 00:00:00-04:00,13.199999809265137,14.239999771118164,12.800000190734863,14.239999771118164,5600,0.0,0.0
2017-07-19 00:00:00-04:00,14.0,14.800000190734863,13.199999809265137,14.800000190734863,1513,0.0,0.0
2017-07-20 00:00:00-04:00,14.720000267028809,15.600000381469727,14.0,15.600000381469727,12338,0.0,0.0
2017-07-21 00:00:00-04:00,14.800000190734863,15.359999656677246,14.399999618530273,15.199999809265137,2900,0.0,0.0
2017-07-24 00:00:00-04:00,14.479999542236328,15.199999809265137,14.399999618530273,15.199999809265137,2150,0.0,0.0
2017-07-25 00:00:00-04:00,15.199999809265137,17.200000762939453,15.199999809265137,15.600000381469727,8613,0.0,0.0
2017-07-26 00:00:00-04:00,15.600000381469727,16.0,14.800000190734863,15.600000381469727,2888,0.0,0.0
2017-07-27 00:00:00-04:00,16.0,16.0,15.600000381469727,16.0,1075,0.0,0.0
2017-07-28 00:00:00-04:00,16.0,16.0,15.199999809265137,16.0,325,0.0,0.0
2017-07-31 00:00:00-04:00,16.0,16.0,15.600000381469727,16.0,750,0.0,0.0
2017-08-01 00:00:00-04:00,15.600000381469727,16.799999237060547,15.600000381469727,16.0,4475,0.0,0.0
2017-08-02 00:00:00-04:00,16.0,16.399999618530273,15.600000381469727,15.600000381469727,2113,0.0,0.0
2017-08-03 00:00:00-04:00,15.600000381469727,16.0,15.199999809265137,15.600000381469727,1200,0.0,0.0
2017-08-04 00:00:00-04:00,14.800000190734863,15.600000381469727,14.800000190734863,15.199999809265137,575,0.0,0.0
2017-08-07 00:00:00-04:00,15.600000381469727,15.600000381469727,14.800000190734863,14.800000190734863,338,0.0,0.0
2017-08-08 00:00:00-04:00,15.199999809265137,16.0,14.0,15.600000381469727,963,0.0,0.0
2017-08-09 00:00:00-04:00,15.199999809265137,15.199999809265137,14.800000190734863,14.800000190734863,400,0.0,0.0
2017-08-10 00:00:00-04:00,14.479999542236328,14.479999542236328,14.479999542236328,14.479999542236328,288,0.0,0.0
2017-08-11 00:00:00-04:00,14.960000038146973,14.960000038146973,13.199999809265137,13.600000381469727,3563,0.0,0.0
2017-08-14 00:00:00-04:00,13.199999809265137,14.800000190734863,13.199999809265137,14.399999618530273,6300,0.0,0.0
2017-08-15 00:00:00-04:00,14.399999618530273,14.800000190734863,12.399999618530273,14.399999618530273,8863,0.0,0.0
2017-08-16 00:00:00-04:00,14.399999618530273,14.399999618530273,12.800000190734863,13.600000381469727,6500,0.0,0.0
2017-08-17 00:00:00-04:00,14.0,14.399999618530273,13.600000381469727,14.399999618530273,1000,0.0,0.0
2017-08-18 00:00:00-04:00,14.0,15.600000381469727,13.199999809265137,13.600000381469727,4788,0.0,0.0
2017-08-21 00:00:00-04:00,13.199999809265137,13.199999809265137,13.199999809265137,13.199999809265137,75,0.0,0.0
2017-08-22 00:00:00-04:00,13.199999809265137,13.199999809265137,12.800000190734863,13.199999809265137,413,0.0,0.0
2017-08-23 00:00:00-04:00,12.399999618530273,13.199999809265137,12.399999618530273,12.399999618530273,513,0.0,0.0
2017-08-24 00:00:00-04:00,12.399999618530273,12.800000190734863,12.0,12.399999618530273,138,0.0,0.0
2017-08-25 00:00:00-04:00,12.800000190734863,12.800000190734863,12.800000190734863,12.800000190734863,75,0.0,0.0
2017-08-28 00:00:00-04:00,12.800000190734863,12.800000190734863,12.399999618530273,12.399999618530273,225,0.0,0.0
2017-08-29 00:00:00-04:00,12.0,12.800000190734863,12.0,12.800000190734863,125,0.0,0.0
2017-08-30 00:00:00-04:00,12.800000190734863,12.800000190734863,12.399999618530273,12.399999618530273,63,0.0,0.0
2017-08-31 00:00:00-04:00,12.800000190734863,12.800000190734863,12.399999618530273,12.399999618530273,250,0.0,0.0
2017-09-01 00:00:00-04:00,12.0,12.399999618530273,11.600000381469727,11.600000381469727,1850,0.0,0.0
2017-09-05 00:00:00-04:00,12.0,12.15999984741211,11.600000381469727,11.600000381469727,2800,0.0,0.0
2017-09-06 00:00:00-04:00,12.079999923706055,13.600000381469727,11.600000381469727,12.800000190734863,14850,0.0,0.0
2017-09-07 00:00:00-04:00,13.199999809265137,13.600000381469727,11.600000381469727,12.399999618530273,4938,0.0,0.0
2017-09-08 00:00:00-04:00,12.399999618530273,12.399999618530273,11.199999809265137,11.600000381469727,2850,0.0,0.0
2017-09-11 00:00:00-04:00,11.600000381469727,12.399999618530273,11.600000381469727,11.600000381469727,763,0.0,0.0
2017-09-12 00:00:00-04:00,12.0,12.399999618530273,11.600000381469727,11.84000015258789,1100,0.0,0.0
2017-09-13 00:00:00-04:00,12.0,12.399999618530273,11.600000381469727,12.0,1688,0.0,0.0
2017-09-14 00:00:00-04:00,12.0,12.800000190734863,11.600000381469727,12.0,2175,0.0,0.0
2017-09-15 00:00:00-04:00,12.0,12.0,11.199999809265137,11.600000381469727,2175,0.0,0.0
2017-09-18 00:00:00-04:00,11.600000381469727,12.399999618530273,11.600000381469727,12.399999618530273,1738,0.0,0.0
2017-09-19 00:00:00-04:00,12.0,13.600000381469727,11.600000381469727,12.0,5250,0.0,0.0
2017-09-20 00:00:00-04:00,13.600000381469727,13.600000381469727,12.0,12.399999618530273,850,0.0,0.0
2017-09-21 00:00:00-04:00,12.239999771118164,12.239999771118164,12.0,12.0,1050,0.0,0.0
2017-09-22 00:00:00-04:00,12.15999984741211,12.399999618530273,12.15999984741211,12.399999618530273,563,0.0,0.0
2017-09-25 00:00:00-04:00,12.0,12.0,12.0,12.0,38,0.0,0.0
2017-09-26 00:00:00-04:00,11.600000381469727,12.399999618530273,11.600000381469727,12.399999618530273,313,0.0,0.0
2017-09-27 00:00:00-04:00,12.399999618530273,13.199999809265137,12.399999618530273,13.199999809265137,2675,0.0,0.0
2017-09-28 00:00:00-04:00,12.800000190734863,12.800000190734863,12.399999618530273,12.800000190734863,688,0.0,0.0
2017-09-29 00:00:00-04:00,12.399999618530273,12.800000190734863,12.399999618530273,12.800000190734863,213,0.0,0.0
2017-10-02 00:00:00-04:00,12.800000190734863,12.800000190734863,12.399999618530273,12.800000190734863,213,0.0,0.0
2017-10-03 00:00:00-04:00,12.399999618530273,12.800000190734863,12.399999618530273,12.399999618530273,438,0.0,0.0
2017-10-04 00:00:00-04:00,12.5600004196167,12.800000190734863,12.0,12.0,438,0.0,0.0
2017-10-05 00:00:00-04:00,12.0,12.0,12.0,12.0,0,0.0,0.0
2017-10-06 00:00:00-04:00,12.0,12.399999618530273,12.0,12.399999618530273,138,0.0,0.0
2017-10-09 00:00:00-04:00,12.800000190734863,13.199999809265137,12.800000190734863,12.800000190734863,1950,0.0,0.0
2017-10-10 00:00:00-04:00,13.199999809265137,13.199999809265137,12.640000343322754,13.199999809265137,1663,0.0,0.0
2017-10-11 00:00:00-04:00,12.960000038146973,13.600000381469727,12.800000190734863,13.199999809265137,2800,0.0,0.0
2017-10-12 00:00:00-04:00,12.800000190734863,13.279999732971191,12.399999618530273,13.199999809265137,938,0.0,0.0
2017-10-13 00:00:00-04:00,12.399999618530273,13.199999809265137,12.399999618530273,13.199999809265137,1063,0.0,0.0
2017-10-16 00:00:00-04:00,12.800000190734863,13.600000381469727,12.399999618530273,13.039999961853027,2988,0.0,0.0
2017-10-17 00:00:00-04:00,13.039999961853027,13.039999961853027,13.039999961853027,13.039999961853027,0,0.0,0.0
2017-10-18 00:00:00-04:00,12.399999618530273,12.800000190734863,12.399999618530273,12.800000190734863,200,0.0,0.0
2017-10-19 00:00:00-04:00,12.399999618530273,12.800000190734863,12.0,12.0,475,0.0,0.0
2017-10-20 00:00:00-04:00,12.800000190734863,13.199999809265137,12.399999618530273,12.800000190734863,1100,0.0,0.0
2017-10-23 00:00:00-04:00,12.399999618530273,12.800000190734863,12.399999618530273,12.800000190734863,1763,0.0,0.0
2017-10-24 00:00:00-04:00,12.800000190734863,13.199999809265137,12.399999618530273,13.199999809265137,738,0.0,0.0
2017-10-25 00:00:00-04:00,12.800000190734863,12.800000190734863,12.399999618530273,12.800000190734863,700,0.0,0.0
2017-10-26 00:00:00-04:00,12.800000190734863,13.199999809265137,12.399999618530273,13.199999809265137,850,0.0,0.0
2017-10-27 00:00:00-04:00,13.199999809265137,13.199999809265137,12.399999618530273,12.640000343322754,15825,0.0,0.0
2017-10-30 00:00:00-04:00,12.800000190734863,13.039999961853027,12.800000190734863,12.800000190734863,9488,0.0,0.0
2017-10-31 00:00:00-04:00,12.800000190734863,12.800000190734863,12.640000343322754,12.640000343322754,5150,0.0,0.0
2017-11-01 00:00:00-04:00,12.399999618530273,12.800000190734863,12.399999618530273,12.800000190734863,938,0.0,0.0
2017-11-02 00:00:00-04:00,12.399999618530273,12.800000190734863,12.399999618530273,12.399999618530273,738,0.0,0.0
2017-11-03 00:00:00-04:00,12.399999618530273,12.399999618530273,12.399999618530273,12.399999618530273,550,0.0,0.0
2017-11-06 00:00:00-05:00,12.399999618530273,12.399999618530273,12.0,12.0,150,0.0,0.0
2017-11-07 00:00:00-05:00,12.0,12.399999618530273,12.0,12.399999618530273,225,0.0,0.0
2017-11-08 00:00:00-05:00,12.0,12.0,11.680000305175781,12.0,1313,0.0,0.0
2017-11-09 00:00:00-05:00,11.600000381469727,11.600000381469727,11.199999809265137,11.600000381469727,2063,0.0,0.0
2017-11-10 00:00:00-05:00,11.600000381469727,11.600000381469727,11.199999809265137,11.199999809265137,3225,0.0,0.0
2017-11-13 00:00:00-05:00,11.199999809265137,11.600000381469727,11.199999809265137,11.600000381469727,275,0.0,0.0
2017-11-14 00:00:00-05:00,11.600000381469727,12.800000190734863,11.600000381469727,12.399999618530273,575,0.0,0.0
2017-11-15 00:00:00-05:00,12.399999618530273,12.399999618530273,11.600000381469727,12.399999618530273,1238,0.0,0.0
2017-11-16 00:00:00-05:00,12.800000190734863,12.800000190734863,12.399999618530273,12.800000190734863,5450,0.0,0.0
2017-11-17 00:00:00-05:00,12.800000190734863,12.800000190734863,12.399999618530273,12.800000190734863,488,0.0,0.0
2017-11-20 00:00:00-05:00,12.399999618530273,12.800000190734863,12.399999618530273,12.399999618530273,625,0.0,0.0
2017-11-21 00:00:00-05:00,12.800000190734863,12.800000190734863,12.399999618530273,12.399999618530273,275,0.0,0.0
2017-11-22 00:00:00-05:00,12.800000190734863,12.800000190734863,12.399999618530273,12.800000190734863,3325,0.0,0.0
2017-11-24 00:00:00-05:00,12.800000190734863,12.800000190734863,12.399999618530273,12.800000190734863,313,0.0,0.0
2017-11-27 00:00:00-05:00,12.800000190734863,12.800000190734863,12.399999618530273,12.399999618530273,1263,0.0,0.0
2017-11-28 00:00:00-05:00,12.800000190734863,12.800000190734863,12.399999618530273,12.800000190734863,288,0.0,0.0
2017-11-29 00:00:00-05:00,12.800000190734863,12.800000190734863,12.399999618530273,12.800000190734863,488,0.0,0.0
2017-11-30 00:00:00-05:00,12.399999618530273,12.800000190734863,12.399999618530273,12.399999618530273,1313,0.0,0.0
2017-12-01 00:00:00-05:00,12.640000343322754,12.800000190734863,12.399999618530273,12.800000190734863,163,0.0,0.0
2017-12-04 00:00:00-05:00,12.399999618530273,12.800000190734863,12.0,12.800000190734863,3000,0.0,0.0
2017-12-05 00:00:00-05:00,12.800000190734863,18.0,12.399999618530273,12.5600004196167,105188,0.0,0.0
2017-12-06 00:00:00-05:00,12.399999618530273,12.800000190734863,12.0,12.399999618530273,5013,0.0,0.0
2017-12-07 00:00:00-05:00,12.399999618530273,12.800000190734863,12.0,12.800000190734863,3638,0.0,0.0
2017-12-08 00:00:00-05:00,12.399999618530273,13.199999809265137,12.0,13.199999809265137,19650,0.0,0.0
2017-12-11 00:00:00-05:00,13.199999809265137,13.199999809265137,12.0,12.079999923706055,4550,0.0,0.0
2017-12-12 00:00:00-05:00,12.399999618530273,12.800000190734863,12.0,12.399999618530273,2475,0.0,0.0
2017-12-13 00:00:00-05:00,12.800000190734863,12.800000190734863,12.0,12.0,888,0.0,0.0
2017-12-14 00:00:00-05:00,12.399999618530273,12.479999542236328,11.199999809265137,11.600000381469727,2138,0.0,0.0
2017-12-15 00:00:00-05:00,11.600000381469727,12.0,11.279999732971191,11.600000381469727,1350,0.0,0.0
2017-12-18 00:00:00-05:00,11.600000381469727,11.600000381469727,10.399999618530273,11.199999809265137,3475,0.0,0.0
2017-12-19 00:00:00-05:00,11.199999809265137,12.399999618530273,10.399999618530273,12.399999618530273,4400,0.0,0.0
2017-12-20 00:00:00-05:00,12.0,12.399999618530273,11.680000305175781,12.399999618530273,1788,0.0,0.0
2017-12-21 00:00:00-05:00,12.0,12.0,11.520000457763672,12.0,7600,0.0,0.0
2017-12-22 00:00:00-05:00,11.600000381469727,12.0,11.600000381469727,11.600000381469727,225,0.0,0.0
2017-12-26 00:00:00-05:00,11.600000381469727,12.0,11.4399995803833,11.600000381469727,2125,0.0,0.0
2017-12-27 00:00:00-05:00,12.0,12.0,11.520000457763672,11.600000381469727,763,0.0,0.0
2017-12-28 00:00:00-05:00,11.199999809265137,11.600000381469727,11.199999809265137,11.4399995803833,338,0.0,0.0
2017-12-29 00:00:00-05:00,11.600000381469727,12.0,11.199999809265137,12.0,4838,0.0,0.0
2018-01-02 00:00:00-05:00,11.600000381469727,14.239999771118164,11.600000381469727,13.199999809265137,4688,0.0,0.0
2018-01-03 00:00:00-05:00,13.199999809265137,14.0,12.399999618530273,13.199999809265137,1388,0.0,0.0
2018-01-04 00:00:00-05:00,13.4399995803833,13.600000381469727,13.199999809265137,13.600000381469727,1263,0.0,0.0
2018-01-05 00:00:00-05:00,13.600000381469727,14.800000190734863,13.199999809265137,14.399999618530273,988,0.0,0.0
2018-01-08 00:00:00-05:00,14.399999618530273,14.399999618530273,13.199999809265137,13.199999809265137,1238,0.0,0.0
2018-01-09 00:00:00-05:00,13.600000381469727,13.920000076293945,13.600000381469727,13.600000381469727,263,0.0,0.0
2018-01-10 00:00:00-05:00,13.199999809265137,14.0,13.199999809265137,13.4399995803833,1475,0.0,0.0
2018-01-11 00:00:00-05:00,13.600000381469727,14.0,13.199999809265137,13.600000381469727,275,0.0,0.0
2018-01-12 00:00:00-05:00,14.0,14.0,14.0,14.0,138,0.0,0.0
2018-01-16 00:00:00-05:00,14.399999618530273,14.399999618530273,13.199999809265137,14.0,475,0.0,0.0
2018-01-17 00:00:00-05:00,14.0,14.0,13.199999809265137,13.199999809265137,1225,0.0,0.0
2018-01-18 00:00:00-05:00,14.0,14.0,13.199999809265137,13.199999809265137,338,0.0,0.0
2018-01-19 00:00:00-05:00,13.199999809265137,13.199999809265137,12.800000190734863,12.800000190734863,338,0.0,0.0
2018-01-22 00:00:00-05:00,12.800000190734863,13.520000457763672,12.399999618530273,12.800000190734863,1275,0.0,0.0
2018-01-23 00:00:00-05:00,12.399999618530273,13.199999809265137,12.0,12.800000190734863,1500,0.0,0.0
2018-01-24 00:00:00-05:00,12.800000190734863,12.800000190734863,12.399999618530273,12.479999542236328,138,0.0,0.0
2018-01-25 00:00:00-05:00,12.399999618530273,12.399999618530273,11.600000381469727,12.0,3138,0.0,0.0
2018-01-26 00:00:00-05:00,12.15999984741211,12.399999618530273,12.0,12.399999618530273,1650,0.0,0.0
2018-01-29 00:00:00-05:00,12.399999618530273,12.399999618530273,11.600000381469727,12.0,26013,0.0,0.0
2018-01-30 00:00:00-05:00,11.600000381469727,12.0,11.199999809265137,11.600000381469727,2838,0.0,0.0
2018-01-31 00:00:00-05:00,11.600000381469727,12.0,11.039999961853027,12.0,5200,0.0,0.0
2018-02-01 00:00:00-05:00,11.600000381469727,11.600000381469727,11.199999809265137,11.600000381469727,950,0.0,0.0
2018-02-02 00:00:00-05:00,11.199999809265137,11.199999809265137,10.399999618530273,10.800000190734863,4275,0.0,0.0
2018-02-05 00:00:00-05:00,10.800000190734863,11.199999809265137,10.800000190734863,11.199999809265137,575,0.0,0.0
2018-02-06 00:00:00-05:00,11.199999809265137,11.199999809265137,10.800000190734863,10.800000190734863,1013,0.0,0.0
2018-02-07 00:00:00-05:00,10.880000114440918,11.199999809265137,10.800000190734863,10.800000190734863,1450,0.0,0.0
2018-02-08 00:00:00-05:00,10.399999618530273,10.800000190734863,10.399999618530273,10.800000190734863,2275,0.0,0.0
2018-02-09 00:00:00-05:00,10.800000190734863,12.0,10.0,10.720000267028809,28050,0.0,0.0
2018-02-12 00:00:00-05:00,10.800000190734863,10.800000190734863,10.0,10.0,5938,0.0,0.0
2018-02-13 00:00:00-05:00,10.399999618530273,11.199999809265137,9.600000381469727,10.800000190734863,33688,0.0,0.0
2018-02-14 00:00:00-05:00,10.800000190734863,11.199999809265137,10.800000190734863,10.800000190734863,2025,0.0,0.0
2018-02-15 00:00:00-05:00,11.199999809265137,11.199999809265137,10.800000190734863,10.800000190734863,1088,0.0,0.0
2018-02-16 00:00:00-05:00,10.800000190734863,11.199999809265137,10.800000190734863,11.199999809265137,1175,0.0,0.0
2018-02-20 00:00:00-05:00,11.199999809265137,11.199999809265137,10.800000190734863,10.800000190734863,263,0.0,0.0
2018-02-21 00:00:00-05:00,10.800000190734863,11.199999809265137,10.800000190734863,11.119999885559082,1325,0.0,0.0
2018-02-22 00:00:00-05:00,10.800000190734863,10.800000190734863,10.800000190734863,10.800000190734863,75,0.0,0.0
2018-02-23 00:00:00-05:00,10.800000190734863,10.800000190734863,10.800000190734863,10.800000190734863,88,0.0,0.0
2018-02-26 00:00:00-05:00,10.399999618530273,11.199999809265137,10.399999618530273,11.199999809265137,613,0.0,0.0
2018-02-27 00:00:00-05:00,10.800000190734863,10.800000190734863,10.800000190734863,10.800000190734863,75,0.0,0.0
2018-02-28 00:00:00-05:00,10.800000190734863,11.199999809265137,10.800000190734863,10.800000190734863,150,0.0,0.0
2018-03-01 00:00:00-05:00,10.800000190734863,10.800000190734863,10.399999618530273,10.399999618530273,1338,0.0,0.0
2018-03-02 00:00:00-05:00,10.399999618530273,10.399999618530273,9.600000381469727,10.0,638,0.0,0.0
2018-03-05 00:00:00-05:00,10.239999771118164,10.800000190734863,10.239999771118164,10.800000190734863,550,0.0,0.0
2018-03-06 00:00:00-05:00,10.239999771118164,10.800000190734863,10.0,10.0,638,0.0,0.0
2018-03-07 00:00:00-05:00,10.0,10.399999618530273,10.0,10.399999618530273,1063,0.0,0.0
2018-03-08 00:00:00-05:00,10.800000190734863,10.800000190734863,10.800000190734863,10.800000190734863,463,0.0,0.0
2018-03-09 00:00:00-05:00,10.399999618530273,10.800000190734863,10.399999618530273,10.800000190734863,1450,0.0,0.0
2018-03-12 00:00:00-04:00,10.319999694824219,10.399999618530273,10.0,10.0,488,0.0,0.0
2018-03-13 00:00:00-04:00,10.0,10.800000190734863,9.600000381469727,10.0,4425,0.0,0.0
2018-03-14 00:00:00-04:00,10.0,10.0,10.0,10.0,575,0.0,0.0
2018-03-15 00:00:00-04:00,10.0,10.0,9.600000381469727,9.600000381469727,800,0.0,0.0
2018-03-16 00:00:00-04:00,9.600000381469727,10.0,9.520000457763672,10.0,1375,0.0,0.0
2018-03-19 00:00:00-04:00,10.0,10.0,8.399999618530273,8.800000190734863,3700,0.0,0.0
2018-03-20 00:00:00-04:00,9.199999809265137,9.199999809265137,8.399999618530273,8.399999618530273,2188,0.0,0.0
2018-03-21 00:00:00-04:00,8.399999618530273,8.399999618530273,8.0,8.399999618530273,1538,0.0,0.0
2018-03-22 00:00:00-04:00,8.399999618530273,8.399999618530273,8.0,8.399999618530273,3725,0.0,0.0
2018-03-23 00:00:00-04:00,8.0,8.399999618530273,8.0,8.15999984741211,3750,0.0,0.0
2018-03-26 00:00:00-04:00,8.15999984741211,8.399999618530273,8.0,8.0,4588,0.0,0.0
2018-03-27 00:00:00-04:00,8.0,8.0,8.0,8.0,38,0.0,0.0
2018-03-28 00:00:00-04:00,8.0,9.600000381469727,8.0,9.600000381469727,4613,0.0,0.0
2018-03-29 00:00:00-04:00,11.199999809265137,12.0,7.599999904632568,8.800000190734863,191563,0.0,0.0
2018-04-02 00:00:00-04:00,8.399999618530273,8.399999618530273,8.0,8.0,13763,0.0,0.0
2018-04-03 00:00:00-04:00,8.0,8.0,6.800000190734863,7.599999904632568,14813,0.0,0.0
2018-04-04 00:00:00-04:00,7.199999809265137,7.599999904632568,7.199999809265137,7.199999809265137,2850,0.0,0.0
2018-04-05 00:00:00-04:00,7.199999809265137,7.519999980926514,6.800000190734863,7.199999809265137,3163,0.0,0.0
2018-04-06 00:00:00-04:00,6.960000038146973,7.199999809265137,6.800000190734863,7.119999885559082,5438,0.0,0.0
2018-04-09 00:00:00-04:00,7.199999809265137,7.199999809265137,6.400000095367432,7.039999961853027,14025,0.0,0.0
2018-04-10 00:00:00-04:00,6.960000038146973,6.960000038146973,5.920000076293945,6.400000095367432,5125,0.0,0.0
2018-04-11 00:00:00-04:00,6.400000095367432,6.559999942779541,6.400000095367432,6.480000019073486,2200,0.0,0.0
2018-04-12 00:00:00-04:00,6.400000095367432,6.559999942779541,6.400000095367432,6.400000095367432,4263,0.0,0.0
2018-04-13 00:00:00-04:00,6.400000095367432,6.480000019073486,6.400000095367432,6.400000095367432,4313,0.0,0.0
2018-04-16 00:00:00-04:00,6.559999942779541,6.559999942779541,6.159999847412109,6.400000095367432,3638,0.0,0.0
2018-04-17 00:00:00-04:00,6.320000171661377,6.639999866485596,6.239999771118164,6.559999942779541,2600,0.0,0.0
2018-04-18 00:00:00-04:00,6.400000095367432,7.599999904632568,6.400000095367432,6.559999942779541,26788,0.0,0.0
2018-04-19 00:00:00-04:00,6.480000019073486,6.71999979019165,6.159999847412109,6.480000019073486,6675,0.0,0.0
2018-04-20 00:00:00-04:00,6.559999942779541,6.559999942779541,6.239999771118164,6.480000019073486,863,0.0,0.0
2018-04-23 00:00:00-04:00,6.320000171661377,6.320000171661377,5.599999904632568,6.0,9400,0.0,0.0
2018-04-24 00:00:00-04:00,6.0,6.0,5.679999828338623,5.840000152587891,888,0.0,0.0
2018-04-25 00:00:00-04:00,5.679999828338623,6.0,5.599999904632568,5.599999904632568,3413,0.0,0.0
2018-04-26 00:00:00-04:00,5.599999904632568,5.920000076293945,5.28000020980835,5.599999904632568,15025,0.0,0.0
2018-04-27 00:00:00-04:00,5.599999904632568,5.599999904632568,5.360000133514404,5.519999980926514,4163,0.0,0.0
2018-04-30 00:00:00-04:00,5.519999980926514,5.599999904632568,5.360000133514404,5.360000133514404,1875,0.0,0.0
2018-05-01 00:00:00-04:00,5.599999904632568,5.599999904632568,5.360000133514404,5.440000057220459,3825,0.0,0.0
2018-05-02 00:00:00-04:00,5.679999828338623,5.920000076293945,5.360000133514404,5.760000228881836,6188,0.0,0.0
2018-05-03 00:00:00-04:00,5.599999904632568,5.679999828338623,5.360000133514404,5.360000133514404,4888,0.0,0.0
2018-05-04 00:00:00-04:00,5.360000133514404,5.679999828338623,5.360000133514404,5.599999904632568,3338,0.0,0.0
2018-05-07 00:00:00-04:00,5.840000152587891,6.239999771118164,5.440000057220459,5.679999828338623,15225,0.0,0.0
2018-05-08 00:00:00-04:00,5.840000152587891,6.239999771118164,5.599999904632568,5.679999828338623,48275,0.0,0.0
2018-05-09 00:00:00-04:00,5.599999904632568,5.599999904632568,4.960000038146973,5.199999809265137,14525,0.0,0.0
2018-05-10 00:00:00-04:00,5.199999809265137,5.599999904632568,5.119999885559082,5.360000133514404,2463,0.0,0.0
2018-05-11 00:00:00-04:00,5.199999809265137,5.599999904632568,5.199999809265137,5.360000133514404,2263,0.0,0.0
2018-05-14 00:00:00-04:00,5.28000020980835,5.920000076293945,5.28000020980835,5.840000152587891,7225,0.0,0.0
2018-05-15 00:00:00-04:00,6.0,6.0,5.440000057220459,5.599999904632568,5113,0.0,0.0
2018-05-16 00:00:00-04:00,5.599999904632568,6.239999771118164,5.599999904632568,6.079999923706055,11100,0.0,0.0
2018-05-17 00:00:00-04:00,6.400000095367432,6.559999942779541,5.679999828338623,6.480000019073486,10125,0.0,0.0
2018-05-18 00:00:00-04:00,6.559999942779541,6.559999942779541,5.920000076293945,6.400000095367432,5588,0.0,0.0
2018-05-21 00:00:00-04:00,6.400000095367432,6.400000095367432,6.159999847412109,6.400000095367432,2663,0.0,0.0
2018-05-22 00:00:00-04:00,6.0,6.400000095367432,5.599999904632568,6.0,3225,0.0,0.0
2018-05-23 00:00:00-04:00,6.0,8.0,6.0,7.28000020980835,86913,0.0,0.0
2018-05-24 00:00:00-04:00,7.199999809265137,7.599999904632568,6.159999847412109,6.159999847412109,31463,0.0,0.0
2018-05-25 00:00:00-04:00,6.159999847412109,6.559999942779541,6.159999847412109,6.480000019073486,3100,0.0,0.0
2018-05-29 00:00:00-04:00,6.71999979019165,6.800000190734863,5.760000228881836,6.159999847412109,4363,0.0,0.0
2018-05-30 00:00:00-04:00,6.0,6.239999771118164,5.920000076293945,6.0,5575,0.0,0.0
2018-05-31 00:00:00-04:00,6.0,6.079999923706055,5.679999828338623,5.840000152587891,10188,0.0,0.0
2018-06-01 00:00:00-04:00,5.760000228881836,6.0,5.760000228881836,5.920000076293945,2838,0.0,0.0
2018-06-04 00:00:00-04:00,8.079999923706055,20.239999771118164,8.079999923706055,13.4399995803833,3763125,0.0,0.0
2018-06-05 00:00:00-04:00,14.880000114440918,14.880000114440918,10.960000038146973,11.920000076293945,429488,0.0,0.0
2018-06-06 00:00:00-04:00,11.520000457763672,12.319999694824219,10.15999984741211,10.800000190734863,125400,0.0,0.0
2018-06-07 00:00:00-04:00,11.199999809265137,14.079999923706055,10.640000343322754,12.800000190734863,321050,0.0,0.0
2018-06-08 00:00:00-04:00,12.5600004196167,13.119999885559082,11.520000457763672,12.0,77850,0.0,0.0
2018-06-11 00:00:00-04:00,12.0,13.359999656677246,11.199999809265137,11.199999809265137,132738,0.0,0.0
2018-06-12 00:00:00-04:00,11.600000381469727,11.680000305175781,10.399999618530273,10.640000343322754,44563,0.0,0.0
2018-06-13 00:00:00-04:00,10.800000190734863,10.880000114440918,9.520000457763672,9.920000076293945,49513,0.0,0.0
2018-06-14 00:00:00-04:00,10.0,10.0,9.199999809265137,9.600000381469727,23363,0.0,0.0
2018-06-15 00:00:00-04:00,9.199999809265137,9.520000457763672,9.039999961853027,9.039999961853027,14125,0.0,0.0
2018-06-18 00:00:00-04:00,8.800000190734863,9.199999809265137,8.640000343322754,8.880000114440918,24588,0.0,0.0
2018-06-19 00:00:00-04:00,8.880000114440918,9.359999656677246,8.800000190734863,9.039999961853027,19313,0.0,0.0
2018-06-20 00:00:00-04:00,11.920000076293945,15.199999809265137,9.84000015258789,11.520000457763672,1892238,0.0,0.0
2018-06-21 00:00:00-04:00,11.199999809265137,11.4399995803833,9.760000228881836,10.15999984741211,116700,0.0,0.0
2018-06-22 00:00:00-04:00,10.5600004196167,10.640000343322754,9.84000015258789,9.920000076293945,41400,0.0,0.0
2018-06-25 00:00:00-04:00,9.84000015258789,10.319999694824219,9.119999885559082,9.760000228881836,26238,0.0,0.0
2018-06-26 00:00:00-04:00,9.600000381469727,10.720000267028809,9.199999809265137,10.079999923706055,34250,0.0,0.0
2018-06-27 00:00:00-04:00,10.15999984741211,10.399999618530273,10.0,10.15999984741211,14875,0.0,0.0
2018-06-28 00:00:00-04:00,10.239999771118164,10.960000038146973,9.680000305175781,10.079999923706055,55638,0.0,0.0
2018-06-29 00:00:00-04:00,9.84000015258789,10.079999923706055,9.600000381469727,10.0,14263,0.0,0.0
2018-07-02 00:00:00-04:00,9.520000457763672,10.079999923706055,9.520000457763672,9.600000381469727,8538,0.0,0.0
2018-07-03 00:00:00-04:00,9.600000381469727,9.920000076293945,9.600000381469727,9.760000228881836,4963,0.0,0.0
2018-07-05 00:00:00-04:00,10.0,10.0,9.4399995803833,9.920000076293945,9525,0.0,0.0
2018-07-06 00:00:00-04:00,10.0,10.399999618530273,9.680000305175781,10.15999984741211,10288,0.0,0.0
2018-07-09 00:00:00-04:00,10.399999618530273,11.920000076293945,10.15999984741211,10.640000343322754,113788,0.0,0.0
2018-07-10 00:00:00-04:00,10.960000038146973,10.960000038146973,10.15999984741211,10.239999771118164,11838,0.0,0.0
2018-07-11 00:00:00-04:00,10.239999771118164,10.5600004196167,10.15999984741211,10.399999618530273,3925,0.0,0.0
2018-07-12 00:00:00-04:00,10.399999618530273,10.640000343322754,10.15999984741211,10.479999542236328,7613,0.0,0.0
2018-07-13 00:00:00-04:00,10.479999542236328,10.479999542236328,10.239999771118164,10.399999618530273,4413,0.0,0.0
2018-07-16 00:00:00-04:00,10.720000267028809,10.800000190734863,9.4399995803833,10.15999984741211,12750,0.0,0.0
2018-07-17 00:00:00-04:00,10.0,10.399999618530273,9.600000381469727,9.920000076293945,6113,0.0,0.0
2018-07-18 00:00:00-04:00,10.0,10.319999694824219,9.600000381469727,9.680000305175781,7275,0.0,0.0
2018-07-19 00:00:00-04:00,9.84000015258789,10.0,9.600000381469727,9.84000015258789,3825,0.0,0.0
2018-07-20 00:00:00-04:00,10.0,10.0,9.359999656677246,10.0,6400,0.0,0.0
2018-07-23 00:00:00-04:00,10.399999618530273,10.399999618530273,9.84000015258789,9.920000076293945,3113,0.0,0.0
2018-07-24 00:00:00-04:00,10.239999771118164,10.239999771118164,9.760000228881836,9.760000228881836,3150,0.0,0.0
2018-07-25 00:00:00-04:00,10.079999923706055,10.079999923706055,9.279999732971191,9.359999656677246,5150,0.0,0.0
2018-07-26 00:00:00-04:00,9.4399995803833,9.920000076293945,9.359999656677246,9.600000381469727,4613,0.0,0.0
2018-07-27 00:00:00-04:00,9.600000381469727,9.760000228881836,9.359999656677246,9.359999656677246,5200,0.0,0.0
2018-07-30 00:00:00-04:00,9.84000015258789,10.0,9.279999732971191,10.0,6788,0.0,0.0
2018-07-31 00:00:00-04:00,9.920000076293945,10.0,9.600000381469727,9.680000305175781,2225,0.0,0.0
2018-08-01 00:00:00-04:00,9.680000305175781,9.760000228881836,9.359999656677246,9.4399995803833,2175,0.0,0.0
2018-08-02 00:00:00-04:00,9.600000381469727,9.84000015258789,9.359999656677246,9.760000228881836,4750,0.0,0.0
2018-08-03 00:00:00-04:00,9.600000381469727,10.079999923706055,9.600000381469727,9.84000015258789,2288,0.0,0.0
2018-08-06 00:00:00-04:00,9.920000076293945,14.720000267028809,9.680000305175781,10.399999618530273,161400,0.0,0.0
2018-08-07 00:00:00-04:00,10.399999618530273,11.199999809265137,9.600000381469727,10.079999923706055,25638,0.0,0.0
2018-08-08 00:00:00-04:00,10.0,10.0,9.199999809265137,9.4399995803833,16700,0.0,0.0
2018-08-09 00:00:00-04:00,9.4399995803833,9.680000305175781,9.359999656677246,9.600000381469727,10125,0.0,0.0
2018-08-10 00:00:00-04:00,9.520000457763672,9.600000381469727,9.119999885559082,9.119999885559082,3688,0.0,0.0
2018-08-13 00:00:00-04:00,9.199999809265137,9.520000457763672,8.5600004196167,8.720000267028809,5213,0.0,0.0
2018-08-14 00:00:00-04:00,8.800000190734863,8.800000190734863,7.440000057220459,7.840000152587891,36850,0.0,0.0
2018-08-15 00:00:00-04:00,7.679999828338623,7.760000228881836,7.199999809265137,7.199999809265137,9938,0.0,0.0
2018-08-16 00:00:00-04:00,7.199999809265137,8.239999771118164,7.039999961853027,7.28000020980835,8850,0.0,0.0
2018-08-17 00:00:00-04:00,7.360000133514404,7.840000152587891,7.199999809265137,7.519999980926514,3250,0.0,0.0
2018-08-20 00:00:00-04:00,7.679999828338623,9.359999656677246,7.679999828338623,7.679999828338623,18813,0.0,0.0
2018-08-21 00:00:00-04:00,7.679999828338623,7.920000076293945,7.440000057220459,7.440000057220459,6938,0.0,0.0
2018-08-22 00:00:00-04:00,7.599999904632568,7.840000152587891,7.519999980926514,7.840000152587891,4138,0.0,0.0
2018-08-23 00:00:00-04:00,7.599999904632568,8.0,7.599999904632568,7.599999904632568,3825,0.0,0.0
2018-08-24 00:00:00-04:00,7.360000133514404,7.599999904632568,6.559999942779541,6.960000038146973,11763,0.0,0.0
2018-08-27 00:00:00-04:00,7.039999961853027,7.519999980926514,6.800000190734863,6.960000038146973,4713,0.0,0.0
2018-08-28 00:00:00-04:00,6.800000190734863,7.199999809265137,6.800000190734863,7.119999885559082,3238,0.0,0.0
2018-08-29 00:00:00-04:00,7.119999885559082,7.360000133514404,6.960000038146973,7.199999809265137,3138,0.0,0.0
2018-08-30 00:00:00-04:00,7.28000020980835,8.319999694824219,7.199999809265137,8.239999771118164,15913,0.0,0.0
2018-08-31 00:00:00-04:00,8.399999618530273,8.399999618530273,7.760000228881836,7.840000152587891,7750,0.0,0.0
2018-09-04 00:00:00-04:00,8.0,8.5600004196167,7.599999904632568,7.920000076293945,17163,0.0,0.0
2018-09-05 00:00:00-04:00,7.760000228881836,7.920000076293945,7.599999904632568,7.760000228881836,4513,0.0,0.0
2018-09-06 00:00:00-04:00,7.760000228881836,7.760000228881836,7.360000133514404,7.599999904632568,4475,0.0,0.0
2018-09-07 00:00:00-04:00,7.360000133514404,7.840000152587891,7.360000133514404,7.519999980926514,2625,0.0,0.0
2018-09-10 00:00:00-04:00,7.679999828338623,7.679999828338623,7.28000020980835,7.440000057220459,1300,0.0,0.0
2018-09-11 00:00:00-04:00,7.360000133514404,7.599999904632568,7.039999961853027,7.039999961853027,10288,0.0,0.0
2018-09-12 00:00:00-04:00,7.440000057220459,7.840000152587891,7.119999885559082,7.28000020980835,1300,0.0,0.0
2018-09-13 00:00:00-04:00,7.119999885559082,7.440000057220459,6.960000038146973,6.960000038146973,7150,0.0,0.0
2018-09-14 00:00:00-04:00,6.960000038146973,7.039999961853027,6.639999866485596,6.71999979019165,10188,0.0,0.0
2018-09-17 00:00:00-04:00,6.800000190734863,6.800000190734863,5.360000133514404,6.0,22725,0.0,0.0
2018-09-18 00:00:00-04:00,5.840000152587891,5.840000152587891,5.519999980926514,5.519999980926514,11013,0.0,0.0
2018-09-19 00:00:00-04:00,5.599999904632568,5.679999828338623,5.440000057220459,5.599999904632568,6800,0.0,0.0
2018-09-20 00:00:00-04:00,5.760000228881836,7.199999809265137,5.519999980926514,6.71999979019165,78438,0.0,0.0
2018-09-21 00:00:00-04:00,7.199999809265137,7.199999809265137,6.400000095367432,6.480000019073486,18238,0.0,0.0
2018-09-24 00:00:00-04:00,6.239999771118164,6.480000019073486,5.599999904632568,5.920000076293945,16650,0.0,0.0
2018-09-25 00:00:00-04:00,5.599999904632568,6.0,5.599999904632568,5.920000076293945,10125,0.0,0.0
2018-09-26 00:00:00-04:00,5.920000076293945,6.0,5.599999904632568,5.679999828338623,6250,0.0,0.0
2018-09-27 00:00:00-04:00,5.760000228881836,6.0,5.679999828338623,5.679999828338623,3138,0.0,0.0
2018-09-28 00:00:00-04:00,5.679999828338623,5.840000152587891,5.679999828338623,5.679999828338623,7913,0.0,0.0
2018-10-01 00:00:00-04:00,5.840000152587891,6.0,5.840000152587891,5.840000152587891,6775,0.0,0.0
2018-10-02 00:00:00-04:00,5.840000152587891,6.0,5.840000152587891,6.0,11125,0.0,0.0
2018-10-03 00:00:00-04:00,6.0,6.71999979019165,5.840000152587891,6.159999847412109,7738,0.0,0.0
2018-10-04 00:00:00-04:00,6.159999847412109,6.320000171661377,5.920000076293945,5.920000076293945,4188,0.0,0.0
2018-10-05 00:00:00-04:00,5.920000076293945,6.559999942779541,5.920000076293945,6.239999771118164,70625,0.0,0.0
2018-10-08 00:00:00-04:00,6.159999847412109,6.480000019073486,6.0,6.239999771118164,6688,0.0,0.0
2018-10-09 00:00:00-04:00,6.079999923706055,6.320000171661377,5.679999828338623,5.840000152587891,8400,0.0,0.0
2018-10-10 00:00:00-04:00,5.840000152587891,6.239999771118164,5.840000152587891,5.840000152587891,4175,0.0,0.0
2018-10-11 00:00:00-04:00,5.760000228881836,5.760000228881836,5.039999961853027,5.599999904632568,7488,0.0,0.0
2018-10-12 00:00:00-04:00,5.840000152587891,5.840000152587891,5.199999809265137,5.440000057220459,6188,0.0,0.0
2018-10-15 00:00:00-04:00,5.599999904632568,5.840000152587891,5.519999980926514,5.519999980926514,3150,0.0,0.0
2018-10-16 00:00:00-04:00,5.519999980926514,6.0,5.199999809265137,5.519999980926514,13113,0.0,0.0
2018-10-17 00:00:00-04:00,5.599999904632568,5.679999828338623,5.28000020980835,5.599999904632568,2800,0.0,0.0
2018-10-18 00:00:00-04:00,5.28000020980835,5.599999904632568,5.28000020980835,5.360000133514404,7263,0.0,0.0
2018-10-19 00:00:00-04:00,5.28000020980835,6.0,5.28000020980835,5.440000057220459,3875,0.0,0.0
2018-10-22 00:00:00-04:00,5.679999828338623,5.760000228881836,4.400000095367432,5.119999885559082,17250,0.0,0.0
2018-10-23 00:00:00-04:00,5.199999809265137,5.199999809265137,4.800000190734863,5.199999809265137,1038,0.0,0.0
2018-10-24 00:00:00-04:00,5.199999809265137,6.239999771118164,4.880000114440918,4.880000114440918,85088,0.0,0.0
2018-10-25 00:00:00-04:00,4.800000190734863,5.119999885559082,4.800000190734863,4.800000190734863,9313,0.0,0.0
2018-10-26 00:00:00-04:00,5.039999961853027,5.119999885559082,4.800000190734863,4.800000190734863,5288,0.0,0.0
2018-10-29 00:00:00-04:00,5.199999809265137,5.199999809265137,4.800000190734863,4.800000190734863,5788,0.0,0.0
2018-10-30 00:00:00-04:00,4.639999866485596,4.960000038146973,4.480000019073486,4.639999866485596,1650,0.0,0.0
2018-10-31 00:00:00-04:00,4.480000019073486,4.880000114440918,4.480000019073486,4.880000114440918,7600,0.0,0.0
2018-11-01 00:00:00-04:00,4.960000038146973,4.960000038146973,4.559999942779541,4.960000038146973,2638,0.0,0.0
2018-11-02 00:00:00-04:00,5.039999961853027,5.28000020980835,4.880000114440918,4.960000038146973,3013,0.0,0.0
2018-11-05 00:00:00-05:00,4.880000114440918,5.199999809265137,4.880000114440918,4.960000038146973,3050,0.0,0.0
2018-11-06 00:00:00-05:00,4.960000038146973,5.119999885559082,4.880000114440918,4.880000114440918,4250,0.0,0.0
2018-11-07 00:00:00-05:00,5.28000020980835,5.28000020980835,4.960000038146973,5.119999885559082,7938,0.0,0.0
2018-11-08 00:00:00-05:00,4.880000114440918,5.119999885559082,4.880000114440918,4.880000114440918,2363,0.0,0.0
2018-11-09 00:00:00-05:00,5.119999885559082,5.119999885559082,4.880000114440918,5.039999961853027,8063,0.0,0.0
2018-11-12 00:00:00-05:00,5.039999961853027,5.199999809265137,4.800000190734863,4.880000114440918,3913,0.0,0.0
2018-11-13 00:00:00-05:00,4.639999866485596,4.880000114440918,4.639999866485596,4.71999979019165,2325,0.0,0.0
2018-11-14 00:00:00-05:00,4.639999866485596,5.119999885559082,4.480000019073486,4.639999866485596,3538,0.0,0.0
2018-11-15 00:00:00-05:00,4.559999942779541,4.639999866485596,4.0,4.239999771118164,10513,0.0,0.0
2018-11-16 00:00:00-05:00,4.0,4.239999771118164,3.9200000762939453,4.0,11075,0.0,0.0
2018-11-19 00:00:00-05:00,4.0,4.159999847412109,3.5999999046325684,4.0,1938,0.0,0.0
2018-11-20 00:00:00-05:00,3.680000066757202,4.0,3.5999999046325684,3.9200000762939453,1663,0.0,0.0
2018-11-21 00:00:00-05:00,3.9200000762939453,4.239999771118164,3.759999990463257,3.8399999141693115,5650,0.0,0.0
2018-11-23 00:00:00-05:00,4.079999923706055,4.320000171661377,4.079999923706055,4.079999923706055,7013,0.0,0.0
2018-11-26 00:00:00-05:00,4.320000171661377,4.320000171661377,3.759999990463257,3.8399999141693115,19063,0.0,0.0
2018-11-27 00:00:00-05:00,3.759999990463257,3.9200000762939453,3.200000047683716,3.680000066757202,5888,0.0,0.0
2018-11-28 00:00:00-05:00,3.5999999046325684,3.5999999046325684,3.359999895095825,3.440000057220459,3875,0.0,0.0
2018-11-29 00:00:00-05:00,3.5999999046325684,3.5999999046325684,3.359999895095825,3.440000057220459,4813,0.0,0.0
2018-11-30 00:00:00-05:00,3.359999895095825,3.359999895095825,3.200000047683716,3.200000047683716,6638,0.0,0.0
2018-12-03 00:00:00-05:00,8.479999542236328,12.399999618530273,7.840000152587891,8.640000343322754,4572975,0.0,0.0
2018-12-04 00:00:00-05:00,10.0,13.760000228881836,9.279999732971191,11.920000076293945,3766663,0.0,0.0
2018-12-06 00:00:00-05:00,10.399999618530273,10.720000267028809,8.960000038146973,9.279999732971191,319563,0.0,0.0
2018-12-07 00:00:00-05:00,9.359999656677246,9.84000015258789,8.15999984741211,8.880000114440918,137688,0.0,0.0
2018-12-10 00:00:00-05:00,9.359999656677246,9.520000457763672,8.079999923706055,8.319999694824219,70300,0.0,0.0
2018-12-11 00:00:00-05:00,8.239999771118164,8.239999771118164,6.71999979019165,6.880000114440918,116663,0.0,0.0
2018-12-12 00:00:00-05:00,6.400000095367432,7.28000020980835,6.400000095367432,7.119999885559082,123850,0.0,0.0
2018-12-13 00:00:00-05:00,6.800000190734863,7.199999809265137,6.71999979019165,6.960000038146973,35838,0.0,0.0
2018-12-14 00:00:00-05:00,6.559999942779541,7.519999980926514,6.480000019073486,7.119999885559082,39763,0.0,0.0
2018-12-17 00:00:00-05:00,7.599999904632568,7.599999904632568,6.639999866485596,6.71999979019165,31463,0.0,0.0
2018-12-18 00:00:00-05:00,10.15999984741211,10.15999984741211,7.440000057220459,7.679999828338623,829050,0.0,0.0
2018-12-19 00:00:00-05:00,7.360000133514404,7.360000133514404,6.0,6.639999866485596,120700,0.0,0.0
2018-12-20 00:00:00-05:00,6.239999771118164,7.119999885559082,5.760000228881836,5.840000152587891,52763,0.0,0.0
2018-12-21 00:00:00-05:00,5.760000228881836,8.800000190734863,4.800000190734863,8.640000343322754,187775,0.0,0.0
2018-12-24 00:00:00-05:00,6.400000095367432,7.119999885559082,6.079999923706055,6.800000190734863,31063,0.0,0.0
2018-12-26 00:00:00-05:00,7.360000133514404,7.440000057220459,6.639999866485596,6.880000114440918,19700,0.0,0.0
2018-12-27 00:00:00-05:00,7.440000057220459,7.440000057220459,6.079999923706055,6.559999942779541,15463,0.0,0.0
2018-12-28 00:00:00-05:00,6.559999942779541,7.199999809265137,6.400000095367432,7.119999885559082,64875,0.0,0.0
2018-12-31 00:00:00-05:00,6.800000190734863,6.960000038146973,6.71999979019165,6.960000038146973,9925,0.0,0.0
2019-01-02 00:00:00-05:00,6.800000190734863,6.960000038146973,6.480000019073486,6.71999979019165,15425,0.0,0.0
2019-01-03 00:00:00-05:00,6.880000114440918,6.880000114440918,6.0,6.480000019073486,12063,0.0,0.0
2019-01-04 00:00:00-05:00,6.480000019073486,6.880000114440918,6.400000095367432,6.71999979019165,17988,0.0,0.0
2019-01-07 00:00:00-05:00,6.71999979019165,7.119999885559082,6.400000095367432,6.71999979019165,35700,0.0,0.0
2019-01-08 00:00:00-05:00,6.880000114440918,7.199999809265137,6.559999942779541,7.199999809265137,16600,0.0,0.0
2019-01-09 00:00:00-05:00,7.199999809265137,7.920000076293945,6.880000114440918,7.920000076293945,71025,0.0,0.0
2019-01-10 00:00:00-05:00,7.840000152587891,7.920000076293945,7.199999809265137,7.28000020980835,20775,0.0,0.0
2019-01-11 00:00:00-05:00,7.599999904632568,7.599999904632568,6.880000114440918,7.119999885559082,8063,0.0,0.0
2019-01-14 00:00:00-05:00,7.119999885559082,7.360000133514404,6.880000114440918,7.199999809265137,7913,0.0,0.0
2019-01-15 00:00:00-05:00,6.880000114440918,7.039999961853027,6.400000095367432,6.71999979019165,11263,0.0,0.0
2019-01-16 00:00:00-05:00,6.800000190734863,7.039999961853027,6.559999942779541,6.800000190734863,11075,0.0,0.0
2019-01-17 00:00:00-05:00,6.800000190734863,7.039999961853027,6.71999979019165,6.880000114440918,11263,0.0,0.0
2019-01-18 00:00:00-05:00,6.960000038146973,7.440000057220459,6.800000190734863,7.440000057220459,23988,0.0,0.0
2019-01-22 00:00:00-05:00,7.440000057220459,7.440000057220459,6.800000190734863,6.880000114440918,14525,0.0,0.0
2019-01-23 00:00:00-05:00,6.71999979019165,6.960000038146973,6.639999866485596,6.639999866485596,6250,0.0,0.0
2019-01-24 00:00:00-05:00,6.800000190734863,6.960000038146973,6.71999979019165,6.960000038146973,2900,0.0,0.0
2019-01-25 00:00:00-05:00,6.71999979019165,7.28000020980835,6.71999979019165,7.28000020980835,24950,0.0,0.0
2019-01-28 00:00:00-05:00,7.360000133514404,8.15999984741211,7.360000133514404,7.519999980926514,69750,0.0,0.0
2019-01-29 00:00:00-05:00,7.840000152587891,7.840000152587891,7.199999809265137,7.360000133514404,12313,0.0,0.0
2019-01-30 00:00:00-05:00,7.28000020980835,7.440000057220459,7.039999961853027,7.28000020980835,15475,0.0,0.0
2019-01-31 00:00:00-05:00,7.28000020980835,7.440000057220459,7.28000020980835,7.440000057220459,6713,0.0,0.0
2019-02-01 00:00:00-05:00,7.599999904632568,7.599999904632568,7.28000020980835,7.440000057220459,11050,0.0,0.0
2019-02-04 00:00:00-05:00,7.28000020980835,7.599999904632568,7.28000020980835,7.440000057220459,7500,0.0,0.0
2019-02-05 00:00:00-05:00,7.679999828338623,7.679999828338623,7.360000133514404,7.440000057220459,6988,0.0,0.0
2019-02-06 00:00:00-05:00,7.440000057220459,7.440000057220459,7.039999961853027,7.119999885559082,4650,0.0,0.0
2019-02-07 00:00:00-05:00,7.199999809265137,7.28000020980835,6.880000114440918,7.119999885559082,4625,0.0,0.0
2019-02-08 00:00:00-05:00,6.880000114440918,7.28000020980835,6.880000114440918,6.880000114440918,23925,0.0,0.0
2019-02-11 00:00:00-05:00,6.800000190734863,7.199999809265137,6.400000095367432,6.400000095367432,15363,0.0,0.0
2019-02-12 00:00:00-05:00,6.71999979019165,6.71999979019165,6.400000095367432,6.639999866485596,6075,0.0,0.0
2019-02-13 00:00:00-05:00,6.480000019073486,6.71999979019165,6.480000019073486,6.639999866485596,5163,0.0,0.0
2019-02-14 00:00:00-05:00,6.559999942779541,6.639999866485596,6.400000095367432,6.480000019073486,3325,0.0,0.0
2019-02-15 00:00:00-05:00,6.480000019073486,6.880000114440918,6.480000019073486,6.71999979019165,7775,0.0,0.0
2019-02-19 00:00:00-05:00,6.71999979019165,6.800000190734863,6.480000019073486,6.800000190734863,8175,0.0,0.0
2019-02-20 00:00:00-05:00,6.559999942779541,7.039999961853027,6.559999942779541,6.800000190734863,5588,0.0,0.0
2019-02-21 00:00:00-05:00,6.71999979019165,6.880000114440918,6.559999942779541,6.559999942779541,5025,0.0,0.0
2019-02-22 00:00:00-05:00,6.800000190734863,6.800000190734863,6.480000019073486,6.559999942779541,3825,0.0,0.0
2019-02-25 00:00:00-05:00,6.400000095367432,6.559999942779541,6.400000095367432,6.480000019073486,4300,0.0,0.0
2019-02-26 00:00:00-05:00,6.800000190734863,6.800000190734863,6.400000095367432,6.559999942779541,4600,0.0,0.0
2019-02-27 00:00:00-05:00,6.71999979019165,6.71999979019165,6.480000019073486,6.480000019073486,2975,0.0,0.0
2019-02-28 00:00:00-05:00,6.480000019073486,6.480000019073486,6.400000095367432,6.400000095367432,3375,0.0,0.0
2019-03-01 00:00:00-05:00,6.400000095367432,6.480000019073486,6.159999847412109,6.400000095367432,5088,0.0,0.0
2019-03-04 00:00:00-05:00,6.400000095367432,6.480000019073486,6.159999847412109,6.239999771118164,7475,0.0,0.0
2019-03-05 00:00:00-05:00,6.400000095367432,6.400000095367432,5.920000076293945,5.920000076293945,4688,0.0,0.0
2019-03-06 00:00:00-05:00,6.079999923706055,6.159999847412109,5.840000152587891,6.159999847412109,2025,0.0,0.0
2019-03-07 00:00:00-05:00,6.159999847412109,6.400000095367432,5.840000152587891,6.0,3700,0.0,0.0
2019-03-08 00:00:00-05:00,6.0,6.239999771118164,5.840000152587891,6.239999771118164,7038,0.0,0.0
2019-03-11 00:00:00-04:00,6.320000171661377,6.400000095367432,6.079999923706055,6.079999923706055,4900,0.0,0.0
2019-03-12 00:00:00-04:00,6.400000095367432,6.400000095367432,6.079999923706055,6.159999847412109,3525,0.0,0.0
2019-03-13 00:00:00-04:00,6.159999847412109,6.400000095367432,5.920000076293945,5.920000076293945,9738,0.0,0.0
2019-03-14 00:00:00-04:00,6.079999923706055,6.159999847412109,5.920000076293945,6.159999847412109,1813,0.0,0.0
2019-03-15 00:00:00-04:00,6.400000095367432,6.559999942779541,6.0,6.480000019073486,9738,0.0,0.0
2019-03-18 00:00:00-04:00,6.320000171661377,6.480000019073486,6.079999923706055,6.159999847412109,8563,0.0,0.0
2019-03-19 00:00:00-04:00,6.159999847412109,6.320000171661377,6.159999847412109,6.320000171661377,6000,0.0,0.0
2019-03-20 00:00:00-04:00,6.239999771118164,6.960000038146973,6.079999923706055,6.559999942779541,12825,0.0,0.0
2019-03-21 00:00:00-04:00,6.71999979019165,6.960000038146973,6.400000095367432,6.480000019073486,19300,0.0,0.0
2019-03-22 00:00:00-04:00,6.239999771118164,6.800000190734863,6.239999771118164,6.639999866485596,11350,0.0,0.0
2019-03-25 00:00:00-04:00,6.880000114440918,10.079999923706055,6.639999866485596,7.599999904632568,841538,0.0,0.0
2019-03-26 00:00:00-04:00,7.039999961853027,7.599999904632568,6.400000095367432,7.199999809265137,48900,0.0,0.0
2019-03-27 00:00:00-04:00,7.039999961853027,7.199999809265137,6.71999979019165,6.880000114440918,13038,0.0,0.0
2019-03-28 00:00:00-04:00,6.71999979019165,7.039999961853027,6.639999866485596,6.880000114440918,9138,0.0,0.0
2019-03-29 00:00:00-04:00,6.71999979019165,7.199999809265137,6.71999979019165,6.800000190734863,16488,0.0,0.0
2019-04-01 00:00:00-04:00,6.880000114440918,7.039999961853027,6.559999942779541,6.71999979019165,9725,0.0,0.0
2019-04-02 00:00:00-04:00,6.639999866485596,6.800000190734863,6.400000095367432,6.559999942779541,7763,0.0,0.0
2019-04-03 00:00:00-04:00,6.71999979019165,6.71999979019165,6.480000019073486,6.71999979019165,10963,0.0,0.0
2019-04-04 00:00:00-04:00,6.559999942779541,6.880000114440918,6.559999942779541,6.800000190734863,3825,0.0,0.0
2019-04-05 00:00:00-04:00,6.559999942779541,6.960000038146973,6.480000019073486,6.800000190734863,12925,0.0,0.0
2019-04-08 00:00:00-04:00,7.039999961853027,7.039999961853027,6.480000019073486,6.639999866485596,3438,0.0,0.0
2019-04-09 00:00:00-04:00,6.71999979019165,7.039999961853027,6.639999866485596,6.800000190734863,6650,0.0,0.0
2019-04-10 00:00:00-04:00,6.880000114440918,7.199999809265137,6.639999866485596,6.960000038146973,12463,0.0,0.0
2019-04-11 00:00:00-04:00,7.440000057220459,7.519999980926514,6.880000114440918,7.360000133514404,12350,0.0,0.0
2019-04-12 00:00:00-04:00,7.599999904632568,7.599999904632568,6.960000038146973,7.199999809265137,8350,0.0,0.0
2019-04-15 00:00:00-04:00,7.440000057220459,7.440000057220459,6.800000190734863,6.880000114440918,5800,0.0,0.0
2019-04-16 00:00:00-04:00,7.119999885559082,7.119999885559082,6.639999866485596,6.800000190734863,6313,0.0,0.0
2019-04-17 00:00:00-04:00,7.199999809265137,7.199999809265137,6.559999942779541,6.639999866485596,13975,0.0,0.0
2019-04-18 00:00:00-04:00,6.639999866485596,6.800000190734863,6.400000095367432,6.639999866485596,10000,0.0,0.0
2019-04-22 00:00:00-04:00,6.559999942779541,6.800000190734863,6.480000019073486,6.800000190734863,5788,0.0,0.0
2019-04-23 00:00:00-04:00,6.71999979019165,6.800000190734863,6.480000019073486,6.71999979019165,7075,0.0,0.0
2019-04-24 00:00:00-04:00,6.480000019073486,6.71999979019165,6.480000019073486,6.559999942779541,5600,0.0,0.0
2019-04-25 00:00:00-04:00,6.71999979019165,7.599999904632568,6.559999942779541,6.559999942779541,54450,0.0,0.0
2019-04-26 00:00:00-04:00,6.960000038146973,6.960000038146973,6.559999942779541,6.559999942779541,8388,0.0,0.0
2019-04-29 00:00:00-04:00,6.639999866485596,6.639999866485596,6.480000019073486,6.639999866485596,3825,0.0,0.0
2019-04-30 00:00:00-04:00,6.639999866485596,6.639999866485596,6.400000095367432,6.559999942779541,3863,0.0,0.0
2019-05-01 00:00:00-04:00,6.400000095367432,6.639999866485596,6.400000095367432,6.480000019073486,7438,0.0,0.0
2019-05-02 00:00:00-04:00,6.559999942779541,6.559999942779541,6.400000095367432,6.400000095367432,4538,0.0,0.0
2019-05-03 00:00:00-04:00,6.480000019073486,6.559999942779541,6.480000019073486,6.559999942779541,4563,0.0,0.0
2019-05-06 00:00:00-04:00,6.559999942779541,6.559999942779541,6.400000095367432,6.480000019073486,3975,0.0,0.0
2019-05-07 00:00:00-04:00,6.559999942779541,6.559999942779541,6.400000095367432,6.400000095367432,3075,0.0,0.0
2019-05-08 00:00:00-04:00,6.559999942779541,6.559999942779541,6.400000095367432,6.400000095367432,2350,0.0,0.0
2019-05-09 00:00:00-04:00,6.480000019073486,12.880000114440918,6.320000171661377,9.199999809265137,2528963,0.0,0.0
2019-05-10 00:00:00-04:00,8.399999618530273,8.5600004196167,6.71999979019165,6.960000038146973,297600,0.0,0.0
2019-05-13 00:00:00-04:00,6.71999979019165,6.71999979019165,5.599999904632568,5.599999904632568,60588,0.0,0.0
2019-05-14 00:00:00-04:00,5.599999904632568,6.159999847412109,5.440000057220459,5.840000152587891,78100,0.0,0.0
2019-05-15 00:00:00-04:00,5.760000228881836,5.840000152587891,5.599999904632568,5.599999904632568,23575,0.0,0.0
2019-05-16 00:00:00-04:00,5.360000133514404,5.440000057220459,5.119999885559082,5.360000133514404,21025,0.0,0.0
2019-05-17 00:00:00-04:00,5.199999809265137,5.360000133514404,5.039999961853027,5.360000133514404,40938,0.0,0.0
2019-05-20 00:00:00-04:00,5.28000020980835,5.28000020980835,4.880000114440918,5.119999885559082,31450,0.0,0.0
2019-05-21 00:00:00-04:00,5.360000133514404,5.360000133514404,4.880000114440918,4.960000038146973,8388,0.0,0.0
2019-05-22 00:00:00-04:00,5.039999961853027,5.440000057220459,4.960000038146973,5.039999961853027,24538,0.0,0.0
2019-05-23 00:00:00-04:00,4.960000038146973,5.119999885559082,4.800000190734863,4.800000190734863,9175,0.0,0.0
2019-05-24 00:00:00-04:00,4.960000038146973,5.199999809265137,4.800000190734863,4.880000114440918,1863,0.0,0.0
2019-05-28 00:00:00-04:00,4.880000114440918,5.039999961853027,4.800000190734863,4.880000114440918,4038,0.0,0.0
2019-05-29 00:00:00-04:00,5.039999961853027,5.840000152587891,4.960000038146973,5.519999980926514,61238,0.0,0.0
2019-05-30 00:00:00-04:00,5.440000057220459,5.440000057220459,5.039999961853027,5.199999809265137,7063,0.0,0.0
2019-05-31 00:00:00-04:00,5.28000020980835,5.599999904632568,5.199999809265137,5.519999980926514,28900,0.0,0.0
2019-06-03 00:00:00-04:00,5.679999828338623,6.0,5.360000133514404,5.920000076293945,29838,0.0,0.0
2019-06-04 00:00:00-04:00,5.920000076293945,6.320000171661377,5.599999904632568,5.679999828338623,17175,0.0,0.0
2019-06-05 00:00:00-04:00,6.079999923706055,6.079999923706055,5.360000133514404,5.760000228881836,5288,0.0,0.0
2019-06-06 00:00:00-04:00,5.28000020980835,5.760000228881836,5.28000020980835,5.440000057220459,3825,0.0,0.0
2019-06-07 00:00:00-04:00,5.440000057220459,5.760000228881836,5.119999885559082,5.599999904632568,11350,0.0,0.0
2019-06-10 00:00:00-04:00,5.199999809265137,5.760000228881836,5.199999809265137,5.360000133514404,7475,0.0,0.0
2019-06-11 00:00:00-04:00,5.360000133514404,5.599999904632568,5.039999961853027,5.28000020980835,5588,0.0,0.0
2019-06-12 00:00:00-04:00,5.199999809265137,5.599999904632568,5.119999885559082,5.360000133514404,11500,0.0,0.0
2019-06-13 00:00:00-04:00,5.119999885559082,5.360000133514404,4.880000114440918,4.960000038146973,8825,0.0,0.0
2019-06-14 00:00:00-04:00,5.119999885559082,5.119999885559082,4.800000190734863,4.800000190734863,7850,0.0,0.0
2019-06-17 00:00:00-04:00,5.039999961853027,6.239999771118164,4.800000190734863,5.119999885559082,100600,0.0,0.0
2019-06-18 00:00:00-04:00,5.039999961853027,5.440000057220459,4.880000114440918,5.28000020980835,22888,0.0,0.0
2019-06-19 00:00:00-04:00,5.28000020980835,5.28000020980835,4.960000038146973,5.28000020980835,3550,0.0,0.0
2019-06-20 00:00:00-04:00,5.199999809265137,5.519999980926514,5.039999961853027,5.28000020980835,16613,0.0,0.0
2019-06-21 00:00:00-04:00,5.28000020980835,5.679999828338623,5.28000020980835,5.440000057220459,19013,0.0,0.0
2019-06-24 00:00:00-04:00,5.679999828338623,5.679999828338623,5.28000020980835,5.440000057220459,5663,0.0,0.0
2019-06-25 00:00:00-04:00,5.360000133514404,5.840000152587891,5.360000133514404,5.440000057220459,24863,0.0,0.0
2019-06-26 00:00:00-04:00,5.440000057220459,5.519999980926514,5.199999809265137,5.199999809265137,8700,0.0,0.0
2019-06-27 00:00:00-04:00,5.28000020980835,5.519999980926514,5.199999809265137,5.519999980926514,9263,0.0,0.0
2019-06-28 00:00:00-04:00,5.519999980926514,5.760000228881836,5.440000057220459,5.599999904632568,12200,0.0,0.0
2019-07-01 00:00:00-04:00,5.440000057220459,5.599999904632568,5.360000133514404,5.599999904632568,1613,0.0,0.0
2019-07-02 00:00:00-04:00,5.28000020980835,5.679999828338623,5.28000020980835,5.599999904632568,7988,0.0,0.0
2019-07-03 00:00:00-04:00,5.360000133514404,6.0,5.360000133514404,5.760000228881836,17963,0.0,0.0
2019-07-05 00:00:00-04:00,5.920000076293945,6.159999847412109,5.599999904632568,6.079999923706055,9950,0.0,0.0
2019-07-08 00:00:00-04:00,6.079999923706055,6.639999866485596,6.0,6.239999771118164,46300,0.0,0.0
2019-07-09 00:00:00-04:00,5.920000076293945,6.480000019073486,5.920000076293945,6.400000095367432,11725,0.0,0.0
2019-07-10 00:00:00-04:00,6.559999942779541,7.679999828338623,6.480000019073486,7.360000133514404,117463,0.0,0.0
2019-07-11 00:00:00-04:00,7.360000133514404,9.359999656677246,7.28000020980835,8.0,255200,0.0,0.0
2019-07-12 00:00:00-04:00,8.15999984741211,8.399999618530273,7.760000228881836,8.15999984741211,74813,0.0,0.0
2019-07-15 00:00:00-04:00,8.720000267028809,11.600000381469727,8.640000343322754,11.039999961853027,622925,0.0,0.0
2019-07-16 00:00:00-04:00,10.239999771118164,11.279999732971191,10.079999923706055,11.119999885559082,152163,0.0,0.0
2019-07-17 00:00:00-04:00,11.920000076293945,12.479999542236328,10.15999984741211,10.960000038146973,330563,0.0,0.0
2019-07-18 00:00:00-04:00,7.119999885559082,7.199999809265137,5.760000228881836,7.039999961853027,476813,0.0,0.0
2019-07-19 00:00:00-04:00,6.639999866485596,7.519999980926514,6.320000171661377,7.199999809265137,131025,0.0,0.0
2019-07-22 00:00:00-04:00,6.960000038146973,7.440000057220459,6.71999979019165,7.360000133514404,34250,0.0,0.0
2019-07-23 00:00:00-04:00,7.28000020980835,8.399999618530273,6.880000114440918,8.239999771118164,62588,0.0,0.0
2019-07-24 00:00:00-04:00,8.239999771118164,8.239999771118164,6.880000114440918,7.039999961853027,29375,0.0,0.0
2019-07-25 00:00:00-04:00,7.360000133514404,7.599999904632568,6.559999942779541,6.960000038146973,12200,0.0,0.0
2019-07-26 00:00:00-04:00,6.800000190734863,7.599999904632568,6.400000095367432,7.119999885559082,12450,0.0,0.0
2019-07-29 00:00:00-04:00,5.510000228881836,6.75,5.110000133514404,5.510000228881836,22700,0.0,0.125
2019-07-30 00:00:00-04:00,5.360000133514404,5.809999942779541,5.039999961853027,5.079999923706055,28100,0.0,0.0
2019-07-31 00:00:00-04:00,5.079999923706055,5.800000190734863,4.800000190734863,5.409999847412109,45700,0.0,0.0
2019-08-01 00:00:00-04:00,5.329999923706055,5.389999866485596,4.960000038146973,4.960000038146973,9500,0.0,0.0
2019-08-02 00:00:00-04:00,5.010000228881836,5.440000057220459,4.610000133514404,5.139999866485596,10100,0.0,0.0
2019-08-05 00:00:00-04:00,4.449999809265137,5.630000114440918,3.700000047683716,4.679999828338623,158300,0.0,0.0
2019-08-06 00:00:00-04:00,4.619999885559082,4.690000057220459,4.190000057220459,4.679999828338623,27500,0.0,0.0
2019-08-07 00:00:00-04:00,4.53000020980835,4.53000020980835,4.090000152587891,4.25,17300,0.0,0.0
2019-08-08 00:00:00-04:00,4.21999979019165,4.300000190734863,4.019999980926514,4.300000190734863,6100,0.0,0.0
2019-08-09 00:00:00-04:00,4.170000076293945,4.28000020980835,3.9000000953674316,4.28000020980835,3200,0.0,0.0
2019-08-12 00:00:00-04:00,4.130000114440918,4.929999828338623,4.0,4.929999828338623,9100,0.0,0.0
2019-08-13 00:00:00-04:00,4.880000114440918,4.880000114440918,4.239999771118164,4.289999961853027,6200,0.0,0.0
2019-08-14 00:00:00-04:00,4.400000095367432,4.5,3.9200000762939453,4.340000152587891,5700,0.0,0.0
2019-08-15 00:00:00-04:00,4.079999923706055,4.320000171661377,3.8499999046325684,4.320000171661377,2900,0.0,0.0
2019-08-16 00:00:00-04:00,4.190000057220459,4.190000057220459,3.7899999618530273,4.019999980926514,5400,0.0,0.0
2019-08-19 00:00:00-04:00,4.070000171661377,4.550000190734863,4.019999980926514,4.5,13300,0.0,0.0
2019-08-20 00:00:00-04:00,4.460000038146973,4.949999809265137,4.019999980926514,4.159999847412109,8900,0.0,0.0
2019-08-21 00:00:00-04:00,4.889999866485596,5.789999961853027,4.889999866485596,5.21999979019165,23300,0.0,0.0
2019-08-22 00:00:00-04:00,5.559999942779541,5.789999961853027,4.769999980926514,5.75,9600,0.0,0.0
2019-08-23 00:00:00-04:00,5.610000133514404,5.769999980926514,5.0,5.260000228881836,8800,0.0,0.0
2019-08-26 00:00:00-04:00,5.289999961853027,5.289999961853027,4.980000019073486,5.099999904632568,5400,0.0,0.0
2019-08-27 00:00:00-04:00,5.46999979019165,5.46999979019165,5.010000228881836,5.300000190734863,1900,0.0,0.0
2019-08-28 00:00:00-04:00,5.409999847412109,5.71999979019165,5.110000133514404,5.699999809265137,13400,0.0,0.0
2019-08-29 00:00:00-04:00,5.760000228881836,5.849999904632568,5.300000190734863,5.559999942779541,7200,0.0,0.0
2019-08-30 00:00:00-04:00,5.659999847412109,5.659999847412109,5.5,5.5,800,0.0,0.0
2019-09-03 00:00:00-04:00,5.360000133514404,6.199999809265137,5.150000095367432,6.070000171661377,10100,0.0,0.0
2019-09-04 00:00:00-04:00,5.75,6.71999979019165,5.659999847412109,6.400000095367432,9800,0.0,0.0
2019-09-05 00:00:00-04:00,6.420000076293945,6.820000171661377,6.03000020980835,6.03000020980835,9600,0.0,0.0
2019-09-06 00:00:00-04:00,6.150000095367432,6.559999942779541,6.150000095367432,6.309999942779541,4500,0.0,0.0
2019-09-09 00:00:00-04:00,6.389999866485596,6.389999866485596,6.150000095367432,6.230000019073486,11600,0.0,0.0
2019-09-10 00:00:00-04:00,6.389999866485596,7.860000133514404,6.289999961853027,6.960000038146973,25700,0.0,0.0
2019-09-11 00:00:00-04:00,7.849999904632568,7.849999904632568,6.170000076293945,6.170000076293945,10500,0.0,0.0
2019-09-12 00:00:00-04:00,6.349999904632568,6.369999885559082,6.320000171661377,6.369999885559082,1200,0.0,0.0
2019-09-13 00:00:00-04:00,6.179999828338623,7.230000019073486,6.179999828338623,6.400000095367432,3900,0.0,0.0
2019-09-16 00:00:00-04:00,6.920000076293945,6.989999771118164,6.539999961853027,6.869999885559082,13100,0.0,0.0
2019-09-17 00:00:00-04:00,7.5,7.5,6.340000152587891,6.559999942779541,21500,0.0,0.0
2019-09-18 00:00:00-04:00,6.449999809265137,6.730000019073486,6.320000171661377,6.320000171661377,1900,0.0,0.0
2019-09-19 00:00:00-04:00,6.610000133514404,6.800000190734863,6.119999885559082,6.289999961853027,5800,0.0,0.0
2019-09-20 00:00:00-04:00,6.150000095367432,6.449999809265137,6.110000133514404,6.110000133514404,4000,0.0,0.0
2019-09-23 00:00:00-04:00,6.050000190734863,6.570000171661377,6.050000190734863,6.300000190734863,3600,0.0,0.0
2019-09-24 00:00:00-04:00,6.329999923706055,6.329999923706055,6.099999904632568,6.21999979019165,4000,0.0,0.0
2019-09-25 00:00:00-04:00,6.070000171661377,6.539999961853027,6.070000171661377,6.320000171661377,4500,0.0,0.0
2019-09-26 00:00:00-04:00,6.320000171661377,6.320000171661377,5.75,5.989999771118164,9100,0.0,0.0
2019-09-27 00:00:00-04:00,5.900000095367432,6.059999942779541,5.809999942779541,5.860000133514404,4900,0.0,0.0
2019-09-30 00:00:00-04:00,5.849999904632568,6.5,5.630000114440918,6.5,8800,0.0,0.0
2019-10-01 00:00:00-04:00,6.460000038146973,6.460000038146973,5.71999979019165,6.03000020980835,9200,0.0,0.0
2019-10-02 00:00:00-04:00,5.489999771118164,7.449999809265137,4.940000057220459,6.230000019073486,23400,0.0,0.0
2019-10-03 00:00:00-04:00,6.0,7.5,6.0,6.150000095367432,22200,0.0,0.0
2019-10-04 00:00:00-04:00,6.25,7.010000228881836,5.800000190734863,5.800000190734863,49000,0.0,0.0
2019-10-07 00:00:00-04:00,6.0,6.0,5.75,5.75,1800,0.0,0.0
2019-10-08 00:00:00-04:00,5.940000057220459,6.150000095367432,5.599999904632568,5.599999904632568,2500,0.0,0.0
2019-10-09 00:00:00-04:00,6.0,6.0,4.699999809265137,5.789999961853027,4000,0.0,0.0
2019-10-10 00:00:00-04:00,5.699999809265137,5.789999961853027,4.949999809265137,5.050000190734863,3000,0.0,0.0
2019-10-11 00:00:00-04:00,5.199999809265137,5.449999809265137,5.199999809265137,5.449999809265137,5300,0.0,0.0
2019-10-14 00:00:00-04:00,5.199999809265137,5.389999866485596,5.110000133514404,5.21999979019165,6100,0.0,0.0
2019-10-15 00:00:00-04:00,5.25,5.25,5.210000038146973,5.210000038146973,1000,0.0,0.0
2019-10-16 00:00:00-04:00,5.119999885559082,5.239999771118164,5.119999885559082,5.239999771118164,3700,0.0,0.0
2019-10-17 00:00:00-04:00,5.199999809265137,5.239999771118164,5.199999809265137,5.239999771118164,2100,0.0,0.0
2019-10-18 00:00:00-04:00,5.199999809265137,5.239999771118164,5.199999809265137,5.239999771118164,300,0.0,0.0
2019-10-21 00:00:00-04:00,5.199999809265137,5.199999809265137,5.199999809265137,5.199999809265137,600,0.0,0.0
2019-10-22 00:00:00-04:00,5.199999809265137,5.199999809265137,5.199999809265137,5.199999809265137,600,0.0,0.0
2019-10-23 00:00:00-04:00,5.199999809265137,5.230000019073486,5.199999809265137,5.199999809265137,6100,0.0,0.0
2019-10-24 00:00:00-04:00,5.230000019073486,5.230000019073486,5.199999809265137,5.199999809265137,1400,0.0,0.0
2019-10-25 00:00:00-04:00,5.199999809265137,5.199999809265137,5.199999809265137,5.199999809265137,6000,0.0,0.0
2019-10-28 00:00:00-04:00,5.150000095367432,5.760000228881836,5.150000095367432,5.300000190734863,3600,0.0,0.0
2019-10-29 00:00:00-04:00,5.25,5.329999923706055,5.25,5.329999923706055,800,0.0,0.0
2019-10-30 00:00:00-04:00,5.300000190734863,5.320000171661377,5.300000190734863,5.309999942779541,2600,0.0,0.0
2019-10-31 00:00:00-04:00,5.199999809265137,5.25,5.199999809265137,5.199999809265137,3500,0.0,0.0
2019-11-01 00:00:00-04:00,5.300000190734863,5.300000190734863,5.150000095367432,5.150000095367432,400,0.0,0.0
2019-11-04 00:00:00-05:00,5.150000095367432,5.150000095367432,4.920000076293945,4.920000076293945,8200,0.0,0.0
2019-11-05 00:00:00-05:00,4.809999942779541,4.900000095367432,4.800000190734863,4.800000190734863,3600,0.0,0.0
2019-11-06 00:00:00-05:00,4.949999809265137,5.059999942779541,4.800000190734863,4.800000190734863,2300,0.0,0.0
2019-11-07 00:00:00-05:00,4.800000190734863,4.849999904632568,4.800000190734863,4.849999904632568,900,0.0,0.0
2019-11-08 00:00:00-05:00,4.849999904632568,4.849999904632568,4.849999904632568,4.849999904632568,100,0.0,0.0
2019-11-11 00:00:00-05:00,4.75,4.849999904632568,4.75,4.849999904632568,1000,0.0,0.0
2019-11-12 00:00:00-05:00,4.769999980926514,4.769999980926514,4.769999980926514,4.769999980926514,200,0.0,0.0
2019-11-13 00:00:00-05:00,4.889999866485596,4.889999866485596,4.889999866485596,4.889999866485596,500,0.0,0.0
2019-11-14 00:00:00-05:00,4.760000228881836,4.760000228881836,4.010000228881836,4.010000228881836,3000,0.0,0.0
2019-11-15 00:00:00-05:00,4.489999771118164,4.550000190734863,4.199999809265137,4.199999809265137,5900,0.0,0.0
2019-11-18 00:00:00-05:00,4.800000190734863,5.0,4.800000190734863,5.0,12100,0.0,0.0
2019-11-19 00:00:00-05:00,4.019999980926514,4.510000228881836,4.019999980926514,4.510000228881836,700,0.0,0.0
2019-11-20 00:00:00-05:00,4.300000190734863,5.150000095367432,4.300000190734863,4.809999942779541,1300,0.0,0.0
2019-11-21 00:00:00-05:00,4.989999771118164,5.0,4.800000190734863,4.800000190734863,1300,0.0,0.0
2019-11-22 00:00:00-05:00,4.800000190734863,4.800000190734863,4.800000190734863,4.800000190734863,200,0.0,0.0
2019-11-25 00:00:00-05:00,4.900000095367432,4.900000095367432,4.800000190734863,4.900000095367432,1600,0.0,0.0
2019-11-26 00:00:00-05:00,4.599999904632568,5.0,4.599999904632568,5.0,1000,0.0,0.0
2019-11-27 00:00:00-05:00,5.0,5.0,4.989999771118164,4.989999771118164,300,0.0,0.0
2019-11-29 00:00:00-05:00,5.0,5.0,4.849999904632568,4.849999904632568,300,0.0,0.0
2019-12-02 00:00:00-05:00,5.0,5.0,5.0,5.0,200,0.0,0.0
2019-12-03 00:00:00-05:00,5.449999809265137,5.449999809265137,5.0,5.0,1400,0.0,0.0
2019-12-04 00:00:00-05:00,5.099999904632568,5.099999904632568,5.0,5.0,300,0.0,0.0
2019-12-05 00:00:00-05:00,5.050000190734863,5.099999904632568,5.010000228881836,5.010000228881836,1000,0.0,0.0
2019-12-06 00:00:00-05:00,4.760000228881836,4.769999980926514,4.760000228881836,4.769999980926514,600,0.0,0.0
2019-12-09 00:00:00-05:00,4.989999771118164,5.0,4.769999980926514,4.769999980926514,1900,0.0,0.0
2019-12-10 00:00:00-05:00,5.0,5.0,4.769999980926514,4.900000095367432,600,0.0,0.0
2019-12-11 00:00:00-05:00,4.760000228881836,4.760000228881836,4.599999904632568,4.699999809265137,5000,0.0,0.0
2019-12-12 00:00:00-05:00,4.599999904632568,4.699999809265137,4.550000190734863,4.699999809265137,5100,0.0,0.0
2019-12-13 00:00:00-05:00,4.699999809265137,4.699999809265137,4.699999809265137,4.699999809265137,0,0.0,0.0
2019-12-16 00:00:00-05:00,4.699999809265137,4.699999809265137,4.699999809265137,4.699999809265137,200,0.0,0.0
2019-12-17 00:00:00-05:00,4.650000095367432,4.849999904632568,4.630000114440918,4.849999904632568,3000,0.0,0.0
2019-12-18 00:00:00-05:00,4.849999904632568,4.849999904632568,4.849999904632568,4.849999904632568,0,0.0,0.0
2019-12-19 00:00:00-05:00,4.75,4.800000190734863,4.75,4.75,700,0.0,0.0
2019-12-20 00:00:00-05:00,4.75,4.820000171661377,4.75,4.820000171661377,600,0.0,0.0
2019-12-23 00:00:00-05:00,4.75,4.849999904632568,4.650000095367432,4.849999904632568,3400,0.0,0.0
2019-12-24 00:00:00-05:00,4.869999885559082,4.869999885559082,4.869999885559082,4.869999885559082,3300,0.0,0.0
2019-12-26 00:00:00-05:00,4.610000133514404,4.869999885559082,4.599999904632568,4.599999904632568,2100,0.0,0.0
2019-12-27 00:00:00-05:00,4.599999904632568,4.949999809265137,4.599999904632568,4.949999809265137,3200,0.0,0.0
2019-12-30 00:00:00-05:00,4.579999923706055,5.0,4.579999923706055,4.650000095367432,3700,0.0,0.0
2019-12-31 00:00:00-05:00,4.699999809265137,4.699999809265137,4.699999809265137,4.699999809265137,900,0.0,0.0
2020-01-02 00:00:00-05:00,4.699999809265137,4.699999809265137,4.699999809265137,4.699999809265137,0,0.0,0.0
2020-01-03 00:00:00-05:00,4.809999942779541,4.809999942779541,4.599999904632568,4.599999904632568,600,0.0,0.0
2020-01-06 00:00:00-05:00,4.599999904632568,4.679999828338623,4.400000095367432,4.400000095367432,6500,0.0,0.0
2020-01-07 00:00:00-05:00,4.599999904632568,4.599999904632568,4.400000095367432,4.400000095367432,35800,0.0,0.0
2020-01-08 00:00:00-05:00,4.400000095367432,4.400000095367432,4.400000095367432,4.400000095367432,100,0.0,0.0
2020-01-09 00:00:00-05:00,4.400000095367432,4.590000152587891,4.400000095367432,4.5,1000,0.0,0.0
2020-01-10 00:00:00-05:00,4.5,4.5,4.5,4.5,0,0.0,0.0
2020-01-13 00:00:00-05:00,4.300000190734863,4.550000190734863,4.300000190734863,4.5,2800,0.0,0.0
2020-01-14 00:00:00-05:00,4.449999809265137,4.449999809265137,4.449999809265137,4.449999809265137,1200,0.0,0.0
2020-01-15 00:00:00-05:00,4.449999809265137,4.449999809265137,4.449999809265137,4.449999809265137,0,0.0,0.0
2020-01-16 00:00:00-05:00,4.400000095367432,4.449999809265137,4.349999904632568,4.349999904632568,1300,0.0,0.0
2020-01-17 00:00:00-05:00,4.349999904632568,4.349999904632568,4.349999904632568,4.349999904632568,500,0.0,0.0
2020-01-21 00:00:00-05:00,4.300000190734863,4.300000190734863,4.03000020980835,4.289999961853027,700,0.0,0.0
2020-01-22 00:00:00-05:00,4.099999904632568,4.199999809265137,3.950000047683716,4.199999809265137,23600,0.0,0.0
2020-01-23 00:00:00-05:00,4.0,4.190000057220459,3.8399999141693115,4.190000057220459,6700,0.0,0.0
2020-01-24 00:00:00-05:00,4.190000057220459,4.190000057220459,4.190000057220459,4.190000057220459,0,0.0,0.0
2020-01-27 00:00:00-05:00,4.099999904632568,4.099999904632568,4.099999904632568,4.099999904632568,200,0.0,0.0
2020-01-28 00:00:00-05:00,4.159999847412109,4.159999847412109,3.859999895095825,3.859999895095825,400,0.0,0.0
2020-01-29 00:00:00-05:00,4.070000171661377,4.070000171661377,3.75,3.9700000286102295,5900,0.0,0.0
2020-01-30 00:00:00-05:00,3.9700000286102295,3.9700000286102295,3.9700000286102295,3.9700000286102295,0,0.0,0.0
2020-01-31 00:00:00-05:00,3.75,3.869999885559082,3.6700000762939453,3.799999952316284,12800,0.0,0.0
2020-02-03 00:00:00-05:00,3.799999952316284,3.799999952316284,3.799999952316284,3.799999952316284,1000,0.0,0.0
2020-02-04 00:00:00-05:00,3.799999952316284,3.799999952316284,3.799999952316284,3.799999952316284,0,0.0,0.0
2020-02-05 00:00:00-05:00,3.75,3.75,3.6700000762939453,3.75,1400,0.0,0.0
2020-02-06 00:00:00-05:00,3.7799999713897705,3.7799999713897705,3.7799999713897705,3.7799999713897705,200,0.0,0.0
2020-02-07 00:00:00-05:00,3.7799999713897705,3.7799999713897705,3.7799999713897705,3.7799999713897705,0,0.0,0.0
2020-02-10 00:00:00-05:00,3.75,3.75,3.75,3.75,200,0.0,0.0
2020-02-11 00:00:00-05:00,3.6700000762939453,3.7100000381469727,3.6700000762939453,3.6700000762939453,700,0.0,0.0
2020-02-12 00:00:00-05:00,3.680000066757202,3.680000066757202,3.6700000762939453,3.6700000762939453,800,0.0,0.0
2020-02-13 00:00:00-05:00,3.6700000762939453,3.700000047683716,3.6700000762939453,3.700000047683716,2400,0.0,0.0
2020-02-14 00:00:00-05:00,3.690000057220459,3.690000057220459,3.6700000762939453,3.6700000762939453,400,0.0,0.0
2020-02-18 00:00:00-05:00,3.700000047683716,3.700000047683716,3.5999999046325684,3.700000047683716,1400,0.0,0.0
2020-02-19 00:00:00-05:00,3.700000047683716,3.700000047683716,3.690000057220459,3.690000057220459,700,0.0,0.0
2020-02-20 00:00:00-05:00,3.7200000286102295,3.7200000286102295,3.7200000286102295,3.7200000286102295,200,0.0,0.0
2020-02-21 00:00:00-05:00,3.9000000953674316,3.9000000953674316,3.9000000953674316,3.9000000953674316,300,0.0,0.0
2020-02-24 00:00:00-05:00,3.5999999046325684,3.7699999809265137,3.5999999046325684,3.619999885559082,400,0.0,0.0
2020-02-25 00:00:00-05:00,3.9000000953674316,3.9000000953674316,3.9000000953674316,3.9000000953674316,600,0.0,0.0
2020-02-26 00:00:00-05:00,3.890000104904175,3.9000000953674316,3.890000104904175,3.9000000953674316,200,0.0,0.0
2020-02-27 00:00:00-05:00,3.9000000953674316,3.9000000953674316,3.9000000953674316,3.9000000953674316,0,0.0,0.0
2020-02-28 00:00:00-05:00,3.9000000953674316,3.9000000953674316,3.9000000953674316,3.9000000953674316,0,0.0,0.0
2020-03-02 00:00:00-05:00,3.799999952316284,3.799999952316284,3.799999952316284,3.799999952316284,100,0.0,0.0
2020-03-03 00:00:00-05:00,3.619999885559082,3.799999952316284,3.619999885559082,3.799999952316284,300,0.0,0.0
2020-03-04 00:00:00-05:00,3.549999952316284,3.890000104904175,3.549999952316284,3.890000104904175,400,0.0,0.0
2020-03-05 00:00:00-05:00,3.700000047683716,3.700000047683716,3.700000047683716,3.700000047683716,300,0.0,0.0
2020-03-06 00:00:00-05:00,3.700000047683716,3.700000047683716,3.700000047683716,3.700000047683716,400,0.0,0.0
2020-03-09 00:00:00-04:00,3.4200000762939453,3.4200000762939453,2.700000047683716,2.700000047683716,2500,0.0,0.0
2020-03-10 00:00:00-04:00,3.049999952316284,3.049999952316284,2.890000104904175,2.890000104904175,800,0.0,0.0
2020-03-11 00:00:00-04:00,3.0,3.0,2.6500000953674316,2.700000047683716,3400,0.0,0.0
2020-03-12 00:00:00-04:00,2.6500000953674316,2.680000066757202,2.5999999046325684,2.5999999046325684,600,0.0,0.0
2020-03-13 00:00:00-04:00,2.5999999046325684,2.5999999046325684,2.5999999046325684,2.5999999046325684,0,0.0,0.0
2020-03-16 00:00:00-04:00,2.5,2.5,2.4000000953674316,2.5,400,0.0,0.0
2020-03-17 00:00:00-04:00,2.4000000953674316,2.4000000953674316,1.5,1.5,4400,0.0,0.0
2020-03-18 00:00:00-04:00,1.25,1.7000000476837158,0.8199999928474426,0.9200000166893005,10300,0.0,0.0
2020-03-19 00:00:00-04:00,0.949999988079071,1.149999976158142,0.949999988079071,0.9900000095367432,5500,0.0,0.0
2020-03-20 00:00:00-04:00,1.059999942779541,1.059999942779541,0.8999999761581421,0.9200000166893005,1700,0.0,0.0
2020-03-23 00:00:00-04:00,1.0099999904632568,1.0099999904632568,0.9700000286102295,0.9700000286102295,1400,0.0,0.0
2020-03-24 00:00:00-04:00,0.9200000166893005,1.0,0.9200000166893005,0.9900000095367432,3000,0.0,0.0
2020-03-25 00:00:00-04:00,0.9900000095367432,0.9900000095367432,0.9900000095367432,0.9900000095367432,0,0.0,0.0
2020-03-26 00:00:00-04:00,1.350000023841858,1.350000023841858,1.350000023841858,1.350000023841858,1000,0.0,0.0
2020-03-27 00:00:00-04:00,1.350000023841858,1.350000023841858,1.350000023841858,1.350000023841858,0,0.0,0.0
2020-03-30 00:00:00-04:00,1.3600000143051147,1.4299999475479126,1.3300000429153442,1.3300000429153442,700,0.0,0.0
2020-03-31 00:00:00-04:00,1.350000023841858,1.7000000476837158,1.350000023841858,1.5,1400,0.0,0.0
2020-04-01 00:00:00-04:00,1.5,1.7899999618530273,1.350000023841858,1.350000023841858,2300,0.0,0.0
2020-04-02 00:00:00-04:00,1.4500000476837158,1.4500000476837158,1.4500000476837158,1.4500000476837158,200,0.0,0.0
2020-04-03 00:00:00-04:00,1.4500000476837158,1.4500000476837158,1.4500000476837158,1.4500000476837158,0,0.0,0.0
2020-04-06 00:00:00-04:00,1.649999976158142,1.7899999618530273,1.5,1.600000023841858,2600,0.0,0.0
2020-04-07 00:00:00-04:00,1.5199999809265137,1.5199999809265137,1.5199999809265137,1.5199999809265137,100,0.0,0.0
2020-04-08 00:00:00-04:00,1.5499999523162842,1.5499999523162842,1.5499999523162842,1.5499999523162842,1200,0.0,0.0
2020-04-09 00:00:00-04:00,1.659999966621399,1.7899999618530273,1.659999966621399,1.659999966621399,1900,0.0,0.0
2020-04-13 00:00:00-04:00,1.649999976158142,1.649999976158142,1.649999976158142,1.649999976158142,100,0.0,0.0
2020-04-14 00:00:00-04:00,1.6299999952316284,1.6299999952316284,1.4600000381469727,1.4600000381469727,500,0.0,0.0
2020-04-15 00:00:00-04:00,1.4600000381469727,1.600000023841858,1.4600000381469727,1.600000023841858,1000,0.0,0.0
2020-04-16 00:00:00-04:00,1.600000023841858,1.600000023841858,1.600000023841858,1.600000023841858,0,0.0,0.0
2020-04-17 00:00:00-04:00,1.600000023841858,1.600000023841858,1.600000023841858,1.600000023841858,0,0.0,0.0
2020-04-20 00:00:00-04:00,1.600000023841858,1.600000023841858,1.600000023841858,1.600000023841858,0,0.0,0.0
2020-04-21 00:00:00-04:00,1.600000023841858,1.600000023841858,1.600000023841858,1.600000023841858,0,0.0,0.0
2020-04-22 00:00:00-04:00,1.350000023841858,1.6799999475479126,1.350000023841858,1.559999942779541,600,0.0,0.0
2020-04-23 00:00:00-04:00,1.5499999523162842,1.5499999523162842,1.5499999523162842,1.5499999523162842,100,0.0,0.0
2020-04-24 00:00:00-04:00,1.5499999523162842,1.5499999523162842,1.5499999523162842,1.5499999523162842,0,0.0,0.0
2020-04-27 00:00:00-04:00,1.6799999475479126,1.7599999904632568,1.6799999475479126,1.75,2900,0.0,0.0
2020-04-28 00:00:00-04:00,1.75,1.75,1.75,1.75,2100,0.0,0.0
2020-04-29 00:00:00-04:00,1.75,1.75,1.75,1.75,0,0.0,0.0
2020-04-30 00:00:00-04:00,1.75,1.75,1.75,1.75,0,0.0,0.0
2020-05-01 00:00:00-04:00,1.7899999618530273,1.7999999523162842,1.7899999618530273,1.7999999523162842,7700,0.0,0.0
2020-05-04 00:00:00-04:00,1.809999942779541,1.809999942779541,1.809999942779541,1.809999942779541,300,0.0,0.0
2020-05-05 00:00:00-04:00,1.809999942779541,1.809999942779541,1.809999942779541,1.809999942779541,0,0.0,0.0
2020-05-06 00:00:00-04:00,1.850000023841858,1.850000023841858,1.850000023841858,1.850000023841858,1000,0.0,0.0
2020-05-07 00:00:00-04:00,1.850000023841858,1.850000023841858,1.850000023841858,1.850000023841858,0,0.0,0.0
2020-05-08 00:00:00-04:00,1.9500000476837158,1.9900000095367432,1.899999976158142,1.9900000095367432,700,0.0,0.0
2020-05-11 00:00:00-04:00,1.899999976158142,1.9500000476837158,1.559999942779541,1.559999942779541,1300,0.0,0.0
2020-05-12 00:00:00-04:00,1.7999999523162842,1.9900000095367432,1.7999999523162842,1.899999976158142,300,0.0,0.0
2020-05-13 00:00:00-04:00,1.899999976158142,1.899999976158142,1.899999976158142,1.899999976158142,0,0.0,0.0
2020-05-14 00:00:00-04:00,2.9200000762939453,2.9200000762939453,2.0,2.0,600,0.0,0.0
2020-05-15 00:00:00-04:00,2.0,2.3399999141693115,1.600000023841858,2.3399999141693115,1200,0.0,0.0
2020-05-18 00:00:00-04:00,2.009999990463257,2.009999990463257,1.2000000476837158,1.8700000047683716,3100,0.0,0.0
2020-05-19 00:00:00-04:00,1.8700000047683716,1.8700000047683716,1.8700000047683716,1.8700000047683716,0,0.0,0.0
2020-05-20 00:00:00-04:00,1.899999976158142,1.899999976158142,1.8700000047683716,1.8700000047683716,200,0.0,0.0
2020-05-21 00:00:00-04:00,2.700000047683716,2.700000047683716,2.700000047683716,2.700000047683716,1000,0.0,0.0
2020-05-22 00:00:00-04:00,2.0199999809265137,2.0199999809265137,2.0199999809265137,2.0199999809265137,400,0.0,0.0
2020-05-26 00:00:00-04:00,2.0299999713897705,2.0299999713897705,2.0299999713897705,2.0299999713897705,100,0.0,0.0
2020-05-27 00:00:00-04:00,2.0299999713897705,2.0299999713897705,2.0299999713897705,2.0299999713897705,0,0.0,0.0
2020-05-28 00:00:00-04:00,2.190000057220459,2.559999942779541,2.0799999237060547,2.0799999237060547,3000,0.0,0.0
2020-05-29 00:00:00-04:00,2.069999933242798,2.5999999046325684,2.069999933242798,2.5999999046325684,400,0.0,0.0
2020-06-01 00:00:00-04:00,2.0999999046325684,2.5,2.0999999046325684,2.5,200,0.0,0.0
2020-06-02 00:00:00-04:00,2.509999990463257,2.509999990463257,2.259999990463257,2.299999952316284,700,0.0,0.0
2020-06-03 00:00:00-04:00,2.200000047683716,2.200000047683716,1.899999976158142,1.899999976158142,3300,0.0,0.0
2020-06-04 00:00:00-04:00,2.049999952316284,2.049999952316284,2.0399999618530273,2.0399999618530273,2200,0.0,0.0
2020-06-05 00:00:00-04:00,2.0999999046325684,2.0999999046325684,2.069999933242798,2.0899999141693115,500,0.0,0.0
2020-06-08 00:00:00-04:00,2.0999999046325684,2.0999999046325684,2.0999999046325684,2.0999999046325684,300,0.0,0.0
2020-06-09 00:00:00-04:00,2.200000047683716,2.200000047683716,2.200000047683716,2.200000047683716,300,0.0,0.0
2020-06-10 00:00:00-04:00,2.200000047683716,2.200000047683716,2.200000047683716,2.200000047683716,0,0.0,0.0
2020-06-11 00:00:00-04:00,2.0,2.0999999046325684,1.75,1.75,1400,0.0,0.0
2020-06-12 00:00:00-04:00,1.899999976158142,1.9199999570846558,1.8899999856948853,1.9199999570846558,700,0.0,0.0
2020-06-15 00:00:00-04:00,1.9500000476837158,1.9500000476837158,1.899999976158142,1.899999976158142,7300,0.0,0.0
2020-06-16 00:00:00-04:00,1.899999976158142,1.899999976158142,1.899999976158142,1.899999976158142,100,0.0,0.0
2020-06-17 00:00:00-04:00,1.899999976158142,1.899999976158142,1.899999976158142,1.899999976158142,100,0.0,0.0
2020-06-18 00:00:00-04:00,1.899999976158142,1.899999976158142,1.899999976158142,1.899999976158142,0,0.0,0.0
2020-06-19 00:00:00-04:00,1.899999976158142,1.899999976158142,1.899999976158142,1.899999976158142,0,0.0,0.0
2020-06-22 00:00:00-04:00,1.899999976158142,1.899999976158142,1.899999976158142,1.899999976158142,0,0.0,0.0
2020-06-23 00:00:00-04:00,2.069999933242798,2.0999999046325684,2.0,2.0799999237060547,2000,0.0,0.0
2020-06-24 00:00:00-04:00,2.0799999237060547,2.0799999237060547,2.0799999237060547,2.0799999237060547,0,0.0,0.0
2020-06-25 00:00:00-04:00,2.0199999809265137,2.0199999809265137,2.0199999809265137,2.0199999809265137,400,0.0,0.0
2020-06-26 00:00:00-04:00,2.0199999809265137,2.0199999809265137,2.0199999809265137,2.0199999809265137,0,0.0,0.0
2020-06-29 00:00:00-04:00,2.069999933242798,2.109999895095825,2.059999942779541,2.0899999141693115,1500,0.0,0.0
2020-06-30 00:00:00-04:00,2.119999885559082,2.119999885559082,2.119999885559082,2.119999885559082,400,0.0,0.0
2020-07-01 00:00:00-04:00,2.119999885559082,2.119999885559082,2.119999885559082,2.119999885559082,0,0.0,0.0
2020-07-02 00:00:00-04:00,2.140000104904175,2.549999952316284,2.140000104904175,2.549999952316284,400,0.0,0.0
2020-07-06 00:00:00-04:00,2.549999952316284,2.549999952316284,2.549999952316284,2.549999952316284,1000,0.0,0.0
2020-07-07 00:00:00-04:00,2.200000047683716,2.200000047683716,2.200000047683716,2.200000047683716,200,0.0,0.0
2020-07-08 00:00:00-04:00,2.200000047683716,2.200000047683716,2.200000047683716,2.200000047683716,0,0.0,0.0
2020-07-09 00:00:00-04:00,2.200000047683716,2.200000047683716,2.200000047683716,2.200000047683716,300,0.0,0.0
2020-07-10 00:00:00-04:00,2.25,2.3499999046325684,2.25,2.3499999046325684,300,0.0,0.0
2020-07-13 00:00:00-04:00,2.3499999046325684,2.4100000858306885,2.3499999046325684,2.4100000858306885,700,0.0,0.0
2020-07-14 00:00:00-04:00,2.450000047683716,2.450000047683716,2.450000047683716,2.450000047683716,300,0.0,0.0
2020-07-15 00:00:00-04:00,2.450000047683716,2.450000047683716,2.450000047683716,2.450000047683716,0,0.0,0.0
2020-07-16 00:00:00-04:00,2.450000047683716,2.450000047683716,2.450000047683716,2.450000047683716,0,0.0,0.0
2020-07-17 00:00:00-04:00,2.5,2.5,2.5,2.5,500,0.0,0.0
2020-07-20 00:00:00-04:00,2.509999990463257,2.509999990463257,2.509999990463257,2.509999990463257,700,0.0,0.0
2020-07-21 00:00:00-04:00,2.509999990463257,2.509999990463257,2.509999990463257,2.509999990463257,0,0.0,0.0
2020-07-22 00:00:00-04:00,2.509999990463257,2.509999990463257,2.509999990463257,2.509999990463257,0,0.0,0.0
2020-07-23 00:00:00-04:00,2.5,2.5,1.809999942779541,2.200000047683716,900,0.0,0.0
2020-07-24 00:00:00-04:00,2.0,2.0,2.0,2.0,500,0.0,0.0
2020-07-27 00:00:00-04:00,1.9900000095367432,2.0,1.9900000095367432,1.9900000095367432,3000,0.0,0.0
2020-07-28 00:00:00-04:00,1.9900000095367432,1.9900000095367432,1.9900000095367432,1.9900000095367432,0,0.0,0.0
2020-07-29 00:00:00-04:00,1.9900000095367432,1.9900000095367432,1.9900000095367432,1.9900000095367432,0,0.0,0.0
2020-07-30 00:00:00-04:00,1.9900000095367432,1.9900000095367432,1.9900000095367432,1.9900000095367432,0,0.0,0.0
2020-07-31 00:00:00-04:00,1.9900000095367432,1.9900000095367432,1.9900000095367432,1.9900000095367432,0,0.0,0.0
2020-08-03 00:00:00-04:00,2.069999933242798,2.069999933242798,2.069999933242798,2.069999933242798,100,0.0,0.0
2020-08-04 00:00:00-04:00,1.9900000095367432,2.0399999618530273,1.9900000095367432,2.0399999618530273,500,0.0,0.0
2020-08-05 00:00:00-04:00,2.0399999618530273,2.0399999618530273,2.0399999618530273,2.0399999618530273,0,0.0,0.0
2020-08-06 00:00:00-04:00,2.0399999618530273,2.0399999618530273,2.0399999618530273,2.0399999618530273,100,0.0,0.0
2020-08-07 00:00:00-04:00,2.0399999618530273,2.0399999618530273,2.0399999618530273,2.0399999618530273,0,0.0,0.0
2020-08-10 00:00:00-04:00,2.5,2.5999999046325684,2.5,2.5999999046325684,2100,0.0,0.0
2020-08-11 00:00:00-04:00,2.5999999046325684,2.5999999046325684,2.1500000953674316,2.1500000953674316,1000,0.0,0.0
2020-08-12 00:00:00-04:00,2.1500000953674316,2.1500000953674316,2.1500000953674316,2.1500000953674316,0,0.0,0.0
2020-08-13 00:00:00-04:00,2.25,2.5,2.25,2.309999942779541,500,0.0,0.0
2020-08-14 00:00:00-04:00,2.309999942779541,2.309999942779541,2.309999942779541,2.309999942779541,0,0.0,0.0
2020-08-17 00:00:00-04:00,2.309999942779541,2.309999942779541,2.309999942779541,2.309999942779541,0,0.0,0.0
2020-08-18 00:00:00-04:00,2.309999942779541,2.309999942779541,2.309999942779541,2.309999942779541,100,0.0,0.0
2020-08-19 00:00:00-04:00,2.309999942779541,2.309999942779541,2.309999942779541,2.309999942779541,0,0.0,0.0
2020-08-20 00:00:00-04:00,2.309999942779541,2.309999942779541,2.309999942779541,2.309999942779541,0,0.0,0.0
2020-08-21 00:00:00-04:00,2.309999942779541,2.309999942779541,2.309999942779541,2.309999942779541,0,0.0,0.0
2020-08-24 00:00:00-04:00,2.309999942779541,2.309999942779541,2.309999942779541,2.309999942779541,0,0.0,0.0
2020-08-25 00:00:00-04:00,2.309999942779541,2.309999942779541,2.309999942779541,2.309999942779541,0,0.0,0.0
2020-08-26 00:00:00-04:00,2.3499999046325684,2.6500000953674316,2.3499999046325684,2.6500000953674316,300,0.0,0.0
2020-08-27 00:00:00-04:00,2.3499999046325684,2.3499999046325684,2.3499999046325684,2.3499999046325684,200,0.0,0.0
2020-08-28 00:00:00-04:00,2.490000009536743,2.490000009536743,2.369999885559082,2.369999885559082,400,0.0,0.0
2020-08-31 00:00:00-04:00,2.4000000953674316,2.4000000953674316,2.4000000953674316,2.4000000953674316,200,0.0,0.0
2020-09-01 00:00:00-04:00,2.25,2.25,2.25,2.25,600,0.0,0.0
2020-09-02 00:00:00-04:00,2.25,2.25,2.25,2.25,100,0.0,0.0
2020-09-03 00:00:00-04:00,2.25,2.369999885559082,2.25,2.25,1000,0.0,0.0
2020-09-04 00:00:00-04:00,2.25,2.25,2.25,2.25,100,0.0,0.0
2020-09-08 00:00:00-04:00,2.25,2.25,2.25,2.25,0,0.0,0.0
2020-09-09 00:00:00-04:00,2.25,2.25,2.25,2.25,0,0.0,0.0
2020-09-10 00:00:00-04:00,2.25,2.25,2.25,2.25,1000,0.0,0.0
2020-09-11 00:00:00-04:00,2.25,2.25,2.25,2.25,0,0.0,0.0
2020-09-14 00:00:00-04:00,2.25,2.25,2.25,2.25,100,0.0,0.0
2020-09-15 00:00:00-04:00,2.25,2.25,2.25,2.25,0,0.0,0.0
2020-09-16 00:00:00-04:00,2.25,2.25,2.25,2.25,0,0.0,0.0
2020-09-17 00:00:00-04:00,2.25,2.25,2.25,2.25,0,0.0,0.0
2020-09-18 00:00:00-04:00,2.3499999046325684,2.3499999046325684,2.3499999046325684,2.3499999046325684,2500,0.0,0.0
2020-09-21 00:00:00-04:00,2.3499999046325684,2.3499999046325684,2.3499999046325684,2.3499999046325684,0,0.0,0.0
2020-09-22 00:00:00-04:00,2.3499999046325684,2.3499999046325684,2.3499999046325684,2.3499999046325684,0,0.0,0.0
2020-09-23 00:00:00-04:00,2.3499999046325684,2.3499999046325684,2.3499999046325684,2.3499999046325684,0,0.0,0.0
2020-09-24 00:00:00-04:00,2.3499999046325684,2.3499999046325684,2.3499999046325684,2.3499999046325684,0,0.0,0.0
2020-09-25 00:00:00-04:00,2.3499999046325684,2.3499999046325684,2.3499999046325684,2.3499999046325684,0,0.0,0.0
2020-09-28 00:00:00-04:00,2.3499999046325684,2.3499999046325684,2.3499999046325684,2.3499999046325684,0,0.0,0.0
2020-09-29 00:00:00-04:00,2.25,2.630000114440918,2.25,2.630000114440918,800,0.0,0.0
2020-09-30 00:00:00-04:00,2.299999952316284,2.559999942779541,2.299999952316284,2.559999942779541,200,0.0,0.0
2020-10-01 00:00:00-04:00,2.630000114440918,2.630000114440918,2.630000114440918,2.630000114440918,100,0.0,0.0
2020-10-02 00:00:00-04:00,2.630000114440918,2.630000114440918,2.630000114440918,2.630000114440918,0,0.0,0.0
2020-10-05 00:00:00-04:00,2.2899999618530273,2.2899999618530273,2.25,2.25,200,0.0,0.0
2020-10-06 00:00:00-04:00,2.25,2.25,2.25,2.25,100,0.0,0.0
2020-10-07 00:00:00-04:00,2.3399999141693115,3.890000104904175,2.25,3.0,5000,0.0,0.0
2020-10-08 00:00:00-04:00,2.3399999141693115,2.3399999141693115,2.3399999141693115,2.3399999141693115,500,0.0,0.0
2020-10-09 00:00:00-04:00,2.359999895095825,2.359999895095825,2.359999895095825,2.359999895095825,200,0.0,0.0
2020-10-12 00:00:00-04:00,2.390000104904175,2.390000104904175,2.390000104904175,2.390000104904175,200,0.0,0.0
2020-10-13 00:00:00-04:00,2.369999885559082,2.369999885559082,2.369999885559082,2.369999885559082,400,0.0,0.0
2020-10-14 00:00:00-04:00,2.369999885559082,2.369999885559082,2.369999885559082,2.369999885559082,0,0.0,0.0
2020-10-15 00:00:00-04:00,2.369999885559082,2.369999885559082,2.369999885559082,2.369999885559082,0,0.0,0.0
2020-10-16 00:00:00-04:00,2.369999885559082,2.369999885559082,2.369999885559082,2.369999885559082,100,0.0,0.0
2020-10-19 00:00:00-04:00,2.299999952316284,2.299999952316284,2.190000057220459,2.25,1000,0.0,0.0
2020-10-20 00:00:00-04:00,2.25,2.25,2.25,2.25,0,0.0,0.0
2020-10-21 00:00:00-04:00,2.200000047683716,2.200000047683716,2.200000047683716,2.200000047683716,300,0.0,0.0
2020-10-22 00:00:00-04:00,2.200000047683716,2.200000047683716,2.200000047683716,2.200000047683716,100,0.0,0.0
2020-10-23 00:00:00-04:00,2.200000047683716,2.200000047683716,2.200000047683716,2.200000047683716,100,0.0,0.0
2020-10-26 00:00:00-04:00,2.200000047683716,2.200000047683716,2.200000047683716,2.200000047683716,0,0.0,0.0
2020-10-27 00:00:00-04:00,2.200000047683716,2.200000047683716,2.200000047683716,2.200000047683716,0,0.0,0.0
2020-10-28 00:00:00-04:00,2.140000104904175,2.1500000953674316,2.140000104904175,2.1500000953674316,1000,0.0,0.0
2020-10-29 00:00:00-04:00,2.1500000953674316,2.1500000953674316,2.1500000953674316,2.1500000953674316,0,0.0,0.0
2020-10-30 00:00:00-04:00,2.1500000953674316,2.1500000953674316,2.1500000953674316,2.1500000953674316,0,0.0,0.0
2020-11-02 00:00:00-05:00,2.1500000953674316,2.1500000953674316,2.1500000953674316,2.1500000953674316,0,0.0,0.0
2020-11-03 00:00:00-05:00,2.130000114440918,2.130000114440918,2.130000114440918,2.130000114440918,200,0.0,0.0
2020-11-04 00:00:00-05:00,2.130000114440918,2.130000114440918,2.130000114440918,2.130000114440918,0,0.0,0.0
2020-11-05 00:00:00-05:00,2.1600000858306885,2.1600000858306885,2.1600000858306885,2.1600000858306885,200,0.0,0.0
2020-11-06 00:00:00-05:00,3.0,3.200000047683716,2.299999952316284,2.299999952316284,3300,0.0,0.0
2020-11-09 00:00:00-05:00,2.299999952316284,2.299999952316284,2.299999952316284,2.299999952316284,0,0.0,0.0
2020-11-10 00:00:00-05:00,2.299999952316284,2.299999952316284,2.299999952316284,2.299999952316284,0,0.0,0.0
2020-11-11 00:00:00-05:00,2.299999952316284,2.299999952316284,2.299999952316284,2.299999952316284,0,0.0,0.0
2020-11-12 00:00:00-05:00,2.299999952316284,2.299999952316284,2.299999952316284,2.299999952316284,0,0.0,0.0
2020-11-13 00:00:00-05:00,2.259999990463257,2.259999990463257,2.259999990463257,2.259999990463257,100,0.0,0.0
2020-11-16 00:00:00-05:00,2.259999990463257,2.259999990463257,2.259999990463257,2.259999990463257,0,0.0,0.0
2020-11-17 00:00:00-05:00,2.259999990463257,2.259999990463257,2.259999990463257,2.259999990463257,0,0.0,0.0
2020-11-18 00:00:00-05:00,2.299999952316284,2.299999952316284,2.299999952316284,2.299999952316284,300,0.0,0.0
2020-11-19 00:00:00-05:00,3.190000057220459,3.190000057220459,2.3499999046325684,2.3499999046325684,700,0.0,0.0
2020-11-20 00:00:00-05:00,2.369999885559082,2.369999885559082,2.369999885559082,2.369999885559082,300,0.0,0.0
2020-11-23 00:00:00-05:00,2.4000000953674316,2.5999999046325684,2.4000000953674316,2.5199999809265137,10400,0.0,0.0
2020-11-24 00:00:00-05:00,2.5999999046325684,3.140000104904175,2.549999952316284,2.569999933242798,1200,0.0,0.0
2020-11-25 00:00:00-05:00,2.75,2.75,2.75,2.75,3400,0.0,0.0
2020-11-27 00:00:00-05:00,2.75,2.75,2.75,2.75,100,0.0,0.0
2020-11-30 00:00:00-05:00,2.549999952316284,2.759999990463257,2.5199999809265137,2.549999952316284,35900,0.0,0.0
2020-12-01 00:00:00-05:00,2.7300000190734863,2.9000000953674316,2.559999942779541,2.8299999237060547,2700,0.0,0.0
2020-12-02 00:00:00-05:00,2.799999952316284,2.8499999046325684,2.75,2.75,700,0.0,0.0
2020-12-03 00:00:00-05:00,2.8499999046325684,2.8499999046325684,2.8499999046325684,2.8499999046325684,200,0.0,0.0
2020-12-04 00:00:00-05:00,2.8499999046325684,2.8499999046325684,2.8499999046325684,2.8499999046325684,0,0.0,0.0
2020-12-07 00:00:00-05:00,2.680000066757202,2.680000066757202,2.680000066757202,2.680000066757202,200,0.0,0.0
2020-12-08 00:00:00-05:00,2.8499999046325684,2.8499999046325684,2.549999952316284,2.700000047683716,800,0.0,0.0
2020-12-09 00:00:00-05:00,2.549999952316284,2.549999952316284,2.549999952316284,2.549999952316284,800,0.0,0.0
2020-12-10 00:00:00-05:00,2.75,3.1600000858306885,2.75,3.1600000858306885,1000,0.0,0.0
2020-12-11 00:00:00-05:00,3.1600000858306885,3.1600000858306885,3.1600000858306885,3.1600000858306885,0,0.0,0.0
2020-12-14 00:00:00-05:00,3.0899999141693115,3.0899999141693115,3.0799999237060547,3.0799999237060547,300,0.0,0.0
2020-12-15 00:00:00-05:00,3.069999933242798,3.069999933242798,3.069999933242798,3.069999933242798,300,0.0,0.0
2020-12-16 00:00:00-05:00,3.0399999618530273,3.0399999618530273,3.0,3.0199999809265137,2300,0.0,0.0
2020-12-17 00:00:00-05:00,2.75,3.0399999618530273,2.75,3.0399999618530273,1300,0.0,0.0
2020-12-18 00:00:00-05:00,3.0399999618530273,3.0399999618530273,3.0399999618530273,3.0399999618530273,0,0.0,0.0
2020-12-21 00:00:00-05:00,2.75,2.75,2.75,2.75,1100,0.0,0.0
2020-12-22 00:00:00-05:00,2.75,2.75,2.75,2.75,0,0.0,0.0
2020-12-23 00:00:00-05:00,2.75,2.9100000858306885,2.6500000953674316,2.6500000953674316,800,0.0,0.0
2020-12-24 00:00:00-05:00,2.700000047683716,2.700000047683716,2.700000047683716,2.700000047683716,1900,0.0,0.0
2020-12-28 00:00:00-05:00,2.8399999141693115,2.890000104904175,2.8399999141693115,2.890000104904175,700,0.0,0.0
2020-12-29 00:00:00-05:00,3.1500000953674316,3.1500000953674316,2.700000047683716,2.75,2000,0.0,0.0
2020-12-30 00:00:00-05:00,2.6600000858306885,2.6600000858306885,2.6600000858306885,2.6600000858306885,300,0.0,0.0
2020-12-31 00:00:00-05:00,2.75,2.75,2.75,2.75,400,0.0,0.0
2021-01-04 00:00:00-05:00,2.75,2.75,2.75,2.75,400,0.0,0.0
2021-01-05 00:00:00-05:00,2.75,2.9100000858306885,2.75,2.8499999046325684,700,0.0,0.0
2021-01-06 00:00:00-05:00,2.75,3.0,2.75,3.0,1400,0.0,0.0
2021-01-07 00:00:00-05:00,2.9100000858306885,2.9100000858306885,2.9100000858306885,2.9100000858306885,100,0.0,0.0
2021-01-08 00:00:00-05:00,3.140000104904175,3.140000104904175,2.990000009536743,2.990000009536743,400,0.0,0.0
2021-01-11 00:00:00-05:00,2.799999952316284,2.799999952316284,2.5,2.75,1100,0.0,0.0
2021-01-12 00:00:00-05:00,2.799999952316284,2.9000000953674316,2.799999952316284,2.9000000953674316,400,0.0,0.0
2021-01-13 00:00:00-05:00,2.9000000953674316,2.9000000953674316,2.9000000953674316,2.9000000953674316,0,0.0,0.0
2021-01-14 00:00:00-05:00,2.759999990463257,2.759999990463257,2.759999990463257,2.759999990463257,600,0.0,0.0
2021-01-15 00:00:00-05:00,2.799999952316284,2.799999952316284,2.799999952316284,2.799999952316284,300,0.0,0.0
2021-01-19 00:00:00-05:00,2.799999952316284,2.799999952316284,2.799999952316284,2.799999952316284,500,0.0,0.0
2021-01-20 00:00:00-05:00,2.799999952316284,2.9600000381469727,2.799999952316284,2.890000104904175,18600,0.0,0.0
2021-01-21 00:00:00-05:00,3.0,3.0,2.5,2.5,1700,0.0,0.0
2021-01-22 00:00:00-05:00,2.509999990463257,2.7799999713897705,2.5,2.7799999713897705,600,0.0,0.0
2021-01-25 00:00:00-05:00,3.0,3.0,2.9000000953674316,2.9100000858306885,2000,0.0,0.0
2021-01-26 00:00:00-05:00,2.9100000858306885,2.9100000858306885,2.9100000858306885,2.9100000858306885,0,0.0,0.0
2021-01-27 00:00:00-05:00,2.9800000190734863,3.0,2.9800000190734863,3.0,11200,0.0,0.0
2021-01-28 00:00:00-05:00,2.9800000190734863,2.9800000190734863,2.1500000953674316,2.390000104904175,10900,0.0,0.0
2021-01-29 00:00:00-05:00,2.5,2.809999942779541,2.5,2.809999942779541,1800,0.0,0.0
2021-02-01 00:00:00-05:00,2.509999990463257,2.740000009536743,2.4600000381469727,2.5,3500,0.0,0.0
2021-02-02 00:00:00-05:00,2.559999942779541,2.559999942779541,2.559999942779541,2.559999942779541,100,0.0,0.0
2021-02-03 00:00:00-05:00,2.680000066757202,2.799999952316284,2.6500000953674316,2.799999952316284,2900,0.0,0.0
2021-02-04 00:00:00-05:00,2.9800000190734863,3.0,2.9800000190734863,3.0,1000,0.0,0.0
2021-02-05 00:00:00-05:00,2.880000114440918,2.9800000190734863,2.7799999713897705,2.9800000190734863,700,0.0,0.0
2021-02-08 00:00:00-05:00,2.7699999809265137,2.930000066757202,2.7200000286102295,2.930000066757202,700,0.0,0.0
2021-02-09 00:00:00-05:00,2.890000104904175,2.950000047683716,2.890000104904175,2.930000066757202,1300,0.0,0.0
2021-02-10 00:00:00-05:00,2.9000000953674316,3.0,2.799999952316284,3.0,3400,0.0,0.0
2021-02-11 00:00:00-05:00,3.0,3.0,2.9100000858306885,3.0,3400,0.0,0.0
2021-02-12 00:00:00-05:00,2.9700000286102295,3.359999895095825,2.9100000858306885,3.069999933242798,19300,0.0,0.0
2021-02-16 00:00:00-05:00,3.069999933242798,3.200000047683716,2.690000057220459,3.009999990463257,15600,0.0,0.0
2021-02-17 00:00:00-05:00,3.1500000953674316,3.1500000953674316,3.0799999237060547,3.0999999046325684,10700,0.0,0.0
2021-02-18 00:00:00-05:00,3.799999952316284,4.949999809265137,3.200000047683716,4.949999809265137,9700,0.0,0.0
2021-02-19 00:00:00-05:00,4.949999809265137,6.619999885559082,3.2100000381469727,5.690000057220459,30800,0.0,0.0
2021-02-22 00:00:00-05:00,5.139999866485596,6.5,3.680000066757202,6.0,8600,0.0,0.0
2021-02-23 00:00:00-05:00,5.420000076293945,5.940000057220459,4.199999809265137,5.650000095367432,6200,0.0,0.0
2021-02-24 00:00:00-05:00,5.489999771118164,5.489999771118164,5.25,5.25,400,0.0,0.0
2021-02-25 00:00:00-05:00,4.510000228881836,5.050000190734863,4.380000114440918,4.599999904632568,5600,0.0,0.0
2021-02-26 00:00:00-05:00,4.599999904632568,4.800000190734863,4.010000228881836,4.800000190734863,500,0.0,0.0
2021-03-01 00:00:00-05:00,5.150000095367432,5.150000095367432,5.150000095367432,5.150000095367432,200,0.0,0.0
2021-03-02 00:00:00-05:00,5.150000095367432,5.150000095367432,5.150000095367432,5.150000095367432,0,0.0,0.0
2021-03-03 00:00:00-05:00,5.099999904632568,5.099999904632568,4.829999923706055,4.940000057220459,600,0.0,0.0
2021-03-04 00:00:00-05:00,4.5,5.139999866485596,4.099999904632568,4.5,2800,0.0,0.0
2021-03-05 00:00:00-05:00,4.550000190734863,5.019999980926514,4.010000228881836,5.019999980926514,2000,0.0,0.0
2021-03-08 00:00:00-05:00,4.670000076293945,5.019999980926514,4.670000076293945,5.0,1400,0.0,0.0
2021-03-09 00:00:00-05:00,5.0,5.0,4.03000020980835,5.0,800,0.0,0.0
2021-03-10 00:00:00-05:00,5.010000228881836,5.019999980926514,5.0,5.019999980926514,1200,0.0,0.0
2021-03-11 00:00:00-05:00,5.25,5.5,5.190000057220459,5.5,5700,0.0,0.0
2021-03-12 00:00:00-05:00,5.489999771118164,9.069999694824219,5.309999942779541,9.069999694824219,63400,0.0,0.0
2021-03-15 00:00:00-04:00,7.989999771118164,8.890000343322754,6.199999809265137,7.5,16800,0.0,0.0
2021-03-16 00:00:00-04:00,7.5,7.5,6.840000152587891,6.840000152587891,2400,0.0,0.0
2021-03-17 00:00:00-04:00,8.75,8.75,7.0,7.0,9700,0.0,0.0
2021-03-18 00:00:00-04:00,6.559999942779541,6.760000228881836,6.559999942779541,6.690000057220459,2900,0.0,0.0
2021-03-19 00:00:00-04:00,6.760000228881836,7.0,6.320000171661377,6.320000171661377,700,0.0,0.0
2021-03-22 00:00:00-04:00,6.800000190734863,7.5,6.550000190734863,6.550000190734863,4100,0.0,0.0
2021-03-23 00:00:00-04:00,6.940000057220459,7.079999923706055,5.940000057220459,6.989999771118164,3400,0.0,0.0
2021-03-24 00:00:00-04:00,6.989999771118164,6.989999771118164,6.989999771118164,6.989999771118164,0,0.0,0.0
2021-03-25 00:00:00-04:00,6.5,6.900000095367432,4.010000228881836,6.5,14800,0.0,0.0
2021-03-26 00:00:00-04:00,6.739999771118164,7.400000095367432,5.0,6.699999809265137,1600,0.0,0.0
2021-03-29 00:00:00-04:00,6.710000038146973,6.989999771118164,6.710000038146973,6.989999771118164,500,0.0,0.0
2021-03-30 00:00:00-04:00,6.039999961853027,6.059999942779541,5.860000133514404,6.059999942779541,800,0.0,0.0
2021-03-31 00:00:00-04:00,6.590000152587891,6.989999771118164,6.269999980926514,6.75,3400,0.0,0.0
2021-04-01 00:00:00-04:00,6.980000019073486,6.980000019073486,6.800000190734863,6.800000190734863,300,0.0,0.0
2021-04-05 00:00:00-04:00,6.800000190734863,6.980000019073486,5.849999904632568,6.769999980926514,2100,0.0,0.0
2021-04-06 00:00:00-04:00,6.699999809265137,6.889999866485596,6.699999809265137,6.789999961853027,500,0.0,0.0
2021-04-07 00:00:00-04:00,6.71999979019165,6.929999828338623,6.71999979019165,6.929999828338623,200,0.0,0.0
2021-04-08 00:00:00-04:00,6.650000095367432,6.900000095367432,5.849999904632568,6.0,5200,0.0,0.0
2021-04-09 00:00:00-04:00,6.570000171661377,6.570000171661377,6.570000171661377,6.570000171661377,100,0.0,0.0
2021-04-12 00:00:00-04:00,6.5,6.949999809265137,6.5,6.949999809265137,1600,0.0,0.0
2021-04-13 00:00:00-04:00,7.0,7.0,6.110000133514404,6.989999771118164,2500,0.0,0.0
2021-04-14 00:00:00-04:00,6.769999980926514,6.769999980926514,6.769999980926514,6.769999980926514,300,0.0,0.0
2021-04-15 00:00:00-04:00,6.679999828338623,6.71999979019165,6.400000095367432,6.679999828338623,1200,0.0,0.0
2021-04-16 00:00:00-04:00,6.679999828338623,6.679999828338623,6.670000076293945,6.670000076293945,2000,0.0,0.0
2021-04-19 00:00:00-04:00,6.75,6.75,6.409999847412109,6.650000095367432,2900,0.0,0.0
2021-04-20 00:00:00-04:00,6.989999771118164,7.429999828338623,6.769999980926514,7.389999866485596,13100,0.0,0.0
2021-04-21 00:00:00-04:00,7.25,7.260000228881836,6.5,6.550000190734863,3900,0.0,0.0
2021-04-22 00:00:00-04:00,6.849999904632568,7.449999809265137,6.849999904632568,7.210000038146973,2200,0.0,0.0
2021-04-23 00:00:00-04:00,7.380000114440918,7.400000095367432,6.510000228881836,7.0,2300,0.0,0.0
2021-04-26 00:00:00-04:00,7.300000190734863,8.0,7.300000190734863,7.519999980926514,6000,0.0,0.0
2021-04-27 00:00:00-04:00,7.519999980926514,7.699999809265137,7.449999809265137,7.630000114440918,6300,0.0,0.0
2021-04-28 00:00:00-04:00,7.610000133514404,7.900000095367432,7.460000038146973,7.789999961853027,4700,0.0,0.0
2021-04-29 00:00:00-04:00,7.789999961853027,8.800000190734863,7.789999961853027,7.980000019073486,3300,0.0,0.0
2021-04-30 00:00:00-04:00,8.300000190734863,8.5,8.029999732971191,8.300000190734863,7700,0.0,0.0
2021-05-03 00:00:00-04:00,9.0,9.0,8.329999923706055,8.65999984741211,15600,0.0,0.0
2021-05-04 00:00:00-04:00,8.5,8.760000228881836,8.390000343322754,8.399999618530273,21600,0.0,0.0
2021-05-05 00:00:00-04:00,8.550000190734863,8.930000305175781,8.0,8.430000305175781,11900,0.0,0.0
2021-05-06 00:00:00-04:00,8.25,8.399999618530273,8.0,8.130000114440918,7500,0.0,0.0
2021-05-07 00:00:00-04:00,8.699999809265137,8.699999809265137,8.0,8.100000381469727,5100,0.0,0.0
2021-05-10 00:00:00-04:00,8.0,8.0,7.679999828338623,7.679999828338623,4900,0.0,0.0
2021-05-11 00:00:00-04:00,7.900000095367432,7.909999847412109,7.5,7.730000019073486,4500,0.0,0.0
2021-05-12 00:00:00-04:00,7.550000190734863,8.0,7.5,7.699999809265137,8600,0.0,0.0
2021-05-13 00:00:00-04:00,8.0,8.0,7.739999771118164,7.75,1300,0.0,0.0
2021-05-14 00:00:00-04:00,7.889999866485596,7.900000095367432,7.739999771118164,7.829999923706055,9800,0.0,0.0
2021-05-17 00:00:00-04:00,7.800000190734863,7.949999809265137,7.730000019073486,7.829999923706055,15500,0.0,0.0
2021-05-18 00:00:00-04:00,7.760000228881836,7.900000095367432,7.71999979019165,7.869999885559082,4400,0.0,0.0
2021-05-19 00:00:00-04:00,7.699999809265137,7.869999885559082,7.699999809265137,7.869999885559082,4500,0.0,0.0
2021-05-20 00:00:00-04:00,7.849999904632568,7.949999809265137,7.599999904632568,7.679999828338623,7400,0.0,0.0
2021-05-21 00:00:00-04:00,7.849999904632568,7.940000057220459,7.630000114440918,7.639999866485596,3200,0.0,0.0
2021-05-24 00:00:00-04:00,7.849999904632568,7.849999904632568,7.760000228881836,7.760000228881836,1400,0.0,0.0
2021-05-25 00:00:00-04:00,7.849999904632568,7.849999904632568,7.820000171661377,7.849999904632568,2000,0.0,0.0
2021-05-26 00:00:00-04:00,7.809999942779541,8.079999923706055,7.760000228881836,7.840000152587891,3600,0.0,0.0
2021-05-27 00:00:00-04:00,7.739999771118164,7.75,7.659999847412109,7.730000019073486,2200,0.0,0.0
2021-05-28 00:00:00-04:00,7.639999866485596,7.639999866485596,7.639999866485596,7.639999866485596,300,0.0,0.0
2021-06-01 00:00:00-04:00,7.78000020980835,7.78000020980835,7.590000152587891,7.590000152587891,5000,0.0,0.0
2021-06-02 00:00:00-04:00,7.75,7.800000190734863,7.539999961853027,7.75,12700,0.0,0.0
2021-06-03 00:00:00-04:00,7.699999809265137,7.699999809265137,7.519999980926514,7.590000152587891,6000,0.0,0.0
2021-06-04 00:00:00-04:00,7.670000076293945,7.670000076293945,7.010000228881836,7.559999942779541,7500,0.0,0.0
2021-06-07 00:00:00-04:00,7.590000152587891,7.590000152587891,7.320000171661377,7.329999923706055,4000,0.0,0.0
2021-06-08 00:00:00-04:00,7.409999847412109,7.519999980926514,7.409999847412109,7.519999980926514,4800,0.0,0.0
2021-06-09 00:00:00-04:00,7.599999904632568,8.880000114440918,7.599999904632568,8.100000381469727,86200,0.0,0.0
2021-06-10 00:00:00-04:00,8.5,8.6899995803833,8.0,8.479999542236328,13300,0.0,0.0
2021-06-11 00:00:00-04:00,8.520000457763672,8.869999885559082,8.510000228881836,8.869999885559082,16100,0.0,0.0
2021-06-14 00:00:00-04:00,8.9399995803833,9.140000343322754,8.550000190734863,9.050000190734863,32600,0.0,0.0
2021-06-15 00:00:00-04:00,8.859999656677246,9.09000015258789,8.029999732971191,8.569999694824219,50100,0.0,0.0
2021-06-16 00:00:00-04:00,8.579999923706055,9.119999885559082,8.579999923706055,8.920000076293945,25500,0.0,0.0
2021-06-17 00:00:00-04:00,8.880000114440918,9.119999885559082,8.65999984741211,8.789999961853027,12900,0.0,0.0
2021-06-18 00:00:00-04:00,8.710000038146973,9.140000343322754,8.449999809265137,8.579999923706055,43500,0.0,0.0
2021-06-21 00:00:00-04:00,8.699999809265137,9.09000015258789,8.699999809265137,8.9399995803833,14400,0.0,0.0
2021-06-22 00:00:00-04:00,9.0600004196167,9.0600004196167,8.869999885559082,9.020000457763672,15600,0.0,0.0
2021-06-23 00:00:00-04:00,9.050000190734863,9.789999961853027,9.0,9.680000305175781,48400,0.0,0.0
2021-06-24 00:00:00-04:00,9.800000190734863,10.470000267028809,9.630000114440918,10.109999656677246,41600,0.0,0.0
2021-06-25 00:00:00-04:00,10.0,10.390000343322754,9.880000114440918,10.15999984741211,33400,0.0,0.0
2021-06-28 00:00:00-04:00,10.270000457763672,10.390000343322754,9.960000038146973,10.270000457763672,26800,0.0,0.0
2021-06-29 00:00:00-04:00,10.3100004196167,10.3100004196167,10.0,10.029999732971191,8100,0.0,0.0
2021-06-30 00:00:00-04:00,9.979999542236328,9.989999771118164,9.779999732971191,9.949999809265137,4400,0.0,0.0
2021-07-01 00:00:00-04:00,9.949999809265137,10.09000015258789,9.779999732971191,9.779999732971191,2100,0.0,0.0
2021-07-02 00:00:00-04:00,9.699999809265137,9.880000114440918,9.600000381469727,9.760000228881836,4000,0.0,0.0
2021-07-06 00:00:00-04:00,9.569999694824219,10.0,9.449999809265137,9.449999809265137,7100,0.0,0.0
2021-07-07 00:00:00-04:00,9.640000343322754,9.670000076293945,9.4399995803833,9.449999809265137,2300,0.0,0.0
2021-07-08 00:00:00-04:00,9.260000228881836,9.380000114440918,8.5,8.59000015258789,17600,0.0,0.0
2021-07-09 00:00:00-04:00,8.5,9.0,8.5,8.5,10700,0.0,0.0
2021-07-12 00:00:00-04:00,8.510000228881836,8.970000267028809,8.510000228881836,8.770000457763672,5100,0.0,0.0
2021-07-13 00:00:00-04:00,8.75,8.859999656677246,8.510000228881836,8.640000343322754,4900,0.0,0.0
2021-07-14 00:00:00-04:00,8.75,9.319999694824219,8.630000114440918,8.84000015258789,4400,0.0,0.0
2021-07-15 00:00:00-04:00,8.829999923706055,8.829999923706055,8.65999984741211,8.729999542236328,2000,0.0,0.0
2021-07-16 00:00:00-04:00,8.600000381469727,9.029999732971191,8.359999656677246,8.359999656677246,5900,0.0,0.0
2021-07-19 00:00:00-04:00,8.010000228881836,8.720000267028809,8.0,8.260000228881836,8400,0.0,0.0
2021-07-20 00:00:00-04:00,8.479999542236328,8.479999542236328,7.800000190734863,7.800000190734863,13300,0.0,0.0
2021-07-21 00:00:00-04:00,7.800000190734863,9.720000267028809,7.5,8.479999542236328,15900,0.0,0.0
2021-07-22 00:00:00-04:00,8.5,8.5,7.75,8.199999809265137,3300,0.0,0.0
2021-07-23 00:00:00-04:00,8.279999732971191,8.449999809265137,8.270000457763672,8.369999885559082,1200,0.0,0.0
2021-07-26 00:00:00-04:00,8.420000076293945,8.430000305175781,8.369999885559082,8.369999885559082,2500,0.0,0.0
2021-07-27 00:00:00-04:00,8.369999885559082,8.369999885559082,8.369999885559082,8.369999885559082,600,0.0,0.0
2021-07-28 00:00:00-04:00,8.350000381469727,8.350000381469727,8.220000267028809,8.220000267028809,900,0.0,0.0
2021-07-29 00:00:00-04:00,8.289999961853027,8.300000190734863,8.0,8.289999961853027,9100,0.0,0.0
2021-07-30 00:00:00-04:00,8.0600004196167,8.0600004196167,8.039999961853027,8.039999961853027,800,0.0,0.0
2021-08-02 00:00:00-04:00,7.96999979019165,8.420000076293945,7.96999979019165,8.420000076293945,1700,0.0,0.0
2021-08-03 00:00:00-04:00,8.1899995803833,8.5,8.1899995803833,8.5,6200,0.0,0.0
2021-08-04 00:00:00-04:00,8.449999809265137,8.449999809265137,7.71999979019165,8.0,7500,0.0,0.0
2021-08-05 00:00:00-04:00,8.140000343322754,8.140000343322754,7.650000095367432,7.96999979019165,7700,0.0,0.0
2021-08-06 00:00:00-04:00,7.800000190734863,7.989999771118164,7.599999904632568,7.989999771118164,4100,0.0,0.0
2021-08-09 00:00:00-04:00,7.900000095367432,7.900000095367432,7.579999923706055,7.590000152587891,3800,0.0,0.0
2021-08-10 00:00:00-04:00,7.53000020980835,7.599999904632568,7.320000171661377,7.570000171661377,5700,0.0,0.0
2021-08-11 00:00:00-04:00,7.309999942779541,7.429999828338623,7.150000095367432,7.150000095367432,6900,0.0,0.0
2021-08-12 00:00:00-04:00,7.119999885559082,7.150000095367432,7.0,7.110000133514404,6000,0.0,0.0
2021-08-13 00:00:00-04:00,7.21999979019165,7.21999979019165,6.800000190734863,6.820000171661377,7600,0.0,0.0
2021-08-16 00:00:00-04:00,7.059999942779541,7.059999942779541,6.610000133514404,6.610000133514404,1600,0.0,0.0
2021-08-17 00:00:00-04:00,6.96999979019165,6.96999979019165,6.769999980926514,6.769999980926514,800,0.0,0.0
2021-08-18 00:00:00-04:00,6.800000190734863,6.949999809265137,6.800000190734863,6.849999904632568,9100,0.0,0.0
2021-08-19 00:00:00-04:00,6.710000038146973,6.909999847412109,6.710000038146973,6.909999847412109,3200,0.0,0.0
2021-08-20 00:00:00-04:00,6.980000019073486,6.980000019073486,6.75,6.949999809265137,700,0.0,0.0
2021-08-23 00:00:00-04:00,6.5,6.960000038146973,6.5,6.78000020980835,7400,0.0,0.0
2021-08-24 00:00:00-04:00,6.659999847412109,6.78000020980835,6.210000038146973,6.53000020980835,8200,0.0,0.0
2021-08-25 00:00:00-04:00,6.659999847412109,6.659999847412109,6.449999809265137,6.449999809265137,6400,0.0,0.0
2021-08-26 00:00:00-04:00,6.449999809265137,6.739999771118164,6.349999904632568,6.619999885559082,10900,0.0,0.0
2021-08-27 00:00:00-04:00,6.869999885559082,6.869999885559082,6.71999979019165,6.840000152587891,900,0.0,0.0
2021-08-30 00:00:00-04:00,7.139999866485596,7.139999866485596,6.909999847412109,6.960000038146973,7100,0.0,0.0
2021-08-31 00:00:00-04:00,6.96999979019165,7.199999809265137,6.800000190734863,6.929999828338623,5300,0.0,0.0
2021-09-01 00:00:00-04:00,7.0,7.0,7.0,7.0,700,0.0,0.0
2021-09-02 00:00:00-04:00,7.199999809265137,7.199999809265137,6.539999961853027,6.949999809265137,6800,0.0,0.0
2021-09-03 00:00:00-04:00,6.619999885559082,7.199999809265137,6.619999885559082,7.199999809265137,7600,0.0,0.0
2021-09-07 00:00:00-04:00,6.920000076293945,7.110000133514404,6.880000114440918,6.880000114440918,3100,0.0,0.0
2021-09-08 00:00:00-04:00,6.980000019073486,7.179999828338623,6.619999885559082,6.889999866485596,6800,0.0,0.0
2021-09-09 00:00:00-04:00,6.489999771118164,6.659999847412109,6.489999771118164,6.599999904632568,2400,0.0,0.0
2021-09-10 00:00:00-04:00,6.650000095367432,6.650000095367432,6.650000095367432,6.650000095367432,400,0.0,0.0
2021-09-13 00:00:00-04:00,7.0,7.0,6.980000019073486,6.980000019073486,700,0.0,0.0
2021-09-14 00:00:00-04:00,6.519999980926514,7.079999923706055,6.139999866485596,6.300000190734863,14200,0.0,0.0
2021-09-15 00:00:00-04:00,6.150000095367432,6.199999809265137,6.0,6.139999866485596,6600,0.0,0.0
2021-09-16 00:00:00-04:00,6.099999904632568,6.25,5.880000114440918,6.159999847412109,4500,0.0,0.0
2021-09-17 00:00:00-04:00,6.340000152587891,6.429999828338623,6.300000190734863,6.429999828338623,7300,0.0,0.0
2021-09-20 00:00:00-04:00,6.449999809265137,6.510000228881836,6.190000057220459,6.190000057220459,900,0.0,0.0
2021-09-21 00:00:00-04:00,6.300000190734863,6.489999771118164,6.159999847412109,6.400000095367432,5100,0.0,0.0
2021-09-22 00:00:00-04:00,6.449999809265137,6.5,6.400000095367432,6.400000095367432,6900,0.0,0.0
2021-09-23 00:00:00-04:00,6.5,7.460000038146973,6.5,7.0,13800,0.0,0.0
2021-09-24 00:00:00-04:00,7.429999828338623,7.670000076293945,6.789999961853027,6.96999979019165,8500,0.0,0.0
2021-09-27 00:00:00-04:00,7.0,7.0,6.940000057220459,6.980000019073486,2100,0.0,0.0
2021-09-28 00:00:00-04:00,6.880000114440918,6.989999771118164,6.570000171661377,6.989999771118164,1600,0.0,0.0
2021-09-29 00:00:00-04:00,6.96999979019165,7.0,6.900000095367432,7.0,3400,0.0,0.0
2021-09-30 00:00:00-04:00,7.0,7.0,6.690000057220459,7.0,800,0.0,0.0
2021-10-01 00:00:00-04:00,7.25,7.25,6.71999979019165,6.71999979019165,1600,0.0,0.0
2021-10-04 00:00:00-04:00,7.239999771118164,7.239999771118164,6.889999866485596,6.989999771118164,5500,0.0,0.0
2021-10-05 00:00:00-04:00,7.070000171661377,7.070000171661377,6.989999771118164,7.070000171661377,3200,0.0,0.0
2021-10-06 00:00:00-04:00,7.099999904632568,7.489999771118164,7.03000020980835,7.03000020980835,8400,0.0,0.0
2021-10-07 00:00:00-04:00,7.0,7.0,6.989999771118164,7.0,3800,0.0,0.0
2021-10-08 00:00:00-04:00,7.03000020980835,7.03000020980835,6.849999904632568,6.889999866485596,5500,0.0,0.0
2021-10-11 00:00:00-04:00,6.590000152587891,7.0,6.590000152587891,7.0,2000,0.0,0.0
2021-10-12 00:00:00-04:00,6.670000076293945,6.820000171661377,6.670000076293945,6.820000171661377,500,0.0,0.0
2021-10-13 00:00:00-04:00,6.860000133514404,6.929999828338623,6.860000133514404,6.900000095367432,2200,0.0,0.0
2021-10-14 00:00:00-04:00,6.900000095367432,6.900000095367432,6.900000095367432,6.900000095367432,0,0.0,0.0
2021-10-15 00:00:00-04:00,6.949999809265137,7.0,6.949999809265137,7.0,8900,0.0,0.0
2021-10-18 00:00:00-04:00,6.980000019073486,7.0,6.949999809265137,6.980000019073486,3500,0.0,0.0
2021-10-19 00:00:00-04:00,6.75,6.96999979019165,6.599999904632568,6.940000057220459,6200,0.0,0.0
2021-10-20 00:00:00-04:00,6.940000057220459,6.940000057220459,6.809999942779541,6.809999942779541,500,0.0,0.0
2021-10-21 00:00:00-04:00,6.679999828338623,6.920000076293945,6.429999828338623,6.429999828338623,9600,0.0,0.0
2021-10-22 00:00:00-04:00,6.440000057220459,6.739999771118164,6.440000057220459,6.739999771118164,2300,0.0,0.0
2021-10-25 00:00:00-04:00,6.429999828338623,6.610000133514404,6.099999904632568,6.320000171661377,5000,0.0,0.0
2021-10-26 00:00:00-04:00,6.210000038146973,6.269999980926514,6.110000133514404,6.21999979019165,4700,0.0,0.0
2021-10-27 00:00:00-04:00,6.130000114440918,6.170000076293945,6.050000190734863,6.170000076293945,4200,0.0,0.0
2021-10-28 00:00:00-04:00,6.079999923706055,6.099999904632568,6.039999961853027,6.039999961853027,2500,0.0,0.0
2021-10-29 00:00:00-04:00,6.050000190734863,6.090000152587891,6.010000228881836,6.010000228881836,1400,0.0,0.0
2021-11-01 00:00:00-04:00,5.800000190734863,5.800000190734863,5.300000190734863,5.460000038146973,12100,0.0,0.0
2021-11-02 00:00:00-04:00,5.550000190734863,5.679999828338623,5.550000190734863,5.679999828338623,2800,0.0,0.0
2021-11-03 00:00:00-04:00,5.400000095367432,5.590000152587891,4.5,4.710000038146973,45800,0.0,0.0
2021-11-04 00:00:00-04:00,4.710000038146973,4.710000038146973,4.119999885559082,4.159999847412109,21900,0.0,0.0
2021-11-05 00:00:00-04:00,4.190000057220459,4.460000038146973,4.03000020980835,4.409999847412109,46600,0.0,0.0
2021-11-08 00:00:00-05:00,4.5,4.800000190734863,4.409999847412109,4.78000020980835,12800,0.0,0.0
2021-11-09 00:00:00-05:00,4.599999904632568,4.809999942779541,4.420000076293945,4.539999961853027,8600,0.0,0.0
2021-11-10 00:00:00-05:00,4.690000057220459,4.929999828338623,4.610000133514404,4.880000114440918,12700,0.0,0.0
2021-11-11 00:00:00-05:00,4.929999828338623,5.800000190734863,4.889999866485596,5.519999980926514,36000,0.0,0.0
2021-11-12 00:00:00-05:00,5.610000133514404,5.75,5.28000020980835,5.739999771118164,29900,0.0,0.0
2021-11-15 00:00:00-05:00,5.690000057220459,5.800000190734863,5.639999866485596,5.800000190734863,16900,0.0,0.0
2021-11-16 00:00:00-05:00,5.820000171661377,5.909999847412109,5.579999923706055,5.900000095367432,28200,0.0,0.0
2021-11-17 00:00:00-05:00,5.900000095367432,6.28000020980835,5.900000095367432,6.0,18700,0.0,0.0
2021-11-18 00:00:00-05:00,5.829999923706055,6.110000133514404,5.670000076293945,6.110000133514404,3600,0.0,0.0
2021-11-19 00:00:00-05:00,5.929999828338623,6.349999904632568,5.699999809265137,6.130000114440918,30200,0.0,0.0
2021-11-22 00:00:00-05:00,6.050000190734863,6.050000190734863,5.980000019073486,6.010000228881836,3400,0.0,0.0
2021-11-23 00:00:00-05:00,5.869999885559082,5.960000038146973,5.670000076293945,5.679999828338623,2300,0.0,0.0
2021-11-24 00:00:00-05:00,5.71999979019165,6.289999961853027,5.619999885559082,6.010000228881836,65700,0.0,0.0
2021-11-26 00:00:00-05:00,6.28000020980835,6.28000020980835,5.670000076293945,5.670000076293945,700,0.0,0.0
2021-11-29 00:00:00-05:00,5.690000057220459,5.769999980926514,5.650000095367432,5.650000095367432,1500,0.0,0.0
2021-11-30 00:00:00-05:00,5.579999923706055,5.630000114440918,5.360000133514404,5.519999980926514,7000,0.0,0.0
2021-12-01 00:00:00-05:00,5.25,5.5,4.960000038146973,4.989999771118164,33100,0.0,0.0
2021-12-02 00:00:00-05:00,4.829999923706055,5.099999904632568,4.800000190734863,4.96999979019165,2500,0.0,0.0
2021-12-03 00:00:00-05:00,4.760000228881836,5.190000057220459,4.659999847412109,4.769999980926514,30500,0.0,0.0
2021-12-06 00:00:00-05:00,4.809999942779541,5.320000171661377,4.809999942779541,4.829999923706055,17900,0.0,0.0
2021-12-07 00:00:00-05:00,5.010000228881836,5.360000133514404,4.579999923706055,5.059999942779541,19500,0.0,0.0
2021-12-08 00:00:00-05:00,4.960000038146973,5.239999771118164,4.730000019073486,5.090000152587891,46100,0.0,0.0
2021-12-09 00:00:00-05:00,5.050000190734863,5.050000190734863,4.869999885559082,4.869999885559082,1800,0.0,0.0
2021-12-10 00:00:00-05:00,4.550000190734863,5.050000190734863,4.550000190734863,5.050000190734863,1400,0.0,0.0
2021-12-13 00:00:00-05:00,5.159999847412109,5.159999847412109,4.639999866485596,4.690000057220459,2900,0.0,0.0
2021-12-14 00:00:00-05:00,4.630000114440918,4.989999771118164,4.320000171661377,4.360000133514404,8500,0.0,0.0
2021-12-15 00:00:00-05:00,4.409999847412109,4.5,4.309999942779541,4.429999828338623,2300,0.0,0.0
2021-12-16 00:00:00-05:00,4.429999828338623,4.510000228881836,4.369999885559082,4.369999885559082,2900,0.0,0.0
2021-12-17 00:00:00-05:00,4.190000057220459,4.400000095367432,4.139999866485596,4.320000171661377,1300,0.0,0.0
2021-12-20 00:00:00-05:00,4.329999923706055,4.329999923706055,4.139999866485596,4.139999866485596,700,0.0,0.0
2021-12-21 00:00:00-05:00,4.170000076293945,4.21999979019165,4.170000076293945,4.21999979019165,800,0.0,0.0
2021-12-22 00:00:00-05:00,4.489999771118164,4.489999771118164,4.079999923706055,4.269999980926514,10000,0.0,0.0
2021-12-23 00:00:00-05:00,4.28000020980835,4.300000190734863,4.159999847412109,4.159999847412109,1600,0.0,0.0
2021-12-27 00:00:00-05:00,4.21999979019165,4.449999809265137,4.21999979019165,4.329999923706055,2000,0.0,0.0
2021-12-28 00:00:00-05:00,4.389999866485596,4.389999866485596,4.389999866485596,4.389999866485596,400,0.0,0.0
2021-12-29 00:00:00-05:00,4.28000020980835,4.28000020980835,4.28000020980835,4.28000020980835,200,0.0,0.0
2021-12-30 00:00:00-05:00,4.099999904632568,4.190000057220459,3.8399999141693115,4.190000057220459,3000,0.0,0.0
2021-12-31 00:00:00-05:00,4.190000057220459,4.320000171661377,4.119999885559082,4.230000019073486,2700,0.0,0.0
2022-01-03 00:00:00-05:00,4.369999885559082,4.510000228881836,4.289999961853027,4.510000228881836,2000,0.0,0.0
2022-01-04 00:00:00-05:00,4.559999942779541,4.559999942779541,4.559999942779541,4.559999942779541,1000,0.0,0.0
2022-01-05 00:00:00-05:00,4.610000133514404,4.75,4.590000152587891,4.670000076293945,2800,0.0,0.0
2022-01-06 00:00:00-05:00,4.480000019073486,4.849999904632568,4.480000019073486,4.849999904632568,21000,0.0,0.0
2022-01-07 00:00:00-05:00,4.849999904632568,4.849999904632568,4.309999942779541,4.309999942779541,3600,0.0,0.0
2022-01-10 00:00:00-05:00,4.28000020980835,4.28000020980835,4.170000076293945,4.170000076293945,3200,0.0,0.0
2022-01-11 00:00:00-05:00,4.25,4.489999771118164,4.25,4.300000190734863,26200,0.0,0.0
2022-01-12 00:00:00-05:00,4.300000190734863,4.300000190734863,4.070000171661377,4.150000095367432,9200,0.0,0.0
2022-01-13 00:00:00-05:00,4.119999885559082,4.150000095367432,4.090000152587891,4.090000152587891,2200,0.0,0.0
2022-01-14 00:00:00-05:00,4.130000114440918,4.139999866485596,3.819999933242798,4.070000171661377,2700,0.0,0.0
2022-01-18 00:00:00-05:00,4.059999942779541,4.079999923706055,3.700000047683716,3.9000000953674316,7800,0.0,0.0
2022-01-19 00:00:00-05:00,3.890000104904175,3.890000104904175,3.6700000762939453,3.869999885559082,8700,0.0,0.0
2022-01-20 00:00:00-05:00,4.130000114440918,4.130000114440918,3.5999999046325684,3.5999999046325684,11300,0.0,0.0
2022-01-21 00:00:00-05:00,3.5,3.509999990463257,3.359999895095825,3.369999885559082,8800,0.0,0.0
2022-01-24 00:00:00-05:00,3.200000047683716,3.200000047683716,2.9800000190734863,3.119999885559082,14600,0.0,0.0
2022-01-25 00:00:00-05:00,3.109999895095825,3.109999895095825,3.109999895095825,3.109999895095825,300,0.0,0.0
2022-01-26 00:00:00-05:00,3.2300000190734863,3.6500000953674316,3.2200000286102295,3.2200000286102295,5000,0.0,0.0
2022-01-27 00:00:00-05:00,3.5399999618530273,3.5799999237060547,3.2899999618530273,3.299999952316284,4800,0.0,0.0
2022-01-28 00:00:00-05:00,3.2799999713897705,3.819999933242798,3.109999895095825,3.369999885559082,78900,0.0,0.0
2022-01-31 00:00:00-05:00,3.430000066757202,3.7699999809265137,3.430000066757202,3.5399999618530273,3200,0.0,0.0
2022-02-01 00:00:00-05:00,3.4800000190734863,3.9600000381469727,3.4800000190734863,3.75,3800,0.0,0.0
2022-02-02 00:00:00-05:00,3.75,3.930000066757202,3.75,3.930000066757202,1000,0.0,0.0
2022-02-03 00:00:00-05:00,3.950000047683716,3.950000047683716,3.7300000190734863,3.7300000190734863,1300,0.0,0.0
2022-02-04 00:00:00-05:00,3.759999990463257,3.759999990463257,3.75,3.75,400,0.0,0.0
2022-02-07 00:00:00-05:00,3.809999942779541,3.809999942779541,3.5299999713897705,3.619999885559082,4000,0.0,0.0
2022-02-08 00:00:00-05:00,3.5899999141693115,3.859999895095825,3.5299999713897705,3.819999933242798,2400,0.0,0.0
2022-02-09 00:00:00-05:00,3.6700000762939453,3.9100000858306885,3.6700000762939453,3.869999885559082,2000,0.0,0.0
2022-02-10 00:00:00-05:00,3.880000114440918,4.039999961853027,3.609999895095825,3.869999885559082,17000,0.0,0.0
2022-02-11 00:00:00-05:00,3.8399999141693115,4.03000020980835,3.6500000953674316,3.6700000762939453,19500,0.0,0.0
2022-02-14 00:00:00-05:00,3.759999990463257,3.9600000381469727,3.759999990463257,3.9600000381469727,2000,0.0,0.0
2022-02-15 00:00:00-05:00,3.869999885559082,4.099999904632568,3.869999885559082,4.099999904632568,3600,0.0,0.0
2022-02-16 00:00:00-05:00,4.070000171661377,4.110000133514404,3.9600000381469727,3.9600000381469727,500,0.0,0.0
2022-02-17 00:00:00-05:00,4.150000095367432,4.369999885559082,3.740000009536743,3.890000104904175,4400,0.0,0.0
2022-02-18 00:00:00-05:00,3.759999990463257,4.179999828338623,3.559999942779541,4.110000133514404,2900,0.0,0.0
2022-02-22 00:00:00-05:00,4.159999847412109,4.329999923706055,3.9200000762939453,4.329999923706055,2100,0.0,0.0
2022-02-23 00:00:00-05:00,4.400000095367432,4.400000095367432,4.170000076293945,4.170000076293945,3000,0.0,0.0
2022-02-24 00:00:00-05:00,4.380000114440918,4.409999847412109,4.269999980926514,4.360000133514404,5900,0.0,0.0
2022-02-25 00:00:00-05:00,4.300000190734863,4.329999923706055,4.050000190734863,4.329999923706055,6500,0.0,0.0
2022-02-28 00:00:00-05:00,4.570000171661377,4.929999828338623,4.429999828338623,4.889999866485596,9200,0.0,0.0
2022-03-01 00:00:00-05:00,4.909999847412109,5.980000019073486,4.829999923706055,5.809999942779541,93400,0.0,0.0
2022-03-02 00:00:00-05:00,5.78000020980835,5.78000020980835,5.210000038146973,5.599999904632568,14400,0.0,0.0
2022-03-03 00:00:00-05:00,5.369999885559082,5.889999866485596,5.369999885559082,5.53000020980835,13000,0.0,0.0
2022-03-04 00:00:00-05:00,5.579999923706055,6.230000019073486,5.389999866485596,5.710000038146973,48600,0.0,0.0
2022-03-07 00:00:00-05:00,5.840000152587891,6.179999828338623,5.420000076293945,5.909999847412109,28700,0.0,0.0
2022-03-08 00:00:00-05:00,5.900000095367432,6.0,5.409999847412109,5.489999771118164,8800,0.0,0.0
2022-03-09 00:00:00-05:00,5.25,5.289999961853027,5.0,5.199999809265137,8400,0.0,0.0
2022-03-10 00:00:00-05:00,5.860000133514404,5.860000133514404,4.699999809265137,4.949999809265137,9900,0.0,0.0
2022-03-11 00:00:00-05:00,4.960000038146973,4.960000038146973,4.21999979019165,4.539999961853027,54300,0.0,0.0
2022-03-14 00:00:00-04:00,4.75,4.75,4.289999961853027,4.320000171661377,6300,0.0,0.0
2022-03-15 00:00:00-04:00,4.28000020980835,4.610000133514404,3.740000009536743,4.380000114440918,240700,0.0,0.0
2022-03-16 00:00:00-04:00,4.699999809265137,5.25,4.480000019073486,4.630000114440918,18600,0.0,0.0
2022-03-17 00:00:00-04:00,4.53000020980835,4.889999866485596,4.53000020980835,4.78000020980835,7200,0.0,0.0
2022-03-18 00:00:00-04:00,4.829999923706055,4.980000019073486,4.829999923706055,4.980000019073486,5400,0.0,0.0
2022-03-21 00:00:00-04:00,5.150000095367432,5.150000095367432,4.96999979019165,5.0,2600,0.0,0.0
2022-03-22 00:00:00-04:00,5.090000152587891,5.25,5.079999923706055,5.159999847412109,6700,0.0,0.0
2022-03-23 00:00:00-04:00,5.0,5.090000152587891,4.900000095367432,4.96999979019165,5200,0.0,0.0
2022-03-24 00:00:00-04:00,4.789999961853027,5.420000076293945,4.789999961853027,5.260000228881836,6400,0.0,0.0
2022-03-25 00:00:00-04:00,5.449999809265137,5.449999809265137,5.0,5.380000114440918,10600,0.0,0.0
2022-03-28 00:00:00-04:00,5.25,5.480000019073486,4.869999885559082,5.099999904632568,10600,0.0,0.0
2022-03-29 00:00:00-04:00,5.300000190734863,5.480000019073486,4.920000076293945,4.920000076293945,10600,0.0,0.0
2022-03-30 00:00:00-04:00,4.949999809265137,5.090000152587891,4.860000133514404,5.090000152587891,6500,0.0,0.0
2022-03-31 00:00:00-04:00,4.96999979019165,5.079999923706055,4.96999979019165,5.0,11400,0.0,0.0
2022-04-01 00:00:00-04:00,5.0,5.25,4.909999847412109,5.059999942779541,12300,0.0,0.0
2022-04-04 00:00:00-04:00,5.21999979019165,5.5,5.019999980926514,5.46999979019165,30100,0.0,0.0
2022-04-05 00:00:00-04:00,5.46999979019165,5.5,5.119999885559082,5.489999771118164,48600,0.0,0.0
2022-04-06 00:00:00-04:00,5.429999828338623,5.5,5.360000133514404,5.480000019073486,12500,0.0,0.0
2022-04-07 00:00:00-04:00,5.5,5.5,5.449999809265137,5.489999771118164,4000,0.0,0.0
2022-04-08 00:00:00-04:00,5.5,5.699999809265137,5.420000076293945,5.670000076293945,39300,0.0,0.0
2022-04-11 00:00:00-04:00,5.659999847412109,5.659999847412109,5.059999942779541,5.260000228881836,14600,0.0,0.0
2022-04-12 00:00:00-04:00,5.059999942779541,5.289999961853027,4.960000038146973,5.21999979019165,11800,0.0,0.0
2022-04-13 00:00:00-04:00,5.130000114440918,5.199999809265137,4.800000190734863,5.0,30300,0.0,0.0
2022-04-14 00:00:00-04:00,4.960000038146973,5.230000019073486,4.960000038146973,5.110000133514404,2000,0.0,0.0
2022-04-18 00:00:00-04:00,5.050000190734863,5.25,5.050000190734863,5.239999771118164,2700,0.0,0.0
2022-04-19 00:00:00-04:00,5.099999904632568,5.170000076293945,4.920000076293945,5.050000190734863,1000,0.0,0.0
2022-04-20 00:00:00-04:00,4.989999771118164,5.239999771118164,4.840000152587891,5.050000190734863,2900,0.0,0.0
2022-04-21 00:00:00-04:00,5.039999961853027,5.039999961853027,4.449999809265137,4.570000171661377,6700,0.0,0.0
2022-04-22 00:00:00-04:00,4.610000133514404,4.860000133514404,4.610000133514404,4.820000171661377,6500,0.0,0.0
2022-04-25 00:00:00-04:00,4.789999961853027,4.789999961853027,4.789999961853027,4.789999961853027,700,0.0,0.0
2022-04-26 00:00:00-04:00,4.800000190734863,4.800000190734863,4.789999961853027,4.789999961853027,800,0.0,0.0
2022-04-27 00:00:00-04:00,4.789999961853027,4.820000171661377,4.789999961853027,4.820000171661377,400,0.0,0.0
2022-04-28 00:00:00-04:00,4.809999942779541,4.809999942779541,4.789999961853027,4.789999961853027,800,0.0,0.0
2022-04-29 00:00:00-04:00,4.789999961853027,4.789999961853027,4.789999961853027,4.789999961853027,800,0.0,0.0
2022-05-02 00:00:00-04:00,4.650000095367432,4.650000095367432,4.329999923706055,4.630000114440918,5500,0.0,0.0
2022-05-03 00:00:00-04:00,4.619999885559082,4.929999828338623,4.210000038146973,4.599999904632568,1700,0.0,0.0
2022-05-04 00:00:00-04:00,4.550000190734863,4.840000152587891,4.510000228881836,4.510000228881836,3700,0.0,0.0
2022-05-05 00:00:00-04:00,4.340000152587891,4.340000152587891,4.099999904632568,4.099999904632568,9500,0.0,0.0
2022-05-06 00:00:00-04:00,4.190000057220459,4.190000057220459,3.7100000381469727,3.8399999141693115,11500,0.0,0.0
2022-05-09 00:00:00-04:00,3.9000000953674316,4.5,3.5999999046325684,4.300000190734863,20600,0.0,0.0
2022-05-10 00:00:00-04:00,4.389999866485596,4.420000076293945,4.03000020980835,4.090000152587891,16800,0.0,0.0
2022-05-11 00:00:00-04:00,4.210000038146973,4.320000171661377,3.990000009536743,4.119999885559082,11500,0.0,0.0
2022-05-12 00:00:00-04:00,4.159999847412109,4.199999809265137,4.050000190734863,4.199999809265137,2500,0.0,0.0
2022-05-13 00:00:00-04:00,4.320000171661377,4.550000190734863,4.320000171661377,4.449999809265137,1600,0.0,0.0
2022-05-16 00:00:00-04:00,4.53000020980835,4.880000114440918,4.510000228881836,4.550000190734863,8000,0.0,0.0
2022-05-17 00:00:00-04:00,4.480000019073486,5.0,4.46999979019165,4.96999979019165,4500,0.0,0.0
2022-05-18 00:00:00-04:00,4.699999809265137,4.75,4.460000038146973,4.539999961853027,3300,0.0,0.0
2022-05-19 00:00:00-04:00,4.599999904632568,4.639999866485596,4.510000228881836,4.639999866485596,1200,0.0,0.0
2022-05-20 00:00:00-04:00,4.960000038146973,4.960000038146973,4.440000057220459,4.5,4000,0.0,0.0
2022-05-23 00:00:00-04:00,4.880000114440918,4.96999979019165,4.300000190734863,4.380000114440918,13700,0.0,0.0
2022-05-24 00:00:00-04:00,4.340000152587891,4.5,4.25,4.489999771118164,6800,0.0,0.0
2022-05-25 00:00:00-04:00,4.389999866485596,4.650000095367432,4.380000114440918,4.570000171661377,5500,0.0,0.0
2022-05-26 00:00:00-04:00,4.539999961853027,4.800000190734863,4.420000076293945,4.679999828338623,2100,0.0,0.0
2022-05-27 00:00:00-04:00,4.380000114440918,4.639999866485596,4.380000114440918,4.599999904632568,4500,0.0,0.0
2022-05-31 00:00:00-04:00,4.760000228881836,4.829999923706055,4.539999961853027,4.809999942779541,1200,0.0,0.0
2022-06-01 00:00:00-04:00,4.760000228881836,4.78000020980835,4.519999980926514,4.78000020980835,1300,0.0,0.0
2022-06-02 00:00:00-04:00,4.900000095367432,4.989999771118164,4.900000095367432,4.989999771118164,7000,0.0,0.0
2022-06-03 00:00:00-04:00,4.980000019073486,4.980000019073486,4.739999771118164,4.75,7700,0.0,0.0
2022-06-06 00:00:00-04:00,4.980000019073486,4.980000019073486,4.809999942779541,4.900000095367432,7200,0.0,0.0
2022-06-07 00:00:00-04:00,4.96999979019165,4.96999979019165,4.639999866485596,4.809999942779541,9800,0.0,0.0
2022-06-08 00:00:00-04:00,4.900000095367432,4.940000057220459,4.869999885559082,4.869999885559082,1400,0.0,0.0
2022-06-09 00:00:00-04:00,4.900000095367432,5.0,4.769999980926514,4.78000020980835,1700,0.0,0.0
2022-06-10 00:00:00-04:00,4.769999980926514,4.840000152587891,4.610000133514404,4.730000019073486,1500,0.0,0.0
2022-06-13 00:00:00-04:00,4.659999847412109,4.789999961853027,4.579999923706055,4.579999923706055,2200,0.0,0.0
2022-06-14 00:00:00-04:00,4.659999847412109,4.739999771118164,4.570000171661377,4.579999923706055,2500,0.0,0.0
2022-06-15 00:00:00-04:00,4.599999904632568,4.940000057220459,4.599999904632568,4.889999866485596,11000,0.0,0.0
2022-06-16 00:00:00-04:00,4.730000019073486,4.980000019073486,4.610000133514404,4.610000133514404,2700,0.0,0.0
2022-06-17 00:00:00-04:00,4.75,4.809999942779541,4.619999885559082,4.619999885559082,3400,0.0,0.0
2022-06-21 00:00:00-04:00,4.619999885559082,4.900000095367432,4.619999885559082,4.630000114440918,29400,0.0,0.0
2022-06-22 00:00:00-04:00,4.449999809265137,4.5,4.25,4.349999904632568,3100,0.0,0.0
2022-06-23 00:00:00-04:00,4.389999866485596,4.449999809265137,4.230000019073486,4.230000019073486,4000,0.0,0.0
2022-06-24 00:00:00-04:00,4.289999961853027,4.539999961853027,4.289999961853027,4.389999866485596,1000,0.0,0.0
2022-06-27 00:00:00-04:00,4.340000152587891,4.760000228881836,4.340000152587891,4.5,1100,0.0,0.0
2022-06-28 00:00:00-04:00,4.289999961853027,4.519999980926514,4.230000019073486,4.25,5100,0.0,0.0
2022-06-29 00:00:00-04:00,4.170000076293945,4.170000076293945,4.090000152587891,4.110000133514404,500,0.0,0.0
2022-06-30 00:00:00-04:00,3.819999933242798,4.039999961853027,3.740000009536743,4.039999961853027,5900,0.0,0.0
2022-07-01 00:00:00-04:00,3.940000057220459,4.019999980926514,3.940000057220459,4.019999980926514,700,0.0,0.0
2022-07-05 00:00:00-04:00,3.759999990463257,3.9600000381469727,3.759999990463257,3.9600000381469727,1000,0.0,0.0
2022-07-06 00:00:00-04:00,4.039999961853027,4.039999961853027,4.039999961853027,4.039999961853027,300,0.0,0.0
2022-07-07 00:00:00-04:00,4.150000095367432,4.150000095367432,4.150000095367432,4.150000095367432,300,0.0,0.0
2022-07-08 00:00:00-04:00,4.150000095367432,4.150000095367432,4.150000095367432,4.150000095367432,0,0.0,0.0
2022-07-11 00:00:00-04:00,4.150000095367432,4.150000095367432,4.150000095367432,4.150000095367432,300,0.0,0.0
2022-07-12 00:00:00-04:00,3.9800000190734863,4.150000095367432,3.9800000190734863,4.150000095367432,400,0.0,0.0
2022-07-13 00:00:00-04:00,4.420000076293945,4.420000076293945,4.420000076293945,4.420000076293945,300,0.0,0.0
2022-07-14 00:00:00-04:00,4.420000076293945,4.420000076293945,4.420000076293945,4.420000076293945,0,0.0,0.0
2022-07-15 00:00:00-04:00,4.420000076293945,4.420000076293945,4.420000076293945,4.420000076293945,0,0.0,0.0
2022-07-18 00:00:00-04:00,4.300000190734863,4.300000190734863,4.119999885559082,4.119999885559082,700,0.0,0.0
2022-07-19 00:00:00-04:00,4.070000171661377,4.170000076293945,3.859999895095825,3.859999895095825,1100,0.0,0.0
2022-07-20 00:00:00-04:00,4.130000114440918,4.130000114440918,4.130000114440918,4.130000114440918,400,0.0,0.0
2022-07-21 00:00:00-04:00,3.9800000190734863,4.150000095367432,3.9800000190734863,4.150000095367432,3000,0.0,0.0
2022-07-22 00:00:00-04:00,4.070000171661377,4.070000171661377,4.070000171661377,4.070000171661377,200,0.0,0.0
2022-07-25 00:00:00-04:00,4.110000133514404,4.110000133514404,4.110000133514404,4.110000133514404,600,0.0,0.0
2022-07-26 00:00:00-04:00,4.010000228881836,4.010000228881836,4.010000228881836,4.010000228881836,800,0.0,0.0
2022-07-27 00:00:00-04:00,4.090000152587891,4.090000152587891,3.9800000190734863,4.090000152587891,500,0.0,0.0
2022-07-28 00:00:00-04:00,4.0,4.539999961853027,4.0,4.210000038146973,3300,0.0,0.0
2022-07-29 00:00:00-04:00,4.340000152587891,4.340000152587891,4.329999923706055,4.340000152587891,900,0.0,0.0
2022-08-01 00:00:00-04:00,4.190000057220459,4.190000057220459,4.079999923706055,4.150000095367432,1500,0.0,0.0
2022-08-02 00:00:00-04:00,4.239999771118164,4.360000133514404,4.199999809265137,4.300000190734863,5200,0.0,0.0
2022-08-03 00:00:00-04:00,4.5,4.5,4.210000038146973,4.210000038146973,1200,0.0,0.0
2022-08-04 00:00:00-04:00,4.309999942779541,4.5,4.260000228881836,4.380000114440918,1900,0.0,0.0
2022-08-05 00:00:00-04:00,4.550000190734863,4.559999942779541,4.289999961853027,4.440000057220459,1300,0.0,0.0
2022-08-08 00:00:00-04:00,4.570000171661377,4.75,4.539999961853027,4.539999961853027,3600,0.0,0.0
2022-08-09 00:00:00-04:00,4.639999866485596,4.639999866485596,4.579999923706055,4.579999923706055,1500,0.0,0.0
2022-08-10 00:00:00-04:00,4.679999828338623,4.699999809265137,4.679999828338623,4.679999828338623,900,0.0,0.0
2022-08-11 00:00:00-04:00,4.679999828338623,4.679999828338623,4.679999828338623,4.679999828338623,200,0.0,0.0
2022-08-12 00:00:00-04:00,4.53000020980835,4.53000020980835,4.349999904632568,4.349999904632568,1700,0.0,0.0
2022-08-15 00:00:00-04:00,4.25,4.25,4.090000152587891,4.110000133514404,1900,0.0,0.0
2022-08-16 00:00:00-04:00,4.210000038146973,4.630000114440918,4.210000038146973,4.630000114440918,10300,0.0,0.0
2022-08-17 00:00:00-04:00,4.619999885559082,5.5,4.619999885559082,5.03000020980835,18900,0.0,0.0
2022-08-18 00:00:00-04:00,5.690000057220459,5.690000057220459,4.119999885559082,4.5,26400,0.0,0.0
2022-08-19 00:00:00-04:00,4.110000133514404,4.489999771118164,4.110000133514404,4.400000095367432,4600,0.0,0.0
2022-08-22 00:00:00-04:00,4.480000019073486,4.480000019073486,4.130000114440918,4.480000019073486,7500,0.0,0.0
2022-08-23 00:00:00-04:00,4.480000019073486,4.96999979019165,4.480000019073486,4.659999847412109,7300,0.0,0.0
2022-08-24 00:00:00-04:00,4.679999828338623,5.449999809265137,4.679999828338623,4.78000020980835,10400,0.0,0.0
2022-08-25 00:00:00-04:00,5.119999885559082,5.309999942779541,4.730000019073486,4.980000019073486,11000,0.0,0.0
2022-08-26 00:00:00-04:00,5.309999942779541,5.599999904632568,4.989999771118164,4.989999771118164,5200,0.0,0.0
2022-08-29 00:00:00-04:00,4.809999942779541,5.099999904632568,4.489999771118164,4.840000152587891,5800,0.0,0.0
2022-08-30 00:00:00-04:00,4.730000019073486,4.730000019073486,4.690000057220459,4.690000057220459,1200,0.0,0.0
2022-08-31 00:00:00-04:00,4.75,4.989999771118164,4.75,4.769999980926514,1200,0.0,0.0
2022-09-01 00:00:00-04:00,4.75,5.360000133514404,4.75,5.329999923706055,14400,0.0,0.0
2022-09-02 00:00:00-04:00,5.590000152587891,5.599999904632568,5.190000057220459,5.28000020980835,7800,0.0,0.0
2022-09-06 00:00:00-04:00,5.28000020980835,5.710000038146973,5.21999979019165,5.710000038146973,11600,0.0,0.0
2022-09-07 00:00:00-04:00,5.739999771118164,5.739999771118164,5.510000228881836,5.699999809265137,4200,0.0,0.0
2022-09-08 00:00:00-04:00,5.690000057220459,5.690000057220459,5.5,5.590000152587891,3200,0.0,0.0
2022-09-09 00:00:00-04:00,5.670000076293945,5.699999809265137,5.480000019073486,5.699999809265137,4400,0.0,0.0
2022-09-12 00:00:00-04:00,5.710000038146973,5.710000038146973,5.5,5.559999942779541,2000,0.0,0.0
2022-09-13 00:00:00-04:00,5.400000095367432,5.400000095367432,5.110000133514404,5.28000020980835,10000,0.0,0.0
2022-09-14 00:00:00-04:00,5.340000152587891,5.369999885559082,5.150000095367432,5.190000057220459,4500,0.0,0.0
2022-09-15 00:00:00-04:00,5.170000076293945,5.519999980926514,5.130000114440918,5.21999979019165,6300,0.0,0.0
2022-09-16 00:00:00-04:00,5.380000114440918,5.380000114440918,5.139999866485596,5.369999885559082,32200,0.0,0.0
2022-09-19 00:00:00-04:00,5.260000228881836,5.260000228881836,5.260000228881836,5.260000228881836,700,0.0,0.0
2022-09-20 00:00:00-04:00,5.110000133514404,5.25,4.900000095367432,5.090000152587891,10800,0.0,0.0
2022-09-21 00:00:00-04:00,5.75,12.319999694824219,5.289999961853027,8.84000015258789,21320400,0.0,0.0
2022-09-22 00:00:00-04:00,7.769999980926514,8.75,7.170000076293945,8.050000190734863,2063300,0.0,0.0
2022-09-23 00:00:00-04:00,7.5,8.390000343322754,6.789999961853027,7.46999979019165,897200,0.0,0.0
2022-09-26 00:00:00-04:00,7.050000190734863,7.739999771118164,6.199999809265137,6.590000152587891,703200,0.0,0.0
2022-09-27 00:00:00-04:00,6.489999771118164,6.639999866485596,5.840000152587891,5.900000095367432,267900,0.0,0.0
2022-09-28 00:00:00-04:00,5.840000152587891,6.800000190734863,5.840000152587891,6.619999885559082,140900,0.0,0.0
2022-09-29 00:00:00-04:00,6.489999771118164,6.800000190734863,6.260000228881836,6.489999771118164,103100,0.0,0.0
2022-09-30 00:00:00-04:00,6.510000228881836,7.78000020980835,6.349999904632568,7.739999771118164,304900,0.0,0.0
2022-10-03 00:00:00-04:00,7.730000019073486,8.5,7.489999771118164,8.140000343322754,218500,0.0,0.0
2022-10-04 00:00:00-04:00,8.100000381469727,8.25,7.570000171661377,7.710000038146973,112100,0.0,0.0
2022-10-05 00:00:00-04:00,7.650000095367432,8.25,7.449999809265137,8.170000076293945,92700,0.0,0.0
2022-10-06 00:00:00-04:00,8.25,8.25,7.760000228881836,7.900000095367432,40900,0.0,0.0
2022-10-07 00:00:00-04:00,7.809999942779541,8.0,7.599999904632568,8.0,79700,0.0,0.0
2022-10-10 00:00:00-04:00,8.0,9.75,7.840000152587891,9.720000267028809,229700,0.0,0.0
2022-10-11 00:00:00-04:00,9.369999885559082,10.960000038146973,9.289999961853027,10.920000076293945,235400,0.0,0.0
2022-10-12 00:00:00-04:00,11.0,11.0,10.529999732971191,10.850000381469727,266100,0.0,0.0
2022-10-13 00:00:00-04:00,10.720000267028809,10.84000015258789,9.430000305175781,10.0600004196167,134400,0.0,0.0
2022-10-14 00:00:00-04:00,10.3100004196167,10.3100004196167,9.630000114440918,9.869999885559082,31700,0.0,0.0
2022-10-17 00:00:00-04:00,9.649999618530273,10.579999923706055,9.619999885559082,10.289999961853027,44300,0.0,0.0
2022-10-18 00:00:00-04:00,10.489999771118164,10.609999656677246,9.819999694824219,10.239999771118164,122100,0.0,0.0
2022-10-19 00:00:00-04:00,9.9399995803833,10.3100004196167,9.75,10.09000015258789,35400,0.0,0.0
2022-10-20 00:00:00-04:00,9.970000267028809,10.149999618530273,7.650000095367432,8.140000343322754,223600,0.0,0.0
2022-10-21 00:00:00-04:00,7.869999885559082,8.300000190734863,7.610000133514404,8.0,54800,0.0,0.0
2022-10-24 00:00:00-04:00,7.840000152587891,8.180000305175781,7.699999809265137,8.069999694824219,36100,0.0,0.0
2022-10-25 00:00:00-04:00,8.069999694824219,8.65999984741211,8.039999961853027,8.1899995803833,102800,0.0,0.0
2022-10-26 00:00:00-04:00,8.399999618530273,8.399999618530273,7.670000076293945,8.329999923706055,44200,0.0,0.0
2022-10-27 00:00:00-04:00,8.300000190734863,8.680000305175781,8.0,8.069999694824219,41700,0.0,0.0
2022-10-28 00:00:00-04:00,8.010000228881836,8.199999809265137,7.599999904632568,8.020000457763672,46800,0.0,0.0
2022-10-31 00:00:00-04:00,8.050000190734863,8.399999618530273,7.849999904632568,8.010000228881836,25500,0.0,0.0
2022-11-01 00:00:00-04:00,8.0600004196167,8.1899995803833,7.579999923706055,7.71999979019165,21200,0.0,0.0
2022-11-02 00:00:00-04:00,7.760000228881836,7.909999847412109,7.510000228881836,7.909999847412109,33300,0.0,0.0
2022-11-03 00:00:00-04:00,8.34000015258789,8.34000015258789,7.639999866485596,7.699999809265137,26900,0.0,0.0
2022-11-04 00:00:00-04:00,8.0,8.0,7.25,7.349999904632568,30500,0.0,0.0
2022-11-07 00:00:00-05:00,7.570000171661377,7.610000133514404,7.0,7.5,40400,0.0,0.0
2022-11-08 00:00:00-05:00,7.570000171661377,7.869999885559082,7.21999979019165,7.300000190734863,31700,0.0,0.0
2022-11-09 00:00:00-05:00,7.320000171661377,7.5,6.920000076293945,7.0,11200,0.0,0.0
2022-11-10 00:00:00-05:00,6.909999847412109,6.980000019073486,6.53000020980835,6.579999923706055,13500,0.0,0.0
2022-11-11 00:00:00-05:00,6.5,7.150000095367432,6.300000190734863,6.880000114440918,41000,0.0,0.0
2022-11-14 00:00:00-05:00,6.96999979019165,7.460000038146973,6.809999942779541,6.989999771118164,7400,0.0,0.0
2022-11-15 00:00:00-05:00,6.909999847412109,7.21999979019165,6.71999979019165,6.929999828338623,14000,0.0,0.0
2022-11-16 00:00:00-05:00,6.880000114440918,6.989999771118164,6.730000019073486,6.889999866485596,6400,0.0,0.0
2022-11-17 00:00:00-05:00,6.75,6.760000228881836,6.320000171661377,6.53000020980835,13400,0.0,0.0
2022-11-18 00:00:00-05:00,6.329999923706055,7.03000020980835,6.329999923706055,6.510000228881836,49600,0.0,0.0
2022-11-21 00:00:00-05:00,6.46999979019165,6.760000228881836,6.400000095367432,6.400000095367432,7500,0.0,0.0
2022-11-22 00:00:00-05:00,6.369999885559082,6.889999866485596,6.369999885559082,6.550000190734863,7200,0.0,0.0
2022-11-23 00:00:00-05:00,6.960000038146973,6.980000019073486,6.670000076293945,6.670000076293945,5400,0.0,0.0
2022-11-25 00:00:00-05:00,6.630000114440918,6.96999979019165,6.630000114440918,6.96999979019165,4000,0.0,0.0
2022-11-28 00:00:00-05:00,6.670000076293945,6.849999904632568,6.630000114440918,6.630000114440918,7900,0.0,0.0
2022-11-29 00:00:00-05:00,6.639999866485596,6.980000019073486,6.639999866485596,6.75,7900,0.0,0.0
2022-11-30 00:00:00-05:00,6.769999980926514,6.96999979019165,6.769999980926514,6.960000038146973,4200,0.0,0.0
2022-12-01 00:00:00-05:00,7.050000190734863,7.099999904632568,6.670000076293945,6.769999980926514,4900,0.0,0.0
2022-12-02 00:00:00-05:00,6.809999942779541,6.909999847412109,6.650000095367432,6.670000076293945,9900,0.0,0.0
2022-12-05 00:00:00-05:00,6.760000228881836,6.760000228881836,6.559999942779541,6.579999923706055,4100,0.0,0.0
2022-12-06 00:00:00-05:00,6.550000190734863,6.550000190734863,6.150000095367432,6.150000095367432,9200,0.0,0.0
2022-12-07 00:00:00-05:00,6.019999980926514,6.210000038146973,5.809999942779541,5.809999942779541,10600,0.0,0.0
2022-12-08 00:00:00-05:00,5.829999923706055,6.199999809265137,5.760000228881836,5.980000019073486,9000,0.0,0.0
2022-12-09 00:00:00-05:00,6.190000057220459,6.190000057220459,5.710000038146973,5.809999942779541,9100,0.0,0.0
2022-12-12 00:00:00-05:00,5.559999942779541,5.909999847412109,5.559999942779541,5.880000114440918,8600,0.0,0.0
2022-12-13 00:00:00-05:00,5.789999961853027,6.230000019073486,5.710000038146973,5.710000038146973,10000,0.0,0.0
2022-12-14 00:00:00-05:00,5.710000038146973,5.760000228881836,5.510000228881836,5.519999980926514,7600,0.0,0.0
2022-12-15 00:00:00-05:00,5.71999979019165,5.71999979019165,5.449999809265137,5.5,1700,0.0,0.0
2022-12-16 00:00:00-05:00,5.449999809265137,5.539999961853027,5.21999979019165,5.480000019073486,12000,0.0,0.0
2022-12-19 00:00:00-05:00,5.039999961853027,5.380000114440918,5.039999961853027,5.130000114440918,6200,0.0,0.0
2022-12-20 00:00:00-05:00,5.619999885559082,5.659999847412109,5.409999847412109,5.519999980926514,13500,0.0,0.0
2022-12-21 00:00:00-05:00,5.389999866485596,6.25,5.380000114440918,5.670000076293945,28400,0.0,0.0
2022-12-22 00:00:00-05:00,5.619999885559082,5.659999847412109,5.5,5.5,2600,0.0,0.0
2022-12-23 00:00:00-05:00,5.75,5.75,5.599999904632568,5.659999847412109,1600,0.0,0.0
2022-12-27 00:00:00-05:00,5.590000152587891,5.849999904632568,5.440000057220459,5.489999771118164,7000,0.0,0.0
2022-12-28 00:00:00-05:00,5.489999771118164,5.489999771118164,5.090000152587891,5.099999904632568,6300,0.0,0.0
2022-12-29 00:00:00-05:00,5.010000228881836,5.25,5.010000228881836,5.099999904632568,12200,0.0,0.0
2022-12-30 00:00:00-05:00,5.079999923706055,5.320000171661377,5.070000171661377,5.320000171661377,7500,0.0,0.0
2023-01-03 00:00:00-05:00,5.090000152587891,5.349999904632568,5.090000152587891,5.349999904632568,3900,0.0,0.0
2023-01-04 00:00:00-05:00,5.150000095367432,5.300000190734863,5.150000095367432,5.300000190734863,4600,0.0,0.0
2023-01-05 00:00:00-05:00,5.150000095367432,5.190000057220459,5.090000152587891,5.090000152587891,3000,0.0,0.0
2023-01-06 00:00:00-05:00,5.179999828338623,5.210000038146973,5.079999923706055,5.099999904632568,6400,0.0,0.0
2023-01-09 00:00:00-05:00,5.170000076293945,5.440000057220459,5.070000171661377,5.119999885559082,5500,0.0,0.0
2023-01-10 00:00:00-05:00,5.150000095367432,5.150000095367432,5.119999885559082,5.119999885559082,1100,0.0,0.0
2023-01-11 00:00:00-05:00,5.170000076293945,5.190000057220459,5.099999904632568,5.139999866485596,2900,0.0,0.0
2023-01-12 00:00:00-05:00,5.139999866485596,5.460000038146973,5.070000171661377,5.460000038146973,9500,0.0,0.0
2023-01-13 00:00:00-05:00,5.429999828338623,5.440000057220459,4.599999904632568,5.0,19400,0.0,0.0
2023-01-17 00:00:00-05:00,5.150000095367432,5.300000190734863,5.010000228881836,5.090000152587891,4600,0.0,0.0
2023-01-18 00:00:00-05:00,5.010000228881836,5.070000171661377,4.449999809265137,4.650000095367432,34500,0.0,0.0
2023-01-19 00:00:00-05:00,4.590000152587891,4.900000095367432,4.409999847412109,4.489999771118164,12100,0.0,0.0
2023-01-20 00:00:00-05:00,4.550000190734863,4.75,4.389999866485596,4.46999979019165,13400,0.0,0.0
2023-01-23 00:00:00-05:00,4.75,4.75,4.5,4.53000020980835,11900,0.0,0.0
2023-01-24 00:00:00-05:00,4.46999979019165,4.869999885559082,4.460000038146973,4.460000038146973,9100,0.0,0.0
2023-01-25 00:00:00-05:00,4.46999979019165,4.75,4.349999904632568,4.510000228881836,12100,0.0,0.0
2023-01-26 00:00:00-05:00,4.539999961853027,4.639999866485596,4.449999809265137,4.5,10200,0.0,0.0
2023-01-27 00:00:00-05:00,4.630000114440918,4.739999771118164,4.619999885559082,4.699999809265137,8700,0.0,0.0
2023-01-30 00:00:00-05:00,4.690000057220459,4.71999979019165,4.449999809265137,4.599999904632568,4700,0.0,0.0
2023-01-31 00:00:00-05:00,4.449999809265137,4.679999828338623,4.429999828338623,4.590000152587891,5500,0.0,0.0
2023-02-01 00:00:00-05:00,4.590000152587891,4.730000019073486,4.590000152587891,4.610000133514404,4900,0.0,0.0
2023-02-02 00:00:00-05:00,4.75,4.75,4.610000133514404,4.610000133514404,10300,0.0,0.0
2023-02-03 00:00:00-05:00,4.630000114440918,4.75,4.610000133514404,4.75,7400,0.0,0.0
2023-02-06 00:00:00-05:00,5.039999961853027,5.21999979019165,4.630000114440918,4.630000114440918,21100,0.0,0.0
2023-02-07 00:00:00-05:00,4.650000095367432,4.869999885559082,4.599999904632568,4.869999885559082,12400,0.0,0.0
2023-02-08 00:00:00-05:00,4.869999885559082,5.179999828338623,4.659999847412109,4.699999809265137,26100,0.0,0.0
2023-02-09 00:00:00-05:00,4.929999828338623,4.929999828338623,4.519999980926514,4.650000095367432,9400,0.0,0.0
2023-02-10 00:00:00-05:00,4.829999923706055,4.980000019073486,4.5,4.550000190734863,12500,0.0,0.0
2023-02-13 00:00:00-05:00,4.369999885559082,4.550000190734863,4.329999923706055,4.480000019073486,17100,0.0,0.0
2023-02-14 00:00:00-05:00,4.590000152587891,4.650000095367432,4.449999809265137,4.5,7900,0.0,0.0
2023-02-15 00:00:00-05:00,4.53000020980835,4.579999923706055,4.449999809265137,4.460000038146973,12800,0.0,0.0
2023-02-16 00:00:00-05:00,4.5,4.5,4.110000133514404,4.210000038146973,22500,0.0,0.0
2023-02-17 00:00:00-05:00,4.210000038146973,4.440000057220459,4.099999904632568,4.130000114440918,6500,0.0,0.0
2023-02-21 00:00:00-05:00,4.010000228881836,4.349999904632568,3.799999952316284,3.8499999046325684,17200,0.0,0.0
2023-02-22 00:00:00-05:00,3.799999952316284,4.019999980926514,3.740000009536743,3.740000009536743,3000,0.0,0.0
2023-02-23 00:00:00-05:00,4.119999885559082,4.130000114440918,3.8499999046325684,3.9100000858306885,6900,0.0,0.0
2023-02-24 00:00:00-05:00,4.010000228881836,4.110000133514404,3.869999885559082,3.9200000762939453,6900,0.0,0.0
2023-02-27 00:00:00-05:00,3.930000066757202,4.03000020980835,3.9000000953674316,3.9000000953674316,5700,0.0,0.0
2023-02-28 00:00:00-05:00,3.9200000762939453,3.9200000762939453,3.7699999809265137,3.819999933242798,8400,0.0,0.0
2023-03-01 00:00:00-05:00,3.7100000381469727,3.8299999237060547,3.380000114440918,3.5,21100,0.0,0.0
2023-03-02 00:00:00-05:00,3.680000066757202,3.680000066757202,3.240000009536743,3.2899999618530273,32200,0.0,0.0
2023-03-03 00:00:00-05:00,3.3299999237060547,3.450000047683716,3.0999999046325684,3.200000047683716,21800,0.0,0.0
2023-03-06 00:00:00-05:00,3.259999990463257,3.259999990463257,3.069999933242798,3.130000114440918,23100,0.0,0.0
2023-03-07 00:00:00-05:00,3.119999885559082,3.2200000286102295,3.069999933242798,3.140000104904175,16100,0.0,0.0
2023-03-08 00:00:00-05:00,3.109999895095825,3.180000066757202,3.0,3.049999952316284,31200,0.0,0.0
2023-03-09 00:00:00-05:00,3.6600000858306885,3.869999885559082,3.140000104904175,3.2899999618530273,93100,0.0,0.0
2023-03-10 00:00:00-05:00,3.25,3.25,3.1500000953674316,3.1500000953674316,11800,0.0,0.0
2023-03-13 00:00:00-04:00,3.240000009536743,3.8499999046325684,3.180000066757202,3.7699999809265137,57100,0.0,0.0
2023-03-14 00:00:00-04:00,3.7899999618530273,4.110000133514404,3.6500000953674316,4.079999923706055,28300,0.0,0.0
2023-03-15 00:00:00-04:00,4.070000171661377,4.070000171661377,3.509999990463257,3.5899999141693115,19100,0.0,0.0
2023-03-16 00:00:00-04:00,3.7300000190734863,3.890000104904175,3.5999999046325684,3.7200000286102295,7400,0.0,0.0
2023-03-17 00:00:00-04:00,3.7100000381469727,3.809999942779541,3.5999999046325684,3.700000047683716,6000,0.0,0.0
2023-03-20 00:00:00-04:00,3.700000047683716,3.809999942779541,3.700000047683716,3.7100000381469727,3200,0.0,0.0
2023-03-21 00:00:00-04:00,3.950000047683716,3.950000047683716,3.7100000381469727,3.7100000381469727,6000,0.0,0.0
2023-03-22 00:00:00-04:00,3.799999952316284,3.8499999046325684,3.609999895095825,3.7100000381469727,9300,0.0,0.0
2023-03-23 00:00:00-04:00,3.549999952316284,3.6700000762939453,3.4700000286102295,3.5199999809265137,4200,0.0,0.0
2023-03-24 00:00:00-04:00,3.25,3.490000009536743,3.25,3.4200000762939453,4700,0.0,0.0
2023-03-27 00:00:00-04:00,3.359999895095825,3.5999999046325684,3.3399999141693115,3.5999999046325684,9200,0.0,0.0
2023-03-28 00:00:00-04:00,3.509999990463257,3.609999895095825,3.509999990463257,3.5899999141693115,5900,0.0,0.0
2023-03-29 00:00:00-04:00,3.6700000762939453,3.6700000762939453,3.549999952316284,3.569999933242798,2700,0.0,0.0
2023-03-30 00:00:00-04:00,3.630000114440918,3.630000114440918,3.3499999046325684,3.5299999713897705,17000,0.0,0.0
2023-03-31 00:00:00-04:00,3.549999952316284,3.740000009536743,3.5199999809265137,3.6500000953674316,6100,0.0,0.0
2023-04-03 00:00:00-04:00,3.6600000858306885,3.700000047683716,3.359999895095825,3.359999895095825,10600,0.0,0.0
2023-04-04 00:00:00-04:00,3.4100000858306885,3.5899999141693115,3.4100000858306885,3.5899999141693115,1900,0.0,0.0
2023-04-05 00:00:00-04:00,3.549999952316284,3.7200000286102295,3.4100000858306885,3.5,11900,0.0,0.0
2023-04-06 00:00:00-04:00,3.509999990463257,3.5299999713897705,3.190000057220459,3.299999952316284,15700,0.0,0.0
2023-04-10 00:00:00-04:00,3.299999952316284,3.4700000286102295,3.2300000190734863,3.240000009536743,6800,0.0,0.0
2023-04-11 00:00:00-04:00,3.190000057220459,3.369999885559082,3.190000057220459,3.3499999046325684,2200,0.0,0.0
2023-04-12 00:00:00-04:00,3.2699999809265137,3.4700000286102295,3.2699999809265137,3.359999895095825,4300,0.0,0.0
2023-04-13 00:00:00-04:00,3.4200000762939453,3.4200000762939453,3.319999933242798,3.319999933242798,2500,0.0,0.0
2023-04-14 00:00:00-04:00,3.380000114440918,3.490000009536743,3.190000057220459,3.240000009536743,9800,0.0,0.0
2023-04-17 00:00:00-04:00,3.359999895095825,3.359999895095825,3.190000057220459,3.309999942779541,5800,0.0,0.0
2023-04-18 00:00:00-04:00,3.3299999237060547,3.3299999237060547,3.2300000190734863,3.2300000190734863,8400,0.0,0.0
2023-04-19 00:00:00-04:00,3.309999942779541,3.3399999141693115,3.25,3.299999952316284,1800,0.0,0.0
2023-04-20 00:00:00-04:00,3.2799999713897705,3.299999952316284,3.2799999713897705,3.299999952316284,1000,0.0,0.0
2023-04-21 00:00:00-04:00,3.309999942779541,3.369999885559082,3.299999952316284,3.299999952316284,1500,0.0,0.0
2023-04-24 00:00:00-04:00,3.299999952316284,3.3299999237060547,3.200000047683716,3.200000047683716,5200,0.0,0.0
2023-04-25 00:00:00-04:00,3.200000047683716,3.240000009536743,3.190000057220459,3.240000009536743,2700,0.0,0.0
2023-04-26 00:00:00-04:00,3.259999990463257,3.259999990463257,3.1500000953674316,3.2200000286102295,3200,0.0,0.0
2023-04-27 00:00:00-04:00,3.1500000953674316,3.299999952316284,3.009999990463257,3.25,34500,0.0,0.0
2023-04-28 00:00:00-04:00,3.3399999141693115,3.3399999141693115,3.240000009536743,3.2899999618530273,6700,0.0,0.0
2023-05-01 00:00:00-04:00,3.180000066757202,3.430000066757202,3.180000066757202,3.3399999141693115,2100,0.0,0.0
2023-05-02 00:00:00-04:00,3.4000000953674316,3.4000000953674316,3.180000066757202,3.2300000190734863,5700,0.0,0.0
2023-05-03 00:00:00-04:00,3.140000104904175,3.319999933242798,3.0299999713897705,3.049999952316284,10900,0.0,0.0
2023-05-04 00:00:00-04:00,3.200000047683716,3.200000047683716,3.0199999809265137,3.0199999809265137,4200,0.0,0.0
2023-05-05 00:00:00-04:00,3.140000104904175,3.309999942779541,3.119999885559082,3.309999942779541,4100,0.0,0.0
2023-05-08 00:00:00-04:00,3.299999952316284,3.299999952316284,3.190000057220459,3.190000057220459,4500,0.0,0.0
2023-05-09 00:00:00-04:00,3.180000066757202,3.180000066757202,3.130000114440918,3.130000114440918,7900,0.0,0.0
2023-05-10 00:00:00-04:00,3.2799999713897705,3.299999952316284,3.140000104904175,3.299999952316284,10400,0.0,0.0
2023-05-11 00:00:00-04:00,3.4000000953674316,3.4000000953674316,3.1500000953674316,3.299999952316284,8500,0.0,0.0
2023-05-12 00:00:00-04:00,3.25,3.25,3.109999895095825,3.1500000953674316,4900,0.0,0.0
2023-05-15 00:00:00-04:00,3.259999990463257,3.319999933242798,3.25,3.259999990463257,1900,0.0,0.0
2023-05-16 00:00:00-04:00,3.2699999809265137,3.4100000858306885,3.2699999809265137,3.369999885559082,7300,0.0,0.0
2023-05-17 00:00:00-04:00,3.4800000190734863,3.6700000762939453,3.4000000953674316,3.5299999713897705,7000,0.0,0.0
2023-05-18 00:00:00-04:00,3.4100000858306885,3.559999942779541,3.4100000858306885,3.450000047683716,5000,0.0,0.0
2023-05-19 00:00:00-04:00,3.7200000286102295,3.7200000286102295,3.509999990463257,3.549999952316284,3100,0.0,0.0
2023-05-22 00:00:00-04:00,3.549999952316284,3.5799999237060547,3.4600000381469727,3.5,6400,0.0,0.0
2023-05-23 00:00:00-04:00,3.569999933242798,3.569999933242798,3.5399999618530273,3.5399999618530273,800,0.0,0.0
2023-05-24 00:00:00-04:00,3.7899999618530273,3.940000057220459,3.690000057220459,3.8399999141693115,19300,0.0,0.0
2023-05-25 00:00:00-04:00,3.819999933242798,3.9000000953674316,3.7799999713897705,3.7799999713897705,4900,0.0,0.0
2023-05-26 00:00:00-04:00,3.7100000381469727,3.869999885559082,3.569999933242798,3.759999990463257,17100,0.0,0.0
2023-05-30 00:00:00-04:00,3.7899999618530273,3.8399999141693115,3.6700000762939453,3.6700000762939453,2700,0.0,0.0
2023-05-31 00:00:00-04:00,3.759999990463257,3.809999942779541,3.759999990463257,3.809999942779541,1400,0.0,0.0
2023-06-01 00:00:00-04:00,3.7799999713897705,3.859999895095825,3.7799999713897705,3.859999895095825,2200,0.0,0.0
2023-06-02 00:00:00-04:00,3.75,4.380000114440918,3.75,4.269999980926514,22000,0.0,0.0
2023-06-05 00:00:00-04:00,4.449999809265137,4.460000038146973,4.079999923706055,4.210000038146973,4400,0.0,0.0
2023-06-06 00:00:00-04:00,4.150000095367432,4.210000038146973,4.139999866485596,4.210000038146973,2400,0.0,0.0
2023-06-07 00:00:00-04:00,4.289999961853027,4.369999885559082,4.289999961853027,4.369999885559082,1800,0.0,0.0
2023-06-08 00:00:00-04:00,4.400000095367432,4.400000095367432,4.170000076293945,4.210000038146973,5600,0.0,0.0
2023-06-09 00:00:00-04:00,4.300000190734863,4.389999866485596,4.300000190734863,4.309999942779541,2200,0.0,0.0
2023-06-12 00:00:00-04:00,4.389999866485596,4.389999866485596,4.28000020980835,4.369999885559082,2200,0.0,0.0
2023-06-13 00:00:00-04:00,4.440000057220459,4.440000057220459,4.309999942779541,4.340000152587891,4200,0.0,0.0
2023-06-14 00:00:00-04:00,4.480000019073486,4.480000019073486,4.28000020980835,4.309999942779541,4700,0.0,0.0
2023-06-15 00:00:00-04:00,4.309999942779541,4.429999828338623,4.309999942779541,4.369999885559082,1900,0.0,0.0
2023-06-16 00:00:00-04:00,4.320000171661377,4.409999847412109,4.309999942779541,4.380000114440918,8000,0.0,0.0
2023-06-20 00:00:00-04:00,4.320000171661377,4.400000095367432,4.289999961853027,4.289999961853027,700,0.0,0.0
2023-06-21 00:00:00-04:00,4.309999942779541,4.46999979019165,4.309999942779541,4.409999847412109,4600,0.0,0.0
2023-06-22 00:00:00-04:00,4.429999828338623,4.429999828338623,4.230000019073486,4.230000019073486,1100,0.0,0.0
2023-06-23 00:00:00-04:00,4.289999961853027,4.420000076293945,4.289999961853027,4.420000076293945,10200,0.0,0.0
2023-06-26 00:00:00-04:00,4.409999847412109,4.619999885559082,4.409999847412109,4.619999885559082,6100,0.0,0.0
2023-06-27 00:00:00-04:00,4.699999809265137,4.71999979019165,4.519999980926514,4.610000133514404,6500,0.0,0.0
2023-06-28 00:00:00-04:00,4.659999847412109,4.679999828338623,4.650000095367432,4.650000095367432,3600,0.0,0.0
2023-06-29 00:00:00-04:00,4.679999828338623,4.900000095367432,4.670000076293945,4.809999942779541,6000,0.0,0.0
2023-06-30 00:00:00-04:00,4.840000152587891,5.159999847412109,4.820000171661377,5.03000020980835,8900,0.0,0.0
2023-07-03 00:00:00-04:00,5.130000114440918,5.130000114440918,4.940000057220459,5.070000171661377,1500,0.0,0.0
2023-07-05 00:00:00-04:00,5.170000076293945,5.349999904632568,5.090000152587891,5.269999980926514,11700,0.0,0.0
2023-07-06 00:00:00-04:00,5.239999771118164,5.25,5.130000114440918,5.150000095367432,2800,0.0,0.0
2023-07-07 00:00:00-04:00,5.21999979019165,5.340000152587891,5.21999979019165,5.340000152587891,1800,0.0,0.0
2023-07-10 00:00:00-04:00,5.28000020980835,5.28000020980835,5.230000019073486,5.230000019073486,3000,0.0,0.0
2023-07-11 00:00:00-04:00,5.199999809265137,5.409999847412109,5.199999809265137,5.300000190734863,4300,0.0,0.0
2023-07-12 00:00:00-04:00,5.329999923706055,5.329999923706055,5.320000171661377,5.320000171661377,1800,0.0,0.0
2023-07-13 00:00:00-04:00,5.230000019073486,5.349999904632568,5.21999979019165,5.269999980926514,3100,0.0,0.0
2023-07-14 00:00:00-04:00,5.239999771118164,5.25,5.239999771118164,5.25,1200,0.0,0.0
2023-07-17 00:00:00-04:00,5.260000228881836,5.340000152587891,5.130000114440918,5.139999866485596,4600,0.0,0.0
2023-07-18 00:00:00-04:00,5.130000114440918,5.389999866485596,4.769999980926514,4.789999961853027,9900,0.0,0.0
2023-07-19 00:00:00-04:00,4.820000171661377,4.920000076293945,4.71999979019165,4.809999942779541,3400,0.0,0.0
2023-07-20 00:00:00-04:00,4.78000020980835,4.78000020980835,4.340000152587891,4.420000076293945,13700,0.0,0.0
2023-07-21 00:00:00-04:00,4.460000038146973,4.460000038146973,4.320000171661377,4.409999847412109,4200,0.0,0.0
2023-07-24 00:00:00-04:00,4.440000057220459,4.619999885559082,4.289999961853027,4.429999828338623,5700,0.0,0.0
2023-07-25 00:00:00-04:00,4.329999923706055,4.5,4.210000038146973,4.210000038146973,4500,0.0,0.0
2023-07-26 00:00:00-04:00,4.230000019073486,4.230000019073486,4.099999904632568,4.130000114440918,2200,0.0,0.0
2023-07-27 00:00:00-04:00,4.190000057220459,4.300000190734863,4.190000057220459,4.300000190734863,1900,0.0,0.0
2023-07-28 00:00:00-04:00,4.110000133514404,4.480000019073486,4.110000133514404,4.119999885559082,3000,0.0,0.0
2023-07-31 00:00:00-04:00,4.159999847412109,4.420000076293945,4.159999847412109,4.21999979019165,7200,0.0,0.0
2023-08-01 00:00:00-04:00,4.400000095367432,4.409999847412109,4.269999980926514,4.320000171661377,1200,0.0,0.0
2023-08-02 00:00:00-04:00,4.25,4.289999961853027,3.8499999046325684,4.159999847412109,6100,0.0,0.0
2023-08-03 00:00:00-04:00,4.070000171661377,4.480000019073486,4.070000171661377,4.199999809265137,5700,0.0,0.0
2023-08-04 00:00:00-04:00,4.090000152587891,4.349999904632568,4.079999923706055,4.139999866485596,8200,0.0,0.0
2023-08-07 00:00:00-04:00,4.150000095367432,4.329999923706055,4.070000171661377,4.079999923706055,4200,0.0,0.0
2023-08-08 00:00:00-04:00,4.050000190734863,4.170000076293945,4.050000190734863,4.050000190734863,900,0.0,0.0
2023-08-09 00:00:00-04:00,4.079999923706055,4.429999828338623,3.890000104904175,4.340000152587891,13100,0.0,0.0
2023-08-10 00:00:00-04:00,4.159999847412109,4.389999866485596,4.050000190734863,4.150000095367432,9600,0.0,0.0
2023-08-11 00:00:00-04:00,4.130000114440918,4.269999980926514,4.130000114440918,4.239999771118164,3800,0.0,0.0
2023-08-14 00:00:00-04:00,4.199999809265137,4.199999809265137,4.150000095367432,4.159999847412109,1300,0.0,0.0
2023-08-15 00:00:00-04:00,4.28000020980835,4.28000020980835,4.150000095367432,4.150000095367432,3600,0.0,0.0
2023-08-16 00:00:00-04:00,4.150000095367432,4.159999847412109,4.050000190734863,4.150000095367432,7300,0.0,0.0
2023-08-17 00:00:00-04:00,4.320000171661377,4.829999923706055,4.139999866485596,4.460000038146973,34200,0.0,0.0
2023-08-18 00:00:00-04:00,4.590000152587891,6.400000095367432,4.409999847412109,5.110000133514404,1090500,0.0,0.0
2023-08-21 00:00:00-04:00,5.0,5.940000057220459,4.440000057220459,5.25,156400,0.0,0.0
2023-08-22 00:00:00-04:00,5.25,5.960000038146973,4.840000152587891,5.429999828338623,126000,0.0,0.0
2023-08-23 00:00:00-04:00,5.099999904632568,5.400000095367432,4.949999809265137,5.300000190734863,17300,0.0,0.0
2023-08-24 00:00:00-04:00,5.340000152587891,5.769999980926514,4.96999979019165,5.190000057220459,78100,0.0,0.0
2023-08-25 00:00:00-04:00,5.199999809265137,5.239999771118164,4.880000114440918,5.079999923706055,20500,0.0,0.0
2023-08-28 00:00:00-04:00,4.96999979019165,5.110000133514404,4.96999979019165,4.980000019073486,7400,0.0,0.0
2023-08-29 00:00:00-04:00,4.860000133514404,5.349999904632568,4.590000152587891,4.650000095367432,90500,0.0,0.0
2023-08-30 00:00:00-04:00,4.679999828338623,4.739999771118164,4.659999847412109,4.659999847412109,1300,0.0,0.0
2023-08-31 00:00:00-04:00,4.809999942779541,4.900000095367432,4.329999923706055,4.409999847412109,38500,0.0,0.0
2023-09-01 00:00:00-04:00,4.309999942779541,5.050000190734863,4.21999979019165,4.400000095367432,21800,0.0,0.0
2023-09-05 00:00:00-04:00,4.309999942779541,4.440000057220459,4.309999942779541,4.320000171661377,4100,0.0,0.0
2023-09-06 00:00:00-04:00,4.429999828338623,4.440000057220459,4.159999847412109,4.21999979019165,17600,0.0,0.0
2023-09-07 00:00:00-04:00,4.110000133514404,4.349999904632568,3.950000047683716,4.079999923706055,41300,0.0,0.0
2023-09-08 00:00:00-04:00,4.090000152587891,4.440000057220459,3.930000066757202,4.090000152587891,37300,0.0,0.0
2023-09-11 00:00:00-04:00,4.25,4.309999942779541,4.099999904632568,4.190000057220459,7400,0.0,0.0
2023-09-12 00:00:00-04:00,4.25,4.570000171661377,4.25,4.269999980926514,8700,0.0,0.0
2023-09-13 00:00:00-04:00,4.230000019073486,4.599999904632568,4.170000076293945,4.269999980926514,13800,0.0,0.0
2023-09-14 00:00:00-04:00,4.25,4.619999885559082,4.25,4.349999904632568,3000,0.0,0.0
2023-09-15 00:00:00-04:00,4.380000114440918,4.619999885559082,4.230000019073486,4.400000095367432,23600,0.0,0.0
2023-09-18 00:00:00-04:00,4.5,4.559999942779541,4.309999942779541,4.349999904632568,13900,0.0,0.0
2023-09-19 00:00:00-04:00,4.269999980926514,4.460000038146973,4.090000152587891,4.389999866485596,8100,0.0,0.0
2023-09-20 00:00:00-04:00,4.320000171661377,4.880000114440918,4.179999828338623,4.380000114440918,36400,0.0,0.0
2023-09-21 00:00:00-04:00,4.210000038146973,4.210000038146973,4.079999923706055,4.130000114440918,1900,0.0,0.0
2023-09-22 00:00:00-04:00,4.21999979019165,4.449999809265137,4.190000057220459,4.239999771118164,23300,0.0,0.0
2023-09-25 00:00:00-04:00,4.130000114440918,4.440000057220459,4.110000133514404,4.21999979019165,36900,0.0,0.0
2023-09-26 00:00:00-04:00,4.480000019073486,4.480000019073486,4.059999942779541,4.199999809265137,4200,0.0,0.0
2023-09-27 00:00:00-04:00,4.449999809265137,4.449999809265137,4.099999904632568,4.159999847412109,3500,0.0,0.0
2023-09-28 00:00:00-04:00,4.300000190734863,4.349999904632568,4.28000020980835,4.349999904632568,900,0.0,0.0
2023-09-29 00:00:00-04:00,4.380000114440918,4.570000171661377,4.25,4.25,42600,0.0,0.0
2023-10-02 00:00:00-04:00,4.320000171661377,4.349999904632568,4.199999809265137,4.28000020980835,12800,0.0,0.0
2023-10-03 00:00:00-04:00,4.25,4.329999923706055,4.170000076293945,4.179999828338623,23000,0.0,0.0
2023-10-04 00:00:00-04:00,4.260000228881836,4.300000190734863,4.070000171661377,4.190000057220459,63000,0.0,0.0
2023-10-05 00:00:00-04:00,4.519999980926514,4.53000020980835,4.360000133514404,4.360000133514404,3700,0.0,0.0
2023-10-06 00:00:00-04:00,4.269999980926514,4.369999885559082,4.119999885559082,4.269999980926514,22800,0.0,0.0
2023-10-09 00:00:00-04:00,4.840000152587891,4.840000152587891,4.21999979019165,4.340000152587891,10300,0.0,0.0
2023-10-10 00:00:00-04:00,4.380000114440918,4.699999809265137,4.050000190734863,4.349999904632568,33100,0.0,0.0
2023-10-11 00:00:00-04:00,4.179999828338623,4.440000057220459,4.079999923706055,4.119999885559082,18900,0.0,0.0
2023-10-12 00:00:00-04:00,4.5,4.5,4.03000020980835,4.099999904632568,3900,0.0,0.0
2023-10-13 00:00:00-04:00,4.159999847412109,4.210000038146973,4.159999847412109,4.210000038146973,2900,0.0,0.0
2023-10-16 00:00:00-04:00,4.21999979019165,4.309999942779541,4.159999847412109,4.170000076293945,4800,0.0,0.0
2023-10-17 00:00:00-04:00,4.239999771118164,4.239999771118164,4.150000095367432,4.150000095367432,3500,0.0,0.0
2023-10-18 00:00:00-04:00,4.150000095367432,4.190000057220459,4.039999961853027,4.159999847412109,6900,0.0,0.0
2023-10-19 00:00:00-04:00,4.159999847412109,4.179999828338623,4.159999847412109,4.179999828338623,1300,0.0,0.0
2023-10-20 00:00:00-04:00,4.070000171661377,4.070000171661377,4.070000171661377,4.070000171661377,600,0.0,0.0
2023-10-23 00:00:00-04:00,4.260000228881836,4.260000228881836,4.159999847412109,4.199999809265137,1100,0.0,0.0
2023-10-24 00:00:00-04:00,4.119999885559082,4.239999771118164,4.039999961853027,4.239999771118164,1400,0.0,0.0
2023-10-25 00:00:00-04:00,4.159999847412109,4.300000190734863,4.119999885559082,4.300000190734863,3900,0.0,0.0
2023-10-26 00:00:00-04:00,4.239999771118164,4.239999771118164,4.239999771118164,4.239999771118164,400,0.0,0.0
2023-10-27 00:00:00-04:00,4.349999904632568,4.510000228881836,4.110000133514404,4.46999979019165,10800,0.0,0.0
2023-10-30 00:00:00-04:00,4.46999979019165,4.46999979019165,4.420000076293945,4.420000076293945,800,0.0,0.0
2023-10-31 00:00:00-04:00,4.820000171661377,5.289999961853027,4.78000020980835,5.0,25900,0.0,0.0
2023-11-01 00:00:00-04:00,4.900000095367432,4.96999979019165,4.679999828338623,4.699999809265137,8500,0.0,0.0
2023-11-02 00:00:00-04:00,4.78000020980835,4.949999809265137,4.699999809265137,4.940000057220459,7700,0.0,0.0
2023-11-03 00:00:00-04:00,5.119999885559082,5.130000114440918,4.650000095367432,4.650000095367432,4800,0.0,0.0
2023-11-06 00:00:00-05:00,4.710000038146973,4.71999979019165,4.650000095367432,4.650000095367432,1800,0.0,0.0
2023-11-07 00:00:00-05:00,4.670000076293945,4.679999828338623,4.550000190734863,4.570000171661377,2200,0.0,0.0
2023-11-08 00:00:00-05:00,4.559999942779541,4.559999942779541,4.550000190734863,4.550000190734863,1100,0.0,0.0
2023-11-09 00:00:00-05:00,4.789999961853027,4.96999979019165,4.579999923706055,4.690000057220459,2100,0.0,0.0
2023-11-10 00:00:00-05:00,4.610000133514404,4.679999828338623,4.510000228881836,4.679999828338623,4500,0.0,0.0
2023-11-13 00:00:00-05:00,4.909999847412109,4.909999847412109,4.909999847412109,4.909999847412109,5400,0.0,0.0
2023-11-14 00:00:00-05:00,4.800000190734863,4.909999847412109,4.789999961853027,4.909999847412109,2000,0.0,0.0
2023-11-15 00:00:00-05:00,4.920000076293945,4.920000076293945,4.920000076293945,4.920000076293945,300,0.0,0.0
2023-11-16 00:00:00-05:00,4.96999979019165,4.96999979019165,4.920000076293945,4.920000076293945,3200,0.0,0.0
2023-11-17 00:00:00-05:00,4.760000228881836,4.78000020980835,4.659999847412109,4.659999847412109,1600,0.0,0.0
2023-11-20 00:00:00-05:00,4.75,4.75,4.670000076293945,4.670000076293945,1700,0.0,0.0
2023-11-21 00:00:00-05:00,4.630000114440918,4.630000114440918,4.449999809265137,4.449999809265137,900,0.0,0.0
2023-11-22 00:00:00-05:00,4.710000038146973,4.710000038146973,4.46999979019165,4.46999979019165,3300,0.0,0.0
2023-11-24 00:00:00-05:00,4.630000114440918,4.730000019073486,4.630000114440918,4.730000019073486,1000,0.0,0.0
2023-11-27 00:00:00-05:00,4.730000019073486,4.730000019073486,4.429999828338623,4.510000228881836,2800,0.0,0.0
2023-11-28 00:00:00-05:00,4.599999904632568,4.610000133514404,4.599999904632568,4.610000133514404,800,0.0,0.0
2023-11-29 00:00:00-05:00,4.619999885559082,4.639999866485596,4.539999961853027,4.539999961853027,1900,0.0,0.0
2023-11-30 00:00:00-05:00,4.539999961853027,4.539999961853027,4.539999961853027,4.539999961853027,100,0.0,0.0
2023-12-01 00:00:00-05:00,4.590000152587891,4.699999809265137,4.550000190734863,4.670000076293945,1100,0.0,0.0
2023-12-04 00:00:00-05:00,4.71999979019165,4.71999979019165,4.71999979019165,4.71999979019165,700,0.0,0.0
2023-12-05 00:00:00-05:00,4.5,4.71999979019165,4.5,4.71999979019165,700,0.0,0.0
2023-12-06 00:00:00-05:00,4.739999771118164,4.75,4.53000020980835,4.75,10000,0.0,0.0
2023-12-07 00:00:00-05:00,4.510000228881836,4.710000038146973,4.5,4.5,2200,0.0,0.0
2023-12-08 00:00:00-05:00,4.570000171661377,4.650000095367432,4.570000171661377,4.619999885559082,5900,0.0,0.0
2023-12-11 00:00:00-05:00,4.380000114440918,4.559999942779541,4.380000114440918,4.559999942779541,1300,0.0,0.0
2023-12-12 00:00:00-05:00,4.369999885559082,4.519999980926514,4.320000171661377,4.380000114440918,1800,0.0,0.0
2023-12-13 00:00:00-05:00,4.619999885559082,4.619999885559082,4.329999923706055,4.429999828338623,4500,0.0,0.0
2023-12-14 00:00:00-05:00,4.480000019073486,4.480000019073486,4.480000019073486,4.480000019073486,400,0.0,0.0
2023-12-15 00:00:00-05:00,4.5,4.5,4.340000152587891,4.340000152587891,1400,0.0,0.0
2023-12-18 00:00:00-05:00,4.309999942779541,4.309999942779541,4.179999828338623,4.179999828338623,900,0.0,0.0
2023-12-19 00:00:00-05:00,4.199999809265137,4.400000095367432,4.150000095367432,4.25,42100,0.0,0.0
2023-12-20 00:00:00-05:00,4.239999771118164,4.309999942779541,4.150000095367432,4.309999942779541,12500,0.0,0.0
2023-12-21 00:00:00-05:00,4.309999942779541,4.309999942779541,4.309999942779541,4.309999942779541,0,0.0,0.0
2023-12-22 00:00:00-05:00,4.309999942779541,4.309999942779541,4.309999942779541,4.309999942779541,500,0.0,0.0
2023-12-26 00:00:00-05:00,4.260000228881836,4.260000228881836,4.230000019073486,4.25,800,0.0,0.0
2023-12-27 00:00:00-05:00,4.25,4.25,4.25,4.25,500,0.0,0.0
2023-12-28 00:00:00-05:00,4.150000095367432,4.25,4.150000095367432,4.25,4100,0.0,0.0
2023-12-29 00:00:00-05:00,4.159999847412109,4.199999809265137,4.150000095367432,4.150000095367432,8500,0.0,0.0
2024-01-02 00:00:00-05:00,4.179999828338623,4.190000057220459,4.170000076293945,4.170000076293945,3400,0.0,0.0
2024-01-03 00:00:00-05:00,4.179999828338623,4.190000057220459,4.159999847412109,4.190000057220459,1800,0.0,0.0
2024-01-04 00:00:00-05:00,4.159999847412109,4.190000057220459,4.150000095367432,4.190000057220459,2500,0.0,0.0
2024-01-05 00:00:00-05:00,4.190000057220459,4.190000057220459,4.190000057220459,4.190000057220459,0,0.0,0.0
2024-01-08 00:00:00-05:00,4.159999847412109,4.159999847412109,4.130000114440918,4.130000114440918,8700,0.0,0.0
2024-01-09 00:00:00-05:00,4.139999866485596,4.139999866485596,4.139999866485596,4.139999866485596,300,0.0,0.0
2024-01-10 00:00:00-05:00,4.099999904632568,4.139999866485596,4.079999923706055,4.139999866485596,1400,0.0,0.0
2024-01-11 00:00:00-05:00,4.199999809265137,4.289999961853027,4.110000133514404,4.110000133514404,7300,0.0,0.0
2024-01-12 00:00:00-05:00,4.150000095367432,4.239999771118164,4.110000133514404,4.199999809265137,3500,0.0,0.0
2024-01-16 00:00:00-05:00,4.199999809265137,4.199999809265137,4.199999809265137,4.199999809265137,0,0.0,0.0
2024-01-17 00:00:00-05:00,4.190000057220459,4.239999771118164,4.190000057220459,4.190000057220459,2300,0.0,0.0
2024-01-18 00:00:00-05:00,4.190000057220459,4.190000057220459,4.190000057220459,4.190000057220459,0,0.0,0.0
2024-01-19 00:00:00-05:00,4.079999923706055,4.079999923706055,4.079999923706055,4.079999923706055,700,0.0,0.0
2024-01-22 00:00:00-05:00,4.210000038146973,4.210000038146973,4.090000152587891,4.090000152587891,1400,0.0,0.0
2024-01-23 00:00:00-05:00,4.090000152587891,4.159999847412109,4.079999923706055,4.079999923706055,1400,0.0,0.0
2024-01-24 00:00:00-05:00,4.119999885559082,4.190000057220459,4.050000190734863,4.050000190734863,1900,0.0,0.0
2024-01-25 00:00:00-05:00,4.010000228881836,4.059999942779541,3.950000047683716,4.050000190734863,3800,0.0,0.0
2024-01-26 00:00:00-05:00,4.070000171661377,4.070000171661377,4.019999980926514,4.070000171661377,1500,0.0,0.0
2024-01-29 00:00:00-05:00,4.46999979019165,4.559999942779541,4.130000114440918,4.559999942779541,44300,0.0,0.0
2024-01-30 00:00:00-05:00,4.449999809265137,4.75,4.210000038146973,4.690000057220459,6800,0.0,0.0
2024-01-31 00:00:00-05:00,4.599999904632568,4.599999904632568,4.300000190734863,4.300000190734863,3200,0.0,0.0
2024-02-01 00:00:00-05:00,4.300000190734863,4.300000190734863,4.300000190734863,4.300000190734863,0,0.0,0.0
2024-02-02 00:00:00-05:00,4.829999923706055,4.829999923706055,4.420000076293945,4.670000076293945,2400,0.0,0.0
2024-02-05 00:00:00-05:00,4.25,4.25,4.210000038146973,4.25,14200,0.0,0.0
2024-02-06 00:00:00-05:00,4.340000152587891,4.619999885559082,4.25,4.619999885559082,6000,0.0,0.0
2024-02-07 00:00:00-05:00,4.619999885559082,4.619999885559082,4.619999885559082,4.619999885559082,300,0.0,0.0
2024-02-08 00:00:00-05:00,4.369999885559082,4.420000076293945,4.369999885559082,4.420000076293945,1800,0.0,0.0
2024-02-09 00:00:00-05:00,4.510000228881836,4.730000019073486,4.5,4.730000019073486,3700,0.0,0.0
2024-02-12 00:00:00-05:00,4.570000171661377,4.570000171661377,4.349999904632568,4.349999904632568,2100,0.0,0.0
2024-02-13 00:00:00-05:00,4.659999847412109,4.659999847412109,4.21999979019165,4.239999771118164,3000,0.0,0.0
2024-02-14 00:00:00-05:00,4.639999866485596,4.639999866485596,4.519999980926514,4.519999980926514,800,0.0,0.0
2024-02-15 00:00:00-05:00,4.5,4.510000228881836,4.300000190734863,4.340000152587891,2400,0.0,0.0
2024-02-16 00:00:00-05:00,4.460000038146973,4.460000038146973,4.460000038146973,4.460000038146973,300,0.0,0.0
2024-02-20 00:00:00-05:00,4.329999923706055,4.329999923706055,4.329999923706055,4.329999923706055,200,0.0,0.0
2024-02-21 00:00:00-05:00,4.519999980926514,4.519999980926514,4.349999904632568,4.349999904632568,700,0.0,0.0
2024-02-22 00:00:00-05:00,4.349999904632568,4.349999904632568,4.349999904632568,4.349999904632568,0,0.0,0.0
2024-02-23 00:00:00-05:00,4.21999979019165,4.570000171661377,4.21999979019165,4.28000020980835,5300,0.0,0.0
2024-02-26 00:00:00-05:00,4.079999923706055,4.349999904632568,4.079999923706055,4.170000076293945,1800,0.0,0.0
2024-02-27 00:00:00-05:00,4.239999771118164,4.329999923706055,3.9700000286102295,3.9800000190734863,15300,0.0,0.0
2024-02-28 00:00:00-05:00,3.990000009536743,4.130000114440918,3.9800000190734863,3.9800000190734863,11400,0.0,0.0
2024-02-29 00:00:00-05:00,4.289999961853027,4.289999961853027,4.199999809265137,4.199999809265137,1000,0.0,0.0
2024-03-01 00:00:00-05:00,4.019999980926514,4.03000020980835,4.019999980926514,4.03000020980835,1700,0.0,0.0
2024-03-04 00:00:00-05:00,4.0,4.210000038146973,4.0,4.179999828338623,2300,0.0,0.0
2024-03-05 00:00:00-05:00,4.019999980926514,4.019999980926514,4.019999980926514,4.019999980926514,600,0.0,0.0
2024-03-06 00:00:00-05:00,4.170000076293945,4.510000228881836,4.170000076293945,4.489999771118164,3400,0.0,0.0
2024-03-07 00:00:00-05:00,4.420000076293945,4.539999961853027,4.019999980926514,4.019999980926514,12500,0.0,0.0
2024-03-08 00:00:00-05:00,4.269999980926514,4.269999980926514,4.019999980926514,4.050000190734863,6300,0.0,0.0
2024-03-11 00:00:00-04:00,4.059999942779541,4.190000057220459,4.050000190734863,4.050000190734863,11300,0.0,0.0
2024-03-12 00:00:00-04:00,4.050000190734863,4.050000190734863,3.9700000286102295,3.9700000286102295,1800,0.0,0.0
2024-03-13 00:00:00-04:00,4.159999847412109,4.210000038146973,4.019999980926514,4.019999980926514,8000,0.0,0.0
2024-03-14 00:00:00-04:00,4.019999980926514,4.110000133514404,4.019999980926514,4.03000020980835,2000,0.0,0.0
2024-03-15 00:00:00-04:00,3.9700000286102295,4.110000133514404,3.9700000286102295,4.110000133514404,6000,0.0,0.0
2024-03-18 00:00:00-04:00,3.9800000190734863,4.190000057220459,3.9800000190734863,3.9800000190734863,2800,0.0,0.0
2024-03-19 00:00:00-04:00,4.0,4.199999809265137,3.9800000190734863,3.9800000190734863,11100,0.0,0.0
2024-03-20 00:00:00-04:00,4.0,4.159999847412109,3.9800000190734863,4.159999847412109,12600,0.0,0.0
2024-03-21 00:00:00-04:00,4.130000114440918,4.199999809265137,4.059999942779541,4.059999942779541,5100,0.0,0.0
2024-03-22 00:00:00-04:00,4.059999942779541,4.199999809265137,4.0,4.119999885559082,11200,0.0,0.0
2024-03-25 00:00:00-04:00,4.059999942779541,4.130000114440918,4.03000020980835,4.059999942779541,6000,0.0,0.0
2024-03-26 00:00:00-04:00,4.059999942779541,4.130000114440918,4.059999942779541,4.130000114440918,1900,0.0,0.0
2024-03-27 00:00:00-04:00,4.179999828338623,4.289999961853027,4.03000020980835,4.289999961853027,15500,0.0,0.0
2024-03-28 00:00:00-04:00,4.159999847412109,4.210000038146973,4.159999847412109,4.210000038146973,900,0.0,0.0
2024-04-01 00:00:00-04:00,4.070000171661377,4.210000038146973,4.070000171661377,4.190000057220459,3700,0.0,0.0
2024-04-02 00:00:00-04:00,4.289999961853027,4.349999904632568,4.050000190734863,4.190000057220459,7500,0.0,0.0
2024-04-03 00:00:00-04:00,4.380000114440918,4.380000114440918,4.179999828338623,4.260000228881836,1400,0.0,0.0
2024-04-04 00:00:00-04:00,4.349999904632568,4.349999904632568,4.099999904632568,4.130000114440918,6500,0.0,0.0
2024-04-05 00:00:00-04:00,4.210000038146973,4.210000038146973,4.050000190734863,4.199999809265137,2500,0.0,0.0
2024-04-08 00:00:00-04:00,4.050000190734863,4.21999979019165,4.010000228881836,4.179999828338623,8500,0.0,0.0
2024-04-09 00:00:00-04:00,4.019999980926514,4.170000076293945,3.9800000190734863,4.03000020980835,4600,0.0,0.0
2024-04-10 00:00:00-04:00,3.990000009536743,4.010000228881836,3.990000009536743,3.990000009536743,1200,0.0,0.0
2024-04-11 00:00:00-04:00,3.950000047683716,3.9800000190734863,3.950000047683716,3.9800000190734863,1400,0.0,0.0
2024-04-12 00:00:00-04:00,3.990000009536743,4.0,3.9700000286102295,3.9800000190734863,800,0.0,0.0
2024-04-15 00:00:00-04:00,3.9800000190734863,3.9800000190734863,3.9800000190734863,3.9800000190734863,0,0.0,0.0
2024-04-16 00:00:00-04:00,3.9800000190734863,4.050000190734863,3.950000047683716,4.010000228881836,4200,0.0,0.0
2024-04-17 00:00:00-04:00,4.119999885559082,4.119999885559082,4.119999885559082,4.119999885559082,1100,0.0,0.0
2024-04-18 00:00:00-04:00,4.090000152587891,4.119999885559082,4.079999923706055,4.119999885559082,3600,0.0,0.0
2024-04-19 00:00:00-04:00,4.179999828338623,4.179999828338623,4.010000228881836,4.010000228881836,1500,0.0,0.0
2024-04-22 00:00:00-04:00,4.070000171661377,4.179999828338623,4.070000171661377,4.110000133514404,4300,0.0,0.0
2024-04-23 00:00:00-04:00,4.139999866485596,4.159999847412109,4.090000152587891,4.139999866485596,3400,0.0,0.0
2024-04-24 00:00:00-04:00,4.21999979019165,4.21999979019165,4.130000114440918,4.159999847412109,1700,0.0,0.0
2024-04-25 00:00:00-04:00,4.150000095367432,4.170000076293945,4.119999885559082,4.139999866485596,1000,0.0,0.0
2024-04-26 00:00:00-04:00,4.119999885559082,4.139999866485596,4.03000020980835,4.139999866485596,600,0.0,0.0
2024-04-29 00:00:00-04:00,4.110000133514404,4.110000133514404,4.110000133514404,4.110000133514404,400,0.0,0.0
2024-04-30 00:00:00-04:00,4.150000095367432,4.150000095367432,4.119999885559082,4.119999885559082,1200,0.0,0.0
2024-05-01 00:00:00-04:00,4.119999885559082,4.119999885559082,4.119999885559082,4.119999885559082,300,0.0,0.0
2024-05-02 00:00:00-04:00,4.119999885559082,4.150000095367432,4.119999885559082,4.150000095367432,500,0.0,0.0
2024-05-03 00:00:00-04:00,4.170000076293945,4.170000076293945,4.070000171661377,4.130000114440918,5800,0.0,0.0
2024-05-06 00:00:00-04:00,4.070000171661377,4.139999866485596,4.059999942779541,4.110000133514404,2800,0.0,0.0
2024-05-07 00:00:00-04:00,4.179999828338623,4.179999828338623,4.059999942779541,4.059999942779541,1800,0.0,0.0
2024-05-08 00:00:00-04:00,4.170000076293945,4.170000076293945,4.150000095367432,4.150000095367432,1400,0.0,0.0
2024-05-09 00:00:00-04:00,4.070000171661377,4.170000076293945,4.070000171661377,4.170000076293945,3200,0.0,0.0
2024-05-10 00:00:00-04:00,4.170000076293945,4.170000076293945,4.110000133514404,4.110000133514404,1800,0.0,0.0
2024-05-13 00:00:00-04:00,4.170000076293945,4.170000076293945,4.110000133514404,4.159999847412109,2000,0.0,0.0
2024-05-14 00:00:00-04:00,4.130000114440918,4.130000114440918,4.099999904632568,4.099999904632568,900,0.0,0.0
2024-05-15 00:00:00-04:00,4.099999904632568,4.150000095367432,4.039999961853027,4.039999961853027,9100,0.0,0.0
2024-05-16 00:00:00-04:00,4.050000190734863,4.050000190734863,4.03000020980835,4.03000020980835,900,0.0,0.0
2024-05-17 00:00:00-04:00,4.039999961853027,4.050000190734863,4.03000020980835,4.03000020980835,2600,0.0,0.0
2024-05-20 00:00:00-04:00,4.050000190734863,4.119999885559082,4.0,4.0,2100,0.0,0.0
2024-05-21 00:00:00-04:00,4.010000228881836,4.010000228881836,3.950000047683716,3.9700000286102295,2700,0.0,0.0
2024-05-22 00:00:00-04:00,3.9800000190734863,4.019999980926514,3.930000066757202,4.019999980926514,19200,0.0,0.0
2024-05-23 00:00:00-04:00,4.070000171661377,4.070000171661377,3.9700000286102295,3.9700000286102295,2100,0.0,0.0
2024-05-24 00:00:00-04:00,4.010000228881836,4.039999961853027,3.9700000286102295,4.039999961853027,5800,0.0,0.0
2024-05-28 00:00:00-04:00,4.050000190734863,4.079999923706055,4.050000190734863,4.079999923706055,1700,0.0,0.0
2024-05-29 00:00:00-04:00,4.079999923706055,4.079999923706055,4.059999942779541,4.079999923706055,4800,0.0,0.0
2024-05-30 00:00:00-04:00,4.059999942779541,4.150000095367432,3.869999885559082,3.869999885559082,8100,0.0,0.0
2024-05-31 00:00:00-04:00,4.099999904632568,4.099999904632568,3.9700000286102295,3.9700000286102295,1800,0.0,0.0
2024-06-03 00:00:00-04:00,4.050000190734863,4.460000038146973,3.9800000190734863,4.460000038146973,5200,0.0,0.0
2024-06-04 00:00:00-04:00,4.150000095367432,4.420000076293945,4.150000095367432,4.210000038146973,32100,0.0,0.0
2024-06-05 00:00:00-04:00,3.9700000286102295,4.170000076293945,3.9700000286102295,4.110000133514404,6600,0.0,0.0
2024-06-06 00:00:00-04:00,4.119999885559082,4.119999885559082,4.03000020980835,4.070000171661377,3200,0.0,0.0
2024-06-07 00:00:00-04:00,4.130000114440918,4.210000038146973,4.130000114440918,4.210000038146973,3100,0.0,0.0
2024-06-10 00:00:00-04:00,4.150000095367432,4.150000095367432,4.03000020980835,4.110000133514404,3100,0.0,0.0
2024-06-11 00:00:00-04:00,4.119999885559082,4.190000057220459,4.110000133514404,4.190000057220459,1400,0.0,0.0
2024-06-12 00:00:00-04:00,4.179999828338623,4.210000038146973,4.119999885559082,4.210000038146973,3300,0.0,0.0
2024-06-13 00:00:00-04:00,4.059999942779541,4.199999809265137,4.039999961853027,4.090000152587891,2200,0.0,0.0
2024-06-14 00:00:00-04:00,4.03000020980835,4.139999866485596,4.03000020980835,4.139999866485596,1100,0.0,0.0
2024-06-17 00:00:00-04:00,4.059999942779541,4.099999904632568,3.9600000381469727,4.079999923706055,5700,0.0,0.0
2024-06-18 00:00:00-04:00,4.0,4.0,3.9600000381469727,3.9600000381469727,4800,0.0,0.0
2024-06-20 00:00:00-04:00,3.9600000381469727,3.9700000286102295,3.9600000381469727,3.9700000286102295,800,0.0,0.0
2024-06-21 00:00:00-04:00,3.9800000190734863,3.990000009536743,3.950000047683716,3.9800000190734863,7700,0.0,0.0
2024-06-24 00:00:00-04:00,3.950000047683716,3.950000047683716,3.950000047683716,3.950000047683716,600,0.0,0.0
2024-06-25 00:00:00-04:00,3.950000047683716,3.950000047683716,3.950000047683716,3.950000047683716,300,0.0,0.0
2024-06-26 00:00:00-04:00,3.890000104904175,3.9200000762939453,3.7699999809265137,3.8399999141693115,1700,0.0,0.0
2024-06-27 00:00:00-04:00,3.930000066757202,3.930000066757202,3.930000066757202,3.930000066757202,300,0.0,0.0
2024-06-28 00:00:00-04:00,3.950000047683716,3.950000047683716,3.819999933242798,3.8499999046325684,2200,0.0,0.0
2024-07-01 00:00:00-04:00,3.7799999713897705,3.890000104904175,3.7699999809265137,3.890000104904175,3300,0.0,0.0
2024-07-02 00:00:00-04:00,3.809999942779541,4.0,3.809999942779541,3.9000000953674316,1400,0.0,0.0
2024-07-03 00:00:00-04:00,3.940000057220459,3.940000057220459,3.940000057220459,3.940000057220459,300,0.0,0.0
2024-07-05 00:00:00-04:00,3.9100000858306885,3.9600000381469727,3.9000000953674316,3.9600000381469727,1400,0.0,0.0
2024-07-08 00:00:00-04:00,3.880000114440918,3.930000066757202,3.880000114440918,3.930000066757202,1700,0.0,0.0
2024-07-09 00:00:00-04:00,3.9100000858306885,3.990000009536743,3.9100000858306885,3.990000009536743,900,0.0,0.0
2024-07-10 00:00:00-04:00,3.9700000286102295,4.0,3.940000057220459,3.950000047683716,5600,0.0,0.0
2024-07-11 00:00:00-04:00,3.9800000190734863,3.9800000190734863,3.7799999713897705,3.930000066757202,1700,0.0,0.0
2024-07-12 00:00:00-04:00,3.9800000190734863,4.289999961853027,3.950000047683716,4.289999961853027,11400,0.0,0.0
2024-07-15 00:00:00-04:00,4.25,4.389999866485596,4.25,4.340000152587891,1500,0.0,0.0
2024-07-16 00:00:00-04:00,4.340000152587891,4.340000152587891,4.340000152587891,4.340000152587891,0,0.0,0.0
2024-07-17 00:00:00-04:00,4.349999904632568,4.349999904632568,4.210000038146973,4.210000038146973,2000,0.0,0.0
2024-07-18 00:00:00-04:00,4.210000038146973,4.320000171661377,3.9000000953674316,3.9000000953674316,23900,0.0,0.0
2024-07-19 00:00:00-04:00,4.099999904632568,4.159999847412109,4.03000020980835,4.03000020980835,2400,0.0,0.0
2024-07-22 00:00:00-04:00,4.070000171661377,4.070000171661377,4.0,4.0,2500,0.0,0.0
2024-07-23 00:00:00-04:00,4.050000190734863,4.050000190734863,4.050000190734863,4.050000190734863,500,0.0,0.0
2024-07-24 00:00:00-04:00,3.9700000286102295,4.0,3.9700000286102295,3.9700000286102295,2300,0.0,0.0
2024-07-25 00:00:00-04:00,3.940000057220459,3.950000047683716,3.9200000762939453,3.9200000762939453,500,0.0,0.0
2024-07-26 00:00:00-04:00,4.130000114440918,4.130000114440918,3.950000047683716,3.950000047683716,1600,0.0,0.0
2024-07-29 00:00:00-04:00,3.9200000762939453,4.070000171661377,3.9100000858306885,3.9100000858306885,1500,0.0,0.0
2024-07-30 00:00:00-04:00,4.010000228881836,4.059999942779541,3.9800000190734863,4.059999942779541,1400,0.0,0.0
2024-07-31 00:00:00-04:00,4.130000114440918,4.130000114440918,4.099999904632568,4.099999904632568,1800,0.0,0.0
2024-08-01 00:00:00-04:00,4.099999904632568,4.099999904632568,4.099999904632568,4.099999904632568,400,0.0,0.0
2024-08-02 00:00:00-04:00,3.9000000953674316,3.9100000858306885,3.9000000953674316,3.9000000953674316,2100,0.0,0.0
2024-08-05 00:00:00-04:00,3.9000000953674316,3.9000000953674316,3.9000000953674316,3.9000000953674316,300,0.0,0.0
2024-08-06 00:00:00-04:00,3.8499999046325684,3.9000000953674316,3.8499999046325684,3.890000104904175,1000,0.0,0.0
2024-08-07 00:00:00-04:00,3.890000104904175,3.890000104904175,3.890000104904175,3.890000104904175,0,0.0,0.0
2024-08-08 00:00:00-04:00,4.0,4.150000095367432,3.990000009536743,4.150000095367432,13600,0.0,0.0
2024-08-09 00:00:00-04:00,4.110000133514404,4.159999847412109,4.110000133514404,4.150000095367432,2300,0.0,0.0
2024-08-12 00:00:00-04:00,4.199999809265137,4.199999809265137,4.110000133514404,4.110000133514404,600,0.0,0.0
2024-08-13 00:00:00-04:00,4.119999885559082,4.289999961853027,3.8499999046325684,4.019999980926514,3500,0.0,0.0
2024-08-14 00:00:00-04:00,4.179999828338623,4.239999771118164,4.179999828338623,4.210000038146973,1400,0.0,0.0
2024-08-15 00:00:00-04:00,4.21999979019165,4.239999771118164,4.21999979019165,4.230000019073486,5900,0.0,0.0
2024-08-16 00:00:00-04:00,4.309999942779541,4.400000095367432,4.300000190734863,4.400000095367432,4800,0.0,0.0
2024-08-19 00:00:00-04:00,4.349999904632568,4.349999904632568,4.349999904632568,4.349999904632568,600,0.0,0.0
2024-08-20 00:00:00-04:00,4.420000076293945,4.440000057220459,4.420000076293945,4.440000057220459,900,0.0,0.0
2024-08-21 00:00:00-04:00,4.119999885559082,4.21999979019165,3.8499999046325684,3.9800000190734863,14900,0.0,0.0
2024-08-22 00:00:00-04:00,4.170000076293945,4.269999980926514,3.819999933242798,3.930000066757202,15000,0.0,0.0
2024-08-23 00:00:00-04:00,4.199999809265137,4.199999809265137,4.03000020980835,4.03000020980835,700,0.0,0.0
2024-08-26 00:00:00-04:00,4.110000133514404,4.150000095367432,3.9600000381469727,4.110000133514404,9200,0.0,0.0
2024-08-27 00:00:00-04:00,4.070000171661377,4.070000171661377,3.9000000953674316,3.9000000953674316,900,0.0,0.0
2024-08-28 00:00:00-04:00,4.050000190734863,4.050000190734863,3.819999933242798,4.019999980926514,2400,0.0,0.0
2024-08-29 00:00:00-04:00,3.950000047683716,4.170000076293945,3.950000047683716,4.170000076293945,3600,0.0,0.0
2024-08-30 00:00:00-04:00,4.150000095367432,4.150000095367432,3.859999895095825,3.859999895095825,2200,0.0,0.0
2024-09-03 00:00:00-04:00,3.9000000953674316,4.03000020980835,3.9000000953674316,3.930000066757202,2400,0.0,0.0
2024-09-04 00:00:00-04:00,4.0,4.03000020980835,4.0,4.0,3700,0.0,0.0
2024-09-05 00:00:00-04:00,4.019999980926514,4.019999980926514,4.019999980926514,4.019999980926514,600,0.0,0.0
2024-09-06 00:00:00-04:00,4.0,4.050000190734863,4.0,4.050000190734863,4000,0.0,0.0
2024-09-09 00:00:00-04:00,4.010000228881836,4.110000133514404,4.010000228881836,4.110000133514404,1400,0.0,0.0
2024-09-10 00:00:00-04:00,4.0,4.0,4.0,4.0,700,0.0,0.0
2024-09-11 00:00:00-04:00,4.010000228881836,4.079999923706055,4.0,4.059999942779541,1400,0.0,0.0
2024-09-12 00:00:00-04:00,4.119999885559082,4.119999885559082,4.0,4.050000190734863,2200,0.0,0.0
2024-09-13 00:00:00-04:00,4.0,4.010000228881836,4.0,4.010000228881836,900,0.0,0.0
2024-09-16 00:00:00-04:00,4.0,4.019999980926514,4.0,4.019999980926514,1400,0.0,0.0
2024-09-17 00:00:00-04:00,4.010000228881836,4.159999847412109,4.0,4.0,1200,0.0,0.0
2024-09-18 00:00:00-04:00,4.0,4.130000114440918,4.0,4.130000114440918,3100,0.0,0.0
2024-09-19 00:00:00-04:00,4.099999904632568,4.130000114440918,4.099999904632568,4.130000114440918,1300,0.0,0.0
2024-09-20 00:00:00-04:00,4.150000095367432,4.300000190734863,4.079999923706055,4.300000190734863,12900,0.0,0.0
2024-09-23 00:00:00-04:00,4.289999961853027,4.329999923706055,4.039999961853027,4.329999923706055,10800,0.0,0.0
2024-09-24 00:00:00-04:00,4.340000152587891,4.760000228881836,4.340000152587891,4.760000228881836,22700,0.0,0.0
2024-09-25 00:00:00-04:00,4.75,5.230000019073486,4.539999961853027,4.800000190734863,20700,0.0,0.0
2024-09-26 00:00:00-04:00,4.800000190734863,4.800000190734863,4.599999904632568,4.739999771118164,12800,0.0,0.0
2024-09-27 00:00:00-04:00,4.900000095367432,4.940000057220459,4.75,4.900000095367432,15100,0.0,0.0
2024-09-30 00:00:00-04:00,4.860000133514404,4.860000133514404,4.699999809265137,4.739999771118164,22000,0.0,0.0
2024-10-01 00:00:00-04:00,4.739999771118164,4.739999771118164,4.449999809265137,4.639999866485596,29000,0.0,0.0
2024-10-02 00:00:00-04:00,4.510000228881836,4.71999979019165,4.489999771118164,4.590000152587891,14000,0.0,0.0
2024-10-03 00:00:00-04:00,4.409999847412109,4.539999961853027,4.329999923706055,4.420000076293945,11000,0.0,0.0
2024-10-04 00:00:00-04:00,4.860000133514404,4.860000133514404,4.5,4.5,3000,0.0,0.0
2024-10-07 00:00:00-04:00,4.630000114440918,4.630000114440918,4.5,4.5,4400,0.0,0.0
2024-10-08 00:00:00-04:00,4.590000152587891,4.590000152587891,4.510000228881836,4.510000228881836,4000,0.0,0.0
2024-10-09 00:00:00-04:00,4.460000038146973,4.579999923706055,4.460000038146973,4.559999942779541,5500,0.0,0.0
2024-10-10 00:00:00-04:00,4.489999771118164,4.590000152587891,4.489999771118164,4.590000152587891,3600,0.0,0.0
2024-10-11 00:00:00-04:00,4.590000152587891,4.590000152587891,4.590000152587891,4.590000152587891,400,0.0,0.0
2024-10-14 00:00:00-04:00,4.599999904632568,4.730000019073486,4.070000171661377,4.460000038146973,32500,0.0,0.0
2024-10-15 00:00:00-04:00,4.510000228881836,4.730000019073486,4.139999866485596,4.440000057220459,47200,0.0,0.0
2024-10-16 00:00:00-04:00,4.550000190734863,4.860000133514404,4.300000190734863,4.559999942779541,10700,0.0,0.0
2024-10-17 00:00:00-04:00,4.599999904632568,4.71999979019165,4.489999771118164,4.579999923706055,2300,0.0,0.0
2024-10-18 00:00:00-04:00,4.590000152587891,4.610000133514404,4.510000228881836,4.519999980926514,4900,0.0,0.0
2024-10-21 00:00:00-04:00,4.590000152587891,4.590000152587891,4.519999980926514,4.53000020980835,1300,0.0,0.0
2024-10-22 00:00:00-04:00,4.510000228881836,4.659999847412109,4.5,4.5,10900,0.0,0.0
2024-10-23 00:00:00-04:00,4.5,4.5,4.5,4.5,0,0.0,0.0
2024-10-24 00:00:00-04:00,4.75,4.75,4.550000190734863,4.599999904632568,7600,0.0,0.0
2024-10-25 00:00:00-04:00,4.570000171661377,4.679999828338623,4.349999904632568,4.679999828338623,7400,0.0,0.0
2024-10-28 00:00:00-04:00,4.599999904632568,4.690000057220459,4.170000076293945,4.579999923706055,14600,0.0,0.0
2024-10-29 00:00:00-04:00,4.5,4.5,4.5,4.5,400,0.0,0.0
2024-10-30 00:00:00-04:00,4.269999980926514,4.400000095367432,4.260000228881836,4.360000133514404,2000,0.0,0.0
2024-10-31 00:00:00-04:00,4.360000133514404,4.360000133514404,4.260000228881836,4.329999923706055,700,0.0,0.0
2024-11-01 00:00:00-04:00,4.300000190734863,4.460000038146973,4.25,4.389999866485596,10200,0.0,0.0
2024-11-04 00:00:00-05:00,4.260000228881836,4.489999771118164,4.260000228881836,4.320000171661377,7900,0.0,0.0
2024-11-05 00:00:00-05:00,4.480000019073486,4.690000057220459,4.409999847412109,4.550000190734863,1400,0.0,0.0
2024-11-06 00:00:00-05:00,4.610000133514404,4.809999942779541,4.5,4.599999904632568,4600,0.0,0.0
2024-11-07 00:00:00-05:00,4.75,4.840000152587891,4.550000190734863,4.559999942779541,5100,0.0,0.0
2024-11-08 00:00:00-05:00,4.300000190734863,4.75,4.300000190734863,4.409999847412109,2400,0.0,0.0
2024-11-11 00:00:00-05:00,4.849999904632568,4.849999904632568,4.360000133514404,4.519999980926514,17800,0.0,0.0
2024-11-12 00:00:00-05:00,4.75,4.800000190734863,4.699999809265137,4.789999961853027,19600,0.0,0.0
2024-11-13 00:00:00-05:00,4.760000228881836,4.909999847412109,4.639999866485596,4.900000095367432,20000,0.0,0.0
2024-11-14 00:00:00-05:00,4.920000076293945,4.920000076293945,4.579999923706055,4.599999904632568,7700,0.0,0.0
2024-11-15 00:00:00-05:00,4.650000095367432,4.889999866485596,4.650000095367432,4.849999904632568,13400,0.0,0.0
2024-11-18 00:00:00-05:00,4.940000057220459,5.139999866485596,4.71999979019165,4.829999923706055,27700,0.0,0.0
2024-11-19 00:00:00-05:00,5.070000171661377,5.210000038146973,4.940000057220459,5.179999828338623,4300,0.0,0.0
2024-11-20 00:00:00-05:00,5.179999828338623,5.179999828338623,4.920000076293945,4.949999809265137,4300,0.0,0.0
2024-11-21 00:00:00-05:00,4.949999809265137,4.949999809265137,4.400000095367432,4.590000152587891,31200,0.0,0.0
2024-11-22 00:00:00-05:00,4.570000171661377,5.03000020980835,4.570000171661377,5.03000020980835,2300,0.0,0.0
2024-11-25 00:00:00-05:00,4.980000019073486,5.070000171661377,4.539999961853027,4.980000019073486,7800,0.0,0.0
2024-11-26 00:00:00-05:00,5.0,5.090000152587891,4.849999904632568,5.090000152587891,14200,0.0,0.0
2024-11-27 00:00:00-05:00,5.050000190734863,5.389999866485596,5.010000228881836,5.050000190734863,22800,0.0,0.0
2024-11-29 00:00:00-05:00,5.059999942779541,5.28000020980835,4.880000114440918,5.079999923706055,5400,0.0,0.0
2024-12-02 00:00:00-05:00,5.21999979019165,5.369999885559082,5.130000114440918,5.360000133514404,13600,0.0,0.0
2024-12-03 00:00:00-05:00,5.380000114440918,5.429999828338623,5.190000057220459,5.429999828338623,6700,0.0,0.0
2024-12-04 00:00:00-05:00,5.309999942779541,5.559999942779541,5.210000038146973,5.28000020980835,9200,0.0,0.0
2024-12-05 00:00:00-05:00,5.5,5.5,5.110000133514404,5.380000114440918,15600,0.0,0.0
2024-12-06 00:00:00-05:00,5.380000114440918,5.75,5.380000114440918,5.599999904632568,14000,0.0,0.0
2024-12-09 00:00:00-05:00,5.800000190734863,5.840000152587891,5.53000020980835,5.599999904632568,24500,0.0,0.0
2024-12-10 00:00:00-05:00,5.429999828338623,5.869999885559082,5.409999847412109,5.679999828338623,19000,0.0,0.0
2024-12-11 00:00:00-05:00,5.75,6.139999866485596,5.730000019073486,5.980000019073486,12100,0.0,0.0
2024-12-12 00:00:00-05:00,6.170000076293945,6.199999809265137,5.809999942779541,5.920000076293945,10200,0.0,0.0
2024-12-13 00:00:00-05:00,5.869999885559082,6.070000171661377,5.679999828338623,6.0,10200,0.0,0.0
2024-12-16 00:00:00-05:00,5.900000095367432,5.949999809265137,5.519999980926514,5.769999980926514,5600,0.0,0.0
2024-12-17 00:00:00-05:00,5.53000020980835,5.630000114440918,5.340000152587891,5.460000038146973,11100,0.0,0.0
2024-12-18 00:00:00-05:00,5.46999979019165,5.809999942779541,5.360000133514404,5.510000228881836,13000,0.0,0.0
2024-12-19 00:00:00-05:00,5.670000076293945,5.900000095367432,5.429999828338623,5.800000190734863,9800,0.0,0.0
2024-12-20 00:00:00-05:00,5.800000190734863,5.800000190734863,5.360000133514404,5.489999771118164,14500,0.0,0.0
2024-12-23 00:00:00-05:00,5.380000114440918,5.5,5.199999809265137,5.449999809265137,9200,0.0,0.0
2024-12-24 00:00:00-05:00,5.349999904632568,5.409999847412109,5.349999904632568,5.409999847412109,1400,0.0,0.0
2024-12-26 00:00:00-05:00,5.650000095367432,5.78000020980835,5.260000228881836,5.460000038146973,33600,0.0,0.0
2024-12-27 00:00:00-05:00,5.420000076293945,5.920000076293945,5.289999961853027,5.389999866485596,25400,0.0,0.0
2024-12-30 00:00:00-05:00,5.570000171661377,5.570000171661377,5.269999980926514,5.420000076293945,9300,0.0,0.0
2024-12-31 00:00:00-05:00,5.300000190734863,5.480000019073486,5.269999980926514,5.349999904632568,12500,0.0,0.0
2025-01-02 00:00:00-05:00,5.369999885559082,6.079999923706055,5.369999885559082,5.909999847412109,11700,0.0,0.0
2025-01-03 00:00:00-05:00,5.730000019073486,6.519999980926514,5.730000019073486,6.460000038146973,21800,0.0,0.0
2025-01-06 00:00:00-05:00,6.619999885559082,7.150000095367432,5.949999809265137,6.099999904632568,46600,0.0,0.0
2025-01-07 00:00:00-05:00,5.929999828338623,6.110000133514404,5.929999828338623,6.110000133514404,17800,0.0,0.0
2025-01-08 00:00:00-05:00,6.110000133514404,6.320000171661377,6.099999904632568,6.150000095367432,7300,0.0,0.0
2025-01-10 00:00:00-05:00,6.300000190734863,6.300000190734863,5.920000076293945,5.920000076293945,29800,0.0,0.0
2025-01-13 00:00:00-05:00,6.130000114440918,6.190000057220459,6.019999980926514,6.170000076293945,6600,0.0,0.0
2025-01-14 00:00:00-05:00,6.190000057220459,6.199999809265137,6.019999980926514,6.130000114440918,10100,0.0,0.0
2025-01-15 00:00:00-05:00,6.199999809265137,6.289999961853027,6.090000152587891,6.289999961853027,3600,0.0,0.0
2025-01-16 00:00:00-05:00,6.28000020980835,6.28000020980835,5.929999828338623,6.0,10900,0.0,0.0
2025-01-17 00:00:00-05:00,5.940000057220459,6.480000019073486,5.940000057220459,6.480000019073486,5900,0.0,0.0
2025-01-21 00:00:00-05:00,6.989999771118164,6.989999771118164,6.179999828338623,6.789999961853027,23500,0.0,0.0
2025-01-22 00:00:00-05:00,6.699999809265137,6.940000057220459,6.539999961853027,6.730000019073486,27000,0.0,0.0
2025-01-23 00:00:00-05:00,6.610000133514404,6.889999866485596,6.610000133514404,6.800000190734863,9400,0.0,0.0
2025-01-24 00:00:00-05:00,6.900000095367432,7.440000057220459,6.699999809265137,7.349999904632568,39700,0.0,0.0
2025-01-27 00:00:00-05:00,7.300000190734863,7.929999828338623,7.159999847412109,7.199999809265137,41200,0.0,0.0
2025-01-28 00:00:00-05:00,7.119999885559082,7.489999771118164,6.78000020980835,7.349999904632568,15500,0.0,0.0
2025-01-29 00:00:00-05:00,7.619999885559082,7.769999980926514,7.210000038146973,7.300000190734863,16500,0.0,0.0
2025-01-30 00:00:00-05:00,7.489999771118164,7.789999961853027,7.199999809265137,7.480000019073486,18400,0.0,0.0
2025-01-31 00:00:00-05:00,7.360000133514404,7.650000095367432,7.260000228881836,7.599999904632568,15800,0.0,0.0
2025-02-03 00:00:00-05:00,7.449999809265137,7.460000038146973,6.590000152587891,7.059999942779541,53900,0.0,0.0
2025-02-04 00:00:00-05:00,6.75,7.0,6.110000133514404,6.300000190734863,51300,0.0,0.0
2025-02-05 00:00:00-05:00,5.940000057220459,6.510000228881836,5.639999866485596,6.139999866485596,50800,0.0,0.0
2025-02-06 00:00:00-05:00,6.010000228881836,6.369999885559082,6.010000228881836,6.159999847412109,9300,0.0,0.0
2025-02-07 00:00:00-05:00,6.159999847412109,6.289999961853027,5.949999809265137,6.289999961853027,6100,0.0,0.0
2025-02-10 00:00:00-05:00,6.349999904632568,7.670000076293945,6.340000152587891,7.659999847412109,72400,0.0,0.0
2025-02-11 00:00:00-05:00,7.670000076293945,8.279999732971191,7.170000076293945,7.480000019073486,103100,0.0,0.0
2025-02-12 00:00:00-05:00,7.46999979019165,7.800000190734863,7.119999885559082,7.789999961853027,13500,0.0,0.0
2025-02-13 00:00:00-05:00,7.679999828338623,7.769999980926514,7.480000019073486,7.599999904632568,12100,0.0,0.0
2025-02-14 00:00:00-05:00,7.489999771118164,7.75,7.130000114440918,7.739999771118164,26100,0.0,0.0
2025-02-18 00:00:00-05:00,7.75,8.079999923706055,7.289999961853027,7.53000020980835,23600,0.0,0.0
2025-02-19 00:00:00-05:00,7.360000133514404,7.360000133514404,6.940000057220459,7.010000228881836,32200,0.0,0.0
2025-02-20 00:00:00-05:00,7.019999980926514,7.579999923706055,7.019999980926514,7.380000114440918,31800,0.0,0.0
2025-02-21 00:00:00-05:00,7.269999980926514,7.269999980926514,6.909999847412109,6.980000019073486,9600,0.0,0.0
2025-02-24 00:00:00-05:00,6.940000057220459,6.940000057220459,6.679999828338623,6.820000171661377,22700,0.0,0.0
2025-02-25 00:00:00-05:00,6.800000190734863,6.940000057220459,6.489999771118164,6.920000076293945,10100,0.0,0.0
2025-02-26 00:00:00-05:00,6.639999866485596,7.289999961853027,6.360000133514404,6.579999923706055,14300,0.0,0.0
2025-02-27 00:00:00-05:00,6.550000190734863,6.860000133514404,5.21999979019165,5.21999979019165,70300,0.0,0.0
2025-02-28 00:00:00-05:00,4.789999961853027,5.699999809265137,4.460000038146973,5.46999979019165,592500,0.0,0.0
2025-03-03 00:00:00-05:00,5.510000228881836,5.550000190734863,5.019999980926514,5.230000019073486,64500,0.0,0.0
2025-03-04 00:00:00-05:00,5.159999847412109,5.179999828338623,4.829999923706055,5.079999923706055,34400,0.0,0.0
2025-03-05 00:00:00-05:00,5.070000171661377,5.21999979019165,4.889999866485596,5.199999809265137,24200,0.0,0.0
2025-03-06 00:00:00-05:00,5.150000095367432,5.239999771118164,4.880000114440918,4.909999847412109,29600,0.0,0.0
2025-03-07 00:00:00-05:00,5.010000228881836,5.110000133514404,4.690000057220459,5.0,36800,0.0,0.0
2025-03-10 00:00:00-04:00,4.889999866485596,4.889999866485596,4.510000228881836,4.650000095367432,21100,0.0,0.0
2025-03-11 00:00:00-04:00,4.650000095367432,4.760000228881836,4.610000133514404,4.659999847412109,10500,0.0,0.0
2025-03-12 00:00:00-04:00,4.650000095367432,4.75,4.28000020980835,4.670000076293945,81100,0.0,0.0
2025-03-13 00:00:00-04:00,4.739999771118164,4.960000038146973,4.489999771118164,4.949999809265137,29300,0.0,0.0
2025-03-14 00:00:00-04:00,4.96999979019165,5.429999828338623,4.909999847412109,5.190000057220459,17500,0.0,0.0
2025-03-17 00:00:00-04:00,5.059999942779541,5.380000114440918,5.039999961853027,5.360000133514404,18100,0.0,0.0
2025-03-18 00:00:00-04:00,5.110000133514404,5.210000038146973,5.03000020980835,5.079999923706055,11100,0.0,0.0
2025-03-19 00:00:00-04:00,5.309999942779541,5.309999942779541,5.0,5.070000171661377,3600,0.0,0.0
2025-03-20 00:00:00-04:00,5.010000228881836,5.139999866485596,4.869999885559082,5.059999942779541,9400,0.0,0.0
2025-03-21 00:00:00-04:00,4.96999979019165,5.389999866485596,4.880000114440918,5.199999809265137,7200,0.0,0.0
2025-03-24 00:00:00-04:00,5.139999866485596,5.170000076293945,4.889999866485596,4.889999866485596,9700,0.0,0.0
2025-03-25 00:00:00-04:00,4.900000095367432,5.099999904632568,4.820000171661377,5.079999923706055,5700,0.0,0.0
2025-03-26 00:00:00-04:00,5.0,5.099999904632568,4.960000038146973,5.070000171661377,6100,0.0,0.0
2025-03-27 00:00:00-04:00,5.190000057220459,5.190000057220459,5.070000171661377,5.070000171661377,4200,0.0,0.0
2025-03-28 00:00:00-04:00,5.03000020980835,5.199999809265137,4.880000114440918,4.96999979019165,7700,0.0,0.0
2025-03-31 00:00:00-04:00,4.71999979019165,4.860000133514404,4.630000114440918,4.849999904632568,8200,0.0,0.0
2025-04-01 00:00:00-04:00,4.960000038146973,5.0,4.820000171661377,4.820000171661377,14500,0.0,0.0
2025-04-02 00:00:00-04:00,4.860000133514404,5.179999828338623,4.800000190734863,4.800000190734863,4100,0.0,0.0
2025-04-03 00:00:00-04:00,4.630000114440918,5.0,4.630000114440918,4.75,9600,0.0,0.0
2025-04-04 00:00:00-04:00,4.650000095367432,4.840000152587891,4.449999809265137,4.510000228881836,4000,0.0,0.0
2025-04-07 00:00:00-04:00,4.369999885559082,4.369999885559082,4.019999980926514,4.070000171661377,6600,0.0,0.0
2025-04-08 00:00:00-04:00,4.070000171661377,4.179999828338623,3.7100000381469727,3.9000000953674316,7400,0.0,0.0
2025-04-09 00:00:00-04:00,3.950000047683716,4.159999847412109,3.9100000858306885,4.050000190734863,4400,0.0,0.0
2025-04-10 00:00:00-04:00,4.010000228881836,4.059999942779541,3.9800000190734863,4.039999961853027,3300,0.0,0.0
2025-04-11 00:00:00-04:00,4.239999771118164,4.239999771118164,4.010000228881836,4.010000228881836,13100,0.0,0.0
2025-04-14 00:00:00-04:00,4.150000095367432,4.150000095367432,4.019999980926514,4.019999980926514,2600,0.0,0.0
2025-04-15 00:00:00-04:00,4.03000020980835,4.150000095367432,4.03000020980835,4.139999866485596,4700,0.0,0.0
2025-04-16 00:00:00-04:00,4.079999923706055,4.449999809265137,4.079999923706055,4.360000133514404,97900,0.0,0.0
2025-04-17 00:00:00-04:00,4.360000133514404,4.429999828338623,4.300000190734863,4.320000171661377,6500,0.0,0.0
2025-04-21 00:00:00-04:00,4.349999904632568,4.630000114440918,4.320000171661377,4.619999885559082,9700,0.0,0.0
2025-04-22 00:00:00-04:00,4.53000020980835,4.679999828338623,4.53000020980835,4.619999885559082,2100,0.0,0.0
2025-04-23 00:00:00-04:00,4.5,5.260000228881836,4.5,5.099999904632568,44400,0.0,0.0
2025-04-24 00:00:00-04:00,5.269999980926514,5.78000020980835,5.019999980926514,5.730000019073486,31400,0.0,0.0
2025-04-25 00:00:00-04:00,5.75,6.0,5.059999942779541,5.900000095367432,58100,0.0,0.0
2025-04-28 00:00:00-04:00,5.820000171661377,6.0,5.550000190734863,5.820000171661377,62200,0.0,0.0
2025-04-29 00:00:00-04:00,5.889999866485596,6.0,5.679999828338623,5.900000095367432,36300,0.0,0.0
2025-04-30 00:00:00-04:00,5.710000038146973,5.889999866485596,5.619999885559082,5.820000171661377,2600,0.0,0.0
2025-05-01 00:00:00-04:00,5.909999847412109,5.940000057220459,5.860000133514404,5.900000095367432,1900,0.0,0.0
2025-05-02 00:00:00-04:00,5.940000057220459,5.940000057220459,5.860000133514404,5.860000133514404,1200,0.0,0.0
2025-05-05 00:00:00-04:00,5.949999809265137,5.949999809265137,5.760000228881836,5.949999809265137,5700,0.0,0.0
2025-05-06 00:00:00-04:00,5.840000152587891,5.889999866485596,5.840000152587891,5.889999866485596,800,0.0,0.0
2025-05-07 00:00:00-04:00,5.239999771118164,5.960000038146973,5.239999771118164,5.829999923706055,3300,0.0,0.0
2025-05-08 00:00:00-04:00,5.75,6.0,5.639999866485596,5.980000019073486,7800,0.0,0.0
2025-05-09 00:00:00-04:00,5.489999771118164,5.760000228881836,5.329999923706055,5.400000095367432,5300,0.0,0.0
2025-05-12 00:00:00-04:00,5.599999904632568,5.739999771118164,5.460000038146973,5.5,6100,0.0,0.0
2025-05-13 00:00:00-04:00,5.449999809265137,5.510000228881836,5.449999809265137,5.460000038146973,2200,0.0,0.0
2025-05-14 00:00:00-04:00,5.920000076293945,5.920000076293945,5.409999847412109,5.539999961853027,7600,0.0,0.0
2025-05-15 00:00:00-04:00,5.630000114440918,5.840000152587891,5.570000171661377,5.570000171661377,1700,0.0,0.0
2025-05-16 00:00:00-04:00,5.760000228881836,5.760000228881836,5.25,5.429999828338623,8600,0.0,0.0
2025-05-19 00:00:00-04:00,5.71999979019165,5.769999980926514,5.25,5.570000171661377,15700,0.0,0.0
2025-05-20 00:00:00-04:00,5.519999980926514,5.559999942779541,5.519999980926514,5.559999942779541,3700,0.0,0.0
2025-05-21 00:00:00-04:00,5.610000133514404,5.860000133514404,5.610000133514404,5.78000020980835,15700,0.0,0.0
2025-05-22 00:00:00-04:00,5.210000038146973,5.579999923706055,5.210000038146973,5.579999923706055,1400,0.0,0.0
2025-05-23 00:00:00-04:00,5.5,5.5,5.5,5.5,500,0.0,0.0
2025-05-27 00:00:00-04:00,5.409999847412109,5.730000019073486,5.409999847412109,5.5,2100,0.0,0.0
2025-05-28 00:00:00-04:00,5.5,5.5,5.5,5.5,0,0.0,0.0
2025-05-29 00:00:00-04:00,5.829999923706055,5.829999923706055,5.829999923706055,5.829999923706055,700,0.0,0.0
2025-05-30 00:00:00-04:00,5.639999866485596,5.650000095367432,5.570000171661377,5.610000133514404,1200,0.0,0.0
2025-06-02 00:00:00-04:00,5.579999923706055,5.579999923706055,5.53000020980835,5.539999961853027,700,0.0,0.0
2025-06-03 00:00:00-04:00,5.480000019073486,5.480000019073486,5.480000019073486,5.480000019073486,1100,0.0,0.0
2025-06-04 00:00:00-04:00,5.610000133514404,5.639999866485596,5.610000133514404,5.639999866485596,1900,0.0,0.0
2025-06-05 00:00:00-04:00,5.389999866485596,5.46999979019165,5.260000228881836,5.369999885559082,8500,0.0,0.0
2025-06-06 00:00:00-04:00,5.440000057220459,5.440000057220459,5.159999847412109,5.409999847412109,4300,0.0,0.0
2025-06-09 00:00:00-04:00,5.460000038146973,5.460000038146973,5.320000171661377,5.320000171661377,3100,0.0,0.0
2025-06-10 00:00:00-04:00,5.239999771118164,5.349999904632568,5.050000190734863,5.179999828338623,10800,0.0,0.0
2025-06-11 00:00:00-04:00,5.25,5.260000228881836,5.139999866485596,5.139999866485596,6900,0.0,0.0
2025-06-12 00:00:00-04:00,5.019999980926514,5.300000190734863,4.869999885559082,5.199999809265137,10100,0.0,0.0
2025-06-13 00:00:00-04:00,5.179999828338623,5.179999828338623,4.860000133514404,5.019999980926514,6500,0.0,0.0
2025-06-16 00:00:00-04:00,5.039999961853027,5.340000152587891,4.840000152587891,4.840000152587891,6900,0.0,0.0
2025-06-17 00:00:00-04:00,5.090000152587891,5.409999847412109,5.090000152587891,5.320000171661377,9200,0.0,0.0
2025-06-18 00:00:00-04:00,5.400000095367432,5.400000095367432,5.159999847412109,5.21999979019165,2800,0.0,0.0
2025-06-20 00:00:00-04:00,5.440000057220459,5.440000057220459,5.230000019073486,5.360000133514404,1300,0.0,0.0
2025-06-23 00:00:00-04:00,5.25,5.340000152587891,5.059999942779541,5.059999942779541,9200,0.0,0.0
2025-06-24 00:00:00-04:00,5.190000057220459,5.190000057220459,4.880000114440918,4.880000114440918,7800,0.0,0.0
2025-06-25 00:00:00-04:00,5.119999885559082,5.119999885559082,4.75,4.820000171661377,1700,0.0,0.0
2025-06-26 00:00:00-04:00,4.920000076293945,4.980000019073486,4.5,4.619999885559082,33900,0.0,0.0
2025-06-27 00:00:00-04:00,4.849999904632568,5.0,4.590000152587891,4.71999979019165,23900,0.0,0.0
2025-06-30 00:00:00-04:00,4.829999923706055,4.829999923706055,4.75,4.75,1700,0.0,0.0
2025-07-01 00:00:00-04:00,4.690000057220459,4.989999771118164,4.690000057220459,4.989999771118164,6000,0.0,0.0
2025-07-02 00:00:00-04:00,4.909999847412109,5.349999904632568,4.699999809265137,4.989999771118164,36800,0.0,0.0
2025-07-03 00:00:00-04:00,4.800000190734863,4.929999828338623,4.400000095367432,4.420000076293945,31900,0.0,0.0
2025-07-07 00:00:00-04:00,4.570000171661377,5.289999961853027,4.429999828338623,5.070000171661377,25300,0.0,0.0
2025-07-08 00:00:00-04:00,5.139999866485596,5.159999847412109,4.860000133514404,4.869999885559082,11700,0.0,0.0
2025-07-09 00:00:00-04:00,4.900000095367432,5.059999942779541,4.769999980926514,4.769999980926514,3100,0.0,0.0
2025-07-10 00:00:00-04:00,4.75,4.75,4.699999809265137,4.71999979019165,1200,0.0,0.0
2025-07-11 00:00:00-04:00,5.179999828338623,5.179999828338623,4.53000020980835,4.570000171661377,8500,0.0,0.0
2025-07-14 00:00:00-04:00,4.550000190734863,5.050000190734863,4.550000190734863,4.889999866485596,20800,0.0,0.0
2025-07-15 00:00:00-04:00,4.909999847412109,4.909999847412109,4.909999847412109,4.909999847412109,700,0.0,0.0
2025-07-16 00:00:00-04:00,4.769999980926514,5.25,4.659999847412109,5.199999809265137,29300,0.0,0.0
2025-07-17 00:00:00-04:00,5.260000228881836,5.340000152587891,5.150000095367432,5.179999828338623,15000,0.0,0.0
2025-07-18 00:00:00-04:00,5.199999809265137,5.25,5.099999904632568,5.25,3800,0.0,0.0
2025-07-21 00:00:00-04:00,5.139999866485596,5.199999809265137,5.090000152587891,5.090000152587891,2300,0.0,0.0
2025-07-22 00:00:00-04:00,4.940000057220459,4.960000038146973,4.840000152587891,4.840000152587891,17400,0.0,0.0
2025-07-23 00:00:00-04:00,4.840000152587891,4.840000152587891,4.78000020980835,4.78000020980835,1200,0.0,0.0
2025-07-24 00:00:00-04:00,4.699999809265137,4.800000190734863,4.699999809265137,4.769999980926514,4400,0.0,0.0
2025-07-25 00:00:00-04:00,4.829999923706055,4.829999923706055,4.650000095367432,4.71999979019165,4600,0.0,0.0
2025-07-28 00:00:00-04:00,4.829999923706055,4.829999923706055,4.730000019073486,4.789999961853027,6300,0.0,0.0
2025-07-29 00:00:00-04:00,4.909999847412109,5.019999980926514,4.619999885559082,4.699999809265137,5000,0.0,0.0
2025-07-30 00:00:00-04:00,4.710000038146973,4.829999923706055,4.710000038146973,4.800000190734863,31000,0.0,0.0
2025-07-31 00:00:00-04:00,4.699999809265137,4.829999923706055,4.599999904632568,4.599999904632568,3100,0.0,0.0
2025-08-01 00:00:00-04:00,4.579999923706055,4.579999923706055,4.429999828338623,4.460000038146973,5400,0.0,0.0
2025-08-04 00:00:00-04:00,4.699999809265137,4.75,4.690000057220459,4.71999979019165,2500,0.0,0.0
2025-08-05 00:00:00-04:00,4.670000076293945,4.929999828338623,4.630000114440918,4.829999923706055,13900,0.0,0.0
2025-08-06 00:00:00-04:00,4.739999771118164,4.800000190734863,4.630000114440918,4.800000190734863,4800,0.0,0.0
2025-08-07 00:00:00-04:00,4.710000038146973,4.71999979019165,4.449999809265137,4.449999809265137,5900,0.0,0.0
2025-08-08 00:00:00-04:00,4.5,4.539999961853027,4.440000057220459,4.53000020980835,9600,0.0,0.0
2025-08-11 00:00:00-04:00,4.940000057220459,4.980000019073486,4.849999904632568,4.849999904632568,1400,0.0,0.0
2025-08-12 00:00:00-04:00,4.739999771118164,4.769999980926514,4.460000038146973,4.630000114440918,2000,0.0,0.0
2025-08-13 00:00:00-04:00,4.489999771118164,4.630000114440918,4.489999771118164,4.53000020980835,3400,0.0,0.0
2025-08-14 00:00:00-04:00,4.539999961853027,4.539999961853027,4.380000114440918,4.400000095367432,4600,0.0,0.0
2025-08-15 00:00:00-04:00,4.340000152587891,4.5,4.320000171661377,4.480000019073486,9400,0.0,0.0
2025-08-18 00:00:00-04:00,4.360000133514404,4.389999866485596,3.9800000190734863,3.990000009536743,30900,0.0,0.0
2025-08-19 00:00:00-04:00,4.079999923706055,4.349999904632568,4.079999923706055,4.320000171661377,14300,0.0,0.0
2025-08-20 00:00:00-04:00,4.400000095367432,4.400000095367432,4.059999942779541,4.210000038146973,3500,0.0,0.0
2025-08-21 00:00:00-04:00,4.21999979019165,4.21999979019165,4.130000114440918,4.210000038146973,6300,0.0,0.0
2025-08-22 00:00:00-04:00,4.28000020980835,4.28000020980835,3.990000009536743,4.099999904632568,7700,0.0,0.0
2025-08-25 00:00:00-04:00,4.110000133514404,4.179999828338623,4.070000171661377,4.070000171661377,800,0.0,0.0
2025-08-26 00:00:00-04:00,4.119999885559082,4.21999979019165,4.119999885559082,4.179999828338623,2200,0.0,0.0
2025-08-27 00:00:00-04:00,4.21999979019165,4.21999979019165,4.070000171661377,4.070000171661377,1400,0.0,0.0
2025-08-28 00:00:00-04:00,4.21999979019165,4.21999979019165,4.03000020980835,4.03000020980835,7000,0.0,0.0
2025-08-29 00:00:00-04:00,4.090000152587891,4.110000133514404,4.039999961853027,4.070000171661377,3400,0.0,0.0
2025-09-02 00:00:00-04:00,4.079999923706055,4.159999847412109,3.6500000953674316,3.799999952316284,34300,0.0,0.0
2025-09-03 00:00:00-04:00,3.75,4.190000057220459,3.75,3.950000047683716,29400,0.0,0.0
2025-09-04 00:00:00-04:00,3.8499999046325684,3.9100000858306885,3.75,3.75,32800,0.0,0.0
2025-09-05 00:00:00-04:00,3.740000009536743,3.759999990463257,3.2899999618530273,3.4800000190734863,31100,0.0,0.0
2025-09-08 00:00:00-04:00,3.509999990463257,3.619999885559082,3.4600000381469727,3.4800000190734863,9900,0.0,0.0
2025-09-09 00:00:00-04:00,3.440000057220459,3.619999885559082,3.440000057220459,3.4800000190734863,8600,0.0,0.0
2025-09-10 00:00:00-04:00,3.5999999046325684,3.75,3.5799999237060547,3.75,13800,0.0,0.0
2025-09-11 00:00:00-04:00,3.7300000190734863,3.7300000190734863,3.5799999237060547,3.619999885559082,1600,0.0,0.0
2025-09-12 00:00:00-04:00,3.640000104904175,3.640000104904175,3.4800000190734863,3.4800000190734863,20000,0.0,0.0
2025-09-15 00:00:00-04:00,3.440000057220459,3.950000047683716,3.440000057220459,3.950000047683716,9500,0.0,0.0
2025-09-16 00:00:00-04:00,3.9700000286102295,4.119999885559082,3.9000000953674316,4.119999885559082,24200,0.0,0.0
2025-09-17 00:00:00-04:00,4.079999923706055,4.159999847412109,4.050000190734863,4.079999923706055,4700,0.0,0.0
2025-09-18 00:00:00-04:00,4.190000057220459,4.190000057220459,4.0,4.010000228881836,18500,0.0,0.0
2025-09-19 00:00:00-04:00,3.9100000858306885,4.139999866485596,3.630000114440918,4.03000020980835,11600,0.0,0.0
2025-09-22 00:00:00-04:00,4.019999980926514,4.099999904632568,4.0,4.059999942779541,2000,0.0,0.0
2025-09-23 00:00:00-04:00,4.159999847412109,4.159999847412109,4.099999904632568,4.110000133514404,1200,0.0,0.0
2025-09-24 00:00:00-04:00,4.130000114440918,4.190000057220459,4.019999980926514,4.170000076293945,7200,0.0,0.0
2025-09-25 00:00:00-04:00,4.170000076293945,4.179999828338623,4.099999904632568,4.159999847412109,13100,0.0,0.0
2025-09-26 00:00:00-04:00,4.150000095367432,4.159999847412109,4.110000133514404,4.159999847412109,18100,0.0,0.0
2025-09-29 00:00:00-04:00,4.21999979019165,4.460000038146973,4.190000057220459,4.360000133514404,15600,0.0,0.0
2025-09-30 00:00:00-04:00,4.309999942779541,4.360000133514404,4.21999979019165,4.360000133514404,5400,0.0,0.0
2025-10-01 00:00:00-04:00,4.440000057220459,4.5,4.409999847412109,4.46999979019165,10800,0.0,0.0
2025-10-02 00:00:00-04:00,4.679999828338623,4.679999828338623,4.269999980926514,4.599999904632568,25300,0.0,0.0
2025-10-03 00:00:00-04:00,4.619999885559082,4.849999904632568,4.619999885559082,4.849999904632568,13700,0.0,0.0
2025-10-06 00:00:00-04:00,4.96999979019165,5.179999828338623,4.710000038146973,5.110000133514404,22200,0.0,0.0
2025-10-07 00:00:00-04:00,4.809999942779541,5.449999809265137,4.809999942779541,5.079999923706055,26900,0.0,0.0
2025-10-08 00:00:00-04:00,5.110000133514404,5.110000133514404,4.659999847412109,4.710000038146973,23000,0.0,0.0
2025-10-09 00:00:00-04:00,5.059999942779541,5.119999885559082,4.989999771118164,5.099999904632568,42400,0.0,0.0
2025-10-10 00:00:00-04:00,5.059999942779541,5.059999942779541,4.789999961853027,4.900000095367432,8200,0.0,0.0
2025-10-13 00:00:00-04:00,4.900000095367432,4.980000019073486,4.860000133514404,4.96999979019165,5800,0.0,0.0
2025-10-14 00:00:00-04:00,4.889999866485596,4.889999866485596,4.639999866485596,4.679999828338623,10700,0.0,0.0
2025-10-15 00:00:00-04:00,4.699999809265137,4.809999942779541,4.679999828338623,4.809999942779541,6200,0.0,0.0
2025-10-16 00:00:00-04:00,4.949999809265137,4.980000019073486,4.929999828338623,4.940000057220459,3300,0.0,0.0
2025-10-17 00:00:00-04:00,4.880000114440918,4.949999809265137,4.820000171661377,4.820000171661377,1900,0.0,0.0
2025-10-20 00:00:00-04:00,4.96999979019165,5.0,4.900000095367432,4.96999979019165,8500,0.0,0.0
2025-10-21 00:00:00-04:00,4.929999828338623,4.96999979019165,4.889999866485596,4.900000095367432,5700,0.0,0.0
2025-10-22 00:00:00-04:00,4.889999866485596,4.889999866485596,4.809999942779541,4.880000114440918,2100,0.0,0.0
2025-10-23 00:00:00-04:00,4.909999847412109,4.929999828338623,4.699999809265137,4.769999980926514,5900,0.0,0.0
2025-10-24 00:00:00-04:00,4.75,4.78000020980835,4.699999809265137,4.78000020980835,3400,0.0,0.0
2025-10-27 00:00:00-04:00,4.690000057220459,4.78000020980835,4.690000057220459,4.78000020980835,4900,0.0,0.0
2025-10-28 00:00:00-04:00,4.760000228881836,4.789999961853027,4.75,4.760000228881836,4000,0.0,0.0
2025-10-29 00:00:00-04:00,4.900000095367432,4.989999771118164,4.900000095367432,4.989999771118164,1600,0.0,0.0
2025-10-30 00:00:00-04:00,4.71999979019165,4.989999771118164,4.71999979019165,4.989999771118164,4400,0.0,0.0
2025-10-31 00:00:00-04:00,4.989999771118164,4.989999771118164,4.949999809265137,4.949999809265137,2200,0.0,0.0
2025-11-03 00:00:00-05:00,4.900000095367432,4.989999771118164,4.900000095367432,4.989999771118164,1300,0.0,0.0
2025-11-04 00:00:00-05:00,4.800000190734863,4.909999847412109,4.800000190734863,4.829999923706055,1500,0.0,0.0
2025-11-05 00:00:00-05:00,4.880000114440918,4.949999809265137,4.880000114440918,4.949999809265137,3700,0.0,0.0
2025-11-06 00:00:00-05:00,4.78000020980835,4.949999809265137,4.75,4.75,12500,0.0,0.0
2025-11-07 00:00:00-05:00,4.849999904632568,4.940000057220459,4.5,4.710000038146973,20900,0.0,0.0
2025-11-10 00:00:00-05:00,4.550000190734863,4.840000152587891,4.550000190734863,4.739999771118164,6000,0.0,0.0
2025-11-11 00:00:00-05:00,4.829999923706055,4.829999923706055,4.829999923706055,4.829999923706055,2000,0.0,0.0
2025-11-12 00:00:00-05:00,4.769999980926514,4.769999980926514,4.679999828338623,4.760000228881836,5500,0.0,0.0
2025-11-13 00:00:00-05:00,4.829999923706055,4.849999904632568,4.710000038146973,4.829999923706055,8100,0.0,0.0
2025-11-14 00:00:00-05:00,4.78000020980835,4.849999904632568,4.78000020980835,4.820000171661377,3000,0.0,0.0
2025-11-17 00:00:00-05:00,4.659999847412109,4.75,4.550000190734863,4.71999979019165,7600,0.0,0.0
2025-11-18 00:00:00-05:00,4.75,4.75,4.71999979019165,4.71999979019165,1100,0.0,0.0
2025-11-19 00:00:00-05:00,4.559999942779541,4.880000114440918,4.559999942779541,4.75,7800,0.0,0.0
2025-11-20 00:00:00-05:00,4.739999771118164,4.739999771118164,4.539999961853027,4.599999904632568,7600,0.0,0.0
2025-11-21 00:00:00-05:00,4.599999904632568,4.690000057220459,4.510000228881836,4.630000114440918,8700,0.0,0.0
2025-11-24 00:00:00-05:00,4.610000133514404,4.809999942779541,4.559999942779541,4.699999809265137,5900,0.0,0.0
2025-11-25 00:00:00-05:00,4.699999809265137,4.699999809265137,4.699999809265137,4.699999809265137,0,0.0,0.0
2025-11-26 00:00:00-05:00,4.630000114440918,4.820000171661377,4.619999885559082,4.619999885559082,3700,0.0,0.0
2025-11-28 00:00:00-05:00,4.849999904632568,4.849999904632568,4.670000076293945,4.670000076293945,900,0.0,0.0
2025-12-01 00:00:00-05:00,4.510000228881836,4.840000152587891,4.510000228881836,4.710000038146973,3000,0.0,0.0
2025-12-02 00:00:00-05:00,4.75,4.989999771118164,4.75,4.909999847412109,7200,0.0,0.0
2025-12-03 00:00:00-05:00,4.889999866485596,4.980000019073486,4.869999885559082,4.980000019073486,7100,0.0,0.0
2025-12-04 00:00:00-05:00,4.949999809265137,4.980000019073486,4.929999828338623,4.949999809265137,6700,0.0,0.0
2025-12-05 00:00:00-05:00,4.909999847412109,4.980000019073486,4.880000114440918,4.960000038146973,4900,0.0,0.0
2025-12-08 00:00:00-05:00,4.940000057220459,5.050000190734863,4.940000057220459,4.980000019073486,7000,0.0,0.0
2025-12-09 00:00:00-05:00,4.980000019073486,5.050000190734863,4.980000019073486,5.050000190734863,8900,0.0,0.0
2025-12-10 00:00:00-05:00,5.070000171661377,5.110000133514404,5.039999961853027,5.039999961853027,8000,0.0,0.0
2025-12-11 00:00:00-05:00,5.070000171661377,5.119999885559082,4.920000076293945,4.920000076293945,1900,0.0,0.0
2025-12-12 00:00:00-05:00,5.119999885559082,5.170000076293945,5.110000133514404,5.110000133514404,4000,0.0,0.0
2025-12-15 00:00:00-05:00,5.130000114440918,5.170000076293945,5.0,5.03000020980835,4400,0.0,0.0
2025-12-16 00:00:00-05:00,4.989999771118164,5.159999847412109,4.989999771118164,5.090000152587891,2000,0.0,0.0
2025-12-17 00:00:00-05:00,5.0,5.0,4.860000133514404,4.860000133514404,5500,0.0,0.0
2025-12-18 00:00:00-05:00,4.869999885559082,4.880000114440918,4.550000190734863,4.550000190734863,8000,0.0,0.0
2025-12-19 00:00:00-05:00,5.0,5.0,4.550000190734863,4.659999847412109,13200,0.0,0.0
2025-12-22 00:00:00-05:00,4.75,4.78000020980835,4.599999904632568,4.670000076293945,6900,0.0,0.0
2025-12-23 00:00:00-05:00,4.900000095367432,4.900000095367432,4.349999904632568,4.670000076293945,15000,0.0,0.0
2025-12-24 00:00:00-05:00,4.670000076293945,4.670000076293945,4.260000228881836,4.550000190734863,7700,0.0,0.0
2025-12-26 00:00:00-05:00,4.360000133514404,4.369999885559082,4.329999923706055,4.349999904632568,2300,0.0,0.0
2025-12-29 00:00:00-05:00,4.349999904632568,4.380000114440918,4.099999904632568,4.139999866485596,11200,0.0,0.0
2025-12-30 00:00:00-05:00,4.329999923706055,4.329999923706055,4.25,4.269999980926514,2200,0.0,0.0
2025-12-31 00:00:00-05:00,4.150000095367432,4.550000190734863,4.150000095367432,4.550000190734863,5400,0.0,0.0
2026-01-02 00:00:00-05:00,4.53000020980835,4.670000076293945,4.46999979019165,4.579999923706055,2900,0.0,0.0
2026-01-05 00:00:00-05:00,4.46999979019165,4.46999979019165,4.210000038146973,4.380000114440918,11000,0.0,0.0
2026-01-06 00:00:00-05:00,4.429999828338623,4.650000095367432,4.400000095367432,4.400000095367432,3000,0.0,0.0
2026-01-07 00:00:00-05:00,4.440000057220459,4.599999904632568,4.329999923706055,4.409999847412109,3600,0.0,0.0
2026-01-08 00:00:00-05:00,4.389999866485596,4.730000019073486,4.389999866485596,4.510000228881836,7200,0.0,0.0
2026-01-09 00:00:00-05:00,4.610000133514404,4.619999885559082,4.53000020980835,4.53000020980835,4300,0.0,0.0
2026-01-12 00:00:00-05:00,4.519999980926514,4.519999980926514,4.179999828338623,4.340000152587891,11300,0.0,0.0
2026-01-13 00:00:00-05:00,4.300000190734863,4.420000076293945,4.269999980926514,4.309999942779541,4900,0.0,0.0
2026-01-14 00:00:00-05:00,4.420000076293945,4.670000076293945,4.400000095367432,4.579999923706055,6500,0.0,0.0
2026-01-15 00:00:00-05:00,4.599999904632568,4.71999979019165,4.510000228881836,4.570000171661377,4100,0.0,0.0
2026-01-16 00:00:00-05:00,4.570000171661377,4.570000171661377,4.28000020980835,4.489999771118164,1900,0.0,0.0
2026-01-20 00:00:00-05:00,4.340000152587891,4.599999904632568,4.340000152587891,4.53000020980835,1500,0.0,0.0
2026-01-21 00:00:00-05:00,4.460000038146973,4.550000190734863,4.360000133514404,4.409999847412109,10900,0.0,0.0
2026-01-22 00:00:00-05:00,4.480000019073486,4.659999847412109,4.440000057220459,4.659999847412109,4900,0.0,0.0
2026-01-23 00:00:00-05:00,4.639999866485596,4.789999961853027,4.639999866485596,4.75,2100,0.0,0.0
2026-01-26 00:00:00-05:00,4.75,6.110000133514404,4.75,5.599999904632568,98700,0.0,0.0
2026-01-27 00:00:00-05:00,5.619999885559082,6.360000133514404,5.409999847412109,5.710000038146973,18100,0.0,0.0
2026-01-28 00:00:00-05:00,5.619999885559082,5.849999904632568,5.369999885559082,5.78000020980835,20600,0.0,0.0
2026-01-29 00:00:00-05:00,5.710000038146973,5.710000038146973,5.550000190734863,5.619999885559082,10800,0.0,0.0
2026-01-30 00:00:00-05:00,5.599999904632568,5.619999885559082,5.559999942779541,5.559999942779541,7700,0.0,0.0
2026-02-02 00:00:00-05:00,5.519999980926514,5.679999828338623,5.519999980926514,5.679999828338623,2700,0.0,0.0
2026-02-03 00:00:00-05:00,5.619999885559082,5.880000114440918,5.460000038146973,5.809999942779541,28900,0.0,0.0
2026-02-04 00:00:00-05:00,5.71999979019165,5.71999979019165,5.5,5.570000171661377,9700,0.0,0.0
2026-02-05 00:00:00-05:00,5.409999847412109,5.690000057220459,5.409999847412109,5.639999866485596,6100,0.0,0.0
2026-02-06 00:00:00-05:00,5.619999885559082,5.619999885559082,5.300000190734863,5.539999961853027,14000,0.0,0.0
2026-02-09 00:00:00-05:00,5.46999979019165,5.659999847412109,5.300000190734863,5.579999923706055,8200,0.0,0.0
2026-02-10 00:00:00-05:00,5.46999979019165,5.46999979019165,5.409999847412109,5.449999809265137,1000,0.0,0.0
2026-02-11 00:00:00-05:00,5.510000228881836,5.539999961853027,5.5,5.539999961853027,1700,0.0,0.0
2026-02-12 00:00:00-05:00,5.46999979019165,5.590000152587891,5.409999847412109,5.489999771118164,3900,0.0,0.0
2026-02-13 00:00:00-05:00,5.46999979019165,5.590000152587891,5.46999979019165,5.550000190734863,1000,0.0,0.0
2026-02-17 00:00:00-05:00,5.349999904632568,5.5,4.949999809265137,5.0,94000,0.0,0.0
2026-02-18 00:00:00-05:00,5.210000038146973,5.349999904632568,5.079999923706055,5.230000019073486,47100,0.0,0.0
2026-02-19 00:00:00-05:00,5.300000190734863,5.300000190734863,5.25,5.289999961853027,21600,0.0,0.0
2026-02-20 00:00:00-05:00,5.340000152587891,5.619999885559082,5.300000190734863,5.619999885559082,18000,0.0,0.0
2026-02-23 00:00:00-05:00,5.760000228881836,5.909999847412109,5.5,5.53000020980835,13600,0.0,0.0
2026-02-24 00:00:00-05:00,5.460000038146973,5.690000057220459,5.449999809265137,5.610000133514404,4200,0.0,0.0
2026-02-25 00:00:00-05:00,5.619999885559082,5.739999771118164,5.519999980926514,5.579999923706055,6200,0.0,0.0
2026-02-26 00:00:00-05:00,5.610000133514404,5.809999942779541,5.519999980926514,5.690000057220459,25300,0.0,0.0
2026-02-27 00:00:00-05:00,5.619999885559082,5.659999847412109,5.53000020980835,5.650000095367432,5800,0.0,0.0
2026-03-02 00:00:00-05:00,5.599999904632568,5.909999847412109,5.449999809265137,5.860000133514404,61800,0.0,0.0
2026-03-03 00:00:00-05:00,5.599999904632568,5.639999866485596,5.429999828338623,5.480000019073486,50900,0.0,0.0
2026-03-04 00:00:00-05:00,5.420000076293945,5.46999979019165,4.929999828338623,5.159999847412109,66500,0.0,0.0
2026-03-05 00:00:00-05:00,4.849999904632568,5.010000228881836,4.210000038146973,4.210000038146973,40500,0.0,0.0
2026-03-06 00:00:00-05:00,4.25,4.599999904632568,3.740000009536743,3.759999990463257,66600,0.0,0.0
2026-03-09 00:00:00-04:00,3.75,3.9800000190734863,3.6500000953674316,3.6600000858306885,58600,0.0,0.0
2026-03-10 00:00:00-04:00,3.609999895095825,3.759999990463257,3.5,3.700000047683716,40100,0.0,0.0
2026-03-11 00:00:00-04:00,3.690000057220459,3.700000047683716,3.549999952316284,3.5899999141693115,18300,0.0,0.0
2026-03-12 00:00:00-04:00,3.609999895095825,4.21999979019165,3.609999895095825,3.690000057220459,29100,0.0,0.0
2026-03-13 00:00:00-04:00,3.680000066757202,3.7699999809265137,3.549999952316284,3.559999942779541,27400,0.0,0.0
2026-03-16 00:00:00-04:00,3.609999895095825,3.680000066757202,3.259999990463257,3.259999990463257,35000,0.0,0.0
2026-03-17 00:00:00-04:00,3.4000000953674316,3.4700000286102295,3.2100000381469727,3.2200000286102295,51500,0.0,0.0
2026-03-18 00:00:00-04:00,3.3299999237060547,3.430000066757202,3.2699999809265137,3.2699999809265137,16200,0.0,0.0
2026-03-19 00:00:00-04:00,3.299999952316284,4.099999904632568,3.299999952316284,3.7699999809265137,323300,0.0,0.0
2026-03-20 00:00:00-04:00,3.8299999237060547,4.75,3.8299999237060547,4.440000057220459,455600,0.0,0.0
2026-03-23 00:00:00-04:00,4.46999979019165,4.699999809265137,4.130000114440918,4.360000133514404,120000,0.0,0.0
2026-03-24 00:00:00-04:00,4.309999942779541,4.820000171661377,4.239999771118164,4.559999942779541,97200,0.0,0.0
2026-03-25 00:00:00-04:00,4.550000190734863,4.650000095367432,4.199999809265137,4.300000190734863,40800,0.0,0.0
2026-03-26 00:00:00-04:00,4.309999942779541,4.690000057220459,4.260000228881836,4.570000171661377,51900,0.0,0.0
2026-03-27 00:00:00-04:00,4.590000152587891,4.929999828338623,4.519999980926514,4.789999961853027,57200,0.0,0.0
2026-03-30 00:00:00-04:00,4.809999942779541,4.809999942779541,4.550000190734863,4.550000190734863,25800,0.0,0.0
2026-03-31 00:00:00-04:00,4.670000076293945,4.670000076293945,4.28000020980835,4.460000038146973,10600,0.0,0.0
2026-04-01 00:00:00-04:00,4.059999942779541,4.53000020980835,3.930000066757202,4.440000057220459,22300,0.0,0.0
2026-04-02 00:00:00-04:00,4.519999980926514,4.829999923706055,4.110000133514404,4.619999885559082,88000,0.0,0.0
2026-04-06 00:00:00-04:00,4.289999961853027,4.289999961853027,3.509999990463257,3.569999933242798,124800,0.0,0.0
2026-04-07 00:00:00-04:00,3.5999999046325684,3.890000104904175,3.549999952316284,3.619999885559082,37600,0.0,0.0
2026-04-08 00:00:00-04:00,3.619999885559082,3.690000057220459,3.4100000858306885,3.5799999237060547,30200,0.0,0.0
2026-04-09 00:00:00-04:00,3.5999999046325684,3.8499999046325684,3.5999999046325684,3.619999885559082,23000,0.0,0.0
2026-04-10 00:00:00-04:00,3.619999885559082,3.7200000286102295,3.4800000190734863,3.4800000190734863,24500,0.0,0.0
2026-04-13 00:00:00-04:00,3.5799999237060547,3.640000104904175,3.2899999618530273,3.4700000286102295,48700,0.0,0.0
2026-04-14 00:00:00-04:00,3.5,3.6500000953674316,3.450000047683716,3.569999933242798,20100,0.0,0.0
2026-04-15 00:00:00-04:00,3.609999895095825,3.7699999809265137,3.5799999237060547,3.619999885559082,11600,0.0,0.0
2026-04-16 00:00:00-04:00,3.619999885559082,3.700000047683716,3.609999895095825,3.619999885559082,7100,0.0,0.0
2026-04-17 00:00:00-04:00,3.559999942779541,3.8299999237060547,3.440000057220459,3.4700000286102295,25100,0.0,0.0
2026-04-20 00:00:00-04:00,3.569999933242798,3.7200000286102295,3.4100000858306885,3.430000066757202,19600,0.0,0.0
2026-04-21 00:00:00-04:00,3.4200000762939453,3.5,3.3299999237060547,3.4600000381469727,17400,0.0,0.0
2026-04-22 00:00:00-04:00,3.4800000190734863,3.490000009536743,3.2100000381469727,3.309999942779541,71900,0.0,0.0
2026-04-23 00:00:00-04:00,3.309999942779541,3.549999952316284,3.309999942779541,3.549999952316284,18900,0.0,0.0
2026-04-24 00:00:00-04:00,3.559999942779541,3.700000047683716,3.5299999713897705,3.640000104904175,12900,0.0,0.0
2026-04-27 00:00:00-04:00,3.6500000953674316,4.130000114440918,3.5299999713897705,4.03000020980835,32500,0.0,0.0
2026-04-28 00:00:00-04:00,3.9700000286102295,4.170000076293945,3.880000114440918,4.039999961853027,25900,0.0,0.0
2026-04-29 00:00:00-04:00,4.130000114440918,4.210000038146973,4.039999961853027,4.179999828338623,27300,0.0,0.0
2026-04-30 00:00:00-04:00,4.170000076293945,4.440000057220459,4.119999885559082,4.25,28400,0.0,0.0
2026-05-01 00:00:00-04:00,4.269999980926514,4.46999979019165,4.269999980926514,4.400000095367432,28200,0.0,0.0
2026-05-04 00:00:00-04:00,4.329999923706055,4.579999923706055,4.329999923706055,4.389999866485596,22100,0.0,0.0
2026-05-05 00:00:00-04:00,4.5,4.5,4.099999904632568,4.099999904632568,21600,0.0,0.0
2026-05-06 00:00:00-04:00,4.239999771118164,4.579999923706055,4.050000190734863,4.309999942779541,33800,0.0,0.0
2026-05-07 00:00:00-04:00,4.119999885559082,4.269999980926514,3.7799999713897705,4.159999847412109,25700,0.0,0.0
2026-05-08 00:00:00-04:00,4.269999980926514,4.309999942779541,4.010000228881836,4.010000228881836,10400,0.0,0.0
2026-05-11 00:00:00-04:00,3.950000047683716,4.070000171661377,3.9000000953674316,3.930000066757202,30500,0.0,0.0
2026-05-12 00:00:00-04:00,3.9600000381469727,3.9800000190734863,3.390000104904175,3.609999895095825,68700,0.0,0.0
2026-05-13 00:00:00-04:00,3.8299999237060547,4.059999942779541,3.690000057220459,3.940000057220459,29700,0.0,0.0
2026-05-14 00:00:00-04:00,4.010000228881836,4.119999885559082,3.950000047683716,3.950000047683716,14900,0.0,0.0
2026-05-15 00:00:00-04:00,4.079999923706055,4.099999904632568,3.9200000762939453,3.950000047683716,9100,0.0,0.0
2026-05-18 00:00:00-04:00,3.890000104904175,3.950000047683716,3.8499999046325684,3.8499999046325684,4900,0.0,0.0
2026-05-19 00:00:00-04:00,3.8499999046325684,3.940000057220459,3.6500000953674316,3.7899999618530273,28900,0.0,0.0
2026-05-20 00:00:00-04:00,3.799999952316284,3.990000009536743,3.7300000190734863,3.7300000190734863,4000,0.0,0.0
2026-05-21 00:00:00-04:00,3.7100000381469727,4.289999961853027,3.7100000381469727,4.269999980926514,39500,0.0,0.0
2026-05-22 00:00:00-04:00,4.019999980926514,4.230000019073486,4.019999980926514,4.139999866485596,9100,0.0,0.0
2026-05-26 00:00:00-04:00,4.110000133514404,4.110000133514404,4.019999980926514,4.070000171661377,11600,0.0,0.0
2026-05-27 00:00:00-04:00,4.010000228881836,4.21999979019165,3.890000104904175,3.890000104904175,14400,0.0,0.0
2026-05-28 00:00:00-04:00,3.9000000953674316,4.070000171661377,3.859999895095825,3.869999885559082,10300,0.0,0.0
2026-05-29 00:00:00-04:00,4.059999942779541,4.059999942779541,3.680000066757202,3.680000066757202,19500,0.0,0.0
2026-06-01 00:00:00-04:00,3.7899999618530273,3.930000066757202,3.690000057220459,3.7200000286102295,7600,0.0,0.0
2026-06-02 00:00:00-04:00,3.7200000286102295,4.0,3.7100000381469727,3.7899999618530273,6900,0.0,0.0
2026-06-03 00:00:00-04:00,3.7899999618530273,4.610000133514404,3.700000047683716,4.5,210100,0.0,0.0
2026-06-04 00:00:00-04:00,4.599999904632568,5.5,4.550000190734863,5.090000152587891,333400,0.0,0.0
2026-06-05 00:00:00-04:00,5.039999961853027,5.289999961853027,4.760000228881836,4.940000057220459,124800,0.0,0.0
2026-06-08 00:00:00-04:00,4.909999847412109,5.090000152587891,4.679999828338623,4.860000133514404,45300,0.0,0.0
2026-06-09 00:00:00-04:00,4.800000190734863,5.070000171661377,4.480000019073486,4.789999961853027,41300,0.0,0.0
2026-06-10 00:00:00-04:00,4.860000133514404,4.949999809265137,4.539999961853027,4.860000133514404,27700,0.0,0.0
2026-06-11 00:00:00-04:00,4.949999809265137,5.170000076293945,4.840000152587891,5.03000020980835,65000,0.0,0.0
2026-06-12 00:00:00-04:00,5.03000020980835,5.420000076293945,5.010000228881836,5.119999885559082,61600,0.0,0.0
2026-06-15 00:00:00-04:00,5.340000152587891,5.340000152587891,4.639999866485596,4.679999828338623,52100,0.0,0.0
2026-06-16 00:00:00-04:00,4.599999904632568,4.760000228881836,4.090000152587891,4.099999904632568,94100,0.0,0.0
2026-06-17 00:00:00-04:00,4.070000171661377,4.369999885559082,3.9700000286102295,4.320000171661377,45200,0.0,0.0
2026-06-18 00:00:00-04:00,4.349999904632568,4.710000038146973,4.300000190734863,4.630000114440918,73600,0.0,0.0
2026-06-22 00:00:00-04:00,4.559999942779541,4.630000114440918,4.5,4.510000228881836,25700,0.0,0.0
2026-06-23 00:00:00-04:00,4.5,4.579999923706055,4.480000019073486,4.5,17600,0.0,0.0
2026-06-24 00:00:00-04:00,4.5,4.659999847412109,4.389999866485596,4.389999866485596,16000,0.0,0.0
2026-06-25 00:00:00-04:00,4.429999828338623,4.46999979019165,3.890000104904175,3.9700000286102295,75600,0.0,0.0
2026-06-26 00:00:00-04:00,4.070000171661377,4.309999942779541,3.700000047683716,3.9100000858306885,49400,0.0,0.0
2026-06-29 00:00:00-04:00,3.799999952316284,4.170000076293945,3.799999952316284,4.010000228881836,14800,0.0,0.0
2026-06-30 00:00:00-04:00,4.179999828338623,4.179999828338623,3.9600000381469727,4.050000190734863,14300,0.0,0.0
2026-07-01 00:00:00-04:00,4.010000228881836,4.199999809265137,4.010000228881836,4.019999980926514,6400,0.0,0.0
2026-07-02 00:00:00-04:00,4.099999904632568,4.389999866485596,4.010000228881836,4.190000057220459,17300,0.0,0.0
2026-07-06 00:00:00-04:00,4.119999885559082,4.340000152587891,4.110000133514404,4.110000133514404,4100,0.0,0.0
2026-07-07 00:00:00-04:00,4.050000190734863,4.300000190734863,3.700000047683716,3.950000047683716,45100,0.0,0.0
2026-07-08 00:00:00-04:00,3.9800000190734863,4.090000152587891,3.7799999713897705,3.7799999713897705,12800,0.0,0.0
2026-07-09 00:00:00-04:00,3.7699999809265137,4.0,3.759999990463257,3.9200000762939453,14600,0.0,0.0
2026-07-10 00:00:00-04:00,3.859999895095825,4.0,3.8299999237060547,3.9700000286102295,2800,0.0,0.0
2026-07-13 00:00:00-04:00,4.0,4.070000171661377,3.930000066757202,3.940000057220459,3900,0.0,0.0
2026-07-14 00:00:00-04:00,4.019999980926514,4.090000152587891,3.7699999809265137,3.7799999713897705,13600,0.0,0.0
2026-07-15 00:00:00-04:00,3.930000066757202,3.940000057220459,3.740000009536743,3.869999885559082,5100,0.0,0.0
2026-07-16 00:00:00-04:00,3.799999952316284,3.859999895095825,3.799999952316284,3.799999952316284,5300,0.0,0.0
2026-07-17 00:00:00-04:00,3.869999885559082,3.9700000286102295,3.700000047683716,3.7899999618530273,18200,0.0,0.0
2026-07-20 00:00:00-04:00,3.7799999713897705,4.010000228881836,3.7100000381469727,3.890000104904175,15200,0.0,0.0
2026-07-21 00:00:00-04:00,3.890000104904175,3.9000000953674316,3.4000000953674316,3.5,53600,0.0,0.0
2026-07-22 00:00:00-04:00,3.5399999618530273,4.860000133514404,3.5399999618530273,4.710000038146973,431300,0.0,0.0
2026-07-23 00:00:00-04:00,4.789999961853027,5.090000152587891,4.559999942779541,4.570000171661377,90000,0.0,0.0
2026-07-24 00:00:00-04:00,4.579999923706055,4.739999771118164,4.210000038146973,4.599999904632568,24800,0.0,0.0
2026-07-27 00:00:00-04:00,4.630000114440918,4.940000057220459,4.559999942779541,4.800000190734863,28400,0.0,0.0
2026-07-28 00:00:00-04:00,4.800000190734863,5.0,4.730000019073486,4.789999961853027,18500,0.0,0.0
2026-07-29 00:00:00-04:00,4.789999961853027,4.929999828338623,4.75,4.809999942779541,10800,0.0,0.0
2026-07-30 00:00:00-04:00,4.820000171661377,4.889999866485596,4.75,4.769999980926514,3700,0.0,0.0
2026-07-31 00:00:00-04:00,4.829999923706055,4.849999904632568,4.71999979019165,4.71999979019165,10300,0.0,0.0
2026-08-03 00:00:00-04:00,4.659999847412109,4.75,4.210000038146973,4.659999847412109,49100,0.0,0.0
2026-08-04 00:00:00-04:00,4.650000095367432,4.820000171661377,4.650000095367432,4.78000020980835,7600,0.0,0.0
2026-08-05 00:00:00-04:00,4.900000095367432,4.900000095367432,4.619999885559082,4.659999847412109,9800,0.0,0.0
2026-08-06 00:00:00-04:00,4.71999979019165,4.730000019073486,4.71999979019165,4.730000019073486,1500,0.0,0.0
2026-08-07 00:00:00-04:00,4.800000190734863,4.889999866485596,4.639999866485596,4.690000057220459,22200,0.0,0.0
2026-08-10 00:00:00-04:00,4.880000114440918,5.190000057220459,4.800000190734863,5.010000228881836,80300,0.0,0.0
2026-08-11 00:00:00-04:00,5.010000228881836,5.199999809265137,4.860000133514404,5.159999847412109,34500,0.0,0.0
2026-08-12 00:00:00-04:00,5.199999809265137,5.5,4.599999904632568,5.5,143000,0.0,0.0
2026-08-13 00:00:00-04:00,5.489999771118164,5.789999961853027,5.269999980926514,5.610000133514404,37000,0.0,0.0
2026-08-14 00:00:00-04:00,5.590000152587891,7.070000171661377,5.590000152587891,6.480000019073486,126100,0.0,0.0
2026-08-17 00:00:00-04:00,6.489999771118164,6.800000190734863,5.75,5.860000133514404,47900,0.0,0.0
2026-08-18 00:00:00-04:00,5.989999771118164,6.320000171661377,5.849999904632568,5.940000057220459,17800,0.0,0.0
2026-08-19 00:00:00-04:00,5.920000076293945,6.179999828338623,5.650000095367432,5.650000095367432,24200,0.0,0.0
2026-08-20 00:00:00-04:00,5.690000057220459,5.849999904632568,5.5,5.570000171661377,17800,0.0,0.0
2026-08-21 00:00:00-04:00,5.75,6.070000171661377,5.5,5.579999923706055,27300,0.0,0.0
2026-08-24 00:00:00-04:00,5.53000020980835,6.019999980926514,5.53000020980835,5.659999847412109,34200,0.0,0.0
2026-08-25 00:00:00-04:00,5.699999809265137,6.039999961853027,5.590000152587891,5.96999979019165,20400,0.0,0.0
2026-08-26 00:00:00-04:00,5.940000057220459,6.050000190734863,5.760000228881836,5.820000171661377,30200,0.0,0.0
2026-08-27 00:00:00-04:00,5.840000152587891,5.869999885559082,5.78000020980835,5.840000152587891,2400,0.0,0.0
2026-08-28 00:00:00-04:00,5.96999979019165,6.050000190734863,5.690000057220459,5.75,22900,0.0,0.0
2026-08-31 00:00:00-04:00,5.760000228881836,6.039999961853027,5.760000228881836,6.0,67700,0.0,0.0
2026-09-01 00:00:00-04:00,6.079999923706055,7.059999942779541,6.019999980926514,6.590000152587891,134500,0.0,0.0
2026-09-02 00:00:00-04:00,6.679999828338623,6.980000019073486,6.190000057220459,6.400000095367432,119100,0.0,0.0
2026-09-03 00:00:00-04:00,6.480000019073486,6.949999809265137,5.929999828338623,6.0,76200,0.0,0.0
2026-09-04 00:00:00-04:00,6.019999980926514,6.190000057220459,5.940000057220459,5.989999771118164,18400,0.0,0.0
