Date,Open,High,Low,Close,Volume,Dividends,Stock Splits
2017-04-28 00:00:00-04:00,49875.0,50925.0,46500.0,48000.0,502,0.0,0.0
2017-05-01 00:00:00-04:00,50250.0,62850.0,49500.0,57375.0,226,0.0,0.0
2017-05-02 00:00:00-04:00,57525.0,59775.0,52770.0,59025.0,110,0.0,0.0
2017-05-03 00:00:00-04:00,59025.0,59775.0,57075.0,59025.0,21,0.0,0.0
2017-05-04 00:00:00-04:00,59250.0,59250.0,57307.5,58575.0,17,0.0,0.0
2017-05-05 00:00:00-04:00,58200.0,59400.0,55785.0,56775.0,18,0.0,0.0
2017-05-08 00:00:00-04:00,56625.0,57277.5,56025.0,56775.0,13,0.0,0.0
2017-05-09 00:00:00-04:00,56400.0,61500.0,56400.0,60150.0,42,0.0,0.0
2017-05-10 00:00:00-04:00,61125.0,62287.5,57000.0,58200.0,43,0.0,0.0
2017-05-11 00:00:00-04:00,58350.0,60600.0,58275.0,59550.0,22,0.0,0.0
2017-05-12 00:00:00-04:00,59850.0,60240.0,58575.0,59100.0,17,0.0,0.0
2017-05-15 00:00:00-04:00,59100.0,59250.0,56700.0,58950.0,19,0.0,0.0
2017-05-16 00:00:00-04:00,59250.0,59775.0,56250.0,56625.0,25,0.0,0.0
2017-05-17 00:00:00-04:00,56175.0,57225.0,54750.0,56475.0,17,0.0,0.0
2017-05-18 00:00:00-04:00,56100.0,57825.0,55125.0,55125.0,6,0.0,0.0
2017-05-19 00:00:00-04:00,54675.0,55800.0,52500.0,54300.0,11,0.0,0.0
2017-05-22 00:00:00-04:00,53850.0,56625.0,51375.0,55725.0,30,0.0,0.0
2017-05-23 00:00:00-04:00,55275.0,56175.0,54375.0,55425.0,8,0.0,0.0
2017-05-24 00:00:00-04:00,55125.0,55500.0,54375.0,54600.0,20,0.0,0.0
2017-05-25 00:00:00-04:00,53400.0,54375.0,52425.0,52950.0,24,0.0,0.0
2017-05-26 00:00:00-04:00,53625.0,53625.0,52350.0,53025.0,17,0.0,0.0
2017-05-30 00:00:00-04:00,53325.0,54375.0,52575.0,53100.0,22,0.0,0.0
2017-05-31 00:00:00-04:00,55350.0,55350.0,52200.0,53100.0,26,0.0,0.0
2017-06-01 00:00:00-04:00,53025.0,53025.0,49125.0,51600.0,40,0.0,0.0
2017-06-02 00:00:00-04:00,51600.0,51600.0,47025.0,48000.0,51,0.0,0.0
2017-06-05 00:00:00-04:00,48000.0,48225.0,45000.0,47925.0,24,0.0,0.0
2017-06-06 00:00:00-04:00,47100.0,47467.5,45577.5,46350.0,10,0.0,0.0
2017-06-07 00:00:00-04:00,46725.0,51450.0,46350.0,51150.0,17,0.0,0.0
2017-06-08 00:00:00-04:00,52800.0,57000.0,52275.0,52500.0,61,0.0,0.0
2017-06-09 00:00:00-04:00,52875.0,52875.0,50700.0,51525.0,3,0.0,0.0
2017-06-12 00:00:00-04:00,50625.0,51900.0,50625.0,51675.0,2,0.0,0.0
2017-06-13 00:00:00-04:00,51600.0,52125.0,51075.0,51975.0,2,0.0,0.0
2017-06-14 00:00:00-04:00,51975.0,53325.0,51975.0,52125.0,17,0.0,0.0
2017-06-15 00:00:00-04:00,52950.0,53280.0,51600.0,52425.0,12,0.0,0.0
2017-06-16 00:00:00-04:00,51750.0,52050.0,50700.0,50925.0,2,0.0,0.0
2017-06-19 00:00:00-04:00,50625.0,51375.0,50025.0,50550.0,5,0.0,0.0
2017-06-20 00:00:00-04:00,49875.0,50137.5,48975.0,49350.0,2,0.0,0.0
2017-06-21 00:00:00-04:00,48900.0,49500.0,48750.0,49425.0,2,0.0,0.0
2017-06-22 00:00:00-04:00,48750.0,49477.5,45450.0,46350.0,18,0.0,0.0
2017-06-23 00:00:00-04:00,46350.0,47700.0,45000.0,47475.0,13,0.0,0.0
2017-06-26 00:00:00-04:00,47700.0,48450.0,45525.0,46200.0,24,0.0,0.0
2017-06-27 00:00:00-04:00,45075.0,46477.5,45000.0,45075.0,14,0.0,0.0
2017-06-28 00:00:00-04:00,44700.0,46050.0,43875.0,44625.0,38,0.0,0.0
2017-06-29 00:00:00-04:00,43650.0,44550.0,42000.0,43650.0,20,0.0,0.0
2017-06-30 00:00:00-04:00,43125.0,44775.0,42000.0,42900.0,15,0.0,0.0
2017-07-03 00:00:00-04:00,42900.0,43500.0,42900.0,43500.0,2,0.0,0.0
2017-07-05 00:00:00-04:00,43875.0,44400.0,42810.0,43200.0,7,0.0,0.0
2017-07-06 00:00:00-04:00,43125.0,44850.0,42675.0,44475.0,5,0.0,0.0
2017-07-07 00:00:00-04:00,44700.0,44775.0,43500.0,44475.0,7,0.0,0.0
2017-07-10 00:00:00-04:00,44475.0,45397.5,43500.0,44475.0,7,0.0,0.0
2017-07-11 00:00:00-04:00,44625.0,46050.0,44625.0,45000.0,7,0.0,0.0
2017-07-12 00:00:00-04:00,45675.0,46027.5,44700.0,45525.0,12,0.0,0.0
2017-07-13 00:00:00-04:00,45900.0,47325.0,45457.5,47250.0,11,0.0,0.0
2017-07-14 00:00:00-04:00,46575.0,54517.5,46575.0,53625.0,34,0.0,0.0
2017-07-17 00:00:00-04:00,53175.0,53625.0,49875.0,52050.0,12,0.0,0.0
2017-07-18 00:00:00-04:00,52500.0,53197.5,51082.5,52425.0,5,0.0,0.0
2017-07-19 00:00:00-04:00,52875.0,54375.0,51165.0,52200.0,7,0.0,0.0
2017-07-20 00:00:00-04:00,51750.0,53775.0,50100.0,52125.0,5,0.0,0.0
2017-07-21 00:00:00-04:00,52500.0,54300.0,50850.0,51000.0,8,0.0,0.0
2017-07-24 00:00:00-04:00,50850.0,51525.0,49500.0,51225.0,11,0.0,0.0
2017-07-25 00:00:00-04:00,51225.0,51375.0,50700.0,50925.0,3,0.0,0.0
2017-07-26 00:00:00-04:00,50550.0,51600.0,50475.0,50925.0,2,0.0,0.0
2017-07-27 00:00:00-04:00,50527.5,51075.0,50400.0,50625.0,4,0.0,0.0
2017-07-28 00:00:00-04:00,50250.0,50842.5,49575.0,49950.0,3,0.0,0.0
2017-07-31 00:00:00-04:00,50625.0,52875.0,49575.0,52500.0,8,0.0,0.0
2017-08-01 00:00:00-04:00,52500.0,55050.0,51975.0,52500.0,10,0.0,0.0
2017-08-02 00:00:00-04:00,52650.0,52650.0,50325.0,51525.0,5,0.0,0.0
2017-08-03 00:00:00-04:00,51075.0,52372.5,51075.0,51450.0,3,0.0,0.0
2017-08-04 00:00:00-04:00,52125.0,52425.0,51150.0,51975.0,4,0.0,0.0
2017-08-07 00:00:00-04:00,52500.0,52725.0,51225.0,52200.0,6,0.0,0.0
2017-08-08 00:00:00-04:00,52500.0,55425.0,52350.0,52425.0,36,0.0,0.0
2017-08-09 00:00:00-04:00,52350.0,53175.0,51750.0,52275.0,12,0.0,0.0
2017-08-10 00:00:00-04:00,52275.0,52575.0,51150.0,51750.0,9,0.0,0.0
2017-08-11 00:00:00-04:00,51000.0,53400.0,51000.0,51450.0,14,0.0,0.0
2017-08-14 00:00:00-04:00,51675.0,52162.5,51300.0,51675.0,12,0.0,0.0
2017-08-15 00:00:00-04:00,53250.0,53250.0,51075.0,51675.0,11,0.0,0.0
2017-08-16 00:00:00-04:00,51150.0,54075.0,51075.0,51675.0,27,0.0,0.0
2017-08-17 00:00:00-04:00,52050.0,52050.0,48975.0,49125.0,17,0.0,0.0
2017-08-18 00:00:00-04:00,48975.0,49500.0,46875.0,47625.0,12,0.0,0.0
2017-08-21 00:00:00-04:00,48225.0,48225.0,45075.0,45525.0,14,0.0,0.0
2017-08-22 00:00:00-04:00,45450.0,46275.0,45150.0,45750.0,5,0.0,0.0
2017-08-23 00:00:00-04:00,45375.0,46200.0,45225.0,45750.0,3,0.0,0.0
2017-08-24 00:00:00-04:00,45750.0,47100.0,45600.0,46350.0,5,0.0,0.0
2017-08-25 00:00:00-04:00,46050.0,47325.0,46050.0,47325.0,3,0.0,0.0
2017-08-28 00:00:00-04:00,48075.0,48075.0,45750.0,45825.0,8,0.0,0.0
2017-08-29 00:00:00-04:00,45375.0,49425.0,45375.0,47850.0,20,0.0,0.0
2017-08-30 00:00:00-04:00,48525.0,49200.0,47550.0,48150.0,7,0.0,0.0
2017-08-31 00:00:00-04:00,48525.0,49125.0,47400.0,48525.0,3,0.0,0.0
2017-09-01 00:00:00-04:00,48750.0,51150.0,48000.0,51150.0,19,0.0,0.0
2017-09-05 00:00:00-04:00,51750.0,51750.0,48825.0,50325.0,11,0.0,0.0
2017-09-06 00:00:00-04:00,50250.0,50850.0,48750.0,48825.0,13,0.0,0.0
2017-09-07 00:00:00-04:00,49125.0,49725.0,48225.0,48600.0,13,0.0,0.0
2017-09-08 00:00:00-04:00,48225.0,48675.0,45750.0,46200.0,10,0.0,0.0
2017-09-11 00:00:00-04:00,47227.5,47850.0,46500.0,47025.0,8,0.0,0.0
2017-09-12 00:00:00-04:00,46950.0,47250.0,46425.0,46425.0,4,0.0,0.0
2017-09-13 00:00:00-04:00,46950.0,47325.0,45900.0,47325.0,15,0.0,0.0
2017-09-14 00:00:00-04:00,46875.0,47625.0,45900.0,46350.0,6,0.0,0.0
2017-09-15 00:00:00-04:00,46275.0,46575.0,45825.0,45975.0,5,0.0,0.0
2017-09-18 00:00:00-04:00,46425.0,46875.0,45750.0,45975.0,6,0.0,0.0
2017-09-19 00:00:00-04:00,45975.0,46350.0,45750.0,45750.0,11,0.0,0.0
2017-09-20 00:00:00-04:00,45750.0,45975.0,45375.0,45750.0,7,0.0,0.0
2017-09-21 00:00:00-04:00,45750.0,49125.0,45375.0,48000.0,28,0.0,0.0
2017-09-22 00:00:00-04:00,48000.0,52950.0,48000.0,52950.0,40,0.0,0.0
2017-09-25 00:00:00-04:00,52425.0,53475.0,50550.0,50625.0,27,0.0,0.0
2017-09-26 00:00:00-04:00,50550.0,50925.0,49875.0,50400.0,5,0.0,0.0
2017-09-27 00:00:00-04:00,50475.0,50565.0,48750.0,49650.0,9,0.0,0.0
2017-09-28 00:00:00-04:00,49837.5,50025.0,48900.0,49800.0,3,0.0,0.0
2017-09-29 00:00:00-04:00,49500.0,49950.0,48450.0,49425.0,5,0.0,0.0
2017-10-02 00:00:00-04:00,49650.0,50550.0,49125.0,50287.5,6,0.0,0.0
2017-10-03 00:00:00-04:00,50400.0,54000.0,50400.0,53925.0,12,0.0,0.0
2017-10-04 00:00:00-04:00,54000.0,60000.0,53175.0,56775.0,36,0.0,0.0
2017-10-05 00:00:00-04:00,58125.0,58125.0,54600.0,55650.0,7,0.0,0.0
2017-10-06 00:00:00-04:00,54975.0,55650.0,54225.0,55125.0,4,0.0,0.0
2017-10-09 00:00:00-04:00,55950.0,63375.0,55350.0,58050.0,64,0.0,0.0
2017-10-10 00:00:00-04:00,58950.0,63000.0,57825.0,58950.0,30,0.0,0.0
2017-10-11 00:00:00-04:00,59025.0,78900.0,58950.0,78450.0,136,0.0,0.0
2017-10-12 00:00:00-04:00,76125.0,92250.0,67500.0,74250.0,216,0.0,0.0
2017-10-13 00:00:00-04:00,74250.0,85500.0,71122.5,84900.0,72,0.0,0.0
2017-10-16 00:00:00-04:00,85350.0,86550.0,76500.0,81825.0,83,0.0,0.0
2017-10-17 00:00:00-04:00,83100.0,96450.0,82950.0,85725.0,191,0.0,0.0
2017-10-18 00:00:00-04:00,85950.0,89197.5,77452.5,78750.0,147,0.0,0.0
2017-10-19 00:00:00-04:00,76425.0,80250.0,73125.0,76650.0,57,0.0,0.0
2017-10-20 00:00:00-04:00,77625.0,79275.0,73875.0,74100.0,44,0.0,0.0
2017-10-23 00:00:00-04:00,74100.0,78127.5,66600.0,67950.0,66,0.0,0.0
2017-10-24 00:00:00-04:00,68617.5,70950.0,63825.0,65175.0,41,0.0,0.0
2017-10-25 00:00:00-04:00,63975.0,65400.0,58500.0,58875.0,102,0.0,0.0
2017-10-26 00:00:00-04:00,58875.0,62850.0,57007.5,58650.0,46,0.0,0.0
2017-10-27 00:00:00-04:00,60375.0,60375.0,57600.0,59175.0,34,0.0,0.0
2017-10-30 00:00:00-04:00,58275.0,65850.0,56250.0,63000.0,69,0.0,0.0
2017-10-31 00:00:00-04:00,63525.0,63892.5,60225.0,60600.0,33,0.0,0.0
2017-11-01 00:00:00-04:00,60675.0,62550.0,58950.0,59925.0,30,0.0,0.0
2017-11-02 00:00:00-04:00,59325.0,61050.0,57750.0,59400.0,28,0.0,0.0
2017-11-03 00:00:00-04:00,59250.0,60352.5,58200.0,58425.0,23,0.0,0.0
2017-11-06 00:00:00-05:00,58800.0,59250.0,54825.0,55875.0,31,0.0,0.0
2017-11-07 00:00:00-05:00,55425.0,56250.0,54000.0,55125.0,21,0.0,0.0
2017-11-08 00:00:00-05:00,55575.0,57000.0,54750.0,55425.0,19,0.0,0.0
2017-11-09 00:00:00-05:00,56250.0,69000.0,53400.0,63225.0,260,0.0,0.0
2017-11-10 00:00:00-05:00,62775.0,73050.0,62625.0,70050.0,224,0.0,0.0
2017-11-13 00:00:00-05:00,71175.0,73350.0,67500.0,70050.0,50,0.0,0.0
2017-11-14 00:00:00-05:00,70350.0,78000.0,69525.0,74475.0,94,0.0,0.0
2017-11-15 00:00:00-05:00,76650.0,76650.0,69975.0,75225.0,91,0.0,0.0
2017-11-16 00:00:00-05:00,75600.0,81225.0,68325.0,71475.0,103,0.0,0.0
2017-11-17 00:00:00-05:00,70800.0,72525.0,66000.0,67950.0,64,0.0,0.0
2017-11-20 00:00:00-05:00,69450.0,72600.0,67200.0,68475.0,40,0.0,0.0
2017-11-21 00:00:00-05:00,59775.0,72000.0,54652.5,70725.0,141,0.0,0.0
2017-11-22 00:00:00-05:00,70500.0,70500.0,64875.0,66450.0,46,0.0,0.0
2017-11-24 00:00:00-05:00,66225.0,66450.0,57000.0,57000.0,106,0.0,0.0
2017-11-27 00:00:00-05:00,58500.0,60750.0,57000.0,59550.0,141,0.0,0.0
2017-11-28 00:00:00-05:00,59775.0,60000.0,58275.0,58800.0,71,0.0,0.0
2017-11-29 00:00:00-05:00,58800.0,60375.0,57075.0,57375.0,59,0.0,0.0
2017-11-30 00:00:00-05:00,57825.0,58725.0,55650.0,55650.0,121,0.0,0.0
2017-12-01 00:00:00-05:00,52725.0,52875.0,45150.0,45150.0,183,0.0,0.0
2017-12-04 00:00:00-05:00,49125.0,49125.0,38250.0,39000.0,290,0.0,0.0
2017-12-05 00:00:00-05:00,39825.0,39825.0,34500.0,38925.0,188,0.0,0.0
2017-12-06 00:00:00-05:00,38925.0,42000.0,37687.5,40050.0,84,0.0,0.0
2017-12-07 00:00:00-05:00,39825.0,43350.0,38025.0,38400.0,88,0.0,0.0
2017-12-08 00:00:00-05:00,38475.0,45450.0,38475.0,45000.0,164,0.0,0.0
2017-12-11 00:00:00-05:00,45300.0,49200.0,43275.0,44850.0,108,0.0,0.0
2017-12-12 00:00:00-05:00,44250.0,46575.0,44025.0,45900.0,104,0.0,0.0
2017-12-13 00:00:00-05:00,45975.0,49050.0,45075.0,48750.0,114,0.0,0.0
2017-12-14 00:00:00-05:00,48300.0,51525.0,47175.0,47625.0,58,0.0,0.0
2017-12-15 00:00:00-05:00,47100.0,48525.0,43875.0,45750.0,60,0.0,0.0
2017-12-18 00:00:00-05:00,46200.0,46350.0,44250.0,45075.0,49,0.0,0.0
2017-12-19 00:00:00-05:00,44925.0,45000.0,43050.0,43950.0,37,0.0,0.0
2017-12-20 00:00:00-05:00,43575.0,44700.0,41925.0,42675.0,41,0.0,0.0
2017-12-21 00:00:00-05:00,42750.0,43425.0,41775.0,43200.0,67,0.0,0.0
2017-12-22 00:00:00-05:00,43275.0,44400.0,43125.0,43500.0,26,0.0,0.0
2017-12-26 00:00:00-05:00,43500.0,43612.5,41850.0,42375.0,30,0.0,0.0
2017-12-27 00:00:00-05:00,42600.0,43275.0,41842.5,42225.0,38,0.0,0.0
2017-12-28 00:00:00-05:00,42300.0,44025.0,42000.0,43725.0,25,0.0,0.0
2017-12-29 00:00:00-05:00,44325.0,44325.0,42750.0,42900.0,19,0.0,0.0
2018-01-02 00:00:00-05:00,44100.0,48750.0,44025.0,47025.0,58,0.0,0.0
2018-01-03 00:00:00-05:00,47250.0,47700.0,45825.0,45825.0,28,0.0,0.0
2018-01-04 00:00:00-05:00,46425.0,47175.0,45000.0,45900.0,25,0.0,0.0
2018-01-05 00:00:00-05:00,45975.0,48750.0,45600.0,47475.0,36,0.0,0.0
2018-01-08 00:00:00-05:00,47250.0,47250.0,45075.0,45150.0,42,0.0,0.0
2018-01-09 00:00:00-05:00,45075.0,46875.0,45000.0,45900.0,46,0.0,0.0
2018-01-10 00:00:00-05:00,45525.0,46425.0,43650.0,46125.0,39,0.0,0.0
2018-01-11 00:00:00-05:00,45525.0,46275.0,44175.0,44175.0,51,0.0,0.0
2018-01-12 00:00:00-05:00,44775.0,44790.0,40125.0,41925.0,73,0.0,0.0
2018-01-16 00:00:00-05:00,42375.0,42750.0,40875.0,41100.0,36,0.0,0.0
2018-01-17 00:00:00-05:00,41850.0,42000.0,40575.0,41325.0,21,0.0,0.0
2018-01-18 00:00:00-05:00,42375.0,42375.0,41250.0,41625.0,19,0.0,0.0
2018-01-19 00:00:00-05:00,41625.0,41850.0,40875.0,40875.0,20,0.0,0.0
2018-01-22 00:00:00-05:00,41025.0,42000.0,39825.0,41625.0,26,0.0,0.0
2018-01-23 00:00:00-05:00,41850.0,42075.0,41325.0,42000.0,20,0.0,0.0
2018-01-24 00:00:00-05:00,42150.0,44850.0,42000.0,44550.0,53,0.0,0.0
2018-01-25 00:00:00-05:00,45375.0,45525.0,44032.5,44625.0,38,0.0,0.0
2018-01-26 00:00:00-05:00,45075.0,45075.0,43650.0,44550.0,67,0.0,0.0
2018-01-29 00:00:00-05:00,44175.0,44175.0,42825.0,43575.0,10,0.0,0.0
2018-01-30 00:00:00-05:00,42825.0,42825.0,41250.0,41400.0,20,0.0,0.0
2018-01-31 00:00:00-05:00,41700.0,43500.0,41700.0,43050.0,40,0.0,0.0
2018-02-01 00:00:00-05:00,42150.0,43575.0,40875.0,41100.0,15,0.0,0.0
2018-02-02 00:00:00-05:00,40950.0,40950.0,37200.0,38700.0,59,0.0,0.0
2018-02-05 00:00:00-05:00,38400.0,39000.0,36000.0,36150.0,34,0.0,0.0
2018-02-06 00:00:00-05:00,36300.0,37500.0,34650.0,36150.0,51,0.0,0.0
2018-02-07 00:00:00-05:00,37275.0,37275.0,35182.5,35775.0,36,0.0,0.0
2018-02-08 00:00:00-05:00,36375.0,36975.0,34875.0,34950.0,46,0.0,0.0
2018-02-09 00:00:00-05:00,36525.0,36825.0,33000.0,34125.0,63,0.0,0.0
2018-02-12 00:00:00-05:00,35025.0,35925.0,33450.0,34650.0,57,0.0,0.0
2018-02-13 00:00:00-05:00,34350.0,35790.0,33000.0,34725.0,69,0.0,0.0
2018-02-14 00:00:00-05:00,35250.0,36975.0,34500.0,35700.0,30,0.0,0.0
2018-02-15 00:00:00-05:00,36675.0,39262.5,35400.0,38775.0,24,0.0,0.0
2018-02-16 00:00:00-05:00,39225.0,39600.0,36525.0,37950.0,23,0.0,0.0
2018-02-20 00:00:00-05:00,37050.0,38175.0,36225.0,36750.0,24,0.0,0.0
2018-02-21 00:00:00-05:00,37125.0,38250.0,36675.0,37575.0,14,0.0,0.0
2018-02-22 00:00:00-05:00,37500.0,37875.0,36750.0,37050.0,14,0.0,0.0
2018-02-23 00:00:00-05:00,37200.0,37387.5,36300.0,36600.0,11,0.0,0.0
2018-02-26 00:00:00-05:00,36600.0,36900.0,35325.0,35550.0,12,0.0,0.0
2018-02-27 00:00:00-05:00,36750.0,38100.0,36750.0,37125.0,25,0.0,0.0
2018-02-28 00:00:00-05:00,37125.0,37125.0,34500.0,35025.0,29,0.0,0.0
2018-03-01 00:00:00-05:00,35175.0,38100.0,35175.0,36900.0,23,0.0,0.0
2018-03-02 00:00:00-05:00,36825.0,38850.0,35325.0,38700.0,11,0.0,0.0
2018-03-05 00:00:00-05:00,37725.0,38700.0,36600.0,37650.0,7,0.0,0.0
2018-03-06 00:00:00-05:00,37800.0,38025.0,36225.0,37275.0,14,0.0,0.0
2018-03-07 00:00:00-05:00,37275.0,38100.0,36600.0,36975.0,10,0.0,0.0
2018-03-08 00:00:00-05:00,37350.0,39600.0,37350.0,39225.0,27,0.0,0.0
2018-03-09 00:00:00-05:00,39150.0,41250.0,38700.0,40800.0,19,0.0,0.0
2018-03-12 00:00:00-04:00,41775.0,42750.0,40950.0,41925.0,15,0.0,0.0
2018-03-13 00:00:00-04:00,41925.0,41925.0,39225.0,40200.0,9,0.0,0.0
2018-03-14 00:00:00-04:00,40800.0,40800.0,38775.0,39075.0,9,0.0,0.0
2018-03-15 00:00:00-04:00,39975.0,40800.0,38775.0,40050.0,7,0.0,0.0
2018-03-16 00:00:00-04:00,40050.0,40800.0,39000.0,40350.0,5,0.0,0.0
2018-03-19 00:00:00-04:00,39750.0,41025.0,39457.5,40200.0,5,0.0,0.0
2018-03-20 00:00:00-04:00,39675.0,41250.0,38400.0,39000.0,11,0.0,0.0
2018-03-21 00:00:00-04:00,38175.0,39675.0,37950.0,39000.0,6,0.0,0.0
2018-03-22 00:00:00-04:00,38400.0,38775.0,37612.5,38250.0,12,0.0,0.0
2018-03-23 00:00:00-04:00,37800.0,37800.0,35325.0,35475.0,10,0.0,0.0
2018-03-26 00:00:00-04:00,36150.0,36300.0,34725.0,36000.0,13,0.0,0.0
2018-03-27 00:00:00-04:00,35625.0,36600.0,35152.5,35475.0,9,0.0,0.0
2018-03-28 00:00:00-04:00,35025.0,36450.0,35025.0,36075.0,8,0.0,0.0
2018-03-29 00:00:00-04:00,35775.0,38175.0,35775.0,37350.0,12,0.0,0.0
2018-04-02 00:00:00-04:00,37425.0,37500.0,35625.0,37125.0,5,0.0,0.0
2018-04-03 00:00:00-04:00,36900.0,37500.0,36187.5,36600.0,12,0.0,0.0
2018-04-04 00:00:00-04:00,36600.0,36675.0,32475.0,34350.0,55,0.0,0.0
2018-04-05 00:00:00-04:00,33375.0,34125.0,29475.0,31875.0,80,0.0,0.0
2018-04-06 00:00:00-04:00,31050.0,31575.0,29775.0,30600.0,37,0.0,0.0
2018-04-09 00:00:00-04:00,30675.0,31500.0,30000.0,30075.0,16,0.0,0.0
2018-04-10 00:00:00-04:00,30225.0,31125.0,29475.0,30750.0,21,0.0,0.0
2018-04-11 00:00:00-04:00,31050.0,31875.0,30525.0,30750.0,9,0.0,0.0
2018-04-12 00:00:00-04:00,31350.0,31800.0,29625.0,31350.0,14,0.0,0.0
2018-04-13 00:00:00-04:00,30975.0,35137.5,30825.0,33975.0,29,0.0,0.0
2018-04-16 00:00:00-04:00,33975.0,33975.0,31650.0,32325.0,11,0.0,0.0
2018-04-17 00:00:00-04:00,31950.0,33750.0,31500.0,33675.0,13,0.0,0.0
2018-04-18 00:00:00-04:00,33375.0,34200.0,32475.0,33075.0,6,0.0,0.0
2018-04-19 00:00:00-04:00,32430.0,33525.0,31950.0,32325.0,8,0.0,0.0
2018-04-20 00:00:00-04:00,31800.0,32925.0,30075.0,32625.0,7,0.0,0.0
2018-04-23 00:00:00-04:00,31950.0,32250.0,31125.0,31350.0,5,0.0,0.0
2018-04-24 00:00:00-04:00,32025.0,32475.0,30975.0,31275.0,5,0.0,0.0
2018-04-25 00:00:00-04:00,30750.0,31500.0,28725.0,29250.0,16,0.0,0.0
2018-04-26 00:00:00-04:00,29475.0,30750.0,28755.0,30600.0,16,0.0,0.0
2018-04-27 00:00:00-04:00,30750.0,31725.0,30150.0,31050.0,9,0.0,0.0
2018-04-30 00:00:00-04:00,31575.0,31575.0,30075.0,31050.0,10,0.0,0.0
2018-05-01 00:00:00-04:00,30525.0,30825.0,30000.0,30225.0,3,0.0,0.0
2018-05-02 00:00:00-04:00,30540.0,31125.0,30150.0,30750.0,4,0.0,0.0
2018-05-03 00:00:00-04:00,30225.0,31875.0,30225.0,31350.0,11,0.0,0.0
2018-05-04 00:00:00-04:00,31125.0,32250.0,31117.5,31875.0,9,0.0,0.0
2018-05-07 00:00:00-04:00,32025.0,32137.5,30450.0,31575.0,11,0.0,0.0
2018-05-08 00:00:00-04:00,31725.0,31875.0,30675.0,31125.0,4,0.0,0.0
2018-05-09 00:00:00-04:00,31500.0,31800.0,30750.0,31350.0,6,0.0,0.0
2018-05-10 00:00:00-04:00,30975.0,31650.0,30712.5,30975.0,4,0.0,0.0
2018-05-11 00:00:00-04:00,31125.0,32325.0,30975.0,32100.0,10,0.0,0.0
2018-05-14 00:00:00-04:00,32115.0,32700.0,30885.0,31575.0,8,0.0,0.0
2018-05-15 00:00:00-04:00,31800.0,31800.0,30075.0,30225.0,12,0.0,0.0
2018-05-16 00:00:00-04:00,30337.5,30525.0,28050.0,28425.0,58,0.0,0.0
2018-05-17 00:00:00-04:00,29250.0,29700.0,28275.0,28800.0,22,0.0,0.0
2018-05-18 00:00:00-04:00,29025.0,29700.0,27975.0,28575.0,20,0.0,0.0
2018-05-21 00:00:00-04:00,28575.0,29325.0,27150.0,27525.0,18,0.0,0.0
2018-05-22 00:00:00-04:00,27525.0,27600.0,24600.0,25125.0,20,0.0,0.0
2018-05-23 00:00:00-04:00,24750.0,24900.0,21900.0,22125.0,36,0.0,0.0
2018-05-24 00:00:00-04:00,22050.0,25650.0,22050.0,24675.0,29,0.0,0.0
2018-05-25 00:00:00-04:00,24675.0,24975.0,22875.0,23625.0,18,0.0,0.0
2018-05-29 00:00:00-04:00,23550.0,24000.0,22500.0,22575.0,17,0.0,0.0
2018-05-30 00:00:00-04:00,23025.0,23700.0,21600.0,22125.0,19,0.0,0.0
2018-05-31 00:00:00-04:00,22500.0,23925.0,22125.0,23475.0,95,0.0,0.0
2018-06-01 00:00:00-04:00,22725.0,23925.0,22575.0,23325.0,25,0.0,0.0
2018-06-04 00:00:00-04:00,23850.0,25650.0,22725.0,25350.0,19,0.0,0.0
2018-06-05 00:00:00-04:00,24975.0,25275.0,24150.0,25050.0,9,0.0,0.0
2018-06-06 00:00:00-04:00,25650.0,25650.0,23250.0,23850.0,26,0.0,0.0
2018-06-07 00:00:00-04:00,24150.0,24450.0,22200.0,22950.0,22,0.0,0.0
2018-06-08 00:00:00-04:00,23550.0,23775.0,19575.0,19875.0,75,0.0,0.0
2018-06-11 00:00:00-04:00,21075.0,22500.0,21000.0,22050.0,29,0.0,0.0
2018-06-12 00:00:00-04:00,22875.0,22950.0,21900.0,22125.0,13,0.0,0.0
2018-06-13 00:00:00-04:00,22125.0,22650.0,21825.0,21975.0,78,0.0,0.0
2018-06-14 00:00:00-04:00,22275.0,22950.0,21952.5,22500.0,22,0.0,0.0
2018-06-15 00:00:00-04:00,20625.0,22575.0,19875.0,22200.0,47,0.0,0.0
2018-06-18 00:00:00-04:00,21375.0,21600.0,20475.0,21000.0,31,0.0,0.0
2018-06-19 00:00:00-04:00,20925.0,21075.0,20400.0,20625.0,18,0.0,0.0
2018-06-20 00:00:00-04:00,21150.0,21150.0,19950.0,20025.0,27,0.0,0.0
2018-06-21 00:00:00-04:00,20025.0,20325.0,19725.0,19725.0,28,0.0,0.0
2018-06-22 00:00:00-04:00,19800.0,20062.5,19125.0,19275.0,30,0.0,0.0
2018-06-25 00:00:00-04:00,19125.0,19275.0,17550.0,18000.0,36,0.0,0.0
2018-06-26 00:00:00-04:00,18000.0,19725.0,18000.0,18825.0,33,0.0,0.0
2018-06-27 00:00:00-04:00,18525.0,18675.0,18000.0,18150.0,7,0.0,0.0
2018-06-28 00:00:00-04:00,18300.0,18450.0,17475.0,18225.0,20,0.0,0.0
2018-06-29 00:00:00-04:00,17152.5,17152.5,15075.0,16275.0,77,0.0,0.0
2018-07-02 00:00:00-04:00,16275.0,16500.0,15975.0,16200.0,35,0.0,0.0
2018-07-03 00:00:00-04:00,16200.0,17175.0,16125.0,16725.0,12,0.0,0.0
2018-07-05 00:00:00-04:00,17025.0,17025.0,15975.0,16425.0,8,0.0,0.0
2018-07-06 00:00:00-04:00,16125.0,16800.0,15825.0,16125.0,28,0.0,0.0
2018-07-09 00:00:00-04:00,16350.0,16650.0,15750.0,16275.0,16,0.0,0.0
2018-07-10 00:00:00-04:00,16050.0,16050.0,15075.0,15675.0,20,0.0,0.0
2018-07-11 00:00:00-04:00,15375.0,15750.0,14850.0,15300.0,16,0.0,0.0
2018-07-12 00:00:00-04:00,15300.0,15600.0,15075.0,15300.0,6,0.0,0.0
2018-07-13 00:00:00-04:00,15150.0,15225.0,14625.0,14850.0,11,0.0,0.0
2018-07-16 00:00:00-04:00,14700.0,14775.0,13575.0,13800.0,18,0.0,0.0
2018-07-17 00:00:00-04:00,13725.0,16275.0,13500.0,16125.0,51,0.0,0.0
2018-07-18 00:00:00-04:00,15825.0,16125.0,14025.0,15750.0,32,0.0,0.0
2018-07-19 00:00:00-04:00,14625.0,15075.0,14400.0,14700.0,6,0.0,0.0
2018-07-20 00:00:00-04:00,14775.0,15000.0,14475.0,14775.0,5,0.0,0.0
2018-07-23 00:00:00-04:00,14775.0,14850.0,14325.0,14550.0,9,0.0,0.0
2018-07-24 00:00:00-04:00,14775.0,15000.0,14700.0,14700.0,15,0.0,0.0
2018-07-25 00:00:00-04:00,14625.0,16050.0,14625.0,14925.0,16,0.0,0.0
2018-07-26 00:00:00-04:00,15000.0,15075.0,14625.0,14775.0,17,0.0,0.0
2018-07-27 00:00:00-04:00,14700.0,15000.0,14550.0,14550.0,12,0.0,0.0
2018-07-30 00:00:00-04:00,14550.0,14700.0,13875.0,14100.0,13,0.0,0.0
2018-07-31 00:00:00-04:00,13950.0,14025.0,13125.0,13125.0,43,0.0,0.0
2018-08-01 00:00:00-04:00,13125.0,13725.0,13125.0,13575.0,3,0.0,0.0
2018-08-02 00:00:00-04:00,13500.0,13575.0,13125.0,13350.0,7,0.0,0.0
2018-08-03 00:00:00-04:00,13200.0,13875.0,13200.0,13875.0,3,0.0,0.0
2018-08-06 00:00:00-04:00,13575.0,13725.0,12825.0,12975.0,14,0.0,0.0
2018-08-07 00:00:00-04:00,12075.0,13125.0,12000.0,13125.0,11,0.0,0.0
2018-08-08 00:00:00-04:00,13125.0,13425.0,12750.0,13125.0,4,0.0,0.0
2018-08-09 00:00:00-04:00,13125.0,13335.0,12825.0,12825.0,2,0.0,0.0
2018-08-10 00:00:00-04:00,12825.0,13275.0,12525.0,12825.0,6,0.0,0.0
2018-08-13 00:00:00-04:00,13125.0,13575.0,12375.0,13125.0,8,0.0,0.0
2018-08-14 00:00:00-04:00,13125.0,14100.0,12922.5,13950.0,10,0.0,0.0
2018-08-15 00:00:00-04:00,14850.0,16950.0,14100.0,16200.0,74,0.0,0.0
2018-08-16 00:00:00-04:00,17280.0,22125.0,17250.0,21075.0,133,0.0,0.0
2018-08-17 00:00:00-04:00,22530.0,22530.0,18600.0,21675.0,80,0.0,0.0
2018-08-20 00:00:00-04:00,21750.0,21750.0,19200.0,21450.0,27,0.0,0.0
2018-08-21 00:00:00-04:00,21375.0,21375.0,20100.0,20400.0,17,0.0,0.0
2018-08-22 00:00:00-04:00,20250.0,20475.0,18150.0,18600.0,33,0.0,0.0
2018-08-23 00:00:00-04:00,18750.0,18795.0,17775.0,17775.0,11,0.0,0.0
2018-08-24 00:00:00-04:00,17775.0,18300.0,16200.0,16800.0,28,0.0,0.0
2018-08-27 00:00:00-04:00,17175.0,20325.0,17175.0,18750.0,63,0.0,0.0
2018-08-28 00:00:00-04:00,18525.0,19575.0,18225.0,18525.0,12,0.0,0.0
2018-08-29 00:00:00-04:00,18375.0,19800.0,18300.0,19500.0,8,0.0,0.0
2018-08-30 00:00:00-04:00,19800.0,19800.0,18225.0,19050.0,8,0.0,0.0
2018-08-31 00:00:00-04:00,19200.0,19800.0,18862.5,19350.0,9,0.0,0.0
2018-09-04 00:00:00-04:00,19425.0,19425.0,17775.0,18675.0,7,0.0,0.0
2018-09-05 00:00:00-04:00,18450.0,18825.0,18000.0,18000.0,10,0.0,0.0
2018-09-06 00:00:00-04:00,18000.0,18375.0,17400.0,17475.0,4,0.0,0.0
2018-09-07 00:00:00-04:00,17475.0,18525.0,17475.0,18225.0,6,0.0,0.0
2018-09-10 00:00:00-04:00,19200.0,19312.5,17550.0,17850.0,8,0.0,0.0
2018-09-11 00:00:00-04:00,17625.0,18225.0,17550.0,17850.0,3,0.0,0.0
2018-09-12 00:00:00-04:00,17925.0,18060.0,16875.0,17025.0,5,0.0,0.0
2018-09-13 00:00:00-04:00,17250.0,17775.0,16875.0,17625.0,10,0.0,0.0
2018-09-14 00:00:00-04:00,17475.0,17625.0,15450.0,16800.0,35,0.0,0.0
2018-09-17 00:00:00-04:00,16500.0,17250.0,16275.0,17025.0,20,0.0,0.0
2018-09-18 00:00:00-04:00,17100.0,17850.0,17100.0,17850.0,13,0.0,0.0
2018-09-19 00:00:00-04:00,17625.0,19117.5,17325.0,18450.0,33,0.0,0.0
2018-09-20 00:00:00-04:00,18450.0,19125.0,18375.0,18900.0,9,0.0,0.0
2018-09-21 00:00:00-04:00,18600.0,20100.0,18375.0,19275.0,17,0.0,0.0
2018-09-24 00:00:00-04:00,19350.0,19350.0,18450.0,19275.0,13,0.0,0.0
2018-09-25 00:00:00-04:00,19200.0,19575.0,18750.0,18900.0,6,0.0,0.0
2018-09-26 00:00:00-04:00,18900.0,19875.0,18750.0,19800.0,8,0.0,0.0
2018-09-27 00:00:00-04:00,19725.0,19875.0,19500.0,19875.0,14,0.0,0.0
2018-09-28 00:00:00-04:00,19800.0,21750.0,19125.0,21450.0,21,0.0,0.0
2018-10-01 00:00:00-04:00,21525.0,22125.0,20625.0,22050.0,29,0.0,0.0
2018-10-02 00:00:00-04:00,21975.0,22350.0,21075.0,21900.0,31,0.0,0.0
2018-10-03 00:00:00-04:00,21772.5,22837.5,21375.0,22425.0,10,0.0,0.0
2018-10-04 00:00:00-04:00,22350.0,22425.0,19575.0,19575.0,15,0.0,0.0
2018-10-05 00:00:00-04:00,19650.0,19950.0,19125.0,19200.0,9,0.0,0.0
2018-10-08 00:00:00-04:00,18825.0,19350.0,18000.0,18600.0,19,0.0,0.0
2018-10-09 00:00:00-04:00,17775.0,18525.0,16875.0,18375.0,21,0.0,0.0
2018-10-10 00:00:00-04:00,18075.0,22500.0,16950.0,19725.0,25,0.0,0.0
2018-10-11 00:00:00-04:00,19275.0,19275.0,18225.0,18525.0,13,0.0,0.0
2018-10-12 00:00:00-04:00,18600.0,19725.0,17925.0,18450.0,12,0.0,0.0
2018-10-15 00:00:00-04:00,18150.0,18750.0,17325.0,17775.0,7,0.0,0.0
2018-10-16 00:00:00-04:00,17400.0,18750.0,17257.5,18525.0,3,0.0,0.0
2018-10-17 00:00:00-04:00,18750.0,19050.0,17625.0,18675.0,1,0.0,0.0
2018-10-18 00:00:00-04:00,18375.0,18750.0,18375.0,18600.0,2,0.0,0.0
2018-10-19 00:00:00-04:00,18675.0,19200.0,17775.0,18150.0,8,0.0,0.0
2018-10-22 00:00:00-04:00,17925.0,18675.0,17850.0,17850.0,1,0.0,0.0
2018-10-23 00:00:00-04:00,16950.0,18000.0,16950.0,17550.0,6,0.0,0.0
2018-10-24 00:00:00-04:00,17475.0,18075.0,17325.0,17550.0,6,0.0,0.0
2018-10-25 00:00:00-04:00,18000.0,18750.0,18000.0,18150.0,3,0.0,0.0
2018-10-26 00:00:00-04:00,18637.5,18750.0,18075.0,18750.0,8,0.0,0.0
2018-10-29 00:00:00-04:00,18750.0,18750.0,17700.0,18375.0,5,0.0,0.0
2018-10-30 00:00:00-04:00,18300.0,18675.0,17625.0,18000.0,11,0.0,0.0
2018-10-31 00:00:00-04:00,17625.0,18675.0,17325.0,18675.0,10,0.0,0.0
2018-11-01 00:00:00-04:00,18525.0,19350.0,18495.0,19125.0,6,0.0,0.0
2018-11-02 00:00:00-04:00,19500.0,19500.0,18300.0,18375.0,4,0.0,0.0
2018-11-05 00:00:00-05:00,18075.0,19125.0,18000.0,18675.0,6,0.0,0.0
2018-11-06 00:00:00-05:00,18885.0,18900.0,18450.0,18450.0,2,0.0,0.0
2018-11-07 00:00:00-05:00,18675.0,19275.0,18412.5,18750.0,13,0.0,0.0
2018-11-08 00:00:00-05:00,19050.0,19125.0,18300.0,18900.0,4,0.0,0.0
2018-11-09 00:00:00-05:00,18525.0,18975.0,18375.0,18450.0,5,0.0,0.0
2018-11-12 00:00:00-05:00,18450.0,18525.0,18075.0,18450.0,1,0.0,0.0
2018-11-13 00:00:00-05:00,18300.0,18750.0,18150.0,18750.0,1,0.0,0.0
2018-11-14 00:00:00-05:00,18675.0,18750.0,18075.0,18675.0,4,0.0,0.0
2018-11-15 00:00:00-05:00,18232.5,18375.0,17325.0,17475.0,9,0.0,0.0
2018-11-16 00:00:00-05:00,17325.0,17850.0,17325.0,17850.0,3,0.0,0.0
2018-11-19 00:00:00-05:00,17850.0,17925.0,16372.5,16725.0,5,0.0,0.0
2018-11-20 00:00:00-05:00,16725.0,16725.0,15225.0,16125.0,7,0.0,0.0
2018-11-21 00:00:00-05:00,13575.0,15000.0,13050.0,14700.0,24,0.0,0.0
2018-11-23 00:00:00-05:00,14100.0,14700.0,14100.0,14325.0,5,0.0,0.0
2018-11-26 00:00:00-05:00,15000.0,15000.0,14175.0,14250.0,6,0.0,0.0
2018-11-27 00:00:00-05:00,14250.0,14625.0,13125.0,13575.0,6,0.0,0.0
2018-11-28 00:00:00-05:00,13125.0,13275.0,12157.5,12675.0,25,0.0,0.0
2018-11-29 00:00:00-05:00,12450.0,12675.0,12225.0,12300.0,9,0.0,0.0
2018-11-30 00:00:00-05:00,12225.0,12525.0,11925.0,12525.0,18,0.0,0.0
2018-12-03 00:00:00-05:00,12750.0,12900.0,12450.0,12675.0,8,0.0,0.0
2018-12-04 00:00:00-05:00,12600.0,12675.0,12300.0,12300.0,2,0.0,0.0
2018-12-06 00:00:00-05:00,12300.0,12480.0,12000.0,12375.0,7,0.0,0.0
2018-12-07 00:00:00-05:00,12315.0,12390.0,11850.0,12075.0,9,0.0,0.0
2018-12-10 00:00:00-05:00,11775.0,12300.0,11775.0,12300.0,4,0.0,0.0
2018-12-11 00:00:00-05:00,12375.0,12450.0,11775.0,11850.0,7,0.0,0.0
2018-12-12 00:00:00-05:00,12000.0,12225.0,11775.0,11925.0,5,0.0,0.0
2018-12-13 00:00:00-05:00,12000.0,12375.0,11625.0,11625.0,4,0.0,0.0
2018-12-14 00:00:00-05:00,11625.0,12000.0,11175.0,11175.0,6,0.0,0.0
2018-12-17 00:00:00-05:00,11625.0,11625.0,10995.0,11175.0,8,0.0,0.0
2018-12-18 00:00:00-05:00,11175.0,11250.0,10650.0,11025.0,3,0.0,0.0
2018-12-19 00:00:00-05:00,10650.0,10800.0,8625.0,9075.0,21,0.0,0.0
2018-12-20 00:00:00-05:00,9825.0,9900.0,8400.0,8700.0,8,0.0,0.0
2018-12-21 00:00:00-05:00,9300.0,9300.0,8100.0,9075.0,13,0.0,0.0
2018-12-24 00:00:00-05:00,9000.0,9225.0,8550.0,8775.0,7,0.0,0.0
2018-12-26 00:00:00-05:00,9000.0,9000.0,8302.5,8400.0,11,0.0,0.0
2018-12-27 00:00:00-05:00,8250.0,8512.5,7725.0,7950.0,15,0.0,0.0
2018-12-28 00:00:00-05:00,8325.0,8400.0,8025.0,8325.0,10,0.0,0.0
2018-12-31 00:00:00-05:00,8325.0,8460.0,7462.5,7650.0,18,0.0,0.0
2019-01-02 00:00:00-05:00,7575.0,8850.0,7575.0,8850.0,5,0.0,0.0
2019-01-03 00:00:00-05:00,8295.0,8625.0,7650.0,8550.0,12,0.0,0.0
2019-01-04 00:00:00-05:00,8550.0,8700.0,7987.5,8175.0,4,0.0,0.0
2019-01-07 00:00:00-05:00,8250.0,8700.0,8100.0,8325.0,4,0.0,0.0
2019-01-08 00:00:00-05:00,8700.0,9000.0,8100.0,8250.0,4,0.0,0.0
2019-01-09 00:00:00-05:00,8250.0,8700.0,8175.0,8475.0,1,0.0,0.0
2019-01-10 00:00:00-05:00,8475.0,8850.0,8325.0,8475.0,4,0.0,0.0
2019-01-11 00:00:00-05:00,8475.0,8550.0,7800.0,7950.0,5,0.0,0.0
2019-01-14 00:00:00-05:00,7875.0,8700.0,7875.0,8625.0,5,0.0,0.0
2019-01-15 00:00:00-05:00,8475.0,8850.0,8422.5,8550.0,2,0.0,0.0
2019-01-16 00:00:00-05:00,8550.0,8775.0,8400.0,8400.0,1,0.0,0.0
2019-01-17 00:00:00-05:00,8400.0,10125.0,8400.0,9675.0,9,0.0,0.0
2019-01-18 00:00:00-05:00,9900.0,10650.0,9735.0,10425.0,63,0.0,0.0
2019-01-22 00:00:00-05:00,10650.0,10650.0,9000.0,10350.0,8,0.0,0.0
2019-01-23 00:00:00-05:00,9975.0,9975.0,9480.0,9750.0,8,0.0,0.0
2019-01-24 00:00:00-05:00,9375.0,9750.0,8850.0,9450.0,6,0.0,0.0
2019-01-25 00:00:00-05:00,9450.0,10065.0,9345.0,9600.0,2,0.0,0.0
2019-01-28 00:00:00-05:00,9937.5,9937.5,9420.0,9420.0,1,0.0,0.0
2019-01-29 00:00:00-05:00,9525.0,9705.0,9525.0,9600.0,3,0.0,0.0
2019-01-30 00:00:00-05:00,9600.0,9600.0,9150.0,9225.0,2,0.0,0.0
2019-01-31 00:00:00-05:00,9150.0,9525.0,9150.0,9300.0,9,0.0,0.0
2019-02-01 00:00:00-05:00,9225.0,9375.0,9150.0,9150.0,2,0.0,0.0
2019-02-04 00:00:00-05:00,9300.0,9300.0,9225.0,9225.0,1,0.0,0.0
2019-02-05 00:00:00-05:00,9225.0,9225.0,9000.0,9000.0,3,0.0,0.0
2019-02-06 00:00:00-05:00,9075.0,9075.0,8850.0,8962.5,1,0.0,0.0
2019-02-07 00:00:00-05:00,9000.0,9000.0,8850.0,8850.0,1,0.0,0.0
2019-02-08 00:00:00-05:00,8925.0,9075.0,8790.0,8925.0,4,0.0,0.0
2019-02-11 00:00:00-05:00,8700.0,8850.0,8625.0,8625.0,3,0.0,0.0
2019-02-12 00:00:00-05:00,9075.0,9075.0,8805.0,9000.0,3,0.0,0.0
2019-02-13 00:00:00-05:00,9075.0,9225.0,8775.0,8850.0,5,0.0,0.0
2019-02-14 00:00:00-05:00,8775.0,9225.0,8775.0,9000.0,8,0.0,0.0
2019-02-15 00:00:00-05:00,9150.0,9600.0,8625.0,8850.0,7,0.0,0.0
2019-02-19 00:00:00-05:00,8775.0,8775.0,8475.0,8550.0,5,0.0,0.0
2019-02-20 00:00:00-05:00,8550.0,8625.0,8542.5,8550.0,1,0.0,0.0
2019-02-21 00:00:00-05:00,8850.0,8850.0,8527.5,8850.0,2,0.0,0.0
2019-02-22 00:00:00-05:00,8850.0,9375.0,8700.0,8925.0,6,0.0,0.0
2019-02-25 00:00:00-05:00,10200.0,10425.0,9450.0,10050.0,59,0.0,0.0
2019-02-26 00:00:00-05:00,10050.0,10500.0,9150.0,9975.0,13,0.0,0.0
2019-02-27 00:00:00-05:00,9750.0,10125.0,9150.0,9300.0,10,0.0,0.0
2019-02-28 00:00:00-05:00,9225.0,9825.0,9150.0,9150.0,3,0.0,0.0
2019-03-01 00:00:00-05:00,9225.0,9750.0,9225.0,9225.0,3,0.0,0.0
2019-03-04 00:00:00-05:00,9375.0,9825.0,9150.0,9375.0,11,0.0,0.0
2019-03-05 00:00:00-05:00,9450.0,13500.0,9450.0,12375.0,181,0.0,0.0
2019-03-06 00:00:00-05:00,12300.0,12570.0,10350.0,10950.0,51,0.0,0.0
2019-03-07 00:00:00-05:00,10950.0,11400.0,10125.0,10950.0,19,0.0,0.0
2019-03-08 00:00:00-05:00,10500.0,10875.0,9600.0,9600.0,22,0.0,0.0
2019-03-11 00:00:00-04:00,9975.0,10425.0,9750.0,9975.0,4,0.0,0.0
2019-03-12 00:00:00-04:00,10027.5,10342.5,9750.0,10050.0,5,0.0,0.0
2019-03-13 00:00:00-04:00,10050.0,10800.0,9900.0,10650.0,8,0.0,0.0
2019-03-14 00:00:00-04:00,10725.0,10725.0,9652.5,9825.0,6,0.0,0.0
2019-03-15 00:00:00-04:00,9750.0,10200.0,9750.0,9825.0,3,0.0,0.0
2019-03-18 00:00:00-04:00,9825.0,9847.5,9225.0,9225.0,5,0.0,0.0
2019-03-19 00:00:00-04:00,9225.0,9600.0,9150.0,9375.0,6,0.0,0.0
2019-03-20 00:00:00-04:00,9375.0,9375.0,7875.0,8625.0,27,0.0,0.0
2019-03-21 00:00:00-04:00,8625.0,8625.0,7575.0,8100.0,22,0.0,0.0
2019-03-22 00:00:00-04:00,7875.0,8400.0,7785.0,8400.0,5,0.0,0.0
2019-03-25 00:00:00-04:00,8175.0,8250.0,7732.5,8100.0,6,0.0,0.0
2019-03-26 00:00:00-04:00,8175.0,8550.0,8115.0,8250.0,7,0.0,0.0
2019-03-27 00:00:00-04:00,8137.5,8400.0,7875.0,8400.0,5,0.0,0.0
2019-03-28 00:00:00-04:00,7987.5,8985.0,7950.0,8025.0,6,0.0,0.0
2019-03-29 00:00:00-04:00,8250.0,8625.0,8100.0,8325.0,12,0.0,0.0
2019-04-01 00:00:00-04:00,8175.0,8475.0,7725.0,7950.0,9,0.0,0.0
2019-04-02 00:00:00-04:00,7875.0,8062.5,7800.0,7875.0,4,0.0,0.0
2019-04-03 00:00:00-04:00,7822.5,8227.5,7800.0,7875.0,3,0.0,0.0
2019-04-04 00:00:00-04:00,7650.0,8325.0,7575.0,7650.0,17,0.0,0.0
2019-04-05 00:00:00-04:00,7800.0,8250.0,7732.5,8250.0,10,0.0,0.0
2019-04-08 00:00:00-04:00,8175.0,8475.0,7950.0,8325.0,8,0.0,0.0
2019-04-09 00:00:00-04:00,8175.0,8850.0,8175.0,8250.0,8,0.0,0.0
2019-04-10 00:00:00-04:00,8175.0,8325.0,7950.0,8100.0,7,0.0,0.0
2019-04-11 00:00:00-04:00,8025.0,8625.0,8025.0,8625.0,18,0.0,0.0
2019-04-12 00:00:00-04:00,8625.0,9750.0,8250.0,8250.0,16,0.0,0.0
2019-04-15 00:00:00-04:00,7950.0,8175.0,7800.0,7800.0,21,0.0,0.0
2019-04-16 00:00:00-04:00,7500.0,7500.0,6225.0,6600.0,41,0.0,0.0
2019-04-17 00:00:00-04:00,5700.0,7057.5,5250.0,6600.0,120,0.0,0.0
2019-04-18 00:00:00-04:00,6225.0,7500.0,6225.0,7200.0,47,0.0,0.0
2019-04-22 00:00:00-04:00,6825.0,7837.5,6825.0,7267.5,30,0.0,0.0
2019-04-23 00:00:00-04:00,7260.0,7350.0,6975.0,7050.0,12,0.0,0.0
2019-04-24 00:00:00-04:00,6900.0,7125.0,6750.0,6750.0,18,0.0,0.0
2019-04-25 00:00:00-04:00,6847.5,7050.0,6390.0,6660.0,10,0.0,0.0
2019-04-26 00:00:00-04:00,6660.0,6660.0,6075.0,6375.0,8,0.0,0.0
2019-04-29 00:00:00-04:00,6225.0,6795.0,6225.0,6675.0,6,0.0,0.0
2019-04-30 00:00:00-04:00,6375.0,6675.0,5692.5,5692.5,14,0.0,0.0
2019-05-01 00:00:00-04:00,5977.5,6787.5,5700.0,6322.5,48,0.0,0.0
2019-05-02 00:00:00-04:00,6375.0,6787.5,6300.0,6540.0,20,0.0,0.0
2019-05-03 00:00:00-04:00,6607.5,6697.5,6375.0,6555.0,6,0.0,0.0
2019-05-06 00:00:00-04:00,6480.0,6660.0,6075.0,6240.0,9,0.0,0.0
2019-05-07 00:00:00-04:00,6600.0,6600.0,6210.0,6210.0,7,0.0,0.0
2019-05-08 00:00:00-04:00,6270.0,6375.0,5865.0,6007.5,10,0.0,0.0
2019-05-09 00:00:00-04:00,6000.0,6000.0,5250.0,5625.0,31,0.0,0.0
2019-05-10 00:00:00-04:00,5700.0,6000.0,5100.0,5347.5,45,0.0,0.0
2019-05-13 00:00:00-04:00,5550.0,5737.5,5025.0,5227.5,27,0.0,0.0
2019-05-14 00:00:00-04:00,5325.0,5475.0,4612.5,4822.5,37,0.0,0.0
2019-05-15 00:00:00-04:00,4725.0,5100.0,4725.0,4875.0,24,0.0,0.0
2019-05-16 00:00:00-04:00,4987.5,5242.5,4830.0,4912.5,5,0.0,0.0
2019-05-17 00:00:00-04:00,4350.0,4500.0,3000.0,3075.0,86,0.0,0.0
2019-05-20 00:00:00-04:00,2700.0,3187.5,2490.0,2700.0,67,0.0,0.0
2019-05-21 00:00:00-04:00,2257.5,2625.0,2167.5,2325.0,53,0.0,0.0
2019-05-22 00:00:00-04:00,2400.0,2460.0,2025.0,2100.0,57,0.0,0.0
2019-05-23 00:00:00-04:00,1837.5,2025.0,1657.5,1725.0,87,0.0,0.0
2019-05-24 00:00:00-04:00,1762.5,3075.0,1725.0,2302.5,461,0.0,0.0
2019-05-28 00:00:00-04:00,3712.5,4275.0,3000.0,3975.0,1140,0.0,0.0
2019-05-29 00:00:00-04:00,3525.0,3660.0,3082.5,3592.5,214,0.0,0.0
2019-05-30 00:00:00-04:00,3495.0,4725.0,3307.5,3862.5,247,0.0,0.0
2019-05-31 00:00:00-04:00,4087.5,4500.0,3900.0,4312.5,172,0.0,0.0
2019-06-03 00:00:00-04:00,4185.0,4530.0,3225.0,3577.5,111,0.0,0.0
2019-06-04 00:00:00-04:00,3600.0,3697.5,3000.0,3015.0,110,0.0,0.0
2019-06-05 00:00:00-04:00,3037.5,3255.0,3000.0,3105.0,51,0.0,0.0
2019-06-06 00:00:00-04:00,3075.0,3262.5,2625.0,2790.0,90,0.0,0.0
2019-06-07 00:00:00-04:00,2625.0,2790.0,2377.5,2550.0,51,0.0,0.0
2019-06-10 00:00:00-04:00,2550.0,2880.0,2550.0,2550.0,52,0.0,0.0
2019-06-11 00:00:00-04:00,2550.0,2775.0,2550.0,2647.5,38,0.0,0.0
2019-06-12 00:00:00-04:00,2685.0,2850.0,2400.0,2565.0,52,0.0,0.0
2019-06-13 00:00:00-04:00,2520.0,3262.5,2445.0,2887.5,82,0.0,0.0
2019-06-14 00:00:00-04:00,2850.0,3900.0,2737.5,3615.0,140,0.0,0.0
2019-06-17 00:00:00-04:00,4125.0,4500.0,3750.0,4275.0,175,0.0,0.0
2019-06-18 00:00:00-04:00,4575.0,4702.5,3600.0,4012.5,96,0.0,0.0
2019-06-19 00:00:00-04:00,3975.0,4125.0,3750.0,3900.0,36,0.0,0.0
2019-06-20 00:00:00-04:00,3885.0,4410.0,3885.0,4050.0,29,0.0,0.0
2019-06-21 00:00:00-04:00,3975.0,4275.0,3922.5,4102.5,33,0.0,0.0
2019-06-24 00:00:00-04:00,3900.0,4200.0,3900.0,4125.0,10,0.0,0.0
2019-06-25 00:00:00-04:00,4275.0,4275.0,3750.0,3975.0,20,0.0,0.0
2019-06-26 00:00:00-04:00,4200.0,4200.0,3600.0,3832.5,12,0.0,0.0
2019-06-27 00:00:00-04:00,3847.5,3975.0,3412.5,3487.5,30,0.0,0.0
2019-06-28 00:00:00-04:00,3300.0,3780.0,3300.0,3780.0,9,0.0,0.0
2019-07-01 00:00:00-04:00,3750.0,3787.5,3375.0,3450.0,7,0.0,0.0
2019-07-02 00:00:00-04:00,3450.0,3735.0,3450.0,3450.0,7,0.0,0.0
2019-07-03 00:00:00-04:00,3450.0,3525.0,3075.0,3255.0,15,0.0,0.0
2019-07-05 00:00:00-04:00,3000.0,3270.0,3000.0,3037.5,20,0.0,0.0
2019-07-08 00:00:00-04:00,3000.0,3075.0,2625.0,2857.5,22,0.0,0.0
2019-07-09 00:00:00-04:00,2700.0,3075.0,2655.0,3075.0,13,0.0,0.0
2019-07-10 00:00:00-04:00,3060.0,3060.0,2842.5,2925.0,11,0.0,0.0
2019-07-11 00:00:00-04:00,2925.0,3150.0,2925.0,3037.5,11,0.0,0.0
2019-07-12 00:00:00-04:00,3180.0,3180.0,2925.0,3045.0,14,0.0,0.0
2019-07-15 00:00:00-04:00,3022.5,3187.5,2940.0,2962.5,22,0.0,0.0
2019-07-16 00:00:00-04:00,2925.0,3150.0,2925.0,2992.5,7,0.0,0.0
2019-07-17 00:00:00-04:00,2925.0,3007.5,2775.0,2992.5,7,0.0,0.0
2019-07-18 00:00:00-04:00,2850.0,2992.5,2737.5,2737.5,9,0.0,0.0
2019-07-19 00:00:00-04:00,2700.0,2887.5,2632.5,2760.0,13,0.0,0.0
2019-07-22 00:00:00-04:00,2902.5,3150.0,2752.5,3000.0,66,0.0,0.0
2019-07-23 00:00:00-04:00,2925.0,2925.0,2775.0,2812.5,12,0.0,0.0
2019-07-24 00:00:00-04:00,2707.5,2932.5,2700.0,2872.5,17,0.0,0.0
2019-07-25 00:00:00-04:00,2700.0,3375.0,2700.0,3000.0,118,0.0,0.0
2019-07-26 00:00:00-04:00,3000.0,3150.0,3000.0,3007.5,12,0.0,0.0
2019-07-29 00:00:00-04:00,3000.0,3225.0,3000.0,3060.0,53,0.0,0.0
2019-07-30 00:00:00-04:00,3075.0,3075.0,3000.0,3052.5,13,0.0,0.0
2019-07-31 00:00:00-04:00,3075.0,3277.5,3000.0,3225.0,30,0.0,0.0
2019-08-01 00:00:00-04:00,3202.5,3375.0,3090.0,3240.0,17,0.0,0.0
2019-08-02 00:00:00-04:00,3240.0,5475.0,3240.0,3562.5,137,0.0,0.0
2019-08-05 00:00:00-04:00,3637.5,3960.0,3375.0,3697.5,18,0.0,0.0
2019-08-06 00:00:00-04:00,3885.0,3975.0,3525.0,3750.0,14,0.0,0.0
2019-08-07 00:00:00-04:00,3742.5,3742.5,3450.0,3562.5,16,0.0,0.0
2019-08-08 00:00:00-04:00,3450.0,3750.0,3382.5,3600.0,8,0.0,0.0
2019-08-09 00:00:00-04:00,3750.0,4350.0,3525.0,3915.0,39,0.0,0.0
2019-08-12 00:00:00-04:00,4050.0,4275.0,4050.0,4125.0,21,0.0,0.0
2019-08-13 00:00:00-04:00,4275.0,4350.0,4050.0,4275.0,22,0.0,0.0
2019-08-14 00:00:00-04:00,4275.0,4275.0,4050.0,4177.5,9,0.0,0.0
2019-08-15 00:00:00-04:00,4050.0,4500.0,4050.0,4275.0,9,0.0,0.0
2019-08-16 00:00:00-04:00,4395.0,4425.0,4207.5,4417.5,13,0.0,0.0
2019-08-19 00:00:00-04:00,4425.0,4950.0,4425.0,4867.5,37,0.0,0.0
2019-08-20 00:00:00-04:00,4867.5,5235.0,4725.0,4957.5,19,0.0,0.0
2019-08-21 00:00:00-04:00,5205.0,5325.0,5025.0,5100.0,23,0.0,0.0
2019-08-22 00:00:00-04:00,5025.0,5625.0,5025.0,5617.5,35,0.0,0.0
2019-08-23 00:00:00-04:00,6000.0,6600.0,5707.5,5895.0,136,0.0,0.0
2019-08-26 00:00:00-04:00,5985.0,6450.0,4950.0,5025.0,57,0.0,0.0
2019-08-27 00:00:00-04:00,5017.5,5400.0,4537.5,4725.0,14,0.0,0.0
2019-08-28 00:00:00-04:00,4875.0,4875.0,4350.0,4507.5,14,0.0,0.0
2019-08-29 00:00:00-04:00,4350.0,5025.0,4350.0,4860.0,20,0.0,0.0
2019-08-30 00:00:00-04:00,5047.5,5497.5,5025.0,5302.5,19,0.0,0.0
2019-09-03 00:00:00-04:00,5250.0,5302.5,5025.0,5302.5,4,0.0,0.0
2019-09-04 00:00:00-04:00,5385.0,5385.0,4500.0,4725.0,20,0.0,0.0
2019-09-05 00:00:00-04:00,4642.5,5100.0,4507.5,4912.5,11,0.0,0.0
2019-09-06 00:00:00-04:00,5175.0,5175.0,4732.5,5160.0,7,0.0,0.0
2019-09-09 00:00:00-04:00,4957.5,5205.0,4500.0,4650.0,20,0.0,0.0
2019-09-10 00:00:00-04:00,4522.5,4860.0,4500.0,4680.0,8,0.0,0.0
2019-09-11 00:00:00-04:00,4657.5,4867.5,4657.5,4725.0,4,0.0,0.0
2019-09-12 00:00:00-04:00,4657.5,5025.0,4657.5,4875.0,1,0.0,0.0
2019-09-13 00:00:00-04:00,5085.0,5250.0,4875.0,5092.5,4,0.0,0.0
2019-09-16 00:00:00-04:00,5100.0,5325.0,4882.5,5062.5,5,0.0,0.0
2019-09-17 00:00:00-04:00,5025.0,5025.0,4500.0,4590.0,44,0.0,0.0
2019-09-18 00:00:00-04:00,4650.0,4800.0,4575.0,4725.0,4,0.0,0.0
2019-09-19 00:00:00-04:00,4710.0,4725.0,4687.5,4710.0,4,0.0,0.0
2019-09-20 00:00:00-04:00,4687.5,4725.0,4575.0,4635.0,8,0.0,0.0
2019-09-23 00:00:00-04:00,4710.0,4800.0,4500.0,4575.0,9,0.0,0.0
2019-09-24 00:00:00-04:00,4500.0,4575.0,3412.5,3982.5,55,0.0,0.0
2019-09-25 00:00:00-04:00,3750.0,3975.0,3750.0,3750.0,2,0.0,0.0
2019-09-26 00:00:00-04:00,3787.5,3945.0,3540.0,3547.5,4,0.0,0.0
2019-09-27 00:00:00-04:00,3480.0,3592.5,3442.5,3570.0,7,0.0,0.0
2019-09-30 00:00:00-04:00,3600.0,4102.5,3600.0,3900.0,8,0.0,0.0
2019-10-01 00:00:00-04:00,4050.0,4350.0,3750.0,3750.0,3,0.0,0.0
2019-10-02 00:00:00-04:00,3600.0,3750.0,2925.0,3232.5,17,0.0,0.0
2019-10-03 00:00:00-04:00,3150.0,3300.0,3007.5,3225.0,13,0.0,0.0
2019-10-04 00:00:00-04:00,3097.5,3225.0,3000.0,3037.5,9,0.0,0.0
2019-10-07 00:00:00-04:00,3187.5,3232.5,3000.0,3075.0,13,0.0,0.0
2019-10-08 00:00:00-04:00,3262.5,3637.5,2925.0,3000.0,29,0.0,0.0
2019-10-09 00:00:00-04:00,2925.0,3000.0,2475.0,2595.0,77,0.0,0.0
2019-10-10 00:00:00-04:00,2475.0,2625.0,2475.0,2617.5,6,0.0,0.0
2019-10-11 00:00:00-04:00,2625.0,2850.0,2475.0,2482.5,141,0.0,0.0
2019-10-14 00:00:00-04:00,2475.0,2482.5,2250.0,2325.0,19,0.0,0.0
2019-10-15 00:00:00-04:00,2325.0,2550.0,2250.0,2400.0,50,0.0,0.0
2019-10-16 00:00:00-04:00,2250.0,2625.0,2250.0,2437.5,20,0.0,0.0
2019-10-17 00:00:00-04:00,2475.0,2850.0,2467.5,2700.0,45,0.0,0.0
2019-10-18 00:00:00-04:00,2625.0,2655.0,2400.0,2475.0,19,0.0,0.0
2019-10-21 00:00:00-04:00,2377.5,2550.0,2107.5,2325.0,18,0.0,0.0
2019-10-22 00:00:00-04:00,2325.0,2445.0,2175.0,2205.0,11,0.0,0.0
2019-10-23 00:00:00-04:00,2175.0,2362.5,2107.5,2167.5,15,0.0,0.0
2019-10-24 00:00:00-04:00,2100.0,2310.0,1950.0,2160.0,22,0.0,0.0
2019-10-25 00:00:00-04:00,2175.0,2310.0,2017.5,2100.0,90,0.0,0.0
2019-10-28 00:00:00-04:00,2010.0,2250.0,1935.0,2167.5,36,0.0,0.0
2019-10-29 00:00:00-04:00,2272.5,2272.5,1950.0,2025.0,29,0.0,0.0
2019-10-30 00:00:00-04:00,1950.0,2175.0,1935.0,2025.0,10,0.0,0.0
2019-10-31 00:00:00-04:00,2070.0,2175.0,1875.0,2130.0,32,0.0,0.0
2019-11-01 00:00:00-04:00,2137.5,2137.5,1957.5,2070.0,15,0.0,0.0
2019-11-04 00:00:00-05:00,2100.0,2550.0,2085.0,2332.5,45,0.0,0.0
2019-11-05 00:00:00-05:00,2407.5,2700.0,2332.5,2497.5,32,0.0,0.0
2019-11-06 00:00:00-05:00,2557.5,2640.0,2100.0,2100.0,18,0.0,0.0
2019-11-07 00:00:00-05:00,2115.0,2385.0,2115.0,2235.0,9,0.0,0.0
2019-11-08 00:00:00-05:00,2347.5,2400.0,2257.5,2362.5,8,0.0,0.0
2019-11-11 00:00:00-05:00,2400.0,2400.0,2115.0,2115.0,7,0.0,0.0
2019-11-12 00:00:00-05:00,2175.0,2362.5,2145.0,2190.0,7,0.0,0.0
2019-11-13 00:00:00-05:00,1950.0,2317.5,1950.0,2197.5,8,0.0,0.0
2019-11-14 00:00:00-05:00,2355.0,2355.0,2167.5,2175.0,40,0.0,0.0
2019-11-15 00:00:00-05:00,2175.0,2332.5,2145.0,2250.0,14,0.0,0.0
2019-11-18 00:00:00-05:00,2355.0,2355.0,2055.0,2100.0,18,0.0,0.0
2019-11-19 00:00:00-05:00,2062.5,2175.0,1950.0,2175.0,11,0.0,0.0
2019-11-20 00:00:00-05:00,1882.5,2175.0,1882.5,2100.0,4,0.0,0.0
2019-11-21 00:00:00-05:00,1950.0,2025.0,1882.5,2017.5,10,0.0,0.0
2019-11-22 00:00:00-05:00,1950.0,2025.0,1650.0,1800.0,47,0.0,0.0
2019-11-25 00:00:00-05:00,1800.0,1875.0,1650.0,1657.5,16,0.0,0.0
2019-11-26 00:00:00-05:00,1725.0,1912.5,1725.0,1807.5,15,0.0,0.0
2019-11-27 00:00:00-05:00,1875.0,1950.0,1800.0,1867.5,10,0.0,0.0
2019-11-29 00:00:00-05:00,1950.0,2362.5,1845.0,2062.5,22,0.0,0.0
2019-12-02 00:00:00-05:00,2235.0,2235.0,1882.5,2010.0,28,0.0,0.0
2019-12-03 00:00:00-05:00,1927.5,2032.5,1650.0,1687.5,70,0.0,0.1
2019-12-04 00:00:00-05:00,1680.0,1717.5,1350.0,1432.5,173,0.0,0.0
2019-12-05 00:00:00-05:00,1432.5,1500.0,1241.25,1327.5,104,0.0,0.0
2019-12-06 00:00:00-05:00,1215.0,1468.5,1215.0,1263.75,152,0.0,0.0
2019-12-09 00:00:00-05:00,1252.5,1342.5,1192.5,1245.0,105,0.0,0.0
2019-12-10 00:00:00-05:00,1237.5,1259.25,1057.5,1224.0,133,0.0,0.0
2019-12-11 00:00:00-05:00,1185.0,1230.75,1113.75,1194.0,62,0.0,0.0
2019-12-12 00:00:00-05:00,1267.5,1343.25,1215.0,1250.25,126,0.0,0.0
2019-12-13 00:00:00-05:00,1312.5,1410.0,1252.5,1380.0,229,0.0,0.0
2019-12-16 00:00:00-05:00,1425.0,1567.5,1297.5,1425.0,451,0.0,0.0
2019-12-17 00:00:00-05:00,1425.0,1425.0,1335.0,1357.5,61,0.0,0.0
2019-12-18 00:00:00-05:00,1310.25,2025.0,1310.25,1546.5,850,0.0,0.0
2019-12-19 00:00:00-05:00,1507.5,1672.5,1470.0,1597.5,196,0.0,0.0
2019-12-20 00:00:00-05:00,1552.5,1635.0,1462.5,1500.0,73,0.0,0.0
2019-12-23 00:00:00-05:00,1462.5,1467.0,1380.0,1441.5,30,0.0,0.0
2019-12-24 00:00:00-05:00,1440.0,1575.0,1350.0,1372.5,75,0.0,0.0
2019-12-26 00:00:00-05:00,2572.5,4500.0,2527.5,2925.0,25690,0.0,0.0
2019-12-27 00:00:00-05:00,2535.0,3000.0,2362.5,2857.5,1646,0.0,0.0
2019-12-30 00:00:00-05:00,2820.0,2910.0,2550.0,2647.5,418,0.0,0.0
2019-12-31 00:00:00-05:00,2692.5,2790.0,2565.0,2767.5,330,0.0,0.0
2020-01-02 00:00:00-05:00,2767.5,3150.0,2700.0,2760.0,616,0.0,0.0
2020-01-03 00:00:00-05:00,2775.0,2868.0,2130.0,2475.0,284,0.0,0.0
2020-01-06 00:00:00-05:00,2400.0,2467.5,2025.0,2062.5,400,0.0,0.0
2020-01-07 00:00:00-05:00,2017.5,2025.0,1882.5,2025.0,118,0.0,0.0
2020-01-08 00:00:00-05:00,1957.5,2025.0,1920.0,2002.5,61,0.0,0.0
2020-01-09 00:00:00-05:00,1987.5,2167.5,1987.5,2130.0,101,0.0,0.0
2020-01-10 00:00:00-05:00,2167.5,2167.5,1882.5,1950.0,85,0.0,0.0
2020-01-13 00:00:00-05:00,1890.0,1980.0,1889.25,1942.5,60,0.0,0.0
2020-01-14 00:00:00-05:00,1890.0,2040.0,1875.0,2010.0,34,0.0,0.0
2020-01-15 00:00:00-05:00,2002.5,2074.5,1957.5,1987.5,49,0.0,0.0
2020-01-16 00:00:00-05:00,2025.0,2040.0,1837.5,1875.0,62,0.0,0.0
2020-01-17 00:00:00-05:00,1871.25,1871.25,1707.0,1710.0,58,0.0,0.0
2020-01-21 00:00:00-05:00,1725.0,1792.5,1702.5,1702.5,94,0.0,0.0
2020-01-22 00:00:00-05:00,1687.5,1719.75,1642.5,1653.0,15,0.0,0.0
2020-01-23 00:00:00-05:00,1620.0,1656.75,1605.0,1642.5,16,0.0,0.0
2020-01-24 00:00:00-05:00,1687.5,1732.5,1433.25,1440.75,92,0.0,0.0
2020-01-27 00:00:00-05:00,1398.0,1440.0,1320.0,1327.5,49,0.0,0.0
2020-01-28 00:00:00-05:00,1372.5,1455.0,1357.5,1455.0,68,0.0,0.0
2020-01-29 00:00:00-05:00,1470.0,1635.0,1365.0,1372.5,80,0.0,0.0
2020-01-30 00:00:00-05:00,1380.0,1432.5,1374.0,1425.0,19,0.0,0.0
2020-01-31 00:00:00-05:00,1387.5,1425.0,1290.0,1312.5,56,0.0,0.0
2020-02-03 00:00:00-05:00,1275.0,1312.5,1245.0,1252.5,58,0.0,0.0
2020-02-04 00:00:00-05:00,1275.0,1335.0,1267.5,1312.5,51,0.0,0.0
2020-02-05 00:00:00-05:00,1267.5,1312.5,1237.5,1245.0,39,0.0,0.0
2020-02-06 00:00:00-05:00,1237.5,1297.5,1140.0,1140.0,81,0.0,0.0
2020-02-07 00:00:00-05:00,1140.0,1267.5,1125.0,1207.5,42,0.0,0.0
2020-02-10 00:00:00-05:00,1200.0,1278.0,1200.0,1275.0,17,0.0,0.0
2020-02-11 00:00:00-05:00,1282.5,1282.5,1200.0,1275.0,22,0.0,0.0
2020-02-12 00:00:00-05:00,1335.0,1335.0,1274.25,1282.5,10,0.0,0.0
2020-02-13 00:00:00-05:00,1290.0,1335.0,1267.5,1286.25,23,0.0,0.0
2020-02-14 00:00:00-05:00,1245.0,1365.0,1245.0,1312.5,51,0.0,0.0
2020-02-18 00:00:00-05:00,1335.0,1425.0,1335.0,1369.5,69,0.0,0.0
2020-02-19 00:00:00-05:00,1410.0,1477.5,1350.0,1447.5,44,0.0,0.0
2020-02-20 00:00:00-05:00,1485.0,1560.0,1444.5,1537.5,50,0.0,0.0
2020-02-21 00:00:00-05:00,1537.5,1537.5,1432.5,1500.0,40,0.0,0.0
2020-02-24 00:00:00-05:00,1432.5,1485.0,1395.0,1485.0,28,0.0,0.0
2020-02-25 00:00:00-05:00,1515.0,1550.25,1387.5,1417.5,62,0.0,0.0
2020-02-26 00:00:00-05:00,1432.5,1447.5,1387.5,1397.25,35,0.0,0.0
2020-02-27 00:00:00-05:00,1387.5,1395.0,1080.0,1296.75,142,0.0,0.0
2020-02-28 00:00:00-05:00,1380.0,1380.0,1147.5,1252.5,68,0.0,0.0
2020-03-02 00:00:00-05:00,1200.0,1252.5,1170.0,1252.5,9,0.0,0.0
2020-03-03 00:00:00-05:00,1275.0,1275.0,1140.0,1207.5,14,0.0,0.0
2020-03-04 00:00:00-05:00,1162.5,1207.5,1162.5,1207.5,4,0.0,0.0
2020-03-05 00:00:00-05:00,1207.5,1282.5,1177.5,1185.0,26,0.0,0.0
2020-03-06 00:00:00-05:00,1200.0,1267.5,1155.0,1200.0,16,0.0,0.0
2020-03-09 00:00:00-04:00,1170.0,1170.0,1072.5,1079.25,27,0.0,0.0
2020-03-10 00:00:00-04:00,1192.5,1192.5,990.0,1012.5,23,0.0,0.0
2020-03-11 00:00:00-04:00,1005.0,1005.0,540.0,622.5,182,0.0,0.0
2020-03-12 00:00:00-04:00,654.0,654.0,453.75,456.0,62,0.0,0.0
2020-03-13 00:00:00-04:00,516.75,570.0,480.75,533.25,49,0.0,0.0
2020-03-16 00:00:00-04:00,533.25,533.25,382.5,525.0,54,0.0,0.0
2020-03-17 00:00:00-04:00,525.0,547.5,482.25,547.5,29,0.0,0.0
2020-03-18 00:00:00-04:00,525.0,547.5,416.25,441.0,5,0.0,0.0
2020-03-19 00:00:00-04:00,465.0,555.0,450.0,519.0,99,0.0,0.0
2020-03-20 00:00:00-04:00,555.0,742.5,521.25,622.5,102,0.0,0.0
2020-03-23 00:00:00-04:00,654.0,757.5,654.0,750.0,58,0.0,0.0
2020-03-24 00:00:00-04:00,862.5,1065.0,825.0,825.0,94,0.0,0.0
2020-03-25 00:00:00-04:00,915.0,1200.0,858.75,1102.5,239,0.0,0.0
2020-03-26 00:00:00-04:00,1125.0,1125.0,930.0,1005.0,49,0.0,0.0
2020-03-27 00:00:00-04:00,1050.0,1050.0,900.0,945.0,33,0.0,0.0
2020-03-30 00:00:00-04:00,885.0,952.5,855.0,866.25,25,0.0,0.0
2020-03-31 00:00:00-04:00,900.0,1150.5,870.0,1125.0,98,0.0,0.0
2020-04-01 00:00:00-04:00,1050.0,1087.5,975.0,1020.0,50,0.0,0.0
2020-04-02 00:00:00-04:00,1065.0,1065.0,862.5,877.5,36,0.0,0.0
2020-04-03 00:00:00-04:00,877.5,877.5,727.5,757.5,52,0.0,0.0
2020-04-06 00:00:00-04:00,795.0,825.0,765.0,795.0,28,0.0,0.0
2020-04-07 00:00:00-04:00,902.25,902.25,784.5,784.5,18,0.0,0.0
2020-04-08 00:00:00-04:00,787.5,798.75,742.5,753.75,23,0.0,0.0
2020-04-09 00:00:00-04:00,750.0,750.0,718.5,735.0,49,0.0,0.0
2020-04-13 00:00:00-04:00,727.5,765.0,637.5,660.0,58,0.0,0.0
2020-04-14 00:00:00-04:00,622.5,877.5,622.5,877.5,41,0.0,0.0
2020-04-15 00:00:00-04:00,870.0,870.0,787.5,832.5,61,0.0,0.0
2020-04-16 00:00:00-04:00,750.0,787.5,742.5,742.5,36,0.0,0.0
2020-04-17 00:00:00-04:00,772.5,806.25,742.5,750.0,56,0.0,0.0
2020-04-20 00:00:00-04:00,707.25,1035.0,707.25,746.25,782,0.0,0.0
2020-04-21 00:00:00-04:00,750.0,772.5,684.75,740.25,112,0.0,0.0
2020-04-22 00:00:00-04:00,714.0,772.5,714.0,750.0,56,0.0,0.0
2020-04-23 00:00:00-04:00,750.0,817.5,750.0,772.5,73,0.0,0.0
2020-04-24 00:00:00-04:00,750.0,825.0,750.0,803.25,77,0.0,0.0
2020-04-27 00:00:00-04:00,802.5,802.5,742.5,765.0,46,0.0,0.0
2020-04-28 00:00:00-04:00,772.5,795.0,765.0,780.0,22,0.0,0.0
2020-04-29 00:00:00-04:00,802.5,802.5,689.25,743.25,47,0.0,0.0
2020-04-30 00:00:00-04:00,750.0,750.0,696.75,727.5,59,0.0,0.0
2020-05-01 00:00:00-04:00,750.0,750.0,682.5,705.75,22,0.0,0.0
2020-05-04 00:00:00-04:00,705.0,741.0,705.0,705.0,13,0.0,0.0
2020-05-05 00:00:00-04:00,705.0,712.5,705.0,705.0,1,0.0,0.0
2020-05-06 00:00:00-04:00,1537.5,2295.0,1087.5,1237.5,71393,0.0,0.0
2020-05-07 00:00:00-04:00,1140.0,1335.0,997.5,1282.5,1499,0.0,0.0
2020-05-08 00:00:00-04:00,1177.5,1310.25,1170.0,1275.0,374,0.0,0.0
2020-05-11 00:00:00-04:00,1192.5,1275.75,1155.0,1192.5,196,0.0,0.0
2020-05-12 00:00:00-04:00,1140.0,1275.0,1080.0,1140.0,246,0.0,0.0
2020-05-13 00:00:00-04:00,1087.5,1122.75,967.5,990.0,98,0.0,0.0
2020-05-14 00:00:00-04:00,982.5,990.0,832.5,832.5,209,0.0,0.0
2020-05-15 00:00:00-04:00,795.0,975.0,795.0,945.0,112,0.0,0.0
2020-05-18 00:00:00-04:00,1012.5,1037.25,967.5,997.5,127,0.0,0.0
2020-05-19 00:00:00-04:00,945.0,1050.0,937.5,1050.0,78,0.0,0.0
2020-05-20 00:00:00-04:00,1012.5,1030.5,952.5,1005.0,133,0.0,0.0
2020-05-21 00:00:00-04:00,952.5,982.5,817.5,982.5,172,0.0,0.0
2020-05-22 00:00:00-04:00,937.5,975.0,924.0,960.0,78,0.0,0.0
2020-05-26 00:00:00-04:00,922.5,975.0,922.5,960.0,58,0.0,0.0
2020-05-27 00:00:00-04:00,952.5,984.0,888.0,922.5,209,0.0,0.0
2020-05-28 00:00:00-04:00,930.0,1125.0,922.5,1042.5,343,0.0,0.0
2020-05-29 00:00:00-04:00,990.0,1035.0,937.5,937.5,108,0.0,0.0
2020-06-01 00:00:00-04:00,945.0,1005.0,945.0,990.0,43,0.0,0.0
2020-06-02 00:00:00-04:00,967.5,1023.0,967.5,997.5,51,0.0,0.0
2020-06-03 00:00:00-04:00,967.5,1038.0,937.5,1027.5,83,0.0,0.0
2020-06-04 00:00:00-04:00,982.5,1087.5,967.5,1005.0,75,0.0,0.0
2020-06-05 00:00:00-04:00,1012.5,1095.0,1012.5,1035.0,58,0.0,0.0
2020-06-08 00:00:00-04:00,1020.0,1125.0,1020.0,1050.0,74,0.0,0.0
2020-06-09 00:00:00-04:00,1087.5,1233.75,1042.5,1185.0,454,0.0,0.0
2020-06-10 00:00:00-04:00,1192.5,2017.5,1147.5,1335.0,2936,0.0,0.0
2020-06-11 00:00:00-04:00,1395.0,1650.0,1185.0,1237.5,652,0.0,0.0
2020-06-12 00:00:00-04:00,1267.5,2550.0,1245.0,2122.5,11814,0.0,0.0
2020-06-15 00:00:00-04:00,1635.0,1920.0,1455.0,1755.0,2087,0.0,0.0
2020-06-16 00:00:00-04:00,1605.0,1695.0,1477.5,1590.0,1019,0.0,0.0
2020-06-17 00:00:00-04:00,1515.0,2250.0,1515.0,2025.0,4339,0.0,0.0
2020-06-18 00:00:00-04:00,1950.0,1950.0,1605.0,1747.5,800,0.0,0.0
2020-06-19 00:00:00-04:00,1657.5,2130.0,1657.5,1987.5,1093,0.0,0.0
2020-06-22 00:00:00-04:00,1927.5,1997.25,1762.5,1852.5,302,0.0,0.0
2020-06-23 00:00:00-04:00,1905.0,3577.5,1905.0,2610.0,31801,0.0,0.0
2020-06-24 00:00:00-04:00,2310.0,2610.0,2137.5,2475.0,1912,0.0,0.0
2020-06-25 00:00:00-04:00,2392.5,2535.0,2295.0,2437.5,496,0.0,0.0
2020-06-26 00:00:00-04:00,2535.0,2535.0,2025.0,2077.5,638,0.0,0.0
2020-06-29 00:00:00-04:00,2092.5,2212.5,2032.5,2190.0,295,0.0,0.0
2020-06-30 00:00:00-04:00,2167.5,2244.75,2040.0,2085.0,301,0.0,0.0
2020-07-01 00:00:00-04:00,2040.0,2250.0,2040.0,2167.5,234,0.0,0.0
2020-07-02 00:00:00-04:00,2100.0,2572.5,2100.0,2362.5,562,0.0,0.0
2020-07-06 00:00:00-04:00,2572.5,2572.5,2287.5,2482.5,336,0.0,0.0
2020-07-07 00:00:00-04:00,2475.0,2728.5,2362.5,2610.0,279,0.0,0.0
2020-07-08 00:00:00-04:00,2610.0,2835.0,2550.0,2700.0,391,0.0,0.0
2020-07-09 00:00:00-04:00,2745.0,2775.0,2437.5,2557.5,245,0.0,0.0
2020-07-10 00:00:00-04:00,2542.5,2662.5,2190.0,2257.5,351,0.0,0.0
2020-07-13 00:00:00-04:00,2250.0,2369.25,2197.5,2227.5,114,0.0,0.0
2020-07-14 00:00:00-04:00,2347.5,2347.5,2107.5,2175.0,102,0.0,0.0
2020-07-15 00:00:00-04:00,2422.5,2475.0,2212.5,2295.0,207,0.0,0.0
2020-07-16 00:00:00-04:00,2317.5,2595.0,2190.0,2385.0,279,0.0,0.0
2020-07-17 00:00:00-04:00,2482.5,2482.5,2250.0,2287.5,161,0.0,0.0
2020-07-20 00:00:00-04:00,2062.5,2272.5,1822.5,1837.5,170,0.0,0.0
2020-07-21 00:00:00-04:00,1740.0,1830.0,1500.0,1522.5,166,0.0,0.0
2020-07-22 00:00:00-04:00,1635.0,1740.0,1582.5,1620.0,85,0.0,0.0
2020-07-23 00:00:00-04:00,1500.0,1687.5,1500.0,1612.5,82,0.0,0.0
2020-07-24 00:00:00-04:00,1545.0,1638.75,1417.5,1417.5,149,0.0,0.0
2020-07-27 00:00:00-04:00,1455.0,1575.0,1432.5,1545.0,57,0.0,0.0
2020-07-28 00:00:00-04:00,1492.5,1645.5,1492.5,1597.5,88,0.0,0.0
2020-07-29 00:00:00-04:00,2097.75,2152.5,1650.0,2017.5,857,0.0,0.0
2020-07-30 00:00:00-04:00,1785.0,2064.0,1762.5,2055.0,117,0.0,0.0
2020-07-31 00:00:00-04:00,1972.5,2022.75,1762.5,1813.5,79,0.0,0.0
2020-08-03 00:00:00-04:00,1747.5,1818.75,1747.5,1818.75,38,0.0,0.0
2020-08-04 00:00:00-04:00,1815.0,1815.0,1702.5,1732.5,49,0.0,0.0
2020-08-05 00:00:00-04:00,1725.0,1746.75,1500.0,1605.0,89,0.0,0.0
2020-08-06 00:00:00-04:00,1537.5,1710.0,1507.5,1657.5,54,0.0,0.0
2020-08-07 00:00:00-04:00,1575.0,1638.0,1522.5,1582.5,44,0.0,0.0
2020-08-10 00:00:00-04:00,1642.5,1732.5,1567.5,1620.0,25,0.0,0.0
2020-08-11 00:00:00-04:00,1605.0,1716.75,1597.5,1687.5,41,0.0,0.0
2020-08-12 00:00:00-04:00,1672.5,1672.5,1500.0,1552.5,67,0.0,0.0
2020-08-13 00:00:00-04:00,1565.25,1623.75,1387.5,1432.5,200,0.0,0.0
2020-08-14 00:00:00-04:00,1432.5,1537.5,1432.5,1537.5,36,0.0,0.0
2020-08-17 00:00:00-04:00,1470.0,1605.0,1462.5,1537.5,89,0.0,0.0
2020-08-18 00:00:00-04:00,1477.5,1530.0,1343.25,1365.0,93,0.0,0.0
2020-08-19 00:00:00-04:00,1590.0,1590.0,997.5,1237.5,245,0.0,0.0
2020-08-20 00:00:00-04:00,1252.5,1492.5,1200.0,1410.0,113,0.0,0.0
2020-08-21 00:00:00-04:00,1395.0,1410.0,1267.5,1372.5,51,0.0,0.0
2020-08-24 00:00:00-04:00,1252.5,1342.5,1245.0,1305.0,29,0.0,0.0
2020-08-25 00:00:00-04:00,1312.5,1447.5,1305.0,1447.5,44,0.0,0.0
2020-08-26 00:00:00-04:00,1447.5,1470.0,1380.0,1417.5,22,0.0,0.0
2020-08-27 00:00:00-04:00,1350.0,1413.75,1297.5,1350.0,27,0.0,0.0
2020-08-28 00:00:00-04:00,1312.5,1447.5,1312.5,1402.5,29,0.0,0.0
2020-08-31 00:00:00-04:00,1380.0,1560.0,1350.0,1507.5,87,0.0,0.0
2020-09-01 00:00:00-04:00,1462.5,1507.5,1357.5,1419.75,76,0.0,0.0
2020-09-02 00:00:00-04:00,1380.0,1455.0,1380.0,1380.0,11,0.0,0.0
2020-09-03 00:00:00-04:00,1335.0,1376.25,1275.0,1275.0,32,0.0,0.0
2020-09-04 00:00:00-04:00,1275.0,1308.75,1207.5,1215.0,60,0.0,0.0
2020-09-08 00:00:00-04:00,1200.0,1200.0,1087.5,1125.0,55,0.0,0.0
2020-09-09 00:00:00-04:00,1350.0,1350.0,1110.0,1252.5,107,0.0,0.0
2020-09-10 00:00:00-04:00,1170.0,1372.5,1125.0,1335.0,90,0.0,0.0
2020-09-11 00:00:00-04:00,1282.5,1368.0,1282.5,1305.0,27,0.0,0.0
2020-09-14 00:00:00-04:00,1260.0,1350.0,1252.5,1350.0,53,0.0,0.0
2020-09-15 00:00:00-04:00,1357.5,1357.5,1305.0,1342.5,31,0.0,0.0
2020-09-16 00:00:00-04:00,1402.5,1402.5,1312.5,1327.5,19,0.0,0.0
2020-09-17 00:00:00-04:00,1314.0,1314.0,1267.5,1305.0,45,0.0,0.0
2020-09-18 00:00:00-04:00,1290.0,1380.75,1223.25,1380.0,78,0.0,0.0
2020-09-21 00:00:00-04:00,1245.0,1297.5,1200.0,1207.5,47,0.0,0.0
2020-09-22 00:00:00-04:00,1207.5,1251.0,1170.0,1207.5,56,0.0,0.0
2020-09-23 00:00:00-04:00,1237.5,1258.5,1162.5,1200.0,47,0.0,0.0
2020-09-24 00:00:00-04:00,1200.0,1312.5,1147.5,1260.0,60,0.0,0.0
2020-09-25 00:00:00-04:00,1215.0,1365.0,1215.0,1327.5,80,0.0,0.0
2020-09-28 00:00:00-04:00,1327.5,1425.0,1327.5,1422.0,72,0.0,0.0
2020-09-29 00:00:00-04:00,1500.0,1650.0,1335.0,1410.0,401,0.0,0.0
2020-09-30 00:00:00-04:00,1335.0,1462.5,1262.25,1402.5,61,0.0,0.0
2020-10-01 00:00:00-04:00,1387.5,1464.0,1327.5,1464.0,60,0.0,0.0
2020-10-02 00:00:00-04:00,1425.0,1680.75,1372.5,1515.0,246,0.0,0.0
2020-10-05 00:00:00-04:00,1575.0,1575.0,1447.5,1477.5,100,0.0,0.0
2020-10-06 00:00:00-04:00,1432.5,1522.5,1282.5,1410.0,161,0.0,0.0
2020-10-07 00:00:00-04:00,1387.5,1522.5,1387.5,1515.0,97,0.0,0.0
2020-10-08 00:00:00-04:00,1425.0,1485.0,1335.0,1417.5,102,0.0,0.0
2020-10-09 00:00:00-04:00,1515.0,1515.0,1392.75,1470.0,75,0.0,0.0
2020-10-12 00:00:00-04:00,1417.5,1582.5,1410.0,1582.5,935,0.0,0.0
2020-10-13 00:00:00-04:00,1702.5,2055.0,1672.5,2017.5,14040,0.0,0.0
2020-10-14 00:00:00-04:00,1830.0,2100.0,1747.5,2092.5,915,0.0,0.0
2020-10-15 00:00:00-04:00,1912.5,2130.0,1845.0,2047.5,1307,0.0,0.0
2020-10-16 00:00:00-04:00,1875.0,1980.0,1567.5,1582.5,716,0.0,0.0
2020-10-19 00:00:00-04:00,1650.0,1792.5,1530.0,1672.5,306,0.0,0.0
2020-10-20 00:00:00-04:00,1762.5,2212.5,1698.75,1942.5,1558,0.0,0.0
2020-10-21 00:00:00-04:00,1912.5,2010.0,1800.0,1912.5,358,0.0,0.0
2020-10-22 00:00:00-04:00,1912.5,1972.5,1800.0,1871.25,158,0.0,0.0
2020-10-23 00:00:00-04:00,1890.0,1950.0,1860.0,1897.5,111,0.0,0.0
2020-10-26 00:00:00-04:00,1897.5,1912.5,1800.0,1815.0,70,0.0,0.0
2020-10-27 00:00:00-04:00,1807.5,1860.0,1687.5,1687.5,111,0.0,0.0
2020-10-28 00:00:00-04:00,1567.5,1632.0,1470.0,1492.5,174,0.0,0.0
2020-10-29 00:00:00-04:00,1485.0,1567.5,1410.0,1522.5,63,0.0,0.0
2020-10-30 00:00:00-04:00,1477.5,1515.0,1410.0,1440.0,28,0.0,0.0
2020-11-02 00:00:00-05:00,1432.5,1500.0,1425.0,1425.0,26,0.0,0.0
2020-11-03 00:00:00-05:00,1425.0,1455.0,1372.5,1372.5,29,0.0,0.0
2020-11-04 00:00:00-05:00,1380.0,1447.5,1260.0,1267.5,105,0.0,0.0
2020-11-05 00:00:00-05:00,1327.5,1380.75,1267.5,1290.0,41,0.0,0.0
2020-11-06 00:00:00-05:00,1237.5,1344.75,1237.5,1312.5,99,0.0,0.0
2020-11-09 00:00:00-05:00,1432.5,1571.25,1350.0,1507.5,147,0.0,0.0
2020-11-10 00:00:00-05:00,1493.25,1725.0,1462.5,1635.0,151,0.0,0.0
2020-11-11 00:00:00-05:00,1597.5,1650.0,1520.25,1567.5,54,0.0,0.0
2020-11-12 00:00:00-05:00,1597.5,1650.0,1541.25,1597.5,41,0.0,0.0
2020-11-13 00:00:00-05:00,1560.0,1590.0,1515.0,1522.5,67,0.0,0.0
2020-11-16 00:00:00-05:00,1612.5,1650.0,1560.75,1627.5,88,0.0,0.0
2020-11-17 00:00:00-05:00,1597.5,1648.5,1545.0,1582.5,74,0.0,0.0
2020-11-18 00:00:00-05:00,1605.0,1605.0,1522.5,1545.0,48,0.0,0.0
2020-11-19 00:00:00-05:00,1545.0,1560.0,1447.5,1507.5,112,0.0,0.0
2020-11-20 00:00:00-05:00,1468.5,1472.25,1410.0,1432.5,116,0.0,0.0
2020-11-23 00:00:00-05:00,1447.5,1447.5,1380.0,1425.0,194,0.0,0.0
2020-11-24 00:00:00-05:00,1402.5,1612.5,1389.0,1552.5,542,0.0,0.0
2020-11-25 00:00:00-05:00,1507.5,1612.5,1447.5,1545.0,316,0.0,0.0
2020-11-27 00:00:00-05:00,1507.5,1545.0,1485.0,1500.0,100,0.0,0.0
2020-11-30 00:00:00-05:00,1545.0,1665.0,1492.5,1590.0,310,0.0,0.0
2020-12-01 00:00:00-05:00,1582.5,1590.0,1462.5,1492.5,160,0.0,0.0
2020-12-02 00:00:00-05:00,1492.5,1507.5,1387.5,1425.0,142,0.0,0.0
2020-12-03 00:00:00-05:00,1485.0,1620.0,1425.0,1560.0,215,0.0,0.0
2020-12-04 00:00:00-05:00,1515.0,1612.5,1462.5,1575.0,161,0.0,0.0
2020-12-07 00:00:00-05:00,1590.0,1661.25,1545.0,1627.5,146,0.0,0.0
2020-12-08 00:00:00-05:00,1642.5,1642.5,1492.5,1560.0,148,0.0,0.0
2020-12-09 00:00:00-05:00,1570.5,1605.0,1492.5,1500.0,58,0.0,0.0
2020-12-10 00:00:00-05:00,1500.0,1545.0,1500.0,1522.5,72,0.0,0.0
2020-12-11 00:00:00-05:00,1560.0,1560.0,1462.5,1537.5,105,0.0,0.0
2020-12-14 00:00:00-05:00,1560.0,1650.0,1500.0,1590.0,157,0.0,0.0
2020-12-15 00:00:00-05:00,1575.0,1792.5,1515.0,1650.0,1101,0.0,0.0
2020-12-16 00:00:00-05:00,1695.0,2062.5,1485.0,1552.5,2398,0.0,0.0
2020-12-17 00:00:00-05:00,1590.0,1650.0,1500.0,1522.5,341,0.0,0.0
2020-12-18 00:00:00-05:00,1530.0,1575.0,1515.0,1545.0,117,0.0,0.0
2020-12-21 00:00:00-05:00,1702.5,1987.5,1526.25,1597.5,3187,0.0,0.0
2020-12-22 00:00:00-05:00,1027.5,1072.5,937.5,975.0,6339,0.0,0.0
2020-12-23 00:00:00-05:00,945.0,967.5,907.5,945.0,1716,0.0,0.0
2020-12-24 00:00:00-05:00,960.0,975.0,915.0,945.0,1050,0.0,0.0
2020-12-28 00:00:00-05:00,967.5,982.5,937.5,982.5,1349,0.0,0.0
2020-12-29 00:00:00-05:00,997.5,1155.0,952.5,1057.5,3321,0.0,0.0
2020-12-30 00:00:00-05:00,990.0,1113.0,975.0,1087.5,1709,0.0,0.0
2020-12-31 00:00:00-05:00,1042.5,1117.5,1027.5,1110.0,538,0.0,0.0
2021-01-04 00:00:00-05:00,1110.0,1110.0,1050.0,1080.0,500,0.0,0.0
2021-01-05 00:00:00-05:00,1057.5,1080.0,975.0,1042.5,564,0.0,0.0
2021-01-06 00:00:00-05:00,1102.5,1530.0,1072.5,1290.0,31297,0.0,0.0
2021-01-07 00:00:00-05:00,2295.0,3075.0,2100.0,2302.5,134747,0.0,0.0
2021-01-08 00:00:00-05:00,1425.0,1603.5,1226.25,1417.5,51484,0.0,0.0
2021-01-11 00:00:00-05:00,1410.0,1777.5,1335.0,1717.5,22516,0.0,0.0
2021-01-12 00:00:00-05:00,1620.0,1875.0,1500.0,1695.0,11782,0.0,0.0
2021-01-13 00:00:00-05:00,1890.0,1897.5,1650.0,1747.5,10655,0.0,0.0
2021-01-14 00:00:00-05:00,1920.0,2475.0,1830.0,2077.5,46131,0.0,0.0
2021-01-15 00:00:00-05:00,1762.5,1800.0,1575.0,1627.5,36662,0.0,0.0
2021-01-19 00:00:00-05:00,1830.0,1852.5,1687.5,1717.5,20987,0.0,0.0
2021-01-20 00:00:00-05:00,1620.0,1687.5,1537.5,1605.0,12003,0.0,0.0
2021-01-21 00:00:00-05:00,1537.5,1567.5,1440.0,1507.5,13282,0.0,0.0
2021-01-22 00:00:00-05:00,1537.5,1605.0,1507.5,1582.5,8348,0.0,0.0
2021-01-25 00:00:00-05:00,1710.0,1740.0,1597.5,1680.0,12763,0.0,0.0
2021-01-26 00:00:00-05:00,1717.5,1740.0,1590.0,1590.0,11209,0.0,0.0
2021-01-27 00:00:00-05:00,1537.5,2205.0,1470.0,1665.0,65704,0.0,0.0
2021-01-28 00:00:00-05:00,1890.0,1897.5,1612.5,1800.0,23219,0.0,0.0
2021-01-29 00:00:00-05:00,2115.0,2437.5,1807.5,2280.0,102664,0.0,0.0
2021-02-01 00:00:00-05:00,2250.0,2257.5,2025.0,2100.0,19222,0.0,0.0
2021-02-02 00:00:00-05:00,2182.5,2475.0,1920.0,2415.0,36556,0.0,0.0
2021-02-03 00:00:00-05:00,2377.5,2707.5,2235.0,2505.0,29538,0.0,0.0
2021-02-04 00:00:00-05:00,2595.0,2797.5,2325.0,2610.0,22262,0.0,0.0
2021-02-05 00:00:00-05:00,2985.0,3262.5,2700.0,2910.0,44923,0.0,0.0
2021-02-08 00:00:00-05:00,3142.5,3262.5,2880.0,3037.5,41663,0.0,0.0
2021-02-09 00:00:00-05:00,2850.0,3307.5,2445.0,3157.5,97354,0.0,0.0
2021-02-10 00:00:00-05:00,3060.0,3097.5,2812.5,2977.5,26019,0.0,0.0
2021-02-11 00:00:00-05:00,3180.0,5385.0,3135.0,4740.0,198940,0.0,0.0
2021-02-12 00:00:00-05:00,4110.0,5820.0,3975.0,5580.0,197656,0.0,0.0
2021-02-16 00:00:00-05:00,7267.5,10267.5,7207.5,8880.0,241835,0.0,0.0
2021-02-17 00:00:00-05:00,11257.5,11910.0,6637.5,9600.0,263299,0.0,0.0
2021-02-18 00:00:00-05:00,8272.5,9337.5,7890.0,7987.5,98768,0.0,0.0
2021-02-19 00:00:00-05:00,8520.0,9337.5,7927.5,8452.5,88553,0.0,0.0
2021-02-22 00:00:00-05:00,7740.0,8775.0,7320.0,7372.5,64682,0.0,0.0
2021-02-23 00:00:00-05:00,6495.0,6667.5,4740.0,5752.5,80227,0.0,0.0
2021-02-24 00:00:00-05:00,6450.0,6510.0,5467.5,5685.0,77633,0.0,0.0
2021-02-25 00:00:00-05:00,5197.5,5250.0,4312.5,4530.0,143862,0.0,0.0
2021-02-26 00:00:00-05:00,4432.5,4950.0,3157.5,3577.5,182804,0.0,0.0
2021-03-01 00:00:00-05:00,4545.0,5490.0,4410.0,5017.5,258923,0.0,0.0
2021-03-02 00:00:00-05:00,5955.0,6375.0,4875.0,5100.0,172090,0.0,0.0
2021-03-03 00:00:00-05:00,5377.5,6937.5,4905.0,6127.5,437699,0.0,0.0
2021-03-04 00:00:00-05:00,5640.0,6135.0,4875.0,5190.0,119684,0.0,0.0
2021-03-05 00:00:00-05:00,5250.0,5430.0,3952.5,4875.0,112695,0.0,0.0
2021-03-08 00:00:00-05:00,4867.5,4897.5,3975.0,4125.0,104520,0.0,0.0
2021-03-09 00:00:00-05:00,4665.0,5160.0,4237.5,4995.0,137964,0.0,0.0
2021-03-10 00:00:00-05:00,5182.5,5317.5,4597.5,4747.5,108361,0.0,0.0
2021-03-11 00:00:00-05:00,4755.0,5092.5,4545.0,4905.0,76655,0.0,0.0
2021-03-12 00:00:00-05:00,4575.0,5302.5,4410.0,4972.5,88592,0.0,0.0
2021-03-15 00:00:00-04:00,5475.0,6487.5,5475.0,6120.0,163897,0.0,0.0
2021-03-16 00:00:00-04:00,5820.0,5910.0,5100.0,5362.5,65526,0.0,0.0
2021-03-17 00:00:00-04:00,4972.5,5985.0,4950.0,5857.5,71783,0.0,0.0
2021-03-18 00:00:00-04:00,5685.0,6645.0,5557.5,5625.0,130582,0.0,0.0
2021-03-19 00:00:00-04:00,5820.0,6052.5,5640.0,5752.5,69022,0.0,0.0
2021-03-22 00:00:00-04:00,5685.0,5692.5,4950.0,5175.0,59750,0.0,0.0
2021-03-23 00:00:00-04:00,5122.5,5343.75,4770.0,4860.0,38419,0.0,0.0
2021-03-24 00:00:00-04:00,5572.5,5580.0,4455.0,4567.5,88978,0.0,0.0
2021-03-25 00:00:00-04:00,3885.0,4650.0,3885.0,4567.5,47190,0.0,0.0
2021-03-26 00:00:00-04:00,4665.0,4665.0,4365.0,4582.5,29101,0.0,0.0
2021-03-29 00:00:00-04:00,4650.0,4785.0,4110.75,4200.0,57668,0.0,0.0
2021-03-30 00:00:00-04:00,3517.5,3817.5,3360.0,3757.5,133867,0.0,0.0
2021-03-31 00:00:00-04:00,3705.0,3892.5,3617.25,3735.0,71830,0.0,0.0
2021-04-01 00:00:00-04:00,3735.0,3937.5,3615.0,3615.0,64298,0.0,0.0
2021-04-05 00:00:00-04:00,3660.0,3697.5,3487.5,3585.0,42763,0.0,0.0
2021-04-06 00:00:00-04:00,3465.0,3472.5,3165.0,3375.0,88359,0.0,0.0
2021-04-07 00:00:00-04:00,4372.5,4627.5,3922.5,4335.0,471912,0.0,0.0
2021-04-08 00:00:00-04:00,4005.0,4117.5,3802.5,3975.0,81386,0.0,0.0
2021-04-09 00:00:00-04:00,3982.5,4252.5,3862.5,3937.5,60479,0.0,0.0
2021-04-12 00:00:00-04:00,4162.5,4395.0,3630.0,3765.0,105273,0.0,0.0
2021-04-13 00:00:00-04:00,3772.5,3873.75,3480.0,3600.0,85440,0.0,0.0
2021-04-14 00:00:00-04:00,3810.0,3930.0,3532.5,3600.0,69076,0.0,0.0
2021-04-15 00:00:00-04:00,3600.0,3630.0,3037.5,3397.5,53815,0.0,0.0
2021-04-16 00:00:00-04:00,3157.5,3450.0,3082.5,3262.5,39589,0.0,0.0
2021-04-19 00:00:00-04:00,3097.5,3255.0,2970.0,2977.5,40376,0.0,0.0
2021-04-20 00:00:00-04:00,2895.0,3352.5,2655.0,3240.0,103049,0.0,0.0
2021-04-21 00:00:00-04:00,3060.0,3397.5,2970.0,3232.5,37912,0.0,0.0
2021-04-22 00:00:00-04:00,3322.5,3435.0,3086.25,3105.0,31719,0.0,0.0
2021-04-23 00:00:00-04:00,3052.5,3307.5,3000.0,3247.5,26270,0.0,0.0
2021-04-26 00:00:00-04:00,3337.5,3525.0,3232.5,3450.0,27780,0.0,0.0
2021-04-27 00:00:00-04:00,3547.5,3561.0,3285.0,3307.5,21455,0.0,0.0
2021-04-28 00:00:00-04:00,3292.5,3487.5,3202.5,3435.0,19918,0.0,0.0
2021-04-29 00:00:00-04:00,3412.5,3420.0,3210.0,3322.5,17993,0.0,0.0
2021-04-30 00:00:00-04:00,3292.5,3397.5,3127.5,3157.5,20270,0.0,0.0
2021-05-03 00:00:00-04:00,3232.5,3232.5,3060.0,3082.5,17699,0.0,0.0
2021-05-04 00:00:00-04:00,3007.5,3045.0,2850.0,3045.0,21007,0.0,0.0
2021-05-05 00:00:00-04:00,3247.5,3547.5,3000.0,3202.5,61571,0.0,0.0
2021-05-06 00:00:00-04:00,3375.0,3397.5,2887.5,2970.0,39102,0.0,0.0
2021-05-07 00:00:00-04:00,3000.0,3097.5,2898.75,2932.5,28380,0.0,0.0
2021-05-10 00:00:00-04:00,2925.0,2925.0,2677.5,2685.0,24505,0.0,0.0
2021-05-11 00:00:00-04:00,2415.0,2775.0,2400.0,2715.0,29206,0.0,0.0
2021-05-12 00:00:00-04:00,2610.0,2670.0,2437.5,2460.0,17373,0.0,0.0
2021-05-13 00:00:00-04:00,2467.5,2546.25,2175.0,2265.0,23563,0.0,0.0
2021-05-14 00:00:00-04:00,2430.0,2512.5,2340.0,2407.5,17121,0.0,0.0
2021-05-17 00:00:00-04:00,2332.5,2467.5,2306.25,2445.0,13883,0.0,0.0
2021-05-18 00:00:00-04:00,2505.0,2700.0,2445.0,2527.5,21930,0.0,0.0
2021-05-19 00:00:00-04:00,2280.0,2460.0,2257.5,2422.5,24319,0.0,0.0
2021-05-20 00:00:00-04:00,2482.5,2527.5,2310.0,2370.0,16222,0.0,0.0
2021-05-21 00:00:00-04:00,2385.0,2467.5,2227.5,2227.5,24062,0.0,0.0
2021-05-24 00:00:00-04:00,2250.0,2250.0,2062.5,2175.0,30341,0.0,0.0
2021-05-25 00:00:00-04:00,2190.0,2321.25,2145.0,2205.0,17300,0.0,0.0
2021-05-26 00:00:00-04:00,2227.5,2512.5,2197.5,2445.0,26523,0.0,0.0
2021-05-27 00:00:00-04:00,2872.5,2872.5,2527.5,2850.0,84822,0.0,0.0
2021-05-28 00:00:00-04:00,2752.5,2805.0,2497.5,2527.5,32077,0.0,0.0
2021-06-01 00:00:00-04:00,2595.0,2760.0,2550.0,2700.0,22652,0.0,0.0
2021-06-02 00:00:00-04:00,2737.5,2775.0,2557.5,2707.5,28386,0.0,0.0
2021-06-03 00:00:00-04:00,2625.0,3037.5,2610.0,2745.0,39247,0.0,0.0
2021-06-04 00:00:00-04:00,2790.0,2835.0,2670.0,2722.5,16280,0.0,0.0
2021-06-07 00:00:00-04:00,2737.5,2955.0,2692.5,2955.0,22307,0.0,0.0
2021-06-08 00:00:00-04:00,2943.75,2947.5,2655.0,2790.0,22673,0.0,0.0
2021-06-09 00:00:00-04:00,2872.5,3165.0,2827.5,2947.5,42903,0.0,0.0
2021-06-10 00:00:00-04:00,3037.5,3255.0,2831.25,2880.0,29356,0.0,0.0
2021-06-11 00:00:00-04:00,2940.0,2977.5,2790.0,2880.0,13207,0.0,0.0
2021-06-14 00:00:00-04:00,2985.0,3270.0,2940.0,3037.5,45730,0.0,0.0
2021-06-15 00:00:00-04:00,3082.5,3090.0,2880.0,2985.0,20428,0.0,0.0
2021-06-16 00:00:00-04:00,2932.5,2940.0,2737.5,2857.5,18234,0.0,0.0
2021-06-17 00:00:00-04:00,2827.5,2932.5,2812.5,2827.5,11152,0.0,0.0
2021-06-18 00:00:00-04:00,2805.0,2842.5,2692.5,2722.5,12260,0.0,0.0
2021-06-21 00:00:00-04:00,2655.0,2677.5,2467.5,2550.0,20000,0.0,0.0
2021-06-22 00:00:00-04:00,2362.5,2490.0,2295.0,2475.0,20007,0.0,0.0
2021-06-23 00:00:00-04:00,2535.0,2610.0,2445.0,2490.0,11897,0.0,0.0
2021-06-24 00:00:00-04:00,2535.0,2580.0,2475.0,2550.0,10230,0.0,0.0
2021-06-25 00:00:00-04:00,2497.5,2565.0,2475.0,2505.0,8773,0.0,0.0
2021-06-28 00:00:00-04:00,2520.0,2640.0,2445.0,2557.5,12114,0.0,0.0
2021-06-29 00:00:00-04:00,2640.0,2707.5,2475.0,2490.0,18083,0.0,0.0
2021-06-30 00:00:00-04:00,2467.5,2512.5,2400.0,2482.5,8342,0.0,0.0
2021-07-01 00:00:00-04:00,2475.0,2490.0,2355.0,2430.0,8970,0.0,0.0
2021-07-02 00:00:00-04:00,2370.0,2392.5,2302.5,2340.0,7393,0.0,0.0
2021-07-06 00:00:00-04:00,2317.5,2377.5,2227.5,2310.0,8944,0.0,0.0
2021-07-07 00:00:00-04:00,2302.5,2325.0,2175.0,2220.0,9167,0.0,0.0
2021-07-08 00:00:00-04:00,2137.5,2197.5,2077.5,2175.0,9402,0.0,0.0
2021-07-09 00:00:00-04:00,2205.0,2272.5,2152.5,2197.5,7883,0.0,0.0
2021-07-12 00:00:00-04:00,2175.0,2197.5,2085.0,2100.0,7278,0.0,0.0
2021-07-13 00:00:00-04:00,2070.0,2092.5,2002.5,2040.0,9546,0.0,0.0
2021-07-14 00:00:00-04:00,2032.5,2085.0,1920.0,1927.5,11001,0.0,0.0
2021-07-15 00:00:00-04:00,1927.5,2028.75,1860.75,1927.5,8233,0.0,0.0
2021-07-16 00:00:00-04:00,1965.0,1987.5,1807.5,1822.5,9862,0.0,0.0
2021-07-19 00:00:00-04:00,1725.0,1852.5,1702.5,1822.5,11465,0.0,0.0
2021-07-20 00:00:00-04:00,1822.5,1882.5,1710.0,1837.5,8680,0.0,0.0
2021-07-21 00:00:00-04:00,2010.0,2160.0,1935.0,2047.5,36027,0.0,0.0
2021-07-22 00:00:00-04:00,2362.5,2362.5,1965.0,1987.5,39930,0.0,0.0
2021-07-23 00:00:00-04:00,1927.5,1950.0,1830.0,1860.0,17693,0.0,0.0
2021-07-26 00:00:00-04:00,2130.0,2347.5,1897.5,2280.0,73194,0.0,0.0
2021-07-27 00:00:00-04:00,2100.0,2182.5,1942.5,1965.0,20693,0.0,0.0
2021-07-28 00:00:00-04:00,2092.5,2152.5,2006.25,2062.5,18381,0.0,0.0
2021-07-29 00:00:00-04:00,2062.5,2092.5,1950.0,1950.0,13185,0.0,0.0
2021-07-30 00:00:00-04:00,1935.0,1972.5,1882.5,1927.5,13210,0.0,0.0
2021-08-02 00:00:00-04:00,1995.0,2122.5,1942.5,2002.5,17883,0.0,0.0
2021-08-03 00:00:00-04:00,1995.0,2002.5,1912.5,1920.0,10633,0.0,0.0
2021-08-04 00:00:00-04:00,1942.5,2070.0,1920.0,2002.5,16245,0.0,0.0
2021-08-05 00:00:00-04:00,1957.5,2137.5,1905.0,2062.5,20579,0.0,0.0
2021-08-06 00:00:00-04:00,2070.0,2355.0,2002.5,2302.5,42605,0.0,0.0
2021-08-09 00:00:00-04:00,2550.0,2617.5,2422.5,2437.5,58024,0.0,0.0
2021-08-10 00:00:00-04:00,2407.5,2467.5,2332.5,2385.0,16505,0.0,0.0
2021-08-11 00:00:00-04:00,2422.5,2512.5,2265.0,2362.5,24911,0.0,0.0
2021-08-12 00:00:00-04:00,2250.0,2265.0,2122.5,2160.0,14080,0.0,0.0
2021-08-13 00:00:00-04:00,2212.5,2227.5,2062.5,2077.5,12739,0.0,0.0
2021-08-16 00:00:00-04:00,2100.0,2107.5,1972.5,1987.5,11249,0.0,0.0
2021-08-17 00:00:00-04:00,1987.5,2010.0,1875.0,1890.0,11342,0.0,0.0
2021-08-18 00:00:00-04:00,1875.0,2010.0,1852.5,1920.0,10591,0.0,0.0
2021-08-19 00:00:00-04:00,1890.0,1935.0,1830.0,1912.5,12477,0.0,0.0
2021-08-20 00:00:00-04:00,1935.0,2062.5,1920.0,1995.0,12532,0.0,0.0
2021-08-23 00:00:00-04:00,2062.5,2115.0,1995.0,2040.0,11389,0.0,0.0
2021-08-24 00:00:00-04:00,2040.0,2077.5,1987.5,2017.5,11109,0.0,0.0
2021-08-25 00:00:00-04:00,2010.0,2055.0,1957.5,1957.5,9667,0.0,0.0
2021-08-26 00:00:00-04:00,1950.0,2016.75,1897.5,1897.5,8386,0.0,0.0
2021-08-27 00:00:00-04:00,1905.0,2040.0,1897.5,2002.5,13882,0.0,0.0
2021-08-30 00:00:00-04:00,1927.5,2017.5,1897.5,2002.5,9996,0.0,0.0
2021-08-31 00:00:00-04:00,2002.5,2085.0,1980.0,2032.5,11237,0.0,0.0
2021-09-01 00:00:00-04:00,2025.0,2280.0,2025.0,2145.0,25318,0.0,0.0
2021-09-02 00:00:00-04:00,2250.0,2280.0,2145.0,2167.5,19850,0.0,0.0
2021-09-03 00:00:00-04:00,2205.0,2272.5,2085.0,2115.0,16035,0.0,0.0
2021-09-07 00:00:00-04:00,2115.0,2148.75,1942.5,1980.0,15931,0.0,0.0
2021-09-08 00:00:00-04:00,1987.5,1995.0,1875.0,1912.5,10892,0.0,0.0
2021-09-09 00:00:00-04:00,1957.5,1980.0,1897.5,1935.0,8578,0.0,0.0
2021-09-10 00:00:00-04:00,2205.0,2355.0,2070.0,2100.0,76302,0.0,0.0
2021-09-13 00:00:00-04:00,2040.0,2122.5,2010.0,2062.5,13320,0.0,0.0
2021-09-14 00:00:00-04:00,2062.5,2115.0,1972.5,2017.5,11933,0.0,0.0
2021-09-15 00:00:00-04:00,2017.5,2038.5,1942.5,1995.0,8409,0.0,0.0
2021-09-16 00:00:00-04:00,1965.0,1980.0,1931.25,1942.5,8874,0.0,0.0
2021-09-17 00:00:00-04:00,1942.5,1995.0,1920.75,1987.5,8961,0.0,0.0
2021-09-20 00:00:00-04:00,1890.0,1920.0,1822.5,1837.5,12467,0.0,0.0
2021-09-21 00:00:00-04:00,1867.5,1878.75,1747.5,1785.0,12693,0.0,0.0
2021-09-22 00:00:00-04:00,1770.0,1845.0,1770.0,1822.5,7672,0.0,0.0
2021-09-23 00:00:00-04:00,1822.5,1860.0,1801.5,1845.0,6248,0.0,0.0
2021-09-24 00:00:00-04:00,1747.5,1770.0,1672.5,1702.5,18702,0.0,0.0
2021-09-27 00:00:00-04:00,1695.0,1710.0,1620.0,1702.5,9189,0.0,0.0
2021-09-28 00:00:00-04:00,1665.0,1710.0,1627.5,1635.0,8972,0.0,0.0
2021-09-29 00:00:00-04:00,1657.5,1657.5,1515.0,1522.5,14612,0.0,0.0
2021-09-30 00:00:00-04:00,1545.0,1620.0,1515.0,1597.5,9077,0.0,0.0
2021-10-01 00:00:00-04:00,1650.0,1702.5,1582.5,1612.5,10207,0.0,0.0
2021-10-04 00:00:00-04:00,1627.5,1627.5,1560.0,1575.0,6298,0.0,0.0
2021-10-05 00:00:00-04:00,1590.0,1650.0,1560.0,1635.0,8053,0.0,0.0
2021-10-06 00:00:00-04:00,1687.5,1687.5,1612.5,1612.5,10623,0.0,0.0
2021-10-07 00:00:00-04:00,1620.0,1627.5,1575.0,1627.5,7442,0.0,0.0
2021-10-08 00:00:00-04:00,1605.0,1672.5,1593.75,1597.5,5916,0.0,0.0
2021-10-11 00:00:00-04:00,1612.5,1698.75,1597.5,1620.0,8592,0.0,0.0
2021-10-12 00:00:00-04:00,1612.5,1612.5,1537.5,1552.5,10709,0.0,0.0
2021-10-13 00:00:00-04:00,1552.5,1575.0,1530.0,1575.0,5177,0.0,0.0
2021-10-14 00:00:00-04:00,1575.0,1620.0,1545.0,1590.0,8262,0.0,0.0
2021-10-15 00:00:00-04:00,1620.0,1657.5,1575.0,1582.5,8973,0.0,0.0
2021-10-18 00:00:00-04:00,1605.0,1770.0,1584.0,1657.5,20609,0.0,0.0
2021-10-19 00:00:00-04:00,1680.0,1777.5,1657.5,1770.0,13232,0.0,0.0
2021-10-20 00:00:00-04:00,1807.5,2088.75,1747.5,2070.0,48743,0.0,0.0
2021-10-21 00:00:00-04:00,2115.0,2115.75,1905.0,1957.5,34431,0.0,0.0
2021-10-22 00:00:00-04:00,1800.0,1931.25,1770.0,1830.0,17134,0.0,0.0
2021-10-25 00:00:00-04:00,1815.0,1912.5,1777.5,1845.0,14824,0.0,0.0
2021-10-26 00:00:00-04:00,1890.0,1907.25,1777.5,1807.5,12744,0.0,0.0
2021-10-27 00:00:00-04:00,1762.5,1784.25,1665.0,1665.0,10446,0.0,0.0
2021-10-28 00:00:00-04:00,1717.5,1770.0,1695.0,1755.0,9011,0.0,0.0
2021-10-29 00:00:00-04:00,1717.5,1751.25,1657.5,1687.5,18645,0.0,0.0
2021-11-01 00:00:00-04:00,1665.0,1740.0,1627.5,1710.0,15032,0.0,0.0
2021-11-02 00:00:00-04:00,1717.5,1747.5,1620.0,1695.0,18700,0.0,0.0
2021-11-03 00:00:00-04:00,1650.0,1680.0,1602.0,1642.5,16462,0.0,0.0
2021-11-04 00:00:00-04:00,1635.0,1657.5,1590.0,1605.0,16866,0.0,0.0
2021-11-05 00:00:00-04:00,1590.0,1627.5,1560.0,1582.5,10395,0.0,0.0
2021-11-08 00:00:00-05:00,1612.5,1725.0,1590.0,1672.5,23416,0.0,0.0
2021-11-09 00:00:00-05:00,1702.5,1770.0,1530.0,1582.5,34335,0.0,0.0
2021-11-10 00:00:00-05:00,1095.0,1207.5,1050.0,1095.0,201669,0.0,0.0
2021-11-11 00:00:00-05:00,1147.5,1185.0,1117.5,1132.5,40817,0.0,0.0
2021-11-12 00:00:00-05:00,1147.5,1177.5,1095.0,1170.0,33409,0.0,0.0
2021-11-15 00:00:00-05:00,1173.75,1200.0,1110.0,1125.0,23336,0.0,0.0
2021-11-16 00:00:00-05:00,1117.5,1117.5,1050.0,1057.5,26952,0.0,0.0
2021-11-17 00:00:00-05:00,1065.0,1071.0,997.5,1020.0,22013,0.0,0.0
2021-11-18 00:00:00-05:00,997.5,1012.5,945.0,945.0,18967,0.0,0.0
2021-11-19 00:00:00-05:00,990.0,1005.0,960.0,975.0,14427,0.0,0.0
2021-11-22 00:00:00-05:00,975.0,1005.0,937.5,952.5,14503,0.0,0.0
2021-11-23 00:00:00-05:00,952.5,997.5,941.25,967.5,17106,0.0,0.0
2021-11-24 00:00:00-05:00,960.0,1038.75,937.5,1020.0,12847,0.0,0.0
2021-11-26 00:00:00-05:00,952.5,975.0,930.0,960.0,11188,0.0,0.0
2021-11-29 00:00:00-05:00,967.5,1027.5,907.5,975.0,34233,0.0,0.0
2021-11-30 00:00:00-05:00,967.5,1012.5,922.5,960.0,17090,0.0,0.0
2021-12-01 00:00:00-05:00,952.5,990.0,870.0,877.5,17839,0.0,0.0
2021-12-02 00:00:00-05:00,862.5,930.0,840.0,900.0,14785,0.0,0.0
2021-12-03 00:00:00-05:00,885.0,900.0,810.0,825.0,15249,0.0,0.0
2021-12-06 00:00:00-05:00,772.5,840.0,690.0,840.0,17645,0.0,0.0
2021-12-07 00:00:00-05:00,870.0,877.5,840.0,855.0,9578,0.0,0.0
2021-12-08 00:00:00-05:00,840.0,915.0,817.5,892.5,10351,0.0,0.0
2021-12-09 00:00:00-05:00,877.5,885.0,795.0,817.5,9825,0.0,0.0
2021-12-10 00:00:00-05:00,825.0,832.5,772.5,780.0,10586,0.0,0.0
2021-12-13 00:00:00-05:00,780.0,802.5,735.0,765.0,14238,0.0,0.0
2021-12-14 00:00:00-05:00,757.5,825.0,750.0,772.5,12373,0.0,0.0
2021-12-15 00:00:00-05:00,780.0,795.0,712.5,795.0,15750,0.0,0.0
2021-12-16 00:00:00-05:00,810.0,817.5,750.0,765.0,7085,0.0,0.0
2021-12-17 00:00:00-05:00,757.5,780.0,727.5,734.25,18216,0.0,0.0
2021-12-20 00:00:00-05:00,727.5,735.0,690.0,699.0,9895,0.0,0.0
2021-12-21 00:00:00-05:00,701.25,739.5,699.0,729.0,6080,0.0,0.0
2021-12-22 00:00:00-05:00,735.0,735.0,711.0,729.0,5588,0.0,0.0
2021-12-23 00:00:00-05:00,727.5,757.5,700.5,742.5,8661,0.0,0.0
2021-12-27 00:00:00-05:00,742.5,765.0,697.5,712.5,12678,0.0,0.0
2021-12-28 00:00:00-05:00,699.0,704.25,662.25,669.75,13804,0.0,0.0
2021-12-29 00:00:00-05:00,660.0,665.25,615.75,615.75,13195,0.0,0.0
2021-12-30 00:00:00-05:00,612.0,665.25,609.0,632.25,11773,0.0,0.0
2021-12-31 00:00:00-05:00,642.0,651.0,615.0,616.5,9262,0.0,0.0
2022-01-03 00:00:00-05:00,632.25,660.0,619.5,652.5,6549,0.0,0.0
2022-01-04 00:00:00-05:00,654.75,682.5,638.25,675.75,7197,0.0,0.0
2022-01-05 00:00:00-05:00,674.25,679.5,608.25,618.75,8852,0.0,0.0
2022-01-06 00:00:00-05:00,600.0,629.25,591.0,606.75,5761,0.0,0.0
2022-01-07 00:00:00-05:00,598.5,630.0,594.0,597.0,5037,0.0,0.0
2022-01-10 00:00:00-05:00,587.25,591.0,562.5,578.25,6900,0.0,0.0
2022-01-11 00:00:00-05:00,585.0,637.5,570.0,615.75,7959,0.0,0.0
2022-01-12 00:00:00-05:00,630.75,664.5,618.75,639.0,7668,0.0,0.0
2022-01-13 00:00:00-05:00,667.5,667.5,623.25,630.75,5869,0.0,0.0
2022-01-14 00:00:00-05:00,624.75,652.5,615.0,642.0,3577,0.0,0.0
2022-01-18 00:00:00-05:00,637.5,659.25,600.0,609.0,6196,0.0,0.0
2022-01-19 00:00:00-05:00,615.0,621.75,573.75,592.5,5376,0.0,0.0
2022-01-20 00:00:00-05:00,593.25,632.25,585.75,587.25,4668,0.0,0.0
2022-01-21 00:00:00-05:00,577.5,579.0,525.0,525.75,9446,0.0,0.0
2022-01-24 00:00:00-05:00,483.0,514.5,420.0,504.75,12278,0.0,0.0
2022-01-25 00:00:00-05:00,493.5,513.75,476.25,493.5,7377,0.0,0.0
2022-01-26 00:00:00-05:00,525.0,547.5,493.5,501.75,9701,0.0,0.0
2022-01-27 00:00:00-05:00,509.25,517.5,465.0,471.0,5982,0.0,0.0
2022-01-28 00:00:00-05:00,468.75,477.0,450.0,471.75,5735,0.0,0.0
2022-01-31 00:00:00-05:00,472.5,510.0,471.75,486.75,8787,0.0,0.0
2022-02-01 00:00:00-05:00,510.0,562.5,495.0,553.5,9114,0.0,0.0
2022-02-02 00:00:00-05:00,562.5,562.5,504.0,525.0,6736,0.0,0.0
2022-02-03 00:00:00-05:00,503.25,521.25,465.0,465.0,8152,0.0,0.0
2022-02-04 00:00:00-05:00,480.0,517.5,468.0,502.5,7057,0.0,0.0
2022-02-07 00:00:00-05:00,525.0,547.5,504.75,518.25,7151,0.0,0.0
2022-02-08 00:00:00-05:00,521.25,525.0,491.25,514.5,5490,0.0,0.0
2022-02-09 00:00:00-05:00,519.75,537.0,504.0,536.25,7399,0.0,0.0
2022-02-10 00:00:00-05:00,519.75,555.0,517.5,525.0,8873,0.0,0.0
2022-02-11 00:00:00-05:00,525.0,541.5,498.75,502.5,4943,0.0,0.0
2022-02-14 00:00:00-05:00,507.0,521.25,487.5,491.25,3725,0.0,0.0
2022-02-15 00:00:00-05:00,514.5,547.5,508.5,538.5,6691,0.0,0.0
2022-02-16 00:00:00-05:00,536.25,726.0,525.0,692.25,82924,0.0,0.0
2022-02-17 00:00:00-05:00,667.5,667.5,576.0,595.5,24731,0.0,0.0
2022-02-18 00:00:00-05:00,605.25,731.25,574.5,689.25,41916,0.0,0.0
2022-02-22 00:00:00-05:00,656.25,723.75,600.0,600.0,20017,0.0,0.0
2022-02-23 00:00:00-05:00,615.0,634.5,562.5,572.25,12384,0.0,0.0
2022-02-24 00:00:00-05:00,486.0,564.75,486.0,550.5,14100,0.0,0.0
2022-02-25 00:00:00-05:00,551.25,597.75,533.25,543.75,6262,0.0,0.0
2022-02-28 00:00:00-05:00,543.0,579.0,533.25,546.0,9011,0.0,0.0
2022-03-01 00:00:00-05:00,566.25,567.0,525.75,533.25,6255,0.0,0.0
2022-03-02 00:00:00-05:00,540.0,541.5,507.0,525.0,5095,0.0,0.0
2022-03-03 00:00:00-05:00,516.75,534.0,510.0,512.25,3253,0.0,0.0
2022-03-04 00:00:00-05:00,505.5,522.0,492.0,506.25,4709,0.0,0.0
2022-03-07 00:00:00-05:00,495.0,515.25,472.5,473.25,6156,0.0,0.0
2022-03-08 00:00:00-05:00,476.25,487.5,442.5,467.25,9937,0.0,0.0
2022-03-09 00:00:00-05:00,491.25,516.0,483.75,498.75,5947,0.0,0.0
2022-03-10 00:00:00-05:00,480.0,487.5,458.25,477.75,3539,0.0,0.0
2022-03-11 00:00:00-05:00,483.75,486.75,450.75,458.25,3460,0.0,0.0
2022-03-14 00:00:00-04:00,450.0,453.75,386.25,435.75,6665,0.0,0.0
2022-03-15 00:00:00-04:00,423.75,444.75,423.75,441.0,2943,0.0,0.0
2022-03-16 00:00:00-04:00,472.5,480.0,442.5,470.25,5938,0.0,0.0
2022-03-17 00:00:00-04:00,468.75,522.75,452.25,510.0,8089,0.0,0.0
2022-03-18 00:00:00-04:00,504.0,540.0,490.5,509.25,6668,0.0,0.0
2022-03-21 00:00:00-04:00,510.0,547.5,508.5,528.0,5438,0.0,0.0
2022-03-22 00:00:00-04:00,555.0,568.5,536.25,540.0,5881,0.0,0.0
2022-03-23 00:00:00-04:00,555.0,675.0,532.5,591.75,20802,0.0,0.0
2022-03-24 00:00:00-04:00,611.25,636.75,571.5,600.0,9825,0.0,0.0
2022-03-25 00:00:00-04:00,607.5,611.25,562.5,576.0,5977,0.0,0.0
2022-03-28 00:00:00-04:00,622.5,645.0,603.0,615.0,9132,0.0,0.0
2022-03-29 00:00:00-04:00,615.0,637.5,607.5,622.5,4510,0.0,0.0
2022-03-30 00:00:00-04:00,582.75,615.0,543.75,553.5,9295,0.0,0.0
2022-03-31 00:00:00-04:00,342.0,442.5,336.75,402.75,121791,0.0,0.0
2022-04-01 00:00:00-04:00,416.25,417.0,382.5,396.75,23343,0.0,0.0
2022-04-04 00:00:00-04:00,411.75,412.5,390.0,402.0,13962,0.0,0.0
2022-04-05 00:00:00-04:00,405.75,408.0,375.75,377.25,15771,0.0,0.0
2022-04-06 00:00:00-04:00,370.5,380.25,357.75,371.25,11400,0.0,0.0
2022-04-07 00:00:00-04:00,372.0,375.0,349.5,363.0,7934,0.0,0.0
2022-04-08 00:00:00-04:00,360.0,365.25,345.75,358.5,7186,0.0,0.0
2022-04-11 00:00:00-04:00,359.25,359.25,341.25,342.0,7161,0.0,0.0
2022-04-12 00:00:00-04:00,360.75,395.25,352.5,352.5,15040,0.0,0.0
2022-04-13 00:00:00-04:00,358.5,369.75,352.5,364.5,6856,0.0,0.0
2022-04-14 00:00:00-04:00,372.75,372.75,352.5,371.25,7158,0.0,0.0
2022-04-18 00:00:00-04:00,360.0,367.5,341.25,347.25,7928,0.0,0.0
2022-04-19 00:00:00-04:00,345.0,360.0,342.0,348.0,6010,0.0,0.0
2022-04-20 00:00:00-04:00,346.5,348.75,337.5,338.25,5975,0.0,0.0
2022-04-21 00:00:00-04:00,342.75,352.5,327.0,330.0,9549,0.0,0.0
2022-04-22 00:00:00-04:00,331.5,331.5,306.75,309.75,7362,0.0,0.0
2022-04-25 00:00:00-04:00,312.0,312.75,301.5,310.5,5539,0.0,0.0
2022-04-26 00:00:00-04:00,308.25,310.5,292.5,292.5,6413,0.0,0.0
2022-04-27 00:00:00-04:00,300.75,300.75,288.75,291.0,3976,0.0,0.0
2022-04-28 00:00:00-04:00,295.5,322.5,294.0,316.5,6687,0.0,0.0
2022-04-29 00:00:00-04:00,318.75,337.5,303.75,316.5,6310,0.0,0.0
2022-05-02 00:00:00-04:00,315.0,522.0,307.5,442.5,209533,0.0,0.0
2022-05-03 00:00:00-04:00,405.0,432.0,375.0,381.0,48166,0.0,0.0
2022-05-04 00:00:00-04:00,386.25,393.75,354.0,389.25,17139,0.0,0.0
2022-05-05 00:00:00-04:00,375.0,375.0,342.0,354.0,16917,0.0,0.0
2022-05-06 00:00:00-04:00,346.5,348.0,324.0,338.25,10293,0.0,0.0
2022-05-09 00:00:00-04:00,319.5,326.25,300.75,301.5,10757,0.0,0.0
2022-05-10 00:00:00-04:00,322.5,324.0,292.5,303.75,9888,0.0,0.0
2022-05-11 00:00:00-04:00,290.25,300.0,279.75,279.75,10695,0.0,0.0
2022-05-12 00:00:00-04:00,270.0,285.0,262.5,276.75,10566,0.0,0.0
2022-05-13 00:00:00-04:00,288.75,306.0,280.5,299.25,12327,0.0,0.0
2022-05-16 00:00:00-04:00,300.0,310.5,285.75,291.75,9103,0.0,0.0
2022-05-17 00:00:00-04:00,297.75,307.5,293.25,305.25,5829,0.0,0.0
2022-05-18 00:00:00-04:00,300.0,306.75,286.5,291.0,6538,0.0,0.0
2022-05-19 00:00:00-04:00,290.25,300.0,283.5,291.0,5243,0.0,0.0
2022-05-20 00:00:00-04:00,299.25,302.25,270.75,276.75,8234,0.0,0.0
2022-05-23 00:00:00-04:00,279.0,283.5,264.75,273.0,7480,0.0,0.0
2022-05-24 00:00:00-04:00,267.0,267.0,249.75,250.5,9844,0.0,0.0
2022-05-25 00:00:00-04:00,253.5,262.5,246.0,255.0,5248,0.0,0.0
2022-05-26 00:00:00-04:00,252.0,271.5,248.25,267.0,8181,0.0,0.0
2022-05-27 00:00:00-04:00,270.0,277.5,262.5,270.0,6907,0.0,0.0
2022-05-31 00:00:00-04:00,285.0,300.75,277.5,288.0,15791,0.0,0.0
2022-06-01 00:00:00-04:00,300.0,301.5,273.0,277.5,5280,0.0,0.0
2022-06-02 00:00:00-04:00,274.5,294.75,272.25,290.25,3745,0.0,0.0
2022-06-03 00:00:00-04:00,285.0,290.25,272.25,273.75,4106,0.0,0.0
2022-06-06 00:00:00-04:00,284.25,289.5,263.25,267.75,4568,0.0,0.0
2022-06-07 00:00:00-04:00,264.0,266.25,255.75,266.25,4684,0.0,0.0
2022-06-08 00:00:00-04:00,262.5,304.5,262.5,288.0,10539,0.0,0.0
2022-06-09 00:00:00-04:00,285.0,375.0,270.0,303.75,44224,0.0,0.0
2022-06-10 00:00:00-04:00,287.25,297.0,272.25,277.5,10530,0.0,0.0
2022-06-13 00:00:00-04:00,250.5,260.25,232.5,232.5,15929,0.0,0.0
2022-06-14 00:00:00-04:00,236.25,245.25,225.75,228.75,10692,0.0,0.0
2022-06-15 00:00:00-04:00,225.0,243.75,225.0,234.0,9979,0.0,0.0
2022-06-16 00:00:00-04:00,222.0,228.75,212.25,212.25,10049,0.0,0.0
2022-06-17 00:00:00-04:00,210.0,236.25,210.0,225.0,16825,0.0,0.0
2022-06-21 00:00:00-04:00,237.75,247.5,219.75,225.0,14498,0.0,0.0
2022-06-22 00:00:00-04:00,215.25,216.75,161.25,165.0,58587,0.0,0.0
2022-06-23 00:00:00-04:00,173.25,173.25,151.5,156.75,30736,0.0,0.0
2022-06-24 00:00:00-04:00,162.0,162.0,150.0,153.0,20612,0.0,0.0
2022-06-27 00:00:00-04:00,156.0,157.5,150.0,150.75,25013,0.0,0.0
2022-06-28 00:00:00-04:00,152.25,154.5,135.0,141.0,27747,0.0,0.0
2022-06-29 00:00:00-04:00,136.5,136.5,127.5,134.25,21631,0.0,0.0
2022-06-30 00:00:00-04:00,129.75,145.5,124.5,143.25,26608,0.0,0.0
2022-07-01 00:00:00-04:00,142.5,144.75,129.75,129.75,20312,0.0,0.0
2022-07-05 00:00:00-04:00,128.25,129.0,121.5,126.75,14975,0.0,0.0
2022-07-06 00:00:00-04:00,113.25,127.05000305175781,102.1500015258789,124.6500015258789,57173,0.0,0.02
2022-07-07 00:00:00-04:00,121.80000305175781,136.9499969482422,120.0,125.25,30313,0.0,0.0
2022-07-08 00:00:00-04:00,122.25,122.69999694824219,113.25,113.69999694824219,34847,0.0,0.0
2022-07-11 00:00:00-04:00,110.0999984741211,111.0,99.5999984741211,100.05000305175781,23380,0.0,0.0
2022-07-12 00:00:00-04:00,98.55000305175781,100.3499984741211,93.75,95.69999694824219,12867,0.0,0.0
2022-07-13 00:00:00-04:00,91.5,93.5999984741211,84.2249984741211,84.9000015258789,43933,0.0,0.0
2022-07-14 00:00:00-04:00,81.5999984741211,83.55000305175781,79.80000305175781,80.25,28727,0.0,0.0
2022-07-15 00:00:00-04:00,79.19999694824219,80.25,73.6500015258789,75.5999984741211,30307,0.0,0.0
2022-07-18 00:00:00-04:00,78.1500015258789,98.4000015258789,78.0,86.69999694824219,386247,0.0,0.0
2022-07-19 00:00:00-04:00,87.1500015258789,95.0999984741211,82.6500015258789,89.69999694824219,176073,0.0,0.0
2022-07-20 00:00:00-04:00,90.44999694824219,103.80000305175781,90.30000305175781,101.25,90387,0.0,0.0
2022-07-21 00:00:00-04:00,97.94999694824219,102.75,96.0,102.0,22420,0.0,0.0
2022-07-22 00:00:00-04:00,100.94999694824219,102.33000183105469,92.25,93.0,18327,0.0,0.0
2022-07-25 00:00:00-04:00,90.1500015258789,93.30000305175781,84.1500015258789,84.5999984741211,16227,0.0,0.0
2022-07-26 00:00:00-04:00,84.1500015258789,84.75,78.44999694824219,78.75,17120,0.0,0.0
2022-07-27 00:00:00-04:00,80.0999984741211,85.19999694824219,78.44999694824219,83.55000305175781,21287,0.0,0.0
2022-07-28 00:00:00-04:00,82.3499984741211,86.55000305175781,80.25,85.3499984741211,13573,0.0,0.0
2022-07-29 00:00:00-04:00,84.44999694824219,87.0,82.19999694824219,84.9000015258789,6047,0.0,0.0
2022-08-01 00:00:00-04:00,84.0,85.94999694824219,82.3499984741211,84.0,8013,0.0,0.0
2022-08-02 00:00:00-04:00,83.0999984741211,91.19999694824219,81.76499938964844,89.0999984741211,15453,0.0,0.0
2022-08-03 00:00:00-04:00,91.5,96.69000244140625,91.3499984741211,95.55000305175781,15213,0.0,0.0
2022-08-04 00:00:00-04:00,98.25,101.55000305175781,93.0,95.8499984741211,22687,0.0,0.0
2022-08-05 00:00:00-04:00,95.4000015258789,104.69999694824219,92.48999786376953,104.0999984741211,26147,0.0,0.0
2022-08-08 00:00:00-04:00,107.25,154.8000030517578,105.75,148.64999389648438,363260,0.0,0.0
2022-08-09 00:00:00-04:00,135.0,136.0500030517578,107.4000015258789,109.5,51567,0.0,0.0
2022-08-10 00:00:00-04:00,119.4000015258789,127.80000305175781,118.19999694824219,119.69999694824219,39780,0.0,0.0
2022-08-11 00:00:00-04:00,124.5,130.5,115.94999694824219,116.8499984741211,25673,0.0,0.0
2022-08-12 00:00:00-04:00,119.4000015258789,122.69999694824219,114.0,120.30000305175781,19127,0.0,0.0
2022-08-15 00:00:00-04:00,122.0999984741211,129.0749969482422,116.25,124.6500015258789,26873,0.0,0.0
2022-08-16 00:00:00-04:00,123.0,124.05000305175781,117.5999984741211,120.9000015258789,17487,0.0,0.0
2022-08-17 00:00:00-04:00,119.25,119.8499984741211,114.34500122070312,115.6500015258789,9360,0.0,0.0
2022-08-18 00:00:00-04:00,117.75,117.75,108.9000015258789,110.55000305175781,7393,0.0,0.0
2022-08-19 00:00:00-04:00,108.75,108.75,100.3499984741211,100.3499984741211,7647,0.0,0.0
2022-08-22 00:00:00-04:00,99.0,99.44999694824219,95.25,98.0999984741211,7793,0.0,0.0
2022-08-23 00:00:00-04:00,98.0999984741211,100.3499984741211,96.0,97.6500015258789,5753,0.0,0.0
2022-08-24 00:00:00-04:00,97.3499984741211,102.75,96.44999694824219,98.4000015258789,6173,0.0,0.0
2022-08-25 00:00:00-04:00,100.94999694824219,102.9000015258789,98.0999984741211,99.1500015258789,4760,0.0,0.0
2022-08-26 00:00:00-04:00,99.30000305175781,102.0,92.25,94.05000305175781,5260,0.0,0.0
2022-08-29 00:00:00-04:00,90.9000015258789,95.63999938964844,90.75,92.0999984741211,3853,0.0,0.0
2022-08-30 00:00:00-04:00,92.8499984741211,93.1500015258789,87.31500244140625,89.69999694824219,4573,0.0,0.0
2022-08-31 00:00:00-04:00,90.44999694824219,92.69999694824219,87.44999694824219,90.75,5060,0.0,0.0
2022-09-01 00:00:00-04:00,88.05000305175781,90.44999694824219,83.4000015258789,86.25,5953,0.0,0.0
2022-09-02 00:00:00-04:00,88.05000305175781,89.25,84.0,85.3499984741211,3380,0.0,0.0
2022-09-06 00:00:00-04:00,86.4000015258789,87.44999694824219,78.5999984741211,79.6500015258789,6040,0.0,0.0
2022-09-07 00:00:00-04:00,78.5999984741211,82.3499984741211,78.44999694824219,80.55000305175781,5600,0.0,0.0
2022-09-08 00:00:00-04:00,81.75,84.5999984741211,80.55000305175781,84.5999984741211,4567,0.0,0.0
2022-09-09 00:00:00-04:00,89.69999694824219,94.5,88.94999694824219,92.69999694824219,12760,0.0,0.0
2022-09-12 00:00:00-04:00,93.1500015258789,96.0,88.55999755859375,91.5,10593,0.0,0.0
2022-09-13 00:00:00-04:00,84.5999984741211,88.6500015258789,82.80000305175781,83.0999984741211,6547,0.0,0.0
2022-09-14 00:00:00-04:00,86.55000305175781,86.55000305175781,79.19999694824219,83.0999984741211,5827,0.0,0.0
2022-09-15 00:00:00-04:00,82.19999694824219,85.19999694824219,79.70999908447266,80.8499984741211,9347,0.0,0.0
2022-09-16 00:00:00-04:00,78.1500015258789,80.55000305175781,76.05000305175781,76.5,7360,0.0,0.0
2022-09-19 00:00:00-04:00,77.69999694824219,80.0999984741211,75.5999984741211,76.94999694824219,5813,0.0,0.0
2022-09-20 00:00:00-04:00,76.5,77.4000015258789,73.6500015258789,74.25,4033,0.0,0.0
2022-09-21 00:00:00-04:00,76.80000305175781,83.4000015258789,73.80000305175781,80.25,11073,0.0,0.0
2022-09-22 00:00:00-04:00,78.5999984741211,79.05000305175781,76.42500305175781,78.0,3460,0.0,0.0
2022-09-23 00:00:00-04:00,75.0,75.49500274658203,71.4000015258789,73.94999694824219,6867,0.0,0.0
2022-09-26 00:00:00-04:00,72.0,76.7249984741211,69.44999694824219,70.3499984741211,4687,0.0,0.0
2022-09-27 00:00:00-04:00,73.6500015258789,74.79000091552734,66.30000305175781,67.94999694824219,9980,0.0,0.0
2022-09-28 00:00:00-04:00,67.5,69.0,65.0999984741211,68.25,8287,0.0,0.0
2022-09-29 00:00:00-04:00,68.0999984741211,68.0999984741211,61.20000076293945,63.45000076293945,5053,0.0,0.0
2022-09-30 00:00:00-04:00,61.79999923706055,66.0,61.650001525878906,61.95000076293945,3087,0.0,0.0
2022-10-03 00:00:00-04:00,63.0,64.05000305175781,58.845001220703125,60.29999923706055,5680,0.0,0.0
2022-10-04 00:00:00-04:00,62.70000076293945,69.75,61.57500076293945,66.44999694824219,9060,0.0,0.0
2022-10-05 00:00:00-04:00,64.80000305175781,73.3499984741211,63.75,73.3499984741211,5813,0.0,0.0
2022-10-06 00:00:00-04:00,72.5999984741211,74.25,69.0,73.05000305175781,2980,0.0,0.0
2022-10-07 00:00:00-04:00,71.8499984741211,71.8499984741211,65.625,66.9000015258789,3340,0.0,0.0
2022-10-10 00:00:00-04:00,66.9000015258789,67.5,62.849998474121094,66.0,3467,0.0,0.0
2022-10-11 00:00:00-04:00,65.4000015258789,71.55000305175781,62.70000076293945,65.69999694824219,2067,0.0,0.0
2022-10-12 00:00:00-04:00,67.5,67.5,63.599998474121094,67.5,2213,0.0,0.0
2022-10-13 00:00:00-04:00,63.29999923706055,70.5,61.20000076293945,66.9000015258789,7133,0.0,0.0
2022-10-14 00:00:00-04:00,68.0999984741211,69.75,64.5,67.3499984741211,3707,0.0,0.0
2022-10-17 00:00:00-04:00,70.19999694824219,71.25,67.5,68.69999694824219,2653,0.0,0.0
2022-10-18 00:00:00-04:00,70.05000305175781,71.55000305175781,66.0,68.4000015258789,1967,0.0,0.0
2022-10-19 00:00:00-04:00,65.4000015258789,68.4000015258789,64.80000305175781,66.75,2313,0.0,0.0
2022-10-20 00:00:00-04:00,65.55000305175781,69.07499694824219,64.5,67.5,2213,0.0,0.0
2022-10-21 00:00:00-04:00,63.150001525878906,68.69999694824219,62.92499923706055,67.5,4167,0.0,0.0
2022-10-24 00:00:00-04:00,70.5,73.80000305175781,65.4000015258789,69.9000015258789,9347,0.0,0.0
2022-10-25 00:00:00-04:00,68.4000015258789,75.9000015258789,67.6500015258789,73.3499984741211,5907,0.0,0.0
2022-10-26 00:00:00-04:00,74.4000015258789,78.1500015258789,71.55000305175781,73.3499984741211,6500,0.0,0.0
2022-10-27 00:00:00-04:00,72.75,75.75,71.69999694824219,71.69999694824219,2327,0.0,0.0
2022-10-28 00:00:00-04:00,75.0,75.0,70.6500015258789,71.8499984741211,2520,0.0,0.0
2022-10-31 00:00:00-04:00,72.9000015258789,73.94999694824219,70.06500244140625,71.8499984741211,2320,0.0,0.0
2022-11-01 00:00:00-04:00,71.4000015258789,73.5,69.0,69.0,2893,0.0,0.0
2022-11-02 00:00:00-04:00,68.4000015258789,73.5,66.30000305175781,66.30000305175781,3467,0.0,0.0
2022-11-03 00:00:00-04:00,66.0,71.0999984741211,65.25,68.25,2847,0.0,0.0
2022-11-04 00:00:00-04:00,70.5,75.0,67.5,73.3499984741211,5093,0.0,0.0
2022-11-07 00:00:00-05:00,80.0999984741211,80.0999984741211,73.3499984741211,73.80000305175781,10293,0.0,0.0
2022-11-08 00:00:00-05:00,72.44999694824219,75.9000015258789,71.69999694824219,73.5,2987,0.0,0.0
2022-11-09 00:00:00-05:00,73.80000305175781,75.0,67.5,68.55000305175781,5887,0.0,0.0
2022-11-10 00:00:00-05:00,69.75,73.5,69.30000305175781,70.19999694824219,5107,0.0,0.0
2022-11-11 00:00:00-05:00,71.8499984741211,77.0999984741211,70.19999694824219,70.19999694824219,6453,0.0,0.0
2022-11-14 00:00:00-05:00,69.1500015258789,74.4000015258789,69.1500015258789,73.6500015258789,8367,0.0,0.0
2022-11-15 00:00:00-05:00,74.25,75.75,71.69999694824219,71.69999694824219,6400,0.0,0.0
2022-11-16 00:00:00-05:00,71.4000015258789,72.44999694824219,69.9000015258789,71.25,2953,0.0,0.0
2022-11-17 00:00:00-05:00,69.0,72.75,68.17500305175781,72.1500015258789,2147,0.0,0.0
2022-11-18 00:00:00-05:00,70.6500015258789,71.97000122070312,68.0999984741211,70.5,4960,0.0,0.0
2022-11-21 00:00:00-05:00,68.8499984741211,68.8499984741211,63.29999923706055,64.3499984741211,2180,0.0,0.0
2022-11-22 00:00:00-05:00,64.19999694824219,66.30000305175781,64.19999694824219,65.0999984741211,2487,0.0,0.0
2022-11-23 00:00:00-05:00,66.5999984741211,66.72000122070312,61.5,64.19999694824219,2600,0.0,0.0
2022-11-25 00:00:00-05:00,63.45000076293945,67.19999694824219,63.0,64.06500244140625,1173,0.0,0.0
2022-11-28 00:00:00-05:00,62.70000076293945,65.0999984741211,62.54999923706055,65.0999984741211,2073,0.0,0.0
2022-11-29 00:00:00-05:00,65.69999694824219,67.05000305175781,63.5099983215332,64.6500015258789,1500,0.0,0.0
2022-11-30 00:00:00-05:00,64.6500015258789,68.25,63.9900016784668,66.5999984741211,2607,0.0,0.0
2022-12-01 00:00:00-05:00,68.25,69.75,65.0999984741211,68.25,3560,0.0,0.0
2022-12-02 00:00:00-05:00,66.1500015258789,69.70500183105469,66.1500015258789,66.75,3707,0.0,0.0
2022-12-05 00:00:00-05:00,68.69999694824219,68.91000366210938,66.75,68.25,1687,0.0,0.0
2022-12-06 00:00:00-05:00,69.75,69.75,63.0,65.8499984741211,4947,0.0,0.0
2022-12-07 00:00:00-05:00,64.3499984741211,65.55000305175781,62.400001525878906,63.75,2160,0.0,0.0
2022-12-08 00:00:00-05:00,65.25,66.0,63.0,65.0999984741211,2047,0.0,0.0
2022-12-09 00:00:00-05:00,66.0,66.0,63.900001525878906,63.900001525878906,2093,0.0,0.0
2022-12-12 00:00:00-05:00,62.54999923706055,64.5,62.54999923706055,63.75,1373,0.0,0.0
2022-12-13 00:00:00-05:00,66.1500015258789,67.19999694824219,63.150001525878906,65.0999984741211,2547,0.0,0.0
2022-12-14 00:00:00-05:00,65.69999694824219,65.69999694824219,61.349998474121094,61.349998474121094,2560,0.0,0.0
2022-12-15 00:00:00-05:00,61.20000076293945,62.32500076293945,59.23500061035156,59.25,5660,0.0,0.0
2022-12-16 00:00:00-05:00,57.0,59.25,57.0,57.0,2913,0.0,0.0
2022-12-19 00:00:00-05:00,58.349998474121094,58.349998474121094,51.0,52.5,4193,0.0,0.0
2022-12-20 00:00:00-05:00,51.900001525878906,52.709999084472656,49.20000076293945,49.20000076293945,3007,0.0,0.0
2022-12-21 00:00:00-05:00,49.349998474121094,51.29999923706055,49.349998474121094,49.79999923706055,2407,0.0,0.0
2022-12-22 00:00:00-05:00,50.400001525878906,50.54999923706055,47.54999923706055,48.75,3260,0.0,0.0
2022-12-23 00:00:00-05:00,48.0,48.375,45.0,45.75,2900,0.0,0.0
2022-12-27 00:00:00-05:00,45.150001525878906,46.5,41.54999923706055,41.54999923706055,6407,0.0,0.0
2022-12-28 00:00:00-05:00,41.400001525878906,42.45000076293945,38.040000915527344,39.29999923706055,5940,0.0,0.0
2022-12-29 00:00:00-05:00,42.599998474121094,42.599998474121094,39.0,40.349998474121094,6413,0.0,0.0
2022-12-30 00:00:00-05:00,39.150001525878906,41.54999923706055,39.150001525878906,40.95000076293945,5680,0.0,0.0
2023-01-03 00:00:00-05:00,42.45000076293945,44.25,41.54999923706055,43.79999923706055,3767,0.0,0.0
2023-01-04 00:00:00-05:00,44.54999923706055,47.70000076293945,42.45000076293945,47.70000076293945,5047,0.0,0.0
2023-01-05 00:00:00-05:00,47.849998474121094,50.099998474121094,45.900001525878906,49.20000076293945,2980,0.0,0.0
2023-01-06 00:00:00-05:00,50.54999923706055,52.22999954223633,48.0,51.75,5213,0.0,0.0
2023-01-09 00:00:00-05:00,53.400001525878906,58.95000076293945,52.40999984741211,55.95000076293945,15180,0.0,0.0
2023-01-10 00:00:00-05:00,56.25,70.5,56.25,68.69999694824219,19180,0.0,0.0
2023-01-11 00:00:00-05:00,69.44999694824219,77.69999694824219,67.84500122070312,71.25,16280,0.0,0.0
2023-01-12 00:00:00-05:00,74.25,81.44999694824219,70.80000305175781,80.69999694824219,16680,0.0,0.0
2023-01-13 00:00:00-05:00,84.0,104.25,84.0,102.75,51453,0.0,0.0
2023-01-17 00:00:00-05:00,109.3499984741211,127.3499984741211,98.43000030517578,122.8499984741211,81433,0.0,0.0
2023-01-18 00:00:00-05:00,119.25,122.06999969482422,98.69999694824219,99.9000015258789,53020,0.0,0.0
2023-01-19 00:00:00-05:00,94.80000305175781,106.57499694824219,88.80000305175781,103.3499984741211,25260,0.0,0.0
2023-01-20 00:00:00-05:00,101.4000015258789,113.8499984741211,101.25,109.94999694824219,25647,0.0,0.0
2023-01-23 00:00:00-05:00,115.6500015258789,124.6500015258789,105.9000015258789,109.6500015258789,39213,0.0,0.0
2023-01-24 00:00:00-05:00,107.25,110.8499984741211,105.0,105.5999984741211,10173,0.0,0.0
2023-01-25 00:00:00-05:00,101.69999694824219,104.4000015258789,96.0,100.6500015258789,13680,0.0,0.0
2023-01-26 00:00:00-05:00,102.75,107.4000015258789,99.12000274658203,100.05000305175781,8233,0.0,0.0
2023-01-27 00:00:00-05:00,100.19999694824219,105.30000305175781,100.19999694824219,102.0,6267,0.0,0.0
2023-01-30 00:00:00-05:00,100.05000305175781,105.0,94.94999694824219,94.94999694824219,6320,0.0,0.0
2023-01-31 00:00:00-05:00,96.9000015258789,103.48500061035156,95.25,102.75,5660,0.0,0.0
2023-02-01 00:00:00-05:00,103.6500015258789,104.69999694824219,97.5,104.0999984741211,6700,0.0,0.0
2023-02-02 00:00:00-05:00,106.94999694824219,114.75,104.25,106.19999694824219,14367,0.0,0.0
2023-02-03 00:00:00-05:00,106.19999694824219,108.0,96.9000015258789,97.80000305175781,6480,0.0,0.0
2023-02-06 00:00:00-05:00,92.69999694824219,97.5,92.69999694824219,94.80000305175781,7080,0.0,0.0
2023-02-07 00:00:00-05:00,96.44999694824219,97.19999694824219,92.0999984741211,96.5999984741211,3373,0.0,0.0
2023-02-08 00:00:00-05:00,96.30000305175781,98.55000305175781,93.75,94.80000305175781,4533,0.0,0.0
2023-02-09 00:00:00-05:00,94.19999694824219,96.83999633789062,87.1050033569336,88.3499984741211,5413,0.0,0.0
2023-02-10 00:00:00-05:00,88.5,88.5,82.5,85.3499984741211,4367,0.0,0.0
2023-02-13 00:00:00-05:00,84.9000015258789,85.75499725341797,82.5,82.5,2387,0.0,0.0
2023-02-14 00:00:00-05:00,84.44999694824219,89.55000305175781,82.9800033569336,88.19999694824219,5060,0.0,0.0
2023-02-15 00:00:00-05:00,90.30000305175781,94.05000305175781,87.5999984741211,92.55000305175781,6273,0.0,0.0
2023-02-16 00:00:00-05:00,90.9000015258789,98.8499984741211,88.80000305175781,90.30000305175781,8427,0.0,0.0
2023-02-17 00:00:00-05:00,88.5,90.0,85.05000305175781,87.30000305175781,4373,0.0,0.0
2023-02-21 00:00:00-05:00,85.80000305175781,87.0,82.5,84.1500015258789,3140,0.0,0.0
2023-02-22 00:00:00-05:00,84.0,85.5,76.6500015258789,77.4000015258789,5100,0.0,0.0
2023-02-23 00:00:00-05:00,79.3499984741211,80.5199966430664,74.69999694824219,77.8499984741211,3787,0.0,0.0
2023-02-24 00:00:00-05:00,76.3499984741211,76.3499984741211,72.1500015258789,74.25,3533,0.0,0.0
2023-02-27 00:00:00-05:00,74.25,75.9000015258789,68.8499984741211,71.0999984741211,8807,0.0,0.0
2023-02-28 00:00:00-05:00,69.44999694824219,73.3499984741211,69.28500366210938,70.5,3913,0.0,0.0
2023-03-01 00:00:00-05:00,72.1500015258789,72.1500015258789,69.1500015258789,69.75,1427,0.0,0.0
2023-03-02 00:00:00-05:00,67.5,68.55000305175781,64.94999694824219,66.1500015258789,4187,0.0,0.0
2023-03-03 00:00:00-05:00,65.4000015258789,70.05000305175781,65.4000015258789,66.75,2107,0.0,0.0
2023-03-06 00:00:00-05:00,66.75,67.3499984741211,64.5,65.4000015258789,1880,0.0,0.0
2023-03-07 00:00:00-05:00,64.05000305175781,66.0,60.900001525878906,60.900001525878906,3220,0.0,0.0
2023-03-08 00:00:00-05:00,62.54999923706055,64.80000305175781,61.349998474121094,62.099998474121094,2760,0.0,0.0
2023-03-09 00:00:00-05:00,62.25,63.375,56.25,56.25,3607,0.0,0.0
2023-03-10 00:00:00-05:00,55.79999923706055,58.5,54.29999923706055,55.349998474121094,3353,0.0,0.0
2023-03-13 00:00:00-04:00,55.349998474121094,60.974998474121094,54.0,59.849998474121094,10640,0.0,0.0
2023-03-14 00:00:00-04:00,62.54999923706055,65.8499984741211,60.0,62.099998474121094,5667,0.0,0.0
2023-03-15 00:00:00-04:00,58.5,60.900001525878906,58.20000076293945,60.599998474121094,3153,0.0,0.0
2023-03-16 00:00:00-04:00,59.25,61.5,57.0,60.75,1793,0.0,0.0
2023-03-17 00:00:00-04:00,63.150001525878906,64.19999694824219,60.150001525878906,61.349998474121094,3973,0.0,0.0
2023-03-20 00:00:00-04:00,66.44999694824219,66.44999694824219,60.119998931884766,61.79999923706055,4347,0.0,0.0
2023-03-21 00:00:00-04:00,62.70000076293945,71.8499984741211,62.099998474121094,70.94999694824219,9073,0.0,0.0
2023-03-22 00:00:00-04:00,72.0,74.0999984741211,66.5999984741211,67.5,6960,0.0,0.0
2023-03-23 00:00:00-04:00,69.30000305175781,73.5,66.67500305175781,68.69999694824219,11520,0.0,0.0
2023-03-24 00:00:00-04:00,66.44999694824219,69.1500015258789,61.95000076293945,63.0,4887,0.0,0.0
2023-03-27 00:00:00-04:00,62.400001525878906,62.939998626708984,58.04999923706055,58.04999923706055,3760,0.0,0.0
2023-03-28 00:00:00-04:00,57.45000076293945,59.834999084472656,57.29999923706055,58.42499923706055,2027,0.0,0.0
2023-03-29 00:00:00-04:00,60.150001525878906,66.6449966430664,60.0,62.25,3933,0.0,0.0
2023-03-30 00:00:00-04:00,63.29999923706055,63.900001525878906,61.349998474121094,62.54999923706055,2433,0.0,0.0
2023-03-31 00:00:00-04:00,61.20000076293945,66.0,59.849998474121094,62.099998474121094,2427,0.0,0.0
2023-04-03 00:00:00-04:00,62.70000076293945,63.150001525878906,60.0,60.75,1807,0.0,0.0
2023-04-04 00:00:00-04:00,60.150001525878906,62.70000076293945,60.10499954223633,60.599998474121094,1693,0.0,0.0
2023-04-05 00:00:00-04:00,60.0,60.599998474121094,57.779998779296875,59.25,1613,0.0,0.0
2023-04-06 00:00:00-04:00,58.95000076293945,61.20000076293945,58.5,58.5,1433,0.0,0.0
2023-04-10 00:00:00-04:00,56.400001525878906,65.8499984741211,56.400001525878906,64.3499984741211,6893,0.0,0.0
2023-04-11 00:00:00-04:00,70.6500015258789,70.6500015258789,63.75,66.75,10267,0.0,0.0
2023-04-12 00:00:00-04:00,66.75,68.4000015258789,60.599998474121094,64.6500015258789,2927,0.0,0.0
2023-04-13 00:00:00-04:00,63.75,68.0999984741211,63.375,67.3499984741211,5493,0.0,0.0
2023-04-14 00:00:00-04:00,65.55000305175781,68.86499786376953,63.75,66.30000305175781,2547,0.0,0.0
2023-04-17 00:00:00-04:00,65.25,67.80000305175781,62.92499923706055,66.9000015258789,2920,0.0,0.0
2023-04-18 00:00:00-04:00,68.25,68.98500061035156,64.5,66.75,2967,0.0,0.0
2023-04-19 00:00:00-04:00,64.5,66.9000015258789,63.0,65.25,1173,0.0,0.0
2023-04-20 00:00:00-04:00,63.0,67.5,62.400001525878906,66.30000305175781,2087,0.0,0.0
2023-04-21 00:00:00-04:00,66.9000015258789,67.3499984741211,62.54999923706055,66.1500015258789,1200,0.0,0.0
2023-04-24 00:00:00-04:00,64.6500015258789,67.3499984741211,62.400001525878906,64.94999694824219,973,0.0,0.0
2023-04-25 00:00:00-04:00,63.67499923706055,66.12000274658203,62.099998474121094,65.8499984741211,2013,0.0,0.0
2023-04-26 00:00:00-04:00,66.44999694824219,69.75,62.25,63.29999923706055,3840,0.0,0.0
2023-04-27 00:00:00-04:00,62.25,65.0999984741211,61.95000076293945,61.95000076293945,1587,0.0,0.0
2023-04-28 00:00:00-04:00,61.5,64.5,60.94499969482422,61.875,1760,0.0,0.0
2023-05-01 00:00:00-04:00,63.599998474121094,63.599998474121094,60.0,60.150001525878906,3280,0.0,0.0
2023-05-02 00:00:00-04:00,60.0,61.5,59.099998474121094,61.20000076293945,2693,0.0,0.0
2023-05-03 00:00:00-04:00,59.70000076293945,62.70000076293945,59.70000076293945,61.5,1580,0.0,0.0
2023-05-04 00:00:00-04:00,61.5,62.849998474121094,60.0,61.5,2247,0.0,0.0
2023-05-05 00:00:00-04:00,60.599998474121094,62.54999923706055,58.5,59.25,3687,0.0,0.0
2023-05-08 00:00:00-04:00,59.849998474121094,60.1349983215332,58.20000076293945,58.20000076293945,1787,0.0,0.0
2023-05-09 00:00:00-04:00,57.599998474121094,59.70000076293945,57.599998474121094,58.20000076293945,1333,0.0,0.0
2023-05-10 00:00:00-04:00,59.70000076293945,59.849998474121094,57.900001525878906,59.400001525878906,1680,0.0,0.0
2023-05-11 00:00:00-04:00,58.650001525878906,58.650001525878906,57.150001525878906,57.29999923706055,1740,0.0,0.0
2023-05-12 00:00:00-04:00,59.25,59.400001525878906,54.900001525878906,55.5,2200,0.0,0.0
2023-05-15 00:00:00-04:00,57.45000076293945,58.349998474121094,56.63999938964844,57.45000076293945,1593,0.0,0.0
2023-05-16 00:00:00-04:00,56.25,59.400001525878906,56.25,58.79999923706055,820,0.0,0.0
2023-05-17 00:00:00-04:00,58.79999923706055,59.70000076293945,57.75,58.95000076293945,1567,0.0,0.0
2023-05-18 00:00:00-04:00,59.70000076293945,62.25,59.25,60.0,3007,0.0,0.0
2023-05-19 00:00:00-04:00,60.150001525878906,60.75,57.150001525878906,58.349998474121094,1047,0.0,0.0
2023-05-22 00:00:00-04:00,58.349998474121094,60.75,58.04999923706055,60.29999923706055,1500,0.0,0.0
2023-05-23 00:00:00-04:00,60.75,61.20000076293945,59.099998474121094,60.45000076293945,1440,0.0,0.0
2023-05-24 00:00:00-04:00,58.95000076293945,60.07500076293945,58.20000076293945,59.099998474121094,1307,0.0,0.0
2023-05-25 00:00:00-04:00,59.54999923706055,59.54999923706055,57.0,58.04999923706055,1233,0.0,0.0
2023-05-26 00:00:00-04:00,58.20000076293945,60.900001525878906,58.20000076293945,59.849998474121094,1160,0.0,0.0
2023-05-30 00:00:00-04:00,60.0,61.5,59.400001525878906,60.45000076293945,1987,0.0,0.0
2023-05-31 00:00:00-04:00,59.70000076293945,60.75,58.665000915527344,59.70000076293945,1340,0.0,0.0
2023-06-01 00:00:00-04:00,59.25,60.75,57.375,59.849998474121094,1913,0.0,0.0
2023-06-02 00:00:00-04:00,58.79999923706055,60.75,58.79999923706055,59.400001525878906,1427,0.0,0.0
2023-06-05 00:00:00-04:00,59.099998474121094,61.20000076293945,59.099998474121094,60.45000076293945,1940,0.0,0.0
2023-06-06 00:00:00-04:00,59.70000076293945,62.54999923706055,59.05500030517578,60.599998474121094,2680,0.0,0.0
2023-06-07 00:00:00-04:00,61.95000076293945,63.0,60.150001525878906,61.95000076293945,2340,0.0,0.0
2023-06-08 00:00:00-04:00,62.25,63.0,60.375,60.900001525878906,1187,0.0,0.0
2023-06-09 00:00:00-04:00,63.0,63.75,60.150001525878906,61.20000076293945,1267,0.0,0.0
2023-06-12 00:00:00-04:00,60.599998474121094,63.27000045776367,60.599998474121094,62.849998474121094,2387,0.0,0.0
2023-06-13 00:00:00-04:00,61.650001525878906,66.01499938964844,60.75,63.29999923706055,1807,0.0,0.0
2023-06-14 00:00:00-04:00,62.25,64.80000305175781,61.5,61.79999923706055,1813,0.0,0.0
2023-06-15 00:00:00-04:00,61.79999923706055,62.53499984741211,60.0,61.349998474121094,4433,0.0,0.0
2023-06-16 00:00:00-04:00,60.0,61.5,58.95000076293945,60.45000076293945,2353,0.0,0.0
2023-06-20 00:00:00-04:00,60.150001525878906,60.75,58.20000076293945,60.75,5007,0.0,0.0
2023-06-21 00:00:00-04:00,59.849998474121094,64.31999969482422,58.5,63.150001525878906,6767,0.0,0.0
2023-06-22 00:00:00-04:00,61.95000076293945,63.0,59.654998779296875,61.20000076293945,2213,0.0,0.0
2023-06-23 00:00:00-04:00,60.599998474121094,62.099998474121094,60.0,60.75,3007,0.0,0.0
2023-06-26 00:00:00-04:00,60.75,63.29999923706055,60.0,60.900001525878906,1220,0.0,0.0
2023-06-27 00:00:00-04:00,61.349998474121094,62.25,60.0,60.599998474121094,1247,0.0,0.0
2023-06-28 00:00:00-04:00,60.45000076293945,63.0,60.0,60.599998474121094,1307,0.0,0.0
2023-06-29 00:00:00-04:00,59.25,61.79999923706055,59.25,59.54999923706055,2047,0.0,0.0
2023-06-30 00:00:00-04:00,61.5,62.61000061035156,60.27000045776367,62.25,2040,0.0,0.0
2023-07-03 00:00:00-04:00,60.75,64.94999694824219,60.75,63.0,2233,0.0,0.0
2023-07-05 00:00:00-04:00,61.349998474121094,65.25,61.349998474121094,64.3499984741211,2420,0.0,0.0
2023-07-06 00:00:00-04:00,62.849998474121094,64.19999694824219,61.04999923706055,63.29999923706055,1813,0.0,0.0
2023-07-07 00:00:00-04:00,64.05000305175781,71.25,64.05000305175781,67.80000305175781,5807,0.0,0.0
2023-07-10 00:00:00-04:00,68.55000305175781,87.0,68.55000305175781,85.6500015258789,20873,0.0,0.0
2023-07-11 00:00:00-04:00,92.69999694824219,142.5,92.25,112.3499984741211,799707,0.0,0.0
2023-07-12 00:00:00-04:00,123.1500015258789,129.0,115.5,120.0,142540,0.0,0.0
2023-07-13 00:00:00-04:00,113.69999694824219,115.6500015258789,98.4000015258789,110.4000015258789,65820,0.0,0.0
2023-07-14 00:00:00-04:00,106.5,111.44999694824219,94.5,95.4000015258789,26107,0.0,0.0
2023-07-17 00:00:00-04:00,96.1500015258789,97.5,87.0,88.6500015258789,13360,0.0,0.0
2023-07-18 00:00:00-04:00,87.0,93.0,86.32499694824219,90.9000015258789,8613,0.0,0.0
2023-07-19 00:00:00-04:00,90.0,97.5,88.05000305175781,95.4000015258789,9993,0.0,0.0
2023-07-20 00:00:00-04:00,94.05000305175781,96.75,84.30000305175781,88.3499984741211,8453,0.0,0.0
2023-07-21 00:00:00-04:00,91.5,96.0,87.375,90.0,8413,0.0,0.0
2023-07-24 00:00:00-04:00,91.5,93.0,86.4000015258789,90.30000305175781,5173,0.0,0.0
2023-07-25 00:00:00-04:00,88.3499984741211,91.5,84.9000015258789,88.3499984741211,3047,0.0,0.0
2023-07-26 00:00:00-04:00,86.25,89.8499984741211,86.25,88.6500015258789,2547,0.0,0.0
2023-07-27 00:00:00-04:00,90.0,92.0999984741211,79.5,79.94999694824219,5027,0.0,0.0
2023-07-28 00:00:00-04:00,79.6500015258789,89.22000122070312,79.6500015258789,82.6500015258789,5847,0.0,0.0
2023-07-31 00:00:00-04:00,86.0999984741211,86.0999984741211,81.1500015258789,83.0999984741211,5393,0.0,0.0
2023-08-01 00:00:00-04:00,82.3499984741211,82.3499984741211,75.75,77.55000305175781,4713,0.0,0.0
2023-08-02 00:00:00-04:00,76.19999694824219,77.44499969482422,73.5,74.25,4513,0.0,0.0
2023-08-03 00:00:00-04:00,73.80000305175781,78.66000366210938,73.80000305175781,76.3499984741211,2253,0.0,0.0
2023-08-04 00:00:00-04:00,76.3499984741211,78.67500305175781,72.9000015258789,74.4000015258789,2413,0.0,0.0
2023-08-07 00:00:00-04:00,75.0,75.0,69.4800033569336,71.25,2280,0.0,0.0
2023-08-08 00:00:00-04:00,69.9000015258789,73.3499984741211,68.69999694824219,72.0,8773,0.0,0.0
2023-08-09 00:00:00-04:00,70.3499984741211,73.19999694824219,69.75,70.6500015258789,2680,0.0,0.0
2023-08-10 00:00:00-04:00,70.6500015258789,73.2750015258789,68.55000305175781,70.05000305175781,15833,0.0,0.0
2023-08-11 00:00:00-04:00,68.4000015258789,72.6449966430664,64.5,65.8499984741211,6700,0.0,0.0
2023-08-14 00:00:00-04:00,64.05000305175781,67.05000305175781,63.45000076293945,65.55000305175781,2373,0.0,0.0
2023-08-15 00:00:00-04:00,65.25,66.1500015258789,65.25,65.4000015258789,4340,0.0,0.0
2023-08-16 00:00:00-04:00,65.4000015258789,69.30000305175781,65.4000015258789,67.5,3460,0.0,0.0
2023-08-17 00:00:00-04:00,67.80000305175781,68.4000015258789,65.4000015258789,66.0,2460,0.0,0.0
2023-08-18 00:00:00-04:00,65.25,70.6500015258789,65.25,67.3499984741211,5267,0.0,0.0
2023-08-21 00:00:00-04:00,67.94999694824219,134.25,67.3499984741211,134.25,404853,0.0,0.0
2023-08-22 00:00:00-04:00,110.8499984741211,113.25,88.3499984741211,92.55000305175781,134360,0.0,0.0
2023-08-23 00:00:00-04:00,91.19999694824219,99.5999984741211,90.9000015258789,96.0,25527,0.0,0.0
2023-08-24 00:00:00-04:00,90.30000305175781,94.00499725341797,79.6500015258789,84.30000305175781,64060,0.0,0.0
2023-08-25 00:00:00-04:00,83.4000015258789,86.0250015258789,75.0,77.55000305175781,23260,0.0,0.0
2023-08-28 00:00:00-04:00,78.30000305175781,81.5250015258789,68.25,69.9000015258789,20633,0.0,0.0
2023-08-29 00:00:00-04:00,68.25,76.5,67.80000305175781,69.5999984741211,69053,0.0,0.0
2023-08-30 00:00:00-04:00,70.5,71.8499984741211,65.8499984741211,71.25,17907,0.0,0.0
2023-08-31 00:00:00-04:00,71.69999694824219,74.0999984741211,67.5,70.05000305175781,11567,0.0,0.0
2023-09-01 00:00:00-04:00,71.25,72.0,66.30000305175781,66.75,12593,0.0,0.0
2023-09-05 00:00:00-04:00,68.0999984741211,68.25,57.599998474121094,58.04999923706055,23620,0.0,0.0
2023-09-06 00:00:00-04:00,60.900001525878906,61.5,58.5,58.650001525878906,18993,0.0,0.0
2023-09-07 00:00:00-04:00,57.900001525878906,64.3499984741211,57.75,64.19999694824219,11533,0.0,0.0
2023-09-08 00:00:00-04:00,64.5,64.5,58.650001525878906,63.0,11500,0.0,0.0
2023-09-11 00:00:00-04:00,61.349998474121094,62.099998474121094,58.5,60.29999923706055,6393,0.0,0.0
2023-09-12 00:00:00-04:00,62.25,67.94999694824219,62.099998474121094,65.25,18993,0.0,0.0
2023-09-13 00:00:00-04:00,65.25,65.25,59.099998474121094,59.54999923706055,12820,0.0,0.0
2023-09-14 00:00:00-04:00,60.45000076293945,62.54999923706055,59.54999923706055,60.150001525878906,7427,0.0,0.0
2023-09-15 00:00:00-04:00,60.150001525878906,61.064998626708984,57.0,57.150001525878906,18313,0.0,0.0
2023-09-18 00:00:00-04:00,57.150001525878906,58.5,55.04999923706055,55.95000076293945,11040,0.0,0.0
2023-09-19 00:00:00-04:00,55.5,57.0,54.75,55.5,3000,0.0,0.0
2023-09-20 00:00:00-04:00,55.95000076293945,58.349998474121094,54.900001525878906,57.599998474121094,9100,0.0,0.0
2023-09-21 00:00:00-04:00,55.5,58.79999923706055,55.5,57.900001525878906,7153,0.0,0.0
2023-09-22 00:00:00-04:00,58.04999923706055,60.150001525878906,57.75,58.95000076293945,3380,0.0,0.0
2023-09-25 00:00:00-04:00,57.75,64.94999694824219,57.75,63.599998474121094,7373,0.0,0.0
2023-09-26 00:00:00-04:00,63.29999923706055,70.80000305175781,61.724998474121094,69.1500015258789,13627,0.0,0.0
2023-09-27 00:00:00-04:00,73.3499984741211,73.3499984741211,60.76499938964844,61.95000076293945,14653,0.0,0.0
2023-09-28 00:00:00-04:00,60.900001525878906,66.30000305175781,60.150001525878906,64.5,8647,0.0,0.0
2023-09-29 00:00:00-04:00,66.5999984741211,71.25,64.19999694824219,65.69999694824219,9853,0.0,0.0
2023-10-02 00:00:00-04:00,66.1500015258789,67.80000305175781,63.33000183105469,66.9000015258789,6380,0.0,0.0
2023-10-03 00:00:00-04:00,63.900001525878906,65.56500244140625,61.349998474121094,61.5,3473,0.0,0.0
2023-10-04 00:00:00-04:00,62.25,64.6500015258789,61.04999923706055,64.6500015258789,3347,0.0,0.0
2023-10-05 00:00:00-04:00,64.6500015258789,66.0,62.72999954223633,66.0,4007,0.0,0.0
2023-10-06 00:00:00-04:00,66.0,68.8499984741211,64.5,66.75,5693,0.0,0.0
2023-10-09 00:00:00-04:00,64.6500015258789,67.5,62.400001525878906,63.45000076293945,3300,0.0,0.0
2023-10-10 00:00:00-04:00,63.900001525878906,67.94999694824219,63.900001525878906,65.69999694824219,2620,0.0,0.0
2023-10-11 00:00:00-04:00,63.900001525878906,66.9000015258789,62.54999923706055,65.0999984741211,3033,0.0,0.0
2023-10-12 00:00:00-04:00,65.4000015258789,65.4000015258789,59.54999923706055,60.0,5220,0.0,0.0
2023-10-13 00:00:00-04:00,61.04999923706055,62.25,58.5,59.849998474121094,3613,0.0,0.0
2023-10-16 00:00:00-04:00,59.849998474121094,64.26000213623047,57.75,59.400001525878906,8487,0.0,0.0
2023-10-17 00:00:00-04:00,58.79999923706055,61.51499938964844,57.75,59.400001525878906,5667,0.0,0.0
2023-10-18 00:00:00-04:00,58.650001525878906,59.25,53.099998474121094,56.25,8860,0.0,0.0
2023-10-19 00:00:00-04:00,55.20000076293945,56.70000076293945,54.0,55.5,7500,0.0,0.0
2023-10-20 00:00:00-04:00,55.5,56.099998474121094,50.54999923706055,50.54999923706055,7880,0.0,0.0
2023-10-23 00:00:00-04:00,52.5,52.650001525878906,47.400001525878906,50.099998474121094,11247,0.0,0.0
2023-10-24 00:00:00-04:00,54.599998474121094,59.849998474121094,52.5,53.25,15187,0.0,0.0
2023-10-25 00:00:00-04:00,52.04999923706055,55.79999923706055,49.79999923706055,52.650001525878906,6193,0.0,0.0
2023-10-26 00:00:00-04:00,51.75,54.45000076293945,49.95000076293945,52.20000076293945,3693,0.0,0.0
2023-10-27 00:00:00-04:00,53.400001525878906,53.400001525878906,49.5,49.79999923706055,2267,0.0,0.0
2023-10-30 00:00:00-04:00,52.20000076293945,54.75,46.5,47.400001525878906,7000,0.0,0.0
2023-10-31 00:00:00-04:00,46.95000076293945,51.0,46.650001525878906,48.29999923706055,6227,0.0,0.0
2023-11-01 00:00:00-04:00,47.54999923706055,53.099998474121094,47.25,52.5,3773,0.0,0.0
2023-11-02 00:00:00-04:00,52.650001525878906,54.0,50.17499923706055,53.70000076293945,8240,0.0,0.0
2023-11-03 00:00:00-04:00,50.70000076293945,59.70000076293945,50.25,58.349998474121094,8513,0.0,0.0
2023-11-06 00:00:00-05:00,59.099998474121094,59.25,54.01499938964844,54.900001525878906,3967,0.0,0.0
2023-11-07 00:00:00-05:00,55.349998474121094,60.75,54.900001525878906,60.75,4747,0.0,0.0
2023-11-08 00:00:00-05:00,60.150001525878906,60.150001525878906,54.75,55.20000076293945,3540,0.0,0.0
2023-11-09 00:00:00-05:00,57.29999923706055,61.57500076293945,52.79999923706055,55.5,8780,0.0,0.0
2023-11-10 00:00:00-05:00,56.70000076293945,58.125,54.0,55.79999923706055,3867,0.0,0.0
2023-11-13 00:00:00-05:00,56.70000076293945,58.20000076293945,54.599998474121094,57.45000076293945,2793,0.0,0.0
2023-11-14 00:00:00-05:00,56.54999923706055,58.349998474121094,55.275001525878906,58.04999923706055,2347,0.0,0.0
2023-11-15 00:00:00-05:00,56.70000076293945,62.32500076293945,56.25,61.20000076293945,8447,0.0,0.0
2023-11-16 00:00:00-05:00,59.54999923706055,59.790000915527344,55.83000183105469,56.70000076293945,3960,0.0,0.0
2023-11-17 00:00:00-05:00,57.900001525878906,58.349998474121094,55.97999954223633,57.29999923706055,4353,0.0,0.0
2023-11-20 00:00:00-05:00,57.75,59.54999923706055,56.849998474121094,57.45000076293945,6873,0.0,0.0
2023-11-21 00:00:00-05:00,57.75,57.75,54.75,55.20000076293945,3653,0.0,0.0
2023-11-22 00:00:00-05:00,56.70000076293945,57.75,55.51499938964844,57.150001525878906,2147,0.0,0.0
2023-11-24 00:00:00-05:00,55.79999923706055,60.0,55.5,60.0,2427,0.0,0.0
2023-11-27 00:00:00-05:00,60.0,61.04999923706055,57.29999923706055,58.20000076293945,4620,0.0,0.0
2023-11-28 00:00:00-05:00,57.29999923706055,61.20000076293945,57.0,59.849998474121094,4773,0.0,0.0
2023-11-29 00:00:00-05:00,59.54999923706055,60.0,58.20000076293945,58.20000076293945,3873,0.0,0.0
2023-11-30 00:00:00-05:00,59.70000076293945,60.0,55.650001525878906,56.54999923706055,1827,0.0,0.0
2023-12-01 00:00:00-05:00,57.599998474121094,60.0,55.650001525878906,60.0,8580,0.0,0.0
2023-12-04 00:00:00-05:00,63.75,66.44999694824219,61.5,64.6500015258789,13060,0.0,0.0
2023-12-05 00:00:00-05:00,65.25,66.1500015258789,60.0,61.20000076293945,23027,0.0,0.0
2023-12-06 00:00:00-05:00,61.95000076293945,64.19999694824219,58.5,59.099998474121094,5460,0.0,0.0
2023-12-07 00:00:00-05:00,58.04999923706055,59.70000076293945,55.5,58.650001525878906,7227,0.0,0.0
2023-12-08 00:00:00-05:00,56.70000076293945,60.0,56.70000076293945,57.900001525878906,6593,0.0,0.0
2023-12-11 00:00:00-05:00,57.75,58.5,55.68000030517578,57.29999923706055,4353,0.0,0.0
2023-12-12 00:00:00-05:00,57.45000076293945,58.69499969482422,54.0,54.45000076293945,8027,0.0,0.0
2023-12-13 00:00:00-05:00,55.5,55.79999923706055,51.0,54.150001525878906,9167,0.0,0.0
2023-12-14 00:00:00-05:00,54.29999923706055,58.79999923706055,54.29999923706055,56.400001525878906,10333,0.0,0.0
2023-12-15 00:00:00-05:00,57.150001525878906,58.04999923706055,54.75,55.04999923706055,5533,0.0,0.0
2023-12-18 00:00:00-05:00,55.20000076293945,57.0,52.95000076293945,53.54999923706055,7427,0.0,0.0
2023-12-19 00:00:00-05:00,54.900001525878906,59.099998474121094,53.54999923706055,58.95000076293945,12993,0.0,0.0
2023-12-20 00:00:00-05:00,58.20000076293945,80.17500305175781,58.154998779296875,68.55000305175781,84773,0.0,0.0
2023-12-21 00:00:00-05:00,73.5,74.55000305175781,66.9749984741211,70.80000305175781,23413,0.0,0.0
2023-12-22 00:00:00-05:00,72.1500015258789,84.9000015258789,67.5,79.3499984741211,43780,0.0,0.0
2023-12-26 00:00:00-05:00,84.75,85.19999694824219,76.6500015258789,84.44999694824219,35407,0.0,0.0
2023-12-27 00:00:00-05:00,86.4000015258789,103.19999694824219,84.9000015258789,101.25,59347,0.0,0.0
2023-12-28 00:00:00-05:00,101.4000015258789,101.50499725341797,83.4000015258789,88.05000305175781,42133,0.0,0.0
2023-12-29 00:00:00-05:00,88.3499984741211,92.4749984741211,69.0,69.0,43067,0.0,0.0
2024-01-02 00:00:00-05:00,77.8499984741211,79.05000305175781,71.25,73.3499984741211,27653,0.0,0.0
2024-01-03 00:00:00-05:00,66.0,72.75,64.5,68.25,12313,0.0,0.0
2024-01-04 00:00:00-05:00,69.30000305175781,74.8499984741211,68.8499984741211,71.25,15007,0.0,0.0
2024-01-05 00:00:00-05:00,70.94999694824219,74.0999984741211,67.5,68.69999694824219,8013,0.0,0.0
2024-01-08 00:00:00-05:00,68.69999694824219,78.5999984741211,66.0,75.0,20167,0.0,0.0
2024-01-09 00:00:00-05:00,71.4000015258789,77.25,67.6500015258789,69.75,11080,0.0,0.0
2024-01-10 00:00:00-05:00,69.5999984741211,72.33000183105469,64.5,66.0,12100,0.0,0.0
2024-01-11 00:00:00-05:00,71.8499984741211,74.25,61.5,65.8499984741211,24380,0.0,0.0
2024-01-12 00:00:00-05:00,65.69999694824219,66.04499816894531,57.29999923706055,58.04999923706055,16473,0.0,0.0
2024-01-16 00:00:00-05:00,63.150001525878906,63.150001525878906,58.95000076293945,62.099998474121094,6660,0.0,0.0
2024-01-17 00:00:00-05:00,60.29999923706055,60.45000076293945,58.5,59.849998474121094,5307,0.0,0.0
2024-01-18 00:00:00-05:00,60.900001525878906,62.25,56.400001525878906,57.0,6047,0.0,0.0
2024-01-19 00:00:00-05:00,56.849998474121094,62.25,54.73500061035156,58.79999923706055,6273,0.0,0.0
2024-01-22 00:00:00-05:00,58.95000076293945,62.25,57.29999923706055,60.29999923706055,6327,0.0,0.0
2024-01-23 00:00:00-05:00,60.29999923706055,60.29999923706055,55.5,57.599998474121094,5373,0.0,0.0
2024-01-24 00:00:00-05:00,57.599998474121094,58.78499984741211,55.5,56.25,5373,0.0,0.0
2024-01-25 00:00:00-05:00,55.79999923706055,56.369998931884766,52.5,54.599998474121094,7327,0.0,0.0
2024-01-26 00:00:00-05:00,56.25,59.849998474121094,54.599998474121094,58.20000076293945,9607,0.0,0.0
2024-01-29 00:00:00-05:00,58.20000076293945,61.91999816894531,56.54999923706055,59.400001525878906,10907,0.0,0.0
2024-01-30 00:00:00-05:00,59.400001525878906,60.29999923706055,54.255001068115234,55.20000076293945,8193,0.0,0.0
2024-01-31 00:00:00-05:00,54.75,58.16999816894531,53.25,54.29999923706055,6760,0.0,0.0
2024-02-01 00:00:00-05:00,55.5,55.69499969482422,50.099998474121094,51.599998474121094,11373,0.0,0.0
2024-02-02 00:00:00-05:00,49.95000076293945,52.154998779296875,48.0,48.75,9273,0.0,0.0
2024-02-05 00:00:00-05:00,48.150001525878906,49.20000076293945,43.5,45.0,13367,0.0,0.0
2024-02-06 00:00:00-05:00,45.150001525878906,48.0,45.150001525878906,47.70000076293945,9500,0.0,0.0
2024-02-07 00:00:00-05:00,47.70000076293945,49.5,45.45000076293945,47.099998474121094,5827,0.0,0.0
2024-02-08 00:00:00-05:00,47.099998474121094,52.20000076293945,47.099998474121094,51.900001525878906,8907,0.0,0.0
2024-02-09 00:00:00-05:00,54.0,58.5,53.25,58.349998474121094,15780,0.0,0.0
2024-02-12 00:00:00-05:00,58.5,62.849998474121094,55.20000076293945,56.25,21300,0.0,0.0
2024-02-13 00:00:00-05:00,54.75,54.76499938964844,49.95000076293945,51.75,8227,0.0,0.0
2024-02-14 00:00:00-05:00,53.849998474121094,59.25,53.849998474121094,58.79999923706055,12747,0.0,0.0
2024-02-15 00:00:00-05:00,59.54999923706055,60.525001525878906,56.70000076293945,58.20000076293945,9020,0.0,0.0
2024-02-16 00:00:00-05:00,58.20000076293945,59.099998474121094,55.5,55.650001525878906,4087,0.0,0.0
2024-02-20 00:00:00-05:00,57.29999923706055,57.29999923706055,53.025001525878906,54.599998474121094,5940,0.0,0.0
2024-02-21 00:00:00-05:00,53.099998474121094,53.775001525878906,51.45000076293945,51.599998474121094,3867,0.0,0.0
2024-02-22 00:00:00-05:00,52.349998474121094,53.17499923706055,50.70000076293945,52.04999923706055,3333,0.0,0.0
2024-02-23 00:00:00-05:00,50.54999923706055,52.04999923706055,48.0,50.849998474121094,4027,0.0,0.0
2024-02-26 00:00:00-05:00,50.400001525878906,57.67499923706055,50.400001525878906,56.099998474121094,11640,0.0,0.0
2024-02-27 00:00:00-05:00,58.650001525878906,60.56999969482422,54.29999923706055,57.29999923706055,14507,0.0,0.0
2024-02-28 00:00:00-05:00,55.79999923706055,59.70000076293945,52.650001525878906,54.900001525878906,19533,0.0,0.0
2024-02-29 00:00:00-05:00,55.650001525878906,56.25,51.29999923706055,52.95000076293945,7360,0.0,0.0
2024-03-01 00:00:00-05:00,52.79999923706055,54.0,51.0,52.79999923706055,10620,0.0,0.0
2024-03-04 00:00:00-05:00,54.0,55.04999923706055,48.599998474121094,50.099998474121094,30193,0.0,0.0
2024-03-05 00:00:00-05:00,48.45000076293945,50.099998474121094,45.0,45.75,31240,0.0,0.0
2024-03-06 00:00:00-05:00,47.25,47.459999084472656,35.54999923706055,38.099998474121094,102293,0.0,0.0
2024-03-07 00:00:00-05:00,39.75,39.75,28.350000381469727,32.400001525878906,115873,0.0,0.0
2024-03-08 00:00:00-05:00,33.75,38.25,32.54999923706055,34.04999923706055,65273,0.0,0.0
2024-03-11 00:00:00-04:00,33.75,37.20000076293945,30.0,30.75,69393,0.0,0.0
2024-03-12 00:00:00-04:00,32.099998474121094,34.20000076293945,30.0,31.950000762939453,57033,0.0,0.0
2024-03-13 00:00:00-04:00,22.799999237060547,31.649999618530273,21.149999618530273,22.200000762939453,294840,0.0,0.0
2024-03-14 00:00:00-04:00,22.5,22.5,20.25,21.0,75267,0.0,0.0
2024-03-15 00:00:00-04:00,21.0,22.049999237060547,19.5,22.049999237060547,68333,0.0,0.0
2024-03-18 00:00:00-04:00,20.850000381469727,22.799999237060547,20.399999618530273,21.600000381469727,58920,0.0,0.0
2024-03-19 00:00:00-04:00,22.049999237060547,22.350000381469727,21.0,21.600000381469727,33387,0.0,0.0
2024-03-20 00:00:00-04:00,21.75,22.5,20.399999618530273,21.75,18273,0.0,0.0
2024-03-21 00:00:00-04:00,21.899999618530273,22.799999237060547,21.299999237060547,22.350000381469727,21060,0.0,0.0
2024-03-22 00:00:00-04:00,22.350000381469727,22.350000381469727,19.950000762939453,20.399999618530273,19140,0.0,0.0
2024-03-25 00:00:00-04:00,20.100000381469727,21.0,19.950000762939453,21.0,14320,0.0,0.0
2024-03-26 00:00:00-04:00,21.0,21.899999618530273,20.25,21.75,19187,0.0,0.0
2024-03-27 00:00:00-04:00,21.299999237060547,22.799999237060547,20.700000762939453,22.649999618530273,17880,0.0,0.0
2024-03-28 00:00:00-04:00,22.950000762939453,25.350000381469727,22.200000762939453,25.350000381469727,36547,0.0,0.0
2024-04-01 00:00:00-04:00,24.899999618530273,25.200000762939453,21.75,22.649999618530273,27160,0.0,0.0
2024-04-02 00:00:00-04:00,21.75,22.350000381469727,19.799999237060547,20.399999618530273,25513,0.0,0.0
2024-04-03 00:00:00-04:00,20.399999618530273,21.149999618530273,19.649999618530273,21.149999618530273,9860,0.0,0.0
2024-04-04 00:00:00-04:00,20.549999237060547,21.149999618530273,19.049999237060547,19.950000762939453,19047,0.0,0.0
2024-04-05 00:00:00-04:00,19.350000381469727,20.25,18.899999618530273,19.5,12913,0.0,0.0
2024-04-08 00:00:00-04:00,19.799999237060547,21.149999618530273,18.899999618530273,19.649999618530273,28780,0.0,0.0
2024-04-09 00:00:00-04:00,20.100000381469727,21.299999237060547,19.049999237060547,20.399999618530273,13253,0.0,0.0
2024-04-10 00:00:00-04:00,19.5,20.700000762939453,19.200000762939453,20.100000381469727,13047,0.0,0.0
2024-04-11 00:00:00-04:00,19.649999618530273,19.950000762939453,19.049999237060547,19.049999237060547,13667,0.0,0.0
2024-04-12 00:00:00-04:00,19.200000762939453,19.649999618530273,16.815000534057617,17.549999237060547,35107,0.0,0.0
2024-04-15 00:00:00-04:00,17.850000381469727,17.850000381469727,15.75,16.5,18407,0.0,0.0
2024-04-16 00:00:00-04:00,16.5,17.940000534057617,16.049999237060547,17.399999618530273,14293,0.0,0.0
2024-04-17 00:00:00-04:00,18.299999237060547,18.299999237060547,16.200000762939453,16.649999618530273,11833,0.0,0.0
2024-04-18 00:00:00-04:00,17.100000381469727,17.100000381469727,16.049999237060547,17.100000381469727,7120,0.0,0.0
2024-04-19 00:00:00-04:00,17.25,17.700000762939453,16.5,17.399999618530273,8700,0.0,0.0
2024-04-22 00:00:00-04:00,18.0,18.0,15.899999618530273,17.25,13613,0.0,0.0
2024-04-23 00:00:00-04:00,16.5,17.399999618530273,16.395000457763672,16.649999618530273,10940,0.0,0.0
2024-04-24 00:00:00-04:00,16.5,17.399999618530273,16.5,16.799999237060547,5613,0.0,0.0
2024-04-25 00:00:00-04:00,17.100000381469727,19.200000762939453,16.799999237060547,19.200000762939453,14000,0.0,0.0
2024-04-26 00:00:00-04:00,19.350000381469727,19.350000381469727,16.649999618530273,17.700000762939453,14707,0.0,0.0
2024-04-29 00:00:00-04:00,17.25,18.75,17.25,17.850000381469727,6280,0.0,0.0
2024-04-30 00:00:00-04:00,18.0,18.450000762939453,16.5,17.700000762939453,9613,0.0,0.0
2024-05-01 00:00:00-04:00,17.700000762939453,17.700000762939453,16.424999237060547,16.799999237060547,9147,0.0,0.0
2024-05-02 00:00:00-04:00,16.799999237060547,17.399999618530273,15.0,16.799999237060547,20933,0.0,0.0
2024-05-03 00:00:00-04:00,16.799999237060547,17.549999237060547,16.5,17.100000381469727,9200,0.0,0.0
2024-05-06 00:00:00-04:00,17.399999618530273,18.299999237060547,16.799999237060547,17.700000762939453,8807,0.0,0.0
2024-05-07 00:00:00-04:00,17.100000381469727,17.850000381469727,16.950000762939453,17.850000381469727,3900,0.0,0.0
2024-05-08 00:00:00-04:00,17.850000381469727,17.850000381469727,17.25,17.700000762939453,2407,0.0,0.0
2024-05-09 00:00:00-04:00,17.700000762939453,17.850000381469727,17.25,17.25,3813,0.0,0.0
2024-05-10 00:00:00-04:00,17.100000381469727,17.850000381469727,16.950000762939453,17.25,5467,0.0,0.0
2024-05-13 00:00:00-04:00,17.850000381469727,17.850000381469727,16.950000762939453,17.25,11327,0.0,0.0
2024-05-14 00:00:00-04:00,17.25,19.049999237060547,17.25,18.450000762939453,29060,0.0,0.0
2024-05-15 00:00:00-04:00,18.450000762939453,18.899999618530273,16.049999237060547,17.25,26707,0.0,0.0
2024-05-16 00:00:00-04:00,17.700000762939453,18.0,16.799999237060547,17.25,14413,0.0,0.0
2024-05-17 00:00:00-04:00,17.850000381469727,18.0,16.649999618530273,16.950000762939453,10280,0.0,0.0
2024-05-20 00:00:00-04:00,17.100000381469727,17.549999237060547,16.5,17.399999618530273,13000,0.0,0.0
2024-05-21 00:00:00-04:00,17.399999618530273,17.700000762939453,16.649999618530273,17.100000381469727,16753,0.0,0.0
2024-05-22 00:00:00-04:00,17.549999237060547,17.850000381469727,16.799999237060547,17.100000381469727,10760,0.0,0.0
2024-05-23 00:00:00-04:00,16.799999237060547,16.950000762939453,12.300000190734863,12.65999984741211,76007,0.0,0.0
2024-05-24 00:00:00-04:00,13.800000190734863,15.300000190734863,13.800000190734863,14.550000190734863,40373,0.0,0.0
2024-05-28 00:00:00-04:00,14.850000381469727,15.449999809265137,14.085000038146973,14.444999694824219,12120,0.0,0.0
2024-05-29 00:00:00-04:00,14.699999809265137,14.850000381469727,13.800000190734863,13.949999809265137,8493,0.0,0.0
2024-05-30 00:00:00-04:00,14.1899995803833,14.954999923706055,12.449999809265137,13.725000381469727,19507,0.0,0.0
2024-05-31 00:00:00-04:00,15.0,15.0,12.765000343322754,13.680000305175781,7547,0.0,0.0
2024-06-03 00:00:00-04:00,14.399999618530273,14.399999618530273,13.5,13.800000190734863,8680,0.0,0.0
2024-06-04 00:00:00-04:00,14.625,14.625,13.515000343322754,14.100000381469727,9393,0.0,0.0
2024-06-05 00:00:00-04:00,14.25,14.625,13.515000343322754,14.399999618530273,8847,0.0,0.0
2024-06-06 00:00:00-04:00,13.710000038146973,14.25,13.649999618530273,14.100000381469727,3853,0.0,0.0
2024-06-07 00:00:00-04:00,13.5,14.100000381469727,13.5,13.800000190734863,5680,0.0,0.0
2024-06-10 00:00:00-04:00,13.5,13.949999809265137,13.5,13.515000343322754,5187,0.0,0.0
2024-06-11 00:00:00-04:00,13.5,13.649999618530273,12.600000381469727,12.75,16447,0.0,0.0
2024-06-12 00:00:00-04:00,12.899999618530273,13.335000038146973,12.75,12.899999618530273,7960,0.0,0.0
2024-06-13 00:00:00-04:00,13.350000381469727,13.350000381469727,12.494999885559082,12.494999885559082,6940,0.0,0.0
2024-06-14 00:00:00-04:00,12.149999618530273,12.75,12.015000343322754,12.149999618530273,8220,0.0,0.0
2024-06-17 00:00:00-04:00,12.449999809265137,12.6899995803833,11.25,11.699999809265137,21553,0.0,0.0
2024-06-18 00:00:00-04:00,11.399999618530273,12.300000190734863,11.399999618530273,12.149999618530273,7873,0.0,0.0
2024-06-20 00:00:00-04:00,11.729999542236328,12.149999618530273,11.520000457763672,11.699999809265137,6880,0.0,0.0
2024-06-21 00:00:00-04:00,11.550000190734863,12.585000038146973,11.550000190734863,12.029999732971191,5780,0.0,0.0
2024-06-24 00:00:00-04:00,11.954999923706055,12.194999694824219,11.550000190734863,11.625,9367,0.0,0.0
2024-06-25 00:00:00-04:00,11.71500015258789,12.074999809265137,11.550000190734863,11.850000381469727,4120,0.0,0.0
2024-06-26 00:00:00-04:00,11.550000190734863,12.270000457763672,11.550000190734863,11.90999984741211,5833,0.0,0.0
2024-06-27 00:00:00-04:00,12.074999809265137,12.074999809265137,11.699999809265137,11.880000114440918,3067,0.0,0.0
2024-06-28 00:00:00-04:00,12.164999961853027,13.050000190734863,11.925000190734863,12.569999694824219,11593,0.0,0.0
2024-07-01 00:00:00-04:00,12.899999618530273,12.899999618530273,12.180000305175781,12.600000381469727,4033,0.0,0.0
2024-07-02 00:00:00-04:00,12.824999809265137,12.824999809265137,12.074999809265137,12.449999809265137,7000,0.0,0.0
2024-07-03 00:00:00-04:00,12.899999618530273,12.899999618530273,12.149999618530273,12.4350004196167,4587,0.0,0.0
2024-07-05 00:00:00-04:00,13.005000114440918,13.005000114440918,12.0,12.300000190734863,5207,0.0,0.0
2024-07-08 00:00:00-04:00,12.65999984741211,12.75,12.149999618530273,12.300000190734863,3313,0.0,0.0
2024-07-09 00:00:00-04:00,12.149999618530273,12.449999809265137,11.699999809265137,12.0,5067,0.0,0.0
2024-07-10 00:00:00-04:00,12.449999809265137,12.449999809265137,11.850000381469727,12.104999542236328,4773,0.0,0.0
2024-07-11 00:00:00-04:00,12.149999618530273,12.569999694824219,11.90999984741211,12.164999961853027,6653,0.0,0.0
2024-07-12 00:00:00-04:00,12.149999618530273,12.630000114440918,12.149999618530273,12.329999923706055,7820,0.0,0.0
2024-07-15 00:00:00-04:00,12.824999809265137,13.5,12.449999809265137,13.425000190734863,17320,0.0,0.0
2024-07-16 00:00:00-04:00,13.649999618530273,14.805000305175781,13.484999656677246,14.010000228881836,31460,0.0,0.0
2024-07-17 00:00:00-04:00,14.295000076293945,15.0600004196167,14.100000381469727,14.385000228881836,25900,0.0,0.0
2024-07-18 00:00:00-04:00,14.100000381469727,14.399999618530273,13.199999809265137,13.274999618530273,6593,0.0,0.0
2024-07-19 00:00:00-04:00,12.899999618530273,14.100000381469727,12.899999618530273,13.649999618530273,5227,0.0,0.0
2024-07-22 00:00:00-04:00,13.635000228881836,13.635000228881836,12.359999656677246,12.46500015258789,9000,0.0,0.0
2024-07-23 00:00:00-04:00,12.449999809265137,13.4399995803833,12.449999809265137,13.1850004196167,5953,0.0,0.0
2024-07-24 00:00:00-04:00,13.5,13.635000228881836,12.765000343322754,12.779999732971191,4040,0.0,0.0
2024-07-25 00:00:00-04:00,12.3149995803833,13.199999809265137,12.3149995803833,12.824999809265137,11687,0.0,0.0
2024-07-26 00:00:00-04:00,13.5,13.5,12.600000381469727,12.795000076293945,4200,0.0,0.0
2024-07-29 00:00:00-04:00,12.449999809265137,13.199999809265137,12.449999809265137,12.779999732971191,3227,0.0,0.0
2024-07-30 00:00:00-04:00,13.050000190734863,13.050000190734863,12.449999809265137,12.494999885559082,2013,0.0,0.0
2024-07-31 00:00:00-04:00,13.199999809265137,13.8149995803833,12.300000190734863,13.050000190734863,8207,0.0,0.0
2024-08-01 00:00:00-04:00,12.449999809265137,13.40999984741211,12.449999809265137,12.539999961853027,7147,0.0,0.0
2024-08-02 00:00:00-04:00,13.350000381469727,13.350000381469727,12.149999618530273,12.164999961853027,6933,0.0,0.0
2024-08-05 00:00:00-04:00,11.399999618530273,11.699999809265137,10.5,11.399999618530273,18907,0.0,0.0
2024-08-06 00:00:00-04:00,11.654999732971191,12.0,11.25,11.850000381469727,11500,0.0,0.0
2024-08-07 00:00:00-04:00,12.449999809265137,12.449999809265137,11.579999923706055,11.729999542236328,3740,0.0,0.0
2024-08-08 00:00:00-04:00,11.399999618530273,11.90999984741211,11.279999732971191,11.3100004196167,5813,0.0,0.0
2024-08-09 00:00:00-04:00,11.3100004196167,11.654999732971191,11.25,11.25,3960,0.0,0.0
2024-08-12 00:00:00-04:00,11.25,11.475000381469727,11.25,11.385000228881836,5420,0.0,0.0
2024-08-13 00:00:00-04:00,11.385000228881836,11.9399995803833,11.385000228881836,11.760000228881836,2860,0.0,0.0
2024-08-14 00:00:00-04:00,11.760000228881836,12.149999618530273,11.25,11.579999923706055,8400,0.0,0.0
2024-08-15 00:00:00-04:00,11.475000381469727,11.699999809265137,11.399999618530273,11.53499984741211,3060,0.0,0.0
2024-08-16 00:00:00-04:00,11.265000343322754,11.550000190734863,11.25,11.430000305175781,6587,0.0,0.0
2024-08-19 00:00:00-04:00,11.550000190734863,11.550000190734863,11.024999618530273,11.145000457763672,15907,0.0,0.0
2024-08-20 00:00:00-04:00,11.130000114440918,11.505000114440918,10.949999809265137,11.039999961853027,5393,0.0,0.0
2024-08-21 00:00:00-04:00,10.979999542236328,10.979999542236328,10.515000343322754,10.574999809265137,11267,0.0,0.0
2024-08-22 00:00:00-04:00,11.100000381469727,11.100000381469727,10.649999618530273,10.800000190734863,4553,0.0,0.0
2024-08-23 00:00:00-04:00,10.949999809265137,11.385000228881836,10.800000190734863,11.204999923706055,5333,0.0,0.0
2024-08-26 00:00:00-04:00,11.399999618530273,11.399999618530273,11.114999771118164,11.175000190734863,3180,0.0,0.0
2024-08-27 00:00:00-04:00,10.8149995803833,11.25,10.8149995803833,11.055000305175781,2133,0.0,0.0
2024-08-28 00:00:00-04:00,10.949999809265137,11.25,10.529999732971191,10.619999885559082,3960,0.0,0.0
2024-08-29 00:00:00-04:00,11.25,11.25,10.574999809265137,10.770000457763672,3073,0.0,0.0
2024-08-30 00:00:00-04:00,10.5,10.770000457763672,10.5,10.619999885559082,5713,0.0,0.0
2024-09-03 00:00:00-04:00,11.34000015258789,11.34000015258789,10.050000190734863,10.229999542236328,13173,0.0,0.0
2024-09-04 00:00:00-04:00,10.350000381469727,10.5,10.050000190734863,10.125,3967,0.0,0.0
2024-09-05 00:00:00-04:00,10.050000190734863,10.395000457763672,9.375,9.494999885559082,11293,0.0,0.0
2024-09-06 00:00:00-04:00,9.300000190734863,9.390000343322754,7.889999866485596,7.965000152587891,29233,0.0,0.0
2024-09-09 00:00:00-04:00,8.25,8.399999618530273,7.800000190734863,7.800000190734863,10653,0.0,0.0
2024-09-10 00:00:00-04:00,7.5,8.369999885559082,7.5,7.875,11307,0.0,0.0
2024-09-11 00:00:00-04:00,8.100000381469727,8.100000381469727,7.53000020980835,8.055000305175781,10233,0.0,0.0
2024-09-12 00:00:00-04:00,7.889999866485596,8.369999885559082,7.800000190734863,7.800000190734863,19133,0.0,0.0
2024-09-13 00:00:00-04:00,8.220000267028809,9.84000015258789,7.84499979019165,8.984999656677246,31007,0.0,0.0
2024-09-16 00:00:00-04:00,8.71500015258789,10.800000190734863,8.71500015258789,10.800000190734863,28533,0.0,0.0
2024-09-17 00:00:00-04:00,11.25,11.25,9.0,9.194999694824219,42587,0.0,0.0
2024-09-18 00:00:00-04:00,9.449999809265137,9.824999809265137,9.210000038146973,9.329999923706055,5033,0.0,0.0
2024-09-19 00:00:00-04:00,9.600000381469727,9.600000381469727,9.074999809265137,9.479999542236328,14133,0.0,0.0
2024-09-20 00:00:00-04:00,9.300000190734863,11.25,9.149999618530273,11.25,10040,0.0,0.0
2024-09-23 00:00:00-04:00,10.649999618530273,11.010000228881836,10.170000076293945,10.364999771118164,7100,0.0,0.0
2024-09-24 00:00:00-04:00,10.5,11.100000381469727,10.050000190734863,10.875,11680,0.0,0.0
2024-09-25 00:00:00-04:00,10.875,11.085000038146973,10.199999809265137,10.994999885559082,9727,0.0,0.0
2024-09-26 00:00:00-04:00,11.25,12.944999694824219,10.649999618530273,12.600000381469727,57473,0.0,0.0
2024-09-27 00:00:00-04:00,12.930000305175781,13.229999542236328,11.71500015258789,12.75,27920,0.0,0.0
2024-09-30 00:00:00-04:00,12.899999618530273,13.319999694824219,11.279999732971191,11.850000381469727,13633,0.0,0.0
2024-10-01 00:00:00-04:00,13.050000190734863,13.050000190734863,11.279999732971191,11.699999809265137,9367,0.0,0.0
2024-10-02 00:00:00-04:00,11.25,12.600000381469727,11.25,12.449999809265137,13667,0.0,0.0
2024-10-03 00:00:00-04:00,12.28499984741211,13.800000190734863,12.28499984741211,13.649999618530273,18460,0.0,0.0
2024-10-04 00:00:00-04:00,12.960000038146973,13.800000190734863,12.914999961853027,13.5,10947,0.0,0.0
2024-10-07 00:00:00-04:00,13.199999809265137,13.5,12.149999618530273,12.420000076293945,12227,0.0,0.0
2024-10-08 00:00:00-04:00,12.300000190734863,12.765000343322754,12.225000381469727,12.494999885559082,6593,0.0,0.0
2024-10-09 00:00:00-04:00,12.225000381469727,12.449999809265137,11.265000343322754,12.449999809265137,7493,0.0,0.0
2024-10-10 00:00:00-04:00,12.015000343322754,12.600000381469727,11.324999809265137,12.600000381469727,4487,0.0,0.0
2024-10-11 00:00:00-04:00,12.0,13.649999618530273,12.0,13.350000381469727,11253,0.0,0.0
2024-10-14 00:00:00-04:00,13.079999923706055,13.21500015258789,12.149999618530273,12.65999984741211,6680,0.0,0.0
2024-10-15 00:00:00-04:00,12.75,12.899999618530273,12.0,12.75,6580,0.0,0.0
2024-10-16 00:00:00-04:00,13.050000190734863,13.050000190734863,12.300000190734863,12.524999618530273,7120,0.0,0.0
2024-10-17 00:00:00-04:00,12.600000381469727,13.050000190734863,12.0600004196167,12.524999618530273,4913,0.0,0.0
2024-10-18 00:00:00-04:00,12.164999961853027,12.645000457763672,12.0,12.404999732971191,5467,0.0,0.0
2024-10-21 00:00:00-04:00,13.649999618530273,13.649999618530273,12.449999809265137,12.734999656677246,3527,0.0,0.0
2024-10-22 00:00:00-04:00,13.199999809265137,13.199999809265137,12.300000190734863,12.75,5807,0.0,0.0
2024-10-23 00:00:00-04:00,13.125,13.125,12.074999809265137,12.300000190734863,7033,0.0,0.0
2024-10-24 00:00:00-04:00,13.350000381469727,13.350000381469727,12.585000038146973,13.305000305175781,7787,0.0,0.0
2024-10-25 00:00:00-04:00,13.5,13.649999618530273,12.65999984741211,12.75,12980,0.0,0.0
2024-10-28 00:00:00-04:00,12.75,13.470000267028809,12.75,12.914999961853027,8253,0.0,0.0
2024-10-29 00:00:00-04:00,13.800000190734863,14.100000381469727,12.449999809265137,13.800000190734863,19973,0.0,0.0
2024-10-30 00:00:00-04:00,14.100000381469727,14.100000381469727,12.795000076293945,13.755000114440918,11627,0.0,0.0
2024-10-31 00:00:00-04:00,13.755000114440918,13.755000114440918,11.25,11.25,24987,0.0,0.0
2024-11-01 00:00:00-04:00,11.25,12.899999618530273,10.725000381469727,10.725000381469727,38753,0.0,0.0
2024-11-04 00:00:00-05:00,11.399999618530273,11.399999618530273,9.149999618530273,10.59000015258789,29067,0.0,0.0
2024-11-05 00:00:00-05:00,10.949999809265137,11.175000190734863,10.59000015258789,11.085000038146973,11253,0.0,0.0
2024-11-06 00:00:00-05:00,11.100000381469727,11.460000038146973,10.5,11.234999656677246,18067,0.0,0.0
2024-11-07 00:00:00-05:00,11.34000015258789,11.34000015258789,10.5,10.859999656677246,12580,0.0,0.0
2024-11-08 00:00:00-05:00,11.100000381469727,11.100000381469727,9.75,10.050000190734863,16153,0.0,0.0
2024-11-11 00:00:00-05:00,10.800000190734863,11.699999809265137,10.5,11.010000228881836,66487,0.0,0.0
2024-11-12 00:00:00-05:00,11.100000381469727,13.5,10.604999542236328,12.0,158580,0.0,0.0
2024-11-13 00:00:00-05:00,13.350000381469727,15.0,12.119999885559082,13.949999809265137,163613,0.0,0.0
2024-11-14 00:00:00-05:00,13.515000343322754,14.399999618530273,11.550000190734863,12.449999809265137,108873,0.0,0.0
2024-11-15 00:00:00-05:00,12.569999694824219,12.75,11.880000114440918,11.880000114440918,21967,0.0,0.0
2024-11-18 00:00:00-05:00,12.0,12.149999618530273,10.199999809265137,10.5,55360,0.0,0.0
2024-11-19 00:00:00-05:00,10.0,10.0,7.650000095367432,9.130000114440918,97200,0.0,0.06666666666666667
2024-11-20 00:00:00-05:00,8.5,8.890000343322754,7.230000019073486,7.489999771118164,94000,0.0,0.0
2024-11-21 00:00:00-05:00,8.050000190734863,8.550000190734863,7.5,8.319999694824219,88300,0.0,0.0
2024-11-22 00:00:00-05:00,8.350000381469727,8.350000381469727,7.599999904632568,7.789999961853027,41100,0.0,0.0
2024-11-25 00:00:00-05:00,8.0,8.170000076293945,7.570000171661377,7.690000057220459,29900,0.0,0.0
2024-11-26 00:00:00-05:00,7.690000057220459,7.690000057220459,6.5,6.949999809265137,49100,0.0,0.0
2024-11-27 00:00:00-05:00,9.420000076293945,15.510000228881836,9.074999809265137,9.930000305175781,4106800,0.0,0.0
2024-11-29 00:00:00-05:00,12.75,13.890000343322754,11.5,12.399999618530273,1446200,0.0,0.0
2024-12-02 00:00:00-05:00,13.869999885559082,14.329999923706055,11.899999618530273,12.399999618530273,958100,0.0,0.0
2024-12-03 00:00:00-05:00,11.720000267028809,12.510000228881836,10.51099967956543,11.949999809265137,259900,0.0,0.0
2024-12-04 00:00:00-05:00,11.430000305175781,11.90999984741211,9.510000228881836,10.260000228881836,387300,0.0,0.0
2024-12-05 00:00:00-05:00,11.109999656677246,11.109999656677246,8.460000038146973,8.84000015258789,556200,0.0,0.0
2024-12-06 00:00:00-05:00,8.449999809265137,9.239999771118164,7.130000114440918,8.670000076293945,347000,0.0,0.0
2024-12-09 00:00:00-05:00,8.65999984741211,9.020000457763672,8.220000267028809,8.619999885559082,230600,0.0,0.0
2024-12-10 00:00:00-05:00,8.149999618530273,8.390000343322754,7.609000205993652,8.0,164400,0.0,0.0
2024-12-11 00:00:00-05:00,8.130000114440918,8.595000267028809,7.599999904632568,8.119999885559082,183300,0.0,0.0
2024-12-12 00:00:00-05:00,7.920000076293945,8.899999618530273,7.920000076293945,8.0,95700,0.0,0.0
2024-12-13 00:00:00-05:00,8.029999732971191,8.192999839782715,7.769999980926514,7.900000095367432,57200,0.0,0.0
2024-12-16 00:00:00-05:00,7.949999809265137,8.1899995803833,7.699999809265137,8.020000457763672,87900,0.0,0.0
2024-12-17 00:00:00-05:00,7.630000114440918,7.900000095367432,7.46999979019165,7.71999979019165,53800,0.0,0.0
2024-12-18 00:00:00-05:00,7.570000171661377,7.800000190734863,6.679999828338623,6.869999885559082,93000,0.0,0.0
2024-12-19 00:00:00-05:00,7.03000020980835,7.150000095367432,6.699999809265137,7.010000228881836,70800,0.0,0.0
2024-12-20 00:00:00-05:00,6.840000152587891,7.2779998779296875,6.5,7.099999904632568,60200,0.0,0.0
2024-12-23 00:00:00-05:00,7.099999904632568,7.099999904632568,6.409999847412109,6.949999809265137,68600,0.0,0.0
2024-12-24 00:00:00-05:00,6.989999771118164,7.150000095367432,6.760000228881836,6.980000019073486,24700,0.0,0.0
2024-12-26 00:00:00-05:00,6.480000019073486,7.400000095367432,6.480000019073486,7.25,44300,0.0,0.0
2024-12-27 00:00:00-05:00,7.440000057220459,7.644999980926514,7.210000038146973,7.480000019073486,49100,0.0,0.0
2024-12-30 00:00:00-05:00,7.389999866485596,7.599999904632568,6.880000114440918,7.039999961853027,34000,0.0,0.0
2024-12-31 00:00:00-05:00,6.949999809265137,7.14900016784668,6.75,6.840000152587891,48600,0.0,0.0
2025-01-02 00:00:00-05:00,6.940000057220459,7.199999809265137,6.650000095367432,7.0,47700,0.0,0.0
2025-01-03 00:00:00-05:00,7.179999828338623,7.440000057220459,7.039999961853027,7.239999771118164,35400,0.0,0.0
2025-01-06 00:00:00-05:00,7.449999809265137,7.48799991607666,7.130000114440918,7.409999847412109,29200,0.0,0.0
2025-01-07 00:00:00-05:00,7.440000057220459,7.590000152587891,6.829999923706055,6.949999809265137,29100,0.0,0.0
2025-01-08 00:00:00-05:00,6.809999942779541,6.909999847412109,6.550000190734863,6.670000076293945,27400,0.0,0.0
2025-01-10 00:00:00-05:00,6.639999866485596,6.650000095367432,6.420000076293945,6.510000228881836,33600,0.0,0.0
2025-01-13 00:00:00-05:00,6.460000038146973,7.139999866485596,5.949999809265137,7.110000133514404,61000,0.0,0.0
2025-01-14 00:00:00-05:00,6.46999979019165,7.400000095367432,6.46999979019165,7.360000133514404,45500,0.0,0.0
2025-01-15 00:00:00-05:00,7.309999942779541,7.507999897003174,7.25,7.5,20500,0.0,0.0
2025-01-16 00:00:00-05:00,6.920000076293945,7.699999809265137,6.920000076293945,7.300000190734863,17200,0.0,0.0
2025-01-17 00:00:00-05:00,7.5,7.699999809265137,7.300000190734863,7.570000171661377,47700,0.0,0.0
2025-01-21 00:00:00-05:00,7.75,7.75,7.309999942779541,7.519999980926514,21500,0.0,0.0
2025-01-22 00:00:00-05:00,7.510000228881836,7.599999904632568,7.373000144958496,7.510000228881836,11000,0.0,0.0
2025-01-23 00:00:00-05:00,7.28000020980835,7.550000190734863,7.28000020980835,7.53000020980835,11100,0.0,0.0
2025-01-24 00:00:00-05:00,7.510000228881836,7.666999816894531,7.369999885559082,7.579999923706055,17200,0.0,0.0
2025-01-27 00:00:00-05:00,7.5,7.5,6.920000076293945,7.079999923706055,28300,0.0,0.0
2025-01-28 00:00:00-05:00,7.150000095367432,7.150000095367432,6.929999828338623,7.010000228881836,9900,0.0,0.0
2025-01-29 00:00:00-05:00,7.010000228881836,7.15500020980835,6.699999809265137,6.980000019073486,22600,0.0,0.0
2025-01-30 00:00:00-05:00,7.010000228881836,7.010000228881836,6.800000190734863,6.929999828338623,11900,0.0,0.0
2025-01-31 00:00:00-05:00,7.000999927520752,7.123000144958496,6.730000019073486,6.860000133514404,22000,0.0,0.0
2025-02-03 00:00:00-05:00,6.690000057220459,6.989999771118164,6.0,6.789999961853027,23100,0.0,0.0
2025-02-04 00:00:00-05:00,6.940000057220459,6.940000057220459,6.520999908447266,6.650000095367432,20600,0.0,0.0
2025-02-05 00:00:00-05:00,6.699999809265137,6.699999809265137,6.519000053405762,6.650000095367432,10600,0.0,0.0
2025-02-06 00:00:00-05:00,6.599999904632568,6.763000011444092,6.519999980926514,6.519999980926514,7400,0.0,0.0
2025-02-07 00:00:00-05:00,6.644999980926514,6.644999980926514,6.25,6.340000152587891,20000,0.0,0.0
2025-02-10 00:00:00-05:00,6.400000095367432,6.605999946594238,6.25,6.400000095367432,7800,0.0,0.0
2025-02-11 00:00:00-05:00,6.320000171661377,6.320000171661377,6.010000228881836,6.050000190734863,15200,0.0,0.0
2025-02-12 00:00:00-05:00,6.064000129699707,6.269999980926514,5.699999809265137,5.900000095367432,35600,0.0,0.0
2025-02-13 00:00:00-05:00,5.960000038146973,6.110000133514404,5.860000133514404,6.110000133514404,17200,0.0,0.0
2025-02-14 00:00:00-05:00,6.159999847412109,6.380000114440918,6.013000011444092,6.235000133514404,31400,0.0,0.0
2025-02-18 00:00:00-05:00,6.099999904632568,6.24399995803833,5.980000019073486,6.090000152587891,12100,0.0,0.0
2025-02-19 00:00:00-05:00,5.909999847412109,6.300000190734863,5.909999847412109,6.0,11800,0.0,0.0
2025-02-20 00:00:00-05:00,6.0,6.298999786376953,5.900000095367432,5.940000057220459,25800,0.0,0.0
2025-02-21 00:00:00-05:00,6.119999885559082,6.119999885559082,5.800000190734863,6.090000152587891,15400,0.0,0.0
2025-02-24 00:00:00-05:00,6.199999809265137,6.199999809265137,5.650000095367432,5.650000095367432,28900,0.0,0.0
2025-02-25 00:00:00-05:00,5.599999904632568,5.849999904632568,5.190000057220459,5.800000190734863,37100,0.0,0.0
2025-02-26 00:00:00-05:00,5.670000076293945,5.849999904632568,5.420000076293945,5.449999809265137,14400,0.0,0.0
2025-02-27 00:00:00-05:00,5.449999809265137,5.46999979019165,5.039999961853027,5.179999828338623,21900,0.0,0.0
2025-02-28 00:00:00-05:00,5.190999984741211,5.460000038146973,5.059999942779541,5.300000190734863,19000,0.0,0.0
2025-03-03 00:00:00-05:00,5.619999885559082,5.763999938964844,5.079999923706055,5.079999923706055,7300,0.0,0.0
2025-03-04 00:00:00-05:00,5.079999923706055,5.210000038146973,4.849999904632568,5.050000190734863,14100,0.0,0.0
2025-03-05 00:00:00-05:00,5.447000026702881,5.447000026702881,5.051000118255615,5.369999885559082,3800,0.0,0.0
2025-03-06 00:00:00-05:00,5.789999961853027,5.789999961853027,5.159999847412109,5.230000019073486,5400,0.0,0.0
2025-03-07 00:00:00-05:00,5.300000190734863,5.449999809265137,5.119999885559082,5.340000152587891,8400,0.0,0.0
2025-03-10 00:00:00-04:00,5.449999809265137,5.449999809265137,4.860000133514404,4.949999809265137,9400,0.0,0.0
2025-03-11 00:00:00-04:00,5.059999942779541,5.059999942779541,4.800000190734863,4.840000152587891,10200,0.0,0.0
2025-03-12 00:00:00-04:00,4.849999904632568,5.28000020980835,4.699999809265137,4.948999881744385,23600,0.0,0.0
2025-03-13 00:00:00-04:00,4.980000019073486,4.980000019073486,4.4710001945495605,4.690000057220459,6000,0.0,0.0
2025-03-14 00:00:00-04:00,4.699999809265137,4.880000114440918,4.699999809265137,4.860000133514404,6900,0.0,0.0
2025-03-17 00:00:00-04:00,4.900000095367432,5.199999809265137,4.811999797821045,5.0,9400,0.0,0.0
2025-03-18 00:00:00-04:00,4.736999988555908,4.982999801635742,4.736999988555908,4.980000019073486,2300,0.0,0.0
2025-03-19 00:00:00-04:00,4.730000019073486,5.0,4.730000019073486,4.989999771118164,11000,0.0,0.0
2025-03-20 00:00:00-04:00,5.005000114440918,5.0320000648498535,4.860000133514404,4.980000019073486,7900,0.0,0.0
2025-03-21 00:00:00-04:00,4.889999866485596,5.0,4.800000190734863,4.900000095367432,1700,0.0,0.0
2025-03-24 00:00:00-04:00,5.039999961853027,5.197000026702881,4.889999866485596,4.949999809265137,9000,0.0,0.0
2025-03-25 00:00:00-04:00,4.802000045776367,5.044000148773193,4.710000038146973,4.710000038146973,7200,0.0,0.0
2025-03-26 00:00:00-04:00,4.739999771118164,4.78000020980835,4.659999847412109,4.659999847412109,17600,0.0,0.0
2025-03-27 00:00:00-04:00,4.699999809265137,4.699999809265137,4.563000202178955,4.599999904632568,6200,0.0,0.0
2025-03-28 00:00:00-04:00,4.581999778747559,4.690000057220459,4.489999771118164,4.525000095367432,7000,0.0,0.0
2025-03-31 00:00:00-04:00,4.309999942779541,5.0,4.301000118255615,4.900000095367432,30400,0.0,0.0
2025-04-01 00:00:00-04:00,4.949999809265137,4.949999809265137,4.639999866485596,4.639999866485596,4900,0.0,0.0
2025-04-02 00:00:00-04:00,4.383999824523926,4.610000133514404,4.383999824523926,4.559999942779541,2800,0.0,0.0
2025-04-03 00:00:00-04:00,4.260000228881836,5.0,4.260000228881836,5.0,40500,0.0,0.0
2025-04-04 00:00:00-04:00,4.889999866485596,4.889999866485596,4.486000061035156,4.604000091552734,5800,0.0,0.0
2025-04-07 00:00:00-04:00,4.400000095367432,4.599999904632568,4.304999828338623,4.449999809265137,7500,0.0,0.0
2025-04-08 00:00:00-04:00,4.599999904632568,4.619999885559082,4.23199987411499,4.360000133514404,10700,0.0,0.0
2025-04-09 00:00:00-04:00,4.46999979019165,4.730000019073486,4.381999969482422,4.599999904632568,4500,0.0,0.0
2025-04-10 00:00:00-04:00,4.639999866485596,4.639999866485596,4.230000019073486,4.25,11900,0.0,0.0
2025-04-11 00:00:00-04:00,4.25,4.28000020980835,4.099999904632568,4.238999843597412,4500,0.0,0.0
2025-04-14 00:00:00-04:00,4.392000198364258,4.440000057220459,4.380000114440918,4.429999828338623,4300,0.0,0.0
2025-04-15 00:00:00-04:00,4.35699987411499,4.590000152587891,4.35699987411499,4.409999847412109,5800,0.0,0.0
2025-04-16 00:00:00-04:00,4.349999904632568,4.5,4.326000213623047,4.5,4600,0.0,0.0
2025-04-17 00:00:00-04:00,4.570000171661377,4.570000171661377,4.5,4.570000171661377,2900,0.0,0.0
2025-04-21 00:00:00-04:00,4.559999942779541,4.626999855041504,4.039999961853027,4.230000019073486,22900,0.0,0.0
2025-04-22 00:00:00-04:00,4.230000019073486,4.5,4.150000095367432,4.480000019073486,13000,0.0,0.0
2025-04-23 00:00:00-04:00,4.610000133514404,4.800000190734863,4.500999927520752,4.539999961853027,8700,0.0,0.0
2025-04-24 00:00:00-04:00,4.670000076293945,4.784999847412109,4.670000076293945,4.75,8700,0.0,0.0
2025-04-25 00:00:00-04:00,4.625,4.849999904632568,4.625,4.760000228881836,4100,0.0,0.0
2025-04-28 00:00:00-04:00,4.860000133514404,4.860000133514404,4.679999828338623,4.679999828338623,8800,0.0,0.0
2025-04-29 00:00:00-04:00,4.610000133514404,4.790999889373779,4.5,4.650000095367432,5100,0.0,0.0
2025-04-30 00:00:00-04:00,4.75,4.75,4.677000045776367,4.75,4000,0.0,0.0
2025-05-01 00:00:00-04:00,4.710000038146973,4.800000190734863,4.639999866485596,4.682000160217285,5700,0.0,0.0
2025-05-02 00:00:00-04:00,4.710000038146973,4.7829999923706055,4.5370001792907715,4.670000076293945,4500,0.0,0.0
2025-05-05 00:00:00-04:00,4.776000022888184,4.888000011444092,4.776000022888184,4.888000011444092,3800,0.0,0.0
2025-05-06 00:00:00-04:00,4.610000133514404,4.809999942779541,4.610000133514404,4.675000190734863,6600,0.0,0.0
2025-05-07 00:00:00-04:00,4.920000076293945,4.920000076293945,4.480000019073486,4.510000228881836,7200,0.0,0.0
2025-05-08 00:00:00-04:00,4.502999782562256,4.709000110626221,4.502999782562256,4.619999885559082,2600,0.0,0.0
2025-05-09 00:00:00-04:00,4.829999923706055,6.010000228881836,4.583000183105469,5.619999885559082,80100,0.0,0.0
2025-05-12 00:00:00-04:00,6.050000190734863,7.510000228881836,5.800000190734863,6.934999942779541,172100,0.0,0.0
2025-05-13 00:00:00-04:00,6.949999809265137,6.989999771118164,6.070000171661377,6.369999885559082,58100,0.0,0.0
2025-05-14 00:00:00-04:00,6.429999828338623,6.429999828338623,6.059999942779541,6.130000114440918,14700,0.0,0.0
2025-05-15 00:00:00-04:00,5.656000137329102,5.914999961853027,5.599999904632568,5.769999980926514,18600,0.0,0.0
2025-05-16 00:00:00-04:00,6.28000020980835,6.28000020980835,5.6020002365112305,5.849999904632568,27800,0.0,0.0
2025-05-19 00:00:00-04:00,5.900000095367432,5.900000095367432,5.599999904632568,5.650000095367432,12900,0.0,0.0
2025-05-20 00:00:00-04:00,5.659999847412109,5.978000164031982,5.659999847412109,5.860000133514404,9000,0.0,0.0
2025-05-21 00:00:00-04:00,6.081999778747559,6.460000038146973,5.869999885559082,6.144000053405762,39100,0.0,0.0
2025-05-22 00:00:00-04:00,6.175000190734863,6.889999866485596,6.039999961853027,6.559999942779541,39600,0.0,0.0
2025-05-23 00:00:00-04:00,6.434999942779541,6.449999809265137,6.039999961853027,6.340000152587891,13700,0.0,0.0
2025-05-27 00:00:00-04:00,6.300000190734863,6.579999923706055,5.869999885559082,6.050000190734863,34800,0.0,0.0
2025-05-28 00:00:00-04:00,5.949999809265137,6.179999828338623,5.800000190734863,5.949999809265137,21200,0.0,0.0
2025-05-29 00:00:00-04:00,6.110000133514404,6.170000076293945,5.934000015258789,6.039999961853027,13700,0.0,0.0
2025-05-30 00:00:00-04:00,6.050000190734863,6.289999961853027,5.96999979019165,6.190000057220459,36400,0.0,0.0
2025-06-02 00:00:00-04:00,6.119999885559082,6.684000015258789,6.119999885559082,6.590000152587891,28800,0.0,0.0
2025-06-03 00:00:00-04:00,6.699999809265137,6.699999809265137,6.235000133514404,6.579999923706055,8900,0.0,0.0
2025-06-04 00:00:00-04:00,6.449999809265137,6.558000087738037,6.28000020980835,6.420000076293945,7500,0.0,0.0
2025-06-05 00:00:00-04:00,6.320000171661377,6.650000095367432,6.239999771118164,6.366000175476074,12000,0.0,0.0
2025-06-06 00:00:00-04:00,6.349999904632568,6.449999809265137,6.300000190734863,6.369999885559082,14900,0.0,0.0
2025-06-09 00:00:00-04:00,6.25,6.340000152587891,6.197999954223633,6.2129998207092285,12300,0.0,0.0
2025-06-10 00:00:00-04:00,6.300000190734863,6.349999904632568,6.150000095367432,6.28000020980835,5000,0.0,0.0
2025-06-11 00:00:00-04:00,6.198999881744385,6.400000095367432,6.198999881744385,6.360000133514404,3700,0.0,0.0
2025-06-12 00:00:00-04:00,6.369999885559082,6.369999885559082,6.1020002365112305,6.179999828338623,7600,0.0,0.0
2025-06-13 00:00:00-04:00,5.920000076293945,6.123000144958496,5.75,5.900000095367432,13800,0.0,0.0
2025-06-16 00:00:00-04:00,6.085999965667725,6.150000095367432,5.919000148773193,6.03000020980835,9500,0.0,0.0
2025-06-17 00:00:00-04:00,5.929999828338623,6.025000095367432,5.909999847412109,5.96999979019165,3400,0.0,0.0
2025-06-18 00:00:00-04:00,6.039999961853027,6.039999961853027,5.809999942779541,5.860000133514404,8400,0.0,0.0
2025-06-20 00:00:00-04:00,5.809999942779541,6.019000053405762,5.760000228881836,5.760000228881836,9100,0.0,0.0
2025-06-23 00:00:00-04:00,5.739999771118164,5.829999923706055,5.5,5.550000190734863,6900,0.0,0.0
2025-06-24 00:00:00-04:00,5.739999771118164,5.900000095367432,5.739999771118164,5.889999866485596,8500,0.0,0.0
2025-06-25 00:00:00-04:00,5.78000020980835,5.835999965667725,5.510000228881836,5.599999904632568,13700,0.0,0.0
2025-06-26 00:00:00-04:00,5.638000011444092,5.8429999351501465,5.599999904632568,5.614999771118164,12800,0.0,0.0
2025-06-27 00:00:00-04:00,5.590000152587891,6.050000190734863,5.559999942779541,5.690000057220459,8900,0.0,0.0
2025-06-30 00:00:00-04:00,5.688000202178955,6.300000190734863,5.572999954223633,6.296999931335449,30300,0.0,0.0
2025-07-01 00:00:00-04:00,6.139999866485596,6.139999866485596,5.909999847412109,6.129000186920166,5400,0.0,0.0
2025-07-02 00:00:00-04:00,6.0,6.25,6.0,6.139999866485596,5800,0.0,0.0
2025-07-03 00:00:00-04:00,6.210000038146973,6.210000038146973,6.150000095367432,6.151000022888184,2100,0.0,0.0
2025-07-07 00:00:00-04:00,6.190000057220459,6.480000019073486,6.057000160217285,6.400000095367432,24000,0.0,0.0
2025-07-08 00:00:00-04:00,6.900000095367432,8.093000411987305,6.781000137329102,7.876999855041504,472100,0.0,0.0
2025-07-09 00:00:00-04:00,8.399999618530273,9.390000343322754,8.010000228881836,8.75,295700,0.0,0.0
2025-07-10 00:00:00-04:00,8.84000015258789,9.621999740600586,8.0,8.210000038146973,185500,0.0,0.0
2025-07-11 00:00:00-04:00,8.4399995803833,9.1899995803833,8.0,8.550000190734863,129000,0.0,0.0
2025-07-14 00:00:00-04:00,8.699999809265137,8.89900016784668,7.070000171661377,7.5,213500,0.0,0.0
2025-07-15 00:00:00-04:00,7.269999980926514,7.73799991607666,6.765999794006348,7.039999961853027,56200,0.0,0.0
2025-07-16 00:00:00-04:00,6.989999771118164,7.550000190734863,6.829999923706055,7.340000152587891,68200,0.0,0.0
2025-07-17 00:00:00-04:00,7.340000152587891,8.437999725341797,7.22599983215332,8.069999694824219,85900,0.0,0.0
2025-07-18 00:00:00-04:00,8.920000076293945,8.920000076293945,8.095000267028809,8.130000114440918,113800,0.0,0.0
2025-07-21 00:00:00-04:00,8.390000343322754,8.619999885559082,8.098999977111816,8.220000267028809,67200,0.0,0.0
2025-07-22 00:00:00-04:00,8.069999694824219,8.260000228881836,7.5,7.880000114440918,66800,0.0,0.0
2025-07-23 00:00:00-04:00,7.789999961853027,7.84499979019165,7.340000152587891,7.71999979019165,28100,0.0,0.0
2025-07-24 00:00:00-04:00,7.429999828338623,7.699999809265137,6.849999904632568,7.070000171661377,36300,0.0,0.0
2025-07-25 00:00:00-04:00,7.0,7.03000020980835,6.697000026702881,7.03000020980835,24800,0.0,0.0
2025-07-28 00:00:00-04:00,6.869999885559082,7.140999794006348,6.679999828338623,6.78000020980835,26200,0.0,0.0
2025-07-29 00:00:00-04:00,6.5,6.639999866485596,5.914000034332275,6.0,74400,0.0,0.0
2025-07-30 00:00:00-04:00,3.5999999046325684,3.700000047683716,2.5950000286102295,2.7300000190734863,1481100,0.0,0.0
2025-07-31 00:00:00-04:00,2.700000047683716,2.7300000190734863,2.4600000381469727,2.5299999713897705,384200,0.0,0.0
2025-08-01 00:00:00-04:00,2.5,2.5,2.25,2.4700000286102295,150500,0.0,0.0
2025-08-04 00:00:00-04:00,2.4600000381469727,2.890000104904175,2.440000057220459,2.7300000190734863,326200,0.0,0.0
2025-08-05 00:00:00-04:00,2.7300000190734863,2.7699999809265137,2.4600000381469727,2.559999942779541,162400,0.0,0.0
2025-08-06 00:00:00-04:00,2.549999952316284,2.5999999046325684,2.4000000953674316,2.509999990463257,83300,0.0,0.0
2025-08-07 00:00:00-04:00,2.5,2.5390000343322754,2.3989999294281006,2.440000057220459,72500,0.0,0.0
2025-08-08 00:00:00-04:00,2.5,2.5,2.200000047683716,2.2699999809265137,146200,0.0,0.0
2025-08-11 00:00:00-04:00,2.3299999237060547,2.4100000858306885,2.0199999809265137,2.140000104904175,119000,0.0,0.0
2025-08-12 00:00:00-04:00,2.109999895095825,2.1689999103546143,1.9299999475479126,2.069999933242798,198400,0.0,0.0
2025-08-13 00:00:00-04:00,2.0999999046325684,2.177999973297119,1.9500000476837158,2.0399999618530273,93900,0.0,0.0
2025-08-14 00:00:00-04:00,2.1700000762939453,2.1700000762939453,1.9700000286102295,2.0799999237060547,163800,0.0,0.0
2025-08-15 00:00:00-04:00,2.119999885559082,2.134999990463257,1.899999976158142,1.9700000286102295,189900,0.0,0.0
2025-08-18 00:00:00-04:00,1.9900000095367432,1.9900000095367432,1.75,1.7799999713897705,250700,0.0,0.0
2025-08-19 00:00:00-04:00,1.7599999904632568,1.7799999713897705,1.6299999952316284,1.7000000476837158,113800,0.0,0.0
2025-08-20 00:00:00-04:00,1.690000057220459,1.7979999780654907,1.659999966621399,1.7300000190734863,42300,0.0,0.0
2025-08-21 00:00:00-04:00,1.649999976158142,1.8200000524520874,1.649999976158142,1.7200000286102295,96900,0.0,0.0
2025-08-22 00:00:00-04:00,1.8200000524520874,1.8200000524520874,1.6699999570846558,1.7300000190734863,94500,0.0,0.0
2025-08-25 00:00:00-04:00,1.7400000095367432,1.7599999904632568,1.659999966621399,1.7100000381469727,66500,0.0,0.0
2025-08-26 00:00:00-04:00,1.7100000381469727,1.7200000286102295,1.659999966621399,1.6699999570846558,52100,0.0,0.0
2025-08-27 00:00:00-04:00,1.7000000476837158,1.75,1.6299999952316284,1.6699999570846558,76500,0.0,0.0
2025-08-28 00:00:00-04:00,1.75,1.75,1.6019999980926514,1.6299999952316284,109900,0.0,0.0
2025-08-29 00:00:00-04:00,1.6339999437332153,1.6339999437332153,1.0199999809265137,1.25,1046300,0.0,0.0
2025-09-02 00:00:00-04:00,1.1100000143051147,1.3200000524520874,1.1100000143051147,1.2799999713897705,149600,0.0,0.0
2025-09-03 00:00:00-04:00,1.2799999713897705,1.2999999523162842,1.1710000038146973,1.2599999904632568,51500,0.0,0.0
2025-09-04 00:00:00-04:00,1.2799999713897705,1.340000033378601,1.2000000476837158,1.2699999809265137,74300,0.0,0.0
2025-09-05 00:00:00-04:00,1.2999999523162842,1.3899999856948853,1.1799999475479126,1.2200000286102295,215700,0.0,0.0
2025-09-08 00:00:00-04:00,1.7300000190734863,1.7300000190734863,1.1799999475479126,1.2000000476837158,90700,0.0,0.0
2025-09-09 00:00:00-04:00,1.5499999523162842,2.0399999618530273,1.25,2.0399999618530273,8501000,0.0,0.0
2025-09-10 00:00:00-04:00,1.8700000047683716,1.8700000047683716,1.600000023841858,1.6200000047683716,567100,0.0,0.0
2025-09-11 00:00:00-04:00,1.7400000095367432,1.899999976158142,1.649999976158142,1.7599999904632568,277300,0.0,0.0
2025-09-12 00:00:00-04:00,1.6799999475479126,1.9500000476837158,1.6799999475479126,1.850000023841858,268600,0.0,0.0
2025-09-15 00:00:00-04:00,1.8200000524520874,1.8300000429153442,1.5499999523162842,1.6299999952316284,206300,0.0,0.0
2025-09-16 00:00:00-04:00,1.600000023841858,1.7200000286102295,1.5,1.6699999570846558,170600,0.0,0.0
2025-09-17 00:00:00-04:00,1.600000023841858,1.7000000476837158,1.5499999523162842,1.6799999475479126,93100,0.0,0.0
2025-09-18 00:00:00-04:00,1.7400000095367432,2.0,1.649999976158142,1.7400000095367432,204500,0.0,0.0
2025-09-19 00:00:00-04:00,1.7799999713897705,1.9700000286102295,1.7400000095367432,1.899999976158142,385200,0.0,0.0
2025-09-22 00:00:00-04:00,1.840000033378601,2.0250000953674316,1.7599999904632568,2.0,254600,0.0,0.0
2025-09-23 00:00:00-04:00,1.899999976158142,2.359999895095825,1.899999976158142,2.2899999618530273,552400,0.0,0.0
2025-09-24 00:00:00-04:00,2.380000114440918,2.4800000190734863,2.059999942779541,2.130000114440918,295900,0.0,0.0
2025-09-25 00:00:00-04:00,2.1500000953674316,2.2300000190734863,2.0,2.0299999713897705,168400,0.0,0.0
2025-09-26 00:00:00-04:00,2.0,2.059999942779541,1.7999999523162842,1.9500000476837158,4849300,0.0,0.0
2025-09-29 00:00:00-04:00,2.200000047683716,2.3499999046325684,1.8300000429153442,2.0199999809265137,1284200,0.0,0.0
2025-09-30 00:00:00-04:00,1.9600000381469727,2.0,1.8300000429153442,1.9600000381469727,205800,0.0,0.0
2025-10-01 00:00:00-04:00,1.850000023841858,2.0999999046325684,1.850000023841858,2.069999933242798,144700,0.0,0.0
2025-10-02 00:00:00-04:00,2.069999933242798,2.140000104904175,2.0,2.130000114440918,145800,0.0,0.0
2025-10-03 00:00:00-04:00,2.0299999713897705,2.2850000858306885,1.7999999523162842,2.109999895095825,387100,0.0,0.0
2025-10-06 00:00:00-04:00,2.119999885559082,2.174999952316284,2.0199999809265137,2.130000114440918,98600,0.0,0.0
2025-10-07 00:00:00-04:00,2.1700000762939453,2.259999990463257,2.049999952316284,2.1500000953674316,141100,0.0,0.0
2025-10-08 00:00:00-04:00,2.059999942779541,2.190000057220459,2.059999942779541,2.180000066757202,66600,0.0,0.0
2025-10-09 00:00:00-04:00,2.25,2.25,2.109999895095825,2.119999885559082,221700,0.0,0.0
2025-10-10 00:00:00-04:00,2.0999999046325684,2.190000057220459,1.899999976158142,1.909999966621399,188400,0.0,0.0
2025-10-13 00:00:00-04:00,2.0299999713897705,2.0420000553131104,1.840999960899353,1.940000057220459,77900,0.0,0.0
2025-10-14 00:00:00-04:00,1.8700000047683716,1.9800000190734863,1.8700000047683716,1.940000057220459,50400,0.0,0.0
2025-10-15 00:00:00-04:00,1.9500000476837158,2.0409998893737793,1.850000023841858,1.899999976158142,85800,0.0,0.0
2025-10-16 00:00:00-04:00,1.8600000143051147,1.899999976158142,1.7899999618530273,1.850000023841858,57900,0.0,0.0
2025-10-17 00:00:00-04:00,1.7899999618530273,1.86899995803833,1.7400000095367432,1.7899999618530273,49800,0.0,0.0
2025-10-20 00:00:00-04:00,1.809999942779541,1.840000033378601,1.7200000286102295,1.809999942779541,37100,0.0,0.0
2025-10-21 00:00:00-04:00,1.7999999523162842,1.819000005722046,1.7699999809265137,1.7899999618530273,32700,0.0,0.0
2025-10-22 00:00:00-04:00,1.7300000190734863,1.75,1.6399999856948853,1.690000057220459,105400,0.0,0.0
2025-10-23 00:00:00-04:00,1.690000057220459,1.8600000143051147,1.690000057220459,1.850000023841858,52500,0.0,0.0
2025-10-24 00:00:00-04:00,1.8600000143051147,1.8700000047683716,1.7829999923706055,1.809999942779541,46700,0.0,0.0
2025-10-27 00:00:00-04:00,1.7999999523162842,1.8799999952316284,1.7699999809265137,1.850000023841858,17700,0.0,0.0
2025-10-28 00:00:00-04:00,1.809999942779541,1.850000023841858,1.7400000095367432,1.7400000095367432,50600,0.0,0.0
2025-10-29 00:00:00-04:00,1.7400000095367432,1.8300000429153442,1.7100000381469727,1.75,16200,0.0,0.0
2025-10-30 00:00:00-04:00,1.7599999904632568,1.7799999713897705,1.7100000381469727,1.746999979019165,32000,0.0,0.0
2025-10-31 00:00:00-04:00,1.7599999904632568,1.7899999618530273,1.6399999856948853,1.7100000381469727,44100,0.0,0.0
2025-11-03 00:00:00-05:00,1.7100000381469727,1.7300000190734863,1.652999997138977,1.652999997138977,18100,0.0,0.0
2025-11-04 00:00:00-05:00,1.590000033378601,1.649999976158142,1.5499999523162842,1.5499999523162842,33800,0.0,0.0
2025-11-05 00:00:00-05:00,1.5099999904632568,1.5800000429153442,1.4299999475479126,1.5,67500,0.0,0.0
2025-11-06 00:00:00-05:00,1.5199999809265137,1.5499999523162842,1.4600000381469727,1.4800000190734863,31500,0.0,0.0
2025-11-07 00:00:00-05:00,1.440000057220459,1.5700000524520874,1.440000057220459,1.5499999523162842,22500,0.0,0.0
2025-11-10 00:00:00-05:00,1.5499999523162842,1.600000023841858,1.4600000381469727,1.5,17800,0.0,0.0
2025-11-11 00:00:00-05:00,1.4500000476837158,1.5499999523162842,1.4500000476837158,1.5499999523162842,10700,0.0,0.0
2025-11-12 00:00:00-05:00,1.590000033378601,1.600000023841858,1.4700000286102295,1.5199999809265137,32900,0.0,0.0
2025-11-13 00:00:00-05:00,1.4800000190734863,1.590000033378601,1.4509999752044678,1.5299999713897705,39400,0.0,0.0
2025-11-14 00:00:00-05:00,1.5299999713897705,1.5299999713897705,1.149999976158142,1.2699999809265137,126700,0.0,0.0
2025-11-17 00:00:00-05:00,1.2000000476837158,1.25,1.100000023841858,1.1100000143051147,90300,0.0,0.0
2025-11-18 00:00:00-05:00,1.3200000524520874,1.399999976158142,1.2100000381469727,1.309999942779541,119900,0.0,0.0
2025-11-19 00:00:00-05:00,1.309999942779541,1.309999942779541,1.1699999570846558,1.2300000190734863,34700,0.0,0.0
2025-11-20 00:00:00-05:00,1.2100000381469727,1.2200000286102295,1.1100000143051147,1.187000036239624,35000,0.0,0.0
2025-11-21 00:00:00-05:00,1.1799999475479126,1.2000000476837158,1.1299999952316284,1.2000000476837158,40300,0.0,0.0
2025-11-24 00:00:00-05:00,1.159999966621399,1.281999945640564,1.159999966621399,1.2100000381469727,37500,0.0,0.0
2025-11-25 00:00:00-05:00,1.159999966621399,1.2020000219345093,1.1100000143051147,1.1100000143051147,45800,0.0,0.0
2025-11-26 00:00:00-05:00,1.1699999570846558,1.25,1.149999976158142,1.2100000381469727,29800,0.0,0.0
2025-11-28 00:00:00-05:00,1.2400000095367432,1.2699999809265137,1.2100000381469727,1.2699999809265137,26400,0.0,0.0
2025-12-01 00:00:00-05:00,1.2100000381469727,1.2400000095367432,1.2000000476837158,1.2300000190734863,23300,0.0,0.0
2025-12-02 00:00:00-05:00,1.2050000429153442,1.2350000143051147,1.190000057220459,1.2000000476837158,15500,0.0,0.0
2025-12-03 00:00:00-05:00,1.1699999570846558,1.2999999523162842,1.1699999570846558,1.253000020980835,69700,0.0,0.0
2025-12-04 00:00:00-05:00,1.2899999618530273,1.3700000047683716,1.2699999809265137,1.340000033378601,17100,0.0,0.0
2025-12-05 00:00:00-05:00,1.350000023841858,1.440000057220459,1.3109999895095825,1.3799999952316284,20700,0.0,0.0
2025-12-08 00:00:00-05:00,1.399999976158142,1.409999966621399,1.2920000553131104,1.350000023841858,16900,0.0,0.0
2025-12-09 00:00:00-05:00,1.440000057220459,1.5199999809265137,1.340000033378601,1.4700000286102295,67600,0.0,0.0
2025-12-10 00:00:00-05:00,1.559999942779541,1.559999942779541,1.3799999952316284,1.440000057220459,26700,0.0,0.0
2025-12-11 00:00:00-05:00,1.4900000095367432,1.4900000095367432,1.350000023841858,1.350000023841858,13400,0.0,0.0
2025-12-12 00:00:00-05:00,1.350000023841858,1.440000057220459,1.340000033378601,1.3509999513626099,16500,0.0,0.0
2025-12-15 00:00:00-05:00,1.3799999952316284,1.4900000095367432,1.3300000429153442,1.4500000476837158,39800,0.0,0.0
2025-12-16 00:00:00-05:00,1.4010000228881836,1.5199999809265137,1.4010000228881836,1.5099999904632568,20600,0.0,0.0
2025-12-17 00:00:00-05:00,1.399999976158142,1.5,1.3799999952316284,1.409999966621399,33100,0.0,0.0
2025-12-18 00:00:00-05:00,1.4299999475479126,1.5299999713897705,1.3899999856948853,1.4900000095367432,27000,0.0,0.0
2025-12-19 00:00:00-05:00,1.4199999570846558,2.200000047683716,1.3200000524520874,2.200000047683716,693400,0.0,0.0
2025-12-22 00:00:00-05:00,1.9500000476837158,2.0,1.809999942779541,1.909999966621399,161700,0.0,0.0
2025-12-23 00:00:00-05:00,1.8799999952316284,1.8799999952316284,1.5399999618530273,1.5700000524520874,97100,0.0,0.0
2025-12-24 00:00:00-05:00,1.559999942779541,1.5809999704360962,1.5499999523162842,1.5800000429153442,7500,0.0,0.0
2025-12-26 00:00:00-05:00,1.6100000143051147,1.6299999952316284,1.5449999570846558,1.5700000524520874,36300,0.0,0.0
2025-12-29 00:00:00-05:00,1.559999942779541,1.5850000381469727,1.5110000371932983,1.5800000429153442,31600,0.0,0.0
2025-12-30 00:00:00-05:00,1.6399999856948853,1.7000000476837158,1.5199999809265137,1.5490000247955322,21300,0.0,0.0
2025-12-31 00:00:00-05:00,1.5199999809265137,1.5499999523162842,1.3899999856948853,1.3899999856948853,46900,0.0,0.0
2026-01-02 00:00:00-05:00,1.4199999570846558,1.5099999904632568,1.4199999570846558,1.5,11200,0.0,0.0
2026-01-05 00:00:00-05:00,1.5,1.6200000047683716,1.4850000143051147,1.590000033378601,27500,0.0,0.0
2026-01-06 00:00:00-05:00,1.6200000047683716,1.6449999809265137,1.565000057220459,1.590000033378601,21100,0.0,0.0
2026-01-07 00:00:00-05:00,1.590000033378601,1.6299999952316284,1.559999942779541,1.5800000429153442,20300,0.0,0.0
2026-01-08 00:00:00-05:00,1.5800000429153442,1.6299999952316284,1.5399999618530273,1.6299999952316284,14500,0.0,0.0
2026-01-09 00:00:00-05:00,1.6299999952316284,1.75,1.6299999952316284,1.7300000190734863,14100,0.0,0.0
2026-01-12 00:00:00-05:00,1.7100000381469727,1.75,1.6749999523162842,1.7100000381469727,44800,0.0,0.0
2026-01-13 00:00:00-05:00,1.7300000190734863,1.7999999523162842,1.722000002861023,1.7699999809265137,26700,0.0,0.0
2026-01-14 00:00:00-05:00,1.7599999904632568,1.7899999618530273,1.6799999475479126,1.7599999904632568,10400,0.0,0.0
2026-01-15 00:00:00-05:00,1.7899999618530273,1.8200000524520874,1.690000057220459,1.7599999904632568,30200,0.0,0.0
2026-01-16 00:00:00-05:00,1.7580000162124634,1.7799999713897705,1.7000000476837158,1.7000000476837158,14200,0.0,0.0
2026-01-20 00:00:00-05:00,1.6799999475479126,1.7100000381469727,1.649999976158142,1.659999966621399,9400,0.0,0.0
2026-01-21 00:00:00-05:00,1.6299999952316284,1.649999976158142,1.5800000429153442,1.6100000143051147,26000,0.0,0.0
2026-01-22 00:00:00-05:00,1.649999976158142,1.7799999713897705,1.6200000047683716,1.7799999713897705,18900,0.0,0.0
2026-01-23 00:00:00-05:00,1.7799999713897705,1.7799999713897705,1.6200000047683716,1.690000057220459,11700,0.0,0.0
2026-01-26 00:00:00-05:00,1.6699999570846558,1.7000000476837158,1.6100000143051147,1.6399999856948853,14100,0.0,0.0
2026-01-27 00:00:00-05:00,1.690000057220459,1.7799999713897705,1.600000023841858,1.649999976158142,11100,0.0,0.0
2026-01-28 00:00:00-05:00,1.6399999856948853,1.7999999523162842,1.600000023841858,1.6799999475479126,41600,0.0,0.0
2026-01-29 00:00:00-05:00,1.5700000524520874,1.6799999475479126,1.5700000524520874,1.649999976158142,7800,0.0,0.0
2026-01-30 00:00:00-05:00,1.6100000143051147,1.6399999856948853,1.4800000190734863,1.5299999713897705,22900,0.0,0.0
2026-02-02 00:00:00-05:00,1.5299999713897705,1.5499999523162842,1.350000023841858,1.4600000381469727,25100,0.0,0.0
2026-02-03 00:00:00-05:00,1.4600000381469727,1.4600000381469727,1.2649999856948853,1.3700000047683716,31400,0.0,0.0
2026-02-04 00:00:00-05:00,1.399999976158142,1.399999976158142,1.2899999618530273,1.309999942779541,15200,0.0,0.0
2026-02-05 00:00:00-05:00,1.309999942779541,1.309999942779541,1.2400000095367432,1.25,23200,0.0,0.0
2026-02-06 00:00:00-05:00,1.2999999523162842,1.440000057220459,1.25,1.309999942779541,22000,0.0,0.0
2026-02-09 00:00:00-05:00,1.2599999904632568,1.3300000429153442,1.2000000476837158,1.2899999618530273,26400,0.0,0.0
2026-02-10 00:00:00-05:00,1.2999999523162842,1.4299999475479126,1.2999999523162842,1.4299999475479126,16800,0.0,0.0
2026-02-11 00:00:00-05:00,1.4600000381469727,1.5679999589920044,1.2599999904632568,1.309999942779541,22300,0.0,0.0
2026-02-12 00:00:00-05:00,1.284999966621399,1.3300000429153442,1.25600004196167,1.2599999904632568,18100,0.0,0.0
2026-02-13 00:00:00-05:00,1.3580000400543213,1.3869999647140503,1.2599999904632568,1.2999999523162842,6500,0.0,0.0
2026-02-17 00:00:00-05:00,1.350000023841858,1.350000023841858,1.25,1.2999999523162842,46200,0.0,0.0
2026-02-18 00:00:00-05:00,1.3179999589920044,1.350000023841858,1.2599999904632568,1.2699999809265137,9600,0.0,0.0
2026-02-19 00:00:00-05:00,1.3200000524520874,1.3279999494552612,1.1710000038146973,1.2699999809265137,23100,0.0,0.0
2026-02-20 00:00:00-05:00,1.2450000047683716,1.3600000143051147,1.2100000381469727,1.2999999523162842,12000,0.0,0.0
2026-02-23 00:00:00-05:00,1.2599999904632568,1.2599999904632568,1.149999976158142,1.2000000476837158,16400,0.0,0.0
2026-02-24 00:00:00-05:00,1.1799999475479126,1.2450000047683716,1.1799999475479126,1.2300000190734863,3500,0.0,0.0
2026-02-25 00:00:00-05:00,1.2400000095367432,1.2999999523162842,1.2100000381469727,1.2999999523162842,10000,0.0,0.0
2026-02-26 00:00:00-05:00,1.2599999904632568,1.274999976158142,1.2200000286102295,1.274999976158142,4500,0.0,0.0
2026-02-27 00:00:00-05:00,1.2899999618530273,1.2899999618530273,1.2599999904632568,1.2649999856948853,5300,0.0,0.0
2026-03-02 00:00:00-05:00,1.2699999809265137,1.2799999713897705,1.159999966621399,1.2400000095367432,9800,0.0,0.0
2026-03-03 00:00:00-05:00,1.2400000095367432,1.2799999713897705,1.2100000381469727,1.2699999809265137,7400,0.0,0.0
2026-03-04 00:00:00-05:00,1.3600000143051147,1.4900000095367432,1.2999999523162842,1.4800000190734863,40100,0.0,0.0
2026-03-05 00:00:00-05:00,1.4299999475479126,1.590000033378601,1.3300000429153442,1.590000033378601,66400,0.0,0.0
2026-03-06 00:00:00-05:00,1.6200000047683716,1.6200000047683716,1.2339999675750732,1.2400000095367432,37000,0.0,0.0
2026-03-09 00:00:00-04:00,1.4299999475479126,1.5,1.309999942779541,1.3700000047683716,74500,0.0,0.0
2026-03-10 00:00:00-04:00,1.5,2.0799999237060547,1.2899999618530273,1.340000033378601,810500,0.0,0.0
2026-03-11 00:00:00-04:00,1.4500000476837158,1.940000057220459,1.2899999618530273,1.340000033378601,967300,0.0,0.0
2026-03-12 00:00:00-04:00,1.4700000286102295,1.590000033378601,1.3200000524520874,1.4600000381469727,291300,0.0,0.0
2026-03-13 00:00:00-04:00,1.5199999809265137,1.600000023841858,1.4199999570846558,1.4600000381469727,253400,0.0,0.0
2026-03-16 00:00:00-04:00,1.5199999809265137,1.6799999475479126,1.3200000524520874,1.409999966621399,267700,0.0,0.0
2026-03-17 00:00:00-04:00,1.4299999475479126,1.4769999980926514,1.350000023841858,1.3899999856948853,95800,0.0,0.0
2026-03-18 00:00:00-04:00,1.3799999952316284,1.4329999685287476,1.2400000095367432,1.2599999904632568,91900,0.0,0.0
2026-03-19 00:00:00-04:00,1.2699999809265137,1.309999942779541,1.2000000476837158,1.2000000476837158,87600,0.0,0.0
2026-03-20 00:00:00-04:00,1.2000000476837158,1.2089999914169312,0.8999999761581421,0.8999999761581421,465600,0.0,0.0
2026-03-23 00:00:00-04:00,0.9399999976158142,1.2699999809265137,0.9179999828338623,1.2100000381469727,902000,0.0,0.0
2026-03-24 00:00:00-04:00,1.190000057220459,1.2000000476837158,1.0499999523162842,1.100000023841858,172000,0.0,0.0
2026-03-25 00:00:00-04:00,1.1200000047683716,1.1649999618530273,1.0199999809265137,1.0449999570846558,61300,0.0,0.0
2026-03-26 00:00:00-04:00,1.0399999618530273,1.100000023841858,0.9919999837875366,1.0199999809265137,60700,0.0,0.0
2026-03-27 00:00:00-04:00,1.0,1.0670000314712524,0.949999988079071,0.9850000143051147,94100,0.0,0.0
2026-03-30 00:00:00-04:00,0.9800000190734863,1.0499999523162842,0.8999999761581421,0.949999988079071,107700,0.0,0.0
2026-03-31 00:00:00-04:00,1.0,1.0199999809265137,0.9200000166893005,0.9900000095367432,33200,0.0,0.0
2026-04-01 00:00:00-04:00,1.0199999809265137,1.0399999618530273,0.949999988079071,1.0099999904632568,46100,0.0,0.0
2026-04-02 00:00:00-04:00,0.996999979019165,1.0299999713897705,0.949999988079071,0.9589999914169312,30600,0.0,0.0
2026-04-06 00:00:00-04:00,1.0099999904632568,1.0399999618530273,0.9100000262260437,0.9100000262260437,82700,0.0,0.0
2026-04-07 00:00:00-04:00,0.9399999976158142,1.065000057220459,0.9259999990463257,1.0499999523162842,154100,0.0,0.0
2026-04-08 00:00:00-04:00,1.0700000524520874,1.149999976158142,1.0199999809265137,1.0399999618530273,92100,0.0,0.0
2026-04-09 00:00:00-04:00,1.0299999713897705,1.059999942779541,1.0099999904632568,1.0399999618530273,19000,0.0,0.0
2026-04-10 00:00:00-04:00,1.0800000429153442,1.1200000047683716,1.0099999904632568,1.0099999904632568,22500,0.0,0.0
2026-04-13 00:00:00-04:00,0.9900000095367432,1.1200000047683716,0.9900000095367432,1.0800000429153442,50800,0.0,0.0
2026-04-14 00:00:00-04:00,1.090000033378601,1.149999976158142,1.0,1.0499999523162842,69900,0.0,0.0
2026-04-15 00:00:00-04:00,1.1399999856948853,1.2000000476837158,1.0700000524520874,1.149999976158142,69700,0.0,0.0
2026-04-16 00:00:00-04:00,1.2000000476837158,1.2000000476837158,1.0299999713897705,1.100000023841858,138500,0.0,0.0
2026-04-17 00:00:00-04:00,1.100000023841858,1.2000000476837158,1.100000023841858,1.1299999952316284,52000,0.0,0.0
2026-04-20 00:00:00-04:00,1.100000023841858,1.1799999475479126,1.090000033378601,1.1299999952316284,25000,0.0,0.0
2026-04-21 00:00:00-04:00,1.1699999570846558,1.3600000143051147,1.149999976158142,1.2100000381469727,110600,0.0,0.0
2026-04-22 00:00:00-04:00,1.2699999809265137,1.350000023841858,1.2200000286102295,1.2999999523162842,58000,0.0,0.0
2026-04-23 00:00:00-04:00,1.2699999809265137,1.309999942779541,1.190000057220459,1.2300000190734863,36100,0.0,0.0
2026-04-24 00:00:00-04:00,1.2300000190734863,1.2400000095367432,1.1299999952316284,1.1799999475479126,29400,0.0,0.0
2026-04-27 00:00:00-04:00,1.149999976158142,1.2200000286102295,1.0800000429153442,1.090000033378601,62200,0.0,0.0
2026-04-28 00:00:00-04:00,1.0700000524520874,1.2100000381469727,1.0700000524520874,1.1100000143051147,33100,0.0,0.0
2026-04-29 00:00:00-04:00,1.090000033378601,1.1540000438690186,1.0609999895095825,1.090000033378601,34000,0.0,0.0
2026-04-30 00:00:00-04:00,1.1399999856948853,1.2000000476837158,1.125,1.190000057220459,17400,0.0,0.0
2026-05-01 00:00:00-04:00,1.149999976158142,1.2350000143051147,1.149999976158142,1.190000057220459,24800,0.0,0.0
2026-05-04 00:00:00-04:00,1.1799999475479126,1.2400000095367432,1.149999976158142,1.159999966621399,11900,0.0,0.0
2026-05-05 00:00:00-04:00,1.1799999475479126,1.218999981880188,1.149999976158142,1.149999976158142,34300,0.0,0.0
2026-05-06 00:00:00-04:00,1.1399999856948853,1.159999966621399,1.1100000143051147,1.1100000143051147,33700,0.0,0.0
2026-05-07 00:00:00-04:00,1.1200000047683716,1.149999976158142,1.1100000143051147,1.1100000143051147,10500,0.0,0.0
2026-05-08 00:00:00-04:00,1.1299999952316284,1.1699999570846558,1.1299999952316284,1.1399999856948853,27100,0.0,0.0
2026-05-11 00:00:00-04:00,1.100000023841858,1.159999966621399,1.100000023841858,1.100000023841858,17700,0.0,0.0
2026-05-12 00:00:00-04:00,1.100000023841858,1.1449999809265137,1.100000023841858,1.1299999952316284,18200,0.0,0.0
2026-05-13 00:00:00-04:00,1.1399999856948853,1.1549999713897705,1.100000023841858,1.100000023841858,17500,0.0,0.0
2026-05-14 00:00:00-04:00,1.149999976158142,1.149999976158142,1.100000023841858,1.1100000143051147,17400,0.0,0.0
2026-05-15 00:00:00-04:00,1.100000023841858,1.1490000486373901,1.100000023841858,1.100000023841858,20900,0.0,0.0
2026-05-18 00:00:00-04:00,1.100000023841858,1.149999976158142,1.100000023841858,1.1100000143051147,28400,0.0,0.0
2026-05-19 00:00:00-04:00,1.100000023841858,1.1299999952316284,1.090000033378601,1.100000023841858,13800,0.0,0.0
2026-05-20 00:00:00-04:00,1.100000023841858,1.1380000114440918,1.0700000524520874,1.0800000429153442,16400,0.0,0.0
2026-05-21 00:00:00-04:00,1.059999942779541,1.149999976158142,1.059999942779541,1.090000033378601,24200,0.0,0.0
2026-05-22 00:00:00-04:00,1.0800000429153442,1.090000033378601,1.059999942779541,1.0700000524520874,41400,0.0,0.0
2026-05-26 00:00:00-04:00,1.0700000524520874,1.100000023841858,1.065000057220459,1.0800000429153442,22600,0.0,0.0
2026-05-27 00:00:00-04:00,1.0700000524520874,1.1299999952316284,1.0700000524520874,1.0800000429153442,33900,0.0,0.0
2026-05-28 00:00:00-04:00,1.0700000524520874,1.1299999952316284,1.0700000524520874,1.0700000524520874,14800,0.0,0.0
2026-05-29 00:00:00-04:00,1.0700000524520874,1.1269999742507935,1.0700000524520874,1.0700000524520874,11700,0.0,0.0
2026-06-01 00:00:00-04:00,1.0700000524520874,1.0709999799728394,1.0499999523162842,1.0499999523162842,26300,0.0,0.0
2026-06-02 00:00:00-04:00,1.0700000524520874,1.0700000524520874,1.0499999523162842,1.0499999523162842,24800,0.0,0.0
2026-06-03 00:00:00-04:00,1.0800000429153442,1.0800000429153442,1.059999942779541,1.059999942779541,9400,0.0,0.0
2026-06-04 00:00:00-04:00,1.0499999523162842,1.0770000219345093,1.0499999523162842,1.0700000524520874,12200,0.0,0.0
2026-06-05 00:00:00-04:00,1.0499999523162842,1.0720000267028809,1.0099999904632568,1.0099999904632568,32200,0.0,0.0
2026-06-08 00:00:00-04:00,1.0,1.0099999904632568,0.9900000095367432,0.9900000095367432,35500,0.0,0.0
2026-06-09 00:00:00-04:00,0.9599999785423279,1.065999984741211,0.9599999785423279,0.9599999785423279,35200,0.0,0.0
2026-06-10 00:00:00-04:00,0.9599999785423279,1.0399999618530273,0.9599999785423279,0.9900000095367432,66900,0.0,0.0
2026-06-11 00:00:00-04:00,0.9670000076293945,1.0299999713897705,0.949999988079071,0.9850000143051147,33700,0.0,0.0
2026-06-12 00:00:00-04:00,0.9900000095367432,0.9919999837875366,0.9120000004768372,0.9599999785423279,13000,0.0,0.0
2026-06-15 00:00:00-04:00,0.949999988079071,1.027999997138977,0.949999988079071,1.0,22300,0.0,0.0
2026-06-16 00:00:00-04:00,0.9900000095367432,1.0299999713897705,0.9800000190734863,0.9900000095367432,34500,0.0,0.0
2026-06-17 00:00:00-04:00,0.9800000190734863,1.0199999809265137,0.9800000190734863,0.9900000095367432,21100,0.0,0.0
2026-06-18 00:00:00-04:00,0.9800000190734863,1.0299999713897705,0.9800000190734863,1.0,8700,0.0,0.0
2026-06-22 00:00:00-04:00,1.0,1.1699999570846558,0.9800000190734863,1.090000033378601,155400,0.0,0.0
2026-06-23 00:00:00-04:00,1.1799999475479126,1.190000057220459,1.100000023841858,1.1100000143051147,25200,0.0,0.0
2026-06-24 00:00:00-04:00,1.090000033378601,1.1799999475479126,1.0499999523162842,1.0700000524520874,72600,0.0,0.0
2026-06-25 00:00:00-04:00,1.090000033378601,1.1399999856948853,1.0499999523162842,1.0499999523162842,13700,0.0,0.0
2026-06-26 00:00:00-04:00,1.0099999904632568,1.159999966621399,1.0,1.0499999523162842,38100,0.0,0.0
2026-06-29 00:00:00-04:00,1.0199999809265137,1.0449999570846558,1.0099999904632568,1.0199999809265137,16200,0.0,0.0
2026-06-30 00:00:00-04:00,1.0199999809265137,1.0499999523162842,1.0,1.0,4500,0.0,0.0
2026-07-01 00:00:00-04:00,0.9900000095367432,1.1299999952316284,0.9900000095367432,1.0199999809265137,31800,0.0,0.0
2026-07-02 00:00:00-04:00,1.0099999904632568,1.090000033378601,1.0099999904632568,1.059999942779541,6600,0.0,0.0
2026-07-06 00:00:00-04:00,1.059999942779541,1.1130000352859497,1.0099999904632568,1.0499999523162842,26600,0.0,0.0
2026-07-07 00:00:00-04:00,1.0800000429153442,1.0800000429153442,1.0099999904632568,1.0299999713897705,16100,0.0,0.0
2026-07-08 00:00:00-04:00,1.0,1.0800000429153442,1.0,1.0199999809265137,13700,0.0,0.0
2026-07-09 00:00:00-04:00,1.0199999809265137,1.0800000429153442,1.0199999809265137,1.0399999618530273,6400,0.0,0.0
2026-07-10 00:00:00-04:00,1.0399999618530273,1.0800000429153442,1.0,1.0199999809265137,27400,0.0,0.0
2026-07-13 00:00:00-04:00,1.0,1.0800000429153442,1.0,1.0099999904632568,19100,0.0,0.0
2026-07-14 00:00:00-04:00,1.0099999904632568,1.0549999475479126,1.0099999904632568,1.0199999809265137,11600,0.0,0.0
2026-07-15 00:00:00-04:00,1.0,1.0800000429153442,1.0,1.0299999713897705,10100,0.0,0.0
2026-07-16 00:00:00-04:00,1.0,1.0299999713897705,0.9800000190734863,1.0099999904632568,13200,0.0,0.0
2026-07-17 00:00:00-04:00,0.9599999785423279,1.003000020980835,0.9599999785423279,1.0,17800,0.0,0.0
2026-07-20 00:00:00-04:00,0.9300000071525574,0.9649999737739563,0.9300000071525574,0.9350000023841858,33600,0.0,0.0
2026-07-21 00:00:00-04:00,0.9300000071525574,1.090000033378601,0.9300000071525574,1.0149999856948853,86300,0.0,0.0
2026-07-22 00:00:00-04:00,1.0099999904632568,1.0700000524520874,1.0099999904632568,1.059999942779541,54600,0.0,0.0
2026-07-23 00:00:00-04:00,1.0399999618530273,1.0499999523162842,1.0,1.0199999809265137,13000,0.0,0.0
2026-07-24 00:00:00-04:00,1.0,1.0199999809265137,1.0,1.0,4900,0.0,0.0
2026-07-27 00:00:00-04:00,1.0399999618530273,1.0499999523162842,0.9300000071525574,0.9909999966621399,13100,0.0,0.0
2026-07-28 00:00:00-04:00,1.0199999809265137,1.0399999618530273,0.9700000286102295,0.9789999723434448,10300,0.0,0.0
2026-07-29 00:00:00-04:00,0.9300000071525574,1.0099999904632568,0.9300000071525574,0.9440000057220459,28300,0.0,0.0
2026-07-30 00:00:00-04:00,0.9300000071525574,1.0099999904632568,0.9300000071525574,0.9539999961853027,18700,0.0,0.0
2026-07-31 00:00:00-04:00,0.8999999761581421,0.9520000219345093,0.8999999761581421,0.9160000085830688,10500,0.0,0.0
2026-08-03 00:00:00-04:00,0.9110000133514404,0.9169999957084656,0.8399999737739563,0.8429999947547913,52800,0.0,0.0
2026-08-04 00:00:00-04:00,0.9900000095367432,0.9900000095367432,0.8299999833106995,0.8949999809265137,51000,0.0,0.0
2026-08-05 00:00:00-04:00,0.8690000176429749,0.9300000071525574,0.7839999794960022,0.7839999794960022,49200,0.0,0.0
2026-08-06 00:00:00-04:00,0.8550000190734863,0.871999979019165,0.800000011920929,0.800000011920929,67800,0.0,0.0
2026-08-07 00:00:00-04:00,0.8100000023841858,0.8370000123977661,0.75,0.8050000071525574,28300,0.0,0.0
2026-08-10 00:00:00-04:00,0.800000011920929,0.8370000123977661,0.7799999713897705,0.7900000214576721,14000,0.0,0.0
2026-08-11 00:00:00-04:00,0.75,0.800000011920929,0.75,0.7599999904632568,14600,0.0,0.0
2026-08-12 00:00:00-04:00,0.8299999833106995,0.9399999976158142,0.8029999732971191,0.8840000033378601,176300,0.0,0.0
2026-08-13 00:00:00-04:00,0.8899999856948853,1.0800000429153442,0.8230000138282776,0.9169999957084656,1244500,0.0,0.0
2026-08-14 00:00:00-04:00,0.9509999752044678,0.9509999752044678,0.871999979019165,0.8740000128746033,63300,0.0,0.0
2026-08-17 00:00:00-04:00,0.8740000128746033,0.9070000052452087,0.8399999737739563,0.8650000095367432,48300,0.0,0.0
2026-08-18 00:00:00-04:00,0.8650000095367432,0.890999972820282,0.8349999785423279,0.8650000095367432,50700,0.0,0.0
2026-08-19 00:00:00-04:00,0.8199999928474426,0.9449999928474426,0.8199999928474426,0.921999990940094,48400,0.0,0.0
2026-08-20 00:00:00-04:00,0.8999999761581421,1.0,0.8500000238418579,0.9649999737739563,114300,0.0,0.0
2026-08-21 00:00:00-04:00,0.9750000238418579,1.0499999523162842,0.9300000071525574,0.9869999885559082,100900,0.0,0.0
2026-08-24 00:00:00-04:00,1.0,1.0499999523162842,0.9200000166893005,0.9200000166893005,75400,0.0,0.0
2026-08-25 00:00:00-04:00,0.9399999976158142,1.0199999809265137,0.9290000200271606,0.9620000123977661,176400,0.0,0.0
2026-08-26 00:00:00-04:00,0.9599999785423279,0.9599999785423279,0.8999999761581421,0.9210000038146973,99000,0.0,0.0
2026-08-27 00:00:00-04:00,0.902999997138977,0.9399999976158142,0.8939999938011169,0.9259999990463257,58600,0.0,0.0
2026-08-28 00:00:00-04:00,0.8999999761581421,0.9300000071525574,0.8500000238418579,0.9100000262260437,85900,0.0,0.0
2026-08-31 00:00:00-04:00,0.9240000247955322,0.9240000247955322,0.8399999737739563,0.8479999899864197,91200,0.0,0.0
2026-09-01 00:00:00-04:00,0.8349999785423279,0.8349999785423279,0.800000011920929,0.8019999861717224,163800,0.0,0.0
2026-09-02 00:00:00-04:00,0.8399999737739563,0.8500000238418579,0.7260000109672546,0.7429999709129333,225900,0.0,0.0
2026-09-03 00:00:00-04:00,0.75,0.7979999780654907,0.7250000238418579,0.777999997138977,175300,0.0,0.0
2026-09-04 00:00:00-04:00,0.7609999775886536,0.800000011920929,0.7609999775886536,0.7879999876022339,44200,0.0,0.0
