Date,Open,High,Low,Close,Volume,Dividends,Stock Splits
2012-06-21 00:00:00+08:00,9.412454605102539,9.412454605102539,9.412454605102539,9.412454605102539,0,0.0,0.0
2012-06-22 00:00:00+08:00,9.412454605102539,9.412454605102539,9.412454605102539,9.412454605102539,0,0.0,0.0
2012-06-25 00:00:00+08:00,9.412454605102539,9.412454605102539,9.412454605102539,9.412454605102539,0,0.0,0.0
2012-06-26 00:00:00+08:00,9.457189559936523,9.457189559936523,9.457189559936523,9.457189559936523,0,0.0,0.0
2012-06-27 00:00:00+08:00,9.394559860229492,9.394559860229492,9.349823677583641,9.394559860229492,0,0.0,0.0
2012-06-28 00:00:00+08:00,9.394559860229492,9.394559860229492,9.394559860229492,9.394559860229492,0,0.0,0.0
2012-06-29 00:00:00+08:00,9.394559860229492,9.394559860229492,9.394559860229492,9.394559860229492,0,0.0,0.0
2012-07-02 00:00:00+08:00,9.394559860229492,9.394559860229492,9.394559860229492,9.394559860229492,0,0.0,0.0
2012-07-03 00:00:00+08:00,9.394559860229492,9.394559860229492,9.394559860229492,9.394559860229492,0,0.0,0.0
2012-07-04 00:00:00+08:00,9.484030723571777,9.484030723571777,9.394559120140263,9.484030723571777,0,0.0,0.0
2012-07-05 00:00:00+08:00,9.484030723571777,9.484030723571777,9.484030723571777,9.484030723571777,0,0.0,0.0
2012-07-06 00:00:00+08:00,9.484030723571777,9.484030723571777,9.484030723571777,9.484030723571777,0,0.0,0.0
2012-07-09 00:00:00+08:00,9.484030723571777,9.484030723571777,9.484030723571777,9.484030723571777,0,0.0,0.0
2012-07-10 00:00:00+08:00,9.662976264953613,9.662976264953613,9.662976264953613,9.662976264953613,0,0.0,0.0
2012-07-11 00:00:00+08:00,9.215616226196289,9.394560208603641,9.215616226196289,9.215616226196289,0,0.0,0.0
2012-07-12 00:00:00+08:00,9.484030723571777,9.484030723571777,9.394559120140263,9.484030723571777,0,0.0,0.0
2012-07-13 00:00:00+08:00,9.484030723571777,9.484030723571777,9.484030723571777,9.484030723571777,0,0.0,0.0
2012-07-16 00:00:00+08:00,9.484030723571777,9.484030723571777,9.484030723571777,9.484030723571777,0,0.0,0.0
2012-07-17 00:00:00+08:00,9.394559860229492,9.394559860229492,9.394559860229492,9.394559860229492,0,0.0,0.0
2012-07-18 00:00:00+08:00,9.394559860229492,9.394559860229492,9.394559860229492,9.394559860229492,0,0.0,0.0
2012-07-19 00:00:00+08:00,9.394559860229492,9.439296042875343,9.394559860229492,9.394559860229492,0,0.0,0.0
2012-07-20 00:00:00+08:00,9.394559860229492,9.394559860229492,9.394559860229492,9.394559860229492,0,0.0,0.0
2012-07-23 00:00:00+08:00,9.394559860229492,9.394559860229492,9.394559860229492,9.394559860229492,0,0.0,0.0
2012-07-24 00:00:00+08:00,9.57697868347168,9.57697868347168,9.57697868347168,9.57697868347168,0,0.226089,0.0
2012-07-25 00:00:00+08:00,9.57697868347168,9.57697868347168,9.57697868347168,9.57697868347168,0,0.0,0.0
2012-07-26 00:00:00+08:00,9.57697868347168,9.57697868347168,9.57697868347168,9.57697868347168,0,0.0,0.0
2012-07-27 00:00:00+08:00,9.57697868347168,9.57697868347168,9.57697868347168,9.57697868347168,0,0.0,0.0
2012-07-30 00:00:00+08:00,9.595221519470215,9.595221519470215,9.595221519470215,9.595221519470215,0,0.0,0.0
2012-07-31 00:00:00+08:00,9.595221519470215,9.595221519470215,9.595221519470215,9.595221519470215,0,0.0,0.0
2012-08-01 00:00:00+08:00,9.275988578796387,9.485770272014921,9.275988578796387,9.275988578796387,0,0.0,0.0
2012-08-02 00:00:00+08:00,9.275988578796387,9.275988578796387,9.275988578796387,9.275988578796387,0,0.0,0.0
2012-08-03 00:00:00+08:00,9.275988578796387,9.275988578796387,9.275988578796387,9.275988578796387,0,0.0,0.0
2012-08-06 00:00:00+08:00,9.275988578796387,9.275988578796387,9.275988578796387,9.275988578796387,0,0.0,0.0
2012-08-07 00:00:00+08:00,9.275988578796387,9.275988578796387,9.275988578796387,9.275988578796387,0,0.0,0.0
2012-08-08 00:00:00+08:00,9.275988578796387,9.275988578796387,9.275988578796387,9.275988578796387,0,0.0,0.0
2012-08-09 00:00:00+08:00,9.275988578796387,9.275988578796387,9.275988578796387,9.275988578796387,0,0.0,0.0
2012-08-10 00:00:00+08:00,9.394560813903809,9.394560813903809,9.30335111208515,9.394560813903809,0,0.0,0.0
2012-08-13 00:00:00+08:00,9.394560813903809,9.394560813903809,9.394560813903809,9.394560813903809,0,0.0,0.0
2012-08-14 00:00:00+08:00,9.394560813903809,9.394560813903809,9.394560813903809,9.394560813903809,0,0.0,0.0
2012-08-15 00:00:00+08:00,9.394560813903809,9.394560813903809,9.394560813903809,9.394560813903809,0,0.0,0.0
2012-08-16 00:00:00+08:00,9.120931625366211,9.120931625366211,9.120931625366211,9.120931625366211,0,0.0,0.0
2012-08-17 00:00:00+08:00,9.120931625366211,9.120931625366211,9.120931625366211,9.120931625366211,0,0.0,0.0
2012-08-20 00:00:00+08:00,9.120931625366211,9.120931625366211,9.120931625366211,9.120931625366211,0,0.0,0.0
2012-08-21 00:00:00+08:00,9.120931625366211,9.120931625366211,9.120931625366211,9.120931625366211,0,0.0,0.0
2012-08-22 00:00:00+08:00,9.120931625366211,9.120931625366211,9.120931625366211,9.120931625366211,0,0.0,0.0
2012-08-23 00:00:00+08:00,9.120931625366211,9.120931625366211,9.120931625366211,9.120931625366211,0,0.0,0.0
2012-08-24 00:00:00+08:00,9.120931625366211,9.257746165305898,9.120931625366211,9.120931625366211,0,0.0,0.0
2012-08-27 00:00:00+08:00,9.22126293182373,9.22126293182373,9.212142423081955,9.22126293182373,0,0.0,0.0
2012-08-28 00:00:00+08:00,9.23038387298584,9.30335101812917,9.23038387298584,9.23038387298584,0,0.0,0.0
2012-08-29 00:00:00+08:00,9.239505767822266,9.239505767822266,9.239505767822266,9.239505767822266,0,0.0,0.0
2012-08-30 00:00:00+08:00,9.266866683959961,9.266866683959961,9.266866683959961,9.266866683959961,0,0.0,0.0
2012-08-31 00:00:00+08:00,9.266866683959961,9.266866683959961,9.266866683959961,9.266866683959961,0,0.0,0.0
2012-09-03 00:00:00+08:00,9.16653823852539,9.16653823852539,9.16653823852539,9.16653823852539,0,0.0,0.0
2012-09-04 00:00:00+08:00,9.16653823852539,9.16653823852539,9.16653823852539,9.16653823852539,0,0.0,0.0
2012-09-05 00:00:00+08:00,9.16653823852539,9.16653823852539,9.16653823852539,9.16653823852539,0,0.0,0.0
2012-09-06 00:00:00+08:00,9.16653823852539,9.16653823852539,9.16653823852539,9.16653823852539,0,0.0,0.0
2012-09-07 00:00:00+08:00,9.120931625366211,9.120931625366211,9.120931625366211,9.120931625366211,0,0.0,0.0
2012-09-10 00:00:00+08:00,9.120931625366211,9.120931625366211,9.120931625366211,9.120931625366211,0,0.0,0.0
2012-09-11 00:00:00+08:00,9.075328826904297,9.120933683843287,9.075328826904297,9.075328826904297,0,0.0,0.0
2012-09-12 00:00:00+08:00,9.075328826904297,9.075328826904297,9.075328826904297,9.075328826904297,0,0.0,0.0
2012-09-13 00:00:00+08:00,9.075328826904297,9.075328826904297,9.075328826904297,9.075328826904297,0,0.0,0.0
2012-09-14 00:00:00+08:00,9.075328826904297,9.075328826904297,9.075328826904297,9.075328826904297,0,0.0,0.0
2012-09-17 00:00:00+08:00,9.075328826904297,9.075328826904297,9.075328826904297,9.075328826904297,0,0.0,0.0
2012-09-18 00:00:00+08:00,9.075328826904297,9.075328826904297,9.075328826904297,9.075328826904297,0,0.0,0.0
2012-09-19 00:00:00+08:00,9.075328826904297,9.075328826904297,9.075328826904297,9.075328826904297,0,0.0,0.0
2012-09-20 00:00:00+08:00,9.075328826904297,9.075328826904297,9.075328826904297,9.075328826904297,0,0.0,0.0
2012-09-21 00:00:00+08:00,8.93851375579834,8.93851375579834,8.93851375579834,8.93851375579834,0,0.0,0.0
2012-09-24 00:00:00+08:00,8.93851375579834,8.93851375579834,8.93851375579834,8.93851375579834,0,0.0,0.0
2012-09-25 00:00:00+08:00,8.93851375579834,8.93851375579834,8.93851375579834,8.93851375579834,0,0.0,0.0
2012-09-26 00:00:00+08:00,8.93851375579834,8.93851375579834,8.93851375579834,8.93851375579834,0,0.0,0.0
2012-09-27 00:00:00+08:00,8.93851375579834,8.93851375579834,8.93851375579834,8.93851375579834,0,0.0,0.0
2012-09-28 00:00:00+08:00,8.93851375579834,8.93851375579834,8.93851375579834,8.93851375579834,0,0.0,0.0
2012-10-01 00:00:00+08:00,8.664886474609375,8.664886474609375,8.582798048889996,8.664886474609375,0,0.0,0.0
2012-10-02 00:00:00+08:00,8.391258239746094,8.391258239746094,8.391258239746094,8.391258239746094,0,0.0,0.0
2012-10-03 00:00:00+08:00,8.436861038208008,8.436861038208008,8.436861038208008,8.436861038208008,0,0.0,0.0
2012-10-04 00:00:00+08:00,8.40038013458252,9.029724529517262,8.300049913330225,8.40038013458252,0,0.0,0.0
2012-10-05 00:00:00+08:00,8.436861038208008,8.436861038208008,8.436861038208008,8.436861038208008,0,0.0,0.0
2012-10-08 00:00:00+08:00,8.482467651367188,8.482467651367188,8.482467651367188,8.482467651367188,0,0.0,0.0
2012-10-09 00:00:00+08:00,8.436861038208008,8.436861038208008,8.436861038208008,8.436861038208008,0,0.0,0.0
2012-10-11 00:00:00+08:00,8.436861038208008,8.436861038208008,8.436861038208008,8.436861038208008,0,0.0,0.0
2012-10-12 00:00:00+08:00,8.300049781799316,8.300049781799316,8.208840071487113,8.300049781799316,0,0.0,0.0
2012-10-15 00:00:00+08:00,8.300049781799316,8.300049781799316,8.208840071487113,8.300049781799316,0,0.0,0.0
2012-10-16 00:00:00+08:00,8.208840370178223,8.208840370178223,8.208840370178223,8.208840370178223,0,0.0,0.0
2012-10-17 00:00:00+08:00,8.436861038208008,8.436861038208008,8.436861038208008,8.436861038208008,0,0.0,0.0
2012-10-18 00:00:00+08:00,8.436861038208008,8.436861038208008,8.436861038208008,8.436861038208008,0,0.0,0.0
2012-10-19 00:00:00+08:00,8.436861038208008,8.436861038208008,8.436861038208008,8.436861038208008,0,0.0,0.0
2012-10-22 00:00:00+08:00,8.436861038208008,8.436861038208008,8.436861038208008,8.436861038208008,0,0.0,0.0
2012-10-23 00:00:00+08:00,8.436861038208008,8.436861038208008,8.436861038208008,8.436861038208008,0,0.0,0.0
2012-10-24 00:00:00+08:00,8.436861038208008,8.436861038208008,8.436861038208008,8.436861038208008,0,0.0,0.0
2012-10-25 00:00:00+08:00,8.436861038208008,8.436861038208008,8.436861038208008,8.436861038208008,0,0.0,0.0
2012-10-26 00:00:00+08:00,8.208840370178223,8.208840370178223,8.117630656547217,8.208840370178223,0,0.0,0.0
2012-10-29 00:00:00+08:00,8.436861038208008,8.436861038208008,8.436861038208008,8.436861038208008,0,0.0,0.0
2012-10-30 00:00:00+08:00,8.436861038208008,8.436861038208008,8.436861038208008,8.436861038208008,0,0.0,0.0
2012-10-31 00:00:00+08:00,8.436861038208008,8.436861038208008,8.436861038208008,8.436861038208008,0,0.0,0.0
2012-11-01 00:00:00+08:00,8.117630004882812,8.208839711191716,8.117630004882812,8.117630004882812,0,0.0,0.0
2012-11-02 00:00:00+08:00,8.436861038208008,8.436861038208008,8.436861038208008,8.436861038208008,0,0.0,0.0
2012-11-05 00:00:00+08:00,8.436861038208008,8.436861038208008,8.436861038208008,8.436861038208008,0,0.0,0.0
2012-11-06 00:00:00+08:00,7.889606952667235,7.889606952667235,7.889606952667235,7.889606952667236,0,0.0,0.0
2012-11-07 00:00:00+08:00,8.436861038208008,8.436861038208008,8.436861038208008,8.436861038208008,0,0.0,0.0
2012-11-08 00:00:00+08:00,8.436861038208008,8.436861038208008,8.436861038208008,8.436861038208008,0,0.0,0.0
2012-11-09 00:00:00+08:00,8.436861038208008,8.436861038208008,8.436861038208008,8.436861038208008,0,0.0,0.0
2012-11-12 00:00:00+08:00,8.436861038208008,8.436861038208008,8.436861038208008,8.436861038208008,0,0.0,0.0
2012-11-13 00:00:00+08:00,8.436861038208008,8.436861038208008,8.436861038208008,8.436861038208008,0,0.0,0.0
2012-11-14 00:00:00+08:00,8.436861038208008,8.436861038208008,8.436861038208008,8.436861038208008,0,0.0,0.0
2012-11-15 00:00:00+08:00,8.436861038208008,8.436861038208008,8.436861038208008,8.436861038208008,0,0.0,0.0
2012-11-16 00:00:00+08:00,8.436861038208008,8.436861038208008,8.436861038208008,8.436861038208008,0,0.0,0.0
2012-11-19 00:00:00+08:00,8.436861038208008,8.436861038208008,8.436861038208008,8.436861038208008,0,0.0,0.0
2012-11-20 00:00:00+08:00,8.436861038208008,8.436861038208008,8.436861038208008,8.436861038208008,0,0.0,0.0
2012-11-21 00:00:00+08:00,8.436861038208008,8.436861038208008,8.436861038208008,8.436861038208008,0,0.0,0.0
2012-11-22 00:00:00+08:00,8.245323181152344,8.245323181152344,7.798397472642083,8.245323181152344,0,0.0,0.0
2012-11-23 00:00:00+08:00,8.436861038208008,8.436861038208008,8.436861038208008,8.436861038208008,0,0.0,0.0
2012-11-26 00:00:00+08:00,8.436861038208008,8.436861038208008,8.436861038208008,8.436861038208008,0,0.0,0.0
2012-11-27 00:00:00+08:00,8.436861038208008,8.436861038208008,8.436861038208008,8.436861038208008,0,0.0,0.0
2012-11-28 00:00:00+08:00,7.570373535156251,7.7801552077977805,7.570373535156251,7.57037353515625,0,0.0,0.0
2012-11-29 00:00:00+08:00,8.026420593261719,8.026420593261719,8.026420593261719,8.026420593261719,0,0.0,0.0
2012-11-30 00:00:00+08:00,8.436861038208008,8.436861038208008,8.436861038208008,8.436861038208008,0,0.0,0.0
2012-12-03 00:00:00+08:00,8.436861038208008,8.436861038208008,8.436861038208008,8.436861038208008,0,0.0,0.0
2012-12-04 00:00:00+08:00,8.436861038208008,8.436861038208008,8.436861038208008,8.436861038208008,0,0.0,0.0
2012-12-05 00:00:00+08:00,8.436861038208008,8.436861038208008,8.436861038208008,8.436861038208008,0,0.0,0.0
2012-12-06 00:00:00+08:00,7.570373535156251,7.570373535156251,7.5247686898918715,7.57037353515625,0,0.0,0.0
2012-12-07 00:00:00+08:00,8.436861038208008,8.436861038208008,8.436861038208008,8.436861038208008,0,0.0,0.0
2012-12-10 00:00:00+08:00,8.436861038208008,8.436861038208008,8.436861038208008,8.436861038208008,0,0.0,0.0
2012-12-11 00:00:00+08:00,8.436861038208008,8.436861038208008,8.436861038208008,8.436861038208008,0,0.0,0.0
2012-12-12 00:00:00+08:00,7.3879547119140625,7.3879547119140625,7.3879547119140625,7.3879547119140625,0,0.0,0.0
2012-12-13 00:00:00+08:00,7.342350006103516,7.342350006103516,7.29674516128758,7.342350006103516,0,0.0,0.0
2012-12-14 00:00:00+08:00,8.436861038208008,8.436861038208008,8.436861038208008,8.436861038208008,0,0.0,0.0
2012-12-17 00:00:00+08:00,7.3879547119140625,7.3879547119140625,7.296745783966992,7.3879547119140625,0,0.0,0.0
2012-12-18 00:00:00+08:00,7.570373535156251,7.570373535156251,7.570373535156251,7.57037353515625,0,0.0,0.0
2012-12-19 00:00:00+08:00,8.436861038208008,8.436861038208008,8.436861038208008,8.436861038208008,0,0.0,0.0
2012-12-20 00:00:00+08:00,8.436861038208008,8.436861038208008,8.436861038208008,8.436861038208008,0,0.0,0.0
2012-12-21 00:00:00+08:00,8.436861038208008,8.436861038208008,8.436861038208008,8.436861038208008,0,0.0,0.0
2012-12-24 00:00:00+08:00,8.436861038208008,8.436861038208008,8.436861038208008,8.436861038208008,0,0.0,0.0
2012-12-25 00:00:00+08:00,7.889606952667235,7.889606952667235,7.5247696814149,7.889606952667236,0,0.0,0.0
2012-12-26 00:00:00+08:00,7.935211181640625,7.935211181640625,7.57037393899979,7.935211181640625,0,0.0,0.0
2012-12-27 00:00:00+08:00,8.208840370178223,8.254445226993726,7.752793340960116,8.208840370178223,0,0.0,0.0
2012-12-28 00:00:00+08:00,8.436861038208008,8.436861038208008,8.436861038208008,8.436861038208008,0,0.0,0.0
2013-01-02 00:00:00+08:00,8.208840370178223,8.208840370178223,8.117630656547217,8.208840370178223,0,0.0,0.0
2013-01-03 00:00:00+08:00,8.436861038208008,8.436861038208008,8.436861038208008,8.436861038208008,0,0.0,0.0
2013-01-04 00:00:00+08:00,8.436861038208008,8.436861038208008,8.436861038208008,8.436861038208008,0,0.0,0.0
2013-01-07 00:00:00+08:00,8.436861038208008,8.436861038208008,8.436861038208008,8.436861038208008,0,0.0,0.0
2013-01-08 00:00:00+08:00,8.436861038208008,8.436861038208008,8.436861038208008,8.436861038208008,0,0.0,0.0
2013-01-09 00:00:00+08:00,8.436861038208008,8.436861038208008,8.436861038208008,8.436861038208008,0,0.0,0.0
2013-01-10 00:00:00+08:00,7.844002723693848,7.8896068046434955,7.844002723693848,7.844002723693848,0,0.0,0.0
2013-01-11 00:00:00+08:00,7.926089763641357,7.935211040806232,7.926089763641357,7.926089763641357,0,0.0,0.0
2013-01-14 00:00:00+08:00,8.436861038208008,8.436861038208008,8.436861038208008,8.436861038208008,0,0.0,0.0
2013-01-15 00:00:00+08:00,8.436861038208008,8.436861038208008,8.436861038208008,8.436861038208008,0,0.0,0.0
2013-01-16 00:00:00+08:00,8.436861038208008,8.436861038208008,8.436861038208008,8.436861038208008,0,0.0,0.0
2013-01-17 00:00:00+08:00,8.436861038208008,8.436861038208008,8.436861038208008,8.436861038208008,0,0.0,0.0
2013-01-18 00:00:00+08:00,8.436861038208008,8.436861038208008,8.436861038208008,8.436861038208008,0,0.0,0.0
2013-01-21 00:00:00+08:00,8.436861038208008,8.436861038208008,8.436861038208008,8.436861038208008,0,0.0,0.0
2013-01-22 00:00:00+08:00,8.436861038208008,8.436861038208008,8.436861038208008,8.436861038208008,0,0.0,0.0
2013-01-23 00:00:00+08:00,8.436861038208008,8.436861038208008,8.436861038208008,8.436861038208008,0,0.0,0.0
2013-01-24 00:00:00+08:00,7.9716949462890625,7.9716949462890625,7.9716949462890625,7.9716949462890625,0,0.0,0.0
2013-01-25 00:00:00+08:00,8.436861038208008,8.436861038208008,8.436861038208008,8.436861038208008,0,0.0,0.0
2013-01-28 00:00:00+08:00,8.436861038208008,8.436861038208008,8.436861038208008,8.436861038208008,0,0.0,0.0
2013-01-29 00:00:00+08:00,7.989935874938965,7.989935874938965,7.980815366958132,7.989935874938965,0,0.0,0.0
2013-01-30 00:00:00+08:00,8.436861038208008,8.436861038208008,8.436861038208008,8.436861038208008,0,0.0,0.0
2013-01-31 00:00:00+08:00,8.436861038208008,8.436861038208008,8.436861038208008,8.436861038208008,0,0.0,0.0
2013-02-01 00:00:00+08:00,8.436861038208008,8.436861038208008,8.436861038208008,8.436861038208008,0,0.0,0.0
2013-02-04 00:00:00+08:00,8.436861038208008,8.436861038208008,8.436861038208008,8.436861038208008,0,0.0,0.0
2013-02-05 00:00:00+08:00,7.98081636428833,8.008179430586916,7.752792863715883,7.98081636428833,0,0.0,0.0
2013-02-06 00:00:00+08:00,8.436861038208008,8.436861038208008,8.436861038208008,8.436861038208008,0,0.0,0.0
2013-02-18 00:00:00+08:00,8.436861038208008,8.436861038208008,8.436861038208008,8.436861038208008,0,0.0,0.0
2013-02-19 00:00:00+08:00,8.436861038208008,8.436861038208008,8.436861038208008,8.436861038208008,0,0.0,0.0
2013-02-20 00:00:00+08:00,7.844002723693848,7.844002723693848,7.844002723693848,7.844002723693848,0,0.0,0.0
2013-02-21 00:00:00+08:00,8.436861038208008,8.436861038208008,8.436861038208008,8.436861038208008,0,0.0,0.0
2013-02-22 00:00:00+08:00,7.935211181640625,7.935211181640625,7.889606333943444,7.935211181640625,0,0.0,0.0
2013-02-25 00:00:00+08:00,7.935211181640625,7.935211181640625,7.935211181640625,7.935211181640625,0,0.0,0.0
2013-02-26 00:00:00+08:00,7.670703411102295,7.670703411102295,7.670703411102295,7.670703411102295,0,0.0,0.0
2013-02-27 00:00:00+08:00,7.7527923583984375,7.7527923583984375,7.7527923583984375,7.7527923583984375,0,0.0,0.0
2013-03-01 00:00:00+08:00,8.436861038208008,8.436861038208008,8.436861038208008,8.436861038208008,0,0.0,0.0
2013-03-04 00:00:00+08:00,8.436861038208008,8.436861038208008,8.436861038208008,8.436861038208008,0,0.0,0.0
2013-03-05 00:00:00+08:00,8.436861038208008,8.436861038208008,8.436861038208008,8.436861038208008,0,0.0,0.0
2013-03-06 00:00:00+08:00,8.436861038208008,8.436861038208008,8.436861038208008,8.436861038208008,0,0.0,0.0
2013-03-07 00:00:00+08:00,8.436861038208008,8.436861038208008,8.436861038208008,8.436861038208008,0,0.0,0.0
2013-03-08 00:00:00+08:00,8.436861038208008,8.436861038208008,8.436861038208008,8.436861038208008,0,0.0,0.0
2013-03-11 00:00:00+08:00,7.707187175750732,7.798396095323297,7.707187175750732,7.707187175750732,0,0.0,0.0
2013-03-12 00:00:00+08:00,7.862244606018066,7.862244606018066,7.862244606018066,7.862244606018066,1,0.0,0.0
2013-03-13 00:00:00+08:00,7.479164123535156,7.543009985924261,7.479164123535156,7.479164123535156,0,0.0,0.0
2013-03-14 00:00:00+08:00,7.570373535156251,7.6159776109523625,7.5247686898918715,7.57037353515625,22203,0.0,0.0
2013-03-15 00:00:00+08:00,7.570373535156251,7.570373535156251,7.570373535156251,7.57037353515625,0,0.0,0.0
2013-03-18 00:00:00+08:00,7.570373535156251,7.570373535156251,7.570373535156251,7.57037353515625,0,0.0,0.0
2013-03-19 00:00:00+08:00,7.570373535156251,7.570373535156251,7.570373535156251,7.57037353515625,0,0.0,0.0
2013-03-20 00:00:00+08:00,7.570373535156251,7.570373535156251,7.570373535156251,7.57037353515625,0,0.0,0.0
2013-03-21 00:00:00+08:00,7.533890724182129,7.533890724182129,7.533890724182129,7.533890724182129,0,0.0,0.0
2013-03-22 00:00:00+08:00,7.707187175750732,7.752791250802887,7.533889074360479,7.707187175750732,53076,0.0,0.0
2013-03-25 00:00:00+08:00,7.707187175750732,7.707187175750732,7.661582331230323,7.707187175750732,13269,0.0,0.0
2013-03-26 00:00:00+08:00,7.743672847747803,7.743672847747803,7.743672847747803,7.743672847747803,4423,0.0,0.0
2013-03-27 00:00:00+08:00,7.7527923583984375,7.7527923583984375,7.7527923583984375,7.7527923583984375,4423,0.0,0.0
2013-03-28 00:00:00+08:00,7.707187175750732,7.707187175750732,7.707187175750732,7.707187175750732,4423,0.0,0.0
2013-03-29 00:00:00+08:00,7.7527923583984375,7.7527923583984375,7.7527923583984375,7.7527923583984375,4423,0.0,0.0
2013-04-01 00:00:00+08:00,7.816638469696045,7.816638469696045,7.77103439119902,7.816638469696045,13269,0.0,0.0
2013-04-02 00:00:00+08:00,7.78015661239624,7.78015661239624,7.78015661239624,7.78015661239624,1769,0.0,0.0
2013-04-03 00:00:00+08:00,7.78015661239624,7.78015661239624,7.78015661239624,7.78015661239624,0,0.0,0.0
2013-04-08 00:00:00+08:00,7.479164123535156,7.524768970500198,7.479164123535156,7.479164123535156,22115,0.0,0.0
2013-04-09 00:00:00+08:00,7.479164123535156,7.479164123535156,7.433559276570113,7.479164123535156,17692,0.0,0.0
2013-04-10 00:00:00+08:00,7.479164123535156,7.479164123535156,7.479164123535156,7.479164123535156,0,0.0,0.0
2013-04-11 00:00:00+08:00,7.570373535156251,7.597735826740264,7.5247686898918715,7.57037353515625,17692,0.0,0.0
2013-04-12 00:00:00+08:00,7.570373535156251,7.570373535156251,7.570373535156251,7.57037353515625,0,0.0,0.0
2013-04-15 00:00:00+08:00,7.415318012237549,7.415318012237549,7.415318012237549,7.415318012237549,4423,0.0,0.0
2013-04-16 00:00:00+08:00,7.515647888183594,7.515647888183594,7.479164317452941,7.515647888183594,22115,0.0,0.0
2013-04-17 00:00:00+08:00,7.5065274238586435,7.5065274238586435,7.5065274238586435,7.506527423858643,884,0.0,0.0
2013-04-18 00:00:00+08:00,7.5065274238586435,7.5065274238586435,7.5065274238586435,7.506527423858643,0,0.0,0.0
2013-04-19 00:00:00+08:00,7.5065274238586435,7.5065274238586435,7.5065274238586435,7.506527423858643,0,0.0,0.0
2013-04-22 00:00:00+08:00,7.479164123535156,7.524768970500198,7.479164123535156,7.479164123535156,8846,0.0,0.0
2013-04-23 00:00:00+08:00,7.479164123535156,7.479164123535156,7.38795442960507,7.479164123535156,8846,0.0,0.0
2013-04-24 00:00:00+08:00,7.406198501586914,7.406198501586914,7.406198501586914,7.406198501586914,4423,0.0,0.0
2013-04-25 00:00:00+08:00,7.406198501586914,7.406198501586914,7.406198501586914,7.406198501586914,0,0.0,0.0
2013-04-26 00:00:00+08:00,7.433559417724609,7.433559417724609,7.387954569893585,7.433559417724609,8846,0.0,0.0
2013-04-29 00:00:00+08:00,7.433559417724609,7.433559417724609,7.433559417724609,7.433559417724609,0,0.0,0.0
2013-04-30 00:00:00+08:00,7.433559417724609,7.433559417724609,7.433559417724609,7.433559417724609,0,0.0,0.0
2013-05-02 00:00:00+08:00,7.433559417724609,7.433559417724609,7.433559417724609,7.433559417724609,0,0.0,0.0
2013-05-03 00:00:00+08:00,7.433559417724609,7.433559417724609,7.433559417724609,7.433559417724609,0,0.0,0.0
2013-05-06 00:00:00+08:00,7.433559417724609,7.433559417724609,7.433559417724609,7.433559417724609,0,0.0,0.0
2013-05-07 00:00:00+08:00,7.150810241699219,7.150810241699219,7.150810241699219,7.150810241699219,8846,0.0,0.0
2013-05-08 00:00:00+08:00,7.433559417724609,7.479164265555634,7.251140795868821,7.433559417724609,26538,0.0,0.0
2013-05-09 00:00:00+08:00,7.479164123535156,7.497405908427514,7.479164123535156,7.479164123535156,13269,0.0,0.0
2013-05-10 00:00:00+08:00,7.479164123535156,7.479164123535156,7.479164123535156,7.479164123535156,0,0.0,0.0
2013-05-13 00:00:00+08:00,7.342350006103516,7.342350006103516,7.342350006103516,7.342350006103516,4423,0.0,0.0
2013-05-14 00:00:00+08:00,7.342350006103516,7.342350006103516,7.342350006103516,7.342350006103516,0,0.0,0.0
2013-05-15 00:00:00+08:00,7.342350006103516,7.342350006103516,7.342350006103516,7.342350006103516,0,0.0,0.0
2013-05-16 00:00:00+08:00,7.342350006103516,7.342350006103516,7.342350006103516,7.342350006103516,0,0.0,0.0
2013-05-17 00:00:00+08:00,7.342350006103516,7.342350006103516,7.342350006103516,7.342350006103516,0,0.0,0.0
2013-05-20 00:00:00+08:00,7.296746253967285,7.305866762615302,7.296746253967285,7.296746253967285,8846,0.0,0.0
2013-05-21 00:00:00+08:00,7.3879547119140625,7.3879547119140625,7.378834203853518,7.3879547119140625,8846,0.0,0.0
2013-05-22 00:00:00+08:00,7.3879547119140625,7.3879547119140625,7.3879547119140625,7.3879547119140625,0,0.0,0.0
2013-05-23 00:00:00+08:00,7.3879547119140625,7.3879547119140625,7.3879547119140625,7.3879547119140625,0,0.0,0.0
2013-05-24 00:00:00+08:00,7.3879547119140625,7.3879547119140625,7.3879547119140625,7.3879547119140625,0,0.0,0.0
2013-05-27 00:00:00+08:00,7.296746253967285,7.296746253967285,7.296746253967285,7.296746253967285,4423,0.0,0.0
2013-05-28 00:00:00+08:00,7.296746253967285,7.296746253967285,7.296746253967285,7.296746253967285,0,0.0,0.0
2013-05-29 00:00:00+08:00,7.296746253967285,7.296746253967285,7.296746253967285,7.296746253967285,0,0.0,0.0
2013-05-30 00:00:00+08:00,7.296746253967285,7.296746253967285,7.296746253967285,7.296746253967285,0,0.0,0.0
2013-05-31 00:00:00+08:00,7.296746253967285,7.296746253967285,7.296746253967285,7.296746253967285,0,0.0,0.0
2013-06-03 00:00:00+08:00,7.296746253967285,7.296746253967285,7.296746253967285,7.296746253967285,0,0.0,0.0
2013-06-04 00:00:00+08:00,7.296746253967285,7.296746253967285,7.296746253967285,7.296746253967285,0,0.0,0.0
2013-06-05 00:00:00+08:00,7.296746253967285,7.296746253967285,7.296746253967285,7.296746253967285,0,0.0,0.0
2013-06-06 00:00:00+08:00,7.296746253967285,7.296746253967285,7.296746253967285,7.296746253967285,0,0.0,0.0
2013-06-07 00:00:00+08:00,7.296746253967285,7.296746253967285,7.296746253967285,7.296746253967285,0,0.0,0.0
2013-06-10 00:00:00+08:00,7.296746253967285,7.296746253967285,7.296746253967285,7.296746253967285,0,0.0,0.0
2013-06-11 00:00:00+08:00,7.296746253967285,7.296746253967285,7.296746253967285,7.296746253967285,0,0.0,0.0
2013-06-13 00:00:00+08:00,7.20553731918335,7.20553731918335,7.114327615905101,7.20553731918335,13446,0.0,0.0
2013-06-14 00:00:00+08:00,7.20553731918335,7.20553731918335,7.196416041068175,7.20553731918335,8846,0.0,0.0
2013-06-17 00:00:00+08:00,7.20553731918335,7.20553731918335,7.20553731918335,7.20553731918335,0,0.0,0.0
2013-06-18 00:00:00+08:00,7.20553731918335,7.20553731918335,7.20553731918335,7.20553731918335,0,0.0,0.0
2013-06-19 00:00:00+08:00,7.20553731918335,7.20553731918335,7.20553731918335,7.20553731918335,0,0.0,0.0
2013-06-20 00:00:00+08:00,7.20553731918335,7.20553731918335,7.20553731918335,7.20553731918335,0,0.0,0.0
2013-06-21 00:00:00+08:00,7.096085071563721,7.114327627824634,7.096085071563721,7.096085071563721,8846,0.0,0.0
2013-06-24 00:00:00+08:00,7.096085071563721,7.096085071563721,7.096085071563721,7.096085071563721,0,0.0,0.0
2013-06-25 00:00:00+08:00,6.895424842834473,7.1143270355907315,6.895424842834473,6.895424842834473,22115,0.0,0.0
2013-06-26 00:00:00+08:00,6.931908130645752,7.023117053295525,6.849819715526815,6.931908130645752,21230,0.0,0.0
2013-06-27 00:00:00+08:00,7.433559417724609,7.433559417724609,7.068722174013033,7.433559417724609,44230,0.0,0.0
2013-06-28 00:00:00+08:00,7.479164123535156,7.479164123535156,7.479164123535156,7.479164123535156,4423,0.0,0.0
2013-07-01 00:00:00+08:00,7.479164123535156,7.479164123535156,7.479164123535156,7.479164123535156,0,0.0,0.0
2013-07-02 00:00:00+08:00,7.442681312561035,7.524769737680031,7.251141397460587,7.442681312561035,30961,0.0,0.0
2013-07-03 00:00:00+08:00,7.597736835479735,7.597736835479735,7.3058667103984964,7.597736835479736,139768,0.0,0.0
2013-07-04 00:00:00+08:00,7.679824829101563,7.752791971543021,7.6615830434911985,7.6798248291015625,13269,0.0,0.0
2013-07-05 00:00:00+08:00,7.935211181640625,7.935211181640625,7.844002255714571,7.935211181640625,22115,0.0,0.0
2013-07-08 00:00:00+08:00,7.524770259857178,7.871365771137139,7.524770259857178,7.524770259857178,35384,0.0,0.0
2013-07-09 00:00:00+08:00,7.406198501586914,7.406198501586914,7.351472366227486,7.406198501586914,35384,0.0,0.0
2013-07-10 00:00:00+08:00,7.406198501586914,7.406198501586914,7.406198501586914,7.406198501586914,0,0.0,0.0
2013-07-11 00:00:00+08:00,7.406198501586914,7.406198501586914,7.406198501586914,7.406198501586914,0,0.0,0.0
2013-07-12 00:00:00+08:00,7.406198501586914,7.406198501586914,7.406198501586914,7.406198501586914,0,0.0,0.0
2013-07-15 00:00:00+08:00,7.570373535156251,7.570373535156251,7.570373535156251,7.57037353515625,4423,0.0,0.0
2013-07-16 00:00:00+08:00,7.643342018127441,7.643342018127441,7.643342018127441,7.643342018127441,4423,0.0,0.0
2013-07-17 00:00:00+08:00,7.570373535156251,7.570373535156251,7.5247686898918715,7.57037353515625,13269,0.0,0.0
2013-07-18 00:00:00+08:00,7.570373535156251,7.570373535156251,7.570373535156251,7.57037353515625,0,0.0,0.0
2013-07-19 00:00:00+08:00,7.570373535156251,7.570373535156251,7.570373535156251,7.57037353515625,0,0.0,0.0
2013-07-22 00:00:00+08:00,7.652463436126709,7.652463436126709,7.652463436126709,7.652463436126709,88,0.0,0.0
2013-07-23 00:00:00+08:00,7.661582946777344,7.661582946777344,7.652462438821455,7.661582946777344,8846,0.0,0.0
2013-07-24 00:00:00+08:00,7.801734924316406,7.867138803428419,7.801734924316406,7.801734924316406,13269,0.226089,0.0
2013-07-25 00:00:00+08:00,7.91385555267334,7.91385555267334,7.91385555267334,7.91385555267334,8846,0.0,0.0
2013-07-26 00:00:00+08:00,7.904512882232666,8.035320638314849,7.904512882232666,7.904512882232666,22115,0.0,0.0
2013-07-29 00:00:00+08:00,8.035319328308105,8.156782527387927,8.035319328308105,8.035319328308105,22115,0.0,0.0
2013-07-30 00:00:00+08:00,7.960572242736816,7.960572242736816,7.960572242736816,7.960572242736816,1769,0.0,0.0
2013-07-31 00:00:00+08:00,8.203500747680664,8.203500747680664,8.203500747680664,8.203500747680664,4423,0.0,0.0
2013-08-01 00:00:00+08:00,8.352994918823242,8.352994918823242,8.352994918823242,8.352994918823242,4423,0.0,0.0
2013-08-02 00:00:00+08:00,8.315619468688965,8.362337415076786,8.11940866562764,8.315619468688965,14153,0.0,0.0
2013-08-05 00:00:00+08:00,8.352994918823242,8.352994918823242,8.352994918823242,8.352994918823242,7076,0.0,0.0
2013-08-06 00:00:00+08:00,8.352994918823242,8.352994918823242,7.99794588253161,8.352994918823242,17692,0.0,0.0
2013-08-07 00:00:00+08:00,7.988602161407471,8.128753657325282,7.95122874445708,7.988602161407471,44230,0.0,0.0
2013-08-08 00:00:00+08:00,7.857794284820557,8.2595612692659,7.857794284820557,7.857794284820557,26538,0.0,0.0
2013-08-09 00:00:00+08:00,8.025976181030273,8.025976181030273,8.025976181030273,8.025976181030273,4423,0.0,0.0
2013-08-12 00:00:00+08:00,7.698956489562988,8.035319584624494,7.6335526200984605,7.698956489562988,26538,0.0,0.0
2013-08-13 00:00:00+08:00,7.586836814880371,7.670927397890875,7.521432940512657,7.586836814880371,12384,0.0,0.0
2013-08-14 00:00:00+08:00,7.586836814880371,7.586836814880371,7.586836814880371,7.586836814880371,0,0.0,0.0
2013-08-15 00:00:00+08:00,7.586836814880371,7.586836814880371,7.586836814880371,7.586836814880371,0,0.0,0.0
2013-08-16 00:00:00+08:00,7.586836814880371,7.586836814880371,7.586836814880371,7.586836814880371,0,0.0,0.0
2013-08-19 00:00:00+08:00,7.586836814880371,7.586836814880371,7.586836814880371,7.586836814880371,0,0.0,0.0
2013-08-20 00:00:00+08:00,7.586836814880371,7.586836814880371,7.586836814880371,7.586836814880371,0,0.0,0.0
2013-08-22 00:00:00+08:00,7.586836814880371,7.586836814880371,7.586836814880371,7.586836814880371,0,0.0,0.0
2013-08-23 00:00:00+08:00,7.755016326904297,7.755016326904297,7.558804745649342,7.755016326904297,30076,0.0,0.0
2013-08-26 00:00:00+08:00,7.755016326904297,7.755016326904297,7.755016326904297,7.755016326904297,0,0.0,0.0
2013-08-27 00:00:00+08:00,7.633553504943848,7.7550182984495075,7.614866795535886,7.633553504943848,22115,0.0,0.0
2013-08-28 00:00:00+08:00,7.848451137542725,7.848451137542725,7.801733974118836,7.848451137542725,8846,0.0,0.0
2013-08-29 00:00:00+08:00,7.895168781280518,7.895168781280518,7.885825820968868,7.895168781280518,9730,0.0,0.0
2013-08-30 00:00:00+08:00,8.007288932800293,8.007288932800293,7.960572555363179,8.007288932800293,14153,0.0,0.0
2013-09-02 00:00:00+08:00,8.595922470092773,8.595922470092773,8.128753207588042,8.595922470092773,66345,0.0,0.0
2013-09-03 00:00:00+08:00,8.651983261108398,8.651983261108398,8.651983261108398,8.651983261108398,4423,0.0,0.0
2013-09-04 00:00:00+08:00,8.829507827758789,8.829507827758789,8.689357122556428,8.829507827758789,11499,0.0,0.0
2013-09-05 00:00:00+08:00,8.829507827758789,8.829507827758789,8.829507827758789,8.829507827758789,0,0.0,0.0
2013-09-06 00:00:00+08:00,8.829507827758789,8.829507827758789,8.829507827758789,8.829507827758789,0,0.0,0.0
2013-09-09 00:00:00+08:00,8.894911766052246,8.904254726075575,8.876225057769696,8.894911766052246,19461,0.0,0.0
2013-09-10 00:00:00+08:00,8.950973510742188,8.950973510742188,8.848195423285544,8.950973510742188,34499,0.0,0.0
2013-09-11 00:00:00+08:00,8.876224517822266,8.913597932113912,8.876224517822266,8.876224517822266,17692,0.0,0.0
2013-09-12 00:00:00+08:00,8.93228530883789,8.93228530883789,8.876225183198066,8.93228530883789,22115,0.0,0.0
2013-09-13 00:00:00+08:00,8.93228530883789,8.93228530883789,8.93228530883789,8.93228530883789,0,0.0,0.0
2013-09-16 00:00:00+08:00,8.960315704345703,8.960315704345703,8.885568870671719,8.960315704345703,13269,0.0,0.0
2013-09-17 00:00:00+08:00,8.876224517822266,8.876224517822266,8.876224517822266,8.876224517822266,8846,0.0,0.0
2013-09-18 00:00:00+08:00,8.922941207885742,8.922941207885742,8.913598248099547,8.922941207885742,13269,0.0,0.0
2013-09-23 00:00:00+08:00,8.93228530883789,8.93228530883789,8.885568931589322,8.93228530883789,13269,0.0,0.0
2013-09-24 00:00:00+08:00,9.156525611877441,9.203242772322323,9.156525611877441,9.156525611877441,5307,0.0,0.0
2013-09-25 00:00:00+08:00,9.249960899353027,9.249960899353027,9.249960899353027,9.249960899353027,4423,0.0,0.0
2013-09-26 00:00:00+08:00,9.109810829162598,9.109810829162598,9.109810829162598,9.109810829162598,4423,0.0,0.0
2013-09-27 00:00:00+08:00,9.48354721069336,9.48354721069336,9.156527797748067,9.48354721069336,17780,0.0,0.0
2013-09-30 00:00:00+08:00,9.436827659606934,9.436827659606934,9.436827659606934,9.436827659606934,3626,0.0,0.0
2013-10-01 00:00:00+08:00,9.29667854309082,9.48354722985776,9.22193169897285,9.29667854309082,22203,0.0,0.0
2013-10-02 00:00:00+08:00,9.29667854309082,9.29667854309082,9.29667854309082,9.29667854309082,0,0.0,0.0
2013-10-03 00:00:00+08:00,9.474201202392578,9.474201202392578,9.474201202392578,9.474201202392578,4423,0.0,0.0
2013-10-04 00:00:00+08:00,9.474201202392578,9.474201202392578,9.474201202392578,9.474201202392578,0,0.0,0.0
2013-10-07 00:00:00+08:00,9.474201202392578,9.474201202392578,9.474201202392578,9.474201202392578,0,0.0,0.0
2013-10-08 00:00:00+08:00,9.474201202392578,9.474201202392578,9.474201202392578,9.474201202392578,0,0.0,0.0
2013-10-09 00:00:00+08:00,9.474201202392578,9.474201202392578,9.474201202392578,9.474201202392578,0,0.0,0.0
2013-10-11 00:00:00+08:00,9.474201202392578,9.474201202392578,9.474201202392578,9.474201202392578,0,0.0,0.0
2013-10-14 00:00:00+08:00,9.53026294708252,9.53026294708252,9.53026294708252,9.53026294708252,4423,0.0,0.0
2013-10-15 00:00:00+08:00,9.53026294708252,9.53026294708252,9.53026294708252,9.53026294708252,0,0.0,0.0
2013-10-16 00:00:00+08:00,9.763847351074219,9.763847351074219,9.605009146646005,9.763847351074219,17692,0.0,0.0
2013-10-17 00:00:00+08:00,9.857281684875488,9.857281684875488,9.857281684875488,9.857281684875488,884,0.0,0.0
2013-10-18 00:00:00+08:00,9.670412063598633,9.670412063598633,9.670412063598633,9.670412063598633,3538,0.0,0.0
2013-10-21 00:00:00+08:00,9.670412063598633,9.670412063598633,9.670412063598633,9.670412063598633,0,0.0,0.0
2013-10-22 00:00:00+08:00,9.670412063598633,9.670412063598633,9.670412063598633,9.670412063598633,0,0.0,0.0
2013-10-23 00:00:00+08:00,9.670412063598633,9.670412063598633,9.670412063598633,9.670412063598633,0,0.0,0.0
2013-10-24 00:00:00+08:00,9.670412063598633,9.670412063598633,9.670412063598633,9.670412063598633,0,0.0,0.0
2013-10-25 00:00:00+08:00,9.670412063598633,9.670412063598633,9.670412063598633,9.670412063598633,0,0.0,0.0
2013-10-28 00:00:00+08:00,10.025461196899414,10.025461196899414,9.97874403926888,10.025461196899414,17692,0.0,0.0
2013-10-29 00:00:00+08:00,9.96005916595459,10.221674666219497,9.96005916595459,9.96005916595459,1247,0.0,0.0
2013-10-30 00:00:00+08:00,9.810564041137695,9.988088157209551,9.548949346864468,9.810564041137695,63691,0.0,0.0
2013-10-31 00:00:00+08:00,9.950715065002441,9.950715065002441,9.810564359530321,9.950715065002441,13269,0.0,0.0
2013-11-01 00:00:00+08:00,9.903997421264648,9.903997421264648,9.810563884882301,9.903997421264648,7076,0.0,0.0
2013-11-04 00:00:00+08:00,9.903997421264648,9.903997421264648,9.903997421264648,9.903997421264648,0,0.0,0.0
2013-11-05 00:00:00+08:00,9.810564041137695,9.810564041137695,9.810564041137695,9.810564041137695,4423,0.0,0.0
2013-11-06 00:00:00+08:00,9.903997421264648,9.903997421264648,9.903997421264648,9.903997421264648,884,0.0,0.0
2013-11-07 00:00:00+08:00,9.903997421264648,9.903997421264648,9.903997421264648,9.903997421264648,88,0.0,0.0
2013-11-08 00:00:00+08:00,9.651725769042969,9.903996692839044,9.651725769042969,9.651725769042969,4599,0.0,0.0
2013-11-11 00:00:00+08:00,9.651725769042969,9.651725769042969,9.651725769042969,9.651725769042969,0,0.0,0.0
2013-11-12 00:00:00+08:00,9.651725769042969,9.651725769042969,9.651725769042969,9.651725769042969,0,0.0,0.0
2013-11-13 00:00:00+08:00,9.651725769042969,9.651725769042969,9.651725769042969,9.651725769042969,0,0.0,0.0
2013-11-14 00:00:00+08:00,9.651725769042969,9.651725769042969,9.651725769042969,9.651725769042969,0,0.0,0.0
2013-11-15 00:00:00+08:00,9.997431755065918,9.997431755065918,9.988088007301176,9.997431755065918,13357,0.0,0.0
2013-11-18 00:00:00+08:00,10.072179794311523,10.072179794311523,10.072179794311523,10.072179794311523,8934,0.0,0.0
2013-11-19 00:00:00+08:00,10.072179794311523,10.072179794311523,10.072179794311523,10.072179794311523,0,0.0,0.0
2013-11-20 00:00:00+08:00,9.950715065002441,10.044149394141114,9.950715065002441,9.950715065002441,4511,0.0,0.0
2013-11-21 00:00:00+08:00,9.950715065002441,9.950715065002441,9.950715065002441,9.950715065002441,0,0.0,0.0
2013-11-22 00:00:00+08:00,9.950715065002441,9.950715065002441,9.950715065002441,9.950715065002441,0,0.0,0.0
2013-11-25 00:00:00+08:00,10.18429946899414,10.18429946899414,9.717130216935896,10.18429946899414,6192,0.0,0.0
2013-11-26 00:00:00+08:00,10.18429946899414,10.18429946899414,10.18429946899414,10.18429946899414,0,0.0,0.0
2013-11-27 00:00:00+08:00,10.18429946899414,10.18429946899414,10.18429946899414,10.18429946899414,0,0.0,0.0
2013-11-28 00:00:00+08:00,10.18429946899414,10.18429946899414,10.18429946899414,10.18429946899414,0,0.0,0.0
2013-11-29 00:00:00+08:00,9.5489501953125,9.763847745626736,9.5489501953125,9.5489501953125,17692,0.0,0.0
2013-12-02 00:00:00+08:00,9.5489501953125,9.5489501953125,9.5489501953125,9.5489501953125,0,0.0,0.0
2013-12-03 00:00:00+08:00,9.5489501953125,9.5489501953125,9.5489501953125,9.5489501953125,0,0.0,0.0
2013-12-04 00:00:00+08:00,9.41814136505127,9.41814136505127,9.41814136505127,9.41814136505127,628,0.0,0.0
2013-12-05 00:00:00+08:00,9.41814136505127,9.41814136505127,9.41814136505127,9.41814136505127,0,0.0,0.0
2013-12-06 00:00:00+08:00,9.41814136505127,9.41814136505127,9.41814136505127,9.41814136505127,0,0.0,0.0
2013-12-09 00:00:00+08:00,9.41814136505127,9.41814136505127,9.41814136505127,9.41814136505127,0,0.0,0.0
2013-12-10 00:00:00+08:00,9.41814136505127,9.41814136505127,9.41814136505127,9.41814136505127,0,0.0,0.0
2013-12-11 00:00:00+08:00,9.41814136505127,9.41814136505127,9.41814136505127,9.41814136505127,0,0.0,0.0
2013-12-12 00:00:00+08:00,9.41814136505127,9.41814136505127,9.41814136505127,9.41814136505127,0,0.0,0.0
2013-12-13 00:00:00+08:00,9.576979637145996,9.763847513279677,9.576979637145996,9.576979637145996,3538,0.0,0.0
2013-12-16 00:00:00+08:00,9.576979637145996,9.576979637145996,9.576979637145996,9.576979637145996,0,0.0,0.0
2013-12-17 00:00:00+08:00,9.576979637145996,9.576979637145996,9.576979637145996,9.576979637145996,0,0.0,0.0
2013-12-18 00:00:00+08:00,9.576979637145996,9.576979637145996,9.576979637145996,9.576979637145996,0,0.0,0.0
2013-12-19 00:00:00+08:00,9.576979637145996,9.576979637145996,9.576979637145996,9.576979637145996,0,0.0,0.0
2013-12-20 00:00:00+08:00,9.576979637145996,9.576979637145996,9.576979637145996,9.576979637145996,0,0.0,0.0
2013-12-23 00:00:00+08:00,9.576979637145996,9.576979637145996,9.576979637145996,9.576979637145996,2653,0.0,0.0
2013-12-24 00:00:00+08:00,9.436827659606934,9.436827659606934,9.436827659606934,9.436827659606934,2653,0.0,0.0
2013-12-25 00:00:00+08:00,9.436827659606934,9.436827659606934,9.436827659606934,9.436827659606934,0,0.0,0.0
2013-12-26 00:00:00+08:00,9.436827659606934,9.436827659606934,9.436827659606934,9.436827659606934,0,0.0,0.0
2013-12-27 00:00:00+08:00,9.436827659606934,9.436827659606934,9.436827659606934,9.436827659606934,0,0.0,0.0
2013-12-30 00:00:00+08:00,9.436827659606934,9.436827659606934,9.436827659606934,9.436827659606934,0,0.0,0.0
2013-12-31 00:00:00+08:00,9.324708938598633,9.324708938598633,9.324708938598633,9.324708938598633,4423,0.0,0.0
2014-01-02 00:00:00+08:00,9.324708938598633,9.324708938598633,9.324708938598633,9.324708938598633,0,0.0,0.0
2014-01-03 00:00:00+08:00,9.576979637145996,9.576979637145996,9.530262471053598,9.576979637145996,6192,0.0,0.0
2014-01-06 00:00:00+08:00,9.576979637145996,9.576979637145996,9.576979637145996,9.576979637145996,0,0.0,0.0
2014-01-07 00:00:00+08:00,9.576979637145996,9.576979637145996,9.576979637145996,9.576979637145996,0,0.0,0.0
2014-01-08 00:00:00+08:00,9.576979637145996,9.576979637145996,9.100466592416907,9.576979637145996,22115,0.0,0.0
2014-01-09 00:00:00+08:00,9.446171760559082,9.57697950856723,9.446171760559082,9.446171760559082,8846,0.0,0.0
2014-01-10 00:00:00+08:00,9.436827659606934,9.436827659606934,9.436827659606934,9.436827659606934,4423,0.0,0.0
2014-01-13 00:00:00+08:00,9.436827659606934,9.436827659606934,9.436827659606934,9.436827659606934,0,0.0,0.0
2014-01-14 00:00:00+08:00,9.53026294708252,9.53026294708252,9.53026294708252,9.53026294708252,4423,0.0,0.0
2014-01-15 00:00:00+08:00,9.436827659606934,9.436827659606934,9.436827659606934,9.436827659606934,0,0.0,0.0
2014-01-16 00:00:00+08:00,9.436827659606934,9.436827659606934,9.436827659606934,9.436827659606934,0,0.0,0.0
2014-01-17 00:00:00+08:00,9.53026294708252,9.53026294708252,9.53026294708252,9.53026294708252,8846,0.0,0.0
2014-01-20 00:00:00+08:00,9.53026294708252,9.829251879125028,9.53026294708252,9.53026294708252,15922,0.0,0.0
2014-01-21 00:00:00+08:00,9.932027816772461,9.950714523936936,9.857280988114557,9.932027816772461,19461,0.0,0.0
2014-01-22 00:00:00+08:00,9.810564041137695,9.93202803448726,9.810564041137695,9.810564041137695,10615,0.0,0.0
2014-01-23 00:00:00+08:00,9.633041381835938,9.903999076754236,9.633041381835938,9.633041381835938,27422,0.0,0.0
2014-01-24 00:00:00+08:00,9.623696327209473,9.623696327209473,9.623696327209473,9.623696327209473,4423,0.0,0.0
2014-01-27 00:00:00+08:00,9.623696327209473,9.623696327209473,9.623696327209473,9.623696327209473,0,0.0,0.0
2014-02-05 00:00:00+08:00,9.623696327209473,9.623696327209473,9.623696327209473,9.623696327209473,0,0.0,0.0
2014-02-06 00:00:00+08:00,9.810564041137695,9.857281204190869,9.810564041137695,9.810564041137695,8846,0.0,0.0
2014-02-07 00:00:00+08:00,9.810564041137695,9.810564041137695,9.810564041137695,9.810564041137695,0,0.0,0.0
2014-02-10 00:00:00+08:00,9.810564041137695,9.810564041137695,9.810564041137695,9.810564041137695,0,0.0,0.0
2014-02-11 00:00:00+08:00,9.857281684875488,9.857281684875488,9.857281684875488,9.857281684875488,4423,0.0,0.0
2014-02-12 00:00:00+08:00,9.857281684875488,9.857281684875488,9.857281684875488,9.857281684875488,0,0.0,0.0
2014-02-13 00:00:00+08:00,9.857281684875488,9.857281684875488,9.857281684875488,9.857281684875488,0,0.0,0.0
2014-02-14 00:00:00+08:00,9.670412063598633,9.670412063598633,9.670412063598633,9.670412063598633,8846,0.0,0.0
2014-02-17 00:00:00+08:00,9.717131614685059,9.717131614685059,9.717131614685059,9.717131614685059,4423,0.0,0.0
2014-02-18 00:00:00+08:00,9.717131614685059,9.717131614685059,9.717131614685059,9.717131614685059,0,0.0,0.0
2014-02-19 00:00:00+08:00,9.810564041137695,9.810564041137695,9.810564041137695,9.810564041137695,4423,0.0,0.0
2014-02-20 00:00:00+08:00,9.810564041137695,9.810564041137695,9.810564041137695,9.810564041137695,0,0.0,0.0
2014-02-21 00:00:00+08:00,9.810564041137695,9.810564041137695,9.810564041137695,9.810564041137695,1769,0.0,0.0
2014-02-24 00:00:00+08:00,9.810564041137695,9.810564041137695,9.810564041137695,9.810564041137695,0,0.0,0.0
2014-02-25 00:00:00+08:00,9.810564041137695,9.810564041137695,9.810564041137695,9.810564041137695,4423,0.0,0.0
2014-02-26 00:00:00+08:00,9.810564041137695,9.810564041137695,9.810564041137695,9.810564041137695,0,0.0,0.0
2014-02-27 00:00:00+08:00,9.810564041137695,9.810564041137695,9.810564041137695,9.810564041137695,0,0.0,0.0
2014-03-03 00:00:00+08:00,9.810564041137695,9.810564041137695,9.810564041137695,9.810564041137695,0,0.0,0.0
2014-03-04 00:00:00+08:00,9.838593482971191,9.838593482971191,9.810563816370157,9.838593482971191,8846,0.0,0.0
2014-03-05 00:00:00+08:00,9.838593482971191,9.838593482971191,9.838593482971191,9.838593482971191,0,0.0,0.0
2014-03-06 00:00:00+08:00,9.857281684875488,9.857281684875488,9.857281684875488,9.857281684875488,884,0.0,0.0
2014-03-07 00:00:00+08:00,9.857281684875488,9.9039980619709,9.857281684875488,9.857281684875488,17692,0.0,0.0
2014-03-10 00:00:00+08:00,9.810564041137695,9.93202803448726,9.810564041137695,9.810564041137695,22115,0.0,0.0
2014-03-11 00:00:00+08:00,9.810564041137695,9.810564041137695,9.810564041137695,9.810564041137695,0,0.0,0.0
2014-03-12 00:00:00+08:00,9.903997421264648,9.903997421264648,9.84793808767109,9.903997421264648,22115,0.0,0.0
2014-03-13 00:00:00+08:00,9.903997421264648,9.903997421264648,9.903997421264648,9.903997421264648,0,0.0,0.0
2014-03-14 00:00:00+08:00,10.473945617675781,10.473945617675781,10.231017614768254,10.473945617675781,22115,0.0,0.0
2014-03-17 00:00:00+08:00,10.660813331604004,10.74490391413408,10.660813331604004,10.660813331604004,11499,0.0,0.0
2014-03-18 00:00:00+08:00,10.885055541992188,10.885055541992188,10.763592320363069,10.885055541992188,30961,0.0,0.0
2014-03-19 00:00:00+08:00,11.35222339630127,11.35222339630127,10.84768071228307,11.35222339630127,84922,0.0,0.0
2014-03-20 00:00:00+08:00,11.398941040039062,11.49237457595038,11.305506715891898,11.398941040039062,55730,0.0,0.0
2014-03-21 00:00:00+08:00,11.41762638092041,11.41762638092041,11.305506143503385,11.41762638092041,6192,0.0,0.0
2014-03-24 00:00:00+08:00,11.492376327514648,11.492376327514648,11.492376327514648,11.492376327514648,884,0.0,0.0
2014-03-25 00:00:00+08:00,11.445658683776855,11.53909222362011,11.436314935674591,11.445658683776855,17692,0.0,0.0
2014-03-26 00:00:00+08:00,11.492376327514648,11.492376327514648,11.398942777363033,11.492376327514648,56614,0.0,0.0
2014-03-27 00:00:00+08:00,11.445658683776855,11.445658683776855,11.445658683776855,11.445658683776855,8846,0.0,0.0
2014-03-28 00:00:00+08:00,11.445658683776855,11.445658683776855,11.398941519737289,11.445658683776855,17692,0.0,0.0
2014-03-31 00:00:00+08:00,11.445658683776855,11.483031311478278,11.398941519737289,11.445658683776855,50422,0.0,0.0
2014-04-01 00:00:00+08:00,11.361568450927734,11.445659033473804,11.361568450927734,11.361568450927734,22999,0.0,0.0
2014-04-02 00:00:00+08:00,11.436315536499023,11.436315536499023,11.436315536499023,11.436315536499023,884,0.0,0.0
2014-04-03 00:00:00+08:00,11.398941040039062,11.57646515238849,11.389597292330008,11.398941040039062,30961,0.0,0.0
2014-04-07 00:00:00+08:00,11.398941040039062,11.455001161585853,11.398941040039062,11.398941040039062,13269,0.0,0.0
2014-04-08 00:00:00+08:00,11.436315536499023,11.455002245449409,11.370911661054713,11.436315536499023,19461,0.0,0.0
2014-04-09 00:00:00+08:00,11.221418380737305,11.230761341420322,11.221418380737305,11.221418380737305,9730,0.0,0.0
2014-04-10 00:00:00+08:00,11.342881202697754,11.38959836918833,11.305507784799664,11.342881202697754,67230,0.0,0.0
2014-04-11 00:00:00+08:00,11.212074279785156,11.212074279785156,11.212074279785156,11.212074279785156,4423,0.0,0.0
2014-04-14 00:00:00+08:00,11.212074279785156,11.212074279785156,11.137327443724104,11.212074279785156,5307,0.0,0.0
2014-04-15 00:00:00+08:00,11.165356636047363,11.165356636047363,11.090609803180149,11.165356636047363,1769,0.0,0.0
2014-04-16 00:00:00+08:00,11.165356636047363,11.165356636047363,11.165356636047363,11.165356636047363,0,0.0,0.0
2014-04-17 00:00:00+08:00,11.221418380737305,11.221418380737305,11.221418380737305,11.221418380737305,2,0.0,0.0
2014-04-18 00:00:00+08:00,11.959545135498047,12.2865637076312,11.221417411170538,11.959545135498047,352074,0.0,0.0
2014-04-21 00:00:00+08:00,12.015604972839355,12.015604972839355,11.866110524270399,12.015604972839355,139768,0.0,0.0
2014-04-22 00:00:00+08:00,12.566866874694824,12.828481594963712,12.006262438823317,12.566866874694824,392766,0.0,0.0
2014-04-23 00:00:00+08:00,12.520149230957031,12.753734272316105,12.520149230957031,12.520149230957031,249459,0.0,0.0
2014-04-24 00:00:00+08:00,13.790849685668945,14.239332230587621,12.660298787509186,13.790849685668945,431538,0.0,0.0
2014-04-25 00:00:00+08:00,13.482519149780273,14.659787393016948,12.707017928862738,13.482519149780273,242940,0.0,0.0
2014-04-28 00:00:00+08:00,13.379741668701172,13.678730582362796,12.875198172485645,13.379741668701172,169845,0.0,0.0
2014-04-29 00:00:00+08:00,13.54792308807373,13.669387090201992,13.454488755214502,13.54792308807373,40692,0.0,0.0
2014-04-30 00:00:00+08:00,13.164843559265137,13.585295666442782,13.0060045726309,13.164843559265137,61038,0.0,0.0
2014-05-02 00:00:00+08:00,12.987318992614746,13.164844702434376,12.949946362065468,12.987318992614746,38922,0.0,0.0
2014-05-05 00:00:00+08:00,13.071410179138184,13.183531228877513,12.968633666878096,13.071410179138184,9288,0.0,0.0
2014-05-06 00:00:00+08:00,12.987318992614746,12.987318992614746,12.875198736259094,12.987318992614746,15922,0.0,0.0
2014-05-07 00:00:00+08:00,12.408029556274414,12.68833098836565,12.146414045537584,12.408029556274414,59852,0.0,0.0
2014-05-08 00:00:00+08:00,12.426714897155762,12.482774231516359,12.146412707701753,12.426714897155762,55730,0.0,0.0
2014-05-09 00:00:00+08:00,12.707016944885254,12.707016944885254,12.613582614234852,12.707016944885254,22115,0.0,0.0
2014-05-12 00:00:00+08:00,14.398170471191406,14.398170471191406,12.70701668771067,14.398170471191406,147455,0.0,0.0
2014-05-13 00:00:00+08:00,13.267619132995605,14.099181167255017,13.267619132995605,13.267619132995605,41895,0.0,0.0
2014-05-14 00:00:00+08:00,13.220902442932129,13.361054717011138,13.043378331060966,13.220902442932129,39126,0.0,0.0
2014-05-15 00:00:00+08:00,13.267619132995605,13.361055035590612,13.267619132995605,13.267619132995605,29192,0.0,0.0
2014-05-16 00:00:00+08:00,13.454488754272461,13.454488754272461,13.23024824719222,13.454488754272461,48653,0.0,0.0
2014-05-19 00:00:00+08:00,13.501205444335938,13.641355362198222,13.407771114779894,13.501205444335938,26715,0.0,0.0
2014-05-20 00:00:00+08:00,13.501205444335938,13.501205444335938,13.491861696085978,13.501205444335938,12384,0.0,0.0
2014-05-21 00:00:00+08:00,13.641355514526367,13.781507010425454,13.557266508753074,13.641355514526367,31138,0.0,0.0
2014-05-22 00:00:00+08:00,13.688074111938477,13.688074111938477,13.566610100039837,13.688074111938477,8846,0.0,0.0
2014-05-23 00:00:00+08:00,13.622668266296387,13.622668266296387,13.622668266296387,13.622668266296387,884,0.0,0.0
2014-05-26 00:00:00+08:00,13.54792308807373,13.594640254503345,13.361055998827112,13.54792308807373,12384,0.0,0.0
2014-05-27 00:00:00+08:00,13.407772064208984,13.501206400381287,13.314337728036683,13.407772064208984,23884,0.0,0.0
2014-05-28 00:00:00+08:00,13.510547637939453,13.64135379250003,13.50120389076467,13.510547637939453,31845,0.0,0.0
2014-05-29 00:00:00+08:00,13.566607475280762,13.603982465377294,13.267618589810107,13.566607475280762,191075,0.0,0.0
2014-05-30 00:00:00+08:00,13.54792308807373,13.603984003083635,13.501205921644116,13.54792308807373,44495,0.0,0.0
2014-06-03 00:00:00+08:00,13.54792308807373,13.613326175192087,13.54792308807373,13.54792308807373,50422,0.0,0.0
2014-06-04 00:00:00+08:00,13.54792308807373,13.54792308807373,13.54792308807373,13.54792308807373,0,0.0,0.0
2014-06-05 00:00:00+08:00,13.59463882446289,13.59463882446289,13.538577915350118,13.59463882446289,62807,0.0,0.0
2014-06-06 00:00:00+08:00,13.716104507446289,13.716104507446289,13.54792333581303,13.716104507446289,48653,0.0,0.0
2014-06-09 00:00:00+08:00,13.622668266296387,13.641354184711608,13.54792143969222,13.622668266296387,94653,0.0,0.0
2014-06-10 00:00:00+08:00,13.379741668701172,13.613325919998667,13.370397920296037,13.379741668701172,78730,0.0,0.0
2014-06-11 00:00:00+08:00,13.379741668701172,13.379741668701172,13.379741668701172,13.379741668701172,12384,0.0,0.0
2014-06-12 00:00:00+08:00,13.53857707977295,13.547920826793677,13.501203668161612,13.53857707977295,50422,0.0,0.0
2014-06-13 00:00:00+08:00,13.52923583984375,13.575953007132934,13.454489002769801,13.52923583984375,51307,0.0,0.0
2014-06-16 00:00:00+08:00,13.52923583984375,13.575953007132934,13.454489002769801,13.52923583984375,7076,0.0,0.0
2014-06-17 00:00:00+08:00,13.361054420471191,13.389084086429051,13.361054420471191,13.361054420471191,13269,0.0,0.0
2014-06-18 00:00:00+08:00,13.361054420471191,13.361054420471191,13.267618522177811,13.361054420471191,9730,0.0,0.0
2014-06-19 00:00:00+08:00,13.314337730407715,13.314337730407715,13.174187802596197,13.314337730407715,9730,0.0,0.0
2014-06-20 00:00:00+08:00,13.39842700958252,13.407770757583553,13.314336430516693,13.39842700958252,53961,0.0,0.0
2014-06-23 00:00:00+08:00,13.417115211486816,13.417115211486816,13.361055873474694,13.417115211486816,85807,0.0,0.0
2014-06-24 00:00:00+08:00,13.407772064208984,13.547923568467438,13.407772064208984,13.407772064208984,12384,0.0,0.0
2014-06-25 00:00:00+08:00,13.734790802001953,13.734790802001953,13.361055072935928,13.734790802001953,161883,0.0,0.0
2014-06-26 00:00:00+08:00,13.921659469604492,14.482263915518887,13.725447046474905,13.921659469604492,207468,0.0,0.0
2014-06-27 00:00:00+08:00,13.688074111938477,14.239334828384285,13.678731939078554,13.688074111938477,24159,0.0,0.0
2014-06-30 00:00:00+08:00,13.82822322845459,14.00574812913814,13.594638994429062,13.82822322845459,0,0.0,0.0
2014-07-01 00:00:00+08:00,13.407772064208984,13.86559841968699,13.267620559950533,13.407772064208984,84923,0.0,0.0
2014-07-02 00:00:00+08:00,13.361054420471191,13.594638648553865,12.921913265556228,13.361054420471191,66381,0.0,0.0
2014-07-03 00:00:00+08:00,13.230247497558594,13.230247497558594,13.230247497558594,13.230247497558594,3538,0.0,0.0
2014-07-04 00:00:00+08:00,13.361054420471191,13.361054420471191,13.18352873606841,13.361054420471191,19461,0.0,0.0
2014-07-07 00:00:00+08:00,13.267619132995605,13.267619132995605,13.080752057220767,13.267619132995605,23884,0.0,0.0
2014-07-08 00:00:00+08:00,13.174187660217285,13.267620418924565,13.127470492627706,13.174187660217285,12384,0.0,0.0
2014-07-09 00:00:00+08:00,13.146157264709473,13.398428236777194,13.071409638562494,13.146157264709473,26095,0.0,0.0
2014-07-10 00:00:00+08:00,13.127470016479492,13.230248096743063,13.05272239340016,13.127470016479492,35385,0.0,0.0
2014-07-11 00:00:00+08:00,13.164843559265137,13.164843559265137,13.071408443943653,13.164843559265137,22203,0.0,0.0
2014-07-14 00:00:00+08:00,13.034035682678223,13.034035682678223,12.949945104459786,13.034035682678223,9730,0.0,0.0
2014-07-15 00:00:00+08:00,13.080751419067383,13.080751419067383,12.99666084495319,13.080751419067383,15038,0.0,0.0
2014-07-16 00:00:00+08:00,12.987318992614746,13.118126746598946,12.987318992614746,12.987318992614746,41576,0.0,0.0
2014-07-17 00:00:00+08:00,12.903227806091309,13.174186245483181,12.903227806091309,12.903227806091309,19461,0.0,0.0
2014-07-18 00:00:00+08:00,13.080751419067383,13.080751419067383,13.080751419067383,13.080751419067383,265,0.0,0.0
2014-07-21 00:00:00+08:00,13.034035682678223,13.127469220567672,12.94060135655291,13.034035682678223,14153,0.0,0.0
2014-07-22 00:00:00+08:00,13.080751419067383,13.127468579849895,13.071407671616551,13.080751419067383,32730,0.0,0.0
2014-07-23 00:00:00+08:00,13.080751419067383,13.080751419067383,13.080751419067383,13.080751419067383,0,0.0,0.0
2014-07-24 00:00:00+08:00,13.289287567138672,13.34615936031207,12.985965472709893,13.289287567138672,25653,0.226089,0.0
2014-07-25 00:00:00+08:00,13.791664123535156,13.867494247242279,13.317723451386742,13.791664123535156,40868,0.0,0.0
2014-07-28 00:00:00+08:00,14.208731651306152,14.208731651306152,13.649481680393768,14.208731651306152,155248,0.0,0.0
2014-07-29 00:00:00+08:00,14.094987869262695,14.113944602751097,13.933848437673737,14.094987869262695,60330,0.0,0.0
2014-07-30 00:00:00+08:00,14.853290557861328,14.872247289006552,13.744269807989896,14.853290557861328,345269,0.0,0.0
2014-07-31 00:00:00+08:00,14.692150115966797,15.023908081278059,14.40778477485502,14.692150115966797,42608,0.0,0.0
2014-08-01 00:00:00+08:00,13.839055061340332,14.30351651147561,13.782183275164794,13.839055061340332,30963,0.0,0.0
2014-08-04 00:00:00+08:00,14.256125450134277,14.256125450134277,13.801143114325125,14.256125450134277,45206,0.0,0.0
2014-08-05 00:00:00+08:00,13.839055061340332,13.981237725417321,13.839055061340332,13.839055061340332,42461,0.0,0.0
2014-08-06 00:00:00+08:00,13.26085090637207,13.98124032626424,12.786911003596495,13.26085090637207,71125,0.0,0.0
2014-08-07 00:00:00+08:00,13.26085090637207,13.26085090637207,13.26085090637207,13.26085090637207,0,0.0,0.0
2014-08-08 00:00:00+08:00,12.701600074768066,12.796387723262521,12.521503142798812,12.701600074768066,119121,0.0,0.0
2014-08-11 00:00:00+08:00,12.796388626098633,13.052317294239401,12.701600970916532,12.796388626098633,7962,0.0,0.0
2014-08-12 00:00:00+08:00,12.891178131103516,12.891178131103516,12.891178131103516,12.891178131103516,1857,0.0,0.0
2014-08-13 00:00:00+08:00,13.12814712524414,13.12814712524414,12.891176793090787,13.12814712524414,15923,0.0,0.0
2014-08-14 00:00:00+08:00,13.17553997039795,13.459903716702874,13.128146545786851,13.17553997039795,84922,0.0,0.0
2014-08-15 00:00:00+08:00,13.16606330871582,13.175541675000483,13.16606330871582,13.16606330871582,5307,0.0,0.0
2014-08-18 00:00:00+08:00,13.222935676574707,13.222935676574707,13.080752996426646,13.222935676574707,4511,0.0,0.0
2014-08-19 00:00:00+08:00,13.222935676574707,13.222935676574707,13.222935676574707,13.222935676574707,0,0.0,0.0
2014-08-20 00:00:00+08:00,13.0807523727417,13.128146597197983,13.0807523727417,13.0807523727417,20346,0.0,0.0
2014-08-21 00:00:00+08:00,13.17553997039795,13.17553997039795,13.17553997039795,13.17553997039795,4423,0.0,0.0
2014-08-22 00:00:00+08:00,13.0807523727417,13.0807523727417,12.938570499032439,13.0807523727417,10615,0.0,0.0
2014-08-25 00:00:00+08:00,12.834304809570312,12.985965861323256,12.834304809570312,12.834304809570312,4423,0.0,0.0
2014-08-26 00:00:00+08:00,13.17553997039795,13.17553997039795,12.834303634763955,13.17553997039795,3538,0.0,0.0
2014-08-27 00:00:00+08:00,12.796388626098633,12.834304487831112,12.350884647593665,12.796388626098633,26538,0.0,0.0
2014-08-28 00:00:00+08:00,12.36036491394043,12.51202436626953,12.322449051283582,12.36036491394043,110576,0.0,0.0
2014-08-29 00:00:00+08:00,12.32244873046875,12.369842957811157,12.32244873046875,12.32244873046875,40692,0.0,0.0
2014-09-01 00:00:00+08:00,12.597332954406738,12.597332954406738,12.426714391617693,12.597332954406738,13269,0.0,0.0
2014-09-02 00:00:00+08:00,12.701600074768066,12.701600074768066,12.606812426273612,12.701600074768066,10615,0.0,0.0
2014-09-03 00:00:00+08:00,12.701600074768066,12.701600074768066,12.606812426273612,12.701600074768066,12384,0.0,0.0
2014-09-04 00:00:00+08:00,12.891178131103516,13.061796723990158,12.74899623691788,12.891178131103516,72184,0.0,0.0
2014-09-05 00:00:00+08:00,13.545214653015137,13.649480667364582,12.938570499152114,13.545214653015137,209757,0.0,0.0
2014-09-09 00:00:00+08:00,13.431468963623047,13.545215751269508,13.01440167377084,13.431468963623047,77850,0.0,0.0
2014-09-10 00:00:00+08:00,13.01440143585205,13.450427048780702,12.692122608490434,13.01440143585205,73425,0.0,0.0
2014-09-11 00:00:00+08:00,13.355639457702637,13.355639457702637,12.891177146152067,13.355639457702637,95629,0.0,0.0
2014-09-12 00:00:00+08:00,14.161335945129395,14.30351701489141,13.128146201301403,14.161335945129395,537156,0.0,0.0
2014-09-15 00:00:00+08:00,13.308244705200195,14.692151703374229,13.222936213172943,13.308244705200195,531995,0.0,0.0
2014-09-16 00:00:00+08:00,13.270329475402832,13.497821450149125,13.222936047018699,13.270329475402832,201759,0.0,0.0
2014-09-17 00:00:00+08:00,13.346158981323242,13.867493866297165,13.270328859699202,13.346158981323242,586763,0.0,0.0
2014-09-18 00:00:00+08:00,13.365118026733398,13.497821546337805,13.27032956997035,13.365118026733398,202665,0.0,0.0
2014-09-19 00:00:00+08:00,13.734790802001953,13.876973484176284,13.412511175263626,13.734790802001953,117745,0.0,0.0
2014-09-22 00:00:00+08:00,13.706354141235352,13.876972710605722,13.516777242237522,13.706354141235352,162151,0.0,0.0
2014-09-23 00:00:00+08:00,13.203978538513184,13.829579470995684,13.080753385454829,13.203978538513184,287499,0.0,0.0
2014-09-24 00:00:00+08:00,13.687396049499512,13.687396049499512,13.17554033249217,13.687396049499512,388359,0.0,0.0
2014-09-25 00:00:00+08:00,13.933846473693848,14.502573987294852,13.649481117574116,13.933846473693848,415554,0.0,0.0
2014-09-26 00:00:00+08:00,14.047591209411621,14.20873061315882,13.744269132130267,14.047591209411621,138627,0.0,0.0
2014-09-29 00:00:00+08:00,14.170815467834473,14.20873052735077,13.772704943934581,14.170815467834473,310416,0.0,0.0
2014-09-30 00:00:00+08:00,14.483613967895508,14.663711685902202,14.000195797648965,14.483613967895508,294615,0.0,0.0
2014-10-01 00:00:00+08:00,14.739542961120605,14.824852244869145,14.312998141697074,14.739542961120605,343082,0.0,0.0
2014-10-02 00:00:00+08:00,15.403059959411621,15.403059959411621,14.512052093736093,15.403059959411621,372549,0.0,0.0
2014-10-03 00:00:00+08:00,16.113971710205078,16.350941247390146,14.976515052942055,16.113971710205078,714715,0.0,0.0
2014-10-06 00:00:00+08:00,15.867523193359373,16.502603287711146,15.858044027924432,15.867523193359375,390475,0.0,0.0
2014-10-07 00:00:00+08:00,15.365142822265625,16.189799710202315,14.948075595916587,15.365142822265625,246268,0.0,0.0
2014-10-08 00:00:00+08:00,15.365142822265625,15.365142822265625,15.365142822265625,15.365142822265625,0,0.0,0.0
2014-10-09 00:00:00+08:00,13.080753660222584,13.933847385423165,12.417236851506354,12.464631080627441,4976861,0.0,0.0
2014-10-13 00:00:00+08:00,12.322448105107956,12.322448105107956,11.421961029940233,11.895901679992676,1942159,0.0,0.0
2014-10-14 00:00:00+08:00,11.80111369577461,12.13287248376592,11.753720268626962,12.038084030151367,603503,0.0,0.0
2014-10-15 00:00:00+08:00,11.943296472385642,12.369842917767206,11.943296472385642,12.132872581481934,538271,0.0,0.0
2014-10-16 00:00:00+08:00,12.13287210168165,12.322448203281063,11.848507549452728,12.275053977966309,567919,0.0,0.0
2014-10-17 00:00:00+08:00,12.085479159658284,12.132873390005573,11.46935656412258,11.65893268585205,529953,0.0,0.0
2014-10-20 00:00:00+08:00,11.658931688706646,11.848507794222373,11.469355583190918,11.469355583190918,285285,0.0,0.0
2014-10-21 00:00:00+08:00,11.46935641818724,11.46935641818724,10.711051940917969,10.711051940917969,568900,0.0,0.0
2014-10-22 00:00:00+08:00,10.711051077158212,11.184991737061859,10.711051077158212,11.090203285217285,604902,0.0,0.0
2014-10-23 00:00:00+08:00,11.090203285217285,11.137597511139571,10.805838729343174,11.090203285217285,238844,0.0,0.0
2014-10-24 00:00:00+08:00,11.090202378320459,11.090202378320459,10.900626289793431,10.995414733886719,130037,0.0,0.0
2014-10-27 00:00:00+08:00,11.090203714144476,11.090203714144476,10.853234174687179,11.04280948638916,106153,0.0,0.0
2014-10-28 00:00:00+08:00,11.090203285217285,11.137597511139571,10.853233754925075,11.090203285217285,140655,0.0,0.0
2014-10-29 00:00:00+08:00,10.94802243795761,11.374568912101877,10.711052085693053,11.184992790222168,490073,0.0,0.0
2014-10-30 00:00:00+08:00,11.184992790222168,11.184992790222168,11.042810099067621,11.184992790222168,72537,0.0,0.0
2014-10-31 00:00:00+08:00,11.090203285217285,11.42196126735407,11.090203285217285,11.090203285217285,231985,0.0,0.0
2014-11-03 00:00:00+08:00,11.090203773094993,11.18499222910948,10.900627660725668,10.94802188873291,93768,0.0,0.0
2014-11-04 00:00:00+08:00,10.948021830538169,11.090203714144476,10.900627602782853,11.04280948638916,126499,0.0,0.0
2014-11-05 00:00:00+08:00,11.042810099067621,11.327174681717027,10.94802243795761,11.184992790222168,239729,0.0,0.0
2014-11-06 00:00:00+08:00,11.184992790222168,11.279780451332178,11.042810099067621,11.184992790222168,107037,0.0,0.0
2014-11-07 00:00:00+08:00,11.184992265882789,11.184992265882789,10.995416152890188,11.137598037719727,59268,0.0,0.0
2014-11-10 00:00:00+08:00,11.13759813192244,11.279780017954563,10.995416245890315,11.232386589050293,152152,0.0,0.0
2014-11-11 00:00:00+08:00,11.090203903358512,11.232386589050293,10.995416245890315,11.232386589050293,180017,0.0,0.0
2014-11-12 00:00:00+08:00,11.042809059294997,11.137597511139571,10.90062718118775,11.090203285217285,101730,0.0,0.0
2014-11-13 00:00:00+08:00,10.948021830538169,11.04280948638916,10.900627602782853,11.04280948638916,61963,0.0,0.0
2014-11-14 00:00:00+08:00,10.853233754925075,11.184991737061859,10.853233754925075,11.090203285217285,127575,0.0,0.0
2014-11-17 00:00:00+08:00,11.090203773094993,11.090203773094993,10.94802188873291,10.94802188873291,52386,0.0,0.0
2014-11-18 00:00:00+08:00,11.090203773094993,11.090203773094993,10.616263892001504,10.94802188873291,204344,0.0,0.0
2014-11-19 00:00:00+08:00,10.805838684776829,10.900627136230469,10.758445258709619,10.900627136230469,77845,0.0,0.0
2014-11-20 00:00:00+08:00,10.900627660725668,10.995416116740154,10.853234232378073,10.94802188873291,144191,0.0,0.0
2014-11-21 00:00:00+08:00,10.995414733886719,10.995414733886719,10.805837845700145,10.995414733886719,30076,0.0,0.0
2014-11-24 00:00:00+08:00,10.99541666834246,11.564145033981584,10.99541666834246,11.184992790222168,544034,0.0,0.0
2014-11-25 00:00:00+08:00,11.184992790222168,11.327174681717027,11.042810099067621,11.184992790222168,91999,0.0,0.0
2014-11-26 00:00:00+08:00,11.184992265882789,11.232386494045853,11.0428095813936,11.137598037719727,469727,0.0,0.0
2014-11-27 00:00:00+08:00,11.137598001102235,11.137598001102235,10.94802188873291,10.94802188873291,55924,0.0,0.0
2014-11-28 00:00:00+08:00,10.995415633032323,11.090203285217285,10.948021407110035,11.090203285217285,56623,0.0,0.0
2014-12-01 00:00:00+08:00,10.853233754925075,11.090203285217285,10.805838729343174,11.090203285217285,153921,0.0,0.0
2014-12-02 00:00:00+08:00,11.04280948638916,11.04280948638916,11.04280948638916,11.04280948638916,167168,0.0,0.0
2014-12-03 00:00:00+08:00,10.995414733886719,10.995414733886719,10.995414733886719,10.995414733886719,721867,0.0,0.0
2014-12-04 00:00:00+08:00,10.94802188873291,10.94802188873291,10.94802188873291,10.94802188873291,346766,0.0,0.0
2014-12-05 00:00:00+08:00,10.900627136230469,11.04280901375132,10.758445258709619,10.900627136230469,277767,0.0,0.0
2014-12-08 00:00:00+08:00,10.94802188873291,10.94802188873291,10.853234232378073,10.94802188873291,248575,0.0,0.0
2014-12-09 00:00:00+08:00,10.900627136230469,10.900627136230469,10.758445258709619,10.900627136230469,239729,0.0,0.0
2014-12-10 00:00:00+08:00,10.805838684776829,10.900627136230469,10.805838684776829,10.900627136230469,45999,0.0,0.0
2014-12-11 00:00:00+08:00,10.853233337402344,10.853233337402344,10.711050665105235,10.853233337402344,195514,0.0,0.0
2014-12-12 00:00:00+08:00,10.805838313643726,10.853233337402344,10.75844488920427,10.853233337402344,68999,0.0,0.0
2014-12-15 00:00:00+08:00,10.853234567705453,10.948022226988902,10.71105187929077,10.805839538574219,193729,0.0,0.0
2014-12-16 00:00:00+08:00,10.75844610876233,10.805839538574219,10.71105187929077,10.805839538574219,206113,0.0,0.0
2014-12-17 00:00:00+08:00,10.758446170662218,10.80583960074679,10.61626428108915,10.711051940917969,235395,0.0,0.0
2014-12-18 00:00:00+08:00,10.71105151190016,10.758445739746094,10.66365728405423,10.758445739746094,170959,0.0,0.0
2014-12-19 00:00:00+08:00,10.776057744828217,10.823739051818848,10.72837563817792,10.823739051818848,250746,0.0,0.0
2014-12-22 00:00:00+08:00,10.823737590224791,10.823737590224791,10.680692089249854,10.776056289672852,213817,0.0,0.0
2014-12-23 00:00:00+08:00,10.728374189461354,10.776056289672852,10.680692089249854,10.776056289672852,77376,0.0,0.0
2014-12-24 00:00:00+08:00,10.72837563817792,10.823739051818848,10.63301222453699,10.823739051818848,436998,0.0,0.0
2014-12-25 00:00:00+08:00,10.776057540622212,10.776057540622212,10.680693329128765,10.728375434875488,65945,0.0,0.0
2014-12-26 00:00:00+08:00,10.728374189461354,10.776056289672852,10.48996608738254,10.776056289672852,306156,0.0,0.0
2014-12-29 00:00:00+08:00,10.728374189461354,10.776056289672852,10.680692089249854,10.776056289672852,356984,0.0,0.0
2014-12-30 00:00:00+08:00,10.728374189461354,10.776056289672852,10.633010788697915,10.776056289672852,393141,0.0,0.0
2014-12-31 00:00:00+08:00,10.680692672729492,10.680692672729492,10.633011369572753,10.680692672729492,298073,0.0,0.0
2015-01-05 00:00:00+08:00,10.680693780964505,11.395919799804688,10.633012472860326,11.395919799804688,1547520,0.0,0.0
2015-01-06 00:00:00+08:00,11.586644514550096,12.063460740019531,11.443599806841185,11.920416831970215,3520782,0.0,0.0
2015-01-07 00:00:00+08:00,11.920416699353796,12.015779303659082,11.634326487459173,11.682007789611816,1854010,0.0,0.0
2015-01-08 00:00:00+08:00,11.682008784998436,11.729690890873506,11.252873830421079,11.44360065460205,1437083,0.0,0.0
2015-01-09 00:00:00+08:00,11.443600237952133,11.443600237952133,10.919101890380745,11.252873420715332,2031449,0.0,0.0
2015-01-12 00:00:00+08:00,11.252874172435202,11.252874172435202,11.062148142117056,11.157510757446289,526772,0.0,0.0
2015-01-13 00:00:00+08:00,11.157510418330594,11.538963267032882,11.109829112115179,11.44360065460205,1559544,0.0,0.0
2015-01-14 00:00:00+08:00,11.491282719077816,11.586646137460923,11.3005558823116,11.348237991333008,603181,0.0,0.0
2015-01-15 00:00:00+08:00,11.252873717640835,11.252873717640835,11.109829000768578,11.205191612243652,2166528,0.0,0.0
2015-01-16 00:00:00+08:00,11.157510757446289,11.252874172435202,11.01446523513308,11.157510757446289,839705,0.0,0.0
2015-01-19 00:00:00+08:00,11.300554081198873,11.34823618262058,10.966782569885254,10.966782569885254,385121,0.0,0.0
2015-01-20 00:00:00+08:00,10.776056351292713,10.966782354250642,10.728374250808557,10.871418952941895,1196413,0.0,0.0
2015-01-21 00:00:00+08:00,10.776056351292713,10.871418952941895,10.776056351292713,10.871418952941895,433973,0.0,0.0
2015-01-22 00:00:00+08:00,10.871418952941895,10.91910105342605,10.776056351292713,10.871418952941895,336795,0.0,0.0
2015-01-23 00:00:00+08:00,10.91910171508789,10.966783018801813,10.871419611714357,10.91910171508789,389783,0.0,0.0
2015-01-26 00:00:00+08:00,10.823739051818848,10.871420358809479,10.72837563817792,10.823739051818848,342762,0.0,0.0
2015-01-27 00:00:00+08:00,10.871420358809479,10.871420358809479,10.680693531527622,10.823739051818848,277341,0.0,0.0
2015-01-28 00:00:00+08:00,10.728374189461354,10.823737590224791,10.728374189461354,10.776056289672852,192714,0.0,0.0
2015-01-29 00:00:00+08:00,10.72837563817792,10.823739051818848,10.680693531527622,10.823739051818848,237405,0.0,0.0
2015-01-30 00:00:00+08:00,10.776056289672852,10.776056289672852,10.680692089249854,10.776056289672852,185572,0.0,0.0
2015-02-02 00:00:00+08:00,10.776057791238035,10.776057791238035,10.537648856279112,10.585330963134766,242295,0.0,0.0
2015-02-03 00:00:00+08:00,10.585330304879282,10.63301160911017,10.53764820098877,10.53764820098877,209656,0.0,0.0
2015-02-04 00:00:00+08:00,10.53764865246516,10.58533075839857,10.442285240257997,10.489967346191406,313774,0.0,0.0
2015-02-05 00:00:00+08:00,10.489967346191406,10.53764865246516,10.442285240257997,10.489967346191406,248835,0.0,0.0
2015-02-06 00:00:00+08:00,10.489967139576894,10.489967139576894,10.251559013584595,10.394603729248047,517893,0.0,0.0
2015-02-09 00:00:00+08:00,10.394603520720437,10.4422848250985,10.10851329547319,10.299240112304688,364898,0.0,0.0
2015-02-10 00:00:00+08:00,10.299239605866466,10.299239605866466,10.156194100446921,10.251558303833008,173216,0.0,0.0
2015-02-11 00:00:00+08:00,10.156196097174297,10.203877408581993,10.060833474358907,10.108514785766602,264661,0.0,0.0
2015-02-12 00:00:00+08:00,10.06083113259657,10.156193733215332,10.013149032627634,10.156193733215332,364561,0.0,0.0
2015-02-13 00:00:00+08:00,10.10851329547319,10.585330337551936,10.060831991095126,10.299240112304688,470365,0.0,0.0
2015-02-24 00:00:00+08:00,10.489966929136186,10.489966929136186,10.251558807926624,10.299240112304688,134419,0.0,0.0
2015-02-25 00:00:00+08:00,10.251557933153203,10.346920533771964,10.156193733215332,10.156193733215332,169623,0.0,0.0
2015-02-26 00:00:00+08:00,10.156193733215332,10.203875033524712,10.013149032627634,10.156193733215332,170655,0.0,0.0
2015-03-02 00:00:00+08:00,10.156193733215332,10.156193733215332,10.013149032627634,10.156193733215332,153313,0.0,0.0
2015-03-03 00:00:00+08:00,10.108514785766602,10.156196097174297,10.01315136329147,10.108514785766602,176238,0.0,0.0
2015-03-04 00:00:00+08:00,10.10851243290595,10.251557933153203,10.10851243290595,10.156193733215332,182009,0.0,0.0
2015-03-05 00:00:00+08:00,10.156193733215332,10.203875033524712,10.013149032627634,10.156193733215332,183768,0.0,0.0
2015-03-06 00:00:00+08:00,10.156193733215332,10.156193733215332,10.06083113259657,10.156193733215332,119583,0.0,0.0
2015-03-09 00:00:00+08:00,10.108513328152815,10.156194632685027,10.013149919428768,10.060832023620605,163588,0.0,0.0
2015-03-10 00:00:00+08:00,10.060831362533303,10.108512663932421,10.01314926147461,10.01314926147461,139310,0.0,0.0
2015-03-11 00:00:00+08:00,10.108513328152815,10.108513328152815,10.013149919428768,10.060832023620605,307925,0.0,0.0
2015-03-12 00:00:00+08:00,10.060831362533303,10.108512663932421,9.917785859016796,10.01314926147461,445791,0.0,0.0
2015-03-13 00:00:00+08:00,10.108513328152815,10.108513328152815,10.013149919428768,10.060832023620605,133649,0.0,0.0
2015-03-16 00:00:00+08:00,10.060832023620605,10.060832023620605,10.060832023620605,10.060832023620605,0,0.0,0.0
2015-03-17 00:00:00+08:00,10.060832351698581,10.728375434875488,10.013150245951858,10.728375434875488,1861384,0.0,0.0
2015-03-18 00:00:00+08:00,10.728374775545834,11.10982839943816,10.489966660442931,10.680692672729492,1836075,0.0,0.0
2015-03-19 00:00:00+08:00,10.680693682501728,11.39591969474841,10.537648959848198,11.157510757446289,3116449,0.0,0.0
2015-03-20 00:00:00+08:00,11.014463592092106,11.300553794382418,10.776056289672852,10.776056289672852,699574,0.0,0.0
2015-03-23 00:00:00+08:00,10.776057744828217,11.014465079441036,10.585330917546361,10.823739051818848,747362,0.0,0.0
2015-03-24 00:00:00+08:00,10.966783484236675,11.538963151385348,10.680693250832515,11.205191612243652,3953973,0.0,0.0
2015-03-25 00:00:00+08:00,11.06214632382894,11.395917821598179,10.966782124855389,11.014463424682617,684008,0.0,0.0
2015-03-26 00:00:00+08:00,10.871419611714357,11.014464322515735,10.776057004286512,10.91910171508789,379406,0.0,0.0
2015-03-27 00:00:00+08:00,11.014463592092106,11.014463592092106,10.728374189461354,10.776056289672852,234210,0.0,0.0
2015-03-30 00:00:00+08:00,10.776057791238035,10.776057791238035,10.537648856279112,10.585330963134766,235777,0.0,0.0
2015-03-31 00:00:00+08:00,10.585330337551936,10.919101867177247,10.203875904229315,10.299240112304688,882054,0.0,0.0
2015-04-01 00:00:00+08:00,10.394604122901702,10.394604122901702,10.156195188220988,10.203876495361328,605159,0.0,0.0
2015-04-02 00:00:00+08:00,10.251557933153203,10.251557933153203,10.013149032627634,10.156193733215332,1620682,0.0,0.0
2015-04-07 00:00:00+08:00,10.10851329547319,10.299240112304688,10.10851329547319,10.299240112304688,248570,0.0,0.0
2015-04-08 00:00:00+08:00,10.251559401821009,10.251559401821009,10.156195188220988,10.203876495361328,163120,0.0,0.0
2015-04-09 00:00:00+08:00,10.299240112304688,10.394603520720437,10.203875904229315,10.299240112304688,297546,0.0,0.0
2015-04-10 00:00:00+08:00,10.34692141668275,10.394603520720437,10.156194599851252,10.299240112304688,303349,0.0,0.0
2015-04-13 00:00:00+08:00,10.44228458404541,10.68069269975148,10.394603280768038,10.44228458404541,349471,0.0,0.0
2015-04-14 00:00:00+08:00,10.489966413319474,10.489966413319474,10.251558303833008,10.251558303833008,229498,0.0,0.0
2015-04-15 00:00:00+08:00,10.251558807926624,10.489966929136186,10.251558807926624,10.299240112304688,110788,0.0,0.0
2015-04-16 00:00:00+08:00,10.251558303833008,10.39460300959297,10.251558303833008,10.251558303833008,75619,0.0,0.0
2015-04-17 00:00:00+08:00,10.251558303833008,10.299239605866466,10.156194100446921,10.251558303833008,120097,0.0,0.0
2015-04-20 00:00:00+08:00,10.156193733215332,10.203875033524712,10.06083113259657,10.156193733215332,215861,0.0,0.0
2015-04-21 00:00:00+08:00,10.156193733215332,10.299239233462583,10.10851243290595,10.156193733215332,165742,0.0,0.0
2015-04-22 00:00:00+08:00,10.156196097174297,10.346922942124563,10.01315136329147,10.108514785766602,396557,0.0,0.0
2015-04-23 00:00:00+08:00,10.203876495361328,10.251559401821009,10.060832573940305,10.203876495361328,249713,0.0,0.0
2015-04-24 00:00:00+08:00,10.203875937217237,10.203875937217237,10.060832023620605,10.060832023620605,137166,0.0,0.0
2015-04-27 00:00:00+08:00,10.060833474358907,10.203877408581993,10.01315136329147,10.108514785766602,187287,0.0,0.0
2015-04-28 00:00:00+08:00,10.156193965331541,10.156193965331541,10.01314926147461,10.01314926147461,119734,0.0,0.0
2015-04-29 00:00:00+08:00,10.060832023620605,10.156194632685027,10.013149919428768,10.060832023620605,105092,0.0,0.0
2015-04-30 00:00:00+08:00,10.156195188220988,10.203876495361328,10.060832573940305,10.203876495361328,126862,0.0,0.0
2015-05-04 00:00:00+08:00,10.156195188220988,10.203876495361328,10.060832573940305,10.203876495361328,40886,0.0,0.0
2015-05-05 00:00:00+08:00,10.25156031930917,10.299241630716866,10.060833474358907,10.108514785766602,120075,0.0,0.0
2015-05-06 00:00:00+08:00,10.060832023620605,10.156194632685027,10.060832023620605,10.060832023620605,74740,0.0,0.0
2015-05-07 00:00:00+08:00,10.108513328152815,10.108513328152815,10.013149919428768,10.060832023620605,88139,0.0,0.0
2015-05-08 00:00:00+08:00,10.108514785766602,10.108514785766602,10.01315136329147,10.108514785766602,63460,0.0,0.0
2015-05-11 00:00:00+08:00,10.203877676995413,10.203877676995413,9.774743464058536,9.965470314025879,356195,0.0,0.0
2015-05-12 00:00:00+08:00,9.870103757958104,10.060831362533303,9.822422456558984,10.01314926147461,121955,0.0,0.0
2015-05-13 00:00:00+08:00,10.013151275699453,10.013151275699453,9.822424432417609,9.870105743408203,253956,0.0,0.0
2015-05-14 00:00:00+08:00,9.870104229017418,9.870104229017418,9.727060317993164,9.727060317993164,158598,0.0,0.0
2015-05-15 00:00:00+08:00,9.584014862211959,9.870104285208411,9.536332758606138,9.822422981262207,154353,0.0,0.0
2015-05-18 00:00:00+08:00,9.822422925342666,9.822422925342666,9.631696111324437,9.727060317993164,66330,0.0,0.0
2015-05-19 00:00:00+08:00,9.774740735633548,9.774740735633548,9.584013938903809,9.584013938903809,130580,0.0,0.0
2015-05-20 00:00:00+08:00,9.584014807649686,9.727060317993164,9.584014807649686,9.727060317993164,75771,0.0,0.0
2015-05-21 00:00:00+08:00,9.727060614308387,9.727060614308387,9.584015099607317,9.679378509521484,84437,0.0,0.0
2015-05-22 00:00:00+08:00,9.584015099607317,9.727060614308387,9.584015099607317,9.679378509521484,72979,0.0,0.0
2015-05-25 00:00:00+08:00,9.679377848908107,9.679377848908107,9.58401444550245,9.631695747375488,48975,0.0,0.0
2015-05-26 00:00:00+08:00,9.631695531702407,9.631695531702407,9.536332130432129,9.536332130432129,124856,0.0,0.0
2015-05-27 00:00:00+08:00,9.536332343969832,9.631695747375488,9.488651042096794,9.631695747375488,139464,0.0,0.0
2015-05-28 00:00:00+08:00,9.584013938903809,9.584013938903809,9.526795899884887,9.584013938903809,36929,0.0,0.0
2015-05-29 00:00:00+08:00,9.536332130432129,9.58401423089705,9.536332130432129,9.536332130432129,79134,0.0,0.0
2015-06-01 00:00:00+08:00,9.536332343969832,9.631695747375488,9.536332343969832,9.631695747375488,91444,0.0,0.0
2015-06-02 00:00:00+08:00,9.63169616615816,10.060831899972072,9.584014862211959,9.822422981262207,141453,0.0,0.0
2015-06-03 00:00:00+08:00,9.822422925342666,9.822422925342666,9.631696111324437,9.727060317993164,21981,0.0,0.0
2015-06-04 00:00:00+08:00,9.679377337268678,9.679377337268678,9.440969241186274,9.584013938903809,49239,0.0,0.0
2015-06-05 00:00:00+08:00,9.536332130432129,9.536332130432129,9.488650829626772,9.536332130432129,16706,0.0,0.0
2015-06-08 00:00:00+08:00,9.49818780549433,9.526796426756196,9.393288461321374,9.402824401855469,127494,0.0,0.0
2015-06-09 00:00:00+08:00,9.393289264475605,9.440970570542136,9.250243746956702,9.421897888183594,93202,0.0,0.0
2015-06-10 00:00:00+08:00,9.345605701856286,9.374215123211957,9.05951628625714,9.364678382873535,104633,0.0,0.0
2015-06-11 00:00:00+08:00,9.29792534969419,9.383752822875977,9.183490051551267,9.383752822875977,58032,0.0,0.0
2015-06-12 00:00:00+08:00,9.36467979163669,9.383753275182828,9.193026436318595,9.316998481750488,47480,0.0,0.0
2015-06-15 00:00:00+08:00,9.154880226990544,9.288389001922818,9.126271603620593,9.20256233215332,148597,0.0,0.0
2015-06-16 00:00:00+08:00,9.278851598135457,9.316996959676677,8.973689505465291,9.164416313171387,155895,0.0,0.0
2015-06-17 00:00:00+08:00,9.193026137423269,9.345606803894043,9.078590037825421,9.345606803894043,65945,0.0,0.0
2015-06-18 00:00:00+08:00,9.345606359089768,9.421897888183594,9.250243746956702,9.421897888183594,43963,0.0,0.0
2015-06-22 00:00:00+08:00,9.421896848567359,9.536332130432129,9.421896848567359,9.536332130432129,34291,0.0,0.0
2015-06-23 00:00:00+08:00,9.536332343969832,9.631695747375488,9.536332343969832,9.631695747375488,72979,0.0,0.0
2015-06-24 00:00:00+08:00,9.679378509521484,9.679378509521484,9.536332994820414,9.679378509521484,59463,0.0,0.0
2015-06-25 00:00:00+08:00,9.536332994820414,9.727060614308387,9.536332994820414,9.679378509521484,50118,0.0,0.0
2015-06-26 00:00:00+08:00,9.679377337268678,9.679377337268678,9.47911460053222,9.584013938903809,35258,0.0,0.0
2015-06-29 00:00:00+08:00,9.584014168304506,9.584014168304506,9.383751426774607,9.440969467163086,10553,0.0,0.0
2015-06-30 00:00:00+08:00,9.393288612365723,9.536332520634788,9.393288612365723,9.393288612365723,19345,0.0,0.0
2015-07-01 00:00:00+08:00,9.53633236729029,9.53633236729029,9.402824401855469,9.402824401855469,16834,0.0,0.0
2015-07-02 00:00:00+08:00,9.536332130432129,9.536332130432129,9.355142067848384,9.536332130432129,61549,0.0,0.0
2015-07-03 00:00:00+08:00,9.526796190134883,9.536332130432129,9.383751488059248,9.536332130432129,17585,0.0,0.0
2015-07-06 00:00:00+08:00,9.536333236019487,9.536333236019487,9.45050656475577,9.5267972946167,25498,0.0,0.0
2015-07-07 00:00:00+08:00,9.536331839891604,9.679377337268678,9.536331839891604,9.584013938903809,37808,0.0,0.0
2015-07-08 00:00:00+08:00,9.536333236019487,9.536333236019487,9.402825258422519,9.5267972946167,31653,0.0,0.0
2015-07-09 00:00:00+08:00,9.345605263616278,9.431432723999023,9.297923963138853,9.431432723999023,44844,0.0,0.0
2015-07-10 00:00:00+08:00,9.431432723999023,9.431432723999023,9.431432723999023,9.431432723999023,0,0.0,0.0
2015-07-13 00:00:00+08:00,9.536333388236951,9.536333388236951,9.40282540850895,9.517261505126953,45395,0.0,0.0
2015-07-14 00:00:00+08:00,9.526797545299386,9.526797545299386,9.383752822875977,9.383752822875977,31655,0.0,0.0
2015-07-15 00:00:00+08:00,9.440970871777274,9.440970871777274,9.250244042106278,9.383752822875977,29017,0.0,0.0
2015-07-16 00:00:00+08:00,9.40282520582505,9.440970570542136,9.326533676731225,9.421897888183594,28138,0.0,0.0
2015-07-17 00:00:00+08:00,9.421896561513298,9.631695238256473,9.345605043161864,9.584013938903809,95840,0.0,0.0
2015-07-20 00:00:00+08:00,9.631695238256473,9.631695238256473,9.536331839891604,9.584013938903809,35170,0.0,0.0
2015-07-21 00:00:00+08:00,9.63169546879846,9.63169546879846,9.4028241069041,9.440969467163086,34291,0.0,0.0
2015-07-22 00:00:00+08:00,9.440969528821416,9.536332130432129,9.383751488059248,9.536332130432129,42205,0.0,0.0
2015-07-23 00:00:00+08:00,9.584015744552739,9.584015744552739,9.364679487160352,9.345606803894043,49392,0.0,0.0
2015-07-24 00:00:00+08:00,9.540233750473105,9.686258269552104,9.403945396591778,9.627848625183105,94963,0.227378,0.0
2015-07-27 00:00:00+08:00,9.501294565825278,9.63758373260498,9.501294565825278,9.63758373260498,52756,0.0,0.0
2015-07-28 00:00:00+08:00,9.452620499850799,9.627849447932002,9.423416083327133,9.540234565734863,82651,0.0,0.0
2015-07-29 00:00:00+08:00,9.43314967144323,9.540233609716644,9.43314967144323,9.452619552612305,76496,0.0,0.0
2015-07-30 00:00:00+08:00,9.413679550196361,9.715463108777106,9.38447513734405,9.46235466003418,60669,0.0,0.0
2015-07-31 00:00:00+08:00,9.394210485836801,9.46235466003418,9.394210485836801,9.46235466003418,36050,0.0,0.0
2015-08-03 00:00:00+08:00,9.462354572055242,9.520763397216797,9.345535289106206,9.520763397216797,63307,0.0,0.0
2015-08-04 00:00:00+08:00,9.442884691563735,9.540233277708303,9.345535289106206,9.520763397216797,55394,0.0,0.0
2015-08-05 00:00:00+08:00,9.520763821282364,9.54023370264108,9.384475468084348,9.48182487487793,35610,0.0,0.0
2015-08-06 00:00:00+08:00,9.394211727987893,9.442886027948706,9.33580207824707,9.33580207824707,46629,0.0,0.0
2015-08-07 00:00:00+08:00,9.335802311651705,9.433150914007145,9.248187426693468,9.413681030273438,43084,0.0,0.0
2015-08-10 00:00:00+08:00,9.296860753470504,9.44288444519043,9.296860753470504,9.44288444519043,48360,0.0,0.0
2015-08-11 00:00:00+08:00,9.540234236754445,9.540234236754445,9.355271577960938,9.433150291442871,43963,0.0,0.0
2015-08-12 00:00:00+08:00,9.345536228580043,9.433150291442871,9.306596463682554,9.433150291442871,48799,0.0,0.0
2015-08-13 00:00:00+08:00,9.46235432517395,9.540233028795084,9.277390057174044,9.44288444519043,131011,0.0,0.0
2015-08-14 00:00:00+08:00,9.442886020927777,9.442886020927777,9.345536604765453,9.423416137695312,34291,0.0,0.0
2015-08-17 00:00:00+08:00,9.355272195385412,9.413681030273438,9.335802311651705,9.413681030273438,63307,0.0,0.0
2015-08-18 00:00:00+08:00,9.41368107927817,9.423416429352253,9.355272244086088,9.384476661682129,43084,0.0,0.0
2015-08-19 00:00:00+08:00,9.355271108182686,9.384475522232771,8.956138129869501,9.150836944580078,95840,0.0,0.0
2015-08-20 00:00:00+08:00,9.218981660947161,9.218981660947161,8.858789240815321,9.014548301696777,50166,0.0,0.0
2015-08-21 00:00:00+08:00,9.00481257506352,9.00481257506352,8.615415755483037,8.76144027709961,112280,0.0,0.0
2015-08-24 00:00:00+08:00,8.60568188478973,8.761440951129899,7.885296202966445,8.264959335327148,215430,0.0,0.0
2015-08-25 00:00:00+08:00,8.264958623194934,8.264958623194934,7.953440517355875,8.255223274230957,91444,0.0,0.0
2015-08-26 00:00:00+08:00,8.255223854135153,8.255223854135153,7.982645492378182,8.17734432220459,59555,0.0,0.0
2015-08-27 00:00:00+08:00,8.216282908367058,8.469391350796723,8.099463627245674,8.449920654296875,72176,0.0,0.0
2015-08-28 00:00:00+08:00,8.956138822723817,8.956138822723817,8.48886244758255,8.71276569366455,67704,0.0,0.0
2015-08-31 00:00:00+08:00,8.469392241286304,8.712765361054803,8.430451660505264,8.6932954788208,43963,0.0,0.0
2015-09-01 00:00:00+08:00,8.712765656916432,8.712765656916432,8.294163582827343,8.566741943359375,46601,0.0,0.0
2015-09-02 00:00:00+08:00,8.177344280332019,8.654356002807617,8.177344280332019,8.654356002807617,43963,0.0,0.0
2015-09-03 00:00:00+08:00,8.65435624525648,8.66409077881413,8.469392760843352,8.644620895385742,42205,0.0,0.0
2015-09-04 00:00:00+08:00,8.352572863399196,8.664090159679303,8.352572863399196,8.488862037658691,43963,0.0,0.0
2015-09-07 00:00:00+08:00,8.518066452557784,8.557006216631926,8.449921457271522,8.488862037658691,39787,0.0,0.0
2015-09-08 00:00:00+08:00,8.518066560109652,8.518066560109652,8.391511917114258,8.391511917114258,53635,0.0,0.0
2015-09-09 00:00:00+08:00,8.615415573120117,8.615415573120117,8.440186640677123,8.615415573120117,79134,0.0,0.0
2015-09-10 00:00:00+08:00,8.566741943359375,8.566741943359375,8.41098206388515,8.566741943359375,46601,0.0,0.0
2015-09-11 00:00:00+08:00,8.566740560110638,8.566740560110638,8.420716053818705,8.518065452575684,52096,0.0,0.0
2015-09-14 00:00:00+08:00,8.518065546734912,8.664089238328069,8.488861134941457,8.547270774841309,39567,0.0,0.0
2015-09-15 00:00:00+08:00,8.52780089487469,8.547270774841309,8.52780089487469,8.547270774841309,33412,0.0,0.0
2015-09-16 00:00:00+08:00,8.56674190089837,8.615416199738446,8.391512139397523,8.508332252502441,110788,0.0,0.0
2015-09-17 00:00:00+08:00,8.508330920856451,8.566740560110638,8.4401859335701,8.518065452575684,58032,0.0,0.0
2015-09-18 00:00:00+08:00,8.527802467346191,8.527802467346191,8.46939281667598,8.527802467346191,57152,0.0,0.0
2015-09-21 00:00:00+08:00,8.664090937186403,9.092428380440548,8.654356403450814,8.878259658813477,89685,0.0,0.0
2015-09-22 00:00:00+08:00,8.878257803177084,8.956137322036675,8.77117387290161,8.936667442321777,59790,0.0,0.0
2015-09-23 00:00:00+08:00,8.85878849029541,9.004812189344065,8.712764791246755,8.85878849029541,43963,0.0,0.0
2015-09-24 00:00:00+08:00,8.85878849029541,9.053488116215256,8.761439901804962,8.85878849029541,39643,0.0,0.0
2015-09-25 00:00:00+08:00,8.956137401185263,8.956137401185263,8.615414911319927,8.66408920288086,30862,0.0,0.0
2015-09-29 00:00:00+08:00,8.66408920288086,8.66408920288086,8.66408920288086,8.66408920288086,0,0.0,0.0
2015-09-30 00:00:00+08:00,8.7614394186286,8.7614394186286,8.488861100211157,8.66408920288086,45408,0.0,0.0
2015-10-01 00:00:00+08:00,8.761440652286595,8.9464041291001,8.56674182600235,8.839320182800293,91444,0.0,0.0
2015-10-02 00:00:00+08:00,8.644620497898305,8.800380374476504,8.644620497898305,8.78091049194336,26378,0.0,0.0
2015-10-05 00:00:00+08:00,8.566741776819967,8.956138610839844,8.566741776819967,8.956138610839844,78255,0.0,0.0
2015-10-06 00:00:00+08:00,8.858788721551447,9.10216264806972,8.858788721551447,9.063222885131836,36050,0.0,0.0
2015-10-07 00:00:00+08:00,8.780909920806966,9.072957323495443,8.780909920806966,8.946403503417969,91520,0.0,0.0
2015-10-08 00:00:00+08:00,8.95613865802083,8.95613865802083,8.917198892782402,8.926934242248535,45722,0.0,0.0
2015-10-12 00:00:00+08:00,8.956138610839844,9.043753490321276,8.858789198256613,8.956138610839844,33566,0.0,0.0
2015-10-13 00:00:00+08:00,8.956138610839844,9.004812908974936,8.829584782638166,8.956138610839844,51877,0.0,0.0
2015-10-14 00:00:00+08:00,8.936667442321777,8.956137322036675,8.858787923462186,8.936667442321777,42281,0.0,0.0
2015-10-15 00:00:00+08:00,8.907464312704752,8.956138610839844,8.849054665154814,8.956138610839844,34291,0.0,0.0
2015-10-16 00:00:00+08:00,9.004812908974936,9.004812908974936,8.858789198256613,8.956138610839844,27257,0.0,0.0
2015-10-19 00:00:00+08:00,8.936668059373417,8.956137940432656,8.829584121704102,8.829584121704102,41325,0.0,0.0
2015-10-20 00:00:00+08:00,8.907463600853617,8.936668014138155,8.761439901804962,8.85878849029541,100237,0.0,0.0
2015-10-21 00:00:00+08:00,8.858789775029196,8.878259658813477,8.858789775029196,8.878259658813477,26551,0.0,0.0
2015-10-22 00:00:00+08:00,8.917198226150065,8.936668107313748,8.839319517808322,8.887993812561035,34676,0.0,0.0
2015-10-23 00:00:00+08:00,8.917198892782402,8.94640412486775,8.79064506391404,8.926934242248535,69670,0.0,0.0
2015-10-26 00:00:00+08:00,8.917198892782402,8.926934242248535,8.907464359629321,8.926934242248535,29313,0.0,0.0
2015-10-27 00:00:00+08:00,8.95613865802083,8.95613865802083,8.771175181294826,8.926934242248535,50118,0.0,0.0
2015-10-28 00:00:00+08:00,8.907464941897967,8.9269348257899,8.761441220865022,8.849055290222168,43963,0.0,0.0
2015-10-29 00:00:00+08:00,8.83931889407204,8.83931889407204,8.66408915965078,8.819849014282227,52756,0.0,0.0
2015-10-30 00:00:00+08:00,8.819849634271236,8.819849634271236,8.57647571163419,8.800379753112793,34291,0.0,0.0
2015-11-02 00:00:00+08:00,8.83931980427831,8.858788869759966,8.664090051813215,8.76144027709961,28136,0.0,0.0
2015-11-03 00:00:00+08:00,8.751705302815855,9.014548310143061,8.66409042283142,8.839320182800293,29016,0.0,0.0
2015-11-04 00:00:00+08:00,8.85878849029541,8.85878849029541,8.829584077010873,8.85878849029541,63307,0.0,0.0
2015-11-05 00:00:00+08:00,8.907463065179922,8.907463065179922,8.644619279860967,8.819849014282227,82106,0.0,0.0
2015-11-06 00:00:00+08:00,8.819849634271236,8.819849634271236,8.703029531007582,8.800379753112793,35170,0.0,0.0
2015-11-09 00:00:00+08:00,8.800379100630423,8.956137322036675,8.800379100630423,8.936667442321777,117822,0.0,0.0
2015-11-10 00:00:00+08:00,8.956137946078302,9.004812240600586,8.81984959489071,9.004812240600586,122604,0.0,0.0
2015-11-11 00:00:00+08:00,8.956138610839844,9.034018957219477,8.761440601986429,8.956138610839844,44842,0.0,0.0
2015-11-12 00:00:00+08:00,8.956138610839844,8.956138610839844,8.761440601986429,8.956138610839844,65505,0.0,0.0
2015-11-13 00:00:00+08:00,8.810114196050186,8.936668014138155,8.761439901804962,8.85878849029541,37808,0.0,0.0
2015-11-16 00:00:00+08:00,8.85878849029541,8.85878849029541,8.85878849029541,8.85878849029541,29895,0.0,0.0
2015-11-17 00:00:00+08:00,8.858789249115665,9.034019009084538,8.595946241788461,8.839320182800293,196231,0.0,0.0
2015-11-18 00:00:00+08:00,8.858788869759966,8.858788869759966,8.644620170018541,8.76144027709961,22861,0.0,0.0
2015-11-19 00:00:00+08:00,8.956138323980872,8.956138323980872,8.761440321363501,8.907464027404785,21102,0.0,0.0
2015-11-20 00:00:00+08:00,8.907463982403163,8.907463982403163,8.644620170018541,8.76144027709961,41325,0.0,0.0
2015-11-23 00:00:00+08:00,8.810114573429788,8.810114573429788,8.576475991893687,8.76144027709961,21981,0.0,0.0
2015-11-24 00:00:00+08:00,8.76144089910709,8.76144089910709,8.488862534630282,8.741971015930176,26378,0.0,0.0
2015-11-25 00:00:00+08:00,8.644619322993899,8.732233374328752,8.595945031432969,8.66408920288086,20223,0.0,0.0
2015-11-26 00:00:00+08:00,8.615415755483037,8.76144027709961,8.615415755483037,8.76144027709961,29895,0.0,0.0
2015-11-27 00:00:00+08:00,8.75170630828626,8.75170630828626,8.537537574768066,8.537537574768066,34291,0.0,0.0
2015-11-30 00:00:00+08:00,8.537536047589898,8.615415573120117,8.518066166207342,8.615415573120117,17585,0.0,0.0
2015-12-01 00:00:00+08:00,8.664089246109233,8.664089246109233,8.469391262581148,8.63488483428955,39567,0.0,0.0
2015-12-02 00:00:00+08:00,8.61541606430568,8.61541606430568,8.420717239379883,8.420717239379883,128264,0.0,0.0
2015-12-03 00:00:00+08:00,8.410982914987105,8.66409141823588,8.410982914987105,8.537537574768066,58032,0.0,0.0
2015-12-04 00:00:00+08:00,8.469391161353661,8.518065452575684,8.41098070578654,8.518065452575684,21102,0.0,0.0
2015-12-07 00:00:00+08:00,8.518067689902775,8.615417114229228,8.469393385896122,8.537537574768066,39567,0.0,0.0
2015-12-08 00:00:00+08:00,8.53753533232708,8.53753533232708,8.518065452575684,8.518065452575684,17585,0.0,0.0
2015-12-09 00:00:00+08:00,8.47912794711214,8.56674201269285,8.187079701321318,8.410982131958008,89794,0.0,0.0
2015-12-10 00:00:00+08:00,8.401247694808129,8.401247694808129,8.22601956163981,8.35257339477539,37808,0.0,0.0
2015-12-11 00:00:00+08:00,8.410982228289443,8.42071757808384,8.177344445293992,8.35257339477539,36929,0.0,0.0
2015-12-14 00:00:00+08:00,8.352573305266901,8.352573305266901,8.177344357663303,8.323368072509766,19420,0.0,0.0
2015-12-15 00:00:00+08:00,8.352573994877908,8.352573994877908,8.187080383300781,8.187080383300781,80013,0.0,0.0
2015-12-16 00:00:00+08:00,8.274694161108075,8.274694161108075,8.177344741206745,8.226019859313965,63989,0.0,0.0
2015-12-17 00:00:00+08:00,8.25522389614324,8.274693779224956,8.157874480734657,8.235754013061523,28136,0.0,0.0
2015-12-18 00:00:00+08:00,8.216282894935185,8.27469253540039,8.216282894935185,8.27469253540039,24619,0.0,0.0
2015-12-21 00:00:00+08:00,8.128669247955546,8.25522389614324,8.031320648860035,8.235754013061523,101116,0.0,0.0
2015-12-22 00:00:00+08:00,8.226020152649886,8.226020152649886,8.099465494108726,8.187080383300781,36050,0.0,0.0
2015-12-23 00:00:00+08:00,8.206549554835085,8.206549554835085,8.079994907291386,8.17734432220459,65066,0.0,0.0
2015-12-24 00:00:00+08:00,8.17734398955145,8.17734398955145,8.099464460789013,8.15787410736084,35170,0.0,0.0
2015-12-25 00:00:00+08:00,8.372043285279474,8.372043285279474,8.177344452354262,8.264959335327148,42205,0.0,0.0
2015-12-28 00:00:00+08:00,8.274694161108075,8.274694161108075,8.167609391060058,8.226019859313965,27257,0.0,0.0
2015-12-29 00:00:00+08:00,8.226019479677202,8.235754013061523,8.226019479677202,8.235754013061523,5469956,0.0,0.0
2015-12-30 00:00:00+08:00,8.323367263163904,8.323367263163904,8.002114631951741,8.109198570251465,112546,0.0,0.0
2015-12-31 00:00:00+08:00,8.128668116149317,8.128668116149317,7.953440009125066,8.089728355407715,30774,0.0,0.0
2016-01-04 00:00:00+08:00,8.099464809804735,8.099464809804735,7.982645511627197,7.982645511627197,22861,0.0,0.0
2016-01-05 00:00:00+08:00,7.982644459443326,8.03131956875802,7.85608982827549,7.972909927368164,38688,0.0,0.0
2016-01-06 00:00:00+08:00,7.982644982780435,7.982644982780435,7.807416047122969,7.943706035614014,61549,0.0,0.0
2016-01-07 00:00:00+08:00,7.943706567946631,7.943706567946631,7.787946687277911,7.895031452178955,72979,0.0,0.0
2016-01-08 00:00:00+08:00,7.8852947681207946,7.9242353439331055,7.797680717403658,7.9242353439331055,21332,0.0,0.0
2016-01-11 00:00:00+08:00,7.885296587612899,7.885296587612899,7.690598561503356,7.875561237335205,38688,0.0,0.0
2016-01-12 00:00:00+08:00,7.933971323126093,7.933971323126093,7.641923073599435,7.81715202331543,61557,0.0,0.0
2016-01-13 00:00:00+08:00,7.826885508764884,7.826885508764884,7.680861811711134,7.787945747375488,51877,0.0,0.0
2016-01-14 00:00:00+08:00,7.651658670842024,7.768477158117218,7.54457390106286,7.7198028564453125,29895,0.0,0.0
2016-01-15 00:00:00+08:00,7.778211407906476,7.787945940338534,6.95074186603596,6.960476398468018,454584,0.0,0.0
2016-01-18 00:00:00+08:00,6.950741957864981,7.038356016162967,6.824188136698334,6.989681720733643,61812,0.0,0.0
2016-01-19 00:00:00+08:00,7.0091516021679725,7.0091516021679725,6.843658018132665,6.989681720733643,48360,0.0,0.0
2016-01-20 00:00:00+08:00,6.989682307179527,7.01888672362482,6.804718826191147,6.824188709259033,59790,0.0,0.0
2016-01-21 00:00:00+08:00,6.950742486913247,6.950742486913247,6.941007137298584,6.941007137298584,24619,0.0,0.0
2016-01-22 00:00:00+08:00,6.9410069965252505,6.960476879046634,6.794983693927925,6.872862815856934,65066,0.0,0.0
2016-01-25 00:00:00+08:00,6.863128469237763,6.911802768707275,6.814453761611715,6.911802768707275,55394,0.0,0.0
2016-01-26 00:00:00+08:00,6.863127373533344,6.9118016652319625,6.814452673678256,6.843657493591309,37218,0.0,0.0
2016-01-27 00:00:00+08:00,6.843658730206858,7.018886865035101,6.843658730206858,6.892333030700684,66824,0.0,0.0
2016-01-28 00:00:00+08:00,6.892332644419195,6.979946706922977,6.853392879681283,6.92153787612915,70341,0.0,0.0
2016-01-29 00:00:00+08:00,6.911802810063463,6.970212459564209,6.911802810063463,6.970212459564209,40446,0.0,0.0
2016-02-01 00:00:00+08:00,6.921537542716486,6.921537542716486,6.824188135561057,6.9020676612854,53635,0.0,0.0
2016-02-02 00:00:00+08:00,6.814453194845513,6.911802193844442,6.814453194845513,6.9020676612854,45722,0.0,0.0
2016-02-03 00:00:00+08:00,6.911802337877518,6.911802337877518,6.833923218686776,6.882597923278809,38688,0.0,0.0
2016-02-15 00:00:00+08:00,6.8923328918400975,6.902068241530576,6.824188709259033,6.824188709259033,137166,0.0,0.0
2016-02-16 00:00:00+08:00,6.863127708435059,6.872862240724625,6.804718065758723,6.863127708435059,198753,0.0,0.0
2016-02-17 00:00:00+08:00,6.8241888467467104,7.057827448268483,6.814453905016637,6.892333030700684,28381,0.0,0.0
2016-02-18 00:00:00+08:00,6.9507425410437556,7.203851020926272,6.81445376772509,6.824188709259033,307745,0.0,0.0
2016-02-19 00:00:00+08:00,6.82418851771,6.872862815856934,6.82418851771,6.872862815856934,22861,0.0,0.0
2016-02-22 00:00:00+08:00,6.8339230762766,6.970211838137699,6.8339230762766,6.9020676612854,87927,0.0,0.0
2016-02-23 00:00:00+08:00,6.902068235338602,6.911802768707275,6.863128469237763,6.911802768707275,132350,0.0,0.0
2016-02-24 00:00:00+08:00,6.892332885656857,6.941007185126369,6.892332885656857,6.911802768707275,154752,0.0,0.0
2016-02-25 00:00:00+08:00,6.979946992991129,7.00915222589804,6.911802810063463,6.970212459564209,90565,0.0,0.0
2016-02-26 00:00:00+08:00,7.028622191095634,7.281729858906465,6.979947074453722,7.087031841278076,176733,0.0,0.0
2016-03-01 00:00:00+08:00,7.0870315991789035,7.184381012824099,7.028621950991785,7.096766948699951,74738,0.0,0.0
2016-03-02 00:00:00+08:00,7.164910462859781,7.310934161572529,7.096766287810627,7.2330546379089355,291918,0.0,0.0
2016-03-03 00:00:00+08:00,7.320668594266168,7.495897520125022,7.213584658842242,7.223320007324219,133649,0.0,0.0
2016-03-04 00:00:00+08:00,7.203850316681004,7.34987483357139,7.125970792022929,7.2622599601745605,69462,0.0,0.0
2016-03-07 00:00:00+08:00,7.262260013051026,7.34987488708578,7.262260013051026,7.301198959350586,125736,0.0,0.0
2016-03-08 00:00:00+08:00,7.30119942514419,7.408284187316894,7.203850828715258,7.4082841873168945,142442,0.0,0.0
2016-03-09 00:00:00+08:00,7.427753870856709,7.914500921525413,7.418019337999849,7.564043045043945,204870,0.0,0.0
2016-03-10 00:00:00+08:00,7.301199421381512,7.544573361267568,7.301199421381512,7.495898246765137,83531,0.0,0.0
2016-03-11 00:00:00+08:00,7.505633542240527,7.5640431894357665,7.505633542240527,7.5445733070373535,107469,0.0,0.0
2016-03-14 00:00:00+08:00,7.5932483089161185,7.7100684304511,7.5932483089161185,7.641923427581787,205758,0.0,0.0
2016-03-15 00:00:00+08:00,7.641922773959379,7.758742069189554,7.495898246765137,7.495898246765137,152995,0.0,0.0
2016-03-16 00:00:00+08:00,7.515367505829935,7.7392715446025875,7.515367505829935,7.622452259063721,178492,0.0,0.0
2016-03-17 00:00:00+08:00,7.7879470523408765,7.865826588169334,7.622453446861959,7.63218879699707,107271,0.0,0.0
2016-03-18 00:00:00+08:00,7.641922662250306,7.74900660648943,7.534837901698146,7.6808624267578125,133649,0.0,0.0
2016-03-21 00:00:00+08:00,7.778211996251419,7.778211996251419,7.5445734044536925,7.55430793762207,150434,0.0,0.0
2016-03-22 00:00:00+08:00,7.671128049833988,7.671128049833988,7.495898289672639,7.55430793762207,159588,0.0,0.0
2016-03-23 00:00:00+08:00,7.593247604876865,7.593247604876865,7.427754012646873,7.5445733070373535,126754,0.0,0.0
2016-03-24 00:00:00+08:00,7.583513247192857,7.7879466089469265,7.525103598646972,7.690598011016846,187361,0.0,0.0
2016-03-25 00:00:00+08:00,7.641922992317495,7.768476824276439,7.612718575831997,7.7003326416015625,115184,0.0,0.0
2016-03-28 00:00:00+08:00,7.700333080192719,7.719802964396362,7.5932483089161185,7.641923427581787,105835,0.0,0.0
2016-03-29 00:00:00+08:00,7.71006653221622,7.71006653221622,7.398548461654335,7.418018341064453,138045,0.0,0.0
2016-03-30 00:00:00+08:00,7.573777486825609,7.5835128358784285,7.32066902352153,7.447223663330078,145080,0.0,0.0
2016-03-31 00:00:00+08:00,7.456959012382899,7.515367841447745,7.3985493670050335,7.447223663330078,116943,0.0,0.0
2016-04-01 00:00:00+08:00,7.534837334812361,7.78794578506846,7.456958627969614,7.476428508758545,201353,0.0,0.0
2016-04-06 00:00:00+08:00,7.427753789063835,7.447223670876185,7.24279032000302,7.2525248527526855,121416,0.0,0.0
2016-04-07 00:00:00+08:00,7.252525173197132,7.39854970139819,7.252525173197132,7.379079818725586,157389,0.0,0.0
2016-04-08 00:00:00+08:00,7.3790799160022,7.398549798931471,7.349875499764827,7.388814449310303,101116,0.0,0.0
2016-04-11 00:00:00+08:00,7.388814347529534,7.495898294008912,7.3304055158593675,7.466693878173828,107271,0.0,0.0
2016-04-12 00:00:00+08:00,7.4666935451227,7.525103190500564,7.330405188887368,7.447223663330078,102226,0.0,0.0
2016-04-13 00:00:00+08:00,7.456958293914795,7.4861627056334115,7.320668318184786,7.456958293914795,151234,0.0,0.0
2016-04-14 00:00:00+08:00,7.456959411834597,7.778212070465088,7.398549763327866,7.778212070465088,223335,0.0,0.0
2016-04-15 00:00:00+08:00,7.778212070465088,7.797681953300666,7.661392773451626,7.778212070465088,231248,0.0,0.0
2016-04-18 00:00:00+08:00,7.758741955772825,7.758741955772825,7.622452779996553,7.6808624267578125,104677,0.0,0.0
2016-04-19 00:00:00+08:00,7.680863195989075,7.739272848600006,7.612719009432881,7.641923427581787,90641,0.0,0.0
2016-04-20 00:00:00+08:00,7.671127369528072,7.680861901833154,7.554307267676224,7.622452259063721,87332,0.0,0.0
2016-04-21 00:00:00+08:00,7.593246838273279,7.6224520670789015,7.4958974361094715,7.583512306213379,103065,0.0,0.0
2016-04-22 00:00:00+08:00,7.554307605032988,7.573777486825609,7.349875070679989,7.447223663330078,109952,0.0,0.0
2016-04-25 00:00:00+08:00,7.447222945799963,7.4861627056334115,7.369344242446005,7.456958293914795,98585,0.0,0.0
2016-04-26 00:00:00+08:00,7.437489462338745,7.486163760834902,7.437489462338745,7.466693878173828,89685,0.0,0.0
2016-04-27 00:00:00+08:00,7.4666935451227,7.593247368618231,7.427753781537457,7.447223663330078,122218,0.0,0.0
2016-04-28 00:00:00+08:00,7.4656695352640545,7.554546436924856,7.4656695352640545,7.5249199867248535,89278,0.0,0.0
2016-04-29 00:00:00+08:00,7.544670308816157,7.544670308816157,7.327415943145752,7.327415943145752,167288,0.0,0.0
2016-05-03 00:00:00+08:00,7.327416065505094,7.485419168966309,7.278039738536509,7.357040882110596,208027,0.0,0.0
2016-05-04 00:00:00+08:00,7.357040858550402,7.357040858550402,7.268164776392433,7.3076653480529785,92745,0.0,0.0
2016-05-05 00:00:00+08:00,7.307664891067031,7.445918107702816,7.258288567344324,7.317540645599365,224496,0.0,0.0
2016-05-06 00:00:00+08:00,7.297789952847685,7.317540645599365,7.080534781518166,7.317540645599365,419794,0.0,0.0
2016-05-09 00:00:00+08:00,7.278040111315692,7.278040111315692,7.080535609638266,7.1891632080078125,71076,0.0,0.0
2016-05-10 00:00:00+08:00,7.159536674093865,7.159536674093865,7.0015327660772835,7.1101603507995605,342378,0.0,0.0
2016-05-11 00:00:00+08:00,7.110161204614594,7.139786838886138,7.070659814710481,7.12991189956665,108504,0.0,0.0
2016-05-12 00:00:00+08:00,7.149661735960197,7.149661735960197,7.021283458657601,7.1101603507995605,149953,0.0,0.0
2016-05-13 00:00:00+08:00,7.090409729124255,7.090409729124255,6.991657897861096,7.04103422164917,105747,0.0,0.0
2016-05-16 00:00:00+08:00,6.952157138982178,7.001533467221101,6.942282199859619,6.942282199859619,109214,0.0,0.0
2016-05-17 00:00:00+08:00,6.952156921720667,6.971907615661621,6.942281982906709,6.971907615661621,126550,0.0,0.0
2016-05-18 00:00:00+08:00,6.952156921720667,6.971907615661621,6.813904104916586,6.971907615661621,228266,0.0,0.0
2016-05-19 00:00:00+08:00,6.952157238873258,6.952157238873258,6.843530049868591,6.922531604766846,56340,0.0,0.0
2016-05-20 00:00:00+08:00,6.922530932268714,7.001532887648759,6.912655993963581,6.962032318115234,101413,0.0,0.0
2016-05-23 00:00:00+08:00,6.962031917638947,6.962031917638947,6.92253053406466,6.932405471801758,104881,0.0,0.0
2016-05-24 00:00:00+08:00,6.823779782588011,6.88303105096933,6.784278392791748,6.784278392791748,143444,0.0,0.0
2016-05-25 00:00:00+08:00,6.794153066729797,6.8830303686478205,6.794153066729797,6.823779106140137,79267,0.0,0.0
2016-05-26 00:00:00+08:00,6.823779632663003,6.843529918970663,6.764527957426963,6.813904285430908,100546,0.0,0.0
2016-05-27 00:00:00+08:00,6.823779151678205,6.883030414581298,6.794153112070158,6.883030414581299,91878,0.0,0.0
2016-05-30 00:00:00+08:00,6.883030414581298,6.8929061692738145,6.774402418998127,6.883030414581299,65008,0.0,0.0
2016-05-31 00:00:00+08:00,6.8830303686478205,6.8830303686478205,6.823779106140137,6.823779106140137,69515,0.0,0.0
2016-06-01 00:00:00+08:00,6.873155263085182,6.883030201158504,6.833653878165943,6.843529224395752,60676,0.0,0.0
2016-06-02 00:00:00+08:00,6.8435300097560186,6.873156051845319,6.8435300097560186,6.863280296325684,53740,0.0,0.0
2016-06-03 00:00:00+08:00,6.863279829936274,7.05090855998925,6.863279829936274,7.011408805847168,199522,0.0,0.0
2016-06-06 00:00:00+08:00,7.041034437766744,7.041034437766744,6.962032480543537,7.011408805847168,135679,0.0,0.0
2016-06-07 00:00:00+08:00,7.011408805847169,7.011408805847169,7.011408805847169,7.011408805847168,0,0.0,0.0
2016-06-08 00:00:00+08:00,6.962032489748307,7.001533060255628,6.87315559387207,6.87315559387207,75078,0.0,0.0
2016-06-13 00:00:00+08:00,6.873155960666949,6.873155960666949,6.764527957426963,6.813904285430908,107480,0.0,0.0
2016-06-14 00:00:00+08:00,6.843529991690942,7.001533508300781,6.83365464435391,7.001533508300781,63426,0.0,0.0
2016-06-15 00:00:00+08:00,6.942282813748926,6.991659146354078,6.942282813748926,6.981783390045166,68475,0.0,0.0
2016-06-16 00:00:00+08:00,6.981783390045166,6.991659146354078,6.97190845004939,6.981783390045166,58140,0.0,0.0
2016-06-17 00:00:00+08:00,6.981782455767022,7.011408904416113,6.981782455767022,6.9916582107543945,84837,0.0,0.0
2016-06-20 00:00:00+08:00,6.981782733502071,7.050908939598383,6.981782733502071,7.0311598777771,319430,0.0,0.0
2016-06-21 00:00:00+08:00,7.041034820235391,7.080535392836157,7.041034820235391,7.070659637451172,322897,0.0,0.0
2016-06-22 00:00:00+08:00,7.100285101974252,7.396542246523988,7.100285101974252,7.3076653480529785,1149135,0.0,0.0
2016-06-23 00:00:00+08:00,7.30766465676864,7.485418436895656,7.30766465676864,7.47554349899292,336311,0.0,0.0
2016-06-24 00:00:00+08:00,7.5347954777955195,7.554546171798013,7.436043640409127,7.455794334411621,610214,0.0,0.0
2016-06-27 00:00:00+08:00,7.455794783957822,8.1964364661083,7.455794783957822,8.11743450164795,516688,0.0,0.0
2016-06-28 00:00:00+08:00,8.147058846607923,8.285312058449882,8.127308154541083,8.156933784484863,430747,0.0,0.0
2016-06-29 00:00:00+08:00,8.196435411766144,8.946951936814642,8.196435411766144,8.877825736999512,1094064,0.0,0.0
2016-06-30 00:00:00+08:00,9.183958002458976,9.183958002458976,8.719822020907333,8.838324546813965,1257832,0.0,0.0
2016-07-01 00:00:00+08:00,8.788949864743618,8.877827592096226,8.788949864743618,8.808700561523438,229417,0.0,0.0
2016-07-04 00:00:00+08:00,8.709946794730985,9.03582873020664,8.709946794730985,8.897576332092285,280246,0.0,0.0
2016-07-05 00:00:00+08:00,8.788948059082031,8.877825768174997,8.788948059082031,8.788948059082031,202134,0.0,0.0
2016-07-06 00:00:00+08:00,8.601319146463917,8.779072928121046,8.601319146463917,8.69019603729248,114197,0.0,0.0
2016-07-07 00:00:00+08:00,8.739573219248948,8.798823669314652,8.69019689182897,8.70994758605957,166595,0.0,0.0
2016-07-08 00:00:00+08:00,8.70994758605957,8.70994758605957,8.70994758605957,8.70994758605957,0,0.0,0.0
2016-07-11 00:00:00+08:00,8.709948153484117,9.08520565412099,8.709948153484117,9.025955200195312,399093,0.0,0.0
2016-07-12 00:00:00+08:00,9.035828158454795,9.065453787077988,8.907450706525267,8.956826210021973,355553,0.0,0.0
2016-07-13 00:00:00+08:00,8.956825923635515,9.035827869542322,8.927200295959574,9.016077995300293,158621,0.0,0.0
2016-07-14 00:00:00+08:00,8.986451551311456,9.065453497218261,8.986451551311456,9.016077995300293,223638,0.0,0.0
2016-07-15 00:00:00+08:00,8.986451551311456,9.065453497218261,8.986451551311456,9.016077995300293,253100,0.0,0.0
2016-07-18 00:00:00+08:00,8.986452986620865,9.628343593518608,8.986452986620865,9.490090370178223,786170,0.0,0.0
2016-07-19 00:00:00+08:00,9.49009046718844,9.835722304603003,9.49009046718844,9.796221733093262,1004384,0.0,0.0
2016-07-20 00:00:00+08:00,9.776471489514302,10.023351480756084,9.776471489514302,9.924599647521973,1480037,0.0,0.0
2016-07-21 00:00:00+08:00,9.875223322748415,10.023351480756084,9.85547262957639,9.924599647521973,436857,0.0,0.0
2016-07-22 00:00:00+08:00,9.924599647521973,10.023351480756084,9.875223322748415,9.924599647521973,556182,0.0,0.0
2016-07-25 00:00:00+08:00,9.924599483748802,9.973974991394574,9.865348221523483,9.875223159790039,377916,0.0,0.0
2016-07-26 00:00:00+08:00,9.875223508517323,10.023351669311523,9.825847182814917,10.023351669311523,558996,0.0,0.0
2016-07-27 00:00:00+08:00,10.023351480756084,10.023351480756084,9.875223322748415,9.924599647521973,190279,0.0,0.0
2016-07-28 00:00:00+08:00,10.074216842651367,10.074216842651367,9.964498336685358,10.074216842651367,360168,0.115369,0.0
2016-07-29 00:00:00+08:00,9.974472229550148,11.07166385323896,9.974472229550148,10.872175216674805,2297212,0.0,0.0
2016-08-01 00:00:00+08:00,10.772428630197481,11.271152666494562,10.772428630197481,11.221280097961426,984448,0.0,0.0
2016-08-02 00:00:00+08:00,11.370896807381214,11.420770199678575,11.221279928557662,11.27115249633789,876749,0.0,0.0
2016-08-03 00:00:00+08:00,11.321025547697445,11.42077068751853,11.271152977786903,11.37089729309082,695782,0.0,0.0
2016-08-04 00:00:00+08:00,11.42077099085903,11.570387880047377,11.321025848388672,11.321025848388672,1131515,0.0,0.0
2016-08-05 00:00:00+08:00,11.37089697904369,11.37089697904369,10.822301198730619,11.221280097961426,1110108,0.0,0.0
2016-08-08 00:00:00+08:00,11.321025848388672,11.470643562094208,11.221280705918312,11.321025848388672,997071,0.0,0.0
2016-08-09 00:00:00+08:00,11.321024913907431,11.321024913907431,10.971918593112145,11.071662902832031,678904,0.0,0.0
2016-08-10 00:00:00+08:00,11.071663546919215,11.071663546919215,10.872174915874313,10.922046661376953,641751,0.0,0.0
2016-08-11 00:00:00+08:00,10.922046216538977,10.922046216538977,10.523067321664623,10.772428512573242,731563,0.0,0.0
2016-08-12 00:00:00+08:00,10.672685193893575,10.77242951463188,10.273707086423146,10.323578834533691,756671,0.0,0.0
2016-08-15 00:00:00+08:00,10.323578161879745,10.87217477600572,10.323578161879745,10.722557067871094,316526,0.0,0.0
2016-08-16 00:00:00+08:00,10.772428022744904,10.87217397870369,10.672683715820312,10.672683715820312,116335,0.0,0.0
2016-08-17 00:00:00+08:00,10.772428022744904,10.971918285628282,10.62281115009947,10.672683715820312,595418,0.0,0.0
2016-08-18 00:00:00+08:00,10.672683715820312,10.822300588465747,10.572939408895722,10.672683715820312,885287,0.0,0.0
2016-08-19 00:00:00+08:00,10.822302030848832,11.72000503540039,10.42332392545806,11.72000503540039,3926310,0.0,0.0
2016-08-22 00:00:00+08:00,11.620259601851064,12.019238493533086,11.470642723599587,11.769876480102539,4203915,0.0,0.0
2016-08-23 00:00:00+08:00,11.819748878479004,12.019239159897175,11.620260246095182,11.819748878479004,3704183,0.0,0.0
2016-08-24 00:00:00+08:00,11.819748223174946,11.969365925943551,11.620259601851064,11.769876480102539,2757291,0.0,0.0
2016-08-25 00:00:00+08:00,11.869621343161912,11.919493088555287,11.37089729309082,11.37089729309082,1868209,0.0,0.0
2016-08-26 00:00:00+08:00,11.17140803706904,11.221279779670423,11.021791160230649,11.071662902832031,1008605,0.0,0.0
2016-08-29 00:00:00+08:00,11.171408959200324,11.321025848388672,11.171408959200324,11.321025848388672,568815,0.0,0.0
2016-08-30 00:00:00+08:00,11.27115249633789,11.520514510721899,11.27115249633789,11.27115249633789,706427,0.0,0.0
2016-08-31 00:00:00+08:00,11.470642615262944,11.470642615262944,11.071662902832031,11.071662902832031,1158020,0.0,0.0
2016-09-01 00:00:00+08:00,11.321024596639997,11.321024596639997,10.473194277454034,10.672683715820312,1103412,0.0,0.0
2016-09-02 00:00:00+08:00,10.872174126153071,10.872174126153071,10.423322677612305,10.423322677612305,445533,0.0,0.0
2016-09-05 00:00:00+08:00,10.423322536250287,10.822300588465747,10.423322536250287,10.672683715820312,521414,0.0,0.0
2016-09-06 00:00:00+08:00,10.672684635795072,10.971919231396763,10.672684635795072,10.922046661376953,673716,0.0,0.0
2016-09-07 00:00:00+08:00,10.971918784527555,10.971918784527555,10.772428512573242,10.772428512573242,565141,0.0,0.0
2016-09-08 00:00:00+08:00,10.772428022744904,10.87217397870369,10.672683715820312,10.672683715820312,488399,0.0,0.0
2016-09-09 00:00:00+08:00,10.672684201113222,10.872174473067535,10.423323010204603,10.772428512573242,962526,0.0,0.0
2016-09-12 00:00:00+08:00,10.622811929114677,10.772428812732144,10.622811929114677,10.722557067871094,577277,0.0,0.0
2016-09-13 00:00:00+08:00,10.722557413085894,10.722557413085894,10.473195382683752,10.622812271118164,326776,0.0,0.0
2016-09-14 00:00:00+08:00,10.672683715820312,10.672683715820312,10.423322536250287,10.672683715820312,438591,0.0,0.0
2016-09-19 00:00:00+08:00,10.772428022744904,10.87217397870369,10.672683715820312,10.672683715820312,616281,0.0,0.0
2016-09-20 00:00:00+08:00,10.572939408895722,10.722556281541157,10.373449970529443,10.672683715820312,1099477,0.0,0.0
2016-09-21 00:00:00+08:00,10.67268497433587,10.822301864624023,10.27370687507319,10.822301864624023,1981264,0.0,0.0
2016-09-22 00:00:00+08:00,10.872173800786769,11.02179067098381,10.822300411364976,10.971918106079102,1756211,0.0,0.0
2016-09-23 00:00:00+08:00,10.971918593112145,11.071662902832031,10.872174283392257,11.071662902832031,1004031,0.0,0.0
2016-09-26 00:00:00+08:00,11.071662902832031,11.121535469950535,10.971918593112145,11.071662902832031,1005466,0.0,0.0
2016-09-27 00:00:00+08:00,11.071662902832031,11.071662902832031,11.071662902832031,11.071662902832031,0,0.0,0.0
2016-09-28 00:00:00+08:00,11.071662902832031,11.071662902832031,11.071662902832031,11.071662902832031,0,0.0,0.0
2016-09-29 00:00:00+08:00,11.121535617514338,11.470642767458802,10.872174427647462,11.27115249633789,1718143,0.0,0.0
2016-09-30 00:00:00+08:00,11.271151830507495,11.570386394994793,11.171407525356452,11.47064208984375,2019676,0.0,0.0
2016-10-03 00:00:00+08:00,11.370896618784496,11.57038688659668,11.321024876348568,11.57038688659668,2272788,0.0,0.0
2016-10-04 00:00:00+08:00,11.520515922078733,11.62026106985878,11.37089820040866,11.420771598815918,2381049,0.0,0.0
2016-10-05 00:00:00+08:00,11.32102439534156,11.769875829813964,11.32102439534156,11.47064208984375,2976658,0.0,0.0
2016-10-06 00:00:00+08:00,11.37089729309082,11.520515002822448,11.22128040787636,11.37089729309082,3403465,0.0,0.0
2016-10-07 00:00:00+08:00,11.470643257429073,11.470643257429073,11.121536092572443,11.37089729309082,1471896,0.0,0.0
2016-10-11 00:00:00+08:00,11.370896807381214,11.420770199678575,11.221279928557662,11.27115249633789,1008067,0.0,0.0
2016-10-12 00:00:00+08:00,11.221279928557662,11.321025064118118,11.171408185294567,11.27115249633789,1365181,0.0,0.0
2016-10-13 00:00:00+08:00,11.17140754118085,11.271151846473183,10.971918106079102,10.971918106079102,693425,0.0,0.0
2016-10-14 00:00:00+08:00,10.822300396035091,11.47064208984375,10.822300396035091,11.47064208984375,1983616,0.0,0.0
2016-10-17 00:00:00+08:00,11.47064208984375,11.570386394994793,11.32102439534156,11.47064208984375,1959868,0.0,0.0
2016-10-18 00:00:00+08:00,11.470643056240688,11.769876821421223,11.470643056240688,11.67013168334961,2984534,0.0,0.0
2016-10-19 00:00:00+08:00,11.570388437730275,11.919493979651552,11.570388437730275,11.869622230529785,4015799,0.0,0.0
2016-10-20 00:00:00+08:00,11.869621927383875,12.019239644479676,11.76987760717055,11.919493675231934,3122815,0.0,0.0
2016-10-21 00:00:00+08:00,11.919493630587043,11.969367027282715,11.76987756308605,11.969367027282715,2955724,0.0,0.0
2016-10-24 00:00:00+08:00,11.969366216431776,12.168855667114258,11.91949282311472,12.168855667114258,2963199,0.0,0.0
2016-10-25 00:00:00+08:00,12.268601190010308,12.6675801307188,12.268601190010308,12.567835807800293,5119354,0.0,0.0
2016-10-26 00:00:00+08:00,12.617707096550127,12.86706829071045,12.617707096550127,12.86706829071045,4934517,0.0,0.0
2016-10-27 00:00:00+08:00,12.966813820408774,13.166304113686662,12.966813820408774,13.066559791564941,2746523,0.0,0.0
2016-10-28 00:00:00+08:00,13.166304113686662,13.216176687006135,13.016686393728245,13.066559791564941,2606053,0.0,0.0
2016-10-31 00:00:00+08:00,13.216175939965577,13.46553714343342,12.966813087463379,12.966813087463379,2473628,0.0,0.0
2016-11-01 00:00:00+08:00,12.966812915998887,13.016685485839844,12.567834830822722,13.016685485839844,3412128,0.0,0.0
2016-11-02 00:00:00+08:00,13.166303195362717,13.166303195362717,12.817196030993179,13.016685485839844,2107492,0.0,0.0
2016-11-03 00:00:00+08:00,13.016685172110071,13.166302878026839,12.717451409310826,12.86706829071045,3658057,0.0,0.0
2016-11-04 00:00:00+08:00,12.76732403326876,12.817195777606624,12.3683443069458,12.3683443069458,3454713,0.0,0.0
2016-11-07 00:00:00+08:00,12.268599993752924,12.61770715122087,12.268599993752924,12.3683443069458,2535072,0.0,0.0
2016-11-08 00:00:00+08:00,12.418216705322266,12.56783440983334,12.368344137151908,12.418216705322266,1509990,0.0,0.0
2016-11-09 00:00:00+08:00,12.468090322215456,12.56783546694599,11.869621927383875,11.919493675231934,2101945,0.0,0.0
2016-11-10 00:00:00+08:00,12.019238490542165,12.418216557607776,12.019238490542165,12.218727111816406,1694558,0.0,0.0
2016-11-11 00:00:00+08:00,12.168856847846525,12.268601170607285,11.869622230529785,11.869622230529785,876764,0.0,0.0
2016-11-14 00:00:00+08:00,11.919493293021981,12.268600463867188,11.470643454196209,12.268600463867188,1506046,0.0,0.0
2016-11-15 00:00:00+08:00,12.118983964693003,12.268600857271595,11.919493675231934,11.919493675231934,825176,0.0,0.0
2016-11-16 00:00:00+08:00,11.919493630587043,12.019239599461182,11.919493630587043,11.969367027282715,517468,0.0,0.0
2016-11-17 00:00:00+08:00,11.969365594154038,12.418216216466377,11.969365594154038,12.318471908569336,1260352,0.0,0.0
2016-11-18 00:00:00+08:00,12.368343471398834,13.066557739166662,12.368343471398834,12.617706298828125,2326131,0.0,0.0
2016-11-21 00:00:00+08:00,12.617708381518161,12.71745270443667,12.418218086646686,12.567835807800293,714271,0.0,0.0
2016-11-22 00:00:00+08:00,12.66757857097627,12.717451138553395,12.069110233602162,12.218727111816406,3088652,0.0,0.0
2016-11-23 00:00:00+08:00,12.21872679097256,12.368343665258111,12.019238174936566,12.069109916687012,890184,0.0,0.0
2016-11-24 00:00:00+08:00,12.21872679097256,12.418216231525664,12.069109916687012,12.069109916687012,890532,0.0,0.0
2016-11-25 00:00:00+08:00,12.069109569784176,12.118982134618241,11.47064208984375,11.47064208984375,1846400,0.0,0.0
2016-11-28 00:00:00+08:00,11.47064208984375,11.620258959828856,11.12153496052239,11.47064208984375,2879743,0.0,0.0
2016-11-29 00:00:00+08:00,11.321024876348568,11.620259453549725,11.271152309395521,11.57038688659668,3508504,0.0,0.0
2016-11-30 00:00:00+08:00,11.37089697904369,11.420770372093973,11.171408353945433,11.221280097961426,3997657,0.0,0.0
2016-12-01 00:00:00+08:00,11.221280097961426,11.3210252350277,11.121535785412297,11.221280097961426,14972785,0.0,0.0
2016-12-02 00:00:00+08:00,10.971919938093855,11.021792511325938,10.373451532860523,10.52306842803955,5019877,0.0,0.0
2016-12-05 00:00:00+08:00,10.473195382683752,10.772429159552575,10.373451065233207,10.622812271118164,4355578,0.0,0.0
2016-12-06 00:00:00+08:00,10.373451361304069,10.822302039418044,10.373451361304069,10.572940826416016,4149019,0.0,0.0
2016-12-07 00:00:00+08:00,10.622812574306096,10.722557719120674,10.523068254008727,10.572940826416016,1892184,0.0,0.0
2016-12-08 00:00:00+08:00,10.672684303381734,11.121535770545679,10.473194854032997,11.021791458129883,2336843,0.0,0.0
2016-12-09 00:00:00+08:00,11.17140803706904,11.17140803706904,10.922046025993641,11.071662902832031,2116680,0.0,0.0
2016-12-12 00:00:00+08:00,11.121536469717528,11.370897678692053,10.822301864624023,10.822301864624023,2216360,0.0,0.0
2016-12-13 00:00:00+08:00,11.4706433521969,11.769877125098022,11.370897387034569,11.620260238647461,5194630,0.0,0.0
2016-12-14 00:00:00+08:00,11.769877132641636,11.869621448833547,11.769877132641636,11.819748878479004,3539506,0.0,0.0
2016-12-15 00:00:00+08:00,11.96936590448474,12.368343970934342,11.919492512467489,12.019238471984863,3669086,0.0,0.0
2016-12-16 00:00:00+08:00,12.218727114856968,12.268599682446503,11.769876480102539,11.769876480102539,6777365,0.0,0.0
2016-12-19 00:00:00+08:00,11.969365925943551,12.019238493533086,11.720003912513004,11.769876480102539,4928520,0.0,0.0
2016-12-20 00:00:00+08:00,11.47064382259581,11.81974935561878,11.221280960756811,11.72000503540039,6435859,0.0,0.0
2016-12-21 00:00:00+08:00,11.620260238647461,11.720004554775443,11.321025641229165,11.620260238647461,3610145,0.0,0.0
2016-12-22 00:00:00+08:00,11.72000503540039,11.81974935561878,11.67013246303259,11.72000503540039,3209090,0.0,0.0
2016-12-23 00:00:00+08:00,11.720003912513004,11.819748223174946,11.520514466671992,11.769876480102539,567140,0.0,0.0
2016-12-26 00:00:00+08:00,11.769876821421223,11.769876821421223,11.520514800759342,11.67013168334961,1138951,0.0,0.0
2016-12-27 00:00:00+08:00,11.570388142814199,12.019239645089979,11.570388142814199,11.72000503540039,2253633,0.0,0.0
2016-12-28 00:00:00+08:00,11.720004554775443,11.869621441226004,11.620260238647461,11.620260238647461,970795,0.0,0.0
2016-12-29 00:00:00+08:00,11.670132760491036,11.869622230529785,11.470644114969515,11.869622230529785,1841910,0.0,0.0
2016-12-30 00:00:00+08:00,11.819748878479004,11.869621448833547,11.67013199193255,11.819748878479004,1008067,0.0,0.0
2017-01-03 00:00:00+08:00,11.819749087188894,11.819749087188894,11.321025848388672,11.321025848388672,796589,0.0,0.0
2017-01-04 00:00:00+08:00,11.520515308812199,11.520515308812199,11.321025848388672,11.321025848388672,305973,0.0,0.0
2017-01-05 00:00:00+08:00,11.420770199678575,11.470642767458802,11.27115249633789,11.27115249633789,330348,0.0,0.0
2017-01-06 00:00:00+08:00,11.27115249633789,11.370896807381214,11.07166304973411,11.27115249633789,761901,0.0,0.0
2017-01-09 00:00:00+08:00,11.271153533124611,11.72000503540039,11.121536640538421,11.72000503540039,2642556,0.0,0.0
2017-01-10 00:00:00+08:00,11.620258959828856,11.620258959828856,11.271151830507495,11.47064208984375,3227027,0.0,0.0
2017-01-11 00:00:00+08:00,11.420770854196002,11.470643424834396,11.121536254882812,11.121536254882812,2544870,0.0,0.0
2017-01-12 00:00:00+08:00,11.121536469717528,11.221280788403899,10.67268497433587,10.822301864624023,2256925,0.0,0.0
2017-01-13 00:00:00+08:00,10.822301820757978,10.971919534956882,10.672684931076267,10.872175216674805,406520,0.0,0.0
2017-01-16 00:00:00+08:00,10.772428812732144,11.021791659623187,10.672684498492886,10.722557067871094,775769,0.0,0.0
2017-01-17 00:00:00+08:00,10.772429645165522,10.772429645165522,10.52306842803955,10.52306842803955,2596976,0.0,0.0
2017-01-18 00:00:00+08:00,10.672683715820312,10.722556281541157,10.523066843174878,10.672683715820312,706529,0.0,0.0
2017-01-19 00:00:00+08:00,10.722557413085894,10.772429159552575,10.622812271118164,10.622812271118164,773169,0.0,0.0
2017-01-20 00:00:00+08:00,10.622812749986494,10.722557896450661,10.52306842803955,10.52306842803955,225363,0.0,0.0
2017-01-23 00:00:00+08:00,10.47319527716063,10.47319527716063,9.974472045898438,9.974472045898438,1195291,0.0,0.0
2017-01-24 00:00:00+08:00,9.97447228011227,10.223833489340109,9.944548902024241,9.954523086547852,829510,0.0,0.0
2017-02-02 00:00:00+08:00,9.954522500743947,9.974471693134394,9.475747654993242,9.605415344238281,1088677,0.0,0.0
2017-02-03 00:00:00+08:00,9.585468773136835,10.12408960165693,9.505671995481253,9.964498519897461,1604430,0.0,0.0
2017-02-06 00:00:00+08:00,9.974472769745056,10.473196037199552,9.974472769745056,10.273707389831543,1085312,0.0,0.0
2017-02-07 00:00:00+08:00,10.273707134087934,10.473195776490067,10.074216842651367,10.074216842651367,601546,0.0,0.0
2017-02-08 00:00:00+08:00,10.124088932825378,10.173960678789573,9.974472045898438,9.974472045898438,298172,0.0,0.0
2017-02-09 00:00:00+08:00,9.97447198407247,10.024344554244712,9.934573598127807,9.944548606872559,219295,0.0,0.0
2017-02-10 00:00:00+08:00,9.974471791936526,9.974471791936526,9.874727478030566,9.914624214172363,419522,0.0,0.0
2017-02-13 00:00:00+08:00,9.924599475417065,10.32357839023369,9.924599475417065,9.974472045898438,722029,0.0,0.0
2017-02-14 00:00:00+08:00,9.974471711307645,10.024344280116056,9.73508470025471,9.745058059692383,910987,0.0,0.0
2017-02-15 00:00:00+08:00,9.824854532577598,10.32357773204317,9.824854532577598,10.124088287353516,7330112,0.0,0.0
2017-02-16 00:00:00+08:00,10.124087632515861,10.124087632515861,9.774981333018847,9.824853897094727,1689647,0.0,0.0
2017-02-17 00:00:00+08:00,9.82485508436295,9.944548592995567,9.804905891418457,9.804905891418457,770569,0.0,0.0
2017-02-20 00:00:00+08:00,9.645312831324974,10.074215068439983,9.645312831324974,9.824853897094727,2239187,0.0,0.0
2017-02-21 00:00:00+08:00,9.82485537030201,9.924599688893057,9.675237655639648,9.675237655639648,1926040,0.0,0.0
2017-02-22 00:00:00+08:00,9.645313020453745,9.655288028174757,8.807457720328527,8.967049598693848,4111277,0.0,0.0
2017-02-23 00:00:00+08:00,8.977024384521137,8.986999392911766,8.528172917939937,8.538147926330566,2727779,0.0,0.0
2017-02-24 00:00:00+08:00,8.548122338936288,8.76756016164476,8.538148154795909,8.578044891357422,2272078,0.0,0.0
2017-03-01 00:00:00+08:00,8.387185600380352,8.53821570645278,8.185812950134277,8.185812950134277,4240922,0.0,0.0
2017-03-02 00:00:00+08:00,8.30663660794299,8.417391520857203,8.286499426005598,8.377117156982422,1723358,0.0,0.0
2017-03-03 00:00:00+08:00,8.387185575219446,8.508009494811494,8.336842206679664,8.367049217224121,1847866,0.0,0.0
2017-03-06 00:00:00+08:00,8.377117396221784,8.437529768276386,8.336842206679664,8.367049217224121,813164,0.0,0.0
2017-03-07 00:00:00+08:00,8.367049900905977,8.367049900905977,8.256294151261605,8.316705703735352,923074,0.0,0.0
2017-03-08 00:00:00+08:00,8.346911210194483,8.518078498326313,8.346911210194483,8.367049217224121,1321499,0.0,0.0
2017-03-09 00:00:00+08:00,8.356979569052903,8.397253930971107,8.246223837002203,8.2864990234375,1363574,0.0,0.0
2017-03-10 00:00:00+08:00,8.26636147559235,8.316704843035692,8.155607386444418,8.256293296813965,1300891,0.0,0.0
2017-03-13 00:00:00+08:00,8.256294389868724,8.346912133456811,8.256294389868724,8.30663776397705,1083662,0.0,0.0
2017-03-14 00:00:00+08:00,8.316704843035692,8.346911028405126,8.256293296813965,8.256293296813965,994602,0.0,0.0
2017-03-15 00:00:00+08:00,8.256293058085,8.31670460255994,8.256293058085,8.266361236572266,923890,0.0,0.0
2017-03-16 00:00:00+08:00,8.266362304307517,8.659040279925286,8.226088760639355,8.548284530639648,2319235,0.0,0.0
2017-03-17 00:00:00+08:00,8.608696311577505,9.263159284135563,8.588559128878625,9.051716804504395,5065505,0.0,0.0
2017-03-20 00:00:00+08:00,9.091991825386629,9.273226466307161,9.05171663622047,9.182609558105469,2969299,0.0,0.0
2017-03-21 00:00:00+08:00,9.232952932986494,9.232952932986494,8.779863444540897,8.951030731201172,2127129,0.0,0.0
2017-03-22 00:00:00+08:00,8.86041208610325,8.86041208610325,8.729519989935811,8.779863357543945,1160068,0.0,0.0
2017-03-23 00:00:00+08:00,8.779863577840963,8.850344129357364,8.739589212550781,8.759725570678711,934387,0.0,0.0
2017-03-24 00:00:00+08:00,8.659040767352217,8.679177128061186,8.497942461025058,8.528148651123047,2798198,0.0,0.0
2017-03-27 00:00:00+08:00,8.528148159180754,8.709383640279663,8.497941970825195,8.497941970825195,929724,0.0,0.0
2017-03-28 00:00:00+08:00,8.508009767246554,8.60869650755021,8.397254847622841,8.457666397094727,947049,0.0,0.0
2017-03-29 00:00:00+08:00,8.497942150607338,8.699314820031113,8.487873146103393,8.659040451049805,1412720,0.0,0.0
2017-03-30 00:00:00+08:00,8.659039813815246,8.719451362841411,8.578490257263184,8.578490257263184,675694,0.0,0.0
2017-03-31 00:00:00+08:00,8.588559324392916,8.588559324392916,8.44759821777467,8.457666397094727,740547,0.0,0.0
2017-04-05 00:00:00+08:00,8.548283972438602,8.548283972438602,8.306636954588573,8.356980323791504,796924,0.0,0.0
2017-04-06 00:00:00+08:00,8.356980143039134,8.377117325381327,8.236155399951675,8.246224403381348,1332890,0.0,0.0
2017-04-07 00:00:00+08:00,8.246224690623533,8.4173919832702,8.165675133931813,8.346911430358887,665472,0.0,0.0
2017-04-10 00:00:00+08:00,8.397254153043642,8.397254153043642,8.266361236572266,8.266361236572266,477595,0.0,0.0
2017-04-11 00:00:00+08:00,8.26636147559235,8.26636147559235,8.205949929370622,8.256293296813965,542140,0.0,0.0
2017-04-12 00:00:00+08:00,8.25629264952508,8.25629264952508,8.165674100521224,8.175743103027344,746187,0.0,0.0
2017-04-13 00:00:00+08:00,8.226087291040868,8.25629264952508,8.165674100521224,8.175743103027344,467088,0.0,0.0
2017-04-14 00:00:00+08:00,8.205950097677768,8.21601910117981,8.12540054321289,8.12540054321289,476371,0.0,0.0
2017-04-17 00:00:00+08:00,8.125399968526985,8.165674330652356,7.924027333383025,7.954232692718506,1963787,0.0,0.0
2017-04-18 00:00:00+08:00,8.155608228192595,8.155608228192595,7.9743719217875615,8.024714469909668,357847,0.0,0.0
2017-04-19 00:00:00+08:00,8.024714138450946,8.05492115020752,7.954233584570509,8.05492115020752,349547,0.0,0.0
2017-04-20 00:00:00+08:00,8.054920305964103,8.054920305964103,8.01464511902714,8.044851303100586,401105,0.0,0.0
2017-04-21 00:00:00+08:00,8.054920305964103,8.095193843866861,8.044851303100586,8.044851303100586,290060,0.0,0.0
2017-04-24 00:00:00+08:00,8.054919941713747,8.115331482611676,7.833409309387207,7.833409309387207,994450,0.0,0.0
2017-04-25 00:00:00+08:00,7.98444018591355,7.98444018591355,7.722654342651367,7.722654342651367,964290,0.0,0.0
2017-04-26 00:00:00+08:00,7.752859843308701,7.752859843308701,7.350114584151456,7.360182762145996,1514020,0.0,0.0
2017-04-27 00:00:00+08:00,7.420595065031431,7.420595065031431,7.2393587929842305,7.249427795410156,1050600,0.0,0.0
2017-04-28 00:00:00+08:00,7.249429389469364,7.632038373512433,7.219223200066688,7.380321502685547,915611,0.0,0.0
2017-05-02 00:00:00+08:00,7.390389697388398,7.450801245055802,7.370251690315438,7.4306640625,279561,0.0,0.0
2017-05-03 00:00:00+08:00,7.43066425222661,7.440732431503002,7.329977512359619,7.329977512359619,270825,0.0,0.0
2017-05-04 00:00:00+08:00,7.289702447154211,7.340045812259895,7.098397989559451,7.138672351837158,1193915,0.0,0.0
2017-05-05 00:00:00+08:00,7.0480563312397635,7.138673245449393,6.9272315802477165,6.997712135314941,1423138,0.0,0.0
2017-05-08 00:00:00+08:00,7.007781139403347,7.148742249537798,6.876888621098699,6.997712135314941,740259,0.0,0.0
2017-05-09 00:00:00+08:00,6.957437202759472,7.108467304712337,6.957437202759472,7.037986755371094,263643,0.0,0.0
2017-05-10 00:00:00+08:00,7.037986950424849,7.249428604308563,7.037986950424849,7.199085235595703,631984,0.0,0.0
2017-05-11 00:00:00+08:00,7.239359472240289,7.239359472240289,7.178947925567627,7.178947925567627,182979,0.0,0.0
2017-05-12 00:00:00+08:00,7.098398457116363,7.390389664155351,7.098398457116363,7.3501152992248535,982931,0.0,0.0
2017-05-15 00:00:00+08:00,7.440732208059894,7.440732208059894,7.340046295733653,7.3501152992248535,218103,0.0,0.0
2017-05-16 00:00:00+08:00,7.3501152992248535,7.370251657172948,7.2594967413555045,7.3501152992248535,176916,0.0,0.0
2017-05-17 00:00:00+08:00,7.279633923820753,7.3501152992248535,7.279633923820753,7.3501152992248535,132235,0.0,0.0
2017-05-18 00:00:00+08:00,7.340046433321171,7.340046433321171,7.158810138702393,7.158810138702393,415123,0.0,0.0
2017-05-19 00:00:00+08:00,7.178948289581817,7.340046580061342,7.168879285700577,7.209153652191162,530660,0.0,0.0
2017-05-22 00:00:00+08:00,7.118536287028623,7.279633742743388,7.118536287028623,7.239359378814697,162289,0.0,0.0
2017-05-23 00:00:00+08:00,7.22929048538208,7.249428492169443,7.178947941965113,7.22929048538208,115062,0.0,0.0
2017-05-24 00:00:00+08:00,7.229290468869606,7.229290468869606,7.168878922196944,7.178947925567627,303366,0.0,0.0
2017-05-25 00:00:00+08:00,7.178948679698589,7.299771785736084,7.178948679698589,7.299771785736084,226772,0.0,0.0
2017-05-26 00:00:00+08:00,7.319910361751051,7.62196979928329,7.309841356542481,7.581694602966309,1095668,0.0,0.0
2017-05-31 00:00:00+08:00,7.752860848098438,8.256293724066738,7.662243111817923,8.165675163269043,2601985,0.0,0.0
2017-06-01 00:00:00+08:00,8.22608838030964,8.22608838030964,7.893821972332145,7.913959980010986,1062428,0.0,0.0
2017-06-02 00:00:00+08:00,7.9240276084486485,8.105263068821122,7.752860326698465,7.772998332977295,687969,0.0,0.0
2017-06-05 00:00:00+08:00,7.833410665186665,7.843479669337587,7.652174362090533,7.662243366241455,449945,0.0,0.0
2017-06-06 00:00:00+08:00,7.732723551773528,7.732723551773528,7.65217399597168,7.65217399597168,600213,0.0,0.0
2017-06-07 00:00:00+08:00,7.66224396774125,7.732724528778926,7.5212828456658976,7.6823811531066895,626832,0.0,0.0
2017-06-08 00:00:00+08:00,7.722654822153332,7.722654822153332,7.692449459108284,7.702518463134766,183756,0.0,0.0
2017-06-09 00:00:00+08:00,7.652175165874408,7.702519367399959,7.561558241583761,7.581694602966309,236994,0.0,0.0
2017-06-12 00:00:00+08:00,7.481008673467092,7.6320388044918595,7.481008673467092,7.581694602966309,152987,0.0,0.0
2017-06-13 00:00:00+08:00,7.581693904432646,7.67231246940881,7.531351356579958,7.601831912994385,174310,0.0,0.0
2017-06-14 00:00:00+08:00,7.642104938266312,7.642104938266312,7.350114584151456,7.360182762145996,341753,0.0,0.0
2017-06-15 00:00:00+08:00,7.4205966967281975,7.430664876850924,7.309840943757468,7.380321502685547,144357,0.0,0.0
2017-06-16 00:00:00+08:00,7.380321502685547,7.4205966967281975,7.329978128520169,7.380321502685547,145974,0.0,0.0
2017-06-19 00:00:00+08:00,7.329977292242451,7.430664029085848,7.319909113268404,7.3501152992248535,188086,0.0,0.0
2017-06-20 00:00:00+08:00,7.360183478198901,7.400457843129398,7.329977292242451,7.3501152992248535,63541,0.0,0.0
2017-06-21 00:00:00+08:00,7.350115689965875,7.75286100971558,7.319909502403628,7.702518463134766,832355,0.0,0.0
2017-06-22 00:00:00+08:00,7.732723921746281,7.752861105530916,7.51121325108088,7.662243366241455,330439,0.0,0.0
2017-06-23 00:00:00+08:00,7.662243097970417,7.662243097970417,7.531350995694489,7.57162618637085,106475,0.0,0.0
2017-06-26 00:00:00+08:00,7.551488015581132,7.551488015581132,7.4306640951975,7.5112128257751465,247579,0.0,0.0
2017-06-27 00:00:00+08:00,7.501143437461302,7.501143437461302,7.380320347791838,7.450800895690918,263142,0.0,0.0
2017-06-28 00:00:00+08:00,7.4205958834806784,7.450801245055802,7.400457876407719,7.4306640625,178604,0.0,0.0
2017-06-29 00:00:00+08:00,7.460869898755266,7.531350446654347,7.4407318926265695,7.450800895690918,491161,0.0,0.0
2017-06-30 00:00:00+08:00,7.450801641094725,7.521282196044922,7.450801641094725,7.521282196044922,141681,0.0,0.0
2017-07-03 00:00:00+08:00,7.5514880818658305,7.722654548104359,7.531350899044661,7.65217399597168,1056639,0.0,0.0
2017-07-04 00:00:00+08:00,7.722654370974395,8.155607502026417,7.7125861920533225,8.01464557647705,3545987,0.0,0.0
2017-07-05 00:00:00+08:00,8.024712934489182,8.085126124421244,7.793134948788587,7.833409309387207,1410239,0.0,0.0
2017-07-06 00:00:00+08:00,8.0045774568813,8.0045774568813,7.853547351291513,7.893821716308594,403659,0.0,0.0
2017-07-07 00:00:00+08:00,7.903891123009617,7.944165490081148,7.6521742675195545,7.702518463134766,589050,0.0,0.0
2017-07-10 00:00:00+08:00,7.722654548104359,7.722654548104359,7.65217399597168,7.65217399597168,217502,0.0,0.0
2017-07-11 00:00:00+08:00,7.652174502748643,7.853547993330948,7.551488581974715,7.712586879730225,846652,0.0,0.0
2017-07-12 00:00:00+08:00,7.7427926694078835,7.752860848708076,7.5514881930152296,7.621968746185303,365795,0.0,0.0
2017-07-13 00:00:00+08:00,7.591762810736628,7.672312370392376,7.581693806585706,7.662243366241455,241287,0.0,0.0
2017-07-14 00:00:00+08:00,7.672311782836914,7.682379961699594,7.632037418351906,7.672311782836914,162289,0.0,0.0
2017-07-17 00:00:00+08:00,7.652174362090533,7.662243366241455,7.591762810736628,7.662243366241455,251591,0.0,0.0
2017-07-18 00:00:00+08:00,7.672312003310019,7.672312003310019,7.61189963032934,7.65217399597168,187190,0.0,0.0
2017-07-19 00:00:00+08:00,7.672312526254289,7.833410824321265,7.672312526254289,7.742793083190918,462852,0.0,0.0
2017-07-20 00:00:00+08:00,7.75286100971558,7.803204380813592,7.692449459108284,7.702518463134766,437923,0.0,0.0
2017-07-21 00:00:00+08:00,7.702518558327933,7.702518558327933,7.611899994521263,7.662243366241455,295496,0.0,0.0
2017-07-24 00:00:00+08:00,7.682379961699594,7.682379961699594,7.632037418351906,7.672311782836914,77280,0.0,0.0
2017-07-25 00:00:00+08:00,7.67231246940881,7.67231246940881,7.571626549186216,7.601831912994385,365641,0.0,0.0
2017-07-26 00:00:00+08:00,7.6018320239896555,7.6219692083282,7.58169401513388,7.591763019561768,178604,0.0,0.0
2017-07-27 00:00:00+08:00,7.561557196832603,7.632037750002677,7.5514881930152296,7.621968746185303,194919,0.0,0.0
2017-07-28 00:00:00+08:00,7.58169401513388,7.591763019561768,7.501144453262471,7.591763019561768,255026,0.0,0.0
2017-07-31 00:00:00+08:00,7.551488609886802,7.551488609886802,7.470939048452706,7.481008052825928,172979,0.0,0.0
2017-08-01 00:00:00+08:00,7.551488399505615,7.571626407691023,7.481007844408298,7.551488399505615,166153,0.0,0.0
2017-08-02 00:00:00+08:00,7.551488399505615,7.611899950510228,7.551488399505615,7.551488399505615,38722,0.0,0.0
2017-08-03 00:00:00+08:00,7.551487812790684,7.561556816101074,7.521281627376654,7.561556816101074,61824,0.0,0.0
2017-08-04 00:00:00+08:00,7.561556797982031,7.561556797982031,7.491076248529605,7.531350612640381,239570,0.0,0.0
2017-08-07 00:00:00+08:00,7.531350943528455,7.531350943528455,7.450801387250841,7.501143932342529,291949,0.0,0.0
2017-08-08 00:00:00+08:00,7.50114382219436,7.53135083293672,7.460870281422698,7.5112128257751465,204752,0.0,0.0
2017-08-09 00:00:00+08:00,7.501143932342529,7.511212936071171,7.450801387250841,7.501143932342529,120684,0.0,0.0
2017-08-10 00:00:00+08:00,7.5112130490421105,7.5112130490421105,7.3803209457041525,7.470938682556152,188908,0.0,0.0
2017-08-11 00:00:00+08:00,7.481007783835729,7.511213146834865,7.410527229309082,7.410527229309082,178604,0.0,0.0
2017-08-14 00:00:00+08:00,7.440732592308218,7.511213146834865,7.360183858287591,7.410527229309082,395184,0.0,0.0
2017-08-15 00:00:00+08:00,7.410526532467764,7.501143437461302,7.410526532467764,7.450800895690918,287655,0.0,0.0
2017-08-16 00:00:00+08:00,7.430664652528777,8.054921483913253,7.430664652528777,7.712586879730225,2189618,0.0,0.0
2017-08-17 00:00:00+08:00,7.772998795891959,8.125400734484504,7.772998795891959,8.00457763671875,3762153,0.0,0.0
2017-08-18 00:00:00+08:00,8.024714028109189,8.356980434139293,7.903890929847378,8.346911430358887,4699658,0.0,0.0
2017-08-21 00:00:00+08:00,8.316705258777183,8.407322994898209,8.064989233494646,8.11533260345459,2471334,0.0,0.0
2017-08-22 00:00:00+08:00,8.226087771619925,8.346910861649564,8.115332035650408,8.155607223510742,1694421,0.0,0.0
2017-08-23 00:00:00+08:00,8.205950290845514,8.236155653028366,7.994508632979683,8.00457763671875,1269978,0.0,0.0
2017-08-24 00:00:00+08:00,7.913960369330699,8.024714469909668,7.9038913649959435,8.024714469909668,665278,0.0,0.0
2017-08-25 00:00:00+08:00,8.05492127384731,8.326774489623036,8.05492127384731,8.095194816589355,1425828,0.0,0.0
2017-08-28 00:00:00+08:00,8.15560789132734,8.16567524621182,8.014645959049277,8.05492115020752,478281,0.0,0.0
2017-08-29 00:00:00+08:00,8.03478239118966,8.054920397144652,7.9743708468760195,7.984439849853516,324578,0.0,0.0
2017-08-30 00:00:00+08:00,8.05492024706613,8.075057428128817,7.924027333383025,7.954232692718506,469873,0.0,0.0
2017-08-31 00:00:00+08:00,8.115331941458294,8.115331941458294,7.954232840921026,7.984439849853516,335097,0.0,0.0
2017-09-01 00:00:00+08:00,7.984439849853516,8.01464520975178,7.964301843898523,7.984439849853516,355491,0.0,0.0
2017-09-04 00:00:00+08:00,7.98443997825089,8.03478252039659,7.752860326698465,7.772998332977295,897487,0.0,0.0
2017-09-05 00:00:00+08:00,7.783067052684435,7.924028159333224,7.783067052684435,7.913959980010986,487041,0.0,0.0
2017-09-06 00:00:00+08:00,7.974371159798073,7.974371159798073,7.853547241912431,7.903890609741211,271606,0.0,0.0
2017-09-07 00:00:00+08:00,7.903890627533212,8.034782724568966,7.903890627533212,7.934096813201904,329043,0.0,0.0
2017-09-08 00:00:00+08:00,7.95423344254059,8.08512719307976,7.95423344254059,8.00457763671875,369229,0.0,0.0
2017-09-11 00:00:00+08:00,8.00457684247772,8.00457684247772,7.863615751220466,7.873683929443359,396707,0.0,0.0
2017-09-12 00:00:00+08:00,7.893821716308594,7.924027902329983,7.853547351291513,7.893821716308594,423326,0.0,0.0
2017-09-13 00:00:00+08:00,7.893821220507805,7.893821220507805,7.833409676776555,7.843478679656982,334024,0.0,0.0
2017-09-14 00:00:00+08:00,7.793135643005371,7.813272000581373,7.75286045430195,7.793135643005371,477588,0.0,0.0
2017-09-15 00:00:00+08:00,7.803205089816602,7.803205089816602,7.6823811531066895,7.6823811531066895,479417,0.0,0.0
2017-09-18 00:00:00+08:00,7.6924496534533295,7.6924496534533295,7.571626549186216,7.601831912994385,425496,0.0,0.0
2017-09-19 00:00:00+08:00,7.601831954620291,7.742793068221014,7.601831954620291,7.712586879730225,276493,0.0,0.0
2017-09-20 00:00:00+08:00,7.712586894641727,7.742793083190918,7.712586894641727,7.742793083190918,194060,0.0,0.0
2017-09-21 00:00:00+08:00,7.752860326698465,7.903890426686943,7.692448781413348,7.772998332977295,583898,0.0,0.0
2017-09-22 00:00:00+08:00,7.823341061914265,7.823341061914265,7.642105597214586,7.672311782836914,281645,0.0,0.0
2017-09-25 00:00:00+08:00,7.672311729929666,7.672311729929666,7.551487812790684,7.561556816101074,288514,0.0,0.0
2017-09-26 00:00:00+08:00,7.561557502275624,7.571626506499727,7.491076946258545,7.491076946258545,213809,0.0,0.0
2017-09-27 00:00:00+08:00,7.4508012778419115,7.53135083293672,7.4508012778419115,7.5112128257751465,195891,0.0,0.0
2017-09-28 00:00:00+08:00,7.531350446654347,7.531350446654347,7.450800895690918,7.450800895690918,346045,0.0,0.0
2017-09-29 00:00:00+08:00,7.481008251016301,7.481008251016301,7.380321502685547,7.380321502685547,318653,0.0,0.0
2017-10-02 00:00:00+08:00,7.400458098602619,7.440732464923438,7.370251911603413,7.390389919281006,160572,0.0,0.0
2017-10-03 00:00:00+08:00,7.390390156232045,7.400458335876465,7.380321152070416,7.400458335876465,105702,0.0,0.0
2017-10-05 00:00:00+08:00,7.410527427795625,7.642106281083422,7.410527427795625,7.601831912994385,186088,0.0,0.0
2017-10-06 00:00:00+08:00,7.48100746406711,7.581693377289168,7.460870281422698,7.5112128257751465,249015,0.0,0.0
2017-10-11 00:00:00+08:00,7.470938427611602,7.470938427611602,7.400457876407719,7.4306640625,183756,0.0,0.0
2017-10-12 00:00:00+08:00,7.430663714079341,7.450800895690918,7.390389350856187,7.450800895690918,176173,0.0,0.0
2017-10-13 00:00:00+08:00,7.52128202208226,7.52128202208226,7.390389919281006,7.390389919281006,170017,0.0,0.0
2017-10-16 00:00:00+08:00,7.400458128947132,7.501144045162028,7.400458128947132,7.470938682556152,149409,0.0,0.0
2017-10-17 00:00:00+08:00,7.470938077302495,7.470938077302495,7.390389350856187,7.450800895690918,80715,0.0,0.0
2017-10-18 00:00:00+08:00,7.410527340038094,7.4910768997794985,7.400458335876465,7.400458335876465,246704,0.0,0.0
2017-10-19 00:00:00+08:00,7.400457843129398,7.400457843129398,7.3501152992248535,7.3501152992248535,135353,0.0,0.0
2017-10-20 00:00:00+08:00,7.350115773169261,7.400458320319953,7.350115773169261,7.3702521324157715,177745,0.0,0.0
2017-10-23 00:00:00+08:00,7.400458335876465,7.420596344199723,7.370252147908786,7.400458335876465,103423,0.0,0.0
2017-10-24 00:00:00+08:00,7.40045801764198,7.531350943528455,7.40045801764198,7.501143932342529,264471,0.0,0.0
2017-10-25 00:00:00+08:00,7.521281939799813,7.5414191227399225,7.450801387250841,7.501143932342529,196636,0.0,0.0
2017-10-26 00:00:00+08:00,7.5414191227399225,7.5414191227399225,7.4407323835221995,7.501143932342529,29194,0.0,0.0
2017-10-27 00:00:00+08:00,7.5011435490317835,7.5011435490317835,7.420595645904541,7.420595645904541,130536,0.0,0.0
2017-10-30 00:00:00+08:00,7.420595832366782,7.420595832366782,7.299771088829914,7.31990909576416,173751,0.0,0.0
2017-10-31 00:00:00+08:00,7.319909333083228,7.370251878499544,7.319909333083228,7.329977512359619,51520,0.0,0.0
2017-11-01 00:00:00+08:00,7.340045581639841,7.360182762145996,7.340045581639841,7.360182762145996,122791,0.0,0.0
2017-11-02 00:00:00+08:00,7.380320291873085,7.380320291873085,7.329976925967021,7.340045928955078,124507,0.0,0.0
2017-11-03 00:00:00+08:00,7.340045928955078,7.370251288885027,7.340045928955078,7.340045928955078,65259,0.0,0.0
2017-11-06 00:00:00+08:00,7.309840790164491,7.34004697893248,7.279634601396501,7.299771785736084,257676,0.0,0.0
2017-11-07 00:00:00+08:00,7.29977103558641,7.329977221250308,7.209153303111864,7.22929048538208,358925,0.0,0.0
2017-11-08 00:00:00+08:00,7.259495973319015,7.289702156079726,7.209152610223518,7.249427795410156,443934,0.0,0.0
2017-11-09 00:00:00+08:00,7.329976925967021,7.360183110414082,7.239359197142949,7.340045928955078,662834,0.0,0.0
2017-11-10 00:00:00+08:00,7.279634299749768,7.410527229309082,7.249428936750632,7.410527229309082,417377,0.0,0.0
2017-11-13 00:00:00+08:00,7.370251454351109,7.450801006512616,7.340046093743035,7.420595645904541,217244,0.0,0.0
2017-11-14 00:00:00+08:00,7.43066411217987,7.54141902923584,7.420595933093234,7.54141902923584,1240783,0.0,0.0
2017-11-15 00:00:00+08:00,7.561557931302706,7.692450046539307,7.541419921711911,7.692450046539307,952698,0.0,0.0
2017-11-16 00:00:00+08:00,7.6924491861311886,7.6924491861311886,7.561557085535,7.65217399597168,744470,0.0,0.0
2017-11-17 00:00:00+08:00,7.642105597214586,7.672311782836914,7.501143672482769,7.672311782836914,814022,0.0,0.0
2017-11-20 00:00:00+08:00,7.652174155440665,7.732723712921143,7.541419235357548,7.732723712921143,538388,0.0,0.0
2017-11-21 00:00:00+08:00,7.702518189800358,7.732723551773528,7.65217399597168,7.65217399597168,253308,0.0,0.0
2017-11-22 00:00:00+08:00,7.65217430187363,7.712586677269343,7.521282196044922,7.521282196044922,357208,0.0,0.0
2017-11-23 00:00:00+08:00,7.5514884511976454,7.5514884511976454,7.400458335876465,7.400458335876465,282503,0.0,0.0
2017-11-24 00:00:00+08:00,7.390389933357142,7.450801482953433,7.360183746300403,7.440732479095459,99769,0.0,0.0
2017-11-27 00:00:00+08:00,7.400457843129398,7.450801211551096,7.3501152992248535,7.3501152992248535,184821,0.0,0.0
2017-11-28 00:00:00+08:00,7.380321502685547,7.470939246376326,7.380321502685547,7.380321502685547,114674,0.0,0.0
2017-11-29 00:00:00+08:00,7.380320660664149,7.400457843129398,7.3501152992248535,7.3501152992248535,308900,0.0,0.0
2017-11-30 00:00:00+08:00,7.3501152992248535,7.410526846620599,7.3501152992248535,7.3501152992248535,182038,0.0,0.0
2017-12-01 00:00:00+08:00,7.420595645904541,7.470938188423709,7.360183275654128,7.420595645904541,173452,0.0,0.0
2017-12-04 00:00:00+08:00,7.450801262400774,7.55148799993133,7.370251707472898,7.460870265960693,400142,0.0,0.0
2017-12-05 00:00:00+08:00,7.521282150846042,7.521282150846042,7.410527229309082,7.410527229309082,318568,0.0,0.0
2017-12-06 00:00:00+08:00,7.400458098602619,7.531351025921055,7.309840362122185,7.390389919281006,126225,0.0,0.0
2017-12-07 00:00:00+08:00,7.370251925641193,7.511213032549725,7.360183746300403,7.440732479095459,362532,0.0,0.0
2017-12-08 00:00:00+08:00,7.450801482953433,7.491076673868146,7.380320929499168,7.440732479095459,38640,0.0,0.0
2017-12-11 00:00:00+08:00,7.360182762145996,7.3702509401405365,7.3299765791282265,7.360182762145996,157577,0.0,0.0
2017-12-12 00:00:00+08:00,7.450800486682231,7.450800486682231,7.360182762145996,7.360182762145996,53237,0.0,0.0
2017-12-13 00:00:00+08:00,7.3601837322818,7.410527102441415,7.309840362122185,7.390389919281006,92736,0.0,0.0
2017-12-14 00:00:00+08:00,7.329978128520169,7.380321502685547,7.319909948397443,7.380321502685547,92736,0.0,0.0
2017-12-15 00:00:00+08:00,7.350115392289143,7.370251750492196,7.289703019611326,7.309840202331543,159713,0.0,0.0
2017-12-18 00:00:00+08:00,7.309840109777203,7.360183478198901,7.299771106286001,7.3501152992248535,245580,0.0,0.0
2017-12-19 00:00:00+08:00,7.3299777365121495,7.3299777365121495,7.279634365039142,7.289703369140625,141681,0.0,0.0
2017-12-20 00:00:00+08:00,7.289702856709876,7.289702856709876,7.22929048538208,7.22929048538208,282503,0.0,0.0
2017-12-21 00:00:00+08:00,7.249428843198934,7.299771389053571,7.209153652191162,7.209153652191162,149215,0.0,0.0
2017-12-22 00:00:00+08:00,7.209153303111864,7.22929048538208,7.209153303111864,7.22929048538208,60965,0.0,0.0
2017-12-25 00:00:00+08:00,7.239359600759127,7.299771148504263,7.199085235595703,7.199085235595703,201960,0.0,0.0
2017-12-26 00:00:00+08:00,7.1890170565634275,7.199085235595703,7.138672863333409,7.199085235595703,208958,0.0,0.0
2017-12-27 00:00:00+08:00,7.168878555297852,7.168878555297852,7.138672371248883,7.168878555297852,155419,0.0,0.0
2017-12-28 00:00:00+08:00,7.15880982644018,7.279633742743388,7.15880982644018,7.239359378814697,117638,0.0,0.0
2017-12-29 00:00:00+08:00,7.199085235595703,7.239359600759127,7.138672863333409,7.199085235595703,278210,0.0,0.0
2018-01-02 00:00:00+08:00,7.199085472827109,7.2897032096895185,7.098398732083461,7.209153652191162,261036,0.0,0.0
2018-01-03 00:00:00+08:00,7.2494290017691,7.40045829167092,7.219222813981854,7.289703369140625,722144,0.0,0.0
2018-01-04 00:00:00+08:00,7.350115375001585,7.350115375001585,7.259496816197995,7.27963399887085,133868,0.0,0.0
2018-01-05 00:00:00+08:00,7.380321347611646,7.380321347611646,7.259497417056918,7.299771785736084,91878,0.0,0.0
2018-01-08 00:00:00+08:00,7.299771088829914,7.350115281648377,7.249428545045755,7.31990909576416,141628,0.0,0.0
2018-01-09 00:00:00+08:00,7.319909541123992,7.319909541123992,7.24942898611739,7.259497165679932,97030,0.0,0.0
2018-01-10 00:00:00+08:00,7.249428382055437,7.259496560779042,7.219222196850351,7.239359378814697,68693,0.0,0.0
2018-01-11 00:00:00+08:00,7.239359378814697,7.299770924707734,7.1990850148860055,7.239359378814697,65259,0.0,0.0
2018-01-12 00:00:00+08:00,7.249428492169443,7.289702856709876,7.219222306505546,7.22929048538208,79856,0.0,0.0
2018-01-15 00:00:00+08:00,7.229290629930131,7.440732284770849,7.229290629930131,7.27963399887085,593062,0.0,0.0
2018-01-16 00:00:00+08:00,7.350115375001585,7.350115375001585,7.269565819793003,7.27963399887085,161969,0.0,0.0
2018-01-17 00:00:00+08:00,7.279633560060956,7.3501149319431365,7.229290194154891,7.340045928955078,163148,0.0,0.0
2018-01-18 00:00:00+08:00,7.289702745984128,7.32997710991282,7.239359378814697,7.239359378814697,328872,0.0,0.0
2018-01-19 00:00:00+08:00,7.2393594887757615,7.2393594887757615,7.209153303111864,7.22929048538208,131377,0.0,0.0
2018-01-22 00:00:00+08:00,7.209152898081696,7.219221900909673,7.1286041735262815,7.138672351837158,223363,0.0,0.0
2018-01-23 00:00:00+08:00,7.138672351837158,7.2393590820485265,7.1286041735262815,7.138672351837158,307348,0.0,0.0
2018-01-24 00:00:00+08:00,7.168878922196944,7.209153286645385,7.13867273660204,7.178947925567627,109954,0.0,0.0
2018-01-25 00:00:00+08:00,7.1588100459151205,7.249428604308563,7.138672863333409,7.199085235595703,171734,0.0,0.0
2018-01-26 00:00:00+08:00,7.168878646399319,7.239359193731171,7.108467102050781,7.108467102050781,192738,0.0,0.0
2018-01-29 00:00:00+08:00,7.108467102050781,7.178947649382633,7.088329096084156,7.108467102050781,132235,0.0,0.0
2018-01-30 00:00:00+08:00,7.148741464949807,7.148741464949807,7.098398099067468,7.108467102050781,137387,0.0,0.0
2018-01-31 00:00:00+08:00,7.098398685455322,7.1185366930855185,7.088329681640225,7.098398685455322,73845,0.0,0.0
2018-02-01 00:00:00+08:00,7.098398318480094,7.138672682624007,7.088329315185547,7.088329315185547,80255,0.0,0.0
2018-02-02 00:00:00+08:00,7.108467468817725,7.118536472320557,7.068192279323557,7.118536472320557,113815,0.0,0.0
2018-02-05 00:00:00+08:00,7.078261008269737,7.108467193089416,7.037986644854915,7.068192005157471,158030,0.0,0.0
2018-02-06 00:00:00+08:00,7.037986835949679,7.037986835949679,6.363387107849121,6.363387107849121,1372211,0.0,0.0
2018-02-07 00:00:00+08:00,5.729062429021112,6.343249815056123,5.729062429021112,5.849885940551758,3051736,0.0,0.0
2018-02-08 00:00:00+08:00,5.930435330478728,6.323112865577708,5.849885775387721,6.262700080871582,1065627,0.0,0.0
2018-02-09 00:00:00+08:00,6.262700080871582,6.262700080871582,6.262700080871582,6.262700080871582,0,0.0,0.0
2018-02-12 00:00:00+08:00,6.192219366567354,6.272768501919432,6.1418760023753505,6.182150363922119,414739,0.0,0.0
2018-02-21 00:00:00+08:00,6.313044152213686,6.4439362491243894,6.2324945986798435,6.363387107849121,653450,0.0,0.0
2018-02-22 00:00:00+08:00,6.383524895765216,6.5244855880737305,6.383524895765216,6.5244855880737305,322002,0.0,0.0
2018-02-23 00:00:00+08:00,6.534554388043974,6.655377893721434,6.494279199053866,6.594965934753418,1022680,0.0,0.0
2018-02-26 00:00:00+08:00,6.594966140357281,6.715789649801519,6.5244855880737305,6.5244855880737305,142539,0.0,0.0
2018-02-27 00:00:00+08:00,6.524485464253748,6.685584160886419,6.524485464253748,6.645308971405029,816246,0.0,0.0
2018-03-01 00:00:00+08:00,6.645309083593188,6.645309083593188,6.554691348635245,6.615103721618652,85154,0.0,0.0
2018-03-02 00:00:00+08:00,6.564760146641161,6.564760146641161,6.3734560792938435,6.42379903793335,235351,0.0,0.0
2018-03-05 00:00:00+08:00,6.494279512796251,6.494279512796251,6.373456001281738,6.373456001281738,151985,0.0,0.0
2018-03-06 00:00:00+08:00,6.3734556989762075,6.433867657997303,6.292906557700939,6.363387107849121,170876,0.0,0.0
2018-03-07 00:00:00+08:00,6.353318389399692,6.433867946546053,6.343249797821045,6.343249797821045,148550,0.0,0.0
2018-03-08 00:00:00+08:00,6.423798571033188,6.423798571033188,6.3331804275512695,6.3331804275512695,199212,0.0,0.0
2018-03-09 00:00:00+08:00,6.45400511447575,6.464074118289232,6.343249782854763,6.433867931365967,200401,0.0,0.0
2018-03-12 00:00:00+08:00,6.373455515931118,6.5446219724342845,6.373455515931118,6.464073657989502,203836,0.0,0.0
2018-03-13 00:00:00+08:00,6.464073548034484,6.494278907775879,6.464073548034484,6.494278907775879,82432,0.0,0.0
2018-03-14 00:00:00+08:00,6.51441678669554,6.534554381169408,6.4237986422095625,6.474141597747803,68693,0.0,0.0
2018-03-15 00:00:00+08:00,6.474141885326943,6.474141885326943,6.363387378223137,6.433867931365967,133475,0.0,0.0
2018-03-16 00:00:00+08:00,6.323112626915583,6.323112626915583,5.9606404672045095,6.021052837371826,2027061,0.0,0.0
2018-03-19 00:00:00+08:00,6.051258852998819,6.162014182318592,6.051258852998819,6.1519455909729,381743,0.0,0.0
2018-03-20 00:00:00+08:00,6.151944833620617,6.162013423726787,6.041189105677153,6.0814642906188965,257214,0.0,0.0
2018-03-21 00:00:00+08:00,6.0814642906188965,6.121738651043576,6.0814642906188965,6.0814642906188965,290276,0.0,0.0
2018-03-22 00:00:00+08:00,6.081464657360922,6.131807610927698,6.071396066647567,6.111670017242432,280787,0.0,0.0
2018-03-23 00:00:00+08:00,6.041189670562744,6.041189670562744,5.900228571378637,6.041189670562744,262236,0.0,0.0
2018-03-26 00:00:00+08:00,6.0210529007260325,6.051258673868954,5.990846715324541,6.041189670562744,395848,0.0,0.0
2018-03-27 00:00:00+08:00,6.041189670562744,6.061327264916595,6.010984309678392,6.041189670562744,285079,0.0,0.0
2018-03-28 00:00:00+08:00,6.041189877808141,6.041189877808141,5.859954820474702,5.950572967529297,811448,0.0,0.0
2018-03-29 00:00:00+08:00,5.940503961972187,6.0210531053493135,5.900228771895748,5.970709323883057,612474,0.0,0.0
2018-03-30 00:00:00+08:00,5.970709293675436,6.051258848903623,5.970709293675436,6.031121253967285,156278,0.0,0.0
2018-04-02 00:00:00+08:00,6.031121079515104,6.041189670562744,5.990846715324541,6.041189670562744,168300,0.0,0.0
2018-04-03 00:00:00+08:00,6.0210529007260325,6.061327264916595,5.970709120970691,6.041189670562744,804667,0.0,0.0
2018-04-09 00:00:00+08:00,5.970709058146207,6.031121016054958,5.89015991835406,6.021052837371826,291952,0.0,0.0
2018-04-10 00:00:00+08:00,5.990846966337999,5.990846966337999,5.7995429039001465,5.7995429039001465,401291,0.0,0.0
2018-04-11 00:00:00+08:00,5.8297485351626,5.970709646759944,5.749199387429632,5.870023727416992,498892,0.0,0.0
2018-04-12 00:00:00+08:00,5.900228801420658,5.900228801420658,5.729062334678647,5.769336700439453,295178,0.0,0.0
2018-04-13 00:00:00+08:00,5.769336683469099,5.7894742785488535,5.7189937264161745,5.73913049697876,290252,0.0,0.0
2018-04-16 00:00:00+08:00,5.7290622550881665,5.769336620289464,5.658581703727315,5.718993663787842,327154,0.0,0.0
2018-04-17 00:00:00+08:00,5.7290622376645395,5.7290622376645395,5.537757354505865,5.688787460327148,316850,0.0,0.0
2018-04-18 00:00:00+08:00,5.698855929800201,5.809610843658447,5.698855929800201,5.809610843658447,397566,0.0,0.0
2018-04-19 00:00:00+08:00,5.839817539355501,5.890160499026977,5.8297485351626,5.870023727416992,165887,0.0,0.0
2018-04-20 00:00:00+08:00,5.880092586065579,5.960640907287598,5.870023582121905,5.960640907287598,279069,0.0,0.0
2018-04-23 00:00:00+08:00,6.031121258048853,6.172083185922866,6.031121258048853,6.1519455909729,657133,0.0,0.0
2018-04-24 00:00:00+08:00,6.192220022125914,6.433867866023491,6.192220022125914,6.292906761169434,845793,0.0,0.0
2018-04-25 00:00:00+08:00,6.3029750780230005,6.3130440812955495,6.101602433226252,6.222425937652588,533236,0.0,0.0
2018-04-26 00:00:00+08:00,6.302975730968569,6.403661651538755,6.302975730968569,6.353318691253662,432210,0.0,0.0
2018-04-27 00:00:00+08:00,6.987643241882324,6.987643241882324,6.705721429407531,6.987643241882324,3323044,0.0,0.0
2018-04-30 00:00:00+08:00,7.309841162552869,7.6823811531066895,7.118537489322555,7.6823811531066895,5878725,0.0,0.0
2018-05-02 00:00:00+08:00,7.762928779756914,8.155606682094959,6.9171614340764656,7.249427795410156,7647608,0.0,0.0
2018-05-03 00:00:00+08:00,7.048055229003812,7.97437047958374,6.95743667993149,7.97437047958374,9506425,0.0,0.0
2018-05-04 00:00:00+08:00,7.984440717515647,8.054921272465844,7.521282196044922,7.521282196044922,5140714,0.0,0.0
2018-05-07 00:00:00+08:00,7.561556901703215,8.024713744364485,7.561556901703215,7.7528605461120605,5352189,0.0,0.0
2018-05-08 00:00:00+08:00,7.772998904752399,7.783067084115295,7.430664316070193,7.470938682556152,1989547,0.0,0.0
2018-05-09 00:00:00+08:00,7.652173809936874,8.095194294783685,7.652173809936874,7.7528605461120605,6444365,0.0,0.0
2018-05-10 00:00:00+08:00,8.004577386550025,8.004577386550025,7.7528605461120605,7.7528605461120605,1839452,0.0,0.0
2018-05-11 00:00:00+08:00,7.843479770563051,7.984440883391904,7.581693904432646,7.601831912994385,2266716,0.0,0.0
2018-05-14 00:00:00+08:00,7.611900364232484,7.742793301965914,7.350116137800119,7.380321502685547,1594643,0.0,0.0
2018-05-15 00:00:00+08:00,7.390389802686545,7.531350907102722,7.14874195953962,7.158810138702393,1014951,0.0,0.0
2018-05-16 00:00:00+08:00,7.199085328904993,7.29977124311857,7.088329586494304,7.158810138702393,880887,0.0,0.0
2018-05-17 00:00:00+08:00,7.1890170232889075,7.229290563748765,7.037986917849375,7.118536472320557,875392,0.0,0.0
2018-05-18 00:00:00+08:00,7.148741468318879,7.652173478345296,7.058123739494809,7.340045928955078,2364805,0.0,0.0
2018-05-21 00:00:00+08:00,7.350115250445613,8.004577386550025,7.350115250445613,7.7528605461120605,4905110,0.0,0.0
2018-05-22 00:00:00+08:00,7.803203825861898,7.974371110518551,7.450801077755343,7.561556816101074,2098054,0.0,0.0
2018-05-23 00:00:00+08:00,7.742792700628471,7.742792700628471,7.430664299754669,7.440732479095459,1074201,0.0,0.0
2018-05-24 00:00:00+08:00,7.440732208059894,7.521281762438043,7.3501152992248535,7.3501152992248535,615669,0.0,0.0
2018-05-25 00:00:00+08:00,7.390389664155351,7.400457843129398,7.3501152992248535,7.3501152992248535,411304,0.0,0.0
2018-05-28 00:00:00+08:00,7.350115437001113,7.360183616163886,7.098398590174247,7.158810138702393,1107383,0.0,0.0
2018-05-29 00:00:00+08:00,7.158810234794367,7.2192226086505915,7.088329681640225,7.098398685455322,533384,0.0,0.0
2018-05-30 00:00:00+08:00,7.068191805592621,7.22929007922055,7.048055448970867,7.138672351837158,415181,0.0,0.0
2018-05-31 00:00:00+08:00,7.319908338840438,7.319908338840438,7.158809247128022,7.249427795410156,401000,0.0,0.0
2018-06-01 00:00:00+08:00,7.158810759017278,7.249429326437402,7.118537214359293,7.1890177726745605,416531,0.0,0.0
2018-06-04 00:00:00+08:00,7.319909348732846,7.319909348732846,7.02791813230118,7.098398685455322,1051875,0.0,0.0
2018-06-05 00:00:00+08:00,7.11853698224216,7.80320453396474,7.048056426225082,7.491076946258545,5154167,0.0,0.0
2018-06-06 00:00:00+08:00,7.652174185728235,8.10526369625024,7.501144074048503,8.05492115020752,9012923,0.0,0.0
2018-06-07 00:00:00+08:00,8.246224184294006,8.356979921009211,7.803203710984564,7.823340892791748,4597861,0.0,0.0
2018-06-08 00:00:00+08:00,8.024714028109189,8.407322979489793,7.8535475599797016,8.346911430358887,9698723,0.0,0.0
2018-06-11 00:00:00+08:00,8.508009040309423,9.17254015030752,8.437529317539378,9.091991424560547,20827115,0.0,0.0
2018-06-12 00:00:00+08:00,9.16247303666089,9.172541216290776,8.669109148314693,8.789932250976562,6137271,0.0,0.0
2018-06-13 00:00:00+08:00,8.88055093771382,8.88055093771382,8.205950736999512,8.205950736999512,4809862,0.0,0.0
2018-06-14 00:00:00+08:00,8.256293296813965,8.518078312809061,8.06498883033612,8.256293296813965,3119906,0.0,0.0
2018-06-15 00:00:00+08:00,8.346911445656586,8.356980449455445,8.085127241092367,8.11533260345459,2362316,0.0,0.0
2018-06-19 00:00:00+08:00,8.236155353280296,8.236155353280296,7.903890609741211,7.903890609741211,1713752,0.0,0.0
2018-06-20 00:00:00+08:00,7.853547282287247,8.05492075463762,7.7528605461120605,7.7528605461120605,1438278,0.0,0.0
2018-06-21 00:00:00+08:00,7.853548465488839,7.863617470430195,7.6823811531066895,7.6823811531066895,1284662,0.0,0.0
2018-06-22 00:00:00+08:00,7.652174317846637,7.692449509700249,7.390390105642777,7.551488399505615,1408441,0.0,0.0
2018-06-25 00:00:00+08:00,7.561557455359274,7.64210619058347,7.400458335876465,7.400458335876465,689653,0.0,0.0
2018-06-26 00:00:00+08:00,7.25949687743314,7.29977124311857,7.098398590174247,7.158810138702393,1433985,0.0,0.0
2018-06-27 00:00:00+08:00,7.168879049464556,7.3501153417342815,7.168879049464556,7.199085235595703,939704,0.0,0.0
2018-06-28 00:00:00+08:00,7.199085235595703,7.3299773346354105,7.148741866882844,7.199085235595703,791697,0.0,0.0
2018-06-29 00:00:00+08:00,7.229289790558304,7.329976516749297,7.19908443231466,7.249427795410156,483433,0.0,0.0
2018-07-02 00:00:00+08:00,7.249428795578704,7.249428795578704,7.058124319229293,7.098398685455322,847511,0.0,0.0
2018-07-03 00:00:00+08:00,7.1084674228819065,7.178947973394802,6.79633903503418,6.79633903503418,1778739,0.0,0.0
2018-07-04 00:00:00+08:00,6.826545661949682,7.09839887813018,6.816477070119879,6.997712135314941,741923,0.0,0.0
2018-07-05 00:00:00+08:00,7.04805570335153,7.108467248948482,6.866819417526409,6.947368144989014,358067,0.0,0.0
2018-07-06 00:00:00+08:00,7.048055958937618,7.128604689321189,6.846682071685791,6.846682071685791,589909,0.0,0.0
2018-07-09 00:00:00+08:00,7.178947854053581,7.178947854053581,6.927231017465472,7.037986755371094,341838,0.0,0.0
2018-07-10 00:00:00+08:00,7.09839815462674,7.219222068786621,7.058123791412487,7.219222068786621,765619,0.0,0.0
2018-07-11 00:00:00+08:00,7.2494282534558705,7.269565435062998,7.1185361607509865,7.219222068786621,468836,0.0,0.0
2018-07-12 00:00:00+08:00,7.138672752907534,7.26956567443966,7.138672752907534,7.22929048538208,263612,0.0,0.0
2018-07-13 00:00:00+08:00,7.340046224643989,7.340046224643989,7.15880993517775,7.22929048538208,430195,0.0,0.0
2018-07-16 00:00:00+08:00,7.370251343098632,7.400457527767882,7.148741520903117,7.219222068786621,574452,0.0,0.0
2018-07-17 00:00:00+08:00,7.158809434211393,7.84347853058916,7.158809434211393,7.813271522521973,3739695,0.0,0.0
2018-07-18 00:00:00+08:00,7.742792511480328,7.813272238695665,7.460870304550322,7.80320405960083,2345333,0.0,0.0
2018-07-19 00:00:00+08:00,8.044850939305558,8.064988119604868,7.833409309387207,7.833409309387207,4922434,0.0,0.0
2018-07-20 00:00:00+08:00,7.944165310119041,7.944165310119041,7.57162618637085,7.57162618637085,1525181,0.0,0.0
2018-07-23 00:00:00+08:00,7.6118993591016055,7.813272004655149,7.561556816101074,7.561556816101074,698977,0.0,0.0
2018-07-24 00:00:00+08:00,7.60183126636643,7.853547282287247,7.60183126636643,7.7528605461120605,1209445,0.0,0.0
2018-07-25 00:00:00+08:00,7.853547229204676,7.853547229204676,7.642105579376221,7.642105579376221,485150,0.0,0.0
2018-07-26 00:00:00+08:00,7.642105992165381,8.004577764814746,7.642105992165381,7.762929916381836,3081781,0.0,0.0
2018-07-27 00:00:00+08:00,7.772998552960817,7.90389065037484,7.7528605461120605,7.7528605461120605,790560,0.0,0.0
2018-07-30 00:00:00+08:00,7.853547282287247,7.853547282287247,7.712586181448845,7.7528605461120605,572735,0.0,0.0
2018-07-31 00:00:00+08:00,7.752860896161965,7.813272445884433,7.652174155440665,7.732723712921143,492020,0.0,0.0
2018-08-01 00:00:00+08:00,7.7830670356430165,7.7830670356430165,7.611899742367929,7.621968746185303,740690,0.0,0.0
2018-08-02 00:00:00+08:00,7.793136383937174,7.98444086878598,7.712586823389228,7.883753299713135,2169233,0.0,0.0
2018-08-03 00:00:00+08:00,7.9139603125004845,7.924028492245716,7.793136383937174,7.883753299713135,1127438,0.0,0.0
2018-08-06 00:00:00+08:00,7.944165965107454,8.387186502936574,7.853548221519366,8.30663776397705,4511222,0.0,0.0
2018-08-07 00:00:00+08:00,8.296568448851893,8.367048998057994,8.095194155450397,8.195880889892578,4188896,0.0,0.0
2018-08-08 00:00:00+08:00,8.216019259916127,8.216019259916127,7.924028046921376,7.944165229797363,1844659,0.0,0.0
2018-08-09 00:00:00+08:00,7.873684677472821,8.034782964997895,7.853547494596833,7.944165229797363,916944,0.0,0.0
2018-08-10 00:00:00+08:00,7.903891338371034,7.954233886323557,7.601831928069787,7.632038116455078,1603286,0.0,0.0
2018-08-13 00:00:00+08:00,7.541419022652286,7.541419022652286,7.108467533893004,7.27963399887085,1334447,0.0,0.0
2018-08-14 00:00:00+08:00,7.350115943077401,7.49107705719915,7.329977934330957,7.481008052825928,903038,0.0,0.0
2018-08-15 00:00:00+08:00,7.481008052825929,7.481008052825929,7.481008052825929,7.481008052825928,0,0.0,0.7935829
2018-08-16 00:00:00+08:00,7.481008052825929,7.481008052825929,7.481008052825929,7.481008052825928,0,0.0,0.0
2018-08-17 00:00:00+08:00,7.481008052825929,7.481008052825929,7.481008052825929,7.481008052825928,0,0.0,0.0
2018-08-20 00:00:00+08:00,7.481008052825929,7.481008052825929,7.481008052825929,7.481008052825928,0,0.0,0.0
2018-08-21 00:00:00+08:00,7.481008052825929,7.481008052825929,7.481008052825929,7.481008052825928,0,0.0,0.0
2018-08-22 00:00:00+08:00,7.4309880195787175,7.486919964937047,7.111375489787435,7.183289051055908,1562602,0.0,0.0
2018-08-23 00:00:00+08:00,7.151327839312105,7.303143716388122,7.151327839312105,7.25520133972168,891479,0.0,0.0
2018-08-24 00:00:00+08:00,7.25520094723639,7.25520094723639,6.919608451311833,6.9515700340271,808955,0.0,0.0
2018-08-27 00:00:00+08:00,6.999511897636597,6.999511897636597,6.895637573668502,6.959559917449951,399452,0.0,0.0
2018-08-28 00:00:00+08:00,6.951569945679769,6.9595595167398985,6.815733633124802,6.863675594329834,563728,0.0,0.0
2018-08-29 00:00:00+08:00,6.871665752579037,6.911617729085542,6.7997534316429915,6.823723793029785,411410,0.0,0.0
2018-08-30 00:00:00+08:00,6.855684852937796,6.871665643286225,6.743820969532978,6.783772945404053,383606,0.0,0.0
2018-08-31 00:00:00+08:00,6.783773863083258,6.823724607583051,6.631957158753171,6.791764259338379,575563,0.0,0.0
2018-09-03 00:00:00+08:00,6.7917635558306815,6.7917635558306815,6.655927658081055,6.655927658081055,857861,0.0,0.0
2018-09-04 00:00:00+08:00,6.639947043636726,6.671908213937134,6.488131175515855,6.552053928375244,1407529,0.0,0.0
2018-09-05 00:00:00+08:00,6.592006059139835,6.592006059139835,6.368277037341829,6.376267433166504,1719316,0.0,0.0
2018-09-06 00:00:00+08:00,6.328325112013465,6.376267071987297,6.112586498260498,6.112586498260498,2205743,0.0,0.0
2018-09-07 00:00:00+08:00,6.136557885178543,6.264402566280714,6.0966059070108995,6.160528659820557,878346,0.0,0.0
2018-09-10 00:00:00+08:00,6.104596186840775,6.120576977804678,5.840915609487757,5.85689640045166,1093678,0.0,0.0
2018-09-11 00:00:00+08:00,5.8568968593710276,6.008713560906634,5.8568968593710276,5.9527812004089355,404072,0.0,0.0
2018-09-12 00:00:00+08:00,6.128567964660432,6.128567964660432,5.920819723375924,5.928810119628906,262649,0.0,0.0
2018-09-13 00:00:00+08:00,5.93680058815967,5.960771777210454,5.880868225966451,5.912829399108887,1021756,0.0,0.0
2018-09-14 00:00:00+08:00,6.000722954822659,6.104596451558104,5.944790596282133,6.048664093017578,605045,0.0,0.0
2018-09-17 00:00:00+08:00,6.112587172154469,6.112587172154469,5.904838930869961,5.928810119628906,1006621,0.0,0.0
2018-09-18 00:00:00+08:00,5.91282879217364,5.992732335215768,5.840915644661581,5.84890604019165,601494,0.0,0.0
2018-09-19 00:00:00+08:00,5.896848714266647,5.968761453189583,5.848906338639907,5.888858318328857,517071,0.0,0.0
2018-09-20 00:00:00+08:00,5.920819601434944,5.97675196179527,5.792974913054649,5.800965309143066,376648,0.0,0.0
2018-09-21 00:00:00+08:00,5.896848198481386,5.896848198481386,5.792974297151515,5.832926273345947,299471,0.0,0.0
2018-09-25 00:00:00+08:00,5.880868137921969,5.880868137921969,5.784984619930166,5.840916156768799,974255,0.0,0.0
2018-09-26 00:00:00+08:00,5.840915644661581,5.91282879217364,5.83292648590721,5.84890604019165,349235,0.0,0.0
2018-09-27 00:00:00+08:00,5.888858017841998,5.888858017841998,5.816945694847071,5.84890604019165,411431,0.0,0.0
2018-09-28 00:00:00+08:00,5.864887201773964,5.896848785913458,5.832926854410247,5.872877597808838,1314179,0.0,0.0
2018-10-01 00:00:00+08:00,5.920819615976767,5.9527812004089355,5.8568968593710276,5.9527812004089355,412368,0.0,0.0
2018-10-02 00:00:00+08:00,5.9527812004089355,5.976751976474466,5.9048388237606835,5.9527812004089355,302645,0.0,0.0
2018-10-03 00:00:00+08:00,5.960771596516977,6.008713560906634,5.92881001208481,5.9527812004089355,1168904,0.0,0.0
2018-10-04 00:00:00+08:00,6.048664249283094,6.048664249283094,5.872877597808838,5.872877597808838,388115,0.0,0.0
2018-10-05 00:00:00+08:00,5.872877303812167,5.872877303812167,5.68910026550293,5.68910026550293,780266,0.0,0.0
2018-10-08 00:00:00+08:00,5.617187867888165,5.84890604019165,5.601207076828027,5.84890604019165,549750,0.0,0.0
2018-10-09 00:00:00+08:00,5.896848134449859,5.896848134449859,5.75302267074585,5.75302267074585,1310912,0.0,0.0
2018-10-11 00:00:00+08:00,5.593216824255773,5.593216824255773,5.209681951595279,5.281594276428223,1128136,0.0,0.0
2018-10-12 00:00:00+08:00,5.353507778613665,5.7849846418588475,5.353507778613665,5.633169174194336,924078,0.0,0.0
2018-10-15 00:00:00+08:00,5.625178303994993,6.184499811255981,5.513313590284226,6.168519020080566,2743380,0.0,0.0
2018-10-16 00:00:00+08:00,6.136558435623155,6.136558435623155,5.840916244215146,5.912829399108887,1127816,0.0,0.0
2018-10-17 00:00:00+08:00,5.920819561759487,5.968761525710136,5.832926854410247,5.872877597808838,423428,0.0,0.0
2018-10-18 00:00:00+08:00,5.94479054784381,6.232441084996772,5.784984281611363,6.152538776397705,2160584,0.0,0.0
2018-10-19 00:00:00+08:00,6.152538790397242,6.1844999612647396,6.032684090450188,6.056654453277588,1926060,0.0,0.0
2018-10-22 00:00:00+08:00,5.968761173044225,6.008713150858019,5.912828816363481,5.936800003051758,387819,0.0,0.0
2018-10-23 00:00:00+08:00,5.920818565588502,5.968760521472971,5.840915030942037,5.880867004394531,375014,0.0,0.0
2018-10-24 00:00:00+08:00,5.920819597875529,5.920819597875529,5.769004133579844,5.864887237548828,245500,0.0,0.0
2018-10-25 00:00:00+08:00,5.441401915050172,5.593217388010812,5.433411518510502,5.513314247131348,557009,0.0,0.0
2018-10-26 00:00:00+08:00,5.617188577629823,5.633169370709163,5.377479154991429,5.513314247131348,536094,0.0,0.0
2018-10-29 00:00:00+08:00,5.433411475680344,5.4733622212879185,5.361498319648804,5.369488716125488,237727,0.0,0.0
2018-10-30 00:00:00+08:00,5.417430646241233,5.4334114390869725,5.369488679962628,5.377479076385498,170526,0.0,0.0
2018-10-31 00:00:00+08:00,5.449391875508203,5.537284581376584,5.441401479607956,5.50532341003418,289797,0.0,0.0
2018-11-01 00:00:00+08:00,5.505323448193326,5.537284619757263,5.425420725412777,5.433411121368408,261416,0.0,0.0
2018-11-02 00:00:00+08:00,5.385469102260669,5.3934590858751745,5.313555951661447,5.3535075187683105,498222,0.0,0.0
2018-11-05 00:00:00+08:00,5.4174303294571455,5.449391913279671,5.377478761937576,5.433411121368408,182389,0.0,0.0
2018-11-06 00:00:00+08:00,5.880867846542531,5.880867846542531,5.641159269569169,5.657138824462891,680904,0.0,0.0
2018-11-07 00:00:00+08:00,5.649148287328561,5.729051831418727,5.649148287328561,5.68910026550293,210073,0.0,0.0
2018-11-08 00:00:00+08:00,5.737042370551648,5.745032766386382,5.649148428628157,5.657138824462891,283593,0.0,0.0
2018-11-09 00:00:00+08:00,5.657138824462891,5.7290519747169135,5.6331688737344345,5.657138824462891,375294,0.0,0.0
2018-11-12 00:00:00+08:00,5.737042299311032,5.737042299311032,5.593216825106125,5.609197616577148,520228,0.0,0.0
2018-11-13 00:00:00+08:00,5.393459192687987,5.577236652374268,5.393459192687987,5.577236652374268,365725,0.0,0.0
2018-11-14 00:00:00+08:00,5.577236654845847,5.872877597808838,5.577236654845847,5.872877597808838,1434243,0.0,0.0
2018-11-15 00:00:00+08:00,5.968761287449405,5.968761287449405,5.737042285239374,5.769003868103027,2122198,0.0,0.0
2018-11-16 00:00:00+08:00,5.832926785864069,5.832926785864069,5.75302323871292,5.824936389923096,573173,0.0,0.0
2018-11-19 00:00:00+08:00,5.856896222286953,5.856896222286953,5.8009646923904015,5.832926273345947,306846,0.0,0.0
2018-11-20 00:00:00+08:00,5.824936389923096,5.832926785864069,5.769004030594868,5.824936389923096,391432,0.0,0.0
2018-11-21 00:00:00+08:00,5.87287737796486,6.400238549422286,5.87287737796486,6.392248153686523,6907678,0.0,0.0
2018-11-22 00:00:00+08:00,6.352296100058125,6.376267286982582,6.072635138416132,6.080625534057617,2928542,0.0,0.0
2018-11-23 00:00:00+08:00,6.104596321373884,6.128567508348016,5.920819282531738,5.920819282531738,945809,0.0,0.0
2018-11-26 00:00:00+08:00,5.960771189740034,6.136557830827888,5.936800003051758,5.936800003051758,732868,0.0,0.0
2018-11-27 00:00:00+08:00,5.960771083831787,5.992732253256383,5.93679989756942,5.960771083831787,363374,0.0,0.0
2018-11-28 00:00:00+08:00,5.984741855764373,6.264402397326721,5.984741855764373,6.104596138000488,2356921,0.0,0.0
2018-11-29 00:00:00+08:00,6.1765098068247575,6.184500202918494,6.032684326171875,6.032684326171875,533896,0.0,0.0
2018-11-30 00:00:00+08:00,6.032684326171875,6.0886162743108425,5.992732757961786,6.032684326171875,766876,0.0,0.0
2018-12-03 00:00:00+08:00,6.088615741167871,6.552053726921026,6.072634950379738,6.5041117668151855,5606290,0.0,0.0
2018-12-04 00:00:00+08:00,6.528083185635562,7.071424320175053,6.528083185635562,6.9515700340271,8472523,0.0,0.0
2018-12-05 00:00:00+08:00,6.8317143150076305,7.19926961987296,6.767792388187618,6.967549800872803,7712811,0.0,0.0
2018-12-06 00:00:00+08:00,6.951570155138775,7.087404410493745,6.831714630126953,6.831714630126953,2929084,0.0,0.0
2018-12-07 00:00:00+08:00,6.879656312887425,7.510890960693359,6.879656312887425,7.510890960693359,8696157,0.0,0.0
2018-12-10 00:00:00+08:00,7.486919716147622,7.486919716147622,7.271181513062606,7.2871623039245605,5099454,0.0,0.0
2018-12-11 00:00:00+08:00,7.287162268792116,7.478929284659665,7.287162268792116,7.29515266418457,6799721,0.0,0.0
2018-12-12 00:00:00+08:00,7.351085186004639,7.4469691137438145,7.303143634393642,7.351085186004639,5523511,0.0,0.0
2018-12-13 00:00:00+08:00,7.415007687408191,7.734620236993554,7.351085342394558,7.470939636230469,13277172,0.0,0.0
2018-12-14 00:00:00+08:00,7.4629487410723625,7.4629487410723625,7.191279411315918,7.191279411315918,3716194,0.0,0.0
2018-12-17 00:00:00+08:00,7.191279169563231,7.830503379989632,7.191279169563231,7.37505578994751,9382890,0.0,0.0
2018-12-18 00:00:00+08:00,7.391036923618256,7.534862398249646,7.327114582061768,7.327114582061768,2485167,0.0,0.0
2018-12-19 00:00:00+08:00,7.430988671443402,7.502901414503089,7.3031439781188965,7.3031439781188965,1310221,0.0,0.0
2018-12-20 00:00:00+08:00,7.279172348998624,7.391037067284766,6.839705108544335,6.9835309982299805,2315820,0.0,0.0
2018-12-21 00:00:00+08:00,6.99152192275076,7.095395428458747,6.8956379890441895,6.8956379890441895,1479322,0.0,0.0
2018-12-24 00:00:00+08:00,6.687888898375043,6.719850480423426,6.55205382370368,6.639946937561035,1037381,0.0,0.0
2018-12-25 00:00:00+08:00,6.599996490004121,6.68788919550785,6.424208605445159,6.432199001312256,1187120,0.0,0.0
2018-12-26 00:00:00+08:00,6.536073664215304,6.576025230857542,6.384257793426514,6.384257793426514,1055340,0.0,0.0
2018-12-27 00:00:00+08:00,6.488131700903869,6.576025647799863,6.400238990783691,6.400238990783691,914503,0.0,0.0
2018-12-28 00:00:00+08:00,6.400238854491893,6.496121958857041,6.392248458375265,6.416219234466553,643183,0.0,0.0
2019-01-02 00:00:00+08:00,6.488131700903869,6.488131700903869,6.384258198210127,6.400238990783691,451383,0.0,0.0
2019-01-03 00:00:00+08:00,6.464160167228011,6.56004408692238,6.432198585824183,6.512102127075195,635036,0.0,0.0
2019-01-04 00:00:00+08:00,6.456170082796896,6.456170082796896,6.344306191530523,6.392248153686523,761442,0.0,0.0
2019-01-07 00:00:00+08:00,6.472151182765755,6.496121958857041,6.400238854491893,6.416219234466553,500265,0.0,0.0
2019-01-08 00:00:00+08:00,6.408229387070473,6.4321993391550025,6.384258198210127,6.400238990783691,553684,0.0,0.0
2019-01-09 00:00:00+08:00,6.400238854491893,6.432199202182615,6.384258062258637,6.416219234466553,521051,0.0,0.0
2019-01-10 00:00:00+08:00,6.408228397369385,6.496121093915218,6.400238002316658,6.408228397369385,865265,0.0,0.0
2019-01-11 00:00:00+08:00,6.424208679240658,6.424208679240658,6.352296352386475,6.352296352386475,653234,0.0,0.0
2019-01-14 00:00:00+08:00,6.312344480459298,6.440189160602201,6.296363689312151,6.328325271606445,443592,0.0,0.0
2019-01-15 00:00:00+08:00,6.384258431038028,6.384258431038028,6.248422513726141,6.272393703460693,452118,0.0,0.0
2019-01-16 00:00:00+08:00,6.248421632241585,6.256412027692538,6.136557744962482,6.192490100860596,802956,0.0,0.0
2019-01-17 00:00:00+08:00,6.152539027201057,6.256412527324458,6.080625874658112,6.096606254577637,891356,0.0,0.0
2019-01-18 00:00:00+08:00,6.08861572440286,6.152538475120823,6.08861572440286,6.112586498260498,333826,0.0,0.0
2019-01-21 00:00:00+08:00,6.176509451087615,6.2324409837466,6.144548280812072,6.160528659820557,908603,0.0,0.0
2019-01-22 00:00:00+08:00,6.16052866595533,6.192490248521272,6.080625534057617,6.080625534057617,345582,0.0,0.0
2019-01-23 00:00:00+08:00,6.0326838160139555,6.160528493668094,6.0326838160139555,6.104596138000488,243750,0.0,0.0
2019-01-24 00:00:00+08:00,6.112587147558673,6.176509905066712,6.088616371154785,6.088616371154785,310767,0.0,0.0
2019-01-25 00:00:00+08:00,6.112586594575151,6.344306002723399,6.112586594575151,6.248421669006348,1281419,0.0,0.0
2019-01-28 00:00:00+08:00,6.248421904781898,6.336315846317537,6.184499975161843,6.224451541900635,426552,0.0,0.0
2019-01-29 00:00:00+08:00,6.248421561406798,6.2723927474879115,6.1525384661165745,6.208470821380615,323410,0.0,0.0
2019-01-30 00:00:00+08:00,6.216461530245831,6.216461530245831,6.152538776397705,6.152538776397705,201342,0.0,0.0
2019-02-11 00:00:00+08:00,6.1525393256682115,6.192490895793016,6.112587343284792,6.136558532714844,206183,0.0,0.0
2019-02-12 00:00:00+08:00,6.136558127255138,6.15253891915261,6.096606147511459,6.120577335357666,496593,0.0,0.0
2019-02-13 00:00:00+08:00,6.184500054674526,6.184500054674526,6.088616128365235,6.128567695617676,374705,0.0,0.0
2019-02-14 00:00:00+08:00,6.112586698277957,6.184499846721143,6.112586698277957,6.160528659820557,350504,0.0,0.0
2019-02-15 00:00:00+08:00,6.128567731306402,6.168519298791494,6.1125869394089305,6.120577335357666,349386,0.0,0.0
2019-02-18 00:00:00+08:00,6.128567589107691,6.200480738719155,6.120577193344354,6.152538776397705,514543,0.0,0.0
2019-02-19 00:00:00+08:00,6.1525389740958065,6.25641247332263,6.144548578075715,6.200480937957764,753354,0.0,0.0
2019-02-20 00:00:00+08:00,6.240431785583496,6.288373750246744,6.208471437744727,6.240431785583496,628810,0.0,0.0
2019-02-21 00:00:00+08:00,6.2404316812824465,6.2404316812824465,6.1525389740958065,6.200480937957764,648996,0.0,0.0
2019-02-22 00:00:00+08:00,6.184499705409642,6.2324408413396775,6.160528519056781,6.192490100860596,454624,0.0,0.0
2019-02-25 00:00:00+08:00,6.2164618696999705,6.256412613922463,6.200481077300652,6.232441425323486,782087,0.0,0.0
2019-02-26 00:00:00+08:00,6.240431332555705,6.336315667180019,6.232440936982131,6.328325271606445,1003750,0.0,0.0
2019-02-27 00:00:00+08:00,6.392248153686523,6.416218928635235,6.35229617500771,6.392248153686523,1242759,0.0,0.0
2019-03-04 00:00:00+08:00,6.432199251150285,6.576025557827328,6.416219283312568,6.560044765472412,1634519,0.0,0.0
2019-03-05 00:00:00+08:00,6.615976681234634,6.679898609576879,6.520092758074836,6.552053928375244,1023462,0.0,0.0
2019-03-06 00:00:00+08:00,6.576025193598493,6.576025193598493,6.448179686357395,6.456170082092285,712401,0.0,0.0
2019-03-07 00:00:00+08:00,6.416218928635235,6.4641604785326585,6.392248153686523,6.392248153686523,1095844,0.0,0.0
2019-03-08 00:00:00+08:00,6.352296117142733,6.3602865128057084,6.264402589367144,6.312344551086426,567087,0.0,0.0
2019-03-11 00:00:00+08:00,6.384257450494112,6.536073313128066,6.328325095295971,6.512102127075195,1454361,0.0,0.0
2019-03-12 00:00:00+08:00,6.576025507764723,6.576025507764723,6.408229250608521,6.416219234466553,864311,0.0,0.0
2019-03-13 00:00:00+08:00,6.504112115897034,6.552054078575965,6.440189361572266,6.440189361572266,1128353,0.0,0.0
2019-03-14 00:00:00+08:00,6.47215098064774,6.5121025477246395,6.432199001312256,6.432199001312256,779789,0.0,0.0
2019-03-15 00:00:00+08:00,6.48813136012335,6.496121755990447,6.432199001312256,6.432199001312256,402510,0.0,0.0
2019-03-18 00:00:00+08:00,6.4481797930464495,6.504112151857543,6.432199001312256,6.432199001312256,357748,0.0,0.0
2019-03-19 00:00:00+08:00,6.440189361572266,6.480140928428278,6.432198965749347,6.440189361572266,179301,0.0,0.0
2019-03-20 00:00:00+08:00,6.472150321015579,6.472150321015579,6.384257212211203,6.408228397369385,376590,0.0,0.0
2019-03-21 00:00:00+08:00,6.408229261618218,6.44018960936385,6.312344920312546,6.336316108703613,462224,0.0,0.0
2019-03-22 00:00:00+08:00,6.368277280966439,6.408229261618218,6.312344920312546,6.336316108703613,700066,0.0,0.0
2019-03-25 00:00:00+08:00,6.29636399293288,6.416219107798952,6.256412425397053,6.352296352386475,668504,0.0,0.0
2019-03-26 00:00:00+08:00,6.35229617500771,6.472150874268421,6.35229617500771,6.392248153686523,461939,0.0,0.0
2019-03-27 00:00:00+08:00,6.472151018667215,6.472151018667215,6.352296316732449,6.360286712646484,243141,0.0,0.0
2019-03-28 00:00:00+08:00,6.368277108560519,6.416219071786142,6.360286712646484,6.360286712646484,243280,0.0,0.0
2019-03-29 00:00:00+08:00,6.368276908468684,6.408228886783564,6.312344551086426,6.312344551086426,278937,0.0,0.0
2019-04-01 00:00:00+08:00,6.312344420731527,6.36028638146077,6.232440878010412,6.248421669006348,424012,0.0,0.0
2019-04-02 00:00:00+08:00,6.320335371261134,6.328325767460793,6.232441425323486,6.232441425323486,284297,0.0,0.0
2019-04-03 00:00:00+08:00,6.240431785583496,6.304354542554026,6.200481041591086,6.240431785583496,346002,0.0,0.0
2019-04-08 00:00:00+08:00,6.304354226319238,6.336315809330567,6.280383451319319,6.296363830566406,220910,0.0,0.0
2019-04-09 00:00:00+08:00,6.336315937162966,6.400238692216659,6.3283255412489305,6.360286712646484,407198,0.0,0.0
2019-04-10 00:00:00+08:00,6.440189398954435,6.440189398954435,6.336315901687882,6.368277072906494,302660,0.0,0.0
2019-04-11 00:00:00+08:00,6.416218928635235,6.496121649217133,6.392248153686523,6.392248153686523,1202913,0.0,0.0
2019-04-12 00:00:00+08:00,6.448179135857396,6.448179135857396,6.400238002316658,6.408228397369385,446587,0.0,0.0
2019-04-15 00:00:00+08:00,6.488131181648328,6.504111972942923,6.440189220023115,6.472150802612305,460245,0.0,0.0
2019-04-16 00:00:00+08:00,6.488131252773272,6.488131252773272,6.4321988948876125,6.456170082092285,530478,0.0,0.0
2019-04-17 00:00:00+08:00,6.464160786649127,6.496121958857041,6.416219234466553,6.416219234466553,553031,0.0,0.0
2019-04-18 00:00:00+08:00,6.424208499853845,6.456170082796896,6.392248153686523,6.392248153686523,481442,0.0,0.0
2019-04-19 00:00:00+08:00,6.4002386192334155,6.52808330336579,6.4002386192334155,6.440189361572266,829155,0.0,0.0
2019-04-22 00:00:00+08:00,6.448179376526097,6.607986046769564,6.448179376526097,6.512102127075195,1112622,0.0,0.0
2019-04-23 00:00:00+08:00,6.5840153798038585,6.5840153798038585,6.488131046295166,6.488131046295166,367406,0.0,0.0
2019-04-24 00:00:00+08:00,6.54406361065893,6.54406361065893,6.456170082092285,6.456170082092285,268318,0.0,0.0
2019-04-25 00:00:00+08:00,6.464160549041021,6.504112115897034,6.440189361572266,6.440189361572266,254454,0.0,0.0
2019-04-26 00:00:00+08:00,6.480140857745607,6.480140857745607,6.392248153686523,6.392248153686523,470083,0.0,0.0
2019-04-29 00:00:00+08:00,6.392248224815855,6.4561701546375145,6.3602866415171535,6.376267433166504,298079,0.0,0.0
2019-04-30 00:00:00+08:00,6.360286027053021,6.432198345751942,6.360286027053021,6.408228397369385,213952,0.0,0.0
2019-05-02 00:00:00+08:00,6.440189245427153,6.9515700340271,6.440189245427153,6.9515700340271,5950288,0.0,0.0
2019-05-03 00:00:00+08:00,6.871666572855172,6.999512088419896,6.711860709045775,6.791764259338379,4448847,0.0,0.0
2019-05-06 00:00:00+08:00,6.711860012020853,6.711860012020853,6.592005729675293,6.592005729675293,1365699,0.0,0.0
2019-05-07 00:00:00+08:00,6.607986726050681,6.759802604290849,6.607986726050681,6.623966693878174,712972,0.0,0.0
2019-05-08 00:00:00+08:00,6.615976846034093,6.67190838012981,6.568034883259992,6.6079864501953125,555271,0.0,0.0
2019-05-09 00:00:00+08:00,6.6319566542653945,6.639947049912692,6.472150802612305,6.472150802612305,1161646,0.0,0.0
2019-05-10 00:00:00+08:00,6.4801407262115,6.536073495226515,6.328325271606445,6.328325271606445,1154060,0.0,0.0
2019-05-13 00:00:00+08:00,6.208470866176237,6.30435396215828,6.0566541777509055,6.104596138000488,1477408,0.0,0.0
2019-05-14 00:00:00+08:00,6.08861602254958,6.152538776397705,6.000722905928597,6.152538776397705,625642,0.0,0.0
2019-05-15 00:00:00+08:00,6.152538535864389,6.256412027692538,6.152538535864389,6.192490100860596,377282,0.0,0.0
2019-05-16 00:00:00+08:00,6.296363838844897,6.296363838844897,6.136557984871029,6.152538776397705,714170,0.0,0.0
2019-05-17 00:00:00+08:00,6.224451767485408,6.224451767485408,6.088616270747171,6.096606254577637,259671,0.0,0.0
2019-05-20 00:00:00+08:00,6.032683580791657,6.088615522019842,6.032683580791657,6.0646443367004395,234671,0.0,0.0
2019-05-21 00:00:00+08:00,6.064644886139817,6.072635281970191,5.9527809935489,5.984742164611816,603442,0.0,0.0
2019-05-22 00:00:00+08:00,6.000722412624331,6.136557480400104,6.000722412624331,6.0646443367004395,438003,0.0,0.0
2019-05-23 00:00:00+08:00,6.032684422126179,6.0966063551170135,6.008713645722291,6.088616371154785,267427,0.0,0.0
2019-05-24 00:00:00+08:00,6.088615923635943,6.168519055454086,6.088615923635943,6.160528659820557,217757,0.0,0.0
2019-05-27 00:00:00+08:00,6.160528555304394,6.344306002723399,6.160528555304394,6.248421669006348,295396,0.0,0.0
2019-05-28 00:00:00+08:00,6.256412613922463,6.272393406321781,6.176509888701675,6.232441425323486,293117,0.0,0.0
2019-05-29 00:00:00+08:00,6.25641247332263,6.272393265362813,6.1685193538773975,6.200480937957764,146540,0.0,0.0
2019-05-30 00:00:00+08:00,6.216461322586268,6.248421667796256,6.112586593391366,6.184499740600586,334763,0.0,0.0
2019-05-31 00:00:00+08:00,6.216461429255258,6.2324409837466,6.144548280812072,6.160528659820557,171623,0.0,0.0
2019-06-03 00:00:00+08:00,6.160528458234331,6.160528458234331,6.048663747542535,6.112586498260498,176885,0.0,0.0
2019-06-04 00:00:00+08:00,6.136558336221164,6.136558336221164,6.032684422126179,6.088616371154785,181077,0.0,0.0
2019-06-05 00:00:00+08:00,6.088616072159797,6.112586847386548,6.008713350651103,6.048664093017578,333139,0.0,0.0
2019-06-06 00:00:00+08:00,6.064644742724658,6.072635138366079,6.0167036056518555,6.0167036056518555,228793,0.0,0.0
2019-06-10 00:00:00+08:00,6.00871355014926,6.040673897748421,6.00871355014926,6.032684326171875,103564,0.0,0.0
2019-06-11 00:00:00+08:00,6.032683984676123,6.056654347083239,6.0167036056518555,6.0167036056518555,121116,0.0,0.0
2019-06-12 00:00:00+08:00,6.032684326171875,6.0886162743108425,6.0167039462429965,6.032684326171875,170019,0.0,0.0
2019-06-13 00:00:00+08:00,6.040673520325146,6.088615893892111,6.016703570317371,6.024693965911865,159747,0.0,0.0
2019-06-14 00:00:00+08:00,6.024694509517797,6.080626046950231,6.024694509517797,6.072635650634766,318010,0.0,0.0
2019-06-17 00:00:00+08:00,6.056654524508554,6.096606091627433,6.040673732757568,6.040673732757568,135046,0.0,0.0
2019-06-18 00:00:00+08:00,6.072635138366079,6.072635138366079,6.0167036056518555,6.0167036056518555,132019,0.0,0.0
2019-06-19 00:00:00+08:00,6.072635244840627,6.088616036403666,6.0007229195826906,6.056654453277588,246346,0.0,0.0
2019-06-20 00:00:00+08:00,6.088616371154785,6.088616371154785,6.032684422126179,6.088616371154785,127351,0.0,0.0
2019-06-21 00:00:00+08:00,6.104596308723503,6.120577100006473,6.072635138416132,6.080625534057617,185931,0.0,0.0
2019-06-24 00:00:00+08:00,6.104596654239721,6.104596654239721,6.032684326171875,6.032684326171875,103322,0.0,0.0
2019-06-25 00:00:00+08:00,6.040673555800399,6.040673555800399,6.008713210010436,6.0167036056518555,81492,0.0,0.0
2019-06-26 00:00:00+08:00,6.000722814369016,6.024694001293276,5.992732418727597,6.0167036056518555,291558,0.0,0.0
2019-06-27 00:00:00+08:00,6.04067366171455,6.080625640622146,6.04067366171455,6.056654453277588,175472,0.0,0.0
2019-06-28 00:00:00+08:00,6.056654863388595,6.056654863388595,6.008713722229004,6.008713722229004,106896,0.0,0.0
2019-07-01 00:00:00+08:00,6.032683984725848,6.128567495647959,6.032683984725848,6.080625534057617,380162,0.0,0.0
2019-07-02 00:00:00+08:00,6.080625676331354,6.088616072159797,6.048664093017578,6.048664093017578,184054,0.0,0.0
2019-07-03 00:00:00+08:00,6.1285670852936365,6.1285670852936365,6.032683580791657,6.0646443367004395,293227,0.0,0.0
2019-07-04 00:00:00+08:00,6.072635773159988,6.168519706362964,6.072635773159988,6.136558532714844,432808,0.0,0.0
2019-07-05 00:00:00+08:00,6.192490649495489,6.2004810456543655,6.160529064859979,6.176509857177734,391691,0.0,0.0
2019-07-08 00:00:00+08:00,6.240431493900729,6.408228980767005,6.232441098120566,6.384257793426514,1796155,0.0,0.0
2019-07-09 00:00:00+08:00,6.440189196585425,6.504111949272601,6.3203349113464355,6.3203349113464355,3358595,0.0,0.0
2019-07-10 00:00:00+08:00,6.352296844725292,6.352296844725292,6.256412910304325,6.272393703460693,588619,0.0,0.0
2019-07-11 00:00:00+08:00,6.256412581990711,6.272393374308465,6.176509857177734,6.176509857177734,1311006,0.0,0.0
2019-07-12 00:00:00+08:00,6.2084713339778554,6.216461729997947,6.184500145917581,6.200480937957764,273534,0.0,0.0
2019-07-15 00:00:00+08:00,6.21646132379017,6.256412064504316,6.21646132379017,6.248421669006348,248867,0.0,0.0
2019-07-16 00:00:00+08:00,6.288373678092753,6.288373678092753,6.248422110041558,6.256412506103516,294002,0.0,0.0
2019-07-17 00:00:00+08:00,6.3043536739424715,6.448179135857396,6.3043536739424715,6.408228397369385,1529043,0.0,0.0
2019-07-18 00:00:00+08:00,6.592006242299131,6.927599165932737,6.536073882230899,6.584015846252441,8941654,0.0,0.0
2019-07-19 00:00:00+08:00,6.55205404244017,6.599996417113271,6.432198930274574,6.448179721832275,2537863,0.0,0.0
2019-07-22 00:00:00+08:00,6.47215101037822,6.759802377104974,6.47215101037822,6.751811981201172,4197849,0.0,0.0
2019-07-23 00:00:00+08:00,6.751811650213242,6.751811650213242,6.599996196776253,6.639946937561035,1273274,0.0,0.0
2019-07-24 00:00:00+08:00,6.663918368541211,6.663918368541211,6.536073684692383,6.536073684692383,1214620,0.0,0.0
2019-07-25 00:00:00+08:00,6.528083288887186,6.576025251459787,6.472150930509388,6.536073684692383,538501,0.0,0.0
2019-07-26 00:00:00+08:00,6.5121022327369795,6.568034588842649,6.488131046295166,6.488131046295166,522839,0.0,0.0
2019-07-29 00:00:00+08:00,6.504112279416138,6.599996619443198,6.440189523484295,6.496121883392334,523698,0.0,0.0
2019-07-30 00:00:00+08:00,6.496121445041455,6.496121445041455,6.344305992126465,6.344305992126465,1071625,0.0,0.0
2019-07-31 00:00:00+08:00,6.328325271606445,6.352296046068597,6.296363689312151,6.328325271606445,293724,0.0,0.0
2019-08-01 00:00:00+08:00,6.328325767460793,6.328325767460793,6.208471473500311,6.232441425323486,422201,0.0,0.0
2019-08-02 00:00:00+08:00,6.224451658174058,6.224451658174058,6.1125869394089305,6.120577335357666,685062,0.0,0.0
2019-08-05 00:00:00+08:00,6.120577100006473,6.128567495647959,6.072635138416132,6.080625534057617,272669,0.0,0.0
2019-08-06 00:00:00+08:00,5.992732412809313,6.184499846721143,5.992732412809313,6.160528659820557,390400,0.0,0.0
2019-08-07 00:00:00+08:00,6.232440779807241,6.232440779807241,6.112586498260498,6.112586498260498,262089,0.0,0.0
2019-08-08 00:00:00+08:00,6.256412417451825,6.256412417451825,6.104596543460194,6.120577335357666,279657,0.0,0.0
2019-08-12 00:00:00+08:00,6.064644742774647,6.136557891289445,6.064644742774647,6.080625534057617,242164,0.0,0.0
2019-08-13 00:00:00+08:00,6.05665434713316,6.112586704364988,6.05665434713316,6.080625534057617,347258,0.0,0.0
2019-08-14 00:00:00+08:00,6.1525391286628235,6.168519508845882,6.040673993829805,6.088616371154785,437571,0.0,0.0
2019-08-15 00:00:00+08:00,6.016703570317371,6.0726351027031225,6.008713174722876,6.024693965911865,252522,0.0,0.0
2019-08-16 00:00:00+08:00,6.0406733521704705,6.128567289004628,6.032683781315521,6.112586498260498,245889,0.0,0.0
2019-08-19 00:00:00+08:00,6.152538475120823,6.192490039722591,6.104596102888433,6.112586498260498,370273,0.0,0.0
2019-08-20 00:00:00+08:00,6.120577335357666,6.160528902842758,6.104596543460194,6.120577335357666,248475,0.0,0.0
2019-08-21 00:00:00+08:00,6.136558127255138,6.136558127255138,6.104596543460194,6.120577335357666,85111,0.0,0.0
2019-08-22 00:00:00+08:00,6.104596102888433,6.152538475120823,6.0966057075163675,6.112586498260498,220929,0.0,0.0
2019-08-23 00:00:00+08:00,6.112586903813265,6.144548487422086,6.08062573246303,6.128567695617676,194244,0.0,0.0
2019-08-26 00:00:00+08:00,6.104595899974234,6.104595899974234,6.024693597943734,6.0646443367004395,154121,0.0,0.0
2019-08-27 00:00:00+08:00,6.072635244840627,6.096606019926606,6.032684090450188,6.056654453277588,183795,0.0,0.0
2019-08-28 00:00:00+08:00,6.040674065372906,6.088616443265695,6.0326844935746555,6.072635650634766,161774,0.0,0.0
2019-08-29 00:00:00+08:00,6.168518914507734,6.224451270405848,6.096605767707714,6.192490100860596,724933,0.0,0.0
2019-08-30 00:00:00+08:00,6.232441393514079,6.232441393514079,6.168519461018857,6.176509857177734,260027,0.0,0.0
2019-09-02 00:00:00+08:00,6.240431133453196,6.312344279062383,6.1924899983170345,6.280383110046387,387650,0.0,0.0
2019-09-03 00:00:00+08:00,6.328325342412378,6.472150815311652,6.30435415542345,6.312344551086426,659893,0.0,0.0
2019-09-04 00:00:00+08:00,6.368276908468684,6.368276908468684,6.2963637597604745,6.312344551086426,121646,0.0,0.0
2019-09-05 00:00:00+08:00,6.320335334861308,6.368277299524555,6.232441389429855,6.240431785583496,318128,0.0,0.0
2019-09-06 00:00:00+08:00,6.208471162560266,6.240431508982423,6.176509579362368,6.224451541900635,238009,0.0,0.0
2019-09-10 00:00:00+08:00,6.232441389429855,6.240431785583496,6.224451817793411,6.240431785583496,198033,0.0,0.0
2019-09-11 00:00:00+08:00,6.224451066677696,6.224451066677696,6.088615585233106,6.144547939300537,733859,0.0,0.0
2019-09-12 00:00:00+08:00,6.1525384661165745,6.216461216740986,6.104596093954347,6.208470821380615,479899,0.0,0.0
2019-09-16 00:00:00+08:00,6.208470998019104,6.224451376935949,6.1205770588128905,6.168519020080566,322658,0.0,0.0
2019-09-17 00:00:00+08:00,6.144548380634367,6.216461530245831,6.136557984871029,6.152538776397705,375117,0.0,0.0
2019-09-18 00:00:00+08:00,6.144548380634367,6.176509551429141,6.128567589107691,6.152538776397705,84820,0.0,0.0
2019-09-19 00:00:00+08:00,6.136557984871029,6.184499947192479,6.136557984871029,6.152538776397705,102085,0.0,0.0
2019-09-20 00:00:00+08:00,6.144548245576013,6.184499811255981,6.144548245576013,6.168519020080566,125701,0.0,0.0
2019-09-23 00:00:00+08:00,6.168519155665803,6.168519155665803,6.128567589107691,6.152538776397705,161823,0.0,0.0
2019-09-24 00:00:00+08:00,6.152538475120823,6.152538475120823,6.112586498260498,6.112586498260498,174826,0.0,0.0
2019-09-25 00:00:00+08:00,6.120576893632563,6.120576893632563,6.08861572440286,6.112586498260498,143684,0.0,0.0
2019-09-26 00:00:00+08:00,6.096606112008855,6.160528866967911,6.096606112008855,6.128567695617676,83950,0.0,0.0
2019-09-27 00:00:00+08:00,6.136558235022937,6.136558235022937,6.072635478569051,6.096606254577637,99510,0.0,0.0
2019-10-01 00:00:00+08:00,6.1125862950807015,6.1125862950807015,6.032683580791657,6.0646443367004395,190884,0.0,0.0
2019-10-02 00:00:00+08:00,6.016704113202333,6.080626046950231,6.016704113202333,6.072635650634766,177702,0.0,0.0
2019-10-03 00:00:00+08:00,6.024694142307991,6.048664093017578,6.000722954822659,6.048664093017578,198645,0.0,0.0
2019-10-04 00:00:00+08:00,6.056654524508554,6.056654524508554,6.016703781906843,6.040673732757568,109174,0.0,0.0
2019-10-07 00:00:00+08:00,6.024694514874142,6.072635656033733,6.000723325906435,6.008713722229004,159656,0.0,0.0
2019-10-08 00:00:00+08:00,6.0087132808674815,6.056654418505624,6.000722885131836,6.000722885131836,140538,0.0,0.0
2019-10-09 00:00:00+08:00,6.000723325906435,6.032684498938103,5.992732929583867,6.008713722229004,116317,0.0,0.0
2019-10-14 00:00:00+08:00,6.04067366171455,6.096606019926606,6.016703711145729,6.056654453277588,230114,0.0,0.0
2019-10-15 00:00:00+08:00,6.056654453277588,6.056654453277588,6.016703711145729,6.056654453277588,74518,0.0,0.0
2019-10-16 00:00:00+08:00,6.024694106927249,6.056654453277588,6.016703711145729,6.056654453277588,205478,0.0,0.0
2019-10-17 00:00:00+08:00,6.056654453277588,6.064644849059108,6.032684090450188,6.056654453277588,82539,0.0,0.0
2019-10-18 00:00:00+08:00,6.048664293842158,6.072635482123369,6.032684326171875,6.032684326171875,163825,0.0,0.0
2019-10-21 00:00:00+08:00,6.040673697189134,6.056654488846022,6.008713350651103,6.048664093017578,144885,0.0,0.0
2019-10-22 00:00:00+08:00,6.07263528050291,6.07263528050291,6.040673697189134,6.048664093017578,91747,0.0,0.0
2019-10-23 00:00:00+08:00,6.024694106927249,6.064644849059108,6.024694106927249,6.056654453277588,136639,0.0,0.0
2019-10-24 00:00:00+08:00,6.048664293842158,6.048664293842158,6.00871355014926,6.032684326171875,166713,0.0,0.0
2019-10-25 00:00:00+08:00,6.03268394924779,6.03268394924779,6.008713174722876,6.024693965911865,90665,0.0,0.0
2019-10-28 00:00:00+08:00,6.000722779128382,6.056654311514134,6.000722779128382,6.024693965911865,94403,0.0,0.0
2019-10-29 00:00:00+08:00,6.02469383493954,6.02469383493954,5.952780688410998,5.960771083831787,358006,0.0,0.0
2019-10-30 00:00:00+08:00,5.960770951439701,5.960770951439701,5.880867411265074,5.896848201751709,329122,0.0,0.0
2019-10-31 00:00:00+08:00,5.8808679044705885,5.8808679044705885,5.721061635236105,5.737042427062988,879011,0.0,0.0
2019-11-01 00:00:00+08:00,5.808955705231483,5.808955705231483,5.7450329487827405,5.800965309143066,137032,0.0,0.0
2019-11-04 00:00:00+08:00,5.816946101319901,5.816946101319901,5.7450329487827405,5.800965309143066,112530,0.0,0.0
2019-11-05 00:00:00+08:00,5.77699408524654,5.832926857520478,5.77699408524654,5.808955669403076,156893,0.0,0.0
2019-11-06 00:00:00+08:00,5.808955669403076,5.856896808862103,5.808955669403076,5.808955669403076,126596,0.0,0.0
2019-11-07 00:00:00+08:00,5.808955705231483,5.848906448897784,5.800965309143066,5.800965309143066,97381,0.0,0.0
2019-11-08 00:00:00+08:00,5.808955263006144,5.85689639911119,5.792974472045898,5.792974472045898,54100,0.0,0.0
2019-11-11 00:00:00+08:00,5.808955669403076,5.832926857520478,5.784984481285673,5.808955669403076,153647,0.0,0.0
2019-11-12 00:00:00+08:00,5.8329263434958945,5.8329263434958945,5.800964762155961,5.816945552825928,96299,0.0,0.0
2019-11-13 00:00:00+08:00,5.761013302383971,5.808955263006144,5.761013302383971,5.792974472045898,81151,0.0,0.0
2019-11-14 00:00:00+08:00,5.816945658486267,5.816945658486267,5.7530229069038485,5.792974472045898,106038,0.0,0.0
2019-11-15 00:00:00+08:00,5.792974472045898,5.792974472045898,5.761013302383971,5.792974472045898,115302,0.0,0.0
2019-11-18 00:00:00+08:00,5.7849846246001215,5.808955813311375,5.769004244384555,5.776994228363037,187189,0.0,0.0
2019-11-19 00:00:00+08:00,5.776993851560365,5.784984247276278,5.745032680955288,5.769003868103027,165549,0.0,0.0
2019-11-20 00:00:00+08:00,5.769003868103027,5.800965038708105,5.753023076671201,5.769003868103027,156893,0.0,0.0
2019-11-21 00:00:00+08:00,5.761013065897972,5.769003461050094,5.729051485289483,5.75302267074585,173123,0.0,0.0
2019-11-22 00:00:00+08:00,5.7450322755937275,5.761013065897972,5.7370418804416055,5.75302267074585,56302,0.0,0.0
2019-11-25 00:00:00+08:00,5.784984247276278,5.784984247276278,5.729051889523461,5.769003868103027,153647,0.0,0.0
2019-11-26 00:00:00+08:00,5.769003461050094,5.769003461050094,5.75302267074585,5.75302267074585,172041,0.0,0.0
2019-11-27 00:00:00+08:00,5.761013302383971,5.800964867526021,5.761013302383971,5.792974472045898,217486,0.0,0.0
2019-11-28 00:00:00+08:00,5.784984481285673,5.832926857520478,5.784984481285673,5.808955669403076,101710,0.0,0.0
2019-11-29 00:00:00+08:00,5.808955705231483,5.808955705231483,5.753023344871158,5.800965309143066,510607,0.0,0.0
2019-12-02 00:00:00+08:00,5.75302267074585,5.792974234247913,5.7450322755937275,5.75302267074585,61675,0.0,0.0
2019-12-03 00:00:00+08:00,5.753023076671201,5.769003868103027,5.7210614938075475,5.769003868103027,120104,0.0,0.0
2019-12-04 00:00:00+08:00,5.769003461050094,5.769003461050094,5.7450322755937275,5.75302267074585,90889,0.0,0.0
2019-12-05 00:00:00+08:00,5.753023183186851,5.761013579050704,5.721061599731438,5.745032787322998,101710,0.0,0.0
2019-12-06 00:00:00+08:00,5.737042534472073,5.737042534472073,5.697090966415478,5.713071346282959,220776,0.0,0.0
2019-12-09 00:00:00+08:00,5.721061542956223,5.721061542956223,5.641159234144966,5.6651291847229,446874,0.0,0.0
2019-12-10 00:00:00+08:00,5.673119403879816,5.72106136483595,5.649148217272465,5.705080986022949,212076,0.0,0.0
2019-12-11 00:00:00+08:00,5.729051485289483,5.7769934439436685,5.697090316939542,5.75302267074585,181779,0.0,0.0
2019-12-12 00:00:00+08:00,5.7530232188898704,5.7530232188898704,5.7050812556678085,5.737042427062988,110366,0.0,0.0
2019-12-13 00:00:00+08:00,5.6970908952088966,5.737042462766147,5.681110103282561,5.7290520668029785,35636,0.0,0.0
2019-12-16 00:00:00+08:00,5.697090930762461,5.745032894582068,5.689100534749428,5.721061706542969,199091,0.0,0.0
2019-12-17 00:00:00+08:00,5.713071219024715,5.713071219024715,5.649148464202881,5.649148464202881,230470,0.0,0.0
2019-12-18 00:00:00+08:00,5.6331686629765985,5.7130709693001664,5.6331686629765985,5.705080986022949,181779,0.0,0.0
2019-12-19 00:00:00+08:00,5.705081571145954,5.705081571145954,5.657139193014201,5.681110382080078,89807,0.0,0.0
2019-12-20 00:00:00+08:00,5.641159198820551,5.67311954498291,5.6012072201479395,5.67311954498291,158299,0.0,0.0
2019-12-23 00:00:00+08:00,5.68910077843537,5.697091174790662,5.641159637079443,5.681110382080078,70331,0.0,0.0
2019-12-24 00:00:00+08:00,5.681109940717432,5.705081127920999,5.665129149248388,5.67311954498291,62757,0.0,0.0
2019-12-25 00:00:00+08:00,5.617188345824558,5.673119882518259,5.617188345824558,5.641159534454346,143908,0.0,0.0
2019-12-26 00:00:00+08:00,5.665129255972985,5.673119651858038,5.625178513323477,5.649148464202881,98463,0.0,0.0
2019-12-27 00:00:00+08:00,5.649148693888471,5.649148693888471,5.625178742034487,5.641159534454346,76893,0.0,0.0
2019-12-30 00:00:00+08:00,5.633168803086029,5.67311954498291,5.633168803086029,5.67311954498291,188271,0.0,0.0
2019-12-31 00:00:00+08:00,5.6331692407241505,5.697091174790662,5.6331692407241505,5.681110382080078,287407,0.0,0.0
2020-01-02 00:00:00+08:00,5.673119474233182,5.721061435783853,5.673119474233182,5.68910026550293,199091,0.0,0.0
2020-01-03 00:00:00+08:00,5.681109940717432,5.689100336451955,5.633168803086029,5.67311954498291,274526,0.0,0.0
2020-01-06 00:00:00+08:00,5.673119918723137,5.673119918723137,5.625178777933413,5.633169174194336,96299,0.0,0.0
2020-01-07 00:00:00+08:00,5.633169174194336,5.657139126201292,5.593217192889722,5.633169174194336,180697,0.0,0.0
2020-01-08 00:00:00+08:00,5.61718794146244,5.68110986976455,5.609197545827712,5.625178337097168,133088,0.0,0.0
2020-01-09 00:00:00+08:00,5.657138682860365,5.673119474129822,5.601207150192983,5.625178337097168,88725,0.0,0.0
2020-01-10 00:00:00+08:00,5.641159163892303,5.6731195098567735,5.601207185467061,5.617187976837158,188271,0.0,0.0
2020-01-13 00:00:00+08:00,5.617188381672491,5.633169174194336,5.593217192889722,5.633169174194336,210994,0.0,0.0
2020-01-14 00:00:00+08:00,5.6731195098567735,5.6731195098567735,5.593216789782013,5.617187976837158,242372,0.0,0.0
2020-01-15 00:00:00+08:00,5.641159163892303,5.641159163892303,5.593216789782013,5.617187976837158,63839,0.0,0.0
2020-01-16 00:00:00+08:00,5.6491483584789774,5.6491483584789774,5.609197616577148,5.609197616577148,62757,0.0,0.0
2020-01-17 00:00:00+08:00,5.593216825106125,5.641159199519196,5.593216825106125,5.609197616577148,37870,0.0,0.0
2020-01-20 00:00:00+08:00,5.609197687730871,5.633168875241487,5.593216896057129,5.593216896057129,118798,0.0,0.0
2020-01-30 00:00:00+08:00,5.065856337682701,5.38546929843884,5.065856337682701,5.1697306632995605,499894,0.0,0.0
2020-01-31 00:00:00+08:00,5.057866100772551,5.225662336856573,5.025904520319838,5.121788024902344,880068,0.0,0.0
2020-02-03 00:00:00+08:00,5.09781722193454,5.09781722193454,4.930020973264632,4.985953330993652,493401,0.0,0.0
2020-02-04 00:00:00+08:00,4.985953366503063,4.993943762272483,4.898059425298018,4.977962970733643,1262719,0.0,0.0
2020-02-05 00:00:00+08:00,5.01791490881417,5.025905305175144,4.953992150184983,5.00193452835083,256439,0.0,0.0
2020-02-06 00:00:00+08:00,5.009924742737844,5.089827473244546,5.001934758268214,5.041886329650879,336508,0.0,0.0
2020-02-07 00:00:00+08:00,5.041886329650879,5.041886329650879,5.041886329650879,5.041886329650879,0,0.0,0.0
2020-02-10 00:00:00+08:00,5.073845755302695,5.073845755302695,5.009923829899472,5.033895015716553,183496,0.0,0.0
2020-02-11 00:00:00+08:00,5.041885781614283,5.065856144676302,5.033895385754555,5.05786657333374,124432,0.0,0.0
2020-02-12 00:00:00+08:00,5.06585567136864,5.185710773549226,5.057866100772551,5.121788024902344,288899,0.0,0.0
2020-02-13 00:00:00+08:00,5.169730428749103,5.169730428749103,5.113798070396243,5.129778861999512,213158,0.0,0.0
2020-02-14 00:00:00+08:00,5.201691763668012,5.201691763668012,5.1457594035520176,5.18571138381958,240995,0.0,0.0
2020-02-17 00:00:00+08:00,5.185711220352372,5.185711220352372,5.129778861999512,5.129778861999512,166631,0.0,0.0
2020-02-18 00:00:00+08:00,5.161740622801125,5.161740622801125,5.081837067912449,5.105808258056641,154729,0.0,0.0
2020-02-19 00:00:00+08:00,5.049876210953625,5.153749708784422,5.049876210953625,5.113798141479492,101710,0.0,0.0
2020-02-20 00:00:00+08:00,5.113798141479492,5.129778933304898,5.097817349654085,5.113798141479492,215322,0.0,0.0
2020-02-21 00:00:00+08:00,5.113797734676448,5.113797734676448,5.081836153568181,5.0978169441223145,68167,0.0,0.0
2020-02-24 00:00:00+08:00,5.089826545847417,5.089826545847417,5.0179142251718325,5.033895015716553,191517,0.0,0.0
2020-02-25 00:00:00+08:00,5.009924411773682,5.02590520417448,4.977963239230685,5.009924411773682,137416,0.0,0.0
2020-02-26 00:00:00+08:00,4.993943762272483,5.0019341580419034,4.946001387655961,4.977962970733643,231552,0.0,0.0
2020-02-27 00:00:00+08:00,4.977963214818221,5.001934403301862,4.914040457787111,4.938011646270752,186107,0.0,0.0
2020-03-02 00:00:00+08:00,4.874088889239642,4.938011646270752,4.834137732950772,4.938011646270752,491237,0.0,0.0
2020-03-03 00:00:00+08:00,4.953991854329839,5.025905005025307,4.938011474820857,4.961982250213623,163385,0.0,0.0
2020-03-04 00:00:00+08:00,4.938011069886453,4.953991448084988,4.914039884200825,4.946001052856445,139580,0.0,0.0
2020-03-05 00:00:00+08:00,4.953992050629487,5.03389560037488,4.953992050629487,5.009924411773682,192599,0.0,0.0
2020-03-06 00:00:00+08:00,5.009924141552745,5.009924141552745,4.953991783425382,4.977962970733643,178533,0.0,0.0
2020-03-09 00:00:00+08:00,4.977962970733643,4.977962970733643,4.977962970733643,4.977962970733643,0,0.0,0.0
2020-03-10 00:00:00+08:00,4.914040216836859,4.985953366503063,4.898059425298018,4.977962970733643,386281,0.0,0.0
2020-03-11 00:00:00+08:00,4.985953295597874,5.009924070306668,4.969972504286296,4.993943691253662,226142,0.0,0.0
2020-03-12 00:00:00+08:00,4.993943667938308,4.993943667938308,4.73026308607976,4.906049728393555,806106,0.0,0.0
2020-03-13 00:00:00+08:00,4.482563484922116,4.874088764190674,4.418641554048176,4.874088764190674,1299508,0.0,0.0
2020-03-16 00:00:00+08:00,4.570456435458988,4.778204642642822,4.570456435458988,4.586437225341797,330016,0.0,0.0
2020-03-17 00:00:00+08:00,4.162951505013157,4.53849600572164,4.162951505013157,4.3866801261901855,443628,0.0,0.0
2020-03-18 00:00:00+08:00,4.3866801261901855,4.3866801261901855,4.3866801261901855,4.3866801261901855,0,0.0,0.0
2020-03-19 00:00:00+08:00,4.234864216837315,4.234864216837315,3.859319755332143,3.98716402053833,1071201,0.0,0.0
2020-03-20 00:00:00+08:00,3.7234836954627744,4.091037745522837,3.7234836954627744,4.027115821838379,1077693,0.0,0.0
2020-03-23 00:00:00+08:00,3.995154663593181,3.995154663593181,3.8033872232503647,3.9072611331939697,357067,0.0,0.0
2020-03-24 00:00:00+08:00,4.043097002196829,4.059077381595749,3.771426017570792,3.9152514934539795,619998,0.0,0.0
2020-03-25 00:00:00+08:00,3.95520357926046,4.059077914145333,3.95520357926046,4.035107135772705,670853,0.0,0.0
2020-03-26 00:00:00+08:00,3.9871647545101765,4.059077914145333,3.9871647545101765,4.035107135772705,453367,0.0,0.0
2020-03-27 00:00:00+08:00,4.035107135772705,4.043097532649793,4.003145548264353,4.035107135772705,286735,0.0,0.0
2020-03-30 00:00:00+08:00,4.035106494101983,4.035106494101983,3.9552029502961603,3.9791741371154785,136334,0.0,0.0
2020-03-31 00:00:00+08:00,3.9951545160697868,4.035106494101983,3.947212554689721,3.9791741371154785,443628,0.0,0.0
2020-04-01 00:00:00+08:00,3.9631935781513077,4.019125938415527,3.9152516139617757,4.019125938415527,228306,0.0,0.0
2020-04-06 00:00:00+08:00,4.019126342018529,4.035107135772705,3.971184373014636,4.035107135772705,125514,0.0,0.0
2020-04-07 00:00:00+08:00,4.059077667452661,4.091038428501309,4.03510689053687,4.075058460235596,483663,0.0,0.0
2020-04-08 00:00:00+08:00,4.107018974420773,4.202902900837797,4.05108743981825,4.178931713104248,637310,0.0,0.0
2020-04-09 00:00:00+08:00,4.226873841115191,4.346728123731898,4.146970298939784,4.298786163330078,711970,0.0,0.0
2020-04-10 00:00:00+08:00,4.274815801517011,4.298786163330078,4.210893050228397,4.298786163330078,201256,0.0,0.0
2020-04-13 00:00:00+08:00,4.274815964446467,4.474573796852111,4.242854381454702,4.3547186851501465,425234,0.0,0.0
2020-04-14 00:00:00+08:00,4.386680177707411,4.490554093275512,4.378689781373263,4.466583728790283,381953,0.0,0.0
2020-04-15 00:00:00+08:00,4.562466585762626,4.634379736570828,4.514524622643353,4.5704569816589355,744430,0.0,0.0
2020-04-16 00:00:00+08:00,4.63437970049918,4.63437970049918,4.514524587504595,4.578447341918945,368969,0.0,0.0
2020-04-17 00:00:00+08:00,4.586438019208676,4.690311522392261,4.530505657196045,4.530505657196045,404676,0.0,0.0
2020-04-20 00:00:00+08:00,4.626389065737803,4.626389065737803,4.514524354354526,4.5384955406188965,189353,0.0,0.0
2020-04-21 00:00:00+08:00,4.474574125124431,4.6663415758509466,4.402660970375707,4.466583728790283,478253,0.0,0.0
2020-04-22 00:00:00+08:00,4.410650965653729,4.466583322648284,4.370698987615782,4.4506025314331055,178533,0.0,0.0
2020-04-23 00:00:00+08:00,4.506534099578857,4.506534099578857,4.458592962329588,4.506534099578857,32460,0.0,0.0
2020-04-24 00:00:00+08:00,4.5225147147999225,4.554476296238567,4.490553545619835,4.546485900878906,66003,0.0,0.0
2020-04-27 00:00:00+08:00,4.546486065415718,4.61839921399664,4.546486065415718,4.602418422698975,218568,0.0,0.0
2020-04-28 00:00:00+08:00,4.658350744705239,4.682321106953069,4.618399179022195,4.674330711364746,351657,0.0,0.0
2020-04-29 00:00:00+08:00,4.77021459290734,4.794185779466275,4.7382534230873254,4.762224197387695,469597,0.0,0.0
2020-04-30 00:00:00+08:00,4.778205798353945,4.866098927192617,4.778205798353945,4.794186592102051,450121,0.0,0.0
2020-05-04 00:00:00+08:00,4.714282548453122,4.738253736598132,4.698301756356448,4.706292152404785,129842,0.0,0.0
2020-05-05 00:00:00+08:00,4.714282277047791,4.754233842730835,4.642369953528594,4.674330711364746,251029,0.0,0.0
2020-05-06 00:00:00+08:00,4.730263068224436,4.730263068224436,4.666341140293562,4.674330711364746,141744,0.0,0.0
2020-05-07 00:00:00+08:00,4.674330980470031,4.714282548453122,4.674330980470031,4.706292152404785,76823,0.0,0.0
2020-05-08 00:00:00+08:00,4.7302632331848145,4.754234008527155,4.706292045583889,4.7302632331848145,200174,0.0,0.0
2020-05-11 00:00:00+08:00,4.730262923024927,4.802176068853826,4.730262923024927,4.786195278167725,600522,0.0,0.0
2020-05-12 00:00:00+08:00,4.953991654199946,4.961982049760936,4.874088523107182,4.9140400886535645,1232422,0.0,0.0
2020-05-13 00:00:00+08:00,4.953992150184983,5.00193452835083,4.938011769721643,5.00193452835083,722790,0.0,0.0
2020-05-14 00:00:00+08:00,5.001933955934071,5.00992393912207,4.922030413727024,4.930020809173584,513960,0.0,0.0
2020-05-15 00:00:00+08:00,4.977962633770617,4.977962633770617,4.930020674657911,4.946001052856445,472843,0.0,0.0
2020-05-18 00:00:00+08:00,4.946001052856445,5.009923802426238,4.898059093743739,4.946001052856445,409004,0.0,0.0
2020-05-19 00:00:00+08:00,4.9939434242277025,4.9939434242277025,4.938011069886453,4.946001052856445,479335,0.0,0.0
2020-05-20 00:00:00+08:00,4.946001052856445,4.977962633770617,4.946001052856445,4.946001052856445,308376,0.0,0.0
2020-05-21 00:00:00+08:00,4.961982108630506,5.0019340869094515,4.961982108630506,4.993943691253662,388445,0.0,0.0
2020-05-22 00:00:00+08:00,4.9939434242277025,5.009923802426238,4.922030279429368,4.946001052856445,424152,0.0,0.0
2020-05-25 00:00:00+08:00,4.9460010179443135,4.977962598632879,4.922030244686438,4.953991413116455,443628,0.0,0.0
2020-05-26 00:00:00+08:00,4.961982250213623,4.97796304198119,4.953991854329839,4.961982250213623,282407,0.0,0.0
2020-05-27 00:00:00+08:00,4.969972539568625,5.009924105872617,4.961982143856111,4.985953330993652,532354,0.0,0.0
2020-05-28 00:00:00+08:00,5.017914501585131,5.017914501585131,4.946001352431084,4.985953330993652,406840,0.0,0.0
2020-05-29 00:00:00+08:00,5.009924070306668,5.009924070306668,4.953991712974718,4.993943691253662,102792,0.0,0.0
2020-06-01 00:00:00+08:00,4.993943726706165,5.017914501585131,4.969972539568625,4.985953330993652,239126,0.0,0.0
2020-06-02 00:00:00+08:00,4.985953366503063,4.985953366503063,4.953991783425382,4.977962970733643,367887,0.0,0.0
2020-06-03 00:00:00+08:00,4.985953125919629,5.033895085964265,4.977962730535763,5.017914295196533,411168,0.0,0.0
2020-06-04 00:00:00+08:00,5.033895385754555,5.05786657333374,5.017914594035098,5.05786657333374,178533,0.0,0.0
2020-06-05 00:00:00+08:00,5.0978170987115625,5.2496337890625,5.057866357890399,5.2496337890625,846140,0.0,0.0
2020-06-08 00:00:00+08:00,5.257623396022701,5.385468900689883,5.249633824965818,5.305565357208252,1022510,0.0,0.0
2020-06-09 00:00:00+08:00,5.305565875799162,5.305565875799162,5.193701975863053,5.233653545379639,470679,0.0,0.0
2020-06-10 00:00:00+08:00,5.209681952287103,5.281594277129597,5.161739990133531,5.217672348022461,497729,0.0,0.0
2020-06-11 00:00:00+08:00,5.209681995498695,5.209681995498695,5.121788466197877,5.129778861999512,391691,0.0,0.0
2020-06-12 00:00:00+08:00,4.961982372444017,5.113798248941305,4.961982372444017,5.089827060699463,407922,0.0,0.0
2020-06-15 00:00:00+08:00,5.033895560393628,5.129779077261071,5.033895560393628,5.081836700439453,279161,0.0,0.0
2020-06-16 00:00:00+08:00,5.09781786134191,5.137769432656935,5.073846671197719,5.105808258056641,226142,0.0,0.0
2020-06-17 00:00:00+08:00,5.113798070396243,5.185711220352372,5.08982688299134,5.129778861999512,306212,0.0,0.0
2020-06-18 00:00:00+08:00,5.145759094762126,5.393458884005335,5.145759094762126,5.305565357208252,965163,0.0,0.0
2020-06-19 00:00:00+08:00,5.369487929388275,5.5133133958608225,5.345516743470481,5.42542028427124,1695527,0.0,0.0
2020-06-22 00:00:00+08:00,5.4493923115898415,5.625178974169493,5.4493923115898415,5.513314247131348,1831862,0.0,0.0
2020-06-23 00:00:00+08:00,5.585226250855525,5.792974472045898,5.513313516051547,5.792974472045898,2239784,0.0,0.0
2020-06-24 00:00:00+08:00,5.824936478906895,5.832926874969932,5.673119778226364,5.713071346282959,1270293,0.0,0.0
2020-06-29 00:00:00+08:00,5.705081069295855,5.705081069295855,5.43341091518238,5.529294013977051,1787499,0.0,0.0
2020-06-30 00:00:00+08:00,5.561255596586704,5.5772363878915305,5.489342447973556,5.529294013977051,810434,0.0,0.0
2020-07-01 00:00:00+08:00,5.529294185476337,5.529294185476337,5.457381034632695,5.50532341003418,307294,0.0,0.0
2020-07-02 00:00:00+08:00,5.537284547214558,5.537284547214558,5.433411050186526,5.449391841888428,613506,0.0,0.0
2020-07-03 00:00:00+08:00,5.433411085725204,5.473361828465519,5.433411085725204,5.441401481628418,477171,0.0,0.0
2020-07-06 00:00:00+08:00,5.497332808488923,5.5372843742370605,5.497332808488923,5.5372843742370605,444710,0.0,0.0
2020-07-07 00:00:00+08:00,5.577236597036088,5.593216976681602,5.457381070013917,5.49733304977417,642720,0.0,0.0
2020-07-08 00:00:00+08:00,5.5053230385000065,5.521303416963459,5.449391507748645,5.481351852416992,337590,0.0,0.0
2020-07-09 00:00:00+08:00,5.4813521885164835,5.497332980218386,5.433411050186526,5.449391841888428,573471,0.0,0.0
2020-07-10 00:00:00+08:00,5.45738101608414,5.45738101608414,5.273603972295998,5.3535075187683105,852633,0.0,0.0
2020-07-13 00:00:00+08:00,5.337526487943471,5.457380771636963,5.337526487943471,5.457380771636963,591865,0.0,0.0
2020-07-14 00:00:00+08:00,5.4573808717296615,5.4573808717296615,5.345516981499681,5.38546895980835,399266,0.0,0.0
2020-07-15 00:00:00+08:00,5.3694881684848825,5.409439734534978,5.313555811111319,5.38546895980835,538846,0.0,0.0
2020-07-16 00:00:00+08:00,5.39345877293229,5.433410749979617,5.345516812734056,5.409439563751221,427398,0.0,0.0
2020-07-17 00:00:00+08:00,5.409439431121031,5.425420221548141,5.345516681671143,5.345516681671143,630818,0.0,0.0
2020-07-20 00:00:00+08:00,5.399791917612061,5.399791917612061,5.309659110626305,5.358822345733643,325677,0.093344,1.01
2020-07-21 00:00:00+08:00,5.367015729649589,5.37521022960793,5.30146433433999,5.31785249710083,608503,0.0,0.0
2020-07-22 00:00:00+08:00,5.350628512685315,5.367015838623047,5.309658942107198,5.367015838623047,275326,0.0,0.0
2020-07-23 00:00:00+08:00,5.367015755123373,5.407985325064089,5.342433929443359,5.342433929443359,226046,0.0,0.0
2020-07-24 00:00:00+08:00,5.326047221402355,5.326047221402355,5.260495823331607,5.301464557647705,403883,0.0,0.0
2020-07-27 00:00:00+08:00,5.285077524825694,5.30146443215512,5.063840672095766,5.1130051612854,1041311,0.0,0.0
2020-07-28 00:00:00+08:00,5.121198179754703,5.121198179754703,5.006483554840088,5.006483554840088,296752,0.0,0.0
2020-07-29 00:00:00+08:00,5.0228722326734685,5.260496006637882,5.0228722326734685,5.178556442260742,350317,0.0,0.0
2020-07-30 00:00:00+08:00,5.178556043679132,5.326046997059171,5.178556043679132,5.31785249710083,400669,0.0,0.0
2020-07-31 00:00:00+08:00,5.334240913391113,5.3670159847367875,5.276883178157876,5.334240913391113,303180,0.0,0.0
2020-08-03 00:00:00+08:00,5.293270338741195,5.309658500471685,5.211331204400319,5.285077095031738,273183,0.0,0.0
2020-08-04 00:00:00+08:00,5.293270338741195,5.301464001028545,5.244107109283406,5.285077095031738,245329,0.0,0.0
2020-08-05 00:00:00+08:00,5.35062840404459,5.35062840404459,5.252301101791231,5.31785249710083,251757,0.0,0.0
2020-08-06 00:00:00+08:00,5.309658500471685,5.309658500471685,5.244107109283406,5.285077095031738,172480,0.0,0.0
2020-08-07 00:00:00+08:00,5.285077095031738,5.293270338741195,5.219525703843459,5.285077095031738,401740,0.0,0.0
2020-08-10 00:00:00+08:00,5.293270719956672,5.489924907684326,5.293270719956672,5.489924907684326,720990,0.0,0.0
2020-08-11 00:00:00+08:00,5.571864410897205,5.661997638466215,5.514506674128951,5.555476665496826,1411984,0.0,0.0
2020-08-12 00:00:00+08:00,5.678385257720947,5.78490664690191,5.563671042466679,5.678385257720947,4330229,0.0,0.0
2020-08-13 00:00:00+08:00,5.702966996687105,5.7439365679355845,5.661997425438626,5.711160659790039,1275928,0.0,0.0
2020-08-14 00:00:00+08:00,5.719355122165205,5.883232987495698,5.67019105098357,5.858651161193848,4228455,0.0,0.0
2020-08-17 00:00:00+08:00,5.948784483298262,6.43222609855956,5.940590820113897,6.407644271850586,9075055,0.0,0.0
2020-08-18 00:00:00+08:00,6.407643591195138,6.407643591195138,6.096274377394084,6.210988998413086,4593771,0.0,0.0
2020-08-19 00:00:00+08:00,6.301123264252249,6.325705090814624,6.104469488909123,6.1782145500183105,2481150,0.0,0.0
2020-08-20 00:00:00+08:00,6.194602229215229,6.219184055517079,5.752130192937783,5.858651161193848,2042985,0.0,0.0
2020-08-21 00:00:00+08:00,5.997948594009961,5.997948594009961,5.899620867961434,5.940590858459473,847405,0.0,0.0
2020-08-24 00:00:00+08:00,5.948784414296327,5.965172159052909,5.834069782422314,5.891427516937256,1030598,0.0,0.0
2020-08-25 00:00:00+08:00,5.891427827358922,6.170021177211759,5.891427827358922,6.1044697761535645,3681016,0.0,0.0
2020-08-26 00:00:00+08:00,6.145438375821601,6.678043654554837,6.129051049143529,6.6042985916137695,15058313,0.0,0.0
2020-08-27 00:00:00+08:00,6.514164350443978,6.530552513832054,6.292928749062256,6.350286483764648,3924203,0.0,0.0
2020-08-28 00:00:00+08:00,6.342092271945211,6.70262474326065,6.260153549575713,6.645267009735107,8701168,0.0,0.0
2020-08-31 00:00:00+08:00,6.719012839604049,7.128708540273601,6.686236513825806,6.882890701293945,10652021,0.0,0.0
2020-09-01 00:00:00+08:00,6.956636722834865,7.038576283027222,6.686236634635814,6.702624797821045,5428320,0.0,0.0
2020-09-02 00:00:00+08:00,6.678043282100833,6.784564248190905,6.555134153090808,6.653461456298828,2964310,0.0,0.0
2020-09-03 00:00:00+08:00,6.710819550787989,6.719013214111328,6.596104078481775,6.719013214111328,2435084,0.0,0.0
2020-09-04 00:00:00+08:00,6.571521925578005,6.694431055114438,6.55513418116579,6.620685577392578,1785871,0.0,0.0
2020-09-07 00:00:00+08:00,6.637073676058182,7.079546147428352,6.587910440197451,7.005800247192383,13239231,0.0,0.0
2020-09-08 00:00:00+08:00,7.0058002319464885,7.046769804363581,6.800952369861023,6.858309268951416,4973014,0.0,0.0
2020-09-09 00:00:00+08:00,6.7845644318114555,7.013994533120953,6.719013034091304,6.907473564147949,3657447,0.0,0.0
2020-09-10 00:00:00+08:00,6.997606267738584,6.997606267738584,6.669849702494163,6.678043365478516,3126078,0.0,0.0
2020-09-11 00:00:00+08:00,6.784564341071877,6.8173394116267,6.563328742980957,6.563328742980957,3613523,0.0,0.0
2020-09-14 00:00:00+08:00,6.669849338314349,6.669849338314349,6.5633283767104675,6.612491607666016,1283427,0.0,0.0
2020-09-15 00:00:00+08:00,6.612491976680089,6.63707338424069,6.563328742980957,6.563328742980957,1098091,0.0,0.0
2020-09-16 00:00:00+08:00,6.5797156837586,6.612492010213432,6.456807808176444,6.473195552825928,2048342,0.0,0.0
2020-09-17 00:00:00+08:00,6.44041994970119,6.612492323107831,6.44041994970119,6.48138952255249,905255,0.0,0.0
2020-09-18 00:00:00+08:00,6.514164447784424,6.579715846582445,6.49777753988529,6.514164447784424,671710,0.0,0.0
2020-09-21 00:00:00+08:00,6.522359177363033,6.596104241990864,6.505971431732178,6.505971431732178,743488,0.0,0.0
2020-09-22 00:00:00+08:00,6.505970962110952,6.514164206468029,6.391256332397461,6.391256332397461,1260930,0.0,0.0
2020-09-23 00:00:00+08:00,6.432225704733828,6.432225704733828,6.194601952533315,6.251958847045898,1368061,0.0,0.0
2020-09-24 00:00:00+08:00,6.251959202884025,6.251959202884025,6.063499927520752,6.063499927520752,1190223,0.0,0.0
2020-09-25 00:00:00+08:00,6.227377523737924,6.284735256173744,6.104469233229809,6.276540756225586,2507933,0.0,0.0
2020-09-28 00:00:00+08:00,6.391256935414777,6.719013529609189,6.391256935414777,6.465001583099365,4382723,0.0,0.0
2020-09-29 00:00:00+08:00,6.497777243110676,6.555134138894597,6.333898544311523,6.333898544311523,966320,0.0,0.0
2020-09-30 00:00:00+08:00,6.432226211169113,6.4650012830583075,6.333898902611791,6.399450302124023,969534,0.0,0.0
2020-10-05 00:00:00+08:00,6.456808320266925,6.620686198336867,6.424031991212598,6.579716205596924,2468295,0.0,0.0
2020-10-06 00:00:00+08:00,6.653462177283995,6.653462177283995,6.514164870259425,6.522359371185303,2768261,0.0,0.0
2020-10-07 00:00:00+08:00,6.522359000312338,6.62068589000633,6.481389428058346,6.571522235870361,1363775,0.0,0.0
2020-10-08 00:00:00+08:00,6.620685837086909,6.620685837086909,6.489583039490866,6.514164447784424,1045597,0.0,0.0
2020-10-12 00:00:00+08:00,6.440419565741274,6.465000973124217,6.325704936027782,6.391256332397461,1636959,0.0,0.0
2020-10-13 00:00:00+08:00,6.342092315081369,6.424031456586111,6.31751048891436,6.38306188583374,1324137,0.0,0.0
2020-10-14 00:00:00+08:00,6.456807782912698,6.456807782912698,6.325704989073938,6.38306188583374,815265,0.0,0.0
2020-10-15 00:00:00+08:00,6.391256192736851,6.391256192736851,6.284735228286042,6.309316635131836,1549112,0.0,0.0
2020-10-16 00:00:00+08:00,6.309316718562754,6.3502862886180615,6.243765322758678,6.333898544311523,1174154,0.0,0.0
2020-10-19 00:00:00+08:00,6.3093169417043065,6.415837911331015,6.3093169417043065,6.317510604858398,743488,0.0,0.0
2020-10-20 00:00:00+08:00,6.317510687099925,6.358480259137545,6.260153788540789,6.342092514038086,377100,0.0,0.0
2020-10-21 00:00:00+08:00,6.374868114366831,6.374868114366831,6.309316718562754,6.333898544311523,582791,0.0,0.0
2020-10-22 00:00:00+08:00,6.333898714506594,6.3502864592534785,6.301123225012824,6.325705051422119,640642,0.0,0.0
2020-10-23 00:00:00+08:00,6.317510687099925,6.39945024975311,6.301123360578409,6.342092514038086,1318780,0.0,0.0
2020-10-26 00:00:00+08:00,6.350286089610472,6.776370358273144,6.350286089610472,6.669849395751953,11529423,0.0,0.0
2020-10-27 00:00:00+08:00,6.596104062938346,6.727206861582299,6.514164499852415,6.571522235870361,4197387,0.0,0.0
2020-10-28 00:00:00+08:00,6.62887926637995,6.751787551482911,6.571521536466559,6.587909698486328,6766385,0.0,0.0
2020-10-29 00:00:00+08:00,6.530551968572937,6.604297860506098,6.456807332373482,6.587909698486328,2269031,0.0,0.0
2020-10-30 00:00:00+08:00,6.702625132233919,6.702625132233919,6.48138952255249,6.48138952255249,2578639,0.0,0.0
2020-11-02 00:00:00+08:00,6.555134438288888,6.669849909407854,6.481389376252328,6.514164447784424,1963708,0.0,0.0
2020-11-03 00:00:00+08:00,6.5797156142619215,6.792757966766723,6.5797156142619215,6.710819244384766,7813053,0.0,0.0
2020-11-04 00:00:00+08:00,6.792758139781605,6.850115874776797,6.61249210879398,6.637073516845703,3469968,0.0,0.0
2020-11-05 00:00:00+08:00,6.637073635192338,6.678043626024277,6.563328991144277,6.571522235870361,2638633,0.0,0.0
2020-11-06 00:00:00+08:00,6.596104062938346,6.637073635192338,6.538747164076293,6.571522235870361,2666487,0.0,0.0
2020-11-09 00:00:00+08:00,6.579715283206502,6.784563962455202,6.579715283206502,6.612491607666016,2505790,0.0,0.0
2020-11-10 00:00:00+08:00,6.751787951268228,6.784564277248513,6.620685577392578,6.620685577392578,2638633,0.0,0.0
2020-11-11 00:00:00+08:00,6.6370733218047935,6.678043310702223,6.587910088568147,6.620685577392578,1558754,0.0,0.0
2020-11-12 00:00:00+08:00,6.63707338424069,6.678043373523529,6.5551342428308725,6.563328742980957,1236290,0.0,0.0
2020-11-13 00:00:00+08:00,6.563329364346868,6.596104438004585,6.473196132831771,6.522359371185303,1395915,0.0,0.0
2020-11-16 00:00:00+08:00,6.555134413996997,6.620685812552099,6.4895830154418945,6.4895830154418945,1086306,0.0,0.0
2020-11-17 00:00:00+08:00,6.489583267523363,6.530552840889483,6.432226367104346,6.505971431732178,1059524,0.0,0.0
2020-11-18 00:00:00+08:00,6.505971231423104,6.6206858658851635,6.489583067718857,6.546940803527832,1012386,0.0,0.0
2020-11-19 00:00:00+08:00,6.596104038906738,6.596104038906738,6.505971231423104,6.546940803527832,653498,0.0,0.0
2020-11-20 00:00:00+08:00,6.546940775050349,6.546940775050349,6.49777753988529,6.514164447784424,770270,0.0,0.0
2020-11-23 00:00:00+08:00,6.596103751485292,6.620685577392578,6.55513418116579,6.620685577392578,1085235,0.0,0.0
2020-11-24 00:00:00+08:00,6.6370733218047935,6.6862365550414395,6.620685577392578,6.620685577392578,1773015,0.0,0.0
2020-11-25 00:00:00+08:00,6.702624544095624,6.719012706660487,6.653461312134785,6.686236381530762,1713022,0.0,0.0
2020-11-26 00:00:00+08:00,6.7599826816436055,6.9320550502789295,6.727206773124623,6.923860549926758,7212049,0.0,0.0
2020-11-27 00:00:00+08:00,7.005800207593718,7.046769779868397,6.833727836608887,6.833727836608887,5656509,0.0,0.0
2020-11-30 00:00:00+08:00,6.90747344383887,7.128708622457445,6.88289078064386,6.964829921722412,5731501,0.0,0.0
2020-12-01 00:00:00+08:00,7.063157847198981,7.095933337140022,6.891085478563657,6.923860549926758,3120721,0.0,0.0
2020-12-02 00:00:00+08:00,7.046769857185973,7.046769857185973,6.907473812217236,6.9156670570373535,1805154,0.0,0.0
2020-12-03 00:00:00+08:00,6.915667033382904,7.0631579969790845,6.88289112416888,6.891085624694824,2230464,0.0,0.0
2020-12-04 00:00:00+08:00,6.981218349950861,6.981218349950861,6.841922307120299,6.866503715515137,1609105,0.0,0.0
2020-12-07 00:00:00+08:00,6.89927930161287,6.907473802154904,6.759982838269098,6.776371002197266,1842650,0.0,0.0
2020-12-08 00:00:00+08:00,6.792757701518634,7.218841552734375,6.792757701518634,7.218841552734375,14679070,0.0,0.0
2020-12-09 00:00:00+08:00,7.268006331165062,7.82519305673052,7.227035918768529,7.554793357849121,15935715,0.0,0.0
2020-12-10 00:00:00+08:00,7.440076719415316,7.4728530442309635,7.284392525164287,7.333556175231934,5635083,0.0,0.0
2020-12-11 00:00:00+08:00,7.341750493367426,7.358137819148275,7.046769420597793,7.087738990783691,3692800,0.0,0.0
2020-12-14 00:00:00+08:00,7.202453737559004,7.554792549208346,7.128708677450586,7.456465244293213,4448073,0.0,0.0
2020-12-15 00:00:00+08:00,7.464659538079579,7.743252460383687,7.30078125,7.30078125,7787342,0.0,0.0
2020-12-16 00:00:00+08:00,7.374526189189175,7.530210392836609,7.374526189189175,7.423689842224121,3453898,0.0,0.0
2020-12-17 00:00:00+08:00,7.538405860265667,7.538405860265667,7.341751233815197,7.358138561248779,1889788,0.0,0.0
2020-12-18 00:00:00+08:00,7.497435537389683,7.980877189778033,7.44827271735204,7.874355792999268,21206553,0.0,0.0
2020-12-21 00:00:00+08:00,7.9481009922426775,8.644583702087402,7.9481009922426775,8.644583702087402,25467148,0.0,0.0
2020-12-22 00:00:00+08:00,8.80846208570848,9.300096945239407,7.948101081529361,8.111978530883789,28238623,0.0,0.0
2020-12-23 00:00:00+08:00,8.111979194707342,8.398766219568882,7.784222594865582,8.19391918182373,8351921,0.0,0.0
2020-12-24 00:00:00+08:00,8.316827098010137,8.52167495299119,8.193918385021504,8.357796669006348,6273583,0.0,0.0
2020-12-25 00:00:00+08:00,8.521675681325922,9.177188873291016,8.480706106828103,9.177188873291016,21875050,0.0,0.0
2020-12-28 00:00:00+08:00,9.504945808259501,10.078519821166992,9.42300666355843,10.078519821166992,15367921,0.0,0.0
2020-12-29 00:00:00+08:00,10.570155449049842,11.061790313652569,10.078519747291226,10.89791202545166,55996229,0.0,0.0
2020-12-30 00:00:00+08:00,10.529184341430664,10.81597132675934,10.037549509438648,10.529184341430664,17371268,0.0,0.0
2020-12-31 00:00:00+08:00,10.570154748658037,11.143727882199649,10.324336495489014,10.652093887329102,21760420,0.0,0.0
2021-01-04 00:00:00+08:00,10.97985048992446,11.43051575458181,10.775001805197101,10.938880920410156,25173609,0.0,0.0
2021-01-05 00:00:00+08:00,10.81597173577715,10.856941306659127,10.406276026957379,10.447245597839355,9637492,0.0,0.0
2021-01-06 00:00:00+08:00,10.815971958253218,10.815971958253218,9.750763093411301,9.914641380310059,9406089,0.0,0.0
2021-01-07 00:00:00+08:00,10.078519470231608,10.201428183003515,9.013309789052544,9.46397590637207,13076392,0.0,0.0
2021-01-08 00:00:00+08:00,9.668823801807473,10.078519512776637,9.463975946322892,9.627853393554688,8671171,0.0,0.0
2021-01-11 00:00:00+08:00,9.750763250500807,10.365306836271737,9.545914551421268,9.955610275268555,14055568,0.0,0.0
2021-01-12 00:00:00+08:00,9.955610648227772,9.996581059303239,9.177188743756517,9.300097465515137,8658316,0.0,0.0
2021-01-13 00:00:00+08:00,9.463976034271258,9.545914340070672,9.218157768249512,9.218157768249512,3671374,0.0,0.0
2021-01-14 00:00:00+08:00,9.46397594190848,9.832702081608737,9.341066391519192,9.750762939453125,7786270,0.0,0.0
2021-01-15 00:00:00+08:00,9.668824155050183,9.668824155050183,8.890401438613855,8.97234058380127,7661999,0.0,0.0
2021-01-18 00:00:00+08:00,8.726523168779158,8.972339744182328,8.316826644025015,8.849431037902832,4789820,0.0,0.0
2021-01-19 00:00:00+08:00,9.30009684076479,9.423006391422671,8.603614130920066,8.644583702087402,4946231,0.0,0.0
2021-01-20 00:00:00+08:00,8.726522762492289,8.767492329344673,8.193917556255526,8.23488712310791,4589486,0.0,0.0
2021-01-21 00:00:00+08:00,8.357796390002079,8.808461655916057,8.234887681116449,8.316826820373535,4881953,0.0,0.0
2021-01-22 00:00:00+08:00,8.357796549992045,8.6445835428817,8.27585740916643,8.480705261230469,3385335,0.0,0.0
2021-01-25 00:00:00+08:00,8.767492737538989,9.177187587981487,8.726523168779158,8.849431037902832,9033274,0.0,0.0
2021-01-26 00:00:00+08:00,8.84943098440694,8.890400552919106,8.521674436309612,8.562644004821777,2762904,0.0,0.0
2021-01-27 00:00:00+08:00,8.644583257908787,8.685552826971012,8.398765006379604,8.439735412597656,1308067,0.0,0.0
2021-01-28 00:00:00+08:00,8.234887456724449,8.931370121431272,8.234887456724449,8.562644004821777,3738867,0.0,0.0
2021-01-29 00:00:00+08:00,8.72652352086317,8.80846182453293,8.27585740916643,8.480705261230469,2202610,0.0,0.0
2021-02-01 00:00:00+08:00,8.60361328309674,8.68555241735691,8.316826313186146,8.398764610290527,3217139,0.0,0.0
2021-02-02 00:00:00+08:00,8.521674325135203,8.972339572889616,8.398764784046374,8.685552597045898,5639368,0.0,0.0
2021-02-03 00:00:00+08:00,8.808461534157688,8.89040067228214,8.439735412597656,8.439735412597656,2867893,0.0,0.0
2021-02-04 00:00:00+08:00,8.521674550722109,8.644583257908787,8.439735412597656,8.439735412597656,1278071,0.0,0.0
2021-02-05 00:00:00+08:00,8.68555241735691,8.68555241735691,8.357795880316232,8.398764610290527,1408770,0.0,0.0
2021-02-17 00:00:00+08:00,8.562645244654927,8.890401840209961,8.48070609576617,8.890401840209961,2489721,0.0,0.0
2021-02-18 00:00:00+08:00,9.382036799752868,9.750762939453125,9.13621937328603,9.750762939453125,19975620,0.0,0.0
2021-02-19 00:00:00+08:00,9.750762325593536,9.791731894092102,9.1771875294578,9.382036209106445,9830327,0.0,0.0
2021-02-22 00:00:00+08:00,9.504944964730248,9.668823239588788,9.382036258586343,9.545913696289062,6605688,0.0,0.0
2021-02-23 00:00:00+08:00,9.423006610762904,9.66882404348884,9.341066629365034,9.504945755004883,3993838,0.0,0.0
2021-02-24 00:00:00+08:00,9.504944964730248,9.873671083161963,9.463975396015613,9.545913696289062,7627717,0.0,0.0
2021-02-25 00:00:00+08:00,9.709792808303423,9.750762377018058,9.504944964730248,9.545913696289062,2862536,0.0,0.0
2021-02-26 00:00:00+08:00,9.504944967284914,9.832701517090085,9.341065855226507,9.6688232421875,3988481,0.0,0.0
2021-03-02 00:00:00+08:00,9.914640845432825,9.914640845432825,9.09524945514375,9.136219024658203,5044792,0.0,0.0
2021-03-03 00:00:00+08:00,9.259127339727156,9.423006462793614,9.013309910861286,9.218157768249512,2973952,0.0,0.0
2021-03-04 00:00:00+08:00,9.341066360473633,9.463975910454424,9.218157647648708,9.341066360473633,2830397,0.0,0.0
2021-03-05 00:00:00+08:00,9.54591448996998,9.832702331972797,9.423006610762904,9.504945755004883,7966250,0.0,0.0
2021-03-08 00:00:00+08:00,9.62785363421196,10.078519764698735,9.504945755004883,9.504945755004883,15657175,0.0,0.0
2021-03-09 00:00:00+08:00,9.504945242255987,9.668823521899451,9.34106612545668,9.586883544921875,3401404,0.0,0.0
2021-03-10 00:00:00+08:00,9.62785311483274,9.709793091810317,9.423006102434256,9.586883544921875,2026915,0.0,0.0
2021-03-11 00:00:00+08:00,9.750762325593536,9.791731894092102,9.341065803452063,9.382036209106445,3992767,0.0,0.0
2021-03-12 00:00:00+08:00,9.504945755004883,9.58688406209097,9.341066629365034,9.504945755004883,2241177,0.0,0.0
2021-03-15 00:00:00+08:00,9.709793321963767,10.447245597839355,9.66882375108179,10.447245597839355,22273577,0.0,0.0
2021-03-16 00:00:00+08:00,10.652093887329102,11.184698288691015,10.48821477283114,10.652093887329102,21529017,0.0,0.0
2021-03-17 00:00:00+08:00,10.734033291225595,10.775002864768686,10.365307129337767,10.40627670288086,6607831,0.0,0.0
2021-03-18 00:00:00+08:00,10.611125167536779,11.38954704723355,10.57015559492116,11.061790466308594,23215257,0.0,0.0
2021-03-19 00:00:00+08:00,11.06179016467824,12.167969432292827,11.06179016467824,12.004090309143066,46255891,0.0,0.0
2021-03-22 00:00:00+08:00,12.167968996460628,12.98735955992524,12.04505944921171,12.905421257019043,41586057,0.0,0.0
2021-03-23 00:00:00+08:00,12.9463906377782,12.987359370054426,11.635363578796387,11.635363578796387,21817199,0.0,0.0
2021-03-24 00:00:00+08:00,11.225667953803866,11.758272359709956,10.85694098948227,11.102758407592773,11885097,0.0,0.0
2021-03-25 00:00:00+08:00,11.3076074623961,11.553424888533163,10.73403263092041,10.73403263092041,10631666,0.0,0.0
2021-03-26 00:00:00+08:00,10.93888123653761,11.717303079805344,10.897911665839308,11.266637802124023,9897820,0.0,0.0
2021-03-29 00:00:00+08:00,11.758273358304082,11.758273358304082,11.225668907165527,11.225668907165527,7183124,0.0,0.0
2021-03-30 00:00:00+08:00,11.307607046038896,11.43051575458181,10.938880920410156,10.938880920410156,5100500,0.0,0.0
2021-03-31 00:00:00+08:00,10.9798511977554,11.471485226465067,10.9798511977554,11.184699058532715,6164309,0.0,0.0
2021-04-01 00:00:00+08:00,11.266638202843643,11.471485226465067,11.102759077065897,11.184699058532715,4865883,0.0,0.0
2021-04-07 00:00:00+08:00,11.59439468383789,12.004090401991485,11.307607681130374,11.59439468383789,11238027,0.0,0.0
2021-04-08 00:00:00+08:00,11.67633383429184,11.799243386965626,11.471485137939453,11.471485137939453,6558551,0.0,0.0
2021-04-09 00:00:00+08:00,11.635363650654703,11.635363650654703,11.102758407592773,11.102758407592773,5757212,0.0,0.0
2021-04-12 00:00:00+08:00,11.30760725381392,11.758272526752153,11.225668113279696,11.389546394348145,8111948,0.0,0.0
2021-04-13 00:00:00+08:00,11.512455143350373,12.41378652937351,11.430516002544255,11.799242973327637,35259979,0.0,0.0
2021-04-14 00:00:00+08:00,12.045060157775879,12.495726291783921,11.471485306444524,12.045060157775879,21106922,0.0,0.0
2021-04-15 00:00:00+08:00,11.922151288839041,12.126999985595406,11.758273001158658,11.881181716918945,7239903,0.0,0.0
2021-04-16 00:00:00+08:00,12.086029019242734,12.905421257019043,11.922150739118642,12.905421257019043,23927677,0.0,0.0
2021-04-19 00:00:00+08:00,13.35608741500528,14.175477981567383,13.35608741500528,14.175477981567383,29007822,0.0,0.0
2021-04-20 00:00:00+08:00,15.568445205688477,15.568445205688477,14.6261442443616,15.568445205688477,64938442,0.0,0.0
2021-04-21 00:00:00+08:00,16.387835776424566,17.125288009643555,15.978140091302906,17.125288009643555,47555388,0.0,0.0
2021-04-22 00:00:00+08:00,18.641164413097947,18.805042700609008,16.55171541017603,17.73983383178711,47971056,0.0,0.0
2021-04-23 00:00:00+08:00,17.73983517515067,17.73983517515067,15.978142613845263,16.38783836364746,14804413,0.0,0.0
2021-04-26 00:00:00+08:00,16.633655354021567,18.026620864868164,16.633655354021567,18.026620864868164,9858181,0.0,0.0
2021-04-27 00:00:00+08:00,18.02661862588432,18.02661862588432,17.20722725068768,17.698862075805664,9980310,0.0,0.0
2021-04-28 00:00:00+08:00,17.69886125178731,17.69886125178731,16.264927249109686,16.46977424621582,8856508,0.0,0.0
2021-04-29 00:00:00+08:00,17.125289363227367,17.125289363227367,16.38783707172011,17.043350219726562,5110142,0.0,0.0
2021-05-03 00:00:00+08:00,17.534985140314102,18.026618281734578,17.371105194091797,17.371105194091797,8929357,0.0,0.0
2021-05-04 00:00:00+08:00,17.8627434691385,17.8627434691385,15.650384902954102,15.650384902954102,6578906,0.0,0.0
2021-05-05 00:00:00+08:00,15.11777991757543,16.715594096042228,14.462266751909423,15.978141784667969,5623298,0.0,0.0
2021-05-06 00:00:00+08:00,16.46977609325905,16.59268564475597,15.527475112821811,15.773292541503906,3017876,0.0,0.0
2021-05-07 00:00:00+08:00,15.896203220635224,17.33013916015625,15.158750882276035,17.33013916015625,6948507,0.0,0.0
2021-05-10 00:00:00+08:00,18.026619574292383,19.050861358642578,17.657894273210513,19.050861358642578,33459110,0.0,0.0
2021-05-11 00:00:00+08:00,18.682134565755355,20.730613131532202,17.207228324084273,17.98565101623535,44226832,0.0,0.0
2021-05-12 00:00:00+08:00,17.616924424462038,17.8217731226982,16.22395896911621,16.22395896911621,11255168,0.0,0.0
2021-05-13 00:00:00+08:00,14.626143455505371,15.732322639635365,14.626143455505371,14.626143455505371,9977096,0.0,0.0
2021-05-14 00:00:00+08:00,14.626144083000872,15.035839784642278,13.192208290100098,13.192208290100098,10655235,0.0,0.0
2021-05-17 00:00:00+08:00,11.881181716918945,12.536695704796363,11.881181716918945,11.881181716918945,7168125,0.0,0.0
2021-05-18 00:00:00+08:00,12.20893871664334,13.069299697875977,11.635363891999058,13.069299697875977,9739266,0.0,0.0
2021-05-19 00:00:00+08:00,13.397056107734485,14.29838748626871,12.946390837045296,13.888690948486328,13842378,0.0,0.0
2021-05-20 00:00:00+08:00,13.478995527516615,14.503236474645192,12.946391105651855,12.946391105651855,12347902,0.0,0.0
2021-05-21 00:00:00+08:00,13.478995247859793,14.175477938924901,13.11026911729591,13.888690948486328,9512149,0.0,0.0
2021-05-24 00:00:00+08:00,13.929660793249921,15.158749593679563,13.765782509767533,14.052570343017578,18417937,0.0,0.0
2021-05-25 00:00:00+08:00,14.257417079050208,14.585173639551437,13.11026911729591,13.888690948486328,12004012,0.0,0.0
2021-05-26 00:00:00+08:00,13.929661465209282,14.585174630760436,13.315117872505073,14.011601448059082,9596782,0.0,0.0
2021-05-27 00:00:00+08:00,14.09354075104404,14.585173927179476,13.929660793249921,14.052570343017578,8455838,0.0,0.0
2021-05-28 00:00:00+08:00,14.093540666341706,15.445535659790039,14.011600687937108,15.445535659790039,20624833,0.0,0.0
2021-05-31 00:00:00+08:00,15.650384022190703,16.63365369657598,15.117778778076172,15.117778778076172,26884489,0.0,0.0
2021-06-01 00:00:00+08:00,15.486507968736698,16.387838633122666,14.830994758274176,16.14202117919922,13662398,0.0,0.0
2021-06-02 00:00:00+08:00,16.182987537677253,17.289166754803766,16.060079665947463,16.63365364074707,26755932,0.0,0.0
2021-06-03 00:00:00+08:00,16.305898105662518,17.166259958939452,16.305898105662518,16.34686851501465,14198052,0.0,0.0
2021-06-04 00:00:00+08:00,16.305897645483025,16.510744663527213,15.56844536676283,15.609414100646973,7132772,0.0,0.0
2021-06-07 00:00:00+08:00,15.814262713737879,15.896201855407202,14.257417347709024,15.1587495803833,7532370,0.0,0.0
2021-06-08 00:00:00+08:00,16.182986995982287,16.674623489379883,15.896200855337945,16.674623489379883,8328353,0.0,0.0
2021-06-09 00:00:00+08:00,17.90371217783212,18.31340789794922,17.534986866882615,18.31340789794922,91410477,0.0,0.0
2021-06-10 00:00:00+08:00,18.68213449306939,19.009891062318495,16.961410830199853,17.412076950073242,47197571,0.0,0.0
2021-06-11 00:00:00+08:00,17.45304754988324,19.13279914855957,17.45304754988324,19.13279914855957,69103689,0.0,0.0
2021-06-15 00:00:00+08:00,19.583464923818394,21.01740074157715,19.29667876485368,21.01740074157715,68713733,0.0,0.0
2021-06-16 00:00:00+08:00,22.328425144319333,23.106847763061523,22.12357814421555,23.106847763061523,47151505,0.0,0.0
2021-06-17 00:00:00+08:00,23.6804241571078,25.401147842407227,23.5984866880392,25.401147842407227,101523630,0.0,0.0
2021-06-18 00:00:00+08:00,26.671203807861758,27.941261291503906,26.671203807861758,27.941261291503906,10749510,0.0,0.0
2021-06-21 00:00:00+08:00,30.72719383239746,30.72719383239746,30.72719383239746,30.72719383239746,3626379,0.0,0.0
2021-06-22 00:00:00+08:00,33.7999153137207,33.7999153137207,33.5950666115136,33.7999153137207,15373278,0.0,0.0
2021-06-23 00:00:00+08:00,30.481379116903994,30.481379116903994,30.44040870666504,30.44040870666504,10193501,0.0,0.0
2021-06-24 00:00:00+08:00,27.40865767817078,30.440407655984092,27.40865767817078,28.30998992919922,18196176,0.0,0.0
2021-06-25 00:00:00+08:00,27.859323680739315,27.859323680739315,26.302478289878334,27.039932250976562,12666081,0.0,0.0
2021-06-28 00:00:00+08:00,27.36768810341271,29.74392318725586,27.36768810341271,29.74392318725586,7791627,0.0,0.0
2021-06-29 00:00:00+08:00,30.35846942700586,30.72719305132856,28.35095627970172,28.678712844848633,7971607,0.0,0.0
2021-06-30 00:00:00+08:00,28.678713441371507,29.907802260549442,28.555805564040767,29.825864791870117,5184062,0.0,0.0
2021-07-01 00:00:00+08:00,30.31749736537883,32.7756714698866,30.31749736537883,31.013980865478516,6787811,0.0,0.0
2021-07-02 00:00:00+08:00,31.013981354751895,31.013981354751895,28.883560415279263,29.006471633911133,4136322,0.0,0.0
2021-07-05 00:00:00+08:00,28.842594812336436,28.842594812336436,26.138599769723672,27.285749435424805,4731970,0.0,0.0
2021-07-06 00:00:00+08:00,27.69874872713714,29.464069366455078,27.69874872713714,29.464069366455078,3310249,0.0,0.0
2021-07-07 00:00:00+08:00,30.094543464806534,32.406275894480984,27.95093873477139,31.60767936706543,10606374,0.0,0.0
2021-07-08 00:00:00+08:00,33.54112417318668,34.76003646850586,31.77580026209211,34.76003646850586,73047921,0.0,0.0
2021-07-09 00:00:00+08:00,35.30644710333021,36.86161151702325,33.457062576161384,33.625186920166016,76220331,0.0,0.0
2021-07-12 00:00:00+08:00,35.30644657813818,36.399266518094834,32.784558015217385,33.24690246582031,37258585,0.0,0.0
2021-07-13 00:00:00+08:00,33.919407530779836,34.4237872674333,29.92641830444336,29.92641830444336,18582301,0.0,0.0
2021-07-14 00:00:00+08:00,28.49734499957407,29.926416948620222,26.942180633544922,26.942180633544922,27188951,0.0,0.0
2021-07-15 00:00:00+08:00,28.665474128031512,29.632198333740234,27.908906193607766,29.632198333740234,33565098,0.0,0.0
2021-07-16 00:00:00+08:00,29.63219784030725,31.901898257159974,29.127818109549096,29.25391387939453,56336902,0.0,0.0
2021-07-19 00:00:00+08:00,29.42203702491921,30.136572994344743,28.32922045861988,28.413284301757812,13937509,0.0,0.0
2021-07-20 00:00:00+08:00,27.950936712526296,28.077030803821035,26.26967658089067,26.942180633544922,11742511,0.0,0.0
2021-07-21 00:00:00+08:00,27.99296845859085,28.74953300160782,24.630448216437237,25.050764083862305,15409892,0.0,0.0
2021-07-22 00:00:00+08:00,25.092795617810232,25.513109804430165,23.453567443662607,24.378259658813477,18690903,0.0,0.0
2021-07-23 00:00:00+08:00,25.387017385131756,26.81608772277832,24.630449455433368,26.81608772277832,34018299,0.0,0.0
2021-07-26 00:00:00+08:00,26.900150508472752,27.194370614270728,25.09279627731293,25.429046630859375,23312722,0.0,0.0
2021-07-27 00:00:00+08:00,25.21889108020735,26.732023573918948,23.95794677734375,23.95794677734375,18714920,0.0,0.0
2021-07-28 00:00:00+08:00,24.840606558307158,26.353740692138672,24.462324280583093,26.353740692138672,54618079,0.0,0.0
2021-07-29 00:00:00+08:00,26.395772526669568,28.413284698403466,25.723268469424937,27.278432846069336,66090131,0.0,0.0
2021-07-30 00:00:00+08:00,26.563898768692667,27.698748956443247,24.840606688652898,26.059520721435547,20683318,0.0,0.0
2021-08-02 00:00:00+08:00,26.017487967196413,26.732022255568054,24.96670165806928,25.639204025268555,12587303,0.0,0.0
2021-08-03 00:00:00+08:00,25.891393591637204,26.311707775777123,25.260921478271484,25.260921478271484,6724924,0.0,0.0
2021-08-04 00:00:00+08:00,23.831849308410344,24.882637268750607,23.831849308410344,24.29419708251953,20878591,0.0,0.0
2021-08-05 00:00:00+08:00,25.218891350388773,25.387017370859247,24.252167151261485,24.33622932434082,11836492,0.0,0.0
2021-08-06 00:00:00+08:00,24.672480269501566,26.479834490711113,24.504354256498083,24.75654411315918,26358778,0.0,0.0
2021-08-09 00:00:00+08:00,25.218889964718855,26.73202239150119,24.924669863639608,25.34498405456543,27021872,0.0,0.0
2021-08-10 00:00:00+08:00,25.80733063052582,26.47983468753856,24.924670311430408,25.092796325683594,15543555,0.0,0.0
2021-08-11 00:00:00+08:00,24.92466918899902,25.429045534733273,23.411535128861242,24.29419708251953,10065457,0.0,0.0
2021-08-12 00:00:00+08:00,24.714512735455017,24.966702597668426,24.126072514143345,24.54638671875,5909370,0.0,0.0
2021-08-13 00:00:00+08:00,24.58841892877555,25.092796984783348,23.95794677734375,23.95794677734375,6810551,0.0,0.0
2021-08-16 00:00:00+08:00,23.789819823247953,24.37826002829675,22.27668571472168,22.27668571472168,7324319,0.0,0.0
2021-08-17 00:00:00+08:00,22.865127331209315,23.11731550924184,21.225899151062787,21.309961318969727,7873591,0.0,0.0
2021-08-18 00:00:00+08:00,20.97370898935454,23.411535263061523,20.679488894552467,23.411535263061523,20246824,0.0,0.0
2021-08-19 00:00:00+08:00,23.453568510191996,24.966702664593193,22.991222381591797,22.991222381591797,30918987,0.0,0.0
2021-08-20 00:00:00+08:00,23.705755480899235,25.260921478271484,23.621693313795927,25.260921478271484,30534705,0.0,0.0
2021-08-23 00:00:00+08:00,27.068274249213918,27.78281021118164,26.77405414992546,27.78281021118164,17562076,0.0,0.0
2021-08-24 00:00:00+08:00,29.590164402354375,30.430792779089487,27.656716122102544,27.78281021118164,78061331,0.0,0.0
2021-08-25 00:00:00+08:00,27.9509358982705,28.245155994157695,26.60592783214425,27.74077796936035,28869138,0.0,0.0
2021-08-26 00:00:00+08:00,28.497345712965068,28.83359774770979,27.614685377494006,27.65671730041504,18987468,0.0,0.0
2021-08-27 00:00:00+08:00,27.320464300849487,27.572652480846127,26.56389808654785,26.56389808654785,9665511,0.0,0.0
2021-08-30 00:00:00+08:00,27.320465636628374,28.53937802339458,26.774055654171082,27.110307693481445,18024676,0.0,0.0
2021-08-31 00:00:00+08:00,27.236399927900376,28.83359616829232,27.236399927900376,28.329219818115234,41320690,0.0,0.0
2021-09-01 00:00:00+08:00,27.78281111762056,27.992969055816783,26.47983491456516,27.026243209838867,18660620,0.0,0.0
2021-09-02 00:00:00+08:00,26.816086324649053,28.119064171827354,26.35374021077893,27.19437026977539,23041218,0.0,0.0
2021-09-03 00:00:00+08:00,27.572651350197358,27.908903359278952,26.689991082091918,27.320463180541992,15645890,0.0,0.0
2021-09-06 00:00:00+08:00,27.32046403553568,27.572652213083273,25.5971736907959,25.5971736907959,11690298,0.0,0.0
2021-09-07 00:00:00+08:00,26.143581727991275,28.119063580847968,26.143581727991275,27.74077796936035,53678260,0.0,0.0
2021-09-08 00:00:00+08:00,26.984214176972042,28.24515851431663,26.479836107171838,28.161094665527344,47390874,0.0,0.0
2021-09-09 00:00:00+08:00,27.78281093692395,28.161093214042726,27.32046481534873,27.908905029296875,17720801,0.0,0.0
2021-09-10 00:00:00+08:00,27.74077947194533,28.329221369904484,27.362497188591355,27.65671730041504,21505137,0.0,0.0
2021-09-13 00:00:00+08:00,28.581409454345703,30.388762041603215,28.32922126636477,28.581409454345703,56345256,0.0,0.0
2021-09-14 00:00:00+08:00,29.464069745518028,29.758289855856237,26.942181171977072,27.950937271118164,29478976,0.0,0.0
2021-09-15 00:00:00+08:00,27.824841643475622,28.161093678220343,27.110307325376922,27.65671730041504,14937894,0.0,0.0
2021-09-16 00:00:00+08:00,27.404526138363966,27.65671598962587,26.479833923797628,26.521865844726562,9102665,0.0,0.0
2021-09-17 00:00:00+08:00,26.101553391110944,27.4045279575999,26.101553391110944,26.81608772277832,10963505,0.0,0.0
2021-09-22 00:00:00+08:00,26.059521590204998,26.73202400132254,25.891395568847656,25.891395568847656,6028414,0.0,0.0
2021-09-23 00:00:00+08:00,26.94218025161704,27.236400351904525,26.269676208496094,26.269676208496094,9353283,0.0,0.0
2021-09-24 00:00:00+08:00,26.900150930011225,27.866873432362844,26.647961068009774,26.732023239135742,15190601,0.0,0.0
2021-09-27 00:00:00+08:00,27.110307054842064,27.57265317942434,26.68999285276138,27.026243209838867,8194173,0.0,0.0
2021-09-28 00:00:00+08:00,26.563898115615228,26.900150138853167,25.807330226174,25.97545623779297,7229293,0.0,0.0
2021-09-29 00:00:00+08:00,26.227645291087356,27.32046524014248,25.807331085205078,25.807331085205078,19936684,0.0,0.0
2021-09-30 00:00:00+08:00,26.479835848797684,27.99297004343405,25.89139561026168,27.152339935302734,20493266,0.0,0.0
2021-10-01 00:00:00+08:00,26.732022673060477,26.732022673060477,24.46232400898101,24.75654411315918,16685956,0.0,0.0
2021-10-04 00:00:00+08:00,24.88263891167552,25.218890947241167,22.697000680498803,23.033252716064453,15948721,0.0,0.0
2021-10-05 00:00:00+08:00,22.697000324889537,23.789820260511835,21.940434093876352,23.579662322998047,10225226,0.0,0.0
2021-10-06 00:00:00+08:00,23.579661751884196,23.663725594578338,22.48684351704238,22.570905685424805,6874250,0.0,0.0
2021-10-07 00:00:00+08:00,23.579662282585193,24.714512464315842,23.495600112310804,24.16810417175293,14186039,0.0,0.0
2021-10-08 00:00:00+08:00,24.63044815955019,25.050764026004483,24.084039877196023,24.420291900634766,14836602,0.0,0.0
2021-10-12 00:00:00+08:00,23.579661527132686,24.168103397447737,22.444811381760715,22.823095321655273,7112338,0.0,0.0
2021-10-13 00:00:00+08:00,23.03325212373841,23.70575617757551,22.612937927246094,22.612937927246094,6575597,0.0,0.0
2021-10-14 00:00:00+08:00,23.033252448958127,23.243410387327497,22.02449802827104,22.654970169067383,7384885,0.0,0.0
2021-10-15 00:00:00+08:00,22.823094379403393,22.991220381936365,22.318716371804474,22.360748291015625,5134542,0.0,0.0
2021-10-18 00:00:00+08:00,22.19262470405874,22.19262470405874,20.427302322470243,21.52012062072754,10301455,0.0,0.0
2021-10-19 00:00:00+08:00,21.73027904067124,21.940435315575304,21.015743017924233,21.267932891845703,5548062,0.0,0.0
2021-10-20 00:00:00+08:00,21.562149678189098,22.024495755440224,21.015739764540537,21.057771682739258,6550535,0.0,0.0
2021-10-21 00:00:00+08:00,21.141835846739255,21.688245812127214,21.099803924560547,21.099803924560547,4338829,0.0,0.0
2021-10-22 00:00:00+08:00,21.436053578915132,21.436053578915132,20.00698345194156,20.091047286987305,6436713,0.0,0.0
2021-10-25 00:00:00+08:00,20.175112657886384,21.057774694753725,19.96495638545612,20.63745880126953,7984280,0.0,0.0
2021-10-26 00:00:00+08:00,20.4693342842014,20.679490554898113,20.0910503180484,20.301206588745117,5698433,0.0,0.0
2021-10-27 00:00:00+08:00,20.301207052054167,20.34323897687748,19.418546676635742,19.418546676635742,5856114,0.0,0.0
2021-10-28 00:00:00+08:00,19.418545089720006,20.1751113031525,19.334481246943216,19.4605770111084,6993294,0.0,0.0
2021-10-29 00:00:00+08:00,19.502605866309555,20.553393780155726,19.41854370384389,20.17510986328125,9591370,0.0,0.0
2021-11-01 00:00:00+08:00,20.25917680975316,20.511365010171527,19.922924759654098,20.04901885986328,6269634,0.0,0.0
2021-11-02 00:00:00+08:00,20.301204592342863,20.805582606176173,20.049016422582035,20.259174346923828,9256168,0.0,0.0
2021-11-03 00:00:00+08:00,20.67948932596041,21.98246549381897,20.385269225020426,21.0157413482666,18989556,0.0,0.0
2021-11-04 00:00:00+08:00,21.688245061506578,21.982465157951207,20.847615018585,20.973709106445312,11239185,0.0,0.0
2021-11-05 00:00:00+08:00,21.099803974677858,21.141835896956405,20.595425930270586,20.763553619384766,4419235,0.0,0.0
2021-11-08 00:00:00+08:00,21.22590050284809,21.60418279398803,20.931680384968644,21.52012062072754,6128661,0.0,0.0
2021-11-09 00:00:00+08:00,21.604181002446403,21.77230700933724,20.88964672889411,21.22589874267578,7913272,0.0,0.0
2021-11-10 00:00:00+08:00,21.436055538993482,21.520119381725888,21.0157413482666,21.0157413482666,4133113,0.0,0.0
2021-11-11 00:00:00+08:00,21.267932466059644,21.436056812892293,20.301206588745117,20.301206588745117,6100466,0.0,0.0
2021-11-12 00:00:00+08:00,20.469334453050053,20.805584823800842,20.259176506307956,20.63745880126953,4614509,0.0,0.0
2021-11-15 00:00:00+08:00,20.679490725480317,20.889648672222414,20.427302528839267,20.63745880126953,3118109,0.0,0.0
2021-11-16 00:00:00+08:00,20.63745842632565,21.436056600262393,20.553396253743163,21.183868408203125,6359439,0.0,0.0
2021-11-17 00:00:00+08:00,21.436056237470847,21.478088160206628,20.385269889258726,20.511363983154297,5036383,0.0,0.0
2021-11-18 00:00:00+08:00,20.34323743151353,20.889647389773263,20.30120550988315,20.721521377563477,2892552,0.0,0.0
2021-11-19 00:00:00+08:00,20.72152044102645,21.015740530517967,20.259174346923828,20.259174346923828,3377081,0.0,0.0
2021-11-22 00:00:00+08:00,20.30120675620691,20.9316805964332,20.30120675620691,20.63745880126953,2679527,0.0,0.0
2021-11-23 00:00:00+08:00,20.84761514534879,21.09980332260285,20.679489135742188,20.679489135742188,3828194,0.0,0.0
2021-11-24 00:00:00+08:00,20.80558381793309,21.26793161327538,20.595425881351296,21.099803924560547,4032865,0.0,0.0
2021-11-25 00:00:00+08:00,21.394024031188003,21.43605595336671,21.01574175451488,21.099803924560547,3454355,0.0,0.0
2021-11-26 00:00:00+08:00,21.18386585873879,21.309959939593085,20.17510986328125,20.17510986328125,4029733,0.0,0.0
2021-11-29 00:00:00+08:00,19.92292349955952,20.637457805092925,19.92292349955952,20.133081436157227,3014729,0.0,0.0
2021-11-30 00:00:00+08:00,20.59542433467945,21.30996026081039,20.42730000721389,21.141834259033203,5094860,0.0,0.0
2021-12-01 00:00:00+08:00,21.856372486110235,22.150592601616644,21.01574238872635,21.183868408203125,13301565,0.0,0.0
2021-12-02 00:00:00+08:00,21.183867987706996,23.285442352294922,21.183867987706996,23.285442352294922,31653089,0.0,0.0
2021-12-03 00:00:00+08:00,23.789819198842295,24.12607121413372,22.5288749786553,23.411535263061523,35785158,0.0,0.0
2021-12-06 00:00:00+08:00,23.159348122282225,24.7145125066737,23.159348122282225,23.579662322998047,28670732,0.0,0.0
2021-12-07 00:00:00+08:00,23.705757310647197,24.294199223036475,23.201379246161455,24.042009353637695,15665731,0.0,0.0
2021-12-08 00:00:00+08:00,24.042008086458846,25.933424472855894,24.042008086458846,24.12607192993164,23162351,0.0,0.0
2021-12-09 00:00:00+08:00,23.99997901916504,24.54638733135934,23.285443011757952,23.99997901916504,9405495,0.0,0.0
2021-12-10 00:00:00+08:00,23.45356836843443,23.915914494240123,23.033252490929783,23.285442352294922,5772574,0.0,0.0
2021-12-13 00:00:00+08:00,23.49559955593835,23.663725566817682,22.949189602002594,23.159347534179688,4027644,0.0,0.0
2021-12-14 00:00:00+08:00,23.663725298354407,23.663725298354407,22.150591217606824,22.192623138427734,5380983,0.0,0.0
2021-12-15 00:00:00+08:00,22.360750628170898,23.327474825200014,22.31871870456655,23.075284957885742,4761747,0.0,0.0
2021-12-16 00:00:00+08:00,23.495600337515953,23.495600337515953,22.612938332459915,22.69700050354004,4278263,0.0,0.0
2021-12-17 00:00:00+08:00,22.991222062053204,24.252166336040013,22.823096047234177,22.949190139770508,11106567,0.0,0.0
2021-12-20 00:00:00+08:00,23.075283822534562,23.285441755904284,22.739031798867693,22.865127563476562,2649244,0.0,0.0
2021-12-21 00:00:00+08:00,22.99122224262873,23.62169438457393,22.486844194210217,23.285442352294922,5992909,0.0,0.0
2021-12-22 00:00:00+08:00,23.453567767737717,23.453567767737717,22.823095641940274,22.865127563476562,3024127,0.0,0.0
2021-12-23 00:00:00+08:00,23.159348629596078,23.201378878570118,22.697000822075495,22.739032745361328,2350590,0.0,0.0
2021-12-24 00:00:00+08:00,22.949189628925005,23.0752837186545,22.52887543838945,22.570905685424805,1976751,0.0,0.0
2021-12-27 00:00:00+08:00,22.73903409883247,22.73903409883247,22.276687938103947,22.3187198638916,2179334,0.0,0.0
2021-12-28 00:00:00+08:00,22.402782041155017,23.033254230722267,22.3187198638916,22.3187198638916,2886287,0.0,0.0
2021-12-29 00:00:00+08:00,22.65496837687042,22.69699862176994,22.318716371804474,22.360748291015625,1804451,0.0,0.0
2021-12-30 00:00:00+08:00,22.654969660431178,22.654969660431178,22.150591624255753,22.27668571472168,1572629,0.0,0.0
2022-01-03 00:00:00+08:00,22.402781149496153,22.48684499772562,21.772308985022487,21.856372833251953,1754328,0.0,0.0
2022-01-04 00:00:00+08:00,22.066530227661133,22.192624322540066,21.688246268712547,22.066530227661133,1630063,0.0,0.0
2022-01-05 00:00:00+08:00,22.066530779513784,22.276687051463785,21.814340909137222,21.856372833251953,1343940,0.0,0.0
2022-01-06 00:00:00+08:00,21.94043468762658,22.276686727023566,21.73027841873732,21.814340591430664,1322011,0.0,0.0
2022-01-07 00:00:00+08:00,21.982467653321844,22.02449957881716,21.141837514974956,21.35199546813965,1854575,0.0,0.0
2022-01-10 00:00:00+08:00,21.3519944276799,21.68824646663346,21.099804561308837,21.183868408203125,1385710,0.0,0.0
2022-01-11 00:00:00+08:00,21.267931202152106,21.520119381725888,21.0157413482666,21.0157413482666,1969442,0.0,0.0
2022-01-12 00:00:00+08:00,21.09980453177648,21.141836455164796,20.553396224975586,20.553396224975586,1644682,0.0,0.0
2022-01-13 00:00:00+08:00,20.51136430158727,20.76355416760536,20.51136430158727,20.553396224975586,1074525,0.0,0.0
2022-01-14 00:00:00+08:00,20.59542468183438,20.59542468183438,20.006984502851346,20.259174346923828,1610222,0.0,0.0
2022-01-17 00:00:00+08:00,20.38526948495819,20.511363576352938,20.091049380266526,20.42730140686035,908491,0.0,0.0
2022-01-18 00:00:00+08:00,20.46933268495828,20.679488939235757,20.21714283578895,20.343236923217773,1019181,0.0,0.0
2022-01-19 00:00:00+08:00,20.21714136524436,20.385267361024283,20.00698345194156,20.091047286987305,885517,0.0,0.0
2022-01-20 00:00:00+08:00,20.091047286987305,20.21714136524436,19.964953208730254,20.091047286987305,879252,0.0,0.0
2022-01-21 00:00:00+08:00,20.175113366681448,20.175113366681448,19.418547075866663,19.502609252929688,1485957,0.0,0.0
2022-01-24 00:00:00+08:00,18.99823061518084,19.334482662279104,18.577916393463934,19.082294464111328,1554877,0.0,0.0
2022-01-25 00:00:00+08:00,19.040260888781525,19.040260888781525,18.493852615356445,18.493852615356445,1632151,0.0,0.0
2022-01-26 00:00:00+08:00,18.493854606144133,18.956200762008752,18.493854606144133,18.535884857177734,1286507,0.0,0.0
2022-02-07 00:00:00+08:00,18.746042733671732,20.385271072387695,18.746042733671732,20.385271072387695,3497169,0.0,0.0
2022-02-08 00:00:00+08:00,20.175111106922373,21.351993174168605,20.049017018295345,20.679489135742188,6926462,0.0,0.0
2022-02-09 00:00:00+08:00,20.76355370571588,21.09980406240704,20.385269752259646,20.805583953857422,2437262,0.0,0.0
2022-02-10 00:00:00+08:00,21.183867819234948,21.436056004282708,20.63745785254913,20.763553619384766,3286232,0.0,0.0
2022-02-11 00:00:00+08:00,20.721521377563477,21.099803649301695,20.679489455933098,20.721521377563477,1525638,0.0,0.0
2022-02-14 00:00:00+08:00,20.721522478762186,21.015742597187042,20.301206588745117,20.301206588745117,2387139,0.0,0.0
2022-02-15 00:00:00+08:00,20.76355297770134,21.141835243582424,20.679489135742188,20.679489135742188,3877273,0.0,0.0
2022-02-16 00:00:00+08:00,21.015741027169316,21.183867035753632,20.763552851448686,20.973709106445312,2110414,0.0,0.0
2022-02-17 00:00:00+08:00,21.225898956477632,21.309961123613945,20.847615018585,20.973709106445312,2172025,0.0,0.0
2022-02-18 00:00:00+08:00,20.93168000524682,23.033252716064453,20.847616159199518,23.033252716064453,20683318,0.0,0.0
2022-02-21 00:00:00+08:00,22.949189086939963,24.67247940404247,22.781063079833984,22.781063079833984,42640613,0.0,0.0
2022-02-22 00:00:00+08:00,22.78106257943013,23.033250747393748,21.18386638416285,21.478086471557617,9688485,0.0,0.0
2022-02-23 00:00:00+08:00,22.024497319680005,23.28544156070451,21.982465398496068,22.52887535095215,16554382,0.0,0.0
2022-02-24 00:00:00+08:00,22.192624554330223,23.20137899820938,21.814340591430664,21.814340591430664,14637152,0.0,0.0
2022-02-25 00:00:00+08:00,22.44481332890122,23.369505624071927,22.234655380249023,22.234655380249023,12460950,0.0,0.0
2022-03-01 00:00:00+08:00,22.61293911461702,23.033253333179395,22.15059297190486,22.486845016479492,4346138,0.0,0.0
2022-03-02 00:00:00+08:00,22.192624266671675,23.201378697475455,22.108560420756156,22.402780532836914,6045121,0.0,0.0
2022-03-03 00:00:00+08:00,22.739032018762614,22.991221876107396,22.528875757672328,22.612937927246094,5579389,0.0,0.0
2022-03-04 00:00:00+08:00,22.739031608248425,23.20137771833663,22.31871741934416,22.52887535095215,8573233,0.0,0.0
2022-03-07 00:00:00+08:00,22.865127731196498,23.03325206995143,21.982465744018555,21.982465744018555,6529650,0.0,0.0
2022-03-08 00:00:00+08:00,21.772308608742318,22.15059257061355,20.553396224975586,20.553396224975586,4701181,0.0,0.0
2022-03-09 00:00:00+08:00,21.394023607888847,22.570905685424805,21.099803507082786,22.570905685424805,12044297,0.0,0.0
2022-03-10 00:00:00+08:00,23.11731688149009,24.462325042334705,22.570906897569014,23.075284957885742,41671555,0.0,0.0
2022-03-11 00:00:00+08:00,23.3695029322072,23.78981878109664,22.991220677380692,23.327472686767578,14023137,0.0,0.0
2022-03-14 00:00:00+08:00,23.70575678719575,23.873882804978575,23.033252716064453,23.033252716064453,9475459,0.0,0.0
2022-03-15 00:00:00+08:00,23.201377517947762,23.327473280410498,22.10855929678591,22.192623138427734,6296784,0.0,0.0
2022-03-16 00:00:00+08:00,22.696999848378912,22.739031769861587,21.4360555983925,21.64621353149414,4824402,0.0,0.0
2022-03-17 00:00:00+08:00,22.234654571291852,22.234654571291852,21.688246268712547,22.066530227661133,2665952,0.0,0.0
2022-03-18 00:00:00+08:00,22.06653004828843,22.06653004828843,21.520120075838957,21.73027801513672,2109370,0.0,0.0
2022-03-21 00:00:00+08:00,21.730278735219585,22.066530779513784,21.688246811104854,21.856372833251953,1532948,0.0,0.0
2022-03-22 00:00:00+08:00,21.982465228784413,21.982465228784413,21.52011912226567,21.60418128967285,1736575,0.0,0.0
2022-03-23 00:00:00+08:00,21.856371464595785,22.06652939769743,21.60418161001147,21.64621353149414,1370046,0.0,0.0
2022-03-24 00:00:00+08:00,21.772308814820832,21.814340738606983,21.478088696941384,21.52012062072754,1121516,0.0,0.0
2022-03-25 00:00:00+08:00,21.688245812127214,21.730277734305922,21.099803924560547,21.099803924560547,1593514,0.0,0.0
2022-03-28 00:00:00+08:00,21.015741620993918,21.478087739086998,20.93167945148233,21.394023895263672,1811761,0.0,0.0
2022-03-29 00:00:00+08:00,21.646215191260133,21.73027904067124,21.267932891845703,21.267932891845703,1299038,0.0,0.0
2022-03-30 00:00:00+08:00,21.60418326655458,21.646215191260133,21.09980519302349,21.267932891845703,1505798,0.0,0.0
2022-03-31 00:00:00+08:00,21.183867359419697,21.351993370572792,21.0157413482666,21.0157413482666,1204012,0.0,0.0
2022-04-01 00:00:00+08:00,21.015741620993918,21.646213752421914,20.847615607659,21.394023895263672,1739708,0.0,0.0
2022-04-06 00:00:00+08:00,21.394024031188003,21.394024031188003,21.01574175451488,21.099803924560547,862544,0.0,0.0
2022-04-07 00:00:00+08:00,21.183867819234948,21.56215177111834,20.679489774827676,20.763553619384766,1625886,0.0,0.0
2022-04-08 00:00:00+08:00,20.889648292696716,21.394024676815246,20.889648292696716,21.183868408203125,1311569,0.0,0.0
2022-04-11 00:00:00+08:00,21.351993370572792,21.478087460359685,21.0157413482666,21.0157413482666,1400329,0.0,0.0
2022-04-12 00:00:00+08:00,21.015741480352666,21.015741480352666,20.63745753430272,20.721521377563477,1265622,0.0,0.0
2022-04-13 00:00:00+08:00,21.01574238872635,21.309962504232757,20.889648292696716,21.183868408203125,1137180,0.0,0.0
2022-04-14 00:00:00+08:00,21.43605540798599,21.68824526033022,21.309961318969727,21.309961318969727,1917229,0.0,0.0
2022-04-15 00:00:00+08:00,21.39402442772135,23.285442543390978,21.309962256117615,22.402780532836914,15698103,0.0,0.0
2022-04-18 00:00:00+08:00,22.52887692184035,22.739033193790352,21.604182962875388,21.856372833251953,5439461,0.0,0.0
2022-04-19 00:00:00+08:00,22.276687051463785,22.781065117905086,21.856372833251953,21.856372833251953,7618795,0.0,0.0
2022-04-20 00:00:00+08:00,22.402779860527858,24.042008063569345,22.27668576975045,22.90715789794922,36983949,0.0,0.0
2022-04-21 00:00:00+08:00,22.94919117728715,24.12607333422633,22.94919117728715,23.11731719970703,31933991,0.0,0.0
2022-04-22 00:00:00+08:00,23.117315484984477,23.70575568265071,22.528875287318243,23.453567504882812,17478537,0.0,0.0
2022-04-25 00:00:00+08:00,22.865127731196498,23.03325206995143,21.856371652796486,21.982465744018555,6562022,0.0,0.0
2022-04-26 00:00:00+08:00,22.276685030009745,22.444811036900578,21.22589874267578,21.22589874267578,5481230,0.0,0.0
2022-04-27 00:00:00+08:00,20.34323705838324,21.856371140517794,20.34323705838324,21.60418128967285,5343390,0.0,0.0
2022-04-28 00:00:00+08:00,21.730279448973718,22.066531504312476,21.267933291460903,21.35199546813965,3648584,0.0,0.0
2022-04-29 00:00:00+08:00,21.856370283416705,22.949188462725214,21.646212361672582,22.360748291015625,9685352,0.0,0.0
2022-05-03 00:00:00+08:00,22.612938530240438,22.6970007020558,21.856372286655052,22.066530227661133,4467270,0.0,0.0
2022-05-04 00:00:00+08:00,22.360750284190935,23.201378697475455,22.318718361233174,22.402780532836914,10205385,0.0,0.0
2022-05-05 00:00:00+08:00,23.03325179730743,23.03325179730743,22.360749427312886,22.570905685424805,5017586,0.0,0.0
2022-05-06 00:00:00+08:00,21.730277484944445,23.20137800120041,21.730277484944445,22.90715789794922,6822038,0.0,0.0
2022-05-09 00:00:00+08:00,24.21013550828036,24.504355628937194,23.075285275524106,23.11731719970703,22165099,0.0,0.0
2022-05-10 00:00:00+08:00,22.696999806733224,24.378259919838058,22.696999806733224,23.789819717407227,23383730,0.0,0.0
2022-05-11 00:00:00+08:00,23.74778977691661,23.915915802251273,22.78106554982024,23.201379776000977,9207089,0.0,0.0
2022-05-12 00:00:00+08:00,23.369503526919715,23.705755544863624,22.192623138427734,22.192623138427734,7176036,0.0,0.0
2022-05-13 00:00:00+08:00,22.90715755397009,23.789819524781148,22.570905534071755,23.453567504882812,10765099,0.0,0.0
2022-05-16 00:00:00+08:00,23.87388136550931,24.08403929364437,22.48684305816595,23.411535263061523,14338498,0.0,0.0
2022-05-17 00:00:00+08:00,23.201378552956093,23.579662508596076,22.69700050354004,22.69700050354004,5497938,0.0,0.0
2022-05-18 00:00:00+08:00,23.033251253337113,23.20137726044309,22.781063079833984,22.781063079833984,3358285,0.0,0.0
2022-05-19 00:00:00+08:00,22.192623545848306,22.444811726780152,21.98246561219728,22.27668571472168,4425501,0.0,0.0
2022-05-20 00:00:00+08:00,22.654971921569054,23.24341218534865,22.276687938103947,22.3187198638916,7010002,0.0,0.0
2022-05-23 00:00:00+08:00,22.781064380503214,24.54638671875,22.697000534994817,24.54638671875,35821707,0.0,0.0
2022-05-24 00:00:00+08:00,25.092796025869866,25.176858194836193,23.4955997467041,23.4955997467041,46901124,0.0,0.0
2022-05-25 00:00:00+08:00,23.99997852259766,24.6304489950419,23.579662641885793,23.621694564819336,24727671,0.0,0.0
2022-05-26 00:00:00+08:00,23.915913745980824,24.084039756860154,22.949189602002594,23.159347534179688,14245561,0.0,0.0
2022-05-27 00:00:00+08:00,23.411535903426046,23.663725758948484,23.201377969542637,23.4955997467041,8896949,0.0,0.0
2022-05-30 00:00:00+08:00,23.705755357863598,23.705755357863598,23.24340925541581,23.411535263061523,5892662,0.0,0.0
2022-05-31 00:00:00+08:00,23.411537726247275,23.83185195242801,23.07528567557794,23.201379776000977,6953613,0.0,0.0
2022-06-01 00:00:00+08:00,23.243410832874883,23.705756966700687,23.243410832874883,23.369504928588867,5533442,0.0,0.0
2022-06-02 00:00:00+08:00,23.53763071895225,23.87388275379703,23.453568547396944,23.621694564819336,6385545,0.0,0.0
2022-06-06 00:00:00+08:00,23.91591328599866,24.71451140373787,23.411535263061523,23.411535263061523,15041274,0.0,0.0
2022-06-07 00:00:00+08:00,23.579661915670428,23.789819849553837,23.411535903426046,23.4955997467041,3925308,0.0,0.0
2022-06-08 00:00:00+08:00,23.789819074303274,24.084039167565116,23.621693067537695,23.70575523376465,6406430,0.0,0.0
2022-06-09 00:00:00+08:00,23.537630026147983,23.537630026147983,22.82309572886819,22.90715789794922,6808463,0.0,0.0
2022-06-10 00:00:00+08:00,22.570905152373594,22.781063079833984,22.40277914526762,22.781063079833984,3678867,0.0,0.0
2022-06-13 00:00:00+08:00,22.23465424949257,22.360750016858322,22.024497985839844,22.024497985839844,2906127,0.0,0.0
2022-06-14 00:00:00+08:00,21.772308125420103,22.192624001349085,21.436056094401625,22.024497985839844,3330090,0.0,0.0
2022-06-15 00:00:00+08:00,22.150591893518587,22.234654063413824,21.68824577331543,21.68824577331543,1941247,0.0,0.0
2022-06-16 00:00:00+08:00,22.02449789324707,22.108560063492405,20.72152169710622,20.763553619384766,3775982,0.0,0.0
2022-06-17 00:00:00+08:00,20.42730032204289,21.01574050017636,20.34323648270288,20.59542465209961,3626655,0.0,0.0
2022-06-20 00:00:00+08:00,20.7692266473347,20.85612635165642,18.98776626586914,18.98776626586914,5438416,0.766105,0.0
2022-06-21 00:00:00+08:00,19.33536717081127,19.63951873779297,19.074666322206525,19.63951873779297,2531244,0.0,0.0
2022-06-22 00:00:00+08:00,19.85677215925204,19.900222881043476,18.37946319580078,18.37946319580078,4754437,0.0,0.0
2022-06-23 00:00:00+08:00,18.466364755450503,18.727065626180465,17.553908246238365,17.771160125732422,4408793,0.0,0.0
2022-06-24 00:00:00+08:00,18.16221246665602,18.813964618504922,18.07531102585712,18.33601188659668,4159219,0.0,0.0
2022-06-27 00:00:00+08:00,18.81396430751534,19.813322206040734,18.81396430751534,19.68297004699707,6114041,0.0,0.0
2022-06-28 00:00:00+08:00,19.552620725598562,19.552620725598562,18.77051638120664,19.16156768798828,4140422,0.0,0.0
2022-06-29 00:00:00+08:00,18.813965221229285,19.031217099357846,18.336012474009344,18.37946319580078,2541687,0.0,0.0
2022-06-30 00:00:00+08:00,18.509812517588355,18.553263236767656,17.640808518973436,17.68425750732422,2921791,0.0,0.0
2022-07-01 00:00:00+08:00,17.727708532490762,17.98840939040933,15.946248054504395,15.946248054504395,5127232,0.0,0.0
2022-07-04 00:00:00+08:00,16.1200490722385,16.77180294256074,16.1200490722385,16.4676513671875,3899202,0.0,0.0
2022-07-05 00:00:00+08:00,17.07595412526959,17.38010569364881,16.29384984503323,17.2063045501709,3813574,0.0,0.0
2022-07-06 00:00:00+08:00,17.293205733745182,17.380105438795635,16.684900875078117,16.728351593017578,3164055,0.0,0.0
2022-07-07 00:00:00+08:00,16.815253000379816,17.11940456378331,16.380749283379,17.032503128051758,2138609,0.0,0.0
2022-07-08 00:00:00+08:00,17.68425649883908,17.901508351517784,17.293205241011513,17.59735679626465,3066941,0.0,0.0
2022-07-11 00:00:00+08:00,18.075311072073045,18.118761792583594,17.72770876964582,18.0318603515625,3695575,0.0,0.0
2022-07-12 00:00:00+08:00,17.727708633375894,17.727708633375894,16.641452744762102,16.94560432434082,2791261,0.0,0.0
2022-07-13 00:00:00+08:00,17.597358757734145,17.640809479278758,17.249756447034493,17.2932071685791,2172025,0.0,0.0
2022-07-14 00:00:00+08:00,17.20630438551764,17.727707810961885,16.989054256370565,17.64080810546875,2472767,0.0,0.0
2022-07-15 00:00:00+08:00,17.814610027725813,17.814610027725813,17.16285441924631,17.249755859375,1981972,0.0,0.0
2022-07-18 00:00:00+08:00,17.51045595098633,17.8146092472835,17.38010552733239,17.64080810546875,1905743,0.0,0.0
2022-07-19 00:00:00+08:00,17.901509920859432,18.37946265398973,17.901509920859432,18.0318603515625,6176696,0.0,0.0
2022-07-20 00:00:00+08:00,18.29256266630029,18.336011655323144,17.85805892944336,17.85805892944336,3976476,0.0,0.0
2022-07-21 00:00:00+08:00,18.205661583602144,19.161567054106584,18.205661583602144,18.640165328979492,11939872,0.0,0.0
2022-07-22 00:00:00+08:00,18.466362415636567,18.813962955623612,18.249110563669795,18.509811401367188,3944105,0.0,0.0
2022-07-25 00:00:00+08:00,18.509812338976754,18.596713776496795,18.031859625102026,18.11876106262207,1880681,0.0,0.0
2022-07-26 00:00:00+08:00,18.16221223757463,18.205661226597485,17.85805892944336,17.85805892944336,1547567,0.0,0.0
2022-07-27 00:00:00+08:00,17.944961486642423,18.292563805442974,17.944961486642423,18.249113082885742,2149051,0.0,0.0
2022-07-28 00:00:00+08:00,18.42291424228602,18.55326467912906,17.988410478370998,18.249113082885742,1937070,0.0,0.0
2022-07-29 00:00:00+08:00,18.42291259765625,18.683615178897842,18.3794618789779,18.42291259765625,2656553,0.0,0.0
2022-08-01 00:00:00+08:00,18.50981316686914,18.727065039557814,17.98840971091347,18.640165328979492,2875844,0.0,0.0
2022-08-02 00:00:00+08:00,18.46636436979568,18.46636436979568,18.118762062196026,18.20566177368164,1925583,0.0,0.0
2022-08-03 00:00:00+08:00,18.249111626061282,18.4663634906756,17.90150933500978,17.9884090423584,1715691,0.0,0.0
2022-08-04 00:00:00+08:00,18.0753100639358,18.0753100639358,17.467006934030096,17.94495964050293,1630063,0.0,0.0
2022-08-05 00:00:00+08:00,18.205662039463657,18.42291391759222,18.162213048500842,18.37946319580078,1977795,0.0,0.0
2022-08-08 00:00:00+08:00,18.683616049682943,18.770515760261265,18.292563025009045,18.640165328979492,2650288,0.0,0.0
2022-08-09 00:00:00+08:00,18.770516439232427,18.944317597504423,18.68361672551075,18.8574161529541,2491563,0.0,0.0
2022-08-10 00:00:00+08:00,19.118118958089905,19.59607171568857,18.944317797978695,19.335369110107422,4533058,0.0,0.0
2022-08-11 00:00:00+08:00,19.64532263850276,19.77987897899663,18.88283209349475,18.927684783935547,8699761,0.0,0.0
2022-08-12 00:00:00+08:00,19.151947387098378,19.241651041281557,18.524014884501714,18.837980270385742,6265851,0.0,0.0
2022-08-15 00:00:00+08:00,18.927683750935714,19.286501793222154,18.568863977820843,19.196796417236328,4775764,0.0,0.0
2022-08-16 00:00:00+08:00,19.196798348775665,19.196798348775665,18.837980270385742,18.837980270385742,3241167,0.0,0.0
2022-08-17 00:00:00+08:00,19.01739016100009,19.24165015150202,18.97253747056829,19.107093811035156,3028731,0.0,0.0
2022-08-18 00:00:00+08:00,19.01739117804636,19.735027340020043,19.01739117804636,19.376209259033203,6510659,0.0,0.0
2022-08-19 00:00:00+08:00,19.555617253696074,19.555617253696074,19.107093811035156,19.107093811035156,4094957,0.0,0.0
2022-08-22 00:00:00+08:00,18.83797975844321,18.83797975844321,18.52401438109153,18.613718032836914,2139534,0.0,0.0
2022-08-23 00:00:00+08:00,18.434309358224816,18.568865703882757,18.254900320404698,18.29975128173828,2089966,0.0,0.0
2022-08-24 00:00:00+08:00,18.389456856083974,18.52401493396092,18.120344161987305,18.120344161987305,1605409,0.0,0.0
2022-08-25 00:00:00+08:00,17.98578608411036,18.299751470832675,17.98578608411036,18.120344161987305,1614513,0.0,0.0
2022-08-26 00:00:00+08:00,18.21004814272796,18.43430987904629,18.120344486697814,18.3446044921875,1951376,0.0,0.0
2022-08-29 00:00:00+08:00,17.896081753716118,17.896081753716118,17.58211464802437,17.716670989990234,2293297,0.0,0.0
2022-08-30 00:00:00+08:00,17.716670989990234,17.851229062784647,17.716670989990234,17.716670989990234,1108713,0.0,0.0
2022-08-31 00:00:00+08:00,17.716669605664002,17.80637498051764,17.492407899358312,17.76152229309082,1510319,0.0,0.0
2022-09-01 00:00:00+08:00,17.6718195114381,17.6718195114381,17.312999725341797,17.312999725341797,1724778,0.0,0.0
2022-09-02 00:00:00+08:00,17.447556960077474,17.49240965199828,16.77477350457975,16.864477157592773,2283181,0.0,0.0
2022-09-05 00:00:00+08:00,16.909330383462244,17.22329750599348,16.729921340942383,16.729921340942383,2067710,0.0,0.0
2022-09-06 00:00:00+08:00,16.371103286743164,16.81962502847344,16.326250593321543,16.371103286743164,13173058,0.0,0.0
2022-09-07 00:00:00+08:00,16.4608073039444,16.4608073039444,16.146841904761246,16.23654556274414,1899785,0.0,0.0
2022-09-08 00:00:00+08:00,16.326249556417686,16.37110224699065,16.146840524954378,16.281396865844727,1424333,0.0,0.0
2022-09-12 00:00:00+08:00,16.37110190022085,16.819623603964352,16.281396520975054,16.41595458984375,3578030,0.0,0.0
2022-09-13 00:00:00+08:00,16.550511805471373,16.550511805471373,16.326250076293945,16.326250076293945,1200769,0.0,0.0
2022-09-14 00:00:00+08:00,15.967429758429628,16.505658583505404,15.877726108136018,16.460805892944336,3297816,0.0,0.0
2022-09-15 00:00:00+08:00,16.774774034279506,17.13359211931923,16.729921340942383,16.729921340942383,7972421,0.0,0.0
2022-09-16 00:00:00+08:00,16.55051143332228,16.999034881591797,16.505658742329622,16.999034881591797,2930605,0.0,0.0
2022-09-19 00:00:00+08:00,16.864477554453444,16.909330247429736,16.191692352294922,16.191692352294922,2670624,0.0,0.0
2022-09-20 00:00:00+08:00,16.371103124200094,16.59536312742431,16.191692352294922,16.191692352294922,1484017,0.0,0.0
2022-09-21 00:00:00+08:00,16.460805372990333,16.954181491920572,16.41595441467452,16.595361709594727,5961360,0.0,0.0
2022-09-22 00:00:00+08:00,16.640213525588837,16.864475228714287,16.505657196044922,16.505657196044922,4267941,0.0,0.0
2022-09-23 00:00:00+08:00,16.59536083879807,16.864475228714287,16.415953553291775,16.505657196044922,3008499,0.0,0.0
2022-09-26 00:00:00+08:00,16.59536307122051,16.59536307122051,15.743168830871582,15.743168830871582,4300312,0.0,0.0
2022-09-27 00:00:00+08:00,15.877725511724726,15.967429158648818,15.474054773495148,15.788020133972168,1764230,0.0,0.0
2022-09-28 00:00:00+08:00,15.877726353931898,15.877726353931898,14.218189758695758,14.263042449951172,5512209,0.0,0.0
2022-09-29 00:00:00+08:00,14.53215592063564,14.666713993655533,13.949075264620811,13.993927955627441,3840034,0.0,0.0
2022-09-30 00:00:00+08:00,13.724813115895753,14.038780212402344,13.32114237097906,14.038780212402344,3199691,0.0,0.0
2022-10-03 00:00:00+08:00,13.904223007898155,14.577008159650823,13.769665804464772,14.397598266601562,3196656,0.0,0.0
2022-10-04 00:00:00+08:00,14.666713790224936,15.518907984216604,14.621861099840421,15.294646263122559,4556247,0.0,0.0
2022-10-05 00:00:00+08:00,15.653463698282994,15.788020033224727,15.115234896859157,15.160087585449219,3858243,0.0,0.0
2022-10-06 00:00:00+08:00,15.339497219100016,15.518907980596218,15.070382807684238,15.474055290222168,2788981,0.0,0.0
2022-10-07 00:00:00+08:00,15.339496706866312,15.832872822848447,15.339496706866312,15.788020133972168,3004452,0.0,0.0
2022-10-11 00:00:00+08:00,15.518908355772767,15.518908355772767,14.801270484924316,14.801270484924316,2507756,0.0,0.0
2022-10-12 00:00:00+08:00,14.980679353230766,14.980679353230766,14.397598697831455,14.442450523376465,1634745,0.0,0.0
2022-10-13 00:00:00+08:00,14.442449899921812,14.532155277967957,13.007175966982787,13.05202865600586,4484423,0.0,0.0
2022-10-14 00:00:00+08:00,13.76966623444251,13.949075267679829,13.500551819172257,13.904223442077637,2200230,0.0,0.0
2022-10-17 00:00:00+08:00,13.635109383167718,13.635109383167718,12.872619673859655,13.590256690979004,2577557,0.0,0.0
2022-10-18 00:00:00+08:00,13.769666665873455,13.993928397153805,13.679962146444176,13.859371185302734,1467831,0.0,0.0
2022-10-19 00:00:00+08:00,13.993927958696297,14.128485166331423,13.859370751061169,13.904223442077637,1255395,0.0,0.0
2022-10-20 00:00:00+08:00,13.769666069505922,13.769666069505922,13.231438110826723,13.45569896697998,1592258,0.0,0.0
2022-10-21 00:00:00+08:00,13.455698975175943,13.545404356189003,13.007176397181965,13.096880912780762,1333289,0.0,0.0
2022-10-24 00:00:00+08:00,13.5005521774292,13.814519292047498,13.5005521774292,13.5005521774292,2131441,0.0,0.0
2022-10-25 00:00:00+08:00,13.724813471704048,13.724813471704048,13.365995407104492,13.365995407104492,1120853,0.0,0.0
2022-10-26 00:00:00+08:00,13.45569950184747,13.45569950184747,13.096881425407735,13.231438636779785,1526504,0.0,0.0
2022-10-27 00:00:00+08:00,13.321142285218317,13.410847663879395,13.141733258724644,13.410847663879395,1073307,0.0,0.0
2022-10-28 00:00:00+08:00,13.36599488292466,13.500551219165407,13.007175966982787,13.05202865600586,1227071,0.0,0.0
2022-10-31 00:00:00+08:00,13.186586737113927,13.231438563714068,12.917472315855914,12.962324142456055,1211897,0.0,0.0
2022-11-01 00:00:00+08:00,13.007177352905273,13.096881875095255,12.78291561472316,13.007177352905273,1235163,0.0,0.0
2022-11-02 00:00:00+08:00,13.096880995805503,13.500551751266196,13.096880995805503,13.276290893554688,2369167,0.0,0.0
2022-11-03 00:00:00+08:00,13.096880912780762,13.186586293793821,13.007176397181965,13.096880912780762,982263,0.0,0.0
2022-11-04 00:00:00+08:00,13.096880904803358,13.590256173003347,13.007176389259202,13.45569896697998,2450095,0.0,0.0
2022-11-07 00:00:00+08:00,14.577008758460963,14.801270484924316,14.532156067002578,14.801270484924316,5359458,0.0,0.0
2022-11-08 00:00:00+08:00,16.191692747212155,16.191692747212155,15.249794825880127,15.69831657409668,12991981,0.0,0.0
2022-11-09 00:00:00+08:00,15.653463798171797,15.832872822848447,15.42920208461887,15.788020133972168,4533992,0.0,0.0
2022-11-10 00:00:00+08:00,15.788021096157431,16.012282823377767,15.608612060546875,15.608612060546875,3692340,0.0,0.0
2022-11-11 00:00:00+08:00,16.10198865646975,16.236545004229885,15.563759803771973,15.563759803771973,3884544,0.0,0.0
2022-11-14 00:00:00+08:00,15.563758422780944,16.057134538837946,15.474054775843241,15.967429161071777,4538038,0.0,0.0
2022-11-15 00:00:00+08:00,16.01228141784668,16.146839480864745,15.832872397984346,16.01228141784668,3490020,0.0,0.0
2022-11-16 00:00:00+08:00,16.10198731742887,16.505658057968642,16.01228193916293,16.0571346282959,6140413,0.0,0.0
2022-11-17 00:00:00+08:00,16.23654417967193,16.326249560842164,16.057135148160004,16.101987838745117,2213381,0.0,0.0
2022-11-18 00:00:00+08:00,16.146839914153933,16.281396249954305,15.78802013397217,15.788020133972168,2312518,0.0,0.0
2022-11-21 00:00:00+08:00,15.788019703094884,15.922577766051441,15.653463370966746,15.83287239074707,1582142,0.0,0.0
2022-11-22 00:00:00+08:00,15.788019703094884,16.146839473483954,15.788019703094884,15.83287239074707,1693418,0.0,0.0
2022-11-23 00:00:00+08:00,15.8777274691552,16.281398257149927,15.8777274691552,16.23654556274414,3235097,0.0,0.0
2022-11-24 00:00:00+08:00,16.41595581717639,16.41595581717639,16.057136004194668,16.191692352294922,2881037,0.0,0.0
2022-11-25 00:00:00+08:00,16.371103645961504,16.595363656333085,16.23654556274414,16.23654556274414,4271987,0.0,0.0
2022-11-28 00:00:00+08:00,16.10198921035546,16.371103645961504,16.057136515949672,16.23654556274414,1814810,0.0,0.0
2022-11-29 00:00:00+08:00,16.236543831352154,16.505658238261052,16.101987493311956,16.41595458984375,2156731,0.0,0.0
2022-11-30 00:00:00+08:00,16.50565963617938,16.68506867903722,16.236545206478304,16.371103286743164,3454614,0.0,0.0
2022-12-01 00:00:00+08:00,16.55051040649414,16.95418113872642,16.55051040649414,16.55051040649414,5090372,0.0,0.0
2022-12-02 00:00:00+08:00,16.595361886678354,16.68506726592415,16.41595458984375,16.41595458984375,1617548,0.0,0.0
2022-12-05 00:00:00+08:00,16.415954933211797,16.595362233799015,16.371102242650725,16.460805892944336,1483005,0.0,0.0
2022-12-06 00:00:00+08:00,16.460804832916722,16.5505102082621,15.96742873017399,16.01228141784668,2010049,0.0,0.0
2022-12-07 00:00:00+08:00,16.101986785831766,16.281395805612092,15.743167015442697,15.83287239074707,1358579,0.0,0.0
2022-12-08 00:00:00+08:00,15.877725601196289,15.967429248625864,15.653463886379638,15.877725601196289,786013,0.0,0.0
2022-12-09 00:00:00+08:00,16.10198783438142,16.326249556417686,16.012282453235496,16.281396865844727,1480982,0.0,0.0
2022-12-12 00:00:00+08:00,16.23654365257154,16.23654365257154,15.832872912067264,15.877725601196289,1610467,0.0,0.0
2022-12-13 00:00:00+08:00,16.146839480864745,16.2365431253817,15.832872397984346,16.01228141784668,1266523,0.0,0.0
2022-12-14 00:00:00+08:00,16.0122837017598,16.0122837017598,15.65346561085509,15.69831657409668,2072768,0.0,0.0
2022-12-15 00:00:00+08:00,15.788020735477842,16.281396870257048,15.788020735477842,16.101987838745117,2933640,0.0,0.0
2022-12-16 00:00:00+08:00,16.01228296311411,16.774773534648805,15.922579309940291,16.326250076293945,7915771,0.0,0.0
2022-12-19 00:00:00+08:00,16.371102251427278,16.505658592354095,15.832873426062957,16.101987838745117,4779811,0.0,0.0
2022-12-20 00:00:00+08:00,16.236545045271214,16.685068513376898,16.146841390147255,16.191692352294922,8696727,0.0,0.0
2022-12-21 00:00:00+08:00,16.415955934269462,16.909330368041992,16.415955934269462,16.909330368041992,8459001,0.0,0.0
2022-12-22 00:00:00+08:00,17.626967843685783,18.56886572607421,17.537262459254222,17.940933227539062,41946003,0.0,0.0
2022-12-23 00:00:00+08:00,17.76152333162103,18.29975041972819,17.447556232103803,18.030637741088867,16207858,0.0,0.0
2022-12-26 00:00:00+08:00,18.12034258463153,18.210046231245613,17.22329573351994,17.26814842224121,11596985,0.0,0.0
2022-12-27 00:00:00+08:00,17.223297130651066,17.671820592590493,16.8196246302427,17.043888092041016,6469183,0.0,0.0
2022-12-28 00:00:00+08:00,16.954182551346744,17.223296972200323,16.640215438546136,16.685068130493164,2508768,0.0,0.0
2022-12-29 00:00:00+08:00,16.685067610593382,16.864476641962597,16.505658579224168,16.640214920043945,2529000,0.0,0.0
2022-12-30 00:00:00+08:00,16.864476292454242,16.9990343613139,16.72991995442308,16.77477264404297,2316564,0.0,0.0
2023-01-03 00:00:00+08:00,16.774772991692252,16.864476641962597,16.505658579224168,16.640214920043945,1242245,0.0,0.0
2023-01-04 00:00:00+08:00,16.4608073039444,16.550512692755976,16.23654556274414,16.23654556274414,3101566,0.0,0.0
2023-01-05 00:00:00+08:00,16.326250951555718,16.505659998350186,16.146841904761246,16.23654556274414,1617548,0.0,0.0
2023-01-06 00:00:00+08:00,16.236545045271214,16.3262504312238,16.10198869717096,16.191692352294922,1673186,0.0,0.0
2023-01-09 00:00:00+08:00,16.281397394453332,16.326250086482524,16.012282973106753,16.146841049194336,1470866,0.0,0.0
2023-01-10 00:00:00+08:00,16.236544702424137,16.326250086482524,16.101988357165144,16.146841049194336,1181549,0.0,0.0
2023-01-11 00:00:00+08:00,16.236545045271214,16.371103124200094,16.012283311218376,16.191692352294922,1679256,0.0,0.0
2023-01-12 00:00:00+08:00,16.191690437709013,16.2365431253817,15.96742873017399,16.01228141784668,1429391,0.0,0.0
2023-01-13 00:00:00+08:00,16.101987843207155,16.1468405338047,15.877726121047962,15.922578811645508,919544,0.0,0.0
2023-01-16 00:00:00+08:00,15.967429158648818,15.967429158648818,15.78802013397217,15.788020133972168,824454,0.0,0.0
2023-01-17 00:00:00+08:00,15.922578291725465,16.191690964866332,15.922578291725465,16.0571346282959,1142096,0.0,0.0
2023-01-30 00:00:00+08:00,16.28139773824751,16.3262504312238,16.012283311218376,16.191692352294922,1202792,0.0,0.0
2023-01-31 00:00:00+08:00,16.236544692291538,16.37110276829515,16.191692000290335,16.326250076293945,922579,0.0,0.0
2023-02-01 00:00:00+08:00,16.415955460296352,16.50565911347017,16.236544692291538,16.326250076293945,1508295,0.0,0.0
2023-02-02 00:00:00+08:00,16.415953553291775,16.550509882835687,16.281395492919472,16.505657196044922,2026235,0.0,0.0
2023-02-03 00:00:00+08:00,16.550510927883952,16.77477264516995,16.41595458984375,16.41595458984375,2549232,0.0,0.0
2023-02-06 00:00:00+08:00,16.371103645961504,16.371103645961504,16.146841904761246,16.23654556274414,1235163,0.0,0.0
2023-02-07 00:00:00+08:00,16.236544175271767,16.326249556417686,16.191691484698804,16.281396865844727,673725,0.0,0.0
2023-02-08 00:00:00+08:00,16.41595493756361,16.41595493756361,16.146840524954378,16.281396865844727,1151201,0.0,0.0
2023-02-09 00:00:00+08:00,16.191692868338354,16.41595634036729,16.191692868338354,16.23654556274414,843674,0.0,0.0
2023-02-10 00:00:00+08:00,16.281395813054388,16.32624850072708,15.96742873017399,16.01228141784668,1423321,0.0,0.0
2023-02-13 00:00:00+08:00,15.967430226957338,15.967430226957338,15.518908500671387,15.518908500671387,2704007,0.0,0.0
2023-02-14 00:00:00+08:00,15.608612577899654,15.832874312553223,15.563759884803215,15.653465270996094,1649919,0.0,0.0
2023-02-15 00:00:00+08:00,15.698315712937868,15.74316840454765,15.518908408155884,15.608612060546875,713178,0.0,0.0
2023-02-16 00:00:00+08:00,15.69831657409668,15.743169268166934,15.65346561085509,15.69831657409668,916509,0.0,0.0
2023-02-17 00:00:00+08:00,15.608612916784836,15.78802196223719,15.608612916784836,15.69831657409668,591786,0.0,0.0
2023-02-20 00:00:00+08:00,15.74316744509589,15.832872822848447,15.653463798171797,15.788020133972168,1069261,0.0,0.0
2023-02-21 00:00:00+08:00,15.877726963118121,16.28139773824751,15.788021577165535,16.191692352294922,3067171,0.0,0.0
2023-02-22 00:00:00+08:00,16.191692352294922,16.460806779324056,16.146841390147255,16.191692352294922,3687282,0.0,0.0
2023-02-23 00:00:00+08:00,16.460806391962706,17.17844427020982,16.415955430870486,16.864477157592773,11897430,0.0,0.0
2023-02-24 00:00:00+08:00,17.761523680921705,18.120343477544928,17.492409266161427,17.716670989990234,29768359,0.0,0.0
2023-03-01 00:00:00+08:00,18.030638776736005,18.43430954870962,17.492409926885447,18.120344161987305,20906741,0.0,0.0
2023-03-02 00:00:00+08:00,18.254900472128643,18.74827662835607,18.165196817887317,18.658571243286133,25349690,0.0,0.0
2023-03-03 00:00:00+08:00,18.83798078709879,18.972538868307304,18.5240153926029,18.88283348083496,19897164,0.0,0.0
2023-03-06 00:00:00+08:00,20.093845773921934,20.13869846754021,19.15194786208145,19.42106056213379,19049443,0.0,0.0
2023-03-07 00:00:00+08:00,19.42105969246403,19.555617767293377,19.107094312852702,19.510765075683594,8088755,0.0,0.0
2023-03-08 00:00:00+08:00,19.645322626891534,19.645322626891534,19.19679745357716,19.465911865234375,6992180,0.0,0.0
2023-03-09 00:00:00+08:00,19.55561689906937,19.959287643978218,19.55561689906937,19.779878616333008,15360137,0.0,0.0
2023-03-10 00:00:00+08:00,19.779879135985443,20.45266430545161,19.600470103626837,19.824731826782227,23407417,0.0,0.0
2023-03-13 00:00:00+08:00,19.555617246062955,19.690173586477297,19.017390153577058,19.465911865234375,8838351,0.0,0.0
2023-03-14 00:00:00+08:00,19.286503348463256,19.73502680290393,18.972537968851928,19.510765075683594,6679596,0.0,0.0
2023-03-15 00:00:00+08:00,20.004140692416577,20.04899165201101,19.286502838134766,19.286502838134766,8378073,0.0,0.0
2023-03-16 00:00:00+08:00,19.421059709725103,19.645323167973334,19.062241638185082,19.151947021484375,6810092,0.0,0.0
2023-03-17 00:00:00+08:00,19.421060221035095,19.645323685187645,19.331356566202693,19.376209259033203,5051931,0.0,0.0
2023-03-20 00:00:00+08:00,19.600470467532585,19.600470467532585,19.286503356954455,19.331356048583984,2822364,0.0,0.0
2023-03-21 00:00:00+08:00,19.555617775903055,19.555617775903055,19.241650665324926,19.331356048583984,3320071,0.0,0.0
2023-03-22 00:00:00+08:00,19.51076508427353,19.600470467532585,19.331356048583984,19.331356048583984,2516861,0.0,0.0
2023-03-23 00:00:00+08:00,19.24165015930007,19.286502849750047,18.658570375935987,18.748275756835938,6000812,0.0,0.0
2023-03-24 00:00:00+08:00,18.837979928147615,18.837979928147615,18.658570892212058,18.793128967285156,2363098,0.0,0.0
2023-03-27 00:00:00+08:00,18.837979919374334,19.151947030236766,18.61371819185219,18.972537994384766,2782912,0.0,0.0
2023-03-28 00:00:00+08:00,19.017390168707255,19.107093818778676,18.748275756835938,18.748275756835938,2374225,0.0,0.0
2023-03-29 00:00:00+08:00,18.92768566766733,18.92768566766733,18.5688658582162,18.658571243286133,2759645,0.0,0.0
2023-03-30 00:00:00+08:00,19.041934403688053,19.041934403688053,18.703625105529348,18.848613739013672,2400527,1.479449,0.0
2023-03-31 00:00:00+08:00,18.848613739013672,18.993604237519456,18.80028357284508,18.848613739013672,1199757,0.0,0.0
2023-04-06 00:00:00+08:00,18.945273776917826,19.670220663115792,18.945273776917826,19.428571701049805,4948748,0.0,0.0
2023-04-07 00:00:00+08:00,19.476902621975515,19.81521006297797,19.42857245468331,19.718549728393555,4392368,0.0,0.0
2023-04-10 00:00:00+08:00,19.911869769933176,20.008528236449383,19.47690200805664,19.47690200805664,2788981,0.0,0.0
2023-04-11 00:00:00+08:00,19.670220663115792,19.670220663115792,19.38024153563232,19.428571701049805,1542690,0.0,0.0
2023-04-12 00:00:00+08:00,19.428571315733468,19.47690148019245,19.23525252291895,19.28358268737793,1878541,0.0,0.0
2023-04-13 00:00:00+08:00,19.28358240084595,19.33191069956543,19.09026174588256,19.186922073364258,1722755,0.0,0.0
2023-04-14 00:00:00+08:00,19.283582787348006,19.47690158116473,19.04193382882175,19.331911087036133,2245752,0.0,0.0
2023-04-17 00:00:00+08:00,19.47690200805664,19.573562339594293,19.380241676518988,19.47690200805664,2241706,0.0,0.0
2023-04-18 00:00:00+08:00,19.573561371747626,19.573561371747626,19.090261602978362,19.138591766357422,2271042,0.0,0.0
2023-04-19 00:00:00+08:00,19.13859287100378,19.23525320334097,18.848613739013672,18.848613739013672,1625641,0.0,0.0
2023-04-20 00:00:00+08:00,18.848613498430616,19.041934160637457,18.703624866796922,18.751955032348633,1960481,0.0,0.0
2023-04-21 00:00:00+08:00,18.94527428287803,18.94527428287803,18.171997210611128,18.220327377319336,2262949,0.0,0.0
2023-04-24 00:00:00+08:00,18.316987427145442,18.316987427145442,18.075338462367174,18.123666763305664,1105679,0.0,0.0
2023-04-25 00:00:00+08:00,18.17199575561101,18.268656081288007,17.543709233774546,17.68869972229004,1582142,0.0,0.0
2023-04-26 00:00:00+08:00,17.49537907093605,17.68869972229004,17.302060284603392,17.68869972229004,1375776,0.0,0.0
2023-04-27 00:00:00+08:00,17.73702979294865,17.73702979294865,17.44705065195517,17.640371322631836,765781,0.0,0.0
2023-04-28 00:00:00+08:00,17.93034837979206,18.316987851405546,17.93034837979206,18.268657684326172,2126383,0.0,0.0
2023-05-02 00:00:00+08:00,18.316987991333008,18.316987991333008,17.978678684214476,18.316987991333008,1452657,0.0,0.0
2023-05-03 00:00:00+08:00,18.123666664322002,18.123666664322002,17.97867803225549,18.07533836364746,759711,0.0,0.0
2023-05-04 00:00:00+08:00,18.07533836364746,18.220326995713975,18.07533836364746,18.07533836364746,601902,0.0,0.0
2023-05-05 00:00:00+08:00,18.268657544027544,18.365317877443964,18.171997210611128,18.220327377319336,924602,0.0,0.0
2023-05-08 00:00:00+08:00,18.316986894031963,18.316986894031963,17.930347442626953,17.930347442626953,824454,0.0,0.0
2023-05-09 00:00:00+08:00,17.833689987035335,18.0270087911593,17.592041015625,17.592041015625,1159293,0.0,0.0
2023-05-10 00:00:00+08:00,17.737029068797007,18.17199683001799,17.688700768122462,18.07533836364746,1243256,0.0,0.0
2023-05-11 00:00:00+08:00,18.220327595283266,18.220327595283266,17.543710848338634,17.592041015625,1237187,0.0,0.0
2023-05-12 00:00:00+08:00,17.592040875519626,17.592040875519626,17.398722072935275,17.543710708618164,1042959,0.0,0.0
2023-05-15 00:00:00+08:00,17.543710568125753,17.640370901154604,17.3020616005751,17.495380401611328,661586,0.0,0.0
2023-05-16 00:00:00+08:00,17.64037118291137,17.688701350197736,17.543710848338634,17.592041015625,542217,0.0,0.0
2023-05-17 00:00:00+08:00,17.59204073464018,17.73702936916198,17.495380401611328,17.495380401611328,1135015,0.0,0.0
2023-05-18 00:00:00+08:00,17.68870106766903,17.68870106766903,17.447050235096903,17.495380401611328,736444,0.0,0.0
2023-05-19 00:00:00+08:00,17.543710708618164,17.640371042421084,17.398722072935275,17.543710708618164,715201,0.0,0.0
2023-05-22 00:00:00+08:00,17.543709856243343,17.930347442626953,17.543709856243343,17.930347442626953,1370718,0.0,0.0
2023-05-23 00:00:00+08:00,17.978677217961746,17.978677217961746,17.785358428955078,17.785358428955078,739479,0.0,0.0
2023-05-24 00:00:00+08:00,17.7853581829457,17.88201664360136,17.68869972229004,17.68869972229004,781966,0.0,0.0
2023-05-25 00:00:00+08:00,17.737028981562894,17.737028981562894,17.302061222481164,17.350391387939453,1659024,0.0,0.0
2023-05-26 00:00:00+08:00,17.39872102215234,17.39872102215234,17.108741903278148,17.157072067260742,1754114,0.0,0.0
2023-05-29 00:00:00+08:00,17.06041183914397,17.302060795449854,17.06041183914397,17.205400466918945,1108713,0.0,0.0
2023-05-30 00:00:00+08:00,17.253730240914734,17.30206040408699,17.012081290074818,17.06041145324707,928649,0.0,0.0
2023-05-31 00:00:00+08:00,17.060411596675337,17.157071923832476,17.060411596675337,17.108741760253906,713178,0.0,0.0
2023-06-01 00:00:00+08:00,17.10874147176749,17.10874147176749,16.915420820712974,17.012081146240234,895266,0.0,0.0
2023-06-02 00:00:00+08:00,17.06041145324707,17.157071779591575,16.963751126902565,17.06041145324707,809280,0.0,0.0
2023-06-05 00:00:00+08:00,17.108742003409425,17.302060795449854,17.06041183914397,17.205400466918945,628203,0.0,0.0
2023-06-06 00:00:00+08:00,17.302060795449854,17.350390959715305,17.205400466918945,17.205400466918945,947869,0.0,0.0
2023-06-07 00:00:00+08:00,17.350391103256367,17.44704956756555,17.20540060926049,17.25373077392578,832546,0.0,0.0
2023-06-08 00:00:00+08:00,17.3020616005751,17.68870106766903,17.253731434060676,17.495380401611328,2040397,0.0,0.0
2023-06-09 00:00:00+08:00,17.640370901154604,17.73702936916198,17.39872193360395,17.495380401611328,918533,0.0,0.0
2023-06-12 00:00:00+08:00,17.543709751755735,17.543709751755735,17.205400466918945,17.205400466918945,864918,0.0,0.0
2023-06-13 00:00:00+08:00,17.30206054954682,17.30206054954682,17.108741760253906,17.108741760253906,934718,0.0,0.0
2023-06-14 00:00:00+08:00,17.108742425669444,17.447049853834596,17.108742425669444,17.350391387939453,1041948,0.0,0.0
2023-06-15 00:00:00+08:00,17.447049853834596,17.495380019292885,17.253731057022875,17.350391387939453,848732,0.0,0.0
2023-06-16 00:00:00+08:00,17.39872169494629,17.592040493330767,17.350391529094807,17.39872169494629,1510319,0.0,0.0
2023-06-19 00:00:00+08:00,17.350390959715305,17.447049423224826,17.15707216767488,17.205400466918945,1064203,0.0,0.0
2023-06-20 00:00:00+08:00,17.20540022238968,17.25373038596825,17.108741760253906,17.108741760253906,721270,0.0,0.0
2023-06-21 00:00:00+08:00,17.108741616419323,17.205400077742482,17.012081290074818,17.06041145324707,533113,0.0,0.0
2023-06-26 00:00:00+08:00,17.30206054954682,17.30206054954682,17.108741760253906,17.108741760253906,700027,0.0,0.0
2023-06-27 00:00:00+08:00,17.350390420564306,17.350390420564306,16.963750983476604,17.012081146240234,736444,0.0,0.0
2023-06-28 00:00:00+08:00,17.108743249942314,17.108743249942314,16.91542257879527,16.96375274658203,764769,0.0,0.0
2023-06-29 00:00:00+08:00,16.963752368013303,16.963752368013303,16.770433566201948,16.818763732910156,1063191,0.0,0.0
2023-06-30 00:00:00+08:00,16.91542096373031,17.205400077742482,16.81876250240715,17.06041145324707,2065687,0.0,0.0
2023-07-03 00:00:00+08:00,17.20540126754625,17.68870106766903,17.20540126754625,17.495380401611328,3733816,0.0,0.0
2023-07-04 00:00:00+08:00,17.64037118291137,17.8820182893002,17.495380681052264,17.592041015625,5084302,0.0,0.0
2023-07-05 00:00:00+08:00,17.59204020628859,17.59204020628859,17.25373091586972,17.302061080932617,1441530,0.0,0.0
2023-07-06 00:00:00+08:00,17.350390959715305,17.350390959715305,17.06041183914397,17.205400466918945,789048,0.0,0.0
2023-07-07 00:00:00+08:00,17.06041145324707,17.157071779591575,16.91542096373031,17.06041145324707,813326,0.0,0.0
2023-07-10 00:00:00+08:00,17.10874286813793,17.10874286813793,16.770433566201948,16.818763732910156,1165363,0.0,0.0
2023-07-11 00:00:00+08:00,16.867093373209332,16.867093373209332,16.57711424703158,16.625444412231445,1199757,0.0,0.0
2023-07-12 00:00:00+08:00,16.62544524686156,16.62544524686156,16.045486965391014,16.238805770874023,2329715,0.0,0.0
2023-07-13 00:00:00+08:00,16.14214669046157,16.14214669046157,15.658848762512207,15.658848762512207,2577557,0.0,0.0
2023-07-14 00:00:00+08:00,15.707178401501876,15.997155656528669,15.707178401501876,15.803838729858398,1364648,0.0,0.0
2023-07-17 00:00:00+08:00,15.803839112506363,16.045486209205738,15.755508947157916,15.948827743530273,907405,0.0,0.0
2023-07-18 00:00:00+08:00,15.948827357371794,15.997155656528669,15.803838729858398,15.803838729858398,845697,0.0,0.0
2023-07-19 00:00:00+08:00,15.852167844835472,16.04548664647614,15.707179209860342,15.755509376525879,658551,0.0,0.0
2023-07-20 00:00:00+08:00,15.755508806791239,15.997155901337766,15.755508806791239,15.900497436523438,592797,0.0,0.0
2023-07-21 00:00:00+08:00,15.852167029015273,15.948827357371794,15.658848237323616,15.803838729858398,741502,0.0,0.0
2023-07-24 00:00:00+08:00,15.803839289527446,15.803839289527446,15.320540428161621,15.320540428161621,1125911,0.0,0.0
2023-07-25 00:00:00+08:00,15.417200189080308,15.46552848815918,15.272210629290239,15.46552848815918,789048,0.0,0.0
2023-07-26 00:00:00+08:00,15.465528630620566,15.658848356291662,15.465528630620566,15.513858795166016,687888,0.0,0.0
2023-07-27 00:00:00+08:00,15.900497816993795,16.142146782343964,15.75550918379228,16.045486450195312,1547748,0.0,0.0
2023-07-28 00:00:00+08:00,16.23880567353073,16.577114979864145,16.142147203879404,16.19047737121582,2056583,0.0,0.0
2023-07-31 00:00:00+08:00,16.52878398539152,16.52878398539152,15.852167271605566,15.900497436523438,1103655,0.0,0.0
2023-08-01 00:00:00+08:00,16.1421469236997,16.1421469236997,15.948828122730974,16.09381675720215,653493,0.0,0.0
2023-08-02 00:00:00+08:00,16.142146251403222,16.19047641588789,15.852167129516602,15.852167129516602,782978,0.0,0.0
2023-08-04 00:00:00+08:00,15.948827743530273,16.045486209205738,15.803839112506363,15.948827743530273,466347,0.0,0.0
2023-08-07 00:00:00+08:00,16.093816374554184,16.093816374554184,15.70717878180947,15.948827743530273,965066,0.0,0.0
2023-08-08 00:00:00+08:00,15.997155757949212,15.997155757949212,15.803838830053328,15.852167129516602,453196,0.0,0.0
2023-08-09 00:00:00+08:00,15.803839401986473,15.900497869432437,15.658848903285328,15.707179069519043,510858,0.0,0.0
2023-08-10 00:00:00+08:00,15.644933700561523,15.791604581000001,15.644933700561523,15.644933700561523,1122000,0.0,0.0
2023-08-11 00:00:00+08:00,15.596043172722641,15.644933777278782,15.400481687008801,15.449372291564941,826000,0.0,0.0
2023-08-14 00:00:00+08:00,15.3027001887693,15.3027001887693,14.764906346344926,14.911577224731445,1094000,0.0,0.0
2023-08-15 00:00:00+08:00,14.862687032465818,15.107139124883053,14.862687032465818,15.058248519897461,415000,0.0,0.0
2023-08-16 00:00:00+08:00,14.911577198971,15.009358406066895,14.764906320837863,15.009358406066895,477000,0.0,0.0
2023-08-17 00:00:00+08:00,15.009358264389794,15.547152100808734,15.009358264389794,15.400481224060059,1293000,0.0,0.0
2023-08-18 00:00:00+08:00,15.547151763118615,16.72052248166473,15.547151763118615,16.476070404052734,9677000,0.0,0.0
2023-08-21 00:00:00+08:00,16.67163159871745,16.769412806588164,15.79160445792388,15.938275337219238,4110000,0.0,0.0
2023-08-22 00:00:00+08:00,15.840496145639507,15.987167026335507,15.498262847334551,15.547152519226074,2798000,0.0,0.0
2023-08-23 00:00:00+08:00,15.693823477720262,15.938275568432548,15.302700505584891,15.351591110229492,2610000,0.0,0.0
2023-08-24 00:00:00+08:00,15.35159076588112,15.35159076588112,14.911577198971,15.009358406066895,2682000,0.0,0.0
2023-08-25 00:00:00+08:00,14.960468292236328,15.05824857002227,14.911577687087991,14.960468292236328,1435000,0.0,0.0
2023-08-28 00:00:00+08:00,14.960468372369856,14.960468372369856,14.764906883239746,14.764906883239746,1257000,0.0,0.0
2023-08-29 00:00:00+08:00,14.813796427480224,15.058248519897461,14.813796427480224,15.058248519897461,1249000,0.0,0.0
2023-08-30 00:00:00+08:00,15.156029729868646,15.20492033485424,14.91157763745141,15.058248519897461,1218000,0.0,0.0
2023-08-31 00:00:00+08:00,15.058248414872603,15.400481714874095,15.058248414872603,15.351591110229492,1818000,0.0,0.0
2023-09-01 00:00:00+08:00,15.449371852222038,15.449371852222038,15.253810372069495,15.30270004272461,825000,0.0,0.0
2023-09-04 00:00:00+08:00,15.30269999336309,15.547152075892921,15.204919719857573,15.498262405395508,1010000,0.0,0.0
2023-09-05 00:00:00+08:00,15.498262430232971,15.596042703895192,15.351590620973603,15.400481224060059,657000,0.0,0.0
2023-09-06 00:00:00+08:00,15.44937189912395,15.498262502438182,15.204919815063477,15.204919815063477,807000,0.0,0.0
2023-09-07 00:00:00+08:00,15.253810491295928,15.253810491295928,15.009358406066895,15.009358406066895,4377000,0.0,0.0
2023-09-08 00:00:00+08:00,15.009358847422595,15.400481822285883,15.009358847422595,15.058248519897461,1703000,0.0,0.0
2023-09-11 00:00:00+08:00,15.107138706750373,15.156029310382781,14.911577224731445,14.911577224731445,663000,0.0,0.0
2023-09-12 00:00:00+08:00,14.911577224731445,15.00935843199626,14.911577224731445,14.911577224731445,528000,0.0,0.0
2023-09-13 00:00:00+08:00,14.96046775605046,15.107138633728027,14.911577152654372,15.107138633728027,577000,0.0,0.0
2023-09-14 00:00:00+08:00,15.791604966045998,16.476071578143458,15.74271529304824,15.889386177062988,8421000,0.0,0.0
2023-09-15 00:00:00+08:00,16.23161819827742,17.307207704281716,16.133836995000426,16.8671932220459,24421000,0.0,0.0
2023-09-18 00:00:00+08:00,16.818304531378356,17.062756621281984,16.573852441474724,16.769412994384766,5521000,0.0,0.0
2023-09-19 00:00:00+08:00,17.404987475017208,17.45387901038123,16.916083311505247,17.013864517211914,9080000,0.0,0.0
2023-09-20 00:00:00+08:00,17.25831772070055,18.285017649820535,17.20942804718024,17.845003128051758,24587000,0.0,0.0
2023-09-21 00:00:00+08:00,17.698330856144043,18.187235013136853,17.600549651741208,17.796112060546875,11667000,0.0,0.0
2023-09-22 00:00:00+08:00,17.649439414997406,17.89389149478973,17.06275591551291,17.404987335205078,10943000,0.0,0.0
2023-09-25 00:00:00+08:00,17.404988420251176,17.45387995827041,16.9160842301877,17.11164665222168,4555000,0.0,0.0
2023-09-26 00:00:00+08:00,17.111645297727723,17.111645297727723,16.769412018768904,16.8671932220459,2677000,0.0,0.0
2023-09-27 00:00:00+08:00,17.25831747704104,17.79611320327913,17.20942780421097,17.307209014892578,7557000,0.0,0.0
2023-09-28 00:00:00+08:00,17.55166016637615,17.6494395067845,17.111645674453094,17.209426879882812,3839000,0.0,0.0
2023-10-02 00:00:00+08:00,17.258316692420216,17.30720822804898,16.67163132002474,16.81830406188965,3041000,0.0,0.0
2023-10-03 00:00:00+08:00,16.91608293570027,17.062755673512502,16.62274119011848,16.671630859375,1612000,0.0,0.0
2023-10-04 00:00:00+08:00,16.6716313699726,16.867193783030793,16.476070821935803,16.62274169921875,1403000,0.0,0.0
2023-10-05 00:00:00+08:00,16.720522393652853,17.013864139234645,16.62274119011848,16.671630859375,1765000,0.0,0.0
2023-10-06 00:00:00+08:00,16.964975208897084,17.698331469814637,16.964975208897084,17.356098175048828,9633000,0.0,0.0
2023-10-11 00:00:00+08:00,17.796112833025003,17.845002504837904,16.91608382022133,16.964975357055664,4717000,0.0,0.0
2023-10-12 00:00:00+08:00,16.867195064153584,17.06275749206543,16.72052417573047,17.06275749206543,1594000,0.0,0.0
2023-10-13 00:00:00+08:00,16.916084393124674,17.209428029001153,16.720523834228516,16.720523834228516,2217000,0.0,0.0
2023-10-16 00:00:00+08:00,16.573853116089047,16.62274279005118,16.231619803289572,16.32940101623535,2394000,0.0,0.0
2023-10-17 00:00:00+08:00,16.378289840126733,16.42717951155138,15.938275337219238,15.938275337219238,1875000,0.0,0.0
2023-10-18 00:00:00+08:00,16.182726925896894,16.524960210391615,15.987166381200884,16.08494758605957,2119000,0.0,0.0
2023-10-19 00:00:00+08:00,16.231619142605354,17.013865084288398,16.231619142605354,16.769412994384766,6208000,0.0,0.0
2023-10-20 00:00:00+08:00,16.476071903143264,16.524961577105397,16.08494891638166,16.32940101623535,2586000,0.0,0.0
2023-10-23 00:00:00+08:00,16.084948081536016,16.18272742438531,15.938275337219238,15.938275337219238,1211000,0.0,0.0
2023-10-24 00:00:00+08:00,15.987167766081807,16.133838653564453,15.693824126094995,16.133838653564453,1330000,0.0,0.0
2023-10-25 00:00:00+08:00,16.084947497759376,16.427178915354016,15.987166293437472,16.280508041381836,1518000,0.0,0.0
2023-10-26 00:00:00+08:00,16.03605703130543,16.23161945297633,15.938275820469975,15.987167358398438,1052000,0.0,0.0
2023-10-27 00:00:00+08:00,15.987167358398438,16.23161945297633,15.840496474655998,15.987167358398438,998000,0.0,0.0
2023-10-30 00:00:00+08:00,15.742714854936633,15.938275406506788,15.644933646640842,15.840496063232422,1572000,0.0,0.0
2023-10-31 00:00:00+08:00,15.93827548942255,15.93827548942255,15.547152519226074,15.547152519226074,1193000,0.0,0.0
2023-11-01 00:00:00+08:00,15.742714986391062,15.791604658436482,15.400481687008801,15.449372291564941,1285000,0.0,0.0
2023-11-02 00:00:00+08:00,15.547152491928728,15.693823372367206,15.498262820123045,15.644933700561523,969000,0.0,0.0
2023-11-03 00:00:00+08:00,15.79160445792388,15.987166873665304,15.693823250053168,15.938275337219238,1312000,0.0,0.0
2023-11-06 00:00:00+08:00,16.036057061077738,16.036057061077738,15.791604966045998,15.889386177062988,1051000,0.0,0.0
2023-11-07 00:00:00+08:00,15.889386237165802,15.889386237165802,15.644934141209404,15.69382381439209,738000,0.0,0.0
2023-11-08 00:00:00+08:00,15.69382381439209,15.840496563983116,15.644934141209404,15.69382381439209,657000,0.0,0.0
2023-11-09 00:00:00+08:00,16.133837255978232,16.28050813075558,16.036056051119548,16.08494758605957,2352000,0.0,0.0
2023-11-10 00:00:00+08:00,16.182727345019302,16.329400088616744,16.036056466443274,16.231618881225586,1859000,0.0,0.0
2023-11-13 00:00:00+08:00,16.378289759801618,16.42717943098649,16.231618881225586,16.231618881225586,1476000,0.0,0.0
2023-11-14 00:00:00+08:00,16.280508041381836,16.622741323997825,16.280508041381836,16.280508041381836,1475000,0.0,0.0
2023-11-15 00:00:00+08:00,16.524961471557617,16.524961471557617,16.32940091193665,16.524961471557617,1517000,0.0,0.0
2023-11-16 00:00:00+08:00,16.62274252049187,16.91608428955078,16.427180097771608,16.91608428955078,3439000,0.0,0.0
2023-11-17 00:00:00+08:00,17.111646140841238,17.307208557030847,16.96497526120974,17.16053581237793,3623000,0.0,0.0
2023-11-20 00:00:00+08:00,17.11164572291858,17.160535393261227,16.916083311505247,17.013864517211914,2019000,0.0,0.0
2023-11-21 00:00:00+08:00,17.111646712271043,17.111646712271043,16.91608428955078,16.91608428955078,1851000,0.0,0.0
2023-11-22 00:00:00+08:00,17.0138659525767,17.160536840999818,16.91608473862078,17.06275749206543,1583000,0.0,0.0
2023-11-23 00:00:00+08:00,17.111646712271043,17.209427923631175,16.91608428955078,16.91608428955078,1110000,0.0,0.0
2023-11-24 00:00:00+08:00,17.20942692862525,17.35609780467456,17.013864517211914,17.013864517211914,2477000,0.0,0.0
2023-11-27 00:00:00+08:00,17.845002348993866,18.04056476458045,17.356098175048828,17.356098175048828,6254000,0.0,0.0
2023-11-28 00:00:00+08:00,17.845003067264585,18.773921781158187,17.79611339391081,18.040565490722656,21270000,0.0,0.0
2023-11-29 00:00:00+08:00,18.333906369882513,18.382796040860306,17.747220993041992,17.747220993041992,4441000,0.0,0.0
2023-11-30 00:00:00+08:00,18.23612558809622,18.382796469470755,17.893892288208008,17.893892288208008,5840000,0.0,0.0
2023-12-01 00:00:00+08:00,18.285016539519184,19.653947830200195,18.138343797821513,19.653947830200195,35363000,0.0,0.0
2023-12-04 00:00:00+08:00,21.51178452311754,21.60956573486328,20.925099117664583,21.60956573486328,33397000,0.0,0.0
2023-12-05 00:00:00+08:00,23.467399928880774,23.76074168198323,22.196249845408285,22.489591598510742,107661000,0.0,0.0
2023-12-06 00:00:00+08:00,21.707346628696648,22.92960709506422,21.462894535423136,22.39181137084961,35042000,0.0,0.0
2023-12-07 00:00:00+08:00,22.0984694049383,22.294029958774406,21.51178401338709,21.65845489501953,22841000,0.0,0.0
2023-12-08 00:00:00+08:00,21.511784169865752,22.00068835554452,21.169550866886322,21.267332077026367,19274000,0.0,0.0
2023-12-11 00:00:00+08:00,21.70734700826277,21.805126355264736,21.071770062621013,21.414003372192383,12030000,0.0,0.0
2023-12-12 00:00:00+08:00,21.4628950792492,21.707347178716635,20.925099341407943,21.02288055419922,12932000,0.0,0.0
2023-12-13 00:00:00+08:00,21.31622133329987,21.75623583782627,20.97398990202536,21.12066078186035,10094000,0.0,0.0
2023-12-14 00:00:00+08:00,21.169551255751937,21.267332467688135,20.14285319297559,20.28952407836914,14361000,0.0,0.0
2023-12-15 00:00:00+08:00,20.338412351044536,20.631755966649465,20.240633010864258,20.240633010864258,6316000,0.0,0.0
2023-12-18 00:00:00+08:00,20.485086339069127,21.267332298284803,20.28952391675447,20.680646896362305,12562000,0.0,0.0
2023-12-19 00:00:00+08:00,20.778426750373416,20.876207955144153,20.09396018199963,20.436193466186523,6653000,0.0,0.0
2023-12-20 00:00:00+08:00,20.3873037499966,20.680645498621043,20.142851671135784,20.631755828857422,4495000,0.0,0.0
2023-12-21 00:00:00+08:00,20.533974767636487,21.90290604580798,20.33841235717426,21.560672760009766,28125000,0.0,0.0
2023-12-22 00:00:00+08:00,21.414003476851327,21.609565901854047,21.071770165607326,21.218442916870117,13134000,0.0,0.0
2023-12-25 00:00:00+08:00,21.022880370358386,21.120661582294584,20.093961654496745,20.28952407836914,13158000,0.0,0.0
2023-12-26 00:00:00+08:00,20.533975450283577,20.925098419189453,20.533975450283577,20.925098419189453,7284000,0.0,0.0
2023-12-27 00:00:00+08:00,21.169551026645628,21.31622191045184,20.778428048155238,20.876209259033203,6823000,0.0,0.0
2023-12-28 00:00:00+08:00,21.071768499664262,21.071768499664262,20.436193466186523,20.436193466186523,4105000,0.0,0.0
2023-12-29 00:00:00+08:00,20.631755828857422,20.72953703340602,20.3873037499966,20.631755828857422,3641000,0.0,0.0
2024-01-02 00:00:00+08:00,21.31622191045184,21.756236426891952,20.876209259033203,20.876209259033203,12082000,0.0,0.0
2024-01-03 00:00:00+08:00,21.267331099043943,21.51178318064215,21.02287901744574,21.3651123046875,15409000,0.0,0.0
2024-01-04 00:00:00+08:00,21.462894849755415,22.39181169878623,21.316222099626057,21.60956573486328,37799000,0.0,0.0
2024-01-05 00:00:00+08:00,21.75623604851305,21.9029069297684,21.169550658470207,21.85401725769043,16642000,0.0,0.0
2024-01-08 00:00:00+08:00,21.854017893787216,21.854017893787216,21.26733248666794,21.414003372192383,7012000,0.0,0.0
2024-01-09 00:00:00+08:00,20.92509762501884,20.92509762501884,20.191741386770367,20.436193466186523,10073000,0.0,0.0
2024-01-10 00:00:00+08:00,20.240634153804056,20.38730503737799,19.45838633304062,19.75172996520996,8692000,0.0,0.0
2024-01-11 00:00:00+08:00,19.898401260375977,20.142853359729436,19.702838834884606,19.898401260375977,3635000,0.0,0.0
2024-01-12 00:00:00+08:00,20.04507064819336,20.38730393470337,19.947289442758873,20.04507064819336,3726000,0.0,0.0
2024-01-15 00:00:00+08:00,20.436193556246177,20.58286443153796,20.093960270551108,20.240633010864258,4028515,0.0,0.0
2024-01-16 00:00:00+08:00,20.338412448860662,20.338412448860662,19.80061861519719,19.84950828552246,2750000,0.0,0.0
2024-01-17 00:00:00+08:00,19.898400388072815,20.093960939969723,19.409496210798405,19.605056762695312,4049000,0.0,0.0
2024-01-18 00:00:00+08:00,19.702837409525277,19.898399820869106,19.458385327856174,19.84950828552246,3042000,0.0,0.0
2024-01-19 00:00:00+08:00,20.093961715698242,20.240634466560017,19.84950961762395,20.093961715698242,3019000,0.0,0.0
2024-01-22 00:00:00+08:00,20.093960735893283,20.191741943359375,19.751729307294077,20.191741943359375,3240000,0.0,0.0
2024-01-23 00:00:00+08:00,20.142852367419344,20.387304454730206,19.947289951562087,19.99618148803711,2458000,0.0,0.0
2024-01-24 00:00:00+08:00,19.996182473121664,20.289524246337212,19.898401260375977,19.898401260375977,2938000,0.0,0.0
2024-01-25 00:00:00+08:00,20.045071268250855,20.045071268250855,19.55616709097644,19.605056762695312,2688000,0.0,0.0
2024-01-26 00:00:00+08:00,19.605056344579292,19.80061875732688,19.409495796853093,19.458385467529297,2147000,0.0,0.0
2024-01-29 00:00:00+08:00,19.458385882517273,19.605056762695312,19.409496210798405,19.605056762695312,1885000,0.0,0.0
2024-01-30 00:00:00+08:00,19.605057440287787,19.605057440287787,19.1650447845459,19.1650447845459,2901000,0.0,0.0
2024-01-31 00:00:00+08:00,19.116152891765996,19.26282563931596,18.773921454206636,18.822811126708984,2811000,0.0,0.0
2024-02-01 00:00:00+08:00,18.92059126573127,19.213933014183617,18.92059126573127,19.116151809692383,2353000,0.0,0.0
2024-02-02 00:00:00+08:00,19.067262797984522,19.067262797984522,18.67613983154297,18.67613983154297,2894000,0.0,0.0
2024-02-05 00:00:00+08:00,18.578358677018556,18.62724834858109,18.33390658916305,18.48057746887207,2468000,0.0,0.0
2024-02-15 00:00:00+08:00,18.62724820094718,18.871700286865234,18.333906443854076,18.871700286865234,2512000,0.0,0.0
2024-02-16 00:00:00+08:00,18.96948195200359,19.116152834089565,18.822811069917613,19.018373489379883,2437000,0.0,0.0
2024-02-19 00:00:00+08:00,19.116151763849796,19.45838504623772,19.018372424614405,19.31171417236328,2386000,0.0,0.0
2024-02-20 00:00:00+08:00,19.507277870912915,19.898400848783897,19.409496660189802,19.75172996520996,6295000,0.0,0.0
2024-02-21 00:00:00+08:00,20.142852272137034,20.38730435829156,20.045071064670942,20.191741943359375,8452000,0.0,0.0
2024-02-22 00:00:00+08:00,20.045071573256124,20.38730487555991,19.751729808436565,20.142852783203125,5032000,0.0,0.0
2024-02-23 00:00:00+08:00,20.289523723817783,20.289523723817783,19.800619537701692,19.947290420532227,3378000,0.0,0.0
2024-02-26 00:00:00+08:00,20.142851805662612,20.338412351044536,20.04507060046097,20.240633010864258,3226000,0.0,0.0
2024-02-27 00:00:00+08:00,20.338412448860662,20.387303984207307,19.80061861519719,19.84950828552246,3202000,0.0,0.0
2024-02-29 00:00:00+08:00,20.289523098814836,20.631756391558163,20.289523098814836,20.387304306030273,6808000,0.0,0.0
2024-03-01 00:00:00+08:00,20.582865329685657,20.631756866930576,20.191742356833522,20.33841323852539,2707000,0.0,0.0
2024-03-04 00:00:00+08:00,20.533976012137053,20.72953843445171,20.240634243686543,20.680646896362305,4723000,0.0,0.0
2024-03-05 00:00:00+08:00,20.925098516720915,21.07176939761657,20.582865217950093,20.729537963867188,4727000,0.0,0.0
2024-03-06 00:00:00+08:00,20.582864340831946,20.827316420248106,20.387303796311837,20.436193466186523,3150000,0.0,0.0
2024-03-07 00:00:00+08:00,20.289524246337212,20.3873054590829,19.849509721492378,19.898401260375977,3742000,0.0,0.0
2024-03-08 00:00:00+08:00,20.142851995802083,20.19174166635372,19.55616662407554,19.653947830200195,5181000,0.0,0.0
2024-03-11 00:00:00+08:00,20.045071981039392,20.28952407836914,19.849509557166996,20.28952407836914,3295000,0.0,0.0
2024-03-12 00:00:00+08:00,20.533975657462182,20.631756866930576,20.045071475141654,20.33841323852539,3796000,0.0,0.0
2024-03-13 00:00:00+08:00,20.338412448860662,20.338412448860662,19.84950828552246,19.84950828552246,2607000,0.0,0.0
2024-03-14 00:00:00+08:00,20.093960367191563,20.142851902538208,19.75172894487192,19.84950828552246,2035000,0.0,0.0
2024-03-15 00:00:00+08:00,19.84950852322134,19.84950852322134,19.213933476274907,19.26282501220703,4250000,0.0,0.0
2024-03-18 00:00:00+08:00,19.26282501220703,19.26282501220703,19.26282501220703,19.26282501220703,0,0.0,0.0
2024-03-19 00:00:00+08:00,19.94728971488961,20.876208381657936,19.89840004401608,20.58286476135254,10386000,0.0,0.0
2024-03-20 00:00:00+08:00,20.485086502241536,20.68064706109244,20.093961654496745,20.28952407836914,3590000,0.0,0.0
2024-03-21 00:00:00+08:00,20.338412351044536,20.436193556246177,20.093960270551108,20.240633010864258,1893000,0.0,0.0
2024-03-22 00:00:00+08:00,20.338412822047808,20.338412822047808,19.9961813934486,20.191741943359375,2256000,0.0,0.0
2024-03-25 00:00:00+08:00,20.09396083094432,20.338412918255184,19.99618148803711,19.99618148803711,2112000,0.0,0.0
2024-03-26 00:00:00+08:00,19.99618148803711,19.99618148803711,19.99618148803711,19.99618148803711,0,0.0,0.0
2024-03-27 00:00:00+08:00,19.40949574739925,19.70283750075183,19.36060421182623,19.653947830200195,1618000,0.0,0.0
2024-03-28 00:00:00+08:00,19.605057335649438,19.65394887381858,19.360605239868164,19.360605239868164,1837000,0.0,0.0
2024-03-29 00:00:00+08:00,19.45838603525821,19.50727757238229,19.165044272599513,19.21393394470215,1187000,0.0,0.0
2024-04-01 00:00:00+08:00,19.262825996384592,19.311715669793195,19.116153246115807,19.1650447845459,1488000,0.0,0.0
2024-04-02 00:00:00+08:00,19.2628261650044,19.2628261650044,18.725030427694662,18.773921966552734,2919000,0.0,0.0
2024-04-03 00:00:00+08:00,18.773922029931303,18.773922029931303,18.578359603881836,18.578359603881836,2287000,0.0,0.0
2024-04-08 00:00:00+08:00,18.57835954116346,18.92059285308393,18.57835954116346,18.773921966552734,1973000,0.0,0.0
2024-04-09 00:00:00+08:00,18.920591771390136,19.311714734786598,18.8717002353272,19.067262649536133,2782000,0.0,0.0
2024-04-10 00:00:00+08:00,19.116152735475435,19.262825481826226,19.018373391270163,19.21393394470215,1435000,0.0,0.0
2024-04-11 00:00:00+08:00,19.45838645118497,19.605057335649438,19.262825893572842,19.360605239868164,3382000,0.0,0.0
2024-04-12 00:00:00+08:00,19.55616662407554,19.70283750075183,19.311714541274597,19.653947830200195,3069000,0.0,0.0
2024-04-15 00:00:00+08:00,19.94729099783795,19.94729099783795,19.65394922368711,19.702838897705078,2896000,0.0,0.0
2024-04-16 00:00:00+08:00,19.702838227454926,19.702838227454926,18.920592279648748,19.018373489379883,3114000,0.0,0.0
2024-04-17 00:00:00+08:00,19.165044272599513,19.45838603525821,19.116152735475435,19.21393394470215,1848000,0.0,0.0
2024-04-18 00:00:00+08:00,19.262825996384592,19.360605343201797,18.92059268745991,19.1650447845459,1691000,0.0,0.0
2024-04-19 00:00:00+08:00,19.21393338410551,20.09396051142687,19.165043713429306,19.458385467529297,8016000,0.0,0.0
2024-04-22 00:00:00+08:00,19.751728659007945,20.142851611013565,19.21393296810654,19.31171417236328,7496000,0.0,0.0
2024-04-23 00:00:00+08:00,19.605056860242993,19.653948397226557,19.262825426465227,19.409496307373047,1687000,0.0,0.0
2024-04-24 00:00:00+08:00,19.360604261155505,19.55616667390309,19.01837283637931,19.458385467529297,2644000,0.0,0.0
2024-04-25 00:00:00+08:00,19.409495376620022,19.556166250494464,19.262824502745584,19.31171417236328,1283000,0.0,0.0
2024-04-26 00:00:00+08:00,19.40949712355424,19.94729099783795,19.31171591049679,19.702838897705078,5777000,0.0,0.0
2024-04-29 00:00:00+08:00,19.947290005142417,20.387304509492456,19.702837917174932,19.80061912536621,6470000,0.0,0.0
2024-04-30 00:00:00+08:00,19.89839948612065,19.89839948612065,19.45838500051003,19.50727653503418,2187000,0.0,0.0
2024-05-02 00:00:00+08:00,19.849508743633457,20.24063357534797,19.800619072179853,19.99618148803711,8337000,0.0,0.0
2024-05-03 00:00:00+08:00,20.24063357534797,20.289523246801576,19.947289951562087,19.99618148803711,3531000,0.0,0.0
2024-05-06 00:00:00+08:00,20.045071213333696,20.14285242152497,19.751729453781284,19.80061912536621,2952000,0.0,0.0
2024-05-07 00:00:00+08:00,19.99618230758204,20.38730529030534,19.89840109564584,20.28952407836914,7208000,0.0,0.0
2024-05-08 00:00:00+08:00,21.16955028797747,22.196250168839313,20.045071064670942,20.191741943359375,34917000,0.0,0.0
2024-05-09 00:00:00+08:00,20.533974624308822,20.97398911226684,20.289522545448005,20.631755828857422,12452000,0.0,0.0
2024-05-10 00:00:00+08:00,20.77842684820359,21.805124840576866,20.485085097531613,21.560672760009766,27012000,0.0,0.0
2024-05-13 00:00:00+08:00,21.951797580934223,22.880714368076386,21.41400188467378,21.560672760009766,39434000,0.0,0.0
2024-05-14 00:00:00+08:00,21.805124932551447,21.902906138195004,21.218441428732852,21.3651123046875,18003000,0.0,0.0
2024-05-15 00:00:00+08:00,21.462894133328785,21.462894133328785,20.77842753897743,20.925098419189453,11199000,0.0,0.0
2024-05-16 00:00:00+08:00,21.02288038912003,21.462894910714862,20.72953861807114,21.414003372192383,8764000,0.0,0.0
2024-05-17 00:00:00+08:00,21.51178332378029,21.56067299441669,20.778427074105963,20.973989486694336,6333000,0.0,0.0
2024-05-20 00:00:00+08:00,20.97398911226684,21.16954965634268,20.4850849545452,20.631755828857422,4530000,0.0,0.0
2024-05-21 00:00:00+08:00,20.631755966649465,20.631755966649465,20.191741475752753,20.240633010864258,4440000,0.0,0.0
2024-05-22 00:00:00+08:00,20.24063434444062,20.631757325995395,20.045071921152488,20.48508644104004,3051000,0.0,0.0
2024-05-23 00:00:00+08:00,20.53397623824057,20.53397623824057,20.045072042091984,20.093961715698242,2686000,0.0,0.0
2024-05-24 00:00:00+08:00,20.045071013286947,20.533975184342726,20.045071013286947,20.387304306030273,2240000,0.0,0.0
2024-05-27 00:00:00+08:00,20.72953855919459,21.658455408225407,20.72953855919459,21.60956573486328,15042000,0.0,0.0
2024-05-28 00:00:00+08:00,22.391810254334928,23.516289454319303,22.19624970848016,22.880714416503906,51534000,0.0,0.0
2024-05-29 00:00:00+08:00,23.174059549443893,23.76074309042506,22.58737414344123,22.734045028686523,32212000,0.0,0.0
2024-05-30 00:00:00+08:00,22.831824746295556,23.614070659757374,22.68515387064914,22.880714416503906,21792000,0.0,0.0
2024-05-31 00:00:00+08:00,23.418510540547825,24.54298976101829,22.782933626131932,23.027385711669922,39574000,0.0,0.0
2024-06-03 00:00:00+08:00,23.809633020896328,23.85852269100255,22.587372618027125,23.076276779174805,16989000,0.0,0.0
2024-06-04 00:00:00+08:00,22.880714608366446,22.880714608366446,22.24513956522154,22.294029235839844,11458000,0.0,0.0
2024-06-05 00:00:00+08:00,22.636262288133345,23.61407061042871,22.636262288133345,23.076276779174805,19426000,0.0,0.0
2024-06-06 00:00:00+08:00,23.51628931412423,23.711851723834503,22.978495484953022,23.27183723449707,12837000,0.0,0.0
2024-06-07 00:00:00+08:00,23.320729230224543,23.858523070021903,22.978495938980135,23.41851043701172,12446000,0.0,0.0
2024-06-11 00:00:00+08:00,23.565181187151047,24.347427107172262,22.098468688345232,22.294029235839844,22902000,0.0,0.0
2024-06-12 00:00:00+08:00,22.245140448383903,22.489592541223285,21.022879984186986,21.267332077026367,13030000,0.0,0.0
2024-06-13 00:00:00+08:00,21.70734700826277,21.854017893787216,21.31622216016892,21.414003372192383,5360000,0.0,0.0
2024-06-14 00:00:00+08:00,21.658455305771497,21.951798939621078,21.511784421357447,21.805126190185547,4602000,0.0,0.0
2024-06-17 00:00:00+08:00,21.85401694751451,21.85401694751451,21.218441894414468,21.316221237182617,3899000,0.0,0.0
2024-06-18 00:00:00+08:00,21.609564957991278,21.609564957991278,21.02287957362988,21.12066078186035,4180000,0.0,0.0
2024-06-19 00:00:00+08:00,21.365113866457925,21.414003540342808,21.02288055419922,21.02288055419922,3659000,0.0,0.0
2024-06-20 00:00:00+08:00,21.120660271593234,21.267331147884715,21.02287906572512,21.1695499420166,2744000,0.0,0.0
2024-06-21 00:00:00+08:00,21.365112353752828,21.609564435912425,21.1695499420166,21.1695499420166,4494000,0.0,0.0
2024-06-24 00:00:00+08:00,21.31622226434997,21.31622226434997,21.071770165607326,21.218442916870117,4244000,0.0,0.0
2024-06-25 00:00:00+08:00,21.299999237060547,21.75,21.100000381469727,21.700000762939453,4098000,0.481559,0.0
2024-06-26 00:00:00+08:00,21.75,21.75,21.299999237060547,21.299999237060547,2624000,0.0,0.0
2024-06-27 00:00:00+08:00,21.450000762939453,21.450000762939453,21.100000381469727,21.149999618530273,2586000,0.0,0.0
2024-06-28 00:00:00+08:00,21.399999618530273,21.450000762939453,21.100000381469727,21.149999618530273,2690000,0.0,0.0
2024-07-01 00:00:00+08:00,21.299999237060547,21.450000762939453,21.0,21.100000381469727,2606000,0.0,0.0
2024-07-02 00:00:00+08:00,21.350000381469727,22.0,21.350000381469727,21.75,8239000,0.0,0.0
2024-07-03 00:00:00+08:00,21.950000762939453,23.049999237060547,21.850000381469727,22.950000762939453,15613000,0.0,0.0
2024-07-04 00:00:00+08:00,22.649999618530273,22.75,22.350000381469727,22.399999618530273,6950000,0.0,0.0
2024-07-05 00:00:00+08:00,22.450000762939453,22.5,22.0,22.25,5661000,0.0,0.0
2024-07-08 00:00:00+08:00,22.049999237060547,22.100000381469727,21.200000762939453,21.200000762939453,9613000,0.0,0.0
2024-07-09 00:00:00+08:00,21.350000381469727,21.450000762939453,20.600000381469727,20.700000762939453,5699000,0.0,0.0
2024-07-10 00:00:00+08:00,20.850000381469727,21.0,20.649999618530273,20.799999237060547,2266000,0.0,0.0
2024-07-11 00:00:00+08:00,21.149999618530273,21.200000762939453,20.75,20.799999237060547,2961000,0.0,0.0
2024-07-12 00:00:00+08:00,20.850000381469727,20.850000381469727,20.600000381469727,20.649999618530273,3299000,0.0,0.0
2024-07-15 00:00:00+08:00,20.649999618530273,20.799999237060547,20.200000762939453,20.399999618530273,4133000,0.0,0.0
2024-07-16 00:00:00+08:00,20.649999618530273,20.75,20.399999618530273,20.399999618530273,2446000,0.0,0.0
2024-07-17 00:00:00+08:00,20.549999237060547,20.600000381469727,20.299999237060547,20.299999237060547,2577000,0.0,0.0
2024-07-18 00:00:00+08:00,20.299999237060547,20.350000381469727,20.0,20.149999618530273,2686000,0.0,0.0
2024-07-19 00:00:00+08:00,20.100000381469727,20.100000381469727,19.450000762939453,19.5,5802000,0.0,0.0
2024-07-22 00:00:00+08:00,19.399999618530273,19.5,18.799999237060547,19.100000381469727,4567000,0.0,0.0
2024-07-23 00:00:00+08:00,19.299999237060547,19.700000762939453,19.299999237060547,19.649999618530273,2005000,0.0,0.0
2024-07-26 00:00:00+08:00,19.200000762939453,19.399999618530273,18.899999618530273,19.350000381469727,1626000,0.0,0.0
2024-07-29 00:00:00+08:00,19.450000762939453,19.450000762939453,18.950000762939453,18.950000762939453,1739000,0.0,0.0
2024-07-30 00:00:00+08:00,19.049999237060547,19.399999618530273,18.899999618530273,19.399999618530273,1606000,0.0,0.0
2024-07-31 00:00:00+08:00,19.299999237060547,19.600000381469727,19.299999237060547,19.5,1031000,0.0,0.0
2024-08-01 00:00:00+08:00,19.75,19.850000381469727,19.549999237060547,19.700000762939453,1724000,0.0,0.0
2024-08-02 00:00:00+08:00,19.450000762939453,19.75,19.25,19.25,1923000,0.0,0.0
2024-08-05 00:00:00+08:00,18.799999237060547,18.799999237060547,17.350000381469727,17.399999618530273,6656000,0.0,0.0
2024-08-06 00:00:00+08:00,17.649999618530273,18.450000762939453,17.100000381469727,18.049999237060547,4336000,0.0,0.0
2024-08-07 00:00:00+08:00,18.049999237060547,19.350000381469727,18.049999237060547,19.350000381469727,3224000,0.0,0.0
2024-08-08 00:00:00+08:00,18.950000762939453,19.149999618530273,18.700000762939453,18.850000381469727,2158000,0.0,0.0
2024-08-09 00:00:00+08:00,19.399999618530273,19.450000762939453,18.899999618530273,19.0,2993000,0.0,0.0
2024-08-12 00:00:00+08:00,19.100000381469727,19.299999237060547,18.950000762939453,19.049999237060547,1560000,0.0,0.0
2024-08-13 00:00:00+08:00,19.200000762939453,19.25,18.850000381469727,18.899999618530273,1124000,0.0,0.0
2024-08-14 00:00:00+08:00,19.100000381469727,19.200000762939453,18.799999237060547,18.799999237060547,1514000,0.0,0.0
2024-08-15 00:00:00+08:00,19.0,19.100000381469727,18.850000381469727,19.0,1376000,0.0,0.0
2024-08-16 00:00:00+08:00,19.200000762939453,19.200000762939453,18.850000381469727,18.850000381469727,1418000,0.0,0.0
2024-08-19 00:00:00+08:00,18.950000762939453,19.049999237060547,18.799999237060547,18.950000762939453,934000,0.0,0.0
2024-08-20 00:00:00+08:00,19.049999237060547,19.149999618530273,18.799999237060547,18.850000381469727,1053000,0.0,0.0
2024-08-21 00:00:00+08:00,18.850000381469727,18.950000762939453,18.649999618530273,18.75,1182000,0.0,0.0
2024-08-22 00:00:00+08:00,18.75,18.950000762939453,18.75,18.850000381469727,592000,0.0,0.0
2024-08-23 00:00:00+08:00,18.899999618530273,18.899999618530273,18.649999618530273,18.75,911000,0.0,0.0
2024-08-26 00:00:00+08:00,18.799999237060547,19.600000381469727,18.799999237060547,19.049999237060547,2700000,0.0,0.0
2024-08-27 00:00:00+08:00,19.100000381469727,19.200000762939453,18.899999618530273,18.950000762939453,1141000,0.0,0.0
2024-08-28 00:00:00+08:00,18.950000762939453,19.100000381469727,18.899999618530273,19.0,546000,0.0,0.0
2024-08-29 00:00:00+08:00,19.049999237060547,19.049999237060547,18.799999237060547,18.850000381469727,1054000,0.0,0.0
2024-08-30 00:00:00+08:00,19.100000381469727,19.299999237060547,19.049999237060547,19.25,1697000,0.0,0.0
2024-09-02 00:00:00+08:00,19.350000381469727,19.350000381469727,19.0,19.0,1397000,0.0,0.0
2024-09-03 00:00:00+08:00,19.100000381469727,19.200000762939453,19.0,19.0,892000,0.0,0.0
2024-09-04 00:00:00+08:00,18.700000762939453,18.700000762939453,18.049999237060547,18.25,2570000,0.0,0.0
2024-09-05 00:00:00+08:00,18.450000762939453,18.649999618530273,18.200000762939453,18.200000762939453,1071000,0.0,0.0
2024-09-06 00:00:00+08:00,18.200000762939453,18.25,18.0,18.200000762939453,876000,0.0,0.0
2024-09-09 00:00:00+08:00,18.049999237060547,18.200000762939453,17.799999237060547,18.100000381469727,935000,0.0,0.0
2024-09-10 00:00:00+08:00,18.200000762939453,18.450000762939453,17.950000762939453,18.0,745000,0.0,0.0
2024-09-11 00:00:00+08:00,18.100000381469727,18.299999237060547,18.0,18.100000381469727,451000,0.0,0.0
2024-09-12 00:00:00+08:00,18.299999237060547,18.350000381469727,18.200000762939453,18.25,345000,0.0,0.0
2024-09-13 00:00:00+08:00,18.25,18.399999618530273,18.25,18.350000381469727,597000,0.0,0.0
2024-09-16 00:00:00+08:00,18.5,18.5,18.299999237060547,18.399999618530273,467000,0.0,0.0
2024-09-18 00:00:00+08:00,18.5,18.700000762939453,18.399999618530273,18.399999618530273,868000,0.0,0.0
2024-09-19 00:00:00+08:00,18.5,18.649999618530273,18.399999618530273,18.600000381469727,467000,0.0,0.0
2024-09-20 00:00:00+08:00,18.799999237060547,18.799999237060547,18.600000381469727,18.649999618530273,591000,0.0,0.0
2024-09-23 00:00:00+08:00,18.700000762939453,18.75,18.5,18.649999618530273,577000,0.0,0.0
2024-09-24 00:00:00+08:00,18.700000762939453,20.100000381469727,18.700000762939453,19.75,6770000,0.0,0.0
2024-09-25 00:00:00+08:00,19.799999237060547,19.950000762939453,19.399999618530273,19.700000762939453,5802000,0.0,0.0
2024-09-26 00:00:00+08:00,19.75,19.899999618530273,19.299999237060547,19.299999237060547,2971000,0.0,0.0
2024-09-27 00:00:00+08:00,19.600000381469727,20.75,19.549999237060547,20.25,13679000,0.0,0.0
