Date,Open,High,Low,Close,Volume,Dividends,Stock Splits
2020-10-27 00:00:00+08:00,27.427016749526516,29.141205296371922,27.427016749526516,28.28411102294922,67645,0.0,0.0
2020-10-28 00:00:00+08:00,28.284113289307797,29.055499505020187,27.769857991869834,28.584095001220703,127107,0.0,0.0
2020-10-29 00:00:00+08:00,28.412675969351746,28.71265765192292,28.198402404785156,28.198402404785156,635000,0.0,0.0
2020-10-30 00:00:00+08:00,28.19840290342902,28.28411102294922,28.15554557411374,28.28411102294922,60010,0.0,0.0
2020-11-02 00:00:00+08:00,28.284111631980675,28.284111631980675,27.598436852389163,27.684144973754883,102000,0.0,0.0
2020-11-03 00:00:00+08:00,26.912758440649327,28.241255475330718,26.912758440649327,27.42701530456543,20035,0.0,0.0
2020-11-04 00:00:00+08:00,27.42701530456543,27.42701530456543,27.42701530456543,27.42701530456543,0,0.0,0.0
2020-11-05 00:00:00+08:00,26.78419505396197,26.998468614393666,26.0556646215387,26.569921493530273,7005,0.0,0.0
2020-11-06 00:00:00+08:00,26.22708511352539,26.22708511352539,26.22708511352539,26.22708511352539,1000,0.0,0.0
2020-11-09 00:00:00+08:00,26.22708511352539,26.22708511352539,26.22708511352539,26.22708511352539,0,0.0,0.0
2020-11-10 00:00:00+08:00,26.098520529484347,26.141374588012695,26.098520529484347,26.141374588012695,1086,0.0,0.0
2020-11-11 00:00:00+08:00,25.969955672924556,25.969955672924556,25.28428091226567,25.54140853881836,14000,0.0,0.0
2020-11-12 00:00:00+08:00,25.070008100171655,25.627119064331055,25.070008100171655,25.627119064331055,1633,0.0,0.0
2020-11-13 00:00:00+08:00,25.02715301513672,25.02715301513672,25.02715301513672,25.02715301513672,4000,0.0,0.0
2020-11-16 00:00:00+08:00,24.94144353193623,25.54140853881836,24.94144353193623,25.54140853881836,1413,0.0,0.0
2020-11-17 00:00:00+08:00,25.712827682495117,25.712827682495117,25.712827682495117,25.712827682495117,3000,0.0,0.0
2020-11-18 00:00:00+08:00,25.798538208007812,25.798538208007812,25.798538208007812,25.798538208007812,2000,0.0,0.0
2020-11-19 00:00:00+08:00,25.798538208007812,25.798538208007812,25.798538208007812,25.798538208007812,3000,0.0,0.0
2020-11-20 00:00:00+08:00,25.884248733520508,25.884248733520508,25.884248733520508,25.884248733520508,3000,0.0,0.0
2020-11-23 00:00:00+08:00,25.884248733520508,25.884248733520508,25.884248733520508,25.884248733520508,0,0.0,0.0
2020-11-24 00:00:00+08:00,26.098520278930664,26.098520278930664,26.098520278930664,26.098520278930664,152,0.0,0.0
2020-11-25 00:00:00+08:00,26.098520278930664,26.098520278930664,26.098520278930664,26.098520278930664,0,0.0,0.0
2020-11-26 00:00:00+08:00,26.141374588012695,26.141374588012695,26.141374588012695,26.141374588012695,13,0.0,0.0
2020-11-27 00:00:00+08:00,26.141374588012695,26.141374588012695,26.141374588012695,26.141374588012695,0,0.0,0.0
2020-11-30 00:00:00+08:00,26.141374588012695,26.141374588012695,26.141374588012695,26.141374588012695,8010,0.0,0.0
2020-12-01 00:00:00+08:00,26.612775997471424,26.612775997471424,25.712827682495117,25.712827682495117,129513,0.0,0.0
2020-12-02 00:00:00+08:00,26.312796388953526,26.312796388953526,25.96995735168457,25.96995735168457,2010,0.0,0.0
2020-12-03 00:00:00+08:00,26.18422864654104,26.227084339846932,25.712827463619043,26.141374588012695,21010,0.0,0.0
2020-12-04 00:00:00+08:00,26.01281099907974,26.055665057972874,25.584263871038154,25.712827682495117,92410,0.0,0.0
2020-12-07 00:00:00+08:00,25.969955305409044,25.969955305409044,25.712827682495117,25.712827682495117,25010,0.0,0.0
2020-12-08 00:00:00+08:00,25.841392637836794,25.841392637836794,25.58426500354096,25.627119064331055,223120,0.0,0.0
2020-12-09 00:00:00+08:00,25.798537435058947,25.84139149395208,25.54140817736746,25.712827682495117,17000,0.0,0.0
2020-12-10 00:00:00+08:00,25.541409307973233,25.627119064331055,25.541409307973233,25.627119064331055,12000,0.0,0.0
2020-12-11 00:00:00+08:00,25.28428142829676,25.584264755249023,25.28428142829676,25.584264755249023,4000,0.0,0.0
2020-12-14 00:00:00+08:00,25.28428033138735,25.28428033138735,24.427186082865745,24.555749893188477,46696,0.0,0.0
2020-12-15 00:00:00+08:00,24.684315433894646,24.684315433894646,18.856074789296027,19.71316909790039,254222,0.0,0.0
2020-12-16 00:00:00+08:00,20.570263406504758,20.570263406504758,19.58460527856527,19.71316909790039,204338,0.0,0.0
2020-12-17 00:00:00+08:00,19.79887873379685,20.484553522546964,19.713168976508676,20.39884376525879,68001,0.0,0.0
2020-12-18 00:00:00+08:00,20.570264051274002,20.913101458506357,20.398844530268967,20.484554290771484,99388,0.0,0.0
2020-12-21 00:00:00+08:00,20.65597152709961,21.427356016746995,20.355988215909647,20.65597152709961,79218,0.0,0.0
2020-12-22 00:00:00+08:00,20.398842274032127,20.65597152709961,20.056004904719682,20.65597152709961,44214,0.0,0.0
2020-12-23 00:00:00+08:00,20.65597152709961,20.65597152709961,20.65597152709961,20.65597152709961,0,0.0,0.0
2020-12-24 00:00:00+08:00,20.056004347428438,20.527407147564634,19.97029459878754,20.141714096069336,11000,0.0,0.0
2020-12-25 00:00:00+08:00,20.27027904419652,20.27027904419652,20.056005477905273,20.056005477905273,7400,0.0,0.0
2020-12-28 00:00:00+08:00,20.31313504585141,20.998809814453125,20.14171553631218,20.998809814453125,26001,0.0,0.0
2020-12-29 00:00:00+08:00,20.998809814453125,20.998809814453125,20.998809814453125,20.998809814453125,0,0.0,0.0
2020-12-30 00:00:00+08:00,20.570260652581187,20.741680145263672,20.184567611434314,20.741680145263672,9610,0.0,0.0
2020-12-31 00:00:00+08:00,20.57026481628418,20.741684343664325,20.270281460757815,20.57026481628418,29653,0.0,0.0
2021-01-04 00:00:00+08:00,21.213084159431084,21.213084159431084,21.08452033996582,21.08452033996582,3000,0.0,0.0
2021-01-05 00:00:00+08:00,21.34164660647454,21.855903486042827,21.25593685408357,21.59877586364746,19167,0.0,0.0
2021-01-06 00:00:00+08:00,21.513065823436197,23.44152786993347,21.513065823436197,22.712997436523438,19011,0.0,0.0
2021-01-07 00:00:00+08:00,22.54158018947201,23.998641202080854,22.284452544789367,23.912931442260742,44011,0.0,0.0
2021-01-08 00:00:00+08:00,24.555750003522867,24.684313814423263,23.91292931424333,24.341476440429688,48000,0.0,0.0
2021-01-11 00:00:00+08:00,23.870077506785815,24.598608016967773,23.827221809258816,24.598608016967773,16205,0.0,0.0
2021-01-12 00:00:00+08:00,25.027155183571548,25.155719006597142,23.998641329811406,24.598608016967773,46010,0.0,0.0
2021-01-13 00:00:00+08:00,25.027155183571548,25.155719006597142,24.598608016967773,24.598608016967773,16833,0.0,0.0
2021-01-14 00:00:00+08:00,25.07000551552608,25.112859571898046,24.855731964111328,24.855731964111328,12000,0.0,0.0
2021-01-15 00:00:00+08:00,25.155716827023117,25.284280638909518,25.02715301513672,25.02715301513672,9000,0.0,0.0
2021-01-18 00:00:00+08:00,25.02715301513672,25.02715301513672,25.02715301513672,25.02715301513672,0,0.0,0.0
2021-01-19 00:00:00+08:00,24.7271704228541,25.712828522598173,24.684314727783203,24.684314727783203,7001,0.0,0.0
2021-01-20 00:00:00+08:00,24.684315371841745,24.984298706054688,24.684315371841745,24.984298706054688,9060,0.0,0.0
2021-01-21 00:00:00+08:00,24.85573423851157,24.85573423851157,24.684314727783203,24.684314727783203,2500,0.0,0.0
2021-01-22 00:00:00+08:00,24.68431246906854,24.855731964111328,24.68431246906854,24.855731964111328,7004,0.0,0.0
2021-01-25 00:00:00+08:00,24.684313239039284,24.941442489624023,24.170058007424828,24.941442489624023,10000,0.0,0.0
2021-01-26 00:00:00+08:00,24.941442489624023,24.941442489624023,24.941442489624023,24.941442489624023,0,0.0,0.0
2021-01-27 00:00:00+08:00,24.555751552866568,24.727171068067836,24.512897491455078,24.512897491455078,4000,0.0,0.0
2021-01-28 00:00:00+08:00,24.1272029876709,24.1272029876709,24.1272029876709,24.1272029876709,3000,0.0,0.0
2021-01-29 00:00:00+08:00,24.1272029876709,24.1272029876709,24.1272029876709,24.1272029876709,0,0.0,0.0
2021-02-01 00:00:00+08:00,24.1272029876709,24.1272029876709,24.1272029876709,24.1272029876709,0,0.0,0.0
2021-02-02 00:00:00+08:00,23.355817216595007,23.48438102110701,22.84156036376953,22.84156036376953,36000,0.0,0.0
2021-02-03 00:00:00+08:00,22.84156036376953,22.84156036376953,22.84156036376953,22.84156036376953,0,0.0,0.0
2021-02-04 00:00:00+08:00,22.84156036376953,22.84156036376953,22.84156036376953,22.84156036376953,0,0.0,0.0
2021-02-05 00:00:00+08:00,22.84156036376953,22.84156036376953,22.84156036376953,22.84156036376953,0,0.0,0.0
2021-02-17 00:00:00+08:00,22.884418487548828,22.884418487548828,22.884418487548828,22.884418487548828,4000,0.0,0.0
2021-02-18 00:00:00+08:00,22.927270111703354,22.927270111703354,22.84156036376953,22.84156036376953,6000,0.0,0.0
2021-02-19 00:00:00+08:00,22.327305361610684,22.370161056518555,22.284451301480416,22.370161056518555,9000,0.0,0.0
2021-02-22 00:00:00+08:00,22.798707962036133,22.798707962036133,22.798707962036133,22.798707962036133,3000,0.0,0.0
2021-02-23 00:00:00+08:00,23.3129657644073,23.3129657644073,23.14154624938965,23.14154624938965,4000,0.0,0.0
2021-02-24 00:00:00+08:00,23.741512298583984,23.827220419082014,23.61294684828172,23.741512298583984,9000,0.0,0.0
2021-02-25 00:00:00+08:00,24.255765914916992,24.255765914916992,24.255765914916992,24.255765914916992,3000,0.0,0.0
2021-02-26 00:00:00+08:00,24.084348678588867,24.084348678588867,24.084348678588867,24.084348678588867,3000,0.0,0.0
2021-03-02 00:00:00+08:00,24.255765914916992,24.255765914916992,24.255765914916992,24.255765914916992,1000,0.0,0.0
2021-03-03 00:00:00+08:00,24.255765914916992,24.255765914916992,24.255765914916992,24.255765914916992,0,0.0,0.0
2021-03-04 00:00:00+08:00,24.255765914916992,24.255765914916992,24.255765914916992,24.255765914916992,0,0.0,0.0
2021-03-05 00:00:00+08:00,24.255765914916992,24.255765914916992,24.255765914916992,24.255765914916992,0,0.0,0.0
2021-03-08 00:00:00+08:00,24.255765914916992,24.255765914916992,24.255765914916992,24.255765914916992,0,0.0,0.0
2021-03-09 00:00:00+08:00,23.570092916488647,23.998640060424805,23.570092916488647,23.998640060424805,5100,0.0,0.0
2021-03-10 00:00:00+08:00,23.998640060424805,23.998640060424805,23.998640060424805,23.998640060424805,0,0.0,0.0
2021-03-11 00:00:00+08:00,23.998639170328776,26.055665057972874,23.998639170328776,25.712827682495117,45100,0.0,0.0
2021-03-12 00:00:00+08:00,25.28428055445353,25.712827682495117,25.28428055445353,25.712827682495117,14000,0.0,0.0
2021-03-15 00:00:00+08:00,25.92710161342497,25.92710161342497,25.369990666042426,25.54140853881836,36000,0.0,0.0
2021-03-16 00:00:00+08:00,25.96995735168457,25.96995735168457,25.96995735168457,25.96995735168457,8000,0.0,0.0
2021-03-17 00:00:00+08:00,25.96995735168457,26.09852280804927,25.584265886923525,25.96995735168457,64101,0.0,0.0
2021-03-18 00:00:00+08:00,25.584263871038154,25.84139149395208,25.584263871038154,25.712827682495117,34335,0.0,0.0
2021-03-19 00:00:00+08:00,25.627118178871324,27.084179082277522,25.627118178871324,25.75568199157715,53000,0.0,0.0
2021-03-22 00:00:00+08:00,25.841391744973553,26.01281125176637,25.627118178871324,25.75568199157715,67001,0.0,0.0
2021-03-23 00:00:00+08:00,25.841391744973553,25.969955557679377,25.71282793226773,25.75568199157715,48000,0.0,0.0
2021-03-24 00:00:00+08:00,26.055665311075785,26.141375064472193,25.71282793226773,25.75568199157715,145314,0.0,0.0
2021-03-25 00:00:00+08:00,25.84139149395208,25.84139149395208,25.712827682495117,25.712827682495117,21000,0.0,0.0
2021-03-26 00:00:00+08:00,25.84139149395208,25.884247187622776,25.712827682495117,25.712827682495117,45000,0.0,0.0
2021-03-29 00:00:00+08:00,25.92710124651591,26.741341443705945,25.712827682495117,25.712827682495117,57000,0.0,0.0
2021-03-30 00:00:00+08:00,25.798538208007812,25.969956083493756,25.712828452876035,25.798538208007812,130497,0.0,0.0
2021-03-31 00:00:00+08:00,26.527068137367237,26.527068137367237,25.669973872958312,25.75568199157715,82000,0.0,0.0
2021-04-01 00:00:00+08:00,25.884247963139586,25.969956083493756,25.712828452876035,25.798538208007812,79865,0.0,0.0
2021-04-07 00:00:00+08:00,25.798537435058947,25.969955305409044,25.712827682495117,25.712827682495117,151639,0.0,0.0
2021-04-08 00:00:00+08:00,25.798538456499987,25.88424821245732,25.712828700542655,25.841392517089844,282000,0.0,0.0
2021-04-09 00:00:00+08:00,25.798537435058947,25.798537435058947,25.669973623601983,25.712827682495117,67140,0.0,0.0
2021-04-12 00:00:00+08:00,25.798537435058947,25.84139149395208,25.669973623601983,25.712827682495117,83002,0.0,0.0
2021-04-13 00:00:00+08:00,25.798537435058947,25.798537435058947,25.584263871038154,25.712827682495117,153000,0.0,0.0
2021-04-14 00:00:00+08:00,25.798537435058947,25.798537435058947,25.45570005958119,25.712827682495117,36000,0.0,0.0
2021-04-15 00:00:00+08:00,25.798537435058947,25.798537435058947,25.712827682495117,25.712827682495117,15000,0.0,0.0
2021-04-16 00:00:00+08:00,25.798537685664137,25.798537685664137,25.627118178871324,25.75568199157715,49000,0.0,0.0
2021-04-19 00:00:00+08:00,25.798537435058947,25.84139149395208,25.712827682495117,25.712827682495117,44000,0.0,0.0
2021-04-20 00:00:00+08:00,25.798537435058947,25.798537435058947,25.669973623601983,25.712827682495117,32010,0.0,0.0
2021-04-21 00:00:00+08:00,25.627119064331055,25.755682881478972,25.627119064331055,25.627119064331055,18000,0.0,0.0
2021-04-22 00:00:00+08:00,25.75568251305312,25.798538208007812,25.669974392698954,25.798538208007812,20800,0.0,0.0
2021-04-23 00:00:00+08:00,25.798537800148626,25.798537800148626,25.54140853881836,25.54140853881836,23000,0.0,0.0
2021-04-26 00:00:00+08:00,25.627117929931288,25.84139149395208,25.627117929931288,25.712827682495117,12000,0.0,0.0
2021-04-27 00:00:00+08:00,25.798537435058947,25.798537435058947,25.712827682495117,25.712827682495117,30100,0.0,0.0
2021-04-28 00:00:00+08:00,25.798537435058947,25.798537435058947,25.627117929931288,25.712827682495117,19000,0.0,0.0
2021-04-29 00:00:00+08:00,25.627117929931288,25.798537435058947,25.627117929931288,25.712827682495117,25000,0.0,0.0
2021-05-03 00:00:00+08:00,25.62711869774426,25.798538208007812,25.62711869774426,25.798538208007812,18000,0.0,0.0
2021-05-04 00:00:00+08:00,25.7985385770467,25.7985385770467,25.627119064331055,25.627119064331055,35800,0.0,0.0
2021-05-05 00:00:00+08:00,25.627119064331055,25.627119064331055,25.627119064331055,25.627119064331055,2000,0.0,0.0
2021-05-06 00:00:00+08:00,25.627119064331055,25.627119064331055,25.627119064331055,25.627119064331055,0,0.0,0.0
2021-05-07 00:00:00+08:00,25.7985385770467,25.7985385770467,25.627119064331055,25.627119064331055,20000,0.0,0.0
2021-05-10 00:00:00+08:00,25.627117929931288,25.798537435058947,25.54140817736746,25.712827682495117,19000,0.0,0.0
2021-05-11 00:00:00+08:00,25.369991302490234,25.62711893549339,25.28428154656331,25.369991302490234,20000,0.0,0.0
2021-05-12 00:00:00+08:00,24.855735011324963,24.898589072950667,24.7700252532959,24.7700252532959,5000,0.0,0.0
2021-05-13 00:00:00+08:00,24.7700252532959,24.7700252532959,24.7700252532959,24.7700252532959,0,0.0,0.0
2021-05-14 00:00:00+08:00,24.7700252532959,24.7700252532959,24.7700252532959,24.7700252532959,0,0.0,0.0
2021-05-17 00:00:00+08:00,24.29862301837046,24.29862301837046,24.04149375505507,24.170059204101562,9000,0.0,0.0
2021-05-18 00:00:00+08:00,24.427187214524018,24.470041275024414,24.17005958196639,24.470041275024414,10000,0.0,0.0
2021-05-19 00:00:00+08:00,25.241428621823136,25.284282684326172,25.241428621823136,25.284282684326172,9000,0.0,0.0
2021-05-20 00:00:00+08:00,25.284282684326172,25.284282684326172,25.284282684326172,25.284282684326172,0,0.0,0.0
2021-05-21 00:00:00+08:00,25.284282684326172,25.284282684326172,25.284282684326172,25.284282684326172,0,0.0,0.0
2021-05-24 00:00:00+08:00,25.284282684326172,25.284282684326172,25.284282684326172,25.284282684326172,0,0.0,0.0
2021-05-25 00:00:00+08:00,25.284282684326172,25.284282684326172,25.284282684326172,25.284282684326172,0,0.0,0.0
2021-05-26 00:00:00+08:00,25.284282684326172,25.284282684326172,25.284282684326172,25.284282684326172,0,0.0,0.0
2021-05-27 00:00:00+08:00,25.284282684326172,25.284282684326172,25.284282684326172,25.284282684326172,0,0.0,0.0
2021-05-28 00:00:00+08:00,25.284282684326172,25.284282684326172,25.284282684326172,25.284282684326172,0,0.0,0.0
2021-05-31 00:00:00+08:00,25.284282684326172,25.284282684326172,25.284282684326172,25.284282684326172,0,0.0,0.0
2021-06-01 00:00:00+08:00,25.284282684326172,25.284282684326172,25.284282684326172,25.284282684326172,0,0.0,0.0
2021-06-02 00:00:00+08:00,25.284282684326172,25.284282684326172,25.284282684326172,25.284282684326172,0,0.0,0.0
2021-06-03 00:00:00+08:00,25.284282684326172,25.284282684326172,25.284282684326172,25.284282684326172,0,0.0,0.0
2021-06-04 00:00:00+08:00,25.284282684326172,25.284282684326172,25.284282684326172,25.284282684326172,0,0.0,0.0
2021-06-07 00:00:00+08:00,25.284282684326172,25.284282684326172,25.284282684326172,25.284282684326172,0,0.0,0.0
2021-06-08 00:00:00+08:00,25.284282684326172,25.284282684326172,25.284282684326172,25.284282684326172,0,0.0,0.0
2021-06-09 00:00:00+08:00,25.498554229736328,25.841391606710044,25.498554229736328,25.498554229736328,3150,0.0,0.0
2021-06-10 00:00:00+08:00,25.841393037290324,25.884248733520508,25.841393037290324,25.884248733520508,5000,0.0,0.0
2021-06-11 00:00:00+08:00,25.841391606710044,25.841391606710044,25.498554229736328,25.498554229736328,3000,0.0,0.0
2021-06-15 00:00:00+08:00,25.84139149395208,25.84139149395208,25.498554118474324,25.712827682495117,15950,0.0,0.0
2021-06-16 00:00:00+08:00,25.327136746829204,25.327136746829204,25.284282684326172,25.284282684326172,5000,0.0,0.0
2021-06-17 00:00:00+08:00,25.284282684326172,25.284282684326172,25.284282684326172,25.284282684326172,3000,0.0,0.0
2021-06-18 00:00:00+08:00,25.54140853881836,25.54140853881836,25.54140853881836,25.54140853881836,3000,0.0,0.0
2021-06-21 00:00:00+08:00,25.841392268184894,25.884247963139586,25.541408942612488,25.798538208007812,8032,0.0,0.0
2021-06-22 00:00:00+08:00,26.14137662146702,26.14137662146702,25.92710304260254,25.92710304260254,11000,0.0,0.0
2021-06-23 00:00:00+08:00,25.798538456499987,25.841392517089844,25.62711894458532,25.841392517089844,10000,0.0,0.0
2021-06-24 00:00:00+08:00,25.84139149395208,25.84139149395208,25.712827682495117,25.712827682495117,6000,0.0,0.0
2021-06-25 00:00:00+08:00,25.712827682495117,25.712827682495117,25.712827682495117,25.712827682495117,0,0.0,0.0
2021-06-28 00:00:00+08:00,25.84139149395208,25.84139149395208,25.627117929931288,25.712827682495117,10000,0.0,0.0
2021-06-29 00:00:00+08:00,25.712827682495117,25.712827682495117,25.712827682495117,25.712827682495117,0,0.0,0.0
2021-06-30 00:00:00+08:00,25.841392517089844,25.841392517089844,25.841392517089844,25.841392517089844,339,0.0,0.0
2021-07-01 00:00:00+08:00,25.412844365910495,25.712827682495117,25.412844365910495,25.712827682495117,5000,0.0,0.0
2021-07-02 00:00:00+08:00,25.712827682495117,25.712827682495117,25.712827682495117,25.712827682495117,1000,0.0,0.0
2021-07-05 00:00:00+08:00,25.45570005958119,25.84139149395208,25.45570005958119,25.712827682495117,11000,0.0,0.0
2021-07-06 00:00:00+08:00,25.84139149395208,25.84139149395208,25.712827682495117,25.712827682495117,12000,0.0,0.0
2021-07-07 00:00:00+08:00,25.84139238704947,25.84139238704947,25.584264755249023,25.584264755249023,25450,0.0,0.0
2021-07-08 00:00:00+08:00,25.412844365910495,25.712827682495117,24.85573342641195,25.712827682495117,15050,0.0,0.0
2021-07-09 00:00:00+08:00,25.841392517089844,25.841392517089844,25.841392517089844,25.841392517089844,491,0.0,0.0
2021-07-12 00:00:00+08:00,25.155716742996567,25.884247187622776,25.155716742996567,25.712827682495117,113050,0.0,0.0
2021-07-13 00:00:00+08:00,25.798537435058947,25.884247187622776,25.712827682495117,25.712827682495117,259001,0.0,0.0
2021-07-14 00:00:00+08:00,25.841391744973553,26.527068137367237,25.75568199157715,25.75568199157715,11001,0.0,0.0
2021-07-15 00:00:00+08:00,26.56992107629776,27.42701530456543,26.56992107629776,27.42701530456543,4221,0.0,0.0
2021-07-16 00:00:00+08:00,27.427016415792018,27.427016415792018,26.56992215279852,26.869905471801758,29001,0.0,0.0
2021-07-19 00:00:00+08:00,26.612775194849945,26.74134063720703,26.569921137249256,26.74134063720703,7000,0.0,0.0
2021-07-20 00:00:00+08:00,26.612776742927664,27.38416290283203,26.569922682834136,27.38416290283203,7143,0.0,0.0
2021-07-21 00:00:00+08:00,27.38416339325606,27.427017454117063,26.998470306396484,26.998470306396484,9000,0.0,0.0
2021-07-22 00:00:00+08:00,27.890719646158196,28.249442381918847,27.621676311444013,28.11492156982422,24010,1.394917,0.0
2021-07-23 00:00:00+08:00,28.11492156982422,28.11492156982422,28.11492156982422,28.11492156982422,0,0.0,0.0
2021-07-26 00:00:00+08:00,28.20460232438358,28.249442024339235,28.070079803466797,28.070079803466797,9500,0.0,0.0
2021-07-27 00:00:00+08:00,28.11492319417271,28.20460431092546,26.859392691209305,27.71135902404785,27000,0.0,0.0
2021-07-28 00:00:00+08:00,27.71135902404785,27.71135902404785,27.71135902404785,27.71135902404785,0,0.0,0.0
2021-07-29 00:00:00+08:00,27.71135902404785,27.71135902404785,27.71135902404785,27.71135902404785,0,0.0,0.0
2021-07-30 00:00:00+08:00,27.71135902404785,27.71135902404785,27.71135902404785,27.71135902404785,0,0.0,0.0
2021-08-02 00:00:00+08:00,26.81454938893448,28.070079803466797,26.81454938893448,28.070079803466797,2300,0.0,0.0
2021-08-03 00:00:00+08:00,27.801039312380333,27.801039312380333,26.949071294403847,27.531997680664062,8000,0.0,0.0
2021-08-04 00:00:00+08:00,27.352634341026878,28.070079803466797,26.904230499370698,28.070079803466797,7000,0.0,0.0
2021-08-05 00:00:00+08:00,28.070079803466797,28.070079803466797,28.070079803466797,28.070079803466797,0,0.0,0.0
2021-08-06 00:00:00+08:00,28.070079803466797,28.070079803466797,28.070079803466797,28.070079803466797,0,0.0,0.0
2021-08-09 00:00:00+08:00,28.070079803466797,28.070079803466797,28.070079803466797,28.070079803466797,1000,0.0,0.0
2021-08-10 00:00:00+08:00,27.12843292360326,27.801038698568632,26.45582714863789,26.724868774414062,31000,0.0,0.0
2021-08-11 00:00:00+08:00,26.186784625059577,26.186784625059577,24.841573121248807,25.469337463378906,31007,0.0,0.0
2021-08-12 00:00:00+08:00,25.155454991214416,25.4693380244566,25.155454991214416,25.20029640197754,20000,0.0,0.0
2021-08-13 00:00:00+08:00,25.155454991214416,25.245136102215742,25.020934179974883,25.20029640197754,15000,0.0,0.0
2021-08-16 00:00:00+08:00,25.20029640197754,25.20029640197754,25.20029640197754,25.20029640197754,3000,0.0,0.0
2021-08-17 00:00:00+08:00,25.20029640197754,25.20029640197754,25.20029640197754,25.20029640197754,0,0.0,0.0
2021-08-18 00:00:00+08:00,25.20029640197754,25.20029640197754,25.20029640197754,25.20029640197754,0,0.0,0.0
2021-08-19 00:00:00+08:00,25.20029661005262,25.20029661005262,24.393170025426187,24.88641357421875,16000,0.0,0.0
2021-08-20 00:00:00+08:00,24.168968200683594,24.393170125697264,23.98960597646268,24.168968200683594,26000,0.0,0.0
2021-08-23 00:00:00+08:00,24.213809459555947,24.213809459555947,24.124128341674805,24.124128341674805,6000,0.0,0.0
2021-08-24 00:00:00+08:00,24.21380821732352,24.258647918701172,24.16896851594587,24.258647918701172,9000,0.0,0.0
2021-08-25 00:00:00+08:00,24.213809459555947,24.213809459555947,24.124128341674805,24.124128341674805,17000,0.0,0.0
2021-08-26 00:00:00+08:00,24.213808059692383,24.213808059692383,24.079287245910194,24.213808059692383,16000,0.0,0.0
2021-08-27 00:00:00+08:00,24.213809459555947,24.213809459555947,24.124128341674805,24.124128341674805,12000,0.0,0.0
2021-08-30 00:00:00+08:00,24.617372669905574,24.662212371826172,24.21380851052024,24.662212371826172,16000,0.0,0.0
2021-08-31 00:00:00+08:00,24.93125302340808,25.559019088745117,24.572530290583305,25.559019088745117,12000,0.0,0.0
2021-09-01 00:00:00+08:00,25.289977560534872,25.289977560534872,24.84157371520996,24.84157371520996,19000,0.0,0.0
2021-09-02 00:00:00+08:00,24.931253115855007,24.931253115855007,24.751892604039995,24.84157371520996,22000,0.0,0.0
2021-09-03 00:00:00+08:00,24.84157371520996,24.84157371520996,24.84157371520996,24.84157371520996,0,0.0,0.0
2021-09-06 00:00:00+08:00,25.64869929111656,26.097103118896484,25.64869929111656,26.097103118896484,4000,0.0,0.0
2021-09-07 00:00:00+08:00,26.097103118896484,26.097103118896484,26.097103118896484,26.097103118896484,1000,0.0,0.0
2021-09-08 00:00:00+08:00,25.289977378101593,26.276464462280273,25.11061515705552,26.276464462280273,24000,0.0,0.0
2021-09-09 00:00:00+08:00,25.11061515705552,26.276464462280273,25.11061515705552,26.276464462280273,4000,0.0,0.0
2021-09-10 00:00:00+08:00,25.110616172744262,25.379657804670817,25.02093505859375,25.02093505859375,19000,0.0,0.0
2021-09-13 00:00:00+08:00,25.110615657850737,25.110615657850737,24.303489068096237,24.93125343322754,14000,0.0,0.0
2021-09-14 00:00:00+08:00,24.93125343322754,24.93125343322754,24.93125343322754,24.93125343322754,0,0.0,0.0
2021-09-15 00:00:00+08:00,24.93125343322754,24.93125343322754,24.93125343322754,24.93125343322754,0,0.0,0.0
2021-09-16 00:00:00+08:00,24.93125343322754,24.93125343322754,24.93125343322754,24.93125343322754,0,0.0,0.0
2021-09-17 00:00:00+08:00,24.93125343322754,24.93125343322754,24.93125343322754,24.93125343322754,0,0.0,0.0
2021-09-22 00:00:00+08:00,24.93125343322754,24.93125343322754,24.93125343322754,24.93125343322754,0,0.0,0.0
2021-09-23 00:00:00+08:00,24.93125343322754,24.93125343322754,24.93125343322754,24.93125343322754,0,0.0,0.0
2021-09-24 00:00:00+08:00,24.93125343322754,24.93125343322754,24.93125343322754,24.93125343322754,0,0.0,0.0
2021-09-27 00:00:00+08:00,24.93125343322754,24.93125343322754,24.93125343322754,24.93125343322754,0,0.0,0.0
2021-09-28 00:00:00+08:00,24.93125343322754,24.93125343322754,24.93125343322754,24.93125343322754,0,0.0,0.0
2021-09-29 00:00:00+08:00,24.886413415532484,24.931253115855007,24.84157371520996,24.84157371520996,18500,0.0,0.0
2021-09-30 00:00:00+08:00,25.110614776611328,25.110614776611328,25.110614776611328,25.110614776611328,1000,0.0,0.0
2021-10-01 00:00:00+08:00,24.168967947222598,24.84157371520996,24.168967947222598,24.84157371520996,11494,0.0,0.0
2021-10-04 00:00:00+08:00,24.84157371520996,24.84157371520996,24.84157371520996,24.84157371520996,0,0.0,0.0
2021-10-05 00:00:00+08:00,24.84157371520996,24.84157371520996,24.84157371520996,24.84157371520996,0,0.0,0.0
2021-10-06 00:00:00+08:00,24.84157371520996,24.84157371520996,24.84157371520996,24.84157371520996,0,0.0,0.0
2021-10-07 00:00:00+08:00,24.84157371520996,24.84157371520996,24.84157371520996,24.84157371520996,0,0.0,0.0
2021-10-08 00:00:00+08:00,24.84157371520996,24.84157371520996,24.84157371520996,24.84157371520996,0,0.0,0.0
2021-10-12 00:00:00+08:00,24.438009881301163,24.93125343322754,24.213807955784638,24.93125343322754,65000,0.0,0.0
2021-10-13 00:00:00+08:00,24.93125343322754,24.93125343322754,24.93125343322754,24.93125343322754,0,0.0,0.0
2021-10-14 00:00:00+08:00,24.93125343322754,24.93125343322754,24.93125343322754,24.93125343322754,0,0.0,0.0
2021-10-15 00:00:00+08:00,24.93125343322754,24.93125343322754,24.93125343322754,24.93125343322754,0,0.0,0.0
2021-10-18 00:00:00+08:00,24.93125343322754,24.93125343322754,24.93125343322754,24.93125343322754,0,0.0,0.0
2021-10-19 00:00:00+08:00,24.93125343322754,24.93125343322754,24.93125343322754,24.93125343322754,0,0.0,0.0
2021-10-20 00:00:00+08:00,25.33481788635254,25.33481788635254,25.33481788635254,25.33481788635254,2035,0.0,0.0
2021-10-21 00:00:00+08:00,25.33481788635254,25.33481788635254,25.33481788635254,25.33481788635254,0,0.0,0.0
2021-10-22 00:00:00+08:00,25.33481788635254,25.33481788635254,25.33481788635254,25.33481788635254,0,0.0,0.0
2021-10-25 00:00:00+08:00,25.33481788635254,25.33481788635254,25.33481788635254,25.33481788635254,0,0.0,0.0
2021-10-26 00:00:00+08:00,25.33481788635254,25.33481788635254,25.33481788635254,25.33481788635254,0,0.0,0.0
2021-10-27 00:00:00+08:00,25.559017861238356,25.693538665771484,25.559017861238356,25.693538665771484,3170,0.0,0.0
2021-10-28 00:00:00+08:00,25.693538665771484,25.693538665771484,25.693538665771484,25.693538665771484,0,0.0,0.0
2021-10-29 00:00:00+08:00,25.693538665771484,25.693538665771484,25.693538665771484,25.693538665771484,0,0.0,0.0
2021-11-01 00:00:00+08:00,25.334816694259644,25.738380830236565,25.110614776611328,25.110614776611328,9001,0.0,0.0
2021-11-02 00:00:00+08:00,25.559019088745117,25.559019088745117,25.559019088745117,25.559019088745117,1000,0.0,0.0
2021-11-03 00:00:00+08:00,25.559019088745117,25.559019088745117,25.559019088745117,25.559019088745117,3000,0.0,0.0
2021-11-04 00:00:00+08:00,25.15545544987316,25.648700714111328,25.15545544987316,25.648700714111328,2000,0.0,0.0
2021-11-05 00:00:00+08:00,25.648700714111328,25.648700714111328,25.648700714111328,25.648700714111328,0,0.0,0.0
2021-11-08 00:00:00+08:00,25.155454945239175,26.141943743400986,25.110615245082922,25.559019088745117,15100,0.0,0.0
2021-11-09 00:00:00+08:00,25.559019088745117,25.559019088745117,25.559019088745117,25.559019088745117,0,0.0,0.0
2021-11-10 00:00:00+08:00,25.559018999145795,26.276464462280273,25.559018999145795,26.276464462280273,10100,0.0,0.0
2021-11-11 00:00:00+08:00,26.366146087646484,26.410987499046062,26.276464975372274,26.366146087646484,6000,0.0,0.0
2021-11-12 00:00:00+08:00,26.366146087646484,26.366146087646484,26.366146087646484,26.366146087646484,0,0.0,0.0
2021-11-15 00:00:00+08:00,26.410985946655273,26.410985946655273,26.410985946655273,26.410985946655273,100,0.0,0.0
2021-11-16 00:00:00+08:00,25.289976385430936,26.410985946655273,25.289976385430936,26.410985946655273,1100,0.0,0.0
2021-11-17 00:00:00+08:00,26.410985946655273,26.410985946655273,26.410985946655273,26.410985946655273,0,0.0,0.0
2021-11-18 00:00:00+08:00,26.410985946655273,26.410985946655273,26.410985946655273,26.410985946655273,0,0.0,0.0
2021-11-19 00:00:00+08:00,26.410985946655273,26.410985946655273,26.410985946655273,26.410985946655273,0,0.0,0.0
2021-11-22 00:00:00+08:00,26.50066566467285,26.50066566467285,26.50066566467285,26.50066566467285,2000,0.0,0.0
2021-11-23 00:00:00+08:00,26.50066566467285,26.50066566467285,26.50066566467285,26.50066566467285,0,0.0,0.0
2021-11-24 00:00:00+08:00,26.590347290039062,26.590347290039062,26.007422641894678,26.590347290039062,6000,0.0,0.0
2021-11-25 00:00:00+08:00,26.635189056396484,26.635189056396484,26.635189056396484,26.635189056396484,1000,0.0,0.0
2021-11-26 00:00:00+08:00,26.007421493530273,26.007421493530273,26.007421493530273,26.007421493530273,3000,0.0,0.0
2021-11-29 00:00:00+08:00,26.635187524135763,26.635187524135763,26.007421493530273,26.007421493530273,2000,0.0,0.0
2021-11-30 00:00:00+08:00,26.23162527449764,26.366146087646484,26.23162527449764,26.366146087646484,4000,0.0,0.0
2021-12-01 00:00:00+08:00,26.231626510620117,26.231626510620117,26.231626510620117,26.231626510620117,2000,0.0,0.0
2021-12-02 00:00:00+08:00,26.231626510620117,26.231626510620117,26.231626510620117,26.231626510620117,0,0.0,0.0
2021-12-03 00:00:00+08:00,27.801039196196054,28.4736449832008,27.6216769687848,28.24944305419922,24500,0.0,0.0
2021-12-06 00:00:00+08:00,28.383961458501055,28.383961458501055,27.801036834716797,27.801036834716797,2005,0.0,0.0
2021-12-07 00:00:00+08:00,28.697845458984375,28.697845458984375,28.697845458984375,28.697845458984375,4000,0.0,0.0
2021-12-08 00:00:00+08:00,28.070081263663646,28.070081263663646,27.62167739868164,27.62167739868164,5000,0.0,0.0
2021-12-09 00:00:00+08:00,27.62167739868164,27.62167739868164,27.62167739868164,27.62167739868164,0,0.0,0.0
2021-12-10 00:00:00+08:00,28.87720767731298,28.87720767731298,28.697845458984375,28.697845458984375,11250,0.0,0.0
2021-12-13 00:00:00+08:00,28.832369008794,29.59465418763121,28.563325671682385,28.877208709716797,33900,0.0,0.0
2021-12-14 00:00:00+08:00,29.54981407460633,29.729176296846017,29.191089630126953,29.191089630126953,19740,0.0,0.0
2021-12-15 00:00:00+08:00,30.087896506386365,30.44662094116211,29.774015191744905,30.44662094116211,10336,0.0,0.0
2021-12-16 00:00:00+08:00,30.26725959777832,30.26725959777832,29.729176351126643,30.26725959777832,4030,0.0,0.0
2021-12-17 00:00:00+08:00,29.68433437356132,29.95337942830446,28.877209472481848,29.415292739868164,17030,0.0,0.0
2021-12-20 00:00:00+08:00,29.59465320783286,30.043057044315177,29.59465320783286,29.774015426635742,12101,0.0,0.0
2021-12-21 00:00:00+08:00,30.491458747960344,35.872304409365114,30.35693623800541,35.42390060424805,114291,0.0,0.0
2021-12-22 00:00:00+08:00,35.42390421192714,40.3563465705499,35.42390421192714,36.858795166015625,137527,0.0,0.0
2021-12-23 00:00:00+08:00,36.94847703568079,37.48656027432112,34.12353148019453,36.27587127685547,55609,0.0,0.0
2021-12-24 00:00:00+08:00,36.27587127685547,36.41039037599065,36.27587127685547,36.27587127685547,9100,0.0,0.0
2021-12-27 00:00:00+08:00,36.72427605049683,37.21751960197569,35.87230805009705,37.17267990112305,25127,0.0,0.0
2021-12-28 00:00:00+08:00,36.23103220010582,36.76911544799805,35.78262835317902,36.76911544799805,10046,0.0,0.0
2021-12-29 00:00:00+08:00,37.262359619140625,37.262359619140625,37.262359619140625,37.262359619140625,340,0.0,0.0
2021-12-30 00:00:00+08:00,35.782628260265696,37.4865608215332,35.782628260265696,37.4865608215332,8200,0.0,0.0
2022-01-03 00:00:00+08:00,37.48655961200176,37.48655961200176,35.78262710571289,35.78262710571289,4000,0.0,0.0
2022-01-04 00:00:00+08:00,35.87230775414444,37.217519294924855,35.87230775414444,36.76911544799805,12100,0.0,0.0
2022-01-05 00:00:00+08:00,36.769117493288284,38.9662971496582,36.769117493288284,38.9662971496582,37200,0.0,0.0
2022-01-06 00:00:00+08:00,37.08299780392036,37.08299780392036,36.23103320790123,36.94847869873047,40134,0.0,0.0
2022-01-07 00:00:00+08:00,37.21752081072045,38.383370176002906,36.76911694553105,38.1591682434082,16100,0.0,0.0
2022-01-10 00:00:00+08:00,36.90364058094168,39.45954132080078,36.90364058094168,39.45954132080078,26207,0.0,0.0
2022-01-11 00:00:00+08:00,37.75560234182828,38.51789093017578,36.58975303023486,38.51789093017578,38001,0.0,0.0
2022-01-12 00:00:00+08:00,36.813955947494264,38.652411075586194,36.76911624603835,38.38336944580078,13049,0.0,0.0
2022-01-13 00:00:00+08:00,38.65241241455078,38.65241241455078,38.65241241455078,38.65241241455078,3000,0.0,0.0
2022-01-14 00:00:00+08:00,38.11432544437867,38.24884796142578,37.08299526981678,38.24884796142578,13000,0.0,0.0
2022-01-17 00:00:00+08:00,38.831770886180564,38.831770886180564,38.24884796142578,38.24884796142578,6000,0.0,0.0
2022-01-18 00:00:00+08:00,38.562731355354764,38.562731355354764,38.11432750238552,38.2936897277832,5000,0.0,0.0
2022-01-19 00:00:00+08:00,37.30719680563536,39.19049491993623,37.30719680563536,38.56272888183594,22300,0.0,0.0
2022-01-20 00:00:00+08:00,39.145658962580974,39.28017807006836,39.01113643404358,39.28017807006836,4200,0.0,0.0
2022-01-21 00:00:00+08:00,39.011132706043334,39.011132706043334,37.48655901952825,38.56272888183594,13053,0.0,0.0
2022-01-24 00:00:00+08:00,36.76911433825097,37.6210823059082,36.63459181981308,37.6210823059082,13400,0.0,0.0
2022-01-25 00:00:00+08:00,35.87230917848187,37.66592463740596,35.73778665064256,36.32071304321289,24001,0.0,0.0
2022-01-26 00:00:00+08:00,36.32071304321289,36.32071304321289,36.32071304321289,36.32071304321289,5000,0.0,0.0
2022-02-07 00:00:00+08:00,36.76911666287009,37.7556037902832,36.76911666287009,37.7556037902832,12000,0.0,0.0
2022-02-08 00:00:00+08:00,37.890126001267205,37.93496570285753,37.665924072265625,37.665924072265625,9000,0.0,0.0
2022-02-09 00:00:00+08:00,38.562731355354764,38.562731355354764,38.2936897277832,38.2936897277832,12000,0.0,0.0
2022-02-10 00:00:00+08:00,37.80044659808655,37.80044659808655,36.85879575943996,37.665924072265625,12000,0.0,0.0
2022-02-11 00:00:00+08:00,38.69725139751803,38.74209109572883,38.56272888183594,38.56272888183594,14000,0.0,0.0
2022-02-14 00:00:00+08:00,39.594058659410464,40.311504086928565,38.428205991012696,39.190494537353516,37006,0.0,0.0
2022-02-15 00:00:00+08:00,40.356347171654924,40.53570939885004,40.221824645996094,40.221824645996094,9000,0.0,0.0
2022-02-16 00:00:00+08:00,40.53571042579538,42.32932590108677,40.35634819405623,40.401187896728516,40000,0.0,0.0
2022-02-17 00:00:00+08:00,42.10512161254883,42.10512161254883,42.10512161254883,42.10512161254883,1000,0.0,0.0
2022-02-18 00:00:00+08:00,42.10512121372544,42.553525053230395,41.97059869345403,42.419002532958984,23000,0.0,0.0
2022-02-21 00:00:00+08:00,40.80475077446847,42.329324564537714,40.35634691980398,42.28448486328125,40100,0.0,0.0
2022-02-22 00:00:00+08:00,42.28448247311693,42.28448247311693,40.98411068388449,41.83607864379883,27210,0.0,0.0
2022-02-23 00:00:00+08:00,41.925760426900496,41.97060012817383,40.8047507898176,41.97060012817383,8200,0.0,0.0
2022-02-24 00:00:00+08:00,40.849587787060685,42.149959564208984,40.849587787060685,42.149959564208984,1200,0.0,0.0
2022-02-25 00:00:00+08:00,41.118631103663915,42.10512161254883,40.89442918178778,42.10512161254883,27653,0.0,0.0
2022-03-01 00:00:00+08:00,41.97060012817383,41.97060012817383,41.97060012817383,41.97060012817383,2000,0.0,0.0
2022-03-02 00:00:00+08:00,40.35634819405623,41.9257617349362,40.35634819405623,40.401187896728516,12004,0.0,0.0
2022-03-03 00:00:00+08:00,40.401187896728516,40.401187896728516,40.401187896728516,40.401187896728516,1000,0.0,0.0
2022-03-04 00:00:00+08:00,40.356346130371094,40.535708352938265,40.31150642999176,40.356346130371094,11000,0.0,0.0
2022-03-07 00:00:00+08:00,40.804749853118615,40.804749853118615,37.48656071931439,38.51789093017578,32011,0.0,0.0
2022-03-08 00:00:00+08:00,38.51789093017578,38.51789093017578,38.51789093017578,38.51789093017578,0,0.0,0.0
2022-03-09 00:00:00+08:00,38.473052978515625,38.473052978515625,38.473052978515625,38.473052978515625,3000,0.0,0.0
2022-03-10 00:00:00+08:00,38.473052978515625,38.473052978515625,38.473052978515625,38.473052978515625,0,0.0,0.0
2022-03-11 00:00:00+08:00,38.51789093017578,38.742092852445666,38.51789093017578,38.51789093017578,6000,0.0,0.0
2022-03-14 00:00:00+08:00,38.51789093017578,38.51789093017578,38.51789093017578,38.51789093017578,0,0.0,0.0
2022-03-15 00:00:00+08:00,37.26235858250827,37.48656050348732,37.082996361515065,37.396881103515625,10665,0.0,0.0
2022-03-16 00:00:00+08:00,36.634592925500066,36.76911544799805,36.634592925500066,36.76911544799805,2000,0.0,0.0
2022-03-17 00:00:00+08:00,36.94847695078193,37.2175185694839,36.3207108931108,36.993316650390625,29000,0.0,0.0
2022-03-18 00:00:00+08:00,37.665924072265625,37.665924072265625,37.217520214262464,37.665924072265625,10000,0.0,0.0
2022-03-21 00:00:00+08:00,37.4865608215332,37.57624364331561,37.30719859901824,37.4865608215332,9000,0.0,0.0
2022-03-22 00:00:00+08:00,37.4865608215332,37.4865608215332,35.73778513884957,37.4865608215332,8069,0.0,0.0
2022-03-23 00:00:00+08:00,37.48656393294696,37.48656393294696,35.872310638427734,35.872310638427734,5000,0.0,0.0
2022-03-24 00:00:00+08:00,36.50007485836302,36.63459396362305,36.50007485836302,36.63459396362305,3000,0.0,0.0
2022-03-25 00:00:00+08:00,36.63459396362305,36.63459396362305,36.63459396362305,36.63459396362305,0,0.0,0.0
2022-03-28 00:00:00+08:00,35.73778189941018,35.73778189941018,35.42390060424805,35.42390060424805,3400,0.0,0.0
2022-03-29 00:00:00+08:00,35.42390060424805,35.42390060424805,35.42390060424805,35.42390060424805,0,0.0,0.0
2022-03-30 00:00:00+08:00,35.42390060424805,35.42390060424805,35.42390060424805,35.42390060424805,0,0.0,0.0
2022-03-31 00:00:00+08:00,36.32071304321289,36.32071304321289,36.32071304321289,36.32071304321289,1000,0.0,0.0
2022-04-01 00:00:00+08:00,36.410388299114196,36.410388299114196,36.23102951049805,36.23102951049805,4000,0.0,0.0
2022-04-06 00:00:00+08:00,36.50007111447188,36.50007111447188,36.18618639229441,36.23102951049805,12100,0.0,0.0
2022-04-07 00:00:00+08:00,36.23103465179364,36.769117936096976,36.23103465179364,36.50007629394531,17000,0.0,0.0
2022-04-08 00:00:00+08:00,36.18618907857326,36.76911544799805,36.18618907857326,36.76911544799805,2000,0.0,0.0
2022-04-11 00:00:00+08:00,36.186191527226626,36.50007629394531,36.186191527226626,36.50007629394531,4000,0.0,0.0
2022-04-12 00:00:00+08:00,36.50007629394531,36.50007629394531,36.50007629394531,36.50007629394531,3000,0.0,0.0
2022-04-13 00:00:00+08:00,36.50007483933095,36.94847869873047,36.00683127820147,36.94847869873047,6578,0.0,0.0
2022-04-14 00:00:00+08:00,36.948477359381855,36.948477359381855,36.36555099487305,36.36555099487305,12000,0.0,0.0
2022-04-15 00:00:00+08:00,35.872310638427734,35.872310638427734,35.872310638427734,35.872310638427734,500,0.0,0.0
2022-04-18 00:00:00+08:00,35.872309620005346,35.872309620005346,35.69294738769531,35.69294738769531,4000,0.0,0.0
2022-04-19 00:00:00+08:00,35.69294738769531,35.69294738769531,35.69294738769531,35.69294738769531,0,0.0,0.0
2022-04-20 00:00:00+08:00,36.32071304321289,36.32071304321289,36.32071304321289,36.32071304321289,2000,0.0,0.0
2022-04-21 00:00:00+08:00,35.065181732177734,35.065181732177734,35.065181732177734,35.065181732177734,500,0.0,0.0
2022-04-22 00:00:00+08:00,35.06517934881953,35.06517934881953,34.930660247802734,34.930660247802734,6000,0.0,0.0
2022-04-25 00:00:00+08:00,34.796137415361365,34.796137415361365,34.34773357387204,34.527095794677734,10000,0.0,0.0
2022-04-26 00:00:00+08:00,34.527097833350105,34.975501701315686,34.527097833350105,34.88582229614258,4100,0.0,0.0
2022-04-27 00:00:00+08:00,34.88582229614258,34.88582229614258,34.88582229614258,34.88582229614258,0,0.0,0.0
2022-04-28 00:00:00+08:00,34.88582229614258,34.88582229614258,34.88582229614258,34.88582229614258,0,0.0,0.0
2022-04-29 00:00:00+08:00,35.15486145019531,35.15486145019531,35.15486145019531,35.15486145019531,1,0.0,0.0
2022-05-03 00:00:00+08:00,33.54061001124604,34.796138763427734,33.54061001124604,34.796138763427734,6010,0.0,0.0
2022-05-04 00:00:00+08:00,33.495765686035156,33.495765686035156,33.495765686035156,33.495765686035156,1000,0.0,0.0
2022-05-05 00:00:00+08:00,33.495765686035156,33.495765686035156,33.495765686035156,33.495765686035156,1000,0.0,0.0
2022-05-06 00:00:00+08:00,33.495765686035156,33.495765686035156,33.495765686035156,33.495765686035156,0,0.0,0.0
2022-05-09 00:00:00+08:00,34.97549865722657,34.97549865722657,33.495764653308626,33.630287170410156,102000,0.0,0.0
2022-05-10 00:00:00+08:00,33.630287170410156,33.630287170410156,33.630287170410156,33.630287170410156,0,0.0,0.0
2022-05-11 00:00:00+08:00,33.854492606111194,35.872310046210536,33.854492606111194,35.379066467285156,32000,0.0,0.0
2022-05-12 00:00:00+08:00,35.87230690406669,35.87230690406669,35.15486145019531,35.15486145019531,17102,0.0,0.0
2022-05-13 00:00:00+08:00,35.37906705135938,36.813958108476434,35.37906705135938,35.872310638427734,39000,0.0,0.0
2022-05-16 00:00:00+08:00,35.87230713735032,36.27587127685547,35.28938077794846,36.27587127685547,13000,0.0,0.0
2022-05-17 00:00:00+08:00,36.320710504857665,37.6210823059082,35.69294445389709,37.6210823059082,33761,0.0,0.0
2022-05-18 00:00:00+08:00,37.217520214262464,38.06948822867846,36.63459383043838,37.665924072265625,59105,0.0,0.0
2022-05-19 00:00:00+08:00,38.0694870943057,39.50437802873978,37.21751910527615,38.20400619506836,126375,0.0,0.0
2022-05-20 00:00:00+08:00,38.20400531665018,38.20400531665018,36.00682926526413,36.589752197265625,81043,0.0,0.0
2022-05-23 00:00:00+08:00,36.544914497196835,36.544914497196835,34.07869327345963,34.796138763427734,99750,0.0,0.0
2022-05-24 00:00:00+08:00,34.79613624531986,36.32070993932878,34.25805302204598,36.09650802612305,24136,0.0,0.0
2022-05-25 00:00:00+08:00,34.97550005585807,35.42390390272804,33.719967916202194,33.899330139160156,27314,0.0,0.0
2022-05-26 00:00:00+08:00,34.706459045410156,34.706459045410156,33.89933073835763,34.706459045410156,46157,0.0,0.0
2022-05-27 00:00:00+08:00,34.885818803268755,34.97549819946289,34.75129628792787,34.97549819946289,11000,0.0,0.0
2022-05-30 00:00:00+08:00,34.078690553322815,35.64810393406795,34.078690553322815,34.97549819946289,35230,0.0,0.0
2022-05-31 00:00:00+08:00,34.34773115437276,35.11001968383789,34.34773115437276,35.11001968383789,30265,0.0,0.0
2022-06-01 00:00:00+08:00,34.97549819946289,35.19970011099791,34.61677377258699,34.97549819946289,19065,0.0,0.0
2022-06-02 00:00:00+08:00,34.975501701315686,35.065181106488794,34.527097833350105,34.88582229614258,70041,0.0,0.0
2022-06-06 00:00:00+08:00,35.15486041290084,35.289379507192045,34.885818803268755,34.97549819946289,38060,0.0,0.0
2022-06-07 00:00:00+08:00,35.334221211644454,35.872304409365114,35.24453839799131,35.42390060424805,24125,0.0,0.0
2022-06-08 00:00:00+08:00,35.872307862258886,35.872307862258886,35.42390401398065,35.73778533935547,13101,0.0,0.0
2022-06-09 00:00:00+08:00,35.558424157363234,35.60326385498047,33.809648581893796,35.60326385498047,20135,0.0,0.0
2022-06-10 00:00:00+08:00,33.899329340133065,35.379063368345726,33.67512742198265,35.15486145019531,64600,0.0,0.0
2022-06-13 00:00:00+08:00,34.840979172506,34.88582229614258,34.25805619678076,34.88582229614258,24107,0.0,0.0
2022-06-14 00:00:00+08:00,31.34342820534954,31.388267903859397,30.356937732884134,30.760501861572266,1360000,0.0,0.0
2022-06-15 00:00:00+08:00,30.85018507502238,31.298588907967186,30.40178124207758,30.44662094116211,724000,0.0,0.0
2022-06-16 00:00:00+08:00,30.670823420847583,30.89502534143704,30.132736758803,30.177579879760742,398000,0.0,0.0
2022-06-17 00:00:00+08:00,29.191089621148997,29.594653765801716,28.9668876986808,29.504974365234375,386000,0.0,0.0
2022-06-20 00:00:00+08:00,29.50497510783079,29.774016737354035,28.966888427734375,28.966888427734375,290000,0.0,0.0
2022-06-21 00:00:00+08:00,29.056570686972222,29.415291712349124,29.056570686972222,29.235929489135742,102000,0.0,0.0
2022-06-22 00:00:00+08:00,29.191089726878626,29.235929427324706,28.473644256591797,28.473644256591797,174000,0.0,0.0
2022-06-23 00:00:00+08:00,28.518484803973703,28.60816591805412,27.442316566583646,27.531997680664062,197000,0.0,0.0
2022-06-24 00:00:00+08:00,27.53199644785577,27.980400287654565,27.173272007596818,27.66651725769043,200000,0.0,0.0
2022-06-27 00:00:00+08:00,27.980400915205692,28.249442540909136,27.980400915205692,28.159761428833008,117000,0.0,0.0
2022-06-28 00:00:00+08:00,28.33912349349024,28.33912349349024,27.93555934668143,28.11492156982422,53000,0.0,0.0
2022-06-29 00:00:00+08:00,28.070080158776058,28.159761270347452,27.93555934668143,28.11492156982422,33000,0.0,0.0
2022-06-30 00:00:00+08:00,27.89071990682061,27.89071990682061,27.44231605529785,27.44231605529785,71000,0.0,0.0
2022-07-01 00:00:00+08:00,26.993911516781154,27.218113436836603,25.872901916503906,25.872901916503906,130000,0.0,0.0
2022-07-04 00:00:00+08:00,25.96258231266748,26.097103118896484,25.87290120500652,26.097103118896484,240000,0.0,0.0
2022-07-05 00:00:00+08:00,26.097103118896484,26.23162392512549,25.87290120500652,26.097103118896484,49000,0.0,0.0
2022-07-06 00:00:00+08:00,26.276466441447898,26.276466441447898,25.917743682861328,25.917743682861328,116000,0.0,0.0
2022-07-07 00:00:00+08:00,26.13632997261044,26.183677673339844,25.946935557294818,26.183677673339844,91000,1.53083,0.0
2022-07-08 00:00:00+08:00,26.515117645263672,26.65716255712349,26.231027821544036,26.515117645263672,97000,0.0,0.0
2022-07-11 00:00:00+08:00,26.704512701940825,26.98860253243418,26.562465980495055,26.8465576171875,95000,0.0,0.0
2022-07-12 00:00:00+08:00,26.79920757318787,26.79920757318787,26.27837562561035,26.27837562561035,143000,0.0,0.0
2022-07-13 00:00:00+08:00,26.515117324116186,26.562465025429642,26.325722906464318,26.467769622802734,63000,0.0,0.0
2022-07-14 00:00:00+08:00,26.515118592425043,26.893905639648438,26.515118592425043,26.893905639648438,71000,0.0,0.0
2022-07-15 00:00:00+08:00,26.98860231940202,27.32004165649414,26.79920789643536,27.32004165649414,135000,0.0,0.0
2022-07-18 00:00:00+08:00,27.651480578993333,28.31435743703964,27.651480578993333,28.267009735107422,181000,0.0,0.0
2022-07-19 00:00:00+08:00,28.267009633552096,28.74049387596939,28.03026751234345,28.503751754760742,150000,0.0,0.0
2022-07-20 00:00:00+08:00,29.02458316949048,29.166628078384758,28.598448442807648,28.693143844604492,110000,0.0,0.0
2022-07-21 00:00:00+08:00,28.929887452484135,29.0245846653605,28.69314532339278,28.882539749145508,76000,0.0,0.0
2022-07-22 00:00:00+08:00,28.88253900731914,28.929886709441675,28.645796884308325,28.787841796875,63000,0.0,0.0
2022-07-25 00:00:00+08:00,28.787842111896705,29.16662915161921,28.693144900416307,29.07193374633789,85000,0.0,0.0
2022-07-26 00:00:00+08:00,28.83519183438681,29.16662936772532,28.59844970703125,28.59844970703125,117000,0.0,0.0
2022-07-27 00:00:00+08:00,28.598448863430605,28.835190983802715,28.598448863430605,28.740493774414062,47000,0.0,0.0
2022-07-28 00:00:00+08:00,29.024583919885814,29.024583919885814,28.645796884308325,28.787841796875,67000,0.0,0.0
2022-07-29 00:00:00+08:00,28.835190883577642,29.02458349549762,28.835190883577642,28.977235794067383,56000,0.0,0.0
2022-08-01 00:00:00+08:00,29.356023865833304,31.86549186706543,29.261326653413377,31.86549186706543,409000,0.0,0.0
2022-08-02 00:00:00+08:00,32.10223492825657,34.090867415890884,32.00753590688456,32.76511001586914,779000,0.0,0.0
2022-08-03 00:00:00+08:00,31.628748559584107,32.29162360320571,30.918522202219776,30.965869903564453,284000,0.0,0.0
2022-08-04 00:00:00+08:00,30.965870536637112,31.249960362911224,30.018902040791318,30.30299186706543,151000,0.0,0.0
2022-08-05 00:00:00+08:00,30.492385568117513,31.344655026799,30.492385568117513,31.202611923217773,98000,0.0,0.0
2022-08-08 00:00:00+08:00,31.202612667855487,31.24996037017916,30.9185228415153,31.060565948486328,98000,0.0,0.0
2022-08-09 00:00:00+08:00,31.06056508186929,31.439353914686418,30.5870808470469,30.681779861450195,196000,0.0,0.0
2022-08-10 00:00:00+08:00,30.776475485787685,31.249959724030575,30.492385665321567,30.965869903564453,133000,0.0,0.0
2022-08-11 00:00:00+08:00,31.43935522418537,31.53405063013485,30.776476545344465,30.871171951293945,120000,0.0,0.0
2022-08-12 00:00:00+08:00,30.587081167019246,30.965870003798894,30.53973346552131,30.729127883911133,61000,0.0,0.0
2022-08-15 00:00:00+08:00,30.776476763263677,30.776476763263677,30.113598079729126,30.397687911987305,105000,0.0,0.0
2022-08-16 00:00:00+08:00,30.58708201598507,30.58708201598507,30.20829497489096,30.350339889526367,27000,0.0,0.0
2022-08-17 00:00:00+08:00,30.30299186706543,30.350339569378093,30.208294656241037,30.30299186706543,40000,0.0,0.0
2022-08-18 00:00:00+08:00,30.302991763565892,30.681780605569713,30.302991763565892,30.53973388671875,22000,0.0,0.0
2022-08-19 00:00:00+08:00,30.871170567852566,30.918521881103516,30.53973304948404,30.918521881103516,100000,0.0,0.0
2022-08-22 00:00:00+08:00,30.634429506498925,31.013218351167094,30.634429506498925,30.823823928833008,31000,0.0,0.0
2022-08-23 00:00:00+08:00,30.776476332164947,30.776476332164947,30.53973420653291,30.587081909179688,35000,0.0,0.0
2022-08-24 00:00:00+08:00,30.776476332164947,30.776476332164947,30.53973420653291,30.587081909179688,61000,0.0,0.0
2022-08-25 00:00:00+08:00,30.776476332164947,30.776476332164947,30.30299208090087,30.587081909179688,61000,0.0,0.0
2022-08-26 00:00:00+08:00,30.823824248319205,30.965870969641607,30.68178113939499,30.871171951293945,93000,0.0,0.0
2022-08-29 00:00:00+08:00,30.871171951293945,30.871171951293945,30.72912884236973,30.871171951293945,77000,0.0,0.0
2022-08-30 00:00:00+08:00,31.34465578176933,32.19692887337679,31.15526497243268,31.818140029907227,310000,0.0,0.0
2022-08-31 00:00:00+08:00,31.81813970930337,31.81813970930337,31.43935448204863,31.77079200744629,78000,0.0,0.0
2022-09-01 00:00:00+08:00,31.9128388286714,31.9128388286714,31.249960163333196,31.53404998779297,61000,0.0,0.0
2022-09-02 00:00:00+08:00,31.439354467335892,31.439354467335892,30.871171208122526,31.01321792602539,72000,0.0,0.0
2022-09-05 00:00:00+08:00,31.249960475985162,31.249960475985162,30.823823928833008,30.823823928833008,37000,0.0,0.0
2022-09-06 00:00:00+08:00,30.871171192952215,30.871171192952215,30.208294336593788,30.255643844604492,73000,0.0,0.0
2022-09-07 00:00:00+08:00,30.208293914794922,30.255643422144484,30.06624900514428,30.208293914794922,27000,0.0,0.0
2022-09-08 00:00:00+08:00,30.20829406028356,32.007533805654866,30.11359685132738,31.72344398498535,294000,0.0,0.0
2022-09-12 00:00:00+08:00,31.770791708048687,32.85980690248951,31.723444006637795,32.48101806640625,385000,0.0,0.0
2022-09-13 00:00:00+08:00,31.723445667940027,32.812460919410704,31.723445667940027,32.196929931640625,109000,0.0,0.0
2022-09-14 00:00:00+08:00,31.34465454910683,32.43366972195654,31.34465454910683,32.386322021484375,72000,0.0,0.0
2022-09-15 00:00:00+08:00,32.67041151142656,32.85980592382746,32.29162268662475,32.33897399902344,203000,0.0,0.0
2022-09-16 00:00:00+08:00,32.52836564420636,32.52836564420636,31.960186004638672,31.960186004638672,89000,0.0,0.0
2022-09-19 00:00:00+08:00,32.38632350307444,32.812460051614536,32.05488235981075,32.57571792602539,147000,0.0,0.0
2022-09-20 00:00:00+08:00,32.85980657722128,32.85980657722128,32.196927926836224,32.43367004394531,56000,0.0,0.0
2022-09-21 00:00:00+08:00,32.43367141977174,32.43367141977174,32.00753486841919,32.10223388671875,90000,0.0,0.0
2022-09-22 00:00:00+08:00,31.818139288547723,32.244275824422516,31.53404946876388,31.960186004638672,31000,0.0,0.0
2022-09-23 00:00:00+08:00,31.723445253957177,31.77079295722971,31.581398531741367,31.62874984741211,57000,0.0,0.0
2022-09-26 00:00:00+08:00,30.871171845255883,30.871171845255883,30.350339889526367,30.350339889526367,102000,0.0,0.0
2022-09-27 00:00:00+08:00,29.734811352367437,30.066250697676132,29.68746364855153,29.924205780029297,51000,0.0,0.0
2022-09-28 00:00:00+08:00,29.924205255274913,29.924205255274913,29.11928166112592,29.35602378845215,75000,0.0,0.0
2022-09-29 00:00:00+08:00,29.734810078858363,29.734810078858363,29.26132583618164,29.26132583618164,29000,0.0,0.0
2022-09-30 00:00:00+08:00,28.929886187513628,29.261325514989036,28.503751457501558,29.213977813720703,22000,0.0,0.0
2022-10-03 00:00:00+08:00,29.07193322283038,29.356023045956796,29.07193322283038,29.26132583618164,45000,0.0,0.0
2022-10-04 00:00:00+08:00,29.35602294476141,29.49806785583496,29.166628525863977,29.49806785583496,100000,0.0,0.0
2022-10-05 00:00:00+08:00,30.066249306328217,30.066249306328217,29.49806785583496,29.49806785583496,51000,0.0,0.0
2022-10-06 00:00:00+08:00,29.54541789073686,29.54541789073686,29.30867576599121,29.30867576599121,12000,0.0,0.0
2022-10-07 00:00:00+08:00,29.308675022456395,29.40337042499306,29.11928060498501,29.213977813720703,16000,0.0,0.0
2022-10-11 00:00:00+08:00,28.88253900731914,29.213978340774087,28.787841796875,28.787841796875,16000,0.0,0.0
2022-10-12 00:00:00+08:00,28.598450249995736,28.598450249995736,28.172313690185547,28.172313690185547,44000,0.0,0.0
2022-10-13 00:00:00+08:00,28.124965362104273,28.124965362104273,26.08898162841797,26.08898162841797,99000,0.0,0.0
2022-10-14 00:00:00+08:00,26.373073156917624,26.46777036841122,26.088981522436836,26.32572364807129,75000,0.0,0.0
2022-10-17 00:00:00+08:00,26.37307357788086,26.420421281283875,25.89958931905427,26.37307357788086,18000,0.0,0.0
2022-10-18 00:00:00+08:00,26.609814855236564,26.609814855236564,26.373072733403852,26.515117645263672,31000,0.0,0.0
2022-10-19 00:00:00+08:00,26.799208216564146,26.799208216564146,26.46777068171193,26.60981559753418,14000,0.0,0.0
2022-10-20 00:00:00+08:00,26.562466406246465,26.657163619995117,26.420421488723047,26.657163619995117,18000,0.0,0.0
2022-10-21 00:00:00+08:00,26.657163619995117,26.657163619995117,26.657163619995117,26.657163619995117,11000,0.0,0.0
2022-10-24 00:00:00+08:00,27.367388818091204,27.367388818091204,26.60981475359972,26.751859664916992,91000,0.0,0.0
2022-10-25 00:00:00+08:00,26.75186008995614,26.846557301071904,26.56246566772461,26.56246566772461,50000,0.0,0.0
2022-10-26 00:00:00+08:00,26.60981548971001,26.8465576171875,26.562465980495055,26.8465576171875,44000,0.0,0.0
2022-10-27 00:00:00+08:00,26.751859245853815,27.414737896549266,26.751859245853815,26.941253662109375,29000,0.0,0.0
2022-10-28 00:00:00+08:00,26.893904475314468,27.320041013866245,26.04163320440995,26.988601684570312,72000,0.0,0.0
2022-10-31 00:00:00+08:00,26.562466406246465,27.27269280006267,26.562466406246465,26.657163619995117,14000,0.0,0.0
2022-11-01 00:00:00+08:00,26.65716203772603,26.941253662109375,26.65716203772603,26.941253662109375,13000,0.0,0.0
2022-11-02 00:00:00+08:00,26.988603030934055,28.172313690185547,26.988603030934055,28.172313690185547,95000,0.0,0.0
2022-11-03 00:00:00+08:00,27.888223810560344,29.924205780029297,27.177997416127052,29.924205780029297,83000,0.0,0.0
2022-11-04 00:00:00+08:00,29.829507619142532,30.30299186706543,28.74049421015968,30.30299186706543,140000,0.0,0.0
2022-11-07 00:00:00+08:00,30.066249957070248,31.344655990600586,30.066249957070248,31.344655990600586,177000,0.0,0.0
2022-11-08 00:00:00+08:00,31.34465454910683,32.386322021484375,30.87117031958922,32.386322021484375,278000,0.0,0.0
2022-11-09 00:00:00+08:00,30.776475507821612,31.72344398498535,29.592764911366935,31.72344398498535,320000,0.0,0.0
2022-11-10 00:00:00+08:00,30.302991462476324,31.24995994567871,29.92420443043518,31.24995994567871,171000,0.0,0.0
2022-11-11 00:00:00+08:00,31.439354791871995,31.960186742228686,30.58708170045331,31.060565948486328,173000,0.0,0.0
2022-11-14 00:00:00+08:00,31.060565948486328,31.060565948486328,30.58708170045331,31.060565948486328,37000,0.0,0.0
2022-11-15 00:00:00+08:00,31.060565207238504,31.202611923217773,30.492385568117513,31.202611923217773,76000,0.0,0.0
2022-11-16 00:00:00+08:00,30.9185228415153,31.060565948486328,30.492386295805957,31.060565948486328,83000,0.0,0.0
2022-11-17 00:00:00+08:00,31.060566788498914,31.249961215313796,30.587082527660826,31.15526580810547,55000,0.0,0.0
2022-11-18 00:00:00+08:00,31.15526496553181,31.439354791871995,30.397687278760475,31.060565948486328,74000,0.0,0.0
2022-11-21 00:00:00+08:00,31.344655349039716,31.344655349039716,30.776475704077516,31.24995994567871,27000,0.0,0.0
2022-11-22 00:00:00+08:00,31.249960996435426,31.628749847412106,30.77647673891368,31.62874984741211,74000,0.0,0.0
2022-11-23 00:00:00+08:00,31.581397486948077,32.00753402709961,31.249959962606937,32.00753402709961,137000,0.0,0.0
2022-11-24 00:00:00+08:00,31.912839679445515,31.912839679445515,30.729129035641144,31.62874984741211,93000,0.0,0.0
2022-11-25 00:00:00+08:00,31.297308699707962,31.628749847412106,30.871172145458747,31.62874984741211,80000,0.0,0.0
2022-11-28 00:00:00+08:00,30.87117142385129,31.344655670305443,30.8238237216855,31.29730796813965,63000,0.0,0.0
2022-11-29 00:00:00+08:00,30.9185228415153,31.34465577482651,30.82382382446982,31.060565948486328,30000,0.0,0.0
2022-11-30 00:00:00+08:00,30.918522421517107,31.24995994567871,30.918522421517107,31.24995994567871,54000,0.0,0.0
2022-12-01 00:00:00+08:00,31.6760964855994,31.6760964855994,30.96587012319761,31.24995994567871,34000,0.0,0.0
2022-12-02 00:00:00+08:00,31.060565526558616,31.24995994567871,30.87117110743852,31.24995994567871,70000,0.0,0.0
2022-12-05 00:00:00+08:00,31.24996079988823,31.24996079988823,30.871171951293945,30.871171951293945,26000,0.0,0.0
2022-12-06 00:00:00+08:00,30.823823088871748,31.202611923217773,30.492385568117513,31.202611923217773,26000,0.0,0.0
2022-12-07 00:00:00+08:00,31.15526409627259,31.15526409627259,30.681779861450195,30.681779861450195,39000,0.0,0.0
2022-12-08 00:00:00+08:00,31.20261309691349,31.20261309691349,30.492386715097847,30.871171951293945,45000,0.0,0.0
2022-12-09 00:00:00+08:00,30.53973358327692,31.24995994567871,30.445038179915915,31.24995994567871,59000,0.0,0.0
2022-12-12 00:00:00+08:00,29.734810618144163,30.634429611826462,29.54541800135798,30.587081909179688,56000,0.0,0.0
2022-12-13 00:00:00+08:00,30.01890235822182,30.01890235822182,29.59276580810547,29.59276580810547,60000,0.0,0.0
2022-12-14 00:00:00+08:00,29.592764644923786,29.734809553979616,29.545416943971514,29.687461853027344,30000,0.0,0.0
2022-12-15 00:00:00+08:00,29.640113510918802,29.876855637383645,29.59276580810547,29.59276580810547,40000,0.0,0.0
2022-12-16 00:00:00+08:00,29.592765495181084,30.30299186706543,29.356023371219635,30.30299186706543,50000,0.0,0.0
2022-12-19 00:00:00+08:00,30.01890127767751,30.01890127767751,29.35602262495694,29.450719833374023,28000,0.0,0.0
2022-12-20 00:00:00+08:00,29.35602368244181,29.35602368244181,28.83519172668457,28.83519172668457,35000,0.0,0.0
2022-12-21 00:00:00+08:00,28.740493992406623,29.071933324681307,28.503751870238855,29.02458381652832,66000,0.0,0.0
2022-12-22 00:00:00+08:00,29.924204069260426,29.924204069260426,28.88253838907054,29.450719833374023,42000,0.0,0.0
2022-12-23 00:00:00+08:00,28.69314428481944,29.49806785583496,27.888222520002955,29.49806785583496,67000,0.0,0.0
2022-12-26 00:00:00+08:00,28.55110019430316,29.45072100062246,28.45640298213285,29.35602378845215,69000,0.0,0.0
2022-12-27 00:00:00+08:00,29.30867608909793,29.450721004271447,28.59844970703125,28.59844970703125,129000,0.0,0.0
2022-12-28 00:00:00+08:00,28.929887551116103,29.45072132061225,28.503752801018283,29.403371810913086,39000,0.0,0.0
2022-12-29 00:00:00+08:00,29.640112766908516,29.640112766908516,29.49806785583496,29.49806785583496,4000,0.0,0.0
2022-12-30 00:00:00+08:00,29.782159484181108,29.782159484181108,28.882538703716868,29.49806785583496,51000,0.0,0.0
2023-01-03 00:00:00+08:00,29.35602368244181,29.35602368244181,28.83519172668457,28.83519172668457,18000,0.0,0.0
2023-01-04 00:00:00+08:00,28.693143844604492,28.787841052600346,28.598448442807648,28.693143844604492,19000,0.0,0.0
2023-01-05 00:00:00+08:00,28.740493674518138,28.977235794067383,28.740493674518138,28.977235794067383,14000,0.0,0.0
2023-01-06 00:00:00+08:00,29.07193374633789,29.07193374633789,28.59844949513499,29.07193374633789,9000,0.0,0.0
2023-01-09 00:00:00+08:00,28.787841694360555,29.02458381652832,28.645796782299705,29.02458381652832,15000,0.0,0.0
2023-01-10 00:00:00+08:00,28.59844991671552,28.882539749145508,28.2670105747478,28.882539749145508,36000,0.0,0.0
2023-01-11 00:00:00+08:00,29.11928144897855,29.49806848870106,28.551099986295252,29.07193374633789,19000,0.0,0.0
2023-01-12 00:00:00+08:00,28.740494622204768,28.740494622204768,28.59844970703125,28.59844970703125,6000,0.0,0.0
2023-01-13 00:00:00+08:00,28.503752603090856,29.024584562771285,28.314358178007556,28.36170768737793,16000,0.0,0.0
2023-01-16 00:00:00+08:00,28.787842428076747,29.119281768798828,28.314358171673515,29.119281768798828,32000,0.0,0.0
2023-01-17 00:00:00+08:00,29.119281240138488,29.54541778564453,29.119281240138488,29.54541778564453,16000,0.0,0.0
2023-01-30 00:00:00+08:00,29.54541778564453,30.208294648855073,29.54541778564453,29.54541778564453,11000,0.0,0.0
2023-01-31 00:00:00+08:00,29.45072057484329,29.54541778564453,29.45072057484329,29.54541778564453,4000,0.0,0.0
2023-02-01 00:00:00+08:00,29.024584029337248,29.54541778564453,28.882539116234923,29.54541778564453,51000,0.0,0.0
2023-02-02 00:00:00+08:00,28.977236327036163,29.54541778564453,28.787841905433684,29.54541778564453,145000,0.0,0.0
2023-02-03 00:00:00+08:00,29.54541714119611,29.54541714119611,28.882538486245295,29.213977813720703,122000,0.0,0.0
2023-02-06 00:00:00+08:00,29.213977813720703,29.87685466247249,28.882538486245295,29.213977813720703,81000,0.0,0.0
2023-02-07 00:00:00+08:00,28.929887343757898,29.166629471959514,28.40905538419398,29.119281768798828,75000,0.0,0.0
2023-02-08 00:00:00+08:00,28.929887660466427,29.166629791259766,28.882539956787404,29.166629791259766,48000,0.0,0.0
2023-02-09 00:00:00+08:00,28.977235894786176,29.07193310417483,28.740493774414062,28.740493774414062,51000,0.0,0.0
2023-02-10 00:00:00+08:00,28.740495149963653,28.929887771606445,28.59845023218178,28.929887771606445,44000,0.0,0.0
2023-02-13 00:00:00+08:00,28.645796884308325,28.787841796875,28.598449182185785,28.787841796875,13000,0.0,0.0
2023-02-14 00:00:00+08:00,28.55110072212174,29.071934495587445,28.456403508200783,28.929887771606445,35000,0.0,0.0
2023-02-15 00:00:00+08:00,28.740495149963653,28.929887771606445,28.409055804339864,28.929887771606445,114000,0.0,0.0
2023-02-16 00:00:00+08:00,28.977236853117677,29.119281768798828,28.59844980923491,29.119281768798828,96000,0.0,0.0
2023-02-17 00:00:00+08:00,29.119282087580746,29.213979301137904,28.693145529673085,29.166629791259766,136000,0.0,0.0
2023-02-20 00:00:00+08:00,28.977235694980987,29.213977813720703,28.74049357624127,29.213977813720703,147000,0.0,0.0
2023-02-21 00:00:00+08:00,29.166628426922458,29.782159383151534,28.929886307203287,29.73480987548828,264000,0.0,0.0
2023-02-22 00:00:00+08:00,29.35602284517741,30.01890150287071,29.071933023994017,29.73480987548828,234000,0.0,0.0
2023-02-23 00:00:00+08:00,29.403370228716668,29.734809553979616,29.308674826812123,29.687461853027344,357000,0.0,0.0
2023-02-24 00:00:00+08:00,29.68746259482809,29.78215980529785,29.450720471753225,29.78215980529785,90000,0.0,0.0
2023-03-01 00:00:00+08:00,29.54541714119611,29.782159259935824,29.213977813720703,29.213977813720703,169000,0.0,0.0
2023-03-02 00:00:00+08:00,29.498068700137104,30.255644591211343,29.498068700137104,30.113597869873047,125000,0.0,0.0
2023-03-03 00:00:00+08:00,30.20829455306494,30.776476009871608,30.160946850913987,30.53973388671875,127000,0.0,0.0
2023-03-06 00:00:00+08:00,30.681780926871394,30.729128629518172,30.208294869408242,30.587081909179688,89000,0.0,0.0
2023-03-07 00:00:00+08:00,30.587081909179684,30.776476332164947,30.208294869408242,30.587081909179688,137000,0.0,0.0
2023-03-08 00:00:00+08:00,30.35033882444556,30.35033882444556,30.01890130399374,30.208293914794922,97000,0.0,0.0
2023-03-09 00:00:00+08:00,30.35033914689899,30.53973356591139,30.018901622925853,30.492385864257812,81000,0.0,0.0
2023-03-10 00:00:00+08:00,30.208295301449283,30.208295301449283,29.640113830566406,29.640113830566406,54000,0.0,0.0
2023-03-13 00:00:00+08:00,29.071934174898235,29.261326794451858,28.69314532339278,28.882539749145508,175000,0.0,0.0
2023-03-14 00:00:00+08:00,28.8825393233771,29.07193374633789,28.503752283654592,29.07193374633789,113000,0.0,0.0
2023-03-15 00:00:00+08:00,29.308674826812123,29.687461853027344,28.977235501549174,29.687461853027344,64000,0.0,0.0
2023-03-16 00:00:00+08:00,29.071934495587445,29.308676627290275,28.740495149963653,28.929887771606445,114000,0.0,0.0
2023-03-17 00:00:00+08:00,29.07193322283038,29.26132583618164,28.882538803280074,29.26132583618164,92000,0.0,0.0
2023-03-20 00:00:00+08:00,29.213979091113227,29.30867630398959,28.882539749145508,28.882539749145508,203000,0.0,0.0
2023-03-21 00:00:00+08:00,29.071933428207412,29.11928113032995,28.787841796875,28.787841796875,98000,0.0,0.0
2023-03-22 00:00:00+08:00,29.024583927738842,29.78215980529785,29.024583927738842,29.78215980529785,239000,0.0,0.0
2023-03-23 00:00:00+08:00,29.356023364042052,29.87685531415027,29.356023364042052,29.54541778564453,175000,0.0,0.0
2023-03-24 00:00:00+08:00,29.592764842464444,29.73480975246847,29.213977813720703,29.213977813720703,80000,0.0,0.0
2023-03-27 00:00:00+08:00,29.213977715430822,29.450719833374023,29.119280507013737,29.450719833374023,15000,0.0,0.0
2023-03-28 00:00:00+08:00,29.450720679598785,29.450720679598785,29.071933641245558,29.30867576599121,22000,0.0,0.0
2023-03-29 00:00:00+08:00,29.11928060498501,29.213977813720703,29.07193290371668,29.213977813720703,43000,0.0,0.0
2023-03-30 00:00:00+08:00,29.261326257322636,29.30867576599121,29.024584132576987,29.30867576599121,39000,0.0,0.0
2023-03-31 00:00:00+08:00,29.166629364111532,29.35602378845215,29.071933958140313,29.35602378845215,261000,0.0,0.0
2023-04-06 00:00:00+08:00,29.213978033687855,29.49806785583496,29.119280824239137,29.49806785583496,40000,0.0,0.0
2023-04-07 00:00:00+08:00,29.498068596279712,29.59276580810547,29.356023681640625,29.59276580810547,32000,0.0,0.0
2023-04-10 00:00:00+08:00,29.687462051200136,29.87685466247249,29.213977813720703,29.213977813720703,74000,0.0,0.0
2023-04-11 00:00:00+08:00,29.261326906241454,29.261326906241454,28.645797729492188,28.645797729492188,110000,0.0,0.0
2023-04-12 00:00:00+08:00,28.693145529673085,29.166629791259766,28.693145529673085,29.166629791259766,49000,0.0,0.0
2023-04-13 00:00:00+08:00,29.261326257322636,29.30867576599121,28.88253921896941,29.30867576599121,40000,0.0,0.0
2023-04-14 00:00:00+08:00,29.02458371484328,29.30867534416874,28.977236013055226,29.26132583618164,58000,0.0,0.0
2023-04-17 00:00:00+08:00,29.261325514989036,29.261325514989036,29.07193290371668,29.213977813720703,13000,0.0,0.0
2023-04-18 00:00:00+08:00,29.21397941336932,29.21397941336932,28.929887771606445,28.929887771606445,126000,0.0,0.0
2023-04-19 00:00:00+08:00,29.16662904618456,29.356023468460712,29.024584132576987,29.30867576599121,42000,0.0,0.0
2023-04-20 00:00:00+08:00,29.30867576599121,29.30867576599121,29.024584132576987,29.30867576599121,24000,0.0,0.0
2023-04-21 00:00:00+08:00,29.071934174898235,29.071934174898235,28.882539749145508,28.882539749145508,37000,0.0,0.0
2023-04-24 00:00:00+08:00,28.787842743230247,29.166629791259766,28.787842743230247,29.166629791259766,28000,0.0,0.0
2023-04-25 00:00:00+08:00,29.16662904618456,29.30867576599121,28.551099883085683,29.30867576599121,80000,0.0,0.0
2023-04-26 00:00:00+08:00,29.166629791259766,29.166629791259766,28.740495039551224,29.166629791259766,36000,0.0,0.0
2023-04-27 00:00:00+08:00,28.882538260596203,29.166628078384758,28.693143844604492,28.693143844604492,74000,0.0,0.0
2023-04-28 00:00:00+08:00,28.882538703716868,30.25564372522565,28.69314428481944,29.49806785583496,109000,0.0,0.0
2023-05-02 00:00:00+08:00,29.40337042499306,29.45071993246042,29.166628306253344,29.213977813720703,14000,0.0,0.0
2023-05-03 00:00:00+08:00,29.16662904618456,29.30867576599121,28.977236430107485,29.30867576599121,10000,0.0,0.0
2023-05-04 00:00:00+08:00,29.30867576599121,29.30867576599121,29.11928134371506,29.30867576599121,10000,0.0,0.0
2023-05-05 00:00:00+08:00,28.977235794067383,29.02458349549762,28.740493674518138,28.977235794067383,74000,0.0,0.0
2023-05-08 00:00:00+08:00,28.977237281666486,29.16662990330928,28.78784285382457,28.929887771606445,35000,0.0,0.0
2023-05-09 00:00:00+08:00,29.02458381652832,29.02458381652832,28.740493992406623,29.02458381652832,38000,0.0,0.0
2023-05-10 00:00:00+08:00,29.024584985527405,29.024584985527405,28.88254006774553,28.929887771606445,27000,0.0,0.0
2023-05-11 00:00:00+08:00,28.693145639903612,28.929887771606445,28.59845023218178,28.929887771606445,24000,0.0,0.0
2023-05-12 00:00:00+08:00,29.024584985527405,29.024584985527405,28.409055804339864,28.929887771606445,46000,0.0,0.0
2023-05-15 00:00:00+08:00,28.645796465458634,28.977235794067383,28.645796465458634,28.977235794067383,7000,0.0,0.0
2023-05-16 00:00:00+08:00,28.977237281666486,28.977237281666486,28.693145639903612,28.929887771606445,59000,0.0,0.0
2023-05-17 00:00:00+08:00,28.693144900416307,29.07193374633789,28.693144900416307,29.07193374633789,46000,0.0,0.0
2023-05-18 00:00:00+08:00,29.07193322283038,29.26132583618164,28.693144383729766,29.26132583618164,297000,0.0,0.0
2023-05-19 00:00:00+08:00,29.261325514989036,29.261325514989036,28.835190784976962,29.213977813720703,176000,0.0,0.0
2023-05-22 00:00:00+08:00,29.261325514989036,29.261325514989036,29.07193290371668,29.213977813720703,21000,0.0,0.0
2023-05-23 00:00:00+08:00,29.213979301137904,29.261327004816923,29.071934383901723,29.166629791259766,17000,0.0,0.0
2023-05-24 00:00:00+08:00,29.16662862640649,29.26132583618164,29.119280924618433,29.26132583618164,36000,0.0,0.0
2023-05-25 00:00:00+08:00,29.213978554853135,29.30867576599121,29.16662904618456,29.30867576599121,30000,0.0,0.0
2023-05-26 00:00:00+08:00,29.49806848870106,29.49806848870106,29.07193374633789,29.07193374633789,39000,0.0,0.0
2023-05-29 00:00:00+08:00,29.02458371484328,29.26132583618164,28.929886505068126,29.26132583618164,33000,0.0,0.0
2023-05-30 00:00:00+08:00,29.261327117230234,29.261327117230234,28.929887771606445,28.929887771606445,81000,0.0,0.0
2023-05-31 00:00:00+08:00,29.26132583618164,29.356023045956796,29.02458371484328,29.26132583618164,63000,0.0,0.0
2023-06-01 00:00:00+08:00,29.26132583618164,29.26132583618164,29.02458371484328,29.26132583618164,43000,0.0,0.0
2023-06-02 00:00:00+08:00,29.261325514989036,29.40337042499306,29.07193290371668,29.213977813720703,132000,0.0,0.0
2023-06-05 00:00:00+08:00,29.308674923847907,29.450719833374023,29.213977715430822,29.450719833374023,49000,0.0,0.0
2023-06-06 00:00:00+08:00,29.45072100062246,29.545418212792768,29.071933958140313,29.35602378845215,108000,0.0,0.0
2023-06-07 00:00:00+08:00,29.35602262495694,29.450719833374023,29.119280507013737,29.450719833374023,212000,0.0,0.0
2023-06-08 00:00:00+08:00,29.498068382068286,29.592765593206362,29.11928134371506,29.30867576599121,135000,0.0,0.0
2023-06-09 00:00:00+08:00,29.403371170930214,29.450720679598785,29.11928134371506,29.30867576599121,124000,0.0,0.0
2023-06-12 00:00:00+08:00,29.356023468460712,29.640113295675864,29.16662904618456,29.30867576599121,87000,0.0,0.0
2023-06-13 00:00:00+08:00,29.35602378845215,29.45072100062246,29.21397887329623,29.35602378845215,78000,0.0,0.0
2023-06-14 00:00:00+08:00,29.35602410741303,29.403371810913086,29.213979190713758,29.403371810913086,97000,0.0,0.0
2023-06-15 00:00:00+08:00,29.40337149143776,29.45072100062246,29.21397887329623,29.35602378845215,112000,0.0,0.0
2023-06-16 00:00:00+08:00,29.40337149143776,29.545418212792768,29.166629364111532,29.35602378845215,212000,0.0,0.0
2023-06-19 00:00:00+08:00,29.35602410741303,29.403371810913086,29.261326894213813,29.403371810913086,91000,0.0,0.0
2023-06-20 00:00:00+08:00,29.35602378845215,29.35602378845215,29.166629364111532,29.35602378845215,125000,0.0,0.0
2023-06-21 00:00:00+08:00,29.308676514695062,29.356024218374085,29.166629791259766,29.166629791259766,289000,0.0,0.0
2023-06-26 00:00:00+08:00,29.308675871939343,29.356023574580004,29.07193374633789,29.07193374633789,65000,0.0,0.0
2023-06-27 00:00:00+08:00,29.399999618530273,29.950000762939453,29.299999237060547,29.950000762939453,121000,1.628067,0.0
2023-06-28 00:00:00+08:00,29.899999618530273,29.899999618530273,29.600000381469727,29.649999618530273,29000,0.0,0.0
2023-06-29 00:00:00+08:00,29.649999618530273,29.899999618530273,29.600000381469727,29.899999618530273,23000,0.0,0.0
2023-06-30 00:00:00+08:00,30.5,30.5,30.5,30.5,30000,0.0,0.0
2023-07-03 00:00:00+08:00,30.149999618530273,30.549999237060547,30.149999618530273,30.549999237060547,34000,0.0,0.0
2023-07-04 00:00:00+08:00,30.299999237060547,30.549999237060547,30.100000381469727,30.549999237060547,88000,0.0,0.0
2023-07-05 00:00:00+08:00,30.299999237060547,30.549999237060547,30.299999237060547,30.549999237060547,38000,0.0,0.0
2023-07-06 00:00:00+08:00,30.549999237060547,30.799999237060547,30.200000762939453,30.5,129000,0.0,0.0
2023-07-07 00:00:00+08:00,30.25,30.549999237060547,30.25,30.5,40000,0.0,0.0
2023-07-10 00:00:00+08:00,30.5,30.5,29.799999237060547,30.25,136000,0.0,0.0
2023-07-11 00:00:00+08:00,30.049999237060547,30.450000762939453,29.950000762939453,30.450000762939453,62000,0.0,0.0
2023-07-12 00:00:00+08:00,30.200000762939453,30.25,29.950000762939453,30.100000381469727,131000,0.0,0.0
2023-07-13 00:00:00+08:00,29.899999618530273,30.200000762939453,29.850000381469727,30.149999618530273,40000,0.0,0.0
2023-07-14 00:00:00+08:00,29.899999618530273,30.100000381469727,29.700000762939453,29.700000762939453,59000,0.0,0.0
2023-07-17 00:00:00+08:00,29.799999237060547,29.799999237060547,29.5,29.700000762939453,38000,0.0,0.0
2023-07-18 00:00:00+08:00,29.700000762939453,29.899999618530273,29.450000762939453,29.899999618530273,30000,0.0,0.0
2023-07-19 00:00:00+08:00,29.600000381469727,29.799999237060547,29.549999237060547,29.799999237060547,23000,0.0,0.0
2023-07-20 00:00:00+08:00,29.950000762939453,30.049999237060547,29.950000762939453,30.049999237060547,20000,0.0,0.0
2023-07-21 00:00:00+08:00,29.799999237060547,30.100000381469727,29.799999237060547,30.049999237060547,56000,0.0,0.0
2023-07-24 00:00:00+08:00,29.850000381469727,29.850000381469727,29.399999618530273,29.399999618530273,47000,0.0,0.0
2023-07-25 00:00:00+08:00,29.399999618530273,30.0,29.399999618530273,30.0,28000,0.0,0.0
2023-07-26 00:00:00+08:00,30.100000381469727,30.100000381469727,29.700000762939453,30.049999237060547,11000,0.0,0.0
2023-07-27 00:00:00+08:00,30.149999618530273,30.149999618530273,29.700000762939453,29.950000762939453,76000,0.0,0.0
2023-07-28 00:00:00+08:00,30.049999237060547,30.049999237060547,29.700000762939453,29.799999237060547,22000,0.0,0.0
2023-07-31 00:00:00+08:00,29.950000762939453,30.0,29.649999618530273,29.850000381469727,29000,0.0,0.0
2023-08-01 00:00:00+08:00,30.0,30.0,29.649999618530273,29.950000762939453,24000,0.0,0.0
2023-08-02 00:00:00+08:00,29.700000762939453,29.899999618530273,29.549999237060547,29.899999618530273,39000,0.0,0.0
2023-08-04 00:00:00+08:00,29.700000762939453,29.899999618530273,29.600000381469727,29.899999618530273,19000,0.0,0.0
2023-08-07 00:00:00+08:00,29.850000381469727,29.850000381469727,29.649999618530273,29.75,12000,0.0,0.0
2023-08-08 00:00:00+08:00,29.649999618530273,29.799999237060547,29.399999618530273,29.799999237060547,29000,0.0,0.0
2023-08-09 00:00:00+08:00,29.600000381469727,29.600000381469727,29.350000381469727,29.5,48000,0.0,0.0
2023-08-10 00:00:00+08:00,29.0,29.450000762939453,28.399999618530273,28.450000762939453,69000,0.0,0.0
2023-08-11 00:00:00+08:00,28.700000762939453,28.700000762939453,28.149999618530273,28.149999618530273,11000,0.0,0.0
2023-08-14 00:00:00+08:00,28.049999237060547,28.049999237060547,26.5,26.5,36000,0.0,0.0
2023-08-15 00:00:00+08:00,26.5,26.899999618530273,26.5,26.850000381469727,27000,0.0,0.0
2023-08-16 00:00:00+08:00,26.5,27.350000381469727,26.100000381469727,27.350000381469727,100000,0.0,0.0
2023-08-17 00:00:00+08:00,27.350000381469727,28.299999237060547,26.799999237060547,28.299999237060547,185000,0.0,0.0
2023-08-18 00:00:00+08:00,29.100000381469727,29.100000381469727,27.399999618530273,28.399999618530273,121000,0.0,0.0
2023-08-21 00:00:00+08:00,28.350000381469727,28.350000381469727,27.700000762939453,27.850000381469727,82000,0.0,0.0
2023-08-22 00:00:00+08:00,27.850000381469727,29.5,27.850000381469727,29.5,52000,0.0,0.0
2023-08-23 00:00:00+08:00,28.799999237060547,29.75,28.649999618530273,29.75,56000,0.0,0.0
2023-08-24 00:00:00+08:00,28.899999618530273,29.299999237060547,28.399999618530273,29.299999237060547,172000,0.0,0.0
2023-08-25 00:00:00+08:00,28.600000381469727,29.399999618530273,28.399999618530273,28.5,159000,0.0,0.0
2023-08-28 00:00:00+08:00,28.649999618530273,28.700000762939453,28.399999618530273,28.600000381469727,35000,0.0,0.0
2023-08-29 00:00:00+08:00,28.450000762939453,29.25,28.450000762939453,29.25,38000,0.0,0.0
2023-08-30 00:00:00+08:00,29.200000762939453,29.600000381469727,28.350000381469727,28.350000381469727,115000,0.0,0.0
2023-08-31 00:00:00+08:00,28.799999237060547,29.0,28.649999618530273,29.0,49000,0.0,0.0
2023-09-01 00:00:00+08:00,29.0,29.25,28.899999618530273,29.25,22000,0.0,0.0
2023-09-04 00:00:00+08:00,29.200000762939453,29.25,29.200000762939453,29.25,10000,0.0,0.0
2023-09-05 00:00:00+08:00,29.299999237060547,29.299999237060547,28.799999237060547,29.0,7000,0.0,0.0
2023-09-06 00:00:00+08:00,28.799999237060547,28.950000762939453,28.649999618530273,28.700000762939453,8000,0.0,0.0
2023-09-07 00:00:00+08:00,28.700000762939453,29.100000381469727,28.5,28.549999237060547,48000,0.0,0.0
2023-09-08 00:00:00+08:00,28.75,28.850000381469727,28.450000762939453,28.850000381469727,23000,0.0,0.0
2023-09-11 00:00:00+08:00,28.549999237060547,28.549999237060547,27.5,27.850000381469727,72000,0.0,0.0
2023-09-12 00:00:00+08:00,27.799999237060547,28.100000381469727,27.799999237060547,28.100000381469727,14000,0.0,0.0
2023-09-13 00:00:00+08:00,28.100000381469727,28.100000381469727,27.75,28.0,18000,0.0,0.0
2023-09-14 00:00:00+08:00,28.0,28.0,27.75,28.0,19000,0.0,0.0
2023-09-15 00:00:00+08:00,28.299999237060547,28.299999237060547,27.75,27.899999618530273,26000,0.0,0.0
2023-09-18 00:00:00+08:00,28.100000381469727,28.100000381469727,27.700000762939453,28.100000381469727,31000,0.0,0.0
2023-09-19 00:00:00+08:00,28.200000762939453,28.200000762939453,27.450000762939453,27.75,67000,0.0,0.0
2023-09-20 00:00:00+08:00,27.850000381469727,28.100000381469727,27.600000381469727,28.100000381469727,49000,0.0,0.0
2023-09-21 00:00:00+08:00,28.100000381469727,28.149999618530273,27.100000381469727,27.850000381469727,64000,0.0,0.0
2023-09-22 00:00:00+08:00,27.950000762939453,27.950000762939453,27.399999618530273,27.5,44000,0.0,0.0
2023-09-25 00:00:00+08:00,27.399999618530273,27.649999618530273,27.299999237060547,27.450000762939453,45000,0.0,0.0
2023-09-26 00:00:00+08:00,27.600000381469727,27.75,27.25,27.75,29000,0.0,0.0
2023-09-27 00:00:00+08:00,27.899999618530273,28.0,27.25,27.649999618530273,58000,0.0,0.0
2023-09-28 00:00:00+08:00,27.399999618530273,27.75,26.899999618530273,26.899999618530273,93000,0.0,0.0
2023-10-02 00:00:00+08:00,26.950000762939453,26.950000762939453,26.549999237060547,26.600000381469727,21000,0.0,0.0
2023-10-03 00:00:00+08:00,26.600000381469727,27.100000381469727,26.5,27.100000381469727,25000,0.0,0.0
2023-10-04 00:00:00+08:00,27.049999237060547,27.049999237060547,26.25,26.350000381469727,52000,0.0,0.0
2023-10-05 00:00:00+08:00,26.450000762939453,27.350000381469727,26.450000762939453,27.350000381469727,43000,0.0,0.0
2023-10-06 00:00:00+08:00,27.049999237060547,27.049999237060547,26.649999618530273,26.75,54000,0.0,0.0
2023-10-11 00:00:00+08:00,27.0,27.350000381469727,26.600000381469727,27.0,14000,0.0,0.0
2023-10-12 00:00:00+08:00,27.200000762939453,27.200000762939453,27.0,27.200000762939453,11000,0.0,0.0
2023-10-13 00:00:00+08:00,27.200000762939453,27.200000762939453,26.899999618530273,27.149999618530273,8000,0.0,0.0
2023-10-16 00:00:00+08:00,26.799999237060547,27.149999618530273,26.600000381469727,26.799999237060547,43000,0.0,0.0
2023-10-17 00:00:00+08:00,26.950000762939453,27.0,26.600000381469727,27.0,27000,0.0,0.0
2023-10-18 00:00:00+08:00,26.700000762939453,26.700000762939453,26.5,26.649999618530273,35000,0.0,0.0
2023-10-19 00:00:00+08:00,26.899999618530273,26.899999618530273,26.25,26.899999618530273,18000,0.0,0.0
2023-10-20 00:00:00+08:00,26.899999618530273,27.0,26.75,27.0,17000,0.0,0.0
2023-10-23 00:00:00+08:00,27.149999618530273,27.799999237060547,26.450000762939453,26.5,48000,0.0,0.0
2023-10-24 00:00:00+08:00,26.399999618530273,26.950000762939453,26.399999618530273,26.950000762939453,26000,0.0,0.0
2023-10-25 00:00:00+08:00,26.950000762939453,27.200000762939453,26.799999237060547,26.799999237060547,6000,0.0,0.0
2023-10-26 00:00:00+08:00,26.5,26.799999237060547,26.299999237060547,26.299999237060547,12000,0.0,0.0
2023-10-27 00:00:00+08:00,26.25,26.5,26.25,26.5,12000,0.0,0.0
2023-10-30 00:00:00+08:00,26.399999618530273,26.5,26.299999237060547,26.5,10000,0.0,0.0
2023-10-31 00:00:00+08:00,26.350000381469727,26.399999618530273,26.299999237060547,26.399999618530273,10000,0.0,0.0
2023-11-01 00:00:00+08:00,27.600000381469727,27.600000381469727,26.25,26.25,51000,0.0,0.0
2023-11-02 00:00:00+08:00,26.649999618530273,26.649999618530273,26.649999618530273,26.649999618530273,7000,0.0,0.0
2023-11-03 00:00:00+08:00,26.600000381469727,26.649999618530273,26.600000381469727,26.649999618530273,3000,0.0,0.0
2023-11-06 00:00:00+08:00,26.549999237060547,26.899999618530273,26.549999237060547,26.899999618530273,5000,0.0,0.0
2023-11-07 00:00:00+08:00,26.399999618530273,27.0,26.399999618530273,27.0,11000,0.0,0.0
2023-11-08 00:00:00+08:00,26.649999618530273,26.799999237060547,26.399999618530273,26.399999618530273,71000,0.0,0.0
2023-11-09 00:00:00+08:00,26.299999237060547,26.399999618530273,26.25,26.399999618530273,24000,0.0,0.0
2023-11-10 00:00:00+08:00,26.399999618530273,26.399999618530273,26.100000381469727,26.100000381469727,20000,0.0,0.0
2023-11-13 00:00:00+08:00,25.899999618530273,26.25,25.600000381469727,25.75,29000,0.0,0.0
2023-11-14 00:00:00+08:00,25.799999237060547,26.049999237060547,25.799999237060547,26.100000381469727,20000,0.0,0.0
2023-11-15 00:00:00+08:00,26.0,26.149999618530273,25.649999618530273,25.799999237060547,15000,0.0,0.0
2023-11-16 00:00:00+08:00,26.0,26.0,25.049999237060547,25.350000381469727,51000,0.0,0.0
2023-11-17 00:00:00+08:00,25.100000381469727,25.100000381469727,24.799999237060547,24.950000762939453,84000,0.0,0.0
2023-11-20 00:00:00+08:00,25.200000762939453,25.25,24.950000762939453,27.399999618530273,41000,0.0,0.0
2023-11-21 00:00:00+08:00,25.100000381469727,25.25,24.899999618530273,27.0,63000,0.0,0.0
2023-11-22 00:00:00+08:00,24.850000381469727,25.149999618530273,24.75,25.100000381469727,83000,0.0,0.0
2023-11-23 00:00:00+08:00,24.899999618530273,24.899999618530273,24.649999618530273,24.649999618530273,72000,0.0,0.0
2023-11-24 00:00:00+08:00,24.899999618530273,25.0,24.399999618530273,24.600000381469727,56000,0.0,0.0
2023-11-27 00:00:00+08:00,24.700000762939453,24.700000762939453,24.299999237060547,24.399999618530273,35000,0.0,0.0
2023-11-28 00:00:00+08:00,24.600000381469727,24.600000381469727,24.350000381469727,26.799999237060547,18000,0.0,0.0
2023-11-29 00:00:00+08:00,24.600000381469727,24.600000381469727,24.299999237060547,24.450000762939453,61000,0.0,0.0
2023-11-30 00:00:00+08:00,24.450000762939453,24.450000762939453,24.0,24.0,133000,0.0,0.0
2023-12-01 00:00:00+08:00,24.399999618530273,24.850000381469727,24.25,24.350000381469727,214000,0.0,0.0
2023-12-04 00:00:00+08:00,24.649999618530273,25.350000381469727,24.649999618530273,25.0,370000,0.0,0.0
2023-12-05 00:00:00+08:00,25.0,25.549999237060547,25.0,25.399999618530273,140000,0.0,0.0
2023-12-06 00:00:00+08:00,25.649999618530273,26.149999618530273,25.649999618530273,26.149999618530273,144000,0.0,0.0
2023-12-07 00:00:00+08:00,26.149999618530273,27.450000762939453,26.149999618530273,26.850000381469727,205000,0.0,0.0
2023-12-08 00:00:00+08:00,26.850000381469727,27.100000381469727,26.450000762939453,26.5,107000,0.0,0.0
2023-12-11 00:00:00+08:00,26.450000762939453,27.0,25.799999237060547,26.149999618530273,115000,0.0,0.0
2023-12-12 00:00:00+08:00,25.0,25.0,23.899999618530273,23.899999618530273,517000,0.0,0.0
2023-12-13 00:00:00+08:00,23.950000762939453,24.399999618530273,23.950000762939453,24.0,131000,0.0,0.0
2023-12-14 00:00:00+08:00,23.950000762939453,24.100000381469727,23.600000381469727,23.950000762939453,220000,0.0,0.0
2023-12-15 00:00:00+08:00,23.950000762939453,23.950000762939453,23.700000762939453,23.75,94000,0.0,0.0
2023-12-18 00:00:00+08:00,23.75,23.950000762939453,23.649999618530273,23.899999618530273,70000,0.0,0.0
2023-12-19 00:00:00+08:00,23.25,23.950000762939453,23.0,23.25,155000,0.0,0.0
2023-12-20 00:00:00+08:00,23.25,23.600000381469727,23.25,23.600000381469727,54000,0.0,0.0
2023-12-21 00:00:00+08:00,23.600000381469727,23.600000381469727,23.299999237060547,23.350000381469727,17000,0.0,0.0
2023-12-22 00:00:00+08:00,23.399999618530273,23.649999618530273,23.399999618530273,23.649999618530273,12000,0.0,0.0
2023-12-25 00:00:00+08:00,23.600000381469727,23.600000381469727,23.350000381469727,23.450000762939453,19000,0.0,0.0
2023-12-26 00:00:00+08:00,23.25,23.450000762939453,23.25,23.350000381469727,35000,0.0,0.0
2023-12-27 00:00:00+08:00,23.450000762939453,23.700000762939453,23.450000762939453,23.5,50000,0.0,0.0
2023-12-28 00:00:00+08:00,23.649999618530273,23.899999618530273,23.600000381469727,25.0,34000,0.0,0.0
2023-12-29 00:00:00+08:00,23.700000762939453,23.799999237060547,23.700000762939453,23.799999237060547,19000,0.0,0.0
2024-01-02 00:00:00+08:00,23.700000762939453,23.950000762939453,23.399999618530273,24.450000762939453,13000,0.0,0.0
2024-01-03 00:00:00+08:00,23.899999618530273,23.899999618530273,23.450000762939453,23.450000762939453,15000,0.0,0.0
2024-01-04 00:00:00+08:00,23.450000762939453,23.600000381469727,23.149999618530273,23.399999618530273,39000,0.0,0.0
2024-01-05 00:00:00+08:00,23.600000381469727,23.600000381469727,23.299999237060547,23.350000381469727,38000,0.0,0.0
2024-01-08 00:00:00+08:00,23.350000381469727,23.799999237060547,23.299999237060547,23.450000762939453,41000,0.0,0.0
2024-01-09 00:00:00+08:00,23.450000762939453,23.450000762939453,23.149999618530273,23.200000762939453,36000,0.0,0.0
2024-01-10 00:00:00+08:00,23.149999618530273,23.399999618530273,23.0,23.100000381469727,31000,0.0,0.0
2024-01-11 00:00:00+08:00,23.049999237060547,23.25,22.899999618530273,23.100000381469727,74000,0.0,0.0
2024-01-12 00:00:00+08:00,23.200000762939453,23.600000381469727,23.200000762939453,23.5,25000,0.0,0.0
2024-01-15 00:00:00+08:00,23.5,23.5,23.5,23.5,0,0.0,0.0
2024-01-16 00:00:00+08:00,23.350000381469727,23.350000381469727,23.200000762939453,23.200000762939453,21000,0.0,0.0
2024-01-17 00:00:00+08:00,23.149999618530273,23.149999618530273,22.600000381469727,23.0,40000,0.0,0.0
2024-01-18 00:00:00+08:00,22.850000381469727,23.0,22.5,22.5,79000,0.0,0.0
2024-01-19 00:00:00+08:00,22.549999237060547,22.600000381469727,22.299999237060547,22.5,39000,0.0,0.0
2024-01-22 00:00:00+08:00,22.299999237060547,22.450000762939453,22.100000381469727,22.450000762939453,52000,0.0,0.0
2024-01-23 00:00:00+08:00,22.399999618530273,22.399999618530273,22.299999237060547,22.5,12000,0.0,0.0
2024-01-24 00:00:00+08:00,22.100000381469727,22.399999618530273,22.049999237060547,22.5,43000,0.0,0.0
2024-01-25 00:00:00+08:00,22.149999618530273,22.549999237060547,22.149999618530273,22.200000762939453,33000,0.0,0.0
2024-01-26 00:00:00+08:00,22.200000762939453,22.299999237060547,22.200000762939453,22.25,46000,0.0,0.0
2024-01-29 00:00:00+08:00,22.299999237060547,22.5,22.299999237060547,22.350000381469727,22000,0.0,0.0
2024-01-30 00:00:00+08:00,22.399999618530273,22.5,22.350000381469727,22.350000381469727,12000,0.0,0.0
2024-01-31 00:00:00+08:00,22.299999237060547,22.399999618530273,22.299999237060547,22.350000381469727,13000,0.0,0.0
2024-02-01 00:00:00+08:00,22.5,23.149999618530273,22.399999618530273,22.899999618530273,66000,0.0,0.0
2024-02-02 00:00:00+08:00,22.950000762939453,23.0,22.799999237060547,22.799999237060547,29000,0.0,0.0
2024-02-05 00:00:00+08:00,22.799999237060547,23.25,22.450000762939453,23.100000381469727,48000,0.0,0.0
2024-02-15 00:00:00+08:00,23.350000381469727,23.350000381469727,22.850000381469727,22.899999618530273,44000,0.0,0.0
2024-02-16 00:00:00+08:00,22.899999618530273,23.049999237060547,22.899999618530273,24.5,23000,0.0,0.0
2024-02-19 00:00:00+08:00,23.049999237060547,23.200000762939453,23.049999237060547,23.100000381469727,31000,0.0,0.0
2024-02-20 00:00:00+08:00,23.100000381469727,23.25,23.0,23.100000381469727,28000,0.0,0.0
2024-02-21 00:00:00+08:00,23.100000381469727,23.149999618530273,23.0,25.399999618530273,18000,0.0,0.0
2024-02-22 00:00:00+08:00,23.350000381469727,23.350000381469727,23.0,23.049999237060547,17000,0.0,0.0
2024-02-23 00:00:00+08:00,23.049999237060547,23.149999618530273,22.850000381469727,22.850000381469727,39000,0.0,0.0
2024-02-26 00:00:00+08:00,22.850000381469727,22.850000381469727,22.850000381469727,22.850000381469727,0,0.0,0.0
2024-02-27 00:00:00+08:00,23.450000762939453,23.450000762939453,22.700000762939453,22.75,19000,0.0,0.0
2024-02-29 00:00:00+08:00,22.75,23.200000762939453,22.75,23.200000762939453,22000,0.0,0.0
2024-03-01 00:00:00+08:00,23.200000762939453,23.25,23.149999618530273,23.149999618530273,11000,0.0,0.0
2024-03-04 00:00:00+08:00,23.350000381469727,23.350000381469727,23.200000762939453,23.299999237060547,22000,0.0,0.0
2024-03-05 00:00:00+08:00,23.450000762939453,23.450000762939453,23.299999237060547,23.299999237060547,19000,0.0,0.0
2024-03-06 00:00:00+08:00,23.450000762939453,23.450000762939453,23.200000762939453,23.299999237060547,22000,0.0,0.0
2024-03-07 00:00:00+08:00,23.299999237060547,23.299999237060547,22.950000762939453,22.950000762939453,29000,0.0,0.0
2024-03-08 00:00:00+08:00,22.5,22.850000381469727,22.149999618530273,22.200000762939453,107000,0.0,0.0
2024-03-11 00:00:00+08:00,22.200000762939453,22.5,22.100000381469727,22.149999618530273,68000,0.0,0.0
2024-03-12 00:00:00+08:00,22.100000381469727,22.100000381469727,21.0,21.149999618530273,257000,0.0,0.0
2024-03-13 00:00:00+08:00,21.450000762939453,21.450000762939453,21.0,21.0,74000,0.0,0.0
2024-03-14 00:00:00+08:00,20.950000762939453,20.950000762939453,20.600000381469727,20.75,59000,0.0,0.0
2024-03-15 00:00:00+08:00,20.549999237060547,20.549999237060547,20.049999237060547,20.100000381469727,92000,0.0,0.0
2024-03-18 00:00:00+08:00,20.100000381469727,20.100000381469727,20.100000381469727,20.100000381469727,0,0.0,0.0
2024-03-19 00:00:00+08:00,19.200000762939453,19.350000381469727,19.200000762939453,19.350000381469727,22000,0.0,0.0
2024-03-20 00:00:00+08:00,19.450000762939453,19.850000381469727,19.350000381469727,19.700000762939453,39000,0.0,0.0
2024-03-21 00:00:00+08:00,19.75,20.299999237060547,19.700000762939453,20.0,56000,0.0,0.0
2024-03-22 00:00:00+08:00,20.399999618530273,20.399999618530273,19.950000762939453,19.950000762939453,19000,0.0,0.0
2024-03-25 00:00:00+08:00,19.950000762939453,19.950000762939453,19.950000762939453,19.950000762939453,0,0.0,0.0
2024-03-26 00:00:00+08:00,20.350000381469727,20.350000381469727,19.899999618530273,20.25,9000,0.0,0.0
2024-03-27 00:00:00+08:00,20.0,20.200000762939453,19.899999618530273,20.0,18000,0.0,0.0
2024-03-28 00:00:00+08:00,20.350000381469727,20.350000381469727,19.649999618530273,19.700000762939453,45000,0.0,0.0
2024-03-29 00:00:00+08:00,19.649999618530273,19.850000381469727,19.600000381469727,19.850000381469727,8000,0.0,0.0
2024-04-01 00:00:00+08:00,20.100000381469727,20.100000381469727,19.899999618530273,20.100000381469727,10000,0.0,0.0
2024-04-02 00:00:00+08:00,20.299999237060547,20.299999237060547,19.799999237060547,19.850000381469727,30000,0.0,0.0
2024-04-03 00:00:00+08:00,19.950000762939453,19.950000762939453,19.700000762939453,19.75,22000,0.0,0.0
2024-04-08 00:00:00+08:00,19.799999237060547,19.950000762939453,19.600000381469727,19.799999237060547,43000,0.0,0.0
2024-04-09 00:00:00+08:00,19.75,19.899999618530273,19.75,19.75,10000,0.0,0.0
2024-04-10 00:00:00+08:00,19.75,20.299999237060547,19.75,20.299999237060547,24000,0.0,0.0
2024-04-11 00:00:00+08:00,20.049999237060547,20.200000762939453,20.0,20.0,6000,0.0,0.0
2024-04-12 00:00:00+08:00,20.299999237060547,20.299999237060547,19.5,19.950000762939453,24000,0.0,0.0
2024-04-15 00:00:00+08:00,19.950000762939453,19.950000762939453,19.75,19.75,9000,0.0,0.0
2024-04-16 00:00:00+08:00,19.549999237060547,19.600000381469727,19.200000762939453,19.200000762939453,14000,0.0,0.0
2024-04-17 00:00:00+08:00,19.200000762939453,19.700000762939453,19.200000762939453,19.600000381469727,12000,0.0,0.0
2024-04-18 00:00:00+08:00,19.600000381469727,20.049999237060547,19.600000381469727,19.899999618530273,11000,0.0,0.0
2024-04-19 00:00:00+08:00,19.950000762939453,19.950000762939453,19.299999237060547,21.850000381469727,18000,0.0,0.0
2024-04-22 00:00:00+08:00,19.549999237060547,19.549999237060547,19.25,19.350000381469727,20000,0.0,0.0
2024-04-23 00:00:00+08:00,19.299999237060547,19.549999237060547,19.200000762939453,19.5,16000,0.0,0.0
2024-04-24 00:00:00+08:00,19.549999237060547,19.549999237060547,19.549999237060547,19.649999618530273,2000,0.0,0.0
2024-04-25 00:00:00+08:00,19.200000762939453,19.399999618530273,19.200000762939453,19.399999618530273,9000,0.0,0.0
2024-04-26 00:00:00+08:00,19.549999237060547,19.600000381469727,19.549999237060547,19.600000381469727,5000,0.0,0.0
2024-04-29 00:00:00+08:00,19.450000762939453,19.450000762939453,19.100000381469727,19.299999237060547,77000,0.0,0.0
2024-04-30 00:00:00+08:00,19.299999237060547,19.399999618530273,19.299999237060547,19.399999618530273,10000,0.0,0.0
2024-05-02 00:00:00+08:00,19.5,19.5,19.299999237060547,19.350000381469727,18000,0.0,0.0
2024-05-03 00:00:00+08:00,19.649999618530273,19.649999618530273,19.399999618530273,19.049999237060547,14000,0.0,0.0
2024-05-06 00:00:00+08:00,19.600000381469727,20.149999618530273,19.549999237060547,19.799999237060547,46000,0.0,0.0
2024-05-07 00:00:00+08:00,19.850000381469727,19.850000381469727,19.75,19.75,8000,0.0,0.0
2024-05-08 00:00:00+08:00,19.700000762939453,19.75,19.649999618530273,19.299999237060547,16000,0.0,0.0
2024-05-09 00:00:00+08:00,19.649999618530273,20.0,19.649999618530273,19.350000381469727,7000,0.0,0.0
2024-05-10 00:00:00+08:00,19.799999237060547,20.049999237060547,19.799999237060547,19.899999618530273,18000,0.0,0.0
2024-05-13 00:00:00+08:00,19.899999618530273,19.899999618530273,19.75,19.950000762939453,7000,0.0,0.0
2024-05-14 00:00:00+08:00,20.100000381469727,20.100000381469727,19.899999618530273,19.950000762939453,24000,0.0,0.0
2024-05-15 00:00:00+08:00,19.950000762939453,20.0,19.850000381469727,19.850000381469727,21000,0.0,0.0
2024-05-16 00:00:00+08:00,19.899999618530273,19.899999618530273,19.75,20.200000762939453,15000,0.0,0.0
2024-05-17 00:00:00+08:00,19.799999237060547,20.049999237060547,19.799999237060547,19.700000762939453,33000,0.0,0.0
2024-05-20 00:00:00+08:00,20.049999237060547,20.049999237060547,19.799999237060547,19.799999237060547,21000,0.0,0.0
2024-05-21 00:00:00+08:00,19.850000381469727,20.0,19.850000381469727,20.0,10000,0.0,0.0
2024-05-22 00:00:00+08:00,20.149999618530273,22.0,20.100000381469727,22.0,374000,0.0,0.0
2024-05-23 00:00:00+08:00,22.700000762939453,24.049999237060547,22.700000762939453,23.649999618530273,865000,0.0,0.0
2024-05-24 00:00:00+08:00,23.649999618530273,24.450000762939453,22.899999618530273,23.600000381469727,395000,0.0,0.0
2024-05-27 00:00:00+08:00,23.75,24.200000762939453,23.450000762939453,23.600000381469727,277000,0.0,0.0
2024-05-28 00:00:00+08:00,24.100000381469727,24.100000381469727,23.450000762939453,23.799999237060547,107000,0.0,0.0
2024-05-29 00:00:00+08:00,23.850000381469727,24.0,23.649999618530273,24.0,99000,0.0,0.0
2024-05-30 00:00:00+08:00,24.0,24.450000762939453,23.600000381469727,24.399999618530273,155000,0.0,0.0
2024-05-31 00:00:00+08:00,24.850000381469727,24.950000762939453,24.299999237060547,24.850000381469727,178000,0.0,0.0
2024-06-03 00:00:00+08:00,24.950000762939453,25.799999237060547,24.799999237060547,25.299999237060547,270000,0.0,0.0
2024-06-04 00:00:00+08:00,24.850000381469727,25.100000381469727,22.799999237060547,22.950000762939453,220000,0.0,0.0
2024-06-05 00:00:00+08:00,23.200000762939453,23.25,22.700000762939453,23.25,51000,0.0,0.0
2024-06-06 00:00:00+08:00,23.049999237060547,23.5,22.799999237060547,23.350000381469727,87000,0.0,0.0
2024-06-07 00:00:00+08:00,23.549999237060547,24.799999237060547,23.0,24.799999237060547,66000,0.0,0.0
2024-06-11 00:00:00+08:00,24.700000762939453,24.700000762939453,23.5,23.549999237060547,61000,0.0,0.0
2024-06-12 00:00:00+08:00,24.049999237060547,24.049999237060547,23.100000381469727,24.049999237060547,31000,0.0,0.0
2024-06-13 00:00:00+08:00,24.049999237060547,24.049999237060547,23.549999237060547,23.75,70000,0.0,0.0
2024-06-14 00:00:00+08:00,25.0,25.0,23.5,23.850000381469727,165000,0.0,0.0
2024-06-17 00:00:00+08:00,23.649999618530273,23.649999618530273,23.149999618530273,23.149999618530273,42000,0.0,0.0
2024-06-18 00:00:00+08:00,23.450000762939453,24.0,23.350000381469727,24.0,83000,0.0,0.0
2024-06-19 00:00:00+08:00,23.700000762939453,23.899999618530273,23.0,23.049999237060547,145000,0.0,0.0
2024-06-20 00:00:00+08:00,23.0,23.600000381469727,22.850000381469727,23.200000762939453,59000,0.0,0.0
2024-06-21 00:00:00+08:00,23.200000762939453,23.299999237060547,23.0,24.850000381469727,76000,0.0,0.0
2024-06-24 00:00:00+08:00,23.100000381469727,23.149999618530273,23.0,24.950000762939453,40000,0.0,0.0
2024-06-25 00:00:00+08:00,23.0,23.100000381469727,22.850000381469727,22.850000381469727,35000,0.0,0.0
2024-06-26 00:00:00+08:00,22.850000381469727,22.850000381469727,22.399999618530273,22.549999237060547,39000,0.0,0.0
2024-06-27 00:00:00+08:00,22.5,22.649999618530273,22.350000381469727,22.649999618530273,21000,0.0,0.0
2024-06-28 00:00:00+08:00,22.950000762939453,22.950000762939453,22.600000381469727,22.600000381469727,25000,0.0,0.0
2024-07-01 00:00:00+08:00,22.649999618530273,22.649999618530273,22.5,22.5,31000,0.0,0.0
2024-07-02 00:00:00+08:00,22.600000381469727,22.600000381469727,21.5,21.700000762939453,217000,0.0,0.0
2024-07-03 00:00:00+08:00,21.75,21.75,20.549999237060547,21.0,292000,0.0,0.0
2024-07-04 00:00:00+08:00,21.100000381469727,21.799999237060547,21.100000381469727,22.0,29000,0.0,0.0
2024-07-05 00:00:00+08:00,21.950000762939453,21.950000762939453,21.399999618530273,22.0,24000,0.0,0.0
2024-07-08 00:00:00+08:00,21.799999237060547,21.799999237060547,21.200000762939453,21.450000762939453,72000,0.0,0.0
2024-07-09 00:00:00+08:00,21.850000381469727,21.850000381469727,21.399999618530273,21.850000381469727,53000,0.0,0.0
2024-07-10 00:00:00+08:00,21.850000381469727,22.299999237060547,21.850000381469727,22.299999237060547,37000,0.0,0.0
2024-07-11 00:00:00+08:00,23.450000762939453,23.450000762939453,22.350000381469727,22.549999237060547,90000,0.0,0.0
2024-07-12 00:00:00+08:00,22.549999237060547,22.950000762939453,22.549999237060547,22.950000762939453,43000,0.0,0.0
2024-07-15 00:00:00+08:00,23.0,23.0,22.350000381469727,22.649999618530273,53000,0.0,0.0
2024-07-16 00:00:00+08:00,22.649999618530273,22.649999618530273,22.450000762939453,22.5,41000,0.0,0.0
2024-07-17 00:00:00+08:00,22.5,22.799999237060547,22.5,22.5,37000,0.0,0.0
2024-07-18 00:00:00+08:00,22.5,22.549999237060547,22.350000381469727,22.5,39000,0.0,0.0
2024-07-19 00:00:00+08:00,22.450000762939453,23.0,21.950000762939453,21.950000762939453,79000,0.0,0.0
2024-07-22 00:00:00+08:00,21.899999618530273,21.899999618530273,21.200000762939453,21.649999618530273,22000,0.0,0.0
2024-07-23 00:00:00+08:00,21.600000381469727,21.700000762939453,21.600000381469727,21.700000762939453,12000,0.0,0.0
2024-07-26 00:00:00+08:00,21.25,21.850000381469727,21.200000762939453,21.850000381469727,15000,0.0,0.0
2024-07-29 00:00:00+08:00,21.600000381469727,21.950000762939453,21.5,21.799999237060547,21000,0.0,0.0
2024-07-30 00:00:00+08:00,21.899999618530273,22.0,21.549999237060547,21.700000762939453,58000,0.0,0.0
2024-07-31 00:00:00+08:00,21.5,21.950000762939453,21.350000381469727,21.700000762939453,41000,0.0,0.0
2024-08-01 00:00:00+08:00,21.799999237060547,22.549999237060547,21.5,21.850000381469727,43000,0.0,0.0
2024-08-02 00:00:00+08:00,22.0,22.0,21.200000762939453,23.899999618530273,22000,0.0,0.0
2024-08-05 00:00:00+08:00,21.850000381469727,21.850000381469727,19.600000381469727,20.0,61000,0.0,0.0
2024-08-06 00:00:00+08:00,20.0,20.0,18.950000762939453,19.25,41000,0.0,0.0
2024-08-07 00:00:00+08:00,19.75,19.899999618530273,19.649999618530273,19.5,10000,0.0,0.0
2024-08-08 00:00:00+08:00,19.5,19.700000762939453,19.450000762939453,19.700000762939453,20000,0.0,0.0
2024-08-09 00:00:00+08:00,19.5,20.100000381469727,19.0,19.5,72000,0.0,0.0
2024-08-12 00:00:00+08:00,19.600000381469727,19.75,19.600000381469727,19.600000381469727,35000,0.0,0.0
2024-08-13 00:00:00+08:00,19.600000381469727,19.649999618530273,19.399999618530273,21.549999237060547,19000,0.0,0.0
2024-08-14 00:00:00+08:00,19.700000762939453,19.850000381469727,19.649999618530273,19.649999618530273,16000,0.0,0.0
2024-08-15 00:00:00+08:00,19.75,19.75,19.700000762939453,19.75,6000,0.0,0.0
2024-08-16 00:00:00+08:00,19.75,20.0,19.75,19.850000381469727,34000,0.0,0.0
2024-08-19 00:00:00+08:00,19.600000381469727,19.799999237060547,19.5,21.799999237060547,11000,0.0,0.0
2024-08-20 00:00:00+08:00,20.350000381469727,20.600000381469727,19.850000381469727,19.600000381469727,12000,0.0,0.0
2024-08-21 00:00:00+08:00,19.700000762939453,19.799999237060547,19.549999237060547,20.0,35000,0.0,0.0
2024-08-22 00:00:00+08:00,20.0,20.0,20.0,20.0,0,0.0,0.0
2024-08-23 00:00:00+08:00,19.75,19.950000762939453,19.700000762939453,19.950000762939453,9000,0.0,0.0
2024-08-26 00:00:00+08:00,19.950000762939453,20.299999237060547,19.950000762939453,21.200000762939453,13000,0.0,0.0
2024-08-27 00:00:00+08:00,20.0,20.25,20.0,20.0,19000,0.0,0.0
2024-08-28 00:00:00+08:00,20.299999237060547,20.299999237060547,20.0,20.200000762939453,41000,0.0,0.0
2024-08-29 00:00:00+08:00,19.899999618530273,20.100000381469727,19.899999618530273,20.100000381469727,30000,0.0,0.0
2024-08-30 00:00:00+08:00,20.100000381469727,20.149999618530273,20.0,20.049999237060547,9000,0.0,0.0
2024-09-02 00:00:00+08:00,20.049999237060547,20.049999237060547,20.0,20.0,16000,0.0,0.0
2024-09-03 00:00:00+08:00,20.0,20.100000381469727,20.0,20.0,6000,0.0,0.0
2024-09-04 00:00:00+08:00,19.899999618530273,19.950000762939453,19.350000381469727,19.75,14000,0.0,0.0
2024-09-05 00:00:00+08:00,19.700000762939453,19.700000762939453,19.700000762939453,19.700000762939453,1000,0.0,0.0
2024-09-06 00:00:00+08:00,19.700000762939453,19.700000762939453,19.600000381469727,19.700000762939453,5000,0.0,0.0
2024-09-09 00:00:00+08:00,19.700000762939453,19.700000762939453,19.700000762939453,19.700000762939453,0,0.0,0.0
2024-09-10 00:00:00+08:00,21.0,21.649999618530273,20.75,21.649999618530273,435000,0.0,0.0
2024-09-11 00:00:00+08:00,21.0,21.25,20.25,20.25,450000,0.0,0.0
2024-09-12 00:00:00+08:00,20.5,20.799999237060547,20.049999237060547,20.350000381469727,90000,0.0,0.0
2024-09-13 00:00:00+08:00,20.5,21.950000762939453,20.399999618530273,21.450000762939453,106000,0.0,0.0
2024-09-16 00:00:00+08:00,22.200000762939453,22.950000762939453,21.200000762939453,21.200000762939453,116000,0.0,0.0
2024-09-18 00:00:00+08:00,21.5,21.5,20.700000762939453,20.700000762939453,54000,0.0,0.0
2024-09-19 00:00:00+08:00,21.450000762939453,21.450000762939453,20.649999618530273,21.0,68000,0.0,0.0
2024-09-20 00:00:00+08:00,21.200000762939453,21.200000762939453,20.5,20.600000381469727,57000,0.0,0.0
2024-09-23 00:00:00+08:00,20.649999618530273,21.700000762939453,20.649999618530273,21.25,91000,0.0,0.0
2024-09-24 00:00:00+08:00,21.25,21.649999618530273,21.149999618530273,21.200000762939453,24000,0.0,0.0
2024-09-25 00:00:00+08:00,21.25,21.799999237060547,21.200000762939453,21.200000762939453,24000,0.0,0.0
2024-09-26 00:00:00+08:00,21.149999618530273,21.149999618530273,20.600000381469727,20.600000381469727,98000,0.0,0.0
2024-09-27 00:00:00+08:00,20.700000762939453,20.850000381469727,20.649999618530273,20.649999618530273,13000,0.0,0.0
