Date,Open,High,Low,Close,Volume,Dividends,Stock Splits
2007-12-28 00:00:00+08:00,6.407869537443517,6.407869537443517,6.04378604888916,6.04378604888916,16000,0.0,0.0
2007-12-31 00:00:00+08:00,6.04378604888916,6.04378604888916,6.04378604888916,6.04378604888916,0,0.0,0.0
2008-01-02 00:00:00+08:00,6.04378604888916,6.04378604888916,6.04378604888916,6.04378604888916,0,0.0,0.0
2008-01-03 00:00:00+08:00,6.04378604888916,6.04378604888916,6.04378604888916,6.04378604888916,0,0.0,0.0
2008-01-04 00:00:00+08:00,6.466123120971133,6.466123120971133,6.407869815826416,6.407869815826416,11000,0.0,0.0
2008-01-07 00:00:00+08:00,5.963687419891357,5.963687419891357,5.963687419891357,5.963687419891357,1000,0.0,0.0
2008-01-08 00:00:00+08:00,5.548633098602295,5.548633098602295,5.548633098602295,5.548633098602295,1000,0.0,0.0
2008-01-09 00:00:00+08:00,5.825336456298828,5.825336456298828,5.825336456298828,5.825336456298828,11000,0.0,0.0
2008-01-10 00:00:00+08:00,5.417562484741211,5.417562484741211,5.417562484741211,5.417562484741211,1000,0.0,0.0
2008-01-11 00:00:00+08:00,5.046197414398193,5.046197414398193,5.046197414398193,5.046197414398193,1000,0.0,0.0
2008-01-14 00:00:00+08:00,5.046197414398193,5.046197414398193,5.046197414398193,5.046197414398193,25000,0.0,0.0
2008-01-15 00:00:00+08:00,5.352027366738275,5.352027366738275,5.060760498046875,5.060760498046875,7000,0.0,0.0
2008-01-16 00:00:00+08:00,5.0316338539123535,5.097168994956981,5.024352364472441,5.0316338539123535,129000,0.0,0.0
2008-01-17 00:00:00+08:00,5.0316338539123535,5.0316338539123535,5.0316338539123535,5.0316338539123535,0,0.0,0.0
2008-01-18 00:00:00+08:00,5.097169399261475,5.097169399261475,5.097169399261475,5.097169399261475,10000,0.0,0.0
2008-01-21 00:00:00+08:00,5.097169399261475,5.097169399261475,5.097169399261475,5.097169399261475,0,0.0,0.0
2008-01-22 00:00:00+08:00,5.315619401939762,5.315619401939762,5.111732482910156,5.111732482910156,25000,0.0,0.0
2008-01-23 00:00:00+08:00,5.111732482910156,5.111732482910156,5.111732482910156,5.111732482910156,12000,0.0,0.0
2008-01-24 00:00:00+08:00,5.104450702667236,5.104450702667236,5.097168866194193,5.104450702667236,72000,0.0,0.0
2008-01-25 00:00:00+08:00,5.461252689361572,5.461252689361572,5.461252689361572,5.461252689361572,10000,0.0,0.0
2008-01-28 00:00:00+08:00,5.461252689361572,5.461252689361572,5.461252689361572,5.461252689361572,0,0.0,0.0
2008-01-29 00:00:00+08:00,5.461252689361572,5.461252689361572,5.461252689361572,5.461252689361572,0,0.0,0.0
2008-01-30 00:00:00+08:00,5.169985771179199,5.169985771179199,5.169985771179199,5.169985771179199,10000,0.0,0.0
2008-01-31 00:00:00+08:00,5.169985771179199,5.169985771179199,5.169985771179199,5.169985771179199,0,0.0,0.0
2008-02-01 00:00:00+08:00,5.169985771179199,5.169985771179199,5.169985771179199,5.169985771179199,0,0.0,0.0
2008-02-12 00:00:00+08:00,5.169985771179199,5.169985771179199,5.169985771179199,5.169985771179199,0,0.0,0.0
2008-02-13 00:00:00+08:00,4.9224090576171875,4.9224090576171875,4.9224090576171875,4.9224090576171875,1000,0.0,0.0
2008-02-14 00:00:00+08:00,5.264647960662842,5.264647960662842,5.264647960662842,5.264647960662842,10000,0.0,0.0
2008-02-15 00:00:00+08:00,5.461252689361572,5.461252689361572,5.461252689361572,5.461252689361572,1000,0.0,0.0
2008-02-18 00:00:00+08:00,5.461252689361572,5.461252689361572,5.461252689361572,5.461252689361572,0,0.0,0.0
2008-02-19 00:00:00+08:00,5.461252689361572,5.461252689361572,5.461252689361572,5.461252689361572,0,0.0,0.0
2008-02-20 00:00:00+08:00,5.83989953994751,5.83989953994751,5.83989953994751,5.83989953994751,23000,0.0,0.0
2008-02-21 00:00:00+08:00,5.432125568389893,5.432125568389893,5.432125568389893,5.432125568389893,1000,0.0,0.0
2008-02-22 00:00:00+08:00,5.81077241897583,5.81077241897583,5.81077241897583,5.81077241897583,12000,0.0,0.0
2008-02-25 00:00:00+08:00,5.81077241897583,5.81077241897583,5.81077241897583,5.81077241897583,0,0.0,0.0
2008-02-26 00:00:00+08:00,5.679703235626221,5.679703235626221,5.679703235626221,5.679703235626221,1000,0.0,0.0
2008-02-27 00:00:00+08:00,6.07291316986084,6.07291316986084,6.07291316986084,6.07291316986084,30000,0.0,0.0
2008-02-29 00:00:00+08:00,6.07291316986084,6.07291316986084,6.07291316986084,6.07291316986084,0,0.0,0.0
2008-03-03 00:00:00+08:00,6.07291316986084,6.07291316986084,6.07291316986084,6.07291316986084,0,0.0,0.0
2008-03-04 00:00:00+08:00,6.07291316986084,6.07291316986084,6.07291316986084,6.07291316986084,0,0.0,0.0
2008-03-05 00:00:00+08:00,6.07291316986084,6.07291316986084,6.07291316986084,6.07291316986084,0,0.0,0.0
2008-03-06 00:00:00+08:00,5.650576114654541,5.650576114654541,5.650576114654541,5.650576114654541,3000,0.0,0.0
2008-03-07 00:00:00+08:00,5.825336456298828,5.825336456298828,5.825336456298828,5.825336456298828,5000,0.0,0.0
2008-03-10 00:00:00+08:00,5.825336456298828,5.825336456298828,5.825336456298828,5.825336456298828,0,0.0,0.0
2008-03-11 00:00:00+08:00,5.825336456298828,5.825336456298828,5.825336456298828,5.825336456298828,11000,0.0,0.0
2008-03-12 00:00:00+08:00,5.825336456298828,5.825336456298828,5.825336456298828,5.825336456298828,10000,0.0,0.0
2008-03-13 00:00:00+08:00,5.417562484741211,5.417562484741211,5.417562484741211,5.417562484741211,1000,0.0,0.0
2008-03-14 00:00:00+08:00,5.417562484741211,5.417562484741211,5.417562484741211,5.417562484741211,0,0.0,0.0
2008-03-17 00:00:00+08:00,5.038915634155273,5.038915634155273,5.038915634155273,5.038915634155273,1000,0.0,0.0
2008-03-18 00:00:00+08:00,5.024352342555117,5.3884358406066895,5.024352342555117,5.3884358406066895,18000,0.0,0.0
2008-03-19 00:00:00+08:00,5.6724209534920345,5.759800910949707,5.6724209534920345,5.759800910949707,71000,0.0,0.0
2008-03-20 00:00:00+08:00,6.160293102264404,6.160293102264404,6.160293102264404,6.160293102264404,21000,0.0,0.0
2008-03-21 00:00:00+08:00,6.160293937603404,6.160293937603404,5.730675220489502,5.730675220489502,22000,0.0,0.0
2008-03-24 00:00:00+08:00,6.131166458129883,6.131166458129883,6.131166458129883,6.131166458129883,15000,0.0,0.0
2008-03-25 00:00:00+08:00,6.116603001340081,6.553503513336182,6.116603001340081,6.553503513336182,33000,0.0,0.0
2008-03-26 00:00:00+08:00,6.094758033752441,6.094758033752441,6.094758033752441,6.094758033752441,1000,0.0,0.0
2008-03-27 00:00:00+08:00,6.09475727633424,6.5170940509594955,5.672420501708984,5.672420501708984,10000,0.0,0.0
2008-03-28 00:00:00+08:00,5.279211163520813,5.825336456298828,5.279211163520813,5.825336456298828,7000,0.0,0.0
2008-03-31 00:00:00+08:00,6.043786268824955,6.233109856426977,5.64329427795427,5.650576114654541,46000,0.0,0.0
2008-04-01 00:00:00+08:00,6.043786268824955,6.043786268824955,5.650576114654541,5.650576114654541,50000,0.0,0.0
2008-04-02 00:00:00+08:00,6.043786712296878,6.043786712296878,5.825336456298828,5.825336456298828,52000,0.0,0.0
2008-04-03 00:00:00+08:00,6.189419151093979,6.233109474182129,6.189419151093979,6.233109474182129,43000,0.0,0.0
2008-04-07 00:00:00+08:00,5.8471808687125195,6.6627278327941895,5.8471808687125195,6.6627278327941895,2000,0.0,0.0
2008-04-08 00:00:00+08:00,7.128754615783691,7.128754615783691,7.128754615783691,7.128754615783691,5000,0.0,0.0
2008-04-09 00:00:00+08:00,7.128754615783691,7.128754615783691,7.128754615783691,7.128754615783691,0,0.0,0.0
2008-04-10 00:00:00+08:00,6.633601205215336,7.281670093536377,6.633601205215336,7.281670093536377,7000,0.0,0.0
2008-04-11 00:00:00+08:00,6.7719526290893555,6.7719526290893555,6.7719526290893555,6.7719526290893555,1000,0.0,0.0
2008-04-14 00:00:00+08:00,7.2452611923217765,7.2452611923217765,7.2452611923217765,7.245261192321777,1000,0.0,0.0
2008-04-15 00:00:00+08:00,7.2452611923217765,7.2452611923217765,7.2452611923217765,7.245261192321777,0,0.0,0.0
2008-04-16 00:00:00+08:00,7.718570425175212,7.718570425175212,7.609344959259033,7.609344959259033,2000,0.0,0.0
2008-04-17 00:00:00+08:00,7.077782858834729,8.009836348593103,7.077782858834729,7.791386127471924,37000,0.0,0.0
2008-04-18 00:00:00+08:00,7.791386127471924,7.791386127471924,7.791386127471924,7.791386127471924,0,0.0,0.0
2008-04-21 00:00:00+08:00,7.791386127471924,7.791386127471924,7.791386127471924,7.791386127471924,0,0.0,0.0
2008-04-22 00:00:00+08:00,7.791386127471924,7.791386127471924,7.791386127471924,7.791386127471924,0,0.0,0.0
2008-04-23 00:00:00+08:00,7.791386127471924,7.791386127471924,7.791386127471924,7.791386127471924,0,0.0,0.0
2008-04-24 00:00:00+08:00,7.791386127471924,7.791386127471924,7.791386127471924,7.791386127471924,0,0.0,0.0
2008-04-25 00:00:00+08:00,6.750108242034912,6.750108242034912,6.750108242034912,6.750108242034912,26000,0.0,0.0
2008-04-28 00:00:00+08:00,6.750108242034912,6.750108242034912,6.750108242034912,6.750108242034912,0,0.0,0.0
2008-04-29 00:00:00+08:00,6.750108242034912,6.750108242034912,6.750108242034912,6.750108242034912,0,0.0,0.0
2008-04-30 00:00:00+08:00,6.750108242034912,6.750108242034912,6.750108242034912,6.750108242034912,0,0.0,0.0
2008-05-02 00:00:00+08:00,6.2913625634747605,6.7719526290893555,6.2913625634747605,6.7719526290893555,3000,0.0,0.0
2008-05-05 00:00:00+08:00,6.7719526290893555,6.7719526290893555,6.7719526290893555,6.7719526290893555,0,0.0,0.0
2008-05-06 00:00:00+08:00,6.7719526290893555,6.7719526290893555,6.7719526290893555,6.7719526290893555,0,0.0,0.0
2008-05-07 00:00:00+08:00,6.7719526290893555,6.7719526290893555,6.7719526290893555,6.7719526290893555,0,0.0,0.0
2008-05-08 00:00:00+08:00,6.7719526290893555,6.7719526290893555,6.7719526290893555,6.7719526290893555,0,0.0,0.0
2008-05-09 00:00:00+08:00,6.7719526290893555,6.7719526290893555,6.7719526290893555,6.7719526290893555,0,0.0,0.0
2008-05-12 00:00:00+08:00,6.7719526290893555,6.7719526290893555,6.7719526290893555,6.7719526290893555,0,0.0,0.0
2008-05-13 00:00:00+08:00,7.208853256592747,7.208853256592747,6.335052967071533,6.335052967071533,3000,0.0,0.0
2008-05-14 00:00:00+08:00,6.699136257171631,6.699136257171631,6.699136257171631,6.699136257171631,1000,0.0,0.0
2008-05-15 00:00:00+08:00,6.553502996144149,6.699136257171631,6.553502996144149,6.699136257171631,16000,0.0,0.0
2008-05-16 00:00:00+08:00,6.553503513336182,6.699136785856808,6.553503513336182,6.553503513336182,6000,0.0,0.0
2008-05-19 00:00:00+08:00,6.553503513336182,6.553503513336182,6.553503513336182,6.553503513336182,3000,0.0,0.0
2008-05-20 00:00:00+08:00,6.553503513336182,6.553503513336182,6.553503513336182,6.553503513336182,0,0.0,0.0
2008-05-21 00:00:00+08:00,6.094758033752441,6.094758033752441,6.094758033752441,6.094758033752441,2000,0.0,0.0
2008-05-22 00:00:00+08:00,6.094758033752441,6.094758033752441,6.094758033752441,6.094758033752441,0,0.0,0.0
2008-05-23 00:00:00+08:00,6.094758033752441,6.094758033752441,6.094758033752441,6.094758033752441,0,0.0,0.0
2008-05-26 00:00:00+08:00,6.094758033752441,6.094758033752441,6.094758033752441,6.094758033752441,0,0.0,0.0
2008-05-27 00:00:00+08:00,6.094758033752441,6.094758033752441,6.094758033752441,6.094758033752441,0,0.0,0.0
2008-05-28 00:00:00+08:00,6.189420223236084,6.189420223236084,6.189420223236084,6.189420223236084,3000,0.0,0.0
2008-05-29 00:00:00+08:00,6.335052967071533,6.335052967071533,6.335052967071533,6.335052967071533,1000,0.0,0.0
2008-05-30 00:00:00+08:00,6.335052967071533,6.335052967071533,6.335052967071533,6.335052967071533,0,0.0,0.0
2008-06-02 00:00:00+08:00,6.335052967071533,6.335052967071533,6.335052967071533,6.335052967071533,0,0.0,0.0
2008-06-03 00:00:00+08:00,6.335052967071533,6.335052967071533,6.335052967071533,6.335052967071533,0,0.0,0.0
2008-06-04 00:00:00+08:00,6.335052967071533,6.335052967071533,6.335052967071533,6.335052967071533,0,0.0,0.0
2008-06-05 00:00:00+08:00,6.699136257171631,6.699136257171631,6.699136257171631,6.699136257171631,2000,0.0,0.0
2008-06-06 00:00:00+08:00,6.553503513336182,6.553503513336182,6.553503513336182,6.553503513336182,1000,0.0,0.0
2008-06-09 00:00:00+08:00,6.553503513336182,6.553503513336182,6.553503513336182,6.553503513336182,0,0.0,0.0
2008-06-10 00:00:00+08:00,6.553503513336182,6.553503513336182,6.553503513336182,6.553503513336182,0,0.0,0.0
2008-06-11 00:00:00+08:00,6.553503513336182,6.553503513336182,6.553503513336182,6.553503513336182,0,0.0,0.0
2008-06-12 00:00:00+08:00,6.553503351703813,6.553503351703813,6.094758033752441,6.094758033752441,14000,0.0,0.0
2008-06-13 00:00:00+08:00,6.094758033752441,6.094758033752441,6.094758033752441,6.094758033752441,0,0.0,0.0
2008-06-16 00:00:00+08:00,6.480686664581299,6.480686664581299,6.480686664581299,6.480686664581299,20000,0.0,0.0
2008-06-17 00:00:00+08:00,6.480686664581299,6.480686664581299,6.480686664581299,6.480686664581299,0,0.0,0.0
2008-06-18 00:00:00+08:00,6.480686664581299,6.480686664581299,6.480686664581299,6.480686664581299,0,0.0,0.0
2008-06-19 00:00:00+08:00,6.480686664581299,6.480686664581299,6.480686664581299,6.480686664581299,0,0.0,0.0
2008-06-20 00:00:00+08:00,6.02922248840332,6.02922248840332,6.02922248840332,6.02922248840332,1000,0.0,0.0
2008-06-23 00:00:00+08:00,6.02922248840332,6.02922248840332,6.02922248840332,6.02922248840332,0,0.0,0.0
2008-06-24 00:00:00+08:00,6.02922248840332,6.02922248840332,6.02922248840332,6.02922248840332,16000,0.0,0.0
2008-06-25 00:00:00+08:00,6.02922248840332,6.02922248840332,6.02922248840332,6.02922248840332,0,0.0,0.0
2008-06-26 00:00:00+08:00,6.02922248840332,6.02922248840332,6.02922248840332,6.02922248840332,0,0.0,0.0
2008-06-27 00:00:00+08:00,6.02922248840332,6.02922248840332,6.02922248840332,6.02922248840332,0,0.0,0.0
2008-06-30 00:00:00+08:00,6.02922248840332,6.02922248840332,6.02922248840332,6.02922248840332,0,0.0,0.0
2008-07-01 00:00:00+08:00,6.02922248840332,6.02922248840332,6.02922248840332,6.02922248840332,0,0.0,0.0
2008-07-02 00:00:00+08:00,6.02922248840332,6.02922248840332,6.02922248840332,6.02922248840332,0,0.0,0.0
2008-07-03 00:00:00+08:00,6.02922248840332,6.02922248840332,6.02922248840332,6.02922248840332,0,0.0,0.0
2008-07-04 00:00:00+08:00,6.02922248840332,6.02922248840332,6.02922248840332,6.02922248840332,0,0.0,0.0
2008-07-07 00:00:00+08:00,6.02922248840332,6.02922248840332,6.02922248840332,6.02922248840332,0,0.0,0.0
2008-07-08 00:00:00+08:00,6.02922248840332,6.02922248840332,6.02922248840332,6.02922248840332,0,0.0,0.0
2008-07-09 00:00:00+08:00,6.02922248840332,6.02922248840332,6.02922248840332,6.02922248840332,0,0.0,0.0
2008-07-10 00:00:00+08:00,6.02922248840332,6.02922248840332,6.02922248840332,6.02922248840332,0,0.0,0.0
2008-07-11 00:00:00+08:00,5.6141676902771,5.6141676902771,5.6141676902771,5.6141676902771,2000,0.0,0.0
2008-07-14 00:00:00+08:00,5.6141676902771,5.6141676902771,5.6141676902771,5.6141676902771,0,0.0,0.0
2008-07-15 00:00:00+08:00,5.6141676902771,5.6141676902771,5.6141676902771,5.6141676902771,0,0.0,0.0
2008-07-16 00:00:00+08:00,5.6068854331970215,5.6068854331970215,5.6068854331970215,5.6068854331970215,7000,0.0,0.0
2008-07-17 00:00:00+08:00,5.24280209406774,5.461252325994342,5.220957279205322,5.220957279205322,12000,0.0,0.0
2008-07-18 00:00:00+08:00,5.220957279205322,5.220957279205322,5.220957279205322,5.220957279205322,0,0.0,0.0
2008-07-21 00:00:00+08:00,5.220957279205322,5.220957279205322,5.220957279205322,5.220957279205322,0,0.0,0.0
2008-07-22 00:00:00+08:00,5.220957279205322,5.220957279205322,5.220957279205322,5.220957279205322,0,0.0,0.0
2008-07-23 00:00:00+08:00,5.220957279205322,5.220957279205322,5.220957279205322,5.220957279205322,0,0.0,0.0
2008-07-24 00:00:00+08:00,5.220957279205322,5.220957279205322,5.220957279205322,5.220957279205322,0,0.0,0.0
2008-07-25 00:00:00+08:00,5.220957279205322,5.220957279205322,5.220957279205322,5.220957279205322,0,0.0,0.0
2008-07-28 00:00:00+08:00,5.220957279205322,5.220957279205322,5.220957279205322,5.220957279205322,0,0.0,0.0
2008-07-29 00:00:00+08:00,5.220957279205322,5.220957279205322,5.220957279205322,5.220957279205322,0,0.0,0.0
2008-07-30 00:00:00+08:00,5.220957279205322,5.220957279205322,5.220957279205322,5.220957279205322,0,0.0,0.0
2008-07-31 00:00:00+08:00,5.220957279205322,5.220957279205322,5.220957279205322,5.220957279205322,0,0.0,0.0
2008-08-01 00:00:00+08:00,5.220957279205322,5.220957279205322,5.220957279205322,5.220957279205322,0,0.0,0.0
2008-08-04 00:00:00+08:00,5.220957279205322,5.220957279205322,5.220957279205322,5.220957279205322,0,0.0,0.0
2008-08-05 00:00:00+08:00,5.220957279205322,5.220957279205322,5.220957279205322,5.220957279205322,0,0.0,0.0
2008-08-06 00:00:00+08:00,5.220957279205322,5.220957279205322,5.220957279205322,5.220957279205322,0,0.0,0.0
2008-08-07 00:00:00+08:00,5.220957279205322,5.220957279205322,5.220957279205322,5.220957279205322,0,0.0,0.0
2008-08-08 00:00:00+08:00,5.220957279205322,5.220957279205322,5.220957279205322,5.220957279205322,0,0.0,0.0
2008-08-11 00:00:00+08:00,5.220957279205322,5.220957279205322,5.220957279205322,5.220957279205322,0,0.0,0.0
2008-08-12 00:00:00+08:00,5.220957279205322,5.220957279205322,5.220957279205322,5.220957279205322,0,0.0,0.0
2008-08-13 00:00:00+08:00,5.220957279205322,5.220957279205322,5.220957279205322,5.220957279205322,0,0.0,0.0
2008-08-14 00:00:00+08:00,5.220957279205322,5.220957279205322,5.220957279205322,5.220957279205322,0,0.0,0.0
2008-08-15 00:00:00+08:00,5.220957279205322,5.220957279205322,5.220957279205322,5.220957279205322,0,0.0,0.0
2008-08-18 00:00:00+08:00,5.220957279205322,5.220957279205322,5.220957279205322,5.220957279205322,0,0.0,0.0
2008-08-19 00:00:00+08:00,3.9321014881134033,3.9321014881134033,3.9321014881134033,3.9321014881134033,3000,0.0,0.0
2008-08-20 00:00:00+08:00,3.66267991065979,3.66267991065979,3.66267991065979,3.66267991065979,3000,0.0,0.0
2008-08-21 00:00:00+08:00,3.881130389274052,3.91753888130188,3.6699619688337193,3.91753888130188,29000,0.0,0.0
2008-08-22 00:00:00+08:00,4.172396894328773,4.186960220336914,3.924820004973298,4.186960220336914,18000,0.0,0.0
2008-08-25 00:00:00+08:00,4.332593673758637,4.4491006342399215,3.9393835067749023,3.9393835067749023,20000,0.0,0.0
2008-08-26 00:00:00+08:00,4.128706932067871,4.128706932067871,4.121425095427458,4.128706932067871,9000,0.0,0.0
2008-08-27 00:00:00+08:00,4.128706932067871,4.128706932067871,4.004918486917506,4.128706932067871,20000,0.0,0.0
2008-08-28 00:00:00+08:00,4.150552272796631,4.150552272796631,4.150552272796631,4.150552272796631,1000,0.0,0.0
2008-08-29 00:00:00+08:00,4.150552272796631,4.150552272796631,4.150552272796631,4.150552272796631,0,0.0,0.0
2008-09-01 00:00:00+08:00,4.150552272796631,4.150552272796631,4.150552272796631,4.150552272796631,0,0.0,0.0
2008-09-02 00:00:00+08:00,4.150552272796631,4.150552272796631,4.150552272796631,4.150552272796631,0,0.0,0.0
2008-09-03 00:00:00+08:00,4.150552272796631,4.150552272796631,4.150552272796631,4.150552272796631,0,0.0,0.0
2008-09-04 00:00:00+08:00,4.077735900878906,4.077735900878906,4.077735900878906,4.077735900878906,5000,0.0,0.0
2008-09-05 00:00:00+08:00,4.077735900878906,4.077735900878906,4.077735900878906,4.077735900878906,0,0.0,0.0
2008-09-08 00:00:00+08:00,4.150552272796631,4.150552272796631,4.150552272796631,4.150552272796631,10000,0.0,0.0
2008-09-09 00:00:00+08:00,3.9321014881134033,3.9321014881134033,3.8665663533594476,3.9321014881134033,21000,0.0,0.0
2008-09-10 00:00:00+08:00,3.9321014881134033,3.9321014881134033,3.9321014881134033,3.9321014881134033,5000,0.0,0.0
2008-09-11 00:00:00+08:00,3.68452525138855,3.917538833654984,3.68452525138855,3.68452525138855,12000,0.0,0.0
2008-09-12 00:00:00+08:00,3.429666703659675,3.6044266223907466,3.429666703659675,3.604426622390747,15000,0.0,0.0
2008-09-15 00:00:00+08:00,3.6044266223907466,3.6044266223907466,3.6044266223907466,3.604426622390747,10000,0.0,0.0
2008-09-16 00:00:00+08:00,3.3568496704101562,3.3568496704101562,3.3568496704101562,3.3568496704101562,26000,0.0,0.0
2008-09-17 00:00:00+08:00,3.1238362789154053,3.1238362789154053,3.1238362789154053,3.1238362789154053,7000,0.0,0.0
2008-09-18 00:00:00+08:00,2.9490766525268555,2.9490766525268555,2.9490766525268555,2.9490766525268555,4000,0.0,0.0
2008-09-19 00:00:00+08:00,3.094709921721003,3.1311184126280907,2.9490766525268555,2.9490766525268555,38000,0.0,0.0
2008-09-22 00:00:00+08:00,2.9490766525268555,2.9490766525268555,2.9490766525268555,2.9490766525268555,0,0.0,0.0
2008-09-23 00:00:00+08:00,2.9490766525268555,2.9490766525268555,2.9490766525268555,2.9490766525268555,0,0.0,0.0
2008-09-24 00:00:00+08:00,2.9490766525268555,2.9490766525268555,2.9490766525268555,2.9490766525268555,0,0.0,0.0
2008-09-25 00:00:00+08:00,2.9490766525268555,2.9490766525268555,2.9490766525268555,2.9490766525268555,0,0.0,0.0
2008-09-26 00:00:00+08:00,2.9490766525268555,2.9490766525268555,2.9490766525268555,2.9490766525268555,0,0.0,0.0
2008-09-29 00:00:00+08:00,2.9490766525268555,2.9490766525268555,2.9490766525268555,2.9490766525268555,0,0.0,0.0
2008-09-30 00:00:00+08:00,2.9490766525268555,2.9490766525268555,2.9490766525268555,2.9490766525268555,0,0.0,0.0
2008-10-01 00:00:00+08:00,2.9490766525268555,2.9490766525268555,2.9490766525268555,2.9490766525268555,0,0.0,0.0
2008-10-02 00:00:00+08:00,2.9490766525268555,2.9490766525268555,2.9490766525268555,2.9490766525268555,0,0.0,0.0
2008-10-03 00:00:00+08:00,2.9490766525268555,2.9490766525268555,2.9490766525268555,2.9490766525268555,20000,0.0,0.0
2008-10-06 00:00:00+08:00,2.9490766525268555,2.9490766525268555,2.9490766525268555,2.9490766525268555,0,0.0,0.0
2008-10-07 00:00:00+08:00,2.9490766525268555,2.9490766525268555,2.9490766525268555,2.9490766525268555,0,0.0,0.0
2008-10-08 00:00:00+08:00,2.9490766525268555,2.9490766525268555,2.9490766525268555,2.9490766525268555,0,0.0,0.0
2008-10-09 00:00:00+08:00,2.9126680961662923,2.9126680961662923,2.745189666748047,2.745189666748047,21000,0.0,0.0
2008-10-13 00:00:00+08:00,2.745189666748047,2.745189666748047,2.745189666748047,2.745189666748047,0,0.0,0.0
2008-10-14 00:00:00+08:00,2.730626235386794,2.730626235386794,2.6942179203033447,2.6942179203033447,5000,0.0,0.0
2008-10-15 00:00:00+08:00,2.6942179203033447,2.6942179203033447,2.6942179203033447,2.6942179203033447,0,0.0,0.0
2008-10-16 00:00:00+08:00,2.6942179203033447,2.6942179203033447,2.6942179203033447,2.6942179203033447,0,0.0,0.0
2008-10-17 00:00:00+08:00,2.6942179203033447,2.6942179203033447,2.6942179203033447,2.6942179203033447,0,0.0,0.0
2008-10-20 00:00:00+08:00,2.6942179203033447,2.6942179203033447,2.6942179203033447,2.6942179203033447,0,0.0,0.0
2008-10-21 00:00:00+08:00,2.6942179203033447,2.6942179203033447,2.6942179203033447,2.6942179203033447,0,0.0,0.0
2008-10-22 00:00:00+08:00,2.6942179203033447,2.6942179203033447,2.6942179203033447,2.6942179203033447,0,0.0,0.0
2008-10-23 00:00:00+08:00,2.6942179203033447,2.6942179203033447,2.6942179203033447,2.6942179203033447,0,0.0,0.0
2008-10-24 00:00:00+08:00,2.621401071548462,2.621401071548462,2.621401071548462,2.621401071548462,3000,0.0,0.0
2008-10-27 00:00:00+08:00,2.621401071548462,2.621401071548462,2.621401071548462,2.621401071548462,0,0.0,0.0
2008-10-28 00:00:00+08:00,2.5485846996307373,2.5485846996307373,2.5485846996307373,2.5485846996307373,5000,0.0,0.0
2008-10-29 00:00:00+08:00,2.5485846996307373,2.5485846996307373,2.5485846996307373,2.5485846996307373,0,0.0,0.0
2008-10-30 00:00:00+08:00,2.5485846996307373,2.5485846996307373,2.5485846996307373,2.5485846996307373,0,0.0,0.0
2008-10-31 00:00:00+08:00,2.3738245989974303,2.7233448002640444,2.3738245989974303,2.5485846996307373,26000,0.0,0.0
2008-11-03 00:00:00+08:00,2.5485845564063703,2.7233446472185774,2.5485845564063703,2.628682851791382,62000,0.0,0.0
2008-11-04 00:00:00+08:00,2.8107244968414307,2.8107244968414307,2.8107244968414307,2.8107244968414307,40000,0.0,0.0
2008-11-05 00:00:00+08:00,3.0073301792144775,3.0073301792144775,3.0073301792144775,3.0073301792144775,29000,0.0,0.0
2008-11-06 00:00:00+08:00,3.211216449737549,3.211216449737549,3.211216449737549,3.211216449737549,72000,0.0,0.0
2008-11-07 00:00:00+08:00,3.211216449737549,3.211216449737549,3.211216449737549,3.211216449737549,0,0.0,0.0
2008-11-10 00:00:00+08:00,3.211216449737549,3.211216449737549,3.211216449737549,3.211216449737549,0,0.0,0.0
2008-11-11 00:00:00+08:00,3.211216449737549,3.211216449737549,3.211216449737549,3.211216449737549,0,0.0,0.0
2008-11-12 00:00:00+08:00,3.211216449737549,3.211216449737549,3.211216449737549,3.211216449737549,0,0.0,0.0
2008-11-13 00:00:00+08:00,3.211216449737549,3.211216449737549,3.211216449737549,3.211216449737549,0,0.0,0.0
2008-11-14 00:00:00+08:00,3.211216449737549,3.211216449737549,3.211216449737549,3.211216449737549,0,0.0,0.0
2008-11-17 00:00:00+08:00,3.211216449737549,3.211216449737549,3.211216449737549,3.211216449737549,0,0.0,0.0
2008-11-18 00:00:00+08:00,3.211216449737549,3.211216449737549,3.211216449737549,3.211216449737549,0,0.0,0.0
2008-11-19 00:00:00+08:00,3.211216449737549,3.211216449737549,3.211216449737549,3.211216449737549,0,0.0,0.0
2008-11-20 00:00:00+08:00,3.211216449737549,3.211216449737549,3.211216449737549,3.211216449737549,0,0.0,0.0
2008-11-21 00:00:00+08:00,3.211216449737549,3.211216449737549,3.211216449737549,3.211216449737549,0,0.0,0.0
2008-11-24 00:00:00+08:00,3.211216449737549,3.211216449737549,3.211216449737549,3.211216449737549,0,0.0,0.0
2008-11-25 00:00:00+08:00,3.211216449737549,3.211216449737549,3.211216449737549,3.211216449737549,0,0.0,0.0
2008-11-26 00:00:00+08:00,4.580170154571533,4.580170154571533,4.580170154571533,4.580170154571533,26000,0.0,0.0
2008-11-27 00:00:00+08:00,4.900564089067516,4.900564089067516,4.369002147261961,4.645705699920654,131000,0.0,0.0
2008-11-28 00:00:00+08:00,4.587451980607376,4.966098785400391,4.587451980607376,4.966098785400391,58000,0.0,0.0
2008-12-01 00:00:00+08:00,4.966099042052137,4.987943857509635,4.6238603591918945,4.6238603591918945,38000,0.0,0.0
2008-12-02 00:00:00+08:00,4.6238603591918945,4.6238603591918945,4.6238603591918945,4.6238603591918945,0,0.0,0.0
2008-12-03 00:00:00+08:00,4.405410855157463,4.405410855157463,4.310749053955078,4.310749053955078,7000,0.0,0.0
2008-12-04 00:00:00+08:00,4.412692345209971,4.412692345209971,4.310749053955078,4.310749053955078,4000,0.0,0.0
2008-12-05 00:00:00+08:00,4.048608779907227,4.048608779907227,4.048608779907227,4.048608779907227,4000,0.0,0.0
2008-12-08 00:00:00+08:00,4.048608604456942,4.055890441347987,3.8447220325469966,3.844722032546997,14000,0.0,0.0
2008-12-09 00:00:00+08:00,3.8447220325469966,3.8447220325469966,3.8447220325469966,3.844722032546997,0,0.0,0.0
2008-12-10 00:00:00+08:00,3.8447220325469966,3.8447220325469966,3.8447220325469966,3.844722032546997,0,0.0,0.0
2008-12-11 00:00:00+08:00,3.7500603199005127,3.7500603199005127,3.7500603199005127,3.7500603199005127,1000,0.0,0.0
2008-12-12 00:00:00+08:00,3.640834901055791,3.640834901055791,3.487919807434082,3.487919807434082,6000,0.0,0.0
2008-12-15 00:00:00+08:00,3.2476248741149902,3.2476248741149902,3.2476248741149902,3.2476248741149902,23000,0.0,0.0
2008-12-16 00:00:00+08:00,3.2476247663702162,3.4587931632995605,3.2476247663702162,3.4587931632995605,16000,0.0,0.0
2008-12-17 00:00:00+08:00,3.6990880966186523,3.6990880966186523,3.3495679423671305,3.6990880966186523,40000,0.0,0.0
2008-12-18 00:00:00+08:00,3.873848472335828,3.953946590423584,3.873848472335828,3.953946590423584,37000,0.0,0.0
2008-12-19 00:00:00+08:00,4.230649884272674,4.230649884272674,3.677243189831837,3.895693063735962,19000,0.0,0.0
2008-12-22 00:00:00+08:00,3.6262714931318016,4.165114879608154,3.6262714931318016,4.165114879608154,21000,0.0,0.0
2008-12-23 00:00:00+08:00,4.4491008570910315,4.4491008570910315,3.902975559234619,3.902975559234619,13000,0.0,0.0
2008-12-24 00:00:00+08:00,3.8228766995217534,3.8228766995217534,3.793750047683716,3.793750047683716,2000,0.0,0.0
2008-12-25 00:00:00+08:00,3.5534553771444437,3.9830737113952637,3.5534553771444437,3.9830737113952637,4000,0.0,0.0
2008-12-26 00:00:00+08:00,4.186960817541998,4.186960817541998,3.7136521339416504,3.7136521339416504,4000,0.0,0.0
2008-12-29 00:00:00+08:00,3.7136521339416504,3.7136521339416504,3.7136521339416504,3.7136521339416504,0,0.0,0.0
2008-12-30 00:00:00+08:00,3.4587931632995605,3.4587931632995605,3.4587931632995605,3.4587931632995605,7000,0.0,0.0
2008-12-31 00:00:00+08:00,3.66267991065979,3.66267991065979,3.66267991065979,3.66267991065979,2000,0.0,0.0
2009-01-02 00:00:00+08:00,3.66267991065979,3.66267991065979,3.66267991065979,3.66267991065979,0,0.0,0.0
2009-01-05 00:00:00+08:00,3.881130299656495,3.881130299656495,3.4223849773406982,3.4223849773406982,6000,0.0,0.0
2009-01-06 00:00:00+08:00,3.640834990366177,3.6481168270111084,3.640834990366177,3.6481168270111084,3000,0.0,0.0
2009-01-07 00:00:00+08:00,3.89569356207748,3.89569356207748,3.429666757583618,3.429666757583618,2000,0.0,0.0
2009-01-08 00:00:00+08:00,3.495201783784296,3.6553983730665776,3.422384805075262,3.6408350467681885,21000,0.0,0.0
2009-01-09 00:00:00+08:00,3.4296664111169775,3.669961452484131,3.4296664111169775,3.669961452484131,22000,0.0,0.0
2009-01-12 00:00:00+08:00,3.6408354935147806,3.830159105841772,3.6408354935147806,3.7136521339416504,17000,0.0,0.0
2009-01-13 00:00:00+08:00,3.568018551063461,3.779186964035034,3.568018551063461,3.779186964035034,2000,0.0,0.0
2009-01-14 00:00:00+08:00,3.677243603440995,3.8447220325469966,3.5170466640089444,3.844722032546997,16000,0.0,0.0
2009-01-15 00:00:00+08:00,3.6408353062631975,3.6408353062631975,3.5825819969177246,3.5825819969177246,14000,0.0,0.0
2009-01-16 00:00:00+08:00,3.335005084982351,3.5825819969177246,3.5825819969177246,3.5825819969177246,10000,0.0,0.0
2009-01-19 00:00:00+08:00,3.276751756668091,3.276751756668091,3.276751756668091,3.276751756668091,1000,0.0,0.0
2009-01-20 00:00:00+08:00,3.276751630589788,3.502483367919922,3.276751630589788,3.502483367919922,40000,0.0,0.0
2009-01-21 00:00:00+08:00,3.2985969072295496,3.68452525138855,3.2985969072295496,3.68452525138855,4000,0.0,0.0
2009-02-02 00:00:00+08:00,3.4952019979109727,3.68452525138855,3.4952019979109727,3.68452525138855,17000,0.0,0.0
2009-02-03 00:00:00+08:00,3.8010313510894775,3.8010313510894775,3.8010313510894775,3.8010313510894775,1000,0.0,0.0
2009-02-04 00:00:00+08:00,3.8010313510894775,3.8010313510894775,3.8010313510894775,3.8010313510894775,0,0.0,0.0
2009-02-05 00:00:00+08:00,3.9976363238212067,3.9976363238212067,3.7136513151605057,3.9685096740722656,5000,0.0,0.0
2009-02-06 00:00:00+08:00,3.6918062414871047,3.8592846393585205,3.6918062414871047,3.8592846393585205,29000,0.0,0.0
2009-02-09 00:00:00+08:00,3.604426217980074,3.895693063735962,3.589862893053133,3.895693063735962,34000,0.0,0.0
2009-02-10 00:00:00+08:00,3.626271486282348,3.626271486282348,3.626271486282348,3.6262714862823486,5000,0.0,0.0
2009-02-11 00:00:00+08:00,3.4223848583056524,3.6335532665252686,3.4223848583056524,3.6335532665252686,7000,0.0,0.0
2009-02-12 00:00:00+08:00,3.6408349087363794,3.6408349087363794,3.3859765345682478,3.4587931632995605,15000,0.0,0.0
2009-02-13 00:00:00+08:00,3.5388913154602046,3.5388913154602046,3.5388913154602046,3.538891315460205,1000,0.0,0.0
2009-02-16 00:00:00+08:00,3.5316097736358643,3.538891610079604,3.5316097736358643,3.5316097736358643,4000,0.0,0.0
2009-02-17 00:00:00+08:00,3.5316097736358643,3.5316097736358643,3.5316097736358643,3.5316097736358643,0,0.0,0.0
2009-02-18 00:00:00+08:00,3.5316097736358643,3.5316097736358643,3.5316097736358643,3.5316097736358643,0,0.0,0.0
2009-02-19 00:00:00+08:00,3.5316097736358643,3.5316097736358643,3.5316097736358643,3.5316097736358643,2000,0.0,0.0
2009-02-20 00:00:00+08:00,3.5316097736358643,3.5316097736358643,3.5316097736358643,3.5316097736358643,0,0.0,0.0
2009-02-23 00:00:00+08:00,3.5316097736358643,3.5316097736358643,3.5316097736358643,3.5316097736358643,0,0.0,0.0
2009-02-24 00:00:00+08:00,3.553454875946045,3.553454875946045,3.553454875946045,3.553454875946045,5000,0.0,0.0
2009-02-25 00:00:00+08:00,3.4952017368303796,3.5971450195496164,3.3495681285858154,3.3495681285858154,11000,0.0,0.0
2009-02-26 00:00:00+08:00,3.56801836734412,3.5752998567869527,3.2985966608347383,3.3495681285858154,15000,0.0,0.0
2009-02-27 00:00:00+08:00,3.3495684709267914,3.560736894607544,3.1311185570590045,3.560736894607544,10000,0.0,0.0
2009-03-02 00:00:00+08:00,3.4223849773406982,3.4223849773406982,3.4223849773406982,3.4223849773406982,2000,0.0,0.0
2009-03-03 00:00:00+08:00,3.4223849773406982,3.4223849773406982,3.4223849773406982,3.4223849773406982,0,0.0,0.0
2009-03-04 00:00:00+08:00,3.335004802483067,3.3495681285858154,3.335004802483067,3.3495681285858154,16000,0.0,0.0
2009-03-05 00:00:00+08:00,3.1165547370910645,3.1165547370910645,3.1165547370910645,3.1165547370910645,8000,0.0,0.0
2009-03-06 00:00:00+08:00,3.123836460776213,3.1311182975769043,3.123836460776213,3.1311182975769043,8000,0.0,0.0
2009-03-09 00:00:00+08:00,3.3350048065185547,3.3350048065185547,3.3350048065185547,3.3350048065185547,1000,0.0,0.0
2009-03-10 00:00:00+08:00,3.444230079650879,3.444230079650879,3.444230079650879,3.444230079650879,1000,0.0,0.0
2009-03-11 00:00:00+08:00,3.546173334121704,3.546173334121704,3.546173334121704,3.546173334121704,1000,0.0,0.0
2009-03-12 00:00:00+08:00,3.3131601810455322,3.3131601810455322,3.3131601810455322,3.3131601810455322,1000,0.0,0.0
2009-03-13 00:00:00+08:00,3.313160238014358,3.313160238014358,3.3058784008026123,3.3058784008026123,16000,0.0,0.0
2009-03-16 00:00:00+08:00,3.3058784008026123,3.3058784008026123,3.3058784008026123,3.3058784008026123,0,0.0,0.0
2009-03-17 00:00:00+08:00,3.3058784008026123,3.3058784008026123,3.3058784008026123,3.3058784008026123,0,0.0,0.0
2009-03-18 00:00:00+08:00,3.531610016659749,3.531610016659749,3.5097652002594475,3.5170466899871826,15000,0.0,0.0
2009-03-19 00:00:00+08:00,3.5170466899871826,3.5170466899871826,3.5170466899871826,3.5170466899871826,0,0.0,0.0
2009-03-20 00:00:00+08:00,3.3131601810455322,3.3131601810455322,3.3131601810455322,3.3131601810455322,2000,0.0,0.0
2009-03-23 00:00:00+08:00,3.3131601810455322,3.3131601810455322,3.3131601810455322,3.3131601810455322,20000,0.0,0.0
2009-03-24 00:00:00+08:00,3.0947097481791817,3.3495681285858154,3.0947097481791817,3.3495681285858154,15000,0.0,0.0
2009-03-25 00:00:00+08:00,3.1311182370445936,3.3495681285858154,3.1311182370445936,3.3495681285858154,16000,0.0,0.0
2009-03-26 00:00:00+08:00,3.5753001596409844,3.5825819969177246,3.1529633196691913,3.5825819969177246,93000,0.0,0.0
2009-03-27 00:00:00+08:00,3.7864686192153054,3.830158948898315,3.7864686192153054,3.8301589488983154,106000,0.0,0.0
2009-03-30 00:00:00+08:00,4.0922980308532715,4.0922980308532715,4.0922980308532715,4.0922980308532715,119000,0.0,0.0
2009-03-31 00:00:00+08:00,4.369001809283551,4.376283645629883,4.092298278030163,4.376283645629883,158000,0.0,0.0
2009-04-02 00:00:00+08:00,4.7330856172278235,4.7330856172278235,4.354438781738281,4.354438781738281,114000,0.0,0.0
2009-04-03 00:00:00+08:00,4.354438539724356,4.507353632790265,4.354438539724356,4.369001865386963,68000,0.0,0.0
2009-04-06 00:00:00+08:00,4.369001865386963,4.369001865386963,4.063171679255143,4.369001865386963,61000,0.0,0.0
2009-04-07 00:00:00+08:00,4.369002027970239,4.369002027970239,4.063171830457589,4.179678440093994,17000,0.0,0.0
2009-04-08 00:00:00+08:00,4.179678058360614,4.390846789866017,3.9685096740722656,3.9685096740722656,15000,0.0,0.0
2009-04-09 00:00:00+08:00,4.23793249525674,4.245213985443115,4.223369167666873,4.245213985443115,82000,0.0,0.0
2009-04-10 00:00:00+08:00,4.514635738539826,4.536480903625488,4.514635738539826,4.536480903625488,79000,0.0,0.0
2009-04-13 00:00:00+08:00,4.8495917320251465,4.8495917320251465,4.74036696828675,4.8495917320251465,112000,0.0,0.0
2009-04-14 00:00:00+08:00,5.169985383908659,5.184548709325194,4.849591877527835,5.017070293426514,142000,0.0,0.0
2009-04-15 00:00:00+08:00,4.915127197695989,5.097168945758804,4.667550309221096,5.009788990020752,83000,0.0,0.0
2009-04-16 00:00:00+08:00,5.0097895230692,5.359309730427914,5.0097895230692,5.352027893066406,101000,0.0,0.0
2009-04-17 00:00:00+08:00,5.169985747967239,5.497661113739014,4.9806625042205805,5.497661113739014,69000,0.0,0.0
2009-04-20 00:00:00+08:00,5.119013924877401,5.315618991851807,5.119013924877401,5.315618991851807,14000,0.0,0.0
2009-04-21 00:00:00+08:00,4.944253865142121,5.315619199021185,4.944253865142121,4.951535701751709,45000,0.0,0.0
2009-04-22 00:00:00+08:00,4.805902157322534,4.929690603566693,4.609297080116247,4.915127277374268,86000,0.0,0.0
2009-04-23 00:00:00+08:00,4.5801703810598156,4.6238603591918945,4.5801703810598156,4.6238603591918945,80000,0.0,0.0
2009-04-24 00:00:00+08:00,4.696676699800986,4.696676699800986,4.587451934814453,4.587451934814453,17000,0.0,0.0
2009-04-27 00:00:00+08:00,4.587451934814453,4.587451934814453,4.369001710407265,4.587451934814453,26000,0.0,0.0
2009-04-28 00:00:00+08:00,4.369001710407265,4.587451934814453,4.369001710407265,4.587451934814453,47000,0.0,0.0
2009-04-29 00:00:00+08:00,4.7258037954564385,4.754930795710466,4.456382081256239,4.733085632324219,7000,0.0,0.0
2009-04-30 00:00:00+08:00,5.031634386459789,5.060761041736366,4.886001110076904,4.886001110076904,99000,0.0,0.0
2009-05-04 00:00:00+08:00,5.1772673079028415,5.1772673079028415,4.886000447422462,4.893281936645508,19000,0.0,0.0
2009-05-05 00:00:00+08:00,5.220957912971827,5.220957912971827,4.8787191978906295,5.089887619018555,49000,0.0,0.0
2009-05-06 00:00:00+08:00,5.089887191683374,5.089887191683374,4.784057341642438,4.915127277374268,63000,0.0,0.0
2009-05-07 00:00:00+08:00,4.820465547454442,4.878718852996826,4.820465547454442,4.878718852996826,30000,0.0,0.0
2009-05-08 00:00:00+08:00,4.864155057004736,5.09716860389523,4.8495917320251465,4.8495917320251465,121000,0.0,0.0
2009-05-11 00:00:00+08:00,5.184548854827881,5.184548854827881,5.184548854827881,5.184548854827881,168000,0.0,0.0
2009-05-12 00:00:00+08:00,5.541350841522217,5.541350841522217,5.541350841522217,5.541350841522217,277000,0.0,0.0
2009-05-13 00:00:00+08:00,5.927279949188232,5.927279949188232,5.64329455389894,5.927279949188232,546000,0.0,0.0
2009-05-14 00:00:00+08:00,5.752519597278945,6.262236725797162,5.694266290526485,6.021941661834717,113000,0.0,0.0
2009-05-15 00:00:00+08:00,6.4297139753091965,6.436995811317509,5.9272790961154564,5.970968723297119,121000,0.0,0.0
2009-05-18 00:00:00+08:00,5.679702849984142,5.716110992366051,5.555914402008057,5.555914402008057,207000,0.0,0.0
2009-05-19 00:00:00+08:00,5.242803188624659,5.8253370305683525,5.242803188624659,5.730675220489502,94000,0.0,0.0
2009-05-20 00:00:00+08:00,5.461252807708634,5.883589635950033,5.337464355179169,5.657857894897461,57000,0.0,0.0
2009-05-21 00:00:00+08:00,5.279211138790672,5.592322846851822,5.279211138790672,5.534069538116455,32000,0.0,0.0
2009-05-22 00:00:00+08:00,5.315619179802046,5.504942417144775,5.17726740967382,5.504942417144775,50000,0.0,0.0
2009-05-25 00:00:00+08:00,5.5049421563799115,5.6578572452141085,5.461252180601149,5.6068854331970215,48000,0.0,0.0
2009-05-26 00:00:00+08:00,5.6068862514840765,5.752519872551252,5.315619703783953,5.679703235626221,23000,0.0,0.0
2009-05-27 00:00:00+08:00,5.737955791613641,5.818053908103516,5.504942236837565,5.81077241897583,46000,0.0,0.0
2009-06-01 00:00:00+08:00,5.606885870786146,5.825336113945956,5.4976610964233315,5.555914402008057,54000,0.0,0.0
2009-06-02 00:00:00+08:00,5.686984099331877,5.686984099331877,5.497660864179319,5.541350841522217,268000,0.0,0.0
2009-06-03 00:00:00+08:00,5.716110758595945,5.716110758595945,5.512224197387695,5.512224197387695,321000,0.0,0.0
2009-06-04 00:00:00+08:00,5.512224227848797,5.890871047973633,5.512224227848797,5.890871047973633,357000,0.0,0.0
2009-06-05 00:00:00+08:00,5.876307720113417,6.298644542694092,5.876307720113417,6.298644542694092,456000,0.0,0.0
2009-06-08 00:00:00+08:00,7.201572418212891,7.201572418212891,7.201572418212891,7.201572418212891,306000,0.0,0.0
2009-06-09 00:00:00+08:00,7.682161808013916,7.682161808013916,7.354486804615704,7.682161808013916,1405000,0.0,0.0
2009-06-10 00:00:00+08:00,8.191879272460938,8.191879272460938,8.082654493268475,8.191879272460938,718000,0.0,0.0
2009-06-11 00:00:00+08:00,8.738004252255905,8.738004252255905,7.6821622106618195,8.592370986938477,1319000,0.0,0.0
2009-06-12 00:00:00+08:00,8.009836076278134,8.373919534290776,8.009836076278134,8.082653045654297,555000,0.0,0.0
2009-06-15 00:00:00+08:00,7.718570970047989,8.628779778099204,7.536529208437746,8.191879272460938,791000,0.0,0.0
2009-06-16 00:00:00+08:00,8.37392208191194,8.37392208191194,7.937021521603685,8.155471801757812,220000,0.0,0.0
2009-06-17 00:00:00+08:00,8.15547071501203,8.701595995407043,8.009837445793533,8.228287696838379,198000,0.0,0.0
2009-06-18 00:00:00+08:00,8.665187504493867,8.665187504493867,8.228287696838379,8.228287696838379,115000,0.0,0.0
2009-06-19 00:00:00+08:00,8.009837510850694,8.337512542862289,8.009837510850694,8.191879272460938,87000,0.0,0.0
2009-06-22 00:00:00+08:00,8.19187913622175,8.22828762682513,7.645753860473633,7.645753860473633,252000,0.0,0.0
2009-06-23 00:00:00+08:00,7.114192014713444,7.500120335229303,7.114192014713444,7.281670093536377,523000,0.0,0.0
2009-06-24 00:00:00+08:00,7.274388522100333,7.281670359123664,6.924868678190813,6.968558311462402,108000,0.0,0.0
2009-06-25 00:00:00+08:00,7.106910177955705,7.35448707224541,7.106910177955705,7.281670093536377,76000,0.0,0.0
2009-06-26 00:00:00+08:00,7.427302657081328,7.791386127471924,7.427302657081328,7.791386127471924,351000,0.0,0.0
2009-06-29 00:00:00+08:00,8.301104545593262,8.301104545593262,8.301104545593262,8.301104545593262,268000,0.0,0.0
2009-06-30 00:00:00+08:00,8.84722900390625,8.84722900390625,8.738004228819678,8.84722900390625,542000,0.0,0.0
2009-07-01 00:00:00+08:00,9.39335468589528,9.39335468589528,8.446738074561283,8.774413108825684,514000,0.0,0.0
2009-07-02 00:00:00+08:00,8.95645523071289,9.065680015034633,8.738004967635163,8.95645523071289,228000,0.0,0.0
2009-07-03 00:00:00+08:00,9.10208773835383,9.10208773835383,8.810821208500183,8.84722900390625,166000,0.0,0.0
2009-07-06 00:00:00+08:00,8.84722849963494,9.065678731791118,8.264695473130661,8.738003730773926,245000,0.0,0.0
2009-07-07 00:00:00+08:00,8.301104015821357,9.065679550170898,8.301104015821357,9.065679550170898,152000,0.0,0.0
2009-07-08 00:00:00+08:00,9.029272068745808,9.06568056386863,8.628780705697613,8.810822486877441,120000,0.0,0.0
2009-07-09 00:00:00+08:00,8.810821953472486,9.211313292275037,8.738004967635163,8.95645523071289,138000,0.0,0.0
2009-07-10 00:00:00+08:00,8.446737851621288,8.738004386738906,8.373920870624785,8.519554138183594,126000,0.0,0.0
2009-07-13 00:00:00+08:00,8.301102817223347,8.301102817223347,7.937019348144531,7.937019348144531,299000,0.0,0.0
2009-07-14 00:00:00+08:00,8.009837377639045,8.373920894804455,7.463712101890928,7.645753860473633,90000,0.0,0.0
2009-07-15 00:00:00+08:00,7.7549797372142955,8.155471801757812,7.64575494435438,8.155471801757812,186000,0.0,0.0
2009-07-16 00:00:00+08:00,8.665186737763047,8.665186737763047,7.937019761667526,7.973428249359131,78000,0.0,0.0
2009-07-17 00:00:00+08:00,7.937018789234231,8.301102232674959,7.572935345793503,7.718569278717041,193000,0.0,0.0
2009-07-20 00:00:00+08:00,8.009836811412127,8.009836811412127,7.645753319984304,7.682161808013916,110000,0.0,0.0
2009-07-21 00:00:00+08:00,7.682162351077014,8.009837377639045,7.318078833911603,7.645753860473633,373000,0.0,0.0
2009-07-22 00:00:00+08:00,7.572936927032874,7.6093454178659,7.427303658134973,7.500120639801025,145000,0.0,0.0
2009-07-23 00:00:00+08:00,7.57293754873704,7.57293754873704,7.281670987029561,7.427304267883301,120000,0.0,0.0
2009-07-24 00:00:00+08:00,7.645752850655122,7.937019348144531,7.645752850655122,7.937019348144531,312000,0.0,0.0
2009-07-27 00:00:00+08:00,8.046244646470067,8.11906092218593,7.86420291552927,7.900611400604248,251000,0.0,0.0
2009-07-28 00:00:00+08:00,7.937019106901971,8.082653045654297,7.718569587641655,8.082653045654297,145000,0.0,0.0
2009-07-29 00:00:00+08:00,7.973428596398639,8.155470348345796,7.864203823004014,8.046245574951172,51000,0.0,0.0
2009-07-30 00:00:00+08:00,8.155469407260908,8.155469407260908,7.572935729363538,7.900611400604248,137000,0.0,0.0
2009-07-31 00:00:00+08:00,8.04624522474234,8.264695456457826,7.827794993026855,7.973428249359131,50000,0.0,0.0
2009-08-03 00:00:00+08:00,7.718570224386184,8.082653712433945,7.718570224386184,7.973428249359131,58000,0.0,0.0
2009-08-04 00:00:00+08:00,8.046245868242424,8.046245868242424,7.645753860473633,7.645753860473633,97000,0.0,0.0
2009-08-05 00:00:00+08:00,7.7185696696634505,7.973427676320111,7.645752699513494,7.900611400604248,36000,0.0,0.0
2009-08-06 00:00:00+08:00,7.645752699513494,7.937019191245133,7.645752699513494,7.900611400604248,120000,0.0,0.0
2009-08-10 00:00:00+08:00,7.718570224386184,7.973428249359131,7.718570224386184,7.973428249359131,2000,0.0,0.0
2009-08-11 00:00:00+08:00,7.7185696696634505,7.973427676320111,7.7185696696634505,7.900611400604248,130000,0.0,0.0
2009-08-12 00:00:00+08:00,7.864203516543987,7.864203516543987,7.645753283833348,7.827795028686523,125000,0.0,0.0
2009-08-13 00:00:00+08:00,7.791386127471924,7.791386127471924,7.645752878202507,7.791386127471924,65000,0.0,0.0
2009-08-14 00:00:00+08:00,7.9734272724651145,7.9734272724651145,7.645752312255272,7.718569278717041,36000,0.0,0.0
2009-08-17 00:00:00+08:00,8.009838513133161,8.228288793287287,8.009838513133161,8.155471801757812,240000,0.0,0.0
2009-08-18 00:00:00+08:00,7.791386668385163,7.9734284162186215,7.754978179931641,7.754978179931641,153000,0.0,0.0
2009-08-19 00:00:00+08:00,8.082653167372138,8.119060958174405,7.791385979915338,8.009836196899414,86000,0.0,0.0
2009-08-20 00:00:00+08:00,7.791386005514834,8.082653193928627,7.791386005514834,7.864202976226807,118000,0.0,0.0
2009-08-21 00:00:00+08:00,7.864202976226807,8.119060984850513,7.864202976226807,7.864202976226807,56000,0.0,0.0
2009-08-24 00:00:00+08:00,7.900613720273245,8.264697289052025,7.900613720273245,8.155471801757812,51000,0.0,0.0
2009-08-25 00:00:00+08:00,8.15547071501203,8.446737947883225,7.900612667488212,8.228287696838379,107000,0.0,0.0
2009-08-26 00:00:00+08:00,8.009837445793533,8.228287696838379,7.864204176575036,8.228287696838379,78000,0.0,0.0
2009-08-27 00:00:00+08:00,8.774413108825684,8.774413108825684,8.774413108825684,8.774413108825684,244000,0.0,0.0
2009-08-28 00:00:00+08:00,9.356945991516113,9.356945991516113,9.320537503548575,9.356945991516113,754000,0.0,0.0
2009-08-31 00:00:00+08:00,9.975887298583984,9.975887298583984,9.975887298583984,9.975887298583984,439000,0.0,0.0
2009-09-01 00:00:00+08:00,10.667646244683718,10.667646244683718,9.903071452205094,10.12152099609375,1531000,0.0,0.0
2009-09-02 00:00:00+08:00,9.648212640981638,10.81328010559082,9.648212640981638,10.81328010559082,1406000,0.0,0.0
2009-09-03 00:00:00+08:00,10.922505783644356,11.068139055206105,10.194338731401398,10.23074722290039,1069000,0.0,0.0
2009-09-04 00:00:00+08:00,10.194337909033141,10.339971168846782,9.90307138940586,10.157929420471191,393000,0.0,0.0
2009-09-07 00:00:00+08:00,10.776872272005876,10.776872272005876,10.339971772619263,10.594830513000488,540000,0.0,0.0
2009-09-08 00:00:00+08:00,10.7040550522614,10.740463542138537,10.230746767161172,10.339971542358398,521000,0.0,0.0
2009-09-09 00:00:00+08:00,10.412787222124992,10.412787222124992,9.830253540119951,9.86666202545166,567000,0.0,0.0
2009-09-10 00:00:00+08:00,10.08511201003136,10.08511201003136,9.21131115999245,9.320536613464355,1005000,0.0,0.0
2009-09-11 00:00:00+08:00,9.320537871410462,9.757437660962001,9.320537871410462,9.53898811340332,266000,0.0,0.0
2009-09-14 00:00:00+08:00,9.538988740417286,9.830255285930425,9.46617175682189,9.575396537780762,186000,0.0,0.0
2009-09-15 00:00:00+08:00,9.684620994355674,9.757437275856605,9.356945991516113,9.356945991516113,217000,0.0,0.0
2009-09-16 00:00:00+08:00,9.356945669937108,9.575395201366387,9.320537183220853,9.393353462219238,432000,0.0,0.0
2009-09-17 00:00:00+08:00,9.502579114412605,9.757437137708752,9.466170626960544,9.68462085723877,367000,0.0,0.0
2009-09-18 00:00:00+08:00,9.830255013219283,9.939479791148038,9.61180476292757,9.721030235290527,286000,0.0,0.0
2009-09-21 00:00:00+08:00,9.83025366248168,9.903070634051481,9.72102889956108,9.793845176696777,323000,0.0,0.0
2009-09-22 00:00:00+08:00,9.793845937662079,10.230746412159116,9.793845937662079,9.903071403503418,342000,0.0,0.0
2009-09-23 00:00:00+08:00,9.975887948994682,10.048704928139752,9.757437705993652,9.757437705993652,264000,0.0,0.0
2009-09-24 00:00:00+08:00,9.757436690911875,9.86666214826658,9.648211927991277,9.793845176696777,135000,0.0,0.0
2009-09-25 00:00:00+08:00,9.793846150366507,9.86666312917552,9.466171134594308,9.53898811340332,195000,0.0,0.0
2009-09-28 00:00:00+08:00,9.466170956261266,9.502579444979872,9.211312229665182,9.247720718383789,223000,0.0,0.0
2009-09-29 00:00:00+08:00,9.32053799946376,9.575396039928398,9.32053799946376,9.466171264648438,85000,0.0,0.0
2009-09-30 00:00:00+08:00,9.466171199372226,9.575395973899003,9.466171199372226,9.502579689025879,180000,0.0,0.0
2009-10-01 00:00:00+08:00,9.575396039928398,9.64821301973783,9.466171264648438,9.466171264648438,162000,0.0,0.0
2009-10-02 00:00:00+08:00,9.393354284839006,9.538988244457869,9.32053799946376,9.466171264648438,164000,0.0,0.0
2009-10-05 00:00:00+08:00,9.466171199372226,9.648212953206308,9.393354220064921,9.502579689025879,99000,0.0,0.0
2009-10-06 00:00:00+08:00,9.538988673507784,9.684621945242837,9.538988673507784,9.611804962158203,146000,0.0,0.0
2009-10-07 00:00:00+08:00,9.648213505744934,10.267155782000373,9.648213505744934,10.19433879852295,820000,0.0,0.0
2009-10-08 00:00:00+08:00,10.12152176044799,10.12152176044799,9.611804962158203,9.611804962158203,445000,0.0,0.0
2009-10-09 00:00:00+08:00,9.830255013219283,9.903071994794589,9.648213253715221,9.721030235290527,200000,0.0,0.0
2009-10-12 00:00:00+08:00,9.866663043838143,9.903071532927749,9.611804314645068,9.830254554748535,399000,0.0,0.0
2009-10-13 00:00:00+08:00,9.903071532927749,9.903071532927749,9.68462129282428,9.830254554748535,156000,0.0,0.0
2009-10-14 00:00:00+08:00,9.830255013219283,9.903071994794589,9.684621744502875,9.721030235290527,318000,0.0,0.0
2009-10-15 00:00:00+08:00,9.721030504971553,9.830255285930425,9.538988740417286,9.575396537780762,223000,0.0,0.0
2009-10-16 00:00:00+08:00,9.611804442137693,10.048704928139752,9.538988157426802,9.757437705993652,233000,0.0,0.0
2009-10-19 00:00:00+08:00,9.684620789862139,10.012295785782749,9.684620789862139,9.975887298583984,204000,0.0,0.0
2009-10-20 00:00:00+08:00,9.975887816672792,9.975887816672792,9.757437576569323,9.830254554748535,90000,0.0,0.0
2009-10-21 00:00:00+08:00,9.975887686296817,9.975887686296817,9.757437449048298,9.903071403503418,144000,0.0,0.0
2009-10-22 00:00:00+08:00,9.903071967666849,10.594830513000488,9.757438004915178,10.594830513000488,380000,0.0,0.0
2009-10-23 00:00:00+08:00,10.776871681213379,11.322996928290738,10.194337945444031,10.776871681213379,1229000,0.0,0.0
2009-10-26 00:00:00+08:00,10.631238917807561,11.50503921508789,10.558421937019952,11.50503921508789,1738000,0.0,0.0
2009-10-27 00:00:00+08:00,12.306022644042969,12.306022644042969,11.869122144192959,12.306022644042969,3552000,0.0,0.0
2009-10-28 00:00:00+08:00,12.306022986157586,12.560881733894348,11.650672912597656,11.650672912597656,1261000,0.0,0.0
2009-10-29 00:00:00+08:00,11.06813907623291,11.35940631434396,10.849688821258178,11.06813907623291,525000,0.0,0.0
2009-10-30 00:00:00+08:00,11.140955179264951,11.286588439598749,10.631238420879583,10.776871681213379,397000,0.0,0.0
2009-11-02 00:00:00+08:00,10.412788004493452,10.776871496297879,10.412788004493452,10.485604286193848,218000,0.0,0.0
2009-11-03 00:00:00+08:00,10.631237856010554,11.213770866394043,10.485603908980556,11.213770866394043,459000,0.0,0.0
2009-11-04 00:00:00+08:00,11.06813805871499,11.432221552057154,10.922504800264953,11.104546546936035,424000,0.0,0.0
2009-11-05 00:00:00+08:00,10.922505378723145,11.28658889134725,10.922505378723145,10.922505378723145,213000,0.0,0.0
2009-11-06 00:00:00+08:00,10.995322359021642,11.068138644885948,10.81328060270959,10.922505378723145,294000,0.0,0.0
2009-11-09 00:00:00+08:00,11.0317301547367,11.0317301547367,10.77687211256034,10.922505378723145,192000,0.0,0.0
2009-11-10 00:00:00+08:00,11.687080383300781,11.687080383300781,11.505039318562893,11.687080383300781,1756000,0.0,0.0
2009-11-11 00:00:00+08:00,12.087572343478275,12.488063633481403,11.650671870558662,12.34243106842041,2813000,0.0,0.0
2009-11-12 00:00:00+08:00,12.34243171640861,12.34243171640861,11.50503921508789,11.50503921508789,2190000,0.0,0.0
2009-11-13 00:00:00+08:00,11.322998218040055,11.832715034484863,11.322998218040055,11.832715034484863,726000,0.0,0.0
2009-11-16 00:00:00+08:00,12.123981221898248,12.123981221898248,11.650672912597656,11.650672912597656,698000,0.0,0.0
2009-11-17 00:00:00+08:00,11.905530818204722,11.905530818204722,11.432221847949101,11.577855110168457,421000,0.0,0.0
2009-11-18 00:00:00+08:00,11.432221412658691,11.650671644887154,11.322996643761533,11.432221412658691,457000,0.0,0.0
2009-11-19 00:00:00+08:00,11.43222260304606,11.43222260304606,11.06813907623291,11.06813907623291,846000,0.0,0.0
2009-11-20 00:00:00+08:00,11.068137613798172,11.432221092504914,11.068137613798172,11.213770866394043,517000,0.0,0.0
2009-11-23 00:00:00+08:00,11.687079110939159,11.687079110939159,11.213770866394043,11.213770866394043,490000,0.0,0.0
2009-11-24 00:00:00+08:00,11.28658829360712,11.432221552057154,11.104546546936035,11.104546546936035,324000,0.0,0.0
2009-11-25 00:00:00+08:00,11.104547567801069,11.213772348071327,11.06813907623291,11.06813907623291,346000,0.0,0.0
2009-11-26 00:00:00+08:00,11.213771317165024,11.250179805386072,11.104546546936035,11.104546546936035,368000,0.0,0.0
2009-11-27 00:00:00+08:00,11.140955179264951,11.140955179264951,10.339971205777827,10.776871681213379,412000,0.0,0.0
2009-11-30 00:00:00+08:00,10.886096518041795,10.9225050069518,10.631238484540086,10.740463256835938,379000,0.0,0.0
2009-12-01 00:00:00+08:00,10.74046338678206,10.849688160399396,10.631238613164728,10.667646408081055,213000,0.0,0.0
2009-12-02 00:00:00+08:00,10.55842035332385,11.395812034606934,10.55842035332385,11.395812034606934,991000,0.0,0.0
2009-12-03 00:00:00+08:00,11.359406009369268,11.359406009369268,10.776872243221115,10.849688529968262,714000,0.0,0.0
2009-12-04 00:00:00+08:00,10.99532185353387,10.99532185353387,10.704054640164495,10.81328010559082,243000,0.0,0.0
2009-12-07 00:00:00+08:00,10.81328047334385,11.140955491898534,10.81328047334385,10.995322227478027,279000,0.0,0.0
2009-12-08 00:00:00+08:00,11.068138644885948,11.104547135035197,10.886096888573896,10.922505378723145,370000,0.0,0.0
2009-12-09 00:00:00+08:00,10.813280829117954,11.250180636754168,10.813280829117954,11.177364349365234,315000,0.0,0.0
2009-12-10 00:00:00+08:00,11.177364280704573,11.177364280704573,10.594830513000488,10.594830513000488,657000,0.0,0.0
2009-12-11 00:00:00+08:00,10.813280234655949,10.958913495861808,10.667646279015926,10.740463256835938,279000,0.0,0.0
2009-12-14 00:00:00+08:00,10.922506263675801,11.140956527836167,10.740464492614537,10.958914756774902,375000,0.0,0.0
2009-12-15 00:00:00+08:00,11.06813805871499,11.140955035157083,10.995321776707048,11.104546546936035,486000,0.0,0.0
2009-12-16 00:00:00+08:00,11.17736373442314,11.869121551513672,10.776871745298052,11.869121551513672,2114000,0.0,0.0
2009-12-17 00:00:00+08:00,12.670105934143066,12.670105934143066,12.524473362729417,12.670105934143066,6436000,0.0,0.0
2009-12-18 00:00:00+08:00,11.832713950557558,12.26961443573643,11.7963061554878,11.90553092956543,1967000,0.0,0.0
2009-12-21 00:00:00+08:00,11.941938724635188,12.08757268265093,11.541447423394427,11.90553092956543,917000,0.0,0.0
2009-12-22 00:00:00+08:00,11.90553092956543,12.014755703643058,11.7963061554878,11.90553092956543,488000,0.0,0.0
2009-12-23 00:00:00+08:00,11.978348309070846,11.978348309070846,11.687080383300781,11.687080383300781,553000,0.0,0.0
2009-12-24 00:00:00+08:00,11.687079245631157,11.90553016869377,11.541446685791016,11.541446685791016,537000,0.0,0.0
2009-12-25 00:00:00+08:00,11.614263599331839,11.832713839877957,11.577855110168457,11.577855110168457,532000,0.0,0.0
2009-12-28 00:00:00+08:00,11.359404944339637,11.650671452888188,11.359404944339637,11.541446685791016,400000,0.0,0.0
2009-12-29 00:00:00+08:00,11.541446875989996,11.614263157110052,11.432221412658691,11.432221412658691,387000,0.0,0.0
2009-12-30 00:00:00+08:00,11.432222395470745,11.796306610107422,11.432222395470745,11.796306610107422,455000,0.0,0.0
2009-12-31 00:00:00+08:00,11.94193796143674,11.94193796143674,11.541446685791016,11.541446685791016,584000,0.0,0.0
2010-01-04 00:00:00+08:00,11.541447810956752,12.342431829203704,11.505039320230217,12.306022644042969,1348000,0.0,0.0
2010-01-05 00:00:00+08:00,12.306022986157586,12.306022986157586,11.650672912597656,11.650672912597656,980000,0.0,0.0
2010-01-06 00:00:00+08:00,11.505039507864847,11.796306743993172,11.505039507864847,11.723489761352539,293000,0.0,0.0
2010-01-07 00:00:00+08:00,11.723488620441357,11.832713389338515,11.432221412658691,11.432221412658691,493000,0.0,0.0
2010-01-08 00:00:00+08:00,11.432221281028562,12.01475499545248,11.322996513389013,11.759896278381348,482000,0.0,0.0
2010-01-11 00:00:00+08:00,11.505038198613912,11.94193796143674,11.505038198613912,11.541446685791016,330000,0.0,0.0
2010-01-12 00:00:00+08:00,11.650671452888188,11.687079245631157,11.541446685791016,11.541446685791016,298000,0.0,0.0
2010-01-13 00:00:00+08:00,11.541446812187797,11.614263092905318,11.395812861884469,11.468629837036133,388000,0.0,0.0
2010-01-14 00:00:00+08:00,11.50503964007703,11.759897693379571,11.50503964007703,11.650672912597656,354000,0.0,0.0
2010-01-15 00:00:00+08:00,11.687080709902148,11.832714676856995,11.650672912597656,11.650672912597656,493000,0.0,0.0
2010-01-18 00:00:00+08:00,11.650672006931048,12.233205051730268,11.650672006931048,11.869121551513672,584000,0.0,0.0
2010-01-19 00:00:00+08:00,12.014756105357904,12.05116390164496,11.650672587013725,11.687080383300781,399000,0.0,0.0
2010-01-20 00:00:00+08:00,11.832714676856995,11.869122474161486,11.650672912597656,11.650672912597656,229000,0.0,0.0
2010-01-21 00:00:00+08:00,11.650672482228913,11.832714239763739,11.50503921508789,11.50503921508789,339000,0.0,0.0
2010-01-22 00:00:00+08:00,11.505039447409391,11.505039447409391,11.10454743385879,11.140955924987793,263000,0.0,0.0
2010-01-25 00:00:00+08:00,11.0317301547367,11.28658889134725,10.922505378723145,10.922505378723145,286000,0.0,0.0
2010-01-26 00:00:00+08:00,10.995321879659409,11.0317296737872,10.157929420471191,10.157929420471191,449000,0.0,0.0
2010-01-27 00:00:00+08:00,9.830255148545751,10.121521689988237,9.466171624525538,9.648213386535645,450000,0.0,0.0
2010-01-28 00:00:00+08:00,9.648212363643783,9.939478874206543,9.466170620933523,9.939478874206543,214000,0.0,0.0
2010-01-29 00:00:00+08:00,9.939479997170622,9.939479997170622,9.611804962158203,9.611804962158203,177000,0.0,0.0
2010-02-01 00:00:00+08:00,9.538988673507784,9.684621945242837,9.46617169042315,9.611804962158203,97000,0.0,0.0
2010-02-02 00:00:00+08:00,9.830254774827223,9.830254774827223,9.466171264648438,9.466171264648438,127000,0.0,0.0
2010-02-03 00:00:00+08:00,9.538988310744148,9.538988310744148,9.284129574074315,9.429762840270996,173000,0.0,0.0
2010-02-04 00:00:00+08:00,9.429762840270996,9.648213086783112,9.429762840270996,9.429762840270996,74000,0.0,0.0
2010-02-05 00:00:00+08:00,9.356946888870292,9.356946888870292,8.774413108825684,8.774413108825684,173000,0.0,0.0
2010-02-08 00:00:00+08:00,8.5923700950454,8.5923700950454,8.301102900210065,8.555961608886719,60000,0.0,0.0
2010-02-09 00:00:00+08:00,8.555963715451966,9.102089058991455,8.446738924517783,8.810822486877441,176000,0.0,0.0
2010-02-10 00:00:00+08:00,8.88363788876908,9.247721414492682,8.774413108825684,8.774413108825684,246000,0.0,0.0
2010-02-22 00:00:00+08:00,9.06567965163088,9.06567965163088,8.774413108825684,8.774413108825684,98000,0.0,0.0
2010-02-23 00:00:00+08:00,8.810821953472486,8.95645523071289,8.774413460553825,8.95645523071289,50000,0.0,0.0
2010-02-24 00:00:00+08:00,9.029271661445662,9.029271661445662,8.84722988847753,8.883638381958008,30000,0.0,0.0
2010-02-25 00:00:00+08:00,8.738004967635163,9.174905493790618,8.738004967635163,8.95645523071289,191000,0.0,0.0
2010-02-26 00:00:00+08:00,8.99286332890709,9.10208810843462,8.956454837586508,9.029271125793457,64000,0.0,0.0
2010-03-01 00:00:00+08:00,9.174904956118407,9.174904956118407,8.992863196627441,9.10208797454834,53000,0.0,0.0
2010-03-02 00:00:00+08:00,9.174905493790618,9.211313292275037,8.883638244875566,8.95645523071289,47000,0.0,0.0
2010-03-03 00:00:00+08:00,8.99286332890709,9.10208810843462,8.956454837586508,9.029271125793457,78000,0.0,0.0
2010-03-04 00:00:00+08:00,9.17490445088246,9.17490445088246,8.992862701416016,8.992862701416016,56000,0.0,0.0
2010-03-05 00:00:00+08:00,8.992863196627441,9.10208797454834,8.883637724272338,9.10208797454834,139000,0.0,0.0
2010-03-08 00:00:00+08:00,9.138494885445262,9.466169856992812,9.065677916463992,9.320536613464355,194000,0.0,0.0
2010-03-09 00:00:00+08:00,9.466170372549076,9.466170372549076,9.174903869628906,9.174903869628906,51000,0.0,0.0
2010-03-10 00:00:00+08:00,9.320537695821002,9.320537695821002,9.211312229665182,9.247720718383789,98000,0.0,0.0
2010-03-11 00:00:00+08:00,9.320538588641748,9.39335487861992,9.247721604229346,9.284130096435547,92000,0.0,0.0
2010-03-12 00:00:00+08:00,9.39335487861992,9.39335487861992,9.174905314251173,9.284130096435547,162000,0.0,0.0
2010-03-15 00:00:00+08:00,9.28412863461544,9.356945607562542,9.174903869628906,9.174903869628906,184000,0.0,0.0
2010-03-16 00:00:00+08:00,9.211312245228418,9.247720734008539,8.956454212635894,8.992862701416016,79000,0.0,0.0
2010-03-17 00:00:00+08:00,8.956454705842406,9.138496465333374,8.956454705842406,9.10208797454834,114000,0.0,0.0
2010-03-18 00:00:00+08:00,8.956454706486632,9.721030235290527,8.956454706486632,9.721030235290527,501000,0.0,0.0
2010-03-19 00:00:00+08:00,10.01229539697208,10.048703882756982,9.575394956421473,9.793845176696777,641000,0.0,0.0
2010-03-22 00:00:00+08:00,9.793845176696777,9.793845176696777,9.793845176696777,9.793845176696777,0,0.0,0.0
2010-03-23 00:00:00+08:00,9.830254554748535,10.048704794852004,9.830254554748535,9.830254554748535,268000,0.0,0.0
2010-03-24 00:00:00+08:00,9.866663043838143,9.975887816672792,9.830254554748535,9.830254554748535,132000,0.0,0.0
2010-03-25 00:00:00+08:00,9.68462066151515,9.68462066151515,9.393353462219238,9.393353462219238,298000,0.0,0.0
2010-03-26 00:00:00+08:00,9.393354284839006,9.466171264648438,9.10208775446965,9.466171264648438,178000,0.0,0.0
2010-03-29 00:00:00+08:00,9.466169856992812,9.466169856992812,9.320536613464355,9.320536613464355,171000,0.0,0.0
2010-03-30 00:00:00+08:00,9.320536613464355,9.61180310052127,9.247719644483086,9.320536613464355,180000,0.0,0.0
2010-03-31 00:00:00+08:00,9.32053776092511,9.35694624989803,9.174904499467594,9.211312294006348,106000,0.0,0.0
2010-04-01 00:00:00+08:00,9.211312403196946,9.611804397778155,9.211312403196946,9.53898811340332,229000,0.0,0.0
2010-04-02 00:00:00+08:00,9.538987736919664,9.538987736919664,9.320537503548575,9.356945991516113,306000,0.0,0.0
2010-04-06 00:00:00+08:00,9.53898811340332,9.684621376587167,9.429762645189804,9.53898811340332,268000,0.0,0.0
2010-04-07 00:00:00+08:00,9.611804607494884,10.194338367374554,9.575396117295995,10.048705101013184,703000,0.0,0.0
2010-04-08 00:00:00+08:00,9.757438031643977,10.048705263510996,9.721030235290527,9.721030235290527,400000,0.0,0.0
2010-04-09 00:00:00+08:00,9.793846195566188,10.048704928139752,9.757437705993652,9.757437705993652,354000,0.0,0.0
2010-04-12 00:00:00+08:00,9.757437576569323,9.939479327583184,9.721029781913886,9.830254554748535,236000,0.0,0.0
2010-04-13 00:00:00+08:00,9.793846150366507,9.793846150366507,9.502579623998814,9.53898811340332,204000,0.0,0.0
2010-04-14 00:00:00+08:00,9.46617169042315,9.684621945242837,9.46617169042315,9.611804962158203,59000,0.0,0.0
2010-04-15 00:00:00+08:00,9.648213521376158,9.684622013173856,9.538988740417286,9.575396537780762,153000,0.0,0.0
2010-04-16 00:00:00+08:00,9.721030504971553,9.721030504971553,9.46617175682189,9.575396537780762,110000,0.0,0.0
2010-04-19 00:00:00+08:00,9.538988000328466,9.575395794867218,9.211312294006348,9.211312294006348,150000,0.0,0.0
2010-04-20 00:00:00+08:00,9.174905023326094,9.24772131099535,9.029271059119166,9.065679550170898,112000,0.0,0.0
2010-04-21 00:00:00+08:00,9.065678410208251,9.247720148141887,9.065678410208251,9.174903869628906,193000,0.0,0.0
2010-04-22 00:00:00+08:00,9.174904956118407,9.174904956118407,9.029270992978272,9.10208797454834,145000,0.0,0.0
2010-04-23 00:00:00+08:00,9.102087817719918,9.68462157694083,9.102087817719918,9.429762840270996,323000,0.0,0.0
2010-04-26 00:00:00+08:00,9.684620994355674,9.684620994355674,9.320537503548575,9.356945991516113,170000,0.0,0.0
2010-04-27 00:00:00+08:00,9.429761372502178,9.538986825974082,9.320536613464355,9.320536613464355,94000,0.0,0.0
2010-04-28 00:00:00+08:00,9.102086400954628,9.61180310052127,9.102086400954628,9.320536613464355,108000,0.0,0.0
2010-04-29 00:00:00+08:00,9.939478874206543,9.939478874206543,9.538987595791282,9.939478874206543,1036000,0.0,0.0
2010-04-30 00:00:00+08:00,10.41278899835231,10.41278899835231,9.46617169042315,9.611804962158203,689000,0.0,0.0
2010-05-03 00:00:00+08:00,9.721030067098548,9.793846352979793,9.39335435011328,9.429762840270996,156000,0.0,0.0
2010-05-04 00:00:00+08:00,9.648212772813059,9.648212772813059,9.174904499467594,9.211312294006348,243000,0.0,0.0
2010-05-05 00:00:00+08:00,9.029271661445662,9.102088648406617,8.883638381958008,8.883638381958008,378000,0.0,0.0
2010-05-06 00:00:00+08:00,8.810821079177726,8.992862831272852,8.738004100566007,8.920045852661133,148000,0.0,0.0
2010-05-07 00:00:00+08:00,8.519554363045476,8.88363788876908,8.519554363045476,8.774413108825684,135000,0.0,0.0
2010-05-10 00:00:00+08:00,8.810821953472486,9.029271522115971,8.810821953472486,8.95645523071289,57000,0.0,0.0
2010-05-11 00:00:00+08:00,9.029270294242405,9.466170760984584,8.774412267337926,9.356945991516113,518000,0.0,0.0
2010-05-12 00:00:00+08:00,9.975887298583984,9.975887298583984,9.757437069825533,9.975887298583984,1851000,0.0,0.0
2010-05-13 00:00:00+08:00,10.048704272981512,10.048704272981512,9.39335358670616,9.975887298583984,775000,0.0,0.0
2010-05-14 00:00:00+08:00,9.975887367986976,9.975887367986976,9.575395394882587,9.68462085723877,205000,0.0,0.0
2010-05-17 00:00:00+08:00,9.611804762236206,9.611804762236206,9.10208797454834,9.10208797454834,373000,0.0,0.0
2010-05-18 00:00:00+08:00,9.102086896681802,9.320537121088991,9.102086896681802,9.174903869628906,128000,0.0,0.0
2010-05-19 00:00:00+08:00,9.174904889446243,9.211312685532505,8.847229169196293,9.138496398925781,208000,0.0,0.0
2010-05-20 00:00:00+08:00,8.88363788876908,9.102088143090084,8.738004617366482,8.774413108825684,254000,0.0,0.0
2010-05-21 00:00:00+08:00,8.301104051653398,8.519554304472532,8.191879272460938,8.191879272460938,185000,0.0,0.0
2010-05-24 00:00:00+08:00,8.191878054273346,8.373919788812753,7.937019348144531,7.937019348144531,139000,0.0,0.0
2010-05-25 00:00:00+08:00,7.900612353489589,7.900612353489589,7.390894889831543,7.390894889831543,270000,0.0,0.0
2010-05-26 00:00:00+08:00,6.990403909333314,7.354487431810378,6.873896598815918,6.873896598815918,447000,0.0,0.0
2010-05-27 00:00:00+08:00,6.844769221056585,7.2452611923217765,6.531657897048712,7.245261192321777,339000,0.0,0.0
2010-05-28 00:00:00+08:00,7.281670093536377,7.572936619504161,7.281670093536377,7.281670093536377,172000,0.0,0.0
2010-05-31 00:00:00+08:00,7.136036941543518,7.281670206792531,6.990403676294504,7.267106533050537,56000,0.0,0.0
2010-06-01 00:00:00+08:00,7.063219484189783,7.2379793906738765,6.939431043488348,7.09962797164917,129000,0.0,0.0
2010-06-02 00:00:00+08:00,7.179726190031847,7.1870080265135154,6.917586326599121,6.917586326599121,90000,0.0,0.0
2010-06-03 00:00:00+08:00,6.932149840264174,7.318078137280176,6.932149840264174,7.136036396026611,136000,0.0,0.0
2010-06-04 00:00:00+08:00,7.136036995364726,7.237979934590813,7.092346668243408,7.092346668243408,68000,0.0,0.0
2010-06-07 00:00:00+08:00,6.626319973874973,6.735544746037043,6.597193321669477,6.699136257171631,222000,0.0,0.0
2010-06-08 00:00:00+08:00,6.699136791006053,6.699136791006053,6.62632050190688,6.691854953765869,37000,0.0,0.0
2010-06-09 00:00:00+08:00,6.699135718772595,6.79379750444118,6.626319441328067,6.735544204711914,66000,0.0,0.0
2010-06-10 00:00:00+08:00,6.66272823250649,6.74282705247781,6.66272823250649,6.7282633781433105,65000,0.0,0.0
2010-06-11 00:00:00+08:00,6.786515525240114,7.194289309179212,6.786515525240114,6.924867630004883,156000,0.0,0.0
2010-06-14 00:00:00+08:00,6.990402764426711,6.990402764426711,6.8447688237408295,6.924867630004883,82000,0.0,0.0
2010-06-15 00:00:00+08:00,6.888459738770647,6.961276715392018,6.88117790222168,6.88117790222168,61000,0.0,0.0
2010-06-17 00:00:00+08:00,6.881177824108616,6.983121451334471,6.881177824108616,6.975839614868164,112000,0.0,0.0
2010-06-18 00:00:00+08:00,6.917586326599121,7.04137476905089,6.888459675106596,6.917586326599121,52000,0.0,0.0
2010-06-21 00:00:00+08:00,6.939431962064312,7.012248946621907,6.932150819155937,6.99040412902832,44000,0.0,0.0
2010-06-22 00:00:00+08:00,6.99040412902832,7.063220419151684,6.99040412902832,6.99040412902832,49000,0.0,0.0
2010-06-23 00:00:00+08:00,6.990403238071691,7.281669750310452,6.990403238071691,7.1797261238098145,234000,0.0,0.0
2010-06-24 00:00:00+08:00,7.1433182885269115,7.208852732568987,7.041374662626787,7.128754615783691,158000,0.0,0.0
2010-06-25 00:00:00+08:00,7.099628201619348,7.609344959259033,7.004966408932324,7.609344959259033,179000,0.0,0.0
2010-06-28 00:00:00+08:00,7.609344959259033,7.609344959259033,7.609344959259033,7.609344959259033,0,0.0,0.0
2010-06-29 00:00:00+08:00,7.6093454346170155,8.665187504493867,7.6093454346170155,8.228287696838379,1286,0.0,0.0
2010-06-30 00:00:00+08:00,7.682161808013916,7.791386577668603,7.682161808013916,7.682161808013916,299000,0.0,0.0
2010-07-01 00:00:00+08:00,7.354487094799548,7.500120358230057,7.281670115867206,7.390894889831543,171000,0.0,0.0
2010-07-02 00:00:00+08:00,7.500120688981275,7.572936976690599,7.252543783014315,7.354487419128418,234000,0.0,0.0
2010-07-05 00:00:00+08:00,7.281669623280454,7.390894389856008,7.252542972564696,7.252542972564697,84000,0.0,0.0
2010-07-06 00:00:00+08:00,7.252544330858814,7.427304267883301,7.252544330858814,7.427304267883301,78000,0.0,0.0
2010-07-07 00:00:00+08:00,7.427304267883301,7.463712761705301,7.281670987029561,7.427304267883301,69000,0.0,0.0
2010-07-08 00:00:00+08:00,7.427303249755268,7.682161977139202,7.427303249755268,7.463711738586426,86000,0.0,0.0
2010-07-09 00:00:00+08:00,7.500120639801025,7.536529130634052,7.427303658134973,7.500120639801025,68000,0.0,0.0
2010-07-12 00:00:00+08:00,7.500120573666483,7.536529064178467,7.427303592642517,7.536529064178467,32000,0.0,0.0
2010-07-13 00:00:00+08:00,7.500120639801025,7.500120639801025,7.390895167301948,7.500120639801025,80000,0.0,0.0
2010-07-14 00:00:00+08:00,7.463711738586425,7.536528716248739,7.427303249755268,7.463711738586426,49000,0.0,0.0
2010-07-15 00:00:00+08:00,7.57293754873704,7.57293754873704,7.390895774061301,7.427304267883301,43000,0.0,0.0
2010-07-16 00:00:00+08:00,7.463711868763886,7.463711868763886,7.390894889831543,7.390894889831543,16000,0.0,0.0
2010-07-19 00:00:00+08:00,7.390895215765976,7.427303706837742,7.274388599883691,7.354487419128418,48000,0.0,0.0
2010-07-20 00:00:00+08:00,7.35448707224541,7.35448707224541,7.2671064200209,7.281670093536377,72000,0.0,0.0
2010-07-21 00:00:00+08:00,7.281670093536377,7.35448707224541,7.2671064200209,7.281670093536377,60000,0.0,0.0
2010-07-22 00:00:00+08:00,7.216134951585081,7.281670093536377,7.216134951585081,7.281670093536377,47000,0.0,0.0
2010-07-23 00:00:00+08:00,7.281670093536377,7.427303356520269,7.274388256778638,7.281670093536377,133000,0.0,0.0
2010-07-26 00:00:00+08:00,7.281670119231489,7.318078608714482,7.179726487565945,7.1942901611328125,136000,0.0,0.0
2010-07-27 00:00:00+08:00,7.194290475073172,7.354487419128418,7.13603716713203,7.354487419128418,128000,0.0,0.0
2010-07-28 00:00:00+08:00,7.35448707224541,7.427303356520269,7.281670093536377,7.281670093536377,96000,0.0,0.0
2010-07-29 00:00:00+08:00,7.281669629914763,7.281669629914763,7.208852655841963,7.223416328430176,61000,0.0,0.0
2010-07-30 00:00:00+08:00,7.14331862819835,7.318078542822157,7.14331862819835,7.230698585510254,37000,0.0,0.0
2010-08-02 00:00:00+08:00,7.208853136934863,7.427303379297714,7.208853136934863,7.390894889831543,153000,0.0,0.0
2010-08-03 00:00:00+08:00,7.500119453647675,7.900611400604248,7.39089399842274,7.900611400604248,279000,0.0,0.0
2010-08-04 00:00:00+08:00,8.446737289428711,8.446737289428711,8.446737289428711,8.446737289428711,574000,0.0,0.0
2010-08-05 00:00:00+08:00,9.029270320892083,9.029270320892083,8.22828705541287,8.446737289428711,764000,0.0,0.0
2010-08-06 00:00:00+08:00,8.373920935894255,8.847229232758076,8.30110395433019,8.483145713806152,398000,0.0,0.0
2010-08-09 00:00:00+08:00,8.446738449192702,8.810821991064211,8.337512969970703,8.337512969970703,243000,0.0,0.0
2010-08-10 00:00:00+08:00,8.446737721621048,8.665187272380097,8.446737721621048,8.592370986938477,156000,0.0,0.0
2010-08-11 00:00:00+08:00,8.592370474147856,8.84722849963494,8.555961986382801,8.738003730773926,640000,0.0,0.0
2010-08-12 00:00:00+08:00,8.738004185865567,8.883637450076488,8.51955394233209,8.628779411315918,318000,0.0,0.0
2010-08-13 00:00:00+08:00,8.62877924817629,9.211312294006348,8.62877924817629,9.211312294006348,276000,0.0,0.0
2010-08-16 00:00:00+08:00,9.721029482323214,9.721029482323214,8.956454012741474,9.356945991516113,253000,0.0,0.0
2010-08-17 00:00:00+08:00,9.102088143090084,9.102088143090084,8.738004617366482,8.774413108825684,219000,0.0,0.0
2010-08-18 00:00:00+08:00,8.774411429407078,9.35694509795499,8.774411429407078,9.320536613464355,470000,0.0,0.0
2010-08-19 00:00:00+08:00,8.883636731494047,9.611803688082642,8.883636731494047,9.393353462219238,212000,0.0,0.0
2010-08-20 00:00:00+08:00,9.32053822482434,9.32053822482434,9.10208797454834,9.10208797454834,143000,0.0,0.0
2010-08-23 00:00:00+08:00,9.174905023326094,9.393354580768072,9.065679550170898,9.065679550170898,188000,0.0,0.0
2010-08-24 00:00:00+08:00,9.029269431973358,9.61180310052127,8.95645315742617,9.320536613464355,324000,0.0,0.0
2010-08-25 00:00:00+08:00,9.320538771031023,9.320538771031023,8.95645523071289,8.95645523071289,328000,0.0,0.0
2010-08-26 00:00:00+08:00,8.883637509475543,9.575396039928398,8.883637509475543,9.466171264648438,683000,0.0,0.0
2010-08-27 00:00:00+08:00,9.68462129282428,10.121521078597047,9.3933540745416,9.830254554748535,1172000,0.0,0.0
2010-08-30 00:00:00+08:00,9.830253913946045,9.830253913946045,9.393353462219238,9.393353462219238,286000,0.0,0.0
2010-08-31 00:00:00+08:00,9.393354650130842,9.429763141451422,9.029271125793457,9.029271125793457,261000,0.0,0.0
2010-09-01 00:00:00+08:00,9.211312879937704,9.648213386535645,9.211312879937704,9.648213386535645,399000,0.0,0.0
2010-09-02 00:00:00+08:00,9.975887367986976,9.975887367986976,9.575395394882587,9.68462085723877,241000,0.0,0.0
2010-09-03 00:00:00+08:00,9.975888120615403,10.339971633735924,9.757437873856254,10.048705101013184,647000,0.0,0.0
2010-09-06 00:00:00+08:00,9.684621587892664,10.339971633735924,9.684621587892664,10.048705101013184,234000,0.0,0.0
2010-09-07 00:00:00+08:00,10.048704336493183,10.485604102337323,9.903071081211802,9.939478874206543,365000,0.0,0.0
2010-09-08 00:00:00+08:00,10.048705526002323,10.485605343564202,10.048705526002323,10.19433879852295,410000,0.0,0.0
2010-09-09 00:00:00+08:00,10.267154951265073,10.33997123441657,10.12152099609375,10.12152099609375,185000,0.0,0.0
2010-09-10 00:00:00+08:00,10.339970588476769,10.339970588476769,10.085112571716309,10.085112571716309,69000,0.0,0.0
2010-09-13 00:00:00+08:00,10.085112571716309,10.339970588476769,10.085112571716309,10.085112571716309,142000,0.0,0.0
2010-09-14 00:00:00+08:00,10.08511313778145,10.412788145970683,10.08511313778145,10.157929420471191,194000,0.0,0.0
2010-09-15 00:00:00+08:00,9.830253860521726,10.267154309874117,9.830253860521726,10.085112571716309,183000,0.0,0.0
2010-09-16 00:00:00+08:00,10.085113201735084,10.30356274562374,10.048704712942254,10.12152099609375,189000,0.0,0.0
2010-09-17 00:00:00+08:00,10.303562680284832,10.303562680284832,10.157929420471191,10.157929420471191,161000,0.0,0.0
2010-09-20 00:00:00+08:00,10.157930306784237,10.267155782000373,10.157930306784237,10.19433879852295,128000,0.0,0.0
2010-09-21 00:00:00+08:00,10.303563511464157,10.339972002963147,10.194338731401398,10.23074722290039,88000,0.0,0.0
2010-09-23 00:00:00+08:00,10.194337909033141,10.194337909033141,10.157929420471191,10.157929420471191,64000,0.0,0.0
2010-09-24 00:00:00+08:00,10.157929104345683,10.157929104345683,9.903071081211802,9.939478874206543,65000,0.0,0.0
2010-09-27 00:00:00+08:00,9.975886911187178,9.975886911187178,9.793845176696777,9.793845176696777,105000,0.0,0.0
2010-09-28 00:00:00+08:00,9.830254685138723,9.830254685138723,9.757437705993652,9.757437705993652,25000,0.0,0.0
2010-09-29 00:00:00+08:00,9.757437576569323,9.903071532927749,9.611804314645068,9.830254554748535,76000,0.0,0.0
2010-09-30 00:00:00+08:00,9.757437705993652,9.757437705993652,9.757437705993652,9.757437705993652,46000,0.0,0.0
2010-10-01 00:00:00+08:00,9.757437137708752,9.975887367986976,9.68462085723877,9.68462085723877,74000,0.0,0.0
2010-10-04 00:00:00+08:00,9.684621421282761,10.085113417712286,9.684621421282761,9.757437705993652,87000,0.0,0.0
2010-10-05 00:00:00+08:00,10.048705263510996,10.048705263510996,9.721030235290527,9.721030235290527,46000,0.0,0.0
2010-10-06 00:00:00+08:00,9.757437705993652,9.757437705993652,9.721029910855297,9.757437705993652,56000,0.0,0.0
2010-10-07 00:00:00+08:00,9.68462085723877,9.757437137708752,9.68462085723877,9.68462085723877,65000,0.0,0.0
2010-10-08 00:00:00+08:00,9.68462085723877,9.68462085723877,9.68462085723877,9.68462085723877,40000,0.0,0.0
2010-10-11 00:00:00+08:00,9.68462085723877,9.68462085723877,9.68462085723877,9.68462085723877,19000,0.0,0.0
2010-10-12 00:00:00+08:00,9.684621945242837,9.684621945242837,9.611804962158203,9.611804962158203,30000,0.0,0.0
2010-10-13 00:00:00+08:00,9.611804397778155,9.611804397778155,9.53898811340332,9.53898811340332,47000,0.0,0.0
2010-10-14 00:00:00+08:00,9.53898811340332,9.611804397778155,9.53898811340332,9.53898811340332,44000,0.0,0.0
2010-10-15 00:00:00+08:00,9.830254639771013,9.830254639771013,9.466171134594308,9.53898811340332,20000,0.0,0.0
2010-10-18 00:00:00+08:00,9.466171264648438,9.466171264648438,9.466171264648438,9.466171264648438,25000,0.0,0.0
2010-10-19 00:00:00+08:00,9.466171330428715,9.466171330428715,9.320538064232034,9.429762840270996,56000,0.0,0.0
2010-10-20 00:00:00+08:00,9.3205384186881,9.830255216977887,9.3205384186881,9.611804962158203,11000,0.0,0.0
2010-10-21 00:00:00+08:00,9.903072380638275,9.903072380638275,9.247721604229346,9.284130096435547,68000,0.0,0.0
2010-10-22 00:00:00+08:00,9.757437705993652,9.866663174711256,9.284129424853237,9.757437705993652,42000,0.0,0.0
2010-10-25 00:00:00+08:00,9.757437705993652,9.757437705993652,9.466171178281732,9.757437705993652,28000,0.0,0.0
2010-10-26 00:00:00+08:00,9.57539590837365,9.757437660962001,9.53898811340332,9.53898811340332,7000,0.0,0.0
2010-10-27 00:00:00+08:00,9.793845625160813,9.793845625160813,9.502579114412605,9.68462085723877,18000,0.0,0.0
2010-10-28 00:00:00+08:00,9.648212931710226,9.757437705993652,9.648212931710226,9.757437705993652,5000,0.0,0.0
2010-10-29 00:00:00+08:00,9.684621877824508,9.684621877824508,9.356946845093159,9.648213386535645,52000,0.0,0.0
2010-11-01 00:00:00+08:00,9.502579689025879,9.502579689025879,9.502579689025879,9.502579689025879,5000,0.0,0.0
2010-11-02 00:00:00+08:00,9.466171264648438,9.611804529833114,9.429762774743722,9.466171264648438,115000,0.0,0.0
2010-11-03 00:00:00+08:00,9.466171264648438,9.611804529833114,9.466171264648438,9.466171264648438,15000,0.0,0.0
2010-11-04 00:00:00+08:00,9.466171264648438,9.64821301973783,9.466171264648438,9.466171264648438,4000,0.0,0.0
2010-11-05 00:00:00+08:00,9.68462129282428,10.08511328394161,9.466171052720812,9.830254554748535,33000,0.0,0.0
2010-11-08 00:00:00+08:00,10.121521078597047,10.157929567686653,9.3933540745416,9.830254554748535,64,0.0,0.0
2010-11-09 00:00:00+08:00,9.830253540119951,9.86666202545166,9.757436569456535,9.86666202545166,49000,0.0,0.0
2010-11-10 00:00:00+08:00,10.048704928139752,10.048704928139752,9.757437705993652,9.757437705993652,22000,0.0,0.0
2010-11-11 00:00:00+08:00,9.939479327583184,9.939479327583184,9.538988030900025,9.830254554748535,28000,0.0,0.0
2010-11-12 00:00:00+08:00,9.79384606565893,9.830254554748535,9.79384606565893,9.830254554748535,3000,0.0,0.0
2010-11-15 00:00:00+08:00,9.61180418902734,9.903071403503418,9.61180418902734,9.903071403503418,40000,0.0,0.0
2010-11-16 00:00:00+08:00,9.903071087516993,9.903071087516993,9.68462085723877,9.68462085723877,8000,0.0,0.0
2010-11-17 00:00:00+08:00,9.575395394882587,9.68462085723877,9.538987601864665,9.68462085723877,16000,0.0,0.0
2010-11-18 00:00:00+08:00,9.830254554748535,9.830254554748535,9.757437576569323,9.830254554748535,4000,0.0,0.0
2010-11-19 00:00:00+08:00,9.68462085723877,9.68462085723877,9.538987601864665,9.68462085723877,8000,0.0,0.0
2010-11-22 00:00:00+08:00,9.793845176696777,9.83025366248168,9.466170193500876,9.793845176696777,28000,0.0,0.0
2010-11-23 00:00:00+08:00,9.611804314645068,9.830254554748535,9.611804314645068,9.830254554748535,10000,0.0,0.0
2010-11-24 00:00:00+08:00,9.174903696089876,9.793845176696777,9.174903696089876,9.793845176696777,9000,0.0,0.0
2010-11-25 00:00:00+08:00,9.393353221931072,9.793845176696777,9.393353221931072,9.793845176696777,25000,0.0,0.0
2010-11-26 00:00:00+08:00,9.757438165968024,9.757438165968024,9.284129862515432,9.648213386535645,148000,0.0,0.0
2010-11-29 00:00:00+08:00,9.466170435651748,9.611803688082642,9.393353462219238,9.393353462219238,22000,0.0,0.0
2010-11-30 00:00:00+08:00,9.429761948935493,9.429761948935493,9.393353462219238,9.393353462219238,8000,0.0,0.0
2010-12-01 00:00:00+08:00,9.393353462219238,9.393353462219238,9.393353462219238,9.393353462219238,39000,0.0,0.0
2010-12-02 00:00:00+08:00,9.393353462219238,9.79384542722979,9.393353462219238,9.393353462219238,39000,0.0,0.0
2010-12-03 00:00:00+08:00,9.429762840270996,9.648213086783112,9.429762840270996,9.429762840270996,18000,0.0,0.0
2010-12-06 00:00:00+08:00,9.429762840270996,9.429762840270996,9.429762840270996,9.429762840270996,2000,0.0,0.0
2010-12-07 00:00:00+08:00,9.429762645189804,9.611804397778155,9.429762645189804,9.53898811340332,29000,0.0,0.0
2010-12-08 00:00:00+08:00,9.611804596625394,9.757437862822075,9.429762840270996,9.429762840270996,28000,0.0,0.0
2010-12-09 00:00:00+08:00,9.575396537780762,9.575396537780762,9.429763265024192,9.575396537780762,30000,0.0,0.0
2010-12-10 00:00:00+08:00,9.611804962158203,9.611804962158203,9.429763198880835,9.611804962158203,17000,0.0,0.0
2010-12-13 00:00:00+08:00,9.466171134594308,9.53898811340332,9.429762645189804,9.53898811340332,59000,0.0,0.0
2010-12-14 00:00:00+08:00,9.538988310744148,9.538988310744148,9.429762840270996,9.429762840270996,46000,0.0,0.0
2010-12-15 00:00:00+08:00,9.64821301973783,9.64821301973783,9.429762774743722,9.466171264648438,61000,0.0,0.0
2010-12-16 00:00:00+08:00,9.429762774743722,9.466171264648438,9.429762774743722,9.466171264648438,38000,0.0,0.0
2010-12-17 00:00:00+08:00,9.466171264648438,9.466171264648438,9.429762774743722,9.466171264648438,23000,0.0,0.0
2010-12-20 00:00:00+08:00,9.429762774743722,9.466171264648438,9.429762774743722,9.466171264648438,25000,0.0,0.0
2010-12-21 00:00:00+08:00,9.393353462219238,9.466170435651748,9.393353462219238,9.393353462219238,107000,0.0,0.0
2010-12-22 00:00:00+08:00,9.538988244457869,9.538988244457869,9.393354284839006,9.466171264648438,99,0.0,0.0
2010-12-23 00:00:00+08:00,9.611804529833114,9.611804529833114,9.32053799946376,9.466171264648438,50000,0.0,0.0
2010-12-24 00:00:00+08:00,9.356945991516113,9.466170760984584,9.356945991516113,9.356945991516113,15000,0.0,0.0
2010-12-27 00:00:00+08:00,9.429761372502178,9.429761372502178,9.320536613464355,9.320536613464355,14000,0.0,0.0
2010-12-28 00:00:00+08:00,9.538986825974082,9.538986825974082,9.320536613464355,9.320536613464355,8000,0.0,0.0
2010-12-29 00:00:00+08:00,9.393353462219238,9.393353462219238,9.393353462219238,9.393353462219238,10000,0.0,0.0
2010-12-30 00:00:00+08:00,9.393353462219238,9.393353462219238,9.356945669937108,9.393353462219238,13000,0.0,0.0
2010-12-31 00:00:00+08:00,9.393352888011542,9.393352888011542,9.320536613464355,9.320536613464355,16000,0.0,0.0
2011-01-03 00:00:00+08:00,9.429761372502178,9.429761372502178,9.102086400954628,9.320536613464355,79000,0.0,0.0
2011-01-04 00:00:00+08:00,9.466169856992812,9.466169856992812,9.247719644483086,9.320536613464355,7000,0.0,0.0
2011-01-05 00:00:00+08:00,9.393353462219238,9.393353462219238,9.17490393078996,9.393353462219238,17000,0.0,0.0
2011-01-06 00:00:00+08:00,9.174903869628906,9.211311661668336,9.174903869628906,9.174903869628906,13000,0.0,0.0
2011-01-07 00:00:00+08:00,9.174903869628906,9.174903869628906,9.174903869628906,9.174903869628906,24000,0.0,0.0
2011-01-10 00:00:00+08:00,9.174903369935898,9.320536613464355,9.102086400954628,9.320536613464355,33000,0.0,0.0
2011-01-11 00:00:00+08:00,9.320536613464355,9.320536613464355,9.174903369935898,9.320536613464355,33000,0.0,0.0
2011-01-12 00:00:00+08:00,9.32053776092511,9.32053776092511,9.174904499467594,9.211312294006348,21000,0.0,0.0
2011-01-13 00:00:00+08:00,9.174903869628906,9.211311661668336,9.174903869628906,9.174903869628906,16000,0.0,0.0
2011-01-14 00:00:00+08:00,9.32053776092511,9.32053776092511,9.211312294006348,9.211312294006348,3000,0.0,0.0
2011-01-17 00:00:00+08:00,9.247720718383789,9.247720718383789,9.102087457943526,9.247720718383789,63000,0.0,0.0
2011-01-18 00:00:00+08:00,9.866663174711256,9.866663174711256,9.538988157426802,9.757437705993652,142000,0.0,0.0
2011-01-19 00:00:00+08:00,9.393354284839006,9.684621509642545,9.247721019654328,9.466171264648438,70000,0.0,0.0
2011-01-20 00:00:00+08:00,9.611804529833114,9.611804529833114,9.284129509559044,9.466171264648438,33000,0.0,0.0
2011-01-21 00:00:00+08:00,9.28412812897372,9.320536613464355,9.28412812897372,9.320536613464355,4000,0.0,0.0
2011-01-24 00:00:00+08:00,9.247720209788344,9.466170435651748,9.247720209788344,9.393353462219238,13000,0.0,0.0
2011-01-25 00:00:00+08:00,9.393352888011542,9.393352888011542,9.21131115999245,9.320536613464355,20000,0.0,0.0
2011-01-26 00:00:00+08:00,9.466170956261266,9.466170956261266,9.247720718383789,9.247720718383789,57000,0.0,0.0
2011-01-27 00:00:00+08:00,9.247720718383789,9.247720718383789,9.247720718383789,9.247720718383789,6000,0.0,0.0
2011-01-28 00:00:00+08:00,9.247719644483086,9.320536613464355,9.247719644483086,9.320536613464355,9000,0.0,0.0
2011-02-08 00:00:00+08:00,9.247720527613495,9.356945991516113,9.247720527613495,9.356945991516113,17000,0.0,0.0
2011-02-09 00:00:00+08:00,9.247720527613495,9.356945991516113,9.174904246112565,9.356945991516113,33000,0.0,0.0
2011-02-10 00:00:00+08:00,9.393353978824052,9.393353978824052,9.247720718383789,9.247720718383789,23000,0.0,0.0
2011-02-11 00:00:00+08:00,9.247720148141887,9.247720148141887,9.174903869628906,9.174903869628906,13000,0.0,0.0
2011-02-14 00:00:00+08:00,9.174903369935898,9.320536613464355,9.174903369935898,9.320536613464355,40000,0.0,0.0
2011-02-15 00:00:00+08:00,9.174905314251173,9.284130096435547,9.174905314251173,9.284130096435547,14000,0.0,0.0
2011-02-16 00:00:00+08:00,9.174905314251173,9.284130096435547,9.174905314251173,9.284130096435547,24000,0.0,0.0
2011-02-17 00:00:00+08:00,9.247720718383789,9.247720718383789,9.102087457943526,9.247720718383789,38000,0.0,0.0
2011-02-18 00:00:00+08:00,9.174903869628906,9.174903869628906,9.174903869628906,9.174903869628906,11000,0.0,0.0
2011-02-21 00:00:00+08:00,9.102086400954628,9.320536613464355,9.102086400954628,9.320536613464355,25000,0.0,0.0
2011-02-22 00:00:00+08:00,9.102086400954628,9.320536613464355,9.102086400954628,9.320536613464355,7000,0.0,0.0
2011-02-23 00:00:00+08:00,9.174905314251173,9.284130096435547,9.174905314251173,9.284130096435547,36000,0.0,0.0
2011-02-24 00:00:00+08:00,9.174904499467594,9.211312294006348,9.174904499467594,9.211312294006348,60000,0.0,0.0
2011-02-25 00:00:00+08:00,9.211312294006348,9.247720782979268,9.211312294006348,9.211312294006348,37000,0.0,0.0
2011-03-01 00:00:00+08:00,9.284128696504599,9.538987409084257,9.21131172307209,9.393353462219238,40000,0.0,0.0
2011-03-02 00:00:00+08:00,9.35694509795499,9.35694509795499,9.320536613464355,9.320536613464355,15000,0.0,0.0
2011-03-03 00:00:00+08:00,8.810819913897712,9.320536613464355,8.810819913897712,9.320536613464355,41000,0.0,0.0
2011-03-04 00:00:00+08:00,9.174903369935898,9.320536613464355,9.174903369935898,9.320536613464355,29000,0.0,0.0
2011-03-07 00:00:00+08:00,9.247719644483086,9.320536613464355,9.174903369935898,9.320536613464355,79000,0.0,0.0
2011-03-08 00:00:00+08:00,9.320537695821002,9.320537695821002,9.17490443538074,9.247720718383789,15000,0.0,0.0
2011-03-09 00:00:00+08:00,9.211312229665182,9.247720718383789,9.211312229665182,9.247720718383789,44000,0.0,0.0
2011-03-10 00:00:00+08:00,9.211313112023145,9.284130096435547,9.211313112023145,9.284130096435547,31000,0.0,0.0
2011-03-11 00:00:00+08:00,9.284129271952189,9.284129271952189,9.211312294006348,9.211312294006348,43000,0.0,0.0
2011-03-14 00:00:00+08:00,9.174903869628906,9.211311661668336,8.73800342081453,9.174903869628906,26000,0.0,0.0
2011-03-15 00:00:00+08:00,9.174903869628906,9.247720148141887,9.102086896681802,9.174903869628906,94000,0.0,0.0
2011-03-16 00:00:00+08:00,9.174903869628906,9.174903869628906,9.174903869628906,9.174903869628906,20000,0.0,0.0
2011-03-17 00:00:00+08:00,9.102086896681802,9.174903869628906,9.0292699237347,9.174903869628906,64000,0.0,0.0
2011-03-18 00:00:00+08:00,9.10208797454834,9.10208797454834,9.10208797454834,9.10208797454834,40000,0.0,0.0
2011-03-21 00:00:00+08:00,8.738004020660885,9.247720782979268,8.738004020660885,9.211312294006348,28000,0.0,0.0
2011-03-22 00:00:00+08:00,9.17490443538074,9.247720718383789,9.102087457943526,9.247720718383789,97000,0.0,0.0
2011-03-23 00:00:00+08:00,9.102087457943526,9.247720718383789,9.102087457943526,9.247720718383789,17000,0.0,0.0
2011-03-24 00:00:00+08:00,9.138495946662132,9.247720718383789,9.138495946662132,9.247720718383789,23000,0.0,0.0
2011-03-25 00:00:00+08:00,9.17490443538074,9.247720718383789,9.17490443538074,9.247720718383789,9000,0.0,0.0
2011-03-28 00:00:00+08:00,9.102087457943526,9.247720718383789,9.102087457943526,9.247720718383789,15000,0.0,0.0
2011-03-29 00:00:00+08:00,9.174904499467594,9.211312294006348,9.174904499467594,9.211312294006348,12000,0.0,0.0
2011-03-30 00:00:00+08:00,9.174903869628906,9.211311661668336,9.174903869628906,9.174903869628906,12000,0.0,0.0
2011-03-31 00:00:00+08:00,9.138495383155355,9.174903869628906,9.138495383155355,9.174903869628906,19000,0.0,0.0
2011-04-01 00:00:00+08:00,9.247720718383789,9.247720718383789,9.138495946662132,9.247720718383789,22000,0.0,0.0
2011-04-06 00:00:00+08:00,9.17490443538074,9.247720718383789,9.17490443538074,9.247720718383789,56000,0.0,0.0
2011-04-07 00:00:00+08:00,9.174903869628906,9.247720148141887,9.174903869628906,9.174903869628906,159000,0.0,0.0
2011-04-08 00:00:00+08:00,9.247720148141887,9.247720148141887,9.174903869628906,9.174903869628906,14000,0.0,0.0
2011-04-11 00:00:00+08:00,9.247721604229346,9.284130096435547,9.247721604229346,9.284130096435547,31000,0.0,0.0
2011-04-12 00:00:00+08:00,9.28412812897372,9.320536613464355,9.247719644483086,9.320536613464355,22000,0.0,0.0
2011-04-13 00:00:00+08:00,9.174903369935898,9.320536613464355,9.174903369935898,9.320536613464355,7000,0.0,0.0
2011-04-14 00:00:00+08:00,9.174904246112565,9.356945991516113,9.102087270177485,9.356945991516113,113000,0.0,0.0
2011-04-15 00:00:00+08:00,9.247721604229346,9.284130096435547,9.211313112023145,9.284130096435547,18000,0.0,0.0
2011-04-18 00:00:00+08:00,9.174905314251173,9.284130096435547,9.174905314251173,9.284130096435547,32000,0.0,0.0
2011-04-19 00:00:00+08:00,9.284129271952189,9.284129271952189,9.211312294006348,9.211312294006348,23000,0.0,0.0
2011-04-20 00:00:00+08:00,9.211312294006348,9.211312294006348,9.211312294006348,9.211312294006348,8000,0.0,0.0
2011-04-21 00:00:00+08:00,9.174905314251173,9.284130096435547,9.174905314251173,9.284130096435547,21000,0.0,0.0
2011-04-22 00:00:00+08:00,9.284130096435547,9.284130096435547,9.102088329838772,9.284130096435547,39000,0.0,0.0
2011-04-25 00:00:00+08:00,9.174904499467594,9.211312294006348,9.174904499467594,9.211312294006348,43000,0.0,0.0
2011-04-26 00:00:00+08:00,9.174904499467594,9.211312294006348,9.174904499467594,9.211312294006348,8000,0.0,0.0
2011-04-27 00:00:00+08:00,9.211312229665182,9.247720718383789,9.211312229665182,9.247720718383789,4000,0.0,0.0
2011-04-28 00:00:00+08:00,9.17490443538074,9.247720718383789,9.17490443538074,9.247720718383789,45000,0.0,0.0
2011-04-29 00:00:00+08:00,9.17490443538074,9.247720718383789,9.17490443538074,9.247720718383789,25000,0.0,0.0
2011-05-03 00:00:00+08:00,9.17490443538074,9.247720718383789,9.17490443538074,9.247720718383789,18000,0.0,0.0
2011-05-04 00:00:00+08:00,9.284129862515432,9.866663639834615,9.247721371226568,9.648213386535645,80000,0.0,0.0
2011-05-05 00:00:00+08:00,9.53898811340332,9.53898811340332,9.53898811340332,9.53898811340332,3000,0.0,0.0
2011-05-06 00:00:00+08:00,9.247721019654328,9.502579754553153,9.247721019654328,9.466171264648438,33000,0.0,0.0
2011-05-09 00:00:00+08:00,9.247720527613495,9.356945991516113,9.211312039645955,9.356945991516113,28000,0.0,0.0
2011-05-10 00:00:00+08:00,9.35694509795499,9.35694509795499,9.247719644483086,9.320536613464355,44000,0.0,0.0
2011-05-11 00:00:00+08:00,9.284129015581035,9.356945991516113,9.284129015581035,9.356945991516113,23000,0.0,0.0
2011-05-12 00:00:00+08:00,9.320536613464355,9.320536613464355,9.247719644483086,9.320536613464355,32000,0.0,0.0
2011-05-13 00:00:00+08:00,9.32053799946376,9.575396039928398,9.284129509559044,9.466171264648438,24000,0.0,0.0
2011-05-16 00:00:00+08:00,9.466171863032322,9.466171863032322,9.284130096435547,9.284130096435547,23000,0.0,0.0
2011-05-17 00:00:00+08:00,9.284130096435547,9.320538588641748,9.284130096435547,9.284130096435547,40000,0.0,0.0
2011-05-18 00:00:00+08:00,9.393353462219238,9.393353462219238,9.393353462219238,9.393353462219238,2000,0.0,0.0
2011-05-19 00:00:00+08:00,9.466171264648438,9.466171264648438,9.466171264648438,9.466171264648438,10000,0.0,0.0
2011-05-20 00:00:00+08:00,9.466171264648438,9.538988244457869,9.284129509559044,9.466171264648438,110000,0.0,0.0
2011-05-23 00:00:00+08:00,9.429762774743722,9.466171264648438,9.429762774743722,9.466171264648438,2000,0.0,0.0
2011-05-24 00:00:00+08:00,9.466171264648438,9.466171264648438,9.466171264648438,9.466171264648438,1000,0.0,0.0
2011-05-25 00:00:00+08:00,9.320538588641748,9.320538588641748,9.284130096435547,9.284130096435547,38000,0.0,0.0
2011-05-26 00:00:00+08:00,9.247720209788344,9.466170435651748,9.247720209788344,9.393353462219238,34000,0.0,0.0
2011-05-27 00:00:00+08:00,9.466171330428715,9.466171330428715,9.284129574074315,9.429762840270996,6000,0.0,0.0
2011-05-30 00:00:00+08:00,9.284129574074315,9.429762840270996,9.284129574074315,9.429762840270996,7000,0.0,0.0
2011-05-31 00:00:00+08:00,9.466170435651748,9.466170435651748,9.393353462219238,9.393353462219238,3000,0.0,0.0
2011-06-01 00:00:00+08:00,9.284130096435547,9.39335487861992,9.284130096435547,9.284130096435547,26000,0.0,0.0
2011-06-02 00:00:00+08:00,9.284129015581035,9.356945991516113,9.247720527613495,9.356945991516113,12000,0.0,0.0
2011-06-03 00:00:00+08:00,9.247720718383789,9.247720718383789,9.211312229665182,9.247720718383789,36000,0.0,0.0
2011-06-07 00:00:00+08:00,9.247720782979268,9.247720782979268,9.211312294006348,9.211312294006348,3000,0.0,0.0
2011-06-08 00:00:00+08:00,9.247720718383789,9.320537695821002,9.247720718383789,9.247720718383789,35000,0.0,0.0
2011-06-09 00:00:00+08:00,9.28412812897372,9.320536613464355,9.28412812897372,9.320536613464355,51000,0.0,0.0
2011-06-10 00:00:00+08:00,9.247720718383789,9.284129207102396,9.247720718383789,9.247720718383789,25000,0.0,0.0
2011-06-13 00:00:00+08:00,9.320536613464355,9.320536613464355,9.138494885445262,9.320536613464355,62000,0.0,0.0
2011-06-14 00:00:00+08:00,9.247720718383789,9.247720718383789,9.247720718383789,9.247720718383789,22000,0.0,0.0
2011-06-15 00:00:00+08:00,9.247720718383789,9.247720718383789,9.247720718383789,9.247720718383789,24000,0.0,0.0
2011-06-16 00:00:00+08:00,9.174903369935898,9.320536613464355,9.174903369935898,9.320536613464355,31000,0.0,0.0
2011-06-17 00:00:00+08:00,9.320537695821002,9.320537695821002,9.211312229665182,9.247720718383789,12000,0.0,0.0
2011-06-20 00:00:00+08:00,9.247720148141887,9.247720148141887,9.174903869628906,9.174903869628906,32000,0.0,0.0
2011-06-21 00:00:00+08:00,9.102087457943526,9.320537695821002,9.102087457943526,9.247720718383789,6000,0.0,0.0
2011-06-22 00:00:00+08:00,9.174905314251173,9.284130096435547,9.102088329838772,9.284130096435547,94000,0.0,0.0
2011-06-23 00:00:00+08:00,9.174903869628906,9.211311661668336,9.174903869628906,9.174903869628906,39000,0.0,0.0
2011-06-24 00:00:00+08:00,9.174904499467594,9.211312294006348,9.174904499467594,9.211312294006348,4000,0.0,0.0
2011-06-27 00:00:00+08:00,9.174903869628906,9.174903869628906,9.174903869628906,9.174903869628906,4000,0.0,0.0
2011-06-28 00:00:00+08:00,9.174903869628906,9.174903869628906,9.174903869628906,9.174903869628906,24000,0.0,0.0
2011-06-29 00:00:00+08:00,9.174903869628906,9.174903869628906,9.174903869628906,9.174903869628906,5000,0.0,0.0
2011-06-30 00:00:00+08:00,9.174903869628906,9.174903869628906,9.174903869628906,9.174903869628906,2000,0.0,0.0
2011-07-01 00:00:00+08:00,9.247720148141887,9.247720148141887,9.174903869628906,9.174903869628906,6000,0.0,0.0
2011-07-04 00:00:00+08:00,9.174903869628906,9.174903869628906,9.174903869628906,9.174903869628906,14000,0.0,0.0
2011-07-05 00:00:00+08:00,9.174905314251173,9.284130096435547,9.174905314251173,9.284130096435547,13000,0.0,0.0
2011-07-06 00:00:00+08:00,9.174905314251173,9.284130096435547,9.174905314251173,9.284130096435547,14000,0.0,0.0
2011-07-07 00:00:00+08:00,9.174905314251173,9.284130096435547,9.174905314251173,9.284130096435547,13000,0.0,0.0
2011-07-08 00:00:00+08:00,9.174903869628906,9.174903869628906,9.174903869628906,9.174903869628906,7000,0.0,0.0
2011-07-11 00:00:00+08:00,9.174903869628906,9.174903869628906,9.174903869628906,9.174903869628906,15000,0.0,0.0
2011-07-12 00:00:00+08:00,9.174904889446243,9.174904889446243,9.138496398925781,9.138496398925781,28000,0.0,0.0
2011-07-13 00:00:00+08:00,9.138496398925781,9.138496398925781,9.138496398925781,9.138496398925781,33000,0.0,0.0
2011-07-14 00:00:00+08:00,9.17490443538074,9.247720718383789,9.138495946662132,9.247720718383789,6000,0.0,0.0
2011-07-15 00:00:00+08:00,9.138496822044972,9.284130096435547,9.138496822044972,9.284130096435547,5000,0.0,0.0
2011-07-18 00:00:00+08:00,9.17490443538074,9.247720718383789,9.17490443538074,9.247720718383789,6000,0.0,0.0
2011-07-19 00:00:00+08:00,9.174905314251173,9.284130096435547,9.174905314251173,9.284130096435547,18000,0.0,0.0
2011-07-20 00:00:00+08:00,9.174904499467594,9.247720782979268,9.174904499467594,9.211312294006348,14000,0.0,0.0
2011-07-21 00:00:00+08:00,9.174903869628906,9.174903869628906,9.174903869628906,9.174903869628906,9000,0.0,0.0
2011-07-22 00:00:00+08:00,9.247720148141887,9.247720148141887,9.174903869628906,9.174903869628906,81000,0.0,0.0
2011-07-25 00:00:00+08:00,9.174904889446243,9.174904889446243,9.138496398925781,9.138496398925781,142000,0.0,0.0
2011-07-26 00:00:00+08:00,9.138495383155355,9.174903869628906,9.138495383155355,9.174903869628906,24000,0.0,0.0
2011-07-27 00:00:00+08:00,9.138496398925781,9.138496398925781,9.138496398925781,9.138496398925781,18000,0.0,0.0
2011-07-28 00:00:00+08:00,9.029271059119166,9.10208804122263,9.029271059119166,9.065679550170898,72000,0.0,0.0
2011-07-29 00:00:00+08:00,9.174904956118407,9.174904956118407,9.065679483763306,9.10208797454834,11000,0.0,0.0
2011-08-01 00:00:00+08:00,9.138496465333374,9.138496465333374,9.10208797454834,9.10208797454834,2000,0.0,0.0
2011-08-02 00:00:00+08:00,9.10208797454834,9.138496465333374,9.10208797454834,9.10208797454834,21000,0.0,0.0
2011-08-03 00:00:00+08:00,9.10208790840532,9.138496398925781,9.10208790840532,9.138496398925781,17000,0.0,0.0
2011-08-04 00:00:00+08:00,9.102086896681802,9.174903869628906,9.102086896681802,9.174903869628906,10000,0.0,0.0
2011-08-05 00:00:00+08:00,9.06567961711404,9.06567961711404,9.029271125793457,9.029271125793457,110000,0.0,0.0
2011-08-08 00:00:00+08:00,9.029271059119166,9.065679550170898,9.029271059119166,9.065679550170898,58000,0.0,0.0
2011-08-09 00:00:00+08:00,8.738004967635163,8.95645523071289,8.738004967635163,8.95645523071289,36000,0.0,0.0
2011-08-10 00:00:00+08:00,9.102088507953294,9.102088507953294,8.95645523071289,8.95645523071289,28000,0.0,0.0
2011-08-11 00:00:00+08:00,9.174905023326094,9.174905023326094,9.065679550170898,9.065679550170898,2000,0.0,0.0
2011-08-12 00:00:00+08:00,9.029271522115971,9.029271522115971,8.95645523071289,8.95645523071289,63000,0.0,0.0
2011-08-15 00:00:00+08:00,8.95645523071289,8.95645523071289,8.95645523071289,8.95645523071289,60000,0.0,0.0
2011-08-16 00:00:00+08:00,8.956454341966992,8.956454341966992,8.738004100566007,8.920045852661133,203000,0.0,0.0
2011-08-17 00:00:00+08:00,8.883637493746502,9.10208773835383,8.738004228819678,8.84722900390625,113000,0.0,0.0
2011-08-18 00:00:00+08:00,8.84722900390625,8.84722900390625,8.84722900390625,8.84722900390625,0,0.0,0.0
2011-08-19 00:00:00+08:00,8.810822486877441,8.810822486877441,8.810822486877441,8.810822486877441,0,0.0,0.0
2011-08-22 00:00:00+08:00,8.738004228819678,8.84722900390625,8.738004228819678,8.84722900390625,3000,0.0,0.0
2011-08-23 00:00:00+08:00,8.77441359595083,8.883638381958008,8.738005102470353,8.883638381958008,4000,0.0,0.0
2011-08-24 00:00:00+08:00,8.774412589871867,8.920045852661133,8.738004100566007,8.920045852661133,4000,0.0,0.0
2011-08-25 00:00:00+08:00,8.738003730773926,8.738003730773926,8.738003730773926,8.738003730773926,1000,0.0,0.0
2011-08-26 00:00:00+08:00,8.738003730773926,8.738003730773926,8.738003730773926,8.738003730773926,0,0.0,0.0
2011-08-29 00:00:00+08:00,9.102087473322216,9.247720734008539,8.810820951949571,8.992862701416016,10000,0.0,0.0
2011-08-30 00:00:00+08:00,8.738003974389327,8.992862701416016,8.738003974389327,8.992862701416016,2000,0.0,0.0
2011-08-31 00:00:00+08:00,8.738003974389327,8.992862701416016,8.738003974389327,8.992862701416016,4000,0.0,0.0
2011-09-01 00:00:00+08:00,8.992862701416016,8.992862701416016,8.992862701416016,8.992862701416016,1000,0.0,0.0
2011-09-02 00:00:00+08:00,8.992862701416016,8.992862701416016,8.992862701416016,8.992862701416016,0,0.0,0.0
2011-09-05 00:00:00+08:00,8.738003805160396,8.92004555110124,8.410328801353712,8.446737289428711,14000,0.0,0.0
2011-09-06 00:00:00+08:00,8.373920241991678,8.920045475165049,8.373920241991678,8.738003730773926,37000,0.0,0.0
2011-09-07 00:00:00+08:00,8.701596608989876,8.883638381958008,8.701596608989876,8.883638381958008,3000,0.0,0.0
2011-09-08 00:00:00+08:00,8.883637450076488,8.883637450076488,8.628779411315918,8.628779411315918,36000,0.0,0.0
2011-09-09 00:00:00+08:00,8.191878629380946,8.738003871339677,8.191878629380946,8.41032886505127,10000,0.0,0.0
2011-09-13 00:00:00+08:00,8.738003730773926,8.738003730773926,8.738003730773926,8.738003730773926,2000,0.0,0.0
2011-09-14 00:00:00+08:00,8.483145072648986,8.701595306396484,8.483145072648986,8.701595306396484,3000,0.0,0.0
2011-09-15 00:00:00+08:00,8.483145010852695,8.738003730773926,8.483145010852695,8.738003730773926,2000,0.0,0.0
2011-09-16 00:00:00+08:00,8.446737217521786,8.774412218538979,8.446737217521786,8.738003730773926,33000,0.0,0.0
2011-09-19 00:00:00+08:00,8.483145010852695,8.738003730773926,8.446737217521786,8.738003730773926,5000,0.0,0.0
2011-09-20 00:00:00+08:00,8.883636987399996,8.883636987399996,8.446737217521786,8.738003730773926,3000,0.0,0.0
2011-09-21 00:00:00+08:00,8.483145134964575,8.665186882019043,8.483145134964575,8.665186882019043,4000,0.0,0.0
2011-09-22 00:00:00+08:00,8.665186882019043,8.665186882019043,8.665186882019043,8.665186882019043,0,0.0,0.0
2011-09-23 00:00:00+08:00,8.665186818366209,8.701595306396484,8.37392030299231,8.701595306396484,6000,0.0,0.0
2011-09-26 00:00:00+08:00,8.373920241991678,8.738003730773926,8.373920241991678,8.738003730773926,6000,0.0,0.0
2011-09-27 00:00:00+08:00,8.446737341101004,8.665186882019043,8.446737341101004,8.665186882019043,4000,0.0,0.0
2011-09-28 00:00:00+08:00,8.1554700098355,8.738003730773926,8.1554700098355,8.738003730773926,3000,0.0,0.0
2011-09-29 00:00:00+08:00,8.41032886505127,8.70159538298893,8.41032886505127,8.41032886505127,8000,0.0,0.0
2011-09-30 00:00:00+08:00,8.665186882019043,8.665186882019043,8.665186882019043,8.665186882019043,1000,0.0,0.0
2011-10-03 00:00:00+08:00,8.155471801757812,8.55596386630133,8.155471801757812,8.155471801757812,41000,0.0,0.0
2011-10-04 00:00:00+08:00,8.519553700755235,8.519553700755235,8.155470203334634,8.373920440673828,3000,0.0,0.0
2011-10-05 00:00:00+08:00,8.519554138183594,8.519554138183594,8.519554138183594,8.519554138183594,1000,0.0,0.0
2011-10-06 00:00:00+08:00,8.155470203334634,8.373920440673828,8.155470203334634,8.373920440673828,3000,0.0,0.0
2011-10-07 00:00:00+08:00,8.373921463044702,8.373921463044702,8.155471199034949,8.337512969970703,15000,0.0,0.0
2011-10-11 00:00:00+08:00,8.446737289428711,8.446737289428711,8.446737289428711,8.446737289428711,1000,0.0,0.0
2011-10-12 00:00:00+08:00,8.446737289428711,8.446737289428711,8.446737289428711,8.446737289428711,0,0.0,0.0
2011-10-13 00:00:00+08:00,8.373920440673828,8.373920440673828,8.373920440673828,8.373920440673828,0,0.0,0.0
2011-10-14 00:00:00+08:00,8.373920440673828,8.373920440673828,8.373920440673828,8.373920440673828,43000,0.0,0.0
2011-10-17 00:00:00+08:00,8.373920440673828,8.446737417931612,8.373920440673828,8.373920440673828,75000,0.0,0.0
2011-10-18 00:00:00+08:00,8.373920440673828,8.373920440673828,8.373920440673828,8.373920440673828,0,0.0,0.0
2011-10-19 00:00:00+08:00,8.373920440673828,8.373920440673828,8.046245431882118,8.373920440673828,4000,0.0,0.0
2011-10-20 00:00:00+08:00,8.738004228819678,8.956454473427007,8.738004228819678,8.84722900390625,4000,0.0,0.0
2011-10-21 00:00:00+08:00,8.738004185865567,8.738004185865567,8.228287413910245,8.628779411315918,4000,0.0,0.0
2011-10-24 00:00:00+08:00,8.665186755243818,8.738003730773926,8.665186755243818,8.738003730773926,2000,0.0,0.0
2011-10-25 00:00:00+08:00,8.738003730773926,8.738003730773926,8.738003730773926,8.738003730773926,2000,0.0,0.0
2011-10-26 00:00:00+08:00,8.738003730773926,8.738003730773926,8.738003730773926,8.738003730773926,0,0.0,0.0
2011-10-27 00:00:00+08:00,8.738003730773926,8.738003730773926,8.1554700098355,8.738003730773926,6000,0.0,0.0
2011-10-28 00:00:00+08:00,8.228286985365608,8.738003730773926,8.228286985365608,8.738003730773926,16000,0.0,0.0
2011-10-31 00:00:00+08:00,8.738003730773926,8.738003730773926,8.738003730773926,8.738003730773926,0,0.0,0.0
2011-11-01 00:00:00+08:00,8.191878617451087,8.665186882019043,8.191878617451087,8.665186882019043,6000,0.0,0.0
2011-11-02 00:00:00+08:00,8.228287630595755,8.26469612121582,8.228287630595755,8.26469612121582,2000,0.0,0.0
2011-11-03 00:00:00+08:00,8.555961263297098,8.555961263297098,8.009836076278134,8.082653045654297,68000,0.0,0.0
2011-11-04 00:00:00+08:00,8.082653858762862,8.41032886505127,8.082653858762862,8.41032886505127,215000,0.0,0.0
2011-11-07 00:00:00+08:00,8.1554701410302,8.41032886505127,8.082653858762862,8.41032886505127,4000,0.0,0.0
2011-11-08 00:00:00+08:00,8.155470203334634,8.373920440673828,8.119061714705742,8.373920440673828,255000,0.0,0.0
2011-11-09 00:00:00+08:00,8.446737417931612,8.446737417931612,8.155470203334634,8.373920440673828,3000,0.0,0.0
2011-11-10 00:00:00+08:00,8.119061714705742,8.373920440673828,8.119061714705742,8.373920440673828,2000,0.0,0.0
2011-11-11 00:00:00+08:00,8.08265392051101,8.446737417931612,8.08265392051101,8.373920440673828,12000,0.0,0.0
2011-11-14 00:00:00+08:00,8.446738413154355,8.95645523071289,8.446738413154355,8.95645523071289,11000,0.0,0.0
2011-11-15 00:00:00+08:00,8.44673727905286,8.701595306396484,8.410328791022586,8.701595306396484,4000,0.0,0.0
2011-11-16 00:00:00+08:00,8.592370536739809,8.701595306396484,8.592370536739809,8.701595306396484,2000,0.0,0.0
2011-11-17 00:00:00+08:00,8.301103497896197,8.992862701416016,8.301103497896197,8.992862701416016,2000,0.0,0.0
2011-11-18 00:00:00+08:00,8.992862701416016,8.992862701416016,8.992862701416016,8.992862701416016,2000,0.0,0.0
2011-11-21 00:00:00+08:00,8.920045852661133,8.920045852661133,8.920045852661133,8.920045852661133,5000,0.0,0.0
2011-11-22 00:00:00+08:00,8.337511754226625,8.738003730773926,8.337511754226625,8.738003730773926,2000,0.0,0.0
2011-11-23 00:00:00+08:00,8.738003730773926,8.738003730773926,8.738003730773926,8.738003730773926,0,0.0,0.0
2011-11-24 00:00:00+08:00,8.738003730773926,8.738003730773926,8.228286985365608,8.738003730773926,18000,0.0,0.0
2011-11-25 00:00:00+08:00,8.738003730773926,8.738003730773926,8.738003730773926,8.738003730773926,0,0.0,0.0
2011-11-28 00:00:00+08:00,8.738004386738906,8.738004386738906,8.228287603065976,8.519554138183594,5000,0.0,0.0
2011-11-29 00:00:00+08:00,8.519553498617748,8.738003730773926,8.519553498617748,8.738003730773926,2000,0.0,0.0
2011-11-30 00:00:00+08:00,8.738003730773926,8.738003730773926,8.738003730773926,8.738003730773926,0,0.0,0.0
2011-12-01 00:00:00+08:00,8.410328358686108,8.555961608886719,8.410328358686108,8.555961608886719,3000,0.0,0.0
2011-12-02 00:00:00+08:00,8.373920870624785,8.555962628681845,8.373920870624785,8.519554138183594,10000,0.0,0.0
2011-12-05 00:00:00+08:00,8.410328358686108,8.555961608886719,8.373919872527427,8.555961608886719,4000,0.0,0.0
2011-12-06 00:00:00+08:00,8.373919872527427,8.73800334524601,8.373919872527427,8.555961608886719,13000,0.0,0.0
2011-12-07 00:00:00+08:00,8.264695108485498,8.555961608886719,8.264695108485498,8.555961608886719,5000,0.0,0.0
2011-12-08 00:00:00+08:00,8.337513038968563,8.555963304786124,8.301104545593262,8.301104545593262,7000,0.0,0.0
2011-12-09 00:00:00+08:00,8.628779035369552,8.628779035369552,8.446737289428711,8.446737289428711,2000,0.0,0.0
2011-12-12 00:00:00+08:00,8.555962695370217,8.592371186152251,8.228287667200327,8.483145713806152,10000,0.0,0.0
2011-12-13 00:00:00+08:00,8.41032886505127,8.41032886505127,8.30110339999903,8.41032886505127,7000,0.0,0.0
2011-12-14 00:00:00+08:00,8.373920376700523,8.41032886505127,8.30110339999903,8.41032886505127,7000,0.0,0.0
2011-12-15 00:00:00+08:00,8.301102900210065,8.555961608886719,8.155469650009454,8.555961608886719,13000,0.0,0.0
2011-12-16 00:00:00+08:00,8.555961608886719,8.555961608886719,8.555961608886719,8.555961608886719,0,0.0,0.0
2011-12-19 00:00:00+08:00,8.446737289428711,8.446737289428711,8.446737289428711,8.446737289428711,0,0.0,0.0
2011-12-20 00:00:00+08:00,8.483145212126344,8.483145212126344,8.22828718059242,8.373920440673828,13000,0.0,0.0
2011-12-21 00:00:00+08:00,8.446737353402016,8.592370612370846,8.30110339999903,8.41032886505127,4000,0.0,0.0
2011-12-22 00:00:00+08:00,8.41032886505127,8.41032886505127,8.41032886505127,8.41032886505127,0,0.0,0.0
2011-12-23 00:00:00+08:00,8.30110339999903,8.41032886505127,8.30110339999903,8.41032886505127,7000,0.0,0.0
2011-12-26 00:00:00+08:00,8.373920313278713,8.446737289428711,8.26469554348787,8.446737289428711,10000,0.0,0.0
2011-12-27 00:00:00+08:00,8.446737289428711,8.446737289428711,8.446737289428711,8.446737289428711,0,0.0,0.0
2011-12-28 00:00:00+08:00,8.483145713806152,8.483145713806152,8.483145713806152,8.483145713806152,1000,0.0,0.0
2011-12-29 00:00:00+08:00,8.22828718059242,8.373920440673828,8.046245431882118,8.373920440673828,14000,0.0,0.0
2011-12-30 00:00:00+08:00,8.301103463416043,8.373920440673828,8.301103463416043,8.373920440673828,2000,0.0,0.0
2012-01-02 00:00:00+08:00,8.22828718059242,8.373920440673828,8.22828718059242,8.373920440673828,4000,0.0,0.0
2012-01-03 00:00:00+08:00,8.446737289428711,8.446737289428711,8.373920313278713,8.446737289428711,5000,0.0,0.0
2012-01-04 00:00:00+08:00,8.337512969970703,8.337512969970703,8.337512969970703,8.337512969970703,1000,0.0,0.0
2012-01-05 00:00:00+08:00,8.446737289428711,8.446737289428711,8.446737289428711,8.446737289428711,1000,0.0,0.0
2012-01-06 00:00:00+08:00,8.373920440673828,8.373920440673828,8.373920440673828,8.373920440673828,2000,0.0,0.0
2012-01-09 00:00:00+08:00,8.373920440673828,8.373920440673828,8.22828718059242,8.373920440673828,7000,0.0,0.0
2012-01-10 00:00:00+08:00,8.301104545593262,8.301104545593262,8.301104545593262,8.301104545593262,2000,0.0,0.0
2012-01-11 00:00:00+08:00,8.373920440673828,8.373920440673828,8.22828718059242,8.373920440673828,5000,0.0,0.0
2012-01-12 00:00:00+08:00,8.228287630595755,8.26469612121582,8.04624587192963,8.26469612121582,19000,0.0,0.0
2012-01-13 00:00:00+08:00,8.373920966056875,8.373920966056875,8.228287696838379,8.228287696838379,27000,0.0,0.0
2012-01-16 00:00:00+08:00,8.519554138183594,8.519554138183594,8.519554138183594,8.519554138183594,1000,0.0,0.0
2012-01-17 00:00:00+08:00,8.228288185182949,8.337512969970703,8.228288185182949,8.337512969970703,5000,0.0,0.0
2012-01-18 00:00:00+08:00,8.22828718059242,8.373920440673828,8.22828718059242,8.373920440673828,5000,0.0,0.0
2012-01-30 00:00:00+08:00,8.446737851621288,8.519554138183594,8.446737851621288,8.519554138183594,4000,0.0,0.0
2012-01-31 00:00:00+08:00,8.519554138183594,8.519554138183594,8.519554138183594,8.519554138183594,0,0.0,0.0
2012-02-01 00:00:00+08:00,8.446737851621288,8.519554138183594,8.446737851621288,8.519554138183594,6000,0.0,0.0
2012-02-02 00:00:00+08:00,8.22828825327691,8.555963304786124,8.22828825327691,8.301104545593262,17000,0.0,0.0
2012-02-03 00:00:00+08:00,8.264696678256948,8.337512969970703,8.264696678256948,8.337512969970703,3000,0.0,0.0
2012-02-06 00:00:00+08:00,8.446737289428711,8.446737289428711,8.446737289428711,8.446737289428711,0,0.0,0.0
2012-02-07 00:00:00+08:00,8.410328801353712,8.446737289428711,8.410328801353712,8.446737289428711,2000,0.0,0.0
2012-02-08 00:00:00+08:00,8.301104476896702,8.337512969970703,8.228288185182949,8.337512969970703,6000,0.0,0.0
2012-02-09 00:00:00+08:00,8.337512969970703,8.337512969970703,8.337512969970703,8.337512969970703,0,0.0,0.0
2012-02-10 00:00:00+08:00,8.26469554348787,8.446737289428711,8.155470079262873,8.446737289428711,46000,0.0,0.0
2012-02-13 00:00:00+08:00,8.22828825327691,8.410330025719167,8.22828825327691,8.301104545593262,5000,0.0,0.0
2012-02-14 00:00:00+08:00,8.228287696838379,8.228287696838379,8.228287696838379,8.228287696838379,1000,0.0,0.0
2012-02-15 00:00:00+08:00,8.337512969970703,8.337512969970703,8.228288185182949,8.337512969970703,5000,0.0,0.0
2012-02-16 00:00:00+08:00,8.228287696838379,8.228287696838379,8.191879205925204,8.228287696838379,15000,0.0,0.0
2012-02-17 00:00:00+08:00,8.228287696838379,8.301103984230524,8.228287696838379,8.228287696838379,15000,0.0,0.0
2012-02-20 00:00:00+08:00,8.373920440673828,8.373920440673828,8.373920440673828,8.373920440673828,1000,0.0,0.0
2012-02-21 00:00:00+08:00,8.155471266526305,8.301104545593262,8.155471266526305,8.301104545593262,2000,0.0,0.0
2012-02-22 00:00:00+08:00,8.04624587192963,8.26469612121582,8.04624587192963,8.26469612121582,12000,0.0,0.0
2012-02-23 00:00:00+08:00,8.046246002059585,8.191879272460938,8.046246002059585,8.191879272460938,3000,0.0,0.0
2012-02-24 00:00:00+08:00,8.082654493268475,8.191879272460938,8.082654493268475,8.191879272460938,2000,0.0,0.0
2012-02-29 00:00:00+08:00,8.26469612121582,8.26469612121582,8.04624587192963,8.26469612121582,3000,0.0,0.0
2012-03-01 00:00:00+08:00,8.082653045654297,8.082653045654297,8.082653045654297,8.082653045654297,1000,0.0,0.0
2012-03-02 00:00:00+08:00,8.228288793287287,8.228288793287287,8.155471801757812,8.155471801757812,2000,0.0,0.0
2012-03-05 00:00:00+08:00,8.228287696838379,8.228287696838379,7.900612667488212,8.228287696838379,3000,0.0,0.0
2012-03-06 00:00:00+08:00,8.228287696838379,8.228287696838379,8.228287696838379,8.228287696838379,0,0.0,0.0
2012-03-07 00:00:00+08:00,8.228287763669828,8.228287763669828,8.009837510850694,8.191879272460938,8000,0.0,0.0
2012-03-08 00:00:00+08:00,8.191879272460938,8.191879272460938,8.191879272460938,8.191879272460938,0,0.0,0.0
2012-03-09 00:00:00+08:00,8.228287696838379,8.228287696838379,8.009837445793533,8.228287696838379,43000,0.0,0.0
2012-03-12 00:00:00+08:00,7.8642028319598944,8.082653045654297,7.8642028319598944,8.082653045654297,31000,0.0,0.0
2012-03-13 00:00:00+08:00,7.864202950388062,8.082653167372138,7.864202950388062,8.009836196899414,10000,0.0,0.0
2012-03-14 00:00:00+08:00,8.155469443410766,8.155469443410766,8.009836196899414,8.009836196899414,6000,0.0,0.0
2012-03-15 00:00:00+08:00,7.8642034807184595,7.973428249359131,7.8642034807184595,7.973428249359131,8000,0.0,0.0
2012-03-16 00:00:00+08:00,8.009836196899414,8.009836196899414,7.900611435624424,8.009836196899414,10000,0.0,0.0
2012-03-19 00:00:00+08:00,8.082653167372138,8.082653167372138,8.009836196899414,8.009836196899414,2000,0.0,0.0
2012-03-20 00:00:00+08:00,7.864202950388062,8.082653167372138,7.864202950388062,8.009836196899414,5000,0.0,0.0
2012-03-21 00:00:00+08:00,8.009836196899414,8.009836196899414,8.009836196899414,8.009836196899414,1000,0.0,0.0
2012-03-22 00:00:00+08:00,8.009836196899414,8.009836196899414,8.009836196899414,8.009836196899414,0,0.0,0.0
2012-03-23 00:00:00+08:00,8.009836737050735,8.009836737050735,7.8642034807184595,7.973428249359131,19000,0.0,0.0
2012-03-26 00:00:00+08:00,8.009836196899414,8.009836196899414,8.009836196899414,8.009836196899414,7000,0.0,0.0
2012-03-27 00:00:00+08:00,7.900611400604248,7.900611400604248,7.900611400604248,7.900611400604248,1000,0.0,0.0
2012-03-28 00:00:00+08:00,7.827796797570088,8.301105163370373,7.827796797570088,8.119063377380371,84000,0.0,0.0
2012-03-29 00:00:00+08:00,8.119060958174405,8.155469443410766,7.864202950388062,8.009836196899414,33000,0.0,0.0
2012-03-30 00:00:00+08:00,8.009838583560091,8.119063377380371,8.009838583560091,8.119063377380371,14000,0.0,0.0
2012-04-02 00:00:00+08:00,8.119060958174405,8.119060958174405,7.864202950388062,8.009836196899414,38000,0.0,0.0
2012-04-03 00:00:00+08:00,8.009836196899414,8.009836196899414,7.864202950388062,8.009836196899414,6000,0.0,0.0
2012-04-05 00:00:00+08:00,7.973428249359131,7.973428249359131,7.973428249359131,7.973428249359131,1000,0.0,0.0
2012-04-06 00:00:00+08:00,8.009836196899414,8.009836196899414,8.009836196899414,8.009836196899414,1000,0.0,0.0
2012-04-09 00:00:00+08:00,7.718569822244528,7.937019348144531,7.718569822244528,7.937019348144531,7000,0.0,0.0
2012-04-10 00:00:00+08:00,8.009836196899414,8.009836196899414,8.009836196899414,8.009836196899414,1000,0.0,0.0
2012-04-11 00:00:00+08:00,7.754977613605124,7.937019348144531,7.754977613605124,7.937019348144531,4000,0.0,0.0
2012-04-12 00:00:00+08:00,7.937019348144531,7.937019348144531,7.937019348144531,7.937019348144531,1000,0.0,0.0
2012-04-13 00:00:00+08:00,7.900611435624424,8.009836196899414,7.864202950388062,8.009836196899414,9000,0.0,0.0
2012-04-16 00:00:00+08:00,7.791386099399827,7.973427833939234,7.791386099399827,7.937019348144531,10000,0.0,0.0
2012-04-17 00:00:00+08:00,7.900611556783936,7.937019348144531,7.900611556783936,7.937019348144531,3000,0.0,0.0
2012-04-18 00:00:00+08:00,7.937019348144531,7.937019348144531,7.937019348144531,7.937019348144531,4000,0.0,0.0
2012-04-19 00:00:00+08:00,7.937019348144531,7.937019348144531,7.791386099399827,7.937019348144531,8000,0.0,0.0
2012-04-20 00:00:00+08:00,7.937019348144531,7.937019348144531,7.937019348144531,7.937019348144531,0,0.0,0.0
2012-04-23 00:00:00+08:00,7.791386577668603,7.791386577668603,7.682161808013916,7.682161808013916,8000,0.0,0.0
2012-04-24 00:00:00+08:00,7.791386127471924,7.791386127471924,7.500119628933091,7.791386127471924,8000,0.0,0.0
2012-04-25 00:00:00+08:00,7.572935906350744,7.791386127471924,7.572935906350744,7.791386127471924,2000,0.0,0.0
2012-04-26 00:00:00+08:00,7.8277946133978045,7.8277946133978045,7.791386127471924,7.791386127471924,2000,0.0,0.0
2012-04-27 00:00:00+08:00,7.645753283833348,7.8277950286865225,7.645753283833348,7.827795028686523,3000,0.0,0.0
2012-04-30 00:00:00+08:00,7.8277950286865225,7.8277950286865225,7.8277950286865225,7.827795028686523,6000,0.0,0.0
2012-05-02 00:00:00+08:00,7.8277950286865225,7.8277950286865225,7.8277950286865225,7.827795028686523,3000,0.0,0.0
2012-05-03 00:00:00+08:00,7.864202976226807,7.864202976226807,7.791386005514834,7.864202976226807,3000,0.0,0.0
2012-05-04 00:00:00+08:00,7.864202976226807,7.864202976226807,7.864202976226807,7.864202976226807,1000,0.0,0.0
2012-05-07 00:00:00+08:00,7.864202976226807,7.864202976226807,7.864202976226807,7.864202976226807,0,0.0,0.0
2012-05-08 00:00:00+08:00,7.864202976226807,7.864202976226807,7.864202976226807,7.864202976226807,0,0.0,0.0
2012-05-09 00:00:00+08:00,7.8642041096597195,8.009837377639045,7.318078833911603,7.645753860473633,111000,0.0,0.0
2012-05-10 00:00:00+08:00,7.572935906350744,7.864203099323686,7.572935906350744,7.791386127471924,44000,0.0,0.0
2012-05-11 00:00:00+08:00,7.864203099323686,7.864203099323686,7.71856985005427,7.791386127471924,33000,0.0,0.0
2012-05-14 00:00:00+08:00,7.82779449087082,7.864202976226807,7.754977520158848,7.864202976226807,22000,0.0,0.0
2012-05-15 00:00:00+08:00,7.82779449087082,7.864202976226807,7.82779449087082,7.864202976226807,21000,0.0,0.0
2012-05-16 00:00:00+08:00,7.71856972923696,7.864202976226807,7.71856972923696,7.864202976226807,23000,0.0,0.0
2012-05-17 00:00:00+08:00,7.71856972923696,7.864202976226807,7.71856972923696,7.864202976226807,49000,0.0,0.0
2012-05-18 00:00:00+08:00,7.645752878202507,7.791386127471924,7.645752878202507,7.791386127471924,3000,0.0,0.0
2012-05-21 00:00:00+08:00,7.864203099323686,7.864203099323686,7.791386127471924,7.791386127471924,11000,0.0,0.0
2012-05-22 00:00:00+08:00,7.827794430454292,7.900611400604248,7.827794430454292,7.900611400604248,168000,0.0,0.0
2012-05-23 00:00:00+08:00,7.900611435624424,8.009836196899414,7.900611435624424,8.009836196899414,32000,0.0,0.0
2012-05-24 00:00:00+08:00,7.864202950388062,8.009836196899414,7.864202950388062,8.009836196899414,33000,0.0,0.0
2012-05-25 00:00:00+08:00,8.009837085674905,8.082654064227437,7.864203823004014,8.046245574951172,29000,0.0,0.0
2012-05-28 00:00:00+08:00,8.046245574951172,8.046245574951172,8.046245574951172,8.046245574951172,0,0.0,0.0
2012-05-29 00:00:00+08:00,8.046244560966215,8.228286289972537,8.009836076278134,8.082653045654297,75000,0.0,0.0
2012-05-30 00:00:00+08:00,8.082654493268475,8.191879272460938,8.082654493268475,8.191879272460938,27000,0.0,0.0
2012-05-31 00:00:00+08:00,8.082654493268475,8.191879272460938,8.082654493268475,8.191879272460938,32000,0.0,0.0
2012-06-01 00:00:00+08:00,8.191879205925204,8.301103984230524,8.191879205925204,8.228287696838379,6000,0.0,0.0
2012-06-04 00:00:00+08:00,8.26469612121582,8.26469612121582,8.26469612121582,8.26469612121582,1000,0.0,0.0
2012-06-05 00:00:00+08:00,8.155471801757812,8.155471801757812,8.155471801757812,8.155471801757812,10000,0.0,0.0
2012-06-06 00:00:00+08:00,8.19188029752255,8.19188029752255,8.155471801757812,8.155471801757812,10000,0.0,0.0
2012-06-07 00:00:00+08:00,7.718571935883855,8.155471801757812,7.718571935883855,8.155471801757812,3000,0.0,0.0
2012-06-08 00:00:00+08:00,8.19188029752255,8.19188029752255,8.155471801757812,8.155471801757812,3000,0.0,0.0
2012-06-11 00:00:00+08:00,8.155470203334634,8.373920440673828,8.155470203334634,8.373920440673828,6000,0.0,0.0
2012-06-12 00:00:00+08:00,8.373920440673828,8.373920440673828,8.373920440673828,8.373920440673828,0,0.0,0.0
2012-06-13 00:00:00+08:00,8.373920440673828,8.373920440673828,8.373920440673828,8.373920440673828,3000,0.0,0.0
2012-06-14 00:00:00+08:00,8.009836943253227,8.373920440673828,8.009836943253227,8.373920440673828,5000,0.0,0.0
2012-06-15 00:00:00+08:00,8.009837381309564,8.26469612121582,8.009837381309564,8.26469612121582,2000,0.0,0.0
2012-06-18 00:00:00+08:00,7.754978179931641,7.754978179931641,7.754978179931641,7.754978179931641,2000,0.0,0.0
2012-06-19 00:00:00+08:00,8.082653045654297,8.082653045654297,8.082653045654297,8.082653045654297,1000,0.0,0.0
2012-06-20 00:00:00+08:00,8.082653045654297,8.082653045654297,8.082653045654297,8.082653045654297,0,0.0,0.0
2012-06-21 00:00:00+08:00,8.082653045654297,8.082653045654297,8.082653045654297,8.082653045654297,0,0.0,0.0
2012-06-22 00:00:00+08:00,8.119063377380371,8.119063377380371,8.119063377380371,8.119063377380371,1000,0.0,0.0
2012-06-25 00:00:00+08:00,8.119063377380371,8.119063377380371,8.119063377380371,8.119063377380371,0,0.0,0.0
2012-06-26 00:00:00+08:00,7.645753376287681,8.665186882019043,7.645753376287681,8.665186882019043,11000,0.0,0.0
2012-06-27 00:00:00+08:00,8.665186882019043,8.665186882019043,8.665186882019043,8.665186882019043,1000,0.0,0.0
2012-06-28 00:00:00+08:00,8.155469650009454,8.555961608886719,8.082653372126206,8.555961608886719,4000,0.0,0.0
2012-06-29 00:00:00+08:00,8.519553122728038,8.555961608886719,8.155469650009454,8.555961608886719,13000,0.0,0.0
2012-07-02 00:00:00+08:00,8.555961608886719,8.555961608886719,8.555961608886719,8.555961608886719,0,0.0,0.0
2012-07-03 00:00:00+08:00,8.373920313278713,8.446737289428711,7.9370198452470335,8.446737289428711,20000,0.0,0.0
2012-07-04 00:00:00+08:00,8.155471199034949,8.337512969970703,8.155471199034949,8.337512969970703,13000,0.0,0.0
2012-07-05 00:00:00+08:00,8.301103463416043,8.373920440673828,8.301103463416043,8.373920440673828,3000,0.0,0.0
2012-07-06 00:00:00+08:00,8.155471801757812,8.155471801757812,8.155471801757812,8.155471801757812,1000,0.0,0.0
2012-07-09 00:00:00+08:00,8.155471801757812,8.155471801757812,8.155471801757812,8.155471801757812,0,0.0,0.0
2012-07-10 00:00:00+08:00,8.009837445793533,8.228287696838379,7.754978703835511,8.228287696838379,12000,0.0,0.0
2012-07-11 00:00:00+08:00,7.8642028319598944,8.082653045654297,7.8642028319598944,8.082653045654297,4000,0.0,0.0
2012-07-12 00:00:00+08:00,8.082653045654297,8.155469320596374,7.937019106901971,8.082653045654297,7000,0.0,0.0
2012-07-13 00:00:00+08:00,7.8642034807184595,7.973428249359131,7.8642034807184595,7.973428249359131,5000,0.0,0.0
2012-07-16 00:00:00+08:00,7.754977520158848,7.864202976226807,7.754977520158848,7.864202976226807,8000,0.0,0.0
2012-07-17 00:00:00+08:00,8.009836319733937,8.009836319733937,7.791386099399827,7.937019348144531,5000,0.0,0.0
2012-07-18 00:00:00+08:00,7.864202976226807,7.864202976226807,7.864202976226807,7.864202976226807,12000,0.0,0.0
2012-07-19 00:00:00+08:00,7.82779458519453,8.009836319733937,7.82779458519453,7.937019348144531,9000,0.0,0.0
2012-07-20 00:00:00+08:00,7.864203070989233,7.937019348144531,7.864203070989233,7.937019348144531,5000,0.0,0.0
2012-07-23 00:00:00+08:00,7.937019348144531,7.937019348144531,7.937019348144531,7.937019348144531,6000,0.0,0.0
2012-07-24 00:00:00+08:00,7.864202976226807,7.864202976226807,7.864202976226807,7.864202976226807,7000,0.0,0.0
2012-07-25 00:00:00+08:00,7.864202976226807,7.864202976226807,7.864202976226807,7.864202976226807,0,0.0,0.0
2012-07-26 00:00:00+08:00,7.864202976226807,7.864202976226807,7.864202976226807,7.864202976226807,1000,0.0,0.0
2012-07-27 00:00:00+08:00,8.009836319733937,8.009836319733937,7.937019348144531,7.937019348144531,3000,0.0,0.0
2012-07-30 00:00:00+08:00,7.937019348144531,7.937019348144531,7.937019348144531,7.937019348144531,5000,0.0,0.0
2012-07-31 00:00:00+08:00,8.009836196899414,8.009836196899414,8.009836196899414,8.009836196899414,2000,0.0,0.0
2012-08-01 00:00:00+08:00,7.973427711663052,8.009836196899414,7.973427711663052,8.009836196899414,6000,0.0,0.0
2012-08-02 00:00:00+08:00,8.009836196899414,8.009836196899414,8.009836196899414,8.009836196899414,0,0.0,0.0
2012-08-03 00:00:00+08:00,7.973428249359131,7.973428249359131,7.973428249359131,7.973428249359131,3000,0.0,0.0
2012-08-06 00:00:00+08:00,8.009836196899414,8.009836196899414,8.009836196899414,8.009836196899414,3000,0.0,0.0
2012-08-07 00:00:00+08:00,7.973427711663052,8.009836196899414,7.93701922642669,8.009836196899414,10000,0.0,0.0
2012-08-08 00:00:00+08:00,7.973427711663052,8.009836196899414,7.973427711663052,8.009836196899414,2000,0.0,0.0
2012-08-09 00:00:00+08:00,8.009837445793533,8.228287696838379,8.009837445793533,8.228287696838379,24000,0.0,0.0
2012-08-10 00:00:00+08:00,8.228287696838379,8.228287696838379,8.228287696838379,8.228287696838379,0,0.0,0.0
2012-08-13 00:00:00+08:00,8.009836196899414,8.009836196899414,8.009836196899414,8.009836196899414,2000,0.0,0.0
2012-08-14 00:00:00+08:00,8.009836196899414,8.009836196899414,8.009836196899414,8.009836196899414,3000,0.0,0.0
2012-08-15 00:00:00+08:00,7.973427711663052,8.155469443410766,7.973427711663052,8.009836196899414,24000,0.0,0.0
2012-08-16 00:00:00+08:00,8.119063377380371,8.119063377380371,8.119063377380371,8.119063377380371,1000,0.0,0.0
2012-08-17 00:00:00+08:00,8.009838583560091,8.119063377380371,8.009838583560091,8.119063377380371,2000,0.0,0.0
2012-08-20 00:00:00+08:00,8.119063377380371,8.119063377380371,8.119063377380371,8.119063377380371,0,0.0,0.0
2012-08-21 00:00:00+08:00,8.009838583560091,8.119063377380371,8.009838583560091,8.119063377380371,2000,0.0,0.0
2012-08-22 00:00:00+08:00,8.009838513133161,8.155471801757812,8.009838513133161,8.155471801757812,9000,0.0,0.0
2012-08-23 00:00:00+08:00,8.009837510850694,8.191879272460938,8.009837510850694,8.191879272460938,24000,0.0,0.0
2012-08-24 00:00:00+08:00,8.009837445793533,8.228287696838379,8.009837445793533,8.228287696838379,42000,0.0,0.0
2012-08-27 00:00:00+08:00,8.228287696838379,8.228287696838379,8.228287696838379,8.228287696838379,0,0.0,0.0
2012-08-28 00:00:00+08:00,8.373920440673828,8.373920440673828,8.373920440673828,8.373920440673828,12000,0.0,0.0
2012-08-29 00:00:00+08:00,8.22828705541287,8.446737289428711,8.191878567337872,8.446737289428711,22000,0.0,0.0
2012-08-30 00:00:00+08:00,8.373920440673828,8.373920440673828,8.373920440673828,8.373920440673828,20000,0.0,0.0
2012-08-31 00:00:00+08:00,8.373920440673828,8.446737417931612,8.373920440673828,8.373920440673828,12000,0.0,0.0
2012-09-03 00:00:00+08:00,8.373920313278713,8.519553571144558,8.373920313278713,8.446737289428711,18000,0.0,0.0
2012-09-04 00:00:00+08:00,8.410328801353712,8.446737289428711,8.22828705541287,8.446737289428711,24000,0.0,0.0
2012-09-05 00:00:00+08:00,8.446737289428711,8.446737289428711,8.446737289428711,8.446737289428711,0,0.0,0.0
2012-09-06 00:00:00+08:00,8.446737289428711,8.446737289428711,8.446737289428711,8.446737289428711,0,0.0,0.0
2012-09-07 00:00:00+08:00,8.228287117731693,8.41032886505127,8.228287117731693,8.41032886505127,3000,0.0,0.0
2012-09-10 00:00:00+08:00,8.41032886505127,8.41032886505127,8.41032886505127,8.41032886505127,0,0.0,0.0
2012-09-11 00:00:00+08:00,8.082654427619882,8.228287696838379,8.082654427619882,8.228287696838379,12000,0.0,0.0
2012-09-12 00:00:00+08:00,8.228287696838379,8.301103984230524,8.228287696838379,8.228287696838379,68000,0.0,0.0
2012-09-13 00:00:00+08:00,8.446737289428711,8.446737289428711,8.446737289428711,8.446737289428711,3000,0.0,0.0
2012-09-14 00:00:00+08:00,8.41032945697005,8.41032945697005,8.228287696838379,8.228287696838379,82000,0.0,0.0
2012-09-17 00:00:00+08:00,8.228287696838379,8.228287696838379,8.228287696838379,8.228287696838379,0,0.0,0.0
2012-09-18 00:00:00+08:00,8.301104545593262,8.301104545593262,8.301104545593262,8.301104545593262,81000,0.0,0.0
2012-09-19 00:00:00+08:00,8.301104545593262,8.373921532343866,8.301104545593262,8.301104545593262,11000,0.0,0.0
2012-09-20 00:00:00+08:00,8.264696746652211,8.373921532343866,8.264696746652211,8.301104545593262,62000,0.0,0.0
2012-09-21 00:00:00+08:00,8.301104545593262,8.301104545593262,8.301104545593262,8.301104545593262,69000,0.0,0.0
2012-09-24 00:00:00+08:00,8.228287696838379,8.228287696838379,8.228287696838379,8.228287696838379,46000,0.0,0.0
2012-09-25 00:00:00+08:00,8.22828825327691,8.301104545593262,8.22828825327691,8.301104545593262,68000,0.0,0.0
2012-09-26 00:00:00+08:00,8.119062773151004,8.301104545593262,8.119062773151004,8.301104545593262,103000,0.0,0.0
2012-09-27 00:00:00+08:00,8.301104476896702,8.446738449192702,8.191879692108948,8.337512969970703,94000,0.0,0.0
2012-09-28 00:00:00+08:00,8.191878691963527,8.373920440673828,8.191878691963527,8.373920440673828,111000,0.0,0.0
2012-10-01 00:00:00+08:00,8.446737417931612,8.446737417931612,8.155470203334634,8.373920440673828,112000,0.0,0.0
2012-10-02 00:00:00+08:00,8.191879272460938,8.37392103407118,8.191879272460938,8.191879272460938,42000,0.0,0.0
2012-10-03 00:00:00+08:00,8.337512542862289,8.337512542862289,8.191879272460938,8.191879272460938,59000,0.0,0.0
2012-10-04 00:00:00+08:00,8.191878924248968,8.738004185865567,8.155470434587691,8.628779411315918,31000,0.0,0.0
2012-10-05 00:00:00+08:00,8.628779411315918,8.628779411315918,8.373920678121166,8.628779411315918,5000,0.0,0.0
2012-10-08 00:00:00+08:00,8.228287630595755,8.59237114792801,8.228287630595755,8.26469612121582,4000,0.0,0.0
2012-10-09 00:00:00+08:00,8.373919872527427,8.628778581204081,8.373919872527427,8.555961608886719,86000,0.0,0.0
2012-10-11 00:00:00+08:00,8.264695108485498,8.555961608886719,8.264695108485498,8.555961608886719,3000,0.0,0.0
2012-10-12 00:00:00+08:00,8.555961608886719,8.555961608886719,8.555961608886719,8.555961608886719,0,0.0,0.0
2012-10-15 00:00:00+08:00,8.191878136168135,8.555961608886719,8.191878136168135,8.555961608886719,3000,0.0,0.0
2012-10-16 00:00:00+08:00,8.228286622326817,8.555961608886719,8.228286622326817,8.555961608886719,118000,0.0,0.0
2012-10-17 00:00:00+08:00,8.555961608886719,8.555961608886719,8.555961608886719,8.555961608886719,0,0.0,0.0
2012-10-18 00:00:00+08:00,8.483145010852695,8.738003730773926,8.30110326646157,8.738003730773926,47000,0.0,0.0
2012-10-19 00:00:00+08:00,8.665186894638184,8.665186894638184,8.41032886505127,8.41032886505127,3000,0.0,0.0
2012-10-22 00:00:00+08:00,8.555962628681845,8.555962628681845,8.519554138183594,8.519554138183594,4000,0.0,0.0
2012-10-23 00:00:00+08:00,8.228287603065976,8.519554138183594,8.228287603065976,8.519554138183594,2000,0.0,0.0
2012-10-24 00:00:00+08:00,8.373920966056875,8.373920966056875,8.228287696838379,8.228287696838379,117000,0.0,0.0
2012-10-25 00:00:00+08:00,8.082654398506397,8.483145713806152,8.082654398506397,8.483145713806152,2000,0.0,0.0
2012-10-26 00:00:00+08:00,8.483146874771855,8.483146874771855,8.155471801757812,8.155471801757812,3000,0.0,0.0
2012-10-29 00:00:00+08:00,8.446737417931612,8.446737417931612,8.009836943253227,8.373920440673828,11000,0.0,0.0
2012-10-30 00:00:00+08:00,8.337512969970703,8.337512969970703,8.337512969970703,8.337512969970703,1000,0.0,0.0
2012-10-31 00:00:00+08:00,8.410329361123036,8.555962628681845,8.410329361123036,8.519554138183594,21000,0.0,0.0
2012-11-01 00:00:00+08:00,8.555962224922883,8.992862701416016,8.555962224922883,8.992862701416016,97000,0.0,0.0
2012-11-02 00:00:00+08:00,8.373921091642877,8.847229397309876,8.373921091642877,8.774413108825684,11000,0.0,0.0
2012-11-05 00:00:00+08:00,8.774413108825684,8.774413108825684,8.774413108825684,8.774413108825684,2000,0.0,0.0
2012-11-06 00:00:00+08:00,8.410328729756731,8.738003730773926,8.410328729756731,8.738003730773926,20000,0.0,0.0
2012-11-07 00:00:00+08:00,8.738003730773926,8.738003730773926,8.738003730773926,8.738003730773926,0,0.0,0.0
2012-11-08 00:00:00+08:00,8.738003730773926,8.738003730773926,8.738003730773926,8.738003730773926,1000,0.0,0.0
2012-11-09 00:00:00+08:00,8.738005496631796,8.810822486877441,8.738005496631796,8.810822486877441,64000,0.0,0.0
2012-11-12 00:00:00+08:00,9.029270927364399,9.174904889446243,8.956454640757675,9.138496398925781,29000,0.0,0.0
2012-11-13 00:00:00+08:00,9.174903869628906,9.174903869628906,9.174903869628906,9.174903869628906,3000,0.0,0.0
2012-11-14 00:00:00+08:00,9.102087521521755,9.211312294006348,9.102087521521755,9.211312294006348,9000,0.0,0.0
2012-11-15 00:00:00+08:00,9.174904889446243,9.174904889446243,8.920046150237214,9.138496398925781,11000,0.0,0.0
2012-11-16 00:00:00+08:00,9.174904499467594,9.211312294006348,9.065679032548834,9.211312294006348,16000,0.0,0.0
2012-11-19 00:00:00+08:00,9.138495383155355,9.211311661668336,9.102086896681802,9.174903869628906,6000,0.0,0.0
2012-11-20 00:00:00+08:00,9.211312245228418,9.28412922278866,8.992862701416016,8.992862701416016,18000,0.0,0.0
2012-11-21 00:00:00+08:00,8.95645477144991,9.065679550170898,8.592371249801005,9.065679550170898,24000,0.0,0.0
2012-11-22 00:00:00+08:00,8.738005102470353,9.06568015492614,8.738005102470353,8.883638381958008,10000,0.0,0.0
2012-11-23 00:00:00+08:00,8.956454871687486,9.029271160171678,8.774413108825684,8.774413108825684,32000,0.0,0.0
2012-11-26 00:00:00+08:00,8.956454871687486,8.956454871687486,8.774413108825684,8.774413108825684,2000,0.0,0.0
2012-11-27 00:00:00+08:00,8.99286336314669,8.99286336314669,8.774413108825684,8.774413108825684,4000,0.0,0.0
2012-11-28 00:00:00+08:00,8.992863723631553,8.992863723631553,8.883638244875566,8.95645523071289,3000,0.0,0.0
2012-11-29 00:00:00+08:00,8.738005496631796,8.810822486877441,8.555963715451966,8.810822486877441,14000,0.0,0.0
2012-11-30 00:00:00+08:00,8.920046875438485,8.920046875438485,8.77441359595083,8.883638381958008,5000,0.0,0.0
2012-12-03 00:00:00+08:00,8.920046875438485,8.920046875438485,8.701596608989876,8.883638381958008,15000,0.0,0.0
2012-12-04 00:00:00+08:00,8.592371822982697,8.883638381958008,8.592371822982697,8.883638381958008,3000,0.0,0.0
2012-12-05 00:00:00+08:00,8.73800379442676,8.88363705211371,8.701595306396484,8.701595306396484,5000,0.0,0.0
2012-12-06 00:00:00+08:00,8.883637493746502,8.883637493746502,8.738004228819678,8.84722900390625,4000,0.0,0.0
2012-12-07 00:00:00+08:00,8.810821367735409,8.883637654297715,8.519554138183594,8.519554138183594,16000,0.0,0.0
2012-12-10 00:00:00+08:00,8.519554138183594,8.592371119180097,8.519554138183594,8.519554138183594,12000,0.0,0.0
2012-12-11 00:00:00+08:00,8.519553122728038,8.555961608886719,8.44673684484479,8.555961608886719,31000,0.0,0.0
2012-12-12 00:00:00+08:00,8.73800379442676,8.88363705211371,8.555962048709535,8.701595306396484,12000,0.0,0.0
2012-12-13 00:00:00+08:00,8.738005102470353,8.883638381958008,8.665188115509398,8.883638381958008,21000,0.0,0.0
2012-12-14 00:00:00+08:00,8.883638381958008,8.883638381958008,8.883638381958008,8.883638381958008,1000,0.0,0.0
2012-12-17 00:00:00+08:00,8.701595738979426,8.84722900390625,8.701595738979426,8.84722900390625,2000,0.0,0.0
2012-12-18 00:00:00+08:00,8.701595738979426,8.84722900390625,8.5559624740526,8.84722900390625,15000,0.0,0.0
2012-12-19 00:00:00+08:00,8.847228564083434,8.847228564083434,8.701595306396484,8.701595306396484,8000,0.0,0.0
2012-12-20 00:00:00+08:00,8.847228874049414,8.992862831272852,8.774412589871867,8.920045852661133,48000,0.0,0.0
2012-12-21 00:00:00+08:00,9.06568015492614,9.06568015492614,8.883638381958008,8.883638381958008,11000,0.0,0.0
2012-12-24 00:00:00+08:00,8.956454341966992,8.956454341966992,8.883637363355273,8.920045852661133,7000,0.0,0.0
2012-12-25 00:00:00+08:00,8.992862701416016,8.992862701416016,8.992862701416016,8.992862701416016,1000,0.0,0.0
2012-12-26 00:00:00+08:00,8.992862831272852,8.992862831272852,8.738004100566007,8.920045852661133,11000,0.0,0.0
2012-12-27 00:00:00+08:00,8.920045852661133,8.920045852661133,8.920045852661133,8.920045852661133,0,0.0,0.0
2012-12-28 00:00:00+08:00,8.992862701416016,8.992862701416016,8.519553736142761,8.992862701416016,13000,0.0,0.0
2013-01-02 00:00:00+08:00,8.738003974389327,8.992862701416016,8.738003974389327,8.992862701416016,22000,0.0,0.0
2013-01-03 00:00:00+08:00,9.029271125793457,9.029271125793457,8.956454837586508,9.029271125793457,3000,0.0,0.0
2013-01-04 00:00:00+08:00,8.810820951949571,9.029270495761974,8.810820951949571,8.992862701416016,7000,0.0,0.0
2013-01-07 00:00:00+08:00,8.992862686221867,9.247720718383789,8.992862686221867,9.247720718383789,29000,0.0,0.0
2013-01-08 00:00:00+08:00,9.247720718383789,9.247720718383789,8.95645419750326,9.247720718383789,10000,0.0,0.0
2013-01-09 00:00:00+08:00,8.992863262501642,9.065679550170898,8.920046280398179,9.065679550170898,7000,0.0,0.0
2013-01-10 00:00:00+08:00,8.883637789346446,9.10208804122263,8.883637789346446,9.065679550170898,15000,0.0,0.0
2013-01-11 00:00:00+08:00,9.17490509107578,9.17490509107578,8.519554330607962,9.029271125793457,38000,0.0,0.0
2013-01-14 00:00:00+08:00,8.738004100566007,8.920045852661133,8.738004100566007,8.920045852661133,15000,0.0,0.0
2013-01-15 00:00:00+08:00,8.992863131278137,9.138496398925781,8.920046150237214,9.138496398925781,53000,0.0,0.0
2013-01-16 00:00:00+08:00,8.956454640757675,9.138496398925781,8.956454640757675,9.138496398925781,24000,0.0,0.0
2013-01-17 00:00:00+08:00,9.211312294006348,9.211312294006348,9.138496010494675,9.211312294006348,14000,0.0,0.0
2013-01-18 00:00:00+08:00,9.211312294006348,9.211312294006348,9.211312294006348,9.211312294006348,2000,0.0,0.0
2013-01-21 00:00:00+08:00,9.211312294006348,9.211312294006348,9.211312294006348,9.211312294006348,3000,0.0,0.0
2013-01-22 00:00:00+08:00,9.102086896681802,9.174903869628906,9.102086896681802,9.174903869628906,2000,0.0,0.0
2013-01-23 00:00:00+08:00,9.174903869628906,9.174903869628906,9.174903869628906,9.174903869628906,1000,0.0,0.0
2013-01-24 00:00:00+08:00,8.847229169196293,9.174904889446243,8.847229169196293,9.138496398925781,41000,0.0,0.0
2013-01-25 00:00:00+08:00,9.174903869628906,9.174903869628906,9.174903869628906,9.174903869628906,1000,0.0,0.0
2013-01-28 00:00:00+08:00,9.138496398925781,9.138496398925781,8.956454640757675,9.138496398925781,3000,0.0,0.0
2013-01-29 00:00:00+08:00,9.174904889446243,9.284129666573428,9.10208790840532,9.138496398925781,21000,0.0,0.0
2013-01-30 00:00:00+08:00,8.847229169196293,9.138496398925781,8.847229169196293,9.138496398925781,4000,0.0,0.0
2013-01-31 00:00:00+08:00,9.138497554114277,9.1749060492371,8.810822486877441,8.810822486877441,16000,0.0,0.0
2013-02-01 00:00:00+08:00,9.102087457943526,9.284129207102396,9.102087457943526,9.247720718383789,21000,0.0,0.0
2013-02-04 00:00:00+08:00,9.284129666573428,9.284129666573428,9.06567941788486,9.138496398925781,7000,0.0,0.0
2013-02-05 00:00:00+08:00,8.956453645221718,9.174903869628906,8.956453645221718,9.174903869628906,14000,0.0,0.0
2013-02-06 00:00:00+08:00,9.211311661668336,9.211311661668336,8.73800342081453,9.174903869628906,21000,0.0,0.0
2013-02-18 00:00:00+08:00,8.883636672274616,9.174903869628906,8.883636672274616,9.174903869628906,4000,0.0,0.0
2013-02-19 00:00:00+08:00,8.847228185801065,9.174903869628906,8.847228185801065,9.174903869628906,7000,0.0,0.0
2013-02-20 00:00:00+08:00,9.174903869628906,9.174903869628906,9.102086896681802,9.174903869628906,6000,0.0,0.0
2013-02-21 00:00:00+08:00,8.883637789346446,9.065679550170898,8.883637789346446,9.065679550170898,4000,0.0,0.0
2013-02-22 00:00:00+08:00,9.174904246112565,9.356945991516113,9.174904246112565,9.356945991516113,4000,0.0,0.0
2013-02-25 00:00:00+08:00,9.247720527613495,9.356945991516113,9.247720527613495,9.356945991516113,5000,0.0,0.0
2013-02-26 00:00:00+08:00,9.102087604756258,9.102087604756258,8.920045852661133,8.920045852661133,55000,0.0,0.0
2013-02-27 00:00:00+08:00,9.10208790840532,9.138496398925781,9.10208790840532,9.138496398925781,2000,0.0,0.0
2013-03-01 00:00:00+08:00,9.138496010494675,9.211312294006348,9.102087521521755,9.211312294006348,33000,0.0,0.0
2013-03-04 00:00:00+08:00,9.247720782979268,9.247720782979268,9.174904499467594,9.211312294006348,56000,0.0,0.0
2013-03-05 00:00:00+08:00,9.211312229665182,9.247720718383789,9.211312229665182,9.247720718383789,41000,0.0,0.0
2013-03-06 00:00:00+08:00,9.284129015581035,9.356945991516113,9.284129015581035,9.356945991516113,5000,0.0,0.0
2013-03-07 00:00:00+08:00,9.466170760984584,9.466170760984584,9.320537503548575,9.356945991516113,7000,0.0,0.0
2013-03-08 00:00:00+08:00,9.39335358670616,9.975887298583984,9.39335358670616,9.975887298583984,177000,0.0,0.0
2013-03-11 00:00:00+08:00,10.267155108528048,10.667646408081055,10.267155108528048,10.667646408081055,223000,0.0,0.0
2013-03-12 00:00:00+08:00,10.63123876694131,10.667646562384263,10.339971542358398,10.339971542358398,201080,0.0,0.0
2013-03-13 00:00:00+08:00,10.194338006488348,10.740463256835938,9.975887767462478,10.740463256835938,65000,0.0,0.0
2013-03-14 00:00:00+08:00,10.886096388107545,10.922504876582988,10.558421380696887,10.81328010559082,81000,0.0,0.0
2013-03-15 00:00:00+08:00,11.14095458731317,11.35940481342404,10.995321334717298,11.213770866394043,95000,0.0,0.0
2013-03-18 00:00:00+08:00,11.213771665036075,11.213771665036075,10.667646408081055,10.667646408081055,93000,0.0,0.0
2013-03-19 00:00:00+08:00,11.395812034606934,11.395812034606934,11.359404244108262,11.395812034606934,298720,0.0,0.0
2013-03-20 00:00:00+08:00,11.505039507864847,11.796306743993172,11.505039507864847,11.723489761352539,210825,0.0,0.0
2013-03-21 00:00:00+08:00,11.72348900142677,11.832713773873474,11.614263534545898,11.614263534545898,104000,0.0,0.0
2013-03-22 00:00:00+08:00,11.650672912597656,11.94193945763891,11.28658938407898,11.650672912597656,54113,0.0,0.0
2013-03-25 00:00:00+08:00,11.65067202350619,12.014755524240758,11.577855045585608,11.614263534545898,80100,0.0,0.0
2013-03-26 00:00:00+08:00,11.359406108090775,11.941939184867364,11.213772144462423,11.796306610107422,107443,0.0,0.0
2013-03-27 00:00:00+08:00,11.650671870558662,12.597288404494227,11.650671870558662,12.34243106842041,267075,0.0,0.0
2013-03-28 00:00:00+08:00,12.306021982887762,12.779330253601074,12.196797211010585,12.779330253601074,200452,0.0,0.0
2013-03-29 00:00:00+08:00,12.779330578158884,12.852147557549117,12.378839274815151,12.74292278289795,60000,0.0,0.0
2013-04-01 00:00:00+08:00,12.815739518853531,12.961372085999345,12.48806381225586,12.48806381225586,156500,0.0,0.0
2013-04-02 00:00:00+08:00,12.306022295424919,12.815739762288182,12.306022295424919,12.74292278289795,88350,0.0,0.0
2013-04-03 00:00:00+08:00,12.779329998931287,12.92496395111084,12.560880459530253,12.92496395111084,110000,0.0,0.0
2013-04-08 00:00:00+08:00,12.74292291428408,12.85214769006141,12.087572870751716,12.670105934143066,107020,0.0,0.0
2013-04-09 00:00:00+08:00,12.524473190307617,12.524473190307617,12.16038968348319,12.524473190307617,35330,0.0,0.0
2013-04-10 00:00:00+08:00,12.30602346018981,12.524474419036885,12.30602346018981,12.378840446472168,34000,0.0,0.0
2013-04-11 00:00:00+08:00,12.524473190307617,12.524473190307617,12.378839232030504,12.524473190307617,25000,0.0,0.0
2013-04-12 00:00:00+08:00,12.378838794746345,12.451655771312632,12.19679704776478,12.23320484161377,33000,0.0,0.0
2013-04-15 00:00:00+08:00,12.087572277349505,12.378838794746345,12.087572277349505,12.23320484161377,40000,0.0,0.0
2013-04-16 00:00:00+08:00,12.19679704776478,12.23320484161377,12.051163094632207,12.23320484161377,29000,0.0,0.0
2013-04-17 00:00:00+08:00,12.23320484161377,12.306021818180056,12.087572277349505,12.23320484161377,31000,0.0,0.0
2013-04-18 00:00:00+08:00,12.306021818180056,12.306021818180056,12.160389253915792,12.23320484161377,25000,0.0,0.0
2013-04-19 00:00:00+08:00,12.196798189954489,12.269615173339844,11.94193944253996,12.269615173339844,79000,0.0,0.0
2013-04-22 00:00:00+08:00,12.233205987212948,12.37883995398366,12.196798189954489,12.269615173339844,41000,0.0,0.0
2013-04-23 00:00:00+08:00,12.306022970598303,12.306022970598303,12.196798189954489,12.269615173339844,51000,0.0,0.0
2013-04-24 00:00:00+08:00,12.488065231461459,12.924965760287117,12.378840446472168,12.378840446472168,61137,0.0,0.0
2013-04-25 00:00:00+08:00,12.123980071198494,12.488063565161621,12.123980071198494,12.23320484161377,92000,0.0,0.0
2013-04-26 00:00:00+08:00,12.233205211022263,12.670105694744846,12.233205211022263,12.415246963500977,154000,0.0,0.0
2013-04-29 00:00:00+08:00,12.451657432754526,12.451657432754526,12.378840446472168,12.378840446472168,16047,0.0,0.0
2013-04-30 00:00:00+08:00,12.488065231461459,12.488065231461459,12.378840446472168,12.378840446472168,9000,0.0,0.0
2013-05-02 00:00:00+08:00,12.378839168552574,12.415246963500977,12.378839168552574,12.415246963500977,12000,0.0,0.0
2013-05-03 00:00:00+08:00,12.378838794746345,12.451655771312632,12.23320484161377,12.23320484161377,65000,0.0,0.0
2013-05-06 00:00:00+08:00,12.4152482451791,12.524474419036885,12.378840446472168,12.378840446472168,56250,0.0,0.0
2013-05-07 00:00:00+08:00,12.378839168552574,12.415246963500977,12.269614394839016,12.415246963500977,29021,0.0,0.0
2013-05-08 00:00:00+08:00,12.451656606949108,12.48806440324144,12.306022644042969,12.306022644042969,51000,0.0,0.0
2013-05-09 00:00:00+08:00,12.4152482451791,12.451657432754526,12.378840446472168,12.378840446472168,51751,0.0,0.0
2013-05-10 00:00:00+08:00,12.4152482451791,12.451657432754526,12.378840446472168,12.378840446472168,37375,0.0,0.0
2013-05-13 00:00:00+08:00,12.378840309748949,12.560882079009962,12.378840309748949,12.45165729522705,13000,0.0,0.0
2013-05-14 00:00:00+08:00,12.524474419036885,12.524474419036885,12.30602346018981,12.378840446472168,32500,0.0,0.0
2013-05-15 00:00:00+08:00,12.342431829203704,12.342431829203704,12.306022644042969,12.306022644042969,5825,0.0,0.0
2013-05-16 00:00:00+08:00,12.378839168552574,12.415246963500977,12.306022189787418,12.415246963500977,28222,0.0,0.0
2013-05-17 00:00:00+08:00,12.41524810805376,12.45165729522705,12.378840309748949,12.45165729522705,32000,0.0,0.0
2013-05-20 00:00:00+08:00,12.415246319118248,13.289047241210938,12.415246319118248,13.289047241210938,251325,0.0,0.0
2013-05-21 00:00:00+08:00,14.19925594329834,14.19925594329834,14.19925594329834,14.19925594329834,158507,0.0,0.0
2013-05-22 00:00:00+08:00,15.182282447814941,15.182282447814941,15.182282447814941,15.182282447814941,241180,0.0,0.0
2013-05-23 00:00:00+08:00,16.23812191634881,16.23812191634881,15.43713940775342,16.019672393798828,897090,0.0,0.0
2013-05-24 00:00:00+08:00,15.874040020177944,15.946856997840257,14.92742347717285,14.927423477172852,206081,0.0,0.0
2013-05-27 00:00:00+08:00,14.490523896120127,14.563340878285235,14.090032577514648,14.090032577514648,119500,0.0,0.0
2013-05-28 00:00:00+08:00,14.126439168123493,14.162848350531835,13.398272186376218,13.835172653198242,122500,0.0,0.0
2013-05-29 00:00:00+08:00,13.835173125769325,14.563340132388763,13.325455665588379,13.325455665588379,233222,0.0,0.0
2013-05-30 00:00:00+08:00,13.616723007262811,13.616723007262811,12.852146849112893,12.997780799865723,170100,0.0,0.0
2013-05-31 00:00:00+08:00,13.179822340661893,13.871580123901367,13.107005366408195,13.871580123901367,338075,0.0,0.0
2013-06-03 00:00:00+08:00,13.79876535804213,14.16284886206574,13.68953919574037,13.944397926330566,226175,0.0,0.0
2013-06-04 00:00:00+08:00,13.871580920552958,13.944397898988571,13.325455665588379,13.325455665588379,94000,0.0,0.0
2013-06-05 00:00:00+08:00,13.36186408996582,13.835172339599518,13.36186408996582,13.36186408996582,96000,0.0,0.0
2013-06-06 00:00:00+08:00,13.325456091235967,13.689539606175401,13.325456091235967,13.616724014282227,56288,0.0,0.0
2013-06-07 00:00:00+08:00,13.616722353181103,13.835171879948795,13.471088409423828,13.471088409423828,83000,0.0,0.0
2013-06-10 00:00:00+08:00,13.471089622459605,13.762356147333712,13.325455665588379,13.325455665588379,54100,0.0,0.0
2013-06-11 00:00:00+08:00,13.543906031886397,13.543906031886397,12.99778079986572,12.997780799865723,77222,0.0,0.0
2013-06-13 00:00:00+08:00,12.74292291428408,12.96137246583874,12.123980666388034,12.670105934143066,145000,0.0,0.0
2013-06-14 00:00:00+08:00,12.742923989015466,12.924965760287117,12.378840446472168,12.378840446472168,49150,0.0,0.0
2013-06-17 00:00:00+08:00,12.74292291428408,12.815739894425091,12.670105934143066,12.670105934143066,20650,0.0,0.0
2013-06-18 00:00:00+08:00,12.961372332200282,12.961372332200282,12.56088102885655,12.74292278289795,9000,0.0,0.0
2013-06-19 00:00:00+08:00,12.74292278289795,12.924964536939349,12.56088102885655,12.74292278289795,70001,0.0,0.0
2013-06-20 00:00:00+08:00,12.99778151632958,12.99778151632958,12.524473233595614,12.74292278289795,30000,0.0,0.0
2013-06-21 00:00:00+08:00,12.378839232030504,12.670105759716373,12.378839232030504,12.524473190307617,75000,0.0,0.0
2013-06-24 00:00:00+08:00,12.524473493356103,12.815740028089605,12.524473493356103,12.597289085388184,55100,0.0,0.0
2013-06-25 00:00:00+08:00,12.597288954002053,12.670105934143066,12.415247198083708,12.670105934143066,47000,0.0,0.0
2013-06-26 00:00:00+08:00,12.815740028089605,12.852147824105645,12.560881289372144,12.597289085388184,48000,0.0,0.0
2013-06-27 00:00:00+08:00,12.852147231141966,12.852147231141966,12.597288504183005,12.779330253601074,21000,0.0,0.0
2013-06-28 00:00:00+08:00,12.888556741678414,12.924964536939349,12.670105803507717,12.74292278289795,55000,0.0,0.0
2013-07-01 00:00:00+08:00,12.706514987637014,12.815739762288182,12.706514987637014,12.74292278289795,26000,0.0,0.0
2013-07-02 00:00:00+08:00,12.74292278289795,12.74292278289795,12.706514987637014,12.74292278289795,10000,0.0,0.0
2013-07-03 00:00:00+08:00,12.742921195571979,12.779328986297767,12.706513404846191,12.706513404846191,15875,0.0,0.0
2013-07-04 00:00:00+08:00,12.706513404846191,12.742921195571979,12.706513404846191,12.706513404846191,13122,0.0,0.0
2013-07-05 00:00:00+08:00,12.706514987637014,12.74292278289795,12.670105803507717,12.74292278289795,28000,0.0,0.0
2013-07-08 00:00:00+08:00,12.742921195571979,12.742921195571979,12.706513404846191,12.706513404846191,34000,0.0,0.0
2013-07-09 00:00:00+08:00,12.74292278289795,12.74292278289795,12.706514987637014,12.74292278289795,67000,0.0,0.0
2013-07-10 00:00:00+08:00,12.742921332274094,13.580313027764179,12.742921332274094,13.143412590026855,70500,0.0,0.0
2013-07-11 00:00:00+08:00,13.4346824847403,13.4346824847403,12.88855720306579,13.252640724182129,16000,0.0,0.0
2013-07-12 00:00:00+08:00,13.325456317310667,13.471090281304567,13.252640724182129,13.252640724182129,36000,0.0,0.0
2013-07-15 00:00:00+08:00,13.434680617918618,13.471088409423828,13.434680617918618,13.471088409423828,4000,0.0,0.0
2013-07-16 00:00:00+08:00,13.580314249539063,13.798765182495117,13.4710894774952,13.798765182495117,49288,0.0,0.0
2013-07-17 00:00:00+08:00,13.835171754177221,13.835171754177221,13.434680495787795,13.543905258178711,48237,0.0,0.0
2013-07-18 00:00:00+08:00,13.543905258178711,13.543905258178711,13.216229582137757,13.543905258178711,6000,0.0,0.0
2013-07-19 00:00:00+08:00,13.507497848705684,13.653131810228814,13.471090052759095,13.616724014282227,33000,0.0,0.0
2013-07-22 00:00:00+08:00,13.616724014282225,13.835173567698531,13.289048295289378,13.616724014282227,20000,0.0,0.0
2013-07-23 00:00:00+08:00,13.25264049934279,13.616724014282225,13.25264049934279,13.616724014282227,8000,0.0,0.0
2013-07-24 00:00:00+08:00,13.616723447535731,13.689539036398225,13.361864719912015,13.398272514343262,45130,0.0,0.0
2013-07-25 00:00:00+08:00,13.61672222939539,13.689537811743863,13.398271315745351,13.543905258178711,62000,0.0,0.0
2013-07-26 00:00:00+08:00,13.653131355404408,13.725948333740234,13.653131355404408,13.725948333740234,30000,0.0,0.0
2013-07-29 00:00:00+08:00,13.76235580444336,13.7987649871882,13.76235580444336,13.76235580444336,12000,0.0,0.0
2013-07-30 00:00:00+08:00,13.798766033633726,14.708974838256836,13.54390729056557,14.708974838256836,138329,0.0,0.0
2013-07-31 00:00:00+08:00,15.655593258920796,15.655593258920796,14.417708585226139,14.454117774963379,141000,0.0,0.0
2013-08-01 00:00:00+08:00,14.417708585226139,14.56334256643795,14.162851201408335,14.454117774963379,19329,0.0,0.0
2013-08-02 00:00:00+08:00,14.563340187072754,14.563340187072754,14.199256682395934,14.563340187072754,21000,0.0,0.0
2013-08-05 00:00:00+08:00,14.599748446135347,15.29150768256044,14.599748446135347,15.073058128356934,78445,0.0,0.0
2013-08-06 00:00:00+08:00,15.073057432497478,15.073057432497478,14.56333997772961,14.927423477172852,37850,0.0,0.0
2013-08-07 00:00:00+08:00,14.454114533306788,14.708973248835433,14.199255817778143,14.272072792053223,16000,0.0,0.0
2013-08-08 00:00:00+08:00,14.563340187072754,14.563340187072754,14.563340187072754,14.563340187072754,6130,0.0,0.0
2013-08-09 00:00:00+08:00,14.308480711242364,14.454114661079915,14.19925594329834,14.19925594329834,18164,0.0,0.0
2013-08-12 00:00:00+08:00,14.053622245788574,14.053622245788574,14.053622245788574,14.053622245788574,11357,0.0,0.0
2013-08-13 00:00:00+08:00,14.818198918120196,14.927423691749572,14.563340187072754,14.563340187072754,61311,0.0,0.0
2013-08-14 00:00:00+08:00,13.83517239125261,14.490522384643553,13.83517239125261,14.490522384643555,8000,0.0,0.0
2013-08-15 00:00:00+08:00,13.689540684130705,14.417707771347626,13.689540684130705,14.38129997253418,20000,0.0,0.0
2013-08-16 00:00:00+08:00,14.017213883059524,14.235663414001465,14.017213883059524,14.235663414001465,4000,0.0,0.0
2013-08-19 00:00:00+08:00,14.19925594329834,14.19925594329834,14.19925594329834,14.19925594329834,4000,0.0,0.0
2013-08-20 00:00:00+08:00,13.471090755021939,13.98080825805664,13.252641190217616,13.98080825805664,19000,0.0,0.0
2013-08-22 00:00:00+08:00,13.907989629146629,13.907989629146629,13.580313931813036,13.835172653198242,9225,0.0,0.0
2013-08-23 00:00:00+08:00,13.835172653198242,13.835172653198242,13.835172653198242,13.835172653198242,1109,0.0,0.0
2013-08-26 00:00:00+08:00,13.980808608422041,14.235665977457773,13.980808608422041,14.162850379943848,22000,0.0,0.0
2013-08-27 00:00:00+08:00,14.162848350531835,14.19925614407188,13.835172653198242,13.835172653198242,15000,0.0,0.0
2013-08-28 00:00:00+08:00,13.907990455627441,13.907990455627441,13.907990455627441,13.907990455627441,1000,0.0,0.0
2013-08-29 00:00:00+08:00,13.907990455627441,13.907990455627441,13.907990455627441,13.907990455627441,3000,0.0,0.0
2013-08-30 00:00:00+08:00,13.98080825805664,13.98080825805664,13.471090755021939,13.98080825805664,19412,0.0,0.0
2013-09-02 00:00:00+08:00,13.98080825805664,13.98080825805664,13.98080825805664,13.98080825805664,1625,0.0,0.0
2013-09-03 00:00:00+08:00,13.471089213715754,14.053622245788574,13.471089213715754,14.053622245788574,47141,0.0,0.0
2013-09-04 00:00:00+08:00,14.417706184093,14.417706184093,14.053622680566729,14.344890594482422,28553,0.0,0.0
2013-09-05 00:00:00+08:00,14.417705410073832,14.563339359213273,14.199255875232943,14.490522384643555,29556,0.0,0.0
2013-09-06 00:00:00+08:00,14.490522454105163,14.490522454105163,14.19925594329834,14.19925594329834,15175,0.0,0.0
2013-09-09 00:00:00+08:00,14.563339429023937,14.563339429023937,13.653130714709942,14.19925594329834,34000,0.0,0.0
2013-09-10 00:00:00+08:00,14.053621993460789,14.19925594329834,13.83517245757274,14.19925594329834,28019,0.0,0.0
2013-09-11 00:00:00+08:00,13.980806407410292,14.19925594329834,13.980806407410292,14.19925594329834,21000,0.0,0.0
2013-09-12 00:00:00+08:00,14.490523469584694,14.5633404496064,14.126439958344534,14.417706489562988,63000,0.0,0.0
2013-09-13 00:00:00+08:00,14.490522384643553,14.490522384643553,14.490522384643553,14.490522384643555,1523,0.0,0.0
2013-09-16 00:00:00+08:00,14.526933945524963,14.6361587308338,14.38129997253418,14.38129997253418,110750,0.0,0.0
2013-09-17 00:00:00+08:00,14.417706489562987,14.417706489562987,14.272073918387948,14.417706489562988,11697,0.0,0.0
2013-09-18 00:00:00+08:00,14.563341468166975,14.563341468166975,14.1992579314628,14.526933670043945,36198,0.0,0.0
2013-09-23 00:00:00+08:00,14.52693239215241,14.563340187072754,14.52693239215241,14.563340187072754,27110,0.0,0.0
2013-09-24 00:00:00+08:00,14.563340187072754,14.70897414449082,14.344890639814002,14.563340187072754,20000,0.0,0.0
2013-09-25 00:00:00+08:00,14.563340941331603,15.1458740234375,14.563340941331603,15.1458740234375,123091,0.0,0.0
2013-09-26 00:00:00+08:00,15.14587408166947,15.29150804719008,14.963832319202922,15.25510025024414,65250,0.0,0.0
2013-09-27 00:00:00+08:00,15.255100191592224,15.255100191592224,15.07305842982558,15.1458740234375,56640,0.0,0.0
2013-09-30 00:00:00+08:00,15.291507988398184,15.291507988398184,15.1458740234375,15.1458740234375,26300,0.0,0.0
2013-10-01 00:00:00+08:00,15.291507720947266,15.291507720947266,15.291507720947266,15.291507720947266,3000,0.0,0.0
2013-10-02 00:00:00+08:00,14.927423716347532,15.182282447814941,14.708974168728812,15.182282447814941,47000,0.0,0.0
2013-10-03 00:00:00+08:00,15.291507221624302,15.291507221624302,15.07305767400558,15.182282447814941,35000,0.0,0.0
2013-10-04 00:00:00+08:00,14.927424522256983,15.29150804719008,14.927424522256983,15.25510025024414,23250,0.0,0.0
2013-10-07 00:00:00+08:00,15.291507221624302,15.291507221624302,15.145873263966253,15.182282447814941,35000,0.0,0.0
2013-10-08 00:00:00+08:00,15.036647613090565,15.036647613090565,14.854605871070419,14.89101505279541,50825,0.0,0.0
2013-10-09 00:00:00+08:00,15.255099426643966,15.255099426643966,15.07305767400558,15.182282447814941,13156,0.0,0.0
2013-10-11 00:00:00+08:00,14.963831511327868,15.182282447814941,14.963831511327868,15.182282447814941,8000,0.0,0.0
2013-10-14 00:00:00+08:00,15.14587408166947,15.25510025024414,15.109466284723531,15.25510025024414,24000,0.0,0.0
2013-10-15 00:00:00+08:00,15.291507221624302,15.291507221624302,15.145873263966253,15.182282447814941,25947,0.0,0.0
2013-10-16 00:00:00+08:00,15.291507221624302,15.291507221624302,15.000240695176556,15.182282447814941,10000,0.0,0.0
2013-10-17 00:00:00+08:00,15.073058128356934,15.255099886482652,15.000241147332966,15.073058128356934,10047,0.0,0.0
2013-10-18 00:00:00+08:00,15.218690701536472,15.218690701536472,15.073058128356934,15.073058128356934,12000,0.0,0.0
2013-10-21 00:00:00+08:00,15.255099101590954,15.255099101590954,15.036648169758596,15.218689918518066,5222,0.0,0.0
2013-10-22 00:00:00+08:00,15.255099886482652,15.255099886482652,14.927424166309,15.073058128356934,41047,0.0,0.0
2013-10-23 00:00:00+08:00,14.963831962386786,15.073058128356934,14.963831962386786,15.073058128356934,3463,0.0,0.0
2013-10-24 00:00:00+08:00,14.963831962386786,15.073058128356934,14.963831962386786,15.073058128356934,2000,0.0,0.0
2013-10-25 00:00:00+08:00,14.963831511327868,15.182282447814941,14.927423716347532,15.182282447814941,13000,0.0,0.0
2013-10-28 00:00:00+08:00,14.927424464864893,15.1458740234375,14.927424464864893,15.1458740234375,5000,0.0,0.0
2013-10-29 00:00:00+08:00,15.000241447345237,15.182283209111882,14.927424464864893,15.1458740234375,6000,0.0,0.0
2013-10-30 00:00:00+08:00,15.255100191592224,15.255100191592224,15.1458740234375,15.1458740234375,4047,0.0,0.0
2013-10-31 00:00:00+08:00,15.000241447345237,15.1458740234375,15.000241447345237,15.1458740234375,9000,0.0,0.0
2013-11-01 00:00:00+08:00,15.728408494411816,15.728408494411816,15.1458740234375,15.1458740234375,7000,0.0,0.0
2013-11-04 00:00:00+08:00,14.963831962386786,15.073058128356934,14.963831962386786,15.073058128356934,3067,0.0,0.0
2013-11-05 00:00:00+08:00,14.963832584630518,15.109466552734375,14.963832584630518,15.109466552734375,4000,0.0,0.0
2013-11-06 00:00:00+08:00,15.1458740234375,15.1458740234375,15.10946622663154,15.1458740234375,9000,0.0,0.0
2013-11-07 00:00:00+08:00,15.1458740234375,15.291507988398184,15.000241447345237,15.1458740234375,11000,0.0,0.0
2013-11-08 00:00:00+08:00,15.1458740234375,15.1458740234375,15.07305842982558,15.1458740234375,14842,0.0,0.0
2013-11-11 00:00:00+08:00,15.29150831842997,15.29150831842997,15.000241771090709,15.109466552734375,5825,0.0,0.0
2013-11-12 00:00:00+08:00,15.000240695176556,15.327915016604637,15.000240695176556,15.182282447814941,77015,0.0,0.0
2013-11-13 00:00:00+08:00,15.327915785204144,15.327915785204144,15.1458740234375,15.1458740234375,14667,0.0,0.0
2013-11-14 00:00:00+08:00,15.47354864455499,15.47354864455499,15.1822821243135,15.218689918518066,8075,0.0,0.0
2013-11-15 00:00:00+08:00,15.65559039331446,15.65559039331446,15.1822821243135,15.218689918518066,18825,0.0,0.0
2013-11-18 00:00:00+08:00,15.182283536786304,15.29150831842997,15.109466552734375,15.109466552734375,55198,0.0,0.0
2013-11-19 00:00:00+08:00,15.145874350326114,15.218691334378041,15.109466552734375,15.109466552734375,14000,0.0,0.0
2013-11-20 00:00:00+08:00,15.1458740234375,15.1458740234375,15.1458740234375,15.1458740234375,6000,0.0,0.0
2013-11-21 00:00:00+08:00,15.218691005917842,15.255100191592224,15.1458740234375,15.1458740234375,23070,0.0,0.0
2013-11-22 00:00:00+08:00,15.255098774243377,15.837631802226221,15.218689591951767,15.655590057373047,18000,0.0,0.0
2013-11-25 00:00:00+08:00,15.291506883616526,15.65559038084549,15.255099089440957,15.619182586669922,29132,0.0,0.0
2013-11-26 00:00:00+08:00,15.728407033087974,15.728407033087974,15.364323543381625,15.655590057373047,36000,0.0,0.0
2013-11-27 00:00:00+08:00,15.655591245286875,16.52939224243164,15.582774264046746,16.52939224243164,78300,0.0,0.0
2013-11-28 00:00:00+08:00,16.602206775820214,17.658049464283454,16.602206775820214,17.330373764038086,397705,0.0,0.0
2013-11-29 00:00:00+08:00,16.893474796739017,17.11192433913813,16.12889862060547,16.12889862060547,171000,0.0,0.0
2013-12-02 00:00:00+08:00,15.43714299724088,15.764817357257604,15.327916821700123,15.473550796508789,84000,0.0,0.0
2013-12-03 00:00:00+08:00,15.327914361090015,15.728407033087974,15.327914361090015,15.655590057373047,47750,0.0,0.0
2013-12-04 00:00:00+08:00,15.728408353150073,16.49298319015573,15.728408353150073,16.456575393676758,56835,0.0,0.0
2013-12-05 00:00:00+08:00,16.019677026266322,16.638619370963966,15.80122744054649,16.310943603515625,65000,0.0,0.0
2013-12-06 00:00:00+08:00,16.60220584512585,16.60220584512585,16.383756316453763,16.420164108276367,34306,0.0,0.0
2013-12-09 00:00:00+08:00,16.602208953793404,16.675025939941406,16.09249282849439,16.675025939941406,29000,0.0,0.0
2013-12-10 00:00:00+08:00,16.747842926089405,16.747842926089405,16.602208953793404,16.675025939941406,11000,0.0,0.0
2013-12-11 00:00:00+08:00,16.019675842346388,16.71143512744965,16.019675842346388,16.675025939941406,22050,0.0,0.0
2013-12-12 00:00:00+08:00,16.675024620915796,16.675024620915796,16.456575068620054,16.492982864379883,34000,0.0,0.0
2013-12-13 00:00:00+08:00,16.565801292245474,16.602209091186523,16.238125546302008,16.602209091186523,20225,0.0,0.0
2013-12-16 00:00:00+08:00,16.602208103306797,16.602208103306797,16.310941562504095,16.383758544921875,4025,0.0,0.0
2013-12-17 00:00:00+08:00,16.238124448197706,16.602207968461048,16.165308855239765,16.456575393676758,34000,0.0,0.0
2013-12-18 00:00:00+08:00,16.529390014507513,16.638614777211583,16.238122128805717,16.565797805786133,9000,0.0,0.0
2013-12-19 00:00:00+08:00,16.38375627233627,17.36678192645009,16.31093930001891,17.111923217773438,41000,0.0,0.0
2013-12-20 00:00:00+08:00,18.022132694721222,18.022132694721222,16.820657459513463,17.47600746154785,155000,0.0,0.0
2013-12-23 00:00:00+08:00,17.476007717228985,17.476007717228985,16.96629026992915,17.330373764038086,71000,0.0,0.0
2013-12-24 00:00:00+08:00,17.912908056348517,17.912908056348517,16.929882351701846,17.40319061279297,131010,0.0,0.0
2013-12-25 00:00:00+08:00,16.966291620034895,17.54882609028581,16.929883823274146,17.002700805664062,104001,0.0,0.0
2013-12-26 00:00:00+08:00,17.1847401900908,17.40318971817466,17.111923217773438,17.111923217773438,26000,0.0,0.0
2013-12-27 00:00:00+08:00,17.439599923365417,17.439599923365417,16.92988247606558,17.330373764038086,48000,0.0,0.0
2013-12-30 00:00:00+08:00,17.039107246524598,17.330373764038086,16.893474682202008,17.330373764038086,26750,0.0,0.0
2013-12-31 00:00:00+08:00,17.330374217899564,17.330374217899564,16.96629071425572,17.221149444580078,25000,0.0,0.0
2014-01-02 00:00:00+08:00,16.966290166139117,17.184741094589107,16.893474578857422,16.893474578857422,65000,0.0,0.0
2014-01-03 00:00:00+08:00,17.075516584573524,17.075516584573524,16.383757383927055,16.747840881347656,93000,0.0,0.0
2014-01-06 00:00:00+08:00,16.74784043228183,16.857065200805664,16.74784043228183,16.857065200805664,9511,0.0,0.0
2014-01-07 00:00:00+08:00,16.60220679999806,17.36678297206127,16.60220679999806,16.82065773010254,43000,0.0,0.0
2014-01-08 00:00:00+08:00,17.07551687644355,17.221149444580078,17.07551687644355,17.221149444580078,10000,0.0,0.0
2014-01-09 00:00:00+08:00,17.257558822631836,17.257558822631836,16.820658335564886,17.257558822631836,16000,0.0,0.0
2014-01-10 00:00:00+08:00,18.058543322891325,18.058543322891325,17.476010204940707,17.767276763916016,43000,0.0,0.0
2014-01-13 00:00:00+08:00,17.767272389285544,18.022131086463713,17.694455420253473,17.94931411743164,5001,0.0,0.0
2014-01-14 00:00:00+08:00,17.840092692531854,18.531851944320255,17.840092692531854,18.058542251586914,19750,0.0,0.0
2014-01-15 00:00:00+08:00,18.058542320343356,18.204176286180168,17.548826217651367,17.548826217651367,42000,0.0,0.0
2014-01-16 00:00:00+08:00,18.20417621686924,18.20417621686924,17.47600916819447,18.058542251586914,15222,0.0,0.0
2014-01-17 00:00:00+08:00,18.094952510806056,18.094952510806056,17.767276763916016,17.767276763916016,8000,0.0,0.0
2014-01-20 00:00:00+08:00,17.476007014936158,17.58523178100586,17.476007014936158,17.58523178100586,52500,0.0,0.0
2014-01-21 00:00:00+08:00,17.985727447263105,17.985727447263105,17.62164390694497,17.91291046142578,12260,0.0,0.0
2014-01-22 00:00:00+08:00,18.131358967526612,18.786709023920412,18.131358967526612,18.20417594909668,158075,0.0,0.0
2014-01-23 00:00:00+08:00,18.20417504304351,18.677483316388972,18.20417504304351,18.422624588012695,62000,0.0,0.0
2014-01-24 00:00:00+08:00,18.495441565958537,18.677483316388972,18.422624588012695,18.422624588012695,34000,0.0,0.0
2014-01-27 00:00:00+08:00,18.42262622404629,18.932343726064644,18.42262622404629,18.568260192871094,142000,0.0,0.0
2014-02-05 00:00:00+08:00,19.296426895561567,19.842552185058594,18.786709403150304,19.842552185058594,189400,0.0,0.0
2014-02-06 00:00:00+08:00,20.53431034228156,20.53431034228156,19.442059821710593,19.514875411987305,79143,0.0,0.0
2014-02-07 00:00:00+08:00,19.878958395366073,20.097409327048755,19.660508852551718,19.806142807006836,24500,0.0,0.0
2014-02-10 00:00:00+08:00,19.806143369246634,21.00761866656869,19.806143369246634,20.75275993347168,124950,0.0,0.0
2014-02-11 00:00:00+08:00,20.75275903285236,20.971208572387695,20.425083334681055,20.971208572387695,18297,0.0,0.0
2014-02-12 00:00:00+08:00,20.75275903285236,21.04402554852224,20.75275903285236,20.971208572387695,5241,0.0,0.0
2014-02-13 00:00:00+08:00,20.971208119185924,22.427542054931287,20.971208119185924,22.39113426208496,199325,0.0,0.0
2014-02-14 00:00:00+08:00,22.75521820998371,23.956694842565486,22.063459020852886,23.920284271240234,278980,0.0,0.0
2014-02-17 00:00:00+08:00,24.029513807857736,25.558663575444797,24.029513807857736,24.757680892944336,168020,0.0,0.0
2014-02-18 00:00:00+08:00,24.75767758949269,24.75767758949269,24.065918395415423,24.46640968322754,71625,0.0,0.0
2014-02-19 00:00:00+08:00,25.12176231673147,25.340211868286133,24.830494396167417,25.340211868286133,38060,0.0,0.0
2014-02-20 00:00:00+08:00,25.849928316862684,25.849928316862684,24.830493412990343,25.121761322021484,43000,0.0,0.0
2014-02-21 00:00:00+08:00,25.485846155839003,25.485846155839003,25.303804397583008,25.303804397583008,16000,0.0,0.0
2014-02-24 00:00:00+08:00,25.12176106649699,25.485844560214336,25.12176106649699,25.26739501953125,15480,0.0,0.0
2014-02-25 00:00:00+08:00,25.267395343118793,25.48584488659946,25.230987548828125,25.230987548828125,40150,0.0,0.0
2014-02-26 00:00:00+08:00,25.23098507832707,25.413026809692383,24.757675465682702,25.413026809692383,50225,0.0,0.0
2014-02-27 00:00:00+08:00,26.94217624206647,26.94217624206647,25.413026809692383,25.413026809692383,84175,0.0,0.0
2014-03-03 00:00:00+08:00,25.485844819442082,25.485844819442082,24.68486223621142,25.121761322021484,46000,0.0,0.0
2014-03-04 00:00:00+08:00,25.121764435487634,25.303806206759283,24.757680892944336,24.757680892944336,49120,0.0,0.0
2014-03-05 00:00:00+08:00,24.393596379908978,24.75767990796732,24.393596379908978,24.539230346679688,41250,0.0,0.0
2014-03-06 00:00:00+08:00,24.539228698812337,24.684862655803386,24.284368579643832,24.39359474182129,21000,0.0,0.0
2014-03-07 00:00:00+08:00,24.68486529553047,24.757680892944336,24.393597350401038,24.757680892944336,25222,0.0,0.0
2014-03-10 00:00:00+08:00,24.53922742837513,24.68486137782646,24.320777893066406,24.320777893066406,21000,0.0,0.0
2014-03-11 00:00:00+08:00,24.029511182521393,24.320779095828446,23.155710220336914,23.155710220336914,90000,0.0,0.0
2014-03-12 00:00:00+08:00,23.30134509045249,23.30134509045249,21.55374448644223,21.699377059936523,165000,0.0,0.0
2014-03-13 00:00:00+08:00,21.48092681403358,21.48092681403358,20.60712584571199,20.825576782226562,79000,0.0,0.0
2014-03-14 00:00:00+08:00,20.425083334681055,21.007617754889118,20.425083334681055,20.971208572387695,18000,0.0,0.0
2014-03-17 00:00:00+08:00,20.97121008187347,21.26247800737681,20.93480228561975,21.189661026000977,16650,0.0,0.0
2014-03-18 00:00:00+08:00,21.18966024762845,21.48092677356412,21.18966024762845,21.33529281616211,19000,0.0,0.0
2014-03-19 00:00:00+08:00,22.828035354614258,22.828035354614258,22.50035965442329,22.828035354614258,56213,0.0,0.0
2014-03-20 00:00:00+08:00,22.063459183791434,22.864443148471782,21.626560102027888,22.828035354614258,35100,0.0,0.0
2014-03-21 00:00:00+08:00,22.06345714829498,22.900850218446244,22.06345714829498,22.791624069213867,11000,0.0,0.0
2014-03-24 00:00:00+08:00,21.881418291380857,22.28191098379707,21.845010496101366,21.990644454956055,27000,0.0,0.0
2014-03-25 00:00:00+08:00,22.427544425623175,22.57317839013918,22.281911849975586,22.281911849975586,13100,0.0,0.0
2014-03-26 00:00:00+08:00,22.245501627197825,22.573177337646484,22.245501627197825,22.573177337646484,2000,0.0,0.0
2014-03-27 00:00:00+08:00,22.718812942504883,22.900854708426017,22.209095442378327,22.718812942504883,63750,0.0,0.0
2014-03-28 00:00:00+08:00,22.318316843198982,22.718809500876695,22.318316843198982,22.50035858154297,8000,0.0,0.0
2014-03-31 00:00:00+08:00,22.50036199007845,22.718812942504883,22.50036199007845,22.718812942504883,6000,0.0,0.0
2014-04-01 00:00:00+08:00,22.8644426989206,22.973667467213957,22.8644426989206,22.937259674072266,24000,0.0,0.0
2014-04-02 00:00:00+08:00,22.864443568357228,23.30134404701238,22.864443568357228,23.228527069091797,10000,0.0,0.0
2014-04-03 00:00:00+08:00,24.83049135237767,24.83049135237767,23.22852492999071,23.883874893188477,33030,0.0,0.0
2014-04-07 00:00:00+08:00,22.57317631196886,22.864442825317383,22.245500616409096,22.864442825317383,41000,0.0,0.0
2014-04-08 00:00:00+08:00,22.427542360860457,22.864442825317383,22.427542360860457,22.864442825317383,4751,0.0,0.0
2014-04-09 00:00:00+08:00,22.864445521920718,22.864445521920718,21.99064587882035,22.718812942504883,20000,0.0,0.0
2014-04-10 00:00:00+08:00,22.937260674224966,23.30134417699044,22.318318441749987,23.155710220336914,6075,0.0,0.0
2014-04-11 00:00:00+08:00,23.11930187207939,23.11930187207939,22.281910113541514,22.828035354614258,104000,0.0,0.0
2014-04-14 00:00:00+08:00,21.8450128031576,22.281913336994453,21.480929256438305,21.77219581604004,16000,0.0,0.0
2014-04-15 00:00:00+08:00,23.010076397227824,23.264935113033406,22.718809888679274,23.08289337158203,57000,0.0,0.0
2014-04-16 00:00:00+08:00,21.4809256862602,22.391134401779702,21.4809256862602,21.80860137939453,64000,0.0,0.0
2014-04-17 00:00:00+08:00,22.3911357585039,22.42754355378339,21.990644454956055,21.990644454956055,53100,0.0,0.0
2014-04-18 00:00:00+08:00,21.881418291380857,22.42754355378339,21.881418291380857,21.990644454956055,25037,0.0,0.0
2014-04-21 00:00:00+08:00,21.808604728686745,21.917829513549805,21.808604728686745,21.917829513549805,13000,0.0,0.0
2014-04-22 00:00:00+08:00,21.95423405190535,22.57317625937145,21.917826258647228,22.245500564575195,71500,0.0,0.0
2014-04-23 00:00:00+08:00,22.427541732788086,22.427541732788086,22.427541732788086,22.427541732788086,1000,0.0,0.0
2014-04-24 00:00:00+08:00,22.027052525042063,22.463953018188477,22.027052525042063,22.463953018188477,5825,0.0,0.0
2014-04-25 00:00:00+08:00,22.281912118738454,22.573178662415287,21.84501160878899,22.13627815246582,17100,0.0,0.0
2014-04-28 00:00:00+08:00,21.990642669434596,22.427541732788086,21.88141651472797,22.427541732788086,8000,0.0,0.0
2014-04-29 00:00:00+08:00,21.91782947597119,22.536771774291992,21.91782947597119,22.536771774291992,5000,0.0,0.0
2014-04-30 00:00:00+08:00,22.02705077814862,22.57317600405313,21.990642985302294,22.39113426208496,10000,0.0,0.0
2014-05-02 00:00:00+08:00,22.391136495207835,22.391136495207835,21.990645178483188,22.35472869873047,38000,0.0,0.0
2014-05-05 00:00:00+08:00,22.900853225626946,22.900853225626946,21.990644454956055,21.990644454956055,16000,0.0,0.0
2014-05-06 00:00:00+08:00,22.06346032077577,22.463953018188477,22.06346032077577,22.463953018188477,6000,0.0,0.0
2014-05-07 00:00:00+08:00,22.20909207796624,22.50035858154297,22.027050339622253,22.50035858154297,7000,0.0,0.0
2014-05-08 00:00:00+08:00,22.645994762992995,22.645994762992995,21.84501075744629,21.84501075744629,36000,0.0,0.0
2014-05-09 00:00:00+08:00,21.954233803587698,22.39113426208496,21.84500903618045,22.39113426208496,19659,0.0,0.0
2014-05-12 00:00:00+08:00,21.845008160749707,22.09986686706543,21.845008160749707,22.09986686706543,7000,0.0,0.0
2014-05-13 00:00:00+08:00,21.990642104035327,22.09986686706543,21.845008160749707,22.09986686706543,20000,0.0,0.0
2014-05-14 00:00:00+08:00,22.099869505377864,22.463953018188477,21.917827748972556,22.463953018188477,5000,0.0,0.0
2014-05-15 00:00:00+08:00,21.990644454956055,21.990644454956055,21.9542352708082,21.990644454956055,15000,0.0,0.0
2014-05-16 00:00:00+08:00,21.990642985302294,22.39113426208496,21.699375087058606,22.39113426208496,66000,0.0,0.0
2014-05-19 00:00:00+08:00,21.8450091593185,22.318317413330078,21.772192184347116,22.318317413330078,11000,0.0,0.0
2014-05-20 00:00:00+08:00,21.917825132392515,22.09986686706543,21.7721911891069,22.09986686706543,57555,0.0,0.0
2014-05-21 00:00:00+08:00,21.84500828262203,22.209091753999065,21.699374338523928,22.027050018310547,174750,0.0,0.0
2014-05-22 00:00:00+08:00,21.845009600529906,22.20909309387207,21.845009600529906,22.20909309387207,11318,0.0,0.0
2014-05-23 00:00:00+08:00,22.13627554555587,22.39113426208496,22.13627554555587,22.39113426208496,14000,0.0,0.0
2014-05-26 00:00:00+08:00,22.39113426208496,22.39113426208496,22.39113426208496,22.39113426208496,1001,0.0,0.0
2014-05-27 00:00:00+08:00,22.391136495207835,22.391136495207835,22.35472869873047,22.35472869873047,71000,0.0,0.0
2014-05-28 00:00:00+08:00,21.990641567297637,22.791624069213867,21.990641567297637,22.791624069213867,37485,0.0,0.0
2014-05-29 00:00:00+08:00,22.20909108802603,22.791624069213867,22.20909108802603,22.791624069213867,5000,0.0,0.0
2014-05-30 00:00:00+08:00,22.791625474165212,23.08289337158203,22.791625474165212,23.08289337158203,12000,0.0,0.0
2014-06-03 00:00:00+08:00,23.01007793384081,23.01007793384081,21.845010432975133,21.881418228149414,192000,0.0,0.0
2014-06-04 00:00:00+08:00,22.718810540098424,22.718810540098424,21.917826576972,22.20909309387207,72375,0.0,0.0
2014-06-05 00:00:00+08:00,22.20909309387207,22.20909309387207,22.20909309387207,22.20909309387207,3000,0.0,0.0
2014-06-06 00:00:00+08:00,22.20909309387207,22.20909309387207,22.063459140987884,22.20909309387207,8621,0.0,0.0
2014-06-09 00:00:00+08:00,22.20909309387207,22.20909309387207,22.20909309387207,22.20909309387207,11000,0.0,0.0
2014-06-10 00:00:00+08:00,22.20909486771758,23.04648669151358,22.20909486771758,22.281911849975586,56000,0.0,0.0
2014-06-11 00:00:00+08:00,22.90085397910139,22.90085397910139,22.28191171690733,22.35472869873047,36000,0.0,0.0
2014-06-12 00:00:00+08:00,22.35472869873047,22.35472869873047,22.35472869873047,22.35472869873047,4050,0.0,0.0
2014-06-13 00:00:00+08:00,22.573177337646484,22.573177337646484,22.573177337646484,22.573177337646484,18000,0.0,0.0
2014-06-16 00:00:00+08:00,23.01007843017578,23.01007843017578,23.01007843017578,23.01007843017578,1000,0.0,0.0
2014-06-17 00:00:00+08:00,22.391135456279798,22.645994186401367,22.13627672615823,22.645994186401367,21450,0.0,0.0
2014-06-18 00:00:00+08:00,22.35472869873047,22.35472869873047,22.35472869873047,22.35472869873047,2000,0.0,0.0
2014-06-19 00:00:00+08:00,22.536768793427342,22.536768793427342,22.20909309387207,22.20909309387207,2222,0.0,0.0
2014-06-20 00:00:00+08:00,22.20909220111134,22.53676788749471,22.20909220111134,22.427541732788086,39783,0.0,0.0
2014-06-23 00:00:00+08:00,22.28191171690733,22.35472869873047,22.136277753261055,22.35472869873047,8650,0.0,0.0
2014-06-24 00:00:00+08:00,22.42754337992078,22.573177337646484,22.136276853337723,22.573177337646484,3127,0.0,0.0
2014-06-25 00:00:00+08:00,22.09986743527297,22.427541732788086,21.917825695919596,22.427541732788086,23000,0.0,0.0
2014-06-26 00:00:00+08:00,22.281911849975586,22.281911849975586,21.917828327553984,22.281911849975586,29223,0.0,0.0
2014-06-27 00:00:00+08:00,22.209094004369724,22.209094004369724,21.990644454956055,21.990644454956055,4000,0.0,0.0
2014-06-30 00:00:00+08:00,22.027053372195564,22.13627815246582,21.84501160878899,22.13627815246582,9000,0.0,0.0
2014-07-01 00:00:00+08:00,22.13627815246582,22.13627815246582,22.13627815246582,22.13627815246582,8500,0.0,0.0
2014-07-02 00:00:00+08:00,22.35472796322441,22.35472796322441,21.990644454956055,21.990644454956055,7825,0.0,0.0
2014-07-03 00:00:00+08:00,21.990643553414095,22.20909309387207,21.990643553414095,22.20909309387207,15000,0.0,0.0
2014-07-04 00:00:00+08:00,22.20909606947413,22.281913055672334,21.917829513549805,21.917829513549805,8222,0.0,0.0
2014-07-07 00:00:00+08:00,22.281911849975586,22.281911849975586,21.99064530981199,22.281911849975586,28000,0.0,0.0
2014-07-08 00:00:00+08:00,22.354728832233587,22.354728832233587,22.281911849975586,22.281911849975586,42485,0.0,0.0
2014-07-09 00:00:00+08:00,22.35472869873047,22.35472869873047,22.35472869873047,22.35472869873047,1000,0.0,0.0
2014-07-10 00:00:00+08:00,22.281911849975586,22.281911849975586,22.281911849975586,22.281911849975586,511,0.0,0.0
2014-07-11 00:00:00+08:00,22.28191171690733,22.35472869873047,22.136277753261055,22.35472869873047,191000,0.0,0.0
2014-07-14 00:00:00+08:00,22.573175679818085,22.71880962684808,22.245499993434716,22.427541732788086,221340,0.0,0.0
2014-07-15 00:00:00+08:00,22.427541608431724,22.50035858154297,22.391133816310226,22.50035858154297,432908,0.0,0.0
2014-07-16 00:00:00+08:00,22.536770218465463,24.065919876098633,22.536770218465463,24.065919876098633,515731,0.0,0.0
2014-07-17 00:00:00+08:00,24.065920899226512,24.065920899226512,22.718812942504883,22.718812942504883,235006,0.0,0.0
2014-07-18 00:00:00+08:00,22.71881129537219,22.900853048095147,22.573177337646484,22.573177337646484,136005,0.0,0.0
2014-07-21 00:00:00+08:00,22.5731767578125,22.755218505859375,22.027051513671875,22.755218505859375,10000,0.0,0.0
2014-07-22 00:00:00+08:00,22.35472502775708,22.791624069213867,22.06345714829498,22.791624069213867,8000,0.0,0.0
2014-07-23 00:00:00+08:00,22.791624069213867,22.791624069213867,22.791624069213867,22.791624069213867,0,0.0,0.0
2014-07-24 00:00:00+08:00,22.20909309387207,22.57317658721424,22.172685300085178,22.20909309387207,19901,0.0,0.0
2014-07-25 00:00:00+08:00,22.20909220111134,22.86444218500983,22.20909220111134,22.427541732788086,46000,0.0,0.0
2014-07-28 00:00:00+08:00,22.42754263433005,22.791626127672213,21.48092610718774,22.20909309387207,18000,0.0,0.0
2014-07-29 00:00:00+08:00,22.209093832200576,22.573177337646484,22.209093832200576,22.573177337646484,16000,0.0,0.0
2014-07-30 00:00:00+08:00,22.937259674072266,22.937259674072266,22.937259674072266,22.937259674072266,1020,0.0,0.0
2014-07-31 00:00:00+08:00,22.09986743527297,22.427541732788086,22.09986743527297,22.427541732788086,2000,0.0,0.0
2014-08-01 00:00:00+08:00,22.209092700292192,22.937259674072266,21.845009213402157,22.937259674072266,47000,0.0,0.0
2014-08-04 00:00:00+08:00,22.937259674072266,23.3013431609623,22.937259674072266,22.937259674072266,7000,0.0,0.0
2014-08-05 00:00:00+08:00,22.864443568357228,23.228527069091797,22.864443568357228,23.228527069091797,14000,0.0,0.0
2014-08-06 00:00:00+08:00,23.228525483080286,23.228525483080286,22.937258980153572,23.19211769104004,13250,0.0,0.0
2014-08-07 00:00:00+08:00,23.19211769104004,23.19211769104004,23.19211769104004,23.19211769104004,2000,0.0,0.0
2014-08-08 00:00:00+08:00,22.900852751751685,23.228527069091797,22.900852751751685,23.228527069091797,3000,0.0,0.0
2014-08-11 00:00:00+08:00,23.228527069091797,23.228527069091797,23.228527069091797,23.228527069091797,3000,0.0,0.0
2014-08-12 00:00:00+08:00,22.20909220111134,22.463950913979712,21.845008722404597,22.427541732788086,17198,0.0,0.0
2014-08-13 00:00:00+08:00,22.063461303710938,22.281912254450404,22.063461303710938,22.063461303710938,10000,0.0,0.0
2014-08-14 00:00:00+08:00,23.15570953668587,23.15570953668587,22.063459060637133,22.90085220336914,12000,0.0,0.0
2014-08-15 00:00:00+08:00,22.573176505007197,22.90085220336914,22.573176505007197,22.90085220336914,3500,0.0,0.0
2014-08-18 00:00:00+08:00,22.209092823066136,22.864442825317383,22.209092823066136,22.864442825317383,3054,0.0,0.0
2014-08-19 00:00:00+08:00,22.864442825317383,22.864442825317383,22.864442825317383,22.864442825317383,3054,0.0,0.0
2014-08-20 00:00:00+08:00,22.245498878524703,22.791624069213867,22.245498878524703,22.791624069213867,2000,0.0,0.0
2014-08-21 00:00:00+08:00,22.718812942504883,22.718812942504883,22.718812942504883,22.718812942504883,2000,0.0,0.0
2014-08-22 00:00:00+08:00,22.718812942504883,22.718812942504883,22.718812942504883,22.718812942504883,3000,0.0,0.0
2014-08-25 00:00:00+08:00,21.153253241771402,22.64599659779486,21.153253241771402,21.917829513549805,44000,0.0,0.0
2014-08-26 00:00:00+08:00,22.209093832200576,22.573177337646484,22.06345987447487,22.573177337646484,14738,0.0,0.0
2014-08-27 00:00:00+08:00,22.099869505377864,22.500360813922185,21.990644729308354,22.463953018188477,17595,0.0,0.0
2014-08-28 00:00:00+08:00,22.20909207796624,22.50035858154297,22.20909207796624,22.50035858154297,51000,0.0,0.0
2014-08-29 00:00:00+08:00,22.427541732788086,22.500358706303086,22.20909220111134,22.427541732788086,57000,0.0,0.0
2014-09-01 00:00:00+08:00,22.50035902949221,22.50035902949221,22.20909252011679,22.39113426208496,91075,0.0,0.0
2014-09-02 00:00:00+08:00,22.427541732788086,22.427541732788086,22.427541732788086,22.427541732788086,24000,0.0,0.0
2014-09-03 00:00:00+08:00,22.354729238030224,22.354729238030224,22.063461303710938,22.063461303710938,45250,0.0,0.0
2014-09-04 00:00:00+08:00,22.718812942504883,22.718812942504883,22.136278458236184,22.718812942504883,11000,0.0,0.0
2014-09-05 00:00:00+08:00,22.136278458236184,22.718812942504883,22.136278458236184,22.718812942504883,4222,0.0,0.0
2014-09-09 00:00:00+08:00,22.209092700292192,22.937259674072266,22.209092700292192,22.937259674072266,4000,0.0,0.0
2014-09-10 00:00:00+08:00,22.900852331197616,22.900852331197616,22.31831790739904,22.828035354614258,3000,0.0,0.0
2014-09-11 00:00:00+08:00,22.828035354614258,22.828035354614258,22.828035354614258,22.828035354614258,3000,0.0,0.0
2014-09-12 00:00:00+08:00,22.281910238711163,22.755218505859375,22.20909326171875,22.755218505859375,13050,0.0,0.0
2014-09-15 00:00:00+08:00,22.791624069213867,22.791624069213867,22.791624069213867,22.791624069213867,1000,0.0,0.0
2014-09-16 00:00:00+08:00,22.791624069213867,22.791624069213867,22.791624069213867,22.791624069213867,1000,0.0,0.0
2014-09-17 00:00:00+08:00,22.573177337646484,22.573177337646484,22.573177337646484,22.573177337646484,1000,0.0,0.0
2014-09-18 00:00:00+08:00,22.281909051077484,22.50035858154297,22.281909051077484,22.50035858154297,2000,0.0,0.0
2014-09-19 00:00:00+08:00,22.20909309387207,22.20909309387207,22.20909309387207,22.20909309387207,3000,0.0,0.0
2014-09-22 00:00:00+08:00,22.13627815246582,22.427544696142654,22.13627815246582,22.13627815246582,9000,0.0,0.0
2014-09-23 00:00:00+08:00,21.845009600529906,22.20909309387207,21.845009600529906,22.20909309387207,16000,0.0,0.0
2014-09-24 00:00:00+08:00,21.88141771315643,22.172685623168945,21.84500991883903,22.172685623168945,12000,0.0,0.0
2014-09-25 00:00:00+08:00,21.84501075744629,21.954235533459844,21.77219377714779,21.84501075744629,10000,0.0,0.0
2014-09-26 00:00:00+08:00,21.808602961731232,21.84501075744629,21.808602961731232,21.84501075744629,12000,0.0,0.0
2014-09-29 00:00:00+08:00,21.84501075744629,21.84501075744629,21.84501075744629,21.84501075744629,15000,0.0,0.0
2014-09-30 00:00:00+08:00,21.84501075744629,21.84501075744629,21.84501075744629,21.84501075744629,10000,0.0,0.0
2014-10-01 00:00:00+08:00,20.82557915011728,21.77219581604004,20.82557915011728,21.77219581604004,12000,0.0,0.0
2014-10-02 00:00:00+08:00,21.84501075744629,21.84501075744629,21.84501075744629,21.84501075744629,3000,0.0,0.0
2014-10-03 00:00:00+08:00,21.772194236007635,21.808603421358413,21.116844177246094,21.116844177246094,19000,0.0,0.0
2014-10-06 00:00:00+08:00,21.11684206830777,22.39113426208496,20.679941609810506,22.39113426208496,34000,0.0,0.0
2014-10-07 00:00:00+08:00,22.39113426208496,22.39113426208496,22.354726469238635,22.39113426208496,23885,0.0,0.0
2014-10-08 00:00:00+08:00,22.391134388301463,22.391134388301463,21.51733346638141,22.318317413330078,8250,0.0,0.0
2014-10-09 00:00:00+08:00,22.20909338728038,22.682401657104492,22.20909338728038,22.682401657104492,25775,0.0,0.0
2014-10-13 00:00:00+08:00,22.209093513650778,22.682401786168032,21.845010013426997,22.60958480834961,16000,0.0,0.0
2014-10-14 00:00:00+08:00,21.699376369028958,22.573177337646484,21.699376369028958,22.573177337646484,39000,0.0,0.0
2014-10-15 00:00:00+08:00,22.573179572894425,22.573179572894425,21.845012489897833,22.536771774291992,25047,0.0,0.0
2014-10-16 00:00:00+08:00,22.50036258682107,22.536771774291992,21.845012489897833,22.536771774291992,38000,0.0,0.0
2014-10-17 00:00:00+08:00,22.536771774291992,22.536771774291992,22.536771774291992,22.536771774291992,3750,0.0,0.0
2014-10-20 00:00:00+08:00,22.573177337646484,22.573177337646484,22.573177337646484,22.573177337646484,24000,0.0,0.0
2014-10-21 00:00:00+08:00,22.573177337646484,22.573177337646484,22.573177337646484,22.573177337646484,14000,0.0,0.0
2014-10-22 00:00:00+08:00,22.573177337646484,22.573177337646484,22.573177337646484,22.573177337646484,16375,0.0,0.0
2014-10-23 00:00:00+08:00,22.536771774291992,22.573179572894425,22.536771774291992,22.536771774291992,26000,0.0,0.0
2014-10-24 00:00:00+08:00,22.536771774291992,22.536771774291992,22.536771774291992,22.536771774291992,26000,0.0,0.0
2014-10-27 00:00:00+08:00,22.900851880930574,22.937259674072266,22.209092700292192,22.937259674072266,8045,0.0,0.0
2014-10-28 00:00:00+08:00,22.427543488973793,22.427543488973793,21.881418228149414,21.881418228149414,12140,0.0,0.0
2014-10-29 00:00:00+08:00,23.192118138679202,23.410569061741818,22.354726405776518,23.08289337158203,23000,0.0,0.0
2014-10-30 00:00:00+08:00,23.155712069620844,23.155712069620844,21.99064587882035,22.718812942504883,19770,0.0,0.0
2014-10-31 00:00:00+08:00,23.01007843017578,23.01007843017578,23.01007843017578,23.01007843017578,1000,0.0,0.0
2014-11-03 00:00:00+08:00,23.01007664922393,23.01007664922393,22.937259674072266,22.937259674072266,2000,0.0,0.0
2014-11-04 00:00:00+08:00,22.281910811063426,22.645994316509338,22.209093832200576,22.573177337646484,27065,0.0,0.0
2014-11-05 00:00:00+08:00,22.573177337646484,22.573177337646484,22.573177337646484,22.573177337646484,519,0.0,0.0
2014-11-06 00:00:00+08:00,22.536768837149122,22.828035354614258,22.17268534310063,22.828035354614258,4000,0.0,0.0
2014-11-07 00:00:00+08:00,22.755218505859375,22.755218505859375,22.755218505859375,22.755218505859375,4000,0.0,0.0
2014-11-10 00:00:00+08:00,23.046484569768744,23.046484569768744,22.354726774174544,22.864442825317383,18000,0.0,0.0
2014-11-11 00:00:00+08:00,22.864442825317383,22.864442825317383,22.864442825317383,22.864442825317383,95,0.0,0.0
2014-11-12 00:00:00+08:00,22.791624069213867,22.791624069213867,22.791624069213867,22.791624069213867,3,0.0,0.0
2014-11-13 00:00:00+08:00,22.791624069213867,22.791624069213867,22.791624069213867,22.791624069213867,3,0.0,0.0
2014-11-14 00:00:00+08:00,22.791624069213867,22.791624069213867,22.791624069213867,22.791624069213867,3,0.0,0.0
2014-11-17 00:00:00+08:00,22.791624069213867,22.791624069213867,22.791624069213867,22.791624069213867,15,0.0,0.0
2014-11-18 00:00:00+08:00,21.954235799637026,22.209094539337528,21.699377059936523,21.699377059936523,12000,0.0,0.0
2014-11-19 00:00:00+08:00,21.298885068585797,22.573177337646484,21.298885068585797,22.573177337646484,17000,0.0,0.0
2014-11-20 00:00:00+08:00,21.954234660800218,22.682401657104492,21.954234660800218,22.682401657104492,3222,0.0,0.0
2014-11-21 00:00:00+08:00,22.682401657104492,22.682401657104492,22.682401657104492,22.682401657104492,3222,0.0,0.0
2014-11-24 00:00:00+08:00,22.937259674072266,22.937259674072266,22.937259674072266,22.937259674072266,1000,0.0,0.0
2014-11-25 00:00:00+08:00,22.90085220336914,22.90085220336914,22.90085220336914,22.90085220336914,1,0.0,0.0
2014-11-26 00:00:00+08:00,22.937259674072266,22.937259674072266,22.937259674072266,22.937259674072266,1000,0.0,0.0
2014-11-27 00:00:00+08:00,22.937259674072266,22.937259674072266,22.937259674072266,22.937259674072266,2000,0.0,0.0
2014-11-28 00:00:00+08:00,22.937259674072266,22.937259674072266,22.937259674072266,22.937259674072266,0,0.0,0.0
2014-12-01 00:00:00+08:00,23.11930274963379,23.11930274963379,23.11930274963379,23.11930274963379,1000,0.0,0.0
2014-12-02 00:00:00+08:00,23.337751388549805,23.337751388549805,23.337751388549805,23.337751388549805,8000,0.0,0.0
2014-12-03 00:00:00+08:00,23.264936447143555,23.264936447143555,23.264936447143555,23.264936447143555,0,0.0,0.0
2014-12-04 00:00:00+08:00,23.228527069091797,23.228527069091797,23.228527069091797,23.228527069091797,0,0.0,0.0
2014-12-05 00:00:00+08:00,23.519793591905785,23.519793591905785,22.609584840069363,23.228527069091797,4000,0.0,0.0
2014-12-08 00:00:00+08:00,23.30134404701238,23.30134404701238,23.228527069091797,23.228527069091797,4000,0.0,0.0
2014-12-09 00:00:00+08:00,21.990641567297637,22.791624069213867,21.990641567297637,22.791624069213867,2000,0.0,0.0
2014-12-10 00:00:00+08:00,22.791624069213867,22.791624069213867,22.791624069213867,22.791624069213867,0,0.0,0.0
2014-12-11 00:00:00+08:00,22.791624069213867,22.791624069213867,22.791624069213867,22.791624069213867,0,0.0,0.0
2014-12-12 00:00:00+08:00,22.791624069213867,22.791624069213867,22.791624069213867,22.791624069213867,0,0.0,0.0
2014-12-15 00:00:00+08:00,22.791624069213867,22.791624069213867,22.791624069213867,22.791624069213867,0,0.0,0.0
2014-12-16 00:00:00+08:00,22.791624069213867,22.791624069213867,22.791624069213867,22.791624069213867,0,0.0,0.0
2014-12-17 00:00:00+08:00,22.937259800871587,22.937259800871587,22.17268502972318,22.864442825317383,14000,0.0,0.0
2014-12-18 00:00:00+08:00,22.791624069213867,22.791624069213867,22.791624069213867,22.791624069213867,0,0.0,0.0
2014-12-19 00:00:00+08:00,22.791624069213867,22.791624069213867,22.791624069213867,22.791624069213867,0,0.0,0.0
2014-12-22 00:00:00+08:00,22.755218505859375,22.755218505859375,22.755218505859375,22.755218505859375,0,0.0,0.0
2014-12-23 00:00:00+08:00,21.990643843936425,22.682401657104492,21.990643843936425,22.682401657104492,2000,0.0,0.0
2014-12-24 00:00:00+08:00,22.682401357443226,22.682401357443226,22.20909309387207,22.20909309387207,4000,0.0,0.0
2014-12-25 00:00:00+08:00,22.20909309387207,22.20909309387207,22.20909309387207,22.20909309387207,4000,0.0,0.0
2014-12-26 00:00:00+08:00,22.20909309387207,22.20909309387207,22.20909309387207,22.20909309387207,2000,0.0,0.0
2014-12-29 00:00:00+08:00,22.828035354614258,22.828035354614258,22.828035354614258,22.828035354614258,1000,0.0,0.0
2014-12-30 00:00:00+08:00,21.84500860127827,22.536767762532712,21.84500860127827,22.50035858154297,7475,0.0,0.0
2014-12-31 00:00:00+08:00,22.50035858154297,22.50035858154297,22.50035858154297,22.50035858154297,1002,0.0,0.0
2015-01-05 00:00:00+08:00,22.427541732788086,22.427541732788086,22.427541732788086,22.427541732788086,0,0.0,0.0
2015-01-06 00:00:00+08:00,22.463953018188477,22.463953018188477,22.463953018188477,22.463953018188477,1000,0.0,0.0
2015-01-07 00:00:00+08:00,22.463953018188477,22.463953018188477,22.463953018188477,22.463953018188477,295,0.0,0.0
2015-01-08 00:00:00+08:00,22.463953018188477,22.463953018188477,22.463953018188477,22.463953018188477,11,0.0,0.0
2015-01-09 00:00:00+08:00,22.354728230667387,22.354728230667387,21.84501075744629,21.84501075744629,2000,0.0,0.0
2015-01-12 00:00:00+08:00,21.84501075744629,21.84501075744629,21.84501075744629,21.84501075744629,5000,0.0,0.0
2015-01-13 00:00:00+08:00,21.84501160878899,22.13627815246582,21.699377642516357,22.13627815246582,4547,0.0,0.0
2015-01-14 00:00:00+08:00,22.09986686706543,22.09986686706543,22.09986686706543,22.09986686706543,1000,0.0,0.0
2015-01-15 00:00:00+08:00,21.59015102827204,21.62656021118164,21.59015102827204,21.62656021118164,4047,0.0,0.0
2015-01-16 00:00:00+08:00,22.20909309387207,22.20909309387207,22.20909309387207,22.20909309387207,1000,0.0,0.0
2015-01-19 00:00:00+08:00,22.42754263433005,22.42754263433005,22.20909309387207,22.20909309387207,2000,0.0,0.0
2015-01-20 00:00:00+08:00,22.09986686706543,22.09986686706543,22.09986686706543,22.09986686706543,0,0.0,0.0
2015-01-21 00:00:00+08:00,21.845009753165975,21.845009753165975,21.62656021118164,21.62656021118164,5000,0.0,0.0
2015-01-22 00:00:00+08:00,21.808602961731232,22.209094270070395,21.808602961731232,21.84501075744629,8250,0.0,0.0
2015-01-23 00:00:00+08:00,21.62656006007193,22.42754263433005,21.62656006007193,22.20909309387207,22000,0.0,0.0
2015-01-26 00:00:00+08:00,22.35472869873047,22.35472869873047,22.35472869873047,22.35472869873047,1000,0.0,0.0
2015-01-27 00:00:00+08:00,21.772192184347116,22.318317413330078,21.772192184347116,22.318317413330078,2000,0.0,0.0
2015-01-28 00:00:00+08:00,21.845009299362804,21.845009299362804,21.73578453063965,21.73578453063965,3000,0.0,0.0
2015-01-29 00:00:00+08:00,21.73578453063965,21.73578453063965,21.73578453063965,21.73578453063965,1000,0.0,0.0
2015-01-30 00:00:00+08:00,21.73578453063965,21.73578453063965,21.73578453063965,21.73578453063965,0,0.0,0.0
2015-02-02 00:00:00+08:00,22.172686145017103,22.209093940191384,21.881418228149414,21.881418228149414,3125,0.0,0.0
2015-02-03 00:00:00+08:00,21.881418228149414,21.881418228149414,21.881418228149414,21.881418228149414,1000,0.0,0.0
2015-02-04 00:00:00+08:00,21.881418228149414,21.881418228149414,21.881418228149414,21.881418228149414,0,0.0,0.0
2015-02-05 00:00:00+08:00,21.917829513549805,21.917829513549805,21.917829513549805,21.917829513549805,7566,0.0,0.0
2015-02-06 00:00:00+08:00,22.136279083275923,22.136279083275923,21.917829513549805,21.917829513549805,5000,0.0,0.0
2015-02-09 00:00:00+08:00,21.881418228149414,21.881418228149414,21.881418228149414,21.881418228149414,1000,0.0,0.0
2015-02-10 00:00:00+08:00,21.881418228149414,21.881418228149414,21.881418228149414,21.881418228149414,1000,0.0,0.0
2015-02-11 00:00:00+08:00,21.881418228149414,21.881418228149414,21.881418228149414,21.881418228149414,3000,0.0,0.0
2015-02-12 00:00:00+08:00,21.881418228149414,21.881418228149414,21.881418228149414,21.881418228149414,0,0.0,0.0
2015-02-13 00:00:00+08:00,22.20909309387207,22.20909309387207,22.20909309387207,22.20909309387207,1000,0.0,0.0
2015-02-24 00:00:00+08:00,21.22606895264285,22.35472869873047,21.22606895264285,22.35472869873047,18500,0.0,0.0
2015-02-25 00:00:00+08:00,22.209095135602137,22.209095135602137,21.772194625652673,22.13627815246582,3875,0.0,0.0
2015-02-26 00:00:00+08:00,22.13627815246582,22.13627815246582,22.13627815246582,22.13627815246582,59,0.0,0.0
2015-03-02 00:00:00+08:00,21.590152740478516,21.590152740478516,21.590152740478516,21.590152740478516,1000,0.0,0.0
2015-03-03 00:00:00+08:00,21.298885345458984,21.298885345458984,21.189660570179022,21.298885345458984,12000,0.0,0.0
2015-03-04 00:00:00+08:00,21.51733463301981,21.80860254869747,21.44451904296875,21.44451904296875,10000,0.0,0.0
2015-03-05 00:00:00+08:00,21.44451789318673,21.80860137939453,21.44451789318673,21.80860137939453,2000,0.0,0.0
2015-03-06 00:00:00+08:00,21.517334308147714,21.517334308147714,21.480926513671875,21.480926513671875,7000,0.0,0.0
2015-03-09 00:00:00+08:00,21.59015287490264,21.59015287490264,21.517335891723633,21.517335891723633,15020,0.0,0.0
2015-03-10 00:00:00+08:00,21.408111572265625,21.408111572265625,21.408111572265625,21.408111572265625,1000,0.0,0.0
2015-03-11 00:00:00+08:00,21.408109794863115,21.408109794863115,21.33529281616211,21.33529281616211,6000,0.0,0.0
2015-03-12 00:00:00+08:00,21.33529281616211,21.33529281616211,21.33529281616211,21.33529281616211,0,0.0,0.0
2015-03-13 00:00:00+08:00,21.226068365649553,21.298885345458984,21.226068365649553,21.298885345458984,2000,0.0,0.0
2015-03-16 00:00:00+08:00,21.298885345458984,21.298885345458984,21.298885345458984,21.298885345458984,0,0.0,0.0
2015-03-17 00:00:00+08:00,21.116845022147626,21.408111572265625,21.116845022147626,21.408111572265625,8001,0.0,0.0
2015-03-18 00:00:00+08:00,20.898393721692774,21.33529281616211,20.898393721692774,21.33529281616211,4222,0.0,0.0
2015-03-19 00:00:00+08:00,21.33529281616211,21.33529281616211,21.33529281616211,21.33529281616211,344,0.0,0.0
2015-03-20 00:00:00+08:00,21.480926513671875,21.480926513671875,21.480926513671875,21.480926513671875,1000,0.0,0.0
2015-03-23 00:00:00+08:00,21.553743362426758,21.553743362426758,21.553743362426758,21.553743362426758,1000,0.0,0.0
2015-03-24 00:00:00+08:00,21.553743362426758,21.553743362426758,21.553743362426758,21.553743362426758,0,0.0,0.0
2015-03-25 00:00:00+08:00,21.553743362426758,21.553743362426758,21.553743362426758,21.553743362426758,0,0.0,0.0
2015-03-26 00:00:00+08:00,21.553743362426758,21.553743362426758,21.553743362426758,21.553743362426758,0,0.0,0.0
2015-03-27 00:00:00+08:00,21.84501155543585,22.50036162432524,21.08043670654297,21.08043670654297,26024,0.0,0.0
2015-03-30 00:00:00+08:00,21.08043670654297,21.08043670654297,21.08043670654297,21.08043670654297,1001,0.0,0.0
2015-03-31 00:00:00+08:00,21.116844177246094,21.116844177246094,21.116844177246094,21.116844177246094,3000,0.0,0.0
2015-04-01 00:00:00+08:00,21.116844177246094,21.116844177246094,21.116844177246094,21.116844177246094,1000,0.0,0.0
2015-04-02 00:00:00+08:00,21.226068765560385,21.699377059936523,21.226068765560385,21.699377059936523,575000,0.0,0.0
2015-04-07 00:00:00+08:00,21.48092750526089,22.136277558156184,21.189660969403914,21.699377059936523,632000,0.0,0.0
2015-04-08 00:00:00+08:00,22.281910070314165,22.281910070314165,22.172685300085178,22.20909309387207,4001,0.0,0.0
2015-04-09 00:00:00+08:00,22.172685623168945,22.172685623168945,22.172685623168945,22.172685623168945,3000,0.0,0.0
2015-04-10 00:00:00+08:00,21.73578453063965,21.73578453063965,21.73578453063965,21.73578453063965,2001,0.0,0.0
2015-04-13 00:00:00+08:00,20.7527587138446,21.80860137939453,20.7527587138446,21.80860137939453,8172,0.0,0.0
2015-04-14 00:00:00+08:00,21.480927244822183,21.84501075744629,21.480927244822183,21.84501075744629,525000,0.0,0.0
2015-04-15 00:00:00+08:00,21.480929256438305,22.17268855075237,20.934803936359366,21.77219581604004,551000,0.0,0.0
2015-04-16 00:00:00+08:00,22.209093730631757,23.264936447143555,22.209093730631757,23.264936447143555,366580,0.0,0.0
2015-04-17 00:00:00+08:00,22.973665799443587,22.973665799443587,22.573174548485472,22.791624069213867,62126,0.0,0.0
2015-04-20 00:00:00+08:00,22.500361407881176,22.937261912560782,22.20909486771758,22.281911849975586,45500,0.0,0.0
2015-04-21 00:00:00+08:00,22.97367030369971,22.97367030369971,22.427545005936306,22.718812942504883,4250,0.0,0.0
2015-04-22 00:00:00+08:00,22.71880962684808,22.71880962684808,22.427541732788086,22.427541732788086,23000,0.0,0.0
2015-04-23 00:00:00+08:00,21.590152472890132,22.682403033631978,21.590152472890132,22.35472869873047,15150,0.0,0.0
2015-04-24 00:00:00+08:00,22.354728242118966,22.463953018188477,21.69937680796516,22.463953018188477,28000,0.0,0.0
2015-04-27 00:00:00+08:00,22.099871246720337,22.573179572894425,22.063462059249414,22.536771774291992,9000,0.0,0.0
2015-04-28 00:00:00+08:00,22.536769998524274,22.573177794257983,22.06346032077577,22.463953018188477,13250,0.0,0.0
2015-04-29 00:00:00+08:00,22.463953018188477,22.463953018188477,22.463953018188477,22.463953018188477,0,0.0,0.0
2015-04-30 00:00:00+08:00,22.099868323643083,22.42754263433005,22.063459140987884,22.20909309387207,12000,0.0,0.0
2015-05-04 00:00:00+08:00,22.828034978783172,22.828034978783172,22.17268497805895,22.245500564575195,19000,0.0,0.0
2015-05-05 00:00:00+08:00,22.20909309387207,22.391134840543153,22.20909309387207,22.20909309387207,4000,0.0,0.0
2015-05-06 00:00:00+08:00,22.463952673016433,22.463952673016433,21.881418228149414,21.881418228149414,14000,0.0,0.0
2015-05-07 00:00:00+08:00,22.5367718129318,22.5367718129318,21.044028456908343,21.917829513549805,32750,0.0,0.0
2015-05-08 00:00:00+08:00,21.954233169555664,21.954233169555664,21.11684145845937,21.954233169555664,17069,0.0,0.0
2015-05-11 00:00:00+08:00,21.772194758260095,22.063461303710938,21.772194758260095,22.063461303710938,4000,0.0,0.0
2015-05-12 00:00:00+08:00,22.027051501109025,22.027051501109025,21.62656021118164,21.62656021118164,7000,0.0,0.0
2015-05-13 00:00:00+08:00,22.427542961127404,22.427542961127404,21.84500991883903,22.172685623168945,4075,0.0,0.0
2015-05-14 00:00:00+08:00,22.281911849975586,22.281911849975586,22.281911849975586,22.281911849975586,1001,0.0,0.0
2015-05-15 00:00:00+08:00,21.7721911891069,22.209091630095536,21.7721911891069,22.09986686706543,3000,0.0,0.0
2015-05-18 00:00:00+08:00,22.09986686706543,22.09986686706543,22.09986686706543,22.09986686706543,0,0.0,0.0
2015-05-19 00:00:00+08:00,22.427541156155748,22.427541156155748,21.7357833977196,22.09986686706543,3000,0.0,0.0
2015-05-20 00:00:00+08:00,21.990644454956055,21.990644454956055,21.990644454956055,21.990644454956055,0,0.0,0.0
2015-05-21 00:00:00+08:00,22.20909309387207,22.20909309387207,22.20909309387207,22.20909309387207,1000,0.0,0.0
2015-05-22 00:00:00+08:00,21.59015202083574,21.954235533459844,21.480927244822183,21.84501075744629,6305,0.0,0.0
2015-05-25 00:00:00+08:00,21.298884066878735,21.73578453063965,21.298884066878735,21.73578453063965,3442,0.0,0.0
2015-05-26 00:00:00+08:00,21.990646061370086,21.990646061370086,21.408111572265625,21.408111572265625,7001,0.0,0.0
2015-05-27 00:00:00+08:00,21.91782732264241,21.91782732264241,21.44451904296875,21.44451904296875,2222,0.0,0.0
2015-05-28 00:00:00+08:00,21.590152740478516,21.590152740478516,21.48092796082428,21.590152740478516,9000,0.0,0.0
2015-05-29 00:00:00+08:00,21.590152740478516,21.590152740478516,21.590152740478516,21.590152740478516,32,0.0,0.0
2015-06-01 00:00:00+08:00,21.444518719196036,21.480926513671875,21.444518719196036,21.480926513671875,2000,0.0,0.0
2015-06-02 00:00:00+08:00,21.480926513671875,21.480926513671875,21.480926513671875,21.480926513671875,0,0.0,0.0
2015-06-03 00:00:00+08:00,21.66296926378005,21.699377059936523,21.66296926378005,21.699377059936523,2000,0.0,0.0
2015-06-04 00:00:00+08:00,20.64353474091257,21.77219303608359,20.64353474091257,21.480926513671875,116000,0.0,0.0
2015-06-05 00:00:00+08:00,21.11684301344015,21.480926513671875,20.6071255575684,21.480926513671875,1406000,0.0,0.0
2015-06-08 00:00:00+08:00,20.971209057800124,21.480926513671875,20.898393468848447,21.480926513671875,6000,0.0,0.0
2015-06-09 00:00:00+08:00,20.934801835280197,21.298885345458984,20.898394039809666,21.298885345458984,11870,0.0,0.0
2015-06-10 00:00:00+08:00,20.934800973627087,21.007617950439453,20.934800973627087,21.007617950439453,4000,0.0,0.0
2015-06-11 00:00:00+08:00,21.007617950439453,21.007617950439453,21.007617950439453,21.007617950439453,0,0.0,0.0
2015-06-12 00:00:00+08:00,21.116844177246094,21.116844177246094,21.116844177246094,21.116844177246094,1000,0.0,0.0
2015-06-15 00:00:00+08:00,21.116844177246094,21.116844177246094,21.116844177246094,21.116844177246094,0,0.0,0.0
2015-06-16 00:00:00+08:00,21.116844177246094,21.116844177246094,21.116844177246094,21.116844177246094,0,0.0,0.0
2015-06-17 00:00:00+08:00,22.063461303710938,22.063461303710938,22.063461303710938,22.063461303710938,1009,0.0,0.0
2015-06-18 00:00:00+08:00,21.80860137939453,21.80860137939453,21.80860137939453,21.80860137939453,0,0.0,0.0
2015-06-22 00:00:00+08:00,21.80860137939453,21.80860137939453,21.80860137939453,21.80860137939453,0,0.0,0.0
2015-06-23 00:00:00+08:00,21.77219581604004,21.77219581604004,21.77219581604004,21.77219581604004,0,0.0,0.0
2015-06-24 00:00:00+08:00,22.063461303710938,22.063461303710938,22.063461303710938,22.063461303710938,1000,0.0,0.0
2015-06-25 00:00:00+08:00,21.808602961731232,21.84501075744629,21.808602961731232,21.84501075744629,2000,0.0,0.0
2015-06-26 00:00:00+08:00,21.77219581604004,21.77219581604004,21.77219581604004,21.77219581604004,0,0.0,0.0
2015-06-29 00:00:00+08:00,21.77219581604004,21.77219581604004,21.77219581604004,21.77219581604004,0,0.0,0.0
2015-06-30 00:00:00+08:00,21.699377059936523,21.699377059936523,21.699377059936523,21.699377059936523,0,0.0,0.0
2015-07-01 00:00:00+08:00,21.80860137939453,21.80860137939453,21.80860137939453,21.80860137939453,10000,0.0,0.0
2015-07-02 00:00:00+08:00,21.77219581604004,21.77219581604004,21.77219581604004,21.77219581604004,0,0.0,0.0
2015-07-03 00:00:00+08:00,21.77219581604004,21.77219581604004,21.77219581604004,21.77219581604004,1000,0.0,0.0
2015-07-06 00:00:00+08:00,20.534310916508616,21.699377059936523,20.534310916508616,21.699377059936523,8000,0.0,0.0
2015-07-07 00:00:00+08:00,21.553743362426758,21.553743362426758,21.553743362426758,21.553743362426758,0,0.0,0.0
2015-07-08 00:00:00+08:00,20.75275993347168,20.75275993347168,20.75275993347168,20.75275993347168,1222,0.0,0.0
2015-07-09 00:00:00+08:00,22.828036519305048,22.828036519305048,21.84501075744629,21.84501075744629,3000,0.0,0.0
2015-07-10 00:00:00+08:00,21.84501075744629,21.84501075744629,21.84501075744629,21.84501075744629,0,0.0,0.0
2015-07-13 00:00:00+08:00,21.007617553994223,21.917826274801005,21.007617553994223,21.73578453063965,8000,0.0,0.0
2015-07-14 00:00:00+08:00,21.735785545533073,23.301344340646594,19.624101492435646,20.825576782226562,81000,0.0,0.0
2015-07-15 00:00:00+08:00,21.66296926378005,21.699377059936523,21.51733530141736,21.699377059936523,11000,0.0,0.0
2015-07-16 00:00:00+08:00,21.335292303378107,21.62656021118164,21.335292303378107,21.62656021118164,2750,0.0,0.0
2015-07-17 00:00:00+08:00,21.626560469311897,21.626560469311897,21.480926513671875,21.480926513671875,2000,0.0,0.0
2015-07-20 00:00:00+08:00,21.480926513671875,21.480926513671875,21.480926513671875,21.480926513671875,1000,0.0,0.0
2015-07-21 00:00:00+08:00,21.480926513671875,21.480926513671875,21.480926513671875,21.480926513671875,1445,0.0,0.0
2015-07-22 00:00:00+08:00,21.33529458751901,21.408111572265625,21.33529458751901,21.408111572265625,2041,0.0,0.0
2015-07-23 00:00:00+08:00,21.444519901061067,21.444519901061067,21.116844177246094,21.116844177246094,2000,0.0,0.0
2015-07-24 00:00:00+08:00,21.189661159079243,21.189661159079243,21.116844177246094,21.116844177246094,2000,0.0,0.0
2015-07-27 00:00:00+08:00,21.62656021118164,21.62656021118164,21.62656021118164,21.62656021118164,1144,0.0,0.0
2015-07-28 00:00:00+08:00,21.480926513671875,21.480926513671875,21.480926513671875,21.480926513671875,150,0.0,0.0
2015-07-29 00:00:00+08:00,21.480926513671875,21.480926513671875,21.480926513671875,21.480926513671875,0,0.0,0.0
2015-07-30 00:00:00+08:00,20.898393721692774,21.33529281616211,20.898393721692774,21.33529281616211,3000,0.0,0.0
2015-07-31 00:00:00+08:00,21.33529281616211,21.33529281616211,21.33529281616211,21.33529281616211,0,0.0,0.0
2015-08-03 00:00:00+08:00,21.62656021118164,21.62656021118164,21.62656021118164,21.62656021118164,1000,0.0,0.0
2015-08-04 00:00:00+08:00,19.624103084750093,21.408111572265625,19.587693897942554,21.408111572265625,5000,0.0,0.0
2015-08-05 00:00:00+08:00,21.59015102827204,21.62656021118164,21.335292303378107,21.62656021118164,8000,0.0,0.0
2015-08-06 00:00:00+08:00,21.62656021118164,21.62656021118164,21.62656021118164,21.62656021118164,0,0.0,0.0
2015-08-07 00:00:00+08:00,21.590152740478516,21.590152740478516,21.590152740478516,21.590152740478516,1000,0.0,0.0
2015-08-10 00:00:00+08:00,20.20663398324006,21.262476674848575,20.170226189268032,21.007617950439453,13000,0.0,0.0
2015-08-11 00:00:00+08:00,21.116843760990147,21.116843760990147,19.878959260833028,20.097410202026367,30000,0.0,0.0
2015-08-12 00:00:00+08:00,20.097410202026367,20.097410202026367,20.097410202026367,20.097410202026367,0,0.0,0.0
2015-08-13 00:00:00+08:00,20.3886775970459,20.3886775970459,20.3886775970459,20.3886775970459,1000,0.0,0.0
2015-08-14 00:00:00+08:00,20.35226821899414,20.35226821899414,20.35226821899414,20.35226821899414,1000,0.0,0.0
2015-08-17 00:00:00+08:00,19.260020677553804,19.988187789916992,18.85952793243292,19.988187789916992,12000,0.0,0.0
2015-08-18 00:00:00+08:00,18.786710943422893,19.988187789916992,18.71389534328141,19.988187789916992,5000,0.0,0.0
2015-08-19 00:00:00+08:00,18.96874794223974,19.73332405090332,18.859523180678714,19.73332405090332,5000,0.0,0.0
2015-08-20 00:00:00+08:00,19.73332405090332,19.73332405090332,19.73332405090332,19.73332405090332,0,0.0,0.0
2015-08-21 00:00:00+08:00,19.624101638793945,19.624101638793945,19.624101638793945,19.624101638793945,3000,0.0,0.0
2015-08-24 00:00:00+08:00,18.20417547670766,18.93234249577597,17.6944580078125,17.6944580078125,32000,0.0,0.0
2015-08-25 00:00:00+08:00,16.01967397744917,16.49298224900923,15.946856999778008,16.056081771850586,94030,0.0,0.0
2015-08-26 00:00:00+08:00,14.490522546527218,16.38375696214923,14.490522546527218,15.946856498718262,41000,0.0,0.0
2015-08-27 00:00:00+08:00,16.74784431108019,16.74784431108019,15.801227579479622,16.238126754760742,3000,0.0,0.0
2015-08-28 00:00:00+08:00,16.602209091186523,16.602209091186523,16.602209091186523,16.602209091186523,1000,0.0,0.0
2015-08-31 00:00:00+08:00,17.111923217773438,17.111923217773438,17.111923217773438,17.111923217773438,1000,0.0,0.0
2015-09-01 00:00:00+08:00,17.33037731832249,17.403194309851965,16.310943603515625,16.310943603515625,4000,0.0,0.0
2015-09-02 00:00:00+08:00,16.747840881347656,16.747840881347656,16.747840881347656,16.747840881347656,1000,0.0,0.0
2015-09-03 00:00:00+08:00,17.03910801412534,17.184741973876953,16.747841483490483,17.184741973876953,7000,0.0,0.0
2015-09-04 00:00:00+08:00,16.74784187178851,17.111925390740435,16.60220790866038,16.966291427612305,8000,0.0,0.0
2015-09-07 00:00:00+08:00,17.40319061279297,17.40319061279297,17.40319061279297,17.40319061279297,1000,0.0,0.0
2015-09-08 00:00:00+08:00,18.531850814819336,18.531850814819336,18.531850814819336,18.531850814819336,1000,0.0,0.0
2015-09-09 00:00:00+08:00,16.747841039600026,18.459033771419783,16.711433245061276,18.422624588012695,11000,0.0,0.0
2015-09-10 00:00:00+08:00,16.857066528592973,18.276992797851562,16.82065873250671,18.276992797851562,4000,0.0,0.0
2015-09-11 00:00:00+08:00,16.747840950912877,17.98572540283203,16.747840950912877,17.98572540283203,5000,0.0,0.0
2015-09-14 00:00:00+08:00,17.98572540283203,17.98572540283203,17.98572540283203,17.98572540283203,0,0.0,0.0
2015-09-15 00:00:00+08:00,18.20417594909668,18.20417594909668,18.20417594909668,18.20417594909668,1000,0.0,0.0
2015-09-16 00:00:00+08:00,18.422624588012695,18.422624588012695,18.422624588012695,18.422624588012695,2000,0.0,0.0
2015-09-17 00:00:00+08:00,18.713893150123447,18.713893150123447,16.89347558255768,17.730867385864258,7000,0.0,0.0
2015-09-18 00:00:00+08:00,18.058542251586914,18.058542251586914,18.058542251586914,18.058542251586914,1000,0.0,0.0
2015-09-21 00:00:00+08:00,18.20417594909668,18.20417594909668,18.20417594909668,18.20417594909668,1000,0.0,0.0
2015-09-22 00:00:00+08:00,18.20417594909668,18.20417594909668,18.20417594909668,18.20417594909668,0,0.0,0.0
2015-09-23 00:00:00+08:00,17.075517595800047,18.20417594909668,17.075517595800047,18.20417594909668,6446,0.0,0.0
2015-09-24 00:00:00+08:00,18.20417594909668,18.20417594909668,18.20417594909668,18.20417594909668,0,0.0,0.0
2015-09-25 00:00:00+08:00,16.85706621365762,17.6944580078125,16.85706621365762,17.6944580078125,3000,0.0,0.0
2015-09-29 00:00:00+08:00,17.6944580078125,17.6944580078125,17.6944580078125,17.6944580078125,0,0.0,0.0
2015-09-30 00:00:00+08:00,18.42262344614418,18.786706924438477,18.42262344614418,18.786706924438477,2000,0.0,0.0
2015-10-01 00:00:00+08:00,18.495442828985365,18.495442828985365,17.03910872609095,17.548826217651367,11000,0.0,0.0
2015-10-02 00:00:00+08:00,17.22114976938067,17.22114976938067,17.184741973876953,17.184741973876953,2778,0.0,0.0
2015-10-05 00:00:00+08:00,17.40319061279297,17.40319061279297,17.40319061279297,17.40319061279297,1000,0.0,0.0
2015-10-06 00:00:00+08:00,17.840090950330097,17.840090950330097,17.002699203904587,17.47600746154785,5000,0.0,0.0
2015-10-07 00:00:00+08:00,17.621644973754883,17.621644973754883,17.621644973754883,17.621644973754883,1000,0.0,0.0
2015-10-08 00:00:00+08:00,17.51241480733664,17.621640962274594,17.51241480733664,17.58523178100586,28000,0.0,0.0
2015-10-12 00:00:00+08:00,17.585232358510194,17.585232358510194,17.330373636732418,17.40319061279297,537000,0.0,0.0
2015-10-13 00:00:00+08:00,17.330371073046916,17.65804672241211,17.330371073046916,17.65804672241211,2000,0.0,0.0
2015-10-14 00:00:00+08:00,17.840089478349846,17.876497268676758,17.840089478349846,17.876497268676758,2000,0.0,0.0
2015-10-15 00:00:00+08:00,17.767276763916016,17.803685951830747,17.767276763916016,17.767276763916016,16000,0.0,0.0
2015-10-16 00:00:00+08:00,17.80368423461914,17.80368423461914,17.80368423461914,17.80368423461914,1000,0.0,0.0
2015-10-19 00:00:00+08:00,17.80368423461914,17.80368423461914,17.80368423461914,17.80368423461914,2000,0.0,0.0
2015-10-20 00:00:00+08:00,17.80368423461914,17.80368423461914,17.80368423461914,17.80368423461914,825,0.0,0.0
2015-10-21 00:00:00+08:00,18.713893431218747,18.713893431218747,18.20417594909668,18.20417594909668,6000,0.0,0.0
2015-10-22 00:00:00+08:00,18.094949028377073,18.349807739257812,17.840090317496333,18.349807739257812,15053,0.0,0.0
2015-10-23 00:00:00+08:00,17.840089358317616,17.94931411743164,17.840089358317616,17.94931411743164,3000,0.0,0.0
2015-10-26 00:00:00+08:00,18.313400268554688,18.313400268554688,18.313400268554688,18.313400268554688,1327,0.0,0.0
2015-10-27 00:00:00+08:00,18.313400268554688,18.313400268554688,18.313400268554688,18.313400268554688,250,0.0,0.0
2015-10-28 00:00:00+08:00,18.240583431163362,18.859525680541992,18.204175635439835,18.859525680541992,9136,0.0,0.0
2015-10-29 00:00:00+08:00,18.604666496054755,18.96875,18.56825870120757,18.96875,51000,0.0,0.0
2015-10-30 00:00:00+08:00,18.204175821817334,18.89593505859375,18.204175821817334,18.89593505859375,2000,0.0,0.0
2015-11-02 00:00:00+08:00,18.932342529296875,18.932342529296875,18.932342529296875,18.932342529296875,2000,0.0,0.0
2015-11-03 00:00:00+08:00,18.932342529296875,18.932342529296875,18.932342529296875,18.932342529296875,0,0.0,0.0
2015-11-04 00:00:00+08:00,18.531852187171772,19.150793075561523,17.94931770727705,19.150793075561523,9000,0.0,0.0
2015-11-05 00:00:00+08:00,19.915369033813477,19.915369033813477,19.915369033813477,19.915369033813477,1000,0.0,0.0
2015-11-06 00:00:00+08:00,19.915369033813477,19.915369033813477,19.915369033813477,19.915369033813477,0,0.0,0.0
2015-11-09 00:00:00+08:00,19.223609390065427,19.223609390065427,18.31340059897456,18.89593505859375,14000,0.0,0.0
2015-11-10 00:00:00+08:00,19.114382610450644,19.114382610450644,18.34980786157992,18.786706924438477,15000,0.0,0.0
2015-11-11 00:00:00+08:00,19.150793075561523,19.150793075561523,19.150793075561523,19.150793075561523,1000,0.0,0.0
2015-11-12 00:00:00+08:00,19.150793075561523,19.150793075561523,19.150793075561523,19.150793075561523,0,0.0,0.0
2015-11-13 00:00:00+08:00,19.442060470581055,19.442060470581055,19.442060470581055,19.442060470581055,1000,0.0,0.0
2015-11-16 00:00:00+08:00,19.442060470581055,19.442060470581055,19.442060470581055,19.442060470581055,0,0.0,0.0
2015-11-17 00:00:00+08:00,19.442060470581055,19.442060470581055,19.442060470581055,19.442060470581055,0,0.0,0.0
2015-11-18 00:00:00+08:00,19.442060470581055,19.442060470581055,19.442060470581055,19.442060470581055,0,0.0,0.0
2015-11-19 00:00:00+08:00,19.26001778295384,19.26001778295384,18.34980902929569,19.041566848754883,13000,0.0,0.0
2015-11-20 00:00:00+08:00,17.94931411743164,17.98572329638176,17.94931411743164,17.94931411743164,20000,0.0,0.0
2015-11-23 00:00:00+08:00,19.077973665258348,19.077973665258348,17.548822871057492,17.94931411743164,9165,0.0,0.0
2015-11-24 00:00:00+08:00,18.750302326383785,18.750302326383785,17.91291046142578,17.91291046142578,27000,0.0,0.0
2015-11-25 00:00:00+08:00,18.968749706806975,18.968749706806975,17.73086664584765,18.495441436767578,11000,0.0,0.0
2015-11-26 00:00:00+08:00,19.514874954283588,19.514874954283588,17.91290839500652,18.495441436767578,17000,0.0,0.0
2015-11-27 00:00:00+08:00,19.150790402732774,19.150790402732774,17.548823931558815,18.786706924438477,4000,0.0,0.0
2015-11-30 00:00:00+08:00,18.786706924438477,18.786706924438477,18.786706924438477,18.786706924438477,0,0.0,0.0
2015-12-01 00:00:00+08:00,17.4396013713081,18.058542251586914,17.4396013713081,18.058542251586914,6000,0.0,0.0
2015-12-02 00:00:00+08:00,18.677482352664015,18.677482352664015,17.4760071395908,17.512414932250977,14191,0.0,0.0
2015-12-03 00:00:00+08:00,17.476008457639356,18.34980943606867,17.476008457639356,17.6944580078125,28000,0.0,0.0
2015-12-04 00:00:00+08:00,17.69445717483265,18.022132873535156,17.69445717483265,18.022132873535156,16000,0.0,0.0
2015-12-07 00:00:00+08:00,18.167768152745847,18.20417594909668,18.167768152745847,18.20417594909668,2000,0.0,0.0
2015-12-08 00:00:00+08:00,18.677483185926448,18.677483185926448,18.459033642483135,18.495441436767578,4066,0.0,0.0
2015-12-09 00:00:00+08:00,17.949316758687324,18.313400268554688,17.840091983500788,18.313400268554688,33000,0.0,0.0
2015-12-10 00:00:00+08:00,17.840091705322266,17.840091705322266,17.840091705322266,17.840091705322266,8676,0.0,0.0
2015-12-11 00:00:00+08:00,18.167766571044922,18.27699133945662,18.167766571044922,18.167766571044922,7000,0.0,0.0
2015-12-14 00:00:00+08:00,18.167766571044922,18.167766571044922,18.167766571044922,18.167766571044922,0,0.0,0.0
2015-12-15 00:00:00+08:00,17.87649795493517,18.49544013633041,17.111923217773438,17.111923217773438,24000,0.0,0.0
2015-12-16 00:00:00+08:00,17.330376231018796,17.767276763916016,17.330376231018796,17.767276763916016,5300,0.0,0.0
2015-12-17 00:00:00+08:00,17.912909795988607,18.60466766357422,17.912909795988607,18.60466766357422,10047,0.0,0.0
2015-12-18 00:00:00+08:00,17.54882626919562,18.60466766357422,17.54882626919562,18.60466766357422,4000,0.0,0.0
2015-12-21 00:00:00+08:00,19.514876002713414,19.514876002713414,19.332834243774414,19.332834243774414,2000,0.0,0.0
2015-12-22 00:00:00+08:00,17.840092430114744,18.20417594909668,17.840092430114744,18.20417594909668,7000,0.0,0.0
2015-12-23 00:00:00+08:00,17.694458596589428,18.131359100341797,17.694458596589428,18.131359100341797,4000,0.0,0.0
2015-12-24 00:00:00+08:00,17.840092430114744,18.20417594909668,17.621642874272947,18.20417594909668,7000,0.0,0.0
2015-12-25 00:00:00+08:00,18.167768285827737,18.20417608244526,18.131359100341797,18.131359100341797,6000,0.0,0.0
2015-12-28 00:00:00+08:00,17.91290631485234,18.932339713985623,17.91290631485234,18.64107322692871,18000,0.0,0.0
2015-12-29 00:00:00+08:00,17.840091331234504,19.18720054626465,17.840091331234504,19.18720054626465,4825,0.0,0.0
2015-12-30 00:00:00+08:00,18.349809596070706,18.859525680541992,18.349809596070706,18.859525680541992,10000,0.0,0.0
2015-12-31 00:00:00+08:00,17.840091998760517,18.932342529296875,17.840091998760517,18.932342529296875,5000,0.0,0.0
2016-01-04 00:00:00+08:00,18.932342529296875,18.932342529296875,18.932342529296875,18.932342529296875,0,0.0,0.0
2016-01-05 00:00:00+08:00,18.932342529296875,18.932342529296875,18.932342529296875,18.932342529296875,2000,0.0,0.0
2016-01-06 00:00:00+08:00,18.932342529296875,18.932342529296875,18.932342529296875,18.932342529296875,0,0.0,0.0
2016-01-07 00:00:00+08:00,18.93234225436374,20.243042316426195,18.93234225436374,20.206634521484375,99000,0.0,0.0
2016-01-08 00:00:00+08:00,19.07797520372933,20.425082989548326,19.07797520372933,19.36924171447754,7740,0.0,0.0
2016-01-11 00:00:00+08:00,19.260019302368164,19.260019302368164,19.260019302368164,19.260019302368164,2000,0.0,0.0
2016-01-12 00:00:00+08:00,19.332832276789123,20.02459144592285,19.29642448425293,20.02459144592285,17000,0.0,0.0
2016-01-13 00:00:00+08:00,19.98818508199608,19.98818508199608,19.514875411987305,19.514875411987305,2000,0.0,0.0
2016-01-14 00:00:00+08:00,19.514875411987305,19.514875411987305,19.514875411987305,19.514875411987305,0,0.0,0.0
2016-01-15 00:00:00+08:00,19.9517760800238,19.9517760800238,18.932342529296875,18.932342529296875,12000,0.0,0.0
2016-01-18 00:00:00+08:00,18.932342529296875,18.932342529296875,18.932342529296875,18.932342529296875,0,0.0,0.0
2016-01-19 00:00:00+08:00,19.478466033935547,19.478466033935547,19.478466033935547,19.478466033935547,1000,0.0,0.0
2016-01-20 00:00:00+08:00,19.478466033935547,19.478466033935547,19.478466033935547,19.478466033935547,0,0.0,0.0
2016-01-21 00:00:00+08:00,19.40564950749546,19.40564950749546,18.531849975250836,19.36924171447754,14000,0.0,0.0
2016-01-22 00:00:00+08:00,19.36924171447754,19.36924171447754,19.36924171447754,19.36924171447754,0,0.0,0.0
2016-01-25 00:00:00+08:00,19.36924171447754,19.36924171447754,19.36924171447754,19.36924171447754,0,0.0,0.0
2016-01-26 00:00:00+08:00,20.024591197359072,20.170225143432617,18.349807761854517,20.170225143432617,17000,0.0,0.0
2016-01-27 00:00:00+08:00,19.4056512853592,19.442060470581055,19.4056512853592,19.442060470581055,7000,0.0,0.0
2016-01-28 00:00:00+08:00,20.279451172084027,20.279451172084027,18.64107542658319,19.114383697509766,6000,0.0,0.0
2016-01-29 00:00:00+08:00,20.170225143432617,20.170225143432617,20.170225143432617,20.170225143432617,1000,0.0,0.0
2016-02-01 00:00:00+08:00,19.733327555456246,19.733327555456246,18.568259984535246,19.150793075561523,8000,0.0,0.0
2016-02-02 00:00:00+08:00,19.951773822374356,19.951773822374356,18.968748178352545,19.587690353393555,8000,0.0,0.0
2016-02-03 00:00:00+08:00,19.587690353393555,19.587690353393555,19.587690353393555,19.587690353393555,0,0.0,0.0
2016-02-15 00:00:00+08:00,20.716350555419922,20.716350555419922,20.716350555419922,20.716350555419922,2000,0.0,0.0
2016-02-16 00:00:00+08:00,20.716350555419922,20.716350555419922,20.716350555419922,20.716350555419922,0,0.0,0.0
2016-02-17 00:00:00+08:00,20.716350555419922,20.716350555419922,20.716350555419922,20.716350555419922,0,0.0,0.0
2016-02-18 00:00:00+08:00,20.716350555419922,20.716350555419922,20.716350555419922,20.716350555419922,0,0.0,0.0
2016-02-19 00:00:00+08:00,20.716350555419922,20.716350555419922,20.716350555419922,20.716350555419922,0,0.0,0.0
2016-02-22 00:00:00+08:00,19.551285848742992,19.551285848742992,18.276993493093222,19.260019302368164,28000,0.0,0.0
2016-02-23 00:00:00+08:00,18.34980902929569,19.041566848754883,18.31339984582836,19.041566848754883,6000,0.0,0.0
2016-02-24 00:00:00+08:00,18.42262518751776,18.859525680541992,18.058541674808964,18.859525680541992,11000,0.0,0.0
2016-02-25 00:00:00+08:00,19.624101638793945,19.624101638793945,19.624101638793945,19.624101638793945,2000,0.0,0.0
2016-02-26 00:00:00+08:00,19.00516055346452,19.442061067460987,18.823118788371698,19.260019302368164,8000,0.0,0.0
2016-03-01 00:00:00+08:00,19.260019302368164,19.260019302368164,19.260019302368164,19.260019302368164,0,0.0,0.0
2016-03-02 00:00:00+08:00,19.478466033935547,19.478466033935547,19.478466033935547,19.478466033935547,2000,0.0,0.0
2016-03-03 00:00:00+08:00,19.005157791258426,19.478466033935547,19.005157791258426,19.478466033935547,2000,0.0,0.0
2016-03-04 00:00:00+08:00,19.223608904623564,20.133817672729492,19.18720110944667,20.133817672729492,3000,0.0,0.0
2016-03-07 00:00:00+08:00,20.133817672729492,20.133817672729492,20.133817672729492,20.133817672729492,0,0.0,0.0
2016-03-08 00:00:00+08:00,19.07797476448604,19.51487382611523,18.713891287216217,19.478466033935547,23000,0.0,0.0
2016-03-09 00:00:00+08:00,20.38867627393018,20.38867627393018,19.07797621186772,20.206634521484375,5273,0.0,0.0
2016-03-10 00:00:00+08:00,19.80614366930363,20.097410202026367,19.80614366930363,20.097410202026367,4000,0.0,0.0
2016-03-11 00:00:00+08:00,20.02459322162859,20.097410202026367,20.02459322162859,20.097410202026367,6281,0.0,0.0
2016-03-14 00:00:00+08:00,19.95177447198221,20.02459144592285,19.878957498041565,20.02459144592285,7001,0.0,0.0
2016-03-15 00:00:00+08:00,20.02459144592285,20.279450160280977,20.02459144592285,20.02459144592285,7000,0.0,0.0
2016-03-16 00:00:00+08:00,20.02459144592285,20.02459144592285,20.02459144592285,20.02459144592285,2000,0.0,0.0
2016-03-17 00:00:00+08:00,20.02459144592285,20.02459144592285,20.02459144592285,20.02459144592285,3000,0.0,0.0
2016-03-18 00:00:00+08:00,19.369241579724278,20.024591571565498,19.369241579724278,19.95177459716797,6000,0.0,0.0
2016-03-21 00:00:00+08:00,19.95177459716797,19.988183778800867,19.95177459716797,19.95177459716797,5000,0.0,0.0
2016-03-22 00:00:00+08:00,19.95177459716797,19.95177459716797,19.95177459716797,19.95177459716797,1000,0.0,0.0
2016-03-23 00:00:00+08:00,19.95177459716797,19.95177459716797,19.95177459716797,19.95177459716797,9375,0.0,0.0
2016-03-24 00:00:00+08:00,19.878957748413086,19.878957748413086,19.878957748413086,19.878957748413086,2000,0.0,0.0
2016-03-25 00:00:00+08:00,20.752758347851305,20.752758347851305,20.38867486806444,20.716350555419922,16000,0.0,0.0
2016-03-28 00:00:00+08:00,21.772193476991355,22.13627698459612,20.75275993347168,20.75275993347168,19075,0.0,0.0
2016-03-29 00:00:00+08:00,20.497901652214182,20.643535614013672,20.497901652214182,20.643535614013672,3000,0.0,0.0
2016-03-30 00:00:00+08:00,21.11684162630593,21.11684162630593,20.170225143432617,20.170225143432617,12000,0.0,0.0
2016-03-31 00:00:00+08:00,20.243040978876525,20.243040978876525,20.02459144592285,20.02459144592285,4288,0.0,0.0
2016-04-01 00:00:00+08:00,21.371702342391522,21.371702342391522,19.551284790039062,19.551284790039062,12000,0.0,0.0
2016-04-06 00:00:00+08:00,19.915366930276104,19.915366930276104,19.878957748413086,19.878957748413086,2051,0.0,0.0
2016-04-07 00:00:00+08:00,19.73332611640266,20.53431009980334,19.73332611640266,20.279451370239258,33000,0.0,0.0
2016-04-08 00:00:00+08:00,20.315858564913384,20.971208572387695,20.170226001512596,20.971208572387695,35000,0.0,0.0
2016-04-11 00:00:00+08:00,20.53430949331702,21.553742992595758,20.38867554104793,20.971208572387695,60000,0.0,0.0
2016-04-12 00:00:00+08:00,21.116845022147626,21.77219510713024,20.971211052654397,21.408111572265625,97000,0.0,0.0
2016-04-13 00:00:00+08:00,21.699375757986143,21.699375757986143,21.007617950439453,21.007617950439453,613210,0.0,0.0
2016-04-14 00:00:00+08:00,20.97121021357979,21.335293733877137,20.93480241709742,21.116844177246094,16000,0.0,0.0
2016-04-15 00:00:00+08:00,21.116843268927443,21.48092677356412,21.116843268927443,21.33529281616211,20000,0.0,0.0
2016-04-18 00:00:00+08:00,21.6993766511083,21.6993766511083,20.971209630750728,21.298885345458984,6000,0.0,0.0
2016-04-19 00:00:00+08:00,21.48092677356412,21.73578550458347,21.33529281616211,21.33529281616211,13001,0.0,0.0
2016-04-20 00:00:00+08:00,21.33529328422519,21.84501075744629,21.33529328422519,21.84501075744629,1847000,0.0,0.0
2016-04-21 00:00:00+08:00,20.8983930733876,22.20909309387207,20.8983930733876,22.20909309387207,110923,0.0,0.0
2016-04-22 00:00:00+08:00,21.881417394316802,22.42754263433005,21.845009600529906,22.20909309387207,26000,0.0,0.0
2016-04-25 00:00:00+08:00,22.463952563786382,22.573177337646484,22.281910811063426,22.573177337646484,52000,0.0,0.0
2016-04-26 00:00:00+08:00,22.209091630095536,22.209091630095536,22.09986686706543,22.09986686706543,3000,0.0,0.0
2016-04-27 00:00:00+08:00,22.900853048095147,22.900853048095147,22.573177337646484,22.573177337646484,5000,0.0,0.0
2016-04-28 00:00:00+08:00,22.573177337646484,22.573177337646484,22.573177337646484,22.573177337646484,0,0.0,0.0
2016-04-29 00:00:00+08:00,21.153249250254248,23.30134229898965,21.11684145845937,21.954233169555664,21000,0.0,0.0
2016-05-03 00:00:00+08:00,22.93726232893191,22.93726232893191,22.063461303710938,22.063461303710938,3003,0.0,0.0
2016-05-04 00:00:00+08:00,22.09987048993507,22.536771002545557,22.063461303710938,22.063461303710938,4000,0.0,0.0
2016-05-05 00:00:00+08:00,22.09986995678369,22.35472869873047,20.0245936136005,22.35472869873047,89000,0.0,0.0
2016-05-06 00:00:00+08:00,22.609586597256936,22.609586597256936,21.48092821280925,22.063461303710938,13000,0.0,0.0
2016-05-09 00:00:00+08:00,23.30134669584171,23.337754494506562,20.607127928587612,21.917829513549805,13000,0.0,0.0
2016-05-10 00:00:00+08:00,21.772195541153398,22.20909606947413,21.772195541153398,21.917829513549805,270000,0.0,0.0
2016-05-11 00:00:00+08:00,21.226065985088155,22.09986686706543,21.226065985088155,22.09986686706543,2000,0.0,0.0
2016-05-12 00:00:00+08:00,22.06345946248009,22.281910394989474,21.69937596383277,22.172685623168945,64000,0.0,0.0
2016-05-13 00:00:00+08:00,22.063460903201573,22.281911849975586,22.063460903201573,22.281911849975586,12000,0.0,0.0
2016-05-16 00:00:00+08:00,22.20909309387207,22.20909309387207,22.20909309387207,22.20909309387207,1001,0.0,0.0
2016-05-17 00:00:00+08:00,22.20909527087058,22.20909527087058,22.063461303710938,22.063461303710938,8000,0.0,0.0
2016-05-18 00:00:00+08:00,22.24550179964921,22.24550179964921,21.990644454956055,21.990644454956055,36000,0.0,0.0
2016-05-19 00:00:00+08:00,21.84500991883903,22.172685623168945,21.84500991883903,22.172685623168945,5000,0.0,0.0
2016-05-20 00:00:00+08:00,22.20909309387207,22.20909309387207,22.20909309387207,22.20909309387207,6250,0.0,0.0
2016-05-23 00:00:00+08:00,22.20909309387207,22.20909309387207,22.20909309387207,22.20909309387207,6408,0.0,0.0
2016-05-24 00:00:00+08:00,22.172685300085178,22.20909309387207,21.845009600529906,22.20909309387207,3000,0.0,0.0
2016-05-25 00:00:00+08:00,21.7357851470185,22.209093417486347,21.48092642019171,22.172685623168945,8000,0.0,0.0
2016-05-26 00:00:00+08:00,22.027051668162688,22.172685623168945,21.62656037519797,22.172685623168945,1715000,0.0,0.0
2016-05-27 00:00:00+08:00,22.172685623168945,22.172685623168945,22.172685623168945,22.172685623168945,0,0.0,0.0
2016-05-30 00:00:00+08:00,22.172685623168945,22.172685623168945,22.172685623168945,22.172685623168945,0,0.0,0.0
2016-05-31 00:00:00+08:00,21.699376369028958,22.573177337646484,21.699376369028958,22.573177337646484,2429500,0.0,0.0
2016-06-01 00:00:00+08:00,22.20909309387207,22.20909309387207,22.20909309387207,22.20909309387207,2000,0.0,0.0
2016-06-02 00:00:00+08:00,22.20909309387207,22.20909309387207,22.20909309387207,22.20909309387207,0,0.0,0.0
2016-06-03 00:00:00+08:00,21.881418553161346,22.172686474355334,21.84501075744629,21.84501075744629,3000,0.0,0.0
2016-06-06 00:00:00+08:00,21.480926821308753,22.573177337646484,21.480926821308753,22.573177337646484,4000,0.0,0.0
2016-06-07 00:00:00+08:00,22.573177337646484,22.573177337646484,22.573177337646484,22.573177337646484,0,0.0,0.0
2016-06-08 00:00:00+08:00,22.573177337646484,22.573177337646484,22.573177337646484,22.573177337646484,1000,0.0,0.0
2016-06-13 00:00:00+08:00,22.573177337646484,22.573177337646484,22.573177337646484,22.573177337646484,0,0.0,0.0
2016-06-14 00:00:00+08:00,22.573177337646484,22.573177337646484,22.573177337646484,22.573177337646484,0,0.0,0.0
2016-06-15 00:00:00+08:00,22.573177337646484,22.573177337646484,22.573177337646484,22.573177337646484,0,0.0,0.0
2016-06-16 00:00:00+08:00,22.573177337646484,22.573177337646484,22.573177337646484,22.573177337646484,478000,0.0,0.0
2016-06-17 00:00:00+08:00,22.536771774291992,22.536771774291992,22.536771774291992,22.536771774291992,2306000,0.0,0.0
2016-06-20 00:00:00+08:00,21.84501075744629,21.84501075744629,21.84501075744629,21.84501075744629,500000,0.0,0.0
2016-06-21 00:00:00+08:00,21.845010326754664,22.573177337646484,21.845010326754664,22.573177337646484,12155000,0.0,0.0
2016-06-22 00:00:00+08:00,21.77219378830096,22.463953018188477,21.77219378830096,22.463953018188477,6451000,0.0,0.0
2016-06-23 00:00:00+08:00,21.990644454956055,21.990644454956055,21.990644454956055,21.990644454956055,526000,0.0,0.0
2016-06-24 00:00:00+08:00,21.990644454956055,21.990644454956055,21.990644454956055,21.990644454956055,3147000,0.0,0.0
2016-06-27 00:00:00+08:00,21.990644454956055,21.990644454956055,21.990644454956055,21.990644454956055,0,0.0,0.0
2016-06-28 00:00:00+08:00,22.90085220336914,22.90085220336914,22.90085220336914,22.90085220336914,1250,0.0,0.0
2016-06-29 00:00:00+08:00,22.718812018738536,22.75521981489501,21.699377059936523,21.699377059936523,6000,0.0,0.0
2016-06-30 00:00:00+08:00,22.536769492557834,22.536769492557834,21.33529281616211,21.33529281616211,2073,0.0,0.0
2016-07-01 00:00:00+08:00,21.40810998946114,21.66296872279713,21.371702194213867,21.371702194213867,4000,0.0,0.0
2016-07-04 00:00:00+08:00,23.155710220336914,23.155710220336914,23.155710220336914,23.155710220336914,1000,0.0,0.0
2016-07-05 00:00:00+08:00,23.155710220336914,23.155710220336914,23.155710220336914,23.155710220336914,0,0.0,0.0
2016-07-06 00:00:00+08:00,22.645994186401367,22.645994186401367,22.645994186401367,22.645994186401367,1000,0.0,0.0
2016-07-07 00:00:00+08:00,21.153248377235073,21.662965774536133,21.116840586942786,21.662965774536133,5000,0.0,0.0
2016-07-08 00:00:00+08:00,21.662965774536133,21.662965774536133,21.662965774536133,21.662965774536133,0,0.0,0.0
2016-07-11 00:00:00+08:00,21.662965774536133,21.662965774536133,21.662965774536133,21.662965774536133,0,0.0,0.0
2016-07-12 00:00:00+08:00,22.35472869873047,22.35472869873047,22.35472869873047,22.35472869873047,1000,0.0,0.0
2016-07-13 00:00:00+08:00,22.35472869873047,22.35472869873047,22.35472869873047,22.35472869873047,0,0.0,0.0
2016-07-14 00:00:00+08:00,22.35472869873047,22.35472869873047,22.35472869873047,22.35472869873047,0,0.0,0.0
2016-07-15 00:00:00+08:00,21.845010496101366,22.063460045515036,21.153251274844145,21.990644454956055,57000,0.0,0.0
2016-07-18 00:00:00+08:00,23.08289251207281,23.08289251207281,21.845008160749707,22.09986686706543,44000,0.0,0.0
2016-07-19 00:00:00+08:00,22.864442825317383,22.864442825317383,22.864442825317383,22.864442825317383,1000,0.0,0.0
2016-07-20 00:00:00+08:00,22.86444185310995,22.86444185310995,21.954233169555664,21.954233169555664,9000,0.0,0.0
2016-07-21 00:00:00+08:00,22.718811405841482,22.718811405841482,21.881418228149414,21.881418228149414,5500,0.0,0.0
2016-07-22 00:00:00+08:00,22.427543822097505,22.427543822097505,21.84501075744629,21.84501075744629,6064,0.0,0.0
2016-07-25 00:00:00+08:00,21.84501075744629,21.84501075744629,21.84501075744629,21.84501075744629,29000,0.0,0.0
2016-07-26 00:00:00+08:00,21.84501075744629,21.84501075744629,21.84501075744629,21.84501075744629,15000,0.0,0.0
2016-07-27 00:00:00+08:00,21.84501075744629,21.84501075744629,21.84501075744629,21.84501075744629,11000,0.0,0.0
2016-07-28 00:00:00+08:00,22.50035858154297,22.50035858154297,22.50035858154297,22.50035858154297,1000,0.0,0.0
2016-07-29 00:00:00+08:00,23.19211769104004,23.19211769104004,23.19211769104004,23.19211769104004,1000,0.0,0.0
2016-08-01 00:00:00+08:00,22.53676998697944,22.53676998697944,21.84501075744629,21.84501075744629,18000,0.0,0.0
2016-08-02 00:00:00+08:00,22.755219246635644,22.755219246635644,21.845010476770216,21.371702194213867,108825,0.0,0.0
2016-08-03 00:00:00+08:00,22.522780677471445,23.52038194890723,22.522780677471445,22.829734802246094,5000,1.5,0.0
2016-08-04 00:00:00+08:00,22.829735949693493,23.175060272216797,22.829735949693493,23.175060272216797,14001,0.0,0.0
2016-08-05 00:00:00+08:00,23.5971224833343,23.5971224833343,22.637889862060547,22.637889862060547,10429,0.0,0.0
2016-08-08 00:00:00+08:00,23.44364394700114,23.44364394700114,22.637889155740506,22.944843292236328,3047,0.0,0.0
2016-08-09 00:00:00+08:00,22.906475067138672,22.906475067138672,22.906475067138672,22.906475067138672,8000,0.0,0.0
2016-08-10 00:00:00+08:00,22.944843292236328,22.944843292236328,22.944843292236328,22.944843292236328,1000,0.0,0.0
2016-08-11 00:00:00+08:00,22.944843292236328,22.944843292236328,22.944843292236328,22.944843292236328,0,0.0,0.0
2016-08-12 00:00:00+08:00,22.67625787392519,22.944843292236328,22.67625787392519,22.944843292236328,2000,0.0,0.0
2016-08-15 00:00:00+08:00,23.558753967285156,23.558753967285156,23.558753967285156,23.558753967285156,1000,0.0,0.0
2016-08-16 00:00:00+08:00,23.443644451651334,23.443644451651334,22.40767440163663,22.906475067138672,43750,0.0,0.0
2016-08-17 00:00:00+08:00,23.44364356994629,23.44364356994629,23.44364356994629,23.44364356994629,1000,0.0,0.0
2016-08-18 00:00:00+08:00,22.63789098576233,22.98321533203125,22.63789098576233,22.98321533203125,2196,0.0,0.0
2016-08-19 00:00:00+08:00,22.637889862060547,22.637889862060547,22.637889862060547,22.637889862060547,1250,0.0,0.0
2016-08-22 00:00:00+08:00,22.561150959624083,22.906475288751764,22.561150959624083,22.637889862060547,4000,0.0,0.0
2016-08-23 00:00:00+08:00,23.597122192382812,23.597122192382812,23.597122192382812,23.597122192382812,1000,0.0,0.0
2016-08-24 00:00:00+08:00,23.405277252197266,23.405277252197266,23.405277252197266,23.405277252197266,490,0.0,0.0
2016-08-25 00:00:00+08:00,22.86810302734375,22.86810302734375,22.86810302734375,22.86810302734375,1000,0.0,0.0
2016-08-26 00:00:00+08:00,23.482013575510425,23.482013575510425,23.021581649780273,23.021581649780273,8530,0.0,0.0
2016-08-29 00:00:00+08:00,23.021581649780273,23.021581649780273,23.021581649780273,23.021581649780273,10000,0.0,0.0
2016-08-30 00:00:00+08:00,23.366905959996075,23.366905959996075,23.021581649780273,23.021581649780273,18002,0.0,0.0
2016-08-31 00:00:00+08:00,23.021581649780273,23.021581649780273,23.021581649780273,23.021581649780273,18000,0.0,0.0
2016-09-01 00:00:00+08:00,25.32373803531828,25.32373803531828,23.175057817790634,24.67146110534668,56000,0.0,0.0
2016-09-02 00:00:00+08:00,24.67146110534668,24.67146110534668,24.67146110534668,24.67146110534668,0,0.0,0.0
2016-09-05 00:00:00+08:00,23.52038100656467,24.13429069519043,23.482012291382347,24.13429069519043,3000,0.0,0.0
2016-09-06 00:00:00+08:00,23.904075622558594,23.904075622558594,23.904075622558594,23.904075622558594,1000,0.0,0.0
2016-09-07 00:00:00+08:00,23.712231230908806,23.712231230908806,23.6354923248291,23.6354923248291,9000,0.0,0.0
2016-09-08 00:00:00+08:00,23.712230682373047,23.712230682373047,23.712230682373047,23.712230682373047,1000,0.0,0.0
2016-09-09 00:00:00+08:00,23.405275132718387,23.673860549926758,23.405275132718387,23.673860549926758,3000,0.0,0.0
2016-09-12 00:00:00+08:00,25.093524499183232,25.093524499183232,23.405274598418387,23.750598907470703,4000,0.0,0.0
2016-09-13 00:00:00+08:00,23.712230682373047,23.712230682373047,23.712230682373047,23.712230682373047,2000,0.0,0.0
2016-09-14 00:00:00+08:00,23.712230137376242,23.788969039916992,23.40527599088607,23.788969039916992,6000,0.0,0.0
2016-09-19 00:00:00+08:00,23.788969039916992,23.788969039916992,23.788969039916992,23.788969039916992,0,0.0,0.0
2016-09-20 00:00:00+08:00,22.215827664773744,23.405275506693997,21.985610961914062,21.985610961914062,26227,0.0,0.0
2016-09-21 00:00:00+08:00,22.407674189874157,23.673860933004953,22.407674189874157,23.175060272216797,25000,0.0,0.0
2016-09-22 00:00:00+08:00,25.170260312080657,25.4772158842084,23.0215800892223,23.21342658996582,75547,0.0,0.0
2016-09-23 00:00:00+08:00,23.059951345623677,23.597122192382812,23.059951345623677,23.597122192382812,7472,0.0,0.0
2016-09-26 00:00:00+08:00,23.597122192382812,23.597122192382812,23.597122192382812,23.597122192382812,564,0.0,0.0
2016-09-27 00:00:00+08:00,23.597122192382812,23.597122192382812,23.597122192382812,23.597122192382812,0,0.0,0.0
2016-09-28 00:00:00+08:00,23.597122192382812,23.597122192382812,23.597122192382812,23.597122192382812,0,0.0,0.0
2016-09-29 00:00:00+08:00,23.40527309070934,23.40527309070934,23.0215800892223,23.21342658996582,28405,0.0,0.0
2016-09-30 00:00:00+08:00,23.21342658996582,23.21342658996582,23.21342658996582,23.21342658996582,10500,0.0,0.0
2016-10-03 00:00:00+08:00,23.175061279587272,23.712230682373047,23.175061279587272,23.712230682373047,3000,0.0,0.0
2016-10-04 00:00:00+08:00,23.712230682373047,23.712230682373047,23.712230682373047,23.712230682373047,0,0.0,0.0
2016-10-05 00:00:00+08:00,23.405277252197266,23.405277252197266,23.405277252197266,23.405277252197266,3758,0.0,0.0
2016-10-06 00:00:00+08:00,23.405277252197266,23.405277252197266,23.405277252197266,23.405277252197266,4022,0.0,0.0
2016-10-07 00:00:00+08:00,23.405277252197266,23.405277252197266,23.405277252197266,23.405277252197266,3000,0.0,0.0
2016-10-11 00:00:00+08:00,23.405277252197266,23.405277252197266,23.405277252197266,23.405277252197266,0,0.0,0.0
2016-10-12 00:00:00+08:00,25.323740601539612,25.323740601539612,24.556354522705078,24.556354522705078,6350,0.0,0.0
2016-10-13 00:00:00+08:00,24.556354522705078,24.556354522705078,24.556354522705078,24.556354522705078,0,0.0,0.0
2016-10-14 00:00:00+08:00,23.21342658996582,23.21342658996582,23.21342658996582,23.21342658996582,3349,0.0,0.0
2016-10-17 00:00:00+08:00,22.791367817434597,23.059951782226562,22.791367817434597,23.059951782226562,2000,0.0,0.0
2016-10-18 00:00:00+08:00,23.098323089165323,23.405277252197266,23.098323089165323,23.405277252197266,2000,0.0,0.0
2016-10-19 00:00:00+08:00,23.405277252197266,23.712231415229205,23.405277252197266,23.405277252197266,82000,0.0,0.0
2016-10-20 00:00:00+08:00,23.213428288959324,23.482013702392578,23.213428288959324,23.482013702392578,10000,0.0,0.0
2016-10-21 00:00:00+08:00,23.405277252197266,23.405277252197266,23.405277252197266,23.405277252197266,6000,0.0,0.0
2016-10-24 00:00:00+08:00,23.405277252197266,23.405277252197266,23.405277252197266,23.405277252197266,0,0.0,0.0
2016-10-25 00:00:00+08:00,23.405277252197266,23.405277252197266,23.405277252197266,23.405277252197266,11000,0.0,0.0
2016-10-26 00:00:00+08:00,23.405277252197266,23.405277252197266,23.405277252197266,23.405277252197266,3000,0.0,0.0
2016-10-27 00:00:00+08:00,23.40527599088607,23.788969039916992,23.021582941855154,23.788969039916992,13000,0.0,0.0
2016-10-28 00:00:00+08:00,23.405277252197266,23.405277252197266,23.405277252197266,23.405277252197266,529,0.0,0.0
2016-10-31 00:00:00+08:00,23.05995036706081,23.05995036706081,23.021581649780273,23.021581649780273,7000,0.0,0.0
2016-11-01 00:00:00+08:00,23.44364356994629,23.44364356994629,23.44364356994629,23.44364356994629,1000,0.0,0.0
2016-11-02 00:00:00+08:00,23.059948803901946,23.21342658996582,23.059948803901946,23.21342658996582,2000,0.0,0.0
2016-11-03 00:00:00+08:00,23.750598907470703,23.750598907470703,23.750598907470703,23.750598907470703,1000,0.0,0.0
2016-11-04 00:00:00+08:00,25.170263636805924,25.170263636805924,24.01918448029944,24.7098331451416,9088,0.0,0.0
2016-11-07 00:00:00+08:00,23.021580913234743,23.366905212402344,23.021580913234743,23.366905212402344,14595,0.0,0.0
2016-11-08 00:00:00+08:00,23.021580913234743,23.366905212402344,23.021580913234743,23.366905212402344,12000,0.0,0.0
2016-11-09 00:00:00+08:00,23.021581649780273,23.405274677276612,23.021581649780273,23.021581649780273,6000,0.0,0.0
2016-11-10 00:00:00+08:00,23.021581649780273,23.021581649780273,23.021581649780273,23.021581649780273,2,0.0,0.0
2016-11-11 00:00:00+08:00,23.021581649780273,23.021581649780273,23.021581649780273,23.021581649780273,0,0.0,0.0
2016-11-14 00:00:00+08:00,23.788969039916992,23.788969039916992,23.788969039916992,23.788969039916992,330,0.0,0.0
2016-11-15 00:00:00+08:00,23.788969039916992,23.788969039916992,23.788969039916992,23.788969039916992,0,0.0,0.0
2016-11-16 00:00:00+08:00,23.021581572214806,23.750598907470703,23.021581572214806,23.750598907470703,16491,0.0,0.0
2016-11-17 00:00:00+08:00,23.021582470279153,23.40527551145047,23.021582470279153,23.175060272216797,14000,0.0,0.0
2016-11-18 00:00:00+08:00,23.02158418248911,23.405277252197266,23.02158418248911,23.405277252197266,2000,0.0,0.0
2016-11-21 00:00:00+08:00,23.405277252197266,23.405277252197266,23.405277252197266,23.405277252197266,66,0.0,0.0
2016-11-22 00:00:00+08:00,24.978418252531526,24.978418252531526,23.059952903990766,23.405277252197266,4000,0.0,0.0
2016-11-23 00:00:00+08:00,23.02158306259138,23.059951782226562,23.02158306259138,23.059951782226562,3500,0.0,0.0
2016-11-24 00:00:00+08:00,23.059951782226562,23.059951782226562,23.059951782226562,23.059951782226562,2000,0.0,0.0
2016-11-25 00:00:00+08:00,23.059951782226562,23.059951782226562,23.059951782226562,23.059951782226562,0,0.0,0.0
2016-11-28 00:00:00+08:00,23.059951782226562,23.059951782226562,23.059951782226562,23.059951782226562,0,0.0,0.0
2016-11-29 00:00:00+08:00,22.71463001945717,23.405277252197266,22.71463001945717,23.405277252197266,3000,0.0,0.0
2016-11-30 00:00:00+08:00,24.13429069519043,24.13429069519043,24.13429069519043,24.13429069519043,1000,0.0,0.0
2016-12-01 00:00:00+08:00,24.13429069519043,24.13429069519043,24.13429069519043,24.13429069519043,0,0.0,0.0
2016-12-02 00:00:00+08:00,24.13429069519043,24.13429069519043,24.13429069519043,24.13429069519043,0,0.0,0.0
2016-12-05 00:00:00+08:00,24.13429069519043,24.13429069519043,24.13429069519043,24.13429069519043,0,0.0,0.0
2016-12-06 00:00:00+08:00,24.13429069519043,24.13429069519043,24.13429069519043,24.13429069519043,0,0.0,0.0
2016-12-07 00:00:00+08:00,24.13429069519043,24.13429069519043,24.13429069519043,24.13429069519043,0,0.0,0.0
2016-12-08 00:00:00+08:00,23.6354923248291,23.6354923248291,23.6354923248291,23.6354923248291,132,0.0,0.0
2016-12-09 00:00:00+08:00,22.752998740958827,23.405277252197266,22.752998740958827,23.405277252197266,2132,0.0,0.0
2016-12-12 00:00:00+08:00,24.901679648659034,24.901679648659034,23.09832201236526,23.558753967285156,3141,0.0,0.0
2016-12-13 00:00:00+08:00,23.44364401339633,24.095922470092773,23.44364401339633,24.095922470092773,2000,0.0,0.0
2016-12-14 00:00:00+08:00,23.059949827269115,23.09832000732422,23.059949827269115,23.09832000732422,2000,0.0,0.0
2016-12-15 00:00:00+08:00,23.09832000732422,23.09832000732422,23.09832000732422,23.09832000732422,1000,0.0,0.0
2016-12-16 00:00:00+08:00,23.09832000732422,23.09832000732422,23.09832000732422,23.09832000732422,1000,0.0,0.0
2016-12-19 00:00:00+08:00,22.637888622283935,23.021581649780273,22.637888622283935,23.021581649780273,2000,0.0,0.0
2016-12-20 00:00:00+08:00,23.021581649780273,23.021581649780273,23.021581649780273,23.021581649780273,0,0.0,0.0
2016-12-21 00:00:00+08:00,23.021581649780273,23.021581649780273,23.021581649780273,23.021581649780273,38,0.0,0.0
2016-12-22 00:00:00+08:00,23.98081398010254,23.98081398010254,23.98081398010254,23.98081398010254,1000,0.0,0.0
2016-12-23 00:00:00+08:00,23.98081398010254,23.98081398010254,23.98081398010254,23.98081398010254,0,0.0,0.0
2016-12-26 00:00:00+08:00,23.98081398010254,23.98081398010254,23.98081398010254,23.98081398010254,0,0.0,0.0
2016-12-27 00:00:00+08:00,23.942447395286546,23.942447395286546,23.05995219129409,23.712230682373047,4000,0.0,0.0
2016-12-28 00:00:00+08:00,23.712230682373047,23.712230682373047,23.712230682373047,23.712230682373047,0,0.0,0.0
2016-12-29 00:00:00+08:00,23.712230682373047,23.712230682373047,23.712230682373047,23.712230682373047,0,0.0,0.0
2016-12-30 00:00:00+08:00,23.712230682373047,23.712230682373047,23.712230682373047,23.712230682373047,0,0.0,0.0
2017-01-03 00:00:00+08:00,23.788969039916992,23.788969039916992,23.788969039916992,23.788969039916992,1000,0.0,0.0
2017-01-04 00:00:00+08:00,23.21342658996582,23.21342658996582,23.21342658996582,23.21342658996582,650,0.0,0.0
2017-01-05 00:00:00+08:00,23.136690685169768,23.136690685169768,23.059951782226562,23.059951782226562,3000,0.0,0.0
2017-01-06 00:00:00+08:00,23.09832000732422,23.09832000732422,23.059949827269115,23.09832000732422,4344,0.0,0.0
2017-01-09 00:00:00+08:00,23.021581649780273,23.021581649780273,23.021581649780273,23.021581649780273,11008,0.0,0.0
2017-01-10 00:00:00+08:00,24.095922470092773,24.095922470092773,24.095922470092773,24.095922470092773,3869,0.0,0.0
2017-01-11 00:00:00+08:00,23.05995036706081,23.05995036706081,23.021581649780273,23.021581649780273,14130,0.0,0.0
2017-01-12 00:00:00+08:00,23.02158418248911,23.405277252197266,23.02158418248911,23.405277252197266,2000,0.0,0.0
2017-01-13 00:00:00+08:00,23.405277252197266,23.405277252197266,23.405277252197266,23.405277252197266,0,0.0,0.0
2017-01-16 00:00:00+08:00,23.059952903990766,23.405277252197266,23.02158418248911,23.405277252197266,12000,0.0,0.0
2017-01-17 00:00:00+08:00,23.021584003537264,23.6354923248291,23.021584003537264,23.6354923248291,3000,0.0,0.0
2017-01-18 00:00:00+08:00,23.6354923248291,23.6354923248291,23.6354923248291,23.6354923248291,0,0.0,0.0
2017-01-19 00:00:00+08:00,23.366905212402344,23.366905212402344,23.366905212402344,23.366905212402344,1000,0.0,0.0
2017-01-20 00:00:00+08:00,23.021581649780273,23.021581649780273,23.021581649780273,23.021581649780273,6000,0.0,0.0
2017-01-23 00:00:00+08:00,23.021581649780273,23.021581649780273,23.021581649780273,23.021581649780273,34626,0.0,0.0
2017-01-24 00:00:00+08:00,23.0215800892223,23.21342658996582,23.0215800892223,23.21342658996582,6000,0.0,0.0
2017-02-02 00:00:00+08:00,23.21342658996582,23.21342658996582,23.21342658996582,23.21342658996582,0,0.0,0.0
2017-02-03 00:00:00+08:00,23.059951782226562,23.059951782226562,23.059951782226562,23.059951782226562,1000,0.0,0.0
2017-02-06 00:00:00+08:00,23.021581649780273,23.021581649780273,23.021581649780273,23.021581649780273,2000,0.0,0.0
2017-02-07 00:00:00+08:00,22.98321533203125,22.98321533203125,22.98321533203125,22.98321533203125,66,0.0,0.0
2017-02-08 00:00:00+08:00,22.67625858144237,22.983214191188228,22.637889862060547,22.637889862060547,10000,0.0,0.0
2017-02-09 00:00:00+08:00,22.637890325058795,23.251798629760742,22.637890325058795,23.251798629760742,13807,0.0,0.0
2017-02-10 00:00:00+08:00,22.637890325058795,23.251798629760742,22.637890325058795,23.251798629760742,11000,0.0,0.0
2017-02-13 00:00:00+08:00,22.676257339564472,23.021581649780273,22.4844108258163,23.021581649780273,16250,0.0,0.0
2017-02-14 00:00:00+08:00,22.56114959716797,22.56114959716797,22.56114959716797,22.56114959716797,5172,0.0,0.0
2017-02-15 00:00:00+08:00,22.56114959716797,22.56114959716797,22.56114959716797,22.56114959716797,15000,0.0,0.0
2017-02-16 00:00:00+08:00,23.750598907470703,23.750598907470703,23.750598907470703,23.750598907470703,1072,0.0,0.0
2017-02-17 00:00:00+08:00,22.59952221560824,23.6354923248291,22.59952221560824,23.6354923248291,7000,0.0,0.0
2017-02-20 00:00:00+08:00,23.32853473760559,23.32853473760559,23.136688232421875,23.136688232421875,2000,0.0,0.0
2017-02-21 00:00:00+08:00,23.405273632413614,23.405273632413614,22.4844098220627,23.136688232421875,16250,0.0,0.0
2017-02-22 00:00:00+08:00,22.791365885246936,23.09832000732422,22.791365885246936,23.09832000732422,7000,0.0,0.0
2017-02-23 00:00:00+08:00,23.09832000732422,23.09832000732422,23.09832000732422,23.09832000732422,0,0.0,0.0
2017-02-24 00:00:00+08:00,22.75299644470215,22.75299644470215,22.75299644470215,22.75299644470215,1000,0.0,0.0
2017-03-01 00:00:00+08:00,23.251796674245988,23.2901668548584,23.251796674245988,23.2901668548584,2015,0.0,0.0
2017-03-02 00:00:00+08:00,23.2901668548584,23.2901668548584,23.2901668548584,23.2901668548584,0,0.0,0.0
2017-03-03 00:00:00+08:00,22.7146259807672,23.21342658996582,22.7146259807672,23.21342658996582,3000,0.0,0.0
2017-03-06 00:00:00+08:00,22.522781372070312,22.522781372070312,22.522781372070312,22.522781372070312,3000,0.0,0.0
2017-03-07 00:00:00+08:00,23.366905212402344,23.366905212402344,23.366905212402344,23.366905212402344,1000,0.0,0.0
2017-03-08 00:00:00+08:00,23.597122192382812,23.597122192382812,23.597122192382812,23.597122192382812,1000,0.0,0.0
2017-03-09 00:00:00+08:00,23.597122192382812,23.597122192382812,23.597122192382812,23.597122192382812,0,0.0,0.0
2017-03-10 00:00:00+08:00,23.597122192382812,23.597122192382812,23.597122192382812,23.597122192382812,0,0.0,0.0
2017-03-13 00:00:00+08:00,24.556354522705078,24.556354522705078,24.556354522705078,24.556354522705078,1075,0.0,0.0
2017-03-14 00:00:00+08:00,23.29016668003962,24.211029052734375,22.944842375483635,24.211029052734375,4000,0.0,0.0
2017-03-15 00:00:00+08:00,23.059951782226562,23.059951782226562,22.676258731183374,23.059951782226562,8825,0.0,0.0
2017-03-16 00:00:00+08:00,23.712230034673752,23.712230034673752,22.752997416251088,23.328536987304688,7300,0.0,0.0
2017-03-17 00:00:00+08:00,22.983213968832715,22.983213968832715,22.906475067138672,22.906475067138672,3000,0.0,0.0
2017-03-20 00:00:00+08:00,22.906475067138672,22.906475067138672,22.906475067138672,22.906475067138672,254,0.0,0.0
2017-03-21 00:00:00+08:00,22.906475067138672,22.906475067138672,22.906475067138672,22.906475067138672,0,0.0,0.0
2017-03-22 00:00:00+08:00,23.059951782226562,23.059951782226562,23.059951782226562,23.059951782226562,1000,0.0,0.0
2017-03-23 00:00:00+08:00,23.021581649780273,23.021581649780273,23.021581649780273,23.021581649780273,1073,0.0,0.0
2017-03-24 00:00:00+08:00,22.714628219604492,22.714628219604492,22.714628219604492,22.714628219604492,2000,0.0,0.0
2017-03-27 00:00:00+08:00,22.714628219604492,22.714628219604492,22.714628219604492,22.714628219604492,4150,0.0,0.0
2017-03-28 00:00:00+08:00,22.714628219604492,22.714628219604492,22.637889319008888,22.714628219604492,6188,0.0,0.0
2017-03-29 00:00:00+08:00,23.67385974313091,23.67385974313091,22.829734802246094,22.829734802246094,2000,0.0,0.0
2017-03-30 00:00:00+08:00,22.139087782595276,23.2901668548584,22.139087782595276,23.2901668548584,17000,0.0,0.0
2017-03-31 00:00:00+08:00,22.637889862060547,22.637889862060547,22.637889862060547,22.637889862060547,9000,0.0,0.0
2017-04-05 00:00:00+08:00,22.637889862060547,22.637889862060547,22.407674618423975,22.637889862060547,7010,0.0,0.0
2017-04-06 00:00:00+08:00,22.446043014526367,22.446043014526367,22.446043014526367,22.446043014526367,1003,0.0,0.0
2017-04-07 00:00:00+08:00,22.446043337805797,22.714628764497014,22.446043337805797,22.637889862060547,18000,0.0,0.0
2017-04-10 00:00:00+08:00,22.637889038916292,22.637889038916292,22.484411239624023,22.484411239624023,16001,0.0,0.0
2017-04-11 00:00:00+08:00,22.484411239624023,22.484411239624023,22.484411239624023,22.484411239624023,0,0.0,0.0
2017-04-12 00:00:00+08:00,22.637889038916292,22.637889038916292,22.484411239624023,22.484411239624023,8001,0.0,0.0
2017-04-13 00:00:00+08:00,22.56114959716797,22.56114959716797,22.56114959716797,22.56114959716797,3000,0.0,0.0
2017-04-14 00:00:00+08:00,22.100717674027248,22.56114959716797,22.100717674027248,22.56114959716797,3000,0.0,0.0
2017-04-17 00:00:00+08:00,22.484411403940236,22.484411403940236,22.254196166992188,22.254196166992188,9000,0.0,0.0
2017-04-18 00:00:00+08:00,21.71702532921637,22.254196166992188,21.71702532921637,22.254196166992188,10007,0.0,0.0
2017-04-19 00:00:00+08:00,21.87050301418174,21.87050301418174,21.793764114379883,21.793764114379883,2009,0.0,0.0
2017-04-20 00:00:00+08:00,21.985610582410608,21.985610582410608,21.832134246826172,21.832134246826172,2000,0.0,0.0
2017-04-21 00:00:00+08:00,21.67865528379168,21.67865528379168,20.71942274911063,21.48680877685547,20007,0.0,0.0
2017-04-24 00:00:00+08:00,20.949637155500096,21.333330154418945,20.71942194161784,21.333330154418945,26089,0.0,0.0
2017-04-25 00:00:00+08:00,21.333330154418945,21.333330154418945,21.333330154418945,21.333330154418945,88,0.0,0.0
2017-04-26 00:00:00+08:00,21.52517831976963,21.640287399291992,21.52517831976963,21.640287399291992,15870,0.0,0.0
2017-04-27 00:00:00+08:00,21.640287399291992,21.640287399291992,21.640287399291992,21.640287399291992,299,0.0,0.0
2017-04-28 00:00:00+08:00,21.640287399291992,21.640287399291992,21.640287399291992,21.640287399291992,0,0.0,0.0
2017-05-02 00:00:00+08:00,20.949639618613816,21.755395889282227,20.949639618613816,21.755395889282227,2000,0.0,0.0
2017-05-03 00:00:00+08:00,21.17985632323599,21.755395889282227,20.719424377664446,21.755395889282227,20000,0.0,0.0
2017-05-04 00:00:00+08:00,21.755395889282227,21.755395889282227,21.755395889282227,21.755395889282227,2000,0.0,0.0
2017-05-05 00:00:00+08:00,21.755395889282227,21.755395889282227,21.755395889282227,21.755395889282227,0,0.0,0.0
2017-05-08 00:00:00+08:00,23.405275889513064,23.405275889513064,23.328536987304688,23.328536987304688,2367,0.0,0.0
2017-05-09 00:00:00+08:00,22.25419693538838,22.25419693538838,21.48681083416809,21.908872604370117,7062,0.0,0.0
2017-05-10 00:00:00+08:00,20.91127010652085,21.601917266845703,20.91127010652085,21.601917266845703,10714,0.0,0.0
2017-05-11 00:00:00+08:00,21.48680877685547,21.48680877685547,21.48680877685547,21.48680877685547,1000,0.0,0.0
2017-05-12 00:00:00+08:00,22.023977279663086,22.023977279663086,22.023977279663086,22.023977279663086,1000,0.0,0.0
2017-05-15 00:00:00+08:00,20.91127133031464,21.486810908213208,20.91127133031464,21.218225479125977,8000,0.0,0.0
2017-05-16 00:00:00+08:00,21.218225479125977,21.218225479125977,21.218225479125977,21.218225479125977,0,0.0,0.0
2017-05-17 00:00:00+08:00,21.448441638979904,21.448441638979904,21.103117315618842,21.294963836669922,3000,0.0,0.0
2017-05-18 00:00:00+08:00,21.218225479125977,21.218225479125977,21.218225479125977,21.218225479125977,1000,0.0,0.0
2017-05-19 00:00:00+08:00,21.218225479125977,21.218225479125977,21.218225479125977,21.218225479125977,0,0.0,0.0
2017-05-22 00:00:00+08:00,21.218225479125977,21.218225479125977,21.218225479125977,21.218225479125977,1000,0.0,0.0
2017-05-23 00:00:00+08:00,21.218225479125977,21.218225479125977,21.218225479125977,21.218225479125977,2000,0.0,0.0
2017-05-24 00:00:00+08:00,21.21822352436161,21.256593704223633,21.21822352436161,21.256593704223633,4000,0.0,0.0
2017-05-25 00:00:00+08:00,21.256593704223633,21.256593704223633,21.256593704223633,21.256593704223633,0,0.0,0.0
2017-05-26 00:00:00+08:00,21.256593704223633,21.256593704223633,20.872900687639614,21.256593704223633,5942,0.0,0.0
2017-05-31 00:00:00+08:00,20.757792671117137,21.103116989135742,20.757792671117137,21.103116989135742,2000,0.0,0.0
2017-06-01 00:00:00+08:00,21.41006851196289,21.41006851196289,21.41006851196289,21.41006851196289,1000,0.0,0.0
2017-06-02 00:00:00+08:00,21.41006851196289,21.41006851196289,21.41006851196289,21.41006851196289,0,0.0,0.0
2017-06-05 00:00:00+08:00,22.86810215009434,22.86810215009434,21.333330154418945,21.333330154418945,6000,0.0,0.0
2017-06-06 00:00:00+08:00,21.103116989135742,21.103116989135742,21.103116989135742,21.103116989135742,2000,0.0,0.0
2017-06-07 00:00:00+08:00,21.103116989135742,21.103116989135742,21.103116989135742,21.103116989135742,3000,0.0,0.0
2017-06-08 00:00:00+08:00,21.486810528230635,21.486810528230635,20.949639679555744,21.064748764038086,3000,0.0,0.0
2017-06-09 00:00:00+08:00,21.064748764038086,21.064748764038086,21.064748764038086,21.064748764038086,0,0.0,0.0
2017-06-12 00:00:00+08:00,21.064748764038086,21.064748764038086,21.064748764038086,21.064748764038086,0,0.0,0.0
2017-06-13 00:00:00+08:00,21.3717041015625,21.3717041015625,21.3717041015625,21.3717041015625,1000,0.0,0.0
2017-06-14 00:00:00+08:00,21.410072740869477,21.410072740869477,20.911272048950195,20.911272048950195,2000,0.0,0.0
2017-06-15 00:00:00+08:00,22.791366577148438,22.791366577148438,22.791366577148438,22.791366577148438,1222,0.0,0.0
2017-06-16 00:00:00+08:00,22.139089584350586,22.139089584350586,22.139089584350586,22.139089584350586,204,0.0,0.0
2017-06-19 00:00:00+08:00,21.870502471923828,21.870502471923828,21.870502471923828,21.870502471923828,11,0.0,0.0
2017-06-20 00:00:00+08:00,21.870502471923828,21.870502471923828,21.870502471923828,21.870502471923828,0,0.0,0.0
2017-06-21 00:00:00+08:00,21.14148570728324,21.14148570728324,21.103116989135742,21.103116989135742,5000,0.0,0.0
2017-06-22 00:00:00+08:00,21.103116989135742,21.103116989135742,21.103116989135742,21.103116989135742,222,0.0,0.0
2017-06-23 00:00:00+08:00,21.103116989135742,21.103116989135742,21.103116989135742,21.103116989135742,0,0.0,0.0
2017-06-26 00:00:00+08:00,21.103116989135742,21.103116989135742,21.103116989135742,21.103116989135742,2000,0.0,0.0
2017-06-27 00:00:00+08:00,21.1031169435087,21.793764114379883,21.1031169435087,21.793764114379883,2000,0.0,0.0
2017-06-28 00:00:00+08:00,21.064746903572644,21.064746903572644,21.026376724243164,21.026376724243164,9000,0.0,0.0
2017-06-29 00:00:00+08:00,21.026376724243164,21.026376724243164,21.026376724243164,21.026376724243164,1000,0.0,0.0
2017-06-30 00:00:00+08:00,21.17985725402832,21.17985725402832,21.17985725402832,21.17985725402832,1260,0.0,0.0
2017-07-03 00:00:00+08:00,21.17985725402832,21.17985725402832,21.17985725402832,21.17985725402832,4000,0.0,0.0
2017-07-04 00:00:00+08:00,21.17985730596915,21.17985730596915,21.14148712158203,21.14148712158203,7000,0.0,0.0
2017-07-05 00:00:00+08:00,21.17985730596915,21.17985730596915,21.14148712158203,21.14148712158203,6000,0.0,0.0
2017-07-06 00:00:00+08:00,21.14148712158203,21.14148712158203,21.14148712158203,21.14148712158203,0,0.0,0.0
2017-07-07 00:00:00+08:00,21.14148570728324,21.14148570728324,21.103116989135742,21.103116989135742,12000,0.0,0.0
2017-07-10 00:00:00+08:00,20.719423294067383,20.719423294067383,20.719423294067383,20.719423294067383,10125,0.0,0.0
2017-07-11 00:00:00+08:00,20.71942624964899,21.832136763340053,20.71942624964899,20.604318618774414,11078,0.0,0.0
2017-07-12 00:00:00+08:00,23.16461627271194,23.489733384027197,21.579668223414114,22.067344665527344,14716,1.5,0.0
2017-07-13 00:00:00+08:00,23.571013324028623,23.571013324028623,22.96141815185547,22.96141815185547,13000,0.0,0.0
2017-07-14 00:00:00+08:00,22.96141815185547,22.96141815185547,22.96141815185547,22.96141815185547,0,0.0,0.0
2017-07-17 00:00:00+08:00,22.96141815185547,22.96141815185547,22.96141815185547,22.96141815185547,3,0.0,0.0
2017-07-18 00:00:00+08:00,22.96141815185547,22.96141815185547,22.96141815185547,22.96141815185547,0,0.0,0.0
2017-07-19 00:00:00+08:00,22.96141815185547,22.96141815185547,22.96141815185547,22.96141815185547,0,0.0,0.0
2017-07-20 00:00:00+08:00,22.96141815185547,22.96141815185547,22.96141815185547,22.96141815185547,0,0.0,0.0
2017-07-21 00:00:00+08:00,21.66094885972858,22.270544052124023,21.620309800347847,22.270544052124023,3000,0.0,0.0
2017-07-24 00:00:00+08:00,22.270544052124023,22.270544052124023,22.270544052124023,22.270544052124023,0,0.0,0.0
2017-07-25 00:00:00+08:00,22.026704788208008,22.026704788208008,22.026704788208008,22.026704788208008,734,0.0,0.0
2017-07-26 00:00:00+08:00,22.026704788208008,22.026704788208008,22.026704788208008,22.026704788208008,0,0.0,0.0
2017-07-27 00:00:00+08:00,22.026704788208008,22.026704788208008,22.026704788208008,22.026704788208008,0,0.0,0.0
2017-07-28 00:00:00+08:00,22.026704788208008,22.026704788208008,22.026704788208008,22.026704788208008,0,0.0,0.0
2017-07-31 00:00:00+08:00,21.13263148729655,21.295190811157227,21.13263148729655,21.295190811157227,4000,0.0,0.0
2017-08-01 00:00:00+08:00,21.660948062724444,22.71758062083337,21.660948062724444,22.229904174804688,6000,0.0,0.0
2017-08-02 00:00:00+08:00,22.229904174804688,22.229904174804688,22.229904174804688,22.229904174804688,0,0.0,0.0
2017-08-03 00:00:00+08:00,22.229904174804688,22.229904174804688,22.229904174804688,22.229904174804688,0,0.0,0.0
2017-08-04 00:00:00+08:00,22.229904174804688,22.229904174804688,22.229904174804688,22.229904174804688,0,0.0,0.0
2017-08-07 00:00:00+08:00,20.76687562903074,21.620309829711914,20.76687562903074,21.620309829711914,29000,0.0,0.0
2017-08-08 00:00:00+08:00,21.823509216308594,21.823509216308594,21.823509216308594,21.823509216308594,1000,0.0,0.0
2017-08-09 00:00:00+08:00,22.758221764246258,22.758221764246258,22.71758270263672,22.71758270263672,5784,0.0,0.0
2017-08-10 00:00:00+08:00,22.71758270263672,22.71758270263672,22.71758270263672,22.71758270263672,0,0.0,0.0
2017-08-11 00:00:00+08:00,22.18926429748535,22.18926429748535,22.18926429748535,22.18926429748535,211,0.0,0.0
2017-08-14 00:00:00+08:00,22.18926429748535,22.18926429748535,22.18926429748535,22.18926429748535,0,0.0,0.0
2017-08-15 00:00:00+08:00,21.132631602654943,22.026704788208008,21.132631602654943,22.026704788208008,11000,0.0,0.0
2017-08-16 00:00:00+08:00,21.17327240992152,21.94542694091797,21.17327240992152,21.94542694091797,10000,0.0,0.0
2017-08-17 00:00:00+08:00,21.986066000325888,21.986066000325888,21.94542694091797,21.94542694091797,21000,0.0,0.0
2017-08-18 00:00:00+08:00,21.53902933619044,22.555021286010742,21.53902933619044,22.555021286010742,4000,0.0,0.0
2017-08-21 00:00:00+08:00,22.55502137828552,22.55502137828552,21.660948148729776,22.31118392944336,6445,0.0,0.0
2017-08-22 00:00:00+08:00,21.9454270102761,22.351823806762695,21.9454270102761,22.351823806762695,9000,0.0,0.0
2017-08-23 00:00:00+08:00,22.351823806762695,22.351823806762695,22.351823806762695,22.351823806762695,0,0.0,0.0
2017-08-24 00:00:00+08:00,21.9454270102761,22.351823806762695,21.9454270102761,22.351823806762695,12000,0.0,0.0
2017-08-25 00:00:00+08:00,22.351823806762695,22.351823806762695,22.351823806762695,22.351823806762695,0,0.0,0.0
2017-08-28 00:00:00+08:00,21.945427811733122,22.39246368408203,21.945427811733122,22.39246368408203,6000,0.0,0.0
2017-08-29 00:00:00+08:00,21.94542694091797,21.94542694091797,21.94542694091797,21.94542694091797,9000,0.0,0.0
2017-08-30 00:00:00+08:00,21.94542694091797,21.94542694091797,21.94542694091797,21.94542694091797,5000,0.0,0.0
2017-08-31 00:00:00+08:00,21.94542694091797,21.94542694091797,21.94542694091797,21.94542694091797,0,0.0,0.0
2017-09-01 00:00:00+08:00,21.94542694091797,21.94542694091797,21.94542694091797,21.94542694091797,10000,0.0,0.0
2017-09-04 00:00:00+08:00,21.94542694091797,21.94542694091797,21.94542694091797,21.94542694091797,0,0.0,0.0
2017-09-05 00:00:00+08:00,21.945427811733122,22.39246368408203,21.539031000404734,22.39246368408203,19000,0.0,0.0
2017-09-06 00:00:00+08:00,22.39246368408203,22.39246368408203,22.39246368408203,22.39246368408203,0,0.0,0.0
2017-09-07 00:00:00+08:00,22.758220672607422,22.758220672607422,22.758220672607422,22.758220672607422,5000,0.0,0.0
2017-09-08 00:00:00+08:00,22.758220672607422,22.758220672607422,22.758220672607422,22.758220672607422,0,0.0,0.0
2017-09-11 00:00:00+08:00,21.94542694091797,21.94542694091797,21.94542694091797,21.94542694091797,1000,0.0,0.0
2017-09-12 00:00:00+08:00,21.78286669953724,22.148624420166016,21.78286669953724,22.148624420166016,28413,0.0,0.0
2017-09-13 00:00:00+08:00,23.164617487802126,23.164617487802126,22.433103561401367,22.433103561401367,2000,0.0,0.0
2017-09-14 00:00:00+08:00,21.98606695328421,22.473743438720703,21.945427892114843,22.473743438720703,14776,0.0,0.0
2017-09-15 00:00:00+08:00,22.433103561401367,22.433103561401367,22.433103561401367,22.433103561401367,588,0.0,0.0
2017-09-18 00:00:00+08:00,22.433103561401367,22.433103561401367,22.433103561401367,22.433103561401367,0,0.0,0.0
2017-09-19 00:00:00+08:00,21.94542694091797,21.94542694091797,21.94542694091797,21.94542694091797,1418,0.0,0.0
2017-09-20 00:00:00+08:00,21.864145278930664,21.864145278930664,21.864145278930664,21.864145278930664,1000,0.0,0.0
2017-09-21 00:00:00+08:00,21.864145278930664,21.864145278930664,21.864145278930664,21.864145278930664,2001,0.0,0.0
2017-09-22 00:00:00+08:00,21.864145278930664,21.864145278930664,21.864145278930664,21.864145278930664,0,0.0,0.0
2017-09-25 00:00:00+08:00,21.86414727182138,21.94542694091797,21.53903014571578,21.94542694091797,26000,0.0,0.0
2017-09-26 00:00:00+08:00,21.94542694091797,21.94542694091797,21.94542694091797,21.94542694091797,0,0.0,0.0
2017-09-27 00:00:00+08:00,21.94542694091797,21.94542694091797,21.94542694091797,21.94542694091797,0,0.0,0.0
2017-09-28 00:00:00+08:00,21.782867602724796,21.94542694091797,21.132633350513597,21.94542694091797,22445,0.0,0.0
2017-09-29 00:00:00+08:00,21.539029165963147,21.74222755432129,21.539029165963147,21.74222755432129,12000,0.0,0.0
2017-10-02 00:00:00+08:00,23.24589720829234,23.24589720829234,23.16461753845215,23.16461753845215,7500,0.0,0.0
2017-10-03 00:00:00+08:00,23.16461753845215,23.16461753845215,23.16461753845215,23.16461753845215,0,0.0,0.0
2017-10-05 00:00:00+08:00,23.16461753845215,23.16461753845215,23.16461753845215,23.16461753845215,0,0.0,0.0
2017-10-06 00:00:00+08:00,23.16461753845215,23.16461753845215,23.16461753845215,23.16461753845215,0,0.0,0.0
2017-10-11 00:00:00+08:00,23.16461753845215,23.16461753845215,23.16461753845215,23.16461753845215,0,0.0,0.0
2017-10-12 00:00:00+08:00,22.270544052124023,22.270544052124023,22.270544052124023,22.270544052124023,445,0.0,0.0
2017-10-13 00:00:00+08:00,22.595661163330078,22.595661163330078,22.595661163330078,22.595661163330078,1000,0.0,0.0
2017-10-16 00:00:00+08:00,22.758220672607422,22.758220672607422,22.758220672607422,22.758220672607422,2566,0.0,0.0
2017-10-17 00:00:00+08:00,22.758220672607422,22.758220672607422,22.758220672607422,22.758220672607422,5668,0.0,0.0
2017-10-18 00:00:00+08:00,22.676939010620117,22.676939010620117,22.676939010620117,22.676939010620117,750,0.0,0.0
2017-10-19 00:00:00+08:00,22.676939010620117,22.676939010620117,22.676939010620117,22.676939010620117,0,0.0,0.0
2017-10-20 00:00:00+08:00,22.676939010620117,22.676939010620117,22.676939010620117,22.676939010620117,0,0.0,0.0
2017-10-23 00:00:00+08:00,22.676939010620117,22.676939010620117,22.676939010620117,22.676939010620117,0,0.0,0.0
2017-10-24 00:00:00+08:00,22.676939010620117,22.676939010620117,22.676939010620117,22.676939010620117,0,0.0,0.0
2017-10-25 00:00:00+08:00,22.676939010620117,22.676939010620117,22.676939010620117,22.676939010620117,0,0.0,0.0
2017-10-26 00:00:00+08:00,22.676939010620117,22.676939010620117,22.676939010620117,22.676939010620117,0,0.0,0.0
2017-10-27 00:00:00+08:00,22.676939010620117,22.676939010620117,22.676939010620117,22.676939010620117,0,0.0,0.0
2017-10-30 00:00:00+08:00,22.595661163330078,22.595661163330078,22.595661163330078,22.595661163330078,7000,0.0,0.0
2017-10-31 00:00:00+08:00,22.351823806762695,22.351823806762695,22.351823806762695,22.351823806762695,2000,0.0,0.0
2017-11-01 00:00:00+08:00,22.351823806762695,22.351823806762695,22.351823806762695,22.351823806762695,141,0.0,0.0
2017-11-02 00:00:00+08:00,22.351823806762695,22.351823806762695,22.351823806762695,22.351823806762695,0,0.0,0.0
2017-11-03 00:00:00+08:00,22.351823806762695,22.351823806762695,22.351823806762695,22.351823806762695,0,0.0,0.0
2017-11-06 00:00:00+08:00,22.351823806762695,22.351823806762695,22.189264468055757,22.351823806762695,26000,0.0,0.0
2017-11-07 00:00:00+08:00,22.06734384425471,22.06734384425471,22.026704788208008,22.026704788208008,11000,0.0,0.0
2017-11-08 00:00:00+08:00,22.026704788208008,22.026704788208008,22.026704788208008,22.026704788208008,0,0.0,0.0
2017-11-09 00:00:00+08:00,22.026704788208008,22.026704788208008,22.026704788208008,22.026704788208008,0,0.0,0.0
2017-11-10 00:00:00+08:00,22.026706610014553,22.026706610014553,21.82350821241346,21.94542694091797,31419,0.0,0.0
2017-11-13 00:00:00+08:00,21.904787881510046,21.94542694091797,21.86414727182138,21.94542694091797,15000,0.0,0.0
2017-11-14 00:00:00+08:00,21.782867573997617,22.595661163330078,21.620309786299572,22.595661163330078,51093,0.0,0.0
2017-11-15 00:00:00+08:00,22.595661399851547,23.16461753845215,22.595661399851547,23.16461753845215,37224,0.0,0.0
2017-11-16 00:00:00+08:00,22.636303029136815,22.71758270263672,22.351824947027573,22.71758270263672,10150,0.0,0.0
2017-11-17 00:00:00+08:00,22.71758270263672,22.71758270263672,22.71758270263672,22.71758270263672,0,0.0,0.0
2017-11-20 00:00:00+08:00,22.351823940611723,23.16461753845215,22.351823940611723,23.16461753845215,6000,0.0,0.0
2017-11-21 00:00:00+08:00,22.35182387488229,22.758220672607422,22.35182387488229,22.758220672607422,5983,0.0,0.0
2017-11-22 00:00:00+08:00,22.75821884766124,23.16461561279805,22.514381408691406,22.514381408691406,38000,0.0,0.0
2017-11-23 00:00:00+08:00,22.555021286010742,22.555021286010742,22.555021286010742,22.555021286010742,7000,0.0,0.0
2017-11-24 00:00:00+08:00,22.555021286010742,22.555021286010742,22.555021286010742,22.555021286010742,949,0.0,0.0
2017-11-27 00:00:00+08:00,22.31118400713955,23.04269790649414,22.31118400713955,23.04269790649414,14000,0.0,0.0
2017-11-28 00:00:00+08:00,23.123976657997336,23.24589537801793,22.758218947654914,22.920778274536133,24532,0.0,0.0
2017-11-29 00:00:00+08:00,21.986066039365305,23.571014163580422,21.986066039365305,23.002058029174805,36000,0.0,0.0
2017-11-30 00:00:00+08:00,23.40845297748648,23.571012303137607,23.083335876464844,23.083335876464844,49001,0.0,0.0
2017-12-01 00:00:00+08:00,23.083337767365517,23.40845489501953,23.083337767365517,23.40845489501953,5126,0.0,0.0
2017-12-04 00:00:00+08:00,23.00205809788183,23.40845489501953,23.00205809788183,23.40845489501953,4100,0.0,0.0
2017-12-05 00:00:00+08:00,23.40845489501953,23.40845489501953,23.40845489501953,23.40845489501953,5000,0.0,0.0
2017-12-06 00:00:00+08:00,23.327173233032227,23.327173233032227,23.327173233032227,23.327173233032227,1000,0.0,0.0
2017-12-07 00:00:00+08:00,23.40845489501953,23.40845489501953,23.40845489501953,23.40845489501953,1000,0.0,0.0
2017-12-08 00:00:00+08:00,23.40845489501953,23.40845489501953,23.40845489501953,23.40845489501953,0,0.0,0.0
2017-12-11 00:00:00+08:00,23.48973283345436,23.571012496948242,23.48973283345436,23.571012496948242,10000,0.0,0.0
2017-12-12 00:00:00+08:00,23.489734649658203,23.489734649658203,23.489734649658203,23.489734649658203,2000,0.0,0.0
2017-12-13 00:00:00+08:00,23.733572006225586,23.733572006225586,23.733572006225586,23.733572006225586,2000,0.0,0.0
2017-12-14 00:00:00+08:00,23.733572006225586,23.733572006225586,23.733572006225586,23.733572006225586,0,0.0,0.0
2017-12-15 00:00:00+08:00,23.733572006225586,23.733572006225586,23.733572006225586,23.733572006225586,0,0.0,0.0
2017-12-18 00:00:00+08:00,23.571012496948242,23.571012496948242,23.571012496948242,23.571012496948242,1,0.0,0.0
2017-12-19 00:00:00+08:00,23.571012496948242,23.571012496948242,23.571012496948242,23.571012496948242,0,0.0,0.0
2017-12-20 00:00:00+08:00,23.245895385742188,23.245895385742188,23.245895385742188,23.245895385742188,1198,0.0,0.0
2017-12-21 00:00:00+08:00,23.28653444233568,23.28653444233568,23.245895385742188,23.245895385742188,11000,0.0,0.0
2017-12-22 00:00:00+08:00,23.245895385742188,23.245895385742188,23.245895385742188,23.245895385742188,2000,0.0,0.0
2017-12-25 00:00:00+08:00,23.571012496948242,23.571012496948242,23.571012496948242,23.571012496948242,14000,0.0,0.0
2017-12-26 00:00:00+08:00,23.571012496948242,23.571012496948242,23.571012496948242,23.571012496948242,13005,0.0,0.0
2017-12-27 00:00:00+08:00,23.571012496948242,23.571012496948242,23.571012496948242,23.571012496948242,0,0.0,0.0
2017-12-28 00:00:00+08:00,23.936772190742477,24.343168991602074,23.936772190742477,24.302528381347656,17000,0.0,0.0
2017-12-29 00:00:00+08:00,25.074683242864925,25.074683242864925,24.9527645111084,24.9527645111084,2000,0.0,0.0
2018-01-02 00:00:00+08:00,24.9527645111084,24.9527645111084,24.9527645111084,24.9527645111084,0,0.0,0.0
2018-01-03 00:00:00+08:00,24.9527645111084,24.9527645111084,24.9527645111084,24.9527645111084,0,0.0,0.0
2018-01-04 00:00:00+08:00,24.9527645111084,24.993403571600314,24.871484839843784,24.9527645111084,9000,0.0,0.0
2018-01-05 00:00:00+08:00,25.034042632092227,25.034042632092227,24.9527645111084,24.9527645111084,33000,0.0,0.0
2018-01-08 00:00:00+08:00,24.952762520978357,25.846834182739258,24.952762520978357,25.846834182739258,7000,0.0,0.0
2018-01-09 00:00:00+08:00,24.830842244016587,25.19659996032715,24.830842244016587,25.19659996032715,3000,0.0,0.0
2018-01-10 00:00:00+08:00,25.521717069113947,25.521717069113947,25.19659996032715,25.19659996032715,28000,0.0,0.0
2018-01-11 00:00:00+08:00,25.03403866785807,25.4404354095459,25.03403866785807,25.4404354095459,41661,0.0,0.0
2018-01-12 00:00:00+08:00,25.19659996032715,25.19659996032715,25.19659996032715,25.19659996032715,3001,0.0,0.0
2018-01-15 00:00:00+08:00,25.19659996032715,25.19659996032715,25.19659996032715,25.19659996032715,1000,0.0,0.0
2018-01-16 00:00:00+08:00,25.19659996032715,25.359159289860877,25.19659996032715,25.19659996032715,4000,0.0,0.0
2018-01-17 00:00:00+08:00,26.009391468021075,26.009391468021075,25.237237038701984,25.4404354095459,13000,0.0,0.0
2018-01-18 00:00:00+08:00,25.359159469604492,25.359159469604492,25.196600138918555,25.359159469604492,40000,0.0,0.0
2018-01-19 00:00:00+08:00,25.359158567860963,25.887474048382938,25.318517961494276,25.56235694885254,415825,0.0,0.0
2018-01-22 00:00:00+08:00,25.359159294608098,26.00939351230342,25.359159294608098,25.846834182739258,5000,0.0,0.0
2018-01-23 00:00:00+08:00,27.472420502339357,27.472420502339357,25.399797635402738,25.887474060058594,34500,0.0,0.0
2018-01-24 00:00:00+08:00,25.806194397569183,25.887474060058594,25.196599254319516,25.887474060058594,6000,0.0,0.0
2018-01-25 00:00:00+08:00,25.887474060058594,25.887474060058594,25.887474060058594,25.887474060058594,0,0.0,0.0
2018-01-26 00:00:00+08:00,25.887474060058594,25.887474060058594,25.887474060058594,25.887474060058594,0,0.0,0.0
2018-01-29 00:00:00+08:00,25.155960083007812,25.155960083007812,25.155960083007812,25.155960083007812,1000,0.0,0.0
2018-01-30 00:00:00+08:00,24.465086000519932,26.09067153930664,24.465086000519932,26.09067153930664,4000,0.0,0.0
2018-01-31 00:00:00+08:00,26.0093936920166,26.0093936920166,26.0093936920166,26.0093936920166,500,0.0,0.0
2018-02-01 00:00:00+08:00,26.0093936920166,26.0093936920166,26.0093936920166,26.0093936920166,0,0.0,0.0
2018-02-02 00:00:00+08:00,25.237239915478476,25.64363670349121,25.19660085678949,25.64363670349121,3000,0.0,0.0
2018-02-05 00:00:00+08:00,25.19659996032715,25.19659996032715,25.19659996032715,25.19659996032715,480,0.0,0.0
2018-02-06 00:00:00+08:00,24.38380641321982,25.19659996032715,24.38380641321982,25.19659996032715,11000,0.0,0.0
2018-02-07 00:00:00+08:00,24.38380650111607,26.293870103478962,24.38380650111607,25.602996826171875,3000,0.0,0.0
2018-02-08 00:00:00+08:00,25.196599962715585,25.521717071533203,25.196599962715585,25.521717071533203,2000,0.0,0.0
2018-02-09 00:00:00+08:00,25.521717071533203,25.521717071533203,25.521717071533203,25.521717071533203,0,0.0,0.0
2018-02-12 00:00:00+08:00,26.009394414716926,26.334513085125458,26.009394414716926,26.29387092590332,15000,0.0,0.0
2018-02-21 00:00:00+08:00,26.090671807079616,26.090671807079616,25.602996915578842,26.0093936920166,23000,0.0,0.0
2018-02-22 00:00:00+08:00,26.0093936920166,26.0093936920166,26.0093936920166,26.0093936920166,0,0.0,0.0
2018-02-23 00:00:00+08:00,26.0093936920166,26.0093936920166,26.0093936920166,26.0093936920166,1000,0.0,0.0
2018-02-26 00:00:00+08:00,28.6103338720654,28.6103338720654,26.415790644558996,26.822187423706055,191500,0.0,0.0
2018-02-27 00:00:00+08:00,27.147304882047496,27.147304882047496,26.090670822725166,26.45642852783203,13500,0.0,0.0
2018-03-01 00:00:00+08:00,25.27787891680893,26.009392778652405,25.27787891680893,25.887474060058594,6000,0.0,0.0
2018-03-02 00:00:00+08:00,25.887474060058594,25.887474060058594,25.887474060058594,25.887474060058594,1000,0.0,0.0
2018-03-05 00:00:00+08:00,25.277879716213125,25.84683427107077,25.196600051153272,25.602996826171875,14047,0.0,0.0
2018-03-06 00:00:00+08:00,25.602996826171875,25.602996826171875,25.602996826171875,25.602996826171875,3000,0.0,0.0
2018-03-07 00:00:00+08:00,25.56235776878228,25.602996826171875,25.56235776878228,25.602996826171875,4000,0.0,0.0
2018-03-08 00:00:00+08:00,25.602996826171875,25.602996826171875,25.602996826171875,25.602996826171875,0,0.0,0.0
2018-03-09 00:00:00+08:00,25.846835195317396,25.846835195317396,25.196600952148437,25.399799346923828,13000,0.0,0.0
2018-03-12 00:00:00+08:00,25.399799346923828,25.399799346923828,25.399799346923828,25.399799346923828,1000,0.0,0.0
2018-03-13 00:00:00+08:00,25.399799346923828,25.399799346923828,25.399799346923828,25.399799346923828,0,0.0,0.0
2018-03-14 00:00:00+08:00,25.602997004199175,25.76555633544922,25.602997004199175,25.76555633544922,2000,0.0,0.0
2018-03-15 00:00:00+08:00,25.76555633544922,25.76555633544922,25.76555633544922,25.76555633544922,0,0.0,0.0
2018-03-16 00:00:00+08:00,25.602997004199175,25.76555633544922,25.602997004199175,25.76555633544922,13000,0.0,0.0
2018-03-19 00:00:00+08:00,25.684276580810547,25.765556246153878,25.684276580810547,25.684276580810547,3000,0.0,0.0
2018-03-20 00:00:00+08:00,25.64363670349121,25.684277312460914,25.64363670349121,25.64363670349121,3000,0.0,0.0
2018-03-21 00:00:00+08:00,25.64363670349121,25.64363670349121,25.64363670349121,25.64363670349121,0,0.0,0.0
2018-03-22 00:00:00+08:00,25.399799346923828,25.399799346923828,25.399799346923828,25.399799346923828,2000,0.0,0.0
2018-03-23 00:00:00+08:00,25.196599242955454,25.56235694885254,25.196599242955454,25.56235694885254,2600,0.0,0.0
2018-03-26 00:00:00+08:00,25.56235694885254,25.56235694885254,25.56235694885254,25.56235694885254,0,0.0,0.0
2018-03-27 00:00:00+08:00,25.237238220306292,25.806194305419922,25.237238220306292,25.806194305419922,2000,0.0,0.0
2018-03-28 00:00:00+08:00,25.399799346923828,25.399799346923828,25.399799346923828,25.399799346923828,1000,0.0,0.0
2018-03-29 00:00:00+08:00,25.399799346923828,25.399799346923828,25.399799346923828,25.399799346923828,0,0.0,0.0
2018-03-30 00:00:00+08:00,25.19659996032715,25.19659996032715,25.19659996032715,25.19659996032715,2047,0.0,0.0
2018-04-02 00:00:00+08:00,25.76555633544922,25.76555633544922,25.76555633544922,25.76555633544922,2000,0.0,0.0
2018-04-03 00:00:00+08:00,25.64363670349121,25.64363670349121,25.64363670349121,25.64363670349121,2000,0.0,0.0
2018-04-09 00:00:00+08:00,25.64363670349121,25.64363670349121,25.64363670349121,25.64363670349121,66,0.0,0.0
2018-04-10 00:00:00+08:00,25.602996826171875,25.602996826171875,25.602996826171875,25.602996826171875,3000,0.0,0.0
2018-04-11 00:00:00+08:00,27.634981667433372,27.634981667433372,26.009394510525528,26.050033569335938,21750,0.0,0.0
2018-04-12 00:00:00+08:00,26.009392778652405,26.0500318347568,25.887474060058594,25.887474060058594,7000,0.0,0.0
2018-04-13 00:00:00+08:00,26.497068583517375,27.147305906266865,26.0093936920166,26.0093936920166,41075,0.0,0.0
2018-04-16 00:00:00+08:00,26.415789552437243,26.781547258660158,26.21259117126465,26.21259117126465,10356,0.0,0.0
2018-04-17 00:00:00+08:00,24.46508439106422,27.066022632298743,24.46508439106422,26.25322914123535,16000,0.0,0.0
2018-04-18 00:00:00+08:00,26.57834997633009,26.822187423706055,26.537710918527658,26.822187423706055,28000,0.0,0.0
2018-04-19 00:00:00+08:00,26.822187423706055,26.822187423706055,26.415790644558996,26.822187423706055,10000,0.0,0.0
2018-04-20 00:00:00+08:00,26.09067153930664,26.09067153930664,26.09067153930664,26.09067153930664,1000,0.0,0.0
2018-04-23 00:00:00+08:00,26.09067153930664,26.09067153930664,26.09067153930664,26.09067153930664,0,0.0,0.0
2018-04-24 00:00:00+08:00,26.009394510525528,26.050033569335938,25.440438385495494,26.050033569335938,8000,0.0,0.0
2018-04-25 00:00:00+08:00,26.375151586756562,26.903465539310922,26.0906719810168,26.822187423706055,21075,0.0,0.0
2018-04-26 00:00:00+08:00,26.740909951089087,26.822188068648295,26.17195382649032,26.700267791748047,20000,0.0,0.0
2018-04-27 00:00:00+08:00,26.78154754638672,26.78154754638672,26.78154754638672,26.78154754638672,3000,0.0,0.0
2018-04-30 00:00:00+08:00,28.447774637490028,28.447774637490028,26.578350067138672,26.578350067138672,5000,0.0,0.0
2018-05-02 00:00:00+08:00,24.22124741705259,26.822187423706055,24.22124741705259,26.822187423706055,12000,0.0,0.0
2018-05-03 00:00:00+08:00,26.497068760163863,26.822187423706055,26.497068760163863,26.822187423706055,7500,0.0,0.0
2018-05-04 00:00:00+08:00,26.82218652022512,27.0253849029541,26.090671102176294,27.0253849029541,19000,0.0,0.0
2018-05-07 00:00:00+08:00,26.984747108363813,27.147306442260742,26.293870714442217,27.147306442260742,7000,0.0,0.0
2018-05-08 00:00:00+08:00,27.228584111499135,27.228584111499135,26.82218733371557,27.066024780273438,6000,0.0,0.0
2018-05-09 00:00:00+08:00,26.86282648150849,26.86282648150849,26.65962809193496,26.822187423706055,8121,0.0,0.0
2018-05-10 00:00:00+08:00,29.504404067993164,29.504404067993164,29.504404067993164,29.504404067993164,118400,0.0,0.0
2018-05-11 00:00:00+08:00,32.43046569824219,32.43046569824219,32.43046569824219,32.43046569824219,62168,0.0,0.0
2018-05-14 00:00:00+08:00,35.640995025634766,35.640995025634766,35.640995025634766,35.640995025634766,21230,0.0,0.0
2018-05-15 00:00:00+08:00,39.17665100097656,39.17665100097656,39.17665100097656,39.17665100097656,44533,0.0,0.0
2018-05-16 00:00:00+08:00,43.07806084774256,43.07806084774256,38.28257736220321,40.59904098510742,739880,0.0,0.0
2018-05-17 00:00:00+08:00,42.18398486294337,42.996778381685544,41.04607269647984,42.59038162231445,157626,0.0,0.0
2018-05-18 00:00:00+08:00,43.07805833192629,45.92283576894029,41.85886800177743,43.48445510864258,241647,0.0,0.0
2018-05-21 00:00:00+08:00,43.32189700022103,43.32189700022103,39.17665100097656,39.17665100097656,161275,0.0,0.0
2018-05-22 00:00:00+08:00,42.26526656240787,43.078060150146484,42.26526656240787,43.078060150146484,550722,0.0,0.0
2018-05-23 00:00:00+08:00,40.7209570727637,41.452472534179684,39.42048858642578,40.639678955078125,228175,0.0,0.0
2018-05-24 00:00:00+08:00,40.63967879937619,41.046075587369955,39.5830477707047,39.82688522338867,365002,0.0,0.0
2018-05-25 00:00:00+08:00,39.90816405961835,40.6396795314083,39.90816405961835,40.11136245727539,74000,0.0,0.0
2018-05-28 00:00:00+08:00,40.59903789455961,41.45247049042673,40.233280181884766,40.233280181884766,90000,0.0,0.0
2018-05-29 00:00:00+08:00,40.59903844447052,44.13468914690782,40.59903844447052,42.671661376953125,212553,0.0,0.0
2018-05-30 00:00:00+08:00,42.59038162231445,43.48445325270636,42.2652629745931,42.59038162231445,84553,0.0,0.0
2018-05-31 00:00:00+08:00,42.671661892452754,45.110042572021484,42.26526511252463,45.110042572021484,464154,0.0,0.0
2018-06-01 00:00:00+08:00,48.6050527199586,48.76761204689383,46.32923144454914,46.491790771484375,772648,0.0,0.0
2018-06-04 00:00:00+08:00,45.5977193255713,47.38586585022461,44.70364761352539,44.70364761352539,312000,0.0,0.0
2018-06-05 00:00:00+08:00,45.51644141487679,45.51644141487679,44.215972900390625,44.215972900390625,93392,0.0,0.0
2018-06-06 00:00:00+08:00,44.94748520828736,45.84156002361955,44.622369630444155,45.516441345214844,159000,0.0,0.0
2018-06-07 00:00:00+08:00,47.14202646613961,47.14202646613961,45.51643934661756,45.760276794433594,255000,0.0,0.0
2018-06-08 00:00:00+08:00,45.76027625217434,45.76027625217434,43.72829237685078,43.972129821777344,104000,0.0,0.0
2018-06-11 00:00:00+08:00,41.45247251334112,42.50910354552968,39.66432602010431,41.289913177490234,311467,0.0,0.0
2018-06-12 00:00:00+08:00,41.28991134788235,42.26526421920708,40.39583969116211,40.39583969116211,143000,0.0,0.0
2018-06-13 00:00:00+08:00,40.80223938533262,41.85887044639136,39.826886444139355,40.59904098510742,41000,0.0,0.0
2018-06-14 00:00:00+08:00,40.720953103577486,41.452468493690596,40.39583756396365,41.127349853515625,70200,0.0,0.0
2018-06-15 00:00:00+08:00,41.61503187011229,41.61503187011229,40.23328216552734,40.639678955078125,37467,0.0,0.0
2018-06-19 00:00:00+08:00,40.964795629528794,42.50910149418563,40.639676973516146,41.533748626708984,105594,0.0,0.0
2018-06-20 00:00:00+08:00,41.20863723754883,41.77759339281313,40.47712173784306,41.20863723754883,43000,0.0,0.0
2018-06-21 00:00:00+08:00,41.53374916166768,41.53374916166768,41.127352386698085,41.371192932128906,34066,0.0,0.0
2018-06-22 00:00:00+08:00,41.45247288499642,41.45247288499642,40.477119961707736,40.96479797363281,25000,0.0,0.0
2018-06-25 00:00:00+08:00,40.96479797363281,40.96479797363281,40.639679299016095,40.96479797363281,18000,0.0,0.0
2018-06-26 00:00:00+08:00,40.6396805887639,40.7209587097168,40.51776030677298,40.7209587097168,5064,0.0,0.0
2018-06-27 00:00:00+08:00,40.59904436253661,40.6396834258501,39.8268897573331,38.648338317871094,48000,0.0,0.0
2018-06-28 00:00:00+08:00,40.24294560500268,41.50184899284495,39.907236754288654,40.1170539855957,41000,1.5,0.0
2018-06-29 00:00:00+08:00,40.03312825814737,40.32687110050665,39.90723663910376,40.284908294677734,10575,0.0,0.0
2018-07-02 00:00:00+08:00,39.31975044029926,39.52956768534153,37.892995735257465,38.27066421508789,81199,0.0,0.0
2018-07-03 00:00:00+08:00,38.60637020534939,38.60637020534939,36.96979517589821,37.7671012878418,48000,0.0,0.0
2018-07-04 00:00:00+08:00,37.7671012878418,37.7671012878418,37.7671012878418,37.7671012878418,0,0.0,0.0
2018-07-05 00:00:00+08:00,37.263543438167126,38.060846396058146,37.05372619628906,37.05372619628906,31000,0.0,0.0
2018-07-06 00:00:00+08:00,36.927832483016296,37.599246978759766,36.927832483016296,37.599246978759766,11075,0.0,0.0
2018-07-09 00:00:00+08:00,37.599246978759766,37.599246978759766,37.599246978759766,37.599246978759766,0,0.0,0.0
2018-07-10 00:00:00+08:00,37.8090667911271,38.43851852416992,37.8090667911271,38.43851852416992,6000,0.0,0.0
2018-07-11 00:00:00+08:00,38.10281168914727,38.10281168914727,37.80906563510773,37.85102844238281,6000,0.0,0.0
2018-07-12 00:00:00+08:00,37.892995735257465,38.396555842736085,37.76710410760926,38.27066421508789,9000,0.0,0.0
2018-07-13 00:00:00+08:00,38.18673718158541,38.18673718158541,37.51532266266013,38.018882751464844,9000,0.0,0.0
2018-07-16 00:00:00+08:00,38.01888242152684,38.102811236637244,37.09568786621094,37.09568786621094,27000,0.0,0.0
2018-07-17 00:00:00+08:00,37.599247950645626,37.68317676575603,37.09568786621094,37.09568786621094,15075,0.0,0.0
2018-07-18 00:00:00+08:00,37.09568915347301,37.515323638916016,36.17249136456417,37.515323638916016,42000,0.0,0.0
2018-07-19 00:00:00+08:00,37.515323638916016,37.515323638916016,37.515323638916016,37.515323638916016,1000,0.0,0.0
2018-07-20 00:00:00+08:00,36.9278347189844,37.515323638916016,36.9278347189844,37.515323638916016,46257,0.0,0.0
2018-07-23 00:00:00+08:00,36.92783128830376,37.011756896972656,36.75997686940921,37.011756896972656,17029,0.0,0.0
2018-07-24 00:00:00+08:00,38.27066267456266,38.27066267456266,38.186737060546875,38.186737060546875,3000,0.0,0.0
2018-07-25 00:00:00+08:00,38.186737060546875,38.186737060546875,38.186737060546875,38.186737060546875,0,0.0,0.0
2018-07-26 00:00:00+08:00,38.43851939835985,38.43851939835985,37.137653094131096,38.102813720703125,8100,0.0,0.0
2018-07-27 00:00:00+08:00,37.76710484148925,38.102813720703125,37.43139596227538,38.102813720703125,16003,0.0,0.0
2018-07-30 00:00:00+08:00,37.76710368987041,37.76710368987041,36.9278347189844,37.515323638916016,26000,0.0,0.0
2018-07-31 00:00:00+08:00,38.186738471264206,38.43851852416992,37.431395110989996,38.43851852416992,3000,0.0,0.0
2018-08-01 00:00:00+08:00,39.529563602359524,39.529563602359524,39.23582077026367,39.23582077026367,6000,0.0,0.0
2018-08-02 00:00:00+08:00,39.02600502381579,39.02600502381579,38.186736098572446,38.6902961730957,5000,0.0,0.0
2018-08-03 00:00:00+08:00,38.94208014927835,38.94208014927835,37.89299397285983,38.52244567871094,11000,0.0,0.0
2018-08-06 00:00:00+08:00,37.9769212269166,38.43851852416992,37.9769212269166,38.43851852416992,2375,0.0,0.0
2018-08-07 00:00:00+08:00,39.31975044029926,39.31975044029926,38.27066421508789,38.27066421508789,4000,0.0,0.0
2018-08-08 00:00:00+08:00,38.2706599658855,38.94207763671875,38.2706599658855,38.94207763671875,3002,0.0,0.0
2018-08-09 00:00:00+08:00,38.816187792504955,39.277785061077424,38.27066171047403,38.6902961730957,18000,0.0,0.0
2018-08-10 00:00:00+08:00,39.026008340589385,39.026008340589385,38.27066496305189,38.73226547241211,15000,0.0,0.0
2018-08-13 00:00:00+08:00,37.93495433202561,38.94207763671875,37.59924549660899,38.94207763671875,15000,0.0,0.0
2018-08-14 00:00:00+08:00,37.809066397580025,38.816189800277,37.809066397580025,38.31262969970703,13000,0.0,0.0
2018-08-15 00:00:00+08:00,38.56441116333008,38.56441116333008,38.56441116333008,38.56441116333008,1750,0.0,0.0
2018-08-16 00:00:00+08:00,38.01888490012109,38.102813720703125,36.927835845011714,38.102813720703125,46000,0.0,0.0
2018-08-17 00:00:00+08:00,38.186737060546875,38.186737060546875,37.76710258735405,38.186737060546875,8000,0.0,0.0
2018-08-20 00:00:00+08:00,38.18673933972802,38.18673933972802,37.347470343250485,38.102813720703125,9060,0.0,0.0
2018-08-21 00:00:00+08:00,37.76710151936147,37.76710151936147,37.34746705803523,37.431392669677734,9000,0.0,0.0
2018-08-22 00:00:00+08:00,37.431392669677734,37.431392669677734,37.431392669677734,37.431392669677734,0,0.0,0.0
2018-08-23 00:00:00+08:00,37.179615181179486,38.31263022534201,37.179615181179486,38.27066421508789,13000,0.0,0.0
2018-08-24 00:00:00+08:00,37.59924925538179,37.59924925538179,37.515323638916016,37.515323638916016,2628,0.0,0.0
2018-08-27 00:00:00+08:00,37.473359975350064,37.85102844238281,37.30550554469275,37.85102844238281,15000,0.0,0.0
2018-08-28 00:00:00+08:00,37.76710230536131,37.89299392700195,37.179613406966524,37.89299392700195,7000,0.0,0.0
2018-08-29 00:00:00+08:00,37.85102803840158,37.85102803840158,37.22157633132246,37.72513961791992,7000,0.0,0.0
2018-08-30 00:00:00+08:00,37.89299392700195,37.89299392700195,37.89299392700195,37.89299392700195,2000,0.0,0.0
2018-08-31 00:00:00+08:00,37.26354245855356,37.55728530883789,37.1796136430745,37.55728530883789,14000,0.0,0.0
2018-09-03 00:00:00+08:00,37.89299544336449,38.10281268679053,37.347469329833984,37.347469329833984,9000,0.0,0.0
2018-09-04 00:00:00+08:00,39.44564283444433,39.44564283444433,37.51532478285742,38.102813720703125,10000,0.0,0.0
2018-09-05 00:00:00+08:00,37.30550652146019,37.43139494658157,37.30550652146019,37.347469329833984,9000,0.0,0.0
2018-09-06 00:00:00+08:00,37.22157669067383,37.55728555164653,37.13765107620914,37.22157669067383,15372,0.0,0.0
2018-09-07 00:00:00+08:00,36.927831179234886,37.17961120605469,36.927831179234886,37.17961120605469,21000,0.0,0.0
2018-09-10 00:00:00+08:00,36.92783457053941,37.05372619628906,36.92783457053941,37.05372619628906,24000,0.0,0.0
2018-09-11 00:00:00+08:00,36.759979127921476,36.927833557128906,36.298381848768756,36.927833557128906,37001,0.0,0.0
2018-09-12 00:00:00+08:00,36.92783128830376,37.011756896972656,36.92783128830376,37.011756896972656,9000,0.0,0.0
2018-09-13 00:00:00+08:00,39.86527629520582,39.86527629520582,38.60637283325195,38.60637283325195,4000,0.0,0.0
2018-09-14 00:00:00+08:00,39.44564077015454,39.44564077015454,37.55728562690246,38.4804801940918,6203,0.0,0.0
2018-09-17 00:00:00+08:00,37.85102844238281,37.85102844238281,37.85102844238281,37.85102844238281,1000,0.0,0.0
2018-09-18 00:00:00+08:00,38.354590233917286,38.39655303955078,38.354590233917286,38.39655303955078,4000,0.0,0.0
2018-09-19 00:00:00+08:00,38.60637129220165,38.60637129220165,37.76710235106683,38.52244567871094,6000,0.0,0.0
2018-09-20 00:00:00+08:00,38.52244567871094,38.52244567871094,38.52244567871094,38.52244567871094,0,0.0,0.0
2018-09-21 00:00:00+08:00,37.64121120445041,37.85102844238281,37.30550554469275,37.85102844238281,4000,0.0,0.0
2018-09-25 00:00:00+08:00,37.347469329833984,37.347469329833984,37.17961489478174,37.347469329833984,6047,0.0,0.0
2018-09-26 00:00:00+08:00,37.76710371318177,38.144775390625,37.76710371318177,38.144775390625,2000,0.0,0.0
2018-09-27 00:00:00+08:00,37.51532478285742,38.102813720703125,37.43139596227538,38.102813720703125,4000,0.0,0.0
2018-09-28 00:00:00+08:00,37.22157669067383,37.22157669067383,37.22157669067383,37.22157669067383,1036,0.0,0.0
2018-10-01 00:00:00+08:00,37.221576407074195,37.515322458576435,36.927833557128906,36.927833557128906,13475,0.0,0.0
2018-10-02 00:00:00+08:00,36.17248800405666,37.011756896972656,36.17248800405666,37.011756896972656,33000,0.0,0.0
2018-10-03 00:00:00+08:00,37.34746819265977,37.38943099975586,36.84390810439276,37.38943099975586,13000,0.0,0.0
2018-10-04 00:00:00+08:00,36.75997765905992,37.51532095953274,36.75997765905992,37.473358154296875,14000,0.0,0.0
2018-10-05 00:00:00+08:00,36.843909510046096,38.27066421508789,36.843909510046096,38.27066421508789,3000,0.0,0.0
2018-10-08 00:00:00+08:00,38.27066421508789,38.27066421508789,38.27066421508789,38.27066421508789,1000,0.0,0.0
2018-10-09 00:00:00+08:00,36.8858705585476,37.89299392700195,36.8858705585476,37.89299392700195,2000,0.0,0.0
2018-10-11 00:00:00+08:00,36.92783327125529,38.06084505690967,36.634090423583984,36.634090423583984,565000,0.0,0.0
2018-10-12 00:00:00+08:00,36.63409094770995,36.92783379958385,36.466236517400446,36.592124938964844,34000,0.0,0.0
2018-10-15 00:00:00+08:00,36.59212352270843,37.7671012878418,36.5081979115804,37.7671012878418,15000,0.0,0.0
2018-10-16 00:00:00+08:00,37.7671012878418,37.7671012878418,37.7671012878418,37.7671012878418,0,0.0,0.0
2018-10-17 00:00:00+08:00,36.927834863820785,37.97692108154297,36.927834863820785,37.97692108154297,6000,0.0,0.0
2018-10-18 00:00:00+08:00,37.93495559692383,37.93495559692383,37.93495559692383,37.93495559692383,240,0.0,0.0
2018-10-19 00:00:00+08:00,36.969796683378114,37.85102844238281,36.969796683378114,37.85102844238281,4000,0.0,0.0
2018-10-22 00:00:00+08:00,37.095689030021546,37.68317794799805,36.92783459609154,37.68317794799805,3585,0.0,0.0
2018-10-23 00:00:00+08:00,37.68317794799805,37.68317794799805,37.68317794799805,37.68317794799805,0,0.0,0.0
2018-10-24 00:00:00+08:00,36.92783201290358,36.92783201290358,36.84390640258789,36.84390640258789,3000,0.0,0.0
2018-10-25 00:00:00+08:00,37.05372619628906,37.05372619628906,37.05372619628906,37.05372619628906,1000,0.0,0.0
2018-10-26 00:00:00+08:00,36.50820008678328,37.05372619628906,36.50820008678328,37.05372619628906,10000,0.0,0.0
2018-10-29 00:00:00+08:00,36.214453624940454,36.256416428828786,36.08856201171875,36.08856201171875,35000,0.0,0.0
2018-10-30 00:00:00+08:00,36.08856201171875,36.08856201171875,36.08856201171875,36.08856201171875,5000,0.0,0.0
2018-10-31 00:00:00+08:00,35.71089156411485,36.67605209350586,35.71089156411485,36.67605209350586,5000,0.0,0.0
2018-11-01 00:00:00+08:00,36.718014898793115,36.75997770408037,36.67605209350586,36.67605209350586,11000,0.0,0.0
2018-11-02 00:00:00+08:00,36.88586818094332,38.43851433945986,36.6340881554483,36.718013763427734,6000,0.0,0.0
2018-11-05 00:00:00+08:00,36.50819778442383,36.50819778442383,36.50819778442383,36.50819778442383,2000,0.0,0.0
2018-11-06 00:00:00+08:00,37.26354217529297,37.26354217529297,37.26354217529297,37.26354217529297,1000,0.0,0.0
2018-11-07 00:00:00+08:00,36.6760537935394,37.22157669067383,36.6760537935394,37.22157669067383,3000,0.0,0.0
2018-11-08 00:00:00+08:00,37.683174572550854,37.683174572550854,36.42427123317686,37.011756896972656,11000,0.0,0.0
2018-11-09 00:00:00+08:00,36.96979522705078,36.96979522705078,36.96979522705078,36.96979522705078,2400000,0.0,0.0
2018-11-12 00:00:00+08:00,36.34034365157031,36.843906925278766,36.34034365157031,36.80194091796875,14000,0.0,0.0
2018-11-13 00:00:00+08:00,37.011756896972656,37.011756896972656,37.011756896972656,37.011756896972656,1000,0.0,0.0
2018-11-14 00:00:00+08:00,36.927833557128906,36.927833557128906,36.927833557128906,36.927833557128906,2001,0.0,0.0
2018-11-15 00:00:00+08:00,36.17248760055483,36.885868072509766,36.17248760055483,36.885868072509766,2000,0.0,0.0
2018-11-16 00:00:00+08:00,36.50819684184576,37.011756896972656,36.214454009947865,37.011756896972656,6000,0.0,0.0
2018-11-19 00:00:00+08:00,37.05372619628906,37.05372619628906,37.05372619628906,37.05372619628906,2000,0.0,0.0
2018-11-20 00:00:00+08:00,37.05372619628906,37.05372619628906,37.05372619628906,37.05372619628906,2000,0.0,0.0
2018-11-21 00:00:00+08:00,36.17248761949541,36.92783089571221,36.08856201171875,36.08856201171875,23000,0.0,0.0
2018-11-22 00:00:00+08:00,35.66892756972202,36.08856201171875,35.66892756972202,36.08856201171875,5000,0.0,0.0
2018-11-23 00:00:00+08:00,35.66892623901367,35.66892623901367,35.66892623901367,35.66892623901367,3000,0.0,0.0
2018-11-26 00:00:00+08:00,36.214454650878906,36.214454650878906,36.214454650878906,36.214454650878906,1000,0.0,0.0
2018-11-27 00:00:00+08:00,36.214454650878906,36.214454650878906,36.214454650878906,36.214454650878906,0,0.0,0.0
2018-11-28 00:00:00+08:00,36.214454650878906,36.214454650878906,36.214454650878906,36.214454650878906,0,0.0,0.0
2018-11-29 00:00:00+08:00,35.66892998050861,36.46623611450195,35.66892998050861,36.46623611450195,3000,0.0,0.0
2018-11-30 00:00:00+08:00,35.79481939925334,35.79481939925334,35.75285339355469,35.75285339355469,2000,0.0,0.0
2018-12-03 00:00:00+08:00,36.08856428493814,36.508198753367644,35.4171497757623,36.004638671875,20000,0.0,0.0
2018-12-04 00:00:00+08:00,35.66893033444791,38.018882751464844,35.66893033444791,38.018882751464844,13000,0.0,0.0
2018-12-05 00:00:00+08:00,36.08856488761566,37.767102789365225,36.08856488761566,37.22157669067383,10000,0.0,0.0
2018-12-06 00:00:00+08:00,37.179613600161574,37.683176887783866,36.34034465568138,36.927833557128906,8000,0.0,0.0
2018-12-07 00:00:00+08:00,36.927833557128906,36.927833557128906,36.927833557128906,36.927833557128906,4000,0.0,0.0
2018-12-10 00:00:00+08:00,36.08856361549451,36.80194091796875,36.08856361549451,36.80194091796875,3000,0.0,0.0
2018-12-11 00:00:00+08:00,36.80194091796875,36.80194091796875,36.80194091796875,36.80194091796875,0,0.0,0.0
2018-12-12 00:00:00+08:00,36.927833319042534,37.26354217529297,36.927833319042534,37.26354217529297,6000,0.0,0.0
2018-12-13 00:00:00+08:00,37.26354217529297,37.26354217529297,37.26354217529297,37.26354217529297,0,0.0,0.0
2018-12-14 00:00:00+08:00,37.13764840184418,37.17961120605469,37.13764840184418,37.17961120605469,5070,0.0,0.0
2018-12-17 00:00:00+08:00,36.508198966665844,37.09568786621094,36.508198966665844,37.09568786621094,4000,0.0,0.0
2018-12-18 00:00:00+08:00,35.794819269427094,36.88586818094332,35.794819269427094,36.718013763427734,5000,0.0,0.0
2018-12-19 00:00:00+08:00,36.718013763427734,36.718013763427734,36.718013763427734,36.718013763427734,2532000,0.0,0.0
2018-12-20 00:00:00+08:00,36.718013763427734,36.718013763427734,36.718013763427734,36.718013763427734,0,0.0,0.0
2018-12-21 00:00:00+08:00,37.011756896972656,37.011756896972656,37.011756896972656,37.011756896972656,5000,0.0,0.0
2018-12-24 00:00:00+08:00,36.08856199282212,36.885868072509766,36.08856199282212,36.885868072509766,2000,0.0,0.0
2018-12-25 00:00:00+08:00,36.67605209350586,36.67605209350586,36.67605209350586,36.67605209350586,297,0.0,0.0
2018-12-26 00:00:00+08:00,36.67605209350586,36.67605209350586,36.67605209350586,36.67605209350586,222,0.0,0.0
2018-12-27 00:00:00+08:00,36.67605209350586,36.67605209350586,36.67605209350586,36.67605209350586,1000,0.0,0.0
2018-12-28 00:00:00+08:00,36.67605209350586,36.67605209350586,36.67605209350586,36.67605209350586,0,0.0,0.0
2019-01-02 00:00:00+08:00,35.41714859008789,35.41714859008789,35.41714859008789,35.41714859008789,3000,0.0,0.0
2019-01-03 00:00:00+08:00,35.66892623901367,35.66892623901367,35.417146223520184,35.66892623901367,7000,0.0,0.0
2019-01-04 00:00:00+08:00,35.66892623901367,35.66892623901367,35.66892623901367,35.66892623901367,0,0.0,0.0
2019-01-07 00:00:00+08:00,35.66892623901367,35.66892623901367,35.66892623901367,35.66892623901367,0,0.0,0.0
2019-01-08 00:00:00+08:00,35.66892623901367,35.66892623901367,35.66892623901367,35.66892623901367,0,0.0,0.0
2019-01-09 00:00:00+08:00,35.66892623901367,35.66892623901367,35.66892623901367,35.66892623901367,2000,0.0,0.0
2019-01-10 00:00:00+08:00,35.66892623901367,35.66892623901367,35.66892623901367,35.66892623901367,0,0.0,0.0
2019-01-11 00:00:00+08:00,35.66892623901367,35.66892623901367,35.66892623901367,35.66892623901367,0,0.0,0.0
2019-01-14 00:00:00+08:00,35.66892623901367,35.66892623901367,35.66892623901367,35.66892623901367,0,0.0,0.0
2019-01-15 00:00:00+08:00,35.66892623901367,35.66892623901367,35.66892623901367,35.66892623901367,0,0.0,0.0
2019-01-16 00:00:00+08:00,35.12340266366525,35.24929428100586,35.08143985840399,35.24929428100586,7000,0.0,0.0
2019-01-17 00:00:00+08:00,35.24929428100586,35.24929428100586,35.24929428100586,35.24929428100586,0,0.0,0.0
2019-01-18 00:00:00+08:00,33.864497912299,34.99751281738281,33.864497912299,34.99751281738281,6000,0.0,0.0
2019-01-21 00:00:00+08:00,34.997511484821,35.37518310546875,34.2421682435255,35.37518310546875,7000,0.0,0.0
2019-01-22 00:00:00+08:00,34.619842529296875,34.619842529296875,34.619842529296875,34.619842529296875,1000,0.0,0.0
2019-01-23 00:00:00+08:00,34.99751281738281,34.99751281738281,34.99751281738281,34.99751281738281,2000,0.0,0.0
2019-01-24 00:00:00+08:00,35.08143956218174,35.08143956218174,34.41002507900041,34.95555114746094,3000,0.0,0.0
2019-01-25 00:00:00+08:00,35.03947716652678,35.08143997192383,35.03947716652678,35.08143997192383,2300,0.0,0.0
2019-01-28 00:00:00+08:00,35.501073172040925,35.501073172040925,34.45198706647496,35.291255950927734,3075,0.0,0.0
2019-01-29 00:00:00+08:00,35.24929428100586,35.41714870360773,35.24929428100586,35.24929428100586,6000,0.0,0.0
2019-01-30 00:00:00+08:00,35.24929428100586,35.24929428100586,35.24929428100586,35.24929428100586,1000,0.0,0.0
2019-02-11 00:00:00+08:00,34.45198676661394,35.58500167169775,34.32609835597575,34.99751281738281,7000,0.0,0.0
2019-02-12 00:00:00+08:00,34.70376791490575,34.95555114746094,34.49395068881428,34.95555114746094,3000,0.0,0.0
2019-02-13 00:00:00+08:00,34.99751281738281,34.99751281738281,34.99751281738281,34.99751281738281,1000,0.0,0.0
2019-02-14 00:00:00+08:00,33.90646674529536,34.82966130653248,33.90646674529536,34.70376968383789,6000,0.0,0.0
2019-02-15 00:00:00+08:00,33.99039077758789,34.32609962144605,33.99039077758789,33.99039077758789,3000,0.0,0.0
2019-02-18 00:00:00+08:00,34.787696838378906,34.787696838378906,34.787696838378906,34.787696838378906,1000,0.0,0.0
2019-02-19 00:00:00+08:00,33.864499160751876,34.284133614796175,33.864499160751876,33.99039077758789,8000,0.0,0.0
2019-02-20 00:00:00+08:00,33.82253533460147,34.703767021179914,33.57075531008716,33.864498138427734,14000,0.0,0.0
2019-02-21 00:00:00+08:00,33.864499160751876,33.99039077758789,33.864499160751876,33.99039077758789,8168,0.0,0.0
2019-02-22 00:00:00+08:00,34.158246223098566,34.158246223098566,34.11628341674805,34.11628341674805,2086,0.0,0.0
2019-02-25 00:00:00+08:00,34.074317932128906,35.16537012333942,34.074317932128906,34.074317932128906,5055,0.0,0.0
2019-02-26 00:00:00+08:00,34.074317932128906,34.074317932128906,34.074317932128906,34.074317932128906,1551,0.0,0.0
2019-02-27 00:00:00+08:00,35.207333721123845,35.207333721123845,34.28413593871421,34.535919189453125,8000,0.0,0.0
2019-03-04 00:00:00+08:00,34.535918413744255,34.535918413744255,34.074317932128906,34.074317932128906,4000,0.0,0.0
2019-03-05 00:00:00+08:00,34.0743166346105,35.08143997192383,34.0743166346105,35.08143997192383,3000,0.0,0.0
2019-03-06 00:00:00+08:00,35.16537131965743,35.16537131965743,34.41002796182384,34.661808013916016,4020,0.0,0.0
2019-03-07 00:00:00+08:00,33.99039077758789,33.99039077758789,33.99039077758789,33.99039077758789,1000,0.0,0.0
2019-03-08 00:00:00+08:00,33.99039077758789,33.99039077758789,33.99039077758789,33.99039077758789,0,0.0,0.0
2019-03-11 00:00:00+08:00,32.102034380481506,33.31897488619671,32.102034380481506,32.94130325317383,19002,0.0,0.0
2019-03-12 00:00:00+08:00,33.73860948958581,35.920707288766955,33.57075507390495,35.79481887817383,26328,0.0,0.0
2019-03-13 00:00:00+08:00,37.599246970369286,37.64120977605198,35.92070913060675,36.172489166259766,12000,0.0,0.0
2019-03-14 00:00:00+08:00,37.34746533770894,37.515319754818975,35.83678198683206,36.08856201171875,13000,0.0,0.0
2019-03-15 00:00:00+08:00,35.87874619791127,36.50819788559392,34.9135856628418,34.9135856628418,14000,0.0,0.0
2019-03-18 00:00:00+08:00,34.8296598252796,35.24929428100586,34.4519881748146,35.24929428100586,10000,0.0,0.0
2019-03-19 00:00:00+08:00,34.74573410338927,35.41714859008789,34.74573410338927,35.41714859008789,8000,0.0,0.0
2019-03-20 00:00:00+08:00,35.45910923009983,35.45910923009983,34.997511998776716,35.33321762084961,4250,0.0,0.0
2019-03-21 00:00:00+08:00,37.347469329833984,37.347469329833984,37.347469329833984,37.347469329833984,1552,0.0,0.0
2019-03-22 00:00:00+08:00,37.17960953353116,37.17960953353116,35.66892623901367,35.66892623901367,6000,0.0,0.0
2019-03-25 00:00:00+08:00,35.66892623901367,35.66892623901367,35.66892623901367,35.66892623901367,679,0.0,0.0
2019-03-26 00:00:00+08:00,34.7457319818329,36.508195301996274,34.7457319818329,35.33321762084961,9250,0.0,0.0
2019-03-27 00:00:00+08:00,35.33321762084961,35.33321762084961,35.33321762084961,35.33321762084961,450,0.0,0.0
2019-03-28 00:00:00+08:00,34.24216843949781,35.03947448730469,34.24216843949781,35.03947448730469,13000,0.0,0.0
2019-03-29 00:00:00+08:00,35.03947448730469,35.03947448730469,35.03947448730469,35.03947448730469,1000,0.0,0.0
2019-04-01 00:00:00+08:00,34.74573167042896,35.03947448730469,34.74573167042896,35.03947448730469,2000,0.0,0.0
2019-04-02 00:00:00+08:00,35.03947448730469,35.03947448730469,35.03947448730469,35.03947448730469,1221,0.0,0.0
2019-04-03 00:00:00+08:00,35.039474599501666,35.66892623901367,35.039474599501666,35.66892623901367,4000,0.0,0.0
2019-04-08 00:00:00+08:00,35.66892623901367,35.66892623901367,35.66892623901367,35.66892623901367,2000,0.0,0.0
2019-04-09 00:00:00+08:00,35.7528528730861,35.79481887817383,35.668927266024006,35.79481887817383,13000,0.0,0.0
2019-04-10 00:00:00+08:00,36.256418712621326,36.256418712621326,36.004638671875,36.004638671875,5000,0.0,0.0
2019-04-11 00:00:00+08:00,36.50819778442383,36.50819778442383,36.50819778442383,36.50819778442383,2222,0.0,0.0
2019-04-12 00:00:00+08:00,34.829657592590145,37.72513579180354,34.829657592590145,36.130523681640625,9000,0.0,0.0
2019-04-15 00:00:00+08:00,36.172488937967316,36.59212339525954,36.130526132549456,36.50819778442383,4651,0.0,0.0
2019-04-16 00:00:00+08:00,36.50819778442383,36.50819778442383,36.50819778442383,36.50819778442383,0,0.0,0.0
2019-04-17 00:00:00+08:00,35.50107473027974,36.80194091796875,35.50107473027974,36.80194091796875,4000,0.0,0.0
2019-04-18 00:00:00+08:00,37.26353975032578,37.26353975032578,35.291255950927734,35.291255950927734,9000,0.0,0.0
2019-04-19 00:00:00+08:00,35.24929546473598,35.83678436279297,35.24929546473598,35.83678436279297,4008,0.0,0.0
2019-04-22 00:00:00+08:00,35.66892909495375,36.172489166259766,34.955551793677415,36.172489166259766,7000,0.0,0.0
2019-04-23 00:00:00+08:00,36.172489166259766,36.172489166259766,36.172489166259766,36.172489166259766,0,0.0,0.0
2019-04-24 00:00:00+08:00,36.172489166259766,36.172489166259766,36.172489166259766,36.172489166259766,0,0.0,0.0
2019-04-25 00:00:00+08:00,36.172489166259766,36.172489166259766,36.172489166259766,36.172489166259766,1000,0.0,0.0
2019-04-26 00:00:00+08:00,36.172489166259766,36.172489166259766,36.172489166259766,36.172489166259766,0,0.0,0.0
2019-04-29 00:00:00+08:00,34.82966017507248,36.172489166259766,34.82966017507248,36.172489166259766,3047,0.0,0.0
2019-04-30 00:00:00+08:00,35.03947689937881,36.214454650878906,35.03947689937881,36.214454650878906,2000,0.0,0.0
2019-05-02 00:00:00+08:00,36.214455058692806,36.3403434753418,36.214455058692806,36.3403434753418,7000,0.0,0.0
2019-05-03 00:00:00+08:00,36.29838180541992,36.29838180541992,36.29838180541992,36.29838180541992,1000,0.0,0.0
2019-05-06 00:00:00+08:00,35.24929423660981,36.046600341796875,35.08143981421936,36.046600341796875,9036,0.0,0.0
2019-05-07 00:00:00+08:00,35.83678085629387,35.87874365885841,34.95554919621218,35.33321762084961,9000,0.0,0.0
2019-05-08 00:00:00+08:00,34.82966257655615,34.82966257655615,34.41002808768198,34.493953704833984,15183,0.0,0.0
2019-05-09 00:00:00+08:00,34.91358529586262,35.92070862588029,33.61271912863666,33.99039077758789,20000,0.0,0.0
2019-05-10 00:00:00+08:00,33.57075498409754,35.165367126464844,33.57075498409754,35.165367126464844,3000,0.0,0.0
2019-05-13 00:00:00+08:00,34.41002655029297,34.41002655029297,33.61272041674309,34.41002655029297,3000,0.0,0.0
2019-05-14 00:00:00+08:00,33.99039062681748,34.95555114746094,33.15112172245161,34.95555114746094,8001,0.0,0.0
2019-05-15 00:00:00+08:00,34.41002655029297,34.91358663382083,34.41002655029297,34.41002655029297,7030,0.0,0.0
2019-05-16 00:00:00+08:00,34.82966114174452,34.82966114174452,34.24217224121094,34.24217224121094,11000,0.0,0.0
2019-05-17 00:00:00+08:00,35.20733297305928,35.24929578010516,34.07431797347887,34.70376968383789,8115,0.0,0.0
2019-05-20 00:00:00+08:00,35.1653676474429,35.1653676474429,34.11628153864755,35.1234016418457,5000,0.0,0.0
2019-05-21 00:00:00+08:00,34.32610093689064,34.41002655029297,33.73861203840352,34.41002655029297,5000,0.0,0.0
2019-05-22 00:00:00+08:00,36.38230514526367,36.38230514526367,36.38230514526367,36.38230514526367,1115,0.0,0.0
2019-05-23 00:00:00+08:00,34.20020825235847,35.08143997192383,34.20020825235847,35.08143997192383,7000,0.0,0.0
2019-05-24 00:00:00+08:00,34.61984505682635,34.61984505682635,34.20021057128906,34.20021057128906,24000,0.0,0.0
2019-05-27 00:00:00+08:00,34.20021057128906,34.20021057128906,34.20021057128906,34.20021057128906,0,0.0,0.0
2019-05-28 00:00:00+08:00,33.61271912863666,33.99039077758789,33.61271912863666,33.99039077758789,2000,0.0,0.0
2019-05-29 00:00:00+08:00,33.99039077758789,33.99039077758789,33.99039077758789,33.99039077758789,0,0.0,0.0
2019-05-30 00:00:00+08:00,33.990392359387116,34.70376968383789,33.82253792964666,34.70376968383789,5680,0.0,0.0
2019-05-31 00:00:00+08:00,33.82253605821508,33.990390478668004,33.57075602831408,33.69664764404297,7680,0.0,0.0
2019-06-03 00:00:00+08:00,33.44486339299183,33.57075500488281,33.44486339299183,33.57075500488281,13000,0.0,0.0
2019-06-04 00:00:00+08:00,33.48683166503906,33.48683166503906,33.48683166503906,33.48683166503906,2200,0.0,0.0
2019-06-05 00:00:00+08:00,33.19308463432245,34.787696838378906,33.19308463432245,34.787696838378906,9270,0.0,0.0
2019-06-06 00:00:00+08:00,33.65468329629395,34.4100266247777,33.61272048950195,33.61272048950195,13000,0.0,0.0
2019-06-10 00:00:00+08:00,33.48682961211064,33.780572439658904,33.23504638671875,33.23504638671875,35000,0.0,0.0
2019-06-11 00:00:00+08:00,33.780573479034615,35.2492940650796,33.360939025878906,33.360939025878906,117666,0.0,0.0
2019-06-12 00:00:00+08:00,32.73148712760623,33.69664764404297,32.73148712760623,33.69664764404297,6009,0.0,0.0
2019-06-13 00:00:00+08:00,33.23504617421131,33.57075500488281,33.151120567321776,33.57075500488281,13000,0.0,0.0
2019-06-14 00:00:00+08:00,32.81541306736544,33.48683075593546,32.81541306736544,33.193084716796875,5000,0.0,0.0
2019-06-17 00:00:00+08:00,33.5707563235436,33.99039077758789,33.5707563235436,33.99039077758789,5667,0.0,0.0
2019-06-18 00:00:00+08:00,33.48683075593546,34.200208048095085,33.193084716796875,33.193084716796875,137688,0.0,0.0
2019-06-19 00:00:00+08:00,33.151120567321776,33.57075500488281,33.151120567321776,33.57075500488281,22216,0.0,0.0
2019-06-20 00:00:00+08:00,33.57075854266063,34.24217307320244,33.193086868744295,33.277015686035156,27000,0.0,0.0
2019-06-21 00:00:00+08:00,33.31897849390208,33.57075854266063,33.277015686035156,33.277015686035156,50000,0.0,0.0
2019-06-24 00:00:00+08:00,33.3609401623908,33.99039186356798,33.31897735595703,33.31897735595703,132334,0.0,0.0
2019-06-25 00:00:00+08:00,33.360937999414695,33.360937999414695,33.23504638671875,33.23504638671875,11000,0.0,0.0
2019-06-26 00:00:00+08:00,33.235048779757186,33.27701478804867,32.98326873779297,32.98326873779297,132557,0.0,0.0
2019-06-27 00:00:00+08:00,33.277014668182105,33.44486589451568,32.9832686189845,33.151123046875,32391,0.0,0.0
2019-06-28 00:00:00+08:00,33.15112198010621,34.41002534643936,33.15112198010621,33.82253646850586,16000,0.0,0.0
2019-07-01 00:00:00+08:00,34.185245871146655,34.185245871146655,33.822536315860745,33.86787414550781,29000,3.0,0.0
2019-07-02 00:00:00+08:00,34.0945666502323,34.23058359781901,34.00389099121094,34.00389099121094,5600,0.0,0.0
2019-07-03 00:00:00+08:00,33.64118143701615,34.00389099121094,33.64118143701615,34.00389099121094,3000,0.0,0.0
2019-07-04 00:00:00+08:00,34.003891505481135,34.003891505481135,33.64118194580078,33.64118194580078,2000,0.0,0.0
2019-07-05 00:00:00+08:00,33.73186137329321,33.73186137329321,33.550506591796875,33.550506591796875,39000,0.0,0.0
2019-07-08 00:00:00+08:00,33.550506591796875,33.550506591796875,33.550506591796875,33.550506591796875,0,0.0,0.0
2019-07-09 00:00:00+08:00,33.777195214176466,33.777195214176466,33.59584045410156,33.59584045410156,12000,0.0,0.0
2019-07-10 00:00:00+08:00,34.00389170983658,34.00389170983658,33.6865234375,33.6865234375,7000,0.0,0.0
2019-07-11 00:00:00+08:00,33.595843909668474,33.91321563720703,33.55050607975002,33.91321563720703,28271,0.0,0.0
2019-07-12 00:00:00+08:00,33.64118225301767,33.64118225301767,33.550506591796875,33.550506591796875,7000,0.0,0.0
2019-07-15 00:00:00+08:00,33.913214778699455,34.27592086791992,33.913214778699455,34.27592086791992,10000,0.0,0.0
2019-07-16 00:00:00+08:00,34.04922912696239,34.04922912696239,33.55050607975002,33.91321563720703,24225,0.0,0.0
2019-07-17 00:00:00+08:00,33.731860253319574,34.094566345214844,33.459829819634464,34.094566345214844,18000,0.0,0.0
2019-07-18 00:00:00+08:00,33.64118194580078,33.64118194580078,33.64118194580078,33.64118194580078,1000,0.0,0.0
2019-07-19 00:00:00+08:00,33.59584442240727,33.59584442240727,33.550506591796875,33.550506591796875,11000,0.0,0.0
2019-07-22 00:00:00+08:00,33.77719889544459,33.77719889544459,33.36915150556788,33.64118194580078,17000,0.0,0.0
2019-07-23 00:00:00+08:00,33.64118194580078,33.64118194580078,33.45983062501532,33.64118194580078,8000,0.0,0.0
2019-07-24 00:00:00+08:00,33.64118256189966,33.64118256189966,33.45983123779297,33.45983123779297,25000,0.0,0.0
2019-07-25 00:00:00+08:00,33.73186111450195,33.73186111450195,33.73186111450195,33.73186111450195,1000,0.0,0.0
2019-07-26 00:00:00+08:00,33.82253677502708,34.09456721565719,33.73186111450195,33.73186111450195,5000,0.0,0.0
2019-07-29 00:00:00+08:00,33.73186111450195,33.73186111450195,33.73186111450195,33.73186111450195,0,0.0,0.0
2019-07-30 00:00:00+08:00,33.550506591796875,33.550506591796875,33.550506591796875,33.550506591796875,1000,0.0,0.0
2019-07-31 00:00:00+08:00,33.550506591796875,33.550506591796875,33.550506591796875,33.550506591796875,0,0.0,0.0
2019-08-01 00:00:00+08:00,33.73186106524823,33.73186106524823,33.64118194580078,33.64118194580078,11250,0.0,0.0
2019-08-02 00:00:00+08:00,34.4119389456046,34.4119389456046,33.73186111450195,33.73186111450195,4296,0.0,0.0
2019-08-05 00:00:00+08:00,34.09456690667066,34.23058385528041,33.55050603034106,33.82253646850586,83857,0.0,0.0
2019-08-06 00:00:00+08:00,33.82253989241213,34.185249486052626,33.64118509559189,34.13991165161133,12000,0.0,0.0
2019-08-07 00:00:00+08:00,34.27592357465742,34.91066360473633,34.13991007760436,34.91066360473633,14189,0.0,0.0
2019-08-08 00:00:00+08:00,34.91066360473633,34.91066360473633,34.91066360473633,34.91066360473633,0,0.0,0.0
2019-08-12 00:00:00+08:00,34.910660091612336,34.910660091612336,34.1852444698313,34.819984436035156,10000,0.0,0.0
2019-08-13 00:00:00+08:00,34.41194053076536,34.91066360473633,34.36660269841434,34.91066360473633,9000,0.0,0.0
2019-08-14 00:00:00+08:00,35.137353094164325,35.137353094164325,34.54795094896296,34.593292236328125,6000,0.0,0.0
2019-08-15 00:00:00+08:00,34.81998398543538,34.955997467041016,34.23058185464747,34.955997467041016,49000,0.0,0.0
2019-08-16 00:00:00+08:00,35.00133843587052,35.36404800415039,34.729307989188015,35.36404800415039,8250,0.0,0.0
2019-08-19 00:00:00+08:00,35.273372650146484,35.273372650146484,35.273372650146484,35.273372650146484,4030,0.0,0.0
2019-08-20 00:00:00+08:00,35.22802968334994,36.45217183446901,35.22802968334994,36.08946228027344,61140,0.0,0.0
2019-08-21 00:00:00+08:00,36.270816802978516,36.814877671401334,36.08946202715269,36.270816802978516,14000,0.0,0.0
2019-08-22 00:00:00+08:00,35.99878636876711,36.633526354630156,35.99878636876711,36.270816802978516,41000,0.0,0.0
2019-08-23 00:00:00+08:00,36.270816802978516,36.270816802978516,36.13479985634549,36.270816802978516,7000,0.0,0.0
2019-08-26 00:00:00+08:00,36.270816955359834,36.270816955359834,36.22547912597656,36.22547912597656,4000,0.0,0.0
2019-08-27 00:00:00+08:00,36.22547897378572,36.270816802978516,36.18014114459292,36.270816802978516,61000,0.0,0.0
2019-08-28 00:00:00+08:00,36.27081710812305,36.27081710812305,36.18014144897461,36.18014144897461,23000,0.0,0.0
2019-08-29 00:00:00+08:00,36.18014144897461,36.27081710812305,36.089462330771504,36.18014144897461,17001,0.0,0.0
2019-08-30 00:00:00+08:00,37.35894210322791,37.35894210322791,36.13479995727539,36.13479995727539,64754,0.0,0.0
2019-09-02 00:00:00+08:00,36.18014114459292,36.45217157880433,36.18014114459292,36.270816802978516,10000,0.0,0.0
2019-09-03 00:00:00+08:00,36.18014114459292,36.270816802978516,36.08946202715269,36.270816802978516,27000,0.0,0.0
2019-09-04 00:00:00+08:00,36.22547912597656,36.22547912597656,36.22547912597656,36.22547912597656,1000,0.0,0.0
2019-09-05 00:00:00+08:00,36.18014170490394,36.18014170490394,35.99878692626953,35.99878692626953,6000,0.0,0.0
2019-09-06 00:00:00+08:00,36.27081710812305,36.27081710812305,36.04412450119728,36.18014144897461,36000,0.0,0.0
2019-09-10 00:00:00+08:00,36.40683374961154,36.45217157880433,36.13479985634549,36.270816802978516,26788,0.0,0.0
2019-09-11 00:00:00+08:00,36.270816802978516,36.270816802978516,36.08946202715269,36.270816802978516,40491,0.0,0.0
2019-09-12 00:00:00+08:00,36.089461230540316,36.72420120239258,36.044123402348276,36.72420120239258,3000,0.0,0.0
2019-09-16 00:00:00+08:00,36.18014139834966,36.18014139834966,36.08946228027344,36.08946228027344,4289,0.0,0.0
2019-09-17 00:00:00+08:00,38.49240493774414,38.49240493774414,38.49240493774414,38.49240493774414,1000,0.0,0.0
2019-09-18 00:00:00+08:00,36.31615447998047,36.31615447998047,36.31615447998047,36.31615447998047,1000,0.0,0.0
2019-09-19 00:00:00+08:00,36.45217092444143,36.678863525390625,36.316153980250085,36.678863525390625,26879,0.0,0.0
2019-09-20 00:00:00+08:00,36.678863525390625,36.678863525390625,36.678863525390625,36.678863525390625,0,0.0,0.0
2019-09-23 00:00:00+08:00,36.72420135376955,36.72420135376955,36.678863525390625,36.678863525390625,3000,0.0,0.0
2019-09-24 00:00:00+08:00,36.542849545599196,37.13225173950195,36.542849545599196,37.13225173950195,16000,0.0,0.0
2019-09-25 00:00:00+08:00,37.13225173950195,37.13225173950195,37.13225173950195,37.13225173950195,0,0.0,0.0
2019-09-26 00:00:00+08:00,37.268264817059105,37.358943939208984,37.17758915396405,37.358943939208984,12075,0.0,0.0
2019-09-27 00:00:00+08:00,37.40428177075651,37.40428177075651,37.358943939208984,37.358943939208984,11000,0.0,0.0
2019-10-01 00:00:00+08:00,37.358943939208984,37.358943939208984,37.358943939208984,37.358943939208984,1000,0.0,0.0
2019-10-02 00:00:00+08:00,37.630973557378944,38.08435878096182,37.630973557378944,37.81232833862305,14269,0.0,0.0
2019-10-03 00:00:00+08:00,37.72164835611791,38.17503356933594,37.72164835611791,38.17503356933594,4000,0.0,0.0
2019-10-04 00:00:00+08:00,37.90300585861976,38.94579330762439,37.72165106848136,38.900455474853516,21000,0.0,0.0
2019-10-07 00:00:00+08:00,40.71399332599143,40.71399332599143,39.89789856267842,40.53263854980469,7000,0.0,0.0
2019-10-08 00:00:00+08:00,40.305947331062775,40.305947331062775,38.80977469986459,39.80722427368164,8198,0.0,0.0
2019-10-09 00:00:00+08:00,39.71654510498047,39.71654510498047,39.71654510498047,39.71654510498047,1000,0.0,0.0
2019-10-14 00:00:00+08:00,38.17503519362473,39.444515228271484,38.17503519362473,39.444515228271484,12000,0.0,0.0
2019-10-15 00:00:00+08:00,39.62586627613014,39.62586627613014,39.308494567871094,39.308494567871094,2000,0.0,0.0
2019-10-16 00:00:00+08:00,40.48730264666381,40.48730264666381,39.444515228271484,39.444515228271484,8000,0.0,0.0
2019-10-17 00:00:00+08:00,38.99112999576262,39.444515228271484,38.99112999576262,39.444515228271484,2097,0.0,0.0
2019-10-18 00:00:00+08:00,39.44451538288717,39.44451538288717,39.39917755126953,39.39917755126953,3002,0.0,0.0
2019-10-21 00:00:00+08:00,39.39917755126953,39.39917755126953,39.39917755126953,39.39917755126953,0,0.0,0.0
2019-10-22 00:00:00+08:00,38.99112716530695,38.99112716530695,38.9457893371582,38.9457893371582,2000,0.0,0.0
2019-10-23 00:00:00+08:00,38.945789435298636,38.945789435298636,38.80977249145508,38.80977249145508,5000,0.0,0.0
2019-10-24 00:00:00+08:00,38.80977249145508,38.80977249145508,38.80977249145508,38.80977249145508,0,0.0,0.0
2019-10-25 00:00:00+08:00,39.44451221199923,39.44451221199923,38.991127014160156,38.991127014160156,5000,0.0,0.0
2019-10-28 00:00:00+08:00,38.991127014160156,38.991127014160156,38.991127014160156,38.991127014160156,0,0.0,0.0
2019-10-29 00:00:00+08:00,38.991127014160156,38.991127014160156,38.991127014160156,38.991127014160156,0,0.0,0.0
2019-10-30 00:00:00+08:00,38.94579150110742,39.852561950683594,38.5377441069872,39.852561950683594,79876,0.0,0.0
2019-10-31 00:00:00+08:00,40.80466949953152,40.80466949953152,39.127145581505985,40.16992950439453,8406,0.0,0.0
2019-11-01 00:00:00+08:00,40.16992950439453,40.16992950439453,40.16992950439453,40.16992950439453,0,0.0,0.0
2019-11-04 00:00:00+08:00,39.081804044872364,40.35128402709961,39.081804044872364,40.35128402709961,11000,0.0,0.0
2019-11-05 00:00:00+08:00,39.081804044872364,40.35128402709961,39.081804044872364,40.35128402709961,11168,0.0,0.0
2019-11-06 00:00:00+08:00,40.3512841798371,40.3512841798371,40.305946350097656,40.305946350097656,2000,0.0,0.0
2019-11-07 00:00:00+08:00,40.3512841798371,40.3512841798371,40.305946350097656,40.305946350097656,2000,0.0,0.0
2019-11-08 00:00:00+08:00,40.305946350097656,40.305946350097656,40.305946350097656,40.305946350097656,0,0.0,0.0
2019-11-11 00:00:00+08:00,39.444515228271484,39.444515228271484,39.444515228271484,39.444515228271484,2000,0.0,0.0
2019-11-12 00:00:00+08:00,39.444515228271484,39.444515228271484,39.444515228271484,39.444515228271484,3000,0.0,0.0
2019-11-13 00:00:00+08:00,39.444515228271484,39.444515228271484,39.444515228271484,39.444515228271484,3000,0.0,0.0
2019-11-14 00:00:00+08:00,39.80722427368164,39.85256210452451,39.80722427368164,39.80722427368164,3000,0.0,0.0
2019-11-15 00:00:00+08:00,39.80722427368164,39.80722427368164,39.80722427368164,39.80722427368164,0,0.0,0.0
2019-11-18 00:00:00+08:00,39.80722427368164,39.80722427368164,39.80722427368164,39.80722427368164,0,0.0,0.0
2019-11-19 00:00:00+08:00,39.80722427368164,39.80722427368164,39.80722427368164,39.80722427368164,0,0.0,0.0
2019-11-20 00:00:00+08:00,39.80722427368164,39.80722427368164,39.80722427368164,39.80722427368164,0,0.0,0.0
2019-11-21 00:00:00+08:00,39.48985305971141,39.48985305971141,39.444515228271484,39.444515228271484,3000,0.0,0.0
2019-11-22 00:00:00+08:00,40.35128558352107,40.48730253652565,39.58053207397461,39.58053207397461,163390,0.0,0.0
2019-11-25 00:00:00+08:00,39.53519006563015,39.988575288672024,39.53519006563015,39.89789962768555,71000,0.0,0.0
2019-11-26 00:00:00+08:00,40.079254150390625,40.079254150390625,40.079254150390625,40.079254150390625,9000,0.0,0.0
2019-11-27 00:00:00+08:00,40.07925384468412,40.16992950439453,40.07925384468412,40.16992950439453,4000,0.0,0.0
2019-11-28 00:00:00+08:00,40.16992950439453,40.16992950439453,40.16992950439453,40.16992950439453,0,0.0,0.0
2019-11-29 00:00:00+08:00,39.89789911569478,40.2606086730957,39.89789911569478,40.2606086730957,13000,0.0,0.0
2019-12-02 00:00:00+08:00,39.89789962768555,39.89789962768555,39.85256179719231,39.89789962768555,40000,0.0,0.0
2019-12-03 00:00:00+08:00,39.89789962768555,39.89789962768555,39.85256179719231,39.89789962768555,40000,0.0,0.0
2019-12-04 00:00:00+08:00,39.897899781351455,39.897899781351455,39.852561950683594,39.852561950683594,76000,0.0,0.0
2019-12-05 00:00:00+08:00,39.897899781351455,39.897899781351455,39.852561950683594,39.852561950683594,76000,0.0,0.0
2019-12-06 00:00:00+08:00,39.852561950683594,39.852561950683594,39.852561950683594,39.852561950683594,0,0.0,0.0
2019-12-09 00:00:00+08:00,39.89789962768555,39.89789962768555,39.89789962768555,39.89789962768555,1000,0.0,0.0
2019-12-10 00:00:00+08:00,39.89789962768555,39.89789962768555,39.89789962768555,39.89789962768555,2000,0.0,0.0
2019-12-11 00:00:00+08:00,39.89789962768555,39.89789962768555,39.89789962768555,39.89789962768555,2000,0.0,0.0
2019-12-12 00:00:00+08:00,39.89789962768555,39.89789962768555,39.89789962768555,39.89789962768555,14000,0.0,0.0
2019-12-13 00:00:00+08:00,39.89789962768555,39.89789962768555,39.89789962768555,39.89789962768555,14000,0.0,0.0
2019-12-16 00:00:00+08:00,39.89789962768555,39.89789962768555,39.89789962768555,39.89789962768555,0,0.0,0.0
2019-12-17 00:00:00+08:00,39.89789962768555,39.89789962768555,39.89789962768555,39.89789962768555,0,0.0,0.0
2019-12-18 00:00:00+08:00,39.58053218164607,39.58053218164607,39.444515228271484,39.444515228271484,29000,0.0,0.0
2019-12-19 00:00:00+08:00,39.444515228271484,39.444515228271484,39.444515228271484,39.444515228271484,1000,0.0,0.0
2019-12-20 00:00:00+08:00,39.444515228271484,39.444515228271484,39.444515228271484,39.444515228271484,1000,0.0,0.0
2019-12-23 00:00:00+08:00,39.44451549159159,39.44451549159159,39.263160705566406,39.263160705566406,10000,0.0,0.0
2019-12-24 00:00:00+08:00,39.444515228271484,39.444515228271484,39.444515228271484,39.444515228271484,1000,0.0,0.0
2019-12-25 00:00:00+08:00,39.444515228271484,39.444515228271484,39.444515228271484,39.444515228271484,3000,0.0,0.0
2019-12-26 00:00:00+08:00,40.80466707767428,40.80466707767428,39.308494567871094,39.308494567871094,18000,0.0,0.0
2019-12-27 00:00:00+08:00,40.80466707767428,40.80466707767428,39.308494567871094,39.308494567871094,18000,0.0,0.0
2019-12-30 00:00:00+08:00,39.21782261201705,39.444515228271484,39.21782261201705,39.444515228271484,7000,0.0,0.0
2019-12-31 00:00:00+08:00,39.444515228271484,39.444515228271484,39.444515228271484,39.444515228271484,1000,0.0,0.0
2020-01-02 00:00:00+08:00,39.444515228271484,39.444515228271484,39.39917739683156,39.444515228271484,8000,0.0,0.0
2020-01-03 00:00:00+08:00,39.444515228271484,39.444515228271484,39.39917739683156,39.444515228271484,8000,0.0,0.0
2020-01-06 00:00:00+08:00,39.172481536865234,39.172481536865234,38.99112676706797,39.172481536865234,12000,0.0,0.0
2020-01-07 00:00:00+08:00,39.03646459475365,39.172481536865234,38.99112676706797,39.172481536865234,10000,0.0,0.0
2020-01-08 00:00:00+08:00,39.03646459475365,39.172481536865234,38.99112676706797,39.172481536865234,10000,0.0,0.0
2020-01-09 00:00:00+08:00,39.17248168772357,39.26315734344414,38.53774172051593,39.12714385986328,16000,0.0,0.0
2020-01-10 00:00:00+08:00,38.9004511116966,39.172481536865234,38.9004511116966,39.172481536865234,4000,0.0,0.0
2020-01-13 00:00:00+08:00,39.1724817851067,39.1724817851067,38.991127014160156,38.991127014160156,5000,0.0,0.0
2020-01-14 00:00:00+08:00,38.71909634189932,39.172481536865234,38.53774157210206,39.172481536865234,23000,0.0,0.0
2020-01-15 00:00:00+08:00,39.172481536865234,39.172481536865234,39.172481536865234,39.172481536865234,0,0.0,0.0
2020-01-16 00:00:00+08:00,38.9004511116966,39.172481536865234,38.9004511116966,39.172481536865234,4000,0.0,0.0
2020-01-17 00:00:00+08:00,38.90045135821416,38.991127014160156,38.90045135821416,38.991127014160156,8000,0.0,0.0
2020-01-20 00:00:00+08:00,38.991127014160156,38.991127014160156,38.991127014160156,38.991127014160156,3000,0.0,0.0
2020-01-30 00:00:00+08:00,38.58308029174805,38.58308029174805,38.58308029174805,38.58308029174805,7000,0.0,0.0
2020-01-31 00:00:00+08:00,38.58308029174805,38.58308029174805,38.58308029174805,38.58308029174805,7000,0.0,0.0
2020-02-03 00:00:00+08:00,38.62841796875,38.673759256360306,38.62841796875,38.62841796875,42000,0.0,0.0
2020-02-04 00:00:00+08:00,38.991127014160156,38.991127014160156,38.991127014160156,38.991127014160156,6000,0.0,0.0
2020-02-05 00:00:00+08:00,39.35383605957031,39.35383605957031,39.35383605957031,39.35383605957031,3000,0.0,0.0
2020-02-06 00:00:00+08:00,39.444511714372354,39.444511714372354,39.35383605957031,39.35383605957031,7000,0.0,0.0
2020-02-07 00:00:00+08:00,39.444511714372354,39.444511714372354,39.35383605957031,39.35383605957031,7000,0.0,0.0
2020-02-10 00:00:00+08:00,39.44451440464367,39.89789962768555,39.353838743657185,39.89789962768555,29000,0.0,0.0
2020-02-11 00:00:00+08:00,40.16992950439453,40.16992950439453,40.16992950439453,40.16992950439453,3000,0.0,0.0
2020-02-12 00:00:00+08:00,40.16992950439453,40.16992950439453,40.16992950439453,40.16992950439453,3000,0.0,0.0
2020-02-13 00:00:00+08:00,40.9860253659363,42.61821149743122,40.9860253659363,41.71144104003906,15000,0.0,0.0
2020-02-14 00:00:00+08:00,40.9860253659363,42.61821149743122,40.9860253659363,41.71144104003906,15000,0.0,0.0
2020-02-17 00:00:00+08:00,41.75677475275858,41.8021125793457,41.75677475275858,41.8021125793457,7000,0.0,0.0
2020-02-18 00:00:00+08:00,42.21016581548611,42.21016581548611,40.80467224121094,40.80467224121094,10000,0.0,0.0
2020-02-19 00:00:00+08:00,42.21016581548611,42.21016581548611,40.80467224121094,40.80467224121094,10000,0.0,0.0
2020-02-20 00:00:00+08:00,42.57287200957294,42.61820983886719,41.71143941676363,42.61820983886719,19000,0.0,0.0
2020-02-21 00:00:00+08:00,42.66355117454793,42.70888900756836,42.61821334152751,42.70888900756836,9000,0.0,0.0
2020-02-24 00:00:00+08:00,43.52498329564145,43.52498329564145,43.071598052978516,43.071598052978516,4000,0.0,0.0
2020-02-25 00:00:00+08:00,42.66355117454793,42.70888900756836,42.66355117454793,42.70888900756836,7000,0.0,0.0
2020-02-26 00:00:00+08:00,42.70888900756836,42.70888900756836,42.70888900756836,42.70888900756836,9000,0.0,0.0
2020-02-27 00:00:00+08:00,42.663547567141876,42.75422668457031,42.663547567141876,42.75422668457031,36000,0.0,0.0
2020-03-02 00:00:00+08:00,42.75422668457031,42.75422668457031,42.75422668457031,42.75422668457031,0,0.0,0.0
2020-03-03 00:00:00+08:00,41.25805313873461,43.162269592285156,41.25805313873461,43.162269592285156,8000,0.0,0.0
2020-03-04 00:00:00+08:00,43.071598052978516,43.071598052978516,43.071598052978516,43.071598052978516,2000,0.0,0.0
2020-03-05 00:00:00+08:00,43.071598052978516,43.071598052978516,43.071598052978516,43.071598052978516,5000,0.0,0.0
2020-03-06 00:00:00+08:00,43.071598052978516,43.071598052978516,43.071598052978516,43.071598052978516,3000,0.0,0.0
2020-03-09 00:00:00+08:00,44.431753236400205,44.431753236400205,43.071597525081835,43.43430709838867,30000,0.0,0.0
2020-03-10 00:00:00+08:00,43.43430596509691,44.431752077083,43.43430596509691,43.97836685180664,22000,0.0,0.0
2020-03-11 00:00:00+08:00,43.97836603437151,44.4317512512207,43.52498081752232,44.4317512512207,3000,0.0,0.0
2020-03-12 00:00:00+08:00,44.4317512512207,44.4317512512207,44.4317512512207,44.4317512512207,0,0.0,0.0
2020-03-13 00:00:00+08:00,44.4317512512207,44.4317512512207,44.4317512512207,44.4317512512207,0,0.0,0.0
2020-03-16 00:00:00+08:00,40.804670582646914,41.71144104003906,40.804670582646914,41.71144104003906,8000,0.0,0.0
2020-03-17 00:00:00+08:00,43.071598052978516,43.071598052978516,43.071598052978516,43.071598052978516,37000,0.0,0.0
2020-03-18 00:00:00+08:00,43.071598052978516,43.071598052978516,43.071598052978516,43.071598052978516,0,0.0,0.0
2020-03-19 00:00:00+08:00,38.53774249695377,40.759330697412615,38.53774249695377,40.66865158081055,14000,0.0,0.0
2020-03-20 00:00:00+08:00,40.66865158081055,40.66865158081055,40.66865158081055,40.66865158081055,2000,0.0,0.0
2020-03-23 00:00:00+08:00,40.66865158081055,40.66865158081055,40.66865158081055,40.66865158081055,100000,0.0,0.0
2020-03-24 00:00:00+08:00,40.66865158081055,40.71399286863888,40.66865158081055,40.66865158081055,28000,0.0,0.0
2020-03-25 00:00:00+08:00,42.3461799621582,42.3461799621582,42.3461799621582,42.3461799621582,2000,0.0,0.0
2020-03-26 00:00:00+08:00,42.3461799621582,42.3461799621582,42.3461799621582,42.3461799621582,0,0.0,0.0
2020-03-27 00:00:00+08:00,40.71399387267096,42.3461799621582,40.66865258372448,42.3461799621582,13000,0.0,0.0
2020-03-30 00:00:00+08:00,42.3461799621582,42.3461799621582,42.3461799621582,42.3461799621582,0,0.0,0.0
2020-03-31 00:00:00+08:00,38.991127898044105,40.804668730511274,38.991127898044105,40.713993072509766,21000,0.0,0.0
2020-04-01 00:00:00+08:00,40.804672510362906,40.804672510362906,40.62331771850586,40.62331771850586,8000,0.0,0.0
2020-04-06 00:00:00+08:00,40.62331771850586,40.62331771850586,40.62331771850586,40.62331771850586,0,0.0,0.0
2020-04-07 00:00:00+08:00,41.71143993285444,41.71143993285444,39.444513849547135,40.16992950439453,16000,0.0,0.0
2020-04-08 00:00:00+08:00,40.80466924088725,41.71143966846252,40.260608367963954,40.35128402709961,10000,0.0,0.0
2020-04-09 00:00:00+08:00,39.89789816549133,40.75933074951172,39.89789816549133,40.75933074951172,17000,0.0,0.0
2020-04-10 00:00:00+08:00,40.16992950439453,40.16992950439453,40.16992950439453,40.16992950439453,9000,0.0,0.0
2020-04-13 00:00:00+08:00,40.80466949953152,41.71143993285444,40.16992950439453,40.16992950439453,25000,0.0,0.0
2020-04-14 00:00:00+08:00,39.89789962768555,39.89789962768555,39.89789962768555,39.89789962768555,8000,0.0,0.0
2020-04-15 00:00:00+08:00,39.897899321399066,39.98857498168945,39.897899321399066,39.98857498168945,2000,0.0,0.0
2020-04-16 00:00:00+08:00,39.89789962768555,39.89789962768555,39.89789962768555,39.89789962768555,9000,0.0,0.0
2020-04-17 00:00:00+08:00,39.89789962768555,39.89789962768555,39.89789962768555,39.89789962768555,0,0.0,0.0
2020-04-20 00:00:00+08:00,39.89789962768555,39.89789962768555,39.89789962768555,39.89789962768555,0,0.0,0.0
2020-04-21 00:00:00+08:00,40.16993220342556,41.71144273546007,40.16993220342556,40.80467224121094,27000,0.0,0.0
2020-04-22 00:00:00+08:00,40.804667630038416,41.71143802181705,40.804667630038416,41.258052825927734,5000,0.0,0.0
2020-04-23 00:00:00+08:00,41.258052825927734,41.258052825927734,41.258052825927734,41.258052825927734,0,0.0,0.0
2020-04-24 00:00:00+08:00,41.258052825927734,41.258052825927734,41.258052825927734,41.258052825927734,0,0.0,0.0
2020-04-27 00:00:00+08:00,40.80467083867953,41.530086517333984,39.44451514405688,41.530086517333984,10000,0.0,0.0
2020-04-28 00:00:00+08:00,40.80467224121094,40.80467224121094,40.80467224121094,40.80467224121094,1000,0.0,0.0
2020-04-29 00:00:00+08:00,40.35128402709961,40.35128402709961,40.35128402709961,40.35128402709961,1000,0.0,0.0
2020-04-30 00:00:00+08:00,41.53008543995149,43.52498109879032,41.30339283006196,42.164825439453125,23000,0.0,0.0
2020-05-04 00:00:00+08:00,40.80466963205093,42.21016311645508,40.80466963205093,42.21016311645508,4000,0.0,0.0
2020-05-05 00:00:00+08:00,42.21016311645508,42.21016311645508,42.21016311645508,42.21016311645508,0,0.0,0.0
2020-05-06 00:00:00+08:00,42.21016311645508,42.21016311645508,42.21016311645508,42.21016311645508,0,0.0,0.0
2020-05-07 00:00:00+08:00,42.21016311645508,42.21016311645508,42.21016311645508,42.21016311645508,0,0.0,0.0
2020-05-08 00:00:00+08:00,40.804669091896834,42.48219299316406,40.804669091896834,42.48219299316406,4000,0.0,0.0
2020-05-11 00:00:00+08:00,41.71143941676363,42.61820983886719,41.71143941676363,42.61820983886719,2000,0.0,0.0
2020-05-12 00:00:00+08:00,41.71143941676363,42.61820983886719,41.71143941676363,42.61820983886719,7000,0.0,0.0
2020-05-13 00:00:00+08:00,42.61820983886719,42.61820983886719,42.61820983886719,42.61820983886719,13000,0.0,0.0
2020-05-14 00:00:00+08:00,42.79956301887796,43.52497863769531,42.79956301887796,43.52497863769531,2000,0.0,0.0
2020-05-15 00:00:00+08:00,42.164825439453125,42.164825439453125,42.164825439453125,42.164825439453125,2000,0.0,0.0
2020-05-18 00:00:00+08:00,42.164825439453125,42.164825439453125,42.164825439453125,42.164825439453125,0,0.0,0.0
2020-05-19 00:00:00+08:00,42.164824627815406,42.61820983886719,40.80466899466008,42.61820983886719,7000,0.0,0.0
2020-05-20 00:00:00+08:00,42.164825439453125,42.164825439453125,42.164825439453125,42.164825439453125,1000,0.0,0.0
2020-05-21 00:00:00+08:00,42.16482756765265,43.071598052978516,42.16482756765265,43.071598052978516,8000,0.0,0.0
2020-05-22 00:00:00+08:00,42.164825439453125,42.164825439453125,40.441960220670786,42.164825439453125,53000,0.0,0.0
2020-05-25 00:00:00+08:00,42.164825439453125,42.164825439453125,42.164825439453125,42.164825439453125,0,0.0,0.0
2020-05-26 00:00:00+08:00,42.61820983886719,42.61820983886719,42.61820983886719,42.61820983886719,3000,0.0,0.0
2020-05-27 00:00:00+08:00,41.16737884196643,42.52753448486328,41.16737884196643,42.52753448486328,30000,0.0,0.0
2020-05-28 00:00:00+08:00,42.52753448486328,42.52753448486328,42.52753448486328,42.52753448486328,0,0.0,0.0
2020-05-29 00:00:00+08:00,42.52753448486328,42.52753448486328,42.52753448486328,42.52753448486328,0,0.0,0.0
2020-06-01 00:00:00+08:00,42.52753448486328,42.52753448486328,42.52753448486328,42.52753448486328,0,0.0,0.0
2020-06-02 00:00:00+08:00,41.39407179924688,42.21016311645508,41.39407179924688,42.21016311645508,6000,0.0,0.0
2020-06-03 00:00:00+08:00,42.21016311645508,42.21016311645508,42.21016311645508,42.21016311645508,0,0.0,0.0
2020-06-04 00:00:00+08:00,42.61820983886719,42.61820983886719,42.61820983886719,42.61820983886719,1000,0.0,0.0
2020-06-05 00:00:00+08:00,42.61820983886719,42.61820983886719,42.61820983886719,42.61820983886719,1000,0.0,0.0
2020-06-08 00:00:00+08:00,42.61820983886719,42.61820983886719,42.61820983886719,42.61820983886719,1000,0.0,0.0
2020-06-09 00:00:00+08:00,41.258055101842956,42.02880859375,41.258055101842956,42.02880859375,4000,0.0,0.0
2020-06-10 00:00:00+08:00,42.164824879716804,42.43685531616211,42.164824879716804,42.43685531616211,4000,0.0,0.0
2020-06-11 00:00:00+08:00,42.43685531616211,42.43685531616211,42.43685531616211,42.43685531616211,0,0.0,0.0
2020-06-12 00:00:00+08:00,42.43685531616211,42.43685531616211,42.43685531616211,42.43685531616211,0,0.0,0.0
2020-06-15 00:00:00+08:00,42.43685531616211,42.43685531616211,42.43685531616211,42.43685531616211,0,0.0,0.0
2020-06-16 00:00:00+08:00,43.071598052978516,43.071598052978516,43.071598052978516,43.071598052978516,5000,0.0,0.0
2020-06-17 00:00:00+08:00,43.071598052978516,43.071598052978516,43.071598052978516,43.071598052978516,0,0.0,0.0
2020-06-18 00:00:00+08:00,43.071598052978516,43.071598052978516,43.071598052978516,43.071598052978516,0,0.0,0.0
2020-06-19 00:00:00+08:00,43.071598052978516,43.071598052978516,43.071598052978516,43.071598052978516,0,0.0,0.0
2020-06-22 00:00:00+08:00,43.071598052978516,43.071598052978516,43.071598052978516,43.071598052978516,0,0.0,0.0
2020-06-23 00:00:00+08:00,43.071598052978516,43.071598052978516,43.071598052978516,43.071598052978516,0,0.0,0.0
2020-06-24 00:00:00+08:00,43.071598052978516,43.071598052978516,43.071598052978516,43.071598052978516,0,0.0,0.0
2020-06-29 00:00:00+08:00,43.071598052978516,43.071598052978516,43.071598052978516,43.071598052978516,0,0.0,0.0
2020-06-30 00:00:00+08:00,43.071598052978516,43.071598052978516,43.071598052978516,43.071598052978516,0,0.0,0.0
2020-07-01 00:00:00+08:00,43.071594541796124,43.071594541796124,42.980918884277344,42.980918884277344,7000,0.0,0.0
2020-07-02 00:00:00+08:00,42.164823055267334,43.52497863769531,41.71143786112467,43.52497863769531,9000,0.0,0.0
2020-07-03 00:00:00+08:00,42.61821334152751,42.70888900756836,42.61821334152751,42.70888900756836,4000,0.0,0.0
2020-07-06 00:00:00+08:00,42.618209737954984,42.75422668457031,42.618209737954984,42.75422668457031,6000,0.0,0.0
2020-07-07 00:00:00+08:00,43.43430444733865,43.61565576386829,42.66354751586914,42.66354751586914,12000,0.0,0.0
2020-07-08 00:00:00+08:00,42.70888390461671,43.52497863769531,42.70888390461671,43.52497863769531,11000,0.0,0.0
2020-07-09 00:00:00+08:00,43.52498356575163,43.52498356575163,42.89024353027344,42.89024353027344,3000,0.0,0.0
2020-07-10 00:00:00+08:00,43.52498329564145,43.7063380845176,43.071598052978516,43.071598052978516,6000,0.0,0.0
2020-07-13 00:00:00+08:00,43.57032012939453,43.57032012939453,43.52498229797843,43.57032012939453,3000,0.0,0.0
2020-07-14 00:00:00+08:00,43.52497863769531,43.52497863769531,43.52497863769531,43.52497863769531,1000,0.0,0.0
2020-07-15 00:00:00+08:00,43.52498229797843,43.57032012939453,43.52498229797843,43.57032012939453,2000,0.0,0.0
2020-07-16 00:00:00+08:00,43.52497863769531,43.52497863769531,43.52497863769531,43.52497863769531,1000,0.0,0.0
2020-07-17 00:00:00+08:00,43.52497863769531,43.52497863769531,41.71143786112467,43.52497863769531,14000,0.0,0.0
2020-07-20 00:00:00+08:00,43.52497863769531,43.52497863769531,43.52497863769531,43.52497863769531,5000,0.0,0.0
2020-07-21 00:00:00+08:00,43.47964081009195,43.570316465298674,43.47964081009195,43.52497863769531,9000,0.0,0.0
2020-07-22 00:00:00+08:00,43.52498229797843,43.57032012939453,43.52498229797843,43.57032012939453,10000,0.0,0.0
2020-07-23 00:00:00+08:00,43.57032012939453,43.57032012939453,43.57032012939453,43.57032012939453,0,0.0,0.0
2020-07-24 00:00:00+08:00,43.57032012939453,43.57032012939453,43.57032012939453,43.57032012939453,1000,0.0,0.0
2020-07-27 00:00:00+08:00,43.57032012939453,43.57032012939453,43.57032012939453,43.57032012939453,0,0.0,0.0
2020-07-28 00:00:00+08:00,42.164823055267334,43.52497863769531,41.802113516331396,43.52497863769531,12000,0.0,0.0
2020-07-29 00:00:00+08:00,43.52497863769531,43.52497863769531,43.52497863769531,43.52497863769531,0,0.0,0.0
2020-07-30 00:00:00+08:00,43.52497863769531,43.52497863769531,43.52497863769531,43.52497863769531,0,0.0,0.0
2020-07-31 00:00:00+08:00,43.52498106917368,44.250396728515625,43.52498106917368,44.250396728515625,27000,0.0,0.0
2020-08-03 00:00:00+08:00,44.250396728515625,44.250396728515625,44.250396728515625,44.250396728515625,0,0.0,0.0
2020-08-04 00:00:00+08:00,43.79701279248984,43.79701279248984,43.6609992980957,43.6609992980957,2000,0.0,0.0
2020-08-05 00:00:00+08:00,43.88769145012638,43.88769145012638,43.79701232910156,43.79701232910156,2000,0.0,0.0
2020-08-06 00:00:00+08:00,44.250396777788886,44.3410758972168,44.250396777788886,44.3410758972168,2000,0.0,0.0
2020-08-07 00:00:00+08:00,44.34107772334362,45.338523864746094,44.34107772334362,45.338523864746094,28000,0.0,0.0
2020-08-10 00:00:00+08:00,46.24529363458807,49.87237548828125,46.24529363458807,49.87237548828125,142000,0.0,0.0
2020-08-11 00:00:00+08:00,50.23508260899174,51.23252868652344,48.60289308713312,51.23252868652344,52000,0.0,0.0
2020-08-12 00:00:00+08:00,51.23253118341619,51.23253118341619,49.69102070378563,49.87237548828125,20000,0.0,0.0
2020-08-13 00:00:00+08:00,50.235084533691406,50.235084533691406,50.235084533691406,50.235084533691406,3000,0.0,0.0
2020-08-14 00:00:00+08:00,50.77914454387192,50.77914454387192,49.87237410558849,50.5977897644043,12000,0.0,0.0
2020-08-17 00:00:00+08:00,49.418988934648574,50.68846893310547,48.96560371506464,50.68846893310547,9000,0.0,0.0
2020-08-18 00:00:00+08:00,49.87237197591446,49.87237197591446,48.96560157635238,49.78169631958008,12000,0.0,0.0
2020-08-19 00:00:00+08:00,50.23508151936112,50.23508151936112,48.96560157635238,49.78169631958008,10000,0.0,0.0
2020-08-20 00:00:00+08:00,49.69101720419113,51.59523711870424,49.69101720419113,49.78169631958008,22000,0.0,0.0
2020-08-21 00:00:00+08:00,49.7816968607676,49.7816968607676,49.7816968607676,51.50455856323242,3000,0.0,0.0
2020-08-24 00:00:00+08:00,49.872375406693,49.872375406693,49.872375406693,51.95794677734375,1000,0.0,0.0
2020-08-25 00:00:00+08:00,49.78169631958008,49.78169631958008,49.78169631958008,49.78169631958008,1000,0.0,0.0
2020-08-26 00:00:00+08:00,51.95794686234387,51.95794686234387,49.87237548828125,49.87237548828125,4000,0.0,0.0
2020-08-27 00:00:00+08:00,49.87237548828125,49.87237548828125,49.87237548828125,49.87237548828125,1000,0.0,0.0
2020-08-28 00:00:00+08:00,50.779144287109375,50.779144287109375,50.779144287109375,50.779144287109375,1000,0.0,0.0
2020-08-31 00:00:00+08:00,50.779144287109375,50.779144287109375,50.779144287109375,50.779144287109375,2000,0.0,0.0
2020-09-01 00:00:00+08:00,50.597790071156574,50.597790071156574,50.50711441040039,50.50711441040039,3000,0.0,0.0
2020-09-02 00:00:00+08:00,49.872373853411,50.779144287109375,49.872373853411,50.779144287109375,2000,0.0,0.0
2020-09-03 00:00:00+08:00,50.779144287109375,50.779144287109375,50.779144287109375,50.779144287109375,0,0.0,0.0
2020-09-04 00:00:00+08:00,50.779144287109375,50.779144287109375,50.779144287109375,50.779144287109375,0,0.0,0.0
2020-09-07 00:00:00+08:00,50.77914403217432,50.96049880981445,50.77914403217432,50.96049880981445,5000,0.0,0.0
2020-09-08 00:00:00+08:00,50.779144287109375,50.779144287109375,50.779144287109375,50.779144287109375,1000,0.0,0.0
2020-09-09 00:00:00+08:00,50.779144287109375,50.779144287109375,50.779144287109375,50.779144287109375,0,0.0,0.0
2020-09-10 00:00:00+08:00,50.779144287109375,50.779144287109375,50.779144287109375,50.779144287109375,0,0.0,0.0
2020-09-11 00:00:00+08:00,50.779144287109375,50.779144287109375,50.779144287109375,50.779144287109375,0,0.0,0.0
2020-09-14 00:00:00+08:00,50.779144287109375,50.779144287109375,50.779144287109375,50.779144287109375,0,0.0,0.0
2020-09-15 00:00:00+08:00,50.5977897644043,50.5977897644043,50.5977897644043,50.5977897644043,1000,0.0,0.0
2020-09-16 00:00:00+08:00,50.5977897644043,50.5977897644043,50.5977897644043,50.5977897644043,0,0.0,0.0
2020-09-17 00:00:00+08:00,50.779144287109375,50.779144287109375,50.779144287109375,50.779144287109375,1000,0.0,0.0
2020-09-18 00:00:00+08:00,50.779143779047324,51.14185333251953,50.32575856673441,51.14185333251953,3000,0.0,0.0
2020-09-21 00:00:00+08:00,51.14185333251953,51.14185333251953,51.14185333251953,51.14185333251953,0,0.0,0.0
2020-09-22 00:00:00+08:00,51.14185333251953,51.14185333251953,51.14185333251953,51.14185333251953,0,0.0,0.0
2020-09-23 00:00:00+08:00,49.872373853411,50.779144287109375,49.872373853411,50.779144287109375,2000,0.0,0.0
2020-09-24 00:00:00+08:00,50.779144287109375,50.779144287109375,50.779144287109375,50.779144287109375,0,0.0,0.0
2020-09-25 00:00:00+08:00,50.14440429170957,50.779144287109375,50.14440429170957,50.779144287109375,3000,0.0,0.0
2020-09-28 00:00:00+08:00,50.779144287109375,50.779144287109375,50.779144287109375,50.779144287109375,0,0.0,0.0
2020-09-29 00:00:00+08:00,50.779144287109375,50.779144287109375,50.779144287109375,50.779144287109375,0,0.0,0.0
2020-09-30 00:00:00+08:00,50.779144287109375,50.779144287109375,50.779144287109375,50.779144287109375,0,0.0,0.0
2020-10-05 00:00:00+08:00,50.779144287109375,50.779144287109375,50.779144287109375,50.779144287109375,0,0.0,0.0
2020-10-06 00:00:00+08:00,51.6859130859375,52.13929828844572,51.23252788342928,51.6859130859375,17000,0.0,0.0
2020-10-07 00:00:00+08:00,51.68591555828522,52.59268600667618,51.68591555828522,52.502010345458984,29000,0.0,0.0
2020-10-08 00:00:00+08:00,53.49945714396815,56.21976852416992,53.49945714396815,56.21976852416992,71000,0.0,0.0
2020-10-12 00:00:00+08:00,56.21976659448231,56.21976659448231,53.40877964838006,55.13164138793945,43000,0.0,0.0
2020-10-13 00:00:00+08:00,53.95284027349753,55.67570546417226,53.95284027349753,55.31299591064453,3000,0.0,0.0
2020-10-14 00:00:00+08:00,55.31299591064453,55.31299591064453,55.31299591064453,55.31299591064453,0,0.0,0.0
2020-10-15 00:00:00+08:00,55.67570546417226,55.67570546417226,55.31299591064453,55.31299591064453,2000,0.0,0.0
2020-10-16 00:00:00+08:00,55.31299591064453,55.31299591064453,55.31299591064453,55.31299591064453,0,0.0,0.0
2020-10-19 00:00:00+08:00,54.40622690345812,54.40622690345812,52.502010345458984,52.502010345458984,29000,0.0,0.0
2020-10-20 00:00:00+08:00,52.683361360150414,52.683361360150414,52.59268569946289,52.59268569946289,3000,0.0,0.0
2020-10-21 00:00:00+08:00,52.59268569946289,52.59268569946289,52.59268569946289,52.59268569946289,6000,0.0,0.0
2020-10-22 00:00:00+08:00,54.406227111816406,54.406227111816406,54.406227111816406,54.406227111816406,1000,0.0,0.0
2020-10-23 00:00:00+08:00,53.499454498291016,53.499454498291016,53.499454498291016,53.499454498291016,1000,0.0,0.0
2020-10-26 00:00:00+08:00,53.499454498291016,53.499454498291016,53.499454498291016,53.499454498291016,0,0.0,0.0
2020-10-27 00:00:00+08:00,53.499454498291016,53.499454498291016,52.683359740966424,53.499454498291016,12000,0.0,0.0
2020-10-28 00:00:00+08:00,53.499454498291016,53.499454498291016,53.499454498291016,53.499454498291016,1000,0.0,0.0
2020-10-29 00:00:00+08:00,54.4062251538302,54.4062251538302,51.23252868652344,51.23252868652344,547000,0.0,0.0
2020-10-30 00:00:00+08:00,53.9528418858846,54.406227111816406,53.9528418858846,54.406227111816406,2000,0.0,0.0
2020-11-02 00:00:00+08:00,51.77659225463867,51.77659225463867,51.77659225463867,51.77659225463867,649000,0.0,0.0
2020-11-03 00:00:00+08:00,53.95283889770508,53.95283889770508,53.95283889770508,53.95283889770508,1000,0.0,0.0
2020-11-04 00:00:00+08:00,54.406227111816406,54.406227111816406,54.406227111816406,54.406227111816406,2000,0.0,0.0
2020-11-05 00:00:00+08:00,54.04351806640625,54.04351806640625,54.04351806640625,54.04351806640625,4000,0.0,0.0
2020-11-06 00:00:00+08:00,54.04351806640625,54.04351806640625,54.04351806640625,54.04351806640625,0,0.0,0.0
2020-11-09 00:00:00+08:00,54.04351780605983,54.22487258911133,54.04351780605983,54.22487258911133,5000,0.0,0.0
2020-11-10 00:00:00+08:00,54.406227111816406,54.406227111816406,54.406227111816406,54.406227111816406,26000,0.0,0.0
2020-11-11 00:00:00+08:00,54.406227111816406,54.406227111816406,54.406227111816406,54.406227111816406,0,0.0,0.0
2020-11-12 00:00:00+08:00,54.406227111816406,54.406227111816406,54.406227111816406,54.406227111816406,1000,0.0,0.0
2020-11-13 00:00:00+08:00,52.68336029133045,53.408779398332555,51.68591420778454,53.22742462158203,116000,0.0,0.0
2020-11-16 00:00:00+08:00,54.76893667618375,54.76893667618375,54.406227111816406,54.406227111816406,4000,0.0,0.0
2020-11-17 00:00:00+08:00,53.59012985229492,53.59012985229492,53.59012985229492,53.59012985229492,2000,0.0,0.0
2020-11-18 00:00:00+08:00,53.59012985229492,53.59012985229492,53.59012985229492,53.59012985229492,1000,0.0,0.0
2020-11-19 00:00:00+08:00,52.774041289104645,54.3155517578125,52.774041289104645,54.3155517578125,2000,0.0,0.0
2020-11-20 00:00:00+08:00,54.3155517578125,54.3155517578125,54.3155517578125,54.3155517578125,2000,0.0,0.0
2020-11-23 00:00:00+08:00,54.134193420410156,54.134193420410156,54.134193420410156,54.134193420410156,1000,0.0,0.0
2020-11-24 00:00:00+08:00,54.224869326386795,54.31554844198375,53.95283889770508,53.95283889770508,3000,0.0,0.0
2020-11-25 00:00:00+08:00,52.59268438231892,53.40877914428711,52.59268438231892,53.40877914428711,6000,0.0,0.0
2020-11-26 00:00:00+08:00,53.318098924744696,53.95283889770508,52.592683295241926,53.95283889770508,8000,0.0,0.0
2020-11-27 00:00:00+08:00,52.68335895178431,53.95283889770508,52.68335895178431,53.95283889770508,9000,0.0,0.0
2020-11-30 00:00:00+08:00,52.68336054363883,53.04607009887695,52.68336054363883,53.04607009887695,14000,0.0,0.0
2020-12-01 00:00:00+08:00,53.04607009887695,53.04607009887695,53.04607009887695,53.04607009887695,0,0.0,0.0
2020-12-02 00:00:00+08:00,53.046069041509,53.680809020996094,52.59268383602601,53.680809020996094,16000,0.0,0.0
2020-12-03 00:00:00+08:00,53.680809020996094,53.680809020996094,53.680809020996094,53.680809020996094,1000,0.0,0.0
2020-12-04 00:00:00+08:00,54.043516683804384,54.043516683804384,54.043516683804384,59.03075408935547,1000,0.0,0.0
2020-12-07 00:00:00+08:00,53.04607255091626,53.86216735839844,53.04607255091626,53.86216735839844,2000,0.0,0.0
2020-12-08 00:00:00+08:00,52.955395260322454,53.13674658169751,52.59268569946289,52.59268569946289,4000,0.0,0.0
2020-12-09 00:00:00+08:00,52.59268569946289,52.59268569946289,52.59268569946289,52.59268569946289,17000,0.0,0.0
2020-12-10 00:00:00+08:00,52.592685393307114,52.6833610534668,52.592685393307114,52.6833610534668,14000,0.0,0.0
2020-12-11 00:00:00+08:00,52.6833610534668,52.6833610534668,52.6833610534668,52.6833610534668,0,0.0,0.0
2020-12-14 00:00:00+08:00,52.6833610534668,52.6833610534668,52.6833610534668,52.6833610534668,0,0.0,0.0
2020-12-15 00:00:00+08:00,52.6833610534668,52.6833610534668,52.6833610534668,52.6833610534668,1000,0.0,0.0
2020-12-16 00:00:00+08:00,53.22742462158203,53.22742462158203,53.22742462158203,53.22742462158203,1000,0.0,0.0
2020-12-17 00:00:00+08:00,53.04607009887695,53.04607009887695,53.04607009887695,53.04607009887695,1000,0.0,0.0
2020-12-18 00:00:00+08:00,53.04607009887695,53.04607009887695,53.04607009887695,53.04607009887695,1000,0.0,0.0
2020-12-21 00:00:00+08:00,53.04607009887695,53.04607009887695,53.04607009887695,53.04607009887695,0,0.0,0.0
2020-12-22 00:00:00+08:00,52.592684884356636,53.04607009887695,52.592684884356636,53.04607009887695,3000,0.0,0.0
2020-12-23 00:00:00+08:00,53.04606959251133,53.40877914428711,52.59268438231892,53.40877914428711,17000,0.0,0.0
2020-12-24 00:00:00+08:00,53.40877914428711,53.40877914428711,53.40877914428711,53.40877914428711,0,0.0,0.0
2020-12-25 00:00:00+08:00,52.59268433178602,53.31809997558594,52.59268433178602,53.31809997558594,23000,0.0,0.0
2020-12-28 00:00:00+08:00,53.318101051748684,53.318101051748684,52.6833610534668,52.6833610534668,2000,0.0,0.0
2020-12-29 00:00:00+08:00,52.683361360150414,52.683361360150414,52.59268569946289,52.59268569946289,19000,0.0,0.0
2020-12-30 00:00:00+08:00,53.046070921009985,53.046070921009985,52.59268569946289,52.59268569946289,3000,0.0,0.0
2020-12-31 00:00:00+08:00,52.59268569946289,52.59268569946289,52.59268569946289,52.59268569946289,0,0.0,0.0
2021-01-04 00:00:00+08:00,52.59268569946289,52.59268569946289,52.59268569946289,52.59268569946289,0,0.0,0.0
2021-01-05 00:00:00+08:00,53.046070661956804,53.046070661956804,52.77404022216797,52.77404022216797,2000,0.0,0.0
2021-01-06 00:00:00+08:00,52.6833610534668,52.6833610534668,52.6833610534668,52.6833610534668,3000,0.0,0.0
2021-01-07 00:00:00+08:00,52.864715576171875,52.864715576171875,52.864715576171875,52.864715576171875,1000,0.0,0.0
2021-01-08 00:00:00+08:00,53.499454498291016,53.499454498291016,52.774038857921724,53.499454498291016,10000,0.0,0.0
2021-01-11 00:00:00+08:00,53.499454498291016,53.499454498291016,53.499454498291016,53.499454498291016,4000,0.0,0.0
2021-01-12 00:00:00+08:00,54.496901980200406,54.496901980200406,52.68336110286855,52.77404022216797,24000,0.0,0.0
2021-01-13 00:00:00+08:00,54.496903034161186,54.496903034161186,53.046071687858756,54.22487258911133,10000,0.0,0.0
2021-01-14 00:00:00+08:00,54.22487258911133,54.22487258911133,54.22487258911133,54.22487258911133,0,0.0,0.0
2021-01-15 00:00:00+08:00,53.95283889770508,54.40622409852613,53.49945369688403,53.95283889770508,7000,0.0,0.0
2021-01-18 00:00:00+08:00,53.49945698613706,53.49945698613706,52.13930130004883,52.13930130004883,35000,0.0,0.0
2021-01-19 00:00:00+08:00,53.86216735839844,53.86216735839844,53.86216735839844,53.86216735839844,1000,0.0,0.0
2021-01-20 00:00:00+08:00,53.86216735839844,53.86216735839844,53.86216735839844,53.86216735839844,0,0.0,0.0
2021-01-21 00:00:00+08:00,53.59013262497013,54.3155517578125,52.22997693947288,54.3155517578125,5000,0.0,0.0
2021-01-22 00:00:00+08:00,54.3155517578125,54.3155517578125,54.3155517578125,54.3155517578125,0,0.0,0.0
2021-01-25 00:00:00+08:00,54.3155517578125,54.3155517578125,54.3155517578125,54.3155517578125,0,0.0,0.0
2021-01-26 00:00:00+08:00,51.68591441015871,51.68591441015871,50.77914398191031,50.86981964111328,29000,0.0,0.0
2021-01-27 00:00:00+08:00,52.50200923117354,53.31810054197211,50.86981969146705,50.96049880981445,13000,0.0,0.0
2021-01-28 00:00:00+08:00,50.96049880981445,50.96049880981445,50.96049880981445,50.96049880981445,0,0.0,0.0
2021-01-29 00:00:00+08:00,51.50455856323242,51.50455856323242,51.50455856323242,51.50455856323242,1000,0.0,0.0
2021-02-01 00:00:00+08:00,51.50455856323242,51.50455856323242,51.50455856323242,51.50455856323242,0,0.0,0.0
2021-02-02 00:00:00+08:00,50.77914292750752,51.50455856323242,50.77914292750752,51.50455856323242,37000,0.0,0.0
2021-02-03 00:00:00+08:00,51.50455856323242,51.50455856323242,51.50455856323242,51.50455856323242,0,0.0,0.0
2021-02-04 00:00:00+08:00,51.59523959568118,52.59268569946289,51.59523959568118,52.59268569946289,3000,0.0,0.0
2021-02-05 00:00:00+08:00,53.22742462158203,53.22742462158203,53.22742462158203,53.22742462158203,2000,0.0,0.0
2021-02-17 00:00:00+08:00,50.869819135209376,52.41132953971216,50.869819135209376,51.23252868652344,61000,0.0,0.0
2021-02-18 00:00:00+08:00,51.23253135834893,51.77659225463867,51.23253135834893,51.77659225463867,6000,0.0,0.0
2021-02-19 00:00:00+08:00,51.051172864441234,51.86726760864258,50.779142436058976,51.86726760864258,26000,0.0,0.0
2021-02-22 00:00:00+08:00,51.86726981221275,51.86726981221275,50.68846893310547,50.68846893310547,59000,0.0,0.0
2021-02-23 00:00:00+08:00,50.68846893310547,50.68846893310547,50.68846893310547,50.68846893310547,29000,0.0,0.0
2021-02-24 00:00:00+08:00,50.68846945068799,50.68846945068799,50.32575988769531,50.32575988769531,83000,0.0,0.0
2021-02-25 00:00:00+08:00,52.139300477915796,52.59268569946289,52.139300477915796,52.59268569946289,13000,0.0,0.0
2021-02-26 00:00:00+08:00,52.50200973314744,52.95539495205526,52.50200973314744,52.6833610534668,38000,0.0,0.0
2021-03-02 00:00:00+08:00,52.6833610534668,52.6833610534668,52.6833610534668,52.6833610534668,0,0.0,0.0
2021-03-03 00:00:00+08:00,50.05372993985783,52.229976962166134,50.05372993985783,52.13930130004883,65000,0.0,0.0
2021-03-04 00:00:00+08:00,51.68591607135275,52.13930130004883,51.68591607135275,52.13930130004883,6000,0.0,0.0
2021-03-05 00:00:00+08:00,51.232529246747305,53.04607010503925,51.232529246747305,50.96049880981445,6000,0.0,0.0
2021-03-08 00:00:00+08:00,51.05117525439182,52.774040479892676,51.05117525439182,52.59268569946289,4000,0.0,0.0
2021-03-09 00:00:00+08:00,52.59268569946289,52.59268569946289,52.59268569946289,52.59268569946289,10000,0.0,0.0
2021-03-10 00:00:00+08:00,52.502010345458984,52.502010345458984,52.502010345458984,52.502010345458984,2000,0.0,0.0
2021-03-11 00:00:00+08:00,52.502010345458984,52.502010345458984,52.502010345458984,52.502010345458984,0,0.0,0.0
2021-03-12 00:00:00+08:00,52.502010345458984,52.502010345458984,52.502010345458984,52.502010345458984,0,0.0,0.0
2021-03-15 00:00:00+08:00,52.502010345458984,52.502010345458984,52.502010345458984,52.502010345458984,0,0.0,0.0
2021-03-16 00:00:00+08:00,50.86982239748175,51.59524154663086,50.779146733365536,51.59524154663086,5000,0.0,0.0
2021-03-17 00:00:00+08:00,51.05117335852253,51.86726811062217,49.872372518087744,51.50455856323242,54000,0.0,0.0
2021-03-18 00:00:00+08:00,52.13930130004883,52.13930130004883,52.13930130004883,52.13930130004883,1000,0.0,0.0
2021-03-19 00:00:00+08:00,52.13930130004883,52.13930130004883,52.13930130004883,52.13930130004883,0,0.0,0.0
2021-03-22 00:00:00+08:00,52.13930130004883,52.13930130004883,52.13930130004883,52.13930130004883,0,0.0,0.0
2021-03-23 00:00:00+08:00,50.779144287109375,50.779144287109375,50.779144287109375,50.779144287109375,1000,0.0,0.0
2021-03-24 00:00:00+08:00,52.32065388141097,52.32065388141097,49.87237305767768,51.23252868652344,25000,0.0,0.0
2021-03-25 00:00:00+08:00,51.23252950395857,51.23252950395857,50.779144287109375,50.779144287109375,9000,0.0,0.0
2021-03-26 00:00:00+08:00,50.779144287109375,50.779144287109375,50.779144287109375,50.779144287109375,1000,0.0,0.0
2021-03-29 00:00:00+08:00,50.779144287109375,50.779144287109375,50.779144287109375,50.779144287109375,0,0.0,0.0
2021-03-30 00:00:00+08:00,51.23252868652344,51.23252868652344,51.23252868652344,51.23252868652344,1000,0.0,0.0
2021-03-31 00:00:00+08:00,49.8723741542325,50.68846893310547,49.8723741542325,50.68846893310547,2000,0.0,0.0
2021-04-01 00:00:00+08:00,50.5977897644043,50.5977897644043,50.5977897644043,50.5977897644043,1000,0.0,0.0
2021-04-07 00:00:00+08:00,50.779144287109375,50.779144287109375,50.779144287109375,50.779144287109375,2000,0.0,0.0
2021-04-08 00:00:00+08:00,50.59778840125489,51.323204040527344,50.053727536564196,51.323204040527344,36000,0.0,0.0
2021-04-09 00:00:00+08:00,52.59268600667618,52.59268600667618,52.502010345458984,52.502010345458984,2000,0.0,0.0
2021-04-12 00:00:00+08:00,50.144405673232484,51.0511761319132,50.05373001098633,50.05373001098633,26000,0.0,0.0
2021-04-13 00:00:00+08:00,51.23252843446374,51.413883209228516,50.32575801969447,51.413883209228516,3000,0.0,0.0
2021-04-14 00:00:00+08:00,50.32575907026018,50.960499065659995,50.14440429170957,50.779144287109375,8000,0.0,0.0
2021-04-15 00:00:00+08:00,50.77914398191031,50.86981964111328,50.77914398191031,50.86981964111328,2000,0.0,0.0
2021-04-16 00:00:00+08:00,50.1444037899983,51.14185333251953,50.1444037899983,51.14185333251953,2000,0.0,0.0
2021-04-19 00:00:00+08:00,51.50455831312329,53.49945389597039,51.50455831312329,51.6859130859375,43000,0.0,0.0
2021-04-20 00:00:00+08:00,53.40877909297007,53.40877909297007,53.227424317256435,53.31809997558594,7000,0.0,0.0
2021-04-21 00:00:00+08:00,52.13929887545311,53.95283970590365,52.13929887545311,53.499454498291016,24000,0.0,0.0
2021-04-22 00:00:00+08:00,51.14185382811983,53.31810079287842,51.14185382811983,52.864715576171875,109000,0.0,0.0
2021-04-23 00:00:00+08:00,51.685914455316,53.04607009887695,51.685914455316,53.04607009887695,10000,0.0,0.0
2021-04-26 00:00:00+08:00,53.04607009887695,53.04607009887695,53.04607009887695,53.04607009887695,0,0.0,0.0
2021-04-27 00:00:00+08:00,53.046071434020995,54.950287999312664,53.046071434020995,54.406227111816406,48000,0.0,0.0
2021-04-28 00:00:00+08:00,53.40877992845656,57.12653732299805,53.40877992845656,57.12653732299805,169000,0.0,0.0
2021-04-29 00:00:00+08:00,55.312997001964355,57.03586222663104,54.406226559309204,56.85450744628906,19000,0.0,0.0
2021-05-03 00:00:00+08:00,55.0409657788756,56.58247620129626,55.0409657788756,55.222320556640625,5000,0.0,0.0
2021-05-04 00:00:00+08:00,56.76382827758789,56.76382827758789,56.76382827758789,56.76382827758789,1000,0.0,0.0
2021-05-05 00:00:00+08:00,54.40622760403541,56.21976852416992,54.40622760403541,56.21976852416992,4000,0.0,0.0
2021-05-06 00:00:00+08:00,56.21976743251829,56.673152653748275,54.406226547598344,54.67825698852539,23000,0.0,0.0
2021-05-07 00:00:00+08:00,54.67825698852539,54.67825698852539,54.67825698852539,54.67825698852539,0,0.0,0.0
2021-05-10 00:00:00+08:00,54.49690144558054,55.222320556640625,54.49690144558054,55.222320556640625,2000,0.0,0.0
2021-05-11 00:00:00+08:00,53.49945530765252,55.13164138793945,53.49945530765252,55.13164138793945,2000,0.0,0.0
2021-05-12 00:00:00+08:00,50.77914219290326,52.41132821443566,49.96304745260978,52.048622131347656,45000,0.0,0.0
2021-05-13 00:00:00+08:00,52.59268438231892,53.40877914428711,52.13929917212652,53.40877914428711,39000,0.0,0.0
2021-05-14 00:00:00+08:00,53.408779398332555,55.131641129825915,53.22742462158203,53.22742462158203,4000,0.0,0.0
2021-05-17 00:00:00+08:00,53.22742462158203,53.22742462158203,53.22742462158203,53.22742462158203,0,0.0,0.0
2021-05-18 00:00:00+08:00,52.95539393409471,54.76893477486432,52.95539393409471,53.40877914428711,43000,0.0,0.0
2021-05-19 00:00:00+08:00,53.40877914428711,53.40877914428711,53.40877914428711,53.40877914428711,2000,0.0,0.0
2021-05-20 00:00:00+08:00,53.40877914428711,53.40877914428711,53.40877914428711,53.40877914428711,0,0.0,0.0
2021-05-21 00:00:00+08:00,53.68081209757752,58.66804618466657,53.68081209757752,58.123985290527344,608000,0.0,0.0
2021-05-24 00:00:00+08:00,58.486694995671954,58.486694995671954,54.406227902950654,56.129093170166016,23000,0.0,0.0
2021-05-25 00:00:00+08:00,58.84940364871937,58.84940364871937,55.49435228848221,56.491798400878906,11000,0.0,0.0
2021-05-26 00:00:00+08:00,56.94518367482644,57.57992368282602,55.766382779429925,56.58247756958008,13000,0.0,0.0
2021-05-27 00:00:00+08:00,54.496902257001295,54.9502874786371,54.22487181583077,54.76893615722656,48000,0.0,0.0
2021-05-28 00:00:00+08:00,54.40622384783843,55.04096381787413,54.134193420410156,54.134193420410156,5000,0.0,0.0
2021-05-31 00:00:00+08:00,54.043514554247466,54.043514554247466,52.41132852310259,53.95283889770508,12000,0.0,0.0
2021-06-01 00:00:00+08:00,52.229973443364386,52.229973443364386,51.14185173504581,52.048622131347656,86000,0.0,0.0
2021-06-02 00:00:00+08:00,52.04862563793153,52.13930130004883,52.04862563793153,52.13930130004883,3000,0.0,0.0
2021-06-03 00:00:00+08:00,52.592684632482516,55.222320247728504,52.592684632482516,53.22742462158203,9000,0.0,0.0
2021-06-04 00:00:00+08:00,52.13929912202924,53.31809997558594,51.68591391227247,53.31809997558594,5000,0.0,0.0
2021-06-07 00:00:00+08:00,52.59268569946289,52.59268569946289,52.59268569946289,52.59268569946289,1000,0.0,0.0
2021-06-08 00:00:00+08:00,54.3155517578125,54.3155517578125,54.3155517578125,54.3155517578125,1000,0.0,0.0
2021-06-09 00:00:00+08:00,54.22487258911133,54.22487258911133,54.22487258911133,54.22487258911133,1000,0.0,0.0
2021-06-10 00:00:00+08:00,54.85961286454202,54.85961286454202,52.13930148282919,54.04351806640625,8000,0.0,0.0
2021-06-11 00:00:00+08:00,53.59013046112036,53.59013046112036,52.41132960643103,53.40877914428711,8000,0.0,0.0
2021-06-15 00:00:00+08:00,53.40877914428711,53.40877914428711,53.40877914428711,53.40877914428711,0,0.0,0.0
2021-06-16 00:00:00+08:00,54.31554925561561,54.31554925561561,53.499454498291016,53.499454498291016,3000,0.0,0.0
2021-06-17 00:00:00+08:00,54.3155517578125,54.3155517578125,54.3155517578125,54.3155517578125,3000,0.0,0.0
2021-06-18 00:00:00+08:00,55.04096432680961,55.04096432680961,52.41132876622738,53.771484375,21000,0.0,0.0
2021-06-21 00:00:00+08:00,52.77403831218858,53.771484375,51.86726790634017,53.771484375,5000,0.0,0.0
2021-06-22 00:00:00+08:00,53.49945645506715,53.680811236556295,52.22997644369789,52.502010345458984,16000,0.0,0.0
2021-06-23 00:00:00+08:00,53.318101051748684,53.318101051748684,52.592685393307114,52.6833610534668,18000,0.0,0.0
2021-06-24 00:00:00+08:00,53.22742462158203,53.22742462158203,53.22742462158203,53.22742462158203,1000,0.0,0.0
2021-06-25 00:00:00+08:00,53.22742462158203,53.22742462158203,53.22742462158203,53.22742462158203,0,0.0,0.0
2021-06-28 00:00:00+08:00,53.22742462158203,53.22742462158203,53.22742462158203,53.22742462158203,0,0.0,0.0
2021-06-29 00:00:00+08:00,53.22742462158203,53.22742462158203,53.22742462158203,53.22742462158203,0,0.0,0.0
2021-06-30 00:00:00+08:00,53.22742462158203,53.22742462158203,53.22742462158203,53.22742462158203,0,0.0,0.0
2021-07-01 00:00:00+08:00,52.86471671085757,53.4994567196817,52.320655822753906,52.320655822753906,10000,0.0,0.0
2021-07-02 00:00:00+08:00,53.22742513315899,53.22742513315899,51.6859147045458,52.864715576171875,9000,0.0,0.0
2021-07-05 00:00:00+08:00,52.864715576171875,52.864715576171875,52.864715576171875,52.864715576171875,0,0.0,0.0
2021-07-06 00:00:00+08:00,52.864715576171875,52.864715576171875,52.864715576171875,52.864715576171875,0,0.0,0.0
2021-07-07 00:00:00+08:00,53.136745758159144,53.136745758159144,52.13929966983632,53.04607009887695,3000,0.0,0.0
2021-07-08 00:00:00+08:00,56.21976774830653,56.21976774830653,53.77148684810159,54.587581634521484,4000,0.0,0.0
2021-07-09 00:00:00+08:00,54.587581634521484,54.587581634521484,54.587581634521484,54.587581634521484,0,0.0,0.0
2021-07-12 00:00:00+08:00,52.50200897363458,54.04351592837741,52.22997507898146,53.22742462158203,6000,0.0,0.0
2021-07-13 00:00:00+08:00,53.13674709558545,54.406227111816406,53.13674709558545,54.406227111816406,4000,0.0,0.0
2021-07-14 00:00:00+08:00,54.40622491351629,54.40622491351629,52.59268408306575,53.499454498291016,8000,0.0,0.0
2021-07-15 00:00:00+08:00,54.31555171016447,54.31555171016447,52.683362121755756,54.22487258911133,5000,0.0,0.0
2021-07-16 00:00:00+08:00,54.406227111816406,54.406227111816406,54.406227111816406,54.406227111816406,1000,0.0,0.0
2021-07-19 00:00:00+08:00,52.86471665183732,54.406227111816406,52.86471665183732,54.406227111816406,7000,0.0,0.0
2021-07-20 00:00:00+08:00,53.04606849606298,54.224869326386795,53.04606849606298,53.95283889770508,5000,0.0,0.0
2021-07-21 00:00:00+08:00,53.13674760583531,54.04351806640625,53.13674760583531,54.04351806640625,2000,0.0,0.0
2021-07-22 00:00:00+08:00,53.04607061221493,54.22487148956433,52.6833610534668,52.6833610534668,5000,0.0,0.0
2021-07-23 00:00:00+08:00,51.77659066420262,52.77404022216797,51.77659066420262,52.77404022216797,2000,0.0,0.0
2021-07-26 00:00:00+08:00,54.496903034161186,54.496903034161186,53.68081169901161,54.22487258911133,6000,0.0,0.0
2021-07-27 00:00:00+08:00,54.22486877441406,57.088858360827665,54.22486877441406,54.22486877441406,19000,3.0,0.0
2021-07-28 00:00:00+08:00,50.69261383454639,54.893133319146735,50.69261383454639,54.79766845703125,5000,0.0,0.0
2021-07-29 00:00:00+08:00,56.70699499339379,56.70699499339379,56.61152648925781,56.61152648925781,2000,0.0,0.0
2021-07-30 00:00:00+08:00,55.08406784049826,55.84779767869428,54.70220110052468,55.4659309387207,9000,0.0,0.0
2021-08-02 00:00:00+08:00,56.80246270055738,56.80246270055738,54.4158046038953,55.75233459472656,12000,0.0,0.0
2021-08-03 00:00:00+08:00,54.79767135606173,55.84779946189254,54.60673797997852,55.75233459472656,12000,0.0,0.0
2021-08-04 00:00:00+08:00,54.79767135606173,55.75233459472656,54.79767135606173,55.75233459472656,16000,0.0,0.0
2021-08-05 00:00:00+08:00,56.51606369018555,56.51606369018555,56.51606369018555,56.51606369018555,1000,0.0,0.0
2021-08-06 00:00:00+08:00,56.51606369018555,56.51606369018555,56.51606369018555,56.51606369018555,0,0.0,0.0
2021-08-09 00:00:00+08:00,56.89792471816362,56.89792471816362,55.37046506949857,56.61152648925781,3000,0.0,0.0
2021-08-10 00:00:00+08:00,56.61152648925781,56.61152648925781,56.61152648925781,56.61152648925781,0,0.0,0.0
2021-08-11 00:00:00+08:00,54.033936717339955,54.89313507080078,54.033936717339955,54.89313507080078,2000,0.0,0.0
2021-08-12 00:00:00+08:00,56.70699544813142,56.70699544813142,54.797669051113544,56.22966384887695,3000,0.0,0.0
2021-08-13 00:00:00+08:00,56.611527371999216,56.611527371999216,54.22486935765059,55.656864166259766,7000,0.0,0.0
2021-08-16 00:00:00+08:00,54.98859905411687,56.61152722809885,54.70220082147325,55.84779739379883,5000,0.0,0.0
2021-08-17 00:00:00+08:00,57.470726013183594,57.470726013183594,57.470726013183594,57.470726013183594,1000,0.0,0.0
2021-08-18 00:00:00+08:00,57.470726013183594,57.470726013183594,57.470726013183594,57.470726013183594,0,0.0,0.0
2021-08-19 00:00:00+08:00,57.184329986572266,57.184329986572266,57.184329986572266,57.184329986572266,1000,0.0,0.0
2021-08-20 00:00:00+08:00,57.184329986572266,57.184329986572266,57.184329986572266,57.184329986572266,0,0.0,0.0
2021-08-23 00:00:00+08:00,56.80246261722785,58.23445747312435,56.32513099859569,57.75712585449219,7000,0.0,0.0
2021-08-24 00:00:00+08:00,56.22966666817235,57.757126405671414,54.51126991129681,55.179534912109375,23000,0.0,0.0
2021-08-25 00:00:00+08:00,55.275002368348474,60.239248241485846,55.275002368348474,56.325130462646484,30000,0.0,0.0
2021-08-26 00:00:00+08:00,57.75712545559845,58.61632381990288,55.84779899425635,56.13419723510742,14000,0.0,0.0
2021-08-27 00:00:00+08:00,56.325131087382836,56.325131087382836,55.847799467998236,63.771507263183594,13000,0.0,0.0
2021-08-30 00:00:00+08:00,55.75233369447504,56.70699691772461,55.75233369447504,56.70699691772461,8000,0.0,0.0
2021-08-31 00:00:00+08:00,56.70699691772461,56.70699691772461,56.70699691772461,56.70699691772461,0,0.0,0.0
2021-09-01 00:00:00+08:00,56.70699691772461,56.70699691772461,56.70699691772461,56.70699691772461,0,0.0,0.0
2021-09-02 00:00:00+08:00,56.70699691772461,56.70699691772461,56.70699691772461,56.70699691772461,0,0.0,0.0
2021-09-03 00:00:00+08:00,54.41580231500953,55.275000650368014,53.93847071575506,56.22966384887695,3000,0.0,0.0
2021-09-06 00:00:00+08:00,55.37046579214243,55.84779739379883,55.37046579214243,55.84779739379883,5000,0.0,0.0
2021-09-07 00:00:00+08:00,55.84779739379883,55.84779739379883,55.84779739379883,55.84779739379883,0,0.0,0.0
2021-09-08 00:00:00+08:00,55.84779739379883,55.84779739379883,55.84779739379883,55.84779739379883,0,0.0,0.0
2021-09-09 00:00:00+08:00,54.22486980583518,55.275001525878906,54.22486980583518,55.275001525878906,2000,0.0,0.0
2021-09-10 00:00:00+08:00,54.129403832156115,55.179531888933404,53.938470464991774,60.62111282348633,4000,0.0,0.0
2021-09-13 00:00:00+08:00,56.22966503357292,56.22966503357292,54.89313507080078,54.89313507080078,11000,0.0,0.0
2021-09-14 00:00:00+08:00,54.89313507080078,54.89313507080078,54.89313507080078,54.89313507080078,5000,0.0,0.0
2021-09-15 00:00:00+08:00,54.89313507080078,54.89313507080078,54.89313507080078,54.89313507080078,0,0.0,0.0
2021-09-16 00:00:00+08:00,55.37046813964844,55.37046813964844,55.37046813964844,55.37046813964844,10000,0.0,0.0
2021-09-17 00:00:00+08:00,55.37046813964844,55.37046813964844,55.37046813964844,55.37046813964844,0,0.0,0.0
2021-09-22 00:00:00+08:00,53.74753874060025,56.70699691772461,53.74753874060025,56.70699691772461,24000,0.0,0.0
2021-09-23 00:00:00+08:00,56.70699691772461,56.70699691772461,56.70699691772461,56.70699691772461,0,0.0,0.0
2021-09-24 00:00:00+08:00,57.27979145120542,57.27979145120542,56.1341948938311,56.61152648925781,8000,0.0,0.0
2021-09-27 00:00:00+08:00,56.61152648925781,56.61152648925781,56.61152648925781,56.61152648925781,0,0.0,0.0
2021-09-28 00:00:00+08:00,56.61152648925781,56.61152648925781,56.61152648925781,56.61152648925781,0,0.0,0.0
2021-09-29 00:00:00+08:00,54.893135620375816,56.325130462646484,54.893135620375816,56.325130462646484,2000,0.0,0.0
2021-09-30 00:00:00+08:00,54.70220299339157,56.13419785521728,54.70220299339157,55.5614013671875,7000,0.0,0.0
2021-10-01 00:00:00+08:00,55.5614013671875,55.5614013671875,55.5614013671875,55.5614013671875,0,0.0,0.0
2021-10-04 00:00:00+08:00,55.37046813964844,55.37046813964844,55.37046813964844,55.37046813964844,1000,0.0,0.0
2021-10-05 00:00:00+08:00,55.37046813964844,55.37046813964844,55.37046813964844,55.37046813964844,0,0.0,0.0
2021-10-06 00:00:00+08:00,54.60673683356423,59.189119554602584,54.60673683356423,54.89313507080078,36000,0.0,0.0
2021-10-07 00:00:00+08:00,56.42059625111368,56.516064760543145,55.37046813964844,55.37046813964844,4000,0.0,0.0
2021-10-08 00:00:00+08:00,55.37046813964844,55.37046813964844,55.37046813964844,55.37046813964844,0,0.0,0.0
2021-10-12 00:00:00+08:00,55.37046813964844,55.37046813964844,55.37046813964844,55.37046813964844,0,0.0,0.0
2021-10-13 00:00:00+08:00,54.033935546875,54.033935546875,54.033935546875,54.033935546875,1000,0.0,0.0
2021-10-14 00:00:00+08:00,58.234456919007386,58.234456919007386,56.325130462646484,56.325130462646484,2000,0.0,0.0
2021-10-15 00:00:00+08:00,56.8979278730072,56.8979278730072,55.37046813964844,55.37046813964844,12000,0.0,0.0
2021-10-18 00:00:00+08:00,55.37046813964844,55.37046813964844,55.37046813964844,55.37046813964844,0,0.0,0.0
2021-10-19 00:00:00+08:00,55.37046813964844,55.37046813964844,55.37046813964844,55.37046813964844,0,0.0,0.0
2021-10-20 00:00:00+08:00,55.37046813964844,55.37046813964844,55.37046813964844,55.37046813964844,0,0.0,0.0
2021-10-21 00:00:00+08:00,55.37046813964844,55.37046813964844,55.37046813964844,55.37046813964844,0,0.0,0.0
2021-10-22 00:00:00+08:00,56.03873062133789,56.03873062133789,56.03873062133789,56.03873062133789,1000,0.0,0.0
2021-10-25 00:00:00+08:00,55.84779739379883,55.84779739379883,55.84779739379883,55.84779739379883,1000,0.0,0.0
2021-10-26 00:00:00+08:00,57.27979292955422,57.27979292955422,55.27500163372028,57.08885955810547,4000,0.0,0.0
2021-10-27 00:00:00+08:00,56.99339623701046,56.99339623701046,55.37046799836335,51.551815032958984,7000,0.0,0.0
2021-10-28 00:00:00+08:00,53.46113967895508,53.46113967895508,53.46113967895508,53.46113967895508,1000,0.0,0.0
2021-10-29 00:00:00+08:00,54.702200960520315,55.656864166259766,54.03393598815248,55.656864166259766,3000,0.0,0.0
2021-11-01 00:00:00+08:00,55.656866384434295,55.656866384434295,52.12461165407199,55.37046813964844,6000,0.0,0.0
2021-11-02 00:00:00+08:00,55.37046813964844,55.37046813964844,55.37046813964844,55.37046813964844,0,0.0,0.0
2021-11-03 00:00:00+08:00,55.37046813964844,55.37046813964844,55.37046813964844,55.37046813964844,0,0.0,0.0
2021-11-04 00:00:00+08:00,55.37046813964844,55.37046813964844,55.37046813964844,55.37046813964844,0,0.0,0.0
2021-11-05 00:00:00+08:00,55.37046813964844,55.37046813964844,55.37046813964844,55.37046813964844,0,0.0,0.0
2021-11-08 00:00:00+08:00,55.37046813964844,55.37046813964844,55.37046813964844,55.37046813964844,0,0.0,0.0
2021-11-09 00:00:00+08:00,55.37046813964844,55.37046813964844,55.37046813964844,55.37046813964844,0,0.0,0.0
2021-11-10 00:00:00+08:00,55.37046813964844,55.37046813964844,55.37046813964844,55.37046813964844,0,0.0,0.0
2021-11-11 00:00:00+08:00,55.37046813964844,55.37046813964844,55.37046813964844,55.37046813964844,0,0.0,0.0
2021-11-12 00:00:00+08:00,55.37046813964844,55.37046813964844,55.37046813964844,55.37046813964844,0,0.0,0.0
2021-11-15 00:00:00+08:00,55.37046813964844,55.37046813964844,55.37046813964844,55.37046813964844,0,0.0,0.0
2021-11-16 00:00:00+08:00,53.36567649806449,55.84779946189254,53.36567649806449,55.75233459472656,4000,0.0,0.0
2021-11-17 00:00:00+08:00,54.22486935765059,55.656864166259766,54.22486935765059,55.656864166259766,4000,0.0,0.0
2021-11-18 00:00:00+08:00,54.32033741965878,54.797669018630295,54.033935546875,54.033935546875,4000,0.0,0.0
2021-11-19 00:00:00+08:00,54.033938141646075,55.37046813964844,54.033938141646075,55.37046813964844,3000,0.0,0.0
2021-11-22 00:00:00+08:00,55.37046813964844,55.37046813964844,55.37046813964844,55.37046813964844,0,0.0,0.0
2021-11-23 00:00:00+08:00,55.37046813964844,55.37046813964844,55.37046813964844,55.37046813964844,0,0.0,0.0
2021-11-24 00:00:00+08:00,56.61152648925781,56.61152648925781,56.61152648925781,56.61152648925781,1000,0.0,0.0
2021-11-25 00:00:00+08:00,55.37046813964844,55.37046813964844,55.37046813964844,55.37046813964844,6000,0.0,0.0
2021-11-26 00:00:00+08:00,55.37046813964844,55.37046813964844,55.37046813964844,55.37046813964844,0,0.0,0.0
2021-11-29 00:00:00+08:00,55.37046813964844,55.37046813964844,55.37046813964844,55.37046813964844,0,0.0,0.0
2021-11-30 00:00:00+08:00,55.37046813964844,55.37046813964844,54.4158048958614,55.37046813964844,12000,0.0,0.0
2021-12-01 00:00:00+08:00,55.27500078896597,56.03873062133789,55.27500078896597,56.03873062133789,12000,0.0,0.0
2021-12-02 00:00:00+08:00,56.134196526659956,56.134196526659956,54.89313507080078,54.89313507080078,26000,0.0,0.0
2021-12-03 00:00:00+08:00,56.70699691772461,56.70699691772461,56.70699691772461,56.70699691772461,1000,0.0,0.0
2021-12-06 00:00:00+08:00,54.988600486493375,56.325130462646484,54.988600486493375,56.325130462646484,4000,0.0,0.0
2021-12-07 00:00:00+08:00,55.65686329840439,56.61152648925781,55.65686329840439,56.61152648925781,15000,0.0,0.0
2021-12-08 00:00:00+08:00,56.42059571620188,62.14857512461836,56.42059571620188,61.76670837402344,71000,0.0,0.0
2021-12-09 00:00:00+08:00,61.766707575763576,61.766707575763576,57.470726716722794,58.711788177490234,10000,0.0,0.0
2021-12-10 00:00:00+08:00,58.23445540208083,58.23445540208083,58.23445540208083,62.05310821533203,3000,0.0,0.0
2021-12-13 00:00:00+08:00,55.75233310139447,60.43018066050475,55.75233310139447,57.27979278564453,6000,0.0,0.0
2021-12-14 00:00:00+08:00,58.99818417865009,58.99818417865009,56.99339294433594,56.99339294433594,2000,0.0,0.0
2021-12-15 00:00:00+08:00,57.661659240722656,57.661659240722656,57.661659240722656,57.661659240722656,1000,0.0,0.0
2021-12-16 00:00:00+08:00,59.570987701416016,59.570987701416016,59.570987701416016,59.570987701416016,1000,0.0,0.0
2021-12-17 00:00:00+08:00,60.52565002441406,60.52565002441406,60.52565002441406,60.52565002441406,1000,0.0,0.0
2021-12-20 00:00:00+08:00,60.52565002441406,60.52565002441406,60.52565002441406,60.52565002441406,0,0.0,0.0
2021-12-21 00:00:00+08:00,60.52565002441406,60.52565002441406,60.52565002441406,60.52565002441406,0,0.0,0.0
2021-12-22 00:00:00+08:00,56.706995175869885,58.6163215637207,56.706995175869885,58.6163215637207,2000,0.0,0.0
2021-12-23 00:00:00+08:00,56.61152953400572,57.37525939941406,56.61152953400572,57.37525939941406,2000,0.0,0.0
2021-12-24 00:00:00+08:00,58.99818584086364,58.99818584086364,57.27979278564453,57.27979278564453,2000,0.0,0.0
2021-12-27 00:00:00+08:00,57.27979278564453,57.27979278564453,57.27979278564453,57.27979278564453,0,0.0,0.0
2021-12-28 00:00:00+08:00,56.13419647263575,59.09365463256836,56.13419647263575,59.09365463256836,10000,0.0,0.0
2021-12-29 00:00:00+08:00,57.08885955810547,57.08885955810547,57.08885955810547,57.08885955810547,1000,0.0,0.0
2021-12-30 00:00:00+08:00,57.08885955810547,57.08885955810547,57.08885955810547,57.08885955810547,13000,0.0,0.0
2022-01-03 00:00:00+08:00,55.847799983263734,57.27979485462947,55.847799983263734,57.184329986572266,22000,0.0,0.0
2022-01-04 00:00:00+08:00,55.84779914095098,56.03873251593696,55.84779914095098,55.94326400756836,3000,0.0,0.0
2022-01-05 00:00:00+08:00,56.325130462646484,56.325130462646484,56.325130462646484,56.325130462646484,1000,0.0,0.0
2022-01-06 00:00:00+08:00,56.32512858030887,56.32512858030887,56.32512858030887,60.430179595947266,2000,0.0,0.0
2022-01-07 00:00:00+08:00,56.03873062133789,56.03873062133789,56.03873062133789,56.03873062133789,2000,0.0,0.0
2022-01-10 00:00:00+08:00,56.03873062133789,56.03873062133789,56.03873062133789,56.03873062133789,0,0.0,0.0
2022-01-11 00:00:00+08:00,55.65686491734864,60.907512619773065,55.37046668011209,54.89313507080078,32000,0.0,0.0
2022-01-12 00:00:00+08:00,55.94326139043062,56.802459716796875,54.89313333976169,56.802459716796875,15000,0.0,0.0
2022-01-13 00:00:00+08:00,55.656864734866616,57.08885955810547,55.656864734866616,57.08885955810547,4000,0.0,0.0
2022-01-14 00:00:00+08:00,55.27500327197024,56.13419800632782,55.27500327197024,55.37046813964844,3000,0.0,0.0
2022-01-17 00:00:00+08:00,55.17953214546646,56.22966384887695,55.17953214546646,56.22966384887695,2000,0.0,0.0
2022-01-18 00:00:00+08:00,56.22966384887695,56.22966384887695,56.22966384887695,56.22966384887695,0,0.0,0.0
2022-01-19 00:00:00+08:00,56.22966384887695,56.22966384887695,56.22966384887695,56.22966384887695,0,0.0,0.0
2022-01-20 00:00:00+08:00,55.37046813964844,55.37046813964844,55.37046813964844,55.37046813964844,1000,0.0,0.0
2022-01-21 00:00:00+08:00,57.08885955810547,57.08885955810547,57.08885955810547,57.08885955810547,1000,0.0,0.0
2022-01-24 00:00:00+08:00,57.08885955810547,57.08885955810547,57.08885955810547,57.08885955810547,0,0.0,0.0
2022-01-25 00:00:00+08:00,57.08885955810547,57.08885955810547,57.08885955810547,57.08885955810547,0,0.0,0.0
2022-01-26 00:00:00+08:00,55.56140046447887,56.51606369018555,54.893135478133956,56.51606369018555,6000,0.0,0.0
2022-02-07 00:00:00+08:00,55.37046813964844,55.37046813964844,55.37046813964844,55.37046813964844,5000,0.0,0.0
2022-02-08 00:00:00+08:00,54.89313533684996,56.70699691772461,54.89313533684996,56.70699691772461,12000,0.0,0.0
2022-02-09 00:00:00+08:00,56.325130462646484,56.325130462646484,56.325130462646484,56.325130462646484,4000,0.0,0.0
2022-02-10 00:00:00+08:00,56.325130462646484,56.325130462646484,56.325130462646484,56.325130462646484,11000,0.0,0.0
2022-02-11 00:00:00+08:00,56.325130462646484,56.325130462646484,56.325130462646484,56.325130462646484,2000,0.0,0.0
2022-02-14 00:00:00+08:00,56.325130462646484,56.325130462646484,56.325130462646484,56.325130462646484,5000,0.0,0.0
2022-02-15 00:00:00+08:00,56.325130462646484,56.325130462646484,56.325130462646484,56.325130462646484,0,0.0,0.0
2022-02-16 00:00:00+08:00,56.325130462646484,56.325130462646484,56.325130462646484,56.325130462646484,0,0.0,0.0
2022-02-17 00:00:00+08:00,56.32512928278568,56.42059414690351,56.32512928278568,55.4659309387207,7000,0.0,0.0
2022-02-18 00:00:00+08:00,56.99339336269243,57.27979159230373,56.5160617660899,56.42059326171875,8000,0.0,0.0
2022-02-21 00:00:00+08:00,56.325130462646484,56.325130462646484,56.325130462646484,56.325130462646484,5000,0.0,0.0
2022-02-22 00:00:00+08:00,56.32513075754031,59.857385448651556,55.75233427433361,55.94326400756836,47000,0.0,0.0
2022-02-23 00:00:00+08:00,55.465932345462676,58.13899230957031,55.465932345462676,58.13899230957031,22000,0.0,0.0
2022-02-24 00:00:00+08:00,56.42059296350084,56.42059296350084,54.79766845703125,54.79766845703125,60000,0.0,0.0
2022-02-25 00:00:00+08:00,55.179534912109375,55.179534912109375,55.179534912109375,55.179534912109375,1000,0.0,0.0
2022-03-01 00:00:00+08:00,58.138993160921814,58.138993160921814,58.138993160921814,55.179534912109375,1000,0.0,0.0
2022-03-02 00:00:00+08:00,55.37046813964844,55.5614015167561,55.37046813964844,55.37046813964844,19000,0.0,0.0
2022-03-03 00:00:00+08:00,55.37046813964844,55.37046813964844,55.37046813964844,55.37046813964844,0,0.0,0.0
2022-03-04 00:00:00+08:00,55.5614013671875,55.5614013671875,55.5614013671875,55.5614013671875,2000,0.0,0.0
2022-03-07 00:00:00+08:00,55.5614013671875,55.5614013671875,55.5614013671875,55.5614013671875,0,0.0,0.0
2022-03-08 00:00:00+08:00,55.5614013671875,55.5614013671875,55.5614013671875,55.5614013671875,0,0.0,0.0
2022-03-09 00:00:00+08:00,55.5614013671875,55.5614013671875,55.5614013671875,55.5614013671875,0,0.0,0.0
2022-03-10 00:00:00+08:00,55.5614013671875,55.5614013671875,55.5614013671875,55.5614013671875,0,0.0,0.0
2022-03-11 00:00:00+08:00,55.08406974657893,56.03873298779607,55.08406974657893,55.5614013671875,34000,0.0,0.0
2022-03-14 00:00:00+08:00,55.5614013671875,55.5614013671875,55.5614013671875,55.5614013671875,0,0.0,0.0
2022-03-15 00:00:00+08:00,55.5614013671875,55.5614013671875,55.5614013671875,55.5614013671875,0,0.0,0.0
2022-03-16 00:00:00+08:00,55.5614013671875,55.5614013671875,55.5614013671875,55.5614013671875,0,0.0,0.0
2022-03-17 00:00:00+08:00,55.5614013671875,55.5614013671875,55.5614013671875,55.5614013671875,0,0.0,0.0
2022-03-18 00:00:00+08:00,55.5614013671875,55.5614013671875,55.5614013671875,55.5614013671875,0,0.0,0.0
2022-03-21 00:00:00+08:00,55.5614013671875,55.5614013671875,55.5614013671875,55.5614013671875,0,0.0,0.0
2022-03-22 00:00:00+08:00,55.5614013671875,55.5614013671875,55.5614013671875,55.5614013671875,0,0.0,0.0
2022-03-23 00:00:00+08:00,56.80246253427442,56.80246253427442,56.80246253427442,51.93368148803711,1000,0.0,0.0
2022-03-24 00:00:00+08:00,54.89313507080078,54.89313507080078,54.89313507080078,54.89313507080078,4000,0.0,0.0
2022-03-25 00:00:00+08:00,53.46113894026875,54.415802135630685,52.22007751464844,52.22007751464844,10000,0.0,0.0
2022-03-28 00:00:00+08:00,52.22007751464844,52.22007751464844,52.22007751464844,52.22007751464844,0,0.0,0.0
2022-03-29 00:00:00+08:00,54.22486877441406,54.22486877441406,54.22486877441406,54.22486877441406,1000,0.0,0.0
2022-03-30 00:00:00+08:00,53.174740579381606,54.415802001953125,53.174740579381606,54.415802001953125,3000,0.0,0.0
2022-03-31 00:00:00+08:00,54.41580346148947,54.89313507080078,54.41580346148947,54.89313507080078,3000,0.0,0.0
2022-04-01 00:00:00+08:00,52.98380779418383,54.79766933753201,52.697409561484406,53.8430061340332,6000,0.0,0.0
2022-04-06 00:00:00+08:00,53.46113967895508,53.46113967895508,53.46113967895508,53.46113967895508,1000,0.0,0.0
2022-04-07 00:00:00+08:00,52.029144287109375,52.029144287109375,52.029144287109375,52.029144287109375,2000,0.0,0.0
2022-04-08 00:00:00+08:00,52.029144287109375,52.029144287109375,52.029144287109375,52.029144287109375,0,0.0,0.0
2022-04-11 00:00:00+08:00,52.029144287109375,52.029144287109375,52.029144287109375,52.029144287109375,0,0.0,0.0
2022-04-12 00:00:00+08:00,52.029144287109375,52.029144287109375,52.029144287109375,52.029144287109375,0,0.0,0.0
2022-04-13 00:00:00+08:00,52.02914456997925,52.506476171538694,51.55181296841981,51.64727783203125,19000,0.0,0.0
2022-04-14 00:00:00+08:00,51.64727783203125,51.64727783203125,51.64727783203125,51.64727783203125,0,0.0,0.0
2022-04-15 00:00:00+08:00,51.64727783203125,51.64727783203125,51.64727783203125,51.64727783203125,0,0.0,0.0
2022-04-18 00:00:00+08:00,52.4110107421875,52.4110107421875,52.4110107421875,52.4110107421875,1000,0.0,0.0
2022-04-19 00:00:00+08:00,52.4110107421875,52.4110107421875,52.4110107421875,52.4110107421875,0,0.0,0.0
2022-04-20 00:00:00+08:00,52.4110107421875,52.4110107421875,52.4110107421875,52.4110107421875,0,0.0,0.0
2022-04-21 00:00:00+08:00,52.4110107421875,52.4110107421875,52.4110107421875,52.4110107421875,0,0.0,0.0
2022-04-22 00:00:00+08:00,52.4110107421875,52.4110107421875,52.4110107421875,52.4110107421875,0,0.0,0.0
2022-04-25 00:00:00+08:00,52.4110107421875,52.4110107421875,52.4110107421875,52.4110107421875,0,0.0,0.0
2022-04-26 00:00:00+08:00,51.55181413130327,52.50647735595703,51.55181413130327,52.50647735595703,45000,0.0,0.0
2022-04-27 00:00:00+08:00,51.551815032958984,51.551815032958984,51.551815032958984,51.551815032958984,5000,0.0,0.0
2022-04-28 00:00:00+08:00,50.59715125674293,50.59715125674293,50.11981964111328,50.11981964111328,10000,0.0,0.0
2022-04-29 00:00:00+08:00,50.11981957459557,50.11981957459557,50.11981957459557,52.124610900878906,6000,0.0,0.0
2022-05-03 00:00:00+08:00,51.551815032958984,51.551815032958984,51.551815032958984,51.551815032958984,5000,0.0,0.0
2022-05-04 00:00:00+08:00,51.551815032958984,51.551815032958984,51.551815032958984,51.551815032958984,2000,0.0,0.0
2022-05-05 00:00:00+08:00,51.551815032958984,51.551815032958984,51.551815032958984,51.551815032958984,7000,0.0,0.0
2022-05-06 00:00:00+08:00,51.551815032958984,51.551815032958984,51.551815032958984,51.551815032958984,0,0.0,0.0
2022-05-09 00:00:00+08:00,51.551815032958984,51.551815032958984,51.551815032958984,51.551815032958984,0,0.0,0.0
2022-05-10 00:00:00+08:00,51.551815032958984,51.551815032958984,51.551815032958984,51.551815032958984,13000,0.0,0.0
2022-05-11 00:00:00+08:00,51.551815032958984,51.551815032958984,51.551815032958984,51.551815032958984,6000,0.0,0.0
2022-05-12 00:00:00+08:00,50.59714889526367,50.59714889526367,50.59714889526367,50.59714889526367,5000,0.0,0.0
2022-05-13 00:00:00+08:00,50.59714889526367,50.59714889526367,50.59714889526367,50.59714889526367,0,0.0,0.0
2022-05-16 00:00:00+08:00,50.59714889526367,50.59714889526367,50.59714889526367,50.59714889526367,0,0.0,0.0
2022-05-17 00:00:00+08:00,50.59714889526367,50.59714889526367,50.59714889526367,50.59714889526367,0,0.0,0.0
2022-05-18 00:00:00+08:00,51.07448196411133,51.07448196411133,51.07448196411133,51.07448196411133,4000,0.0,0.0
2022-05-19 00:00:00+08:00,51.074483412283435,51.551815032958984,50.59715179160789,51.551815032958984,15000,0.0,0.0
2022-05-20 00:00:00+08:00,50.59714889526367,50.59714889526367,50.59714889526367,50.59714889526367,2000,0.0,0.0
2022-05-23 00:00:00+08:00,50.59714889526367,50.59714889526367,50.59714889526367,50.59714889526367,2000,0.0,0.0
2022-05-24 00:00:00+08:00,50.59714889526367,50.59714889526367,50.59714889526367,50.59714889526367,5000,0.0,0.0
2022-05-25 00:00:00+08:00,50.59714889526367,50.59714889526367,50.59714889526367,50.59714889526367,0,0.0,0.0
2022-05-26 00:00:00+08:00,50.11981964111328,50.11981964111328,50.11981964111328,50.11981964111328,2000,0.0,0.0
2022-05-27 00:00:00+08:00,50.59715125674293,50.59715125674293,50.11981964111328,50.11981964111328,9000,0.0,0.0
2022-05-30 00:00:00+08:00,50.11981964111328,50.11981964111328,50.11981964111328,50.11981964111328,2000,0.0,0.0
2022-05-31 00:00:00+08:00,50.11981964111328,50.11981964111328,50.11981964111328,50.11981964111328,2000,0.0,0.0
2022-06-01 00:00:00+08:00,50.59714889526367,50.59714889526367,50.59714889526367,50.59714889526367,2000,0.0,0.0
2022-06-02 00:00:00+08:00,50.59714889526367,50.59714889526367,50.59714889526367,50.59714889526367,7000,0.0,0.0
2022-06-06 00:00:00+08:00,50.59714889526367,50.59714889526367,50.59714889526367,50.59714889526367,6000,0.0,0.0
2022-06-07 00:00:00+08:00,50.59714889526367,50.59714889526367,50.59714889526367,50.59714889526367,6000,0.0,0.0
2022-06-08 00:00:00+08:00,50.59714889526367,50.59714889526367,50.59714889526367,50.59714889526367,7000,0.0,0.0
2022-06-09 00:00:00+08:00,50.59714889526367,50.59714889526367,50.59714889526367,50.59714889526367,17000,0.0,0.0
2022-06-10 00:00:00+08:00,50.59714889526367,50.59714889526367,50.59714889526367,50.59714889526367,6000,0.0,0.0
2022-06-13 00:00:00+08:00,50.59714889526367,50.59714889526367,50.59714889526367,50.59714889526367,8000,0.0,0.0
2022-06-14 00:00:00+08:00,50.59714889526367,50.59714889526367,50.59714889526367,50.59714889526367,6000,0.0,0.0
2022-06-15 00:00:00+08:00,50.59714903393874,50.59714903393874,50.40621566772461,50.40621566772461,11000,0.0,0.0
2022-06-16 00:00:00+08:00,50.40621566772461,50.40621566772461,50.40621566772461,50.40621566772461,5000,0.0,0.0
2022-06-17 00:00:00+08:00,49.737952891909075,50.11981964111328,49.737952891909075,50.11981964111328,6000,0.0,0.0
2022-06-20 00:00:00+08:00,49.73795143589646,49.73795143589646,49.642486572265625,49.642486572265625,4000,0.0,0.0
2022-06-21 00:00:00+08:00,50.11981964111328,50.11981964111328,50.11981964111328,50.11981964111328,6000,0.0,0.0
2022-06-22 00:00:00+08:00,50.11981964111328,51.074482872372585,50.11981964111328,50.11981964111328,6000,0.0,0.0
2022-06-23 00:00:00+08:00,50.11981964111328,50.11981964111328,50.11981964111328,50.11981964111328,12000,0.0,0.0
2022-06-24 00:00:00+08:00,50.11981964111328,50.11981964111328,50.11981964111328,50.11981964111328,9000,0.0,0.0
2022-06-27 00:00:00+08:00,50.11981964111328,50.11981964111328,50.11981964111328,50.11981964111328,5000,0.0,0.0
2022-06-28 00:00:00+08:00,50.11981817392203,50.11981817392203,49.642486572265625,49.642486572265625,20000,0.0,0.0
2022-06-29 00:00:00+08:00,50.11981817392203,50.11981817392203,49.642486572265625,49.642486572265625,12000,0.0,0.0
2022-06-30 00:00:00+08:00,49.642486572265625,49.642486572265625,49.642486572265625,49.642486572265625,5000,0.0,0.0
2022-07-01 00:00:00+08:00,48.78328913853205,48.78328913853205,46.77849783104488,47.685428619384766,28000,0.0,0.0
2022-07-04 00:00:00+08:00,47.73315896793287,47.73315896793287,46.77849578857422,46.77849578857422,20000,0.0,0.0
2022-07-05 00:00:00+08:00,46.77849578857422,48.210490557612204,46.77849578857422,46.77849578857422,11000,0.0,0.0
2022-07-06 00:00:00+08:00,47.73315896793287,47.73315896793287,45.82383260921556,46.77849578857422,11000,0.0,0.0
2022-07-07 00:00:00+08:00,47.01716158341388,47.01716158341388,46.77849578857422,46.77849578857422,8000,0.0,0.0
2022-07-08 00:00:00+08:00,47.73315896793287,47.73315896793287,46.77849578857422,46.77849578857422,13000,0.0,0.0
2022-07-11 00:00:00+08:00,46.30116653442383,46.30116653442383,46.30116653442383,46.30116653442383,6000,0.0,0.0
2022-07-12 00:00:00+08:00,45.82383346557617,45.82383346557617,45.82383346557617,45.82383346557617,10000,0.0,0.0
2022-07-13 00:00:00+08:00,45.823835701778016,45.823835701778016,41.52785110473633,41.52785110473633,83000,0.0,0.0
2022-07-14 00:00:00+08:00,41.71878414460976,42.912113189697266,41.5278507690455,42.912113189697266,14000,0.0,0.0
2022-07-15 00:00:00+08:00,45.25103759765625,45.25103759765625,45.25103759765625,45.25103759765625,1000,0.0,0.0
2022-07-18 00:00:00+08:00,45.63290023803711,45.63290023803711,45.346502006347244,45.63290023803711,18000,0.0,0.0
2022-07-19 00:00:00+08:00,47.54222869873047,47.54222869873047,47.54222869873047,47.54222869873047,1000,0.0,0.0
2022-07-20 00:00:00+08:00,47.255828857421875,47.255828857421875,47.255828857421875,47.255828857421875,2000,0.0,0.0
2022-07-21 00:00:00+08:00,45.82383346557617,45.82383346557617,45.82383346557617,45.82383346557617,2000,0.0,0.0
2022-07-22 00:00:00+08:00,46.539833068847656,46.539833068847656,46.539833068847656,46.539833068847656,2000,0.0,0.0
2022-07-25 00:00:00+08:00,46.53982999373456,46.77849578857422,46.53982999373456,46.77849578857422,5000,0.0,0.0
2022-07-26 00:00:00+08:00,46.348899841308594,46.348899841308594,46.348899841308594,46.348899841308594,2000,0.0,0.0
2022-07-27 00:00:00+08:00,46.444366455078125,46.444366455078125,46.444366455078125,46.444366455078125,2000,0.0,0.0
2022-07-28 00:00:00+08:00,46.444366455078125,46.444366455078125,46.444366455078125,46.444366455078125,2000,0.0,0.0
2022-07-29 00:00:00+08:00,46.444366455078125,46.444366455078125,46.444366455078125,46.444366455078125,5000,0.0,0.0
2022-08-01 00:00:00+08:00,46.444366455078125,46.444366455078125,46.444366455078125,46.444366455078125,3000,0.0,0.0
2022-08-02 00:00:00+08:00,46.444366455078125,46.444366455078125,46.444366455078125,46.444366455078125,4000,0.0,0.0
2022-08-03 00:00:00+08:00,46.444366455078125,46.444366455078125,46.444366455078125,46.444366455078125,4000,0.0,0.0
2022-08-04 00:00:00+08:00,46.444366455078125,46.444366455078125,46.444366455078125,46.444366455078125,0,0.0,0.0
2022-08-05 00:00:00+08:00,44.5350410202236,46.30116653442383,44.15317427251757,46.30116653442383,12000,0.0,0.0
2022-08-08 00:00:00+08:00,46.30116653442383,46.30116653442383,46.30116653442383,46.30116653442383,5000,0.0,0.0
2022-08-09 00:00:00+08:00,46.34889954393107,46.73076629638672,46.34889954393107,46.73076629638672,2000,0.0,0.0
2022-08-10 00:00:00+08:00,46.73076629638672,46.73076629638672,46.73076629638672,46.73076629638672,0,0.0,0.0
2022-08-11 00:00:00+08:00,48.68782424926758,48.68782424926758,48.68782424926758,48.68782424926758,1000,0.0,0.0
2022-08-12 00:00:00+08:00,48.68782424926758,48.68782424926758,48.68782424926758,48.68782424926758,0,0.0,0.0
2022-08-15 00:00:00+08:00,48.68782424926758,48.68782424926758,48.68782424926758,48.68782424926758,0,0.0,0.0
2022-08-16 00:00:00+08:00,44.869171142578125,44.869171142578125,44.869171142578125,44.869171142578125,2000,0.0,0.0
2022-08-17 00:00:00+08:00,47.73316192626953,47.73316192626953,47.73316192626953,47.73316192626953,1000,0.0,0.0
2022-08-18 00:00:00+08:00,45.919298188635615,46.301164923051935,45.346501728762206,46.014766693115234,5000,0.0,0.0
2022-08-19 00:00:00+08:00,46.014766693115234,46.014766693115234,46.014766693115234,46.014766693115234,6000,0.0,0.0
2022-08-22 00:00:00+08:00,46.77849666277567,46.77849666277567,45.82383346557617,45.82383346557617,2000,0.0,0.0
2022-08-23 00:00:00+08:00,45.82383346557617,45.82383346557617,45.82383346557617,45.82383346557617,0,0.0,0.0
2022-08-24 00:00:00+08:00,45.82383346557617,45.82383346557617,45.82383346557617,45.82383346557617,0,0.0,0.0
2022-08-25 00:00:00+08:00,45.87156677246094,45.87156677246094,45.87156677246094,45.87156677246094,1000,0.0,0.0
2022-08-26 00:00:00+08:00,47.73316192626953,47.73316192626953,47.73316192626953,47.73316192626953,1000,0.0,0.0
2022-08-29 00:00:00+08:00,44.86917253911361,46.348899841308594,44.86917253911361,46.348899841308594,3000,0.0,0.0
2022-08-30 00:00:00+08:00,45.632899958698914,46.014766693115234,45.537435095970366,46.014766693115234,1000,0.0,0.0
2022-08-31 00:00:00+08:00,46.014766693115234,46.014766693115234,46.014766693115234,46.014766693115234,0,0.0,0.0
2022-09-01 00:00:00+08:00,47.73316192626953,47.73316192626953,47.73316192626953,47.73316192626953,1000,0.0,0.0
2022-09-02 00:00:00+08:00,47.73316192626953,47.73316192626953,47.73316192626953,47.73316192626953,0,0.0,0.0
2022-09-05 00:00:00+08:00,47.73316192626953,47.73316192626953,47.73316192626953,47.73316192626953,0,0.0,0.0
2022-09-06 00:00:00+08:00,47.73316192626953,47.73316192626953,47.73316192626953,47.73316192626953,0,0.0,0.0
2022-09-07 00:00:00+08:00,44.91690186047463,46.77849578857422,44.91690186047463,46.77849578857422,4000,0.0,0.0
2022-09-08 00:00:00+08:00,45.82383260921556,46.77849578857422,45.82383260921556,46.77849578857422,2000,0.0,0.0
2022-09-12 00:00:00+08:00,46.77849844628406,46.77849844628406,45.34650359588761,45.9193000793457,6000,0.0,0.0
2022-09-13 00:00:00+08:00,45.9193000793457,45.9193000793457,45.9193000793457,45.9193000793457,0,0.0,0.0
2022-09-14 00:00:00+08:00,46.30116653442383,46.30116653442383,46.30116653442383,46.30116653442383,5000,0.0,0.0
2022-09-15 00:00:00+08:00,47.63769676503171,48.115028381347656,47.63769676503171,48.115028381347656,8000,0.0,0.0
2022-09-16 00:00:00+08:00,46.444367867030145,47.924095153808594,46.444367867030145,47.924095153808594,2000,0.0,0.0
2022-09-19 00:00:00+08:00,47.924095153808594,47.924095153808594,47.924095153808594,47.924095153808594,0,0.0,0.0
2022-09-20 00:00:00+08:00,47.73316192626953,47.73316192626953,47.73316192626953,47.73316192626953,10000,0.0,0.0
2022-09-21 00:00:00+08:00,47.73316192626953,47.73316192626953,47.73316192626953,47.73316192626953,5000,0.0,0.0
2022-09-22 00:00:00+08:00,47.82862679342157,47.82862679342157,47.73316192626953,47.73316192626953,15000,0.0,0.0
2022-09-23 00:00:00+08:00,47.73316192626953,47.73316192626953,47.73316192626953,47.73316192626953,0,0.0,0.0
2022-09-26 00:00:00+08:00,47.73316192626953,47.73316192626953,47.73316192626953,47.73316192626953,0,0.0,0.0
2022-09-27 00:00:00+08:00,47.73316192626953,47.73316192626953,47.73316192626953,47.73316192626953,10000,0.0,0.0
2022-09-28 00:00:00+08:00,47.73316192626953,47.73316192626953,47.73316192626953,47.73316192626953,5000,0.0,0.0
2022-09-29 00:00:00+08:00,47.73316192626953,47.73316192626953,47.73316192626953,47.73316192626953,7000,0.0,0.0
2022-09-30 00:00:00+08:00,47.73316192626953,47.73316192626953,47.73316192626953,47.73316192626953,0,0.0,0.0
2022-10-03 00:00:00+08:00,47.73316192626953,47.73316192626953,47.73316192626953,47.73316192626953,6000,0.0,0.0
2022-10-04 00:00:00+08:00,47.73316192626953,47.73316192626953,47.73316192626953,47.73316192626953,0,0.0,0.0
2022-10-05 00:00:00+08:00,47.924095153808594,47.924095153808594,47.924095153808594,47.924095153808594,2000,0.0,0.0
2022-10-06 00:00:00+08:00,48.68782424926758,48.68782424926758,48.68782424926758,48.68782424926758,13000,0.0,0.0
2022-10-07 00:00:00+08:00,48.68782424926758,48.68782424926758,48.68782424926758,48.68782424926758,0,0.0,0.0
2022-10-11 00:00:00+08:00,48.68782367128314,48.68782367128314,47.01716305511166,47.255828857421875,7000,0.0,0.0
2022-10-12 00:00:00+08:00,47.255828857421875,47.255828857421875,47.255828857421875,47.255828857421875,8000,0.0,0.0
2022-10-13 00:00:00+08:00,47.255828857421875,47.255828857421875,47.255828857421875,47.255828857421875,7000,0.0,0.0
2022-10-14 00:00:00+08:00,47.73316192626953,47.73316192626953,47.73316192626953,47.73316192626953,2000,0.0,0.0
2022-10-17 00:00:00+08:00,47.73316192626953,47.73316192626953,47.73316192626953,47.73316192626953,0,0.0,0.0
2022-10-18 00:00:00+08:00,47.73316192626953,47.73316192626953,47.73316192626953,47.73316192626953,0,0.0,0.0
2022-10-19 00:00:00+08:00,47.73316192626953,47.73316192626953,47.73316192626953,47.73316192626953,0,0.0,0.0
2022-10-20 00:00:00+08:00,47.73316192626953,47.73316192626953,47.73316192626953,47.73316192626953,2000,0.0,0.0
2022-10-21 00:00:00+08:00,47.73316192626953,47.73316192626953,47.73316192626953,47.73316192626953,0,0.0,0.0
2022-10-24 00:00:00+08:00,47.73316192626953,47.73316192626953,47.73316192626953,47.73316192626953,0,0.0,0.0
2022-10-25 00:00:00+08:00,47.73316192626953,47.73316192626953,47.73316192626953,47.73316192626953,0,0.0,0.0
2022-10-26 00:00:00+08:00,46.77849780811983,48.68782424926758,46.77849780811983,48.68782424926758,2000,0.0,0.0
2022-10-27 00:00:00+08:00,48.68782424926758,48.68782424926758,48.68782424926758,48.68782424926758,0,0.0,0.0
2022-10-28 00:00:00+08:00,47.73316192626953,47.73316192626953,47.73316192626953,47.73316192626953,1000,0.0,0.0
2022-10-31 00:00:00+08:00,47.73316192626953,47.73316192626953,47.73316192626953,47.73316192626953,0,0.0,0.0
2022-11-01 00:00:00+08:00,47.73316192626953,47.73316192626953,47.73316192626953,47.73316192626953,0,0.0,0.0
2022-11-02 00:00:00+08:00,47.73316192626953,47.73316192626953,47.73316192626953,47.73316192626953,0,0.0,0.0
2022-11-03 00:00:00+08:00,47.73316192626953,47.73316192626953,47.73316192626953,47.73316192626953,0,0.0,0.0
2022-11-04 00:00:00+08:00,47.255828857421875,47.255828857421875,47.255828857421875,47.255828857421875,4000,0.0,0.0
2022-11-07 00:00:00+08:00,48.68782516479492,48.68782516479492,47.73316192626953,47.73316192626953,16000,0.0,0.0
2022-11-08 00:00:00+08:00,47.73316192626953,47.73316192626953,47.73316192626953,47.73316192626953,15000,0.0,0.0
2022-11-09 00:00:00+08:00,48.21049118041992,48.21049118041992,48.21049118041992,48.21049118041992,1000,0.0,0.0
2022-11-10 00:00:00+08:00,48.21049118041992,48.21049118041992,48.21049118041992,48.21049118041992,0,0.0,0.0
2022-11-11 00:00:00+08:00,48.21049263898064,48.68782424926758,48.21049263898064,48.68782424926758,48000,0.0,0.0
2022-11-14 00:00:00+08:00,48.68782424926758,48.68782424926758,48.68782424926758,48.68782424926758,0,0.0,0.0
2022-11-15 00:00:00+08:00,48.68782424926758,48.68782424926758,48.68782424926758,48.68782424926758,0,0.0,0.0
2022-11-16 00:00:00+08:00,48.68782424926758,48.68782424926758,48.68782424926758,48.68782424926758,0,0.0,0.0
2022-11-17 00:00:00+08:00,48.21049263898064,48.68782424926758,47.73316102869371,48.68782424926758,17000,0.0,0.0
2022-11-18 00:00:00+08:00,48.21049118041992,48.21049118041992,48.21049118041992,48.21049118041992,5000,0.0,0.0
2022-11-21 00:00:00+08:00,48.21049118041992,48.21049118041992,48.21049118041992,48.21049118041992,3000,0.0,0.0
2022-11-22 00:00:00+08:00,48.21049118041992,48.21049118041992,48.21049118041992,48.21049118041992,5000,0.0,0.0
2022-11-23 00:00:00+08:00,48.21049278305073,48.496891021728516,48.21049278305073,48.496891021728516,10000,0.0,0.0
2022-11-24 00:00:00+08:00,48.49688940957716,48.49688940957716,48.21049118041992,48.21049118041992,3000,0.0,0.0
2022-11-25 00:00:00+08:00,48.21049118041992,48.21049118041992,48.21049118041992,48.21049118041992,7000,0.0,0.0
2022-11-28 00:00:00+08:00,48.21049118041992,48.21049118041992,48.21049118041992,48.21049118041992,0,0.0,0.0
2022-11-29 00:00:00+08:00,48.21049118041992,48.21049118041992,48.21049118041992,48.21049118041992,0,0.0,0.0
2022-11-30 00:00:00+08:00,48.21049118041992,48.21049118041992,48.21049118041992,48.21049118041992,0,0.0,0.0
2022-12-01 00:00:00+08:00,51.07448196411133,51.07448196411133,51.07448196411133,51.07448196411133,2000,0.0,0.0
2022-12-02 00:00:00+08:00,51.074482300702265,51.074482300702265,48.68782424926758,48.68782424926758,4000,0.0,0.0
2022-12-05 00:00:00+08:00,47.733159447345926,48.401424407958984,47.733159447345926,48.401424407958984,21000,0.0,0.0
2022-12-06 00:00:00+08:00,48.68782424926758,48.68782424926758,48.68782424926758,48.68782424926758,12000,0.0,0.0
2022-12-07 00:00:00+08:00,47.7331593111961,48.59235763549805,47.7331593111961,48.59235763549805,3000,0.0,0.0
2022-12-08 00:00:00+08:00,48.21049118041992,48.21049118041992,48.21049118041992,48.21049118041992,2000,0.0,0.0
2022-12-09 00:00:00+08:00,48.21049118041992,48.21049118041992,48.21049118041992,48.21049118041992,0,0.0,0.0
2022-12-12 00:00:00+08:00,48.21049118041992,48.21049118041992,48.21049118041992,48.21049118041992,0,0.0,0.0
2022-12-13 00:00:00+08:00,51.551815032958984,51.551815032958984,51.551815032958984,51.551815032958984,1000,0.0,0.0
2022-12-14 00:00:00+08:00,51.551815032958984,51.551815032958984,51.551815032958984,51.551815032958984,1000,0.0,0.0
2022-12-15 00:00:00+08:00,51.551815032958984,51.551815032958984,51.551815032958984,51.551815032958984,0,0.0,0.0
2022-12-16 00:00:00+08:00,51.551815032958984,51.551815032958984,51.551815032958984,51.551815032958984,0,0.0,0.0
2022-12-19 00:00:00+08:00,49.642486572265625,49.642486572265625,49.642486572265625,49.642486572265625,1000,0.0,0.0
2022-12-20 00:00:00+08:00,49.642486572265625,49.642486572265625,49.642486572265625,49.642486572265625,0,0.0,0.0
2022-12-21 00:00:00+08:00,46.396630490798664,49.2606201171875,46.396630490798664,49.2606201171875,3000,0.0,0.0
2022-12-22 00:00:00+08:00,49.2606201171875,49.2606201171875,49.2606201171875,49.2606201171875,1000,0.0,0.0
2022-12-23 00:00:00+08:00,49.2606201171875,49.2606201171875,49.2606201171875,49.2606201171875,0,0.0,0.0
2022-12-26 00:00:00+08:00,46.73076629638672,46.73076629638672,46.73076629638672,46.73076629638672,1000,0.0,0.0
2022-12-27 00:00:00+08:00,46.73076629638672,46.73076629638672,46.73076629638672,46.73076629638672,0,0.0,0.0
2022-12-28 00:00:00+08:00,43.91450881958008,43.91450881958008,43.91450881958008,43.91450881958008,1000,0.0,0.0
2022-12-29 00:00:00+08:00,43.91450881958008,43.91450881958008,43.91450881958008,43.91450881958008,1000,0.0,0.0
2022-12-30 00:00:00+08:00,43.91450881958008,43.91450881958008,43.91450881958008,43.91450881958008,0,0.0,0.0
2023-01-03 00:00:00+08:00,43.914506286337605,43.914506286337605,43.914506286337605,48.783287048339844,2000,0.0,0.0
2023-01-04 00:00:00+08:00,48.783287048339844,48.783287048339844,48.783287048339844,48.783287048339844,0,0.0,0.0
2023-01-05 00:00:00+08:00,48.783287048339844,48.783287048339844,48.783287048339844,48.783287048339844,0,0.0,0.0
2023-01-06 00:00:00+08:00,48.783287048339844,48.783287048339844,48.783287048339844,48.783287048339844,0,0.0,0.0
2023-01-09 00:00:00+08:00,48.783287048339844,48.783287048339844,48.783287048339844,48.783287048339844,0,0.0,0.0
2023-01-10 00:00:00+08:00,46.30116653442383,46.30116653442383,46.30116653442383,46.30116653442383,2000,0.0,0.0
2023-01-11 00:00:00+08:00,46.30116653442383,46.30116653442383,46.30116653442383,46.30116653442383,0,0.0,0.0
2023-01-12 00:00:00+08:00,46.30116653442383,46.30116653442383,46.30116653442383,46.30116653442383,0,0.0,0.0
2023-01-13 00:00:00+08:00,46.30116653442383,46.30116653442383,46.30116653442383,46.30116653442383,0,0.0,0.0
2023-01-16 00:00:00+08:00,50.21528213867788,50.21528213867788,48.59235763549805,48.59235763549805,3000,0.0,0.0
2023-01-17 00:00:00+08:00,48.59235763549805,48.59235763549805,48.59235763549805,48.59235763549805,0,0.0,0.0
2023-01-30 00:00:00+08:00,45.63289937887562,46.587562561035156,45.63289937887562,46.587562561035156,2000,0.0,0.0
2023-01-31 00:00:00+08:00,50.50168368598866,50.50168368598866,48.783287048339844,48.783287048339844,2000,0.0,0.0
2023-02-01 00:00:00+08:00,48.783287048339844,48.783287048339844,48.783287048339844,48.783287048339844,0,0.0,0.0
2023-02-02 00:00:00+08:00,47.73316192626953,47.73316192626953,47.73316192626953,47.73316192626953,2000,0.0,0.0
2023-02-03 00:00:00+08:00,47.73316192626953,47.73316192626953,47.73316192626953,47.73316192626953,0,0.0,0.0
2023-02-06 00:00:00+08:00,47.73316192626953,47.73316192626953,47.73316192626953,47.73316192626953,0,0.0,0.0
2023-02-07 00:00:00+08:00,47.73316192626953,47.73316192626953,47.73316192626953,47.73316192626953,0,0.0,0.0
2023-02-08 00:00:00+08:00,47.733159718779746,47.733159718779746,47.01716232299805,47.01716232299805,2000,0.0,0.0
2023-02-09 00:00:00+08:00,47.01716232299805,47.01716232299805,47.01716232299805,47.01716232299805,0,0.0,0.0
2023-02-10 00:00:00+08:00,47.01716232299805,47.01716232299805,47.01716232299805,47.01716232299805,0,0.0,0.0
2023-02-13 00:00:00+08:00,47.01716232299805,47.01716232299805,47.01716232299805,47.01716232299805,0,0.0,0.0
2023-02-14 00:00:00+08:00,47.01716232299805,47.01716232299805,47.01716232299805,47.01716232299805,0,0.0,0.0
2023-02-15 00:00:00+08:00,47.01716232299805,47.01716232299805,47.01716232299805,47.01716232299805,0,0.0,0.0
2023-02-16 00:00:00+08:00,47.01716232299805,47.01716232299805,47.01716232299805,47.01716232299805,0,0.0,0.0
2023-02-17 00:00:00+08:00,47.01716232299805,47.01716232299805,47.01716232299805,47.01716232299805,0,0.0,0.0
2023-02-20 00:00:00+08:00,47.01716232299805,47.01716232299805,47.01716232299805,47.01716232299805,0,0.0,0.0
2023-02-21 00:00:00+08:00,46.77849578857422,46.77849578857422,46.77849578857422,46.77849578857422,1000,0.0,0.0
2023-02-22 00:00:00+08:00,46.73076629638672,46.73076629638672,46.73076629638672,46.73076629638672,1000,0.0,0.0
2023-02-23 00:00:00+08:00,46.77849578857422,46.77849578857422,46.77849578857422,46.77849578857422,1000,0.0,0.0
2023-02-24 00:00:00+08:00,46.77849578857422,46.873960649809675,46.77849578857422,46.77849578857422,4000,0.0,0.0
2023-03-01 00:00:00+08:00,44.67823860401902,46.20570196282598,44.67823860401902,45.9193000793457,5000,0.0,0.0
2023-03-02 00:00:00+08:00,45.9193000793457,45.9193000793457,45.9193000793457,45.9193000793457,0,0.0,0.0
2023-03-03 00:00:00+08:00,45.9193000793457,45.9193000793457,45.9193000793457,45.9193000793457,0,0.0,0.0
2023-03-06 00:00:00+08:00,46.348899841308594,46.348899841308594,46.348899841308594,46.348899841308594,1000,0.0,0.0
2023-03-07 00:00:00+08:00,46.348899841308594,46.348899841308594,46.348899841308594,46.348899841308594,0,0.0,0.0
2023-03-08 00:00:00+08:00,45.82383260921556,46.77849578857422,45.82383260921556,46.77849578857422,4000,0.0,0.0
2023-03-09 00:00:00+08:00,46.77849578857422,46.77849578857422,46.77849578857422,46.77849578857422,1000,0.0,0.0
2023-03-10 00:00:00+08:00,47.255828857421875,47.255828857421875,47.255828857421875,47.255828857421875,1000,0.0,0.0
2023-03-13 00:00:00+08:00,47.255828857421875,47.255828857421875,47.255828857421875,47.255828857421875,1000,0.0,0.0
2023-03-14 00:00:00+08:00,47.20809642531006,47.255828857421875,47.20809642531006,47.255828857421875,2000,0.0,0.0
2023-03-15 00:00:00+08:00,46.110233306884766,46.110233306884766,46.110233306884766,46.110233306884766,4000,0.0,0.0
2023-03-16 00:00:00+08:00,47.255828857421875,47.255828857421875,47.255828857421875,47.255828857421875,1000,0.0,0.0
2023-03-17 00:00:00+08:00,45.87156503983329,46.77849578857422,45.82383260921556,46.77849578857422,3000,0.0,0.0
2023-03-20 00:00:00+08:00,46.77849578857422,46.77849578857422,46.77849578857422,46.77849578857422,0,0.0,0.0
2023-03-21 00:00:00+08:00,46.77849578857422,46.77849578857422,46.77849578857422,46.77849578857422,0,0.0,0.0
2023-03-22 00:00:00+08:00,46.77849578857422,46.77849578857422,46.77849578857422,46.77849578857422,0,0.0,0.0
2023-03-23 00:00:00+08:00,46.77849578857422,46.77849578857422,46.77849578857422,46.77849578857422,0,0.0,0.0
2023-03-24 00:00:00+08:00,46.77849725280145,47.255828857421875,45.96703498164718,47.255828857421875,8000,0.0,0.0
2023-03-27 00:00:00+08:00,49.92888603826842,49.92888603826842,47.30356216430664,47.30356216430664,4000,0.0,0.0
2023-03-28 00:00:00+08:00,47.06489562988281,47.06489562988281,47.06489562988281,47.06489562988281,2000,0.0,0.0
2023-03-29 00:00:00+08:00,46.77849578857422,46.77849578857422,46.77849578857422,46.77849578857422,4000,0.0,0.0
2023-03-30 00:00:00+08:00,46.77849578857422,46.77849578857422,46.77849578857422,46.77849578857422,0,0.0,0.0
2023-03-31 00:00:00+08:00,46.77849578857422,46.77849578857422,46.77849578857422,46.77849578857422,0,0.0,0.0
2023-04-06 00:00:00+08:00,46.77849578857422,46.77849578857422,46.77849578857422,46.77849578857422,0,0.0,0.0
2023-04-07 00:00:00+08:00,46.77849578857422,46.77849578857422,46.77849578857422,46.77849578857422,5000,0.0,0.0
2023-04-10 00:00:00+08:00,46.77849578857422,46.77849578857422,46.77849578857422,46.77849578857422,3000,0.0,0.0
2023-04-11 00:00:00+08:00,46.77849578857422,46.77849578857422,46.77849578857422,46.77849578857422,6000,0.0,0.0
2023-04-12 00:00:00+08:00,46.77849578857422,46.77849578857422,46.77849578857422,46.77849578857422,0,0.0,0.0
2023-04-13 00:00:00+08:00,46.77849578857422,46.77849578857422,46.77849578857422,46.77849578857422,4000,0.0,0.0
2023-04-14 00:00:00+08:00,46.77849578857422,46.77849578857422,46.77849578857422,46.77849578857422,0,0.0,0.0
2023-04-17 00:00:00+08:00,46.826229684913265,47.255828857421875,46.77849725280145,47.255828857421875,10000,0.0,0.0
2023-04-18 00:00:00+08:00,47.255828857421875,47.255828857421875,47.255828857421875,47.255828857421875,0,0.0,0.0
2023-04-19 00:00:00+08:00,46.30116653442383,46.30116653442383,46.30116653442383,46.30116653442383,2000,0.0,0.0
2023-04-20 00:00:00+08:00,46.77849578857422,46.77849578857422,46.77849578857422,46.77849578857422,2000,0.0,0.0
2023-04-21 00:00:00+08:00,46.63529689118815,48.11502779720378,46.63529689118815,47.685428619384766,8000,0.0,0.0
2023-04-24 00:00:00+08:00,46.15796646385573,46.348899841308594,46.15796646385573,46.348899841308594,4000,0.0,0.0
2023-04-25 00:00:00+08:00,46.348899841308594,46.348899841308594,46.348899841308594,46.348899841308594,2000,0.0,0.0
2023-04-26 00:00:00+08:00,46.348899841308594,46.348899841308594,46.348899841308594,46.348899841308594,0,0.0,0.0
2023-04-27 00:00:00+08:00,46.348899841308594,46.348899841308594,46.348899841308594,46.348899841308594,0,0.0,0.0
2023-04-28 00:00:00+08:00,46.348899841308594,46.348899841308594,46.348899841308594,46.348899841308594,0,0.0,0.0
2023-05-02 00:00:00+08:00,46.15796559359626,46.30116653442383,46.15796559359626,46.30116653442383,2000,0.0,0.0
2023-05-03 00:00:00+08:00,46.30116653442383,46.30116653442383,46.30116653442383,46.30116653442383,0,0.0,0.0
2023-05-04 00:00:00+08:00,45.82383346557617,45.82383346557617,45.82383346557617,45.82383346557617,1000,0.0,0.0
2023-05-05 00:00:00+08:00,45.82383346557617,45.82383346557617,45.82383346557617,45.82383346557617,0,0.0,0.0
2023-05-08 00:00:00+08:00,45.537436825259356,46.110233306884766,45.48970439208244,46.110233306884766,3000,0.0,0.0
2023-05-09 00:00:00+08:00,46.348899841308594,46.348899841308594,46.348899841308594,46.348899841308594,1000,0.0,0.0
2023-05-10 00:00:00+08:00,46.58756329498556,46.58756329498556,45.82383346557617,45.82383346557617,10000,0.0,0.0
2023-05-11 00:00:00+08:00,45.82383346557617,45.82383346557617,45.82383346557617,45.82383346557617,1000,0.0,0.0
2023-05-12 00:00:00+08:00,45.9193000793457,45.9193000793457,45.9193000793457,45.9193000793457,1000,0.0,0.0
2023-05-15 00:00:00+08:00,45.9193000793457,45.967036154426566,45.9193000793457,45.9193000793457,8000,0.0,0.0
2023-05-16 00:00:00+08:00,45.9193000793457,45.9193000793457,45.9193000793457,45.9193000793457,0,0.0,0.0
2023-05-17 00:00:00+08:00,45.9193000793457,45.9193000793457,45.9193000793457,45.9193000793457,0,0.0,0.0
2023-05-18 00:00:00+08:00,45.9193000793457,45.9193000793457,45.9193000793457,45.9193000793457,0,0.0,0.0
2023-05-19 00:00:00+08:00,49.16515621696551,49.16515621696551,46.30116653442383,46.30116653442383,5000,0.0,0.0
2023-05-22 00:00:00+08:00,46.30116653442383,46.30116653442383,46.30116653442383,46.30116653442383,0,0.0,0.0
2023-05-23 00:00:00+08:00,46.30116653442383,46.30116653442383,46.30116653442383,46.30116653442383,0,0.0,0.0
2023-05-24 00:00:00+08:00,46.30116653442383,46.30116653442383,46.30116653442383,46.30116653442383,1000,0.0,0.0
2023-05-25 00:00:00+08:00,46.30116653442383,46.30116653442383,46.30116653442383,46.30116653442383,0,0.0,0.0
2023-05-26 00:00:00+08:00,45.82383346557617,45.82383346557617,45.82383346557617,45.82383346557617,3000,0.0,0.0
2023-05-29 00:00:00+08:00,45.82383346557617,45.82383346557617,45.82383346557617,45.82383346557617,0,0.0,0.0
2023-05-30 00:00:00+08:00,49.356089281434826,49.356089281434826,46.68303298950195,46.68303298950195,5000,0.0,0.0
2023-05-31 00:00:00+08:00,46.77849624868906,47.39902877807617,46.77849624868906,47.39902877807617,2000,0.0,0.0
2023-06-01 00:00:00+08:00,46.01476896901874,47.54222869873047,46.01476896901874,47.54222869873047,7000,0.0,0.0
2023-06-02 00:00:00+08:00,47.58995819091797,47.58995819091797,47.58995819091797,47.58995819091797,4000,0.0,0.0
2023-06-05 00:00:00+08:00,47.68542949269351,47.73316192626953,47.68542949269351,47.73316192626953,2000,0.0,0.0
2023-06-06 00:00:00+08:00,47.73316192626953,47.73316192626953,47.73316192626953,47.73316192626953,0,0.0,0.0
2023-06-07 00:00:00+08:00,46.873960649809675,46.873960649809675,46.77849578857422,46.77849578857422,4000,0.0,0.0
2023-06-08 00:00:00+08:00,46.30116653442383,46.30116653442383,46.30116653442383,46.30116653442383,6000,0.0,0.0
2023-06-09 00:00:00+08:00,46.110233306884766,46.110233306884766,46.110233306884766,46.110233306884766,1000,0.0,0.0
2023-06-12 00:00:00+08:00,47.73315896793287,47.73315896793287,46.348896629512616,46.77849578857422,9000,0.0,0.0
2023-06-13 00:00:00+08:00,46.778495925817275,46.778495925817275,46.587562561035156,46.587562561035156,9000,0.0,0.0
2023-06-14 00:00:00+08:00,46.587562561035156,46.587562561035156,46.587562561035156,46.587562561035156,0,0.0,0.0
2023-06-15 00:00:00+08:00,46.587562561035156,46.587562561035156,46.587562561035156,46.587562561035156,5000,0.0,0.0
2023-06-16 00:00:00+08:00,46.0624986754523,46.873960925987824,46.0624986754523,46.396629333496094,5000,0.0,0.0
2023-06-19 00:00:00+08:00,46.396629333496094,46.396629333496094,46.396629333496094,46.396629333496094,0,0.0,0.0
2023-06-20 00:00:00+08:00,46.30116653442383,46.30116653442383,46.30116653442383,46.30116653442383,2000,0.0,0.0
2023-06-21 00:00:00+08:00,46.11023316057081,46.30116653442383,46.11023316057081,46.30116653442383,8000,0.0,0.0
2023-06-26 00:00:00+08:00,46.11023243227153,46.68303254478336,46.0625,46.0625,16000,0.0,0.0
2023-06-27 00:00:00+08:00,46.01476963534407,46.01476963534407,45.967037200927734,45.967037200927734,8000,0.0,0.0
2023-06-28 00:00:00+08:00,46.92169952392578,46.92169952392578,46.77849858177088,46.92169952392578,3000,0.0,0.0
2023-06-29 00:00:00+08:00,45.96703426175096,46.58756315298864,45.96703426175096,46.014766693115234,3000,0.0,0.0
2023-06-30 00:00:00+08:00,45.967037200927734,45.967037200927734,45.967037200927734,45.967037200927734,5000,0.0,0.0
2023-07-03 00:00:00+08:00,45.967037200927734,45.967037200927734,45.967037200927734,45.967037200927734,0,0.0,0.0
2023-07-04 00:00:00+08:00,45.9193000793457,45.9193000793457,45.9193000793457,45.9193000793457,2000,0.0,0.0
2023-07-05 00:00:00+08:00,46.92169952392578,46.92169952392578,46.92169952392578,46.92169952392578,1000,0.0,0.0
2023-07-06 00:00:00+08:00,45.9193000793457,45.9193000793457,45.9193000793457,45.9193000793457,1000,0.0,0.0
2023-07-07 00:00:00+08:00,45.9193000793457,45.9193000793457,45.9193000793457,45.9193000793457,1000,0.0,0.0
2023-07-10 00:00:00+08:00,45.9193000793457,45.9193000793457,45.9193000793457,45.9193000793457,0,0.0,0.0
2023-07-11 00:00:00+08:00,45.9193000793457,45.9193000793457,45.9193000793457,45.9193000793457,1000,0.0,0.0
2023-07-12 00:00:00+08:00,45.9193000793457,45.9193000793457,45.9193000793457,45.9193000793457,0,0.0,0.0
2023-07-13 00:00:00+08:00,45.9193000793457,45.9193000793457,45.9193000793457,45.9193000793457,1000,0.0,0.0
2023-07-14 00:00:00+08:00,45.9193000793457,45.9193000793457,45.9193000793457,45.9193000793457,0,0.0,0.0
2023-07-17 00:00:00+08:00,45.9193000793457,45.9193000793457,45.9193000793457,45.9193000793457,2000,0.0,0.0
2023-07-18 00:00:00+08:00,46.348899301040355,46.348899301040355,44.91690444946289,44.91690444946289,4000,0.0,0.0
2023-07-19 00:00:00+08:00,44.009971207359136,46.730763459493694,44.009971207359136,44.58277130126953,19000,0.0,0.0
2023-07-20 00:00:00+08:00,44.58277130126953,44.58277130126953,44.58277130126953,44.58277130126953,0,0.0,0.0
2023-07-21 00:00:00+08:00,44.58277130126953,44.58277130126953,44.58277130126953,44.58277130126953,0,0.0,0.0
2023-07-24 00:00:00+08:00,43.962240233875924,44.057708740234375,43.962240233875924,44.057708740234375,5000,0.0,0.0
2023-07-25 00:00:00+08:00,44.153175354003906,44.153175354003906,44.153175354003906,44.153175354003906,30000,0.0,0.0
2023-07-26 00:00:00+08:00,43.962242126464844,43.962242126464844,43.962242126464844,43.962242126464844,1000,0.0,0.0
2023-07-27 00:00:00+08:00,44.20090778819852,44.20090778819852,44.153175354003906,44.153175354003906,12000,0.0,0.0
2023-07-28 00:00:00+08:00,43.96224071045147,45.871567157304966,43.96224071045147,48.496891021728516,8000,0.0,0.0
2023-07-31 00:00:00+08:00,44.48730307404773,44.48730307404773,44.200904846191406,44.200904846191406,8000,0.0,0.0
2023-08-01 00:00:00+08:00,46.7307654222282,46.7307654222282,46.68303298950195,46.68303298950195,2000,0.0,0.0
2023-08-02 00:00:00+08:00,45.060104805737836,45.060104805737836,44.4873046875,44.4873046875,7000,0.0,0.0
2023-08-04 00:00:00+08:00,44.1054429198093,44.153175354003906,44.1054429198093,44.153175354003906,3000,0.0,0.0
2023-08-07 00:00:00+08:00,44.10543998415631,44.200904846191406,44.10543998415631,44.200904846191406,4000,0.0,0.0
2023-08-08 00:00:00+08:00,44.10544117253803,44.10544117253803,44.057708740234375,44.057708740234375,4000,0.0,0.0
2023-08-09 00:00:00+08:00,42.53024497923504,44.67823718668884,42.53024497923504,43.43717575073242,3000,0.0,0.0
2023-08-10 00:00:00+08:00,43.150777659250224,43.389443460859184,43.150777659250224,43.24624252319336,8000,0.0,0.0
2023-08-11 00:00:00+08:00,42.243848300814705,43.723575592041016,42.243848300814705,43.723575592041016,7000,0.0,0.0
2023-08-14 00:00:00+08:00,42.196114319991906,42.482512552670926,42.196114319991906,42.43478012084961,7000,0.0,0.0
2023-08-15 00:00:00+08:00,42.24384587970611,42.387046813964844,42.24384587970611,42.387046813964844,7000,0.0,0.0
2023-08-16 00:00:00+08:00,41.241451263427734,41.241451263427734,41.241451263427734,41.241451263427734,1000,0.0,0.0
2023-08-17 00:00:00+08:00,40.23905548652364,41.4323844909668,40.23905548652364,41.4323844909668,2000,0.0,0.0
2023-08-18 00:00:00+08:00,40.52545399866358,41.05051803588867,40.52545399866358,41.05051803588867,6000,0.0,0.0
2023-08-21 00:00:00+08:00,41.0982521725335,41.0982521725335,41.0982521725335,45.15557098388672,1000,0.0,0.0
2023-08-22 00:00:00+08:00,45.15557098388672,45.15557098388672,45.15557098388672,45.15557098388672,0,0.0,0.0
2023-08-23 00:00:00+08:00,45.15557098388672,45.15557098388672,45.15557098388672,45.15557098388672,0,0.0,0.0
2023-08-24 00:00:00+08:00,41.71878433227539,41.71878433227539,41.71878433227539,41.71878433227539,6000,0.0,0.0
2023-08-25 00:00:00+08:00,41.71878433227539,41.71878433227539,41.71878433227539,41.71878433227539,0,0.0,0.0
2023-08-28 00:00:00+08:00,45.967037200927734,45.967037200927734,45.967037200927734,45.967037200927734,55000,0.0,0.0
2023-08-29 00:00:00+08:00,45.967035774119914,50.501686096191406,45.967035774119914,50.501686096191406,254000,0.0,0.0
2023-08-30 00:00:00+08:00,55.17953518208127,55.37046856064063,47.303563360955664,47.16036605834961,26000,0.0,0.0
2023-08-31 00:00:00+08:00,47.73316075259085,51.16994687007693,45.919299187291934,46.87396240234375,21000,0.0,0.0
2023-09-01 00:00:00+08:00,48.30595722492148,51.07448200527221,47.06489577370434,46.87396240234375,18000,0.0,0.0
2023-09-04 00:00:00+08:00,46.062500438807184,46.68303298950195,46.062500438807184,46.68303298950195,2000,0.0,0.0
2023-09-05 00:00:00+08:00,48.21049417779917,48.21049417779917,47.16036605834961,47.16036605834961,6000,0.0,0.0
2023-09-06 00:00:00+08:00,48.59236029764288,50.02435515543097,47.73316192626953,47.73316192626953,15000,0.0,0.0
2023-09-07 00:00:00+08:00,48.5923599976636,50.31075308805075,47.924095006471035,48.115028381347656,13000,0.0,0.0
2023-09-08 00:00:00+08:00,49.54702124906411,49.54702124906411,48.21049132012265,48.01955795288086,4000,0.0,0.0
2023-09-11 00:00:00+08:00,49.83341962460979,50.119817855433475,47.35129312671862,47.8286247253418,24000,0.0,0.0
2023-09-12 00:00:00+08:00,48.305956042888646,48.305956042888646,47.92409295126269,48.21049118041992,4000,0.0,0.0
2023-09-13 00:00:00+08:00,49.83342242519359,49.83342242519359,48.305959038707,52.98381042480469,15000,0.0,0.0
2023-09-14 00:00:00+08:00,50.024354364262024,50.024354364262024,48.30595764869293,48.496891021728516,9000,0.0,0.0
2023-09-15 00:00:00+08:00,49.45155502726498,49.45155502726498,47.73316192626953,47.73316192626953,8000,0.0,0.0
2023-09-18 00:00:00+08:00,47.44676299364232,49.356089442949845,47.44676299364232,52.50647735595703,17000,0.0,0.0
2023-09-19 00:00:00+08:00,47.63769610437738,48.49689081677977,46.49209951275636,52.888343811035156,15000,0.0,0.0
2023-09-20 00:00:00+08:00,48.5923599976636,50.11981971317413,47.828626498157114,48.115028381347656,26000,0.0,0.0
2023-09-21 00:00:00+08:00,48.019559615598595,48.019559615598595,46.58756477432775,46.30116653442383,23000,0.0,0.0
2023-09-22 00:00:00+08:00,46.77849772491614,46.77849772491614,43.914508068288626,44.67823791503906,786000,0.0,0.0
2023-09-25 00:00:00+08:00,43.91450969210629,45.82383620045874,43.29397712019123,43.962242126464844,59000,0.0,0.0
2023-09-26 00:00:00+08:00,45.29877031803815,45.82383435837766,44.10544129828873,44.869171142578125,18000,0.0,0.0
2023-09-27 00:00:00+08:00,44.869170267201866,45.776101032867864,44.869170267201866,44.82143783569336,9000,0.0,0.0
2023-09-28 00:00:00+08:00,45.53743789315701,46.30116776715152,44.964637756347656,44.964637756347656,22000,0.0,0.0
2023-10-02 00:00:00+08:00,45.39423370361328,45.39423370361328,45.01237061478829,45.39423370361328,4000,0.0,0.0
2023-10-03 00:00:00+08:00,46.11023123264272,46.396629460571965,45.20330047607422,45.20330047607422,15000,0.0,0.0
2023-10-04 00:00:00+08:00,45.20330078867157,45.39423415586179,45.20330078867157,45.01237106323242,3000,0.0,0.0
2023-10-05 00:00:00+08:00,45.394236645403346,45.394236645403346,45.34650421142578,45.34650421142578,3000,0.0,0.0
2023-10-06 00:00:00+08:00,45.34650421142578,45.34650421142578,45.34650421142578,45.34650421142578,0,0.0,0.0
2023-10-11 00:00:00+08:00,46.11023304333569,46.11023304333569,43.055309994708125,45.48970413208008,21000,0.0,0.0
2023-10-12 00:00:00+08:00,43.962241071140554,45.10783767700195,43.962241071140554,45.10783767700195,2000,0.0,0.0
2023-10-13 00:00:00+08:00,45.1555706699178,47.494496343844304,45.1555706699178,49.54702377319336,9000,0.0,0.0
2023-10-16 00:00:00+08:00,45.87156575727134,46.73076408883253,45.44196659149075,46.014766693115234,20000,0.0,0.0
2023-10-17 00:00:00+08:00,45.728368743101136,45.728368743101136,45.63290023803711,45.63290023803711,15000,0.0,0.0
2023-10-18 00:00:00+08:00,45.58516855442778,46.30116596627743,44.869171142578125,44.869171142578125,19000,0.0,0.0
2023-10-19 00:00:00+08:00,45.06010465928987,45.06010465928987,44.67823791503906,44.67823791503906,10000,0.0,0.0
2023-10-20 00:00:00+08:00,44.67823791503906,44.67823791503906,44.67823791503906,44.67823791503906,0,0.0,0.0
2023-10-23 00:00:00+08:00,44.72597122192383,44.72597122192383,44.72597122192383,44.72597122192383,1000,0.0,0.0
2023-10-24 00:00:00+08:00,45.346502750477896,45.346502750477896,44.869171142578125,44.869171142578125,27000,0.0,0.0
2023-10-25 00:00:00+08:00,44.869171142578125,44.869171142578125,44.869171142578125,44.869171142578125,0,0.0,0.0
2023-10-26 00:00:00+08:00,46.539833068847656,46.539833068847656,46.539833068847656,46.539833068847656,1000,0.0,0.0
2023-10-27 00:00:00+08:00,45.87156589708593,45.87156589708593,45.82383346557617,45.82383346557617,2000,0.0,0.0
2023-10-30 00:00:00+08:00,45.823833087340745,47.58995853088158,45.823833087340745,50.40621566772461,5000,0.0,0.0
2023-10-31 00:00:00+08:00,47.25582991188681,47.25582991188681,46.110233306884766,46.110233306884766,3000,0.0,0.0
2023-11-01 00:00:00+08:00,46.30116653442383,46.30116653442383,46.30116653442383,46.30116653442383,11000,0.0,0.0
2023-11-02 00:00:00+08:00,46.30116653442383,46.30116653442383,46.30116653442383,46.30116653442383,0,0.0,0.0
2023-11-03 00:00:00+08:00,46.77849808880646,49.54702290178324,46.77849808880646,48.30595779418945,7000,0.0,0.0
2023-11-06 00:00:00+08:00,48.68782554511617,49.64248879109884,48.68782554511617,49.3560905456543,15000,0.0,0.0
2023-11-07 00:00:00+08:00,50.02435477468784,50.40621788214083,50.02435477468784,50.11981964111328,4000,0.0,0.0
2023-11-08 00:00:00+08:00,50.50168747855643,50.50168747855643,48.97422409057617,48.97422409057617,2000,0.0,0.0
2023-11-09 00:00:00+08:00,48.97422041271761,49.16515377709536,48.783287048339844,48.783287048339844,8000,0.0,0.0
2023-11-10 00:00:00+08:00,48.97422219780154,48.97422219780154,48.97422219780154,49.0696907043457,1000,0.0,0.0
2023-11-13 00:00:00+08:00,49.165157019255915,49.54702377319336,49.165157019255915,49.54702377319336,2000,0.0,0.0
2023-11-14 00:00:00+08:00,49.54702377319336,49.54702377319336,49.54702377319336,49.54702377319336,4000,0.0,0.0
2023-11-15 00:00:00+08:00,49.64248643133396,49.83341979980469,49.64248643133396,49.83341979980469,11000,0.0,0.0
2023-11-16 00:00:00+08:00,49.83342154686759,49.92888641357422,49.83342154686759,49.92888641357422,4000,0.0,0.0
2023-11-17 00:00:00+08:00,50.11981743927895,51.07448062859854,50.02435257704741,50.40621566772461,17000,0.0,0.0
2023-11-20 00:00:00+08:00,50.501686096191406,50.59715096206086,50.501686096191406,50.501686096191406,13000,0.0,0.0
2023-11-21 00:00:00+08:00,50.59715096206086,50.59715096206086,50.501686096191406,50.501686096191406,20000,0.0,0.0
2023-11-22 00:00:00+08:00,50.59715125674293,50.59715125674293,50.50168639031749,50.11981964111328,12000,0.0,0.0
2023-11-23 00:00:00+08:00,50.50168431117321,50.50168431117321,50.21528244018555,50.21528244018555,2000,0.0,0.0
2023-11-24 00:00:00+08:00,49.165157469292616,49.165157469292616,49.165157469292616,48.97422409057617,1000,0.0,0.0
2023-11-27 00:00:00+08:00,50.78808285891935,50.78808285891935,50.78808285891935,54.033935546875,1000,0.0,0.0
2023-11-28 00:00:00+08:00,49.928883665609426,50.9790153503418,49.928883665609426,50.9790153503418,2000,0.0,0.0
2023-11-29 00:00:00+08:00,50.501684171707204,50.501684171707204,50.40621566772461,50.40621566772461,3000,0.0,0.0
2023-11-30 00:00:00+08:00,48.783287048339844,48.783287048339844,48.783287048339844,48.783287048339844,3000,0.0,0.0
2023-12-01 00:00:00+08:00,49.54702098238761,50.59714903393874,49.54702098238761,50.40621566772461,4000,0.0,0.0
2023-12-04 00:00:00+08:00,50.88354726238441,52.50647541257794,50.501684171707204,50.40621566772461,38000,0.0,0.0
2023-12-05 00:00:00+08:00,51.45635016552438,51.742748409579455,51.45635016552438,51.551815032958984,19000,0.0,0.0
2023-12-06 00:00:00+08:00,51.551813283384156,51.551813283384156,51.45634841918945,51.45634841918945,36000,0.0,0.0
2023-12-07 00:00:00+08:00,51.45634899818908,51.45634899818908,51.45634899818908,50.6926155090332,29000,0.0,0.0
2023-12-08 00:00:00+08:00,50.4062185612978,51.5518151825946,50.4062185612978,51.36088180541992,3000,0.0,0.0
2023-12-11 00:00:00+08:00,51.45634962157679,51.551814488002236,49.64248802548363,50.11981964111328,26000,0.0,0.0
2023-12-12 00:00:00+08:00,51.265416097121076,51.93368108539943,50.21528436075475,50.310752868652344,14000,0.0,0.0
2023-12-13 00:00:00+08:00,50.310752868652344,50.310752868652344,50.310752868652344,50.310752868652344,0,0.0,0.0
2023-12-14 00:00:00+08:00,51.16994595227319,52.50647588607368,51.16994595227319,52.029144287109375,3000,0.0,0.0
2023-12-15 00:00:00+08:00,51.26541418246052,52.50647560476847,51.26541418246052,52.4110107421875,5000,0.0,0.0
2023-12-18 00:00:00+08:00,50.59715125674293,52.411012852836095,50.59715125674293,50.11981964111328,7000,0.0,0.0
2023-12-19 00:00:00+08:00,51.55181342678228,51.55181342678228,51.26541519165039,51.26541519165039,2000,0.0,0.0
2023-12-20 00:00:00+08:00,51.26541519165039,51.26541519165039,51.26541519165039,51.26541519165039,0,0.0,0.0
2023-12-21 00:00:00+08:00,51.07448196411133,51.07448196411133,51.07448196411133,51.07448196411133,2000,0.0,0.0
2023-12-22 00:00:00+08:00,50.979019291419796,50.979019291419796,50.692617401419206,45.967037200927734,5000,0.0,0.0
2023-12-25 00:00:00+08:00,50.50168624269634,51.551814337311455,50.50168624269634,50.310752868652344,2000,0.0,0.0
2023-12-26 00:00:00+08:00,50.40621841498742,51.551815032958984,50.40621841498742,51.551815032958984,2000,0.0,0.0
2023-12-27 00:00:00+08:00,50.59714889526367,51.55181208196676,50.59714889526367,50.59714889526367,3000,0.0,0.0
2023-12-28 00:00:00+08:00,50.50168462630027,50.50168462630027,50.50168462630027,50.02435302734375,1000,0.0,0.0
2023-12-29 00:00:00+08:00,50.024354922032074,51.456349773138896,50.024354922032074,49.92888641357422,9000,0.0,0.0
2024-01-02 00:00:00+08:00,50.59715193847248,51.36088180541992,50.59715193847248,51.36088180541992,2000,0.0,0.0
2024-01-03 00:00:00+08:00,50.69261597498912,50.69261597498912,50.310752868652344,50.310752868652344,5000,0.0,0.0
2024-01-04 00:00:00+08:00,50.59714889526367,50.59714889526367,50.59714889526367,50.59714889526367,2000,0.0,0.0
2024-01-05 00:00:00+08:00,51.45634899818908,51.45634899818908,50.6926155090332,50.6926155090332,3000,0.0,0.0
2024-01-08 00:00:00+08:00,51.45634885180971,52.029145325295985,50.78808387157494,50.883548736572266,12000,0.0,0.0
2024-01-09 00:00:00+08:00,50.88354768238332,50.88354768238332,50.88354768238332,45.82383346557617,3000,0.0,0.0
2024-01-10 00:00:00+08:00,51.74274826049805,51.74274826049805,51.74274826049805,51.74274826049805,1000,0.0,0.0
2024-01-11 00:00:00+08:00,52.50647708315164,52.50647708315164,49.928885661628506,50.6926155090332,22000,0.0,0.0
2024-01-12 00:00:00+08:00,52.0291436753183,52.0291436753183,50.59714889526367,50.59714889526367,25000,0.0,0.0
2024-01-15 00:00:00+08:00,50.59714889526367,50.59714889526367,50.59714889526367,50.59714889526367,8004,0.0,0.0
2024-01-16 00:00:00+08:00,50.31075066760295,51.360878716275934,49.73795057053047,50.59714889526367,38000,0.0,0.0
2024-01-17 00:00:00+08:00,49.45155220835357,50.979015487974195,49.45155220835357,50.788082122802734,5000,0.0,0.0
2024-01-18 00:00:00+08:00,50.979016814713674,51.838211517719394,50.406216704292056,51.45634841918945,7000,0.0,0.0
2024-01-19 00:00:00+08:00,49.73795341769141,51.551815032958984,49.73795341769141,51.551815032958984,6000,0.0,0.0
2024-01-22 00:00:00+08:00,49.9288839362213,52.0291436753183,49.9288839362213,50.59714889526367,61000,0.0,0.0
2024-01-23 00:00:00+08:00,50.215285184123125,51.36088180541992,50.215285184123125,51.36088180541992,8000,0.0,0.0
2024-01-24 00:00:00+08:00,50.788082260954496,50.788082260954496,50.59714889526367,50.59714889526367,6000,0.0,0.0
2024-01-25 00:00:00+08:00,50.5971503569701,51.07448196411133,50.40621698576338,51.07448196411133,9000,0.0,0.0
2024-01-26 00:00:00+08:00,50.310754284337264,51.07448416025245,50.310754284337264,45.967037200927734,6000,0.0,0.0
2024-01-29 00:00:00+08:00,51.36088034506122,51.36088034506122,50.69261536482645,50.883548736572266,9000,0.0,0.0
2024-01-30 00:00:00+08:00,50.59714903393874,50.59714903393874,50.11981743927895,50.40621566772461,10000,0.0,0.0
2024-01-31 00:00:00+08:00,51.16994857788086,51.16994857788086,51.16994857788086,51.16994857788086,1000,0.0,0.0
2024-02-01 00:00:00+08:00,50.40621712808331,50.883548736572266,50.40621712808331,50.883548736572266,4000,0.0,0.0
2024-02-02 00:00:00+08:00,51.07448257491048,51.07448257491048,50.501686096191406,50.501686096191406,2000,0.0,0.0
2024-02-05 00:00:00+08:00,50.97901709938354,51.07448196411133,50.97901709938354,51.07448196411133,3000,0.0,0.0
2024-02-15 00:00:00+08:00,51.551814661616774,54.033937614549686,51.551814661616774,53.938472747802734,39000,0.0,0.0
2024-02-16 00:00:00+08:00,53.938472600617686,54.1294059753418,52.41101288632723,54.1294059753418,16000,0.0,0.0
2024-02-19 00:00:00+08:00,53.74753952026367,54.32033964757318,53.46114127748454,53.74753952026367,4000,0.0,0.0
2024-02-20 00:00:00+08:00,53.7475396690229,53.7475396690229,53.55660629272461,53.55660629272461,6000,0.0,0.0
2024-02-21 00:00:00+08:00,53.079273541512684,53.079273541512684,52.888343811035156,52.888343811035156,2000,0.0,0.0
2024-02-22 00:00:00+08:00,53.27020602823525,53.36567453363822,52.8883429318767,47.6376953125,4000,0.0,0.0
2024-02-23 00:00:00+08:00,52.98381042480469,52.98381042480469,52.98381042480469,52.98381042480469,1000,0.0,0.0
2024-02-26 00:00:00+08:00,52.22008055243704,52.98381042480469,52.22008055243704,52.98381042480469,6000,0.0,0.0
2024-02-27 00:00:00+08:00,51.55181441958401,52.60194251587506,51.55181441958401,52.124610900878906,9000,0.0,0.0
2024-02-29 00:00:00+08:00,51.26541715597055,54.98860163884752,51.26541715597055,53.17474365234375,7000,0.0,0.0
2024-03-01 00:00:00+08:00,53.461141130565544,54.606737740285055,53.461141130565544,53.938472747802734,21000,0.0,0.0
2024-03-04 00:00:00+08:00,53.84300567511396,53.84300567511396,53.365674077432985,52.22007751464844,4000,0.0,0.0
2024-03-05 00:00:00+08:00,52.60194266131655,53.93847264370169,52.60194266131655,48.115028381347656,5000,0.0,0.0
2024-03-06 00:00:00+08:00,52.792876862666574,54.415805111897996,52.792876862666574,57.184329986572266,23000,0.0,0.0
2024-03-07 00:00:00+08:00,54.70220360156172,54.893136980278165,54.22487197564626,48.97422409057617,8000,0.0,0.0
2024-03-08 00:00:00+08:00,53.17474044362308,56.3251282441849,53.17474044362308,54.60673522949219,29000,0.0,0.0
2024-03-11 00:00:00+08:00,52.79287512295697,55.084068298339844,52.79287512295697,55.084068298339844,2000,0.0,0.0
2024-03-12 00:00:00+08:00,53.55660510802864,54.988599935962576,53.55660510802864,54.89313507080078,9000,0.0,0.0
2024-03-13 00:00:00+08:00,54.89313507080078,54.89313507080078,54.89313507080078,54.89313507080078,0,0.0,0.0
2024-03-14 00:00:00+08:00,53.174743407288496,55.37046813964844,52.506478408287315,55.37046813964844,66000,0.0,0.0
2024-03-15 00:00:00+08:00,53.93847013098766,54.893133319146735,53.93847013098766,54.79766845703125,10000,0.0,0.0
2024-03-18 00:00:00+08:00,54.79766845703125,54.79766845703125,54.79766845703125,54.79766845703125,0,0.0,0.0
2024-03-19 00:00:00+08:00,53.4611399632814,54.89313478372643,53.27020659220516,55.275001525878906,5000,0.0,0.0
2024-03-20 00:00:00+08:00,55.275001525878906,55.275001525878906,55.275001525878906,55.275001525878906,0,0.0,0.0
2024-03-21 00:00:00+08:00,54.22486894695752,56.22966384887695,54.22486894695752,56.22966384887695,54000,0.0,0.0
2024-03-22 00:00:00+08:00,57.279794531894744,58.23445777409299,56.3251312896965,57.37525939941406,41000,0.0,0.0
2024-03-25 00:00:00+08:00,57.37525939941406,57.37525939941406,57.37525939941406,57.37525939941406,0,0.0,0.0
2024-03-26 00:00:00+08:00,57.37525939941406,57.37525939941406,57.37525939941406,57.37525939941406,0,0.0,0.0
2024-03-27 00:00:00+08:00,60.52565124731055,60.52565124731055,58.425391377961205,59.18912124633789,32000,0.0,0.0
2024-03-28 00:00:00+08:00,58.807253588872435,60.525650318540144,58.807253588872435,60.14378356933594,31000,0.0,0.0
2024-03-29 00:00:00+08:00,60.14378418937624,60.14378418937624,59.18912094827503,59.570987701416016,9000,0.0,0.0
2024-04-01 00:00:00+08:00,59.85738299658002,61.09844442052165,59.284582895086984,60.62111282348633,59000,0.0,0.0
2024-04-02 00:00:00+08:00,60.14378342273829,60.43018166306775,60.04831855654554,60.334716796875,22000,0.0,0.0
2024-04-03 00:00:00+08:00,60.430178170522886,62.24403601561224,60.430178170522886,66.34909057617188,56000,0.0,0.0
2024-04-08 00:00:00+08:00,62.9123090957181,66.54002504471016,62.81684422823193,65.3944320678711,106000,0.0,0.0
2024-04-09 00:00:00+08:00,65.3944320678711,66.54002504471016,65.20350233289876,65.3944320678711,81000,0.0,0.0
2024-04-10 00:00:00+08:00,65.58536324446237,66.73096352998517,64.91710187386775,65.87176513671875,148000,0.0,0.0
2024-04-11 00:00:00+08:00,66.6354950657848,69.69041442871094,65.87176158330212,69.69041442871094,145000,0.0,0.0
2024-04-12 00:00:00+08:00,71.59973791727133,76.27758891790012,71.21787119167882,72.74533081054688,130000,0.0,0.0
2024-04-15 00:00:00+08:00,75.22746451719247,75.32292938232422,73.69999754107504,75.32292938232422,57000,0.0,0.0
2024-04-16 00:00:00+08:00,74.65465810521685,74.75013025045665,73.79546706607535,73.98639678955078,69000,0.0,0.0
2024-04-17 00:00:00+08:00,74.17732627399236,77.23225282426938,74.17732627399236,76.37305450439453,78000,0.0,0.0
2024-04-18 00:00:00+08:00,76.37305569505057,77.23225402832031,76.37305569505057,77.23225402832031,60000,0.0,0.0
2024-04-19 00:00:00+08:00,76.3730571405086,78.18691870429615,74.94106231912407,77.70958709716797,131000,0.0,0.0
2024-04-22 00:00:00+08:00,78.75971167850521,80.19170643629622,78.75971167850521,79.52344512939453,173000,0.0,0.0
2024-04-23 00:00:00+08:00,80.6690430414109,80.6690430414109,79.52345007730072,80.19171142578125,56000,0.0,0.0
2024-04-24 00:00:00+08:00,80.38264115863214,81.05090979061511,80.0962465593558,80.19171142578125,41000,0.0,0.0
2024-04-25 00:00:00+08:00,79.7143771693782,79.7143771693782,78.28238236992829,78.85517883300781,48000,0.0,0.0
2024-04-26 00:00:00+08:00,78.75971694665452,78.75971694665452,75.80026237263223,77.8050537109375,132000,0.0,0.0
2024-04-29 00:00:00+08:00,76.94585045813494,80.00077698862663,76.94585045813494,79.1415786743164,54000,0.0,0.0
2024-04-30 00:00:00+08:00,79.61891679126249,80.19171328660919,78.18692191114448,78.28238677978516,49000,0.0,0.0
2024-05-02 00:00:00+08:00,78.28238209184394,80.00077875848041,78.18691722892017,79.23704528808594,87000,0.0,0.0
2024-05-03 00:00:00+08:00,79.61891202328317,81.05090681764617,78.8551785528887,79.23704528808594,55000,0.0,0.0
2024-05-06 00:00:00+08:00,79.42797676688612,80.00078052407467,79.23704703682482,79.33251190185547,56000,0.0,0.0
2024-05-07 00:00:00+08:00,79.42798039137841,79.42798039137841,77.32772413085502,77.5186538696289,40000,0.0,0.0
2024-05-08 00:00:00+08:00,77.70958562641438,79.33251014653334,77.13678916540194,77.23225402832031,23000,0.0,0.0
2024-05-09 00:00:00+08:00,77.61412498176703,77.80505471798068,73.6045349697573,74.6546630859375,119000,0.0,0.0
2024-05-10 00:00:00+08:00,74.75013610470813,74.75013610470813,69.49948817939281,69.88134765625,144000,0.0,0.0
2024-05-13 00:00:00+08:00,69.3085445302176,71.79066730996331,65.87175858260801,71.12240600585938,149000,0.0,0.0
2024-05-14 00:00:00+08:00,69.78587611414954,73.50906392551909,69.78587611414954,71.12240600585938,59000,0.0,0.0
2024-05-15 00:00:00+08:00,72.55440521240234,72.55440521240234,71.98160873321544,72.55440521240234,18000,0.0,0.0
2024-05-16 00:00:00+08:00,72.55440228442482,75.0365251164021,72.45893742232995,73.60453033447266,30000,0.0,0.0
2024-05-17 00:00:00+08:00,73.60453324644622,75.60932456376142,73.60453324644622,74.55919647216797,14000,0.0,0.0
2024-05-20 00:00:00+08:00,74.65466227857846,74.65466227857846,73.79547119140625,73.79547119140625,39000,0.0,0.0
2024-05-21 00:00:00+08:00,73.60453271811797,73.89093459717967,72.84080651312398,73.3181381225586,33000,0.0,0.0
2024-05-22 00:00:00+08:00,73.12720110868334,73.50906785293151,73.03173624349688,73.3181381225586,16000,0.0,0.0
2024-05-23 00:00:00+08:00,73.31813426946593,73.31813426946593,71.98160437658727,73.127197265625,32000,0.0,0.0
2024-05-24 00:00:00+08:00,71.59974370848133,73.12720345089508,71.59974370848133,72.64987182617188,7000,0.0,0.0
2024-05-27 00:00:00+08:00,71.88614589652465,72.64987212916544,71.79067374437977,72.26800537109375,24000,0.0,0.0
2024-05-28 00:00:00+08:00,70.07228310748427,73.22266742195481,70.07228310748427,73.79547119140625,23000,0.0,0.0
2024-05-29 00:00:00+08:00,70.26321031729458,72.55440346227746,70.26321031729458,72.45893859863281,15000,0.0,0.0
2024-05-30 00:00:00+08:00,71.40881522041892,75.6093277646178,71.40881522041892,71.50428009033203,9000,0.0,0.0
2024-05-31 00:00:00+08:00,71.3133412346898,73.79547148967168,71.3133412346898,73.41360473632812,28000,0.0,0.0
2024-06-03 00:00:00+08:00,72.26799895709571,74.36826229833417,71.69520251257686,73.127197265625,21000,0.0,0.0
2024-06-04 00:00:00+08:00,74.36826379823587,74.65465838452049,73.50906547237778,73.60453033447266,30000,0.0,0.0
2024-06-05 00:00:00+08:00,74.84559929622976,74.94106416330418,73.60453417375494,73.79547119140625,27000,0.0,0.0
2024-06-06 00:00:00+08:00,74.27279979139995,74.27279979139995,73.79546819192694,66.4445571899414,13000,0.0,0.0
2024-06-07 00:00:00+08:00,74.36826851151224,74.94106500388602,74.36826851151224,80.6690444946289,9000,0.0,0.0
2024-06-11 00:00:00+08:00,74.17733210781317,76.37306051090268,74.17733210781317,74.2728042602539,24000,0.0,0.0
2024-06-12 00:00:00+08:00,74.27280216683964,74.4637318993344,73.60453353610313,74.17733001708984,6000,0.0,0.0
2024-06-13 00:00:00+08:00,75.60932730364338,75.60932730364338,73.89093780517578,73.89093780517578,11000,0.0,0.0
2024-06-14 00:00:00+08:00,75.80025829657566,75.80025829657566,73.98639678955078,73.98639678955078,2000,0.0,0.0
2024-06-17 00:00:00+08:00,71.40881168482011,75.80026103491815,71.40881168482011,73.3181381225586,35000,0.0,0.0
2024-06-18 00:00:00+08:00,73.41360176813852,73.89093336964332,71.98160696362412,66.06269073486328,23000,0.0,0.0
2024-06-19 00:00:00+08:00,74.08186192844914,74.08186192844914,73.60453033447266,73.60453033447266,9000,0.0,0.0
2024-06-20 00:00:00+08:00,75.51385850516442,75.60932336952827,72.55440400887144,73.69999694824219,15000,0.0,0.0
2024-06-21 00:00:00+08:00,72.45893976887581,74.65466080217365,72.45893976887581,73.3181381225586,19000,0.0,0.0
2024-06-24 00:00:00+08:00,72.74533290693499,74.36826471659761,72.74533290693499,72.84080505371094,9000,0.0,0.0
2024-06-25 00:00:00+08:00,73.2226662641753,73.2226662641753,72.84080680191553,72.93627166748047,11000,0.0,0.0
2024-06-26 00:00:00+08:00,73.69999924987036,75.41839599609375,73.03173789495155,75.41839599609375,31000,0.0,0.0
2024-06-27 00:00:00+08:00,73.89093396047215,75.8957252461221,73.69999694824219,73.69999694824219,68000,0.0,0.0
2024-06-28 00:00:00+08:00,74.0,79.0,74.0,75.30000305175781,24000,3.5,0.0
2024-07-01 00:00:00+08:00,76.0,76.5,76.0,76.0,16000,0.0,0.0
2024-07-02 00:00:00+08:00,78.0,78.0,73.69999694824219,68.4000015258789,25000,0.0,0.0
2024-07-03 00:00:00+08:00,75.19999694824219,76.80000305175781,75.19999694824219,75.4000015258789,50000,0.0,0.0
2024-07-04 00:00:00+08:00,76.9000015258789,77.0999984741211,75.5,76.0999984741211,55000,0.0,0.0
2024-07-05 00:00:00+08:00,75.9000015258789,77.9000015258789,75.9000015258789,83.69999694824219,13000,0.0,0.0
2024-07-08 00:00:00+08:00,79.9000015258789,79.9000015258789,76.5999984741211,85.0999984741211,17000,0.0,0.0
2024-07-09 00:00:00+08:00,77.0,77.80000305175781,76.9000015258789,76.9000015258789,11000,0.0,0.0
2024-07-10 00:00:00+08:00,77.4000015258789,77.9000015258789,76.9000015258789,77.4000015258789,34000,0.0,0.0
2024-07-11 00:00:00+08:00,79.9000015258789,79.9000015258789,76.80000305175781,77.19999694824219,20000,0.0,0.0
2024-07-12 00:00:00+08:00,77.0999984741211,79.69999694824219,77.0999984741211,77.5,10000,0.0,0.0
2024-07-15 00:00:00+08:00,76.4000015258789,78.69999694824219,76.4000015258789,78.0,34000,0.0,0.0
2024-07-16 00:00:00+08:00,78.0999984741211,79.19999694824219,78.0999984741211,78.5,34000,0.0,0.0
2024-07-17 00:00:00+08:00,78.69999694824219,84.0,78.69999694824219,82.4000015258789,98000,0.0,0.0
2024-07-18 00:00:00+08:00,83.0,85.69999694824219,82.9000015258789,84.0,61000,0.0,0.0
2024-07-19 00:00:00+08:00,84.0,86.69999694824219,84.0,86.0,98000,0.0,0.0
2024-07-22 00:00:00+08:00,90.0,90.80000305175781,84.30000305175781,86.5999984741211,89000,0.0,0.0
2024-07-23 00:00:00+08:00,88.5,92.0999984741211,86.80000305175781,91.80000305175781,83000,0.0,0.0
2024-07-26 00:00:00+08:00,90.80000305175781,100.5,90.0,100.5,199000,0.0,0.0
2024-07-29 00:00:00+08:00,100.0,110.5,100.0,110.0,458000,0.0,0.0
2024-07-30 00:00:00+08:00,110.0,113.0,101.5,110.0,351000,0.0,0.0
2024-07-31 00:00:00+08:00,108.0,108.0,104.5,107.0,166000,0.0,0.0
2024-08-01 00:00:00+08:00,107.0,108.5,105.5,108.5,146000,0.0,0.0
2024-08-02 00:00:00+08:00,109.0,111.0,104.0,105.5,197000,0.0,0.0
2024-08-05 00:00:00+08:00,105.5,105.5,95.0,95.0,150000,0.0,0.0
2024-08-06 00:00:00+08:00,101.5,101.5,85.5,89.5,87000,0.0,0.0
2024-08-07 00:00:00+08:00,94.19999694824219,94.19999694824219,89.5,92.5,53000,0.0,0.0
2024-08-08 00:00:00+08:00,90.5,93.80000305175781,90.5,93.80000305175781,11000,0.0,0.0
2024-08-09 00:00:00+08:00,95.9000015258789,101.0,93.9000015258789,98.9000015258789,87000,0.0,0.0
2024-08-12 00:00:00+08:00,99.0999984741211,105.0,99.0999984741211,100.5,40000,0.0,0.0
2024-08-13 00:00:00+08:00,101.0,107.0,101.0,104.0,29000,0.0,0.0
2024-08-14 00:00:00+08:00,105.5,109.0,105.5,107.5,48000,0.0,0.0
2024-08-15 00:00:00+08:00,106.5,117.5,106.5,114.0,260000,0.0,0.0
2024-08-16 00:00:00+08:00,116.0,119.5,113.5,113.5,88000,0.0,0.0
2024-08-19 00:00:00+08:00,113.0,114.0,109.5,110.0,59000,0.0,0.0
2024-08-20 00:00:00+08:00,108.5,108.5,101.0,102.5,116000,0.0,0.0
2024-08-21 00:00:00+08:00,99.0,101.5,97.0999984741211,99.4000015258789,55000,0.0,0.0
2024-08-22 00:00:00+08:00,98.80000305175781,98.80000305175781,92.0,94.0,135000,0.0,0.0
2024-08-23 00:00:00+08:00,93.19999694824219,99.5,93.19999694824219,97.5,78000,0.0,0.0
2024-08-26 00:00:00+08:00,99.80000305175781,99.80000305175781,94.5,95.80000305175781,31000,0.0,0.0
2024-08-27 00:00:00+08:00,95.0,97.30000305175781,92.0999984741211,92.5999984741211,66000,0.0,0.0
2024-08-28 00:00:00+08:00,93.0999984741211,98.9000015258789,93.0999984741211,95.30000305175781,101000,0.0,0.0
2024-08-29 00:00:00+08:00,96.5,98.80000305175781,93.80000305175781,97.0,33000,0.0,0.0
2024-08-30 00:00:00+08:00,94.19999694824219,96.0,94.19999694824219,95.0999984741211,42000,0.0,0.0
2024-09-02 00:00:00+08:00,96.0,98.9000015258789,94.0,94.0,19000,0.0,0.0
2024-09-03 00:00:00+08:00,97.19999694824219,97.19999694824219,93.5,93.5,23000,0.0,0.0
2024-09-04 00:00:00+08:00,91.30000305175781,95.0999984741211,91.0,92.19999694824219,30000,0.0,0.0
2024-09-05 00:00:00+08:00,94.9000015258789,97.5,91.19999694824219,93.5999984741211,25000,0.0,0.0
2024-09-06 00:00:00+08:00,92.80000305175781,94.0999984741211,91.30000305175781,91.30000305175781,27000,0.0,0.0
2024-09-09 00:00:00+08:00,93.69999694824219,93.69999694824219,88.4000015258789,89.5999984741211,27000,0.0,0.0
2024-09-10 00:00:00+08:00,92.0,94.30000305175781,87.19999694824219,87.19999694824219,81000,0.0,0.0
2024-09-11 00:00:00+08:00,86.0,86.30000305175781,85.0,86.19999694824219,22000,0.0,0.0
2024-09-12 00:00:00+08:00,86.19999694824219,88.4000015258789,84.69999694824219,93.0999984741211,47000,0.0,0.0
2024-09-13 00:00:00+08:00,88.4000015258789,90.0999984741211,88.4000015258789,90.0999984741211,2000,0.0,0.0
2024-09-16 00:00:00+08:00,90.19999694824219,90.5,86.4000015258789,93.9000015258789,6000,0.0,0.0
2024-09-18 00:00:00+08:00,89.0,89.0,85.80000305175781,86.69999694824219,57000,0.0,0.0
2024-09-19 00:00:00+08:00,85.5,89.9000015258789,85.4000015258789,87.80000305175781,20000,0.0,0.0
2024-09-20 00:00:00+08:00,83.80000305175781,87.69999694824219,80.5,81.0999984741211,52000,0.0,0.0
2024-09-23 00:00:00+08:00,76.69999694824219,80.9000015258789,74.5999984741211,75.5,116000,0.0,0.0
2024-09-24 00:00:00+08:00,77.0,77.5,75.0,83.0,20000,0.0,0.0
2024-09-25 00:00:00+08:00,79.4000015258789,79.4000015258789,76.19999694824219,84.0999984741211,21000,0.0,0.0
2024-09-26 00:00:00+08:00,77.9000015258789,80.0,75.5999984741211,75.80000305175781,60000,0.0,0.0
2024-09-27 00:00:00+08:00,77.0,78.9000015258789,75.9000015258789,78.0999984741211,53000,0.0,0.0
